"birdID","tagID","datetimeGMT","latitude","longitude","sex"
"6018401",371833,2025-05-14 10:39:02,43.3579216003418,-8.84187698364258,"Male"
"6018401",371833,2025-05-14 10:49:02,43.3579444885254,-8.84267330169678,"Male"
"6018401",371833,2025-05-14 10:54:02,43.3528099060059,-8.8410120010376,"Male"
"6018401",371833,2025-05-14 10:58:14,43.3528442382812,-8.8401575088501,"Male"
"6018401",371833,2025-05-14 11:02:48,43.3538475036621,-8.8347635269165,"Male"
"6018401",371833,2025-05-14 11:07:43,43.3538818359375,-8.83473491668701,"Male"
"6018401",371833,2025-05-14 11:12:50,43.3538932800293,-8.83503913879395,"Male"
"6018401",371833,2025-05-14 11:18:06,43.353874206543,-8.83505153656006,"Male"
"6018401",371833,2025-05-14 11:22:41,43.3539237976074,-8.83507347106934,"Male"
"6018401",371833,2025-05-14 11:27:49,43.3539237976074,-8.83506870269775,"Male"
"6018401",371833,2025-05-14 11:32:53,43.3541297912598,-8.83519744873047,"Male"
"6018401",371833,2025-05-14 11:37:48,43.354118347168,-8.83531475067139,"Male"
"6018401",371833,2025-05-14 11:42:43,43.353702545166,-8.83639144897461,"Male"
"6018401",371833,2025-05-14 11:49:02,43.3539199829102,-8.83510780334473,"Male"
"6018401",371833,2025-05-14 11:52:42,43.3541641235352,-8.83517646789551,"Male"
"6018401",371833,2025-05-14 11:57:49,43.3540725708008,-8.83515357971191,"Male"
"6018401",371833,2025-05-14 12:02:39,43.3539848327637,-8.83527088165283,"Male"
"6018401",371833,2025-05-14 12:07:44,43.3539276123047,-8.83518028259277,"Male"
"6018401",371833,2025-05-14 12:12:41,43.3541641235352,-8.83552837371826,"Male"
"6018401",371833,2025-05-14 12:17:43,43.3539886474609,-8.83533668518066,"Male"
"6018401",371833,2025-05-14 12:22:47,43.3540077209473,-8.83504199981689,"Male"
"6018401",371833,2025-05-14 12:27:47,43.3543548583984,-8.83513450622559,"Male"
"6018401",371833,2025-05-14 12:32:47,43.3541450500488,-8.83503532409668,"Male"
"6018401",371833,2025-05-14 12:37:42,43.354118347168,-8.83518218994141,"Male"
"6018401",371833,2025-05-14 12:42:49,43.3541259765625,-8.83515167236328,"Male"
"6018401",371833,2025-05-14 12:47:59,43.354133605957,-8.83517646789551,"Male"
"6018401",371833,2025-05-14 12:52:57,43.3541564941406,-8.83526134490967,"Male"
"6018401",371833,2025-05-14 12:57:53,43.3541374206543,-8.83524417877197,"Male"
"6018401",371833,2025-05-14 13:02:50,43.3557243347168,-8.8353157043457,"Male"
"6018401",371833,2025-05-14 13:07:51,43.3564682006836,-8.83446788787842,"Male"
"6018401",371833,2025-05-14 13:13:10,43.3564033508301,-8.83435726165771,"Male"
"6018401",371833,2025-05-14 13:17:40,43.356372833252,-8.83432483673096,"Male"
"6018401",371833,2025-05-14 13:22:39,43.3571357727051,-8.83492469787598,"Male"
"6018401",371833,2025-05-14 13:27:40,43.3377914428711,-8.84323120117188,"Male"
"6018401",371833,2025-05-14 13:32:41,43.3144302368164,-8.85622978210449,"Male"
"6018401",371833,2025-05-14 13:37:42,43.3143997192383,-8.85652256011963,"Male"
"6018401",371833,2025-05-14 13:42:46,43.3146209716797,-8.85699367523193,"Male"
"6018401",371833,2025-05-14 13:47:42,43.3146362304688,-8.85662841796875,"Male"
"6018401",371833,2025-05-14 13:52:49,43.3147087097168,-8.85712432861328,"Male"
"6018401",371833,2025-05-14 13:57:41,43.3146820068359,-8.85693836212158,"Male"
"6018401",371833,2025-05-14 14:02:49,43.3147506713867,-8.85710430145264,"Male"
"6018401",371833,2025-05-14 14:07:48,43.3144340515137,-8.85693836212158,"Male"
"6018401",371833,2025-05-14 14:13:05,43.3142051696777,-8.85701084136963,"Male"
"6018401",371833,2025-05-14 14:18:05,43.314281463623,-8.8567590713501,"Male"
"6018401",371833,2025-05-14 14:22:38,43.3146057128906,-8.85696983337402,"Male"
"6018401",371833,2025-05-14 14:27:42,43.3146133422852,-8.857008934021,"Male"
"6018401",371833,2025-05-14 14:32:38,43.3346481323242,-8.84381580352783,"Male"
"6018401",371833,2025-05-14 14:37:39,43.3575477600098,-8.84393310546875,"Male"
"6018401",371833,2025-05-14 14:42:41,43.3576812744141,-8.84399318695068,"Male"
"6018401",371833,2025-05-14 14:47:41,43.3576774597168,-8.84397220611572,"Male"
"6018401",371833,2025-05-14 14:52:40,43.3576965332031,-8.84396171569824,"Male"
"6018401",371833,2025-05-14 14:57:44,43.3576583862305,-8.84395122528076,"Male"
"6018401",371833,2025-05-14 15:02:39,43.3575744628906,-8.84398555755615,"Male"
"6018401",371833,2025-05-14 15:07:39,43.3582344055176,-8.84477424621582,"Male"
"6018401",371833,2025-05-14 15:12:40,43.3571662902832,-8.84397506713867,"Male"
"6018401",371833,2025-05-14 15:17:39,43.357250213623,-8.84370613098145,"Male"
"6018401",371833,2025-05-14 15:22:41,43.3576736450195,-8.84396743774414,"Male"
"6018401",371833,2025-05-14 15:27:39,43.3577003479004,-8.84390449523926,"Male"
"6018401",371833,2025-05-14 15:32:39,43.3577117919922,-8.84397029876709,"Male"
"6018401",371833,2025-05-14 15:37:41,43.3578948974609,-8.84402179718018,"Male"
"6018401",371833,2025-05-14 15:42:40,43.3570556640625,-8.84453678131104,"Male"
"6018401",371833,2025-05-14 15:47:50,43.3575744628906,-8.84398651123047,"Male"
"6018401",371833,2025-05-14 15:52:42,43.3575325012207,-8.84395790100098,"Male"
"6018401",371833,2025-05-14 15:57:42,43.3575401306152,-8.84399890899658,"Male"
"6018401",371833,2025-05-14 16:02:44,43.3575859069824,-8.84400844573975,"Male"
"6018401",371833,2025-05-14 16:07:40,43.3574905395508,-8.84396839141846,"Male"
"6018401",371833,2025-05-14 16:12:41,43.3575592041016,-8.8439359664917,"Male"
"6018401",371833,2025-05-14 16:17:42,43.357593536377,-8.84393787384033,"Male"
"6018401",371833,2025-05-14 16:22:39,43.3576164245605,-8.84395027160645,"Male"
"6018401",371833,2025-05-14 16:27:55,43.3577041625977,-8.84395885467529,"Male"
"6018401",371833,2025-05-14 16:32:42,43.357494354248,-8.84401988983154,"Male"
"6018401",371833,2025-05-14 16:37:42,43.357593536377,-8.84400844573975,"Male"
"6018401",371833,2025-05-14 16:42:42,43.3575668334961,-8.84415245056152,"Male"
"6018401",371833,2025-05-14 16:47:43,43.3576126098633,-8.84420776367188,"Male"
"6018401",371833,2025-05-14 16:52:50,43.3576431274414,-8.84442234039307,"Male"
"6018401",371833,2025-05-14 16:57:57,43.3576049804688,-8.84458160400391,"Male"
"6018401",371833,2025-05-14 17:02:53,43.3576354980469,-8.84438896179199,"Male"
"6018401",371833,2025-05-14 17:07:53,43.3576469421387,-8.84439182281494,"Male"
"6018401",371833,2025-05-14 17:12:49,43.3576393127441,-8.84568786621094,"Male"
"6018401",371833,2025-05-14 17:18:29,43.3565559387207,-8.84392356872559,"Male"
"6018401",371833,2025-05-14 17:22:38,43.3565673828125,-8.84417724609375,"Male"
"6018401",371833,2025-05-14 17:27:44,43.357349395752,-8.84415912628174,"Male"
"6018401",371833,2025-05-14 17:32:38,43.3566207885742,-8.84442901611328,"Male"
"6018401",371833,2025-05-14 17:37:40,43.3575325012207,-8.84403800964355,"Male"
"6018401",371833,2025-05-14 17:42:39,43.3586578369141,-8.84539699554443,"Male"
"6018401",371833,2025-05-14 17:47:41,43.3564682006836,-8.8445463180542,"Male"
"6018401",371833,2025-05-14 17:52:38,43.3567390441895,-8.8436918258667,"Male"
"6018401",371833,2025-05-14 17:57:40,43.3565216064453,-8.84326076507568,"Male"
"6018401",371833,2025-05-14 18:02:40,43.3563423156738,-8.8430757522583,"Male"
"6018401",371833,2025-05-14 18:07:40,43.3566589355469,-8.84328842163086,"Male"
"6018401",371833,2025-05-14 18:12:47,43.3558006286621,-8.84358501434326,"Male"
"6018401",371833,2025-05-14 18:17:42,43.3555030822754,-8.84382438659668,"Male"
"6018401",371833,2025-05-14 18:22:52,43.3558692932129,-8.84406852722168,"Male"
"6018401",371833,2025-05-14 18:27:43,43.3558921813965,-8.84384346008301,"Male"
"6018401",371833,2025-05-14 18:32:51,43.3580856323242,-8.84453773498535,"Male"
"6018401",371833,2025-05-14 18:37:43,43.3578796386719,-8.8444881439209,"Male"
"6018401",371833,2025-05-14 18:42:42,43.3578720092773,-8.84439754486084,"Male"
"6018401",371833,2025-05-14 18:47:44,43.3581237792969,-8.84458923339844,"Male"
"6018401",371833,2025-05-14 18:52:43,43.3579177856445,-8.84447193145752,"Male"
"6018401",371833,2025-05-14 18:58:05,43.3576889038086,-8.84397983551025,"Male"
"6018401",371833,2025-05-14 19:02:38,43.3579597473145,-8.84428405761719,"Male"
"6018401",371833,2025-05-14 19:07:39,43.3580131530762,-8.84430694580078,"Male"
"6018401",371833,2025-05-14 19:12:40,43.3581047058105,-8.84422302246094,"Male"
"6018401",371833,2025-05-14 19:17:41,43.3581199645996,-8.84475612640381,"Male"
"6018401",371833,2025-05-14 19:22:51,43.3578872680664,-8.84382820129395,"Male"
"6018401",371833,2025-05-14 19:27:46,43.3570938110352,-8.8450403213501,"Male"
"6018401",371833,2025-05-14 19:33:05,43.3576126098633,-8.84414100646973,"Male"
"6018401",371833,2025-05-14 19:37:49,43.357551574707,-8.84410953521729,"Male"
"6018401",371833,2025-05-14 19:42:49,43.3575057983398,-8.84407424926758,"Male"
"6018401",371833,2025-05-14 19:47:39,43.3575782775879,-8.84411430358887,"Male"
"6018401",371833,2025-05-14 19:52:42,43.3576011657715,-8.84412860870361,"Male"
"6018401",371833,2025-05-14 19:57:38,43.3565216064453,-8.84249114990234,"Male"
"6018401",371833,2025-05-14 20:02:41,43.3576240539551,-8.84402179718018,"Male"
"6018401",371833,2025-05-14 20:07:38,43.3576011657715,-8.8440990447998,"Male"
"6018401",371833,2025-05-14 20:12:37,43.357608795166,-8.84412860870361,"Male"
"6018401",371833,2025-05-14 20:18:05,43.3574371337891,-8.84391689300537,"Male"
"6018401",371833,2025-05-14 20:22:38,43.3575286865234,-8.8440055847168,"Male"
"6018401",371833,2025-05-14 20:27:39,43.3575134277344,-8.84380340576172,"Male"
"6018401",371833,2025-05-14 20:32:38,43.3575325012207,-8.84392833709717,"Male"
"6018401",371833,2025-05-14 20:37:38,43.3575668334961,-8.84395885467529,"Male"
"6018401",371833,2025-05-14 20:43:05,43.3575248718262,-8.84396362304688,"Male"
"6018401",371833,2025-05-14 20:48:03,43.3574562072754,-8.84395694732666,"Male"
"6018401",371833,2025-05-14 20:53:02,43.357536315918,-8.84397602081299,"Male"
"6018401",371833,2025-05-14 20:58:02,43.3574981689453,-8.84392070770264,"Male"
"6018401",371833,2025-05-14 21:03:02,43.3575553894043,-8.84406757354736,"Male"
"6018401",371833,2025-05-14 21:08:02,43.3577003479004,-8.8440465927124,"Male"
"6018401",371833,2025-05-14 21:13:02,43.3575973510742,-8.84409427642822,"Male"
"6018401",371833,2025-05-14 21:18:02,43.3576316833496,-8.84409236907959,"Male"
"6018401",371833,2025-05-14 21:23:02,43.3576469421387,-8.84402275085449,"Male"
"6018401",371833,2025-05-14 21:28:03,43.3575897216797,-8.84412956237793,"Male"
"6018401",371833,2025-05-14 21:33:03,43.357608795166,-8.84411334991455,"Male"
"6018401",371833,2025-05-14 21:38:02,43.3575019836426,-8.8440055847168,"Male"
"6018401",371833,2025-05-14 21:43:01,43.3575782775879,-8.84410667419434,"Male"
"6018401",371833,2025-05-14 21:48:02,43.3575286865234,-8.84407711029053,"Male"
"6018401",371833,2025-05-14 21:53:02,43.3575248718262,-8.84407711029053,"Male"
"6018401",371833,2025-05-14 21:58:02,43.3574981689453,-8.84402275085449,"Male"
"6018401",371833,2025-05-14 22:03:03,43.3575057983398,-8.84407901763916,"Male"
"6018401",371833,2025-05-14 22:08:02,43.3575019836426,-8.8440055847168,"Male"
"6018401",371833,2025-05-14 22:13:02,43.3575248718262,-8.84401798248291,"Male"
"6018401",371833,2025-05-14 22:18:02,43.3575210571289,-8.84394359588623,"Male"
"6018401",371833,2025-05-14 22:23:03,43.357479095459,-8.84404277801514,"Male"
"6018401",371833,2025-05-14 22:28:03,43.3574981689453,-8.84396839141846,"Male"
"6018401",371833,2025-05-14 22:33:05,43.357421875,-8.84401702880859,"Male"
"6018401",371833,2025-05-14 22:38:05,43.3574905395508,-8.84406185150146,"Male"
"6018401",371833,2025-05-14 22:43:06,43.3569755554199,-8.84425449371338,"Male"
"6018401",371833,2025-05-14 22:48:03,43.3575248718262,-8.84393978118896,"Male"
"6018401",371833,2025-05-14 22:53:04,43.3575325012207,-8.84388637542725,"Male"
"6018401",371833,2025-05-14 22:58:02,43.3575668334961,-8.84386730194092,"Male"
"6018401",371833,2025-05-14 23:03:02,43.357608795166,-8.84387302398682,"Male"
"6018401",371833,2025-05-14 23:08:02,43.3575668334961,-8.84391784667969,"Male"
"6018401",371833,2025-05-14 23:13:05,43.3573913574219,-8.84390735626221,"Male"
"6018401",371833,2025-05-14 23:18:02,43.3574028015137,-8.84391689300537,"Male"
"6018401",371833,2025-05-14 23:23:02,43.3572616577148,-8.84368419647217,"Male"
"6018401",371833,2025-05-14 23:28:03,43.3574256896973,-8.84382343292236,"Male"
"6018401",371833,2025-05-14 23:33:02,43.357494354248,-8.84379291534424,"Male"
"6018401",371833,2025-05-14 23:38:03,43.3574333190918,-8.84374046325684,"Male"
"6018401",371833,2025-05-14 23:43:14,43.3573112487793,-8.84378051757812,"Male"
"6018401",371833,2025-05-14 23:48:06,43.3574752807617,-8.84374713897705,"Male"
"6018401",371833,2025-05-14 23:53:03,43.3576240539551,-8.84380722045898,"Male"
"6018401",371833,2025-05-14 23:58:07,43.3574485778809,-8.84374523162842,"Male"
"6018401",371833,2025-05-15 00:03:05,43.3574752807617,-8.84388637542725,"Male"
"6018401",371833,2025-05-15 00:08:04,43.3572769165039,-8.84379196166992,"Male"
"6018401",371833,2025-05-15 00:13:10,43.357479095459,-8.84382724761963,"Male"
"6018401",371833,2025-05-15 00:18:03,43.357250213623,-8.84372901916504,"Male"
"6018401",371833,2025-05-15 00:23:02,43.3573951721191,-8.84379100799561,"Male"
"6018401",371833,2025-05-15 00:28:05,43.357479095459,-8.84378528594971,"Male"
"6018401",371833,2025-05-15 00:33:05,43.3574981689453,-8.84374332427979,"Male"
"6018401",371833,2025-05-15 00:38:08,43.3576583862305,-8.8436450958252,"Male"
"6018401",371833,2025-05-15 00:43:06,43.357666015625,-8.84364891052246,"Male"
"6018401",371833,2025-05-15 00:48:02,43.3574256896973,-8.84370899200439,"Male"
"6018401",371833,2025-05-15 00:53:03,43.3575630187988,-8.84372138977051,"Male"
"6018401",371833,2025-05-15 00:58:03,43.3573417663574,-8.84369373321533,"Male"
"6018401",371833,2025-05-15 01:03:02,43.357364654541,-8.84365940093994,"Male"
"6018401",371833,2025-05-15 01:08:04,43.3575172424316,-8.84375667572021,"Male"
"6018401",371833,2025-05-15 01:13:04,43.3572959899902,-8.84370899200439,"Male"
"6018401",371833,2025-05-15 01:18:03,43.3575325012207,-8.84373569488525,"Male"
"6018401",371833,2025-05-15 01:23:06,43.3574371337891,-8.84413146972656,"Male"
"6018401",371833,2025-05-15 01:28:06,43.3571624755859,-8.84420490264893,"Male"
"6018401",371833,2025-05-15 01:33:18,43.3572654724121,-8.84410953521729,"Male"
"6018401",371833,2025-05-15 01:38:09,43.3571243286133,-8.84405326843262,"Male"
"6018401",371833,2025-05-15 01:43:35,43.3575019836426,-8.84397506713867,"Male"
"6018401",371833,2025-05-15 01:48:01,43.357494354248,-8.84397411346436,"Male"
"6018401",371833,2025-05-15 01:53:01,43.3575210571289,-8.84394836425781,"Male"
"6018401",371833,2025-05-15 01:58:01,43.3575019836426,-8.84396648406982,"Male"
"6018401",371833,2025-05-15 02:03:01,43.3574867248535,-8.84398937225342,"Male"
"6018401",371833,2025-05-15 02:08:01,43.3575172424316,-8.84391784667969,"Male"
"6018401",371833,2025-05-15 02:13:02,43.3575286865234,-8.84393692016602,"Male"
"6018401",371833,2025-05-15 02:18:01,43.3574714660645,-8.84400081634521,"Male"
"6018401",371833,2025-05-15 02:23:03,43.3575286865234,-8.84393215179443,"Male"
"6018401",371833,2025-05-15 02:28:01,43.3575096130371,-8.84395980834961,"Male"
"6018401",371833,2025-05-15 02:33:02,43.357494354248,-8.84390544891357,"Male"
"6018401",371833,2025-05-15 02:38:03,43.3575439453125,-8.84402370452881,"Male"
"6018401",371833,2025-05-15 02:43:02,43.3574981689453,-8.84396648406982,"Male"
"6018401",371833,2025-05-15 02:48:04,43.357551574707,-8.84405708312988,"Male"
"6018401",371833,2025-05-15 02:53:02,43.3576774597168,-8.84414196014404,"Male"
"6018401",371833,2025-05-15 02:58:02,43.3575744628906,-8.84404563903809,"Male"
"6018401",371833,2025-05-15 03:03:02,43.357551574707,-8.84403800964355,"Male"
"6018401",371833,2025-05-15 03:08:12,43.3575782775879,-8.84403610229492,"Male"
"6018401",371833,2025-05-15 03:13:02,43.3574752807617,-8.84391784667969,"Male"
"6018401",371833,2025-05-15 03:18:06,43.3574333190918,-8.84391117095947,"Male"
"6018401",371833,2025-05-15 03:23:07,43.3574104309082,-8.84382724761963,"Male"
"6018401",371833,2025-05-15 03:28:03,43.3574714660645,-8.84389209747314,"Male"
"6018401",371833,2025-05-15 03:33:04,43.3575325012207,-8.84402275085449,"Male"
"6018401",371833,2025-05-15 03:38:04,43.357479095459,-8.84403419494629,"Male"
"6018401",371833,2025-05-15 03:43:05,43.3575019836426,-8.84395217895508,"Male"
"6018401",371833,2025-05-15 03:48:02,43.3575553894043,-8.84395980834961,"Male"
"6018401",371833,2025-05-15 03:53:05,43.3574905395508,-8.84392929077148,"Male"
"6018401",371833,2025-05-15 03:58:06,43.3574485778809,-8.84379100799561,"Male"
"6018401",371833,2025-05-15 04:03:02,43.3574562072754,-8.84392166137695,"Male"
"6018401",371833,2025-05-15 04:08:02,43.3574905395508,-8.84393692016602,"Male"
"6018401",371833,2025-05-15 04:13:02,43.3573989868164,-8.84398937225342,"Male"
"6018401",371833,2025-05-15 04:18:02,43.3574447631836,-8.84395408630371,"Male"
"6018401",371833,2025-05-15 04:23:02,43.357421875,-8.84395885467529,"Male"
"6018401",371833,2025-05-15 04:28:02,43.357608795166,-8.84411525726318,"Male"
"6018401",371833,2025-05-15 04:33:02,43.3574295043945,-8.84396171569824,"Male"
"6018401",371833,2025-05-15 04:38:02,43.3574371337891,-8.84401607513428,"Male"
"6018401",371833,2025-05-15 04:43:06,43.3574485778809,-8.84402847290039,"Male"
"6018401",371833,2025-05-15 04:48:07,43.357479095459,-8.84391212463379,"Male"
"6018401",371833,2025-05-15 04:53:04,43.3574714660645,-8.84393405914307,"Male"
"6018401",371833,2025-05-15 04:58:14,43.3574409484863,-8.84391117095947,"Male"
"6018401",371833,2025-05-15 05:03:06,43.3575630187988,-8.84399318695068,"Male"
"6018401",371833,2025-05-15 05:08:06,43.357780456543,-8.84392929077148,"Male"
"6018401",371833,2025-05-15 05:13:06,43.3578262329102,-8.84397983551025,"Male"
"6018401",371833,2025-05-15 05:18:06,43.3577461242676,-8.84396553039551,"Male"
"6018401",371833,2025-05-15 05:23:09,43.3576545715332,-8.84403991699219,"Male"
"6018401",371833,2025-05-15 05:28:07,43.3574142456055,-8.84400081634521,"Male"
"6018401",371833,2025-05-15 05:33:03,43.3568840026855,-8.84353160858154,"Male"
"6018401",371833,2025-05-15 05:38:34,43.3641967773438,-8.84603786468506,"Male"
"6018401",371833,2025-05-15 05:43:03,43.3649559020996,-8.84801578521729,"Male"
"6018401",371833,2025-05-15 05:48:02,43.3592910766602,-8.8450174331665,"Male"
"6018401",371833,2025-05-15 05:53:03,43.3573760986328,-8.84461307525635,"Male"
"6018401",371833,2025-05-15 05:58:06,43.356990814209,-8.84413433074951,"Male"
"6018401",371833,2025-05-15 06:03:02,43.357120513916,-8.84516334533691,"Male"
"6018401",371833,2025-05-15 06:08:07,43.3572120666504,-8.84435558319092,"Male"
"6018401",371833,2025-05-15 06:13:03,43.357364654541,-8.84475326538086,"Male"
"6018401",371833,2025-05-15 06:18:04,43.3575477600098,-8.84413433074951,"Male"
"6018401",371833,2025-05-15 06:23:03,43.3574371337891,-8.84437084197998,"Male"
"6018401",371833,2025-05-15 06:28:06,43.3576545715332,-8.84413909912109,"Male"
"6018401",371833,2025-05-15 06:33:02,43.3572196960449,-8.84461116790771,"Male"
"6018401",371833,2025-05-15 06:38:02,43.3486709594727,-8.84927749633789,"Male"
"6018401",371833,2025-05-15 06:43:03,43.3171730041504,-8.85774517059326,"Male"
"6018401",371833,2025-05-15 06:48:03,43.315258026123,-8.85767364501953,"Male"
"6018401",371833,2025-05-15 06:53:10,43.3149681091309,-8.85733985900879,"Male"
"6018401",371833,2025-05-15 06:58:06,43.3151168823242,-8.85712909698486,"Male"
"6018401",371833,2025-05-15 07:03:03,43.3150634765625,-8.85707950592041,"Male"
"6018401",371833,2025-05-15 07:08:08,43.3149375915527,-8.85720729827881,"Male"
"6018401",371833,2025-05-15 07:13:02,43.3409423828125,-8.8520679473877,"Male"
"6018401",371833,2025-05-15 07:18:07,43.3576354980469,-8.8440113067627,"Male"
"6018401",371833,2025-05-15 07:23:08,43.3574905395508,-8.84389686584473,"Male"
"6018401",371833,2025-05-15 07:28:07,43.3576126098633,-8.84394359588623,"Male"
"6018401",371833,2025-05-15 07:33:07,43.3574905395508,-8.84389972686768,"Male"
"6018401",371833,2025-05-15 07:38:09,43.3575439453125,-8.84392738342285,"Male"
"6018401",371833,2025-05-15 07:43:07,43.3575096130371,-8.84391307830811,"Male"
"6018401",371833,2025-05-15 07:48:02,43.3564491271973,-8.84357261657715,"Male"
"6018401",371833,2025-05-15 07:53:04,43.3574371337891,-8.8438777923584,"Male"
"6018401",371833,2025-05-15 07:58:04,43.3574752807617,-8.84389114379883,"Male"
"6018401",371833,2025-05-15 08:03:06,43.3574485778809,-8.84383964538574,"Male"
"6018401",371833,2025-05-15 08:08:09,43.3575172424316,-8.84383773803711,"Male"
"6018401",371833,2025-05-15 08:13:04,43.3574028015137,-8.84382343292236,"Male"
"6018401",371833,2025-05-15 08:18:03,43.3574752807617,-8.84386253356934,"Male"
"6018401",371833,2025-05-15 08:23:03,43.3575134277344,-8.84390926361084,"Male"
"6018401",371833,2025-05-15 08:28:03,43.3574600219727,-8.84390068054199,"Male"
"6018401",371833,2025-05-15 08:33:05,43.3574981689453,-8.84377288818359,"Male"
"6018401",371833,2025-05-15 08:38:06,43.3574638366699,-8.84396266937256,"Male"
"6018401",371833,2025-05-15 08:43:05,43.3571891784668,-8.84372329711914,"Male"
"6018401",371833,2025-05-15 08:48:07,43.3576698303223,-8.84420871734619,"Male"
"6018401",371833,2025-05-15 08:53:16,43.357551574707,-8.84398651123047,"Male"
"6018401",371833,2025-05-15 08:58:05,43.3576164245605,-8.84399604797363,"Male"
"6018401",371833,2025-05-15 09:03:09,43.3576316833496,-8.84410858154297,"Male"
"6018401",371833,2025-05-15 09:08:05,43.3576507568359,-8.84399032592773,"Male"
"6018401",371833,2025-05-15 09:13:09,43.3577194213867,-8.84407424926758,"Male"
"6018401",371833,2025-05-15 09:18:12,43.357608795166,-8.84401893615723,"Male"
"6018401",371833,2025-05-15 09:23:06,43.3578109741211,-8.84399032592773,"Male"
"6018401",371833,2025-05-15 09:28:03,43.3574256896973,-8.84397983551025,"Male"
"6018401",371833,2025-05-15 09:33:04,43.3574409484863,-8.84387874603271,"Male"
"6018401",371833,2025-05-15 09:38:03,43.3573036193848,-8.84389877319336,"Male"
"6018401",371833,2025-05-15 09:43:03,43.3574295043945,-8.84365367889404,"Male"
"6018401",371833,2025-05-15 09:48:03,43.3575286865234,-8.84397125244141,"Male"
"6018401",371833,2025-05-15 09:53:03,43.3573913574219,-8.8439245223999,"Male"
"6018401",371833,2025-05-15 09:58:03,43.3573722839355,-8.84387016296387,"Male"
"6018401",371833,2025-05-15 10:03:03,43.3573951721191,-8.84382629394531,"Male"
"6018401",371833,2025-05-15 10:08:02,43.3574142456055,-8.843825340271,"Male"
"6018401",371833,2025-05-15 10:13:03,43.3574066162109,-8.84379100799561,"Male"
"6018401",371833,2025-05-15 10:18:03,43.3574180603027,-8.84362411499023,"Male"
"6018401",371833,2025-05-15 10:23:03,43.3574676513672,-8.84356021881104,"Male"
"6018401",371833,2025-05-15 10:28:04,43.3576393127441,-8.84401798248291,"Male"
"6018401",371833,2025-05-15 10:33:06,43.3574142456055,-8.84380912780762,"Male"
"6018401",371833,2025-05-15 10:38:05,43.357364654541,-8.84334468841553,"Male"
"6018401",371833,2025-05-15 10:43:06,43.3573951721191,-8.84401512145996,"Male"
"6018401",371833,2025-05-15 10:48:12,43.3578567504883,-8.84433269500732,"Male"
"6018401",371833,2025-05-15 10:53:06,43.3572807312012,-8.84308815002441,"Male"
"6018401",371833,2025-05-15 10:58:03,43.3573989868164,-8.84335422515869,"Male"
"6018401",371833,2025-05-15 11:03:05,43.3573379516602,-8.84345722198486,"Male"
"6018401",371833,2025-05-15 11:08:03,43.3573188781738,-8.84359836578369,"Male"
"6018401",371833,2025-05-15 11:13:04,43.3574447631836,-8.84356307983398,"Male"
"6018401",371833,2025-05-15 11:18:04,43.3574829101562,-8.84361839294434,"Male"
"6018401",371833,2025-05-15 11:23:04,43.3574180603027,-8.84366416931152,"Male"
"6018401",371833,2025-05-15 11:28:07,43.3574295043945,-8.84378242492676,"Male"
"6018401",371833,2025-05-15 11:33:04,43.3573379516602,-8.84361457824707,"Male"
"6018401",371833,2025-05-15 11:38:10,43.3575820922852,-8.8435640335083,"Male"
"6018401",371833,2025-05-15 11:43:06,43.357364654541,-8.84371757507324,"Male"
"6018401",371833,2025-05-15 11:48:06,43.3572654724121,-8.8435230255127,"Male"
"6018401",371833,2025-05-15 11:53:19,43.3573188781738,-8.84374713897705,"Male"
"6018401",371833,2025-05-15 11:58:03,43.3572807312012,-8.84355545043945,"Male"
"6018401",371833,2025-05-15 12:03:03,43.3572807312012,-8.84367847442627,"Male"
"6018401",371833,2025-05-15 12:08:04,43.3573341369629,-8.84368324279785,"Male"
"6018401",371833,2025-05-15 12:13:03,43.3569374084473,-8.84416580200195,"Male"
"6018401",371833,2025-05-15 12:18:03,43.3569564819336,-8.84409523010254,"Male"
"6018401",371833,2025-05-15 12:23:03,43.3575630187988,-8.84433364868164,"Male"
"6018401",371833,2025-05-15 12:28:02,43.3576850891113,-8.84417247772217,"Male"
"6018401",371833,2025-05-15 12:33:02,43.3576354980469,-8.84437561035156,"Male"
"6018401",371833,2025-05-15 12:38:06,43.3576889038086,-8.84424686431885,"Male"
"6018401",371833,2025-05-15 12:43:06,43.3576736450195,-8.84424686431885,"Male"
"6018401",371833,2025-05-15 12:48:14,43.3577842712402,-8.84411334991455,"Male"
"6018401",371833,2025-05-15 12:53:09,43.3577766418457,-8.84414291381836,"Male"
"6018401",371833,2025-05-15 12:58:09,43.3577728271484,-8.8441219329834,"Male"
"6018401",371833,2025-05-15 13:03:09,43.3577766418457,-8.84408760070801,"Male"
"6018401",371833,2025-05-15 13:08:09,43.3577842712402,-8.84404563903809,"Male"
"6018401",371833,2025-05-15 13:13:12,43.3577613830566,-8.84403228759766,"Male"
"6018401",371833,2025-05-15 13:18:08,43.3576126098633,-8.84412956237793,"Male"
"6018401",371833,2025-05-15 13:23:09,43.3577880859375,-8.84392929077148,"Male"
"6018401",371833,2025-05-15 13:28:03,43.3575630187988,-8.84499549865723,"Male"
"6018401",371833,2025-05-15 13:33:08,43.357780456543,-8.8436336517334,"Male"
"6018401",371833,2025-05-15 13:38:06,43.3577651977539,-8.84414672851562,"Male"
"6018401",371833,2025-05-15 13:43:04,43.357666015625,-8.84399509429932,"Male"
"6018401",371833,2025-05-15 13:48:27,43.3578338623047,-8.84452247619629,"Male"
"6018401",371833,2025-05-15 13:53:07,43.3578834533691,-8.84426975250244,"Male"
"6018401",371833,2025-05-15 13:58:16,43.3579216003418,-8.8444766998291,"Male"
"6018401",371833,2025-05-15 14:03:44,43.35791015625,-8.84402084350586,"Male"
"6018401",371833,2025-05-15 14:08:12,43.3579635620117,-8.84395027160645,"Male"
"6018401",371833,2025-05-15 14:13:14,43.3578681945801,-8.84432601928711,"Male"
"6018401",371833,2025-05-15 14:18:06,43.3579788208008,-8.84417915344238,"Male"
"6018401",371833,2025-05-15 14:23:05,43.3580474853516,-8.84410190582275,"Male"
"6018401",371833,2025-05-15 14:28:06,43.35791015625,-8.84455394744873,"Male"
"6018401",371833,2025-05-15 14:33:06,43.3583908081055,-8.84378433227539,"Male"
"6018401",371833,2025-05-15 14:38:06,43.3586463928223,-8.84374332427979,"Male"
"6018401",371833,2025-05-15 14:43:04,43.3577346801758,-8.8443078994751,"Male"
"6018401",371833,2025-05-15 14:48:03,43.3569068908691,-8.84586238861084,"Male"
"6018401",371833,2025-05-15 14:53:03,43.3578681945801,-8.8437557220459,"Male"
"6018401",371833,2025-05-15 14:58:05,43.3578720092773,-8.84384059906006,"Male"
"6018401",371833,2025-05-15 15:03:04,43.3578872680664,-8.84380340576172,"Male"
"6018401",371833,2025-05-15 15:08:06,43.3578834533691,-8.84383106231689,"Male"
"6018401",371833,2025-05-15 15:13:07,43.3577880859375,-8.84403991699219,"Male"
"6018401",371833,2025-05-15 15:18:06,43.3577194213867,-8.84426593780518,"Male"
"6018401",371833,2025-05-15 15:23:24,43.3579444885254,-8.84370231628418,"Male"
"6018401",371833,2025-05-15 15:28:04,43.357837677002,-8.84398651123047,"Male"
"6018401",371833,2025-05-15 15:33:03,43.3576393127441,-8.8438777923584,"Male"
"6018401",371833,2025-05-15 15:38:09,43.3576164245605,-8.84440517425537,"Male"
"6018401",371833,2025-05-15 15:43:03,43.3577308654785,-8.84434223175049,"Male"
"6018401",371833,2025-05-15 15:48:09,43.3577194213867,-8.8442497253418,"Male"
"6018401",371833,2025-05-15 15:53:04,43.3577117919922,-8.84421062469482,"Male"
"6018401",371833,2025-05-15 15:58:04,43.3578262329102,-8.84417629241943,"Male"
"6018401",371833,2025-05-15 16:03:03,43.3577537536621,-8.84411525726318,"Male"
"6018401",371833,2025-05-15 16:08:05,43.3578948974609,-8.8442268371582,"Male"
"6018401",371833,2025-05-15 16:13:02,43.3577461242676,-8.84423160552979,"Male"
"6018401",371833,2025-05-15 16:18:02,43.3577499389648,-8.844162940979,"Male"
"6018401",371833,2025-05-15 16:23:02,43.3577575683594,-8.84416389465332,"Male"
"6018401",371833,2025-05-15 16:28:02,43.3577613830566,-8.8441743850708,"Male"
"6018401",371833,2025-05-15 16:33:02,43.3577194213867,-8.84417819976807,"Male"
"6018401",371833,2025-05-15 16:38:02,43.3576812744141,-8.84416484832764,"Male"
"6018401",371833,2025-05-15 16:43:02,43.3577613830566,-8.84426212310791,"Male"
"6018401",371833,2025-05-15 16:48:02,43.3576774597168,-8.84413814544678,"Male"
"6018401",371833,2025-05-15 16:53:04,43.3576927185059,-8.84413909912109,"Male"
"6018401",371833,2025-05-15 16:58:03,43.3576240539551,-8.84412002563477,"Male"
"6018401",371833,2025-05-15 17:03:02,43.3576469421387,-8.8441915512085,"Male"
"6018401",371833,2025-05-15 17:08:03,43.3574829101562,-8.84401416778564,"Male"
"6018401",371833,2025-05-15 17:13:03,43.3574676513672,-8.84394931793213,"Male"
"6018401",371833,2025-05-15 17:18:04,43.3574867248535,-8.84400081634521,"Male"
"6018401",371833,2025-05-15 17:23:04,43.3574028015137,-8.84386825561523,"Male"
"6018401",371833,2025-05-15 17:28:03,43.3574028015137,-8.84385299682617,"Male"
"6018401",371833,2025-05-15 17:33:04,43.357292175293,-8.8436861038208,"Male"
"6018401",371833,2025-05-15 17:38:04,43.3573417663574,-8.8437442779541,"Male"
"6018401",371833,2025-05-15 17:43:06,43.3573341369629,-8.84361934661865,"Male"
"6018401",371833,2025-05-15 17:48:05,43.357723236084,-8.84400367736816,"Male"
"6018401",371833,2025-05-15 17:53:04,43.3577270507812,-8.84394645690918,"Male"
"6018401",371833,2025-05-15 17:58:04,43.3571281433105,-8.8435697555542,"Male"
"6018401",371833,2025-05-15 18:03:04,43.3575973510742,-8.84392166137695,"Male"
"6018401",371833,2025-05-15 18:08:06,43.3576698303223,-8.84406185150146,"Male"
"6018401",371833,2025-05-15 18:13:04,43.3576354980469,-8.84386444091797,"Male"
"6018401",371833,2025-05-15 18:18:03,43.357666015625,-8.84410285949707,"Male"
"6018401",371833,2025-05-15 18:23:04,43.3576469421387,-8.84399318695068,"Male"
"6018401",371833,2025-05-15 18:28:06,43.3576164245605,-8.84401893615723,"Male"
"6018401",371833,2025-05-15 18:33:06,43.3575897216797,-8.84415245056152,"Male"
"6018401",371833,2025-05-15 18:38:04,43.3576469421387,-8.84407043457031,"Male"
"6018401",371833,2025-05-15 18:43:05,43.3576889038086,-8.84413528442383,"Male"
"6018401",371833,2025-05-15 18:48:05,43.3577499389648,-8.84414672851562,"Male"
"6018401",371833,2025-05-15 18:53:03,43.3578147888184,-8.84401988983154,"Male"
"6018401",371833,2025-05-15 18:58:03,43.3578796386719,-8.84413051605225,"Male"
"6018401",371833,2025-05-15 19:03:03,43.357837677002,-8.84410095214844,"Male"
"6018401",371833,2025-05-15 19:08:04,43.3577537536621,-8.84416580200195,"Male"
"6018401",371833,2025-05-15 19:13:04,43.3578453063965,-8.84398460388184,"Male"
"6018401",371833,2025-05-15 19:18:04,43.3578796386719,-8.84398174285889,"Male"
"6018401",371833,2025-05-15 19:23:08,43.3577499389648,-8.84416770935059,"Male"
"6018401",371833,2025-05-15 19:28:06,43.3579483032227,-8.84384346008301,"Male"
"6018401",371833,2025-05-15 19:33:09,43.3579368591309,-8.84395599365234,"Male"
"6018401",371833,2025-05-15 19:38:04,43.357837677002,-8.84405136108398,"Male"
"6018401",371833,2025-05-15 19:43:02,43.35791015625,-8.84404945373535,"Male"
"6018401",371833,2025-05-15 19:48:03,43.3578948974609,-8.84394931793213,"Male"
"6018401",371833,2025-05-15 19:53:02,43.3579139709473,-8.84387016296387,"Male"
"6018401",371833,2025-05-15 19:58:03,43.3579330444336,-8.84388732910156,"Male"
"6018401",371833,2025-05-15 20:03:04,43.3577156066895,-8.84422397613525,"Male"
"6018401",371833,2025-05-15 20:08:03,43.3578872680664,-8.84397602081299,"Male"
"6018401",371833,2025-05-15 20:13:03,43.3577728271484,-8.84404850006104,"Male"
"6018401",371833,2025-05-15 20:18:03,43.3578643798828,-8.84404373168945,"Male"
"6018401",371833,2025-05-15 20:23:03,43.357852935791,-8.84408283233643,"Male"
"6018401",371833,2025-05-15 20:28:04,43.3577919006348,-8.84400272369385,"Male"
"6018401",371833,2025-05-15 20:33:02,43.3579635620117,-8.84405612945557,"Male"
"6018401",371833,2025-05-15 20:38:03,43.3579406738281,-8.84407234191895,"Male"
"6018401",371833,2025-05-15 20:43:04,43.357780456543,-8.8440637588501,"Male"
"6018401",371833,2025-05-15 20:48:06,43.3577079772949,-8.84409523010254,"Male"
"6018401",371833,2025-05-15 20:53:04,43.3577156066895,-8.84393882751465,"Male"
"6018401",371833,2025-05-15 20:58:07,43.3577690124512,-8.84394931793213,"Male"
"6018401",371833,2025-05-15 21:03:04,43.3577346801758,-8.84396362304688,"Male"
"6018401",371833,2025-05-15 21:08:04,43.3577880859375,-8.84400463104248,"Male"
"6018401",371833,2025-05-15 21:13:04,43.3576889038086,-8.84390354156494,"Male"
"6018401",371833,2025-05-15 21:18:04,43.3576393127441,-8.84404945373535,"Male"
"6018401",371833,2025-05-15 21:23:04,43.3577346801758,-8.84385776519775,"Male"
"6018401",371833,2025-05-15 21:28:04,43.3577728271484,-8.84396743774414,"Male"
"6018401",371833,2025-05-15 21:33:04,43.3577728271484,-8.8439884185791,"Male"
"6018401",371833,2025-05-15 21:38:04,43.3577575683594,-8.84386444091797,"Male"
"6018401",371833,2025-05-15 21:43:07,43.3576354980469,-8.84404563903809,"Male"
"6018401",371833,2025-05-15 21:48:04,43.3577575683594,-8.84402656555176,"Male"
"6018401",371833,2025-05-15 21:53:06,43.3577690124512,-8.84403610229492,"Male"
"6018401",371833,2025-05-15 21:58:06,43.357795715332,-8.84399509429932,"Male"
"6018401",371833,2025-05-15 22:03:04,43.3577728271484,-8.84390449523926,"Male"
"6018401",371833,2025-05-15 22:08:04,43.3577842712402,-8.84392642974854,"Male"
"6018401",371833,2025-05-15 22:13:03,43.3577156066895,-8.84384632110596,"Male"
"6018401",371833,2025-05-15 22:18:04,43.3577728271484,-8.84388542175293,"Male"
"6018401",371833,2025-05-15 22:23:04,43.3577613830566,-8.8438549041748,"Male"
"6018401",371833,2025-05-15 22:28:04,43.3577575683594,-8.84380531311035,"Male"
"6018401",371833,2025-05-15 22:33:04,43.3577537536621,-8.84388542175293,"Male"
"6018401",371833,2025-05-15 22:38:03,43.3577156066895,-8.84383773803711,"Male"
"6018401",371833,2025-05-15 22:43:06,43.3578109741211,-8.84394550323486,"Male"
"6018401",371833,2025-05-15 22:48:05,43.3576965332031,-8.84377098083496,"Male"
"6018401",371833,2025-05-15 22:53:05,43.357738494873,-8.84389114379883,"Male"
"6018401",371833,2025-05-15 22:58:04,43.3577651977539,-8.84395408630371,"Male"
"6018401",371833,2025-05-15 23:03:04,43.3577117919922,-8.84386348724365,"Male"
"6018401",371833,2025-05-15 23:08:11,43.3576354980469,-8.84408855438232,"Male"
"6018401",371833,2025-05-15 23:13:04,43.3578147888184,-8.84405040740967,"Male"
"6018401",371833,2025-05-15 23:18:07,43.3578910827637,-8.84411907196045,"Male"
"6018401",371833,2025-05-15 23:23:07,43.3580703735352,-8.84401702880859,"Male"
"6018401",371833,2025-05-15 23:28:09,43.3579025268555,-8.84414958953857,"Male"
"6018401",371833,2025-05-15 23:33:08,43.3578910827637,-8.84412479400635,"Male"
"6018401",371833,2025-05-15 23:38:05,43.3578605651855,-8.84401035308838,"Male"
"6018401",371833,2025-05-15 23:43:10,43.3578491210938,-8.84397983551025,"Male"
"6018401",371833,2025-05-15 23:48:09,43.3578987121582,-8.84409618377686,"Male"
"6018401",371833,2025-05-15 23:53:06,43.3580131530762,-8.84420680999756,"Male"
"6018401",371833,2025-05-15 23:58:16,43.3579750061035,-8.84405899047852,"Male"
"6018401",371833,2025-05-16 00:03:09,43.357967376709,-8.84412574768066,"Male"
"6018401",371833,2025-05-16 00:08:10,43.3580703735352,-8.84407711029053,"Male"
"6018401",371833,2025-05-16 00:13:08,43.3581390380859,-8.84413528442383,"Male"
"6018401",371833,2025-05-16 00:18:12,43.3575820922852,-8.84402561187744,"Male"
"6018401",371833,2025-05-16 00:23:11,43.3578262329102,-8.84403896331787,"Male"
"6018401",371833,2025-05-16 00:28:09,43.3575782775879,-8.84395790100098,"Male"
"6018401",371833,2025-05-16 00:33:09,43.3579139709473,-8.84409523010254,"Male"
"6018401",371833,2025-05-16 00:38:11,43.3577766418457,-8.8440523147583,"Male"
"6018401",371833,2025-05-16 00:43:07,43.3576583862305,-8.84399890899658,"Male"
"6018401",371833,2025-05-16 00:48:05,43.3576240539551,-8.84441184997559,"Male"
"6018401",371833,2025-05-16 00:53:07,43.3576469421387,-8.84385871887207,"Male"
"6018401",371833,2025-05-16 00:58:04,43.3576736450195,-8.84381008148193,"Male"
"6018401",371833,2025-05-16 01:03:04,43.3576698303223,-8.8438835144043,"Male"
"6018401",371833,2025-05-16 01:08:05,43.3575820922852,-8.84377098083496,"Male"
"6018401",371833,2025-05-16 01:13:05,43.3576507568359,-8.8436803817749,"Male"
"6018401",371833,2025-05-16 01:18:06,43.3575897216797,-8.84379386901855,"Male"
"6018401",371833,2025-05-16 01:23:07,43.3576965332031,-8.84366226196289,"Male"
"6018401",371833,2025-05-16 01:28:04,43.3576202392578,-8.84394359588623,"Male"
"6018401",371833,2025-05-16 01:33:05,43.357307434082,-8.84397029876709,"Male"
"6018401",371833,2025-05-16 01:38:04,43.3575592041016,-8.84389209747314,"Male"
"6018401",371833,2025-05-16 01:43:07,43.3576889038086,-8.84385108947754,"Male"
"6018401",371833,2025-05-16 01:48:04,43.3575973510742,-8.84373188018799,"Male"
"6018401",371833,2025-05-16 01:53:08,43.3574066162109,-8.84352397918701,"Male"
"6018401",371833,2025-05-16 01:58:06,43.3574829101562,-8.8437671661377,"Male"
"6018401",371833,2025-05-16 02:03:04,43.357536315918,-8.84381484985352,"Male"
"6018401",371833,2025-05-16 02:08:11,43.357536315918,-8.84362125396729,"Male"
"6018401",371833,2025-05-16 02:13:06,43.3575477600098,-8.84372425079346,"Male"
"6018401",371833,2025-05-16 02:18:04,43.357536315918,-8.84396553039551,"Male"
"6018401",371833,2025-05-16 02:23:06,43.357494354248,-8.84363460540771,"Male"
"6018401",371833,2025-05-16 02:28:12,43.357421875,-8.84343528747559,"Male"
"6018401",371833,2025-05-16 02:33:11,43.3573913574219,-8.8434419631958,"Male"
"6018401",371833,2025-05-16 02:38:35,43.3576011657715,-8.84406185150146,"Male"
"6018401",371833,2025-05-16 02:43:07,43.3576774597168,-8.84408473968506,"Male"
"6018401",371833,2025-05-16 02:48:06,43.3574867248535,-8.84395217895508,"Male"
"6018401",371833,2025-05-16 02:53:05,43.3576240539551,-8.84406280517578,"Male"
"6018401",371833,2025-05-16 02:58:08,43.3577079772949,-8.84406280517578,"Male"
"6018401",371833,2025-05-16 03:03:07,43.3576202392578,-8.84408187866211,"Male"
"6018401",371833,2025-05-16 03:08:05,43.3576164245605,-8.84399700164795,"Male"
"6018401",371833,2025-05-16 03:13:05,43.357593536377,-8.84401512145996,"Male"
"6018401",371833,2025-05-16 03:18:03,43.3576126098633,-8.8440580368042,"Male"
"6018401",371833,2025-05-16 03:23:02,43.3576126098633,-8.84407234191895,"Male"
"6018401",371833,2025-05-16 03:28:03,43.3576202392578,-8.84401702880859,"Male"
"6018401",371833,2025-05-16 03:33:03,43.3576850891113,-8.84403324127197,"Male"
"6018401",371833,2025-05-16 03:38:03,43.3577117919922,-8.84411144256592,"Male"
"6018401",371833,2025-05-16 03:43:04,43.3577461242676,-8.8441162109375,"Male"
"6018401",371833,2025-05-16 03:48:06,43.3577117919922,-8.84410667419434,"Male"
"6018401",371833,2025-05-16 03:53:11,43.3576889038086,-8.84397983551025,"Male"
"6018401",371833,2025-05-16 03:58:06,43.3573951721191,-8.84395217895508,"Male"
"6018401",371833,2025-05-16 04:03:04,43.3577537536621,-8.84386348724365,"Male"
"6018401",371833,2025-05-16 04:08:07,43.3576507568359,-8.84394550323486,"Male"
"6018401",371833,2025-05-16 04:13:07,43.357666015625,-8.84395503997803,"Male"
"6018401",371833,2025-05-16 04:18:03,43.357780456543,-8.84394931793213,"Male"
"6018401",371833,2025-05-16 04:23:06,43.357795715332,-8.84392356872559,"Male"
"6018401",371833,2025-05-16 04:28:03,43.3578109741211,-8.84392070770264,"Male"
"6018401",371833,2025-05-16 04:33:04,43.3577880859375,-8.84406280517578,"Male"
"6018401",371833,2025-05-16 04:38:04,43.3577308654785,-8.84410858154297,"Male"
"6018401",371833,2025-05-16 04:43:03,43.3576965332031,-8.84411334991455,"Male"
"6018401",371833,2025-05-16 04:48:04,43.3575401306152,-8.84390544891357,"Male"
"6018401",371833,2025-05-16 04:53:03,43.3575057983398,-8.84394264221191,"Male"
"6018401",371833,2025-05-16 04:58:04,43.3575630187988,-8.84408473968506,"Male"
"6018401",371833,2025-05-16 05:03:05,43.357608795166,-8.84419631958008,"Male"
"6018401",371833,2025-05-16 05:08:05,43.3577690124512,-8.84440422058105,"Male"
"6018401",371833,2025-05-16 05:13:07,43.3577651977539,-8.84445667266846,"Male"
"6018401",371833,2025-05-16 05:18:07,43.3577842712402,-8.8447437286377,"Male"
"6018401",371833,2025-05-16 05:23:11,43.3575592041016,-8.84420394897461,"Male"
"6018401",371833,2025-05-16 05:28:09,43.3573532104492,-8.84420013427734,"Male"
"6018401",371833,2025-05-16 05:33:12,43.3572654724121,-8.84418964385986,"Male"
"6018401",371833,2025-05-16 05:38:10,43.3572731018066,-8.8441858291626,"Male"
"6018401",371833,2025-05-16 05:43:07,43.3573226928711,-8.84414386749268,"Male"
"6018401",371833,2025-05-16 05:48:12,43.3572044372559,-8.84431171417236,"Male"
"6018401",371833,2025-05-16 05:53:06,43.3572120666504,-8.84425830841064,"Male"
"6018401",371833,2025-05-16 05:58:08,43.3572044372559,-8.84427165985107,"Male"
"6018401",371833,2025-05-16 06:03:09,43.3569068908691,-8.84423160552979,"Male"
"6018401",371833,2025-05-16 06:08:13,43.3564453125,-8.84403610229492,"Male"
"6018401",371833,2025-05-16 06:13:20,43.3560028076172,-8.8438835144043,"Male"
"6018401",371833,2025-05-16 06:18:35,43.3572273254395,-8.84403514862061,"Male"
"6018401",371833,2025-05-16 06:23:06,43.3575553894043,-8.8439302444458,"Male"
"6018401",371833,2025-05-16 06:28:06,43.3574867248535,-8.84407901763916,"Male"
"6018401",371833,2025-05-16 06:33:08,43.3574371337891,-8.84394645690918,"Male"
"6018401",371833,2025-05-16 06:38:07,43.3573341369629,-8.8439416885376,"Male"
"6018401",371833,2025-05-16 06:43:06,43.3575477600098,-8.84411811828613,"Male"
"6018401",371833,2025-05-16 06:48:07,43.3574371337891,-8.84382820129395,"Male"
"6018401",371833,2025-05-16 06:53:07,43.3571815490723,-8.84309482574463,"Male"
"6018401",371833,2025-05-16 06:58:07,43.3573837280273,-8.84380912780762,"Male"
"6018401",371833,2025-05-16 07:03:06,43.3574409484863,-8.84373188018799,"Male"
"6018401",371833,2025-05-16 07:08:07,43.3574676513672,-8.84415531158447,"Male"
"6018401",371833,2025-05-16 07:13:06,43.3575477600098,-8.84419441223145,"Male"
"6018401",371833,2025-05-16 07:18:12,43.357494354248,-8.8439416885376,"Male"
"6018401",371833,2025-05-16 07:23:04,43.3575210571289,-8.84398174285889,"Male"
"6018401",371833,2025-05-16 07:28:05,43.3575859069824,-8.84399318695068,"Male"
"6018401",371833,2025-05-16 07:33:06,43.3574562072754,-8.84392070770264,"Male"
"6018401",371833,2025-05-16 07:38:04,43.3542594909668,-8.83924579620361,"Male"
"6018401",371833,2025-05-16 07:43:10,43.3543243408203,-8.83484840393066,"Male"
"6018401",371833,2025-05-16 07:48:06,43.354248046875,-8.83469772338867,"Male"
"6018401",371833,2025-05-16 07:53:07,43.3540344238281,-8.83460998535156,"Male"
"6018401",371833,2025-05-16 07:58:07,43.3541450500488,-8.83479595184326,"Male"
"6018401",371833,2025-05-16 08:03:13,43.3541641235352,-8.83493614196777,"Male"
"6018401",371833,2025-05-16 08:08:03,43.3541984558105,-8.83492279052734,"Male"
"6018401",371833,2025-05-16 08:13:13,43.3542022705078,-8.83481597900391,"Male"
"6018401",371833,2025-05-16 08:18:08,43.3575286865234,-8.84397792816162,"Male"
"6018401",371833,2025-05-16 08:23:06,43.3574752807617,-8.84387588500977,"Male"
"6018401",371833,2025-05-16 08:28:03,43.3574371337891,-8.84391593933105,"Male"
"6018401",371833,2025-05-16 08:33:04,43.3575706481934,-8.84400272369385,"Male"
"6018401",371833,2025-05-16 08:38:08,43.3574600219727,-8.84392929077148,"Male"
"6018401",371833,2025-05-16 08:44:37,43.3575286865234,-8.84408473968506,"Male"
"6018401",371833,2025-05-16 08:49:36,43.3575897216797,-8.84409523010254,"Male"
"6018401",371833,2025-05-16 08:54:40,43.3575401306152,-8.84425163269043,"Male"
"6018401",371833,2025-05-16 08:59:41,43.357837677002,-8.8444128036499,"Male"
"6018401",371833,2025-05-16 09:04:40,43.3575782775879,-8.84431457519531,"Male"
"6018401",371833,2025-05-16 09:09:39,43.3575592041016,-8.84405612945557,"Male"
"6018401",371833,2025-05-16 09:14:40,43.3575630187988,-8.84417533874512,"Male"
"6018401",371833,2025-05-16 09:19:38,43.3575019836426,-8.84403800964355,"Male"
"6018401",371833,2025-05-16 09:24:39,43.3575897216797,-8.84417629241943,"Male"
"6018401",371833,2025-05-16 09:29:37,43.3574295043945,-8.84372520446777,"Male"
"6018401",371833,2025-05-16 09:34:37,43.3575134277344,-8.84390354156494,"Male"
"6018401",371833,2025-05-16 09:39:37,43.3573799133301,-8.84371376037598,"Male"
"6018401",371833,2025-05-16 09:44:39,43.3577117919922,-8.84435272216797,"Male"
"6018401",371833,2025-05-16 09:49:44,43.3574714660645,-8.84410858154297,"Male"
"6018401",371833,2025-05-16 09:54:44,43.3573226928711,-8.84420776367188,"Male"
"6018401",371833,2025-05-16 09:59:39,43.3571243286133,-8.84368228912354,"Male"
"6018401",371833,2025-05-16 10:04:41,43.3572731018066,-8.84392833709717,"Male"
"6018401",371833,2025-05-16 10:09:39,43.357307434082,-8.84380054473877,"Male"
"6018401",371833,2025-05-16 10:14:40,43.3573341369629,-8.84389495849609,"Male"
"6018401",371833,2025-05-16 10:19:36,43.3572235107422,-8.84370994567871,"Male"
"6018401",371833,2025-05-16 10:24:40,43.3574371337891,-8.84368419647217,"Male"
"6018401",371833,2025-05-16 10:29:38,43.3576126098633,-8.84431743621826,"Male"
"6018401",371833,2025-05-16 10:34:40,43.357536315918,-8.84381008148193,"Male"
"6018401",371833,2025-05-16 10:39:40,43.3575782775879,-8.84368228912354,"Male"
"6018401",371833,2025-05-16 10:44:41,43.3575553894043,-8.84377670288086,"Male"
"6018401",371833,2025-05-16 10:49:41,43.3574485778809,-8.84379291534424,"Male"
"6018401",371833,2025-05-16 10:54:42,43.3574562072754,-8.84365081787109,"Male"
"6018401",371833,2025-05-16 10:59:40,43.3574829101562,-8.84365844726562,"Male"
"6018401",371833,2025-05-16 11:04:39,43.3574562072754,-8.84387969970703,"Male"
"6018401",371833,2025-05-16 11:09:45,43.3575248718262,-8.84405708312988,"Male"
"6018401",371833,2025-05-16 11:14:41,43.3576469421387,-8.84420490264893,"Male"
"6018401",371833,2025-05-16 11:19:40,43.3574066162109,-8.84388542175293,"Male"
"6018401",371833,2025-05-16 11:24:39,43.3573951721191,-8.84387493133545,"Male"
"6018401",371833,2025-05-16 11:29:42,43.3574562072754,-8.84375476837158,"Male"
"6018401",371833,2025-05-16 11:34:48,43.3573303222656,-8.8438720703125,"Male"
"6018401",371833,2025-05-16 11:39:42,43.357421875,-8.84384059906006,"Male"
"6018401",371833,2025-05-16 11:44:41,43.3572769165039,-8.84386825561523,"Male"
"6018401",371833,2025-05-16 11:50:05,43.3575134277344,-8.84396076202393,"Male"
"6018401",371833,2025-05-16 11:54:39,43.3574485778809,-8.84394931793213,"Male"
"6018401",371833,2025-05-16 11:59:36,43.3575477600098,-8.84403228759766,"Male"
"6018401",371833,2025-05-16 12:04:41,43.3575439453125,-8.84401702880859,"Male"
"6018401",371833,2025-05-16 12:09:39,43.357494354248,-8.84400177001953,"Male"
"6018401",371833,2025-05-16 12:14:40,43.3573455810547,-8.84420585632324,"Male"
"6018401",371833,2025-05-16 12:19:39,43.3574028015137,-8.84411430358887,"Male"
"6018401",371833,2025-05-16 12:24:40,43.357593536377,-8.84382724761963,"Male"
"6018401",371833,2025-05-16 12:29:41,43.3577079772949,-8.84377288818359,"Male"
"6018401",371833,2025-05-16 12:34:41,43.3576698303223,-8.84383106231689,"Male"
"6018401",371833,2025-05-16 12:39:40,43.3576927185059,-8.84387302398682,"Male"
"6018401",371833,2025-05-16 12:44:42,43.3577919006348,-8.84374809265137,"Male"
"6018401",371833,2025-05-16 12:50:04,43.3576240539551,-8.84395313262939,"Male"
"6018401",371833,2025-05-16 12:54:34,43.3575057983398,-8.84398174285889,"Male"
"6018401",371833,2025-05-16 12:59:35,43.3576736450195,-8.8440055847168,"Male"
"6018401",371833,2025-05-16 13:04:35,43.3576545715332,-8.8439769744873,"Male"
"6018401",371833,2025-05-16 13:09:35,43.3577308654785,-8.84407234191895,"Male"
"6018401",371833,2025-05-16 13:14:35,43.3575820922852,-8.84392547607422,"Male"
"6018401",371833,2025-05-16 13:19:35,43.3577270507812,-8.8440465927124,"Male"
"6018401",371833,2025-05-16 13:24:36,43.3577766418457,-8.84407329559326,"Male"
"6018401",371833,2025-05-16 13:29:36,43.3577842712402,-8.84400081634521,"Male"
"6018401",371833,2025-05-16 13:34:35,43.3576889038086,-8.84419727325439,"Male"
"6018401",371833,2025-05-16 13:39:36,43.3577041625977,-8.84415912628174,"Male"
"6018401",371833,2025-05-16 13:44:36,43.3577194213867,-8.84415149688721,"Male"
"6018401",371833,2025-05-16 13:49:36,43.3577003479004,-8.84389400482178,"Male"
"6018401",371833,2025-05-16 13:54:35,43.3579864501953,-8.84639263153076,"Male"
"6018401",371833,2025-05-16 13:59:35,43.3327903747559,-8.85388660430908,"Male"
"6018401",371833,2025-05-16 14:04:37,43.3139266967773,-8.85721111297607,"Male"
"6018401",371833,2025-05-16 14:09:36,43.3141746520996,-8.85711860656738,"Male"
"6018401",371833,2025-05-16 14:14:35,43.3142051696777,-8.85710144042969,"Male"
"6018401",371833,2025-05-16 14:19:35,43.322395324707,-8.85368537902832,"Male"
"6018401",371833,2025-05-16 14:24:35,43.3410110473633,-8.85119438171387,"Male"
"6018401",371833,2025-05-16 14:29:35,43.3593597412109,-8.85075664520264,"Male"
"6018401",371833,2025-05-16 14:34:36,43.3579254150391,-8.84418773651123,"Male"
"6018401",371833,2025-05-16 14:39:36,43.3578987121582,-8.84416580200195,"Male"
"6018401",371833,2025-05-16 14:44:36,43.3579406738281,-8.84421062469482,"Male"
"6018401",371833,2025-05-16 14:49:35,43.3578186035156,-8.84407520294189,"Male"
"6018401",371833,2025-05-16 14:54:35,43.3577880859375,-8.84424591064453,"Male"
"6018401",371833,2025-05-16 14:59:36,43.3577423095703,-8.84419536590576,"Male"
"6018401",371833,2025-05-16 15:04:36,43.3576240539551,-8.84409809112549,"Male"
"6018401",371833,2025-05-16 15:09:36,43.3578567504883,-8.84428215026855,"Male"
"6018401",371833,2025-05-16 15:14:37,43.3576774597168,-8.84413719177246,"Male"
"6018401",371833,2025-05-16 15:19:40,43.3573455810547,-8.84447574615479,"Male"
"6018401",371833,2025-05-16 15:24:40,43.3573837280273,-8.8442554473877,"Male"
"6018401",371833,2025-05-16 15:29:36,43.3570098876953,-8.84414768218994,"Male"
"6018401",371833,2025-05-16 15:34:37,43.3569412231445,-8.844162940979,"Male"
"6018401",371833,2025-05-16 15:39:40,43.3571701049805,-8.84420680999756,"Male"
"6018401",371833,2025-05-16 15:44:40,43.3571968078613,-8.84412288665771,"Male"
"6018401",371833,2025-05-16 15:49:37,43.3573722839355,-8.8441333770752,"Male"
"6018401",371833,2025-05-16 15:54:36,43.357421875,-8.84394264221191,"Male"
"6018401",371833,2025-05-16 15:59:37,43.3573455810547,-8.84367942810059,"Male"
"6018401",371833,2025-05-16 16:04:36,43.3577423095703,-8.84456825256348,"Male"
"6018401",371833,2025-05-16 16:09:35,43.3577117919922,-8.84468173980713,"Male"
"6018401",371833,2025-05-16 16:14:37,43.357723236084,-8.84415531158447,"Male"
"6018401",371833,2025-05-16 16:19:36,43.3579139709473,-8.84486484527588,"Male"
"6018401",371833,2025-05-16 16:24:35,43.3581657409668,-8.84525966644287,"Male"
"6018401",371833,2025-05-16 16:29:38,43.357494354248,-8.84373664855957,"Male"
"6018401",371833,2025-05-16 16:34:35,43.3579597473145,-8.84465789794922,"Male"
"6018401",371833,2025-05-16 16:39:36,43.3579406738281,-8.84449672698975,"Male"
"6018401",371833,2025-05-16 16:44:38,43.3574981689453,-8.84374523162842,"Male"
"6018401",371833,2025-05-16 16:49:39,43.3574066162109,-8.84356021881104,"Male"
"6018401",371833,2025-05-16 16:54:43,43.3574028015137,-8.84362888336182,"Male"
"6018401",371833,2025-05-16 16:59:38,43.3575630187988,-8.8437557220459,"Male"
"6018401",371833,2025-05-16 17:04:38,43.3575859069824,-8.84379482269287,"Male"
"6018401",371833,2025-05-16 17:09:37,43.3575172424316,-8.84370899200439,"Male"
"6018401",371833,2025-05-16 17:14:37,43.3575172424316,-8.84371376037598,"Male"
"6018401",371833,2025-05-16 17:19:37,43.3575019836426,-8.84374141693115,"Male"
"6018401",371833,2025-05-16 17:24:36,43.3574638366699,-8.8436279296875,"Male"
"6018401",371833,2025-05-16 17:29:37,43.3575744628906,-8.8437614440918,"Male"
"6018401",371833,2025-05-16 17:34:41,43.3575210571289,-8.84362030029297,"Male"
"6018401",371833,2025-05-16 17:39:40,43.3575820922852,-8.84317207336426,"Male"
"6018401",371833,2025-05-16 17:44:37,43.3574905395508,-8.84359073638916,"Male"
"6018401",371833,2025-05-16 17:49:36,43.3574447631836,-8.84364414215088,"Male"
"6018401",371833,2025-05-16 17:54:38,43.3574714660645,-8.84366607666016,"Male"
"6018401",371833,2025-05-16 17:59:36,43.3574028015137,-8.84350109100342,"Male"
"6018401",371833,2025-05-16 18:04:38,43.3573570251465,-8.84350681304932,"Male"
"6018401",371833,2025-05-16 18:09:39,43.3572883605957,-8.84346199035645,"Male"
"6018401",371833,2025-05-16 18:14:38,43.3572959899902,-8.84374046325684,"Male"
"6018401",371833,2025-05-16 18:19:37,43.3572731018066,-8.84373474121094,"Male"
"6018401",371833,2025-05-16 18:24:38,43.357234954834,-8.8437032699585,"Male"
"6018401",371833,2025-05-16 18:29:37,43.3572311401367,-8.84320068359375,"Male"
"6018401",371833,2025-05-16 18:34:40,43.3573265075684,-8.84368801116943,"Male"
"6018401",371833,2025-05-16 18:39:40,43.3574104309082,-8.84376239776611,"Male"
"6018401",371833,2025-05-16 18:45:05,43.357666015625,-8.84375381469727,"Male"
"6018401",371833,2025-05-16 18:49:37,43.3577194213867,-8.8437328338623,"Male"
"6018401",371833,2025-05-16 18:54:37,43.3577728271484,-8.84373664855957,"Male"
"6018401",371833,2025-05-16 18:59:36,43.3577842712402,-8.84363555908203,"Male"
"6018401",371833,2025-05-16 19:04:36,43.3577079772949,-8.84371948242188,"Male"
"6018401",371833,2025-05-16 19:09:39,43.3576698303223,-8.84382820129395,"Male"
"6018401",371833,2025-05-16 19:14:35,43.3577117919922,-8.84376049041748,"Male"
"6018401",371833,2025-05-16 19:19:35,43.3575973510742,-8.8439245223999,"Male"
"6018401",371833,2025-05-16 19:24:35,43.3576622009277,-8.84386444091797,"Male"
"6018401",371833,2025-05-16 19:29:35,43.3574523925781,-8.84400177001953,"Male"
"6018401",371833,2025-05-16 19:34:44,43.3576393127441,-8.843918800354,"Male"
"6018401",371833,2025-05-16 19:39:34,43.3575782775879,-8.84395885467529,"Male"
"6018401",371833,2025-05-16 19:44:35,43.3575706481934,-8.84401702880859,"Male"
"6018401",371833,2025-05-16 19:49:34,43.3575897216797,-8.84392261505127,"Male"
"6018401",371833,2025-05-16 19:54:34,43.3575401306152,-8.84398937225342,"Male"
"6018401",371833,2025-05-16 19:59:34,43.3576278686523,-8.84391593933105,"Male"
"6018401",371833,2025-05-16 20:04:34,43.3575325012207,-8.8440465927124,"Male"
"6018401",371833,2025-05-16 20:09:34,43.357551574707,-8.84392929077148,"Male"
"6018401",371833,2025-05-16 20:14:34,43.3575592041016,-8.84397983551025,"Male"
"6018401",371833,2025-05-16 20:19:37,43.3575134277344,-8.84404563903809,"Male"
"6018401",371833,2025-05-16 20:24:40,43.3575210571289,-8.84403800964355,"Male"
"6018401",371833,2025-05-16 20:29:37,43.357608795166,-8.84403991699219,"Male"
"6018401",371833,2025-05-16 20:34:34,43.3576278686523,-8.84407329559326,"Male"
"6018401",371833,2025-05-16 20:39:34,43.3576011657715,-8.84398746490479,"Male"
"6018401",371833,2025-05-16 20:44:38,43.3575401306152,-8.8439245223999,"Male"
"6018401",371833,2025-05-16 20:49:36,43.3573989868164,-8.84383773803711,"Male"
"6018401",371833,2025-05-16 20:54:38,43.3573913574219,-8.84382820129395,"Male"
"6018401",371833,2025-05-16 20:59:38,43.357780456543,-8.84437465667725,"Male"
"6018401",371833,2025-05-16 21:04:34,43.3577156066895,-8.84410762786865,"Male"
"6018401",371833,2025-05-16 21:09:35,43.357593536377,-8.84416007995605,"Male"
"6018401",371833,2025-05-16 21:14:35,43.3573112487793,-8.84371662139893,"Male"
"6018401",371833,2025-05-16 21:19:34,43.3576011657715,-8.84420108795166,"Male"
"6018401",371833,2025-05-16 21:24:39,43.3576011657715,-8.84418392181396,"Male"
"6018401",371833,2025-05-16 21:29:36,43.3577003479004,-8.84428405761719,"Male"
"6018401",371833,2025-05-16 21:34:38,43.3577461242676,-8.84439373016357,"Male"
"6018401",371833,2025-05-16 21:39:40,43.357795715332,-8.84460067749023,"Male"
"6018401",371833,2025-05-16 21:44:40,43.3577537536621,-8.84460926055908,"Male"
"6018401",371833,2025-05-16 21:49:37,43.3577003479004,-8.84442901611328,"Male"
"6018401",371833,2025-05-16 21:54:50,43.3577003479004,-8.84448337554932,"Male"
"6018401",371833,2025-05-16 21:59:37,43.3576812744141,-8.84448719024658,"Male"
"6018401",371833,2025-05-16 22:04:35,43.3574905395508,-8.84406280517578,"Male"
"6018401",371833,2025-05-16 22:10:05,43.3575706481934,-8.84407806396484,"Male"
"6018401",371833,2025-05-16 22:14:33,43.3575477600098,-8.8439769744873,"Male"
"6018401",371833,2025-05-16 22:19:33,43.3574981689453,-8.84402370452881,"Male"
"6018401",371833,2025-05-16 22:24:33,43.3574867248535,-8.8439769744873,"Male"
"6018401",371833,2025-05-16 22:29:33,43.3574829101562,-8.84395313262939,"Male"
"6018401",371833,2025-05-16 22:34:34,43.3574485778809,-8.84402275085449,"Male"
"6018401",371833,2025-05-16 22:39:34,43.3575859069824,-8.8439826965332,"Male"
"6018401",371833,2025-05-16 22:44:35,43.3575401306152,-8.84390735626221,"Male"
"6018401",371833,2025-05-16 22:49:35,43.357234954834,-8.84422397613525,"Male"
"6018401",371833,2025-05-16 22:54:34,43.3573722839355,-8.84405136108398,"Male"
"6018401",371833,2025-05-16 22:59:35,43.3573455810547,-8.8440408706665,"Male"
"6018401",371833,2025-05-16 23:04:34,43.3572235107422,-8.84410285949707,"Male"
"6018401",371833,2025-05-16 23:09:35,43.3573265075684,-8.84389686584473,"Male"
"6018401",371833,2025-05-16 23:14:34,43.3571434020996,-8.84377002716064,"Male"
"6018401",371833,2025-05-16 23:19:34,43.3574562072754,-8.84398746490479,"Male"
"6018401",371833,2025-05-16 23:24:34,43.3575057983398,-8.84401798248291,"Male"
"6018401",371833,2025-05-16 23:29:34,43.3575248718262,-8.84392642974854,"Male"
"6018401",371833,2025-05-16 23:34:34,43.356990814209,-8.84372329711914,"Male"
"6018401",371833,2025-05-16 23:39:35,43.3571434020996,-8.84389019012451,"Male"
"6018401",371833,2025-05-16 23:44:39,43.3574295043945,-8.8441047668457,"Male"
"6018401",371833,2025-05-16 23:49:37,43.3574142456055,-8.84412574768066,"Male"
"6018401",371833,2025-05-16 23:54:36,43.3566246032715,-8.84290790557861,"Male"
"6018401",371833,2025-05-16 23:59:35,43.3567237854004,-8.84303188323975,"Male"
"6018401",371833,2025-05-17 00:04:35,43.3565940856934,-8.84260940551758,"Male"
"6018401",371833,2025-05-17 00:09:36,43.3566741943359,-8.84304904937744,"Male"
"6018401",371833,2025-05-17 00:14:35,43.3568382263184,-8.84308433532715,"Male"
"6018401",371833,2025-05-17 00:19:36,43.3572731018066,-8.84367084503174,"Male"
"6018401",371833,2025-05-17 00:24:34,43.3574180603027,-8.84382820129395,"Male"
"6018401",371833,2025-05-17 00:29:34,43.3574333190918,-8.84390449523926,"Male"
"6018401",371833,2025-05-17 00:34:35,43.3574333190918,-8.84384918212891,"Male"
"6018401",371833,2025-05-17 00:39:34,43.3574676513672,-8.8438549041748,"Male"
"6018401",371833,2025-05-17 00:44:35,43.3574829101562,-8.84390163421631,"Male"
"6018401",371833,2025-05-17 00:49:34,43.3574638366699,-8.84384727478027,"Male"
"6018401",371833,2025-05-17 00:54:34,43.3575286865234,-8.84368705749512,"Male"
"6018401",371833,2025-05-17 00:59:35,43.3575706481934,-8.84372615814209,"Male"
"6018401",371833,2025-05-17 01:04:35,43.3575744628906,-8.84381675720215,"Male"
"6018401",371833,2025-05-17 01:09:35,43.3575744628906,-8.84370136260986,"Male"
"6018401",371833,2025-05-17 01:14:34,43.3575477600098,-8.84375095367432,"Male"
"6018401",371833,2025-05-17 01:19:34,43.3575973510742,-8.84372615814209,"Male"
"6018401",371833,2025-05-17 01:24:35,43.3575210571289,-8.84374141693115,"Male"
"6018401",371833,2025-05-17 01:29:34,43.357494354248,-8.84373092651367,"Male"
"6018401",371833,2025-05-17 01:34:34,43.3574981689453,-8.84378910064697,"Male"
"6018401",371833,2025-05-17 01:39:34,43.357536315918,-8.84384441375732,"Male"
"6018401",371833,2025-05-17 01:44:37,43.3574523925781,-8.84378051757812,"Male"
"6018401",371833,2025-05-17 01:49:35,43.3573837280273,-8.84385681152344,"Male"
"6018401",371833,2025-05-17 01:54:34,43.3574295043945,-8.84384346008301,"Male"
"6018401",371833,2025-05-17 01:59:35,43.3574409484863,-8.84374809265137,"Male"
"6018401",371833,2025-05-17 02:04:34,43.3574562072754,-8.84380149841309,"Male"
"6018401",371833,2025-05-17 02:09:34,43.3574447631836,-8.84361457824707,"Male"
"6018401",371833,2025-05-17 02:14:35,43.3573875427246,-8.84368419647217,"Male"
"6018401",371833,2025-05-17 02:19:35,43.3572998046875,-8.84355545043945,"Male"
"6018401",371833,2025-05-17 02:24:36,43.3572120666504,-8.8431921005249,"Male"
"6018401",371833,2025-05-17 02:29:35,43.357364654541,-8.84377384185791,"Male"
"6018401",371833,2025-05-17 02:34:35,43.357421875,-8.84357452392578,"Male"
"6018401",371833,2025-05-17 02:39:38,43.3575286865234,-8.84361457824707,"Male"
"6018401",371833,2025-05-17 02:44:35,43.3574523925781,-8.84372520446777,"Male"
"6018401",371833,2025-05-17 02:49:34,43.3574066162109,-8.84377098083496,"Male"
"6018401",371833,2025-05-17 02:54:36,43.3573379516602,-8.84403133392334,"Male"
"6018401",371833,2025-05-17 02:59:35,43.3574142456055,-8.84376907348633,"Male"
"6018401",371833,2025-05-17 03:04:35,43.3573188781738,-8.84407901763916,"Male"
"6018401",371833,2025-05-17 03:09:36,43.3573760986328,-8.84417915344238,"Male"
"6018401",371833,2025-05-17 03:14:37,43.3576889038086,-8.84360408782959,"Male"
"6018401",371833,2025-05-17 03:19:36,43.3576354980469,-8.84576606750488,"Male"
"6018401",371833,2025-05-17 03:24:42,43.3575782775879,-8.84369564056396,"Male"
"6018401",371833,2025-05-17 03:29:42,43.3575325012207,-8.84362697601318,"Male"
"6018401",371833,2025-05-17 03:34:39,43.3576850891113,-8.84377098083496,"Male"
"6018401",371833,2025-05-17 03:39:36,43.3580360412598,-8.84157752990723,"Male"
"6018401",371833,2025-05-17 03:44:37,43.3583831787109,-8.8410816192627,"Male"
"6018401",371833,2025-05-17 03:49:37,43.3581504821777,-8.84365177154541,"Male"
"6018401",371833,2025-05-17 03:54:36,43.3581314086914,-8.84353733062744,"Male"
"6018401",371833,2025-05-17 03:59:37,43.358211517334,-8.84361457824707,"Male"
"6018401",371833,2025-05-17 04:04:49,43.3582992553711,-8.84366989135742,"Male"
"6018401",371833,2025-05-17 04:09:36,43.3581886291504,-8.84367656707764,"Male"
"6018401",371833,2025-05-17 04:14:35,43.3581123352051,-8.84369564056396,"Male"
"6018401",371833,2025-05-17 04:19:36,43.358039855957,-8.84378623962402,"Male"
"6018401",371833,2025-05-17 04:24:36,43.3581390380859,-8.84383010864258,"Male"
"6018401",371833,2025-05-17 04:29:39,43.3581428527832,-8.84392166137695,"Male"
"6018401",371833,2025-05-17 04:34:36,43.3581428527832,-8.84401893615723,"Male"
"6018401",371833,2025-05-17 04:39:35,43.3582420349121,-8.84410858154297,"Male"
"6018401",371833,2025-05-17 04:44:34,43.3581581115723,-8.84414100646973,"Male"
"6018401",371833,2025-05-17 04:49:36,43.358097076416,-8.84414291381836,"Male"
"6018401",371833,2025-05-17 04:54:34,43.3581581115723,-8.84421062469482,"Male"
"6018401",371833,2025-05-17 04:59:36,43.3581047058105,-8.84426879882812,"Male"
"6018401",371833,2025-05-17 05:04:35,43.3582191467285,-8.84439182281494,"Male"
"6018401",371833,2025-05-17 05:09:36,43.3582000732422,-8.84435176849365,"Male"
"6018401",371833,2025-05-17 05:14:37,43.3576736450195,-8.84393692016602,"Male"
"6018401",371833,2025-05-17 05:19:39,43.3578948974609,-8.8440580368042,"Male"
"6018401",371833,2025-05-17 05:24:42,43.3573989868164,-8.84415626525879,"Male"
"6018401",371833,2025-05-17 05:30:05,43.3573799133301,-8.8441333770752,"Male"
"6018401",371833,2025-05-17 05:34:33,43.3573722839355,-8.84417915344238,"Male"
"6018401",371833,2025-05-17 05:39:34,43.3575668334961,-8.84390258789062,"Male"
"6018401",371833,2025-05-17 05:44:39,43.3576049804688,-8.84399604797363,"Male"
"6018401",371833,2025-05-17 05:49:35,43.3575286865234,-8.84394073486328,"Male"
"6018401",371833,2025-05-17 05:54:34,43.357666015625,-8.84397220611572,"Male"
"6018401",371833,2025-05-17 05:59:35,43.3574638366699,-8.84384155273438,"Male"
"6018401",371833,2025-05-17 06:04:35,43.3573265075684,-8.84395408630371,"Male"
"6018401",371833,2025-05-17 06:09:34,43.3573875427246,-8.84394836425781,"Male"
"6018401",371833,2025-05-17 06:14:33,43.3574600219727,-8.84401798248291,"Male"
"6018401",371833,2025-05-17 06:19:35,43.3572578430176,-8.84379386901855,"Male"
"6018401",371833,2025-05-17 06:24:39,43.3575592041016,-8.84409809112549,"Male"
"6018401",371833,2025-05-17 06:29:36,43.3577270507812,-8.84457206726074,"Male"
"6018401",371833,2025-05-17 06:34:54,43.3575630187988,-8.84411334991455,"Male"
"6018401",371833,2025-05-17 06:39:34,43.3576469421387,-8.84442710876465,"Male"
"6018401",371833,2025-05-17 06:44:44,43.357536315918,-8.84411144256592,"Male"
"6018401",371833,2025-05-17 06:49:34,43.3575592041016,-8.84414005279541,"Male"
"6018401",371833,2025-05-17 06:54:34,43.3575057983398,-8.84409618377686,"Male"
"6018401",371833,2025-05-17 06:59:34,43.357551574707,-8.84405422210693,"Male"
"6018401",371833,2025-05-17 07:04:36,43.3575477600098,-8.84409236907959,"Male"
"6018401",371833,2025-05-17 07:09:34,43.3575325012207,-8.84412574768066,"Male"
"6018401",371833,2025-05-17 07:14:34,43.3575096130371,-8.84403991699219,"Male"
"6018401",371833,2025-05-17 07:19:36,43.3575477600098,-8.84410858154297,"Male"
"6018401",371833,2025-05-17 07:24:34,43.357536315918,-8.84409809112549,"Male"
"6018401",371833,2025-05-17 07:29:34,43.3575134277344,-8.84408092498779,"Male"
"6018401",371833,2025-05-17 07:34:34,43.3575210571289,-8.84405326843262,"Male"
"6018401",371833,2025-05-17 07:39:34,43.3574752807617,-8.84405899047852,"Male"
"6018401",371833,2025-05-17 07:45:05,43.3575134277344,-8.84403896331787,"Male"
"6018401",371833,2025-05-17 07:49:34,43.3574905395508,-8.84397315979004,"Male"
"6018401",371833,2025-05-17 07:54:33,43.3574295043945,-8.84405612945557,"Male"
"6018401",371833,2025-05-17 07:59:33,43.3574714660645,-8.84408664703369,"Male"
"6018401",371833,2025-05-17 08:04:34,43.3574371337891,-8.8440113067627,"Male"
"6018401",371833,2025-05-17 08:09:33,43.3574447631836,-8.84399032592773,"Male"
"6018401",371833,2025-05-17 08:14:34,43.3574485778809,-8.84403800964355,"Male"
"6018401",371833,2025-05-17 08:19:34,43.3575096130371,-8.84396553039551,"Male"
"6018401",371833,2025-05-17 08:24:36,43.3575897216797,-8.84394073486328,"Male"
"6018401",371833,2025-05-17 08:29:34,43.3575973510742,-8.8440580368042,"Male"
"6018401",371833,2025-05-17 08:34:33,43.3575744628906,-8.84409618377686,"Male"
"6018401",371833,2025-05-17 08:39:36,43.3576698303223,-8.84400653839111,"Male"
"6018401",371833,2025-05-17 08:44:36,43.3576278686523,-8.84397411346436,"Male"
"6018401",371833,2025-05-17 08:49:35,43.3576049804688,-8.84405136108398,"Male"
"6018401",371833,2025-05-17 08:54:36,43.3576393127441,-8.844069480896,"Male"
"6018401",371833,2025-05-17 08:59:37,43.3576126098633,-8.84402656555176,"Male"
"6018401",371833,2025-05-17 09:04:37,43.357608795166,-8.84412288665771,"Male"
"6018401",371833,2025-05-17 09:09:35,43.3575706481934,-8.84413623809814,"Male"
"6018401",371833,2025-05-17 09:14:37,43.3575439453125,-8.84398746490479,"Male"
"6018401",371833,2025-05-17 09:19:35,43.3575057983398,-8.84400272369385,"Male"
"6018401",371833,2025-05-17 09:24:35,43.357551574707,-8.84389877319336,"Male"
"6018401",371833,2025-05-17 09:29:36,43.357593536377,-8.84396934509277,"Male"
"6018401",371833,2025-05-17 09:34:36,43.3575134277344,-8.84378719329834,"Male"
"6018401",371833,2025-05-17 09:39:36,43.3575630187988,-8.84399509429932,"Male"
"6018401",371833,2025-05-17 09:44:34,43.3575630187988,-8.84406566619873,"Male"
"6018401",371833,2025-05-17 09:49:36,43.3572959899902,-8.84400272369385,"Male"
"6018401",371833,2025-05-17 09:54:35,43.3574600219727,-8.84400844573975,"Male"
"6018401",371833,2025-05-17 09:59:38,43.3574104309082,-8.8440580368042,"Male"
"6018401",371833,2025-05-17 10:04:37,43.3574028015137,-8.84409523010254,"Male"
"6018401",371833,2025-05-17 10:09:34,43.3570899963379,-8.8437328338623,"Male"
"6018401",371833,2025-05-17 10:14:37,43.3573265075684,-8.84403800964355,"Male"
"6018401",371833,2025-05-17 10:19:34,43.3575439453125,-8.84412860870361,"Male"
"6018401",371833,2025-05-17 10:24:34,43.3574256896973,-8.84378910064697,"Male"
"6018401",371833,2025-05-17 10:29:34,43.3574028015137,-8.84394359588623,"Male"
"6018401",371833,2025-05-17 10:34:35,43.3573837280273,-8.84347248077393,"Male"
"6018401",371833,2025-05-17 10:39:37,43.3574142456055,-8.84385299682617,"Male"
"6018401",371833,2025-05-17 10:44:36,43.3571891784668,-8.84360218048096,"Male"
"6018401",371833,2025-05-17 10:49:34,43.3573799133301,-8.84373664855957,"Male"
"6018401",371833,2025-05-17 10:54:34,43.3574142456055,-8.84375476837158,"Male"
"6018401",371833,2025-05-17 10:59:36,43.3572959899902,-8.84356212615967,"Male"
"6018401",371833,2025-05-17 11:04:34,43.3572578430176,-8.84424018859863,"Male"
"6018401",371833,2025-05-17 11:09:34,43.3573532104492,-8.84360885620117,"Male"
"6018401",371833,2025-05-17 11:14:34,43.3572807312012,-8.8440465927124,"Male"
"6018401",371833,2025-05-17 11:19:36,43.3572998046875,-8.84356594085693,"Male"
"6018401",371833,2025-05-17 11:24:35,43.3573341369629,-8.84359455108643,"Male"
"6018401",371833,2025-05-17 11:29:34,43.357364654541,-8.84351825714111,"Male"
"6018401",371833,2025-05-17 11:34:36,43.3571395874023,-8.84345436096191,"Male"
"6018401",371833,2025-05-17 11:39:37,43.3571434020996,-8.84334659576416,"Male"
"6018401",371833,2025-05-17 11:44:39,43.3571243286133,-8.84328937530518,"Male"
"6018401",371833,2025-05-17 11:49:35,43.3573760986328,-8.84370613098145,"Male"
"6018401",371833,2025-05-17 11:54:39,43.3571853637695,-8.84356498718262,"Male"
"6018401",371833,2025-05-17 11:59:40,43.3574714660645,-8.84349632263184,"Male"
"6018401",371833,2025-05-17 12:04:39,43.3577041625977,-8.84361362457275,"Male"
"6018401",371833,2025-05-17 12:09:42,43.356388092041,-8.84279155731201,"Male"
"6018401",371833,2025-05-17 12:14:39,43.3504791259766,-8.83500003814697,"Male"
"6018401",371833,2025-05-17 12:19:35,43.3421058654785,-8.84478282928467,"Male"
"6018401",371833,2025-05-17 12:24:37,43.3140106201172,-8.85680198669434,"Male"
"6018401",371833,2025-05-17 12:29:46,43.3139343261719,-8.85669612884521,"Male"
"6018401",371833,2025-05-17 12:34:34,43.3182601928711,-8.85993099212646,"Male"
"6018401",371833,2025-05-17 12:39:43,43.3212356567383,-8.852294921875,"Male"
"6018401",371833,2025-05-17 12:44:42,43.3213500976562,-8.85214328765869,"Male"
"6018401",371833,2025-05-17 12:49:42,43.321346282959,-8.85215377807617,"Male"
"6018401",371833,2025-05-17 12:54:37,43.3309211730957,-8.84493350982666,"Male"
"6018401",371833,2025-05-17 12:59:35,43.3441886901855,-8.8476734161377,"Male"
"6018401",371833,2025-05-17 13:04:35,43.3579139709473,-8.84387969970703,"Male"
"6018401",371833,2025-05-17 13:09:37,43.3579750061035,-8.84342288970947,"Male"
"6018401",371833,2025-05-17 13:14:36,43.3578796386719,-8.84342956542969,"Male"
"6018401",371833,2025-05-17 13:19:41,43.3578720092773,-8.84342670440674,"Male"
"6018401",371833,2025-05-17 13:24:35,43.3577919006348,-8.84348392486572,"Male"
"6018401",371833,2025-05-17 13:29:42,43.3577842712402,-8.84349346160889,"Male"
"6018401",371833,2025-05-17 13:34:42,43.3575744628906,-8.84348201751709,"Male"
"6018401",371833,2025-05-17 13:39:43,43.3589248657227,-8.84347629547119,"Male"
"6018401",371833,2025-05-17 13:44:36,43.3577537536621,-8.84342765808105,"Male"
"6018401",371833,2025-05-17 13:49:42,43.3577995300293,-8.84356212615967,"Male"
"6018401",371833,2025-05-17 13:54:35,43.3577156066895,-8.84337615966797,"Male"
"6018401",371833,2025-05-17 13:59:36,43.3577117919922,-8.84346103668213,"Male"
"6018401",371833,2025-05-17 14:04:39,43.357738494873,-8.84352016448975,"Male"
"6018401",371833,2025-05-17 14:09:39,43.3577651977539,-8.84358310699463,"Male"
"6018401",371833,2025-05-17 14:14:42,43.3577766418457,-8.84308528900146,"Male"
"6018401",371833,2025-05-17 14:19:36,43.357795715332,-8.84360599517822,"Male"
"6018401",371833,2025-05-17 14:24:41,43.357723236084,-8.84288692474365,"Male"
"6018401",371833,2025-05-17 14:29:40,43.3577728271484,-8.84320831298828,"Male"
"6018401",371833,2025-05-17 14:34:41,43.3576011657715,-8.8438081741333,"Male"
"6018401",371833,2025-05-17 14:39:36,43.3579444885254,-8.84261703491211,"Male"
"6018401",371833,2025-05-17 14:44:34,43.3583831787109,-8.8439769744873,"Male"
"6018401",371833,2025-05-17 14:49:37,43.3578147888184,-8.84355545043945,"Male"
"6018401",371833,2025-05-17 14:54:36,43.35791015625,-8.84377098083496,"Male"
"6018401",371833,2025-05-17 14:59:37,43.3575973510742,-8.84392070770264,"Male"
"6018401",371833,2025-05-17 15:04:41,43.3575286865234,-8.84389209747314,"Male"
"6018401",371833,2025-05-17 15:09:37,43.3577728271484,-8.84361743927002,"Male"
"6018401",371833,2025-05-17 15:14:42,43.357608795166,-8.84385395050049,"Male"
"6018401",371833,2025-05-17 15:19:40,43.3575019836426,-8.84403514862061,"Male"
"6018401",371833,2025-05-17 15:24:39,43.3575820922852,-8.84396839141846,"Male"
"6018401",371833,2025-05-17 15:29:39,43.3575210571289,-8.84384250640869,"Male"
"6018401",371833,2025-05-17 15:34:40,43.3575782775879,-8.84395027160645,"Male"
"6018401",371833,2025-05-17 15:39:46,43.3577308654785,-8.8439245223999,"Male"
"6018401",371833,2025-05-17 15:44:41,43.3574256896973,-8.84371948242188,"Male"
"6018401",371833,2025-05-17 15:49:39,43.3575706481934,-8.84387302398682,"Male"
"6018401",371833,2025-05-17 15:54:40,43.3576011657715,-8.84406089782715,"Male"
"6018401",371833,2025-05-17 15:59:42,43.3576965332031,-8.84410190582275,"Male"
"6018401",371833,2025-05-17 16:04:41,43.3576736450195,-8.84407329559326,"Male"
"6018401",371833,2025-05-17 16:09:41,43.357666015625,-8.84405517578125,"Male"
"6018401",371833,2025-05-17 16:14:39,43.357666015625,-8.84404468536377,"Male"
"6018401",371833,2025-05-17 16:19:40,43.3576126098633,-8.84410572052002,"Male"
"6018401",371833,2025-05-17 16:24:43,43.3575401306152,-8.84390354156494,"Male"
"6018401",371833,2025-05-17 16:29:46,43.3575630187988,-8.84400081634521,"Male"
"6018401",371833,2025-05-17 16:35:05,43.3575248718262,-8.84400463104248,"Male"
"6018401",371833,2025-05-17 16:39:33,43.3573570251465,-8.84382057189941,"Male"
"6018401",371833,2025-05-17 16:44:36,43.3574638366699,-8.84398365020752,"Male"
"6018401",371833,2025-05-17 16:49:34,43.3574600219727,-8.84398937225342,"Male"
"6018401",371833,2025-05-17 16:54:34,43.357479095459,-8.84395790100098,"Male"
"6018401",371833,2025-05-17 16:59:34,43.3574867248535,-8.84402847290039,"Male"
"6018401",371833,2025-05-17 17:04:34,43.3574562072754,-8.84395408630371,"Male"
"6018401",371833,2025-05-17 17:09:37,43.3574485778809,-8.84386253356934,"Male"
"6018401",371833,2025-05-17 17:14:34,43.3575553894043,-8.84405326843262,"Male"
"6018401",371833,2025-05-17 17:19:36,43.3576393127441,-8.84406089782715,"Male"
"6018401",371833,2025-05-17 17:24:37,43.3576545715332,-8.84382438659668,"Male"
"6018401",371833,2025-05-17 17:29:35,43.3575782775879,-8.84392738342285,"Male"
"6018401",371833,2025-05-17 17:34:34,43.357421875,-8.84383201599121,"Male"
"6018401",371833,2025-05-17 17:39:34,43.3573760986328,-8.84377765655518,"Male"
"6018401",371833,2025-05-17 17:44:34,43.3573989868164,-8.84420871734619,"Male"
"6018401",371833,2025-05-17 17:49:37,43.3574714660645,-8.84390068054199,"Male"
"6018401",371833,2025-05-17 17:54:35,43.3575057983398,-8.84399318695068,"Male"
"6018401",371833,2025-05-17 17:59:34,43.3574829101562,-8.84394836425781,"Male"
"6018401",371833,2025-05-17 18:04:34,43.3574333190918,-8.84392356872559,"Male"
"6018401",371833,2025-05-17 18:09:34,43.3575782775879,-8.84406661987305,"Male"
"6018401",371833,2025-05-17 18:14:36,43.3574523925781,-8.84396457672119,"Male"
"6018401",371833,2025-05-17 18:19:34,43.3574829101562,-8.84395408630371,"Male"
"6018401",371833,2025-05-17 18:24:36,43.3576164245605,-8.84379482269287,"Male"
"6018401",371833,2025-05-17 18:29:37,43.3576011657715,-8.84375858306885,"Male"
"6018401",371833,2025-05-17 18:34:37,43.357593536377,-8.84385681152344,"Male"
"6018401",371833,2025-05-17 18:39:37,43.3576316833496,-8.84389019012451,"Male"
"6018401",371833,2025-05-17 18:44:37,43.3576927185059,-8.84383964538574,"Male"
"6018401",371833,2025-05-17 18:49:34,43.3576736450195,-8.8438081741333,"Male"
"6018401",371833,2025-05-17 18:54:36,43.3574600219727,-8.84411430358887,"Male"
"6018401",371833,2025-05-17 18:59:40,43.357364654541,-8.84415054321289,"Male"
"6018401",371833,2025-05-17 19:04:36,43.3574752807617,-8.84407234191895,"Male"
"6018401",371833,2025-05-17 19:09:35,43.3575286865234,-8.84404182434082,"Male"
"6018401",371833,2025-05-17 19:14:35,43.3576011657715,-8.84396743774414,"Male"
"6018401",371833,2025-05-17 19:19:34,43.3575439453125,-8.84415817260742,"Male"
"6018401",371833,2025-05-17 19:24:39,43.3578491210938,-8.84372997283936,"Male"
"6018401",371833,2025-05-17 19:29:34,43.3577651977539,-8.84394931793213,"Male"
"6018401",371833,2025-05-17 19:34:36,43.3577537536621,-8.84362983703613,"Male"
"6018401",371833,2025-05-17 19:39:34,43.3577842712402,-8.84382343292236,"Male"
"6018401",371833,2025-05-17 19:44:40,43.357837677002,-8.84387493133545,"Male"
"6018401",371833,2025-05-17 19:49:34,43.3772048950195,-8.85683822631836,"Male"
"6018401",371833,2025-05-17 19:54:34,43.3768997192383,-8.85701370239258,"Male"
"6018401",371833,2025-05-17 19:59:38,43.375904083252,-8.858473777771,"Male"
"6018401",371833,2025-05-17 20:04:36,43.3775749206543,-8.86255359649658,"Male"
"6018401",371833,2025-05-17 20:09:41,43.3768615722656,-8.86439609527588,"Male"
"6018401",371833,2025-05-17 20:14:40,43.3765335083008,-8.8657693862915,"Male"
"6018401",371833,2025-05-17 20:19:34,43.3681793212891,-8.85685634613037,"Male"
"6018401",371833,2025-05-17 20:24:36,43.3584480285645,-8.84587097167969,"Male"
"6018401",371833,2025-05-17 20:29:40,43.3582305908203,-8.84603214263916,"Male"
"6018401",371833,2025-05-17 20:34:35,43.3577919006348,-8.84347629547119,"Male"
"6018401",371833,2025-05-17 20:39:36,43.3579788208008,-8.84397602081299,"Male"
"6018401",371833,2025-05-17 20:44:40,43.357723236084,-8.84371948242188,"Male"
"6018401",371833,2025-05-17 20:49:41,43.3578186035156,-8.84365081787109,"Male"
"6018401",371833,2025-05-17 20:54:44,43.3588562011719,-8.84354591369629,"Male"
"6018401",371833,2025-05-17 20:59:42,43.3592262268066,-8.84340476989746,"Male"
"6018401",371833,2025-05-17 21:04:39,43.3577308654785,-8.84360790252686,"Male"
"6018401",371833,2025-05-17 21:09:40,43.3579483032227,-8.84402751922607,"Male"
"6018401",371833,2025-05-17 21:14:39,43.358039855957,-8.84412956237793,"Male"
"6018401",371833,2025-05-17 21:19:34,43.3578109741211,-8.84367561340332,"Male"
"6018401",371833,2025-05-17 21:24:40,43.3581237792969,-8.84389877319336,"Male"
"6018401",371833,2025-05-17 21:29:36,43.3572616577148,-8.84491729736328,"Male"
"6018401",371833,2025-05-17 21:34:36,43.3572692871094,-8.84485340118408,"Male"
"6018401",371833,2025-05-17 21:39:36,43.3573226928711,-8.8446798324585,"Male"
"6018401",371833,2025-05-17 21:44:36,43.3574104309082,-8.8446683883667,"Male"
"6018401",371833,2025-05-17 21:49:36,43.3574066162109,-8.84464168548584,"Male"
"6018401",371833,2025-05-17 21:54:36,43.357494354248,-8.84454822540283,"Male"
"6018401",371833,2025-05-17 21:59:37,43.3576583862305,-8.84447193145752,"Male"
"6018401",371833,2025-05-17 22:04:35,43.3575439453125,-8.84453392028809,"Male"
"6018401",371833,2025-05-17 22:09:36,43.3575134277344,-8.84448528289795,"Male"
"6018401",371833,2025-05-17 22:14:35,43.3575134277344,-8.84444999694824,"Male"
"6018401",371833,2025-05-17 22:19:35,43.3575325012207,-8.84443664550781,"Male"
"6018401",371833,2025-05-17 22:24:35,43.3575439453125,-8.84440803527832,"Male"
"6018401",371833,2025-05-17 22:29:35,43.3575820922852,-8.84433555603027,"Male"
"6018401",371833,2025-05-17 22:34:36,43.3575325012207,-8.84432125091553,"Male"
"6018401",371833,2025-05-17 22:39:35,43.3574981689453,-8.84420204162598,"Male"
"6018401",371833,2025-05-17 22:44:35,43.3575134277344,-8.84418487548828,"Male"
"6018401",371833,2025-05-17 22:49:35,43.3576545715332,-8.84415817260742,"Male"
"6018401",371833,2025-05-17 22:54:36,43.3576393127441,-8.84413814544678,"Male"
"6018401",371833,2025-05-17 22:59:43,43.3578796386719,-8.84428215026855,"Male"
"6018401",371833,2025-05-17 23:04:41,43.3577461242676,-8.84397602081299,"Male"
"6018401",371833,2025-05-17 23:09:37,43.358039855957,-8.84387016296387,"Male"
"6018401",371833,2025-05-17 23:14:36,43.3577079772949,-8.84380626678467,"Male"
"6018401",371833,2025-05-17 23:19:35,43.3575744628906,-8.84408378601074,"Male"
"6018401",371833,2025-05-17 23:24:39,43.3578872680664,-8.84375095367432,"Male"
"6018401",371833,2025-05-17 23:29:42,43.3577728271484,-8.84364604949951,"Male"
"6018401",371833,2025-05-17 23:34:36,43.3574256896973,-8.84330177307129,"Male"
"6018401",371833,2025-05-17 23:39:36,43.3577423095703,-8.84359264373779,"Male"
"6018401",371833,2025-05-17 23:44:41,43.3576126098633,-8.84322261810303,"Male"
"6018401",371833,2025-05-17 23:49:41,43.3576049804688,-8.84321308135986,"Male"
"6018401",371833,2025-05-17 23:54:36,43.3560333251953,-8.84282970428467,"Male"
"6018401",371833,2025-05-17 23:59:40,43.3554725646973,-8.84093856811523,"Male"
"6018401",371833,2025-05-18 00:04:52,43.3567810058594,-8.84347343444824,"Male"
"6018401",371833,2025-05-18 00:09:34,43.3565139770508,-8.84435272216797,"Male"
"6018401",371833,2025-05-18 00:14:35,43.3563919067383,-8.84382152557373,"Male"
"6018401",371833,2025-05-18 00:19:37,43.3563919067383,-8.84432029724121,"Male"
"6018401",371833,2025-05-18 00:24:35,43.3563194274902,-8.84355354309082,"Male"
"6018401",371833,2025-05-18 00:29:43,43.3564605712891,-8.84462928771973,"Male"
"6018401",371833,2025-05-18 00:34:43,43.3565444946289,-8.84427452087402,"Male"
"6018401",371833,2025-05-18 00:39:36,43.3563232421875,-8.84353256225586,"Male"
"6018401",371833,2025-05-18 00:44:37,43.3562622070312,-8.84342670440674,"Male"
"6018401",371833,2025-05-18 00:49:36,43.3562889099121,-8.84339809417725,"Male"
"6018401",371833,2025-05-18 00:54:50,43.3568267822266,-8.84516525268555,"Male"
"6018401",371833,2025-05-18 00:59:40,43.3569946289062,-8.84548759460449,"Male"
"6018401",371833,2025-05-18 01:04:44,43.3569602966309,-8.84560585021973,"Male"
"6018401",371833,2025-05-18 01:09:35,43.3557891845703,-8.84119415283203,"Male"
"6018401",371833,2025-05-18 01:14:36,43.3559036254883,-8.84176445007324,"Male"
"6018401",371833,2025-05-18 01:20:05,43.3560028076172,-8.84335327148438,"Male"
"6018401",371833,2025-05-18 01:24:34,43.3559913635254,-8.84336280822754,"Male"
"6018401",371833,2025-05-18 01:29:34,43.3559112548828,-8.84319496154785,"Male"
"6018401",371833,2025-05-18 01:34:34,43.3558769226074,-8.84323883056641,"Male"
"6018401",371833,2025-05-18 01:39:33,43.3559646606445,-8.84328460693359,"Male"
"6018401",371833,2025-05-18 01:44:34,43.3559417724609,-8.84324169158936,"Male"
"6018401",371833,2025-05-18 01:49:34,43.3559036254883,-8.84319114685059,"Male"
"6018401",371833,2025-05-18 01:54:33,43.3559646606445,-8.8433084487915,"Male"
"6018401",371833,2025-05-18 01:59:34,43.3559188842773,-8.84330081939697,"Male"
"6018401",371833,2025-05-18 02:04:34,43.355899810791,-8.84333610534668,"Male"
"6018401",371833,2025-05-18 02:09:34,43.3559188842773,-8.84334087371826,"Male"
"6018401",371833,2025-05-18 02:14:34,43.3560333251953,-8.84342288970947,"Male"
"6018401",371833,2025-05-18 02:19:34,43.3559761047363,-8.8433780670166,"Male"
"6018401",371833,2025-05-18 02:24:34,43.3559913635254,-8.84341430664062,"Male"
"6018401",371833,2025-05-18 02:29:34,43.3559455871582,-8.84332370758057,"Male"
"6018401",371833,2025-05-18 02:34:34,43.3561134338379,-8.84309482574463,"Male"
"6018401",371833,2025-05-18 02:39:33,43.3578033447266,-8.84351062774658,"Male"
"6018401",371833,2025-05-18 02:44:34,43.3575630187988,-8.84343910217285,"Male"
"6018401",371833,2025-05-18 02:49:35,43.3576469421387,-8.84353542327881,"Male"
"6018401",371833,2025-05-18 02:54:37,43.3579406738281,-8.84391021728516,"Male"
"6018401",371833,2025-05-18 02:59:35,43.3574981689453,-8.84394073486328,"Male"
"6018401",371833,2025-05-18 03:04:38,43.3576316833496,-8.84398174285889,"Male"
"6018401",371833,2025-05-18 03:09:34,43.3575706481934,-8.84396266937256,"Male"
"6018401",371833,2025-05-18 03:14:34,43.3579177856445,-8.84398365020752,"Male"
"6018401",371833,2025-05-18 03:19:34,43.3577156066895,-8.84398746490479,"Male"
"6018401",371833,2025-05-18 03:24:34,43.3577156066895,-8.843994140625,"Male"
"6018401",371833,2025-05-18 03:29:34,43.3577690124512,-8.84397888183594,"Male"
"6018401",371833,2025-05-18 03:34:34,43.3577041625977,-8.84395027160645,"Male"
"6018401",371833,2025-05-18 03:39:34,43.3577156066895,-8.84395694732666,"Male"
"6018401",371833,2025-05-18 03:44:34,43.3576736450195,-8.84398555755615,"Male"
"6018401",371833,2025-05-18 03:49:34,43.3577690124512,-8.84402847290039,"Male"
"6018401",371833,2025-05-18 03:54:34,43.3576164245605,-8.84399795532227,"Male"
"6018401",371833,2025-05-18 03:59:34,43.3576354980469,-8.84387969970703,"Male"
"6018401",371833,2025-05-18 04:04:34,43.3576965332031,-8.84393692016602,"Male"
"6018401",371833,2025-05-18 04:09:34,43.357666015625,-8.84388160705566,"Male"
"6018401",371833,2025-05-18 04:14:34,43.3577575683594,-8.84389686584473,"Male"
"6018401",371833,2025-05-18 04:19:34,43.357738494873,-8.84409523010254,"Male"
"6018401",371833,2025-05-18 04:24:34,43.3577194213867,-8.84406852722168,"Male"
"6018401",371833,2025-05-18 04:29:34,43.3577690124512,-8.84413909912109,"Male"
"6018401",371833,2025-05-18 04:34:34,43.3578147888184,-8.84410381317139,"Male"
"6018401",371833,2025-05-18 04:39:38,43.3577651977539,-8.84404850006104,"Male"
"6018401",371833,2025-05-18 04:44:42,43.3577537536621,-8.84409141540527,"Male"
"6018401",371833,2025-05-18 04:49:38,43.3577423095703,-8.84409713745117,"Male"
"6018401",371833,2025-05-18 04:54:40,43.3578872680664,-8.84403038024902,"Male"
"6018401",371833,2025-05-18 04:59:43,43.3578872680664,-8.84407615661621,"Male"
"6018401",371833,2025-05-18 05:04:41,43.3581199645996,-8.8441219329834,"Male"
"6018401",371833,2025-05-18 05:09:45,43.3582496643066,-8.84420204162598,"Male"
"6018401",371833,2025-05-18 05:14:39,43.358039855957,-8.84426689147949,"Male"
"6018401",371833,2025-05-18 05:20:03,43.3576507568359,-8.84422969818115,"Male"
"6018401",371833,2025-05-18 05:24:34,43.3574867248535,-8.84403800964355,"Male"
"6018401",371833,2025-05-18 05:29:34,43.3575096130371,-8.84404945373535,"Male"
"6018401",371833,2025-05-18 05:34:34,43.3574905395508,-8.84403038024902,"Male"
"6018401",371833,2025-05-18 05:39:34,43.3574295043945,-8.84399223327637,"Male"
"6018401",371833,2025-05-18 05:44:34,43.3574256896973,-8.84392642974854,"Male"
"6018401",371833,2025-05-18 05:49:34,43.3574447631836,-8.8438720703125,"Male"
"6018401",371833,2025-05-18 05:54:35,43.3573226928711,-8.84387397766113,"Male"
"6018401",371833,2025-05-18 05:59:34,43.3574714660645,-8.84392738342285,"Male"
"6018401",371833,2025-05-18 06:04:34,43.3573417663574,-8.84388637542725,"Male"
"6018401",371833,2025-05-18 06:09:34,43.3576583862305,-8.84422588348389,"Male"
"6018401",371833,2025-05-18 06:14:40,43.3576240539551,-8.84422206878662,"Male"
"6018401",371833,2025-05-18 06:19:36,43.3574829101562,-8.84404373168945,"Male"
"6018401",371833,2025-05-18 06:24:36,43.3569641113281,-8.84359264373779,"Male"
"6018401",371833,2025-05-18 06:29:35,43.3571891784668,-8.84380435943604,"Male"
"6018401",371833,2025-05-18 06:34:38,43.3575706481934,-8.84415245056152,"Male"
"6018401",371833,2025-05-18 06:39:37,43.357292175293,-8.84374618530273,"Male"
"6018401",371833,2025-05-18 06:44:38,43.3575096130371,-8.84411430358887,"Male"
"6018401",371833,2025-05-18 06:49:35,43.3574638366699,-8.84410667419434,"Male"
"6018401",371833,2025-05-18 06:54:38,43.3575057983398,-8.84409713745117,"Male"
"6018401",371833,2025-05-18 06:59:38,43.357494354248,-8.84410858154297,"Male"
"6018401",371833,2025-05-18 07:04:35,43.3574600219727,-8.84407329559326,"Male"
"6018401",371833,2025-05-18 07:09:37,43.3575439453125,-8.84428977966309,"Male"
"6018401",371833,2025-05-18 07:14:41,43.3575096130371,-8.84406661987305,"Male"
"6018401",371833,2025-05-18 07:19:38,43.3574676513672,-8.84391689300537,"Male"
"6018401",371833,2025-05-18 07:24:34,43.3574371337891,-8.84386444091797,"Male"
"6018401",371833,2025-05-18 07:29:40,43.3575096130371,-8.84396839141846,"Male"
"6018401",371833,2025-05-18 07:34:35,43.3573913574219,-8.84381008148193,"Male"
"6018401",371833,2025-05-18 07:39:36,43.3575134277344,-8.84397983551025,"Male"
"6018401",371833,2025-05-18 07:44:34,43.357551574707,-8.84394359588623,"Male"
"6018401",371833,2025-05-18 07:49:34,43.3575820922852,-8.84391212463379,"Male"
"6018401",371833,2025-05-18 07:54:36,43.357364654541,-8.84368991851807,"Male"
"6018401",371833,2025-05-18 07:59:38,43.3578262329102,-8.84393119812012,"Male"
"6018401",371833,2025-05-18 08:04:38,43.3577651977539,-8.8439416885376,"Male"
"6018401",371833,2025-05-18 08:09:37,43.357608795166,-8.84389495849609,"Male"
"6018401",371833,2025-05-18 08:14:37,43.3583068847656,-8.84410572052002,"Male"
"6018401",371833,2025-05-18 08:19:34,43.3582763671875,-8.84410381317139,"Male"
"6018401",371833,2025-05-18 08:24:37,43.3577308654785,-8.84386825561523,"Male"
"6018401",371833,2025-05-18 08:29:39,43.3578491210938,-8.84678840637207,"Male"
"6018401",371833,2025-05-18 08:35:11,43.3577423095703,-8.84679222106934,"Male"
"6018401",371833,2025-05-18 08:40:11,43.357780456543,-8.84635925292969,"Male"
"6018401",371833,2025-05-18 08:44:38,43.3576812744141,-8.84632396697998,"Male"
"6018401",371833,2025-05-18 08:49:33,43.356819152832,-8.844313621521,"Male"
"6018401",371833,2025-05-18 08:54:39,43.3574638366699,-8.84396553039551,"Male"
"6018401",371833,2025-05-18 08:59:36,43.3574867248535,-8.84398746490479,"Male"
"6018401",371833,2025-05-18 09:04:39,43.3573837280273,-8.84415340423584,"Male"
"6018401",371833,2025-05-18 09:09:44,43.3574905395508,-8.84407711029053,"Male"
"6018401",371833,2025-05-18 09:14:37,43.3575057983398,-8.84402179718018,"Male"
"6018401",371833,2025-05-18 09:19:35,43.357364654541,-8.8439826965332,"Male"
"6018401",371833,2025-05-18 09:24:43,43.3571739196777,-8.84444713592529,"Male"
"6018401",371833,2025-05-18 09:30:02,43.3575172424316,-8.84399509429932,"Male"
"6018401",371833,2025-05-18 09:34:33,43.3575668334961,-8.84396457672119,"Male"
"6018401",371833,2025-05-18 09:39:33,43.3575477600098,-8.84394836425781,"Male"
"6018401",371833,2025-05-18 09:44:32,43.3574333190918,-8.84390544891357,"Male"
"6018401",371833,2025-05-18 09:49:34,43.3575019836426,-8.84395694732666,"Male"
"6018401",371833,2025-05-18 09:54:35,43.3582954406738,-8.84386825561523,"Male"
"6018401",371833,2025-05-18 09:59:37,43.357551574707,-8.84389495849609,"Male"
"6018401",371833,2025-05-18 10:04:39,43.3574447631836,-8.84391498565674,"Male"
"6018401",371833,2025-05-18 10:09:36,43.3574409484863,-8.84390163421631,"Male"
"6018401",371833,2025-05-18 10:14:39,43.3574295043945,-8.84381294250488,"Male"
"6018401",371833,2025-05-18 10:19:37,43.3574371337891,-8.84385395050049,"Male"
"6018401",371833,2025-05-18 10:24:33,43.3575325012207,-8.84389686584473,"Male"
"6018401",371833,2025-05-18 10:29:33,43.3575973510742,-8.84370708465576,"Male"
"6018401",371833,2025-05-18 10:34:33,43.3575477600098,-8.84405708312988,"Male"
"6018401",371833,2025-05-18 10:39:33,43.3576240539551,-8.84428405761719,"Male"
"6018401",371833,2025-05-18 10:44:35,43.3575820922852,-8.84427642822266,"Male"
"6018401",371833,2025-05-18 10:49:35,43.3575668334961,-8.84384155273438,"Male"
"6018401",371833,2025-05-18 10:54:43,43.3574562072754,-8.84375858306885,"Male"
"6018401",371833,2025-05-18 10:59:39,43.357421875,-8.84368515014648,"Male"
"6018401",371833,2025-05-18 11:04:42,43.3574180603027,-8.8435583114624,"Male"
"6018401",371833,2025-05-18 11:09:42,43.3573837280273,-8.84346580505371,"Male"
"6018401",371833,2025-05-18 11:14:40,43.3573608398438,-8.84328079223633,"Male"
"6018401",371833,2025-05-18 11:19:40,43.3576545715332,-8.84446620941162,"Male"
"6018401",371833,2025-05-18 11:24:39,43.3575286865234,-8.84358882904053,"Male"
"6018401",371833,2025-05-18 11:30:05,43.3574981689453,-8.84402942657471,"Male"
"6018401",371833,2025-05-18 11:34:32,43.3574981689453,-8.84402561187744,"Male"
"6018401",371833,2025-05-18 11:39:33,43.3574028015137,-8.84395313262939,"Male"
"6018401",371833,2025-05-18 11:44:35,43.3574829101562,-8.84405040740967,"Male"
"6018401",371833,2025-05-18 11:49:40,43.3574295043945,-8.84404468536377,"Male"
"6018401",371833,2025-05-18 11:54:33,43.3575134277344,-8.84404182434082,"Male"
"6018401",371833,2025-05-18 11:59:33,43.3575019836426,-8.84403038024902,"Male"
"6018401",371833,2025-05-18 12:04:33,43.3575210571289,-8.84412860870361,"Male"
"6018401",371833,2025-05-18 12:09:33,43.3576126098633,-8.84413242340088,"Male"
"6018401",371833,2025-05-18 12:14:36,43.3575668334961,-8.84412479400635,"Male"
"6018401",371833,2025-05-18 12:19:33,43.3575630187988,-8.84407997131348,"Male"
"6018401",371833,2025-05-18 12:24:35,43.3576049804688,-8.84424591064453,"Male"
"6018401",371833,2025-05-18 12:29:33,43.3575172424316,-8.8441686630249,"Male"
"6018401",371833,2025-05-18 12:34:33,43.357479095459,-8.84415721893311,"Male"
"6018401",371833,2025-05-18 12:39:33,43.3574905395508,-8.84398937225342,"Male"
"6018401",371833,2025-05-18 12:44:32,43.3575172424316,-8.84411239624023,"Male"
"6018401",371833,2025-05-18 12:49:35,43.3575325012207,-8.84427165985107,"Male"
"6018401",371833,2025-05-18 12:55:05,43.3575172424316,-8.84390354156494,"Male"
"6018401",371833,2025-05-18 12:59:35,43.3575096130371,-8.84409809112549,"Male"
"6018401",371833,2025-05-18 13:04:33,43.3575172424316,-8.84399795532227,"Male"
"6018401",371833,2025-05-18 13:09:33,43.3575286865234,-8.84401512145996,"Male"
"6018401",371833,2025-05-18 13:14:33,43.3575134277344,-8.84403133392334,"Male"
"6018401",371833,2025-05-18 13:19:33,43.3576049804688,-8.84404754638672,"Male"
"6018401",371833,2025-05-18 13:24:33,43.3576011657715,-8.84404373168945,"Male"
"6018401",371833,2025-05-18 13:29:33,43.3575706481934,-8.84405040740967,"Male"
"6018401",371833,2025-05-18 13:34:33,43.3575401306152,-8.84400177001953,"Male"
"6018401",371833,2025-05-18 13:39:35,43.3574981689453,-8.84400081634521,"Male"
"6018401",371833,2025-05-18 13:44:35,43.3576011657715,-8.84397506713867,"Male"
"6018401",371833,2025-05-18 13:49:35,43.3574562072754,-8.84401035308838,"Male"
"6018401",371833,2025-05-18 13:54:35,43.3574714660645,-8.84404277801514,"Male"
"6018401",371833,2025-05-18 13:59:33,43.3574028015137,-8.84408092498779,"Male"
"6018401",371833,2025-05-18 14:04:35,43.3575973510742,-8.8439998626709,"Male"
"6018401",371833,2025-05-18 14:09:35,43.3576431274414,-8.84407329559326,"Male"
"6018401",371833,2025-05-18 14:14:35,43.3576354980469,-8.8439998626709,"Male"
"6018401",371833,2025-05-18 14:19:33,43.3575820922852,-8.8439416885376,"Male"
"6018401",371833,2025-05-18 14:24:33,43.357608795166,-8.8438720703125,"Male"
"6018401",371833,2025-05-18 14:29:35,43.3576316833496,-8.84395027160645,"Male"
"6018401",371833,2025-05-18 14:34:34,43.3575668334961,-8.84407901763916,"Male"
"6018401",371833,2025-05-18 14:39:35,43.3576965332031,-8.84390544891357,"Male"
"6018401",371833,2025-05-18 14:44:33,43.3577995300293,-8.84399127960205,"Male"
"6018401",371833,2025-05-18 14:49:33,43.3576927185059,-8.84401893615723,"Male"
"6018401",371833,2025-05-18 14:54:35,43.3578147888184,-8.84404850006104,"Male"
"6018401",371833,2025-05-18 14:59:37,43.3578453063965,-8.84416770935059,"Male"
"6018401",371833,2025-05-18 15:04:35,43.3577194213867,-8.84404182434082,"Male"
"6018401",371833,2025-05-18 15:09:36,43.357780456543,-8.84411430358887,"Male"
"6018401",371833,2025-05-18 15:14:36,43.3577041625977,-8.84401321411133,"Male"
"6018401",371833,2025-05-18 15:19:35,43.3575973510742,-8.84401226043701,"Male"
"6018401",371833,2025-05-18 15:24:37,43.3576622009277,-8.8438663482666,"Male"
"6018401",371833,2025-05-18 15:29:38,43.3575859069824,-8.84385871887207,"Male"
"6018401",371833,2025-05-18 15:34:38,43.3574256896973,-8.84382438659668,"Male"
"6018401",371833,2025-05-18 15:39:35,43.3576545715332,-8.84389209747314,"Male"
"6018401",371833,2025-05-18 15:44:37,43.357852935791,-8.84385776519775,"Male"
"6018401",371833,2025-05-18 15:49:36,43.3578300476074,-8.84379005432129,"Male"
"6018401",371833,2025-05-18 15:54:37,43.3579292297363,-8.84352684020996,"Male"
"6018401",371833,2025-05-18 15:59:36,43.3576583862305,-8.84391593933105,"Male"
"6018401",371833,2025-05-18 16:04:39,43.357795715332,-8.84354591369629,"Male"
"6018401",371833,2025-05-18 16:09:41,43.3577079772949,-8.84381580352783,"Male"
"6018401",371833,2025-05-18 16:14:41,43.3576469421387,-8.84371280670166,"Male"
"6018401",371833,2025-05-18 16:20:05,43.3575325012207,-8.84403610229492,"Male"
"6018401",371833,2025-05-18 16:24:32,43.3575325012207,-8.84394645690918,"Male"
"6018401",371833,2025-05-18 16:29:35,43.3575057983398,-8.84391307830811,"Male"
"6018401",371833,2025-05-18 16:34:33,43.3575477600098,-8.8439245223999,"Male"
"6018401",371833,2025-05-18 16:39:36,43.3574676513672,-8.84411811828613,"Male"
"6018401",371833,2025-05-18 16:44:33,43.3574562072754,-8.84411239624023,"Male"
"6018401",371833,2025-05-18 16:49:33,43.3575134277344,-8.84388160705566,"Male"
"6018401",371833,2025-05-18 16:54:33,43.3574180603027,-8.84408950805664,"Male"
"6018401",371833,2025-05-18 16:59:35,43.3574256896973,-8.84407234191895,"Male"
"6018401",371833,2025-05-18 17:04:33,43.3574295043945,-8.84411811828613,"Male"
"6018401",371833,2025-05-18 17:09:32,43.3666191101074,-8.84943389892578,"Male"
"6018401",371833,2025-05-18 17:14:33,43.3746643066406,-8.85590839385986,"Male"
"6018401",371833,2025-05-18 17:19:33,43.3767395019531,-8.86027812957764,"Male"
"6018401",371833,2025-05-18 17:24:42,43.3790283203125,-8.86409664154053,"Male"
"6018401",371833,2025-05-18 17:29:33,43.3724136352539,-8.85539436340332,"Male"
"6018401",371833,2025-05-18 17:34:33,43.3554611206055,-8.83622932434082,"Male"
"6018401",371833,2025-05-18 17:39:34,43.3543167114258,-8.83508014678955,"Male"
"6018401",371833,2025-05-18 17:44:33,43.3541870117188,-8.83498477935791,"Male"
"6018401",371833,2025-05-18 17:49:35,43.3543472290039,-8.83528518676758,"Male"
"6018401",371833,2025-05-18 17:54:35,43.3553352355957,-8.83487129211426,"Male"
"6018401",371833,2025-05-18 17:59:34,43.3574676513672,-8.84392070770264,"Male"
"6018401",371833,2025-05-18 18:04:33,43.357593536377,-8.8441915512085,"Male"
"6018401",371833,2025-05-18 18:09:36,43.3574256896973,-8.84396934509277,"Male"
"6018401",371833,2025-05-18 18:14:35,43.3573684692383,-8.84367656707764,"Male"
"6018401",371833,2025-05-18 18:19:36,43.3576316833496,-8.84391021728516,"Male"
"6018401",371833,2025-05-18 18:24:39,43.3578987121582,-8.84418773651123,"Male"
"6018401",371833,2025-05-18 18:29:51,43.3575134277344,-8.84380912780762,"Male"
"6018401",371833,2025-05-18 18:35:05,43.3576774597168,-8.84407615661621,"Male"
"6018401",371833,2025-05-18 18:39:34,43.3578567504883,-8.84472465515137,"Male"
"6018401",371833,2025-05-18 18:44:39,43.3575706481934,-8.84400844573975,"Male"
"6018401",371833,2025-05-18 18:49:40,43.3575019836426,-8.84404850006104,"Male"
"6018401",371833,2025-05-18 18:54:36,43.3575553894043,-8.84398365020752,"Male"
"6018401",371833,2025-05-18 18:59:37,43.3575286865234,-8.84399795532227,"Male"
"6018401",371833,2025-05-18 19:04:40,43.3575096130371,-8.84396266937256,"Male"
"6018401",371833,2025-05-18 19:09:34,43.3575134277344,-8.84393882751465,"Male"
"6018401",371833,2025-05-18 19:14:34,43.357738494873,-8.84439754486084,"Male"
"6018401",371833,2025-05-18 19:19:39,43.3575325012207,-8.84400939941406,"Male"
"6018401",371833,2025-05-18 19:24:39,43.3575134277344,-8.8439826965332,"Male"
"6018401",371833,2025-05-18 19:29:39,43.3574600219727,-8.84393215179443,"Male"
"6018401",371833,2025-05-18 19:34:35,43.3576393127441,-8.8442497253418,"Male"
"6018401",371833,2025-05-18 19:39:35,43.3574905395508,-8.84403324127197,"Male"
"6018401",371833,2025-05-18 19:44:37,43.3574981689453,-8.84407520294189,"Male"
"6018401",371833,2025-05-18 19:49:33,43.3573951721191,-8.84379196166992,"Male"
"6018401",371833,2025-05-18 19:54:37,43.357421875,-8.8439245223999,"Male"
"6018401",371833,2025-05-18 19:59:39,43.3574714660645,-8.84397888183594,"Male"
"6018401",371833,2025-05-18 20:04:39,43.3574714660645,-8.84379863739014,"Male"
"6018401",371833,2025-05-18 20:09:40,43.3573341369629,-8.84370422363281,"Male"
"6018401",371833,2025-05-18 20:14:56,43.3574562072754,-8.84392738342285,"Male"
"6018401",371833,2025-05-18 20:20:04,43.3574981689453,-8.84403610229492,"Male"
"6018401",371833,2025-05-18 20:24:32,43.3575439453125,-8.8440637588501,"Male"
"6018401",371833,2025-05-18 20:29:34,43.3575477600098,-8.84408760070801,"Male"
"6018401",371833,2025-05-18 20:34:34,43.3575439453125,-8.84401607513428,"Male"
"6018401",371833,2025-05-18 20:39:32,43.3575134277344,-8.84405994415283,"Male"
"6018401",371833,2025-05-18 20:44:32,43.3575401306152,-8.84400939941406,"Male"
"6018401",371833,2025-05-18 20:49:33,43.3574752807617,-8.84401893615723,"Male"
"6018401",371833,2025-05-18 20:54:33,43.3574714660645,-8.84404754638672,"Male"
"6018401",371833,2025-05-18 20:59:34,43.3574714660645,-8.84399795532227,"Male"
"6018401",371833,2025-05-18 21:04:34,43.3574829101562,-8.84402561187744,"Male"
"6018401",371833,2025-05-18 21:09:35,43.3575401306152,-8.84398555755615,"Male"
"6018401",371833,2025-05-18 21:14:35,43.3574714660645,-8.84418773651123,"Male"
"6018401",371833,2025-05-18 21:19:39,43.3574447631836,-8.84410095214844,"Male"
"6018401",371833,2025-05-18 21:25:05,43.3575210571289,-8.84414196014404,"Male"
"6018401",371833,2025-05-18 21:29:32,43.3574028015137,-8.84416580200195,"Male"
"6018401",371833,2025-05-18 21:34:34,43.3574714660645,-8.84422206878662,"Male"
"6018401",371833,2025-05-18 21:39:33,43.357479095459,-8.84424591064453,"Male"
"6018401",371833,2025-05-18 21:44:33,43.3574829101562,-8.84419727325439,"Male"
"6018401",371833,2025-05-18 21:49:33,43.3575325012207,-8.84413719177246,"Male"
"6018401",371833,2025-05-18 21:54:34,43.357494354248,-8.84417533874512,"Male"
"6018401",371833,2025-05-18 21:59:34,43.3574676513672,-8.8441333770752,"Male"
"6018401",371833,2025-05-18 22:04:32,43.3575057983398,-8.84421443939209,"Male"
"6018401",371833,2025-05-18 22:09:33,43.3574829101562,-8.84416961669922,"Male"
"6018401",371833,2025-05-18 22:14:33,43.3574752807617,-8.84418106079102,"Male"
"6018401",371833,2025-05-18 22:19:33,43.3574829101562,-8.84423446655273,"Male"
"6018401",371833,2025-05-18 22:24:33,43.3575248718262,-8.84423637390137,"Male"
"6018401",371833,2025-05-18 22:29:33,43.3575706481934,-8.84427261352539,"Male"
"6018401",371833,2025-05-18 22:34:33,43.3575325012207,-8.84427928924561,"Male"
"6018401",371833,2025-05-18 22:39:33,43.3575592041016,-8.84422302246094,"Male"
"6018401",371833,2025-05-18 22:44:33,43.3575096130371,-8.84419441223145,"Male"
"6018401",371833,2025-05-18 22:49:33,43.3576278686523,-8.84451389312744,"Male"
"6018401",371833,2025-05-18 22:54:34,43.3576545715332,-8.84460163116455,"Male"
"6018401",371833,2025-05-18 22:59:35,43.3576698303223,-8.84457015991211,"Male"
"6018401",371833,2025-05-18 23:04:35,43.3577194213867,-8.84470748901367,"Male"
"6018401",371833,2025-05-18 23:09:36,43.3576354980469,-8.84458065032959,"Male"
"6018401",371833,2025-05-18 23:14:42,43.3575439453125,-8.84402465820312,"Male"
"6018401",371833,2025-05-18 23:19:43,43.3575477600098,-8.84414863586426,"Male"
"6018401",371833,2025-05-18 23:24:37,43.3576622009277,-8.84423351287842,"Male"
"6018401",371833,2025-05-18 23:29:36,43.3574981689453,-8.84401416778564,"Male"
"6018401",371833,2025-05-18 23:34:43,43.3576316833496,-8.84433078765869,"Male"
"6018401",371833,2025-05-18 23:39:39,43.3576316833496,-8.8444185256958,"Male"
"6018401",371833,2025-05-18 23:44:42,43.3575859069824,-8.84414768218994,"Male"
"6018401",371833,2025-05-18 23:49:40,43.357551574707,-8.84409141540527,"Male"
"6018401",371833,2025-05-18 23:54:56,43.3575706481934,-8.84412860870361,"Male"
"6018401",371833,2025-05-19 00:00:05,43.3574867248535,-8.8439884185791,"Male"
"6018401",371833,2025-05-19 00:04:32,43.3574180603027,-8.84393119812012,"Male"
"6018401",371833,2025-05-19 00:09:33,43.3575477600098,-8.84401416778564,"Male"
"6018401",371833,2025-05-19 00:14:34,43.3575096130371,-8.8440408706665,"Male"
"6018401",371833,2025-05-19 00:19:32,43.3575286865234,-8.84405517578125,"Male"
"6018401",371833,2025-05-19 00:24:36,43.357494354248,-8.84398174285889,"Male"
"6018401",371833,2025-05-19 00:29:33,43.3574714660645,-8.8440637588501,"Male"
"6018401",371833,2025-05-19 00:34:34,43.3573875427246,-8.84392166137695,"Male"
"6018401",371833,2025-05-19 00:39:34,43.3574295043945,-8.84414958953857,"Male"
"6018401",371833,2025-05-19 00:44:35,43.3575248718262,-8.84412479400635,"Male"
"6018401",371833,2025-05-19 00:49:35,43.3572769165039,-8.84390449523926,"Male"
"6018401",371833,2025-05-19 00:54:35,43.3572540283203,-8.84383296966553,"Male"
"6018401",371833,2025-05-19 00:59:36,43.3571548461914,-8.84377384185791,"Male"
"6018401",371833,2025-05-19 01:04:36,43.3573265075684,-8.84388542175293,"Male"
"6018401",371833,2025-05-19 01:09:33,43.3574409484863,-8.843994140625,"Male"
"6018401",371833,2025-05-19 01:14:42,43.3574714660645,-8.84397220611572,"Male"
"6018401",371833,2025-05-19 01:19:33,43.3574638366699,-8.84403896331787,"Male"
"6018401",371833,2025-05-19 01:24:33,43.3574409484863,-8.84394073486328,"Male"
"6018401",371833,2025-05-19 01:29:36,43.3574714660645,-8.84395503997803,"Male"
"6018401",371833,2025-05-19 01:34:35,43.3575439453125,-8.84405708312988,"Male"
"6018401",371833,2025-05-19 01:39:33,43.3574447631836,-8.84393692016602,"Male"
"6018401",371833,2025-05-19 01:44:35,43.3575401306152,-8.84401226043701,"Male"
"6018401",371833,2025-05-19 01:49:33,43.3575096130371,-8.84405517578125,"Male"
"6018401",371833,2025-05-19 01:54:35,43.3574981689453,-8.84392356872559,"Male"
"6018401",371833,2025-05-19 01:59:44,43.3559226989746,-8.84392261505127,"Male"
"6018401",371833,2025-05-19 02:04:34,43.3561096191406,-8.84384250640869,"Male"
"6018401",371833,2025-05-19 02:09:35,43.3556938171387,-8.8439245223999,"Male"
"6018401",371833,2025-05-19 02:14:37,43.354305267334,-8.83957004547119,"Male"
"6018401",371833,2025-05-19 02:19:34,43.3544769287109,-8.8370361328125,"Male"
"6018401",371833,2025-05-19 02:24:35,43.354076385498,-8.83517456054688,"Male"
"6018401",371833,2025-05-19 02:29:38,43.3540496826172,-8.83521270751953,"Male"
"6018401",371833,2025-05-19 02:35:05,43.3541107177734,-8.83482551574707,"Male"
"6018401",371833,2025-05-19 02:39:33,43.3539657592773,-8.83458995819092,"Male"
"6018401",371833,2025-05-19 02:44:33,43.3540229797363,-8.83463478088379,"Male"
"6018401",371833,2025-05-19 02:49:33,43.3540344238281,-8.83457374572754,"Male"
"6018401",371833,2025-05-19 02:54:33,43.3540153503418,-8.83462238311768,"Male"
"6018401",371833,2025-05-19 02:59:33,43.3540649414062,-8.83464431762695,"Male"
"6018401",371833,2025-05-19 03:04:33,43.3539772033691,-8.83457469940186,"Male"
"6018401",371833,2025-05-19 03:09:33,43.3540802001953,-8.83464050292969,"Male"
"6018401",371833,2025-05-19 03:14:36,43.3540992736816,-8.83474349975586,"Male"
"6018401",371833,2025-05-19 03:19:37,43.3540496826172,-8.83467102050781,"Male"
"6018401",371833,2025-05-19 03:24:39,43.3541946411133,-8.83467864990234,"Male"
"6018401",371833,2025-05-19 03:29:44,43.3541030883789,-8.8346996307373,"Male"
"6018401",371833,2025-05-19 03:34:39,43.3540954589844,-8.83470821380615,"Male"
"6018401",371833,2025-05-19 03:39:39,43.3540992736816,-8.83469104766846,"Male"
"6018401",371833,2025-05-19 03:44:39,43.354133605957,-8.83459568023682,"Male"
"6018401",371833,2025-05-19 03:50:05,43.3540954589844,-8.83465385437012,"Male"
"6018401",371833,2025-05-19 03:54:37,43.354061126709,-8.83462905883789,"Male"
"6018401",371833,2025-05-19 03:59:33,43.3542900085449,-8.83450317382812,"Male"
"6018401",371833,2025-05-19 04:04:38,43.3540573120117,-8.83461475372314,"Male"
"6018401",371833,2025-05-19 04:09:33,43.3539657592773,-8.83463478088379,"Male"
"6018401",371833,2025-05-19 04:14:34,43.3540649414062,-8.83465957641602,"Male"
"6018401",371833,2025-05-19 04:19:32,43.3542327880859,-8.83465766906738,"Male"
"6018401",371833,2025-05-19 04:24:34,43.3540420532227,-8.8346471786499,"Male"
"6018401",371833,2025-05-19 04:29:37,43.3539962768555,-8.83461761474609,"Male"
"6018401",371833,2025-05-19 04:34:36,43.3541069030762,-8.83467292785645,"Male"
"6018401",371833,2025-05-19 04:39:33,43.3541221618652,-8.83460903167725,"Male"
"6018401",371833,2025-05-19 04:44:36,43.3541412353516,-8.8346700668335,"Male"
"6018401",371833,2025-05-19 04:49:37,43.3540802001953,-8.8345890045166,"Male"
"6018401",371833,2025-05-19 04:54:39,43.3538932800293,-8.8345308303833,"Male"
"6018401",371833,2025-05-19 04:59:54,43.3545570373535,-8.83511447906494,"Male"
"6018401",371833,2025-05-19 05:04:33,43.353874206543,-8.83450508117676,"Male"
"6018401",371833,2025-05-19 05:09:36,43.3539810180664,-8.83433532714844,"Male"
"6018401",371833,2025-05-19 05:14:34,43.3574256896973,-8.84381771087646,"Male"
"6018401",371833,2025-05-19 05:19:40,43.3573875427246,-8.84397506713867,"Male"
"6018401",371833,2025-05-19 05:24:33,43.3573112487793,-8.84394931793213,"Male"
"6018401",371833,2025-05-19 05:29:33,43.3575210571289,-8.84395217895508,"Male"
"6018401",371833,2025-05-19 05:34:38,43.3575439453125,-8.8440990447998,"Male"
"6018401",371833,2025-05-19 05:39:33,43.357421875,-8.84395694732666,"Male"
"6018401",371833,2025-05-19 05:44:34,43.3575248718262,-8.84409046173096,"Male"
"6018401",371833,2025-05-19 05:49:40,43.3577651977539,-8.84426498413086,"Male"
"6018401",371833,2025-05-19 05:54:34,43.3572845458984,-8.84382152557373,"Male"
"6018401",371833,2025-05-19 05:59:42,43.3573188781738,-8.84415912628174,"Male"
"6018401",371833,2025-05-19 06:04:36,43.3575439453125,-8.84408760070801,"Male"
"6018401",371833,2025-05-19 06:09:37,43.3575820922852,-8.84409046173096,"Male"
"6018401",371833,2025-05-19 06:14:39,43.3576011657715,-8.84407234191895,"Male"
"6018401",371833,2025-05-19 06:19:39,43.3576354980469,-8.84417533874512,"Male"
"6018401",371833,2025-05-19 06:24:39,43.3576850891113,-8.84418964385986,"Male"
"6018401",371833,2025-05-19 06:29:39,43.3576049804688,-8.84404563903809,"Male"
"6018401",371833,2025-05-19 06:34:39,43.357666015625,-8.84399604797363,"Male"
"6018401",371833,2025-05-19 06:39:40,43.3575172424316,-8.84397602081299,"Male"
"6018401",371833,2025-05-19 06:44:52,43.3577766418457,-8.84387302398682,"Male"
"6018401",371833,2025-05-19 06:49:52,43.3574409484863,-8.84407424926758,"Male"
"6018401",371833,2025-05-19 06:55:05,43.3574676513672,-8.84402656555176,"Male"
"6018401",371833,2025-05-19 06:59:33,43.3574638366699,-8.84404563903809,"Male"
"6018401",371833,2025-05-19 07:04:34,43.3574485778809,-8.84404468536377,"Male"
"6018401",371833,2025-05-19 07:09:33,43.3574600219727,-8.84405326843262,"Male"
"6018401",371833,2025-05-19 07:14:34,43.3575096130371,-8.84414196014404,"Male"
"6018401",371833,2025-05-19 07:19:34,43.3574714660645,-8.84391689300537,"Male"
"6018401",371833,2025-05-19 07:24:34,43.3573989868164,-8.84385299682617,"Male"
"6018401",371833,2025-05-19 07:29:34,43.3574752807617,-8.84402751922607,"Male"
"6018401",371833,2025-05-19 07:34:33,43.3575096130371,-8.84407711029053,"Male"
"6018401",371833,2025-05-19 07:39:34,43.3574752807617,-8.84402847290039,"Male"
"6018401",371833,2025-05-19 07:44:39,43.3575210571289,-8.84396743774414,"Male"
"6018401",371833,2025-05-19 07:49:34,43.357593536377,-8.84418869018555,"Male"
"6018401",371833,2025-05-19 07:54:37,43.3574981689453,-8.84418392181396,"Male"
"6018401",371833,2025-05-19 07:59:35,43.3574714660645,-8.84402370452881,"Male"
"6018401",371833,2025-05-19 08:04:39,43.3574562072754,-8.84413719177246,"Male"
"6018401",371833,2025-05-19 08:09:38,43.3575439453125,-8.8438606262207,"Male"
"6018401",371833,2025-05-19 08:14:42,43.3574562072754,-8.8441333770752,"Male"
"6018401",371833,2025-05-19 08:19:42,43.3575172424316,-8.84397411346436,"Male"
"6018401",371833,2025-05-19 08:24:42,43.3575439453125,-8.8436975479126,"Male"
"6018401",371833,2025-05-19 08:29:39,43.357479095459,-8.84406280517578,"Male"
"6018401",371833,2025-05-19 08:34:44,43.3575172424316,-8.84375,"Male"
"6018401",371833,2025-05-19 08:39:41,43.3575210571289,-8.84362125396729,"Male"
"6018401",371833,2025-05-19 08:44:39,43.3574752807617,-8.8439998626709,"Male"
"6018401",371833,2025-05-19 08:49:43,43.3575096130371,-8.84380149841309,"Male"
"6018401",371833,2025-05-19 08:54:41,43.3574562072754,-8.84387683868408,"Male"
"6018401",371833,2025-05-19 08:59:46,43.357723236084,-8.84421920776367,"Male"
"6018401",371833,2025-05-19 09:04:48,43.3578224182129,-8.84432125091553,"Male"
"6018401",371833,2025-05-19 09:10:05,43.357494354248,-8.84393692016602,"Male"
"6018401",371833,2025-05-19 09:14:39,43.3575019836426,-8.84391212463379,"Male"
"6018401",371833,2025-05-19 09:19:39,43.3575286865234,-8.84389019012451,"Male"
"6018401",371833,2025-05-19 09:24:39,43.3574752807617,-8.84400939941406,"Male"
"6018401",371833,2025-05-19 09:29:40,43.3574981689453,-8.84396266937256,"Male"
"6018401",371833,2025-05-19 09:34:38,43.3574600219727,-8.84403800964355,"Male"
"6018401",371833,2025-05-19 09:39:40,43.3573112487793,-8.844162940979,"Male"
"6018401",371833,2025-05-19 09:44:40,43.3574676513672,-8.84398365020752,"Male"
"6018401",371833,2025-05-19 09:50:05,43.3574485778809,-8.84401893615723,"Male"
"6018401",371833,2025-05-19 09:54:33,43.3574333190918,-8.84403991699219,"Male"
"6018401",371833,2025-05-19 09:59:33,43.3574714660645,-8.8440637588501,"Male"
"6018401",371833,2025-05-19 10:04:32,43.3573875427246,-8.84396457672119,"Male"
"6018401",371833,2025-05-19 10:09:33,43.3576889038086,-8.84415340423584,"Male"
"6018401",371833,2025-05-19 10:14:32,43.3575286865234,-8.84416389465332,"Male"
"6018401",371833,2025-05-19 10:19:33,43.3575096130371,-8.84390926361084,"Male"
"6018401",371833,2025-05-19 10:24:36,43.3574905395508,-8.84414672851562,"Male"
"6018401",371833,2025-05-19 10:29:36,43.3602027893066,-8.85547924041748,"Male"
"6018401",371833,2025-05-19 10:34:36,43.3603935241699,-8.85616874694824,"Male"
"6018401",371833,2025-05-19 10:39:33,43.3596038818359,-8.85275936126709,"Male"
"6018401",371833,2025-05-19 10:44:43,43.3591461181641,-8.84696865081787,"Male"
"6018401",371833,2025-05-19 10:50:14,43.3595809936523,-8.84697246551514,"Male"
"6018401",371833,2025-05-19 10:54:33,43.3600692749023,-8.84699630737305,"Male"
"6018401",371833,2025-05-19 10:59:33,43.3595275878906,-8.84667587280273,"Male"
"6018401",371833,2025-05-19 11:04:36,43.3591537475586,-8.8463191986084,"Male"
"6018401",371833,2025-05-19 11:09:37,43.3592720031738,-8.84623432159424,"Male"
"6018401",371833,2025-05-19 11:14:34,43.3594093322754,-8.84659385681152,"Male"
"6018401",371833,2025-05-19 11:19:44,43.3593139648438,-8.84609413146973,"Male"
"6018401",371833,2025-05-19 11:24:33,43.3594665527344,-8.84626865386963,"Male"
"6018401",371833,2025-05-19 11:29:33,43.3594703674316,-8.84652900695801,"Male"
"6018401",371833,2025-05-19 11:34:37,43.3593368530273,-8.84703922271729,"Male"
"6018401",371833,2025-05-19 11:39:38,43.3594436645508,-8.84661483764648,"Male"
"6018401",371833,2025-05-19 11:44:33,43.3414688110352,-8.84230518341064,"Male"
"6018401",371833,2025-05-19 11:49:33,43.3156394958496,-8.85332012176514,"Male"
"6018401",371833,2025-05-19 11:54:33,43.3143119812012,-8.8570032119751,"Male"
"6018401",371833,2025-05-19 11:59:34,43.314151763916,-8.85680675506592,"Male"
"6018401",371833,2025-05-19 12:04:41,43.3141632080078,-8.85676193237305,"Male"
"6018401",371833,2025-05-19 12:09:33,43.3187675476074,-8.85633182525635,"Male"
"6018401",371833,2025-05-19 12:14:34,43.3422088623047,-8.84352397918701,"Male"
"6018401",371833,2025-05-19 12:19:58,43.3575477600098,-8.84406852722168,"Male"
"6018401",371833,2025-05-19 12:25:04,43.3575134277344,-8.84390068054199,"Male"
"6018401",371833,2025-05-19 12:29:42,43.3575744628906,-8.8438892364502,"Male"
"6018401",371833,2025-05-19 12:34:32,43.357593536377,-8.84385776519775,"Male"
"6018401",371833,2025-05-19 12:39:36,43.3575592041016,-8.84407520294189,"Male"
"6018401",371833,2025-05-19 12:44:36,43.3576164245605,-8.84385299682617,"Male"
"6018401",371833,2025-05-19 12:49:44,43.3576164245605,-8.84388542175293,"Male"
"6018401",371833,2025-05-19 12:54:34,43.3576011657715,-8.84383869171143,"Male"
"6018401",371833,2025-05-19 12:59:44,43.357593536377,-8.8439884185791,"Male"
"6018401",371833,2025-05-19 13:04:36,43.3576278686523,-8.84386157989502,"Male"
"6018401",371833,2025-05-19 13:09:32,43.3576278686523,-8.84417152404785,"Male"
"6018401",371833,2025-05-19 13:14:36,43.3576736450195,-8.84384441375732,"Male"
"6018401",371833,2025-05-19 13:19:50,43.3575706481934,-8.84408855438232,"Male"
"6018401",371833,2025-05-19 13:24:43,43.357551574707,-8.8441047668457,"Male"
"6018401",371833,2025-05-19 13:29:41,43.3575248718262,-8.84414196014404,"Male"
"6018401",371833,2025-05-19 13:34:36,43.3575820922852,-8.84403514862061,"Male"
"6018401",371833,2025-05-19 13:39:33,43.3574409484863,-8.84382724761963,"Male"
"6018401",371833,2025-05-19 13:44:39,43.3574066162109,-8.84381294250488,"Male"
"6018401",371833,2025-05-19 13:50:05,43.3575706481934,-8.84400653839111,"Male"
"6018401",371833,2025-05-19 13:54:33,43.3575668334961,-8.84400177001953,"Male"
"6018401",371833,2025-05-19 13:59:33,43.3575325012207,-8.8439769744873,"Male"
"6018401",371833,2025-05-19 14:04:33,43.3574295043945,-8.8439998626709,"Male"
"6018401",371833,2025-05-19 14:09:33,43.3575439453125,-8.84404373168945,"Male"
"6018401",371833,2025-05-19 14:14:33,43.3573951721191,-8.84405708312988,"Male"
"6018401",371833,2025-05-19 14:19:32,43.3573989868164,-8.84392547607422,"Male"
"6018401",371833,2025-05-19 14:24:34,43.3575477600098,-8.84398651123047,"Male"
"6018401",371833,2025-05-19 14:29:37,43.3575782775879,-8.84393978118896,"Male"
"6018401",371833,2025-05-19 14:34:33,43.3575401306152,-8.84401226043701,"Male"
"6018401",371833,2025-05-19 14:39:34,43.3575134277344,-8.84395790100098,"Male"
"6018401",371833,2025-05-19 14:44:34,43.357666015625,-8.84392166137695,"Male"
"6018401",371833,2025-05-19 14:49:34,43.357780456543,-8.84372615814209,"Male"
"6018401",371833,2025-05-19 14:54:34,43.3573188781738,-8.84399509429932,"Male"
"6018401",371833,2025-05-19 14:59:34,43.3575248718262,-8.84399795532227,"Male"
"6018401",371833,2025-05-19 15:04:36,43.3573150634766,-8.84391212463379,"Male"
"6018401",371833,2025-05-19 15:09:35,43.3573875427246,-8.84391784667969,"Male"
"6018401",371833,2025-05-19 15:14:41,43.3575172424316,-8.84393787384033,"Male"
"6018401",371833,2025-05-19 15:19:34,43.3575401306152,-8.84395503997803,"Male"
"6018401",371833,2025-05-19 15:24:36,43.3586120605469,-8.85006427764893,"Male"
"6018401",371833,2025-05-19 15:29:35,43.3549118041992,-8.84995174407959,"Male"
"6018401",371833,2025-05-19 15:34:34,43.3603553771973,-8.84939956665039,"Male"
"6018401",371833,2025-05-19 15:39:34,43.375919342041,-8.85775375366211,"Male"
"6018401",371833,2025-05-19 15:44:34,43.3764038085938,-8.85609436035156,"Male"
"6018401",371833,2025-05-19 15:49:33,43.3616676330566,-8.84873580932617,"Male"
"6018401",371833,2025-05-19 15:54:33,43.3574752807617,-8.84394454956055,"Male"
"6018401",371833,2025-05-19 15:59:37,43.3572578430176,-8.84396362304688,"Male"
"6018401",371833,2025-05-19 16:04:33,43.3574295043945,-8.84408664703369,"Male"
"6018401",371833,2025-05-19 16:09:34,43.3573951721191,-8.84397029876709,"Male"
"6018401",371833,2025-05-19 16:14:35,43.3574829101562,-8.84408664703369,"Male"
"6018401",371833,2025-05-19 16:19:33,43.3574829101562,-8.84411907196045,"Male"
"6018401",371833,2025-05-19 16:24:38,43.357349395752,-8.84389114379883,"Male"
"6018401",371833,2025-05-19 16:29:34,43.3574371337891,-8.8439769744873,"Male"
"6018401",371833,2025-05-19 16:34:39,43.3574256896973,-8.84398937225342,"Male"
"6018401",371833,2025-05-19 16:39:37,43.3575134277344,-8.84414863586426,"Male"
"6018401",371833,2025-05-19 16:44:38,43.3572959899902,-8.84381103515625,"Male"
"6018401",371833,2025-05-19 16:49:38,43.3573226928711,-8.84383964538574,"Male"
"6018401",371833,2025-05-19 16:54:39,43.3572540283203,-8.84377193450928,"Male"
"6018401",371833,2025-05-19 16:59:38,43.3571815490723,-8.84374809265137,"Male"
"6018401",371833,2025-05-19 17:04:39,43.3571472167969,-8.84371566772461,"Male"
"6018401",371833,2025-05-19 17:09:49,43.3571166992188,-8.84372138977051,"Male"
"6018401",371833,2025-05-19 17:14:46,43.3571319580078,-8.84378051757812,"Male"
"6018401",371833,2025-05-19 17:19:48,43.3571357727051,-8.84373188018799,"Male"
"6018401",371833,2025-05-19 17:24:47,43.3571891784668,-8.84376525878906,"Male"
"6018401",371833,2025-05-19 17:30:05,43.357292175293,-8.843918800354,"Male"
"6018401",371833,2025-05-19 17:34:39,43.3572578430176,-8.84395027160645,"Male"
"6018401",371833,2025-05-19 17:39:52,43.3570899963379,-8.84379100799561,"Male"
"6018401",371833,2025-05-19 17:44:41,43.3575248718262,-8.84384918212891,"Male"
"6018401",371833,2025-05-19 17:49:43,43.3572578430176,-8.84383773803711,"Male"
"6018401",371833,2025-05-19 17:54:53,43.3576316833496,-8.84395217895508,"Male"
"6018401",371833,2025-05-19 17:59:38,43.3574180603027,-8.84387683868408,"Male"
"6018401",371833,2025-05-19 18:05:05,43.3575286865234,-8.84399604797363,"Male"
"6018401",371833,2025-05-19 18:09:32,43.3576583862305,-8.84421348571777,"Male"
"6018401",371833,2025-05-19 18:14:32,43.3576202392578,-8.84418392181396,"Male"
"6018401",371833,2025-05-19 18:19:32,43.3576011657715,-8.84415626525879,"Male"
"6018401",371833,2025-05-19 18:24:33,43.3576431274414,-8.84371280670166,"Male"
"6018401",371833,2025-05-19 18:29:35,43.3578872680664,-8.84461975097656,"Male"
"6018401",371833,2025-05-19 18:34:48,43.3575325012207,-8.84403991699219,"Male"
"6018401",371833,2025-05-19 18:39:36,43.3577613830566,-8.8445873260498,"Male"
"6018401",371833,2025-05-19 18:44:37,43.357593536377,-8.84418773651123,"Male"
"6018401",371833,2025-05-19 18:49:36,43.3576469421387,-8.84423637390137,"Male"
"6018401",371833,2025-05-19 18:54:34,43.3596687316895,-8.84751605987549,"Male"
"6018401",371833,2025-05-19 18:59:38,43.3612327575684,-8.85891151428223,"Male"
"6018401",371833,2025-05-19 19:04:41,43.3605575561523,-8.8594274520874,"Male"
"6018401",371833,2025-05-19 19:09:40,43.3575096130371,-8.84410285949707,"Male"
"6018401",371833,2025-05-19 19:14:39,43.3575210571289,-8.84407615661621,"Male"
"6018401",371833,2025-05-19 19:19:41,43.3574981689453,-8.84407615661621,"Male"
"6018401",371833,2025-05-19 19:24:43,43.3574752807617,-8.84398746490479,"Male"
"6018401",371833,2025-05-19 19:29:43,43.3574752807617,-8.844069480896,"Male"
"6018401",371833,2025-05-19 19:34:38,43.3574638366699,-8.84406280517578,"Male"
"6018401",371833,2025-05-19 19:39:39,43.3575172424316,-8.84407138824463,"Male"
"6018401",371833,2025-05-19 19:44:38,43.3575973510742,-8.84408760070801,"Male"
"6018401",371833,2025-05-19 19:49:41,43.3575630187988,-8.84407424926758,"Male"
"6018401",371833,2025-05-19 19:54:48,43.3575439453125,-8.84415054321289,"Male"
"6018401",371833,2025-05-19 19:59:43,43.357593536377,-8.84410190582275,"Male"
"6018401",371833,2025-05-19 20:04:49,43.3575325012207,-8.84409141540527,"Male"
"6018401",371833,2025-05-19 20:09:38,43.3575134277344,-8.8441104888916,"Male"
"6018401",371833,2025-05-19 20:14:47,43.3575439453125,-8.84404182434082,"Male"
"6018401",371833,2025-05-19 20:19:48,43.3574981689453,-8.84405899047852,"Male"
"6018401",371833,2025-05-19 20:24:45,43.3575210571289,-8.84407520294189,"Male"
"6018401",371833,2025-05-19 20:29:48,43.357593536377,-8.84408092498779,"Male"
"6018401",371833,2025-05-19 20:34:43,43.357593536377,-8.84407043457031,"Male"
"6018401",371833,2025-05-19 20:39:43,43.3575248718262,-8.8441104888916,"Male"
"6018401",371833,2025-05-19 20:44:40,43.3573760986328,-8.84403705596924,"Male"
"6018401",371833,2025-05-19 20:49:41,43.3574829101562,-8.84409141540527,"Male"
"6018401",371833,2025-05-19 20:54:43,43.3576469421387,-8.84419536590576,"Male"
"6018401",371833,2025-05-19 20:59:47,43.3575859069824,-8.84411334991455,"Male"
"6018401",371833,2025-05-19 21:05:03,43.3575286865234,-8.84403991699219,"Male"
"6018401",371833,2025-05-19 21:09:33,43.3575325012207,-8.84404754638672,"Male"
"6018401",371833,2025-05-19 21:14:34,43.3575897216797,-8.84404277801514,"Male"
"6018401",371833,2025-05-19 21:19:32,43.3575744628906,-8.84415721893311,"Male"
"6018401",371833,2025-05-19 21:24:34,43.3574638366699,-8.84402942657471,"Male"
"6018401",371833,2025-05-19 21:29:34,43.3579711914062,-8.84474086761475,"Male"
"6018401",371833,2025-05-19 21:34:38,43.3574867248535,-8.8440465927124,"Male"
"6018401",371833,2025-05-19 21:39:33,43.3575477600098,-8.8441219329834,"Male"
"6018401",371833,2025-05-19 21:44:43,43.3574867248535,-8.84404182434082,"Male"
"6018401",371833,2025-05-19 21:49:33,43.357536315918,-8.8442440032959,"Male"
"6018401",371833,2025-05-19 21:54:43,43.357536315918,-8.84406852722168,"Male"
"6018401",371833,2025-05-19 21:59:34,43.3576889038086,-8.84449291229248,"Male"
"6018401",371833,2025-05-19 22:04:43,43.3575172424316,-8.8441162109375,"Male"
"6018401",371833,2025-05-19 22:09:34,43.3577003479004,-8.84462356567383,"Male"
"6018401",371833,2025-05-19 22:14:43,43.357593536377,-8.84416389465332,"Male"
"6018401",371833,2025-05-19 22:19:36,43.3576889038086,-8.84449291229248,"Male"
"6018401",371833,2025-05-19 22:24:39,43.357536315918,-8.84407711029053,"Male"
"6018401",371833,2025-05-19 22:29:39,43.3576049804688,-8.84414482116699,"Male"
"6018401",371833,2025-05-19 22:34:38,43.3575973510742,-8.84420680999756,"Male"
"6018401",371833,2025-05-19 22:40:05,43.3574752807617,-8.84399127960205,"Male"
"6018401",371833,2025-05-19 22:44:32,43.357479095459,-8.8440637588501,"Male"
"6018401",371833,2025-05-19 22:49:32,43.3574523925781,-8.84398651123047,"Male"
"6018401",371833,2025-05-19 22:54:32,43.3574905395508,-8.84406852722168,"Male"
"6018401",371833,2025-05-19 22:59:33,43.3575325012207,-8.84398078918457,"Male"
"6018401",371833,2025-05-19 23:04:33,43.3575096130371,-8.84396457672119,"Male"
"6018401",371833,2025-05-19 23:09:32,43.3575248718262,-8.84394550323486,"Male"
"6018401",371833,2025-05-19 23:14:32,43.3575096130371,-8.8439416885376,"Male"
"6018401",371833,2025-05-19 23:19:32,43.3574485778809,-8.84400367736816,"Male"
"6018401",371833,2025-05-19 23:24:33,43.3574600219727,-8.84395027160645,"Male"
"6018401",371833,2025-05-19 23:29:32,43.3575019836426,-8.84406280517578,"Male"
"6018401",371833,2025-05-19 23:34:35,43.3575820922852,-8.84404754638672,"Male"
"6018401",371833,2025-05-19 23:39:38,43.357494354248,-8.84393119812012,"Male"
"6018401",371833,2025-05-19 23:44:33,43.3574829101562,-8.84400367736816,"Male"
"6018401",371833,2025-05-19 23:49:35,43.3575744628906,-8.84404277801514,"Male"
"6018401",371833,2025-05-19 23:54:38,43.3574829101562,-8.84399318695068,"Male"
"6018401",371833,2025-05-19 23:59:38,43.3575134277344,-8.84394359588623,"Male"
"6018401",371833,2025-05-20 00:04:38,43.3575286865234,-8.84396553039551,"Male"
"6018401",371833,2025-05-20 00:09:36,43.3572883605957,-8.84390258789062,"Male"
"6018401",371833,2025-05-20 00:14:35,43.3574028015137,-8.84381294250488,"Male"
"6018401",371833,2025-05-20 00:19:35,43.3580284118652,-8.84507846832275,"Male"
"6018401",371833,2025-05-20 00:24:35,43.3579711914062,-8.84497547149658,"Male"
"6018401",371833,2025-05-20 00:29:35,43.3576164245605,-8.84423828125,"Male"
"6018401",371833,2025-05-20 00:34:36,43.3575019836426,-8.84401607513428,"Male"
"6018401",371833,2025-05-20 00:39:37,43.3574523925781,-8.84377574920654,"Male"
"6018401",371833,2025-05-20 00:44:37,43.3574752807617,-8.84379577636719,"Male"
"6018401",371833,2025-05-20 00:49:39,43.3575172424316,-8.84389114379883,"Male"
"6018401",371833,2025-05-20 00:54:47,43.3574371337891,-8.84399509429932,"Male"
"6018401",371833,2025-05-20 00:59:43,43.3574409484863,-8.84404277801514,"Male"
"6018401",371833,2025-05-20 01:04:43,43.3574714660645,-8.84400272369385,"Male"
"6018401",371833,2025-05-20 01:09:37,43.3574447631836,-8.84392738342285,"Male"
"6018401",371833,2025-05-20 01:14:42,43.3574714660645,-8.84403896331787,"Male"
"6018401",371833,2025-05-20 01:20:05,43.357421875,-8.84401416778564,"Male"
"6018401",371833,2025-05-20 01:24:33,43.3574142456055,-8.84409618377686,"Male"
"6018401",371833,2025-05-20 01:29:36,43.3574523925781,-8.84391212463379,"Male"
"6018401",371833,2025-05-20 01:34:34,43.3574333190918,-8.84408187866211,"Male"
"6018401",371833,2025-05-20 01:39:32,43.3574638366699,-8.84397125244141,"Male"
"6018401",371833,2025-05-20 01:44:32,43.3575019836426,-8.8439416885376,"Male"
"6018401",371833,2025-05-20 01:49:32,43.3574066162109,-8.84393692016602,"Male"
"6018401",371833,2025-05-20 01:54:33,43.3574371337891,-8.84399127960205,"Male"
"6018401",371833,2025-05-20 01:59:32,43.3574333190918,-8.8439474105835,"Male"
"6018401",371833,2025-05-20 02:04:44,43.3575134277344,-8.84402942657471,"Male"
"6018401",371833,2025-05-20 02:09:40,43.3578453063965,-8.84348297119141,"Male"
"6018401",371833,2025-05-20 02:14:36,43.3575859069824,-8.84398937225342,"Male"
"6018401",371833,2025-05-20 02:19:32,43.3584060668945,-8.84371471405029,"Male"
"6018401",371833,2025-05-20 02:24:38,43.3571662902832,-8.84428787231445,"Male"
"6018401",371833,2025-05-20 02:29:32,43.357105255127,-8.84432125091553,"Male"
"6018401",371833,2025-05-20 02:34:35,43.3574829101562,-8.84397506713867,"Male"
"6018401",371833,2025-05-20 02:39:35,43.3575134277344,-8.84407138824463,"Male"
"6018401",371833,2025-05-20 02:44:35,43.3575019836426,-8.84390068054199,"Male"
"6018401",371833,2025-05-20 02:49:38,43.3574867248535,-8.84397506713867,"Male"
"6018401",371833,2025-05-20 02:54:38,43.3574676513672,-8.84403324127197,"Male"
"6018401",371833,2025-05-20 02:59:38,43.3574867248535,-8.84398365020752,"Male"
"6018401",371833,2025-05-20 03:04:39,43.3575286865234,-8.84391593933105,"Male"
"6018401",371833,2025-05-20 03:09:40,43.3574409484863,-8.84391784667969,"Male"
"6018401",371833,2025-05-20 03:14:40,43.3575782775879,-8.84396839141846,"Male"
"6018401",371833,2025-05-20 03:19:35,43.3577880859375,-8.8438081741333,"Male"
"6018401",371833,2025-05-20 03:24:37,43.3577613830566,-8.84414196014404,"Male"
"6018401",371833,2025-05-20 03:29:38,43.3563690185547,-8.83978462219238,"Male"
"6018401",371833,2025-05-20 03:34:38,43.3528900146484,-8.83434104919434,"Male"
"6018401",371833,2025-05-20 03:39:36,43.3535308837891,-8.83460235595703,"Male"
"6018401",371833,2025-05-20 03:44:39,43.3551216125488,-8.83567523956299,"Male"
"6018401",371833,2025-05-20 03:50:05,43.3539276123047,-8.83459663391113,"Male"
"6018401",371833,2025-05-20 03:54:32,43.3538780212402,-8.83449935913086,"Male"
"6018401",371833,2025-05-20 03:59:35,43.3538513183594,-8.83451557159424,"Male"
"6018401",371833,2025-05-20 04:04:32,43.3539161682129,-8.8344612121582,"Male"
"6018401",371833,2025-05-20 04:09:31,43.3537788391113,-8.83452987670898,"Male"
"6018401",371833,2025-05-20 04:14:37,43.3537826538086,-8.83450508117676,"Male"
"6018401",371833,2025-05-20 04:19:32,43.3537712097168,-8.83462238311768,"Male"
"6018401",371833,2025-05-20 04:24:31,43.3535194396973,-8.83580493927002,"Male"
"6018401",371833,2025-05-20 04:29:31,43.3574714660645,-8.84141445159912,"Male"
"6018401",371833,2025-05-20 04:34:39,43.3574600219727,-8.84389591217041,"Male"
"6018401",371833,2025-05-20 04:39:36,43.3574638366699,-8.84383964538574,"Male"
"6018401",371833,2025-05-20 04:45:11,43.3574180603027,-8.84410095214844,"Male"
"6018401",371833,2025-05-20 04:49:36,43.3571701049805,-8.84399890899658,"Male"
"6018401",371833,2025-05-20 04:54:34,43.3574676513672,-8.84402656555176,"Male"
"6018401",371833,2025-05-20 04:59:34,43.357551574707,-8.84409427642822,"Male"
"6018401",371833,2025-05-20 05:04:34,43.357479095459,-8.84401512145996,"Male"
"6018401",371833,2025-05-20 05:09:34,43.3575172424316,-8.8440990447998,"Male"
"6018401",371833,2025-05-20 05:14:33,43.3574409484863,-8.84399795532227,"Male"
"6018401",371833,2025-05-20 05:19:34,43.3573608398438,-8.84386348724365,"Male"
"6018401",371833,2025-05-20 05:24:33,43.3574600219727,-8.84398365020752,"Male"
"6018401",371833,2025-05-20 05:30:03,43.3574676513672,-8.84407711029053,"Male"
"6018401",371833,2025-05-20 05:34:32,43.3574867248535,-8.84394264221191,"Male"
"6018401",371833,2025-05-20 05:39:34,43.3572959899902,-8.84412574768066,"Male"
"6018401",371833,2025-05-20 05:44:33,43.357105255127,-8.84435653686523,"Male"
"6018401",371833,2025-05-20 05:49:34,43.3566131591797,-8.84427547454834,"Male"
"6018401",371833,2025-05-20 05:54:39,43.3575096130371,-8.84404754638672,"Male"
"6018401",371833,2025-05-20 05:59:37,43.3573951721191,-8.84409046173096,"Male"
"6018401",371833,2025-05-20 06:04:37,43.3573417663574,-8.84405708312988,"Male"
"6018401",371833,2025-05-20 06:09:48,43.3573150634766,-8.84402370452881,"Male"
"6018401",371833,2025-05-20 06:14:39,43.3574409484863,-8.8440580368042,"Male"
"6018401",371833,2025-05-20 06:19:33,43.3576736450195,-8.84428977966309,"Male"
"6018401",371833,2025-05-20 06:24:35,43.3577728271484,-8.84435653686523,"Male"
"6018401",371833,2025-05-20 06:29:38,43.3575325012207,-8.84408378601074,"Male"
"6018401",371833,2025-05-20 06:34:33,43.3575973510742,-8.84423065185547,"Male"
"6018401",371833,2025-05-20 06:40:05,43.3575401306152,-8.84399127960205,"Male"
"6018401",371833,2025-05-20 06:44:34,43.357608795166,-8.84394454956055,"Male"
"6018401",371833,2025-05-20 06:49:36,43.357494354248,-8.84412670135498,"Male"
"6018401",371833,2025-05-20 06:54:33,43.357666015625,-8.84427547454834,"Male"
"6018401",371833,2025-05-20 06:59:33,43.3575286865234,-8.84386730194092,"Male"
"6018401",371833,2025-05-20 07:04:34,43.3575477600098,-8.84403324127197,"Male"
"6018401",371833,2025-05-20 07:09:34,43.357593536377,-8.84399700164795,"Male"
"6018401",371833,2025-05-20 07:14:37,43.3575286865234,-8.84399032592773,"Male"
"6018401",371833,2025-05-20 07:20:05,43.3573837280273,-8.84400081634521,"Male"
"6018401",371833,2025-05-20 07:24:37,43.3572731018066,-8.84402847290039,"Male"
"6018401",371833,2025-05-20 07:29:40,43.3573608398438,-8.84411334991455,"Male"
"6018401",371833,2025-05-20 07:34:39,43.3574600219727,-8.84394359588623,"Male"
"6018401",371833,2025-05-20 07:39:36,43.3574867248535,-8.84409809112549,"Male"
"6018401",371833,2025-05-20 07:44:40,43.3573570251465,-8.84416103363037,"Male"
"6018401",371833,2025-05-20 07:49:39,43.357536315918,-8.84400367736816,"Male"
"6018401",371833,2025-05-20 07:54:41,43.3575592041016,-8.84373664855957,"Male"
"6018401",371833,2025-05-20 07:59:39,43.3575172424316,-8.84395694732666,"Male"
"6018401",371833,2025-05-20 08:04:39,43.3575286865234,-8.8438606262207,"Male"
"6018401",371833,2025-05-20 08:09:37,43.3575248718262,-8.84387397766113,"Male"
"6018401",371833,2025-05-20 08:14:37,43.357551574707,-8.84403228759766,"Male"
"6018401",371833,2025-05-20 08:19:37,43.3576469421387,-8.84408187866211,"Male"
"6018401",371833,2025-05-20 08:24:36,43.357608795166,-8.84399509429932,"Male"
"6018401",371833,2025-05-20 08:29:42,43.3575744628906,-8.84407615661621,"Male"
"6018401",371833,2025-05-20 08:34:39,43.3575820922852,-8.84395027160645,"Male"
"6018401",371833,2025-05-20 08:39:37,43.3574981689453,-8.84400367736816,"Male"
"6018401",371833,2025-05-20 08:44:39,43.3575897216797,-8.84408378601074,"Male"
"6018401",371833,2025-05-20 08:50:14,43.3575897216797,-8.84407138824463,"Male"
"6018401",371833,2025-05-20 08:55:56,43.357608795166,-8.84420108795166,"Male"
"6018401",371833,2025-05-20 09:00:14,43.3575973510742,-8.84423351287842,"Male"
"6018401",371833,2025-05-20 09:04:49,43.3575096130371,-8.84411334991455,"Male"
"6018401",371833,2025-05-20 09:09:42,43.3575286865234,-8.84418296813965,"Male"
"6018401",371833,2025-05-20 09:14:41,43.3576011657715,-8.84426689147949,"Male"
"6018401",371833,2025-05-20 09:19:40,43.3576240539551,-8.84431838989258,"Male"
"6018401",371833,2025-05-20 09:24:39,43.3576164245605,-8.84417152404785,"Male"
"6018401",371833,2025-05-20 09:29:40,43.357608795166,-8.84426879882812,"Male"
"6018401",371833,2025-05-20 09:34:39,43.3576354980469,-8.84442520141602,"Male"
"6018401",371833,2025-05-20 09:39:39,43.3576011657715,-8.84431076049805,"Male"
"6018401",371833,2025-05-20 09:44:42,43.3576202392578,-8.84436416625977,"Male"
"6018401",371833,2025-05-20 09:50:05,43.3574867248535,-8.8441047668457,"Male"
"6018401",371833,2025-05-20 09:54:33,43.357494354248,-8.84407520294189,"Male"
"6018401",371833,2025-05-20 09:59:40,43.3576011657715,-8.84424495697021,"Male"
"6018401",371833,2025-05-20 10:04:39,43.3574981689453,-8.84407997131348,"Male"
"6018401",371833,2025-05-20 10:09:34,43.3575286865234,-8.84409523010254,"Male"
"6018401",371833,2025-05-20 10:14:34,43.3575172424316,-8.84394550323486,"Male"
"6018401",371833,2025-05-20 10:19:38,43.3575286865234,-8.84404182434082,"Male"
"6018401",371833,2025-05-20 10:24:37,43.3575210571289,-8.84408855438232,"Male"
"6018401",371833,2025-05-20 10:29:39,43.3575553894043,-8.84415721893311,"Male"
"6018401",371833,2025-05-20 10:35:45,43.3557243347168,-8.83900928497314,"Male"
"6018401",371833,2025-05-20 10:39:31,43.3437843322754,-8.83608055114746,"Male"
"6018401",371833,2025-05-20 10:44:37,43.3307075500488,-8.84450626373291,"Male"
"6018401",371833,2025-05-20 10:49:32,43.3154296875,-8.85379219055176,"Male"
"6018401",371833,2025-05-20 10:54:31,43.3141403198242,-8.85540771484375,"Male"
"6018401",371833,2025-05-20 10:59:36,43.3143043518066,-8.85644435882568,"Male"
"6018401",371833,2025-05-20 11:04:34,43.3141059875488,-8.85628986358643,"Male"
"6018401",371833,2025-05-20 11:09:34,43.3141670227051,-8.85679244995117,"Male"
"6018401",371833,2025-05-20 11:14:36,43.3141288757324,-8.85606098175049,"Male"
"6018401",371833,2025-05-20 11:19:34,43.3178253173828,-8.85733699798584,"Male"
"6018401",371833,2025-05-20 11:24:37,43.3324699401855,-8.84384632110596,"Male"
"6018401",371833,2025-05-20 11:29:36,43.3325614929199,-8.84418869018555,"Male"
"6018401",371833,2025-05-20 11:35:05,43.3324279785156,-8.84380912780762,"Male"
"6018401",371833,2025-05-20 11:39:32,43.3324546813965,-8.84374237060547,"Male"
"6018401",371833,2025-05-20 11:44:32,43.3324737548828,-8.84399223327637,"Male"
"6018401",371833,2025-05-20 11:49:36,43.3324089050293,-8.84385395050049,"Male"
"6018401",371833,2025-05-20 11:54:32,43.3324165344238,-8.84374713897705,"Male"
"6018401",371833,2025-05-20 11:59:32,43.3325271606445,-8.84383487701416,"Male"
"6018401",371833,2025-05-20 12:04:36,43.3323364257812,-8.84389305114746,"Male"
"6018401",371833,2025-05-20 12:09:34,43.3324165344238,-8.84381866455078,"Male"
"6018401",371833,2025-05-20 12:15:10,43.332389831543,-8.84377288818359,"Male"
"6018401",371833,2025-05-20 12:19:38,43.3324432373047,-8.84384441375732,"Male"
"6018401",371833,2025-05-20 12:24:31,43.3323059082031,-8.84391593933105,"Male"
"6018401",371833,2025-05-20 12:29:32,43.3324203491211,-8.84384632110596,"Male"
"6018401",371833,2025-05-20 12:34:33,43.3323860168457,-8.84385299682617,"Male"
"6018401",371833,2025-05-20 12:39:39,43.3324165344238,-8.84390163421631,"Male"
"6018401",371833,2025-05-20 12:44:32,43.3323516845703,-8.84426212310791,"Male"
"6018401",371833,2025-05-20 12:49:40,43.3324127197266,-8.84390830993652,"Male"
"6018401",371833,2025-05-20 12:54:37,43.3324203491211,-8.84391117095947,"Male"
"6018401",371833,2025-05-20 12:59:39,43.3323516845703,-8.84377956390381,"Male"
"6018401",371833,2025-05-20 13:04:36,43.3325004577637,-8.84391403198242,"Male"
"6018401",371833,2025-05-20 13:09:39,43.3324508666992,-8.84386253356934,"Male"
"6018401",371833,2025-05-20 13:14:38,43.3325271606445,-8.84410858154297,"Male"
"6018401",371833,2025-05-20 13:19:39,43.3324356079102,-8.84390163421631,"Male"
"6018401",371833,2025-05-20 13:25:05,43.3324775695801,-8.84388637542725,"Male"
"6018401",371833,2025-05-20 13:29:31,43.3324241638184,-8.84410190582275,"Male"
"6018401",371833,2025-05-20 13:34:32,43.3324813842773,-8.84374237060547,"Male"
"6018401",371833,2025-05-20 13:39:32,43.3325157165527,-8.84419631958008,"Male"
"6018401",371833,2025-05-20 13:44:33,43.3325386047363,-8.84409427642822,"Male"
"6018401",371833,2025-05-20 13:49:32,43.3324546813965,-8.84371280670166,"Male"
"6018401",371833,2025-05-20 13:54:32,43.3324012756348,-8.84362506866455,"Male"
"6018401",371833,2025-05-20 13:59:33,43.3325042724609,-8.84394550323486,"Male"
"6018401",371833,2025-05-20 14:04:34,43.3325271606445,-8.84380722045898,"Male"
"6018401",371833,2025-05-20 14:09:33,43.3324356079102,-8.84378147125244,"Male"
"6018401",371833,2025-05-20 14:14:32,43.3325386047363,-8.84395790100098,"Male"
"6018401",371833,2025-05-20 14:19:33,43.3324775695801,-8.843918800354,"Male"
"6018401",371833,2025-05-20 14:24:31,43.3314666748047,-8.84486389160156,"Male"
"6018401",371833,2025-05-20 14:29:35,43.314525604248,-8.85674571990967,"Male"
"6018401",371833,2025-05-20 14:34:36,43.3143348693848,-8.85654735565186,"Male"
"6018401",371833,2025-05-20 14:39:34,43.3146438598633,-8.85664081573486,"Male"
"6018401",371833,2025-05-20 14:45:46,43.3141555786133,-8.85664463043213,"Male"
"6018401",371833,2025-05-20 14:50:23,43.3142356872559,-8.8566722869873,"Male"
"6018401",371833,2025-05-20 14:54:32,43.3143501281738,-8.85663223266602,"Male"
"6018401",371833,2025-05-20 14:59:39,43.3141555786133,-8.85654258728027,"Male"
"6018401",371833,2025-05-20 15:04:34,43.3141784667969,-8.85655307769775,"Male"
"6018401",371833,2025-05-20 15:09:32,43.3147811889648,-8.85641574859619,"Male"
"6018401",371833,2025-05-20 15:14:36,43.3142890930176,-8.85658836364746,"Male"
"6018401",371833,2025-05-20 15:19:32,43.3141899108887,-8.85661888122559,"Male"
"6018401",371833,2025-05-20 15:24:32,43.3141899108887,-8.85667514801025,"Male"
"6018401",371833,2025-05-20 15:29:36,43.3141670227051,-8.85671043395996,"Male"
"6018401",371833,2025-05-20 15:34:32,43.3139915466309,-8.85666751861572,"Male"
"6018401",371833,2025-05-20 15:39:31,43.3140640258789,-8.85668754577637,"Male"
"6018401",371833,2025-05-20 15:44:39,43.3140716552734,-8.85680294036865,"Male"
"6018401",371833,2025-05-20 15:49:31,43.3140830993652,-8.8568000793457,"Male"
"6018401",371833,2025-05-20 15:54:32,43.314884185791,-8.85728168487549,"Male"
"6018401",371833,2025-05-20 15:59:32,43.3235206604004,-8.84759521484375,"Male"
"6018401",371833,2025-05-20 16:04:32,43.3234748840332,-8.84761428833008,"Male"
"6018401",371833,2025-05-20 16:09:32,43.3234176635742,-8.84766674041748,"Male"
"6018401",371833,2025-05-20 16:14:33,43.3234252929688,-8.84771156311035,"Male"
"6018401",371833,2025-05-20 16:19:32,43.3238334655762,-8.84761142730713,"Male"
"6018401",371833,2025-05-20 16:24:33,43.3237419128418,-8.84755706787109,"Male"
"6018401",371833,2025-05-20 16:29:37,43.323787689209,-8.84769725799561,"Male"
"6018401",371833,2025-05-20 16:34:52,43.3238906860352,-8.84779167175293,"Male"
"6018401",371833,2025-05-20 16:40:05,43.3263931274414,-8.84839344024658,"Male"
"6018401",371833,2025-05-20 16:44:31,43.3263969421387,-8.84834957122803,"Male"
"6018401",371833,2025-05-20 16:49:32,43.3263282775879,-8.84846210479736,"Male"
"6018401",371833,2025-05-20 16:54:31,43.3264274597168,-8.84845638275146,"Male"
"6018401",371833,2025-05-20 16:59:32,43.3264007568359,-8.84845924377441,"Male"
"6018401",371833,2025-05-20 17:04:31,43.3263740539551,-8.84845161437988,"Male"
"6018401",371833,2025-05-20 17:09:32,43.3263549804688,-8.84854888916016,"Male"
"6018401",371833,2025-05-20 17:14:33,43.3323173522949,-8.84401988983154,"Male"
"6018401",371833,2025-05-20 17:19:31,43.353515625,-8.83317470550537,"Male"
"6018401",371833,2025-05-20 17:24:32,43.3542861938477,-8.8349084854126,"Male"
"6018401",371833,2025-05-20 17:29:32,43.3542823791504,-8.83499622344971,"Male"
"6018401",371833,2025-05-20 17:34:31,43.3543472290039,-8.83502006530762,"Male"
"6018401",371833,2025-05-20 17:39:44,43.354190826416,-8.83483123779297,"Male"
"6018401",371833,2025-05-20 17:44:34,43.3541679382324,-8.83474731445312,"Male"
"6018401",371833,2025-05-20 17:49:36,43.3542060852051,-8.83481216430664,"Male"
"6018401",371833,2025-05-20 17:54:36,43.3541412353516,-8.8347282409668,"Male"
"6018401",371833,2025-05-20 17:59:48,43.3544044494629,-8.8349666595459,"Male"
"6018401",371833,2025-05-20 18:04:43,43.3544502258301,-8.8350248336792,"Male"
"6018401",371833,2025-05-20 18:09:38,43.3544235229492,-8.83492374420166,"Male"
"6018401",371833,2025-05-20 18:14:34,43.3544998168945,-8.83503723144531,"Male"
"6018401",371833,2025-05-20 18:20:05,43.354564666748,-8.83514213562012,"Male"
"6018401",371833,2025-05-20 18:24:32,43.3545722961426,-8.83511257171631,"Male"
"6018401",371833,2025-05-20 18:29:32,43.3544998168945,-8.83505821228027,"Male"
"6018401",371833,2025-05-20 18:34:47,43.3545570373535,-8.83505153656006,"Male"
"6018401",371833,2025-05-20 18:39:36,43.3545570373535,-8.83482933044434,"Male"
"6018401",371833,2025-05-20 18:44:34,43.3543663024902,-8.83506107330322,"Male"
"6018401",371833,2025-05-20 18:49:33,43.3544578552246,-8.83487415313721,"Male"
"6018401",371833,2025-05-20 18:54:32,43.3543548583984,-8.83504867553711,"Male"
"6018401",371833,2025-05-20 18:59:33,43.3545074462891,-8.83485984802246,"Male"
"6018401",371833,2025-05-20 19:04:32,43.3544654846191,-8.83497142791748,"Male"
"6018401",371833,2025-05-20 19:09:31,43.3544464111328,-8.83489894866943,"Male"
"6018401",371833,2025-05-20 19:14:31,43.3544502258301,-8.83492851257324,"Male"
"6018401",371833,2025-05-20 19:19:31,43.354434967041,-8.8349142074585,"Male"
"6018401",371833,2025-05-20 19:24:31,43.3544616699219,-8.83496570587158,"Male"
"6018401",371833,2025-05-20 19:29:31,43.354434967041,-8.83490371704102,"Male"
"6018401",371833,2025-05-20 19:34:31,43.3544387817383,-8.83488464355469,"Male"
"6018401",371833,2025-05-20 19:39:33,43.3544082641602,-8.83482456207275,"Male"
"6018401",371833,2025-05-20 19:44:44,43.3613700866699,-8.84187507629395,"Male"
"6018401",371833,2025-05-20 19:49:36,43.3614807128906,-8.84185218811035,"Male"
"6018401",371833,2025-05-20 19:54:31,43.3618659973145,-8.84238529205322,"Male"
"6018401",371833,2025-05-20 20:00:08,43.3613777160645,-8.84343242645264,"Male"
"6018401",371833,2025-05-20 20:04:37,43.3614120483398,-8.84324836730957,"Male"
"6018401",371833,2025-05-20 20:09:34,43.3613891601562,-8.84323310852051,"Male"
"6018401",371833,2025-05-20 20:14:54,43.3614158630371,-8.84323883056641,"Male"
"6018401",371833,2025-05-20 20:19:52,43.3609085083008,-8.84390354156494,"Male"
"6018401",371833,2025-05-20 20:24:39,43.3608818054199,-8.84402084350586,"Male"
"6018401",371833,2025-05-20 20:29:51,43.3608093261719,-8.84402084350586,"Male"
"6018401",371833,2025-05-20 20:35:11,43.3608741760254,-8.84395980834961,"Male"
"6018401",371833,2025-05-20 20:39:34,43.3607330322266,-8.84409141540527,"Male"
"6018401",371833,2025-05-20 20:48:15,43.3608245849609,-8.84422492980957,"Male"
"6018401",371833,2025-05-20 20:53:03,43.3609008789062,-8.84423351287842,"Male"
"6018401",371833,2025-05-20 20:58:01,43.3608360290527,-8.84419918060303,"Male"
"6018401",371833,2025-05-20 21:03:33,43.3606986999512,-8.84421730041504,"Male"
"6018401",371833,2025-05-20 21:08:22,43.3607635498047,-8.84418773651123,"Male"
"6018401",371833,2025-05-20 21:13:00,43.3607292175293,-8.84409332275391,"Male"
"6018401",371833,2025-05-20 21:19:18,43.3606071472168,-8.84418678283691,"Male"
"6018401",371833,2025-05-20 21:23:32,43.3606643676758,-8.84412956237793,"Male"
"6018401",371833,2025-05-20 21:29:23,43.3606567382812,-8.84415340423584,"Male"
"6018401",371833,2025-05-20 21:33:07,43.3606033325195,-8.84422206878662,"Male"
"6018401",371833,2025-05-20 21:38:05,43.3608436584473,-8.84463119506836,"Male"
"6018401",371833,2025-05-20 21:43:09,43.360668182373,-8.84420108795166,"Male"
"6018401",371833,2025-05-20 21:48:08,43.3604316711426,-8.84436130523682,"Male"
"6018401",371833,2025-05-20 21:53:03,43.3607025146484,-8.84422779083252,"Male"
"6018401",371833,2025-05-20 21:58:45,43.360767364502,-8.84427261352539,"Male"
"6018401",371833,2025-05-20 22:03:14,43.3607139587402,-8.84426689147949,"Male"
"6018401",371833,2025-05-20 22:08:10,43.3606033325195,-8.84426403045654,"Male"
"6018401",371833,2025-05-20 22:13:24,43.3606452941895,-8.84412574768066,"Male"
"6018401",371833,2025-05-20 22:18:48,43.360668182373,-8.84430503845215,"Male"
"6018401",371833,2025-05-20 22:23:17,43.3607788085938,-8.84428691864014,"Male"
"6018401",371833,2025-05-20 22:28:09,43.3611526489258,-8.84462261199951,"Male"
"6018401",371833,2025-05-20 22:33:20,43.3607559204102,-8.84409713745117,"Male"
"6018401",371833,2025-05-20 22:38:12,43.3606719970703,-8.84465789794922,"Male"
"6018401",371833,2025-05-20 22:43:32,43.3608665466309,-8.84484481811523,"Male"
"6018401",371833,2025-05-20 22:53:10,43.3598747253418,-8.8450174331665,"Male"
"6018401",371833,2025-05-20 22:58:44,43.3601531982422,-8.84475803375244,"Male"
"6018401",371833,2025-05-20 23:03:03,43.3606414794922,-8.8445348739624,"Male"
"6018401",371833,2025-05-20 23:08:04,43.360424041748,-8.84455585479736,"Male"
"6018401",371833,2025-05-20 23:13:09,43.360408782959,-8.84484767913818,"Male"
"6018401",371833,2025-05-20 23:19:23,43.360969543457,-8.84410858154297,"Male"
"6018401",371833,2025-05-20 23:23:01,43.3598518371582,-8.84722328186035,"Male"
"6018401",371833,2025-05-20 23:28:00,43.3574180603027,-8.84387111663818,"Male"
"6018401",371833,2025-05-20 23:32:59,43.3574256896973,-8.84389972686768,"Male"
"6018401",371833,2025-05-20 23:38:00,43.3571472167969,-8.84369850158691,"Male"
"6018401",371833,2025-05-20 23:43:03,43.3573684692383,-8.84400177001953,"Male"
"6018401",371833,2025-05-20 23:48:06,43.3575019836426,-8.84403228759766,"Male"
"6018401",371833,2025-05-20 23:53:01,43.3574447631836,-8.84394454956055,"Male"
"6018401",371833,2025-05-20 23:58:09,43.3574600219727,-8.8440580368042,"Male"
"6018401",371833,2025-05-21 00:03:01,43.3576850891113,-8.84412479400635,"Male"
"6018401",371833,2025-05-21 00:08:07,43.3574409484863,-8.84410285949707,"Male"
"6018401",371833,2025-05-21 00:13:02,43.3573226928711,-8.84393882751465,"Male"
"6018401",371833,2025-05-21 00:18:04,43.3573913574219,-8.84405326843262,"Male"
"6018401",371833,2025-05-21 00:23:03,43.3572731018066,-8.84388732910156,"Male"
"6018401",371833,2025-05-21 00:28:05,43.3576850891113,-8.84429931640625,"Male"
"6018401",371833,2025-05-21 00:33:05,43.3577499389648,-8.84427547454834,"Male"
"6018401",371833,2025-05-21 00:38:15,43.3576164245605,-8.84395790100098,"Male"
"6018401",371833,2025-05-21 00:43:05,43.3574371337891,-8.84390163421631,"Male"
"6018401",371833,2025-05-21 00:48:09,43.3574752807617,-8.84398746490479,"Male"
"6018401",371833,2025-05-21 00:53:14,43.3575172424316,-8.84399127960205,"Male"
"6018401",371833,2025-05-21 00:58:01,43.3574562072754,-8.84407234191895,"Male"
"6018401",371833,2025-05-21 01:03:00,43.3578224182129,-8.84435749053955,"Male"
"6018401",371833,2025-05-21 01:08:00,43.3575859069824,-8.84404945373535,"Male"
"6018401",371833,2025-05-21 01:13:14,43.3574829101562,-8.84402370452881,"Male"
"6018401",371833,2025-05-21 01:18:00,43.3575706481934,-8.8440580368042,"Male"
"6018401",371833,2025-05-21 01:23:00,43.3580207824707,-8.84405136108398,"Male"
"6018401",371833,2025-05-21 01:28:00,43.3583564758301,-8.84391307830811,"Male"
"6018401",371833,2025-05-21 01:33:01,43.357177734375,-8.84400844573975,"Male"
"6018401",371833,2025-05-21 01:38:09,43.357536315918,-8.84399890899658,"Male"
"6018401",371833,2025-05-21 01:43:01,43.3579025268555,-8.84397602081299,"Male"
"6018401",371833,2025-05-21 01:48:15,43.3574752807617,-8.84402751922607,"Male"
"6018401",371833,2025-05-21 01:53:02,43.3575057983398,-8.84401416778564,"Male"
"6018401",371833,2025-05-21 01:58:03,43.3573188781738,-8.84404850006104,"Male"
"6018401",371833,2025-05-21 02:03:08,43.3576469421387,-8.84403705596924,"Male"
"6018401",371833,2025-05-21 02:08:09,43.3579254150391,-8.84389495849609,"Male"
"6018401",371833,2025-05-21 02:13:10,43.3558120727539,-8.84453201293945,"Male"
"6018401",371833,2025-05-21 02:18:02,43.3570785522461,-8.84414100646973,"Male"
"6018401",371833,2025-05-21 02:23:02,43.3569488525391,-8.84442901611328,"Male"
"6018401",371833,2025-05-21 02:28:14,43.3575248718262,-8.84403991699219,"Male"
"6018401",371833,2025-05-21 02:33:02,43.3574714660645,-8.84392929077148,"Male"
"6018401",371833,2025-05-21 02:38:01,43.3573875427246,-8.84397125244141,"Male"
"6018401",371833,2025-05-21 02:43:02,43.3575401306152,-8.84402084350586,"Male"
"6018401",371833,2025-05-21 02:48:15,43.3575210571289,-8.84406661987305,"Male"
"6018401",371833,2025-05-21 02:53:06,43.3574752807617,-8.84399509429932,"Male"
"6018401",371833,2025-05-21 02:58:06,43.3576011657715,-8.84399032592773,"Male"
"6018401",371833,2025-05-21 03:03:03,43.357250213623,-8.84371471405029,"Male"
"6018401",371833,2025-05-21 03:08:06,43.357494354248,-8.84392261505127,"Male"
"6018401",371833,2025-05-21 03:13:08,43.3575096130371,-8.84392929077148,"Male"
"6018401",371833,2025-05-21 03:18:10,43.3575057983398,-8.84392929077148,"Male"
"6018401",371833,2025-05-21 03:23:04,43.357479095459,-8.84385013580322,"Male"
"6018401",371833,2025-05-21 03:28:08,43.3574485778809,-8.8439245223999,"Male"
"6018401",371833,2025-05-21 03:33:09,43.357479095459,-8.84396362304688,"Male"
"6018401",371833,2025-05-21 03:38:09,43.3574447631836,-8.84393787384033,"Male"
"6018401",371833,2025-05-21 03:43:09,43.3574523925781,-8.84396076202393,"Male"
"6018401",371833,2025-05-21 03:48:14,43.3574676513672,-8.84397983551025,"Male"
"6018401",371833,2025-05-21 03:53:35,43.3575057983398,-8.84401226043701,"Male"
"6018401",371833,2025-05-21 03:58:00,43.3575401306152,-8.84398555755615,"Male"
"6018401",371833,2025-05-21 04:02:59,43.3575439453125,-8.84399509429932,"Male"
"6018401",371833,2025-05-21 04:07:59,43.357551574707,-8.8438720703125,"Male"
"6018401",371833,2025-05-21 04:12:59,43.3575477600098,-8.84397125244141,"Male"
"6018401",371833,2025-05-21 04:17:59,43.3575286865234,-8.84402370452881,"Male"
"6018401",371833,2025-05-21 04:22:59,43.3575553894043,-8.84399509429932,"Male"
"6018401",371833,2025-05-21 04:28:00,43.3575248718262,-8.84399223327637,"Male"
"6018401",371833,2025-05-21 04:33:00,43.357593536377,-8.84393882751465,"Male"
"6018401",371833,2025-05-21 04:38:00,43.3575477600098,-8.84399127960205,"Male"
"6018401",371833,2025-05-21 04:43:00,43.3575630187988,-8.84392833709717,"Male"
"6018401",371833,2025-05-21 04:47:59,43.3575172424316,-8.84399890899658,"Male"
"6018401",371833,2025-05-21 04:52:59,43.3542442321777,-8.83483028411865,"Male"
"6018401",371833,2025-05-21 04:58:01,43.3544654846191,-8.83507061004639,"Male"
"6018401",371833,2025-05-21 05:03:00,43.3543319702148,-8.83509540557861,"Male"
"6018401",371833,2025-05-21 05:07:59,43.354362487793,-8.83495616912842,"Male"
"6018401",371833,2025-05-21 05:12:59,43.3547286987305,-8.83517551422119,"Male"
"6018401",371833,2025-05-21 05:18:03,43.3545913696289,-8.83501052856445,"Male"
"6018401",371833,2025-05-21 05:22:59,43.3542900085449,-8.83514308929443,"Male"
"6018401",371833,2025-05-21 05:28:09,43.3542785644531,-8.83508968353271,"Male"
"6018401",371833,2025-05-21 05:32:59,43.3543090820312,-8.83510780334473,"Male"
"6018401",371833,2025-05-21 05:37:59,43.3541641235352,-8.83486461639404,"Male"
"6018401",371833,2025-05-21 05:43:14,43.354362487793,-8.83507633209229,"Male"
"6018401",371833,2025-05-21 05:48:00,43.3544654846191,-8.83484268188477,"Male"
"6018401",371833,2025-05-21 05:53:02,43.3544273376465,-8.83493518829346,"Male"
"6018401",371833,2025-05-21 05:58:16,43.3544158935547,-8.83514213562012,"Male"
"6018401",371833,2025-05-21 06:04:23,43.354320526123,-8.83500289916992,"Male"
"6018401",371833,2025-05-21 06:09:22,43.3542861938477,-8.83499240875244,"Male"
"6018401",371833,2025-05-21 06:13:06,43.3543014526367,-8.83490943908691,"Male"
"6018401",371833,2025-05-21 06:18:12,43.3542900085449,-8.83499813079834,"Male"
"6018401",371833,2025-05-21 06:23:16,43.3543090820312,-8.83499431610107,"Male"
"6018401",371833,2025-05-21 06:27:59,43.3544654846191,-8.83506298065186,"Male"
"6018401",371833,2025-05-21 06:33:00,43.3543663024902,-8.83494186401367,"Male"
"6018401",371833,2025-05-21 06:38:04,43.3542861938477,-8.83496284484863,"Male"
"6018401",371833,2025-05-21 06:43:00,43.3544731140137,-8.83512592315674,"Male"
"6018401",371833,2025-05-21 06:48:09,43.3543167114258,-8.83485794067383,"Male"
"6018401",371833,2025-05-21 06:53:04,43.3542709350586,-8.83494281768799,"Male"
"6018401",371833,2025-05-21 06:58:10,43.3545265197754,-8.83505439758301,"Male"
"6018401",371833,2025-05-21 07:02:59,43.3545570373535,-8.83516407012939,"Male"
"6018401",371833,2025-05-21 07:08:00,43.3544616699219,-8.83478355407715,"Male"
"6018401",371833,2025-05-21 07:13:02,43.354377746582,-8.83457088470459,"Male"
"6018401",371833,2025-05-21 07:18:03,43.3544082641602,-8.83473300933838,"Male"
"6018401",371833,2025-05-21 07:23:03,43.3544311523438,-8.83475780487061,"Male"
"6018401",371833,2025-05-21 07:28:03,43.3544921875,-8.83505535125732,"Male"
"6018401",371833,2025-05-21 07:33:04,43.3544578552246,-8.83489418029785,"Male"
"6018401",371833,2025-05-21 07:38:02,43.354377746582,-8.83500671386719,"Male"
"6018401",371833,2025-05-21 07:42:59,43.354419708252,-8.83491516113281,"Male"
"6018401",371833,2025-05-21 07:48:38,43.3544273376465,-8.83505725860596,"Male"
"6018401",371833,2025-05-21 07:53:00,43.3403701782227,-8.84189224243164,"Male"
"6018401",371833,2025-05-21 07:58:14,43.3402900695801,-8.84184074401855,"Male"
"6018401",371833,2025-05-21 08:03:19,43.3386650085449,-8.84371852874756,"Male"
"6018401",371833,2025-05-21 08:08:09,43.3137855529785,-8.85682964324951,"Male"
"6018401",371833,2025-05-21 08:13:06,43.3137474060059,-8.85670948028564,"Male"
"6018401",371833,2025-05-21 08:18:01,43.3134765625,-8.85666656494141,"Male"
"6018401",371833,2025-05-21 08:23:28,43.3124885559082,-8.85623741149902,"Male"
"6018401",371833,2025-05-21 08:28:00,43.3122596740723,-8.8561954498291,"Male"
"6018401",371833,2025-05-21 08:33:12,43.313232421875,-8.85750675201416,"Male"
"6018401",371833,2025-05-21 08:37:58,43.3134231567383,-8.85767269134521,"Male"
"6018401",371833,2025-05-21 08:43:45,43.3134002685547,-8.85751247406006,"Male"
"6018401",371833,2025-05-21 08:48:00,43.313362121582,-8.85751914978027,"Male"
"6018401",371833,2025-05-21 08:52:59,43.3133506774902,-8.85760021209717,"Male"
"6018401",371833,2025-05-21 08:58:59,43.3132476806641,-8.85698223114014,"Male"
"6018401",371833,2025-05-21 09:03:34,43.3132934570312,-8.85753440856934,"Male"
"6018401",371833,2025-05-21 09:07:59,43.3131942749023,-8.85766983032227,"Male"
"6018401",371833,2025-05-21 09:12:59,43.3132133483887,-8.85768127441406,"Male"
"6018401",371833,2025-05-21 09:17:58,43.3134384155273,-8.85761165618896,"Male"
"6018401",371833,2025-05-21 09:22:58,43.3145446777344,-8.85678768157959,"Male"
"6018401",371833,2025-05-21 09:27:58,43.3153915405273,-8.86118030548096,"Male"
"6018401",371833,2025-05-21 09:32:58,43.3153686523438,-8.86118602752686,"Male"
"6018401",371833,2025-05-21 09:37:58,43.3158569335938,-8.86190128326416,"Male"
"6018401",371833,2025-05-21 09:42:59,43.3166160583496,-8.86324214935303,"Male"
"6018401",371833,2025-05-21 09:47:58,43.3165321350098,-8.86325645446777,"Male"
"6018401",371833,2025-05-21 09:52:58,43.3165016174316,-8.86321449279785,"Male"
"6018401",371833,2025-05-21 09:58:04,43.3174285888672,-8.86411571502686,"Male"
"6018401",371833,2025-05-21 10:03:00,43.3194580078125,-8.86461067199707,"Male"
"6018401",371833,2025-05-21 10:07:58,43.3194465637207,-8.8645658493042,"Male"
"6018401",371833,2025-05-21 10:12:59,43.3193969726562,-8.86458110809326,"Male"
"6018401",371833,2025-05-21 10:17:58,43.3193778991699,-8.86458206176758,"Male"
"6018401",371833,2025-05-21 10:22:58,43.3194160461426,-8.86457538604736,"Male"
"6018401",371833,2025-05-21 10:27:59,43.3193511962891,-8.86458015441895,"Male"
"6018401",371833,2025-05-21 10:33:02,43.3174629211426,-8.86403369903564,"Male"
"6018401",371833,2025-05-21 10:38:36,43.317211151123,-8.86417770385742,"Male"
"6018401",371833,2025-05-21 10:42:58,43.3173332214355,-8.86416625976562,"Male"
"6018401",371833,2025-05-21 10:47:58,43.3172225952148,-8.86412620544434,"Male"
"6018401",371833,2025-05-21 10:53:01,43.3173561096191,-8.86411190032959,"Male"
"6018401",371833,2025-05-21 10:57:59,43.3173599243164,-8.86420917510986,"Male"
"6018401",371833,2025-05-21 11:02:58,43.3177337646484,-8.86459636688232,"Male"
"6018401",371833,2025-05-21 11:07:59,43.3178215026855,-8.86474895477295,"Male"
"6018401",371833,2025-05-21 11:12:59,43.3177375793457,-8.86455917358398,"Male"
"6018401",371833,2025-05-21 11:17:58,43.3179588317871,-8.86473274230957,"Male"
"6018401",371833,2025-05-21 11:22:58,43.3179016113281,-8.86473846435547,"Male"
"6018401",371833,2025-05-21 11:27:58,43.3179244995117,-8.86466121673584,"Male"
"6018401",371833,2025-05-21 11:32:58,43.3179054260254,-8.86477088928223,"Male"
"6018401",371833,2025-05-21 11:37:58,43.3178901672363,-8.86469841003418,"Male"
"6018401",371833,2025-05-21 11:43:24,43.3174476623535,-8.86414337158203,"Male"
"6018401",371833,2025-05-21 11:48:20,43.3171005249023,-8.86416530609131,"Male"
"6018401",371833,2025-05-21 11:52:58,43.314811706543,-8.85712623596191,"Male"
"6018401",371833,2025-05-21 11:58:03,43.3149871826172,-8.85727500915527,"Male"
"6018401",371833,2025-05-21 12:03:00,43.3153915405273,-8.85772895812988,"Male"
"6018401",371833,2025-05-21 12:07:59,43.3176422119141,-8.85710430145264,"Male"
"6018401",371833,2025-05-21 12:13:00,43.3176193237305,-8.8570728302002,"Male"
"6018401",371833,2025-05-21 12:18:06,43.3174934387207,-8.85694313049316,"Male"
"6018401",371833,2025-05-21 12:23:14,43.3153305053711,-8.86124038696289,"Male"
"6018401",371833,2025-05-21 12:27:59,43.3154106140137,-8.86129951477051,"Male"
"6018401",371833,2025-05-21 12:33:05,43.3154945373535,-8.85756015777588,"Male"
"6018401",371833,2025-05-21 12:38:07,43.3153266906738,-8.8574047088623,"Male"
"6018401",371833,2025-05-21 12:43:02,43.3150634765625,-8.85713005065918,"Male"
"6018401",371833,2025-05-21 12:48:35,43.3152732849121,-8.85727119445801,"Male"
"6018401",371833,2025-05-21 12:53:03,43.3151588439941,-8.85737991333008,"Male"
"6018401",371833,2025-05-21 12:57:59,43.3153190612793,-8.85740852355957,"Male"
"6018401",371833,2025-05-21 13:03:08,43.3152160644531,-8.85724067687988,"Male"
"6018401",371833,2025-05-21 13:08:12,43.3150291442871,-8.85716915130615,"Male"
"6018401",371833,2025-05-21 13:13:01,43.3150100708008,-8.85724544525146,"Male"
"6018401",371833,2025-05-21 13:18:05,43.3147506713867,-8.85726070404053,"Male"
"6018401",371833,2025-05-21 13:23:35,43.314754486084,-8.85697364807129,"Male"
"6018401",371833,2025-05-21 13:27:58,43.314582824707,-8.85680389404297,"Male"
"6018401",371833,2025-05-21 13:33:01,43.3144607543945,-8.85654354095459,"Male"
"6018401",371833,2025-05-21 13:37:59,43.3135414123535,-8.85458087921143,"Male"
"6018401",371833,2025-05-21 13:43:01,43.3139801025391,-8.85438060760498,"Male"
"6018401",371833,2025-05-21 13:47:59,43.3144378662109,-8.85501194000244,"Male"
"6018401",371833,2025-05-21 13:53:01,43.3141212463379,-8.85482978820801,"Male"
"6018401",371833,2025-05-21 13:57:58,43.3137474060059,-8.85513305664062,"Male"
"6018401",371833,2025-05-21 14:03:01,43.3139305114746,-8.85570621490479,"Male"
"6018401",371833,2025-05-21 14:08:06,43.3135299682617,-8.85525321960449,"Male"
"6018401",371833,2025-05-21 14:12:59,43.313533782959,-8.85530948638916,"Male"
"6018401",371833,2025-05-21 14:18:03,43.3134880065918,-8.85521697998047,"Male"
"6018401",371833,2025-05-21 14:22:59,43.313591003418,-8.85542488098145,"Male"
"6018401",371833,2025-05-21 14:27:59,43.3134269714355,-8.85511112213135,"Male"
"6018401",371833,2025-05-21 14:32:59,43.31396484375,-8.85735702514648,"Male"
"6018401",371833,2025-05-21 14:37:58,43.3137168884277,-8.85720443725586,"Male"
"6018401",371833,2025-05-21 14:42:59,43.3138046264648,-8.85744857788086,"Male"
"6018401",371833,2025-05-21 14:47:59,43.3136825561523,-8.85708618164062,"Male"
"6018401",371833,2025-05-21 14:53:00,43.3131675720215,-8.85714912414551,"Male"
"6018401",371833,2025-05-21 14:57:59,43.3131942749023,-8.85740566253662,"Male"
"6018401",371833,2025-05-21 15:02:58,43.313232421875,-8.85753345489502,"Male"
"6018401",371833,2025-05-21 15:08:44,43.3138160705566,-8.85700511932373,"Male"
"6018401",371833,2025-05-21 15:12:58,43.3138427734375,-8.85694217681885,"Male"
"6018401",371833,2025-05-21 15:17:58,43.3136329650879,-8.85694122314453,"Male"
"6018401",371833,2025-05-21 15:22:58,43.3137283325195,-8.85685157775879,"Male"
"6018401",371833,2025-05-21 15:28:10,43.3137893676758,-8.85692405700684,"Male"
"6018401",371833,2025-05-21 15:33:03,43.3138198852539,-8.85694217681885,"Male"
"6018401",371833,2025-05-21 15:38:03,43.3137397766113,-8.85697460174561,"Male"
"6018401",371833,2025-05-21 15:43:08,43.3137283325195,-8.85694026947021,"Male"
"6018401",371833,2025-05-21 15:48:35,43.3137664794922,-8.85695552825928,"Male"
"6018401",371833,2025-05-21 15:52:58,43.313777923584,-8.8568868637085,"Male"
"6018401",371833,2025-05-21 15:57:58,43.3137702941895,-8.85695362091064,"Male"
"6018401",371833,2025-05-21 16:02:59,43.3139915466309,-8.85705280303955,"Male"
"6018401",371833,2025-05-21 16:07:59,43.314094543457,-8.85715770721436,"Male"
"6018401",371833,2025-05-21 16:12:59,43.3140830993652,-8.8571138381958,"Male"
"6018401",371833,2025-05-21 16:17:59,43.3140029907227,-8.85705184936523,"Male"
"6018401",371833,2025-05-21 16:23:00,43.3142051696777,-8.85716724395752,"Male"
"6018401",371833,2025-05-21 16:28:01,43.3174591064453,-8.86484146118164,"Male"
"6018401",371833,2025-05-21 16:33:02,43.3174705505371,-8.86482334136963,"Male"
"6018401",371833,2025-05-21 16:37:59,43.3174209594727,-8.86476230621338,"Male"
"6018401",371833,2025-05-21 16:42:59,43.3180656433105,-8.86552619934082,"Male"
"6018401",371833,2025-05-21 16:47:59,43.3179931640625,-8.86542701721191,"Male"
"6018401",371833,2025-05-21 16:53:00,43.3179779052734,-8.86548805236816,"Male"
"6018401",371833,2025-05-21 16:58:03,43.3180389404297,-8.86549186706543,"Male"
"6018401",371833,2025-05-21 17:03:00,43.3180389404297,-8.86551761627197,"Male"
"6018401",371833,2025-05-21 17:08:03,43.3191108703613,-8.86551952362061,"Male"
"6018401",371833,2025-05-21 17:13:06,43.3190879821777,-8.86545276641846,"Male"
"6018401",371833,2025-05-21 17:18:00,43.3190116882324,-8.86543655395508,"Male"
"6018401",371833,2025-05-21 17:22:59,43.3163528442383,-8.85820865631104,"Male"
"6018401",371833,2025-05-21 17:28:02,43.3161773681641,-8.85779094696045,"Male"
"6018401",371833,2025-05-21 17:33:00,43.3160972595215,-8.8578634262085,"Male"
"6018401",371833,2025-05-21 17:38:05,43.3161735534668,-8.85808849334717,"Male"
"6018401",371833,2025-05-21 17:43:03,43.3161201477051,-8.85787200927734,"Male"
"6018401",371833,2025-05-21 17:48:12,43.3160743713379,-8.85791397094727,"Male"
"6018401",371833,2025-05-21 17:53:02,43.3160972595215,-8.85785675048828,"Male"
"6018401",371833,2025-05-21 17:58:00,43.3160095214844,-8.85782623291016,"Male"
"6018401",371833,2025-05-21 18:02:59,43.316032409668,-8.85780620574951,"Male"
"6018401",371833,2025-05-21 18:08:03,43.3161697387695,-8.85805511474609,"Male"
"6018401",371833,2025-05-21 18:12:59,43.3160209655762,-8.85772132873535,"Male"
"6018401",371833,2025-05-21 18:18:05,43.3159294128418,-8.85792636871338,"Male"
"6018401",371833,2025-05-21 18:23:06,43.3158798217773,-8.85737895965576,"Male"
"6018401",371833,2025-05-21 18:28:14,43.3158836364746,-8.85780429840088,"Male"
"6018401",371833,2025-05-21 18:33:05,43.3160209655762,-8.86186981201172,"Male"
"6018401",371833,2025-05-21 18:38:14,43.3167304992676,-8.86355686187744,"Male"
"6018401",371833,2025-05-21 18:43:07,43.3166847229004,-8.86350631713867,"Male"
"6018401",371833,2025-05-21 18:48:13,43.3166542053223,-8.86366844177246,"Male"
"6018401",371833,2025-05-21 18:53:15,43.3166847229004,-8.86362838745117,"Male"
"6018401",371833,2025-05-21 18:58:06,43.3166770935059,-8.86367225646973,"Male"
"6018401",371833,2025-05-21 19:03:10,43.3167877197266,-8.86374855041504,"Male"
"6018401",371833,2025-05-21 19:08:06,43.3167419433594,-8.86361217498779,"Male"
"6018401",371833,2025-05-21 19:13:06,43.3169212341309,-8.86345195770264,"Male"
"6018401",371833,2025-05-21 19:18:09,43.3167495727539,-8.86329078674316,"Male"
"6018401",371833,2025-05-21 19:23:06,43.3165130615234,-8.86318969726562,"Male"
"6018401",371833,2025-05-21 19:28:06,43.3167419433594,-8.86313629150391,"Male"
"6018401",371833,2025-05-21 19:33:06,43.3167190551758,-8.86324596405029,"Male"
"6018401",371833,2025-05-21 19:38:09,43.3167610168457,-8.86327743530273,"Male"
"6018401",371833,2025-05-21 19:42:59,43.3164253234863,-8.86329364776611,"Male"
"6018401",371833,2025-05-21 19:48:14,43.3167762756348,-8.86340713500977,"Male"
"6018401",371833,2025-05-21 19:53:34,43.3168258666992,-8.86331367492676,"Male"
"6018401",371833,2025-05-21 19:57:58,43.317008972168,-8.86307811737061,"Male"
"6018401",371833,2025-05-21 20:02:58,43.3169250488281,-8.86311531066895,"Male"
"6018401",371833,2025-05-21 20:07:58,43.3169822692871,-8.86319923400879,"Male"
"6018401",371833,2025-05-21 20:13:00,43.316837310791,-8.86318588256836,"Male"
"6018401",371833,2025-05-21 20:17:58,43.3167266845703,-8.86414623260498,"Male"
"6018401",371833,2025-05-21 20:22:58,43.3162994384766,-8.86426544189453,"Male"
"6018401",371833,2025-05-21 20:27:58,43.3166694641113,-8.86402225494385,"Male"
"6018401",371833,2025-05-21 20:32:59,43.3170585632324,-8.8638916015625,"Male"
"6018401",371833,2025-05-21 20:37:58,43.318000793457,-8.86475276947021,"Male"
"6018401",371833,2025-05-21 20:42:58,43.3183212280273,-8.86518859863281,"Male"
"6018401",371833,2025-05-21 20:47:59,43.3182830810547,-8.86529541015625,"Male"
"6018401",371833,2025-05-21 20:52:58,43.3182640075684,-8.86535549163818,"Male"
"6018401",371833,2025-05-21 20:58:01,43.3181686401367,-8.86524772644043,"Male"
"6018401",371833,2025-05-21 21:02:59,43.3182220458984,-8.86533355712891,"Male"
"6018401",371833,2025-05-21 21:07:58,43.3182067871094,-8.8652458190918,"Male"
"6018401",371833,2025-05-21 21:12:59,43.322093963623,-8.86373901367188,"Male"
"6018401",371833,2025-05-21 21:18:02,43.3364753723145,-8.85681533813477,"Male"
"6018401",371833,2025-05-21 21:23:01,43.3364601135254,-8.85713386535645,"Male"
"6018401",371833,2025-05-21 21:28:01,43.3364334106445,-8.8572416305542,"Male"
"6018401",371833,2025-05-21 21:33:00,43.336483001709,-8.8572359085083,"Male"
"6018401",371833,2025-05-21 21:38:00,43.3366088867188,-8.85712718963623,"Male"
"6018401",371833,2025-05-21 21:43:00,43.3369369506836,-8.85708522796631,"Male"
"6018401",371833,2025-05-21 21:48:00,43.3372955322266,-8.85717582702637,"Male"
"6018401",371833,2025-05-21 21:53:00,43.3377151489258,-8.85709857940674,"Male"
"6018401",371833,2025-05-21 21:57:59,43.3380165100098,-8.85727405548096,"Male"
"6018401",371833,2025-05-21 22:02:59,43.3383445739746,-8.85751056671143,"Male"
"6018401",371833,2025-05-21 22:08:01,43.338550567627,-8.8579568862915,"Male"
"6018401",371833,2025-05-21 22:13:00,43.3388137817383,-8.85837459564209,"Male"
"6018401",371833,2025-05-21 22:17:59,43.3389282226562,-8.85893821716309,"Male"
"6018401",371833,2025-05-21 22:23:04,43.3390274047852,-8.85944747924805,"Male"
"6018401",371833,2025-05-21 22:28:00,43.3390884399414,-8.86000061035156,"Male"
"6018401",371833,2025-05-21 22:33:04,43.3389701843262,-8.86063194274902,"Male"
"6018401",371833,2025-05-21 22:38:04,43.3389129638672,-8.86131381988525,"Male"
"6018401",371833,2025-05-21 22:43:03,43.338939666748,-8.86195373535156,"Male"
"6018401",371833,2025-05-21 22:48:03,43.3390350341797,-8.86251354217529,"Male"
"6018401",371833,2025-05-21 22:53:01,43.3390884399414,-8.86314392089844,"Male"
"6018401",371833,2025-05-21 22:58:01,43.339225769043,-8.86373519897461,"Male"
"6018401",371833,2025-05-21 23:03:01,43.3391761779785,-8.86453247070312,"Male"
"6018401",371833,2025-05-21 23:08:01,43.3395004272461,-8.86505889892578,"Male"
"6018401",371833,2025-05-21 23:13:01,43.3397750854492,-8.86555004119873,"Male"
"6018401",371833,2025-05-21 23:18:00,43.3409652709961,-8.8660364151001,"Male"
"6018401",371833,2025-05-21 23:23:00,43.340934753418,-8.86696147918701,"Male"
"6018401",371833,2025-05-21 23:28:00,43.3413276672363,-8.86742687225342,"Male"
"6018401",371833,2025-05-21 23:33:00,43.3417434692383,-8.86812210083008,"Male"
"6018401",371833,2025-05-21 23:38:03,43.3407897949219,-8.86892509460449,"Male"
"6018401",371833,2025-05-21 23:43:03,43.3416137695312,-8.86917114257812,"Male"
"6018401",371833,2025-05-21 23:48:05,43.3412551879883,-8.87003135681152,"Male"
"6018401",371833,2025-05-21 23:53:06,43.3415946960449,-8.8705415725708,"Male"
"6018401",371833,2025-05-21 23:58:06,43.3419570922852,-8.8708963394165,"Male"
"6018401",371833,2025-05-22 00:03:09,43.3428268432617,-8.87129497528076,"Male"
"6018401",371833,2025-05-22 00:08:06,43.3431968688965,-8.87149810791016,"Male"
"6018401",371833,2025-05-22 00:13:09,43.3435363769531,-8.87165069580078,"Male"
"6018401",371833,2025-05-22 00:18:07,43.3439292907715,-8.87181663513184,"Male"
"6018401",371833,2025-05-22 00:23:07,43.3442916870117,-8.87197017669678,"Male"
"6018401",371833,2025-05-22 00:28:05,43.3446502685547,-8.87207317352295,"Male"
"6018401",371833,2025-05-22 00:33:03,43.3450698852539,-8.8721866607666,"Male"
"6018401",371833,2025-05-22 00:38:06,43.3452911376953,-8.87202262878418,"Male"
"6018401",371833,2025-05-22 00:43:10,43.345645904541,-8.871994972229,"Male"
"6018401",371833,2025-05-22 00:48:05,43.3463973999023,-8.8714542388916,"Male"
"6018401",371833,2025-05-22 00:53:06,43.3466682434082,-8.87154865264893,"Male"
"6018401",371833,2025-05-22 00:58:07,43.347225189209,-8.87170600891113,"Male"
"6018401",371833,2025-05-22 01:03:06,43.3474349975586,-8.87165832519531,"Male"
"6018401",371833,2025-05-22 01:08:06,43.3480453491211,-8.87200736999512,"Male"
"6018401",371833,2025-05-22 01:13:07,43.3484039306641,-8.87205123901367,"Male"
"6018401",371833,2025-05-22 01:18:06,43.348819732666,-8.87198162078857,"Male"
"6018401",371833,2025-05-22 01:23:07,43.3488006591797,-8.87181282043457,"Male"
"6018401",371833,2025-05-22 01:28:07,43.3488960266113,-8.87163543701172,"Male"
"6018401",371833,2025-05-22 01:33:06,43.3489837646484,-8.87151145935059,"Male"
"6018401",371833,2025-05-22 01:38:06,43.3490715026855,-8.87147235870361,"Male"
"6018401",371833,2025-05-22 01:43:06,43.3490600585938,-8.87136745452881,"Male"
"6018401",371833,2025-05-22 01:48:06,43.3491744995117,-8.87147521972656,"Male"
"6018401",371833,2025-05-22 01:53:06,43.3492126464844,-8.87147808074951,"Male"
"6018401",371833,2025-05-22 01:58:06,43.349235534668,-8.87144947052002,"Male"
"6018401",371833,2025-05-22 02:03:06,43.3492202758789,-8.871337890625,"Male"
"6018401",371833,2025-05-22 02:08:10,43.3492660522461,-8.87136459350586,"Male"
"6018401",371833,2025-05-22 02:13:03,43.3492279052734,-8.87137413024902,"Male"
"6018401",371833,2025-05-22 02:18:03,43.3492088317871,-8.87133121490479,"Male"
"6018401",371833,2025-05-22 02:23:06,43.3491668701172,-8.87140560150146,"Male"
"6018401",371833,2025-05-22 02:28:07,43.3490943908691,-8.87090873718262,"Male"
"6018401",371833,2025-05-22 02:33:06,43.3489875793457,-8.87089729309082,"Male"
"6018401",371833,2025-05-22 02:38:07,43.3487586975098,-8.87134170532227,"Male"
"6018401",371833,2025-05-22 02:43:09,43.3485832214355,-8.87153339385986,"Male"
"6018401",371833,2025-05-22 02:48:29,43.3484306335449,-8.87153053283691,"Male"
"6018401",371833,2025-05-22 02:53:05,43.3483543395996,-8.87163162231445,"Male"
"6018401",371833,2025-05-22 02:58:06,43.3482208251953,-8.87165451049805,"Male"
"6018401",371833,2025-05-22 03:03:03,43.3484077453613,-8.87176418304443,"Male"
"6018401",371833,2025-05-22 03:08:03,43.3483200073242,-8.87174606323242,"Male"
"6018401",371833,2025-05-22 03:13:06,43.348030090332,-8.87147521972656,"Male"
"6018401",371833,2025-05-22 03:18:00,43.348014831543,-8.87133693695068,"Male"
"6018401",371833,2025-05-22 03:23:00,43.3479385375977,-8.86983585357666,"Male"
"6018401",371833,2025-05-22 03:28:00,43.3481559753418,-8.87040519714355,"Male"
"6018401",371833,2025-05-22 03:33:04,43.3483772277832,-8.87099075317383,"Male"
"6018401",371833,2025-05-22 03:38:01,43.3485221862793,-8.87142848968506,"Male"
"6018401",371833,2025-05-22 03:43:03,43.3490753173828,-8.87176609039307,"Male"
"6018401",371833,2025-05-22 03:48:00,43.3494186401367,-8.87201404571533,"Male"
"6018401",371833,2025-05-22 03:53:00,43.3497200012207,-8.87188339233398,"Male"
"6018401",371833,2025-05-22 03:58:00,43.3497123718262,-8.87172985076904,"Male"
"6018401",371833,2025-05-22 04:03:00,43.3496704101562,-8.87157821655273,"Male"
"6018401",371833,2025-05-22 04:08:00,43.349536895752,-8.87157535552979,"Male"
"6018401",371833,2025-05-22 04:13:00,43.3492279052734,-8.87162208557129,"Male"
"6018401",371833,2025-05-22 04:17:59,43.3396148681641,-8.86864280700684,"Male"
"6018401",371833,2025-05-22 04:23:00,43.3226318359375,-8.86977863311768,"Male"
"6018401",371833,2025-05-22 04:28:00,43.3204154968262,-8.86548137664795,"Male"
"6018401",371833,2025-05-22 04:32:59,43.3202476501465,-8.86546516418457,"Male"
"6018401",371833,2025-05-22 04:37:59,43.3202934265137,-8.86540412902832,"Male"
"6018401",371833,2025-05-22 04:42:59,43.3204727172852,-8.86546039581299,"Male"
"6018401",371833,2025-05-22 04:47:59,43.3203353881836,-8.86550903320312,"Male"
"6018401",371833,2025-05-22 04:52:59,43.3204154968262,-8.86548614501953,"Male"
"6018401",371833,2025-05-22 04:57:59,43.3205337524414,-8.86551189422607,"Male"
"6018401",371833,2025-05-22 05:02:59,43.3204727172852,-8.86548614501953,"Male"
"6018401",371833,2025-05-22 05:07:59,43.3204460144043,-8.8654727935791,"Male"
"6018401",371833,2025-05-22 05:12:59,43.3202972412109,-8.86546230316162,"Male"
"6018401",371833,2025-05-22 05:17:59,43.3204765319824,-8.86563777923584,"Male"
"6018401",371833,2025-05-22 05:22:59,43.3201637268066,-8.86542797088623,"Male"
"6018401",371833,2025-05-22 05:28:00,43.3205108642578,-8.8656759262085,"Male"
"6018401",371833,2025-05-22 05:32:59,43.3204879760742,-8.86569690704346,"Male"
"6018401",371833,2025-05-22 05:37:59,43.3206825256348,-8.86558628082275,"Male"
"6018401",371833,2025-05-22 05:42:59,43.3205642700195,-8.86567497253418,"Male"
"6018401",371833,2025-05-22 05:48:00,43.3204383850098,-8.86574268341064,"Male"
"6018401",371833,2025-05-22 05:52:59,43.3200035095215,-8.865478515625,"Male"
"6018401",371833,2025-05-22 05:57:59,43.3199882507324,-8.86558723449707,"Male"
"6018401",371833,2025-05-22 06:03:03,43.3202743530273,-8.86565685272217,"Male"
"6018401",371833,2025-05-22 06:07:59,43.3204040527344,-8.86583805084229,"Male"
"6018401",371833,2025-05-22 06:12:59,43.3202934265137,-8.86593627929688,"Male"
"6018401",371833,2025-05-22 06:17:59,43.3201141357422,-8.86608982086182,"Male"
"6018401",371833,2025-05-22 06:23:00,43.3197250366211,-8.86651802062988,"Male"
"6018401",371833,2025-05-22 06:27:59,43.3203125,-8.86596298217773,"Male"
"6018401",371833,2025-05-22 06:32:59,43.319953918457,-8.86613941192627,"Male"
"6018401",371833,2025-05-22 06:37:59,43.3200149536133,-8.86575126647949,"Male"
"6018401",371833,2025-05-22 06:42:59,43.3200912475586,-8.86572742462158,"Male"
"6018401",371833,2025-05-22 06:47:59,43.3203582763672,-8.86576843261719,"Male"
"6018401",371833,2025-05-22 06:53:00,43.3186531066895,-8.86433601379395,"Male"
"6018401",371833,2025-05-22 06:57:59,43.3144035339355,-8.85694408416748,"Male"
"6018401",371833,2025-05-22 07:03:03,43.3144760131836,-8.85695648193359,"Male"
"6018401",371833,2025-05-22 07:07:59,43.3140869140625,-8.85705947875977,"Male"
"6018401",371833,2025-05-22 07:13:00,43.3137512207031,-8.85696411132812,"Male"
"6018401",371833,2025-05-22 07:18:00,43.3137245178223,-8.85681629180908,"Male"
"6018401",371833,2025-05-22 07:23:00,43.3138771057129,-8.85691356658936,"Male"
"6018401",371833,2025-05-22 07:28:00,43.3137626647949,-8.8566780090332,"Male"
"6018401",371833,2025-05-22 07:32:59,43.3137817382812,-8.85666847229004,"Male"
"6018401",371833,2025-05-22 07:38:00,43.3137664794922,-8.85671234130859,"Male"
"6018401",371833,2025-05-22 07:42:59,43.3164253234863,-8.86316585540771,"Male"
"6018401",371833,2025-05-22 07:47:59,43.3164482116699,-8.8631010055542,"Male"
"6018401",371833,2025-05-22 07:52:59,43.3165740966797,-8.86330986022949,"Male"
"6018401",371833,2025-05-22 07:58:00,43.3165702819824,-8.8632984161377,"Male"
"6018401",371833,2025-05-22 08:03:14,43.3182334899902,-8.86545372009277,"Male"
"6018401",371833,2025-05-22 08:08:01,43.3180809020996,-8.86544036865234,"Male"
"6018401",371833,2025-05-22 08:13:00,43.3180885314941,-8.86505222320557,"Male"
"6018401",371833,2025-05-22 08:18:05,43.318546295166,-8.86526584625244,"Male"
"6018401",371833,2025-05-22 08:23:04,43.3184089660645,-8.86528873443604,"Male"
"6018401",371833,2025-05-22 08:28:00,43.3171043395996,-8.86378860473633,"Male"
"6018401",371833,2025-05-22 08:33:00,43.3195610046387,-8.86372852325439,"Male"
"6018401",371833,2025-05-22 08:38:00,43.3201751708984,-8.86541080474854,"Male"
"6018401",371833,2025-05-22 08:43:02,43.3200836181641,-8.86548519134521,"Male"
"6018401",371833,2025-05-22 08:48:02,43.320240020752,-8.86573791503906,"Male"
"6018401",371833,2025-05-22 08:53:00,43.3201217651367,-8.86596488952637,"Male"
"6018401",371833,2025-05-22 08:58:05,43.3201103210449,-8.8657169342041,"Male"
"6018401",371833,2025-05-22 09:03:04,43.3201179504395,-8.86579990386963,"Male"
"6018401",371833,2025-05-22 09:08:06,43.3202438354492,-8.86560344696045,"Male"
"6018401",371833,2025-05-22 09:13:02,43.3202781677246,-8.86558818817139,"Male"
"6018401",371833,2025-05-22 09:18:00,43.3203086853027,-8.86585235595703,"Male"
"6018401",371833,2025-05-22 09:23:06,43.3204040527344,-8.86575222015381,"Male"
"6018401",371833,2025-05-22 09:28:02,43.3202323913574,-8.86574459075928,"Male"
"6018401",371833,2025-05-22 09:33:01,43.3205528259277,-8.86570930480957,"Male"
"6018401",371833,2025-05-22 09:37:59,43.3202781677246,-8.86594104766846,"Male"
"6018401",371833,2025-05-22 09:43:00,43.319953918457,-8.86641025543213,"Male"
"6018401",371833,2025-05-22 09:48:01,43.3200035095215,-8.86618041992188,"Male"
"6018401",371833,2025-05-22 09:53:02,43.3199310302734,-8.86621761322021,"Male"
"6018401",371833,2025-05-22 09:58:02,43.3200225830078,-8.86625385284424,"Male"
"6018401",371833,2025-05-22 10:03:00,43.3198356628418,-8.86649799346924,"Male"
"6018401",371833,2025-05-22 10:08:02,43.3200187683105,-8.86603927612305,"Male"
"6018401",371833,2025-05-22 10:12:59,43.320182800293,-8.86587524414062,"Male"
"6018401",371833,2025-05-22 10:17:59,43.3201484680176,-8.86585807800293,"Male"
"6018401",371833,2025-05-22 10:22:59,43.3201751708984,-8.86584758758545,"Male"
"6018401",371833,2025-05-22 10:27:59,43.3201904296875,-8.86584281921387,"Male"
"6018401",371833,2025-05-22 10:32:59,43.320198059082,-8.86583995819092,"Male"
"6018401",371833,2025-05-22 10:38:00,43.318172454834,-8.86473846435547,"Male"
"6018401",371833,2025-05-22 10:42:59,43.3180503845215,-8.86482524871826,"Male"
"6018401",371833,2025-05-22 10:47:59,43.3175048828125,-8.86525630950928,"Male"
"6018401",371833,2025-05-22 10:52:59,43.317497253418,-8.86539363861084,"Male"
"6018401",371833,2025-05-22 10:58:00,43.3180122375488,-8.86542224884033,"Male"
"6018401",371833,2025-05-22 11:02:59,43.3179473876953,-8.86538887023926,"Male"
"6018401",371833,2025-05-22 11:08:00,43.3182106018066,-8.86519908905029,"Male"
"6018401",371833,2025-05-22 11:13:00,43.3180961608887,-8.86508369445801,"Male"
"6018401",371833,2025-05-22 11:18:00,43.3182258605957,-8.86524963378906,"Male"
"6018401",371833,2025-05-22 11:23:00,43.3181648254395,-8.86536026000977,"Male"
"6018401",371833,2025-05-22 11:28:00,43.3181304931641,-8.86513137817383,"Male"
"6018401",371833,2025-05-22 11:33:00,43.3180961608887,-8.86512470245361,"Male"
"6018401",371833,2025-05-22 11:38:00,43.3183555603027,-8.86549949645996,"Male"
"6018401",371833,2025-05-22 11:43:00,43.3183784484863,-8.8654727935791,"Male"
"6018401",371833,2025-05-22 11:48:01,43.3183708190918,-8.86544322967529,"Male"
"6018401",371833,2025-05-22 11:53:01,43.3183746337891,-8.86547088623047,"Male"
"6018401",371833,2025-05-22 11:58:01,43.3184547424316,-8.86543560028076,"Male"
"6018401",371833,2025-05-22 12:03:04,43.3184776306152,-8.86538124084473,"Male"
"6018401",371833,2025-05-22 12:08:02,43.3184661865234,-8.86539459228516,"Male"
"6018401",371833,2025-05-22 12:13:00,43.3183059692383,-8.86538696289062,"Male"
"6018401",371833,2025-05-22 12:18:00,43.3183479309082,-8.86535835266113,"Male"
"6018401",371833,2025-05-22 12:23:01,43.3183441162109,-8.86535930633545,"Male"
"6018401",371833,2025-05-22 12:28:00,43.3182945251465,-8.86537265777588,"Male"
"6018401",371833,2025-05-22 12:33:00,43.3183708190918,-8.86544418334961,"Male"
"6018401",371833,2025-05-22 12:38:00,43.3179779052734,-8.86292552947998,"Male"
"6018401",371833,2025-05-22 12:43:00,43.3175773620605,-8.86424732208252,"Male"
"6018401",371833,2025-05-22 12:48:02,43.3174133300781,-8.86397933959961,"Male"
"6018401",371833,2025-05-22 12:53:00,43.3175277709961,-8.86397266387939,"Male"
"6018401",371833,2025-05-22 12:58:01,43.3173637390137,-8.86397075653076,"Male"
"6018401",371833,2025-05-22 13:03:00,43.3163070678711,-8.86442947387695,"Male"
"6018401",371833,2025-05-22 13:07:59,43.3164710998535,-8.86431121826172,"Male"
"6018401",371833,2025-05-22 13:12:59,43.3174095153809,-8.8639440536499,"Male"
"6018401",371833,2025-05-22 13:17:59,43.3173484802246,-8.86445045471191,"Male"
"6018401",371833,2025-05-22 13:23:00,43.3173904418945,-8.86426448822021,"Male"
"6018401",371833,2025-05-22 13:27:59,43.3173179626465,-8.86441516876221,"Male"
"6018401",371833,2025-05-22 13:32:59,43.3172912597656,-8.86436462402344,"Male"
"6018401",371833,2025-05-22 13:37:59,43.3173408508301,-8.86425685882568,"Male"
"6018401",371833,2025-05-22 13:42:59,43.317325592041,-8.8642749786377,"Male"
"6018401",371833,2025-05-22 13:47:59,43.3173332214355,-8.86418914794922,"Male"
"6018401",371833,2025-05-22 13:52:59,43.3172645568848,-8.86433506011963,"Male"
"6018401",371833,2025-05-22 13:57:59,43.3172950744629,-8.86432361602783,"Male"
"6018401",371833,2025-05-22 14:02:59,43.3173217773438,-8.86432933807373,"Male"
"6018401",371833,2025-05-22 14:08:00,43.3175659179688,-8.86487483978271,"Male"
"6018401",371833,2025-05-22 14:12:59,43.3177261352539,-8.86485862731934,"Male"
"6018401",371833,2025-05-22 14:17:59,43.317756652832,-8.86503124237061,"Male"
"6018401",371833,2025-05-22 14:23:00,43.3170356750488,-8.86309814453125,"Male"
"6018401",371833,2025-05-22 14:28:00,43.3170051574707,-8.86333560943604,"Male"
"6018401",371833,2025-05-22 14:32:59,43.3170318603516,-8.86310291290283,"Male"
"6018401",371833,2025-05-22 14:37:59,43.3169898986816,-8.86315059661865,"Male"
"6018401",371833,2025-05-22 14:42:59,43.3170471191406,-8.86305522918701,"Male"
"6018401",371833,2025-05-22 14:48:00,43.3169555664062,-8.86280632019043,"Male"
"6018401",371833,2025-05-22 14:53:01,43.3169631958008,-8.86313819885254,"Male"
"6018401",371833,2025-05-22 14:57:59,43.3169593811035,-8.86305904388428,"Male"
"6018401",371833,2025-05-22 15:03:00,43.3169975280762,-8.86300277709961,"Male"
"6018401",371833,2025-05-22 15:08:00,43.3169898986816,-8.86320304870605,"Male"
"6018401",371833,2025-05-22 15:13:00,43.3168182373047,-8.86314010620117,"Male"
"6018401",371833,2025-05-22 15:18:00,43.316967010498,-8.86311721801758,"Male"
"6018401",371833,2025-05-22 15:23:00,43.3169975280762,-8.86319923400879,"Male"
"6018401",371833,2025-05-22 15:28:00,43.3169136047363,-8.86311435699463,"Male"
"6018401",371833,2025-05-22 15:33:00,43.3168792724609,-8.86312961578369,"Male"
"6018401",371833,2025-05-22 15:38:00,43.3168869018555,-8.86312389373779,"Male"
"6018401",371833,2025-05-22 15:43:00,43.3168640136719,-8.86330986022949,"Male"
"6018401",371833,2025-05-22 15:48:00,43.3168830871582,-8.86317539215088,"Male"
"6018401",371833,2025-05-22 15:53:00,43.3168983459473,-8.86328125,"Male"
"6018401",371833,2025-05-22 15:58:00,43.3169212341309,-8.86328315734863,"Male"
"6018401",371833,2025-05-22 16:02:59,43.3168754577637,-8.86325550079346,"Male"
"6018401",371833,2025-05-22 16:07:59,43.3169250488281,-8.86334609985352,"Male"
"6018401",371833,2025-05-22 16:13:00,43.3169479370117,-8.86344337463379,"Male"
"6018401",371833,2025-05-22 16:17:59,43.3169631958008,-8.86353778839111,"Male"
"6018401",371833,2025-05-22 16:23:00,43.3168640136719,-8.86322021484375,"Male"
"6018401",371833,2025-05-22 16:27:59,43.3169288635254,-8.86329746246338,"Male"
"6018401",371833,2025-05-22 16:32:59,43.3169784545898,-8.86330699920654,"Male"
"6018401",371833,2025-05-22 16:37:59,43.3168754577637,-8.8633508682251,"Male"
"6018401",371833,2025-05-22 16:43:00,43.316764831543,-8.86310958862305,"Male"
"6018401",371833,2025-05-22 16:48:00,43.3169479370117,-8.86341094970703,"Male"
"6018401",371833,2025-05-22 16:53:01,43.3169937133789,-8.8635425567627,"Male"
"6018401",371833,2025-05-22 16:58:03,43.3155975341797,-8.86180591583252,"Male"
"6018401",371833,2025-05-22 17:03:02,43.3141288757324,-8.85735511779785,"Male"
"6018401",371833,2025-05-22 17:08:00,43.3140563964844,-8.85723400115967,"Male"
"6018401",371833,2025-05-22 17:13:25,43.3138618469238,-8.85696411132812,"Male"
"6018401",371833,2025-05-22 17:18:18,43.3138656616211,-8.85696792602539,"Male"
"6018401",371833,2025-05-22 17:23:07,43.3138389587402,-8.85706806182861,"Male"
"6018401",371833,2025-05-22 17:28:06,43.3139839172363,-8.85724353790283,"Male"
"6018401",371833,2025-05-22 17:33:05,43.3139495849609,-8.85819149017334,"Male"
"6018401",371833,2025-05-22 17:38:00,43.3139152526855,-8.85828495025635,"Male"
"6018401",371833,2025-05-22 17:43:01,43.313907623291,-8.8581657409668,"Male"
"6018401",371833,2025-05-22 17:48:00,43.3141174316406,-8.85868358612061,"Male"
"6018401",371833,2025-05-22 17:53:00,43.3174171447754,-8.86592769622803,"Male"
"6018401",371833,2025-05-22 17:58:03,43.3177642822266,-8.86556529998779,"Male"
"6018401",371833,2025-05-22 18:03:04,43.3177146911621,-8.86552906036377,"Male"
"6018401",371833,2025-05-22 18:08:00,43.3176727294922,-8.86564445495605,"Male"
"6018401",371833,2025-05-22 18:13:00,43.3176460266113,-8.86564636230469,"Male"
"6018401",371833,2025-05-22 18:18:04,43.3178520202637,-8.8655424118042,"Male"
"6018401",371833,2025-05-22 18:23:00,43.3177757263184,-8.86573505401611,"Male"
"6018401",371833,2025-05-22 18:28:01,43.3179054260254,-8.86542510986328,"Male"
"6018401",371833,2025-05-22 18:33:01,43.3181304931641,-8.86524295806885,"Male"
"6018401",371833,2025-05-22 18:38:01,43.3198623657227,-8.8653678894043,"Male"
"6018401",371833,2025-05-22 18:43:00,43.3199462890625,-8.8653678894043,"Male"
"6018401",371833,2025-05-22 18:48:00,43.3197479248047,-8.86539077758789,"Male"
"6018401",371833,2025-05-22 18:53:02,43.3199729919434,-8.86540222167969,"Male"
"6018401",371833,2025-05-22 18:58:02,43.3199844360352,-8.86532402038574,"Male"
"6018401",371833,2025-05-22 19:03:02,43.3199615478516,-8.86540508270264,"Male"
"6018401",371833,2025-05-22 19:08:02,43.3199882507324,-8.86539745330811,"Male"
"6018401",371833,2025-05-22 19:13:02,43.3202972412109,-8.86560916900635,"Male"
"6018401",371833,2025-05-22 19:18:00,43.3200798034668,-8.86589431762695,"Male"
"6018401",371833,2025-05-22 19:23:02,43.3199691772461,-8.86587142944336,"Male"
"6018401",371833,2025-05-22 19:28:00,43.316463470459,-8.86440086364746,"Male"
"6018401",371833,2025-05-22 19:33:00,43.3171234130859,-8.86365795135498,"Male"
"6018401",371833,2025-05-22 19:38:05,43.3168144226074,-8.86357116699219,"Male"
"6018401",371833,2025-05-22 19:43:06,43.3168640136719,-8.86345386505127,"Male"
"6018401",371833,2025-05-22 19:48:01,43.3168792724609,-8.86342144012451,"Male"
"6018401",371833,2025-05-22 19:53:02,43.3168678283691,-8.86340522766113,"Male"
"6018401",371833,2025-05-22 19:58:04,43.3166999816895,-8.8632984161377,"Male"
"6018401",371833,2025-05-22 20:03:04,43.3166160583496,-8.86363315582275,"Male"
"6018401",371833,2025-05-22 20:08:03,43.3167114257812,-8.8636531829834,"Male"
"6018401",371833,2025-05-22 20:13:04,43.3166275024414,-8.86355304718018,"Male"
"6018401",371833,2025-05-22 20:18:04,43.316722869873,-8.86343860626221,"Male"
"6018401",371833,2025-05-22 20:23:00,43.3187217712402,-8.86610317230225,"Male"
"6018401",371833,2025-05-22 20:28:10,43.3188629150391,-8.86589241027832,"Male"
"6018401",371833,2025-05-22 20:33:05,43.3186988830566,-8.86585903167725,"Male"
"6018401",371833,2025-05-22 20:38:07,43.3186912536621,-8.86591529846191,"Male"
"6018401",371833,2025-05-22 20:43:07,43.3187026977539,-8.86600875854492,"Male"
"6018401",371833,2025-05-22 20:48:05,43.3187294006348,-8.86596584320068,"Male"
"6018401",371833,2025-05-22 20:53:02,43.3188667297363,-8.8662223815918,"Male"
"6018401",371833,2025-05-22 20:58:00,43.3195037841797,-8.86620235443115,"Male"
"6018401",371833,2025-05-22 21:03:01,43.3209686279297,-8.865797996521,"Male"
"6018401",371833,2025-05-22 21:08:01,43.3209648132324,-8.86577796936035,"Male"
"6018401",371833,2025-05-22 21:13:06,43.3209838867188,-8.86579895019531,"Male"
"6018401",371833,2025-05-22 21:18:00,43.3209419250488,-8.86595630645752,"Male"
"6018401",371833,2025-05-22 21:23:01,43.3209457397461,-8.86607456207275,"Male"
"6018401",371833,2025-05-22 21:28:05,43.321174621582,-8.8654317855835,"Male"
"6018401",371833,2025-05-22 21:33:03,43.3209457397461,-8.86580371856689,"Male"
"6018401",371833,2025-05-22 21:38:04,43.3209495544434,-8.86575031280518,"Male"
"6018401",371833,2025-05-22 21:43:00,43.3208923339844,-8.86590480804443,"Male"
"6018401",371833,2025-05-22 21:48:01,43.3205528259277,-8.86557292938232,"Male"
"6018401",371833,2025-05-22 21:53:01,43.3207626342773,-8.86601257324219,"Male"
"6018401",371833,2025-05-22 21:58:01,43.3204383850098,-8.86534881591797,"Male"
"6018401",371833,2025-05-22 22:03:03,43.320671081543,-8.86581134796143,"Male"
"6018401",371833,2025-05-22 22:07:59,43.3204612731934,-8.86523532867432,"Male"
"6018401",371833,2025-05-22 22:12:59,43.3205223083496,-8.8651704788208,"Male"
"6018401",371833,2025-05-22 22:17:59,43.320499420166,-8.86503601074219,"Male"
"6018401",371833,2025-05-22 22:23:00,43.3205299377441,-8.86511993408203,"Male"
"6018401",371833,2025-05-22 22:28:00,43.3205070495605,-8.86515712738037,"Male"
"6018401",371833,2025-05-22 22:33:00,43.320556640625,-8.86512184143066,"Male"
"6018401",371833,2025-05-22 22:38:01,43.3206100463867,-8.86548233032227,"Male"
"6018401",371833,2025-05-22 22:43:01,43.3206405639648,-8.86553955078125,"Male"
"6018401",371833,2025-05-22 22:48:05,43.3207054138184,-8.86563301086426,"Male"
"6018401",371833,2025-05-22 22:53:03,43.3207206726074,-8.86568927764893,"Male"
"6018401",371833,2025-05-22 22:58:14,43.3206405639648,-8.86544609069824,"Male"
"6018401",371833,2025-05-22 23:02:59,43.3205413818359,-8.86530590057373,"Male"
"6018401",371833,2025-05-22 23:07:58,43.3205947875977,-8.86522579193115,"Male"
"6018401",371833,2025-05-22 23:12:58,43.3205986022949,-8.86528301239014,"Male"
"6018401",371833,2025-05-22 23:17:58,43.320613861084,-8.86523056030273,"Male"
"6018401",371833,2025-05-22 23:22:58,43.3206367492676,-8.86521625518799,"Male"
"6018401",371833,2025-05-22 23:27:58,43.3206100463867,-8.86523628234863,"Male"
"6018401",371833,2025-05-22 23:33:00,43.3204040527344,-8.86482238769531,"Male"
"6018401",371833,2025-05-22 23:38:03,43.3205604553223,-8.86520767211914,"Male"
"6018401",371833,2025-05-22 23:43:04,43.3204116821289,-8.86498260498047,"Male"
"6018401",371833,2025-05-22 23:48:06,43.3206253051758,-8.8653450012207,"Male"
"6018401",371833,2025-05-22 23:53:04,43.3206672668457,-8.86543655395508,"Male"
"6018401",371833,2025-05-22 23:58:01,43.3206481933594,-8.86556529998779,"Male"
"6018401",371833,2025-05-23 00:03:07,43.321720123291,-8.86691379547119,"Male"
"6018401",371833,2025-05-23 00:08:07,43.3210258483887,-8.86624240875244,"Male"
"6018401",371833,2025-05-23 00:13:19,43.3208465576172,-8.86597633361816,"Male"
"6018401",371833,2025-05-23 00:18:06,43.3205108642578,-8.86541843414307,"Male"
"6018401",371833,2025-05-23 00:23:07,43.3208465576172,-8.86605262756348,"Male"
"6018401",371833,2025-05-23 00:28:07,43.3209571838379,-8.86619853973389,"Male"
"6018401",371833,2025-05-23 00:33:07,43.3207473754883,-8.86598491668701,"Male"
"6018401",371833,2025-05-23 00:38:06,43.3209495544434,-8.86627388000488,"Male"
"6018401",371833,2025-05-23 00:43:12,43.3203315734863,-8.86539745330811,"Male"
"6018401",371833,2025-05-23 00:48:15,43.3199882507324,-8.86495876312256,"Male"
"6018401",371833,2025-05-23 00:53:06,43.3202781677246,-8.86537551879883,"Male"
"6018401",371833,2025-05-23 00:58:06,43.3203392028809,-8.86555957794189,"Male"
"6018401",371833,2025-05-23 01:03:06,43.3203086853027,-8.86545181274414,"Male"
"6018401",371833,2025-05-23 01:08:06,43.3202095031738,-8.86536884307861,"Male"
"6018401",371833,2025-05-23 01:13:05,43.3203201293945,-8.86542797088623,"Male"
"6018401",371833,2025-05-23 01:18:06,43.3202171325684,-8.8652925491333,"Male"
"6018401",371833,2025-05-23 01:23:04,43.3201599121094,-8.86510562896729,"Male"
"6018401",371833,2025-05-23 01:28:05,43.3202133178711,-8.86520004272461,"Male"
"6018401",371833,2025-05-23 01:33:06,43.3201141357422,-8.86513710021973,"Male"
"6018401",371833,2025-05-23 01:38:06,43.3199996948242,-8.86499786376953,"Male"
"6018401",371833,2025-05-23 01:43:06,43.3200073242188,-8.8649959564209,"Male"
"6018401",371833,2025-05-23 01:48:06,43.3199844360352,-8.86498069763184,"Male"
"6018401",371833,2025-05-23 01:53:06,43.3198165893555,-8.86475467681885,"Male"
"6018401",371833,2025-05-23 01:58:06,43.3196907043457,-8.86470127105713,"Male"
"6018401",371833,2025-05-23 02:03:35,43.3202438354492,-8.86526870727539,"Male"
"6018401",371833,2025-05-23 02:08:00,43.3202095031738,-8.86527633666992,"Male"
"6018401",371833,2025-05-23 02:12:57,43.3202590942383,-8.8652925491333,"Male"
"6018401",371833,2025-05-23 02:17:57,43.3202590942383,-8.86532020568848,"Male"
"6018401",371833,2025-05-23 02:22:57,43.3202514648438,-8.86528968811035,"Male"
"6018401",371833,2025-05-23 02:28:01,43.3202247619629,-8.86529731750488,"Male"
"6018401",371833,2025-05-23 02:33:12,43.3204040527344,-8.8653039932251,"Male"
"6018401",371833,2025-05-23 02:38:04,43.3201866149902,-8.8652868270874,"Male"
"6018401",371833,2025-05-23 02:43:04,43.3203392028809,-8.86526203155518,"Male"
"6018401",371833,2025-05-23 02:48:12,43.3202476501465,-8.86526393890381,"Male"
"6018401",371833,2025-05-23 02:53:14,43.3201713562012,-8.86523246765137,"Male"
"6018401",371833,2025-05-23 02:58:11,43.3203010559082,-8.86547183990479,"Male"
"6018401",371833,2025-05-23 03:03:09,43.3207969665527,-8.86486625671387,"Male"
"6018401",371833,2025-05-23 03:08:06,43.3206405639648,-8.86529350280762,"Male"
"6018401",371833,2025-05-23 03:13:05,43.3205718994141,-8.86549186706543,"Male"
"6018401",371833,2025-05-23 03:18:06,43.3206977844238,-8.86518669128418,"Male"
"6018401",371833,2025-05-23 03:23:05,43.3207130432129,-8.86531162261963,"Male"
"6018401",371833,2025-05-23 03:28:04,43.3207397460938,-8.8654670715332,"Male"
"6018401",371833,2025-05-23 03:33:01,43.3207244873047,-8.86553764343262,"Male"
"6018401",371833,2025-05-23 03:38:06,43.3207359313965,-8.8655834197998,"Male"
"6018401",371833,2025-05-23 03:43:00,43.3205947875977,-8.86553001403809,"Male"
"6018401",371833,2025-05-23 03:48:03,43.3207321166992,-8.86558246612549,"Male"
"6018401",371833,2025-05-23 03:53:04,43.3207054138184,-8.86550617218018,"Male"
"6018401",371833,2025-05-23 03:58:05,43.3207359313965,-8.8655424118042,"Male"
"6018401",371833,2025-05-23 04:03:03,43.320728302002,-8.86568164825439,"Male"
"6018401",371833,2025-05-23 04:08:04,43.3207702636719,-8.86560916900635,"Male"
"6018401",371833,2025-05-23 04:13:05,43.320728302002,-8.86563491821289,"Male"
"6018401",371833,2025-05-23 04:18:06,43.3207817077637,-8.86570262908936,"Male"
"6018401",371833,2025-05-23 04:23:10,43.3207969665527,-8.86573886871338,"Male"
"6018401",371833,2025-05-23 04:28:10,43.3208084106445,-8.86572074890137,"Male"
"6018401",371833,2025-05-23 04:33:10,43.320873260498,-8.86581611633301,"Male"
"6018401",371833,2025-05-23 04:38:03,43.3208961486816,-8.86585330963135,"Male"
"6018401",371833,2025-05-23 04:43:06,43.3207817077637,-8.86572360992432,"Male"
"6018401",371833,2025-05-23 04:48:01,43.3207168579102,-8.86571407318115,"Male"
"6018401",371833,2025-05-23 04:53:01,43.3206253051758,-8.86559772491455,"Male"
"6018401",371833,2025-05-23 04:58:00,43.3204116821289,-8.86536693572998,"Male"
"6018401",371833,2025-05-23 05:03:00,43.3204154968262,-8.8654727935791,"Male"
"6018401",371833,2025-05-23 05:08:00,43.3204002380371,-8.86547470092773,"Male"
"6018401",371833,2025-05-23 05:12:59,43.3203964233398,-8.86551380157471,"Male"
"6018401",371833,2025-05-23 05:17:59,43.3202514648438,-8.86533355712891,"Male"
"6018401",371833,2025-05-23 05:23:00,43.320240020752,-8.86535167694092,"Male"
"6018401",371833,2025-05-23 05:27:59,43.3200798034668,-8.86527442932129,"Male"
"6018401",371833,2025-05-23 05:33:01,43.3200035095215,-8.86520576477051,"Male"
"6018401",371833,2025-05-23 05:38:01,43.3202171325684,-8.86531448364258,"Male"
"6018401",371833,2025-05-23 05:43:04,43.3200798034668,-8.8652172088623,"Male"
"6018401",371833,2025-05-23 05:48:06,43.3199462890625,-8.86509323120117,"Male"
"6018401",371833,2025-05-23 05:53:07,43.3203353881836,-8.86539936065674,"Male"
"6018401",371833,2025-05-23 05:58:05,43.3201904296875,-8.86532688140869,"Male"
"6018401",371833,2025-05-23 06:03:29,43.3203125,-8.86553859710693,"Male"
"6018401",371833,2025-05-23 06:08:05,43.3204650878906,-8.86593627929688,"Male"
"6018401",371833,2025-05-23 06:13:07,43.3203468322754,-8.86566066741943,"Male"
"6018401",371833,2025-05-23 06:18:06,43.3199653625488,-8.864670753479,"Male"
"6018401",371833,2025-05-23 06:23:06,43.3202667236328,-8.8654899597168,"Male"
"6018401",371833,2025-05-23 06:28:06,43.3202629089355,-8.8654899597168,"Male"
"6018401",371833,2025-05-23 06:33:08,43.320182800293,-8.86550903320312,"Male"
"6018401",371833,2025-05-23 06:38:08,43.3202705383301,-8.86571598052979,"Male"
"6018401",371833,2025-05-23 06:43:31,43.3202514648438,-8.86566162109375,"Male"
"6018401",371833,2025-05-23 06:47:59,43.3204193115234,-8.8655891418457,"Male"
"6018401",371833,2025-05-23 06:52:59,43.3204116821289,-8.86566734313965,"Male"
"6018401",371833,2025-05-23 06:57:59,43.3204460144043,-8.86570072174072,"Male"
"6018401",371833,2025-05-23 07:02:59,43.320426940918,-8.86574172973633,"Male"
"6018401",371833,2025-05-23 07:07:58,43.3203887939453,-8.86566638946533,"Male"
"6018401",371833,2025-05-23 07:12:58,43.320384979248,-8.86571979522705,"Male"
"6018401",371833,2025-05-23 07:17:59,43.3204383850098,-8.8657922744751,"Male"
"6018401",371833,2025-05-23 07:22:58,43.3204345703125,-8.86578845977783,"Male"
"6018401",371833,2025-05-23 07:28:05,43.3202362060547,-8.86527347564697,"Male"
"6018401",371833,2025-05-23 07:33:03,43.3202514648438,-8.8653450012207,"Male"
"6018401",371833,2025-05-23 07:38:05,43.320198059082,-8.86517429351807,"Male"
"6018401",371833,2025-05-23 07:43:19,43.3203659057617,-8.86561584472656,"Male"
"6018401",371833,2025-05-23 07:48:05,43.3203773498535,-8.86555957794189,"Male"
"6018401",371833,2025-05-23 07:53:03,43.3204498291016,-8.86575603485107,"Male"
"6018401",371833,2025-05-23 07:58:01,43.3200988769531,-8.86499691009521,"Male"
"6018401",371833,2025-05-23 08:02:58,43.3204116821289,-8.86561965942383,"Male"
"6018401",371833,2025-05-23 08:07:59,43.3204383850098,-8.86563873291016,"Male"
"6018401",371833,2025-05-23 08:13:00,43.3204574584961,-8.86571979522705,"Male"
"6018401",371833,2025-05-23 08:18:06,43.3205947875977,-8.86537647247314,"Male"
"6018401",371833,2025-05-23 08:23:05,43.3206520080566,-8.86557483673096,"Male"
"6018401",371833,2025-05-23 08:28:06,43.3206787109375,-8.86531543731689,"Male"
"6018401",371833,2025-05-23 08:33:06,43.3207092285156,-8.86521339416504,"Male"
"6018401",371833,2025-05-23 08:38:03,43.3206748962402,-8.86527156829834,"Male"
"6018401",371833,2025-05-23 08:43:03,43.3205413818359,-8.86558055877686,"Male"
"6018401",371833,2025-05-23 08:48:06,43.3205299377441,-8.8654146194458,"Male"
"6018401",371833,2025-05-23 08:53:06,43.3205337524414,-8.86568641662598,"Male"
"6018401",371833,2025-05-23 08:58:06,43.3205184936523,-8.86566066741943,"Male"
"6018401",371833,2025-05-23 09:03:06,43.3205375671387,-8.86565971374512,"Male"
"6018401",371833,2025-05-23 09:08:05,43.3205146789551,-8.86591625213623,"Male"
"6018401",371833,2025-05-23 09:13:04,43.3205146789551,-8.86567687988281,"Male"
"6018401",371833,2025-05-23 09:18:04,43.3205909729004,-8.86561107635498,"Male"
"6018401",371833,2025-05-23 09:23:03,43.3205413818359,-8.86576557159424,"Male"
"6018401",371833,2025-05-23 09:28:01,43.3205413818359,-8.86593532562256,"Male"
"6018401",371833,2025-05-23 09:33:03,43.3205909729004,-8.86588573455811,"Male"
"6018401",371833,2025-05-23 09:38:01,43.3205490112305,-8.865797996521,"Male"
"6018401",371833,2025-05-23 09:43:05,43.3205413818359,-8.8657693862915,"Male"
"6018401",371833,2025-05-23 09:48:07,43.3204689025879,-8.86560249328613,"Male"
"6018401",371833,2025-05-23 09:53:04,43.3205070495605,-8.8654670715332,"Male"
"6018401",371833,2025-05-23 09:58:05,43.3204689025879,-8.86548042297363,"Male"
"6018401",371833,2025-05-23 10:03:18,43.3204345703125,-8.86544036865234,"Male"
"6018401",371833,2025-05-23 10:08:02,43.3202629089355,-8.86556720733643,"Male"
"6018401",371833,2025-05-23 10:13:06,43.3203392028809,-8.86546039581299,"Male"
"6018401",371833,2025-05-23 10:18:06,43.320442199707,-8.86541748046875,"Male"
"6018401",371833,2025-05-23 10:23:04,43.3203163146973,-8.8654727935791,"Male"
"6018401",371833,2025-05-23 10:28:05,43.3204689025879,-8.86547470092773,"Male"
"6018401",371833,2025-05-23 10:33:24,43.320384979248,-8.86544418334961,"Male"
"6018401",371833,2025-05-23 10:38:33,43.3203468322754,-8.86561107635498,"Male"
"6018401",371833,2025-05-23 10:42:59,43.3202438354492,-8.86528205871582,"Male"
"6018401",371833,2025-05-23 10:48:00,43.3202896118164,-8.86556529998779,"Male"
"6018401",371833,2025-05-23 10:53:00,43.3202857971191,-8.86556148529053,"Male"
"6018401",371833,2025-05-23 10:58:06,43.3202438354492,-8.86536121368408,"Male"
"6018401",371833,2025-05-23 11:03:05,43.3201560974121,-8.86491107940674,"Male"
"6018401",371833,2025-05-23 11:08:05,43.3201560974121,-8.86493301391602,"Male"
"6018401",371833,2025-05-23 11:13:06,43.320240020752,-8.86520576477051,"Male"
"6018401",371833,2025-05-23 11:18:04,43.3202133178711,-8.86502265930176,"Male"
"6018401",371833,2025-05-23 11:23:04,43.3203964233398,-8.8658504486084,"Male"
"6018401",371833,2025-05-23 11:28:04,43.3202781677246,-8.86546993255615,"Male"
"6018401",371833,2025-05-23 11:33:04,43.3203239440918,-8.86554050445557,"Male"
"6018401",371833,2025-05-23 11:38:05,43.3203430175781,-8.86553192138672,"Male"
"6018401",371833,2025-05-23 11:43:04,43.3203048706055,-8.86506652832031,"Male"
"6018401",371833,2025-05-23 11:48:35,43.3202438354492,-8.86536407470703,"Male"
"6018401",371833,2025-05-23 11:53:03,43.3202362060547,-8.86544704437256,"Male"
"6018401",371833,2025-05-23 11:58:03,43.3202323913574,-8.86549758911133,"Male"
"6018401",371833,2025-05-23 12:03:04,43.320255279541,-8.86552906036377,"Male"
"6018401",371833,2025-05-23 12:08:04,43.3203048706055,-8.86529445648193,"Male"
"6018401",371833,2025-05-23 12:13:04,43.3202819824219,-8.86532020568848,"Male"
"6018401",371833,2025-05-23 12:18:01,43.3202896118164,-8.8654260635376,"Male"
"6018401",371833,2025-05-23 12:23:03,43.3202857971191,-8.86549758911133,"Male"
"6018401",371833,2025-05-23 12:28:06,43.3202819824219,-8.8653507232666,"Male"
"6018401",371833,2025-05-23 12:33:01,43.3203163146973,-8.86522102355957,"Male"
"6018401",371833,2025-05-23 12:38:07,43.3202743530273,-8.86529350280762,"Male"
"6018401",371833,2025-05-23 12:43:07,43.3202972412109,-8.86549091339111,"Male"
"6018401",371833,2025-05-23 12:48:04,43.3203392028809,-8.86538314819336,"Male"
"6018401",371833,2025-05-23 12:53:04,43.3203010559082,-8.86538600921631,"Male"
"6018401",371833,2025-05-23 12:58:05,43.3202896118164,-8.8656644821167,"Male"
"6018401",371833,2025-05-23 13:03:04,43.3203010559082,-8.86554145812988,"Male"
"6018401",371833,2025-05-23 13:08:06,43.3202781677246,-8.8650074005127,"Male"
"6018401",371833,2025-05-23 13:13:04,43.3202514648438,-8.86557769775391,"Male"
"6018401",371833,2025-05-23 13:18:04,43.3202896118164,-8.86551284790039,"Male"
"6018401",371833,2025-05-23 13:23:04,43.3202362060547,-8.86515235900879,"Male"
"6018401",371833,2025-05-23 13:28:04,43.3202934265137,-8.86557865142822,"Male"
"6018401",371833,2025-05-23 13:33:15,43.3202705383301,-8.86533832550049,"Male"
"6018401",371833,2025-05-23 13:38:06,43.3201942443848,-8.86530303955078,"Male"
"6018401",371833,2025-05-23 13:43:29,43.3203353881836,-8.86536502838135,"Male"
"6018401",371833,2025-05-23 13:48:31,43.3203125,-8.86531829833984,"Male"
"6018401",371833,2025-05-23 13:53:03,43.3202896118164,-8.86529064178467,"Male"
"6018401",371833,2025-05-23 13:57:59,43.3202095031738,-8.86491107940674,"Male"
"6018401",371833,2025-05-23 14:03:06,43.3203163146973,-8.86530113220215,"Male"
"6018401",371833,2025-05-23 14:07:59,43.3203582763672,-8.86536121368408,"Male"
"6018401",371833,2025-05-23 14:13:06,43.3203277587891,-8.86537170410156,"Male"
"6018401",371833,2025-05-23 14:17:58,43.3203125,-8.86524772644043,"Male"
"6018401",371833,2025-05-23 14:23:03,43.3203468322754,-8.8652868270874,"Male"
"6018401",371833,2025-05-23 14:28:03,43.3202896118164,-8.86525249481201,"Male"
"6018401",371833,2025-05-23 14:33:05,43.3203163146973,-8.86537170410156,"Male"
"6018401",371833,2025-05-23 14:38:03,43.3203125,-8.86538124084473,"Male"
"6018401",371833,2025-05-23 14:43:06,43.3202171325684,-8.86526966094971,"Male"
"6018401",371833,2025-05-23 14:48:04,43.3203201293945,-8.86527919769287,"Male"
"6018401",371833,2025-05-23 14:53:03,43.3203887939453,-8.86529445648193,"Male"
"6018401",371833,2025-05-23 14:58:06,43.3204002380371,-8.86538791656494,"Male"
"6018401",371833,2025-05-23 15:03:06,43.3204078674316,-8.86518669128418,"Male"
"6018401",371833,2025-05-23 15:08:06,43.3204231262207,-8.86520671844482,"Male"
"6018401",371833,2025-05-23 15:13:06,43.3204002380371,-8.86517429351807,"Male"
"6018401",371833,2025-05-23 15:18:06,43.3204078674316,-8.86513996124268,"Male"
"6018401",371833,2025-05-23 15:23:05,43.320442199707,-8.86518859863281,"Male"
"6018401",371833,2025-05-23 15:28:03,43.320426940918,-8.86514854431152,"Male"
"6018401",371833,2025-05-23 15:33:06,43.320369720459,-8.86516094207764,"Male"
"6018401",371833,2025-05-23 15:38:05,43.3202629089355,-8.86525249481201,"Male"
"6018401",371833,2025-05-23 15:43:03,43.320198059082,-8.86531829833984,"Male"
"6018401",371833,2025-05-23 15:48:06,43.3203277587891,-8.86518287658691,"Male"
"6018401",371833,2025-05-23 15:53:04,43.3203277587891,-8.86517906188965,"Male"
"6018401",371833,2025-05-23 15:58:01,43.3202514648438,-8.86525535583496,"Male"
"6018401",371833,2025-05-23 16:03:01,43.320255279541,-8.86529064178467,"Male"
"6018401",371833,2025-05-23 16:08:03,43.3201637268066,-8.86533737182617,"Male"
"6018401",371833,2025-05-23 16:13:01,43.3201713562012,-8.86527729034424,"Male"
"6018401",371833,2025-05-23 16:18:03,43.3202629089355,-8.86528968811035,"Male"
"6018401",371833,2025-05-23 16:23:08,43.3202934265137,-8.86529922485352,"Male"
"6018401",371833,2025-05-23 16:28:04,43.3200302124023,-8.86502838134766,"Male"
"6018401",371833,2025-05-23 16:33:29,43.3202285766602,-8.86528968811035,"Male"
"6018401",371833,2025-05-23 16:37:59,43.3204650878906,-8.86567497253418,"Male"
"6018401",371833,2025-05-23 16:43:00,43.3202629089355,-8.86537551879883,"Male"
"6018401",371833,2025-05-23 16:48:03,43.3202590942383,-8.86538314819336,"Male"
"6018401",371833,2025-05-23 16:53:05,43.3203163146973,-8.86541080474854,"Male"
"6018401",371833,2025-05-23 16:58:10,43.320182800293,-8.86528873443604,"Male"
"6018401",371833,2025-05-23 17:03:31,43.3202438354492,-8.86535358428955,"Male"
"6018401",371833,2025-05-23 17:08:00,43.3203163146973,-8.86538314819336,"Male"
"6018401",371833,2025-05-23 17:13:01,43.3202819824219,-8.86541557312012,"Male"
"6018401",371833,2025-05-23 17:18:01,43.3201370239258,-8.86532402038574,"Male"
"6018401",371833,2025-05-23 17:23:00,43.320384979248,-8.86542701721191,"Male"
"6018401",371833,2025-05-23 17:28:04,43.3203277587891,-8.86539363861084,"Male"
"6018401",371833,2025-05-23 17:33:03,43.3202133178711,-8.86522769927979,"Male"
"6018401",371833,2025-05-23 17:38:06,43.3206825256348,-8.86569023132324,"Male"
"6018401",371833,2025-05-23 17:43:24,43.3204498291016,-8.86544704437256,"Male"
"6018401",371833,2025-05-23 17:48:10,43.3203964233398,-8.86537075042725,"Male"
"6018401",371833,2025-05-23 17:53:29,43.3203468322754,-8.86530494689941,"Male"
"6018401",371833,2025-05-23 17:58:01,43.3201789855957,-8.86548042297363,"Male"
"6018401",371833,2025-05-23 18:03:05,43.3191375732422,-8.86851024627686,"Male"
"6018401",371833,2025-05-23 18:08:01,43.3191108703613,-8.86863994598389,"Male"
"6018401",371833,2025-05-23 18:13:05,43.3190765380859,-8.86860179901123,"Male"
"6018401",371833,2025-05-23 18:18:04,43.319278717041,-8.86886692047119,"Male"
"6018401",371833,2025-05-23 18:23:23,43.3193435668945,-8.86829662322998,"Male"
"6018401",371833,2025-05-23 18:28:07,43.3192291259766,-8.86842632293701,"Male"
"6018401",371833,2025-05-23 18:33:30,43.319149017334,-8.86838626861572,"Male"
"6018401",371833,2025-05-23 18:38:22,43.3191604614258,-8.86831474304199,"Male"
"6018401",371833,2025-05-23 18:43:10,43.3190422058105,-8.86863613128662,"Male"
"6018401",371833,2025-05-23 18:47:58,43.3190422058105,-8.86865520477295,"Male"
"6018401",371833,2025-05-23 18:52:59,43.3190002441406,-8.86865234375,"Male"
"6018401",371833,2025-05-23 18:57:59,43.3190231323242,-8.86868572235107,"Male"
"6018401",371833,2025-05-23 19:02:58,43.3190689086914,-8.86863613128662,"Male"
"6018401",371833,2025-05-23 19:07:58,43.3189659118652,-8.86819362640381,"Male"
"6018401",371833,2025-05-23 19:12:58,43.3190040588379,-8.8682746887207,"Male"
"6018401",371833,2025-05-23 19:17:58,43.3189926147461,-8.86852359771729,"Male"
"6018401",371833,2025-05-23 19:22:58,43.3188514709473,-8.8684196472168,"Male"
"6018401",371833,2025-05-23 19:28:04,43.3189315795898,-8.86868190765381,"Male"
"6018401",371833,2025-05-23 19:33:06,43.3189353942871,-8.8685998916626,"Male"
"6018401",371833,2025-05-23 19:38:10,43.3191146850586,-8.86861038208008,"Male"
"6018401",371833,2025-05-23 19:42:58,43.3189163208008,-8.86860942840576,"Male"
"6018401",371833,2025-05-23 19:47:58,43.3190040588379,-8.86856174468994,"Male"
"6018401",371833,2025-05-23 19:52:58,43.3189392089844,-8.8685998916626,"Male"
"6018401",371833,2025-05-23 19:57:58,43.3189163208008,-8.86861133575439,"Male"
"6018401",371833,2025-05-23 20:02:58,43.3190994262695,-8.86863994598389,"Male"
"6018401",371833,2025-05-23 20:07:58,43.3190078735352,-8.86882877349854,"Male"
"6018401",371833,2025-05-23 20:12:59,43.3188133239746,-8.86861419677734,"Male"
"6018401",371833,2025-05-23 20:18:11,43.3190536499023,-8.86859226226807,"Male"
"6018401",371833,2025-05-23 20:22:58,43.3190002441406,-8.86854648590088,"Male"
"6018401",371833,2025-05-23 20:27:58,43.3190650939941,-8.86862087249756,"Male"
"6018401",371833,2025-05-23 20:32:58,43.3190765380859,-8.86868381500244,"Male"
"6018401",371833,2025-05-23 20:37:58,43.3190231323242,-8.86851692199707,"Male"
"6018401",371833,2025-05-23 20:42:59,43.3190116882324,-8.86880016326904,"Male"
"6018401",371833,2025-05-23 20:48:14,43.3190383911133,-8.86850643157959,"Male"
"6018401",371833,2025-05-23 20:53:04,43.3192863464355,-8.86795234680176,"Male"
"6018401",371833,2025-05-23 20:58:04,43.3190422058105,-8.86854267120361,"Male"
"6018401",371833,2025-05-23 21:03:02,43.3191184997559,-8.86836814880371,"Male"
"6018401",371833,2025-05-23 21:08:07,43.3191757202148,-8.86839294433594,"Male"
"6018401",371833,2025-05-23 21:13:09,43.3191337585449,-8.86844348907471,"Male"
"6018401",371833,2025-05-23 21:18:11,43.3189926147461,-8.86847686767578,"Male"
"6018401",371833,2025-05-23 21:23:02,43.318920135498,-8.86836433410645,"Male"
"6018401",371833,2025-05-23 21:27:59,43.3188209533691,-8.86908054351807,"Male"
"6018401",371833,2025-05-23 21:33:01,43.3189277648926,-8.86849212646484,"Male"
"6018401",371833,2025-05-23 21:38:00,43.3186225891113,-8.86913585662842,"Male"
"6018401",371833,2025-05-23 21:43:00,43.3190040588379,-8.86853694915771,"Male"
"6018401",371833,2025-05-23 21:48:14,43.3190994262695,-8.86814022064209,"Male"
"6018401",371833,2025-05-23 21:53:04,43.3191299438477,-8.86804294586182,"Male"
"6018401",371833,2025-05-23 21:58:01,43.3191223144531,-8.86811065673828,"Male"
"6018401",371833,2025-05-23 22:02:58,43.3187065124512,-8.86882400512695,"Male"
"6018401",371833,2025-05-23 22:08:21,43.3192558288574,-8.86753273010254,"Male"
"6018401",371833,2025-05-23 22:13:29,43.3190231323242,-8.86850452423096,"Male"
"6018401",371833,2025-05-23 22:17:57,43.3190307617188,-8.86856555938721,"Male"
"6018401",371833,2025-05-23 22:22:57,43.3189926147461,-8.86852836608887,"Male"
"6018401",371833,2025-05-23 22:27:58,43.3189506530762,-8.86855697631836,"Male"
"6018401",371833,2025-05-23 22:32:58,43.3190002441406,-8.8685131072998,"Male"
"6018401",371833,2025-05-23 22:37:58,43.3189811706543,-8.86851024627686,"Male"
"6018401",371833,2025-05-23 22:42:58,43.3190536499023,-8.86857414245605,"Male"
"6018401",371833,2025-05-23 22:47:58,43.3189582824707,-8.86842250823975,"Male"
"6018401",371833,2025-05-23 22:52:58,43.318962097168,-8.86845397949219,"Male"
"6018401",371833,2025-05-23 22:57:58,43.318962097168,-8.86847019195557,"Male"
"6018401",371833,2025-05-23 23:02:58,43.3189735412598,-8.8684549331665,"Male"
"6018401",371833,2025-05-23 23:07:58,43.3189239501953,-8.86839294433594,"Male"
"6018401",371833,2025-05-23 23:12:58,43.3189697265625,-8.86840152740479,"Male"
"6018401",371833,2025-05-23 23:17:58,43.3189888000488,-8.86838817596436,"Male"
"6018401",371833,2025-05-23 23:22:58,43.318962097168,-8.86837005615234,"Male"
"6018401",371833,2025-05-23 23:27:58,43.3190612792969,-8.8685131072998,"Male"
"6018401",371833,2025-05-23 23:33:01,43.3189086914062,-8.86840915679932,"Male"
"6018401",371833,2025-05-23 23:38:00,43.31884765625,-8.86835193634033,"Male"
"6018401",371833,2025-05-23 23:43:00,43.3189697265625,-8.86843967437744,"Male"
"6018401",371833,2025-05-23 23:48:05,43.3188896179199,-8.86831378936768,"Male"
"6018401",371833,2025-05-23 23:53:00,43.3189926147461,-8.86837768554688,"Male"
"6018401",371833,2025-05-23 23:58:01,43.3189926147461,-8.86843681335449,"Male"
"6018401",371833,2025-05-24 00:03:02,43.3189849853516,-8.86837673187256,"Male"
"6018401",371833,2025-05-24 00:08:01,43.3190078735352,-8.8683910369873,"Male"
"6018401",371833,2025-05-24 00:12:58,43.3189964294434,-8.86838245391846,"Male"
"6018401",371833,2025-05-24 00:17:59,43.3189888000488,-8.86839866638184,"Male"
"6018401",371833,2025-05-24 00:23:00,43.3190078735352,-8.86838054656982,"Male"
"6018401",371833,2025-05-24 00:27:58,43.3190078735352,-8.86839962005615,"Male"
"6018401",371833,2025-05-24 00:32:58,43.3189811706543,-8.86833000183105,"Male"
"6018401",371833,2025-05-24 00:37:59,43.3189697265625,-8.86837005615234,"Male"
"6018401",371833,2025-05-24 00:42:58,43.3189735412598,-8.86838912963867,"Male"
"6018401",371833,2025-05-24 00:47:58,43.3190116882324,-8.8684024810791,"Male"
"6018401",371833,2025-05-24 00:52:58,43.3189659118652,-8.8683557510376,"Male"
"6018401",371833,2025-05-24 00:57:59,43.3190155029297,-8.86831378936768,"Male"
"6018401",371833,2025-05-24 01:02:58,43.3190002441406,-8.86832237243652,"Male"
"6018401",371833,2025-05-24 01:08:00,43.3189697265625,-8.86835384368896,"Male"
"6018401",371833,2025-05-24 01:12:59,43.3189125061035,-8.86830902099609,"Male"
"6018401",371833,2025-05-24 01:17:59,43.3189735412598,-8.86830043792725,"Male"
"6018401",371833,2025-05-24 01:22:59,43.3190002441406,-8.86831951141357,"Male"
"6018401",371833,2025-05-24 01:27:59,43.3188819885254,-8.86826229095459,"Male"
"6018401",371833,2025-05-24 01:32:59,43.3189506530762,-8.86827373504639,"Male"
"6018401",371833,2025-05-24 01:37:59,43.3188247680664,-8.86820697784424,"Male"
"6018401",371833,2025-05-24 01:43:00,43.3188781738281,-8.86820220947266,"Male"
"6018401",371833,2025-05-24 01:47:59,43.3187561035156,-8.86813163757324,"Male"
"6018401",371833,2025-05-24 01:53:00,43.3188743591309,-8.86817932128906,"Male"
"6018401",371833,2025-05-24 01:57:59,43.3188438415527,-8.86817264556885,"Male"
"6018401",371833,2025-05-24 02:02:59,43.3187866210938,-8.86808967590332,"Male"
"6018401",371833,2025-05-24 02:07:59,43.3187942504883,-8.86813259124756,"Male"
"6018401",371833,2025-05-24 02:12:59,43.3186950683594,-8.86808300018311,"Male"
"6018401",371833,2025-05-24 02:18:00,43.3186988830566,-8.86808300018311,"Male"
"6018401",371833,2025-05-24 02:23:01,43.3185653686523,-8.86789226531982,"Male"
"6018401",371833,2025-05-24 02:28:00,43.318546295166,-8.86796474456787,"Male"
"6018401",371833,2025-05-24 02:33:01,43.318531036377,-8.86784648895264,"Male"
"6018401",371833,2025-05-24 02:37:59,43.3184127807617,-8.86774063110352,"Male"
"6018401",371833,2025-05-24 02:43:00,43.3184127807617,-8.8676815032959,"Male"
"6018401",371833,2025-05-24 02:47:59,43.3183403015137,-8.86767101287842,"Male"
"6018401",371833,2025-05-24 02:53:04,43.3183898925781,-8.86775207519531,"Male"
"6018401",371833,2025-05-24 02:58:10,43.3184394836426,-8.86781120300293,"Male"
"6018401",371833,2025-05-24 03:03:07,43.3193016052246,-8.86813163757324,"Male"
"6018401",371833,2025-05-24 03:08:02,43.3189277648926,-8.86794567108154,"Male"
"6018401",371833,2025-05-24 03:13:04,43.3189506530762,-8.86806392669678,"Male"
"6018401",371833,2025-05-24 03:18:00,43.3188018798828,-8.86838245391846,"Male"
"6018401",371833,2025-05-24 03:23:00,43.3186798095703,-8.86832714080811,"Male"
"6018401",371833,2025-05-24 03:28:02,43.3191680908203,-8.86802768707275,"Male"
"6018401",371833,2025-05-24 03:33:00,43.3191223144531,-8.86799335479736,"Male"
"6018401",371833,2025-05-24 03:38:01,43.3190422058105,-8.86814308166504,"Male"
"6018401",371833,2025-05-24 03:42:59,43.3191833496094,-8.86803817749023,"Male"
"6018401",371833,2025-05-24 03:48:00,43.3192443847656,-8.86788368225098,"Male"
"6018401",371833,2025-05-24 03:53:00,43.3192253112793,-8.86800765991211,"Male"
"6018401",371833,2025-05-24 03:57:58,43.3191719055176,-8.86805057525635,"Male"
"6018401",371833,2025-05-24 04:02:58,43.3191947937012,-8.86815071105957,"Male"
"6018401",371833,2025-05-24 04:07:58,43.3191223144531,-8.86812877655029,"Male"
"6018401",371833,2025-05-24 04:12:59,43.3191528320312,-8.86821174621582,"Male"
"6018401",371833,2025-05-24 04:17:58,43.3190994262695,-8.86821556091309,"Male"
"6018401",371833,2025-05-24 04:22:58,43.319091796875,-8.86827087402344,"Male"
"6018401",371833,2025-05-24 04:27:58,43.3191146850586,-8.86828422546387,"Male"
"6018401",371833,2025-05-24 04:32:58,43.3190727233887,-8.86831188201904,"Male"
"6018401",371833,2025-05-24 04:37:58,43.3190841674805,-8.86833477020264,"Male"
"6018401",371833,2025-05-24 04:42:58,43.3190574645996,-8.86835479736328,"Male"
"6018401",371833,2025-05-24 04:47:58,43.3190650939941,-8.86838054656982,"Male"
"6018401",371833,2025-05-24 04:52:58,43.3190498352051,-8.86837482452393,"Male"
"6018401",371833,2025-05-24 04:58:29,43.319091796875,-8.8686466217041,"Male"
"6018401",371833,2025-05-24 05:02:58,43.3189125061035,-8.86848926544189,"Male"
"6018401",371833,2025-05-24 05:07:58,43.318962097168,-8.86843395233154,"Male"
"6018401",371833,2025-05-24 05:12:58,43.3189125061035,-8.86844253540039,"Male"
"6018401",371833,2025-05-24 05:17:58,43.3188858032227,-8.86844635009766,"Male"
"6018401",371833,2025-05-24 05:22:58,43.3189468383789,-8.86844730377197,"Male"
"6018401",371833,2025-05-24 05:27:58,43.3188819885254,-8.86831855773926,"Male"
"6018401",371833,2025-05-24 05:32:58,43.3184280395508,-8.86803722381592,"Male"
"6018401",371833,2025-05-24 05:37:58,43.318042755127,-8.86789798736572,"Male"
"6018401",371833,2025-05-24 05:43:00,43.3191566467285,-8.86878299713135,"Male"
"6018401",371833,2025-05-24 05:47:58,43.3195114135742,-8.86914730072021,"Male"
"6018401",371833,2025-05-24 05:52:58,43.3192863464355,-8.8690013885498,"Male"
"6018401",371833,2025-05-24 05:57:57,43.3192138671875,-8.8689546585083,"Male"
"6018401",371833,2025-05-24 06:03:14,43.3189926147461,-8.8684549331665,"Male"
"6018401",371833,2025-05-24 06:07:57,43.3189926147461,-8.86853885650635,"Male"
"6018401",371833,2025-05-24 06:12:57,43.3190536499023,-8.86855506896973,"Male"
"6018401",371833,2025-05-24 06:17:57,43.319019317627,-8.86857128143311,"Male"
"6018401",371833,2025-05-24 06:22:57,43.3189735412598,-8.86850166320801,"Male"
"6018401",371833,2025-05-24 06:27:57,43.3189811706543,-8.86844444274902,"Male"
"6018401",371833,2025-05-24 06:32:57,43.3190040588379,-8.86847591400146,"Male"
"6018401",371833,2025-05-24 06:37:57,43.3190460205078,-8.86855411529541,"Male"
"6018401",371833,2025-05-24 06:42:57,43.3190765380859,-8.86863708496094,"Male"
"6018401",371833,2025-05-24 06:47:57,43.3190574645996,-8.86862468719482,"Male"
"6018401",371833,2025-05-24 06:52:57,43.3190498352051,-8.86857795715332,"Male"
"6018401",371833,2025-05-24 06:57:57,43.3190612792969,-8.86862277984619,"Male"
"6018401",371833,2025-05-24 07:03:14,43.319019317627,-8.86844730377197,"Male"
"6018401",371833,2025-05-24 07:07:57,43.3189582824707,-8.86826801300049,"Male"
"6018401",371833,2025-05-24 07:12:57,43.3189392089844,-8.86830520629883,"Male"
"6018401",371833,2025-05-24 07:17:57,43.3189086914062,-8.86822509765625,"Male"
"6018401",371833,2025-05-24 07:23:29,43.3189811706543,-8.86829471588135,"Male"
"6018401",371833,2025-05-24 07:27:56,43.3190689086914,-8.86852169036865,"Male"
"6018401",371833,2025-05-24 07:32:56,43.3190994262695,-8.86852073669434,"Male"
"6018401",371833,2025-05-24 07:37:56,43.3190498352051,-8.86850357055664,"Male"
"6018401",371833,2025-05-24 07:42:56,43.3190650939941,-8.86855125427246,"Male"
"6018401",371833,2025-05-24 07:47:57,43.3191375732422,-8.86852836608887,"Male"
"6018401",371833,2025-05-24 07:52:56,43.3190727233887,-8.86855316162109,"Male"
"6018401",371833,2025-05-24 07:57:57,43.3190803527832,-8.86856269836426,"Male"
"6018401",371833,2025-05-24 08:02:56,43.3191452026367,-8.86862659454346,"Male"
"6018401",371833,2025-05-24 08:07:57,43.31884765625,-8.86839485168457,"Male"
"6018401",371833,2025-05-24 08:12:58,43.3191223144531,-8.86862468719482,"Male"
"6018401",371833,2025-05-24 08:17:57,43.3191032409668,-8.8686408996582,"Male"
"6018401",371833,2025-05-24 08:22:57,43.3189163208008,-8.86839866638184,"Male"
"6018401",371833,2025-05-24 08:27:57,43.3190765380859,-8.86863136291504,"Male"
"6018401",371833,2025-05-24 08:32:57,43.319091796875,-8.86863422393799,"Male"
"6018401",371833,2025-05-24 08:37:57,43.3190803527832,-8.86863136291504,"Male"
"6018401",371833,2025-05-24 08:42:59,43.3190803527832,-8.86867523193359,"Male"
"6018401",371833,2025-05-24 08:47:57,43.3190689086914,-8.86865615844727,"Male"
"6018401",371833,2025-05-24 08:52:57,43.3191566467285,-8.86872959136963,"Male"
"6018401",371833,2025-05-24 08:57:57,43.319206237793,-8.86873817443848,"Male"
"6018401",371833,2025-05-24 09:02:57,43.3192100524902,-8.86871528625488,"Male"
"6018401",371833,2025-05-24 09:07:57,43.3191680908203,-8.86881351470947,"Male"
"6018401",371833,2025-05-24 09:12:57,43.3191871643066,-8.86873054504395,"Male"
"6018401",371833,2025-05-24 09:17:57,43.3191795349121,-8.86870861053467,"Male"
"6018401",371833,2025-05-24 09:22:57,43.3191375732422,-8.86867141723633,"Male"
"6018401",371833,2025-05-24 09:27:57,43.3190536499023,-8.8686408996582,"Male"
"6018401",371833,2025-05-24 09:32:57,43.3190994262695,-8.86863994598389,"Male"
"6018401",371833,2025-05-24 09:37:57,43.3190574645996,-8.86849021911621,"Male"
"6018401",371833,2025-05-24 09:42:57,43.3191070556641,-8.86866664886475,"Male"
"6018401",371833,2025-05-24 09:47:57,43.3190383911133,-8.86868000030518,"Male"
"6018401",371833,2025-05-24 09:52:57,43.3190498352051,-8.86863899230957,"Male"
"6018401",371833,2025-05-24 09:57:57,43.3190612792969,-8.86859226226807,"Male"
"6018401",371833,2025-05-24 10:02:57,43.3190422058105,-8.86861705780029,"Male"
"6018401",371833,2025-05-24 10:07:57,43.3190231323242,-8.86859321594238,"Male"
"6018401",371833,2025-05-24 10:12:57,43.3190040588379,-8.86854457855225,"Male"
"6018401",371833,2025-05-24 10:17:57,43.3190116882324,-8.86844348907471,"Male"
"6018401",371833,2025-05-24 10:22:57,43.3190002441406,-8.86845016479492,"Male"
"6018401",371833,2025-05-24 10:27:58,43.3189697265625,-8.86838722229004,"Male"
"6018401",371833,2025-05-24 10:32:57,43.3190307617188,-8.86837482452393,"Male"
"6018401",371833,2025-05-24 10:37:57,43.3189926147461,-8.86836528778076,"Male"
"6018401",371833,2025-05-24 10:42:58,43.3190116882324,-8.86836910247803,"Male"
"6018401",371833,2025-05-24 10:47:57,43.3189849853516,-8.86829090118408,"Male"
"6018401",371833,2025-05-24 10:52:57,43.3190040588379,-8.86831283569336,"Male"
"6018401",371833,2025-05-24 10:57:57,43.3190612792969,-8.86816883087158,"Male"
"6018401",371833,2025-05-24 11:02:57,43.3190727233887,-8.86808204650879,"Male"
"6018401",371833,2025-05-24 11:07:59,43.3190078735352,-8.86800193786621,"Male"
"6018401",371833,2025-05-24 11:12:59,43.3191299438477,-8.86796760559082,"Male"
"6018401",371833,2025-05-24 11:17:59,43.3191871643066,-8.86800956726074,"Male"
"6018401",371833,2025-05-24 11:23:00,43.3208541870117,-8.86977767944336,"Male"
"6018401",371833,2025-05-24 11:28:04,43.3198089599609,-8.86849117279053,"Male"
"6018401",371833,2025-05-24 11:33:08,43.3198585510254,-8.86849880218506,"Male"
"6018401",371833,2025-05-24 11:37:59,43.3196868896484,-8.86806774139404,"Male"
"6018401",371833,2025-05-24 11:42:58,43.3199310302734,-8.86897373199463,"Male"
"6018401",371833,2025-05-24 11:47:57,43.3199043273926,-8.8689603805542,"Male"
"6018401",371833,2025-05-24 11:52:58,43.3198280334473,-8.86891555786133,"Male"
"6018401",371833,2025-05-24 11:57:58,43.3198051452637,-8.86889934539795,"Male"
"6018401",371833,2025-05-24 12:02:58,43.319751739502,-8.86890411376953,"Male"
"6018401",371833,2025-05-24 12:07:58,43.3197059631348,-8.86892604827881,"Male"
"6018401",371833,2025-05-24 12:12:58,43.3196868896484,-8.86895179748535,"Male"
"6018401",371833,2025-05-24 12:18:09,43.3198165893555,-8.86886787414551,"Male"
"6018401",371833,2025-05-24 12:22:58,43.3196334838867,-8.86891460418701,"Male"
"6018401",371833,2025-05-24 12:27:58,43.3196563720703,-8.8690128326416,"Male"
"6018401",371833,2025-05-24 12:32:58,43.3196144104004,-8.86897945404053,"Male"
"6018401",371833,2025-05-24 12:37:58,43.319580078125,-8.86900997161865,"Male"
"6018401",371833,2025-05-24 12:42:58,43.319522857666,-8.86901950836182,"Male"
"6018401",371833,2025-05-24 12:47:58,43.3195343017578,-8.86906147003174,"Male"
"6018401",371833,2025-05-24 12:52:58,43.3194885253906,-8.8691520690918,"Male"
"6018401",371833,2025-05-24 12:57:58,43.3194541931152,-8.86905479431152,"Male"
"6018401",371833,2025-05-24 13:07:58,43.3193511962891,-8.86862373352051,"Male"
"6018401",371833,2025-05-24 13:12:58,43.3194122314453,-8.86872482299805,"Male"
"6018401",371833,2025-05-24 13:17:58,43.3194046020508,-8.86870765686035,"Male"
"6018401",371833,2025-05-24 13:27:58,43.3192520141602,-8.86854362487793,"Male"
"6018401",371833,2025-05-24 13:32:58,43.3192710876465,-8.86860942840576,"Male"
"6018401",371833,2025-05-24 13:42:58,43.319278717041,-8.86882591247559,"Male"
"6018401",371833,2025-05-24 13:47:57,43.3192367553711,-8.86870288848877,"Male"
"6018401",371833,2025-05-24 13:52:59,43.3191566467285,-8.86848545074463,"Male"
"6018401",371833,2025-05-24 13:57:59,43.3192825317383,-8.8688850402832,"Male"
"6018401",371833,2025-05-24 14:03:00,43.3191909790039,-8.86862754821777,"Male"
"6018401",371833,2025-05-24 14:13:03,43.3191108703613,-8.86845397949219,"Male"
"6018401",371833,2025-05-24 14:23:44,43.3190650939941,-8.86850357055664,"Male"
"6018401",371833,2025-05-24 14:27:58,43.3190536499023,-8.86849498748779,"Male"
"6018401",371833,2025-05-24 14:37:57,43.3191337585449,-8.86842823028564,"Male"
"6018401",371833,2025-05-24 14:47:59,43.319091796875,-8.86868381500244,"Male"
"6018401",371833,2025-05-24 14:58:03,43.3190116882324,-8.86855030059814,"Male"
"6018401",371833,2025-05-24 15:07:58,43.3191299438477,-8.8685884475708,"Male"
"6018401",371833,2025-05-24 15:12:57,43.3190078735352,-8.86852264404297,"Male"
"6018401",371833,2025-05-24 15:22:59,43.3189582824707,-8.86846351623535,"Male"
"6018401",371833,2025-05-24 15:32:57,43.3190612792969,-8.86870384216309,"Male"
"6018401",371833,2025-05-24 15:42:57,43.3191108703613,-8.86885261535645,"Male"
"6018401",371833,2025-05-24 15:53:00,43.3191719055176,-8.86890697479248,"Male"
"6018401",371833,2025-05-24 16:02:57,43.3191566467285,-8.86882495880127,"Male"
"6018401",371833,2025-05-24 16:12:57,43.3192329406738,-8.86889457702637,"Male"
"6018401",371833,2025-05-24 16:22:57,43.3191032409668,-8.86869621276855,"Male"
"6018401",371833,2025-05-24 16:32:58,43.3191452026367,-8.86876010894775,"Male"
"6018401",371833,2025-05-24 16:43:00,43.3191604614258,-8.86877059936523,"Male"
"6018401",371833,2025-05-24 16:48:00,43.3191184997559,-8.86869049072266,"Male"
"6018401",371833,2025-05-24 16:58:00,43.3191223144531,-8.86867523193359,"Male"
"6018401",371833,2025-05-24 17:03:00,43.3191795349121,-8.86877918243408,"Male"
"6018401",371833,2025-05-24 17:12:59,43.3191261291504,-8.86873912811279,"Male"
"6018401",371833,2025-05-24 17:23:14,43.318962097168,-8.86849784851074,"Male"
"6018401",371833,2025-05-24 17:33:07,43.3187789916992,-8.86833667755127,"Male"
"6018401",371833,2025-05-24 17:43:00,43.3187103271484,-8.86808109283447,"Male"
"6018401",371833,2025-05-24 17:53:07,43.3192863464355,-8.86871528625488,"Male"
"6018401",371833,2025-05-24 18:03:10,43.3193664550781,-8.86881828308105,"Male"
"6018401",371833,2025-05-24 18:13:06,43.3190650939941,-8.86904907226562,"Male"
"6018401",371833,2025-05-24 18:18:08,43.3190956115723,-8.86925029754639,"Male"
"6018401",371833,2025-05-24 18:28:01,43.3191795349121,-8.86938667297363,"Male"
"6018401",371833,2025-05-24 18:38:14,43.3190002441406,-8.86854267120361,"Male"
"6018401",371833,2025-05-24 18:47:57,43.319164276123,-8.86861038208008,"Male"
"6018401",371833,2025-05-24 18:57:57,43.3192405700684,-8.86878681182861,"Male"
"6018401",371833,2025-05-24 19:07:57,43.3190498352051,-8.86864280700684,"Male"
"6018401",371833,2025-05-24 19:17:57,43.3192977905273,-8.86862277984619,"Male"
"6018401",371833,2025-05-24 19:27:59,43.3192291259766,-8.86850452423096,"Male"
"6018401",371833,2025-05-24 19:38:00,43.319393157959,-8.86785411834717,"Male"
"6018401",371833,2025-05-24 19:47:59,43.3191795349121,-8.86800670623779,"Male"
"6018401",371833,2025-05-24 19:57:59,43.3192596435547,-8.86864852905273,"Male"
"6018401",371833,2025-05-24 20:08:00,43.3191909790039,-8.86870002746582,"Male"
"6018401",371833,2025-05-24 20:18:01,43.3191223144531,-8.86860084533691,"Male"
"6018401",371833,2025-05-24 20:27:59,43.3192443847656,-8.86844635009766,"Male"
"6018401",371833,2025-05-24 20:38:14,43.3191680908203,-8.86871337890625,"Male"
"6018401",371833,2025-05-24 20:47:57,43.3191986083984,-8.86807060241699,"Male"
"6018401",371833,2025-05-24 20:57:59,43.3193435668945,-8.86874008178711,"Male"
"6018401",371833,2025-05-24 21:08:01,43.3196754455566,-8.86872291564941,"Male"
"6018401",371833,2025-05-24 21:18:07,43.3190689086914,-8.86859607696533,"Male"
"6018401",371833,2025-05-24 21:27:58,43.3180999755859,-8.87041854858398,"Male"
"6018401",371833,2025-05-24 21:38:14,43.319019317627,-8.86833763122559,"Male"
"6018401",371833,2025-05-24 21:47:57,43.3189888000488,-8.86883449554443,"Male"
"6018401",371833,2025-05-24 21:57:57,43.3189811706543,-8.86875629425049,"Male"
"6018401",371833,2025-05-24 22:07:57,43.3191528320312,-8.86910533905029,"Male"
"6018401",371833,2025-05-24 22:17:57,43.319709777832,-8.86937713623047,"Male"
"6018401",371833,2025-05-24 22:28:00,43.3177070617676,-8.86664485931396,"Male"
"6018401",371833,2025-05-24 22:38:06,43.3188629150391,-8.86815166473389,"Male"
"6018401",371833,2025-05-24 22:47:59,43.3189582824707,-8.86828136444092,"Male"
"6018401",371833,2025-05-24 22:58:01,43.3188667297363,-8.86815166473389,"Male"
"6018401",371833,2025-05-24 23:08:14,43.3189735412598,-8.86838054656982,"Male"
"6018401",371833,2025-05-24 23:17:57,43.3189811706543,-8.86838436126709,"Male"
"6018401",371833,2025-05-24 23:27:58,43.3190002441406,-8.86837863922119,"Male"
"6018401",371833,2025-05-24 23:37:59,43.3188629150391,-8.86833000183105,"Male"
"6018401",371833,2025-05-24 23:48:06,43.3188972473145,-8.86819458007812,"Male"
"6018401",371833,2025-05-24 23:58:07,43.3190536499023,-8.86837768554688,"Male"
"6018401",371833,2025-05-25 00:08:20,43.3190116882324,-8.86852359771729,"Male"
"6018401",371833,2025-05-25 00:18:04,43.3192024230957,-8.8690767288208,"Male"
"6018401",371833,2025-05-25 00:28:01,43.3193855285645,-8.8694372177124,"Male"
"6018401",371833,2025-05-25 00:38:01,43.3193778991699,-8.86934566497803,"Male"
"6018401",371833,2025-05-25 00:48:26,43.3188247680664,-8.86890029907227,"Male"
"6018401",371833,2025-05-25 00:57:56,43.3190307617188,-8.86854457855225,"Male"
"6018401",371833,2025-05-25 01:07:58,43.318977355957,-8.86860942840576,"Male"
"6018401",371833,2025-05-25 01:17:57,43.3189468383789,-8.86856269836426,"Male"
"6018401",371833,2025-05-25 01:27:58,43.3189582824707,-8.86850643157959,"Male"
"6018401",371833,2025-05-25 01:37:57,43.3192863464355,-8.86850929260254,"Male"
"6018401",371833,2025-05-25 01:48:12,43.3182640075684,-8.86843013763428,"Male"
"6018401",371833,2025-05-25 01:58:00,43.3191184997559,-8.86849594116211,"Male"
"6018401",371833,2025-05-25 02:08:00,43.3188934326172,-8.86848831176758,"Male"
"6018401",371833,2025-05-25 02:17:58,43.3192367553711,-8.86862754821777,"Male"
"6018401",371833,2025-05-25 02:28:10,43.3186798095703,-8.8684024810791,"Male"
"6018401",371833,2025-05-25 02:38:01,43.3188896179199,-8.86840152740479,"Male"
"6018401",371833,2025-05-25 02:48:03,43.3188591003418,-8.86841487884521,"Male"
"6018401",371833,2025-05-25 02:58:23,43.319034576416,-8.86795330047607,"Male"
"6018401",371833,2025-05-25 03:08:01,43.3191986083984,-8.86851978302002,"Male"
"6018401",371833,2025-05-25 03:18:23,43.3190994262695,-8.86855411529541,"Male"
"6018401",371833,2025-05-25 03:28:01,43.3192520141602,-8.86855602264404,"Male"
"6018401",371833,2025-05-25 03:37:59,43.3191680908203,-8.86869049072266,"Male"
"6018401",371833,2025-05-25 03:48:00,43.3191184997559,-8.86876678466797,"Male"
"6018401",371833,2025-05-25 03:57:58,43.3190879821777,-8.86878490447998,"Male"
"6018401",371833,2025-05-25 04:08:00,43.3190841674805,-8.86879062652588,"Male"
"6018401",371833,2025-05-25 04:18:00,43.3191413879395,-8.86878967285156,"Male"
"6018401",371833,2025-05-25 04:28:00,43.3191184997559,-8.86881351470947,"Male"
"6018401",371833,2025-05-25 04:38:00,43.3191375732422,-8.86878108978271,"Male"
"6018401",371833,2025-05-25 04:48:00,43.3191032409668,-8.86876964569092,"Male"
"6018401",371833,2025-05-25 04:58:00,43.3190650939941,-8.86874294281006,"Male"
"6018401",371833,2025-05-25 05:08:05,43.3192558288574,-8.86881065368652,"Male"
"6018401",371833,2025-05-25 05:18:01,43.3192253112793,-8.86878395080566,"Male"
"6018401",371833,2025-05-25 05:27:58,43.318977355957,-8.86856842041016,"Male"
"6018401",371833,2025-05-25 05:38:04,43.319149017334,-8.86863040924072,"Male"
"6018401",371833,2025-05-25 05:48:02,43.3191871643066,-8.86863422393799,"Male"
"6018401",371833,2025-05-25 05:58:07,43.3191337585449,-8.86852264404297,"Male"
"6018401",371833,2025-05-25 06:08:00,43.3192291259766,-8.86872386932373,"Male"
"6018401",371833,2025-05-25 06:17:58,43.3191795349121,-8.86878776550293,"Male"
"6018401",371833,2025-05-25 06:27:58,43.319164276123,-8.86878681182861,"Male"
"6018401",371833,2025-05-25 06:38:00,43.3191757202148,-8.86873722076416,"Male"
"6018401",371833,2025-05-25 06:48:00,43.3191604614258,-8.86874198913574,"Male"
"6018401",371833,2025-05-25 06:58:01,43.3191566467285,-8.86867046356201,"Male"
"6018401",371833,2025-05-25 07:08:01,43.3191413879395,-8.86859607696533,"Male"
"6018401",371833,2025-05-25 07:18:02,43.3191604614258,-8.86861991882324,"Male"
"6018401",371833,2025-05-25 07:28:00,43.3190994262695,-8.8686580657959,"Male"
"6018401",371833,2025-05-25 07:38:01,43.3190498352051,-8.86863327026367,"Male"
"6018401",371833,2025-05-25 07:48:00,43.3191566467285,-8.86849594116211,"Male"
"6018401",371833,2025-05-25 07:58:10,43.3192024230957,-8.86859226226807,"Male"
"6018401",371833,2025-05-25 08:08:06,43.3190498352051,-8.86835956573486,"Male"
"6018401",371833,2025-05-25 08:17:57,43.3194694519043,-8.8675479888916,"Male"
"6018401",371833,2025-05-25 08:27:57,43.3193283081055,-8.86766910552979,"Male"
"6018401",371833,2025-05-25 08:38:05,43.3191299438477,-8.86813068389893,"Male"
"6018401",371833,2025-05-25 08:48:09,43.3196449279785,-8.8681697845459,"Male"
"6018401",371833,2025-05-25 08:58:11,43.3192825317383,-8.86865043640137,"Male"
"6018401",371833,2025-05-25 09:08:04,43.3191108703613,-8.86897373199463,"Male"
"6018401",371833,2025-05-25 09:18:06,43.3191757202148,-8.86930751800537,"Male"
"6018401",371833,2025-05-25 09:28:00,43.3191223144531,-8.86908054351807,"Male"
"6018401",371833,2025-05-25 09:37:59,43.3196754455566,-8.87059307098389,"Male"
"6018401",371833,2025-05-25 09:48:12,43.3193778991699,-8.86925983428955,"Male"
"6018401",371833,2025-05-25 09:58:00,43.3195037841797,-8.86985778808594,"Male"
"6018401",371833,2025-05-25 10:08:00,43.3192520141602,-8.86918067932129,"Male"
"6018401",371833,2025-05-25 10:18:01,43.3193626403809,-8.86927509307861,"Male"
"6018401",371833,2025-05-25 10:28:07,43.3193206787109,-8.86934661865234,"Male"
"6018401",371833,2025-05-25 10:38:11,43.3189506530762,-8.86840152740479,"Male"
"6018401",371833,2025-05-25 10:48:01,43.3191184997559,-8.86874103546143,"Male"
"6018401",371833,2025-05-25 10:58:07,43.3189582824707,-8.86858654022217,"Male"
"6018401",371833,2025-05-25 11:08:12,43.3189468383789,-8.86859893798828,"Male"
"6018401",371833,2025-05-25 11:18:07,43.3188934326172,-8.86852645874023,"Male"
"6018401",371833,2025-05-25 11:28:07,43.319206237793,-8.86877250671387,"Male"
"6018401",371833,2025-05-25 11:38:29,43.3190040588379,-8.86861228942871,"Male"
"6018401",371833,2025-05-25 11:47:56,43.3190383911133,-8.86867427825928,"Male"
"6018401",371833,2025-05-25 11:57:57,43.3190803527832,-8.86862182617188,"Male"
"6018401",371833,2025-05-25 12:07:57,43.3190498352051,-8.86856746673584,"Male"
"6018401",371833,2025-05-25 12:17:58,43.319034576416,-8.86852645874023,"Male"
"6018401",371833,2025-05-25 12:27:57,43.319034576416,-8.86850738525391,"Male"
"6018401",371833,2025-05-25 12:37:57,43.3190689086914,-8.8683032989502,"Male"
"6018401",371833,2025-05-25 12:47:57,43.3190612792969,-8.86832141876221,"Male"
"6018401",371833,2025-05-25 12:57:57,43.319034576416,-8.86832046508789,"Male"
"6018401",371833,2025-05-25 13:07:58,43.3190155029297,-8.86814880371094,"Male"
"6018401",371833,2025-05-25 13:17:57,43.3189010620117,-8.86800193786621,"Male"
"6018401",371833,2025-05-25 13:27:59,43.3193321228027,-8.8687572479248,"Male"
"6018401",371833,2025-05-25 13:38:06,43.3192291259766,-8.8685474395752,"Male"
"6018401",371833,2025-05-25 13:48:00,43.3194046020508,-8.86876010894775,"Male"
"6018401",371833,2025-05-25 13:58:04,43.3192558288574,-8.86860370635986,"Male"
"6018401",371833,2025-05-25 14:08:29,43.3191795349121,-8.86843490600586,"Male"
"6018401",371833,2025-05-25 14:17:59,43.3191223144531,-8.8685359954834,"Male"
"6018401",371833,2025-05-25 14:27:58,43.319206237793,-8.86853885650635,"Male"
"6018401",371833,2025-05-25 14:37:57,43.3190307617188,-8.86859512329102,"Male"
"6018401",371833,2025-05-25 14:48:10,43.3190231323242,-8.86861038208008,"Male"
"6018401",371833,2025-05-25 14:57:55,43.3190994262695,-8.86861896514893,"Male"
"6018401",371833,2025-05-25 15:07:55,43.319034576416,-8.86853504180908,"Male"
"6018401",371833,2025-05-25 15:17:56,43.3190116882324,-8.86844730377197,"Male"
"6018401",371833,2025-05-25 15:27:55,43.3192443847656,-8.86870861053467,"Male"
"6018401",371833,2025-05-25 15:37:55,43.3194160461426,-8.86893177032471,"Male"
"6018401",371833,2025-05-25 15:48:12,43.3191108703613,-8.86864566802979,"Male"
"6018401",371833,2025-05-25 15:57:57,43.3191719055176,-8.86863613128662,"Male"
"6018401",371833,2025-05-25 16:07:56,43.3186683654785,-8.86833190917969,"Male"
"6018401",371833,2025-05-25 16:17:56,43.3189125061035,-8.86842441558838,"Male"
"6018401",371833,2025-05-25 16:27:57,43.3189735412598,-8.86854457855225,"Male"
"6018401",371833,2025-05-25 16:37:57,43.3188858032227,-8.86844158172607,"Male"
"6018401",371833,2025-05-25 16:48:14,43.3190307617188,-8.86848163604736,"Male"
"6018401",371833,2025-05-25 16:57:57,43.3189735412598,-8.86846828460693,"Male"
"6018401",371833,2025-05-25 17:07:57,43.3190307617188,-8.86855602264404,"Male"
"6018401",371833,2025-05-25 17:17:58,43.318977355957,-8.86843013763428,"Male"
"6018401",371833,2025-05-25 17:28:27,43.3189697265625,-8.86848640441895,"Male"
"6018401",371833,2025-05-25 17:37:59,43.31884765625,-8.86831378936768,"Male"
"6018401",371833,2025-05-25 17:48:09,43.320068359375,-8.86932182312012,"Male"
"6018401",371833,2025-05-25 17:58:11,43.319164276123,-8.8685998916626,"Male"
"6018401",371833,2025-05-25 18:07:59,43.3191528320312,-8.86862850189209,"Male"
"6018401",371833,2025-05-25 18:18:00,43.3191413879395,-8.86863994598389,"Male"
"6018401",371833,2025-05-25 18:28:04,43.3190994262695,-8.86865425109863,"Male"
"6018401",371833,2025-05-25 18:38:11,43.3190994262695,-8.86860942840576,"Male"
"6018401",371833,2025-05-25 18:48:06,43.3188934326172,-8.86851596832275,"Male"
"6018401",371833,2025-05-25 18:58:06,43.3190078735352,-8.86860942840576,"Male"
"6018401",371833,2025-05-25 19:08:06,43.318920135498,-8.86851215362549,"Male"
"6018401",371833,2025-05-25 19:18:03,43.3190574645996,-8.86862277984619,"Male"
"6018401",371833,2025-05-25 19:28:04,43.3189163208008,-8.86855602264404,"Male"
"6018401",371833,2025-05-25 19:38:14,43.3191261291504,-8.86859130859375,"Male"
"6018401",371833,2025-05-25 19:47:57,43.3194885253906,-8.86908721923828,"Male"
"6018401",371833,2025-05-25 19:57:58,43.3191604614258,-8.86872291564941,"Male"
"6018401",371833,2025-05-25 20:08:03,43.3191032409668,-8.86858940124512,"Male"
"6018401",371833,2025-05-25 20:17:56,43.3192253112793,-8.86861133575439,"Male"
"6018401",371833,2025-05-25 20:27:59,43.3192863464355,-8.86914920806885,"Male"
"6018401",371833,2025-05-25 20:38:35,43.3190383911133,-8.86853313446045,"Male"
"6018401",371833,2025-05-25 20:47:55,43.3191070556641,-8.86867809295654,"Male"
"6018401",371833,2025-05-25 20:57:58,43.3190803527832,-8.86869812011719,"Male"
"6018401",371833,2025-05-25 21:07:58,43.3195686340332,-8.86937236785889,"Male"
"6018401",371833,2025-05-25 21:17:55,43.319091796875,-8.86865234375,"Male"
"6018401",371833,2025-05-25 21:27:55,43.3188896179199,-8.86838245391846,"Male"
"6018401",371833,2025-05-25 21:38:06,43.3190078735352,-8.86862564086914,"Male"
"6018401",371833,2025-05-25 21:48:06,43.3190460205078,-8.86861991882324,"Male"
"6018401",371833,2025-05-25 21:58:00,43.319164276123,-8.8689432144165,"Male"
"6018401",371833,2025-05-25 22:08:00,43.3192749023438,-8.86921691894531,"Male"
"6018401",371833,2025-05-25 22:17:59,43.3189239501953,-8.86834335327148,"Male"
"6018401",371833,2025-05-25 22:28:04,43.3189506530762,-8.86830425262451,"Male"
"6018401",371833,2025-05-25 22:38:16,43.3188514709473,-8.86807632446289,"Male"
"6018401",371833,2025-05-25 22:47:59,43.318904876709,-8.8681812286377,"Male"
"6018401",371833,2025-05-25 22:58:16,43.3189163208008,-8.86832904815674,"Male"
"6018401",371833,2025-05-25 23:08:13,43.3188018798828,-8.86805629730225,"Male"
"6018401",371833,2025-05-25 23:18:06,43.318660736084,-8.86782932281494,"Male"
"6018401",371833,2025-05-25 23:28:30,43.318790435791,-8.86810207366943,"Male"
"6018401",371833,2025-05-25 23:38:08,43.3189468383789,-8.86836719512939,"Male"
"6018401",371833,2025-05-25 23:48:29,43.3190116882324,-8.86850643157959,"Male"
"6018401",371833,2025-05-25 23:57:57,43.3190460205078,-8.86856365203857,"Male"
"6018401",371833,2025-05-26 00:08:04,43.3190231323242,-8.86855316162109,"Male"
"6018401",371833,2025-05-26 00:18:14,43.319019317627,-8.86856269836426,"Male"
"6018401",371833,2025-05-26 00:28:00,43.3202896118164,-8.8655424118042,"Male"
"6018401",371833,2025-05-26 00:37:59,43.3193550109863,-8.86778450012207,"Male"
"6018401",371833,2025-05-26 00:48:26,43.3189926147461,-8.8685359954834,"Male"
"6018401",371833,2025-05-26 00:57:55,43.3189697265625,-8.86851024627686,"Male"
"6018402",371849,2025-05-14 16:09:03,43.357738494873,-8.84243774414062,"Female"
"6018402",371849,2025-05-14 16:13:02,43.3578224182129,-8.84249210357666,"Female"
"6018402",371849,2025-05-14 16:18:06,43.3577003479004,-8.84267807006836,"Female"
"6018402",371849,2025-05-14 16:23:03,43.3577728271484,-8.84246253967285,"Female"
"6018402",371849,2025-05-14 16:28:06,43.3578796386719,-8.84250450134277,"Female"
"6018402",371849,2025-05-14 16:32:50,43.357593536377,-8.84567165374756,"Female"
"6018402",371849,2025-05-14 16:37:50,43.3583564758301,-8.84639739990234,"Female"
"6018402",371849,2025-05-14 16:42:50,43.3584251403809,-8.84637355804443,"Female"
"6018402",371849,2025-05-14 16:47:49,43.3584136962891,-8.84637260437012,"Female"
"6018402",371849,2025-05-14 16:52:50,43.3583984375,-8.84633922576904,"Female"
"6018402",371849,2025-05-14 16:58:13,43.3577575683594,-8.84485626220703,"Female"
"6018402",371849,2025-05-14 17:02:59,43.3577156066895,-8.84484004974365,"Female"
"6018402",371849,2025-05-14 17:07:49,43.3614234924316,-8.84777164459229,"Female"
"6018402",371849,2025-05-14 17:12:50,43.371223449707,-8.86110401153564,"Female"
"6018402",371849,2025-05-14 17:17:51,43.3566932678223,-8.84568500518799,"Female"
"6018402",371849,2025-05-14 17:23:29,43.3584327697754,-8.84614753723145,"Female"
"6018402",371849,2025-05-14 17:27:49,43.3584022521973,-8.8460521697998,"Female"
"6018402",371849,2025-05-14 17:32:49,43.3584213256836,-8.84612655639648,"Female"
"6018402",371849,2025-05-14 17:37:49,43.3592376708984,-8.8458423614502,"Female"
"6018402",371849,2025-05-14 17:42:50,43.3577919006348,-8.84486675262451,"Female"
"6018402",371849,2025-05-14 17:47:50,43.3576698303223,-8.84503746032715,"Female"
"6018402",371849,2025-05-14 17:52:50,43.3575973510742,-8.84502792358398,"Female"
"6018402",371849,2025-05-14 17:57:50,43.3578567504883,-8.84474277496338,"Female"
"6018402",371849,2025-05-14 18:02:53,43.3578186035156,-8.84478855133057,"Female"
"6018402",371849,2025-05-14 18:07:48,43.3577423095703,-8.84499549865723,"Female"
"6018402",371849,2025-05-14 18:12:49,43.3578834533691,-8.84497737884521,"Female"
"6018402",371849,2025-05-14 18:17:53,43.3577537536621,-8.84498119354248,"Female"
"6018402",371849,2025-05-14 18:22:54,43.357780456543,-8.84492588043213,"Female"
"6018402",371849,2025-05-14 18:27:52,43.3577461242676,-8.84493350982666,"Female"
"6018402",371849,2025-05-14 18:32:58,43.3576774597168,-8.84481620788574,"Female"
"6018402",371849,2025-05-14 18:37:50,43.3577995300293,-8.84497928619385,"Female"
"6018402",371849,2025-05-14 18:42:52,43.3577079772949,-8.84492588043213,"Female"
"6018402",371849,2025-05-14 18:47:53,43.3577613830566,-8.8449764251709,"Female"
"6018402",371849,2025-05-14 18:52:54,43.3575820922852,-8.84480476379395,"Female"
"6018402",371849,2025-05-14 18:58:23,43.3577461242676,-8.8448657989502,"Female"
"6018402",371849,2025-05-14 19:02:50,43.3576889038086,-8.84481525421143,"Female"
"6018402",371849,2025-05-14 19:08:01,43.3577880859375,-8.84490966796875,"Female"
"6018402",371849,2025-05-14 19:12:50,43.360767364502,-8.84677410125732,"Female"
"6018402",371849,2025-05-14 19:18:05,43.3594131469727,-8.84572601318359,"Female"
"6018402",371849,2025-05-14 19:22:51,43.3564186096191,-8.84738159179688,"Female"
"6018402",371849,2025-05-14 19:28:14,43.3578186035156,-8.84482574462891,"Female"
"6018402",371849,2025-05-14 19:32:55,43.3578414916992,-8.84485816955566,"Female"
"6018402",371849,2025-05-14 19:37:51,43.3577346801758,-8.84445667266846,"Female"
"6018402",371849,2025-05-14 19:43:05,43.357780456543,-8.84482860565186,"Female"
"6018402",371849,2025-05-14 19:48:14,43.3577156066895,-8.84482479095459,"Female"
"6018402",371849,2025-05-14 19:53:35,43.357780456543,-8.84485912322998,"Female"
"6018402",371849,2025-05-14 19:57:49,43.3578491210938,-8.84485530853271,"Female"
"6018402",371849,2025-05-14 20:02:49,43.3578720092773,-8.84484767913818,"Female"
"6018402",371849,2025-05-14 20:07:51,43.3578643798828,-8.84495162963867,"Female"
"6018402",371849,2025-05-14 20:12:50,43.3578186035156,-8.84494972229004,"Female"
"6018402",371849,2025-05-14 20:17:50,43.3578834533691,-8.84483909606934,"Female"
"6018402",371849,2025-05-14 20:22:49,43.3578300476074,-8.84485721588135,"Female"
"6018402",371849,2025-05-14 20:27:49,43.3578414916992,-8.84484481811523,"Female"
"6018402",371849,2025-05-14 20:32:52,43.3577995300293,-8.84503078460693,"Female"
"6018402",371849,2025-05-14 20:37:49,43.3578414916992,-8.84494876861572,"Female"
"6018402",371849,2025-05-14 20:42:50,43.357837677002,-8.84484195709229,"Female"
"6018402",371849,2025-05-14 20:47:49,43.3578300476074,-8.84497547149658,"Female"
"6018402",371849,2025-05-14 20:52:52,43.357795715332,-8.84474086761475,"Female"
"6018402",371849,2025-05-14 20:57:53,43.3577651977539,-8.84493732452393,"Female"
"6018402",371849,2025-05-14 21:02:50,43.357723236084,-8.84481143951416,"Female"
"6018402",371849,2025-05-14 21:07:50,43.3578109741211,-8.84489440917969,"Female"
"6018402",371849,2025-05-14 21:12:50,43.3577880859375,-8.84490776062012,"Female"
"6018402",371849,2025-05-14 21:17:52,43.3577346801758,-8.84482288360596,"Female"
"6018402",371849,2025-05-14 21:22:51,43.3577156066895,-8.84489727020264,"Female"
"6018402",371849,2025-05-14 21:27:51,43.357780456543,-8.84486484527588,"Female"
"6018402",371849,2025-05-14 21:33:04,43.3579864501953,-8.84522247314453,"Female"
"6018402",371849,2025-05-14 21:38:13,43.3578262329102,-8.84501934051514,"Female"
"6018402",371849,2025-05-14 21:42:49,43.3576278686523,-8.84487247467041,"Female"
"6018402",371849,2025-05-14 21:47:50,43.3577690124512,-8.84473514556885,"Female"
"6018402",371849,2025-05-14 21:52:50,43.3577003479004,-8.84492492675781,"Female"
"6018402",371849,2025-05-14 21:57:49,43.3577003479004,-8.84515762329102,"Female"
"6018402",371849,2025-05-14 22:02:50,43.3576545715332,-8.84472370147705,"Female"
"6018402",371849,2025-05-14 22:07:54,43.3577346801758,-8.84488201141357,"Female"
"6018402",371849,2025-05-14 22:12:52,43.3577537536621,-8.8449068069458,"Female"
"6018402",371849,2025-05-14 22:17:50,43.3578071594238,-8.84506225585938,"Female"
"6018402",371849,2025-05-14 22:22:50,43.3578033447266,-8.84516429901123,"Female"
"6018402",371849,2025-05-14 22:27:51,43.3578109741211,-8.84511184692383,"Female"
"6018402",371849,2025-05-14 22:33:14,43.3578071594238,-8.8449125289917,"Female"
"6018402",371849,2025-05-14 22:37:53,43.357780456543,-8.84478378295898,"Female"
"6018402",371849,2025-05-14 22:42:52,43.3579483032227,-8.84494495391846,"Female"
"6018402",371849,2025-05-14 22:47:53,43.3578033447266,-8.8448657989502,"Female"
"6018402",371849,2025-05-14 22:52:50,43.3577613830566,-8.84492492675781,"Female"
"6018402",371849,2025-05-14 22:57:50,43.3577423095703,-8.84479236602783,"Female"
"6018402",371849,2025-05-14 23:02:50,43.3577613830566,-8.84475898742676,"Female"
"6018402",371849,2025-05-14 23:07:54,43.3579368591309,-8.84537982940674,"Female"
"6018402",371849,2025-05-14 23:13:19,43.3578300476074,-8.84495162963867,"Female"
"6018402",371849,2025-05-14 23:18:17,43.3578987121582,-8.8452615737915,"Female"
"6018402",371849,2025-05-14 23:23:18,43.3579559326172,-8.845290184021,"Female"
"6018402",371849,2025-05-14 23:28:14,43.3580093383789,-8.84570503234863,"Female"
"6018402",371849,2025-05-14 23:33:17,43.3579483032227,-8.84550857543945,"Female"
"6018402",371849,2025-05-14 23:38:20,43.357852935791,-8.84434986114502,"Female"
"6018402",371849,2025-05-14 23:43:18,43.3580589294434,-8.84573268890381,"Female"
"6018402",371849,2025-05-14 23:48:19,43.3579330444336,-8.8452033996582,"Female"
"6018402",371849,2025-05-14 23:53:18,43.3580131530762,-8.8453311920166,"Female"
"6018402",371849,2025-05-14 23:58:29,43.3580131530762,-8.84441757202148,"Female"
"6018402",371849,2025-05-15 00:03:16,43.357982635498,-8.84434223175049,"Female"
"6018402",371849,2025-05-15 00:08:22,43.3580703735352,-8.84429359436035,"Female"
"6018402",371849,2025-05-15 00:13:25,43.3580436706543,-8.84432697296143,"Female"
"6018402",371849,2025-05-15 00:18:36,43.3580932617188,-8.84462070465088,"Female"
"6018402",371849,2025-05-15 00:23:15,43.3581733703613,-8.84456539154053,"Female"
"6018402",371849,2025-05-15 00:28:14,43.3581695556641,-8.84451580047607,"Female"
"6018402",371849,2025-05-15 00:33:14,43.3581352233887,-8.84445285797119,"Female"
"6018402",371849,2025-05-15 00:38:19,43.3577690124512,-8.84481239318848,"Female"
"6018402",371849,2025-05-15 00:43:15,43.3577194213867,-8.84480476379395,"Female"
"6018402",371849,2025-05-15 00:48:15,43.357780456543,-8.84479236602783,"Female"
"6018402",371849,2025-05-15 00:53:14,43.357723236084,-8.84475994110107,"Female"
"6018402",371849,2025-05-15 00:58:14,43.357593536377,-8.8447847366333,"Female"
"6018402",371849,2025-05-15 01:03:14,43.3575592041016,-8.84493827819824,"Female"
"6018402",371849,2025-05-15 01:08:15,43.3575897216797,-8.84469413757324,"Female"
"6018402",371849,2025-05-15 01:13:15,43.3577575683594,-8.84479331970215,"Female"
"6018402",371849,2025-05-15 01:18:15,43.357551574707,-8.84471416473389,"Female"
"6018402",371849,2025-05-15 01:23:17,43.357536315918,-8.84480094909668,"Female"
"6018402",371849,2025-05-15 01:28:17,43.3573112487793,-8.84473896026611,"Female"
"6018402",371849,2025-05-15 01:33:15,43.3572883605957,-8.84483337402344,"Female"
"6018402",371849,2025-05-15 01:38:15,43.3570709228516,-8.84475803375244,"Female"
"6018402",371849,2025-05-15 01:43:16,43.3570938110352,-8.84474945068359,"Female"
"6018402",371849,2025-05-15 01:48:16,43.3572692871094,-8.84461402893066,"Female"
"6018402",371849,2025-05-15 01:53:16,43.3570899963379,-8.84472846984863,"Female"
"6018402",371849,2025-05-15 01:58:25,43.3571548461914,-8.84475040435791,"Female"
"6018402",371849,2025-05-15 02:03:28,43.3572769165039,-8.84475994110107,"Female"
"6018402",371849,2025-05-15 02:08:14,43.3571395874023,-8.84462833404541,"Female"
"6018402",371849,2025-05-15 02:13:15,43.3571929931641,-8.8446683883667,"Female"
"6018402",371849,2025-05-15 02:18:16,43.3572082519531,-8.84466648101807,"Female"
"6018402",371849,2025-05-15 02:23:16,43.3571281433105,-8.84457778930664,"Female"
"6018402",371849,2025-05-15 02:28:15,43.3570899963379,-8.84457302093506,"Female"
"6018402",371849,2025-05-15 02:33:15,43.3571662902832,-8.84463691711426,"Female"
"6018402",371849,2025-05-15 02:38:25,43.3570938110352,-8.84448432922363,"Female"
"6018402",371849,2025-05-15 02:43:25,43.3571472167969,-8.84444999694824,"Female"
"6018402",371849,2025-05-15 02:48:25,43.357177734375,-8.84446907043457,"Female"
"6018402",371849,2025-05-15 02:53:25,43.3571968078613,-8.84451580047607,"Female"
"6018402",371849,2025-05-15 02:58:27,43.3572196960449,-8.84452056884766,"Female"
"6018402",371849,2025-05-15 03:03:35,43.3572731018066,-8.84454441070557,"Female"
"6018402",371849,2025-05-15 03:08:44,43.3574028015137,-8.84475231170654,"Female"
"6018402",371849,2025-05-15 03:13:14,43.3574562072754,-8.84476375579834,"Female"
"6018402",371849,2025-05-15 03:18:14,43.357421875,-8.84475612640381,"Female"
"6018402",371849,2025-05-15 03:23:13,43.3574028015137,-8.84483337402344,"Female"
"6018402",371849,2025-05-15 03:28:14,43.3574104309082,-8.8447437286377,"Female"
"6018402",371849,2025-05-15 03:33:14,43.3574523925781,-8.84476661682129,"Female"
"6018402",371849,2025-05-15 03:38:13,43.3573417663574,-8.84469413757324,"Female"
"6018402",371849,2025-05-15 03:43:15,43.3574104309082,-8.84480857849121,"Female"
"6018402",371849,2025-05-15 03:48:26,43.3574409484863,-8.84471893310547,"Female"
"6018402",371849,2025-05-15 03:53:15,43.3574447631836,-8.84486389160156,"Female"
"6018402",371849,2025-05-15 03:58:26,43.3575172424316,-8.84478187561035,"Female"
"6018402",371849,2025-05-15 04:03:17,43.3575668334961,-8.84466934204102,"Female"
"6018402",371849,2025-05-15 04:08:23,43.3574829101562,-8.84477043151855,"Female"
"6018402",371849,2025-05-15 04:13:56,43.3574829101562,-8.84479808807373,"Female"
"6018402",371849,2025-05-15 04:18:14,43.3578834533691,-8.84484481811523,"Female"
"6018402",371849,2025-05-15 04:23:16,43.3578109741211,-8.8448657989502,"Female"
"6018402",371849,2025-05-15 04:28:25,43.3578758239746,-8.84482669830322,"Female"
"6018402",371849,2025-05-15 04:33:16,43.3575820922852,-8.8448429107666,"Female"
"6018402",371849,2025-05-15 04:38:16,43.3577346801758,-8.84479713439941,"Female"
"6018402",371849,2025-05-15 04:43:15,43.356803894043,-8.84586715698242,"Female"
"6018402",371849,2025-05-15 04:48:25,43.3318367004395,-8.85195541381836,"Female"
"6018402",371849,2025-05-15 04:53:17,43.3160171508789,-8.85801029205322,"Female"
"6018402",371849,2025-05-15 04:58:14,43.3113441467285,-8.85598850250244,"Female"
"6018402",371849,2025-05-15 05:03:18,43.3010139465332,-8.86780738830566,"Female"
"6018402",371849,2025-05-15 05:08:18,43.2969207763672,-8.85647583007812,"Female"
"6018402",371849,2025-05-15 05:13:20,43.2968864440918,-8.85631561279297,"Female"
"6018402",371849,2025-05-15 05:19:05,43.2971382141113,-8.85628223419189,"Female"
"6018402",371849,2025-05-15 05:23:35,43.2969551086426,-8.85597801208496,"Female"
"6018402",371849,2025-05-15 05:28:13,43.2938003540039,-8.86284732818604,"Female"
"6018402",371849,2025-05-15 05:33:16,43.2881698608398,-8.8690242767334,"Female"
"6018402",371849,2025-05-15 05:38:16,43.2880897521973,-8.86915302276611,"Female"
"6018402",371849,2025-05-15 05:43:14,43.2884254455566,-8.86868286132812,"Female"
"6018402",371849,2025-05-15 05:48:13,43.2880210876465,-8.86880111694336,"Female"
"6018402",371849,2025-05-15 05:53:13,43.2873306274414,-8.87131595611572,"Female"
"6018402",371849,2025-05-15 05:58:14,43.2873268127441,-8.87115859985352,"Female"
"6018402",371849,2025-05-15 06:03:15,43.2873153686523,-8.87091732025146,"Female"
"6018402",371849,2025-05-15 06:08:14,43.2873954772949,-8.870774269104,"Female"
"6018402",371849,2025-05-15 06:13:14,43.2871017456055,-8.87062835693359,"Female"
"6018402",371849,2025-05-15 06:18:16,43.2874984741211,-8.87109375,"Female"
"6018402",371849,2025-05-15 06:23:14,43.2872695922852,-8.87076091766357,"Female"
"6018402",371849,2025-05-15 06:28:15,43.2876396179199,-8.87099742889404,"Female"
"6018402",371849,2025-05-15 06:33:18,43.2859992980957,-8.86963367462158,"Female"
"6018402",371849,2025-05-15 06:38:24,43.2864875793457,-8.86853218078613,"Female"
"6018402",371849,2025-05-15 06:44:14,43.2865905761719,-8.86850357055664,"Female"
"6018402",371849,2025-05-15 06:48:13,43.2866172790527,-8.86875343322754,"Female"
"6018402",371849,2025-05-15 06:53:16,43.2866668701172,-8.86887359619141,"Female"
"6018402",371849,2025-05-15 06:58:14,43.2862319946289,-8.8682336807251,"Female"
"6018402",371849,2025-05-15 07:03:14,43.2864456176758,-8.86825656890869,"Female"
"6018402",371849,2025-05-15 07:08:14,43.2863845825195,-8.86996173858643,"Female"
"6018402",371849,2025-05-15 07:13:14,43.2864799499512,-8.87010860443115,"Female"
"6018402",371849,2025-05-15 07:18:14,43.2864112854004,-8.87002563476562,"Female"
"6018402",371849,2025-05-15 07:23:14,43.286262512207,-8.86969947814941,"Female"
"6018402",371849,2025-05-15 07:28:14,43.2863616943359,-8.86994457244873,"Female"
"6018402",371849,2025-05-15 07:33:14,43.2861709594727,-8.8696346282959,"Female"
"6018402",371849,2025-05-15 07:38:14,43.2862396240234,-8.86974239349365,"Female"
"6018402",371849,2025-05-15 07:43:14,43.2860984802246,-8.86951732635498,"Female"
"6018402",371849,2025-05-15 07:48:14,43.276050567627,-8.87850570678711,"Female"
"6018402",371849,2025-05-15 07:53:14,43.2768936157227,-8.8789644241333,"Female"
"6018402",371849,2025-05-15 07:58:14,43.2768173217773,-8.87877368927002,"Female"
"6018402",371849,2025-05-15 08:03:14,43.275707244873,-8.87898063659668,"Female"
"6018402",371849,2025-05-15 08:08:14,43.2755355834961,-8.88332748413086,"Female"
"6018402",371849,2025-05-15 08:13:14,43.2756385803223,-8.88324928283691,"Female"
"6018402",371849,2025-05-15 08:18:14,43.2757301330566,-8.88346099853516,"Female"
"6018402",371849,2025-05-15 08:23:14,43.2757568359375,-8.88345909118652,"Female"
"6018402",371849,2025-05-15 08:28:14,43.2758026123047,-8.8835620880127,"Female"
"6018402",371849,2025-05-15 08:33:14,43.2757415771484,-8.88346195220947,"Female"
"6018402",371849,2025-05-15 08:38:14,43.2758178710938,-8.88345050811768,"Female"
"6018402",371849,2025-05-15 08:43:14,43.2757873535156,-8.88339614868164,"Female"
"6018402",371849,2025-05-15 08:48:14,43.275806427002,-8.88339042663574,"Female"
"6018402",371849,2025-05-15 08:53:14,43.2758445739746,-8.883469581604,"Female"
"6018402",371849,2025-05-15 08:58:14,43.2758941650391,-8.88352394104004,"Female"
"6018402",371849,2025-05-15 09:03:14,43.2739219665527,-8.88285255432129,"Female"
"6018402",371849,2025-05-15 09:08:14,43.2771797180176,-8.88268566131592,"Female"
"6018402",371849,2025-05-15 09:13:14,43.2770805358887,-8.88280868530273,"Female"
"6018402",371849,2025-05-15 09:18:14,43.2769508361816,-8.88244247436523,"Female"
"6018402",371849,2025-05-15 09:23:15,43.2770919799805,-8.88252353668213,"Female"
"6018402",371849,2025-05-15 09:28:14,43.2772827148438,-8.88304901123047,"Female"
"6018402",371849,2025-05-15 09:33:14,43.2771415710449,-8.88241195678711,"Female"
"6018402",371849,2025-05-15 09:38:14,43.2767448425293,-8.88236713409424,"Female"
"6018402",371849,2025-05-15 09:43:14,43.2772827148438,-8.88261032104492,"Female"
"6018402",371849,2025-05-15 09:48:14,43.2769203186035,-8.88255500793457,"Female"
"6018402",371849,2025-05-15 09:53:14,43.2801666259766,-8.87727642059326,"Female"
"6018402",371849,2025-05-15 09:58:14,43.2895126342773,-8.86640548706055,"Female"
"6018402",371849,2025-05-15 10:03:14,43.293830871582,-8.86204624176025,"Female"
"6018402",371849,2025-05-15 10:08:14,43.2995948791504,-8.86504364013672,"Female"
"6018402",371849,2025-05-15 10:13:14,43.3146324157715,-8.85662174224854,"Female"
"6018402",371849,2025-05-15 10:18:14,43.3147163391113,-8.85730457305908,"Female"
"6018402",371849,2025-05-15 10:23:14,43.314640045166,-8.85727119445801,"Female"
"6018402",371849,2025-05-15 10:28:14,43.3146476745605,-8.85726356506348,"Female"
"6018402",371849,2025-05-15 10:33:14,43.3133239746094,-8.85769653320312,"Female"
"6018402",371849,2025-05-15 10:38:14,43.3048629760742,-8.85449600219727,"Female"
"6018402",371849,2025-05-15 10:43:14,43.2933387756348,-8.83680534362793,"Female"
"6018402",371849,2025-05-15 10:48:14,43.2740936279297,-8.83822727203369,"Female"
"6018402",371849,2025-05-15 10:53:14,43.273754119873,-8.83917331695557,"Female"
"6018402",371849,2025-05-15 10:58:14,43.2742652893066,-8.83835220336914,"Female"
"6018402",371849,2025-05-15 11:03:14,43.2771949768066,-8.83333778381348,"Female"
"6018402",371849,2025-05-15 11:08:14,43.277214050293,-8.83339595794678,"Female"
"6018402",371849,2025-05-15 11:15:06,43.2767715454102,-8.83348751068115,"Female"
"6018402",371849,2025-05-15 11:20:06,43.2768707275391,-8.83321666717529,"Female"
"6018402",371849,2025-05-15 11:25:06,43.2768516540527,-8.8334789276123,"Female"
"6018402",371849,2025-05-15 11:30:07,43.276912689209,-8.83325290679932,"Female"
"6018402",371849,2025-05-15 11:35:06,43.2769622802734,-8.83318614959717,"Female"
"6018402",371849,2025-05-15 11:40:06,43.2724952697754,-8.83796501159668,"Female"
"6018402",371849,2025-05-15 11:45:06,43.2673645019531,-8.83826541900635,"Female"
"6018402",371849,2025-05-15 11:50:06,43.2538299560547,-8.81374168395996,"Female"
"6018402",371849,2025-05-15 11:55:06,43.2374000549316,-8.79984188079834,"Female"
"6018402",371849,2025-05-15 12:00:06,43.2197380065918,-8.78445625305176,"Female"
"6018402",371849,2025-05-15 12:05:07,43.2270317077637,-8.78960037231445,"Female"
"6018402",371849,2025-05-15 12:10:07,43.2312355041504,-8.80384922027588,"Female"
"6018402",371849,2025-05-15 12:15:07,43.243522644043,-8.82295989990234,"Female"
"6018402",371849,2025-05-15 12:20:09,43.2612571716309,-8.848801612854,"Female"
"6018402",371849,2025-05-15 12:25:06,43.2729835510254,-8.83952522277832,"Female"
"6018402",371849,2025-05-15 12:30:05,43.2744941711426,-8.8377685546875,"Female"
"6018402",371849,2025-05-15 12:35:05,43.2848777770996,-8.86630153656006,"Female"
"6018402",371849,2025-05-15 12:40:06,43.3018188476562,-8.86869144439697,"Female"
"6018402",371849,2025-05-15 12:45:07,43.3017234802246,-8.86872482299805,"Female"
"6018402",371849,2025-05-15 12:50:06,43.301830291748,-8.86874771118164,"Female"
"6018402",371849,2025-05-15 12:55:06,43.3018226623535,-8.86889266967773,"Female"
"6018402",371849,2025-05-15 13:00:06,43.301815032959,-8.86879539489746,"Female"
"6018402",371849,2025-05-15 13:05:05,43.3017883300781,-8.86889839172363,"Female"
"6018402",371849,2025-05-15 13:10:05,43.3016891479492,-8.86894702911377,"Female"
"6018402",371849,2025-05-15 13:15:05,43.3000984191895,-8.86403465270996,"Female"
"6018402",371849,2025-05-15 13:20:05,43.3001861572266,-8.86355590820312,"Female"
"6018402",371849,2025-05-15 13:25:05,43.3000602722168,-8.86352634429932,"Female"
"6018402",371849,2025-05-15 13:30:05,43.3001518249512,-8.86373996734619,"Female"
"6018402",371849,2025-05-15 13:35:05,43.2967681884766,-8.86325645446777,"Female"
"6018402",371849,2025-05-15 13:40:05,43.2933311462402,-8.86509418487549,"Female"
"6018402",371849,2025-05-15 13:45:05,43.2934761047363,-8.86499977111816,"Female"
"6018402",371849,2025-05-15 13:50:05,43.2936058044434,-8.86515045166016,"Female"
"6018402",371849,2025-05-15 13:55:05,43.2934074401855,-8.86517238616943,"Female"
"6018402",371849,2025-05-15 14:00:05,43.2955932617188,-8.86510848999023,"Female"
"6018402",371849,2025-05-15 14:05:04,43.3033981323242,-8.85958194732666,"Female"
"6018402",371849,2025-05-15 14:10:05,43.3142623901367,-8.85697364807129,"Female"
"6018402",371849,2025-05-15 14:15:06,43.3144683837891,-8.85681629180908,"Female"
"6018402",371849,2025-05-15 14:20:05,43.3144683837891,-8.85686588287354,"Female"
"6018402",371849,2025-05-15 14:25:04,43.3151435852051,-8.85703182220459,"Female"
"6018402",371849,2025-05-15 14:30:05,43.3194046020508,-8.86457252502441,"Female"
"6018402",371849,2025-05-15 14:35:04,43.3204193115234,-8.85262870788574,"Female"
"6018402",371849,2025-05-15 14:40:04,43.3344573974609,-8.84868335723877,"Female"
"6018402",371849,2025-05-15 14:45:05,43.3528785705566,-8.84817695617676,"Female"
"6018402",371849,2025-05-15 14:50:04,43.358226776123,-8.8446216583252,"Female"
"6018402",371849,2025-05-15 14:55:04,43.3579521179199,-8.84490299224854,"Female"
"6018402",371849,2025-05-15 15:00:05,43.3580589294434,-8.84476661682129,"Female"
"6018402",371849,2025-05-15 15:05:05,43.3580207824707,-8.8448314666748,"Female"
"6018402",371849,2025-05-15 15:10:05,43.3580474853516,-8.84483051300049,"Female"
"6018402",371849,2025-05-15 15:15:05,43.3580856323242,-8.84483909606934,"Female"
"6018402",371849,2025-05-15 15:20:05,43.3581047058105,-8.84482765197754,"Female"
"6018402",371849,2025-05-15 15:25:05,43.3580856323242,-8.84485626220703,"Female"
"6018402",371849,2025-05-15 15:30:05,43.3582038879395,-8.84486961364746,"Female"
"6018402",371849,2025-05-15 15:35:05,43.3582000732422,-8.84482002258301,"Female"
"6018402",371849,2025-05-15 15:40:05,43.3419609069824,-8.84817314147949,"Female"
"6018402",371849,2025-05-15 15:45:05,43.3189888000488,-8.85190010070801,"Female"
"6018402",371849,2025-05-15 15:50:04,43.311824798584,-8.84880352020264,"Female"
"6018402",371849,2025-05-15 15:55:04,43.3102073669434,-8.84753227233887,"Female"
"6018402",371849,2025-05-15 16:00:04,43.3099250793457,-8.84733867645264,"Female"
"6018402",371849,2025-05-15 16:05:04,43.3098411560059,-8.84748458862305,"Female"
"6018402",371849,2025-05-15 16:10:04,43.3100852966309,-8.84705066680908,"Female"
"6018402",371849,2025-05-15 16:15:05,43.3103637695312,-8.84750270843506,"Female"
"6018402",371849,2025-05-15 16:20:05,43.3115921020508,-8.84854698181152,"Female"
"6018402",371849,2025-05-15 16:25:04,43.3115730285645,-8.84859180450439,"Female"
"6018402",371849,2025-05-15 16:30:04,43.3115844726562,-8.84861850738525,"Female"
"6018402",371849,2025-05-15 16:35:04,43.3100967407227,-8.84687614440918,"Female"
"6018402",371849,2025-05-15 16:40:05,43.3101501464844,-8.84707069396973,"Female"
"6018402",371849,2025-05-15 16:45:04,43.3101768493652,-8.84705638885498,"Female"
"6018402",371849,2025-05-15 16:50:05,43.3102569580078,-8.8469705581665,"Female"
"6018402",371849,2025-05-15 16:55:04,43.3186836242676,-8.85056781768799,"Female"
"6018402",371849,2025-05-15 17:00:04,43.3315696716309,-8.84659767150879,"Female"
"6018402",371849,2025-05-15 17:05:04,43.3452224731445,-8.84017467498779,"Female"
"6018402",371849,2025-05-15 17:10:04,43.3507232666016,-8.84032917022705,"Female"
"6018402",371849,2025-05-15 17:15:04,43.358268737793,-8.84511566162109,"Female"
"6018402",371849,2025-05-15 17:20:05,43.3581848144531,-8.84501266479492,"Female"
"6018402",371849,2025-05-15 17:25:05,43.3582344055176,-8.84502696990967,"Female"
"6018402",371849,2025-05-15 17:30:04,43.358268737793,-8.84497737884521,"Female"
"6018402",371849,2025-05-15 17:35:04,43.3582153320312,-8.84494686126709,"Female"
"6018402",371849,2025-05-15 17:40:05,43.3582649230957,-8.8450231552124,"Female"
"6018402",371849,2025-05-15 17:45:05,43.3581695556641,-8.84500885009766,"Female"
"6018402",371849,2025-05-15 17:50:06,43.3580436706543,-8.84484958648682,"Female"
"6018402",371849,2025-05-15 17:55:04,43.3580894470215,-8.84488677978516,"Female"
"6018402",371849,2025-05-15 18:00:04,43.3580856323242,-8.84487438201904,"Female"
"6018402",371849,2025-05-15 18:05:05,43.3579597473145,-8.84482288360596,"Female"
"6018402",371849,2025-05-15 18:10:05,43.3578643798828,-8.84473705291748,"Female"
"6018402",371849,2025-05-15 18:15:05,43.357852935791,-8.84461307525635,"Female"
"6018402",371849,2025-05-15 18:20:05,43.357780456543,-8.84473037719727,"Female"
"6018402",371849,2025-05-15 18:25:05,43.3577995300293,-8.84474182128906,"Female"
"6018402",371849,2025-05-15 18:30:05,43.3578033447266,-8.84465599060059,"Female"
"6018402",371849,2025-05-15 18:35:06,43.3578262329102,-8.84497261047363,"Female"
"6018402",371849,2025-05-15 18:40:05,43.3578262329102,-8.84463214874268,"Female"
"6018402",371849,2025-05-15 18:45:06,43.3580741882324,-8.84490489959717,"Female"
"6018402",371849,2025-05-15 18:50:06,43.3580741882324,-8.84494209289551,"Female"
"6018402",371849,2025-05-15 18:55:06,43.3580894470215,-8.84491634368896,"Female"
"6018402",371849,2025-05-15 19:00:06,43.3580932617188,-8.84487533569336,"Female"
"6018402",371849,2025-05-15 19:05:06,43.3581161499023,-8.84492683410645,"Female"
"6018402",371849,2025-05-15 19:10:06,43.3580360412598,-8.84498882293701,"Female"
"6018402",371849,2025-05-15 19:15:06,43.3580284118652,-8.84499168395996,"Female"
"6018402",371849,2025-05-15 19:20:06,43.3580856323242,-8.84496116638184,"Female"
"6018402",371849,2025-05-15 19:25:06,43.3581047058105,-8.84490585327148,"Female"
"6018402",371849,2025-05-15 19:30:06,43.3581733703613,-8.84486198425293,"Female"
"6018402",371849,2025-05-15 19:35:07,43.3581581115723,-8.84482288360596,"Female"
"6018402",371849,2025-05-15 19:40:06,43.3581581115723,-8.84489250183105,"Female"
"6018402",371849,2025-05-15 19:45:06,43.3581123352051,-8.84482765197754,"Female"
"6018402",371849,2025-05-15 19:50:05,43.3581390380859,-8.84483337402344,"Female"
"6018402",371849,2025-05-15 19:55:06,43.3581466674805,-8.84481143951416,"Female"
"6018402",371849,2025-05-15 20:00:06,43.3581275939941,-8.84483051300049,"Female"
"6018402",371849,2025-05-15 20:05:06,43.3580932617188,-8.84476852416992,"Female"
"6018402",371849,2025-05-15 20:10:06,43.3580589294434,-8.84470653533936,"Female"
"6018402",371849,2025-05-15 20:15:05,43.3582534790039,-8.84457302093506,"Female"
"6018402",371849,2025-05-15 20:20:07,43.3580513000488,-8.84481430053711,"Female"
"6018402",371849,2025-05-15 20:25:06,43.3581047058105,-8.84474658966064,"Female"
"6018402",371849,2025-05-15 20:30:06,43.3580894470215,-8.84477710723877,"Female"
"6018402",371849,2025-05-15 20:35:08,43.3580513000488,-8.8448314666748,"Female"
"6018402",371849,2025-05-15 20:40:07,43.3580169677734,-8.84479904174805,"Female"
"6018402",371849,2025-05-15 20:45:13,43.3579597473145,-8.84482002258301,"Female"
"6018402",371849,2025-05-15 20:50:06,43.3579292297363,-8.84459781646729,"Female"
"6018402",371849,2025-05-15 20:55:07,43.3579177856445,-8.84476184844971,"Female"
"6018402",371849,2025-05-15 21:00:08,43.3578796386719,-8.84479999542236,"Female"
"6018402",371849,2025-05-15 21:05:06,43.3578872680664,-8.84479999542236,"Female"
"6018402",371849,2025-05-15 21:10:07,43.3579063415527,-8.84469604492188,"Female"
"6018402",371849,2025-05-15 21:15:07,43.3579902648926,-8.84482288360596,"Female"
"6018402",371849,2025-05-15 21:20:08,43.3579559326172,-8.84490776062012,"Female"
"6018402",371849,2025-05-15 21:25:07,43.3579406738281,-8.84495258331299,"Female"
"6018402",371849,2025-05-15 21:30:12,43.3580474853516,-8.84479141235352,"Female"
"6018402",371849,2025-05-15 21:35:08,43.3580436706543,-8.84477996826172,"Female"
"6018402",371849,2025-05-15 21:40:14,43.3580131530762,-8.84474563598633,"Female"
"6018402",371849,2025-05-15 21:45:07,43.3580284118652,-8.8447208404541,"Female"
"6018402",371849,2025-05-15 21:50:06,43.3580207824707,-8.84471321105957,"Female"
"6018402",371849,2025-05-15 21:55:05,43.358024597168,-8.84463310241699,"Female"
"6018402",371849,2025-05-15 22:00:06,43.3580207824707,-8.84470653533936,"Female"
"6018402",371849,2025-05-15 22:05:08,43.3579444885254,-8.84488010406494,"Female"
"6018402",371849,2025-05-15 22:10:05,43.3580017089844,-8.84467792510986,"Female"
"6018402",371849,2025-05-15 22:15:08,43.3579597473145,-8.84497165679932,"Female"
"6018402",371849,2025-05-15 22:20:08,43.3579597473145,-8.84501075744629,"Female"
"6018402",371849,2025-05-15 22:25:08,43.358024597168,-8.84499740600586,"Female"
"6018402",371849,2025-05-15 22:30:14,43.3579635620117,-8.84503078460693,"Female"
"6018402",371849,2025-05-15 22:35:08,43.3579750061035,-8.84488010406494,"Female"
"6018402",371849,2025-05-15 22:40:08,43.3579711914062,-8.84492111206055,"Female"
"6018402",371849,2025-05-15 22:45:08,43.3580360412598,-8.84497165679932,"Female"
"6018402",371849,2025-05-15 22:50:11,43.3579597473145,-8.84496021270752,"Female"
"6018402",371849,2025-05-15 22:55:08,43.3578910827637,-8.84500122070312,"Female"
"6018402",371849,2025-05-15 23:00:09,43.3578643798828,-8.84505653381348,"Female"
"6018402",371849,2025-05-15 23:05:08,43.3578300476074,-8.84493446350098,"Female"
"6018402",371849,2025-05-15 23:10:07,43.3580856323242,-8.84561347961426,"Female"
"6018402",371849,2025-05-15 23:15:05,43.3579330444336,-8.84468841552734,"Female"
"6018402",371849,2025-05-15 23:20:06,43.3579940795898,-8.84462451934814,"Female"
"6018402",371849,2025-05-15 23:25:07,43.3580207824707,-8.84456825256348,"Female"
"6018402",371849,2025-05-15 23:30:07,43.3580093383789,-8.84463882446289,"Female"
"6018402",371849,2025-05-15 23:35:06,43.3579940795898,-8.84457206726074,"Female"
"6018402",371849,2025-05-15 23:40:06,43.3579254150391,-8.84455966949463,"Female"
"6018402",371849,2025-05-15 23:45:07,43.3579368591309,-8.84454154968262,"Female"
"6018402",371849,2025-05-15 23:50:07,43.3579521179199,-8.84453201293945,"Female"
"6018402",371849,2025-05-15 23:55:11,43.357982635498,-8.84454917907715,"Female"
"6018402",371849,2025-05-16 00:00:05,43.3580932617188,-8.84449768066406,"Female"
"6018402",371849,2025-05-16 00:05:05,43.3579750061035,-8.84454727172852,"Female"
"6018402",371849,2025-05-16 00:10:08,43.3580627441406,-8.84448909759521,"Female"
"6018402",371849,2025-05-16 00:15:07,43.3579444885254,-8.84444808959961,"Female"
"6018402",371849,2025-05-16 00:20:08,43.3580017089844,-8.84446620941162,"Female"
"6018402",371849,2025-05-16 00:25:04,43.3580207824707,-8.84446907043457,"Female"
"6018402",371849,2025-05-16 00:30:04,43.3579788208008,-8.84442806243896,"Female"
"6018402",371849,2025-05-16 00:35:04,43.3578834533691,-8.84437847137451,"Female"
"6018402",371849,2025-05-16 00:40:06,43.357967376709,-8.84450817108154,"Female"
"6018402",371849,2025-05-16 00:45:07,43.3580207824707,-8.84450244903564,"Female"
"6018402",371849,2025-05-16 00:50:08,43.3580093383789,-8.84455585479736,"Female"
"6018402",371849,2025-05-16 00:55:07,43.3580169677734,-8.84464454650879,"Female"
"6018402",371849,2025-05-16 01:00:04,43.3581047058105,-8.84472846984863,"Female"
"6018402",371849,2025-05-16 01:05:04,43.3580169677734,-8.84464263916016,"Female"
"6018402",371849,2025-05-16 01:10:06,43.3579788208008,-8.8445873260498,"Female"
"6018402",371849,2025-05-16 01:15:04,43.3579940795898,-8.84466457366943,"Female"
"6018402",371849,2025-05-16 01:20:04,43.3579750061035,-8.84468936920166,"Female"
"6018402",371849,2025-05-16 01:25:04,43.3579216003418,-8.84476280212402,"Female"
"6018402",371849,2025-05-16 01:30:04,43.3579444885254,-8.84472179412842,"Female"
"6018402",371849,2025-05-16 01:35:06,43.3579177856445,-8.8447904586792,"Female"
"6018402",371849,2025-05-16 01:40:06,43.3579177856445,-8.84488964080811,"Female"
"6018402",371849,2025-05-16 01:45:06,43.3579368591309,-8.84490013122559,"Female"
"6018402",371849,2025-05-16 01:50:07,43.3579254150391,-8.84480476379395,"Female"
"6018402",371849,2025-05-16 01:55:06,43.3579292297363,-8.84488487243652,"Female"
"6018402",371849,2025-05-16 02:00:06,43.3578491210938,-8.84499835968018,"Female"
"6018402",371849,2025-05-16 02:05:06,43.3578109741211,-8.84493064880371,"Female"
"6018402",371849,2025-05-16 02:10:06,43.3578147888184,-8.84487533569336,"Female"
"6018402",371849,2025-05-16 02:15:07,43.3578872680664,-8.8449010848999,"Female"
"6018402",371849,2025-05-16 02:20:06,43.3578758239746,-8.84493446350098,"Female"
"6018402",371849,2025-05-16 02:25:07,43.3578147888184,-8.84494876861572,"Female"
"6018402",371849,2025-05-16 02:30:07,43.3579483032227,-8.8450231552124,"Female"
"6018402",371849,2025-05-16 02:35:07,43.3578872680664,-8.8450403213501,"Female"
"6018402",371849,2025-05-16 02:40:06,43.3578224182129,-8.84500885009766,"Female"
"6018402",371849,2025-05-16 02:45:06,43.3578186035156,-8.84496974945068,"Female"
"6018402",371849,2025-05-16 02:50:08,43.3578071594238,-8.84503841400146,"Female"
"6018402",371849,2025-05-16 02:55:06,43.357780456543,-8.84506130218506,"Female"
"6018402",371849,2025-05-16 03:00:04,43.3577537536621,-8.84516048431396,"Female"
"6018402",371849,2025-05-16 03:05:04,43.3577499389648,-8.84517765045166,"Female"
"6018402",371849,2025-05-16 03:10:04,43.357795715332,-8.84517478942871,"Female"
"6018402",371849,2025-05-16 03:15:09,43.3578262329102,-8.84513473510742,"Female"
"6018402",371849,2025-05-16 03:20:08,43.3578224182129,-8.8450927734375,"Female"
"6018402",371849,2025-05-16 03:25:08,43.3578796386719,-8.84505844116211,"Female"
"6018402",371849,2025-05-16 03:30:06,43.3579330444336,-8.84503841400146,"Female"
"6018402",371849,2025-05-16 03:35:06,43.357982635498,-8.84490489959717,"Female"
"6018402",371849,2025-05-16 03:40:04,43.3579521179199,-8.84498405456543,"Female"
"6018402",371849,2025-05-16 03:45:06,43.3579406738281,-8.84496688842773,"Female"
"6018402",371849,2025-05-16 03:50:05,43.357967376709,-8.84497261047363,"Female"
"6018402",371849,2025-05-16 03:55:05,43.3579025268555,-8.84503746032715,"Female"
"6018402",371849,2025-05-16 04:00:06,43.3579711914062,-8.84490966796875,"Female"
"6018402",371849,2025-05-16 04:05:05,43.3580055236816,-8.84489250183105,"Female"
"6018402",371849,2025-05-16 04:10:05,43.3579750061035,-8.84494495391846,"Female"
"6018402",371849,2025-05-16 04:15:08,43.3580169677734,-8.84484100341797,"Female"
"6018402",371849,2025-05-16 04:20:04,43.357967376709,-8.84484481811523,"Female"
"6018402",371849,2025-05-16 04:25:04,43.3579902648926,-8.8449068069458,"Female"
"6018402",371849,2025-05-16 04:30:06,43.3579940795898,-8.84489631652832,"Female"
"6018402",371849,2025-05-16 04:35:04,43.3579750061035,-8.84492874145508,"Female"
"6018402",371849,2025-05-16 04:40:04,43.3580055236816,-8.84493446350098,"Female"
"6018402",371849,2025-05-16 04:45:06,43.3580207824707,-8.84498691558838,"Female"
"6018402",371849,2025-05-16 04:50:04,43.3580169677734,-8.844970703125,"Female"
"6018402",371849,2025-05-16 04:55:04,43.358024597168,-8.84498310089111,"Female"
"6018402",371849,2025-05-16 05:00:04,43.3579978942871,-8.84498119354248,"Female"
"6018402",371849,2025-05-16 05:05:04,43.3580780029297,-8.84497737884521,"Female"
"6018402",371849,2025-05-16 05:10:04,43.3579711914062,-8.8449878692627,"Female"
"6018402",371849,2025-05-16 05:15:04,43.3580207824707,-8.84499359130859,"Female"
"6018402",371849,2025-05-16 05:20:04,43.357982635498,-8.84519481658936,"Female"
"6018402",371849,2025-05-16 05:25:04,43.3579711914062,-8.8450403213501,"Female"
"6018402",371849,2025-05-16 05:30:06,43.3579444885254,-8.8449821472168,"Female"
"6018402",371849,2025-05-16 05:35:06,43.357967376709,-8.84494018554688,"Female"
"6018402",371849,2025-05-16 05:40:07,43.3581352233887,-8.84492683410645,"Female"
"6018402",371849,2025-05-16 05:45:04,43.3579711914062,-8.84491634368896,"Female"
"6018402",371849,2025-05-16 05:50:06,43.3579635620117,-8.84492778778076,"Female"
"6018402",371849,2025-05-16 05:55:07,43.3579750061035,-8.84493923187256,"Female"
"6018402",371849,2025-05-16 06:00:07,43.357982635498,-8.84493064880371,"Female"
"6018402",371849,2025-05-16 06:05:07,43.3579864501953,-8.84491920471191,"Female"
"6018402",371849,2025-05-16 06:10:12,43.3579483032227,-8.84488582611084,"Female"
"6018402",371849,2025-05-16 06:15:04,43.3579521179199,-8.84487438201904,"Female"
"6018402",371849,2025-05-16 06:20:04,43.3579254150391,-8.84471607208252,"Female"
"6018402",371849,2025-05-16 06:25:04,43.3578948974609,-8.84478855133057,"Female"
"6018402",371849,2025-05-16 06:30:04,43.3578643798828,-8.84484004974365,"Female"
"6018402",371849,2025-05-16 06:35:04,43.352783203125,-8.83916759490967,"Female"
"6018402",371849,2025-05-16 06:40:08,43.3333396911621,-8.83073711395264,"Female"
"6018402",371849,2025-05-16 06:45:04,43.3165817260742,-8.83004379272461,"Female"
"6018402",371849,2025-05-16 06:50:04,43.3164749145508,-8.82984924316406,"Female"
"6018402",371849,2025-05-16 06:55:07,43.3173484802246,-8.82727527618408,"Female"
"6018402",371849,2025-05-16 07:00:10,43.3172988891602,-8.82707500457764,"Female"
"6018402",371849,2025-05-16 07:05:04,43.3166351318359,-8.82984352111816,"Female"
"6018402",371849,2025-05-16 07:10:04,43.3165550231934,-8.82994079589844,"Female"
"6018402",371849,2025-05-16 07:15:04,43.3166198730469,-8.82985019683838,"Female"
"6018402",371849,2025-05-16 07:20:04,43.3166122436523,-8.82992935180664,"Female"
"6018402",371849,2025-05-16 07:25:04,43.3118171691895,-8.84816646575928,"Female"
"6018402",371849,2025-05-16 07:30:04,43.3114814758301,-8.84883403778076,"Female"
"6018402",371849,2025-05-16 07:35:06,43.311710357666,-8.8480110168457,"Female"
"6018402",371849,2025-05-16 07:40:06,43.3104705810547,-8.84802913665771,"Female"
"6018402",371849,2025-05-16 07:45:04,43.2999649047852,-8.86536026000977,"Female"
"6018402",371849,2025-05-16 07:50:09,43.300365447998,-8.86570453643799,"Female"
"6018402",371849,2025-05-16 07:55:08,43.2999572753906,-8.86452865600586,"Female"
"6018402",371849,2025-05-16 08:00:11,43.3006248474121,-8.86565685272217,"Female"
"6018402",371849,2025-05-16 08:05:09,43.3000602722168,-8.86487197875977,"Female"
"6018402",371849,2025-05-16 08:10:08,43.3000831604004,-8.86491584777832,"Female"
"6018402",371849,2025-05-16 08:15:12,43.2993392944336,-8.86256313323975,"Female"
"6018402",371849,2025-05-16 08:20:08,43.2944602966309,-8.86659049987793,"Female"
"6018402",371849,2025-05-16 08:25:04,43.2942543029785,-8.8667163848877,"Female"
"6018402",371849,2025-05-16 08:30:04,43.3019828796387,-8.86541938781738,"Female"
"6018402",371849,2025-05-16 08:35:06,43.3031959533691,-8.85481739044189,"Female"
"6018402",371849,2025-05-16 08:40:07,43.3030395507812,-8.85468482971191,"Female"
"6018402",371849,2025-05-16 08:45:04,43.3031425476074,-8.85786533355713,"Female"
"6018402",371849,2025-05-16 08:50:06,43.3012847900391,-8.85831832885742,"Female"
"6018402",371849,2025-05-16 08:55:06,43.3013458251953,-8.85838222503662,"Female"
"6018402",371849,2025-05-16 09:00:08,43.2989501953125,-8.86483001708984,"Female"
"6018402",371849,2025-05-16 09:05:04,43.2812538146973,-8.86764144897461,"Female"
"6018402",371849,2025-05-16 09:10:07,43.2876968383789,-8.86457538604736,"Female"
"6018402",371849,2025-05-16 09:15:06,43.3013572692871,-8.86514091491699,"Female"
"6018402",371849,2025-05-16 09:20:12,43.3017997741699,-8.86515522003174,"Female"
"6018402",371849,2025-05-16 09:25:06,43.301830291748,-8.86562824249268,"Female"
"6018402",371849,2025-05-16 09:30:04,43.3016929626465,-8.86544418334961,"Female"
"6018402",371849,2025-05-16 09:35:06,43.3017654418945,-8.86565589904785,"Female"
"6018402",371849,2025-05-16 09:40:08,43.3019866943359,-8.86570167541504,"Female"
"6018402",371849,2025-05-16 09:45:04,43.3014602661133,-8.86546421051025,"Female"
"6018402",371849,2025-05-16 09:50:08,43.3017692565918,-8.86609554290771,"Female"
"6018402",371849,2025-05-16 09:55:06,43.3014183044434,-8.86625576019287,"Female"
"6018402",371849,2025-05-16 10:00:11,43.30078125,-8.86508560180664,"Female"
"6018402",371849,2025-05-16 10:05:04,43.3007392883301,-8.86535358428955,"Female"
"6018402",371849,2025-05-16 10:10:04,43.300708770752,-8.865309715271,"Female"
"6018402",371849,2025-05-16 10:15:04,43.300724029541,-8.86519718170166,"Female"
"6018402",371849,2025-05-16 10:20:04,43.3008041381836,-8.86544990539551,"Female"
"6018402",371849,2025-05-16 10:25:06,43.3004112243652,-8.86603450775146,"Female"
"6018402",371849,2025-05-16 10:30:04,43.3003845214844,-8.86594295501709,"Female"
"6018402",371849,2025-05-16 10:35:04,43.3019866943359,-8.85656356811523,"Female"
"6018402",371849,2025-05-16 10:40:04,43.3022537231445,-8.85724067687988,"Female"
"6018402",371849,2025-05-16 10:45:04,43.3027534484863,-8.86276435852051,"Female"
"6018402",371849,2025-05-16 10:50:07,43.3074569702148,-8.85624980926514,"Female"
"6018402",371849,2025-05-16 10:55:12,43.3170509338379,-8.83810901641846,"Female"
"6018402",371849,2025-05-16 11:00:04,43.3171424865723,-8.83816432952881,"Female"
"6018402",371849,2025-05-16 11:05:07,43.317253112793,-8.83804798126221,"Female"
"6018402",371849,2025-05-16 11:10:08,43.3173370361328,-8.83801078796387,"Female"
"6018402",371849,2025-05-16 11:15:07,43.3172950744629,-8.83780097961426,"Female"
"6018402",371849,2025-05-16 11:20:04,43.3151397705078,-8.84075260162354,"Female"
"6018402",371849,2025-05-16 11:25:04,43.3057899475098,-8.85445308685303,"Female"
"6018402",371849,2025-05-16 11:30:06,43.3067436218262,-8.860520362854,"Female"
"6018402",371849,2025-05-16 11:35:04,43.3245010375977,-8.85373973846436,"Female"
"6018402",371849,2025-05-16 11:40:06,43.3436126708984,-8.85124492645264,"Female"
"6018402",371849,2025-05-16 11:45:19,43.3609466552734,-8.84763240814209,"Female"
"6018402",371849,2025-05-16 11:50:15,43.3578453063965,-8.84457874298096,"Female"
"6018402",371849,2025-05-16 11:55:12,43.3577308654785,-8.8447265625,"Female"
"6018402",371849,2025-05-16 12:00:09,43.3578681945801,-8.84483242034912,"Female"
"6018402",371849,2025-05-16 12:05:09,43.3579254150391,-8.84484672546387,"Female"
"6018402",371849,2025-05-16 12:10:10,43.357967376709,-8.84488868713379,"Female"
"6018402",371849,2025-05-16 12:15:11,43.3580780029297,-8.84498119354248,"Female"
"6018402",371849,2025-05-16 12:20:09,43.3581275939941,-8.84495258331299,"Female"
"6018402",371849,2025-05-16 12:25:10,43.3581848144531,-8.8450403213501,"Female"
"6018402",371849,2025-05-16 12:30:13,43.3581848144531,-8.84509181976318,"Female"
"6018402",371849,2025-05-16 12:35:09,43.3582649230957,-8.84510135650635,"Female"
"6018402",371849,2025-05-16 12:40:09,43.3582763671875,-8.84510612487793,"Female"
"6018402",371849,2025-05-16 12:45:09,43.3584480285645,-8.84498023986816,"Female"
"6018402",371849,2025-05-16 12:50:31,43.3586578369141,-8.84451198577881,"Female"
"6018402",371849,2025-05-16 12:55:07,43.3581390380859,-8.84489727020264,"Female"
"6018402",371849,2025-05-16 13:00:11,43.3579063415527,-8.8449821472168,"Female"
"6018402",371849,2025-05-16 13:05:06,43.3579025268555,-8.84481143951416,"Female"
"6018402",371849,2025-05-16 13:10:04,43.3577919006348,-8.84482669830322,"Female"
"6018402",371849,2025-05-16 13:15:05,43.3578605651855,-8.84475135803223,"Female"
"6018402",371849,2025-05-16 13:20:05,43.3578491210938,-8.84467697143555,"Female"
"6018402",371849,2025-05-16 13:25:05,43.3577995300293,-8.84464931488037,"Female"
"6018402",371849,2025-05-16 13:30:05,43.3578071594238,-8.84464740753174,"Female"
"6018402",371849,2025-05-16 13:35:07,43.3578796386719,-8.84471797943115,"Female"
"6018402",371849,2025-05-16 13:40:06,43.3576774597168,-8.84448337554932,"Female"
"6018402",371849,2025-05-16 13:45:07,43.3579597473145,-8.84490203857422,"Female"
"6018402",371849,2025-05-16 13:50:07,43.3579368591309,-8.84489059448242,"Female"
"6018402",371849,2025-05-16 13:55:04,43.3577270507812,-8.84466552734375,"Female"
"6018402",371849,2025-05-16 14:00:10,43.3579368591309,-8.84486961364746,"Female"
"6018402",371849,2025-05-16 14:05:11,43.3579216003418,-8.84493541717529,"Female"
"6018402",371849,2025-05-16 14:10:12,43.3580093383789,-8.84486103057861,"Female"
"6018402",371849,2025-05-16 14:15:12,43.3580131530762,-8.84487628936768,"Female"
"6018402",371849,2025-05-16 14:20:12,43.3580055236816,-8.84497547149658,"Female"
"6018402",371849,2025-05-16 14:25:12,43.3580284118652,-8.84490871429443,"Female"
"6018402",371849,2025-05-16 14:30:12,43.3580436706543,-8.84490489959717,"Female"
"6018402",371849,2025-05-16 14:35:12,43.3580741882324,-8.84491634368896,"Female"
"6018402",371849,2025-05-16 14:40:09,43.3581314086914,-8.84495067596436,"Female"
"6018402",371849,2025-05-16 14:45:10,43.3582763671875,-8.84481525421143,"Female"
"6018402",371849,2025-05-16 14:50:29,43.3581314086914,-8.84498023986816,"Female"
"6018402",371849,2025-05-16 14:55:32,43.3582916259766,-8.84472942352295,"Female"
"6018402",371849,2025-05-16 15:00:09,43.3580894470215,-8.8447380065918,"Female"
"6018402",371849,2025-05-16 15:05:04,43.358226776123,-8.84475517272949,"Female"
"6018402",371849,2025-05-16 15:10:06,43.3581352233887,-8.84486865997314,"Female"
"6018402",371849,2025-05-16 15:15:07,43.3576812744141,-8.84491920471191,"Female"
"6018402",371849,2025-05-16 15:20:05,43.3575897216797,-8.84492969512939,"Female"
"6018402",371849,2025-05-16 15:25:09,43.3579750061035,-8.84485530853271,"Female"
"6018402",371849,2025-05-16 15:30:05,43.3577880859375,-8.84482002258301,"Female"
"6018402",371849,2025-05-16 15:35:12,43.3579254150391,-8.84488391876221,"Female"
"6018402",371849,2025-05-16 15:40:05,43.358154296875,-8.84491157531738,"Female"
"6018402",371849,2025-05-16 15:45:05,43.3578300476074,-8.84486103057861,"Female"
"6018402",371849,2025-05-16 15:50:05,43.3577499389648,-8.84487056732178,"Female"
"6018402",371849,2025-05-16 15:55:11,43.3581809997559,-8.8447961807251,"Female"
"6018402",371849,2025-05-16 16:00:10,43.3579521179199,-8.84489154815674,"Female"
"6018402",371849,2025-05-16 16:05:12,43.3578910827637,-8.8449125289917,"Female"
"6018402",371849,2025-05-16 16:10:05,43.3581123352051,-8.84488201141357,"Female"
"6018402",371849,2025-05-16 16:15:10,43.3575172424316,-8.84488391876221,"Female"
"6018402",371849,2025-05-16 16:20:18,43.3577461242676,-8.8449068069458,"Female"
"6018402",371849,2025-05-16 16:25:10,43.357723236084,-8.84488391876221,"Female"
"6018402",371849,2025-05-16 16:30:35,43.3577766418457,-8.84488773345947,"Female"
"6018402",371849,2025-05-16 16:35:04,43.3578109741211,-8.84496402740479,"Female"
"6018402",371849,2025-05-16 16:40:04,43.3577919006348,-8.84488105773926,"Female"
"6018402",371849,2025-05-16 16:45:04,43.3577346801758,-8.84494781494141,"Female"
"6018402",371849,2025-05-16 16:50:05,43.3577613830566,-8.84488773345947,"Female"
"6018402",371849,2025-05-16 16:55:05,43.3577613830566,-8.84492588043213,"Female"
"6018402",371849,2025-05-16 17:00:05,43.3577575683594,-8.84494686126709,"Female"
"6018402",371849,2025-05-16 17:05:05,43.3578262329102,-8.8449239730835,"Female"
"6018402",371849,2025-05-16 17:10:05,43.3577499389648,-8.84496974945068,"Female"
"6018402",371849,2025-05-16 17:15:05,43.3577995300293,-8.8449068069458,"Female"
"6018402",371849,2025-05-16 17:20:06,43.3578300476074,-8.84498023986816,"Female"
"6018402",371849,2025-05-16 17:25:06,43.3495635986328,-8.84586238861084,"Female"
"6018402",371849,2025-05-16 17:30:06,43.3262481689453,-8.85807132720947,"Female"
"6018402",371849,2025-05-16 17:35:06,43.3109169006348,-8.84504699707031,"Female"
"6018402",371849,2025-05-16 17:40:06,43.311279296875,-8.8450984954834,"Female"
"6018402",371849,2025-05-16 17:45:05,43.3202018737793,-8.84114360809326,"Female"
"6018402",371849,2025-05-16 17:50:06,43.3187713623047,-8.83919620513916,"Female"
"6018402",371849,2025-05-16 17:55:05,43.3189086914062,-8.83971405029297,"Female"
"6018402",371849,2025-05-16 18:00:08,43.3187828063965,-8.8392333984375,"Female"
"6018402",371849,2025-05-16 18:05:08,43.3196754455566,-8.8408145904541,"Female"
"6018402",371849,2025-05-16 18:10:07,43.3191680908203,-8.84030342102051,"Female"
"6018402",371849,2025-05-16 18:15:06,43.3167304992676,-8.83856678009033,"Female"
"6018402",371849,2025-05-16 18:20:06,43.3166770935059,-8.83855533599854,"Female"
"6018402",371849,2025-05-16 18:25:06,43.3167037963867,-8.83857727050781,"Female"
"6018402",371849,2025-05-16 18:30:06,43.3171501159668,-8.83853435516357,"Female"
"6018402",371849,2025-05-16 18:35:06,43.3170776367188,-8.83838748931885,"Female"
"6018402",371849,2025-05-16 18:40:06,43.317310333252,-8.83883380889893,"Female"
"6018402",371849,2025-05-16 18:45:06,43.3251075744629,-8.85369777679443,"Female"
"6018402",371849,2025-05-16 18:50:09,43.3335075378418,-8.85141086578369,"Female"
"6018402",371849,2025-05-16 18:55:06,43.3477745056152,-8.85118293762207,"Female"
"6018402",371849,2025-05-16 19:00:06,43.3565368652344,-8.84187126159668,"Female"
"6018402",371849,2025-05-16 19:05:10,43.3576278686523,-8.84518146514893,"Female"
"6018402",371849,2025-05-16 19:10:12,43.3580474853516,-8.84526443481445,"Female"
"6018402",371849,2025-05-16 19:15:32,43.3578186035156,-8.84492301940918,"Female"
"6018402",371849,2025-05-16 19:20:05,43.3577919006348,-8.84491920471191,"Female"
"6018402",371849,2025-05-16 19:25:05,43.3577690124512,-8.84489059448242,"Female"
"6018402",371849,2025-05-16 19:30:05,43.3577995300293,-8.84488105773926,"Female"
"6018402",371849,2025-05-16 19:35:05,43.3578186035156,-8.84489440917969,"Female"
"6018402",371849,2025-05-16 19:40:07,43.3578453063965,-8.84487628936768,"Female"
"6018402",371849,2025-05-16 19:45:07,43.3578071594238,-8.8449239730835,"Female"
"6018402",371849,2025-05-16 19:50:06,43.3578186035156,-8.84488964080811,"Female"
"6018402",371849,2025-05-16 19:55:06,43.3578453063965,-8.8449182510376,"Female"
"6018402",371849,2025-05-16 20:00:06,43.3578567504883,-8.8449239730835,"Female"
"6018402",371849,2025-05-16 20:05:06,43.3578567504883,-8.84494781494141,"Female"
"6018402",371849,2025-05-16 20:10:06,43.3578109741211,-8.84489917755127,"Female"
"6018402",371849,2025-05-16 20:15:06,43.357780456543,-8.84489822387695,"Female"
"6018402",371849,2025-05-16 20:20:08,43.3578147888184,-8.84492015838623,"Female"
"6018402",371849,2025-05-16 20:25:06,43.3578071594238,-8.84498500823975,"Female"
"6018402",371849,2025-05-16 20:30:07,43.3578109741211,-8.84498023986816,"Female"
"6018402",371849,2025-05-16 20:35:06,43.357795715332,-8.84493541717529,"Female"
"6018402",371849,2025-05-16 20:40:06,43.3577537536621,-8.84488487243652,"Female"
"6018402",371849,2025-05-16 20:45:07,43.3578987121582,-8.84499931335449,"Female"
"6018402",371849,2025-05-16 20:50:07,43.3579025268555,-8.84506034851074,"Female"
"6018402",371849,2025-05-16 20:55:09,43.3579177856445,-8.84494686126709,"Female"
"6018402",371849,2025-05-16 21:00:07,43.3579254150391,-8.84502696990967,"Female"
"6018402",371849,2025-05-16 21:05:07,43.3578987121582,-8.84506225585938,"Female"
"6018402",371849,2025-05-16 21:10:07,43.3579483032227,-8.845046043396,"Female"
"6018402",371849,2025-05-16 21:15:07,43.3579368591309,-8.84504890441895,"Female"
"6018402",371849,2025-05-16 21:20:07,43.3579216003418,-8.84511280059814,"Female"
"6018402",371849,2025-05-16 21:25:08,43.3579368591309,-8.84504222869873,"Female"
"6018402",371849,2025-05-16 21:30:07,43.35791015625,-8.84516143798828,"Female"
"6018402",371849,2025-05-16 21:35:07,43.3578948974609,-8.84508800506592,"Female"
"6018402",371849,2025-05-16 21:40:08,43.3580093383789,-8.84530067443848,"Female"
"6018402",371849,2025-05-16 21:45:08,43.3579521179199,-8.84528732299805,"Female"
"6018402",371849,2025-05-16 21:50:10,43.3577690124512,-8.84486198425293,"Female"
"6018402",371849,2025-05-16 21:55:09,43.357551574707,-8.84444713592529,"Female"
"6018402",371849,2025-05-16 22:00:09,43.3575019836426,-8.84427642822266,"Female"
"6018402",371849,2025-05-16 22:05:11,43.3575744628906,-8.84440898895264,"Female"
"6018402",371849,2025-05-16 22:10:11,43.3576698303223,-8.84467315673828,"Female"
"6018402",371849,2025-05-16 22:15:12,43.3574180603027,-8.84390640258789,"Female"
"6018402",371849,2025-05-16 22:20:24,43.3578605651855,-8.8450403213501,"Female"
"6018402",371849,2025-05-16 22:25:11,43.3576698303223,-8.84458065032959,"Female"
"6018402",371849,2025-05-16 22:30:16,43.3578910827637,-8.84512042999268,"Female"
"6018402",371849,2025-05-16 22:35:17,43.3579750061035,-8.84506225585938,"Female"
"6018402",371849,2025-05-16 22:40:22,43.3579978942871,-8.84507274627686,"Female"
"6018402",371849,2025-05-16 22:45:24,43.3579139709473,-8.8451623916626,"Female"
"6018402",371849,2025-05-16 22:50:16,43.3578910827637,-8.84521293640137,"Female"
"6018402",371849,2025-05-16 22:55:18,43.3578834533691,-8.84532833099365,"Female"
"6018402",371849,2025-05-16 23:00:30,43.357967376709,-8.8456335067749,"Female"
"6018402",371849,2025-05-16 23:05:35,43.3578109741211,-8.84494781494141,"Female"
"6018402",371849,2025-05-16 23:10:07,43.3577461242676,-8.8449182510376,"Female"
"6018402",371849,2025-05-16 23:15:07,43.3577728271484,-8.84486675262451,"Female"
"6018402",371849,2025-05-16 23:20:06,43.3577651977539,-8.84488773345947,"Female"
"6018402",371849,2025-05-16 23:25:07,43.3577995300293,-8.84483909606934,"Female"
"6018402",371849,2025-05-16 23:30:07,43.3578758239746,-8.84493160247803,"Female"
"6018402",371849,2025-05-16 23:35:08,43.357795715332,-8.84489631652832,"Female"
"6018402",371849,2025-05-16 23:40:07,43.3577880859375,-8.84489059448242,"Female"
"6018402",371849,2025-05-16 23:45:06,43.3577880859375,-8.84482192993164,"Female"
"6018402",371849,2025-05-16 23:50:08,43.3577919006348,-8.84486103057861,"Female"
"6018402",371849,2025-05-16 23:55:08,43.3577880859375,-8.8448371887207,"Female"
"6018402",371849,2025-05-17 00:00:07,43.3577194213867,-8.84483051300049,"Female"
"6018402",371849,2025-05-17 00:05:07,43.3577613830566,-8.84490203857422,"Female"
"6018402",371849,2025-05-17 00:10:07,43.3577575683594,-8.8448486328125,"Female"
"6018402",371849,2025-05-17 00:15:07,43.3577079772949,-8.84481430053711,"Female"
"6018402",371849,2025-05-17 00:20:07,43.3576927185059,-8.8447322845459,"Female"
"6018402",371849,2025-05-17 00:25:07,43.3576927185059,-8.84483337402344,"Female"
"6018402",371849,2025-05-17 00:30:07,43.3577270507812,-8.84477615356445,"Female"
"6018402",371849,2025-05-17 00:35:07,43.3577346801758,-8.8447732925415,"Female"
"6018402",371849,2025-05-17 00:40:07,43.3577117919922,-8.84477710723877,"Female"
"6018402",371849,2025-05-17 00:45:07,43.3577766418457,-8.84489250183105,"Female"
"6018402",371849,2025-05-17 00:50:07,43.3577880859375,-8.8448600769043,"Female"
"6018402",371849,2025-05-17 00:55:07,43.3577728271484,-8.84484386444092,"Female"
"6018402",371849,2025-05-17 01:00:07,43.3577613830566,-8.84479808807373,"Female"
"6018402",371849,2025-05-17 01:05:08,43.3577728271484,-8.84483337402344,"Female"
"6018402",371849,2025-05-17 01:10:07,43.3577499389648,-8.84481811523438,"Female"
"6018402",371849,2025-05-17 01:15:07,43.357738494873,-8.84480571746826,"Female"
"6018402",371849,2025-05-17 01:20:07,43.357723236084,-8.84485816955566,"Female"
"6018402",371849,2025-05-17 01:25:07,43.3577079772949,-8.84482669830322,"Female"
"6018402",371849,2025-05-17 01:30:07,43.3577346801758,-8.84481048583984,"Female"
"6018402",371849,2025-05-17 01:35:07,43.3577575683594,-8.84477806091309,"Female"
"6018402",371849,2025-05-17 01:40:07,43.3577308654785,-8.84484004974365,"Female"
"6018402",371849,2025-05-17 01:45:07,43.3577537536621,-8.84484386444092,"Female"
"6018402",371849,2025-05-17 01:50:07,43.357723236084,-8.84485721588135,"Female"
"6018402",371849,2025-05-17 01:55:07,43.3577690124512,-8.84485816955566,"Female"
"6018402",371849,2025-05-17 02:00:07,43.3577423095703,-8.84486770629883,"Female"
"6018402",371849,2025-05-17 02:05:07,43.3577156066895,-8.8448600769043,"Female"
"6018402",371849,2025-05-17 02:10:08,43.3576736450195,-8.84480285644531,"Female"
"6018402",371849,2025-05-17 02:15:07,43.357723236084,-8.84488868713379,"Female"
"6018402",371849,2025-05-17 02:20:07,43.3576889038086,-8.84480094909668,"Female"
"6018402",371849,2025-05-17 02:25:08,43.3576927185059,-8.84483337402344,"Female"
"6018402",371849,2025-05-17 02:30:07,43.3577194213867,-8.84482479095459,"Female"
"6018402",371849,2025-05-17 02:35:08,43.3576965332031,-8.84482002258301,"Female"
"6018402",371849,2025-05-17 02:40:08,43.3576965332031,-8.84476566314697,"Female"
"6018402",371849,2025-05-17 02:45:35,43.357738494873,-8.84484481811523,"Female"
"6018402",371849,2025-05-17 02:50:06,43.3577766418457,-8.84485149383545,"Female"
"6018402",371849,2025-05-17 02:55:06,43.357780456543,-8.8448600769043,"Female"
"6018402",371849,2025-05-17 03:00:06,43.3577995300293,-8.84481811523438,"Female"
"6018402",371849,2025-05-17 03:05:07,43.3577575683594,-8.84485816955566,"Female"
"6018402",371849,2025-05-17 03:10:07,43.3578109741211,-8.84486961364746,"Female"
"6018402",371849,2025-05-17 03:15:07,43.3577690124512,-8.84479331970215,"Female"
"6018402",371849,2025-05-17 03:20:07,43.3577499389648,-8.84482765197754,"Female"
"6018402",371849,2025-05-17 03:25:07,43.3577499389648,-8.84483528137207,"Female"
"6018402",371849,2025-05-17 03:30:07,43.3577766418457,-8.84480285644531,"Female"
"6018402",371849,2025-05-17 03:35:07,43.3577842712402,-8.84485340118408,"Female"
"6018402",371849,2025-05-17 03:40:07,43.3578300476074,-8.84483623504639,"Female"
"6018402",371849,2025-05-17 03:45:08,43.3578224182129,-8.84493923187256,"Female"
"6018402",371849,2025-05-17 03:50:07,43.3578834533691,-8.84501171112061,"Female"
"6018402",371849,2025-05-17 03:55:09,43.3579177856445,-8.84488773345947,"Female"
"6018402",371849,2025-05-17 04:00:08,43.3579139709473,-8.84497737884521,"Female"
"6018402",371849,2025-05-17 04:05:10,43.3579254150391,-8.84493255615234,"Female"
"6018402",371849,2025-05-17 04:10:08,43.3579750061035,-8.84498977661133,"Female"
"6018402",371849,2025-05-17 04:15:08,43.3578300476074,-8.84495544433594,"Female"
"6018402",371849,2025-05-17 04:20:08,43.3578109741211,-8.84493923187256,"Female"
"6018402",371849,2025-05-17 04:25:08,43.3578796386719,-8.84494686126709,"Female"
"6018402",371849,2025-05-17 04:30:10,43.3579063415527,-8.84492492675781,"Female"
"6018402",371849,2025-05-17 04:35:10,43.35791015625,-8.84495067596436,"Female"
"6018402",371849,2025-05-17 04:40:09,43.3579406738281,-8.84490013122559,"Female"
"6018402",371849,2025-05-17 04:45:11,43.3578910827637,-8.8449125289917,"Female"
"6018402",371849,2025-05-17 04:50:15,43.3578491210938,-8.84494209289551,"Female"
"6018402",371849,2025-05-17 04:55:09,43.3579711914062,-8.84505939483643,"Female"
"6018402",371849,2025-05-17 05:00:16,43.3578414916992,-8.84493923187256,"Female"
"6018402",371849,2025-05-17 05:05:07,43.3575248718262,-8.8446569442749,"Female"
"6018402",371849,2025-05-17 05:10:12,43.3578567504883,-8.84497737884521,"Female"
"6018402",371849,2025-05-17 05:15:08,43.3577651977539,-8.84485816955566,"Female"
"6018402",371849,2025-05-17 05:20:19,43.3415908813477,-8.84975433349609,"Female"
"6018402",371849,2025-05-17 05:25:07,43.3171005249023,-8.85522842407227,"Female"
"6018402",371849,2025-05-17 05:30:18,43.293399810791,-8.86463928222656,"Female"
"6018402",371849,2025-05-17 05:35:16,43.2858085632324,-8.86929035186768,"Female"
"6018402",371849,2025-05-17 05:40:08,43.2863006591797,-8.86974048614502,"Female"
"6018402",371849,2025-05-17 05:45:11,43.2855987548828,-8.86907863616943,"Female"
"6018402",371849,2025-05-17 05:50:10,43.2872047424316,-8.87041664123535,"Female"
"6018402",371849,2025-05-17 05:55:07,43.2870597839355,-8.87042617797852,"Female"
"6018402",371849,2025-05-17 06:00:08,43.2869071960449,-8.8703088760376,"Female"
"6018402",371849,2025-05-17 06:05:08,43.2870559692383,-8.87033557891846,"Female"
"6018402",371849,2025-05-17 06:10:18,43.2871017456055,-8.87061595916748,"Female"
"6018402",371849,2025-05-17 06:15:18,43.2871208190918,-8.87050533294678,"Female"
"6018402",371849,2025-05-17 06:20:11,43.2869033813477,-8.86872959136963,"Female"
"6018402",371849,2025-05-17 06:25:19,43.2868766784668,-8.86872577667236,"Female"
"6018402",371849,2025-05-17 06:30:35,43.2869110107422,-8.86873817443848,"Female"
"6018402",371849,2025-05-17 06:35:07,43.2867431640625,-8.86861610412598,"Female"
"6018402",371849,2025-05-17 06:40:13,43.286808013916,-8.86870384216309,"Female"
"6018402",371849,2025-05-17 06:45:16,43.2868194580078,-8.86872291564941,"Female"
"6018402",371849,2025-05-17 06:50:07,43.2869987487793,-8.86904048919678,"Female"
"6018402",371849,2025-05-17 06:55:11,43.2868614196777,-8.86860179901123,"Female"
"6018402",371849,2025-05-17 07:00:07,43.2867774963379,-8.86863708496094,"Female"
"6018402",371849,2025-05-17 07:05:07,43.2867012023926,-8.86837863922119,"Female"
"6018402",371849,2025-05-17 07:10:07,43.2868423461914,-8.86867809295654,"Female"
"6018402",371849,2025-05-17 07:15:08,43.2945137023926,-8.86733913421631,"Female"
"6018402",371849,2025-05-17 07:20:17,43.2964324951172,-8.86589527130127,"Female"
"6018402",371849,2025-05-17 07:25:08,43.299732208252,-8.86493110656738,"Female"
"6018402",371849,2025-05-17 07:30:07,43.2998123168945,-8.86515426635742,"Female"
"6018402",371849,2025-05-17 07:35:07,43.2998466491699,-8.86520767211914,"Female"
"6018402",371849,2025-05-17 07:40:08,43.2995796203613,-8.86470603942871,"Female"
"6018402",371849,2025-05-17 07:45:07,43.2997779846191,-8.86494541168213,"Female"
"6018402",371849,2025-05-17 07:50:07,43.2998275756836,-8.86518001556396,"Female"
"6018402",371849,2025-05-17 07:55:09,43.2998085021973,-8.86518478393555,"Female"
"6018402",371849,2025-05-17 08:00:07,43.3001174926758,-8.86472606658936,"Female"
"6018402",371849,2025-05-17 08:05:07,43.2998161315918,-8.86429786682129,"Female"
"6018402",371849,2025-05-17 08:10:08,43.3001289367676,-8.86491394042969,"Female"
"6018402",371849,2025-05-17 08:15:09,43.3001289367676,-8.86495494842529,"Female"
"6018402",371849,2025-05-17 08:20:07,43.3001518249512,-8.86492919921875,"Female"
"6018402",371849,2025-05-17 08:25:07,43.3001441955566,-8.86493873596191,"Female"
"6018402",371849,2025-05-17 08:30:08,43.3003273010254,-8.86534404754639,"Female"
"6018402",371849,2025-05-17 08:35:07,43.3002700805664,-8.8652982711792,"Female"
"6018402",371849,2025-05-17 08:40:08,43.3001861572266,-8.86509609222412,"Female"
"6018402",371849,2025-05-17 08:45:09,43.300178527832,-8.86507892608643,"Female"
"6018402",371849,2025-05-17 08:50:07,43.3002395629883,-8.86528778076172,"Female"
"6018402",371849,2025-05-17 08:55:08,43.3003044128418,-8.86530780792236,"Female"
"6018402",371849,2025-05-17 09:00:07,43.3002624511719,-8.86528301239014,"Female"
"6018402",371849,2025-05-17 09:05:35,43.3002243041992,-8.86525058746338,"Female"
"6018402",371849,2025-05-17 09:10:07,43.3001747131348,-8.8651180267334,"Female"
"6018402",371849,2025-05-17 09:15:08,43.300724029541,-8.85903644561768,"Female"
"6018402",371849,2025-05-17 09:20:06,43.300651550293,-8.85892677307129,"Female"
"6018402",371849,2025-05-17 09:25:07,43.3008575439453,-8.85901546478271,"Female"
"6018402",371849,2025-05-17 09:30:07,43.3005676269531,-8.85891723632812,"Female"
"6018402",371849,2025-05-17 09:35:07,43.300178527832,-8.86525440216064,"Female"
"6018402",371849,2025-05-17 09:40:07,43.3006172180176,-8.86532020568848,"Female"
"6018402",371849,2025-05-17 09:45:07,43.3006134033203,-8.8653507232666,"Female"
"6018402",371849,2025-05-17 09:50:07,43.3005676269531,-8.86540031433105,"Female"
"6018402",371849,2025-05-17 09:55:07,43.3005752563477,-8.86532592773438,"Female"
"6018402",371849,2025-05-17 10:00:07,43.3005142211914,-8.86542224884033,"Female"
"6018402",371849,2025-05-17 10:05:08,43.3005638122559,-8.86532020568848,"Female"
"6018402",371849,2025-05-17 10:10:07,43.3005485534668,-8.86537456512451,"Female"
"6018402",371849,2025-05-17 10:15:07,43.3005409240723,-8.86539649963379,"Female"
"6018402",371849,2025-05-17 10:20:07,43.3005867004395,-8.86534690856934,"Female"
"6018402",371849,2025-05-17 10:25:07,43.3073844909668,-8.85408306121826,"Female"
"6018402",371849,2025-05-17 10:30:07,43.3086090087891,-8.84902954101562,"Female"
"6018402",371849,2025-05-17 10:35:07,43.3083724975586,-8.84913158416748,"Female"
"6018402",371849,2025-05-17 10:40:07,43.3086395263672,-8.84885120391846,"Female"
"6018402",371849,2025-05-17 10:45:07,43.3083381652832,-8.84896278381348,"Female"
"6018402",371849,2025-05-17 10:50:07,43.3124771118164,-8.84503173828125,"Female"
"6018402",371849,2025-05-17 10:55:07,43.3123397827148,-8.84489822387695,"Female"
"6018402",371849,2025-05-17 11:00:07,43.3121910095215,-8.84463119506836,"Female"
"6018402",371849,2025-05-17 11:05:07,43.31201171875,-8.84451484680176,"Female"
"6018402",371849,2025-05-17 11:10:07,43.3121070861816,-8.84430027008057,"Female"
"6018402",371849,2025-05-17 11:15:07,43.3121566772461,-8.84451866149902,"Female"
"6018402",371849,2025-05-17 11:20:07,43.3120613098145,-8.84427165985107,"Female"
"6018402",371849,2025-05-17 11:25:07,43.3123397827148,-8.84449481964111,"Female"
"6018402",371849,2025-05-17 11:30:07,43.3192443847656,-8.84634494781494,"Female"
"6018402",371849,2025-05-17 11:35:07,43.3194961547852,-8.846022605896,"Female"
"6018402",371849,2025-05-17 11:40:07,43.3195495605469,-8.84604644775391,"Female"
"6018402",371849,2025-05-17 11:45:07,43.3195610046387,-8.8460168838501,"Female"
"6018402",371849,2025-05-17 11:50:07,43.3196220397949,-8.84596347808838,"Female"
"6018402",371849,2025-05-17 11:55:07,43.3260078430176,-8.84803199768066,"Female"
"6018402",371849,2025-05-17 12:00:19,43.3557243347168,-8.8500804901123,"Female"
"6018402",371849,2025-05-17 12:05:07,43.3577766418457,-8.84495449066162,"Female"
"6018402",371849,2025-05-17 12:10:07,43.3576545715332,-8.84487819671631,"Female"
"6018402",371849,2025-05-17 12:15:07,43.3577575683594,-8.84497165679932,"Female"
"6018402",371849,2025-05-17 12:20:11,43.3580017089844,-8.84531402587891,"Female"
"6018402",371849,2025-05-17 12:25:12,43.3579254150391,-8.84521770477295,"Female"
"6018402",371849,2025-05-17 12:30:08,43.3579216003418,-8.84536838531494,"Female"
"6018402",371849,2025-05-17 12:35:08,43.357479095459,-8.84579277038574,"Female"
"6018402",371849,2025-05-17 12:40:08,43.3573760986328,-8.84596347808838,"Female"
"6018402",371849,2025-05-17 12:45:07,43.3574714660645,-8.84566879272461,"Female"
"6018402",371849,2025-05-17 12:50:08,43.3575706481934,-8.8453483581543,"Female"
"6018402",371849,2025-05-17 12:55:08,43.3577117919922,-8.84487533569336,"Female"
"6018402",371849,2025-05-17 13:00:08,43.3576240539551,-8.84517383575439,"Female"
"6018402",371849,2025-05-17 13:05:08,43.3577346801758,-8.84487819671631,"Female"
"6018402",371849,2025-05-17 13:10:08,43.3577690124512,-8.84481906890869,"Female"
"6018402",371849,2025-05-17 13:15:07,43.3577423095703,-8.84477043151855,"Female"
"6018402",371849,2025-05-17 13:20:07,43.357780456543,-8.84486961364746,"Female"
"6018402",371849,2025-05-17 13:25:07,43.357780456543,-8.84483814239502,"Female"
"6018402",371849,2025-05-17 13:30:08,43.3577690124512,-8.84483051300049,"Female"
"6018402",371849,2025-05-17 13:35:07,43.3577995300293,-8.8447732925415,"Female"
"6018402",371849,2025-05-17 13:40:07,43.3577537536621,-8.84475803375244,"Female"
"6018402",371849,2025-05-17 13:45:08,43.3577117919922,-8.84487724304199,"Female"
"6018402",371849,2025-05-17 13:50:07,43.3577995300293,-8.84484958648682,"Female"
"6018402",371849,2025-05-17 13:55:07,43.3577842712402,-8.84474658966064,"Female"
"6018402",371849,2025-05-17 14:00:07,43.3577308654785,-8.84486484527588,"Female"
"6018402",371849,2025-05-17 14:05:07,43.3577308654785,-8.84483337402344,"Female"
"6018402",371849,2025-05-17 14:10:07,43.3577194213867,-8.84479522705078,"Female"
"6018402",371849,2025-05-17 14:15:07,43.357666015625,-8.84486770629883,"Female"
"6018402",371849,2025-05-17 14:20:07,43.3577308654785,-8.84478092193604,"Female"
"6018402",371849,2025-05-17 14:25:07,43.3577003479004,-8.84455966949463,"Female"
"6018402",371849,2025-05-17 14:30:07,43.3576622009277,-8.84483814239502,"Female"
"6018402",371849,2025-05-17 14:35:08,43.3578071594238,-8.84481525421143,"Female"
"6018402",371849,2025-05-17 14:40:08,43.3575439453125,-8.84469795227051,"Female"
"6018402",371849,2025-05-17 14:45:07,43.3575134277344,-8.84462738037109,"Female"
"6018402",371849,2025-05-17 14:50:07,43.3579368591309,-8.84492969512939,"Female"
"6018402",371849,2025-05-17 14:55:07,43.3578758239746,-8.84531593322754,"Female"
"6018402",371849,2025-05-17 15:00:07,43.3578720092773,-8.84507656097412,"Female"
"6018402",371849,2025-05-17 15:05:08,43.3577766418457,-8.84498691558838,"Female"
"6018402",371849,2025-05-17 15:10:08,43.3577079772949,-8.84496879577637,"Female"
"6018402",371849,2025-05-17 15:15:07,43.3576850891113,-8.84501838684082,"Female"
"6018402",371849,2025-05-17 15:20:08,43.3578834533691,-8.84506034851074,"Female"
"6018402",371849,2025-05-17 15:25:08,43.3578071594238,-8.84490776062012,"Female"
"6018402",371849,2025-05-17 15:30:07,43.3579406738281,-8.84489440917969,"Female"
"6018402",371849,2025-05-17 15:35:07,43.3581123352051,-8.84487152099609,"Female"
"6018402",371849,2025-05-17 15:40:07,43.3579292297363,-8.84509754180908,"Female"
"6018402",371849,2025-05-17 15:45:07,43.3578796386719,-8.84521770477295,"Female"
"6018402",371849,2025-05-17 15:50:07,43.3578987121582,-8.8451681137085,"Female"
"6018402",371849,2025-05-17 15:55:08,43.3578453063965,-8.84522914886475,"Female"
"6018402",371849,2025-05-17 16:00:07,43.3360939025879,-8.8525505065918,"Female"
"6018402",371849,2025-05-17 16:05:07,43.3256034851074,-8.84672832489014,"Female"
"6018402",371849,2025-05-17 16:10:07,43.3132019042969,-8.84352493286133,"Female"
"6018402",371849,2025-05-17 16:15:08,43.3132400512695,-8.84377574920654,"Female"
"6018402",371849,2025-05-17 16:20:07,43.3139038085938,-8.84323024749756,"Female"
"6018402",371849,2025-05-17 16:25:08,43.3138618469238,-8.84286022186279,"Female"
"6018402",371849,2025-05-17 16:30:08,43.3133888244629,-8.84316539764404,"Female"
"6018402",371849,2025-05-17 16:35:07,43.3139495849609,-8.8431396484375,"Female"
"6018402",371849,2025-05-17 16:40:08,43.313850402832,-8.84356307983398,"Female"
"6018402",371849,2025-05-17 16:45:07,43.3138122558594,-8.84386730194092,"Female"
"6018402",371849,2025-05-17 16:50:08,43.3127632141113,-8.84376907348633,"Female"
"6018402",371849,2025-05-17 16:55:08,43.3130493164062,-8.84370708465576,"Female"
"6018402",371849,2025-05-17 17:00:08,43.3125839233398,-8.84417819976807,"Female"
"6018402",371849,2025-05-17 17:05:07,43.3125839233398,-8.84428405761719,"Female"
"6018402",371849,2025-05-17 17:10:07,43.3124389648438,-8.8441743850708,"Female"
"6018402",371849,2025-05-17 17:15:08,43.3127098083496,-8.84435844421387,"Female"
"6018402",371849,2025-05-17 17:20:07,43.3135719299316,-8.8439826965332,"Female"
"6018402",371849,2025-05-17 17:25:07,43.313591003418,-8.84404850006104,"Female"
"6018402",371849,2025-05-17 17:30:08,43.3135147094727,-8.84391498565674,"Female"
"6018402",371849,2025-05-17 17:35:08,43.3134613037109,-8.84393215179443,"Female"
"6018402",371849,2025-05-17 17:40:07,43.3134956359863,-8.84386157989502,"Female"
"6018402",371849,2025-05-17 17:45:08,43.3134803771973,-8.84395217895508,"Female"
"6018402",371849,2025-05-17 17:50:07,43.3135223388672,-8.84389781951904,"Female"
"6018402",371849,2025-05-17 17:55:07,43.3135108947754,-8.84385871887207,"Female"
"6018402",371849,2025-05-17 18:00:07,43.3135452270508,-8.84391593933105,"Female"
"6018402",371849,2025-05-17 18:05:07,43.3135147094727,-8.84393310546875,"Female"
"6018402",371849,2025-05-17 18:10:08,43.3135261535645,-8.84391593933105,"Female"
"6018402",371849,2025-05-17 18:15:07,43.3135223388672,-8.8438081741333,"Female"
"6018402",371849,2025-05-17 18:20:07,43.3135452270508,-8.84386539459229,"Female"
"6018402",371849,2025-05-17 18:25:08,43.313720703125,-8.8432788848877,"Female"
"6018402",371849,2025-05-17 18:30:08,43.313777923584,-8.84334659576416,"Female"
"6018402",371849,2025-05-17 18:35:07,43.3140449523926,-8.84292793273926,"Female"
"6018402",371849,2025-05-17 18:40:07,43.3138580322266,-8.84328174591064,"Female"
"6018402",371849,2025-05-17 18:45:07,43.3137702941895,-8.84322929382324,"Female"
"6018402",371849,2025-05-17 18:50:08,43.3121109008789,-8.84592819213867,"Female"
"6018402",371849,2025-05-17 18:55:08,43.3391532897949,-8.85414791107178,"Female"
"6018402",371849,2025-05-17 19:00:08,43.3609657287598,-8.84589576721191,"Female"
"6018402",371849,2025-05-17 19:05:08,43.3585548400879,-8.84431743621826,"Female"
"6018402",371849,2025-05-17 19:10:09,43.3583374023438,-8.84473896026611,"Female"
"6018402",371849,2025-05-17 19:15:09,43.358283996582,-8.84471416473389,"Female"
"6018402",371849,2025-05-17 19:20:10,43.3583374023438,-8.84479141235352,"Female"
"6018402",371849,2025-05-17 19:25:10,43.3584213256836,-8.84463691711426,"Female"
"6018402",371849,2025-05-17 19:30:09,43.358081817627,-8.84499454498291,"Female"
"6018402",371849,2025-05-17 19:35:09,43.3582229614258,-8.84498023986816,"Female"
"6018402",371849,2025-05-17 19:40:09,43.3581314086914,-8.84493160247803,"Female"
"6018402",371849,2025-05-17 19:45:09,43.3581123352051,-8.84498596191406,"Female"
"6018402",371849,2025-05-17 19:50:09,43.3581008911133,-8.84492301940918,"Female"
"6018402",371849,2025-05-17 19:55:08,43.3581047058105,-8.84498882293701,"Female"
"6018402",371849,2025-05-17 20:00:08,43.3581237792969,-8.84506130218506,"Female"
"6018402",371849,2025-05-17 20:05:09,43.3581733703613,-8.84496021270752,"Female"
"6018402",371849,2025-05-17 20:10:08,43.3581695556641,-8.84496784210205,"Female"
"6018402",371849,2025-05-17 20:15:08,43.3581504821777,-8.84499835968018,"Female"
"6018402",371849,2025-05-17 20:20:08,43.358268737793,-8.84503078460693,"Female"
"6018402",371849,2025-05-17 20:25:08,43.3582534790039,-8.8451509475708,"Female"
"6018402",371849,2025-05-17 20:30:08,43.3582611083984,-8.84509563446045,"Female"
"6018402",371849,2025-05-17 20:35:08,43.3582763671875,-8.84510898590088,"Female"
"6018402",371849,2025-05-17 20:40:09,43.3582153320312,-8.845046043396,"Female"
"6018402",371849,2025-05-17 20:45:08,43.3582649230957,-8.84510612487793,"Female"
"6018402",371849,2025-05-17 20:50:08,43.3582229614258,-8.84512901306152,"Female"
"6018402",371849,2025-05-17 20:55:08,43.3582458496094,-8.84505462646484,"Female"
"6018402",371849,2025-05-17 21:00:08,43.3583946228027,-8.84518146514893,"Female"
"6018402",371849,2025-05-17 21:05:08,43.3584823608398,-8.84523868560791,"Female"
"6018402",371849,2025-05-17 21:10:08,43.3584632873535,-8.84524726867676,"Female"
"6018402",371849,2025-05-17 21:15:08,43.3583908081055,-8.8452730178833,"Female"
"6018402",371849,2025-05-17 21:20:09,43.3583831787109,-8.84527111053467,"Female"
"6018402",371849,2025-05-17 21:25:09,43.3582191467285,-8.84536075592041,"Female"
"6018402",371849,2025-05-17 21:30:08,43.358325958252,-8.84528064727783,"Female"
"6018402",371849,2025-05-17 21:35:08,43.3582420349121,-8.84531497955322,"Female"
"6018402",371849,2025-05-17 21:40:08,43.358211517334,-8.84525585174561,"Female"
"6018402",371849,2025-05-17 21:45:08,43.3580513000488,-8.84535026550293,"Female"
"6018402",371849,2025-05-17 21:50:09,43.3583679199219,-8.84504508972168,"Female"
"6018402",371849,2025-05-17 21:55:08,43.3582725524902,-8.84509658813477,"Female"
"6018402",371849,2025-05-17 22:00:08,43.3582763671875,-8.84500026702881,"Female"
"6018402",371849,2025-05-17 22:05:08,43.3579635620117,-8.8451623916626,"Female"
"6018402",371849,2025-05-17 22:10:09,43.3580474853516,-8.84519195556641,"Female"
"6018402",371849,2025-05-17 22:15:09,43.3581809997559,-8.8450403213501,"Female"
"6018402",371849,2025-05-17 22:20:08,43.3581237792969,-8.84511756896973,"Female"
"6018402",371849,2025-05-17 22:25:08,43.3579444885254,-8.84524059295654,"Female"
"6018402",371849,2025-05-17 22:30:09,43.3579483032227,-8.8451623916626,"Female"
"6018402",371849,2025-05-17 22:35:09,43.3581352233887,-8.84503364562988,"Female"
"6018402",371849,2025-05-17 22:40:09,43.3580894470215,-8.84506797790527,"Female"
"6018402",371849,2025-05-17 22:45:35,43.3581237792969,-8.84475231170654,"Female"
"6018402",371849,2025-05-17 22:50:09,43.3579788208008,-8.8451509475708,"Female"
"6018402",371849,2025-05-17 22:55:09,43.3578071594238,-8.84480667114258,"Female"
"6018402",371849,2025-05-17 23:00:08,43.3578071594238,-8.84479713439941,"Female"
"6018402",371849,2025-05-17 23:05:08,43.3578033447266,-8.84469985961914,"Female"
"6018402",371849,2025-05-17 23:10:07,43.3578300476074,-8.84487438201904,"Female"
"6018402",371849,2025-05-17 23:15:08,43.357723236084,-8.84461879730225,"Female"
"6018402",371849,2025-05-17 23:20:07,43.3528900146484,-8.85350704193115,"Female"
"6018402",371849,2025-05-17 23:25:08,43.3515243530273,-8.85753059387207,"Female"
"6018402",371849,2025-05-17 23:30:08,43.3514556884766,-8.85812473297119,"Female"
"6018402",371849,2025-05-17 23:35:08,43.3514518737793,-8.85869407653809,"Female"
"6018402",371849,2025-05-17 23:40:08,43.3513069152832,-8.8589334487915,"Female"
"6018402",371849,2025-05-17 23:45:08,43.3511581420898,-8.85885047912598,"Female"
"6018402",371849,2025-05-17 23:50:08,43.3508682250977,-8.85881042480469,"Female"
"6018402",371849,2025-05-17 23:55:08,43.3507080078125,-8.85861873626709,"Female"
"6018402",371849,2025-05-18 00:00:08,43.3519477844238,-8.85417175292969,"Female"
"6018402",371849,2025-05-18 00:05:08,43.3559646606445,-8.84365177154541,"Female"
"6018402",371849,2025-05-18 00:10:08,43.35595703125,-8.84360408782959,"Female"
"6018402",371849,2025-05-18 00:15:08,43.3559646606445,-8.84406566619873,"Female"
"6018402",371849,2025-05-18 00:20:08,43.3559188842773,-8.84394359588623,"Female"
"6018402",371849,2025-05-18 00:25:08,43.355884552002,-8.8439826965332,"Female"
"6018402",371849,2025-05-18 00:30:08,43.3558883666992,-8.84391021728516,"Female"
"6018402",371849,2025-05-18 00:35:08,43.355884552002,-8.8439826965332,"Female"
"6018402",371849,2025-05-18 00:40:08,43.3576545715332,-8.84468746185303,"Female"
"6018402",371849,2025-05-18 00:45:08,43.3578643798828,-8.84490585327148,"Female"
"6018402",371849,2025-05-18 00:50:08,43.3576545715332,-8.84476852416992,"Female"
"6018402",371849,2025-05-18 00:55:08,43.3573226928711,-8.8445930480957,"Female"
"6018402",371849,2025-05-18 01:00:08,43.357551574707,-8.8449649810791,"Female"
"6018402",371849,2025-05-18 01:05:08,43.3578491210938,-8.84485054016113,"Female"
"6018402",371849,2025-05-18 01:10:08,43.3573951721191,-8.84488582611084,"Female"
"6018402",371849,2025-05-18 01:15:07,43.3574867248535,-8.84493637084961,"Female"
"6018402",371849,2025-05-18 01:20:09,43.3574447631836,-8.84490394592285,"Female"
"6018402",371849,2025-05-18 01:25:10,43.357738494873,-8.84472560882568,"Female"
"6018402",371849,2025-05-18 01:30:08,43.3576545715332,-8.84492874145508,"Female"
"6018402",371849,2025-05-18 01:35:08,43.3576049804688,-8.84491348266602,"Female"
"6018402",371849,2025-05-18 01:40:08,43.3576545715332,-8.8449764251709,"Female"
"6018402",371849,2025-05-18 01:45:08,43.3576507568359,-8.84492969512939,"Female"
"6018402",371849,2025-05-18 01:50:08,43.3575897216797,-8.84485912322998,"Female"
"6018402",371849,2025-05-18 01:55:09,43.3576469421387,-8.84492778778076,"Female"
"6018402",371849,2025-05-18 02:00:08,43.3577041625977,-8.84492111206055,"Female"
"6018402",371849,2025-05-18 02:05:08,43.3576431274414,-8.84485816955566,"Female"
"6018402",371849,2025-05-18 02:10:08,43.357593536377,-8.84494590759277,"Female"
"6018402",371849,2025-05-18 02:15:08,43.3576049804688,-8.84491920471191,"Female"
"6018402",371849,2025-05-18 02:20:08,43.3576202392578,-8.8449592590332,"Female"
"6018402",371849,2025-05-18 02:25:08,43.3577156066895,-8.84496784210205,"Female"
"6018402",371849,2025-05-18 02:30:09,43.3576812744141,-8.844970703125,"Female"
"6018402",371849,2025-05-18 02:35:09,43.3578262329102,-8.84498310089111,"Female"
"6018402",371849,2025-05-18 02:40:12,43.3578262329102,-8.845046043396,"Female"
"6018402",371849,2025-05-18 02:45:10,43.3578414916992,-8.84508800506592,"Female"
"6018402",371849,2025-05-18 02:50:11,43.3577346801758,-8.8449764251709,"Female"
"6018402",371849,2025-05-18 02:55:09,43.3577690124512,-8.84498500823975,"Female"
"6018402",371849,2025-05-18 03:00:12,43.357837677002,-8.84504413604736,"Female"
"6018402",371849,2025-05-18 03:05:11,43.3578300476074,-8.84505939483643,"Female"
"6018402",371849,2025-05-18 03:10:08,43.3577842712402,-8.84500122070312,"Female"
"6018402",371849,2025-05-18 03:15:08,43.357780456543,-8.84503173828125,"Female"
"6018402",371849,2025-05-18 03:20:08,43.3577499389648,-8.84492683410645,"Female"
"6018402",371849,2025-05-18 03:25:09,43.3577041625977,-8.84496212005615,"Female"
"6018402",371849,2025-05-18 03:30:09,43.3577003479004,-8.84494018554688,"Female"
"6018402",371849,2025-05-18 03:35:09,43.3577194213867,-8.84495258331299,"Female"
"6018402",371849,2025-05-18 03:40:10,43.3577117919922,-8.84495544433594,"Female"
"6018402",371849,2025-05-18 03:45:09,43.3577003479004,-8.844895362854,"Female"
"6018402",371849,2025-05-18 03:50:09,43.3576850891113,-8.84500026702881,"Female"
"6018402",371849,2025-05-18 03:55:09,43.3576393127441,-8.84506225585938,"Female"
"6018402",371849,2025-05-18 04:00:12,43.3577079772949,-8.84491443634033,"Female"
"6018402",371849,2025-05-18 04:05:12,43.3578033447266,-8.8447790145874,"Female"
"6018402",371849,2025-05-18 04:10:18,43.3578872680664,-8.84458827972412,"Female"
"6018402",371849,2025-05-18 04:15:12,43.3579292297363,-8.84478187561035,"Female"
"6018402",371849,2025-05-18 04:20:09,43.3580589294434,-8.84479331970215,"Female"
"6018402",371849,2025-05-18 04:25:09,43.3580360412598,-8.84473609924316,"Female"
"6018402",371849,2025-05-18 04:30:10,43.3580055236816,-8.84472846984863,"Female"
"6018402",371849,2025-05-18 04:35:10,43.3579750061035,-8.84469890594482,"Female"
"6018402",371849,2025-05-18 04:40:10,43.3581085205078,-8.84468841552734,"Female"
"6018402",371849,2025-05-18 04:45:09,43.3581237792969,-8.84462833404541,"Female"
"6018402",371849,2025-05-18 04:50:12,43.3582763671875,-8.8445930480957,"Female"
"6018402",371849,2025-05-18 04:55:09,43.3581199645996,-8.84484672546387,"Female"
"6018402",371849,2025-05-18 05:00:09,43.3580741882324,-8.84480953216553,"Female"
"6018402",371849,2025-05-18 05:05:11,43.3580856323242,-8.84476852416992,"Female"
"6018402",371849,2025-05-18 05:10:18,43.3579063415527,-8.84483814239502,"Female"
"6018402",371849,2025-05-18 05:15:09,43.3578147888184,-8.84514713287354,"Female"
"6018402",371849,2025-05-18 05:20:11,43.3578643798828,-8.84448146820068,"Female"
"6018402",371849,2025-05-18 05:25:13,43.3580169677734,-8.84435176849365,"Female"
"6018402",371849,2025-05-18 05:30:10,43.3576889038086,-8.84488487243652,"Female"
"6018402",371849,2025-05-18 05:35:09,43.3386154174805,-8.85141086578369,"Female"
"6018402",371849,2025-05-18 05:40:09,43.3312759399414,-8.85044288635254,"Female"
"6018402",371849,2025-05-18 05:45:09,43.3176193237305,-8.84285068511963,"Female"
"6018402",371849,2025-05-18 05:50:08,43.3122329711914,-8.84521770477295,"Female"
"6018402",371849,2025-05-18 05:55:32,43.312068939209,-8.84507083892822,"Female"
"6018402",371849,2025-05-18 06:00:07,43.3120269775391,-8.84494590759277,"Female"
"6018402",371849,2025-05-18 06:05:08,43.3120918273926,-8.84496688842773,"Female"
"6018402",371849,2025-05-18 06:10:11,43.3120613098145,-8.84494590759277,"Female"
"6018402",371849,2025-05-18 06:15:08,43.3119926452637,-8.84486389160156,"Female"
"6018402",371849,2025-05-18 06:20:08,43.3119888305664,-8.84480476379395,"Female"
"6018402",371849,2025-05-18 06:25:07,43.3107070922852,-8.84538173675537,"Female"
"6018402",371849,2025-05-18 06:30:10,43.288990020752,-8.84904193878174,"Female"
"6018402",371849,2025-05-18 06:35:13,43.2895851135254,-8.84969234466553,"Female"
"6018402",371849,2025-05-18 06:40:23,43.2894058227539,-8.849778175354,"Female"
"6018402",371849,2025-05-18 06:45:08,43.2895889282227,-8.85018348693848,"Female"
"6018402",371849,2025-05-18 06:50:08,43.2900314331055,-8.85023880004883,"Female"
"6018402",371849,2025-05-18 06:55:11,43.2899513244629,-8.84998989105225,"Female"
"6018402",371849,2025-05-18 07:00:09,43.2897453308105,-8.84960651397705,"Female"
"6018402",371849,2025-05-18 07:05:08,43.284309387207,-8.87291526794434,"Female"
"6018402",371849,2025-05-18 07:10:08,43.2840881347656,-8.87267875671387,"Female"
"6018402",371849,2025-05-18 07:15:09,43.2838554382324,-8.87195587158203,"Female"
"6018402",371849,2025-05-18 07:20:08,43.2840118408203,-8.87226676940918,"Female"
"6018402",371849,2025-05-18 07:25:09,43.2850227355957,-8.87388706207275,"Female"
"6018402",371849,2025-05-18 07:30:08,43.2854118347168,-8.87419509887695,"Female"
"6018402",371849,2025-05-18 07:35:18,43.2851181030273,-8.87262058258057,"Female"
"6018402",371849,2025-05-18 07:40:08,43.2851295471191,-8.87263774871826,"Female"
"6018402",371849,2025-05-18 07:45:08,43.2852210998535,-8.872802734375,"Female"
"6018402",371849,2025-05-18 07:50:08,43.2852592468262,-8.87286281585693,"Female"
"6018402",371849,2025-05-18 07:55:08,43.2853507995605,-8.87295722961426,"Female"
"6018402",371849,2025-05-18 08:00:08,43.2853736877441,-8.87302494049072,"Female"
"6018402",371849,2025-05-18 08:05:08,43.2854042053223,-8.87317752838135,"Female"
"6018402",371849,2025-05-18 08:10:08,43.284797668457,-8.87237358093262,"Female"
"6018402",371849,2025-05-18 08:15:09,43.284496307373,-8.87638664245605,"Female"
"6018402",371849,2025-05-18 08:20:09,43.2845611572266,-8.87789916992188,"Female"
"6018402",371849,2025-05-18 08:25:08,43.2842903137207,-8.87803554534912,"Female"
"6018402",371849,2025-05-18 08:30:09,43.2843399047852,-8.87818050384521,"Female"
"6018402",371849,2025-05-18 08:35:09,43.2841339111328,-8.87782573699951,"Female"
"6018402",371849,2025-05-18 08:40:09,43.2836494445801,-8.87711715698242,"Female"
"6018402",371849,2025-05-18 08:45:12,43.2836647033691,-8.8771333694458,"Female"
"6018402",371849,2025-05-18 08:50:08,43.2838172912598,-8.87671852111816,"Female"
"6018402",371849,2025-05-18 08:55:13,43.2839775085449,-8.87684440612793,"Female"
"6018402",371849,2025-05-18 09:00:11,43.2841033935547,-8.87704753875732,"Female"
"6018402",371849,2025-05-18 09:05:08,43.2840538024902,-8.87695789337158,"Female"
"6018402",371849,2025-05-18 09:10:08,43.2840995788574,-8.87696552276611,"Female"
"6018402",371849,2025-05-18 09:15:10,43.2840843200684,-8.87695217132568,"Female"
"6018402",371849,2025-05-18 09:20:10,43.2829742431641,-8.87101173400879,"Female"
"6018402",371849,2025-05-18 09:25:26,43.2823677062988,-8.87189388275146,"Female"
"6018402",371849,2025-05-18 09:30:21,43.2823295593262,-8.87197113037109,"Female"
"6018402",371849,2025-05-18 09:35:08,43.2838478088379,-8.87259101867676,"Female"
"6018402",371849,2025-05-18 09:40:22,43.2839546203613,-8.8725700378418,"Female"
"6018402",371849,2025-05-18 09:45:08,43.2839050292969,-8.87261295318604,"Female"
"6018402",371849,2025-05-18 09:50:26,43.2839584350586,-8.87260627746582,"Female"
"6018402",371849,2025-05-18 09:55:09,43.283748626709,-8.87230205535889,"Female"
"6018402",371849,2025-05-18 10:00:18,43.284481048584,-8.8730354309082,"Female"
"6018402",371849,2025-05-18 10:05:18,43.2746734619141,-8.87325572967529,"Female"
"6018402",371849,2025-05-18 10:10:19,43.274715423584,-8.87341213226318,"Female"
"6018402",371849,2025-05-18 10:15:18,43.2746467590332,-8.87358379364014,"Female"
"6018402",371849,2025-05-18 10:20:18,43.2747535705566,-8.87354278564453,"Female"
"6018402",371849,2025-05-18 10:25:15,43.2748832702637,-8.87295532226562,"Female"
"6018402",371849,2025-05-18 10:30:17,43.2753601074219,-8.8729133605957,"Female"
"6018402",371849,2025-05-18 10:35:15,43.2753753662109,-8.87300395965576,"Female"
"6018402",371849,2025-05-18 10:40:12,43.2750816345215,-8.87009334564209,"Female"
"6018402",371849,2025-05-18 10:45:16,43.2747535705566,-8.87070465087891,"Female"
"6018402",371849,2025-05-18 10:50:10,43.2745590209961,-8.87090587615967,"Female"
"6018402",371849,2025-05-18 10:55:10,43.2765693664551,-8.87402439117432,"Female"
"6018402",371849,2025-05-18 11:00:10,43.2877655029297,-8.87198543548584,"Female"
"6018402",371849,2025-05-18 11:05:09,43.3034744262695,-8.86634922027588,"Female"
"6018402",371849,2025-05-18 11:10:09,43.3111801147461,-8.84746551513672,"Female"
"6018402",371849,2025-05-18 11:15:10,43.3135948181152,-8.84315013885498,"Female"
"6018402",371849,2025-05-18 11:20:09,43.3135604858398,-8.84320640563965,"Female"
"6018402",371849,2025-05-18 11:25:10,43.3137245178223,-8.84325790405273,"Female"
"6018402",371849,2025-05-18 11:30:11,43.313175201416,-8.84305000305176,"Female"
"6018402",371849,2025-05-18 11:35:12,43.3132972717285,-8.84299755096436,"Female"
"6018402",371849,2025-05-18 11:40:30,43.3139953613281,-8.84297180175781,"Female"
"6018402",371849,2025-05-18 11:45:27,43.3142776489258,-8.84427738189697,"Female"
"6018402",371849,2025-05-18 11:50:09,43.3142852783203,-8.84375,"Female"
"6018402",371849,2025-05-18 11:55:09,43.31103515625,-8.84777927398682,"Female"
"6018402",371849,2025-05-18 12:00:09,43.3064041137695,-8.85122394561768,"Female"
"6018402",371849,2025-05-18 12:05:10,43.2961921691895,-8.87173175811768,"Female"
"6018402",371849,2025-05-18 12:10:08,43.2962265014648,-8.87180137634277,"Female"
"6018402",371849,2025-05-18 12:15:08,43.2829704284668,-8.87089729309082,"Female"
"6018402",371849,2025-05-18 12:20:11,43.2745895385742,-8.87034034729004,"Female"
"6018402",371849,2025-05-18 12:25:21,43.2751502990723,-8.87085247039795,"Female"
"6018402",371849,2025-05-18 12:30:09,43.275806427002,-8.87016677856445,"Female"
"6018402",371849,2025-05-18 12:35:19,43.2757911682129,-8.87069416046143,"Female"
"6018402",371849,2025-05-18 12:40:34,43.275577545166,-8.87029552459717,"Female"
"6018402",371849,2025-05-18 12:45:08,43.275577545166,-8.87037086486816,"Female"
"6018402",371849,2025-05-18 12:50:08,43.2755966186523,-8.87042045593262,"Female"
"6018402",371849,2025-05-18 12:55:08,43.2752571105957,-8.87121295928955,"Female"
"6018402",371849,2025-05-18 13:00:08,43.2753868103027,-8.87105274200439,"Female"
"6018402",371849,2025-05-18 13:05:08,43.2753067016602,-8.87137317657471,"Female"
"6018402",371849,2025-05-18 13:10:08,43.2746696472168,-8.87273788452148,"Female"
"6018402",371849,2025-05-18 13:15:08,43.2745628356934,-8.87291431427002,"Female"
"6018402",371849,2025-05-18 13:20:07,43.2760543823242,-8.87220859527588,"Female"
"6018402",371849,2025-05-18 13:25:07,43.2764434814453,-8.87271118164062,"Female"
"6018402",371849,2025-05-18 13:30:08,43.2763824462891,-8.87288665771484,"Female"
"6018402",371849,2025-05-18 13:35:07,43.2763862609863,-8.87282752990723,"Female"
"6018402",371849,2025-05-18 13:40:08,43.2763671875,-8.87286376953125,"Female"
"6018402",371849,2025-05-18 13:45:08,43.2764282226562,-8.87288665771484,"Female"
"6018402",371849,2025-05-18 13:50:08,43.2763862609863,-8.87282752990723,"Female"
"6018402",371849,2025-05-18 13:55:08,43.2765007019043,-8.87325382232666,"Female"
"6018402",371849,2025-05-18 14:00:08,43.2765960693359,-8.87302780151367,"Female"
"6018402",371849,2025-05-18 14:05:08,43.2765312194824,-8.87441635131836,"Female"
"6018402",371849,2025-05-18 14:10:08,43.274471282959,-8.87232208251953,"Female"
"6018402",371849,2025-05-18 14:15:08,43.2783126831055,-8.87496566772461,"Female"
"6018402",371849,2025-05-18 14:20:08,43.278392791748,-8.8749532699585,"Female"
"6018402",371849,2025-05-18 14:25:08,43.2783393859863,-8.87497234344482,"Female"
"6018402",371849,2025-05-18 14:30:08,43.2782936096191,-8.87483024597168,"Female"
"6018402",371849,2025-05-18 14:35:08,43.2783393859863,-8.87508869171143,"Female"
"6018402",371849,2025-05-18 14:40:08,43.2783546447754,-8.87499523162842,"Female"
"6018402",371849,2025-05-18 14:45:08,43.2783393859863,-8.87494659423828,"Female"
"6018402",371849,2025-05-18 14:50:08,43.2783317565918,-8.87510681152344,"Female"
"6018402",371849,2025-05-18 14:55:08,43.2783164978027,-8.87495803833008,"Female"
"6018402",371849,2025-05-18 15:00:08,43.2784461975098,-8.87474536895752,"Female"
"6018402",371849,2025-05-18 15:05:08,43.2785224914551,-8.87500381469727,"Female"
"6018402",371849,2025-05-18 15:10:09,43.2739334106445,-8.87379837036133,"Female"
"6018402",371849,2025-05-18 15:15:08,43.2737159729004,-8.87382125854492,"Female"
"6018402",371849,2025-05-18 15:20:08,43.2738189697266,-8.8739013671875,"Female"
"6018402",371849,2025-05-18 15:25:11,43.2728538513184,-8.87377738952637,"Female"
"6018402",371849,2025-05-18 15:30:12,43.2735214233398,-8.8732271194458,"Female"
"6018402",371849,2025-05-18 15:35:08,43.2733268737793,-8.87293720245361,"Female"
"6018402",371849,2025-05-18 15:40:08,43.2854118347168,-8.86872673034668,"Female"
"6018402",371849,2025-05-18 15:45:12,43.2852668762207,-8.86872386932373,"Female"
"6018402",371849,2025-05-18 15:50:21,43.2854042053223,-8.86865139007568,"Female"
"6018402",371849,2025-05-18 15:55:09,43.2855758666992,-8.86844635009766,"Female"
"6018402",371849,2025-05-18 16:00:10,43.2855567932129,-8.86857414245605,"Female"
"6018402",371849,2025-05-18 16:05:12,43.2854881286621,-8.86848831176758,"Female"
"6018402",371849,2025-05-18 16:10:10,43.2854957580566,-8.86851787567139,"Female"
"6018402",371849,2025-05-18 16:15:10,43.2855567932129,-8.86867427825928,"Female"
"6018402",371849,2025-05-18 16:20:10,43.2855224609375,-8.86857604980469,"Female"
"6018402",371849,2025-05-18 16:25:10,43.2740631103516,-8.87271022796631,"Female"
"6018402",371849,2025-05-18 16:30:17,43.2721328735352,-8.87363910675049,"Female"
"6018402",371849,2025-05-18 16:35:10,43.2734375,-8.87256240844727,"Female"
"6018402",371849,2025-05-18 16:40:29,43.2728500366211,-8.87399387359619,"Female"
"6018402",371849,2025-05-18 16:45:32,43.2727127075195,-8.87383365631104,"Female"
"6018402",371849,2025-05-18 16:50:07,43.2726936340332,-8.87376976013184,"Female"
"6018402",371849,2025-05-18 16:55:07,43.2728729248047,-8.87341785430908,"Female"
"6018402",371849,2025-05-18 17:00:07,43.2726516723633,-8.87367343902588,"Female"
"6018402",371849,2025-05-18 17:05:08,43.2737579345703,-8.87262916564941,"Female"
"6018402",371849,2025-05-18 17:10:08,43.2748794555664,-8.87000751495361,"Female"
"6018402",371849,2025-05-18 17:15:08,43.2748985290527,-8.87004566192627,"Female"
"6018402",371849,2025-05-18 17:20:08,43.2747764587402,-8.87001895904541,"Female"
"6018402",371849,2025-05-18 17:25:08,43.2749061584473,-8.87008953094482,"Female"
"6018402",371849,2025-05-18 17:30:08,43.2749557495117,-8.87010955810547,"Female"
"6018402",371849,2025-05-18 17:35:08,43.2724761962891,-8.87263584136963,"Female"
"6018402",371849,2025-05-18 17:40:10,43.2729835510254,-8.87142753601074,"Female"
"6018402",371849,2025-05-18 17:45:08,43.2736320495605,-8.87226581573486,"Female"
"6018402",371849,2025-05-18 17:50:08,43.2736206054688,-8.87223052978516,"Female"
"6018402",371849,2025-05-18 17:55:08,43.2738952636719,-8.87191104888916,"Female"
"6018402",371849,2025-05-18 18:00:16,43.2738800048828,-8.87230491638184,"Female"
"6018402",371849,2025-05-18 18:05:11,43.273551940918,-8.87213516235352,"Female"
"6018402",371849,2025-05-18 18:10:08,43.2740821838379,-8.87168884277344,"Female"
"6018402",371849,2025-05-18 18:15:08,43.2721519470215,-8.87380218505859,"Female"
"6018402",371849,2025-05-18 18:20:10,43.2731742858887,-8.87301826477051,"Female"
"6018402",371849,2025-05-18 18:25:11,43.273250579834,-8.87330532073975,"Female"
"6018402",371849,2025-05-18 18:30:33,43.2731285095215,-8.87302017211914,"Female"
"6018402",371849,2025-05-18 18:35:07,43.2731437683105,-8.87301826477051,"Female"
"6018402",371849,2025-05-18 18:40:07,43.273120880127,-8.8731050491333,"Female"
"6018402",371849,2025-05-18 18:45:07,43.2731590270996,-8.87298488616943,"Female"
"6018402",371849,2025-05-18 18:50:07,43.2731475830078,-8.87300586700439,"Female"
"6018402",371849,2025-05-18 18:55:07,43.2731590270996,-8.87304592132568,"Female"
"6018402",371849,2025-05-18 19:00:07,43.2731056213379,-8.87305164337158,"Female"
"6018402",371849,2025-05-18 19:05:07,43.2733840942383,-8.87186145782471,"Female"
"6018402",371849,2025-05-18 19:10:07,43.2734718322754,-8.87183475494385,"Female"
"6018402",371849,2025-05-18 19:15:07,43.2734336853027,-8.87187576293945,"Female"
"6018402",371849,2025-05-18 19:20:07,43.2734451293945,-8.87184524536133,"Female"
"6018402",371849,2025-05-18 19:25:08,43.2724952697754,-8.87142753601074,"Female"
"6018402",371849,2025-05-18 19:30:08,43.2771797180176,-8.87302780151367,"Female"
"6018402",371849,2025-05-18 19:35:07,43.2855796813965,-8.86939811706543,"Female"
"6018402",371849,2025-05-18 19:40:08,43.2855682373047,-8.86938953399658,"Female"
"6018402",371849,2025-05-18 19:45:08,43.2855529785156,-8.86940956115723,"Female"
"6018402",371849,2025-05-18 19:50:07,43.285572052002,-8.86940860748291,"Female"
"6018402",371849,2025-05-18 19:55:08,43.285572052002,-8.86937141418457,"Female"
"6018402",371849,2025-05-18 20:00:08,43.3091659545898,-8.8606595993042,"Female"
"6018402",371849,2025-05-18 20:05:09,43.3316841125488,-8.86014842987061,"Female"
"6018402",371849,2025-05-18 20:10:08,43.3311233520508,-8.86213207244873,"Female"
"6018402",371849,2025-05-18 20:15:07,43.3292236328125,-8.86491107940674,"Female"
"6018402",371849,2025-05-18 20:20:07,43.3299865722656,-8.86628341674805,"Female"
"6018402",371849,2025-05-18 20:25:07,43.3283615112305,-8.86683082580566,"Female"
"6018402",371849,2025-05-18 20:30:09,43.3283157348633,-8.86721134185791,"Female"
"6018402",371849,2025-05-18 20:35:09,43.3295364379883,-8.86848545074463,"Female"
"6018402",371849,2025-05-18 20:40:08,43.3295631408691,-8.86863803863525,"Female"
"6018402",371849,2025-05-18 20:45:07,43.3298301696777,-8.86863040924072,"Female"
"6018402",371849,2025-05-18 20:50:08,43.3296585083008,-8.86867809295654,"Female"
"6018402",371849,2025-05-18 20:55:08,43.3298416137695,-8.86849117279053,"Female"
"6018402",371849,2025-05-18 21:00:08,43.3302268981934,-8.86799812316895,"Female"
"6018402",371849,2025-05-18 21:05:08,43.3306770324707,-8.86771965026855,"Female"
"6018402",371849,2025-05-18 21:10:08,43.3311042785645,-8.86747360229492,"Female"
"6018402",371849,2025-05-18 21:15:08,43.3314552307129,-8.86708545684814,"Female"
"6018402",371849,2025-05-18 21:20:08,43.3317222595215,-8.86685752868652,"Female"
"6018402",371849,2025-05-18 21:25:09,43.3321762084961,-8.86684894561768,"Female"
"6018402",371849,2025-05-18 21:30:16,43.332691192627,-8.86666107177734,"Female"
"6018402",371849,2025-05-18 21:35:12,43.3330993652344,-8.8665018081665,"Female"
"6018402",371849,2025-05-18 21:40:31,43.3331298828125,-8.86550045013428,"Female"
"6018402",371849,2025-05-18 21:45:08,43.3333053588867,-8.86492156982422,"Female"
"6018402",371849,2025-05-18 21:50:10,43.3339996337891,-8.86507129669189,"Female"
"6018402",371849,2025-05-18 21:55:16,43.3342208862305,-8.86437225341797,"Female"
"6018402",371849,2025-05-18 22:00:08,43.3345146179199,-8.86390399932861,"Female"
"6018402",371849,2025-05-18 22:05:12,43.3352737426758,-8.86424732208252,"Female"
"6018402",371849,2025-05-18 22:10:11,43.335807800293,-8.8640308380127,"Female"
"6018402",371849,2025-05-18 22:15:10,43.336238861084,-8.86366939544678,"Female"
"6018402",371849,2025-05-18 22:20:11,43.3366928100586,-8.86320877075195,"Female"
"6018402",371849,2025-05-18 22:25:12,43.3374061584473,-8.8632640838623,"Female"
"6018402",371849,2025-05-18 22:30:12,43.3380279541016,-8.86308765411377,"Female"
"6018402",371849,2025-05-18 22:35:15,43.3386077880859,-8.86299419403076,"Female"
"6018402",371849,2025-05-18 22:40:13,43.3391914367676,-8.86294174194336,"Female"
"6018402",371849,2025-05-18 22:45:13,43.3397827148438,-8.8631534576416,"Female"
"6018402",371849,2025-05-18 22:50:12,43.3403091430664,-8.86332893371582,"Female"
"6018402",371849,2025-05-18 22:55:32,43.3407135009766,-8.86308002471924,"Female"
"6018402",371849,2025-05-18 23:00:08,43.3412094116211,-8.86291217803955,"Female"
"6018402",371849,2025-05-18 23:05:08,43.3418807983398,-8.86321926116943,"Female"
"6018402",371849,2025-05-18 23:10:10,43.3423080444336,-8.86316108703613,"Female"
"6018402",371849,2025-05-18 23:15:11,43.3429183959961,-8.86316585540771,"Female"
"6018402",371849,2025-05-18 23:20:10,43.3433609008789,-8.86305999755859,"Female"
"6018402",371849,2025-05-18 23:25:12,43.3437843322754,-8.86293506622314,"Female"
"6018402",371849,2025-05-18 23:30:10,43.3459625244141,-8.85906791687012,"Female"
"6018402",371849,2025-05-18 23:35:17,43.3574066162109,-8.84486865997314,"Female"
"6018402",371849,2025-05-18 23:40:08,43.3573951721191,-8.84482288360596,"Female"
"6018402",371849,2025-05-18 23:45:10,43.3574333190918,-8.84484672546387,"Female"
"6018402",371849,2025-05-18 23:50:13,43.3574485778809,-8.84478664398193,"Female"
"6018402",371849,2025-05-18 23:55:11,43.3573799133301,-8.8447904586792,"Female"
"6018402",371849,2025-05-19 00:00:17,43.3572311401367,-8.8444766998291,"Female"
"6018402",371849,2025-05-19 00:05:32,43.3573760986328,-8.84480571746826,"Female"
"6018402",371849,2025-05-19 00:10:07,43.3574028015137,-8.84484195709229,"Female"
"6018402",371849,2025-05-19 00:15:08,43.3573722839355,-8.84473514556885,"Female"
"6018402",371849,2025-05-19 00:20:08,43.3574066162109,-8.8448429107666,"Female"
"6018402",371849,2025-05-19 00:25:08,43.3573989868164,-8.84485816955566,"Female"
"6018402",371849,2025-05-19 00:30:07,43.3573532104492,-8.84469604492188,"Female"
"6018402",371849,2025-05-19 00:35:08,43.3573760986328,-8.84478187561035,"Female"
"6018402",371849,2025-05-19 00:40:07,43.3573951721191,-8.84478092193604,"Female"
"6018402",371849,2025-05-19 00:45:08,43.357536315918,-8.84453105926514,"Female"
"6018402",371849,2025-05-19 00:50:08,43.357795715332,-8.84484195709229,"Female"
"6018402",371849,2025-05-19 00:55:13,43.3577079772949,-8.84508037567139,"Female"
"6018402",371849,2025-05-19 01:00:11,43.3577766418457,-8.84488582611084,"Female"
"6018402",371849,2025-05-19 01:05:31,43.3577766418457,-8.8448543548584,"Female"
"6018402",371849,2025-05-19 01:10:07,43.3577003479004,-8.84488964080811,"Female"
"6018402",371849,2025-05-19 01:15:07,43.3577308654785,-8.84507846832275,"Female"
"6018402",371849,2025-05-19 01:20:07,43.357738494873,-8.84494876861572,"Female"
"6018402",371849,2025-05-19 01:25:07,43.3577613830566,-8.84490203857422,"Female"
"6018402",371849,2025-05-19 01:30:07,43.3578033447266,-8.84485149383545,"Female"
"6018402",371849,2025-05-19 01:35:07,43.3577766418457,-8.84487342834473,"Female"
"6018402",371849,2025-05-19 01:40:07,43.3577651977539,-8.84489727020264,"Female"
"6018402",371849,2025-05-19 01:45:08,43.3577880859375,-8.84490299224854,"Female"
"6018402",371849,2025-05-19 01:50:08,43.3577728271484,-8.84482192993164,"Female"
"6018402",371849,2025-05-19 01:55:07,43.3577194213867,-8.84486770629883,"Female"
"6018402",371849,2025-05-19 02:00:07,43.3577499389648,-8.84496593475342,"Female"
"6018402",371849,2025-05-19 02:05:07,43.3577308654785,-8.8449125289917,"Female"
"6018402",371849,2025-05-19 02:10:07,43.3577308654785,-8.84493923187256,"Female"
"6018402",371849,2025-05-19 02:15:08,43.357738494873,-8.84485530853271,"Female"
"6018402",371849,2025-05-19 02:20:08,43.3577613830566,-8.84483528137207,"Female"
"6018402",371849,2025-05-19 02:25:08,43.3577117919922,-8.84492969512939,"Female"
"6018402",371849,2025-05-19 02:30:08,43.3577575683594,-8.8449068069458,"Female"
"6018402",371849,2025-05-19 02:35:08,43.3577041625977,-8.84487152099609,"Female"
"6018402",371849,2025-05-19 02:40:08,43.3578109741211,-8.84491348266602,"Female"
"6018402",371849,2025-05-19 02:45:08,43.3577079772949,-8.8448600769043,"Female"
"6018402",371849,2025-05-19 02:50:08,43.3577842712402,-8.84481430053711,"Female"
"6018402",371849,2025-05-19 02:55:08,43.3576927185059,-8.84488010406494,"Female"
"6018402",371849,2025-05-19 03:00:09,43.3577308654785,-8.84491920471191,"Female"
"6018402",371849,2025-05-19 03:05:09,43.3577308654785,-8.84486293792725,"Female"
"6018402",371849,2025-05-19 03:10:12,43.3578643798828,-8.84480953216553,"Female"
"6018402",371849,2025-05-19 03:15:14,43.3576316833496,-8.84493446350098,"Female"
"6018402",371849,2025-05-19 03:20:32,43.3579139709473,-8.84484100341797,"Female"
"6018402",371849,2025-05-19 03:25:13,43.3578948974609,-8.84490776062012,"Female"
"6018402",371849,2025-05-19 03:30:13,43.3577651977539,-8.8447437286377,"Female"
"6018402",371849,2025-05-19 03:35:13,43.3578224182129,-8.84478664398193,"Female"
"6018402",371849,2025-05-19 03:40:10,43.3578300476074,-8.84480667114258,"Female"
"6018402",371849,2025-05-19 03:45:17,43.3578414916992,-8.8448600769043,"Female"
"6018402",371849,2025-05-19 03:50:10,43.3577613830566,-8.84487724304199,"Female"
"6018402",371849,2025-05-19 03:55:19,43.3578796386719,-8.84488391876221,"Female"
"6018402",371849,2025-05-19 04:00:14,43.3578491210938,-8.84484577178955,"Female"
"6018402",371849,2025-05-19 04:05:19,43.3578567504883,-8.84486103057861,"Female"
"6018402",371849,2025-05-19 04:10:19,43.3578796386719,-8.84484481811523,"Female"
"6018402",371849,2025-05-19 04:15:14,43.3578491210938,-8.84481716156006,"Female"
"6018402",371849,2025-05-19 04:20:18,43.3578758239746,-8.84484004974365,"Female"
"6018402",371849,2025-05-19 04:25:18,43.3578872680664,-8.84486389160156,"Female"
"6018402",371849,2025-05-19 04:30:13,43.3578796386719,-8.84487247467041,"Female"
"6018402",371849,2025-05-19 04:35:26,43.3580169677734,-8.84497833251953,"Female"
"6018402",371849,2025-05-19 04:40:29,43.3579978942871,-8.84503269195557,"Female"
"6018402",371849,2025-05-19 04:45:33,43.3579978942871,-8.84483432769775,"Female"
"6018402",371849,2025-05-19 04:50:19,43.3578910827637,-8.8449239730835,"Female"
"6018402",371849,2025-05-19 04:55:11,43.3578033447266,-8.84421920776367,"Female"
"6018402",371849,2025-05-19 05:00:11,43.3579292297363,-8.84403610229492,"Female"
"6018402",371849,2025-05-19 05:05:16,43.3577613830566,-8.84499931335449,"Female"
"6018402",371849,2025-05-19 05:10:19,43.3578491210938,-8.84498405456543,"Female"
"6018402",371849,2025-05-19 05:15:21,43.3578453063965,-8.84500503540039,"Female"
"6018402",371849,2025-05-19 05:20:19,43.3576889038086,-8.84513282775879,"Female"
"6018402",371849,2025-05-19 05:25:21,43.3577766418457,-8.84498119354248,"Female"
"6018402",371849,2025-05-19 05:30:21,43.3578796386719,-8.84495735168457,"Female"
"6018402",371849,2025-05-19 05:35:21,43.3578491210938,-8.8449649810791,"Female"
"6018402",371849,2025-05-19 05:40:20,43.3577575683594,-8.84497833251953,"Female"
"6018402",371849,2025-05-19 05:45:19,43.357837677002,-8.84496593475342,"Female"
"6018402",371849,2025-05-19 05:50:19,43.357795715332,-8.84493255615234,"Female"
"6018402",371849,2025-05-19 05:55:20,43.3577651977539,-8.84496688842773,"Female"
"6018402",371849,2025-05-19 06:00:19,43.3578071594238,-8.84495735168457,"Female"
"6018402",371849,2025-05-19 06:05:19,43.3577728271484,-8.84498023986816,"Female"
"6018402",371849,2025-05-19 06:10:20,43.3577651977539,-8.84494400024414,"Female"
"6018402",371849,2025-05-19 06:15:20,43.357780456543,-8.8448657989502,"Female"
"6018402",371849,2025-05-19 06:20:19,43.3577919006348,-8.84494400024414,"Female"
"6018402",371849,2025-05-19 06:25:16,43.3577766418457,-8.84493732452393,"Female"
"6018402",371849,2025-05-19 06:30:13,43.3573760986328,-8.84431934356689,"Female"
"6018402",371849,2025-05-19 06:35:22,43.3578910827637,-8.84479713439941,"Female"
"6018402",371849,2025-05-19 06:40:23,43.3577346801758,-8.84485626220703,"Female"
"6018402",371849,2025-05-19 06:45:09,43.3577270507812,-8.84496879577637,"Female"
"6018402",371849,2025-05-19 06:50:20,43.3579139709473,-8.84475898742676,"Female"
"6018402",371849,2025-05-19 06:55:08,43.3580322265625,-8.84482288360596,"Female"
"6018402",371849,2025-05-19 07:00:11,43.3575782775879,-8.84468746185303,"Female"
"6018402",371849,2025-05-19 07:05:14,43.3578948974609,-8.84458827972412,"Female"
"6018402",371849,2025-05-19 07:10:09,43.3577461242676,-8.84471797943115,"Female"
"6018402",371849,2025-05-19 07:15:10,43.357364654541,-8.84474468231201,"Female"
"6018402",371849,2025-05-19 07:20:11,43.357551574707,-8.84470081329346,"Female"
"6018402",371849,2025-05-19 07:25:19,43.3578262329102,-8.84465599060059,"Female"
"6018402",371849,2025-05-19 07:30:20,43.3577651977539,-8.84488105773926,"Female"
"6018402",371849,2025-05-19 07:35:17,43.3577346801758,-8.84491062164307,"Female"
"6018402",371849,2025-05-19 07:40:13,43.3576011657715,-8.84478569030762,"Female"
"6018402",371849,2025-05-19 07:45:33,43.3577575683594,-8.84491539001465,"Female"
"6018402",371849,2025-05-19 07:50:08,43.357795715332,-8.84497451782227,"Female"
"6018402",371849,2025-05-19 07:55:07,43.3579483032227,-8.84515857696533,"Female"
"6018402",371849,2025-05-19 08:00:08,43.3579025268555,-8.84509658813477,"Female"
"6018402",371849,2025-05-19 08:05:09,43.357967376709,-8.84517383575439,"Female"
"6018402",371849,2025-05-19 08:10:09,43.3578414916992,-8.84496402740479,"Female"
"6018402",371849,2025-05-19 08:15:08,43.3578414916992,-8.84491539001465,"Female"
"6018402",371849,2025-05-19 08:20:07,43.3578643798828,-8.84496688842773,"Female"
"6018402",371849,2025-05-19 08:25:08,43.3578910827637,-8.84493446350098,"Female"
"6018402",371849,2025-05-19 08:30:08,43.3579368591309,-8.84489631652832,"Female"
"6018402",371849,2025-05-19 08:35:10,43.3578567504883,-8.84493541717529,"Female"
"6018402",371849,2025-05-19 08:40:09,43.3578758239746,-8.8448600769043,"Female"
"6018402",371849,2025-05-19 08:45:08,43.3578224182129,-8.84488391876221,"Female"
"6018402",371849,2025-05-19 08:50:08,43.3579025268555,-8.84483623504639,"Female"
"6018402",371849,2025-05-19 08:55:08,43.357982635498,-8.84484577178955,"Female"
"6018402",371849,2025-05-19 09:00:09,43.3578834533691,-8.84484004974365,"Female"
"6018402",371849,2025-05-19 09:05:08,43.3585662841797,-8.84754943847656,"Female"
"6018402",371849,2025-05-19 09:10:09,43.3498840332031,-8.83163833618164,"Female"
"6018402",371849,2025-05-19 09:15:35,43.3394546508789,-8.843186378479,"Female"
"6018402",371849,2025-05-19 09:20:08,43.3249855041504,-8.84473133087158,"Female"
"6018402",371849,2025-05-19 09:25:08,43.3191375732422,-8.83434772491455,"Female"
"6018402",371849,2025-05-19 09:30:16,43.3197174072266,-8.8340368270874,"Female"
"6018402",371849,2025-05-19 09:35:08,43.319393157959,-8.83450794219971,"Female"
"6018402",371849,2025-05-19 09:40:11,43.3191223144531,-8.83455085754395,"Female"
"6018402",371849,2025-05-19 09:45:09,43.3133773803711,-8.84406566619873,"Female"
"6018402",371849,2025-05-19 09:50:09,43.3132286071777,-8.84399604797363,"Female"
"6018402",371849,2025-05-19 09:55:08,43.3167037963867,-8.85201644897461,"Female"
"6018402",371849,2025-05-19 10:00:08,43.3139114379883,-8.85640335083008,"Female"
"6018402",371849,2025-05-19 10:05:08,43.3254699707031,-8.8481273651123,"Female"
"6018402",371849,2025-05-19 10:10:08,43.3484306335449,-8.84531307220459,"Female"
"6018402",371849,2025-05-19 10:15:10,43.3574333190918,-8.84463119506836,"Female"
"6018402",371849,2025-05-19 10:20:11,43.3572616577148,-8.84443950653076,"Female"
"6018402",371849,2025-05-19 10:25:11,43.3573760986328,-8.84440612792969,"Female"
"6018402",371849,2025-05-19 10:30:16,43.3578109741211,-8.84489822387695,"Female"
"6018402",371849,2025-05-19 10:35:17,43.3578453063965,-8.8448486328125,"Female"
"6018402",371849,2025-05-19 10:40:08,43.357837677002,-8.84487438201904,"Female"
"6018402",371849,2025-05-19 10:45:19,43.3577995300293,-8.84488487243652,"Female"
"6018402",371849,2025-05-19 10:50:08,43.3577880859375,-8.84487915039062,"Female"
"6018402",371849,2025-05-19 10:55:16,43.3578224182129,-8.84485244750977,"Female"
"6018402",371849,2025-05-19 11:00:17,43.3578758239746,-8.84477233886719,"Female"
"6018402",371849,2025-05-19 11:05:13,43.3576965332031,-8.8445930480957,"Female"
"6018402",371849,2025-05-19 11:10:16,43.3577880859375,-8.84482479095459,"Female"
"6018402",371849,2025-05-19 11:15:14,43.3578147888184,-8.84477615356445,"Female"
"6018402",371849,2025-05-19 11:20:18,43.3577270507812,-8.84501075744629,"Female"
"6018402",371849,2025-05-19 11:25:11,43.3576927185059,-8.84505271911621,"Female"
"6018402",371849,2025-05-19 11:30:22,43.3577995300293,-8.84478378295898,"Female"
"6018402",371849,2025-05-19 11:35:22,43.3579330444336,-8.84464550018311,"Female"
"6018402",371849,2025-05-19 11:40:12,43.3577041625977,-8.84498310089111,"Female"
"6018402",371849,2025-05-19 11:45:35,43.3576240539551,-8.84493446350098,"Female"
"6018402",371849,2025-05-19 11:50:08,43.3576965332031,-8.8450345993042,"Female"
"6018402",371849,2025-05-19 11:55:09,43.3580360412598,-8.84523677825928,"Female"
"6018402",371849,2025-05-19 12:00:09,43.3578872680664,-8.84508991241455,"Female"
"6018402",371849,2025-05-19 12:05:12,43.3584823608398,-8.84651565551758,"Female"
"6018402",371849,2025-05-19 12:10:35,43.3584785461426,-8.8464298248291,"Female"
"6018402",371849,2025-05-19 12:15:08,43.358528137207,-8.84640884399414,"Female"
"6018402",371849,2025-05-19 12:20:08,43.3536605834961,-8.85095977783203,"Female"
"6018402",371849,2025-05-19 12:25:09,43.3535690307617,-8.8507137298584,"Female"
"6018402",371849,2025-05-19 12:30:09,43.3532409667969,-8.84975624084473,"Female"
"6018402",371849,2025-05-19 12:35:09,43.3530082702637,-8.84874057769775,"Female"
"6018402",371849,2025-05-19 12:40:08,43.3515968322754,-8.85232162475586,"Female"
"6018402",371849,2025-05-19 12:45:11,43.3511123657227,-8.85241603851318,"Female"
"6018402",371849,2025-05-19 12:50:08,43.331672668457,-8.84530735015869,"Female"
"6018402",371849,2025-05-19 12:55:10,43.3148078918457,-8.84198760986328,"Female"
"6018402",371849,2025-05-19 13:00:08,43.3148918151855,-8.84197616577148,"Female"
"6018402",371849,2025-05-19 13:05:16,43.3148422241211,-8.84108734130859,"Female"
"6018402",371849,2025-05-19 13:10:08,43.3148765563965,-8.84217548370361,"Female"
"6018402",371849,2025-05-19 13:15:08,43.314868927002,-8.84197044372559,"Female"
"6018402",371849,2025-05-19 13:20:08,43.314884185791,-8.84186172485352,"Female"
"6018402",371849,2025-05-19 13:25:08,43.3149032592773,-8.84194660186768,"Female"
"6018402",371849,2025-05-19 13:30:09,43.3195877075195,-8.83684635162354,"Female"
"6018402",371849,2025-05-19 13:35:17,43.3196296691895,-8.83650588989258,"Female"
"6018402",371849,2025-05-19 13:40:10,43.3193740844727,-8.83653450012207,"Female"
"6018402",371849,2025-05-19 13:45:08,43.3196220397949,-8.83701705932617,"Female"
"6018402",371849,2025-05-19 13:50:09,43.3196182250977,-8.8368673324585,"Female"
"6018402",371849,2025-05-19 13:55:10,43.3197860717773,-8.83720207214355,"Female"
"6018402",371849,2025-05-19 14:00:08,43.3196334838867,-8.8370361328125,"Female"
"6018402",371849,2025-05-19 14:05:09,43.3161087036133,-8.82301807403564,"Female"
"6018402",371849,2025-05-19 14:10:09,43.3160514831543,-8.82312202453613,"Female"
"6018402",371849,2025-05-19 14:15:09,43.319652557373,-8.82995700836182,"Female"
"6018402",371849,2025-05-19 14:20:44,43.3202514648438,-8.83717060089111,"Female"
"6018402",371849,2025-05-19 14:25:09,43.3202629089355,-8.83719825744629,"Female"
"6018402",371849,2025-05-19 14:30:09,43.3203010559082,-8.83717155456543,"Female"
"6018402",371849,2025-05-19 14:35:09,43.3192443847656,-8.84152984619141,"Female"
"6018402",371849,2025-05-19 14:40:09,43.31884765625,-8.84157371520996,"Female"
"6018402",371849,2025-05-19 14:45:09,43.3158378601074,-8.84908103942871,"Female"
"6018402",371849,2025-05-19 14:50:09,43.3019142150879,-8.86064910888672,"Female"
"6018402",371849,2025-05-19 14:55:35,43.2997589111328,-8.86545372009277,"Female"
"6018402",371849,2025-05-19 15:00:09,43.2994918823242,-8.86567783355713,"Female"
"6018402",371849,2025-05-19 15:05:09,43.2995796203613,-8.86542224884033,"Female"
"6018402",371849,2025-05-19 15:10:10,43.2995948791504,-8.86543369293213,"Female"
"6018402",371849,2025-05-19 15:15:09,43.2993621826172,-8.86557388305664,"Female"
"6018402",371849,2025-05-19 15:20:10,43.2996063232422,-8.86538314819336,"Female"
"6018402",371849,2025-05-19 15:25:09,43.2998046875,-8.86525535583496,"Female"
"6018402",371849,2025-05-19 15:30:09,43.3000564575195,-8.86546993255615,"Female"
"6018402",371849,2025-05-19 15:35:09,43.301025390625,-8.86467933654785,"Female"
"6018402",371849,2025-05-19 15:40:10,43.2994804382324,-8.8651123046875,"Female"
"6018402",371849,2025-05-19 15:45:10,43.2995948791504,-8.86492919921875,"Female"
"6018402",371849,2025-05-19 15:50:09,43.3007774353027,-8.86488056182861,"Female"
"6018402",371849,2025-05-19 15:55:09,43.3014068603516,-8.86457824707031,"Female"
"6018402",371849,2025-05-19 16:00:09,43.3009223937988,-8.86491870880127,"Female"
"6018402",371849,2025-05-19 16:05:09,43.3008003234863,-8.86485290527344,"Female"
"6018402",371849,2025-05-19 16:10:09,43.3009262084961,-8.86493301391602,"Female"
"6018402",371849,2025-05-19 16:15:09,43.3007659912109,-8.86498546600342,"Female"
"6018402",371849,2025-05-19 16:20:09,43.3007354736328,-8.86501026153564,"Female"
"6018402",371849,2025-05-19 16:25:09,43.3008041381836,-8.86500263214111,"Female"
"6018402",371849,2025-05-19 16:30:09,43.3007354736328,-8.86499118804932,"Female"
"6018402",371849,2025-05-19 16:35:09,43.3008270263672,-8.86508083343506,"Female"
"6018402",371849,2025-05-19 16:40:09,43.2893180847168,-8.86566734313965,"Female"
"6018402",371849,2025-05-19 16:45:35,43.284725189209,-8.86423015594482,"Female"
"6018402",371849,2025-05-19 16:50:08,43.2843818664551,-8.86892318725586,"Female"
"6018402",371849,2025-05-19 16:55:09,43.2791442871094,-8.88187980651855,"Female"
"6018402",371849,2025-05-19 17:00:08,43.2792015075684,-8.88179492950439,"Female"
"6018402",371849,2025-05-19 17:05:08,43.2792625427246,-8.88178730010986,"Female"
"6018402",371849,2025-05-19 17:10:08,43.2788619995117,-8.88161468505859,"Female"
"6018402",371849,2025-05-19 17:15:08,43.2788925170898,-8.88162040710449,"Female"
"6018402",371849,2025-05-19 17:20:08,43.2792472839355,-8.88201808929443,"Female"
"6018402",371849,2025-05-19 17:25:09,43.2793159484863,-8.88209533691406,"Female"
"6018402",371849,2025-05-19 17:30:08,43.2793159484863,-8.88258457183838,"Female"
"6018402",371849,2025-05-19 17:35:09,43.2861137390137,-8.86954975128174,"Female"
"6018402",371849,2025-05-19 17:40:09,43.2861404418945,-8.86950302124023,"Female"
"6018402",371849,2025-05-19 17:45:09,43.2861404418945,-8.86953163146973,"Female"
"6018402",371849,2025-05-19 17:50:09,43.2861595153809,-8.8695764541626,"Female"
"6018402",371849,2025-05-19 17:55:09,43.2861671447754,-8.86959743499756,"Female"
"6018402",371849,2025-05-19 18:00:09,43.2861289978027,-8.86977863311768,"Female"
"6018402",371849,2025-05-19 18:05:09,43.2862243652344,-8.86969947814941,"Female"
"6018402",371849,2025-05-19 18:10:09,43.2861633300781,-8.86959171295166,"Female"
"6018402",371849,2025-05-19 18:15:09,43.2861595153809,-8.86954975128174,"Female"
"6018402",371849,2025-05-19 18:20:09,43.2860374450684,-8.86960792541504,"Female"
"6018402",371849,2025-05-19 18:25:09,43.2861061096191,-8.86957836151123,"Female"
"6018402",371849,2025-05-19 18:30:10,43.2860794067383,-8.86953830718994,"Female"
"6018402",371849,2025-05-19 18:35:09,43.2857666015625,-8.86934947967529,"Female"
"6018402",371849,2025-05-19 18:40:09,43.2859535217285,-8.86942195892334,"Female"
"6018402",371849,2025-05-19 18:45:35,43.2862663269043,-8.86966991424561,"Female"
"6018402",371849,2025-05-19 18:50:08,43.2861175537109,-8.86963558197021,"Female"
"6018402",371849,2025-05-19 18:55:08,43.2861785888672,-8.86948108673096,"Female"
"6018402",371849,2025-05-19 19:00:08,43.2862014770508,-8.86951351165771,"Female"
"6018402",371849,2025-05-19 19:05:08,43.2860565185547,-8.86960792541504,"Female"
"6018402",371849,2025-05-19 19:10:08,43.2861366271973,-8.86954116821289,"Female"
"6018402",371849,2025-05-19 19:15:08,43.2861709594727,-8.86955451965332,"Female"
"6018402",371849,2025-05-19 19:20:09,43.2861862182617,-8.86950206756592,"Female"
"6018402",371849,2025-05-19 19:25:09,43.2861938476562,-8.86960697174072,"Female"
"6018402",371849,2025-05-19 19:30:08,43.2861785888672,-8.86952209472656,"Female"
"6018402",371849,2025-05-19 19:35:09,43.2932052612305,-8.86652660369873,"Female"
"6018402",371849,2025-05-19 19:40:08,43.3144073486328,-8.86867141723633,"Female"
"6018402",371849,2025-05-19 19:45:09,43.3280982971191,-8.86207675933838,"Female"
"6018402",371849,2025-05-19 19:50:09,43.3473968505859,-8.86020374298096,"Female"
"6018402",371849,2025-05-19 19:55:09,43.3568229675293,-8.84693050384521,"Female"
"6018402",371849,2025-05-19 20:00:09,43.3578071594238,-8.84499168395996,"Female"
"6018402",371849,2025-05-19 20:05:09,43.3578872680664,-8.84501647949219,"Female"
"6018402",371849,2025-05-19 20:10:09,43.3577880859375,-8.84496402740479,"Female"
"6018402",371849,2025-05-19 20:15:09,43.3578453063965,-8.84491157531738,"Female"
"6018402",371849,2025-05-19 20:20:09,43.3578796386719,-8.84499359130859,"Female"
"6018402",371849,2025-05-19 20:25:09,43.3579406738281,-8.84489727020264,"Female"
"6018402",371849,2025-05-19 20:30:09,43.3579139709473,-8.84500980377197,"Female"
"6018402",371849,2025-05-19 20:35:09,43.3577194213867,-8.84523582458496,"Female"
"6018402",371849,2025-05-19 20:40:09,43.3579025268555,-8.84498405456543,"Female"
"6018402",371849,2025-05-19 20:45:09,43.3579444885254,-8.84508800506592,"Female"
"6018402",371849,2025-05-19 20:50:09,43.3579254150391,-8.84499168395996,"Female"
"6018402",371849,2025-05-19 20:55:09,43.3585739135742,-8.84488964080811,"Female"
"6018402",371849,2025-05-19 21:00:09,43.3582496643066,-8.84506225585938,"Female"
"6018402",371849,2025-05-19 21:05:09,43.358211517334,-8.84519958496094,"Female"
"6018402",371849,2025-05-19 21:10:10,43.3582649230957,-8.84547424316406,"Female"
"6018402",371849,2025-05-19 21:15:35,43.3581314086914,-8.84528827667236,"Female"
"6018402",371849,2025-05-19 21:20:08,43.3578033447266,-8.84514427185059,"Female"
"6018402",371849,2025-05-19 21:25:08,43.3579139709473,-8.84494590759277,"Female"
"6018402",371849,2025-05-19 21:30:09,43.3581657409668,-8.84485244750977,"Female"
"6018402",371849,2025-05-19 21:35:09,43.3580055236816,-8.84506893157959,"Female"
"6018402",371849,2025-05-19 21:40:10,43.358097076416,-8.84486961364746,"Female"
"6018402",371849,2025-05-19 21:45:09,43.3579139709473,-8.84522819519043,"Female"
"6018402",371849,2025-05-19 21:50:09,43.3580474853516,-8.84512424468994,"Female"
"6018402",371849,2025-05-19 21:55:09,43.3580665588379,-8.84517669677734,"Female"
"6018402",371849,2025-05-19 22:00:09,43.3579216003418,-8.84519004821777,"Female"
"6018402",371849,2025-05-19 22:05:09,43.3578720092773,-8.8452787399292,"Female"
"6018402",371849,2025-05-19 22:10:09,43.357852935791,-8.84524917602539,"Female"
"6018402",371849,2025-05-19 22:15:09,43.3578758239746,-8.8453311920166,"Female"
"6018402",371849,2025-05-19 22:20:09,43.3578987121582,-8.84537410736084,"Female"
"6018402",371849,2025-05-19 22:25:09,43.3577423095703,-8.84521579742432,"Female"
"6018402",371849,2025-05-19 22:30:09,43.3578147888184,-8.84496879577637,"Female"
"6018402",371849,2025-05-19 22:35:09,43.3578147888184,-8.84490299224854,"Female"
"6018402",371849,2025-05-19 22:40:10,43.3577537536621,-8.84456443786621,"Female"
"6018402",371849,2025-05-19 22:45:09,43.3578262329102,-8.84476184844971,"Female"
"6018402",371849,2025-05-19 22:50:09,43.3577499389648,-8.84474658966064,"Female"
"6018402",371849,2025-05-19 22:55:14,43.3579444885254,-8.84525775909424,"Female"
"6018402",371849,2025-05-19 23:00:11,43.3578109741211,-8.8451681137085,"Female"
"6018402",371849,2025-05-19 23:05:11,43.357795715332,-8.84487819671631,"Female"
"6018402",371849,2025-05-19 23:10:11,43.3578491210938,-8.84518432617188,"Female"
"6018402",371849,2025-05-19 23:15:14,43.357780456543,-8.8448486328125,"Female"
"6018402",371849,2025-05-19 23:20:16,43.3576431274414,-8.84470081329346,"Female"
"6018402",371849,2025-05-19 23:25:16,43.3576469421387,-8.84458637237549,"Female"
"6018402",371849,2025-05-19 23:30:18,43.3575744628906,-8.84453201293945,"Female"
"6018402",371849,2025-05-19 23:35:20,43.3575057983398,-8.84431552886963,"Female"
"6018402",371849,2025-05-19 23:40:23,43.3577041625977,-8.84461402893066,"Female"
"6018402",371849,2025-05-19 23:45:14,43.3576278686523,-8.84440422058105,"Female"
"6018402",371849,2025-05-19 23:50:10,43.3575820922852,-8.84439182281494,"Female"
"6018402",371849,2025-05-19 23:55:11,43.3570709228516,-8.84308433532715,"Female"
"6018402",371849,2025-05-20 00:00:35,43.3578414916992,-8.84479427337646,"Female"
"6018402",371849,2025-05-20 00:05:08,43.357837677002,-8.84498596191406,"Female"
"6018402",371849,2025-05-20 00:10:08,43.3578453063965,-8.8449239730835,"Female"
"6018402",371849,2025-05-20 00:15:09,43.3578796386719,-8.84501934051514,"Female"
"6018402",371849,2025-05-20 00:20:09,43.3576965332031,-8.84483242034912,"Female"
"6018402",371849,2025-05-20 00:25:09,43.3576545715332,-8.84484958648682,"Female"
"6018402",371849,2025-05-20 00:30:09,43.3576774597168,-8.84486389160156,"Female"
"6018402",371849,2025-05-20 00:35:09,43.3575706481934,-8.84484672546387,"Female"
"6018402",371849,2025-05-20 00:40:09,43.3575706481934,-8.84482383728027,"Female"
"6018402",371849,2025-05-20 00:45:09,43.3575859069824,-8.84485054016113,"Female"
"6018402",371849,2025-05-20 00:50:09,43.3576202392578,-8.84480953216553,"Female"
"6018402",371849,2025-05-20 00:55:09,43.3575820922852,-8.84480476379395,"Female"
"6018402",371849,2025-05-20 01:00:09,43.3577728271484,-8.84490299224854,"Female"
"6018402",371849,2025-05-20 01:05:09,43.3575897216797,-8.84484481811523,"Female"
"6018402",371849,2025-05-20 01:10:09,43.357593536377,-8.84474849700928,"Female"
"6018402",371849,2025-05-20 01:15:09,43.3576393127441,-8.84485340118408,"Female"
"6018402",371849,2025-05-20 01:20:09,43.3575820922852,-8.8449239730835,"Female"
"6018402",371849,2025-05-20 01:25:09,43.3575668334961,-8.84490203857422,"Female"
"6018402",371849,2025-05-20 01:30:09,43.3575706481934,-8.84480667114258,"Female"
"6018402",371849,2025-05-20 01:35:09,43.3575553894043,-8.84488201141357,"Female"
"6018402",371849,2025-05-20 01:40:09,43.3575592041016,-8.84488677978516,"Female"
"6018402",371849,2025-05-20 01:45:09,43.3574447631836,-8.84495162963867,"Female"
"6018402",371849,2025-05-20 01:50:11,43.3574256896973,-8.84496688842773,"Female"
"6018402",371849,2025-05-20 01:55:10,43.3576049804688,-8.84475994110107,"Female"
"6018402",371849,2025-05-20 02:00:09,43.357494354248,-8.84484195709229,"Female"
"6018402",371849,2025-05-20 02:05:09,43.3576393127441,-8.84474086761475,"Female"
"6018402",371849,2025-05-20 02:10:09,43.357723236084,-8.84463787078857,"Female"
"6018402",371849,2025-05-20 02:15:09,43.3577499389648,-8.8446044921875,"Female"
"6018402",371849,2025-05-20 02:20:19,43.3579750061035,-8.84464836120605,"Female"
"6018402",371849,2025-05-20 02:25:09,43.3577919006348,-8.8446102142334,"Female"
"6018402",371849,2025-05-20 02:30:09,43.3578300476074,-8.84458160400391,"Female"
"6018402",371849,2025-05-20 02:35:09,43.3578071594238,-8.84462642669678,"Female"
"6018402",371849,2025-05-20 02:40:09,43.3578834533691,-8.8444995880127,"Female"
"6018402",371849,2025-05-20 02:45:09,43.3579483032227,-8.84455871582031,"Female"
"6018402",371849,2025-05-20 02:50:09,43.3579750061035,-8.84463882446289,"Female"
"6018402",371849,2025-05-20 02:55:09,43.3579635620117,-8.84455013275146,"Female"
"6018402",371849,2025-05-20 03:00:10,43.3579559326172,-8.84447765350342,"Female"
"6018402",371849,2025-05-20 03:05:10,43.35791015625,-8.84453868865967,"Female"
"6018402",371849,2025-05-20 03:10:10,43.3579750061035,-8.84450912475586,"Female"
"6018402",371849,2025-05-20 03:15:09,43.3579750061035,-8.84453201293945,"Female"
"6018402",371849,2025-05-20 03:20:11,43.3579330444336,-8.8446102142334,"Female"
"6018402",371849,2025-05-20 03:25:09,43.3580474853516,-8.84448719024658,"Female"
"6018402",371849,2025-05-20 03:30:10,43.358081817627,-8.84447479248047,"Female"
"6018402",371849,2025-05-20 03:35:10,43.3581047058105,-8.84447765350342,"Female"
"6018402",371849,2025-05-20 03:40:11,43.358154296875,-8.84453678131104,"Female"
"6018402",371849,2025-05-20 03:45:10,43.3580207824707,-8.84467124938965,"Female"
"6018402",371849,2025-05-20 03:50:09,43.3580322265625,-8.84468269348145,"Female"
"6018402",371849,2025-05-20 03:55:10,43.3579521179199,-8.84484767913818,"Female"
"6018402",371849,2025-05-20 04:00:10,43.3579444885254,-8.84482002258301,"Female"
"6018402",371849,2025-05-20 04:05:11,43.3579216003418,-8.84485721588135,"Female"
"6018402",371849,2025-05-20 04:10:10,43.35791015625,-8.84487247467041,"Female"
"6018402",371849,2025-05-20 04:15:08,43.3578872680664,-8.84485149383545,"Female"
"6018402",371849,2025-05-20 04:20:09,43.3579483032227,-8.84486198425293,"Female"
"6018402",371849,2025-05-20 04:25:09,43.3579406738281,-8.84485816955566,"Female"
"6018402",371849,2025-05-20 04:30:10,43.3579216003418,-8.84484195709229,"Female"
"6018402",371849,2025-05-20 04:35:09,43.3578834533691,-8.84495544433594,"Female"
"6018402",371849,2025-05-20 04:40:08,43.3579216003418,-8.84486103057861,"Female"
"6018402",371849,2025-05-20 04:45:09,43.3578872680664,-8.84483623504639,"Female"
"6018402",371849,2025-05-20 04:50:09,43.3578872680664,-8.84486961364746,"Female"
"6018402",371849,2025-05-20 04:55:09,43.3578834533691,-8.84484577178955,"Female"
"6018402",371849,2025-05-20 05:00:09,43.3578987121582,-8.8448314666748,"Female"
"6018402",371849,2025-05-20 05:05:09,43.3579025268555,-8.84483432769775,"Female"
"6018402",371849,2025-05-20 05:10:10,43.3578643798828,-8.84471893310547,"Female"
"6018402",371849,2025-05-20 05:15:10,43.357837677002,-8.84474945068359,"Female"
"6018402",371849,2025-05-20 05:20:10,43.3578567504883,-8.84469509124756,"Female"
"6018402",371849,2025-05-20 05:25:09,43.3578186035156,-8.8446741104126,"Female"
"6018402",371849,2025-05-20 05:30:09,43.3578567504883,-8.84468650817871,"Female"
"6018402",371849,2025-05-20 05:35:15,43.3581962585449,-8.84493350982666,"Female"
"6018402",371849,2025-05-20 05:40:10,43.3577766418457,-8.84463405609131,"Female"
"6018402",371849,2025-05-20 05:45:10,43.3582305908203,-8.84538745880127,"Female"
"6018402",371849,2025-05-20 05:50:11,43.3584251403809,-8.84552955627441,"Female"
"6018402",371849,2025-05-20 05:55:09,43.3584480285645,-8.84556293487549,"Female"
"6018402",371849,2025-05-20 06:00:10,43.358570098877,-8.84566783905029,"Female"
"6018402",371849,2025-05-20 06:05:09,43.358772277832,-8.84593105316162,"Female"
"6018402",371849,2025-05-20 06:10:11,43.3583908081055,-8.84542274475098,"Female"
"6018402",371849,2025-05-20 06:15:11,43.3579483032227,-8.8449821472168,"Female"
"6018402",371849,2025-05-20 06:20:10,43.3578758239746,-8.84496688842773,"Female"
"6018402",371849,2025-05-20 06:25:12,43.357666015625,-8.84474563598633,"Female"
"6018402",371849,2025-05-20 06:30:19,43.3578834533691,-8.84503650665283,"Female"
"6018402",371849,2025-05-20 06:35:11,43.357723236084,-8.84482192993164,"Female"
"6018402",371849,2025-05-20 06:40:11,43.3577728271484,-8.84493827819824,"Female"
"6018402",371849,2025-05-20 06:45:12,43.3576011657715,-8.8445520401001,"Female"
"6018402",371849,2025-05-20 06:50:12,43.3578147888184,-8.84511852264404,"Female"
"6018402",371849,2025-05-20 06:55:12,43.3577499389648,-8.84502220153809,"Female"
"6018402",371849,2025-05-20 07:00:12,43.3579521179199,-8.84535884857178,"Female"
"6018402",371849,2025-05-20 07:05:08,43.3576507568359,-8.84482479095459,"Female"
"6018402",371849,2025-05-20 07:10:11,43.3582153320312,-8.84590721130371,"Female"
"6018402",371849,2025-05-20 07:15:10,43.3580207824707,-8.84550094604492,"Female"
"6018402",371849,2025-05-20 07:20:10,43.3580589294434,-8.84557819366455,"Female"
"6018402",371849,2025-05-20 07:25:10,43.3582229614258,-8.84584331512451,"Female"
"6018402",371849,2025-05-20 07:30:09,43.3582305908203,-8.8457612991333,"Female"
"6018402",371849,2025-05-20 07:35:08,43.3581695556641,-8.84566688537598,"Female"
"6018402",371849,2025-05-20 07:40:09,43.3580093383789,-8.84530639648438,"Female"
"6018402",371849,2025-05-20 07:45:11,43.3581886291504,-8.84555530548096,"Female"
"6018402",371849,2025-05-20 07:50:10,43.3581809997559,-8.84546756744385,"Female"
"6018402",371849,2025-05-20 07:55:11,43.3581848144531,-8.84550094604492,"Female"
"6018402",371849,2025-05-20 08:00:10,43.3583297729492,-8.8453483581543,"Female"
"6018402",371849,2025-05-20 08:05:11,43.3580665588379,-8.84516429901123,"Female"
"6018402",371849,2025-05-20 08:10:09,43.3593597412109,-8.85078525543213,"Female"
"6018402",371849,2025-05-20 08:15:09,43.358528137207,-8.8515453338623,"Female"
"6018402",371849,2025-05-20 08:20:10,43.3576698303223,-8.85192394256592,"Female"
"6018402",371849,2025-05-20 08:25:08,43.3407592773438,-8.85360527038574,"Female"
"6018402",371849,2025-05-20 08:30:08,43.3228340148926,-8.8650951385498,"Female"
"6018402",371849,2025-05-20 08:35:08,43.3032417297363,-8.86593818664551,"Female"
"6018402",371849,2025-05-20 08:40:08,43.2868118286133,-8.86201667785645,"Female"
"6018402",371849,2025-05-20 08:45:08,43.2864570617676,-8.858642578125,"Female"
"6018402",371849,2025-05-20 08:50:08,43.2867698669434,-8.85797023773193,"Female"
"6018402",371849,2025-05-20 08:55:08,43.2867126464844,-8.8584156036377,"Female"
"6018402",371849,2025-05-20 09:00:08,43.287052154541,-8.85850048065186,"Female"
"6018402",371849,2025-05-20 09:05:08,43.286003112793,-8.86505889892578,"Female"
"6018402",371849,2025-05-20 09:10:09,43.285400390625,-8.86594867706299,"Female"
"6018402",371849,2025-05-20 09:15:08,43.2856521606445,-8.86614513397217,"Female"
"6018402",371849,2025-05-20 09:20:08,43.2856521606445,-8.86499691009521,"Female"
"6018402",371849,2025-05-20 09:25:08,43.2860527038574,-8.86625957489014,"Female"
"6018402",371849,2025-05-20 09:30:08,43.279167175293,-8.8807201385498,"Female"
"6018402",371849,2025-05-20 09:35:09,43.2790069580078,-8.88149738311768,"Female"
"6018402",371849,2025-05-20 09:40:09,43.2793846130371,-8.88211727142334,"Female"
"6018402",371849,2025-05-20 09:45:10,43.2796630859375,-8.88253021240234,"Female"
"6018402",371849,2025-05-20 09:50:09,43.2792472839355,-8.88219165802002,"Female"
"6018402",371849,2025-05-20 09:55:08,43.279224395752,-8.88223934173584,"Female"
"6018402",371849,2025-05-20 10:00:08,43.2792091369629,-8.88101768493652,"Female"
"6018402",371849,2025-05-20 10:05:08,43.2791557312012,-8.88101005554199,"Female"
"6018402",371849,2025-05-20 10:10:08,43.2791442871094,-8.88122749328613,"Female"
"6018402",371849,2025-05-20 10:15:08,43.2788200378418,-8.88156890869141,"Female"
"6018402",371849,2025-05-20 10:20:08,43.2790565490723,-8.88110446929932,"Female"
"6018402",371849,2025-05-20 10:25:08,43.2791366577148,-8.88126659393311,"Female"
"6018402",371849,2025-05-20 10:30:08,43.279125213623,-8.88118076324463,"Female"
"6018402",371849,2025-05-20 10:35:08,43.2775382995605,-8.88037967681885,"Female"
"6018402",371849,2025-05-20 10:40:09,43.2775001525879,-8.88031387329102,"Female"
"6018402",371849,2025-05-20 10:45:08,43.2782897949219,-8.88068389892578,"Female"
"6018402",371849,2025-05-20 10:50:08,43.2783050537109,-8.88074016571045,"Female"
"6018402",371849,2025-05-20 10:55:08,43.2783241271973,-8.88072776794434,"Female"
"6018402",371849,2025-05-20 11:00:08,43.2797355651855,-8.88216209411621,"Female"
"6018402",371849,2025-05-20 11:05:08,43.2793083190918,-8.88263988494873,"Female"
"6018402",371849,2025-05-20 11:10:08,43.2789726257324,-8.88150405883789,"Female"
"6018402",371849,2025-05-20 11:15:08,43.2789459228516,-8.88124942779541,"Female"
"6018402",371849,2025-05-20 11:20:08,43.2789497375488,-8.88123416900635,"Female"
"6018402",371849,2025-05-20 11:25:08,43.2789916992188,-8.88125705718994,"Female"
"6018402",371849,2025-05-20 11:30:08,43.2794761657715,-8.8810920715332,"Female"
"6018402",371849,2025-05-20 11:35:08,43.2795524597168,-8.88115978240967,"Female"
"6018402",371849,2025-05-20 11:40:08,43.2795677185059,-8.88136959075928,"Female"
"6018402",371849,2025-05-20 11:45:08,43.2795753479004,-8.88135719299316,"Female"
"6018402",371849,2025-05-20 11:50:08,43.2795181274414,-8.88147640228271,"Female"
"6018402",371849,2025-05-20 11:55:08,43.2794914245605,-8.88271903991699,"Female"
"6018402",371849,2025-05-20 12:00:09,43.279369354248,-8.88206481933594,"Female"
"6018402",371849,2025-05-20 12:05:09,43.2784309387207,-8.88085556030273,"Female"
"6018402",371849,2025-05-20 12:10:09,43.2784576416016,-8.88092708587646,"Female"
"6018402",371849,2025-05-20 12:15:08,43.2783660888672,-8.88088893890381,"Female"
"6018402",371849,2025-05-20 12:20:08,43.2784461975098,-8.88097381591797,"Female"
"6018402",371849,2025-05-20 12:25:09,43.2784461975098,-8.88091564178467,"Female"
"6018402",371849,2025-05-20 12:30:09,43.2784385681152,-8.880934715271,"Female"
"6018402",371849,2025-05-20 12:35:09,43.2781372070312,-8.8781623840332,"Female"
"6018402",371849,2025-05-20 12:40:10,43.274959564209,-8.86679649353027,"Female"
"6018402",371849,2025-05-20 12:45:09,43.2749404907227,-8.86656761169434,"Female"
"6018402",371849,2025-05-20 12:50:09,43.2749214172363,-8.86659812927246,"Female"
"6018402",371849,2025-05-20 12:55:09,43.2748107910156,-8.86659526824951,"Female"
"6018402",371849,2025-05-20 13:00:09,43.2747001647949,-8.86561107635498,"Female"
"6018402",371849,2025-05-20 13:05:10,43.2769355773926,-8.86569404602051,"Female"
"6018402",371849,2025-05-20 13:10:09,43.2759704589844,-8.87356662750244,"Female"
"6018402",371849,2025-05-20 13:15:09,43.2762603759766,-8.87343883514404,"Female"
"6018402",371849,2025-05-20 13:20:09,43.2763442993164,-8.87352275848389,"Female"
"6018402",371849,2025-05-20 13:25:09,43.2763061523438,-8.87353706359863,"Female"
"6018402",371849,2025-05-20 13:30:09,43.2767372131348,-8.87438869476318,"Female"
"6018402",371849,2025-05-20 13:35:09,43.2764358520508,-8.87402248382568,"Female"
"6018402",371849,2025-05-20 13:40:11,43.2766609191895,-8.87438488006592,"Female"
"6018402",371849,2025-05-20 13:45:17,43.2763671875,-8.87392997741699,"Female"
"6018402",371849,2025-05-20 13:50:11,43.2758598327637,-8.87313556671143,"Female"
"6018402",371849,2025-05-20 13:55:12,43.2758293151855,-8.87303352355957,"Female"
"6018402",371849,2025-05-20 14:00:11,43.2759208679199,-8.87312793731689,"Female"
"6018402",371849,2025-05-20 14:05:10,43.2764434814453,-8.87269115447998,"Female"
"6018402",371849,2025-05-20 14:10:11,43.2756614685059,-8.87260341644287,"Female"
"6018402",371849,2025-05-20 14:15:09,43.2760925292969,-8.87366485595703,"Female"
"6018402",371849,2025-05-20 14:20:11,43.2758560180664,-8.87318325042725,"Female"
"6018402",371849,2025-05-20 14:25:14,43.2761688232422,-8.8734073638916,"Female"
"6018402",371849,2025-05-20 14:30:10,43.2761001586914,-8.8736400604248,"Female"
"6018402",371849,2025-05-20 14:35:10,43.2761497497559,-8.87363624572754,"Female"
"6018402",371849,2025-05-20 14:40:10,43.2753143310547,-8.87169551849365,"Female"
"6018402",371849,2025-05-20 14:45:10,43.2753067016602,-8.87174034118652,"Female"
"6018402",371849,2025-05-20 14:50:10,43.2754859924316,-8.87083339691162,"Female"
"6018402",371849,2025-05-20 14:55:10,43.2751960754395,-8.87111759185791,"Female"
"6018402",371849,2025-05-20 15:00:10,43.2750701904297,-8.87133598327637,"Female"
"6018402",371849,2025-05-20 15:05:10,43.2753829956055,-8.87105560302734,"Female"
"6018402",371849,2025-05-20 15:10:11,43.2754402160645,-8.87100982666016,"Female"
"6018402",371849,2025-05-20 15:15:10,43.2757301330566,-8.87088680267334,"Female"
"6018402",371849,2025-05-20 15:20:20,43.2753868103027,-8.87102127075195,"Female"
"6018402",371849,2025-05-20 15:25:14,43.2764205932617,-8.87283515930176,"Female"
"6018402",371849,2025-05-20 15:30:12,43.2761383056641,-8.87301826477051,"Female"
"6018402",371849,2025-05-20 15:35:13,43.276123046875,-8.87298011779785,"Female"
"6018402",371849,2025-05-20 15:40:16,43.2763366699219,-8.87285614013672,"Female"
"6018402",371849,2025-05-20 15:45:19,43.2764053344727,-8.87289333343506,"Female"
"6018402",371849,2025-05-20 15:50:09,43.2761077880859,-8.86652565002441,"Female"
"6018402",371849,2025-05-20 15:55:10,43.2768058776855,-8.86570644378662,"Female"
"6018402",371849,2025-05-20 16:00:10,43.2767295837402,-8.86575031280518,"Female"
"6018402",371849,2025-05-20 16:05:11,43.2765312194824,-8.86573696136475,"Female"
"6018402",371849,2025-05-20 16:10:17,43.2772216796875,-8.86583042144775,"Female"
"6018402",371849,2025-05-20 16:15:09,43.2773857116699,-8.86581420898438,"Female"
"6018402",371849,2025-05-20 16:20:10,43.2780151367188,-8.86478233337402,"Female"
"6018402",371849,2025-05-20 16:25:16,43.2764930725098,-8.86441230773926,"Female"
"6018402",371849,2025-05-20 16:30:14,43.2752723693848,-8.86437129974365,"Female"
"6018402",371849,2025-05-20 16:35:19,43.2756195068359,-8.86475086212158,"Female"
"6018402",371849,2025-05-20 16:40:11,43.2789688110352,-8.87257194519043,"Female"
"6018402",371849,2025-05-20 16:45:34,43.2837371826172,-8.87659645080566,"Female"
"6018402",371849,2025-05-20 16:50:09,43.2837562561035,-8.87667274475098,"Female"
"6018402",371849,2025-05-20 16:55:09,43.2835731506348,-8.87689304351807,"Female"
"6018402",371849,2025-05-20 17:00:09,43.2834053039551,-8.87692356109619,"Female"
"6018402",371849,2025-05-20 17:05:10,43.2836761474609,-8.8771505355835,"Female"
"6018402",371849,2025-05-20 17:10:09,43.2834663391113,-8.8770694732666,"Female"
"6018402",371849,2025-05-20 17:15:10,43.2837371826172,-8.87726402282715,"Female"
"6018402",371849,2025-05-20 17:20:09,43.2846221923828,-8.87624740600586,"Female"
"6018402",371849,2025-05-20 17:25:09,43.2839393615723,-8.87696647644043,"Female"
"6018402",371849,2025-05-20 17:30:08,43.2840003967285,-8.87700366973877,"Female"
"6018402",371849,2025-05-20 17:35:09,43.2843742370605,-8.87625789642334,"Female"
"6018402",371849,2025-05-20 17:40:09,43.2845687866211,-8.87636947631836,"Female"
"6018402",371849,2025-05-20 17:45:08,43.2845420837402,-8.87648582458496,"Female"
"6018402",371849,2025-05-20 17:50:08,43.2845344543457,-8.8765230178833,"Female"
"6018402",371849,2025-05-20 17:55:08,43.2843246459961,-8.87662601470947,"Female"
"6018402",371849,2025-05-20 18:00:09,43.2907066345215,-8.86977005004883,"Female"
"6018402",371849,2025-05-20 18:05:09,43.3137550354004,-8.85655117034912,"Female"
"6018402",371849,2025-05-20 18:10:10,43.314094543457,-8.8564624786377,"Female"
"6018402",371849,2025-05-20 18:15:08,43.3142318725586,-8.85649299621582,"Female"
"6018402",371849,2025-05-20 18:20:09,43.3161773681641,-8.85849857330322,"Female"
"6018402",371849,2025-05-20 18:25:09,43.3182373046875,-8.85916233062744,"Female"
"6018402",371849,2025-05-20 18:30:10,43.3469696044922,-8.83955478668213,"Female"
"6018402",371849,2025-05-20 18:35:19,43.3582954406738,-8.84473419189453,"Female"
"6018402",371849,2025-05-20 18:40:36,43.3579902648926,-8.84481334686279,"Female"
"6018402",371849,2025-05-20 18:45:08,43.3579368591309,-8.84469795227051,"Female"
"6018402",371849,2025-05-20 18:50:08,43.35791015625,-8.84475708007812,"Female"
"6018402",371849,2025-05-20 18:55:08,43.3577995300293,-8.84484195709229,"Female"
"6018402",371849,2025-05-20 19:00:08,43.3578414916992,-8.84482002258301,"Female"
"6018402",371849,2025-05-20 19:05:08,43.3578567504883,-8.84481048583984,"Female"
"6018402",371849,2025-05-20 19:10:08,43.3578186035156,-8.84480857849121,"Female"
"6018402",371849,2025-05-20 19:15:14,43.3578300476074,-8.84477519989014,"Female"
"6018402",371849,2025-05-20 19:20:08,43.3578071594238,-8.84485626220703,"Female"
"6018402",371849,2025-05-20 19:25:08,43.3577995300293,-8.84481430053711,"Female"
"6018402",371849,2025-05-20 19:30:09,43.3578186035156,-8.84486484527588,"Female"
"6018402",371849,2025-05-20 19:35:07,43.3578605651855,-8.84483909606934,"Female"
"6018402",371849,2025-05-20 19:40:07,43.3577919006348,-8.8448657989502,"Female"
"6018402",371849,2025-05-20 19:45:07,43.3577728271484,-8.84492683410645,"Female"
"6018402",371849,2025-05-20 19:50:08,43.3577995300293,-8.84483528137207,"Female"
"6018402",371849,2025-05-20 19:55:07,43.3578033447266,-8.84483337402344,"Female"
"6018402",371849,2025-05-20 20:00:08,43.3577499389648,-8.84488964080811,"Female"
"6018402",371849,2025-05-20 20:05:08,43.3577651977539,-8.84490394592285,"Female"
"6018402",371849,2025-05-20 20:10:08,43.357837677002,-8.84492874145508,"Female"
"6018402",371849,2025-05-20 20:15:11,43.3578910827637,-8.84499263763428,"Female"
"6018402",371849,2025-05-20 20:20:08,43.3577651977539,-8.8449010848999,"Female"
"6018402",371849,2025-05-20 20:25:08,43.357780456543,-8.84495639801025,"Female"
"6018402",371849,2025-05-20 20:30:08,43.3577919006348,-8.84495830535889,"Female"
"6018402",371849,2025-05-20 20:35:08,43.3578109741211,-8.84485721588135,"Female"
"6018402",371849,2025-05-20 20:40:16,43.357666015625,-8.84490489959717,"Female"
"6018402",371849,2025-05-20 20:45:18,43.3576202392578,-8.84494304656982,"Female"
"6018402",371849,2025-05-20 20:50:09,43.3579711914062,-8.84504890441895,"Female"
"6018402",371849,2025-05-20 20:55:09,43.3579063415527,-8.84496402740479,"Female"
"6018402",371849,2025-05-20 21:00:08,43.3579139709473,-8.84498023986816,"Female"
"6018402",371849,2025-05-20 21:05:12,43.3577842712402,-8.84490489959717,"Female"
"6018402",371849,2025-05-20 21:10:13,43.3578567504883,-8.84491920471191,"Female"
"6018402",371849,2025-05-20 21:15:10,43.3579177856445,-8.84510803222656,"Female"
"6018402",371849,2025-05-20 21:20:09,43.3577041625977,-8.8448371887207,"Female"
"6018402",371849,2025-05-20 21:25:10,43.358081817627,-8.84543609619141,"Female"
"6018402",371849,2025-05-20 21:30:32,43.3576812744141,-8.84488391876221,"Female"
"6018402",371849,2025-05-20 21:35:08,43.3579139709473,-8.84510803222656,"Female"
"6018402",371849,2025-05-20 21:40:08,43.3577194213867,-8.84486675262451,"Female"
"6018402",371849,2025-05-20 21:45:08,43.3577651977539,-8.84477138519287,"Female"
"6018402",371849,2025-05-20 21:50:09,43.3575592041016,-8.84488010406494,"Female"
"6018402",371849,2025-05-20 21:55:08,43.3577346801758,-8.84482860565186,"Female"
"6018402",371849,2025-05-20 22:00:08,43.3577575683594,-8.84474658966064,"Female"
"6018402",371849,2025-05-20 22:05:09,43.357780456543,-8.84479808807373,"Female"
"6018402",371849,2025-05-20 22:10:08,43.3577575683594,-8.84468078613281,"Female"
"6018402",371849,2025-05-20 22:15:08,43.3577690124512,-8.84471225738525,"Female"
"6018402",371849,2025-05-20 22:20:08,43.3578109741211,-8.84481048583984,"Female"
"6018402",371849,2025-05-20 22:25:08,43.357795715332,-8.84472560882568,"Female"
"6018402",371849,2025-05-20 22:30:08,43.3577880859375,-8.84468746185303,"Female"
"6018402",371849,2025-05-20 22:35:08,43.3577537536621,-8.84475708007812,"Female"
"6018402",371849,2025-05-20 22:40:08,43.357780456543,-8.84462833404541,"Female"
"6018402",371849,2025-05-20 22:45:09,43.357666015625,-8.84440135955811,"Female"
"6018402",371849,2025-05-20 22:50:09,43.3578147888184,-8.84520149230957,"Female"
"6018402",371849,2025-05-20 22:55:09,43.3577423095703,-8.84464263916016,"Female"
"6018402",371849,2025-05-20 23:00:10,43.3577041625977,-8.84445285797119,"Female"
"6018402",371849,2025-05-20 23:05:12,43.3577308654785,-8.84455490112305,"Female"
"6018402",371849,2025-05-20 23:10:11,43.3576927185059,-8.84443473815918,"Female"
"6018402",371849,2025-05-20 23:15:15,43.3576202392578,-8.84463977813721,"Female"
"6018402",371849,2025-05-20 23:20:31,43.3577919006348,-8.84492588043213,"Female"
"6018402",371849,2025-05-20 23:25:08,43.357780456543,-8.84487724304199,"Female"
"6018402",371849,2025-05-20 23:30:08,43.3578605651855,-8.84493923187256,"Female"
"6018402",371849,2025-05-20 23:35:07,43.3577766418457,-8.84484195709229,"Female"
"6018402",371849,2025-05-20 23:40:08,43.3578491210938,-8.84499168395996,"Female"
"6018402",371849,2025-05-20 23:45:08,43.3578071594238,-8.84490013122559,"Female"
"6018402",371849,2025-05-20 23:50:08,43.357795715332,-8.84496307373047,"Female"
"6018402",371849,2025-05-20 23:55:08,43.3578033447266,-8.84490489959717,"Female"
"6018402",371849,2025-05-21 00:00:10,43.3577766418457,-8.84479808807373,"Female"
"6018402",371849,2025-05-21 00:05:09,43.3578338623047,-8.84484672546387,"Female"
"6018402",371849,2025-05-21 00:10:12,43.3578071594238,-8.84489059448242,"Female"
"6018402",371849,2025-05-21 00:15:12,43.3579292297363,-8.84513473510742,"Female"
"6018402",371849,2025-05-21 00:20:11,43.3577575683594,-8.844895362854,"Female"
"6018402",371849,2025-05-21 00:25:12,43.3577995300293,-8.8449125289917,"Female"
"6018402",371849,2025-05-21 00:30:13,43.3577270507812,-8.84486484527588,"Female"
"6018402",371849,2025-05-21 00:35:12,43.3577613830566,-8.84486675262451,"Female"
"6018402",371849,2025-05-21 00:40:15,43.3577308654785,-8.84480571746826,"Female"
"6018402",371849,2025-05-21 00:45:13,43.3577575683594,-8.84490394592285,"Female"
"6018402",371849,2025-05-21 00:50:12,43.3577919006348,-8.84491062164307,"Female"
"6018402",371849,2025-05-21 00:55:15,43.357852935791,-8.84481525421143,"Female"
"6018402",371849,2025-05-21 01:00:15,43.3577995300293,-8.84485530853271,"Female"
"6018402",371849,2025-05-21 01:05:16,43.3578033447266,-8.84488773345947,"Female"
"6018402",371849,2025-05-21 01:10:19,43.3578758239746,-8.84469699859619,"Female"
"6018402",371849,2025-05-21 01:15:24,43.3578948974609,-8.84458923339844,"Female"
"6018402",371849,2025-05-21 01:20:22,43.3578948974609,-8.8446159362793,"Female"
"6018402",371849,2025-05-21 01:25:32,43.3579292297363,-8.8447265625,"Female"
"6018402",371849,2025-05-21 01:30:13,43.3576889038086,-8.84475135803223,"Female"
"6018402",371849,2025-05-21 01:35:18,43.3577575683594,-8.84493637084961,"Female"
"6018402",371849,2025-05-21 01:40:17,43.3577461242676,-8.8450870513916,"Female"
"6018402",371849,2025-05-21 01:45:19,43.3577041625977,-8.84521102905273,"Female"
"6018402",371849,2025-05-21 01:50:13,43.3576393127441,-8.84543800354004,"Female"
"6018402",371849,2025-05-21 01:55:12,43.3582572937012,-8.84455490112305,"Female"
"6018402",371849,2025-05-21 02:00:44,43.3577728271484,-8.84479904174805,"Female"
"6018402",371849,2025-05-21 02:05:07,43.3578109741211,-8.84456253051758,"Female"
"6018402",371849,2025-05-21 02:10:07,43.3578033447266,-8.84469223022461,"Female"
"6018402",371849,2025-05-21 02:15:07,43.3577575683594,-8.844801902771,"Female"
"6018402",371849,2025-05-21 02:20:07,43.357738494873,-8.84476566314697,"Female"
"6018402",371849,2025-05-21 02:25:07,43.3578224182129,-8.84470272064209,"Female"
"6018402",371849,2025-05-21 02:30:07,43.3577575683594,-8.84476089477539,"Female"
"6018402",371849,2025-05-21 02:35:07,43.3577995300293,-8.84475898742676,"Female"
"6018402",371849,2025-05-21 02:40:07,43.3578186035156,-8.84473037719727,"Female"
"6018402",371849,2025-05-21 02:45:12,43.3577728271484,-8.84476184844971,"Female"
"6018402",371849,2025-05-21 02:50:11,43.3577919006348,-8.84478759765625,"Female"
"6018402",371849,2025-05-21 02:55:09,43.3578453063965,-8.84482765197754,"Female"
"6018402",371849,2025-05-21 03:00:12,43.3578262329102,-8.84481716156006,"Female"
"6018402",371849,2025-05-21 03:05:11,43.357795715332,-8.84478855133057,"Female"
"6018402",371849,2025-05-21 03:10:12,43.357837677002,-8.844895362854,"Female"
"6018402",371849,2025-05-21 03:15:10,43.3577919006348,-8.84480857849121,"Female"
"6018402",371849,2025-05-21 03:20:19,43.3578453063965,-8.844801902771,"Female"
"6018402",371849,2025-05-21 03:25:15,43.3578453063965,-8.84478855133057,"Female"
"6018402",371849,2025-05-21 03:30:13,43.3578300476074,-8.84483528137207,"Female"
"6018402",371849,2025-05-21 03:35:10,43.3578758239746,-8.84481239318848,"Female"
"6018402",371849,2025-05-21 03:40:12,43.3577880859375,-8.84468841552734,"Female"
"6018402",371849,2025-05-21 03:45:35,43.3578262329102,-8.84483432769775,"Female"
"6018402",371849,2025-05-21 03:50:08,43.3577919006348,-8.84485816955566,"Female"
"6018402",371849,2025-05-21 03:55:07,43.3578147888184,-8.84484767913818,"Female"
"6018402",371849,2025-05-21 04:00:08,43.3577995300293,-8.84488201141357,"Female"
"6018402",371849,2025-05-21 04:05:07,43.357780456543,-8.84482097625732,"Female"
"6018402",371849,2025-05-21 04:10:07,43.357795715332,-8.84482955932617,"Female"
"6018402",371849,2025-05-21 04:15:07,43.3578071594238,-8.84489727020264,"Female"
"6018402",371849,2025-05-21 04:20:07,43.3577919006348,-8.84486484527588,"Female"
"6018402",371849,2025-05-21 04:25:08,43.3578033447266,-8.84482479095459,"Female"
"6018402",371849,2025-05-21 04:30:07,43.357837677002,-8.844895362854,"Female"
"6018402",371849,2025-05-21 04:35:08,43.3578109741211,-8.8449010848999,"Female"
"6018402",371849,2025-05-21 04:40:08,43.3578300476074,-8.84481716156006,"Female"
"6018402",371849,2025-05-21 04:45:08,43.3577880859375,-8.84484386444092,"Female"
"6018402",371849,2025-05-21 04:50:08,43.357795715332,-8.84483814239502,"Female"
"6018402",371849,2025-05-21 04:55:08,43.3577766418457,-8.84491348266602,"Female"
"6018402",371849,2025-05-21 05:00:08,43.3578147888184,-8.84479427337646,"Female"
"6018402",371849,2025-05-21 05:05:08,43.3577766418457,-8.84482860565186,"Female"
"6018402",371849,2025-05-21 05:10:08,43.3577728271484,-8.84487724304199,"Female"
"6018402",371849,2025-05-21 05:15:08,43.357837677002,-8.84488201141357,"Female"
"6018402",371849,2025-05-21 05:20:08,43.3578414916992,-8.84492111206055,"Female"
"6018402",371849,2025-05-21 05:25:08,43.3577613830566,-8.84488773345947,"Female"
"6018402",371849,2025-05-21 05:30:08,43.357795715332,-8.84488868713379,"Female"
"6018402",371849,2025-05-21 05:35:08,43.3576469421387,-8.84480381011963,"Female"
"6018402",371849,2025-05-21 05:40:08,43.3577728271484,-8.84487247467041,"Female"
"6018402",371849,2025-05-21 05:45:09,43.3577308654785,-8.84476661682129,"Female"
"6018402",371849,2025-05-21 05:50:08,43.3575592041016,-8.84452342987061,"Female"
"6018402",371849,2025-05-21 05:55:10,43.3575325012207,-8.84463405609131,"Female"
"6018402",371849,2025-05-21 06:00:32,43.357780456543,-8.84497547149658,"Female"
"6018402",371849,2025-05-21 06:05:10,43.3575630187988,-8.84477233886719,"Female"
"6018402",371849,2025-05-21 06:10:10,43.3566703796387,-8.85113334655762,"Female"
"6018402",371849,2025-05-21 06:15:09,43.3264617919922,-8.86234569549561,"Female"
"6018402",371849,2025-05-21 06:20:11,43.3142509460449,-8.85703945159912,"Female"
"6018402",371849,2025-05-21 06:25:11,43.3142585754395,-8.85703754425049,"Female"
"6018402",371849,2025-05-21 06:30:08,43.3054237365723,-8.85972023010254,"Female"
"6018402",371849,2025-05-21 06:35:09,43.284782409668,-8.86148166656494,"Female"
"6018402",371849,2025-05-21 06:40:20,43.2748107910156,-8.86546325683594,"Female"
"6018402",371849,2025-05-21 06:45:22,43.276683807373,-8.86549282073975,"Female"
"6018402",371849,2025-05-21 06:50:21,43.2765007019043,-8.86545085906982,"Female"
"6018402",371849,2025-05-21 06:55:34,43.2761840820312,-8.86555576324463,"Female"
"6018402",371849,2025-05-21 07:00:08,43.2762756347656,-8.86535739898682,"Female"
"6018402",371849,2025-05-21 07:05:08,43.2765846252441,-8.86515235900879,"Female"
"6018402",371849,2025-05-21 07:10:08,43.2761421203613,-8.86518955230713,"Female"
"6018402",371849,2025-05-21 07:15:07,43.2770729064941,-8.86470222473145,"Female"
"6018402",371849,2025-05-21 07:20:07,43.2761726379395,-8.86505508422852,"Female"
"6018402",371849,2025-05-21 07:25:08,43.2858047485352,-8.87008571624756,"Female"
"6018402",371849,2025-05-21 07:30:08,43.2857933044434,-8.87000751495361,"Female"
"6018402",371849,2025-05-21 07:35:08,43.2858238220215,-8.87001705169678,"Female"
"6018402",371849,2025-05-21 07:40:08,43.2857360839844,-8.87002658843994,"Female"
"6018402",371849,2025-05-21 07:45:08,43.2858810424805,-8.87003707885742,"Female"
"6018402",371849,2025-05-21 07:50:07,43.2858848571777,-8.8700590133667,"Female"
"6018402",371849,2025-05-21 07:55:07,43.2857360839844,-8.87001991271973,"Female"
"6018402",371849,2025-05-21 08:00:11,43.2857856750488,-8.86997985839844,"Female"
"6018402",371849,2025-05-21 08:05:12,43.2857208251953,-8.8699836730957,"Female"
"6018402",371849,2025-05-21 08:10:09,43.2856941223145,-8.86997699737549,"Female"
"6018402",371849,2025-05-21 08:15:09,43.2856674194336,-8.86993503570557,"Female"
"6018402",371849,2025-05-21 08:20:17,43.2858619689941,-8.87005043029785,"Female"
"6018402",371849,2025-05-21 08:25:09,43.2863845825195,-8.87039947509766,"Female"
"6018402",371849,2025-05-21 08:30:12,43.2854461669922,-8.86919212341309,"Female"
"6018402",371849,2025-05-21 08:35:15,43.2860298156738,-8.86985397338867,"Female"
"6018402",371849,2025-05-21 08:40:08,43.2861595153809,-8.86966896057129,"Female"
"6018402",371849,2025-05-21 08:45:17,43.2861099243164,-8.86950302124023,"Female"
"6018402",371849,2025-05-21 08:50:08,43.286060333252,-8.86949348449707,"Female"
"6018402",371849,2025-05-21 08:55:12,43.2861747741699,-8.86972999572754,"Female"
"6018402",371849,2025-05-21 09:00:16,43.286075592041,-8.86959743499756,"Female"
"6018402",371849,2025-05-21 09:05:17,43.2861022949219,-8.86960220336914,"Female"
"6018402",371849,2025-05-21 09:10:09,43.2861480712891,-8.86966037750244,"Female"
"6018402",371849,2025-05-21 09:15:12,43.2861022949219,-8.86946487426758,"Female"
"6018402",371849,2025-05-21 09:20:18,43.2861404418945,-8.86937522888184,"Female"
"6018402",371849,2025-05-21 09:25:08,43.285327911377,-8.87024402618408,"Female"
"6018402",371849,2025-05-21 09:30:11,43.2786712646484,-8.87038612365723,"Female"
"6018402",371849,2025-05-21 09:35:16,43.2754821777344,-8.86564540863037,"Female"
"6018402",371849,2025-05-21 09:40:11,43.2753829956055,-8.86557769775391,"Female"
"6018402",371849,2025-05-21 09:45:33,43.2751617431641,-8.86467361450195,"Female"
"6018402",371849,2025-05-21 09:50:08,43.2750854492188,-8.86471939086914,"Female"
"6018402",371849,2025-05-21 09:55:08,43.2752571105957,-8.86580753326416,"Female"
"6018402",371849,2025-05-21 10:00:08,43.2750625610352,-8.86535549163818,"Female"
"6018402",371849,2025-05-21 10:05:08,43.2787704467773,-8.87216854095459,"Female"
"6018402",371849,2025-05-21 10:10:08,43.2777671813965,-8.8764591217041,"Female"
"6018402",371849,2025-05-21 10:15:08,43.2777328491211,-8.87650966644287,"Female"
"6018402",371849,2025-05-21 10:20:08,43.2776184082031,-8.87651443481445,"Female"
"6018402",371849,2025-05-21 10:25:08,43.2776947021484,-8.87656879425049,"Female"
"6018402",371849,2025-05-21 10:30:07,43.2782135009766,-8.87864780426025,"Female"
"6018402",371849,2025-05-21 10:35:08,43.2773590087891,-8.88379859924316,"Female"
"6018402",371849,2025-05-21 10:40:08,43.2776527404785,-8.88247108459473,"Female"
"6018402",371849,2025-05-21 10:45:10,43.2747230529785,-8.86664295196533,"Female"
"6018402",371849,2025-05-21 10:50:08,43.2746658325195,-8.86653995513916,"Female"
"6018402",371849,2025-05-21 10:55:07,43.280101776123,-8.86666107177734,"Female"
"6018402",371849,2025-05-21 11:00:08,43.2816925048828,-8.8704080581665,"Female"
"6018402",371849,2025-05-21 11:05:08,43.2814140319824,-8.86991310119629,"Female"
"6018402",371849,2025-05-21 11:10:08,43.2861709594727,-8.86919116973877,"Female"
"6018402",371849,2025-05-21 11:15:35,43.2860717773438,-8.86915493011475,"Female"
"6018402",371849,2025-05-21 11:20:07,43.2860450744629,-8.86910533905029,"Female"
"6018402",371849,2025-05-21 11:25:08,43.2859535217285,-8.86905670166016,"Female"
"6018402",371849,2025-05-21 11:30:08,43.2858467102051,-8.86900234222412,"Female"
"6018402",371849,2025-05-21 11:35:07,43.2860946655273,-8.86911964416504,"Female"
"6018402",371849,2025-05-21 11:40:08,43.2855453491211,-8.85951328277588,"Female"
"6018402",371849,2025-05-21 11:45:07,43.2870788574219,-8.86101913452148,"Female"
"6018402",371849,2025-05-21 11:50:07,43.2797431945801,-8.87643241882324,"Female"
"6018402",371849,2025-05-21 11:55:15,43.2849655151367,-8.87405872344971,"Female"
"6018402",371849,2025-05-21 12:00:07,43.308464050293,-8.86877632141113,"Female"
"6018402",371849,2025-05-21 12:05:09,43.3148040771484,-8.83998107910156,"Female"
"6018402",371849,2025-05-21 12:10:08,43.315128326416,-8.84048366546631,"Female"
"6018402",371849,2025-05-21 12:15:08,43.3148727416992,-8.83994579315186,"Female"
"6018402",371849,2025-05-21 12:20:09,43.3152160644531,-8.84041690826416,"Female"
"6018402",371849,2025-05-21 12:25:08,43.3149223327637,-8.84052848815918,"Female"
"6018402",371849,2025-05-21 12:30:09,43.3184700012207,-8.8494930267334,"Female"
"6018402",371849,2025-05-21 12:35:10,43.3389892578125,-8.84621524810791,"Female"
"6018402",371849,2025-05-21 12:40:15,43.3578491210938,-8.84490966796875,"Female"
"6018402",371849,2025-05-21 12:45:44,43.3578109741211,-8.84493446350098,"Female"
"6018402",371849,2025-05-21 12:50:12,43.3579330444336,-8.84543704986572,"Female"
"6018402",371849,2025-05-21 12:55:07,43.357852935791,-8.84496879577637,"Female"
"6018402",371849,2025-05-21 13:00:07,43.357852935791,-8.84499073028564,"Female"
"6018402",371849,2025-05-21 13:05:07,43.3578910827637,-8.84489917755127,"Female"
"6018402",371849,2025-05-21 13:10:07,43.3578414916992,-8.84492683410645,"Female"
"6018402",371849,2025-05-21 13:15:07,43.357780456543,-8.84492492675781,"Female"
"6018402",371849,2025-05-21 13:20:13,43.3578758239746,-8.84486103057861,"Female"
"6018402",371849,2025-05-21 13:25:08,43.3578186035156,-8.84495830535889,"Female"
"6018402",371849,2025-05-21 13:30:44,43.3578872680664,-8.84486675262451,"Female"
"6018402",371849,2025-05-21 13:35:08,43.3578987121582,-8.84489917755127,"Female"
"6018402",371849,2025-05-21 13:40:08,43.3578681945801,-8.84489727020264,"Female"
"6018402",371849,2025-05-21 13:45:10,43.3579864501953,-8.8448314666748,"Female"
"6018402",371849,2025-05-21 13:50:08,43.3577880859375,-8.84489059448242,"Female"
"6018402",371849,2025-05-21 13:55:08,43.3577728271484,-8.84492492675781,"Female"
"6018402",371849,2025-05-21 14:00:08,43.3579063415527,-8.84484004974365,"Female"
"6018402",371849,2025-05-21 14:05:08,43.3578605651855,-8.84484481811523,"Female"
"6018402",371849,2025-05-21 14:10:09,43.3578796386719,-8.84483242034912,"Female"
"6018402",371849,2025-05-21 14:15:10,43.3581390380859,-8.84494113922119,"Female"
"6018402",371849,2025-05-21 14:20:10,43.3578300476074,-8.84490394592285,"Female"
"6018402",371849,2025-05-21 14:25:10,43.3617935180664,-8.8557767868042,"Female"
"6018402",371849,2025-05-21 14:30:10,43.3811798095703,-8.88022327423096,"Female"
"6018402",371849,2025-05-21 14:35:11,43.4020309448242,-8.89773654937744,"Female"
"6018402",371849,2025-05-21 14:40:12,43.4231376647949,-8.90803146362305,"Female"
"6018402",371849,2025-05-21 14:45:12,43.4419250488281,-8.91616153717041,"Female"
"6018402",371849,2025-05-21 14:50:15,43.4623222351074,-8.92343711853027,"Female"
"6018402",371849,2025-05-21 14:55:23,43.4824829101562,-8.93928241729736,"Female"
"6018402",371849,2025-05-21 15:00:20,43.5014381408691,-8.94700622558594,"Female"
"6018402",371849,2025-05-21 15:05:20,43.5178871154785,-8.96196842193604,"Female"
"6018402",371849,2025-05-21 15:10:38,43.5183258056641,-8.99733448028564,"Female"
"6018402",371849,2025-05-21 15:15:09,43.5145797729492,-9.03318500518799,"Female"
"6018402",371849,2025-05-21 15:20:50,43.5193405151367,-9.04328155517578,"Female"
"6018402",371849,2025-05-21 15:25:09,43.5333938598633,-9.0446891784668,"Female"
"6018402",371849,2025-05-21 15:30:13,43.5450210571289,-9.05475425720215,"Female"
"6018402",371849,2025-05-21 15:35:13,43.5451316833496,-9.05461120605469,"Female"
"6018402",371849,2025-05-21 15:40:15,43.5448760986328,-9.05466365814209,"Female"
"6018402",371849,2025-05-21 15:45:15,43.5420951843262,-9.05492210388184,"Female"
"6018402",371849,2025-05-21 15:50:08,43.5425033569336,-9.05495357513428,"Female"
"6018402",371849,2025-05-21 15:55:13,43.5425338745117,-9.05428314208984,"Female"
"6018402",371849,2025-05-21 16:00:12,43.5426025390625,-9.05343723297119,"Female"
"6018402",371849,2025-05-21 16:05:15,43.542350769043,-9.05263519287109,"Female"
"6018402",371849,2025-05-21 16:10:18,43.5420570373535,-9.05167293548584,"Female"
"6018402",371849,2025-05-21 16:15:18,43.5416831970215,-9.05130958557129,"Female"
"6018402",371849,2025-05-21 16:20:19,43.5401000976562,-9.04814434051514,"Female"
"6018402",371849,2025-05-21 16:25:18,43.5395126342773,-9.04804420471191,"Female"
"6018402",371849,2025-05-21 16:30:12,43.529125213623,-9.04666137695312,"Female"
"6018402",371849,2025-05-21 16:35:37,43.526294708252,-9.04455184936523,"Female"
"6018402",371849,2025-05-21 16:40:18,43.5260848999023,-9.04414367675781,"Female"
"6018402",371849,2025-05-21 16:45:30,43.5257873535156,-9.04361724853516,"Female"
"6018402",371849,2025-05-21 16:50:35,43.5255813598633,-9.04352855682373,"Female"
"6018402",371849,2025-05-21 16:55:12,43.5254821777344,-9.04338359832764,"Female"
"6018402",371849,2025-05-21 17:00:18,43.5249671936035,-9.04305839538574,"Female"
"6018402",371849,2025-05-21 17:06:09,43.5306282043457,-9.05094909667969,"Female"
"6018402",371849,2025-05-21 17:10:10,43.5344123840332,-9.05917835235596,"Female"
"6018402",371849,2025-05-21 17:15:35,43.5332107543945,-9.05086135864258,"Female"
"6018402",371849,2025-05-21 17:20:10,43.5328216552734,-9.050612449646,"Female"
"6018402",371849,2025-05-21 17:25:10,43.5324325561523,-9.05075836181641,"Female"
"6018402",371849,2025-05-21 17:30:11,43.5320358276367,-9.05058574676514,"Female"
"6018402",371849,2025-05-21 17:35:10,43.5316467285156,-9.05065155029297,"Female"
"6018402",371849,2025-05-21 17:40:16,43.5310516357422,-9.05038928985596,"Female"
"6018402",371849,2025-05-21 17:45:09,43.5345268249512,-9.04617214202881,"Female"
"6018402",371849,2025-05-21 17:50:18,43.5385704040527,-9.02488899230957,"Female"
"6018402",371849,2025-05-21 17:55:11,43.5406875610352,-9.0159215927124,"Female"
"6018402",371849,2025-05-21 18:00:35,43.5400657653809,-9.01524257659912,"Female"
"6018402",371849,2025-05-21 18:05:12,43.5394744873047,-9.01477432250977,"Female"
"6018402",371849,2025-05-21 18:10:15,43.5388717651367,-9.01404285430908,"Female"
"6018402",371849,2025-05-21 18:15:17,43.5444641113281,-9.00142860412598,"Female"
"6018402",371849,2025-05-21 18:20:19,43.5445289611816,-8.9995641708374,"Female"
"6018402",371849,2025-05-21 18:25:10,43.5460929870605,-9.00045871734619,"Female"
"6018402",371849,2025-05-21 18:30:35,43.5424957275391,-9.00645160675049,"Female"
"6018402",371849,2025-05-21 18:35:10,43.5418968200684,-9.0062837600708,"Female"
"6018402",371849,2025-05-21 18:40:09,43.5413551330566,-9.01677227020264,"Female"
"6018402",371849,2025-05-21 18:45:09,43.5406608581543,-9.01433563232422,"Female"
"6018402",371849,2025-05-21 18:50:09,43.5271339416504,-8.99362087249756,"Female"
"6018402",371849,2025-05-21 18:55:10,43.5014762878418,-9.00891780853271,"Female"
"6018402",371849,2025-05-21 19:00:09,43.4769477844238,-8.97883319854736,"Female"
"6018402",371849,2025-05-21 19:05:10,43.4514541625977,-8.94532203674316,"Female"
"6018402",371849,2025-05-21 19:10:10,43.4243049621582,-8.91307735443115,"Female"
"6018402",371849,2025-05-21 19:15:09,43.3997688293457,-8.8806266784668,"Female"
"6018402",371849,2025-05-21 19:20:09,43.3683967590332,-8.85355663299561,"Female"
"6018402",371849,2025-05-21 19:25:12,43.3578109741211,-8.84494495391846,"Female"
"6018402",371849,2025-05-21 19:30:35,43.3578338623047,-8.84489631652832,"Female"
"6018402",371849,2025-05-21 19:35:10,43.3577919006348,-8.84489250183105,"Female"
"6018402",371849,2025-05-21 19:40:12,43.3577308654785,-8.844895362854,"Female"
"6018402",371849,2025-05-21 19:45:12,43.357738494873,-8.84487915039062,"Female"
"6018402",371849,2025-05-21 19:50:16,43.3578224182129,-8.8448657989502,"Female"
"6018402",371849,2025-05-21 19:55:11,43.3577690124512,-8.84489250183105,"Female"
"6018402",371849,2025-05-21 20:00:10,43.3578720092773,-8.84496879577637,"Female"
"6018402",371849,2025-05-21 20:05:10,43.357780456543,-8.84490394592285,"Female"
"6018402",371849,2025-05-21 20:10:15,43.3578033447266,-8.84489917755127,"Female"
"6018402",371849,2025-05-21 20:15:10,43.3579254150391,-8.84496116638184,"Female"
"6018402",371849,2025-05-21 20:20:10,43.357795715332,-8.84478282928467,"Female"
"6018402",371849,2025-05-21 20:25:15,43.3577766418457,-8.8448486328125,"Female"
"6018402",371849,2025-05-21 20:30:15,43.3577766418457,-8.8448543548584,"Female"
"6018402",371849,2025-05-21 20:35:16,43.3578033447266,-8.84497356414795,"Female"
"6018402",371849,2025-05-21 20:40:20,43.3579864501953,-8.84512710571289,"Female"
"6018402",371849,2025-05-21 20:45:18,43.3582077026367,-8.84546375274658,"Female"
"6018402",371849,2025-05-21 20:50:18,43.358024597168,-8.84522438049316,"Female"
"6018402",371849,2025-05-21 20:55:13,43.3580207824707,-8.84525108337402,"Female"
"6018402",371849,2025-05-21 21:00:15,43.3579750061035,-8.84529781341553,"Female"
"6018402",371849,2025-05-21 21:05:18,43.3579330444336,-8.84527015686035,"Female"
"6018402",371849,2025-05-21 21:10:20,43.3579597473145,-8.84534931182861,"Female"
"6018402",371849,2025-05-21 21:15:19,43.3579216003418,-8.84530067443848,"Female"
"6018402",371849,2025-05-21 21:20:35,43.3578414916992,-8.84506607055664,"Female"
"6018402",371849,2025-05-21 21:25:09,43.3577690124512,-8.84503269195557,"Female"
"6018402",371849,2025-05-21 21:30:10,43.3577880859375,-8.84500503540039,"Female"
"6018402",371849,2025-05-21 21:35:10,43.357780456543,-8.84512233734131,"Female"
"6018402",371849,2025-05-21 21:40:10,43.3577613830566,-8.84504413604736,"Female"
"6018402",371849,2025-05-21 21:45:10,43.3578186035156,-8.84500694274902,"Female"
"6018402",371849,2025-05-21 21:50:10,43.3578300476074,-8.84505939483643,"Female"
"6018402",371849,2025-05-21 21:55:10,43.3578300476074,-8.84506988525391,"Female"
"6018402",371849,2025-05-21 22:00:10,43.3577995300293,-8.84511756896973,"Female"
"6018402",371849,2025-05-21 22:05:10,43.357780456543,-8.84509563446045,"Female"
"6018402",371849,2025-05-21 22:10:10,43.357780456543,-8.84506988525391,"Female"
"6018402",371849,2025-05-21 22:15:10,43.3578109741211,-8.84506034851074,"Female"
"6018402",371849,2025-05-21 22:20:10,43.3577995300293,-8.84504318237305,"Female"
"6018402",371849,2025-05-21 22:25:10,43.3578186035156,-8.84508609771729,"Female"
"6018402",371849,2025-05-21 22:30:10,43.357795715332,-8.84513092041016,"Female"
"6018402",371849,2025-05-21 22:35:10,43.3577499389648,-8.84512329101562,"Female"
"6018402",371849,2025-05-21 22:40:09,43.3577995300293,-8.8451566696167,"Female"
"6018402",371849,2025-05-21 22:45:10,43.3578071594238,-8.8450927734375,"Female"
"6018402",371849,2025-05-21 22:50:10,43.3577651977539,-8.84512710571289,"Female"
"6018402",371849,2025-05-21 22:55:18,43.3578109741211,-8.84506607055664,"Female"
"6018402",371849,2025-05-21 23:00:16,43.3578491210938,-8.84505462646484,"Female"
"6018402",371849,2025-05-21 23:05:35,43.3577461242676,-8.84481811523438,"Female"
"6018402",371849,2025-05-21 23:10:09,43.3579025268555,-8.84487056732178,"Female"
"6018402",371849,2025-05-21 23:15:09,43.357837677002,-8.84492969512939,"Female"
"6018402",371849,2025-05-21 23:20:09,43.3577537536621,-8.84487056732178,"Female"
"6018402",371849,2025-05-21 23:25:09,43.357795715332,-8.84494400024414,"Female"
"6018402",371849,2025-05-21 23:30:09,43.3578414916992,-8.84490585327148,"Female"
"6018402",371849,2025-05-21 23:35:09,43.3577728271484,-8.84497547149658,"Female"
"6018402",371849,2025-05-21 23:40:09,43.3576698303223,-8.84485530853271,"Female"
"6018402",371849,2025-05-21 23:45:09,43.3577117919922,-8.8447847366333,"Female"
"6018402",371849,2025-05-21 23:50:09,43.3580436706543,-8.84526634216309,"Female"
"6018402",371849,2025-05-21 23:55:11,43.3577690124512,-8.84491729736328,"Female"
"6018402",371849,2025-05-22 00:00:12,43.3577537536621,-8.84484004974365,"Female"
"6018402",371849,2025-05-22 00:05:12,43.3577499389648,-8.84485340118408,"Female"
"6018402",371849,2025-05-22 00:10:10,43.3577690124512,-8.84482765197754,"Female"
"6018402",371849,2025-05-22 00:15:11,43.357780456543,-8.84483814239502,"Female"
"6018402",371849,2025-05-22 00:20:10,43.3577117919922,-8.84490776062012,"Female"
"6018402",371849,2025-05-22 00:25:10,43.3577117919922,-8.84490013122559,"Female"
"6018402",371849,2025-05-22 00:30:11,43.3576354980469,-8.84475040435791,"Female"
"6018402",371849,2025-05-22 00:35:11,43.3576965332031,-8.84480476379395,"Female"
"6018402",371849,2025-05-22 00:40:11,43.3577003479004,-8.8447847366333,"Female"
"6018402",371849,2025-05-22 00:45:11,43.3577156066895,-8.84484767913818,"Female"
"6018402",371849,2025-05-22 00:50:13,43.3576927185059,-8.84471607208252,"Female"
"6018402",371849,2025-05-22 00:55:13,43.3576393127441,-8.84471416473389,"Female"
"6018402",371849,2025-05-22 01:00:13,43.3577003479004,-8.84469509124756,"Female"
"6018402",371849,2025-05-22 01:05:16,43.3576354980469,-8.84467029571533,"Female"
"6018402",371849,2025-05-22 01:10:19,43.3576278686523,-8.84463024139404,"Female"
"6018402",371849,2025-05-22 01:15:18,43.3576240539551,-8.84457492828369,"Female"
"6018402",371849,2025-05-22 01:20:29,43.3575859069824,-8.84469604492188,"Female"
"6018402",371849,2025-05-22 01:25:29,43.3575325012207,-8.84463882446289,"Female"
"6018402",371849,2025-05-22 01:30:34,43.3576583862305,-8.84491920471191,"Female"
"6018402",371849,2025-05-22 01:35:09,43.3577651977539,-8.84499835968018,"Female"
"6018402",371849,2025-05-22 01:40:10,43.3577880859375,-8.84502696990967,"Female"
"6018402",371849,2025-05-22 01:45:09,43.3578147888184,-8.84516525268555,"Female"
"6018402",371849,2025-05-22 01:50:09,43.3578605651855,-8.84513378143311,"Female"
"6018402",371849,2025-05-22 01:55:09,43.3578453063965,-8.84505081176758,"Female"
"6018402",371849,2025-05-22 02:00:11,43.3577461242676,-8.8451042175293,"Female"
"6018402",371849,2025-05-22 02:05:10,43.3578834533691,-8.8450984954834,"Female"
"6018402",371849,2025-05-22 02:10:12,43.3577995300293,-8.84507274627686,"Female"
"6018402",371849,2025-05-22 02:15:12,43.3581161499023,-8.84510040283203,"Female"
"6018402",371849,2025-05-22 02:20:16,43.3580207824707,-8.84507465362549,"Female"
"6018402",371849,2025-05-22 02:25:15,43.3581047058105,-8.84511375427246,"Female"
"6018402",371849,2025-05-22 02:30:22,43.3581466674805,-8.84512233734131,"Female"
"6018402",371849,2025-05-22 02:35:24,43.3580513000488,-8.84509181976318,"Female"
"6018402",371849,2025-05-22 02:41:14,43.3578224182129,-8.84499740600586,"Female"
"6018402",371849,2025-05-22 02:45:09,43.3579254150391,-8.84513092041016,"Female"
"6018402",371849,2025-05-22 02:50:10,43.3577308654785,-8.84499168395996,"Female"
"6018402",371849,2025-05-22 02:55:13,43.3577194213867,-8.84491348266602,"Female"
"6018402",371849,2025-05-22 03:00:10,43.357795715332,-8.84492492675781,"Female"
"6018402",371849,2025-05-22 03:05:15,43.3578872680664,-8.844895362854,"Female"
"6018402",371849,2025-05-22 03:10:12,43.3577156066895,-8.84488677978516,"Female"
"6018402",371849,2025-05-22 03:15:16,43.3577308654785,-8.84478092193604,"Female"
"6018402",371849,2025-05-22 03:20:17,43.357738494873,-8.84476280212402,"Female"
"6018402",371849,2025-05-22 03:25:20,43.3576622009277,-8.8447322845459,"Female"
"6018402",371849,2025-05-22 03:30:32,43.3577575683594,-8.84473896026611,"Female"
"6018402",371849,2025-05-22 03:35:10,43.3576812744141,-8.84477519989014,"Female"
"6018402",371849,2025-05-22 03:40:13,43.3577079772949,-8.84461116790771,"Female"
"6018402",371849,2025-05-22 03:45:11,43.3577575683594,-8.8444938659668,"Female"
"6018402",371849,2025-05-22 03:50:12,43.3577575683594,-8.84447288513184,"Female"
"6018402",371849,2025-05-22 03:55:10,43.3577728271484,-8.84446239471436,"Female"
"6018402",371849,2025-05-22 04:00:10,43.357780456543,-8.84430980682373,"Female"
"6018402",371849,2025-05-22 04:05:10,43.3577346801758,-8.84434509277344,"Female"
"6018402",371849,2025-05-22 04:10:10,43.3577880859375,-8.84435081481934,"Female"
"6018402",371849,2025-05-22 04:15:13,43.3576622009277,-8.84470462799072,"Female"
"6018402",371849,2025-05-22 04:20:13,43.3576698303223,-8.8445930480957,"Female"
"6018402",371849,2025-05-22 04:25:12,43.3577575683594,-8.8443431854248,"Female"
"6018402",371849,2025-05-22 04:30:10,43.3578033447266,-8.8443603515625,"Female"
"6018402",371849,2025-05-22 04:35:16,43.3576698303223,-8.8445463180542,"Female"
"6018402",371849,2025-05-22 04:40:11,43.357738494873,-8.84437370300293,"Female"
"6018402",371849,2025-05-22 04:45:13,43.3576850891113,-8.84448337554932,"Female"
"6018402",371849,2025-05-22 04:50:15,43.3576469421387,-8.84456443786621,"Female"
"6018402",371849,2025-05-22 04:55:13,43.3576545715332,-8.84451580047607,"Female"
"6018402",371849,2025-05-22 05:00:16,43.3576316833496,-8.84454917907715,"Female"
"6018402",371849,2025-05-22 05:05:26,43.3575744628906,-8.84458923339844,"Female"
"6018402",371849,2025-05-22 05:10:27,43.3575706481934,-8.84455299377441,"Female"
"6018402",371849,2025-05-22 05:15:29,43.3575401306152,-8.84456539154053,"Female"
"6018402",371849,2025-05-22 05:20:30,43.3575248718262,-8.84458446502686,"Female"
"6018402",371849,2025-05-22 05:25:20,43.3574676513672,-8.84464168548584,"Female"
"6018402",371849,2025-05-22 05:30:18,43.3577270507812,-8.8447208404541,"Female"
"6018402",371849,2025-05-22 05:35:16,43.3578300476074,-8.84475517272949,"Female"
"6018402",371849,2025-05-22 05:40:18,43.3579292297363,-8.84480857849121,"Female"
"6018402",371849,2025-05-22 05:45:16,43.3580093383789,-8.8448429107666,"Female"
"6018402",371849,2025-05-22 05:50:13,43.3579635620117,-8.84481906890869,"Female"
"6018402",371849,2025-05-22 05:55:18,43.3580284118652,-8.84481716156006,"Female"
"6018402",371849,2025-05-22 06:00:22,43.3579978942871,-8.84481716156006,"Female"
"6018402",371849,2025-05-22 06:05:18,43.3579788208008,-8.84473514556885,"Female"
"6018402",371849,2025-05-22 06:10:18,43.3578910827637,-8.84473133087158,"Female"
"6018402",371849,2025-05-22 06:15:19,43.3579750061035,-8.844801902771,"Female"
"6018402",371849,2025-05-22 06:20:18,43.3578910827637,-8.84473705291748,"Female"
"6018402",371849,2025-05-22 06:25:12,43.3578910827637,-8.84486484527588,"Female"
"6018402",371849,2025-05-22 06:30:16,43.35791015625,-8.84489440917969,"Female"
"6018402",371849,2025-05-22 06:35:15,43.3579597473145,-8.84496784210205,"Female"
"6018402",371849,2025-05-22 06:40:12,43.3578300476074,-8.84500503540039,"Female"
"6018402",371849,2025-05-22 06:45:15,43.3578605651855,-8.84514808654785,"Female"
"6018402",371849,2025-05-22 06:50:17,43.3579330444336,-8.84513378143311,"Female"
"6018402",371849,2025-05-22 06:55:10,43.3579788208008,-8.84506702423096,"Female"
"6018402",371849,2025-05-22 07:00:12,43.3578109741211,-8.84514999389648,"Female"
"6018402",371849,2025-05-22 07:05:11,43.3578147888184,-8.8451623916626,"Female"
"6018402",371849,2025-05-22 07:10:10,43.3577651977539,-8.84525299072266,"Female"
"6018402",371849,2025-05-22 07:15:11,43.3577575683594,-8.84516906738281,"Female"
"6018402",371849,2025-05-22 07:20:10,43.3578872680664,-8.84517574310303,"Female"
"6018402",371849,2025-05-22 07:25:12,43.3579177856445,-8.84510612487793,"Female"
"6018402",371849,2025-05-22 07:30:11,43.3577995300293,-8.84511852264404,"Female"
"6018402",371849,2025-05-22 07:35:16,43.3577651977539,-8.84522914886475,"Female"
"6018402",371849,2025-05-22 07:40:10,43.3578720092773,-8.84516906738281,"Female"
"6018402",371849,2025-05-22 07:45:12,43.354606628418,-8.84626197814941,"Female"
"6018402",371849,2025-05-22 07:50:11,43.3749847412109,-8.86565780639648,"Female"
"6018402",371849,2025-05-22 07:55:10,43.3933944702148,-8.89809417724609,"Female"
"6018402",371849,2025-05-22 08:00:10,43.4062614440918,-8.93605327606201,"Female"
"6018402",371849,2025-05-22 08:05:10,43.419994354248,-8.97138118743896,"Female"
"6018402",371849,2025-05-22 08:10:10,43.4370803833008,-9.00349140167236,"Female"
"6018402",371849,2025-05-22 08:15:10,43.4499740600586,-9.02894115447998,"Female"
"6018402",371849,2025-05-22 08:20:10,43.4333457946777,-9.07817935943604,"Female"
"6018402",371849,2025-05-22 08:25:11,43.4344062805176,-9.07766819000244,"Female"
"6018402",371849,2025-05-22 08:30:17,43.4346923828125,-9.07671451568604,"Female"
"6018402",371849,2025-05-22 08:35:15,43.4308166503906,-9.08577632904053,"Female"
"6018402",371849,2025-05-22 08:40:17,43.4300193786621,-9.08624458312988,"Female"
"6018402",371849,2025-05-22 08:45:11,43.4255828857422,-9.10018730163574,"Female"
"6018402",371849,2025-05-22 08:50:11,43.4195251464844,-9.10837650299072,"Female"
"6018402",371849,2025-05-22 08:55:11,43.4160270690918,-9.11461544036865,"Female"
"6018402",371849,2025-05-22 09:00:15,43.415210723877,-9.11770534515381,"Female"
"6018402",371849,2025-05-22 09:05:15,43.4156875610352,-9.11810398101807,"Female"
"6018402",371849,2025-05-22 09:10:11,43.4108276367188,-9.12756061553955,"Female"
"6018402",371849,2025-05-22 09:15:11,43.41064453125,-9.1281042098999,"Female"
"6018402",371849,2025-05-22 09:20:16,43.4051475524902,-9.13941097259521,"Female"
"6018402",371849,2025-05-22 09:25:11,43.4050483703613,-9.13991928100586,"Female"
"6018402",371849,2025-05-22 09:30:11,43.4051132202148,-9.14016532897949,"Female"
"6018402",371849,2025-05-22 09:35:10,43.4049491882324,-9.14003944396973,"Female"
"6018402",371849,2025-05-22 09:40:11,43.4048080444336,-9.13992786407471,"Female"
"6018402",371849,2025-05-22 09:45:10,43.4050064086914,-9.1400899887085,"Female"
"6018402",371849,2025-05-22 09:50:12,43.4049453735352,-9.13995265960693,"Female"
"6018402",371849,2025-05-22 09:55:11,43.4044990539551,-9.13958835601807,"Female"
"6018402",371849,2025-05-22 10:00:11,43.4040145874023,-9.13916015625,"Female"
"6018402",371849,2025-05-22 10:05:11,43.4037818908691,-9.1390266418457,"Female"
"6018402",371849,2025-05-22 10:10:11,43.4038467407227,-9.13927364349365,"Female"
"6018402",371849,2025-05-22 10:15:10,43.4038429260254,-9.13972282409668,"Female"
"6018402",371849,2025-05-22 10:20:11,43.4033966064453,-9.14039516448975,"Female"
"6018402",371849,2025-05-22 10:25:10,43.4091262817383,-9.16617679595947,"Female"
"6018402",371849,2025-05-22 10:30:10,43.4247512817383,-9.19210433959961,"Female"
"6018402",371849,2025-05-22 10:35:11,43.4435348510742,-9.20632457733154,"Female"
"6018402",371849,2025-05-22 10:40:10,43.4647369384766,-9.21535873413086,"Female"
"6018402",371849,2025-05-22 10:45:11,43.4860305786133,-9.21077632904053,"Female"
"6018402",371849,2025-05-22 10:50:11,43.494758605957,-9.18624591827393,"Female"
"6018402",371849,2025-05-22 10:55:11,43.4912376403809,-9.16765880584717,"Female"
"6018402",371849,2025-05-22 11:00:11,43.4921607971191,-9.16106986999512,"Female"
"6018402",371849,2025-05-22 11:05:10,43.5030174255371,-9.14083099365234,"Female"
"6018402",371849,2025-05-22 11:10:11,43.5140190124512,-9.1210880279541,"Female"
"6018402",371849,2025-05-22 11:15:11,43.5310020446777,-9.11427688598633,"Female"
"6018402",371849,2025-05-22 11:20:11,43.5443229675293,-9.10176658630371,"Female"
"6018402",371849,2025-05-22 11:25:12,43.5441627502441,-9.10230731964111,"Female"
"6018402",371849,2025-05-22 11:30:12,43.5439949035645,-9.102614402771,"Female"
"6018402",371849,2025-05-22 11:35:11,43.5463027954102,-9.0839786529541,"Female"
"6018402",371849,2025-05-22 11:40:10,43.5458602905273,-9.07452869415283,"Female"
"6018402",371849,2025-05-22 11:45:16,43.5456123352051,-9.0753173828125,"Female"
"6018402",371849,2025-05-22 11:50:12,43.5452346801758,-9.07589054107666,"Female"
"6018402",371849,2025-05-22 11:55:11,43.5508193969727,-9.06990242004395,"Female"
"6018402",371849,2025-05-22 12:00:11,43.5615882873535,-9.05904674530029,"Female"
"6018402",371849,2025-05-22 12:05:11,43.5658493041992,-9.04233741760254,"Female"
"6018402",371849,2025-05-22 12:10:12,43.5748901367188,-9.02957153320312,"Female"
"6018402",371849,2025-05-22 12:15:11,43.5807151794434,-9.01240634918213,"Female"
"6018402",371849,2025-05-22 12:20:11,43.5844268798828,-8.98477172851562,"Female"
"6018402",371849,2025-05-22 12:25:11,43.5879745483398,-8.96835327148438,"Female"
"6018402",371849,2025-05-22 12:30:13,43.5877990722656,-8.97066307067871,"Female"
"6018402",371849,2025-05-22 12:35:11,43.5916404724121,-8.95410633087158,"Female"
"6018402",371849,2025-05-22 12:40:11,43.5917816162109,-8.94806385040283,"Female"
"6018402",371849,2025-05-22 12:45:13,43.5909271240234,-8.95163440704346,"Female"
"6018402",371849,2025-05-22 12:50:12,43.5911254882812,-8.95191478729248,"Female"
"6018402",371849,2025-05-22 12:55:15,43.590705871582,-8.95442485809326,"Female"
"6018402",371849,2025-05-22 13:00:11,43.592601776123,-8.95805072784424,"Female"
"6018402",371849,2025-05-22 13:05:11,43.6089057922363,-8.97165012359619,"Female"
"6018402",371849,2025-05-22 13:10:11,43.6167526245117,-8.97302722930908,"Female"
"6018402",371849,2025-05-22 13:15:10,43.6202239990234,-8.94368934631348,"Female"
"6018402",371849,2025-05-22 13:20:10,43.633472442627,-8.91943264007568,"Female"
"6018402",371849,2025-05-22 13:25:11,43.6426391601562,-8.8924388885498,"Female"
"6018402",371849,2025-05-22 13:30:11,43.652660369873,-8.87395572662354,"Female"
"6018402",371849,2025-05-22 13:35:10,43.6544075012207,-8.842360496521,"Female"
"6018402",371849,2025-05-22 13:40:18,43.6542778015137,-8.8263578414917,"Female"
"6018402",371849,2025-05-22 13:45:12,43.6538047790527,-8.82755470275879,"Female"
"6018402",371849,2025-05-22 13:50:11,43.6533813476562,-8.82842922210693,"Female"
"6018402",371849,2025-05-22 13:55:13,43.6526947021484,-8.82973098754883,"Female"
"6018402",371849,2025-05-22 14:00:11,43.6522941589355,-8.83082962036133,"Female"
"6018402",371849,2025-05-22 14:05:11,43.6516876220703,-8.83239364624023,"Female"
"6018402",371849,2025-05-22 14:10:11,43.6514930725098,-8.83151149749756,"Female"
"6018402",371849,2025-05-22 14:15:12,43.6510581970215,-8.83189964294434,"Female"
"6018402",371849,2025-05-22 14:20:11,43.6501770019531,-8.83257389068604,"Female"
"6018402",371849,2025-05-22 14:25:11,43.6494827270508,-8.83307838439941,"Female"
"6018402",371849,2025-05-22 14:30:11,43.6487693786621,-8.83376979827881,"Female"
"6018402",371849,2025-05-22 14:35:11,43.6481018066406,-8.83457469940186,"Female"
"6018402",371849,2025-05-22 14:40:15,43.6477470397949,-8.8354434967041,"Female"
"6018402",371849,2025-05-22 14:45:12,43.646671295166,-8.83646392822266,"Female"
"6018402",371849,2025-05-22 14:50:12,43.6456413269043,-8.8370475769043,"Female"
"6018402",371849,2025-05-22 14:55:13,43.6447334289551,-8.83740139007568,"Female"
"6018402",371849,2025-05-22 15:00:12,43.6439361572266,-8.83780956268311,"Female"
"6018402",371849,2025-05-22 15:05:16,43.643180847168,-8.83815002441406,"Female"
"6018402",371849,2025-05-22 15:10:15,43.6425704956055,-8.83883476257324,"Female"
"6018402",371849,2025-05-22 15:15:12,43.6415863037109,-8.83969306945801,"Female"
"6018402",371849,2025-05-22 15:20:12,43.640869140625,-8.8408317565918,"Female"
"6018402",371849,2025-05-22 15:25:18,43.640022277832,-8.84177780151367,"Female"
"6018402",371849,2025-05-22 15:30:15,43.6393699645996,-8.84267711639404,"Female"
"6018402",371849,2025-05-22 15:35:15,43.6385116577148,-8.84328269958496,"Female"
"6018402",371849,2025-05-22 15:40:14,43.6379585266113,-8.84396743774414,"Female"
"6018402",371849,2025-05-22 15:45:15,43.6372566223145,-8.84496402740479,"Female"
"6018402",371849,2025-05-22 15:50:12,43.6365852355957,-8.84615612030029,"Female"
"6018402",371849,2025-05-22 15:55:12,43.6361999511719,-8.84753513336182,"Female"
"6018402",371849,2025-05-22 16:00:14,43.6358375549316,-8.84859275817871,"Female"
"6018402",371849,2025-05-22 16:05:12,43.6351509094238,-8.84951019287109,"Female"
"6018402",371849,2025-05-22 16:10:13,43.6324462890625,-8.84530162811279,"Female"
"6018402",371849,2025-05-22 16:15:13,43.628662109375,-8.84223175048828,"Female"
"6018402",371849,2025-05-22 16:20:12,43.6280517578125,-8.84302043914795,"Female"
"6018402",371849,2025-05-22 16:25:12,43.6277465820312,-8.84436416625977,"Female"
"6018402",371849,2025-05-22 16:30:12,43.6278419494629,-8.84562969207764,"Female"
"6018402",371849,2025-05-22 16:35:12,43.6275787353516,-8.84669494628906,"Female"
"6018402",371849,2025-05-22 16:40:17,43.6276016235352,-8.84555530548096,"Female"
"6018402",371849,2025-05-22 16:45:13,43.6270446777344,-8.84502029418945,"Female"
"6018402",371849,2025-05-22 16:50:12,43.6266555786133,-8.84587097167969,"Female"
"6018402",371849,2025-05-22 16:55:12,43.6302947998047,-8.84374618530273,"Female"
"6018402",371849,2025-05-22 17:00:11,43.6433906555176,-8.85537433624268,"Female"
"6018402",371849,2025-05-22 17:05:11,43.6369895935059,-8.88502216339111,"Female"
"6018402",371849,2025-05-22 17:10:13,43.6362533569336,-8.89165306091309,"Female"
"6018402",371849,2025-05-22 17:15:11,43.612735748291,-8.87572193145752,"Female"
"6018402",371849,2025-05-22 17:20:12,43.5905647277832,-8.84583473205566,"Female"
"6018402",371849,2025-05-22 17:25:11,43.5671768188477,-8.82154655456543,"Female"
"6018402",371849,2025-05-22 17:30:11,43.5222015380859,-8.84240341186523,"Female"
"6018402",371849,2025-05-22 17:35:11,43.4781265258789,-8.83849143981934,"Female"
"6018402",371849,2025-05-22 17:40:11,43.4340019226074,-8.82813262939453,"Female"
"6018402",371849,2025-05-22 17:45:13,43.3853569030762,-8.83149814605713,"Female"
"6018402",371849,2025-05-22 17:50:12,43.3577995300293,-8.84544563293457,"Female"
"6018402",371849,2025-05-22 17:55:12,43.3578109741211,-8.84538459777832,"Female"
"6018402",371849,2025-05-22 18:00:11,43.357795715332,-8.84538650512695,"Female"
"6018402",371849,2025-05-22 18:05:13,43.3579559326172,-8.84500217437744,"Female"
"6018402",371849,2025-05-22 18:10:11,43.3578796386719,-8.84526824951172,"Female"
"6018402",371849,2025-05-22 18:15:13,43.3579864501953,-8.84501266479492,"Female"
"6018402",371849,2025-05-22 18:20:12,43.3580093383789,-8.84506511688232,"Female"
"6018402",371849,2025-05-22 18:25:12,43.3579711914062,-8.84511470794678,"Female"
"6018402",371849,2025-05-22 18:30:13,43.3580360412598,-8.8449764251709,"Female"
"6018402",371849,2025-05-22 18:35:12,43.3579559326172,-8.84505558013916,"Female"
"6018402",371849,2025-05-22 18:40:12,43.3580169677734,-8.84494400024414,"Female"
"6018402",371849,2025-05-22 18:45:12,43.3580207824707,-8.84497737884521,"Female"
"6018402",371849,2025-05-22 18:50:11,43.3580436706543,-8.8449592590332,"Female"
"6018402",371849,2025-05-22 18:55:12,43.3580131530762,-8.84497547149658,"Female"
"6018402",371849,2025-05-22 19:00:13,43.3581008911133,-8.84487342834473,"Female"
"6018402",371849,2025-05-22 19:05:12,43.3580436706543,-8.84493255615234,"Female"
"6018402",371849,2025-05-22 19:10:12,43.3580589294434,-8.84498500823975,"Female"
"6018402",371849,2025-05-22 19:15:12,43.3581199645996,-8.84490966796875,"Female"
"6018402",371849,2025-05-22 19:20:12,43.3580932617188,-8.84494686126709,"Female"
"6018402",371849,2025-05-22 19:25:13,43.3580513000488,-8.84495258331299,"Female"
"6018402",371849,2025-05-22 19:30:13,43.3580665588379,-8.84490489959717,"Female"
"6018402",371849,2025-05-22 19:35:12,43.3581695556641,-8.84497737884521,"Female"
"6018402",371849,2025-05-22 19:40:12,43.3580703735352,-8.84489440917969,"Female"
"6018402",371849,2025-05-22 19:45:12,43.358211517334,-8.84505939483643,"Female"
"6018402",371849,2025-05-22 19:50:12,43.3581924438477,-8.84503650665283,"Female"
"6018402",371849,2025-05-22 19:55:12,43.3582458496094,-8.84503746032715,"Female"
"6018402",371849,2025-05-22 20:00:12,43.3582801818848,-8.84497356414795,"Female"
"6018402",371849,2025-05-22 20:05:11,43.3582191467285,-8.84495735168457,"Female"
"6018402",371849,2025-05-22 20:10:12,43.3582954406738,-8.84504890441895,"Female"
"6018402",371849,2025-05-22 20:15:12,43.358325958252,-8.84496688842773,"Female"
"6018402",371849,2025-05-22 20:20:12,43.3583068847656,-8.84507846832275,"Female"
"6018402",371849,2025-05-22 20:25:12,43.3583641052246,-8.84509181976318,"Female"
"6018402",371849,2025-05-22 20:30:12,43.3583908081055,-8.84508228302002,"Female"
"6018402",371849,2025-05-22 20:35:12,43.3583564758301,-8.84507369995117,"Female"
"6018402",371849,2025-05-22 20:40:12,43.3584175109863,-8.84505844116211,"Female"
"6018402",371849,2025-05-22 20:45:12,43.3583335876465,-8.84507083892822,"Female"
"6018402",371849,2025-05-22 20:50:12,43.358325958252,-8.84510803222656,"Female"
"6018402",371849,2025-05-22 20:55:12,43.3583450317383,-8.84508323669434,"Female"
"6018402",371849,2025-05-22 21:00:12,43.3583183288574,-8.84506130218506,"Female"
"6018402",371849,2025-05-22 21:05:12,43.3582878112793,-8.84507369995117,"Female"
"6018402",371849,2025-05-22 21:10:12,43.3581657409668,-8.8450813293457,"Female"
"6018402",371849,2025-05-22 21:15:12,43.358154296875,-8.84508514404297,"Female"
"6018402",371849,2025-05-22 21:20:12,43.3581504821777,-8.84504222869873,"Female"
"6018402",371849,2025-05-22 21:25:12,43.358081817627,-8.84505939483643,"Female"
"6018402",371849,2025-05-22 21:30:12,43.3581161499023,-8.84510040283203,"Female"
"6018402",371849,2025-05-22 21:35:12,43.357967376709,-8.8450756072998,"Female"
"6018402",371849,2025-05-22 21:40:12,43.3577766418457,-8.84504318237305,"Female"
"6018402",371849,2025-05-22 21:45:12,43.3577499389648,-8.84494209289551,"Female"
"6018402",371849,2025-05-22 21:50:12,43.3577613830566,-8.84499263763428,"Female"
"6018402",371849,2025-05-22 21:55:12,43.3577995300293,-8.84506797790527,"Female"
"6018402",371849,2025-05-22 22:00:12,43.3578071594238,-8.84486675262451,"Female"
"6018402",371849,2025-05-22 22:05:12,43.3578033447266,-8.84478759765625,"Female"
"6018402",371849,2025-05-22 22:10:12,43.357837677002,-8.84482669830322,"Female"
"6018402",371849,2025-05-22 22:15:12,43.3578186035156,-8.84471416473389,"Female"
"6018402",371849,2025-05-22 22:20:12,43.357837677002,-8.84483814239502,"Female"
"6018402",371849,2025-05-22 22:25:12,43.357852935791,-8.84475517272949,"Female"
"6018402",371849,2025-05-22 22:30:12,43.3579216003418,-8.84494018554688,"Female"
"6018402",371849,2025-05-22 22:35:12,43.357738494873,-8.84417152404785,"Female"
"6018402",371849,2025-05-22 22:40:12,43.3578796386719,-8.84467601776123,"Female"
"6018402",371849,2025-05-22 22:45:12,43.3578643798828,-8.84472560882568,"Female"
"6018402",371849,2025-05-22 22:50:12,43.3578987121582,-8.84471988677979,"Female"
"6018402",371849,2025-05-22 22:55:12,43.3576622009277,-8.84487628936768,"Female"
"6018402",371849,2025-05-22 23:00:12,43.3576927185059,-8.84485721588135,"Female"
"6018402",371849,2025-05-22 23:05:12,43.3576393127441,-8.84482574462891,"Female"
"6018402",371849,2025-05-22 23:10:12,43.3576316833496,-8.84480953216553,"Female"
"6018402",371849,2025-05-22 23:15:18,43.3578948974609,-8.84507751464844,"Female"
"6018402",371849,2025-05-22 23:20:12,43.357593536377,-8.84469127655029,"Female"
"6018402",371849,2025-05-22 23:25:12,43.3575782775879,-8.84452629089355,"Female"
"6018402",371849,2025-05-22 23:30:15,43.3574600219727,-8.84479427337646,"Female"
"6018402",371849,2025-05-22 23:35:13,43.3580322265625,-8.84487056732178,"Female"
"6018402",371849,2025-05-22 23:40:12,43.3580131530762,-8.84490871429443,"Female"
"6018402",371849,2025-05-22 23:45:18,43.3580131530762,-8.84491729736328,"Female"
"6018402",371849,2025-05-22 23:50:13,43.3580017089844,-8.84491062164307,"Female"
"6018402",371849,2025-05-22 23:55:12,43.3582038879395,-8.84507656097412,"Female"
"6018402",371849,2025-05-23 00:00:13,43.358039855957,-8.84480953216553,"Female"
"6018402",371849,2025-05-23 00:05:12,43.3579788208008,-8.84487533569336,"Female"
"6018402",371849,2025-05-23 00:10:12,43.3579940795898,-8.84487342834473,"Female"
"6018402",371849,2025-05-23 00:15:11,43.3579216003418,-8.84478664398193,"Female"
"6018402",371849,2025-05-23 00:20:12,43.3579978942871,-8.8449068069458,"Female"
"6018402",371849,2025-05-23 00:25:12,43.3579559326172,-8.84486484527588,"Female"
"6018402",371849,2025-05-23 00:30:12,43.3579788208008,-8.84481048583984,"Female"
"6018402",371849,2025-05-23 00:35:12,43.358097076416,-8.84455966949463,"Female"
"6018402",371849,2025-05-23 00:40:12,43.3581619262695,-8.8444766998291,"Female"
"6018402",371849,2025-05-23 00:45:12,43.3580360412598,-8.84481048583984,"Female"
"6018402",371849,2025-05-23 00:50:13,43.3579940795898,-8.84484481811523,"Female"
"6018402",371849,2025-05-23 00:55:12,43.3579254150391,-8.84501552581787,"Female"
"6018402",371849,2025-05-23 01:00:17,43.3579711914062,-8.84479904174805,"Female"
"6018402",371849,2025-05-23 01:05:12,43.3579902648926,-8.84492015838623,"Female"
"6018402",371849,2025-05-23 01:10:12,43.3579788208008,-8.84486961364746,"Female"
"6018402",371849,2025-05-23 01:15:18,43.3579597473145,-8.8449535369873,"Female"
"6018402",371849,2025-05-23 01:20:12,43.3579483032227,-8.84497737884521,"Female"
"6018402",371849,2025-05-23 01:25:12,43.3579368591309,-8.84495067596436,"Female"
"6018402",371849,2025-05-23 01:30:12,43.3579330444336,-8.84499931335449,"Female"
"6018402",371849,2025-05-23 01:35:12,43.3579025268555,-8.84507274627686,"Female"
"6018402",371849,2025-05-23 01:40:12,43.3578681945801,-8.84501266479492,"Female"
"6018402",371849,2025-05-23 01:45:12,43.3578834533691,-8.84513664245605,"Female"
"6018402",371849,2025-05-23 01:50:13,43.3578796386719,-8.84515571594238,"Female"
"6018402",371849,2025-05-23 01:55:13,43.3578681945801,-8.84523582458496,"Female"
"6018402",371849,2025-05-23 02:00:13,43.3579063415527,-8.84517002105713,"Female"
"6018402",371849,2025-05-23 02:05:16,43.3579025268555,-8.84521865844727,"Female"
"6018402",371849,2025-05-23 02:10:14,43.3579483032227,-8.84526443481445,"Female"
"6018402",371849,2025-05-23 02:15:16,43.3578491210938,-8.84521484375,"Female"
"6018402",371849,2025-05-23 02:20:44,43.3578224182129,-8.84498882293701,"Female"
"6018402",371849,2025-05-23 02:25:10,43.357837677002,-8.84490776062012,"Female"
"6018402",371849,2025-05-23 02:30:12,43.3577690124512,-8.84478282928467,"Female"
"6018402",371849,2025-05-23 02:35:12,43.3578605651855,-8.84488964080811,"Female"
"6018402",371849,2025-05-23 02:40:13,43.3577537536621,-8.8449068069458,"Female"
"6018402",371849,2025-05-23 02:45:14,43.358024597168,-8.8449182510376,"Female"
"6018402",371849,2025-05-23 02:50:13,43.3580436706543,-8.84491348266602,"Female"
"6018402",371849,2025-05-23 02:55:14,43.3579978942871,-8.84487724304199,"Female"
"6018402",371849,2025-05-23 03:00:13,43.3580284118652,-8.84495449066162,"Female"
"6018402",371849,2025-05-23 03:05:11,43.3580436706543,-8.84494876861572,"Female"
"6018402",371849,2025-05-23 03:10:11,43.3578643798828,-8.8451566696167,"Female"
"6018402",371849,2025-05-23 03:15:12,43.3576736450195,-8.84517097473145,"Female"
"6018402",371849,2025-05-23 03:20:12,43.357593536377,-8.84497833251953,"Female"
"6018402",371849,2025-05-23 03:25:12,43.3576698303223,-8.84505367279053,"Female"
"6018402",371849,2025-05-23 03:30:11,43.3576812744141,-8.84496021270752,"Female"
"6018402",371849,2025-05-23 03:35:11,43.3578720092773,-8.84488582611084,"Female"
"6018402",371849,2025-05-23 03:40:12,43.357608795166,-8.84450054168701,"Female"
"6018402",371849,2025-05-23 03:45:13,43.3575630187988,-8.84458446502686,"Female"
"6018402",371849,2025-05-23 03:50:16,43.3571662902832,-8.84367084503174,"Female"
"6018402",371849,2025-05-23 03:55:35,43.3579483032227,-8.84484958648682,"Female"
"6018402",371849,2025-05-23 04:00:11,43.3632850646973,-8.84810543060303,"Female"
"6018402",371849,2025-05-23 04:05:13,43.3759841918945,-8.86068725585938,"Female"
"6018402",371849,2025-05-23 04:10:11,43.3843116760254,-8.86710929870605,"Female"
"6018402",371849,2025-05-23 04:15:11,43.3991050720215,-8.87924671173096,"Female"
"6018402",371849,2025-05-23 04:20:11,43.4194374084473,-8.88688468933105,"Female"
"6018402",371849,2025-05-23 04:25:11,43.441764831543,-8.88825225830078,"Female"
"6018402",371849,2025-05-23 04:30:10,43.463752746582,-8.88692665100098,"Female"
"6018402",371849,2025-05-23 04:35:11,43.4860305786133,-8.88773345947266,"Female"
"6018402",371849,2025-05-23 04:40:11,43.5031852722168,-8.89239978790283,"Female"
"6018402",371849,2025-05-23 04:45:11,43.5207786560059,-8.90639972686768,"Female"
"6018402",371849,2025-05-23 04:50:11,43.5386505126953,-8.91251754760742,"Female"
"6018402",371849,2025-05-23 04:55:11,43.5583267211914,-8.92080116271973,"Female"
"6018402",371849,2025-05-23 05:00:11,43.5736961364746,-8.92781257629395,"Female"
"6018402",371849,2025-05-23 05:05:11,43.5882225036621,-8.92887210845947,"Female"
"6018402",371849,2025-05-23 05:10:44,43.5945014953613,-8.94543838500977,"Female"
"6018402",371849,2025-05-23 05:15:12,43.5939292907715,-8.94618034362793,"Female"
"6018402",371849,2025-05-23 05:20:12,43.5934410095215,-8.94658184051514,"Female"
"6018402",371849,2025-05-23 05:25:14,43.5932312011719,-8.94672107696533,"Female"
"6018402",371849,2025-05-23 05:30:16,43.5940284729004,-8.95073318481445,"Female"
"6018402",371849,2025-05-23 05:35:14,43.5938110351562,-8.95147895812988,"Female"
"6018402",371849,2025-05-23 05:40:19,43.5937271118164,-8.95207023620605,"Female"
"6018402",371849,2025-05-23 05:45:14,43.5935325622559,-8.95275115966797,"Female"
"6018402",371849,2025-05-23 05:50:13,43.5926246643066,-8.9535608291626,"Female"
"6018402",371849,2025-05-23 05:55:11,43.5768089294434,-8.93291568756104,"Female"
"6018402",371849,2025-05-23 06:00:11,43.5493698120117,-8.9084997177124,"Female"
"6018402",371849,2025-05-23 06:05:11,43.5214691162109,-8.88886547088623,"Female"
"6018402",371849,2025-05-23 06:10:11,43.4903297424316,-8.87047576904297,"Female"
"6018402",371849,2025-05-23 06:15:11,43.4545745849609,-8.85770130157471,"Female"
"6018402",371849,2025-05-23 06:20:12,43.4178886413574,-8.85556602478027,"Female"
"6018402",371849,2025-05-23 06:25:14,43.3796653747559,-8.85323715209961,"Female"
"6018402",371849,2025-05-23 06:30:21,43.3581962585449,-8.84519958496094,"Female"
"6018402",371849,2025-05-23 06:35:22,43.3582077026367,-8.84543132781982,"Female"
"6018402",371849,2025-05-23 06:40:16,43.3582763671875,-8.845778465271,"Female"
"6018402",371849,2025-05-23 06:45:14,43.3581962585449,-8.845458984375,"Female"
"6018402",371849,2025-05-23 06:50:19,43.3581314086914,-8.84527587890625,"Female"
"6018402",371849,2025-05-23 06:55:17,43.3581314086914,-8.84528923034668,"Female"
"6018402",371849,2025-05-23 07:00:13,43.3579750061035,-8.8449878692627,"Female"
"6018402",371849,2025-05-23 07:05:14,43.3580932617188,-8.84537506103516,"Female"
"6018402",371849,2025-05-23 07:10:16,43.357967376709,-8.84510231018066,"Female"
"6018402",371849,2025-05-23 07:15:19,43.3580169677734,-8.84511947631836,"Female"
"6018402",371849,2025-05-23 07:20:19,43.3579750061035,-8.84514904022217,"Female"
"6018402",371849,2025-05-23 07:25:29,43.3579254150391,-8.84499549865723,"Female"
"6018402",371849,2025-05-23 07:30:32,43.3578796386719,-8.84491348266602,"Female"
"6018402",371849,2025-05-23 07:35:11,43.3578109741211,-8.84487724304199,"Female"
"6018402",371849,2025-05-23 07:40:11,43.3578567504883,-8.84473609924316,"Female"
"6018402",371849,2025-05-23 07:45:14,43.3578681945801,-8.84482574462891,"Female"
"6018402",371849,2025-05-23 07:50:12,43.3579788208008,-8.84474468231201,"Female"
"6018402",371849,2025-05-23 07:55:13,43.3578720092773,-8.84475135803223,"Female"
"6018402",371849,2025-05-23 08:00:13,43.3577880859375,-8.84494686126709,"Female"
"6018402",371849,2025-05-23 08:05:13,43.3577003479004,-8.84485816955566,"Female"
"6018402",371849,2025-05-23 08:10:13,43.357738494873,-8.84483528137207,"Female"
"6018402",371849,2025-05-23 08:15:11,43.3577346801758,-8.84485054016113,"Female"
"6018402",371849,2025-05-23 08:20:11,43.357780456543,-8.84482955932617,"Female"
"6018402",371849,2025-05-23 08:25:11,43.3577308654785,-8.84483909606934,"Female"
"6018402",371849,2025-05-23 08:30:11,43.3579063415527,-8.84512996673584,"Female"
"6018402",371849,2025-05-23 08:35:11,43.3579635620117,-8.84503078460693,"Female"
"6018402",371849,2025-05-23 08:40:12,43.3579063415527,-8.84506797790527,"Female"
"6018402",371849,2025-05-23 08:45:20,43.3579292297363,-8.84485721588135,"Female"
"6018402",371849,2025-05-23 08:50:14,43.3581924438477,-8.84481430053711,"Female"
"6018402",371849,2025-05-23 08:55:12,43.3585548400879,-8.84458541870117,"Female"
"6018402",371849,2025-05-23 09:00:13,43.3584747314453,-8.84444618225098,"Female"
"6018402",371849,2025-05-23 09:05:12,43.3583908081055,-8.84446811676025,"Female"
"6018402",371849,2025-05-23 09:10:12,43.3583641052246,-8.84443759918213,"Female"
"6018402",371849,2025-05-23 09:15:19,43.3579902648926,-8.844801902771,"Female"
"6018402",371849,2025-05-23 09:20:12,43.3578643798828,-8.84497833251953,"Female"
"6018402",371849,2025-05-23 09:25:19,43.3578872680664,-8.84462451934814,"Female"
"6018402",371849,2025-05-23 09:30:14,43.3580474853516,-8.84468269348145,"Female"
"6018402",371849,2025-05-23 09:35:11,43.3580513000488,-8.84462070465088,"Female"
"6018402",371849,2025-05-23 09:40:11,43.3579444885254,-8.84476566314697,"Female"
"6018402",371849,2025-05-23 09:45:11,43.3579635620117,-8.84475803375244,"Female"
"6018402",371849,2025-05-23 09:50:11,43.3579483032227,-8.84471797943115,"Female"
"6018402",371849,2025-05-23 09:55:11,43.357536315918,-8.84448909759521,"Female"
"6018402",371849,2025-05-23 10:00:12,43.3579330444336,-8.84473514556885,"Female"
"6018402",371849,2025-05-23 10:05:17,43.3580131530762,-8.84480953216553,"Female"
"6018402",371849,2025-05-23 10:10:11,43.3579330444336,-8.84464073181152,"Female"
"6018402",371849,2025-05-23 10:15:13,43.3579597473145,-8.84471893310547,"Female"
"6018402",371849,2025-05-23 10:20:14,43.3576545715332,-8.84525012969971,"Female"
"6018402",371849,2025-05-23 10:25:14,43.357608795166,-8.84530067443848,"Female"
"6018402",371849,2025-05-23 10:30:13,43.3576393127441,-8.84520149230957,"Female"
"6018402",371849,2025-05-23 10:35:16,43.3576164245605,-8.84512901306152,"Female"
"6018402",371849,2025-05-23 10:40:17,43.3576812744141,-8.84512042999268,"Female"
"6018402",371849,2025-05-23 10:45:19,43.3576927185059,-8.84506702423096,"Female"
"6018402",371849,2025-05-23 10:50:19,43.3576316833496,-8.8450813293457,"Female"
"6018402",371849,2025-05-23 10:55:19,43.3577003479004,-8.84504318237305,"Female"
"6018402",371849,2025-05-23 11:00:20,43.3576965332031,-8.84497737884521,"Female"
"6018402",371849,2025-05-23 11:05:22,43.3577041625977,-8.84495162963867,"Female"
"6018402",371849,2025-05-23 11:10:19,43.357723236084,-8.84490489959717,"Female"
"6018402",371849,2025-05-23 11:16:05,43.3577919006348,-8.84490013122559,"Female"
"6018402",371849,2025-05-23 11:20:30,43.3575477600098,-8.84462833404541,"Female"
"6018402",371849,2025-05-23 11:25:31,43.3576812744141,-8.84480094909668,"Female"
"6018402",371849,2025-05-23 11:30:31,43.358024597168,-8.84500598907471,"Female"
"6018402",371849,2025-05-23 11:35:30,43.3634414672852,-8.84985542297363,"Female"
"6018402",371849,2025-05-23 11:40:30,43.377269744873,-8.8869104385376,"Female"
"6018402",371849,2025-05-23 11:45:30,43.3856735229492,-8.92615222930908,"Female"
"6018402",371849,2025-05-23 11:50:36,43.3756904602051,-8.96823596954346,"Female"
"6018402",371849,2025-05-23 11:55:30,43.3908042907715,-8.99756336212158,"Female"
"6018402",371849,2025-05-23 12:00:32,43.4095230102539,-9.02359294891357,"Female"
"6018402",371849,2025-05-23 12:05:32,43.4278564453125,-9.04544353485107,"Female"
"6018402",371849,2025-05-23 12:10:30,43.443775177002,-9.07055854797363,"Female"
"6018402",371849,2025-05-23 12:15:30,43.4588432312012,-9.08819580078125,"Female"
"6018402",371849,2025-05-23 12:20:31,43.4747009277344,-9.08983325958252,"Female"
"6018402",371849,2025-05-23 12:25:32,43.4887542724609,-9.09329414367676,"Female"
"6018402",371849,2025-05-23 12:30:32,43.4999923706055,-9.08659744262695,"Female"
"6018402",371849,2025-05-23 12:35:41,43.5113410949707,-9.08466911315918,"Female"
"6018402",371849,2025-05-23 12:40:35,43.5243186950684,-9.0743408203125,"Female"
"6018402",371849,2025-05-23 12:45:31,43.5353851318359,-9.0630578994751,"Female"
"6018402",371849,2025-05-23 12:50:31,43.548526763916,-9.05995273590088,"Female"
"6018402",371849,2025-05-23 12:55:31,43.560863494873,-9.04763984680176,"Female"
"6018402",371849,2025-05-23 13:00:31,43.5632667541504,-9.02195453643799,"Female"
"6018402",371849,2025-05-23 13:05:31,43.5623092651367,-9.01402854919434,"Female"
"6018402",371849,2025-05-23 13:10:34,43.5625991821289,-9.01595211029053,"Female"
"6018402",371849,2025-05-23 13:15:40,43.562385559082,-9.01718997955322,"Female"
"6018402",371849,2025-05-23 13:20:33,43.5609359741211,-9.02090930938721,"Female"
"6018402",371849,2025-05-23 13:25:33,43.5607757568359,-9.02186489105225,"Female"
"6018402",371849,2025-05-23 13:30:37,43.561279296875,-9.02324104309082,"Female"
"6018402",371849,2025-05-23 13:35:33,43.5612525939941,-9.02420043945312,"Female"
"6018402",371849,2025-05-23 13:40:34,43.5615882873535,-9.02595996856689,"Female"
"6018402",371849,2025-05-23 13:45:37,43.5617332458496,-9.02735424041748,"Female"
"6018402",371849,2025-05-23 13:50:50,43.5625877380371,-9.03055763244629,"Female"
"6018402",371849,2025-05-23 13:55:36,43.5693244934082,-9.06442928314209,"Female"
"6018402",371849,2025-05-23 14:00:49,43.5656318664551,-9.05765724182129,"Female"
"6018402",371849,2025-05-23 14:05:36,43.5736808776855,-9.05075645446777,"Female"
"6018402",371849,2025-05-23 14:10:34,43.5662155151367,-9.03272819519043,"Female"
"6018402",371849,2025-05-23 14:15:37,43.5543823242188,-9.00888729095459,"Female"
"6018402",371849,2025-05-23 14:21:01,43.5617446899414,-8.99521923065186,"Female"
"6018402",371849,2025-05-23 14:25:33,43.5750465393066,-9.00103950500488,"Female"
"6018402",371849,2025-05-23 14:30:37,43.5897521972656,-9.00327301025391,"Female"
"6018402",371849,2025-05-23 14:35:40,43.5958518981934,-8.98714256286621,"Female"
"6018402",371849,2025-05-23 14:40:37,43.611141204834,-8.97967338562012,"Female"
"6018402",371849,2025-05-23 14:45:41,43.6274108886719,-8.97385501861572,"Female"
"6018402",371849,2025-05-23 14:50:45,43.6406593322754,-8.99400615692139,"Female"
"6018402",371849,2025-05-23 14:55:32,43.6429290771484,-8.98940372467041,"Female"
"6018402",371849,2025-05-23 15:01:52,43.6322555541992,-8.98297882080078,"Female"
"6018402",371849,2025-05-23 15:05:44,43.6313247680664,-8.98245143890381,"Female"
"6018402",371849,2025-05-23 15:10:33,43.6288261413574,-8.99857616424561,"Female"
"6018402",371849,2025-05-23 15:15:40,43.6278305053711,-8.98352718353271,"Female"
"6018402",371849,2025-05-23 15:20:31,43.6399879455566,-8.98008918762207,"Female"
"6018402",371849,2025-05-23 15:25:40,43.6438217163086,-8.98184108734131,"Female"
"6018402",371849,2025-05-23 15:30:32,43.6414947509766,-8.96880531311035,"Female"
"6018402",371849,2025-05-23 15:35:33,43.6472702026367,-8.95233726501465,"Female"
"6018402",371849,2025-05-23 15:40:40,43.6462440490723,-8.93322944641113,"Female"
"6018402",371849,2025-05-23 15:45:34,43.6486358642578,-8.91255283355713,"Female"
"6018402",371849,2025-05-23 15:50:33,43.6547164916992,-8.89388751983643,"Female"
"6018402",371849,2025-05-23 15:55:34,43.6619186401367,-8.87828350067139,"Female"
"6018402",371849,2025-05-23 16:00:33,43.6617546081543,-8.86344718933105,"Female"
"6018402",371849,2025-05-23 16:05:32,43.6505966186523,-8.84442615509033,"Female"
"6018402",371849,2025-05-23 16:10:59,43.640998840332,-8.83903026580811,"Female"
"6018402",371849,2025-05-23 16:15:36,43.6410293579102,-8.84104061126709,"Female"
"6018402",371849,2025-05-23 16:20:37,43.6409339904785,-8.84302425384521,"Female"
"6018402",371849,2025-05-23 16:26:05,43.6408538818359,-8.84461498260498,"Female"
"6018402",371849,2025-05-23 16:30:31,43.6470680236816,-8.84705924987793,"Female"
"6018402",371849,2025-05-23 16:35:31,43.6581802368164,-8.84302520751953,"Female"
"6018402",371849,2025-05-23 16:40:31,43.6698226928711,-8.84016990661621,"Female"
"6018402",371849,2025-05-23 16:45:32,43.6746520996094,-8.83013916015625,"Female"
"6018402",371849,2025-05-23 16:50:31,43.6802177429199,-8.8215389251709,"Female"
"6018402",371849,2025-05-23 16:55:31,43.6795616149902,-8.80575847625732,"Female"
"6018402",371849,2025-05-23 17:00:31,43.6741485595703,-8.78884601593018,"Female"
"6018402",371849,2025-05-23 17:05:31,43.6499404907227,-8.77560710906982,"Female"
"6018402",371849,2025-05-23 17:10:31,43.615650177002,-8.76301956176758,"Female"
"6018402",371849,2025-05-23 17:15:31,43.5753555297852,-8.7501392364502,"Female"
"6018402",371849,2025-05-23 17:20:31,43.5373001098633,-8.76177215576172,"Female"
"6018402",371849,2025-05-23 17:25:31,43.4979248046875,-8.79514408111572,"Female"
"6018402",371849,2025-05-23 17:30:31,43.4463691711426,-8.81022262573242,"Female"
"6018402",371849,2025-05-23 17:35:44,43.3898010253906,-8.83462524414062,"Female"
"6018402",371849,2025-05-23 17:40:31,43.3576889038086,-8.8447790145874,"Female"
"6018402",371849,2025-05-23 17:45:32,43.357967376709,-8.84502124786377,"Female"
"6018402",371849,2025-05-23 17:50:40,43.3578453063965,-8.8449068069458,"Female"
"6018402",371849,2025-05-23 17:55:32,43.3580741882324,-8.84504318237305,"Female"
"6018402",371849,2025-05-23 18:00:36,43.3577842712402,-8.84499073028564,"Female"
"6018402",371849,2025-05-23 18:05:32,43.358097076416,-8.84510326385498,"Female"
"6018402",371849,2025-05-23 18:10:36,43.3577880859375,-8.84496974945068,"Female"
"6018402",371849,2025-05-23 18:15:37,43.3578071594238,-8.84495449066162,"Female"
"6018402",371849,2025-05-23 18:20:36,43.3578300476074,-8.84487247467041,"Female"
"6018402",371849,2025-05-23 18:25:33,43.3579254150391,-8.84501361846924,"Female"
"6018402",371849,2025-05-23 18:30:40,43.3578033447266,-8.84513378143311,"Female"
"6018402",371849,2025-05-23 18:35:39,43.357837677002,-8.84480762481689,"Female"
"6018402",371849,2025-05-23 18:40:41,43.3579521179199,-8.84487533569336,"Female"
"6018402",371849,2025-05-23 18:45:50,43.3578987121582,-8.84464931488037,"Female"
"6018402",371849,2025-05-23 18:50:42,43.3577690124512,-8.84498596191406,"Female"
"6018402",371849,2025-05-23 18:55:43,43.3575706481934,-8.84510517120361,"Female"
"6018402",371849,2025-05-23 19:00:40,43.3575286865234,-8.84525871276855,"Female"
"6018402",371849,2025-05-23 19:05:40,43.3576011657715,-8.84554481506348,"Female"
"6018402",371849,2025-05-23 19:10:38,43.3577461242676,-8.84528255462646,"Female"
"6018402",371849,2025-05-23 19:15:41,43.3578071594238,-8.84547328948975,"Female"
"6018402",371849,2025-05-23 19:20:40,43.3576736450195,-8.84489822387695,"Female"
"6018402",371849,2025-05-23 19:25:37,43.3575210571289,-8.84438419342041,"Female"
"6018402",371849,2025-05-23 19:30:33,43.3577308654785,-8.84512901306152,"Female"
"6018402",371849,2025-05-23 19:35:38,43.3579330444336,-8.84609794616699,"Female"
"6018402",371849,2025-05-23 19:40:36,43.3579368591309,-8.84591102600098,"Female"
"6018402",371849,2025-05-23 19:45:44,43.3576393127441,-8.84512519836426,"Female"
"6018402",371849,2025-05-23 19:50:45,43.357738494873,-8.84528636932373,"Female"
"6018402",371849,2025-05-23 19:55:43,43.3577499389648,-8.84512138366699,"Female"
"6018402",371849,2025-05-23 20:00:30,43.357852935791,-8.84520530700684,"Female"
"6018402",371849,2025-05-23 20:05:37,43.3576774597168,-8.8450403213501,"Female"
"6018402",371849,2025-05-23 20:10:35,43.3577041625977,-8.84511184692383,"Female"
"6018402",371849,2025-05-23 20:15:33,43.3577308654785,-8.84501457214355,"Female"
"6018402",371849,2025-05-23 20:20:37,43.3575439453125,-8.8451042175293,"Female"
"6018402",371849,2025-05-23 20:25:36,43.3576431274414,-8.84494400024414,"Female"
"6018402",371849,2025-05-23 20:30:35,43.357551574707,-8.8449878692627,"Female"
"6018402",371849,2025-05-23 20:35:37,43.3575477600098,-8.84504699707031,"Female"
"6018402",371849,2025-05-23 20:40:38,43.3575859069824,-8.84511756896973,"Female"
"6018402",371849,2025-05-23 20:46:05,43.3577919006348,-8.8449592590332,"Female"
"6018402",371849,2025-05-23 20:50:30,43.3578338623047,-8.84492492675781,"Female"
"6018402",371849,2025-05-23 20:55:30,43.3578834533691,-8.84507083892822,"Female"
"6018402",371849,2025-05-23 21:00:32,43.3578300476074,-8.84499263763428,"Female"
"6018402",371849,2025-05-23 21:05:31,43.3581008911133,-8.84539413452148,"Female"
"6018402",371849,2025-05-23 21:10:32,43.357837677002,-8.84506702423096,"Female"
"6018402",371849,2025-05-23 21:15:31,43.3579254150391,-8.84512615203857,"Female"
"6018402",371849,2025-05-23 21:20:36,43.3577690124512,-8.84498405456543,"Female"
"6018402",371849,2025-05-23 21:25:30,43.3578262329102,-8.84496593475342,"Female"
"6018402",371849,2025-05-23 21:30:31,43.3578605651855,-8.84505271911621,"Female"
"6018402",371849,2025-05-23 21:35:31,43.3578338623047,-8.84503650665283,"Female"
"6018402",371849,2025-05-23 21:40:32,43.3578453063965,-8.84504413604736,"Female"
"6018402",371849,2025-05-23 21:45:32,43.3578338623047,-8.84485816955566,"Female"
"6018402",371849,2025-05-23 21:50:32,43.357837677002,-8.84487342834473,"Female"
"6018402",371849,2025-05-23 21:55:34,43.3577728271484,-8.84484958648682,"Female"
"6018402",371849,2025-05-23 22:00:36,43.3577919006348,-8.8449649810791,"Female"
"6018402",371849,2025-05-23 22:05:31,43.3575897216797,-8.84460353851318,"Female"
"6018402",371849,2025-05-23 22:10:36,43.3578033447266,-8.84506225585938,"Female"
"6018402",371849,2025-05-23 22:15:31,43.3578338623047,-8.84513378143311,"Female"
"6018402",371849,2025-05-23 22:20:35,43.3577995300293,-8.84513854980469,"Female"
"6018402",371849,2025-05-23 22:25:31,43.3577766418457,-8.8450984954834,"Female"
"6018402",371849,2025-05-23 22:30:32,43.3577919006348,-8.84509181976318,"Female"
"6018402",371849,2025-05-23 22:35:31,43.3579483032227,-8.8453950881958,"Female"
"6018402",371849,2025-05-23 22:40:37,43.3578567504883,-8.84518337249756,"Female"
"6018402",371849,2025-05-23 22:45:33,43.3578910827637,-8.84511756896973,"Female"
"6018402",371849,2025-05-23 22:50:33,43.3578643798828,-8.84520244598389,"Female"
"6018402",371849,2025-05-23 22:55:31,43.3578796386719,-8.84525394439697,"Female"
"6018402",371849,2025-05-23 23:00:32,43.3578720092773,-8.84509372711182,"Female"
"6018402",371849,2025-05-23 23:05:38,43.3579559326172,-8.84511375427246,"Female"
"6018402",371849,2025-05-23 23:10:38,43.3579483032227,-8.84515380859375,"Female"
"6018402",371849,2025-05-23 23:15:32,43.3581161499023,-8.84533882141113,"Female"
"6018402",371849,2025-05-23 23:20:38,43.3579330444336,-8.84510803222656,"Female"
"6018402",371849,2025-05-23 23:25:38,43.3579406738281,-8.84508991241455,"Female"
"6018402",371849,2025-05-23 23:30:31,43.3583488464355,-8.84559154510498,"Female"
"6018402",371849,2025-05-23 23:35:37,43.3579521179199,-8.84508323669434,"Female"
"6018402",371849,2025-05-23 23:40:38,43.3579597473145,-8.84505367279053,"Female"
"6018402",371849,2025-05-23 23:45:41,43.3579711914062,-8.84512042999268,"Female"
"6018402",371849,2025-05-23 23:50:37,43.3579711914062,-8.84506416320801,"Female"
"6018402",371849,2025-05-23 23:55:30,43.358039855957,-8.8451452255249,"Female"
"6018402",371849,2025-05-24 00:00:30,43.3580131530762,-8.84504985809326,"Female"
"6018402",371849,2025-05-24 00:05:30,43.3579902648926,-8.84507083892822,"Female"
"6018402",371849,2025-05-24 00:11:05,43.3578872680664,-8.84491920471191,"Female"
"6018402",371849,2025-05-24 00:15:29,43.3577346801758,-8.84489345550537,"Female"
"6018402",371849,2025-05-24 00:20:31,43.3576583862305,-8.84490776062012,"Female"
"6018402",371849,2025-05-24 00:25:29,43.3577423095703,-8.84487819671631,"Female"
"6018402",371849,2025-05-24 00:30:29,43.3576965332031,-8.84486293792725,"Female"
"6018402",371849,2025-05-24 00:35:30,43.3576278686523,-8.84485626220703,"Female"
"6018402",371849,2025-05-24 00:40:29,43.3577117919922,-8.84490203857422,"Female"
"6018402",371849,2025-05-24 00:45:30,43.357593536377,-8.84488296508789,"Female"
"6018402",371849,2025-05-24 00:50:30,43.3576164245605,-8.84476852416992,"Female"
"6018402",371849,2025-05-24 00:55:30,43.357593536377,-8.84480667114258,"Female"
"6018402",371849,2025-05-24 01:00:30,43.3576698303223,-8.8447790145874,"Female"
"6018402",371849,2025-05-24 01:05:30,43.3576545715332,-8.84480476379395,"Female"
"6018402",371849,2025-05-24 01:10:29,43.3576736450195,-8.84471797943115,"Female"
"6018402",371849,2025-05-24 01:15:30,43.3577156066895,-8.84470081329346,"Female"
"6018402",371849,2025-05-24 01:20:29,43.3577308654785,-8.84486961364746,"Female"
"6018402",371849,2025-05-24 01:25:30,43.3577766418457,-8.84488010406494,"Female"
"6018402",371849,2025-05-24 01:30:30,43.3576965332031,-8.84484577178955,"Female"
"6018402",371849,2025-05-24 01:35:30,43.3577499389648,-8.84486198425293,"Female"
"6018402",371849,2025-05-24 01:40:30,43.3577499389648,-8.84485054016113,"Female"
"6018402",371849,2025-05-24 01:45:30,43.3577766418457,-8.84486865997314,"Female"
"6018402",371849,2025-05-24 01:50:30,43.3577651977539,-8.84494686126709,"Female"
"6018402",371849,2025-05-24 01:55:31,43.3577499389648,-8.84487152099609,"Female"
"6018402",371849,2025-05-24 02:00:30,43.3577651977539,-8.84487819671631,"Female"
"6018402",371849,2025-05-24 02:05:30,43.3577766418457,-8.84483814239502,"Female"
"6018402",371849,2025-05-24 02:10:30,43.3577690124512,-8.8448657989502,"Female"
"6018402",371849,2025-05-24 02:15:30,43.357795715332,-8.84489440917969,"Female"
"6018402",371849,2025-05-24 02:20:30,43.3577499389648,-8.84489440917969,"Female"
"6018402",371849,2025-05-24 02:25:31,43.3577766418457,-8.8449649810791,"Female"
"6018402",371849,2025-05-24 02:30:30,43.357738494873,-8.84487152099609,"Female"
"6018402",371849,2025-05-24 02:35:30,43.3578071594238,-8.84491443634033,"Female"
"6018402",371849,2025-05-24 02:40:31,43.3580322265625,-8.84447193145752,"Female"
"6018402",371849,2025-05-24 02:45:33,43.3581199645996,-8.8449125289917,"Female"
"6018402",371849,2025-05-24 02:50:31,43.3577346801758,-8.84515285491943,"Female"
"6018402",371849,2025-05-24 02:55:35,43.3579788208008,-8.84498500823975,"Female"
"6018402",371849,2025-05-24 03:00:31,43.3579597473145,-8.84503936767578,"Female"
"6018402",371849,2025-05-24 03:05:31,43.3579559326172,-8.84505081176758,"Female"
"6018402",371849,2025-05-24 03:10:31,43.3579711914062,-8.84501647949219,"Female"
"6018402",371849,2025-05-24 03:15:30,43.3579711914062,-8.84506797790527,"Female"
"6018402",371849,2025-05-24 03:20:30,43.3579635620117,-8.8450231552124,"Female"
"6018402",371849,2025-05-24 03:25:30,43.3579292297363,-8.84512901306152,"Female"
"6018402",371849,2025-05-24 03:30:30,43.35791015625,-8.8451681137085,"Female"
"6018402",371849,2025-05-24 03:35:33,43.3580665588379,-8.84490489959717,"Female"
"6018402",371849,2025-05-24 03:40:30,43.3581161499023,-8.84485530853271,"Female"
"6018402",371849,2025-05-24 03:45:30,43.3578109741211,-8.84516429901123,"Female"
"6018402",371849,2025-05-24 03:50:31,43.3579292297363,-8.84524154663086,"Female"
"6018402",371849,2025-05-24 03:55:30,43.357982635498,-8.84521198272705,"Female"
"6018402",371849,2025-05-24 04:01:05,43.3579139709473,-8.84505081176758,"Female"
"6018402",371849,2025-05-24 04:05:29,43.3579444885254,-8.84489345550537,"Female"
"6018402",371849,2025-05-24 04:10:30,43.3579597473145,-8.84489631652832,"Female"
"6018402",371849,2025-05-24 04:15:31,43.3579292297363,-8.8449068069458,"Female"
"6018402",371849,2025-05-24 04:20:30,43.3579368591309,-8.8449821472168,"Female"
"6018402",371849,2025-05-24 04:25:31,43.3578948974609,-8.84486198425293,"Female"
"6018402",371849,2025-05-24 04:30:31,43.3579368591309,-8.84488677978516,"Female"
"6018402",371849,2025-05-24 04:35:30,43.3579216003418,-8.84495449066162,"Female"
"6018402",371849,2025-05-24 04:40:30,43.3579139709473,-8.84494972229004,"Female"
"6018402",371849,2025-05-24 04:45:30,43.3579216003418,-8.8449649810791,"Female"
"6018402",371849,2025-05-24 04:50:30,43.3579025268555,-8.84497165679932,"Female"
"6018402",371849,2025-05-24 04:55:30,43.3579597473145,-8.84502983093262,"Female"
"6018402",371849,2025-05-24 05:00:35,43.3579788208008,-8.84492492675781,"Female"
"6018402",371849,2025-05-24 05:05:30,43.357982635498,-8.84499168395996,"Female"
"6018402",371849,2025-05-24 05:10:44,43.3579254150391,-8.84489631652832,"Female"
"6018402",371849,2025-05-24 05:15:31,43.3578186035156,-8.84490776062012,"Female"
"6018402",371849,2025-05-24 05:20:30,43.3577461242676,-8.84475612640381,"Female"
"6018402",371849,2025-05-24 05:25:30,43.3576965332031,-8.84485626220703,"Female"
"6018402",371849,2025-05-24 05:30:31,43.3577766418457,-8.8448486328125,"Female"
"6018402",371849,2025-05-24 05:35:31,43.3576354980469,-8.84472179412842,"Female"
"6018402",371849,2025-05-24 05:40:30,43.3576469421387,-8.84472846984863,"Female"
"6018402",371849,2025-05-24 05:45:45,43.3587265014648,-8.84564113616943,"Female"
"6018402",371849,2025-05-24 05:50:42,43.3583068847656,-8.84525585174561,"Female"
"6018402",371849,2025-05-24 05:55:31,43.3580589294434,-8.84506893157959,"Female"
"6018402",371849,2025-05-24 06:00:32,43.3578491210938,-8.84507465362549,"Female"
"6018402",371849,2025-05-24 06:05:30,43.3579635620117,-8.84519863128662,"Female"
"6018402",371849,2025-05-24 06:10:30,43.3579177856445,-8.84511184692383,"Female"
"6018402",371849,2025-05-24 06:15:30,43.3579177856445,-8.84514427185059,"Female"
"6018402",371849,2025-05-24 06:20:31,43.3578605651855,-8.84518337249756,"Female"
"6018402",371849,2025-05-24 06:25:30,43.3578720092773,-8.84537220001221,"Female"
"6018402",371849,2025-05-24 06:30:31,43.3578262329102,-8.84542846679688,"Female"
"6018402",371849,2025-05-24 06:35:35,43.3579559326172,-8.84524345397949,"Female"
"6018402",371849,2025-05-24 06:40:33,43.3578987121582,-8.84537982940674,"Female"
"6018402",371849,2025-05-24 06:45:32,43.3578758239746,-8.84541893005371,"Female"
"6018402",371849,2025-05-24 06:50:33,43.35791015625,-8.84536266326904,"Female"
"6018402",371849,2025-05-24 06:56:05,43.357852935791,-8.84507465362549,"Female"
"6018402",371849,2025-05-24 07:00:29,43.3577766418457,-8.84487247467041,"Female"
"6018402",371849,2025-05-24 07:05:29,43.3577537536621,-8.84487056732178,"Female"
"6018402",371849,2025-05-24 07:10:29,43.3577613830566,-8.84488391876221,"Female"
"6018402",371849,2025-05-24 07:15:29,43.3578071594238,-8.84483051300049,"Female"
"6018402",371849,2025-05-24 07:20:29,43.3577919006348,-8.84493637084961,"Female"
"6018402",371849,2025-05-24 07:25:29,43.3578033447266,-8.84483432769775,"Female"
"6018402",371849,2025-05-24 07:30:29,43.357780456543,-8.84480094909668,"Female"
"6018402",371849,2025-05-24 07:35:29,43.3577995300293,-8.84488201141357,"Female"
"6018402",371849,2025-05-24 07:40:30,43.3577651977539,-8.84487247467041,"Female"
"6018402",371849,2025-05-24 07:45:30,43.3578758239746,-8.84484958648682,"Female"
"6018402",371849,2025-05-24 07:50:30,43.3579292297363,-8.84488582611084,"Female"
"6018402",371849,2025-05-24 07:55:30,43.3579521179199,-8.84493923187256,"Female"
"6018402",371849,2025-05-24 08:00:30,43.3579750061035,-8.84478187561035,"Female"
"6018402",371849,2025-05-24 08:05:31,43.3578224182129,-8.84482669830322,"Female"
"6018402",371849,2025-05-24 08:10:33,43.3579559326172,-8.84499263763428,"Female"
"6018402",371849,2025-05-24 08:15:31,43.3583030700684,-8.84543514251709,"Female"
"6018402",371849,2025-05-24 08:20:33,43.3583602905273,-8.8455810546875,"Female"
"6018402",371849,2025-05-24 08:25:31,43.3581123352051,-8.84521865844727,"Female"
"6018402",371849,2025-05-24 08:30:37,43.3578948974609,-8.84489727020264,"Female"
"6018402",371849,2025-05-24 08:35:33,43.3581504821777,-8.84547138214111,"Female"
"6018402",371849,2025-05-24 08:40:33,43.3579521179199,-8.84506225585938,"Female"
"6018402",371849,2025-05-24 08:45:33,43.3579864501953,-8.84492778778076,"Female"
"6018402",371849,2025-05-24 08:50:33,43.3579292297363,-8.84529972076416,"Female"
"6018402",371849,2025-05-24 08:55:31,43.3578987121582,-8.84530639648438,"Female"
"6018402",371849,2025-05-24 09:00:31,43.3578720092773,-8.84536838531494,"Female"
"6018402",371849,2025-05-24 09:05:32,43.3579368591309,-8.84531307220459,"Female"
"6018402",371849,2025-05-24 09:10:30,43.3578910827637,-8.84531497955322,"Female"
"6018402",371849,2025-05-24 09:16:14,43.3577270507812,-8.84504985809326,"Female"
"6018402",371849,2025-05-24 09:20:30,43.3577880859375,-8.84477233886719,"Female"
"6018402",371849,2025-05-24 09:25:30,43.3577194213867,-8.84460544586182,"Female"
"6018402",371849,2025-05-24 09:30:30,43.3577499389648,-8.84484958648682,"Female"
"6018402",371849,2025-05-24 09:35:31,43.3578224182129,-8.84513282775879,"Female"
"6018402",371849,2025-05-24 09:40:30,43.357738494873,-8.84549331665039,"Female"
"6018402",371849,2025-05-24 09:45:30,43.3577041625977,-8.84535503387451,"Female"
"6018402",371849,2025-05-24 09:50:31,43.3576126098633,-8.84543037414551,"Female"
"6018402",371849,2025-05-24 09:55:44,43.3577842712402,-8.8450813293457,"Female"
"6018402",371849,2025-05-24 10:00:30,43.3579025268555,-8.84528350830078,"Female"
"6018402",371849,2025-05-24 10:05:31,43.3579025268555,-8.84523677825928,"Female"
"6018402",371849,2025-05-24 10:10:30,43.3579330444336,-8.84521007537842,"Female"
"6018402",371849,2025-05-24 10:15:30,43.3578796386719,-8.84518527984619,"Female"
"6018402",371849,2025-05-24 10:20:30,43.3579330444336,-8.84515953063965,"Female"
"6018402",371849,2025-05-24 10:25:30,43.3577880859375,-8.8451509475708,"Female"
"6018402",371849,2025-05-24 10:30:30,43.3578796386719,-8.84502506256104,"Female"
"6018402",371849,2025-05-24 10:35:30,43.3578681945801,-8.84503841400146,"Female"
"6018402",371849,2025-05-24 10:40:33,43.363941192627,-8.84786033630371,"Female"
"6018402",371849,2025-05-24 10:45:30,43.3864593505859,-8.86654758453369,"Female"
"6018402",371849,2025-05-24 10:50:30,43.4008369445801,-8.88111305236816,"Female"
"6018402",371849,2025-05-24 10:55:30,43.4004173278809,-8.88149166107178,"Female"
"6018402",371849,2025-05-24 11:00:30,43.4116554260254,-8.88663291931152,"Female"
"6018402",371849,2025-05-24 11:05:33,43.4346771240234,-8.90046882629395,"Female"
"6018402",371849,2025-05-24 11:11:05,43.4589767456055,-8.91390323638916,"Female"
"6018402",371849,2025-05-24 11:15:30,43.4754028320312,-8.91536426544189,"Female"
"6018402",371849,2025-05-24 11:20:30,43.4954490661621,-8.92409706115723,"Female"
"6018402",371849,2025-05-24 11:25:30,43.5167961120605,-8.93194007873535,"Female"
"6018402",371849,2025-05-24 11:30:30,43.5372200012207,-8.93170928955078,"Female"
"6018402",371849,2025-05-24 11:35:30,43.5590782165527,-8.93047714233398,"Female"
"6018402",371849,2025-05-24 11:40:30,43.5805206298828,-8.932936668396,"Female"
"6018402",371849,2025-05-24 11:45:30,43.598217010498,-8.92230129241943,"Female"
"6018402",371849,2025-05-24 11:50:30,43.611743927002,-8.9005651473999,"Female"
"6018402",371849,2025-05-24 11:55:30,43.6279487609863,-8.88767719268799,"Female"
"6018402",371849,2025-05-24 12:00:30,43.6451759338379,-8.87440013885498,"Female"
"6018402",371849,2025-05-24 12:05:30,43.665901184082,-8.87285327911377,"Female"
"6018402",371849,2025-05-24 12:10:31,43.677906036377,-8.84951972961426,"Female"
"6018402",371849,2025-05-24 12:15:31,43.6792335510254,-8.85349178314209,"Female"
"6018402",371849,2025-05-24 12:20:30,43.6791229248047,-8.85451793670654,"Female"
"6018402",371849,2025-05-24 12:25:31,43.6781272888184,-8.85650444030762,"Female"
"6018402",371849,2025-05-24 12:30:30,43.6773376464844,-8.85818862915039,"Female"
"6018402",371849,2025-05-24 12:35:31,43.6769104003906,-8.86012363433838,"Female"
"6018402",371849,2025-05-24 12:40:33,43.6888160705566,-8.89120006561279,"Female"
"6018402",371849,2025-05-24 12:45:30,43.7058944702148,-8.91379833221436,"Female"
"6018402",371849,2025-05-24 12:50:30,43.7296524047852,-8.93607044219971,"Female"
"6018402",371849,2025-05-24 12:55:30,43.7567977905273,-8.94411087036133,"Female"
"6018402",371849,2025-05-24 13:00:30,43.7823905944824,-8.9383373260498,"Female"
"6018402",371849,2025-05-24 13:05:30,43.8073463439941,-8.93586444854736,"Female"
"6018402",371849,2025-05-24 13:10:30,43.8345985412598,-8.93294525146484,"Female"
"6018402",371849,2025-05-24 13:15:30,43.8566780090332,-8.91211891174316,"Female"
"6018402",371849,2025-05-24 13:20:30,43.862232208252,-8.88004016876221,"Female"
"6018402",371849,2025-05-24 13:25:30,43.8579483032227,-8.84423828125,"Female"
"6018402",371849,2025-05-24 13:30:30,43.853401184082,-8.80795097351074,"Female"
"6018402",371849,2025-05-24 13:35:40,43.8534317016602,-8.77214527130127,"Female"
"6018402",371849,2025-05-24 13:40:30,43.8448028564453,-8.74411964416504,"Female"
"6018402",371849,2025-05-24 13:45:30,43.8409576416016,-8.70598125457764,"Female"
"6018402",371849,2025-05-24 13:50:30,43.8363342285156,-8.66739749908447,"Female"
"6018402",371849,2025-05-24 13:55:30,43.8266143798828,-8.62689018249512,"Female"
"6018402",371849,2025-05-24 14:00:41,43.8130264282227,-8.59929943084717,"Female"
"6018402",371849,2025-05-24 14:05:30,43.8136367797852,-8.59930324554443,"Female"
"6018402",371849,2025-05-24 14:10:30,43.813232421875,-8.60072231292725,"Female"
"6018402",371849,2025-05-24 14:15:30,43.812671661377,-8.60164928436279,"Female"
"6018402",371849,2025-05-24 14:20:31,43.8124046325684,-8.60271167755127,"Female"
"6018402",371849,2025-05-24 14:25:32,43.8124160766602,-8.60439968109131,"Female"
"6018402",371849,2025-05-24 14:30:30,43.7968101501465,-8.58393955230713,"Female"
"6018402",371849,2025-05-24 14:35:30,43.7590560913086,-8.59029865264893,"Female"
"6018402",371849,2025-05-24 14:40:31,43.7197799682617,-8.59518432617188,"Female"
"6018402",371849,2025-05-24 14:45:43,43.6788291931152,-8.60938358306885,"Female"
"6018402",371849,2025-05-24 14:50:31,43.646427154541,-8.64389801025391,"Female"
"6018402",371849,2025-05-24 14:55:40,43.6105842590332,-8.67724704742432,"Female"
"6018402",371849,2025-05-24 15:01:29,43.5740242004395,-8.71943473815918,"Female"
"6018402",371849,2025-05-24 15:05:31,43.5529594421387,-8.74661731719971,"Female"
"6018402",371849,2025-05-24 15:10:31,43.5185241699219,-8.77048206329346,"Female"
"6018402",371849,2025-05-24 15:15:31,43.4817199707031,-8.79441833496094,"Female"
"6018402",371849,2025-05-24 15:20:31,43.4437370300293,-8.81647491455078,"Female"
"6018402",371849,2025-05-24 15:25:31,43.4052085876465,-8.83309268951416,"Female"
"6018402",371849,2025-05-24 15:30:31,43.3657379150391,-8.84260845184326,"Female"
"6018402",371849,2025-05-24 15:35:31,43.3509254455566,-8.84554576873779,"Female"
"6018402",371849,2025-05-24 15:40:31,43.3191986083984,-8.85852909088135,"Female"
"6018402",371849,2025-05-24 15:45:31,43.3154525756836,-8.85723876953125,"Female"
"6018402",371849,2025-05-24 15:50:38,43.3140296936035,-8.85626220703125,"Female"
"6018402",371849,2025-05-24 15:55:31,43.3137817382812,-8.85656356811523,"Female"
"6018402",371849,2025-05-24 16:00:34,43.3142280578613,-8.85671043395996,"Female"
"6018402",371849,2025-05-24 16:05:32,43.3153343200684,-8.85678577423096,"Female"
"6018402",371849,2025-05-24 16:10:35,43.321159362793,-8.85246467590332,"Female"
"6018402",371849,2025-05-24 16:15:33,43.3211288452148,-8.85248565673828,"Female"
"6018402",371849,2025-05-24 16:20:39,43.3211288452148,-8.85245609283447,"Female"
"6018402",371849,2025-05-24 16:25:43,43.3211898803711,-8.85252380371094,"Female"
"6018402",371849,2025-05-24 16:30:30,43.3212089538574,-8.85244083404541,"Female"
"6018402",371849,2025-05-24 16:35:30,43.3211631774902,-8.85244274139404,"Female"
"6018402",371849,2025-05-24 16:40:31,43.3232192993164,-8.84901714324951,"Female"
"6018402",371849,2025-05-24 16:45:32,43.3445892333984,-8.83798027038574,"Female"
"6018402",371849,2025-05-24 16:50:32,43.3502998352051,-8.83496475219727,"Female"
"6018402",371849,2025-05-24 16:55:31,43.357666015625,-8.84476089477539,"Female"
"6018402",371849,2025-05-24 17:00:33,43.3578262329102,-8.84492492675781,"Female"
"6018402",371849,2025-05-24 17:05:36,43.357666015625,-8.84480285644531,"Female"
"6018402",371849,2025-05-24 17:10:33,43.357666015625,-8.84477043151855,"Female"
"6018402",371849,2025-05-24 17:15:36,43.3576011657715,-8.84478378295898,"Female"
"6018402",371849,2025-05-24 17:20:34,43.3576698303223,-8.84481334686279,"Female"
"6018402",371849,2025-05-24 17:25:32,43.3577728271484,-8.8449592590332,"Female"
"6018402",371849,2025-05-24 17:30:37,43.3578033447266,-8.84470844268799,"Female"
"6018402",371849,2025-05-24 17:35:32,43.3577651977539,-8.84507846832275,"Female"
"6018402",371849,2025-05-24 17:40:36,43.357795715332,-8.84482002258301,"Female"
"6018402",371849,2025-05-24 17:45:36,43.3578834533691,-8.84513664245605,"Female"
"6018402",371849,2025-05-24 17:50:37,43.3579521179199,-8.84465980529785,"Female"
"6018402",371849,2025-05-24 17:55:44,43.3578834533691,-8.84470844268799,"Female"
"6018402",371849,2025-05-24 18:01:05,43.3578643798828,-8.84476184844971,"Female"
"6018402",371849,2025-05-24 18:05:31,43.3578681945801,-8.84474182128906,"Female"
"6018402",371849,2025-05-24 18:10:31,43.3577499389648,-8.84482860565186,"Female"
"6018402",371849,2025-05-24 18:15:31,43.3577651977539,-8.84491634368896,"Female"
"6018402",371849,2025-05-24 18:20:32,43.3576698303223,-8.84480953216553,"Female"
"6018402",371849,2025-05-24 18:25:32,43.3576431274414,-8.84467029571533,"Female"
"6018402",371849,2025-05-24 18:30:32,43.3578338623047,-8.84495162963867,"Female"
"6018402",371849,2025-05-24 18:35:32,43.3578948974609,-8.84483814239502,"Female"
"6018402",371849,2025-05-24 18:40:32,43.3576927185059,-8.84543800354004,"Female"
"6018402",371849,2025-05-24 18:45:32,43.3579063415527,-8.84484100341797,"Female"
"6018402",371849,2025-05-24 18:50:32,43.3578300476074,-8.84481430053711,"Female"
"6018402",371849,2025-05-24 18:55:32,43.3578796386719,-8.84488010406494,"Female"
"6018402",371849,2025-05-24 19:00:33,43.3579177856445,-8.84493350982666,"Female"
"6018402",371849,2025-05-24 19:05:32,43.3578758239746,-8.84492015838623,"Female"
"6018402",371849,2025-05-24 19:10:32,43.3578758239746,-8.84490394592285,"Female"
"6018402",371849,2025-05-24 19:15:32,43.3577995300293,-8.84487819671631,"Female"
"6018402",371849,2025-05-24 19:20:32,43.3578186035156,-8.84492111206055,"Female"
"6018402",371849,2025-05-24 19:25:32,43.3578147888184,-8.84490489959717,"Female"
"6018402",371849,2025-05-24 19:30:32,43.3576278686523,-8.84478950500488,"Female"
"6018402",371849,2025-05-24 19:35:44,43.3579177856445,-8.84519577026367,"Female"
"6018402",371849,2025-05-24 19:40:32,43.3578453063965,-8.84499835968018,"Female"
"6018402",371849,2025-05-24 19:45:32,43.3577842712402,-8.84493350982666,"Female"
"6018402",371849,2025-05-24 19:50:32,43.3580436706543,-8.84527778625488,"Female"
"6018402",371849,2025-05-24 19:55:32,43.3578147888184,-8.84499931335449,"Female"
"6018402",371849,2025-05-24 20:00:32,43.3582382202148,-8.84531021118164,"Female"
"6018402",371849,2025-05-24 20:05:32,43.358268737793,-8.84538841247559,"Female"
"6018402",371849,2025-05-24 20:10:32,43.3580703735352,-8.84520244598389,"Female"
"6018402",371849,2025-05-24 20:15:32,43.3569107055664,-8.84701347351074,"Female"
"6018402",371849,2025-05-24 20:20:32,43.3627700805664,-8.83660984039307,"Female"
"6018402",371849,2025-05-24 20:25:33,43.3589897155762,-8.84695053100586,"Female"
"6018402",371849,2025-05-24 20:30:33,43.3598861694336,-8.84805011749268,"Female"
"6018402",371849,2025-05-24 20:35:38,43.358959197998,-8.84697532653809,"Female"
"6018402",371849,2025-05-24 20:40:33,43.3588485717773,-8.84681510925293,"Female"
"6018402",371849,2025-05-24 20:45:36,43.3589134216309,-8.84682846069336,"Female"
"6018402",371849,2025-05-24 20:50:33,43.3587684631348,-8.84675693511963,"Female"
"6018402",371849,2025-05-24 20:55:33,43.3591957092285,-8.8473424911499,"Female"
"6018402",371849,2025-05-24 21:00:42,43.3590660095215,-8.84624481201172,"Female"
"6018402",371849,2025-05-24 21:05:32,43.3629913330078,-8.84909343719482,"Female"
"6018402",371849,2025-05-24 21:10:36,43.3742370605469,-8.85112285614014,"Female"
"6018402",371849,2025-05-24 21:15:36,43.3747863769531,-8.85143947601318,"Female"
"6018402",371849,2025-05-24 21:20:34,43.3752784729004,-8.85183048248291,"Female"
"6018402",371849,2025-05-24 21:25:37,43.3755569458008,-8.85191917419434,"Female"
"6018402",371849,2025-05-24 21:30:33,43.3758926391602,-8.85223865509033,"Female"
"6018402",371849,2025-05-24 21:35:33,43.3763961791992,-8.85275459289551,"Female"
"6018402",371849,2025-05-24 21:40:33,43.376579284668,-8.85278701782227,"Female"
"6018402",371849,2025-05-24 21:45:33,43.3767242431641,-8.85304164886475,"Female"
"6018402",371849,2025-05-24 21:50:34,43.3766250610352,-8.85312747955322,"Female"
"6018402",371849,2025-05-24 21:55:46,43.3769073486328,-8.85316562652588,"Female"
"6018402",371849,2025-05-24 22:00:32,43.3770332336426,-8.85281085968018,"Female"
"6018402",371849,2025-05-24 22:05:32,43.3775253295898,-8.85308837890625,"Female"
"6018402",371849,2025-05-24 22:10:34,43.3779411315918,-8.85343456268311,"Female"
"6018402",371849,2025-05-24 22:15:34,43.3782653808594,-8.85360050201416,"Female"
"6018402",371849,2025-05-24 22:20:33,43.378662109375,-8.85395431518555,"Female"
"6018402",371849,2025-05-24 22:25:34,43.3779373168945,-8.85270118713379,"Female"
"6018402",371849,2025-05-24 22:30:34,43.378116607666,-8.85291957855225,"Female"
"6018402",371849,2025-05-24 22:35:33,43.359073638916,-8.84661388397217,"Female"
"6018402",371849,2025-05-24 22:40:38,43.358154296875,-8.84500026702881,"Female"
"6018402",371849,2025-05-24 22:45:33,43.3580741882324,-8.84500122070312,"Female"
"6018402",371849,2025-05-24 22:50:33,43.3580513000488,-8.84498405456543,"Female"
"6018402",371849,2025-05-24 22:55:33,43.3581466674805,-8.84499835968018,"Female"
"6018402",371849,2025-05-24 23:00:34,43.3581733703613,-8.84501457214355,"Female"
"6018402",371849,2025-05-24 23:05:33,43.3579330444336,-8.84489250183105,"Female"
"6018402",371849,2025-05-24 23:10:39,43.3582496643066,-8.8449764251709,"Female"
"6018402",371849,2025-05-24 23:15:38,43.3583335876465,-8.84503841400146,"Female"
"6018402",371849,2025-05-24 23:20:39,43.3584136962891,-8.8450174331665,"Female"
"6018402",371849,2025-05-24 23:25:39,43.3583335876465,-8.84507179260254,"Female"
"6018402",371849,2025-05-24 23:30:34,43.3583602905273,-8.84510803222656,"Female"
"6018402",371849,2025-05-24 23:35:33,43.3581886291504,-8.84485149383545,"Female"
"6018402",371849,2025-05-24 23:40:34,43.358325958252,-8.84506893157959,"Female"
"6018402",371849,2025-05-24 23:45:34,43.3583526611328,-8.84502696990967,"Female"
"6018402",371849,2025-05-24 23:50:33,43.3584289550781,-8.84508514404297,"Female"
"6018402",371849,2025-05-24 23:55:33,43.3583221435547,-8.84501647949219,"Female"
"6018402",371849,2025-05-25 00:00:33,43.3583488464355,-8.84484195709229,"Female"
"6018402",371849,2025-05-25 00:05:33,43.358226776123,-8.84500312805176,"Female"
"6018402",371849,2025-05-25 00:10:33,43.3582572937012,-8.84502506256104,"Female"
"6018402",371849,2025-05-25 00:15:33,43.358226776123,-8.84502792358398,"Female"
"6018402",371849,2025-05-25 00:20:33,43.3582305908203,-8.84505748748779,"Female"
"6018402",371849,2025-05-25 00:25:33,43.3581466674805,-8.84501838684082,"Female"
"6018402",371849,2025-05-25 00:30:33,43.3581275939941,-8.84520721435547,"Female"
"6018402",371849,2025-05-25 00:35:33,43.3580780029297,-8.84506130218506,"Female"
"6018402",371849,2025-05-25 00:40:33,43.3580856323242,-8.84508800506592,"Female"
"6018402",371849,2025-05-25 00:45:33,43.3580589294434,-8.8451099395752,"Female"
"6018402",371849,2025-05-25 00:51:05,43.3579559326172,-8.84484100341797,"Female"
"6018402",371849,2025-05-25 00:55:33,43.3577995300293,-8.84477996826172,"Female"
"6018402",371849,2025-05-25 01:00:33,43.3578109741211,-8.84492588043213,"Female"
"6018402",371849,2025-05-25 01:05:32,43.3577690124512,-8.84503841400146,"Female"
"6018402",371849,2025-05-25 01:10:40,43.3577537536621,-8.8449068069458,"Female"
"6018402",371849,2025-05-25 01:15:32,43.3577690124512,-8.84503173828125,"Female"
"6018402",371849,2025-05-25 01:20:33,43.3577728271484,-8.84508323669434,"Female"
"6018402",371849,2025-05-25 01:25:37,43.3577728271484,-8.84486961364746,"Female"
"6018402",371849,2025-05-25 01:30:31,43.3577003479004,-8.84479522705078,"Female"
"6018402",371849,2025-05-25 01:35:33,43.3576927185059,-8.84452342987061,"Female"
"6018402",371849,2025-05-25 01:40:34,43.3576698303223,-8.84462833404541,"Female"
"6018402",371849,2025-05-25 01:45:35,43.3576622009277,-8.84465503692627,"Female"
"6018402",371849,2025-05-25 01:50:33,43.3576316833496,-8.84478187561035,"Female"
"6018402",371849,2025-05-25 01:55:42,43.3576545715332,-8.84484481811523,"Female"
"6018402",371849,2025-05-25 02:00:33,43.3576965332031,-8.84495639801025,"Female"
"6018402",371849,2025-05-25 02:05:42,43.3576545715332,-8.84486770629883,"Female"
"6018402",371849,2025-05-25 02:10:32,43.3576774597168,-8.84497261047363,"Female"
"6018402",371849,2025-05-25 02:15:42,43.3576431274414,-8.84486484527588,"Female"
"6018402",371849,2025-05-25 02:20:32,43.3576812744141,-8.84493541717529,"Female"
"6018402",371849,2025-05-25 02:25:42,43.3576278686523,-8.84487056732178,"Female"
"6018402",371849,2025-05-25 02:30:32,43.3574981689453,-8.84481906890869,"Female"
"6018402",371849,2025-05-25 02:35:36,43.3576126098633,-8.84503746032715,"Female"
"6018402",371849,2025-05-25 02:40:35,43.3576126098633,-8.84493827819824,"Female"
"6018402",371849,2025-05-25 02:45:40,43.3577728271484,-8.8447847366333,"Female"
"6018402",371849,2025-05-25 02:50:37,43.3576469421387,-8.84487056732178,"Female"
"6018402",371849,2025-05-25 02:55:36,43.3575630187988,-8.84524059295654,"Female"
"6018402",371849,2025-05-25 03:00:34,43.3579216003418,-8.844801902771,"Female"
"6018402",371849,2025-05-25 03:05:32,43.3578491210938,-8.84468269348145,"Female"
"6018402",371849,2025-05-25 03:10:33,43.3578605651855,-8.8447380065918,"Female"
"6018402",371849,2025-05-25 03:15:32,43.3579902648926,-8.84470653533936,"Female"
"6018402",371849,2025-05-25 03:20:32,43.357967376709,-8.84468460083008,"Female"
"6018402",371849,2025-05-25 03:25:34,43.3580513000488,-8.84475708007812,"Female"
"6018402",371849,2025-05-25 03:30:32,43.3580322265625,-8.84479999542236,"Female"
"6018402",371849,2025-05-25 03:35:32,43.3583488464355,-8.84714603424072,"Female"
"6018402",371849,2025-05-25 03:40:34,43.376594543457,-8.86521530151367,"Female"
"6018402",371849,2025-05-25 03:45:32,43.3776817321777,-8.86702060699463,"Female"
"6018402",371849,2025-05-25 03:50:33,43.3787879943848,-8.86856746673584,"Female"
"6018402",371849,2025-05-25 03:55:33,43.3998222351074,-8.88941860198975,"Female"
"6018402",371849,2025-05-25 04:00:32,43.425178527832,-8.91879844665527,"Female"
"6018402",371849,2025-05-25 04:05:33,43.4278526306152,-8.92406558990479,"Female"
"6018402",371849,2025-05-25 04:10:33,43.4464683532715,-8.95263957977295,"Female"
"6018402",371849,2025-05-25 04:15:32,43.4669570922852,-8.98045349121094,"Female"
"6018402",371849,2025-05-25 04:20:32,43.4881782531738,-9.00426292419434,"Female"
"6018402",371849,2025-05-25 04:25:32,43.4967079162598,-9.02792167663574,"Female"
"6018402",371849,2025-05-25 04:30:35,43.4965476989746,-9.03028106689453,"Female"
"6018402",371849,2025-05-25 04:35:32,43.4963645935059,-9.03201103210449,"Female"
"6018402",371849,2025-05-25 04:40:33,43.4959869384766,-9.03386116027832,"Female"
"6018402",371849,2025-05-25 04:45:35,43.4959487915039,-9.03526973724365,"Female"
"6018402",371849,2025-05-25 04:50:32,43.4948844909668,-9.05508232116699,"Female"
"6018402",371849,2025-05-25 04:55:32,43.4833564758301,-9.07737636566162,"Female"
"6018402",371849,2025-05-25 05:00:32,43.4674758911133,-9.05349063873291,"Female"
"6018402",371849,2025-05-25 05:05:32,43.4593086242676,-9.01823997497559,"Female"
"6018402",371849,2025-05-25 05:10:32,43.4409255981445,-8.99116134643555,"Female"
"6018402",371849,2025-05-25 05:15:32,43.4217758178711,-8.96588039398193,"Female"
"6018402",371849,2025-05-25 05:20:32,43.4019966125488,-8.93906307220459,"Female"
"6018402",371849,2025-05-25 05:25:32,43.3834495544434,-8.90693664550781,"Female"
"6018402",371849,2025-05-25 05:30:33,43.3660507202148,-8.87064933776855,"Female"
"6018402",371849,2025-05-25 05:35:34,43.3578758239746,-8.84513282775879,"Female"
"6018402",371849,2025-05-25 05:40:44,43.3578987121582,-8.84498691558838,"Female"
"6018402",371849,2025-05-25 05:45:36,43.3578948974609,-8.84492969512939,"Female"
"6018402",371849,2025-05-25 05:50:36,43.3578872680664,-8.84491634368896,"Female"
"6018402",371849,2025-05-25 05:55:32,43.3578033447266,-8.84477519989014,"Female"
"6018402",371849,2025-05-25 06:00:39,43.3579368591309,-8.84495162963867,"Female"
"6018402",371849,2025-05-25 06:05:39,43.3578681945801,-8.84488773345947,"Female"
"6018402",371849,2025-05-25 06:10:39,43.35791015625,-8.84490203857422,"Female"
"6018402",371849,2025-05-25 06:15:39,43.3578262329102,-8.84489917755127,"Female"
"6018402",371849,2025-05-25 06:20:34,43.3578948974609,-8.8449010848999,"Female"
"6018402",371849,2025-05-25 06:25:38,43.3576507568359,-8.84481334686279,"Female"
"6018402",371849,2025-05-25 06:30:42,43.3578948974609,-8.84491729736328,"Female"
"6018402",371849,2025-05-25 06:35:38,43.3578605651855,-8.84489727020264,"Female"
"6018402",371849,2025-05-25 06:40:34,43.3576774597168,-8.8446683883667,"Female"
"6018402",371849,2025-05-25 06:45:38,43.3577194213867,-8.84493064880371,"Female"
"6018402",371849,2025-05-25 06:50:33,43.3574142456055,-8.84407424926758,"Female"
"6018402",371849,2025-05-25 06:55:38,43.3578605651855,-8.8449649810791,"Female"
"6018402",371849,2025-05-25 07:00:39,43.3578796386719,-8.84502696990967,"Female"
"6018402",371849,2025-05-25 07:05:39,43.3579025268555,-8.84501647949219,"Female"
"6018402",371849,2025-05-25 07:10:37,43.3578948974609,-8.84506607055664,"Female"
"6018402",371849,2025-05-25 07:15:34,43.3579711914062,-8.8452033996582,"Female"
"6018402",371849,2025-05-25 07:20:42,43.3579330444336,-8.84514617919922,"Female"
"6018402",371849,2025-05-25 07:25:35,43.3574066162109,-8.84395027160645,"Female"
"6018402",371849,2025-05-25 07:30:42,43.3579750061035,-8.84518241882324,"Female"
"6018402",371849,2025-05-25 07:35:32,43.3580093383789,-8.845139503479,"Female"
"6018402",371849,2025-05-25 07:40:39,43.3580322265625,-8.8452320098877,"Female"
"6018402",371849,2025-05-25 07:45:36,43.3579559326172,-8.8450345993042,"Female"
"6018402",371849,2025-05-25 07:50:41,43.3578453063965,-8.84491729736328,"Female"
"6018402",371849,2025-05-25 07:55:39,43.3578338623047,-8.8452205657959,"Female"
"6018402",371849,2025-05-25 08:00:33,43.3590126037598,-8.84693336486816,"Female"
"6018402",371849,2025-05-25 08:05:33,43.3590393066406,-8.84675788879395,"Female"
"6018402",371849,2025-05-25 08:10:33,43.3591499328613,-8.84595966339111,"Female"
"6018402",371849,2025-05-25 08:15:33,43.3589782714844,-8.84536552429199,"Female"
"6018402",371849,2025-05-25 08:20:37,43.358325958252,-8.84422397613525,"Female"
"6018402",371849,2025-05-25 08:25:36,43.3586845397949,-8.84414386749268,"Female"
"6018402",371849,2025-05-25 08:30:39,43.3587379455566,-8.84429359436035,"Female"
"6018402",371849,2025-05-25 08:35:32,43.3589477539062,-8.84386920928955,"Female"
"6018402",371849,2025-05-25 08:40:39,43.3582649230957,-8.84497547149658,"Female"
"6018402",371849,2025-05-25 08:45:40,43.3595085144043,-8.84338569641113,"Female"
"6018402",371849,2025-05-25 08:50:46,43.359375,-8.84329795837402,"Female"
"6018402",371849,2025-05-25 08:55:38,43.3578147888184,-8.84515476226807,"Female"
"6018402",371849,2025-05-25 09:00:37,43.3578262329102,-8.84518146514893,"Female"
"6018402",371849,2025-05-25 09:05:38,43.3576545715332,-8.84527778625488,"Female"
"6018402",371849,2025-05-25 09:10:36,43.3574714660645,-8.84546947479248,"Female"
"6018402",371849,2025-05-25 09:15:37,43.3577919006348,-8.84506797790527,"Female"
"6018402",371849,2025-05-25 09:20:36,43.3573837280273,-8.84549045562744,"Female"
"6018402",371849,2025-05-25 09:25:37,43.3576049804688,-8.84535598754883,"Female"
"6018402",371849,2025-05-25 09:30:34,43.357551574707,-8.84548759460449,"Female"
"6018402",371849,2025-05-25 09:35:36,43.3576278686523,-8.84531784057617,"Female"
"6018402",371849,2025-05-25 09:40:37,43.3576049804688,-8.84534549713135,"Female"
"6018402",371849,2025-05-25 09:45:36,43.3574447631836,-8.84542655944824,"Female"
"6018402",371849,2025-05-25 09:50:33,43.3573760986328,-8.84492588043213,"Female"
"6018402",371849,2025-05-25 09:55:37,43.3575286865234,-8.845627784729,"Female"
"6018402",371849,2025-05-25 10:00:33,43.3573760986328,-8.8450984954834,"Female"
"6018402",371849,2025-05-25 10:05:33,43.3574752807617,-8.84542465209961,"Female"
"6018402",371849,2025-05-25 10:10:33,43.3574104309082,-8.84485816955566,"Female"
"6018402",371849,2025-05-25 10:15:36,43.3571472167969,-8.84571075439453,"Female"
"6018402",371849,2025-05-25 10:20:42,43.3571739196777,-8.84562301635742,"Female"
"6018402",371849,2025-05-25 10:25:42,43.3571891784668,-8.84576225280762,"Female"
"6018402",371849,2025-05-25 10:30:32,43.357608795166,-8.84455966949463,"Female"
"6018402",371849,2025-05-25 10:35:32,43.3577041625977,-8.84447193145752,"Female"
"6018402",371849,2025-05-25 10:40:33,43.3577194213867,-8.84455871582031,"Female"
"6018402",371849,2025-05-25 10:45:34,43.3577842712402,-8.84508895874023,"Female"
"6018402",371849,2025-05-25 10:50:34,43.3574867248535,-8.84544467926025,"Female"
"6018402",371849,2025-05-25 10:55:33,43.3578491210938,-8.84447956085205,"Female"
"6018402",371849,2025-05-25 11:00:39,43.3586769104004,-8.8446159362793,"Female"
"6018402",371849,2025-05-25 11:05:46,43.3589553833008,-8.84450817108154,"Female"
"6018402",371849,2025-05-25 11:10:46,43.3591423034668,-8.84452533721924,"Female"
"6018402",371849,2025-05-25 11:15:40,43.3580055236816,-8.84520530700684,"Female"
"6018402",371849,2025-05-25 11:20:33,43.3575172424316,-8.84413433074951,"Female"
"6018402",371849,2025-05-25 11:25:43,43.3579635620117,-8.84519386291504,"Female"
"6018402",371849,2025-05-25 11:30:42,43.3579978942871,-8.84521579742432,"Female"
"6018402",371849,2025-05-25 11:35:34,43.3579177856445,-8.84511184692383,"Female"
"6018402",371849,2025-05-25 11:40:42,43.3580017089844,-8.84517478942871,"Female"
"6018402",371849,2025-05-25 11:45:43,43.3577308654785,-8.84515857696533,"Female"
"6018402",371849,2025-05-25 11:50:34,43.3576889038086,-8.84519577026367,"Female"
"6018402",371849,2025-05-25 11:55:34,43.3576927185059,-8.84514713287354,"Female"
"6018402",371849,2025-05-25 12:00:34,43.3581352233887,-8.84510135650635,"Female"
"6018402",371849,2025-05-25 12:05:33,43.3582458496094,-8.84519195556641,"Female"
"6018402",371849,2025-05-25 12:10:33,43.3584060668945,-8.84535598754883,"Female"
"6018402",371849,2025-05-25 12:15:33,43.3584480285645,-8.84527206420898,"Female"
"6018402",371849,2025-05-25 12:20:33,43.3583717346191,-8.84526443481445,"Female"
"6018402",371849,2025-05-25 12:25:33,43.3583450317383,-8.84524345397949,"Female"
"6018402",371849,2025-05-25 12:30:34,43.3582954406738,-8.84492969512939,"Female"
"6018402",371849,2025-05-25 12:35:33,43.3583145141602,-8.84529972076416,"Female"
"6018402",371849,2025-05-25 12:40:33,43.3582801818848,-8.84520244598389,"Female"
"6018402",371849,2025-05-25 12:45:33,43.339241027832,-8.84598255157471,"Female"
"6018402",371849,2025-05-25 12:50:33,43.3150978088379,-8.84926891326904,"Female"
"6018402",371849,2025-05-25 12:55:32,43.3109283447266,-8.85796928405762,"Female"
"6018402",371849,2025-05-25 13:00:32,43.3246078491211,-8.87699794769287,"Female"
"6018402",371849,2025-05-25 13:05:34,43.3470039367676,-8.89766120910645,"Female"
"6018402",371849,2025-05-25 13:10:32,43.3614654541016,-8.92255401611328,"Female"
"6018402",371849,2025-05-25 13:15:33,43.372501373291,-8.94329643249512,"Female"
"6018402",371849,2025-05-25 13:20:32,43.3873329162598,-8.9658260345459,"Female"
"6018402",371849,2025-05-25 13:25:32,43.4052276611328,-8.98377704620361,"Female"
"6018402",371849,2025-05-25 13:30:33,43.4229965209961,-8.98318576812744,"Female"
"6018402",371849,2025-05-25 13:35:32,43.4419326782227,-8.9730396270752,"Female"
"6018402",371849,2025-05-25 13:40:42,43.4612159729004,-8.94999217987061,"Female"
"6018402",371849,2025-05-25 13:45:35,43.4822082519531,-8.94490337371826,"Female"
"6018402",371849,2025-05-25 13:50:34,43.494384765625,-8.96902084350586,"Female"
"6018402",371849,2025-05-25 13:55:33,43.5106582641602,-8.99301624298096,"Female"
"6018402",371849,2025-05-25 14:00:33,43.5194969177246,-9.02609920501709,"Female"
"6018402",371849,2025-05-25 14:05:32,43.5216941833496,-9.06258106231689,"Female"
"6018402",371849,2025-05-25 14:10:33,43.5155067443848,-9.10175132751465,"Female"
"6018402",371849,2025-05-25 14:15:33,43.5127983093262,-9.14520931243896,"Female"
"6018402",371849,2025-05-25 14:20:33,43.5008163452148,-9.19147968292236,"Female"
"6018402",371849,2025-05-25 14:25:33,43.5001487731934,-9.22422885894775,"Female"
"6018402",371849,2025-05-25 14:30:32,43.4948768615723,-9.26970100402832,"Female"
"6018402",371849,2025-05-25 14:35:32,43.4753875732422,-9.30567359924316,"Female"
"6018402",371849,2025-05-25 14:40:33,43.4668960571289,-9.29373550415039,"Female"
"6018402",371849,2025-05-25 14:45:33,43.466609954834,-9.2741527557373,"Female"
"6018402",371849,2025-05-25 14:50:34,43.4604187011719,-9.23914337158203,"Female"
"6018402",371849,2025-05-25 14:55:33,43.4510498046875,-9.20302677154541,"Female"
"6018402",371849,2025-05-25 15:00:33,43.4414215087891,-9.16465377807617,"Female"
"6018402",371849,2025-05-25 15:05:33,43.4246063232422,-9.12681102752686,"Female"
"6018402",371849,2025-05-25 15:10:36,43.4078063964844,-9.08854866027832,"Female"
"6018402",371849,2025-05-25 15:15:33,43.3891754150391,-9.05169868469238,"Female"
"6018402",371849,2025-05-25 15:20:33,43.3681755065918,-9.01528835296631,"Female"
"6018402",371849,2025-05-25 15:25:33,43.3521385192871,-8.97684860229492,"Female"
"6018402",371849,2025-05-25 15:30:33,43.3357925415039,-8.9378833770752,"Female"
"6018402",371849,2025-05-25 15:35:33,43.3207702636719,-8.90275287628174,"Female"
"6018402",371849,2025-05-25 15:40:33,43.3187217712402,-8.87469482421875,"Female"
"6018402",371849,2025-05-25 15:45:36,43.3145408630371,-8.85717487335205,"Female"
"6018402",371849,2025-05-25 15:50:32,43.3152961730957,-8.85651397705078,"Female"
"6018402",371849,2025-05-25 15:55:33,43.3178939819336,-8.84590148925781,"Female"
"6018402",371849,2025-05-25 16:00:36,43.3154678344727,-8.84664535522461,"Female"
"6018402",371849,2025-05-25 16:05:39,43.3398742675781,-8.84315776824951,"Female"
"6018402",371849,2025-05-25 16:10:32,43.355281829834,-8.84747791290283,"Female"
"6018402",371849,2025-05-25 16:15:33,43.3582649230957,-8.8452615737915,"Female"
"6018402",371849,2025-05-25 16:20:33,43.3582534790039,-8.84506034851074,"Female"
"6018402",371849,2025-05-25 16:25:33,43.3583564758301,-8.84534931182861,"Female"
"6018402",371849,2025-05-25 16:30:34,43.3581733703613,-8.84521102905273,"Female"
"6018402",371849,2025-05-25 16:35:34,43.3581581115723,-8.84511089324951,"Female"
"6018402",371849,2025-05-25 16:40:33,43.3584175109863,-8.84539699554443,"Female"
"6018402",371849,2025-05-25 16:45:33,43.3590965270996,-8.84652328491211,"Female"
"6018402",371849,2025-05-25 16:50:33,43.3580169677734,-8.84489154815674,"Female"
"6018402",371849,2025-05-25 16:55:33,43.358039855957,-8.84486198425293,"Female"
"6018402",371849,2025-05-25 17:00:33,43.3580093383789,-8.84493732452393,"Female"
"6018402",371849,2025-05-25 17:05:34,43.3579559326172,-8.8448543548584,"Female"
"6018402",371849,2025-05-25 17:10:33,43.3580703735352,-8.84487628936768,"Female"
"6018402",371849,2025-05-25 17:15:33,43.3580322265625,-8.84482574462891,"Female"
"6018402",371849,2025-05-25 17:20:33,43.3580474853516,-8.84485626220703,"Female"
"6018402",371849,2025-05-25 17:25:33,43.3580780029297,-8.84501171112061,"Female"
"6018402",371849,2025-05-25 17:30:32,43.3581123352051,-8.84498977661133,"Female"
"6018402",371849,2025-05-25 17:35:32,43.3580513000488,-8.84497356414795,"Female"
"6018402",371849,2025-05-25 17:40:32,43.3580665588379,-8.84496784210205,"Female"
"6018402",371849,2025-05-25 17:45:32,43.3580589294434,-8.84496784210205,"Female"
"6018402",371849,2025-05-25 17:50:36,43.3580894470215,-8.84491920471191,"Female"
"6018402",371849,2025-05-25 17:55:35,43.3579902648926,-8.84500026702881,"Female"
"6018402",371849,2025-05-25 18:00:34,43.3580894470215,-8.84477233886719,"Female"
"6018402",371849,2025-05-25 18:05:35,43.3578872680664,-8.84499549865723,"Female"
"6018402",371849,2025-05-25 18:10:37,43.3580436706543,-8.84482479095459,"Female"
"6018402",371849,2025-05-25 18:15:34,43.3580436706543,-8.84483814239502,"Female"
"6018402",371849,2025-05-25 18:20:34,43.358039855957,-8.84489250183105,"Female"
"6018402",371849,2025-05-25 18:25:34,43.3579940795898,-8.84478855133057,"Female"
"6018402",371849,2025-05-25 18:30:34,43.3579788208008,-8.84482765197754,"Female"
"6018402",371849,2025-05-25 18:35:32,43.3579139709473,-8.84487724304199,"Female"
"6018402",371849,2025-05-25 18:40:34,43.3579177856445,-8.8448543548584,"Female"
"6018402",371849,2025-05-25 18:45:34,43.3578567504883,-8.84487342834473,"Female"
"6018402",371849,2025-05-25 18:50:34,43.3578758239746,-8.84483528137207,"Female"
"6018402",371849,2025-05-25 18:55:33,43.357837677002,-8.84483623504639,"Female"
"6018402",371849,2025-05-25 19:00:33,43.3578605651855,-8.84479236602783,"Female"
"6018402",371849,2025-05-25 19:05:34,43.3579063415527,-8.84475803375244,"Female"
"6018402",371849,2025-05-25 19:10:33,43.357852935791,-8.84473419189453,"Female"
"6018402",371849,2025-05-25 19:15:34,43.3578567504883,-8.84468078613281,"Female"
"6018402",371849,2025-05-25 19:20:34,43.3578224182129,-8.84465312957764,"Female"
"6018402",371849,2025-05-25 19:25:34,43.3578605651855,-8.84464359283447,"Female"
"6018402",371849,2025-05-25 19:30:34,43.357852935791,-8.84463882446289,"Female"
"6018402",371849,2025-05-25 19:35:39,43.3578186035156,-8.84460926055908,"Female"
"6018402",371849,2025-05-25 19:40:41,43.3578338623047,-8.84458637237549,"Female"
"6018402",371849,2025-05-25 19:45:32,43.3578414916992,-8.8445463180542,"Female"
"6018402",371849,2025-05-25 19:50:34,43.3578758239746,-8.84467124938965,"Female"
"6018402",371849,2025-05-25 19:55:39,43.3578681945801,-8.84462356567383,"Female"
"6018402",371849,2025-05-25 20:00:37,43.3581352233887,-8.8448371887207,"Female"
"6018402",371849,2025-05-25 20:05:34,43.3582725524902,-8.84500598907471,"Female"
"6018402",371849,2025-05-25 20:10:36,43.358226776123,-8.84490585327148,"Female"
"6018402",371849,2025-05-25 20:15:39,43.3579940795898,-8.84466648101807,"Female"
"6018402",371849,2025-05-25 20:20:37,43.3582191467285,-8.84502124786377,"Female"
"6018402",371849,2025-05-25 20:25:33,43.3582916259766,-8.84488010406494,"Female"
"6018402",371849,2025-05-25 20:31:05,43.357967376709,-8.84474849700928,"Female"
"6018402",371849,2025-05-25 20:35:32,43.3578338623047,-8.84488296508789,"Female"
"6018402",371849,2025-05-25 20:40:31,43.3578453063965,-8.8449182510376,"Female"
"6018402",371849,2025-05-25 20:45:33,43.357852935791,-8.84508323669434,"Female"
"6018402",371849,2025-05-25 20:50:34,43.3578071594238,-8.84488677978516,"Female"
"6018402",371849,2025-05-25 20:55:32,43.3579330444336,-8.84508037567139,"Female"
"6018402",371849,2025-05-25 21:00:34,43.3576927185059,-8.8447732925415,"Female"
"6018402",371849,2025-05-25 21:05:36,43.3574600219727,-8.84451103210449,"Female"
"6018402",371849,2025-05-25 21:10:35,43.3581237792969,-8.84554862976074,"Female"
"6018402",371849,2025-05-25 21:15:40,43.3578071594238,-8.84495258331299,"Female"
"6018402",371849,2025-05-25 21:20:33,43.3576049804688,-8.84451770782471,"Female"
"6018402",371849,2025-05-25 21:25:34,43.3577766418457,-8.84488487243652,"Female"
"6018402",371849,2025-05-25 21:30:41,43.3577613830566,-8.84494686126709,"Female"
"6018402",371849,2025-05-25 21:35:34,43.357795715332,-8.84489727020264,"Female"
"6018402",371849,2025-05-25 21:40:39,43.3577728271484,-8.84493350982666,"Female"
"6018402",371849,2025-05-25 21:45:39,43.3578186035156,-8.84486484527588,"Female"
"6018402",371849,2025-05-25 21:50:39,43.3578147888184,-8.84490966796875,"Female"
"6018402",371849,2025-05-25 21:55:39,43.3577995300293,-8.84481906890869,"Female"
"6018402",371849,2025-05-25 22:00:39,43.3577995300293,-8.84493064880371,"Female"
"6018402",371849,2025-05-25 22:05:34,43.357780456543,-8.84487438201904,"Female"
"6018402",371849,2025-05-25 22:10:34,43.3577346801758,-8.84493637084961,"Female"
"6018402",371849,2025-05-25 22:15:44,43.3577919006348,-8.84497165679932,"Female"
"6018402",371849,2025-05-25 22:20:33,43.3580207824707,-8.84542846679688,"Female"
"6018402",371849,2025-05-25 22:25:37,43.3576278686523,-8.84463214874268,"Female"
"6018402",371849,2025-05-25 22:30:36,43.357738494873,-8.84470176696777,"Female"
"6018402",371849,2025-05-25 22:35:36,43.3576583862305,-8.84443759918213,"Female"
"6018402",371849,2025-05-25 22:40:37,43.3577156066895,-8.84485244750977,"Female"
"6018402",371849,2025-05-25 22:45:55,43.3578414916992,-8.84500694274902,"Female"
"6018402",371849,2025-05-25 22:50:37,43.3577880859375,-8.84490299224854,"Female"
"6018402",371849,2025-05-25 22:55:37,43.3578186035156,-8.84484195709229,"Female"
"6018402",371849,2025-05-25 23:00:43,43.3577728271484,-8.84491920471191,"Female"
"6018402",371849,2025-05-25 23:05:36,43.3580627441406,-8.84534645080566,"Female"
"6018402",371849,2025-05-25 23:10:34,43.358024597168,-8.84546756744385,"Female"
"6018402",371849,2025-05-25 23:15:33,43.3579216003418,-8.84518337249756,"Female"
"6018402",371849,2025-05-25 23:20:35,43.3578872680664,-8.84517288208008,"Female"
"6018402",371849,2025-05-25 23:25:36,43.3576354980469,-8.84461498260498,"Female"
"6018402",371849,2025-05-25 23:30:34,43.3580284118652,-8.84527206420898,"Female"
"6018402",371849,2025-05-25 23:35:34,43.357837677002,-8.84512519836426,"Female"
"6018402",371849,2025-05-25 23:40:45,43.3576889038086,-8.84472179412842,"Female"
"6018402",371849,2025-05-25 23:45:36,43.3574638366699,-8.84444522857666,"Female"
"6018402",371849,2025-05-25 23:50:38,43.3573036193848,-8.84419918060303,"Female"
"6018402",371849,2025-05-25 23:55:42,43.3574180603027,-8.84434700012207,"Female"
"6018402",371849,2025-05-26 00:00:41,43.3575744628906,-8.84455013275146,"Female"
"6018402",371849,2025-05-26 00:05:53,43.3575477600098,-8.844557762146,"Female"
"6018402",371849,2025-05-26 00:10:54,43.3577728271484,-8.84494972229004,"Female"
"6018402",371849,2025-05-26 00:15:44,43.3576889038086,-8.84471988677979,"Female"
"6018402",371849,2025-05-26 00:20:56,43.357795715332,-8.8449182510376,"Female"
"6018402",371849,2025-05-26 00:25:45,43.3578491210938,-8.84503364562988,"Female"
"6018402",371849,2025-05-26 00:30:47,43.3577270507812,-8.84481620788574,"Female"
"6018402",371849,2025-05-26 00:35:47,43.3576774597168,-8.84466075897217,"Female"
"6018402",371849,2025-05-26 00:41:03,43.3578071594238,-8.8449125289917,"Female"
"6018402",371849,2025-05-26 00:45:31,43.3577995300293,-8.84496784210205,"Female"
"6018402",371849,2025-05-26 00:50:31,43.3577919006348,-8.84487342834473,"Female"
"6018402",371849,2025-05-26 00:55:32,43.3577270507812,-8.8448429107666,"Female"
"6018402",371849,2025-05-26 01:00:31,43.3577423095703,-8.84489059448242,"Female"
"6018402",371849,2025-05-26 01:05:31,43.3576812744141,-8.84493637084961,"Female"
"6018402",371849,2025-05-26 01:10:31,43.3577575683594,-8.84492301940918,"Female"
"6018402",371849,2025-05-26 01:15:31,43.3577575683594,-8.84493732452393,"Female"
"6018402",371849,2025-05-26 01:20:31,43.3577728271484,-8.84488487243652,"Female"
"6018402",371849,2025-05-26 01:25:31,43.3578147888184,-8.84492588043213,"Female"
"6018402",371849,2025-05-26 01:30:31,43.3577651977539,-8.84492206573486,"Female"
"6018402",371849,2025-05-26 01:35:32,43.357795715332,-8.84487152099609,"Female"
"6018402",371849,2025-05-26 01:40:32,43.3577537536621,-8.84490299224854,"Female"
"6018402",371849,2025-05-26 01:45:32,43.3577537536621,-8.84493827819824,"Female"
"6018402",371849,2025-05-26 01:50:31,43.3577995300293,-8.84490585327148,"Female"
"6018402",371849,2025-05-26 01:55:32,43.3577842712402,-8.84494686126709,"Female"
"6018402",371849,2025-05-26 02:00:32,43.357738494873,-8.84481430053711,"Female"
"6018402",371849,2025-05-26 02:05:32,43.3577995300293,-8.84488105773926,"Female"
"6018402",371849,2025-05-26 02:10:32,43.3578681945801,-8.84485530853271,"Female"
"6018402",371849,2025-05-26 02:15:32,43.3579139709473,-8.84504127502441,"Female"
"6018402",371849,2025-05-26 02:20:32,43.3578071594238,-8.8449068069458,"Female"
"6018402",371849,2025-05-26 02:25:32,43.357852935791,-8.84492683410645,"Female"
"6018402",371849,2025-05-26 02:30:33,43.357551574707,-8.84507274627686,"Female"
"6018402",371849,2025-05-26 02:35:33,43.3577728271484,-8.84512996673584,"Female"
"6018402",371849,2025-05-26 02:40:35,43.3577651977539,-8.84506607055664,"Female"
"6018402",371849,2025-05-26 02:45:35,43.3578109741211,-8.84490299224854,"Female"
"6018402",371849,2025-05-26 02:50:34,43.3578681945801,-8.84491920471191,"Female"
"6018402",371849,2025-05-26 02:55:39,43.3577766418457,-8.84480476379395,"Female"
"6018402",371849,2025-05-26 03:00:36,43.3578605651855,-8.84489345550537,"Female"
"6018402",371849,2025-05-26 03:05:35,43.3577728271484,-8.84482192993164,"Female"
"6018402",371849,2025-05-26 03:10:34,43.3574905395508,-8.84506702423096,"Female"
"6018402",371849,2025-05-26 03:15:41,43.35791015625,-8.84486198425293,"Female"
"6018402",371849,2025-05-26 03:20:41,43.357837677002,-8.84487628936768,"Female"
"6018402",371849,2025-05-26 03:25:37,43.3579902648926,-8.84483242034912,"Female"
"6018402",371849,2025-05-26 03:30:37,43.3578948974609,-8.84482765197754,"Female"
"6018402",371849,2025-05-26 03:35:42,43.3578872680664,-8.84487819671631,"Female"
"6018402",371849,2025-05-26 03:40:42,43.3578643798828,-8.84482669830322,"Female"
"6018402",371849,2025-05-26 03:45:42,43.3579177856445,-8.84485912322998,"Female"
"6018402",371849,2025-05-26 03:50:42,43.3579025268555,-8.8448657989502,"Female"
"6018402",371849,2025-05-26 03:55:34,43.3578567504883,-8.84485530853271,"Female"
"6018402",371849,2025-05-26 04:00:33,43.3575248718262,-8.84485054016113,"Female"
"6018402",371849,2025-05-26 04:05:35,43.354362487793,-8.86122989654541,"Female"
"6018402",371849,2025-05-26 04:10:32,43.3571128845215,-8.86690616607666,"Female"
"6018402",371849,2025-05-26 04:15:32,43.3721084594727,-8.88079166412354,"Female"
"6018402",371849,2025-05-26 04:20:34,43.3872680664062,-8.89736270904541,"Female"
"6018402",371849,2025-05-26 04:25:32,43.4021186828613,-8.90367221832275,"Female"
"6018402",371849,2025-05-26 04:30:34,43.4138565063477,-8.92303657531738,"Female"
"6018402",371849,2025-05-26 04:35:32,43.4250831604004,-8.95204734802246,"Female"
"6018402",371849,2025-05-26 04:40:43,43.4331741333008,-8.9910192489624,"Female"
"6018402",371849,2025-05-26 04:45:33,43.4387092590332,-9.03112125396729,"Female"
"6018402",371849,2025-05-26 04:51:06,43.4351577758789,-9.08116054534912,"Female"
"6018402",371849,2025-05-26 04:56:04,43.447093963623,-9.11167144775391,"Female"
"6018402",371849,2025-05-26 05:00:57,43.4609527587891,-9.13558197021484,"Female"
"6018402",371849,2025-05-26 05:05:50,43.4781074523926,-9.15607070922852,"Female"
"6018402",371849,2025-05-26 05:10:56,43.479621887207,-9.15640163421631,"Female"
"6018402",371849,2025-05-26 05:15:42,43.4790573120117,-9.158278465271,"Female"
"6018402",371849,2025-05-26 05:20:37,43.4782867431641,-9.15834045410156,"Female"
"6018402",371849,2025-05-26 05:25:32,43.4786643981934,-9.15883636474609,"Female"
"6018402",371849,2025-05-26 05:30:32,43.4819488525391,-9.1637020111084,"Female"
"6018402",371849,2025-05-26 05:35:33,43.4897384643555,-9.19860744476318,"Female"
"6018402",371849,2025-05-26 05:40:36,43.4835739135742,-9.22693824768066,"Female"
"6018402",371849,2025-05-26 05:46:44,43.4603118896484,-9.28107833862305,"Female"
"6018402",371849,2025-05-26 05:50:35,43.4509544372559,-9.30340766906738,"Female"
"6018402",371849,2025-05-26 05:55:32,43.435417175293,-9.27766704559326,"Female"
"6018402",371849,2025-05-26 06:00:35,43.4316253662109,-9.24944686889648,"Female"
"6018402",371849,2025-05-26 06:05:33,43.4350128173828,-9.22352504730225,"Female"
"6018402",371849,2025-05-26 06:10:32,43.4301109313965,-9.19386291503906,"Female"
"6018402",371849,2025-05-26 06:15:33,43.4077758789062,-9.16064643859863,"Female"
"6018402",371849,2025-05-26 06:20:33,43.3884658813477,-9.12545871734619,"Female"
"6018402",371849,2025-05-26 06:25:32,43.3690872192383,-9.08985328674316,"Female"
"6018402",371849,2025-05-26 06:30:36,43.3538665771484,-9.05648422241211,"Female"
"6018402",371849,2025-05-26 06:35:36,43.3318099975586,-9.01885509490967,"Female"
"6018402",371849,2025-05-26 06:40:40,43.3074340820312,-8.98500156402588,"Female"
"6018402",371849,2025-05-26 06:45:32,43.2910766601562,-8.95961284637451,"Female"
"6018402",371849,2025-05-26 06:50:33,43.2890586853027,-8.93839931488037,"Female"
"6018402",371849,2025-05-26 06:55:32,43.2927322387695,-8.91525363922119,"Female"
"6018402",371849,2025-05-26 07:00:36,43.3059921264648,-8.90569019317627,"Female"
"6018402",371849,2025-05-26 07:05:34,43.3207168579102,-8.90322589874268,"Female"
"6018402",371849,2025-05-26 07:10:33,43.3216400146484,-8.88181495666504,"Female"
"6018402",371849,2025-05-26 07:15:36,43.3198356628418,-8.84695053100586,"Female"
"6018402",371849,2025-05-26 07:20:47,43.3413963317871,-8.84324741363525,"Female"
"6018402",371849,2025-05-26 07:25:33,43.3484230041504,-8.83751201629639,"Female"
"6018402",371849,2025-05-26 07:30:37,43.3578872680664,-8.84500408172607,"Female"
"6018402",371849,2025-05-26 07:35:43,43.357852935791,-8.84506320953369,"Female"
"6018402",371849,2025-05-26 07:40:39,43.3579177856445,-8.8451452255249,"Female"
"6018402",371849,2025-05-26 07:45:39,43.3579216003418,-8.84512233734131,"Female"
"6018402",371849,2025-05-26 07:50:39,43.3578186035156,-8.84496402740479,"Female"
"6018402",371849,2025-05-26 07:55:47,43.3578796386719,-8.84483337402344,"Female"
"6018402",371849,2025-05-26 08:00:40,43.3578186035156,-8.84495258331299,"Female"
"6018402",371849,2025-05-26 08:05:39,43.3577537536621,-8.84524631500244,"Female"
"6018402",371849,2025-05-26 08:10:36,43.3578147888184,-8.84509563446045,"Female"
"6018402",371849,2025-05-26 08:15:39,43.3577270507812,-8.84516429901123,"Female"
"6018402",371849,2025-05-26 08:20:39,43.3577079772949,-8.84524536132812,"Female"
"6018402",371849,2025-05-26 08:25:40,43.357780456543,-8.84522819519043,"Female"
"6018402",371849,2025-05-26 08:30:39,43.3577766418457,-8.84502124786377,"Female"
"6018402",371849,2025-05-26 08:35:36,43.3577537536621,-8.84497165679932,"Female"
"6018402",371849,2025-05-26 08:40:39,43.357307434082,-8.84625434875488,"Female"
"6018402",371849,2025-05-26 08:46:05,43.3581008911133,-8.84469413757324,"Female"
"6018402",371849,2025-05-26 08:50:41,43.3580665588379,-8.84469127655029,"Female"
"6018402",371849,2025-05-26 08:55:34,43.3580131530762,-8.84473991394043,"Female"
"6018402",371849,2025-05-26 09:00:33,43.3578948974609,-8.84483051300049,"Female"
"6018402",371849,2025-05-26 09:05:34,43.3579483032227,-8.84472942352295,"Female"
"6018402",371849,2025-05-26 09:10:34,43.3576431274414,-8.84512233734131,"Female"
"6018402",371849,2025-05-26 09:15:34,43.3576240539551,-8.84517288208008,"Female"
"6018402",371849,2025-05-26 09:20:34,43.3576774597168,-8.84507751464844,"Female"
"6018402",371849,2025-05-26 09:25:39,43.3576316833496,-8.84508991241455,"Female"
"6018402",371849,2025-05-26 09:30:38,43.3575477600098,-8.84534645080566,"Female"
"6018402",371849,2025-05-26 09:35:39,43.3577079772949,-8.84498023986816,"Female"
"6018402",371849,2025-05-26 09:40:39,43.3576240539551,-8.84516048431396,"Female"
"6018402",371849,2025-05-26 09:45:39,43.3576164245605,-8.84517669677734,"Female"
"6018402",371849,2025-05-26 09:50:37,43.3576240539551,-8.84517478942871,"Female"
"6018402",371849,2025-05-26 09:55:37,43.3575553894043,-8.84527683258057,"Female"
"6018402",371849,2025-05-26 10:00:37,43.3576393127441,-8.84514427185059,"Female"
"6018402",371849,2025-05-26 10:05:34,43.3577117919922,-8.84501647949219,"Female"
"6018402",371849,2025-05-26 10:10:36,43.3576469421387,-8.84503364562988,"Female"
"6018402",371849,2025-05-26 10:15:36,43.3576889038086,-8.84505558013916,"Female"
"6018402",371849,2025-05-26 10:20:34,43.3577423095703,-8.84486961364746,"Female"
"6018402",371849,2025-05-26 10:25:34,43.3576583862305,-8.84501171112061,"Female"
"6018402",371849,2025-05-26 10:30:36,43.3576889038086,-8.84501934051514,"Female"
"6018402",371849,2025-05-26 10:35:36,43.3576736450195,-8.8449068069458,"Female"
"6018402",371849,2025-05-26 10:40:38,43.357723236084,-8.84478378295898,"Female"
"6018402",371849,2025-05-26 10:45:36,43.3575973510742,-8.84455490112305,"Female"
"6018402",371849,2025-05-26 10:50:34,43.3576049804688,-8.84445095062256,"Female"
"6018402",371849,2025-05-26 10:55:34,43.3575592041016,-8.84422397613525,"Female"
"6018402",371849,2025-05-26 11:00:43,43.3577346801758,-8.84432888031006,"Female"
"6018402",371849,2025-05-26 11:05:33,43.3578948974609,-8.8444995880127,"Female"
"6018402",371849,2025-05-26 11:10:34,43.3577461242676,-8.84444332122803,"Female"
"6018402",371849,2025-05-26 11:15:34,43.3577613830566,-8.84459018707275,"Female"
"6018402",371849,2025-05-26 11:20:32,43.358325958252,-8.84496307373047,"Female"
"6018402",371849,2025-05-26 11:25:37,43.3577766418457,-8.84488487243652,"Female"
"6018402",371849,2025-05-26 11:30:36,43.3578109741211,-8.84482574462891,"Female"
"6018402",371849,2025-05-26 11:35:33,43.358226776123,-8.84528064727783,"Female"
"6018402",371849,2025-05-26 11:40:33,43.3581123352051,-8.8446798324585,"Female"
"6018402",371849,2025-05-26 11:45:38,43.358039855957,-8.84437370300293,"Female"
"6018402",371849,2025-05-26 11:50:39,43.3579521179199,-8.84437656402588,"Female"
"6018402",371849,2025-05-26 11:55:39,43.3579788208008,-8.84439373016357,"Female"
"6018402",371849,2025-05-26 12:00:39,43.3579330444336,-8.84451770782471,"Female"
"6018402",371849,2025-05-26 12:05:39,43.3579750061035,-8.84460544586182,"Female"
"6018402",371849,2025-05-26 12:10:39,43.3580131530762,-8.84455680847168,"Female"
"6018402",371849,2025-05-26 12:15:42,43.3578681945801,-8.84476375579834,"Female"
"6018402",371849,2025-05-26 12:20:37,43.3579750061035,-8.84470272064209,"Female"
"6018402",371849,2025-05-26 12:25:36,43.3579521179199,-8.84463405609131,"Female"
"6018402",371849,2025-05-26 12:30:38,43.3579063415527,-8.8447265625,"Female"
"6018402",371849,2025-05-26 12:35:42,43.3580322265625,-8.84464454650879,"Female"
"6018402",371849,2025-05-26 12:40:39,43.3579864501953,-8.84473609924316,"Female"
"6018402",371849,2025-05-26 12:45:39,43.3579788208008,-8.8447437286377,"Female"
"6018402",371849,2025-05-26 12:50:39,43.358039855957,-8.84474086761475,"Female"
"6018402",371849,2025-05-26 12:55:40,43.3579711914062,-8.84476470947266,"Female"
"6018402",371849,2025-05-26 13:00:39,43.3580131530762,-8.84473133087158,"Female"
"6018402",371849,2025-05-26 13:05:42,43.3580169677734,-8.84477424621582,"Female"
"6018402",371849,2025-05-26 13:10:43,43.3579559326172,-8.84480476379395,"Female"
"6018402",371849,2025-05-26 13:15:44,43.3579330444336,-8.8448314666748,"Female"
"6018402",371849,2025-05-26 13:20:44,43.3578796386719,-8.84486198425293,"Female"
"6018402",371849,2025-05-26 13:25:40,43.3579483032227,-8.84473896026611,"Female"
"6018402",371849,2025-05-26 13:30:43,43.3578834533691,-8.84483337402344,"Female"
"6018402",371849,2025-05-26 13:36:05,43.3578491210938,-8.84486675262451,"Female"
"6018402",371849,2025-05-26 13:40:31,43.3578453063965,-8.84487247467041,"Female"
"6018402",371849,2025-05-26 13:45:31,43.357852935791,-8.84491539001465,"Female"
"6018402",371849,2025-05-26 13:50:31,43.3578605651855,-8.8448371887207,"Female"
"6018402",371849,2025-05-26 13:55:31,43.3579521179199,-8.84485149383545,"Female"
"6018402",371849,2025-05-26 14:00:31,43.357837677002,-8.84492111206055,"Female"
"6018402",371849,2025-05-26 14:05:31,43.357967376709,-8.84496402740479,"Female"
"6018402",371849,2025-05-26 14:10:31,43.35791015625,-8.84491539001465,"Female"
"6018402",371849,2025-05-26 14:15:32,43.3363761901855,-8.84378719329834,"Female"
"6018402",371849,2025-05-26 14:20:32,43.3038711547852,-8.85892868041992,"Female"
"6018402",371849,2025-05-26 14:25:32,43.2806816101074,-8.86781597137451,"Female"
"6018402",371849,2025-05-26 14:30:32,43.2808151245117,-8.86770057678223,"Female"
"6018402",371849,2025-05-26 14:35:32,43.2814750671387,-8.86777973175049,"Female"
"6018402",371849,2025-05-26 14:40:34,43.2819366455078,-8.86707019805908,"Female"
"6018402",371849,2025-05-26 14:45:32,43.2819519042969,-8.86701107025146,"Female"
"6018402",371849,2025-05-26 14:50:32,43.2819023132324,-8.86695194244385,"Female"
"6018402",371849,2025-05-26 14:55:32,43.2822494506836,-8.86616992950439,"Female"
"6018402",371849,2025-05-26 15:00:32,43.2856407165527,-8.86984157562256,"Female"
"6018402",371849,2025-05-26 15:05:32,43.2853736877441,-8.8701696395874,"Female"
"6018402",371849,2025-05-26 15:10:33,43.2850379943848,-8.87039279937744,"Female"
"6018402",371849,2025-05-26 15:15:33,43.2854423522949,-8.87024211883545,"Female"
"6018402",371849,2025-05-26 15:20:34,43.2854347229004,-8.87020397186279,"Female"
"6018402",371849,2025-05-26 15:25:36,43.2853622436523,-8.87028694152832,"Female"
"6018402",371849,2025-05-26 15:30:32,43.2853355407715,-8.87040424346924,"Female"
"6018402",371849,2025-05-26 15:35:36,43.2853012084961,-8.87038803100586,"Female"
"6018402",371849,2025-05-26 15:40:33,43.2855834960938,-8.87042713165283,"Female"
"6018402",371849,2025-05-26 15:45:33,43.2852668762207,-8.87038803100586,"Female"
"6018402",371849,2025-05-26 15:50:33,43.2852592468262,-8.87045669555664,"Female"
"6018402",371849,2025-05-26 15:55:33,43.2852897644043,-8.87046527862549,"Female"
"6018402",371849,2025-05-26 16:00:33,43.2852592468262,-8.87045574188232,"Female"
"6018402",371849,2025-05-26 16:05:34,43.2852020263672,-8.87036228179932,"Female"
"6018402",371849,2025-05-26 16:10:33,43.2829360961914,-8.86530494689941,"Female"
"6018402",371849,2025-05-26 16:15:38,43.2834167480469,-8.86563873291016,"Female"
"6018402",371849,2025-05-26 16:20:34,43.2830810546875,-8.86523628234863,"Female"
"6018402",371849,2025-05-26 16:25:36,43.2828025817871,-8.86534023284912,"Female"
"6018402",371849,2025-05-26 16:30:35,43.2825889587402,-8.8652868270874,"Female"
"6018402",371849,2025-05-26 16:35:36,43.2826690673828,-8.86508464813232,"Female"
"6018402",371849,2025-05-26 16:40:38,43.278621673584,-8.86599063873291,"Female"
"6018402",371849,2025-05-26 16:45:35,43.278263092041,-8.86609649658203,"Female"
"6018402",371849,2025-05-26 16:50:37,43.2789039611816,-8.86657047271729,"Female"
"6018402",371849,2025-05-26 16:55:36,43.2806739807129,-8.86639976501465,"Female"
"6018402",371849,2025-05-26 17:00:36,43.2777481079102,-8.86130332946777,"Female"
"6018402",371849,2025-05-26 17:05:37,43.2779502868652,-8.8612585067749,"Female"
"6018402",371849,2025-05-26 17:10:36,43.2796630859375,-8.86915683746338,"Female"
"6018402",371849,2025-05-26 17:15:39,43.2776222229004,-8.86105728149414,"Female"
"6018402",371849,2025-05-26 17:20:41,43.2776985168457,-8.86068248748779,"Female"
"6018402",371849,2025-05-26 17:25:40,43.2777519226074,-8.86171340942383,"Female"
"6018402",371849,2025-05-26 17:30:36,43.2779579162598,-8.86151027679443,"Female"
"6018402",371849,2025-05-26 17:35:39,43.2780151367188,-8.86149787902832,"Female"
"6018402",371849,2025-05-26 17:40:34,43.276668548584,-8.86546421051025,"Female"
"6018402",371849,2025-05-26 17:46:01,43.2766609191895,-8.86553859710693,"Female"
"6018402",371849,2025-05-26 17:50:33,43.2765960693359,-8.86546325683594,"Female"
"6018402",371849,2025-05-26 17:55:34,43.2771110534668,-8.86288452148438,"Female"
"6018402",371849,2025-05-26 18:00:41,43.2791595458984,-8.86118602752686,"Female"
"6018402",371849,2025-05-26 18:05:34,43.2791442871094,-8.86129570007324,"Female"
"6018402",371849,2025-05-26 18:10:42,43.278076171875,-8.85845470428467,"Female"
"6018402",371849,2025-05-26 18:15:42,43.2902145385742,-8.86693000793457,"Female"
"6018402",371849,2025-05-26 18:20:34,43.2962760925293,-8.86476230621338,"Female"
"6018402",371849,2025-05-26 18:25:43,43.3109741210938,-8.84983158111572,"Female"
"6018402",371849,2025-05-26 18:30:35,43.3122291564941,-8.85151195526123,"Female"
"6018402",371849,2025-05-26 18:35:39,43.311351776123,-8.84958267211914,"Female"
"6018402",371849,2025-05-26 18:40:36,43.3111953735352,-8.84909057617188,"Female"
"6018402",371849,2025-05-26 18:45:39,43.3112449645996,-8.84951877593994,"Female"
"6018402",371849,2025-05-26 18:50:37,43.3112335205078,-8.8498363494873,"Female"
"6018402",371849,2025-05-26 18:55:38,43.3111915588379,-8.84986400604248,"Female"
"6018402",371849,2025-05-26 19:00:38,43.3112869262695,-8.84984683990479,"Female"
"6018402",371849,2025-05-26 19:05:34,43.3109893798828,-8.84937572479248,"Female"
"6018402",371849,2025-05-26 19:10:36,43.3111343383789,-8.84906005859375,"Female"
"6018402",371849,2025-05-26 19:15:36,43.3107757568359,-8.84775161743164,"Female"
"6018402",371849,2025-05-26 19:21:05,43.3099517822266,-8.84759140014648,"Female"
"6018402",371849,2025-05-26 19:25:36,43.3104515075684,-8.84644985198975,"Female"
"6018402",371849,2025-05-26 19:30:33,43.3100090026855,-8.8476619720459,"Female"
"6018402",371849,2025-05-26 19:35:33,43.3101615905762,-8.84764099121094,"Female"
"6018402",371849,2025-05-26 19:40:33,43.3139343261719,-8.85724353790283,"Female"
"6018402",371849,2025-05-26 19:45:33,43.3290061950684,-8.8488073348999,"Female"
"6018402",371849,2025-05-26 19:50:33,43.3427124023438,-8.83736991882324,"Female"
"6018402",371849,2025-05-26 19:55:32,43.3588485717773,-8.84622478485107,"Female"
"6018402",371849,2025-05-26 20:00:32,43.3577613830566,-8.84485340118408,"Female"
"6018402",371849,2025-05-26 20:05:32,43.3577423095703,-8.84482955932617,"Female"
"6018402",371849,2025-05-26 20:10:32,43.3577880859375,-8.84487247467041,"Female"
"6018402",371849,2025-05-26 20:15:32,43.3577461242676,-8.84485912322998,"Female"
"6018402",371849,2025-05-26 20:20:32,43.3578033447266,-8.8448657989502,"Female"
"6018402",371849,2025-05-26 20:25:33,43.3579788208008,-8.84526062011719,"Female"
"6018402",371849,2025-05-26 20:30:33,43.3580322265625,-8.84488868713379,"Female"
"6018402",371849,2025-05-26 20:35:36,43.358039855957,-8.8448657989502,"Female"
"6018402",371849,2025-05-26 20:40:36,43.3579139709473,-8.84491920471191,"Female"
"6018402",371849,2025-05-26 20:45:34,43.3580055236816,-8.84487342834473,"Female"
"6018402",371849,2025-05-26 20:50:34,43.3581657409668,-8.84480953216553,"Female"
"6018402",371849,2025-05-26 20:55:34,43.3580627441406,-8.84490013122559,"Female"
"6018402",371849,2025-05-26 21:00:33,43.3579788208008,-8.84500503540039,"Female"
"6018402",371849,2025-05-26 21:05:34,43.3579635620117,-8.84498405456543,"Female"
"6018402",371849,2025-05-26 21:10:33,43.3579940795898,-8.84499645233154,"Female"
"6018402",371849,2025-05-26 21:15:36,43.3579788208008,-8.84507656097412,"Female"
"6018402",371849,2025-05-26 21:20:34,43.3579597473145,-8.84506130218506,"Female"
"6018402",371849,2025-05-26 21:26:05,43.357852935791,-8.84498119354248,"Female"
"6018402",371849,2025-05-26 21:30:34,43.3578414916992,-8.84501171112061,"Female"
"6018402",371849,2025-05-26 21:35:42,43.3578224182129,-8.84484672546387,"Female"
"6018402",371849,2025-05-26 21:40:44,43.3578414916992,-8.84479331970215,"Female"
"6018402",371849,2025-05-26 21:45:34,43.3577919006348,-8.8449182510376,"Female"
"6018402",371849,2025-05-26 21:50:33,43.357967376709,-8.84471797943115,"Female"
"6018402",371849,2025-05-26 21:55:32,43.3578224182129,-8.84493827819824,"Female"
"6018402",371849,2025-05-26 22:00:33,43.357852935791,-8.84487724304199,"Female"
"6018402",371849,2025-05-26 22:05:32,43.3577842712402,-8.84493637084961,"Female"
"6018402",371849,2025-05-26 22:10:32,43.3578414916992,-8.84494113922119,"Female"
"6018402",371849,2025-05-26 22:15:32,43.3577880859375,-8.84495258331299,"Female"
"6018402",371849,2025-05-26 22:20:32,43.35791015625,-8.84491443634033,"Female"
"6018402",371849,2025-05-26 22:25:32,43.3578910827637,-8.84487152099609,"Female"
"6018402",371849,2025-05-26 22:30:32,43.3578186035156,-8.84496402740479,"Female"
"6018402",371849,2025-05-26 22:35:33,43.3577728271484,-8.84491062164307,"Female"
"6018402",371849,2025-05-26 22:40:33,43.3578262329102,-8.84484100341797,"Female"
"6018402",371849,2025-05-26 22:45:32,43.357852935791,-8.84486198425293,"Female"
"6018402",371849,2025-05-26 22:50:34,43.3578834533691,-8.8448486328125,"Female"
"6018402",371849,2025-05-26 22:55:33,43.3579788208008,-8.84483909606934,"Female"
"6018402",371849,2025-05-26 23:00:33,43.3579444885254,-8.84492111206055,"Female"
"6018402",371849,2025-05-26 23:05:33,43.3575019836426,-8.84465789794922,"Female"
"6018402",371849,2025-05-26 23:10:33,43.3577003479004,-8.84489059448242,"Female"
"6018402",371849,2025-05-26 23:15:33,43.3577842712402,-8.84492969512939,"Female"
"6018402",371849,2025-05-26 23:20:33,43.3578262329102,-8.84489345550537,"Female"
"6018402",371849,2025-05-26 23:25:34,43.3577728271484,-8.84495639801025,"Female"
"6018402",371849,2025-05-26 23:30:34,43.3577690124512,-8.84496879577637,"Female"
"6018402",371849,2025-05-26 23:35:34,43.3578567504883,-8.84514617919922,"Female"
"6018402",371849,2025-05-26 23:40:35,43.3578948974609,-8.84517765045166,"Female"
"6018402",371849,2025-05-26 23:45:35,43.3579063415527,-8.84508228302002,"Female"
"6018402",371849,2025-05-26 23:50:36,43.357666015625,-8.8447847366333,"Female"
"6018402",371849,2025-05-26 23:55:36,43.357852935791,-8.84528255462646,"Female"
"6018402",371849,2025-05-27 00:00:47,43.3577880859375,-8.84494972229004,"Female"
"6018402",371849,2025-05-27 00:05:40,43.3578720092773,-8.84472370147705,"Female"
"6018402",371849,2025-05-27 00:10:41,43.3577423095703,-8.84520053863525,"Female"
"6018402",371849,2025-05-27 00:15:41,43.3577728271484,-8.84510612487793,"Female"
"6018402",371849,2025-05-27 00:21:05,43.3577842712402,-8.84485816955566,"Female"
"6018402",371849,2025-05-27 00:25:33,43.3577880859375,-8.84492111206055,"Female"
"6018402",371849,2025-05-27 00:30:34,43.3577842712402,-8.84488773345947,"Female"
"6018402",371849,2025-05-27 00:35:36,43.3577880859375,-8.84489250183105,"Female"
"6018402",371849,2025-05-27 00:40:34,43.3577308654785,-8.84487533569336,"Female"
"6018402",371849,2025-05-27 00:45:36,43.3578834533691,-8.84489440917969,"Female"
"6018402",371849,2025-05-27 00:50:42,43.3577919006348,-8.84491920471191,"Female"
"6018402",371849,2025-05-27 00:55:37,43.3577995300293,-8.84490871429443,"Female"
"6018402",371849,2025-05-27 01:00:40,43.3578567504883,-8.84482192993164,"Female"
"6018402",371849,2025-05-27 01:05:39,43.3577995300293,-8.84496879577637,"Female"
"6018402",371849,2025-05-27 01:10:39,43.3578033447266,-8.8449239730835,"Female"
"6018402",371849,2025-05-27 01:15:39,43.3578071594238,-8.84497356414795,"Female"
"6018402",371849,2025-05-27 01:20:39,43.3578758239746,-8.84496021270752,"Female"
"6018402",371849,2025-05-27 01:25:39,43.3578796386719,-8.84499454498291,"Female"
"6018402",371849,2025-05-27 01:30:39,43.35791015625,-8.84498310089111,"Female"
"6018402",371849,2025-05-27 01:35:39,43.35791015625,-8.84501552581787,"Female"
"6018402",371849,2025-05-27 01:40:39,43.3577346801758,-8.84481811523438,"Female"
"6018402",371849,2025-05-27 01:45:47,43.3578567504883,-8.84499835968018,"Female"
"6018402",371849,2025-05-27 01:50:44,43.3579292297363,-8.84514617919922,"Female"
"6018402",371849,2025-05-27 01:55:47,43.3578834533691,-8.84496402740479,"Female"
"6018402",371849,2025-05-27 02:01:05,43.3577919006348,-8.84481430053711,"Female"
"6018402",371849,2025-05-27 02:05:32,43.3577766418457,-8.84484672546387,"Female"
"6018402",371849,2025-05-27 02:10:32,43.3577651977539,-8.84481239318848,"Female"
"6018402",371849,2025-05-27 02:15:32,43.3577880859375,-8.84491920471191,"Female"
"6018402",371849,2025-05-27 02:20:32,43.3578147888184,-8.84491443634033,"Female"
"6018402",371849,2025-05-27 02:25:33,43.357837677002,-8.84492969512939,"Female"
"6018402",371849,2025-05-27 02:30:35,43.3578033447266,-8.84494781494141,"Female"
"6018402",371849,2025-05-27 02:35:37,43.3578262329102,-8.84498023986816,"Female"
"6018402",371849,2025-05-27 02:40:35,43.3578681945801,-8.84495449066162,"Female"
"6018402",371849,2025-05-27 02:45:33,43.3578910827637,-8.84494209289551,"Female"
"6018402",371849,2025-05-27 02:50:35,43.357852935791,-8.84506320953369,"Female"
"6018402",371849,2025-05-27 02:55:38,43.3579177856445,-8.84478855133057,"Female"
"6018402",371849,2025-05-27 03:00:38,43.3578758239746,-8.84484958648682,"Female"
"6018402",371849,2025-05-27 03:05:39,43.3578300476074,-8.84484481811523,"Female"
"6018402",371849,2025-05-27 03:10:33,43.3578033447266,-8.845046043396,"Female"
"6018402",371849,2025-05-27 03:15:34,43.3578414916992,-8.84477710723877,"Female"
"6018402",371849,2025-05-27 03:20:33,43.3578186035156,-8.84485149383545,"Female"
"6018402",371849,2025-05-27 03:25:33,43.3578643798828,-8.84485530853271,"Female"
"6018402",371849,2025-05-27 03:30:34,43.3578758239746,-8.8448429107666,"Female"
"6018402",371849,2025-05-27 03:35:34,43.3579139709473,-8.84481716156006,"Female"
"6018402",371849,2025-05-27 03:40:36,43.3579139709473,-8.84487915039062,"Female"
"6018402",371849,2025-05-27 03:45:34,43.3577346801758,-8.84480381011963,"Female"
"6018402",371849,2025-05-27 03:50:33,43.3575706481934,-8.84488201141357,"Female"
"6018402",371849,2025-05-27 03:55:34,43.3578071594238,-8.8448429107666,"Female"
"6018402",371849,2025-05-27 04:00:33,43.3578109741211,-8.84491920471191,"Female"
"6018402",371849,2025-05-27 04:05:33,43.3579750061035,-8.84503936767578,"Female"
"6018402",371849,2025-05-27 04:10:33,43.357837677002,-8.84493350982666,"Female"
"6018402",371849,2025-05-27 04:15:36,43.3579635620117,-8.8449649810791,"Female"
"6018402",371849,2025-05-27 04:20:36,43.3579139709473,-8.84495639801025,"Female"
"6018402",371849,2025-05-27 04:25:37,43.3578414916992,-8.84493827819824,"Female"
"6018402",371849,2025-05-27 04:30:42,43.3577461242676,-8.84485054016113,"Female"
"6018402",371849,2025-05-27 04:35:34,43.3577842712402,-8.84490299224854,"Female"
"6018402",371849,2025-05-27 04:40:40,43.3576393127441,-8.84476566314697,"Female"
"6018402",371849,2025-05-27 04:45:34,43.357593536377,-8.84470748901367,"Female"
"6018402",371849,2025-05-27 04:50:34,43.3575820922852,-8.8446683883667,"Female"
"6018402",371849,2025-05-27 04:55:34,43.3575325012207,-8.84461784362793,"Female"
"6018402",371849,2025-05-27 05:00:39,43.357608795166,-8.84471702575684,"Female"
"6018402",371849,2025-05-27 05:05:34,43.3577194213867,-8.84482097625732,"Female"
"6018402",371849,2025-05-27 05:10:36,43.3576316833496,-8.84477043151855,"Female"
"6018402",371849,2025-05-27 05:15:42,43.3578758239746,-8.8449649810791,"Female"
"6018402",371849,2025-05-27 05:20:39,43.3578643798828,-8.84500026702881,"Female"
"6018402",371849,2025-05-27 05:25:41,43.3574638366699,-8.84455394744873,"Female"
"6018402",371849,2025-05-27 05:30:39,43.3576583862305,-8.84486293792725,"Female"
"6018402",371849,2025-05-27 05:35:43,43.357593536377,-8.84475040435791,"Female"
"6018402",371849,2025-05-27 05:40:43,43.3574409484863,-8.84455680847168,"Female"
"6018402",371849,2025-05-27 05:45:45,43.3579177856445,-8.84507465362549,"Female"
"6018402",371849,2025-05-27 05:50:39,43.3578300476074,-8.84496879577637,"Female"
"6018402",371849,2025-05-27 05:55:39,43.3577919006348,-8.84494686126709,"Female"
"6018402",371849,2025-05-27 06:00:40,43.3577613830566,-8.84493541717529,"Female"
"6018402",371849,2025-05-27 06:05:41,43.3577690124512,-8.84495544433594,"Female"
"6018402",371849,2025-05-27 06:11:03,43.3577613830566,-8.84496402740479,"Female"
"6018402",371849,2025-05-27 06:15:32,43.3577766418457,-8.84492969512939,"Female"
"6018402",371849,2025-05-27 06:20:32,43.3577346801758,-8.84494972229004,"Female"
"6018402",371849,2025-05-27 06:25:32,43.3577308654785,-8.84485340118408,"Female"
"6018402",371849,2025-05-27 06:30:32,43.3577499389648,-8.84489917755127,"Female"
"6018402",371849,2025-05-27 06:35:33,43.357738494873,-8.84492111206055,"Female"
"6018402",371849,2025-05-27 06:40:32,43.3577766418457,-8.84482669830322,"Female"
"6018402",371849,2025-05-27 06:45:33,43.3577728271484,-8.84482479095459,"Female"
"6018402",371849,2025-05-27 06:50:32,43.3577575683594,-8.84488964080811,"Female"
"6018402",371849,2025-05-27 06:55:32,43.3577499389648,-8.84483909606934,"Female"
"6018402",371849,2025-05-27 07:00:33,43.3577537536621,-8.84488010406494,"Female"
"6018402",371849,2025-05-27 07:05:33,43.3577880859375,-8.84482288360596,"Female"
"6018402",371849,2025-05-27 07:10:32,43.357738494873,-8.84479999542236,"Female"
"6018402",371849,2025-05-27 07:15:34,43.357738494873,-8.8448600769043,"Female"
"6018402",371849,2025-05-27 07:20:33,43.3577194213867,-8.84487342834473,"Female"
"6018402",371849,2025-05-27 07:25:36,43.3577690124512,-8.84488582611084,"Female"
"6018402",371849,2025-05-27 07:30:38,43.3577919006348,-8.84486961364746,"Female"
"6018402",371849,2025-05-27 07:35:37,43.3577842712402,-8.844895362854,"Female"
"6018402",371849,2025-05-27 07:40:36,43.3577880859375,-8.84488201141357,"Female"
"6018402",371849,2025-05-27 07:45:34,43.3577461242676,-8.84495449066162,"Female"
"6018402",371849,2025-05-27 07:50:33,43.3577537536621,-8.84492206573486,"Female"
"6018402",371849,2025-05-27 07:55:33,43.3577194213867,-8.8449010848999,"Female"
"6018402",371849,2025-05-27 08:00:44,43.3580284118652,-8.84512329101562,"Female"
"6018402",371849,2025-05-27 08:05:36,43.3580780029297,-8.84528064727783,"Female"
"6018402",371849,2025-05-27 08:10:34,43.3580780029297,-8.84534072875977,"Female"
"6018402",371849,2025-05-27 08:15:39,43.3582534790039,-8.8457202911377,"Female"
"6018402",371849,2025-05-27 08:20:39,43.3583946228027,-8.84600639343262,"Female"
"6018402",371849,2025-05-27 08:25:37,43.3583068847656,-8.84590339660645,"Female"
"6018402",371849,2025-05-27 08:30:37,43.3582496643066,-8.84572410583496,"Female"
"6018402",371849,2025-05-27 08:35:36,43.3583030700684,-8.84582996368408,"Female"
"6018402",371849,2025-05-27 08:40:39,43.3581047058105,-8.84535980224609,"Female"
"6018402",371849,2025-05-27 08:45:46,43.3579368591309,-8.84510517120361,"Female"
"6018402",371849,2025-05-27 08:50:35,43.3578262329102,-8.84537506103516,"Female"
"6018402",371849,2025-05-27 08:55:39,43.3580856323242,-8.84564208984375,"Female"
"6018402",371849,2025-05-27 09:01:05,43.3578758239746,-8.8450813293457,"Female"
"6018402",371849,2025-05-27 09:05:32,43.357837677002,-8.84486484527588,"Female"
"6018402",371849,2025-05-27 09:10:33,43.3578491210938,-8.84486961364746,"Female"
"6018402",371849,2025-05-27 09:15:32,43.357795715332,-8.84491539001465,"Female"
"6018402",371849,2025-05-27 09:20:33,43.3577766418457,-8.84491348266602,"Female"
"6018402",371849,2025-05-27 09:25:33,43.3577690124512,-8.84483528137207,"Female"
"6018402",371849,2025-05-27 09:30:33,43.3459968566895,-8.84770107269287,"Female"
"6018402",371849,2025-05-27 09:35:32,43.3239059448242,-8.85458660125732,"Female"
"6018402",371849,2025-05-27 09:40:32,43.313362121582,-8.84340286254883,"Female"
"6018402",371849,2025-05-27 09:45:33,43.3126907348633,-8.84612083435059,"Female"
"6018402",371849,2025-05-27 09:50:33,43.3126792907715,-8.8461275100708,"Female"
"6018402",371849,2025-05-27 09:55:33,43.312313079834,-8.84644794464111,"Female"
"6018402",371849,2025-05-27 10:00:34,43.3130531311035,-8.84363555908203,"Female"
"6018402",371849,2025-05-27 10:05:33,43.313117980957,-8.84370899200439,"Female"
"6018402",371849,2025-05-27 10:10:33,43.3129997253418,-8.84379005432129,"Female"
"6018402",371849,2025-05-27 10:15:32,43.3122749328613,-8.84423542022705,"Female"
"6018402",371849,2025-05-27 10:20:33,43.3123588562012,-8.84534358978271,"Female"
"6018402",371849,2025-05-27 10:25:32,43.312385559082,-8.84527778625488,"Female"
"6018402",371849,2025-05-27 10:30:33,43.3124732971191,-8.84522247314453,"Female"
"6018402",371849,2025-05-27 10:35:33,43.3123588562012,-8.84509468078613,"Female"
"6018402",371849,2025-05-27 10:40:33,43.312370300293,-8.84506511688232,"Female"
"6018402",371849,2025-05-27 10:45:32,43.3126945495605,-8.84494781494141,"Female"
"6018402",371849,2025-05-27 10:50:34,43.3128623962402,-8.84397602081299,"Female"
"6018402",371849,2025-05-27 10:55:33,43.3138084411621,-8.84337520599365,"Female"
"6018402",371849,2025-05-27 11:00:33,43.3137435913086,-8.84326076507568,"Female"
"6018402",371849,2025-05-27 11:05:36,43.3099021911621,-8.85256290435791,"Female"
"6018402",371849,2025-05-27 11:10:31,43.3107681274414,-8.86969757080078,"Female"
"6018402",371849,2025-05-27 11:15:36,43.3101005554199,-8.86861991882324,"Female"
"6018402",371849,2025-05-27 11:20:33,43.3060073852539,-8.85444164276123,"Female"
"6018402",371849,2025-05-27 11:25:35,43.3138961791992,-8.84361553192139,"Female"
"6018402",371849,2025-05-27 11:30:33,43.3137397766113,-8.84326934814453,"Female"
"6018402",371849,2025-05-27 11:35:33,43.3140449523926,-8.84404754638672,"Female"
"6018402",371849,2025-05-27 11:40:34,43.3139686584473,-8.84360885620117,"Female"
"6018402",371849,2025-05-27 11:45:33,43.3141860961914,-8.84356117248535,"Female"
"6018402",371849,2025-05-27 11:50:33,43.3143196105957,-8.84363555908203,"Female"
"6018402",371849,2025-05-27 11:55:33,43.3140983581543,-8.84351444244385,"Female"
"6018402",371849,2025-05-27 12:00:35,43.3139953613281,-8.84382629394531,"Female"
"6018402",371849,2025-05-27 12:05:44,43.3139762878418,-8.8434591293335,"Female"
"6018402",371849,2025-05-27 12:11:04,43.3138885498047,-8.84370422363281,"Female"
"6018402",371849,2025-05-27 12:15:33,43.3137893676758,-8.84390068054199,"Female"
"6018402",371849,2025-05-27 12:20:33,43.3137092590332,-8.84396266937256,"Female"
"6018402",371849,2025-05-27 12:25:33,43.313720703125,-8.84382247924805,"Female"
"6018402",371849,2025-05-27 12:30:34,43.3144340515137,-8.85696792602539,"Female"
"6018402",371849,2025-05-27 12:35:38,43.3144111633301,-8.85680866241455,"Female"
"6018402",371849,2025-05-27 12:40:38,43.3145141601562,-8.85675716400146,"Female"
"6018402",371849,2025-05-27 12:45:34,43.314510345459,-8.85687160491943,"Female"
"6018402",371849,2025-05-27 12:50:34,43.314510345459,-8.85679817199707,"Female"
"6018402",371849,2025-05-27 12:55:34,43.3144874572754,-8.85686111450195,"Female"
"6018402",371849,2025-05-27 13:00:37,43.3144950866699,-8.8569507598877,"Female"
"6018402",371849,2025-05-27 13:05:39,43.3145332336426,-8.85686683654785,"Female"
"6018402",371849,2025-05-27 13:10:43,43.3144798278809,-8.85690784454346,"Female"
"6018402",371849,2025-05-27 13:15:39,43.3147735595703,-8.85696506500244,"Female"
"6018402",371849,2025-05-27 13:20:50,43.3148155212402,-8.85691928863525,"Female"
"6018402",371849,2025-05-27 13:25:40,43.3146018981934,-8.85690689086914,"Female"
"6018402",371849,2025-05-27 13:30:34,43.3147506713867,-8.85689353942871,"Female"
"6018402",371849,2025-05-27 13:35:38,43.3179740905762,-8.84232234954834,"Female"
"6018402",371849,2025-05-27 13:40:39,43.2898445129395,-8.83248805999756,"Female"
"6018402",371849,2025-05-27 13:45:40,43.2856979370117,-8.81500720977783,"Female"
"6018402",371849,2025-05-27 13:50:38,43.2860984802246,-8.81532287597656,"Female"
"6018402",371849,2025-05-27 13:55:34,43.2858543395996,-8.81551933288574,"Female"
"6018402",371849,2025-05-27 14:01:05,43.2856864929199,-8.81546497344971,"Female"
"6018402",371849,2025-05-27 14:05:33,43.2856559753418,-8.81473064422607,"Female"
"6018402",371849,2025-05-27 14:10:33,43.2856788635254,-8.81515884399414,"Female"
"6018402",371849,2025-05-27 14:15:33,43.2854537963867,-8.81526565551758,"Female"
"6018402",371849,2025-05-27 14:20:33,43.2853469848633,-8.81509971618652,"Female"
"6018402",371849,2025-05-27 14:25:33,43.2854423522949,-8.81502914428711,"Female"
"6018402",371849,2025-05-27 14:30:34,43.2854919433594,-8.81478309631348,"Female"
"6018402",371849,2025-05-27 14:35:35,43.2854919433594,-8.81485366821289,"Female"
"6018402",371849,2025-05-27 14:40:38,43.2843894958496,-8.82187080383301,"Female"
"6018402",371849,2025-05-27 14:45:34,43.2892723083496,-8.84675979614258,"Female"
"6018402",371849,2025-05-27 14:50:37,43.2847862243652,-8.85638904571533,"Female"
"6018402",371849,2025-05-27 14:55:34,43.284725189209,-8.85602188110352,"Female"
"6018402",371849,2025-05-27 15:00:34,43.2854881286621,-8.85973167419434,"Female"
"6018402",371849,2025-05-27 15:05:34,43.2996864318848,-8.8547887802124,"Female"
"6018402",371849,2025-05-27 15:10:36,43.316291809082,-8.83480262756348,"Female"
"6018402",371849,2025-05-27 15:15:34,43.3161926269531,-8.83514213562012,"Female"
"6018402",371849,2025-05-27 15:20:34,43.3167991638184,-8.83479690551758,"Female"
"6018402",371849,2025-05-27 15:25:35,43.3164672851562,-8.83498287200928,"Female"
"6018402",371849,2025-05-27 15:30:33,43.3163871765137,-8.83496952056885,"Female"
"6018402",371849,2025-05-27 15:35:34,43.3159790039062,-8.83969593048096,"Female"
"6018402",371849,2025-05-27 15:40:34,43.3141860961914,-8.84499263763428,"Female"
"6018402",371849,2025-05-27 15:45:34,43.3141593933105,-8.84477806091309,"Female"
"6018402",371849,2025-05-27 15:50:34,43.3142242431641,-8.84505081176758,"Female"
"6018402",371849,2025-05-27 15:55:37,43.3141975402832,-8.8447380065918,"Female"
"6018402",371849,2025-05-27 16:00:34,43.3143157958984,-8.84458541870117,"Female"
"6018402",371849,2025-05-27 16:05:34,43.3142318725586,-8.84470558166504,"Female"
"6018402",371849,2025-05-27 16:10:35,43.31591796875,-8.84553241729736,"Female"
"6018402",371849,2025-05-27 16:15:34,43.3041229248047,-8.86198139190674,"Female"
"6018402",371849,2025-05-27 16:21:05,43.3041343688965,-8.86195850372314,"Female"
"6018402",371849,2025-05-27 16:25:34,43.3041191101074,-8.86220169067383,"Female"
"6018402",371849,2025-05-27 16:30:34,43.303825378418,-8.86165714263916,"Female"
"6018402",371849,2025-05-27 16:35:34,43.3137435913086,-8.85688018798828,"Female"
"6018402",371849,2025-05-27 16:40:34,43.3145790100098,-8.85727977752686,"Female"
"6018402",371849,2025-05-27 16:45:34,43.3143577575684,-8.8569974899292,"Female"
"6018402",371849,2025-05-27 16:50:34,43.3144111633301,-8.85707092285156,"Female"
"6018402",371849,2025-05-27 16:55:34,43.3143997192383,-8.8570728302002,"Female"
"6018402",371849,2025-05-27 17:00:34,43.314453125,-8.85707664489746,"Female"
"6018402",371849,2025-05-27 17:05:33,43.3130989074707,-8.85709571838379,"Female"
"6018402",371849,2025-05-27 17:10:34,43.3068809509277,-8.86063671112061,"Female"
"6018402",371849,2025-05-27 17:15:34,43.2813529968262,-8.86287498474121,"Female"
"6018402",371849,2025-05-27 17:20:35,43.289192199707,-8.84033012390137,"Female"
"6018402",371849,2025-05-27 17:25:36,43.2904090881348,-8.84452247619629,"Female"
"6018402",371849,2025-05-27 17:30:38,43.3108139038086,-8.85640716552734,"Female"
"6018402",371849,2025-05-27 17:35:34,43.3046684265137,-8.86076927185059,"Female"
"6018402",371849,2025-05-27 17:40:41,43.3036155700684,-8.86187648773193,"Female"
"6018402",371849,2025-05-27 17:45:34,43.3040084838867,-8.86223697662354,"Female"
"6018402",371849,2025-05-27 17:50:34,43.3037719726562,-8.86178588867188,"Female"
"6018402",371849,2025-05-27 17:55:36,43.3103981018066,-8.8582124710083,"Female"
"6018402",371849,2025-05-27 18:01:05,43.3164863586426,-8.86042976379395,"Female"
"6018402",371849,2025-05-27 18:05:34,43.3164825439453,-8.8603982925415,"Female"
"6018402",371849,2025-05-27 18:10:33,43.3164329528809,-8.86034202575684,"Female"
"6018402",371849,2025-05-27 18:15:33,43.316463470459,-8.86029624938965,"Female"
"6018402",371849,2025-05-27 18:20:33,43.3165092468262,-8.86034774780273,"Female"
"6018402",371849,2025-05-27 18:25:34,43.3315887451172,-8.84676742553711,"Female"
"6018402",371849,2025-05-27 18:30:33,43.3561363220215,-8.84639549255371,"Female"
"6018402",371849,2025-05-27 18:35:33,43.3578567504883,-8.84518337249756,"Female"
"6018402",371849,2025-05-27 18:40:33,43.3578033447266,-8.84518432617188,"Female"
"6018402",371849,2025-05-27 18:45:33,43.3579025268555,-8.84508419036865,"Female"
"6018402",371849,2025-05-27 18:50:33,43.3578453063965,-8.84511184692383,"Female"
"6018402",371849,2025-05-27 18:55:36,43.3578491210938,-8.84511661529541,"Female"
"6018402",371849,2025-05-27 19:00:33,43.3578834533691,-8.84513187408447,"Female"
"6018402",371849,2025-05-27 19:05:53,43.3578872680664,-8.84514904022217,"Female"
"6018402",371849,2025-05-27 19:10:39,43.3579025268555,-8.84509181976318,"Female"
"6018402",371849,2025-05-27 19:16:05,43.3579216003418,-8.84506320953369,"Female"
"6018402",371849,2025-05-27 19:20:33,43.3579292297363,-8.84499645233154,"Female"
"6018402",371849,2025-05-27 19:26:05,43.3578834533691,-8.84489440917969,"Female"
"6018402",371849,2025-05-27 19:30:33,43.357738494873,-8.84475708007812,"Female"
"6018402",371849,2025-05-27 19:35:33,43.3577995300293,-8.84487056732178,"Female"
"6018402",371849,2025-05-27 19:40:34,43.3577842712402,-8.84475326538086,"Female"
"6018402",371849,2025-05-27 19:45:33,43.357837677002,-8.84475326538086,"Female"
"6018402",371849,2025-05-27 19:50:33,43.3577690124512,-8.84493255615234,"Female"
"6018402",371849,2025-05-27 19:55:33,43.3577041625977,-8.84485816955566,"Female"
"6018402",371849,2025-05-27 20:00:33,43.3576965332031,-8.8448314666748,"Female"
"6018402",371849,2025-05-27 20:05:33,43.3577423095703,-8.84484672546387,"Female"
"6018402",371849,2025-05-27 20:10:33,43.357795715332,-8.84499073028564,"Female"
"6018402",371849,2025-05-27 20:15:34,43.3576393127441,-8.84484004974365,"Female"
"6018402",371849,2025-05-27 20:20:33,43.3576622009277,-8.84472465515137,"Female"
"6018402",371849,2025-05-27 20:25:34,43.3577461242676,-8.84478282928467,"Female"
"6018402",371849,2025-05-27 20:30:33,43.3576583862305,-8.8446626663208,"Female"
"6018402",371849,2025-05-27 20:35:36,43.3575859069824,-8.84465408325195,"Female"
"6018402",371849,2025-05-27 20:40:34,43.3579483032227,-8.8450927734375,"Female"
"6018402",371849,2025-05-27 20:45:34,43.3579406738281,-8.84521675109863,"Female"
"6018402",371849,2025-05-27 20:50:34,43.3578109741211,-8.84496116638184,"Female"
"6018402",371849,2025-05-27 20:55:34,43.3579940795898,-8.84531593322754,"Female"
"6018402",371849,2025-05-27 21:00:38,43.3578109741211,-8.84491062164307,"Female"
"6018402",371849,2025-05-27 21:05:34,43.3578643798828,-8.8450870513916,"Female"
"6018402",371849,2025-05-27 21:11:05,43.3578033447266,-8.84492969512939,"Female"
"6018402",371849,2025-05-27 21:15:33,43.3577728271484,-8.84496784210205,"Female"
"6018402",371849,2025-05-27 21:20:33,43.3578186035156,-8.84487819671631,"Female"
"6018402",371849,2025-05-27 21:25:33,43.3577651977539,-8.84495639801025,"Female"
"6018402",371849,2025-05-27 21:30:34,43.357780456543,-8.84494113922119,"Female"
"6018402",371849,2025-05-27 21:35:40,43.3577842712402,-8.84495162963867,"Female"
"6018402",371849,2025-05-27 21:40:35,43.3577919006348,-8.84492492675781,"Female"
"6018402",371849,2025-05-27 21:45:34,43.3577194213867,-8.84478664398193,"Female"
"6018402",371849,2025-05-27 21:50:35,43.3577575683594,-8.84480857849121,"Female"
"6018402",371849,2025-05-27 21:55:34,43.3577156066895,-8.84479904174805,"Female"
"6018402",371849,2025-05-27 22:00:40,43.3577270507812,-8.84479713439941,"Female"
"6018402",371849,2025-05-27 22:05:37,43.3577117919922,-8.84474468231201,"Female"
"6018402",371849,2025-05-27 22:10:33,43.3577461242676,-8.84478092193604,"Female"
"6018402",371849,2025-05-27 22:15:34,43.3577880859375,-8.84481048583984,"Female"
"6018402",371849,2025-05-27 22:20:34,43.3577308654785,-8.84482002258301,"Female"
"6018402",371849,2025-05-27 22:25:36,43.3577423095703,-8.84473514556885,"Female"
"6018402",371849,2025-05-27 22:30:34,43.3577690124512,-8.84501838684082,"Female"
"6018402",371849,2025-05-27 22:35:44,43.357723236084,-8.84486103057861,"Female"
"6018402",371849,2025-05-27 22:40:34,43.3577690124512,-8.84489345550537,"Female"
"6018402",371849,2025-05-27 22:45:35,43.357780456543,-8.84474086761475,"Female"
"6018402",371849,2025-05-27 22:50:39,43.3578681945801,-8.84511470794678,"Female"
"6018402",371849,2025-05-27 22:55:36,43.3577613830566,-8.84500217437744,"Female"
"6018402",371849,2025-05-27 23:00:38,43.3578605651855,-8.84501647949219,"Female"
"6018402",371849,2025-05-27 23:05:39,43.3578910827637,-8.84505558013916,"Female"
"6018402",371849,2025-05-27 23:10:39,43.3578071594238,-8.84498500823975,"Female"
"6018402",371849,2025-05-27 23:15:39,43.3578758239746,-8.84508800506592,"Female"
"6018402",371849,2025-05-27 23:21:05,43.3577308654785,-8.84484481811523,"Female"
"6018402",371849,2025-05-27 23:25:33,43.3577919006348,-8.84498310089111,"Female"
"6018402",371849,2025-05-27 23:30:36,43.3577461242676,-8.84464931488037,"Female"
"6018402",371849,2025-05-27 23:35:34,43.3581237792969,-8.8455867767334,"Female"
"6018402",371849,2025-05-27 23:40:36,43.357780456543,-8.84487533569336,"Female"
"6018402",371849,2025-05-27 23:45:36,43.357837677002,-8.84484386444092,"Female"
"6018402",371849,2025-05-27 23:50:35,43.3571548461914,-8.84282112121582,"Female"
"6018402",371849,2025-05-27 23:55:34,43.3573837280273,-8.84339427947998,"Female"
"6018402",371849,2025-05-28 00:01:05,43.357837677002,-8.84487819671631,"Female"
"6018402",371849,2025-05-28 00:05:33,43.3577919006348,-8.8448657989502,"Female"
"6018402",371849,2025-05-28 00:10:33,43.3576965332031,-8.84491920471191,"Female"
"6018402",371849,2025-05-28 00:15:34,43.3577690124512,-8.84491062164307,"Female"
"6018402",371849,2025-05-28 00:20:33,43.3577499389648,-8.84490013122559,"Female"
"6018402",371849,2025-05-28 00:25:33,43.3577880859375,-8.84487819671631,"Female"
"6018402",371849,2025-05-28 00:30:33,43.3577537536621,-8.84492588043213,"Female"
"6018402",371849,2025-05-28 00:35:33,43.3576774597168,-8.84489917755127,"Female"
"6018402",371849,2025-05-28 00:40:33,43.3577766418457,-8.84483528137207,"Female"
"6018402",371849,2025-05-28 00:45:33,43.3577003479004,-8.84498310089111,"Female"
"6018402",371849,2025-05-28 00:50:33,43.3577575683594,-8.8449010848999,"Female"
"6018402",371849,2025-05-28 00:55:33,43.3577690124512,-8.84489822387695,"Female"
"6018402",371849,2025-05-28 01:00:33,43.3577880859375,-8.8448486328125,"Female"
"6018402",371849,2025-05-28 01:05:34,43.3577461242676,-8.84489727020264,"Female"
"6018402",371849,2025-05-28 01:10:34,43.3577613830566,-8.84498119354248,"Female"
"6018402",371849,2025-05-28 01:15:34,43.3577117919922,-8.84487724304199,"Female"
"6018402",371849,2025-05-28 01:20:33,43.3577575683594,-8.84494113922119,"Female"
"6018402",371849,2025-05-28 01:25:35,43.3577995300293,-8.8449592590332,"Female"
"6018402",371849,2025-05-28 01:30:32,43.3577613830566,-8.84485054016113,"Female"
"6018402",371849,2025-05-28 01:35:36,43.3577651977539,-8.84501075744629,"Female"
"6018402",371849,2025-05-28 01:40:33,43.3577690124512,-8.84499073028564,"Female"
"6018402",371849,2025-05-28 01:45:35,43.3576507568359,-8.84489917755127,"Female"
"6018402",371849,2025-05-28 01:50:36,43.3577919006348,-8.84492874145508,"Female"
"6018402",371849,2025-05-28 01:55:33,43.357837677002,-8.84484672546387,"Female"
"6018402",371849,2025-05-28 02:00:33,43.3577690124512,-8.84500217437744,"Female"
"6018402",371849,2025-05-28 02:05:33,43.3578605651855,-8.84502410888672,"Female"
"6018402",371849,2025-05-28 02:10:36,43.3578491210938,-8.84495162963867,"Female"
"6018402",371849,2025-05-28 02:15:43,43.3578147888184,-8.84497737884521,"Female"
"6018402",371849,2025-05-28 02:20:33,43.3578071594238,-8.84497261047363,"Female"
"6018402",371849,2025-05-28 02:25:35,43.357780456543,-8.84498500823975,"Female"
"6018402",371849,2025-05-28 02:30:33,43.3577423095703,-8.84514904022217,"Female"
"6018402",371849,2025-05-28 02:35:36,43.3578224182129,-8.84504985809326,"Female"
"6018402",371849,2025-05-28 02:40:37,43.357738494873,-8.84510040283203,"Female"
"6018402",371849,2025-05-28 02:45:47,43.3580589294434,-8.84475040435791,"Female"
"6018402",371849,2025-05-28 02:51:13,43.3578796386719,-8.844801902771,"Female"
"6018402",371849,2025-05-28 02:55:38,43.3578643798828,-8.84477710723877,"Female"
"6018402",371849,2025-05-28 03:00:33,43.3578186035156,-8.84481811523438,"Female"
"6018402",371849,2025-05-28 03:05:37,43.3578414916992,-8.84484100341797,"Female"
"6018402",371849,2025-05-28 03:10:32,43.3578872680664,-8.84492874145508,"Female"
"6018402",371849,2025-05-28 03:15:32,43.3580284118652,-8.84494972229004,"Female"
"6018402",371849,2025-05-28 03:20:32,43.3580589294434,-8.84518718719482,"Female"
"6018402",371849,2025-05-28 03:25:33,43.3578872680664,-8.84487152099609,"Female"
"6018402",371849,2025-05-28 03:30:33,43.3578147888184,-8.84479713439941,"Female"
"6018402",371849,2025-05-28 03:35:32,43.3581886291504,-8.84485721588135,"Female"
"6018402",371849,2025-05-28 03:40:33,43.3578186035156,-8.84483528137207,"Female"
"6018402",371849,2025-05-28 03:45:43,43.3580322265625,-8.84496593475342,"Female"
"6018402",371849,2025-05-28 03:50:37,43.3579483032227,-8.84498023986816,"Female"
"6018402",371849,2025-05-28 03:55:33,43.357967376709,-8.84495258331299,"Female"
"6018402",371849,2025-05-28 04:00:44,43.3577537536621,-8.84484100341797,"Female"
"6018402",371849,2025-05-28 04:05:38,43.3577575683594,-8.84479904174805,"Female"
"6018402",371849,2025-05-28 04:10:37,43.3577003479004,-8.84473705291748,"Female"
"6018402",371849,2025-05-28 04:15:38,43.3577651977539,-8.84479999542236,"Female"
"6018402",371849,2025-05-28 04:20:39,43.3576736450195,-8.8447380065918,"Female"
"6018402",371849,2025-05-28 04:25:39,43.3576622009277,-8.84471607208252,"Female"
"6018402",371849,2025-05-28 04:30:39,43.3576850891113,-8.84474849700928,"Female"
"6018402",371849,2025-05-28 04:35:40,43.3577651977539,-8.84482669830322,"Female"
"6018402",371849,2025-05-28 04:40:46,43.3577079772949,-8.8447208404541,"Female"
"6018402",371849,2025-05-28 04:46:14,43.357738494873,-8.84476947784424,"Female"
"6018402",371849,2025-05-28 04:50:36,43.3576049804688,-8.84459114074707,"Female"
"6018402",371849,2025-05-28 04:55:36,43.3578414916992,-8.84493446350098,"Female"
"6018402",371849,2025-05-28 05:00:38,43.3576354980469,-8.84468364715576,"Female"
"6018402",371849,2025-05-28 05:05:40,43.3578872680664,-8.8449182510376,"Female"
"6018402",371849,2025-05-28 05:10:37,43.3579444885254,-8.84508037567139,"Female"
"6018402",371849,2025-05-28 05:15:38,43.3578033447266,-8.84498119354248,"Female"
"6018402",371849,2025-05-28 05:20:35,43.3574104309082,-8.84458065032959,"Female"
"6018402",371849,2025-05-28 05:25:39,43.3578910827637,-8.84501934051514,"Female"
"6018402",371849,2025-05-28 05:31:05,43.3577842712402,-8.84492683410645,"Female"
"6018402",371849,2025-05-28 05:35:32,43.3577499389648,-8.84492492675781,"Female"
"6018402",371849,2025-05-28 05:40:32,43.3577728271484,-8.84491920471191,"Female"
"6018402",371849,2025-05-28 05:45:32,43.3577690124512,-8.84491920471191,"Female"
"6018402",371849,2025-05-28 05:50:32,43.3578453063965,-8.84485816955566,"Female"
"6018402",371849,2025-05-28 05:55:32,43.357738494873,-8.84493064880371,"Female"
"6018402",371849,2025-05-28 06:00:33,43.357795715332,-8.8449878692627,"Female"
"6018402",371849,2025-05-28 06:05:35,43.3577690124512,-8.84487247467041,"Female"
"6018402",371849,2025-05-28 06:10:33,43.3577651977539,-8.84488964080811,"Female"
"6018402",371849,2025-05-28 06:15:32,43.3578033447266,-8.84484195709229,"Female"
"6018402",371849,2025-05-28 06:20:32,43.3578338623047,-8.84502696990967,"Female"
"6018402",371849,2025-05-28 06:25:32,43.3577728271484,-8.84477424621582,"Female"
"6018402",371849,2025-05-28 06:30:33,43.3577728271484,-8.84484577178955,"Female"
"6018402",371849,2025-05-28 06:35:33,43.357852935791,-8.84485626220703,"Female"
"6018402",371849,2025-05-28 06:40:33,43.3577537536621,-8.84486961364746,"Female"
"6018402",371849,2025-05-28 06:45:33,43.3578033447266,-8.84481716156006,"Female"
"6018402",371849,2025-05-28 06:50:32,43.3577842712402,-8.84484004974365,"Female"
"6018402",371849,2025-05-28 06:55:32,43.357780456543,-8.84487152099609,"Female"
"6018402",371849,2025-05-28 07:00:32,43.3577919006348,-8.84499073028564,"Female"
"6018402",371849,2025-05-28 07:05:32,43.3577499389648,-8.84493541717529,"Female"
"6018402",371849,2025-05-28 07:10:32,43.357723236084,-8.84480953216553,"Female"
"6018402",371849,2025-05-28 07:15:32,43.3576622009277,-8.84479141235352,"Female"
"6018402",371849,2025-05-28 07:20:32,43.3577651977539,-8.84487247467041,"Female"
"6018402",371849,2025-05-28 07:25:35,43.3577156066895,-8.84485626220703,"Female"
"6018402",371849,2025-05-28 07:31:05,43.3577766418457,-8.84489631652832,"Female"
"6018402",371849,2025-05-28 07:35:33,43.3577690124512,-8.84489822387695,"Female"
"6018402",371849,2025-05-28 07:40:34,43.3578109741211,-8.84492588043213,"Female"
"6018402",371849,2025-05-28 07:45:36,43.3578414916992,-8.8449010848999,"Female"
"6018402",371849,2025-05-28 07:50:35,43.3577995300293,-8.84485530853271,"Female"
"6018402",371849,2025-05-28 07:55:35,43.3578224182129,-8.84489727020264,"Female"
"6018402",371849,2025-05-28 08:00:34,43.357780456543,-8.84494686126709,"Female"
"6018402",371849,2025-05-28 08:05:36,43.3578300476074,-8.84488868713379,"Female"
"6018402",371849,2025-05-28 08:10:39,43.3577690124512,-8.84486389160156,"Female"
"6018402",371849,2025-05-28 08:15:34,43.3577728271484,-8.84486865997314,"Female"
"6018402",371849,2025-05-28 08:20:44,43.3578033447266,-8.84496688842773,"Female"
"6018402",371849,2025-05-28 08:25:35,43.3578186035156,-8.84493160247803,"Female"
"6018402",371849,2025-05-28 08:30:36,43.3577842712402,-8.84498882293701,"Female"
"6018402",371849,2025-05-28 08:35:33,43.3577880859375,-8.84500503540039,"Female"
"6018402",371849,2025-05-28 08:40:38,43.3578071594238,-8.84489822387695,"Female"
"6018402",371849,2025-05-28 08:45:44,43.3578109741211,-8.84496307373047,"Female"
"6018402",371849,2025-05-28 08:50:39,43.3577766418457,-8.84495449066162,"Female"
"6018402",371849,2025-05-28 08:55:38,43.3577728271484,-8.84500122070312,"Female"
"6018402",371849,2025-05-28 09:00:44,43.3577690124512,-8.84496784210205,"Female"
"6018402",371849,2025-05-28 09:05:37,43.3577919006348,-8.84498500823975,"Female"
"6018402",371849,2025-05-28 09:10:38,43.3578414916992,-8.84507942199707,"Female"
"6018402",371849,2025-05-28 09:15:39,43.3580894470215,-8.84531593322754,"Female"
"6018402",371849,2025-05-28 09:20:38,43.3578147888184,-8.84516429901123,"Female"
"6018402",371849,2025-05-28 09:25:40,43.3580017089844,-8.84509754180908,"Female"
"6018402",371849,2025-05-28 09:31:05,43.3577995300293,-8.84485912322998,"Female"
"6018402",371849,2025-05-28 09:35:33,43.3577423095703,-8.84486675262451,"Female"
"6018402",371849,2025-05-28 09:40:33,43.3577079772949,-8.84498023986816,"Female"
"6018402",371849,2025-05-28 09:45:33,43.3577346801758,-8.84487533569336,"Female"
"6018402",371849,2025-05-28 09:50:33,43.3432502746582,-8.84602451324463,"Female"
"6018402",371849,2025-05-28 09:55:33,43.326229095459,-8.85172462463379,"Female"
"6018402",371849,2025-05-28 10:00:33,43.3144645690918,-8.84080028533936,"Female"
"6018402",371849,2025-05-28 10:05:32,43.3124046325684,-8.8479118347168,"Female"
"6018402",371849,2025-05-28 10:10:32,43.3122253417969,-8.84768676757812,"Female"
"6018402",371849,2025-05-28 10:15:32,43.3011779785156,-8.86165714263916,"Female"
"6018402",371849,2025-05-28 10:20:33,43.2951278686523,-8.86803722381592,"Female"
"6018402",371849,2025-05-28 10:25:32,43.2946968078613,-8.86727428436279,"Female"
"6018402",371849,2025-05-28 10:30:32,43.2810020446777,-8.8698787689209,"Female"
"6018402",371849,2025-05-28 10:35:32,43.2746810913086,-8.87042999267578,"Female"
"6018402",371849,2025-05-28 10:40:33,43.2784042358398,-8.85535526275635,"Female"
"6018402",371849,2025-05-28 10:45:33,43.2725563049316,-8.83125782012939,"Female"
"6018402",371849,2025-05-28 10:50:32,43.2734107971191,-8.81875419616699,"Female"
"6018402",371849,2025-05-28 10:55:33,43.2736015319824,-8.81945323944092,"Female"
"6018402",371849,2025-05-28 11:00:32,43.2782897949219,-8.82242488861084,"Female"
"6018402",371849,2025-05-28 11:05:34,43.2854499816895,-8.81979179382324,"Female"
"6018402",371849,2025-05-28 11:10:32,43.2779235839844,-8.79986095428467,"Female"
"6018402",371849,2025-05-28 11:15:33,43.2823295593262,-8.81186103820801,"Female"
"6018402",371849,2025-05-28 11:20:32,43.285701751709,-8.81554222106934,"Female"
"6018402",371849,2025-05-28 11:25:33,43.2852172851562,-8.81497764587402,"Female"
"6018402",371849,2025-05-28 11:30:32,43.2854156494141,-8.8150577545166,"Female"
"6018402",371849,2025-05-28 11:35:42,43.2849960327148,-8.81514549255371,"Female"
"6018402",371849,2025-05-28 11:40:38,43.2853355407715,-8.81508731842041,"Female"
"6018402",371849,2025-05-28 11:45:38,43.2855339050293,-8.81502246856689,"Female"
"6018402",371849,2025-05-28 11:50:40,43.2852668762207,-8.8152551651001,"Female"
"6018402",371849,2025-05-28 11:55:43,43.2847442626953,-8.81511878967285,"Female"
"6018402",371849,2025-05-28 12:00:38,43.2854080200195,-8.81487846374512,"Female"
"6018402",371849,2025-05-28 12:05:38,43.2856674194336,-8.81527519226074,"Female"
"6018402",371849,2025-05-28 12:10:38,43.277946472168,-8.82281875610352,"Female"
"6018402",371849,2025-05-28 12:15:38,43.2735939025879,-8.8199634552002,"Female"
"6018402",371849,2025-05-28 12:21:14,43.2737312316895,-8.81972694396973,"Female"
"6018402",371849,2025-05-28 12:25:33,43.2744255065918,-8.8323335647583,"Female"
"6018402",371849,2025-05-28 12:30:38,43.2802505493164,-8.84947299957275,"Female"
"6018402",371849,2025-05-28 12:35:37,43.298095703125,-8.85478973388672,"Female"
"6018402",371849,2025-05-28 12:40:41,43.3142242431641,-8.85693645477295,"Female"
"6018402",371849,2025-05-28 12:46:05,43.314395904541,-8.85697937011719,"Female"
"6018402",371849,2025-05-28 12:50:33,43.3144721984863,-8.85691833496094,"Female"
"6018402",371849,2025-05-28 12:55:33,43.3144416809082,-8.85692310333252,"Female"
"6018402",371849,2025-05-28 13:00:33,43.3144226074219,-8.85691165924072,"Female"
"6018402",371849,2025-05-28 13:05:35,43.3143920898438,-8.85676097869873,"Female"
"6018402",371849,2025-05-28 13:10:33,43.3143424987793,-8.85698986053467,"Female"
"6018402",371849,2025-05-28 13:15:33,43.314281463623,-8.85696697235107,"Female"
"6018402",371849,2025-05-28 13:20:32,43.3143043518066,-8.85683822631836,"Female"
"6018402",371849,2025-05-28 13:25:36,43.3142051696777,-8.85688591003418,"Female"
"6018402",371849,2025-05-28 13:30:44,43.3005447387695,-8.86502265930176,"Female"
"6018402",371849,2025-05-28 13:35:32,43.2932777404785,-8.86536502838135,"Female"
"6018402",371849,2025-05-28 13:40:35,43.2752647399902,-8.87142562866211,"Female"
"6018402",371849,2025-05-28 13:45:34,43.2755165100098,-8.87160968780518,"Female"
"6018402",371849,2025-05-28 13:50:36,43.2752227783203,-8.87158489227295,"Female"
"6018402",371849,2025-05-28 13:55:35,43.2757377624512,-8.87195491790771,"Female"
"6018402",371849,2025-05-28 14:01:05,43.2756614685059,-8.87034225463867,"Female"
"6018402",371849,2025-05-28 14:05:33,43.2759208679199,-8.870774269104,"Female"
"6018402",371849,2025-05-28 14:10:32,43.2757759094238,-8.8704137802124,"Female"
"6018402",371849,2025-05-28 14:15:33,43.2812194824219,-8.87006092071533,"Female"
"6018402",371849,2025-05-28 14:20:33,43.275463104248,-8.86707782745361,"Female"
"6018402",371849,2025-05-28 14:25:34,43.2755355834961,-8.86723899841309,"Female"
"6018402",371849,2025-05-28 14:30:33,43.2728881835938,-8.87309837341309,"Female"
"6018402",371849,2025-05-28 14:36:29,43.2744140625,-8.87512016296387,"Female"
"6018402",371849,2025-05-28 14:40:35,43.2726898193359,-8.87396335601807,"Female"
"6018402",371849,2025-05-28 14:45:37,43.2747459411621,-8.87002468109131,"Female"
"6018402",371849,2025-05-28 14:50:33,43.2751655578613,-8.87028026580811,"Female"
"6018402",371849,2025-05-28 14:55:32,43.2753257751465,-8.87047481536865,"Female"
"6018402",371849,2025-05-28 15:00:33,43.2754364013672,-8.8706636428833,"Female"
"6018402",371849,2025-05-28 15:05:33,43.2755508422852,-8.87065124511719,"Female"
"6018402",371849,2025-05-28 15:10:32,43.2755241394043,-8.87071800231934,"Female"
"6018402",371849,2025-05-28 15:15:33,43.2752456665039,-8.87067604064941,"Female"
"6018402",371849,2025-05-28 15:20:35,43.2740821838379,-8.86976337432861,"Female"
"6018402",371849,2025-05-28 15:25:33,43.2744789123535,-8.86976432800293,"Female"
"6018402",371849,2025-05-28 15:30:32,43.2747459411621,-8.87099361419678,"Female"
"6018402",371849,2025-05-28 15:35:33,43.2753791809082,-8.87178802490234,"Female"
"6018402",371849,2025-05-28 15:40:32,43.2757148742676,-8.87119483947754,"Female"
"6018402",371849,2025-05-28 15:45:32,43.279655456543,-8.86184215545654,"Female"
"6018402",371849,2025-05-28 15:50:34,43.2920265197754,-8.86857414245605,"Female"
"6018402",371849,2025-05-28 15:55:33,43.3051605224609,-8.8619270324707,"Female"
"6018402",371849,2025-05-28 16:00:34,43.305103302002,-8.86158275604248,"Female"
"6018402",371849,2025-05-28 16:05:33,43.3071594238281,-8.85847854614258,"Female"
"6018402",371849,2025-05-28 16:11:05,43.3143997192383,-8.85707759857178,"Female"
"6018402",371849,2025-05-28 16:15:32,43.3144111633301,-8.85721778869629,"Female"
"6018402",371849,2025-05-28 16:20:32,43.3228416442871,-8.85336685180664,"Female"
"6018402",371849,2025-05-28 16:25:32,43.3432464599609,-8.85458278656006,"Female"
"6018402",371849,2025-05-28 16:30:33,43.356761932373,-8.84823894500732,"Female"
"6018402",371849,2025-05-28 16:35:32,43.35791015625,-8.84509944915771,"Female"
"6018402",371849,2025-05-28 16:40:33,43.3579139709473,-8.84504413604736,"Female"
"6018402",371849,2025-05-28 16:45:34,43.3577575683594,-8.84511470794678,"Female"
"6018402",371849,2025-05-28 16:50:34,43.3577919006348,-8.84502792358398,"Female"
"6018402",371849,2025-05-28 16:55:36,43.3578262329102,-8.84511566162109,"Female"
"6018402",371849,2025-05-28 17:00:35,43.357837677002,-8.84515380859375,"Female"
"6018402",371849,2025-05-28 17:05:35,43.3578224182129,-8.84513187408447,"Female"
"6018402",371849,2025-05-28 17:10:36,43.3580131530762,-8.84525108337402,"Female"
"6018402",371849,2025-05-28 17:15:34,43.3579521179199,-8.84531784057617,"Female"
"6018402",371849,2025-05-28 17:20:41,43.357780456543,-8.8449125289917,"Female"
"6018402",371849,2025-05-28 17:25:43,43.3577194213867,-8.84495067596436,"Female"
"6018402",371849,2025-05-28 17:30:38,43.3577308654785,-8.84501934051514,"Female"
"6018402",371849,2025-05-28 17:35:38,43.3577041625977,-8.84493255615234,"Female"
"6018402",371849,2025-05-28 17:40:38,43.3576622009277,-8.8449239730835,"Female"
"6018402",371849,2025-05-28 17:46:05,43.3577575683594,-8.84494018554688,"Female"
"6018402",371849,2025-05-28 17:50:33,43.3577499389648,-8.84489631652832,"Female"
"6018402",371849,2025-05-28 17:55:34,43.3577880859375,-8.84487533569336,"Female"
"6018402",371849,2025-05-28 18:00:41,43.3578033447266,-8.84490394592285,"Female"
"6018402",371849,2025-05-28 18:05:33,43.3577499389648,-8.84492969512939,"Female"
"6018402",371849,2025-05-28 18:10:32,43.3577156066895,-8.84492683410645,"Female"
"6018402",371849,2025-05-28 18:15:32,43.3576698303223,-8.84494876861572,"Female"
"6018402",371849,2025-05-28 18:20:33,43.3578033447266,-8.84485530853271,"Female"
"6018402",371849,2025-05-28 18:25:33,43.3577613830566,-8.8448600769043,"Female"
"6018402",371849,2025-05-28 18:30:32,43.3578186035156,-8.84483432769775,"Female"
"6018402",371849,2025-05-28 18:35:32,43.357738494873,-8.84481906890869,"Female"
"6018402",371849,2025-05-28 18:40:33,43.3577766418457,-8.84488105773926,"Female"
"6018402",371849,2025-05-28 18:45:33,43.3578872680664,-8.8449125289917,"Female"
"6018402",371849,2025-05-28 18:50:33,43.3578033447266,-8.84487438201904,"Female"
"6018402",371849,2025-05-28 18:55:33,43.3578262329102,-8.84485912322998,"Female"
"6018402",371849,2025-05-28 19:00:44,43.3578414916992,-8.84492015838623,"Female"
"6018402",371849,2025-05-28 19:05:35,43.3578643798828,-8.844895362854,"Female"
"6018402",371849,2025-05-28 19:10:33,43.3578758239746,-8.84495067596436,"Female"
"6018402",371849,2025-05-28 19:15:33,43.35791015625,-8.84492111206055,"Female"
"6018402",371849,2025-05-28 19:20:35,43.3578567504883,-8.84493064880371,"Female"
"6018402",371849,2025-05-28 19:25:36,43.3578338623047,-8.84490871429443,"Female"
"6018402",371849,2025-05-28 19:31:05,43.3578186035156,-8.8449010848999,"Female"
"6018402",371849,2025-05-28 19:35:32,43.3578109741211,-8.84487628936768,"Female"
"6018402",371849,2025-05-28 19:40:32,43.357780456543,-8.84483909606934,"Female"
"6018402",371849,2025-05-28 19:45:32,43.3578109741211,-8.84492683410645,"Female"
"6018402",371849,2025-05-28 19:50:32,43.3578186035156,-8.84490871429443,"Female"
"6018402",371849,2025-05-28 19:55:32,43.3577842712402,-8.84485530853271,"Female"
"6018402",371849,2025-05-28 20:00:32,43.3578414916992,-8.84489822387695,"Female"
"6018402",371849,2025-05-28 20:05:32,43.3577842712402,-8.84490966796875,"Female"
"6018402",371849,2025-05-28 20:10:34,43.3578414916992,-8.84499549865723,"Female"
"6018402",371849,2025-05-28 20:15:32,43.3578147888184,-8.84492683410645,"Female"
"6018402",371849,2025-05-28 20:20:33,43.3577003479004,-8.84501552581787,"Female"
"6018402",371849,2025-05-28 20:25:33,43.357723236084,-8.84487056732178,"Female"
"6018402",371849,2025-05-28 20:30:33,43.3577842712402,-8.84495162963867,"Female"
"6018402",371849,2025-05-28 20:35:33,43.3578796386719,-8.84503650665283,"Female"
"6018402",371849,2025-05-28 20:40:34,43.3578720092773,-8.84510803222656,"Female"
"6018402",371849,2025-05-28 20:45:33,43.3578987121582,-8.84516525268555,"Female"
"6018402",371849,2025-05-28 20:50:34,43.3579368591309,-8.8452033996582,"Female"
"6018402",371849,2025-05-28 20:55:37,43.3577575683594,-8.84496688842773,"Female"
"6018402",371849,2025-05-28 21:00:42,43.3577842712402,-8.84493923187256,"Female"
"6018402",371849,2025-05-28 21:05:33,43.3577995300293,-8.84493350982666,"Female"
"6018402",371849,2025-05-28 21:10:35,43.3578910827637,-8.84494781494141,"Female"
"6018402",371849,2025-05-28 21:15:33,43.3577346801758,-8.84491729736328,"Female"
"6018402",371849,2025-05-28 21:20:37,43.3577575683594,-8.84493350982666,"Female"
"6018402",371849,2025-05-28 21:25:37,43.3577880859375,-8.84493064880371,"Female"
"6018402",371849,2025-05-28 21:30:32,43.3578071594238,-8.84492969512939,"Female"
"6018402",371849,2025-05-28 21:35:37,43.3577919006348,-8.84488296508789,"Female"
"6018402",371849,2025-05-28 21:40:33,43.3577995300293,-8.8449010848999,"Female"
"6018402",371849,2025-05-28 21:45:42,43.3577880859375,-8.84491729736328,"Female"
"6018402",371849,2025-05-28 21:51:05,43.3577919006348,-8.84493160247803,"Female"
"6018402",371849,2025-05-28 21:55:43,43.357795715332,-8.84494018554688,"Female"
"6018402",371849,2025-05-28 22:00:33,43.3577308654785,-8.84478759765625,"Female"
"6018402",371849,2025-05-28 22:05:34,43.3578033447266,-8.8449182510376,"Female"
"6018402",371849,2025-05-28 22:10:34,43.3578414916992,-8.84504699707031,"Female"
"6018402",371849,2025-05-28 22:15:34,43.3577537536621,-8.84496021270752,"Female"
"6018402",371849,2025-05-28 22:20:33,43.3577919006348,-8.84496784210205,"Female"
"6018402",371849,2025-05-28 22:25:35,43.357795715332,-8.84475231170654,"Female"
"6018402",371849,2025-05-28 22:30:33,43.3578186035156,-8.84500217437744,"Female"
"6018402",371849,2025-05-28 22:35:36,43.3577003479004,-8.84481525421143,"Female"
"6018402",371849,2025-05-28 22:40:35,43.3578071594238,-8.84488105773926,"Female"
"6018402",371849,2025-05-28 22:45:32,43.3577117919922,-8.84485816955566,"Female"
"6018402",371849,2025-05-28 22:50:32,43.3577194213867,-8.84480285644531,"Female"
"6018402",371849,2025-05-28 22:55:34,43.3577537536621,-8.8449239730835,"Female"
"6018402",371849,2025-05-28 23:00:34,43.3577270507812,-8.84501266479492,"Female"
"6018402",371849,2025-05-28 23:05:33,43.3578453063965,-8.84500408172607,"Female"
"6018402",371849,2025-05-28 23:10:35,43.3578491210938,-8.84495830535889,"Female"
"6018402",371849,2025-05-28 23:15:40,43.357723236084,-8.84493732452393,"Female"
"6018402",371849,2025-05-28 23:20:38,43.3577613830566,-8.84486484527588,"Female"
"6018402",371849,2025-05-28 23:25:33,43.3577919006348,-8.84493923187256,"Female"
"6018402",371849,2025-05-28 23:30:39,43.3577842712402,-8.84500598907471,"Female"
"6018402",371849,2025-05-28 23:35:37,43.3578033447266,-8.84489727020264,"Female"
"6018402",371849,2025-05-28 23:40:42,43.3577079772949,-8.84486293792725,"Female"
"6018402",371849,2025-05-28 23:45:34,43.3577613830566,-8.84495830535889,"Female"
"6018402",371849,2025-05-28 23:50:39,43.3577461242676,-8.845139503479,"Female"
"6018402",371849,2025-05-28 23:55:38,43.3577575683594,-8.84512710571289,"Female"
"6018402",371849,2025-05-29 00:01:05,43.3577194213867,-8.8448543548584,"Female"
"6018402",371849,2025-05-29 00:05:33,43.3576812744141,-8.84479522705078,"Female"
"6018402",371849,2025-05-29 00:10:32,43.3577995300293,-8.84484767913818,"Female"
"6018402",371849,2025-05-29 00:15:33,43.3577880859375,-8.84492111206055,"Female"
"6018402",371849,2025-05-29 00:20:33,43.3578338623047,-8.84469032287598,"Female"
"6018402",371849,2025-05-29 00:25:33,43.3576812744141,-8.84506797790527,"Female"
"6018402",371849,2025-05-29 00:30:33,43.3577880859375,-8.84503555297852,"Female"
"6018402",371849,2025-05-29 00:35:36,43.3577308654785,-8.84499835968018,"Female"
"6018402",371849,2025-05-29 00:40:36,43.3577308654785,-8.84500026702881,"Female"
"6018402",371849,2025-05-29 00:45:45,43.3577346801758,-8.84512996673584,"Female"
"6018402",371849,2025-05-29 00:50:41,43.3577117919922,-8.84537982940674,"Female"
"6018402",371849,2025-05-29 00:55:51,43.3577423095703,-8.84578704833984,"Female"
"6018402",371849,2025-05-29 01:01:05,43.3581390380859,-8.84504222869873,"Female"
"6018402",371849,2025-05-29 01:05:32,43.3579711914062,-8.8448543548584,"Female"
"6018402",371849,2025-05-29 01:10:32,43.3580131530762,-8.84479236602783,"Female"
"6018402",371849,2025-05-29 01:15:32,43.3577499389648,-8.84437084197998,"Female"
"6018402",371849,2025-05-29 01:20:32,43.3577156066895,-8.84429454803467,"Female"
"6018402",371849,2025-05-29 01:25:32,43.3576927185059,-8.84434795379639,"Female"
"6018402",371849,2025-05-29 01:30:33,43.3577117919922,-8.84438800811768,"Female"
"6018402",371849,2025-05-29 01:35:32,43.3576431274414,-8.84440040588379,"Female"
"6018402",371849,2025-05-29 01:40:32,43.3576889038086,-8.84437370300293,"Female"
"6018402",371849,2025-05-29 01:45:32,43.3576431274414,-8.84443473815918,"Female"
"6018402",371849,2025-05-29 01:50:32,43.3576164245605,-8.84446048736572,"Female"
"6018402",371849,2025-05-29 01:55:32,43.3576889038086,-8.84449672698975,"Female"
"6018402",371849,2025-05-29 02:00:44,43.3578262329102,-8.84446334838867,"Female"
"6018402",371849,2025-05-29 02:05:33,43.3573417663574,-8.8444185256958,"Female"
"6018402",371849,2025-05-29 02:10:33,43.3573875427246,-8.84440422058105,"Female"
"6018402",371849,2025-05-29 02:15:32,43.357738494873,-8.84459686279297,"Female"
"6018402",371849,2025-05-29 02:20:39,43.3577575683594,-8.84496402740479,"Female"
"6018402",371849,2025-05-29 02:25:37,43.3576126098633,-8.84493446350098,"Female"
"6018402",371849,2025-05-29 02:30:38,43.3577346801758,-8.84493446350098,"Female"
"6018402",371849,2025-05-29 02:35:36,43.3577270507812,-8.84488677978516,"Female"
"6018402",371849,2025-05-29 02:40:36,43.3577270507812,-8.84488296508789,"Female"
"6018402",371849,2025-05-29 02:45:44,43.3577461242676,-8.84489727020264,"Female"
"6018402",371849,2025-05-29 02:50:33,43.3578109741211,-8.84488868713379,"Female"
"6018402",371849,2025-05-29 02:55:40,43.3577575683594,-8.84483814239502,"Female"
"6018402",371849,2025-05-29 03:00:34,43.3578033447266,-8.84475994110107,"Female"
"6018402",371849,2025-05-29 03:05:32,43.3578758239746,-8.84488773345947,"Female"
"6018402",371849,2025-05-29 03:10:33,43.3586769104004,-8.84521389007568,"Female"
"6018402",371849,2025-05-29 03:15:39,43.3571166992188,-8.84373760223389,"Female"
"6018402",371849,2025-05-29 03:20:46,43.3588371276855,-8.84589767456055,"Female"
"6018402",371849,2025-05-29 03:25:42,43.3574714660645,-8.84438133239746,"Female"
"6018402",371849,2025-05-29 03:31:05,43.3578033447266,-8.84486770629883,"Female"
"6018402",371849,2025-05-29 03:35:32,43.3577880859375,-8.84484100341797,"Female"
"6018402",371849,2025-05-29 03:40:32,43.3578033447266,-8.84483337402344,"Female"
"6018402",371849,2025-05-29 03:45:32,43.3577651977539,-8.84488677978516,"Female"
"6018402",371849,2025-05-29 03:50:32,43.3577880859375,-8.84485244750977,"Female"
"6018402",371849,2025-05-29 03:55:33,43.3577575683594,-8.8449125289917,"Female"
"6018402",371849,2025-05-29 04:00:32,43.3577766418457,-8.8449010848999,"Female"
"6018402",371849,2025-05-29 04:05:32,43.3577842712402,-8.8448657989502,"Female"
"6018402",371849,2025-05-29 04:10:32,43.3577690124512,-8.84484386444092,"Female"
"6018402",371849,2025-05-29 04:15:32,43.3577575683594,-8.84490203857422,"Female"
"6018402",371849,2025-05-29 04:20:32,43.3578071594238,-8.84491348266602,"Female"
"6018402",371849,2025-05-29 04:25:32,43.3577880859375,-8.84486103057861,"Female"
"6018402",371849,2025-05-29 04:30:32,43.3577842712402,-8.84492969512939,"Female"
"6018402",371849,2025-05-29 04:35:32,43.3578224182129,-8.84489250183105,"Female"
"6018402",371849,2025-05-29 04:40:33,43.3578453063965,-8.84482479095459,"Female"
"6018402",371849,2025-05-29 04:45:32,43.3578224182129,-8.84480667114258,"Female"
"6018402",371849,2025-05-29 04:51:23,43.3578109741211,-8.84491443634033,"Female"
"6018402",371849,2025-05-29 04:55:32,43.3577919006348,-8.84484767913818,"Female"
"6018402",371849,2025-05-29 05:00:32,43.3577613830566,-8.84483528137207,"Female"
"6018402",371849,2025-05-29 05:05:39,43.3577766418457,-8.84490776062012,"Female"
"6018402",371849,2025-05-29 05:10:33,43.3576889038086,-8.84487056732178,"Female"
"6018402",371849,2025-05-29 05:15:36,43.3578224182129,-8.84495067596436,"Female"
"6018402",371849,2025-05-29 05:20:32,43.3576316833496,-8.84476375579834,"Female"
"6018402",371849,2025-05-29 05:25:39,43.3577346801758,-8.84496021270752,"Female"
"6018402",371849,2025-05-29 05:30:34,43.3577766418457,-8.84495735168457,"Female"
"6018402",371849,2025-05-29 05:35:35,43.3576507568359,-8.84476852416992,"Female"
"6018402",371849,2025-05-29 05:40:36,43.3577690124512,-8.84493255615234,"Female"
"6018402",371849,2025-05-29 05:45:36,43.357852935791,-8.84494590759277,"Female"
"6018402",371849,2025-05-29 05:50:36,43.3577919006348,-8.84498500823975,"Female"
"6018402",371849,2025-05-29 05:55:36,43.3577651977539,-8.84493160247803,"Female"
"6018402",371849,2025-05-29 06:00:37,43.3578262329102,-8.84489917755127,"Female"
"6018402",371849,2025-05-29 06:05:43,43.3578414916992,-8.84492015838623,"Female"
"6018402",371849,2025-05-29 06:10:33,43.3578681945801,-8.8447732925415,"Female"
"6018402",371849,2025-05-29 06:15:39,43.3578186035156,-8.84479808807373,"Female"
"6018402",371849,2025-05-29 06:20:39,43.3577995300293,-8.84484004974365,"Female"
"6018402",371849,2025-05-29 06:25:39,43.3578071594238,-8.84491539001465,"Female"
"6018402",371849,2025-05-29 06:30:39,43.3578071594238,-8.84483051300049,"Female"
"6018402",371849,2025-05-29 06:35:39,43.3578720092773,-8.84497261047363,"Female"
"6018402",371849,2025-05-29 06:40:41,43.357795715332,-8.84486389160156,"Female"
"6018402",371849,2025-05-29 06:45:37,43.3577499389648,-8.84467029571533,"Female"
"6018402",371849,2025-05-29 06:50:33,43.3578109741211,-8.8448371887207,"Female"
"6018402",371849,2025-05-29 06:55:32,43.3577766418457,-8.844801902771,"Female"
"6018402",371849,2025-05-29 07:00:34,43.3577766418457,-8.8447732925415,"Female"
"6018402",371849,2025-05-29 07:05:37,43.3577728271484,-8.8447322845459,"Female"
"6018402",371849,2025-05-29 07:10:37,43.3577651977539,-8.84458827972412,"Female"
"6018402",371849,2025-05-29 07:15:38,43.3578491210938,-8.84461116790771,"Female"
"6018402",371849,2025-05-29 07:20:40,43.3577919006348,-8.84484958648682,"Female"
"6018402",371849,2025-05-29 07:25:45,43.3576431274414,-8.84435367584229,"Female"
"6018402",371849,2025-05-29 07:31:05,43.3577423095703,-8.84491634368896,"Female"
"6018402",371849,2025-05-29 07:35:37,43.3577499389648,-8.84492111206055,"Female"
"6018402",371849,2025-05-29 07:40:38,43.3577842712402,-8.84492301940918,"Female"
"6018402",371849,2025-05-29 07:45:37,43.3577423095703,-8.84493637084961,"Female"
"6018402",371849,2025-05-29 07:50:36,43.3577880859375,-8.84489917755127,"Female"
"6018402",371849,2025-05-29 07:55:33,43.3581581115723,-8.84519100189209,"Female"
"6018402",371849,2025-05-29 08:00:39,43.3578109741211,-8.84491539001465,"Female"
"6018402",371849,2025-05-29 08:06:05,43.3578453063965,-8.84485721588135,"Female"
"6018402",371849,2025-05-29 08:10:32,43.3578186035156,-8.84487342834473,"Female"
"6018402",371849,2025-05-29 08:15:33,43.3579940795898,-8.84484481811523,"Female"
"6018402",371849,2025-05-29 08:20:33,43.3578262329102,-8.84485244750977,"Female"
"6018402",371849,2025-05-29 08:25:33,43.3577842712402,-8.84482860565186,"Female"
"6018402",371849,2025-05-29 08:30:32,43.3718490600586,-8.86807250976562,"Female"
"6018402",371849,2025-05-29 08:35:32,43.3781509399414,-8.89511489868164,"Female"
"6018402",371849,2025-05-29 08:40:32,43.3507652282715,-8.88881587982178,"Female"
"6018402",371849,2025-05-29 08:45:32,43.3249855041504,-8.87707614898682,"Female"
"6018402",371849,2025-05-29 08:50:32,43.3041801452637,-8.86404514312744,"Female"
"6018402",371849,2025-05-29 08:55:33,43.3014717102051,-8.86403179168701,"Female"
"6018402",371849,2025-05-29 09:00:33,43.3014640808105,-8.86409473419189,"Female"
"6018402",371849,2025-05-29 09:05:32,43.3016166687012,-8.86431884765625,"Female"
"6018402",371849,2025-05-29 09:10:33,43.301383972168,-8.86403942108154,"Female"
"6018402",371849,2025-05-29 09:15:33,43.3014488220215,-8.86407852172852,"Female"
"6018402",371849,2025-05-29 09:20:33,43.3014793395996,-8.86439609527588,"Female"
"6018402",371849,2025-05-29 09:25:33,43.3014831542969,-8.86455059051514,"Female"
"6018402",371849,2025-05-29 09:30:35,43.3027153015137,-8.85629177093506,"Female"
"6018402",371849,2025-05-29 09:35:32,43.302791595459,-8.8566780090332,"Female"
"6018402",371849,2025-05-29 09:40:32,43.3026390075684,-8.8563814163208,"Female"
"6018402",371849,2025-05-29 09:45:32,43.3024482727051,-8.85629081726074,"Female"
"6018402",371849,2025-05-29 09:50:33,43.3026580810547,-8.85604572296143,"Female"
"6018402",371849,2025-05-29 09:55:36,43.3142929077148,-8.85680484771729,"Female"
"6018402",371849,2025-05-29 10:00:32,43.3144721984863,-8.85698699951172,"Female"
"6018402",371849,2025-05-29 10:05:39,43.3143730163574,-8.85691165924072,"Female"
"6018402",371849,2025-05-29 10:10:36,43.3144187927246,-8.85682392120361,"Female"
"6018402",371849,2025-05-29 10:15:35,43.3146820068359,-8.85728740692139,"Female"
"6018402",371849,2025-05-29 10:20:34,43.3194313049316,-8.84605884552002,"Female"
"6018402",371849,2025-05-29 10:25:37,43.31982421875,-8.84693336486816,"Female"
"6018402",371849,2025-05-29 10:30:33,43.3198013305664,-8.84658145904541,"Female"
"6018402",371849,2025-05-29 10:35:39,43.3197288513184,-8.84677982330322,"Female"
"6018402",371849,2025-05-29 10:40:33,43.3196830749512,-8.84662055969238,"Female"
"6018402",371849,2025-05-29 10:45:40,43.3198356628418,-8.84672355651855,"Female"
"6018402",371849,2025-05-29 10:50:33,43.3198089599609,-8.84671592712402,"Female"
"6018402",371849,2025-05-29 10:55:34,43.320011138916,-8.84649085998535,"Female"
"6018402",371849,2025-05-29 11:00:32,43.3197860717773,-8.84664535522461,"Female"
"6018402",371849,2025-05-29 11:05:34,43.3198051452637,-8.84644412994385,"Female"
"6018402",371849,2025-05-29 11:10:34,43.31982421875,-8.84630012512207,"Female"
"6018402",371849,2025-05-29 11:15:37,43.320240020752,-8.8460693359375,"Female"
"6018402",371849,2025-05-29 11:20:39,43.3203201293945,-8.84598827362061,"Female"
"6018402",371849,2025-05-29 11:25:38,43.3198585510254,-8.8463020324707,"Female"
"6018402",371849,2025-05-29 11:30:44,43.3199195861816,-8.84625434875488,"Female"
"6018402",371849,2025-05-29 11:36:05,43.3195419311523,-8.84679985046387,"Female"
"6018402",371849,2025-05-29 11:40:32,43.3164901733398,-8.83760356903076,"Female"
"6018402",371849,2025-05-29 11:45:32,43.3195304870605,-8.83462142944336,"Female"
"6018402",371849,2025-05-29 11:50:33,43.3193817138672,-8.83472061157227,"Female"
"6018402",371849,2025-05-29 11:55:34,43.3199462890625,-8.8339147567749,"Female"
"6018402",371849,2025-05-29 12:00:33,43.3194770812988,-8.83469486236572,"Female"
"6018402",371849,2025-05-29 12:05:33,43.3195381164551,-8.8346061706543,"Female"
"6018402",371849,2025-05-29 12:10:32,43.3196105957031,-8.83464050292969,"Female"
"6018402",371849,2025-05-29 12:15:33,43.3194618225098,-8.83466148376465,"Female"
"6018402",371849,2025-05-29 12:20:33,43.319465637207,-8.83465385437012,"Female"
"6018402",371849,2025-05-29 12:25:33,43.3192291259766,-8.83467197418213,"Female"
"6018402",371849,2025-05-29 12:30:33,43.318904876709,-8.83439350128174,"Female"
"6018402",371849,2025-05-29 12:35:33,43.3185272216797,-8.84488010406494,"Female"
"6018402",371849,2025-05-29 12:40:32,43.3046684265137,-8.85683250427246,"Female"
"6018402",371849,2025-05-29 12:45:34,43.2824172973633,-8.85703372955322,"Female"
"6018402",371849,2025-05-29 12:50:33,43.2826957702637,-8.85696411132812,"Female"
"6018402",371849,2025-05-29 12:55:33,43.279598236084,-8.86111927032471,"Female"
"6018402",371849,2025-05-29 13:00:32,43.2791709899902,-8.86137676239014,"Female"
"6018402",371849,2025-05-29 13:05:32,43.2792053222656,-8.86139392852783,"Female"
"6018402",371849,2025-05-29 13:10:33,43.2793655395508,-8.86146450042725,"Female"
"6018402",371849,2025-05-29 13:15:33,43.2798080444336,-8.8607120513916,"Female"
"6018402",371849,2025-05-29 13:20:34,43.2819404602051,-8.86174869537354,"Female"
"6018402",371849,2025-05-29 13:25:34,43.2829780578613,-8.85710525512695,"Female"
"6018402",371849,2025-05-29 13:30:36,43.2832984924316,-8.85663604736328,"Female"
"6018402",371849,2025-05-29 13:35:34,43.2833404541016,-8.8583517074585,"Female"
"6018402",371849,2025-05-29 13:40:34,43.283618927002,-8.85668659210205,"Female"
"6018402",371849,2025-05-29 13:45:34,43.2838287353516,-8.85672092437744,"Female"
"6018402",371849,2025-05-29 13:50:39,43.2849998474121,-8.86328983306885,"Female"
"6018402",371849,2025-05-29 13:55:33,43.3005027770996,-8.86214828491211,"Female"
"6018402",371849,2025-05-29 14:01:05,43.3144187927246,-8.85672569274902,"Female"
"6018402",371849,2025-05-29 14:05:32,43.3143692016602,-8.85673427581787,"Female"
"6018402",371849,2025-05-29 14:10:32,43.3144607543945,-8.8568172454834,"Female"
"6018402",371849,2025-05-29 14:15:33,43.3144378662109,-8.85678386688232,"Female"
"6018402",371849,2025-05-29 14:20:32,43.3144340515137,-8.85687828063965,"Female"
"6018402",371849,2025-05-29 14:25:33,43.3295059204102,-8.84624195098877,"Female"
"6018402",371849,2025-05-29 14:30:32,43.3477745056152,-8.83907604217529,"Female"
"6018402",371849,2025-05-29 14:35:33,43.3582954406738,-8.84464168548584,"Female"
"6018402",371849,2025-05-29 14:40:33,43.3582992553711,-8.84464550018311,"Female"
"6018402",371849,2025-05-29 14:45:33,43.3582878112793,-8.84462547302246,"Female"
"6018402",371849,2025-05-29 14:50:33,43.3584060668945,-8.84460830688477,"Female"
"6018402",371849,2025-05-29 14:55:33,43.3583717346191,-8.84466552734375,"Female"
"6018402",371849,2025-05-29 15:00:40,43.3578720092773,-8.84484481811523,"Female"
"6018402",371849,2025-05-29 15:05:32,43.3578834533691,-8.84486293792725,"Female"
"6018402",371849,2025-05-29 15:10:34,43.3575286865234,-8.84495830535889,"Female"
"6018402",371849,2025-05-29 15:15:34,43.3577651977539,-8.84489345550537,"Female"
"6018402",371849,2025-05-29 15:20:33,43.3576927185059,-8.84492874145508,"Female"
"6018402",371849,2025-05-29 15:25:34,43.3578071594238,-8.84486293792725,"Female"
"6018402",371849,2025-05-29 15:30:34,43.3576889038086,-8.84480476379395,"Female"
"6018402",371849,2025-05-29 15:35:34,43.3577079772949,-8.8448486328125,"Female"
"6018402",371849,2025-05-29 15:40:33,43.3580551147461,-8.8456449508667,"Female"
"6018402",371849,2025-05-29 15:45:33,43.3577156066895,-8.84482765197754,"Female"
"6018402",371849,2025-05-29 15:50:37,43.3577041625977,-8.84486484527588,"Female"
"6018402",371849,2025-05-29 15:55:36,43.3577728271484,-8.84482669830322,"Female"
"6018402",371849,2025-05-29 16:01:05,43.3577690124512,-8.84489440917969,"Female"
"6018402",371849,2025-05-29 16:05:33,43.3581199645996,-8.84489345550537,"Female"
"6018402",371849,2025-05-29 16:10:32,43.3582878112793,-8.84632301330566,"Female"
"6018402",371849,2025-05-29 16:15:33,43.3577919006348,-8.84492588043213,"Female"
"6018402",371849,2025-05-29 16:20:35,43.3577423095703,-8.84483528137207,"Female"
"6018402",371849,2025-05-29 16:25:34,43.357795715332,-8.84494400024414,"Female"
"6018402",371849,2025-05-29 16:30:32,43.3573913574219,-8.844313621521,"Female"
"6018402",371849,2025-05-29 16:35:33,43.357349395752,-8.84484481811523,"Female"
"6018402",371849,2025-05-29 16:40:33,43.3577079772949,-8.84725856781006,"Female"
"6018402",371849,2025-05-29 16:45:33,43.3359756469727,-8.85405731201172,"Female"
"6018402",371849,2025-05-29 16:50:35,43.3172798156738,-8.85320091247559,"Female"
"6018402",371849,2025-05-29 16:55:36,43.3043251037598,-8.86149978637695,"Female"
"6018402",371849,2025-05-29 17:00:34,43.3040237426758,-8.86068630218506,"Female"
"6018402",371849,2025-05-29 17:05:33,43.2943954467773,-8.86352348327637,"Female"
"6018402",371849,2025-05-29 17:10:42,43.2940979003906,-8.86352252960205,"Female"
"6018402",371849,2025-05-29 17:15:33,43.2940788269043,-8.86350154876709,"Female"
"6018402",371849,2025-05-29 17:21:05,43.2939338684082,-8.86348819732666,"Female"
"6018402",371849,2025-05-29 17:25:33,43.290901184082,-8.86458301544189,"Female"
"6018402",371849,2025-05-29 17:30:33,43.2844161987305,-8.87845993041992,"Female"
"6018402",371849,2025-05-29 17:35:32,43.2837562561035,-8.87950897216797,"Female"
"6018402",371849,2025-05-29 17:40:32,43.2837982177734,-8.87971115112305,"Female"
"6018402",371849,2025-05-29 17:45:34,43.283878326416,-8.87877941131592,"Female"
"6018402",371849,2025-05-29 17:50:34,43.2841377258301,-8.87854862213135,"Female"
"6018402",371849,2025-05-29 17:55:36,43.2826080322266,-8.8785572052002,"Female"
"6018402",371849,2025-05-29 18:00:42,43.2724914550781,-8.87227630615234,"Female"
"6018402",371849,2025-05-29 18:06:14,43.273853302002,-8.87168312072754,"Female"
"6018402",371849,2025-05-29 18:10:44,43.2751388549805,-8.86917591094971,"Female"
"6018402",371849,2025-05-29 18:15:33,43.2753753662109,-8.86628723144531,"Female"
"6018402",371849,2025-05-29 18:20:35,43.2751274108887,-8.86661720275879,"Female"
"6018402",371849,2025-05-29 18:25:32,43.2757263183594,-8.8671760559082,"Female"
"6018402",371849,2025-05-29 18:30:33,43.2922477722168,-8.86553955078125,"Female"
"6018402",371849,2025-05-29 18:35:33,43.2926826477051,-8.8654899597168,"Female"
"6018402",371849,2025-05-29 18:40:33,43.2928504943848,-8.8658618927002,"Female"
"6018402",371849,2025-05-29 18:46:05,43.2927665710449,-8.86576366424561,"Female"
"6018402",371849,2025-05-29 18:50:32,43.2926902770996,-8.86571502685547,"Female"
"6018402",371849,2025-05-29 18:55:32,43.2925224304199,-8.86603355407715,"Female"
"6018402",371849,2025-05-29 19:00:32,43.2926254272461,-8.86615657806396,"Female"
"6018402",371849,2025-05-29 19:05:32,43.2927551269531,-8.86604118347168,"Female"
"6018402",371849,2025-05-29 19:10:32,43.3044548034668,-8.86022186279297,"Female"
"6018402",371849,2025-05-29 19:15:41,43.3144149780273,-8.85688209533691,"Female"
"6018402",371849,2025-05-29 19:20:32,43.3145141601562,-8.85686588287354,"Female"
"6018402",371849,2025-05-29 19:25:35,43.314567565918,-8.85689449310303,"Female"
"6018402",371849,2025-05-29 19:30:32,43.3366203308105,-8.85223579406738,"Female"
"6018402",371849,2025-05-29 19:35:33,43.3585166931152,-8.85201072692871,"Female"
"6018402",371849,2025-05-29 19:40:32,43.357852935791,-8.84495544433594,"Female"
"6018402",371849,2025-05-29 19:45:32,43.3578643798828,-8.84498500823975,"Female"
"6018402",371849,2025-05-29 19:50:32,43.3578300476074,-8.84499073028564,"Female"
"6018402",371849,2025-05-29 19:55:33,43.3578033447266,-8.84492015838623,"Female"
"6018402",371849,2025-05-29 20:00:33,43.3578720092773,-8.84501552581787,"Female"
"6018402",371849,2025-05-29 20:05:43,43.3578872680664,-8.84501552581787,"Female"
"6018402",371849,2025-05-29 20:10:45,43.3578758239746,-8.8449878692627,"Female"
"6018402",371849,2025-05-29 20:16:05,43.3578643798828,-8.84494495391846,"Female"
"6018402",371849,2025-05-29 20:20:32,43.357780456543,-8.84483432769775,"Female"
"6018402",371849,2025-05-29 20:25:32,43.3578147888184,-8.8449535369873,"Female"
"6018402",371849,2025-05-29 20:30:33,43.3578948974609,-8.84506034851074,"Female"
"6018402",371849,2025-05-29 20:35:36,43.3578796386719,-8.84503078460693,"Female"
"6018402",371849,2025-05-29 20:40:44,43.357780456543,-8.84493923187256,"Female"
"6018402",371849,2025-05-29 20:45:36,43.3577461242676,-8.84490299224854,"Female"
"6018402",371849,2025-05-29 20:50:36,43.3578338623047,-8.84511947631836,"Female"
"6018402",371849,2025-05-29 20:55:42,43.3577728271484,-8.84495639801025,"Female"
"6018402",371849,2025-05-29 21:00:35,43.3577880859375,-8.84487533569336,"Female"
"6018402",371849,2025-05-29 21:05:42,43.3578338623047,-8.84497547149658,"Female"
"6018402",371849,2025-05-29 21:10:35,43.357837677002,-8.84496784210205,"Female"
"6018402",371849,2025-05-29 21:15:41,43.3578147888184,-8.8449010848999,"Female"
"6018402",371849,2025-05-29 21:20:37,43.3577880859375,-8.84500122070312,"Female"
"6018402",371849,2025-05-29 21:25:39,43.357780456543,-8.84496402740479,"Female"
"6018402",371849,2025-05-29 21:30:42,43.3578681945801,-8.84490776062012,"Female"
"6018402",371849,2025-05-29 21:35:42,43.3577766418457,-8.84506797790527,"Female"
"6018402",371849,2025-05-29 21:40:42,43.3577766418457,-8.84501457214355,"Female"
"6018402",371849,2025-05-29 21:45:39,43.3578033447266,-8.84505176544189,"Female"
"6018402",371849,2025-05-29 21:50:39,43.357795715332,-8.84510326385498,"Female"
"6018402",371849,2025-05-29 21:55:42,43.3578033447266,-8.84508991241455,"Female"
"6018402",371849,2025-05-29 22:00:44,43.3577651977539,-8.84502506256104,"Female"
"6018402",371849,2025-05-29 22:05:38,43.3578033447266,-8.84514141082764,"Female"
"6018402",371849,2025-05-29 22:10:41,43.3578453063965,-8.84509181976318,"Female"
"6018402",371849,2025-05-29 22:15:38,43.3578147888184,-8.84498119354248,"Female"
"6018402",371849,2025-05-29 22:20:33,43.3578033447266,-8.84506034851074,"Female"
"6018402",371849,2025-05-29 22:25:33,43.3576850891113,-8.8443660736084,"Female"
"6018402",371849,2025-05-29 22:30:37,43.3576927185059,-8.84461784362793,"Female"
"6018402",371849,2025-05-29 22:35:37,43.3578338623047,-8.84517097473145,"Female"
"6018402",371849,2025-05-29 22:40:39,43.3576927185059,-8.84465789794922,"Female"
"6018402",371849,2025-05-29 22:45:44,43.3575859069824,-8.84444522857666,"Female"
"6018402",371849,2025-05-29 22:50:37,43.3576393127441,-8.84459114074707,"Female"
"6018402",371849,2025-05-29 22:55:37,43.3575401306152,-8.84434604644775,"Female"
"6018402",371849,2025-05-29 23:00:39,43.3574867248535,-8.84432125091553,"Female"
"6018402",371849,2025-05-29 23:05:38,43.3575134277344,-8.84440612792969,"Female"
"6018402",371849,2025-05-29 23:10:42,43.3576316833496,-8.8447151184082,"Female"
"6018402",371849,2025-05-29 23:15:32,43.357852935791,-8.84482002258301,"Female"
"6018402",371849,2025-05-29 23:20:43,43.3578033447266,-8.84497547149658,"Female"
"6018402",371849,2025-05-29 23:25:45,43.3577880859375,-8.844651222229,"Female"
"6018402",371849,2025-05-29 23:30:39,43.357608795166,-8.84450817108154,"Female"
"6018402",371849,2025-05-29 23:35:39,43.3577117919922,-8.84477519989014,"Female"
"6018402",371849,2025-05-29 23:40:39,43.3577613830566,-8.8446569442749,"Female"
"6018402",371849,2025-05-29 23:46:05,43.3578186035156,-8.84489917755127,"Female"
"6018402",371849,2025-05-29 23:50:32,43.3577613830566,-8.84486389160156,"Female"
"6018402",371849,2025-05-29 23:55:32,43.3577537536621,-8.84490871429443,"Female"
"6018402",371849,2025-05-30 00:00:32,43.3577690124512,-8.84492969512939,"Female"
"6018402",371849,2025-05-30 00:05:32,43.3577919006348,-8.84489727020264,"Female"
"6018402",371849,2025-05-30 00:10:32,43.3578300476074,-8.84487724304199,"Female"
"6018402",371849,2025-05-30 00:15:32,43.3578186035156,-8.84490871429443,"Female"
"6018402",371849,2025-05-30 00:20:32,43.3577995300293,-8.84487819671631,"Female"
"6018402",371849,2025-05-30 00:25:32,43.3577842712402,-8.84494686126709,"Female"
"6018402",371849,2025-05-30 00:30:36,43.3577461242676,-8.84484672546387,"Female"
"6018402",371849,2025-05-30 00:35:32,43.3577880859375,-8.84492588043213,"Female"
"6018402",371849,2025-05-30 00:40:32,43.3578338623047,-8.84486675262451,"Female"
"6018402",371849,2025-05-30 00:45:32,43.3577766418457,-8.84494495391846,"Female"
"6018402",371849,2025-05-30 00:50:32,43.3578796386719,-8.8448314666748,"Female"
"6018402",371849,2025-05-30 00:55:32,43.3578224182129,-8.84486961364746,"Female"
"6018402",371849,2025-05-30 01:00:32,43.3578186035156,-8.84489917755127,"Female"
"6018402",371849,2025-05-30 01:05:32,43.3578453063965,-8.84491920471191,"Female"
"6018402",371849,2025-05-30 01:10:37,43.3577919006348,-8.8449878692627,"Female"
"6018402",371849,2025-05-30 01:15:44,43.3577346801758,-8.8448543548584,"Female"
"6018402",371849,2025-05-30 01:20:33,43.357780456543,-8.84487533569336,"Female"
"6018402",371849,2025-05-30 01:25:36,43.3576774597168,-8.84472560882568,"Female"
"6018402",371849,2025-05-30 01:30:44,43.357795715332,-8.84504127502441,"Female"
"6018402",371849,2025-05-30 01:35:34,43.3576469421387,-8.84478378295898,"Female"
"6018402",371849,2025-05-30 01:40:33,43.3576850891113,-8.84477138519287,"Female"
"6018402",371849,2025-05-30 01:46:05,43.3578186035156,-8.84488391876221,"Female"
"6018402",371849,2025-05-30 01:50:32,43.3577728271484,-8.84473514556885,"Female"
"6018402",371849,2025-05-30 01:55:32,43.357780456543,-8.84473896026611,"Female"
"6018402",371849,2025-05-30 02:00:32,43.3577995300293,-8.84478664398193,"Female"
"6018402",371849,2025-05-30 02:05:32,43.3577766418457,-8.84485054016113,"Female"
"6018402",371849,2025-05-30 02:10:32,43.3577995300293,-8.84480953216553,"Female"
"6018402",371849,2025-05-30 02:15:32,43.3577690124512,-8.84478092193604,"Female"
"6018402",371849,2025-05-30 02:20:33,43.3577728271484,-8.8447847366333,"Female"
"6018402",371849,2025-05-30 02:25:32,43.357780456543,-8.8447322845459,"Female"
"6018402",371849,2025-05-30 02:30:37,43.357795715332,-8.84487628936768,"Female"
"6018402",371849,2025-05-30 02:35:39,43.357795715332,-8.84487915039062,"Female"
"6018402",371849,2025-05-30 02:40:39,43.3577575683594,-8.84489345550537,"Female"
"6018402",371849,2025-05-30 02:46:04,43.357780456543,-8.84488964080811,"Female"
"6018402",371849,2025-05-30 02:50:33,43.3577499389648,-8.84493732452393,"Female"
"6018402",371849,2025-05-30 02:55:33,43.3578491210938,-8.84477519989014,"Female"
"6018402",371849,2025-05-30 03:00:32,43.3578262329102,-8.84484195709229,"Female"
"6018402",371849,2025-05-30 03:05:33,43.3577423095703,-8.84493064880371,"Female"
"6018402",371849,2025-05-30 03:10:32,43.357780456543,-8.84488677978516,"Female"
"6018402",371849,2025-05-30 03:15:32,43.357780456543,-8.8449239730835,"Female"
"6018402",371849,2025-05-30 03:20:33,43.357795715332,-8.84490776062012,"Female"
"6018402",371849,2025-05-30 03:25:33,43.3578071594238,-8.84489917755127,"Female"
"6018402",371849,2025-05-30 03:30:32,43.357738494873,-8.84492969512939,"Female"
"6018402",371849,2025-05-30 03:35:32,43.3577308654785,-8.84490013122559,"Female"
"6018402",371849,2025-05-30 03:40:32,43.3577537536621,-8.84484195709229,"Female"
"6018402",371849,2025-05-30 03:45:32,43.3577346801758,-8.84490966796875,"Female"
"6018402",371849,2025-05-30 03:50:32,43.3577346801758,-8.84480381011963,"Female"
"6018402",371849,2025-05-30 03:55:33,43.3577156066895,-8.84492111206055,"Female"
"6018402",371849,2025-05-30 04:00:32,43.3577156066895,-8.8449239730835,"Female"
"6018402",371849,2025-05-30 04:05:32,43.3577995300293,-8.84495544433594,"Female"
"6018402",371849,2025-05-30 04:10:44,43.3576965332031,-8.84523868560791,"Female"
"6018402",371849,2025-05-30 04:15:32,43.3577575683594,-8.84492778778076,"Female"
"6018402",371849,2025-05-30 04:20:32,43.3577728271484,-8.84492874145508,"Female"
"6018402",371849,2025-05-30 04:25:32,43.3577461242676,-8.84494972229004,"Female"
"6018402",371849,2025-05-30 04:30:33,43.3577194213867,-8.84498500823975,"Female"
"6018402",371849,2025-05-30 04:35:33,43.357795715332,-8.84489154815674,"Female"
"6018402",371849,2025-05-30 04:40:33,43.3577270507812,-8.84495449066162,"Female"
"6018402",371849,2025-05-30 04:46:14,43.3577613830566,-8.84493064880371,"Female"
"6018402",371849,2025-05-30 04:50:32,43.3577423095703,-8.84485530853271,"Female"
"6018402",371849,2025-05-30 04:55:32,43.3576240539551,-8.84492778778076,"Female"
"6018402",371849,2025-05-30 05:00:33,43.3577346801758,-8.84497833251953,"Female"
"6018402",371849,2025-05-30 05:05:38,43.3576164245605,-8.84492492675781,"Female"
"6018402",371849,2025-05-30 05:10:33,43.3577613830566,-8.84506034851074,"Female"
"6018402",371849,2025-05-30 05:15:40,43.3578033447266,-8.84489059448242,"Female"
"6018402",371849,2025-05-30 05:20:41,43.3577346801758,-8.84494304656982,"Female"
"6018402",371849,2025-05-30 05:25:33,43.3577842712402,-8.84490585327148,"Female"
"6018402",371849,2025-05-30 05:30:34,43.3578109741211,-8.84493637084961,"Female"
"6018402",371849,2025-05-30 05:35:33,43.3574256896973,-8.84480476379395,"Female"
"6018402",371849,2025-05-30 05:40:36,43.3579254150391,-8.84513854980469,"Female"
"6018402",371849,2025-05-30 05:46:05,43.3577537536621,-8.84485340118408,"Female"
"6018402",371849,2025-05-30 05:50:32,43.3577499389648,-8.8448543548584,"Female"
"6018402",371849,2025-05-30 05:55:32,43.357795715332,-8.84479331970215,"Female"
"6018402",371849,2025-05-30 06:00:32,43.3577919006348,-8.84483051300049,"Female"
"6018402",371849,2025-05-30 06:05:32,43.3578491210938,-8.84477519989014,"Female"
"6018402",371849,2025-05-30 06:10:32,43.3577728271484,-8.8448543548584,"Female"
"6018402",371849,2025-05-30 06:15:32,43.3578071594238,-8.84484195709229,"Female"
"6018402",371849,2025-05-30 06:20:33,43.3577919006348,-8.84482192993164,"Female"
"6018402",371849,2025-05-30 06:25:32,43.3577919006348,-8.8448429107666,"Female"
"6018402",371849,2025-05-30 06:30:43,43.3577880859375,-8.84477519989014,"Female"
"6018402",371849,2025-05-30 06:35:33,43.3577575683594,-8.84482479095459,"Female"
"6018402",371849,2025-05-30 06:40:33,43.3577537536621,-8.84482860565186,"Female"
"6018402",371849,2025-05-30 06:45:33,43.3578338623047,-8.84480667114258,"Female"
"6018402",371849,2025-05-30 06:50:33,43.3578262329102,-8.8448429107666,"Female"
"6018402",371849,2025-05-30 06:55:34,43.357852935791,-8.84478092193604,"Female"
"6018402",371849,2025-05-30 07:00:32,43.3578414916992,-8.84480381011963,"Female"
"6018402",371849,2025-05-30 07:05:37,43.3578605651855,-8.84478187561035,"Female"
"6018402",371849,2025-05-30 07:10:34,43.3578491210938,-8.8446569442749,"Female"
"6018402",371849,2025-05-30 07:16:05,43.357780456543,-8.84484767913818,"Female"
"6018402",371849,2025-05-30 07:20:33,43.3578300476074,-8.84490299224854,"Female"
"6018402",371849,2025-05-30 07:25:32,43.3578948974609,-8.84494304656982,"Female"
"6018402",371849,2025-05-30 07:30:32,43.3578033447266,-8.84493160247803,"Female"
"6018402",371849,2025-05-30 07:35:32,43.3580284118652,-8.84493064880371,"Female"
"6018402",371849,2025-05-30 07:40:32,43.3580169677734,-8.84502696990967,"Female"
"6018402",371849,2025-05-30 07:45:33,43.357982635498,-8.84499454498291,"Female"
"6018402",371849,2025-05-30 07:50:33,43.3580207824707,-8.84507083892822,"Female"
"6018402",371849,2025-05-30 07:55:33,43.357982635498,-8.84509658813477,"Female"
"6018402",371849,2025-05-30 08:00:33,43.3579254150391,-8.84501552581787,"Female"
"6018402",371849,2025-05-30 08:05:34,43.3577461242676,-8.84486770629883,"Female"
"6018402",371849,2025-05-30 08:10:33,43.3580703735352,-8.84512138366699,"Female"
"6018402",371849,2025-05-30 08:15:34,43.3580589294434,-8.84535789489746,"Female"
"6018402",371849,2025-05-30 08:20:34,43.3578414916992,-8.84490776062012,"Female"
"6018402",371849,2025-05-30 08:25:37,43.3578338623047,-8.84482479095459,"Female"
"6018402",371849,2025-05-30 08:30:37,43.357738494873,-8.84485054016113,"Female"
"6018402",371849,2025-05-30 08:35:42,43.357723236084,-8.84478950500488,"Female"
"6018402",371849,2025-05-30 08:40:36,43.3577651977539,-8.84485912322998,"Female"
"6018402",371849,2025-05-30 08:45:34,43.3577766418457,-8.84481430053711,"Female"
"6018402",371849,2025-05-30 08:50:37,43.3577766418457,-8.8448429107666,"Female"
"6018402",371849,2025-05-30 08:55:38,43.357738494873,-8.84479141235352,"Female"
"6018402",371849,2025-05-30 09:00:38,43.3577194213867,-8.84485912322998,"Female"
"6018402",371849,2025-05-30 09:05:39,43.3577613830566,-8.84483337402344,"Female"
"6018402",371849,2025-05-30 09:10:39,43.3577346801758,-8.84479522705078,"Female"
"6018402",371849,2025-05-30 09:15:39,43.3577537536621,-8.84480381011963,"Female"
"6018402",371849,2025-05-30 09:20:39,43.3577728271484,-8.84478950500488,"Female"
"6018402",371849,2025-05-30 09:26:06,43.3577613830566,-8.84484577178955,"Female"
"6018402",371849,2025-05-30 09:30:39,43.3576889038086,-8.84488964080811,"Female"
"6018402",371849,2025-05-30 09:35:39,43.3577308654785,-8.84489917755127,"Female"
"6018402",371849,2025-05-30 09:40:39,43.3577651977539,-8.84474849700928,"Female"
"6018402",371849,2025-05-30 09:46:05,43.3577461242676,-8.84488201141357,"Female"
"6018402",371849,2025-05-30 09:50:32,43.3577461242676,-8.8449010848999,"Female"
"6018402",371849,2025-05-30 09:55:32,43.357738494873,-8.84490299224854,"Female"
"6018402",371849,2025-05-30 10:00:32,43.3577728271484,-8.8449010848999,"Female"
"6018402",371849,2025-05-30 10:05:32,43.3577651977539,-8.84487724304199,"Female"
"6018402",371849,2025-05-30 10:10:32,43.357738494873,-8.84492206573486,"Female"
"6018402",371849,2025-05-30 10:15:34,43.3578224182129,-8.84490203857422,"Female"
"6018402",371849,2025-05-30 10:20:32,43.3577575683594,-8.84489440917969,"Female"
"6018402",371849,2025-05-30 10:25:32,43.3578147888184,-8.84498023986816,"Female"
"6018402",371849,2025-05-30 10:30:35,43.3577423095703,-8.84494304656982,"Female"
"6018402",371849,2025-05-30 10:35:36,43.3576469421387,-8.84493064880371,"Female"
"6018402",371849,2025-05-30 10:40:36,43.3577690124512,-8.84489917755127,"Female"
"6018402",371849,2025-05-30 10:45:35,43.3577842712402,-8.84487819671631,"Female"
"6018402",371849,2025-05-30 10:50:37,43.3577194213867,-8.84483814239502,"Female"
"6018402",371849,2025-05-30 10:56:05,43.3577728271484,-8.84494495391846,"Female"
"6018402",371849,2025-05-30 11:00:33,43.3577461242676,-8.84495258331299,"Female"
"6018402",371849,2025-05-30 11:05:33,43.3580055236816,-8.84523963928223,"Female"
"6018402",371849,2025-05-30 11:10:38,43.3441772460938,-8.85127925872803,"Female"
"6018402",371849,2025-05-30 11:15:32,43.3243598937988,-8.85511112213135,"Female"
"6018402",371849,2025-05-30 11:20:33,43.3040084838867,-8.85834312438965,"Female"
"6018402",371849,2025-05-30 11:25:34,43.285026550293,-8.86470413208008,"Female"
"6018402",371849,2025-05-30 11:30:33,43.2749671936035,-8.87271976470947,"Female"
"6018402",371849,2025-05-30 11:35:34,43.2796096801758,-8.8648042678833,"Female"
"6018402",371849,2025-05-30 11:40:33,43.2802352905273,-8.86543655395508,"Female"
"6018402",371849,2025-05-30 11:45:36,43.2809638977051,-8.86520576477051,"Female"
"6018402",371849,2025-05-30 11:50:37,43.2799949645996,-8.86504936218262,"Female"
"6018402",371849,2025-05-30 11:55:38,43.2800216674805,-8.86509990692139,"Female"
"6018402",371849,2025-05-30 12:01:05,43.2806243896484,-8.86529922485352,"Female"
"6018402",371849,2025-05-30 12:05:36,43.2802314758301,-8.86507320404053,"Female"
"6018402",371849,2025-05-30 12:10:36,43.2798690795898,-8.86384201049805,"Female"
"6018402",371849,2025-05-30 12:15:43,43.2805519104004,-8.8651819229126,"Female"
"6018402",371849,2025-05-30 12:20:34,43.2807846069336,-8.86513805389404,"Female"
"6018402",371849,2025-05-30 12:25:34,43.2807807922363,-8.86495304107666,"Female"
"6018402",371849,2025-05-30 12:30:37,43.2807579040527,-8.86465263366699,"Female"
"6018402",371849,2025-05-30 12:35:39,43.2809410095215,-8.86514282226562,"Female"
"6018402",371849,2025-05-30 12:40:38,43.2808952331543,-8.86523818969727,"Female"
"6018402",371849,2025-05-30 12:45:37,43.2808303833008,-8.86497402191162,"Female"
"6018402",371849,2025-05-30 12:50:35,43.2811851501465,-8.86537075042725,"Female"
"6018402",371849,2025-05-30 12:55:34,43.2810859680176,-8.86568164825439,"Female"
"6018402",371849,2025-05-30 13:00:35,43.280517578125,-8.86457061767578,"Female"
"6018402",371849,2025-05-30 13:05:34,43.280704498291,-8.86488819122314,"Female"
"6018402",371849,2025-05-30 13:10:45,43.2808265686035,-8.86428165435791,"Female"
"6018402",371849,2025-05-30 13:15:33,43.2809257507324,-8.86443519592285,"Female"
"6018402",371849,2025-05-30 13:20:34,43.2876319885254,-8.86028003692627,"Female"
"6018402",371849,2025-05-30 13:25:36,43.2979354858398,-8.86454486846924,"Female"
"6018402",371849,2025-05-30 13:30:33,43.3106880187988,-8.85291385650635,"Female"
"6018402",371849,2025-05-30 13:35:35,43.3169364929199,-8.83488655090332,"Female"
"6018402",371849,2025-05-30 13:40:38,43.316822052002,-8.83476448059082,"Female"
"6018402",371849,2025-05-30 13:45:48,43.3171653747559,-8.83454513549805,"Female"
"6018402",371849,2025-05-30 13:50:36,43.3170738220215,-8.83483695983887,"Female"
"6018402",371849,2025-05-30 13:55:35,43.3171005249023,-8.83469295501709,"Female"
"6018402",371849,2025-05-30 14:01:05,43.3166999816895,-8.83454418182373,"Female"
"6018402",371849,2025-05-30 14:05:37,43.3165283203125,-8.83457183837891,"Female"
"6018402",371849,2025-05-30 14:10:33,43.3164520263672,-8.83490562438965,"Female"
"6018402",371849,2025-05-30 14:15:35,43.3168640136719,-8.83450603485107,"Female"
"6018402",371849,2025-05-30 14:20:39,43.316520690918,-8.83457660675049,"Female"
"6018402",371849,2025-05-30 14:25:44,43.3163719177246,-8.83460426330566,"Female"
"6018402",371849,2025-05-30 14:30:40,43.316463470459,-8.83461856842041,"Female"
"6018402",371849,2025-05-30 14:35:34,43.3128662109375,-8.85013675689697,"Female"
"6018402",371849,2025-05-30 14:40:39,43.3140983581543,-8.85686874389648,"Female"
"6018402",371849,2025-05-30 14:45:38,43.3142204284668,-8.85691070556641,"Female"
"6018402",371849,2025-05-30 14:50:34,43.3142356872559,-8.85694122314453,"Female"
"6018402",371849,2025-05-30 14:55:33,43.314281463623,-8.85701465606689,"Female"
"6018402",371849,2025-05-30 15:01:05,43.3143539428711,-8.85694599151611,"Female"
"6018402",371849,2025-05-30 15:05:32,43.3147010803223,-8.85727596282959,"Female"
"6018402",371849,2025-05-30 15:10:35,43.3144836425781,-8.85719966888428,"Female"
"6018402",371849,2025-05-30 15:15:33,43.3121185302734,-8.85483074188232,"Female"
"6018402",371849,2025-05-30 15:20:33,43.3114585876465,-8.84539127349854,"Female"
"6018402",371849,2025-05-30 15:25:34,43.3114128112793,-8.84558773040771,"Female"
"6018402",371849,2025-05-30 15:30:33,43.3113594055176,-8.8455810546875,"Female"
"6018402",371849,2025-05-30 15:35:37,43.3118438720703,-8.84556770324707,"Female"
"6018402",371849,2025-05-30 15:40:32,43.3119277954102,-8.84598922729492,"Female"
"6018402",371849,2025-05-30 15:45:34,43.3123359680176,-8.84606170654297,"Female"
"6018402",371849,2025-05-30 15:50:36,43.3122444152832,-8.84633445739746,"Female"
"6018402",371849,2025-05-30 15:55:36,43.3121643066406,-8.84634685516357,"Female"
"6018402",371849,2025-05-30 16:00:45,43.3117256164551,-8.84582233428955,"Female"
"6018402",371849,2025-05-30 16:05:39,43.3117179870605,-8.84580326080322,"Female"
"6018402",371849,2025-05-30 16:10:39,43.3117790222168,-8.84579086303711,"Female"
"6018402",371849,2025-05-30 16:15:39,43.3100128173828,-8.84690952301025,"Female"
"6018402",371849,2025-05-30 16:20:39,43.3101501464844,-8.84695816040039,"Female"
"6018402",371849,2025-05-30 16:25:44,43.3099021911621,-8.84700393676758,"Female"
"6018402",371849,2025-05-30 16:30:43,43.3098831176758,-8.84697723388672,"Female"
"6018402",371849,2025-05-30 16:35:37,43.3115043640137,-8.84335803985596,"Female"
"6018402",371849,2025-05-30 16:40:34,43.3114128112793,-8.84345054626465,"Female"
"6018402",371849,2025-05-30 16:45:45,43.3105659484863,-8.84591865539551,"Female"
"6018402",371849,2025-05-30 16:51:05,43.3100814819336,-8.84689903259277,"Female"
"6018402",371849,2025-05-30 16:55:33,43.3098220825195,-8.84627342224121,"Female"
"6018402",371849,2025-05-30 17:00:33,43.3105354309082,-8.84595203399658,"Female"
"6018402",371849,2025-05-30 17:05:33,43.310676574707,-8.84605693817139,"Female"
"6018402",371849,2025-05-30 17:10:34,43.3106307983398,-8.84597015380859,"Female"
"6018402",371849,2025-05-30 17:15:32,43.3106231689453,-8.84600353240967,"Female"
"6018402",371849,2025-05-30 17:20:33,43.2900123596191,-8.86444091796875,"Female"
"6018402",371849,2025-05-30 17:25:33,43.2902297973633,-8.86476039886475,"Female"
"6018402",371849,2025-05-30 17:30:32,43.2887115478516,-8.86265087127686,"Female"
"6018402",371849,2025-05-30 17:35:33,43.2991676330566,-8.85851573944092,"Female"
"6018402",371849,2025-05-30 17:40:35,43.3064804077148,-8.85791492462158,"Female"
"6018402",371849,2025-05-30 17:45:36,43.3189735412598,-8.854079246521,"Female"
"6018402",371849,2025-05-30 17:51:05,43.3194770812988,-8.84520626068115,"Female"
"6018402",371849,2025-05-30 17:55:33,43.3195762634277,-8.84524059295654,"Female"
"6018402",371849,2025-05-30 18:00:34,43.3194541931152,-8.84529113769531,"Female"
"6018402",371849,2025-05-30 18:05:34,43.3193740844727,-8.84522533416748,"Female"
"6018402",371849,2025-05-30 18:10:33,43.3194999694824,-8.845046043396,"Female"
"6018402",371849,2025-05-30 18:15:32,43.3194885253906,-8.84521675109863,"Female"
"6018402",371849,2025-05-30 18:20:32,43.3230056762695,-8.85020732879639,"Female"
"6018402",371849,2025-05-30 18:25:32,43.3420104980469,-8.85476684570312,"Female"
"6018402",371849,2025-05-30 18:30:33,43.3570976257324,-8.84980201721191,"Female"
"6018402",371849,2025-05-30 18:35:36,43.3578033447266,-8.84482002258301,"Female"
"6018402",371849,2025-05-30 18:40:36,43.3577537536621,-8.84482955932617,"Female"
"6018402",371849,2025-05-30 18:45:36,43.3578453063965,-8.84497451782227,"Female"
"6018402",371849,2025-05-30 18:50:44,43.3578491210938,-8.8448600769043,"Female"
"6018402",371849,2025-05-30 18:55:33,43.3578147888184,-8.84483432769775,"Female"
"6018402",371849,2025-05-30 19:00:38,43.3577995300293,-8.84486865997314,"Female"
"6018402",371849,2025-05-30 19:05:33,43.3578224182129,-8.84490299224854,"Female"
"6018402",371849,2025-05-30 19:10:34,43.3578453063965,-8.84490394592285,"Female"
"6018402",371849,2025-05-30 19:15:36,43.3577919006348,-8.84484195709229,"Female"
"6018402",371849,2025-05-30 19:20:36,43.3577690124512,-8.84483909606934,"Female"
"6018402",371849,2025-05-30 19:25:44,43.3578643798828,-8.84496402740479,"Female"
"6018402",371849,2025-05-30 19:30:33,43.3577346801758,-8.84488391876221,"Female"
"6018402",371849,2025-05-30 19:35:36,43.3574714660645,-8.84456539154053,"Female"
"6018402",371849,2025-05-30 19:40:37,43.3576965332031,-8.84482669830322,"Female"
"6018402",371849,2025-05-30 19:46:05,43.3577995300293,-8.84491443634033,"Female"
"6018402",371849,2025-05-30 19:50:32,43.3578338623047,-8.84496402740479,"Female"
"6018402",371849,2025-05-30 19:55:32,43.3578605651855,-8.84496212005615,"Female"
"6018402",371849,2025-05-30 20:00:32,43.3578605651855,-8.84494876861572,"Female"
"6018402",371849,2025-05-30 20:05:32,43.3578796386719,-8.84493446350098,"Female"
"6018402",371849,2025-05-30 20:10:32,43.3577919006348,-8.84501361846924,"Female"
"6018402",371849,2025-05-30 20:15:32,43.3578605651855,-8.84500503540039,"Female"
"6018402",371849,2025-05-30 20:20:33,43.3576736450195,-8.84474182128906,"Female"
"6018402",371849,2025-05-30 20:25:33,43.3576393127441,-8.84435749053955,"Female"
"6018402",371849,2025-05-30 20:30:35,43.3581085205078,-8.84553241729736,"Female"
"6018402",371849,2025-05-30 20:35:34,43.3579177856445,-8.84491348266602,"Female"
"6018402",371849,2025-05-30 20:40:36,43.357780456543,-8.84495544433594,"Female"
"6018402",371849,2025-05-30 20:45:37,43.3578147888184,-8.84495449066162,"Female"
"6018402",371849,2025-05-30 20:50:43,43.3577499389648,-8.84495544433594,"Female"
"6018402",371849,2025-05-30 20:55:39,43.3576965332031,-8.84494018554688,"Female"
"6018402",371849,2025-05-30 21:00:37,43.3576736450195,-8.84495639801025,"Female"
"6018402",371849,2025-05-30 21:05:34,43.357666015625,-8.84501361846924,"Female"
"6018402",371849,2025-05-30 21:10:36,43.3576126098633,-8.84493064880371,"Female"
"6018402",371849,2025-05-30 21:15:39,43.3577919006348,-8.8449535369873,"Female"
"6018402",371849,2025-05-30 21:20:38,43.3577461242676,-8.84489822387695,"Female"
"6018402",371849,2025-05-30 21:25:44,43.3577461242676,-8.84491729736328,"Female"
"6018402",371849,2025-05-30 21:31:05,43.3577537536621,-8.84491348266602,"Female"
"6018402",371849,2025-05-30 21:35:34,43.357780456543,-8.8449182510376,"Female"
"6018402",371849,2025-05-30 21:40:32,43.3577690124512,-8.84485054016113,"Female"
"6018402",371849,2025-05-30 21:45:32,43.3577461242676,-8.84493350982666,"Female"
"6018402",371849,2025-05-30 21:50:32,43.3577690124512,-8.84492588043213,"Female"
"6018402",371849,2025-05-30 21:55:32,43.3577690124512,-8.84487342834473,"Female"
"6018402",371849,2025-05-30 22:00:32,43.3577499389648,-8.84489822387695,"Female"
"6018402",371849,2025-05-30 22:05:32,43.3577690124512,-8.84497356414795,"Female"
"6018402",371849,2025-05-30 22:10:32,43.3577499389648,-8.84492874145508,"Female"
"6018402",371849,2025-05-30 22:15:32,43.3578109741211,-8.8449125289917,"Female"
"6018402",371849,2025-05-30 22:20:32,43.3577613830566,-8.84494686126709,"Female"
"6018402",371849,2025-05-30 22:25:32,43.3577156066895,-8.84491348266602,"Female"
"6018402",371849,2025-05-30 22:30:33,43.3577499389648,-8.84488010406494,"Female"
"6018402",371849,2025-05-30 22:35:34,43.3578147888184,-8.84495258331299,"Female"
"6018402",371849,2025-05-30 22:40:44,43.357738494873,-8.8448371887207,"Female"
"6018402",371849,2025-05-30 22:45:32,43.3578109741211,-8.84481716156006,"Female"
"6018402",371849,2025-05-30 22:50:33,43.3576850891113,-8.8447322845459,"Female"
"6018402",371849,2025-05-30 22:55:33,43.3577270507812,-8.84469509124756,"Female"
"6018402",371849,2025-05-30 23:00:33,43.3577537536621,-8.84485816955566,"Female"
"6018402",371849,2025-05-30 23:05:33,43.3578758239746,-8.84496688842773,"Female"
"6018402",371849,2025-05-30 23:10:33,43.3577461242676,-8.84487819671631,"Female"
"6018402",371849,2025-05-30 23:15:33,43.3577346801758,-8.84490489959717,"Female"
"6018402",371849,2025-05-30 23:20:33,43.3576545715332,-8.84464836120605,"Female"
"6018402",371849,2025-05-30 23:25:33,43.3577575683594,-8.84477615356445,"Female"
"6018402",371849,2025-05-30 23:30:37,43.3579292297363,-8.8450927734375,"Female"
"6018402",371849,2025-05-30 23:35:43,43.3578109741211,-8.84498310089111,"Female"
"6018402",371849,2025-05-30 23:40:34,43.3576507568359,-8.84484195709229,"Female"
"6018402",371849,2025-05-30 23:45:34,43.3577079772949,-8.8449068069458,"Female"
"6018402",371849,2025-05-30 23:50:34,43.3578338623047,-8.84486865997314,"Female"
"6018402",371849,2025-05-30 23:55:36,43.3575592041016,-8.84501361846924,"Female"
"6018402",371849,2025-05-31 00:00:39,43.3572959899902,-8.84490489959717,"Female"
"6018402",371849,2025-05-31 00:05:39,43.357666015625,-8.84505558013916,"Female"
"6018402",371849,2025-05-31 00:10:39,43.3580780029297,-8.84494304656982,"Female"
"6018402",371849,2025-05-31 00:15:40,43.3575057983398,-8.84518241882324,"Female"
"6018402",371849,2025-05-31 00:20:41,43.3581008911133,-8.84519386291504,"Female"
"6018402",371849,2025-05-31 00:25:39,43.3579177856445,-8.84497737884521,"Female"
"6018402",371849,2025-05-31 00:31:05,43.3578453063965,-8.84501647949219,"Female"
"6018402",371849,2025-05-31 00:35:40,43.357780456543,-8.84492206573486,"Female"
"6018402",371849,2025-05-31 00:40:37,43.3577842712402,-8.84488296508789,"Female"
"6018402",371849,2025-05-31 00:45:32,43.3577766418457,-8.8449649810791,"Female"
"6018402",371849,2025-05-31 00:50:33,43.3577880859375,-8.84488010406494,"Female"
"6018402",371849,2025-05-31 00:55:33,43.3577766418457,-8.84491062164307,"Female"
"6018402",371849,2025-05-31 01:00:33,43.3578033447266,-8.84491920471191,"Female"
"6018402",371849,2025-05-31 01:05:39,43.3577575683594,-8.84488487243652,"Female"
"6018402",371849,2025-05-31 01:10:36,43.3577880859375,-8.8448486328125,"Female"
"6018402",371849,2025-05-31 01:15:33,43.3578681945801,-8.84502983093262,"Female"
"6018402",371849,2025-05-31 01:20:33,43.3577117919922,-8.84483051300049,"Female"
"6018402",371849,2025-05-31 01:25:36,43.3578071594238,-8.84496307373047,"Female"
"6018402",371849,2025-05-31 01:31:05,43.3577690124512,-8.84482669830322,"Female"
"6018402",371849,2025-05-31 01:35:33,43.3577613830566,-8.84479236602783,"Female"
"6018402",371849,2025-05-31 01:40:33,43.3577728271484,-8.84486103057861,"Female"
"6018402",371849,2025-05-31 01:45:34,43.3578758239746,-8.84488010406494,"Female"
"6018402",371849,2025-05-31 01:50:34,43.3578681945801,-8.84479236602783,"Female"
"6018402",371849,2025-05-31 01:55:33,43.3578834533691,-8.84504890441895,"Female"
"6018402",371849,2025-05-31 02:00:33,43.3577842712402,-8.84492874145508,"Female"
"6018402",371849,2025-05-31 02:05:33,43.3578147888184,-8.84486293792725,"Female"
"6018402",371849,2025-05-31 02:10:33,43.3577880859375,-8.84481334686279,"Female"
"6018402",371849,2025-05-31 02:15:32,43.3578224182129,-8.84482955932617,"Female"
"6018402",371849,2025-05-31 02:20:32,43.35791015625,-8.84501075744629,"Female"
"6018402",371849,2025-05-31 02:25:34,43.3580741882324,-8.8447732925415,"Female"
"6018402",371849,2025-05-31 02:30:36,43.3580284118652,-8.84484767913818,"Female"
"6018402",371849,2025-05-31 02:35:33,43.3580169677734,-8.84477138519287,"Female"
"6018402",371849,2025-05-31 02:40:39,43.3580932617188,-8.84494018554688,"Female"
"6018402",371849,2025-05-31 02:46:05,43.3579216003418,-8.84475898742676,"Female"
"6018402",371849,2025-05-31 02:50:32,43.3577919006348,-8.84504508972168,"Female"
"6018402",371849,2025-05-31 02:55:33,43.3578758239746,-8.84467601776123,"Female"
"6018402",371849,2025-05-31 03:00:33,43.3578834533691,-8.84474754333496,"Female"
"6018402",371849,2025-05-31 03:05:33,43.3578491210938,-8.84478187561035,"Female"
"6018402",371849,2025-05-31 03:10:33,43.3578338623047,-8.84483528137207,"Female"
"6018402",371849,2025-05-31 03:15:32,43.3578109741211,-8.84485626220703,"Female"
"6018402",371849,2025-05-31 03:20:32,43.3578262329102,-8.84488201141357,"Female"
"6018402",371849,2025-05-31 03:25:32,43.3578033447266,-8.84483528137207,"Female"
"6018402",371849,2025-05-31 03:30:32,43.3577919006348,-8.84485626220703,"Female"
"6018402",371849,2025-05-31 03:35:32,43.3577919006348,-8.84485530853271,"Female"
"6018402",371849,2025-05-31 03:40:32,43.3578147888184,-8.84482192993164,"Female"
"6018402",371849,2025-05-31 03:45:32,43.3577880859375,-8.84481906890869,"Female"
"6018402",371849,2025-05-31 03:50:32,43.3578109741211,-8.84484386444092,"Female"
"6018402",371849,2025-05-31 03:55:32,43.3577690124512,-8.84485054016113,"Female"
"6018402",371849,2025-05-31 04:00:32,43.3577613830566,-8.84484100341797,"Female"
"6018402",371849,2025-05-31 04:05:33,43.3578109741211,-8.84478378295898,"Female"
"6018402",371849,2025-05-31 04:10:32,43.3743553161621,-8.85743522644043,"Female"
"6018402",371849,2025-05-31 04:15:32,43.3956985473633,-8.88220882415771,"Female"
"6018402",371849,2025-05-31 04:20:31,43.4180679321289,-8.90720176696777,"Female"
"6018402",371849,2025-05-31 04:25:32,43.4359588623047,-8.94194412231445,"Female"
"6018402",371849,2025-05-31 04:30:32,43.4449310302734,-8.98803329467773,"Female"
"6018402",371849,2025-05-31 04:35:32,43.4536972045898,-9.0337610244751,"Female"
"6018402",371849,2025-05-31 04:40:44,43.4648704528809,-9.08332347869873,"Female"
"6018402",371849,2025-05-31 04:46:56,43.4616813659668,-9.14686965942383,"Female"
"6018402",371849,2025-05-31 04:51:56,43.463565826416,-9.17855548858643,"Female"
"6018402",371849,2025-05-31 04:56:14,43.44482421875,-9.20508766174316,"Female"
"6018402",371849,2025-05-31 05:00:35,43.4425888061523,-9.24558258056641,"Female"
"6018402",371849,2025-05-31 05:05:32,43.4538955688477,-9.24540138244629,"Female"
"6018402",371849,2025-05-31 05:10:33,43.4562644958496,-9.23522090911865,"Female"
"6018402",371849,2025-05-31 05:15:34,43.4537124633789,-9.21983432769775,"Female"
"6018402",371849,2025-05-31 05:20:34,43.4445495605469,-9.19364356994629,"Female"
"6018402",371849,2025-05-31 05:25:32,43.4395408630371,-9.16720199584961,"Female"
"6018402",371849,2025-05-31 05:30:33,43.4317359924316,-9.13908004760742,"Female"
"6018402",371849,2025-05-31 05:35:31,43.4261054992676,-9.11164665222168,"Female"
"6018402",371849,2025-05-31 05:40:32,43.4178733825684,-9.08346939086914,"Female"
"6018402",371849,2025-05-31 05:46:14,43.4037017822266,-9.05183219909668,"Female"
"6018402",371849,2025-05-31 05:50:36,43.3901443481445,-9.02835178375244,"Female"
"6018402",371849,2025-05-31 05:55:39,43.3770790100098,-8.9995641708374,"Female"
"6018402",371849,2025-05-31 06:01:25,43.3580093383789,-8.96599864959717,"Female"
"6018402",371849,2025-05-31 06:05:42,43.3458938598633,-8.93993377685547,"Female"
"6018402",371849,2025-05-31 06:10:42,43.341625213623,-8.90679836273193,"Female"
"6018402",371849,2025-05-31 06:15:42,43.3288803100586,-8.87625694274902,"Female"
"6018402",371849,2025-05-31 06:20:42,43.3145446777344,-8.8569278717041,"Female"
"6018402",371849,2025-05-31 06:25:44,43.3145294189453,-8.85696601867676,"Female"
"6018402",371849,2025-05-31 06:30:54,43.3142852783203,-8.85705852508545,"Female"
"6018402",371849,2025-05-31 06:35:37,43.3145942687988,-8.85700035095215,"Female"
"6018402",371849,2025-05-31 06:40:36,43.3146057128906,-8.85701179504395,"Female"
"6018402",371849,2025-05-31 06:46:05,43.3145942687988,-8.85703563690186,"Female"
"6018402",371849,2025-05-31 06:50:33,43.3145294189453,-8.85704898834229,"Female"
"6018402",371849,2025-05-31 06:55:31,43.3146171569824,-8.85707092285156,"Female"
"6018402",371849,2025-05-31 07:00:31,43.314582824707,-8.85691547393799,"Female"
"6018402",371849,2025-05-31 07:05:31,43.3275337219238,-8.8489465713501,"Female"
"6018402",371849,2025-05-31 07:10:32,43.3489837646484,-8.84498691558838,"Female"
"6018402",371849,2025-05-31 07:15:33,43.3577270507812,-8.84486389160156,"Female"
"6018402",371849,2025-05-31 07:20:37,43.3577766418457,-8.84487628936768,"Female"
"6018402",371849,2025-05-31 07:25:36,43.3577690124512,-8.84495067596436,"Female"
"6018402",371849,2025-05-31 07:30:34,43.3578567504883,-8.84515476226807,"Female"
"6018402",371849,2025-05-31 07:35:35,43.358024597168,-8.84514999389648,"Female"
"6018402",371849,2025-05-31 07:40:35,43.3580474853516,-8.84524440765381,"Female"
"6018402",371849,2025-05-31 07:45:40,43.3578147888184,-8.84498977661133,"Female"
"6018402",371849,2025-05-31 07:50:34,43.3577423095703,-8.84489727020264,"Female"
"6018402",371849,2025-05-31 07:55:36,43.357837677002,-8.8450403213501,"Female"
"6018402",371849,2025-05-31 08:00:48,43.357837677002,-8.84489727020264,"Female"
"6018402",371849,2025-05-31 08:06:01,43.357852935791,-8.84495639801025,"Female"
"6018402",371849,2025-05-31 08:10:31,43.3577842712402,-8.84480476379395,"Female"
"6018402",371849,2025-05-31 08:15:32,43.3580703735352,-8.84529590606689,"Female"
"6018402",371849,2025-05-31 08:20:33,43.3578414916992,-8.84488201141357,"Female"
"6018402",371849,2025-05-31 08:25:32,43.3577308654785,-8.84466171264648,"Female"
"6018402",371849,2025-05-31 08:30:34,43.3578720092773,-8.84518909454346,"Female"
"6018402",371849,2025-05-31 08:35:36,43.3577842712402,-8.84484672546387,"Female"
"6018402",371849,2025-05-31 08:40:32,43.3579292297363,-8.84512329101562,"Female"
"6018402",371849,2025-05-31 08:45:39,43.3578491210938,-8.8447961807251,"Female"
"6018402",371849,2025-05-31 08:50:33,43.3578109741211,-8.84473991394043,"Female"
"6018402",371849,2025-05-31 08:55:42,43.357837677002,-8.84475612640381,"Female"
"6018402",371849,2025-05-31 09:00:34,43.357837677002,-8.84463882446289,"Female"
"6018402",371849,2025-05-31 09:05:37,43.3578834533691,-8.84468841552734,"Female"
"6018402",371849,2025-05-31 09:10:37,43.3577613830566,-8.84462451934814,"Female"
"6018402",371849,2025-05-31 09:15:39,43.3578186035156,-8.84453296661377,"Female"
"6018402",371849,2025-05-31 09:20:43,43.3578300476074,-8.84451961517334,"Female"
"6018402",371849,2025-05-31 09:26:05,43.357723236084,-8.84487915039062,"Female"
"6018402",371849,2025-05-31 09:30:31,43.3576774597168,-8.84477806091309,"Female"
"6018402",371849,2025-05-31 09:35:32,43.3577880859375,-8.84487533569336,"Female"
"6018402",371849,2025-05-31 09:40:32,43.3577690124512,-8.84486865997314,"Female"
"6018402",371849,2025-05-31 09:45:33,43.3576889038086,-8.84481525421143,"Female"
"6018402",371849,2025-05-31 09:50:34,43.3576965332031,-8.84482383728027,"Female"
"6018402",371849,2025-05-31 09:55:31,43.3576965332031,-8.84477710723877,"Female"
"6018402",371849,2025-05-31 10:00:31,43.3576202392578,-8.84461975097656,"Female"
"6018402",371849,2025-05-31 10:05:35,43.3577079772949,-8.84488201141357,"Female"
"6018402",371849,2025-05-31 10:10:32,43.3577117919922,-8.84459972381592,"Female"
"6018402",371849,2025-05-31 10:15:32,43.3577537536621,-8.84475517272949,"Female"
"6018402",371849,2025-05-31 10:20:32,43.3578147888184,-8.84481906890869,"Female"
"6018402",371849,2025-05-31 10:25:32,43.3577880859375,-8.84493827819824,"Female"
"6018402",371849,2025-05-31 10:30:32,43.3577194213867,-8.84463882446289,"Female"
"6018402",371849,2025-05-31 10:35:33,43.3577537536621,-8.84481716156006,"Female"
"6018402",371849,2025-05-31 10:40:40,43.3577346801758,-8.84500789642334,"Female"
"6018402",371849,2025-05-31 10:45:33,43.3577880859375,-8.8449592590332,"Female"
"6018402",371849,2025-05-31 10:51:10,43.3573532104492,-8.84499931335449,"Female"
"6018402",371849,2025-05-31 10:55:37,43.3577461242676,-8.84498119354248,"Female"
"6018402",371849,2025-05-31 11:00:37,43.3577880859375,-8.84500217437744,"Female"
"6018402",371849,2025-05-31 11:05:38,43.3578491210938,-8.84495449066162,"Female"
"6018402",371849,2025-05-31 11:10:38,43.3577766418457,-8.84500885009766,"Female"
"6018402",371849,2025-05-31 11:15:33,43.3576354980469,-8.84486293792725,"Female"
"6018402",371849,2025-05-31 11:20:38,43.3581047058105,-8.84479999542236,"Female"
"6018402",371849,2025-05-31 11:25:41,43.3580627441406,-8.8447790145874,"Female"
"6018402",371849,2025-05-31 11:30:33,43.3553276062012,-8.85994911193848,"Female"
"6018402",371849,2025-05-31 11:35:34,43.3757553100586,-8.89151763916016,"Female"
"6018402",371849,2025-05-31 11:40:35,43.3933067321777,-8.92833137512207,"Female"
"6018402",371849,2025-05-31 11:46:56,43.413703918457,-8.97681617736816,"Female"
"6018402",371849,2025-05-31 11:51:56,43.4278564453125,-8.98665714263916,"Female"
"6018402",371849,2025-05-31 11:56:56,43.4472579956055,-8.99803256988525,"Female"
"6018402",371849,2025-05-31 12:01:56,43.4668426513672,-9.0121021270752,"Female"
"6018402",371849,2025-05-31 12:06:56,43.4882736206055,-9.03029346466064,"Female"
"6018402",371849,2025-05-31 12:11:56,43.50732421875,-9.055419921875,"Female"
"6018402",371849,2025-05-31 12:16:14,43.5082206726074,-9.05751895904541,"Female"
"6018402",371849,2025-05-31 12:20:35,43.5081176757812,-9.05810070037842,"Female"
"6018402",371849,2025-05-31 12:25:35,43.5081024169922,-9.05918025970459,"Female"
"6018402",371849,2025-05-31 12:30:33,43.5175895690918,-9.07724571228027,"Female"
"6018402",371849,2025-05-31 12:35:35,43.5300445556641,-9.11869430541992,"Female"
"6018402",371849,2025-05-31 12:40:33,43.5373916625977,-9.16209697723389,"Female"
"6018402",371849,2025-05-31 12:46:05,43.5429573059082,-9.21182632446289,"Female"
"6018402",371849,2025-05-31 12:50:36,43.5244407653809,-9.25924301147461,"Female"
"6018402",371849,2025-05-31 12:55:33,43.5096054077148,-9.30939769744873,"Female"
"6018402",371849,2025-05-31 13:00:31,43.5076065063477,-9.35881614685059,"Female"
"6018402",371849,2025-05-31 13:05:31,43.5055732727051,-9.40887641906738,"Female"
"6018402",371849,2025-05-31 13:10:31,43.5129814147949,-9.43958473205566,"Female"
"6018402",371849,2025-05-31 13:15:34,43.5238952636719,-9.45695686340332,"Female"
"6018402",371849,2025-05-31 13:20:32,43.5393867492676,-9.44261741638184,"Female"
"6018402",371849,2025-05-31 13:25:32,43.5537872314453,-9.42049407958984,"Female"
"6018402",371849,2025-05-31 13:30:32,43.5669975280762,-9.39341163635254,"Female"
"6018402",371849,2025-05-31 13:35:32,43.5698928833008,-9.3619441986084,"Female"
"6018402",371849,2025-05-31 13:40:32,43.5754127502441,-9.3305082321167,"Female"
"6018402",371849,2025-05-31 13:45:33,43.5711555480957,-9.31779193878174,"Female"
"6018402",371849,2025-05-31 13:50:32,43.5736083984375,-9.313645362854,"Female"
"6018402",371849,2025-05-31 13:55:32,43.5857200622559,-9.28579330444336,"Female"
"6018402",371849,2025-05-31 14:00:32,43.5870246887207,-9.25627708435059,"Female"
"6018402",371849,2025-05-31 14:05:32,43.5832061767578,-9.22083950042725,"Female"
"6018402",371849,2025-05-31 14:10:32,43.5664138793945,-9.18678569793701,"Female"
"6018402",371849,2025-05-31 14:15:32,43.5423164367676,-9.15566349029541,"Female"
"6018402",371849,2025-05-31 14:20:32,43.5102806091309,-9.13541793823242,"Female"
"6018402",371849,2025-05-31 14:25:32,43.4759979248047,-9.11545372009277,"Female"
"6018402",371849,2025-05-31 14:30:33,43.4386177062988,-9.1001558303833,"Female"
"6018402",371849,2025-05-31 14:35:32,43.4075736999512,-9.07652950286865,"Female"
"6018402",371849,2025-05-31 14:40:32,43.3788261413574,-9.04792881011963,"Female"
"6018402",371849,2025-05-31 14:45:32,43.351318359375,-9.02055835723877,"Female"
"6018402",371849,2025-05-31 14:50:32,43.3219947814941,-8.98970985412598,"Female"
"6018402",371849,2025-05-31 14:55:32,43.2959785461426,-8.9617223739624,"Female"
"6018402",371849,2025-05-31 15:00:32,43.2878646850586,-8.93828964233398,"Female"
"6018402",371849,2025-05-31 15:05:32,43.2902870178223,-8.91534996032715,"Female"
"6018402",371849,2025-05-31 15:10:32,43.2839202880859,-8.88953495025635,"Female"
"6018402",371849,2025-05-31 15:15:32,43.2902526855469,-8.87193012237549,"Female"
"6018402",371849,2025-05-31 15:20:33,43.3027648925781,-8.8555269241333,"Female"
"6018402",371849,2025-05-31 15:25:32,43.3026847839355,-8.85521984100342,"Female"
"6018402",371849,2025-05-31 15:30:32,43.3027763366699,-8.85529136657715,"Female"
"6018402",371849,2025-05-31 15:35:32,43.3026313781738,-8.85513591766357,"Female"
"6018402",371849,2025-05-31 15:40:32,43.3025932312012,-8.85613632202148,"Female"
"6018402",371849,2025-05-31 15:45:32,43.3024673461914,-8.85595512390137,"Female"
"6018402",371849,2025-05-31 15:50:32,43.3027000427246,-8.85638618469238,"Female"
"6018402",371849,2025-05-31 15:55:32,43.3012809753418,-8.85956954956055,"Female"
"6018402",371849,2025-05-31 16:01:05,43.2961120605469,-8.85553646087646,"Female"
"6018402",371849,2025-05-31 16:05:33,43.2959785461426,-8.85564041137695,"Female"
"6018402",371849,2025-05-31 16:10:35,43.2963752746582,-8.85523509979248,"Female"
"6018402",371849,2025-05-31 16:15:33,43.2966194152832,-8.85512161254883,"Female"
"6018402",371849,2025-05-31 16:20:34,43.2970733642578,-8.85496711730957,"Female"
"6018402",371849,2025-05-31 16:25:34,43.3127365112305,-8.85822677612305,"Female"
"6018402",371849,2025-05-31 16:30:34,43.3143882751465,-8.85680103302002,"Female"
"6018402",371849,2025-05-31 16:35:40,43.3144187927246,-8.85693168640137,"Female"
"6018402",371849,2025-05-31 16:40:33,43.3143653869629,-8.85691070556641,"Female"
"6018402",371849,2025-05-31 16:45:36,43.3143730163574,-8.85682010650635,"Female"
"6018402",371849,2025-05-31 16:50:41,43.3143692016602,-8.85681438446045,"Female"
"6018402",371849,2025-05-31 16:55:37,43.3141098022461,-8.85656356811523,"Female"
"6018402",371849,2025-05-31 17:00:42,43.3145141601562,-8.85686016082764,"Female"
"6018402",371849,2025-05-31 17:05:35,43.3067588806152,-8.86703681945801,"Female"
"6018402",371849,2025-05-31 17:10:38,43.2935791015625,-8.86828231811523,"Female"
"6018402",371849,2025-05-31 17:15:37,43.293628692627,-8.86827564239502,"Female"
"6018402",371849,2025-05-31 17:20:35,43.2936325073242,-8.86831283569336,"Female"
"6018402",371849,2025-05-31 17:25:38,43.2936592102051,-8.86820316314697,"Female"
"6018402",371849,2025-05-31 17:30:38,43.29345703125,-8.86807060241699,"Female"
"6018402",371849,2025-05-31 17:35:38,43.2934417724609,-8.86801719665527,"Female"
"6018402",371849,2025-05-31 17:40:39,43.2935409545898,-8.86822128295898,"Female"
"6018402",371849,2025-05-31 17:46:05,43.2934722900391,-8.8682918548584,"Female"
"6018402",371849,2025-05-31 17:50:33,43.2932548522949,-8.86806297302246,"Female"
"6018402",371849,2025-05-31 17:55:43,43.2928466796875,-8.86993408203125,"Female"
"6018402",371849,2025-05-31 18:00:39,43.2928695678711,-8.86960887908936,"Female"
"6018402",371849,2025-05-31 18:05:33,43.2937622070312,-8.87085247039795,"Female"
"6018402",371849,2025-05-31 18:10:38,43.2934989929199,-8.86790752410889,"Female"
"6018402",371849,2025-05-31 18:15:42,43.2934646606445,-8.86822509765625,"Female"
"6018402",371849,2025-05-31 18:20:35,43.2868385314941,-8.86800384521484,"Female"
"6018402",371849,2025-05-31 18:25:38,43.2856864929199,-8.86927032470703,"Female"
"6018402",371849,2025-05-31 18:30:44,43.2856674194336,-8.86914539337158,"Female"
"6018402",371849,2025-05-31 18:35:39,43.2849159240723,-8.86739826202393,"Female"
"6018402",371849,2025-05-31 18:40:38,43.2793121337891,-8.86088275909424,"Female"
"6018402",371849,2025-05-31 18:45:38,43.282585144043,-8.85758590698242,"Female"
"6018402",371849,2025-05-31 18:50:36,43.2852096557617,-8.85647106170654,"Female"
"6018402",371849,2025-05-31 18:55:41,43.2850189208984,-8.8558988571167,"Female"
"6018402",371849,2025-05-31 19:00:38,43.2844123840332,-8.85671901702881,"Female"
"6018402",371849,2025-05-31 19:05:38,43.2849273681641,-8.85752201080322,"Female"
"6018402",371849,2025-05-31 19:10:38,43.3000183105469,-8.85640335083008,"Female"
"6018402",371849,2025-05-31 19:15:32,43.3146553039551,-8.85745429992676,"Female"
"6018402",371849,2025-05-31 19:20:39,43.3144683837891,-8.85714149475098,"Female"
"6018402",371849,2025-05-31 19:25:32,43.31982421875,-8.85458374023438,"Female"
"6018402",371849,2025-05-31 19:30:40,43.3409385681152,-8.84958648681641,"Female"
"6018402",371849,2025-05-31 19:35:37,43.3556632995605,-8.84784698486328,"Female"
"6018402",371849,2025-05-31 19:40:35,43.3579940795898,-8.84509468078613,"Female"
"6018402",371849,2025-05-31 19:46:05,43.3577995300293,-8.84490394592285,"Female"
"6018402",371849,2025-05-31 19:50:32,43.3578453063965,-8.84493827819824,"Female"
"6018402",371849,2025-05-31 19:55:32,43.3578834533691,-8.84509658813477,"Female"
"6018402",371849,2025-05-31 20:00:32,43.3578262329102,-8.8449764251709,"Female"
"6018402",371849,2025-05-31 20:05:32,43.3577728271484,-8.84490203857422,"Female"
"6018402",371849,2025-05-31 20:10:32,43.3578872680664,-8.84505653381348,"Female"
"6018402",371849,2025-05-31 20:15:32,43.3577880859375,-8.84509754180908,"Female"
"6018402",371849,2025-05-31 20:20:33,43.3578300476074,-8.84497356414795,"Female"
"6018402",371849,2025-05-31 20:25:33,43.3578186035156,-8.84492492675781,"Female"
"6018402",371849,2025-05-31 20:30:33,43.3578147888184,-8.84488964080811,"Female"
"6018402",371849,2025-05-31 20:35:36,43.3577575683594,-8.84496593475342,"Female"
"6018402",371849,2025-05-31 20:40:33,43.3576278686523,-8.84487152099609,"Female"
"6018402",371849,2025-05-31 20:45:42,43.3577575683594,-8.84496879577637,"Female"
"6018402",371849,2025-05-31 20:50:33,43.357723236084,-8.8449764251709,"Female"
"6018402",371849,2025-05-31 20:55:34,43.3578758239746,-8.84516048431396,"Female"
"6018402",371849,2025-05-31 21:00:42,43.357738494873,-8.84498023986816,"Female"
"6018402",371849,2025-05-31 21:05:36,43.357780456543,-8.84495735168457,"Female"
"6018402",371849,2025-05-31 21:10:36,43.357780456543,-8.84492874145508,"Female"
"6018402",371849,2025-05-31 21:15:36,43.3576812744141,-8.84473133087158,"Female"
"6018402",371849,2025-05-31 21:20:44,43.3577728271484,-8.84485721588135,"Female"
"6018402",371849,2025-05-31 21:25:38,43.3577575683594,-8.84495639801025,"Female"
"6018402",371849,2025-05-31 21:30:38,43.3577651977539,-8.84491539001465,"Female"
"6018402",371849,2025-05-31 21:35:38,43.3577194213867,-8.8449182510376,"Female"
"6018402",371849,2025-05-31 21:40:37,43.3577270507812,-8.84489059448242,"Female"
"6018402",371849,2025-05-31 21:45:42,43.3576698303223,-8.84488773345947,"Female"
"6018402",371849,2025-05-31 21:51:05,43.3577346801758,-8.84490871429443,"Female"
"6018402",371849,2025-05-31 21:55:32,43.3577537536621,-8.84492206573486,"Female"
"6018402",371849,2025-05-31 22:00:32,43.3577346801758,-8.84487438201904,"Female"
"6018402",371849,2025-05-31 22:05:32,43.3577651977539,-8.84492015838623,"Female"
"6018402",371849,2025-05-31 22:10:32,43.3577651977539,-8.84488582611084,"Female"
"6018402",371849,2025-05-31 22:15:32,43.3578109741211,-8.84496021270752,"Female"
"6018402",371849,2025-05-31 22:20:32,43.3577308654785,-8.84482383728027,"Female"
"6018402",371849,2025-05-31 22:25:33,43.3578033447266,-8.84496021270752,"Female"
"6018402",371849,2025-05-31 22:30:33,43.3577690124512,-8.84487152099609,"Female"
"6018402",371849,2025-05-31 22:35:33,43.3578147888184,-8.84497165679932,"Female"
"6018402",371849,2025-05-31 22:40:32,43.3577308654785,-8.84480285644531,"Female"
"6018402",371849,2025-05-31 22:45:32,43.3578453063965,-8.84497833251953,"Female"
"6018402",371849,2025-05-31 22:50:32,43.3578643798828,-8.84495735168457,"Female"
"6018402",371849,2025-05-31 22:55:33,43.3578300476074,-8.84488773345947,"Female"
"6018402",371849,2025-05-31 23:00:36,43.3578338623047,-8.84485626220703,"Female"
"6018402",371849,2025-05-31 23:05:33,43.3578796386719,-8.84499931335449,"Female"
"6018402",371849,2025-05-31 23:10:33,43.3578643798828,-8.84507274627686,"Female"
"6018402",371849,2025-05-31 23:15:33,43.3578681945801,-8.84497356414795,"Female"
"6018402",371849,2025-05-31 23:20:34,43.3578720092773,-8.84480953216553,"Female"
"6018402",371849,2025-05-31 23:25:33,43.3578681945801,-8.84493350982666,"Female"
"6018402",371849,2025-05-31 23:30:33,43.3579063415527,-8.84503841400146,"Female"
"6018402",371849,2025-05-31 23:35:34,43.3578834533691,-8.84484195709229,"Female"
"6018402",371849,2025-05-31 23:40:34,43.3578605651855,-8.84482955932617,"Female"
"6018402",371849,2025-05-31 23:45:36,43.3577651977539,-8.84490871429443,"Female"
"6018402",371849,2025-05-31 23:50:34,43.357837677002,-8.84479999542236,"Female"
"6018402",371849,2025-05-31 23:55:37,43.3576202392578,-8.84499073028564,"Female"
"6018402",371849,2025-06-01 00:01:05,43.3576889038086,-8.844895362854,"Female"
"6018402",371849,2025-06-01 00:05:33,43.3577766418457,-8.844895362854,"Female"
"6018402",371849,2025-06-01 00:10:34,43.3577766418457,-8.84484386444092,"Female"
"6018402",371849,2025-06-01 00:15:33,43.3578147888184,-8.84485816955566,"Female"
"6018402",371849,2025-06-01 00:20:36,43.3577995300293,-8.84488773345947,"Female"
"6018402",371849,2025-06-01 00:25:34,43.357837677002,-8.84487247467041,"Female"
"6018402",371849,2025-06-01 00:30:40,43.3578910827637,-8.84485530853271,"Female"
"6018402",371849,2025-06-01 00:36:05,43.3577423095703,-8.84492492675781,"Female"
"6018402",371849,2025-06-01 00:40:32,43.3577575683594,-8.84491157531738,"Female"
"6018402",371849,2025-06-01 00:45:33,43.3577690124512,-8.8448371887207,"Female"
"6018402",371849,2025-06-01 00:50:34,43.3577079772949,-8.8449239730835,"Female"
"6018402",371849,2025-06-01 00:55:34,43.3576927185059,-8.84490966796875,"Female"
"6018402",371849,2025-06-01 01:00:36,43.3576812744141,-8.84484767913818,"Female"
"6018402",371849,2025-06-01 01:05:37,43.3577423095703,-8.84489631652832,"Female"
"6018402",371849,2025-06-01 01:10:36,43.3577117919922,-8.84500408172607,"Female"
"6018402",371849,2025-06-01 01:15:39,43.3576354980469,-8.84490489959717,"Female"
"6018402",371849,2025-06-01 01:20:39,43.3576354980469,-8.84501457214355,"Female"
"6018402",371849,2025-06-01 01:25:39,43.3576927185059,-8.84499549865723,"Female"
"6018402",371849,2025-06-01 01:30:40,43.3576316833496,-8.8449764251709,"Female"
"6018402",371849,2025-06-01 01:35:39,43.3576393127441,-8.84505653381348,"Female"
"6018402",371849,2025-06-01 01:41:04,43.3578186035156,-8.84489059448242,"Female"
"6018402",371849,2025-06-01 01:45:32,43.3578147888184,-8.84488391876221,"Female"
"6018402",371849,2025-06-01 01:50:32,43.3578300476074,-8.84491348266602,"Female"
"6018402",371849,2025-06-01 01:55:32,43.357852935791,-8.84490585327148,"Female"
"6018402",371849,2025-06-01 02:00:32,43.3578491210938,-8.84495067596436,"Female"
"6018402",371849,2025-06-01 02:05:32,43.3578338623047,-8.8449535369873,"Female"
"6018402",371849,2025-06-01 02:10:32,43.3578910827637,-8.84493541717529,"Female"
"6018402",371849,2025-06-01 02:15:36,43.3578643798828,-8.84481048583984,"Female"
"6018402",371849,2025-06-01 02:21:05,43.3578300476074,-8.84486961364746,"Female"
"6018402",371849,2025-06-01 02:25:39,43.3578224182129,-8.84487438201904,"Female"
"6018402",371849,2025-06-01 02:30:35,43.3578071594238,-8.84489059448242,"Female"
"6018402",371849,2025-06-01 02:35:37,43.3577690124512,-8.84482288360596,"Female"
"6018402",371849,2025-06-01 02:40:35,43.3578262329102,-8.84488487243652,"Female"
"6018402",371849,2025-06-01 02:45:33,43.3577690124512,-8.84480094909668,"Female"
"6018402",371849,2025-06-01 02:50:36,43.3578071594238,-8.84484386444092,"Female"
"6018402",371849,2025-06-01 02:55:33,43.3577575683594,-8.84486198425293,"Female"
"6018402",371849,2025-06-01 03:00:32,43.3578109741211,-8.84486103057861,"Female"
"6018402",371849,2025-06-01 03:06:03,43.357852935791,-8.84482955932617,"Female"
"6018402",371849,2025-06-01 03:10:32,43.3579063415527,-8.8447380065918,"Female"
"6018402",371849,2025-06-01 03:15:32,43.3578834533691,-8.84485721588135,"Female"
"6018402",371849,2025-06-01 03:20:33,43.3578186035156,-8.84486389160156,"Female"
"6018402",371849,2025-06-01 03:25:33,43.357837677002,-8.84479331970215,"Female"
"6018402",371849,2025-06-01 03:30:32,43.3578224182129,-8.84486103057861,"Female"
"6018402",371849,2025-06-01 03:35:32,43.3578186035156,-8.84483432769775,"Female"
"6018402",371849,2025-06-01 03:40:32,43.3578834533691,-8.8448314666748,"Female"
"6018402",371849,2025-06-01 03:45:32,43.3578605651855,-8.84490394592285,"Female"
"6018402",371849,2025-06-01 03:50:33,43.3578147888184,-8.84485054016113,"Female"
"6018402",371849,2025-06-01 03:55:33,43.3578071594238,-8.8448600769043,"Female"
"6018402",371849,2025-06-01 04:00:33,43.3578567504883,-8.84480476379395,"Female"
"6018402",371849,2025-06-01 04:05:33,43.3673400878906,-8.85392379760742,"Female"
"6018402",371849,2025-06-01 04:10:33,43.3852005004883,-8.88389587402344,"Female"
"6018402",371849,2025-06-01 04:15:33,43.4043312072754,-8.91300487518311,"Female"
"6018402",371849,2025-06-01 04:20:34,43.4160690307617,-8.95403289794922,"Female"
"6018402",371849,2025-06-01 04:25:34,43.4321327209473,-8.98858737945557,"Female"
"6018402",371849,2025-06-01 04:30:33,43.4467353820801,-9.01763248443604,"Female"
"6018402",371849,2025-06-01 04:35:34,43.4546051025391,-9.05945014953613,"Female"
"6018402",371849,2025-06-01 04:40:33,43.451789855957,-9.09750652313232,"Female"
"6018402",371849,2025-06-01 04:45:33,43.461612701416,-9.13318824768066,"Female"
"6018402",371849,2025-06-01 04:50:35,43.4619140625,-9.16783142089844,"Female"
"6018402",371849,2025-06-01 04:55:36,43.4604530334473,-9.20997714996338,"Female"
"6018402",371849,2025-06-01 05:00:35,43.4406242370605,-9.23876667022705,"Female"
"6018402",371849,2025-06-01 05:06:05,43.4112548828125,-9.25741004943848,"Female"
"6018402",371849,2025-06-01 05:10:33,43.3927001953125,-9.29129791259766,"Female"
"6018402",371849,2025-06-01 05:15:41,43.3914756774902,-9.32729816436768,"Female"
"6018402",371849,2025-06-01 05:20:34,43.3912315368652,-9.33571815490723,"Female"
"6018402",371849,2025-06-01 05:25:35,43.3943138122559,-9.34462928771973,"Female"
"6018402",371849,2025-06-01 05:30:34,43.3987503051758,-9.33246040344238,"Female"
"6018402",371849,2025-06-01 05:35:34,43.3975257873535,-9.33159828186035,"Female"
"6018402",371849,2025-06-01 05:40:34,43.4046096801758,-9.33218097686768,"Female"
"6018402",371849,2025-06-01 05:45:34,43.414134979248,-9.34282875061035,"Female"
"6018402",371849,2025-06-01 05:51:34,43.4226455688477,-9.33500099182129,"Female"
"6018402",371849,2025-06-01 05:55:33,43.4262657165527,-9.32523536682129,"Female"
"6018402",371849,2025-06-01 06:00:34,43.4054679870605,-9.29292678833008,"Female"
"6018402",371849,2025-06-01 06:05:35,43.3796577453613,-9.26028728485107,"Female"
"6018402",371849,2025-06-01 06:10:44,43.3610496520996,-9.22609424591064,"Female"
"6018402",371849,2025-06-01 06:15:33,43.3480339050293,-9.19493389129639,"Female"
"6018402",371849,2025-06-01 06:20:36,43.3317680358887,-9.16194534301758,"Female"
"6018402",371849,2025-06-01 06:25:40,43.3149452209473,-9.12862014770508,"Female"
"6018402",371849,2025-06-01 06:30:43,43.3089866638184,-9.09313869476318,"Female"
"6018402",371849,2025-06-01 06:35:32,43.3028182983398,-9.06147480010986,"Female"
"6018402",371849,2025-06-01 06:40:32,43.2969589233398,-9.03055572509766,"Female"
"6018402",371849,2025-06-01 06:45:33,43.2928733825684,-8.99933338165283,"Female"
"6018402",371849,2025-06-01 06:50:33,43.2899208068848,-8.96769332885742,"Female"
"6018402",371849,2025-06-01 06:55:34,43.2887916564941,-8.94192028045654,"Female"
"6018402",371849,2025-06-01 07:01:05,43.2875900268555,-8.93103218078613,"Female"
"6018402",371849,2025-06-01 07:05:32,43.2958106994629,-8.90764331817627,"Female"
"6018402",371849,2025-06-01 07:10:32,43.3207778930664,-8.91571044921875,"Female"
"6018402",371849,2025-06-01 07:15:32,43.3273696899414,-8.88622379302979,"Female"
"6018402",371849,2025-06-01 07:20:32,43.3172721862793,-8.86365413665771,"Female"
"6018402",371849,2025-06-01 07:25:34,43.3143997192383,-8.85696125030518,"Female"
"6018402",371849,2025-06-01 07:30:32,43.3144798278809,-8.85692405700684,"Female"
"6018402",371849,2025-06-01 07:35:33,43.3144645690918,-8.85691356658936,"Female"
"6018402",371849,2025-06-01 07:40:33,43.3144874572754,-8.85686206817627,"Female"
"6018402",371849,2025-06-01 07:45:32,43.309024810791,-8.85890865325928,"Female"
"6018402",371849,2025-06-01 07:50:33,43.2858734130859,-8.86960506439209,"Female"
"6018402",371849,2025-06-01 07:55:32,43.2858581542969,-8.86954498291016,"Female"
"6018402",371849,2025-06-01 08:00:33,43.2857933044434,-8.86958980560303,"Female"
"6018402",371849,2025-06-01 08:05:32,43.2857398986816,-8.86954021453857,"Female"
"6018402",371849,2025-06-01 08:10:32,43.2857437133789,-8.86957168579102,"Female"
"6018402",371849,2025-06-01 08:15:33,43.2857704162598,-8.86956405639648,"Female"
"6018402",371849,2025-06-01 08:20:32,43.2857551574707,-8.86952495574951,"Female"
"6018402",371849,2025-06-01 08:25:32,43.2860145568848,-8.86943817138672,"Female"
"6018402",371849,2025-06-01 08:30:33,43.2857818603516,-8.86946296691895,"Female"
"6018402",371849,2025-06-01 08:35:32,43.2859344482422,-8.86939239501953,"Female"
"6018402",371849,2025-06-01 08:40:33,43.2858276367188,-8.86952686309814,"Female"
"6018402",371849,2025-06-01 08:45:32,43.2857666015625,-8.8694314956665,"Female"
"6018402",371849,2025-06-01 08:50:32,43.2858085632324,-8.86951160430908,"Female"
"6018402",371849,2025-06-01 08:55:32,43.2857398986816,-8.86949825286865,"Female"
"6018402",371849,2025-06-01 09:00:38,43.2856979370117,-8.86941051483154,"Female"
"6018402",371849,2025-06-01 09:05:33,43.285758972168,-8.86931228637695,"Female"
"6018402",371849,2025-06-01 09:10:33,43.2858085632324,-8.86940288543701,"Female"
"6018402",371849,2025-06-01 09:15:33,43.2857971191406,-8.86939239501953,"Female"
"6018402",371849,2025-06-01 09:20:34,43.2857131958008,-8.86906909942627,"Female"
"6018402",371849,2025-06-01 09:25:32,43.2950248718262,-8.85649299621582,"Female"
"6018402",371849,2025-06-01 09:30:32,43.2953681945801,-8.85619735717773,"Female"
"6018402",371849,2025-06-01 09:35:44,43.2954368591309,-8.85612487792969,"Female"
"6018402",371849,2025-06-01 09:40:43,43.2953453063965,-8.85626029968262,"Female"
"6018402",371849,2025-06-01 09:45:33,43.3011169433594,-8.86382865905762,"Female"
"6018402",371849,2025-06-01 09:50:36,43.3012008666992,-8.86410236358643,"Female"
"6018402",371849,2025-06-01 09:55:36,43.3011894226074,-8.86440467834473,"Female"
"6018402",371849,2025-06-01 10:00:36,43.3042678833008,-8.86217212677002,"Female"
"6018402",371849,2025-06-01 10:05:37,43.3055686950684,-8.86114311218262,"Female"
"6018402",371849,2025-06-01 10:10:34,43.305534362793,-8.86139392852783,"Female"
"6018402",371849,2025-06-01 10:15:34,43.3045234680176,-8.86173439025879,"Female"
"6018402",371849,2025-06-01 10:20:33,43.304386138916,-8.86219882965088,"Female"
"6018402",371849,2025-06-01 10:25:33,43.3042526245117,-8.862380027771,"Female"
"6018402",371849,2025-06-01 10:30:36,43.3102645874023,-8.85499382019043,"Female"
"6018402",371849,2025-06-01 10:35:44,43.3098297119141,-8.85554122924805,"Female"
"6018402",371849,2025-06-01 10:40:39,43.3100509643555,-8.85520267486572,"Female"
"6018402",371849,2025-06-01 10:45:39,43.3103485107422,-8.85496425628662,"Female"
"6018402",371849,2025-06-01 10:50:39,43.3102149963379,-8.85538005828857,"Female"
"6018402",371849,2025-06-01 10:55:39,43.310245513916,-8.85531330108643,"Female"
"6018402",371849,2025-06-01 11:00:39,43.3074188232422,-8.85945510864258,"Female"
"6018402",371849,2025-06-01 11:05:39,43.3073883056641,-8.85966491699219,"Female"
"6018402",371849,2025-06-01 11:10:39,43.3076972961426,-8.85919857025146,"Female"
"6018402",371849,2025-06-01 11:15:45,43.3075904846191,-8.85933399200439,"Female"
"6018402",371849,2025-06-01 11:20:33,43.3110122680664,-8.85911083221436,"Female"
"6018402",371849,2025-06-01 11:25:49,43.3144035339355,-8.85701751708984,"Female"
"6018402",371849,2025-06-01 11:30:41,43.3141975402832,-8.8570613861084,"Female"
"6018402",371849,2025-06-01 11:35:39,43.3141784667969,-8.85704135894775,"Female"
"6018402",371849,2025-06-01 11:40:40,43.3139419555664,-8.85709476470947,"Female"
"6018402",371849,2025-06-01 11:46:35,43.3144073486328,-8.85705947875977,"Female"
"6018402",371849,2025-06-01 11:50:37,43.3144760131836,-8.85701751708984,"Female"
"6018402",371849,2025-06-01 11:55:32,43.3083038330078,-8.8577241897583,"Female"
"6018402",371849,2025-06-01 12:00:33,43.2999114990234,-8.86085891723633,"Female"
"6018402",371849,2025-06-01 12:05:34,43.2926597595215,-8.86717987060547,"Female"
"6018402",371849,2025-06-01 12:10:35,43.2927207946777,-8.86700344085693,"Female"
"6018402",371849,2025-06-01 12:15:35,43.2928123474121,-8.86735725402832,"Female"
"6018402",371849,2025-06-01 12:20:33,43.292854309082,-8.8672342300415,"Female"
"6018402",371849,2025-06-01 12:25:34,43.2927665710449,-8.86762142181396,"Female"
"6018402",371849,2025-06-01 12:30:33,43.2927398681641,-8.86728954315186,"Female"
"6018402",371849,2025-06-01 12:35:32,43.2927665710449,-8.86739063262939,"Female"
"6018402",371849,2025-06-01 12:40:32,43.2947082519531,-8.86454105377197,"Female"
"6018402",371849,2025-06-01 12:45:32,43.2883415222168,-8.86753940582275,"Female"
"6018402",371849,2025-06-01 12:50:32,43.3009300231934,-8.8601245880127,"Female"
"6018402",371849,2025-06-01 12:55:32,43.3116416931152,-8.84979248046875,"Female"
"6018402",371849,2025-06-01 13:00:32,43.2976493835449,-8.85030364990234,"Female"
"6018402",371849,2025-06-01 13:05:32,43.294677734375,-8.83963775634766,"Female"
"6018402",371849,2025-06-01 13:10:33,43.2762603759766,-8.84558582305908,"Female"
"6018402",371849,2025-06-01 13:15:32,43.2852821350098,-8.87038040161133,"Female"
"6018402",371849,2025-06-01 13:20:32,43.285285949707,-8.87036991119385,"Female"
"6018402",371849,2025-06-01 13:25:32,43.2852783203125,-8.87019729614258,"Female"
"6018402",371849,2025-06-01 13:30:32,43.285400390625,-8.87032604217529,"Female"
"6018402",371849,2025-06-01 13:35:32,43.2853622436523,-8.87045574188232,"Female"
"6018402",371849,2025-06-01 13:40:32,43.2854423522949,-8.86977386474609,"Female"
"6018402",371849,2025-06-01 13:45:32,43.2854652404785,-8.86967658996582,"Female"
"6018402",371849,2025-06-01 13:50:34,43.2855262756348,-8.86971378326416,"Female"
"6018402",371849,2025-06-01 13:55:34,43.275203704834,-8.87243366241455,"Female"
"6018402",371849,2025-06-01 14:00:41,43.2753410339355,-8.87280082702637,"Female"
"6018402",371849,2025-06-01 14:05:41,43.2752990722656,-8.87273216247559,"Female"
"6018402",371849,2025-06-01 14:10:33,43.2752876281738,-8.87269401550293,"Female"
"6018402",371849,2025-06-01 14:15:33,43.2750587463379,-8.87256240844727,"Female"
"6018402",371849,2025-06-01 14:20:33,43.275447845459,-8.87292289733887,"Female"
"6018402",371849,2025-06-01 14:25:34,43.275577545166,-8.87179470062256,"Female"
"6018402",371849,2025-06-01 14:30:50,43.2846412658691,-8.86117172241211,"Female"
"6018402",371849,2025-06-01 14:35:44,43.2911682128906,-8.85244560241699,"Female"
"6018402",371849,2025-06-01 14:40:44,43.2941818237305,-8.86880874633789,"Female"
"6018402",371849,2025-06-01 14:45:39,43.2944030761719,-8.86896514892578,"Female"
"6018402",371849,2025-06-01 14:50:37,43.2944297790527,-8.86887645721436,"Female"
"6018402",371849,2025-06-01 14:55:36,43.2942352294922,-8.86881923675537,"Female"
"6018402",371849,2025-06-01 15:00:34,43.2938919067383,-8.86892223358154,"Female"
"6018402",371849,2025-06-01 15:05:34,43.2938842773438,-8.8691349029541,"Female"
"6018402",371849,2025-06-01 15:10:44,43.292724609375,-8.86564922332764,"Female"
"6018402",371849,2025-06-01 15:15:40,43.2929534912109,-8.86607360839844,"Female"
"6018402",371849,2025-06-01 15:20:39,43.292537689209,-8.86624431610107,"Female"
"6018402",371849,2025-06-01 15:25:40,43.2927017211914,-8.86564064025879,"Female"
"6018402",371849,2025-06-01 15:30:44,43.2927742004395,-8.86598205566406,"Female"
"6018402",371849,2025-06-01 15:35:39,43.2876434326172,-8.87029933929443,"Female"
"6018402",371849,2025-06-01 15:40:39,43.2927474975586,-8.86575508117676,"Female"
"6018402",371849,2025-06-01 15:45:39,43.2925338745117,-8.86733055114746,"Female"
"6018402",371849,2025-06-01 15:50:40,43.2928771972656,-8.86600685119629,"Female"
"6018402",371849,2025-06-01 15:55:40,43.2929649353027,-8.86527442932129,"Female"
"6018402",371849,2025-06-01 16:00:44,43.2953224182129,-8.86990451812744,"Female"
"6018402",371849,2025-06-01 16:05:38,43.3046035766602,-8.85757446289062,"Female"
"6018402",371849,2025-06-01 16:10:38,43.314453125,-8.85686588287354,"Female"
"6018402",371849,2025-06-01 16:16:05,43.3143997192383,-8.85693740844727,"Female"
"6018402",371849,2025-06-01 16:20:33,43.3144378662109,-8.85691165924072,"Female"
"6018402",371849,2025-06-01 16:25:34,43.3144035339355,-8.85693264007568,"Female"
"6018402",371849,2025-06-01 16:30:33,43.3145446777344,-8.85705375671387,"Female"
"6018402",371849,2025-06-01 16:35:34,43.3144187927246,-8.8569450378418,"Female"
"6018402",371849,2025-06-01 16:40:33,43.3099708557129,-8.85726642608643,"Female"
"6018402",371849,2025-06-01 16:45:34,43.2996597290039,-8.87661075592041,"Female"
"6018402",371849,2025-06-01 16:50:36,43.2910652160645,-8.86944770812988,"Female"
"6018402",371849,2025-06-01 16:55:41,43.2911415100098,-8.87027454376221,"Female"
"6018402",371849,2025-06-01 17:00:35,43.2909736633301,-8.87073612213135,"Female"
"6018402",371849,2025-06-01 17:05:39,43.2903861999512,-8.87087249755859,"Female"
"6018402",371849,2025-06-01 17:10:35,43.2910919189453,-8.87070465087891,"Female"
"6018402",371849,2025-06-01 17:15:38,43.2905731201172,-8.87077808380127,"Female"
"6018402",371849,2025-06-01 17:20:34,43.2910003662109,-8.87092590332031,"Female"
"6018402",371849,2025-06-01 17:25:36,43.289966583252,-8.86145973205566,"Female"
"6018402",371849,2025-06-01 17:30:34,43.2914962768555,-8.86444759368896,"Female"
"6018402",371849,2025-06-01 17:35:34,43.2912712097168,-8.87104034423828,"Female"
"6018402",371849,2025-06-01 17:40:37,43.2911529541016,-8.87126636505127,"Female"
"6018402",371849,2025-06-01 17:46:03,43.291130065918,-8.87107181549072,"Female"
"6018402",371849,2025-06-01 17:50:33,43.2912368774414,-8.87087345123291,"Female"
"6018402",371849,2025-06-01 17:55:33,43.2910804748535,-8.87097644805908,"Female"
"6018402",371849,2025-06-01 18:00:34,43.2921333312988,-8.87028026580811,"Female"
"6018402",371849,2025-06-01 18:05:34,43.2914848327637,-8.87092113494873,"Female"
"6018402",371849,2025-06-01 18:10:34,43.2916564941406,-8.87048530578613,"Female"
"6018402",371849,2025-06-01 18:15:37,43.2915725708008,-8.87069797515869,"Female"
"6018402",371849,2025-06-01 18:20:33,43.2918701171875,-8.8707160949707,"Female"
"6018402",371849,2025-06-01 18:25:33,43.2919273376465,-8.87077903747559,"Female"
"6018402",371849,2025-06-01 18:30:33,43.2922058105469,-8.87052726745605,"Female"
"6018402",371849,2025-06-01 18:35:33,43.2921524047852,-8.87075138092041,"Female"
"6018402",371849,2025-06-01 18:40:34,43.2923698425293,-8.87059307098389,"Female"
"6018402",371849,2025-06-01 18:45:47,43.292552947998,-8.87065029144287,"Female"
"6018402",371849,2025-06-01 18:50:44,43.2928047180176,-8.87047958374023,"Female"
"6018402",371849,2025-06-01 18:55:33,43.3021507263184,-8.86166000366211,"Female"
"6018402",371849,2025-06-01 19:00:33,43.3194160461426,-8.85493564605713,"Female"
"6018402",371849,2025-06-01 19:05:33,43.3310356140137,-8.85063171386719,"Female"
"6018402",371849,2025-06-01 19:10:33,43.3482818603516,-8.84970951080322,"Female"
"6018402",371849,2025-06-01 19:15:34,43.357795715332,-8.84494018554688,"Female"
"6018402",371849,2025-06-01 19:20:35,43.3578300476074,-8.8449821472168,"Female"
"6018402",371849,2025-06-01 19:25:35,43.3577842712402,-8.84492301940918,"Female"
"6018402",371849,2025-06-01 19:30:36,43.3579254150391,-8.8450403213501,"Female"
"6018402",371849,2025-06-01 19:35:36,43.358024597168,-8.84515571594238,"Female"
"6018402",371849,2025-06-01 19:40:36,43.358039855957,-8.84522438049316,"Female"
"6018402",371849,2025-06-01 19:46:05,43.3578109741211,-8.84493732452393,"Female"
"6018402",371849,2025-06-01 19:50:33,43.3578147888184,-8.84483623504639,"Female"
"6018402",371849,2025-06-01 19:55:33,43.3578643798828,-8.84487724304199,"Female"
"6018402",371849,2025-06-01 20:00:33,43.357780456543,-8.84483432769775,"Female"
"6018402",371849,2025-06-01 20:05:33,43.3577156066895,-8.84476089477539,"Female"
"6018402",371849,2025-06-01 20:10:34,43.357738494873,-8.84480285644531,"Female"
"6018402",371849,2025-06-01 20:15:33,43.3577461242676,-8.84480857849121,"Female"
"6018402",371849,2025-06-01 20:20:34,43.3577728271484,-8.8449239730835,"Female"
"6018402",371849,2025-06-01 20:25:36,43.3577117919922,-8.84492206573486,"Female"
"6018402",371849,2025-06-01 20:30:33,43.3577270507812,-8.8448543548584,"Female"
"6018402",371849,2025-06-01 20:35:36,43.3577346801758,-8.84495830535889,"Female"
"6018402",371849,2025-06-01 20:40:36,43.357780456543,-8.84502124786377,"Female"
"6018402",371849,2025-06-01 20:45:44,43.3576545715332,-8.84493160247803,"Female"
"6018402",371849,2025-06-01 20:50:36,43.3577499389648,-8.84495830535889,"Female"
"6018402",371849,2025-06-01 20:55:37,43.3577346801758,-8.84499740600586,"Female"
"6018402",371849,2025-06-01 21:00:39,43.3577766418457,-8.84496402740479,"Female"
"6018402",371849,2025-06-01 21:05:39,43.3577690124512,-8.8449649810791,"Female"
"6018402",371849,2025-06-01 21:10:39,43.3577995300293,-8.84496402740479,"Female"
"6018402",371849,2025-06-01 21:15:39,43.3577880859375,-8.84500312805176,"Female"
"6018402",371849,2025-06-01 21:20:39,43.3578109741211,-8.84505176544189,"Female"
"6018402",371849,2025-06-01 21:25:39,43.3578071594238,-8.84503364562988,"Female"
"6018402",371849,2025-06-01 21:30:43,43.3577995300293,-8.84504127502441,"Female"
"6018402",371849,2025-06-01 21:35:40,43.3578147888184,-8.84509754180908,"Female"
"6018402",371849,2025-06-01 21:40:52,43.3578262329102,-8.84507656097412,"Female"
"6018402",371849,2025-06-01 21:45:44,43.3578491210938,-8.84500694274902,"Female"
"6018402",371849,2025-06-01 21:50:34,43.357852935791,-8.8449592590332,"Female"
"6018402",371849,2025-06-01 21:55:39,43.3578605651855,-8.84508895874023,"Female"
"6018402",371849,2025-06-01 22:00:39,43.3578758239746,-8.84510231018066,"Female"
"6018402",371849,2025-06-01 22:05:38,43.3578643798828,-8.84500598907471,"Female"
"6018402",371849,2025-06-01 22:10:42,43.3578910827637,-8.84512996673584,"Female"
"6018402",371849,2025-06-01 22:15:40,43.3579292297363,-8.84530067443848,"Female"
"6018402",371849,2025-06-01 22:20:38,43.3578910827637,-8.84504508972168,"Female"
"6018402",371849,2025-06-01 22:25:40,43.3578987121582,-8.8451566696167,"Female"
"6018402",371849,2025-06-01 22:31:05,43.3577690124512,-8.84486961364746,"Female"
"6018402",371849,2025-06-01 22:35:33,43.3577346801758,-8.84486484527588,"Female"
"6018402",371849,2025-06-01 22:40:33,43.3578262329102,-8.84493350982666,"Female"
"6018402",371849,2025-06-01 22:45:33,43.3576545715332,-8.84478569030762,"Female"
"6018402",371849,2025-06-01 22:50:33,43.3578033447266,-8.84488964080811,"Female"
"6018402",371849,2025-06-01 22:55:33,43.3578109741211,-8.84489727020264,"Female"
"6018402",371849,2025-06-01 23:00:33,43.357795715332,-8.84478569030762,"Female"
"6018402",371849,2025-06-01 23:05:34,43.3578948974609,-8.8450756072998,"Female"
"6018402",371849,2025-06-01 23:10:34,43.3574485778809,-8.84428310394287,"Female"
"6018402",371849,2025-06-01 23:15:36,43.3577880859375,-8.8449239730835,"Female"
"6018402",371849,2025-06-01 23:20:34,43.3577270507812,-8.84481716156006,"Female"
"6018402",371849,2025-06-01 23:25:34,43.3578224182129,-8.84487533569336,"Female"
"6018402",371849,2025-06-01 23:30:33,43.3577842712402,-8.84487056732178,"Female"
"6018402",371849,2025-06-01 23:35:34,43.3578186035156,-8.84493160247803,"Female"
"6018402",371849,2025-06-01 23:40:34,43.3578300476074,-8.8449649810791,"Female"
"6018402",371849,2025-06-01 23:45:34,43.3577842712402,-8.84486293792725,"Female"
"6018402",371849,2025-06-01 23:50:36,43.3578453063965,-8.8449182510376,"Female"
"6018402",371849,2025-06-01 23:55:36,43.3578300476074,-8.84491920471191,"Female"
"6018402",371849,2025-06-02 00:00:34,43.3578605651855,-8.84493923187256,"Female"
"6018402",371849,2025-06-02 00:05:41,43.3578109741211,-8.84487056732178,"Female"
"6018402",371849,2025-06-02 00:11:05,43.3577842712402,-8.84492301940918,"Female"
"6018402",371849,2025-06-02 00:15:33,43.357795715332,-8.84491348266602,"Female"
"6018402",371849,2025-06-02 00:20:33,43.3578109741211,-8.84491920471191,"Female"
"6018402",371849,2025-06-02 00:25:33,43.3577842712402,-8.844895362854,"Female"
"6018402",371849,2025-06-02 00:30:35,43.357795715332,-8.84488868713379,"Female"
"6018402",371849,2025-06-02 00:35:33,43.3577995300293,-8.84483814239502,"Female"
"6018402",371849,2025-06-02 00:40:33,43.3577842712402,-8.84485149383545,"Female"
"6018402",371849,2025-06-02 00:45:33,43.357795715332,-8.84483242034912,"Female"
"6018402",371849,2025-06-02 00:50:33,43.3578033447266,-8.84491729736328,"Female"
"6018402",371849,2025-06-02 00:55:33,43.3577651977539,-8.8448486328125,"Female"
"6018402",371849,2025-06-02 01:00:33,43.3577575683594,-8.84494495391846,"Female"
"6018402",371849,2025-06-02 01:05:33,43.3577537536621,-8.84489631652832,"Female"
"6018402",371849,2025-06-02 01:10:34,43.357780456543,-8.84485626220703,"Female"
"6018402",371849,2025-06-02 01:15:35,43.3578186035156,-8.84506511688232,"Female"
"6018402",371849,2025-06-02 01:20:34,43.3577919006348,-8.8449068069458,"Female"
"6018402",371849,2025-06-02 01:25:35,43.3578109741211,-8.84496974945068,"Female"
"6018402",371849,2025-06-02 01:30:37,43.3578872680664,-8.84498691558838,"Female"
"6018402",371849,2025-06-02 01:35:35,43.3578071594238,-8.84487915039062,"Female"
"6018402",371849,2025-06-02 01:40:36,43.357666015625,-8.84487724304199,"Female"
"6018402",371849,2025-06-02 01:45:34,43.3576965332031,-8.84481143951416,"Female"
"6018402",371849,2025-06-02 01:50:34,43.3577613830566,-8.84500503540039,"Female"
"6018402",371849,2025-06-02 01:55:34,43.3576469421387,-8.8449068069458,"Female"
"6018402",371849,2025-06-02 02:00:36,43.3576278686523,-8.84499073028564,"Female"
"6018402",371849,2025-06-02 02:05:41,43.3576049804688,-8.84495449066162,"Female"
"6018402",371849,2025-06-02 02:11:05,43.3578796386719,-8.84491920471191,"Female"
"6018402",371849,2025-06-02 02:16:14,43.3587532043457,-8.8450870513916,"Female"
"6018402",371849,2025-06-02 02:20:39,43.3583221435547,-8.84500598907471,"Female"
"6018402",371849,2025-06-02 02:25:39,43.3581848144531,-8.84495544433594,"Female"
"6018402",371849,2025-06-02 02:30:36,43.3583221435547,-8.8449010848999,"Female"
"6018402",371849,2025-06-02 02:36:05,43.3578491210938,-8.84480571746826,"Female"
"6018402",371849,2025-06-02 02:40:33,43.3578758239746,-8.84481430053711,"Female"
"6018402",371849,2025-06-02 02:45:34,43.3578033447266,-8.84489154815674,"Female"
"6018402",371849,2025-06-02 02:50:34,43.3579177856445,-8.84475040435791,"Female"
"6018402",371849,2025-06-02 02:55:33,43.3580284118652,-8.84442043304443,"Female"
"6018402",371849,2025-06-02 03:00:33,43.3578605651855,-8.84471321105957,"Female"
"6018402",371849,2025-06-02 03:05:34,43.35791015625,-8.84466171264648,"Female"
"6018402",371849,2025-06-02 03:10:33,43.3577995300293,-8.84483051300049,"Female"
"6018402",371849,2025-06-02 03:15:34,43.3578720092773,-8.84472465515137,"Female"
"6018402",371849,2025-06-02 03:20:33,43.3578071594238,-8.84484577178955,"Female"
"6018402",371849,2025-06-02 03:25:33,43.3578414916992,-8.84475708007812,"Female"
"6018402",371849,2025-06-02 03:30:34,43.3577690124512,-8.84494304656982,"Female"
"6018402",371849,2025-06-02 03:35:34,43.3578071594238,-8.84485054016113,"Female"
"6018402",371849,2025-06-02 03:40:34,43.357780456543,-8.84491539001465,"Female"
"6018402",371849,2025-06-02 03:45:34,43.3577880859375,-8.84495067596436,"Female"
"6018402",371849,2025-06-02 03:50:34,43.3577423095703,-8.84491443634033,"Female"
"6018402",371849,2025-06-02 03:55:34,43.3578109741211,-8.84481430053711,"Female"
"6018402",371849,2025-06-02 04:00:35,43.3579483032227,-8.84446620941162,"Female"
"6018402",371849,2025-06-02 04:05:42,43.3577575683594,-8.84496212005615,"Female"
"6018402",371849,2025-06-02 04:10:36,43.3575401306152,-8.84533405303955,"Female"
"6018402",371849,2025-06-02 04:16:05,43.3577423095703,-8.84490299224854,"Female"
"6018402",371849,2025-06-02 04:20:33,43.3577766418457,-8.8448543548584,"Female"
"6018402",371849,2025-06-02 04:25:33,43.3578300476074,-8.8448543548584,"Female"
"6018402",371849,2025-06-02 04:30:42,43.3578147888184,-8.84490013122559,"Female"
"6018402",371849,2025-06-02 04:35:33,43.3578414916992,-8.84485340118408,"Female"
"6018402",371849,2025-06-02 04:40:33,43.3577117919922,-8.84485626220703,"Female"
"6018402",371849,2025-06-02 04:45:33,43.3577842712402,-8.8448371887207,"Female"
"6018402",371849,2025-06-02 04:50:34,43.357738494873,-8.84485912322998,"Female"
"6018402",371849,2025-06-02 04:55:33,43.3577537536621,-8.84485530853271,"Female"
"6018402",371849,2025-06-02 05:00:36,43.3576736450195,-8.84492301940918,"Female"
"6018402",371849,2025-06-02 05:05:38,43.3577995300293,-8.84493923187256,"Female"
"6018402",371849,2025-06-02 05:10:36,43.3580360412598,-8.84518718719482,"Female"
"6018402",371849,2025-06-02 05:15:41,43.3577728271484,-8.84492874145508,"Female"
"6018402",371849,2025-06-02 05:20:35,43.3577613830566,-8.8448371887207,"Female"
"6018402",371849,2025-06-02 05:25:37,43.3575592041016,-8.84465789794922,"Female"
"6018402",371849,2025-06-02 05:31:05,43.357738494873,-8.84491157531738,"Female"
"6018402",371849,2025-06-02 05:35:33,43.357795715332,-8.84487438201904,"Female"
"6018402",371849,2025-06-02 05:40:33,43.3577194213867,-8.84490585327148,"Female"
"6018402",371849,2025-06-02 05:45:33,43.3577919006348,-8.84479427337646,"Female"
"6018402",371849,2025-06-02 05:50:33,43.3577690124512,-8.84483337402344,"Female"
"6018402",371849,2025-06-02 05:55:33,43.3577919006348,-8.84485530853271,"Female"
"6018402",371849,2025-06-02 06:00:33,43.3578033447266,-8.84488105773926,"Female"
"6018402",371849,2025-06-02 06:05:33,43.3577575683594,-8.8448314666748,"Female"
"6018402",371849,2025-06-02 06:10:33,43.3577499389648,-8.84494304656982,"Female"
"6018402",371849,2025-06-02 06:15:33,43.3577117919922,-8.84492874145508,"Female"
"6018402",371849,2025-06-02 06:20:33,43.3577117919922,-8.84493637084961,"Female"
"6018402",371849,2025-06-02 06:25:33,43.3577194213867,-8.84491062164307,"Female"
"6018402",371849,2025-06-02 06:30:33,43.3577423095703,-8.8448543548584,"Female"
"6018402",371849,2025-06-02 06:35:33,43.357780456543,-8.84481525421143,"Female"
"6018402",371849,2025-06-02 06:40:33,43.3577041625977,-8.84488391876221,"Female"
"6018402",371849,2025-06-02 06:45:33,43.3577346801758,-8.8448314666748,"Female"
"6018402",371849,2025-06-02 06:50:33,43.3577766418457,-8.84481430053711,"Female"
"6018402",371849,2025-06-02 06:55:33,43.3577651977539,-8.84481906890869,"Female"
"6018402",371849,2025-06-02 07:00:34,43.3576965332031,-8.8448429107666,"Female"
"6018402",371849,2025-06-02 07:05:33,43.3577499389648,-8.84480953216553,"Female"
"6018402",371849,2025-06-02 07:11:05,43.3577575683594,-8.84485912322998,"Female"
"6018402",371849,2025-06-02 07:15:33,43.3578720092773,-8.84489631652832,"Female"
"6018402",371849,2025-06-02 07:20:33,43.35791015625,-8.84493827819824,"Female"
"6018402",371849,2025-06-02 07:25:33,43.3579177856445,-8.84494400024414,"Female"
"6018402",371849,2025-06-02 07:30:33,43.3579216003418,-8.84493923187256,"Female"
"6018402",371849,2025-06-02 07:35:33,43.3579483032227,-8.84497928619385,"Female"
"6018402",371849,2025-06-02 07:40:34,43.3578338623047,-8.84492492675781,"Female"
"6018402",371849,2025-06-02 07:45:34,43.3577880859375,-8.84489250183105,"Female"
"6018402",371849,2025-06-02 07:50:34,43.3577880859375,-8.84492206573486,"Female"
"6018402",371849,2025-06-02 07:55:34,43.3577766418457,-8.84485054016113,"Female"
"6018402",371849,2025-06-02 08:00:36,43.3577995300293,-8.84484004974365,"Female"
"6018402",371849,2025-06-02 08:05:37,43.3578910827637,-8.84484004974365,"Female"
"6018402",371849,2025-06-02 08:10:37,43.3578758239746,-8.84481811523438,"Female"
"6018402",371849,2025-06-02 08:15:37,43.3578414916992,-8.84485340118408,"Female"
"6018402",371849,2025-06-02 08:20:38,43.3578834533691,-8.84482479095459,"Female"
"6018402",371849,2025-06-02 08:25:36,43.357852935791,-8.84480476379395,"Female"
"6018402",371849,2025-06-02 08:30:39,43.3577995300293,-8.84478569030762,"Female"
"6018402",371849,2025-06-02 08:35:40,43.3577919006348,-8.84486770629883,"Female"
"6018402",371849,2025-06-02 08:40:38,43.3577919006348,-8.84479904174805,"Female"
"6018402",371849,2025-06-02 08:45:38,43.3577461242676,-8.84484195709229,"Female"
"6018402",371849,2025-06-02 08:50:39,43.3577537536621,-8.84483814239502,"Female"
"6018402",371849,2025-06-02 08:55:39,43.3577194213867,-8.84485054016113,"Female"
"6018402",371849,2025-06-02 09:00:39,43.357723236084,-8.84488296508789,"Female"
"6018402",371849,2025-06-02 09:05:39,43.3576774597168,-8.84493255615234,"Female"
"6018402",371849,2025-06-02 09:10:37,43.3577003479004,-8.84504985809326,"Female"
"6018402",371849,2025-06-02 09:15:38,43.3576354980469,-8.84490013122559,"Female"
"6018402",371849,2025-06-02 09:20:39,43.3577117919922,-8.84493446350098,"Female"
"6018402",371849,2025-06-02 09:26:03,43.3577537536621,-8.84488105773926,"Female"
"6018402",371849,2025-06-02 09:30:33,43.357723236084,-8.84496879577637,"Female"
"6018402",371849,2025-06-02 09:35:33,43.3577919006348,-8.84491920471191,"Female"
"6018402",371849,2025-06-02 09:40:33,43.3577575683594,-8.84495067596436,"Female"
"6018402",371849,2025-06-02 09:45:33,43.3577499389648,-8.84493064880371,"Female"
"6018402",371849,2025-06-02 09:50:34,43.3556289672852,-8.84483051300049,"Female"
"6018402",371849,2025-06-02 09:55:33,43.3210563659668,-8.85332107543945,"Female"
"6018402",371849,2025-06-02 10:00:35,43.3144264221191,-8.85686111450195,"Female"
"6018402",371849,2025-06-02 10:05:33,43.313793182373,-8.85798072814941,"Female"
"6018402",371849,2025-06-02 10:10:34,43.3128776550293,-8.843430519104,"Female"
"6018402",371849,2025-06-02 10:15:34,43.3131790161133,-8.84256649017334,"Female"
"6018402",371849,2025-06-02 10:20:34,43.3127632141113,-8.84348392486572,"Female"
"6018402",371849,2025-06-02 10:25:34,43.3034210205078,-8.84773540496826,"Female"
"6018402",371849,2025-06-02 10:30:34,43.2964134216309,-8.85927295684814,"Female"
"6018402",371849,2025-06-02 10:35:35,43.2963333129883,-8.85914707183838,"Female"
"6018402",371849,2025-06-02 10:40:34,43.2966499328613,-8.85937404632568,"Female"
"6018402",371849,2025-06-02 10:45:34,43.2968368530273,-8.85995006561279,"Female"
"6018402",371849,2025-06-02 10:50:33,43.296630859375,-8.85959815979004,"Female"
"6018402",371849,2025-06-02 10:55:36,43.2970085144043,-8.86032009124756,"Female"
"6018402",371849,2025-06-02 11:00:34,43.2968063354492,-8.85987377166748,"Female"
"6018402",371849,2025-06-02 11:05:39,43.296459197998,-8.8594331741333,"Female"
"6018402",371849,2025-06-02 11:10:34,43.2965927124023,-8.8595085144043,"Female"
"6018402",371849,2025-06-02 11:15:34,43.2963981628418,-8.8595552444458,"Female"
"6018402",371849,2025-06-02 11:20:34,43.2964248657227,-8.85941028594971,"Female"
"6018402",371849,2025-06-02 11:25:36,43.2964553833008,-8.85957622528076,"Female"
"6018402",371849,2025-06-02 11:30:37,43.2962951660156,-8.85916042327881,"Female"
"6018402",371849,2025-06-02 11:35:40,43.2964172363281,-8.85969829559326,"Female"
"6018402",371849,2025-06-02 11:40:44,43.2961196899414,-8.8599100112915,"Female"
"6018402",371849,2025-06-02 11:45:40,43.3009910583496,-8.86145114898682,"Female"
"6018402",371849,2025-06-02 11:50:37,43.3141555786133,-8.85722064971924,"Female"
"6018402",371849,2025-06-02 11:55:41,43.3142776489258,-8.8570556640625,"Female"
"6018402",371849,2025-06-02 12:00:34,43.3143081665039,-8.85708904266357,"Female"
"6018402",371849,2025-06-02 12:05:37,43.3143157958984,-8.85689735412598,"Female"
"6018402",371849,2025-06-02 12:10:39,43.3144607543945,-8.85707855224609,"Female"
"6018402",371849,2025-06-02 12:15:37,43.3144721984863,-8.85713577270508,"Female"
"6018402",371849,2025-06-02 12:20:38,43.3144760131836,-8.85707092285156,"Female"
"6018402",371849,2025-06-02 12:25:36,43.3193473815918,-8.85777187347412,"Female"
"6018402",371849,2025-06-02 12:30:36,43.3301048278809,-8.84556770324707,"Female"
"6018402",371849,2025-06-02 12:35:34,43.3484764099121,-8.83893775939941,"Female"
"6018402",371849,2025-06-02 12:40:49,43.3578681945801,-8.84509181976318,"Female"
"6018402",371849,2025-06-02 12:46:05,43.3578109741211,-8.84491920471191,"Female"
"6018402",371849,2025-06-02 12:50:33,43.3578300476074,-8.84488964080811,"Female"
"6018402",371849,2025-06-02 12:55:33,43.3578071594238,-8.8449649810791,"Female"
"6018402",371849,2025-06-02 13:00:33,43.3578453063965,-8.8449125289917,"Female"
"6018402",371849,2025-06-02 13:05:34,43.3578796386719,-8.84481811523438,"Female"
"6018402",371849,2025-06-02 13:10:34,43.3577880859375,-8.84489154815674,"Female"
"6018402",371849,2025-06-02 13:15:33,43.3577919006348,-8.84486961364746,"Female"
"6018402",371849,2025-06-02 13:20:34,43.357795715332,-8.84487533569336,"Female"
"6018402",371849,2025-06-02 13:25:33,43.3578834533691,-8.84488773345947,"Female"
"6018402",371849,2025-06-02 13:30:34,43.3578224182129,-8.84485816955566,"Female"
"6018402",371849,2025-06-02 13:35:34,43.3577461242676,-8.84491062164307,"Female"
"6018402",371849,2025-06-02 13:40:33,43.3578109741211,-8.84486198425293,"Female"
"6018402",371849,2025-06-02 13:45:35,43.357780456543,-8.84484386444092,"Female"
"6018402",371849,2025-06-02 13:50:33,43.3578948974609,-8.84487724304199,"Female"
"6018402",371849,2025-06-02 13:55:34,43.357852935791,-8.84485626220703,"Female"
"6018402",371849,2025-06-02 14:01:05,43.3578834533691,-8.84484100341797,"Female"
"6018402",371849,2025-06-02 14:05:45,43.3578948974609,-8.84487915039062,"Female"
"6018402",371849,2025-06-02 14:10:35,43.3578262329102,-8.84487247467041,"Female"
"6018402",371849,2025-06-02 14:15:37,43.3577575683594,-8.84487247467041,"Female"
"6018402",371849,2025-06-02 14:20:36,43.3578338623047,-8.84488773345947,"Female"
"6018402",371849,2025-06-02 14:25:34,43.3578491210938,-8.84494209289551,"Female"
"6018402",371849,2025-06-02 14:30:43,43.357852935791,-8.84494400024414,"Female"
"6018402",371849,2025-06-02 14:35:33,43.3577079772949,-8.84492778778076,"Female"
"6018402",371849,2025-06-02 14:40:34,43.3577880859375,-8.84493350982666,"Female"
"6018402",371849,2025-06-02 14:45:34,43.3577346801758,-8.84496688842773,"Female"
"6018402",371849,2025-06-02 14:50:33,43.3578987121582,-8.84482192993164,"Female"
"6018402",371849,2025-06-02 14:55:35,43.3357391357422,-8.85694980621338,"Female"
"6018402",371849,2025-06-02 15:00:33,43.2934150695801,-8.85989379882812,"Female"
"6018402",371849,2025-06-02 15:05:33,43.2797355651855,-8.86151599884033,"Female"
"6018402",371849,2025-06-02 15:10:36,43.2797088623047,-8.86130619049072,"Female"
"6018402",371849,2025-06-02 15:15:33,43.2796478271484,-8.86144161224365,"Female"
"6018402",371849,2025-06-02 15:20:33,43.2799644470215,-8.86162376403809,"Female"
"6018402",371849,2025-06-02 15:25:34,43.2797927856445,-8.86173057556152,"Female"
"6018402",371849,2025-06-02 15:30:34,43.2798614501953,-8.86156368255615,"Female"
"6018402",371849,2025-06-02 15:35:33,43.2798461914062,-8.86157703399658,"Female"
"6018402",371849,2025-06-02 15:40:36,43.2800178527832,-8.86193370819092,"Female"
"6018402",371849,2025-06-02 15:45:33,43.2852478027344,-8.86931037902832,"Female"
"6018402",371849,2025-06-02 15:50:33,43.2850685119629,-8.86902904510498,"Female"
"6018402",371849,2025-06-02 15:55:34,43.2851905822754,-8.86924934387207,"Female"
"6018402",371849,2025-06-02 16:00:37,43.2848854064941,-8.86896705627441,"Female"
"6018402",371849,2025-06-02 16:05:44,43.2851257324219,-8.86919593811035,"Female"
"6018402",371849,2025-06-02 16:10:41,43.2851181030273,-8.86922073364258,"Female"
"6018402",371849,2025-06-02 16:15:34,43.2849960327148,-8.8689546585083,"Female"
"6018402",371849,2025-06-02 16:20:34,43.2851409912109,-8.86922454833984,"Female"
"6018402",371849,2025-06-02 16:25:34,43.2851333618164,-8.86918354034424,"Female"
"6018402",371849,2025-06-02 16:30:39,43.285400390625,-8.8686637878418,"Female"
"6018402",371849,2025-06-02 16:35:37,43.2853927612305,-8.86861419677734,"Female"
"6018402",371849,2025-06-02 16:40:38,43.2854995727539,-8.86871910095215,"Female"
"6018402",371849,2025-06-02 16:46:05,43.2854881286621,-8.86874771118164,"Female"
"6018402",371849,2025-06-02 16:50:33,43.2854881286621,-8.86874866485596,"Female"
"6018402",371849,2025-06-02 16:55:33,43.2905807495117,-8.86147212982178,"Female"
"6018402",371849,2025-06-02 17:00:33,43.2905311584473,-8.86117076873779,"Female"
"6018402",371849,2025-06-02 17:05:33,43.2905197143555,-8.86104297637939,"Female"
"6018402",371849,2025-06-02 17:10:33,43.2905540466309,-8.86077690124512,"Female"
"6018402",371849,2025-06-02 17:15:33,43.290657043457,-8.86127948760986,"Female"
"6018402",371849,2025-06-02 17:20:34,43.2906684875488,-8.86169242858887,"Female"
"6018402",371849,2025-06-02 17:25:33,43.2905120849609,-8.86195850372314,"Female"
"6018402",371849,2025-06-02 17:30:33,43.2907371520996,-8.86196804046631,"Female"
"6018402",371849,2025-06-02 17:35:40,43.2907943725586,-8.86206436157227,"Female"
"6018402",371849,2025-06-02 17:40:34,43.2978820800781,-8.86119365692139,"Female"
"6018402",371849,2025-06-02 17:45:34,43.2981491088867,-8.86093139648438,"Female"
"6018402",371849,2025-06-02 17:50:33,43.2981033325195,-8.86058807373047,"Female"
"6018402",371849,2025-06-02 17:55:33,43.297492980957,-8.86005687713623,"Female"
"6018402",371849,2025-06-02 18:00:33,43.2978134155273,-8.86006355285645,"Female"
"6018402",371849,2025-06-02 18:05:33,43.303524017334,-8.85968112945557,"Female"
"6018402",371849,2025-06-02 18:10:33,43.314323425293,-8.85679721832275,"Female"
"6018402",371849,2025-06-02 18:15:36,43.3147621154785,-8.85693550109863,"Female"
"6018402",371849,2025-06-02 18:20:33,43.3147087097168,-8.85689353942871,"Female"
"6018402",371849,2025-06-02 18:25:36,43.3147277832031,-8.8569278717041,"Female"
"6018402",371849,2025-06-02 18:30:33,43.3147621154785,-8.85692119598389,"Female"
"6018402",371849,2025-06-02 18:35:34,43.3240661621094,-8.8506383895874,"Female"
"6018402",371849,2025-06-02 18:40:36,43.3417701721191,-8.8433723449707,"Female"
"6018402",371849,2025-06-02 18:46:57,43.3571319580078,-8.85047912597656,"Female"
"6018402",371849,2025-06-02 18:50:44,43.3578262329102,-8.8449239730835,"Female"
"6018402",371849,2025-06-02 18:55:34,43.3578033447266,-8.84488201141357,"Female"
"6018402",371849,2025-06-02 19:00:34,43.357780456543,-8.84488010406494,"Female"
"6018402",371849,2025-06-02 19:05:34,43.3577728271484,-8.84489059448242,"Female"
"6018402",371849,2025-06-02 19:10:34,43.3577461242676,-8.84486770629883,"Female"
"6018402",371849,2025-06-02 19:15:44,43.3577995300293,-8.84492206573486,"Female"
"6018402",371849,2025-06-02 19:20:38,43.3577728271484,-8.84488964080811,"Female"
"6018402",371849,2025-06-02 19:25:37,43.3577995300293,-8.84488487243652,"Female"
"6018402",371849,2025-06-02 19:30:38,43.3578262329102,-8.84489631652832,"Female"
"6018402",371849,2025-06-02 19:35:36,43.3577613830566,-8.84489059448242,"Female"
"6018402",371849,2025-06-02 19:40:44,43.3578033447266,-8.84490966796875,"Female"
"6018402",371849,2025-06-02 19:45:33,43.357780456543,-8.84485530853271,"Female"
"6018402",371849,2025-06-02 19:50:33,43.3578071594238,-8.84488964080811,"Female"
"6018402",371849,2025-06-02 19:55:37,43.3577461242676,-8.84488010406494,"Female"
"6018402",371849,2025-06-02 20:00:39,43.3577156066895,-8.84482860565186,"Female"
"6018402",371849,2025-06-02 20:05:37,43.357780456543,-8.84493541717529,"Female"
"6018402",371849,2025-06-02 20:10:36,43.3578147888184,-8.84492588043213,"Female"
"6018402",371849,2025-06-02 20:15:34,43.3577766418457,-8.84487152099609,"Female"
"6018402",371849,2025-06-02 20:20:33,43.3577766418457,-8.84467792510986,"Female"
"6018402",371849,2025-06-02 20:25:42,43.3577194213867,-8.84478187561035,"Female"
"6018402",371849,2025-06-02 20:31:05,43.3577651977539,-8.84492778778076,"Female"
"6018402",371849,2025-06-02 20:35:33,43.3577690124512,-8.84493446350098,"Female"
"6018402",371849,2025-06-02 20:40:33,43.3577499389648,-8.84495258331299,"Female"
"6018402",371849,2025-06-02 20:45:33,43.3577613830566,-8.84492969512939,"Female"
"6018402",371849,2025-06-02 20:50:33,43.3576774597168,-8.84497261047363,"Female"
"6018402",371849,2025-06-02 20:55:33,43.3578414916992,-8.84479999542236,"Female"
"6018402",371849,2025-06-02 21:00:33,43.3577423095703,-8.8449592590332,"Female"
"6018402",371849,2025-06-02 21:05:33,43.3577346801758,-8.8449125289917,"Female"
"6018402",371849,2025-06-02 21:10:33,43.3577117919922,-8.84500408172607,"Female"
"6018402",371849,2025-06-02 21:15:33,43.3577880859375,-8.84489440917969,"Female"
"6018402",371849,2025-06-02 21:20:33,43.3577690124512,-8.84489822387695,"Female"
"6018402",371849,2025-06-02 21:25:33,43.357795715332,-8.84489345550537,"Female"
"6018402",371849,2025-06-02 21:30:33,43.3577766418457,-8.84491634368896,"Female"
"6018402",371849,2025-06-02 21:35:33,43.3577117919922,-8.8448314666748,"Female"
"6018402",371849,2025-06-02 21:40:33,43.3577537536621,-8.84494972229004,"Female"
"6018402",371849,2025-06-02 21:45:33,43.3577079772949,-8.84484672546387,"Female"
"6018402",371849,2025-06-02 21:50:33,43.3578033447266,-8.84489727020264,"Female"
"6018402",371849,2025-06-02 21:55:33,43.3577919006348,-8.84498977661133,"Female"
"6018402",371849,2025-06-02 22:00:33,43.3577003479004,-8.84487152099609,"Female"
"6018402",371849,2025-06-02 22:05:36,43.3577537536621,-8.84499359130859,"Female"
"6018402",371849,2025-06-02 22:10:42,43.3577270507812,-8.84487724304199,"Female"
"6018402",371849,2025-06-02 22:16:05,43.3577690124512,-8.84485626220703,"Female"
"6018402",371849,2025-06-02 22:20:33,43.3577461242676,-8.84488773345947,"Female"
"6018402",371849,2025-06-02 22:25:33,43.3578186035156,-8.84486103057861,"Female"
"6018402",371849,2025-06-02 22:30:33,43.3577537536621,-8.84489440917969,"Female"
"6018402",371849,2025-06-02 22:35:33,43.3577575683594,-8.84489250183105,"Female"
"6018402",371849,2025-06-02 22:40:33,43.3577842712402,-8.84488105773926,"Female"
"6018402",371849,2025-06-02 22:45:34,43.3578605651855,-8.84497451782227,"Female"
"6018402",371849,2025-06-02 22:50:33,43.3578186035156,-8.84491920471191,"Female"
"6018402",371849,2025-06-02 22:55:33,43.3578147888184,-8.84497737884521,"Female"
"6018402",371849,2025-06-02 23:00:33,43.3577270507812,-8.84484100341797,"Female"
"6018402",371849,2025-06-02 23:05:33,43.3578338623047,-8.84500503540039,"Female"
"6018402",371849,2025-06-02 23:10:33,43.3578567504883,-8.84499740600586,"Female"
"6018402",371849,2025-06-02 23:15:36,43.3578681945801,-8.84494209289551,"Female"
"6018402",371849,2025-06-02 23:20:33,43.3578262329102,-8.84492206573486,"Female"
"6018402",371849,2025-06-02 23:25:34,43.357837677002,-8.84497356414795,"Female"
"6018402",371849,2025-06-02 23:30:34,43.3577995300293,-8.84487247467041,"Female"
"6018402",371849,2025-06-02 23:35:35,43.3578491210938,-8.84490394592285,"Female"
"6018402",371849,2025-06-02 23:40:33,43.3578758239746,-8.84496212005615,"Female"
"6018402",371849,2025-06-02 23:45:33,43.3578109741211,-8.8450403213501,"Female"
"6018402",371849,2025-06-02 23:50:33,43.3577575683594,-8.84490394592285,"Female"
"6018402",371849,2025-06-02 23:55:34,43.3577651977539,-8.84496116638184,"Female"
"6018402",371849,2025-06-03 00:00:33,43.357738494873,-8.84475421905518,"Female"
"6018402",371849,2025-06-03 00:05:35,43.357795715332,-8.84501457214355,"Female"
"6018402",371849,2025-06-03 00:10:33,43.3578338623047,-8.84494304656982,"Female"
"6018402",371849,2025-06-03 00:15:34,43.357738494873,-8.84493160247803,"Female"
"6018402",371849,2025-06-03 00:20:35,43.357837677002,-8.8449239730835,"Female"
"6018402",371849,2025-06-03 00:25:35,43.3578224182129,-8.84497547149658,"Female"
"6018402",371849,2025-06-03 00:30:35,43.3577156066895,-8.8448543548584,"Female"
"6018402",371849,2025-06-03 00:35:40,43.3577613830566,-8.84485054016113,"Female"
"6018402",371849,2025-06-03 00:40:34,43.3577423095703,-8.84486103057861,"Female"
"6018402",371849,2025-06-03 00:45:34,43.3577346801758,-8.84485530853271,"Female"
"6018402",371849,2025-06-03 00:50:34,43.3577842712402,-8.84481143951416,"Female"
"6018402",371849,2025-06-03 00:55:38,43.3577270507812,-8.84484767913818,"Female"
"6018402",371849,2025-06-03 01:00:39,43.3577308654785,-8.84482479095459,"Female"
"6018402",371849,2025-06-03 01:05:36,43.3577728271484,-8.84485340118408,"Female"
"6018402",371849,2025-06-03 01:10:39,43.3577461242676,-8.844895362854,"Female"
"6018402",371849,2025-06-03 01:15:39,43.3577613830566,-8.84490203857422,"Female"
"6018402",371849,2025-06-03 01:20:41,43.3578147888184,-8.84487438201904,"Female"
"6018402",371849,2025-06-03 01:25:38,43.3578300476074,-8.84495735168457,"Female"
"6018402",371849,2025-06-03 01:30:39,43.3577919006348,-8.84473705291748,"Female"
"6018402",371849,2025-06-03 01:35:39,43.357780456543,-8.84480857849121,"Female"
"6018402",371849,2025-06-03 01:40:37,43.3578796386719,-8.84494209289551,"Female"
"6018402",371849,2025-06-03 01:45:44,43.3578910827637,-8.84491062164307,"Female"
"6018402",371849,2025-06-03 01:50:40,43.3579025268555,-8.84488201141357,"Female"
"6018402",371849,2025-06-03 01:55:36,43.3577880859375,-8.84482383728027,"Female"
"6018402",371849,2025-06-03 02:00:37,43.357795715332,-8.84482097625732,"Female"
"6018402",371849,2025-06-03 02:05:42,43.3579940795898,-8.84514808654785,"Female"
"6018402",371849,2025-06-03 02:10:39,43.357852935791,-8.84489440917969,"Female"
"6018402",371849,2025-06-03 02:15:40,43.3578453063965,-8.84476184844971,"Female"
"6018402",371849,2025-06-03 02:21:11,43.3578872680664,-8.84484386444092,"Female"
"6018402",371849,2025-06-03 02:26:29,43.3578262329102,-8.84483337402344,"Female"
"6018402",371849,2025-06-03 02:30:36,43.3578186035156,-8.84483051300049,"Female"
"6018402",371849,2025-06-03 02:35:34,43.3578681945801,-8.84480953216553,"Female"
"6018402",371849,2025-06-03 02:40:32,43.3577690124512,-8.84494590759277,"Female"
"6018402",371849,2025-06-03 02:45:33,43.3578948974609,-8.84477424621582,"Female"
"6018402",371849,2025-06-03 02:50:35,43.3578720092773,-8.84475040435791,"Female"
"6018402",371849,2025-06-03 02:55:35,43.3578033447266,-8.84486770629883,"Female"
"6018402",371849,2025-06-03 03:00:37,43.3578834533691,-8.84486389160156,"Female"
"6018402",371849,2025-06-03 03:05:34,43.3579597473145,-8.84485816955566,"Female"
"6018402",371849,2025-06-03 03:10:34,43.3580513000488,-8.84487628936768,"Female"
"6018402",371849,2025-06-03 03:15:36,43.3578033447266,-8.84489154815674,"Female"
"6018402",371849,2025-06-03 03:20:33,43.3578338623047,-8.84485530853271,"Female"
"6018402",371849,2025-06-03 03:25:37,43.3577880859375,-8.84485721588135,"Female"
"6018402",371849,2025-06-03 03:30:33,43.3578262329102,-8.84486293792725,"Female"
"6018402",371849,2025-06-03 03:35:37,43.3579444885254,-8.84491920471191,"Female"
"6018402",371849,2025-06-03 03:40:40,43.3576850891113,-8.84481811523438,"Female"
"6018402",371849,2025-06-03 03:45:33,43.3577041625977,-8.84478759765625,"Female"
"6018402",371849,2025-06-03 03:50:32,43.3575668334961,-8.84466361999512,"Female"
"6018402",371849,2025-06-03 03:55:37,43.3577651977539,-8.84483432769775,"Female"
"6018402",371849,2025-06-03 04:01:05,43.3577308654785,-8.84482669830322,"Female"
"6018402",371849,2025-06-03 04:05:32,43.357738494873,-8.84486675262451,"Female"
"6018402",371849,2025-06-03 04:10:32,43.3577423095703,-8.84487247467041,"Female"
"6018402",371849,2025-06-03 04:15:33,43.3577308654785,-8.84483623504639,"Female"
"6018402",371849,2025-06-03 04:20:32,43.3577041625977,-8.84481239318848,"Female"
"6018402",371849,2025-06-03 04:25:33,43.3577003479004,-8.8448314666748,"Female"
"6018402",371849,2025-06-03 04:30:32,43.3577041625977,-8.84479904174805,"Female"
"6018402",371849,2025-06-03 04:35:32,43.3577270507812,-8.84475994110107,"Female"
"6018402",371849,2025-06-03 04:40:32,43.3576736450195,-8.84479808807373,"Female"
"6018402",371849,2025-06-03 04:45:32,43.3576889038086,-8.84481239318848,"Female"
"6018402",371849,2025-06-03 04:50:33,43.3576927185059,-8.84488010406494,"Female"
"6018402",371849,2025-06-03 04:55:33,43.3577194213867,-8.84481143951416,"Female"
"6018402",371849,2025-06-03 05:00:35,43.3574638366699,-8.84459209442139,"Female"
"6018402",371849,2025-06-03 05:05:35,43.3576469421387,-8.84476470947266,"Female"
"6018402",371849,2025-06-03 05:10:36,43.3577766418457,-8.84494876861572,"Female"
"6018402",371849,2025-06-03 05:15:35,43.3578033447266,-8.84490394592285,"Female"
"6018402",371849,2025-06-03 05:20:40,43.357780456543,-8.84494304656982,"Female"
"6018402",371849,2025-06-03 05:25:34,43.3578300476074,-8.84497547149658,"Female"
"6018402",371849,2025-06-03 05:30:35,43.3578796386719,-8.84504890441895,"Female"
"6018402",371849,2025-06-03 05:35:40,43.3576812744141,-8.84487438201904,"Female"
"6018402",371849,2025-06-03 05:41:02,43.357780456543,-8.84493064880371,"Female"
"6018402",371849,2025-06-03 05:45:32,43.3577880859375,-8.84489345550537,"Female"
"6018402",371849,2025-06-03 05:50:32,43.3577270507812,-8.84493064880371,"Female"
"6018402",371849,2025-06-03 05:55:32,43.3577613830566,-8.84488582611084,"Female"
"6018402",371849,2025-06-03 06:00:32,43.357780456543,-8.84489154815674,"Female"
"6018402",371849,2025-06-03 06:05:32,43.3577537536621,-8.84487438201904,"Female"
"6018402",371849,2025-06-03 06:10:32,43.3577728271484,-8.84487056732178,"Female"
"6018402",371849,2025-06-03 06:15:32,43.357738494873,-8.8449239730835,"Female"
"6018402",371849,2025-06-03 06:20:32,43.357780456543,-8.84492206573486,"Female"
"6018402",371849,2025-06-03 06:25:32,43.3577766418457,-8.84492874145508,"Female"
"6018402",371849,2025-06-03 06:30:32,43.3577194213867,-8.84494876861572,"Female"
"6018402",371849,2025-06-03 06:35:32,43.3577308654785,-8.84491157531738,"Female"
"6018402",371849,2025-06-03 06:40:32,43.3577728271484,-8.84489250183105,"Female"
"6018402",371849,2025-06-03 06:45:32,43.3576812744141,-8.84490871429443,"Female"
"6018402",371849,2025-06-03 06:50:32,43.3576774597168,-8.8449239730835,"Female"
"6018402",371849,2025-06-03 06:55:32,43.3577079772949,-8.84488296508789,"Female"
"6018402",371849,2025-06-03 07:00:32,43.357723236084,-8.84488773345947,"Female"
"6018402",371849,2025-06-03 07:05:33,43.3577728271484,-8.84488010406494,"Female"
"6018402",371849,2025-06-03 07:10:33,43.3577766418457,-8.84488964080811,"Female"
"6018402",371849,2025-06-03 07:15:32,43.3577156066895,-8.84485912322998,"Female"
"6018402",371849,2025-06-03 07:20:32,43.3577690124512,-8.84485626220703,"Female"
"6018402",371849,2025-06-03 07:25:33,43.357780456543,-8.84484004974365,"Female"
"6018402",371849,2025-06-03 07:30:33,43.3577880859375,-8.8448600769043,"Female"
"6018402",371849,2025-06-03 07:35:33,43.3579292297363,-8.84497356414795,"Female"
"6018402",371849,2025-06-03 07:40:33,43.3577919006348,-8.8449125289917,"Female"
"6018402",371849,2025-06-03 07:45:36,43.3579330444336,-8.84506797790527,"Female"
"6018402",371849,2025-06-03 07:50:38,43.357837677002,-8.84492778778076,"Female"
"6018402",371849,2025-06-03 07:55:38,43.3578453063965,-8.84494209289551,"Female"
"6018402",371849,2025-06-03 08:01:05,43.357837677002,-8.84490966796875,"Female"
"6018402",371849,2025-06-03 08:05:32,43.3577880859375,-8.84490585327148,"Female"
"6018402",371849,2025-06-03 08:10:33,43.3578453063965,-8.84489154815674,"Female"
"6018402",371849,2025-06-03 08:15:32,43.3577575683594,-8.84483909606934,"Female"
"6018402",371849,2025-06-03 08:20:33,43.3578224182129,-8.84491443634033,"Female"
"6018402",371849,2025-06-03 08:25:33,43.357837677002,-8.84487438201904,"Female"
"6018402",371849,2025-06-03 08:30:33,43.3579940795898,-8.8449010848999,"Female"
"6018402",371849,2025-06-03 08:35:33,43.3577575683594,-8.84497547149658,"Female"
"6018402",371849,2025-06-03 08:40:33,43.3580894470215,-8.84486484527588,"Female"
"6018402",371849,2025-06-03 08:45:35,43.3578109741211,-8.84494686126709,"Female"
"6018402",371849,2025-06-03 08:50:33,43.3580207824707,-8.84491443634033,"Female"
"6018402",371849,2025-06-03 08:55:35,43.357479095459,-8.84476566314697,"Female"
"6018402",371849,2025-06-03 09:00:35,43.3578109741211,-8.84495639801025,"Female"
"6018402",371849,2025-06-03 09:05:35,43.3578109741211,-8.84499931335449,"Female"
"6018402",371849,2025-06-03 09:10:35,43.3578605651855,-8.84494876861572,"Female"
"6018402",371849,2025-06-03 09:15:33,43.3577728271484,-8.84487438201904,"Female"
"6018402",371849,2025-06-03 09:20:33,43.357795715332,-8.84495449066162,"Female"
"6018402",371849,2025-06-03 09:25:33,43.3576850891113,-8.84487152099609,"Female"
"6018402",371849,2025-06-03 09:30:35,43.3577537536621,-8.84493255615234,"Female"
"6018402",371849,2025-06-03 09:35:35,43.3576965332031,-8.84484958648682,"Female"
"6018402",371849,2025-06-03 09:40:33,43.3576469421387,-8.84477710723877,"Female"
"6018402",371849,2025-06-03 09:45:33,43.357723236084,-8.8449010848999,"Female"
"6018402",371849,2025-06-03 09:50:33,43.3576393127441,-8.84485340118408,"Female"
"6018402",371849,2025-06-03 09:55:33,43.3576393127441,-8.84483623504639,"Female"
"6018402",371849,2025-06-03 10:00:33,43.3577156066895,-8.84494209289551,"Female"
"6018402",371849,2025-06-03 10:05:33,43.3576736450195,-8.84490489959717,"Female"
"6018402",371849,2025-06-03 10:10:33,43.3576545715332,-8.84493160247803,"Female"
"6018402",371849,2025-06-03 10:15:35,43.3576316833496,-8.84494400024414,"Female"
"6018402",371849,2025-06-03 10:20:33,43.3577423095703,-8.84496974945068,"Female"
"6018402",371849,2025-06-03 10:25:33,43.3575820922852,-8.84492301940918,"Female"
"6018402",371849,2025-06-03 10:30:37,43.3576393127441,-8.84492874145508,"Female"
"6018402",371849,2025-06-03 10:35:33,43.3576927185059,-8.84490394592285,"Female"
"6018402",371849,2025-06-03 10:40:33,43.3578186035156,-8.8449592590332,"Female"
"6018402",371849,2025-06-03 10:45:33,43.3576889038086,-8.84490489959717,"Female"
"6018402",371849,2025-06-03 10:50:34,43.3586120605469,-8.84538841247559,"Female"
"6018402",371849,2025-06-03 10:55:34,43.3585014343262,-8.84528160095215,"Female"
"6018402",371849,2025-06-03 11:00:33,43.3582229614258,-8.8449592590332,"Female"
"6018402",371849,2025-06-03 11:05:33,43.3582038879395,-8.8449535369873,"Female"
"6018402",371849,2025-06-03 11:10:34,43.3582305908203,-8.84505081176758,"Female"
"6018402",371849,2025-06-03 11:15:33,43.3581924438477,-8.84515285491943,"Female"
"6018402",371849,2025-06-03 11:20:33,43.3582038879395,-8.84523677825928,"Female"
"6018402",371849,2025-06-03 11:25:34,43.3579368591309,-8.84481620788574,"Female"
"6018402",371849,2025-06-03 11:30:34,43.3577919006348,-8.84485149383545,"Female"
"6018402",371849,2025-06-03 11:35:34,43.3580017089844,-8.84466171264648,"Female"
"6018402",371849,2025-06-03 11:40:34,43.3578567504883,-8.84494304656982,"Female"
"6018402",371849,2025-06-03 11:45:34,43.3579063415527,-8.84467792510986,"Female"
"6018402",371849,2025-06-03 11:50:35,43.3578910827637,-8.84471321105957,"Female"
"6018402",371849,2025-06-03 11:55:34,43.3579025268555,-8.84465885162354,"Female"
"6018402",371849,2025-06-03 12:00:36,43.3580665588379,-8.84472942352295,"Female"
"6018402",371849,2025-06-03 12:05:34,43.3580513000488,-8.84475994110107,"Female"
"6018402",371849,2025-06-03 12:10:34,43.3578567504883,-8.84481716156006,"Female"
"6018402",371849,2025-06-03 12:15:34,43.3577499389648,-8.84503364562988,"Female"
"6018402",371849,2025-06-03 12:20:34,43.3579444885254,-8.84456825256348,"Female"
"6018402",371849,2025-06-03 12:25:37,43.3578147888184,-8.84464359283447,"Female"
"6018402",371849,2025-06-03 12:30:35,43.3578414916992,-8.84469985961914,"Female"
"6018402",371849,2025-06-03 12:35:34,43.3578910827637,-8.84487628936768,"Female"
"6018402",371849,2025-06-03 12:40:34,43.3579254150391,-8.84453964233398,"Female"
"6018402",371849,2025-06-03 12:45:34,43.3578872680664,-8.84462547302246,"Female"
"6018402",371849,2025-06-03 12:50:34,43.3579597473145,-8.8446626663208,"Female"
"6018402",371849,2025-06-03 12:55:34,43.3579559326172,-8.84468269348145,"Female"
"6018402",371849,2025-06-03 13:00:34,43.3579483032227,-8.84466743469238,"Female"
"6018402",371849,2025-06-03 13:05:34,43.3579711914062,-8.84469318389893,"Female"
"6018402",371849,2025-06-03 13:10:36,43.3580055236816,-8.84472274780273,"Female"
"6018402",371849,2025-06-03 13:15:34,43.3581466674805,-8.84469127655029,"Female"
"6018402",371849,2025-06-03 13:20:34,43.358154296875,-8.84475898742676,"Female"
"6018402",371849,2025-06-03 13:25:34,43.3580856323242,-8.8447322845459,"Female"
"6018402",371849,2025-06-03 13:30:37,43.3578910827637,-8.84473705291748,"Female"
"6018402",371849,2025-06-03 13:35:34,43.3577766418457,-8.84478092193604,"Female"
"6018402",371849,2025-06-03 13:40:34,43.3578033447266,-8.84477233886719,"Female"
"6018402",371849,2025-06-03 13:45:37,43.3578033447266,-8.84481620788574,"Female"
"6018402",371849,2025-06-03 13:50:37,43.3578338623047,-8.84479141235352,"Female"
"6018402",371849,2025-06-03 13:55:37,43.3579864501953,-8.84484481811523,"Female"
"6018402",371849,2025-06-03 14:00:36,43.3579750061035,-8.8449068069458,"Female"
"6018402",371849,2025-06-03 14:05:36,43.3579788208008,-8.84491539001465,"Female"
"6018402",371849,2025-06-03 14:10:36,43.3579750061035,-8.84495258331299,"Female"
"6018402",371849,2025-06-03 14:15:36,43.3579139709473,-8.84498405456543,"Female"
"6018402",371849,2025-06-03 14:20:36,43.357982635498,-8.84502220153809,"Female"
"6018402",371849,2025-06-03 14:25:38,43.3579940795898,-8.84507465362549,"Female"
"6018402",371849,2025-06-03 14:30:37,43.358024597168,-8.84505653381348,"Female"
"6018402",371849,2025-06-03 14:35:36,43.3581733703613,-8.8450403213501,"Female"
"6018402",371849,2025-06-03 14:40:36,43.3581161499023,-8.84496974945068,"Female"
"6018402",371849,2025-06-03 14:45:34,43.3580513000488,-8.84500312805176,"Female"
"6018402",371849,2025-06-03 14:50:34,43.357967376709,-8.84500312805176,"Female"
"6018402",371849,2025-06-03 14:55:34,43.358211517334,-8.84496116638184,"Female"
"6018402",371849,2025-06-03 15:00:34,43.3582229614258,-8.84492015838623,"Female"
"6018402",371849,2025-06-03 15:05:34,43.3581504821777,-8.84493732452393,"Female"
"6018402",371849,2025-06-03 15:10:34,43.3581657409668,-8.84481716156006,"Female"
"6018402",371849,2025-06-03 15:15:34,43.3582801818848,-8.84490203857422,"Female"
"6018402",371849,2025-06-03 15:20:34,43.3582382202148,-8.84485530853271,"Female"
"6018402",371849,2025-06-03 15:25:34,43.3582344055176,-8.84491443634033,"Female"
"6018402",371849,2025-06-03 15:30:34,43.358097076416,-8.84480857849121,"Female"
"6018402",371849,2025-06-03 15:35:34,43.3578605651855,-8.84487819671631,"Female"
"6018402",371849,2025-06-03 15:40:34,43.3582153320312,-8.84496593475342,"Female"
"6018402",371849,2025-06-03 15:45:34,43.3578605651855,-8.84480381011963,"Female"
"6018402",371849,2025-06-03 15:50:34,43.3584251403809,-8.84506607055664,"Female"
"6018402",371849,2025-06-03 15:55:34,43.3578262329102,-8.84480571746826,"Female"
"6018402",371849,2025-06-03 16:00:34,43.3578834533691,-8.84480476379395,"Female"
"6018402",371849,2025-06-03 16:05:34,43.3578491210938,-8.84478187561035,"Female"
"6018402",371849,2025-06-03 16:10:34,43.3578758239746,-8.84480667114258,"Female"
"6018402",371849,2025-06-03 16:15:34,43.3583908081055,-8.84516620635986,"Female"
"6018402",371849,2025-06-03 16:20:36,43.3579444885254,-8.84486389160156,"Female"
"6018402",371849,2025-06-03 16:25:34,43.358325958252,-8.8451042175293,"Female"
"6018402",371849,2025-06-03 16:30:34,43.3582572937012,-8.84506130218506,"Female"
"6018402",371849,2025-06-03 16:35:34,43.358024597168,-8.84480285644531,"Female"
"6018402",371849,2025-06-03 16:40:36,43.3581275939941,-8.84494781494141,"Female"
"6018402",371849,2025-06-03 16:45:34,43.3579063415527,-8.84478855133057,"Female"
"6018402",371849,2025-06-03 16:50:35,43.3578910827637,-8.84472274780273,"Female"
"6018402",371849,2025-06-03 16:55:36,43.3579559326172,-8.84489631652832,"Female"
"6018402",371849,2025-06-03 17:00:34,43.3580093383789,-8.8448657989502,"Female"
"6018402",371849,2025-06-03 17:05:34,43.3579750061035,-8.84498119354248,"Female"
"6018402",371849,2025-06-03 17:10:37,43.3579063415527,-8.84496974945068,"Female"
"6018402",371849,2025-06-03 17:15:35,43.3579483032227,-8.84500122070312,"Female"
"6018402",371849,2025-06-03 17:20:34,43.3580284118652,-8.84490394592285,"Female"
"6018402",371849,2025-06-03 17:25:36,43.3579368591309,-8.84507274627686,"Female"
"6018402",371849,2025-06-03 17:30:35,43.3580055236816,-8.84500312805176,"Female"
"6018402",371849,2025-06-03 17:35:36,43.3514060974121,-8.84452629089355,"Female"
"6018402",371849,2025-06-03 17:40:36,43.3301086425781,-8.84543609619141,"Female"
"6018402",371849,2025-06-03 17:45:34,43.3219223022461,-8.83363628387451,"Female"
"6018402",371849,2025-06-03 17:50:36,43.3198928833008,-8.84554862976074,"Female"
"6018402",371849,2025-06-03 17:55:34,43.311882019043,-8.8582649230957,"Female"
"6018402",371849,2025-06-03 18:00:44,43.2953681945801,-8.85806751251221,"Female"
"6018402",371849,2025-06-03 18:05:48,43.295036315918,-8.85830974578857,"Female"
"6018402",371849,2025-06-03 18:10:40,43.2963218688965,-8.85810852050781,"Female"
"6018402",371849,2025-06-03 18:15:35,43.2957878112793,-8.85853958129883,"Female"
"6018402",371849,2025-06-03 18:20:35,43.2952117919922,-8.85762691497803,"Female"
"6018402",371849,2025-06-03 18:25:36,43.2951431274414,-8.85769653320312,"Female"
"6018402",371849,2025-06-03 18:30:37,43.2953224182129,-8.85841751098633,"Female"
"6018402",371849,2025-06-03 18:35:38,43.2950210571289,-8.85805797576904,"Female"
"6018402",371849,2025-06-03 18:40:34,43.2958374023438,-8.85827445983887,"Female"
"6018402",371849,2025-06-03 18:45:34,43.295539855957,-8.85872364044189,"Female"
"6018402",371849,2025-06-03 18:50:37,43.2955474853516,-8.85812664031982,"Female"
"6018402",371849,2025-06-03 18:55:34,43.2959098815918,-8.85806846618652,"Female"
"6018402",371849,2025-06-03 19:00:34,43.3029556274414,-8.85928821563721,"Female"
"6018402",371849,2025-06-03 19:05:34,43.3143730163574,-8.85702800750732,"Female"
"6018402",371849,2025-06-03 19:10:36,43.3144798278809,-8.856764793396,"Female"
"6018402",371849,2025-06-03 19:15:36,43.3142890930176,-8.85708904266357,"Female"
"6018402",371849,2025-06-03 19:20:34,43.3143157958984,-8.85703468322754,"Female"
"6018402",371849,2025-06-03 19:25:34,43.317813873291,-8.85662174224854,"Female"
"6018402",371849,2025-06-03 19:30:34,43.3212089538574,-8.84557819366455,"Female"
"6018402",371849,2025-06-03 19:35:34,43.3195648193359,-8.84596347808838,"Female"
"6018402",371849,2025-06-03 19:40:37,43.3196754455566,-8.84589099884033,"Female"
"6018402",371849,2025-06-03 19:45:36,43.3198089599609,-8.84604644775391,"Female"
"6018402",371849,2025-06-03 19:50:34,43.319709777832,-8.84584999084473,"Female"
"6018402",371849,2025-06-03 19:55:34,43.330394744873,-8.84812164306641,"Female"
"6018402",371849,2025-06-03 20:00:36,43.3584403991699,-8.84464836120605,"Female"
"6018402",371849,2025-06-03 20:05:34,43.3581809997559,-8.84517002105713,"Female"
"6018402",371849,2025-06-03 20:10:36,43.3581771850586,-8.84523391723633,"Female"
"6018402",371849,2025-06-03 20:15:34,43.3581390380859,-8.84514808654785,"Female"
"6018402",371849,2025-06-03 20:20:34,43.3581352233887,-8.84520435333252,"Female"
"6018402",371849,2025-06-03 20:25:34,43.3582763671875,-8.8445463180542,"Female"
"6018402",371849,2025-06-03 20:30:36,43.3580474853516,-8.846604347229,"Female"
"6018402",371849,2025-06-03 20:35:36,43.3581657409668,-8.84628486633301,"Female"
"6018402",371849,2025-06-03 20:40:36,43.3583221435547,-8.84660530090332,"Female"
"6018402",371849,2025-06-03 20:45:36,43.3581199645996,-8.84645652770996,"Female"
"6018402",371849,2025-06-03 20:50:36,43.3582420349121,-8.84676361083984,"Female"
"6018402",371849,2025-06-03 20:55:36,43.3581886291504,-8.84616088867188,"Female"
"6018402",371849,2025-06-03 21:00:34,43.3582611083984,-8.84617900848389,"Female"
"6018402",371849,2025-06-03 21:05:34,43.358470916748,-8.84654140472412,"Female"
"6018402",371849,2025-06-03 21:10:34,43.3585586547852,-8.84647369384766,"Female"
"6018402",371849,2025-06-03 21:15:34,43.3585205078125,-8.84636878967285,"Female"
"6018402",371849,2025-06-03 21:20:35,43.3584823608398,-8.84603595733643,"Female"
"6018402",371849,2025-06-03 21:25:34,43.3581886291504,-8.84597206115723,"Female"
"6018402",371849,2025-06-03 21:30:35,43.358283996582,-8.84619235992432,"Female"
"6018402",371849,2025-06-03 21:35:35,43.3579216003418,-8.84632396697998,"Female"
"6018402",371849,2025-06-03 21:40:35,43.3581466674805,-8.84602355957031,"Female"
"6018402",371849,2025-06-03 21:45:39,43.358283996582,-8.84625816345215,"Female"
"6018402",371849,2025-06-03 21:50:35,43.3581924438477,-8.84605598449707,"Female"
"6018402",371849,2025-06-03 21:55:34,43.3580589294434,-8.84451770782471,"Female"
"6018402",371849,2025-06-03 22:00:36,43.3578453063965,-8.84458160400391,"Female"
"6018402",371849,2025-06-03 22:05:34,43.357852935791,-8.84467315673828,"Female"
"6018402",371849,2025-06-03 22:10:34,43.3577728271484,-8.84458255767822,"Female"
"6018402",371849,2025-06-03 22:15:36,43.357982635498,-8.84479141235352,"Female"
"6018402",371849,2025-06-03 22:20:34,43.3577499389648,-8.84460067749023,"Female"
"6018402",371849,2025-06-03 22:25:35,43.3579444885254,-8.84470844268799,"Female"
"6018402",371849,2025-06-03 22:30:34,43.3576202392578,-8.84476470947266,"Female"
"6018402",371849,2025-06-03 22:35:34,43.357780456543,-8.84450721740723,"Female"
"6018402",371849,2025-06-03 22:40:34,43.3576278686523,-8.84474658966064,"Female"
"6018402",371849,2025-06-03 22:45:34,43.3581466674805,-8.84487533569336,"Female"
"6018402",371849,2025-06-03 22:50:35,43.3589515686035,-8.8458080291748,"Female"
"6018402",371849,2025-06-03 22:55:34,43.3580017089844,-8.84470176696777,"Female"
"6018402",371849,2025-06-03 23:00:34,43.3580665588379,-8.84460353851318,"Female"
"6018402",371849,2025-06-03 23:05:36,43.3579444885254,-8.844651222229,"Female"
"6018402",371849,2025-06-03 23:10:34,43.3580055236816,-8.84461498260498,"Female"
"6018402",371849,2025-06-03 23:15:34,43.3579635620117,-8.84463596343994,"Female"
"6018402",371849,2025-06-03 23:20:34,43.3577117919922,-8.84478950500488,"Female"
"6018402",371849,2025-06-03 23:25:34,43.3577270507812,-8.84464263916016,"Female"
"6018402",371849,2025-06-03 23:30:34,43.357723236084,-8.84483242034912,"Female"
"6018402",371849,2025-06-03 23:35:35,43.3577156066895,-8.84483528137207,"Female"
"6018402",371849,2025-06-03 23:40:35,43.3577308654785,-8.8449068069458,"Female"
"6018402",371849,2025-06-03 23:45:36,43.3577194213867,-8.84484100341797,"Female"
"6018402",371849,2025-06-03 23:50:34,43.3577079772949,-8.84483051300049,"Female"
"6018402",371849,2025-06-03 23:55:34,43.3577346801758,-8.84490013122559,"Female"
"6018402",371849,2025-06-04 00:00:34,43.3579177856445,-8.84474563598633,"Female"
"6018402",371849,2025-06-04 00:05:34,43.3579139709473,-8.84456825256348,"Female"
"6018402",371849,2025-06-04 00:10:34,43.3577270507812,-8.84461688995361,"Female"
"6018402",371849,2025-06-04 00:15:34,43.3578071594238,-8.84471225738525,"Female"
"6018402",371849,2025-06-04 00:20:36,43.3576812744141,-8.84458065032959,"Female"
"6018402",371849,2025-06-04 00:25:34,43.3580703735352,-8.84483909606934,"Female"
"6018402",371849,2025-06-04 00:30:34,43.357738494873,-8.84494781494141,"Female"
"6018402",371849,2025-06-04 00:35:34,43.3578948974609,-8.84482002258301,"Female"
"6018402",371849,2025-06-04 00:40:34,43.3578414916992,-8.84503650665283,"Female"
"6018402",371849,2025-06-04 00:45:34,43.357738494873,-8.84500026702881,"Female"
"6018402",371849,2025-06-04 00:50:34,43.3578033447266,-8.84496879577637,"Female"
"6018402",371849,2025-06-04 00:55:34,43.3577461242676,-8.84493350982666,"Female"
"6018402",371849,2025-06-04 01:00:37,43.3577766418457,-8.84498310089111,"Female"
"6018402",371849,2025-06-04 01:05:36,43.3578033447266,-8.84500694274902,"Female"
"6018402",371849,2025-06-04 01:10:37,43.3578186035156,-8.84507942199707,"Female"
"6018402",371849,2025-06-04 01:15:36,43.3578262329102,-8.84501457214355,"Female"
"6018402",371849,2025-06-04 01:20:37,43.3578605651855,-8.84500312805176,"Female"
"6018402",371849,2025-06-04 01:25:36,43.357852935791,-8.8450345993042,"Female"
"6018402",371849,2025-06-04 01:30:36,43.3578720092773,-8.84505462646484,"Female"
"6018402",371849,2025-06-04 01:35:36,43.3578910827637,-8.844970703125,"Female"
"6018402",371849,2025-06-04 01:40:39,43.35791015625,-8.84496974945068,"Female"
"6018402",371849,2025-06-04 01:45:35,43.3579025268555,-8.84501266479492,"Female"
"6018402",371849,2025-06-04 01:50:39,43.35791015625,-8.84501457214355,"Female"
"6018402",371849,2025-06-04 01:55:37,43.3578834533691,-8.8450345993042,"Female"
"6018402",371849,2025-06-04 02:00:37,43.3579444885254,-8.84497928619385,"Female"
"6018402",371849,2025-06-04 02:05:36,43.3580169677734,-8.84474277496338,"Female"
"6018402",371849,2025-06-04 02:10:39,43.3579254150391,-8.84496307373047,"Female"
"6018402",371849,2025-06-04 02:15:38,43.3580322265625,-8.84490966796875,"Female"
"6018402",371849,2025-06-04 02:20:34,43.3578605651855,-8.8452730178833,"Female"
"6018402",371849,2025-06-04 02:25:34,43.358024597168,-8.8449182510376,"Female"
"6018402",371849,2025-06-04 02:30:36,43.3580856323242,-8.84490203857422,"Female"
"6018402",371849,2025-06-04 02:35:34,43.3580932617188,-8.84494686126709,"Female"
"6018402",371849,2025-06-04 02:40:34,43.3580284118652,-8.84495449066162,"Female"
"6018402",371849,2025-06-04 02:45:34,43.3579292297363,-8.844970703125,"Female"
"6018402",371849,2025-06-04 02:50:34,43.357982635498,-8.84499740600586,"Female"
"6018402",371849,2025-06-04 02:55:34,43.3580055236816,-8.84498882293701,"Female"
"6018402",371849,2025-06-04 03:00:34,43.3580055236816,-8.84499168395996,"Female"
"6018402",371849,2025-06-04 03:05:34,43.3579559326172,-8.84498882293701,"Female"
"6018402",371849,2025-06-04 03:10:34,43.3579368591309,-8.8450174331665,"Female"
"6018402",371849,2025-06-04 03:15:34,43.3579635620117,-8.84509086608887,"Female"
"6018402",371849,2025-06-04 03:20:34,43.357967376709,-8.84510707855225,"Female"
"6018402",371849,2025-06-04 03:25:34,43.3579483032227,-8.84512615203857,"Female"
"6018402",371849,2025-06-04 03:30:34,43.3579177856445,-8.84517478942871,"Female"
"6018402",371849,2025-06-04 03:35:36,43.3579597473145,-8.84519290924072,"Female"
"6018402",371849,2025-06-04 03:40:34,43.375862121582,-8.85527992248535,"Female"
"6018402",371849,2025-06-04 03:45:35,43.3811149597168,-8.8545503616333,"Female"
"6018402",371849,2025-06-04 03:50:36,43.3820953369141,-8.85608577728271,"Female"
"6018402",371849,2025-06-04 03:55:34,43.3893051147461,-8.86556339263916,"Female"
"6018402",371849,2025-06-04 04:00:35,43.4100189208984,-8.88407611846924,"Female"
"6018402",371849,2025-06-04 04:05:34,43.4249382019043,-8.90241146087646,"Female"
"6018402",371849,2025-06-04 04:10:36,43.4411544799805,-8.91802406311035,"Female"
"6018402",371849,2025-06-04 04:15:34,43.4542236328125,-8.93346405029297,"Female"
"6018402",371849,2025-06-04 04:20:35,43.4625473022461,-8.95179557800293,"Female"
"6018402",371849,2025-06-04 04:25:35,43.4811058044434,-8.95796775817871,"Female"
"6018402",371849,2025-06-04 04:30:36,43.4909591674805,-8.96599197387695,"Female"
"6018402",371849,2025-06-04 04:35:36,43.4914321899414,-8.96733570098877,"Female"
"6018402",371849,2025-06-04 04:40:34,43.5080986022949,-8.97649574279785,"Female"
"6018402",371849,2025-06-04 04:45:35,43.5303344726562,-8.97522926330566,"Female"
"6018402",371849,2025-06-04 04:50:34,43.5493850708008,-8.98608493804932,"Female"
"6018402",371849,2025-06-04 04:55:34,43.5642700195312,-9.00555515289307,"Female"
"6018402",371849,2025-06-04 05:00:35,43.5635948181152,-9.02402400970459,"Female"
"6018402",371849,2025-06-04 05:05:35,43.5588645935059,-9.04512596130371,"Female"
"6018402",371849,2025-06-04 05:10:35,43.5508804321289,-9.06655788421631,"Female"
"6018402",371849,2025-06-04 05:15:35,43.5404930114746,-9.08307933807373,"Female"
"6018402",371849,2025-06-04 05:20:35,43.528148651123,-9.10473442077637,"Female"
"6018402",371849,2025-06-04 05:25:35,43.5187873840332,-9.11634635925293,"Female"
"6018402",371849,2025-06-04 05:30:37,43.5190200805664,-9.11624240875244,"Female"
"6018402",371849,2025-06-04 05:35:34,43.5144805908203,-9.12822437286377,"Female"
"6018402",371849,2025-06-04 05:40:37,43.5165519714355,-9.15029239654541,"Female"
"6018402",371849,2025-06-04 05:45:34,43.5043144226074,-9.17056941986084,"Female"
"6018402",371849,2025-06-04 05:50:34,43.4918899536133,-9.1832218170166,"Female"
"6018402",371849,2025-06-04 05:55:34,43.4659996032715,-9.18616390228271,"Female"
"6018402",371849,2025-06-04 06:00:35,43.4466247558594,-9.19705295562744,"Female"
"6018402",371849,2025-06-04 06:05:37,43.4356269836426,-9.207688331604,"Female"
"6018402",371849,2025-06-04 06:10:39,43.4359664916992,-9.20806980133057,"Female"
"6018402",371849,2025-06-04 06:15:39,43.4366874694824,-9.20805072784424,"Female"
"6018402",371849,2025-06-04 06:20:37,43.4370536804199,-9.20808219909668,"Female"
"6018402",371849,2025-06-04 06:25:41,43.4376754760742,-9.20802783966064,"Female"
"6018402",371849,2025-06-04 06:30:39,43.4376831054688,-9.20819568634033,"Female"
"6018402",371849,2025-06-04 06:35:37,43.4377059936523,-9.20834159851074,"Female"
"6018402",371849,2025-06-04 06:40:36,43.4344749450684,-9.21816349029541,"Female"
"6018402",371849,2025-06-04 06:45:35,43.4201202392578,-9.23136425018311,"Female"
"6018402",371849,2025-06-04 06:50:35,43.4085159301758,-9.25249290466309,"Female"
"6018402",371849,2025-06-04 06:55:34,43.3987007141113,-9.2753324508667,"Female"
"6018402",371849,2025-06-04 07:00:37,43.3937339782715,-9.291015625,"Female"
"6018402",371849,2025-06-04 07:05:34,43.3918800354004,-9.2938814163208,"Female"
"6018402",371849,2025-06-04 07:10:39,43.3884429931641,-9.29942226409912,"Female"
"6018402",371849,2025-06-04 07:15:36,43.3885726928711,-9.30014801025391,"Female"
"6018402",371849,2025-06-04 07:20:35,43.3873558044434,-9.30500411987305,"Female"
"6018402",371849,2025-06-04 07:25:39,43.380786895752,-9.3160457611084,"Female"
"6018402",371849,2025-06-04 07:30:39,43.3793029785156,-9.32216453552246,"Female"
"6018402",371849,2025-06-04 07:35:37,43.3770942687988,-9.32480621337891,"Female"
"6018402",371849,2025-06-04 07:40:40,43.3756217956543,-9.33100318908691,"Female"
"6018402",371849,2025-06-04 07:45:41,43.372875213623,-9.33491706848145,"Female"
"6018402",371849,2025-06-04 07:50:37,43.373233795166,-9.33499050140381,"Female"
"6018402",371849,2025-06-04 07:55:42,43.3674774169922,-9.34644317626953,"Female"
"6018402",371849,2025-06-04 08:00:38,43.3672523498535,-9.34640502929688,"Female"
"6018402",371849,2025-06-04 08:05:40,43.3681564331055,-9.34676074981689,"Female"
"6018402",371849,2025-06-04 08:10:39,43.3691749572754,-9.34718704223633,"Female"
"6018402",371849,2025-06-04 08:15:34,43.3674964904785,-9.34939193725586,"Female"
"6018402",371849,2025-06-04 08:20:34,43.3557624816895,-9.37357902526855,"Female"
"6018402",371849,2025-06-04 08:25:43,43.3551177978516,-9.37435054779053,"Female"
"6018402",371849,2025-06-04 08:30:47,43.3554344177246,-9.37557411193848,"Female"
"6018402",371849,2025-06-04 08:35:36,43.3532028198242,-9.37874126434326,"Female"
"6018402",371849,2025-06-04 08:40:34,43.3452453613281,-9.39262962341309,"Female"
"6018402",371849,2025-06-04 08:45:44,43.3444404602051,-9.3951587677002,"Female"
"6018402",371849,2025-06-04 08:50:48,43.3448638916016,-9.3956298828125,"Female"
"6018402",371849,2025-06-04 08:55:37,43.3410911560059,-9.40665626525879,"Female"
"6018402",371849,2025-06-04 09:00:41,43.336612701416,-9.40936470031738,"Female"
"6018402",371849,2025-06-04 09:05:44,43.3349075317383,-9.41131687164307,"Female"
"6018402",371849,2025-06-04 09:10:41,43.3356704711914,-9.41203689575195,"Female"
"6018402",371849,2025-06-04 09:15:34,43.338565826416,-9.42481994628906,"Female"
"6018402",371849,2025-06-04 09:20:38,43.3209533691406,-9.43050575256348,"Female"
"6018402",371849,2025-06-04 09:25:34,43.3124160766602,-9.42360591888428,"Female"
"6018402",371849,2025-06-04 09:30:37,43.2955551147461,-9.39518547058105,"Female"
"6018402",371849,2025-06-04 09:35:39,43.2775421142578,-9.4020881652832,"Female"
"6018402",371849,2025-06-04 09:40:36,43.2642707824707,-9.41178607940674,"Female"
"6018402",371849,2025-06-04 09:46:05,43.2451705932617,-9.42200088500977,"Female"
"6018402",371849,2025-06-04 09:50:36,43.2381019592285,-9.41901588439941,"Female"
"6018402",371849,2025-06-04 09:55:36,43.2385520935059,-9.41937065124512,"Female"
"6018402",371849,2025-06-04 10:00:36,43.2386322021484,-9.42018985748291,"Female"
"6018402",371849,2025-06-04 10:05:39,43.2388534545898,-9.42127132415771,"Female"
"6018402",371849,2025-06-04 10:10:34,43.2387046813965,-9.44132900238037,"Female"
"6018402",371849,2025-06-04 10:15:34,43.2339515686035,-9.46808624267578,"Female"
"6018402",371849,2025-06-04 10:20:41,43.2303237915039,-9.48734855651855,"Female"
"6018402",371849,2025-06-04 10:25:36,43.2282066345215,-9.47965908050537,"Female"
"6018402",371849,2025-06-04 10:30:36,43.2314796447754,-9.47656154632568,"Female"
"6018402",371849,2025-06-04 10:35:41,43.2330780029297,-9.47585105895996,"Female"
"6018402",371849,2025-06-04 10:40:39,43.2296676635742,-9.47693252563477,"Female"
"6018402",371849,2025-06-04 10:45:34,43.2304496765137,-9.47540092468262,"Female"
"6018402",371849,2025-06-04 10:50:41,43.2305068969727,-9.47440814971924,"Female"
"6018402",371849,2025-06-04 10:55:35,43.2301254272461,-9.47274112701416,"Female"
"6018402",371849,2025-06-04 11:00:40,43.230785369873,-9.47253513336182,"Female"
"6018402",371849,2025-06-04 11:05:38,43.2316055297852,-9.47230243682861,"Female"
"6018402",371849,2025-06-04 11:10:34,43.2357559204102,-9.4721040725708,"Female"
"6018402",371849,2025-06-04 11:16:35,43.2525100708008,-9.4918384552002,"Female"
"6018402",371849,2025-06-04 11:21:01,43.2591247558594,-9.48692226409912,"Female"
"6018402",371849,2025-06-04 11:25:54,43.2633934020996,-9.48255062103271,"Female"
"6018402",371849,2025-06-04 11:31:01,43.2644233703613,-9.48121738433838,"Female"
"6018402",371849,2025-06-04 11:36:19,43.2692604064941,-9.47690296173096,"Female"
"6018402",371849,2025-06-04 11:40:54,43.2723731994629,-9.47518253326416,"Female"
"6018402",371849,2025-06-04 11:46:01,43.2756462097168,-9.47099876403809,"Female"
"6018402",371849,2025-06-04 11:50:54,43.2802658081055,-9.46654224395752,"Female"
"6018402",371849,2025-06-04 11:56:01,43.2831840515137,-9.46207332611084,"Female"
"6018402",371849,2025-06-04 12:00:56,43.2827072143555,-9.46194076538086,"Female"
"6018402",371849,2025-06-04 12:05:58,43.2823181152344,-9.46202182769775,"Female"
"6018402",371849,2025-06-04 12:10:59,43.2818832397461,-9.46175098419189,"Female"
"6018402",371849,2025-06-04 12:16:02,43.2886390686035,-9.45001983642578,"Female"
"6018402",371849,2025-06-04 12:20:58,43.298038482666,-9.44200706481934,"Female"
"6018402",371849,2025-06-04 12:26:22,43.3014526367188,-9.43930625915527,"Female"
"6018402",371849,2025-06-04 12:30:51,43.3056945800781,-9.43207168579102,"Female"
"6018402",371849,2025-06-04 12:35:55,43.306827545166,-9.4286642074585,"Female"
"6018402",371849,2025-06-04 12:41:00,43.3110885620117,-9.42290878295898,"Female"
"6018402",371849,2025-06-04 12:46:42,43.3113174438477,-9.42241668701172,"Female"
"6018402",371849,2025-06-04 12:50:51,43.311206817627,-9.42387008666992,"Female"
"6018402",371849,2025-06-04 12:55:53,43.3217735290527,-9.41076946258545,"Female"
"6018402",371849,2025-06-04 13:00:52,43.3250732421875,-9.40460395812988,"Female"
"6018402",371849,2025-06-04 13:05:49,43.3248176574707,-9.35763740539551,"Female"
"6018402",371849,2025-06-04 13:10:49,43.3059463500977,-9.32823371887207,"Female"
"6018402",371849,2025-06-04 13:15:51,43.2909812927246,-9.29822635650635,"Female"
"6018402",371849,2025-06-04 13:20:50,43.2883110046387,-9.28247356414795,"Female"
"6018402",371849,2025-06-04 13:25:49,43.2759857177734,-9.23748302459717,"Female"
"6018402",371849,2025-06-04 13:31:29,43.262565612793,-9.1898307800293,"Female"
"6018402",371849,2025-06-04 13:35:48,43.2591857910156,-9.14600086212158,"Female"
"6018402",371849,2025-06-04 13:40:49,43.2519149780273,-9.09286785125732,"Female"
"6018402",371849,2025-06-04 13:45:49,43.2393569946289,-9.0511302947998,"Female"
"6018402",371849,2025-06-04 13:50:49,43.2259330749512,-9.03466796875,"Female"
"6018402",371849,2025-06-04 13:56:10,43.2168121337891,-9.01945114135742,"Female"
"6018402",371849,2025-06-04 14:00:51,43.2168083190918,-9.01944828033447,"Female"
"6018402",371849,2025-06-04 14:05:51,43.216983795166,-9.01938056945801,"Female"
"6018402",371849,2025-06-04 14:10:59,43.2173957824707,-9.01902770996094,"Female"
"6018402",371849,2025-06-04 14:15:55,43.2168083190918,-9.01917266845703,"Female"
"6018402",371849,2025-06-04 14:21:10,43.2168121337891,-9.01925182342529,"Female"
"6018402",371849,2025-06-04 14:25:50,43.216625213623,-9.01880359649658,"Female"
"6018402",371849,2025-06-04 14:30:50,43.2162628173828,-9.01815605163574,"Female"
"6018402",371849,2025-06-04 14:35:54,43.2162322998047,-9.01824474334717,"Female"
"6018402",371849,2025-06-04 14:41:00,43.2165756225586,-9.01878261566162,"Female"
"6018402",371849,2025-06-04 14:46:15,43.2163772583008,-9.01887893676758,"Female"
"6018402",371849,2025-06-04 14:50:50,43.2163963317871,-9.01877117156982,"Female"
"6018402",371849,2025-06-04 14:55:50,43.219856262207,-9.01705074310303,"Female"
"6018402",371849,2025-06-04 15:00:50,43.245174407959,-8.98743152618408,"Female"
"6018402",371849,2025-06-04 15:05:49,43.272159576416,-8.97875595092773,"Female"
"6018402",371849,2025-06-04 15:10:49,43.3099403381348,-8.95450305938721,"Female"
"6018402",371849,2025-06-04 15:15:55,43.3507041931152,-8.91429328918457,"Female"
"6018402",371849,2025-06-04 15:20:54,43.3594017028809,-8.84644508361816,"Female"
"6018402",371849,2025-06-04 15:26:21,43.3578033447266,-8.84492874145508,"Female"
"6018402",371849,2025-06-04 15:30:51,43.3579254150391,-8.84500694274902,"Female"
"6018402",371849,2025-06-04 15:35:56,43.3578338623047,-8.84479141235352,"Female"
"6018402",371849,2025-06-04 15:40:51,43.3578491210938,-8.84493923187256,"Female"
"6018402",371849,2025-06-04 15:46:14,43.3577156066895,-8.84487056732178,"Female"
"6018402",371849,2025-06-04 15:50:48,43.3576889038086,-8.84527397155762,"Female"
"6018402",371849,2025-06-04 15:55:51,43.3577308654785,-8.84512519836426,"Female"
"6018402",371849,2025-06-04 16:00:52,43.3574371337891,-8.84339237213135,"Female"
"6018402",371849,2025-06-04 16:05:52,43.357105255127,-8.8427209854126,"Female"
"6018402",371849,2025-06-04 16:11:01,43.3577575683594,-8.84495162963867,"Female"
"6018402",371849,2025-06-04 16:15:53,43.3576240539551,-8.84484100341797,"Female"
"6018402",371849,2025-06-04 16:21:01,43.357738494873,-8.84495735168457,"Female"
"6018402",371849,2025-06-04 16:26:01,43.3578033447266,-8.84491443634033,"Female"
"6018402",371849,2025-06-04 16:31:23,43.3577194213867,-8.84486293792725,"Female"
"6018402",371849,2025-06-04 16:36:01,43.3576126098633,-8.84477233886719,"Female"
"6018402",371849,2025-06-04 16:41:01,43.3576622009277,-8.84478282928467,"Female"
"6018402",371849,2025-06-04 16:45:49,43.3576622009277,-8.84474754333496,"Female"
"6018402",371849,2025-06-04 16:51:14,43.3578872680664,-8.84497356414795,"Female"
"6018402",371849,2025-06-04 16:55:49,43.3578567504883,-8.84494018554688,"Female"
"6018402",371849,2025-06-04 17:00:51,43.3579368591309,-8.84508228302002,"Female"
"6018402",371849,2025-06-04 17:05:52,43.3579177856445,-8.84499168395996,"Female"
"6018402",371849,2025-06-04 17:10:58,43.3579177856445,-8.84498405456543,"Female"
"6018402",371849,2025-06-04 17:15:51,43.3579750061035,-8.84508609771729,"Female"
"6018402",371849,2025-06-04 17:20:56,43.357837677002,-8.84498500823975,"Female"
"6018402",371849,2025-06-04 17:25:54,43.3579063415527,-8.84505271911621,"Female"
"6018402",371849,2025-06-04 17:31:20,43.3579864501953,-8.84534168243408,"Female"
"6018402",371849,2025-06-04 17:36:14,43.3582305908203,-8.84601593017578,"Female"
"6018402",371849,2025-06-04 17:41:14,43.3578300476074,-8.84486103057861,"Female"
"6018402",371849,2025-06-04 17:45:49,43.3578491210938,-8.84483242034912,"Female"
"6018402",371849,2025-06-04 17:50:48,43.3577766418457,-8.8447904586792,"Female"
"6018402",371849,2025-06-04 17:55:52,43.3578033447266,-8.84480762481689,"Female"
"6018402",371849,2025-06-04 18:00:53,43.3578414916992,-8.84470081329346,"Female"
"6018402",371849,2025-06-04 18:05:51,43.3577079772949,-8.84478187561035,"Female"
"6018402",371849,2025-06-04 18:10:53,43.3577880859375,-8.84495162963867,"Female"
"6018402",371849,2025-06-04 18:15:56,43.3578300476074,-8.8448600769043,"Female"
"6018402",371849,2025-06-04 18:21:06,43.3581504821777,-8.84519195556641,"Female"
"6018402",371849,2025-06-04 18:26:15,43.3575134277344,-8.84443950653076,"Female"
"6018402",371849,2025-06-04 18:31:29,43.3577308654785,-8.84497737884521,"Female"
"6018402",371849,2025-06-04 18:35:48,43.3577270507812,-8.84489917755127,"Female"
"6018402",371849,2025-06-04 18:40:48,43.3576965332031,-8.84496402740479,"Female"
"6018402",371849,2025-06-04 18:45:48,43.3577423095703,-8.84492778778076,"Female"
"6018402",371849,2025-06-04 18:50:48,43.3577995300293,-8.84494018554688,"Female"
"6018402",371849,2025-06-04 18:55:48,43.3577651977539,-8.84496116638184,"Female"
"6018402",371849,2025-06-04 19:00:48,43.3577651977539,-8.8449878692627,"Female"
"6018402",371849,2025-06-04 19:05:48,43.3578071594238,-8.84502410888672,"Female"
"6018402",371849,2025-06-04 19:10:48,43.3577575683594,-8.8449535369873,"Female"
"6018402",371849,2025-06-04 19:15:48,43.357837677002,-8.84486389160156,"Female"
"6018402",371849,2025-06-04 19:20:53,43.357837677002,-8.84486293792725,"Female"
"6018402",371849,2025-06-04 19:25:54,43.3578491210938,-8.84486484527588,"Female"
"6018402",371849,2025-06-04 19:30:49,43.3578338623047,-8.84490776062012,"Female"
"6018402",371849,2025-06-04 19:35:48,43.3578910827637,-8.84495639801025,"Female"
"6018402",371849,2025-06-04 19:41:14,43.3577842712402,-8.84492492675781,"Female"
"6018402",371849,2025-06-04 19:45:48,43.3578910827637,-8.84501361846924,"Female"
"6018402",371849,2025-06-04 19:50:48,43.3578987121582,-8.84506320953369,"Female"
"6018402",371849,2025-06-04 19:55:50,43.35791015625,-8.84502124786377,"Female"
"6018402",371849,2025-06-04 20:00:48,43.3578758239746,-8.84502029418945,"Female"
"6018402",371849,2025-06-04 20:05:48,43.3577880859375,-8.84486389160156,"Female"
"6018402",371849,2025-06-04 20:10:49,43.3577766418457,-8.84484386444092,"Female"
"6018402",371849,2025-06-04 20:15:49,43.3578414916992,-8.84501647949219,"Female"
"6018402",371849,2025-06-04 20:20:48,43.3577041625977,-8.84483814239502,"Female"
"6018402",371849,2025-06-04 20:25:48,43.3576507568359,-8.84469032287598,"Female"
"6018402",371849,2025-06-04 20:30:52,43.357608795166,-8.84452629089355,"Female"
"6018402",371849,2025-06-04 20:35:52,43.3577461242676,-8.84479713439941,"Female"
"6018402",371849,2025-06-04 20:40:49,43.3577613830566,-8.84483242034912,"Female"
"6018402",371849,2025-06-04 20:45:49,43.357723236084,-8.84489822387695,"Female"
"6018402",371849,2025-06-04 20:51:01,43.3579177856445,-8.84516143798828,"Female"
"6018402",371849,2025-06-04 20:56:14,43.3579330444336,-8.84514617919922,"Female"
"6018402",371849,2025-06-04 21:00:53,43.3578567504883,-8.84505462646484,"Female"
"6018402",371849,2025-06-04 21:05:56,43.3578491210938,-8.84505271911621,"Female"
"6018402",371849,2025-06-04 21:10:54,43.3578720092773,-8.84502410888672,"Female"
"6018402",371849,2025-06-04 21:15:51,43.3577423095703,-8.84480094909668,"Female"
"6018402",371849,2025-06-04 21:20:54,43.3577919006348,-8.84488868713379,"Female"
"6018402",371849,2025-06-04 21:25:55,43.3577651977539,-8.84492301940918,"Female"
"6018402",371849,2025-06-04 21:30:54,43.357723236084,-8.84488773345947,"Female"
"6018402",371849,2025-06-04 21:35:51,43.3577308654785,-8.84489822387695,"Female"
"6018402",371849,2025-06-04 21:41:15,43.3575744628906,-8.84454536437988,"Female"
"6018402",371849,2025-06-04 21:46:01,43.3575782775879,-8.84448909759521,"Female"
"6018402",371849,2025-06-04 21:51:01,43.3576164245605,-8.84449481964111,"Female"
"6018402",371849,2025-06-04 21:55:50,43.358081817627,-8.84469223022461,"Female"
"6018402",371849,2025-06-04 22:00:49,43.357551574707,-8.8444995880127,"Female"
"6018402",371849,2025-06-04 22:05:53,43.3575057983398,-8.84446239471436,"Female"
"6018402",371849,2025-06-04 22:10:55,43.357837677002,-8.84458255767822,"Female"
"6018402",371849,2025-06-04 22:16:01,43.3579025268555,-8.84482383728027,"Female"
"6018402",371849,2025-06-04 22:20:53,43.3582458496094,-8.84460926055908,"Female"
"6018402",371849,2025-06-04 22:25:50,43.3577575683594,-8.84433460235596,"Female"
"6018402",371849,2025-06-04 22:31:29,43.3577308654785,-8.84487819671631,"Female"
"6018402",371849,2025-06-04 22:35:53,43.3577651977539,-8.84485816955566,"Female"
"6018402",371849,2025-06-04 22:40:54,43.3577117919922,-8.84489631652832,"Female"
"6018402",371849,2025-06-04 22:45:53,43.3577728271484,-8.84497451782227,"Female"
"6018402",371849,2025-06-04 22:51:14,43.3578872680664,-8.84483051300049,"Female"
"6018402",371849,2025-06-04 22:55:48,43.3577575683594,-8.84499645233154,"Female"
"6018402",371849,2025-06-04 23:00:48,43.3578033447266,-8.84503173828125,"Female"
"6018402",371849,2025-06-04 23:05:50,43.3577766418457,-8.84496021270752,"Female"
"6018402",371849,2025-06-04 23:10:52,43.3579750061035,-8.84490489959717,"Female"
"6018402",371849,2025-06-04 23:15:49,43.3578338623047,-8.8450288772583,"Female"
"6018402",371849,2025-06-04 23:20:51,43.3577880859375,-8.84497165679932,"Female"
"6018402",371849,2025-06-04 23:25:49,43.3578033447266,-8.84501075744629,"Female"
"6018402",371849,2025-06-04 23:30:51,43.3578186035156,-8.84481620788574,"Female"
"6018402",371849,2025-06-04 23:35:53,43.3577919006348,-8.84488201141357,"Female"
"6018402",371849,2025-06-04 23:40:52,43.3577919006348,-8.84474849700928,"Female"
"6018402",371849,2025-06-04 23:45:51,43.3577728271484,-8.84478187561035,"Female"
"6018402",371849,2025-06-04 23:50:52,43.3578186035156,-8.84491062164307,"Female"
"6018402",371849,2025-06-04 23:55:52,43.357795715332,-8.84461212158203,"Female"
"6018402",371849,2025-06-05 00:00:52,43.3578109741211,-8.84471225738525,"Female"
"6018402",371849,2025-06-05 00:05:50,43.3577423095703,-8.84470653533936,"Female"
"6018402",371849,2025-06-05 00:10:50,43.3577346801758,-8.84475326538086,"Female"
"6018402",371849,2025-06-05 00:15:51,43.3577117919922,-8.84470844268799,"Female"
"6018402",371849,2025-06-05 00:21:01,43.3577156066895,-8.84471130371094,"Female"
"6018402",371849,2025-06-05 00:26:01,43.3577461242676,-8.84469509124756,"Female"
"6018402",371849,2025-06-05 00:30:50,43.3577461242676,-8.84478092193604,"Female"
"6018402",371849,2025-06-05 00:35:49,43.357780456543,-8.84477138519287,"Female"
"6018402",371849,2025-06-05 00:40:50,43.3578109741211,-8.84469127655029,"Female"
"6018402",371849,2025-06-05 00:45:53,43.3578681945801,-8.84490776062012,"Female"
"6018402",371849,2025-06-05 00:50:52,43.3578567504883,-8.84482574462891,"Female"
"6018402",371849,2025-06-05 00:55:51,43.3578300476074,-8.8447380065918,"Female"
"6018402",371849,2025-06-05 01:00:50,43.3578262329102,-8.84482192993164,"Female"
"6018402",371849,2025-06-05 01:05:54,43.35791015625,-8.8447904586792,"Female"
"6018402",371849,2025-06-05 01:10:55,43.3578224182129,-8.84482002258301,"Female"
"6018402",371849,2025-06-05 01:16:05,43.357852935791,-8.84456825256348,"Female"
"6018402",371849,2025-06-05 01:21:10,43.3578071594238,-8.84469032287598,"Female"
"6018402",371849,2025-06-05 01:26:29,43.3576965332031,-8.84490203857422,"Female"
"6018402",371849,2025-06-05 01:30:48,43.3576622009277,-8.84489440917969,"Female"
"6018402",371849,2025-06-05 01:36:01,43.3578186035156,-8.84482097625732,"Female"
"6018402",371849,2025-06-05 01:40:48,43.3577995300293,-8.844801902771,"Female"
"6018402",371849,2025-06-05 01:45:54,43.3579254150391,-8.84479141235352,"Female"
"6018402",371849,2025-06-05 01:51:01,43.3577766418457,-8.84485816955566,"Female"
"6018402",371849,2025-06-05 01:56:01,43.3577346801758,-8.84493160247803,"Female"
"6018402",371849,2025-06-05 02:01:01,43.3575248718262,-8.84511184692383,"Female"
"6018402",371849,2025-06-05 02:06:01,43.3584480285645,-8.84437274932861,"Female"
"6018402",371849,2025-06-05 02:11:41,43.3578033447266,-8.84486961364746,"Female"
"6018402",371849,2025-06-05 02:15:55,43.3578109741211,-8.84487438201904,"Female"
"6018402",371849,2025-06-05 02:20:52,43.3577346801758,-8.84485626220703,"Female"
"6018402",371849,2025-06-05 02:25:52,43.3578643798828,-8.84741497039795,"Female"
"6018402",371849,2025-06-05 02:30:50,43.3567008972168,-8.84627723693848,"Female"
"6018402",371849,2025-06-05 02:35:51,43.3577613830566,-8.84519481658936,"Female"
"6018402",371849,2025-06-05 02:41:35,43.3583450317383,-8.8461856842041,"Female"
"6018402",371849,2025-06-05 02:45:49,43.3577117919922,-8.845139503479,"Female"
"6018402",371849,2025-06-05 02:51:22,43.3580436706543,-8.84538078308105,"Female"
"6018402",371849,2025-06-05 02:55:49,43.356819152832,-8.84678268432617,"Female"
"6018402",371849,2025-06-05 03:01:35,43.3586616516113,-8.84622192382812,"Female"
"6018402",371849,2025-06-05 03:05:48,43.3585472106934,-8.84611034393311,"Female"
"6018402",371849,2025-06-05 03:10:48,43.3577575683594,-8.84476852416992,"Female"
"6018402",371849,2025-06-05 03:15:48,43.3577995300293,-8.84486103057861,"Female"
"6018402",371849,2025-06-05 03:20:48,43.357852935791,-8.84487724304199,"Female"
"6018402",371849,2025-06-05 03:25:48,43.3577995300293,-8.84494686126709,"Female"
"6018402",371849,2025-06-05 03:30:48,43.3577575683594,-8.84488201141357,"Female"
"6018402",371849,2025-06-05 03:35:47,43.3577919006348,-8.84492301940918,"Female"
"6018402",371849,2025-06-05 03:40:48,43.3577461242676,-8.84483432769775,"Female"
"6018402",371849,2025-06-05 03:45:48,43.3577919006348,-8.84480857849121,"Female"
"6018402",371849,2025-06-05 03:50:48,43.3577995300293,-8.84484195709229,"Female"
"6018402",371849,2025-06-05 03:55:48,43.357780456543,-8.84485912322998,"Female"
"6018402",371849,2025-06-05 04:00:48,43.3577117919922,-8.84480667114258,"Female"
"6018402",371849,2025-06-05 04:05:48,43.3577423095703,-8.84481430053711,"Female"
"6018402",371849,2025-06-05 04:10:47,43.3577194213867,-8.8448314666748,"Female"
"6018402",371849,2025-06-05 04:15:47,43.3577041625977,-8.84488964080811,"Female"
"6018402",371849,2025-06-05 04:20:47,43.3576927185059,-8.84488010406494,"Female"
"6018402",371849,2025-06-05 04:25:47,43.3577842712402,-8.8448600769043,"Female"
"6018402",371849,2025-06-05 04:30:47,43.3577041625977,-8.84484672546387,"Female"
"6018402",371849,2025-06-05 04:35:48,43.3576431274414,-8.84479904174805,"Female"
"6018402",371849,2025-06-05 04:40:48,43.3577537536621,-8.844895362854,"Female"
"6018402",371849,2025-06-05 04:45:51,43.3576278686523,-8.84474658966064,"Female"
"6018402",371849,2025-06-05 04:50:50,43.357536315918,-8.84470176696777,"Female"
"6018402",371849,2025-06-05 04:55:53,43.3571853637695,-8.84432888031006,"Female"
"6018402",371849,2025-06-05 05:01:00,43.357795715332,-8.84494400024414,"Female"
"6018402",371849,2025-06-05 05:05:48,43.3581428527832,-8.84537506103516,"Female"
"6018402",371849,2025-06-05 05:10:49,43.3576126098633,-8.84473133087158,"Female"
"6018402",371849,2025-06-05 05:15:52,43.3576583862305,-8.84460926055908,"Female"
"6018402",371849,2025-06-05 05:20:50,43.3577499389648,-8.84490966796875,"Female"
"6018402",371849,2025-06-05 05:25:49,43.3577995300293,-8.84488201141357,"Female"
"6018402",371849,2025-06-05 05:30:50,43.3577880859375,-8.84494590759277,"Female"
"6018402",371849,2025-06-05 05:35:53,43.3577613830566,-8.84485340118408,"Female"
"6018402",371849,2025-06-05 05:40:57,43.3578414916992,-8.84485340118408,"Female"
"6018402",371849,2025-06-05 05:45:48,43.357780456543,-8.84492778778076,"Female"
"6018402",371849,2025-06-05 05:50:49,43.3576927185059,-8.84469699859619,"Female"
"6018402",371849,2025-06-05 05:55:49,43.3420906066895,-8.8423490524292,"Female"
"6018402",371849,2025-06-05 06:00:49,43.3237342834473,-8.84481716156006,"Female"
"6018402",371849,2025-06-05 06:05:50,43.3061561584473,-8.85608005523682,"Female"
"6018402",371849,2025-06-05 06:10:49,43.2914733886719,-8.86177444458008,"Female"
"6018402",371849,2025-06-05 06:15:49,43.2858505249023,-8.85741806030273,"Female"
"6018402",371849,2025-06-05 06:20:51,43.2848968505859,-8.857421875,"Female"
"6018402",371849,2025-06-05 06:25:49,43.2851638793945,-8.85784721374512,"Female"
"6018402",371849,2025-06-05 06:30:49,43.2850761413574,-8.857497215271,"Female"
"6018402",371849,2025-06-05 06:35:49,43.2848129272461,-8.85738468170166,"Female"
"6018402",371849,2025-06-05 06:40:50,43.2850227355957,-8.85715007781982,"Female"
"6018402",371849,2025-06-05 06:45:50,43.2848320007324,-8.85713863372803,"Female"
"6018402",371849,2025-06-05 06:50:49,43.2837982177734,-8.8555212020874,"Female"
"6018402",371849,2025-06-05 06:55:54,43.2698211669922,-8.84948825836182,"Female"
"6018402",371849,2025-06-05 07:00:55,43.2493743896484,-8.84443092346191,"Female"
"6018402",371849,2025-06-05 07:05:59,43.2493667602539,-8.84402370452881,"Female"
"6018402",371849,2025-06-05 07:10:57,43.2490653991699,-8.84447383880615,"Female"
"6018402",371849,2025-06-05 07:16:14,43.2476806640625,-8.84269046783447,"Female"
"6018402",371849,2025-06-05 07:20:50,43.2470855712891,-8.84239387512207,"Female"
"6018402",371849,2025-06-05 07:25:49,43.2471504211426,-8.84292411804199,"Female"
"6018402",371849,2025-06-05 07:30:47,43.2400054931641,-8.82517051696777,"Female"
"6018402",371849,2025-06-05 07:35:48,43.2399520874023,-8.82535457611084,"Female"
"6018402",371849,2025-06-05 07:40:49,43.2401237487793,-8.82556438446045,"Female"
"6018402",371849,2025-06-05 07:45:49,43.2401428222656,-8.82553958892822,"Female"
"6018402",371849,2025-06-05 07:50:52,43.2404632568359,-8.8261604309082,"Female"
"6018402",371849,2025-06-05 07:55:51,43.2419776916504,-8.82391262054443,"Female"
"6018402",371849,2025-06-05 08:01:07,43.252513885498,-8.82204437255859,"Female"
"6018402",371849,2025-06-05 08:05:49,43.2524566650391,-8.82202339172363,"Female"
"6018402",371849,2025-06-05 08:10:52,43.2521705627441,-8.82150745391846,"Female"
"6018402",371849,2025-06-05 08:15:52,43.2518653869629,-8.82153987884521,"Female"
"6018402",371849,2025-06-05 08:20:55,43.2523231506348,-8.82092094421387,"Female"
"6018402",371849,2025-06-05 08:25:53,43.2521286010742,-8.82106781005859,"Female"
"6018402",371849,2025-06-05 08:30:52,43.2521820068359,-8.82072639465332,"Female"
"6018402",371849,2025-06-05 08:35:52,43.2537498474121,-8.82197189331055,"Female"
"6018402",371849,2025-06-05 08:41:00,43.253059387207,-8.82096099853516,"Female"
"6018402",371849,2025-06-05 08:46:14,43.2527313232422,-8.82140445709229,"Female"
"6018402",371849,2025-06-05 08:50:48,43.2526168823242,-8.8214635848999,"Female"
"6018402",371849,2025-06-05 08:55:52,43.2548904418945,-8.81689071655273,"Female"
"6018402",371849,2025-06-05 09:00:50,43.2568016052246,-8.81757259368896,"Female"
"6018402",371849,2025-06-05 09:05:48,43.2642211914062,-8.82910251617432,"Female"
"6018402",371849,2025-06-05 09:10:49,43.2743492126465,-8.83432197570801,"Female"
"6018402",371849,2025-06-05 09:15:51,43.2892684936523,-8.85719680786133,"Female"
"6018402",371849,2025-06-05 09:20:51,43.2901878356934,-8.86298751831055,"Female"
"6018402",371849,2025-06-05 09:25:48,43.2906303405762,-8.86343097686768,"Female"
"6018402",371849,2025-06-05 09:31:14,43.2901954650879,-8.86371040344238,"Female"
"6018402",371849,2025-06-05 09:35:52,43.2897415161133,-8.86375999450684,"Female"
"6018402",371849,2025-06-05 09:40:49,43.2902221679688,-8.86354446411133,"Female"
"6018402",371849,2025-06-05 09:45:53,43.289909362793,-8.86383152008057,"Female"
"6018402",371849,2025-06-05 09:50:49,43.2905540466309,-8.86315727233887,"Female"
"6018402",371849,2025-06-05 09:55:50,43.2895164489746,-8.86382102966309,"Female"
"6018402",371849,2025-06-05 10:00:49,43.3135566711426,-8.85751056671143,"Female"
"6018402",371849,2025-06-05 10:05:50,43.315673828125,-8.85753345489502,"Female"
"6018402",371849,2025-06-05 10:10:52,43.3139686584473,-8.84105587005615,"Female"
"6018402",371849,2025-06-05 10:15:51,43.3144721984863,-8.84088230133057,"Female"
"6018402",371849,2025-06-05 10:20:49,43.314395904541,-8.84092044830322,"Female"
"6018402",371849,2025-06-05 10:25:59,43.3146171569824,-8.84085845947266,"Female"
"6018402",371849,2025-06-05 10:30:50,43.3145866394043,-8.84085464477539,"Female"
"6018402",371849,2025-06-05 10:35:50,43.3147735595703,-8.84085178375244,"Female"
"6018402",371849,2025-06-05 10:40:49,43.3066101074219,-8.84756755828857,"Female"
"6018402",371849,2025-06-05 10:45:51,43.2917098999023,-8.86244010925293,"Female"
"6018402",371849,2025-06-05 10:50:49,43.2851066589355,-8.85757064819336,"Female"
"6018402",371849,2025-06-05 10:55:49,43.2848014831543,-8.86312866210938,"Female"
"6018402",371849,2025-06-05 11:00:50,43.2820091247559,-8.86445045471191,"Female"
"6018402",371849,2025-06-05 11:05:49,43.2867431640625,-8.86802959442139,"Female"
"6018402",371849,2025-06-05 11:10:49,43.2867546081543,-8.86803531646729,"Female"
"6018402",371849,2025-06-05 11:15:49,43.286678314209,-8.86810398101807,"Female"
"6018402",371849,2025-06-05 11:20:49,43.2867469787598,-8.86819362640381,"Female"
"6018402",371849,2025-06-05 11:25:49,43.2867584228516,-8.86802005767822,"Female"
"6018402",371849,2025-06-05 11:30:49,43.2867851257324,-8.86812782287598,"Female"
"6018402",371849,2025-06-05 11:35:49,43.2868156433105,-8.86797428131104,"Female"
"6018402",371849,2025-06-05 11:40:49,43.288516998291,-8.86472797393799,"Female"
"6018402",371849,2025-06-05 11:45:49,43.2827796936035,-8.86312389373779,"Female"
"6018402",371849,2025-06-05 11:50:49,43.2787551879883,-8.87925434112549,"Female"
"6018402",371849,2025-06-05 11:55:49,43.2781982421875,-8.87940120697021,"Female"
"6018402",371849,2025-06-05 12:00:49,43.2773284912109,-8.87788009643555,"Female"
"6018402",371849,2025-06-05 12:05:50,43.2836112976074,-8.86150741577148,"Female"
"6018402",371849,2025-06-05 12:10:49,43.2995986938477,-8.86417102813721,"Female"
"6018402",371849,2025-06-05 12:15:49,43.3158226013184,-8.86744117736816,"Female"
"6018402",371849,2025-06-05 12:20:49,43.3267097473145,-8.88770198822021,"Female"
"6018402",371849,2025-06-05 12:25:49,43.3338966369629,-8.90132236480713,"Female"
"6018402",371849,2025-06-05 12:30:49,43.3326034545898,-8.91140174865723,"Female"
"6018402",371849,2025-06-05 12:35:49,43.3244705200195,-8.91231727600098,"Female"
"6018402",371849,2025-06-05 12:40:49,43.3085975646973,-8.90593719482422,"Female"
"6018402",371849,2025-06-05 12:45:49,43.2936477661133,-8.8944263458252,"Female"
"6018402",371849,2025-06-05 12:50:49,43.2777938842773,-8.88292789459229,"Female"
"6018402",371849,2025-06-05 12:55:49,43.2791862487793,-8.86126136779785,"Female"
"6018402",371849,2025-06-05 13:00:49,43.2789306640625,-8.86120414733887,"Female"
"6018402",371849,2025-06-05 13:05:49,43.2791900634766,-8.86104488372803,"Female"
"6018402",371849,2025-06-05 13:10:49,43.2791633605957,-8.86118412017822,"Female"
"6018402",371849,2025-06-05 13:15:49,43.2756042480469,-8.86727046966553,"Female"
"6018402",371849,2025-06-05 13:20:49,43.2737579345703,-8.87218856811523,"Female"
"6018402",371849,2025-06-05 13:25:48,43.2737693786621,-8.87135696411133,"Female"
"6018402",371849,2025-06-05 13:30:48,43.2704010009766,-8.86389541625977,"Female"
"6018402",371849,2025-06-05 13:35:49,43.2615547180176,-8.84248542785645,"Female"
"6018402",371849,2025-06-05 13:40:51,43.2615356445312,-8.84275817871094,"Female"
"6018402",371849,2025-06-05 13:45:52,43.2614898681641,-8.84293270111084,"Female"
"6018402",371849,2025-06-05 13:50:50,43.262092590332,-8.84232425689697,"Female"
"6018402",371849,2025-06-05 13:55:49,43.2612686157227,-8.84368991851807,"Female"
"6018402",371849,2025-06-05 14:00:51,43.2619247436523,-8.84224891662598,"Female"
"6018402",371849,2025-06-05 14:05:49,43.2618026733398,-8.84215641021729,"Female"
"6018402",371849,2025-06-05 14:10:48,43.2792434692383,-8.8363618850708,"Female"
"6018402",371849,2025-06-05 14:15:49,43.3008460998535,-8.85699558258057,"Female"
"6018402",371849,2025-06-05 14:20:49,43.3145141601562,-8.85719776153564,"Female"
"6018402",371849,2025-06-05 14:25:49,43.3144989013672,-8.85727500915527,"Female"
"6018402",371849,2025-06-05 14:30:49,43.3146018981934,-8.85721492767334,"Female"
"6018402",371849,2025-06-05 14:35:49,43.3146209716797,-8.85724067687988,"Female"
"6018402",371849,2025-06-05 14:40:48,43.3134574890137,-8.85678863525391,"Female"
"6018402",371849,2025-06-05 14:45:49,43.2995223999023,-8.86137866973877,"Female"
"6018402",371849,2025-06-05 14:50:49,43.2884292602539,-8.86315727233887,"Female"
"6018402",371849,2025-06-05 14:55:48,43.2871513366699,-8.8672924041748,"Female"
"6018402",371849,2025-06-05 15:00:48,43.2959289550781,-8.85919189453125,"Female"
"6018402",371849,2025-06-05 15:05:48,43.2873039245605,-8.86749362945557,"Female"
"6018402",371849,2025-06-05 15:10:49,43.287654876709,-8.86538410186768,"Female"
"6018402",371849,2025-06-05 15:15:49,43.287727355957,-8.86757373809814,"Female"
"6018402",371849,2025-06-05 15:20:48,43.2878494262695,-8.87107467651367,"Female"
"6018402",371849,2025-06-05 15:25:48,43.2844848632812,-8.88757705688477,"Female"
"6018402",371849,2025-06-05 15:30:48,43.275749206543,-8.89091205596924,"Female"
"6018402",371849,2025-06-05 15:35:48,43.2739105224609,-8.8574275970459,"Female"
"6018402",371849,2025-06-05 15:40:48,43.2613067626953,-8.83840465545654,"Female"
"6018402",371849,2025-06-05 15:45:48,43.244312286377,-8.82785224914551,"Female"
"6018402",371849,2025-06-05 15:50:53,43.2409133911133,-8.80642890930176,"Female"
"6018402",371849,2025-06-05 15:55:49,43.2418365478516,-8.80650043487549,"Female"
"6018402",371849,2025-06-05 16:00:49,43.2405586242676,-8.80666160583496,"Female"
"6018402",371849,2025-06-05 16:05:50,43.2401924133301,-8.80677509307861,"Female"
"6018402",371849,2025-06-05 16:10:52,43.2423439025879,-8.80792236328125,"Female"
"6018402",371849,2025-06-05 16:15:51,43.2415046691895,-8.80837059020996,"Female"
"6018402",371849,2025-06-05 16:20:50,43.2404289245605,-8.80542850494385,"Female"
"6018402",371849,2025-06-05 16:25:50,43.2403182983398,-8.80546760559082,"Female"
"6018402",371849,2025-06-05 16:30:50,43.2404670715332,-8.80564975738525,"Female"
"6018402",371849,2025-06-05 16:35:50,43.240062713623,-8.80580615997314,"Female"
"6018402",371849,2025-06-05 16:40:50,43.2425422668457,-8.80475234985352,"Female"
"6018402",371849,2025-06-05 16:45:50,43.2493057250977,-8.79040718078613,"Female"
"6018402",371849,2025-06-05 16:50:50,43.2515296936035,-8.78520679473877,"Female"
"6018402",371849,2025-06-05 16:55:50,43.2508239746094,-8.78529071807861,"Female"
"6018402",371849,2025-06-05 17:00:51,43.2514686584473,-8.78522109985352,"Female"
"6018402",371849,2025-06-05 17:05:50,43.2514305114746,-8.78544902801514,"Female"
"6018402",371849,2025-06-05 17:10:50,43.2512397766113,-8.78565788269043,"Female"
"6018402",371849,2025-06-05 17:15:52,43.2505874633789,-8.78579902648926,"Female"
"6018402",371849,2025-06-05 17:20:50,43.2507171630859,-8.78509998321533,"Female"
"6018402",371849,2025-06-05 17:25:50,43.2514038085938,-8.78548240661621,"Female"
"6018402",371849,2025-06-05 17:30:52,43.2513847351074,-8.785569190979,"Female"
"6018402",371849,2025-06-05 17:35:50,43.2516136169434,-8.78531265258789,"Female"
"6018402",371849,2025-06-05 17:40:50,43.2513999938965,-8.78540134429932,"Female"
"6018402",371849,2025-06-05 17:45:50,43.251838684082,-8.78874588012695,"Female"
"6018402",371849,2025-06-05 17:50:55,43.2611122131348,-8.79666996002197,"Female"
"6018402",371849,2025-06-05 17:55:50,43.2523193359375,-8.8104829788208,"Female"
"6018402",371849,2025-06-05 18:00:50,43.2395973205566,-8.80095386505127,"Female"
"6018402",371849,2025-06-05 18:05:50,43.2258682250977,-8.79813480377197,"Female"
"6018402",371849,2025-06-05 18:10:51,43.2123527526855,-8.8023624420166,"Female"
"6018402",371849,2025-06-05 18:15:51,43.2120628356934,-8.80205726623535,"Female"
"6018402",371849,2025-06-05 18:20:50,43.2111282348633,-8.80324363708496,"Female"
"6018402",371849,2025-06-05 18:25:50,43.2106742858887,-8.8028039932251,"Female"
"6018402",371849,2025-06-05 18:30:50,43.2125129699707,-8.80289745330811,"Female"
"6018402",371849,2025-06-05 18:35:50,43.2118453979492,-8.80169868469238,"Female"
"6018402",371849,2025-06-05 18:40:50,43.2116165161133,-8.80186748504639,"Female"
"6018402",371849,2025-06-05 18:45:50,43.2126045227051,-8.80420684814453,"Female"
"6018402",371849,2025-06-05 18:50:50,43.2126312255859,-8.8047513961792,"Female"
"6018402",371849,2025-06-05 18:55:50,43.2125549316406,-8.80466175079346,"Female"
"6018402",371849,2025-06-05 19:00:50,43.2118072509766,-8.80382251739502,"Female"
"6018402",371849,2025-06-05 19:05:50,43.2126007080078,-8.80440998077393,"Female"
"6018402",371849,2025-06-05 19:10:50,43.2123870849609,-8.80356216430664,"Female"
"6018402",371849,2025-06-05 19:15:50,43.2126426696777,-8.80435371398926,"Female"
"6018402",371849,2025-06-05 19:20:50,43.2113761901855,-8.80203723907471,"Female"
"6018402",371849,2025-06-05 19:25:51,43.2132301330566,-8.80355167388916,"Female"
"6018402",371849,2025-06-05 19:30:50,43.2133483886719,-8.8037805557251,"Female"
"6018402",371849,2025-06-05 19:35:50,43.2130928039551,-8.80403232574463,"Female"
"6018402",371849,2025-06-05 19:40:50,43.2133941650391,-8.80403423309326,"Female"
"6018402",371849,2025-06-05 19:45:50,43.2327766418457,-8.80453109741211,"Female"
"6018402",371849,2025-06-05 19:50:50,43.2548866271973,-8.8204345703125,"Female"
"6018402",371849,2025-06-05 19:55:50,43.2573318481445,-8.82262325286865,"Female"
"6018402",371849,2025-06-05 20:00:50,43.2574005126953,-8.82284164428711,"Female"
"6018402",371849,2025-06-05 20:05:50,43.2584495544434,-8.8231782913208,"Female"
"6018402",371849,2025-06-05 20:10:50,43.2585334777832,-8.82255935668945,"Female"
"6018402",371849,2025-06-05 20:15:50,43.277889251709,-8.82394027709961,"Female"
"6018402",371849,2025-06-05 20:20:50,43.3014488220215,-8.82286739349365,"Female"
"6018402",371849,2025-06-05 20:25:50,43.3208808898926,-8.84426307678223,"Female"
"6018402",371849,2025-06-05 20:30:50,43.3474464416504,-8.85118198394775,"Female"
"6018402",371849,2025-06-05 20:35:49,43.3576011657715,-8.84533023834229,"Female"
"6018402",371849,2025-06-05 20:40:50,43.3588485717773,-8.84671878814697,"Female"
"6018402",371849,2025-06-05 20:45:51,43.3586120605469,-8.84661960601807,"Female"
"6018402",371849,2025-06-05 20:50:50,43.3586120605469,-8.84644031524658,"Female"
"6018402",371849,2025-06-05 20:55:50,43.3588905334473,-8.84640407562256,"Female"
"6018402",371849,2025-06-05 21:00:50,43.3587417602539,-8.84644031524658,"Female"
"6018402",371849,2025-06-05 21:05:52,43.3586540222168,-8.84655666351318,"Female"
"6018402",371849,2025-06-05 21:10:50,43.3586540222168,-8.84655952453613,"Female"
"6018402",371849,2025-06-05 21:15:51,43.3584632873535,-8.84675979614258,"Female"
"6018402",371849,2025-06-05 21:20:54,43.3586196899414,-8.84642124176025,"Female"
"6018402",371849,2025-06-05 21:25:50,43.3583908081055,-8.84676933288574,"Female"
"6018402",371849,2025-06-05 21:30:50,43.3584289550781,-8.84673881530762,"Female"
"6018402",371849,2025-06-05 21:35:51,43.3584289550781,-8.84666347503662,"Female"
"6018402",371849,2025-06-05 21:40:50,43.3584289550781,-8.84655284881592,"Female"
"6018402",371849,2025-06-05 21:45:50,43.3583793640137,-8.84659290313721,"Female"
"6018402",371849,2025-06-05 21:50:50,43.3584213256836,-8.84655857086182,"Female"
"6018402",371849,2025-06-05 21:55:50,43.3578605651855,-8.84493732452393,"Female"
"6018402",371849,2025-06-05 22:00:58,43.3578224182129,-8.84462928771973,"Female"
"6018402",371849,2025-06-05 22:05:51,43.3576736450195,-8.84495639801025,"Female"
"6018402",371849,2025-06-05 22:10:51,43.3576126098633,-8.84493064880371,"Female"
"6018402",371849,2025-06-05 22:15:51,43.3576278686523,-8.8447961807251,"Female"
"6018402",371849,2025-06-05 22:20:58,43.3579216003418,-8.84525108337402,"Female"
"6018402",371849,2025-06-05 22:25:51,43.3576622009277,-8.84482002258301,"Female"
"6018402",371849,2025-06-05 22:30:54,43.3584098815918,-8.84482860565186,"Female"
"6018402",371849,2025-06-05 22:36:00,43.3583946228027,-8.84530639648438,"Female"
"6018402",371849,2025-06-05 22:41:00,43.3584213256836,-8.84532928466797,"Female"
"6018402",371849,2025-06-05 22:45:54,43.358470916748,-8.84536361694336,"Female"
"6018402",371849,2025-06-05 22:51:00,43.3581008911133,-8.8452672958374,"Female"
"6018402",371849,2025-06-05 22:55:52,43.358283996582,-8.84507751464844,"Female"
"6018402",371849,2025-06-05 23:00:53,43.357723236084,-8.84461307525635,"Female"
"6018402",371849,2025-06-05 23:05:55,43.3581047058105,-8.84527206420898,"Female"
"6018402",371849,2025-06-05 23:10:51,43.3580207824707,-8.84542179107666,"Female"
"6018402",371849,2025-06-05 23:15:51,43.3577041625977,-8.84458065032959,"Female"
"6018402",371849,2025-06-05 23:20:51,43.3576812744141,-8.84460353851318,"Female"
"6018402",371849,2025-06-05 23:25:50,43.3577270507812,-8.84448337554932,"Female"
"6018402",371849,2025-06-05 23:30:53,43.3577919006348,-8.84435367584229,"Female"
"6018402",371849,2025-06-05 23:35:51,43.3585510253906,-8.84167861938477,"Female"
"6018402",371849,2025-06-05 23:40:52,43.358585357666,-8.84160327911377,"Female"
"6018402",371849,2025-06-05 23:45:52,43.3583755493164,-8.84241008758545,"Female"
"6018402",371849,2025-06-05 23:50:51,43.3578262329102,-8.84456348419189,"Female"
"6018402",371849,2025-06-05 23:55:50,43.3579139709473,-8.84609889984131,"Female"
"6018402",371849,2025-06-06 00:00:52,43.3578224182129,-8.84484958648682,"Female"
"6018402",371849,2025-06-06 00:05:50,43.357795715332,-8.84473514556885,"Female"
"6018402",371849,2025-06-06 00:10:50,43.3578758239746,-8.84468555450439,"Female"
"6018402",371849,2025-06-06 00:15:50,43.3578910827637,-8.84447860717773,"Female"
"6018402",371849,2025-06-06 00:20:52,43.3578224182129,-8.8445873260498,"Female"
"6018402",371849,2025-06-06 00:25:52,43.3578262329102,-8.84458255767822,"Female"
"6018402",371849,2025-06-06 00:30:52,43.357795715332,-8.84473037719727,"Female"
"6018402",371849,2025-06-06 00:35:51,43.3577537536621,-8.8449010848999,"Female"
"6018402",371849,2025-06-06 00:40:50,43.3577651977539,-8.84492588043213,"Female"
"6018402",371849,2025-06-06 00:45:50,43.3576774597168,-8.84500885009766,"Female"
"6018402",371849,2025-06-06 00:50:51,43.3577346801758,-8.84504222869873,"Female"
"6018402",371849,2025-06-06 00:55:50,43.3577270507812,-8.84507083892822,"Female"
"6018402",371849,2025-06-06 01:00:50,43.3577575683594,-8.84507083892822,"Female"
"6018402",371849,2025-06-06 01:05:50,43.3577766418457,-8.84509754180908,"Female"
"6018402",371849,2025-06-06 01:10:51,43.3577728271484,-8.84512996673584,"Female"
"6018402",371849,2025-06-06 01:15:50,43.357795715332,-8.84515285491943,"Female"
"6018402",371849,2025-06-06 01:20:50,43.3578681945801,-8.84516334533691,"Female"
"6018402",371849,2025-06-06 01:25:50,43.3578147888184,-8.84523582458496,"Female"
"6018402",371849,2025-06-06 01:30:51,43.3578910827637,-8.8452320098877,"Female"
"6018402",371849,2025-06-06 01:35:50,43.3579711914062,-8.84528064727783,"Female"
"6018402",371849,2025-06-06 01:40:50,43.3578605651855,-8.84521293640137,"Female"
"6018402",371849,2025-06-06 01:45:51,43.3579788208008,-8.84527587890625,"Female"
"6018402",371849,2025-06-06 01:50:53,43.3580055236816,-8.84523868560791,"Female"
"6018402",371849,2025-06-06 01:55:51,43.3580207824707,-8.84521770477295,"Female"
"6018402",371849,2025-06-06 02:00:52,43.3580780029297,-8.84528827667236,"Female"
"6018402",371849,2025-06-06 02:05:51,43.3579940795898,-8.84526443481445,"Female"
"6018402",371849,2025-06-06 02:10:51,43.3579864501953,-8.84526348114014,"Female"
"6018402",371849,2025-06-06 02:15:51,43.3580017089844,-8.84528636932373,"Female"
"6018402",371849,2025-06-06 02:20:50,43.3579216003418,-8.8452320098877,"Female"
"6018402",371849,2025-06-06 02:25:51,43.3579444885254,-8.84531593322754,"Female"
"6018402",371849,2025-06-06 02:30:51,43.3579063415527,-8.8453483581543,"Female"
"6018402",371849,2025-06-06 02:35:51,43.3578872680664,-8.84548759460449,"Female"
"6018402",371849,2025-06-06 02:40:50,43.3578491210938,-8.84541416168213,"Female"
"6018402",371849,2025-06-06 02:45:50,43.3578834533691,-8.84531021118164,"Female"
"6018402",371849,2025-06-06 02:50:51,43.3578491210938,-8.84537506103516,"Female"
"6018402",371849,2025-06-06 02:55:50,43.3578758239746,-8.8454065322876,"Female"
"6018402",371849,2025-06-06 03:00:50,43.3578643798828,-8.84531593322754,"Female"
"6018402",371849,2025-06-06 03:05:50,43.3578338623047,-8.84540748596191,"Female"
"6018402",371849,2025-06-06 03:10:50,43.3579139709473,-8.84528732299805,"Female"
"6018402",371849,2025-06-06 03:15:50,43.3578910827637,-8.84535026550293,"Female"
"6018402",371849,2025-06-06 03:20:50,43.3578453063965,-8.84537601470947,"Female"
"6018402",371849,2025-06-06 03:25:51,43.3579444885254,-8.84529685974121,"Female"
"6018402",371849,2025-06-06 03:30:50,43.3579406738281,-8.84529304504395,"Female"
"6018402",371849,2025-06-06 03:35:50,43.3579292297363,-8.84532165527344,"Female"
"6018402",371849,2025-06-06 03:40:50,43.3579444885254,-8.84520626068115,"Female"
"6018402",371849,2025-06-06 03:45:50,43.357967376709,-8.84527206420898,"Female"
"6018402",371849,2025-06-06 03:50:50,43.3579368591309,-8.84529781341553,"Female"
"6018402",371849,2025-06-06 03:55:50,43.3579139709473,-8.84532260894775,"Female"
"6018402",371849,2025-06-06 04:00:50,43.3579559326172,-8.8453254699707,"Female"
"6018402",371849,2025-06-06 04:05:50,43.3579254150391,-8.84533405303955,"Female"
"6018402",371849,2025-06-06 04:10:50,43.3579597473145,-8.84523010253906,"Female"
"6018402",371849,2025-06-06 04:15:50,43.3579864501953,-8.84525012969971,"Female"
"6018402",371849,2025-06-06 04:20:57,43.3580360412598,-8.84530353546143,"Female"
"6018402",371849,2025-06-06 04:25:52,43.358024597168,-8.8452262878418,"Female"
"6018402",371849,2025-06-06 04:30:50,43.3578453063965,-8.84508609771729,"Female"
"6018402",371849,2025-06-06 04:35:52,43.3559341430664,-8.84646701812744,"Female"
"6018402",371849,2025-06-06 04:40:49,43.3169364929199,-8.84773635864258,"Female"
"6018402",371849,2025-06-06 04:45:49,43.2880744934082,-8.86584758758545,"Female"
"6018402",371849,2025-06-06 04:50:50,43.2865295410156,-8.86862277984619,"Female"
"6018402",371849,2025-06-06 04:55:50,43.2871704101562,-8.86789989471436,"Female"
"6018402",371849,2025-06-06 05:00:52,43.2858009338379,-8.85732173919678,"Female"
"6018402",371849,2025-06-06 05:05:51,43.2826194763184,-8.85723972320557,"Female"
"6018402",371849,2025-06-06 05:10:51,43.2824974060059,-8.85660171508789,"Female"
"6018402",371849,2025-06-06 05:15:53,43.2695541381836,-8.84363079071045,"Female"
"6018402",371849,2025-06-06 05:20:50,43.2692108154297,-8.84362888336182,"Female"
"6018402",371849,2025-06-06 05:25:55,43.2695693969727,-8.84403419494629,"Female"
"6018402",371849,2025-06-06 05:31:00,43.269229888916,-8.84374141693115,"Female"
"6018402",371849,2025-06-06 05:36:00,43.269458770752,-8.84341335296631,"Female"
"6018402",371849,2025-06-06 05:40:54,43.2758522033691,-8.83627605438232,"Female"
"6018402",371849,2025-06-06 05:45:54,43.290397644043,-8.82408428192139,"Female"
"6018402",371849,2025-06-06 05:50:51,43.307056427002,-8.83617401123047,"Female"
"6018402",371849,2025-06-06 05:56:00,43.3146667480469,-8.8570671081543,"Female"
"6018402",371849,2025-06-06 06:00:53,43.3146629333496,-8.85698509216309,"Female"
"6018402",371849,2025-06-06 06:05:54,43.314697265625,-8.85712242126465,"Female"
"6018402",371849,2025-06-06 06:10:52,43.3147201538086,-8.85713195800781,"Female"
"6018402",371849,2025-06-06 06:15:52,43.314640045166,-8.85700416564941,"Female"
"6018402",371849,2025-06-06 06:20:52,43.3147239685059,-8.85714244842529,"Female"
"6018402",371849,2025-06-06 06:25:52,43.3147773742676,-8.85720825195312,"Female"
"6018402",371849,2025-06-06 06:30:54,43.3177947998047,-8.85784339904785,"Female"
"6018402",371849,2025-06-06 06:35:52,43.3528823852539,-8.85004901885986,"Female"
"6018402",371849,2025-06-06 06:41:11,43.3578147888184,-8.8446798324585,"Female"
"6018402",371849,2025-06-06 06:46:01,43.357780456543,-8.84458827972412,"Female"
"6018402",371849,2025-06-06 06:50:52,43.357738494873,-8.84456253051758,"Female"
"6018402",371849,2025-06-06 06:55:58,43.3577346801758,-8.84442615509033,"Female"
"6018402",371849,2025-06-06 07:00:53,43.3577537536621,-8.84475803375244,"Female"
"6018402",371849,2025-06-06 07:06:01,43.3577270507812,-8.84433555603027,"Female"
"6018402",371849,2025-06-06 07:10:53,43.357738494873,-8.84429836273193,"Female"
"6018402",371849,2025-06-06 07:15:50,43.357738494873,-8.84447574615479,"Female"
"6018402",371849,2025-06-06 07:20:51,43.357837677002,-8.84460163116455,"Female"
"6018402",371849,2025-06-06 07:25:50,43.3579521179199,-8.84485340118408,"Female"
"6018402",371849,2025-06-06 07:31:02,43.3588027954102,-8.84639549255371,"Female"
"6018402",371849,2025-06-06 07:35:57,43.3589897155762,-8.8468599319458,"Female"
"6018402",371849,2025-06-06 07:40:59,43.3589248657227,-8.8466682434082,"Female"
"6018402",371849,2025-06-06 07:45:53,43.3591461181641,-8.84650135040283,"Female"
"6018402",371849,2025-06-06 07:51:21,43.3885345458984,-8.8249568939209,"Female"
"6018402",371849,2025-06-06 07:56:04,43.3949661254883,-8.8229341506958,"Female"
"6018402",371849,2025-06-06 08:01:13,43.4023475646973,-8.8266487121582,"Female"
"6018402",371849,2025-06-06 08:06:00,43.4041023254395,-8.82914638519287,"Female"
"6018402",371849,2025-06-06 08:11:02,43.4043121337891,-8.83073425292969,"Female"
"6018402",371849,2025-06-06 08:16:00,43.3921546936035,-8.83797645568848,"Female"
"6018402",371849,2025-06-06 08:21:04,43.3679466247559,-8.84557342529297,"Female"
"6018402",371849,2025-06-06 08:26:00,43.3583335876465,-8.84700775146484,"Female"
"6018402",371849,2025-06-06 08:31:00,43.3582572937012,-8.84697151184082,"Female"
"6018402",371849,2025-06-06 08:36:11,43.358570098877,-8.84691715240479,"Female"
"6018402",371849,2025-06-06 08:40:49,43.3570022583008,-8.84628868103027,"Female"
"6018402",371849,2025-06-06 08:45:51,43.3590393066406,-8.84657955169678,"Female"
"6018402",371849,2025-06-06 08:50:51,43.357780456543,-8.84507465362549,"Female"
"6018402",371849,2025-06-06 08:56:35,43.3584747314453,-8.84689140319824,"Female"
"6018402",371849,2025-06-06 09:00:49,43.3585433959961,-8.84687995910645,"Female"
"6018402",371849,2025-06-06 09:05:49,43.3585357666016,-8.84686470031738,"Female"
"6018402",371849,2025-06-06 09:10:49,43.3585662841797,-8.84685325622559,"Female"
"6018402",371849,2025-06-06 09:15:50,43.3585014343262,-8.84681224822998,"Female"
"6018402",371849,2025-06-06 09:20:49,43.3585014343262,-8.84679222106934,"Female"
"6018402",371849,2025-06-06 09:25:49,43.3585395812988,-8.8467435836792,"Female"
"6018402",371849,2025-06-06 09:30:49,43.3585166931152,-8.84672260284424,"Female"
"6018402",371849,2025-06-06 09:35:49,43.358528137207,-8.84666061401367,"Female"
"6018402",371849,2025-06-06 09:40:49,43.358528137207,-8.84655380249023,"Female"
"6018402",371849,2025-06-06 09:45:50,43.3585395812988,-8.84652423858643,"Female"
"6018402",371849,2025-06-06 09:50:49,43.3584442138672,-8.84641456604004,"Female"
"6018402",371849,2025-06-06 09:55:49,43.3584671020508,-8.84637641906738,"Female"
"6018402",371849,2025-06-06 10:00:50,43.3584175109863,-8.84626865386963,"Female"
"6018402",371849,2025-06-06 10:05:49,43.358528137207,-8.84616374969482,"Female"
"6018402",371849,2025-06-06 10:10:50,43.3675346374512,-8.85241603851318,"Female"
"6018402",371849,2025-06-06 10:15:49,43.3774185180664,-8.87789916992188,"Female"
"6018402",371849,2025-06-06 10:20:58,43.3836822509766,-8.89649868011475,"Female"
"6018402",371849,2025-06-06 10:25:50,43.3909797668457,-8.91419696807861,"Female"
"6018402",371849,2025-06-06 10:30:51,43.419490814209,-8.93264484405518,"Female"
"6018402",371849,2025-06-06 10:35:52,43.4527549743652,-8.93779468536377,"Female"
"6018402",371849,2025-06-06 10:40:57,43.4826583862305,-8.95472717285156,"Female"
"6018402",371849,2025-06-06 10:45:50,43.5157165527344,-8.96415519714355,"Female"
"6018402",371849,2025-06-06 10:50:50,43.5434532165527,-8.9858455657959,"Female"
"6018402",371849,2025-06-06 10:55:53,43.5451126098633,-8.98120880126953,"Female"
"6018402",371849,2025-06-06 11:00:51,43.5473022460938,-8.97369575500488,"Female"
"6018402",371849,2025-06-06 11:05:49,43.5490837097168,-8.96462917327881,"Female"
"6018402",371849,2025-06-06 11:10:49,43.549430847168,-8.96408557891846,"Female"
"6018402",371849,2025-06-06 11:18:13,43.5502166748047,-8.96310234069824,"Female"
"6018402",371849,2025-06-06 11:23:09,43.5504531860352,-8.96225643157959,"Female"
"6018402",371849,2025-06-06 11:28:09,43.550952911377,-8.96210289001465,"Female"
"6018402",371849,2025-06-06 11:33:10,43.5514907836914,-8.96218299865723,"Female"
"6018402",371849,2025-06-06 11:38:10,43.5522155761719,-8.96230602264404,"Female"
"6018402",371849,2025-06-06 11:43:10,43.553092956543,-8.96210289001465,"Female"
"6018402",371849,2025-06-06 11:48:10,43.5540428161621,-8.96163940429688,"Female"
"6018402",371849,2025-06-06 11:53:09,43.5566215515137,-8.96051597595215,"Female"
"6018402",371849,2025-06-06 11:58:10,43.5796279907227,-8.91670989990234,"Female"
"6018402",371849,2025-06-06 12:03:20,43.6096496582031,-8.90934562683105,"Female"
"6018402",371849,2025-06-06 12:08:35,43.6364631652832,-8.91525840759277,"Female"
"6018402",371849,2025-06-06 12:13:09,43.6372528076172,-8.91428089141846,"Female"
"6018402",371849,2025-06-06 12:18:09,43.639217376709,-8.9108362197876,"Female"
"6018402",371849,2025-06-06 12:23:09,43.6403770446777,-8.91002655029297,"Female"
"6018402",371849,2025-06-06 12:28:13,43.6413803100586,-8.90894222259521,"Female"
"6018402",371849,2025-06-06 12:33:10,43.6424026489258,-8.90779495239258,"Female"
"6018402",371849,2025-06-06 12:38:09,43.6424560546875,-8.90414619445801,"Female"
"6018402",371849,2025-06-06 12:43:09,43.6382255554199,-8.90560913085938,"Female"
"6018402",371849,2025-06-06 12:48:15,43.6378326416016,-8.90560817718506,"Female"
"6018402",371849,2025-06-06 12:53:10,43.6363182067871,-8.90897655487061,"Female"
"6018402",371849,2025-06-06 12:58:11,43.6315727233887,-8.91123867034912,"Female"
"6018402",371849,2025-06-06 13:03:11,43.6319465637207,-8.91100025177002,"Female"
"6018402",371849,2025-06-06 13:08:18,43.632022857666,-8.91141033172607,"Female"
"6018402",371849,2025-06-06 13:13:12,43.6301040649414,-8.90977096557617,"Female"
"6018402",371849,2025-06-06 13:18:10,43.6305389404297,-8.91172027587891,"Female"
"6018402",371849,2025-06-06 13:23:15,43.6299667358398,-8.9108715057373,"Female"
"6018402",371849,2025-06-06 13:28:12,43.6299285888672,-8.91137981414795,"Female"
"6018402",371849,2025-06-06 13:33:17,43.6301765441895,-8.91163349151611,"Female"
"6018402",371849,2025-06-06 13:38:15,43.6335754394531,-8.90654373168945,"Female"
"6018402",371849,2025-06-06 13:43:15,43.6339340209961,-8.90436840057373,"Female"
"6018402",371849,2025-06-06 13:48:31,43.6341590881348,-8.90425205230713,"Female"
"6018402",371849,2025-06-06 13:53:18,43.6344909667969,-8.90377426147461,"Female"
"6018402",371849,2025-06-06 13:58:27,43.632511138916,-8.90187072753906,"Female"
"6018402",371849,2025-06-06 14:03:11,43.6320114135742,-8.90085887908936,"Female"
"6018402",371849,2025-06-06 14:08:44,43.6327362060547,-8.90017318725586,"Female"
"6018402",371849,2025-06-06 14:13:09,43.6329193115234,-8.89963626861572,"Female"
"6018402",371849,2025-06-06 14:18:09,43.632999420166,-8.89866161346436,"Female"
"6018402",371849,2025-06-06 14:23:09,43.6332015991211,-8.89773368835449,"Female"
"6018402",371849,2025-06-06 14:28:10,43.6337280273438,-8.89676666259766,"Female"
"6018402",371849,2025-06-06 14:33:11,43.6335487365723,-8.89572048187256,"Female"
"6018402",371849,2025-06-06 14:38:10,43.6335372924805,-8.89466667175293,"Female"
"6018402",371849,2025-06-06 14:43:09,43.633186340332,-8.89372062683105,"Female"
"6018402",371849,2025-06-06 14:48:11,43.633415222168,-8.89325332641602,"Female"
"6018402",371849,2025-06-06 14:53:11,43.6332778930664,-8.89273166656494,"Female"
"6018402",371849,2025-06-06 14:58:13,43.6333236694336,-8.89219856262207,"Female"
"6018402",371849,2025-06-06 15:03:09,43.6128273010254,-8.89815521240234,"Female"
"6018402",371849,2025-06-06 15:08:09,43.5911750793457,-8.90108013153076,"Female"
"6018402",371849,2025-06-06 15:13:10,43.5711822509766,-8.90416049957275,"Female"
"6018402",371849,2025-06-06 15:18:09,43.5515289306641,-8.9086389541626,"Female"
"6018402",371849,2025-06-06 15:23:09,43.530445098877,-8.91048717498779,"Female"
"6018402",371849,2025-06-06 15:28:10,43.5100288391113,-8.91334056854248,"Female"
"6018402",371849,2025-06-06 15:33:10,43.4891319274902,-8.91641616821289,"Female"
"6018402",371849,2025-06-06 15:38:10,43.4688148498535,-8.92351531982422,"Female"
"6018402",371849,2025-06-06 15:43:11,43.4461250305176,-8.90841293334961,"Female"
"6018402",371849,2025-06-06 15:48:12,43.4281349182129,-8.86897468566895,"Female"
"6018402",371849,2025-06-06 15:53:12,43.4044799804688,-8.85385417938232,"Female"
"6018402",371849,2025-06-06 15:58:12,43.3814277648926,-8.85124015808105,"Female"
"6018402",371849,2025-06-06 16:03:16,43.3583564758301,-8.84553050994873,"Female"
"6018402",371849,2025-06-06 16:08:34,43.3577651977539,-8.84491062164307,"Female"
"6018402",371849,2025-06-06 16:13:09,43.3577461242676,-8.84496307373047,"Female"
"6018402",371849,2025-06-06 16:18:09,43.3577880859375,-8.84495067596436,"Female"
"6018402",371849,2025-06-06 16:23:09,43.3578071594238,-8.84491920471191,"Female"
"6018402",371849,2025-06-06 16:28:09,43.3577346801758,-8.84488773345947,"Female"
"6018402",371849,2025-06-06 16:33:09,43.3577995300293,-8.84493255615234,"Female"
"6018402",371849,2025-06-06 16:38:09,43.3577613830566,-8.84493541717529,"Female"
"6018402",371849,2025-06-06 16:43:09,43.3577346801758,-8.8448486328125,"Female"
"6018402",371849,2025-06-06 16:48:09,43.3577423095703,-8.84483432769775,"Female"
"6018402",371849,2025-06-06 16:53:09,43.357852935791,-8.84500122070312,"Female"
"6018402",371849,2025-06-06 16:58:11,43.3579139709473,-8.8450813293457,"Female"
"6018402",371849,2025-06-06 17:03:13,43.3578071594238,-8.8449535369873,"Female"
"6018402",371849,2025-06-06 17:08:10,43.3578910827637,-8.84501838684082,"Female"
"6018402",371849,2025-06-06 17:13:11,43.3579025268555,-8.84514999389648,"Female"
"6018402",371849,2025-06-06 17:18:13,43.357967376709,-8.84513568878174,"Female"
"6018402",371849,2025-06-06 17:23:21,43.3580932617188,-8.84534931182861,"Female"
"6018402",371849,2025-06-06 17:28:27,43.3579521179199,-8.84511089324951,"Female"
"6018402",371849,2025-06-06 17:33:32,43.357780456543,-8.8449010848999,"Female"
"6018402",371849,2025-06-06 17:38:09,43.3578109741211,-8.844895362854,"Female"
"6018402",371849,2025-06-06 17:43:10,43.357795715332,-8.84489822387695,"Female"
"6018402",371849,2025-06-06 17:48:09,43.357723236084,-8.84495258331299,"Female"
"6018402",371849,2025-06-06 17:53:09,43.3577117919922,-8.84492683410645,"Female"
"6018402",371849,2025-06-06 17:58:09,43.3577842712402,-8.84485530853271,"Female"
"6018402",371849,2025-06-06 18:03:10,43.3577270507812,-8.84488964080811,"Female"
"6018402",371849,2025-06-06 18:08:09,43.357795715332,-8.84492778778076,"Female"
"6018402",371849,2025-06-06 18:13:09,43.3577995300293,-8.84494686126709,"Female"
"6018402",371849,2025-06-06 18:18:10,43.3577690124512,-8.84493350982666,"Female"
"6018402",371849,2025-06-06 18:23:10,43.3578147888184,-8.84490776062012,"Female"
"6018402",371849,2025-06-06 18:28:10,43.3578414916992,-8.84486865997314,"Female"
"6018402",371849,2025-06-06 18:33:13,43.3578262329102,-8.84490489959717,"Female"
"6018402",371849,2025-06-06 18:38:10,43.3577728271484,-8.84488773345947,"Female"
"6018402",371849,2025-06-06 18:43:10,43.3578071594238,-8.84491348266602,"Female"
"6018402",371849,2025-06-06 18:48:11,43.3577842712402,-8.84489631652832,"Female"
"6018402",371849,2025-06-06 18:53:10,43.3578643798828,-8.84495067596436,"Female"
"6018402",371849,2025-06-06 18:58:10,43.3578948974609,-8.84493541717529,"Female"
"6018402",371849,2025-06-06 19:03:11,43.357780456543,-8.84488964080811,"Female"
"6018402",371849,2025-06-06 19:08:12,43.3577842712402,-8.84491443634033,"Female"
"6018402",371849,2025-06-06 19:13:15,43.357852935791,-8.84494686126709,"Female"
"6018402",371849,2025-06-06 19:18:12,43.3573570251465,-8.84450721740723,"Female"
"6018402",371849,2025-06-06 19:23:18,43.3577728271484,-8.84486484527588,"Female"
"6018402",371849,2025-06-06 19:28:18,43.3577728271484,-8.84490203857422,"Female"
"6018402",371849,2025-06-06 19:33:15,43.357837677002,-8.84494781494141,"Female"
"6018402",371849,2025-06-06 19:38:17,43.3577995300293,-8.844895362854,"Female"
"6018402",371849,2025-06-06 19:43:18,43.3577537536621,-8.8448429107666,"Female"
"6018402",371849,2025-06-06 19:48:16,43.3577117919922,-8.8447093963623,"Female"
"6018402",371849,2025-06-06 19:53:15,43.3578567504883,-8.84499740600586,"Female"
"6018402",371849,2025-06-06 19:58:16,43.3578300476074,-8.84504127502441,"Female"
"6018402",371849,2025-06-06 20:03:18,43.3576698303223,-8.84474849700928,"Female"
"6018402",371849,2025-06-06 20:08:19,43.3577156066895,-8.84481525421143,"Female"
"6018402",371849,2025-06-06 20:13:31,43.3577919006348,-8.84495067596436,"Female"
"6018402",371849,2025-06-06 20:18:10,43.3577499389648,-8.84489345550537,"Female"
"6018402",371849,2025-06-06 20:23:09,43.3577537536621,-8.84492206573486,"Female"
"6018402",371849,2025-06-06 20:28:09,43.3578109741211,-8.84495258331299,"Female"
"6018402",371849,2025-06-06 20:33:10,43.357795715332,-8.844895362854,"Female"
"6018402",371849,2025-06-06 20:38:10,43.3577842712402,-8.84496688842773,"Female"
"6018402",371849,2025-06-06 20:43:20,43.3585510253906,-8.84648513793945,"Female"
"6018402",371849,2025-06-06 20:48:13,43.3585662841797,-8.84645843505859,"Female"
"6018402",371849,2025-06-06 20:53:11,43.3585929870605,-8.84649276733398,"Female"
"6018402",371849,2025-06-06 20:58:11,43.3588180541992,-8.84659099578857,"Female"
"6018402",371849,2025-06-06 21:03:11,43.3587532043457,-8.84661769866943,"Female"
"6018402",371849,2025-06-06 21:08:10,43.3588066101074,-8.84666156768799,"Female"
"6018402",371849,2025-06-06 21:13:35,43.3587608337402,-8.84651756286621,"Female"
"6018402",371849,2025-06-06 21:18:09,43.3587417602539,-8.84652328491211,"Female"
"6018402",371849,2025-06-06 21:23:11,43.3587379455566,-8.84628963470459,"Female"
"6018402",371849,2025-06-06 21:28:09,43.3578720092773,-8.84551334381104,"Female"
"6018402",371849,2025-06-06 21:33:18,43.3585968017578,-8.84625625610352,"Female"
"6018402",371849,2025-06-06 21:38:11,43.3586273193359,-8.84640216827393,"Female"
"6018402",371849,2025-06-06 21:43:12,43.3586921691895,-8.84643745422363,"Female"
"6018402",371849,2025-06-06 21:48:12,43.3586349487305,-8.84643363952637,"Female"
"6018402",371849,2025-06-06 21:53:12,43.3586196899414,-8.84627056121826,"Female"
"6018402",371849,2025-06-06 21:58:15,43.3586730957031,-8.84647846221924,"Female"
"6018402",371849,2025-06-06 22:03:14,43.3588256835938,-8.84697914123535,"Female"
"6018402",371849,2025-06-06 22:08:12,43.3589019775391,-8.84708976745605,"Female"
"6018402",371849,2025-06-06 22:13:15,43.3586959838867,-8.84654712677002,"Female"
"6018402",371849,2025-06-06 22:18:10,43.3586769104004,-8.84647178649902,"Female"
"6018402",371849,2025-06-06 22:23:13,43.3589706420898,-8.84696578979492,"Female"
"6018402",371849,2025-06-06 22:28:15,43.3589286804199,-8.84681797027588,"Female"
"6018402",371849,2025-06-06 22:33:12,43.3584403991699,-8.8467435836792,"Female"
"6018402",371849,2025-06-06 22:38:12,43.3586196899414,-8.84751129150391,"Female"
"6018402",371849,2025-06-06 22:43:14,43.3577575683594,-8.8447904586792,"Female"
"6018402",371849,2025-06-06 22:48:12,43.357723236084,-8.84478187561035,"Female"
"6018402",371849,2025-06-06 22:53:14,43.3577766418457,-8.84489822387695,"Female"
"6018402",371849,2025-06-06 22:58:12,43.3579025268555,-8.84534645080566,"Female"
"6018402",371849,2025-06-06 23:03:12,43.3578796386719,-8.84545135498047,"Female"
"6018402",371849,2025-06-06 23:08:11,43.3577308654785,-8.84481906890869,"Female"
"6018402",371849,2025-06-06 23:16:52,43.3577270507812,-8.84478759765625,"Female"
"6018402",371849,2025-06-06 23:21:55,43.3577613830566,-8.84485149383545,"Female"
"6018402",371849,2025-06-06 23:26:55,43.3577575683594,-8.845139503479,"Female"
"6018402",371849,2025-06-06 23:31:56,43.357738494873,-8.8446741104126,"Female"
"6018402",371849,2025-06-06 23:36:54,43.3578109741211,-8.8448429107666,"Female"
"6018402",371849,2025-06-06 23:41:54,43.3577842712402,-8.84490489959717,"Female"
"6018402",371849,2025-06-06 23:47:20,43.3577499389648,-8.84488964080811,"Female"
"6018402",371849,2025-06-06 23:51:50,43.3577537536621,-8.8449010848999,"Female"
"6018402",371849,2025-06-06 23:56:50,43.357738494873,-8.84492969512939,"Female"
"6018402",371849,2025-06-07 00:01:50,43.3577613830566,-8.84492015838623,"Female"
"6018402",371849,2025-06-07 00:06:50,43.3578033447266,-8.84488487243652,"Female"
"6018402",371849,2025-06-07 00:11:50,43.3577499389648,-8.84485816955566,"Female"
"6018402",371849,2025-06-07 00:16:50,43.3577423095703,-8.84490013122559,"Female"
"6018402",371849,2025-06-07 00:21:50,43.3577651977539,-8.84488201141357,"Female"
"6018402",371849,2025-06-07 00:26:50,43.3577308654785,-8.8449068069458,"Female"
"6018402",371849,2025-06-07 00:31:51,43.3577079772949,-8.84486103057861,"Female"
"6018402",371849,2025-06-07 00:36:51,43.3576889038086,-8.84484481811523,"Female"
"6018402",371849,2025-06-07 00:41:51,43.3576469421387,-8.84490013122559,"Female"
"6018402",371849,2025-06-07 00:46:51,43.3576393127441,-8.84482479095459,"Female"
"6018402",371849,2025-06-07 00:51:51,43.3576622009277,-8.84484100341797,"Female"
"6018402",371849,2025-06-07 00:56:51,43.3576393127441,-8.84485816955566,"Female"
"6018402",371849,2025-06-07 01:01:52,43.357593536377,-8.84490013122559,"Female"
"6018402",371849,2025-06-07 01:06:51,43.3576545715332,-8.84484004974365,"Female"
"6018402",371849,2025-06-07 01:11:51,43.357608795166,-8.84483242034912,"Female"
"6018402",371849,2025-06-07 01:16:51,43.3576049804688,-8.84481811523438,"Female"
"6018402",371849,2025-06-07 01:21:52,43.3574867248535,-8.84488677978516,"Female"
"6018402",371849,2025-06-07 01:26:51,43.3574256896973,-8.84483432769775,"Female"
"6018402",371849,2025-06-07 01:31:51,43.357593536377,-8.84481620788574,"Female"
"6018402",371849,2025-06-07 01:36:51,43.3571929931641,-8.84483814239502,"Female"
"6018402",371849,2025-06-07 01:41:51,43.3569869995117,-8.84480381011963,"Female"
"6018402",371849,2025-06-07 01:46:56,43.3574829101562,-8.84498310089111,"Female"
"6018402",371849,2025-06-07 01:51:55,43.3572311401367,-8.84492111206055,"Female"
"6018402",371849,2025-06-07 01:57:01,43.3573455810547,-8.84503650665283,"Female"
"6018402",371849,2025-06-07 02:01:51,43.3573799133301,-8.84506130218506,"Female"
"6018402",371849,2025-06-07 02:07:01,43.3572196960449,-8.84504508972168,"Female"
"6018402",371849,2025-06-07 02:12:14,43.3573532104492,-8.84499359130859,"Female"
"6018402",371849,2025-06-07 02:16:52,43.3577003479004,-8.84510898590088,"Female"
"6018402",371849,2025-06-07 02:21:51,43.3576850891113,-8.84509563446045,"Female"
"6018402",371849,2025-06-07 02:26:52,43.357852935791,-8.84503841400146,"Female"
"6018402",371849,2025-06-07 02:31:58,43.3574409484863,-8.84478759765625,"Female"
"6018402",371849,2025-06-07 02:36:56,43.3569717407227,-8.84476089477539,"Female"
"6018402",371849,2025-06-07 02:42:07,43.3571548461914,-8.84468269348145,"Female"
"6018402",371849,2025-06-07 02:47:08,43.358024597168,-8.8447790145874,"Female"
"6018402",371849,2025-06-07 02:52:02,43.357967376709,-8.84478950500488,"Female"
"6018402",371849,2025-06-07 02:57:04,43.3579864501953,-8.84482574462891,"Female"
"6018402",371849,2025-06-07 03:02:05,43.3579711914062,-8.84478950500488,"Female"
"6018402",371849,2025-06-07 03:06:55,43.3582229614258,-8.84519577026367,"Female"
"6018402",371849,2025-06-07 03:12:04,43.3579940795898,-8.84488105773926,"Female"
"6018402",371849,2025-06-07 03:17:04,43.358039855957,-8.84498500823975,"Female"
"6018402",371849,2025-06-07 03:22:08,43.3579711914062,-8.8449592590332,"Female"
"6018402",371849,2025-06-07 03:27:05,43.3580131530762,-8.84496974945068,"Female"
"6018402",371849,2025-06-07 03:32:10,43.3579483032227,-8.84492778778076,"Female"
"6018402",371849,2025-06-07 03:36:51,43.3577308654785,-8.84494400024414,"Female"
"6018402",371849,2025-06-07 03:41:51,43.3582878112793,-8.84512233734131,"Female"
"6018402",371849,2025-06-07 03:46:53,43.3580207824707,-8.84494400024414,"Female"
"6018402",371849,2025-06-07 03:51:51,43.3579978942871,-8.8448657989502,"Female"
"6018402",371849,2025-06-07 03:56:53,43.3582572937012,-8.84500408172607,"Female"
"6018402",371849,2025-06-07 04:01:52,43.357738494873,-8.84481334686279,"Female"
"6018402",371849,2025-06-07 04:06:54,43.3581771850586,-8.84506320953369,"Female"
"6018402",371849,2025-06-07 04:11:50,43.3567352294922,-8.84561252593994,"Female"
"6018402",371849,2025-06-07 04:16:51,43.3390579223633,-8.8584566116333,"Female"
"6018402",371849,2025-06-07 04:21:51,43.316535949707,-8.85893630981445,"Female"
"6018402",371849,2025-06-07 04:26:51,43.2950744628906,-8.86049461364746,"Female"
"6018402",371849,2025-06-07 04:32:01,43.2859840393066,-8.86947631835938,"Female"
"6018402",371849,2025-06-07 04:37:01,43.2858734130859,-8.86879539489746,"Female"
"6018402",371849,2025-06-07 04:42:02,43.2852325439453,-8.85596084594727,"Female"
"6018402",371849,2025-06-07 04:47:14,43.2848625183105,-8.85599899291992,"Female"
"6018402",371849,2025-06-07 04:52:01,43.2848091125488,-8.85550308227539,"Female"
"6018402",371849,2025-06-07 04:56:54,43.2849006652832,-8.85538768768311,"Female"
"6018402",371849,2025-06-07 05:01:54,43.2845764160156,-8.85654163360596,"Female"
"6018402",371849,2025-06-07 05:06:58,43.2846755981445,-8.85528469085693,"Female"
"6018402",371849,2025-06-07 05:11:55,43.2851676940918,-8.85711288452148,"Female"
"6018402",371849,2025-06-07 05:16:56,43.2851638793945,-8.85839653015137,"Female"
"6018402",371849,2025-06-07 05:21:58,43.2851371765137,-8.8581485748291,"Female"
"6018402",371849,2025-06-07 05:26:54,43.2844772338867,-8.85683441162109,"Female"
"6018402",371849,2025-06-07 05:32:14,43.2834663391113,-8.85787200927734,"Female"
"6018402",371849,2025-06-07 05:36:58,43.2841415405273,-8.85684967041016,"Female"
"6018402",371849,2025-06-07 05:41:54,43.308219909668,-8.85696315765381,"Female"
"6018402",371849,2025-06-07 05:47:11,43.3142395019531,-8.85767459869385,"Female"
"6018402",371849,2025-06-07 05:51:51,43.3153800964355,-8.85659694671631,"Female"
"6018402",371849,2025-06-07 05:56:53,43.3148231506348,-8.85625553131104,"Female"
"6018402",371849,2025-06-07 06:02:03,43.3143310546875,-8.85739231109619,"Female"
"6018402",371849,2025-06-07 06:06:52,43.3144340515137,-8.85833168029785,"Female"
"6018402",371849,2025-06-07 06:11:52,43.3434600830078,-8.85056114196777,"Female"
"6018402",371849,2025-06-07 06:17:15,43.3579177856445,-8.84536838531494,"Female"
"6018402",371849,2025-06-07 06:21:54,43.3579139709473,-8.84460926055908,"Female"
"6018402",371849,2025-06-07 06:27:09,43.3578834533691,-8.8455982208252,"Female"
"6018402",371849,2025-06-07 06:32:10,43.3578414916992,-8.84519100189209,"Female"
"6018402",371849,2025-06-07 06:37:02,43.3582000732422,-8.84334087371826,"Female"
"6018402",371849,2025-06-07 06:42:00,43.3577117919922,-8.84507369995117,"Female"
"6018402",371849,2025-06-07 06:46:51,43.3577346801758,-8.84491157531738,"Female"
"6018402",371849,2025-06-07 06:51:52,43.3578453063965,-8.84612083435059,"Female"
"6018402",371849,2025-06-07 06:56:59,43.3579330444336,-8.84478378295898,"Female"
"6018402",371849,2025-06-07 07:01:51,43.3581657409668,-8.84501838684082,"Female"
"6018402",371849,2025-06-07 07:06:51,43.3582611083984,-8.84494304656982,"Female"
"6018402",371849,2025-06-07 07:11:51,43.358024597168,-8.84505653381348,"Female"
"6018402",371849,2025-06-07 07:16:51,43.3582038879395,-8.84495544433594,"Female"
"6018402",371849,2025-06-07 07:21:52,43.3582229614258,-8.84496879577637,"Female"
"6018402",371849,2025-06-07 07:26:51,43.358226776123,-8.84493827819824,"Female"
"6018402",371849,2025-06-07 07:31:54,43.358455657959,-8.84475421905518,"Female"
"6018402",371849,2025-06-07 07:36:51,43.3665084838867,-8.8480920791626,"Female"
"6018402",371849,2025-06-07 07:42:02,43.351806640625,-8.84581661224365,"Female"
"6018402",371849,2025-06-07 07:47:44,43.3258361816406,-8.84879398345947,"Female"
"6018402",371849,2025-06-07 07:51:56,43.3130264282227,-8.84338283538818,"Female"
"6018402",371849,2025-06-07 07:56:51,43.3009948730469,-8.85666370391846,"Female"
"6018402",371849,2025-06-07 08:01:51,43.284725189209,-8.85623455047607,"Female"
"6018402",371849,2025-06-07 08:06:51,43.2848777770996,-8.85588932037354,"Female"
"6018402",371849,2025-06-07 08:11:50,43.2844200134277,-8.85591793060303,"Female"
"6018402",371849,2025-06-07 08:16:51,43.2841529846191,-8.85611438751221,"Female"
"6018402",371849,2025-06-07 08:21:51,43.2911758422852,-8.86666774749756,"Female"
"6018402",371849,2025-06-07 08:26:51,43.2912254333496,-8.86683177947998,"Female"
"6018402",371849,2025-06-07 08:31:51,43.2873039245605,-8.85647583007812,"Female"
"6018402",371849,2025-06-07 08:36:51,43.2865104675293,-8.84227275848389,"Female"
"6018402",371849,2025-06-07 08:41:51,43.2745399475098,-8.83916473388672,"Female"
"6018402",371849,2025-06-07 08:46:51,43.2753639221191,-8.82456874847412,"Female"
"6018402",371849,2025-06-07 08:51:51,43.2853660583496,-8.79088020324707,"Female"
"6018402",371849,2025-06-07 08:56:51,43.285099029541,-8.79154396057129,"Female"
"6018402",371849,2025-06-07 09:02:23,43.2847442626953,-8.79171657562256,"Female"
"6018402",371849,2025-06-07 09:06:51,43.2850189208984,-8.79146099090576,"Female"
"6018402",371849,2025-06-07 09:11:51,43.285213470459,-8.79148197174072,"Female"
"6018402",371849,2025-06-07 09:16:50,43.2850112915039,-8.79142951965332,"Female"
"6018402",371849,2025-06-07 09:21:51,43.2853889465332,-8.78984928131104,"Female"
"6018402",371849,2025-06-07 09:26:51,43.2921180725098,-8.78731536865234,"Female"
"6018402",371849,2025-06-07 09:31:50,43.2923698425293,-8.78734588623047,"Female"
"6018402",371849,2025-06-07 09:36:50,43.2922821044922,-8.7872314453125,"Female"
"6018402",371849,2025-06-07 09:41:50,43.2922439575195,-8.78719425201416,"Female"
"6018402",371849,2025-06-07 09:46:51,43.2919502258301,-8.78718280792236,"Female"
"6018402",371849,2025-06-07 09:51:50,43.2910194396973,-8.78651809692383,"Female"
"6018402",371849,2025-06-07 09:56:50,43.2994003295898,-8.80748558044434,"Female"
"6018402",371849,2025-06-07 10:01:52,43.3114471435547,-8.82148361206055,"Female"
"6018402",371849,2025-06-07 10:06:50,43.3112449645996,-8.82194519042969,"Female"
"6018402",371849,2025-06-07 10:11:51,43.3154106140137,-8.82181167602539,"Female"
"6018402",371849,2025-06-07 10:16:50,43.3203773498535,-8.82319927215576,"Female"
"6018402",371849,2025-06-07 10:21:51,43.324893951416,-8.82252216339111,"Female"
"6018402",371849,2025-06-07 10:26:51,43.3582649230957,-8.83419418334961,"Female"
"6018402",371849,2025-06-07 10:31:51,43.3579330444336,-8.84518241882324,"Female"
"6018402",371849,2025-06-07 10:36:51,43.3579902648926,-8.84525203704834,"Female"
"6018402",371849,2025-06-07 10:41:51,43.3579292297363,-8.84519100189209,"Female"
"6018402",371849,2025-06-07 10:46:51,43.3579635620117,-8.84519863128662,"Female"
"6018402",371849,2025-06-07 10:51:52,43.3578681945801,-8.84520149230957,"Female"
"6018402",371849,2025-06-07 10:56:51,43.3578147888184,-8.84509563446045,"Female"
"6018402",371849,2025-06-07 11:01:52,43.357723236084,-8.84518909454346,"Female"
"6018402",371849,2025-06-07 11:06:51,43.357795715332,-8.84517002105713,"Female"
"6018402",371849,2025-06-07 11:11:51,43.3580093383789,-8.84517002105713,"Female"
"6018402",371849,2025-06-07 11:16:51,43.3579483032227,-8.84530925750732,"Female"
"6018402",371849,2025-06-07 11:21:51,43.3579978942871,-8.84526538848877,"Female"
"6018402",371849,2025-06-07 11:26:51,43.3578300476074,-8.84562587738037,"Female"
"6018402",371849,2025-06-07 11:31:52,43.3580703735352,-8.84479904174805,"Female"
"6018402",371849,2025-06-07 11:36:51,43.3580665588379,-8.84446811676025,"Female"
"6018402",371849,2025-06-07 11:41:51,43.3578948974609,-8.84455013275146,"Female"
"6018402",371849,2025-06-07 11:46:50,43.3577575683594,-8.84603118896484,"Female"
"6018402",371849,2025-06-07 11:51:51,43.3580284118652,-8.84450817108154,"Female"
"6018402",371849,2025-06-07 11:56:51,43.3580055236816,-8.84442043304443,"Female"
"6018402",371849,2025-06-07 12:01:51,43.357795715332,-8.84432506561279,"Female"
"6018402",371849,2025-06-07 12:06:51,43.3532905578613,-8.84098243713379,"Female"
"6018402",371849,2025-06-07 12:11:51,43.3365669250488,-8.84371566772461,"Female"
"6018402",371849,2025-06-07 12:16:51,43.3120536804199,-8.82996559143066,"Female"
"6018402",371849,2025-06-07 12:21:51,43.2990798950195,-8.80637264251709,"Female"
"6018402",371849,2025-06-07 12:26:51,43.2812118530273,-8.78713130950928,"Female"
"6018402",371849,2025-06-07 12:31:51,43.2700233459473,-8.78294372558594,"Female"
"6018402",371849,2025-06-07 12:36:51,43.2617034912109,-8.80339527130127,"Female"
"6018402",371849,2025-06-07 12:41:51,43.2615928649902,-8.82588577270508,"Female"
"6018402",371849,2025-06-07 12:46:51,43.2651824951172,-8.83429431915283,"Female"
"6018402",371849,2025-06-07 12:51:51,43.260684967041,-8.81677436828613,"Female"
"6018402",371849,2025-06-07 12:56:53,43.2608375549316,-8.81265544891357,"Female"
"6018402",371849,2025-06-07 13:01:51,43.2567253112793,-8.81640338897705,"Female"
"6018402",371849,2025-06-07 13:06:52,43.2548866271973,-8.81822299957275,"Female"
"6018402",371849,2025-06-07 13:11:52,43.2546730041504,-8.81872081756592,"Female"
"6018402",371849,2025-06-07 13:16:52,43.2542839050293,-8.81791114807129,"Female"
"6018402",371849,2025-06-07 13:21:51,43.2543487548828,-8.81832790374756,"Female"
"6018402",371849,2025-06-07 13:26:52,43.2541198730469,-8.81781673431396,"Female"
"6018402",371849,2025-06-07 13:31:51,43.2545280456543,-8.81822490692139,"Female"
"6018402",371849,2025-06-07 13:36:51,43.2542877197266,-8.81861591339111,"Female"
"6018402",371849,2025-06-07 13:41:52,43.2545280456543,-8.81823444366455,"Female"
"6018402",371849,2025-06-07 13:46:51,43.2538681030273,-8.81927967071533,"Female"
"6018402",371849,2025-06-07 13:51:55,43.2542495727539,-8.81997299194336,"Female"
"6018402",371849,2025-06-07 13:56:51,43.2539367675781,-8.82095432281494,"Female"
"6018402",371849,2025-06-07 14:01:51,43.2535591125488,-8.82058048248291,"Female"
"6018402",371849,2025-06-07 14:06:51,43.2535629272461,-8.82123756408691,"Female"
"6018402",371849,2025-06-07 14:12:44,43.253059387207,-8.82121562957764,"Female"
"6018402",371849,2025-06-07 14:16:52,43.2535285949707,-8.82084083557129,"Female"
"6018402",371849,2025-06-07 14:21:54,43.2537727355957,-8.8208179473877,"Female"
"6018402",371849,2025-06-07 14:26:52,43.253303527832,-8.82015514373779,"Female"
"6018402",371849,2025-06-07 14:31:53,43.2537040710449,-8.82092666625977,"Female"
"6018402",371849,2025-06-07 14:36:52,43.253734588623,-8.82059478759766,"Female"
"6018402",371849,2025-06-07 14:41:52,43.254035949707,-8.81964683532715,"Female"
"6018402",371849,2025-06-07 14:46:54,43.2538948059082,-8.820631980896,"Female"
"6018402",371849,2025-06-07 14:51:54,43.2568702697754,-8.8161563873291,"Female"
"6018402",371849,2025-06-07 14:56:52,43.2693099975586,-8.80118560791016,"Female"
"6018402",371849,2025-06-07 15:01:52,43.2894287109375,-8.79070568084717,"Female"
"6018402",371849,2025-06-07 15:06:52,43.2898292541504,-8.79090118408203,"Female"
"6018402",371849,2025-06-07 15:11:52,43.2902793884277,-8.79417037963867,"Female"
"6018402",371849,2025-06-07 15:16:53,43.2899169921875,-8.79346752166748,"Female"
"6018402",371849,2025-06-07 15:21:53,43.2907447814941,-8.79448890686035,"Female"
"6018402",371849,2025-06-07 15:26:53,43.2863388061523,-8.78945732116699,"Female"
"6018402",371849,2025-06-07 15:31:54,43.286376953125,-8.78934192657471,"Female"
"6018402",371849,2025-06-07 15:36:53,43.2865257263184,-8.78971862792969,"Female"
"6018402",371849,2025-06-07 15:41:54,43.2863616943359,-8.78960609436035,"Female"
"6018402",371849,2025-06-07 15:46:53,43.2864570617676,-8.78979396820068,"Female"
"6018402",371849,2025-06-07 15:52:44,43.2861137390137,-8.78936672210693,"Female"
"6018402",371849,2025-06-07 15:56:54,43.2861289978027,-8.78958797454834,"Female"
"6018402",371849,2025-06-07 16:01:53,43.2876358032227,-8.78884601593018,"Female"
"6018402",371849,2025-06-07 16:06:55,43.3014717102051,-8.79818344116211,"Female"
"6018402",371849,2025-06-07 16:11:54,43.322265625,-8.80988025665283,"Female"
"6018402",371849,2025-06-07 16:16:54,43.3407554626465,-8.82370281219482,"Female"
"6018402",371849,2025-06-07 16:21:54,43.3617630004883,-8.83793067932129,"Female"
"6018402",371849,2025-06-07 16:26:53,43.3579635620117,-8.84512519836426,"Female"
"6018402",371849,2025-06-07 16:31:53,43.3578948974609,-8.84521198272705,"Female"
"6018402",371849,2025-06-07 16:36:53,43.3579711914062,-8.84506988525391,"Female"
"6018402",371849,2025-06-07 16:41:54,43.357982635498,-8.84502983093262,"Female"
"6018402",371849,2025-06-07 16:46:53,43.3579177856445,-8.8450174331665,"Female"
"6018402",371849,2025-06-07 16:51:53,43.3580169677734,-8.84488010406494,"Female"
"6018402",371849,2025-06-07 16:56:54,43.3580055236816,-8.8449535369873,"Female"
"6018402",371849,2025-06-07 17:01:55,43.3580589294434,-8.84494113922119,"Female"
"6018402",371849,2025-06-07 17:06:53,43.358024597168,-8.84497261047363,"Female"
"6018402",371849,2025-06-07 17:11:55,43.3581657409668,-8.84482097625732,"Female"
"6018402",371849,2025-06-07 17:16:54,43.3581466674805,-8.84476947784424,"Female"
"6018402",371849,2025-06-07 17:21:53,43.3580665588379,-8.84503936767578,"Female"
"6018402",371849,2025-06-07 17:26:53,43.3580017089844,-8.84510803222656,"Female"
"6018402",371849,2025-06-07 17:31:53,43.3581008911133,-8.84485340118408,"Female"
"6018402",371849,2025-06-07 17:36:53,43.3581161499023,-8.84482383728027,"Female"
"6018402",371849,2025-06-07 17:41:54,43.3581199645996,-8.84485721588135,"Female"
"6018402",371849,2025-06-07 17:46:53,43.3581161499023,-8.84481906890869,"Female"
"6018402",371849,2025-06-07 17:51:55,43.3581504821777,-8.84485149383545,"Female"
"6018402",371849,2025-06-07 17:56:53,43.3580780029297,-8.84488391876221,"Female"
"6018402",371849,2025-06-07 18:01:53,43.3579635620117,-8.84512233734131,"Female"
"6018402",371849,2025-06-07 18:06:53,43.3580894470215,-8.84502506256104,"Female"
"6018402",371849,2025-06-07 18:11:53,43.3581314086914,-8.84489059448242,"Female"
"6018402",371849,2025-06-07 18:16:53,43.3581390380859,-8.8449068069458,"Female"
"6018402",371849,2025-06-07 18:21:53,43.3581085205078,-8.84487056732178,"Female"
"6018402",371849,2025-06-07 18:26:53,43.3581199645996,-8.84481906890869,"Female"
"6018402",371849,2025-06-07 18:31:53,43.3580131530762,-8.84497928619385,"Female"
"6018402",371849,2025-06-07 18:36:53,43.3579483032227,-8.84500980377197,"Female"
"6018402",371849,2025-06-07 18:41:53,43.3579025268555,-8.84500026702881,"Female"
"6018402",371849,2025-06-07 18:46:53,43.3579750061035,-8.84502792358398,"Female"
"6018402",371849,2025-06-07 18:51:53,43.3579940795898,-8.84497833251953,"Female"
"6018402",371849,2025-06-07 18:56:53,43.3579864501953,-8.84494781494141,"Female"
"6018402",371849,2025-06-07 19:01:53,43.358024597168,-8.84495258331299,"Female"
"6018402",371849,2025-06-07 19:06:53,43.3580055236816,-8.84497547149658,"Female"
"6018402",371849,2025-06-07 19:11:53,43.3579177856445,-8.84500026702881,"Female"
"6018402",371849,2025-06-07 19:16:53,43.3579864501953,-8.84496212005615,"Female"
"6018402",371849,2025-06-07 19:21:53,43.3579521179199,-8.84492206573486,"Female"
"6018402",371849,2025-06-07 19:26:53,43.357967376709,-8.8449182510376,"Female"
"6018402",371849,2025-06-07 19:31:54,43.3577766418457,-8.84528923034668,"Female"
"6018402",371849,2025-06-07 19:36:53,43.3578758239746,-8.84510326385498,"Female"
"6018402",371849,2025-06-07 19:41:53,43.3579254150391,-8.84523677825928,"Female"
"6018402",371849,2025-06-07 19:46:54,43.3580627441406,-8.84520721435547,"Female"
"6018402",371849,2025-06-07 19:51:54,43.3580207824707,-8.84510517120361,"Female"
"6018402",371849,2025-06-07 19:56:53,43.3582000732422,-8.84543132781982,"Female"
"6018402",371849,2025-06-07 20:01:53,43.3580169677734,-8.84508514404297,"Female"
"6018402",371849,2025-06-07 20:06:54,43.3583564758301,-8.84567070007324,"Female"
"6018402",371849,2025-06-07 20:11:54,43.3579254150391,-8.8450927734375,"Female"
"6018402",371849,2025-06-07 20:16:54,43.357852935791,-8.84500885009766,"Female"
"6018402",371849,2025-06-07 20:21:53,43.3578453063965,-8.84499931335449,"Female"
"6018402",371849,2025-06-07 20:26:54,43.3577880859375,-8.84494209289551,"Female"
"6018402",371849,2025-06-07 20:31:55,43.3579063415527,-8.84488964080811,"Female"
"6018402",371849,2025-06-07 20:36:54,43.357852935791,-8.84485244750977,"Female"
"6018402",371849,2025-06-07 20:41:56,43.35791015625,-8.84469699859619,"Female"
"6018402",371849,2025-06-07 20:46:54,43.3578605651855,-8.84474658966064,"Female"
"6018402",371849,2025-06-07 20:51:54,43.3579368591309,-8.84470844268799,"Female"
"6018402",371849,2025-06-07 20:56:53,43.3578567504883,-8.84463691711426,"Female"
"6018402",371849,2025-06-07 21:01:55,43.3577766418457,-8.8446044921875,"Female"
"6018402",371849,2025-06-07 21:06:56,43.3578262329102,-8.84457015991211,"Female"
"6018402",371849,2025-06-07 21:11:55,43.357738494873,-8.84464168548584,"Female"
"6018402",371849,2025-06-07 21:16:53,43.357837677002,-8.8445930480957,"Female"
"6018402",371849,2025-06-07 21:21:54,43.3577117919922,-8.84447574615479,"Female"
"6018402",371849,2025-06-07 21:26:54,43.3578147888184,-8.84447765350342,"Female"
"6018402",371849,2025-06-07 21:31:54,43.3576507568359,-8.84453582763672,"Female"
"6018402",371849,2025-06-07 21:36:54,43.3576545715332,-8.8445463180542,"Female"
"6018402",371849,2025-06-07 21:41:54,43.3575286865234,-8.84451961517334,"Female"
"6018402",371849,2025-06-07 21:46:53,43.358024597168,-8.84442520141602,"Female"
"6018402",371849,2025-06-07 21:51:53,43.3581848144531,-8.84453773498535,"Female"
"6018402",371849,2025-06-07 21:56:54,43.3575057983398,-8.84561157226562,"Female"
"6018402",371849,2025-06-07 22:01:54,43.3569602966309,-8.84370231628418,"Female"
"6018402",371849,2025-06-07 22:06:53,43.358154296875,-8.84406852722168,"Female"
"6018402",371849,2025-06-07 22:11:54,43.3572998046875,-8.84459018707275,"Female"
"6018402",371849,2025-06-07 22:16:54,43.356616973877,-8.84273242950439,"Female"
"6018402",371849,2025-06-07 22:21:54,43.3562469482422,-8.84200096130371,"Female"
"6018402",371849,2025-06-07 22:26:55,43.3572006225586,-8.84355735778809,"Female"
"6018402",371849,2025-06-07 22:31:55,43.3555526733398,-8.84039211273193,"Female"
"6018402",371849,2025-06-07 22:37:00,43.3577156066895,-8.84418106079102,"Female"
"6018402",371849,2025-06-07 22:41:59,43.3554229736328,-8.83986949920654,"Female"
"6018402",371849,2025-06-07 22:47:01,43.3576049804688,-8.8445291519165,"Female"
"6018402",371849,2025-06-07 22:51:53,43.3576698303223,-8.84436416625977,"Female"
"6018402",371849,2025-06-07 22:56:55,43.3560752868652,-8.84027194976807,"Female"
"6018402",371849,2025-06-07 23:01:54,43.357421875,-8.84402656555176,"Female"
"6018402",371849,2025-06-07 23:07:23,43.3577575683594,-8.84463405609131,"Female"
"6018402",371849,2025-06-07 23:11:51,43.3577308654785,-8.84492683410645,"Female"
"6018402",371849,2025-06-07 23:16:52,43.3576774597168,-8.84492874145508,"Female"
"6018402",371849,2025-06-07 23:21:52,43.3577613830566,-8.84496879577637,"Female"
"6018402",371849,2025-06-07 23:26:52,43.357608795166,-8.84505558013916,"Female"
"6018402",371849,2025-06-07 23:31:51,43.3577346801758,-8.84494018554688,"Female"
"6018402",371849,2025-06-07 23:36:52,43.357723236084,-8.84488868713379,"Female"
"6018402",371849,2025-06-07 23:41:51,43.3576965332031,-8.84484386444092,"Female"
"6018402",371849,2025-06-07 23:46:52,43.3575897216797,-8.84496879577637,"Female"
"6018402",371849,2025-06-07 23:51:52,43.3575706481934,-8.8449182510376,"Female"
"6018402",371849,2025-06-07 23:56:52,43.3577003479004,-8.8449592590332,"Female"
"6018402",371849,2025-06-08 00:01:52,43.3576011657715,-8.84489250183105,"Female"
"6018402",371849,2025-06-08 00:06:52,43.3576164245605,-8.84494876861572,"Female"
"6018402",371849,2025-06-08 00:11:52,43.3576431274414,-8.84486675262451,"Female"
"6018402",371849,2025-06-08 00:16:52,43.3575706481934,-8.84491539001465,"Female"
"6018402",371849,2025-06-08 00:21:52,43.3577117919922,-8.84492492675781,"Female"
"6018402",371849,2025-06-08 00:26:52,43.3576202392578,-8.84487438201904,"Female"
"6018402",371849,2025-06-08 00:31:52,43.3576202392578,-8.84484481811523,"Female"
"6018402",371849,2025-06-08 00:36:52,43.3575973510742,-8.8448429107666,"Female"
"6018402",371849,2025-06-08 00:41:52,43.357593536377,-8.84482383728027,"Female"
"6018402",371849,2025-06-08 00:46:52,43.3576049804688,-8.84476661682129,"Female"
"6018402",371849,2025-06-08 00:52:02,43.3575744628906,-8.84474945068359,"Female"
"6018402",371849,2025-06-08 00:57:08,43.3576240539551,-8.84476757049561,"Female"
"6018402",371849,2025-06-08 01:01:52,43.3576354980469,-8.84479236602783,"Female"
"6018402",371849,2025-06-08 01:06:52,43.3575439453125,-8.84481430053711,"Female"
"6018402",371849,2025-06-08 01:11:52,43.3575592041016,-8.84473991394043,"Female"
"6018402",371849,2025-06-08 01:16:52,43.3575820922852,-8.84482765197754,"Female"
"6018402",371849,2025-06-08 01:21:52,43.3574600219727,-8.84479713439941,"Female"
"6018402",371849,2025-06-08 01:26:52,43.3575172424316,-8.84484195709229,"Female"
"6018402",371849,2025-06-08 01:31:52,43.3575820922852,-8.84478855133057,"Female"
"6018402",371849,2025-06-08 01:36:52,43.3574409484863,-8.84489822387695,"Female"
"6018402",371849,2025-06-08 01:41:53,43.3574180603027,-8.84505462646484,"Female"
"6018402",371849,2025-06-08 01:46:54,43.3573303222656,-8.84502029418945,"Female"
"6018402",371849,2025-06-08 01:51:59,43.3574409484863,-8.84486865997314,"Female"
"6018402",371849,2025-06-08 01:57:14,43.3576049804688,-8.84482955932617,"Female"
"6018402",371849,2025-06-08 02:01:52,43.3576698303223,-8.84482955932617,"Female"
"6018402",371849,2025-06-08 02:06:52,43.3574447631836,-8.84481334686279,"Female"
"6018402",371849,2025-06-08 02:11:57,43.3576774597168,-8.84487533569336,"Female"
"6018402",371849,2025-06-08 02:16:53,43.3574066162109,-8.84468364715576,"Female"
"6018402",371849,2025-06-08 02:21:52,43.3577003479004,-8.84489440917969,"Female"
"6018402",371849,2025-06-08 02:26:52,43.3576126098633,-8.84479713439941,"Female"
"6018402",371849,2025-06-08 02:31:52,43.357421875,-8.84466934204102,"Female"
"6018402",371849,2025-06-08 02:36:53,43.3572387695312,-8.84461402893066,"Female"
"6018402",371849,2025-06-08 02:41:55,43.3580551147461,-8.84525585174561,"Female"
"6018402",371849,2025-06-08 02:47:03,43.357837677002,-8.84462738037109,"Female"
"6018402",371849,2025-06-08 02:52:14,43.3577995300293,-8.84485816955566,"Female"
"6018402",371849,2025-06-08 02:56:52,43.3578033447266,-8.84479427337646,"Female"
"6018402",371849,2025-06-08 03:01:52,43.3576965332031,-8.84492111206055,"Female"
"6018402",371849,2025-06-08 03:06:54,43.3577461242676,-8.84478282928467,"Female"
"6018402",371849,2025-06-08 03:11:52,43.3577651977539,-8.84491348266602,"Female"
"6018402",371849,2025-06-08 03:16:55,43.3576736450195,-8.84486675262451,"Female"
"6018402",371849,2025-06-08 03:21:52,43.3577651977539,-8.84483528137207,"Female"
"6018402",371849,2025-06-08 03:26:52,43.3577880859375,-8.84492969512939,"Female"
"6018402",371849,2025-06-08 03:31:52,43.357795715332,-8.84494209289551,"Female"
"6018402",371849,2025-06-08 03:36:58,43.3575706481934,-8.84505081176758,"Female"
"6018402",371849,2025-06-08 03:41:53,43.3583030700684,-8.8452033996582,"Female"
"6018402",371849,2025-06-08 03:47:15,43.3575782775879,-8.84501361846924,"Female"
"6018402",371849,2025-06-08 03:51:59,43.3574752807617,-8.84497547149658,"Female"
"6018402",371849,2025-06-08 03:56:55,43.3572845458984,-8.84492206573486,"Female"
"6018402",371849,2025-06-08 04:02:00,43.3574180603027,-8.84488201141357,"Female"
"6018402",371849,2025-06-08 04:06:59,43.356761932373,-8.84436130523682,"Female"
"6018402",371849,2025-06-08 04:12:00,43.3586044311523,-8.84485912322998,"Female"
"6018402",371849,2025-06-08 04:17:00,43.3588714599609,-8.84471797943115,"Female"
"6018402",371849,2025-06-08 04:22:01,43.3592834472656,-8.84432411193848,"Female"
"6018402",371849,2025-06-08 04:27:00,43.3582305908203,-8.84504699707031,"Female"
"6018402",371849,2025-06-08 04:32:14,43.3587608337402,-8.84437656402588,"Female"
"6018402",371849,2025-06-08 04:37:00,43.3585968017578,-8.84460639953613,"Female"
"6018402",371849,2025-06-08 04:41:53,43.358226776123,-8.84486484527588,"Female"
"6018402",371849,2025-06-08 04:46:57,43.3583602905273,-8.84485054016113,"Female"
"6018402",371849,2025-06-08 04:51:59,43.3583183288574,-8.84485054016113,"Female"
"6018402",371849,2025-06-08 04:56:55,43.3582763671875,-8.84483528137207,"Female"
"6018402",371849,2025-06-08 05:01:54,43.3576431274414,-8.84540843963623,"Female"
"6018402",371849,2025-06-08 05:06:54,43.357608795166,-8.84541606903076,"Female"
"6018402",371849,2025-06-08 05:11:55,43.3574295043945,-8.84585094451904,"Female"
"6018402",371849,2025-06-08 05:16:58,43.3578109741211,-8.84517383575439,"Female"
"6018402",371849,2025-06-08 05:21:57,43.357608795166,-8.84552764892578,"Female"
"6018402",371849,2025-06-08 05:26:53,43.3575134277344,-8.84552192687988,"Female"
"6018402",371849,2025-06-08 05:32:14,43.3573684692383,-8.84550380706787,"Female"
"6018402",371849,2025-06-08 05:37:14,43.357349395752,-8.84551429748535,"Female"
"6018402",371849,2025-06-08 05:41:52,43.3576927185059,-8.84539985656738,"Female"
"6018402",371849,2025-06-08 05:46:57,43.3578567504883,-8.8449535369873,"Female"
"6018402",371849,2025-06-08 05:51:52,43.3578300476074,-8.84515190124512,"Female"
"6018402",371849,2025-06-08 05:56:57,43.3577728271484,-8.84514331817627,"Female"
"6018402",371849,2025-06-08 06:01:58,43.3577651977539,-8.84514713287354,"Female"
"6018402",371849,2025-06-08 06:07:23,43.357837677002,-8.84507274627686,"Female"
"6018402",371849,2025-06-08 06:11:52,43.357795715332,-8.84512042999268,"Female"
"6018402",371849,2025-06-08 06:16:52,43.3576736450195,-8.84517097473145,"Female"
"6018402",371849,2025-06-08 06:21:52,43.3576583862305,-8.84517574310303,"Female"
"6018402",371849,2025-06-08 06:26:52,43.3578491210938,-8.84505748748779,"Female"
"6018402",371849,2025-06-08 06:31:52,43.3578910827637,-8.84499359130859,"Female"
"6018402",371849,2025-06-08 06:36:52,43.3578453063965,-8.84498500823975,"Female"
"6018402",371849,2025-06-08 06:41:52,43.3574676513672,-8.84477519989014,"Female"
"6018402",371849,2025-06-08 06:46:59,43.3576850891113,-8.84539222717285,"Female"
"6018402",371849,2025-06-08 06:51:55,43.3473129272461,-8.84438705444336,"Female"
"6018402",371849,2025-06-08 06:56:53,43.3365631103516,-8.83168888092041,"Female"
"6018402",371849,2025-06-08 07:01:53,43.3053169250488,-8.81104946136475,"Female"
"6018402",371849,2025-06-08 07:06:53,43.2915954589844,-8.79509830474854,"Female"
"6018402",371849,2025-06-08 07:11:53,43.2925758361816,-8.79424953460693,"Female"
"6018402",371849,2025-06-08 07:16:53,43.2930107116699,-8.79446983337402,"Female"
"6018402",371849,2025-06-08 07:22:00,43.2974548339844,-8.79125595092773,"Female"
"6018402",371849,2025-06-08 07:26:55,43.2978973388672,-8.79866504669189,"Female"
"6018402",371849,2025-06-08 07:31:55,43.295280456543,-8.78986358642578,"Female"
"6018402",371849,2025-06-08 07:36:55,43.2900314331055,-8.78892612457275,"Female"
"6018402",371849,2025-06-08 07:41:53,43.286693572998,-8.78128242492676,"Female"
"6018402",371849,2025-06-08 07:47:00,43.2858505249023,-8.80261421203613,"Female"
"6018402",371849,2025-06-08 07:51:52,43.2907829284668,-8.80435943603516,"Female"
"6018402",371849,2025-06-08 07:56:54,43.2975158691406,-8.79900646209717,"Female"
"6018402",371849,2025-06-08 08:02:08,43.3091125488281,-8.79129123687744,"Female"
"6018402",371849,2025-06-08 08:06:57,43.3044967651367,-8.80206298828125,"Female"
"6018402",371849,2025-06-08 08:11:53,43.3049278259277,-8.80216598510742,"Female"
"6018402",371849,2025-06-08 08:16:53,43.3084564208984,-8.78869915008545,"Female"
"6018402",371849,2025-06-08 08:21:59,43.336009979248,-8.8182897567749,"Female"
"6018402",371849,2025-06-08 08:26:52,43.3512535095215,-8.83978176116943,"Female"
"6018402",371849,2025-06-08 08:31:54,43.35546875,-8.83208656311035,"Female"
"6018402",371849,2025-06-08 08:36:53,43.3550682067871,-8.78122138977051,"Female"
"6018402",371849,2025-06-08 08:41:55,43.35498046875,-8.83043956756592,"Female"
"6018402",371849,2025-06-08 08:46:54,43.354736328125,-8.82932949066162,"Female"
"6018402",371849,2025-06-08 08:52:00,43.3581161499023,-8.84491443634033,"Female"
"6018402",371849,2025-06-08 08:57:00,43.3723678588867,-8.83476257324219,"Female"
"6018402",371849,2025-06-08 09:02:00,43.3731880187988,-8.83406352996826,"Female"
"6018402",371849,2025-06-08 09:07:02,43.3760032653809,-8.83199882507324,"Female"
"6018402",371849,2025-06-08 09:12:11,43.3579368591309,-8.8449764251709,"Female"
"6018402",371849,2025-06-08 09:16:52,43.3673820495605,-8.83974075317383,"Female"
"6018402",371849,2025-06-08 09:21:52,43.3671455383301,-8.84015369415283,"Female"
"6018402",371849,2025-06-08 09:27:04,43.357967376709,-8.84487056732178,"Female"
"6018402",371849,2025-06-08 09:31:58,43.3579444885254,-8.8448486328125,"Female"
"6018402",371849,2025-06-08 09:36:53,43.3666152954102,-8.84206485748291,"Female"
"6018402",371849,2025-06-08 09:41:59,43.357982635498,-8.84471130371094,"Female"
"6018402",371849,2025-06-08 09:47:01,43.3507041931152,-8.84632682800293,"Female"
"6018402",371849,2025-06-08 09:52:24,43.3230171203613,-8.84363269805908,"Female"
"6018402",371849,2025-06-08 09:57:01,43.3174629211426,-8.83272552490234,"Female"
"6018402",371849,2025-06-08 10:02:19,43.3025054931641,-8.81376838684082,"Female"
"6018402",371849,2025-06-08 10:06:57,43.2936592102051,-8.79511547088623,"Female"
"6018402",371849,2025-06-08 10:12:03,43.2825660705566,-8.78799629211426,"Female"
"6018402",371849,2025-06-08 10:17:29,43.2597236633301,-8.76116943359375,"Female"
"6018402",371849,2025-06-08 10:22:01,43.2481079101562,-8.73682880401611,"Female"
"6018402",371849,2025-06-08 10:27:01,43.2341270446777,-8.71722888946533,"Female"
"6018402",371849,2025-06-08 10:31:52,43.2218437194824,-8.70478439331055,"Female"
"6018402",371849,2025-06-08 10:36:52,43.2065811157227,-8.70100498199463,"Female"
"6018402",371849,2025-06-08 10:41:52,43.1796684265137,-8.73137855529785,"Female"
"6018402",371849,2025-06-08 10:46:52,43.1943664550781,-8.71615028381348,"Female"
"6018402",371849,2025-06-08 10:51:52,43.202995300293,-8.70261764526367,"Female"
"6018402",371849,2025-06-08 10:56:53,43.2166137695312,-8.69065189361572,"Female"
"6018402",371849,2025-06-08 11:01:52,43.2241516113281,-8.6928596496582,"Female"
"6018402",371849,2025-06-08 11:06:52,43.2209129333496,-8.67440032958984,"Female"
"6018402",371849,2025-06-08 11:11:52,43.2194786071777,-8.65872097015381,"Female"
"6018402",371849,2025-06-08 11:16:54,43.2334251403809,-8.6381721496582,"Female"
"6018402",371849,2025-06-08 11:21:52,43.237720489502,-8.62734031677246,"Female"
"6018402",371849,2025-06-08 11:26:52,43.2196884155273,-8.60961151123047,"Female"
"6018402",371849,2025-06-08 11:31:52,43.2002830505371,-8.58434391021729,"Female"
"6018402",371849,2025-06-08 11:36:52,43.1921730041504,-8.55642414093018,"Female"
"6018402",371849,2025-06-08 11:41:52,43.1787986755371,-8.54577922821045,"Female"
"6018402",371849,2025-06-08 11:46:52,43.1566696166992,-8.50693893432617,"Female"
"6018402",371849,2025-06-08 11:51:52,43.1300964355469,-8.47176837921143,"Female"
"6018402",371849,2025-06-08 11:56:52,43.1299057006836,-8.47185516357422,"Female"
"6018402",371849,2025-06-08 12:01:52,43.1299743652344,-8.47208499908447,"Female"
"6018402",371849,2025-06-08 12:06:52,43.1303672790527,-8.47198963165283,"Female"
"6018402",371849,2025-06-08 12:11:52,43.1301689147949,-8.47189712524414,"Female"
"6018402",371849,2025-06-08 12:16:52,43.1300392150879,-8.47212600708008,"Female"
"6018402",371849,2025-06-08 12:21:53,43.1299171447754,-8.47214317321777,"Female"
"6018402",371849,2025-06-08 12:26:53,43.1298522949219,-8.47183418273926,"Female"
"6018402",371849,2025-06-08 12:31:53,43.1298942565918,-8.47211837768555,"Female"
"6018402",371849,2025-06-08 12:36:52,43.1256294250488,-8.48253345489502,"Female"
"6018402",371849,2025-06-08 12:41:53,43.0987739562988,-8.49760913848877,"Female"
"6018402",371849,2025-06-08 12:46:53,43.0983734130859,-8.49750900268555,"Female"
"6018402",371849,2025-06-08 12:51:53,43.0928344726562,-8.50164222717285,"Female"
"6018402",371849,2025-06-08 12:56:54,43.095344543457,-8.49374675750732,"Female"
"6018402",371849,2025-06-08 13:01:53,43.1106376647949,-8.48652267456055,"Female"
"6018402",371849,2025-06-08 13:06:57,43.1238899230957,-8.47568321228027,"Female"
"6018402",371849,2025-06-08 13:11:55,43.1287536621094,-8.46940326690674,"Female"
"6018402",371849,2025-06-08 13:16:54,43.1290130615234,-8.46970081329346,"Female"
"6018402",371849,2025-06-08 13:22:15,43.1296997070312,-8.46910381317139,"Female"
"6018402",371849,2025-06-08 13:26:55,43.1300163269043,-8.46949005126953,"Female"
"6018402",371849,2025-06-08 13:32:11,43.1316108703613,-8.47078418731689,"Female"
"6018402",371849,2025-06-08 13:36:58,43.1316528320312,-8.47353458404541,"Female"
"6018402",371849,2025-06-08 13:41:58,43.1310653686523,-8.47305297851562,"Female"
"6018402",371849,2025-06-08 13:47:00,43.1310615539551,-8.4727840423584,"Female"
"6018402",371849,2025-06-08 13:51:54,43.1311912536621,-8.47244834899902,"Female"
"6018402",371849,2025-06-08 13:56:57,43.1310157775879,-8.47248554229736,"Female"
"6018402",371849,2025-06-08 14:01:53,43.1315269470215,-8.47233104705811,"Female"
"6018402",371849,2025-06-08 14:07:00,43.1301155090332,-8.47190856933594,"Female"
"6018402",371849,2025-06-08 14:11:54,43.1303596496582,-8.47248649597168,"Female"
"6018402",371849,2025-06-08 14:16:53,43.1391983032227,-8.4707202911377,"Female"
"6018402",371849,2025-06-08 14:21:52,43.1519432067871,-8.48339462280273,"Female"
"6018402",371849,2025-06-08 14:26:54,43.1657943725586,-8.49702930450439,"Female"
"6018402",371849,2025-06-08 14:31:52,43.1744613647461,-8.50942897796631,"Female"
"6018402",371849,2025-06-08 14:36:53,43.1872329711914,-8.53530597686768,"Female"
"6018402",371849,2025-06-08 14:41:53,43.1896095275879,-8.56169509887695,"Female"
"6018402",371849,2025-06-08 14:46:53,43.2052574157715,-8.58546829223633,"Female"
"6018402",371849,2025-06-08 14:51:54,43.2192001342773,-8.62100601196289,"Female"
"6018402",371849,2025-06-08 14:56:54,43.2350845336914,-8.63915538787842,"Female"
"6018402",371849,2025-06-08 15:01:53,43.2527732849121,-8.64669799804688,"Female"
"6018402",371849,2025-06-08 15:06:54,43.2701606750488,-8.65893268585205,"Female"
"6018402",371849,2025-06-08 15:11:59,43.2825584411621,-8.68514156341553,"Female"
"6018402",371849,2025-06-08 15:16:54,43.2907409667969,-8.73764133453369,"Female"
"6018402",371849,2025-06-08 15:21:53,43.3035354614258,-8.78318881988525,"Female"
"6018402",371849,2025-06-08 15:26:53,43.3232841491699,-8.82099628448486,"Female"
"6018402",371849,2025-06-08 15:31:53,43.344425201416,-8.83654499053955,"Female"
"6018402",371849,2025-06-08 15:36:58,43.3577728271484,-8.84485626220703,"Female"
"6018402",371849,2025-06-08 15:41:54,43.3580474853516,-8.84519100189209,"Female"
"6018402",371849,2025-06-08 15:47:00,43.3579750061035,-8.84513854980469,"Female"
"6018402",371849,2025-06-08 15:52:00,43.3580055236816,-8.84514808654785,"Female"
"6018402",371849,2025-06-08 15:57:22,43.3579559326172,-8.84505176544189,"Female"
"6018402",371849,2025-06-08 16:02:19,43.3577728271484,-8.84486675262451,"Female"
"6018402",371849,2025-06-08 16:06:54,43.3577651977539,-8.84485626220703,"Female"
"6018402",371849,2025-06-08 16:11:55,43.3577690124512,-8.84491729736328,"Female"
"6018402",371849,2025-06-08 16:16:53,43.3579292297363,-8.84505653381348,"Female"
"6018402",371849,2025-06-08 16:21:57,43.3577194213867,-8.84490966796875,"Female"
"6018402",371849,2025-06-08 16:26:53,43.3578300476074,-8.84498119354248,"Female"
"6018402",371849,2025-06-08 16:31:55,43.3577308654785,-8.84488105773926,"Female"
"6018402",371849,2025-06-08 16:36:57,43.3576927185059,-8.84482955932617,"Female"
"6018402",371849,2025-06-08 16:41:57,43.3576927185059,-8.84481048583984,"Female"
"6018402",371849,2025-06-08 16:46:55,43.3577079772949,-8.84482002258301,"Female"
"6018402",371849,2025-06-08 16:51:57,43.3577117919922,-8.84481525421143,"Female"
"6018402",371849,2025-06-08 16:56:57,43.3577156066895,-8.84477615356445,"Female"
"6018402",371849,2025-06-08 17:01:55,43.3577423095703,-8.84478187561035,"Female"
"6018402",371849,2025-06-08 17:06:57,43.3577003479004,-8.84482383728027,"Female"
"6018402",371849,2025-06-08 17:12:14,43.3580093383789,-8.84428119659424,"Female"
"6018402",371849,2025-06-08 17:16:57,43.3578758239746,-8.84453964233398,"Female"
"6018402",371849,2025-06-08 17:21:57,43.3578834533691,-8.84446716308594,"Female"
"6018402",371849,2025-06-08 17:27:04,43.3579750061035,-8.84428977966309,"Female"
"6018402",371849,2025-06-08 17:32:04,43.3579940795898,-8.84427070617676,"Female"
"6018402",371849,2025-06-08 17:37:04,43.3579292297363,-8.84432601928711,"Female"
"6018402",371849,2025-06-08 17:41:58,43.3579902648926,-8.84416961669922,"Female"
"6018402",371849,2025-06-08 17:47:14,43.3579750061035,-8.84416675567627,"Female"
"6018402",371849,2025-06-08 17:52:01,43.358024597168,-8.84398078918457,"Female"
"6018402",371849,2025-06-08 17:57:02,43.3577003479004,-8.84482860565186,"Female"
"6018402",371849,2025-06-08 18:02:10,43.3578491210938,-8.84455490112305,"Female"
"6018402",371849,2025-06-08 18:06:59,43.3580055236816,-8.84281158447266,"Female"
"6018402",371849,2025-06-08 18:11:55,43.3597297668457,-8.84613609313965,"Female"
"6018402",371849,2025-06-08 18:16:54,43.3205718994141,-8.8463020324707,"Female"
"6018402",371849,2025-06-08 18:21:52,43.3090705871582,-8.83241176605225,"Female"
"6018402",371849,2025-06-08 18:26:55,43.2840690612793,-8.81772041320801,"Female"
"6018402",371849,2025-06-08 18:31:57,43.288013458252,-8.81108283996582,"Female"
"6018402",371849,2025-06-08 18:37:00,43.2970581054688,-8.80119323730469,"Female"
"6018402",371849,2025-06-08 18:41:52,43.296760559082,-8.80031585693359,"Female"
"6018402",371849,2025-06-08 18:47:00,43.2968978881836,-8.80268383026123,"Female"
"6018402",371849,2025-06-08 18:51:58,43.2969665527344,-8.8034496307373,"Female"
"6018402",371849,2025-06-08 18:57:02,43.2985649108887,-8.7993221282959,"Female"
"6018402",371849,2025-06-08 19:01:53,43.2966537475586,-8.80297565460205,"Female"
"6018402",371849,2025-06-08 19:07:00,43.2969436645508,-8.80287170410156,"Female"
"6018402",371849,2025-06-08 19:12:01,43.297176361084,-8.80368804931641,"Female"
"6018402",371849,2025-06-08 19:17:04,43.2968254089355,-8.80405712127686,"Female"
"6018402",371849,2025-06-08 19:21:59,43.3026351928711,-8.80324649810791,"Female"
"6018402",371849,2025-06-08 19:27:00,43.3026695251465,-8.80608654022217,"Female"
"6018402",371849,2025-06-08 19:32:00,43.3085861206055,-8.80323219299316,"Female"
"6018402",371849,2025-06-08 19:37:05,43.3268280029297,-8.82660961151123,"Female"
"6018402",371849,2025-06-08 19:42:05,43.343376159668,-8.84172058105469,"Female"
"6018402",371849,2025-06-08 19:47:06,43.3567237854004,-8.84984397888184,"Female"
"6018402",371849,2025-06-08 19:52:20,43.3575401306152,-8.84543418884277,"Female"
"6018402",371849,2025-06-08 19:56:55,43.3575706481934,-8.84517288208008,"Female"
"6018402",371849,2025-06-08 20:01:52,43.3586311340332,-8.84591770172119,"Female"
"6018402",371849,2025-06-08 20:06:55,43.3577308654785,-8.84498119354248,"Female"
"6018402",371849,2025-06-08 20:11:52,43.3578987121582,-8.84504985809326,"Female"
"6018402",371849,2025-06-08 20:16:54,43.3579254150391,-8.84516048431396,"Female"
"6018402",371849,2025-06-08 20:21:53,43.3579025268555,-8.84514999389648,"Female"
"6018402",371849,2025-06-08 20:26:54,43.3579254150391,-8.84504508972168,"Female"
"6018402",371849,2025-06-08 20:31:53,43.3578567504883,-8.84510040283203,"Female"
"6018402",371849,2025-06-08 20:36:53,43.3578987121582,-8.84521675109863,"Female"
"6018402",371849,2025-06-08 20:41:54,43.3578224182129,-8.84512329101562,"Female"
"6018402",371849,2025-06-08 20:46:55,43.3578147888184,-8.84487819671631,"Female"
"6018402",371849,2025-06-08 20:51:55,43.3577995300293,-8.84500312805176,"Female"
"6018402",371849,2025-06-08 20:56:57,43.357795715332,-8.84500217437744,"Female"
"6018402",371849,2025-06-08 21:01:57,43.3577995300293,-8.84481716156006,"Female"
"6018402",371849,2025-06-08 21:06:58,43.357795715332,-8.84481143951416,"Female"
"6018402",371849,2025-06-08 21:11:57,43.3577880859375,-8.84481334686279,"Female"
"6018402",371849,2025-06-08 21:16:57,43.357780456543,-8.84460163116455,"Female"
"6018402",371849,2025-06-08 21:21:58,43.357780456543,-8.84490013122559,"Female"
"6018402",371849,2025-06-08 21:27:02,43.3601112365723,-8.8526439666748,"Female"
"6018402",371849,2025-06-08 21:32:03,43.3577461242676,-8.84474945068359,"Female"
"6018402",371849,2025-06-08 21:37:01,43.3605728149414,-8.85328674316406,"Female"
"6018402",371849,2025-06-08 21:42:23,43.3577651977539,-8.8449649810791,"Female"
"6018402",371849,2025-06-08 21:46:52,43.3577308654785,-8.84486103057861,"Female"
"6018402",371849,2025-06-08 21:51:52,43.3577499389648,-8.84491729736328,"Female"
"6018402",371849,2025-06-08 21:56:52,43.3577880859375,-8.84486293792725,"Female"
"6018402",371849,2025-06-08 22:01:52,43.3577537536621,-8.84489154815674,"Female"
"6018402",371849,2025-06-08 22:07:01,43.357780456543,-8.84490013122559,"Female"
"6018402",371849,2025-06-08 22:12:02,43.3577919006348,-8.84481906890869,"Female"
"6018402",371849,2025-06-08 22:17:01,43.3578300476074,-8.84490489959717,"Female"
"6018402",371849,2025-06-08 22:22:02,43.3579635620117,-8.84485626220703,"Female"
"6018402",371849,2025-06-08 22:27:07,43.3614807128906,-8.84491920471191,"Female"
"6018402",371849,2025-06-08 22:32:06,43.3652038574219,-8.84695625305176,"Female"
"6018402",371849,2025-06-08 22:37:06,43.3657760620117,-8.84747886657715,"Female"
"6018402",371849,2025-06-08 22:42:01,43.3662147521973,-8.84813022613525,"Female"
"6018402",371849,2025-06-08 22:47:23,43.3578071594238,-8.84487152099609,"Female"
"6018402",371849,2025-06-08 22:51:52,43.3578147888184,-8.84487342834473,"Female"
"6018402",371849,2025-06-08 22:56:51,43.3579177856445,-8.84493923187256,"Female"
"6018402",371849,2025-06-08 23:01:51,43.3579483032227,-8.84484958648682,"Female"
"6018402",371849,2025-06-08 23:06:52,43.357795715332,-8.84488201141357,"Female"
"6018402",371849,2025-06-08 23:11:52,43.3578033447266,-8.84492206573486,"Female"
"6018402",371849,2025-06-08 23:16:52,43.3578491210938,-8.84499454498291,"Female"
"6018402",371849,2025-06-08 23:21:53,43.3578224182129,-8.84492301940918,"Female"
"6018402",371849,2025-06-08 23:26:53,43.3577690124512,-8.84491920471191,"Female"
"6018402",371849,2025-06-08 23:31:53,43.3578300476074,-8.84489917755127,"Female"
"6018402",371849,2025-06-08 23:36:52,43.3578643798828,-8.8450174331665,"Female"
"6018402",371849,2025-06-08 23:41:52,43.3577346801758,-8.84488105773926,"Female"
"6018402",371849,2025-06-08 23:46:52,43.3578643798828,-8.84492492675781,"Female"
"6018402",371849,2025-06-08 23:51:57,43.3577499389648,-8.84483242034912,"Female"
"6018402",371849,2025-06-08 23:56:52,43.3577270507812,-8.84480094909668,"Female"
"6018402",371849,2025-06-09 00:01:53,43.3578910827637,-8.84495735168457,"Female"
"6018402",371849,2025-06-09 00:06:57,43.3578071594238,-8.84497928619385,"Female"
"6018402",371849,2025-06-09 00:11:53,43.3571739196777,-8.84492874145508,"Female"
"6018402",371849,2025-06-09 00:16:59,43.3576393127441,-8.84502696990967,"Female"
"6018402",371849,2025-06-09 00:21:55,43.3576316833496,-8.84501934051514,"Female"
"6018402",371849,2025-06-09 00:26:57,43.3576354980469,-8.84500122070312,"Female"
"6018402",371849,2025-06-09 00:31:59,43.3576202392578,-8.84500789642334,"Female"
"6018402",371849,2025-06-09 00:37:14,43.3576812744141,-8.84499931335449,"Female"
"6018402",371849,2025-06-09 00:41:52,43.3582992553711,-8.84507942199707,"Female"
"6018402",371849,2025-06-09 00:46:52,43.3577842712402,-8.84503841400146,"Female"
"6018402",371849,2025-06-09 00:51:52,43.3580055236816,-8.84513282775879,"Female"
"6018402",371849,2025-06-09 00:56:52,43.3577194213867,-8.8449878692627,"Female"
"6018402",371849,2025-06-09 01:01:55,43.3577194213867,-8.84492015838623,"Female"
"6018402",371849,2025-06-09 01:06:52,43.3577003479004,-8.84533023834229,"Female"
"6018402",371849,2025-06-09 01:11:55,43.3576126098633,-8.844970703125,"Female"
"6018402",371849,2025-06-09 01:16:52,43.3577537536621,-8.84501647949219,"Female"
"6018402",371849,2025-06-09 01:21:52,43.3583183288574,-8.84513282775879,"Female"
"6018402",371849,2025-06-09 01:26:52,43.3579559326172,-8.84511280059814,"Female"
"6018402",371849,2025-06-09 01:32:14,43.3577919006348,-8.84494876861572,"Female"
"6018402",371849,2025-06-09 01:36:53,43.3578491210938,-8.8449535369873,"Female"
"6018402",371849,2025-06-09 01:41:55,43.3578224182129,-8.8449821472168,"Female"
"6018402",371849,2025-06-09 01:46:57,43.3577423095703,-8.84459686279297,"Female"
"6018402",371849,2025-06-09 01:52:00,43.3576278686523,-8.84458637237549,"Female"
"6018402",371849,2025-06-09 01:57:00,43.3577766418457,-8.84496021270752,"Female"
"6018402",371849,2025-06-09 02:02:01,43.3577537536621,-8.84475135803223,"Female"
"6018402",371849,2025-06-09 02:07:03,43.357666015625,-8.84470558166504,"Female"
"6018402",371849,2025-06-09 02:12:05,43.3576354980469,-8.84468269348145,"Female"
"6018402",371849,2025-06-09 02:17:03,43.3577079772949,-8.84478855133057,"Female"
"6018402",371849,2025-06-09 02:22:15,43.3577728271484,-8.84489059448242,"Female"
"6018402",371849,2025-06-09 02:26:54,43.3577270507812,-8.84492015838623,"Female"
"6018402",371849,2025-06-09 02:31:52,43.3572692871094,-8.84433364868164,"Female"
"6018402",371849,2025-06-09 02:36:55,43.3577766418457,-8.84494304656982,"Female"
"6018402",371849,2025-06-09 02:41:54,43.3576126098633,-8.84480857849121,"Female"
"6018402",371849,2025-06-09 02:47:15,43.3578567504883,-8.84493350982666,"Female"
"6018402",371849,2025-06-09 02:52:00,43.357608795166,-8.84489440917969,"Female"
"6018402",371849,2025-06-09 02:57:00,43.3578453063965,-8.84493827819824,"Female"
"6018402",371849,2025-06-09 03:02:00,43.3578224182129,-8.84496212005615,"Female"
"6018402",371849,2025-06-09 03:07:00,43.3578453063965,-8.84492588043213,"Female"
"6018402",371849,2025-06-09 03:11:59,43.3577079772949,-8.84461116790771,"Female"
"6018402",371849,2025-06-09 03:16:59,43.3579483032227,-8.84502983093262,"Female"
"6018402",371849,2025-06-09 03:22:22,43.3578758239746,-8.84488677978516,"Female"
"6018402",371849,2025-06-09 03:26:51,43.3576965332031,-8.84470748901367,"Female"
"6018402",371849,2025-06-09 03:31:51,43.3576583862305,-8.84470558166504,"Female"
"6018402",371849,2025-06-09 03:36:52,43.357536315918,-8.84461784362793,"Female"
"6018402",371849,2025-06-09 03:41:52,43.3579254150391,-8.84496688842773,"Female"
"6018402",371849,2025-06-09 03:46:53,43.3580360412598,-8.84508991241455,"Female"
"6018402",371849,2025-06-09 03:52:00,43.3578300476074,-8.84490394592285,"Female"
"6018402",371849,2025-06-09 03:56:54,43.3578453063965,-8.8448371887207,"Female"
"6018402",371849,2025-06-09 04:02:00,43.3577995300293,-8.84482860565186,"Female"
"6018402",371849,2025-06-09 04:06:53,43.3434257507324,-8.84629535675049,"Female"
"6018402",371849,2025-06-09 04:11:54,43.3112373352051,-8.84782123565674,"Female"
"6018402",371849,2025-06-09 04:17:01,43.2818374633789,-8.87513065338135,"Female"
"6018402",371849,2025-06-09 04:21:53,43.2862319946289,-8.86930656433105,"Female"
"6018402",371849,2025-06-09 04:26:55,43.2818298339844,-8.85935020446777,"Female"
"6018402",371849,2025-06-09 04:31:52,43.2737770080566,-8.847900390625,"Female"
"6018402",371849,2025-06-09 04:36:55,43.2660369873047,-8.83188247680664,"Female"
"6018402",371849,2025-06-09 04:42:01,43.2660484313965,-8.8316535949707,"Female"
"6018402",371849,2025-06-09 04:46:55,43.2581939697266,-8.82265663146973,"Female"
"6018402",371849,2025-06-09 04:51:55,43.2579078674316,-8.82311725616455,"Female"
"6018402",371849,2025-06-09 04:56:53,43.2577323913574,-8.82291603088379,"Female"
"6018402",371849,2025-06-09 05:01:55,43.2564086914062,-8.82192611694336,"Female"
"6018402",371849,2025-06-09 05:07:44,43.2564926147461,-8.82216739654541,"Female"
"6018402",371849,2025-06-09 05:11:53,43.2564811706543,-8.82251262664795,"Female"
"6018402",371849,2025-06-09 05:17:11,43.2567977905273,-8.82247734069824,"Female"
"6018402",371849,2025-06-09 05:21:57,43.2573471069336,-8.82162189483643,"Female"
"6018402",371849,2025-06-09 05:26:58,43.2562484741211,-8.82244396209717,"Female"
"6018402",371849,2025-06-09 05:32:00,43.2567100524902,-8.82183265686035,"Female"
"6018402",371849,2025-06-09 05:36:57,43.2558631896973,-8.8234281539917,"Female"
"6018402",371849,2025-06-09 05:41:55,43.2552337646484,-8.8235969543457,"Female"
"6018402",371849,2025-06-09 05:47:00,43.2561798095703,-8.8239221572876,"Female"
"6018402",371849,2025-06-09 05:52:00,43.2561721801758,-8.82347106933594,"Female"
"6018402",371849,2025-06-09 05:56:58,43.2557830810547,-8.82381629943848,"Female"
"6018402",371849,2025-06-09 06:01:57,43.2559623718262,-8.82381725311279,"Female"
"6018402",371849,2025-06-09 06:07:11,43.2652206420898,-8.82615089416504,"Female"
"6018402",371849,2025-06-09 06:11:55,43.2910346984863,-8.83409881591797,"Female"
"6018402",371849,2025-06-09 06:17:00,43.3186645507812,-8.84460163116455,"Female"
"6018402",371849,2025-06-09 06:21:52,43.3429641723633,-8.8389949798584,"Female"
"6018402",371849,2025-06-09 06:26:59,43.3576850891113,-8.84465503692627,"Female"
"6018402",371849,2025-06-09 06:31:59,43.3577461242676,-8.84502410888672,"Female"
"6018402",371849,2025-06-09 06:37:11,43.3576927185059,-8.84471702575684,"Female"
"6018402",371849,2025-06-09 06:42:04,43.3577346801758,-8.84482097625732,"Female"
"6018402",371849,2025-06-09 06:47:24,43.3577156066895,-8.84491157531738,"Female"
"6018402",371849,2025-06-09 06:51:51,43.3578567504883,-8.84489631652832,"Female"
"6018402",371849,2025-06-09 06:56:52,43.357723236084,-8.84500885009766,"Female"
"6018402",371849,2025-06-09 07:01:51,43.357780456543,-8.84492683410645,"Female"
"6018402",371849,2025-06-09 07:06:58,43.3577880859375,-8.84484958648682,"Female"
"6018402",371849,2025-06-09 07:11:51,43.3577270507812,-8.84493350982666,"Female"
"6018402",371849,2025-06-09 07:16:51,43.3578224182129,-8.84497833251953,"Female"
"6018402",371849,2025-06-09 07:21:51,43.3578224182129,-8.84501457214355,"Female"
"6018402",371849,2025-06-09 07:26:52,43.3579216003418,-8.8449239730835,"Female"
"6018402",371849,2025-06-09 07:31:52,43.3579864501953,-8.84487915039062,"Female"
"6018402",371849,2025-06-09 07:36:52,43.3578796386719,-8.84489822387695,"Female"
"6018402",371849,2025-06-09 07:41:52,43.3578453063965,-8.84485721588135,"Female"
"6018402",371849,2025-06-09 07:46:54,43.3577613830566,-8.84500217437744,"Female"
"6018402",371849,2025-06-09 07:51:53,43.3578643798828,-8.84493637084961,"Female"
"6018402",371849,2025-06-09 07:56:52,43.3578567504883,-8.84498500823975,"Female"
"6018402",371849,2025-06-09 08:01:54,43.3578186035156,-8.84497451782227,"Female"
"6018402",371849,2025-06-09 08:07:23,43.3578262329102,-8.84495639801025,"Female"
"6018402",371849,2025-06-09 08:11:51,43.3578071594238,-8.84493827819824,"Female"
"6018402",371849,2025-06-09 08:16:51,43.3577919006348,-8.84492778778076,"Female"
"6018402",371849,2025-06-09 08:21:52,43.357852935791,-8.84494972229004,"Female"
"6018402",371849,2025-06-09 08:26:52,43.3578758239746,-8.8448314666748,"Female"
"6018402",371849,2025-06-09 08:31:52,43.3577651977539,-8.84489917755127,"Female"
"6018402",371849,2025-06-09 08:36:52,43.3576011657715,-8.84507846832275,"Female"
"6018402",371849,2025-06-09 08:41:52,43.3576736450195,-8.84498977661133,"Female"
"6018402",371849,2025-06-09 08:46:52,43.3577461242676,-8.84490299224854,"Female"
"6018402",371849,2025-06-09 08:51:52,43.3577499389648,-8.84492969512939,"Female"
"6018402",371849,2025-06-09 08:56:52,43.3577690124512,-8.844895362854,"Female"
"6018402",371849,2025-06-09 09:01:52,43.357723236084,-8.84494876861572,"Female"
"6018402",371849,2025-06-09 09:06:52,43.357738494873,-8.84494495391846,"Female"
"6018402",371849,2025-06-09 09:11:52,43.3575668334961,-8.8450231552124,"Female"
"6018402",371849,2025-06-09 09:16:52,43.3575897216797,-8.84504127502441,"Female"
"6018402",371849,2025-06-09 09:21:52,43.3576812744141,-8.84494304656982,"Female"
"6018402",371849,2025-06-09 09:26:52,43.3577461242676,-8.84493923187256,"Female"
"6018402",371849,2025-06-09 09:31:52,43.3575744628906,-8.84497356414795,"Female"
"6018402",371849,2025-06-09 09:36:52,43.3576507568359,-8.84495544433594,"Female"
"6018402",371849,2025-06-09 09:41:52,43.3575477600098,-8.84495830535889,"Female"
"6018402",371849,2025-06-09 09:46:52,43.3573532104492,-8.8448486328125,"Female"
"6018402",371849,2025-06-09 09:51:52,43.3577423095703,-8.84489631652832,"Female"
"6018402",371849,2025-06-09 09:56:54,43.3574409484863,-8.84485626220703,"Female"
"6018402",371849,2025-06-09 10:01:55,43.358154296875,-8.84517574310303,"Female"
"6018402",371849,2025-06-09 10:06:54,43.3574638366699,-8.84463977813721,"Female"
"6018402",371849,2025-06-09 10:11:58,43.3578643798828,-8.84502792358398,"Female"
"6018402",371849,2025-06-09 10:16:52,43.3579063415527,-8.84511661529541,"Female"
"6018402",371849,2025-06-09 10:21:58,43.3577766418457,-8.84498405456543,"Female"
"6018402",371849,2025-06-09 10:26:54,43.3578491210938,-8.84510231018066,"Female"
"6018402",371849,2025-06-09 10:31:54,43.3578147888184,-8.84510040283203,"Female"
"6018402",371849,2025-06-09 10:36:52,43.357852935791,-8.84511947631836,"Female"
"6018402",371849,2025-06-09 10:42:23,43.3579559326172,-8.84501075744629,"Female"
"6018402",371849,2025-06-09 10:46:52,43.3580055236816,-8.84505176544189,"Female"
"6018402",371849,2025-06-09 10:51:53,43.3579368591309,-8.84501934051514,"Female"
"6018402",371849,2025-06-09 10:56:52,43.3550148010254,-8.84336280822754,"Female"
"6018402",371849,2025-06-09 11:01:52,43.3259696960449,-8.82989501953125,"Female"
"6018402",371849,2025-06-09 11:06:52,43.3174934387207,-8.83934211730957,"Female"
"6018402",371849,2025-06-09 11:12:23,43.3174591064453,-8.83901596069336,"Female"
"6018402",371849,2025-06-09 11:16:52,43.3175086975098,-8.83885478973389,"Female"
"6018402",371849,2025-06-09 11:21:52,43.3176002502441,-8.83917617797852,"Female"
"6018402",371849,2025-06-09 11:26:52,43.318042755127,-8.8402042388916,"Female"
"6018402",371849,2025-06-09 11:31:51,43.3178825378418,-8.83973979949951,"Female"
"6018402",371849,2025-06-09 11:36:57,43.3173866271973,-8.83918476104736,"Female"
"6018402",371849,2025-06-09 11:41:53,43.3173904418945,-8.83880138397217,"Female"
"6018402",371849,2025-06-09 11:46:58,43.3169937133789,-8.82905769348145,"Female"
"6018402",371849,2025-06-09 11:51:55,43.3170280456543,-8.8291654586792,"Female"
"6018402",371849,2025-06-09 11:56:52,43.3173484802246,-8.82757186889648,"Female"
"6018402",371849,2025-06-09 12:01:52,43.3047142028809,-8.81721115112305,"Female"
"6018402",371849,2025-06-09 12:06:55,43.2961502075195,-8.79629993438721,"Female"
"6018402",371849,2025-06-09 12:11:52,43.2958679199219,-8.79644203186035,"Female"
"6018402",371849,2025-06-09 12:16:52,43.2962684631348,-8.79659175872803,"Female"
"6018402",371849,2025-06-09 12:21:54,43.2959327697754,-8.79668235778809,"Female"
"6018402",371849,2025-06-09 12:27:00,43.2961273193359,-8.79662895202637,"Female"
"6018402",371849,2025-06-09 12:31:59,43.2959480285645,-8.79690647125244,"Female"
"6018402",371849,2025-06-09 12:36:53,43.2960891723633,-8.79696464538574,"Female"
"6018402",371849,2025-06-09 12:41:56,43.2961082458496,-8.79708862304688,"Female"
"6018402",371849,2025-06-09 12:46:58,43.2964477539062,-8.79684066772461,"Female"
"6018402",371849,2025-06-09 12:51:52,43.2982711791992,-8.79633617401123,"Female"
"6018402",371849,2025-06-09 12:57:01,43.3187675476074,-8.80659580230713,"Female"
"6018402",371849,2025-06-09 13:02:14,43.3454208374023,-8.83551788330078,"Female"
"6018402",371849,2025-06-09 13:06:54,43.3580894470215,-8.84501171112061,"Female"
"6018402",371849,2025-06-09 13:12:02,43.357837677002,-8.84469795227051,"Female"
"6018402",371849,2025-06-09 13:16:55,43.3578300476074,-8.84457874298096,"Female"
"6018402",371849,2025-06-09 13:21:55,43.3578300476074,-8.84475612640381,"Female"
"6018402",371849,2025-06-09 13:27:01,43.3578643798828,-8.84473991394043,"Female"
"6018402",371849,2025-06-09 13:32:04,43.3578262329102,-8.84479522705078,"Female"
"6018402",371849,2025-06-09 13:37:07,43.3578720092773,-8.84471416473389,"Female"
"6018402",371849,2025-06-09 13:42:01,43.3579444885254,-8.84463691711426,"Female"
"6018402",371849,2025-06-09 13:47:23,43.3577003479004,-8.84487819671631,"Female"
"6018402",371849,2025-06-09 13:51:52,43.3576507568359,-8.84493255615234,"Female"
"6018402",371849,2025-06-09 13:56:53,43.3576507568359,-8.84497261047363,"Female"
"6018402",371849,2025-06-09 14:01:53,43.3576393127441,-8.84494972229004,"Female"
"6018402",371849,2025-06-09 14:06:57,43.3577194213867,-8.8449239730835,"Female"
"6018402",371849,2025-06-09 14:11:52,43.3578071594238,-8.84493160247803,"Female"
"6018402",371849,2025-06-09 14:16:53,43.357738494873,-8.8449125289917,"Female"
"6018402",371849,2025-06-09 14:21:53,43.3576583862305,-8.84494972229004,"Female"
"6018402",371849,2025-06-09 14:26:54,43.3573951721191,-8.84486293792725,"Female"
"6018402",371849,2025-06-09 14:31:51,43.3576278686523,-8.8449010848999,"Female"
"6018402",371849,2025-06-09 14:36:52,43.3577156066895,-8.84489631652832,"Female"
"6018402",371849,2025-06-09 14:41:52,43.3577461242676,-8.84486770629883,"Female"
"6018402",371849,2025-06-09 14:46:55,43.3577919006348,-8.8449068069458,"Female"
"6018402",371849,2025-06-09 14:51:54,43.3577728271484,-8.84489440917969,"Female"
"6018402",371849,2025-06-09 14:56:54,43.3577117919922,-8.84482479095459,"Female"
"6018402",371849,2025-06-09 15:01:54,43.3576240539551,-8.84477519989014,"Female"
"6018402",371849,2025-06-09 15:06:53,43.3577575683594,-8.84487342834473,"Female"
"6018402",371849,2025-06-09 15:11:54,43.3577613830566,-8.84491443634033,"Female"
"6018402",371849,2025-06-09 15:16:53,43.3578147888184,-8.84489727020264,"Female"
"6018402",371849,2025-06-09 15:21:53,43.3577499389648,-8.84493541717529,"Female"
"6018402",371849,2025-06-09 15:26:52,43.3577880859375,-8.84493827819824,"Female"
"6018402",371849,2025-06-09 15:31:53,43.3577651977539,-8.84491348266602,"Female"
"6018402",371849,2025-06-09 15:36:52,43.3577423095703,-8.84486961364746,"Female"
"6018402",371849,2025-06-09 15:42:14,43.3578186035156,-8.84493064880371,"Female"
"6018402",371849,2025-06-09 15:46:52,43.3577690124512,-8.84488105773926,"Female"
"6018402",371849,2025-06-09 15:51:52,43.3579292297363,-8.84498405456543,"Female"
"6018402",371849,2025-06-09 15:56:53,43.3578720092773,-8.84505558013916,"Female"
"6018402",371849,2025-06-09 16:01:53,43.3510055541992,-8.84194374084473,"Female"
"6018402",371849,2025-06-09 16:06:54,43.3320121765137,-8.8351936340332,"Female"
"6018402",371849,2025-06-09 16:11:59,43.3199501037598,-8.8388204574585,"Female"
"6018402",371849,2025-06-09 16:16:54,43.3198204040527,-8.83876419067383,"Female"
"6018402",371849,2025-06-09 16:21:55,43.319766998291,-8.83851051330566,"Female"
"6018402",371849,2025-06-09 16:26:52,43.3189849853516,-8.83794593811035,"Female"
"6018402",371849,2025-06-09 16:32:14,43.3197059631348,-8.83852195739746,"Female"
"6018402",371849,2025-06-09 16:36:53,43.3197059631348,-8.83853435516357,"Female"
"6018402",371849,2025-06-09 16:41:54,43.3196334838867,-8.83834838867188,"Female"
"6018402",371849,2025-06-09 16:46:52,43.3196029663086,-8.83847713470459,"Female"
"6018402",371849,2025-06-09 16:51:52,43.3198089599609,-8.83862590789795,"Female"
"6018402",371849,2025-06-09 16:57:07,43.3350563049316,-8.83139038085938,"Female"
"6018402",371849,2025-06-09 17:01:52,43.3546714782715,-8.84482955932617,"Female"
"6018402",371849,2025-06-09 17:07:19,43.3575859069824,-8.84439373016357,"Female"
"6018402",371849,2025-06-09 17:12:09,43.3574676513672,-8.84393787384033,"Female"
"6018402",371849,2025-06-09 17:17:23,43.3577651977539,-8.84500694274902,"Female"
"6018402",371849,2025-06-09 17:21:54,43.3581771850586,-8.84583568572998,"Female"
"6018402",371849,2025-06-09 17:26:57,43.3577423095703,-8.84498500823975,"Female"
"6018402",371849,2025-06-09 17:31:57,43.3577651977539,-8.84500312805176,"Female"
"6018402",371849,2025-06-09 17:36:57,43.3577919006348,-8.84501838684082,"Female"
"6018402",371849,2025-06-09 17:41:55,43.3577995300293,-8.84499835968018,"Female"
"6018402",371849,2025-06-09 17:47:14,43.3577690124512,-8.84514045715332,"Female"
"6018402",371849,2025-06-09 17:52:23,43.3577270507812,-8.84507751464844,"Female"
"6018402",371849,2025-06-09 17:56:54,43.3581085205078,-8.84536457061768,"Female"
"6018402",371849,2025-06-09 18:02:23,43.357780456543,-8.84494018554688,"Female"
"6018402",371849,2025-06-09 18:06:52,43.357795715332,-8.84485530853271,"Female"
"6018402",371849,2025-06-09 18:11:52,43.3577919006348,-8.84492683410645,"Female"
"6018402",371849,2025-06-09 18:16:52,43.3577919006348,-8.84489917755127,"Female"
"6018402",371849,2025-06-09 18:21:51,43.3578071594238,-8.84488296508789,"Female"
"6018402",371849,2025-06-09 18:26:53,43.3578071594238,-8.8449182510376,"Female"
"6018402",371849,2025-06-09 18:31:54,43.3578491210938,-8.84484672546387,"Female"
"6018402",371849,2025-06-09 18:36:54,43.3577995300293,-8.84489822387695,"Female"
"6018402",371849,2025-06-09 18:41:54,43.3578414916992,-8.84491062164307,"Female"
"6018402",371849,2025-06-09 18:46:54,43.3577575683594,-8.84505176544189,"Female"
"6018402",371849,2025-06-09 18:51:54,43.3578033447266,-8.8449010848999,"Female"
"6018402",371849,2025-06-09 18:56:54,43.3577995300293,-8.84493541717529,"Female"
"6018402",371849,2025-06-09 19:01:54,43.357780456543,-8.84497261047363,"Female"
"6018402",371849,2025-06-09 19:06:54,43.3449935913086,-8.84085464477539,"Female"
"6018402",371849,2025-06-09 19:11:54,43.3192253112793,-8.83929061889648,"Female"
"6018402",371849,2025-06-09 19:16:54,43.3196716308594,-8.83823680877686,"Female"
"6018402",371849,2025-06-09 19:21:54,43.3177185058594,-8.84006786346436,"Female"
"6018402",371849,2025-06-09 19:26:54,43.3198165893555,-8.83859252929688,"Female"
"6018402",371849,2025-06-09 19:31:54,43.3198013305664,-8.83846092224121,"Female"
"6018402",371849,2025-06-09 19:36:54,43.3199501037598,-8.83894443511963,"Female"
"6018402",371849,2025-06-09 19:41:54,43.3199882507324,-8.83897018432617,"Female"
"6018402",371849,2025-06-09 19:46:54,43.3196601867676,-8.83831024169922,"Female"
"6018402",371849,2025-06-09 19:51:55,43.3195152282715,-8.8397216796875,"Female"
"6018402",371849,2025-06-09 19:56:58,43.3196830749512,-8.84716510772705,"Female"
"6018402",371849,2025-06-09 20:01:55,43.3197288513184,-8.84718799591064,"Female"
"6018402",371849,2025-06-09 20:06:57,43.335807800293,-8.84777450561523,"Female"
"6018402",371849,2025-06-09 20:12:01,43.354248046875,-8.84837245941162,"Female"
"6018402",371849,2025-06-09 20:17:14,43.3577842712402,-8.84490013122559,"Female"
"6018402",371849,2025-06-09 20:22:00,43.3577880859375,-8.84481525421143,"Female"
"6018402",371849,2025-06-09 20:26:55,43.357738494873,-8.84465408325195,"Female"
"6018402",371849,2025-06-09 20:31:55,43.3577613830566,-8.84496212005615,"Female"
"6018402",371849,2025-06-09 20:36:57,43.3577919006348,-8.844970703125,"Female"
"6018402",371849,2025-06-09 20:41:57,43.3577728271484,-8.8448543548584,"Female"
"6018402",371849,2025-06-09 20:47:29,43.3577537536621,-8.84494018554688,"Female"
"6018402",371849,2025-06-09 20:51:54,43.3577766418457,-8.84491539001465,"Female"
"6018402",371849,2025-06-09 20:56:54,43.3578262329102,-8.84486865997314,"Female"
"6018402",371849,2025-06-09 21:01:53,43.3577919006348,-8.84492778778076,"Female"
"6018402",371849,2025-06-09 21:06:53,43.3578720092773,-8.84481811523438,"Female"
"6018402",371849,2025-06-09 21:11:53,43.3577194213867,-8.84491729736328,"Female"
"6018402",371849,2025-06-09 21:16:54,43.3578186035156,-8.84483337402344,"Female"
"6018402",371849,2025-06-09 21:21:53,43.3578071594238,-8.84491157531738,"Female"
"6018402",371849,2025-06-09 21:26:53,43.3577651977539,-8.84492111206055,"Female"
"6018402",371849,2025-06-09 21:31:54,43.3578186035156,-8.844895362854,"Female"
"6018402",371849,2025-06-09 21:36:53,43.357852935791,-8.84487724304199,"Female"
"6018402",371849,2025-06-09 21:41:53,43.3577842712402,-8.84489250183105,"Female"
"6018402",371849,2025-06-09 21:46:53,43.3578262329102,-8.84485626220703,"Female"
"6018402",371849,2025-06-09 21:51:54,43.3577880859375,-8.84493255615234,"Female"
"6018402",371849,2025-06-09 21:56:53,43.3578300476074,-8.84483528137207,"Female"
"6018402",371849,2025-06-09 22:01:53,43.3577842712402,-8.84492778778076,"Female"
"6018402",371849,2025-06-09 22:06:54,43.3579063415527,-8.84498500823975,"Female"
"6018402",371849,2025-06-09 22:11:55,43.3578338623047,-8.84488105773926,"Female"
"6018402",371849,2025-06-09 22:16:56,43.3578300476074,-8.84487056732178,"Female"
"6018402",371849,2025-06-09 22:21:55,43.3578910827637,-8.84496784210205,"Female"
"6018402",371849,2025-06-09 22:26:56,43.3577766418457,-8.84483242034912,"Female"
"6018402",371849,2025-06-09 22:31:58,43.3577842712402,-8.8448543548584,"Female"
"6018402",371849,2025-06-09 22:36:58,43.3581275939941,-8.84525680541992,"Female"
"6018402",371849,2025-06-09 22:41:57,43.3577995300293,-8.84496784210205,"Female"
"6018402",371849,2025-06-09 22:47:07,43.3578147888184,-8.84488010406494,"Female"
"6018402",371849,2025-06-09 22:51:56,43.3579025268555,-8.84502983093262,"Female"
"6018402",371849,2025-06-09 22:57:07,43.3578681945801,-8.84493064880371,"Female"
"6018402",371849,2025-06-09 23:02:07,43.3579177856445,-8.8449821472168,"Female"
"6018402",371849,2025-06-09 23:06:59,43.3578414916992,-8.84488296508789,"Female"
"6018402",371849,2025-06-09 23:12:08,43.3577995300293,-8.84494113922119,"Female"
"6018402",371849,2025-06-09 23:16:54,43.3577613830566,-8.84494686126709,"Female"
"6018402",371849,2025-06-09 23:22:07,43.3578147888184,-8.84480857849121,"Female"
"6018402",371849,2025-06-09 23:27:01,43.3578643798828,-8.84495544433594,"Female"
"6018402",371849,2025-06-09 23:32:07,43.357780456543,-8.84477233886719,"Female"
"6018402",371849,2025-06-09 23:36:59,43.3577194213867,-8.84476089477539,"Female"
"6018402",371849,2025-06-09 23:42:01,43.357608795166,-8.84543895721436,"Female"
"6018402",371849,2025-06-09 23:47:07,43.3576927185059,-8.84534549713135,"Female"
"6018402",371849,2025-06-09 23:52:00,43.3574523925781,-8.84703540802002,"Female"
"6018402",371849,2025-06-09 23:57:15,43.3577766418457,-8.84472751617432,"Female"
"6018402",371849,2025-06-10 00:02:06,43.357723236084,-8.84462642669678,"Female"
"6018402",371849,2025-06-10 00:07:06,43.3577613830566,-8.84414196014404,"Female"
"6018402",371849,2025-06-10 00:11:59,43.3579177856445,-8.8466796875,"Female"
"6018402",371849,2025-06-10 00:16:58,43.3578681945801,-8.8468074798584,"Female"
"6018402",371849,2025-06-10 00:21:56,43.3577690124512,-8.84484100341797,"Female"
"6018402",371849,2025-06-10 00:27:04,43.3577270507812,-8.84518432617188,"Female"
"6018402",371849,2025-06-10 00:32:07,43.3579025268555,-8.84563255310059,"Female"
"6018402",371849,2025-06-10 00:37:11,43.3576965332031,-8.8449592590332,"Female"
"6018402",371849,2025-06-10 00:42:01,43.3577194213867,-8.84490203857422,"Female"
"6018402",371849,2025-06-10 00:47:07,43.3576812744141,-8.84497547149658,"Female"
"6018402",371849,2025-06-10 00:52:07,43.3576850891113,-8.84502124786377,"Female"
"6018402",371849,2025-06-10 00:57:06,43.357723236084,-8.84506797790527,"Female"
"6018402",371849,2025-06-10 01:02:06,43.3577461242676,-8.8450984954834,"Female"
"6018402",371849,2025-06-10 01:07:03,43.3577651977539,-8.84506511688232,"Female"
"6018402",371849,2025-06-10 01:12:06,43.3577766418457,-8.84533214569092,"Female"
"6018402",371849,2025-06-10 01:17:06,43.3577575683594,-8.84528255462646,"Female"
"6018402",371849,2025-06-10 01:22:03,43.3577766418457,-8.84542274475098,"Female"
"6018402",371849,2025-06-10 01:27:06,43.3577346801758,-8.84563732147217,"Female"
"6018402",371849,2025-06-10 01:32:28,43.3575744628906,-8.84577083587646,"Female"
"6018402",371849,2025-06-10 01:36:56,43.3572273254395,-8.84478950500488,"Female"
"6018402",371849,2025-06-10 01:41:57,43.3571662902832,-8.84471797943115,"Female"
"6018402",371849,2025-06-10 01:47:18,43.3582801818848,-8.84400749206543,"Female"
"6018402",371849,2025-06-10 01:51:56,43.3580894470215,-8.84415245056152,"Female"
"6018402",371849,2025-06-10 01:57:06,43.3582458496094,-8.8443078994751,"Female"
"6018402",371849,2025-06-10 02:01:57,43.3583641052246,-8.84460258483887,"Female"
"6018402",371849,2025-06-10 02:07:07,43.3579750061035,-8.84476280212402,"Female"
"6018402",371849,2025-06-10 02:12:06,43.358039855957,-8.84479713439941,"Female"
"6018402",371849,2025-06-10 02:17:06,43.3581886291504,-8.84477996826172,"Female"
"6018402",371849,2025-06-10 02:22:06,43.3579330444336,-8.84484672546387,"Female"
"6018402",371849,2025-06-10 02:27:06,43.3580856323242,-8.84481620788574,"Female"
"6018402",371849,2025-06-10 02:32:15,43.3579216003418,-8.84488868713379,"Female"
"6018402",371849,2025-06-10 02:36:57,43.3579597473145,-8.8448543548584,"Female"
"6018402",371849,2025-06-10 02:41:58,43.3579597473145,-8.84491539001465,"Female"
"6018402",371849,2025-06-10 02:46:56,43.3578948974609,-8.84491157531738,"Female"
"6018402",371849,2025-06-10 02:51:57,43.3578948974609,-8.84490966796875,"Female"
"6018402",371849,2025-06-10 02:56:54,43.3579559326172,-8.84489154815674,"Female"
"6018402",371849,2025-06-10 03:01:54,43.3578796386719,-8.84485816955566,"Female"
"6018402",371849,2025-06-10 03:06:54,43.3578147888184,-8.84490203857422,"Female"
"6018402",371849,2025-06-10 03:11:57,43.3578567504883,-8.84487533569336,"Female"
"6018402",371849,2025-06-10 03:16:53,43.3578224182129,-8.84490203857422,"Female"
"6018402",371849,2025-06-10 03:21:59,43.3577690124512,-8.84481430053711,"Female"
"6018402",371849,2025-06-10 03:26:59,43.3578720092773,-8.84490776062012,"Female"
"6018402",371849,2025-06-10 03:32:15,43.3578453063965,-8.84487056732178,"Female"
"6018402",371849,2025-06-10 03:36:58,43.3578720092773,-8.84482288360596,"Female"
"6018402",371849,2025-06-10 03:41:54,43.3578834533691,-8.84483337402344,"Female"
"6018402",371849,2025-06-10 03:46:54,43.3578147888184,-8.84477710723877,"Female"
"6018402",371849,2025-06-10 03:51:54,43.3579025268555,-8.84489631652832,"Female"
"6018402",371849,2025-06-10 03:57:06,43.3578491210938,-8.84509372711182,"Female"
"6018402",371849,2025-06-10 04:02:08,43.3578224182129,-8.84513187408447,"Female"
"6018402",371849,2025-06-10 04:07:09,43.3537063598633,-8.84261131286621,"Female"
"6018402",371849,2025-06-10 04:12:00,43.3418159484863,-8.83148670196533,"Female"
"6018402",371849,2025-06-10 04:16:56,43.3054351806641,-8.83859157562256,"Female"
"6018402",371849,2025-06-10 04:21:57,43.2939949035645,-8.83956050872803,"Female"
"6018402",371849,2025-06-10 04:26:57,43.2939491271973,-8.83953475952148,"Female"
"6018402",371849,2025-06-10 04:32:49,43.2920227050781,-8.83736133575439,"Female"
"6018402",371849,2025-06-10 04:36:55,43.266960144043,-8.83196830749512,"Female"
"6018402",371849,2025-06-10 04:41:58,43.2519607543945,-8.82267761230469,"Female"
"6018402",371849,2025-06-10 04:46:57,43.2529563903809,-8.82016277313232,"Female"
"6018402",371849,2025-06-10 04:51:54,43.2529792785645,-8.82099628448486,"Female"
"6018402",371849,2025-06-10 04:57:00,43.2538566589355,-8.82039833068848,"Female"
"6018402",371849,2025-06-10 05:02:01,43.2536544799805,-8.8207426071167,"Female"
"6018402",371849,2025-06-10 05:07:29,43.2538375854492,-8.82007884979248,"Female"
"6018402",371849,2025-06-10 05:11:54,43.2536392211914,-8.82094860076904,"Female"
"6018402",371849,2025-06-10 05:16:56,43.2536926269531,-8.82036399841309,"Female"
"6018402",371849,2025-06-10 05:21:59,43.2534599304199,-8.82128238677979,"Female"
"6018402",371849,2025-06-10 05:26:57,43.2566146850586,-8.82186126708984,"Female"
"6018402",371849,2025-06-10 05:32:35,43.2721939086914,-8.8297119140625,"Female"
"6018402",371849,2025-06-10 05:36:53,43.2933311462402,-8.8340950012207,"Female"
"6018402",371849,2025-06-10 05:41:53,43.3211631774902,-8.84248447418213,"Female"
"6018402",371849,2025-06-10 05:46:53,43.3465995788574,-8.85017681121826,"Female"
"6018402",371849,2025-06-10 05:51:53,43.3577880859375,-8.84491348266602,"Female"
"6018402",371849,2025-06-10 05:56:53,43.3577995300293,-8.84487438201904,"Female"
"6018402",371849,2025-06-10 06:01:53,43.3577728271484,-8.84493064880371,"Female"
"6018402",371849,2025-06-10 06:06:53,43.3577728271484,-8.84489822387695,"Female"
"6018402",371849,2025-06-10 06:11:53,43.3577842712402,-8.84493064880371,"Female"
"6018402",371849,2025-06-10 06:16:53,43.357780456543,-8.84492588043213,"Female"
"6018402",371849,2025-06-10 06:21:53,43.3578224182129,-8.8449125289917,"Female"
"6018402",371849,2025-06-10 06:26:53,43.3577499389648,-8.84486675262451,"Female"
"6018402",371849,2025-06-10 06:31:54,43.3576431274414,-8.84494972229004,"Female"
"6018402",371849,2025-06-10 06:36:55,43.3576965332031,-8.84493827819824,"Female"
"6018402",371849,2025-06-10 06:41:58,43.3577346801758,-8.84484004974365,"Female"
"6018402",371849,2025-06-10 06:47:00,43.3577270507812,-8.84484481811523,"Female"
"6018402",371849,2025-06-10 06:51:58,43.3575248718262,-8.84474563598633,"Female"
"6018402",371849,2025-06-10 06:56:56,43.3570213317871,-8.84453105926514,"Female"
"6018402",371849,2025-06-10 07:02:00,43.3524398803711,-8.84119892120361,"Female"
"6018402",371849,2025-06-10 07:07:00,43.3572959899902,-8.84443092346191,"Female"
"6018402",371849,2025-06-10 07:11:54,43.3527221679688,-8.84120655059814,"Female"
"6018402",371849,2025-06-10 07:16:55,43.329833984375,-8.83144950866699,"Female"
"6018402",371849,2025-06-10 07:21:54,43.3064880371094,-8.83816146850586,"Female"
"6018402",371849,2025-06-10 07:26:54,43.2900161743164,-8.83368110656738,"Female"
"6018402",371849,2025-06-10 07:31:59,43.2816123962402,-8.82383441925049,"Female"
"6018402",371849,2025-06-10 07:36:59,43.2794990539551,-8.81824588775635,"Female"
"6018402",371849,2025-06-10 07:41:59,43.2796592712402,-8.81839847564697,"Female"
"6018402",371849,2025-06-10 07:46:58,43.2795639038086,-8.81861209869385,"Female"
"6018402",371849,2025-06-10 07:51:57,43.2731552124023,-8.81557559967041,"Female"
"6018402",371849,2025-06-10 07:57:07,43.2526245117188,-8.79730987548828,"Female"
"6018402",371849,2025-06-10 08:01:59,43.2370262145996,-8.80212497711182,"Female"
"6018402",371849,2025-06-10 08:06:59,43.2337875366211,-8.80109882354736,"Female"
"6018402",371849,2025-06-10 08:12:29,43.2387466430664,-8.80994415283203,"Female"
"6018402",371849,2025-06-10 08:16:53,43.2439422607422,-8.80516147613525,"Female"
"6018402",371849,2025-06-10 08:21:53,43.2472534179688,-8.79343700408936,"Female"
"6018402",371849,2025-06-10 08:26:53,43.250171661377,-8.78803730010986,"Female"
"6018402",371849,2025-06-10 08:31:53,43.267448425293,-8.77890300750732,"Female"
"6018402",371849,2025-06-10 08:36:54,43.283576965332,-8.78576946258545,"Female"
"6018402",371849,2025-06-10 08:41:53,43.2957649230957,-8.79944896697998,"Female"
"6018402",371849,2025-06-10 08:46:53,43.3081359863281,-8.81575965881348,"Female"
"6018402",371849,2025-06-10 08:51:53,43.3144302368164,-8.83999443054199,"Female"
"6018402",371849,2025-06-10 08:56:53,43.3178482055664,-8.83919620513916,"Female"
"6018402",371849,2025-06-10 09:01:53,43.3179016113281,-8.84013557434082,"Female"
"6018402",371849,2025-06-10 09:06:53,43.3176040649414,-8.83997249603271,"Female"
"6018402",371849,2025-06-10 09:11:54,43.3173751831055,-8.83976554870605,"Female"
"6018402",371849,2025-06-10 09:16:53,43.3173904418945,-8.83978176116943,"Female"
"6018402",371849,2025-06-10 09:21:53,43.3194007873535,-8.84130859375,"Female"
"6018402",371849,2025-06-10 09:26:54,43.3199310302734,-8.83874988555908,"Female"
"6018402",371849,2025-06-10 09:31:53,43.3198699951172,-8.8384428024292,"Female"
"6018402",371849,2025-06-10 09:36:54,43.3307609558105,-8.85127449035645,"Female"
"6018402",371849,2025-06-10 09:41:53,43.3489303588867,-8.85078716278076,"Female"
"6018402",371849,2025-06-10 09:46:54,43.3576736450195,-8.8449125289917,"Female"
"6018402",371849,2025-06-10 09:51:53,43.357795715332,-8.84491920471191,"Female"
"6018402",371849,2025-06-10 09:56:55,43.3578147888184,-8.84502029418945,"Female"
"6018402",371849,2025-06-10 10:02:14,43.3578414916992,-8.84487247467041,"Female"
"6018402",371849,2025-06-10 10:06:57,43.3576736450195,-8.84493541717529,"Female"
"6018402",371849,2025-06-10 10:11:57,43.3577690124512,-8.84488105773926,"Female"
"6018402",371849,2025-06-10 10:16:57,43.3578491210938,-8.84478855133057,"Female"
"6018402",371849,2025-06-10 10:21:57,43.3579025268555,-8.84493255615234,"Female"
"6018402",371849,2025-06-10 10:27:00,43.3578224182129,-8.84498500823975,"Female"
"6018402",371849,2025-06-10 10:32:06,43.3578681945801,-8.84467029571533,"Female"
"6018402",371849,2025-06-10 10:37:11,43.3578109741211,-8.84477519989014,"Female"
"6018402",371849,2025-06-10 10:41:54,43.3578834533691,-8.84483051300049,"Female"
"6018402",371849,2025-06-10 10:46:55,43.3578071594238,-8.84477996826172,"Female"
"6018402",371849,2025-06-10 10:52:05,43.3578224182129,-8.84482765197754,"Female"
"6018402",371849,2025-06-10 10:57:05,43.357795715332,-8.84482002258301,"Female"
"6018402",371849,2025-06-10 11:02:06,43.3578605651855,-8.84469413757324,"Female"
"6018402",371849,2025-06-10 11:06:56,43.3578224182129,-8.8450174331665,"Female"
"6018402",371849,2025-06-10 11:11:54,43.3578453063965,-8.84504413604736,"Female"
"6018402",371849,2025-06-10 11:16:59,43.3576278686523,-8.844895362854,"Female"
"6018402",371849,2025-06-10 11:22:00,43.3577117919922,-8.84482765197754,"Female"
"6018402",371849,2025-06-10 11:27:03,43.3575439453125,-8.84550094604492,"Female"
"6018402",371849,2025-06-10 11:32:06,43.3576469421387,-8.84581184387207,"Female"
"6018402",371849,2025-06-10 11:37:09,43.357723236084,-8.84602928161621,"Female"
"6018402",371849,2025-06-10 11:42:11,43.357723236084,-8.84631156921387,"Female"
"6018402",371849,2025-06-10 11:47:06,43.3577117919922,-8.84631061553955,"Female"
"6018402",371849,2025-06-10 11:52:07,43.3576354980469,-8.84623146057129,"Female"
"6018402",371849,2025-06-10 11:57:01,43.3578491210938,-8.84659957885742,"Female"
"6018402",371849,2025-06-10 12:02:05,43.3578147888184,-8.84667778015137,"Female"
"6018402",371849,2025-06-10 12:07:07,43.3578872680664,-8.84680843353271,"Female"
"6018402",371849,2025-06-10 12:12:14,43.3609390258789,-8.84347724914551,"Female"
"6018402",371849,2025-06-10 12:17:13,43.357967376709,-8.84442901611328,"Female"
"6018402",371849,2025-06-10 12:22:00,43.3566474914551,-8.84524726867676,"Female"
"6018402",371849,2025-06-10 12:27:07,43.3575859069824,-8.84502220153809,"Female"
"6018402",371849,2025-06-10 12:32:27,43.3577842712402,-8.844895362854,"Female"
"6018402",371849,2025-06-10 12:36:54,43.3578033447266,-8.84488391876221,"Female"
"6018402",371849,2025-06-10 12:41:54,43.3577919006348,-8.84494304656982,"Female"
"6018402",371849,2025-06-10 12:46:54,43.3578186035156,-8.84493637084961,"Female"
"6018402",371849,2025-06-10 12:51:56,43.3578300476074,-8.84490013122559,"Female"
"6018402",371849,2025-06-10 12:56:55,43.3578567504883,-8.84483051300049,"Female"
"6018402",371849,2025-06-10 13:01:56,43.3578681945801,-8.84491348266602,"Female"
"6018402",371849,2025-06-10 13:06:54,43.3578643798828,-8.84489440917969,"Female"
"6018402",371849,2025-06-10 13:11:54,43.3579025268555,-8.84494018554688,"Female"
"6018402",371849,2025-06-10 13:16:53,43.3579978942871,-8.84485244750977,"Female"
"6018402",371849,2025-06-10 13:21:54,43.3580207824707,-8.84484100341797,"Female"
"6018402",371849,2025-06-10 13:26:54,43.3580131530762,-8.84484386444092,"Female"
"6018402",371849,2025-06-10 13:31:54,43.3579406738281,-8.844895362854,"Female"
"6018402",371849,2025-06-10 13:36:55,43.3581199645996,-8.84483814239502,"Female"
"6018402",371849,2025-06-10 13:41:54,43.3579559326172,-8.84492015838623,"Female"
"6018402",371849,2025-06-10 13:46:55,43.3579940795898,-8.84486865997314,"Female"
"6018402",371849,2025-06-10 13:51:55,43.3580131530762,-8.84496402740479,"Female"
"6018402",371849,2025-06-10 13:56:54,43.3579864501953,-8.84495067596436,"Female"
"6018402",371849,2025-06-10 14:01:54,43.35791015625,-8.84495162963867,"Female"
"6018402",371849,2025-06-10 14:06:55,43.3578720092773,-8.84490013122559,"Female"
"6018402",371849,2025-06-10 14:11:55,43.3579025268555,-8.84495258331299,"Female"
"6018402",371849,2025-06-10 14:16:54,43.3578872680664,-8.84494781494141,"Female"
"6018402",371849,2025-06-10 14:21:54,43.3435249328613,-8.84105777740479,"Female"
"6018402",371849,2025-06-10 14:26:54,43.3158798217773,-8.82840824127197,"Female"
"6018402",371849,2025-06-10 14:31:57,43.3137321472168,-8.82207489013672,"Female"
"6018402",371849,2025-06-10 14:36:53,43.3114967346191,-8.84096908569336,"Female"
"6018402",371849,2025-06-10 14:41:54,43.2854537963867,-8.85634136199951,"Female"
"6018402",371849,2025-06-10 14:46:56,43.2778816223145,-8.82530975341797,"Female"
"6018402",371849,2025-06-10 14:51:55,43.278980255127,-8.82456016540527,"Female"
"6018402",371849,2025-06-10 14:57:03,43.2834892272949,-8.81147861480713,"Female"
"6018402",371849,2025-06-10 15:01:54,43.3002433776855,-8.80379390716553,"Female"
"6018402",371849,2025-06-10 15:06:57,43.3163414001465,-8.82915782928467,"Female"
"6018402",371849,2025-06-10 15:11:55,43.3203964233398,-8.8380069732666,"Female"
"6018402",371849,2025-06-10 15:16:54,43.3191833496094,-8.83928298950195,"Female"
"6018402",371849,2025-06-10 15:21:56,43.3174018859863,-8.83965587615967,"Female"
"6018402",371849,2025-06-10 15:27:06,43.3172836303711,-8.8395528793335,"Female"
"6018402",371849,2025-06-10 15:32:06,43.3171806335449,-8.83954334259033,"Female"
"6018402",371849,2025-06-10 15:37:06,43.3172073364258,-8.8397274017334,"Female"
"6018402",371849,2025-06-10 15:42:07,43.3033447265625,-8.84096431732178,"Female"
"6018402",371849,2025-06-10 15:47:06,43.2893333435059,-8.83573722839355,"Female"
"6018402",371849,2025-06-10 15:52:07,43.282096862793,-8.83283710479736,"Female"
"6018402",371849,2025-06-10 15:57:06,43.2671585083008,-8.83985996246338,"Female"
"6018402",371849,2025-06-10 16:02:14,43.2520599365234,-8.8200798034668,"Female"
"6018402",371849,2025-06-10 16:07:29,43.2260437011719,-8.79406452178955,"Female"
"6018402",371849,2025-06-10 16:11:56,43.220157623291,-8.78963184356689,"Female"
"6018402",371849,2025-06-10 16:16:56,43.219783782959,-8.78914546966553,"Female"
"6018402",371849,2025-06-10 16:22:05,43.2199897766113,-8.78891181945801,"Female"
"6018402",371849,2025-06-10 16:26:54,43.2200736999512,-8.78917217254639,"Female"
"6018402",371849,2025-06-10 16:31:53,43.2202224731445,-8.78984832763672,"Female"
"6018402",371849,2025-06-10 16:36:56,43.2200736999512,-8.7903413772583,"Female"
"6018402",371849,2025-06-10 16:41:53,43.2201614379883,-8.79030227661133,"Female"
"6018402",371849,2025-06-10 16:46:54,43.2187080383301,-8.78270435333252,"Female"
"6018402",371849,2025-06-10 16:51:55,43.2068710327148,-8.77137851715088,"Female"
"6018402",371849,2025-06-10 16:56:54,43.1929359436035,-8.75444602966309,"Female"
"6018402",371849,2025-06-10 17:01:56,43.1836318969727,-8.72548770904541,"Female"
"6018402",371849,2025-06-10 17:07:13,43.1835098266602,-8.70010471343994,"Female"
"6018402",371849,2025-06-10 17:12:34,43.1834335327148,-8.70052909851074,"Female"
"6018402",371849,2025-06-10 17:16:53,43.1834297180176,-8.70052242279053,"Female"
"6018402",371849,2025-06-10 17:21:54,43.1832618713379,-8.70083045959473,"Female"
"6018402",371849,2025-06-10 17:26:53,43.1832313537598,-8.70074653625488,"Female"
"6018402",371849,2025-06-10 17:31:57,43.183219909668,-8.70060253143311,"Female"
"6018402",371849,2025-06-10 17:36:56,43.1834106445312,-8.70082187652588,"Female"
"6018402",371849,2025-06-10 17:41:53,43.183349609375,-8.70061874389648,"Female"
"6018402",371849,2025-06-10 17:46:55,43.1710395812988,-8.69946765899658,"Female"
"6018402",371849,2025-06-10 17:51:55,43.1594886779785,-8.67481327056885,"Female"
"6018402",371849,2025-06-10 17:56:56,43.1630554199219,-8.64514446258545,"Female"
"6018402",371849,2025-06-10 18:01:55,43.1638488769531,-8.61069869995117,"Female"
"6018402",371849,2025-06-10 18:06:55,43.1516532897949,-8.57578277587891,"Female"
"6018402",371849,2025-06-10 18:11:55,43.152042388916,-8.5412015914917,"Female"
"6018402",371849,2025-06-10 18:17:06,43.1403579711914,-8.50161361694336,"Female"
"6018402",371849,2025-06-10 18:22:09,43.1300773620605,-8.4724006652832,"Female"
"6018402",371849,2025-06-10 18:26:55,43.130241394043,-8.47180366516113,"Female"
"6018402",371849,2025-06-10 18:31:55,43.130199432373,-8.47194480895996,"Female"
"6018402",371849,2025-06-10 18:36:56,43.1302375793457,-8.47210884094238,"Female"
"6018402",371849,2025-06-10 18:41:55,43.1302757263184,-8.47214508056641,"Female"
"6018402",371849,2025-06-10 18:46:58,43.1303291320801,-8.47205352783203,"Female"
"6018402",371849,2025-06-10 18:51:56,43.1304130554199,-8.47197151184082,"Female"
"6018402",371849,2025-06-10 18:56:56,43.1300811767578,-8.47202396392822,"Female"
"6018402",371849,2025-06-10 19:01:56,43.1301155090332,-8.47208690643311,"Female"
"6018402",371849,2025-06-10 19:06:55,43.1306648254395,-8.47050094604492,"Female"
"6018402",371849,2025-06-10 19:11:58,43.1301651000977,-8.47209072113037,"Female"
"6018402",371849,2025-06-10 19:17:00,43.1368103027344,-8.48020267486572,"Female"
"6018402",371849,2025-06-10 19:21:57,43.1523933410645,-8.49332237243652,"Female"
"6018402",371849,2025-06-10 19:27:00,43.1705093383789,-8.50876998901367,"Female"
"6018402",371849,2025-06-10 19:32:00,43.1828956604004,-8.5345983505249,"Female"
"6018402",371849,2025-06-10 19:37:14,43.1950416564941,-8.55148983001709,"Female"
"6018402",371849,2025-06-10 19:41:56,43.2118225097656,-8.57941246032715,"Female"
"6018402",371849,2025-06-10 19:46:57,43.2343521118164,-8.58915615081787,"Female"
"6018402",371849,2025-06-10 19:51:55,43.2543449401855,-8.60174179077148,"Female"
"6018402",371849,2025-06-10 19:56:55,43.2727966308594,-8.62398242950439,"Female"
"6018402",371849,2025-06-10 20:02:00,43.291877746582,-8.65243530273438,"Female"
"6018402",371849,2025-06-10 20:07:10,43.2969970703125,-8.68728446960449,"Female"
"6018402",371849,2025-06-10 20:12:21,43.291877746582,-8.6974458694458,"Female"
"6018402",371849,2025-06-10 20:17:11,43.2927398681641,-8.69901180267334,"Female"
"6018402",371849,2025-06-10 20:21:57,43.305850982666,-8.71977806091309,"Female"
"6018402",371849,2025-06-10 20:26:56,43.3198928833008,-8.7520923614502,"Female"
"6018402",371849,2025-06-10 20:31:57,43.3313484191895,-8.78431224822998,"Female"
"6018402",371849,2025-06-10 20:36:55,43.3492546081543,-8.81194400787354,"Female"
"6018402",371849,2025-06-10 20:42:08,43.3635940551758,-8.83403873443604,"Female"
"6018402",371849,2025-06-10 20:47:29,43.3577690124512,-8.84492874145508,"Female"
"6018402",371849,2025-06-10 20:51:55,43.3576965332031,-8.8448429107666,"Female"
"6018402",371849,2025-06-10 20:56:54,43.3578338623047,-8.84483337402344,"Female"
"6018402",371849,2025-06-10 21:01:54,43.3577575683594,-8.84494781494141,"Female"
"6018402",371849,2025-06-10 21:06:54,43.3578071594238,-8.84494304656982,"Female"
"6018402",371849,2025-06-10 21:11:54,43.357795715332,-8.84494781494141,"Female"
"6018402",371849,2025-06-10 21:16:54,43.357780456543,-8.84495639801025,"Female"
"6018402",371849,2025-06-10 21:21:54,43.3577880859375,-8.84487724304199,"Female"
"6018402",371849,2025-06-10 21:26:54,43.3577728271484,-8.84488391876221,"Female"
"6018402",371849,2025-06-10 21:31:54,43.357780456543,-8.84488868713379,"Female"
"6018402",371849,2025-06-10 21:36:54,43.3577728271484,-8.84489059448242,"Female"
"6018402",371849,2025-06-10 21:41:54,43.3577499389648,-8.84489631652832,"Female"
"6018402",371849,2025-06-10 21:46:55,43.3577995300293,-8.84495258331299,"Female"
"6018402",371849,2025-06-10 21:51:54,43.3577346801758,-8.84485340118408,"Female"
"6018402",371849,2025-06-10 21:56:55,43.3577156066895,-8.84485340118408,"Female"
"6018402",371849,2025-06-10 22:01:54,43.357738494873,-8.84493637084961,"Female"
"6018402",371849,2025-06-10 22:06:54,43.3577194213867,-8.84487628936768,"Female"
"6018402",371849,2025-06-10 22:11:54,43.3577117919922,-8.84486961364746,"Female"
"6018402",371849,2025-06-10 22:16:54,43.3576965332031,-8.84481143951416,"Female"
"6018402",371849,2025-06-10 22:22:30,43.357780456543,-8.84492492675781,"Female"
"6018402",371849,2025-06-10 22:26:58,43.3577537536621,-8.8448486328125,"Female"
"6018402",371849,2025-06-10 22:31:55,43.3577728271484,-8.84487915039062,"Female"
"6018402",371849,2025-06-10 22:36:56,43.3578338623047,-8.844970703125,"Female"
"6018402",371849,2025-06-10 22:42:14,43.3577728271484,-8.84491634368896,"Female"
"6018402",371849,2025-06-10 22:46:54,43.357738494873,-8.84534358978271,"Female"
"6018402",371849,2025-06-10 22:51:54,43.3577575683594,-8.84524059295654,"Female"
"6018402",371849,2025-06-10 22:56:54,43.3577117919922,-8.84496879577637,"Female"
"6018402",371849,2025-06-10 23:01:55,43.3577423095703,-8.84530258178711,"Female"
"6018402",371849,2025-06-10 23:06:55,43.3577842712402,-8.84485244750977,"Female"
"6018402",371849,2025-06-10 23:11:56,43.3577346801758,-8.84528255462646,"Female"
"6018402",371849,2025-06-10 23:16:56,43.3578186035156,-8.84463024139404,"Female"
"6018402",371849,2025-06-10 23:21:57,43.3578033447266,-8.84488868713379,"Female"
"6018402",371849,2025-06-10 23:26:56,43.3577651977539,-8.84488391876221,"Female"
"6018402",371849,2025-06-10 23:32:00,43.3577690124512,-8.84495735168457,"Female"
"6018402",371849,2025-06-10 23:36:55,43.3577766418457,-8.84490966796875,"Female"
"6018402",371849,2025-06-10 23:41:55,43.3578071594238,-8.84514331817627,"Female"
"6018402",371849,2025-06-10 23:46:55,43.3578147888184,-8.84486675262451,"Female"
"6018402",371849,2025-06-10 23:51:56,43.3578224182129,-8.84501934051514,"Female"
"6018402",371849,2025-06-10 23:56:59,43.3578300476074,-8.8449010848999,"Female"
"6018402",371849,2025-06-11 00:02:07,43.3578681945801,-8.84487438201904,"Female"
"6018402",371849,2025-06-11 00:07:29,43.3577919006348,-8.84492111206055,"Female"
"6018402",371849,2025-06-11 00:11:54,43.357795715332,-8.84484767913818,"Female"
"6018402",371849,2025-06-11 00:16:54,43.3578071594238,-8.8448371887207,"Female"
"6018402",371849,2025-06-11 00:21:54,43.3578681945801,-8.84474277496338,"Female"
"6018402",371849,2025-06-11 00:26:55,43.357795715332,-8.84489345550537,"Female"
"6018402",371849,2025-06-11 00:31:54,43.3578414916992,-8.84481143951416,"Female"
"6018402",371849,2025-06-11 00:36:54,43.3578338623047,-8.8449182510376,"Female"
"6018402",371849,2025-06-11 00:41:54,43.3578300476074,-8.84478187561035,"Female"
"6018402",371849,2025-06-11 00:47:14,43.3578071594238,-8.84485626220703,"Female"
"6018402",371849,2025-06-11 00:51:54,43.3579025268555,-8.84482002258301,"Female"
"6018402",371849,2025-06-11 00:56:54,43.3579330444336,-8.84478759765625,"Female"
"6018402",371849,2025-06-11 01:01:54,43.3578948974609,-8.84485626220703,"Female"
"6018402",371849,2025-06-11 01:06:54,43.3579254150391,-8.84480476379395,"Female"
"6018402",371849,2025-06-11 01:11:54,43.3578910827637,-8.84482955932617,"Female"
"6018402",371849,2025-06-11 01:16:54,43.357852935791,-8.84485816955566,"Female"
"6018402",371849,2025-06-11 01:21:54,43.3577651977539,-8.84488296508789,"Female"
"6018402",371849,2025-06-11 01:26:57,43.3578300476074,-8.84489917755127,"Female"
"6018402",371849,2025-06-11 01:32:13,43.3579406738281,-8.84485816955566,"Female"
"6018402",371849,2025-06-11 01:36:57,43.3581619262695,-8.84501361846924,"Female"
"6018402",371849,2025-06-11 01:41:56,43.3581085205078,-8.84492874145508,"Female"
"6018402",371849,2025-06-11 01:46:57,43.3579139709473,-8.84486103057861,"Female"
"6018402",371849,2025-06-11 01:52:11,43.3578910827637,-8.84489154815674,"Female"
"6018402",371849,2025-06-11 01:56:55,43.3582611083984,-8.8449821472168,"Female"
"6018402",371849,2025-06-11 02:02:06,43.3578033447266,-8.8447380065918,"Female"
"6018402",371849,2025-06-11 02:07:03,43.3579597473145,-8.84483528137207,"Female"
"6018402",371849,2025-06-11 02:11:58,43.3578758239746,-8.84484195709229,"Female"
"6018402",371849,2025-06-11 02:17:06,43.3578872680664,-8.84482192993164,"Female"
"6018402",371849,2025-06-11 02:22:08,43.3577766418457,-8.84467792510986,"Female"
"6018402",371849,2025-06-11 02:26:57,43.3577308654785,-8.84470367431641,"Female"
"6018402",371849,2025-06-11 02:32:06,43.3578186035156,-8.84475708007812,"Female"
"6018402",371849,2025-06-11 02:37:29,43.3579216003418,-8.84480476379395,"Female"
"6018402",371849,2025-06-11 02:41:56,43.3581581115723,-8.84525680541992,"Female"
"6018402",371849,2025-06-11 02:47:06,43.3578186035156,-8.84484577178955,"Female"
"6018402",371849,2025-06-11 02:52:29,43.3578186035156,-8.84484767913818,"Female"
"6018402",371849,2025-06-11 02:56:55,43.3578033447266,-8.8448657989502,"Female"
"6018402",371849,2025-06-11 03:01:55,43.3578491210938,-8.84480762481689,"Female"
"6018402",371849,2025-06-11 03:06:54,43.3576126098633,-8.84523296356201,"Female"
"6018402",371849,2025-06-11 03:11:54,43.3578186035156,-8.84486198425293,"Female"
"6018402",371849,2025-06-11 03:16:55,43.3577995300293,-8.84486198425293,"Female"
"6018402",371849,2025-06-11 03:21:55,43.3578262329102,-8.84478378295898,"Female"
"6018402",371849,2025-06-11 03:26:56,43.3578224182129,-8.84480953216553,"Female"
"6018402",371849,2025-06-11 03:31:54,43.3578300476074,-8.84484767913818,"Female"
"6018402",371849,2025-06-11 03:36:56,43.3578300476074,-8.8447961807251,"Female"
"6018402",371849,2025-06-11 03:41:54,43.357780456543,-8.84481430053711,"Female"
"6018402",371849,2025-06-11 03:46:54,43.3578681945801,-8.84487056732178,"Female"
"6018402",371849,2025-06-11 03:51:54,43.3577880859375,-8.84483814239502,"Female"
"6018402",371849,2025-06-11 03:56:55,43.3577880859375,-8.84489727020264,"Female"
"6018402",371849,2025-06-11 04:02:14,43.3577995300293,-8.84488773345947,"Female"
"6018402",371849,2025-06-11 04:06:58,43.3574104309082,-8.8450403213501,"Female"
"6018402",371849,2025-06-11 04:12:06,43.3579025268555,-8.84478378295898,"Female"
"6018402",371849,2025-06-11 04:17:06,43.3570899963379,-8.84450531005859,"Female"
"6018402",371849,2025-06-11 04:22:00,43.347110748291,-8.84994983673096,"Female"
"6018402",371849,2025-06-11 04:27:14,43.3291854858398,-8.85988426208496,"Female"
"6018402",371849,2025-06-11 04:31:55,43.3072967529297,-8.85805797576904,"Female"
"6018402",371849,2025-06-11 04:37:07,43.2805519104004,-8.86208629608154,"Female"
"6018402",371849,2025-06-11 04:42:03,43.2761154174805,-8.85205268859863,"Female"
"6018402",371849,2025-06-11 04:47:29,43.2760124206543,-8.85175514221191,"Female"
"6018402",371849,2025-06-11 04:51:55,43.2607345581055,-8.84207820892334,"Female"
"6018402",371849,2025-06-11 04:56:57,43.252742767334,-8.82417678833008,"Female"
"6018402",371849,2025-06-11 05:01:57,43.2572822570801,-8.82281589508057,"Female"
"6018402",371849,2025-06-11 05:07:14,43.255729675293,-8.82314491271973,"Female"
"6018402",371849,2025-06-11 05:12:00,43.2561378479004,-8.82260036468506,"Female"
"6018402",371849,2025-06-11 05:16:56,43.2584915161133,-8.82228946685791,"Female"
"6018402",371849,2025-06-11 05:22:06,43.2586250305176,-8.81962585449219,"Female"
"6018402",371849,2025-06-11 05:26:57,43.258659362793,-8.81889343261719,"Female"
"6018402",371849,2025-06-11 05:32:06,43.2535743713379,-8.8189697265625,"Female"
"6018402",371849,2025-06-11 05:36:58,43.2533988952637,-8.82079315185547,"Female"
"6018402",371849,2025-06-11 05:42:06,43.2534446716309,-8.82108116149902,"Female"
"6018402",371849,2025-06-11 05:46:55,43.2536773681641,-8.82085990905762,"Female"
"6018402",371849,2025-06-11 05:52:03,43.2531700134277,-8.82079029083252,"Female"
"6018402",371849,2025-06-11 05:57:06,43.253547668457,-8.82071113586426,"Female"
"6018402",371849,2025-06-11 06:02:06,43.2535171508789,-8.8201961517334,"Female"
"6018402",371849,2025-06-11 06:07:29,43.2750968933105,-8.83770275115967,"Female"
"6018402",371849,2025-06-11 06:11:54,43.3061485290527,-8.85331535339355,"Female"
"6018402",371849,2025-06-11 06:16:54,43.3405075073242,-8.84704208374023,"Female"
"6018402",371849,2025-06-11 06:21:54,43.3577880859375,-8.84489917755127,"Female"
"6018402",371849,2025-06-11 06:26:54,43.357795715332,-8.84491443634033,"Female"
"6018402",371849,2025-06-11 06:31:55,43.3575286865234,-8.84496116638184,"Female"
"6018402",371849,2025-06-11 06:36:55,43.3577842712402,-8.84484767913818,"Female"
"6018402",371849,2025-06-11 06:41:58,43.3577613830566,-8.84484100341797,"Female"
"6018402",371849,2025-06-11 06:47:06,43.3578643798828,-8.84486198425293,"Female"
"6018402",371849,2025-06-11 06:52:06,43.3578491210938,-8.84486198425293,"Female"
"6018402",371849,2025-06-11 06:56:59,43.3576889038086,-8.84479808807373,"Female"
"6018402",371849,2025-06-11 07:01:59,43.3578987121582,-8.84494113922119,"Female"
"6018402",371849,2025-06-11 07:06:58,43.3579406738281,-8.84504699707031,"Female"
"6018402",371849,2025-06-11 07:11:59,43.3576431274414,-8.84475231170654,"Female"
"6018402",371849,2025-06-11 07:16:58,43.3577690124512,-8.84483337402344,"Female"
"6018402",371849,2025-06-11 07:22:01,43.357852935791,-8.84482479095459,"Female"
"6018402",371849,2025-06-11 07:27:29,43.3578224182129,-8.84493541717529,"Female"
"6018402",371849,2025-06-11 07:31:54,43.3578224182129,-8.84488487243652,"Female"
"6018402",371849,2025-06-11 07:36:54,43.3579444885254,-8.84491539001465,"Female"
"6018402",371849,2025-06-11 07:42:03,43.3578300476074,-8.84490966796875,"Female"
"6018402",371849,2025-06-11 07:46:57,43.3578262329102,-8.84488010406494,"Female"
"6018402",371849,2025-06-11 07:51:55,43.3578071594238,-8.84483242034912,"Female"
"6018402",371849,2025-06-11 07:56:56,43.3634033203125,-8.84212493896484,"Female"
"6018402",371849,2025-06-11 08:02:35,43.3676605224609,-8.82989597320557,"Female"
"6018402",371849,2025-06-11 08:06:55,43.3833084106445,-8.80122184753418,"Female"
"6018402",371849,2025-06-11 08:11:55,43.3601913452148,-8.76899719238281,"Female"
"6018402",371849,2025-06-11 08:16:54,43.3640403747559,-8.73663711547852,"Female"
"6018402",371849,2025-06-11 08:21:54,43.3655319213867,-8.72735500335693,"Female"
"6018402",371849,2025-06-11 08:26:54,43.3720588684082,-8.72870349884033,"Female"
"6018402",371849,2025-06-11 08:31:54,43.3536491394043,-8.68873596191406,"Female"
"6018402",371849,2025-06-11 08:36:54,43.3275184631348,-8.65662479400635,"Female"
"6018402",371849,2025-06-11 08:41:54,43.2998046875,-8.64437580108643,"Female"
"6018402",371849,2025-06-11 08:46:56,43.2809219360352,-8.63541412353516,"Female"
"6018402",371849,2025-06-11 08:51:54,43.2594299316406,-8.63211154937744,"Female"
"6018402",371849,2025-06-11 08:56:54,43.2478485107422,-8.62162590026855,"Female"
"6018402",371849,2025-06-11 09:01:55,43.2313575744629,-8.59821224212646,"Female"
"6018402",371849,2025-06-11 09:06:57,43.2155685424805,-8.58129692077637,"Female"
"6018402",371849,2025-06-11 09:11:56,43.200569152832,-8.57024383544922,"Female"
"6018402",371849,2025-06-11 09:16:56,43.1875190734863,-8.55998516082764,"Female"
"6018402",371849,2025-06-11 09:21:56,43.1761322021484,-8.54096221923828,"Female"
"6018402",371849,2025-06-11 09:26:57,43.1550979614258,-8.51633262634277,"Female"
"6018402",371849,2025-06-11 09:31:55,43.1424522399902,-8.49054718017578,"Female"
"6018402",371849,2025-06-11 09:36:57,43.1299896240234,-8.47167015075684,"Female"
"6018402",371849,2025-06-11 09:41:55,43.1300430297852,-8.47177982330322,"Female"
"6018402",371849,2025-06-11 09:46:56,43.129955291748,-8.47174835205078,"Female"
"6018402",371849,2025-06-11 09:51:57,43.1300506591797,-8.47208213806152,"Female"
"6018402",371849,2025-06-11 09:56:58,43.1299858093262,-8.47195911407471,"Female"
"6018402",371849,2025-06-11 10:01:57,43.1300277709961,-8.4717493057251,"Female"
"6018402",371849,2025-06-11 10:06:56,43.130069732666,-8.47203254699707,"Female"
"6018402",371849,2025-06-11 10:11:56,43.1301002502441,-8.47131729125977,"Female"
"6018402",371849,2025-06-11 10:16:57,43.1301536560059,-8.47175216674805,"Female"
"6018402",371849,2025-06-11 10:21:57,43.1300926208496,-8.47193336486816,"Female"
"6018402",371849,2025-06-11 10:26:57,43.130012512207,-8.47191905975342,"Female"
"6018402",371849,2025-06-11 10:32:15,43.1291236877441,-8.47159290313721,"Female"
"6018402",371849,2025-06-11 10:37:06,43.129222869873,-8.4714527130127,"Female"
"6018402",371849,2025-06-11 10:41:57,43.1160621643066,-8.48406982421875,"Female"
"6018402",371849,2025-06-11 10:47:07,43.1006927490234,-8.49499416351318,"Female"
"6018402",371849,2025-06-11 10:52:06,43.1004257202148,-8.49579238891602,"Female"
"6018402",371849,2025-06-11 10:57:07,43.1115379333496,-8.49083614349365,"Female"
"6018402",371849,2025-06-11 11:02:07,43.1296157836914,-8.47016334533691,"Female"
"6018402",371849,2025-06-11 11:07:06,43.1295204162598,-8.47019958496094,"Female"
"6018402",371849,2025-06-11 11:12:05,43.1298179626465,-8.47002029418945,"Female"
"6018402",371849,2025-06-11 11:17:15,43.1291961669922,-8.47024345397949,"Female"
"6018402",371849,2025-06-11 11:21:59,43.1293754577637,-8.47033500671387,"Female"
"6018402",371849,2025-06-11 11:27:01,43.1291351318359,-8.47022342681885,"Female"
"6018402",371849,2025-06-11 11:31:59,43.1294975280762,-8.47030448913574,"Female"
"6018402",371849,2025-06-11 11:36:59,43.1289215087891,-8.47022247314453,"Female"
"6018402",371849,2025-06-11 11:41:56,43.129020690918,-8.47021389007568,"Female"
"6018402",371849,2025-06-11 11:47:15,43.1289901733398,-8.4694128036499,"Female"
"6018402",371849,2025-06-11 11:52:06,43.1289901733398,-8.46934032440186,"Female"
"6018402",371849,2025-06-11 11:57:07,43.1289215087891,-8.46956920623779,"Female"
"6018402",371849,2025-06-11 12:02:06,43.1290016174316,-8.46940612792969,"Female"
"6018402",371849,2025-06-11 12:07:06,43.1289672851562,-8.4694652557373,"Female"
"6018402",371849,2025-06-11 12:12:06,43.1289215087891,-8.46945667266846,"Female"
"6018402",371849,2025-06-11 12:17:06,43.1290016174316,-8.46956253051758,"Female"
"6018402",371849,2025-06-11 12:22:06,43.1291465759277,-8.46945667266846,"Female"
"6018402",371849,2025-06-11 12:27:06,43.1290702819824,-8.46956062316895,"Female"
"6018402",371849,2025-06-11 12:32:15,43.1291427612305,-8.46942806243896,"Female"
"6018402",371849,2025-06-11 12:37:06,43.1301116943359,-8.47175312042236,"Female"
"6018402",371849,2025-06-11 12:42:29,43.1301536560059,-8.47200870513916,"Female"
"6018402",371849,2025-06-11 12:46:55,43.1302032470703,-8.47220325469971,"Female"
"6018402",371849,2025-06-11 12:51:55,43.130241394043,-8.4722843170166,"Female"
"6018402",371849,2025-06-11 12:56:55,43.1303672790527,-8.47208023071289,"Female"
"6018402",371849,2025-06-11 13:01:56,43.1277923583984,-8.47946739196777,"Female"
"6018402",371849,2025-06-11 13:06:55,43.1328163146973,-8.49869823455811,"Female"
"6018402",371849,2025-06-11 13:11:55,43.1386032104492,-8.51458740234375,"Female"
"6018402",371849,2025-06-11 13:16:56,43.1523780822754,-8.53619575500488,"Female"
"6018402",371849,2025-06-11 13:21:56,43.1695327758789,-8.56710720062256,"Female"
"6018402",371849,2025-06-11 13:26:56,43.1809120178223,-8.60368156433105,"Female"
"6018402",371849,2025-06-11 13:31:56,43.2051467895508,-8.6313591003418,"Female"
"6018402",371849,2025-06-11 13:36:57,43.2379188537598,-8.66405010223389,"Female"
"6018402",371849,2025-06-11 13:41:56,43.268009185791,-8.68082332611084,"Female"
"6018402",371849,2025-06-11 13:47:00,43.2970924377441,-8.72300720214844,"Female"
"6018402",371849,2025-06-11 13:52:45,43.3030967712402,-8.75680160522461,"Female"
"6018402",371849,2025-06-11 13:57:23,43.3139877319336,-8.77508068084717,"Female"
"6018402",371849,2025-06-11 14:01:57,43.3280715942383,-8.80844974517822,"Female"
"6018402",371849,2025-06-11 14:06:56,43.3522682189941,-8.8354663848877,"Female"
"6018402",371849,2025-06-11 14:11:56,43.3576354980469,-8.84494113922119,"Female"
"6018402",371849,2025-06-11 14:16:56,43.357551574707,-8.84494686126709,"Female"
"6018402",371849,2025-06-11 14:21:56,43.3578987121582,-8.84480285644531,"Female"
"6018402",371849,2025-06-11 14:26:56,43.3578338623047,-8.84476184844971,"Female"
"6018402",371849,2025-06-11 14:31:55,43.3577079772949,-8.84485626220703,"Female"
"6018402",371849,2025-06-11 14:36:55,43.3576698303223,-8.8449239730835,"Female"
"6018402",371849,2025-06-11 14:41:55,43.3577156066895,-8.84501934051514,"Female"
"6018402",371849,2025-06-11 14:46:56,43.3577156066895,-8.8449182510376,"Female"
"6018402",371849,2025-06-11 14:51:55,43.3576889038086,-8.84484481811523,"Female"
"6018402",371849,2025-06-11 14:57:06,43.3577003479004,-8.84493446350098,"Female"
"6018402",371849,2025-06-11 15:01:55,43.3577651977539,-8.84492301940918,"Female"
"6018402",371849,2025-06-11 15:06:58,43.3577766418457,-8.84496116638184,"Female"
"6018402",371849,2025-06-11 15:11:56,43.3577919006348,-8.84499073028564,"Female"
"6018402",371849,2025-06-11 15:16:56,43.3577690124512,-8.84491634368896,"Female"
"6018402",371849,2025-06-11 15:22:03,43.3578681945801,-8.84506225585938,"Female"
"6018402",371849,2025-06-11 15:27:14,43.3577461242676,-8.84487438201904,"Female"
"6018402",371849,2025-06-11 15:31:55,43.3576469421387,-8.84477806091309,"Female"
"6018402",371849,2025-06-11 15:36:55,43.357666015625,-8.84476089477539,"Female"
"6018402",371849,2025-06-11 15:41:55,43.3577079772949,-8.84484004974365,"Female"
"6018402",371849,2025-06-11 15:47:14,43.3577041625977,-8.84484195709229,"Female"
"6018402",371849,2025-06-11 15:51:55,43.3577079772949,-8.84479713439941,"Female"
"6018402",371849,2025-06-11 15:56:55,43.3576202392578,-8.8447732925415,"Female"
"6018402",371849,2025-06-11 16:01:55,43.3577041625977,-8.84481430053711,"Female"
"6018402",371849,2025-06-11 16:06:56,43.3577423095703,-8.84486198425293,"Female"
"6018402",371849,2025-06-11 16:11:56,43.3577041625977,-8.84485054016113,"Female"
"6018402",371849,2025-06-11 16:16:56,43.3577003479004,-8.84480857849121,"Female"
"6018402",371849,2025-06-11 16:21:58,43.3575668334961,-8.84465217590332,"Female"
"6018402",371849,2025-06-11 16:26:56,43.3577308654785,-8.84477996826172,"Female"
"6018402",371849,2025-06-11 16:32:29,43.3578071594238,-8.8449125289917,"Female"
"6018402",371849,2025-06-11 16:36:55,43.3577880859375,-8.84491729736328,"Female"
"6018402",371849,2025-06-11 16:41:55,43.357795715332,-8.84484767913818,"Female"
"6018402",371849,2025-06-11 16:46:57,43.3577117919922,-8.84471416473389,"Female"
"6018402",371849,2025-06-11 16:51:55,43.3578224182129,-8.8449239730835,"Female"
"6018402",371849,2025-06-11 16:56:59,43.3579635620117,-8.84553813934326,"Female"
"6018402",371849,2025-06-11 17:01:57,43.3469734191895,-8.84252166748047,"Female"
"6018402",371849,2025-06-11 17:07:06,43.3313140869141,-8.84701061248779,"Female"
"6018402",371849,2025-06-11 17:11:59,43.3142166137695,-8.85698413848877,"Female"
"6018402",371849,2025-06-11 17:17:09,43.3140296936035,-8.85721492767334,"Female"
"6018402",371849,2025-06-11 17:22:00,43.3109893798828,-8.85098075866699,"Female"
"6018402",371849,2025-06-11 17:27:06,43.3147621154785,-8.82785606384277,"Female"
"6018402",371849,2025-06-11 17:32:29,43.314868927002,-8.82812023162842,"Female"
"6018402",371849,2025-06-11 17:36:58,43.3147583007812,-8.82819175720215,"Female"
"6018402",371849,2025-06-11 17:42:01,43.3145904541016,-8.82746028900146,"Female"
"6018402",371849,2025-06-11 17:46:58,43.315113067627,-8.82876491546631,"Female"
"6018402",371849,2025-06-11 17:51:57,43.3146667480469,-8.82768726348877,"Female"
"6018402",371849,2025-06-11 17:56:57,43.318042755127,-8.83846378326416,"Female"
"6018402",371849,2025-06-11 18:01:57,43.3134574890137,-8.85166645050049,"Female"
"6018402",371849,2025-06-11 18:07:06,43.2966651916504,-8.85860252380371,"Female"
"6018402",371849,2025-06-11 18:11:56,43.2970771789551,-8.85906410217285,"Female"
"6018402",371849,2025-06-11 18:17:03,43.2973403930664,-8.85935020446777,"Female"
"6018402",371849,2025-06-11 18:22:06,43.2972869873047,-8.85948181152344,"Female"
"6018402",371849,2025-06-11 18:26:58,43.2971000671387,-8.85891246795654,"Female"
"6018402",371849,2025-06-11 18:32:03,43.2970657348633,-8.85878276824951,"Female"
"6018402",371849,2025-06-11 18:37:06,43.2947883605957,-8.86050510406494,"Female"
"6018402",371849,2025-06-11 18:42:06,43.3009185791016,-8.86062908172607,"Female"
"6018402",371849,2025-06-11 18:47:13,43.3318252563477,-8.85403442382812,"Female"
"6018402",371849,2025-06-11 18:52:14,43.3577537536621,-8.84487152099609,"Female"
"6018402",371849,2025-06-11 18:56:56,43.3578224182129,-8.84497356414795,"Female"
"6018402",371849,2025-06-11 19:01:57,43.357795715332,-8.84486198425293,"Female"
"6018402",371849,2025-06-11 19:06:58,43.357780456543,-8.84482288360596,"Female"
"6018402",371849,2025-06-11 19:11:59,43.3577308654785,-8.84476280212402,"Female"
"6018402",371849,2025-06-11 19:17:01,43.3584022521973,-8.84591007232666,"Female"
"6018402",371849,2025-06-11 19:22:05,43.3583564758301,-8.84574031829834,"Female"
"6018402",371849,2025-06-11 19:27:04,43.3581237792969,-8.84443473815918,"Female"
"6018402",371849,2025-06-11 19:32:29,43.3580322265625,-8.8445873260498,"Female"
"6018402",371849,2025-06-11 19:36:57,43.3575096130371,-8.84445667266846,"Female"
"6018402",371849,2025-06-11 19:41:58,43.3576698303223,-8.8447437286377,"Female"
"6018402",371849,2025-06-11 19:46:57,43.3573303222656,-8.84415531158447,"Female"
"6018402",371849,2025-06-11 19:51:59,43.3579254150391,-8.84517860412598,"Female"
"6018402",371849,2025-06-11 19:56:59,43.3580741882324,-8.8455057144165,"Female"
"6018402",371849,2025-06-11 20:02:00,43.3582878112793,-8.84576892852783,"Female"
"6018402",371849,2025-06-11 20:07:01,43.3577842712402,-8.84490776062012,"Female"
"6018402",371849,2025-06-11 20:12:00,43.3578491210938,-8.84506225585938,"Female"
"6018402",371849,2025-06-11 20:17:06,43.3577728271484,-8.84494686126709,"Female"
"6018402",371849,2025-06-11 20:21:58,43.3578987121582,-8.84513378143311,"Female"
"6018402",371849,2025-06-11 20:27:06,43.357780456543,-8.84495544433594,"Female"
"6018402",371849,2025-06-11 20:31:58,43.3575096130371,-8.84449863433838,"Female"
"6018402",371849,2025-06-11 20:37:06,43.3577537536621,-8.84492874145508,"Female"
"6018402",371849,2025-06-11 20:42:06,43.3577766418457,-8.84484958648682,"Female"
"6018402",371849,2025-06-11 20:47:14,43.3577270507812,-8.84493732452393,"Female"
"6018402",371849,2025-06-11 20:52:01,43.3577499389648,-8.84484958648682,"Female"
"6018402",371849,2025-06-11 20:57:00,43.3577613830566,-8.84484958648682,"Female"
"6018402",371849,2025-06-11 21:01:58,43.3577194213867,-8.84484004974365,"Female"
"6018402",371849,2025-06-11 21:06:57,43.357780456543,-8.84486198425293,"Female"
"6018402",371849,2025-06-11 21:11:57,43.3577270507812,-8.8448371887207,"Female"
"6018402",371849,2025-06-11 21:16:57,43.3577690124512,-8.84487056732178,"Female"
"6018402",371849,2025-06-11 21:21:57,43.3577423095703,-8.84502983093262,"Female"
"6018402",371849,2025-06-11 21:26:58,43.3577575683594,-8.84509468078613,"Female"
"6018402",371849,2025-06-11 21:32:14,43.3577423095703,-8.84484481811523,"Female"
"6018402",371849,2025-06-11 21:36:59,43.3575820922852,-8.84459114074707,"Female"
"6018402",371849,2025-06-11 21:41:57,43.357738494873,-8.84478759765625,"Female"
"6018402",371849,2025-06-11 21:46:57,43.3576622009277,-8.84463977813721,"Female"
"6018402",371849,2025-06-11 21:51:57,43.3577423095703,-8.84480953216553,"Female"
"6018402",371849,2025-06-11 21:57:00,43.3576736450195,-8.84465789794922,"Female"
"6018402",371849,2025-06-11 22:01:58,43.3576812744141,-8.84470558166504,"Female"
"6018402",371849,2025-06-11 22:07:01,43.3576583862305,-8.84466648101807,"Female"
"6018402",371849,2025-06-11 22:12:01,43.3576774597168,-8.84469509124756,"Female"
"6018402",371849,2025-06-11 22:17:04,43.3577651977539,-8.84487152099609,"Female"
"6018402",371849,2025-06-11 22:22:10,43.3576469421387,-8.84470462799072,"Female"
"6018402",371849,2025-06-11 22:26:58,43.3576545715332,-8.84467124938965,"Female"
"6018402",371849,2025-06-11 22:32:29,43.357738494873,-8.8449182510376,"Female"
"6018402",371849,2025-06-11 22:36:57,43.357780456543,-8.84506320953369,"Female"
"6018402",371849,2025-06-11 22:41:59,43.3577728271484,-8.84490299224854,"Female"
"6018402",371849,2025-06-11 22:46:57,43.3577690124512,-8.84490871429443,"Female"
"6018402",371849,2025-06-11 22:51:57,43.3577766418457,-8.844895362854,"Female"
"6018402",371849,2025-06-11 22:56:59,43.3578720092773,-8.84495162963867,"Female"
"6018402",371849,2025-06-11 23:01:57,43.3578872680664,-8.84484100341797,"Female"
"6018402",371849,2025-06-11 23:06:58,43.35791015625,-8.84479236602783,"Female"
"6018402",371849,2025-06-11 23:11:58,43.3579177856445,-8.8447961807251,"Female"
"6018402",371849,2025-06-11 23:16:57,43.3578300476074,-8.84499263763428,"Female"
"6018402",371849,2025-06-11 23:21:57,43.3579406738281,-8.84481620788574,"Female"
"6018402",371849,2025-06-11 23:26:58,43.3578071594238,-8.84494018554688,"Female"
"6018402",371849,2025-06-11 23:32:14,43.3578681945801,-8.84489059448242,"Female"
"6018402",371849,2025-06-11 23:36:58,43.3578605651855,-8.84494113922119,"Female"
"6018402",371849,2025-06-11 23:41:59,43.3579292297363,-8.84492206573486,"Female"
"6018402",371849,2025-06-11 23:47:00,43.3578834533691,-8.84504508972168,"Female"
"6018402",371849,2025-06-11 23:51:58,43.3578109741211,-8.84504127502441,"Female"
"6018402",371849,2025-06-11 23:57:01,43.3578987121582,-8.84495449066162,"Female"
"6018402",371849,2025-06-12 00:01:57,43.3578643798828,-8.84511280059814,"Female"
"6018402",371849,2025-06-12 00:06:58,43.3579711914062,-8.84512233734131,"Female"
"6018402",371849,2025-06-12 00:11:59,43.3579216003418,-8.84506797790527,"Female"
"6018402",371849,2025-06-12 00:16:58,43.3579559326172,-8.84511661529541,"Female"
"6018402",371849,2025-06-12 00:22:00,43.3580093383789,-8.84502029418945,"Female"
"6018402",371849,2025-06-12 00:27:04,43.3578109741211,-8.84493637084961,"Female"
"6018402",371849,2025-06-12 00:32:29,43.3577499389648,-8.84488964080811,"Female"
"6018402",371849,2025-06-12 00:36:57,43.3577575683594,-8.84489631652832,"Female"
"6018402",371849,2025-06-12 00:42:00,43.3575897216797,-8.84508037567139,"Female"
"6018402",371849,2025-06-12 00:46:58,43.3576736450195,-8.84491157531738,"Female"
"6018402",371849,2025-06-12 00:51:58,43.3576850891113,-8.84492111206055,"Female"
"6018402",371849,2025-06-12 00:56:57,43.3578186035156,-8.84476757049561,"Female"
"6018402",371849,2025-06-12 01:01:58,43.3576431274414,-8.8449182510376,"Female"
"6018402",371849,2025-06-12 01:06:59,43.3579177856445,-8.84475326538086,"Female"
"6018402",371849,2025-06-12 01:12:01,43.3576278686523,-8.84505844116211,"Female"
"6018402",371849,2025-06-12 01:16:59,43.3579559326172,-8.84492683410645,"Female"
"6018402",371849,2025-06-12 01:22:04,43.3578186035156,-8.8447847366333,"Female"
"6018402",371849,2025-06-12 01:27:07,43.3579559326172,-8.84473514556885,"Female"
"6018402",371849,2025-06-12 01:32:06,43.3579559326172,-8.84476375579834,"Female"
"6018402",371849,2025-06-12 01:37:06,43.3579559326172,-8.84473037719727,"Female"
"6018402",371849,2025-06-12 01:42:11,43.3578300476074,-8.84463787078857,"Female"
"6018402",371849,2025-06-12 01:47:08,43.3580360412598,-8.84479331970215,"Female"
"6018402",371849,2025-06-12 01:52:35,43.3578071594238,-8.84479713439941,"Female"
"6018402",371849,2025-06-12 01:57:59,43.3577728271484,-8.84480762481689,"Female"
"6018402",371849,2025-06-12 02:01:59,43.3578453063965,-8.84513092041016,"Female"
"6018402",371849,2025-06-12 02:07:00,43.3578834533691,-8.84486770629883,"Female"
"6018402",371849,2025-06-12 02:12:01,43.3579444885254,-8.84485054016113,"Female"
"6018402",371849,2025-06-12 02:16:57,43.3578872680664,-8.84494018554688,"Female"
"6018402",371849,2025-06-12 02:21:58,43.3578720092773,-8.84502506256104,"Female"
"6018402",371849,2025-06-12 02:26:58,43.3578872680664,-8.845046043396,"Female"
"6018402",371849,2025-06-12 02:31:59,43.357837677002,-8.84486293792725,"Female"
"6018402",371849,2025-06-12 02:36:58,43.3578948974609,-8.84495639801025,"Female"
"6018402",371849,2025-06-12 02:41:58,43.3578910827637,-8.8449182510376,"Female"
"6018402",371849,2025-06-12 02:46:57,43.3579788208008,-8.84499073028564,"Female"
"6018402",371849,2025-06-12 02:51:57,43.3578948974609,-8.84501075744629,"Female"
"6018402",371849,2025-06-12 02:56:59,43.3578758239746,-8.84494876861572,"Female"
"6018402",371849,2025-06-12 03:01:58,43.357837677002,-8.84498119354248,"Female"
"6018402",371849,2025-06-12 03:06:59,43.3577270507812,-8.84492874145508,"Female"
"6018402",371849,2025-06-12 03:12:01,43.3578720092773,-8.84493255615234,"Female"
"6018402",371849,2025-06-12 03:17:00,43.3577499389648,-8.8447151184082,"Female"
"6018402",371849,2025-06-12 03:22:01,43.3579292297363,-8.84498977661133,"Female"
"6018402",371849,2025-06-12 03:27:07,43.3578987121582,-8.84497737884521,"Female"
"6018402",371849,2025-06-12 03:32:06,43.3578643798828,-8.84492492675781,"Female"
"6018402",371849,2025-06-12 03:37:29,43.357852935791,-8.84491539001465,"Female"
"6018402",371849,2025-06-12 03:41:58,43.3572998046875,-8.84443759918213,"Female"
"6018402",371849,2025-06-12 03:47:06,43.357837677002,-8.84494781494141,"Female"
"6018402",371849,2025-06-12 03:51:58,43.3579025268555,-8.84498977661133,"Female"
"6018402",371849,2025-06-12 03:57:01,43.3578071594238,-8.8449068069458,"Female"
"6018402",371849,2025-06-12 04:01:58,43.3503456115723,-8.84855365753174,"Female"
"6018402",371849,2025-06-12 04:06:58,43.3305549621582,-8.84852600097656,"Female"
"6018402",371849,2025-06-12 04:11:59,43.3110008239746,-8.84492111206055,"Female"
"6018402",371849,2025-06-12 04:16:58,43.2938995361328,-8.83981132507324,"Female"
"6018402",371849,2025-06-12 04:21:58,43.2822952270508,-8.83837127685547,"Female"
"6018402",371849,2025-06-12 04:26:59,43.2660980224609,-8.83173656463623,"Female"
"6018402",371849,2025-06-12 04:31:57,43.2607536315918,-8.82704830169678,"Female"
"6018402",371849,2025-06-12 04:36:58,43.253589630127,-8.81955432891846,"Female"
"6018402",371849,2025-06-12 04:41:57,43.2533493041992,-8.82049465179443,"Female"
"6018402",371849,2025-06-12 04:47:05,43.2521591186523,-8.82261943817139,"Female"
"6018402",371849,2025-06-12 04:52:05,43.2553176879883,-8.82262706756592,"Female"
"6018402",371849,2025-06-12 04:57:00,43.2570114135742,-8.82217216491699,"Female"
"6018402",371849,2025-06-12 05:02:11,43.2561531066895,-8.82303237915039,"Female"
"6018402",371849,2025-06-12 05:07:53,43.2559928894043,-8.82327747344971,"Female"
"6018402",371849,2025-06-12 05:11:57,43.2561645507812,-8.82329750061035,"Female"
"6018402",371849,2025-06-12 05:16:57,43.2562065124512,-8.82327365875244,"Female"
"6018402",371849,2025-06-12 05:21:58,43.2568702697754,-8.82271862030029,"Female"
"6018402",371849,2025-06-12 05:26:57,43.2568168640137,-8.82240962982178,"Female"
"6018402",371849,2025-06-12 05:32:01,43.2567100524902,-8.82278442382812,"Female"
"6018402",371849,2025-06-12 05:36:57,43.2559089660645,-8.82278347015381,"Female"
"6018402",371849,2025-06-12 05:41:57,43.2558288574219,-8.82309627532959,"Female"
"6018402",371849,2025-06-12 05:46:57,43.2557067871094,-8.82328224182129,"Female"
"6018402",371849,2025-06-12 05:52:04,43.2728729248047,-8.82642841339111,"Female"
"6018402",371849,2025-06-12 05:57:05,43.3117828369141,-8.83620357513428,"Female"
"6018402",371849,2025-06-12 06:02:58,43.3580322265625,-8.84469699859619,"Female"
"6018402",371849,2025-06-12 06:06:57,43.3577842712402,-8.84488773345947,"Female"
"6018402",371849,2025-06-12 06:11:58,43.3578567504883,-8.84487342834473,"Female"
"6018402",371849,2025-06-12 06:16:57,43.3578262329102,-8.84491729736328,"Female"
"6018402",371849,2025-06-12 06:21:58,43.3578758239746,-8.84488391876221,"Female"
"6018402",371849,2025-06-12 06:26:58,43.3578643798828,-8.84492111206055,"Female"
"6018402",371849,2025-06-12 06:31:58,43.3578491210938,-8.84490871429443,"Female"
"6018402",371849,2025-06-12 06:37:03,43.357738494873,-8.84487819671631,"Female"
"6018402",371849,2025-06-12 06:42:00,43.3579254150391,-8.84494590759277,"Female"
"6018402",371849,2025-06-12 06:47:04,43.357780456543,-8.84486484527588,"Female"
"6018402",371849,2025-06-12 06:52:09,43.3577995300293,-8.84488391876221,"Female"
"6018402",371849,2025-06-12 06:57:05,43.3577919006348,-8.84490013122559,"Female"
"6018402",371849,2025-06-12 07:02:00,43.3579025268555,-8.84502601623535,"Female"
"6018402",371849,2025-06-12 07:07:06,43.3577613830566,-8.84488296508789,"Female"
"6018402",371849,2025-06-12 07:12:08,43.3577690124512,-8.84485244750977,"Female"
"6018402",371849,2025-06-12 07:17:09,43.3577537536621,-8.84478569030762,"Female"
"6018402",371849,2025-06-12 07:22:14,43.3577461242676,-8.84488487243652,"Female"
"6018402",371849,2025-06-12 07:26:59,43.3580017089844,-8.84525680541992,"Female"
"6018402",371849,2025-06-12 07:31:59,43.3578567504883,-8.844970703125,"Female"
"6018402",371849,2025-06-12 07:37:01,43.3580284118652,-8.84514808654785,"Female"
"6018402",371849,2025-06-12 07:42:01,43.3580589294434,-8.84527969360352,"Female"
"6018402",371849,2025-06-12 07:47:14,43.3580055236816,-8.84524440765381,"Female"
"6018402",371849,2025-06-12 07:52:03,43.3578948974609,-8.84498691558838,"Female"
"6018402",371849,2025-06-12 07:57:03,43.3577194213867,-8.84483623504639,"Female"
"6018402",371849,2025-06-12 08:02:01,43.3579483032227,-8.84511375427246,"Female"
"6018402",371849,2025-06-12 08:07:01,43.3578224182129,-8.84513378143311,"Female"
"6018402",371849,2025-06-12 08:12:03,43.3577651977539,-8.84490489959717,"Female"
"6018402",371849,2025-06-12 08:17:01,43.3575744628906,-8.84462833404541,"Female"
"6018402",371849,2025-06-12 08:22:06,43.3576011657715,-8.84487533569336,"Female"
"6018402",371849,2025-06-12 08:27:06,43.3470840454102,-8.83122539520264,"Female"
"6018402",371849,2025-06-12 08:32:29,43.3272132873535,-8.83113098144531,"Female"
"6018402",371849,2025-06-12 08:36:57,43.319938659668,-8.8422908782959,"Female"
"6018402",371849,2025-06-12 08:41:57,43.3022575378418,-8.85009860992432,"Female"
"6018402",371849,2025-06-12 08:47:00,43.2901191711426,-8.86380481719971,"Female"
"6018402",371849,2025-06-12 08:52:00,43.2898941040039,-8.8634672164917,"Female"
"6018402",371849,2025-06-12 08:56:59,43.2898712158203,-8.86325550079346,"Female"
"6018402",371849,2025-06-12 09:01:57,43.2908630371094,-8.86315059661865,"Female"
"6018402",371849,2025-06-12 09:06:58,43.2908630371094,-8.86324596405029,"Female"
"6018402",371849,2025-06-12 09:11:57,43.2906646728516,-8.86275196075439,"Female"
"6018402",371849,2025-06-12 09:16:58,43.2881698608398,-8.85615539550781,"Female"
"6018402",371849,2025-06-12 09:21:58,43.2774848937988,-8.84341526031494,"Female"
"6018402",371849,2025-06-12 09:26:58,43.2643280029297,-8.83070850372314,"Female"
"6018402",371849,2025-06-12 09:31:58,43.2543067932129,-8.80709362030029,"Female"
"6018402",371849,2025-06-12 09:36:58,43.2364120483398,-8.80071830749512,"Female"
"6018402",371849,2025-06-12 09:41:59,43.2247276306152,-8.78722667694092,"Female"
"6018402",371849,2025-06-12 09:46:59,43.2048950195312,-8.77567291259766,"Female"
"6018402",371849,2025-06-12 09:51:59,43.1903610229492,-8.74938297271729,"Female"
"6018402",371849,2025-06-12 09:57:07,43.1812629699707,-8.72953224182129,"Female"
"6018402",371849,2025-06-12 10:01:59,43.174259185791,-8.70336246490479,"Female"
"6018402",371849,2025-06-12 10:06:58,43.1689033508301,-8.67502403259277,"Female"
"6018402",371849,2025-06-12 10:11:58,43.1615753173828,-8.63902282714844,"Female"
"6018402",371849,2025-06-12 10:17:00,43.1553268432617,-8.61625671386719,"Female"
"6018402",371849,2025-06-12 10:21:58,43.1411628723145,-8.59595584869385,"Female"
"6018402",371849,2025-06-12 10:27:08,43.1252632141113,-8.60668087005615,"Female"
"6018402",371849,2025-06-12 10:32:07,43.1253623962402,-8.60666656494141,"Female"
"6018402",371849,2025-06-12 10:37:11,43.1254615783691,-8.60677528381348,"Female"
"6018402",371849,2025-06-12 10:41:57,43.1255912780762,-8.60641098022461,"Female"
"6018402",371849,2025-06-12 10:46:59,43.1254386901855,-8.60682678222656,"Female"
"6018402",371849,2025-06-12 10:51:59,43.125186920166,-8.60715293884277,"Female"
"6018402",371849,2025-06-12 10:56:59,43.1253128051758,-8.60690498352051,"Female"
"6018402",371849,2025-06-12 11:02:29,43.1254234313965,-8.60674285888672,"Female"
"6018402",371849,2025-06-12 11:06:58,43.1255416870117,-8.60673904418945,"Female"
"6018402",371849,2025-06-12 11:12:07,43.1336669921875,-8.60723686218262,"Female"
"6018402",371849,2025-06-12 11:16:59,43.156551361084,-8.6431713104248,"Female"
"6018402",371849,2025-06-12 11:21:57,43.1787567138672,-8.68078899383545,"Female"
"6018402",371849,2025-06-12 11:26:59,43.2044258117676,-8.68950748443604,"Female"
"6018402",371849,2025-06-12 11:31:57,43.2316017150879,-8.71912479400635,"Female"
"6018402",371849,2025-06-12 11:37:01,43.2572860717773,-8.74457836151123,"Female"
"6018402",371849,2025-06-12 11:41:58,43.2885818481445,-8.77332401275635,"Female"
"6018402",371849,2025-06-12 11:47:08,43.3223190307617,-8.80466842651367,"Female"
"6018402",371849,2025-06-12 11:51:58,43.3509407043457,-8.83431148529053,"Female"
"6018402",371849,2025-06-12 11:57:14,43.3577880859375,-8.84491443634033,"Female"
"6018402",371849,2025-06-12 12:02:00,43.3579330444336,-8.84526920318604,"Female"
"6018402",371849,2025-06-12 12:07:08,43.3578224182129,-8.84484386444092,"Female"
"6018402",371849,2025-06-12 12:12:07,43.3578224182129,-8.8448543548584,"Female"
"6018402",371849,2025-06-12 12:17:07,43.3578033447266,-8.8449010848999,"Female"
"6018402",371849,2025-06-12 12:22:07,43.3578071594238,-8.84479713439941,"Female"
"6018402",371849,2025-06-12 12:27:07,43.3577690124512,-8.84493255615234,"Female"
"6018402",371849,2025-06-12 12:32:07,43.357837677002,-8.84472751617432,"Female"
"6018402",371849,2025-06-12 12:37:06,43.3577651977539,-8.84484672546387,"Female"
"6018402",371849,2025-06-12 12:42:06,43.3577575683594,-8.84482669830322,"Female"
"6018402",371849,2025-06-12 12:47:29,43.357780456543,-8.84488582611084,"Female"
"6018402",371849,2025-06-12 12:51:59,43.3578643798828,-8.8451566696167,"Female"
"6018402",371849,2025-06-12 12:57:00,43.3578071594238,-8.8447790145874,"Female"
"6018402",371849,2025-06-12 13:02:00,43.3578910827637,-8.84508037567139,"Female"
"6018402",371849,2025-06-12 13:07:00,43.3579483032227,-8.84514617919922,"Female"
"6018402",371849,2025-06-12 13:12:01,43.3579139709473,-8.84520244598389,"Female"
"6018402",371849,2025-06-12 13:17:02,43.3578224182129,-8.8448657989502,"Female"
"6018402",371849,2025-06-12 13:22:04,43.3578453063965,-8.84484958648682,"Female"
"6018402",371849,2025-06-12 13:27:07,43.3465995788574,-8.84116268157959,"Female"
"6018402",371849,2025-06-12 13:32:02,43.3315811157227,-8.84403038024902,"Female"
"6018402",371849,2025-06-12 13:37:00,43.310920715332,-8.84653949737549,"Female"
"6018402",371849,2025-06-12 13:42:07,43.2971153259277,-8.85831546783447,"Female"
"6018402",371849,2025-06-12 13:48:06,43.2755279541016,-8.86289310455322,"Female"
"6018402",371849,2025-06-12 13:52:05,43.2637710571289,-8.84593772888184,"Female"
"6018402",371849,2025-06-12 13:56:59,43.2470436096191,-8.82797431945801,"Female"
"6018402",371849,2025-06-12 14:02:01,43.2319679260254,-8.83788204193115,"Female"
"6018402",371849,2025-06-12 14:07:00,43.2155990600586,-8.84058952331543,"Female"
"6018402",371849,2025-06-12 14:12:29,43.199390411377,-8.85104179382324,"Female"
"6018402",371849,2025-06-12 14:16:59,43.1868629455566,-8.85654258728027,"Female"
"6018402",371849,2025-06-12 14:21:59,43.1693000793457,-8.8453540802002,"Female"
"6018402",371849,2025-06-12 14:27:01,43.158374786377,-8.82066440582275,"Female"
"6018402",371849,2025-06-12 14:31:59,43.1536140441895,-8.78420162200928,"Female"
"6018402",371849,2025-06-12 14:36:59,43.1507759094238,-8.74560070037842,"Female"
"6018402",371849,2025-06-12 14:41:59,43.1469497680664,-8.70837593078613,"Female"
"6018402",371849,2025-06-12 14:46:59,43.1365814208984,-8.68483066558838,"Female"
"6018402",371849,2025-06-12 14:51:59,43.1236915588379,-8.66567325592041,"Female"
"6018402",371849,2025-06-12 14:56:59,43.1187286376953,-8.62932872772217,"Female"
"6018402",371849,2025-06-12 15:02:01,43.1275405883789,-8.5997428894043,"Female"
"6018402",371849,2025-06-12 15:07:06,43.1285552978516,-8.59947967529297,"Female"
"6018402",371849,2025-06-12 15:12:07,43.1293029785156,-8.60318565368652,"Female"
"6018402",371849,2025-06-12 15:17:13,43.1296081542969,-8.60244846343994,"Female"
"6018402",371849,2025-06-12 15:22:07,43.1340751647949,-8.60002994537354,"Female"
"6018402",371849,2025-06-12 15:27:11,43.1388549804688,-8.57668304443359,"Female"
"6018402",371849,2025-06-12 15:32:07,43.1363143920898,-8.54366111755371,"Female"
"6018402",371849,2025-06-12 15:37:14,43.1356201171875,-8.51254081726074,"Female"
"6018402",371849,2025-06-12 15:41:59,43.1298294067383,-8.47182083129883,"Female"
"6018402",371849,2025-06-12 15:46:58,43.1294136047363,-8.47159481048584,"Female"
"6018402",371849,2025-06-12 15:52:01,43.1290855407715,-8.47157573699951,"Female"
"6018402",371849,2025-06-12 15:57:02,43.1291923522949,-8.47152423858643,"Female"
"6018402",371849,2025-06-12 16:02:02,43.1291923522949,-8.47143936157227,"Female"
"6018402",371849,2025-06-12 16:06:58,43.12939453125,-8.47152233123779,"Female"
"6018402",371849,2025-06-12 16:11:58,43.1303405761719,-8.47211647033691,"Female"
"6018402",371849,2025-06-12 16:17:09,43.1301460266113,-8.47206497192383,"Female"
"6018402",371849,2025-06-12 16:22:01,43.1301116943359,-8.47205638885498,"Female"
"6018402",371849,2025-06-12 16:27:02,43.1303253173828,-8.47224044799805,"Female"
"6018402",371849,2025-06-12 16:32:29,43.130069732666,-8.47193813323975,"Female"
"6018402",371849,2025-06-12 16:37:14,43.1289558410645,-8.4713659286499,"Female"
"6018402",371849,2025-06-12 16:42:01,43.1288452148438,-8.47131538391113,"Female"
"6018402",371849,2025-06-12 16:47:05,43.1303100585938,-8.471999168396,"Female"
"6018402",371849,2025-06-12 16:51:59,43.1303749084473,-8.47234916687012,"Female"
"6018402",371849,2025-06-12 16:57:00,43.1294937133789,-8.47141551971436,"Female"
"6018402",371849,2025-06-12 17:02:01,43.1285171508789,-8.4713830947876,"Female"
"6018402",371849,2025-06-12 17:07:01,43.1320381164551,-8.50161647796631,"Female"
"6018402",371849,2025-06-12 17:11:59,43.1490097045898,-8.53435325622559,"Female"
"6018402",371849,2025-06-12 17:17:02,43.1733741760254,-8.55439758300781,"Female"
"6018402",371849,2025-06-12 17:21:59,43.1944694519043,-8.58354473114014,"Female"
"6018402",371849,2025-06-12 17:27:05,43.2104034423828,-8.60073471069336,"Female"
"6018402",371849,2025-06-12 17:32:35,43.234935760498,-8.63180732727051,"Female"
"6018402",371849,2025-06-12 17:36:58,43.2528190612793,-8.65110397338867,"Female"
"6018402",371849,2025-06-12 17:41:58,43.2802581787109,-8.68746280670166,"Female"
"6018402",371849,2025-06-12 17:46:58,43.2916030883789,-8.69736099243164,"Female"
"6018402",371849,2025-06-12 17:51:58,43.2917709350586,-8.69731044769287,"Female"
"6018402",371849,2025-06-12 17:56:58,43.2916069030762,-8.69827270507812,"Female"
"6018402",371849,2025-06-12 18:01:58,43.2956352233887,-8.72456741333008,"Female"
"6018402",371849,2025-06-12 18:06:58,43.3011207580566,-8.75553226470947,"Female"
"6018402",371849,2025-06-12 18:11:58,43.3093414306641,-8.78687858581543,"Female"
"6018402",371849,2025-06-12 18:16:58,43.3287696838379,-8.80521011352539,"Female"
"6018402",371849,2025-06-12 18:21:58,43.345157623291,-8.82387447357178,"Female"
"6018402",371849,2025-06-12 18:26:59,43.3605079650879,-8.84500026702881,"Female"
"6018402",371849,2025-06-12 18:31:58,43.3577995300293,-8.84493350982666,"Female"
"6018402",371849,2025-06-12 18:36:58,43.3578033447266,-8.8449649810791,"Female"
"6018402",371849,2025-06-12 18:41:58,43.3578491210938,-8.84487819671631,"Female"
"6018402",371849,2025-06-12 18:46:58,43.3577880859375,-8.84487915039062,"Female"
"6018402",371849,2025-06-12 18:51:58,43.3578300476074,-8.84495735168457,"Female"
"6018402",371849,2025-06-12 18:56:58,43.3578491210938,-8.84493541717529,"Female"
"6018402",371849,2025-06-12 19:01:59,43.3579025268555,-8.84497928619385,"Female"
"6018402",371849,2025-06-12 19:07:08,43.3579368591309,-8.84501934051514,"Female"
"6018402",371849,2025-06-12 19:12:02,43.3580017089844,-8.84492874145508,"Female"
"6018402",371849,2025-06-12 19:17:04,43.3579902648926,-8.8450870513916,"Female"
"6018402",371849,2025-06-12 19:22:15,43.3579063415527,-8.84488201141357,"Female"
"6018402",371849,2025-06-12 19:26:58,43.3578300476074,-8.84486675262451,"Female"
"6018402",371849,2025-06-12 19:31:58,43.357795715332,-8.84497737884521,"Female"
"6018402",371849,2025-06-12 19:36:58,43.3578109741211,-8.84489154815674,"Female"
"6018402",371849,2025-06-12 19:41:58,43.3578414916992,-8.84493160247803,"Female"
"6018402",371849,2025-06-12 19:46:59,43.3581619262695,-8.84556007385254,"Female"
"6018402",371849,2025-06-12 19:52:00,43.3582458496094,-8.84577465057373,"Female"
"6018402",371849,2025-06-12 19:57:01,43.358211517334,-8.84578514099121,"Female"
"6018402",371849,2025-06-12 20:01:59,43.3582534790039,-8.84580039978027,"Female"
"6018402",371849,2025-06-12 20:06:59,43.3582611083984,-8.84582614898682,"Female"
"6018402",371849,2025-06-12 20:12:02,43.358024597168,-8.84533405303955,"Female"
"6018402",371849,2025-06-12 20:17:04,43.3579978942871,-8.84534645080566,"Female"
"6018402",371849,2025-06-12 20:22:05,43.3579978942871,-8.84532642364502,"Female"
"6018402",371849,2025-06-12 20:27:14,43.3579444885254,-8.84506797790527,"Female"
"6018402",371849,2025-06-12 20:31:59,43.3578643798828,-8.84505844116211,"Female"
"6018402",371849,2025-06-12 20:37:01,43.3580894470215,-8.84507083892822,"Female"
"6018402",371849,2025-06-12 20:41:59,43.3576698303223,-8.84521865844727,"Female"
"6018402",371849,2025-06-12 20:47:15,43.3578605651855,-8.8451042175293,"Female"
"6018402",371849,2025-06-12 20:51:59,43.3578491210938,-8.84507083892822,"Female"
"6018402",371849,2025-06-12 20:56:59,43.3578681945801,-8.84510040283203,"Female"
"6018402",371849,2025-06-12 21:01:59,43.3578491210938,-8.84525299072266,"Female"
"6018402",371849,2025-06-12 21:06:59,43.3580589294434,-8.84510898590088,"Female"
"6018402",371849,2025-06-12 21:12:04,43.358024597168,-8.84506797790527,"Female"
"6018402",371849,2025-06-12 21:16:59,43.358039855957,-8.84525299072266,"Female"
"6018402",371849,2025-06-12 21:21:59,43.3580627441406,-8.84535312652588,"Female"
"6018402",371849,2025-06-12 21:27:00,43.3580360412598,-8.84531021118164,"Female"
"6018402",371849,2025-06-12 21:32:29,43.3578681945801,-8.84492874145508,"Female"
"6018402",371849,2025-06-12 21:36:59,43.3579254150391,-8.84482955932617,"Female"
"6018402",371849,2025-06-12 21:42:00,43.3578834533691,-8.84489154815674,"Female"
"6018402",371849,2025-06-12 21:46:59,43.357780456543,-8.84485721588135,"Female"
"6018402",371849,2025-06-12 21:51:59,43.3578681945801,-8.84473609924316,"Female"
"6018402",371849,2025-06-12 21:57:00,43.3577041625977,-8.8447265625,"Female"
"6018402",371849,2025-06-12 22:02:05,43.3580780029297,-8.8447093963623,"Female"
"6018402",371849,2025-06-12 22:07:07,43.357852935791,-8.84490203857422,"Female"
"6018402",371849,2025-06-12 22:12:02,43.3578872680664,-8.84484958648682,"Female"
"6018402",371849,2025-06-12 22:17:01,43.3577194213867,-8.84526920318604,"Female"
"6018402",371849,2025-06-12 22:22:04,43.3578186035156,-8.8449010848999,"Female"
"6018402",371849,2025-06-12 22:27:02,43.3578224182129,-8.84481525421143,"Female"
"6018402",371849,2025-06-12 22:32:15,43.3578834533691,-8.84486770629883,"Female"
"6018402",371849,2025-06-12 22:37:01,43.3579406738281,-8.84473514556885,"Female"
"6018402",371849,2025-06-12 22:42:01,43.35791015625,-8.84500980377197,"Female"
"6018402",371849,2025-06-12 22:47:29,43.3578109741211,-8.84487438201904,"Female"
"6018402",371849,2025-06-12 22:51:59,43.3577346801758,-8.84483623504639,"Female"
"6018402",371849,2025-06-12 22:56:58,43.3577575683594,-8.84494113922119,"Female"
"6018402",371849,2025-06-12 23:01:59,43.3577690124512,-8.84488010406494,"Female"
"6018402",371849,2025-06-12 23:06:59,43.3577537536621,-8.84490776062012,"Female"
"6018402",371849,2025-06-12 23:11:59,43.3577880859375,-8.84510707855225,"Female"
"6018402",371849,2025-06-12 23:16:59,43.3577423095703,-8.84477806091309,"Female"
"6018402",371849,2025-06-12 23:21:59,43.3577880859375,-8.84495544433594,"Female"
"6018402",371849,2025-06-12 23:27:00,43.357852935791,-8.84503650665283,"Female"
"6018402",371849,2025-06-12 23:32:00,43.3578453063965,-8.84486770629883,"Female"
"6018402",371849,2025-06-12 23:36:59,43.3577842712402,-8.84488487243652,"Female"
"6018402",371849,2025-06-12 23:42:01,43.3577690124512,-8.84488677978516,"Female"
"6018402",371849,2025-06-12 23:47:13,43.3578491210938,-8.84485244750977,"Female"
"6018402",371849,2025-06-12 23:52:01,43.35791015625,-8.84459400177002,"Female"
"6018402",371849,2025-06-12 23:57:09,43.357780456543,-8.84489631652832,"Female"
"6018402",371849,2025-06-13 00:02:04,43.3578681945801,-8.84485340118408,"Female"
"6018402",371849,2025-06-13 00:07:02,43.3579483032227,-8.84484481811523,"Female"
"6018402",371849,2025-06-13 00:12:08,43.3579254150391,-8.84484004974365,"Female"
"6018402",371849,2025-06-13 00:17:01,43.35791015625,-8.84484004974365,"Female"
"6018402",371849,2025-06-13 00:22:29,43.3577575683594,-8.84492874145508,"Female"
"6018402",371849,2025-06-13 00:26:58,43.357738494873,-8.84490776062012,"Female"
"6018402",371849,2025-06-13 00:31:59,43.3577270507812,-8.84494686126709,"Female"
"6018402",371849,2025-06-13 00:37:01,43.3577537536621,-8.84492778778076,"Female"
"6018402",371849,2025-06-13 00:41:59,43.3577270507812,-8.84497356414795,"Female"
"6018402",371849,2025-06-13 00:46:59,43.3575706481934,-8.84506130218506,"Female"
"6018402",371849,2025-06-13 00:51:59,43.3576049804688,-8.84523773193359,"Female"
"6018402",371849,2025-06-13 00:56:59,43.3576545715332,-8.84500026702881,"Female"
"6018402",371849,2025-06-13 01:02:01,43.3574676513672,-8.84523010253906,"Female"
"6018402",371849,2025-06-13 01:07:02,43.3578338623047,-8.84492301940918,"Female"
"6018402",371849,2025-06-13 01:11:59,43.3579483032227,-8.84495162963867,"Female"
"6018402",371849,2025-06-13 01:17:01,43.3572845458984,-8.84524154663086,"Female"
"6018402",371849,2025-06-13 01:22:02,43.3577079772949,-8.84504413604736,"Female"
"6018402",371849,2025-06-13 01:27:07,43.3576164245605,-8.84518337249756,"Female"
"6018402",371849,2025-06-13 01:32:07,43.3575897216797,-8.8451566696167,"Female"
"6018402",371849,2025-06-13 01:37:04,43.3575439453125,-8.84511756896973,"Female"
"6018402",371849,2025-06-13 01:43:12,43.3578224182129,-8.8449125289917,"Female"
"6018402",371849,2025-06-13 01:48:05,43.3577842712402,-8.84488010406494,"Female"
"6018402",371849,2025-06-13 01:52:00,43.3577117919922,-8.84488582611084,"Female"
"6018402",371849,2025-06-13 01:56:59,43.3578453063965,-8.8450288772583,"Female"
"6018402",371849,2025-06-13 02:02:00,43.3578720092773,-8.84476661682129,"Female"
"6018402",371849,2025-06-13 02:06:59,43.3577995300293,-8.84485721588135,"Female"
"6018402",371849,2025-06-13 02:12:07,43.357852935791,-8.84484195709229,"Female"
"6018402",371849,2025-06-13 02:16:58,43.3574104309082,-8.84496784210205,"Female"
"6018402",371849,2025-06-13 02:21:58,43.3578567504883,-8.84474182128906,"Female"
"6018402",371849,2025-06-13 02:26:58,43.3578453063965,-8.84480667114258,"Female"
"6018402",371849,2025-06-13 02:31:58,43.3578300476074,-8.84485530853271,"Female"
"6018402",371849,2025-06-13 02:36:58,43.3578224182129,-8.84486198425293,"Female"
"6018402",371849,2025-06-13 02:41:59,43.3578071594238,-8.84489917755127,"Female"
"6018402",371849,2025-06-13 02:46:58,43.3577880859375,-8.84488201141357,"Female"
"6018402",371849,2025-06-13 02:51:58,43.3578300476074,-8.84488010406494,"Female"
"6018402",371849,2025-06-13 02:56:58,43.357795715332,-8.84489727020264,"Female"
"6018402",371849,2025-06-13 03:01:58,43.3577842712402,-8.84486293792725,"Female"
"6018402",371849,2025-06-13 03:06:58,43.3577728271484,-8.84481048583984,"Female"
"6018402",371849,2025-06-13 03:11:58,43.3578224182129,-8.84482574462891,"Female"
"6018402",371849,2025-06-13 03:16:58,43.3577346801758,-8.84486770629883,"Female"
"6018402",371849,2025-06-13 03:21:58,43.3577690124512,-8.84493350982666,"Female"
"6018402",371849,2025-06-13 03:26:57,43.3578186035156,-8.84489631652832,"Female"
"6018402",371849,2025-06-13 03:31:58,43.3578147888184,-8.84492683410645,"Female"
"6018402",371849,2025-06-13 03:37:01,43.3577919006348,-8.84490394592285,"Female"
"6018402",371849,2025-06-13 03:41:59,43.3577766418457,-8.84489154815674,"Female"
"6018402",371849,2025-06-13 03:47:14,43.3578262329102,-8.84492111206055,"Female"
"6018402",371849,2025-06-13 03:52:01,43.3578186035156,-8.844895362854,"Female"
"6018402",371849,2025-06-13 03:57:01,43.3578758239746,-8.84498310089111,"Female"
"6018402",371849,2025-06-13 04:02:01,43.3578643798828,-8.84492778778076,"Female"
"6018402",371849,2025-06-13 04:07:00,43.357780456543,-8.8448429107666,"Female"
"6018402",371849,2025-06-13 04:11:59,43.3576278686523,-8.8447380065918,"Female"
"6018402",371849,2025-06-13 04:17:04,43.3578834533691,-8.84493732452393,"Female"
"6018402",371849,2025-06-13 04:22:29,43.3578338623047,-8.84491539001465,"Female"
"6018402",371849,2025-06-13 04:26:59,43.3579635620117,-8.84502696990967,"Female"
"6018402",371849,2025-06-13 04:32:06,43.3578605651855,-8.84493923187256,"Female"
"6018402",371849,2025-06-13 04:37:01,43.3577919006348,-8.84493923187256,"Female"
"6018402",371849,2025-06-13 04:42:01,43.357723236084,-8.84489250183105,"Female"
"6018402",371849,2025-06-13 04:48:18,43.340763092041,-8.84978199005127,"Female"
"6018402",371849,2025-06-13 04:52:01,43.3193817138672,-8.85177040100098,"Female"
"6018402",371849,2025-06-13 04:57:01,43.3140716552734,-8.85720539093018,"Female"
"6018402",371849,2025-06-13 05:02:13,43.3142356872559,-8.85718727111816,"Female"
"6018402",371849,2025-06-13 05:07:03,43.3143157958984,-8.85719108581543,"Female"
"6018402",371849,2025-06-13 05:12:01,43.3061752319336,-8.85867404937744,"Female"
"6018402",371849,2025-06-13 05:17:03,43.2856864929199,-8.86533451080322,"Female"
"6018402",371849,2025-06-13 05:21:59,43.2839431762695,-8.85649585723877,"Female"
"6018402",371849,2025-06-13 05:27:01,43.2831840515137,-8.85673999786377,"Female"
"6018402",371849,2025-06-13 05:32:18,43.2827301025391,-8.85745334625244,"Female"
"6018402",371849,2025-06-13 05:37:29,43.2823791503906,-8.85781478881836,"Female"
"6018402",371849,2025-06-13 05:42:29,43.2823867797852,-8.85681056976318,"Female"
"6018402",371849,2025-06-13 05:47:00,43.2827301025391,-8.85725784301758,"Female"
"6018402",371849,2025-06-13 05:52:08,43.2825889587402,-8.85619640350342,"Female"
"6018402",371849,2025-06-13 05:57:06,43.2824783325195,-8.85730648040771,"Female"
"6018402",371849,2025-06-13 06:02:06,43.2825889587402,-8.85707759857178,"Female"
"6018402",371849,2025-06-13 06:07:06,43.2975196838379,-8.85694694519043,"Female"
"6018402",371849,2025-06-13 06:12:06,43.2971420288086,-8.85691165924072,"Female"
"6018402",371849,2025-06-13 06:17:06,43.2980346679688,-8.85699367523193,"Female"
"6018402",371849,2025-06-13 06:22:07,43.3209609985352,-8.85264682769775,"Female"
"6018402",371849,2025-06-13 06:27:06,43.3492050170898,-8.84800052642822,"Female"
"6018402",371849,2025-06-13 06:32:11,43.3577270507812,-8.84499740600586,"Female"
"6018402",371849,2025-06-13 06:37:06,43.3578033447266,-8.84498405456543,"Female"
"6018402",371849,2025-06-13 06:42:06,43.3577690124512,-8.84499263763428,"Female"
"6018402",371849,2025-06-13 06:47:06,43.3578186035156,-8.84501266479492,"Female"
"6018402",371849,2025-06-13 06:52:06,43.3577575683594,-8.84515571594238,"Female"
"6018402",371849,2025-06-13 06:57:19,43.3577728271484,-8.84510231018066,"Female"
"6018402",371849,2025-06-13 07:01:58,43.3577575683594,-8.84475994110107,"Female"
"6018402",371849,2025-06-13 07:07:01,43.357795715332,-8.84494972229004,"Female"
"6018402",371849,2025-06-13 07:12:07,43.3577880859375,-8.84511470794678,"Female"
"6018402",371849,2025-06-13 07:17:00,43.3578033447266,-8.84514617919922,"Female"
"6018402",371849,2025-06-13 07:22:35,43.3578186035156,-8.8450756072998,"Female"
"6018402",371849,2025-06-13 07:26:57,43.3577117919922,-8.84474658966064,"Female"
"6018402",371849,2025-06-13 07:32:14,43.3577156066895,-8.84491634368896,"Female"
"6018402",371849,2025-06-13 07:36:59,43.3576698303223,-8.84464359283447,"Female"
"6018402",371849,2025-06-13 07:42:01,43.3578796386719,-8.84523296356201,"Female"
"6018402",371849,2025-06-13 07:46:59,43.3575820922852,-8.84455299377441,"Female"
"6018402",371849,2025-06-13 07:52:05,43.3579978942871,-8.84532833099365,"Female"
"6018402",371849,2025-06-13 07:57:06,43.3580360412598,-8.84549140930176,"Female"
"6018402",371849,2025-06-13 08:02:06,43.3580513000488,-8.84549427032471,"Female"
"6018402",371849,2025-06-13 08:07:06,43.3578643798828,-8.8453426361084,"Female"
"6018402",371849,2025-06-13 08:12:29,43.357608795166,-8.84484767913818,"Female"
"6018402",371849,2025-06-13 08:17:00,43.3576278686523,-8.8450927734375,"Female"
"6018402",371849,2025-06-13 08:22:00,43.3578491210938,-8.84427356719971,"Female"
"6018402",371849,2025-06-13 08:26:58,43.3578453063965,-8.84464645385742,"Female"
"6018402",371849,2025-06-13 08:31:58,43.3579406738281,-8.84497261047363,"Female"
"6018402",371849,2025-06-13 08:37:00,43.3579711914062,-8.84538650512695,"Female"
"6018402",371849,2025-06-13 08:41:58,43.3578109741211,-8.84512805938721,"Female"
"6018402",371849,2025-06-13 08:47:14,43.3577575683594,-8.84474182128906,"Female"
"6018402",371849,2025-06-13 08:51:58,43.3578071594238,-8.84495258331299,"Female"
"6018402",371849,2025-06-13 08:56:59,43.3580017089844,-8.84513282775879,"Female"
"6018402",371849,2025-06-13 09:01:59,43.3579063415527,-8.84512901306152,"Female"
"6018402",371849,2025-06-13 09:06:59,43.3578605651855,-8.84487152099609,"Female"
"6018402",371849,2025-06-13 09:11:59,43.3581161499023,-8.84523773193359,"Female"
"6018402",371849,2025-06-13 09:17:03,43.3526191711426,-8.84369277954102,"Female"
"6018402",371849,2025-06-13 09:22:05,43.3219833374023,-8.85337352752686,"Female"
"6018402",371849,2025-06-13 09:27:05,43.3137817382812,-8.85729312896729,"Female"
"6018402",371849,2025-06-13 09:32:14,43.3142013549805,-8.85746288299561,"Female"
"6018402",371849,2025-06-13 09:37:06,43.3139762878418,-8.85725498199463,"Female"
"6018402",371849,2025-06-13 09:42:06,43.3142776489258,-8.8576078414917,"Female"
"6018402",371849,2025-06-13 09:47:09,43.3143196105957,-8.85757160186768,"Female"
"6018402",371849,2025-06-13 09:52:10,43.3139610290527,-8.85714340209961,"Female"
"6018402",371849,2025-06-13 09:56:59,43.3138999938965,-8.856858253479,"Female"
"6018402",371849,2025-06-13 10:02:10,43.3140106201172,-8.85709667205811,"Female"
"6018402",371849,2025-06-13 10:07:05,43.3139724731445,-8.85691833496094,"Female"
"6018402",371849,2025-06-13 10:12:00,43.3145332336426,-8.85728073120117,"Female"
"6018402",371849,2025-06-13 10:17:06,43.3142509460449,-8.85690689086914,"Female"
"6018402",371849,2025-06-13 10:22:00,43.3091697692871,-8.85561466217041,"Female"
"6018402",371849,2025-06-13 10:27:07,43.2993545532227,-8.84176921844482,"Female"
"6018402",371849,2025-06-13 10:32:29,43.2883338928223,-8.8211784362793,"Female"
"6018402",371849,2025-06-13 10:36:58,43.2891044616699,-8.80545902252197,"Female"
"6018402",371849,2025-06-13 10:41:59,43.2738037109375,-8.78378486633301,"Female"
"6018402",371849,2025-06-13 10:47:14,43.2715721130371,-8.76827812194824,"Female"
"6018402",371849,2025-06-13 10:52:03,43.2713928222656,-8.76889801025391,"Female"
"6018402",371849,2025-06-13 10:56:58,43.2717247009277,-8.76901721954346,"Female"
"6018402",371849,2025-06-13 11:02:00,43.2718086242676,-8.76899719238281,"Female"
"6018402",371849,2025-06-13 11:06:58,43.2714653015137,-8.76866722106934,"Female"
"6018402",371849,2025-06-13 11:11:58,43.2718772888184,-8.76801109313965,"Female"
"6018402",371849,2025-06-13 11:16:59,43.2719192504883,-8.76838493347168,"Female"
"6018402",371849,2025-06-13 11:21:58,43.2713851928711,-8.76788997650146,"Female"
"6018402",371849,2025-06-13 11:26:58,43.2715492248535,-8.76757907867432,"Female"
"6018402",371849,2025-06-13 11:32:10,43.2719268798828,-8.76821708679199,"Female"
"6018402",371849,2025-06-13 11:37:00,43.2715606689453,-8.76863861083984,"Female"
"6018402",371849,2025-06-13 11:42:06,43.2729415893555,-8.76998233795166,"Female"
"6018402",371849,2025-06-13 11:47:06,43.2723922729492,-8.76381683349609,"Female"
"6018402",371849,2025-06-13 11:52:13,43.278564453125,-8.7524995803833,"Female"
"6018402",371849,2025-06-13 11:56:58,43.2900886535645,-8.71997261047363,"Female"
"6018402",371849,2025-06-13 12:01:57,43.2924766540527,-8.69719982147217,"Female"
"6018402",371849,2025-06-13 12:07:03,43.2917518615723,-8.69660377502441,"Female"
"6018402",371849,2025-06-13 12:12:01,43.2919502258301,-8.69730758666992,"Female"
"6018402",371849,2025-06-13 12:16:59,43.2920150756836,-8.69698333740234,"Female"
"6018402",371849,2025-06-13 12:22:03,43.2919540405273,-8.6972827911377,"Female"
"6018402",371849,2025-06-13 12:27:01,43.2939605712891,-8.69500827789307,"Female"
"6018402",371849,2025-06-13 12:31:59,43.2888565063477,-8.67893314361572,"Female"
"6018402",371849,2025-06-13 12:37:01,43.2732620239258,-8.65787887573242,"Female"
"6018402",371849,2025-06-13 12:42:00,43.2598609924316,-8.64349842071533,"Female"
"6018402",371849,2025-06-13 12:47:29,43.2437896728516,-8.63164234161377,"Female"
"6018402",371849,2025-06-13 12:51:57,43.22412109375,-8.61562633514404,"Female"
"6018402",371849,2025-06-13 12:56:59,43.207935333252,-8.5958366394043,"Female"
"6018402",371849,2025-06-13 13:01:59,43.2008590698242,-8.56917858123779,"Female"
"6018402",371849,2025-06-13 13:06:58,43.181224822998,-8.56714725494385,"Female"
"6018402",371849,2025-06-13 13:12:00,43.1659698486328,-8.55827522277832,"Female"
"6018402",371849,2025-06-13 13:16:57,43.1509170532227,-8.5348482131958,"Female"
"6018402",371849,2025-06-13 13:21:58,43.1387825012207,-8.50915336608887,"Female"
"6018402",371849,2025-06-13 13:27:29,43.1305122375488,-8.47183036804199,"Female"
"6018402",371849,2025-06-13 13:32:35,43.1296730041504,-8.47082138061523,"Female"
"6018402",371849,2025-06-13 13:36:59,43.1297416687012,-8.47075653076172,"Female"
"6018402",371849,2025-06-13 13:42:00,43.1303405761719,-8.4719295501709,"Female"
"6018402",371849,2025-06-13 13:46:58,43.1302299499512,-8.47209548950195,"Female"
"6018402",371849,2025-06-13 13:51:59,43.1306991577148,-8.47165966033936,"Female"
"6018402",371849,2025-06-13 13:56:58,43.1304244995117,-8.47200584411621,"Female"
"6018402",371849,2025-06-13 14:01:59,43.1302070617676,-8.47203922271729,"Female"
"6018402",371849,2025-06-13 14:06:57,43.1300773620605,-8.47171783447266,"Female"
"6018402",371849,2025-06-13 14:11:57,43.1302299499512,-8.4719820022583,"Female"
"6018402",371849,2025-06-13 14:16:57,43.130313873291,-8.47185897827148,"Female"
"6018402",371849,2025-06-13 14:21:57,43.1294364929199,-8.46919727325439,"Female"
"6018402",371849,2025-06-13 14:26:57,43.1292991638184,-8.47027111053467,"Female"
"6018402",371849,2025-06-13 14:32:09,43.129207611084,-8.47045803070068,"Female"
"6018402",371849,2025-06-13 14:37:01,43.1292114257812,-8.47037315368652,"Female"
"6018402",371849,2025-06-13 14:41:57,43.129264831543,-8.47029876708984,"Female"
"6018402",371849,2025-06-13 14:46:58,43.1296501159668,-8.46983814239502,"Female"
"6018402",371849,2025-06-13 14:51:57,43.1294860839844,-8.46977043151855,"Female"
"6018402",371849,2025-06-13 14:56:59,43.1296730041504,-8.4694299697876,"Female"
"6018402",371849,2025-06-13 15:01:58,43.1296463012695,-8.469407081604,"Female"
"6018402",371849,2025-06-13 15:06:58,43.1298561096191,-8.4693489074707,"Female"
"6018402",371849,2025-06-13 15:11:58,43.1289672851562,-8.47001934051514,"Female"
"6018402",371849,2025-06-13 15:16:58,43.1283340454102,-8.47393608093262,"Female"
"6018402",371849,2025-06-13 15:21:58,43.1267967224121,-8.48776626586914,"Female"
"6018402",371849,2025-06-13 15:26:58,43.1399536132812,-8.51317024230957,"Female"
"6018402",371849,2025-06-13 15:31:58,43.1466827392578,-8.53761005401611,"Female"
"6018402",371849,2025-06-13 15:37:00,43.1585388183594,-8.54333972930908,"Female"
"6018402",371849,2025-06-13 15:41:59,43.178466796875,-8.57013702392578,"Female"
"6018402",371849,2025-06-13 15:47:07,43.1923599243164,-8.57761859893799,"Female"
"6018402",371849,2025-06-13 15:52:01,43.2131309509277,-8.60366821289062,"Female"
"6018402",371849,2025-06-13 15:56:58,43.23095703125,-8.62460803985596,"Female"
"6018402",371849,2025-06-13 16:02:03,43.2443962097168,-8.64065837860107,"Female"
"6018402",371849,2025-06-13 16:07:13,43.261661529541,-8.65557289123535,"Female"
"6018402",371849,2025-06-13 16:12:26,43.275577545166,-8.67478656768799,"Female"
"6018402",371849,2025-06-13 16:16:58,43.2837715148926,-8.70093536376953,"Female"
"6018402",371849,2025-06-13 16:21:57,43.2905731201172,-8.72447204589844,"Female"
"6018402",371849,2025-06-13 16:27:04,43.2995147705078,-8.75897407531738,"Female"
"6018402",371849,2025-06-13 16:31:57,43.3107376098633,-8.78507995605469,"Female"
"6018402",371849,2025-06-13 16:37:00,43.3265991210938,-8.80806064605713,"Female"
"6018402",371849,2025-06-13 16:41:59,43.3437652587891,-8.82586479187012,"Female"
"6018402",371849,2025-06-13 16:47:14,43.3572616577148,-8.84389591217041,"Female"
"6018402",371849,2025-06-13 16:52:04,43.3577423095703,-8.84449291229248,"Female"
"6018402",371849,2025-06-13 16:57:06,43.3578109741211,-8.8447322845459,"Female"
"6018402",371849,2025-06-13 17:02:15,43.3577423095703,-8.84482383728027,"Female"
"6018402",371849,2025-06-13 17:06:57,43.3577842712402,-8.84490203857422,"Female"
"6018402",371849,2025-06-13 17:11:59,43.3575859069824,-8.8447437286377,"Female"
"6018402",371849,2025-06-13 17:17:06,43.357780456543,-8.84455013275146,"Female"
"6018402",371849,2025-06-13 17:21:58,43.3582954406738,-8.84474563598633,"Female"
"6018402",371849,2025-06-13 17:27:06,43.3577346801758,-8.84488677978516,"Female"
"6018402",371849,2025-06-13 17:32:03,43.3575248718262,-8.84475898742676,"Female"
"6018402",371849,2025-06-13 17:36:58,43.3573570251465,-8.84488964080811,"Female"
"6018402",371849,2025-06-13 17:42:19,43.3578910827637,-8.84491157531738,"Female"
"6018402",371849,2025-06-13 17:47:11,43.3579978942871,-8.84491634368896,"Female"
"6018402",371849,2025-06-13 17:52:11,43.357967376709,-8.84485816955566,"Female"
"6018402",371849,2025-06-13 17:57:15,43.3576965332031,-8.8448314666748,"Female"
"6018402",371849,2025-06-13 18:02:07,43.3577842712402,-8.84469509124756,"Female"
"6018402",371849,2025-06-13 18:07:29,43.3576965332031,-8.84487247467041,"Female"
"6018402",371849,2025-06-13 18:11:58,43.3577766418457,-8.84484386444092,"Female"
"6018402",371849,2025-06-13 18:16:58,43.3577651977539,-8.84487915039062,"Female"
"6018402",371849,2025-06-13 18:21:58,43.3577003479004,-8.84486484527588,"Female"
"6018402",371849,2025-06-13 18:26:58,43.3578033447266,-8.84482192993164,"Female"
"6018402",371849,2025-06-13 18:32:00,43.3576507568359,-8.84482574462891,"Female"
"6018402",371849,2025-06-13 18:36:58,43.3577079772949,-8.84484004974365,"Female"
"6018402",371849,2025-06-13 18:41:58,43.3577575683594,-8.84483814239502,"Female"
"6018402",371849,2025-06-13 18:47:14,43.3577308654785,-8.84483432769775,"Female"
"6018402",371849,2025-06-13 18:51:58,43.3577117919922,-8.84480094909668,"Female"
"6018402",371849,2025-06-13 18:56:58,43.357666015625,-8.84478282928467,"Female"
"6018402",371849,2025-06-13 19:01:58,43.3576774597168,-8.84485340118408,"Female"
"6018402",371849,2025-06-13 19:06:58,43.3576812744141,-8.84475231170654,"Female"
"6018402",371849,2025-06-13 19:11:58,43.3576812744141,-8.84476566314697,"Female"
"6018402",371849,2025-06-13 19:16:58,43.3511810302734,-8.84512424468994,"Female"
"6018402",371849,2025-06-13 19:22:21,43.3325691223145,-8.84631443023682,"Female"
"6018402",371849,2025-06-13 19:26:58,43.3190422058105,-8.84440326690674,"Female"
"6018402",371849,2025-06-13 19:32:00,43.3190879821777,-8.84417533874512,"Female"
"6018402",371849,2025-06-13 19:37:01,43.3190040588379,-8.84432315826416,"Female"
"6018402",371849,2025-06-13 19:42:59,43.3193702697754,-8.84509086608887,"Female"
"6018402",371849,2025-06-13 19:46:59,43.3197021484375,-8.84566497802734,"Female"
"6018402",371849,2025-06-13 19:51:59,43.3195457458496,-8.84536933898926,"Female"
"6018402",371849,2025-06-13 19:57:00,43.3194427490234,-8.84523296356201,"Female"
"6018402",371849,2025-06-13 20:01:59,43.3192901611328,-8.84493255615234,"Female"
"6018402",371849,2025-06-13 20:07:06,43.3194770812988,-8.84529685974121,"Female"
"6018402",371849,2025-06-13 20:12:03,43.3194923400879,-8.84560203552246,"Female"
"6018402",371849,2025-06-13 20:16:59,43.3411445617676,-8.84145545959473,"Female"
"6018402",371849,2025-06-13 20:22:00,43.3577919006348,-8.84494113922119,"Female"
"6018402",371849,2025-06-13 20:27:01,43.3582153320312,-8.84599876403809,"Female"
"6018402",371849,2025-06-13 20:32:03,43.358024597168,-8.84546279907227,"Female"
"6018402",371849,2025-06-13 20:37:02,43.3587760925293,-8.84749412536621,"Female"
"6018402",371849,2025-06-13 20:42:06,43.3576354980469,-8.84487533569336,"Female"
"6018402",371849,2025-06-13 20:47:09,43.3577003479004,-8.84492492675781,"Female"
"6018402",371849,2025-06-13 20:52:06,43.3577346801758,-8.84494400024414,"Female"
"6018402",371849,2025-06-13 20:57:01,43.3577651977539,-8.84494495391846,"Female"
"6018402",371849,2025-06-13 21:02:00,43.3575744628906,-8.8445348739624,"Female"
"6018402",371849,2025-06-13 21:07:00,43.3578872680664,-8.84521007537842,"Female"
"6018402",371849,2025-06-13 21:12:01,43.3577995300293,-8.84496021270752,"Female"
"6018402",371849,2025-06-13 21:16:59,43.3577270507812,-8.84484100341797,"Female"
"6018402",371849,2025-06-13 21:22:04,43.3576622009277,-8.84489822387695,"Female"
"6018402",371849,2025-06-13 21:26:59,43.357780456543,-8.84498977661133,"Female"
"6018402",371849,2025-06-13 21:31:59,43.3577156066895,-8.84478950500488,"Female"
"6018402",371849,2025-06-13 21:36:59,43.3577880859375,-8.84494400024414,"Female"
"6018402",371849,2025-06-13 21:41:59,43.3577728271484,-8.84494876861572,"Female"
"6018402",371849,2025-06-13 21:46:59,43.3576583862305,-8.84474277496338,"Female"
"6018402",371849,2025-06-13 21:52:00,43.357666015625,-8.84471893310547,"Female"
"6018402",371849,2025-06-13 21:56:59,43.3577194213867,-8.84481239318848,"Female"
"6018402",371849,2025-06-13 22:02:00,43.3577842712402,-8.84492874145508,"Female"
"6018402",371849,2025-06-13 22:06:59,43.3577842712402,-8.8449010848999,"Female"
"6018402",371849,2025-06-13 22:12:35,43.3577919006348,-8.84490013122559,"Female"
"6018402",371849,2025-06-13 22:16:59,43.3577690124512,-8.84486961364746,"Female"
"6018402",371849,2025-06-13 22:21:59,43.3577499389648,-8.84483814239502,"Female"
"6018402",371849,2025-06-13 22:26:59,43.3576698303223,-8.84482288360596,"Female"
"6018402",371849,2025-06-13 22:31:58,43.3577651977539,-8.84482097625732,"Female"
"6018402",371849,2025-06-13 22:36:58,43.3577690124512,-8.84487628936768,"Female"
"6018402",371849,2025-06-13 22:41:58,43.3577575683594,-8.84476184844971,"Female"
"6018402",371849,2025-06-13 22:46:58,43.3577194213867,-8.84488582611084,"Female"
"6018402",371849,2025-06-13 22:51:58,43.3577613830566,-8.84488391876221,"Female"
"6018402",371849,2025-06-13 22:56:58,43.3577346801758,-8.84478759765625,"Female"
"6018402",371849,2025-06-13 23:01:58,43.3577651977539,-8.84486103057861,"Female"
"6018402",371849,2025-06-13 23:07:00,43.3577842712402,-8.84482860565186,"Female"
"6018402",371849,2025-06-13 23:12:00,43.3579063415527,-8.8447961807251,"Female"
"6018402",371849,2025-06-13 23:17:00,43.3578605651855,-8.84480667114258,"Female"
"6018402",371849,2025-06-13 23:22:01,43.3577728271484,-8.84480667114258,"Female"
"6018402",371849,2025-06-13 23:27:01,43.3577651977539,-8.84478282928467,"Female"
"6018402",371849,2025-06-13 23:31:58,43.3578338623047,-8.84489059448242,"Female"
"6018402",371849,2025-06-13 23:37:00,43.3578567504883,-8.84478664398193,"Female"
"6018402",371849,2025-06-13 23:41:58,43.3578643798828,-8.84478187561035,"Female"
"6018402",371849,2025-06-13 23:46:59,43.3579216003418,-8.84472846984863,"Female"
"6018402",371849,2025-06-13 23:51:59,43.3579063415527,-8.84480762481689,"Female"
"6018402",371849,2025-06-13 23:56:58,43.3579444885254,-8.84486293792725,"Female"
"6018402",371849,2025-06-14 00:02:29,43.3578338623047,-8.84486961364746,"Female"
"6018402",371849,2025-06-14 00:06:58,43.3578491210938,-8.84491539001465,"Female"
"6018402",371849,2025-06-14 00:12:00,43.3578186035156,-8.84484672546387,"Female"
"6018402",371849,2025-06-14 00:17:03,43.3578453063965,-8.84486961364746,"Female"
"6018402",371849,2025-06-14 00:22:01,43.3577919006348,-8.84484958648682,"Female"
"6018402",371849,2025-06-14 00:27:00,43.3578491210938,-8.84483814239502,"Female"
"6018402",371849,2025-06-14 00:32:01,43.3577423095703,-8.84483337402344,"Female"
"6018402",371849,2025-06-14 00:37:04,43.3577575683594,-8.84477806091309,"Female"
"6018402",371849,2025-06-14 00:42:00,43.3577537536621,-8.84485816955566,"Female"
"6018402",371849,2025-06-14 00:47:03,43.3576049804688,-8.84494209289551,"Female"
"6018402",371849,2025-06-14 00:52:09,43.3576927185059,-8.84488582611084,"Female"
"6018402",371849,2025-06-14 00:57:35,43.3577308654785,-8.84485626220703,"Female"
"6018402",371849,2025-06-14 01:01:59,43.3578567504883,-8.84505176544189,"Female"
"6018402",371849,2025-06-14 01:07:03,43.3577690124512,-8.84488391876221,"Female"
"6018402",371849,2025-06-14 01:11:58,43.3578109741211,-8.84489059448242,"Female"
"6018402",371849,2025-06-14 01:16:59,43.3578681945801,-8.84488868713379,"Female"
"6018402",371849,2025-06-14 01:21:59,43.3578834533691,-8.84494113922119,"Female"
"6018402",371849,2025-06-14 01:26:59,43.3579216003418,-8.84514808654785,"Female"
"6018402",371849,2025-06-14 01:32:03,43.3577728271484,-8.84483814239502,"Female"
"6018402",371849,2025-06-14 01:36:59,43.3578453063965,-8.84496974945068,"Female"
"6018402",371849,2025-06-14 01:42:05,43.3578338623047,-8.84484481811523,"Female"
"6018402",371849,2025-06-14 01:47:32,43.3578338623047,-8.84484100341797,"Female"
"6018402",371849,2025-06-14 01:51:59,43.3577919006348,-8.84482192993164,"Female"
"6018402",371849,2025-06-14 01:57:03,43.3577995300293,-8.84479236602783,"Female"
"6018402",371849,2025-06-14 02:01:58,43.3578071594238,-8.84484100341797,"Female"
"6018402",371849,2025-06-14 02:06:59,43.3580703735352,-8.84461688995361,"Female"
"6018402",371849,2025-06-14 02:12:03,43.3578033447266,-8.84480857849121,"Female"
"6018402",371849,2025-06-14 02:16:59,43.3578147888184,-8.84480094909668,"Female"
"6018402",371849,2025-06-14 02:22:00,43.3579063415527,-8.84479713439941,"Female"
"6018402",371849,2025-06-14 02:26:58,43.3580207824707,-8.84482860565186,"Female"
"6018402",371849,2025-06-14 02:32:00,43.3580131530762,-8.8447847366333,"Female"
"6018402",371849,2025-06-14 02:36:59,43.358325958252,-8.84484577178955,"Female"
"6018402",371849,2025-06-14 02:42:00,43.3581275939941,-8.84492492675781,"Female"
"6018402",371849,2025-06-14 02:46:59,43.3582611083984,-8.84496593475342,"Female"
"6018402",371849,2025-06-14 02:52:00,43.3579292297363,-8.84492301940918,"Female"
"6018402",371849,2025-06-14 02:57:00,43.3579597473145,-8.84490585327148,"Female"
"6018402",371849,2025-06-14 03:01:59,43.3578681945801,-8.84488391876221,"Female"
"6018402",371849,2025-06-14 03:07:00,43.358081817627,-8.84503936767578,"Female"
"6018402",371849,2025-06-14 03:12:04,43.357723236084,-8.84486198425293,"Female"
"6018402",371849,2025-06-14 03:17:01,43.3577003479004,-8.84489917755127,"Female"
"6018402",371849,2025-06-14 03:22:03,43.3577461242676,-8.8449821472168,"Female"
"6018402",371849,2025-06-14 03:27:13,43.3577880859375,-8.84486961364746,"Female"
"6018402",371849,2025-06-14 03:31:59,43.3578147888184,-8.84501647949219,"Female"
"6018402",371849,2025-06-14 03:36:59,43.3579063415527,-8.84505939483643,"Female"
"6018402",371849,2025-06-14 03:42:00,43.3578834533691,-8.84500598907471,"Female"
"6018402",371849,2025-06-14 03:47:00,43.3579597473145,-8.84509563446045,"Female"
"6018402",371849,2025-06-14 03:52:11,43.3578643798828,-8.84507274627686,"Female"
"6018402",371849,2025-06-14 03:57:00,43.357780456543,-8.84500789642334,"Female"
"6018402",371849,2025-06-14 04:02:14,43.3577651977539,-8.84497737884521,"Female"
"6018402",371849,2025-06-14 04:07:01,43.3465423583984,-8.84747982025146,"Female"
"6018402",371849,2025-06-14 04:11:58,43.3262405395508,-8.85633182525635,"Female"
"6018402",371849,2025-06-14 04:16:58,43.3082122802734,-8.84445953369141,"Female"
"6018402",371849,2025-06-14 04:22:45,43.2944602966309,-8.83966827392578,"Female"
"6018402",371849,2025-06-14 04:27:01,43.2946586608887,-8.83988952636719,"Female"
"6018402",371849,2025-06-14 04:32:03,43.2944145202637,-8.83972930908203,"Female"
"6018402",371849,2025-06-14 04:37:09,43.2945861816406,-8.83974075317383,"Female"
"6018402",371849,2025-06-14 04:42:06,43.294620513916,-8.83972644805908,"Female"
"6018402",371849,2025-06-14 04:47:15,43.2945251464844,-8.83960437774658,"Female"
"6018402",371849,2025-06-14 04:52:03,43.2946510314941,-8.83956909179688,"Female"
"6018402",371849,2025-06-14 04:57:06,43.2946815490723,-8.83955574035645,"Female"
"6018402",371849,2025-06-14 05:02:06,43.2945213317871,-8.83965682983398,"Female"
"6018402",371849,2025-06-14 05:07:06,43.294506072998,-8.83985328674316,"Female"
"6018402",371849,2025-06-14 05:12:44,43.2944755554199,-8.83996486663818,"Female"
"6018402",371849,2025-06-14 05:17:00,43.2945556640625,-8.83990955352783,"Female"
"6018402",371849,2025-06-14 05:22:01,43.294506072998,-8.83989143371582,"Female"
"6018402",371849,2025-06-14 05:27:06,43.294548034668,-8.83998394012451,"Female"
"6018402",371849,2025-06-14 05:32:00,43.294563293457,-8.8399019241333,"Female"
"6018402",371849,2025-06-14 05:37:01,43.2944030761719,-8.83983039855957,"Female"
"6018402",371849,2025-06-14 05:42:03,43.2945251464844,-8.83993339538574,"Female"
"6018402",371849,2025-06-14 05:47:14,43.2944412231445,-8.83975982666016,"Female"
"6018402",371849,2025-06-14 05:51:58,43.2945442199707,-8.8397855758667,"Female"
"6018402",371849,2025-06-14 05:57:05,43.2944030761719,-8.83990955352783,"Female"
"6018402",371849,2025-06-14 06:02:01,43.294376373291,-8.83987236022949,"Female"
"6018402",371849,2025-06-14 06:07:29,43.2944526672363,-8.83979511260986,"Female"
"6018402",371849,2025-06-14 06:11:58,43.2945327758789,-8.83967208862305,"Female"
"6018402",371849,2025-06-14 06:17:35,43.294490814209,-8.83981704711914,"Female"
"6018402",371849,2025-06-14 06:21:58,43.2944831848145,-8.83984851837158,"Female"
"6018402",371849,2025-06-14 06:26:59,43.2945213317871,-8.8399076461792,"Female"
"6018402",371849,2025-06-14 06:31:59,43.2945518493652,-8.83986186981201,"Female"
"6018402",371849,2025-06-14 06:36:58,43.294490814209,-8.83977508544922,"Female"
"6018402",371849,2025-06-14 06:41:58,43.2944946289062,-8.83981037139893,"Female"
"6018402",371849,2025-06-14 06:46:58,43.2944946289062,-8.83977699279785,"Female"
"6018402",371849,2025-06-14 06:51:58,43.2945518493652,-8.83981418609619,"Female"
"6018402",371849,2025-06-14 06:56:59,43.2945327758789,-8.83983612060547,"Female"
"6018402",371849,2025-06-14 07:01:59,43.2944793701172,-8.83986759185791,"Female"
"6018402",371849,2025-06-14 07:07:00,43.2945137023926,-8.83982849121094,"Female"
"6018402",371849,2025-06-14 07:11:58,43.2945098876953,-8.83984661102295,"Female"
"6018402",371849,2025-06-14 07:17:04,43.2944946289062,-8.8397855758667,"Female"
"6018402",371849,2025-06-14 07:22:12,43.294506072998,-8.83978843688965,"Female"
"6018402",371849,2025-06-14 07:26:58,43.2945404052734,-8.83979511260986,"Female"
"6018402",371849,2025-06-14 07:31:58,43.2945098876953,-8.83974266052246,"Female"
"6018402",371849,2025-06-14 07:36:59,43.294490814209,-8.83976936340332,"Female"
"6018402",371849,2025-06-14 07:41:58,43.294490814209,-8.83976554870605,"Female"
"6018402",371849,2025-06-14 07:47:14,43.2945175170898,-8.83979415893555,"Female"
"6018402",371849,2025-06-14 07:51:58,43.2945251464844,-8.83985042572021,"Female"
"6018402",371849,2025-06-14 07:57:01,43.2943801879883,-8.83960628509521,"Female"
"6018402",371849,2025-06-14 08:01:58,43.2944488525391,-8.83975601196289,"Female"
"6018402",371849,2025-06-14 08:06:58,43.2945709228516,-8.83980369567871,"Female"
"6018402",371849,2025-06-14 08:11:59,43.2944221496582,-8.83984851837158,"Female"
"6018402",371849,2025-06-14 08:17:01,43.2944526672363,-8.83936786651611,"Female"
"6018402",371849,2025-06-14 08:22:01,43.2943077087402,-8.83914279937744,"Female"
"6018402",371849,2025-06-14 08:27:00,43.2944183349609,-8.83913230895996,"Female"
"6018402",371849,2025-06-14 08:32:35,43.294490814209,-8.839768409729,"Female"
"6018402",371849,2025-06-14 08:36:58,43.2945251464844,-8.83977222442627,"Female"
"6018402",371849,2025-06-14 08:41:58,43.2945327758789,-8.83976936340332,"Female"
"6018402",371849,2025-06-14 08:46:58,43.294490814209,-8.83982181549072,"Female"
"6018402",371849,2025-06-14 08:51:58,43.294490814209,-8.83976173400879,"Female"
"6018402",371849,2025-06-14 08:56:58,43.2945594787598,-8.83993530273438,"Female"
"6018402",371849,2025-06-14 09:01:58,43.2944831848145,-8.83981895446777,"Female"
"6018402",371849,2025-06-14 09:07:10,43.294490814209,-8.83977890014648,"Female"
"6018402",371849,2025-06-14 09:11:58,43.2945175170898,-8.83980178833008,"Female"
"6018402",371849,2025-06-14 09:16:58,43.2945098876953,-8.83981609344482,"Female"
"6018402",371849,2025-06-14 09:21:58,43.2944679260254,-8.83979034423828,"Female"
"6018402",371849,2025-06-14 09:26:58,43.294548034668,-8.83974361419678,"Female"
"6018402",371849,2025-06-14 09:31:58,43.294506072998,-8.83984279632568,"Female"
"6018402",371849,2025-06-14 09:37:01,43.2944641113281,-8.83981800079346,"Female"
"6018402",371849,2025-06-14 09:41:59,43.294548034668,-8.83985996246338,"Female"
"6018402",371849,2025-06-14 09:46:59,43.2944679260254,-8.83980751037598,"Female"
"6018402",371849,2025-06-14 09:51:58,43.2945175170898,-8.83981418609619,"Female"
"6018402",371849,2025-06-14 09:57:00,43.2945213317871,-8.83985805511475,"Female"
"6018403",371836,2025-05-14 17:10:40,43.3578414916992,-8.84276580810547,"Male"
"6018403",371836,2025-05-14 17:15:49,43.357982635498,-8.84265422821045,"Male"
"6018403",371836,2025-05-14 17:21:39,43.3583564758301,-8.84306144714355,"Male"
"6018403",371836,2025-05-14 17:25:56,43.3582305908203,-8.8428897857666,"Male"
"6018403",371836,2025-05-14 17:45:44,43.3583068847656,-8.84584045410156,"Male"
"6018403",371836,2025-05-14 17:50:47,43.360424041748,-8.84716320037842,"Male"
"6018403",371836,2025-05-14 17:55:53,43.3579444885254,-8.84446144104004,"Male"
"6018403",371836,2025-05-14 18:00:50,43.3578414916992,-8.84415435791016,"Male"
"6018403",371836,2025-05-14 18:06:05,43.357780456543,-8.84415245056152,"Male"
"6018403",371836,2025-05-14 18:10:40,43.3574066162109,-8.84390544891357,"Male"
"6018403",371836,2025-05-14 18:15:38,43.3575668334961,-8.84403800964355,"Male"
"6018403",371836,2025-05-14 18:21:14,43.3576011657715,-8.84409427642822,"Male"
"6018403",371836,2025-05-14 18:25:44,43.3576316833496,-8.84417915344238,"Male"
"6018403",371836,2025-05-14 18:31:05,43.3575859069824,-8.84413051605225,"Male"
"6018403",371836,2025-05-14 18:35:38,43.3576164245605,-8.84413146972656,"Male"
"6018403",371836,2025-05-14 18:40:38,43.3575973510742,-8.84406280517578,"Male"
"6018403",371836,2025-05-14 18:45:41,43.3576240539551,-8.84406661987305,"Male"
"6018403",371836,2025-05-14 18:50:40,43.3575859069824,-8.84411239624023,"Male"
"6018403",371836,2025-05-14 18:55:38,43.3575897216797,-8.8441047668457,"Male"
"6018403",371836,2025-05-14 19:00:41,43.3575706481934,-8.84401702880859,"Male"
"6018403",371836,2025-05-14 19:05:41,43.3575897216797,-8.84408855438232,"Male"
"6018403",371836,2025-05-14 19:10:38,43.3575744628906,-8.84417247772217,"Male"
"6018403",371836,2025-05-14 19:15:44,43.3575706481934,-8.84414672851562,"Male"
"6018403",371836,2025-05-14 19:20:40,43.3576049804688,-8.84417152404785,"Male"
"6018403",371836,2025-05-14 19:25:41,43.357608795166,-8.84414196014404,"Male"
"6018403",371836,2025-05-14 19:30:43,43.3575630187988,-8.84411525726318,"Male"
"6018403",371836,2025-05-14 19:36:04,43.3575668334961,-8.84414958953857,"Male"
"6018403",371836,2025-05-14 19:40:39,43.3576278686523,-8.84409141540527,"Male"
"6018403",371836,2025-05-14 19:45:39,43.3575401306152,-8.84416961669922,"Male"
"6018403",371836,2025-05-14 19:50:39,43.3575706481934,-8.8442497253418,"Male"
"6018403",371836,2025-05-14 19:55:42,43.3579063415527,-8.84361934661865,"Male"
"6018403",371836,2025-05-14 20:00:43,43.3575477600098,-8.84412288665771,"Male"
"6018403",371836,2025-05-14 20:05:43,43.3576812744141,-8.84408473968506,"Male"
"6018403",371836,2025-05-14 20:10:42,43.3575553894043,-8.84407138824463,"Male"
"6018403",371836,2025-05-14 20:15:40,43.3576698303223,-8.84423732757568,"Male"
"6018403",371836,2025-05-14 20:21:07,43.3577079772949,-8.8441915512085,"Male"
"6018403",371836,2025-05-14 20:26:03,43.3576431274414,-8.84423542022705,"Male"
"6018403",371836,2025-05-14 20:31:06,43.3575897216797,-8.84399509429932,"Male"
"6018403",371836,2025-05-14 20:36:04,43.3576469421387,-8.84413814544678,"Male"
"6018403",371836,2025-05-14 20:41:05,43.357723236084,-8.8441333770752,"Male"
"6018403",371836,2025-05-14 20:46:11,43.3576889038086,-8.84407806396484,"Male"
"6018403",371836,2025-05-14 20:51:44,43.3576698303223,-8.84419441223145,"Male"
"6018403",371836,2025-05-14 20:56:04,43.3576583862305,-8.84424114227295,"Male"
"6018403",371836,2025-05-14 21:01:19,43.3576545715332,-8.84423446655273,"Male"
"6018403",371836,2025-05-14 21:06:10,43.3576431274414,-8.84408569335938,"Male"
"6018403",371836,2025-05-14 21:11:35,43.3576393127441,-8.84413146972656,"Male"
"6018403",371836,2025-05-14 21:16:07,43.3575668334961,-8.8441333770752,"Male"
"6018403",371836,2025-05-14 21:21:02,43.3576202392578,-8.84411907196045,"Male"
"6018403",371836,2025-05-14 21:26:03,43.3576927185059,-8.84413814544678,"Male"
"6018403",371836,2025-05-14 21:31:06,43.3576622009277,-8.84414291381836,"Male"
"6018403",371836,2025-05-14 21:36:03,43.3576736450195,-8.84413242340088,"Male"
"6018403",371836,2025-05-14 21:41:02,43.3576927185059,-8.8441686630249,"Male"
"6018403",371836,2025-05-14 21:46:03,43.357593536377,-8.84408855438232,"Male"
"6018403",371836,2025-05-14 21:51:03,43.3576278686523,-8.84422779083252,"Male"
"6018403",371836,2025-05-14 21:56:04,43.3576583862305,-8.84402942657471,"Male"
"6018403",371836,2025-05-14 22:01:04,43.3576240539551,-8.84399032592773,"Male"
"6018403",371836,2025-05-14 22:06:03,43.3576774597168,-8.84425449371338,"Male"
"6018403",371836,2025-05-14 22:11:04,43.3576889038086,-8.84420776367188,"Male"
"6018403",371836,2025-05-14 22:16:03,43.3576049804688,-8.84410953521729,"Male"
"6018403",371836,2025-05-14 22:21:03,43.3576316833496,-8.84419345855713,"Male"
"6018403",371836,2025-05-14 22:26:04,43.3575592041016,-8.84403038024902,"Male"
"6018403",371836,2025-05-14 22:31:04,43.3575477600098,-8.84408855438232,"Male"
"6018403",371836,2025-05-14 22:36:08,43.3576469421387,-8.84400653839111,"Male"
"6018403",371836,2025-05-14 22:41:11,43.3577575683594,-8.84442806243896,"Male"
"6018403",371836,2025-05-14 22:46:09,43.3576774597168,-8.84433841705322,"Male"
"6018403",371836,2025-05-14 22:51:04,43.3576698303223,-8.84390640258789,"Male"
"6018403",371836,2025-05-14 22:56:07,43.3576164245605,-8.84389877319336,"Male"
"6018403",371836,2025-05-14 23:01:07,43.3575820922852,-8.843994140625,"Male"
"6018403",371836,2025-05-14 23:06:07,43.3575706481934,-8.84408187866211,"Male"
"6018403",371836,2025-05-14 23:11:04,43.3575325012207,-8.84412288665771,"Male"
"6018403",371836,2025-05-14 23:16:08,43.3575973510742,-8.84407424926758,"Male"
"6018403",371836,2025-05-14 23:21:08,43.3575325012207,-8.84413433074951,"Male"
"6018403",371836,2025-05-14 23:26:04,43.3575019836426,-8.84409809112549,"Male"
"6018403",371836,2025-05-14 23:31:35,43.3575668334961,-8.84406089782715,"Male"
"6018403",371836,2025-05-14 23:36:03,43.3575172424316,-8.84401798248291,"Male"
"6018403",371836,2025-05-14 23:41:04,43.3575096130371,-8.8440465927124,"Male"
"6018403",371836,2025-05-14 23:46:06,43.3573760986328,-8.84403705596924,"Male"
"6018403",371836,2025-05-14 23:51:03,43.3575439453125,-8.84408760070801,"Male"
"6018403",371836,2025-05-14 23:56:04,43.3575210571289,-8.84399223327637,"Male"
"6018403",371836,2025-05-15 00:01:03,43.3573799133301,-8.84392738342285,"Male"
"6018403",371836,2025-05-15 00:06:03,43.3573417663574,-8.84390640258789,"Male"
"6018403",371836,2025-05-15 00:11:44,43.3574485778809,-8.84392261505127,"Male"
"6018403",371836,2025-05-15 00:16:03,43.3575325012207,-8.84394645690918,"Male"
"6018403",371836,2025-05-15 00:21:03,43.3575401306152,-8.8439826965332,"Male"
"6018403",371836,2025-05-15 00:26:06,43.357479095459,-8.84397315979004,"Male"
"6018403",371836,2025-05-15 00:31:02,43.3575057983398,-8.84394836425781,"Male"
"6018403",371836,2025-05-15 00:36:02,43.3574714660645,-8.84391212463379,"Male"
"6018403",371836,2025-05-15 00:41:03,43.3574867248535,-8.84394073486328,"Male"
"6018403",371836,2025-05-15 00:46:03,43.3575057983398,-8.84384822845459,"Male"
"6018403",371836,2025-05-15 00:51:03,43.357479095459,-8.84380626678467,"Male"
"6018403",371836,2025-05-15 00:56:07,43.357479095459,-8.84391498565674,"Male"
"6018403",371836,2025-05-15 01:01:03,43.3574600219727,-8.84388256072998,"Male"
"6018403",371836,2025-05-15 01:06:03,43.3575057983398,-8.84389495849609,"Male"
"6018403",371836,2025-05-15 01:11:04,43.3575820922852,-8.84393310546875,"Male"
"6018403",371836,2025-05-15 01:16:07,43.3576698303223,-8.84397125244141,"Male"
"6018403",371836,2025-05-15 01:21:03,43.3575706481934,-8.84390640258789,"Male"
"6018403",371836,2025-05-15 01:26:10,43.3577766418457,-8.84408092498779,"Male"
"6018403",371836,2025-05-15 01:31:11,43.3578910827637,-8.84403514862061,"Male"
"6018403",371836,2025-05-15 01:36:07,43.3578224182129,-8.84393501281738,"Male"
"6018403",371836,2025-05-15 01:41:04,43.3577690124512,-8.84395122528076,"Male"
"6018403",371836,2025-05-15 01:46:06,43.3576965332031,-8.84401416778564,"Male"
"6018403",371836,2025-05-15 01:51:03,43.3577308654785,-8.84396934509277,"Male"
"6018403",371836,2025-05-15 01:56:03,43.3577156066895,-8.84395980834961,"Male"
"6018403",371836,2025-05-15 02:01:04,43.3576240539551,-8.84389972686768,"Male"
"6018403",371836,2025-05-15 02:06:04,43.357593536377,-8.84386825561523,"Male"
"6018403",371836,2025-05-15 02:11:03,43.3576431274414,-8.84395790100098,"Male"
"6018403",371836,2025-05-15 02:16:04,43.3577156066895,-8.8439998626709,"Male"
"6018403",371836,2025-05-15 02:21:04,43.3576316833496,-8.84392166137695,"Male"
"6018403",371836,2025-05-15 02:26:04,43.3577041625977,-8.84403610229492,"Male"
"6018403",371836,2025-05-15 02:31:04,43.3576240539551,-8.8438835144043,"Male"
"6018403",371836,2025-05-15 02:36:07,43.3575019836426,-8.84396171569824,"Male"
"6018403",371836,2025-05-15 02:41:08,43.3574256896973,-8.84375762939453,"Male"
"6018403",371836,2025-05-15 02:46:09,43.3574333190918,-8.84368133544922,"Male"
"6018403",371836,2025-05-15 02:51:10,43.3575668334961,-8.84394454956055,"Male"
"6018403",371836,2025-05-15 02:56:13,43.3575096130371,-8.84402847290039,"Male"
"6018403",371836,2025-05-15 03:01:10,43.3575630187988,-8.84406757354736,"Male"
"6018403",371836,2025-05-15 03:06:10,43.3575325012207,-8.84405612945557,"Male"
"6018403",371836,2025-05-15 03:11:07,43.3574905395508,-8.84390830993652,"Male"
"6018403",371836,2025-05-15 03:16:03,43.3577461242676,-8.84403133392334,"Male"
"6018403",371836,2025-05-15 03:21:07,43.357536315918,-8.84391784667969,"Male"
"6018403",371836,2025-05-15 03:26:09,43.3573608398438,-8.84368228912354,"Male"
"6018403",371836,2025-05-15 03:31:13,43.3575248718262,-8.84383964538574,"Male"
"6018403",371836,2025-05-15 03:36:09,43.357666015625,-8.84392738342285,"Male"
"6018403",371836,2025-05-15 03:41:09,43.3577003479004,-8.8439884185791,"Male"
"6018403",371836,2025-05-15 03:46:35,43.3569183349609,-8.84322357177734,"Male"
"6018403",371836,2025-05-15 03:51:06,43.3576927185059,-8.84408760070801,"Male"
"6018403",371836,2025-05-15 03:56:07,43.3576126098633,-8.84405517578125,"Male"
"6018403",371836,2025-05-15 04:01:10,43.3576507568359,-8.84409141540527,"Male"
"6018403",371836,2025-05-15 04:06:12,43.3576698303223,-8.84415912628174,"Male"
"6018403",371836,2025-05-15 04:11:09,43.3576431274414,-8.84416484832764,"Male"
"6018403",371836,2025-05-15 04:16:03,43.3575820922852,-8.84413814544678,"Male"
"6018403",371836,2025-05-15 04:21:02,43.3576164245605,-8.84410285949707,"Male"
"6018403",371836,2025-05-15 04:26:04,43.3575668334961,-8.84410285949707,"Male"
"6018403",371836,2025-05-15 04:31:13,43.3576164245605,-8.84402561187744,"Male"
"6018403",371836,2025-05-15 04:36:09,43.3576316833496,-8.84409236907959,"Male"
"6018403",371836,2025-05-15 04:41:02,43.3548393249512,-8.84895515441895,"Male"
"6018403",371836,2025-05-15 04:46:03,43.3574829101562,-8.84408283233643,"Male"
"6018403",371836,2025-05-15 04:51:06,43.3575477600098,-8.84416389465332,"Male"
"6018403",371836,2025-05-15 04:56:05,43.3576049804688,-8.84418773651123,"Male"
"6018403",371836,2025-05-15 05:01:07,43.357551574707,-8.8441219329834,"Male"
"6018403",371836,2025-05-15 05:06:09,43.3575668334961,-8.8441858291626,"Male"
"6018403",371836,2025-05-15 05:11:07,43.3575553894043,-8.8440408706665,"Male"
"6018403",371836,2025-05-15 05:16:13,43.3574600219727,-8.84407806396484,"Male"
"6018403",371836,2025-05-15 05:21:06,43.3574752807617,-8.84407329559326,"Male"
"6018403",371836,2025-05-15 05:26:07,43.3574981689453,-8.84413242340088,"Male"
"6018403",371836,2025-05-15 05:31:12,43.3574981689453,-8.84410381317139,"Male"
"6018403",371836,2025-05-15 05:36:06,43.3574371337891,-8.84400749206543,"Male"
"6018403",371836,2025-05-15 05:41:07,43.3573799133301,-8.84397792816162,"Male"
"6018403",371836,2025-05-15 05:46:04,43.3575859069824,-8.84405612945557,"Male"
"6018403",371836,2025-05-15 05:51:04,43.3577995300293,-8.84426784515381,"Male"
"6018403",371836,2025-05-15 05:56:04,43.3575553894043,-8.84428310394287,"Male"
"6018403",371836,2025-05-15 06:01:06,43.3578796386719,-8.84404277801514,"Male"
"6018403",371836,2025-05-15 06:06:05,43.3574562072754,-8.8440637588501,"Male"
"6018403",371836,2025-05-15 06:11:08,43.3576889038086,-8.84419441223145,"Male"
"6018403",371836,2025-05-15 06:16:04,43.3576393127441,-8.84429740905762,"Male"
"6018403",371836,2025-05-15 06:21:07,43.3576583862305,-8.84434032440186,"Male"
"6018403",371836,2025-05-15 06:26:05,43.3577575683594,-8.84425258636475,"Male"
"6018403",371836,2025-05-15 06:31:08,43.3576889038086,-8.84437465667725,"Male"
"6018403",371836,2025-05-15 06:36:06,43.3578834533691,-8.84427356719971,"Male"
"6018403",371836,2025-05-15 06:41:04,43.3671112060547,-8.85475063323975,"Male"
"6018403",371836,2025-05-15 06:46:04,43.3884086608887,-8.8778715133667,"Male"
"6018403",371836,2025-05-15 06:51:03,43.4071388244629,-8.90754127502441,"Male"
"6018403",371836,2025-05-15 06:56:04,43.428295135498,-8.93536186218262,"Male"
"6018403",371836,2025-05-15 07:01:06,43.4492492675781,-8.96553230285645,"Male"
"6018403",371836,2025-05-15 07:06:04,43.4651336669922,-8.99289131164551,"Male"
"6018403",371836,2025-05-15 07:11:03,43.4838714599609,-9.01496028900146,"Male"
"6018403",371836,2025-05-15 07:16:03,43.5054016113281,-9.03138732910156,"Male"
"6018403",371836,2025-05-15 07:21:04,43.526554107666,-9.02647590637207,"Male"
"6018403",371836,2025-05-15 07:26:03,43.5457344055176,-9.01005554199219,"Male"
"6018403",371836,2025-05-15 07:31:03,43.558422088623,-8.98713779449463,"Male"
"6018403",371836,2025-05-15 07:36:04,43.5612487792969,-8.95736789703369,"Male"
"6018403",371836,2025-05-15 07:41:03,43.5709419250488,-8.92903900146484,"Male"
"6018403",371836,2025-05-15 07:46:04,43.5763893127441,-8.89574241638184,"Male"
"6018403",371836,2025-05-15 07:51:03,43.5823974609375,-8.87074279785156,"Male"
"6018403",371836,2025-05-15 07:56:06,43.5502700805664,-8.86210823059082,"Male"
"6018403",371836,2025-05-15 08:01:03,43.5139236450195,-8.86353969573975,"Male"
"6018403",371836,2025-05-15 08:06:03,43.4804840087891,-8.86567974090576,"Male"
"6018403",371836,2025-05-15 08:11:05,43.4505081176758,-8.87186908721924,"Male"
"6018403",371836,2025-05-15 08:16:03,43.4188041687012,-8.86282062530518,"Male"
"6018403",371836,2025-05-15 08:21:03,43.3844566345215,-8.85745239257812,"Male"
"6018403",371836,2025-05-15 08:26:03,43.3584060668945,-8.84516620635986,"Male"
"6018403",371836,2025-05-15 08:31:04,43.3577194213867,-8.84415340423584,"Male"
"6018403",371836,2025-05-15 08:36:05,43.3576507568359,-8.84395027160645,"Male"
"6018403",371836,2025-05-15 08:41:09,43.3577041625977,-8.84470653533936,"Male"
"6018403",371836,2025-05-15 08:46:04,43.3576202392578,-8.84402465820312,"Male"
"6018403",371836,2025-05-15 08:51:04,43.3578033447266,-8.84427833557129,"Male"
"6018403",371836,2025-05-15 08:56:04,43.3576431274414,-8.8441858291626,"Male"
"6018403",371836,2025-05-15 09:01:04,43.3577156066895,-8.84418296813965,"Male"
"6018403",371836,2025-05-15 09:06:07,43.3582420349121,-8.84409523010254,"Male"
"6018403",371836,2025-05-15 09:11:05,43.3578109741211,-8.8442268371582,"Male"
"6018403",371836,2025-05-15 09:16:05,43.3574409484863,-8.84424304962158,"Male"
"6018403",371836,2025-05-15 09:21:06,43.3578567504883,-8.8442440032959,"Male"
"6018403",371836,2025-05-15 09:26:04,43.3578414916992,-8.84422779083252,"Male"
"6018403",371836,2025-05-15 09:31:04,43.3578109741211,-8.84417533874512,"Male"
"6018403",371836,2025-05-15 09:36:04,43.3578071594238,-8.84415626525879,"Male"
"6018403",371836,2025-05-15 09:41:04,43.3579444885254,-8.84400367736816,"Male"
"6018403",371836,2025-05-15 09:46:06,43.3579521179199,-8.84399223327637,"Male"
"6018403",371836,2025-05-15 09:51:05,43.3579711914062,-8.84406185150146,"Male"
"6018403",371836,2025-05-15 09:56:04,43.357967376709,-8.84410285949707,"Male"
"6018403",371836,2025-05-15 10:01:05,43.3579940795898,-8.84405136108398,"Male"
"6018403",371836,2025-05-15 10:06:05,43.3579139709473,-8.84409999847412,"Male"
"6018403",371836,2025-05-15 10:11:05,43.3579597473145,-8.84439086914062,"Male"
"6018403",371836,2025-05-15 10:16:05,43.3579597473145,-8.84435653686523,"Male"
"6018403",371836,2025-05-15 10:21:06,43.357852935791,-8.8443431854248,"Male"
"6018403",371836,2025-05-15 10:26:05,43.3578987121582,-8.8442964553833,"Male"
"6018403",371836,2025-05-15 10:31:04,43.3579063415527,-8.84440231323242,"Male"
"6018403",371836,2025-05-15 10:36:04,43.3577995300293,-8.84395313262939,"Male"
"6018403",371836,2025-05-15 10:41:04,43.3578681945801,-8.84434509277344,"Male"
"6018403",371836,2025-05-15 10:46:06,43.3579025268555,-8.84422969818115,"Male"
"6018403",371836,2025-05-15 10:51:03,43.3576469421387,-8.84414196014404,"Male"
"6018403",371836,2025-05-15 10:56:04,43.357780456543,-8.84430980682373,"Male"
"6018403",371836,2025-05-15 11:01:04,43.3577575683594,-8.84419631958008,"Male"
"6018403",371836,2025-05-15 11:06:04,43.3578758239746,-8.8442440032959,"Male"
"6018403",371836,2025-05-15 11:11:04,43.3577003479004,-8.84410190582275,"Male"
"6018403",371836,2025-05-15 11:16:04,43.3576583862305,-8.84397125244141,"Male"
"6018403",371836,2025-05-15 11:21:04,43.3577346801758,-8.8441104888916,"Male"
"6018403",371836,2025-05-15 11:26:04,43.3574638366699,-8.84396839141846,"Male"
"6018403",371836,2025-05-15 11:31:04,43.3574333190918,-8.8438138961792,"Male"
"6018403",371836,2025-05-15 11:36:07,43.3582763671875,-8.84423637390137,"Male"
"6018403",371836,2025-05-15 11:41:10,43.3577613830566,-8.84378242492676,"Male"
"6018403",371836,2025-05-15 11:46:11,43.3582992553711,-8.84416389465332,"Male"
"6018403",371836,2025-05-15 11:51:09,43.358585357666,-8.84450244903564,"Male"
"6018403",371836,2025-05-15 11:56:07,43.3583526611328,-8.84409999847412,"Male"
"6018403",371836,2025-05-15 12:01:10,43.3585929870605,-8.84458065032959,"Male"
"6018403",371836,2025-05-15 12:06:04,43.3585166931152,-8.8445930480957,"Male"
"6018403",371836,2025-05-15 12:11:04,43.3585433959961,-8.84455871582031,"Male"
"6018403",371836,2025-05-15 12:16:05,43.3583869934082,-8.84464645385742,"Male"
"6018403",371836,2025-05-15 12:21:06,43.3584289550781,-8.84459400177002,"Male"
"6018403",371836,2025-05-15 12:26:05,43.3584480285645,-8.84442234039307,"Male"
"6018403",371836,2025-05-15 12:31:06,43.3581733703613,-8.84432220458984,"Male"
"6018403",371836,2025-05-15 12:36:04,43.3581619262695,-8.84427070617676,"Male"
"6018403",371836,2025-05-15 12:41:04,43.3581886291504,-8.84430694580078,"Male"
"6018403",371836,2025-05-15 12:46:04,43.358081817627,-8.84431648254395,"Male"
"6018403",371836,2025-05-15 12:51:06,43.3581848144531,-8.84431266784668,"Male"
"6018403",371836,2025-05-15 12:56:04,43.3581008911133,-8.84435844421387,"Male"
"6018403",371836,2025-05-15 13:01:04,43.3580627441406,-8.84430408477783,"Male"
"6018403",371836,2025-05-15 13:06:05,43.3580589294434,-8.8443489074707,"Male"
"6018403",371836,2025-05-15 13:11:04,43.3580627441406,-8.84449863433838,"Male"
"6018403",371836,2025-05-15 13:16:04,43.3580093383789,-8.84446239471436,"Male"
"6018403",371836,2025-05-15 13:21:06,43.3580055236816,-8.84432792663574,"Male"
"6018403",371836,2025-05-15 13:26:05,43.3580055236816,-8.84435081481934,"Male"
"6018403",371836,2025-05-15 13:31:05,43.3579139709473,-8.84400081634521,"Male"
"6018403",371836,2025-05-15 13:36:04,43.3578987121582,-8.84414196014404,"Male"
"6018403",371836,2025-05-15 13:41:04,43.3579330444336,-8.84400749206543,"Male"
"6018403",371836,2025-05-15 13:46:04,43.3579177856445,-8.84434413909912,"Male"
"6018403",371836,2025-05-15 13:51:11,43.3578567504883,-8.84378623962402,"Male"
"6018403",371836,2025-05-15 13:56:04,43.3578910827637,-8.84424495697021,"Male"
"6018403",371836,2025-05-15 14:01:07,43.357666015625,-8.84372806549072,"Male"
"6018403",371836,2025-05-15 14:06:06,43.3578567504883,-8.84421348571777,"Male"
"6018403",371836,2025-05-15 14:11:06,43.3578987121582,-8.84446239471436,"Male"
"6018403",371836,2025-05-15 14:16:05,43.3577423095703,-8.84407901763916,"Male"
"6018403",371836,2025-05-15 14:21:08,43.3576393127441,-8.84383773803711,"Male"
"6018403",371836,2025-05-15 14:26:10,43.3576545715332,-8.84386730194092,"Male"
"6018403",371836,2025-05-15 14:31:06,43.3576545715332,-8.84389591217041,"Male"
"6018403",371836,2025-05-15 14:36:08,43.3576927185059,-8.84398460388184,"Male"
"6018403",371836,2025-05-15 14:41:04,43.3576774597168,-8.84413146972656,"Male"
"6018403",371836,2025-05-15 14:46:05,43.3576507568359,-8.84393501281738,"Male"
"6018403",371836,2025-05-15 14:51:05,43.357666015625,-8.84403324127197,"Male"
"6018403",371836,2025-05-15 14:56:05,43.3575401306152,-8.84398746490479,"Male"
"6018403",371836,2025-05-15 15:01:08,43.3575210571289,-8.84410285949707,"Male"
"6018403",371836,2025-05-15 15:06:06,43.3576965332031,-8.84404373168945,"Male"
"6018403",371836,2025-05-15 15:11:06,43.3575973510742,-8.84433841705322,"Male"
"6018403",371836,2025-05-15 15:16:06,43.3575820922852,-8.84429740905762,"Male"
"6018403",371836,2025-05-15 15:21:10,43.3578033447266,-8.84405708312988,"Male"
"6018403",371836,2025-05-15 15:26:06,43.3578109741211,-8.84439659118652,"Male"
"6018403",371836,2025-05-15 15:31:06,43.357795715332,-8.84429454803467,"Male"
"6018403",371836,2025-05-15 15:36:06,43.3579444885254,-8.84409809112549,"Male"
"6018403",371836,2025-05-15 15:41:10,43.3578414916992,-8.84417915344238,"Male"
"6018403",371836,2025-05-15 15:46:05,43.3580436706543,-8.84379196166992,"Male"
"6018403",371836,2025-05-15 15:51:06,43.3579063415527,-8.84420871734619,"Male"
"6018403",371836,2025-05-15 15:56:05,43.3579292297363,-8.84419727325439,"Male"
"6018403",371836,2025-05-15 16:01:06,43.3579597473145,-8.84416961669922,"Male"
"6018403",371836,2025-05-15 16:06:05,43.35791015625,-8.84438705444336,"Male"
"6018403",371836,2025-05-15 16:11:05,43.3579063415527,-8.84408378601074,"Male"
"6018403",371836,2025-05-15 16:16:05,43.3578681945801,-8.84414386749268,"Male"
"6018403",371836,2025-05-15 16:21:05,43.3579292297363,-8.84413242340088,"Male"
"6018403",371836,2025-05-15 16:26:05,43.3579483032227,-8.84413146972656,"Male"
"6018403",371836,2025-05-15 16:31:05,43.3579864501953,-8.84412097930908,"Male"
"6018403",371836,2025-05-15 16:36:05,43.3580322265625,-8.84409046173096,"Male"
"6018403",371836,2025-05-15 16:41:05,43.3580169677734,-8.84417343139648,"Male"
"6018403",371836,2025-05-15 16:46:05,43.3580131530762,-8.8441686630249,"Male"
"6018403",371836,2025-05-15 16:51:05,43.357982635498,-8.84415912628174,"Male"
"6018403",371836,2025-05-15 16:56:04,43.3579978942871,-8.84418678283691,"Male"
"6018403",371836,2025-05-15 17:01:05,43.3579254150391,-8.84423542022705,"Male"
"6018403",371836,2025-05-15 17:06:05,43.3577613830566,-8.84405136108398,"Male"
"6018403",371836,2025-05-15 17:11:04,43.335319519043,-8.85294437408447,"Male"
"6018403",371836,2025-05-15 17:16:05,43.3142280578613,-8.85729789733887,"Male"
"6018403",371836,2025-05-15 17:21:05,43.3144683837891,-8.85661315917969,"Male"
"6018403",371836,2025-05-15 17:26:05,43.3140144348145,-8.8574275970459,"Male"
"6018403",371836,2025-05-15 17:31:06,43.3141403198242,-8.85686874389648,"Male"
"6018403",371836,2025-05-15 17:36:05,43.3206672668457,-8.86454677581787,"Male"
"6018403",371836,2025-05-15 17:41:05,43.3373260498047,-8.88640022277832,"Male"
"6018403",371836,2025-05-15 17:46:05,43.3441543579102,-8.91886234283447,"Male"
"6018403",371836,2025-05-15 17:51:04,43.3342208862305,-8.89737701416016,"Male"
"6018403",371836,2025-05-15 17:56:05,43.3474502563477,-8.87384510040283,"Male"
"6018403",371836,2025-05-15 18:01:04,43.3546752929688,-8.85110855102539,"Male"
"6018403",371836,2025-05-15 18:06:06,43.3579216003418,-8.84408855438232,"Male"
"6018403",371836,2025-05-15 18:11:04,43.3578834533691,-8.84411239624023,"Male"
"6018403",371836,2025-05-15 18:16:06,43.3610420227051,-8.8460054397583,"Male"
"6018403",371836,2025-05-15 18:21:05,43.3790855407715,-8.83179569244385,"Male"
"6018403",371836,2025-05-15 18:26:05,43.4036750793457,-8.82979774475098,"Male"
"6018403",371836,2025-05-15 18:31:06,43.4232330322266,-8.84955596923828,"Male"
"6018403",371836,2025-05-15 18:36:07,43.4327011108398,-8.89071559906006,"Male"
"6018403",371836,2025-05-15 18:41:08,43.4363861083984,-8.93636798858643,"Male"
"6018403",371836,2025-05-15 18:46:06,43.4393463134766,-8.98402404785156,"Male"
"6018403",371836,2025-05-15 18:51:06,43.4427757263184,-9.03038311004639,"Male"
"6018403",371836,2025-05-15 18:56:07,43.4400100708008,-9.08423805236816,"Male"
"6018403",371836,2025-05-15 19:01:05,43.454174041748,-9.11984157562256,"Male"
"6018403",371836,2025-05-15 19:06:05,43.463737487793,-9.15676498413086,"Male"
"6018403",371836,2025-05-15 19:11:08,43.4508666992188,-9.17045307159424,"Male"
"6018403",371836,2025-05-15 19:16:07,43.4556884765625,-9.15573501586914,"Male"
"6018403",371836,2025-05-15 19:21:06,43.4646606445312,-9.1508321762085,"Male"
"6018403",371836,2025-05-15 19:26:05,43.4752655029297,-9.1622257232666,"Male"
"6018403",371836,2025-05-15 19:31:09,43.4755363464355,-9.16622924804688,"Male"
"6018403",371836,2025-05-15 19:36:06,43.4723587036133,-9.14777755737305,"Male"
"6018403",371836,2025-05-15 19:41:07,43.4570236206055,-9.12528133392334,"Male"
"6018403",371836,2025-05-15 19:46:06,43.453311920166,-9.09223365783691,"Male"
"6018403",371836,2025-05-15 19:51:06,43.4437141418457,-9.05913829803467,"Male"
"6018403",371836,2025-05-15 19:56:06,43.432056427002,-9.02637577056885,"Male"
"6018403",371836,2025-05-15 20:01:06,43.4178657531738,-8.99406051635742,"Male"
"6018403",371836,2025-05-15 20:06:06,43.407642364502,-8.96290683746338,"Male"
"6018403",371836,2025-05-15 20:11:06,43.3996353149414,-8.94304466247559,"Male"
"6018403",371836,2025-05-15 20:16:06,43.3856239318848,-8.91054248809814,"Male"
"6018403",371836,2025-05-15 20:21:06,43.3739891052246,-8.87906837463379,"Male"
"6018403",371836,2025-05-15 20:26:05,43.3575134277344,-8.85061740875244,"Male"
"6018403",371836,2025-05-15 20:31:06,43.3580513000488,-8.84407424926758,"Male"
"6018403",371836,2025-05-15 20:36:08,43.3582077026367,-8.84437847137451,"Male"
"6018403",371836,2025-05-15 20:41:07,43.3582382202148,-8.84448432922363,"Male"
"6018403",371836,2025-05-15 20:46:11,43.358154296875,-8.84434700012207,"Male"
"6018403",371836,2025-05-15 20:51:07,43.358154296875,-8.84439277648926,"Male"
"6018403",371836,2025-05-15 20:56:07,43.3580093383789,-8.8443431854248,"Male"
"6018403",371836,2025-05-15 21:01:06,43.358039855957,-8.84432220458984,"Male"
"6018403",371836,2025-05-15 21:06:07,43.3579216003418,-8.84420967102051,"Male"
"6018403",371836,2025-05-15 21:11:07,43.3580551147461,-8.84420204162598,"Male"
"6018403",371836,2025-05-15 21:16:07,43.3580017089844,-8.8442325592041,"Male"
"6018403",371836,2025-05-15 21:21:06,43.3578796386719,-8.84414100646973,"Male"
"6018403",371836,2025-05-15 21:26:05,43.3578605651855,-8.84417629241943,"Male"
"6018403",371836,2025-05-15 21:31:05,43.3578681945801,-8.84413719177246,"Male"
"6018403",371836,2025-05-15 21:36:08,43.3580284118652,-8.84412384033203,"Male"
"6018403",371836,2025-05-15 21:41:07,43.3578300476074,-8.84406661987305,"Male"
"6018403",371836,2025-05-15 21:46:09,43.35791015625,-8.84398365020752,"Male"
"6018403",371836,2025-05-15 21:51:07,43.3577690124512,-8.84404754638672,"Male"
"6018403",371836,2025-05-15 21:56:06,43.3576889038086,-8.84423637390137,"Male"
"6018403",371836,2025-05-15 22:01:09,43.3575897216797,-8.84426784515381,"Male"
"6018403",371836,2025-05-15 22:06:07,43.3576889038086,-8.84410190582275,"Male"
"6018403",371836,2025-05-15 22:11:07,43.3576545715332,-8.84409332275391,"Male"
"6018403",371836,2025-05-15 22:16:06,43.357593536377,-8.84410381317139,"Male"
"6018403",371836,2025-05-15 22:21:07,43.3572120666504,-8.84455871582031,"Male"
"6018403",371836,2025-05-15 22:26:07,43.357421875,-8.84403705596924,"Male"
"6018403",371836,2025-05-15 22:31:06,43.3573837280273,-8.84442710876465,"Male"
"6018403",371836,2025-05-15 22:36:08,43.3578987121582,-8.84389686584473,"Male"
"6018403",371836,2025-05-15 22:41:07,43.3577194213867,-8.84391403198242,"Male"
"6018403",371836,2025-05-15 22:46:08,43.3578262329102,-8.84408569335938,"Male"
"6018403",371836,2025-05-15 22:51:06,43.3576431274414,-8.84388065338135,"Male"
"6018403",371836,2025-05-15 22:56:11,43.3577117919922,-8.84438133239746,"Male"
"6018403",371836,2025-05-15 23:01:09,43.3575019836426,-8.84392738342285,"Male"
"6018403",371836,2025-05-15 23:06:13,43.3575706481934,-8.8438892364502,"Male"
"6018403",371836,2025-05-15 23:11:14,43.3577728271484,-8.84404468536377,"Male"
"6018403",371836,2025-05-15 23:16:10,43.3574981689453,-8.84280014038086,"Male"
"6018403",371836,2025-05-15 23:21:13,43.3577079772949,-8.84368991851807,"Male"
"6018403",371836,2025-05-15 23:26:12,43.3578834533691,-8.84412002563477,"Male"
"6018403",371836,2025-05-15 23:31:06,43.3576126098633,-8.84316539764404,"Male"
"6018403",371836,2025-05-15 23:36:09,43.3576965332031,-8.84381294250488,"Male"
"6018403",371836,2025-05-15 23:41:11,43.3575248718262,-8.84333038330078,"Male"
"6018403",371836,2025-05-15 23:46:09,43.3582611083984,-8.84434986114502,"Male"
"6018403",371836,2025-05-15 23:51:12,43.3580589294434,-8.84416675567627,"Male"
"6018403",371836,2025-05-15 23:56:09,43.3582954406738,-8.84457206726074,"Male"
"6018403",371836,2025-05-16 00:01:08,43.3584632873535,-8.8448371887207,"Male"
"6018403",371836,2025-05-16 00:06:11,43.3585395812988,-8.84513187408447,"Male"
"6018403",371836,2025-05-16 00:11:10,43.3583946228027,-8.84481811523438,"Male"
"6018403",371836,2025-05-16 00:16:07,43.3581848144531,-8.84451198577881,"Male"
"6018403",371836,2025-05-16 00:21:10,43.3584098815918,-8.84481620788574,"Male"
"6018403",371836,2025-05-16 00:26:09,43.3582496643066,-8.84440231323242,"Male"
"6018403",371836,2025-05-16 00:31:09,43.3580741882324,-8.8446216583252,"Male"
"6018403",371836,2025-05-16 00:36:09,43.3582000732422,-8.84447956085205,"Male"
"6018403",371836,2025-05-16 00:41:07,43.3582725524902,-8.84446430206299,"Male"
"6018403",371836,2025-05-16 00:46:09,43.3582878112793,-8.84445190429688,"Male"
"6018403",371836,2025-05-16 00:51:10,43.3583488464355,-8.84436225891113,"Male"
"6018403",371836,2025-05-16 00:56:06,43.3578720092773,-8.8432674407959,"Male"
"6018403",371836,2025-05-16 01:01:12,43.3580627441406,-8.8440408706665,"Male"
"6018403",371836,2025-05-16 01:06:10,43.3584823608398,-8.84492778778076,"Male"
"6018403",371836,2025-05-16 01:11:10,43.3580932617188,-8.84393978118896,"Male"
"6018403",371836,2025-05-16 01:16:08,43.3578605651855,-8.84569263458252,"Male"
"6018403",371836,2025-05-16 01:21:07,43.3577842712402,-8.84585952758789,"Male"
"6018403",371836,2025-05-16 01:26:07,43.3578147888184,-8.84503078460693,"Male"
"6018403",371836,2025-05-16 01:31:07,43.3578300476074,-8.84407234191895,"Male"
"6018403",371836,2025-05-16 01:36:06,43.357780456543,-8.84389877319336,"Male"
"6018403",371836,2025-05-16 01:41:07,43.357837677002,-8.84407520294189,"Male"
"6018403",371836,2025-05-16 01:46:18,43.3575668334961,-8.84489250183105,"Male"
"6018403",371836,2025-05-16 01:51:16,43.357723236084,-8.84430980682373,"Male"
"6018403",371836,2025-05-16 01:56:23,43.3576965332031,-8.84411334991455,"Male"
"6018403",371836,2025-05-16 02:01:19,43.3577308654785,-8.84419822692871,"Male"
"6018403",371836,2025-05-16 02:06:35,43.3577690124512,-8.84456443786621,"Male"
"6018403",371836,2025-05-16 02:11:12,43.3577842712402,-8.84456443786621,"Male"
"6018403",371836,2025-05-16 02:16:08,43.3579177856445,-8.84425640106201,"Male"
"6018403",371836,2025-05-16 02:21:08,43.3579368591309,-8.84428787231445,"Male"
"6018403",371836,2025-05-16 02:26:06,43.3577117919922,-8.84434413909912,"Male"
"6018403",371836,2025-05-16 02:31:07,43.3579254150391,-8.84458160400391,"Male"
"6018403",371836,2025-05-16 02:36:09,43.3579063415527,-8.844557762146,"Male"
"6018403",371836,2025-05-16 02:41:10,43.3579216003418,-8.84404468536377,"Male"
"6018403",371836,2025-05-16 02:46:12,43.3579788208008,-8.8444128036499,"Male"
"6018403",371836,2025-05-16 02:51:06,43.3580627441406,-8.84465789794922,"Male"
"6018403",371836,2025-05-16 02:56:10,43.358081817627,-8.84418392181396,"Male"
"6018403",371836,2025-05-16 03:01:09,43.3581962585449,-8.84412860870361,"Male"
"6018403",371836,2025-05-16 03:06:11,43.3582496643066,-8.84420871734619,"Male"
"6018403",371836,2025-05-16 03:11:06,43.3581085205078,-8.84306049346924,"Male"
"6018403",371836,2025-05-16 03:16:09,43.3579292297363,-8.84405517578125,"Male"
"6018403",371836,2025-05-16 03:21:07,43.3576622009277,-8.843918800354,"Male"
"6018403",371836,2025-05-16 03:26:06,43.3578033447266,-8.84411907196045,"Male"
"6018403",371836,2025-05-16 03:31:10,43.3578071594238,-8.84421825408936,"Male"
"6018403",371836,2025-05-16 03:36:06,43.3577766418457,-8.84407520294189,"Male"
"6018403",371836,2025-05-16 03:41:06,43.3577880859375,-8.84410190582275,"Male"
"6018403",371836,2025-05-16 03:46:09,43.3579750061035,-8.84396743774414,"Male"
"6018403",371836,2025-05-16 03:51:11,43.3579406738281,-8.84397506713867,"Male"
"6018403",371836,2025-05-16 03:56:10,43.3579864501953,-8.84397029876709,"Male"
"6018403",371836,2025-05-16 04:01:09,43.3578834533691,-8.84409999847412,"Male"
"6018403",371836,2025-05-16 04:06:11,43.3579444885254,-8.84392070770264,"Male"
"6018403",371836,2025-05-16 04:11:08,43.3577919006348,-8.84420967102051,"Male"
"6018403",371836,2025-05-16 04:16:08,43.3578300476074,-8.84405708312988,"Male"
"6018403",371836,2025-05-16 04:21:08,43.3578224182129,-8.84408950805664,"Male"
"6018403",371836,2025-05-16 04:26:07,43.3578300476074,-8.84419441223145,"Male"
"6018403",371836,2025-05-16 04:31:10,43.357666015625,-8.84403896331787,"Male"
"6018403",371836,2025-05-16 04:36:08,43.3575973510742,-8.84404563903809,"Male"
"6018403",371836,2025-05-16 04:41:15,43.3576316833496,-8.84382629394531,"Male"
"6018403",371836,2025-05-16 04:46:16,43.3576812744141,-8.84385776519775,"Male"
"6018403",371836,2025-05-16 04:51:11,43.3577423095703,-8.84401798248291,"Male"
"6018403",371836,2025-05-16 04:56:09,43.3576126098633,-8.8440990447998,"Male"
"6018403",371836,2025-05-16 05:01:09,43.3574829101562,-8.84416770935059,"Male"
"6018403",371836,2025-05-16 05:06:09,43.357593536377,-8.84409713745117,"Male"
"6018403",371836,2025-05-16 05:11:10,43.3576889038086,-8.84414005279541,"Male"
"6018403",371836,2025-05-16 05:16:06,43.3576354980469,-8.84416770935059,"Male"
"6018403",371836,2025-05-16 05:21:09,43.3574447631836,-8.84423542022705,"Male"
"6018403",371836,2025-05-16 05:26:09,43.3575668334961,-8.84420204162598,"Male"
"6018403",371836,2025-05-16 05:31:13,43.3578186035156,-8.844407081604,"Male"
"6018403",371836,2025-05-16 05:36:15,43.3574829101562,-8.84406757354736,"Male"
"6018403",371836,2025-05-16 05:41:19,43.3577308654785,-8.84445381164551,"Male"
"6018403",371836,2025-05-16 05:46:08,43.3573188781738,-8.84377193450928,"Male"
"6018403",371836,2025-05-16 05:51:11,43.3574562072754,-8.84397506713867,"Male"
"6018403",371836,2025-05-16 05:56:10,43.3574638366699,-8.84390926361084,"Male"
"6018403",371836,2025-05-16 06:01:09,43.3572044372559,-8.84357452392578,"Male"
"6018403",371836,2025-05-16 06:06:14,43.3575286865234,-8.84406757354736,"Male"
"6018403",371836,2025-05-16 06:11:14,43.3581390380859,-8.84467506408691,"Male"
"6018403",371836,2025-05-16 06:16:20,43.3576812744141,-8.8441162109375,"Male"
"6018403",371836,2025-05-16 06:21:13,43.3576583862305,-8.84413242340088,"Male"
"6018403",371836,2025-05-16 06:26:11,43.357666015625,-8.8440637588501,"Male"
"6018403",371836,2025-05-16 06:31:13,43.3575859069824,-8.84395313262939,"Male"
"6018403",371836,2025-05-16 06:36:16,43.3576850891113,-8.84404754638672,"Male"
"6018403",371836,2025-05-16 06:41:10,43.3577499389648,-8.84411907196045,"Male"
"6018403",371836,2025-05-16 06:46:16,43.3577079772949,-8.84408187866211,"Male"
"6018403",371836,2025-05-16 06:51:14,43.3575057983398,-8.84418964385986,"Male"
"6018403",371836,2025-05-16 06:56:18,43.3573989868164,-8.84426784515381,"Male"
"6018403",371836,2025-05-16 07:01:35,43.357494354248,-8.84411525726318,"Male"
"6018403",371836,2025-05-16 07:06:08,43.3573951721191,-8.84411525726318,"Male"
"6018403",371836,2025-05-16 07:11:08,43.3576126098633,-8.84415531158447,"Male"
"6018403",371836,2025-05-16 07:16:08,43.3574829101562,-8.84393215179443,"Male"
"6018403",371836,2025-05-16 07:21:09,43.3574638366699,-8.84406757354736,"Male"
"6018403",371836,2025-05-16 07:26:08,43.3574905395508,-8.84417152404785,"Male"
"6018403",371836,2025-05-16 07:31:11,43.3575096130371,-8.84395980834961,"Male"
"6018403",371836,2025-05-16 07:36:08,43.3575019836426,-8.84411525726318,"Male"
"6018403",371836,2025-05-16 07:41:07,43.3574523925781,-8.84398078918457,"Male"
"6018403",371836,2025-05-16 07:46:06,43.3574829101562,-8.84408855438232,"Male"
"6018403",371836,2025-05-16 07:51:07,43.3574829101562,-8.8440637588501,"Male"
"6018403",371836,2025-05-16 07:56:07,43.3575325012207,-8.84411811828613,"Male"
"6018403",371836,2025-05-16 08:01:05,43.3574409484863,-8.84398460388184,"Male"
"6018403",371836,2025-05-16 08:06:09,43.357536315918,-8.84410190582275,"Male"
"6018403",371836,2025-05-16 08:11:09,43.3575630187988,-8.84419250488281,"Male"
"6018403",371836,2025-05-16 08:16:10,43.3575325012207,-8.84376525878906,"Male"
"6018403",371836,2025-05-16 08:21:12,43.3574981689453,-8.84377098083496,"Male"
"6018403",371836,2025-05-16 08:26:19,43.3576278686523,-8.84422492980957,"Male"
"6018403",371836,2025-05-16 08:31:18,43.3576316833496,-8.84421157836914,"Male"
"6018403",371836,2025-05-16 08:36:13,43.3575897216797,-8.84413814544678,"Male"
"6018403",371836,2025-05-16 08:41:13,43.3576164245605,-8.84427452087402,"Male"
"6018403",371836,2025-05-16 08:46:13,43.3577079772949,-8.84435844421387,"Male"
"6018403",371836,2025-05-16 08:51:10,43.3577117919922,-8.84439086914062,"Male"
"6018403",371836,2025-05-16 08:56:13,43.3577346801758,-8.84437465667725,"Male"
"6018403",371836,2025-05-16 09:01:13,43.3579711914062,-8.8447151184082,"Male"
"6018403",371836,2025-05-16 09:06:09,43.3578033447266,-8.8444185256958,"Male"
"6018403",371836,2025-05-16 09:11:13,43.3578300476074,-8.84446620941162,"Male"
"6018403",371836,2025-05-16 09:16:35,43.3576622009277,-8.84412574768066,"Male"
"6018403",371836,2025-05-16 09:21:10,43.3576889038086,-8.8441162109375,"Male"
"6018403",371836,2025-05-16 09:26:11,43.3580436706543,-8.8442907333374,"Male"
"6018403",371836,2025-05-16 09:31:12,43.3580932617188,-8.84359169006348,"Male"
"6018403",371836,2025-05-16 09:36:31,43.3575782775879,-8.84420299530029,"Male"
"6018403",371836,2025-05-16 09:41:05,43.3576774597168,-8.84414768218994,"Male"
"6018403",371836,2025-05-16 09:46:04,43.3576889038086,-8.84415435791016,"Male"
"6018403",371836,2025-05-16 09:51:06,43.3576393127441,-8.84419441223145,"Male"
"6018403",371836,2025-05-16 09:56:04,43.3576507568359,-8.84412670135498,"Male"
"6018403",371836,2025-05-16 10:01:04,43.3576507568359,-8.84417915344238,"Male"
"6018403",371836,2025-05-16 10:06:04,43.3576622009277,-8.844162940979,"Male"
"6018403",371836,2025-05-16 10:11:06,43.3576354980469,-8.84418869018555,"Male"
"6018403",371836,2025-05-16 10:16:07,43.3576278686523,-8.8442211151123,"Male"
"6018403",371836,2025-05-16 10:21:06,43.3576927185059,-8.84427547454834,"Male"
"6018403",371836,2025-05-16 10:26:05,43.3576126098633,-8.84430313110352,"Male"
"6018403",371836,2025-05-16 10:31:05,43.3576278686523,-8.84431076049805,"Male"
"6018403",371836,2025-05-16 10:36:06,43.3576011657715,-8.8442211151123,"Male"
"6018403",371836,2025-05-16 10:41:06,43.3575897216797,-8.84425354003906,"Male"
"6018403",371836,2025-05-16 10:46:05,43.3576049804688,-8.84419250488281,"Male"
"6018403",371836,2025-05-16 10:51:06,43.3576049804688,-8.84420013427734,"Male"
"6018403",371836,2025-05-16 10:56:06,43.3576011657715,-8.84428119659424,"Male"
"6018403",371836,2025-05-16 11:01:06,43.357551574707,-8.84423732757568,"Male"
"6018403",371836,2025-05-16 11:06:06,43.3575286865234,-8.84416389465332,"Male"
"6018403",371836,2025-05-16 11:11:07,43.357608795166,-8.84428691864014,"Male"
"6018403",371836,2025-05-16 11:16:07,43.3576393127441,-8.84430599212646,"Male"
"6018403",371836,2025-05-16 11:21:09,43.3575820922852,-8.84417247772217,"Male"
"6018403",371836,2025-05-16 11:26:09,43.3575820922852,-8.84444522857666,"Male"
"6018403",371836,2025-05-16 11:31:07,43.3576126098633,-8.84428310394287,"Male"
"6018403",371836,2025-05-16 11:36:07,43.3576698303223,-8.84424495697021,"Male"
"6018403",371836,2025-05-16 11:41:10,43.3576049804688,-8.8441858291626,"Male"
"6018403",371836,2025-05-16 11:46:07,43.3576240539551,-8.84432220458984,"Male"
"6018403",371836,2025-05-16 11:51:10,43.3575210571289,-8.84395313262939,"Male"
"6018403",371836,2025-05-16 11:56:08,43.3575973510742,-8.84411716461182,"Male"
"6018403",371836,2025-05-16 12:01:07,43.3575630187988,-8.84409713745117,"Male"
"6018403",371836,2025-05-16 12:06:06,43.3575820922852,-8.84414196014404,"Male"
"6018403",371836,2025-05-16 12:11:09,43.3576240539551,-8.84405326843262,"Male"
"6018403",371836,2025-05-16 12:16:06,43.3575859069824,-8.84407615661621,"Male"
"6018403",371836,2025-05-16 12:21:11,43.3576316833496,-8.84409236907959,"Male"
"6018403",371836,2025-05-16 12:26:05,43.3576316833496,-8.84427642822266,"Male"
"6018403",371836,2025-05-16 12:31:07,43.357608795166,-8.84409618377686,"Male"
"6018403",371836,2025-05-16 12:36:12,43.3576049804688,-8.8439474105835,"Male"
"6018403",371836,2025-05-16 12:41:11,43.3576126098633,-8.8438663482666,"Male"
"6018403",371836,2025-05-16 12:46:12,43.3575820922852,-8.84386253356934,"Male"
"6018403",371836,2025-05-16 12:51:33,43.3576393127441,-8.84416103363037,"Male"
"6018403",371836,2025-05-16 12:56:05,43.3576202392578,-8.84421443939209,"Male"
"6018403",371836,2025-05-16 13:01:05,43.3575782775879,-8.84427452087402,"Male"
"6018403",371836,2025-05-16 13:06:05,43.3575744628906,-8.84417152404785,"Male"
"6018403",371836,2025-05-16 13:11:05,43.3576202392578,-8.84421157836914,"Male"
"6018403",371836,2025-05-16 13:16:05,43.3576316833496,-8.84415817260742,"Male"
"6018403",371836,2025-05-16 13:21:05,43.3576049804688,-8.84410762786865,"Male"
"6018403",371836,2025-05-16 13:26:06,43.3576240539551,-8.84411716461182,"Male"
"6018403",371836,2025-05-16 13:31:05,43.3576507568359,-8.84411239624023,"Male"
"6018403",371836,2025-05-16 13:36:12,43.3576889038086,-8.84424209594727,"Male"
"6018403",371836,2025-05-16 13:41:07,43.3576583862305,-8.8442497253418,"Male"
"6018403",371836,2025-05-16 13:46:07,43.3577117919922,-8.84425354003906,"Male"
"6018403",371836,2025-05-16 13:51:12,43.3576850891113,-8.84421253204346,"Male"
"6018403",371836,2025-05-16 13:56:11,43.3576583862305,-8.84417915344238,"Male"
"6018403",371836,2025-05-16 14:01:06,43.357608795166,-8.84397220611572,"Male"
"6018403",371836,2025-05-16 14:06:07,43.3576812744141,-8.84422206878662,"Male"
"6018403",371836,2025-05-16 14:11:09,43.3576316833496,-8.84416389465332,"Male"
"6018403",371836,2025-05-16 14:16:05,43.3576469421387,-8.84426116943359,"Male"
"6018403",371836,2025-05-16 14:21:12,43.3576393127441,-8.84421920776367,"Male"
"6018403",371836,2025-05-16 14:26:05,43.3576049804688,-8.8441047668457,"Male"
"6018403",371836,2025-05-16 14:31:05,43.3644561767578,-8.85307598114014,"Male"
"6018403",371836,2025-05-16 14:36:08,43.373836517334,-8.8799991607666,"Male"
"6018403",371836,2025-05-16 14:41:09,43.3838195800781,-8.91618061065674,"Male"
"6018403",371836,2025-05-16 14:46:05,43.3934860229492,-8.96268367767334,"Male"
"6018403",371836,2025-05-16 14:51:08,43.3961524963379,-9.019362449646,"Male"
"6018403",371836,2025-05-16 14:56:06,43.3992347717285,-9.07610130310059,"Male"
"6018403",371836,2025-05-16 15:01:06,43.382137298584,-9.15001678466797,"Male"
"6018403",371836,2025-05-16 15:06:08,43.3685531616211,-9.15702819824219,"Male"
"6018403",371836,2025-05-16 15:11:07,43.3659782409668,-9.15811634063721,"Male"
"6018403",371836,2025-05-16 15:16:08,43.3652877807617,-9.15964508056641,"Male"
"6018403",371836,2025-05-16 15:21:12,43.3645668029785,-9.16121673583984,"Male"
"6018403",371836,2025-05-16 15:26:11,43.3638916015625,-9.16250228881836,"Male"
"6018403",371836,2025-05-16 15:31:24,43.3628921508789,-9.16424083709717,"Male"
"6018403",371836,2025-05-16 15:36:10,43.3587417602539,-9.1643533706665,"Male"
"6018403",371836,2025-05-16 15:41:21,43.3583793640137,-9.16530513763428,"Male"
"6018403",371836,2025-05-16 15:46:12,43.3577880859375,-9.16694164276123,"Male"
"6018403",371836,2025-05-16 15:51:10,43.3554496765137,-9.166672706604,"Male"
"6018403",371836,2025-05-16 15:56:09,43.3320617675781,-9.18909740447998,"Male"
"6018403",371836,2025-05-16 16:01:06,43.2853202819824,-9.20302295684814,"Male"
"6018403",371836,2025-05-16 16:06:05,43.2383689880371,-9.22232437133789,"Male"
"6018403",371836,2025-05-16 16:11:10,43.2236442565918,-9.22702407836914,"Male"
"6018403",371836,2025-05-16 16:16:20,43.2232666015625,-9.22808456420898,"Male"
"6018403",371836,2025-05-16 16:21:15,43.2227592468262,-9.22863864898682,"Male"
"6018403",371836,2025-05-16 16:26:09,43.2223167419434,-9.22950649261475,"Male"
"6018403",371836,2025-05-16 16:31:10,43.2213706970215,-9.22984981536865,"Male"
"6018403",371836,2025-05-16 16:36:07,43.2211952209473,-9.23088645935059,"Male"
"6018403",371836,2025-05-16 16:41:09,43.2211380004883,-9.23170566558838,"Male"
"6018403",371836,2025-05-16 16:46:09,43.2209358215332,-9.23261642456055,"Male"
"6018403",371836,2025-05-16 16:51:07,43.2327270507812,-9.24181175231934,"Male"
"6018403",371836,2025-05-16 16:56:09,43.2516212463379,-9.27479648590088,"Male"
"6018403",371836,2025-05-16 17:01:09,43.2725524902344,-9.28948593139648,"Male"
"6018403",371836,2025-05-16 17:06:07,43.2931594848633,-9.28691101074219,"Male"
"6018403",371836,2025-05-16 17:11:07,43.3109741210938,-9.28063869476318,"Male"
"6018403",371836,2025-05-16 17:16:08,43.3288459777832,-9.27089881896973,"Male"
"6018403",371836,2025-05-16 17:21:06,43.3448066711426,-9.26440715789795,"Male"
"6018403",371836,2025-05-16 17:26:07,43.3553886413574,-9.25656890869141,"Male"
"6018403",371836,2025-05-16 17:31:09,43.3607978820801,-9.24378967285156,"Male"
"6018403",371836,2025-05-16 17:36:07,43.3665542602539,-9.23787593841553,"Male"
"6018403",371836,2025-05-16 17:41:12,43.3720207214355,-9.232008934021,"Male"
"6018403",371836,2025-05-16 17:46:08,43.3737411499023,-9.21798801422119,"Male"
"6018403",371836,2025-05-16 17:51:12,43.3693351745605,-9.19248294830322,"Male"
"6018403",371836,2025-05-16 17:56:06,43.3623428344727,-9.16809558868408,"Male"
"6018403",371836,2025-05-16 18:01:13,43.3551788330078,-9.14315414428711,"Male"
"6018403",371836,2025-05-16 18:06:31,43.3506889343262,-9.11759376525879,"Male"
"6018403",371836,2025-05-16 18:11:12,43.3377113342285,-9.09213638305664,"Male"
"6018403",371836,2025-05-16 18:16:12,43.3282661437988,-9.06627082824707,"Male"
"6018403",371836,2025-05-16 18:21:15,43.3186111450195,-9.03603553771973,"Male"
"6018403",371836,2025-05-16 18:26:13,43.3039054870605,-9.0080738067627,"Male"
"6018403",371836,2025-05-16 18:31:19,43.293212890625,-8.98084354400635,"Male"
"6018403",371836,2025-05-16 18:36:43,43.2925033569336,-8.95968246459961,"Male"
"6018403",371836,2025-05-16 18:41:29,43.2881889343262,-8.93685722351074,"Male"
"6018403",371836,2025-05-16 18:46:32,43.3025779724121,-8.91736602783203,"Male"
"6018403",371836,2025-05-16 18:51:05,43.3153877258301,-8.91482543945312,"Male"
"6018403",371836,2025-05-16 18:56:06,43.3191947937012,-8.89772605895996,"Male"
"6018403",371836,2025-05-16 19:01:08,43.3222579956055,-8.86820030212402,"Male"
"6018403",371836,2025-05-16 19:06:07,43.336009979248,-8.85417938232422,"Male"
"6018403",371836,2025-05-16 19:11:05,43.3524475097656,-8.8494758605957,"Male"
"6018403",371836,2025-05-16 19:16:08,43.3579177856445,-8.84380340576172,"Male"
"6018403",371836,2025-05-16 19:21:12,43.357738494873,-8.8440055847168,"Male"
"6018403",371836,2025-05-16 19:26:10,43.3577003479004,-8.84405326843262,"Male"
"6018403",371836,2025-05-16 19:31:11,43.3577156066895,-8.84396362304688,"Male"
"6018403",371836,2025-05-16 19:36:11,43.3577461242676,-8.84401035308838,"Male"
"6018403",371836,2025-05-16 19:41:10,43.3576850891113,-8.84413051605225,"Male"
"6018403",371836,2025-05-16 19:46:09,43.3576622009277,-8.84418678283691,"Male"
"6018403",371836,2025-05-16 19:51:08,43.3574295043945,-8.84410762786865,"Male"
"6018403",371836,2025-05-16 19:56:08,43.3576583862305,-8.84413909912109,"Male"
"6018403",371836,2025-05-16 20:01:12,43.3576850891113,-8.84407615661621,"Male"
"6018403",371836,2025-05-16 20:06:15,43.3576431274414,-8.84427070617676,"Male"
"6018403",371836,2025-05-16 20:11:05,43.3577117919922,-8.84405040740967,"Male"
"6018403",371836,2025-05-16 20:16:17,43.3576812744141,-8.84406185150146,"Male"
"6018403",371836,2025-05-16 20:21:08,43.3575973510742,-8.84407806396484,"Male"
"6018403",371836,2025-05-16 20:26:09,43.357536315918,-8.84404754638672,"Male"
"6018403",371836,2025-05-16 20:31:18,43.3576927185059,-8.84411525726318,"Male"
"6018403",371836,2025-05-16 20:36:07,43.3575210571289,-8.84406566619873,"Male"
"6018403",371836,2025-05-16 20:41:10,43.3576354980469,-8.84411907196045,"Male"
"6018403",371836,2025-05-16 20:46:07,43.3576622009277,-8.84409141540527,"Male"
"6018403",371836,2025-05-16 20:51:09,43.3579788208008,-8.84443950653076,"Male"
"6018403",371836,2025-05-16 20:56:35,43.3576354980469,-8.84415912628174,"Male"
"6018403",371836,2025-05-16 21:01:04,43.3576278686523,-8.8441858291626,"Male"
"6018403",371836,2025-05-16 21:06:12,43.3576202392578,-8.84414863586426,"Male"
"6018403",371836,2025-05-16 21:11:06,43.3576812744141,-8.84433555603027,"Male"
"6018403",371836,2025-05-16 21:16:05,43.3576736450195,-8.84418487548828,"Male"
"6018403",371836,2025-05-16 21:21:07,43.3576164245605,-8.8441858291626,"Male"
"6018403",371836,2025-05-16 21:26:05,43.3575286865234,-8.84397602081299,"Male"
"6018403",371836,2025-05-16 21:31:09,43.3576049804688,-8.84409523010254,"Male"
"6018403",371836,2025-05-16 21:36:07,43.3576393127441,-8.84422206878662,"Male"
"6018403",371836,2025-05-16 21:41:05,43.357723236084,-8.84432315826416,"Male"
"6018403",371836,2025-05-16 21:46:13,43.3576126098633,-8.84408760070801,"Male"
"6018403",371836,2025-05-16 21:51:06,43.3578262329102,-8.84406280517578,"Male"
"6018403",371836,2025-05-16 21:56:06,43.3577156066895,-8.84432792663574,"Male"
"6018403",371836,2025-05-16 22:01:12,43.3576698303223,-8.84407997131348,"Male"
"6018403",371836,2025-05-16 22:06:11,43.3576812744141,-8.8441686630249,"Male"
"6018403",371836,2025-05-16 22:11:14,43.3576431274414,-8.84418106079102,"Male"
"6018403",371836,2025-05-16 22:16:06,43.3576431274414,-8.84407329559326,"Male"
"6018403",371836,2025-05-16 22:21:08,43.3576011657715,-8.84415721893311,"Male"
"6018403",371836,2025-05-16 22:26:08,43.3575057983398,-8.84391498565674,"Male"
"6018403",371836,2025-05-16 22:31:10,43.3576431274414,-8.84416961669922,"Male"
"6018403",371836,2025-05-16 22:36:06,43.3573722839355,-8.84334278106689,"Male"
"6018403",371836,2025-05-16 22:41:08,43.3576049804688,-8.84440803527832,"Male"
"6018403",371836,2025-05-16 22:46:08,43.3577766418457,-8.84464168548584,"Male"
"6018403",371836,2025-05-16 22:51:35,43.357608795166,-8.84428596496582,"Male"
"6018403",371836,2025-05-16 22:56:05,43.3575973510742,-8.84405612945557,"Male"
"6018403",371836,2025-05-16 23:01:07,43.3575057983398,-8.84428977966309,"Male"
"6018403",371836,2025-05-16 23:06:07,43.357364654541,-8.84395217895508,"Male"
"6018403",371836,2025-05-16 23:11:04,43.3573799133301,-8.84414577484131,"Male"
"6018403",371836,2025-05-16 23:16:05,43.3575248718262,-8.84412574768066,"Male"
"6018403",371836,2025-05-16 23:21:05,43.3572769165039,-8.8440580368042,"Male"
"6018403",371836,2025-05-16 23:26:07,43.3574600219727,-8.8440113067627,"Male"
"6018403",371836,2025-05-16 23:31:06,43.3575820922852,-8.84406185150146,"Male"
"6018403",371836,2025-05-16 23:36:07,43.3574485778809,-8.84406185150146,"Male"
"6018403",371836,2025-05-16 23:41:06,43.3574066162109,-8.8440055847168,"Male"
"6018403",371836,2025-05-16 23:46:04,43.3575859069824,-8.84414482116699,"Male"
"6018403",371836,2025-05-16 23:51:06,43.3575897216797,-8.8441276550293,"Male"
"6018403",371836,2025-05-16 23:56:06,43.3576049804688,-8.84414482116699,"Male"
"6018403",371836,2025-05-17 00:01:06,43.3574523925781,-8.84397602081299,"Male"
"6018403",371836,2025-05-17 00:06:06,43.3568878173828,-8.8438892364502,"Male"
"6018403",371836,2025-05-17 00:11:06,43.3573417663574,-8.84367752075195,"Male"
"6018403",371836,2025-05-17 00:16:04,43.3573989868164,-8.84399127960205,"Male"
"6018403",371836,2025-05-17 00:21:05,43.3568344116211,-8.84397125244141,"Male"
"6018403",371836,2025-05-17 00:26:07,43.356761932373,-8.84291076660156,"Male"
"6018403",371836,2025-05-17 00:31:09,43.3571434020996,-8.84374046325684,"Male"
"6018403",371836,2025-05-17 00:36:10,43.3571357727051,-8.84382438659668,"Male"
"6018403",371836,2025-05-17 00:41:05,43.3574752807617,-8.84381771087646,"Male"
"6018403",371836,2025-05-17 00:46:07,43.3576316833496,-8.84360122680664,"Male"
"6018403",371836,2025-05-17 00:51:05,43.3575973510742,-8.8437328338623,"Male"
"6018403",371836,2025-05-17 00:56:05,43.3576011657715,-8.84377288818359,"Male"
"6018403",371836,2025-05-17 01:01:06,43.3575096130371,-8.84387874603271,"Male"
"6018403",371836,2025-05-17 01:06:06,43.3578796386719,-8.84375667572021,"Male"
"6018403",371836,2025-05-17 01:11:06,43.3577842712402,-8.84365558624268,"Male"
"6018403",371836,2025-05-17 01:16:09,43.3578109741211,-8.84374523162842,"Male"
"6018403",371836,2025-05-17 01:21:07,43.3577842712402,-8.84372329711914,"Male"
"6018403",371836,2025-05-17 01:26:06,43.357780456543,-8.84376811981201,"Male"
"6018403",371836,2025-05-17 01:31:06,43.3577346801758,-8.84372806549072,"Male"
"6018403",371836,2025-05-17 01:36:18,43.3576774597168,-8.84373950958252,"Male"
"6018403",371836,2025-05-17 01:41:08,43.3576354980469,-8.84375667572021,"Male"
"6018403",371836,2025-05-17 01:46:06,43.3575744628906,-8.84371089935303,"Male"
"6018403",371836,2025-05-17 01:51:06,43.3575630187988,-8.84371471405029,"Male"
"6018403",371836,2025-05-17 01:56:06,43.3576583862305,-8.84385204315186,"Male"
"6018403",371836,2025-05-17 02:01:08,43.3575477600098,-8.84378242492676,"Male"
"6018403",371836,2025-05-17 02:06:05,43.3576507568359,-8.8438720703125,"Male"
"6018403",371836,2025-05-17 02:11:06,43.3575820922852,-8.84386157989502,"Male"
"6018403",371836,2025-05-17 02:16:08,43.357536315918,-8.84387493133545,"Male"
"6018403",371836,2025-05-17 02:21:09,43.3575057983398,-8.84391212463379,"Male"
"6018403",371836,2025-05-17 02:26:08,43.357536315918,-8.84390544891357,"Male"
"6018403",371836,2025-05-17 02:31:09,43.3576469421387,-8.84393787384033,"Male"
"6018403",371836,2025-05-17 02:36:08,43.3575782775879,-8.84383296966553,"Male"
"6018403",371836,2025-05-17 02:41:07,43.3575897216797,-8.84378910064697,"Male"
"6018403",371836,2025-05-17 02:46:06,43.3575096130371,-8.84373664855957,"Male"
"6018403",371836,2025-05-17 02:51:06,43.3575553894043,-8.84372806549072,"Male"
"6018403",371836,2025-05-17 02:56:11,43.3575630187988,-8.84375953674316,"Male"
"6018403",371836,2025-05-17 03:01:10,43.3576469421387,-8.84387874603271,"Male"
"6018403",371836,2025-05-17 03:06:09,43.3576278686523,-8.84386157989502,"Male"
"6018403",371836,2025-05-17 03:11:14,43.3576049804688,-8.84384822845459,"Male"
"6018403",371836,2025-05-17 03:16:31,43.3577919006348,-8.8438663482666,"Male"
"6018403",371836,2025-05-17 03:21:05,43.3578491210938,-8.84396934509277,"Male"
"6018403",371836,2025-05-17 03:26:08,43.3578109741211,-8.84402847290039,"Male"
"6018403",371836,2025-05-17 03:31:09,43.357837677002,-8.84397125244141,"Male"
"6018403",371836,2025-05-17 03:36:06,43.3577880859375,-8.84413623809814,"Male"
"6018403",371836,2025-05-17 03:41:07,43.3578186035156,-8.84389114379883,"Male"
"6018403",371836,2025-05-17 03:46:06,43.3577308654785,-8.84429931640625,"Male"
"6018403",371836,2025-05-17 03:51:05,43.3577156066895,-8.84437084197998,"Male"
"6018403",371836,2025-05-17 03:56:07,43.3578186035156,-8.84436893463135,"Male"
"6018403",371836,2025-05-17 04:01:06,43.3577880859375,-8.84420108795166,"Male"
"6018403",371836,2025-05-17 04:06:06,43.3579788208008,-8.84422969818115,"Male"
"6018403",371836,2025-05-17 04:11:06,43.3575210571289,-8.84430885314941,"Male"
"6018403",371836,2025-05-17 04:16:09,43.3576202392578,-8.84422969818115,"Male"
"6018403",371836,2025-05-17 04:21:11,43.3575019836426,-8.84432315826416,"Male"
"6018403",371836,2025-05-17 04:26:12,43.3575286865234,-8.84419345855713,"Male"
"6018403",371836,2025-05-17 04:31:10,43.3575706481934,-8.84432220458984,"Male"
"6018403",371836,2025-05-17 04:36:10,43.3575668334961,-8.84428119659424,"Male"
"6018403",371836,2025-05-17 04:41:09,43.3575286865234,-8.84424686431885,"Male"
"6018403",371836,2025-05-17 04:46:12,43.3575439453125,-8.84433364868164,"Male"
"6018403",371836,2025-05-17 04:51:07,43.3577117919922,-8.84432220458984,"Male"
"6018403",371836,2025-05-17 04:56:07,43.3575706481934,-8.84430503845215,"Male"
"6018403",371836,2025-05-17 05:01:07,43.3576431274414,-8.84433555603027,"Male"
"6018403",371836,2025-05-17 05:06:05,43.357551574707,-8.84434223175049,"Male"
"6018403",371836,2025-05-17 05:11:05,43.3573341369629,-8.84435653686523,"Male"
"6018403",371836,2025-05-17 05:16:07,43.3577461242676,-8.84404182434082,"Male"
"6018403",371836,2025-05-17 05:21:05,43.3575782775879,-8.84405708312988,"Male"
"6018403",371836,2025-05-17 05:26:06,43.3575325012207,-8.84395503997803,"Male"
"6018403",371836,2025-05-17 05:31:07,43.3577156066895,-8.84405136108398,"Male"
"6018403",371836,2025-05-17 05:36:07,43.357608795166,-8.84430027008057,"Male"
"6018403",371836,2025-05-17 05:41:08,43.3577423095703,-8.84440994262695,"Male"
"6018403",371836,2025-05-17 05:46:05,43.3578720092773,-8.84434604644775,"Male"
"6018403",371836,2025-05-17 05:51:10,43.3580513000488,-8.84396934509277,"Male"
"6018403",371836,2025-05-17 05:56:05,43.358024597168,-8.84406280517578,"Male"
"6018403",371836,2025-05-17 06:01:10,43.3578605651855,-8.84406471252441,"Male"
"6018403",371836,2025-05-17 06:06:07,43.3580474853516,-8.84409141540527,"Male"
"6018403",371836,2025-05-17 06:11:08,43.3580131530762,-8.84407711029053,"Male"
"6018403",371836,2025-05-17 06:16:10,43.3577423095703,-8.84437274932861,"Male"
"6018403",371836,2025-05-17 06:21:07,43.3577575683594,-8.84435176849365,"Male"
"6018403",371836,2025-05-17 06:26:08,43.3577537536621,-8.84439277648926,"Male"
"6018403",371836,2025-05-17 06:31:08,43.3577766418457,-8.84438705444336,"Male"
"6018403",371836,2025-05-17 06:36:11,43.3576812744141,-8.8443431854248,"Male"
"6018403",371836,2025-05-17 06:41:08,43.357536315918,-8.84456157684326,"Male"
"6018403",371836,2025-05-17 06:46:12,43.3577423095703,-8.84432697296143,"Male"
"6018403",371836,2025-05-17 06:51:14,43.3570175170898,-8.84414386749268,"Male"
"6018403",371836,2025-05-17 06:56:19,43.3576354980469,-8.84431648254395,"Male"
"6018403",371836,2025-05-17 07:01:07,43.3578147888184,-8.84433746337891,"Male"
"6018403",371836,2025-05-17 07:06:41,43.3577499389648,-8.84438037872314,"Male"
"6018403",371836,2025-05-17 07:11:07,43.3580322265625,-8.84411811828613,"Male"
"6018403",371836,2025-05-17 07:16:05,43.3577728271484,-8.84421062469482,"Male"
"6018403",371836,2025-05-17 07:21:10,43.3580932617188,-8.84395122528076,"Male"
"6018403",371836,2025-05-17 07:26:07,43.3577613830566,-8.84401607513428,"Male"
"6018403",371836,2025-05-17 07:31:09,43.3576507568359,-8.84425258636475,"Male"
"6018403",371836,2025-05-17 07:36:06,43.357593536377,-8.84423351287842,"Male"
"6018403",371836,2025-05-17 07:41:06,43.3576202392578,-8.84425926208496,"Male"
"6018403",371836,2025-05-17 07:46:35,43.3575668334961,-8.84411334991455,"Male"
"6018403",371836,2025-05-17 07:51:04,43.357494354248,-8.84401226043701,"Male"
"6018403",371836,2025-05-17 07:56:04,43.3575439453125,-8.8441219329834,"Male"
"6018403",371836,2025-05-17 08:01:05,43.3577728271484,-8.84438514709473,"Male"
"6018403",371836,2025-05-17 08:06:07,43.3576889038086,-8.84430122375488,"Male"
"6018403",371836,2025-05-17 08:11:07,43.3576736450195,-8.84414768218994,"Male"
"6018403",371836,2025-05-17 08:16:06,43.3576583862305,-8.84426403045654,"Male"
"6018403",371836,2025-05-17 08:21:06,43.3576698303223,-8.84416198730469,"Male"
"6018403",371836,2025-05-17 08:26:07,43.357738494873,-8.84428882598877,"Male"
"6018403",371836,2025-05-17 08:31:05,43.3577308654785,-8.8443078994751,"Male"
"6018403",371836,2025-05-17 08:36:06,43.3576622009277,-8.84415054321289,"Male"
"6018403",371836,2025-05-17 08:41:05,43.3577117919922,-8.84427928924561,"Male"
"6018403",371836,2025-05-17 08:46:05,43.3577003479004,-8.84422588348389,"Male"
"6018403",371836,2025-05-17 08:51:13,43.3577919006348,-8.84412384033203,"Male"
"6018403",371836,2025-05-17 08:56:05,43.3576698303223,-8.84436798095703,"Male"
"6018403",371836,2025-05-17 09:01:06,43.3577079772949,-8.84425449371338,"Male"
"6018403",371836,2025-05-17 09:06:07,43.3578605651855,-8.8443717956543,"Male"
"6018403",371836,2025-05-17 09:11:08,43.3579177856445,-8.84451293945312,"Male"
"6018403",371836,2025-05-17 09:16:05,43.3578643798828,-8.84421920776367,"Male"
"6018403",371836,2025-05-17 09:21:06,43.3578605651855,-8.8444356918335,"Male"
"6018403",371836,2025-05-17 09:26:06,43.3578605651855,-8.84439945220947,"Male"
"6018403",371836,2025-05-17 09:31:06,43.3578109741211,-8.84432220458984,"Male"
"6018403",371836,2025-05-17 09:36:06,43.3576850891113,-8.84428215026855,"Male"
"6018403",371836,2025-05-17 09:41:06,43.357780456543,-8.84418296813965,"Male"
"6018403",371836,2025-05-17 09:46:07,43.3577194213867,-8.84428215026855,"Male"
"6018403",371836,2025-05-17 09:51:07,43.3577156066895,-8.84423828125,"Male"
"6018403",371836,2025-05-17 09:56:09,43.3575782775879,-8.84437084197998,"Male"
"6018403",371836,2025-05-17 10:01:06,43.3576316833496,-8.84412288665771,"Male"
"6018403",371836,2025-05-17 10:06:05,43.3576469421387,-8.84414577484131,"Male"
"6018403",371836,2025-05-17 10:11:06,43.3577003479004,-8.84416007995605,"Male"
"6018403",371836,2025-05-17 10:16:06,43.3577651977539,-8.8440580368042,"Male"
"6018403",371836,2025-05-17 10:21:06,43.3577346801758,-8.84418869018555,"Male"
"6018403",371836,2025-05-17 10:26:06,43.3577575683594,-8.84417343139648,"Male"
"6018403",371836,2025-05-17 10:31:07,43.3576583862305,-8.84414863586426,"Male"
"6018403",371836,2025-05-17 10:36:06,43.357738494873,-8.84405994415283,"Male"
"6018403",371836,2025-05-17 10:41:06,43.3576889038086,-8.84422397613525,"Male"
"6018403",371836,2025-05-17 10:46:06,43.3577041625977,-8.84414577484131,"Male"
"6018403",371836,2025-05-17 10:51:06,43.3577537536621,-8.84413719177246,"Male"
"6018403",371836,2025-05-17 10:56:09,43.3577728271484,-8.84411430358887,"Male"
"6018403",371836,2025-05-17 11:01:06,43.3577308654785,-8.84415817260742,"Male"
"6018403",371836,2025-05-17 11:06:10,43.3575210571289,-8.84396362304688,"Male"
"6018403",371836,2025-05-17 11:11:07,43.3577194213867,-8.84415245056152,"Male"
"6018403",371836,2025-05-17 11:16:09,43.3576126098633,-8.84414768218994,"Male"
"6018403",371836,2025-05-17 11:21:07,43.3576354980469,-8.84419536590576,"Male"
"6018403",371836,2025-05-17 11:26:09,43.3574485778809,-8.84400653839111,"Male"
"6018403",371836,2025-05-17 11:31:09,43.3573760986328,-8.8440055847168,"Male"
"6018403",371836,2025-05-17 11:36:12,43.3574638366699,-8.84395122528076,"Male"
"6018403",371836,2025-05-17 11:41:07,43.3571853637695,-8.84346008300781,"Male"
"6018403",371836,2025-05-17 11:46:15,43.3572235107422,-8.84393787384033,"Male"
"6018403",371836,2025-05-17 11:51:09,43.3579750061035,-8.84440231323242,"Male"
"6018403",371836,2025-05-17 11:56:07,43.3581314086914,-8.84442329406738,"Male"
"6018403",371836,2025-05-17 12:01:06,43.3579025268555,-8.84437370300293,"Male"
"6018403",371836,2025-05-17 12:06:06,43.357837677002,-8.84439563751221,"Male"
"6018403",371836,2025-05-17 12:11:06,43.357852935791,-8.84439945220947,"Male"
"6018403",371836,2025-05-17 12:16:07,43.358081817627,-8.84432125091553,"Male"
"6018403",371836,2025-05-17 12:26:06,43.3579216003418,-8.84432506561279,"Male"
"6018403",371836,2025-05-17 12:31:07,43.3578453063965,-8.84430313110352,"Male"
"6018403",371836,2025-05-17 12:36:07,43.3579292297363,-8.84426498413086,"Male"
"6018403",371836,2025-05-17 12:41:07,43.3578605651855,-8.84426879882812,"Male"
"6018403",371836,2025-05-17 12:46:05,43.3577041625977,-8.84432125091553,"Male"
"6018403",371836,2025-05-17 12:51:06,43.3576889038086,-8.84433555603027,"Male"
"6018403",371836,2025-05-17 12:56:06,43.3577575683594,-8.8443546295166,"Male"
"6018403",371836,2025-05-17 13:01:06,43.3578643798828,-8.8443717956543,"Male"
"6018403",371836,2025-05-17 13:06:06,43.3577995300293,-8.84444427490234,"Male"
"6018403",371836,2025-05-17 13:11:06,43.3579559326172,-8.8444652557373,"Male"
"6018403",371836,2025-05-17 13:16:06,43.3579330444336,-8.84437847137451,"Male"
"6018403",371836,2025-05-17 13:21:05,43.3578720092773,-8.84441089630127,"Male"
"6018403",371836,2025-05-17 13:26:05,43.3578681945801,-8.84438228607178,"Male"
"6018403",371836,2025-05-17 13:31:05,43.3578567504883,-8.84436702728271,"Male"
"6018403",371836,2025-05-17 13:36:05,43.3579025268555,-8.84442615509033,"Male"
"6018403",371836,2025-05-17 13:41:06,43.3578147888184,-8.84445190429688,"Male"
"6018403",371836,2025-05-17 13:46:06,43.3578224182129,-8.8442497253418,"Male"
"6018403",371836,2025-05-17 13:51:08,43.3577919006348,-8.84409332275391,"Male"
"6018403",371836,2025-05-17 13:56:09,43.3576202392578,-8.84367561340332,"Male"
"6018403",371836,2025-05-17 14:01:06,43.3577117919922,-8.84388637542725,"Male"
"6018403",371836,2025-05-17 14:06:05,43.3577346801758,-8.84406661987305,"Male"
"6018403",371836,2025-05-17 14:11:05,43.3577690124512,-8.84424877166748,"Male"
"6018403",371836,2025-05-17 14:16:08,43.3577270507812,-8.84391498565674,"Male"
"6018403",371836,2025-05-17 14:21:05,43.3575782775879,-8.84422016143799,"Male"
"6018403",371836,2025-05-17 14:26:06,43.3577194213867,-8.84420776367188,"Male"
"6018403",371836,2025-05-17 14:32:14,43.3576011657715,-8.84409523010254,"Male"
"6018403",371836,2025-05-17 14:36:06,43.3576202392578,-8.8442268371582,"Male"
"6018403",371836,2025-05-17 14:41:07,43.3575668334961,-8.84399604797363,"Male"
"6018403",371836,2025-05-17 14:46:08,43.3575401306152,-8.84405040740967,"Male"
"6018403",371836,2025-05-17 14:51:11,43.3575401306152,-8.84404182434082,"Male"
"6018403",371836,2025-05-17 14:56:07,43.3574981689453,-8.84384536743164,"Male"
"6018403",371836,2025-05-17 15:01:06,43.3575248718262,-8.84392642974854,"Male"
"6018403",371836,2025-05-17 15:06:10,43.3575630187988,-8.84403324127197,"Male"
"6018403",371836,2025-05-17 15:11:07,43.3574371337891,-8.84406566619873,"Male"
"6018403",371836,2025-05-17 15:16:10,43.3577308654785,-8.84421062469482,"Male"
"6018403",371836,2025-05-17 15:21:10,43.3574142456055,-8.84405708312988,"Male"
"6018403",371836,2025-05-17 15:26:21,43.3577537536621,-8.84403991699219,"Male"
"6018403",371836,2025-05-17 15:31:08,43.3581695556641,-8.84395503997803,"Male"
"6018403",371836,2025-05-17 15:36:10,43.3579483032227,-8.84403705596924,"Male"
"6018403",371836,2025-05-17 15:41:10,43.3577499389648,-8.84396743774414,"Male"
"6018403",371836,2025-05-17 15:46:10,43.3577690124512,-8.84390354156494,"Male"
"6018403",371836,2025-05-17 15:51:13,43.3463821411133,-8.85531234741211,"Male"
"6018403",371836,2025-05-17 15:56:06,43.3137016296387,-8.85788154602051,"Male"
"6018403",371836,2025-05-17 16:01:09,43.3129425048828,-8.85740947723389,"Male"
"6018403",371836,2025-05-17 16:06:06,43.3137626647949,-8.85669040679932,"Male"
"6018403",371836,2025-05-17 16:11:06,43.3207740783691,-8.85492610931396,"Male"
"6018403",371836,2025-05-17 16:16:08,43.3480415344238,-8.84965705871582,"Male"
"6018403",371836,2025-05-17 16:21:35,43.3576545715332,-8.84403324127197,"Male"
"6018403",371836,2025-05-17 16:26:07,43.3576354980469,-8.84406661987305,"Male"
"6018403",371836,2025-05-17 16:31:06,43.3576393127441,-8.84409999847412,"Male"
"6018403",371836,2025-05-17 16:36:07,43.3575057983398,-8.84403324127197,"Male"
"6018403",371836,2025-05-17 16:41:07,43.3575477600098,-8.84392070770264,"Male"
"6018403",371836,2025-05-17 16:46:06,43.357593536377,-8.84416961669922,"Male"
"6018403",371836,2025-05-17 16:51:06,43.3576049804688,-8.84410762786865,"Male"
"6018403",371836,2025-05-17 16:56:06,43.3575744628906,-8.84405517578125,"Male"
"6018403",371836,2025-05-17 17:01:06,43.3629302978516,-8.85047435760498,"Male"
"6018403",371836,2025-05-17 17:06:06,43.3823051452637,-8.89565086364746,"Male"
"6018403",371836,2025-05-17 17:11:06,43.3958282470703,-8.94938278198242,"Male"
"6018403",371836,2025-05-17 17:16:06,43.4100761413574,-9.00564098358154,"Male"
"6018403",371836,2025-05-17 17:21:06,43.4239959716797,-9.0620698928833,"Male"
"6018403",371836,2025-05-17 17:26:06,43.4421081542969,-9.11433601379395,"Male"
"6018403",371836,2025-05-17 17:31:06,43.4659156799316,-9.13441753387451,"Male"
"6018403",371836,2025-05-17 17:36:05,43.4882583618164,-9.13893890380859,"Male"
"6018403",371836,2025-05-17 17:41:07,43.4957580566406,-9.14298629760742,"Male"
"6018403",371836,2025-05-17 17:46:07,43.4967231750488,-9.14415454864502,"Male"
"6018403",371836,2025-05-17 17:51:06,43.5108222961426,-9.16090202331543,"Male"
"6018403",371836,2025-05-17 17:56:06,43.5022315979004,-9.13508415222168,"Male"
"6018403",371836,2025-05-17 18:01:06,43.5192337036133,-9.13286304473877,"Male"
"6018403",371836,2025-05-17 18:06:05,43.496883392334,-9.1337718963623,"Male"
"6018403",371836,2025-05-17 18:11:06,43.5035781860352,-9.11301040649414,"Male"
"6018403",371836,2025-05-17 18:16:06,43.5052680969238,-9.11216831207275,"Male"
"6018403",371836,2025-05-17 18:21:06,43.5061798095703,-9.11289882659912,"Male"
"6018403",371836,2025-05-17 18:26:06,43.5074119567871,-9.1129207611084,"Male"
"6018403",371836,2025-05-17 18:31:06,43.5275459289551,-9.12724494934082,"Male"
"6018403",371836,2025-05-17 18:36:06,43.5092010498047,-9.10607147216797,"Male"
"6018403",371836,2025-05-17 18:41:06,43.4903984069824,-9.13146781921387,"Male"
"6018403",371836,2025-05-17 18:46:06,43.5106086730957,-9.15300559997559,"Male"
"6018403",371836,2025-05-17 18:51:11,43.517894744873,-9.12916660308838,"Male"
"6018403",371836,2025-05-17 18:56:06,43.5143127441406,-9.10528659820557,"Male"
"6018403",371836,2025-05-17 19:01:06,43.5278625488281,-9.09562683105469,"Male"
"6018403",371836,2025-05-17 19:06:06,43.5403289794922,-9.09047985076904,"Male"
"6018403",371836,2025-05-17 19:11:06,43.5422554016113,-9.07297134399414,"Male"
"6018403",371836,2025-05-17 19:16:06,43.5291938781738,-9.05453014373779,"Male"
"6018403",371836,2025-05-17 19:21:06,43.5369758605957,-9.08931064605713,"Male"
"6018403",371836,2025-05-17 19:26:06,43.5541000366211,-9.09323978424072,"Male"
"6018403",371836,2025-05-17 19:31:06,43.5768432617188,-9.09716033935547,"Male"
"6018403",371836,2025-05-17 19:36:07,43.5871086120605,-9.08338737487793,"Male"
"6018403",371836,2025-05-17 19:41:07,43.5806312561035,-9.06405735015869,"Male"
"6018403",371836,2025-05-17 19:46:06,43.5714149475098,-9.03421020507812,"Male"
"6018403",371836,2025-05-17 19:51:06,43.5572776794434,-9.00771045684814,"Male"
"6018403",371836,2025-05-17 19:56:06,43.5403785705566,-8.98050498962402,"Male"
"6018403",371836,2025-05-17 20:01:06,43.5292434692383,-8.95547389984131,"Male"
"6018403",371836,2025-05-17 20:06:06,43.5231590270996,-8.94621181488037,"Male"
"6018403",371836,2025-05-17 20:11:06,43.5003356933594,-8.9236307144165,"Male"
"6018403",371836,2025-05-17 20:16:06,43.4785118103027,-8.89958763122559,"Male"
"6018403",371836,2025-05-17 20:21:06,43.4478721618652,-8.89421367645264,"Male"
"6018403",371836,2025-05-17 20:26:06,43.4165916442871,-8.88617515563965,"Male"
"6018403",371836,2025-05-17 20:31:06,43.3874855041504,-8.87031173706055,"Male"
"6018403",371836,2025-05-17 20:36:07,43.3615112304688,-8.84791851043701,"Male"
"6018403",371836,2025-05-17 20:41:08,43.3574447631836,-8.84362411499023,"Male"
"6018403",371836,2025-05-17 20:46:07,43.3580551147461,-8.84427261352539,"Male"
"6018403",371836,2025-05-17 20:51:09,43.3580322265625,-8.84415149688721,"Male"
"6018403",371836,2025-05-17 20:56:35,43.3576698303223,-8.84395027160645,"Male"
"6018403",371836,2025-05-17 21:01:08,43.3576469421387,-8.84425830841064,"Male"
"6018403",371836,2025-05-17 21:06:05,43.3576354980469,-8.84418392181396,"Male"
"6018403",371836,2025-05-17 21:11:07,43.3576507568359,-8.84410572052002,"Male"
"6018403",371836,2025-05-17 21:16:09,43.3580627441406,-8.84474563598633,"Male"
"6018403",371836,2025-05-17 21:21:07,43.3577156066895,-8.84422302246094,"Male"
"6018403",371836,2025-05-17 21:26:06,43.3574829101562,-8.84397792816162,"Male"
"6018403",371836,2025-05-17 21:31:07,43.3577270507812,-8.84420204162598,"Male"
"6018403",371836,2025-05-17 21:36:07,43.3577270507812,-8.84420680999756,"Male"
"6018403",371836,2025-05-17 21:41:08,43.3570556640625,-8.84464836120605,"Male"
"6018403",371836,2025-05-17 21:46:05,43.3573532104492,-8.84433650970459,"Male"
"6018403",371836,2025-05-17 21:51:06,43.3574676513672,-8.84402370452881,"Male"
"6018403",371836,2025-05-17 21:56:07,43.3575286865234,-8.84393215179443,"Male"
"6018403",371836,2025-05-17 22:01:07,43.3575782775879,-8.84421157836914,"Male"
"6018403",371836,2025-05-17 22:06:07,43.3575439453125,-8.84396171569824,"Male"
"6018403",371836,2025-05-17 22:11:06,43.3578643798828,-8.84403896331787,"Male"
"6018403",371836,2025-05-17 22:16:07,43.3575973510742,-8.84427738189697,"Male"
"6018403",371836,2025-05-17 22:21:07,43.3599166870117,-8.84446716308594,"Male"
"6018403",371836,2025-05-17 22:26:09,43.3581047058105,-8.84415245056152,"Male"
"6018403",371836,2025-05-17 22:31:06,43.3576698303223,-8.84407806396484,"Male"
"6018403",371836,2025-05-17 22:36:06,43.3578186035156,-8.84414386749268,"Male"
"6018403",371836,2025-05-17 22:41:08,43.3574867248535,-8.84413242340088,"Male"
"6018403",371836,2025-05-17 22:46:07,43.357738494873,-8.8440990447998,"Male"
"6018403",371836,2025-05-17 22:51:06,43.3577919006348,-8.84423828125,"Male"
"6018403",371836,2025-05-17 22:56:07,43.3584518432617,-8.84377479553223,"Male"
"6018403",371836,2025-05-17 23:01:06,43.3577842712402,-8.84458541870117,"Male"
"6018403",371836,2025-05-17 23:06:07,43.3578834533691,-8.84415626525879,"Male"
"6018403",371836,2025-05-17 23:11:07,43.3581657409668,-8.84419441223145,"Male"
"6018403",371836,2025-05-17 23:16:06,43.3579406738281,-8.84435367584229,"Male"
"6018403",371836,2025-05-17 23:21:07,43.3532676696777,-8.85370063781738,"Male"
"6018403",371836,2025-05-17 23:26:06,43.3527183532715,-8.85480403900146,"Male"
"6018403",371836,2025-05-17 23:31:06,43.3524398803711,-8.85603713989258,"Male"
"6018403",371836,2025-05-17 23:36:06,43.3522567749023,-8.85696125030518,"Male"
"6018403",371836,2025-05-17 23:41:07,43.35205078125,-8.8575267791748,"Male"
"6018403",371836,2025-05-17 23:46:06,43.3519096374512,-8.85773277282715,"Male"
"6018403",371836,2025-05-17 23:51:06,43.3520317077637,-8.85816478729248,"Male"
"6018403",371836,2025-05-17 23:56:06,43.3522872924805,-8.85765647888184,"Male"
"6018403",371836,2025-05-18 00:01:06,43.3520965576172,-8.85781574249268,"Male"
"6018403",371836,2025-05-18 00:06:06,43.351619720459,-8.85773849487305,"Male"
"6018403",371836,2025-05-18 00:11:08,43.3520240783691,-8.85851955413818,"Male"
"6018403",371836,2025-05-18 00:16:06,43.3512954711914,-8.85720348358154,"Male"
"6018403",371836,2025-05-18 00:21:08,43.357593536377,-8.84413242340088,"Male"
"6018403",371836,2025-05-18 00:26:07,43.3576698303223,-8.8440523147583,"Male"
"6018403",371836,2025-05-18 00:31:06,43.3576354980469,-8.84403705596924,"Male"
"6018403",371836,2025-05-18 00:36:07,43.3575859069824,-8.84403514862061,"Male"
"6018403",371836,2025-05-18 00:41:07,43.3575553894043,-8.84400653839111,"Male"
"6018403",371836,2025-05-18 00:46:06,43.3575973510742,-8.84403705596924,"Male"
"6018403",371836,2025-05-18 00:51:06,43.3576278686523,-8.84401702880859,"Male"
"6018403",371836,2025-05-18 00:56:13,43.3575820922852,-8.84420013427734,"Male"
"6018403",371836,2025-05-18 01:01:07,43.3576278686523,-8.84397220611572,"Male"
"6018403",371836,2025-05-18 01:06:06,43.3576431274414,-8.84405422210693,"Male"
"6018403",371836,2025-05-18 01:11:10,43.3576316833496,-8.84392261505127,"Male"
"6018403",371836,2025-05-18 01:16:10,43.3577575683594,-8.84412288665771,"Male"
"6018403",371836,2025-05-18 01:21:26,43.3577079772949,-8.84364318847656,"Male"
"6018403",371836,2025-05-18 01:26:10,43.3576927185059,-8.84390163421631,"Male"
"6018403",371836,2025-05-18 01:31:07,43.3577117919922,-8.84390449523926,"Male"
"6018403",371836,2025-05-18 01:36:09,43.3575668334961,-8.84426689147949,"Male"
"6018403",371836,2025-05-18 01:41:08,43.3577041625977,-8.84416580200195,"Male"
"6018403",371836,2025-05-18 01:46:24,43.3577690124512,-8.84438610076904,"Male"
"6018403",371836,2025-05-18 01:51:15,43.3577651977539,-8.8442907333374,"Male"
"6018403",371836,2025-05-18 01:56:07,43.3578414916992,-8.84429836273193,"Male"
"6018403",371836,2025-05-18 02:01:09,43.3578262329102,-8.84420204162598,"Male"
"6018403",371836,2025-05-18 02:06:10,43.3577995300293,-8.84427356719971,"Male"
"6018403",371836,2025-05-18 02:11:33,43.3577613830566,-8.84453010559082,"Male"
"6018403",371836,2025-05-18 02:16:07,43.3577728271484,-8.84469985961914,"Male"
"6018403",371836,2025-05-18 02:21:08,43.3576812744141,-8.84449005126953,"Male"
"6018403",371836,2025-05-18 02:26:10,43.357666015625,-8.84439563751221,"Male"
"6018403",371836,2025-05-18 02:31:09,43.357723236084,-8.84446239471436,"Male"
"6018403",371836,2025-05-18 02:36:10,43.3576507568359,-8.84440612792969,"Male"
"6018403",371836,2025-05-18 02:41:07,43.3576927185059,-8.84455299377441,"Male"
"6018403",371836,2025-05-18 02:46:09,43.3575973510742,-8.84421157836914,"Male"
"6018403",371836,2025-05-18 02:51:06,43.3576011657715,-8.84419536590576,"Male"
"6018403",371836,2025-05-18 02:56:13,43.3576431274414,-8.84408855438232,"Male"
"6018403",371836,2025-05-18 03:01:09,43.357738494873,-8.84433078765869,"Male"
"6018403",371836,2025-05-18 03:06:06,43.3577461242676,-8.8442440032959,"Male"
"6018403",371836,2025-05-18 03:11:07,43.3577346801758,-8.84426689147949,"Male"
"6018403",371836,2025-05-18 03:16:07,43.3576049804688,-8.8441743850708,"Male"
"6018403",371836,2025-05-18 03:21:08,43.3577156066895,-8.84423828125,"Male"
"6018403",371836,2025-05-18 03:26:07,43.3577117919922,-8.84421253204346,"Male"
"6018403",371836,2025-05-18 03:31:06,43.3576354980469,-8.84413433074951,"Male"
"6018403",371836,2025-05-18 03:36:13,43.3576545715332,-8.84406185150146,"Male"
"6018403",371836,2025-05-18 03:41:07,43.3577003479004,-8.84405708312988,"Male"
"6018403",371836,2025-05-18 03:46:07,43.3577079772949,-8.84409332275391,"Male"
"6018403",371836,2025-05-18 03:51:10,43.3574752807617,-8.84402370452881,"Male"
"6018403",371836,2025-05-18 03:56:07,43.3576889038086,-8.84407520294189,"Male"
"6018403",371836,2025-05-18 04:01:07,43.3575477600098,-8.8442211151123,"Male"
"6018403",371836,2025-05-18 04:06:07,43.3576240539551,-8.844162940979,"Male"
"6018403",371836,2025-05-18 04:11:07,43.3576431274414,-8.84419918060303,"Male"
"6018403",371836,2025-05-18 04:16:09,43.3576354980469,-8.84442138671875,"Male"
"6018403",371836,2025-05-18 04:21:07,43.357494354248,-8.84413051605225,"Male"
"6018403",371836,2025-05-18 04:26:06,43.3576965332031,-8.8442325592041,"Male"
"6018403",371836,2025-05-18 04:31:07,43.3576965332031,-8.84420108795166,"Male"
"6018403",371836,2025-05-18 04:36:07,43.3576927185059,-8.84421634674072,"Male"
"6018403",371836,2025-05-18 04:41:08,43.3577461242676,-8.84424495697021,"Male"
"6018403",371836,2025-05-18 04:46:09,43.3576202392578,-8.84430313110352,"Male"
"6018403",371836,2025-05-18 04:51:08,43.3576164245605,-8.84421348571777,"Male"
"6018403",371836,2025-05-18 04:56:07,43.3576202392578,-8.84428215026855,"Male"
"6018403",371836,2025-05-18 05:01:06,43.3576431274414,-8.84424877166748,"Male"
"6018403",371836,2025-05-18 05:06:09,43.3576736450195,-8.84427356719971,"Male"
"6018403",371836,2025-05-18 05:11:07,43.3576126098633,-8.84419250488281,"Male"
"6018403",371836,2025-05-18 05:16:07,43.3576965332031,-8.84412574768066,"Male"
"6018403",371836,2025-05-18 05:21:09,43.357593536377,-8.84405708312988,"Male"
"6018403",371836,2025-05-18 05:26:08,43.357593536377,-8.84412574768066,"Male"
"6018403",371836,2025-05-18 05:31:07,43.3577270507812,-8.84412384033203,"Male"
"6018403",371836,2025-05-18 05:36:07,43.3576736450195,-8.84464550018311,"Male"
"6018403",371836,2025-05-18 05:41:07,43.3575782775879,-8.84405040740967,"Male"
"6018403",371836,2025-05-18 05:46:07,43.357982635498,-8.84426593780518,"Male"
"6018403",371836,2025-05-18 05:51:11,43.3581161499023,-8.84409999847412,"Male"
"6018403",371836,2025-05-18 05:56:12,43.3578834533691,-8.84440231323242,"Male"
"6018403",371836,2025-05-18 06:01:08,43.3579025268555,-8.84433650970459,"Male"
"6018403",371836,2025-05-18 06:06:07,43.3579025268555,-8.84443759918213,"Male"
"6018403",371836,2025-05-18 06:11:07,43.3578605651855,-8.84446716308594,"Male"
"6018403",371836,2025-05-18 06:16:07,43.3579177856445,-8.84425067901611,"Male"
"6018403",371836,2025-05-18 06:21:06,43.3578948974609,-8.84430122375488,"Male"
"6018403",371836,2025-05-18 06:26:07,43.3578758239746,-8.84434795379639,"Male"
"6018403",371836,2025-05-18 06:31:08,43.3578338623047,-8.84435653686523,"Male"
"6018403",371836,2025-05-18 06:36:09,43.3578758239746,-8.84439468383789,"Male"
"6018403",371836,2025-05-18 06:41:09,43.3578300476074,-8.84441375732422,"Male"
"6018403",371836,2025-05-18 06:46:09,43.357837677002,-8.84435558319092,"Male"
"6018403",371836,2025-05-18 06:51:07,43.3577041625977,-8.84448051452637,"Male"
"6018403",371836,2025-05-18 06:56:09,43.3576698303223,-8.84454441070557,"Male"
"6018403",371836,2025-05-18 07:01:10,43.3576774597168,-8.84441947937012,"Male"
"6018403",371836,2025-05-18 07:06:10,43.3576774597168,-8.84437942504883,"Male"
"6018403",371836,2025-05-18 07:11:12,43.3575592041016,-8.84452247619629,"Male"
"6018403",371836,2025-05-18 07:16:10,43.357349395752,-8.84474182128906,"Male"
"6018403",371836,2025-05-18 07:21:10,43.3576393127441,-8.84429454803467,"Male"
"6018403",371836,2025-05-18 07:26:09,43.3575592041016,-8.84415531158447,"Male"
"6018403",371836,2025-05-18 07:31:08,43.3575897216797,-8.84428215026855,"Male"
"6018403",371836,2025-05-18 07:36:07,43.3576126098633,-8.84428215026855,"Male"
"6018403",371836,2025-05-18 07:41:06,43.3575630187988,-8.84424781799316,"Male"
"6018403",371836,2025-05-18 07:46:08,43.3576126098633,-8.8441743850708,"Male"
"6018403",371836,2025-05-18 07:51:07,43.3575782775879,-8.84417343139648,"Male"
"6018403",371836,2025-05-18 07:56:07,43.357536315918,-8.8441276550293,"Male"
"6018403",371836,2025-05-18 08:01:08,43.3575592041016,-8.84417533874512,"Male"
"6018403",371836,2025-05-18 08:06:08,43.3574066162109,-8.84404373168945,"Male"
"6018403",371836,2025-05-18 08:11:08,43.3574714660645,-8.84395408630371,"Male"
"6018403",371836,2025-05-18 08:16:10,43.3573684692383,-8.84380626678467,"Male"
"6018403",371836,2025-05-18 08:21:16,43.3577690124512,-8.84397315979004,"Male"
"6018403",371836,2025-05-18 08:26:14,43.3577728271484,-8.84403610229492,"Male"
"6018403",371836,2025-05-18 08:31:11,43.3573570251465,-8.84366798400879,"Male"
"6018403",371836,2025-05-18 08:36:08,43.3574409484863,-8.84360694885254,"Male"
"6018403",371836,2025-05-18 08:41:11,43.3578071594238,-8.84516048431396,"Male"
"6018403",371836,2025-05-18 08:46:11,43.3579063415527,-8.8454532623291,"Male"
"6018403",371836,2025-05-18 08:51:08,43.3579368591309,-8.84433078765869,"Male"
"6018403",371836,2025-05-18 08:56:08,43.3579902648926,-8.84440231323242,"Male"
"6018403",371836,2025-05-18 09:01:10,43.3580360412598,-8.84427452087402,"Male"
"6018403",371836,2025-05-18 09:06:11,43.3581924438477,-8.84414672851562,"Male"
"6018403",371836,2025-05-18 09:11:08,43.3581962585449,-8.84419250488281,"Male"
"6018403",371836,2025-05-18 09:16:09,43.3581275939941,-8.84425067901611,"Male"
"6018403",371836,2025-05-18 09:21:09,43.3581962585449,-8.84415817260742,"Male"
"6018403",371836,2025-05-18 09:26:13,43.358097076416,-8.84421539306641,"Male"
"6018403",371836,2025-05-18 09:31:12,43.3581733703613,-8.84411430358887,"Male"
"6018403",371836,2025-05-18 09:36:12,43.3578033447266,-8.84343147277832,"Male"
"6018403",371836,2025-05-18 09:41:16,43.3577766418457,-8.84379196166992,"Male"
"6018403",371836,2025-05-18 09:46:13,43.3578186035156,-8.84319400787354,"Male"
"6018403",371836,2025-05-18 09:51:11,43.3580169677734,-8.84403514862061,"Male"
"6018403",371836,2025-05-18 09:56:19,43.3577919006348,-8.84378814697266,"Male"
"6018403",371836,2025-05-18 10:01:12,43.3575172424316,-8.84477710723877,"Male"
"6018403",371836,2025-05-18 10:06:12,43.357292175293,-8.84464168548584,"Male"
"6018403",371836,2025-05-18 10:11:09,43.3571281433105,-8.84474277496338,"Male"
"6018403",371836,2025-05-18 10:16:09,43.3571510314941,-8.84465789794922,"Male"
"6018403",371836,2025-05-18 10:21:09,43.3571891784668,-8.84457397460938,"Male"
"6018403",371836,2025-05-18 10:26:10,43.3572807312012,-8.84451389312744,"Male"
"6018403",371836,2025-05-18 10:31:11,43.3572578430176,-8.84444427490234,"Male"
"6018403",371836,2025-05-18 10:36:09,43.3571739196777,-8.84440326690674,"Male"
"6018403",371836,2025-05-18 10:41:09,43.3572196960449,-8.8442964553833,"Male"
"6018403",371836,2025-05-18 10:46:09,43.357177734375,-8.84432601928711,"Male"
"6018403",371836,2025-05-18 10:51:11,43.3571701049805,-8.84414958953857,"Male"
"6018403",371836,2025-05-18 10:56:11,43.3572006225586,-8.8440580368042,"Male"
"6018403",371836,2025-05-18 11:01:08,43.3571586608887,-8.84393787384033,"Male"
"6018403",371836,2025-05-18 11:06:08,43.3571128845215,-8.84392166137695,"Male"
"6018403",371836,2025-05-18 11:11:08,43.3572196960449,-8.84393119812012,"Male"
"6018403",371836,2025-05-18 11:16:10,43.3570709228516,-8.84374237060547,"Male"
"6018403",371836,2025-05-18 11:21:10,43.3572120666504,-8.84418296813965,"Male"
"6018403",371836,2025-05-18 11:26:11,43.3575859069824,-8.84494018554688,"Male"
"6018403",371836,2025-05-18 11:31:11,43.3563194274902,-8.84288692474365,"Male"
"6018403",371836,2025-05-18 11:36:13,43.3566741943359,-8.84302616119385,"Male"
"6018403",371836,2025-05-18 11:41:14,43.3575248718262,-8.84462070465088,"Male"
"6018403",371836,2025-05-18 11:46:17,43.3578567504883,-8.84436130523682,"Male"
"6018403",371836,2025-05-18 11:51:19,43.357967376709,-8.84428215026855,"Male"
"6018403",371836,2025-05-18 11:56:19,43.3584136962891,-8.8444299697876,"Male"
"6018403",371836,2025-05-18 12:01:11,43.3584518432617,-8.84457397460938,"Male"
"6018403",371836,2025-05-18 12:06:08,43.3585319519043,-8.84457778930664,"Male"
"6018403",371836,2025-05-18 12:11:10,43.3585395812988,-8.84455299377441,"Male"
"6018403",371836,2025-05-18 12:16:16,43.3586158752441,-8.84475517272949,"Male"
"6018403",371836,2025-05-18 12:21:17,43.3583641052246,-8.8444242477417,"Male"
"6018403",371836,2025-05-18 12:26:19,43.3585777282715,-8.84419727325439,"Male"
"6018403",371836,2025-05-18 12:31:09,43.3584518432617,-8.84453296661377,"Male"
"6018403",371836,2025-05-18 12:36:10,43.3583831787109,-8.84456634521484,"Male"
"6018403",371836,2025-05-18 12:41:09,43.3581771850586,-8.84455966949463,"Male"
"6018403",371836,2025-05-18 12:46:08,43.3581314086914,-8.84521293640137,"Male"
"6018403",371836,2025-05-18 12:51:10,43.3580780029297,-8.84492492675781,"Male"
"6018403",371836,2025-05-18 12:56:10,43.358081817627,-8.84511566162109,"Male"
"6018403",371836,2025-05-18 13:01:12,43.3577728271484,-8.8445463180542,"Male"
"6018403",371836,2025-05-18 13:06:10,43.3580169677734,-8.84506416320801,"Male"
"6018403",371836,2025-05-18 13:11:11,43.3579750061035,-8.84498882293701,"Male"
"6018403",371836,2025-05-18 13:16:13,43.3579788208008,-8.84462833404541,"Male"
"6018403",371836,2025-05-18 13:21:09,43.3579368591309,-8.84454727172852,"Male"
"6018403",371836,2025-05-18 13:26:12,43.3578872680664,-8.84464550018311,"Male"
"6018403",371836,2025-05-18 13:31:13,43.3578681945801,-8.84404563903809,"Male"
"6018403",371836,2025-05-18 13:36:13,43.3578338623047,-8.84397220611572,"Male"
"6018403",371836,2025-05-18 13:41:10,43.3575897216797,-8.84434223175049,"Male"
"6018403",371836,2025-05-18 13:46:10,43.357666015625,-8.84371376037598,"Male"
"6018403",371836,2025-05-18 13:51:13,43.3576850891113,-8.84386348724365,"Male"
"6018403",371836,2025-05-18 13:56:15,43.3576927185059,-8.84386730194092,"Male"
"6018403",371836,2025-05-18 14:01:10,43.3576889038086,-8.84375476837158,"Male"
"6018403",371836,2025-05-18 14:06:09,43.3576850891113,-8.84377765655518,"Male"
"6018403",371836,2025-05-18 14:11:19,43.3576316833496,-8.8438777923584,"Male"
"6018403",371836,2025-05-18 14:16:12,43.3574981689453,-8.84351253509521,"Male"
"6018403",371836,2025-05-18 14:21:10,43.3574562072754,-8.84367847442627,"Male"
"6018403",371836,2025-05-18 14:26:07,43.3688163757324,-8.86984443664551,"Male"
"6018403",371836,2025-05-18 14:31:07,43.3787994384766,-8.90476322174072,"Male"
"6018403",371836,2025-05-18 14:36:07,43.3988761901855,-8.92989444732666,"Male"
"6018403",371836,2025-05-18 14:41:07,43.4220008850098,-8.95768260955811,"Male"
"6018403",371836,2025-05-18 14:46:07,43.4498558044434,-8.98219680786133,"Male"
"6018403",371836,2025-05-18 14:51:07,43.4753799438477,-9.00661659240723,"Male"
"6018403",371836,2025-05-18 14:56:07,43.4944725036621,-9.03470516204834,"Male"
"6018403",371836,2025-05-18 15:01:07,43.5150566101074,-9.06024551391602,"Male"
"6018403",371836,2025-05-18 15:06:07,43.525447845459,-9.08762741088867,"Male"
"6018403",371836,2025-05-18 15:11:07,43.5390090942383,-9.11055564880371,"Male"
"6018403",371836,2025-05-18 15:16:07,43.5460090637207,-9.11581420898438,"Male"
"6018403",371836,2025-05-18 15:21:07,43.5291862487793,-9.1184549331665,"Male"
"6018403",371836,2025-05-18 15:26:10,43.5260925292969,-9.10204124450684,"Male"
"6018403",371836,2025-05-18 15:31:11,43.5273971557617,-9.10264110565186,"Male"
"6018403",371836,2025-05-18 15:36:08,43.5264091491699,-9.10177803039551,"Male"
"6018403",371836,2025-05-18 15:41:09,43.5263442993164,-9.10176849365234,"Male"
"6018403",371836,2025-05-18 15:46:08,43.5267906188965,-9.10144519805908,"Male"
"6018403",371836,2025-05-18 15:51:07,43.5141525268555,-9.07129859924316,"Male"
"6018403",371836,2025-05-18 15:56:07,43.5208702087402,-9.00748825073242,"Male"
"6018403",371836,2025-05-18 16:01:08,43.5438537597656,-8.94826602935791,"Male"
"6018403",371836,2025-05-18 16:06:07,43.5574035644531,-8.95784854888916,"Male"
"6018403",371836,2025-05-18 16:11:07,43.560131072998,-8.98314762115479,"Male"
"6018403",371836,2025-05-18 16:16:07,43.5528450012207,-9.00519371032715,"Male"
"6018403",371836,2025-05-18 16:21:07,43.5543403625488,-9.02600765228271,"Male"
"6018403",371836,2025-05-18 16:26:07,43.5755271911621,-9.04426193237305,"Male"
"6018403",371836,2025-05-18 16:31:12,43.5780601501465,-9.04293632507324,"Male"
"6018403",371836,2025-05-18 16:36:07,43.5780296325684,-9.04176616668701,"Male"
"6018403",371836,2025-05-18 16:41:10,43.5783271789551,-9.04093074798584,"Male"
"6018403",371836,2025-05-18 16:46:08,43.5783309936523,-9.03947639465332,"Male"
"6018403",371836,2025-05-18 16:51:09,43.578197479248,-9.03784847259521,"Male"
"6018403",371836,2025-05-18 16:56:08,43.5776710510254,-9.03643321990967,"Male"
"6018403",371836,2025-05-18 17:01:08,43.5566787719727,-9.02594184875488,"Male"
"6018403",371836,2025-05-18 17:06:08,43.5571250915527,-9.02464199066162,"Male"
"6018403",371836,2025-05-18 17:11:11,43.5573196411133,-9.02348899841309,"Male"
"6018403",371836,2025-05-18 17:16:10,43.5578422546387,-9.02214527130127,"Male"
"6018403",371836,2025-05-18 17:21:08,43.5437240600586,-9.00784873962402,"Male"
"6018403",371836,2025-05-18 17:26:07,43.5216751098633,-8.97485256195068,"Male"
"6018403",371836,2025-05-18 17:31:09,43.5047569274902,-8.92884540557861,"Male"
"6018403",371836,2025-05-18 17:36:08,43.4793357849121,-8.89256477355957,"Male"
"6018403",371836,2025-05-18 17:41:08,43.4503326416016,-8.85635662078857,"Male"
"6018403",371836,2025-05-18 17:46:08,43.4197845458984,-8.84415721893311,"Male"
"6018403",371836,2025-05-18 17:51:07,43.3934288024902,-8.83511257171631,"Male"
"6018403",371836,2025-05-18 17:56:08,43.3661613464355,-8.84322547912598,"Male"
"6018403",371836,2025-05-18 18:01:15,43.3578681945801,-8.84429359436035,"Male"
"6018403",371836,2025-05-18 18:06:13,43.3580741882324,-8.84447002410889,"Male"
"6018403",371836,2025-05-18 18:11:23,43.3579483032227,-8.84432601928711,"Male"
"6018403",371836,2025-05-18 18:16:12,43.3575744628906,-8.8441162109375,"Male"
"6018403",371836,2025-05-18 18:21:13,43.3577690124512,-8.84424495697021,"Male"
"6018403",371836,2025-05-18 18:26:19,43.3578758239746,-8.84429359436035,"Male"
"6018403",371836,2025-05-18 18:31:35,43.3576354980469,-8.84413051605225,"Male"
"6018403",371836,2025-05-18 18:36:10,43.3576011657715,-8.84413528442383,"Male"
"6018403",371836,2025-05-18 18:41:07,43.3574638366699,-8.84392356872559,"Male"
"6018403",371836,2025-05-18 18:46:07,43.357608795166,-8.84405994415283,"Male"
"6018403",371836,2025-05-18 18:51:10,43.3578491210938,-8.8444652557373,"Male"
"6018403",371836,2025-05-18 18:56:07,43.357852935791,-8.84422397613525,"Male"
"6018403",371836,2025-05-18 19:01:07,43.3576698303223,-8.84418487548828,"Male"
"6018403",371836,2025-05-18 19:06:09,43.357723236084,-8.84420299530029,"Male"
"6018403",371836,2025-05-18 19:11:11,43.3576011657715,-8.84405326843262,"Male"
"6018403",371836,2025-05-18 19:16:08,43.3576698303223,-8.84411716461182,"Male"
"6018403",371836,2025-05-18 19:21:11,43.3576927185059,-8.84419536590576,"Male"
"6018403",371836,2025-05-18 19:26:11,43.3576507568359,-8.84426879882812,"Male"
"6018403",371836,2025-05-18 19:31:10,43.3568878173828,-8.84414577484131,"Male"
"6018403",371836,2025-05-18 19:36:11,43.3576011657715,-8.84395694732666,"Male"
"6018403",371836,2025-05-18 19:41:09,43.3575286865234,-8.8440580368042,"Male"
"6018403",371836,2025-05-18 19:46:11,43.357479095459,-8.84402179718018,"Male"
"6018403",371836,2025-05-18 19:51:09,43.3576049804688,-8.84411430358887,"Male"
"6018403",371836,2025-05-18 19:56:08,43.3576049804688,-8.84408378601074,"Male"
"6018403",371836,2025-05-18 20:01:08,43.3576431274414,-8.84421348571777,"Male"
"6018403",371836,2025-05-18 20:06:07,43.3576469421387,-8.84409046173096,"Male"
"6018403",371836,2025-05-18 20:11:09,43.3575439453125,-8.84401226043701,"Male"
"6018403",371836,2025-05-18 20:16:10,43.3575706481934,-8.84408283233643,"Male"
"6018403",371836,2025-05-18 20:21:07,43.3575210571289,-8.84395790100098,"Male"
"6018403",371836,2025-05-18 20:26:08,43.3575325012207,-8.84406661987305,"Male"
"6018403",371836,2025-05-18 20:31:12,43.3575057983398,-8.84401702880859,"Male"
"6018403",371836,2025-05-18 20:36:11,43.3574676513672,-8.84395122528076,"Male"
"6018403",371836,2025-05-18 20:41:08,43.3575744628906,-8.84407997131348,"Male"
"6018403",371836,2025-05-18 20:46:13,43.3576049804688,-8.84412479400635,"Male"
"6018403",371836,2025-05-18 20:51:07,43.3576698303223,-8.84415817260742,"Male"
"6018403",371836,2025-05-18 20:56:09,43.3576507568359,-8.84403038024902,"Male"
"6018403",371836,2025-05-18 21:01:09,43.3578758239746,-8.84458065032959,"Male"
"6018403",371836,2025-05-18 21:06:11,43.3576393127441,-8.8441801071167,"Male"
"6018403",371836,2025-05-18 21:11:10,43.3576431274414,-8.84415817260742,"Male"
"6018403",371836,2025-05-18 21:16:17,43.3576889038086,-8.84290981292725,"Male"
"6018403",371836,2025-05-18 21:21:11,43.3572044372559,-8.84349822998047,"Male"
"6018403",371836,2025-05-18 21:26:12,43.3576622009277,-8.84424686431885,"Male"
"6018403",371836,2025-05-18 21:31:13,43.3580856323242,-8.8451452255249,"Male"
"6018403",371836,2025-05-18 21:36:07,43.3581047058105,-8.84517478942871,"Male"
"6018403",371836,2025-05-18 21:41:08,43.3580589294434,-8.84512042999268,"Male"
"6018403",371836,2025-05-18 21:46:33,43.3575744628906,-8.84425258636475,"Male"
"6018403",371836,2025-05-18 21:51:06,43.3576202392578,-8.84426307678223,"Male"
"6018403",371836,2025-05-18 21:56:06,43.3575859069824,-8.84425354003906,"Male"
"6018403",371836,2025-05-18 22:01:06,43.3576354980469,-8.84420108795166,"Male"
"6018403",371836,2025-05-18 22:06:06,43.3575401306152,-8.84426403045654,"Male"
"6018403",371836,2025-05-18 22:11:07,43.3576850891113,-8.84424304962158,"Male"
"6018403",371836,2025-05-18 22:16:08,43.3575248718262,-8.84411907196045,"Male"
"6018403",371836,2025-05-18 22:21:08,43.3576469421387,-8.84420108795166,"Male"
"6018403",371836,2025-05-18 22:26:10,43.3577308654785,-8.84441184997559,"Male"
"6018403",371836,2025-05-18 22:31:08,43.3577499389648,-8.84420490264893,"Male"
"6018403",371836,2025-05-18 22:36:08,43.3577919006348,-8.84414196014404,"Male"
"6018403",371836,2025-05-18 22:41:06,43.3577308654785,-8.84423923492432,"Male"
"6018403",371836,2025-05-18 22:46:08,43.3578681945801,-8.84412384033203,"Male"
"6018403",371836,2025-05-18 22:51:09,43.3578453063965,-8.8441047668457,"Male"
"6018403",371836,2025-05-18 22:56:07,43.3580131530762,-8.84426784515381,"Male"
"6018403",371836,2025-05-18 23:01:11,43.3578567504883,-8.84443473815918,"Male"
"6018403",371836,2025-05-18 23:06:08,43.3577461242676,-8.84364318847656,"Male"
"6018403",371836,2025-05-18 23:11:08,43.3578948974609,-8.84384250640869,"Male"
"6018403",371836,2025-05-18 23:16:08,43.3577194213867,-8.84378528594971,"Male"
"6018403",371836,2025-05-18 23:21:11,43.3575820922852,-8.84391784667969,"Male"
"6018403",371836,2025-05-18 23:26:08,43.3578186035156,-8.84419059753418,"Male"
"6018403",371836,2025-05-18 23:31:08,43.3577003479004,-8.84409999847412,"Male"
"6018403",371836,2025-05-18 23:36:10,43.3575820922852,-8.84378337860107,"Male"
"6018403",371836,2025-05-18 23:41:29,43.357666015625,-8.84425163269043,"Male"
"6018403",371836,2025-05-18 23:46:08,43.357666015625,-8.84427452087402,"Male"
"6018403",371836,2025-05-18 23:51:07,43.3576965332031,-8.84440803527832,"Male"
"6018403",371836,2025-05-18 23:56:11,43.3575668334961,-8.84403324127197,"Male"
"6018403",371836,2025-05-19 00:01:11,43.3570709228516,-8.84304141998291,"Male"
"6018403",371836,2025-05-19 00:06:32,43.3576393127441,-8.84408187866211,"Male"
"6018403",371836,2025-05-19 00:11:11,43.3575668334961,-8.84409141540527,"Male"
"6018403",371836,2025-05-19 00:16:09,43.3576164245605,-8.84416103363037,"Male"
"6018403",371836,2025-05-19 00:21:10,43.3581314086914,-8.84514617919922,"Male"
"6018403",371836,2025-05-19 00:26:10,43.3575630187988,-8.84406471252441,"Male"
"6018403",371836,2025-05-19 00:31:07,43.3575744628906,-8.84408092498779,"Male"
"6018403",371836,2025-05-19 00:36:08,43.3576011657715,-8.84413719177246,"Male"
"6018403",371836,2025-05-19 00:41:12,43.3577079772949,-8.84413433074951,"Male"
"6018403",371836,2025-05-19 00:46:08,43.3575592041016,-8.84407901763916,"Male"
"6018403",371836,2025-05-19 00:51:07,43.3576049804688,-8.84411525726318,"Male"
"6018403",371836,2025-05-19 00:56:08,43.3576316833496,-8.8441743850708,"Male"
"6018403",371836,2025-05-19 01:01:10,43.3576927185059,-8.84418678283691,"Male"
"6018403",371836,2025-05-19 01:06:10,43.3577117919922,-8.84415245056152,"Male"
"6018403",371836,2025-05-19 01:11:15,43.3579063415527,-8.8440580368042,"Male"
"6018403",371836,2025-05-19 01:16:08,43.3576354980469,-8.84414005279541,"Male"
"6018403",371836,2025-05-19 01:21:15,43.3577079772949,-8.84419822692871,"Male"
"6018403",371836,2025-05-19 01:26:28,43.3576202392578,-8.84430408477783,"Male"
"6018403",371836,2025-05-19 01:31:10,43.3575439453125,-8.84437656402588,"Male"
"6018403",371836,2025-05-19 01:36:08,43.3575553894043,-8.84436225891113,"Male"
"6018403",371836,2025-05-19 01:41:08,43.357536315918,-8.84445095062256,"Male"
"6018403",371836,2025-05-19 01:46:10,43.3575172424316,-8.84457015991211,"Male"
"6018403",371836,2025-05-19 01:51:09,43.3576316833496,-8.8445520401001,"Male"
"6018403",371836,2025-05-19 01:56:09,43.3575592041016,-8.84474468231201,"Male"
"6018403",371836,2025-05-19 02:01:18,43.3585090637207,-8.84459972381592,"Male"
"6018403",371836,2025-05-19 02:06:08,43.358154296875,-8.84477138519287,"Male"
"6018403",371836,2025-05-19 02:11:35,43.3576202392578,-8.84421920776367,"Male"
"6018403",371836,2025-05-19 02:16:07,43.3575668334961,-8.84417152404785,"Male"
"6018403",371836,2025-05-19 02:21:08,43.3575630187988,-8.84418106079102,"Male"
"6018403",371836,2025-05-19 02:26:09,43.3576583862305,-8.84415245056152,"Male"
"6018403",371836,2025-05-19 02:31:08,43.3575820922852,-8.84408092498779,"Male"
"6018403",371836,2025-05-19 02:36:10,43.3576774597168,-8.84412479400635,"Male"
"6018403",371836,2025-05-19 02:41:08,43.3576583862305,-8.84402179718018,"Male"
"6018403",371836,2025-05-19 02:46:08,43.3576850891113,-8.84410285949707,"Male"
"6018403",371836,2025-05-19 02:51:07,43.3577117919922,-8.84422397613525,"Male"
"6018403",371836,2025-05-19 02:56:09,43.3576393127441,-8.84409332275391,"Male"
"6018403",371836,2025-05-19 03:01:08,43.3576393127441,-8.84422779083252,"Male"
"6018403",371836,2025-05-19 03:06:18,43.3575553894043,-8.84417629241943,"Male"
"6018403",371836,2025-05-19 03:11:10,43.357551574707,-8.84410190582275,"Male"
"6018403",371836,2025-05-19 03:16:34,43.3576622009277,-8.84407711029053,"Male"
"6018403",371836,2025-05-19 03:21:18,43.3576698303223,-8.84407806396484,"Male"
"6018403",371836,2025-05-19 03:26:18,43.357593536377,-8.8441276550293,"Male"
"6018403",371836,2025-05-19 03:31:16,43.3575134277344,-8.84399509429932,"Male"
"6018403",371836,2025-05-19 03:36:18,43.357723236084,-8.84416675567627,"Male"
"6018403",371836,2025-05-19 03:41:35,43.3576049804688,-8.84414291381836,"Male"
"6018403",371836,2025-05-19 03:46:12,43.3580055236816,-8.84371757507324,"Male"
"6018403",371836,2025-05-19 03:51:10,43.3575248718262,-8.84414005279541,"Male"
"6018403",371836,2025-05-19 03:56:09,43.3573837280273,-8.84425449371338,"Male"
"6018403",371836,2025-05-19 04:01:11,43.3574752807617,-8.84413814544678,"Male"
"6018403",371836,2025-05-19 04:06:12,43.3575286865234,-8.84408664703369,"Male"
"6018403",371836,2025-05-19 04:11:11,43.3575973510742,-8.84417343139648,"Male"
"6018403",371836,2025-05-19 04:16:10,43.3576354980469,-8.84415435791016,"Male"
"6018403",371836,2025-05-19 04:21:09,43.3577575683594,-8.84417152404785,"Male"
"6018403",371836,2025-05-19 04:26:17,43.357551574707,-8.84416103363037,"Male"
"6018403",371836,2025-05-19 04:31:29,43.3576736450195,-8.84425449371338,"Male"
"6018403",371836,2025-05-19 04:36:32,43.357593536377,-8.84411430358887,"Male"
"6018403",371836,2025-05-19 04:41:07,43.3575859069824,-8.844069480896,"Male"
"6018403",371836,2025-05-19 04:46:07,43.357536315918,-8.84415435791016,"Male"
"6018403",371836,2025-05-19 04:51:06,43.3575859069824,-8.84419822692871,"Male"
"6018403",371836,2025-05-19 04:56:08,43.3576736450195,-8.84414768218994,"Male"
"6018403",371836,2025-05-19 05:01:13,43.3576622009277,-8.84420204162598,"Male"
"6018403",371836,2025-05-19 05:06:09,43.357349395752,-8.84302425384521,"Male"
"6018403",371836,2025-05-19 05:11:09,43.3576850891113,-8.84414958953857,"Male"
"6018403",371836,2025-05-19 05:16:06,43.3311614990234,-8.85281753540039,"Male"
"6018403",371836,2025-05-19 05:21:08,43.3142127990723,-8.85671329498291,"Male"
"6018403",371836,2025-05-19 05:26:07,43.3143272399902,-8.85680103302002,"Male"
"6018403",371836,2025-05-19 05:31:07,43.3162460327148,-8.85919189453125,"Male"
"6018403",371836,2025-05-19 05:36:06,43.3161773681641,-8.85915470123291,"Male"
"6018403",371836,2025-05-19 05:41:07,43.3161849975586,-8.85920238494873,"Male"
"6018403",371836,2025-05-19 05:46:08,43.3162994384766,-8.85922527313232,"Male"
"6018403",371836,2025-05-19 05:51:06,43.3162307739258,-8.85915184020996,"Male"
"6018403",371836,2025-05-19 05:56:07,43.3161582946777,-8.85912990570068,"Male"
"6018403",371836,2025-05-19 06:01:09,43.316162109375,-8.85924911499023,"Male"
"6018403",371836,2025-05-19 06:06:10,43.3152084350586,-8.8574333190918,"Male"
"6018403",371836,2025-05-19 06:11:10,43.3147659301758,-8.85701560974121,"Male"
"6018403",371836,2025-05-19 06:16:07,43.3466300964355,-8.84927368164062,"Male"
"6018403",371836,2025-05-19 06:21:13,43.357852935791,-8.8443660736084,"Male"
"6018403",371836,2025-05-19 06:26:13,43.3575477600098,-8.8441162109375,"Male"
"6018403",371836,2025-05-19 06:31:08,43.357852935791,-8.84432697296143,"Male"
"6018403",371836,2025-05-19 06:36:08,43.3577461242676,-8.84427833557129,"Male"
"6018403",371836,2025-05-19 06:41:18,43.3575325012207,-8.844162940979,"Male"
"6018403",371836,2025-05-19 06:46:08,43.357479095459,-8.84393978118896,"Male"
"6018403",371836,2025-05-19 06:51:14,43.3575706481934,-8.84412956237793,"Male"
"6018403",371836,2025-05-19 06:56:21,43.3575897216797,-8.84412288665771,"Male"
"6018403",371836,2025-05-19 07:01:24,43.3575820922852,-8.844069480896,"Male"
"6018403",371836,2025-05-19 07:06:26,43.3575286865234,-8.84412002563477,"Male"
"6018403",371836,2025-05-19 07:11:25,43.3576164245605,-8.84417819976807,"Male"
"6018403",371836,2025-05-19 07:16:25,43.3576812744141,-8.84438896179199,"Male"
"6018403",371836,2025-05-19 07:21:35,43.3575286865234,-8.84414482116699,"Male"
"6018403",371836,2025-05-19 07:26:07,43.3576850891113,-8.84422302246094,"Male"
"6018403",371836,2025-05-19 07:31:08,43.357608795166,-8.84419250488281,"Male"
"6018403",371836,2025-05-19 07:36:07,43.3574676513672,-8.8441162109375,"Male"
"6018403",371836,2025-05-19 07:41:07,43.3575286865234,-8.84409999847412,"Male"
"6018403",371836,2025-05-19 07:46:07,43.3575401306152,-8.84414577484131,"Male"
"6018403",371836,2025-05-19 07:51:08,43.357536315918,-8.84414958953857,"Male"
"6018403",371836,2025-05-19 07:56:08,43.3575668334961,-8.84420680999756,"Male"
"6018403",371836,2025-05-19 08:01:16,43.3576049804688,-8.84447860717773,"Male"
"6018403",371836,2025-05-19 08:06:07,43.3575859069824,-8.84439659118652,"Male"
"6018403",371836,2025-05-19 08:11:07,43.3575706481934,-8.84432220458984,"Male"
"6018403",371836,2025-05-19 08:16:08,43.357593536377,-8.84454441070557,"Male"
"6018403",371836,2025-05-19 08:21:13,43.3575553894043,-8.84428024291992,"Male"
"6018403",371836,2025-05-19 08:26:11,43.3575706481934,-8.8444242477417,"Male"
"6018403",371836,2025-05-19 08:31:12,43.3575553894043,-8.84443473815918,"Male"
"6018403",371836,2025-05-19 08:36:12,43.357593536377,-8.84439945220947,"Male"
"6018403",371836,2025-05-19 08:41:12,43.359188079834,-8.84630489349365,"Male"
"6018403",371836,2025-05-19 08:46:12,43.389762878418,-8.86665153503418,"Male"
"6018403",371836,2025-05-19 08:51:12,43.4203414916992,-8.89589786529541,"Male"
"6018403",371836,2025-05-19 08:56:12,43.4501533508301,-8.92403316497803,"Male"
"6018403",371836,2025-05-19 09:01:12,43.4673843383789,-8.95043659210205,"Male"
"6018403",371836,2025-05-19 09:06:12,43.4935989379883,-8.98023319244385,"Male"
"6018403",371836,2025-05-19 09:11:13,43.5331840515137,-8.98963260650635,"Male"
"6018403",371836,2025-05-19 09:16:22,43.5400047302246,-9.02949142456055,"Male"
"6018403",371836,2025-05-19 09:21:23,43.5422515869141,-9.06192302703857,"Male"
"6018403",371836,2025-05-19 09:26:24,43.541316986084,-9.09595489501953,"Male"
"6018403",371836,2025-05-19 09:31:17,43.5404357910156,-9.12963008880615,"Male"
"6018403",371836,2025-05-19 09:36:16,43.5230560302734,-9.14381408691406,"Male"
"6018403",371836,2025-05-19 09:41:17,43.5311241149902,-9.15525913238525,"Male"
"6018403",371836,2025-05-19 09:46:16,43.5347633361816,-9.18870544433594,"Male"
"6018403",371836,2025-05-19 09:51:27,43.5613479614258,-9.21392059326172,"Male"
"6018403",371836,2025-05-19 09:56:17,43.5970344543457,-9.19007396697998,"Male"
"6018403",371836,2025-05-19 10:01:32,43.6246376037598,-9.14236259460449,"Male"
"6018403",371836,2025-05-19 10:06:12,43.6342010498047,-9.09509086608887,"Male"
"6018403",371836,2025-05-19 10:11:12,43.664737701416,-9.05404853820801,"Male"
"6018403",371836,2025-05-19 10:16:12,43.6846694946289,-9.00643825531006,"Male"
"6018403",371836,2025-05-19 10:21:12,43.6957740783691,-8.95135307312012,"Male"
"6018403",371836,2025-05-19 10:26:12,43.6873817443848,-8.90008354187012,"Male"
"6018403",371836,2025-05-19 10:31:12,43.6858787536621,-8.87760162353516,"Male"
"6018403",371836,2025-05-19 10:36:15,43.689826965332,-8.86442565917969,"Male"
"6018403",371836,2025-05-19 10:41:17,43.6793098449707,-8.86713695526123,"Male"
"6018403",371836,2025-05-19 10:46:29,43.6732063293457,-8.868821144104,"Male"
"6018403",371836,2025-05-19 10:51:19,43.6728439331055,-8.86830139160156,"Male"
"6018403",371836,2025-05-19 10:56:15,43.6722679138184,-8.86788082122803,"Male"
"6018403",371836,2025-05-19 11:01:35,43.6720504760742,-8.86787128448486,"Male"
"6018403",371836,2025-05-19 11:06:31,43.671817779541,-8.86714458465576,"Male"
"6018403",371836,2025-05-19 11:11:12,43.6714820861816,-8.86648368835449,"Male"
"6018403",371836,2025-05-19 11:16:12,43.671314239502,-8.86564636230469,"Male"
"6018403",371836,2025-05-19 11:21:12,43.6712455749512,-8.86491966247559,"Male"
"6018403",371836,2025-05-19 11:26:15,43.6711235046387,-8.86431503295898,"Male"
"6018403",371836,2025-05-19 11:31:24,43.6709938049316,-8.86393165588379,"Male"
"6018403",371836,2025-05-19 11:36:12,43.6708145141602,-8.86372375488281,"Male"
"6018403",371836,2025-05-19 11:41:15,43.6706619262695,-8.86377143859863,"Male"
"6018403",371836,2025-05-19 11:46:15,43.6703643798828,-8.86390399932861,"Male"
"6018403",371836,2025-05-19 11:51:15,43.6704444885254,-8.86396312713623,"Male"
"6018403",371836,2025-05-19 11:56:30,43.6700019836426,-8.86318683624268,"Male"
"6018403",371836,2025-05-19 12:01:14,43.670280456543,-8.86370372772217,"Male"
"6018403",371836,2025-05-19 12:06:12,43.6630973815918,-8.87169742584229,"Male"
"6018403",371836,2025-05-19 12:11:12,43.649284362793,-8.89267253875732,"Male"
"6018403",371836,2025-05-19 12:16:12,43.6287651062012,-8.90835285186768,"Male"
"6018403",371836,2025-05-19 12:21:16,43.6106834411621,-8.91343212127686,"Male"
"6018403",371836,2025-05-19 12:26:13,43.6105461120605,-8.91247653961182,"Male"
"6018403",371836,2025-05-19 12:31:13,43.6105918884277,-8.91142082214355,"Male"
"6018403",371836,2025-05-19 12:36:13,43.610237121582,-8.91126251220703,"Male"
"6018403",371836,2025-05-19 12:41:15,43.6100082397461,-8.91175174713135,"Male"
"6018403",371836,2025-05-19 12:46:14,43.6048049926758,-8.93121433258057,"Male"
"6018403",371836,2025-05-19 12:51:19,43.595287322998,-8.95034408569336,"Male"
"6018403",371836,2025-05-19 12:56:15,43.5952568054199,-8.94862270355225,"Male"
"6018403",371836,2025-05-19 13:01:14,43.5944023132324,-8.94665813446045,"Male"
"6018403",371836,2025-05-19 13:06:14,43.5938949584961,-8.94772148132324,"Male"
"6018403",371836,2025-05-19 13:11:16,43.5945854187012,-8.94731140136719,"Male"
"6018403",371836,2025-05-19 13:16:16,43.5946502685547,-8.94643402099609,"Male"
"6018403",371836,2025-05-19 13:21:13,43.5951271057129,-8.94536781311035,"Male"
"6018403",371836,2025-05-19 13:26:16,43.5956687927246,-8.94426441192627,"Male"
"6018403",371836,2025-05-19 13:31:18,43.5962257385254,-8.94309043884277,"Male"
"6018403",371836,2025-05-19 13:36:22,43.5965538024902,-8.94167041778564,"Male"
"6018403",371836,2025-05-19 13:41:14,43.5967903137207,-8.94082832336426,"Male"
"6018403",371836,2025-05-19 13:46:15,43.5972595214844,-8.93929862976074,"Male"
"6018403",371836,2025-05-19 13:51:15,43.5974159240723,-8.93798160552979,"Male"
"6018403",371836,2025-05-19 13:56:19,43.5977058410645,-8.93665981292725,"Male"
"6018403",371836,2025-05-19 14:01:35,43.598258972168,-8.93522930145264,"Male"
"6018403",371836,2025-05-19 14:06:14,43.5980529785156,-8.93369197845459,"Male"
"6018403",371836,2025-05-19 14:11:14,43.5983734130859,-8.93221187591553,"Male"
"6018403",371836,2025-05-19 14:16:12,43.5996437072754,-8.93051528930664,"Male"
"6018403",371836,2025-05-19 14:21:12,43.5995178222656,-8.92663669586182,"Male"
"6018403",371836,2025-05-19 14:26:14,43.600025177002,-8.92614650726318,"Male"
"6018403",371836,2025-05-19 14:31:13,43.5997848510742,-8.92537117004395,"Male"
"6018403",371836,2025-05-19 14:36:22,43.5992012023926,-8.92447948455811,"Male"
"6018403",371836,2025-05-19 14:41:19,43.5993385314941,-8.92360877990723,"Male"
"6018403",371836,2025-05-19 14:46:18,43.5996627807617,-8.92266941070557,"Male"
"6018403",371836,2025-05-19 14:51:21,43.5984497070312,-8.92125225067139,"Male"
"6018403",371836,2025-05-19 14:56:19,43.5984687805176,-8.91972160339355,"Male"
"6018403",371836,2025-05-19 15:01:15,43.5980377197266,-8.9186544418335,"Male"
"6018403",371836,2025-05-19 15:06:30,43.5979232788086,-8.91760921478271,"Male"
"6018403",371836,2025-05-19 15:11:18,43.5981216430664,-8.91637134552002,"Male"
"6018403",371836,2025-05-19 15:16:17,43.5981369018555,-8.91524600982666,"Male"
"6018403",371836,2025-05-19 15:21:15,43.5979385375977,-8.91439437866211,"Male"
"6018403",371836,2025-05-19 15:26:18,43.5973663330078,-8.91361141204834,"Male"
"6018403",371836,2025-05-19 15:31:15,43.5825042724609,-8.91233921051025,"Male"
"6018403",371836,2025-05-19 15:36:21,43.555305480957,-8.90443325042725,"Male"
"6018403",371836,2025-05-19 15:41:15,43.5306434631348,-8.89745330810547,"Male"
"6018403",371836,2025-05-19 15:46:18,43.5301208496094,-8.89853382110596,"Male"
"6018403",371836,2025-05-19 15:51:14,43.5241165161133,-8.89431381225586,"Male"
"6018403",371836,2025-05-19 15:56:23,43.4950942993164,-8.88053512573242,"Male"
"6018403",371836,2025-05-19 16:01:13,43.4676780700684,-8.87571239471436,"Male"
"6018403",371836,2025-05-19 16:06:13,43.4401435852051,-8.87374305725098,"Male"
"6018403",371836,2025-05-19 16:11:17,43.4108619689941,-8.86874008178711,"Male"
"6018403",371836,2025-05-19 16:16:16,43.3792304992676,-8.85393238067627,"Male"
"6018403",371836,2025-05-19 16:21:34,43.357593536377,-8.84428691864014,"Male"
"6018403",371836,2025-05-19 16:26:18,43.3576278686523,-8.84422588348389,"Male"
"6018403",371836,2025-05-19 16:31:14,43.3575210571289,-8.84413719177246,"Male"
"6018403",371836,2025-05-19 16:36:12,43.3575439453125,-8.84418201446533,"Male"
"6018403",371836,2025-05-19 16:41:13,43.3576240539551,-8.84448909759521,"Male"
"6018403",371836,2025-05-19 16:46:13,43.3575592041016,-8.84423351287842,"Male"
"6018403",371836,2025-05-19 16:51:23,43.3574905395508,-8.84405899047852,"Male"
"6018403",371836,2025-05-19 16:56:15,43.3574028015137,-8.84399318695068,"Male"
"6018403",371836,2025-05-19 17:01:35,43.3575782775879,-8.84413814544678,"Male"
"6018403",371836,2025-05-19 17:06:13,43.3575782775879,-8.84416961669922,"Male"
"6018403",371836,2025-05-19 17:11:13,43.3575744628906,-8.844162940979,"Male"
"6018403",371836,2025-05-19 17:16:13,43.3575897216797,-8.84415817260742,"Male"
"6018403",371836,2025-05-19 17:21:13,43.3576469421387,-8.84424877166748,"Male"
"6018403",371836,2025-05-19 17:26:13,43.3576240539551,-8.84421253204346,"Male"
"6018403",371836,2025-05-19 17:31:13,43.3577156066895,-8.84424018859863,"Male"
"6018403",371836,2025-05-19 17:36:13,43.357608795166,-8.84422016143799,"Male"
"6018403",371836,2025-05-19 17:41:13,43.3576583862305,-8.84424209594727,"Male"
"6018403",371836,2025-05-19 17:46:12,43.3576011657715,-8.84413814544678,"Male"
"6018403",371836,2025-05-19 17:51:13,43.3575134277344,-8.84414958953857,"Male"
"6018403",371836,2025-05-19 17:56:13,43.3575897216797,-8.8441743850708,"Male"
"6018403",371836,2025-05-19 18:01:14,43.3576622009277,-8.84428310394287,"Male"
"6018403",371836,2025-05-19 18:06:16,43.3575668334961,-8.84417057037354,"Male"
"6018403",371836,2025-05-19 18:11:13,43.3575668334961,-8.84418678283691,"Male"
"6018403",371836,2025-05-19 18:16:13,43.3577613830566,-8.84430980682373,"Male"
"6018403",371836,2025-05-19 18:21:15,43.3576316833496,-8.84425640106201,"Male"
"6018403",371836,2025-05-19 18:26:15,43.3576889038086,-8.84426116943359,"Male"
"6018403",371836,2025-05-19 18:31:15,43.3575553894043,-8.84416007995605,"Male"
"6018403",371836,2025-05-19 18:36:16,43.3578720092773,-8.84468650817871,"Male"
"6018403",371836,2025-05-19 18:41:19,43.3576126098633,-8.84420394897461,"Male"
"6018403",371836,2025-05-19 18:46:35,43.3575553894043,-8.84416675567627,"Male"
"6018403",371836,2025-05-19 18:51:12,43.357536315918,-8.8440637588501,"Male"
"6018403",371836,2025-05-19 18:56:14,43.3575210571289,-8.84422397613525,"Male"
"6018403",371836,2025-05-19 19:01:16,43.3575859069824,-8.84419727325439,"Male"
"6018403",371836,2025-05-19 19:06:12,43.357551574707,-8.84414768218994,"Male"
"6018403",371836,2025-05-19 19:11:13,43.3575782775879,-8.84419536590576,"Male"
"6018403",371836,2025-05-19 19:16:21,43.3575477600098,-8.84419727325439,"Male"
"6018403",371836,2025-05-19 19:21:18,43.3577041625977,-8.84444618225098,"Male"
"6018403",371836,2025-05-19 19:26:16,43.3576202392578,-8.84432506561279,"Male"
"6018403",371836,2025-05-19 19:31:14,43.3575057983398,-8.84409523010254,"Male"
"6018403",371836,2025-05-19 19:36:13,43.3576278686523,-8.84430599212646,"Male"
"6018403",371836,2025-05-19 19:41:19,43.3576164245605,-8.84428977966309,"Male"
"6018403",371836,2025-05-19 19:46:16,43.3575897216797,-8.84415817260742,"Male"
"6018403",371836,2025-05-19 19:51:17,43.3576164245605,-8.84405517578125,"Male"
"6018403",371836,2025-05-19 19:56:35,43.357593536377,-8.84411525726318,"Male"
"6018403",371836,2025-05-19 20:01:18,43.3576202392578,-8.84414863586426,"Male"
"6018403",371836,2025-05-19 20:06:14,43.3575897216797,-8.84414768218994,"Male"
"6018403",371836,2025-05-19 20:11:14,43.3576316833496,-8.84411525726318,"Male"
"6018403",371836,2025-05-19 20:16:13,43.357982635498,-8.84380912780762,"Male"
"6018403",371836,2025-05-19 20:21:16,43.3577766418457,-8.84424495697021,"Male"
"6018403",371836,2025-05-19 20:26:16,43.357723236084,-8.84429264068604,"Male"
"6018403",371836,2025-05-19 20:31:13,43.3577766418457,-8.84437656402588,"Male"
"6018403",371836,2025-05-19 20:36:44,43.3574333190918,-8.84370899200439,"Male"
"6018403",371836,2025-05-19 20:41:17,43.3575325012207,-8.84399318695068,"Male"
"6018403",371836,2025-05-19 20:46:13,43.3574829101562,-8.84388446807861,"Male"
"6018403",371836,2025-05-19 20:51:12,43.3574600219727,-8.84379291534424,"Male"
"6018403",371836,2025-05-19 20:56:14,43.3574981689453,-8.84390163421631,"Male"
"6018403",371836,2025-05-19 21:01:15,43.3578186035156,-8.84434700012207,"Male"
"6018403",371836,2025-05-19 21:06:15,43.3575668334961,-8.8439245223999,"Male"
"6018403",371836,2025-05-19 21:11:13,43.3572807312012,-8.84331130981445,"Male"
"6018403",371836,2025-05-19 21:16:21,43.3576622009277,-8.84395790100098,"Male"
"6018403",371836,2025-05-19 21:21:13,43.3576812744141,-8.84428024291992,"Male"
"6018403",371836,2025-05-19 21:26:13,43.3578643798828,-8.84416198730469,"Male"
"6018403",371836,2025-05-19 21:31:35,43.3577194213867,-8.8441104888916,"Male"
"6018403",371836,2025-05-19 21:36:13,43.3577041625977,-8.84407234191895,"Male"
"6018403",371836,2025-05-19 21:41:13,43.3577117919922,-8.84405422210693,"Male"
"6018403",371836,2025-05-19 21:46:13,43.3577919006348,-8.84407043457031,"Male"
"6018403",371836,2025-05-19 21:51:12,43.3577613830566,-8.84412384033203,"Male"
"6018403",371836,2025-05-19 21:56:12,43.3576889038086,-8.84410190582275,"Male"
"6018403",371836,2025-05-19 22:01:13,43.357780456543,-8.84419918060303,"Male"
"6018403",371836,2025-05-19 22:06:13,43.3574676513672,-8.84428024291992,"Male"
"6018403",371836,2025-05-19 22:11:13,43.3578643798828,-8.84417915344238,"Male"
"6018403",371836,2025-05-19 22:16:13,43.3574447631836,-8.84428787231445,"Male"
"6018403",371836,2025-05-19 22:21:13,43.3574981689453,-8.84421348571777,"Male"
"6018403",371836,2025-05-19 22:26:13,43.3574676513672,-8.84430980682373,"Male"
"6018403",371836,2025-05-19 22:31:13,43.3576774597168,-8.84410858154297,"Male"
"6018403",371836,2025-05-19 22:36:15,43.3576850891113,-8.84426021575928,"Male"
"6018403",371836,2025-05-19 22:41:14,43.3576011657715,-8.84419536590576,"Male"
"6018403",371836,2025-05-19 22:46:12,43.3575592041016,-8.84404373168945,"Male"
"6018403",371836,2025-05-19 22:51:12,43.3576011657715,-8.8439416885376,"Male"
"6018403",371836,2025-05-19 22:56:13,43.3575477600098,-8.84400177001953,"Male"
"6018403",371836,2025-05-19 23:01:13,43.3574333190918,-8.84412479400635,"Male"
"6018403",371836,2025-05-19 23:06:14,43.3576278686523,-8.84408569335938,"Male"
"6018403",371836,2025-05-19 23:11:13,43.3575401306152,-8.84409046173096,"Male"
"6018403",371836,2025-05-19 23:16:13,43.3576126098633,-8.84397888183594,"Male"
"6018403",371836,2025-05-19 23:21:13,43.3575706481934,-8.84398746490479,"Male"
"6018403",371836,2025-05-19 23:26:13,43.3576049804688,-8.84394550323486,"Male"
"6018403",371836,2025-05-19 23:31:13,43.3576545715332,-8.84405612945557,"Male"
"6018403",371836,2025-05-19 23:36:13,43.3576354980469,-8.84407806396484,"Male"
"6018403",371836,2025-05-19 23:41:13,43.3575820922852,-8.84402751922607,"Male"
"6018403",371836,2025-05-19 23:46:14,43.3576622009277,-8.84397602081299,"Male"
"6018403",371836,2025-05-19 23:51:13,43.3575782775879,-8.84406471252441,"Male"
"6018403",371836,2025-05-19 23:56:13,43.3575401306152,-8.84397602081299,"Male"
"6018403",371836,2025-05-20 00:01:35,43.3575668334961,-8.84389781951904,"Male"
"6018403",371836,2025-05-20 00:06:14,43.3576927185059,-8.84474849700928,"Male"
"6018403",371836,2025-05-20 00:11:14,43.3576316833496,-8.84425067901611,"Male"
"6018403",371836,2025-05-20 00:16:13,43.3575096130371,-8.84391498565674,"Male"
"6018403",371836,2025-05-20 00:21:13,43.3575859069824,-8.84401416778564,"Male"
"6018403",371836,2025-05-20 00:26:14,43.357723236084,-8.84432983398438,"Male"
"6018403",371836,2025-05-20 00:31:13,43.3576774597168,-8.84420013427734,"Male"
"6018403",371836,2025-05-20 00:36:14,43.3575782775879,-8.84394264221191,"Male"
"6018403",371836,2025-05-20 00:41:14,43.3576469421387,-8.84427452087402,"Male"
"6018403",371836,2025-05-20 00:46:17,43.3575820922852,-8.84391307830811,"Male"
"6018403",371836,2025-05-20 00:51:15,43.3577041625977,-8.84431648254395,"Male"
"6018403",371836,2025-05-20 00:56:16,43.3576126098633,-8.84400081634521,"Male"
"6018403",371836,2025-05-20 01:01:18,43.3576469421387,-8.8441276550293,"Male"
"6018403",371836,2025-05-20 01:06:25,43.3576698303223,-8.84413719177246,"Male"
"6018403",371836,2025-05-20 01:11:25,43.3576583862305,-8.84409332275391,"Male"
"6018403",371836,2025-05-20 01:16:35,43.357593536377,-8.84411907196045,"Male"
"6018403",371836,2025-05-20 01:21:12,43.3575973510742,-8.84409332275391,"Male"
"6018403",371836,2025-05-20 01:26:12,43.357593536377,-8.84401702880859,"Male"
"6018403",371836,2025-05-20 01:31:12,43.357608795166,-8.84411334991455,"Male"
"6018403",371836,2025-05-20 01:36:12,43.3576202392578,-8.84414863586426,"Male"
"6018403",371836,2025-05-20 01:41:13,43.3576049804688,-8.84408760070801,"Male"
"6018403",371836,2025-05-20 01:46:12,43.3576202392578,-8.84411716461182,"Male"
"6018403",371836,2025-05-20 01:51:12,43.3576545715332,-8.84414005279541,"Male"
"6018403",371836,2025-05-20 01:56:13,43.3575973510742,-8.84406185150146,"Male"
"6018403",371836,2025-05-20 02:01:13,43.3576126098633,-8.84404277801514,"Male"
"6018403",371836,2025-05-20 02:06:12,43.3576278686523,-8.84409427642822,"Male"
"6018403",371836,2025-05-20 02:11:12,43.3575668334961,-8.84409713745117,"Male"
"6018403",371836,2025-05-20 02:16:12,43.3575820922852,-8.84406566619873,"Male"
"6018403",371836,2025-05-20 02:21:13,43.3576011657715,-8.84403705596924,"Male"
"6018403",371836,2025-05-20 02:26:13,43.3576126098633,-8.84403419494629,"Male"
"6018403",371836,2025-05-20 02:31:12,43.357593536377,-8.84404182434082,"Male"
"6018403",371836,2025-05-20 02:36:12,43.3576316833496,-8.84407424926758,"Male"
"6018403",371836,2025-05-20 02:41:14,43.3573837280273,-8.84399890899658,"Male"
"6018403",371836,2025-05-20 02:46:13,43.3574409484863,-8.84401512145996,"Male"
"6018403",371836,2025-05-20 02:51:13,43.357666015625,-8.84415721893311,"Male"
"6018403",371836,2025-05-20 02:56:13,43.3575820922852,-8.84413814544678,"Male"
"6018403",371836,2025-05-20 03:01:16,43.357593536377,-8.84410572052002,"Male"
"6018403",371836,2025-05-20 03:06:12,43.3576164245605,-8.8441047668457,"Male"
"6018403",371836,2025-05-20 03:11:12,43.3575859069824,-8.8440990447998,"Male"
"6018403",371836,2025-05-20 03:16:15,43.357608795166,-8.8441047668457,"Male"
"6018403",371836,2025-05-20 03:21:19,43.3576469421387,-8.84412956237793,"Male"
"6018403",371836,2025-05-20 03:26:15,43.3576354980469,-8.84409332275391,"Male"
"6018403",371836,2025-05-20 03:31:15,43.3576431274414,-8.8440580368042,"Male"
"6018403",371836,2025-05-20 03:36:19,43.3575897216797,-8.84418773651123,"Male"
"6018403",371836,2025-05-20 03:41:23,43.3575744628906,-8.84413909912109,"Male"
"6018403",371836,2025-05-20 03:46:23,43.3576469421387,-8.84415817260742,"Male"
"6018403",371836,2025-05-20 03:51:25,43.3576202392578,-8.84414482116699,"Male"
"6018403",371836,2025-05-20 03:56:35,43.3575706481934,-8.84417057037354,"Male"
"6018403",371836,2025-05-20 04:01:13,43.3576049804688,-8.84419345855713,"Male"
"6018403",371836,2025-05-20 04:06:13,43.3575706481934,-8.84415817260742,"Male"
"6018403",371836,2025-05-20 04:11:12,43.3575248718262,-8.84408664703369,"Male"
"6018403",371836,2025-05-20 04:16:14,43.3575553894043,-8.84413146972656,"Male"
"6018403",371836,2025-05-20 04:21:16,43.3576545715332,-8.84436225891113,"Male"
"6018403",371836,2025-05-20 04:26:12,43.3575859069824,-8.8438835144043,"Male"
"6018403",371836,2025-05-20 04:31:14,43.3577041625977,-8.84424495697021,"Male"
"6018403",371836,2025-05-20 04:36:13,43.3576774597168,-8.84403228759766,"Male"
"6018403",371836,2025-05-20 04:41:13,43.3576583862305,-8.84401702880859,"Male"
"6018403",371836,2025-05-20 04:46:21,43.3576126098633,-8.84421443939209,"Male"
"6018403",371836,2025-05-20 04:51:18,43.357723236084,-8.84429931640625,"Male"
"6018403",371836,2025-05-20 04:56:22,43.3576507568359,-8.84436702728271,"Male"
"6018403",371836,2025-05-20 05:01:17,43.3579483032227,-8.84521389007568,"Male"
"6018403",371836,2025-05-20 05:06:35,43.3578071594238,-8.84481143951416,"Male"
"6018403",371836,2025-05-20 05:11:44,43.3576278686523,-8.84421062469482,"Male"
"6018403",371836,2025-05-20 05:16:15,43.3545608520508,-8.84819030761719,"Male"
"6018403",371836,2025-05-20 05:21:15,43.3273315429688,-8.85257911682129,"Male"
"6018403",371836,2025-05-20 05:26:39,43.3143882751465,-8.85686302185059,"Male"
"6018403",371836,2025-05-20 05:31:25,43.314380645752,-8.85680198669434,"Male"
"6018403",371836,2025-05-20 05:36:17,43.3143577575684,-8.85707187652588,"Male"
"6018403",371836,2025-05-20 05:41:35,43.338695526123,-8.8594970703125,"Male"
"6018403",371836,2025-05-20 05:46:15,43.357852935791,-8.84393787384033,"Male"
"6018403",371836,2025-05-20 05:51:14,43.3575325012207,-8.84409332275391,"Male"
"6018403",371836,2025-05-20 05:56:14,43.3576278686523,-8.84435939788818,"Male"
"6018403",371836,2025-05-20 06:01:15,43.3577919006348,-8.8443775177002,"Male"
"6018403",371836,2025-05-20 06:06:15,43.3576965332031,-8.84427547454834,"Male"
"6018403",371836,2025-05-20 06:11:19,43.3578491210938,-8.84412097930908,"Male"
"6018403",371836,2025-05-20 06:16:14,43.3573760986328,-8.84358596801758,"Male"
"6018403",371836,2025-05-20 06:21:23,43.3576278686523,-8.84415245056152,"Male"
"6018403",371836,2025-05-20 06:26:35,43.3575325012207,-8.84412670135498,"Male"
"6018403",371836,2025-05-20 06:31:13,43.3575477600098,-8.84415245056152,"Male"
"6018403",371836,2025-05-20 06:36:15,43.3574905395508,-8.8441162109375,"Male"
"6018403",371836,2025-05-20 06:41:13,43.3575286865234,-8.8440465927124,"Male"
"6018403",371836,2025-05-20 06:46:16,43.3575325012207,-8.84414482116699,"Male"
"6018403",371836,2025-05-20 06:51:13,43.3574867248535,-8.84406661987305,"Male"
"6018403",371836,2025-05-20 06:56:14,43.3575553894043,-8.84404468536377,"Male"
"6018403",371836,2025-05-20 07:01:12,43.3576202392578,-8.84406661987305,"Male"
"6018403",371836,2025-05-20 07:06:13,43.3575668334961,-8.84403610229492,"Male"
"6018403",371836,2025-05-20 07:11:14,43.3576202392578,-8.84402561187744,"Male"
"6018403",371836,2025-05-20 07:16:13,43.3580932617188,-8.84532260894775,"Male"
"6018403",371836,2025-05-20 07:21:14,43.3576393127441,-8.84407138824463,"Male"
"6018403",371836,2025-05-20 07:26:13,43.3576736450195,-8.84406757354736,"Male"
"6018403",371836,2025-05-20 07:31:14,43.357723236084,-8.84409046173096,"Male"
"6018403",371836,2025-05-20 07:36:14,43.3577461242676,-8.8441047668457,"Male"
"6018403",371836,2025-05-20 07:41:15,43.3574714660645,-8.84412288665771,"Male"
"6018403",371836,2025-05-20 07:46:15,43.3574981689453,-8.84416484832764,"Male"
"6018403",371836,2025-05-20 07:51:15,43.3574981689453,-8.84410095214844,"Male"
"6018403",371836,2025-05-20 07:56:16,43.3575019836426,-8.84418296813965,"Male"
"6018403",371836,2025-05-20 08:01:21,43.3575553894043,-8.84407329559326,"Male"
"6018403",371836,2025-05-20 08:06:16,43.3575668334961,-8.84402847290039,"Male"
"6018403",371836,2025-05-20 08:11:24,43.3575820922852,-8.84407615661621,"Male"
"6018403",371836,2025-05-20 08:16:24,43.3575744628906,-8.84407520294189,"Male"
"6018403",371836,2025-05-20 08:21:24,43.3576164245605,-8.84401512145996,"Male"
"6018403",371836,2025-05-20 08:26:15,43.3577041625977,-8.844069480896,"Male"
"6018403",371836,2025-05-20 08:31:35,43.3575973510742,-8.8440408706665,"Male"
"6018403",371836,2025-05-20 08:36:13,43.3576011657715,-8.84414386749268,"Male"
"6018403",371836,2025-05-20 08:41:15,43.3575782775879,-8.84407711029053,"Male"
"6018403",371836,2025-05-20 08:46:15,43.3579025268555,-8.84443759918213,"Male"
"6018403",371836,2025-05-20 08:51:16,43.3576583862305,-8.84417915344238,"Male"
"6018403",371836,2025-05-20 08:56:21,43.357608795166,-8.84407615661621,"Male"
"6018403",371836,2025-05-20 09:01:17,43.3573989868164,-8.84360027313232,"Male"
"6018403",371836,2025-05-20 09:06:24,43.3576507568359,-8.84406566619873,"Male"
"6018403",371836,2025-05-20 09:11:16,43.3577613830566,-8.84432888031006,"Male"
"6018403",371836,2025-05-20 09:16:24,43.3598670959473,-8.8464822769165,"Male"
"6018403",371836,2025-05-20 09:21:13,43.3829154968262,-8.85793685913086,"Male"
"6018403",371836,2025-05-20 09:26:25,43.4178504943848,-8.86120414733887,"Male"
"6018403",371836,2025-05-20 09:31:14,43.452075958252,-8.86387252807617,"Male"
"6018403",371836,2025-05-20 09:36:25,43.4944229125977,-8.85575103759766,"Male"
"6018403",371836,2025-05-20 09:41:25,43.5348625183105,-8.85070323944092,"Male"
"6018403",371836,2025-05-20 09:46:16,43.5620651245117,-8.874924659729,"Male"
"6018403",371836,2025-05-20 09:51:30,43.5916786193848,-8.89992618560791,"Male"
"6018403",371836,2025-05-20 09:56:32,43.6085319519043,-8.90341854095459,"Male"
"6018403",371836,2025-05-20 10:01:15,43.6089630126953,-8.90360260009766,"Male"
"6018403",371836,2025-05-20 10:06:13,43.6091575622559,-8.90399360656738,"Male"
"6018403",371836,2025-05-20 10:11:16,43.6093940734863,-8.90426540374756,"Male"
"6018403",371836,2025-05-20 10:16:14,43.6115837097168,-8.91465091705322,"Male"
"6018403",371836,2025-05-20 10:21:14,43.6076011657715,-8.9100341796875,"Male"
"6018403",371836,2025-05-20 10:26:15,43.6076507568359,-8.91070652008057,"Male"
"6018403",371836,2025-05-20 10:31:13,43.6063461303711,-8.92259502410889,"Male"
"6018403",371836,2025-05-20 10:36:17,43.6066856384277,-8.92299556732178,"Male"
"6018403",371836,2025-05-20 10:41:18,43.6061820983887,-8.92272090911865,"Male"
"6018403",371836,2025-05-20 10:46:19,43.6071281433105,-8.92329788208008,"Male"
"6018403",371836,2025-05-20 10:51:18,43.6074867248535,-8.92342948913574,"Male"
"6018403",371836,2025-05-20 10:56:14,43.609806060791,-8.93306350708008,"Male"
"6018403",371836,2025-05-20 11:01:24,43.6102294921875,-8.93380832672119,"Male"
"6018403",371836,2025-05-20 11:06:13,43.6102600097656,-8.93334770202637,"Male"
"6018403",371836,2025-05-20 11:11:14,43.6103858947754,-8.93241405487061,"Male"
"6018403",371836,2025-05-20 11:16:14,43.6103515625,-8.93179798126221,"Male"
"6018403",371836,2025-05-20 11:21:14,43.6105728149414,-8.93118381500244,"Male"
"6018403",371836,2025-05-20 11:26:17,43.6099052429199,-8.92938899993896,"Male"
"6018403",371836,2025-05-20 11:31:17,43.6101417541504,-8.92886066436768,"Male"
"6018403",371836,2025-05-20 11:36:19,43.6114921569824,-8.93074226379395,"Male"
"6018403",371836,2025-05-20 11:41:16,43.611701965332,-8.93024730682373,"Male"
"6018403",371836,2025-05-20 11:46:15,43.6118087768555,-8.92958354949951,"Male"
"6018403",371836,2025-05-20 11:51:24,43.6118392944336,-8.92921447753906,"Male"
"6018403",371836,2025-05-20 11:56:18,43.6121826171875,-8.92927932739258,"Male"
"6018403",371836,2025-05-20 12:01:35,43.6120948791504,-8.9295711517334,"Male"
"6018403",371836,2025-05-20 12:06:14,43.611400604248,-8.93272686004639,"Male"
"6018403",371836,2025-05-20 12:11:19,43.610912322998,-8.93853950500488,"Male"
"6018403",371836,2025-05-20 12:16:23,43.6110191345215,-8.93942546844482,"Male"
"6018403",371836,2025-05-20 12:21:35,43.6051750183105,-8.94501399993896,"Male"
"6018403",371836,2025-05-20 12:26:14,43.6031265258789,-8.94588279724121,"Male"
"6018403",371836,2025-05-20 12:31:14,43.577579498291,-8.94471073150635,"Male"
"6018403",371836,2025-05-20 12:36:15,43.5529632568359,-8.93709564208984,"Male"
"6018403",371836,2025-05-20 12:41:35,43.5249099731445,-8.92943954467773,"Male"
"6018403",371836,2025-05-20 12:46:16,43.4995994567871,-8.91934299468994,"Male"
"6018403",371836,2025-05-20 12:51:25,43.4701881408691,-8.90427112579346,"Male"
"6018403",371836,2025-05-20 12:56:16,43.4403495788574,-8.8985013961792,"Male"
"6018403",371836,2025-05-20 13:01:18,43.4098472595215,-8.88075733184814,"Male"
"6018403",371836,2025-05-20 13:06:15,43.4065284729004,-8.87801837921143,"Male"
"6018403",371836,2025-05-20 13:11:14,43.3801651000977,-8.86166286468506,"Male"
"6018403",371836,2025-05-20 13:16:17,43.357723236084,-8.84421348571777,"Male"
"6018403",371836,2025-05-20 13:21:13,43.3554954528809,-8.84556674957275,"Male"
"6018403",371836,2025-05-20 13:26:17,43.335376739502,-8.84588432312012,"Male"
"6018403",371836,2025-05-20 13:31:18,43.3142471313477,-8.85692691802979,"Male"
"6018403",371836,2025-05-20 13:36:18,43.3143348693848,-8.8574275970459,"Male"
"6018403",371836,2025-05-20 13:41:13,43.3142013549805,-8.85701274871826,"Male"
"6018403",371836,2025-05-20 13:46:16,43.3144416809082,-8.85738182067871,"Male"
"6018403",371836,2025-05-20 13:51:27,43.314266204834,-8.85692119598389,"Male"
"6018403",371836,2025-05-20 13:56:15,43.3143692016602,-8.85704326629639,"Male"
"6018403",371836,2025-05-20 14:01:14,43.3203125,-8.85395431518555,"Male"
"6018403",371836,2025-05-20 14:06:14,43.3471717834473,-8.84117698669434,"Male"
"6018403",371836,2025-05-20 14:11:14,43.3577346801758,-8.84424018859863,"Male"
"6018403",371836,2025-05-20 14:16:12,43.3577003479004,-8.84421443939209,"Male"
"6018403",371836,2025-05-20 14:21:13,43.3595123291016,-8.84616279602051,"Male"
"6018403",371836,2025-05-20 14:26:13,43.3806457519531,-8.86560821533203,"Male"
"6018403",371836,2025-05-20 14:31:13,43.3948974609375,-8.89768600463867,"Male"
"6018403",371836,2025-05-20 14:36:13,43.4137802124023,-8.92920112609863,"Male"
"6018403",371836,2025-05-20 14:41:15,43.4262046813965,-8.95705032348633,"Male"
"6018403",371836,2025-05-20 14:47:01,43.4250984191895,-8.96372604370117,"Male"
"6018403",371836,2025-05-20 14:51:14,43.4238739013672,-8.96904373168945,"Male"
"6018403",371836,2025-05-20 14:56:14,43.423023223877,-8.97434234619141,"Male"
"6018403",371836,2025-05-20 15:01:14,43.421573638916,-8.98029518127441,"Male"
"6018403",371836,2025-05-20 15:06:13,43.4206886291504,-8.98456859588623,"Male"
"6018403",371836,2025-05-20 15:11:15,43.4203834533691,-8.9857177734375,"Male"
"6018403",371836,2025-05-20 15:16:14,43.4201240539551,-8.98664855957031,"Male"
"6018403",371836,2025-05-20 15:21:15,43.4200134277344,-8.98738098144531,"Male"
"6018403",371836,2025-05-20 15:26:13,43.4211578369141,-8.99313068389893,"Male"
"6018403",371836,2025-05-20 15:31:13,43.4185905456543,-9.02358531951904,"Male"
"6018403",371836,2025-05-20 15:36:13,43.4260139465332,-9.0532112121582,"Male"
"6018403",371836,2025-05-20 15:41:15,43.432487487793,-9.07892322540283,"Male"
"6018403",371836,2025-05-20 15:46:24,43.4324722290039,-9.08145999908447,"Male"
"6018403",371836,2025-05-20 15:51:34,43.4268264770508,-9.11038017272949,"Male"
"6018403",371836,2025-05-20 15:56:13,43.4176902770996,-9.13965320587158,"Male"
"6018403",371836,2025-05-20 16:02:13,43.3961067199707,-9.16732311248779,"Male"
"6018403",371836,2025-05-20 16:06:16,43.3767776489258,-9.17333602905273,"Male"
"6018403",371836,2025-05-20 16:11:23,43.3544311523438,-9.15993022918701,"Male"
"6018403",371836,2025-05-20 16:16:24,43.3735275268555,-9.09654521942139,"Male"
"6018403",371836,2025-05-20 16:21:24,43.3896369934082,-9.05401992797852,"Male"
"6018403",371836,2025-05-20 16:26:32,43.3902702331543,-9.05501174926758,"Male"
"6018403",371836,2025-05-20 16:31:25,43.3901824951172,-9.05564975738525,"Male"
"6018403",371836,2025-05-20 16:36:24,43.390209197998,-9.05593109130859,"Male"
"6018403",371836,2025-05-20 16:41:24,43.39794921875,-9.05615520477295,"Male"
"6018403",371836,2025-05-20 16:46:37,43.4370155334473,-9.0405330657959,"Male"
"6018403",371836,2025-05-20 16:51:13,43.4741058349609,-9.01378059387207,"Male"
"6018403",371836,2025-05-20 16:56:12,43.5129508972168,-8.99163627624512,"Male"
"6018403",371836,2025-05-20 17:01:12,43.5484390258789,-8.98222732543945,"Male"
"6018403",371836,2025-05-20 17:06:14,43.5744171142578,-8.9999828338623,"Male"
"6018403",371836,2025-05-20 17:11:14,43.5856323242188,-9.02639579772949,"Male"
"6018403",371836,2025-05-20 17:16:17,43.5843772888184,-9.02937889099121,"Male"
"6018403",371836,2025-05-20 17:21:16,43.5834541320801,-9.0291576385498,"Male"
"6018403",371836,2025-05-20 17:26:14,43.5837173461914,-9.03826713562012,"Male"
"6018403",371836,2025-05-20 17:31:14,43.5833053588867,-9.04729843139648,"Male"
"6018403",371836,2025-05-20 17:36:16,43.5820274353027,-9.05177021026611,"Male"
"6018403",371836,2025-05-20 17:41:24,43.5814208984375,-9.05206203460693,"Male"
"6018403",371836,2025-05-20 17:46:43,43.5729637145996,-9.04810047149658,"Male"
"6018403",371836,2025-05-20 17:51:18,43.5461959838867,-9.02734375,"Male"
"6018403",371836,2025-05-20 17:56:23,43.5160217285156,-8.9990873336792,"Male"
"6018403",371836,2025-05-20 18:01:14,43.4872512817383,-8.96990966796875,"Male"
"6018403",371836,2025-05-20 18:06:19,43.4546279907227,-8.94971752166748,"Male"
"6018403",371836,2025-05-20 18:11:17,43.4231224060059,-8.92431926727295,"Male"
"6018403",371836,2025-05-20 18:16:12,43.3944549560547,-8.88769721984863,"Male"
"6018403",371836,2025-05-20 18:21:13,43.3663482666016,-8.84861755371094,"Male"
"6018403",371836,2025-05-20 18:26:16,43.3573112487793,-8.84376049041748,"Male"
"6018403",371836,2025-05-20 18:31:33,43.3576431274414,-8.84425926208496,"Male"
"6018403",371836,2025-05-20 18:36:12,43.3576278686523,-8.84419918060303,"Male"
"6018403",371836,2025-05-20 18:41:24,43.3576126098633,-8.84407234191895,"Male"
"6018403",371836,2025-05-20 18:46:35,43.3576011657715,-8.8442440032959,"Male"
"6018403",371836,2025-05-20 18:51:15,43.3576698303223,-8.84426879882812,"Male"
"6018403",371836,2025-05-20 18:56:44,43.3575706481934,-8.84408187866211,"Male"
"6018403",371836,2025-05-20 19:01:18,43.3575439453125,-8.84416007995605,"Male"
"6018403",371836,2025-05-20 19:07:05,43.3575744628906,-8.84414482116699,"Male"
"6018403",371836,2025-05-20 19:11:14,43.357837677002,-8.84368705749512,"Male"
"6018403",371836,2025-05-20 19:16:17,43.3574638366699,-8.84424686431885,"Male"
"6018403",371836,2025-05-20 19:21:21,43.357608795166,-8.84418678283691,"Male"
"6018403",371836,2025-05-20 19:26:16,43.3575820922852,-8.84424686431885,"Male"
"6018403",371836,2025-05-20 19:31:17,43.3575744628906,-8.84426498413086,"Male"
"6018403",371836,2025-05-20 19:36:16,43.3574981689453,-8.84411907196045,"Male"
"6018403",371836,2025-05-20 19:41:18,43.3576011657715,-8.84417343139648,"Male"
"6018403",371836,2025-05-20 19:46:21,43.3575668334961,-8.84410858154297,"Male"
"6018403",371836,2025-05-20 19:51:17,43.3578643798828,-8.84363842010498,"Male"
"6018403",371836,2025-05-20 19:56:25,43.3575859069824,-8.84411334991455,"Male"
"6018403",371836,2025-05-20 20:01:19,43.357608795166,-8.84407043457031,"Male"
"6018403",371836,2025-05-20 20:06:16,43.3574752807617,-8.84447860717773,"Male"
"6018403",371836,2025-05-20 20:11:24,43.3577117919922,-8.8442325592041,"Male"
"6018403",371836,2025-05-20 20:16:35,43.3575248718262,-8.84403610229492,"Male"
"6018403",371836,2025-05-20 20:21:14,43.3574752807617,-8.84423351287842,"Male"
"6018403",371836,2025-05-20 20:26:17,43.3575782775879,-8.84425640106201,"Male"
"6018403",371836,2025-05-20 20:31:15,43.3576774597168,-8.84412097930908,"Male"
"6018403",371836,2025-05-20 20:36:34,43.3577003479004,-8.84416389465332,"Male"
"6018403",371836,2025-05-20 20:41:13,43.3577995300293,-8.84399318695068,"Male"
"6018403",371836,2025-05-20 20:46:16,43.3579406738281,-8.84404468536377,"Male"
"6018403",371836,2025-05-20 20:51:13,43.3578300476074,-8.84397888183594,"Male"
"6018403",371836,2025-05-20 20:56:17,43.3577613830566,-8.84401798248291,"Male"
"6018403",371836,2025-05-20 21:01:15,43.3577613830566,-8.8440055847168,"Male"
"6018403",371836,2025-05-20 21:06:14,43.3577575683594,-8.84410667419434,"Male"
"6018403",371836,2025-05-20 21:11:17,43.3578834533691,-8.84401607513428,"Male"
"6018403",371836,2025-05-20 21:16:15,43.3586235046387,-8.84336185455322,"Male"
"6018403",371836,2025-05-20 21:21:15,43.3575859069824,-8.84443759918213,"Male"
"6018403",371836,2025-05-20 21:26:15,43.3577842712402,-8.84382438659668,"Male"
"6018403",371836,2025-05-20 21:31:14,43.3577575683594,-8.84386348724365,"Male"
"6018403",371836,2025-05-20 21:36:13,43.3577499389648,-8.84383106231689,"Male"
"6018403",371836,2025-05-20 21:41:13,43.3586540222168,-8.84334945678711,"Male"
"6018403",371836,2025-05-20 21:46:12,43.3576126098633,-8.84407043457031,"Male"
"6018403",371836,2025-05-20 21:51:23,43.3576583862305,-8.84415054321289,"Male"
"6018403",371836,2025-05-20 21:56:17,43.3575057983398,-8.84378051757812,"Male"
"6018403",371836,2025-05-20 22:01:13,43.357666015625,-8.84411239624023,"Male"
"6018403",371836,2025-05-20 22:06:15,43.3577194213867,-8.84399795532227,"Male"
"6018403",371836,2025-05-20 22:11:16,43.3576622009277,-8.84407520294189,"Male"
"6018403",371836,2025-05-20 22:16:21,43.3577346801758,-8.84404373168945,"Male"
"6018403",371836,2025-05-20 22:21:19,43.3577499389648,-8.84388732910156,"Male"
"6018403",371836,2025-05-20 22:26:17,43.3577499389648,-8.843825340271,"Male"
"6018403",371836,2025-05-20 22:31:18,43.3577651977539,-8.84372138977051,"Male"
"6018403",371836,2025-05-20 22:36:15,43.357608795166,-8.84393405914307,"Male"
"6018403",371836,2025-05-20 22:41:16,43.3575820922852,-8.84336376190186,"Male"
"6018403",371836,2025-05-20 22:46:16,43.3576049804688,-8.8435640335083,"Male"
"6018403",371836,2025-05-20 22:51:21,43.3578567504883,-8.84425830841064,"Male"
"6018403",371836,2025-05-20 22:56:17,43.3576622009277,-8.84393215179443,"Male"
"6018403",371836,2025-05-20 23:01:14,43.3576622009277,-8.84394359588623,"Male"
"6018403",371836,2025-05-20 23:06:21,43.3579063415527,-8.84434127807617,"Male"
"6018403",371836,2025-05-20 23:11:15,43.3576927185059,-8.8439474105835,"Male"
"6018403",371836,2025-05-20 23:16:17,43.3577194213867,-8.84390449523926,"Male"
"6018403",371836,2025-05-20 23:21:19,43.3577041625977,-8.84402084350586,"Male"
"6018403",371836,2025-05-20 23:26:22,43.3577537536621,-8.84415435791016,"Male"
"6018403",371836,2025-05-20 23:31:22,43.3577003479004,-8.8440637588501,"Male"
"6018403",371836,2025-05-20 23:36:23,43.3575553894043,-8.84372138977051,"Male"
"6018403",371836,2025-05-20 23:41:19,43.3575134277344,-8.84360504150391,"Male"
"6018403",371836,2025-05-20 23:46:19,43.3574104309082,-8.84335327148438,"Male"
"6018403",371836,2025-05-20 23:51:35,43.3578033447266,-8.84428405761719,"Male"
"6018403",371836,2025-05-20 23:56:13,43.3576736450195,-8.84419059753418,"Male"
"6018403",371836,2025-05-21 00:02:05,43.3576240539551,-8.84409141540527,"Male"
"6018403",371836,2025-05-21 00:06:13,43.3576278686523,-8.84411334991455,"Male"
"6018403",371836,2025-05-21 00:11:13,43.3576278686523,-8.84408283233643,"Male"
"6018403",371836,2025-05-21 00:16:13,43.3576316833496,-8.84406661987305,"Male"
"6018403",371836,2025-05-21 00:21:23,43.3576164245605,-8.84407520294189,"Male"
"6018403",371836,2025-05-21 00:26:13,43.3576316833496,-8.84408569335938,"Male"
"6018403",371836,2025-05-21 00:31:13,43.3575973510742,-8.84412384033203,"Male"
"6018403",371836,2025-05-21 00:36:12,43.3575630187988,-8.84410953521729,"Male"
"6018403",371836,2025-05-21 00:41:12,43.3576545715332,-8.84409713745117,"Male"
"6018403",371836,2025-05-21 00:46:13,43.3575973510742,-8.84403038024902,"Male"
"6018403",371836,2025-05-21 00:51:13,43.3575248718262,-8.84411239624023,"Male"
"6018403",371836,2025-05-21 00:56:13,43.3576583862305,-8.84416961669922,"Male"
"6018403",371836,2025-05-21 01:01:13,43.3575897216797,-8.84409999847412,"Male"
"6018403",371836,2025-05-21 01:06:13,43.3575973510742,-8.84417057037354,"Male"
"6018403",371836,2025-05-21 01:11:13,43.3576202392578,-8.8442211151123,"Male"
"6018403",371836,2025-05-21 01:16:12,43.3576545715332,-8.8440523147583,"Male"
"6018403",371836,2025-05-21 01:21:13,43.357551574707,-8.84405612945557,"Male"
"6018403",371836,2025-05-21 01:26:13,43.3575897216797,-8.84413146972656,"Male"
"6018403",371836,2025-05-21 01:31:15,43.357551574707,-8.84407615661621,"Male"
"6018403",371836,2025-05-21 01:36:13,43.357536315918,-8.84408283233643,"Male"
"6018403",371836,2025-05-21 01:41:12,43.3575630187988,-8.84402847290039,"Male"
"6018403",371836,2025-05-21 01:46:13,43.357593536377,-8.84410953521729,"Male"
"6018403",371836,2025-05-21 01:51:12,43.3575592041016,-8.84408855438232,"Male"
"6018403",371836,2025-05-21 01:56:12,43.357608795166,-8.84412860870361,"Male"
"6018403",371836,2025-05-21 02:01:12,43.357551574707,-8.8440408706665,"Male"
"6018403",371836,2025-05-21 02:06:14,43.3576278686523,-8.84415435791016,"Male"
"6018403",371836,2025-05-21 02:11:12,43.3575897216797,-8.84411239624023,"Male"
"6018403",371836,2025-05-21 02:16:12,43.3576126098633,-8.8440990447998,"Male"
"6018403",371836,2025-05-21 02:21:12,43.3575630187988,-8.84411334991455,"Male"
"6018403",371836,2025-05-21 02:26:12,43.3576393127441,-8.84419250488281,"Male"
"6018403",371836,2025-05-21 02:31:16,43.3574447631836,-8.84409236907959,"Male"
"6018403",371836,2025-05-21 02:36:21,43.357666015625,-8.84418964385986,"Male"
"6018403",371836,2025-05-21 02:41:14,43.3575744628906,-8.84414100646973,"Male"
"6018403",371836,2025-05-21 02:46:34,43.3575706481934,-8.84416198730469,"Male"
"6018403",371836,2025-05-21 02:51:14,43.357551574707,-8.84417247772217,"Male"
"6018403",371836,2025-05-21 02:56:16,43.3577003479004,-8.84414291381836,"Male"
"6018403",371836,2025-05-21 03:01:14,43.3576736450195,-8.84414482116699,"Male"
"6018403",371836,2025-05-21 03:06:15,43.3576316833496,-8.84415531158447,"Male"
"6018403",371836,2025-05-21 03:11:13,43.357593536377,-8.844162940979,"Male"
"6018403",371836,2025-05-21 03:16:17,43.3576278686523,-8.84416580200195,"Male"
"6018403",371836,2025-05-21 03:21:22,43.3577613830566,-8.84412097930908,"Male"
"6018403",371836,2025-05-21 03:26:22,43.3576698303223,-8.84441184997559,"Male"
"6018403",371836,2025-05-21 03:31:25,43.3577194213867,-8.84404754638672,"Male"
"6018403",371836,2025-05-21 03:36:25,43.3577041625977,-8.84401226043701,"Male"
"6018403",371836,2025-05-21 03:41:28,43.3577079772949,-8.84406852722168,"Male"
"6018403",371836,2025-05-21 03:46:30,43.357795715332,-8.84405994415283,"Male"
"6018403",371836,2025-05-21 03:51:30,43.3579902648926,-8.84400081634521,"Male"
"6018403",371836,2025-05-21 03:56:44,43.357967376709,-8.84400939941406,"Male"
"6018403",371836,2025-05-21 04:01:35,43.3577690124512,-8.84414672851562,"Male"
"6018403",371836,2025-05-21 04:06:23,43.357780456543,-8.84416961669922,"Male"
"6018403",371836,2025-05-21 04:11:18,43.3577194213867,-8.84427928924561,"Male"
"6018403",371836,2025-05-21 04:16:55,43.3576240539551,-8.84413242340088,"Male"
"6018403",371836,2025-05-21 04:21:14,43.357608795166,-8.84406471252441,"Male"
"6018403",371836,2025-05-21 04:26:16,43.3576164245605,-8.84403991699219,"Male"
"6018403",371836,2025-05-21 04:31:13,43.3575897216797,-8.84405517578125,"Male"
"6018403",371836,2025-05-21 04:36:13,43.357608795166,-8.84410572052002,"Male"
"6018403",371836,2025-05-21 04:41:14,43.3575439453125,-8.84398078918457,"Male"
"6018403",371836,2025-05-21 04:46:51,43.3576850891113,-8.84416770935059,"Male"
"6018403",371836,2025-05-21 04:51:16,43.3575897216797,-8.84414291381836,"Male"
"6018403",371836,2025-05-21 04:56:29,43.3578681945801,-8.84446048736572,"Male"
"6018403",371836,2025-05-21 05:01:19,43.3577194213867,-8.84408855438232,"Male"
"6018403",371836,2025-05-21 05:06:27,43.3580665588379,-8.84518814086914,"Male"
"6018403",371836,2025-05-21 05:11:23,43.3578491210938,-8.84428977966309,"Male"
"6018403",371836,2025-05-21 05:16:44,43.3582916259766,-8.84465312957764,"Male"
"6018403",371836,2025-05-21 05:21:44,43.3576431274414,-8.84415817260742,"Male"
"6018403",371836,2025-05-21 05:26:17,43.3576431274414,-8.84406089782715,"Male"
"6018403",371836,2025-05-21 05:31:14,43.3575172424316,-8.84407234191895,"Male"
"6018403",371836,2025-05-21 05:36:18,43.3575439453125,-8.8441047668457,"Male"
"6018403",371836,2025-05-21 05:41:18,43.3576812744141,-8.84420776367188,"Male"
"6018403",371836,2025-05-21 05:46:35,43.3576622009277,-8.84418392181396,"Male"
"6018403",371836,2025-05-21 05:51:17,43.3578872680664,-8.84435081481934,"Male"
"6018403",371836,2025-05-21 05:56:13,43.3579139709473,-8.84434032440186,"Male"
"6018403",371836,2025-05-21 06:01:19,43.3575897216797,-8.84410858154297,"Male"
"6018403",371836,2025-05-21 06:06:16,43.3578605651855,-8.84431934356689,"Male"
"6018403",371836,2025-05-21 06:11:24,43.3575630187988,-8.8441104888916,"Male"
"6018403",371836,2025-05-21 06:16:22,43.3572845458984,-8.84409332275391,"Male"
"6018403",371836,2025-05-21 06:21:22,43.3574676513672,-8.84417533874512,"Male"
"6018403",371836,2025-05-21 06:26:27,43.3575134277344,-8.84403991699219,"Male"
"6018403",371836,2025-05-21 06:31:21,43.3575248718262,-8.84410285949707,"Male"
"6018403",371836,2025-05-21 06:36:35,43.357421875,-8.84413719177246,"Male"
"6018403",371836,2025-05-21 06:41:24,43.3576011657715,-8.84428215026855,"Male"
"6018403",371836,2025-05-21 06:46:59,43.3575706481934,-8.844162940979,"Male"
"6018403",371836,2025-05-21 06:51:19,43.3576507568359,-8.84427833557129,"Male"
"6018403",371836,2025-05-21 06:56:21,43.357536315918,-8.844069480896,"Male"
"6018403",371836,2025-05-21 07:01:16,43.3577308654785,-8.84443378448486,"Male"
"6018403",371836,2025-05-21 07:06:24,43.357551574707,-8.84401416778564,"Male"
"6018403",371836,2025-05-21 07:11:44,43.357608795166,-8.844162940979,"Male"
"6018403",371836,2025-05-21 07:16:13,43.3575630187988,-8.84405422210693,"Male"
"6018403",371836,2025-05-21 07:21:16,43.3574981689453,-8.84413433074951,"Male"
"6018403",371836,2025-05-21 07:26:13,43.3576202392578,-8.84404945373535,"Male"
"6018403",371836,2025-05-21 07:31:13,43.357551574707,-8.84397506713867,"Male"
"6018403",371836,2025-05-21 07:36:13,43.3575057983398,-8.84401607513428,"Male"
"6018403",371836,2025-05-21 07:41:12,43.3514709472656,-8.84629440307617,"Male"
"6018403",371836,2025-05-21 07:46:13,43.3141059875488,-8.85643196105957,"Male"
"6018403",371836,2025-05-21 07:51:12,43.3143463134766,-8.8566255569458,"Male"
"6018403",371836,2025-05-21 07:56:16,43.3143348693848,-8.85646343231201,"Male"
"6018403",371836,2025-05-21 08:02:11,43.334300994873,-8.8775110244751,"Male"
"6018403",371836,2025-05-21 08:06:43,43.3361740112305,-8.91107940673828,"Male"
"6018403",371836,2025-05-21 08:11:13,43.3328285217285,-8.94234371185303,"Male"
"6018403",371836,2025-05-21 08:16:15,43.3403091430664,-8.97769546508789,"Male"
"6018403",371836,2025-05-21 08:22:44,43.3627090454102,-9.0118932723999,"Male"
"6018403",371836,2025-05-21 08:26:12,43.3754005432129,-9.02494335174561,"Male"
"6018403",371836,2025-05-21 08:31:13,43.3984222412109,-9.02941799163818,"Male"
"6018403",371836,2025-05-21 08:36:14,43.422534942627,-9.03944206237793,"Male"
"6018403",371836,2025-05-21 08:41:14,43.4452095031738,-9.04878425598145,"Male"
"6018403",371836,2025-05-21 08:47:05,43.472412109375,-9.04685688018799,"Male"
"6018403",371836,2025-05-21 08:51:13,43.4883308410645,-9.033034324646,"Male"
"6018403",371836,2025-05-21 08:56:15,43.5071716308594,-9.03083801269531,"Male"
"6018403",371836,2025-05-21 09:01:12,43.5188865661621,-9.03540802001953,"Male"
"6018403",371836,2025-05-21 09:06:12,43.5186080932617,-9.03601360321045,"Male"
"6018403",371836,2025-05-21 09:11:13,43.5182723999023,-9.03635025024414,"Male"
"6018403",371836,2025-05-21 09:16:16,43.5178184509277,-9.03671455383301,"Male"
"6018403",371836,2025-05-21 09:21:13,43.5174102783203,-9.03700637817383,"Male"
"6018403",371836,2025-05-21 09:26:13,43.5169906616211,-9.03723335266113,"Male"
"6018403",371836,2025-05-21 09:31:15,43.5167198181152,-9.03760719299316,"Male"
"6018403",371836,2025-05-21 09:36:12,43.5140190124512,-9.03034973144531,"Male"
"6018403",371836,2025-05-21 09:41:12,43.4951858520508,-8.99895095825195,"Male"
"6018403",371836,2025-05-21 09:46:25,43.4620590209961,-8.96096038818359,"Male"
"6018403",371836,2025-05-21 09:51:12,43.4313774108887,-8.92673873901367,"Male"
"6018403",371836,2025-05-21 09:56:25,43.3989028930664,-8.88892269134521,"Male"
"6018403",371836,2025-05-21 10:01:25,43.3673400878906,-8.85433578491211,"Male"
"6018403",371836,2025-05-21 10:06:19,43.3576583862305,-8.84406089782715,"Male"
"6018403",371836,2025-05-21 10:11:13,43.3574867248535,-8.84401702880859,"Male"
"6018403",371836,2025-05-21 10:16:18,43.3575668334961,-8.84411525726318,"Male"
"6018403",371836,2025-05-21 10:21:44,43.3576011657715,-8.84415054321289,"Male"
"6018403",371836,2025-05-21 10:26:44,43.3576316833496,-8.84424781799316,"Male"
"6018403",371836,2025-05-21 10:31:19,43.3576049804688,-8.84409999847412,"Male"
"6018403",371836,2025-05-21 10:36:16,43.3575019836426,-8.84402370452881,"Male"
"6018403",371836,2025-05-21 10:41:15,43.3575782775879,-8.84365749359131,"Male"
"6018403",371836,2025-05-21 10:46:35,43.3575782775879,-8.84411334991455,"Male"
"6018403",371836,2025-05-21 10:51:18,43.3574104309082,-8.84371280670166,"Male"
"6018403",371836,2025-05-21 10:56:21,43.3576126098633,-8.84424495697021,"Male"
"6018403",371836,2025-05-21 11:01:22,43.3545722961426,-8.84967422485352,"Male"
"6018403",371836,2025-05-21 11:06:22,43.3609619140625,-8.84787845611572,"Male"
"6018403",371836,2025-05-21 11:11:24,43.3576126098633,-8.84426403045654,"Male"
"6018403",371836,2025-05-21 11:16:13,43.3576049804688,-8.84423351287842,"Male"
"6018403",371836,2025-05-21 11:21:17,43.3575744628906,-8.84412670135498,"Male"
"6018403",371836,2025-05-21 11:26:19,43.357551574707,-8.84411239624023,"Male"
"6018403",371836,2025-05-21 11:31:17,43.3576698303223,-8.84412097930908,"Male"
"6018403",371836,2025-05-21 11:36:31,43.3568229675293,-8.8456335067749,"Male"
"6018403",371836,2025-05-21 11:41:17,43.3576965332031,-8.84469890594482,"Male"
"6018403",371836,2025-05-21 11:46:26,43.357723236084,-8.8447790145874,"Male"
"6018403",371836,2025-05-21 11:51:17,43.357723236084,-8.84443092346191,"Male"
"6018403",371836,2025-05-21 11:56:36,43.3576698303223,-8.84416007995605,"Male"
"6018403",371836,2025-05-21 12:01:12,43.3578033447266,-8.84488773345947,"Male"
"6018403",371836,2025-05-21 12:06:13,43.3403739929199,-8.85032176971436,"Male"
"6018403",371836,2025-05-21 12:11:15,43.3170013427734,-8.85855579376221,"Male"
"6018403",371836,2025-05-21 12:16:12,43.3163757324219,-8.85894775390625,"Male"
"6018403",371836,2025-05-21 12:21:13,43.3162269592285,-8.85946464538574,"Male"
"6018403",371836,2025-05-21 12:26:15,43.3164405822754,-8.85905075073242,"Male"
"6018403",371836,2025-05-21 12:31:59,43.3163223266602,-8.85978507995605,"Male"
"6018403",371836,2025-05-21 12:36:12,43.3163032531738,-8.85982799530029,"Male"
"6018403",371836,2025-05-21 12:41:17,43.3162956237793,-8.85977268218994,"Male"
"6018403",371836,2025-05-21 12:46:14,43.3162994384766,-8.85967063903809,"Male"
"6018403",371836,2025-05-21 12:51:15,43.3163070678711,-8.85970401763916,"Male"
"6018403",371836,2025-05-21 12:56:15,43.3163681030273,-8.85972118377686,"Male"
"6018403",371836,2025-05-21 13:01:14,43.3142051696777,-8.85685920715332,"Male"
"6018403",371836,2025-05-21 13:06:12,43.314323425293,-8.85672283172607,"Male"
"6018403",371836,2025-05-21 13:11:15,43.3144874572754,-8.8569803237915,"Male"
"6018403",371836,2025-05-21 13:16:13,43.3186912536621,-8.85635089874268,"Male"
"6018403",371836,2025-05-21 13:21:15,43.3411140441895,-8.84898662567139,"Male"
"6018403",371836,2025-05-21 13:26:18,43.3574676513672,-8.84420394897461,"Male"
"6018403",371836,2025-05-21 13:31:12,43.3576965332031,-8.84414863586426,"Male"
"6018403",371836,2025-05-21 13:36:25,43.3577079772949,-8.84409999847412,"Male"
"6018403",371836,2025-05-21 13:41:26,43.3576354980469,-8.84403800964355,"Male"
"6018403",371836,2025-05-21 13:46:24,43.3624954223633,-8.84796524047852,"Male"
"6018403",371836,2025-05-21 13:51:44,43.3920288085938,-8.8695764541626,"Male"
"6018403",371836,2025-05-21 13:56:12,43.4145622253418,-8.88868808746338,"Male"
"6018403",371836,2025-05-21 14:01:35,43.4413795471191,-8.90425682067871,"Male"
"6018403",371836,2025-05-21 14:06:12,43.460132598877,-8.93090724945068,"Male"
"6018403",371836,2025-05-21 14:11:13,43.4826812744141,-8.95505237579346,"Male"
"6018403",371836,2025-05-21 14:16:13,43.5040397644043,-8.97955799102783,"Male"
"6018403",371836,2025-05-21 14:21:14,43.517219543457,-9.0119104385376,"Male"
"6018403",371836,2025-05-21 14:26:16,43.5266876220703,-9.05106830596924,"Male"
"6018403",371836,2025-05-21 14:31:15,43.5281524658203,-9.09568214416504,"Male"
"6018403",371836,2025-05-21 14:36:19,43.5279731750488,-9.09549140930176,"Male"
"6018403",371836,2025-05-21 14:41:13,43.541862487793,-9.06860160827637,"Male"
"6018403",371836,2025-05-21 14:46:34,43.5533599853516,-9.08339595794678,"Male"
"6018403",371836,2025-05-21 14:51:43,43.5574531555176,-9.09585571289062,"Male"
"6018403",371836,2025-05-21 14:56:15,43.5546188354492,-9.06924438476562,"Male"
"6018403",371836,2025-05-21 15:01:15,43.5546951293945,-9.06916809082031,"Male"
"6018403",371836,2025-05-21 15:06:17,43.5548057556152,-9.06913661956787,"Male"
"6018403",371836,2025-05-21 15:11:19,43.5473709106445,-9.05406379699707,"Male"
"6018403",371836,2025-05-21 15:16:24,43.5471382141113,-9.0542459487915,"Male"
"6018403",371836,2025-05-21 15:21:16,43.5465927124023,-9.05453109741211,"Male"
"6018403",371836,2025-05-21 15:26:24,43.5467376708984,-9.05448532104492,"Male"
"6018403",371836,2025-05-21 15:31:15,43.5466270446777,-9.05469036102295,"Male"
"6018403",371836,2025-05-21 15:36:35,43.547061920166,-9.05468463897705,"Male"
"6018403",371836,2025-05-21 15:41:17,43.5465812683105,-9.05487155914307,"Male"
"6018403",371836,2025-05-21 15:46:35,43.5122680664062,-9.03256511688232,"Male"
"6018403",371836,2025-05-21 15:51:14,43.4821434020996,-9.00198554992676,"Male"
"6018403",371836,2025-05-21 15:56:15,43.4480781555176,-8.96638011932373,"Male"
"6018403",371836,2025-05-21 16:01:17,43.4171485900879,-8.92808723449707,"Male"
"6018403",371836,2025-05-21 16:06:17,43.3866920471191,-8.88977909088135,"Male"
"6018403",371836,2025-05-21 16:11:23,43.3611145019531,-8.84732818603516,"Male"
"6018403",371836,2025-05-21 16:16:16,43.358154296875,-8.84375286102295,"Male"
"6018403",371836,2025-05-21 16:21:44,43.3576469421387,-8.8440990447998,"Male"
"6018403",371836,2025-05-21 16:26:24,43.357593536377,-8.84410572052002,"Male"
"6018403",371836,2025-05-21 16:31:12,43.3575706481934,-8.84416770935059,"Male"
"6018403",371836,2025-05-21 16:36:18,43.3574981689453,-8.84415531158447,"Male"
"6018403",371836,2025-05-21 16:41:35,43.3576316833496,-8.84412956237793,"Male"
"6018403",371836,2025-05-21 16:46:19,43.3575973510742,-8.84415340423584,"Male"
"6018403",371836,2025-05-21 16:51:16,43.3575859069824,-8.84423351287842,"Male"
"6018403",371836,2025-05-21 16:56:17,43.357593536377,-8.84424495697021,"Male"
"6018403",371836,2025-05-21 17:01:19,43.3575744628906,-8.84412956237793,"Male"
"6018403",371836,2025-05-21 17:06:24,43.3575782775879,-8.84413433074951,"Male"
"6018403",371836,2025-05-21 17:11:13,43.3576164245605,-8.84421348571777,"Male"
"6018403",371836,2025-05-21 17:16:13,43.3576354980469,-8.84419250488281,"Male"
"6018403",371836,2025-05-21 17:21:19,43.3576545715332,-8.8442268371582,"Male"
"6018403",371836,2025-05-21 17:26:13,43.3576469421387,-8.84422492980957,"Male"
"6018403",371836,2025-05-21 17:31:14,43.3575820922852,-8.84415435791016,"Male"
"6018403",371836,2025-05-21 17:36:14,43.3575820922852,-8.84411811828613,"Male"
"6018403",371836,2025-05-21 17:41:23,43.3575477600098,-8.84419918060303,"Male"
"6018403",371836,2025-05-21 17:46:18,43.358039855957,-8.84459590911865,"Male"
"6018403",371836,2025-05-21 17:52:14,43.3575744628906,-8.844069480896,"Male"
"6018403",371836,2025-05-21 17:56:15,43.3578071594238,-8.84450149536133,"Male"
"6018403",371836,2025-05-21 18:01:16,43.3576889038086,-8.84407138824463,"Male"
"6018403",371836,2025-05-21 18:06:21,43.3576202392578,-8.84401416778564,"Male"
"6018403",371836,2025-05-21 18:11:19,43.3575973510742,-8.8441276550293,"Male"
"6018403",371836,2025-05-21 18:16:44,43.3576889038086,-8.84430980682373,"Male"
"6018403",371836,2025-05-21 18:21:14,43.3575325012207,-8.84408092498779,"Male"
"6018403",371836,2025-05-21 18:26:15,43.3574714660645,-8.84398365020752,"Male"
"6018403",371836,2025-05-21 18:31:18,43.3574638366699,-8.84383773803711,"Male"
"6018403",371836,2025-05-21 18:36:23,43.3576545715332,-8.84429454803467,"Male"
"6018403",371836,2025-05-21 18:41:18,43.3574028015137,-8.84396743774414,"Male"
"6018403",371836,2025-05-21 18:46:35,43.3575820922852,-8.84416675567627,"Male"
"6018403",371836,2025-05-21 18:51:26,43.357608795166,-8.8441686630249,"Male"
"6018403",371836,2025-05-21 18:56:15,43.3576316833496,-8.84412097930908,"Male"
"6018403",371836,2025-05-21 19:01:24,43.3576049804688,-8.8440408706665,"Male"
"6018403",371836,2025-05-21 19:06:23,43.3576011657715,-8.84424304962158,"Male"
"6018403",371836,2025-05-21 19:11:23,43.3576011657715,-8.8441276550293,"Male"
"6018403",371836,2025-05-21 19:16:23,43.3576316833496,-8.84407424926758,"Male"
"6018403",371836,2025-05-21 19:21:26,43.3576393127441,-8.84400177001953,"Male"
"6018403",371836,2025-05-21 19:26:35,43.3576202392578,-8.84406852722168,"Male"
"6018403",371836,2025-05-21 19:31:16,43.3576545715332,-8.84422492980957,"Male"
"6018403",371836,2025-05-21 19:36:18,43.3576622009277,-8.84427642822266,"Male"
"6018403",371836,2025-05-21 19:41:16,43.3576393127441,-8.84419345855713,"Male"
"6018403",371836,2025-05-21 19:46:14,43.3576507568359,-8.84415626525879,"Male"
"6018403",371836,2025-05-21 19:51:17,43.3575477600098,-8.84431552886963,"Male"
"6018403",371836,2025-05-21 19:56:17,43.3576736450195,-8.84435939788818,"Male"
"6018403",371836,2025-05-21 20:01:15,43.3575859069824,-8.84420204162598,"Male"
"6018403",371836,2025-05-21 20:06:18,43.3576126098633,-8.84420490264893,"Male"
"6018403",371836,2025-05-21 20:11:23,43.3577156066895,-8.84400081634521,"Male"
"6018403",371836,2025-05-21 20:16:17,43.3574447631836,-8.84424781799316,"Male"
"6018403",371836,2025-05-21 20:21:22,43.357536315918,-8.84383296966553,"Male"
"6018403",371836,2025-05-21 20:26:18,43.357608795166,-8.84416580200195,"Male"
"6018403",371836,2025-05-21 20:31:14,43.3576545715332,-8.84461402893066,"Male"
"6018403",371836,2025-05-21 20:36:16,43.3577537536621,-8.84416580200195,"Male"
"6018403",371836,2025-05-21 20:41:16,43.3578071594238,-8.8441686630249,"Male"
"6018403",371836,2025-05-21 20:46:19,43.3578491210938,-8.8441104888916,"Male"
"6018403",371836,2025-05-21 20:51:15,43.3578147888184,-8.84419059753418,"Male"
"6018403",371836,2025-05-21 20:56:16,43.357780456543,-8.84415531158447,"Male"
"6018403",371836,2025-05-21 21:01:18,43.3577499389648,-8.84416961669922,"Male"
"6018403",371836,2025-05-21 21:06:16,43.3575820922852,-8.84427547454834,"Male"
"6018403",371836,2025-05-21 21:11:18,43.3575706481934,-8.84430599212646,"Male"
"6018403",371836,2025-05-21 21:16:59,43.3575210571289,-8.84419059753418,"Male"
"6018403",371836,2025-05-21 21:21:16,43.357494354248,-8.84422492980957,"Male"
"6018403",371836,2025-05-21 21:26:14,43.3575248718262,-8.84421348571777,"Male"
"6018403",371836,2025-05-21 21:31:14,43.3575134277344,-8.84421730041504,"Male"
"6018403",371836,2025-05-21 21:36:15,43.357551574707,-8.84421920776367,"Male"
"6018403",371836,2025-05-21 21:41:15,43.3575592041016,-8.84421730041504,"Male"
"6018403",371836,2025-05-21 21:46:14,43.3575553894043,-8.84421253204346,"Male"
"6018403",371836,2025-05-21 21:51:17,43.3575553894043,-8.84427738189697,"Male"
"6018403",371836,2025-05-21 21:56:17,43.3575744628906,-8.84408569335938,"Male"
"6018403",371836,2025-05-21 22:01:15,43.3574905395508,-8.8442211151123,"Male"
"6018403",371836,2025-05-21 22:06:17,43.357593536377,-8.84420204162598,"Male"
"6018403",371836,2025-05-21 22:11:15,43.3575744628906,-8.84400653839111,"Male"
"6018403",371836,2025-05-21 22:16:15,43.3574981689453,-8.84412479400635,"Male"
"6018403",371836,2025-05-21 22:21:16,43.3575096130371,-8.84414291381836,"Male"
"6018403",371836,2025-05-21 22:26:16,43.3575553894043,-8.84403705596924,"Male"
"6018403",371836,2025-05-21 22:31:17,43.3575859069824,-8.84400081634521,"Male"
"6018403",371836,2025-05-21 22:36:16,43.3575172424316,-8.84412288665771,"Male"
"6018403",371836,2025-05-21 22:41:16,43.3575477600098,-8.84408950805664,"Male"
"6018403",371836,2025-05-21 22:46:16,43.3575782775879,-8.84406852722168,"Male"
"6018403",371836,2025-05-21 22:51:16,43.3575668334961,-8.84410095214844,"Male"
"6018403",371836,2025-05-21 22:56:22,43.3574485778809,-8.84415245056152,"Male"
"6018403",371836,2025-05-21 23:01:18,43.357551574707,-8.84407997131348,"Male"
"6018403",371836,2025-05-21 23:06:23,43.3573417663574,-8.8441915512085,"Male"
"6018403",371836,2025-05-21 23:11:24,43.357307434082,-8.84392738342285,"Male"
"6018403",371836,2025-05-21 23:16:21,43.3571281433105,-8.84406280517578,"Male"
"6018403",371836,2025-05-21 23:21:19,43.3571853637695,-8.84364414215088,"Male"
"6018403",371836,2025-05-21 23:26:19,43.3573303222656,-8.84372329711914,"Male"
"6018403",371836,2025-05-21 23:31:18,43.357795715332,-8.84412574768066,"Male"
"6018403",371836,2025-05-21 23:36:18,43.3581275939941,-8.84398460388184,"Male"
"6018403",371836,2025-05-21 23:41:19,43.3574638366699,-8.84351444244385,"Male"
"6018403",371836,2025-05-21 23:46:22,43.3574981689453,-8.84350872039795,"Male"
"6018403",371836,2025-05-21 23:51:23,43.3577575683594,-8.84354591369629,"Male"
"6018403",371836,2025-05-21 23:56:24,43.3580131530762,-8.84346771240234,"Male"
"6018403",371836,2025-05-22 00:01:24,43.3577537536621,-8.84353256225586,"Male"
"6018403",371836,2025-05-22 00:06:24,43.357780456543,-8.84353923797607,"Male"
"6018403",371836,2025-05-22 00:11:17,43.357608795166,-8.84374618530273,"Male"
"6018403",371836,2025-05-22 00:16:16,43.3576622009277,-8.84373760223389,"Male"
"6018403",371836,2025-05-22 00:21:16,43.3576011657715,-8.84376621246338,"Male"
"6018403",371836,2025-05-22 00:26:15,43.3576164245605,-8.84375190734863,"Male"
"6018403",371836,2025-05-22 00:31:16,43.3576583862305,-8.8437442779541,"Male"
"6018403",371836,2025-05-22 00:36:16,43.3576812744141,-8.84373474121094,"Male"
"6018403",371836,2025-05-22 00:41:17,43.3576698303223,-8.84373188018799,"Male"
"6018403",371836,2025-05-22 00:46:17,43.3577117919922,-8.84370994567871,"Male"
"6018403",371836,2025-05-22 00:51:15,43.3576240539551,-8.84378623962402,"Male"
"6018403",371836,2025-05-22 00:56:29,43.3575630187988,-8.84383678436279,"Male"
"6018403",371836,2025-05-22 01:01:18,43.3577003479004,-8.84377861022949,"Male"
"6018403",371836,2025-05-22 01:06:24,43.3576622009277,-8.84382915496826,"Male"
"6018403",371836,2025-05-22 01:11:25,43.3576278686523,-8.84382057189941,"Male"
"6018403",371836,2025-05-22 01:16:35,43.3575401306152,-8.8441915512085,"Male"
"6018403",371836,2025-05-22 01:21:21,43.3575592041016,-8.84412860870361,"Male"
"6018403",371836,2025-05-22 01:26:17,43.3578109741211,-8.84418201446533,"Male"
"6018403",371836,2025-05-22 01:31:19,43.3577041625977,-8.84388542175293,"Male"
"6018403",371836,2025-05-22 01:36:18,43.3576965332031,-8.84384059906006,"Male"
"6018403",371836,2025-05-22 01:41:17,43.3577728271484,-8.84379768371582,"Male"
"6018403",371836,2025-05-22 01:46:16,43.3581962585449,-8.84405899047852,"Male"
"6018403",371836,2025-05-22 01:51:16,43.3581428527832,-8.8440990447998,"Male"
"6018403",371836,2025-05-22 01:56:16,43.358283996582,-8.84414386749268,"Male"
"6018403",371836,2025-05-22 02:01:23,43.357349395752,-8.84393501281738,"Male"
"6018403",371836,2025-05-22 02:06:24,43.3573150634766,-8.84388732910156,"Male"
"6018403",371836,2025-05-22 02:11:24,43.3572120666504,-8.84385108947754,"Male"
"6018403",371836,2025-05-22 02:16:27,43.3570213317871,-8.84373092651367,"Male"
"6018403",371836,2025-05-22 02:21:35,43.3574676513672,-8.84395694732666,"Male"
"6018403",371836,2025-05-22 02:26:14,43.3575820922852,-8.84409332275391,"Male"
"6018403",371836,2025-05-22 02:31:14,43.3576049804688,-8.844069480896,"Male"
"6018403",371836,2025-05-22 02:36:19,43.3576507568359,-8.84406852722168,"Male"
"6018403",371836,2025-05-22 02:41:15,43.3577194213867,-8.84402942657471,"Male"
"6018403",371836,2025-05-22 02:46:24,43.3578567504883,-8.84374332427979,"Male"
"6018403",371836,2025-05-22 02:51:19,43.357608795166,-8.84392642974854,"Male"
"6018403",371836,2025-05-22 02:56:16,43.3575096130371,-8.8440113067627,"Male"
"6018403",371836,2025-05-22 03:01:18,43.3575172424316,-8.84386825561523,"Male"
"6018403",371836,2025-05-22 03:06:24,43.3574829101562,-8.84421062469482,"Male"
"6018403",371836,2025-05-22 03:11:24,43.3575286865234,-8.84386730194092,"Male"
"6018403",371836,2025-05-22 03:16:18,43.3575439453125,-8.84392166137695,"Male"
"6018403",371836,2025-05-22 03:21:17,43.3575668334961,-8.84396648406982,"Male"
"6018403",371836,2025-05-22 03:26:15,43.3574295043945,-8.84442710876465,"Male"
"6018403",371836,2025-05-22 03:31:15,43.3573989868164,-8.84431266784668,"Male"
"6018403",371836,2025-05-22 03:36:15,43.3573875427246,-8.84427070617676,"Male"
"6018403",371836,2025-05-22 03:41:16,43.357551574707,-8.84468650817871,"Male"
"6018403",371836,2025-05-22 03:46:18,43.3572769165039,-8.84432411193848,"Male"
"6018403",371836,2025-05-22 03:51:19,43.3580627441406,-8.84567165374756,"Male"
"6018403",371836,2025-05-22 03:56:15,43.3763618469238,-8.8552942276001,"Male"
"6018403",371836,2025-05-22 04:01:16,43.4011878967285,-8.86866760253906,"Male"
"6018403",371836,2025-05-22 04:06:15,43.4263496398926,-8.88081550598145,"Male"
"6018403",371836,2025-05-22 04:11:15,43.4499969482422,-8.89610290527344,"Male"
"6018403",371836,2025-05-22 04:16:15,43.4721908569336,-8.92065238952637,"Male"
"6018403",371836,2025-05-22 04:21:15,43.4931755065918,-8.94611549377441,"Male"
"6018403",371836,2025-05-22 04:26:15,43.5126876831055,-8.97246551513672,"Male"
"6018403",371836,2025-05-22 04:31:15,43.5322875976562,-8.99931907653809,"Male"
"6018403",371836,2025-05-22 04:36:15,43.5549240112305,-9.01350212097168,"Male"
"6018403",371836,2025-05-22 04:41:17,43.5735321044922,-9.03724193572998,"Male"
"6018403",371836,2025-05-22 04:46:15,43.5921440124512,-9.04180240631104,"Male"
"6018403",371836,2025-05-22 04:51:15,43.6093597412109,-9.01764011383057,"Male"
"6018403",371836,2025-05-22 04:56:15,43.6159858703613,-8.98302555084229,"Male"
"6018403",371836,2025-05-22 05:01:15,43.6181831359863,-8.94418716430664,"Male"
"6018403",371836,2025-05-22 05:06:15,43.6193809509277,-8.90979099273682,"Male"
"6018403",371836,2025-05-22 05:11:15,43.6397399902344,-8.92638778686523,"Male"
"6018403",371836,2025-05-22 05:16:15,43.6599197387695,-8.94927787780762,"Male"
"6018403",371836,2025-05-22 05:21:15,43.6799240112305,-8.93972206115723,"Male"
"6018403",371836,2025-05-22 05:26:15,43.698112487793,-8.91385173797607,"Male"
"6018403",371836,2025-05-22 05:31:15,43.7071495056152,-8.87794971466064,"Male"
"6018403",371836,2025-05-22 05:36:16,43.7162170410156,-8.84331512451172,"Male"
"6018403",371836,2025-05-22 05:41:15,43.7324409484863,-8.83022022247314,"Male"
"6018403",371836,2025-05-22 05:46:16,43.7213668823242,-8.86673736572266,"Male"
"6018403",371836,2025-05-22 05:51:15,43.7005348205566,-8.91016292572021,"Male"
"6018403",371836,2025-05-22 05:56:15,43.6886291503906,-8.9599142074585,"Male"
"6018403",371836,2025-05-22 06:01:17,43.674877166748,-9.00605869293213,"Male"
"6018403",371836,2025-05-22 06:06:18,43.6447525024414,-9.0480785369873,"Male"
"6018403",371836,2025-05-22 06:11:24,43.6099624633789,-9.06051063537598,"Male"
"6018403",371836,2025-05-22 06:16:17,43.5869255065918,-9.09145832061768,"Male"
"6018403",371836,2025-05-22 06:21:18,43.562858581543,-9.09519195556641,"Male"
"6018403",371836,2025-05-22 06:26:15,43.5628776550293,-9.06095123291016,"Male"
"6018403",371836,2025-05-22 06:31:15,43.5541610717773,-9.02420711517334,"Male"
"6018403",371836,2025-05-22 06:36:16,43.5591278076172,-8.99450969696045,"Male"
"6018403",371836,2025-05-22 06:41:15,43.572998046875,-8.96842765808105,"Male"
"6018403",371836,2025-05-22 06:46:18,43.5860023498535,-8.95891571044922,"Male"
"6018403",371836,2025-05-22 06:51:16,43.5857734680176,-8.95860004425049,"Male"
"6018403",371836,2025-05-22 06:56:17,43.5855178833008,-8.95798015594482,"Male"
"6018403",371836,2025-05-22 07:01:16,43.5785789489746,-8.94270515441895,"Male"
"6018403",371836,2025-05-22 07:06:16,43.5717163085938,-8.9200325012207,"Male"
"6018403",371836,2025-05-22 07:11:15,43.5769882202148,-8.89871883392334,"Male"
"6018403",371836,2025-05-22 07:16:17,43.5679969787598,-8.88284015655518,"Male"
"6018403",371836,2025-05-22 07:21:16,43.5334091186523,-8.902024269104,"Male"
"6018403",371836,2025-05-22 07:26:15,43.4928855895996,-8.89733505249023,"Male"
"6018403",371836,2025-05-22 07:31:16,43.4537544250488,-8.88507175445557,"Male"
"6018403",371836,2025-05-22 07:36:16,43.4143409729004,-8.87252616882324,"Male"
"6018403",371836,2025-05-22 07:41:16,43.3778495788574,-8.85406303405762,"Male"
"6018403",371836,2025-05-22 07:46:17,43.3576240539551,-8.84436511993408,"Male"
"6018403",371836,2025-05-22 07:51:17,43.3575019836426,-8.84421920776367,"Male"
"6018403",371836,2025-05-22 07:56:16,43.357608795166,-8.84432125091553,"Male"
"6018403",371836,2025-05-22 08:01:16,43.357551574707,-8.84422492980957,"Male"
"6018403",371836,2025-05-22 08:06:16,43.3575477600098,-8.84423732757568,"Male"
"6018403",371836,2025-05-22 08:11:16,43.3574295043945,-8.84424114227295,"Male"
"6018403",371836,2025-05-22 08:16:18,43.3577766418457,-8.84410095214844,"Male"
"6018403",371836,2025-05-22 08:21:16,43.3578453063965,-8.844069480896,"Male"
"6018403",371836,2025-05-22 08:26:16,43.3576164245605,-8.84415626525879,"Male"
"6018403",371836,2025-05-22 08:31:17,43.3574867248535,-8.84412288665771,"Male"
"6018403",371836,2025-05-22 08:36:16,43.3575210571289,-8.84424495697021,"Male"
"6018403",371836,2025-05-22 08:41:16,43.3576774597168,-8.84425449371338,"Male"
"6018403",371836,2025-05-22 08:46:16,43.357666015625,-8.844801902771,"Male"
"6018403",371836,2025-05-22 08:51:18,43.3576889038086,-8.84398460388184,"Male"
"6018403",371836,2025-05-22 08:56:15,43.3577194213867,-8.84406852722168,"Male"
"6018403",371836,2025-05-22 09:01:17,43.3576850891113,-8.84398937225342,"Male"
"6018403",371836,2025-05-22 09:06:16,43.3577346801758,-8.84423637390137,"Male"
"6018403",371836,2025-05-22 09:11:16,43.3578224182129,-8.84407711029053,"Male"
"6018403",371836,2025-05-22 09:16:18,43.3578338623047,-8.84416198730469,"Male"
"6018403",371836,2025-05-22 09:21:16,43.3580169677734,-8.84424114227295,"Male"
"6018403",371836,2025-05-22 09:26:16,43.3579978942871,-8.84429931640625,"Male"
"6018403",371836,2025-05-22 09:31:16,43.3578109741211,-8.8443546295166,"Male"
"6018403",371836,2025-05-22 09:36:16,43.3577346801758,-8.84438896179199,"Male"
"6018403",371836,2025-05-22 09:41:16,43.3577575683594,-8.84434223175049,"Male"
"6018403",371836,2025-05-22 09:46:16,43.3576202392578,-8.84435844421387,"Male"
"6018403",371836,2025-05-22 09:51:16,43.3577537536621,-8.84422969818115,"Male"
"6018403",371836,2025-05-22 09:56:19,43.3578186035156,-8.84423732757568,"Male"
"6018403",371836,2025-05-22 10:01:17,43.3577880859375,-8.84423828125,"Male"
"6018403",371836,2025-05-22 10:06:19,43.3578262329102,-8.84438323974609,"Male"
"6018403",371836,2025-05-22 10:11:17,43.3576278686523,-8.84430122375488,"Male"
"6018403",371836,2025-05-22 10:16:17,43.3577041625977,-8.84416770935059,"Male"
"6018403",371836,2025-05-22 10:21:16,43.357723236084,-8.84441566467285,"Male"
"6018403",371836,2025-05-22 10:26:16,43.3579635620117,-8.8444881439209,"Male"
"6018403",371836,2025-05-22 10:31:16,43.3577003479004,-8.84440231323242,"Male"
"6018403",371836,2025-05-22 10:36:16,43.3577613830566,-8.84433746337891,"Male"
"6018403",371836,2025-05-22 10:41:16,43.3577613830566,-8.84428787231445,"Male"
"6018403",371836,2025-05-22 10:46:16,43.3577308654785,-8.84424591064453,"Male"
"6018403",371836,2025-05-22 10:51:18,43.3574905395508,-8.84402656555176,"Male"
"6018403",371836,2025-05-22 10:56:16,43.3575820922852,-8.84402847290039,"Male"
"6018403",371836,2025-05-22 11:01:19,43.3576202392578,-8.84407424926758,"Male"
"6018403",371836,2025-05-22 11:06:17,43.3571853637695,-8.84372329711914,"Male"
"6018403",371836,2025-05-22 11:11:17,43.3574180603027,-8.84361553192139,"Male"
"6018403",371836,2025-05-22 11:16:22,43.3577728271484,-8.84404182434082,"Male"
"6018403",371836,2025-05-22 11:21:18,43.3578109741211,-8.8441686630249,"Male"
"6018403",371836,2025-05-22 11:26:19,43.3577575683594,-8.8441276550293,"Male"
"6018403",371836,2025-05-22 11:31:17,43.3578147888184,-8.84432125091553,"Male"
"6018403",371836,2025-05-22 11:36:18,43.3578147888184,-8.84424495697021,"Male"
"6018403",371836,2025-05-22 11:41:19,43.3577499389648,-8.84407806396484,"Male"
"6018403",371836,2025-05-22 11:46:19,43.357738494873,-8.84408092498779,"Male"
"6018403",371836,2025-05-22 11:51:25,43.3576774597168,-8.84409141540527,"Male"
"6018403",371836,2025-05-22 11:56:18,43.357780456543,-8.84421634674072,"Male"
"6018403",371836,2025-05-22 12:01:19,43.3578071594238,-8.84407138824463,"Male"
"6018403",371836,2025-05-22 12:06:17,43.3577613830566,-8.84408569335938,"Male"
"6018403",371836,2025-05-22 12:11:21,43.3577842712402,-8.84407615661621,"Male"
"6018403",371836,2025-05-22 12:16:24,43.3577690124512,-8.84405136108398,"Male"
"6018403",371836,2025-05-22 12:21:16,43.3577651977539,-8.84396362304688,"Male"
"6018403",371836,2025-05-22 12:26:19,43.357780456543,-8.84397315979004,"Male"
"6018403",371836,2025-05-22 12:31:16,43.3577919006348,-8.84394264221191,"Male"
"6018403",371836,2025-05-22 12:36:17,43.3577690124512,-8.84400749206543,"Male"
"6018403",371836,2025-05-22 12:41:22,43.3577613830566,-8.84395217895508,"Male"
"6018403",371836,2025-05-22 12:46:17,43.3577537536621,-8.84391975402832,"Male"
"6018403",371836,2025-05-22 12:51:17,43.3577041625977,-8.84390926361084,"Male"
"6018403",371836,2025-05-22 12:56:17,43.357723236084,-8.84393882751465,"Male"
"6018403",371836,2025-05-22 13:01:17,43.3599319458008,-8.84522724151611,"Male"
"6018403",371836,2025-05-22 13:06:17,43.3177185058594,-8.85553455352783,"Male"
"6018403",371836,2025-05-22 13:11:21,43.3143882751465,-8.85680198669434,"Male"
"6018403",371836,2025-05-22 13:16:17,43.3174667358398,-8.86316204071045,"Male"
"6018403",371836,2025-05-22 13:21:17,43.3378410339355,-8.88365364074707,"Male"
"6018403",371836,2025-05-22 13:26:22,43.3602600097656,-8.90464496612549,"Male"
"6018403",371836,2025-05-22 13:31:22,43.3836708068848,-8.92288970947266,"Male"
"6018403",371836,2025-05-22 13:36:17,43.4073104858398,-8.93767166137695,"Male"
"6018403",371836,2025-05-22 13:41:22,43.4297752380371,-8.95810222625732,"Male"
"6018403",371836,2025-05-22 13:46:20,43.4530830383301,-8.98240852355957,"Male"
"6018403",371836,2025-05-22 13:51:31,43.4776992797852,-8.99745941162109,"Male"
"6018403",371836,2025-05-22 13:56:30,43.4988975524902,-8.99859809875488,"Male"
"6018403",371836,2025-05-22 14:01:18,43.5181465148926,-8.99007320404053,"Male"
"6018403",371836,2025-05-22 14:06:18,43.5365982055664,-9.01272201538086,"Male"
"6018403",371836,2025-05-22 14:11:19,43.5570945739746,-8.99793815612793,"Male"
"6018403",371836,2025-05-22 14:16:19,43.5685501098633,-8.97156047821045,"Male"
"6018403",371836,2025-05-22 14:21:18,43.5691184997559,-8.97294330596924,"Male"
"6018403",371836,2025-05-22 14:26:17,43.5843124389648,-8.96459293365479,"Male"
"6018403",371836,2025-05-22 14:31:17,43.5925827026367,-8.96292781829834,"Male"
"6018403",371836,2025-05-22 14:36:16,43.5781173706055,-8.94528293609619,"Male"
"6018403",371836,2025-05-22 14:41:21,43.5886535644531,-8.92147827148438,"Male"
"6018403",371836,2025-05-22 14:46:19,43.6107788085938,-8.92660427093506,"Male"
"6018403",371836,2025-05-22 14:51:17,43.6114959716797,-8.92771053314209,"Male"
"6018403",371836,2025-05-22 14:56:19,43.6107444763184,-8.92802619934082,"Male"
"6018403",371836,2025-05-22 15:01:24,43.609619140625,-8.92850112915039,"Male"
"6018403",371836,2025-05-22 15:06:18,43.6076011657715,-8.92995262145996,"Male"
"6018403",371836,2025-05-22 15:11:19,43.6074447631836,-8.93118381500244,"Male"
"6018403",371836,2025-05-22 15:16:17,43.5888214111328,-8.92641735076904,"Male"
"6018403",371836,2025-05-22 15:21:18,43.5469398498535,-8.91457843780518,"Male"
"6018403",371836,2025-05-22 15:26:25,43.498950958252,-8.91601848602295,"Male"
"6018403",371836,2025-05-22 15:31:17,43.4524192810059,-8.90839195251465,"Male"
"6018403",371836,2025-05-22 15:36:20,43.4074897766113,-8.89035415649414,"Male"
"6018403",371836,2025-05-22 15:41:17,43.372127532959,-8.86007881164551,"Male"
"6018403",371836,2025-05-22 15:46:17,43.3580284118652,-8.84425163269043,"Male"
"6018403",371836,2025-05-22 15:51:17,43.3581314086914,-8.84404945373535,"Male"
"6018403",371836,2025-05-22 15:56:16,43.3579635620117,-8.84418106079102,"Male"
"6018403",371836,2025-05-22 16:01:18,43.3580093383789,-8.84428882598877,"Male"
"6018403",371836,2025-05-22 16:06:16,43.3579940795898,-8.84433937072754,"Male"
"6018403",371836,2025-05-22 16:11:18,43.3579750061035,-8.84434795379639,"Male"
"6018403",371836,2025-05-22 16:16:16,43.3580284118652,-8.84438419342041,"Male"
"6018403",371836,2025-05-22 16:21:19,43.3578720092773,-8.84429931640625,"Male"
"6018403",371836,2025-05-22 16:26:23,43.3579788208008,-8.84419822692871,"Male"
"6018403",371836,2025-05-22 16:31:25,43.3579025268555,-8.84410572052002,"Male"
"6018403",371836,2025-05-22 16:36:17,43.3579177856445,-8.84438419342041,"Male"
"6018403",371836,2025-05-22 16:41:28,43.3579559326172,-8.84431552886963,"Male"
"6018403",371836,2025-05-22 16:46:24,43.3579711914062,-8.84432029724121,"Male"
"6018403",371836,2025-05-22 16:51:21,43.357967376709,-8.84442710876465,"Male"
"6018403",371836,2025-05-22 16:56:17,43.3578872680664,-8.84441089630127,"Male"
"6018403",371836,2025-05-22 17:01:21,43.357967376709,-8.8444881439209,"Male"
"6018403",371836,2025-05-22 17:06:17,43.3577842712402,-8.84431743621826,"Male"
"6018403",371836,2025-05-22 17:11:19,43.3578681945801,-8.84433174133301,"Male"
"6018403",371836,2025-05-22 17:16:22,43.3579292297363,-8.84446620941162,"Male"
"6018403",371836,2025-05-22 17:21:24,43.3577079772949,-8.84450626373291,"Male"
"6018403",371836,2025-05-22 17:26:21,43.3577194213867,-8.84416198730469,"Male"
"6018403",371836,2025-05-22 17:31:44,43.3578605651855,-8.84438514709473,"Male"
"6018403",371836,2025-05-22 17:36:17,43.3574485778809,-8.84377670288086,"Male"
"6018403",371836,2025-05-22 17:41:27,43.3573188781738,-8.84390068054199,"Male"
"6018403",371836,2025-05-22 17:46:16,43.3577079772949,-8.84418106079102,"Male"
"6018403",371836,2025-05-22 17:51:18,43.3579940795898,-8.84463691711426,"Male"
"6018403",371836,2025-05-22 17:56:24,43.357738494873,-8.84409236907959,"Male"
"6018403",371836,2025-05-22 18:01:17,43.3577651977539,-8.84424495697021,"Male"
"6018403",371836,2025-05-22 18:06:19,43.3577690124512,-8.84398937225342,"Male"
"6018403",371836,2025-05-22 18:11:17,43.3583602905273,-8.84519004821777,"Male"
"6018403",371836,2025-05-22 18:16:21,43.3577842712402,-8.84401702880859,"Male"
"6018403",371836,2025-05-22 18:21:17,43.3579330444336,-8.84438610076904,"Male"
"6018403",371836,2025-05-22 18:26:17,43.3577880859375,-8.84453868865967,"Male"
"6018403",371836,2025-05-22 18:31:18,43.3579635620117,-8.84434413909912,"Male"
"6018403",371836,2025-05-22 18:36:17,43.3577842712402,-8.84472274780273,"Male"
"6018403",371836,2025-05-22 18:41:16,43.3578262329102,-8.84486198425293,"Male"
"6018403",371836,2025-05-22 18:46:38,43.3577270507812,-8.84402751922607,"Male"
"6018403",371836,2025-05-22 18:51:16,43.3577613830566,-8.84407520294189,"Male"
"6018403",371836,2025-05-22 18:56:17,43.3578109741211,-8.84405994415283,"Male"
"6018403",371836,2025-05-22 19:01:18,43.3576316833496,-8.84420967102051,"Male"
"6018403",371836,2025-05-22 19:06:16,43.357738494873,-8.84406852722168,"Male"
"6018403",371836,2025-05-22 19:11:17,43.357738494873,-8.84412860870361,"Male"
"6018403",371836,2025-05-22 19:16:17,43.3577575683594,-8.84413528442383,"Male"
"6018403",371836,2025-05-22 19:21:16,43.3577156066895,-8.84417247772217,"Male"
"6018403",371836,2025-05-22 19:26:16,43.3577728271484,-8.84409809112549,"Male"
"6018403",371836,2025-05-22 19:31:16,43.3576965332031,-8.84419345855713,"Male"
"6018403",371836,2025-05-22 19:36:17,43.3577461242676,-8.84428215026855,"Male"
"6018403",371836,2025-05-22 19:41:17,43.3577728271484,-8.84421920776367,"Male"
"6018403",371836,2025-05-22 19:46:17,43.3576965332031,-8.84432792663574,"Male"
"6018403",371836,2025-05-22 19:51:17,43.3577194213867,-8.84428787231445,"Male"
"6018403",371836,2025-05-22 19:56:16,43.357780456543,-8.84420776367188,"Male"
"6018403",371836,2025-05-22 20:01:18,43.3577461242676,-8.84420776367188,"Male"
"6018403",371836,2025-05-22 20:06:16,43.3578262329102,-8.84429931640625,"Male"
"6018403",371836,2025-05-22 20:11:17,43.3578071594238,-8.84426879882812,"Male"
"6018403",371836,2025-05-22 20:16:17,43.3580474853516,-8.84442138671875,"Male"
"6018403",371836,2025-05-22 20:21:17,43.3581695556641,-8.84392166137695,"Male"
"6018403",371836,2025-05-22 20:26:17,43.3578491210938,-8.84432983398438,"Male"
"6018403",371836,2025-05-22 20:31:18,43.3577728271484,-8.84428405761719,"Male"
"6018403",371836,2025-05-22 20:36:17,43.357780456543,-8.84434795379639,"Male"
"6018403",371836,2025-05-22 20:41:17,43.3577651977539,-8.84439468383789,"Male"
"6018403",371836,2025-05-22 20:46:17,43.3577461242676,-8.84437274932861,"Male"
"6018403",371836,2025-05-22 20:51:17,43.3576889038086,-8.84430694580078,"Male"
"6018403",371836,2025-05-22 20:56:17,43.3576507568359,-8.84429454803467,"Male"
"6018403",371836,2025-05-22 21:01:17,43.3576354980469,-8.84427547454834,"Male"
"6018403",371836,2025-05-22 21:06:16,43.3576316833496,-8.84423351287842,"Male"
"6018403",371836,2025-05-22 21:11:17,43.3576316833496,-8.84429359436035,"Male"
"6018403",371836,2025-05-22 21:16:17,43.3576202392578,-8.84429168701172,"Male"
"6018403",371836,2025-05-22 21:21:16,43.3575439453125,-8.8443660736084,"Male"
"6018403",371836,2025-05-22 21:26:16,43.3575820922852,-8.84432315826416,"Male"
"6018403",371836,2025-05-22 21:31:16,43.3575401306152,-8.84438896179199,"Male"
"6018403",371836,2025-05-22 21:36:16,43.3575248718262,-8.84440994262695,"Male"
"6018403",371836,2025-05-22 21:41:16,43.3576126098633,-8.84437942504883,"Male"
"6018403",371836,2025-05-22 21:46:17,43.3577003479004,-8.84418392181396,"Male"
"6018403",371836,2025-05-22 21:51:16,43.3576583862305,-8.84423542022705,"Male"
"6018403",371836,2025-05-22 21:56:19,43.3576202392578,-8.84432888031006,"Male"
"6018403",371836,2025-05-22 22:01:16,43.3577423095703,-8.84413814544678,"Male"
"6018403",371836,2025-05-22 22:06:17,43.3576698303223,-8.8442554473877,"Male"
"6018403",371836,2025-05-22 22:11:17,43.3576889038086,-8.8443021774292,"Male"
"6018403",371836,2025-05-22 22:16:17,43.3577690124512,-8.84445762634277,"Male"
"6018403",371836,2025-05-22 22:21:16,43.3577651977539,-8.84442234039307,"Male"
"6018403",371836,2025-05-22 22:26:16,43.3577461242676,-8.84432792663574,"Male"
"6018403",371836,2025-05-22 22:31:16,43.3576774597168,-8.84430885314941,"Male"
"6018403",371836,2025-05-22 22:36:16,43.3576316833496,-8.84393501281738,"Male"
"6018403",371836,2025-05-22 22:41:16,43.3573837280273,-8.84408569335938,"Male"
"6018403",371836,2025-05-22 22:46:17,43.3577842712402,-8.84435653686523,"Male"
"6018403",371836,2025-05-22 22:51:16,43.357177734375,-8.84414577484131,"Male"
"6018403",371836,2025-05-22 22:56:17,43.3571434020996,-8.84349727630615,"Male"
"6018403",371836,2025-05-22 23:01:17,43.357234954834,-8.84400463104248,"Male"
"6018403",371836,2025-05-22 23:06:17,43.3572235107422,-8.84399032592773,"Male"
"6018403",371836,2025-05-22 23:11:17,43.3572235107422,-8.84391212463379,"Male"
"6018403",371836,2025-05-22 23:16:16,43.3572654724121,-8.8439474105835,"Male"
"6018403",371836,2025-05-22 23:21:17,43.3572120666504,-8.84405708312988,"Male"
"6018403",371836,2025-05-22 23:26:17,43.3571815490723,-8.84375,"Male"
"6018403",371836,2025-05-22 23:31:17,43.3572807312012,-8.8438777923584,"Male"
"6018403",371836,2025-05-22 23:36:18,43.3570327758789,-8.84393215179443,"Male"
"6018403",371836,2025-05-22 23:41:18,43.3557929992676,-8.84431648254395,"Male"
"6018403",371836,2025-05-22 23:46:25,43.355281829834,-8.84336757659912,"Male"
"6018403",371836,2025-05-22 23:51:22,43.3579025268555,-8.84362983703613,"Male"
"6018403",371836,2025-05-22 23:56:25,43.3569450378418,-8.84384632110596,"Male"
"6018403",371836,2025-05-23 00:01:25,43.3575172424316,-8.84401416778564,"Male"
"6018403",371836,2025-05-23 00:06:19,43.357536315918,-8.84394264221191,"Male"
"6018403",371836,2025-05-23 00:11:18,43.3575859069824,-8.84397029876709,"Male"
"6018403",371836,2025-05-23 00:16:17,43.3582000732422,-8.84390068054199,"Male"
"6018403",371836,2025-05-23 00:21:19,43.3580207824707,-8.84372806549072,"Male"
"6018403",371836,2025-05-23 00:26:21,43.3580589294434,-8.84370899200439,"Male"
"6018403",371836,2025-05-23 00:31:17,43.3580627441406,-8.84371948242188,"Male"
"6018403",371836,2025-05-23 00:36:16,43.3580551147461,-8.84365749359131,"Male"
"6018403",371836,2025-05-23 00:41:16,43.3581390380859,-8.843674659729,"Male"
"6018403",371836,2025-05-23 00:46:16,43.3580360412598,-8.84367179870605,"Male"
"6018403",371836,2025-05-23 00:51:17,43.3580169677734,-8.8437967300415,"Male"
"6018403",371836,2025-05-23 00:56:17,43.3579216003418,-8.84389209747314,"Male"
"6018403",371836,2025-05-23 01:01:16,43.35791015625,-8.84390068054199,"Male"
"6018403",371836,2025-05-23 01:06:16,43.3579254150391,-8.84401893615723,"Male"
"6018403",371836,2025-05-23 01:11:17,43.3579254150391,-8.84403896331787,"Male"
"6018403",371836,2025-05-23 01:16:17,43.3578987121582,-8.84406852722168,"Male"
"6018403",371836,2025-05-23 01:21:23,43.3577537536621,-8.84400463104248,"Male"
"6018403",371836,2025-05-23 01:26:22,43.3576812744141,-8.84401798248291,"Male"
"6018403",371836,2025-05-23 01:31:17,43.3580436706543,-8.84403228759766,"Male"
"6018403",371836,2025-05-23 01:36:22,43.3576965332031,-8.84398937225342,"Male"
"6018403",371836,2025-05-23 01:41:18,43.3577346801758,-8.84414291381836,"Male"
"6018403",371836,2025-05-23 01:46:17,43.3576354980469,-8.84414005279541,"Male"
"6018403",371836,2025-05-23 01:51:17,43.3575210571289,-8.84416961669922,"Male"
"6018403",371836,2025-05-23 01:56:24,43.357666015625,-8.84419345855713,"Male"
"6018403",371836,2025-05-23 02:01:21,43.3575897216797,-8.84417533874512,"Male"
"6018403",371836,2025-05-23 02:06:24,43.3575897216797,-8.84424304962158,"Male"
"6018403",371836,2025-05-23 02:11:24,43.3575973510742,-8.84431457519531,"Male"
"6018403",371836,2025-05-23 02:16:18,43.3576889038086,-8.84412479400635,"Male"
"6018403",371836,2025-05-23 02:21:23,43.3576812744141,-8.84399032592773,"Male"
"6018403",371836,2025-05-23 02:26:23,43.3577308654785,-8.84406089782715,"Male"
"6018403",371836,2025-05-23 02:31:24,43.3577575683594,-8.84400844573975,"Male"
"6018403",371836,2025-05-23 02:36:24,43.3577461242676,-8.84406280517578,"Male"
"6018403",371836,2025-05-23 02:41:24,43.3578796386719,-8.84400272369385,"Male"
"6018403",371836,2025-05-23 02:46:18,43.3576431274414,-8.84401607513428,"Male"
"6018403",371836,2025-05-23 02:51:23,43.3577003479004,-8.84422969818115,"Male"
"6018403",371836,2025-05-23 02:56:24,43.3575439453125,-8.84401416778564,"Male"
"6018403",371836,2025-05-23 03:01:17,43.3576622009277,-8.84412384033203,"Male"
"6018403",371836,2025-05-23 03:06:22,43.3578109741211,-8.84429454803467,"Male"
"6018403",371836,2025-05-23 03:11:23,43.3575782775879,-8.84414196014404,"Male"
"6018403",371836,2025-05-23 03:16:18,43.3576850891113,-8.84446811676025,"Male"
"6018403",371836,2025-05-23 03:21:21,43.3577003479004,-8.84438323974609,"Male"
"6018403",371836,2025-05-23 03:26:25,43.3578300476074,-8.84434032440186,"Male"
"6018403",371836,2025-05-23 03:31:17,43.3574295043945,-8.84425258636475,"Male"
"6018403",371836,2025-05-23 03:36:30,43.357852935791,-8.84428977966309,"Male"
"6018403",371836,2025-05-23 03:41:24,43.3578071594238,-8.84415149688721,"Male"
"6018403",371836,2025-05-23 03:46:24,43.3577537536621,-8.84433650970459,"Male"
"6018403",371836,2025-05-23 03:51:40,43.3576164245605,-8.84446430206299,"Male"
"6018403",371836,2025-05-23 03:56:24,43.3573455810547,-8.84408187866211,"Male"
"6018403",371836,2025-05-23 04:02:23,43.3573379516602,-8.84457874298096,"Male"
"6018403",371836,2025-05-23 04:06:24,43.3574600219727,-8.84445667266846,"Male"
"6018403",371836,2025-05-23 04:11:25,43.3572845458984,-8.84459400177002,"Male"
"6018403",371836,2025-05-23 04:16:24,43.3573799133301,-8.84449577331543,"Male"
"6018403",371836,2025-05-23 04:21:24,43.3571166992188,-8.84457397460938,"Male"
"6018403",371836,2025-05-23 04:26:24,43.3566589355469,-8.84471035003662,"Male"
"6018403",371836,2025-05-23 04:31:28,43.357479095459,-8.84409523010254,"Male"
"6018403",371836,2025-05-23 04:36:25,43.3578491210938,-8.84410858154297,"Male"
"6018403",371836,2025-05-23 04:41:17,43.3578872680664,-8.84414482116699,"Male"
"6018403",371836,2025-05-23 04:46:24,43.3579483032227,-8.84427165985107,"Male"
"6018403",371836,2025-05-23 04:51:27,43.357982635498,-8.84431743621826,"Male"
"6018403",371836,2025-05-23 04:56:19,43.3578147888184,-8.84412288665771,"Male"
"6018403",371836,2025-05-23 05:01:25,43.3581619262695,-8.84456253051758,"Male"
"6018403",371836,2025-05-23 05:06:21,43.358211517334,-8.84469890594482,"Male"
"6018403",371836,2025-05-23 05:11:24,43.3586807250977,-8.84511566162109,"Male"
"6018403",371836,2025-05-23 05:16:24,43.3584594726562,-8.8450984954834,"Male"
"6018403",371836,2025-05-23 05:21:25,43.3584251403809,-8.8451042175293,"Male"
"6018403",371836,2025-05-23 05:26:22,43.3586769104004,-8.84556579589844,"Male"
"6018403",371836,2025-05-23 05:31:51,43.3772087097168,-8.8666934967041,"Male"
"6018403",371836,2025-05-23 05:36:16,43.3928527832031,-8.89613342285156,"Male"
"6018403",371836,2025-05-23 05:41:17,43.4102210998535,-8.93136692047119,"Male"
"6018403",371836,2025-05-23 05:46:19,43.4279975891113,-8.96034049987793,"Male"
"6018403",371836,2025-05-23 05:51:16,43.4405212402344,-9.00535106658936,"Male"
"6018403",371836,2025-05-23 05:56:21,43.4509811401367,-9.05692958831787,"Male"
"6018403",371836,2025-05-23 06:01:17,43.4621620178223,-9.10747814178467,"Male"
"6018403",371836,2025-05-23 06:06:35,43.4637603759766,-9.14356231689453,"Male"
"6018403",371836,2025-05-23 06:11:16,43.4672889709473,-9.13829231262207,"Male"
"6018403",371836,2025-05-23 06:16:17,43.4707641601562,-9.13274002075195,"Male"
"6018403",371836,2025-05-23 06:21:17,43.4742851257324,-9.12671089172363,"Male"
"6018403",371836,2025-05-23 06:26:16,43.4781455993652,-9.12186717987061,"Male"
"6018403",371836,2025-05-23 06:31:16,43.4808502197266,-9.11850357055664,"Male"
"6018403",371836,2025-05-23 06:36:16,43.4816932678223,-9.16563415527344,"Male"
"6018403",371836,2025-05-23 06:41:16,43.4808731079102,-9.17094802856445,"Male"
"6018403",371836,2025-05-23 06:46:16,43.4796257019043,-9.17156219482422,"Male"
"6018403",371836,2025-05-23 06:51:16,43.4706649780273,-9.15251445770264,"Male"
"6018403",371836,2025-05-23 06:56:16,43.4624519348145,-9.11967849731445,"Male"
"6018403",371836,2025-05-23 07:01:16,43.4571838378906,-9.09127616882324,"Male"
"6018403",371836,2025-05-23 07:06:16,43.4513053894043,-9.05827522277832,"Male"
"6018403",371836,2025-05-23 07:11:16,43.4393653869629,-9.0240306854248,"Male"
"6018403",371836,2025-05-23 07:16:17,43.4274063110352,-8.99211597442627,"Male"
"6018403",371836,2025-05-23 07:21:17,43.4135322570801,-8.95809173583984,"Male"
"6018403",371836,2025-05-23 07:26:16,43.3990745544434,-8.92627334594727,"Male"
"6018403",371836,2025-05-23 07:31:17,43.3844718933105,-8.89210033416748,"Male"
"6018403",371836,2025-05-23 07:36:16,43.3670387268066,-8.85943222045898,"Male"
"6018403",371836,2025-05-23 07:41:19,43.3575859069824,-8.84420871734619,"Male"
"6018403",371836,2025-05-23 07:46:18,43.3575477600098,-8.84387588500977,"Male"
"6018403",371836,2025-05-23 07:51:17,43.3575019836426,-8.84388160705566,"Male"
"6018403",371836,2025-05-23 07:56:17,43.357494354248,-8.84384441375732,"Male"
"6018403",371836,2025-05-23 08:01:19,43.3572998046875,-8.84367847442627,"Male"
"6018403",371836,2025-05-23 08:06:17,43.357421875,-8.84376907348633,"Male"
"6018403",371836,2025-05-23 08:11:16,43.357364654541,-8.8437671661377,"Male"
"6018403",371836,2025-05-23 08:16:27,43.3575477600098,-8.84392929077148,"Male"
"6018403",371836,2025-05-23 08:21:19,43.3576622009277,-8.84423637390137,"Male"
"6018403",371836,2025-05-23 08:26:22,43.3574409484863,-8.84373188018799,"Male"
"6018403",371836,2025-05-23 08:31:21,43.3578491210938,-8.84451484680176,"Male"
"6018403",371836,2025-05-23 08:36:16,43.3578033447266,-8.84408187866211,"Male"
"6018403",371836,2025-05-23 08:41:21,43.3577156066895,-8.84423351287842,"Male"
"6018403",371836,2025-05-23 08:46:35,43.3575668334961,-8.84414100646973,"Male"
"6018403",371836,2025-05-23 08:51:15,43.3575744628906,-8.84411811828613,"Male"
"6018403",371836,2025-05-23 08:56:17,43.3576049804688,-8.84419536590576,"Male"
"6018403",371836,2025-05-23 09:01:18,43.3576202392578,-8.84422302246094,"Male"
"6018403",371836,2025-05-23 09:06:16,43.3576431274414,-8.84421253204346,"Male"
"6018403",371836,2025-05-23 09:11:16,43.3576316833496,-8.84423065185547,"Male"
"6018403",371836,2025-05-23 09:16:17,43.357551574707,-8.84444904327393,"Male"
"6018403",371836,2025-05-23 09:21:16,43.3575477600098,-8.8440990447998,"Male"
"6018403",371836,2025-05-23 09:26:17,43.3575630187988,-8.84406471252441,"Male"
"6018403",371836,2025-05-23 09:31:16,43.3575820922852,-8.84412860870361,"Male"
"6018403",371836,2025-05-23 09:36:17,43.3576545715332,-8.84400367736816,"Male"
"6018403",371836,2025-05-23 09:41:18,43.3575820922852,-8.84384155273438,"Male"
"6018403",371836,2025-05-23 09:46:23,43.3575057983398,-8.84385871887207,"Male"
"6018403",371836,2025-05-23 09:51:18,43.3575706481934,-8.84390640258789,"Male"
"6018403",371836,2025-05-23 09:56:19,43.3576126098633,-8.84381675720215,"Male"
"6018403",371836,2025-05-23 10:01:20,43.3576622009277,-8.84391593933105,"Male"
"6018403",371836,2025-05-23 10:06:18,43.357666015625,-8.84380722045898,"Male"
"6018403",371836,2025-05-23 10:11:19,43.3577690124512,-8.84377670288086,"Male"
"6018403",371836,2025-05-23 10:16:18,43.3575706481934,-8.84390163421631,"Male"
"6018403",371836,2025-05-23 10:21:17,43.3576431274414,-8.84376335144043,"Male"
"6018403",371836,2025-05-23 10:26:21,43.3575706481934,-8.84381103515625,"Male"
"6018403",371836,2025-05-23 10:31:17,43.3575973510742,-8.8439474105835,"Male"
"6018403",371836,2025-05-23 10:36:17,43.3575210571289,-8.84352016448975,"Male"
"6018403",371836,2025-05-23 10:41:18,43.3575973510742,-8.84379386901855,"Male"
"6018403",371836,2025-05-23 10:46:22,43.3576698303223,-8.84377193450928,"Male"
"6018403",371836,2025-05-23 10:51:16,43.3575172424316,-8.84380340576172,"Male"
"6018403",371836,2025-05-23 10:56:19,43.3576354980469,-8.84371566772461,"Male"
"6018403",371836,2025-05-23 11:01:16,43.3576736450195,-8.8438138961792,"Male"
"6018403",371836,2025-05-23 11:06:17,43.3576622009277,-8.84378528594971,"Male"
"6018403",371836,2025-05-23 11:11:22,43.3576698303223,-8.84371948242188,"Male"
"6018403",371836,2025-05-23 11:16:18,43.3578987121582,-8.84451580047607,"Male"
"6018403",371836,2025-05-23 11:21:23,43.3578109741211,-8.84461975097656,"Male"
"6018403",371836,2025-05-23 11:26:23,43.3581886291504,-8.8443775177002,"Male"
"6018403",371836,2025-05-23 11:31:19,43.3580589294434,-8.84398174285889,"Male"
"6018403",371836,2025-05-23 11:36:18,43.3580513000488,-8.84405326843262,"Male"
"6018403",371836,2025-05-23 11:41:19,43.3580284118652,-8.8439884185791,"Male"
"6018403",371836,2025-05-23 11:46:19,43.357967376709,-8.8439998626709,"Male"
"6018403",371836,2025-05-23 11:51:19,43.3580780029297,-8.84386730194092,"Male"
"6018403",371836,2025-05-23 11:56:19,43.3580436706543,-8.84409999847412,"Male"
"6018403",371836,2025-05-23 12:01:32,43.3577995300293,-8.84396266937256,"Male"
"6018403",371836,2025-05-23 12:06:16,43.3580627441406,-8.84384632110596,"Male"
"6018403",371836,2025-05-23 12:11:24,43.3577461242676,-8.84400177001953,"Male"
"6018403",371836,2025-05-23 12:16:31,43.3576622009277,-8.84412097930908,"Male"
"6018403",371836,2025-05-23 12:21:24,43.3578567504883,-8.84467220306396,"Male"
"6018403",371836,2025-05-23 12:26:25,43.3576354980469,-8.84419250488281,"Male"
"6018403",371836,2025-05-23 12:31:19,43.3577880859375,-8.84409427642822,"Male"
"6018403",371836,2025-05-23 12:36:24,43.3577041625977,-8.84404277801514,"Male"
"6018403",371836,2025-05-23 12:41:19,43.3576545715332,-8.8440465927124,"Male"
"6018403",371836,2025-05-23 12:46:24,43.3577728271484,-8.84393119812012,"Male"
"6018403",371836,2025-05-23 12:51:18,43.3576126098633,-8.84403800964355,"Male"
"6018403",371836,2025-05-23 12:56:24,43.3577690124512,-8.84404945373535,"Male"
"6018403",371836,2025-05-23 13:01:23,43.3577537536621,-8.8440055847168,"Male"
"6018403",371836,2025-05-23 13:06:17,43.3578224182129,-8.84404468536377,"Male"
"6018403",371836,2025-05-23 13:11:24,43.3640060424805,-8.85122299194336,"Male"
"6018403",371836,2025-05-23 13:16:26,43.3841094970703,-8.88373470306396,"Male"
"6018403",371836,2025-05-23 13:21:18,43.4033279418945,-8.90962409973145,"Male"
"6018403",371836,2025-05-23 13:26:19,43.4207344055176,-8.93581295013428,"Male"
"6018403",371836,2025-05-23 13:31:19,43.426383972168,-8.98655700683594,"Male"
"6018403",371836,2025-05-23 13:36:51,43.434383392334,-9.03756713867188,"Male"
"6018403",371836,2025-05-23 13:41:16,43.4408988952637,-9.08564186096191,"Male"
"6018403",371836,2025-05-23 13:46:17,43.4451637268066,-9.14161968231201,"Male"
"6018403",371836,2025-05-23 13:51:17,43.4373397827148,-9.17975616455078,"Male"
"6018403",371836,2025-05-23 13:56:21,43.4388236999512,-9.22186660766602,"Male"
"6018403",371836,2025-05-23 14:01:53,43.4528045654297,-9.22156143188477,"Male"
"6018403",371836,2025-05-23 14:06:16,43.4479904174805,-9.23117256164551,"Male"
"6018403",371836,2025-05-23 14:11:21,43.4396286010742,-9.23311614990234,"Male"
"6018403",371836,2025-05-23 14:16:16,43.4382209777832,-9.23264503479004,"Male"
"6018403",371836,2025-05-23 14:21:16,43.4375648498535,-9.23324871063232,"Male"
"6018403",371836,2025-05-23 14:26:17,43.4371681213379,-9.23431777954102,"Male"
"6018403",371836,2025-05-23 14:31:16,43.4369812011719,-9.23528861999512,"Male"
"6018403",371836,2025-05-23 14:36:16,43.4363708496094,-9.23604869842529,"Male"
"6018403",371836,2025-05-23 14:41:16,43.4393310546875,-9.23196792602539,"Male"
"6018403",371836,2025-05-23 14:46:17,43.4417572021484,-9.22732734680176,"Male"
"6018403",371836,2025-05-23 14:51:19,43.4496994018555,-9.21277141571045,"Male"
"6018403",371836,2025-05-23 14:56:18,43.453498840332,-9.19742393493652,"Male"
"6018403",371836,2025-05-23 15:01:18,43.4480056762695,-9.17845916748047,"Male"
"6018403",371836,2025-05-23 15:06:17,43.4416275024414,-9.15977764129639,"Male"
"6018403",371836,2025-05-23 15:11:17,43.434700012207,-9.14040088653564,"Male"
"6018403",371836,2025-05-23 15:16:17,43.4257965087891,-9.1052885055542,"Male"
"6018403",371836,2025-05-23 15:21:17,43.4158668518066,-9.07002067565918,"Male"
"6018403",371836,2025-05-23 15:26:17,43.4038314819336,-9.03672218322754,"Male"
"6018403",371836,2025-05-23 15:31:18,43.3932991027832,-9.0035457611084,"Male"
"6018403",371836,2025-05-23 15:36:17,43.3795394897461,-8.96964550018311,"Male"
"6018403",371836,2025-05-23 15:41:17,43.3724479675293,-8.93589115142822,"Male"
"6018403",371836,2025-05-23 15:46:17,43.3636627197266,-8.90270328521729,"Male"
"6018403",371836,2025-05-23 15:51:17,43.3571166992188,-8.86854934692383,"Male"
"6018403",371836,2025-05-23 15:56:17,43.3599243164062,-8.8466100692749,"Male"
"6018403",371836,2025-05-23 16:01:17,43.3576927185059,-8.84373760223389,"Male"
"6018403",371836,2025-05-23 16:06:21,43.3576774597168,-8.84370231628418,"Male"
"6018403",371836,2025-05-23 16:11:17,43.3576545715332,-8.84377098083496,"Male"
"6018403",371836,2025-05-23 16:16:21,43.3576812744141,-8.84379959106445,"Male"
"6018403",371836,2025-05-23 16:21:17,43.357666015625,-8.84388256072998,"Male"
"6018403",371836,2025-05-23 16:26:25,43.3576316833496,-8.84384441375732,"Male"
"6018403",371836,2025-05-23 16:31:19,43.3577003479004,-8.84402656555176,"Male"
"6018403",371836,2025-05-23 16:36:24,43.3577919006348,-8.84393215179443,"Male"
"6018403",371836,2025-05-23 16:41:25,43.3575820922852,-8.8438549041748,"Male"
"6018403",371836,2025-05-23 16:46:30,43.3577461242676,-8.84398746490479,"Male"
"6018403",371836,2025-05-23 16:51:30,43.3576622009277,-8.84404277801514,"Male"
"6018403",371836,2025-05-23 16:56:24,43.357780456543,-8.84486675262451,"Male"
"6018403",371836,2025-05-23 17:01:29,43.3578071594238,-8.84384250640869,"Male"
"6018403",371836,2025-05-23 17:06:19,43.3577423095703,-8.84407806396484,"Male"
"6018403",371836,2025-05-23 17:11:18,43.3576927185059,-8.84407711029053,"Male"
"6018403",371836,2025-05-23 17:16:53,43.357738494873,-8.8440990447998,"Male"
"6018403",371836,2025-05-23 17:21:20,43.3576126098633,-8.84423446655273,"Male"
"6018403",371836,2025-05-23 17:26:18,43.3576507568359,-8.84401893615723,"Male"
"6018403",371836,2025-05-23 17:31:18,43.3576240539551,-8.84409427642822,"Male"
"6018403",371836,2025-05-23 17:36:21,43.3567199707031,-8.84527778625488,"Male"
"6018403",371836,2025-05-23 17:41:18,43.3577461242676,-8.84415531158447,"Male"
"6018403",371836,2025-05-23 17:46:18,43.357780456543,-8.84413719177246,"Male"
"6018403",371836,2025-05-23 17:51:18,43.3578071594238,-8.8441219329834,"Male"
"6018403",371836,2025-05-23 17:56:18,43.3577995300293,-8.84400653839111,"Male"
"6018403",371836,2025-05-23 18:01:18,43.3577423095703,-8.84435272216797,"Male"
"6018403",371836,2025-05-23 18:06:21,43.3579368591309,-8.84426403045654,"Male"
"6018403",371836,2025-05-23 18:11:20,43.3579635620117,-8.84412002563477,"Male"
"6018403",371836,2025-05-23 18:16:18,43.3580741882324,-8.8440408706665,"Male"
"6018403",371836,2025-05-23 18:21:18,43.3579864501953,-8.8440523147583,"Male"
"6018403",371836,2025-05-23 18:26:20,43.3580436706543,-8.84407615661621,"Male"
"6018403",371836,2025-05-23 18:31:20,43.3580055236816,-8.84404945373535,"Male"
"6018403",371836,2025-05-23 18:36:18,43.3579635620117,-8.8441915512085,"Male"
"6018403",371836,2025-05-23 18:41:22,43.3581161499023,-8.84400081634521,"Male"
"6018403",371836,2025-05-23 18:46:20,43.3584671020508,-8.84486484527588,"Male"
"6018403",371836,2025-05-23 18:51:18,43.3579025268555,-8.8441915512085,"Male"
"6018403",371836,2025-05-23 18:56:19,43.3578910827637,-8.84417724609375,"Male"
"6018403",371836,2025-05-23 19:01:21,43.3578186035156,-8.84404754638672,"Male"
"6018403",371836,2025-05-23 19:06:20,43.357982635498,-8.84429359436035,"Male"
"6018403",371836,2025-05-23 19:11:36,43.3579444885254,-8.84430599212646,"Male"
"6018403",371836,2025-05-23 19:16:20,43.3579597473145,-8.84407043457031,"Male"
"6018403",371836,2025-05-23 19:21:27,43.3578643798828,-8.84393882751465,"Male"
"6018403",371836,2025-05-23 19:26:21,43.3578796386719,-8.84427738189697,"Male"
"6018403",371836,2025-05-23 19:31:20,43.3581352233887,-8.84438991546631,"Male"
"6018403",371836,2025-05-23 19:36:21,43.3580017089844,-8.84428977966309,"Male"
"6018403",371836,2025-05-23 19:41:19,43.3580741882324,-8.84439754486084,"Male"
"6018403",371836,2025-05-23 19:46:20,43.358268737793,-8.84447765350342,"Male"
"6018403",371836,2025-05-23 19:51:20,43.3580131530762,-8.84437847137451,"Male"
"6018403",371836,2025-05-23 19:56:23,43.3582305908203,-8.84477424621582,"Male"
"6018403",371836,2025-05-23 20:01:23,43.3579254150391,-8.84414100646973,"Male"
"6018403",371836,2025-05-23 20:06:27,43.3580093383789,-8.8443603515625,"Male"
"6018403",371836,2025-05-23 20:11:30,43.3582153320312,-8.84458637237549,"Male"
"6018403",371836,2025-05-23 20:16:21,43.3579330444336,-8.84435367584229,"Male"
"6018403",371836,2025-05-23 20:21:25,43.3584098815918,-8.84508228302002,"Male"
"6018403",371836,2025-05-23 20:26:21,43.3585968017578,-8.8453950881958,"Male"
"6018403",371836,2025-05-23 20:31:41,43.3575859069824,-8.84403133392334,"Male"
"6018403",371836,2025-05-23 20:36:23,43.3575172424316,-8.84417057037354,"Male"
"6018403",371836,2025-05-23 20:41:19,43.3575973510742,-8.84371089935303,"Male"
"6018403",371836,2025-05-23 20:46:18,43.3575057983398,-8.84395408630371,"Male"
"6018403",371836,2025-05-23 20:51:19,43.3573112487793,-8.84362411499023,"Male"
"6018403",371836,2025-05-23 20:56:21,43.3574371337891,-8.84389877319336,"Male"
"6018403",371836,2025-05-23 21:01:18,43.3575439453125,-8.84404182434082,"Male"
"6018403",371836,2025-05-23 21:06:31,43.3573989868164,-8.84425258636475,"Male"
"6018403",371836,2025-05-23 21:11:23,43.3575134277344,-8.84385967254639,"Male"
"6018403",371836,2025-05-23 21:16:24,43.3575782775879,-8.843918800354,"Male"
"6018403",371836,2025-05-23 21:21:23,43.3575172424316,-8.84400653839111,"Male"
"6018403",371836,2025-05-23 21:26:27,43.3576698303223,-8.84383773803711,"Male"
"6018403",371836,2025-05-23 21:31:20,43.3575210571289,-8.84389781951904,"Male"
"6018403",371836,2025-05-23 21:36:23,43.3575401306152,-8.84388828277588,"Male"
"6018403",371836,2025-05-23 21:41:22,43.3575325012207,-8.84384059906006,"Male"
"6018403",371836,2025-05-23 21:46:39,43.3578910827637,-8.84374618530273,"Male"
"6018403",371836,2025-05-23 21:51:46,43.3581581115723,-8.84407806396484,"Male"
"6018403",371836,2025-05-23 21:56:53,43.3574676513672,-8.84398746490479,"Male"
"6018403",371836,2025-05-23 22:01:19,43.3574562072754,-8.84382438659668,"Male"
"6018403",371836,2025-05-23 22:06:22,43.3574485778809,-8.84398746490479,"Male"
"6018403",371836,2025-05-23 22:11:18,43.3574752807617,-8.84406852722168,"Male"
"6018403",371836,2025-05-23 22:16:21,43.3574981689453,-8.84392929077148,"Male"
"6018403",371836,2025-05-23 22:21:17,43.3574867248535,-8.84403610229492,"Male"
"6018403",371836,2025-05-23 22:26:18,43.3574485778809,-8.84408760070801,"Male"
"6018403",371836,2025-05-23 22:31:20,43.3574714660645,-8.84406757354736,"Male"
"6018403",371836,2025-05-23 22:36:18,43.3574562072754,-8.84404945373535,"Male"
"6018403",371836,2025-05-23 22:41:19,43.3574333190918,-8.84409809112549,"Male"
"6018403",371836,2025-05-23 22:46:19,43.357364654541,-8.8440637588501,"Male"
"6018403",371836,2025-05-23 22:51:20,43.3573951721191,-8.84406661987305,"Male"
"6018403",371836,2025-05-23 22:56:19,43.3574562072754,-8.84407424926758,"Male"
"6018403",371836,2025-05-23 23:01:19,43.357551574707,-8.84378337860107,"Male"
"6018403",371836,2025-05-23 23:06:21,43.3575248718262,-8.84386444091797,"Male"
"6018403",371836,2025-05-23 23:11:23,43.3575057983398,-8.84393405914307,"Male"
"6018403",371836,2025-05-23 23:16:22,43.357536315918,-8.84384727478027,"Male"
"6018403",371836,2025-05-23 23:21:21,43.3575897216797,-8.84382057189941,"Male"
"6018403",371836,2025-05-23 23:26:22,43.3574676513672,-8.84396171569824,"Male"
"6018403",371836,2025-05-23 23:31:18,43.3577995300293,-8.84392833709717,"Male"
"6018403",371836,2025-05-23 23:36:20,43.3577880859375,-8.84443378448486,"Male"
"6018403",371836,2025-05-23 23:41:32,43.3586502075195,-8.84435939788818,"Male"
"6018403",371836,2025-05-23 23:46:23,43.3579483032227,-8.84399032592773,"Male"
"6018403",371836,2025-05-23 23:51:30,43.3578300476074,-8.84408855438232,"Male"
"6018403",371836,2025-05-23 23:56:22,43.3579864501953,-8.84395313262939,"Male"
"6018403",371836,2025-05-24 00:01:21,43.3581275939941,-8.84392356872559,"Male"
"6018403",371836,2025-05-24 00:06:19,43.3576736450195,-8.84437561035156,"Male"
"6018403",371836,2025-05-24 00:11:28,43.3575782775879,-8.84407424926758,"Male"
"6018403",371836,2025-05-24 00:16:27,43.3576202392578,-8.84416770935059,"Male"
"6018403",371836,2025-05-24 00:21:23,43.357536315918,-8.84439754486084,"Male"
"6018403",371836,2025-05-24 00:26:18,43.3576927185059,-8.84430694580078,"Male"
"6018403",371836,2025-05-24 00:31:19,43.3575630187988,-8.84437084197998,"Male"
"6018403",371836,2025-05-24 00:36:22,43.3576278686523,-8.84436321258545,"Male"
"6018403",371836,2025-05-24 00:41:31,43.3576583862305,-8.84419918060303,"Male"
"6018403",371836,2025-05-24 00:46:41,43.3576889038086,-8.84406852722168,"Male"
"6018403",371836,2025-05-24 00:51:23,43.3577003479004,-8.84386444091797,"Male"
"6018403",371836,2025-05-24 00:56:20,43.3576393127441,-8.84401226043701,"Male"
"6018403",371836,2025-05-24 01:01:23,43.3577079772949,-8.84405994415283,"Male"
"6018403",371836,2025-05-24 01:06:46,43.357666015625,-8.8438549041748,"Male"
"6018403",371836,2025-05-24 01:11:24,43.3576164245605,-8.84397602081299,"Male"
"6018403",371836,2025-05-24 01:16:30,43.3579254150391,-8.84383392333984,"Male"
"6018403",371836,2025-05-24 01:21:22,43.3575439453125,-8.84404468536377,"Male"
"6018403",371836,2025-05-24 01:26:21,43.357593536377,-8.84402656555176,"Male"
"6018403",371836,2025-05-24 01:31:34,43.3576011657715,-8.84407424926758,"Male"
"6018403",371836,2025-05-24 01:36:44,43.3575210571289,-8.84417533874512,"Male"
"6018403",371836,2025-05-24 01:41:18,43.3574409484863,-8.84411907196045,"Male"
"6018403",371836,2025-05-24 01:46:21,43.3575325012207,-8.84410190582275,"Male"
"6018403",371836,2025-05-24 01:51:21,43.3576583862305,-8.84419918060303,"Male"
"6018403",371836,2025-05-24 01:56:21,43.357421875,-8.84409046173096,"Male"
"6018403",371836,2025-05-24 02:01:20,43.35791015625,-8.84448719024658,"Male"
"6018403",371836,2025-05-24 02:06:22,43.357795715332,-8.84455871582031,"Male"
"6018403",371836,2025-05-24 02:11:22,43.3575592041016,-8.84438133239746,"Male"
"6018403",371836,2025-05-24 02:16:19,43.3576889038086,-8.84436893463135,"Male"
"6018403",371836,2025-05-24 02:21:22,43.3574600219727,-8.84410953521729,"Male"
"6018403",371836,2025-05-24 02:26:19,43.3577499389648,-8.84457206726074,"Male"
"6018403",371836,2025-05-24 02:31:48,43.3575744628906,-8.84415245056152,"Male"
"6018403",371836,2025-05-24 02:36:22,43.3576965332031,-8.84429550170898,"Male"
"6018403",371836,2025-05-24 02:41:21,43.3577156066895,-8.84450626373291,"Male"
"6018403",371836,2025-05-24 02:46:20,43.357593536377,-8.84461879730225,"Male"
"6018403",371836,2025-05-24 02:51:22,43.3577919006348,-8.84434032440186,"Male"
"6018403",371836,2025-05-24 02:56:23,43.3578033447266,-8.8442850112915,"Male"
"6018403",371836,2025-05-24 03:01:22,43.3577079772949,-8.84446620941162,"Male"
"6018403",371836,2025-05-24 03:06:19,43.357536315918,-8.84478378295898,"Male"
"6018403",371836,2025-05-24 03:11:19,43.3577690124512,-8.84419918060303,"Male"
"6018403",371836,2025-05-24 03:16:19,43.3577880859375,-8.84438705444336,"Male"
"6018403",371836,2025-05-24 03:21:19,43.3577728271484,-8.84432697296143,"Male"
"6018403",371836,2025-05-24 03:26:18,43.3577613830566,-8.84434032440186,"Male"
"6018403",371836,2025-05-24 03:31:19,43.3577423095703,-8.84444713592529,"Male"
"6018403",371836,2025-05-24 03:36:19,43.3578224182129,-8.84424495697021,"Male"
"6018403",371836,2025-05-24 03:41:19,43.3579559326172,-8.84395885467529,"Male"
"6018403",371836,2025-05-24 03:46:21,43.3577308654785,-8.84425258636475,"Male"
"6018403",371836,2025-05-24 03:51:21,43.3577423095703,-8.84436702728271,"Male"
"6018403",371836,2025-05-24 03:56:25,43.3579483032227,-8.8439416885376,"Male"
"6018403",371836,2025-05-24 04:01:31,43.3578491210938,-8.8441104888916,"Male"
"6018403",371836,2025-05-24 04:06:23,43.3578872680664,-8.84430980682373,"Male"
"6018403",371836,2025-05-24 04:11:20,43.3579216003418,-8.84407329559326,"Male"
"6018403",371836,2025-05-24 04:16:19,43.3576965332031,-8.84403610229492,"Male"
"6018403",371836,2025-05-24 04:21:19,43.3578338623047,-8.84414100646973,"Male"
"6018403",371836,2025-05-24 04:26:20,43.3578643798828,-8.8440523147583,"Male"
"6018403",371836,2025-05-24 04:31:21,43.357852935791,-8.84433174133301,"Male"
"6018403",371836,2025-05-24 04:36:20,43.3570251464844,-8.84385681152344,"Male"
"6018403",371836,2025-05-24 04:41:22,43.3580665588379,-8.84395599365234,"Male"
"6018403",371836,2025-05-24 04:46:21,43.3576965332031,-8.84417915344238,"Male"
"6018403",371836,2025-05-24 04:51:20,43.3575820922852,-8.84420108795166,"Male"
"6018403",371836,2025-05-24 04:56:19,43.3579978942871,-8.84475326538086,"Male"
"6018403",371836,2025-05-24 05:01:21,43.357780456543,-8.84472560882568,"Male"
"6018403",371836,2025-05-24 05:06:20,43.3572425842285,-8.84513473510742,"Male"
"6018403",371836,2025-05-24 05:11:22,43.3572235107422,-8.84513759613037,"Male"
"6018403",371836,2025-05-24 05:16:20,43.3576049804688,-8.84534168243408,"Male"
"6018403",371836,2025-05-24 05:21:19,43.357608795166,-8.8446102142334,"Male"
"6018403",371836,2025-05-24 05:26:18,43.357494354248,-8.84470176696777,"Male"
"6018403",371836,2025-05-24 05:31:21,43.3578910827637,-8.84524822235107,"Male"
"6018403",371836,2025-05-24 05:36:32,43.3576278686523,-8.84434795379639,"Male"
"6018403",371836,2025-05-24 05:41:20,43.3578109741211,-8.84445667266846,"Male"
"6018403",371836,2025-05-24 05:46:30,43.3466415405273,-8.8514461517334,"Male"
"6018403",371836,2025-05-24 05:56:19,43.3222389221191,-8.85936164855957,"Male"
"6018403",371836,2025-05-24 06:01:19,43.347038269043,-8.85123920440674,"Male"
"6018403",371836,2025-05-24 06:06:19,43.3580589294434,-8.84395980834961,"Male"
"6018403",371836,2025-05-24 06:11:20,43.3580589294434,-8.84410095214844,"Male"
"6018403",371836,2025-05-24 06:16:53,43.3578033447266,-8.84401321411133,"Male"
"6018403",371836,2025-05-24 06:21:22,43.3572731018066,-8.84329319000244,"Male"
"6018403",371836,2025-05-24 06:26:27,43.3577728271484,-8.84385395050049,"Male"
"6018403",371836,2025-05-24 06:31:21,43.3577537536621,-8.84409999847412,"Male"
"6018403",371836,2025-05-24 06:36:24,43.3575706481934,-8.84407997131348,"Male"
"6018403",371836,2025-05-24 06:41:21,43.3577461242676,-8.84414196014404,"Male"
"6018403",371836,2025-05-24 06:46:21,43.3576316833496,-8.84407234191895,"Male"
"6018403",371836,2025-05-24 06:51:18,43.3572387695312,-8.84323310852051,"Male"
"6018403",371836,2025-05-24 06:56:18,43.3577766418457,-8.84436702728271,"Male"
"6018403",371836,2025-05-24 07:01:19,43.3575859069824,-8.84433078765869,"Male"
"6018403",371836,2025-05-24 07:06:20,43.3576965332031,-8.84407997131348,"Male"
"6018403",371836,2025-05-24 07:11:18,43.357723236084,-8.84414100646973,"Male"
"6018403",371836,2025-05-24 07:16:18,43.3576774597168,-8.84408950805664,"Male"
"6018403",371836,2025-05-24 07:21:18,43.3577499389648,-8.84419059753418,"Male"
"6018403",371836,2025-05-24 07:26:18,43.3577613830566,-8.84417819976807,"Male"
"6018403",371836,2025-05-24 07:31:44,43.3576507568359,-8.84403896331787,"Male"
"6018403",371836,2025-05-24 07:36:18,43.3577003479004,-8.84415721893311,"Male"
"6018403",371836,2025-05-24 07:41:22,43.3576583862305,-8.84407806396484,"Male"
"6018403",371836,2025-05-24 07:46:18,43.3576812744141,-8.84396743774414,"Male"
"6018403",371836,2025-05-24 07:51:18,43.3576698303223,-8.84397411346436,"Male"
"6018403",371836,2025-05-24 07:56:18,43.357723236084,-8.84412479400635,"Male"
"6018403",371836,2025-05-24 08:01:18,43.3576316833496,-8.84389877319336,"Male"
"6018403",371836,2025-05-24 08:06:18,43.3576126098633,-8.84395980834961,"Male"
"6018403",371836,2025-05-24 08:11:18,43.3575668334961,-8.8439302444458,"Male"
"6018403",371836,2025-05-24 08:16:18,43.3578834533691,-8.84418296813965,"Male"
"6018403",371836,2025-05-24 08:21:21,43.3578109741211,-8.84421539306641,"Male"
"6018403",371836,2025-05-24 08:26:20,43.3579711914062,-8.84425640106201,"Male"
"6018403",371836,2025-05-24 08:31:19,43.3581581115723,-8.84452247619629,"Male"
"6018403",371836,2025-05-24 08:36:19,43.3580017089844,-8.84431076049805,"Male"
"6018403",371836,2025-05-24 08:41:23,43.3579711914062,-8.84408473968506,"Male"
"6018403",371836,2025-05-24 08:46:24,43.3579254150391,-8.84412956237793,"Male"
"6018403",371836,2025-05-24 08:51:27,43.3577423095703,-8.84378623962402,"Male"
"6018403",371836,2025-05-24 08:56:21,43.3578453063965,-8.84396171569824,"Male"
"6018403",371836,2025-05-24 09:01:21,43.3580589294434,-8.84459686279297,"Male"
"6018403",371836,2025-05-24 09:06:19,43.3581733703613,-8.84494686126709,"Male"
"6018403",371836,2025-05-24 09:11:21,43.3573799133301,-8.84313678741455,"Male"
"6018403",371836,2025-05-24 09:16:22,43.3574066162109,-8.84320068359375,"Male"
"6018403",371836,2025-05-24 09:21:19,43.3574028015137,-8.84315204620361,"Male"
"6018403",371836,2025-05-24 09:26:19,43.357349395752,-8.84311485290527,"Male"
"6018403",371836,2025-05-24 09:31:20,43.3575592041016,-8.84233283996582,"Male"
"6018403",371836,2025-05-24 09:36:21,43.3575820922852,-8.84268093109131,"Male"
"6018403",371836,2025-05-24 09:41:19,43.3575744628906,-8.84272861480713,"Male"
"6018403",371836,2025-05-24 09:46:21,43.3578987121582,-8.84389209747314,"Male"
"6018403",371836,2025-05-24 09:51:22,43.3575782775879,-8.84278774261475,"Male"
"6018403",371836,2025-05-24 09:56:30,43.3575134277344,-8.84391498565674,"Male"
"6018403",371836,2025-05-24 10:01:21,43.3575668334961,-8.84337615966797,"Male"
"6018403",371836,2025-05-24 10:06:21,43.3575706481934,-8.8431396484375,"Male"
"6018403",371836,2025-05-24 10:11:23,43.357536315918,-8.84319400787354,"Male"
"6018403",371836,2025-05-24 10:16:27,43.3575706481934,-8.84390163421631,"Male"
"6018403",371836,2025-05-24 10:21:20,43.3574867248535,-8.84360599517822,"Male"
"6018403",371836,2025-05-24 10:26:22,43.3575897216797,-8.84320163726807,"Male"
"6018403",371836,2025-05-24 10:31:23,43.3574256896973,-8.84387683868408,"Male"
"6018403",371836,2025-05-24 10:36:27,43.3571014404297,-8.84479808807373,"Male"
"6018403",371836,2025-05-24 10:41:29,43.3574142456055,-8.84435272216797,"Male"
"6018403",371836,2025-05-24 10:46:22,43.3574104309082,-8.84397029876709,"Male"
"6018403",371836,2025-05-24 10:51:24,43.357608795166,-8.84372329711914,"Male"
"6018403",371836,2025-05-24 10:56:27,43.3574867248535,-8.8442440032959,"Male"
"6018403",371836,2025-05-24 11:01:20,43.357364654541,-8.84389591217041,"Male"
"6018403",371836,2025-05-24 11:06:25,43.357048034668,-8.84389019012451,"Male"
"6018403",371836,2025-05-24 11:11:30,43.3569679260254,-8.84445381164551,"Male"
"6018403",371836,2025-05-24 11:16:22,43.3572425842285,-8.84426498413086,"Male"
"6018403",371836,2025-05-24 11:21:22,43.357006072998,-8.84426975250244,"Male"
"6018403",371836,2025-05-24 11:26:21,43.3571701049805,-8.84428024291992,"Male"
"6018403",371836,2025-05-24 11:31:20,43.3571548461914,-8.84425449371338,"Male"
"6018403",371836,2025-05-24 11:36:20,43.3571128845215,-8.84425258636475,"Male"
"6018403",371836,2025-05-24 11:41:20,43.357982635498,-8.84419631958008,"Male"
"6018403",371836,2025-05-24 11:46:23,43.3581008911133,-8.84367179870605,"Male"
"6018403",371836,2025-05-24 11:51:24,43.3578948974609,-8.84389877319336,"Male"
"6018403",371836,2025-05-24 11:56:22,43.3573760986328,-8.84424018859863,"Male"
"6018403",371836,2025-05-24 12:01:22,43.3574066162109,-8.84419441223145,"Male"
"6018403",371836,2025-05-24 12:06:19,43.3572273254395,-8.84426689147949,"Male"
"6018403",371836,2025-05-24 12:11:20,43.3574905395508,-8.84415912628174,"Male"
"6018403",371836,2025-05-24 12:16:20,43.3572158813477,-8.84415245056152,"Male"
"6018403",371836,2025-05-24 12:21:19,43.3578262329102,-8.843918800354,"Male"
"6018403",371836,2025-05-24 12:26:19,43.3578224182129,-8.84387397766113,"Male"
"6018403",371836,2025-05-24 12:31:19,43.3578681945801,-8.84391403198242,"Male"
"6018403",371836,2025-05-24 12:36:20,43.357048034668,-8.8439826965332,"Male"
"6018403",371836,2025-05-24 12:41:19,43.3578948974609,-8.84382057189941,"Male"
"6018403",371836,2025-05-24 12:46:19,43.3578834533691,-8.84379577636719,"Male"
"6018403",371836,2025-05-24 12:51:19,43.357837677002,-8.84381103515625,"Male"
"6018403",371836,2025-05-24 12:56:19,43.357421875,-8.84493732452393,"Male"
"6018403",371836,2025-05-24 13:01:22,43.3578643798828,-8.84397506713867,"Male"
"6018403",371836,2025-05-24 13:06:19,43.3579063415527,-8.84400367736816,"Male"
"6018403",371836,2025-05-24 13:11:19,43.3579978942871,-8.84402465820312,"Male"
"6018403",371836,2025-05-24 13:16:21,43.3579177856445,-8.84413051605225,"Male"
"6018403",371836,2025-05-24 13:21:21,43.3584785461426,-8.84406280517578,"Male"
"6018403",371836,2025-05-24 13:26:24,43.3568267822266,-8.84279155731201,"Male"
"6018403",371836,2025-05-24 13:31:24,43.3572235107422,-8.84412670135498,"Male"
"6018403",371836,2025-05-24 13:36:24,43.3567237854004,-8.84409046173096,"Male"
"6018403",371836,2025-05-24 13:41:25,43.3578796386719,-8.84403800964355,"Male"
"6018403",371836,2025-05-24 13:46:22,43.3575973510742,-8.84406852722168,"Male"
"6018403",371836,2025-05-24 13:51:23,43.3579940795898,-8.84429931640625,"Male"
"6018403",371836,2025-05-24 13:56:21,43.3579025268555,-8.84403991699219,"Male"
"6018403",371836,2025-05-24 14:01:35,43.356559753418,-8.84354972839355,"Male"
"6018403",371836,2025-05-24 14:06:45,43.3573188781738,-8.84385871887207,"Male"
"6018403",371836,2025-05-24 14:11:19,43.3571510314941,-8.84389686584473,"Male"
"6018403",371836,2025-05-24 14:16:22,43.3572158813477,-8.84430122375488,"Male"
"6018403",371836,2025-05-24 14:21:24,43.3572959899902,-8.84436798095703,"Male"
"6018403",371836,2025-05-24 14:26:23,43.3570137023926,-8.8442268371582,"Male"
"6018403",371836,2025-05-24 14:31:27,43.3573913574219,-8.84360980987549,"Male"
"6018403",371836,2025-05-24 14:36:24,43.3570671081543,-8.84385681152344,"Male"
"6018403",371836,2025-05-24 14:41:30,43.356502532959,-8.84421062469482,"Male"
"6018403",371836,2025-05-24 14:46:29,43.3566398620605,-8.84418392181396,"Male"
"6018403",371836,2025-05-24 14:51:25,43.3560600280762,-8.84409713745117,"Male"
"6018403",371836,2025-05-24 14:56:29,43.3577995300293,-8.84398746490479,"Male"
"6018403",371836,2025-05-24 15:01:27,43.3577346801758,-8.84426021575928,"Male"
"6018403",371836,2025-05-24 15:06:25,43.3577041625977,-8.84419536590576,"Male"
"6018403",371836,2025-05-24 15:11:22,43.3575973510742,-8.84426021575928,"Male"
"6018403",371836,2025-05-24 15:16:24,43.3576774597168,-8.84420299530029,"Male"
"6018403",371836,2025-05-24 15:21:20,43.3577041625977,-8.84443664550781,"Male"
"6018403",371836,2025-05-24 15:26:22,43.3578109741211,-8.84426116943359,"Male"
"6018403",371836,2025-05-24 15:31:19,43.3576774597168,-8.84451580047607,"Male"
"6018403",371836,2025-05-24 15:36:22,43.3587303161621,-8.84481048583984,"Male"
"6018403",371836,2025-05-24 15:41:22,43.3585205078125,-8.84475803375244,"Male"
"6018403",371836,2025-05-24 15:46:21,43.3578224182129,-8.84416961669922,"Male"
"6018403",371836,2025-05-24 15:51:21,43.3578910827637,-8.84401035308838,"Male"
"6018403",371836,2025-05-24 15:56:20,43.3575668334961,-8.84438610076904,"Male"
"6018403",371836,2025-05-24 16:01:20,43.358470916748,-8.84485912322998,"Male"
"6018403",371836,2025-05-24 16:06:19,43.3587074279785,-8.84519386291504,"Male"
"6018403",371836,2025-05-24 16:11:19,43.3585968017578,-8.84521770477295,"Male"
"6018403",371836,2025-05-24 16:16:19,43.3584136962891,-8.8449010848999,"Male"
"6018403",371836,2025-05-24 16:21:19,43.3581390380859,-8.84387111663818,"Male"
"6018403",371836,2025-05-24 16:26:22,43.3581275939941,-8.84391403198242,"Male"
"6018403",371836,2025-05-24 16:31:24,43.3581657409668,-8.84396171569824,"Male"
"6018403",371836,2025-05-24 16:36:22,43.3581962585449,-8.84436225891113,"Male"
"6018403",371836,2025-05-24 16:41:22,43.3580055236816,-8.84377479553223,"Male"
"6018403",371836,2025-05-24 16:46:20,43.3580322265625,-8.84382247924805,"Male"
"6018403",371836,2025-05-24 16:51:19,43.3579483032227,-8.84351921081543,"Male"
"6018403",371836,2025-05-24 16:56:25,43.3578834533691,-8.84376525878906,"Male"
"6018403",371836,2025-05-24 17:01:25,43.3578796386719,-8.84372615814209,"Male"
"6018403",371836,2025-05-24 17:06:41,43.3579139709473,-8.84380531311035,"Male"
"6018403",371836,2025-05-24 17:11:22,43.3588638305664,-8.84488773345947,"Male"
"6018403",371836,2025-05-24 17:16:36,43.3585433959961,-8.84460926055908,"Male"
"6018403",371836,2025-05-24 17:21:25,43.3578987121582,-8.8442554473877,"Male"
"6018403",371836,2025-05-24 17:26:24,43.3579788208008,-8.84407138824463,"Male"
"6018403",371836,2025-05-24 17:31:22,43.3579063415527,-8.84397506713867,"Male"
"6018403",371836,2025-05-24 17:36:22,43.3579177856445,-8.84398460388184,"Male"
"6018403",371836,2025-05-24 17:41:19,43.3579444885254,-8.84401798248291,"Male"
"6018403",371836,2025-05-24 17:46:19,43.3579216003418,-8.84402370452881,"Male"
"6018403",371836,2025-05-24 17:52:23,43.3577003479004,-8.84428215026855,"Male"
"6018403",371836,2025-05-24 17:56:18,43.3579216003418,-8.8444128036499,"Male"
"6018403",371836,2025-05-24 18:01:21,43.3578987121582,-8.8439998626709,"Male"
"6018403",371836,2025-05-24 18:06:18,43.3578033447266,-8.84566402435303,"Male"
"6018403",371836,2025-05-24 18:11:18,43.3578033447266,-8.84426403045654,"Male"
"6018403",371836,2025-05-24 18:16:18,43.3577919006348,-8.84416770935059,"Male"
"6018403",371836,2025-05-24 18:21:18,43.3577842712402,-8.84422779083252,"Male"
"6018403",371836,2025-05-24 18:26:19,43.357780456543,-8.84430885314941,"Male"
"6018403",371836,2025-05-24 18:31:19,43.3577880859375,-8.84431171417236,"Male"
"6018403",371836,2025-05-24 18:36:20,43.3577499389648,-8.84435653686523,"Male"
"6018403",371836,2025-05-24 18:41:18,43.3578147888184,-8.84442329406738,"Male"
"6018403",371836,2025-05-24 18:46:18,43.3688011169434,-8.86961841583252,"Male"
"6018403",371836,2025-05-24 18:51:18,43.3853187561035,-8.90602397918701,"Male"
"6018403",371836,2025-05-24 18:56:18,43.3940811157227,-8.94941329956055,"Male"
"6018403",371836,2025-05-24 19:01:18,43.4053916931152,-8.98846435546875,"Male"
"6018403",371836,2025-05-24 19:06:18,43.416862487793,-9.02793407440186,"Male"
"6018403",371836,2025-05-24 19:11:18,43.4351577758789,-9.05821704864502,"Male"
"6018403",371836,2025-05-24 19:16:18,43.4523658752441,-9.08968925476074,"Male"
"6018403",371836,2025-05-24 19:21:18,43.4515724182129,-9.09020328521729,"Male"
"6018403",371836,2025-05-24 19:26:20,43.4506797790527,-9.09062385559082,"Male"
"6018403",371836,2025-05-24 19:31:18,43.4521713256836,-9.09716510772705,"Male"
"6018403",371836,2025-05-24 19:36:18,43.4609222412109,-9.12618064880371,"Male"
"6018403",371836,2025-05-24 19:41:18,43.4604797363281,-9.11525344848633,"Male"
"6018403",371836,2025-05-24 19:46:18,43.4542045593262,-9.07320690155029,"Male"
"6018403",371836,2025-05-24 19:51:19,43.4371337890625,-9.03088188171387,"Male"
"6018403",371836,2025-05-24 19:56:18,43.4154624938965,-8.99713039398193,"Male"
"6018403",371836,2025-05-24 20:01:18,43.3967361450195,-8.96229362487793,"Male"
"6018403",371836,2025-05-24 20:06:18,43.3808212280273,-8.92739295959473,"Male"
"6018403",371836,2025-05-24 20:11:18,43.369457244873,-8.89001369476318,"Male"
"6018403",371836,2025-05-24 20:16:18,43.3599128723145,-8.85164833068848,"Male"
"6018403",371836,2025-05-24 20:21:19,43.3579025268555,-8.84402179718018,"Male"
"6018403",371836,2025-05-24 20:26:18,43.3578414916992,-8.84439659118652,"Male"
"6018403",371836,2025-05-24 20:31:18,43.3595008850098,-8.84710121154785,"Male"
"6018403",371836,2025-05-24 20:36:21,43.3578071594238,-8.84444046020508,"Male"
"6018403",371836,2025-05-24 20:41:18,43.3579025268555,-8.8444185256958,"Male"
"6018403",371836,2025-05-24 20:46:21,43.3578071594238,-8.84441184997559,"Male"
"6018403",371836,2025-05-24 20:51:19,43.3577537536621,-8.84432315826416,"Male"
"6018403",371836,2025-05-24 20:56:19,43.3578186035156,-8.84416389465332,"Male"
"6018403",371836,2025-05-24 21:01:19,43.3575744628906,-8.84433650970459,"Male"
"6018403",371836,2025-05-24 21:06:19,43.357780456543,-8.84428596496582,"Male"
"6018403",371836,2025-05-24 21:11:18,43.3576126098633,-8.84416007995605,"Male"
"6018403",371836,2025-05-24 21:16:20,43.3576812744141,-8.84423828125,"Male"
"6018403",371836,2025-05-24 21:21:20,43.3577194213867,-8.84418964385986,"Male"
"6018403",371836,2025-05-24 21:26:18,43.3577613830566,-8.84407806396484,"Male"
"6018403",371836,2025-05-24 21:31:20,43.3577079772949,-8.8440637588501,"Male"
"6018403",371836,2025-05-24 21:36:20,43.3577613830566,-8.84407711029053,"Male"
"6018403",371836,2025-05-24 21:41:20,43.3576545715332,-8.84414958953857,"Male"
"6018403",371836,2025-05-24 21:46:20,43.3576965332031,-8.84393787384033,"Male"
"6018403",371836,2025-05-24 21:51:19,43.3577766418457,-8.84393787384033,"Male"
"6018403",371836,2025-05-24 21:56:18,43.3577575683594,-8.84396839141846,"Male"
"6018403",371836,2025-05-24 22:01:19,43.3577613830566,-8.84395885467529,"Male"
"6018403",371836,2025-05-24 22:06:18,43.357780456543,-8.84391117095947,"Male"
"6018403",371836,2025-05-24 22:11:19,43.3577308654785,-8.84387016296387,"Male"
"6018403",371836,2025-05-24 22:16:19,43.3577194213867,-8.84382247924805,"Male"
"6018403",371836,2025-05-24 22:21:59,43.3576622009277,-8.84411716461182,"Male"
"6018403",371836,2025-05-24 22:26:24,43.3575630187988,-8.84415626525879,"Male"
"6018403",371836,2025-05-24 22:31:20,43.3575553894043,-8.84419536590576,"Male"
"6018403",371836,2025-05-24 22:36:21,43.3576278686523,-8.84404563903809,"Male"
"6018403",371836,2025-05-24 22:41:53,43.3576240539551,-8.84412956237793,"Male"
"6018403",371836,2025-05-24 22:46:18,43.3576431274414,-8.84412574768066,"Male"
"6018403",371836,2025-05-24 22:51:18,43.357666015625,-8.84426021575928,"Male"
"6018403",371836,2025-05-24 22:56:18,43.3576011657715,-8.8440637588501,"Male"
"6018403",371836,2025-05-24 23:01:18,43.3576011657715,-8.84407806396484,"Male"
"6018403",371836,2025-05-24 23:06:17,43.3577079772949,-8.84411907196045,"Male"
"6018403",371836,2025-05-24 23:11:17,43.3576583862305,-8.8441858291626,"Male"
"6018403",371836,2025-05-24 23:16:20,43.3576622009277,-8.84406185150146,"Male"
"6018403",371836,2025-05-24 23:21:18,43.3576850891113,-8.84426307678223,"Male"
"6018403",371836,2025-05-24 23:26:18,43.357593536377,-8.84414672851562,"Male"
"6018403",371836,2025-05-24 23:31:17,43.3577003479004,-8.84425830841064,"Male"
"6018403",371836,2025-05-24 23:36:18,43.3576469421387,-8.84412670135498,"Male"
"6018403",371836,2025-05-24 23:41:18,43.3575782775879,-8.84408473968506,"Male"
"6018403",371836,2025-05-24 23:46:29,43.3575859069824,-8.84402179718018,"Male"
"6018403",371836,2025-05-24 23:51:19,43.3576202392578,-8.84408092498779,"Male"
"6018403",371836,2025-05-24 23:56:19,43.3576011657715,-8.84404850006104,"Male"
"6018403",371836,2025-05-25 00:01:19,43.3576164245605,-8.84410190582275,"Male"
"6018403",371836,2025-05-25 00:06:18,43.357593536377,-8.84411144256592,"Male"
"6018403",371836,2025-05-25 00:11:18,43.3575477600098,-8.84409046173096,"Male"
"6018403",371836,2025-05-25 00:16:19,43.3575782775879,-8.84398937225342,"Male"
"6018403",371836,2025-05-25 00:21:18,43.3576202392578,-8.84416675567627,"Male"
"6018403",371836,2025-05-25 00:26:18,43.3575973510742,-8.84414196014404,"Male"
"6018403",371836,2025-05-25 00:31:17,43.3576049804688,-8.84409999847412,"Male"
"6018403",371836,2025-05-25 00:36:18,43.3575668334961,-8.84412574768066,"Male"
"6018403",371836,2025-05-25 00:41:18,43.3575706481934,-8.84410572052002,"Male"
"6018403",371836,2025-05-25 00:46:17,43.3576164245605,-8.84413146972656,"Male"
"6018403",371836,2025-05-25 00:51:18,43.3575973510742,-8.84413433074951,"Male"
"6018403",371836,2025-05-25 00:56:22,43.3575973510742,-8.84413814544678,"Male"
"6018403",371836,2025-05-25 01:01:17,43.3575973510742,-8.84414196014404,"Male"
"6018403",371836,2025-05-25 01:06:17,43.3575782775879,-8.84414577484131,"Male"
"6018403",371836,2025-05-25 01:11:17,43.3576240539551,-8.84410762786865,"Male"
"6018403",371836,2025-05-25 01:16:24,43.3576316833496,-8.84413242340088,"Male"
"6018403",371836,2025-05-25 01:21:18,43.3575744628906,-8.84424686431885,"Male"
"6018403",371836,2025-05-25 01:26:18,43.3575782775879,-8.84426784515381,"Male"
"6018403",371836,2025-05-25 01:31:20,43.357666015625,-8.8441162109375,"Male"
"6018403",371836,2025-05-25 01:36:20,43.3576164245605,-8.84382343292236,"Male"
"6018403",371836,2025-05-25 01:41:23,43.3575973510742,-8.84431648254395,"Male"
"6018403",371836,2025-05-25 01:46:30,43.3575286865234,-8.8440990447998,"Male"
"6018403",371836,2025-05-25 01:51:21,43.3578834533691,-8.84419441223145,"Male"
"6018403",371836,2025-05-25 01:56:21,43.3575286865234,-8.84409427642822,"Male"
"6018403",371836,2025-05-25 02:01:30,43.3573760986328,-8.84402942657471,"Male"
"6018403",371836,2025-05-25 02:06:52,43.3576164245605,-8.84420490264893,"Male"
"6018403",371836,2025-05-25 02:11:21,43.3581581115723,-8.84446334838867,"Male"
"6018403",371836,2025-05-25 02:16:30,43.3575744628906,-8.84408187866211,"Male"
"6018403",371836,2025-05-25 02:21:22,43.3575897216797,-8.84405612945557,"Male"
"6018403",371836,2025-05-25 02:26:22,43.3575782775879,-8.84406661987305,"Male"
"6018403",371836,2025-05-25 02:31:24,43.3576354980469,-8.8441104888916,"Male"
"6018403",371836,2025-05-25 02:36:29,43.357536315918,-8.84409141540527,"Male"
"6018403",371836,2025-05-25 02:41:29,43.3577079772949,-8.84407138824463,"Male"
"6018403",371836,2025-05-25 02:46:30,43.3575553894043,-8.84406757354736,"Male"
"6018403",371836,2025-05-25 02:51:34,43.3576240539551,-8.84416675567627,"Male"
"6018403",371836,2025-05-25 02:56:24,43.3576164245605,-8.8441743850708,"Male"
"6018403",371836,2025-05-25 03:01:29,43.357795715332,-8.84403514862061,"Male"
"6018403",371836,2025-05-25 03:06:32,43.3577423095703,-8.8440465927124,"Male"
"6018403",371836,2025-05-25 03:11:20,43.3575134277344,-8.84419250488281,"Male"
"6018403",371836,2025-05-25 03:16:31,43.3574028015137,-8.84413814544678,"Male"
"6018403",371836,2025-05-25 03:21:32,43.3574447631836,-8.84413051605225,"Male"
"6018403",371836,2025-05-25 03:26:32,43.3574600219727,-8.84415340423584,"Male"
"6018403",371836,2025-05-25 03:31:34,43.3574867248535,-8.8441333770752,"Male"
"6018403",371836,2025-05-25 03:36:21,43.3575477600098,-8.84416770935059,"Male"
"6018403",371836,2025-05-25 03:41:44,43.357666015625,-8.84403038024902,"Male"
"6018403",371836,2025-05-25 03:46:21,43.3575859069824,-8.84406757354736,"Male"
"6018403",371836,2025-05-25 03:51:21,43.3577041625977,-8.84412288665771,"Male"
"6018403",371836,2025-05-25 03:56:18,43.3577842712402,-8.8439769744873,"Male"
"6018403",371836,2025-05-25 04:01:18,43.3578186035156,-8.84407711029053,"Male"
"6018403",371836,2025-05-25 04:06:21,43.3575592041016,-8.84416770935059,"Male"
"6018403",371836,2025-05-25 04:11:19,43.3579216003418,-8.84402656555176,"Male"
"6018403",371836,2025-05-25 04:16:18,43.3578491210938,-8.84406661987305,"Male"
"6018403",371836,2025-05-25 04:21:23,43.3577651977539,-8.84408569335938,"Male"
"6018403",371836,2025-05-25 04:26:19,43.3578910827637,-8.84402275085449,"Male"
"6018403",371836,2025-05-25 04:31:33,43.3577270507812,-8.84423351287842,"Male"
"6018403",371836,2025-05-25 04:36:22,43.3575668334961,-8.84384632110596,"Male"
"6018403",371836,2025-05-25 04:41:44,43.3578414916992,-8.84467887878418,"Male"
"6018403",371836,2025-05-25 04:46:21,43.3577270507812,-8.8440465927124,"Male"
"6018403",371836,2025-05-25 04:51:19,43.3578186035156,-8.84393215179443,"Male"
"6018403",371836,2025-05-25 04:56:23,43.3575134277344,-8.84364604949951,"Male"
"6018403",371836,2025-05-25 05:01:30,43.3578681945801,-8.8436393737793,"Male"
"6018403",371836,2025-05-25 05:06:33,43.3579978942871,-8.84250736236572,"Male"
"6018403",371836,2025-05-25 05:11:44,43.3578033447266,-8.84452819824219,"Male"
"6018403",371836,2025-05-25 05:16:32,43.357837677002,-8.84432792663574,"Male"
"6018403",371836,2025-05-25 05:21:30,43.3566665649414,-8.84478950500488,"Male"
"6018403",371836,2025-05-25 05:26:18,43.3321189880371,-8.85445117950439,"Male"
"6018403",371836,2025-05-25 05:31:20,43.3146286010742,-8.85799598693848,"Male"
"6018403",371836,2025-05-25 05:36:31,43.3144836425781,-8.85665225982666,"Male"
"6018403",371836,2025-05-25 05:41:19,43.3145790100098,-8.85688591003418,"Male"
"6018403",371836,2025-05-25 05:46:18,43.3435249328613,-8.85258293151855,"Male"
"6018403",371836,2025-05-25 05:52:03,43.3573684692383,-8.84500885009766,"Male"
"6018403",371836,2025-05-25 05:56:20,43.3569564819336,-8.84483528137207,"Male"
"6018403",371836,2025-05-25 06:01:44,43.3576889038086,-8.84406757354736,"Male"
"6018403",371836,2025-05-25 06:06:19,43.3576812744141,-8.84399604797363,"Male"
"6018403",371836,2025-05-25 06:11:21,43.3576011657715,-8.84397411346436,"Male"
"6018403",371836,2025-05-25 06:16:23,43.3577842712402,-8.84427452087402,"Male"
"6018403",371836,2025-05-25 06:21:25,43.3575706481934,-8.84420108795166,"Male"
"6018403",371836,2025-05-25 06:26:47,43.3574562072754,-8.84439659118652,"Male"
"6018403",371836,2025-05-25 06:31:25,43.3576011657715,-8.84423446655273,"Male"
"6018403",371836,2025-05-25 06:36:18,43.3576507568359,-8.84534549713135,"Male"
"6018403",371836,2025-05-25 06:41:28,43.357738494873,-8.84411430358887,"Male"
"6018403",371836,2025-05-25 06:46:34,43.357551574707,-8.84407901763916,"Male"
"6018403",371836,2025-05-25 06:51:40,43.3576049804688,-8.84384727478027,"Male"
"6018403",371836,2025-05-25 06:56:45,43.3573265075684,-8.8443078994751,"Male"
"6018403",371836,2025-05-25 07:01:35,43.3576393127441,-8.8428840637207,"Male"
"6018403",371836,2025-05-25 07:06:28,43.357593536377,-8.842698097229,"Male"
"6018403",371836,2025-05-25 07:11:46,43.3575325012207,-8.84441757202148,"Male"
"6018403",371836,2025-05-25 07:16:23,43.3576011657715,-8.84455871582031,"Male"
"6018403",371836,2025-05-25 07:21:23,43.3575744628906,-8.8442964553833,"Male"
"6018403",371836,2025-05-25 07:26:23,43.357551574707,-8.84412097930908,"Male"
"6018403",371836,2025-05-25 07:31:21,43.3579025268555,-8.8445348739624,"Male"
"6018403",371836,2025-05-25 07:36:44,43.3574676513672,-8.84427356719971,"Male"
"6018403",371836,2025-05-25 07:41:21,43.3582878112793,-8.84494304656982,"Male"
"6018403",371836,2025-05-25 07:46:36,43.3573684692383,-8.84415626525879,"Male"
"6018403",371836,2025-05-25 07:51:30,43.3576698303223,-8.84452819824219,"Male"
"6018403",371836,2025-05-25 07:56:34,43.3577537536621,-8.844651222229,"Male"
"6018403",371836,2025-05-25 08:01:30,43.3576469421387,-8.84448432922363,"Male"
"6018403",371836,2025-05-25 08:06:28,43.3579025268555,-8.84468269348145,"Male"
"6018403",371836,2025-05-25 08:11:33,43.3576431274414,-8.84442710876465,"Male"
"6018403",371836,2025-05-25 08:16:25,43.3577880859375,-8.84441089630127,"Male"
"6018403",371836,2025-05-25 08:21:32,43.3577194213867,-8.8446683883667,"Male"
"6018403",371836,2025-05-25 08:26:24,43.3578147888184,-8.84435653686523,"Male"
"6018403",371836,2025-05-25 08:31:44,43.3573570251465,-8.84425163269043,"Male"
"6018403",371836,2025-05-25 08:36:30,43.3573799133301,-8.84465980529785,"Male"
"6018403",371836,2025-05-25 08:41:33,43.3573341369629,-8.84414768218994,"Male"
"6018403",371836,2025-05-25 08:46:31,43.3570938110352,-8.84392166137695,"Male"
"6018403",371836,2025-05-25 08:51:31,43.3569755554199,-8.84356212615967,"Male"
"6018403",371836,2025-05-25 08:56:31,43.3571434020996,-8.84386348724365,"Male"
"6018403",371836,2025-05-25 09:01:31,43.3571472167969,-8.84379768371582,"Male"
"6018403",371836,2025-05-25 09:06:38,43.357234954834,-8.84405040740967,"Male"
"6018403",371836,2025-05-25 09:11:32,43.3571357727051,-8.84393215179443,"Male"
"6018403",371836,2025-05-25 09:16:53,43.3576622009277,-8.84405326843262,"Male"
"6018403",371836,2025-05-25 09:21:22,43.3576431274414,-8.84415626525879,"Male"
"6018403",371836,2025-05-25 09:26:27,43.3576316833496,-8.84410285949707,"Male"
"6018403",371836,2025-05-25 09:31:24,43.3576202392578,-8.8440055847168,"Male"
"6018403",371836,2025-05-25 09:36:37,43.3575325012207,-8.843918800354,"Male"
"6018403",371836,2025-05-25 09:41:24,43.3575630187988,-8.84407806396484,"Male"
"6018403",371836,2025-05-25 09:46:44,43.357479095459,-8.84365272521973,"Male"
"6018403",371836,2025-05-25 09:51:31,43.3574905395508,-8.84363746643066,"Male"
"6018403",371836,2025-05-25 09:56:49,43.3575973510742,-8.84396839141846,"Male"
"6018403",371836,2025-05-25 10:01:17,43.3576850891113,-8.84367752075195,"Male"
"6018403",371836,2025-05-25 10:06:17,43.3576164245605,-8.8437671661377,"Male"
"6018403",371836,2025-05-25 10:11:19,43.3576431274414,-8.84373474121094,"Male"
"6018403",371836,2025-05-25 10:16:19,43.3575668334961,-8.84370422363281,"Male"
"6018403",371836,2025-05-25 10:21:18,43.357608795166,-8.84359741210938,"Male"
"6018403",371836,2025-05-25 10:26:20,43.3575973510742,-8.84373474121094,"Male"
"6018403",371836,2025-05-25 10:31:21,43.357608795166,-8.84433078765869,"Male"
"6018403",371836,2025-05-25 10:36:20,43.3576049804688,-8.84375858306885,"Male"
"6018403",371836,2025-05-25 10:41:19,43.3576774597168,-8.84423542022705,"Male"
"6018403",371836,2025-05-25 10:46:20,43.3576164245605,-8.8440113067627,"Male"
"6018403",371836,2025-05-25 10:51:22,43.3575592041016,-8.84354019165039,"Male"
"6018403",371836,2025-05-25 10:56:21,43.3575477600098,-8.84400463104248,"Male"
"6018403",371836,2025-05-25 11:01:20,43.3580322265625,-8.84529304504395,"Male"
"6018403",371836,2025-05-25 11:06:22,43.3576011657715,-8.84409713745117,"Male"
"6018403",371836,2025-05-25 11:11:26,43.3576812744141,-8.84456443786621,"Male"
"6018403",371836,2025-05-25 11:16:26,43.357666015625,-8.84427928924561,"Male"
"6018403",371836,2025-05-25 11:21:23,43.3575973510742,-8.84422492980957,"Male"
"6018403",371836,2025-05-25 11:26:29,43.3576469421387,-8.84432697296143,"Male"
"6018403",371836,2025-05-25 11:31:43,43.3576278686523,-8.84424591064453,"Male"
"6018403",371836,2025-05-25 11:36:22,43.359977722168,-8.84642505645752,"Male"
"6018403",371836,2025-05-25 11:41:36,43.3875770568848,-8.87022972106934,"Male"
"6018403",371836,2025-05-25 11:46:20,43.4093055725098,-8.89476203918457,"Male"
"6018403",371836,2025-05-25 11:51:20,43.4229965209961,-8.92841529846191,"Male"
"6018403",371836,2025-05-25 11:56:33,43.4365844726562,-8.9627571105957,"Male"
"6018403",371836,2025-05-25 12:01:34,43.4495048522949,-8.99550724029541,"Male"
"6018403",371836,2025-05-25 12:06:34,43.4541397094727,-9.03378105163574,"Male"
"6018403",371836,2025-05-25 12:11:34,43.457103729248,-9.07141208648682,"Male"
"6018403",371836,2025-05-25 12:16:53,43.436882019043,-9.10807418823242,"Male"
"6018403",371836,2025-05-25 12:21:43,43.4412384033203,-9.14445018768311,"Male"
"6018403",371836,2025-05-25 12:26:24,43.4532699584961,-9.16966152191162,"Male"
"6018403",371836,2025-05-25 12:31:19,43.4589805603027,-9.20234107971191,"Male"
"6018403",371836,2025-05-25 12:36:37,43.4714393615723,-9.19242763519287,"Male"
"6018403",371836,2025-05-25 12:41:25,43.4931755065918,-9.18670558929443,"Male"
"6018403",371836,2025-05-25 12:46:43,43.4977111816406,-9.18342971801758,"Male"
"6018403",371836,2025-05-25 12:51:19,43.5040855407715,-9.19247531890869,"Male"
"6018403",371836,2025-05-25 12:56:21,43.5142860412598,-9.20814609527588,"Male"
"6018403",371836,2025-05-25 13:01:18,43.5321769714355,-9.21324348449707,"Male"
"6018403",371836,2025-05-25 13:06:19,43.522533416748,-9.16858673095703,"Male"
"6018403",371836,2025-05-25 13:11:23,43.4897079467773,-9.16040992736816,"Male"
"6018403",371836,2025-05-25 13:16:34,43.4949951171875,-9.17865085601807,"Male"
"6018403",371836,2025-05-25 13:21:21,43.5114860534668,-9.16281223297119,"Male"
"6018403",371836,2025-05-25 13:26:53,43.5261726379395,-9.13199424743652,"Male"
"6018403",371836,2025-05-25 13:31:21,43.5463066101074,-9.11747264862061,"Male"
"6018403",371836,2025-05-25 13:36:31,43.5618743896484,-9.08513069152832,"Male"
"6018403",371836,2025-05-25 13:41:42,43.5801734924316,-9.05983734130859,"Male"
"6018403",371836,2025-05-25 13:46:36,43.602783203125,-9.0580997467041,"Male"
"6018403",371836,2025-05-25 13:51:40,43.6197319030762,-9.05191135406494,"Male"
"6018403",371836,2025-05-25 13:56:39,43.6344337463379,-9.03530788421631,"Male"
"6018403",371836,2025-05-25 14:01:53,43.652660369873,-9.04117298126221,"Male"
"6018403",371836,2025-05-25 14:06:19,43.6666145324707,-9.04894351959229,"Male"
"6018403",371836,2025-05-25 14:11:19,43.661808013916,-9.00821971893311,"Male"
"6018403",371836,2025-05-25 14:16:24,43.6749610900879,-8.98266696929932,"Male"
"6018403",371836,2025-05-25 14:21:23,43.6850700378418,-8.95554351806641,"Male"
"6018403",371836,2025-05-25 14:26:20,43.6916236877441,-8.92183303833008,"Male"
"6018403",371836,2025-05-25 14:31:24,43.6991081237793,-8.90045166015625,"Male"
"6018403",371836,2025-05-25 14:36:49,43.6846351623535,-8.86629009246826,"Male"
"6018403",371836,2025-05-25 14:41:47,43.6816711425781,-8.85148429870605,"Male"
"6018403",371836,2025-05-25 14:46:34,43.6760330200195,-8.85054206848145,"Male"
"6018403",371836,2025-05-25 14:51:21,43.6762809753418,-8.85211658477783,"Male"
"6018403",371836,2025-05-25 14:56:33,43.675464630127,-8.85364151000977,"Male"
"6018403",371836,2025-05-25 15:01:20,43.6714286804199,-8.85647392272949,"Male"
"6018403",371836,2025-05-25 15:06:32,43.6394309997559,-8.88663291931152,"Male"
"6018403",371836,2025-05-25 15:11:21,43.6097526550293,-8.91979122161865,"Male"
"6018403",371836,2025-05-25 15:16:22,43.566032409668,-8.93323802947998,"Male"
"6018403",371836,2025-05-25 15:21:22,43.5219573974609,-8.92057228088379,"Male"
"6018403",371836,2025-05-25 15:26:21,43.4767379760742,-8.91137981414795,"Male"
"6018403",371836,2025-05-25 15:31:20,43.433479309082,-8.89940071105957,"Male"
"6018403",371836,2025-05-25 15:36:21,43.3994255065918,-8.87920093536377,"Male"
"6018403",371836,2025-05-25 15:41:22,43.3636894226074,-8.85184288024902,"Male"
"6018403",371836,2025-05-25 15:46:35,43.3576316833496,-8.84430027008057,"Male"
"6018403",371836,2025-05-25 15:51:53,43.3576126098633,-8.84418678283691,"Male"
"6018403",371836,2025-05-25 15:56:18,43.357608795166,-8.84423732757568,"Male"
"6018403",371836,2025-05-25 16:01:22,43.3576126098633,-8.84424495697021,"Male"
"6018403",371836,2025-05-25 16:06:18,43.3576393127441,-8.84425926208496,"Male"
"6018403",371836,2025-05-25 16:11:18,43.3576431274414,-8.84429931640625,"Male"
"6018403",371836,2025-05-25 16:16:20,43.3575897216797,-8.84384346008301,"Male"
"6018403",371836,2025-05-25 16:21:19,43.3576316833496,-8.84402656555176,"Male"
"6018403",371836,2025-05-25 16:26:21,43.3575325012207,-8.84377861022949,"Male"
"6018403",371836,2025-05-25 16:31:23,43.357551574707,-8.84400367736816,"Male"
"6018403",371836,2025-05-25 16:36:28,43.3576011657715,-8.84410285949707,"Male"
"6018403",371836,2025-05-25 16:41:24,43.3576545715332,-8.84452724456787,"Male"
"6018403",371836,2025-05-25 16:46:32,43.3576126098633,-8.84418487548828,"Male"
"6018403",371836,2025-05-25 16:51:29,43.3575744628906,-8.84416103363037,"Male"
"6018403",371836,2025-05-25 16:56:24,43.3575859069824,-8.84463977813721,"Male"
"6018403",371836,2025-05-25 17:01:23,43.3576164245605,-8.84452247619629,"Male"
"6018403",371836,2025-05-25 17:06:23,43.3576545715332,-8.84450149536133,"Male"
"6018403",371836,2025-05-25 17:11:53,43.3576698303223,-8.84418392181396,"Male"
"6018403",371836,2025-05-25 17:16:18,43.3576698303223,-8.84416770935059,"Male"
"6018403",371836,2025-05-25 17:21:19,43.3576583862305,-8.84419918060303,"Male"
"6018403",371836,2025-05-25 17:26:19,43.3576850891113,-8.84423351287842,"Male"
"6018403",371836,2025-05-25 17:31:18,43.3576354980469,-8.84418773651123,"Male"
"6018403",371836,2025-05-25 17:36:18,43.3576583862305,-8.84419345855713,"Male"
"6018403",371836,2025-05-25 17:41:25,43.3577461242676,-8.84431266784668,"Male"
"6018403",371836,2025-05-25 17:46:24,43.3577041625977,-8.8442964553833,"Male"
"6018403",371836,2025-05-25 17:51:23,43.3576812744141,-8.84424018859863,"Male"
"6018403",371836,2025-05-25 17:56:24,43.3577651977539,-8.84434986114502,"Male"
"6018403",371836,2025-05-25 18:01:23,43.3578262329102,-8.84432220458984,"Male"
"6018403",371836,2025-05-25 18:06:20,43.3576812744141,-8.84422969818115,"Male"
"6018403",371836,2025-05-25 18:11:29,43.3576698303223,-8.8440523147583,"Male"
"6018403",371836,2025-05-25 18:16:25,43.3577766418457,-8.84442710876465,"Male"
"6018403",371836,2025-05-25 18:21:28,43.3575744628906,-8.84399032592773,"Male"
"6018403",371836,2025-05-25 18:26:26,43.3575973510742,-8.84402847290039,"Male"
"6018403",371836,2025-05-25 18:31:25,43.3577919006348,-8.84421157836914,"Male"
"6018403",371836,2025-05-25 18:36:23,43.357795715332,-8.84427833557129,"Male"
"6018403",371836,2025-05-25 18:41:23,43.3577728271484,-8.84428119659424,"Male"
"6018403",371836,2025-05-25 18:46:53,43.3576393127441,-8.84402656555176,"Male"
"6018403",371836,2025-05-25 18:51:20,43.3576278686523,-8.84409713745117,"Male"
"6018403",371836,2025-05-25 18:56:19,43.3575820922852,-8.84415149688721,"Male"
"6018403",371836,2025-05-25 19:01:19,43.3576316833496,-8.84404850006104,"Male"
"6018403",371836,2025-05-25 19:06:19,43.3576316833496,-8.84409523010254,"Male"
"6018403",371836,2025-05-25 19:11:19,43.3576011657715,-8.84414196014404,"Male"
"6018403",371836,2025-05-25 19:16:19,43.3576164245605,-8.84404182434082,"Male"
"6018403",371836,2025-05-25 19:21:19,43.3576316833496,-8.84411525726318,"Male"
"6018403",371836,2025-05-25 19:26:19,43.3576583862305,-8.84406661987305,"Male"
"6018403",371836,2025-05-25 19:31:20,43.3576927185059,-8.84404277801514,"Male"
"6018403",371836,2025-05-25 19:36:20,43.3576583862305,-8.84409141540527,"Male"
"6018403",371836,2025-05-25 19:41:20,43.357666015625,-8.84411811828613,"Male"
"6018403",371836,2025-05-25 19:46:19,43.3576812744141,-8.84420108795166,"Male"
"6018403",371836,2025-05-25 19:51:20,43.3576889038086,-8.84418773651123,"Male"
"6018403",371836,2025-05-25 19:56:20,43.3576850891113,-8.84406757354736,"Male"
"6018403",371836,2025-05-25 20:01:21,43.3576774597168,-8.844069480896,"Male"
"6018403",371836,2025-05-25 20:06:21,43.3577651977539,-8.84411144256592,"Male"
"6018403",371836,2025-05-25 20:11:26,43.3576545715332,-8.84422016143799,"Male"
"6018403",371836,2025-05-25 20:16:21,43.3576126098633,-8.84410667419434,"Male"
"6018403",371836,2025-05-25 20:21:24,43.357780456543,-8.84428215026855,"Male"
"6018403",371836,2025-05-25 20:26:28,43.3576889038086,-8.84427833557129,"Male"
"6018403",371836,2025-05-25 20:31:21,43.357608795166,-8.84407138824463,"Male"
"6018403",371836,2025-05-25 20:36:25,43.357738494873,-8.8442211151123,"Male"
"6018403",371836,2025-05-25 20:41:24,43.3575248718262,-8.84393215179443,"Male"
"6018403",371836,2025-05-25 20:46:42,43.3576164245605,-8.84392547607422,"Male"
"6018403",371836,2025-05-25 20:51:22,43.3578071594238,-8.84445095062256,"Male"
"6018403",371836,2025-05-25 20:56:21,43.3577499389648,-8.84427738189697,"Male"
"6018403",371836,2025-05-25 21:01:22,43.3575744628906,-8.84406280517578,"Male"
"6018403",371836,2025-05-25 21:06:25,43.3575973510742,-8.84405326843262,"Male"
"6018403",371836,2025-05-25 21:11:35,43.3578338623047,-8.8445930480957,"Male"
"6018403",371836,2025-05-25 21:16:22,43.3575553894043,-8.84403705596924,"Male"
"6018403",371836,2025-05-25 21:21:20,43.3576164245605,-8.84407997131348,"Male"
"6018403",371836,2025-05-25 21:26:24,43.3575439453125,-8.84409427642822,"Male"
"6018403",371836,2025-05-25 21:31:45,43.3577728271484,-8.84446620941162,"Male"
"6018403",371836,2025-05-25 21:36:26,43.3579940795898,-8.84490203857422,"Male"
"6018403",371836,2025-05-25 21:41:25,43.3578033447266,-8.84461498260498,"Male"
"6018403",371836,2025-05-25 21:46:40,43.3576393127441,-8.84414291381836,"Male"
"6018403",371836,2025-05-25 21:51:36,43.357536315918,-8.84375286102295,"Male"
"6018403",371836,2025-05-25 21:56:37,43.357421875,-8.8437557220459,"Male"
"6018403",371836,2025-05-25 22:01:31,43.3575820922852,-8.84426212310791,"Male"
"6018403",371836,2025-05-25 22:06:53,43.3575668334961,-8.84406566619873,"Male"
"6018403",371836,2025-05-25 22:11:20,43.357608795166,-8.84419345855713,"Male"
"6018403",371836,2025-05-25 22:16:24,43.3576469421387,-8.84408569335938,"Male"
"6018403",371836,2025-05-25 22:21:25,43.3578643798828,-8.8441743850708,"Male"
"6018403",371836,2025-05-25 22:26:31,43.3576240539551,-8.84404182434082,"Male"
"6018403",371836,2025-05-25 22:31:24,43.357608795166,-8.84409427642822,"Male"
"6018403",371836,2025-05-25 22:36:26,43.3575210571289,-8.84407711029053,"Male"
"6018403",371836,2025-05-25 22:41:31,43.3575592041016,-8.8440408706665,"Male"
"6018403",371836,2025-05-25 22:46:25,43.3576583862305,-8.8441047668457,"Male"
"6018403",371836,2025-05-25 22:51:22,43.357593536377,-8.84422206878662,"Male"
"6018403",371836,2025-05-25 22:56:28,43.3577346801758,-8.84399127960205,"Male"
"6018403",371836,2025-05-25 23:01:59,43.3576049804688,-8.84405517578125,"Male"
"6018403",371836,2025-05-25 23:06:22,43.3576164245605,-8.84396553039551,"Male"
"6018403",371836,2025-05-25 23:11:19,43.3576965332031,-8.8442211151123,"Male"
"6018403",371836,2025-05-25 23:16:20,43.3575897216797,-8.843994140625,"Male"
"6018403",371836,2025-05-25 23:21:22,43.357608795166,-8.84403610229492,"Male"
"6018403",371836,2025-05-25 23:26:20,43.3576812744141,-8.84412384033203,"Male"
"6018403",371836,2025-05-25 23:31:21,43.3576736450195,-8.84412956237793,"Male"
"6018403",371836,2025-05-25 23:36:23,43.3577079772949,-8.84420013427734,"Male"
"6018403",371836,2025-05-25 23:41:29,43.3576316833496,-8.84409427642822,"Male"
"6018403",371836,2025-05-25 23:46:30,43.3576354980469,-8.8440523147583,"Male"
"6018403",371836,2025-05-25 23:51:25,43.3577995300293,-8.84446239471436,"Male"
"6018403",371836,2025-05-25 23:56:22,43.3575248718262,-8.84366416931152,"Male"
"6018403",371836,2025-05-26 00:01:25,43.3576507568359,-8.84406089782715,"Male"
"6018403",371836,2025-05-26 00:06:20,43.3577613830566,-8.84433269500732,"Male"
"6018403",371836,2025-05-26 00:11:20,43.3577575683594,-8.84415626525879,"Male"
"6018403",371836,2025-05-26 00:16:20,43.3577308654785,-8.84408092498779,"Male"
"6018403",371836,2025-05-26 00:21:20,43.3577003479004,-8.84420394897461,"Male"
"6018403",371836,2025-05-26 00:26:20,43.3576622009277,-8.84413242340088,"Male"
"6018403",371836,2025-05-26 00:31:28,43.3576965332031,-8.84409427642822,"Male"
"6018403",371836,2025-05-26 00:36:22,43.357608795166,-8.84409713745117,"Male"
"6018403",371836,2025-05-26 00:41:22,43.357738494873,-8.84417915344238,"Male"
"6018403",371836,2025-05-26 00:46:40,43.3573532104492,-8.84392929077148,"Male"
"6018403",371836,2025-05-26 00:51:22,43.3571815490723,-8.84403991699219,"Male"
"6018403",371836,2025-05-26 00:56:24,43.3572807312012,-8.84386825561523,"Male"
"6018403",371836,2025-05-26 01:01:28,43.3571395874023,-8.84369373321533,"Male"
"6018403",371836,2025-05-26 01:06:23,43.3563194274902,-8.84296226501465,"Male"
"6018403",371836,2025-05-26 01:11:53,43.3575820922852,-8.84408760070801,"Male"
"6018403",371836,2025-05-26 01:16:20,43.3575859069824,-8.84408950805664,"Male"
"6018403",371836,2025-05-26 01:21:19,43.3576507568359,-8.84409141540527,"Male"
"6018403",371836,2025-05-26 01:26:21,43.3576316833496,-8.84407329559326,"Male"
"6018403",371836,2025-05-26 01:31:19,43.3581123352051,-8.84413051605225,"Male"
"6018403",371836,2025-05-26 01:36:20,43.3579940795898,-8.8441104888916,"Male"
"6018403",371836,2025-05-26 01:41:19,43.3582191467285,-8.84414863586426,"Male"
"6018403",371836,2025-05-26 01:46:24,43.3578948974609,-8.84408378601074,"Male"
"6018403",371836,2025-05-26 01:51:23,43.3579940795898,-8.84419250488281,"Male"
"6018403",371836,2025-05-26 01:56:31,43.3575668334961,-8.84404373168945,"Male"
"6018403",371836,2025-05-26 02:01:20,43.3578186035156,-8.84407901763916,"Male"
"6018403",371836,2025-05-26 02:06:25,43.3575630187988,-8.84406185150146,"Male"
"6018403",371836,2025-05-26 02:11:25,43.3576545715332,-8.8440465927124,"Male"
"6018403",371836,2025-05-26 02:16:22,43.3576469421387,-8.8440580368042,"Male"
"6018403",371836,2025-05-26 02:21:21,43.3576049804688,-8.84407997131348,"Male"
"6018403",371836,2025-05-26 02:26:21,43.357738494873,-8.84412956237793,"Male"
"6018403",371836,2025-05-26 02:31:31,43.3576240539551,-8.8440580368042,"Male"
"6018403",371836,2025-05-26 02:36:28,43.3575973510742,-8.84406089782715,"Male"
"6018403",371836,2025-05-26 02:41:30,43.3576774597168,-8.84407138824463,"Male"
"6018403",371836,2025-05-26 02:46:44,43.3576545715332,-8.84409141540527,"Male"
"6018403",371836,2025-05-26 02:51:19,43.3576202392578,-8.84403991699219,"Male"
"6018403",371836,2025-05-26 02:56:20,43.357723236084,-8.84414577484131,"Male"
"6018403",371836,2025-05-26 03:01:20,43.3579292297363,-8.84422969818115,"Male"
"6018403",371836,2025-05-26 03:06:21,43.3576278686523,-8.84401035308838,"Male"
"6018403",371836,2025-05-26 03:11:25,43.3578453063965,-8.84407997131348,"Male"
"6018403",371836,2025-05-26 03:16:25,43.3577766418457,-8.84436988830566,"Male"
"6018403",371836,2025-05-26 03:21:23,43.3579521179199,-8.84419441223145,"Male"
"6018403",371836,2025-05-26 03:26:25,43.3576507568359,-8.84407234191895,"Male"
"6018403",371836,2025-05-26 03:31:53,43.3576698303223,-8.84404277801514,"Male"
"6018403",371836,2025-05-26 03:36:33,43.3576316833496,-8.8440465927124,"Male"
"6018403",371836,2025-05-26 03:41:32,43.3577117919922,-8.84400749206543,"Male"
"6018403",371836,2025-05-26 03:46:33,43.3576126098633,-8.84407329559326,"Male"
"6018403",371836,2025-05-26 03:51:31,43.3576698303223,-8.84409141540527,"Male"
"6018403",371836,2025-05-26 03:56:31,43.3576698303223,-8.84416007995605,"Male"
"6018403",371836,2025-05-26 04:01:59,43.357608795166,-8.84421539306641,"Male"
"6018403",371836,2025-05-26 04:06:21,43.3576126098633,-8.84413623809814,"Male"
"6018403",371836,2025-05-26 04:11:22,43.3576126098633,-8.84428119659424,"Male"
"6018403",371836,2025-05-26 04:16:20,43.3672294616699,-8.85266876220703,"Male"
"6018403",371836,2025-05-26 04:21:20,43.3820381164551,-8.86507987976074,"Male"
"6018403",371836,2025-05-26 04:26:20,43.3977699279785,-8.88906383514404,"Male"
"6018403",371836,2025-05-26 04:31:23,43.4034233093262,-8.92581653594971,"Male"
"6018403",371836,2025-05-26 04:36:20,43.4119148254395,-8.96291446685791,"Male"
"6018403",371836,2025-05-26 04:41:20,43.4149169921875,-9.0046968460083,"Male"
"6018403",371836,2025-05-26 04:46:20,43.4183578491211,-9.04842853546143,"Male"
"6018403",371836,2025-05-26 04:51:20,43.4266052246094,-9.08615779876709,"Male"
"6018403",371836,2025-05-26 04:56:21,43.4278297424316,-9.0952262878418,"Male"
"6018403",371836,2025-05-26 05:01:20,43.446346282959,-9.09957218170166,"Male"
"6018403",371836,2025-05-26 05:06:20,43.4597434997559,-9.12309455871582,"Male"
"6018403",371836,2025-05-26 05:11:20,43.472053527832,-9.15157794952393,"Male"
"6018403",371836,2025-05-26 05:16:22,43.4792747497559,-9.15749835968018,"Male"
"6018403",371836,2025-05-26 05:21:22,43.4781188964844,-9.15714645385742,"Male"
"6018403",371836,2025-05-26 05:26:22,43.477222442627,-9.1578540802002,"Male"
"6018403",371836,2025-05-26 05:31:21,43.4764823913574,-9.15863037109375,"Male"
"6018403",371836,2025-05-26 05:36:25,43.4752616882324,-9.15907764434814,"Male"
"6018403",371836,2025-05-26 05:42:06,43.475040435791,-9.15641498565674,"Male"
"6018403",371836,2025-05-26 05:46:24,43.478385925293,-9.15320873260498,"Male"
"6018403",371836,2025-05-26 05:51:23,43.477897644043,-9.14070796966553,"Male"
"6018403",371836,2025-05-26 05:56:23,43.4922294616699,-9.13810634613037,"Male"
"6018403",371836,2025-05-26 06:01:21,43.5107040405273,-9.13040065765381,"Male"
"6018403",371836,2025-05-26 06:06:22,43.5241661071777,-9.10978031158447,"Male"
"6018403",371836,2025-05-26 06:11:22,43.5419540405273,-9.094801902771,"Male"
"6018403",371836,2025-05-26 06:17:38,43.5620536804199,-9.07980442047119,"Male"
"6018403",371836,2025-05-26 06:21:53,43.5721435546875,-9.06819438934326,"Male"
"6018403",371836,2025-05-26 06:26:21,43.5803451538086,-9.04520702362061,"Male"
"6018403",371836,2025-05-26 06:31:31,43.5781860351562,-9.00883388519287,"Male"
"6018403",371836,2025-05-26 06:36:20,43.571964263916,-8.97306823730469,"Male"
"6018403",371836,2025-05-26 06:41:31,43.5782814025879,-8.94332599639893,"Male"
"6018403",371836,2025-05-26 06:46:20,43.5875282287598,-8.915358543396,"Male"
"6018403",371836,2025-05-26 06:51:31,43.5989418029785,-8.88876342773438,"Male"
"6018403",371836,2025-05-26 06:56:20,43.6078605651855,-8.86150360107422,"Male"
"6018403",371836,2025-05-26 07:01:26,43.6183052062988,-8.83320808410645,"Male"
"6018403",371836,2025-05-26 07:06:30,43.624340057373,-8.8223991394043,"Male"
"6018403",371836,2025-05-26 07:11:32,43.6255531311035,-8.78496646881104,"Male"
"6018403",371836,2025-05-26 07:16:43,43.6239356994629,-8.78333473205566,"Male"
"6018403",371836,2025-05-26 07:21:50,43.6211090087891,-8.7911434173584,"Male"
"6018403",371836,2025-05-26 07:26:59,43.6210060119629,-8.79179573059082,"Male"
"6018403",371836,2025-05-26 07:31:20,43.6180839538574,-8.79561519622803,"Male"
"6018403",371836,2025-05-26 07:36:20,43.6177749633789,-8.79511070251465,"Male"
"6018403",371836,2025-05-26 07:41:20,43.6178894042969,-8.79637813568115,"Male"
"6018403",371836,2025-05-26 07:46:24,43.6161003112793,-8.79628467559814,"Male"
"6018403",371836,2025-05-26 07:51:20,43.6190490722656,-8.79819488525391,"Male"
"6018403",371836,2025-05-26 07:56:22,43.6092529296875,-8.8047399520874,"Male"
"6018403",371836,2025-05-26 08:02:43,43.608699798584,-8.80516338348389,"Male"
"6018403",371836,2025-05-26 08:07:05,43.6083793640137,-8.80543899536133,"Male"
"6018403",371836,2025-05-26 08:11:21,43.6080856323242,-8.80582427978516,"Male"
"6018403",371836,2025-05-26 08:16:20,43.5953521728516,-8.83086776733398,"Male"
"6018403",371836,2025-05-26 08:24:08,43.5953559875488,-8.83111667633057,"Male"
"6018403",371836,2025-05-26 08:29:06,43.5969085693359,-8.82514190673828,"Male"
"6018403",371836,2025-05-26 08:34:03,43.5852890014648,-8.81497192382812,"Male"
"6018403",371836,2025-05-26 08:39:03,43.5422706604004,-8.82262802124023,"Male"
"6018403",371836,2025-05-26 08:44:04,43.4938201904297,-8.83530044555664,"Male"
"6018403",371836,2025-05-26 08:49:03,43.4461936950684,-8.84038162231445,"Male"
"6018403",371836,2025-05-26 08:54:03,43.3968315124512,-8.84798431396484,"Male"
"6018403",371836,2025-05-26 08:59:03,43.3576965332031,-8.84414863586426,"Male"
"6018403",371836,2025-05-26 09:04:05,43.3574676513672,-8.84420108795166,"Male"
"6018403",371836,2025-05-26 09:09:04,43.3576507568359,-8.84411811828613,"Male"
"6018403",371836,2025-05-26 09:14:35,43.3576164245605,-8.84407520294189,"Male"
"6018403",371836,2025-05-26 09:19:08,43.3575973510742,-8.84405517578125,"Male"
"6018403",371836,2025-05-26 09:24:05,43.3575630187988,-8.84401416778564,"Male"
"6018403",371836,2025-05-26 09:29:02,43.3575592041016,-8.84405422210693,"Male"
"6018403",371836,2025-05-26 09:34:08,43.3576126098633,-8.84402942657471,"Male"
"6018403",371836,2025-05-26 09:39:04,43.3576736450195,-8.84408569335938,"Male"
"6018403",371836,2025-05-26 09:44:03,43.3575897216797,-8.84413051605225,"Male"
"6018403",371836,2025-05-26 09:49:02,43.3575401306152,-8.84413623809814,"Male"
"6018403",371836,2025-05-26 09:54:02,43.3575668334961,-8.8440637588501,"Male"
"6018403",371836,2025-05-26 09:59:02,43.3575782775879,-8.84403228759766,"Male"
"6018403",371836,2025-05-26 10:04:07,43.3576202392578,-8.84418487548828,"Male"
"6018403",371836,2025-05-26 10:09:13,43.3576164245605,-8.84416198730469,"Male"
"6018403",371836,2025-05-26 10:14:05,43.3577041625977,-8.8443489074707,"Male"
"6018403",371836,2025-05-26 10:19:03,43.3573837280273,-8.84359550476074,"Male"
"6018403",371836,2025-05-26 10:24:06,43.3576774597168,-8.84424781799316,"Male"
"6018403",371836,2025-05-26 10:29:13,43.3576583862305,-8.84427070617676,"Male"
"6018403",371836,2025-05-26 10:34:13,43.3576622009277,-8.84426498413086,"Male"
"6018403",371836,2025-05-26 10:39:15,43.3577919006348,-8.84453392028809,"Male"
"6018403",371836,2025-05-26 10:44:12,43.3544464111328,-8.83616924285889,"Male"
"6018403",371836,2025-05-26 10:49:13,43.3576431274414,-8.84424018859863,"Male"
"6018403",371836,2025-05-26 10:54:14,43.3574676513672,-8.84394359588623,"Male"
"6018403",371836,2025-05-26 10:59:35,43.357536315918,-8.84412288665771,"Male"
"6018403",371836,2025-05-26 11:04:02,43.3575782775879,-8.84414672851562,"Male"
"6018403",371836,2025-05-26 11:09:02,43.3575706481934,-8.8441104888916,"Male"
"6018403",371836,2025-05-26 11:14:02,43.3575401306152,-8.84416198730469,"Male"
"6018403",371836,2025-05-26 11:19:02,43.367259979248,-8.85741138458252,"Male"
"6018403",371836,2025-05-26 11:24:02,43.3870468139648,-8.88342475891113,"Male"
"6018403",371836,2025-05-26 11:29:02,43.4055137634277,-8.91228675842285,"Male"
"6018403",371836,2025-05-26 11:34:03,43.4233741760254,-8.94026660919189,"Male"
"6018403",371836,2025-05-26 11:39:03,43.4403953552246,-8.970290184021,"Male"
"6018403",371836,2025-05-26 11:44:03,43.4562492370605,-9.00047016143799,"Male"
"6018403",371836,2025-05-26 11:49:03,43.4651489257812,-9.03944969177246,"Male"
"6018403",371836,2025-05-26 11:54:03,43.4662437438965,-9.08224010467529,"Male"
"6018403",371836,2025-05-26 11:59:06,43.4653015136719,-9.12682151794434,"Male"
"6018403",371836,2025-05-26 12:04:04,43.4649963378906,-9.17017269134521,"Male"
"6018403",371836,2025-05-26 12:09:06,43.4642486572266,-9.21116733551025,"Male"
"6018403",371836,2025-05-26 12:14:10,43.4472846984863,-9.253342628479,"Male"
"6018403",371836,2025-05-26 12:19:09,43.4231491088867,-9.28505992889404,"Male"
"6018403",371836,2025-05-26 12:24:09,43.3848266601562,-9.28706741333008,"Male"
"6018403",371836,2025-05-26 12:29:13,43.3689002990723,-9.26612186431885,"Male"
"6018403",371836,2025-05-26 12:34:13,43.3724555969238,-9.25849533081055,"Male"
"6018403",371836,2025-05-26 12:39:20,43.375789642334,-9.25088119506836,"Male"
"6018403",371836,2025-05-26 12:44:13,43.3776512145996,-9.24504089355469,"Male"
"6018403",371836,2025-05-26 12:49:13,43.3809051513672,-9.23914909362793,"Male"
"6018403",371836,2025-05-26 12:54:10,43.3810348510742,-9.24024200439453,"Male"
"6018403",371836,2025-05-26 12:59:09,43.3881340026855,-9.22681140899658,"Male"
"6018403",371836,2025-05-26 13:04:09,43.3886375427246,-9.22767543792725,"Male"
"6018403",371836,2025-05-26 13:09:13,43.3928451538086,-9.2166633605957,"Male"
"6018403",371836,2025-05-26 13:14:09,43.394889831543,-9.21118640899658,"Male"
"6018403",371836,2025-05-26 13:19:31,43.3949584960938,-9.21235656738281,"Male"
"6018403",371836,2025-05-26 13:24:04,43.3965148925781,-9.20344161987305,"Male"
"6018403",371836,2025-05-26 13:29:07,43.394645690918,-9.16091632843018,"Male"
"6018403",371836,2025-05-26 13:34:06,43.3897819519043,-9.11494922637939,"Male"
"6018403",371836,2025-05-26 13:39:08,43.3816070556641,-9.06797790527344,"Male"
"6018403",371836,2025-05-26 13:44:09,43.3764343261719,-9.02201843261719,"Male"
"6018403",371836,2025-05-26 13:49:56,43.3707466125488,-8.96785545349121,"Male"
"6018403",371836,2025-05-26 13:54:02,43.3679847717285,-8.93096351623535,"Male"
"6018403",371836,2025-05-26 13:59:05,43.364631652832,-8.88753700256348,"Male"
"6018403",371836,2025-05-26 14:04:54,43.3578720092773,-8.84429168701172,"Male"
"6018403",371836,2025-05-26 14:09:32,43.3576164245605,-8.84402656555176,"Male"
"6018403",371836,2025-05-26 14:14:05,43.3577041625977,-8.843918800354,"Male"
"6018403",371836,2025-05-26 14:19:04,43.3577537536621,-8.84389400482178,"Male"
"6018403",371836,2025-05-26 14:24:09,43.3577728271484,-8.84373378753662,"Male"
"6018403",371836,2025-05-26 14:29:02,43.3577003479004,-8.843825340271,"Male"
"6018403",371836,2025-05-26 14:34:04,43.3576202392578,-8.84393978118896,"Male"
"6018403",371836,2025-05-26 14:39:13,43.3574981689453,-8.84395790100098,"Male"
"6018403",371836,2025-05-26 14:44:13,43.3572692871094,-8.84362411499023,"Male"
"6018403",371836,2025-05-26 14:49:17,43.3576622009277,-8.84414196014404,"Male"
"6018403",371836,2025-05-26 14:54:08,43.3574562072754,-8.84399604797363,"Male"
"6018403",371836,2025-05-26 14:59:22,43.3577003479004,-8.84417724609375,"Male"
"6018403",371836,2025-05-26 15:04:28,43.3576240539551,-8.84413528442383,"Male"
"6018403",371836,2025-05-26 15:09:22,43.3576011657715,-8.84401988983154,"Male"
"6018403",371836,2025-05-26 15:14:13,43.3576965332031,-8.8444185256958,"Male"
"6018403",371836,2025-05-26 15:19:23,43.3576240539551,-8.84420108795166,"Male"
"6018403",371836,2025-05-26 15:24:09,43.3575744628906,-8.84418964385986,"Male"
"6018403",371836,2025-05-26 15:29:09,43.357666015625,-8.84421062469482,"Male"
"6018403",371836,2025-05-26 15:34:35,43.3576736450195,-8.84429550170898,"Male"
"6018403",371836,2025-05-26 15:39:02,43.3576278686523,-8.84434509277344,"Male"
"6018403",371836,2025-05-26 15:44:04,43.3577041625977,-8.84403991699219,"Male"
"6018403",371836,2025-05-26 15:49:02,43.3577041625977,-8.84429836273193,"Male"
"6018403",371836,2025-05-26 15:54:03,43.357666015625,-8.84417057037354,"Male"
"6018403",371836,2025-05-26 15:59:03,43.3576354980469,-8.84411716461182,"Male"
"6018403",371836,2025-05-26 16:04:02,43.3576698303223,-8.84407234191895,"Male"
"6018403",371836,2025-05-26 16:09:03,43.3576507568359,-8.84410190582275,"Male"
"6018403",371836,2025-05-26 16:14:03,43.3576011657715,-8.84403419494629,"Male"
"6018403",371836,2025-05-26 16:19:04,43.3576278686523,-8.84418487548828,"Male"
"6018403",371836,2025-05-26 16:24:08,43.357608795166,-8.84417915344238,"Male"
"6018403",371836,2025-05-26 16:29:03,43.3576049804688,-8.84424495697021,"Male"
"6018403",371836,2025-05-26 16:34:59,43.3576278686523,-8.8441743850708,"Male"
"6018403",371836,2025-05-26 16:39:02,43.3576622009277,-8.84421825408936,"Male"
"6018403",371836,2025-05-26 16:44:04,43.3576583862305,-8.84418487548828,"Male"
"6018403",371836,2025-05-26 16:49:02,43.3576889038086,-8.84416484832764,"Male"
"6018403",371836,2025-05-26 16:54:02,43.3576507568359,-8.84424495697021,"Male"
"6018403",371836,2025-05-26 16:59:02,43.357666015625,-8.84416103363037,"Male"
"6018403",371836,2025-05-26 17:04:19,43.3577919006348,-8.84426212310791,"Male"
"6018403",371836,2025-05-26 17:09:05,43.3577041625977,-8.84418392181396,"Male"
"6018403",371836,2025-05-26 17:14:02,43.3576622009277,-8.84417057037354,"Male"
"6018403",371836,2025-05-26 17:19:03,43.3574676513672,-8.84397125244141,"Male"
"6018403",371836,2025-05-26 17:24:13,43.3576927185059,-8.84424304962158,"Male"
"6018403",371836,2025-05-26 17:29:06,43.3578033447266,-8.84436416625977,"Male"
"6018403",371836,2025-05-26 17:34:14,43.3577308654785,-8.84427452087402,"Male"
"6018403",371836,2025-05-26 17:39:17,43.3577346801758,-8.84430885314941,"Male"
"6018403",371836,2025-05-26 17:44:06,43.3577766418457,-8.84424114227295,"Male"
"6018403",371836,2025-05-26 17:49:05,43.3578720092773,-8.84450721740723,"Male"
"6018403",371836,2025-05-26 17:54:07,43.3579330444336,-8.84431457519531,"Male"
"6018403",371836,2025-05-26 17:59:07,43.3579521179199,-8.84443092346191,"Male"
"6018403",371836,2025-05-26 18:04:09,43.3579788208008,-8.84447193145752,"Male"
"6018403",371836,2025-05-26 18:09:09,43.3580322265625,-8.84456157684326,"Male"
"6018403",371836,2025-05-26 18:14:09,43.3580169677734,-8.84453868865967,"Male"
"6018403",371836,2025-05-26 18:19:11,43.357982635498,-8.84457683563232,"Male"
"6018403",371836,2025-05-26 18:24:10,43.3578872680664,-8.84448432922363,"Male"
"6018403",371836,2025-05-26 18:29:22,43.3580741882324,-8.84449577331543,"Male"
"6018403",371836,2025-05-26 18:34:10,43.3579978942871,-8.84477138519287,"Male"
"6018403",371836,2025-05-26 18:39:15,43.3573989868164,-8.84349536895752,"Male"
"6018403",371836,2025-05-26 18:44:17,43.3575897216797,-8.84544658660889,"Male"
"6018403",371836,2025-05-26 18:49:33,43.3576354980469,-8.8441333770752,"Male"
"6018403",371836,2025-05-26 18:54:03,43.3576316833496,-8.84407615661621,"Male"
"6018403",371836,2025-05-26 18:59:06,43.3576316833496,-8.84409713745117,"Male"
"6018403",371836,2025-05-26 19:04:04,43.3576774597168,-8.84410285949707,"Male"
"6018403",371836,2025-05-26 19:09:03,43.3576545715332,-8.84411144256592,"Male"
"6018403",371836,2025-05-26 19:14:04,43.3576698303223,-8.84423065185547,"Male"
"6018403",371836,2025-05-26 19:19:08,43.357795715332,-8.84440326690674,"Male"
"6018403",371836,2025-05-26 19:24:13,43.357723236084,-8.84435844421387,"Male"
"6018403",371836,2025-05-26 19:29:04,43.3574752807617,-8.84401226043701,"Male"
"6018403",371836,2025-05-26 19:34:09,43.3581314086914,-8.84512615203857,"Male"
"6018403",371836,2025-05-26 19:39:10,43.3574829101562,-8.84394359588623,"Male"
"6018403",371836,2025-05-26 19:44:11,43.3577995300293,-8.84441661834717,"Male"
"6018403",371836,2025-05-26 19:49:33,43.3576583862305,-8.84416007995605,"Male"
"6018403",371836,2025-05-26 19:54:03,43.3575782775879,-8.84419631958008,"Male"
"6018403",371836,2025-05-26 19:59:02,43.3578033447266,-8.8442497253418,"Male"
"6018403",371836,2025-05-26 20:04:03,43.3578338623047,-8.84414672851562,"Male"
"6018403",371836,2025-05-26 20:09:04,43.3577003479004,-8.84396839141846,"Male"
"6018403",371836,2025-05-26 20:14:03,43.3578643798828,-8.84436798095703,"Male"
"6018403",371836,2025-05-26 20:19:04,43.357837677002,-8.84399604797363,"Male"
"6018403",371836,2025-05-26 20:24:02,43.3577423095703,-8.84401321411133,"Male"
"6018403",371836,2025-05-26 20:29:02,43.3578186035156,-8.84407901763916,"Male"
"6018403",371836,2025-05-26 20:34:03,43.3577613830566,-8.8439884185791,"Male"
"6018403",371836,2025-05-26 20:39:08,43.3577194213867,-8.84430408477783,"Male"
"6018403",371836,2025-05-26 20:44:04,43.3577651977539,-8.84399127960205,"Male"
"6018403",371836,2025-05-26 20:49:09,43.3577499389648,-8.84403133392334,"Male"
"6018403",371836,2025-05-26 20:54:09,43.3577499389648,-8.84414291381836,"Male"
"6018403",371836,2025-05-26 20:59:11,43.3577575683594,-8.84411239624023,"Male"
"6018403",371836,2025-05-26 21:04:08,43.3577690124512,-8.84410095214844,"Male"
"6018403",371836,2025-05-26 21:09:06,43.3577728271484,-8.84418201446533,"Male"
"6018403",371836,2025-05-26 21:14:02,43.357666015625,-8.84399223327637,"Male"
"6018403",371836,2025-05-26 21:19:14,43.3574371337891,-8.84377384185791,"Male"
"6018403",371836,2025-05-26 21:24:06,43.3573799133301,-8.84385395050049,"Male"
"6018403",371836,2025-05-26 21:29:06,43.3574295043945,-8.84386539459229,"Male"
"6018403",371836,2025-05-26 21:34:06,43.3573799133301,-8.84393405914307,"Male"
"6018403",371836,2025-05-26 21:39:09,43.3573951721191,-8.84405899047852,"Male"
"6018403",371836,2025-05-26 21:44:03,43.3577003479004,-8.84455108642578,"Male"
"6018403",371836,2025-05-26 21:49:33,43.3576278686523,-8.84402751922607,"Male"
"6018403",371836,2025-05-26 21:54:02,43.3575325012207,-8.84409999847412,"Male"
"6018403",371836,2025-05-26 21:59:02,43.3576316833496,-8.84413242340088,"Male"
"6018403",371836,2025-05-26 22:04:02,43.3575859069824,-8.84411716461182,"Male"
"6018403",371836,2025-05-26 22:09:03,43.3575897216797,-8.84405994415283,"Male"
"6018403",371836,2025-05-26 22:14:03,43.357536315918,-8.84410190582275,"Male"
"6018403",371836,2025-05-26 22:19:03,43.3575172424316,-8.84409809112549,"Male"
"6018403",371836,2025-05-26 22:24:06,43.3575668334961,-8.8441276550293,"Male"
"6018403",371836,2025-05-26 22:29:02,43.3575401306152,-8.84407615661621,"Male"
"6018403",371836,2025-05-26 22:34:02,43.3576202392578,-8.84407424926758,"Male"
"6018403",371836,2025-05-26 22:39:02,43.3576850891113,-8.84409046173096,"Male"
"6018403",371836,2025-05-26 22:44:03,43.3576011657715,-8.84397506713867,"Male"
"6018403",371836,2025-05-26 22:49:03,43.3576583862305,-8.84412574768066,"Male"
"6018403",371836,2025-05-26 22:54:02,43.3576812744141,-8.84411430358887,"Male"
"6018403",371836,2025-05-26 22:59:03,43.3577194213867,-8.84413242340088,"Male"
"6018403",371836,2025-05-26 23:04:03,43.3575897216797,-8.844069480896,"Male"
"6018403",371836,2025-05-26 23:09:03,43.3577041625977,-8.84419441223145,"Male"
"6018403",371836,2025-05-26 23:14:02,43.357666015625,-8.84406185150146,"Male"
"6018403",371836,2025-05-26 23:19:04,43.3577117919922,-8.84414672851562,"Male"
"6018403",371836,2025-05-26 23:24:04,43.3577270507812,-8.84417152404785,"Male"
"6018403",371836,2025-05-26 23:29:03,43.3576469421387,-8.84410667419434,"Male"
"6018403",371836,2025-05-26 23:34:03,43.3576354980469,-8.84403228759766,"Male"
"6018403",371836,2025-05-26 23:39:04,43.3575744628906,-8.84404182434082,"Male"
"6018403",371836,2025-05-26 23:44:06,43.357608795166,-8.84403610229492,"Male"
"6018403",371836,2025-05-26 23:49:07,43.3577156066895,-8.84415912628174,"Male"
"6018403",371836,2025-05-26 23:54:05,43.3576774597168,-8.84413623809814,"Male"
"6018403",371836,2025-05-26 23:59:05,43.3576354980469,-8.84403514862061,"Male"
"6018403",371836,2025-05-27 00:04:06,43.3575668334961,-8.84392642974854,"Male"
"6018403",371836,2025-05-27 00:09:10,43.3576049804688,-8.84403133392334,"Male"
"6018403",371836,2025-05-27 00:14:07,43.3576393127441,-8.84398651123047,"Male"
"6018403",371836,2025-05-27 00:19:10,43.3576049804688,-8.84398651123047,"Male"
"6018403",371836,2025-05-27 00:24:12,43.3576049804688,-8.84394359588623,"Male"
"6018403",371836,2025-05-27 00:29:09,43.3575630187988,-8.84406757354736,"Male"
"6018403",371836,2025-05-27 00:34:35,43.3576240539551,-8.84407329559326,"Male"
"6018403",371836,2025-05-27 00:39:03,43.3575859069824,-8.84405326843262,"Male"
"6018403",371836,2025-05-27 00:44:02,43.3576507568359,-8.84400177001953,"Male"
"6018403",371836,2025-05-27 00:49:02,43.3575706481934,-8.84414863586426,"Male"
"6018403",371836,2025-05-27 00:54:02,43.3575477600098,-8.84420871734619,"Male"
"6018403",371836,2025-05-27 00:59:07,43.3576698303223,-8.84397506713867,"Male"
"6018403",371836,2025-05-27 01:04:02,43.3575668334961,-8.84422779083252,"Male"
"6018403",371836,2025-05-27 01:09:05,43.3576278686523,-8.84404563903809,"Male"
"6018403",371836,2025-05-27 01:14:05,43.3576698303223,-8.84406566619873,"Male"
"6018403",371836,2025-05-27 01:19:04,43.3576316833496,-8.84404468536377,"Male"
"6018403",371836,2025-05-27 01:24:04,43.3576393127441,-8.84404563903809,"Male"
"6018403",371836,2025-05-27 01:29:03,43.357666015625,-8.84403324127197,"Male"
"6018403",371836,2025-05-27 01:34:04,43.3576545715332,-8.84409046173096,"Male"
"6018403",371836,2025-05-27 01:39:04,43.3577613830566,-8.84418964385986,"Male"
"6018403",371836,2025-05-27 01:44:03,43.3576965332031,-8.84412002563477,"Male"
"6018403",371836,2025-05-27 01:49:03,43.3576431274414,-8.84398365020752,"Male"
"6018403",371836,2025-05-27 01:54:06,43.3576622009277,-8.8440465927124,"Male"
"6018403",371836,2025-05-27 01:59:04,43.3576316833496,-8.84404754638672,"Male"
"6018403",371836,2025-05-27 02:04:35,43.3575820922852,-8.84412574768066,"Male"
"6018403",371836,2025-05-27 02:09:02,43.3576011657715,-8.84403705596924,"Male"
"6018403",371836,2025-05-27 02:14:02,43.3575630187988,-8.84420013427734,"Male"
"6018403",371836,2025-05-27 02:19:02,43.3575859069824,-8.84408569335938,"Male"
"6018403",371836,2025-05-27 02:24:02,43.3576812744141,-8.84402656555176,"Male"
"6018403",371836,2025-05-27 02:29:03,43.3577003479004,-8.84411239624023,"Male"
"6018403",371836,2025-05-27 02:34:03,43.3576431274414,-8.84413242340088,"Male"
"6018403",371836,2025-05-27 02:39:07,43.3575592041016,-8.84416389465332,"Male"
"6018403",371836,2025-05-27 02:44:07,43.3577842712402,-8.84399509429932,"Male"
"6018403",371836,2025-05-27 02:49:03,43.3576850891113,-8.84404754638672,"Male"
"6018403",371836,2025-05-27 02:54:14,43.3575820922852,-8.84394931793213,"Male"
"6018403",371836,2025-05-27 02:59:06,43.3575286865234,-8.84399795532227,"Male"
"6018403",371836,2025-05-27 03:04:04,43.3575019836426,-8.84393787384033,"Male"
"6018403",371836,2025-05-27 03:09:09,43.3575477600098,-8.84393882751465,"Male"
"6018403",371836,2025-05-27 03:14:06,43.3575286865234,-8.84394264221191,"Male"
"6018403",371836,2025-05-27 03:19:06,43.3576126098633,-8.84399795532227,"Male"
"6018403",371836,2025-05-27 03:24:04,43.357666015625,-8.84409999847412,"Male"
"6018403",371836,2025-05-27 03:29:34,43.3575820922852,-8.84408569335938,"Male"
"6018403",371836,2025-05-27 03:34:03,43.3576545715332,-8.84412384033203,"Male"
"6018403",371836,2025-05-27 03:39:02,43.3576202392578,-8.84412956237793,"Male"
"6018403",371836,2025-05-27 03:44:03,43.3576393127441,-8.84415817260742,"Male"
"6018403",371836,2025-05-27 03:49:02,43.3576240539551,-8.84400749206543,"Male"
"6018403",371836,2025-05-27 03:54:05,43.3576583862305,-8.84413051605225,"Male"
"6018403",371836,2025-05-27 03:59:03,43.3576507568359,-8.84409618377686,"Male"
"6018403",371836,2025-05-27 04:04:02,43.3576469421387,-8.84409236907959,"Male"
"6018403",371836,2025-05-27 04:09:03,43.357551574707,-8.84415817260742,"Male"
"6018403",371836,2025-05-27 04:14:03,43.3576049804688,-8.84416675567627,"Male"
"6018403",371836,2025-05-27 04:19:03,43.3576354980469,-8.84418869018555,"Male"
"6018403",371836,2025-05-27 04:24:02,43.3576202392578,-8.84414577484131,"Male"
"6018403",371836,2025-05-27 04:29:04,43.3576011657715,-8.84407424926758,"Male"
"6018403",371836,2025-05-27 04:34:04,43.3575973510742,-8.84418201446533,"Male"
"6018403",371836,2025-05-27 04:39:06,43.3575820922852,-8.8441219329834,"Male"
"6018403",371836,2025-05-27 04:44:02,43.3575019836426,-8.84403228759766,"Male"
"6018403",371836,2025-05-27 04:49:04,43.3575706481934,-8.84404468536377,"Male"
"6018403",371836,2025-05-27 04:54:05,43.3576927185059,-8.84428310394287,"Male"
"6018403",371836,2025-05-27 04:59:06,43.3576698303223,-8.84424686431885,"Male"
"6018403",371836,2025-05-27 05:04:04,43.3577499389648,-8.84469604492188,"Male"
"6018403",371836,2025-05-27 05:09:03,43.3558044433594,-8.84951496124268,"Male"
"6018403",371836,2025-05-27 05:14:07,43.3575630187988,-8.84417247772217,"Male"
"6018403",371836,2025-05-27 05:19:04,43.3577079772949,-8.84415912628174,"Male"
"6018403",371836,2025-05-27 05:24:07,43.3576774597168,-8.84417152404785,"Male"
"6018403",371836,2025-05-27 05:29:07,43.3577308654785,-8.84426498413086,"Male"
"6018403",371836,2025-05-27 05:34:04,43.3575897216797,-8.84418964385986,"Male"
"6018403",371836,2025-05-27 05:39:03,43.3576393127441,-8.84416580200195,"Male"
"6018403",371836,2025-05-27 05:44:09,43.3579063415527,-8.84443759918213,"Male"
"6018403",371836,2025-05-27 05:49:10,43.3578872680664,-8.84431076049805,"Male"
"6018403",371836,2025-05-27 05:54:08,43.3579521179199,-8.84435749053955,"Male"
"6018403",371836,2025-05-27 05:59:06,43.3577613830566,-8.84424877166748,"Male"
"6018403",371836,2025-05-27 06:04:14,43.3576507568359,-8.8441686630249,"Male"
"6018403",371836,2025-05-27 06:09:14,43.3577117919922,-8.84426212310791,"Male"
"6018403",371836,2025-05-27 06:14:23,43.357666015625,-8.84437274932861,"Male"
"6018403",371836,2025-05-27 06:19:02,43.3576393127441,-8.84436893463135,"Male"
"6018403",371836,2025-05-27 06:24:11,43.3577423095703,-8.84455490112305,"Male"
"6018403",371836,2025-05-27 06:29:10,43.3576698303223,-8.8442850112915,"Male"
"6018403",371836,2025-05-27 06:34:07,43.3575744628906,-8.84426975250244,"Male"
"6018403",371836,2025-05-27 06:39:09,43.3575630187988,-8.84426116943359,"Male"
"6018403",371836,2025-05-27 06:44:11,43.357494354248,-8.84402275085449,"Male"
"6018403",371836,2025-05-27 06:49:35,43.3575477600098,-8.84401416778564,"Male"
"6018403",371836,2025-05-27 06:54:03,43.3576774597168,-8.84422779083252,"Male"
"6018403",371836,2025-05-27 06:59:09,43.3575401306152,-8.84403419494629,"Male"
"6018403",371836,2025-05-27 07:04:06,43.3575325012207,-8.84400653839111,"Male"
"6018403",371836,2025-05-27 07:09:03,43.357608795166,-8.84423446655273,"Male"
"6018403",371836,2025-05-27 07:14:12,43.3573379516602,-8.84414672851562,"Male"
"6018403",371836,2025-05-27 07:19:06,43.3576278686523,-8.84427070617676,"Male"
"6018403",371836,2025-05-27 07:24:03,43.3575592041016,-8.8443078994751,"Male"
"6018403",371836,2025-05-27 07:29:07,43.3576316833496,-8.84414100646973,"Male"
"6018403",371836,2025-05-27 07:34:03,43.357608795166,-8.84417152404785,"Male"
"6018403",371836,2025-05-27 07:39:09,43.3575057983398,-8.84420299530029,"Male"
"6018403",371836,2025-05-27 07:44:04,43.3715858459473,-8.86021518707275,"Male"
"6018403",371836,2025-05-27 07:49:14,43.3914642333984,-8.89760112762451,"Male"
"6018403",371836,2025-05-27 07:54:14,43.405143737793,-8.93752384185791,"Male"
"6018403",371836,2025-05-27 07:59:09,43.4113273620605,-8.98182487487793,"Male"
"6018403",371836,2025-05-27 08:04:37,43.4131889343262,-9.03141307830811,"Male"
"6018403",371836,2025-05-27 08:09:06,43.4249267578125,-9.06747531890869,"Male"
"6018403",371836,2025-05-27 08:14:04,43.432689666748,-9.11193752288818,"Male"
"6018403",371836,2025-05-27 08:19:03,43.4361457824707,-9.15668678283691,"Male"
"6018403",371836,2025-05-27 08:30:35,43.4329872131348,-9.16934776306152,"Male"
"6018403",371836,2025-05-27 08:35:27,43.4318237304688,-9.16968154907227,"Male"
"6018403",371836,2025-05-27 08:40:36,43.4347190856934,-9.16873931884766,"Male"
"6018403",371836,2025-05-27 08:45:28,43.4462394714355,-9.19239330291748,"Male"
"6018403",371836,2025-05-27 08:50:35,43.4475784301758,-9.19503116607666,"Male"
"6018403",371836,2025-05-27 08:55:27,43.4468803405762,-9.19578647613525,"Male"
"6018403",371836,2025-05-27 09:00:37,43.4446067810059,-9.17957210540771,"Male"
"6018403",371836,2025-05-27 09:05:28,43.4338569641113,-9.14326190948486,"Male"
"6018403",371836,2025-05-27 09:10:38,43.4214134216309,-9.10804748535156,"Male"
"6018403",371836,2025-05-27 09:15:27,43.4174842834473,-9.06965160369873,"Male"
"6018403",371836,2025-05-27 09:20:37,43.4125938415527,-9.02935886383057,"Male"
"6018403",371836,2025-05-27 09:25:28,43.4065170288086,-8.99174308776855,"Male"
"6018403",371836,2025-05-27 09:31:35,43.395809173584,-8.9458532333374,"Male"
"6018403",371836,2025-05-27 09:35:37,43.3907356262207,-8.91427040100098,"Male"
"6018403",371836,2025-05-27 09:40:37,43.3807144165039,-8.87885761260986,"Male"
"6018403",371836,2025-05-27 09:45:37,43.3624725341797,-8.84847068786621,"Male"
"6018403",371836,2025-05-27 09:50:38,43.3575897216797,-8.84364414215088,"Male"
"6018403",371836,2025-05-27 09:55:57,43.3575973510742,-8.84383296966553,"Male"
"6018403",371836,2025-05-27 10:00:56,43.3576354980469,-8.84399032592773,"Male"
"6018403",371836,2025-05-27 10:05:28,43.3575401306152,-8.84413242340088,"Male"
"6018403",371836,2025-05-27 10:10:29,43.3574066162109,-8.84414482116699,"Male"
"6018403",371836,2025-05-27 10:15:30,43.3575401306152,-8.84417343139648,"Male"
"6018403",371836,2025-05-27 10:20:29,43.3575286865234,-8.84407711029053,"Male"
"6018403",371836,2025-05-27 10:25:29,43.357593536377,-8.84414196014404,"Male"
"6018403",371836,2025-05-27 10:30:29,43.3573722839355,-8.84410762786865,"Male"
"6018403",371836,2025-05-27 10:35:34,43.3575325012207,-8.84419536590576,"Male"
"6018403",371836,2025-05-27 10:40:30,43.3574295043945,-8.84414958953857,"Male"
"6018403",371836,2025-05-27 10:45:39,43.3574066162109,-8.84412288665771,"Male"
"6018403",371836,2025-05-27 10:50:39,43.3576164245605,-8.8443431854248,"Male"
"6018403",371836,2025-05-27 10:55:45,43.3576507568359,-8.84423351287842,"Male"
"6018403",371836,2025-05-27 11:00:37,43.3576164245605,-8.84426689147949,"Male"
"6018403",371836,2025-05-27 11:05:37,43.3577766418457,-8.8442964553833,"Male"
"6018403",371836,2025-05-27 11:10:39,43.3578147888184,-8.84443187713623,"Male"
"6018403",371836,2025-05-27 11:16:05,43.3576278686523,-8.84418296813965,"Male"
"6018403",371836,2025-05-27 11:20:29,43.3574867248535,-8.84422302246094,"Male"
"6018403",371836,2025-05-27 11:25:30,43.3574600219727,-8.84419822692871,"Male"
"6018403",371836,2025-05-27 11:30:28,43.3581466674805,-8.84423637390137,"Male"
"6018403",371836,2025-05-27 11:35:29,43.3580131530762,-8.84415912628174,"Male"
"6018403",371836,2025-05-27 11:40:28,43.3577194213867,-8.84431648254395,"Male"
"6018403",371836,2025-05-27 11:45:28,43.357593536377,-8.84406566619873,"Male"
"6018403",371836,2025-05-27 11:50:30,43.357536315918,-8.84536266326904,"Male"
"6018403",371836,2025-05-27 11:55:31,43.3578224182129,-8.84505081176758,"Male"
"6018403",371836,2025-05-27 12:00:37,43.3574523925781,-8.84450149536133,"Male"
"6018403",371836,2025-05-27 12:05:45,43.3576126098633,-8.84419918060303,"Male"
"6018403",371836,2025-05-27 12:10:32,43.3577003479004,-8.84428119659424,"Male"
"6018403",371836,2025-05-27 12:15:35,43.3576812744141,-8.84420204162598,"Male"
"6018403",371836,2025-05-27 12:20:31,43.3575706481934,-8.84415531158447,"Male"
"6018403",371836,2025-05-27 12:25:28,43.3533210754395,-8.84468078613281,"Male"
"6018403",371836,2025-05-27 12:30:29,43.3577423095703,-8.84397602081299,"Male"
"6018403",371836,2025-05-27 12:35:28,43.3577880859375,-8.84388637542725,"Male"
"6018403",371836,2025-05-27 12:40:34,43.3576774597168,-8.84404850006104,"Male"
"6018403",371836,2025-05-27 12:45:32,43.3575744628906,-8.84402942657471,"Male"
"6018403",371836,2025-05-27 12:50:34,43.3575668334961,-8.84395217895508,"Male"
"6018403",371836,2025-05-27 12:55:32,43.3576431274414,-8.84397220611572,"Male"
"6018403",371836,2025-05-27 13:00:29,43.3577423095703,-8.84428977966309,"Male"
"6018403",371836,2025-05-27 13:05:29,43.3577194213867,-8.84412860870361,"Male"
"6018403",371836,2025-05-27 13:10:30,43.3498115539551,-8.84455299377441,"Male"
"6018403",371836,2025-05-27 13:15:38,43.314323425293,-8.85647392272949,"Male"
"6018403",371836,2025-05-27 13:20:43,43.3141212463379,-8.8567476272583,"Male"
"6018403",371836,2025-05-27 13:25:36,43.3142929077148,-8.85678100585938,"Male"
"6018403",371836,2025-05-27 13:30:32,43.3143081665039,-8.85666179656982,"Male"
"6018403",371836,2025-05-27 13:35:30,43.3142738342285,-8.8565673828125,"Male"
"6018403",371836,2025-05-27 13:40:29,43.3147048950195,-8.85742473602295,"Male"
"6018403",371836,2025-05-27 13:45:31,43.3144683837891,-8.85698509216309,"Male"
"6018403",371836,2025-05-27 13:50:29,43.3145294189453,-8.85702514648438,"Male"
"6018403",371836,2025-05-27 13:55:29,43.3213539123535,-8.85174465179443,"Male"
"6018403",371836,2025-05-27 14:00:28,43.3439865112305,-8.84567737579346,"Male"
"6018403",371836,2025-05-27 14:05:32,43.3576240539551,-8.84395694732666,"Male"
"6018403",371836,2025-05-27 14:10:30,43.3576507568359,-8.84406089782715,"Male"
"6018403",371836,2025-05-27 14:15:30,43.3576202392578,-8.8439416885376,"Male"
"6018403",371836,2025-05-27 14:20:29,43.3576316833496,-8.84398174285889,"Male"
"6018403",371836,2025-05-27 14:25:31,43.3575439453125,-8.84378814697266,"Male"
"6018403",371836,2025-05-27 14:30:59,43.3576354980469,-8.84399700164795,"Male"
"6018403",371836,2025-05-27 14:35:37,43.357666015625,-8.84412574768066,"Male"
"6018403",371836,2025-05-27 14:40:44,43.3575744628906,-8.84407806396484,"Male"
"6018403",371836,2025-05-27 14:45:32,43.3576507568359,-8.84402084350586,"Male"
"6018403",371836,2025-05-27 14:50:35,43.3575057983398,-8.84409332275391,"Male"
"6018403",371836,2025-05-27 14:55:34,43.3574142456055,-8.84418869018555,"Male"
"6018403",371836,2025-05-27 15:00:37,43.3649711608887,-8.84770107269287,"Male"
"6018403",371836,2025-05-27 15:06:08,43.3943214416504,-8.84957599639893,"Male"
"6018403",371836,2025-05-27 15:11:29,43.4185981750488,-8.86282062530518,"Male"
"6018403",371836,2025-05-27 15:15:27,43.4354515075684,-8.88225650787354,"Male"
"6018403",371836,2025-05-27 15:20:27,43.4553031921387,-8.90328693389893,"Male"
"6018403",371836,2025-05-27 15:25:28,43.4619331359863,-8.94632720947266,"Male"
"6018403",371836,2025-05-27 15:30:28,43.4661979675293,-8.99555397033691,"Male"
"6018403",371836,2025-05-27 15:35:29,43.4649353027344,-9.03849697113037,"Male"
"6018403",371836,2025-05-27 15:40:27,43.459171295166,-9.08578205108643,"Male"
"6018403",371836,2025-05-27 15:45:28,43.4772338867188,-9.10756301879883,"Male"
"6018403",371836,2025-05-27 15:50:31,43.4854507446289,-9.13328266143799,"Male"
"6018403",371836,2025-05-27 15:55:30,43.4854431152344,-9.1348705291748,"Male"
"6018403",371836,2025-05-27 16:01:05,43.4943885803223,-9.14867115020752,"Male"
"6018403",371836,2025-05-27 16:05:27,43.4929161071777,-9.14870262145996,"Male"
"6018403",371836,2025-05-27 16:10:28,43.4924583435059,-9.14989566802979,"Male"
"6018403",371836,2025-05-27 16:15:30,43.4920845031738,-9.15099143981934,"Male"
"6018403",371836,2025-05-27 16:20:32,43.4915390014648,-9.15176486968994,"Male"
"6018403",371836,2025-05-27 16:25:27,43.4907379150391,-9.15314865112305,"Male"
"6018403",371836,2025-05-27 16:30:28,43.4916229248047,-9.15358638763428,"Male"
"6018403",371836,2025-05-27 16:35:28,43.491756439209,-9.15397930145264,"Male"
"6018403",371836,2025-05-27 16:40:27,43.4913330078125,-9.15556335449219,"Male"
"6018403",371836,2025-05-27 16:45:28,43.490909576416,-9.15762233734131,"Male"
"6018403",371836,2025-05-27 16:50:32,43.4904861450195,-9.15934944152832,"Male"
"6018403",371836,2025-05-27 16:55:31,43.4901504516602,-9.16080856323242,"Male"
"6018403",371836,2025-05-27 17:00:29,43.4894981384277,-9.1616382598877,"Male"
"6018403",371836,2025-05-27 17:05:27,43.4887199401855,-9.16247081756592,"Male"
"6018403",371836,2025-05-27 17:10:29,43.5092887878418,-9.18631458282471,"Male"
"6018403",371836,2025-05-27 17:15:27,43.5214691162109,-9.19577598571777,"Male"
"6018403",371836,2025-05-27 17:21:03,43.5213890075684,-9.19645118713379,"Male"
"6018403",371836,2025-05-27 17:25:27,43.5232086181641,-9.19129657745361,"Male"
"6018403",371836,2025-05-27 17:30:28,43.5235443115234,-9.19159698486328,"Male"
"6018403",371836,2025-05-27 17:35:27,43.524040222168,-9.19037818908691,"Male"
"6018403",371836,2025-05-27 17:40:28,43.5241012573242,-9.19063091278076,"Male"
"6018403",371836,2025-05-27 17:45:28,43.5226669311523,-9.18539714813232,"Male"
"6018403",371836,2025-05-27 17:50:30,43.507869720459,-9.15892601013184,"Male"
"6018403",371836,2025-05-27 17:55:28,43.5002021789551,-9.13945007324219,"Male"
"6018403",371836,2025-05-27 18:00:30,43.4908065795898,-9.11761665344238,"Male"
"6018403",371836,2025-05-27 18:05:30,43.4890365600586,-9.11624050140381,"Male"
"6018403",371836,2025-05-27 18:10:29,43.4654426574707,-9.08178424835205,"Male"
"6018403",371836,2025-05-27 18:15:30,43.4479751586914,-9.0414924621582,"Male"
"6018403",371836,2025-05-27 18:20:36,43.4261703491211,-9.00414180755615,"Male"
"6018403",371836,2025-05-27 18:25:44,43.4067268371582,-8.96371078491211,"Male"
"6018403",371836,2025-05-27 18:30:28,43.3908576965332,-8.92582130432129,"Male"
"6018403",371836,2025-05-27 18:35:31,43.3758430480957,-8.88371753692627,"Male"
"6018403",371836,2025-05-27 18:40:37,43.3611183166504,-8.84777355194092,"Male"
"6018403",371836,2025-05-27 18:45:44,43.3575286865234,-8.84402561187744,"Male"
"6018403",371836,2025-05-27 18:50:36,43.3575820922852,-8.8441801071167,"Male"
"6018403",371836,2025-05-27 18:55:30,43.3574981689453,-8.8440408706665,"Male"
"6018403",371836,2025-05-27 19:00:38,43.3575134277344,-8.84406661987305,"Male"
"6018403",371836,2025-05-27 19:05:37,43.3576240539551,-8.84420585632324,"Male"
"6018403",371836,2025-05-27 19:10:37,43.3575782775879,-8.84403705596924,"Male"
"6018403",371836,2025-05-27 19:15:44,43.3577651977539,-8.84435558319092,"Male"
"6018403",371836,2025-05-27 19:20:44,43.3574409484863,-8.84390449523926,"Male"
"6018403",371836,2025-05-27 19:25:34,43.3575439453125,-8.84411716461182,"Male"
"6018403",371836,2025-05-27 19:30:43,43.3576622009277,-8.8441858291626,"Male"
"6018403",371836,2025-05-27 19:35:34,43.3578567504883,-8.84458827972412,"Male"
"6018403",371836,2025-05-27 19:40:29,43.357738494873,-8.84422874450684,"Male"
"6018403",371836,2025-05-27 19:45:59,43.3575859069824,-8.84409427642822,"Male"
"6018403",371836,2025-05-27 19:51:05,43.3575897216797,-8.84414863586426,"Male"
"6018403",371836,2025-05-27 19:55:28,43.3575820922852,-8.84415531158447,"Male"
"6018403",371836,2025-05-27 20:00:28,43.3575553894043,-8.84410858154297,"Male"
"6018403",371836,2025-05-27 20:05:29,43.3576126098633,-8.84416770935059,"Male"
"6018403",371836,2025-05-27 20:10:29,43.3575630187988,-8.84389495849609,"Male"
"6018403",371836,2025-05-27 20:15:30,43.3576431274414,-8.84423446655273,"Male"
"6018403",371836,2025-05-27 20:20:37,43.3577003479004,-8.84416484832764,"Male"
"6018403",371836,2025-05-27 20:25:28,43.3576545715332,-8.8441686630249,"Male"
"6018403",371836,2025-05-27 20:30:37,43.3576316833496,-8.84416198730469,"Male"
"6018403",371836,2025-05-27 20:35:31,43.3577575683594,-8.8443775177002,"Male"
"6018403",371836,2025-05-27 20:41:00,43.3576583862305,-8.84418678283691,"Male"
"6018403",371836,2025-05-27 20:45:43,43.3576316833496,-8.84408283233643,"Male"
"6018403",371836,2025-05-27 20:50:59,43.3576316833496,-8.84417343139648,"Male"
"6018403",371836,2025-05-27 20:55:28,43.3577651977539,-8.84403991699219,"Male"
"6018403",371836,2025-05-27 21:00:28,43.3577117919922,-8.84407043457031,"Male"
"6018403",371836,2025-05-27 21:05:31,43.3575782775879,-8.84403610229492,"Male"
"6018403",371836,2025-05-27 21:10:30,43.3577346801758,-8.84407424926758,"Male"
"6018403",371836,2025-05-27 21:15:29,43.3580551147461,-8.8439826965332,"Male"
"6018403",371836,2025-05-27 21:20:29,43.3574829101562,-8.84415149688721,"Male"
"6018403",371836,2025-05-27 21:25:37,43.3576278686523,-8.84404468536377,"Male"
"6018403",371836,2025-05-27 21:30:31,43.3577461242676,-8.84418678283691,"Male"
"6018403",371836,2025-05-27 21:35:31,43.3577842712402,-8.84418964385986,"Male"
"6018403",371836,2025-05-27 21:40:32,43.3575325012207,-8.84407615661621,"Male"
"6018403",371836,2025-05-27 21:45:30,43.3576354980469,-8.84410572052002,"Male"
"6018403",371836,2025-05-27 21:50:29,43.3576507568359,-8.84413814544678,"Male"
"6018403",371836,2025-05-27 21:55:34,43.3575553894043,-8.84403991699219,"Male"
"6018403",371836,2025-05-27 22:00:31,43.3576965332031,-8.84440422058105,"Male"
"6018403",371836,2025-05-27 22:05:32,43.3575286865234,-8.84399318695068,"Male"
"6018403",371836,2025-05-27 22:10:32,43.357608795166,-8.84394359588623,"Male"
"6018403",371836,2025-05-27 22:15:34,43.357608795166,-8.84408473968506,"Male"
"6018403",371836,2025-05-27 22:20:56,43.3576011657715,-8.84408473968506,"Male"
"6018403",371836,2025-05-27 22:25:29,43.357738494873,-8.84400463104248,"Male"
"6018403",371836,2025-05-27 22:30:44,43.3575592041016,-8.84413242340088,"Male"
"6018403",371836,2025-05-27 22:35:28,43.3576469421387,-8.84402275085449,"Male"
"6018403",371836,2025-05-27 22:40:31,43.3577270507812,-8.84418869018555,"Male"
"6018403",371836,2025-05-27 22:45:29,43.3575820922852,-8.84407901763916,"Male"
"6018403",371836,2025-05-27 22:50:31,43.3569679260254,-8.84388637542725,"Male"
"6018403",371836,2025-05-27 22:55:34,43.3576126098633,-8.84407806396484,"Male"
"6018403",371836,2025-05-27 23:00:31,43.3576316833496,-8.84408473968506,"Male"
"6018403",371836,2025-05-27 23:05:30,43.3576736450195,-8.84413814544678,"Male"
"6018403",371836,2025-05-27 23:10:31,43.3576469421387,-8.84421253204346,"Male"
"6018403",371836,2025-05-27 23:15:30,43.3577194213867,-8.84424686431885,"Male"
"6018403",371836,2025-05-27 23:20:34,43.3576126098633,-8.84407901763916,"Male"
"6018403",371836,2025-05-27 23:25:37,43.3576316833496,-8.84410095214844,"Male"
"6018403",371836,2025-05-27 23:30:51,43.3576812744141,-8.84423542022705,"Male"
"6018403",371836,2025-05-27 23:35:37,43.3578605651855,-8.84431648254395,"Male"
"6018403",371836,2025-05-27 23:40:30,43.3577651977539,-8.84443855285645,"Male"
"6018403",371836,2025-05-27 23:45:30,43.3575325012207,-8.84401512145996,"Male"
"6018403",371836,2025-05-27 23:50:34,43.3577613830566,-8.84440994262695,"Male"
"6018403",371836,2025-05-27 23:55:31,43.3577194213867,-8.84422206878662,"Male"
"6018403",371836,2025-05-28 00:00:59,43.3576469421387,-8.84404182434082,"Male"
"6018403",371836,2025-05-28 00:05:28,43.3578338623047,-8.84420013427734,"Male"
"6018403",371836,2025-05-28 00:10:28,43.3577194213867,-8.8441801071167,"Male"
"6018403",371836,2025-05-28 00:15:28,43.3576202392578,-8.84408187866211,"Male"
"6018403",371836,2025-05-28 00:20:28,43.3576889038086,-8.84414005279541,"Male"
"6018403",371836,2025-05-28 00:25:31,43.3576164245605,-8.84402561187744,"Male"
"6018403",371836,2025-05-28 00:30:34,43.3575973510742,-8.84407424926758,"Male"
"6018403",371836,2025-05-28 00:35:28,43.357593536377,-8.84411525726318,"Male"
"6018403",371836,2025-05-28 00:40:37,43.357608795166,-8.84409523010254,"Male"
"6018403",371836,2025-05-28 00:45:40,43.3576698303223,-8.84411716461182,"Male"
"6018403",371836,2025-05-28 00:50:28,43.3575553894043,-8.84405517578125,"Male"
"6018403",371836,2025-05-28 00:55:30,43.3576316833496,-8.84420490264893,"Male"
"6018403",371836,2025-05-28 01:00:31,43.3576431274414,-8.8442554473877,"Male"
"6018403",371836,2025-05-28 01:05:28,43.3575019836426,-8.84408760070801,"Male"
"6018403",371836,2025-05-28 01:10:29,43.3574714660645,-8.8441104888916,"Male"
"6018403",371836,2025-05-28 01:15:38,43.357593536377,-8.84407043457031,"Male"
"6018403",371836,2025-05-28 01:20:29,43.3575973510742,-8.84408950805664,"Male"
"6018403",371836,2025-05-28 01:25:28,43.3575744628906,-8.84405517578125,"Male"
"6018403",371836,2025-05-28 01:30:44,43.3576316833496,-8.84414672851562,"Male"
"6018403",371836,2025-05-28 01:35:27,43.3575859069824,-8.84415340423584,"Male"
"6018403",371836,2025-05-28 01:40:27,43.357536315918,-8.84415245056152,"Male"
"6018403",371836,2025-05-28 01:45:27,43.3576278686523,-8.8439884185791,"Male"
"6018403",371836,2025-05-28 01:50:27,43.357536315918,-8.84403228759766,"Male"
"6018403",371836,2025-05-28 01:55:36,43.3576698303223,-8.84413433074951,"Male"
"6018403",371836,2025-05-28 02:00:37,43.3575973510742,-8.84410190582275,"Male"
"6018403",371836,2025-05-28 02:05:37,43.3576545715332,-8.84417343139648,"Male"
"6018403",371836,2025-05-28 02:10:37,43.3576622009277,-8.84432792663574,"Male"
"6018403",371836,2025-05-28 02:15:44,43.3576927185059,-8.84430503845215,"Male"
"6018403",371836,2025-05-28 02:20:37,43.3577156066895,-8.84436416625977,"Male"
"6018403",371836,2025-05-28 02:25:30,43.3574447631836,-8.8441047668457,"Male"
"6018403",371836,2025-05-28 02:30:32,43.3576469421387,-8.84397411346436,"Male"
"6018403",371836,2025-05-28 02:35:29,43.357551574707,-8.84368228912354,"Male"
"6018403",371836,2025-05-28 02:40:34,43.3577346801758,-8.84406566619873,"Male"
"6018403",371836,2025-05-28 02:46:14,43.3577651977539,-8.84405517578125,"Male"
"6018403",371836,2025-05-28 02:50:29,43.3576774597168,-8.84379863739014,"Male"
"6018403",371836,2025-05-28 02:55:31,43.3576736450195,-8.8439416885376,"Male"
"6018403",371836,2025-05-28 03:00:36,43.3578147888184,-8.8438777923584,"Male"
"6018403",371836,2025-05-28 03:05:44,43.3576622009277,-8.84400367736816,"Male"
"6018403",371836,2025-05-28 03:10:35,43.3576164245605,-8.84389877319336,"Male"
"6018403",371836,2025-05-28 03:15:29,43.3576965332031,-8.84409332275391,"Male"
"6018403",371836,2025-05-28 03:20:29,43.3575820922852,-8.84397506713867,"Male"
"6018403",371836,2025-05-28 03:25:27,43.3577117919922,-8.84401416778564,"Male"
"6018403",371836,2025-05-28 03:30:27,43.3576240539551,-8.84397411346436,"Male"
"6018403",371836,2025-05-28 03:35:31,43.3576965332031,-8.84408378601074,"Male"
"6018403",371836,2025-05-28 03:40:28,43.3576393127441,-8.84395694732666,"Male"
"6018403",371836,2025-05-28 03:45:59,43.357593536377,-8.84399700164795,"Male"
"6018403",371836,2025-05-28 03:50:45,43.3576316833496,-8.84409332275391,"Male"
"6018403",371836,2025-05-28 03:55:29,43.3575592041016,-8.84402561187744,"Male"
"6018403",371836,2025-05-28 04:00:27,43.3574485778809,-8.84408760070801,"Male"
"6018403",371836,2025-05-28 04:05:36,43.3575859069824,-8.84396839141846,"Male"
"6018403",371836,2025-05-28 04:10:32,43.3576278686523,-8.84411716461182,"Male"
"6018403",371836,2025-05-28 04:15:29,43.3575744628906,-8.8440580368042,"Male"
"6018403",371836,2025-05-28 04:20:37,43.3575668334961,-8.84393405914307,"Male"
"6018403",371836,2025-05-28 04:25:27,43.3576889038086,-8.84403038024902,"Male"
"6018403",371836,2025-05-28 04:30:32,43.3576202392578,-8.84400081634521,"Male"
"6018403",371836,2025-05-28 04:35:34,43.3574256896973,-8.84390830993652,"Male"
"6018403",371836,2025-05-28 04:40:34,43.3578071594238,-8.8441333770752,"Male"
"6018403",371836,2025-05-28 04:46:15,43.3575630187988,-8.84490871429443,"Male"
"6018403",371836,2025-05-28 04:50:34,43.3575859069824,-8.84410190582275,"Male"
"6018403",371836,2025-05-28 04:55:34,43.3574905395508,-8.84388732910156,"Male"
"6018403",371836,2025-05-28 05:00:57,43.3575782775879,-8.8440465927124,"Male"
"6018403",371836,2025-05-28 05:05:37,43.3576278686523,-8.84423446655273,"Male"
"6018403",371836,2025-05-28 05:10:30,43.35791015625,-8.84419822692871,"Male"
"6018403",371836,2025-05-28 05:15:37,43.3576431274414,-8.84403324127197,"Male"
"6018403",371836,2025-05-28 05:20:31,43.3576774597168,-8.84405612945557,"Male"
"6018403",371836,2025-05-28 05:25:37,43.3576622009277,-8.84404754638672,"Male"
"6018403",371836,2025-05-28 05:30:37,43.3577003479004,-8.8440637588501,"Male"
"6018403",371836,2025-05-28 05:35:42,43.3576583862305,-8.843994140625,"Male"
"6018403",371836,2025-05-28 05:40:34,43.3577117919922,-8.84428787231445,"Male"
"6018403",371836,2025-05-28 05:45:32,43.3577346801758,-8.84430980682373,"Male"
"6018403",371836,2025-05-28 05:50:36,43.3577651977539,-8.84413909912109,"Male"
"6018403",371836,2025-05-28 05:55:36,43.3576736450195,-8.84427070617676,"Male"
"6018403",371836,2025-05-28 06:00:37,43.3577308654785,-8.84429264068604,"Male"
"6018403",371836,2025-05-28 06:05:59,43.3577041625977,-8.84432697296143,"Male"
"6018403",371836,2025-05-28 06:10:28,43.3577919006348,-8.84459400177002,"Male"
"6018403",371836,2025-05-28 06:15:39,43.3576545715332,-8.84433937072754,"Male"
"6018403",371836,2025-05-28 06:20:37,43.3576316833496,-8.84417533874512,"Male"
"6018403",371836,2025-05-28 06:25:37,43.3576469421387,-8.84408283233643,"Male"
"6018403",371836,2025-05-28 06:31:05,43.3576126098633,-8.84403133392334,"Male"
"6018403",371836,2025-05-28 06:35:28,43.357608795166,-8.84409713745117,"Male"
"6018403",371836,2025-05-28 06:40:28,43.3575592041016,-8.84432601928711,"Male"
"6018403",371836,2025-05-28 06:45:31,43.3576622009277,-8.84413528442383,"Male"
"6018403",371836,2025-05-28 06:50:28,43.3576011657715,-8.84392642974854,"Male"
"6018403",371836,2025-05-28 06:55:32,43.3575592041016,-8.84408855438232,"Male"
"6018403",371836,2025-05-28 07:00:29,43.3573837280273,-8.84420490264893,"Male"
"6018403",371836,2025-05-28 07:05:28,43.3574638366699,-8.84413719177246,"Male"
"6018403",371836,2025-05-28 07:10:28,43.3575248718262,-8.84404277801514,"Male"
"6018403",371836,2025-05-28 07:15:28,43.3574981689453,-8.84407615661621,"Male"
"6018403",371836,2025-05-28 07:20:28,43.3575668334961,-8.84403324127197,"Male"
"6018403",371836,2025-05-28 07:25:27,43.3689346313477,-8.86062812805176,"Male"
"6018403",371836,2025-05-28 07:30:46,43.3878364562988,-8.9034948348999,"Male"
"6018403",371836,2025-05-28 07:36:30,43.4026908874512,-8.95707607269287,"Male"
"6018403",371836,2025-05-28 07:40:27,43.41357421875,-8.99292850494385,"Male"
"6018403",371836,2025-05-28 07:45:28,43.4253082275391,-9.04119968414307,"Male"
"6018403",371836,2025-05-28 07:50:27,43.4427757263184,-9.07772541046143,"Male"
"6018403",371836,2025-05-28 07:55:29,43.4605827331543,-9.11676406860352,"Male"
"6018403",371836,2025-05-28 08:00:29,43.4779357910156,-9.15063190460205,"Male"
"6018403",371836,2025-05-28 08:05:29,43.4959411621094,-9.14143085479736,"Male"
"6018403",371836,2025-05-28 08:10:28,43.5194511413574,-9.14646148681641,"Male"
"6018403",371836,2025-05-28 08:15:34,43.5191841125488,-9.12389659881592,"Male"
"6018403",371836,2025-05-28 08:20:32,43.5173492431641,-9.12218761444092,"Male"
"6018403",371836,2025-05-28 08:25:28,43.5175361633301,-9.12344264984131,"Male"
"6018403",371836,2025-05-28 08:30:42,43.5083923339844,-9.10716247558594,"Male"
"6018403",371836,2025-05-28 08:35:27,43.5117492675781,-9.08821487426758,"Male"
"6018403",371836,2025-05-28 08:40:29,43.4911193847656,-9.05292320251465,"Male"
"6018403",371836,2025-05-28 08:45:27,43.4718284606934,-9.01786041259766,"Male"
"6018403",371836,2025-05-28 08:50:28,43.4553985595703,-8.98708343505859,"Male"
"6018403",371836,2025-05-28 08:55:30,43.4416007995605,-8.96706485748291,"Male"
"6018403",371836,2025-05-28 09:00:28,43.4305992126465,-8.93838500976562,"Male"
"6018403",371836,2025-05-28 09:05:28,43.4141693115234,-8.91565227508545,"Male"
"6018403",371836,2025-05-28 09:10:30,43.3964767456055,-8.88892841339111,"Male"
"6018403",371836,2025-05-28 09:16:14,43.3746910095215,-8.85731220245361,"Male"
"6018403",371836,2025-05-28 09:20:35,43.3577156066895,-8.84426403045654,"Male"
"6018403",371836,2025-05-28 09:25:37,43.3576393127441,-8.84429836273193,"Male"
"6018403",371836,2025-05-28 09:30:37,43.3575897216797,-8.84415626525879,"Male"
"6018403",371836,2025-05-28 09:35:37,43.3575782775879,-8.84413146972656,"Male"
"6018403",371836,2025-05-28 09:40:48,43.3576049804688,-8.84412384033203,"Male"
"6018403",371836,2025-05-28 09:45:45,43.3576240539551,-8.84415721893311,"Male"
"6018403",371836,2025-05-28 09:50:31,43.3576202392578,-8.8439884185791,"Male"
"6018403",371836,2025-05-28 09:55:36,43.3576889038086,-8.84417152404785,"Male"
"6018403",371836,2025-05-28 10:00:38,43.3577575683594,-8.84423828125,"Male"
"6018403",371836,2025-05-28 10:05:37,43.3577041625977,-8.84420394897461,"Male"
"6018403",371836,2025-05-28 10:10:34,43.3577308654785,-8.84418201446533,"Male"
"6018403",371836,2025-05-28 10:15:37,43.3572273254395,-8.84438705444336,"Male"
"6018403",371836,2025-05-28 10:20:37,43.3575706481934,-8.84415054321289,"Male"
"6018403",371836,2025-05-28 10:25:37,43.3573760986328,-8.84431743621826,"Male"
"6018403",371836,2025-05-28 10:30:59,43.357608795166,-8.84417343139648,"Male"
"6018403",371836,2025-05-28 10:35:32,43.3572006225586,-8.84504318237305,"Male"
"6018403",371836,2025-05-28 10:40:34,43.3576278686523,-8.84434986114502,"Male"
"6018403",371836,2025-05-28 10:45:34,43.3576011657715,-8.84419345855713,"Male"
"6018403",371836,2025-05-28 10:50:32,43.3575439453125,-8.8441743850708,"Male"
"6018403",371836,2025-05-28 10:55:32,43.3575897216797,-8.84414577484131,"Male"
"6018403",371836,2025-05-28 11:00:40,43.3576202392578,-8.84419918060303,"Male"
"6018403",371836,2025-05-28 11:05:27,43.3416519165039,-8.84927845001221,"Male"
"6018403",371836,2025-05-28 11:10:27,43.3141632080078,-8.85701560974121,"Male"
"6018403",371836,2025-05-28 11:15:30,43.3142585754395,-8.85709571838379,"Male"
"6018403",371836,2025-05-28 11:20:32,43.3143844604492,-8.85706520080566,"Male"
"6018403",371836,2025-05-28 11:25:30,43.3144607543945,-8.85709762573242,"Male"
"6018403",371836,2025-05-28 11:30:34,43.3150825500488,-8.85730838775635,"Male"
"6018403",371836,2025-05-28 11:35:32,43.3148498535156,-8.85730266571045,"Male"
"6018403",371836,2025-05-28 11:40:29,43.3150291442871,-8.8571891784668,"Male"
"6018403",371836,2025-05-28 11:45:36,43.3149719238281,-8.8572998046875,"Male"
"6018403",371836,2025-05-28 11:50:40,43.3148956298828,-8.85713863372803,"Male"
"6018403",371836,2025-05-28 11:55:59,43.3143196105957,-8.85681056976318,"Male"
"6018403",371836,2025-05-28 12:00:27,43.3144569396973,-8.85709667205811,"Male"
"6018403",371836,2025-05-28 12:05:29,43.3383941650391,-8.85137939453125,"Male"
"6018403",371836,2025-05-28 12:10:29,43.3575553894043,-8.84436988830566,"Male"
"6018403",371836,2025-05-28 12:15:36,43.3576774597168,-8.84415435791016,"Male"
"6018403",371836,2025-05-28 12:20:30,43.3576354980469,-8.84432411193848,"Male"
"6018403",371836,2025-05-28 12:25:32,43.3576126098633,-8.84419441223145,"Male"
"6018403",371836,2025-05-28 12:30:31,43.3576583862305,-8.84416007995605,"Male"
"6018403",371836,2025-05-28 12:35:28,43.3576431274414,-8.84408187866211,"Male"
"6018403",371836,2025-05-28 12:40:30,43.3576049804688,-8.84430599212646,"Male"
"6018403",371836,2025-05-28 12:45:34,43.3576011657715,-8.84415245056152,"Male"
"6018403",371836,2025-05-28 12:50:27,43.3576202392578,-8.84407520294189,"Male"
"6018403",371836,2025-05-28 12:55:28,43.3575553894043,-8.84408378601074,"Male"
"6018403",371836,2025-05-28 13:00:27,43.357593536377,-8.84411334991455,"Male"
"6018403",371836,2025-05-28 13:05:28,43.3575592041016,-8.84424686431885,"Male"
"6018403",371836,2025-05-28 13:10:33,43.3576126098633,-8.844162940979,"Male"
"6018403",371836,2025-05-28 13:15:31,43.357593536377,-8.84424495697021,"Male"
"6018403",371836,2025-05-28 13:20:34,43.3575859069824,-8.84414100646973,"Male"
"6018403",371836,2025-05-28 13:25:28,43.3575973510742,-8.84436416625977,"Male"
"6018403",371836,2025-05-28 13:30:28,43.3575744628906,-8.84422397613525,"Male"
"6018403",371836,2025-05-28 13:35:28,43.3575439453125,-8.84421825408936,"Male"
"6018403",371836,2025-05-28 13:40:31,43.3576240539551,-8.84416389465332,"Male"
"6018403",371836,2025-05-28 13:45:28,43.3576126098633,-8.84428119659424,"Male"
"6018403",371836,2025-05-28 13:50:29,43.3575706481934,-8.84424781799316,"Male"
"6018403",371836,2025-05-28 13:55:31,43.357593536377,-8.8441743850708,"Male"
"6018403",371836,2025-05-28 14:00:39,43.3576202392578,-8.84419727325439,"Male"
"6018403",371836,2025-05-28 14:05:37,43.3652458190918,-8.85768222808838,"Male"
"6018403",371836,2025-05-28 14:10:40,43.3846244812012,-8.89951801300049,"Male"
"6018403",371836,2025-05-28 14:15:40,43.4046478271484,-8.92899131774902,"Male"
"6018403",371836,2025-05-28 14:20:59,43.4191284179688,-8.97572135925293,"Male"
"6018403",371836,2025-05-28 14:26:36,43.4254455566406,-9.03173065185547,"Male"
"6018403",371836,2025-05-28 14:30:44,43.4281616210938,-9.07549667358398,"Male"
"6018403",371836,2025-05-28 14:35:30,43.4276084899902,-9.12818622589111,"Male"
"6018403",371836,2025-05-28 14:40:30,43.4354019165039,-9.14167976379395,"Male"
"6018403",371836,2025-05-28 14:45:34,43.4423446655273,-9.16412258148193,"Male"
"6018403",371836,2025-05-28 14:50:57,43.4419555664062,-9.165602684021,"Male"
"6018403",371836,2025-05-28 14:55:28,43.4417686462402,-9.16695690155029,"Male"
"6018403",371836,2025-05-28 15:00:28,43.4415054321289,-9.16857051849365,"Male"
"6018403",371836,2025-05-28 15:05:31,43.4417877197266,-9.17014980316162,"Male"
"6018403",371836,2025-05-28 15:10:27,43.434326171875,-9.1854829788208,"Male"
"6018403",371836,2025-05-28 15:15:27,43.4151229858398,-9.19444465637207,"Male"
"6018403",371836,2025-05-28 15:20:27,43.4126472473145,-9.20566654205322,"Male"
"6018403",371836,2025-05-28 15:25:29,43.4126167297363,-9.20749092102051,"Male"
"6018403",371836,2025-05-28 15:30:27,43.4125213623047,-9.2094898223877,"Male"
"6018403",371836,2025-05-28 15:35:27,43.4126167297363,-9.21149826049805,"Male"
"6018403",371836,2025-05-28 15:40:28,43.4152412414551,-9.20160484313965,"Male"
"6018403",371836,2025-05-28 15:45:27,43.4298782348633,-9.19053649902344,"Male"
"6018403",371836,2025-05-28 15:50:27,43.4422492980957,-9.21545791625977,"Male"
"6018403",371836,2025-05-28 15:55:27,43.4473724365234,-9.2286491394043,"Male"
"6018403",371836,2025-05-28 16:00:27,43.4593849182129,-9.25146579742432,"Male"
"6018403",371836,2025-05-28 16:05:27,43.4680519104004,-9.23101329803467,"Male"
"6018403",371836,2025-05-28 16:10:34,43.4810447692871,-9.21181678771973,"Male"
"6018403",371836,2025-05-28 16:15:27,43.4869079589844,-9.20315456390381,"Male"
"6018403",371836,2025-05-28 16:20:27,43.4919357299805,-9.19146919250488,"Male"
"6018403",371836,2025-05-28 16:25:28,43.5000076293945,-9.16503047943115,"Male"
"6018403",371836,2025-05-28 16:30:28,43.5013961791992,-9.14627265930176,"Male"
"6018403",371836,2025-05-28 16:35:31,43.5011672973633,-9.14694881439209,"Male"
"6018403",371836,2025-05-28 16:40:29,43.5010185241699,-9.14733982086182,"Male"
"6018403",371836,2025-05-28 16:45:34,43.5006942749023,-9.1477689743042,"Male"
"6018403",371836,2025-05-28 16:50:36,43.5006561279297,-9.14872932434082,"Male"
"6018403",371836,2025-05-28 16:55:47,43.5000343322754,-9.14892768859863,"Male"
"6018403",371836,2025-05-28 17:00:33,43.4860343933105,-9.11959743499756,"Male"
"6018403",371836,2025-05-28 17:05:28,43.468692779541,-9.08818435668945,"Male"
"6018403",371836,2025-05-28 17:10:41,43.4514694213867,-9.05085754394531,"Male"
"6018403",371836,2025-05-28 17:15:47,43.4293060302734,-9.01798057556152,"Male"
"6018403",371836,2025-05-28 17:21:09,43.4157295227051,-8.9824914932251,"Male"
"6018403",371836,2025-05-28 17:25:44,43.4012336730957,-8.95076084136963,"Male"
"6018403",371836,2025-05-28 17:30:36,43.3860931396484,-8.91567325592041,"Male"
"6018403",371836,2025-05-28 17:35:36,43.367073059082,-8.88237380981445,"Male"
"6018403",371836,2025-05-28 17:41:05,43.3607940673828,-8.84743118286133,"Male"
"6018403",371836,2025-05-28 17:45:33,43.3581314086914,-8.84483814239502,"Male"
"6018403",371836,2025-05-28 17:50:30,43.3575897216797,-8.84407329559326,"Male"
"6018403",371836,2025-05-28 17:55:31,43.357738494873,-8.84416770935059,"Male"
"6018403",371836,2025-05-28 18:00:40,43.3576965332031,-8.84416103363037,"Male"
"6018403",371836,2025-05-28 18:05:31,43.3576240539551,-8.84410858154297,"Male"
"6018403",371836,2025-05-28 18:10:28,43.3578491210938,-8.84471321105957,"Male"
"6018403",371836,2025-05-28 18:15:35,43.3576278686523,-8.84418201446533,"Male"
"6018403",371836,2025-05-28 18:20:34,43.3576812744141,-8.84418487548828,"Male"
"6018403",371836,2025-05-28 18:25:33,43.357666015625,-8.8439359664917,"Male"
"6018403",371836,2025-05-28 18:30:43,43.3575744628906,-8.84409713745117,"Male"
"6018403",371836,2025-05-28 18:35:33,43.3576049804688,-8.84415435791016,"Male"
"6018403",371836,2025-05-28 18:40:33,43.3575553894043,-8.84401988983154,"Male"
"6018403",371836,2025-05-28 18:45:44,43.3576545715332,-8.8441219329834,"Male"
"6018403",371836,2025-05-28 18:50:37,43.3575668334961,-8.84404945373535,"Male"
"6018403",371836,2025-05-28 18:55:36,43.3576240539551,-8.84411430358887,"Male"
"6018403",371836,2025-05-28 19:00:36,43.3575897216797,-8.84413051605225,"Male"
"6018403",371836,2025-05-28 19:05:36,43.3576354980469,-8.84401798248291,"Male"
"6018403",371836,2025-05-28 19:10:44,43.357551574707,-8.84407615661621,"Male"
"6018403",371836,2025-05-28 19:15:27,43.3575668334961,-8.84405994415283,"Male"
"6018403",371836,2025-05-28 19:20:27,43.3575897216797,-8.84405708312988,"Male"
"6018403",371836,2025-05-28 19:25:30,43.3576278686523,-8.84418392181396,"Male"
"6018403",371836,2025-05-28 19:30:27,43.3576889038086,-8.84423351287842,"Male"
"6018403",371836,2025-05-28 19:35:30,43.3576240539551,-8.84419727325439,"Male"
"6018403",371836,2025-05-28 19:40:31,43.3576812744141,-8.84412860870361,"Male"
"6018403",371836,2025-05-28 19:45:45,43.3576507568359,-8.84394931793213,"Male"
"6018403",371836,2025-05-28 19:50:31,43.3575744628906,-8.84391212463379,"Male"
"6018403",371836,2025-05-28 19:55:34,43.3575248718262,-8.84397792816162,"Male"
"6018403",371836,2025-05-28 20:00:31,43.3576011657715,-8.84401035308838,"Male"
"6018403",371836,2025-05-28 20:05:30,43.3575859069824,-8.84411239624023,"Male"
"6018403",371836,2025-05-28 20:10:36,43.3574142456055,-8.84366798400879,"Male"
"6018403",371836,2025-05-28 20:15:45,43.3575592041016,-8.84412479400635,"Male"
"6018403",371836,2025-05-28 20:20:34,43.3574676513672,-8.84395122528076,"Male"
"6018403",371836,2025-05-28 20:25:36,43.3575630187988,-8.84407424926758,"Male"
"6018403",371836,2025-05-28 20:30:41,43.3575668334961,-8.84399700164795,"Male"
"6018403",371836,2025-05-28 20:35:30,43.3575973510742,-8.84401607513428,"Male"
"6018403",371836,2025-05-28 20:40:33,43.3575706481934,-8.8440408706665,"Male"
"6018403",371836,2025-05-28 20:45:36,43.3576431274414,-8.84398555755615,"Male"
"6018403",371836,2025-05-28 20:50:59,43.3576393127441,-8.84408950805664,"Male"
"6018403",371836,2025-05-28 20:55:27,43.3576393127441,-8.8441276550293,"Male"
"6018403",371836,2025-05-28 21:00:27,43.3576354980469,-8.84403514862061,"Male"
"6018403",371836,2025-05-28 21:05:27,43.3577117919922,-8.84396266937256,"Male"
"6018403",371836,2025-05-28 21:10:28,43.3576316833496,-8.84409046173096,"Male"
"6018403",371836,2025-05-28 21:15:28,43.3578186035156,-8.84392261505127,"Male"
"6018403",371836,2025-05-28 21:20:27,43.3577690124512,-8.84396457672119,"Male"
"6018403",371836,2025-05-28 21:25:33,43.3575668334961,-8.84411430358887,"Male"
"6018403",371836,2025-05-28 21:30:31,43.357608795166,-8.84406185150146,"Male"
"6018403",371836,2025-05-28 21:35:44,43.357608795166,-8.84405994415283,"Male"
"6018403",371836,2025-05-28 21:40:27,43.3575820922852,-8.84408855438232,"Male"
"6018403",371836,2025-05-28 21:45:30,43.357593536377,-8.84410762786865,"Male"
"6018403",371836,2025-05-28 21:50:30,43.3575897216797,-8.84413909912109,"Male"
"6018403",371836,2025-05-28 21:55:33,43.3576202392578,-8.84400177001953,"Male"
"6018403",371836,2025-05-28 22:00:37,43.3574447631836,-8.8443489074707,"Male"
"6018403",371836,2025-05-28 22:05:31,43.3575897216797,-8.84406852722168,"Male"
"6018403",371836,2025-05-28 22:10:43,43.3576927185059,-8.84403896331787,"Male"
"6018403",371836,2025-05-28 22:15:34,43.3576240539551,-8.84405994415283,"Male"
"6018403",371836,2025-05-28 22:20:34,43.3577346801758,-8.84422206878662,"Male"
"6018403",371836,2025-05-28 22:25:33,43.3576736450195,-8.84406089782715,"Male"
"6018403",371836,2025-05-28 22:30:44,43.3576622009277,-8.84403419494629,"Male"
"6018403",371836,2025-05-28 22:35:41,43.3576545715332,-8.84409809112549,"Male"
"6018403",371836,2025-05-28 22:40:44,43.3576316833496,-8.84414291381836,"Male"
"6018403",371836,2025-05-28 22:45:59,43.3576583862305,-8.84407520294189,"Male"
"6018403",371836,2025-05-28 22:50:30,43.3576736450195,-8.84404754638672,"Male"
"6018403",371836,2025-05-28 22:55:33,43.3576583862305,-8.84409236907959,"Male"
"6018403",371836,2025-05-28 23:00:30,43.3576507568359,-8.8441047668457,"Male"
"6018403",371836,2025-05-28 23:05:27,43.3577308654785,-8.84427356719971,"Male"
"6018403",371836,2025-05-28 23:10:31,43.3575286865234,-8.84401798248291,"Male"
"6018403",371836,2025-05-28 23:15:33,43.3575286865234,-8.84399604797363,"Male"
"6018403",371836,2025-05-28 23:20:35,43.3576049804688,-8.84403038024902,"Male"
"6018403",371836,2025-05-28 23:25:30,43.357551574707,-8.84407424926758,"Male"
"6018403",371836,2025-05-28 23:30:44,43.3576316833496,-8.84407138824463,"Male"
"6018403",371836,2025-05-28 23:35:27,43.3575477600098,-8.84414482116699,"Male"
"6018403",371836,2025-05-28 23:40:27,43.3575325012207,-8.84411907196045,"Male"
"6018403",371836,2025-05-28 23:45:31,43.3575134277344,-8.84397220611572,"Male"
"6018403",371836,2025-05-28 23:50:28,43.3576164245605,-8.84412956237793,"Male"
"6018403",371836,2025-05-28 23:55:28,43.3575553894043,-8.84386253356934,"Male"
"6018403",371836,2025-05-29 00:00:31,43.357593536377,-8.84389877319336,"Male"
"6018403",371836,2025-05-29 00:05:27,43.3576393127441,-8.84403991699219,"Male"
"6018403",371836,2025-05-29 00:10:28,43.357608795166,-8.84398174285889,"Male"
"6018403",371836,2025-05-29 00:15:30,43.3576011657715,-8.84413146972656,"Male"
"6018403",371836,2025-05-29 00:20:29,43.3576126098633,-8.84409713745117,"Male"
"6018403",371836,2025-05-29 00:25:29,43.3576812744141,-8.84402370452881,"Male"
"6018403",371836,2025-05-29 00:30:30,43.3575668334961,-8.8443489074707,"Male"
"6018403",371836,2025-05-29 00:35:30,43.3575668334961,-8.84448909759521,"Male"
"6018403",371836,2025-05-29 00:40:36,43.3575897216797,-8.84397029876709,"Male"
"6018403",371836,2025-05-29 00:45:59,43.3575859069824,-8.84404468536377,"Male"
"6018403",371836,2025-05-29 00:50:27,43.3575973510742,-8.84406089782715,"Male"
"6018403",371836,2025-05-29 00:55:27,43.3576698303223,-8.8441333770752,"Male"
"6018403",371836,2025-05-29 01:00:28,43.3576049804688,-8.84410953521729,"Male"
"6018403",371836,2025-05-29 01:05:27,43.3576469421387,-8.84407901763916,"Male"
"6018403",371836,2025-05-29 01:10:27,43.3576622009277,-8.84409332275391,"Male"
"6018403",371836,2025-05-29 01:15:27,43.3576583862305,-8.84407901763916,"Male"
"6018403",371836,2025-05-29 01:20:28,43.3576469421387,-8.84408760070801,"Male"
"6018403",371836,2025-05-29 01:25:28,43.3576431274414,-8.84411907196045,"Male"
"6018403",371836,2025-05-29 01:30:27,43.3575592041016,-8.84415817260742,"Male"
"6018403",371836,2025-05-29 01:35:29,43.3576393127441,-8.84410762786865,"Male"
"6018403",371836,2025-05-29 01:40:27,43.3576812744141,-8.84413051605225,"Male"
"6018403",371836,2025-05-29 01:45:29,43.3576393127441,-8.844162940979,"Male"
"6018403",371836,2025-05-29 01:50:30,43.3576431274414,-8.84419345855713,"Male"
"6018403",371836,2025-05-29 01:55:31,43.3575439453125,-8.84406280517578,"Male"
"6018403",371836,2025-05-29 02:00:27,43.3576316833496,-8.84412002563477,"Male"
"6018403",371836,2025-05-29 02:05:28,43.3577728271484,-8.84411907196045,"Male"
"6018403",371836,2025-05-29 02:10:28,43.3576889038086,-8.84412956237793,"Male"
"6018403",371836,2025-05-29 02:15:30,43.3577003479004,-8.84421253204346,"Male"
"6018403",371836,2025-05-29 02:20:27,43.3577499389648,-8.84415435791016,"Male"
"6018403",371836,2025-05-29 02:25:28,43.3577461242676,-8.84415912628174,"Male"
"6018403",371836,2025-05-29 02:30:33,43.3576240539551,-8.84417152404785,"Male"
"6018403",371836,2025-05-29 02:35:28,43.3576431274414,-8.84420680999756,"Male"
"6018403",371836,2025-05-29 02:40:33,43.3575630187988,-8.84398365020752,"Male"
"6018403",371836,2025-05-29 02:45:40,43.3576393127441,-8.84411811828613,"Male"
"6018403",371836,2025-05-29 02:50:27,43.3575248718262,-8.8438138961792,"Male"
"6018403",371836,2025-05-29 02:55:37,43.3576316833496,-8.84406757354736,"Male"
"6018403",371836,2025-05-29 03:00:33,43.3576469421387,-8.84406852722168,"Male"
"6018403",371836,2025-05-29 03:05:27,43.3575019836426,-8.84382438659668,"Male"
"6018403",371836,2025-05-29 03:10:33,43.3576507568359,-8.84416484832764,"Male"
"6018403",371836,2025-05-29 03:15:28,43.3577651977539,-8.84395408630371,"Male"
"6018403",371836,2025-05-29 03:20:27,43.3577423095703,-8.84426307678223,"Male"
"6018403",371836,2025-05-29 03:25:33,43.3577156066895,-8.84401416778564,"Male"
"6018403",371836,2025-05-29 03:30:44,43.3579368591309,-8.84409809112549,"Male"
"6018403",371836,2025-05-29 03:35:28,43.3577613830566,-8.84437465667725,"Male"
"6018403",371836,2025-05-29 03:40:37,43.357349395752,-8.84406089782715,"Male"
"6018403",371836,2025-05-29 03:45:28,43.3578071594238,-8.8447904586792,"Male"
"6018403",371836,2025-05-29 03:50:59,43.3575859069824,-8.84415531158447,"Male"
"6018403",371836,2025-05-29 03:55:27,43.3575592041016,-8.84386157989502,"Male"
"6018403",371836,2025-05-29 04:00:31,43.3575210571289,-8.84415245056152,"Male"
"6018403",371836,2025-05-29 04:05:33,43.3576354980469,-8.84406185150146,"Male"
"6018403",371836,2025-05-29 04:10:37,43.3576011657715,-8.84428215026855,"Male"
"6018403",371836,2025-05-29 04:15:44,43.3575401306152,-8.84408569335938,"Male"
"6018403",371836,2025-05-29 04:20:30,43.3572463989258,-8.84384918212891,"Male"
"6018403",371836,2025-05-29 04:25:38,43.3576393127441,-8.84412574768066,"Male"
"6018403",371836,2025-05-29 04:30:36,43.3575630187988,-8.84407615661621,"Male"
"6018403",371836,2025-05-29 04:35:36,43.3573226928711,-8.84385681152344,"Male"
"6018403",371836,2025-05-29 04:40:36,43.3575706481934,-8.84408187866211,"Male"
"6018403",371836,2025-05-29 04:45:59,43.3576354980469,-8.84455299377441,"Male"
"6018403",371836,2025-05-29 04:50:29,43.3576622009277,-8.84406280517578,"Male"
"6018403",371836,2025-05-29 04:55:28,43.3577919006348,-8.84409427642822,"Male"
"6018403",371836,2025-05-29 05:00:28,43.3575096130371,-8.8439245223999,"Male"
"6018403",371836,2025-05-29 05:05:34,43.3576393127441,-8.84405040740967,"Male"
"6018403",371836,2025-05-29 05:10:30,43.3576927185059,-8.84411716461182,"Male"
"6018403",371836,2025-05-29 05:15:38,43.3577117919922,-8.84405708312988,"Male"
"6018403",371836,2025-05-29 05:20:36,43.3576622009277,-8.84407234191895,"Male"
"6018403",371836,2025-05-29 05:25:29,43.3577766418457,-8.84410095214844,"Male"
"6018403",371836,2025-05-29 05:30:36,43.3577575683594,-8.8440523147583,"Male"
"6018403",371836,2025-05-29 05:35:36,43.3577766418457,-8.84405708312988,"Male"
"6018403",371836,2025-05-29 05:40:36,43.3579368591309,-8.84417819976807,"Male"
"6018403",371836,2025-05-29 05:45:37,43.3580474853516,-8.84415245056152,"Male"
"6018403",371836,2025-05-29 05:51:05,43.3576316833496,-8.84411907196045,"Male"
"6018403",371836,2025-05-29 05:55:34,43.3576049804688,-8.84411430358887,"Male"
"6018403",371836,2025-05-29 06:00:59,43.3576698303223,-8.8442268371582,"Male"
"6018403",371836,2025-05-29 06:06:01,43.3575820922852,-8.844162940979,"Male"
"6018403",371836,2025-05-29 06:10:31,43.357593536377,-8.84412574768066,"Male"
"6018403",371836,2025-05-29 06:15:30,43.3575096130371,-8.84411716461182,"Male"
"6018403",371836,2025-05-29 06:20:33,43.3575325012207,-8.84405517578125,"Male"
"6018403",371836,2025-05-29 06:25:28,43.3575439453125,-8.84416770935059,"Male"
"6018403",371836,2025-05-29 06:30:27,43.3576202392578,-8.84420585632324,"Male"
"6018403",371836,2025-05-29 06:35:31,43.3575897216797,-8.8441743850708,"Male"
"6018403",371836,2025-05-29 06:40:29,43.3574829101562,-8.84406852722168,"Male"
"6018403",371836,2025-05-29 06:45:36,43.3574295043945,-8.84416389465332,"Male"
"6018403",371836,2025-05-29 06:50:28,43.3575897216797,-8.84417247772217,"Male"
"6018403",371836,2025-05-29 06:55:29,43.357982635498,-8.8443489074707,"Male"
"6018403",371836,2025-05-29 07:00:28,43.3575820922852,-8.84385776519775,"Male"
"6018403",371836,2025-05-29 07:05:35,43.3575172424316,-8.84396553039551,"Male"
"6018403",371836,2025-05-29 07:10:29,43.357608795166,-8.84400272369385,"Male"
"6018403",371836,2025-05-29 07:15:31,43.3574600219727,-8.84402084350586,"Male"
"6018403",371836,2025-05-29 07:20:30,43.3576240539551,-8.84404563903809,"Male"
"6018403",371836,2025-05-29 07:25:44,43.3575477600098,-8.84410762786865,"Male"
"6018403",371836,2025-05-29 07:30:27,43.3575820922852,-8.84407520294189,"Male"
"6018403",371836,2025-05-29 07:35:30,43.3575401306152,-8.84393501281738,"Male"
"6018403",371836,2025-05-29 07:40:28,43.3575096130371,-8.84387397766113,"Male"
"6018403",371836,2025-05-29 07:45:59,43.3575134277344,-8.84401893615723,"Male"
"6018403",371836,2025-05-29 07:50:30,43.3577651977539,-8.84435749053955,"Male"
"6018403",371836,2025-05-29 07:55:34,43.3575630187988,-8.844069480896,"Male"
"6018403",371836,2025-05-29 08:00:29,43.3583450317383,-8.84491062164307,"Male"
"6018403",371836,2025-05-29 08:05:28,43.3578643798828,-8.84434223175049,"Male"
"6018403",371836,2025-05-29 08:10:28,43.3576278686523,-8.8441104888916,"Male"
"6018403",371836,2025-05-29 08:15:31,43.3576126098633,-8.84404754638672,"Male"
"6018403",371836,2025-05-29 08:20:28,43.3576965332031,-8.84423446655273,"Male"
"6018403",371836,2025-05-29 08:25:36,43.3576164245605,-8.84408092498779,"Male"
"6018403",371836,2025-05-29 08:30:31,43.3576278686523,-8.84408378601074,"Male"
"6018403",371836,2025-05-29 08:35:28,43.3575820922852,-8.84401035308838,"Male"
"6018403",371836,2025-05-29 08:40:36,43.3576431274414,-8.8440990447998,"Male"
"6018403",371836,2025-05-29 08:45:36,43.3576126098633,-8.84409332275391,"Male"
"6018403",371836,2025-05-29 08:50:38,43.3576469421387,-8.84410762786865,"Male"
"6018403",371836,2025-05-29 08:55:33,43.3576240539551,-8.844162940979,"Male"
"6018403",371836,2025-05-29 09:00:31,43.3576049804688,-8.8440580368042,"Male"
"6018403",371836,2025-05-29 09:05:33,43.3576393127441,-8.84424114227295,"Male"
"6018403",371836,2025-05-29 09:10:34,43.3575134277344,-8.84411144256592,"Male"
"6018403",371836,2025-05-29 09:15:39,43.3575820922852,-8.84409427642822,"Male"
"6018403",371836,2025-05-29 09:20:38,43.357536315918,-8.84404850006104,"Male"
"6018403",371836,2025-05-29 09:25:59,43.3575668334961,-8.84411811828613,"Male"
"6018403",371836,2025-05-29 09:30:28,43.3573913574219,-8.84456443786621,"Male"
"6018403",371836,2025-05-29 09:35:28,43.3576393127441,-8.8439884185791,"Male"
"6018403",371836,2025-05-29 09:40:27,43.3596992492676,-8.84711456298828,"Male"
"6018403",371836,2025-05-29 09:45:27,43.3783988952637,-8.8834171295166,"Male"
"6018403",371836,2025-05-29 09:50:27,43.3992919921875,-8.91616630554199,"Male"
"6018403",371836,2025-05-29 09:55:28,43.4151344299316,-8.95808887481689,"Male"
"6018403",371836,2025-05-29 10:00:28,43.4253349304199,-9.00339317321777,"Male"
"6018403",371836,2025-05-29 10:05:29,43.4208068847656,-9.01352596282959,"Male"
"6018403",371836,2025-05-29 10:10:31,43.4204978942871,-9.01541519165039,"Male"
"6018403",371836,2025-05-29 10:15:29,43.4199256896973,-9.01698684692383,"Male"
"6018403",371836,2025-05-29 10:20:29,43.4192161560059,-9.01854228973389,"Male"
"6018403",371836,2025-05-29 10:25:30,43.4185523986816,-9.02031421661377,"Male"
"6018403",371836,2025-05-29 10:30:30,43.4162483215332,-9.0177173614502,"Male"
"6018403",371836,2025-05-29 10:35:29,43.3968734741211,-8.97830200195312,"Male"
"6018403",371836,2025-05-29 10:40:29,43.379638671875,-8.93507766723633,"Male"
"6018403",371836,2025-05-29 10:45:33,43.3667526245117,-8.89232540130615,"Male"
"6018403",371836,2025-05-29 10:50:29,43.3597259521484,-8.85234642028809,"Male"
"6018403",371836,2025-05-29 10:55:44,43.357551574707,-8.84444332122803,"Male"
"6018403",371836,2025-05-29 11:00:35,43.3575630187988,-8.84449863433838,"Male"
"6018403",371836,2025-05-29 11:05:38,43.3576698303223,-8.84446430206299,"Male"
"6018403",371836,2025-05-29 11:10:27,43.3577041625977,-8.84429740905762,"Male"
"6018403",371836,2025-05-29 11:15:34,43.3573913574219,-8.84446144104004,"Male"
"6018403",371836,2025-05-29 11:20:33,43.3577270507812,-8.84459114074707,"Male"
"6018403",371836,2025-05-29 11:26:12,43.3575553894043,-8.84441184997559,"Male"
"6018403",371836,2025-05-29 11:30:34,43.357479095459,-8.84459400177002,"Male"
"6018403",371836,2025-05-29 11:35:30,43.3568153381348,-8.84530162811279,"Male"
"6018403",371836,2025-05-29 11:40:44,43.3576316833496,-8.84477138519287,"Male"
"6018403",371836,2025-05-29 11:45:34,43.3580703735352,-8.84488964080811,"Male"
"6018403",371836,2025-05-29 11:50:31,43.3574409484863,-8.8440408706665,"Male"
"6018403",371836,2025-05-29 11:55:33,43.3577079772949,-8.8441686630249,"Male"
"6018403",371836,2025-05-29 12:00:36,43.3581199645996,-8.84422016143799,"Male"
"6018403",371836,2025-05-29 12:05:36,43.357723236084,-8.84414482116699,"Male"
"6018403",371836,2025-05-29 12:10:36,43.357723236084,-8.84415721893311,"Male"
"6018403",371836,2025-05-29 12:15:36,43.3574600219727,-8.84465408325195,"Male"
"6018403",371836,2025-05-29 12:20:36,43.3573303222656,-8.84383964538574,"Male"
"6018403",371836,2025-05-29 12:25:33,43.3574523925781,-8.84407520294189,"Male"
"6018403",371836,2025-05-29 12:30:59,43.3576011657715,-8.84405612945557,"Male"
"6018403",371836,2025-05-29 12:35:31,43.3576431274414,-8.84405994415283,"Male"
"6018403",371836,2025-05-29 12:40:30,43.3576545715332,-8.84401416778564,"Male"
"6018403",371836,2025-05-29 12:45:28,43.3576850891113,-8.84403991699219,"Male"
"6018403",371836,2025-05-29 12:50:36,43.3576202392578,-8.84398746490479,"Male"
"6018403",371836,2025-05-29 12:55:29,43.3575973510742,-8.8438835144043,"Male"
"6018403",371836,2025-05-29 13:00:38,43.3576316833496,-8.84397220611572,"Male"
"6018403",371836,2025-05-29 13:05:44,43.3577308654785,-8.84429264068604,"Male"
"6018403",371836,2025-05-29 13:10:29,43.3579254150391,-8.84427833557129,"Male"
"6018403",371836,2025-05-29 13:15:28,43.3577613830566,-8.84403324127197,"Male"
"6018403",371836,2025-05-29 13:20:34,43.3576431274414,-8.84377670288086,"Male"
"6018403",371836,2025-05-29 13:25:28,43.3576393127441,-8.84372997283936,"Male"
"6018403",371836,2025-05-29 13:30:37,43.3577041625977,-8.84381198883057,"Male"
"6018403",371836,2025-05-29 13:35:35,43.3572425842285,-8.84311866760254,"Male"
"6018403",371836,2025-05-29 13:40:45,43.3578453063965,-8.84334850311279,"Male"
"6018403",371836,2025-05-29 13:45:59,43.3578147888184,-8.8453369140625,"Male"
"6018403",371836,2025-05-29 13:50:45,43.3578033447266,-8.84538650512695,"Male"
"6018403",371836,2025-05-29 13:55:34,43.3577842712402,-8.84558391571045,"Male"
"6018403",371836,2025-05-29 14:01:00,43.3570213317871,-8.84429264068604,"Male"
"6018403",371836,2025-05-29 14:05:36,43.3569221496582,-8.84449195861816,"Male"
"6018403",371836,2025-05-29 14:10:36,43.3569526672363,-8.84453105926514,"Male"
"6018403",371836,2025-05-29 14:15:36,43.3570137023926,-8.84465217590332,"Male"
"6018403",371836,2025-05-29 14:20:47,43.35693359375,-8.84475326538086,"Male"
"6018403",371836,2025-05-29 14:25:59,43.3580131530762,-8.84444999694824,"Male"
"6018403",371836,2025-05-29 14:31:05,43.3579902648926,-8.84404850006104,"Male"
"6018403",371836,2025-05-29 14:35:30,43.3576011657715,-8.84453964233398,"Male"
"6018403",371836,2025-05-29 14:40:30,43.3581314086914,-8.84381866455078,"Male"
"6018403",371836,2025-05-29 14:45:31,43.3578720092773,-8.84435272216797,"Male"
"6018403",371836,2025-05-29 14:50:27,43.3579139709473,-8.8439884185791,"Male"
"6018403",371836,2025-05-29 14:55:31,43.3577575683594,-8.84380531311035,"Male"
"6018403",371836,2025-05-29 15:00:29,43.3577842712402,-8.84378623962402,"Male"
"6018403",371836,2025-05-29 15:05:27,43.3575973510742,-8.84417629241943,"Male"
"6018403",371836,2025-05-29 15:10:32,43.3576126098633,-8.84404945373535,"Male"
"6018403",371836,2025-05-29 15:15:30,43.357593536377,-8.84409713745117,"Male"
"6018403",371836,2025-05-29 15:20:31,43.3575897216797,-8.84408855438232,"Male"
"6018403",371836,2025-05-29 15:25:29,43.3575172424316,-8.84401512145996,"Male"
"6018403",371836,2025-05-29 15:30:28,43.3574256896973,-8.84407997131348,"Male"
"6018403",371836,2025-05-29 15:35:27,43.3577728271484,-8.84503555297852,"Male"
"6018403",371836,2025-05-29 15:40:27,43.3578071594238,-8.84501457214355,"Male"
"6018403",371836,2025-05-29 15:45:28,43.3575401306152,-8.84403610229492,"Male"
"6018403",371836,2025-05-29 15:50:27,43.357536315918,-8.84402751922607,"Male"
"6018403",371836,2025-05-29 15:55:28,43.3575401306152,-8.84413719177246,"Male"
"6018403",371836,2025-05-29 16:00:45,43.3577156066895,-8.84489059448242,"Male"
"6018403",371836,2025-05-29 16:05:37,43.3579177856445,-8.84500217437744,"Male"
"6018403",371836,2025-05-29 16:10:27,43.3610763549805,-8.84781837463379,"Male"
"6018403",371836,2025-05-29 16:15:34,43.3576316833496,-8.84408950805664,"Male"
"6018403",371836,2025-05-29 16:20:31,43.357536315918,-8.84403133392334,"Male"
"6018403",371836,2025-05-29 16:25:31,43.3575973510742,-8.84403610229492,"Male"
"6018403",371836,2025-05-29 16:30:27,43.3578300476074,-8.84529495239258,"Male"
"6018403",371836,2025-05-29 16:35:30,43.3575592041016,-8.84405040740967,"Male"
"6018403",371836,2025-05-29 16:40:39,43.3575553894043,-8.84404850006104,"Male"
"6018403",371836,2025-05-29 16:45:42,43.3575401306152,-8.84410285949707,"Male"
"6018403",371836,2025-05-29 16:50:30,43.3574829101562,-8.84408664703369,"Male"
"6018403",371836,2025-05-29 16:55:29,43.3573379516602,-8.84393310546875,"Male"
"6018403",371836,2025-05-29 17:00:33,43.357349395752,-8.84391593933105,"Male"
"6018403",371836,2025-05-29 17:05:33,43.3575248718262,-8.84406661987305,"Male"
"6018403",371836,2025-05-29 17:10:35,43.3575820922852,-8.84412479400635,"Male"
"6018403",371836,2025-05-29 17:15:40,43.3698310852051,-8.86355972290039,"Male"
"6018403",371836,2025-05-29 17:20:37,43.3841018676758,-8.90595149993896,"Male"
"6018403",371836,2025-05-29 17:25:44,43.3976821899414,-8.95347118377686,"Male"
"6018403",371836,2025-05-29 17:31:14,43.4136009216309,-9.00562381744385,"Male"
"6018403",371836,2025-05-29 17:35:36,43.4061126708984,-9.05397987365723,"Male"
"6018403",371836,2025-05-29 17:40:31,43.4133529663086,-9.09933853149414,"Male"
"6018403",371836,2025-05-29 17:45:28,43.4095191955566,-9.15311717987061,"Male"
"6018403",371836,2025-05-29 17:50:29,43.4166679382324,-9.1989278793335,"Male"
"6018403",371836,2025-05-29 17:55:35,43.4195022583008,-9.19374370574951,"Male"
"6018403",371836,2025-05-29 18:01:05,43.3975868225098,-9.20962810516357,"Male"
"6018403",371836,2025-05-29 18:05:28,43.3853454589844,-9.21300601959229,"Male"
"6018403",371836,2025-05-29 18:10:28,43.3858909606934,-9.21443176269531,"Male"
"6018403",371836,2025-05-29 18:15:27,43.381160736084,-9.21263217926025,"Male"
"6018403",371836,2025-05-29 18:20:28,43.3910980224609,-9.2121696472168,"Male"
"6018403",371836,2025-05-29 18:25:29,43.3958473205566,-9.19065189361572,"Male"
"6018403",371836,2025-05-29 18:30:28,43.3932685852051,-9.16691112518311,"Male"
"6018403",371836,2025-05-29 18:35:27,43.367015838623,-9.13679599761963,"Male"
"6018403",371836,2025-05-29 18:40:28,43.351619720459,-9.09838962554932,"Male"
"6018403",371836,2025-05-29 18:45:28,43.3468360900879,-9.05938529968262,"Male"
"6018403",371836,2025-05-29 18:50:27,43.3393478393555,-9.01949310302734,"Male"
"6018403",371836,2025-05-29 18:55:27,43.3417129516602,-8.98278331756592,"Male"
"6018403",371836,2025-05-29 19:00:27,43.3472709655762,-8.94663047790527,"Male"
"6018403",371836,2025-05-29 19:05:27,43.3549995422363,-8.91484355926514,"Male"
"6018403",371836,2025-05-29 19:10:28,43.3619270324707,-8.8791036605835,"Male"
"6018403",371836,2025-05-29 19:15:28,43.360668182373,-8.84718704223633,"Male"
"6018403",371836,2025-05-29 19:20:38,43.3577003479004,-8.8441219329834,"Male"
"6018403",371836,2025-05-29 19:25:42,43.357666015625,-8.84425258636475,"Male"
"6018403",371836,2025-05-29 19:30:30,43.357536315918,-8.84391593933105,"Male"
"6018403",371836,2025-05-29 19:35:41,43.3576469421387,-8.84410572052002,"Male"
"6018403",371836,2025-05-29 19:40:38,43.3576278686523,-8.84412002563477,"Male"
"6018403",371836,2025-05-29 19:45:37,43.3575630187988,-8.84410858154297,"Male"
"6018403",371836,2025-05-29 19:50:31,43.3575057983398,-8.84414958953857,"Male"
"6018403",371836,2025-05-29 19:55:33,43.3575668334961,-8.84410762786865,"Male"
"6018403",371836,2025-05-29 20:00:37,43.3575820922852,-8.84403896331787,"Male"
"6018403",371836,2025-05-29 20:05:42,43.3574905395508,-8.84397029876709,"Male"
"6018403",371836,2025-05-29 20:10:34,43.3576011657715,-8.84413528442383,"Male"
"6018403",371836,2025-05-29 20:15:44,43.3576507568359,-8.84399509429932,"Male"
"6018403",371836,2025-05-29 20:20:27,43.3576126098633,-8.8441047668457,"Male"
"6018403",371836,2025-05-29 20:25:35,43.3576583862305,-8.84410095214844,"Male"
"6018403",371836,2025-05-29 20:30:33,43.3577117919922,-8.84407424926758,"Male"
"6018403",371836,2025-05-29 20:35:29,43.357723236084,-8.84420299530029,"Male"
"6018403",371836,2025-05-29 20:40:30,43.3583641052246,-8.84456539154053,"Male"
"6018403",371836,2025-05-29 20:46:14,43.3576126098633,-8.8441162109375,"Male"
"6018403",371836,2025-05-29 20:50:33,43.3575706481934,-8.8438835144043,"Male"
"6018403",371836,2025-05-29 20:55:30,43.3575134277344,-8.84390068054199,"Male"
"6018403",371836,2025-05-29 21:00:37,43.3575706481934,-8.8439998626709,"Male"
"6018403",371836,2025-05-29 21:05:29,43.3576126098633,-8.84403419494629,"Male"
"6018403",371836,2025-05-29 21:10:33,43.3575897216797,-8.84400177001953,"Male"
"6018403",371836,2025-05-29 21:15:34,43.3575744628906,-8.84407043457031,"Male"
"6018403",371836,2025-05-29 21:20:33,43.3576622009277,-8.84413909912109,"Male"
"6018403",371836,2025-05-29 21:25:33,43.3575668334961,-8.84392261505127,"Male"
"6018403",371836,2025-05-29 21:30:59,43.3576393127441,-8.84407043457031,"Male"
"6018403",371836,2025-05-29 21:35:33,43.3576393127441,-8.84408187866211,"Male"
"6018403",371836,2025-05-29 21:40:36,43.3576278686523,-8.84413146972656,"Male"
"6018403",371836,2025-05-29 21:45:34,43.357593536377,-8.84409999847412,"Male"
"6018403",371836,2025-05-29 21:50:34,43.3576393127441,-8.84408950805664,"Male"
"6018403",371836,2025-05-29 21:55:37,43.3576431274414,-8.84408092498779,"Male"
"6018403",371836,2025-05-29 22:00:36,43.3576011657715,-8.84419631958008,"Male"
"6018403",371836,2025-05-29 22:05:36,43.3577041625977,-8.84414005279541,"Male"
"6018403",371836,2025-05-29 22:10:31,43.3576164245605,-8.84416389465332,"Male"
"6018403",371836,2025-05-29 22:15:31,43.3575706481934,-8.84417343139648,"Male"
"6018403",371836,2025-05-29 22:20:34,43.357608795166,-8.84414482116699,"Male"
"6018403",371836,2025-05-29 22:25:29,43.3577499389648,-8.84445858001709,"Male"
"6018403",371836,2025-05-29 22:30:36,43.3575744628906,-8.84405612945557,"Male"
"6018403",371836,2025-05-29 22:35:35,43.3575973510742,-8.84413146972656,"Male"
"6018403",371836,2025-05-29 22:40:55,43.3575668334961,-8.844069480896,"Male"
"6018403",371836,2025-05-29 22:45:27,43.3575325012207,-8.84411334991455,"Male"
"6018403",371836,2025-05-29 22:50:31,43.357494354248,-8.84408569335938,"Male"
"6018403",371836,2025-05-29 22:55:28,43.357479095459,-8.84388828277588,"Male"
"6018403",371836,2025-05-29 23:00:36,43.3574638366699,-8.84410953521729,"Male"
"6018403",371836,2025-05-29 23:05:31,43.3576126098633,-8.84412288665771,"Male"
"6018403",371836,2025-05-29 23:10:40,43.3575134277344,-8.84406757354736,"Male"
"6018403",371836,2025-05-29 23:15:36,43.3573265075684,-8.84395217895508,"Male"
"6018403",371836,2025-05-29 23:20:44,43.3575210571289,-8.84399795532227,"Male"
"6018403",371836,2025-05-29 23:25:44,43.3578948974609,-8.84410667419434,"Male"
"6018403",371836,2025-05-29 23:30:35,43.3575897216797,-8.84407329559326,"Male"
"6018403",371836,2025-05-29 23:35:41,43.3576316833496,-8.84399509429932,"Male"
"6018403",371836,2025-05-29 23:40:31,43.3578987121582,-8.84393787384033,"Male"
"6018403",371836,2025-05-29 23:45:44,43.3576774597168,-8.8440637588501,"Male"
"6018403",371836,2025-05-29 23:50:49,43.3575706481934,-8.84399604797363,"Male"
"6018403",371836,2025-05-29 23:55:33,43.3576965332031,-8.84391117095947,"Male"
"6018403",371836,2025-05-30 00:00:30,43.3577613830566,-8.84396553039551,"Male"
"6018403",371836,2025-05-30 00:05:33,43.3576240539551,-8.84386253356934,"Male"
"6018403",371836,2025-05-30 00:10:39,43.3575897216797,-8.84395027160645,"Male"
"6018403",371836,2025-05-30 00:15:44,43.3575248718262,-8.84405517578125,"Male"
"6018403",371836,2025-05-30 00:20:27,43.3575096130371,-8.84437465667725,"Male"
"6018403",371836,2025-05-30 00:25:33,43.357536315918,-8.84390735626221,"Male"
"6018403",371836,2025-05-30 00:30:36,43.357593536377,-8.84403324127197,"Male"
"6018403",371836,2025-05-30 00:35:31,43.3575134277344,-8.84396362304688,"Male"
"6018403",371836,2025-05-30 00:40:34,43.3574829101562,-8.84393787384033,"Male"
"6018403",371836,2025-05-30 00:45:59,43.3575286865234,-8.84404277801514,"Male"
"6018403",371836,2025-05-30 00:50:27,43.3575668334961,-8.84398460388184,"Male"
"6018403",371836,2025-05-30 00:55:27,43.3575820922852,-8.84396648406982,"Male"
"6018403",371836,2025-05-30 01:00:27,43.3575134277344,-8.8440580368042,"Male"
"6018403",371836,2025-05-30 01:05:27,43.357551574707,-8.84411334991455,"Male"
"6018403",371836,2025-05-30 01:10:27,43.3575782775879,-8.84407138824463,"Male"
"6018403",371836,2025-05-30 01:15:27,43.3575782775879,-8.84399795532227,"Male"
"6018403",371836,2025-05-30 01:20:28,43.3574981689453,-8.84406280517578,"Male"
"6018403",371836,2025-05-30 01:25:28,43.3574905395508,-8.84397411346436,"Male"
"6018403",371836,2025-05-30 01:30:27,43.3575439453125,-8.84403610229492,"Male"
"6018403",371836,2025-05-30 01:35:37,43.3576240539551,-8.84393310546875,"Male"
"6018403",371836,2025-05-30 01:40:30,43.3575325012207,-8.84401035308838,"Male"
"6018403",371836,2025-05-30 01:45:28,43.3575134277344,-8.8439884185791,"Male"
"6018403",371836,2025-05-30 01:50:28,43.3575286865234,-8.84398460388184,"Male"
"6018403",371836,2025-05-30 01:55:28,43.3575820922852,-8.84394264221191,"Male"
"6018403",371836,2025-05-30 02:00:44,43.3575744628906,-8.84408378601074,"Male"
"6018403",371836,2025-05-30 02:05:27,43.3575172424316,-8.84409236907959,"Male"
"6018403",371836,2025-05-30 02:10:28,43.357421875,-8.84389972686768,"Male"
"6018403",371836,2025-05-30 02:15:31,43.3576126098633,-8.84401798248291,"Male"
"6018403",371836,2025-05-30 02:20:30,43.3576622009277,-8.84399604797363,"Male"
"6018403",371836,2025-05-30 02:25:29,43.3574905395508,-8.84402084350586,"Male"
"6018403",371836,2025-05-30 02:30:58,43.3576545715332,-8.84420967102051,"Male"
"6018403",371836,2025-05-30 02:35:35,43.3575897216797,-8.84407806396484,"Male"
"6018403",371836,2025-05-30 02:40:30,43.3576622009277,-8.84413528442383,"Male"
"6018403",371836,2025-05-30 02:45:30,43.3576736450195,-8.84414768218994,"Male"
"6018403",371836,2025-05-30 02:50:31,43.3576202392578,-8.84406757354736,"Male"
"6018403",371836,2025-05-30 02:55:36,43.3575897216797,-8.84409523010254,"Male"
"6018403",371836,2025-05-30 03:00:34,43.3575325012207,-8.84407901763916,"Male"
"6018403",371836,2025-05-30 03:05:31,43.3576126098633,-8.84411907196045,"Male"
"6018403",371836,2025-05-30 03:10:31,43.3576126098633,-8.84406566619873,"Male"
"6018403",371836,2025-05-30 03:15:44,43.3575973510742,-8.84411430358887,"Male"
"6018403",371836,2025-05-30 03:20:55,43.3576240539551,-8.8440990447998,"Male"
"6018403",371836,2025-05-30 03:25:27,43.357593536377,-8.84407520294189,"Male"
"6018403",371836,2025-05-30 03:30:27,43.3576354980469,-8.84401988983154,"Male"
"6018403",371836,2025-05-30 03:35:27,43.3576202392578,-8.8441276550293,"Male"
"6018403",371836,2025-05-30 03:40:27,43.3576354980469,-8.84409427642822,"Male"
"6018403",371836,2025-05-30 03:45:27,43.3576431274414,-8.84411811828613,"Male"
"6018403",371836,2025-05-30 03:50:28,43.357593536377,-8.84412002563477,"Male"
"6018403",371836,2025-05-30 03:55:30,43.3575744628906,-8.84412097930908,"Male"
"6018403",371836,2025-05-30 04:00:31,43.3575630187988,-8.84401512145996,"Male"
"6018403",371836,2025-05-30 04:05:31,43.3575859069824,-8.84417247772217,"Male"
"6018403",371836,2025-05-30 04:10:30,43.3575630187988,-8.84409046173096,"Male"
"6018403",371836,2025-05-30 04:15:30,43.3575286865234,-8.84407806396484,"Male"
"6018403",371836,2025-05-30 04:20:31,43.3575401306152,-8.84407520294189,"Male"
"6018403",371836,2025-05-30 04:25:31,43.3575820922852,-8.84409332275391,"Male"
"6018403",371836,2025-05-30 04:30:34,43.3576240539551,-8.84405326843262,"Male"
"6018403",371836,2025-05-30 04:35:30,43.3575859069824,-8.84413814544678,"Male"
"6018403",371836,2025-05-30 04:40:31,43.3577041625977,-8.84418678283691,"Male"
"6018403",371836,2025-05-30 04:45:54,43.357307434082,-8.8439302444458,"Male"
"6018403",371836,2025-05-30 04:51:05,43.3576354980469,-8.8441047668457,"Male"
"6018403",371836,2025-05-30 04:55:27,43.3576240539551,-8.84417343139648,"Male"
"6018403",371836,2025-05-30 05:00:30,43.3575553894043,-8.84403991699219,"Male"
"6018403",371836,2025-05-30 05:05:29,43.3574485778809,-8.8443431854248,"Male"
"6018403",371836,2025-05-30 05:10:28,43.3576774597168,-8.84430885314941,"Male"
"6018403",371836,2025-05-30 05:15:29,43.3575019836426,-8.84423828125,"Male"
"6018403",371836,2025-05-30 05:20:29,43.3576469421387,-8.84405422210693,"Male"
"6018403",371836,2025-05-30 05:25:29,43.3575897216797,-8.84419822692871,"Male"
"6018403",371836,2025-05-30 05:30:33,43.3574523925781,-8.84424686431885,"Male"
"6018403",371836,2025-05-30 05:35:31,43.357551574707,-8.84426403045654,"Male"
"6018403",371836,2025-05-30 05:40:36,43.3575325012207,-8.84424591064453,"Male"
"6018403",371836,2025-05-30 05:45:42,43.3574905395508,-8.8441915512085,"Male"
"6018403",371836,2025-05-30 05:50:36,43.3574523925781,-8.84463691711426,"Male"
"6018403",371836,2025-05-30 05:55:37,43.357551574707,-8.84407138824463,"Male"
"6018403",371836,2025-05-30 06:00:31,43.3575401306152,-8.84409523010254,"Male"
"6018403",371836,2025-05-30 06:05:34,43.357551574707,-8.84409427642822,"Male"
"6018403",371836,2025-05-30 06:10:35,43.3576507568359,-8.84406852722168,"Male"
"6018403",371836,2025-05-30 06:15:44,43.3576583862305,-8.84422874450684,"Male"
"6018403",371836,2025-05-30 06:20:30,43.3576507568359,-8.84419345855713,"Male"
"6018403",371836,2025-05-30 06:25:36,43.3575592041016,-8.84418487548828,"Male"
"6018403",371836,2025-05-30 06:30:44,43.3575859069824,-8.84398555755615,"Male"
"6018403",371836,2025-05-30 06:36:00,43.3577003479004,-8.84412956237793,"Male"
"6018403",371836,2025-05-30 06:40:31,43.3576965332031,-8.84421920776367,"Male"
"6018403",371836,2025-05-30 06:45:30,43.3576393127441,-8.84413242340088,"Male"
"6018403",371836,2025-05-30 06:50:33,43.357666015625,-8.84423637390137,"Male"
"6018403",371836,2025-05-30 06:55:29,43.3576278686523,-8.84418106079102,"Male"
"6018403",371836,2025-05-30 07:00:33,43.3576698303223,-8.84417152404785,"Male"
"6018403",371836,2025-05-30 07:05:35,43.3576736450195,-8.84410190582275,"Male"
"6018403",371836,2025-05-30 07:10:36,43.3576774597168,-8.84416580200195,"Male"
"6018403",371836,2025-05-30 07:15:36,43.3577156066895,-8.84417533874512,"Male"
"6018403",371836,2025-05-30 07:20:59,43.3576469421387,-8.84420108795166,"Male"
"6018403",371836,2025-05-30 07:25:28,43.3576431274414,-8.84414863586426,"Male"
"6018403",371836,2025-05-30 07:30:27,43.3577003479004,-8.8441858291626,"Male"
"6018403",371836,2025-05-30 07:35:28,43.3579444885254,-8.84396266937256,"Male"
"6018403",371836,2025-05-30 07:40:29,43.3578567504883,-8.84416103363037,"Male"
"6018403",371836,2025-05-30 07:45:44,43.3576698303223,-8.84419822692871,"Male"
"6018403",371836,2025-05-30 07:50:50,43.3578414916992,-8.84447860717773,"Male"
"6018403",371836,2025-05-30 07:55:45,43.3577766418457,-8.84414196014404,"Male"
"6018403",371836,2025-05-30 08:00:34,43.3576736450195,-8.84407329559326,"Male"
"6018403",371836,2025-05-30 08:05:34,43.3576812744141,-8.84405708312988,"Male"
"6018403",371836,2025-05-30 08:10:35,43.3578033447266,-8.84401893615723,"Male"
"6018403",371836,2025-05-30 08:15:31,43.3577613830566,-8.84405994415283,"Male"
"6018403",371836,2025-05-30 08:20:39,43.3577308654785,-8.84423160552979,"Male"
"6018403",371836,2025-05-30 08:25:34,43.3577690124512,-8.84409046173096,"Male"
"6018403",371836,2025-05-30 08:30:39,43.3567085266113,-8.8416690826416,"Male"
"6018403",371836,2025-05-30 08:35:38,43.3577651977539,-8.84483814239502,"Male"
"6018403",371836,2025-05-30 08:40:39,43.3575248718262,-8.84394550323486,"Male"
"6018403",371836,2025-05-30 08:46:33,43.3576736450195,-8.844162940979,"Male"
"6018403",371836,2025-05-30 08:50:29,43.3575706481934,-8.84500598907471,"Male"
"6018403",371836,2025-05-30 08:55:27,43.3314018249512,-8.85601902008057,"Male"
"6018403",371836,2025-05-30 09:00:28,43.3134231567383,-8.85451507568359,"Male"
"6018403",371836,2025-05-30 09:05:28,43.3142967224121,-8.85650825500488,"Male"
"6018403",371836,2025-05-30 09:10:29,43.3143272399902,-8.85655689239502,"Male"
"6018403",371836,2025-05-30 09:15:28,43.3143920898438,-8.85660934448242,"Male"
"6018403",371836,2025-05-30 09:20:39,43.314453125,-8.85680961608887,"Male"
"6018403",371836,2025-05-30 09:25:30,43.3144989013672,-8.85677814483643,"Male"
"6018403",371836,2025-05-30 09:30:29,43.3144989013672,-8.8565731048584,"Male"
"6018403",371836,2025-05-30 09:35:29,43.3347778320312,-8.84706974029541,"Male"
"6018403",371836,2025-05-30 09:40:33,43.3609275817871,-8.84773635864258,"Male"
"6018403",371836,2025-05-30 09:45:30,43.3575744628906,-8.84420490264893,"Male"
"6018403",371836,2025-05-30 09:50:31,43.3576469421387,-8.84418678283691,"Male"
"6018403",371836,2025-05-30 09:55:33,43.3577499389648,-8.84403896331787,"Male"
"6018403",371836,2025-05-30 10:00:44,43.3576469421387,-8.84422492980957,"Male"
"6018403",371836,2025-05-30 10:05:31,43.3575897216797,-8.84435558319092,"Male"
"6018403",371836,2025-05-30 10:10:29,43.3576507568359,-8.84481906890869,"Male"
"6018403",371836,2025-05-30 10:15:28,43.3575820922852,-8.84449481964111,"Male"
"6018403",371836,2025-05-30 10:20:35,43.3575592041016,-8.84425830841064,"Male"
"6018403",371836,2025-05-30 10:25:41,43.3576812744141,-8.84393882751465,"Male"
"6018403",371836,2025-05-30 10:30:34,43.3576698303223,-8.84477710723877,"Male"
"6018403",371836,2025-05-30 10:35:44,43.3575820922852,-8.84414386749268,"Male"
"6018403",371836,2025-05-30 10:40:33,43.3575134277344,-8.84425258636475,"Male"
"6018403",371836,2025-05-30 10:45:35,43.3575172424316,-8.84430599212646,"Male"
"6018403",371836,2025-05-30 10:50:38,43.357551574707,-8.84386825561523,"Male"
"6018403",371836,2025-05-30 10:55:59,43.3575782775879,-8.84421730041504,"Male"
"6018403",371836,2025-05-30 11:00:34,43.3574981689453,-8.84423732757568,"Male"
"6018403",371836,2025-05-30 11:05:31,43.3575668334961,-8.84424304962158,"Male"
"6018403",371836,2025-05-30 11:10:28,43.3574867248535,-8.84423160552979,"Male"
"6018403",371836,2025-05-30 11:15:35,43.3574600219727,-8.8442850112915,"Male"
"6018403",371836,2025-05-30 11:20:29,43.3575172424316,-8.84413146972656,"Male"
"6018403",371836,2025-05-30 11:25:30,43.3574371337891,-8.84421253204346,"Male"
"6018403",371836,2025-05-30 11:30:36,43.3574905395508,-8.84429264068604,"Male"
"6018403",371836,2025-05-30 11:36:00,43.3575439453125,-8.84438514709473,"Male"
"6018403",371836,2025-05-30 11:40:28,43.3575325012207,-8.84436225891113,"Male"
"6018403",371836,2025-05-30 11:45:30,43.357536315918,-8.84430503845215,"Male"
"6018403",371836,2025-05-30 11:50:43,43.3574600219727,-8.84435749053955,"Male"
"6018403",371836,2025-05-30 11:55:30,43.3575057983398,-8.84434700012207,"Male"
"6018403",371836,2025-05-30 12:00:29,43.3575744628906,-8.84438610076904,"Male"
"6018403",371836,2025-05-30 12:05:30,43.357536315918,-8.84439563751221,"Male"
"6018403",371836,2025-05-30 12:10:30,43.3575210571289,-8.84445095062256,"Male"
"6018403",371836,2025-05-30 12:15:30,43.3577156066895,-8.8444709777832,"Male"
"6018403",371836,2025-05-30 12:20:33,43.3577194213867,-8.84444522857666,"Male"
"6018403",371836,2025-05-30 12:25:33,43.3575439453125,-8.84433364868164,"Male"
"6018403",371836,2025-05-30 12:30:29,43.3575820922852,-8.8444766998291,"Male"
"6018403",371836,2025-05-30 12:35:45,43.3576698303223,-8.84440040588379,"Male"
"6018403",371836,2025-05-30 12:40:48,43.3576583862305,-8.8444881439209,"Male"
"6018403",371836,2025-05-30 12:45:59,43.3576164245605,-8.84408378601074,"Male"
"6018403",371836,2025-05-30 12:50:27,43.3576316833496,-8.84398078918457,"Male"
"6018403",371836,2025-05-30 12:55:27,43.3580055236816,-8.84411811828613,"Male"
"6018403",371836,2025-05-30 13:00:36,43.3576622009277,-8.84413433074951,"Male"
"6018403",371836,2025-05-30 13:05:36,43.3576698303223,-8.84415245056152,"Male"
"6018403",371836,2025-05-30 13:10:36,43.357593536377,-8.84403038024902,"Male"
"6018403",371836,2025-05-30 13:15:29,43.3576774597168,-8.84406471252441,"Male"
"6018403",371836,2025-05-30 13:20:37,43.3576202392578,-8.84409141540527,"Male"
"6018403",371836,2025-05-30 13:25:33,43.3576622009277,-8.84405994415283,"Male"
"6018403",371836,2025-05-30 13:30:30,43.3574180603027,-8.84391689300537,"Male"
"6018403",371836,2025-05-30 13:35:33,43.3576583862305,-8.84407329559326,"Male"
"6018403",371836,2025-05-30 13:40:27,43.3577041625977,-8.84386825561523,"Male"
"6018403",371836,2025-05-30 13:45:27,43.3576736450195,-8.84444046020508,"Male"
"6018403",371836,2025-05-30 13:50:30,43.3575553894043,-8.84408855438232,"Male"
"6018403",371836,2025-05-30 13:55:31,43.3576164245605,-8.84408569335938,"Male"
"6018403",371836,2025-05-30 14:00:42,43.3575630187988,-8.84415054321289,"Male"
"6018403",371836,2025-05-30 14:05:28,43.3575820922852,-8.84409713745117,"Male"
"6018403",371836,2025-05-30 14:10:34,43.3576278686523,-8.84416198730469,"Male"
"6018403",371836,2025-05-30 14:15:31,43.3576011657715,-8.84422397613525,"Male"
"6018403",371836,2025-05-30 14:20:29,43.3575668334961,-8.84467220306396,"Male"
"6018403",371836,2025-05-30 14:25:56,43.3575820922852,-8.84422969818115,"Male"
"6018403",371836,2025-05-30 14:30:59,43.3576393127441,-8.84412097930908,"Male"
"6018403",371836,2025-05-30 14:35:41,43.357666015625,-8.84415626525879,"Male"
"6018403",371836,2025-05-30 14:40:31,43.3576850891113,-8.84409427642822,"Male"
"6018403",371836,2025-05-30 14:45:31,43.3577079772949,-8.84412002563477,"Male"
"6018403",371836,2025-05-30 14:50:59,43.3576774597168,-8.84410667419434,"Male"
"6018403",371836,2025-05-30 14:55:33,43.3576431274414,-8.84407520294189,"Male"
"6018403",371836,2025-05-30 15:00:31,43.3576965332031,-8.84420204162598,"Male"
"6018403",371836,2025-05-30 15:05:30,43.3578453063965,-8.84479904174805,"Male"
"6018403",371836,2025-05-30 15:10:28,43.3576316833496,-8.84410667419434,"Male"
"6018403",371836,2025-05-30 15:15:29,43.3575706481934,-8.84419727325439,"Male"
"6018403",371836,2025-05-30 15:20:59,43.3675689697266,-8.85623550415039,"Male"
"6018403",371836,2025-05-30 15:25:27,43.3796653747559,-8.89260864257812,"Male"
"6018403",371836,2025-05-30 15:30:27,43.3907928466797,-8.93515300750732,"Male"
"6018403",371836,2025-05-30 15:35:27,43.3951072692871,-8.98420333862305,"Male"
"6018403",371836,2025-05-30 15:40:27,43.403636932373,-9.03017997741699,"Male"
"6018403",371836,2025-05-30 15:45:29,43.407787322998,-9.07702732086182,"Male"
"6018403",371836,2025-05-30 15:50:27,43.4085159301758,-9.12589645385742,"Male"
"6018403",371836,2025-05-30 15:55:27,43.4065437316895,-9.1740779876709,"Male"
"6018403",371836,2025-05-30 16:00:27,43.4000968933105,-9.21465492248535,"Male"
"6018403",371836,2025-05-30 16:05:45,43.3986473083496,-9.26430797576904,"Male"
"6018403",371836,2025-05-30 16:10:36,43.4017181396484,-9.24967956542969,"Male"
"6018403",371836,2025-05-30 16:15:27,43.4028930664062,-9.21105098724365,"Male"
"6018403",371836,2025-05-30 16:20:30,43.3943672180176,-9.1674690246582,"Male"
"6018403",371836,2025-05-30 16:25:28,43.3929786682129,-9.16649723052979,"Male"
"6018403",371836,2025-05-30 16:30:27,43.3917083740234,-9.16626453399658,"Male"
"6018403",371836,2025-05-30 16:35:27,43.3802223205566,-9.1265983581543,"Male"
"6018403",371836,2025-05-30 16:40:27,43.3726997375488,-9.08673572540283,"Male"
"6018403",371836,2025-05-30 16:46:51,43.3626976013184,-9.03533935546875,"Male"
"6018403",371836,2025-05-30 16:51:51,43.3592338562012,-8.99640941619873,"Male"
"6018403",371836,2025-05-30 16:55:27,43.3542938232422,-8.96928882598877,"Male"
"6018403",371836,2025-05-30 17:00:27,43.3567543029785,-8.93197536468506,"Male"
"6018403",371836,2025-05-30 17:06:13,43.3603363037109,-8.88684368133545,"Male"
"6018403",371836,2025-05-30 17:10:29,43.3575172424316,-8.8498010635376,"Male"
"6018403",371836,2025-05-30 17:15:28,43.3578796386719,-8.84449863433838,"Male"
"6018403",371836,2025-05-30 17:20:34,43.3576126098633,-8.84427356719971,"Male"
"6018403",371836,2025-05-30 17:25:34,43.3576469421387,-8.84418678283691,"Male"
"6018403",371836,2025-05-30 17:30:30,43.3576927185059,-8.84430313110352,"Male"
"6018403",371836,2025-05-30 17:35:30,43.3576507568359,-8.8442554473877,"Male"
"6018403",371836,2025-05-30 17:40:29,43.3575820922852,-8.84421062469482,"Male"
"6018403",371836,2025-05-30 17:45:44,43.3574752807617,-8.84415340423584,"Male"
"6018403",371836,2025-05-30 17:50:36,43.3574714660645,-8.84411144256592,"Male"
"6018403",371836,2025-05-30 17:55:36,43.3574714660645,-8.84415912628174,"Male"
"6018403",371836,2025-05-30 18:00:39,43.3566017150879,-8.84249496459961,"Male"
"6018403",371836,2025-05-30 18:05:36,43.3575134277344,-8.84396934509277,"Male"
"6018403",371836,2025-05-30 18:10:58,43.3575859069824,-8.84411811828613,"Male"
"6018403",371836,2025-05-30 18:15:35,43.3575134277344,-8.84405708312988,"Male"
"6018403",371836,2025-05-30 18:20:59,43.357608795166,-8.84413909912109,"Male"
"6018403",371836,2025-05-30 18:25:29,43.3576622009277,-8.84396839141846,"Male"
"6018403",371836,2025-05-30 18:30:29,43.3576774597168,-8.84401512145996,"Male"
"6018403",371836,2025-05-30 18:35:30,43.3576736450195,-8.84395503997803,"Male"
"6018403",371836,2025-05-30 18:40:28,43.3578491210938,-8.84362411499023,"Male"
"6018403",371836,2025-05-30 18:45:36,43.3576583862305,-8.84405994415283,"Male"
"6018403",371836,2025-05-30 18:50:30,43.3578758239746,-8.84362697601318,"Male"
"6018403",371836,2025-05-30 18:55:34,43.3576431274414,-8.84405517578125,"Male"
"6018403",371836,2025-05-30 19:00:37,43.3577156066895,-8.84395980834961,"Male"
"6018403",371836,2025-05-30 19:05:44,43.3576202392578,-8.84410953521729,"Male"
"6018403",371836,2025-05-30 19:10:34,43.3576622009277,-8.844162940979,"Male"
"6018403",371836,2025-05-30 19:15:36,43.3578796386719,-8.8439826965332,"Male"
"6018403",371836,2025-05-30 19:20:31,43.3577690124512,-8.84401416778564,"Male"
"6018403",371836,2025-05-30 19:25:37,43.3576316833496,-8.84411811828613,"Male"
"6018403",371836,2025-05-30 19:30:36,43.3576583862305,-8.84409046173096,"Male"
"6018403",371836,2025-05-30 19:35:31,43.3576202392578,-8.8441743850708,"Male"
"6018403",371836,2025-05-30 19:40:33,43.3575668334961,-8.84406661987305,"Male"
"6018403",371836,2025-05-30 19:45:44,43.3577194213867,-8.84408187866211,"Male"
"6018403",371836,2025-05-30 19:50:29,43.3575668334961,-8.84411430358887,"Male"
"6018403",371836,2025-05-30 19:55:30,43.357723236084,-8.84396934509277,"Male"
"6018403",371836,2025-05-30 20:00:30,43.3575782775879,-8.84415340423584,"Male"
"6018403",371836,2025-05-30 20:05:31,43.3576316833496,-8.8440408706665,"Male"
"6018403",371836,2025-05-30 20:10:28,43.3575401306152,-8.84419631958008,"Male"
"6018403",371836,2025-05-30 20:15:34,43.3575210571289,-8.84410953521729,"Male"
"6018403",371836,2025-05-30 20:20:31,43.357608795166,-8.84404754638672,"Male"
"6018403",371836,2025-05-30 20:25:29,43.3575859069824,-8.8439769744873,"Male"
"6018403",371836,2025-05-30 20:31:29,43.3576011657715,-8.84407806396484,"Male"
"6018403",371836,2025-05-30 20:35:30,43.3574180603027,-8.84398651123047,"Male"
"6018403",371836,2025-05-30 20:40:44,43.3576545715332,-8.84417629241943,"Male"
"6018403",371836,2025-05-30 20:45:33,43.3575973510742,-8.84410953521729,"Male"
"6018403",371836,2025-05-30 20:50:29,43.3575325012207,-8.84422492980957,"Male"
"6018403",371836,2025-05-30 20:55:31,43.3575897216797,-8.8441219329834,"Male"
"6018403",371836,2025-05-30 21:00:31,43.3575286865234,-8.84410953521729,"Male"
"6018403",371836,2025-05-30 21:05:31,43.3575592041016,-8.8442497253418,"Male"
"6018403",371836,2025-05-30 21:10:33,43.3576278686523,-8.84411144256592,"Male"
"6018403",371836,2025-05-30 21:15:35,43.3576164245605,-8.84413719177246,"Male"
"6018403",371836,2025-05-30 21:20:30,43.3575286865234,-8.84416675567627,"Male"
"6018403",371836,2025-05-30 21:25:33,43.3574981689453,-8.84393787384033,"Male"
"6018403",371836,2025-05-30 21:30:59,43.3575248718262,-8.84416580200195,"Male"
"6018403",371836,2025-05-30 21:35:28,43.3576278686523,-8.84407329559326,"Male"
"6018403",371836,2025-05-30 21:40:35,43.3576126098633,-8.84416389465332,"Male"
"6018403",371836,2025-05-30 21:45:30,43.3575897216797,-8.84408187866211,"Male"
"6018403",371836,2025-05-30 21:50:31,43.3576049804688,-8.84414768218994,"Male"
"6018403",371836,2025-05-30 21:55:31,43.3576240539551,-8.84413433074951,"Male"
"6018403",371836,2025-05-30 22:00:30,43.3575172424316,-8.84403514862061,"Male"
"6018403",371836,2025-05-30 22:05:30,43.3575897216797,-8.84413146972656,"Male"
"6018403",371836,2025-05-30 22:10:28,43.3575859069824,-8.84417343139648,"Male"
"6018403",371836,2025-05-30 22:15:30,43.3576354980469,-8.84411430358887,"Male"
"6018403",371836,2025-05-30 22:20:28,43.357738494873,-8.84409141540527,"Male"
"6018403",371836,2025-05-30 22:25:36,43.3576240539551,-8.84403800964355,"Male"
"6018403",371836,2025-05-30 22:30:36,43.3576354980469,-8.84408187866211,"Male"
"6018403",371836,2025-05-30 22:35:28,43.3574562072754,-8.84405708312988,"Male"
"6018403",371836,2025-05-30 22:40:36,43.357551574707,-8.84405708312988,"Male"
"6018403",371836,2025-05-30 22:45:36,43.3573989868164,-8.84400844573975,"Male"
"6018403",371836,2025-05-30 22:50:29,43.3577499389648,-8.84429550170898,"Male"
"6018403",371836,2025-05-30 22:55:36,43.3575744628906,-8.84421730041504,"Male"
"6018403",371836,2025-05-30 23:00:36,43.3576011657715,-8.8440408706665,"Male"
"6018403",371836,2025-05-30 23:05:38,43.3576164245605,-8.8440580368042,"Male"
"6018403",371836,2025-05-30 23:10:42,43.3575172424316,-8.84411430358887,"Male"
"6018403",371836,2025-05-30 23:15:34,43.3576545715332,-8.84408092498779,"Male"
"6018403",371836,2025-05-30 23:20:31,43.357494354248,-8.84408092498779,"Male"
"6018403",371836,2025-05-30 23:25:31,43.3575019836426,-8.84409618377686,"Male"
"6018403",371836,2025-05-30 23:30:29,43.357494354248,-8.84403228759766,"Male"
"6018403",371836,2025-05-30 23:35:36,43.3575019836426,-8.84420967102051,"Male"
"6018403",371836,2025-05-30 23:40:28,43.3575439453125,-8.84444618225098,"Male"
"6018403",371836,2025-05-30 23:45:59,43.3575782775879,-8.84406185150146,"Male"
"6018403",371836,2025-05-30 23:50:28,43.3575592041016,-8.84410762786865,"Male"
"6018403",371836,2025-05-30 23:55:28,43.3575553894043,-8.84412097930908,"Male"
"6018403",371836,2025-05-31 00:00:27,43.3575820922852,-8.84403800964355,"Male"
"6018403",371836,2025-05-31 00:05:27,43.3575820922852,-8.84406185150146,"Male"
"6018403",371836,2025-05-31 00:10:27,43.3575286865234,-8.84412288665771,"Male"
"6018403",371836,2025-05-31 00:15:27,43.357551574707,-8.84404468536377,"Male"
"6018403",371836,2025-05-31 00:20:27,43.3576240539551,-8.84406566619873,"Male"
"6018403",371836,2025-05-31 00:25:27,43.3575668334961,-8.84407711029053,"Male"
"6018403",371836,2025-05-31 00:30:27,43.3575592041016,-8.84409332275391,"Male"
"6018403",371836,2025-05-31 00:35:31,43.3576316833496,-8.84409809112549,"Male"
"6018403",371836,2025-05-31 00:40:30,43.3575553894043,-8.84396076202393,"Male"
"6018403",371836,2025-05-31 00:45:28,43.3575859069824,-8.84412097930908,"Male"
"6018403",371836,2025-05-31 00:50:27,43.3576011657715,-8.84404850006104,"Male"
"6018403",371836,2025-05-31 00:55:27,43.3575477600098,-8.84409332275391,"Male"
"6018403",371836,2025-05-31 01:00:28,43.3575630187988,-8.84411144256592,"Male"
"6018403",371836,2025-05-31 01:05:28,43.357608795166,-8.84405326843262,"Male"
"6018403",371836,2025-05-31 01:10:28,43.3575782775879,-8.84405422210693,"Male"
"6018403",371836,2025-05-31 01:15:28,43.3576126098633,-8.84405612945557,"Male"
"6018403",371836,2025-05-31 01:20:27,43.3575782775879,-8.84395599365234,"Male"
"6018403",371836,2025-05-31 01:25:28,43.3575744628906,-8.84411525726318,"Male"
"6018403",371836,2025-05-31 01:30:29,43.3574142456055,-8.84406852722168,"Male"
"6018403",371836,2025-05-31 01:35:27,43.3575210571289,-8.84401512145996,"Male"
"6018403",371836,2025-05-31 01:40:27,43.3574600219727,-8.84393978118896,"Male"
"6018403",371836,2025-05-31 01:45:27,43.3574752807617,-8.84390640258789,"Male"
"6018403",371836,2025-05-31 01:50:28,43.357479095459,-8.84401893615723,"Male"
"6018403",371836,2025-05-31 01:55:28,43.3574295043945,-8.84396457672119,"Male"
"6018403",371836,2025-05-31 02:00:43,43.3575286865234,-8.84413528442383,"Male"
"6018403",371836,2025-05-31 02:05:27,43.3573951721191,-8.84409427642822,"Male"
"6018403",371836,2025-05-31 02:10:30,43.3574981689453,-8.84394836425781,"Male"
"6018403",371836,2025-05-31 02:15:30,43.3575248718262,-8.84401321411133,"Male"
"6018403",371836,2025-05-31 02:20:34,43.3575668334961,-8.84406089782715,"Male"
"6018403",371836,2025-05-31 02:25:33,43.3577041625977,-8.84403514862061,"Male"
"6018403",371836,2025-05-31 02:30:31,43.3575973510742,-8.843994140625,"Male"
"6018403",371836,2025-05-31 02:35:31,43.3577117919922,-8.84413146972656,"Male"
"6018403",371836,2025-05-31 02:40:34,43.3578109741211,-8.84414482116699,"Male"
"6018403",371836,2025-05-31 02:45:44,43.3577270507812,-8.84414291381836,"Male"
"6018403",371836,2025-05-31 02:50:44,43.3577156066895,-8.84397506713867,"Male"
"6018403",371836,2025-05-31 02:55:31,43.3576583862305,-8.84403800964355,"Male"
"6018403",371836,2025-05-31 03:00:52,43.3577499389648,-8.84420585632324,"Male"
"6018403",371836,2025-05-31 03:05:59,43.3579597473145,-8.84456348419189,"Male"
"6018403",371836,2025-05-31 03:10:38,43.3581809997559,-8.84466075897217,"Male"
"6018403",371836,2025-05-31 03:15:35,43.3576202392578,-8.8442211151123,"Male"
"6018403",371836,2025-05-31 03:20:33,43.3576965332031,-8.84410953521729,"Male"
"6018403",371836,2025-05-31 03:25:59,43.3575744628906,-8.84411907196045,"Male"
"6018403",371836,2025-05-31 03:30:39,43.3575439453125,-8.84403133392334,"Male"
"6018403",371836,2025-05-31 03:35:36,43.3575897216797,-8.84411907196045,"Male"
"6018403",371836,2025-05-31 03:40:34,43.3572998046875,-8.8443431854248,"Male"
"6018403",371836,2025-05-31 03:45:42,43.3575134277344,-8.84419727325439,"Male"
"6018403",371836,2025-05-31 03:50:33,43.357421875,-8.84412956237793,"Male"
"6018403",371836,2025-05-31 03:55:35,43.3574447631836,-8.84413528442383,"Male"
"6018403",371836,2025-05-31 04:00:39,43.3574752807617,-8.8441276550293,"Male"
"6018403",371836,2025-05-31 04:05:59,43.3575248718262,-8.84415817260742,"Male"
"6018403",371836,2025-05-31 04:10:30,43.3575401306152,-8.84410953521729,"Male"
"6018403",371836,2025-05-31 04:15:29,43.3576774597168,-8.8440523147583,"Male"
"6018403",371836,2025-05-31 04:20:35,43.3575859069824,-8.84412288665771,"Male"
"6018403",371836,2025-05-31 04:25:28,43.357536315918,-8.84407997131348,"Male"
"6018403",371836,2025-05-31 04:30:33,43.3576774597168,-8.84406661987305,"Male"
"6018403",371836,2025-05-31 04:35:27,43.3577575683594,-8.84446811676025,"Male"
"6018403",371836,2025-05-31 04:40:34,43.3576354980469,-8.84403324127197,"Male"
"6018403",371836,2025-05-31 04:45:30,43.3576622009277,-8.84418201446533,"Male"
"6018403",371836,2025-05-31 04:50:31,43.3576469421387,-8.84425258636475,"Male"
"6018403",371836,2025-05-31 04:55:31,43.3577117919922,-8.84410953521729,"Male"
"6018403",371836,2025-05-31 05:00:28,43.3575782775879,-8.84401035308838,"Male"
"6018403",371836,2025-05-31 05:06:01,43.3575057983398,-8.84420013427734,"Male"
"6018403",371836,2025-05-31 05:10:31,43.3576812744141,-8.84420680999756,"Male"
"6018403",371836,2025-05-31 05:15:31,43.3576927185059,-8.84418487548828,"Male"
"6018403",371836,2025-05-31 05:20:28,43.3575973510742,-8.8441743850708,"Male"
"6018403",371836,2025-05-31 05:25:35,43.3576850891113,-8.84422397613525,"Male"
"6018403",371836,2025-05-31 05:30:36,43.3576278686523,-8.84416675567627,"Male"
"6018403",371836,2025-05-31 05:35:36,43.3576812744141,-8.84419059753418,"Male"
"6018403",371836,2025-05-31 05:40:29,43.358024597168,-8.8444356918335,"Male"
"6018403",371836,2025-05-31 05:45:36,43.3577690124512,-8.84415817260742,"Male"
"6018403",371836,2025-05-31 05:50:59,43.3574333190918,-8.84417629241943,"Male"
"6018403",371836,2025-05-31 05:56:35,43.3576316833496,-8.84414386749268,"Male"
"6018403",371836,2025-05-31 06:00:38,43.3575973510742,-8.84421157836914,"Male"
"6018403",371836,2025-05-31 06:05:30,43.3574829101562,-8.84396648406982,"Male"
"6018403",371836,2025-05-31 06:10:35,43.3575897216797,-8.84401321411133,"Male"
"6018403",371836,2025-05-31 06:15:27,43.3575630187988,-8.84403800964355,"Male"
"6018403",371836,2025-05-31 06:20:36,43.3575286865234,-8.84391689300537,"Male"
"6018403",371836,2025-05-31 06:25:36,43.357551574707,-8.84407520294189,"Male"
"6018403",371836,2025-05-31 06:30:36,43.3575019836426,-8.84394836425781,"Male"
"6018403",371836,2025-05-31 06:35:36,43.357551574707,-8.84380149841309,"Male"
"6018403",371836,2025-05-31 06:40:36,43.3575172424316,-8.84391498565674,"Male"
"6018403",371836,2025-05-31 06:45:36,43.3574371337891,-8.84370613098145,"Male"
"6018403",371836,2025-05-31 06:50:37,43.3574638366699,-8.84377002716064,"Male"
"6018403",371836,2025-05-31 06:55:41,43.3575210571289,-8.84385967254639,"Male"
"6018403",371836,2025-05-31 07:00:28,43.3575172424316,-8.84385585784912,"Male"
"6018403",371836,2025-05-31 07:05:38,43.3574447631836,-8.84381866455078,"Male"
"6018403",371836,2025-05-31 07:10:33,43.357421875,-8.843825340271,"Male"
"6018403",371836,2025-05-31 07:15:46,43.3573265075684,-8.84349536895752,"Male"
"6018403",371836,2025-05-31 07:20:44,43.3573913574219,-8.84380531311035,"Male"
"6018403",371836,2025-05-31 07:25:30,43.3574066162109,-8.84395313262939,"Male"
"6018403",371836,2025-05-31 07:30:33,43.3572616577148,-8.84383010864258,"Male"
"6018403",371836,2025-05-31 07:35:41,43.3573226928711,-8.84377002716064,"Male"
"6018403",371836,2025-05-31 07:40:59,43.3572883605957,-8.8441801071167,"Male"
"6018403",371836,2025-05-31 07:45:28,43.357063293457,-8.84408664703369,"Male"
"6018403",371836,2025-05-31 07:50:28,43.35791015625,-8.84424495697021,"Male"
"6018403",371836,2025-05-31 07:55:37,43.3575897216797,-8.84407806396484,"Male"
"6018403",371836,2025-05-31 08:00:44,43.3577117919922,-8.84391975402832,"Male"
"6018403",371836,2025-05-31 08:05:31,43.3577194213867,-8.84397792816162,"Male"
"6018403",371836,2025-05-31 08:10:30,43.357982635498,-8.84411144256592,"Male"
"6018403",371836,2025-05-31 08:15:59,43.3576049804688,-8.84410095214844,"Male"
"6018403",371836,2025-05-31 08:20:27,43.3576507568359,-8.84404277801514,"Male"
"6018403",371836,2025-05-31 08:25:35,43.3576278686523,-8.8441047668457,"Male"
"6018403",371836,2025-05-31 08:30:27,43.3578300476074,-8.84428310394287,"Male"
"6018403",371836,2025-05-31 08:35:35,43.3576354980469,-8.84399223327637,"Male"
"6018403",371836,2025-05-31 08:40:33,43.3577270507812,-8.84399318695068,"Male"
"6018403",371836,2025-05-31 08:45:44,43.3577766418457,-8.84408855438232,"Male"
"6018403",371836,2025-05-31 08:50:28,43.357723236084,-8.84410762786865,"Male"
"6018403",371836,2025-05-31 08:55:31,43.35791015625,-8.84525585174561,"Male"
"6018403",371836,2025-05-31 09:00:30,43.357666015625,-8.84429454803467,"Male"
"6018403",371836,2025-05-31 09:05:30,43.3577003479004,-8.84477043151855,"Male"
"6018403",371836,2025-05-31 09:10:29,43.3575286865234,-8.84464359283447,"Male"
"6018403",371836,2025-05-31 09:15:28,43.3576431274414,-8.84445858001709,"Male"
"6018403",371836,2025-05-31 09:20:42,43.3576164245605,-8.84475898742676,"Male"
"6018403",371836,2025-05-31 09:25:31,43.3575477600098,-8.843994140625,"Male"
"6018403",371836,2025-05-31 09:30:29,43.3572845458984,-8.84401607513428,"Male"
"6018403",371836,2025-05-31 09:35:27,43.3575553894043,-8.84398460388184,"Male"
"6018403",371836,2025-05-31 09:40:27,43.357608795166,-8.84364700317383,"Male"
"6018403",371836,2025-05-31 09:45:44,43.3577079772949,-8.84358215332031,"Male"
"6018403",371836,2025-05-31 09:50:28,43.3577156066895,-8.8436279296875,"Male"
"6018403",371836,2025-05-31 09:55:34,43.357608795166,-8.84403324127197,"Male"
"6018403",371836,2025-05-31 10:00:31,43.3576736450195,-8.84407424926758,"Male"
"6018403",371836,2025-05-31 10:05:38,43.3576545715332,-8.84407997131348,"Male"
"6018403",371836,2025-05-31 10:10:37,43.357666015625,-8.84417152404785,"Male"
"6018403",371836,2025-05-31 10:15:31,43.3577194213867,-8.84421730041504,"Male"
"6018403",371836,2025-05-31 10:20:59,43.3575630187988,-8.84419441223145,"Male"
"6018403",371836,2025-05-31 10:25:33,43.3575668334961,-8.84423446655273,"Male"
"6018403",371836,2025-05-31 10:30:44,43.3577079772949,-8.84487533569336,"Male"
"6018403",371836,2025-05-31 10:35:31,43.3574981689453,-8.84437656402588,"Male"
"6018403",371836,2025-05-31 10:40:30,43.3577461242676,-8.84377193450928,"Male"
"6018403",371836,2025-05-31 10:45:37,43.3576850891113,-8.84420776367188,"Male"
"6018403",371836,2025-05-31 10:50:37,43.3576736450195,-8.84436511993408,"Male"
"6018403",371836,2025-05-31 10:55:30,43.3575134277344,-8.84393787384033,"Male"
"6018403",371836,2025-05-31 11:00:44,43.3575553894043,-8.84414196014404,"Male"
"6018403",371836,2025-05-31 11:05:27,43.3575782775879,-8.84421157836914,"Male"
"6018403",371836,2025-05-31 11:10:27,43.3575553894043,-8.84414577484131,"Male"
"6018403",371836,2025-05-31 11:15:27,43.3572311401367,-8.84382247924805,"Male"
"6018403",371836,2025-05-31 11:20:29,43.3576316833496,-8.84415340423584,"Male"
"6018403",371836,2025-05-31 11:25:28,43.3575401306152,-8.84410667419434,"Male"
"6018403",371836,2025-05-31 11:30:31,43.3576049804688,-8.84406089782715,"Male"
"6018403",371836,2025-05-31 11:35:28,43.3575096130371,-8.84411430358887,"Male"
"6018403",371836,2025-05-31 11:40:29,43.3575706481934,-8.84418487548828,"Male"
"6018403",371836,2025-05-31 11:45:45,43.3576622009277,-8.8442907333374,"Male"
"6018403",371836,2025-05-31 11:50:37,43.3576049804688,-8.84479808807373,"Male"
"6018403",371836,2025-05-31 11:55:36,43.3581924438477,-8.84445858001709,"Male"
"6018403",371836,2025-05-31 12:00:47,43.3393898010254,-8.85043716430664,"Male"
"6018403",371836,2025-05-31 12:05:31,43.3139686584473,-8.85682487487793,"Male"
"6018403",371836,2025-05-31 12:10:30,43.3181686401367,-8.86053848266602,"Male"
"6018403",371836,2025-05-31 12:15:34,43.3201370239258,-8.84605026245117,"Male"
"6018403",371836,2025-05-31 12:20:27,43.3221397399902,-8.84766101837158,"Male"
"6018403",371836,2025-05-31 12:25:35,43.3448677062988,-8.84795761108398,"Male"
"6018403",371836,2025-05-31 12:31:05,43.3576011657715,-8.84407615661621,"Male"
"6018403",371836,2025-05-31 12:35:36,43.3576011657715,-8.84412670135498,"Male"
"6018403",371836,2025-05-31 12:40:42,43.3574562072754,-8.84387397766113,"Male"
"6018403",371836,2025-05-31 12:45:45,43.3575630187988,-8.84401798248291,"Male"
"6018403",371836,2025-05-31 12:50:59,43.3575973510742,-8.84412574768066,"Male"
"6018403",371836,2025-05-31 12:55:27,43.357608795166,-8.84415245056152,"Male"
"6018403",371836,2025-05-31 13:00:29,43.357666015625,-8.84403610229492,"Male"
"6018403",371836,2025-05-31 13:05:27,43.357593536377,-8.84414291381836,"Male"
"6018403",371836,2025-05-31 13:10:29,43.3575592041016,-8.84410190582275,"Male"
"6018403",371836,2025-05-31 13:15:29,43.357551574707,-8.84404754638672,"Male"
"6018403",371836,2025-05-31 13:20:31,43.3575820922852,-8.84401416778564,"Male"
"6018403",371836,2025-05-31 13:25:28,43.3576393127441,-8.84417915344238,"Male"
"6018403",371836,2025-05-31 13:30:27,43.3575820922852,-8.84413051605225,"Male"
"6018403",371836,2025-05-31 13:35:28,43.3576354980469,-8.84415531158447,"Male"
"6018403",371836,2025-05-31 13:40:28,43.3576393127441,-8.84416103363037,"Male"
"6018403",371836,2025-05-31 13:45:30,43.3576469421387,-8.84421825408936,"Male"
"6018403",371836,2025-05-31 13:50:44,43.3576011657715,-8.84422016143799,"Male"
"6018403",371836,2025-05-31 13:55:28,43.3576202392578,-8.84421253204346,"Male"
"6018403",371836,2025-05-31 14:00:30,43.3575096130371,-8.84415245056152,"Male"
"6018403",371836,2025-05-31 14:05:34,43.3575782775879,-8.84420680999756,"Male"
"6018403",371836,2025-05-31 14:10:30,43.3576011657715,-8.844162940979,"Male"
"6018403",371836,2025-05-31 14:15:36,43.3577079772949,-8.84420013427734,"Male"
"6018403",371836,2025-05-31 14:20:44,43.3577499389648,-8.84421920776367,"Male"
"6018403",371836,2025-05-31 14:25:31,43.357666015625,-8.84413814544678,"Male"
"6018403",371836,2025-05-31 14:30:29,43.3576049804688,-8.84450531005859,"Male"
"6018403",371836,2025-05-31 14:35:34,43.3572998046875,-8.84433460235596,"Male"
"6018403",371836,2025-05-31 14:40:28,43.3577041625977,-8.84424304962158,"Male"
"6018403",371836,2025-05-31 14:45:59,43.357608795166,-8.8441686630249,"Male"
"6018403",371836,2025-05-31 14:50:27,43.357608795166,-8.84410381317139,"Male"
"6018403",371836,2025-05-31 14:55:28,43.357551574707,-8.84415340423584,"Male"
"6018403",371836,2025-05-31 15:00:28,43.357536315918,-8.84415054321289,"Male"
"6018403",371836,2025-05-31 15:05:28,43.3575592041016,-8.84419250488281,"Male"
"6018403",371836,2025-05-31 15:10:30,43.357551574707,-8.8441915512085,"Male"
"6018403",371836,2025-05-31 15:15:33,43.3573913574219,-8.84401798248291,"Male"
"6018403",371836,2025-05-31 15:20:31,43.3576927185059,-8.84450340270996,"Male"
"6018403",371836,2025-05-31 15:25:33,43.357307434082,-8.84414482116699,"Male"
"6018403",371836,2025-05-31 15:30:34,43.3575439453125,-8.84414005279541,"Male"
"6018403",371836,2025-05-31 15:35:29,43.3576164245605,-8.84412002563477,"Male"
"6018403",371836,2025-05-31 15:40:29,43.3576622009277,-8.84410095214844,"Male"
"6018403",371836,2025-05-31 15:45:34,43.3576431274414,-8.84420680999756,"Male"
"6018403",371836,2025-05-31 15:50:28,43.3576240539551,-8.84415626525879,"Male"
"6018403",371836,2025-05-31 15:55:33,43.3575630187988,-8.8441276550293,"Male"
"6018403",371836,2025-05-31 16:00:38,43.3575248718262,-8.84403133392334,"Male"
"6018403",371836,2025-05-31 16:05:59,43.3575706481934,-8.84405994415283,"Male"
"6018403",371836,2025-05-31 16:10:29,43.3575172424316,-8.84407138824463,"Male"
"6018403",371836,2025-05-31 16:15:27,43.3576278686523,-8.84415721893311,"Male"
"6018403",371836,2025-05-31 16:20:30,43.3575210571289,-8.844069480896,"Male"
"6018403",371836,2025-05-31 16:25:59,43.357608795166,-8.84411239624023,"Male"
"6018403",371836,2025-05-31 16:30:44,43.3576202392578,-8.84414196014404,"Male"
"6018403",371836,2025-05-31 16:35:30,43.3577995300293,-8.84431934356689,"Male"
"6018403",371836,2025-05-31 16:40:34,43.3576469421387,-8.84406089782715,"Male"
"6018403",371836,2025-05-31 16:45:44,43.3572044372559,-8.84383201599121,"Male"
"6018403",371836,2025-05-31 16:50:33,43.3574256896973,-8.84402179718018,"Male"
"6018403",371836,2025-05-31 16:55:29,43.3574028015137,-8.84401798248291,"Male"
"6018403",371836,2025-05-31 17:00:36,43.3575134277344,-8.84404945373535,"Male"
"6018403",371836,2025-05-31 17:05:34,43.3575134277344,-8.84407043457031,"Male"
"6018403",371836,2025-05-31 17:10:30,43.3575592041016,-8.84575939178467,"Male"
"6018403",371836,2025-05-31 17:15:35,43.3574867248535,-8.84403705596924,"Male"
"6018403",371836,2025-05-31 17:20:36,43.3575172424316,-8.8441858291626,"Male"
"6018403",371836,2025-05-31 17:25:43,43.3575859069824,-8.84410762786865,"Male"
"6018403",371836,2025-05-31 17:30:28,43.3648223876953,-8.85896682739258,"Male"
"6018403",371836,2025-05-31 17:35:36,43.3791847229004,-8.89918613433838,"Male"
"6018403",371836,2025-05-31 17:40:28,43.3896064758301,-8.94154453277588,"Male"
"6018403",371836,2025-05-31 17:45:59,43.3980941772461,-8.99147415161133,"Male"
"6018403",371836,2025-05-31 17:50:28,43.4010772705078,-9.03081512451172,"Male"
"6018403",371836,2025-05-31 17:55:27,43.4100532531738,-9.06972408294678,"Male"
"6018403",371836,2025-05-31 18:00:36,43.4184112548828,-9.108642578125,"Male"
"6018403",371836,2025-05-31 18:05:44,43.424243927002,-9.13942718505859,"Male"
"6018403",371836,2025-05-31 18:10:29,43.430347442627,-9.16246128082275,"Male"
"6018403",371836,2025-05-31 18:15:27,43.4309120178223,-9.2099027633667,"Male"
"6018403",371836,2025-05-31 18:20:28,43.4141387939453,-9.22628021240234,"Male"
"6018403",371836,2025-05-31 18:25:59,43.421028137207,-9.25044441223145,"Male"
"6018403",371836,2025-05-31 18:30:43,43.4130096435547,-9.26059436798096,"Male"
"6018403",371836,2025-05-31 18:35:28,43.4052734375,-9.23784828186035,"Male"
"6018403",371836,2025-05-31 18:40:27,43.419849395752,-9.25619697570801,"Male"
"6018403",371836,2025-05-31 18:45:36,43.436206817627,-9.28300380706787,"Male"
"6018403",371836,2025-05-31 18:50:43,43.4421005249023,-9.26040363311768,"Male"
"6018403",371836,2025-05-31 18:55:36,43.428409576416,-9.2389030456543,"Male"
"6018403",371836,2025-05-31 19:00:39,43.4296722412109,-9.21635341644287,"Male"
"6018403",371836,2025-05-31 19:05:43,43.4337272644043,-9.19026756286621,"Male"
"6018403",371836,2025-05-31 19:11:31,43.4515838623047,-9.21231079101562,"Male"
"6018403",371836,2025-05-31 19:15:27,43.4464721679688,-9.19672584533691,"Male"
"6018403",371836,2025-05-31 19:20:28,43.440071105957,-9.23468494415283,"Male"
"6018403",371836,2025-05-31 19:25:27,43.4229049682617,-9.22629356384277,"Male"
"6018403",371836,2025-05-31 19:30:27,43.4143180847168,-9.20129299163818,"Male"
"6018403",371836,2025-05-31 19:35:27,43.4146118164062,-9.16985321044922,"Male"
"6018403",371836,2025-05-31 19:40:28,43.41455078125,-9.13113403320312,"Male"
"6018403",371836,2025-05-31 19:45:27,43.4119682312012,-9.09129524230957,"Male"
"6018403",371836,2025-05-31 19:50:27,43.4056930541992,-9.05304050445557,"Male"
"6018403",371836,2025-05-31 19:55:37,43.3991394042969,-9.01257419586182,"Male"
"6018403",371836,2025-05-31 20:00:28,43.378231048584,-8.97862720489502,"Male"
"6018403",371836,2025-05-31 20:05:44,43.3706741333008,-8.93697357177734,"Male"
"6018403",371836,2025-05-31 20:10:29,43.3650932312012,-8.89734935760498,"Male"
"6018403",371836,2025-05-31 20:15:34,43.3607940673828,-8.85745048522949,"Male"
"6018403",371836,2025-05-31 20:20:44,43.3577423095703,-8.84430027008057,"Male"
"6018403",371836,2025-05-31 20:25:59,43.3576354980469,-8.84415626525879,"Male"
"6018403",371836,2025-05-31 20:30:30,43.3576927185059,-8.8442907333374,"Male"
"6018403",371836,2025-05-31 20:35:31,43.3575401306152,-8.84414577484131,"Male"
"6018403",371836,2025-05-31 20:40:38,43.3576698303223,-8.84424495697021,"Male"
"6018403",371836,2025-05-31 20:45:34,43.357593536377,-8.84413719177246,"Male"
"6018403",371836,2025-05-31 20:50:34,43.3576164245605,-8.84414863586426,"Male"
"6018403",371836,2025-05-31 20:55:31,43.357551574707,-8.84403038024902,"Male"
"6018403",371836,2025-05-31 21:00:37,43.3575744628906,-8.84410953521729,"Male"
"6018403",371836,2025-05-31 21:05:29,43.3576469421387,-8.84414958953857,"Male"
"6018403",371836,2025-05-31 21:10:36,43.3576202392578,-8.84426116943359,"Male"
"6018403",371836,2025-05-31 21:15:38,43.3575401306152,-8.84421730041504,"Male"
"6018403",371836,2025-05-31 21:20:29,43.3577003479004,-8.84449195861816,"Male"
"6018403",371836,2025-05-31 21:25:36,43.3575859069824,-8.84421443939209,"Male"
"6018403",371836,2025-05-31 21:30:41,43.3575706481934,-8.84416580200195,"Male"
"6018403",371836,2025-05-31 21:35:44,43.3575630187988,-8.84412002563477,"Male"
"6018403",371836,2025-05-31 21:40:34,43.3575248718262,-8.84410667419434,"Male"
"6018403",371836,2025-05-31 21:45:34,43.3576774597168,-8.8437967300415,"Male"
"6018403",371836,2025-05-31 21:50:36,43.3575630187988,-8.8442325592041,"Male"
"6018403",371836,2025-05-31 21:55:44,43.3576393127441,-8.84432125091553,"Male"
"6018403",371836,2025-05-31 22:00:36,43.3577041625977,-8.8443717956543,"Male"
"6018403",371836,2025-05-31 22:05:30,43.3576583862305,-8.84403324127197,"Male"
"6018403",371836,2025-05-31 22:10:35,43.3576202392578,-8.84421920776367,"Male"
"6018403",371836,2025-05-31 22:15:34,43.3576354980469,-8.84385108947754,"Male"
"6018403",371836,2025-05-31 22:20:36,43.357608795166,-8.84397506713867,"Male"
"6018403",371836,2025-05-31 22:25:33,43.3584098815918,-8.8443546295166,"Male"
"6018403",371836,2025-05-31 22:30:36,43.3576469421387,-8.84405422210693,"Male"
"6018403",371836,2025-05-31 22:35:36,43.3576316833496,-8.84412479400635,"Male"
"6018403",371836,2025-05-31 22:40:36,43.357608795166,-8.84421634674072,"Male"
"6018403",371836,2025-05-31 22:46:05,43.3576049804688,-8.84414482116699,"Male"
"6018403",371836,2025-05-31 22:50:28,43.3575401306152,-8.84417152404785,"Male"
"6018403",371836,2025-05-31 22:55:35,43.3576011657715,-8.84414482116699,"Male"
"6018403",371836,2025-05-31 23:00:36,43.357608795166,-8.84405899047852,"Male"
"6018403",371836,2025-05-31 23:05:28,43.357479095459,-8.84408092498779,"Male"
"6018403",371836,2025-05-31 23:10:27,43.3573417663574,-8.84384059906006,"Male"
"6018403",371836,2025-05-31 23:15:35,43.3575859069824,-8.84408760070801,"Male"
"6018403",371836,2025-05-31 23:20:30,43.3575897216797,-8.84419059753418,"Male"
"6018403",371836,2025-05-31 23:25:28,43.3576011657715,-8.84409141540527,"Male"
"6018403",371836,2025-05-31 23:30:29,43.3576393127441,-8.84414291381836,"Male"
"6018403",371836,2025-05-31 23:35:37,43.357738494873,-8.84401988983154,"Male"
"6018403",371836,2025-05-31 23:40:28,43.3574867248535,-8.84380912780762,"Male"
"6018403",371836,2025-05-31 23:45:27,43.3574905395508,-8.84365177154541,"Male"
"6018403",371836,2025-05-31 23:50:27,43.3577613830566,-8.84415054321289,"Male"
"6018403",371836,2025-05-31 23:55:30,43.3576278686523,-8.84425449371338,"Male"
"6018403",371836,2025-06-01 00:00:33,43.3575477600098,-8.84417057037354,"Male"
"6018403",371836,2025-06-01 00:05:35,43.3576164245605,-8.84405422210693,"Male"
"6018403",371836,2025-06-01 00:10:31,43.3576507568359,-8.84413719177246,"Male"
"6018403",371836,2025-06-01 00:15:35,43.3574066162109,-8.84415435791016,"Male"
"6018403",371836,2025-06-01 00:20:38,43.3576240539551,-8.84407997131348,"Male"
"6018403",371836,2025-06-01 00:25:36,43.3576393127441,-8.84410667419434,"Male"
"6018403",371836,2025-06-01 00:30:38,43.3576469421387,-8.84410572052002,"Male"
"6018403",371836,2025-06-01 00:35:39,43.3575744628906,-8.84409332275391,"Male"
"6018403",371836,2025-06-01 00:40:38,43.3575668334961,-8.84402656555176,"Male"
"6018403",371836,2025-06-01 00:45:59,43.3576354980469,-8.84408950805664,"Male"
"6018403",371836,2025-06-01 00:50:27,43.3576164245605,-8.84413528442383,"Male"
"6018403",371836,2025-06-01 00:55:27,43.3576889038086,-8.84410762786865,"Male"
"6018403",371836,2025-06-01 01:00:33,43.3575859069824,-8.84403419494629,"Male"
"6018403",371836,2025-06-01 01:05:27,43.357593536377,-8.84414196014404,"Male"
"6018403",371836,2025-06-01 01:10:27,43.3575973510742,-8.84416007995605,"Male"
"6018403",371836,2025-06-01 01:15:27,43.3575859069824,-8.84409332275391,"Male"
"6018403",371836,2025-06-01 01:20:30,43.3576164245605,-8.84399127960205,"Male"
"6018403",371836,2025-06-01 01:25:33,43.3576507568359,-8.84405326843262,"Male"
"6018403",371836,2025-06-01 01:30:59,43.3576431274414,-8.84402847290039,"Male"
"6018403",371836,2025-06-01 01:35:44,43.3576583862305,-8.84406471252441,"Male"
"6018403",371836,2025-06-01 01:40:27,43.3577690124512,-8.84415054321289,"Male"
"6018403",371836,2025-06-01 01:45:27,43.3576622009277,-8.84406852722168,"Male"
"6018403",371836,2025-06-01 01:50:29,43.3576889038086,-8.84402465820312,"Male"
"6018403",371836,2025-06-01 01:55:28,43.357551574707,-8.8441333770752,"Male"
"6018403",371836,2025-06-01 02:00:27,43.3576545715332,-8.84414196014404,"Male"
"6018403",371836,2025-06-01 02:05:28,43.3576431274414,-8.8441104888916,"Male"
"6018403",371836,2025-06-01 02:10:28,43.3576927185059,-8.84406471252441,"Male"
"6018403",371836,2025-06-01 02:15:29,43.3576927185059,-8.84403991699219,"Male"
"6018403",371836,2025-06-01 02:20:27,43.3577003479004,-8.84403610229492,"Male"
"6018403",371836,2025-06-01 02:25:29,43.3576354980469,-8.84409713745117,"Male"
"6018403",371836,2025-06-01 02:30:41,43.3575630187988,-8.84405136108398,"Male"
"6018403",371836,2025-06-01 02:35:41,43.3577003479004,-8.84407901763916,"Male"
"6018403",371836,2025-06-01 02:40:59,43.3576583862305,-8.8440637588501,"Male"
"6018403",371836,2025-06-01 02:45:27,43.3576278686523,-8.84411525726318,"Male"
"6018403",371836,2025-06-01 02:50:28,43.3576316833496,-8.84409809112549,"Male"
"6018403",371836,2025-06-01 02:55:27,43.3577537536621,-8.84396362304688,"Male"
"6018403",371836,2025-06-01 03:00:30,43.3576850891113,-8.84407901763916,"Male"
"6018403",371836,2025-06-01 03:05:27,43.3577117919922,-8.84400081634521,"Male"
"6018403",371836,2025-06-01 03:10:28,43.3577003479004,-8.84404468536377,"Male"
"6018403",371836,2025-06-01 03:15:27,43.3576774597168,-8.84408760070801,"Male"
"6018403",371836,2025-06-01 03:20:27,43.3576583862305,-8.84414291381836,"Male"
"6018403",371836,2025-06-01 03:25:30,43.3577194213867,-8.84399509429932,"Male"
"6018403",371836,2025-06-01 03:30:27,43.3576927185059,-8.8439998626709,"Male"
"6018403",371836,2025-06-01 03:35:33,43.3576431274414,-8.8440465927124,"Male"
"6018403",371836,2025-06-01 03:40:29,43.357593536377,-8.84407901763916,"Male"
"6018403",371836,2025-06-01 03:45:27,43.3575172424316,-8.8440408706665,"Male"
"6018403",371836,2025-06-01 03:50:29,43.3575630187988,-8.84411334991455,"Male"
"6018403",371836,2025-06-01 03:55:28,43.3575019836426,-8.84395217895508,"Male"
"6018403",371836,2025-06-01 04:00:27,43.357666015625,-8.84408378601074,"Male"
"6018403",371836,2025-06-01 04:05:29,43.35791015625,-8.84434700012207,"Male"
"6018403",371836,2025-06-01 04:10:27,43.3578681945801,-8.84432983398438,"Male"
"6018403",371836,2025-06-01 04:15:29,43.3576354980469,-8.84417247772217,"Male"
"6018403",371836,2025-06-01 04:20:58,43.3575897216797,-8.84411334991455,"Male"
"6018403",371836,2025-06-01 04:25:29,43.357494354248,-8.84432601928711,"Male"
"6018403",371836,2025-06-01 04:30:29,43.3575897216797,-8.84408187866211,"Male"
"6018403",371836,2025-06-01 04:35:31,43.3576240539551,-8.84411430358887,"Male"
"6018403",371836,2025-06-01 04:40:28,43.3576240539551,-8.84407329559326,"Male"
"6018403",371836,2025-06-01 04:45:30,43.3575134277344,-8.84409046173096,"Male"
"6018403",371836,2025-06-01 04:50:30,43.3577499389648,-8.84419727325439,"Male"
"6018403",371836,2025-06-01 04:55:30,43.357608795166,-8.84407424926758,"Male"
"6018403",371836,2025-06-01 05:00:38,43.3576698303223,-8.84420204162598,"Male"
"6018403",371836,2025-06-01 05:05:33,43.3575134277344,-8.84416389465332,"Male"
"6018403",371836,2025-06-01 05:10:30,43.3572998046875,-8.84407806396484,"Male"
"6018403",371836,2025-06-01 05:15:36,43.3576126098633,-8.84425354003906,"Male"
"6018403",371836,2025-06-01 05:20:35,43.3576850891113,-8.84431934356689,"Male"
"6018403",371836,2025-06-01 05:25:31,43.3577499389648,-8.84435272216797,"Male"
"6018403",371836,2025-06-01 05:30:30,43.3574447631836,-8.84399795532227,"Male"
"6018403",371836,2025-06-01 05:35:31,43.3576622009277,-8.84420585632324,"Male"
"6018403",371836,2025-06-01 05:40:45,43.357494354248,-8.84416961669922,"Male"
"6018403",371836,2025-06-01 05:45:33,43.357551574707,-8.84412384033203,"Male"
"6018403",371836,2025-06-01 05:50:31,43.3574676513672,-8.84401988983154,"Male"
"6018403",371836,2025-06-01 05:55:33,43.3574905395508,-8.84408283233643,"Male"
"6018403",371836,2025-06-01 06:00:52,43.3576850891113,-8.84436988830566,"Male"
"6018403",371836,2025-06-01 06:05:33,43.3576698303223,-8.84402656555176,"Male"
"6018403",371836,2025-06-01 06:10:33,43.3576164245605,-8.84412479400635,"Male"
"6018403",371836,2025-06-01 06:15:30,43.3576965332031,-8.84416103363037,"Male"
"6018403",371836,2025-06-01 06:20:30,43.3582916259766,-8.84509944915771,"Male"
"6018403",371836,2025-06-01 06:25:36,43.3579330444336,-8.84348583221436,"Male"
"6018403",371836,2025-06-01 06:30:44,43.3577041625977,-8.84405899047852,"Male"
"6018403",371836,2025-06-01 06:35:35,43.3577537536621,-8.84411144256592,"Male"
"6018403",371836,2025-06-01 06:40:59,43.3576812744141,-8.84415531158447,"Male"
"6018403",371836,2025-06-01 06:45:30,43.357795715332,-8.8442554473877,"Male"
"6018403",371836,2025-06-01 06:50:27,43.3578186035156,-8.84427547454834,"Male"
"6018403",371836,2025-06-01 06:55:28,43.3575859069824,-8.84423160552979,"Male"
"6018403",371836,2025-06-01 07:00:30,43.3576622009277,-8.84416007995605,"Male"
"6018403",371836,2025-06-01 07:05:28,43.3576354980469,-8.84401321411133,"Male"
"6018403",371836,2025-06-01 07:10:29,43.3576736450195,-8.84412384033203,"Male"
"6018403",371836,2025-06-01 07:15:30,43.3576622009277,-8.84412956237793,"Male"
"6018403",371836,2025-06-01 07:20:29,43.3577651977539,-8.84420871734619,"Male"
"6018403",371836,2025-06-01 07:25:30,43.3575973510742,-8.84406089782715,"Male"
"6018403",371836,2025-06-01 07:30:30,43.357738494873,-8.84421157836914,"Male"
"6018403",371836,2025-06-01 07:35:30,43.3578910827637,-8.84432792663574,"Male"
"6018403",371836,2025-06-01 07:40:30,43.3579521179199,-8.84451866149902,"Male"
"6018403",371836,2025-06-01 07:45:31,43.3576202392578,-8.84414672851562,"Male"
"6018403",371836,2025-06-01 07:50:28,43.3578453063965,-8.84440994262695,"Male"
"6018403",371836,2025-06-01 07:55:33,43.3576316833496,-8.84415054321289,"Male"
"6018403",371836,2025-06-01 08:00:28,43.3577766418457,-8.84428787231445,"Male"
"6018403",371836,2025-06-01 08:05:36,43.3576698303223,-8.84414291381836,"Male"
"6018403",371836,2025-06-01 08:10:38,43.3575057983398,-8.84408283233643,"Male"
"6018403",371836,2025-06-01 08:15:42,43.357593536377,-8.84417724609375,"Male"
"6018403",371836,2025-06-01 08:20:37,43.357593536377,-8.8439884185791,"Male"
"6018403",371836,2025-06-01 08:25:35,43.3576545715332,-8.84418106079102,"Male"
"6018403",371836,2025-06-01 08:30:36,43.3575820922852,-8.84423160552979,"Male"
"6018403",371836,2025-06-01 08:35:36,43.3576354980469,-8.84420680999756,"Male"
"6018403",371836,2025-06-01 08:40:35,43.357593536377,-8.8441104888916,"Male"
"6018403",371836,2025-06-01 08:46:07,43.3576431274414,-8.84417724609375,"Male"
"6018403",371836,2025-06-01 08:50:33,43.357666015625,-8.84427928924561,"Male"
"6018403",371836,2025-06-01 08:55:31,43.3576698303223,-8.84419441223145,"Male"
"6018403",371836,2025-06-01 09:00:31,43.357666015625,-8.8441801071167,"Male"
"6018403",371836,2025-06-01 09:05:30,43.3575859069824,-8.84408569335938,"Male"
"6018403",371836,2025-06-01 09:10:28,43.3576240539551,-8.84411334991455,"Male"
"6018403",371836,2025-06-01 09:15:35,43.3576545715332,-8.84417629241943,"Male"
"6018403",371836,2025-06-01 09:20:28,43.3576240539551,-8.84415626525879,"Male"
"6018403",371836,2025-06-01 09:25:27,43.3576927185059,-8.84400272369385,"Male"
"6018403",371836,2025-06-01 09:30:31,43.3577041625977,-8.84408760070801,"Male"
"6018403",371836,2025-06-01 09:35:27,43.3576583862305,-8.84416770935059,"Male"
"6018403",371836,2025-06-01 09:40:27,43.3576316833496,-8.84419345855713,"Male"
"6018403",371836,2025-06-01 09:45:44,43.3576354980469,-8.84418201446533,"Male"
"6018403",371836,2025-06-01 09:50:30,43.3576316833496,-8.84428215026855,"Male"
"6018403",371836,2025-06-01 09:55:34,43.3576049804688,-8.84414005279541,"Male"
"6018403",371836,2025-06-01 10:00:30,43.3576278686523,-8.84410285949707,"Male"
"6018403",371836,2025-06-01 10:05:39,43.3576469421387,-8.84427833557129,"Male"
"6018403",371836,2025-06-01 10:10:29,43.3576545715332,-8.84426403045654,"Male"
"6018403",371836,2025-06-01 10:16:05,43.3576469421387,-8.84426975250244,"Male"
"6018403",371836,2025-06-01 10:20:27,43.3575706481934,-8.84423828125,"Male"
"6018403",371836,2025-06-01 10:25:29,43.3576698303223,-8.84430694580078,"Male"
"6018403",371836,2025-06-01 10:30:29,43.3576278686523,-8.84427261352539,"Male"
"6018403",371836,2025-06-01 10:35:30,43.3577079772949,-8.84439277648926,"Male"
"6018403",371836,2025-06-01 10:40:28,43.3577117919922,-8.84425926208496,"Male"
"6018403",371836,2025-06-01 10:45:35,43.3575859069824,-8.84418392181396,"Male"
"6018403",371836,2025-06-01 10:50:30,43.3576126098633,-8.84423828125,"Male"
"6018403",371836,2025-06-01 10:55:29,43.3577003479004,-8.84438133239746,"Male"
"6018403",371836,2025-06-01 11:00:33,43.3575706481934,-8.84421920776367,"Male"
"6018403",371836,2025-06-01 11:05:31,43.3576202392578,-8.84417152404785,"Male"
"6018403",371836,2025-06-01 11:10:34,43.3584213256836,-8.84452533721924,"Male"
"6018403",371836,2025-06-01 11:15:41,43.3575592041016,-8.84418678283691,"Male"
"6018403",371836,2025-06-01 11:20:33,43.3576202392578,-8.84417629241943,"Male"
"6018403",371836,2025-06-01 11:25:31,43.3574981689453,-8.84419536590576,"Male"
"6018403",371836,2025-06-01 11:30:34,43.3574600219727,-8.84416675567627,"Male"
"6018403",371836,2025-06-01 11:35:36,43.3574180603027,-8.84414386749268,"Male"
"6018403",371836,2025-06-01 11:40:36,43.3574676513672,-8.84419059753418,"Male"
"6018403",371836,2025-06-01 11:45:44,43.3575210571289,-8.8441801071167,"Male"
"6018403",371836,2025-06-01 11:50:28,43.3573303222656,-8.84396171569824,"Male"
"6018403",371836,2025-06-01 11:55:31,43.3574676513672,-8.84412670135498,"Male"
"6018403",371836,2025-06-01 12:00:59,43.3576850891113,-8.84427833557129,"Male"
"6018403",371836,2025-06-01 12:05:36,43.3576927185059,-8.84428119659424,"Male"
"6018403",371836,2025-06-01 12:10:36,43.3576431274414,-8.84432792663574,"Male"
"6018403",371836,2025-06-01 12:15:40,43.3577156066895,-8.84416103363037,"Male"
"6018403",371836,2025-06-01 12:20:39,43.3576889038086,-8.84412002563477,"Male"
"6018403",371836,2025-06-01 12:25:35,43.3576011657715,-8.84430122375488,"Male"
"6018403",371836,2025-06-01 12:30:44,43.3576583862305,-8.84438610076904,"Male"
"6018403",371836,2025-06-01 12:35:31,43.3576126098633,-8.84438419342041,"Male"
"6018403",371836,2025-06-01 12:40:47,43.3576469421387,-8.84434127807617,"Male"
"6018403",371836,2025-06-01 12:45:35,43.3576583862305,-8.84433460235596,"Male"
"6018403",371836,2025-06-01 12:50:35,43.3576202392578,-8.84431552886963,"Male"
"6018403",371836,2025-06-01 12:55:30,43.3577003479004,-8.84416389465332,"Male"
"6018403",371836,2025-06-01 13:00:35,43.3575744628906,-8.84415340423584,"Male"
"6018403",371836,2025-06-01 13:05:29,43.3575744628906,-8.84416484832764,"Male"
"6018403",371836,2025-06-01 13:10:33,43.3576278686523,-8.8441915512085,"Male"
"6018403",371836,2025-06-01 13:15:44,43.3575859069824,-8.84414958953857,"Male"
"6018403",371836,2025-06-01 13:20:30,43.3576850891113,-8.84412384033203,"Male"
"6018403",371836,2025-06-01 13:25:30,43.3576583862305,-8.84407997131348,"Male"
"6018403",371836,2025-06-01 13:30:41,43.3577651977539,-8.84481620788574,"Male"
"6018403",371836,2025-06-01 13:35:36,43.3578300476074,-8.84482288360596,"Male"
"6018403",371836,2025-06-01 13:40:44,43.3576545715332,-8.8440465927124,"Male"
"6018403",371836,2025-06-01 13:45:36,43.3575668334961,-8.84385395050049,"Male"
"6018403",371836,2025-06-01 13:50:37,43.3575897216797,-8.84396457672119,"Male"
"6018403",371836,2025-06-01 13:55:36,43.3576011657715,-8.84389400482178,"Male"
"6018403",371836,2025-06-01 14:00:59,43.3575668334961,-8.84409141540527,"Male"
"6018403",371836,2025-06-01 14:05:39,43.3575820922852,-8.84399509429932,"Male"
"6018403",371836,2025-06-01 14:10:36,43.3575897216797,-8.84415340423584,"Male"
"6018403",371836,2025-06-01 14:15:59,43.3576202392578,-8.84415340423584,"Male"
"6018403",371836,2025-06-01 14:21:05,43.3576583862305,-8.84415054321289,"Male"
"6018403",371836,2025-06-01 14:25:34,43.3576278686523,-8.8441686630249,"Male"
"6018403",371836,2025-06-01 14:30:30,43.3578567504883,-8.84403705596924,"Male"
"6018403",371836,2025-06-01 14:35:42,43.357593536377,-8.84413146972656,"Male"
"6018403",371836,2025-06-01 14:40:36,43.3575897216797,-8.84416198730469,"Male"
"6018403",371836,2025-06-01 14:45:56,43.3576316833496,-8.84420776367188,"Male"
"6018403",371836,2025-06-01 14:50:27,43.3576164245605,-8.84417057037354,"Male"
"6018403",371836,2025-06-01 14:55:33,43.3576927185059,-8.8441743850708,"Male"
"6018403",371836,2025-06-01 15:00:27,43.3576927185059,-8.84410762786865,"Male"
"6018403",371836,2025-06-01 15:05:31,43.3576812744141,-8.84415054321289,"Male"
"6018403",371836,2025-06-01 15:10:27,43.3580360412598,-8.84494876861572,"Male"
"6018403",371836,2025-06-01 15:15:33,43.3576622009277,-8.84419345855713,"Male"
"6018403",371836,2025-06-01 15:20:27,43.3577499389648,-8.84418773651123,"Male"
"6018403",371836,2025-06-01 15:25:29,43.3577117919922,-8.84427833557129,"Male"
"6018403",371836,2025-06-01 15:30:34,43.3578147888184,-8.84454154968262,"Male"
"6018403",371836,2025-06-01 15:35:37,43.3576736450195,-8.84433174133301,"Male"
"6018403",371836,2025-06-01 15:40:34,43.3576583862305,-8.84425067901611,"Male"
"6018403",371836,2025-06-01 15:46:04,43.3576545715332,-8.84427452087402,"Male"
"6018403",371836,2025-06-01 15:50:31,43.3576507568359,-8.84435176849365,"Male"
"6018403",371836,2025-06-01 15:55:28,43.3576965332031,-8.844313621521,"Male"
"6018403",371836,2025-06-01 16:00:33,43.3576965332031,-8.8442325592041,"Male"
"6018403",371836,2025-06-01 16:05:35,43.357723236084,-8.84435558319092,"Male"
"6018403",371836,2025-06-01 16:10:35,43.3575897216797,-8.8441743850708,"Male"
"6018403",371836,2025-06-01 16:15:31,43.3576316833496,-8.84432220458984,"Male"
"6018403",371836,2025-06-01 16:20:29,43.3577156066895,-8.84444236755371,"Male"
"6018403",371836,2025-06-01 16:25:44,43.3576469421387,-8.84416198730469,"Male"
"6018403",371836,2025-06-01 16:30:29,43.3576011657715,-8.84408187866211,"Male"
"6018403",371836,2025-06-01 16:35:30,43.3576126098633,-8.84408187866211,"Male"
"6018403",371836,2025-06-01 16:40:31,43.3576126098633,-8.84412002563477,"Male"
"6018403",371836,2025-06-01 16:45:44,43.3576698303223,-8.84426784515381,"Male"
"6018403",371836,2025-06-01 16:50:28,43.3575706481934,-8.84407901763916,"Male"
"6018403",371836,2025-06-01 16:55:30,43.3576240539551,-8.84410953521729,"Male"
"6018403",371836,2025-06-01 17:00:31,43.3575706481934,-8.84407043457031,"Male"
"6018403",371836,2025-06-01 17:05:31,43.3575973510742,-8.84418106079102,"Male"
"6018403",371836,2025-06-01 17:10:30,43.3577308654785,-8.84429454803467,"Male"
"6018403",371836,2025-06-01 17:15:31,43.3576927185059,-8.84430313110352,"Male"
"6018403",371836,2025-06-01 17:20:31,43.3576202392578,-8.84422874450684,"Male"
"6018403",371836,2025-06-01 17:25:31,43.3576049804688,-8.84422016143799,"Male"
"6018403",371836,2025-06-01 17:30:34,43.3576202392578,-8.84427738189697,"Male"
"6018403",371836,2025-06-01 17:35:34,43.3576316833496,-8.84426307678223,"Male"
"6018403",371836,2025-06-01 17:40:44,43.3575820922852,-8.84407043457031,"Male"
"6018403",371836,2025-06-01 17:45:31,43.3575744628906,-8.84405708312988,"Male"
"6018403",371836,2025-06-01 17:50:35,43.3577308654785,-8.8441915512085,"Male"
"6018403",371836,2025-06-01 17:55:36,43.3575782775879,-8.84414386749268,"Male"
"6018403",371836,2025-06-01 18:00:31,43.3576507568359,-8.84423542022705,"Male"
"6018403",371836,2025-06-01 18:05:34,43.3576583862305,-8.8438835144043,"Male"
"6018403",371836,2025-06-01 18:10:33,43.3574333190918,-8.84390354156494,"Male"
"6018403",371836,2025-06-01 18:15:37,43.3577346801758,-8.84441375732422,"Male"
"6018403",371836,2025-06-01 18:20:56,43.3655471801758,-8.86049461364746,"Male"
"6018403",371836,2025-06-01 18:25:30,43.3745651245117,-8.88725185394287,"Male"
"6018403",371836,2025-06-01 18:30:29,43.3850059509277,-8.92998504638672,"Male"
"6018403",371836,2025-06-01 18:35:30,43.3912353515625,-8.97582530975342,"Male"
"6018403",371836,2025-06-01 18:40:30,43.3942413330078,-9.02285385131836,"Male"
"6018403",371836,2025-06-01 18:45:31,43.3928184509277,-9.07248497009277,"Male"
"6018403",371836,2025-06-01 18:50:33,43.3876800537109,-9.12614059448242,"Male"
"6018403",371836,2025-06-01 18:55:31,43.3821449279785,-9.18050479888916,"Male"
"6018403",371836,2025-06-01 19:00:31,43.3682022094727,-9.23860740661621,"Male"
"6018403",371836,2025-06-01 19:05:38,43.340763092041,-9.2943754196167,"Male"
"6018403",371836,2025-06-01 19:10:44,43.3345794677734,-9.348388671875,"Male"
"6018403",371836,2025-06-01 19:15:36,43.3488998413086,-9.34368705749512,"Male"
"6018403",371836,2025-06-01 19:20:36,43.3613586425781,-9.33638668060303,"Male"
"6018403",371836,2025-06-01 19:25:38,43.375602722168,-9.33229160308838,"Male"
"6018403",371836,2025-06-01 19:30:36,43.3852615356445,-9.32550239562988,"Male"
"6018403",371836,2025-06-01 19:35:53,43.3857803344727,-9.29817676544189,"Male"
"6018403",371836,2025-06-01 19:40:46,43.3874282836914,-9.27495956420898,"Male"
"6018403",371836,2025-06-01 19:45:36,43.3737983703613,-9.24924087524414,"Male"
"6018403",371836,2025-06-01 19:50:36,43.3799667358398,-9.23162269592285,"Male"
"6018403",371836,2025-06-01 19:55:36,43.3932723999023,-9.23886775970459,"Male"
"6018403",371836,2025-06-01 20:01:29,43.4083938598633,-9.26525402069092,"Male"
"6018403",371836,2025-06-01 20:05:31,43.4196624755859,-9.26981925964355,"Male"
"6018403",371836,2025-06-01 20:10:31,43.4334030151367,-9.27325439453125,"Male"
"6018403",371836,2025-06-01 20:15:32,43.4440650939941,-9.26197242736816,"Male"
"6018403",371836,2025-06-01 20:20:27,43.4511337280273,-9.25058650970459,"Male"
"6018403",371836,2025-06-01 20:25:28,43.4587478637695,-9.23270416259766,"Male"
"6018403",371836,2025-06-01 20:31:52,43.4460563659668,-9.19400501251221,"Male"
"6018403",371836,2025-06-01 20:36:05,43.4420967102051,-9.17514801025391,"Male"
"6018403",371836,2025-06-01 20:40:27,43.4414596557617,-9.16137027740479,"Male"
"6018403",371836,2025-06-01 20:45:36,43.4324188232422,-9.12845230102539,"Male"
"6018403",371836,2025-06-01 20:50:28,43.4241676330566,-9.09718227386475,"Male"
"6018403",371836,2025-06-01 20:55:27,43.4138565063477,-9.06410789489746,"Male"
"6018403",371836,2025-06-01 21:00:28,43.4049072265625,-9.03142070770264,"Male"
"6018403",371836,2025-06-01 21:05:27,43.3986701965332,-8.99970626831055,"Male"
"6018403",371836,2025-06-01 21:10:28,43.3920402526855,-8.96683788299561,"Male"
"6018403",371836,2025-06-01 21:15:27,43.3850708007812,-8.94031047821045,"Male"
"6018403",371836,2025-06-01 21:20:27,43.3763160705566,-8.90695381164551,"Male"
"6018403",371836,2025-06-01 21:25:28,43.3666343688965,-8.87584114074707,"Male"
"6018403",371836,2025-06-01 21:30:29,43.3594131469727,-8.84739017486572,"Male"
"6018403",371836,2025-06-01 21:35:28,43.3576812744141,-8.84431266784668,"Male"
"6018403",371836,2025-06-01 21:40:33,43.3576583862305,-8.84421443939209,"Male"
"6018403",371836,2025-06-01 21:45:36,43.3576774597168,-8.84415245056152,"Male"
"6018403",371836,2025-06-01 21:50:33,43.3576202392578,-8.84420776367188,"Male"
"6018403",371836,2025-06-01 21:55:27,43.3576431274414,-8.84422969818115,"Male"
"6018403",371836,2025-06-01 22:00:28,43.3575592041016,-8.84418773651123,"Male"
"6018403",371836,2025-06-01 22:05:44,43.3575782775879,-8.84419822692871,"Male"
"6018403",371836,2025-06-01 22:10:33,43.3575553894043,-8.84419918060303,"Male"
"6018403",371836,2025-06-01 22:15:33,43.3575897216797,-8.84424591064453,"Male"
"6018403",371836,2025-06-01 22:20:35,43.357593536377,-8.84420299530029,"Male"
"6018403",371836,2025-06-01 22:25:36,43.3575897216797,-8.84409523010254,"Male"
"6018403",371836,2025-06-01 22:30:30,43.3576965332031,-8.84420776367188,"Male"
"6018403",371836,2025-06-01 22:36:04,43.3575782775879,-8.84407043457031,"Male"
"6018403",371836,2025-06-01 22:40:27,43.3576774597168,-8.84406757354736,"Male"
"6018403",371836,2025-06-01 22:45:27,43.3576622009277,-8.84397411346436,"Male"
"6018403",371836,2025-06-01 22:50:28,43.3576354980469,-8.8440580368042,"Male"
"6018403",371836,2025-06-01 22:55:28,43.3576049804688,-8.84415626525879,"Male"
"6018403",371836,2025-06-01 23:00:28,43.3575859069824,-8.84402847290039,"Male"
"6018403",371836,2025-06-01 23:05:30,43.3575325012207,-8.84414005279541,"Male"
"6018403",371836,2025-06-01 23:10:30,43.357608795166,-8.8441858291626,"Male"
"6018403",371836,2025-06-01 23:15:30,43.3576431274414,-8.84421634674072,"Male"
"6018403",371836,2025-06-01 23:20:30,43.3576316833496,-8.84414482116699,"Male"
"6018403",371836,2025-06-01 23:25:30,43.3577537536621,-8.84439373016357,"Male"
"6018403",371836,2025-06-01 23:30:33,43.3577728271484,-8.84410572052002,"Male"
"6018403",371836,2025-06-01 23:35:30,43.3577003479004,-8.8441858291626,"Male"
"6018403",371836,2025-06-01 23:40:33,43.3576889038086,-8.84415435791016,"Male"
"6018403",371836,2025-06-01 23:45:28,43.3576049804688,-8.84419059753418,"Male"
"6018403",371836,2025-06-01 23:50:30,43.3576545715332,-8.8441686630249,"Male"
"6018403",371836,2025-06-01 23:55:28,43.3576736450195,-8.84422016143799,"Male"
"6018403",371836,2025-06-02 00:00:29,43.3576431274414,-8.84424591064453,"Male"
"6018403",371836,2025-06-02 00:05:28,43.3574829101562,-8.84651851654053,"Male"
"6018403",371836,2025-06-02 00:10:28,43.3575477600098,-8.84441757202148,"Male"
"6018403",371836,2025-06-02 00:15:37,43.3575782775879,-8.84411716461182,"Male"
"6018403",371836,2025-06-02 00:20:28,43.357666015625,-8.84401416778564,"Male"
"6018403",371836,2025-06-02 00:25:30,43.3576316833496,-8.84406852722168,"Male"
"6018403",371836,2025-06-02 00:30:35,43.357536315918,-8.84426784515381,"Male"
"6018403",371836,2025-06-02 00:35:34,43.3575553894043,-8.84407043457031,"Male"
"6018403",371836,2025-06-02 00:40:31,43.3572616577148,-8.84413242340088,"Male"
"6018403",371836,2025-06-02 00:45:34,43.3575553894043,-8.84420108795166,"Male"
"6018403",371836,2025-06-02 00:50:34,43.3575553894043,-8.84420490264893,"Male"
"6018403",371836,2025-06-02 00:55:31,43.3576736450195,-8.84414005279541,"Male"
"6018403",371836,2025-06-02 01:00:31,43.3576126098633,-8.84420871734619,"Male"
"6018403",371836,2025-06-02 01:05:28,43.3574485778809,-8.84398651123047,"Male"
"6018403",371836,2025-06-02 01:10:36,43.3576545715332,-8.84401988983154,"Male"
"6018403",371836,2025-06-02 01:15:38,43.3577003479004,-8.84405612945557,"Male"
"6018403",371836,2025-06-02 01:20:41,43.3577308654785,-8.84399223327637,"Male"
"6018403",371836,2025-06-02 01:25:53,43.3576126098633,-8.84408473968506,"Male"
"6018403",371836,2025-06-02 01:30:36,43.3576774597168,-8.84403800964355,"Male"
"6018403",371836,2025-06-02 01:35:37,43.3576354980469,-8.84401607513428,"Male"
"6018403",371836,2025-06-02 01:40:36,43.357608795166,-8.84395217895508,"Male"
"6018403",371836,2025-06-02 01:45:44,43.357608795166,-8.84397888183594,"Male"
"6018403",371836,2025-06-02 01:50:36,43.3575820922852,-8.8439826965332,"Male"
"6018403",371836,2025-06-02 01:55:36,43.3575897216797,-8.84395599365234,"Male"
"6018403",371836,2025-06-02 02:00:33,43.3577117919922,-8.84405422210693,"Male"
"6018403",371836,2025-06-02 02:05:41,43.3577003479004,-8.84408092498779,"Male"
"6018403",371836,2025-06-02 02:11:05,43.357666015625,-8.84407424926758,"Male"
"6018403",371836,2025-06-02 02:15:27,43.3576583862305,-8.84404850006104,"Male"
"6018403",371836,2025-06-02 02:20:27,43.3576316833496,-8.84402084350586,"Male"
"6018403",371836,2025-06-02 02:25:28,43.3576698303223,-8.84402561187744,"Male"
"6018403",371836,2025-06-02 02:30:30,43.3576431274414,-8.84407520294189,"Male"
"6018403",371836,2025-06-02 02:35:29,43.3576354980469,-8.84407424926758,"Male"
"6018403",371836,2025-06-02 02:40:30,43.3576545715332,-8.84405899047852,"Male"
"6018403",371836,2025-06-02 02:45:31,43.3576622009277,-8.84413146972656,"Male"
"6018403",371836,2025-06-02 02:50:31,43.3576393127441,-8.84410762786865,"Male"
"6018403",371836,2025-06-02 02:55:29,43.3577766418457,-8.84394454956055,"Male"
"6018403",371836,2025-06-02 03:00:31,43.3576545715332,-8.84405326843262,"Male"
"6018403",371836,2025-06-02 03:05:30,43.3577270507812,-8.84400081634521,"Male"
"6018403",371836,2025-06-02 03:10:30,43.3577117919922,-8.84403038024902,"Male"
"6018403",371836,2025-06-02 03:15:30,43.3576965332031,-8.84405136108398,"Male"
"6018403",371836,2025-06-02 03:20:30,43.3576774597168,-8.84418201446533,"Male"
"6018403",371836,2025-06-02 03:25:30,43.357795715332,-8.84410953521729,"Male"
"6018403",371836,2025-06-02 03:30:34,43.3577117919922,-8.84403228759766,"Male"
"6018403",371836,2025-06-02 03:35:31,43.3576736450195,-8.84402465820312,"Male"
"6018403",371836,2025-06-02 03:40:31,43.3576469421387,-8.84409999847412,"Male"
"6018403",371836,2025-06-02 03:45:31,43.3576126098633,-8.84410285949707,"Male"
"6018403",371836,2025-06-02 03:50:29,43.3577613830566,-8.8441801071167,"Male"
"6018403",371836,2025-06-02 03:55:39,43.3576316833496,-8.84397983551025,"Male"
"6018403",371836,2025-06-02 04:01:05,43.3575439453125,-8.84404945373535,"Male"
"6018403",371836,2025-06-02 04:05:27,43.3576774597168,-8.84410953521729,"Male"
"6018403",371836,2025-06-02 04:10:30,43.3576545715332,-8.84406471252441,"Male"
"6018403",371836,2025-06-02 04:15:31,43.3576469421387,-8.84411144256592,"Male"
"6018403",371836,2025-06-02 04:20:39,43.357852935791,-8.84438896179199,"Male"
"6018403",371836,2025-06-02 04:25:41,43.3576202392578,-8.84431076049805,"Male"
"6018403",371836,2025-06-02 04:30:31,43.3577537536621,-8.8440408706665,"Male"
"6018403",371836,2025-06-02 04:35:30,43.357666015625,-8.84396648406982,"Male"
"6018403",371836,2025-06-02 04:40:31,43.357780456543,-8.84417819976807,"Male"
"6018403",371836,2025-06-02 04:45:44,43.3577346801758,-8.84403514862061,"Male"
"6018403",371836,2025-06-02 04:50:27,43.3578033447266,-8.84373474121094,"Male"
"6018403",371836,2025-06-02 04:55:36,43.3579330444336,-8.84429740905762,"Male"
"6018403",371836,2025-06-02 05:00:30,43.3577766418457,-8.84410095214844,"Male"
"6018403",371836,2025-06-02 05:05:30,43.3579864501953,-8.84439754486084,"Male"
"6018403",371836,2025-06-02 05:10:31,43.3575973510742,-8.84423160552979,"Male"
"6018403",371836,2025-06-02 05:15:31,43.3575477600098,-8.84415054321289,"Male"
"6018403",371836,2025-06-02 05:20:31,43.3575210571289,-8.84424304962158,"Male"
"6018403",371836,2025-06-02 05:25:31,43.3576049804688,-8.84422397613525,"Male"
"6018403",371836,2025-06-02 05:31:05,43.3576011657715,-8.8440990447998,"Male"
"6018403",371836,2025-06-02 05:35:28,43.3575477600098,-8.84421062469482,"Male"
"6018403",371836,2025-06-02 05:40:29,43.357593536377,-8.84416103363037,"Male"
"6018403",371836,2025-06-02 05:45:30,43.3575820922852,-8.84411525726318,"Male"
"6018403",371836,2025-06-02 05:50:29,43.3575592041016,-8.84415435791016,"Male"
"6018403",371836,2025-06-02 05:55:33,43.3575172424316,-8.84414386749268,"Male"
"6018403",371836,2025-06-02 06:00:44,43.3575782775879,-8.84411239624023,"Male"
"6018403",371836,2025-06-02 06:05:31,43.3576164245605,-8.84419536590576,"Male"
"6018403",371836,2025-06-02 06:10:33,43.3575706481934,-8.84411334991455,"Male"
"6018403",371836,2025-06-02 06:15:29,43.3576278686523,-8.84411144256592,"Male"
"6018403",371836,2025-06-02 06:20:27,43.3576622009277,-8.8440408706665,"Male"
"6018403",371836,2025-06-02 06:25:28,43.3576431274414,-8.84407520294189,"Male"
"6018403",371836,2025-06-02 06:30:31,43.3576202392578,-8.84399223327637,"Male"
"6018403",371836,2025-06-02 06:35:33,43.3576202392578,-8.84415531158447,"Male"
"6018403",371836,2025-06-02 06:40:29,43.3576698303223,-8.84409332275391,"Male"
"6018403",371836,2025-06-02 06:45:27,43.3576240539551,-8.84412670135498,"Male"
"6018403",371836,2025-06-02 06:50:28,43.3576622009277,-8.84411907196045,"Male"
"6018403",371836,2025-06-02 06:56:03,43.3576164245605,-8.84420776367188,"Male"
"6018403",371836,2025-06-02 07:00:35,43.3575744628906,-8.84414100646973,"Male"
"6018403",371836,2025-06-02 07:05:43,43.3576164245605,-8.8442907333374,"Male"
"6018403",371836,2025-06-02 07:10:34,43.3576278686523,-8.84419918060303,"Male"
"6018403",371836,2025-06-02 07:15:38,43.3577194213867,-8.84413433074951,"Male"
"6018403",371836,2025-06-02 07:20:51,43.3576126098633,-8.8441743850708,"Male"
"6018403",371836,2025-06-02 07:25:44,43.3575134277344,-8.84405994415283,"Male"
"6018403",371836,2025-06-02 07:30:40,43.3576202392578,-8.84425640106201,"Male"
"6018403",371836,2025-06-02 07:35:31,43.3574523925781,-8.84398078918457,"Male"
"6018403",371836,2025-06-02 07:40:31,43.357666015625,-8.84401798248291,"Male"
"6018403",371836,2025-06-02 07:45:43,43.3576507568359,-8.84416580200195,"Male"
"6018403",371836,2025-06-02 07:50:30,43.3577461242676,-8.84413623809814,"Male"
"6018403",371836,2025-06-02 07:55:39,43.3581809997559,-8.84494590759277,"Male"
"6018403",371836,2025-06-02 08:00:45,43.3575630187988,-8.84414196014404,"Male"
"6018403",371836,2025-06-02 08:05:31,43.357479095459,-8.84402656555176,"Male"
"6018403",371836,2025-06-02 08:10:31,43.3576049804688,-8.84402370452881,"Male"
"6018403",371836,2025-06-02 08:15:28,43.3579292297363,-8.84458637237549,"Male"
"6018403",371836,2025-06-02 08:20:31,43.3575897216797,-8.84399700164795,"Male"
"6018403",371836,2025-06-02 08:25:59,43.3576164245605,-8.84414863586426,"Male"
"6018403",371836,2025-06-02 08:30:28,43.3575553894043,-8.84405994415283,"Male"
"6018403",371836,2025-06-02 08:35:31,43.3576774597168,-8.8441219329834,"Male"
"6018403",371836,2025-06-02 08:40:33,43.3576316833496,-8.84405517578125,"Male"
"6018403",371836,2025-06-02 08:45:44,43.3576850891113,-8.8441858291626,"Male"
"6018403",371836,2025-06-02 08:50:36,43.3576011657715,-8.84407997131348,"Male"
"6018403",371836,2025-06-02 08:55:59,43.3575897216797,-8.84413814544678,"Male"
"6018403",371836,2025-06-02 09:00:27,43.3575782775879,-8.84415531158447,"Male"
"6018403",371836,2025-06-02 09:05:27,43.3575782775879,-8.84414386749268,"Male"
"6018403",371836,2025-06-02 09:10:27,43.3575477600098,-8.84414386749268,"Male"
"6018403",371836,2025-06-02 09:15:27,43.3576126098633,-8.84407234191895,"Male"
"6018403",371836,2025-06-02 09:20:27,43.357593536377,-8.84413814544678,"Male"
"6018403",371836,2025-06-02 09:25:27,43.3575744628906,-8.84414768218994,"Male"
"6018403",371836,2025-06-02 09:30:27,43.3576011657715,-8.84411144256592,"Male"
"6018403",371836,2025-06-02 09:35:27,43.3576583862305,-8.84423446655273,"Male"
"6018403",371836,2025-06-02 09:40:28,43.3575096130371,-8.84424591064453,"Male"
"6018403",371836,2025-06-02 09:45:28,43.3576011657715,-8.84423446655273,"Male"
"6018403",371836,2025-06-02 09:50:27,43.3577079772949,-8.84422206878662,"Male"
"6018403",371836,2025-06-02 09:55:28,43.3576927185059,-8.84423732757568,"Male"
"6018403",371836,2025-06-02 10:00:29,43.3576431274414,-8.84422492980957,"Male"
"6018403",371836,2025-06-02 10:05:28,43.3575973510742,-8.84426879882812,"Male"
"6018403",371836,2025-06-02 10:10:28,43.3577156066895,-8.84428405761719,"Male"
"6018403",371836,2025-06-02 10:15:28,43.3575592041016,-8.84432029724121,"Male"
"6018403",371836,2025-06-02 10:20:29,43.3573341369629,-8.84409713745117,"Male"
"6018403",371836,2025-06-02 10:25:29,43.357608795166,-8.84414482116699,"Male"
"6018403",371836,2025-06-02 10:31:14,43.3575325012207,-8.84419631958008,"Male"
"6018403",371836,2025-06-02 10:35:30,43.3576011657715,-8.84431552886963,"Male"
"6018403",371836,2025-06-02 10:40:36,43.3574562072754,-8.8441801071167,"Male"
"6018403",371836,2025-06-02 10:45:32,43.3577690124512,-8.84420299530029,"Male"
"6018403",371836,2025-06-02 10:50:41,43.3575859069824,-8.84416198730469,"Male"
"6018403",371836,2025-06-02 10:55:28,43.3576736450195,-8.8442211151123,"Male"
"6018403",371836,2025-06-02 11:00:29,43.357479095459,-8.84402275085449,"Male"
"6018403",371836,2025-06-02 11:05:36,43.3575897216797,-8.8442440032959,"Male"
"6018403",371836,2025-06-02 11:10:29,43.3575706481934,-8.84401035308838,"Male"
"6018403",371836,2025-06-02 11:16:05,43.3576240539551,-8.84416484832764,"Male"
"6018403",371836,2025-06-02 11:20:28,43.3575897216797,-8.84427165985107,"Male"
"6018403",371836,2025-06-02 11:25:28,43.3576240539551,-8.84419918060303,"Male"
"6018403",371836,2025-06-02 11:30:29,43.3575859069824,-8.84430694580078,"Male"
"6018403",371836,2025-06-02 11:35:29,43.3576774597168,-8.84408473968506,"Male"
"6018403",371836,2025-06-02 11:40:28,43.3575820922852,-8.84438896179199,"Male"
"6018403",371836,2025-06-02 11:45:28,43.3575897216797,-8.84426784515381,"Male"
"6018403",371836,2025-06-02 11:50:29,43.3576545715332,-8.84405708312988,"Male"
"6018403",371836,2025-06-02 11:55:30,43.3576240539551,-8.84415626525879,"Male"
"6018403",371836,2025-06-02 12:00:31,43.3578567504883,-8.84401893615723,"Male"
"6018403",371836,2025-06-02 12:05:35,43.3576545715332,-8.84439468383789,"Male"
"6018403",371836,2025-06-02 12:10:31,43.3576316833496,-8.84433841705322,"Male"
"6018403",371836,2025-06-02 12:15:30,43.3576469421387,-8.84416389465332,"Male"
"6018403",371836,2025-06-02 12:20:36,43.3576622009277,-8.84414863586426,"Male"
"6018403",371836,2025-06-02 12:25:31,43.3576736450195,-8.84424304962158,"Male"
"6018403",371836,2025-06-02 12:30:29,43.3576545715332,-8.84417533874512,"Male"
"6018403",371836,2025-06-02 12:35:32,43.3576354980469,-8.8441333770752,"Male"
"6018403",371836,2025-06-02 12:40:29,43.3576126098633,-8.84421920776367,"Male"
"6018403",371836,2025-06-02 12:45:37,43.3576354980469,-8.84425067901611,"Male"
"6018403",371836,2025-06-02 12:50:31,43.3576011657715,-8.84423542022705,"Male"
"6018403",371836,2025-06-02 12:55:38,43.3576278686523,-8.84423637390137,"Male"
"6018403",371836,2025-06-02 13:00:41,43.3576469421387,-8.84415435791016,"Male"
"6018403",371836,2025-06-02 13:05:29,43.3576316833496,-8.84422016143799,"Male"
"6018403",371836,2025-06-02 13:10:31,43.3576774597168,-8.84410667419434,"Male"
"6018403",371836,2025-06-02 13:15:30,43.3578948974609,-8.84416103363037,"Male"
"6018403",371836,2025-06-02 13:20:32,43.3576889038086,-8.8440637588501,"Male"
"6018403",371836,2025-06-02 13:25:29,43.3576316833496,-8.8442211151123,"Male"
"6018403",371836,2025-06-02 13:30:29,43.3576431274414,-8.84426689147949,"Male"
"6018403",371836,2025-06-02 13:35:30,43.3577346801758,-8.84430122375488,"Male"
"6018403",371836,2025-06-02 13:40:34,43.3575553894043,-8.84430694580078,"Male"
"6018403",371836,2025-06-02 13:45:29,43.3576622009277,-8.84434509277344,"Male"
"6018403",371836,2025-06-02 13:50:30,43.3577346801758,-8.84438323974609,"Male"
"6018403",371836,2025-06-02 13:55:31,43.3577041625977,-8.84441089630127,"Male"
"6018403",371836,2025-06-02 14:00:45,43.357666015625,-8.84410190582275,"Male"
"6018403",371836,2025-06-02 14:05:32,43.3577079772949,-8.84423637390137,"Male"
"6018403",371836,2025-06-02 14:10:31,43.358081817627,-8.8443717956543,"Male"
"6018403",371836,2025-06-02 14:15:37,43.3577003479004,-8.84419631958008,"Male"
"6018403",371836,2025-06-02 14:20:59,43.357666015625,-8.84416198730469,"Male"
"6018403",371836,2025-06-02 14:25:30,43.3576622009277,-8.84413528442383,"Male"
"6018403",371836,2025-06-02 14:30:37,43.3576545715332,-8.84415721893311,"Male"
"6018403",371836,2025-06-02 14:35:31,43.3575172424316,-8.84422206878662,"Male"
"6018403",371836,2025-06-02 14:40:37,43.3576431274414,-8.84427547454834,"Male"
"6018403",371836,2025-06-02 14:45:59,43.3576774597168,-8.84416389465332,"Male"
"6018403",371836,2025-06-02 14:50:29,43.3574752807617,-8.84420204162598,"Male"
"6018403",371836,2025-06-02 14:55:30,43.3574523925781,-8.84427070617676,"Male"
"6018403",371836,2025-06-02 15:00:30,43.3577919006348,-8.8441858291626,"Male"
"6018403",371836,2025-06-02 15:05:30,43.3574714660645,-8.84414100646973,"Male"
"6018403",371836,2025-06-02 15:10:30,43.3577041625977,-8.84426498413086,"Male"
"6018403",371836,2025-06-02 15:15:32,43.3575897216797,-8.84426307678223,"Male"
"6018403",371836,2025-06-02 15:20:32,43.3576164245605,-8.84420585632324,"Male"
"6018403",371836,2025-06-02 15:25:32,43.357608795166,-8.84421920776367,"Male"
"6018403",371836,2025-06-02 15:30:47,43.3578262329102,-8.84428882598877,"Male"
"6018403",371836,2025-06-02 15:35:32,43.3576774597168,-8.84416484832764,"Male"
"6018403",371836,2025-06-02 15:40:34,43.3578414916992,-8.84432506561279,"Male"
"6018403",371836,2025-06-02 15:45:34,43.3580169677734,-8.84444236755371,"Male"
"6018403",371836,2025-06-02 15:50:34,43.3579635620117,-8.84444332122803,"Male"
"6018403",371836,2025-06-02 15:55:49,43.3578605651855,-8.84432601928711,"Male"
"6018403",371836,2025-06-02 16:00:41,43.3576889038086,-8.84422016143799,"Male"
"6018403",371836,2025-06-02 16:06:35,43.3576049804688,-8.84416198730469,"Male"
"6018403",371836,2025-06-02 16:10:28,43.3575210571289,-8.84414386749268,"Male"
"6018403",371836,2025-06-02 16:15:29,43.3575592041016,-8.84422779083252,"Male"
"6018403",371836,2025-06-02 16:20:30,43.3575668334961,-8.84421443939209,"Male"
"6018403",371836,2025-06-02 16:25:29,43.3575286865234,-8.8441047668457,"Male"
"6018403",371836,2025-06-02 16:30:34,43.3575706481934,-8.84421825408936,"Male"
"6018403",371836,2025-06-02 16:35:34,43.3575706481934,-8.84407520294189,"Male"
"6018403",371836,2025-06-02 16:40:31,43.3576965332031,-8.84427261352539,"Male"
"6018403",371836,2025-06-02 16:45:32,43.3576965332031,-8.8441333770752,"Male"
"6018403",371836,2025-06-02 16:50:49,43.3576622009277,-8.84413051605225,"Male"
"6018403",371836,2025-06-02 16:56:05,43.3576736450195,-8.8441686630249,"Male"
"6018403",371836,2025-06-02 17:00:28,43.3589668273926,-8.84492301940918,"Male"
"6018403",371836,2025-06-02 17:05:29,43.3576545715332,-8.84420776367188,"Male"
"6018403",371836,2025-06-02 17:10:30,43.3578796386719,-8.84409141540527,"Male"
"6018403",371836,2025-06-02 17:15:28,43.3577919006348,-8.84434509277344,"Male"
"6018403",371836,2025-06-02 17:20:28,43.3578414916992,-8.84437274932861,"Male"
"6018403",371836,2025-06-02 17:25:28,43.3578262329102,-8.84430694580078,"Male"
"6018403",371836,2025-06-02 17:30:29,43.3578414916992,-8.84432983398438,"Male"
"6018403",371836,2025-06-02 17:35:31,43.3578186035156,-8.84434509277344,"Male"
"6018403",371836,2025-06-02 17:40:42,43.358325958252,-8.84500694274902,"Male"
"6018403",371836,2025-06-02 17:45:36,43.3579940795898,-8.84403610229492,"Male"
"6018403",371836,2025-06-02 17:50:31,43.3579788208008,-8.84452438354492,"Male"
"6018403",371836,2025-06-02 17:55:37,43.3575286865234,-8.84406185150146,"Male"
"6018403",371836,2025-06-02 18:00:34,43.3575668334961,-8.84405612945557,"Male"
"6018403",371836,2025-06-02 18:05:34,43.3576202392578,-8.84418964385986,"Male"
"6018403",371836,2025-06-02 18:10:34,43.3569068908691,-8.84294414520264,"Male"
"6018403",371836,2025-06-02 18:15:36,43.357723236084,-8.84406566619873,"Male"
"6018403",371836,2025-06-02 18:20:35,43.3576049804688,-8.84405899047852,"Male"
"6018403",371836,2025-06-02 18:25:41,43.3575592041016,-8.84403133392334,"Male"
"6018403",371836,2025-06-02 18:30:34,43.3576316833496,-8.84407711029053,"Male"
"6018403",371836,2025-06-02 18:35:34,43.3574829101562,-8.84390926361084,"Male"
"6018403",371836,2025-06-02 18:40:39,43.3575630187988,-8.84397888183594,"Male"
"6018403",371836,2025-06-02 18:45:44,43.3571968078613,-8.8434476852417,"Male"
"6018403",371836,2025-06-02 18:50:48,43.3570022583008,-8.84304046630859,"Male"
"6018403",371836,2025-06-02 18:55:37,43.3575439453125,-8.84396839141846,"Male"
"6018403",371836,2025-06-02 19:00:40,43.3605461120605,-8.84660911560059,"Male"
"6018403",371836,2025-06-02 19:05:30,43.3755416870117,-8.87610912322998,"Male"
"6018403",371836,2025-06-02 19:10:29,43.3898773193359,-8.90987586975098,"Male"
"6018403",371836,2025-06-02 19:15:29,43.3944129943848,-8.92076206207275,"Male"
"6018403",371836,2025-06-02 19:20:30,43.413501739502,-8.94089221954346,"Male"
"6018403",371836,2025-06-02 19:25:34,43.4213180541992,-8.98153591156006,"Male"
"6018403",371836,2025-06-02 19:30:31,43.4288482666016,-9.01996898651123,"Male"
"6018403",371836,2025-06-02 19:35:29,43.4325981140137,-9.06074142456055,"Male"
"6018403",371836,2025-06-02 19:40:28,43.4396514892578,-9.09777736663818,"Male"
"6018403",371836,2025-06-02 19:46:34,43.4618186950684,-9.11415481567383,"Male"
"6018403",371836,2025-06-02 19:50:30,43.4710845947266,-9.12059688568115,"Male"
"6018403",371836,2025-06-02 19:55:31,43.486385345459,-9.13587284088135,"Male"
"6018403",371836,2025-06-02 20:01:52,43.5023345947266,-9.15214157104492,"Male"
"6018403",371836,2025-06-02 20:05:29,43.5024604797363,-9.15323829650879,"Male"
"6018403",371836,2025-06-02 20:10:38,43.5083045959473,-9.17476272583008,"Male"
"6018403",371836,2025-06-02 20:15:39,43.5082740783691,-9.17619323730469,"Male"
"6018403",371836,2025-06-02 20:20:44,43.504955291748,-9.18131160736084,"Male"
"6018403",371836,2025-06-02 20:26:19,43.5047340393066,-9.18343544006348,"Male"
"6018403",371836,2025-06-02 20:31:19,43.4990310668945,-9.19047927856445,"Male"
"6018403",371836,2025-06-02 20:36:23,43.4992713928223,-9.19169425964355,"Male"
"6018403",371836,2025-06-02 20:41:19,43.4938545227051,-9.19976329803467,"Male"
"6018403",371836,2025-06-02 20:47:05,43.4901657104492,-9.20828533172607,"Male"
"6018403",371836,2025-06-02 20:51:19,43.4905052185059,-9.20931625366211,"Male"
"6018403",371836,2025-06-02 20:56:31,43.4902114868164,-9.20911121368408,"Male"
"6018403",371836,2025-06-02 21:01:20,43.4880180358887,-9.21182727813721,"Male"
"6018403",371836,2025-06-02 21:06:31,43.4800872802734,-9.21729564666748,"Male"
"6018403",371836,2025-06-02 21:11:31,43.4811248779297,-9.21619892120361,"Male"
"6018403",371836,2025-06-02 21:16:31,43.4858245849609,-9.21075439453125,"Male"
"6018403",371836,2025-06-02 21:21:31,43.4854698181152,-9.2102746963501,"Male"
"6018403",371836,2025-06-02 21:26:32,43.4847526550293,-9.21081924438477,"Male"
"6018403",371836,2025-06-02 21:31:29,43.4843788146973,-9.21312713623047,"Male"
"6018403",371836,2025-06-02 21:36:28,43.4842224121094,-9.21282482147217,"Male"
"6018403",371836,2025-06-02 21:41:53,43.4740715026855,-9.21405982971191,"Male"
"6018403",371836,2025-06-02 21:46:24,43.4723777770996,-9.21267318725586,"Male"
"6018403",371836,2025-06-02 21:51:21,43.4725074768066,-9.21367359161377,"Male"
"6018403",371836,2025-06-02 21:56:19,43.4476203918457,-9.17990112304688,"Male"
"6018403",371836,2025-06-02 22:01:19,43.4458160400391,-9.17288970947266,"Male"
"6018403",371836,2025-06-02 22:06:18,43.4305801391602,-9.13736248016357,"Male"
"6018403",371836,2025-06-02 22:11:18,43.4164390563965,-9.0989875793457,"Male"
"6018403",371836,2025-06-02 22:16:18,43.4044189453125,-9.06047821044922,"Male"
"6018403",371836,2025-06-02 22:21:18,43.3938827514648,-9.02099227905273,"Male"
"6018403",371836,2025-06-02 22:26:18,43.3849754333496,-8.98056125640869,"Male"
"6018403",371836,2025-06-02 22:31:18,43.3760948181152,-8.94065856933594,"Male"
"6018403",371836,2025-06-02 22:36:18,43.3662643432617,-8.90163326263428,"Male"
"6018403",371836,2025-06-02 22:41:18,43.359375,-8.86432075500488,"Male"
"6018403",371836,2025-06-02 22:46:22,43.3576507568359,-8.84418678283691,"Male"
"6018403",371836,2025-06-02 22:51:25,43.3576202392578,-8.84410095214844,"Male"
"6018403",371836,2025-06-02 22:56:24,43.3575630187988,-8.8440580368042,"Male"
"6018403",371836,2025-06-02 23:01:41,43.3575897216797,-8.84409332275391,"Male"
"6018403",371836,2025-06-02 23:06:26,43.3575668334961,-8.84400653839111,"Male"
"6018403",371836,2025-06-02 23:12:05,43.3576049804688,-8.8441162109375,"Male"
"6018403",371836,2025-06-02 23:16:20,43.3576240539551,-8.84405326843262,"Male"
"6018403",371836,2025-06-02 23:21:19,43.3575782775879,-8.84421062469482,"Male"
"6018403",371836,2025-06-02 23:26:33,43.3575592041016,-8.84411525726318,"Male"
"6018403",371836,2025-06-02 23:31:18,43.357536315918,-8.84410095214844,"Male"
"6018403",371836,2025-06-02 23:36:17,43.357551574707,-8.84403610229492,"Male"
"6018403",371836,2025-06-02 23:41:17,43.3575706481934,-8.84416103363037,"Male"
"6018403",371836,2025-06-02 23:46:17,43.357593536377,-8.84409236907959,"Male"
"6018403",371836,2025-06-02 23:51:17,43.3576316833496,-8.84407329559326,"Male"
"6018403",371836,2025-06-02 23:56:17,43.3575859069824,-8.84410285949707,"Male"
"6018403",371836,2025-06-03 00:01:18,43.3575973510742,-8.84402751922607,"Male"
"6018403",371836,2025-06-03 00:06:17,43.3575172424316,-8.84423923492432,"Male"
"6018403",371836,2025-06-03 00:11:17,43.3575744628906,-8.8441276550293,"Male"
"6018403",371836,2025-06-03 00:16:28,43.357608795166,-8.84415340423584,"Male"
"6018403",371836,2025-06-03 00:21:17,43.3575286865234,-8.84426212310791,"Male"
"6018403",371836,2025-06-03 00:26:19,43.357608795166,-8.8441162109375,"Male"
"6018403",371836,2025-06-03 00:31:17,43.3576011657715,-8.84408473968506,"Male"
"6018403",371836,2025-06-03 00:36:17,43.3576278686523,-8.84413242340088,"Male"
"6018403",371836,2025-06-03 00:41:17,43.3576164245605,-8.84409332275391,"Male"
"6018403",371836,2025-06-03 00:46:17,43.3576354980469,-8.8441686630249,"Male"
"6018403",371836,2025-06-03 00:51:17,43.3575630187988,-8.84409046173096,"Male"
"6018403",371836,2025-06-03 00:56:17,43.3576698303223,-8.84416103363037,"Male"
"6018403",371836,2025-06-03 01:01:17,43.3576240539551,-8.84401512145996,"Male"
"6018403",371836,2025-06-03 01:06:17,43.3576774597168,-8.84413146972656,"Male"
"6018403",371836,2025-06-03 01:11:17,43.3576622009277,-8.84411907196045,"Male"
"6018403",371836,2025-06-03 01:16:18,43.3575820922852,-8.84415626525879,"Male"
"6018403",371836,2025-06-03 01:21:20,43.3577041625977,-8.84419631958008,"Male"
"6018403",371836,2025-06-03 01:26:23,43.3576927185059,-8.84418296813965,"Male"
"6018403",371836,2025-06-03 01:31:22,43.3576927185059,-8.84418964385986,"Male"
"6018403",371836,2025-06-03 01:36:30,43.3577575683594,-8.84420967102051,"Male"
"6018403",371836,2025-06-03 01:41:32,43.3578300476074,-8.84429836273193,"Male"
"6018403",371836,2025-06-03 01:46:32,43.357780456543,-8.84423351287842,"Male"
"6018403",371836,2025-06-03 01:51:32,43.3577270507812,-8.84416961669922,"Male"
"6018403",371836,2025-06-03 01:56:42,43.3577003479004,-8.84428310394287,"Male"
"6018403",371836,2025-06-03 02:01:26,43.3576316833496,-8.84429168701172,"Male"
"6018403",371836,2025-06-03 02:06:54,43.3576850891113,-8.84414863586426,"Male"
"6018403",371836,2025-06-03 02:11:18,43.357608795166,-8.84406280517578,"Male"
"6018403",371836,2025-06-03 02:16:18,43.3576736450195,-8.84385776519775,"Male"
"6018403",371836,2025-06-03 02:21:19,43.3576622009277,-8.84428977966309,"Male"
"6018403",371836,2025-06-03 02:27:23,43.3576202392578,-8.84413433074951,"Male"
"6018403",371836,2025-06-03 02:31:18,43.3577270507812,-8.84399318695068,"Male"
"6018403",371836,2025-06-03 02:36:18,43.3575286865234,-8.84419822692871,"Male"
"6018403",371836,2025-06-03 02:41:18,43.3575973510742,-8.84418296813965,"Male"
"6018403",371836,2025-06-03 02:46:25,43.357852935791,-8.84383296966553,"Male"
"6018403",371836,2025-06-03 02:56:20,43.3578300476074,-8.84394550323486,"Male"
"6018403",371836,2025-06-03 03:01:20,43.3575057983398,-8.84417057037354,"Male"
"6018403",371836,2025-06-03 03:11:20,43.3576812744141,-8.84404373168945,"Male"
"6018403",371836,2025-06-03 03:16:21,43.3577194213867,-8.84402656555176,"Male"
"6018403",371836,2025-06-03 03:26:26,43.3575630187988,-8.84408950805664,"Male"
"6018403",371836,2025-06-03 03:31:22,43.3579177856445,-8.84412956237793,"Male"
"6018403",371836,2025-06-03 03:41:20,43.357723236084,-8.84420108795166,"Male"
"6018403",371836,2025-06-03 03:46:22,43.3577270507812,-8.84412860870361,"Male"
"6018403",371836,2025-06-03 03:56:23,43.3578071594238,-8.84427547454834,"Male"
"6018403",371836,2025-06-03 04:06:31,43.3574485778809,-8.84411716461182,"Male"
"6018403",371836,2025-06-03 04:16:23,43.3574485778809,-8.84402179718018,"Male"
"6018403",371836,2025-06-03 04:27:35,43.3576393127441,-8.8441219329834,"Male"
"6018403",371836,2025-06-03 04:36:20,43.3576812744141,-8.84407043457031,"Male"
"6018403",371836,2025-06-03 04:46:19,43.3575859069824,-8.84407329559326,"Male"
"6018403",371836,2025-06-03 04:56:21,43.356990814209,-8.84359931945801,"Male"
"6018403",371836,2025-06-03 05:06:20,43.357349395752,-8.84389686584473,"Male"
"6018403",371836,2025-06-03 05:16:22,43.3576889038086,-8.84422874450684,"Male"
"6018403",371836,2025-06-03 05:26:23,43.357780456543,-8.84436130523682,"Male"
"6018403",371836,2025-06-03 05:36:19,43.3575744628906,-8.84415054321289,"Male"
"6018403",371836,2025-06-03 05:46:44,43.3576278686523,-8.84415245056152,"Male"
"6018403",371836,2025-06-03 05:56:17,43.3576354980469,-8.84422397613525,"Male"
"6018403",371836,2025-06-03 06:06:23,43.3575859069824,-8.84414291381836,"Male"
"6018403",371836,2025-06-03 06:16:28,43.3575859069824,-8.84409523010254,"Male"
"6018403",371836,2025-06-03 06:26:32,43.3575897216797,-8.84352874755859,"Male"
"6018403",371836,2025-06-03 06:36:45,43.3574523925781,-8.84366130828857,"Male"
"6018403",371836,2025-06-03 06:46:31,43.3574523925781,-8.84380054473877,"Male"
"6018403",371836,2025-06-03 06:56:24,43.3576698303223,-8.84434986114502,"Male"
"6018403",371836,2025-06-03 07:06:39,43.3574523925781,-8.84377861022949,"Male"
"6018403",371836,2025-06-03 07:16:32,43.3574562072754,-8.84381008148193,"Male"
"6018403",371836,2025-06-03 07:26:31,43.3574752807617,-8.84380435943604,"Male"
"6018403",371836,2025-06-03 07:36:45,43.3578987121582,-8.84470653533936,"Male"
"6018403",371836,2025-06-03 07:46:53,43.3575172424316,-8.84404468536377,"Male"
"6018403",371836,2025-06-03 07:56:31,43.3575897216797,-8.843994140625,"Male"
"6018403",371836,2025-06-03 08:06:26,43.3574752807617,-8.84409523010254,"Male"
"6018403",371836,2025-06-03 08:16:31,43.3576011657715,-8.84401226043701,"Male"
"6018403",371836,2025-06-03 08:26:44,43.3575553894043,-8.84402370452881,"Male"
"6018403",371836,2025-06-03 08:36:44,43.3576240539551,-8.84408569335938,"Male"
"6018403",371836,2025-06-03 08:46:31,43.3575439453125,-8.84407997131348,"Male"
"6018403",371836,2025-06-03 08:56:31,43.3575897216797,-8.84412384033203,"Male"
"6018403",371836,2025-06-03 09:06:31,43.3576202392578,-8.84420967102051,"Male"
"6018403",371836,2025-06-03 09:16:47,43.3574066162109,-8.84359169006348,"Male"
"6018403",371836,2025-06-03 09:26:53,43.3576698303223,-8.84416484832764,"Male"
"6018403",371836,2025-06-03 09:36:17,43.3575706481934,-8.84421730041504,"Male"
"6018403",371836,2025-06-03 09:46:22,43.3576126098633,-8.84402656555176,"Male"
"6018403",371836,2025-06-03 09:56:21,43.3576812744141,-8.84406089782715,"Male"
"6018403",371836,2025-06-03 10:01:18,43.3714179992676,-8.85461235046387,"Male"
"6018403",371836,2025-06-03 10:06:18,43.4066390991211,-8.87153339385986,"Male"
"6018403",371836,2025-06-03 10:11:21,43.443904876709,-8.89041423797607,"Male"
"6018403",371836,2025-06-03 10:16:22,43.4834136962891,-8.90687847137451,"Male"
"6018403",371836,2025-06-03 10:21:23,43.5238761901855,-8.91383934020996,"Male"
"6018403",371836,2025-06-03 10:26:26,43.5665817260742,-8.92093086242676,"Male"
"6018403",371836,2025-06-03 10:31:43,43.6099891662598,-8.92632389068604,"Male"
"6018403",371836,2025-06-03 10:36:18,43.6459083557129,-8.91145992279053,"Male"
"6018403",371836,2025-06-03 10:41:17,43.6640510559082,-8.86163806915283,"Male"
"6018403",371836,2025-06-03 10:46:18,43.6908874511719,-8.83490753173828,"Male"
"6018403",371836,2025-06-03 10:51:20,43.6917839050293,-8.83546447753906,"Male"
"6018403",371836,2025-06-03 10:56:19,43.6923179626465,-8.83606433868408,"Male"
"6018403",371836,2025-06-03 11:01:21,43.6929664611816,-8.83597660064697,"Male"
"6018403",371836,2025-06-03 11:06:21,43.693416595459,-8.83583068847656,"Male"
"6018403",371836,2025-06-03 11:11:20,43.6982154846191,-8.83476543426514,"Male"
"6018403",371836,2025-06-03 11:17:12,43.7238883972168,-8.80471801757812,"Male"
"6018403",371836,2025-06-03 11:21:32,43.7246894836426,-8.80459499359131,"Male"
"6018403",371836,2025-06-03 11:26:53,43.726921081543,-8.7569694519043,"Male"
"6018403",371836,2025-06-03 11:31:20,43.7379455566406,-8.71846961975098,"Male"
"6018403",371836,2025-06-03 11:36:24,43.7379608154297,-8.71749591827393,"Male"
"6018403",371836,2025-06-03 11:41:31,43.7379875183105,-8.71583557128906,"Male"
"6018403",371836,2025-06-03 11:46:31,43.7377853393555,-8.71447944641113,"Male"
"6018403",371836,2025-06-03 11:51:23,43.7373466491699,-8.7126522064209,"Male"
"6018403",371836,2025-06-03 11:56:31,43.7368659973145,-8.71211242675781,"Male"
"6018403",371836,2025-06-03 12:01:21,43.7273597717285,-8.70912933349609,"Male"
"6018403",371836,2025-06-03 12:06:23,43.7256050109863,-8.70737457275391,"Male"
"6018403",371836,2025-06-03 12:11:31,43.7254524230957,-8.70636177062988,"Male"
"6018403",371836,2025-06-03 12:16:19,43.7253456115723,-8.70555019378662,"Male"
"6018403",371836,2025-06-03 12:21:31,43.7251510620117,-8.70456981658936,"Male"
"6018403",371836,2025-06-03 12:26:18,43.7251014709473,-8.70394325256348,"Male"
"6018403",371836,2025-06-03 12:31:33,43.724910736084,-8.70299434661865,"Male"
"6018403",371836,2025-06-03 12:36:32,43.724723815918,-8.70220279693604,"Male"
"6018403",371836,2025-06-03 12:41:36,43.724781036377,-8.70131683349609,"Male"
"6018403",371836,2025-06-03 12:46:55,43.7349586486816,-8.69455909729004,"Male"
"6018403",371836,2025-06-03 12:51:37,43.7347221374512,-8.69339466094971,"Male"
"6018403",371836,2025-06-03 12:56:44,43.7340545654297,-8.69166278839111,"Male"
"6018403",371836,2025-06-03 13:01:31,43.7336158752441,-8.69060611724854,"Male"
"6018403",371836,2025-06-03 13:06:31,43.7331619262695,-8.68967437744141,"Male"
"6018403",371836,2025-06-03 13:11:31,43.7327728271484,-8.68895816802979,"Male"
"6018403",371836,2025-06-03 13:16:29,43.7325477600098,-8.6880407333374,"Male"
"6018403",371836,2025-06-03 13:22:41,43.7306632995605,-8.69579982757568,"Male"
"6018403",371836,2025-06-03 13:26:53,43.7322311401367,-8.69549083709717,"Male"
"6018403",371836,2025-06-03 13:31:19,43.719554901123,-8.70465087890625,"Male"
"6018403",371836,2025-06-03 13:36:22,43.6986656188965,-8.7139949798584,"Male"
"6018403",371836,2025-06-03 13:41:21,43.6803321838379,-8.72840785980225,"Male"
"6018403",371836,2025-06-03 13:46:32,43.6798057556152,-8.72837066650391,"Male"
"6018403",371836,2025-06-03 13:51:38,43.6674690246582,-8.73921871185303,"Male"
"6018403",371836,2025-06-03 13:56:39,43.6496391296387,-8.75407981872559,"Male"
"6018403",371836,2025-06-03 14:02:37,43.6283264160156,-8.77123928070068,"Male"
"6018403",371836,2025-06-03 14:06:18,43.6153030395508,-8.78310489654541,"Male"
"6018403",371836,2025-06-03 14:11:59,43.5944786071777,-8.79868221282959,"Male"
"6018403",371836,2025-06-03 14:16:20,43.582447052002,-8.80444240570068,"Male"
"6018403",371836,2025-06-03 14:21:23,43.5828018188477,-8.80434989929199,"Male"
"6018403",371836,2025-06-03 14:26:19,43.5808258056641,-8.80488586425781,"Male"
"6018403",371836,2025-06-03 14:31:17,43.5609741210938,-8.81341171264648,"Male"
"6018403",371836,2025-06-03 14:36:17,43.5393218994141,-8.82055854797363,"Male"
"6018403",371836,2025-06-03 14:41:18,43.518985748291,-8.83246898651123,"Male"
"6018403",371836,2025-06-03 14:46:18,43.4986000061035,-8.84410667419434,"Male"
"6018403",371836,2025-06-03 14:51:17,43.4768180847168,-8.85215187072754,"Male"
"6018403",371836,2025-06-03 14:56:17,43.4542770385742,-8.8588809967041,"Male"
"6018403",371836,2025-06-03 15:01:17,43.4304809570312,-8.86225509643555,"Male"
"6018403",371836,2025-06-03 15:06:18,43.4051094055176,-8.85981273651123,"Male"
"6018403",371836,2025-06-03 15:11:18,43.3779830932617,-8.85230445861816,"Male"
"6018403",371836,2025-06-03 15:16:19,43.3576354980469,-8.84425258636475,"Male"
"6018403",371836,2025-06-03 15:21:17,43.3576393127441,-8.84431648254395,"Male"
"6018403",371836,2025-06-03 15:26:18,43.3578567504883,-8.84445476531982,"Male"
"6018403",371836,2025-06-03 15:31:17,43.3576774597168,-8.84431838989258,"Male"
"6018403",371836,2025-06-03 15:36:18,43.3577003479004,-8.84437274932861,"Male"
"6018403",371836,2025-06-03 15:41:17,43.3575706481934,-8.84421920776367,"Male"
"6018403",371836,2025-06-03 15:46:17,43.357666015625,-8.84429359436035,"Male"
"6018403",371836,2025-06-03 15:51:18,43.3577499389648,-8.84442329406738,"Male"
"6018403",371836,2025-06-03 15:56:20,43.3576202392578,-8.84428787231445,"Male"
"6018403",371836,2025-06-03 16:01:44,43.357421875,-8.84419250488281,"Male"
"6018403",371836,2025-06-03 16:06:44,43.3575286865234,-8.8442554473877,"Male"
"6018403",371836,2025-06-03 16:11:23,43.3576316833496,-8.84430313110352,"Male"
"6018403",371836,2025-06-03 16:16:24,43.3577270507812,-8.84432697296143,"Male"
"6018403",371836,2025-06-03 16:21:39,43.3574600219727,-8.84420013427734,"Male"
"6018403",371836,2025-06-03 16:26:17,43.3578987121582,-8.84530258178711,"Male"
"6018403",371836,2025-06-03 16:31:36,43.357852935791,-8.84441375732422,"Male"
"6018403",371836,2025-06-03 16:36:24,43.3576965332031,-8.84424877166748,"Male"
"6018403",371836,2025-06-03 16:41:20,43.3575668334961,-8.84415340423584,"Male"
"6018403",371836,2025-06-03 16:46:44,43.3530006408691,-8.84571266174316,"Male"
"6018403",371836,2025-06-03 16:51:18,43.3291969299316,-8.84622192382812,"Male"
"6018403",371836,2025-06-03 16:56:20,43.3139762878418,-8.85691261291504,"Male"
"6018403",371836,2025-06-03 17:01:18,43.3145942687988,-8.85693836212158,"Male"
"6018403",371836,2025-06-03 17:06:19,43.3143692016602,-8.85677146911621,"Male"
"6018403",371836,2025-06-03 17:11:22,43.3140525817871,-8.8565673828125,"Male"
"6018403",371836,2025-06-03 17:16:18,43.317699432373,-8.85625171661377,"Male"
"6018403",371836,2025-06-03 17:21:18,43.3445358276367,-8.84311676025391,"Male"
"6018403",371836,2025-06-03 17:26:23,43.3572998046875,-8.84382057189941,"Male"
"6018403",371836,2025-06-03 17:31:44,43.3576202392578,-8.84416961669922,"Male"
"6018403",371836,2025-06-03 17:36:25,43.357494354248,-8.84377479553223,"Male"
"6018403",371836,2025-06-03 17:41:31,43.3576545715332,-8.84416389465332,"Male"
"6018403",371836,2025-06-03 17:46:32,43.3576049804688,-8.84411525726318,"Male"
"6018403",371836,2025-06-03 17:51:53,43.3575668334961,-8.84422492980957,"Male"
"6018403",371836,2025-06-03 17:56:20,43.3575019836426,-8.84425163269043,"Male"
"6018403",371836,2025-06-03 18:01:26,43.3575057983398,-8.84402084350586,"Male"
"6018403",371836,2025-06-03 18:06:17,43.3574295043945,-8.84388160705566,"Male"
"6018403",371836,2025-06-03 18:12:02,43.3575744628906,-8.84412479400635,"Male"
"6018403",371836,2025-06-03 18:16:18,43.3576164245605,-8.84420394897461,"Male"
"6018403",371836,2025-06-03 18:21:19,43.3576049804688,-8.84411716461182,"Male"
"6018403",371836,2025-06-03 18:26:17,43.3576278686523,-8.84420871734619,"Male"
"6018403",371836,2025-06-03 18:31:17,43.3576164245605,-8.8441858291626,"Male"
"6018403",371836,2025-06-03 18:36:19,43.3576698303223,-8.8442850112915,"Male"
"6018403",371836,2025-06-03 18:41:19,43.3576316833496,-8.8441686630249,"Male"
"6018403",371836,2025-06-03 18:46:43,43.3576469421387,-8.84414386749268,"Male"
"6018403",371836,2025-06-03 18:51:20,43.3576316833496,-8.84406757354736,"Male"
"6018403",371836,2025-06-03 18:56:18,43.3576927185059,-8.84418773651123,"Male"
"6018403",371836,2025-06-03 19:01:20,43.3577117919922,-8.84416007995605,"Male"
"6018403",371836,2025-06-03 19:06:20,43.3577156066895,-8.84437465667725,"Male"
"6018403",371836,2025-06-03 19:11:21,43.3575820922852,-8.84423160552979,"Male"
"6018403",371836,2025-06-03 19:16:20,43.3573684692383,-8.84389686584473,"Male"
"6018403",371836,2025-06-03 19:21:20,43.3576011657715,-8.84402370452881,"Male"
"6018403",371836,2025-06-03 19:26:17,43.3579025268555,-8.84458065032959,"Male"
"6018403",371836,2025-06-03 19:31:44,43.3576164245605,-8.84402465820312,"Male"
"6018403",371836,2025-06-03 19:36:19,43.3576316833496,-8.84405994415283,"Male"
"6018403",371836,2025-06-03 19:41:18,43.3575859069824,-8.8441104888916,"Male"
"6018403",371836,2025-06-03 19:46:53,43.3577919006348,-8.84447479248047,"Male"
"6018403",371836,2025-06-03 19:51:21,43.357780456543,-8.84458923339844,"Male"
"6018403",371836,2025-06-03 19:56:19,43.3576316833496,-8.84426212310791,"Male"
"6018403",371836,2025-06-03 20:01:53,43.3576583862305,-8.84427547454834,"Male"
"6018403",371836,2025-06-03 20:06:18,43.3576202392578,-8.8442850112915,"Male"
"6018403",371836,2025-06-03 20:11:21,43.3575973510742,-8.8442440032959,"Male"
"6018403",371836,2025-06-03 20:16:18,43.3576126098633,-8.84413242340088,"Male"
"6018403",371836,2025-06-03 20:21:17,43.3576431274414,-8.84478282928467,"Male"
"6018403",371836,2025-06-03 20:26:31,43.3575439453125,-8.8441276550293,"Male"
"6018403",371836,2025-06-03 20:31:20,43.3575401306152,-8.84422588348389,"Male"
"6018403",371836,2025-06-03 20:36:31,43.3575668334961,-8.84416770935059,"Male"
"6018403",371836,2025-06-03 20:41:20,43.3575248718262,-8.84423351287842,"Male"
"6018403",371836,2025-06-03 20:46:42,43.3575325012207,-8.84432029724121,"Male"
"6018403",371836,2025-06-03 20:51:21,43.3576202392578,-8.84453296661377,"Male"
"6018403",371836,2025-06-03 20:56:53,43.357551574707,-8.8441162109375,"Male"
"6018403",371836,2025-06-03 21:01:26,43.357551574707,-8.84417629241943,"Male"
"6018403",371836,2025-06-03 21:06:49,43.357536315918,-8.84409236907959,"Male"
"6018403",371836,2025-06-03 21:11:19,43.3575592041016,-8.84428691864014,"Male"
"6018403",371836,2025-06-03 21:16:17,43.3575706481934,-8.84421825408936,"Male"
"6018403",371836,2025-06-03 21:21:17,43.3575592041016,-8.84420299530029,"Male"
"6018403",371836,2025-06-03 21:26:17,43.357593536377,-8.84431743621826,"Male"
"6018403",371836,2025-06-03 21:31:19,43.3575973510742,-8.84411907196045,"Male"
"6018403",371836,2025-06-03 21:36:18,43.357608795166,-8.84418487548828,"Male"
"6018403",371836,2025-06-03 21:41:22,43.3582038879395,-8.84484767913818,"Male"
"6018403",371836,2025-06-03 21:46:53,43.3575553894043,-8.84414196014404,"Male"
"6018403",371836,2025-06-03 21:51:18,43.3576393127441,-8.84419918060303,"Male"
"6018403",371836,2025-06-03 21:56:17,43.3575897216797,-8.84404754638672,"Male"
"6018403",371836,2025-06-03 22:01:17,43.357666015625,-8.84415245056152,"Male"
"6018403",371836,2025-06-03 22:06:25,43.357551574707,-8.84397792816162,"Male"
"6018403",371836,2025-06-03 22:12:41,43.3575859069824,-8.84415817260742,"Male"
"6018403",371836,2025-06-03 22:17:41,43.3575630187988,-8.84412097930908,"Male"
"6018403",371836,2025-06-03 22:21:53,43.3576011657715,-8.8441276550293,"Male"
"6018403",371836,2025-06-03 22:26:20,43.3577766418457,-8.84414100646973,"Male"
"6018403",371836,2025-06-03 22:31:18,43.3575973510742,-8.84416770935059,"Male"
"6018403",371836,2025-06-03 22:36:17,43.3575782775879,-8.84413051605225,"Male"
"6018403",371836,2025-06-03 22:41:18,43.3576774597168,-8.84427928924561,"Male"
"6018403",371836,2025-06-03 22:46:26,43.3576278686523,-8.84412097930908,"Male"
"6018403",371836,2025-06-03 22:51:18,43.3576507568359,-8.84417343139648,"Male"
"6018403",371836,2025-06-03 22:56:18,43.357551574707,-8.84414768218994,"Male"
"6018403",371836,2025-06-03 23:01:18,43.3575859069824,-8.84414291381836,"Male"
"6018403",371836,2025-06-03 23:06:31,43.3575630187988,-8.84416007995605,"Male"
"6018403",371836,2025-06-03 23:11:24,43.3575668334961,-8.84421539306641,"Male"
"6018403",371836,2025-06-03 23:16:31,43.3575630187988,-8.84415149688721,"Male"
"6018403",371836,2025-06-03 23:21:29,43.3576164245605,-8.84419631958008,"Male"
"6018403",371836,2025-06-03 23:26:21,43.3575630187988,-8.84438419342041,"Male"
"6018403",371836,2025-06-03 23:31:20,43.3576049804688,-8.84423542022705,"Male"
"6018403",371836,2025-06-03 23:36:20,43.3575782775879,-8.84418201446533,"Male"
"6018403",371836,2025-06-03 23:41:23,43.3575744628906,-8.84399318695068,"Male"
"6018403",371836,2025-06-03 23:46:20,43.3576011657715,-8.8439359664917,"Male"
"6018403",371836,2025-06-03 23:51:19,43.3575782775879,-8.84364414215088,"Male"
"6018403",371836,2025-06-03 23:56:20,43.357551574707,-8.84503078460693,"Male"
"6018403",371836,2025-06-04 00:01:18,43.3575630187988,-8.84389019012451,"Male"
"6018403",371836,2025-06-04 00:06:21,43.3574752807617,-8.84607028961182,"Male"
"6018403",371836,2025-06-04 00:11:21,43.3573608398438,-8.84703540802002,"Male"
"6018403",371836,2025-06-04 00:16:34,43.3576812744141,-8.84406661987305,"Male"
"6018403",371836,2025-06-04 00:21:22,43.3575325012207,-8.84401893615723,"Male"
"6018403",371836,2025-06-04 00:26:33,43.3576316833496,-8.84408855438232,"Male"
"6018403",371836,2025-06-04 00:31:20,43.3576889038086,-8.84409046173096,"Male"
"6018403",371836,2025-06-04 00:36:45,43.3575973510742,-8.84410858154297,"Male"
"6018403",371836,2025-06-04 00:41:22,43.3575286865234,-8.8443775177002,"Male"
"6018403",371836,2025-06-04 00:46:21,43.3575973510742,-8.84413242340088,"Male"
"6018403",371836,2025-06-04 00:51:21,43.3577537536621,-8.8440465927124,"Male"
"6018403",371836,2025-06-04 00:56:19,43.3577156066895,-8.84407806396484,"Male"
"6018403",371836,2025-06-04 01:01:43,43.357494354248,-8.84414100646973,"Male"
"6018403",371836,2025-06-04 01:06:21,43.3576278686523,-8.84410285949707,"Male"
"6018403",371836,2025-06-04 01:11:46,43.3576354980469,-8.8441276550293,"Male"
"6018403",371836,2025-06-04 01:16:24,43.3572731018066,-8.8440408706665,"Male"
"6018403",371836,2025-06-04 01:21:20,43.3574295043945,-8.84414482116699,"Male"
"6018403",371836,2025-06-04 01:26:42,43.357666015625,-8.84412956237793,"Male"
"6018403",371836,2025-06-04 01:31:19,43.3577041625977,-8.84418392181396,"Male"
"6018403",371836,2025-06-04 01:36:25,43.3576736450195,-8.84411144256592,"Male"
"6018403",371836,2025-06-04 01:41:31,43.3574905395508,-8.84405899047852,"Male"
"6018403",371836,2025-06-04 01:47:14,43.3577041625977,-8.8441801071167,"Male"
"6018403",371836,2025-06-04 01:51:20,43.3577690124512,-8.84444618225098,"Male"
"6018403",371836,2025-06-04 01:56:21,43.3576354980469,-8.84417343139648,"Male"
"6018403",371836,2025-06-04 02:01:20,43.3576850891113,-8.84440803527832,"Male"
"6018403",371836,2025-06-04 02:06:19,43.3576545715332,-8.84420871734619,"Male"
"6018403",371836,2025-06-04 02:11:20,43.3577651977539,-8.84444332122803,"Male"
"6018403",371836,2025-06-04 02:16:19,43.3577690124512,-8.84438323974609,"Male"
"6018403",371836,2025-06-04 02:21:18,43.3577346801758,-8.84438037872314,"Male"
"6018403",371836,2025-06-04 02:26:21,43.3577003479004,-8.84428882598877,"Male"
"6018403",371836,2025-06-04 02:31:24,43.3576622009277,-8.84407520294189,"Male"
"6018403",371836,2025-06-04 02:36:59,43.3577346801758,-8.84405994415283,"Male"
"6018403",371836,2025-06-04 02:41:21,43.3577499389648,-8.84403133392334,"Male"
"6018403",371836,2025-06-04 02:46:21,43.3576126098633,-8.84412860870361,"Male"
"6018403",371836,2025-06-04 02:51:25,43.3577651977539,-8.84396266937256,"Male"
"6018403",371836,2025-06-04 02:56:21,43.3576736450195,-8.84401988983154,"Male"
"6018403",371836,2025-06-04 03:01:23,43.3577079772949,-8.84398937225342,"Male"
"6018403",371836,2025-06-04 03:06:19,43.3576698303223,-8.84404945373535,"Male"
"6018403",371836,2025-06-04 03:11:21,43.357551574707,-8.84399890899658,"Male"
"6018403",371836,2025-06-04 03:16:39,43.3577537536621,-8.8439416885376,"Male"
"6018403",371836,2025-06-04 03:21:18,43.3575859069824,-8.84393787384033,"Male"
"6018403",371836,2025-06-04 03:26:24,43.3575820922852,-8.84400463104248,"Male"
"6018403",371836,2025-06-04 03:31:44,43.3576393127441,-8.84405612945557,"Male"
"6018403",371836,2025-06-04 03:36:17,43.3577079772949,-8.84386253356934,"Male"
"6018403",371836,2025-06-04 03:41:17,43.3576698303223,-8.84401416778564,"Male"
"6018403",371836,2025-06-04 03:46:21,43.3576469421387,-8.84395217895508,"Male"
"6018403",371836,2025-06-04 03:51:17,43.3576545715332,-8.84394073486328,"Male"
"6018403",371836,2025-06-04 03:56:24,43.3576278686523,-8.84397125244141,"Male"
"6018403",371836,2025-06-04 04:01:22,43.3576011657715,-8.84403991699219,"Male"
"6018403",371836,2025-06-04 04:06:53,43.3575592041016,-8.84408664703369,"Male"
"6018403",371836,2025-06-04 04:11:18,43.3575401306152,-8.84428882598877,"Male"
"6018403",371836,2025-06-04 04:16:22,43.3576889038086,-8.84421634674072,"Male"
"6018403",371836,2025-06-04 04:21:36,43.3576622009277,-8.84422779083252,"Male"
"6018403",371836,2025-06-04 04:26:37,43.3575897216797,-8.84414196014404,"Male"
"6018403",371836,2025-06-04 04:31:35,43.3576545715332,-8.84423637390137,"Male"
"6018403",371836,2025-06-04 04:36:29,43.3577041625977,-8.84434127807617,"Male"
"6018403",371836,2025-06-04 04:41:22,43.3578071594238,-8.84424591064453,"Male"
"6018403",371836,2025-06-04 04:46:44,43.3575477600098,-8.84408855438232,"Male"
"6018403",371836,2025-06-04 04:51:19,43.3577041625977,-8.84428787231445,"Male"
"6018403",371836,2025-06-04 04:56:44,43.3576507568359,-8.84419441223145,"Male"
"6018403",371836,2025-06-04 05:01:21,43.3576774597168,-8.84418773651123,"Male"
"6018403",371836,2025-06-04 05:06:19,43.3574829101562,-8.84397220611572,"Male"
"6018403",371836,2025-06-04 05:11:20,43.3576354980469,-8.84420108795166,"Male"
"6018403",371836,2025-06-04 05:16:22,43.3576850891113,-8.84421253204346,"Male"
"6018403",371836,2025-06-04 05:21:51,43.3576736450195,-8.84425258636475,"Male"
"6018403",371836,2025-06-04 05:26:17,43.3576965332031,-8.84413623809814,"Male"
"6018403",371836,2025-06-04 05:31:18,43.3577003479004,-8.84432792663574,"Male"
"6018403",371836,2025-06-04 05:36:18,43.3576469421387,-8.84435176849365,"Male"
"6018403",371836,2025-06-04 05:41:17,43.3576278686523,-8.84423065185547,"Male"
"6018403",371836,2025-06-04 05:46:17,43.3575668334961,-8.84423160552979,"Male"
"6018403",371836,2025-06-04 05:51:18,43.3576583862305,-8.84429740905762,"Male"
"6018403",371836,2025-06-04 05:56:18,43.3575744628906,-8.84425640106201,"Male"
"6018403",371836,2025-06-04 06:01:33,43.3575744628906,-8.84415435791016,"Male"
"6018403",371836,2025-06-04 06:06:43,43.3575553894043,-8.84408760070801,"Male"
"6018403",371836,2025-06-04 06:11:17,43.3576202392578,-8.844162940979,"Male"
"6018403",371836,2025-06-04 06:16:21,43.379264831543,-8.85205364227295,"Male"
"6018403",371836,2025-06-04 06:21:17,43.4096870422363,-8.86226558685303,"Male"
"6018403",371836,2025-06-04 06:26:17,43.4387435913086,-8.87222957611084,"Male"
"6018403",371836,2025-06-04 06:31:21,43.4684791564941,-8.8834114074707,"Male"
"6018403",371836,2025-06-04 06:36:24,43.5005760192871,-8.89292144775391,"Male"
"6018403",371836,2025-06-04 06:41:20,43.5262451171875,-8.90735340118408,"Male"
"6018403",371836,2025-06-04 06:47:00,43.5521507263184,-8.9128360748291,"Male"
"6018403",371836,2025-06-04 06:51:17,43.5774383544922,-8.90649127960205,"Male"
"6018403",371836,2025-06-04 06:56:17,43.6044998168945,-8.909255027771,"Male"
"6018403",371836,2025-06-04 07:01:59,43.6260604858398,-8.86470317840576,"Male"
"6018403",371836,2025-06-04 07:06:18,43.651123046875,-8.82561779022217,"Male"
"6018403",371836,2025-06-04 07:11:18,43.6515960693359,-8.81381511688232,"Male"
"6018403",371836,2025-06-04 07:16:19,43.651195526123,-8.81328773498535,"Male"
"6018403",371836,2025-06-04 07:21:20,43.6509475708008,-8.81264686584473,"Male"
"6018403",371836,2025-06-04 07:26:18,43.6605491638184,-8.81661319732666,"Male"
"6018403",371836,2025-06-04 07:31:18,43.675968170166,-8.81527996063232,"Male"
"6018403",371836,2025-06-04 07:36:19,43.7025146484375,-8.81130504608154,"Male"
"6018403",371836,2025-06-04 07:41:19,43.7255058288574,-8.82164764404297,"Male"
"6018403",371836,2025-06-04 07:46:18,43.7486152648926,-8.78722381591797,"Male"
"6018403",371836,2025-06-04 07:51:25,43.749584197998,-8.75717639923096,"Male"
"6018403",371836,2025-06-04 07:56:19,43.7408866882324,-8.76631927490234,"Male"
"6018403",371836,2025-06-04 08:02:13,43.7165222167969,-8.78635787963867,"Male"
"6018403",371836,2025-06-04 08:06:18,43.6962966918945,-8.79583930969238,"Male"
"6018403",371836,2025-06-04 08:11:18,43.6721725463867,-8.80847549438477,"Male"
"6018403",371836,2025-06-04 08:16:18,43.6475524902344,-8.82167148590088,"Male"
"6018403",371836,2025-06-04 08:23:05,43.6144943237305,-8.84049606323242,"Male"
"6018403",371836,2025-06-04 08:27:15,43.5925941467285,-8.84847164154053,"Male"
"6018403",371836,2025-06-04 08:31:46,43.5712394714355,-8.85949897766113,"Male"
"6018403",371836,2025-06-04 08:36:53,43.546070098877,-8.87331962585449,"Male"
"6018403",371836,2025-06-04 08:42:35,43.5160980224609,-8.88362121582031,"Male"
"6018403",371836,2025-06-04 08:48:08,43.4846611022949,-8.88804149627686,"Male"
"6018403",371836,2025-06-04 08:53:08,43.4525985717773,-8.8785343170166,"Male"
"6018403",371836,2025-06-04 08:57:14,43.428050994873,-8.85829067230225,"Male"
"6018403",371836,2025-06-04 09:01:45,43.4014053344727,-8.85170364379883,"Male"
"6018403",371836,2025-06-04 09:06:46,43.3740234375,-8.84664249420166,"Male"
"6018403",371836,2025-06-04 09:11:52,43.3576126098633,-8.84416580200195,"Male"
"6018403",371836,2025-06-04 09:16:52,43.3575859069824,-8.84417343139648,"Male"
"6018403",371836,2025-06-04 09:21:55,43.3576126098633,-8.84420680999756,"Male"
"6018403",371836,2025-06-04 09:26:52,43.3576393127441,-8.84421634674072,"Male"
"6018403",371836,2025-06-04 09:31:55,43.357551574707,-8.84427070617676,"Male"
"6018403",371836,2025-06-04 09:36:52,43.3575668334961,-8.84426307678223,"Male"
"6018403",371836,2025-06-04 09:41:46,43.3576507568359,-8.84424209594727,"Male"
"6018403",371836,2025-06-04 09:47:18,43.3574867248535,-8.84406852722168,"Male"
"6018403",371836,2025-06-04 09:51:49,43.357479095459,-8.84409427642822,"Male"
"6018403",371836,2025-06-04 09:57:01,43.3574485778809,-8.84403896331787,"Male"
"6018403",371836,2025-06-04 10:02:23,43.3574562072754,-8.84420299530029,"Male"
"6018403",371836,2025-06-04 10:06:45,43.3574295043945,-8.8441858291626,"Male"
"6018403",371836,2025-06-04 10:11:46,43.3573150634766,-8.84400749206543,"Male"
"6018403",371836,2025-06-04 10:16:52,43.357666015625,-8.8442497253418,"Male"
"6018403",371836,2025-06-04 10:21:52,43.3575668334961,-8.8442440032959,"Male"
"6018403",371836,2025-06-04 10:26:54,43.3575744628906,-8.84422779083252,"Male"
"6018403",371836,2025-06-04 10:31:49,43.3577499389648,-8.84436702728271,"Male"
"6018403",371836,2025-06-04 10:36:54,43.3576011657715,-8.84423065185547,"Male"
"6018403",371836,2025-06-04 10:41:47,43.3576469421387,-8.84440803527832,"Male"
"6018403",371836,2025-06-04 10:46:55,43.3575859069824,-8.84420108795166,"Male"
"6018403",371836,2025-06-04 10:51:56,43.3576240539551,-8.84419441223145,"Male"
"6018403",371836,2025-06-04 10:56:48,43.3575897216797,-8.84426212310791,"Male"
"6018403",371836,2025-06-04 11:01:55,43.3575134277344,-8.8443603515625,"Male"
"6018403",371836,2025-06-04 11:06:46,43.3574981689453,-8.84409427642822,"Male"
"6018403",371836,2025-06-04 11:11:47,43.3572273254395,-8.84304714202881,"Male"
"6018403",371836,2025-06-04 11:16:48,43.3572387695312,-8.84295749664307,"Male"
"6018403",371836,2025-06-04 11:21:48,43.3572311401367,-8.84263324737549,"Male"
"6018403",371836,2025-06-04 11:26:51,43.3575782775879,-8.84440612792969,"Male"
"6018403",371836,2025-06-04 11:31:48,43.3575096130371,-8.84422588348389,"Male"
"6018403",371836,2025-06-04 11:36:54,43.3575134277344,-8.84450340270996,"Male"
"6018403",371836,2025-06-04 11:42:05,43.3575439453125,-8.84466075897217,"Male"
"6018403",371836,2025-06-04 11:46:45,43.357551574707,-8.84472370147705,"Male"
"6018403",371836,2025-06-04 11:51:44,43.3574905395508,-8.8446683883667,"Male"
"6018403",371836,2025-06-04 11:56:45,43.3575019836426,-8.84465789794922,"Male"
"6018403",371836,2025-06-04 12:01:45,43.3575439453125,-8.84473991394043,"Male"
"6018403",371836,2025-06-04 12:06:45,43.3575553894043,-8.84468650817871,"Male"
"6018403",371836,2025-06-04 12:12:14,43.3576850891113,-8.84443092346191,"Male"
"6018403",371836,2025-06-04 12:16:49,43.3576850891113,-8.84451007843018,"Male"
"6018403",371836,2025-06-04 12:23:05,43.3576965332031,-8.84448432922363,"Male"
"6018403",371836,2025-06-04 12:26:45,43.3577766418457,-8.84454822540283,"Male"
"6018403",371836,2025-06-04 12:31:44,43.357738494873,-8.84461212158203,"Male"
"6018403",371836,2025-06-04 12:36:44,43.3578300476074,-8.84476757049561,"Male"
"6018403",371836,2025-06-04 12:41:44,43.3576889038086,-8.84428215026855,"Male"
"6018403",371836,2025-06-04 12:46:45,43.3576354980469,-8.84415245056152,"Male"
"6018403",371836,2025-06-04 12:51:54,43.3575706481934,-8.84409713745117,"Male"
"6018403",371836,2025-06-04 12:56:49,43.3576278686523,-8.84417724609375,"Male"
"6018403",371836,2025-06-04 13:01:54,43.344539642334,-8.8411750793457,"Male"
"6018403",371836,2025-06-04 13:06:46,43.3218421936035,-8.84852886199951,"Male"
"6018403",371836,2025-06-04 13:11:54,43.3189163208008,-8.84614276885986,"Male"
"6018403",371836,2025-06-04 13:16:45,43.3140487670898,-8.85706329345703,"Male"
"6018403",371836,2025-06-04 13:21:51,43.3139266967773,-8.85706329345703,"Male"
"6018403",371836,2025-06-04 13:26:44,43.3145523071289,-8.85660457611084,"Male"
"6018403",371836,2025-06-04 13:31:54,43.3235054016113,-8.84914684295654,"Male"
"6018403",371836,2025-06-04 13:36:45,43.3575172424316,-8.84359931945801,"Male"
"6018403",371836,2025-06-04 13:41:44,43.3575668334961,-8.8439245223999,"Male"
"6018403",371836,2025-06-04 13:46:48,43.3575744628906,-8.84395027160645,"Male"
"6018403",371836,2025-06-04 13:51:44,43.3575744628906,-8.84397220611572,"Male"
"6018403",371836,2025-06-04 13:57:14,43.3579368591309,-8.84420299530029,"Male"
"6018403",371836,2025-06-04 14:01:51,43.3578071594238,-8.84412860870361,"Male"
"6018403",371836,2025-06-04 14:06:46,43.3578605651855,-8.84421348571777,"Male"
"6018403",371836,2025-06-04 14:12:14,43.3578643798828,-8.84413909912109,"Male"
"6018403",371836,2025-06-04 14:16:47,43.3577270507812,-8.8440580368042,"Male"
"6018403",371836,2025-06-04 14:21:49,43.3575134277344,-8.84436416625977,"Male"
"6018403",371836,2025-06-04 14:26:51,43.3580513000488,-8.84375762939453,"Male"
"6018403",371836,2025-06-04 14:31:56,43.3574142456055,-8.84438323974609,"Male"
"6018403",371836,2025-06-04 14:37:14,43.3575172424316,-8.84424304962158,"Male"
"6018403",371836,2025-06-04 14:41:49,43.3575668334961,-8.8442907333374,"Male"
"6018403",371836,2025-06-04 14:46:53,43.3576774597168,-8.84425735473633,"Male"
"6018403",371836,2025-06-04 14:51:52,43.3576164245605,-8.84426975250244,"Male"
"6018403",371836,2025-06-04 14:57:14,43.3575630187988,-8.84433269500732,"Male"
"6018403",371836,2025-06-04 15:01:48,43.3576812744141,-8.84428024291992,"Male"
"6018403",371836,2025-06-04 15:06:45,43.3576850891113,-8.84442138671875,"Male"
"6018403",371836,2025-06-04 15:11:51,43.3575553894043,-8.84415817260742,"Male"
"6018403",371836,2025-06-04 15:16:52,43.3576622009277,-8.84407234191895,"Male"
"6018403",371836,2025-06-04 15:21:52,43.3576774597168,-8.84400653839111,"Male"
"6018403",371836,2025-06-04 15:26:48,43.3576393127441,-8.84405422210693,"Male"
"6018403",371836,2025-06-04 15:31:52,43.3576393127441,-8.84402751922607,"Male"
"6018403",371836,2025-06-04 15:36:45,43.3575668334961,-8.84418392181396,"Male"
"6018403",371836,2025-06-04 15:41:52,43.357593536377,-8.84422874450684,"Male"
"6018403",371836,2025-06-04 15:47:15,43.357593536377,-8.84439468383789,"Male"
"6018403",371836,2025-06-04 15:51:48,43.3575706481934,-8.84423351287842,"Male"
"6018403",371836,2025-06-04 15:56:51,43.3576850891113,-8.84430980682373,"Male"
"6018403",371836,2025-06-04 16:01:48,43.3574333190918,-8.84262943267822,"Male"
"6018403",371836,2025-06-04 16:06:52,43.3577537536621,-8.84380912780762,"Male"
"6018403",371836,2025-06-04 16:11:54,43.3577423095703,-8.84384250640869,"Male"
"6018403",371836,2025-06-04 16:16:57,43.3577270507812,-8.84377288818359,"Male"
"6018403",371836,2025-06-04 16:21:56,43.3577880859375,-8.84390735626221,"Male"
"6018403",371836,2025-06-04 16:26:54,43.3576202392578,-8.84359836578369,"Male"
"6018403",371836,2025-06-04 16:32:15,43.3575134277344,-8.84335517883301,"Male"
"6018403",371836,2025-06-04 16:36:54,43.3575248718262,-8.84346771240234,"Male"
"6018403",371836,2025-06-04 16:42:29,43.3577003479004,-8.84407234191895,"Male"
"6018403",371836,2025-06-04 16:46:54,43.3576850891113,-8.8440465927124,"Male"
"6018403",371836,2025-06-04 16:51:46,43.3575859069824,-8.84407615661621,"Male"
"6018403",371836,2025-06-04 16:56:54,43.357608795166,-8.84411144256592,"Male"
"6018403",371836,2025-06-04 17:01:54,43.3576469421387,-8.84416198730469,"Male"
"6018403",371836,2025-06-04 17:06:54,43.357608795166,-8.84425640106201,"Male"
"6018403",371836,2025-06-04 17:11:55,43.3576431274414,-8.84412956237793,"Male"
"6018403",371836,2025-06-04 17:17:05,43.3575019836426,-8.84409523010254,"Male"
"6018403",371836,2025-06-04 17:21:48,43.3574638366699,-8.84407901763916,"Male"
"6018403",371836,2025-06-04 17:26:54,43.3575172424316,-8.84414386749268,"Male"
"6018403",371836,2025-06-04 17:32:32,43.3575744628906,-8.84403896331787,"Male"
"6018403",371836,2025-06-04 17:37:05,43.3576011657715,-8.8440990447998,"Male"
"6018403",371836,2025-06-04 17:41:47,43.357738494873,-8.84395980834961,"Male"
"6018403",371836,2025-06-04 17:46:48,43.3575897216797,-8.84407520294189,"Male"
"6018403",371836,2025-06-04 17:51:46,43.3576316833496,-8.84404850006104,"Male"
"6018403",371836,2025-06-04 17:56:45,43.3575592041016,-8.84418487548828,"Male"
"6018403",371836,2025-06-04 18:01:47,43.3575477600098,-8.84411144256592,"Male"
"6018403",371836,2025-06-04 18:07:14,43.3575782775879,-8.84419250488281,"Male"
"6018403",371836,2025-06-04 18:11:44,43.3579063415527,-8.84460735321045,"Male"
"6018403",371836,2025-06-04 18:16:54,43.3576011657715,-8.84413623809814,"Male"
"6018403",371836,2025-06-04 18:23:08,43.3576049804688,-8.84414672851562,"Male"
"6018403",371836,2025-06-04 18:27:07,43.3576278686523,-8.84416389465332,"Male"
"6018403",371836,2025-06-04 18:31:47,43.3576393127441,-8.84417343139648,"Male"
"6018403",371836,2025-06-04 18:36:46,43.3576393127441,-8.84414100646973,"Male"
"6018403",371836,2025-06-04 18:41:44,43.3575973510742,-8.84412956237793,"Male"
"6018403",371836,2025-06-04 18:46:48,43.3575744628906,-8.84408855438232,"Male"
"6018403",371836,2025-06-04 18:51:48,43.357666015625,-8.84415912628174,"Male"
"6018403",371836,2025-06-04 18:56:44,43.3576774597168,-8.84409618377686,"Male"
"6018403",371836,2025-06-04 19:01:47,43.3576278686523,-8.843918800354,"Male"
"6018403",371836,2025-06-04 19:06:44,43.3576507568359,-8.84415245056152,"Male"
"6018403",371836,2025-06-04 19:11:53,43.3576736450195,-8.8442850112915,"Male"
"6018403",371836,2025-06-04 19:16:48,43.3575973510742,-8.84415054321289,"Male"
"6018403",371836,2025-06-04 19:21:47,43.3576507568359,-8.84425640106201,"Male"
"6018403",371836,2025-06-04 19:26:48,43.357738494873,-8.8442907333374,"Male"
"6018403",371836,2025-06-04 19:31:47,43.3576164245605,-8.84416484832764,"Male"
"6018403",371836,2025-06-04 19:36:49,43.3576622009277,-8.84415435791016,"Male"
"6018403",371836,2025-06-04 19:41:49,43.357780456543,-8.84434127807617,"Male"
"6018403",371836,2025-06-04 19:47:14,43.3576469421387,-8.84405326843262,"Male"
"6018403",371836,2025-06-04 19:51:45,43.3576507568359,-8.84403800964355,"Male"
"6018403",371836,2025-06-04 19:56:44,43.3576889038086,-8.84407901763916,"Male"
"6018403",371836,2025-06-04 20:01:47,43.3576316833496,-8.84394073486328,"Male"
"6018403",371836,2025-06-04 20:06:44,43.3574714660645,-8.84424018859863,"Male"
"6018403",371836,2025-06-04 20:11:47,43.357479095459,-8.84408569335938,"Male"
"6018403",371836,2025-06-04 20:16:55,43.3576316833496,-8.84425258636475,"Male"
"6018403",371836,2025-06-04 20:21:56,43.3576278686523,-8.84414958953857,"Male"
"6018403",371836,2025-06-04 20:27:35,43.3576126098633,-8.84426498413086,"Male"
"6018403",371836,2025-06-04 20:31:45,43.3576545715332,-8.84422969818115,"Male"
"6018403",371836,2025-06-04 20:36:44,43.3575744628906,-8.84416484832764,"Male"
"6018403",371836,2025-06-04 20:41:44,43.3574485778809,-8.8439998626709,"Male"
"6018403",371836,2025-06-04 20:46:45,43.3576049804688,-8.84432888031006,"Male"
"6018403",371836,2025-06-04 20:51:48,43.3576202392578,-8.84429931640625,"Male"
"6018403",371836,2025-06-04 20:56:45,43.3576164245605,-8.84421730041504,"Male"
"6018403",371836,2025-06-04 21:01:48,43.3576393127441,-8.84429740905762,"Male"
"6018403",371836,2025-06-04 21:06:48,43.3576545715332,-8.84411144256592,"Male"
"6018403",371836,2025-06-04 21:11:44,43.3576469421387,-8.8442325592041,"Male"
"6018403",371836,2025-06-04 21:16:47,43.3576011657715,-8.84424209594727,"Male"
"6018403",371836,2025-06-04 21:21:44,43.357593536377,-8.84417057037354,"Male"
"6018403",371836,2025-06-04 21:26:44,43.357593536377,-8.84418678283691,"Male"
"6018403",371836,2025-06-04 21:31:44,43.3576126098633,-8.84422969818115,"Male"
"6018403",371836,2025-06-04 21:36:44,43.3576240539551,-8.8442850112915,"Male"
"6018403",371836,2025-06-04 21:41:44,43.3576507568359,-8.8442907333374,"Male"
"6018403",371836,2025-06-04 21:46:47,43.3575859069824,-8.84426498413086,"Male"
"6018403",371836,2025-06-04 21:51:45,43.3575820922852,-8.84423828125,"Male"
"6018403",371836,2025-06-04 21:57:05,43.3576049804688,-8.84422397613525,"Male"
"6018403",371836,2025-06-04 22:01:44,43.3575706481934,-8.84423542022705,"Male"
"6018403",371836,2025-06-04 22:07:14,43.357593536377,-8.84415626525879,"Male"
"6018403",371836,2025-06-04 22:11:44,43.3576202392578,-8.84420394897461,"Male"
"6018403",371836,2025-06-04 22:16:45,43.3575897216797,-8.84423446655273,"Male"
"6018403",371836,2025-06-04 22:21:44,43.3576316833496,-8.84420299530029,"Male"
"6018403",371836,2025-06-04 22:26:44,43.3576850891113,-8.84431457519531,"Male"
"6018403",371836,2025-06-04 22:31:53,43.3576545715332,-8.84415531158447,"Male"
"6018403",371836,2025-06-04 22:36:47,43.3576965332031,-8.84430027008057,"Male"
"6018403",371836,2025-06-04 22:41:44,43.3577537536621,-8.84450149536133,"Male"
"6018403",371836,2025-06-04 22:47:14,43.3576202392578,-8.84420013427734,"Male"
"6018403",371836,2025-06-04 22:51:45,43.3576469421387,-8.84419345855713,"Male"
"6018403",371836,2025-06-04 22:56:45,43.3577690124512,-8.84446239471436,"Male"
"6018403",371836,2025-06-04 23:01:45,43.3575782775879,-8.84408569335938,"Male"
"6018403",371836,2025-06-04 23:06:45,43.3576431274414,-8.84410381317139,"Male"
"6018403",371836,2025-06-04 23:11:47,43.3575630187988,-8.84405517578125,"Male"
"6018403",371836,2025-06-04 23:16:45,43.3575782775879,-8.84411811828613,"Male"
"6018403",371836,2025-06-04 23:21:48,43.3575630187988,-8.84407043457031,"Male"
"6018403",371836,2025-06-04 23:26:51,43.3575782775879,-8.84416580200195,"Male"
"6018403",371836,2025-06-04 23:31:51,43.3575248718262,-8.84393215179443,"Male"
"6018403",371836,2025-06-04 23:36:51,43.3574829101562,-8.84374141693115,"Male"
"6018403",371836,2025-06-04 23:41:46,43.3575477600098,-8.8439302444458,"Male"
"6018403",371836,2025-06-04 23:46:47,43.357536315918,-8.84388542175293,"Male"
"6018403",371836,2025-06-04 23:51:49,43.3575897216797,-8.84371376037598,"Male"
"6018403",371836,2025-06-04 23:56:48,43.3576774597168,-8.84415340423584,"Male"
"6018403",371836,2025-06-05 00:01:57,43.3575706481934,-8.84372234344482,"Male"
"6018403",371836,2025-06-05 00:06:54,43.3576316833496,-8.843674659729,"Male"
"6018403",371836,2025-06-05 00:11:54,43.357608795166,-8.84366035461426,"Male"
"6018403",371836,2025-06-05 00:17:10,43.3575973510742,-8.84375858306885,"Male"
"6018403",371836,2025-06-05 00:22:04,43.357608795166,-8.84369468688965,"Male"
"6018403",371836,2025-06-05 00:26:47,43.3576011657715,-8.84350204467773,"Male"
"6018403",371836,2025-06-05 00:31:54,43.3575859069824,-8.84376049041748,"Male"
"6018403",371836,2025-06-05 00:36:54,43.3576049804688,-8.84379386901855,"Male"
"6018403",371836,2025-06-05 00:41:51,43.357608795166,-8.84380149841309,"Male"
"6018403",371836,2025-06-05 00:46:58,43.357608795166,-8.84383487701416,"Male"
"6018403",371836,2025-06-05 00:52:23,43.357536315918,-8.84378147125244,"Male"
"6018403",371836,2025-06-05 00:57:23,43.3575019836426,-8.84382057189941,"Male"
"6018403",371836,2025-06-05 01:01:48,43.3575782775879,-8.84397506713867,"Male"
"6018403",371836,2025-06-05 01:06:47,43.3576774597168,-8.84423160552979,"Male"
"6018403",371836,2025-06-05 01:11:48,43.3577308654785,-8.84427165985107,"Male"
"6018403",371836,2025-06-05 01:16:48,43.3576316833496,-8.84417343139648,"Male"
"6018403",371836,2025-06-05 01:21:48,43.3577499389648,-8.84411430358887,"Male"
"6018403",371836,2025-06-05 01:26:46,43.3577728271484,-8.84432888031006,"Male"
"6018403",371836,2025-06-05 01:31:54,43.357593536377,-8.84422492980957,"Male"
"6018403",371836,2025-06-05 01:36:52,43.3575325012207,-8.84425926208496,"Male"
"6018403",371836,2025-06-05 01:41:47,43.3575553894043,-8.84392547607422,"Male"
"6018403",371836,2025-06-05 01:46:45,43.3575706481934,-8.84390544891357,"Male"
"6018403",371836,2025-06-05 01:51:45,43.3576469421387,-8.84398651123047,"Male"
"6018403",371836,2025-06-05 01:56:51,43.3575592041016,-8.84387969970703,"Male"
"6018403",371836,2025-06-05 02:01:51,43.3575477600098,-8.84389877319336,"Male"
"6018403",371836,2025-06-05 02:06:46,43.3575706481934,-8.84387397766113,"Male"
"6018403",371836,2025-06-05 02:11:46,43.3575668334961,-8.84385108947754,"Male"
"6018403",371836,2025-06-05 02:16:45,43.3575553894043,-8.84393405914307,"Male"
"6018403",371836,2025-06-05 02:21:46,43.3575248718262,-8.84393882751465,"Male"
"6018403",371836,2025-06-05 02:26:45,43.3576049804688,-8.84397983551025,"Male"
"6018403",371836,2025-06-05 02:31:49,43.3574104309082,-8.84388065338135,"Male"
"6018403",371836,2025-06-05 02:36:54,43.3574752807617,-8.84386253356934,"Male"
"6018403",371836,2025-06-05 02:41:54,43.3575096130371,-8.84390163421631,"Male"
"6018403",371836,2025-06-05 02:46:54,43.3575782775879,-8.84389781951904,"Male"
"6018403",371836,2025-06-05 02:51:54,43.3575401306152,-8.84388828277588,"Male"
"6018403",371836,2025-06-05 02:56:54,43.3575553894043,-8.84389305114746,"Male"
"6018403",371836,2025-06-05 03:02:05,43.3575172424316,-8.84393882751465,"Male"
"6018403",371836,2025-06-05 03:06:45,43.3575134277344,-8.84380149841309,"Male"
"6018403",371836,2025-06-05 03:11:46,43.3574981689453,-8.84383201599121,"Male"
"6018403",371836,2025-06-05 03:16:46,43.3574562072754,-8.84386348724365,"Male"
"6018403",371836,2025-06-05 03:21:47,43.3574867248535,-8.84377288818359,"Male"
"6018403",371836,2025-06-05 03:26:47,43.3575210571289,-8.84385776519775,"Male"
"6018403",371836,2025-06-05 03:31:52,43.3574752807617,-8.84399890899658,"Male"
"6018403",371836,2025-06-05 03:36:48,43.3574371337891,-8.84395027160645,"Male"
"6018403",371836,2025-06-05 03:42:26,43.3575477600098,-8.84402847290039,"Male"
"6018403",371836,2025-06-05 03:46:44,43.3575859069824,-8.84411716461182,"Male"
"6018403",371836,2025-06-05 03:51:44,43.3576202392578,-8.84416580200195,"Male"
"6018403",371836,2025-06-05 03:56:44,43.357593536377,-8.84418487548828,"Male"
"6018403",371836,2025-06-05 04:01:48,43.3575897216797,-8.84414386749268,"Male"
"6018403",371836,2025-06-05 04:06:52,43.3575096130371,-8.84407234191895,"Male"
"6018403",371836,2025-06-05 04:11:48,43.3575668334961,-8.84414005279541,"Male"
"6018403",371836,2025-06-05 04:16:57,43.3574752807617,-8.84407520294189,"Male"
"6018403",371836,2025-06-05 04:22:50,43.3574905395508,-8.84411907196045,"Male"
"6018403",371836,2025-06-05 04:26:45,43.357364654541,-8.84392833709717,"Male"
"6018403",371836,2025-06-05 04:31:45,43.357364654541,-8.8439474105835,"Male"
"6018403",371836,2025-06-05 04:36:46,43.3573913574219,-8.84395790100098,"Male"
"6018403",371836,2025-06-05 04:41:46,43.357364654541,-8.84393692016602,"Male"
"6018403",371836,2025-06-05 04:46:45,43.357292175293,-8.84392929077148,"Male"
"6018403",371836,2025-06-05 04:51:47,43.3573722839355,-8.8439474105835,"Male"
"6018403",371836,2025-06-05 04:56:48,43.3573188781738,-8.8438892364502,"Male"
"6018403",371836,2025-06-05 05:01:48,43.3576507568359,-8.84424304962158,"Male"
"6018403",371836,2025-06-05 05:06:56,43.3576698303223,-8.84413242340088,"Male"
"6018403",371836,2025-06-05 05:11:56,43.3574829101562,-8.84412860870361,"Male"
"6018403",371836,2025-06-05 05:16:56,43.3577423095703,-8.84417057037354,"Male"
"6018403",371836,2025-06-05 05:22:00,43.3576545715332,-8.8442211151123,"Male"
"6018403",371836,2025-06-05 05:27:02,43.3576622009277,-8.84420871734619,"Male"
"6018403",371836,2025-06-05 05:31:47,43.3577499389648,-8.84450817108154,"Male"
"6018403",371836,2025-06-05 05:36:54,43.3576278686523,-8.84421253204346,"Male"
"6018403",371836,2025-06-05 05:41:46,43.3575401306152,-8.84413051605225,"Male"
"6018403",371836,2025-06-05 05:46:49,43.3575096130371,-8.84403991699219,"Male"
"6018403",371836,2025-06-05 05:51:46,43.3860473632812,-8.85341835021973,"Male"
"6018403",371836,2025-06-05 05:56:46,43.4225730895996,-8.86807537078857,"Male"
"6018403",371836,2025-06-05 06:01:45,43.4631195068359,-8.87166690826416,"Male"
"6018403",371836,2025-06-05 06:06:45,43.5109100341797,-8.86282730102539,"Male"
"6018403",371836,2025-06-05 06:11:45,43.548095703125,-8.87810707092285,"Male"
"6018403",371836,2025-06-05 06:16:45,43.5606422424316,-8.9045295715332,"Male"
"6018403",371836,2025-06-05 06:21:45,43.5834159851074,-8.92811107635498,"Male"
"6018403",371836,2025-06-05 06:26:46,43.6029167175293,-8.94123935699463,"Male"
"6018403",371836,2025-06-05 06:31:45,43.6037216186523,-8.96077156066895,"Male"
"6018403",371836,2025-06-05 06:36:46,43.6180458068848,-8.98194980621338,"Male"
"6018403",371836,2025-06-05 06:41:45,43.6458969116211,-8.99925804138184,"Male"
"6018403",371836,2025-06-05 06:46:45,43.6498794555664,-9.01403522491455,"Male"
"6018403",371836,2025-06-05 06:51:48,43.6724853515625,-8.94859504699707,"Male"
"6018403",371836,2025-06-05 06:56:51,43.6920623779297,-8.88359451293945,"Male"
"6018403",371836,2025-06-05 07:01:48,43.7080688476562,-8.80842590332031,"Male"
"6018403",371836,2025-06-05 07:06:48,43.7248153686523,-8.73284912109375,"Male"
"6018403",371836,2025-06-05 07:11:47,43.7433853149414,-8.72604560852051,"Male"
"6018403",371836,2025-06-05 07:16:47,43.7430801391602,-8.72510433197021,"Male"
"6018403",371836,2025-06-05 07:21:47,43.7427101135254,-8.72431373596191,"Male"
"6018403",371836,2025-06-05 07:26:46,43.773811340332,-8.70785331726074,"Male"
"6018403",371836,2025-06-05 07:31:47,43.7930793762207,-8.6511287689209,"Male"
"6018403",371836,2025-06-05 07:36:48,43.7982025146484,-8.64765453338623,"Male"
"6018403",371836,2025-06-05 07:41:47,43.7999992370605,-8.64528465270996,"Male"
"6018403",371836,2025-06-05 07:46:46,43.799633026123,-8.64441394805908,"Male"
"6018403",371836,2025-06-05 07:51:49,43.8094291687012,-8.63567447662354,"Male"
"6018403",371836,2025-06-05 07:56:54,43.8100357055664,-8.63471794128418,"Male"
"6018403",371836,2025-06-05 08:01:50,43.8105316162109,-8.63415718078613,"Male"
"6018403",371836,2025-06-05 08:06:46,43.8111381530762,-8.6340970993042,"Male"
"6018403",371836,2025-06-05 08:11:46,43.8103370666504,-8.64296531677246,"Male"
"6018403",371836,2025-06-05 08:16:46,43.8089904785156,-8.66310501098633,"Male"
"6018403",371836,2025-06-05 08:26:22,43.7952575683594,-8.67728328704834,"Male"
"6018403",371836,2025-06-05 08:31:22,43.7813148498535,-8.68115425109863,"Male"
"6018403",371836,2025-06-05 08:36:22,43.7734184265137,-8.68412303924561,"Male"
"6018403",371836,2025-06-05 08:41:22,43.7738914489746,-8.68341636657715,"Male"
"6018403",371836,2025-06-05 08:46:22,43.774486541748,-8.68281555175781,"Male"
"6018403",371836,2025-06-05 08:51:22,43.7644805908203,-8.68884754180908,"Male"
"6018403",371836,2025-06-05 08:56:20,43.7572364807129,-8.6901388168335,"Male"
"6018403",371836,2025-06-05 09:01:22,43.7577667236328,-8.68904495239258,"Male"
"6018403",371836,2025-06-05 09:06:21,43.758373260498,-8.68871593475342,"Male"
"6018403",371836,2025-06-05 09:11:20,43.7550659179688,-8.69493198394775,"Male"
"6018403",371836,2025-06-05 09:16:20,43.7530746459961,-8.71579551696777,"Male"
"6018403",371836,2025-06-05 09:21:21,43.7540321350098,-8.71586227416992,"Male"
"6018403",371836,2025-06-05 09:26:20,43.7542915344238,-8.71529674530029,"Male"
"6018403",371836,2025-06-05 09:31:20,43.7546615600586,-8.71463394165039,"Male"
"6018403",371836,2025-06-05 09:36:20,43.7549896240234,-8.71430683135986,"Male"
"6018403",371836,2025-06-05 09:41:20,43.7551193237305,-8.71400260925293,"Male"
"6018403",371836,2025-06-05 09:46:22,43.7554168701172,-8.71354961395264,"Male"
"6018403",371836,2025-06-05 09:51:20,43.7555236816406,-8.71251487731934,"Male"
"6018403",371836,2025-06-05 09:56:20,43.7471466064453,-8.72165203094482,"Male"
"6018403",371836,2025-06-05 10:01:20,43.7323913574219,-8.72623920440674,"Male"
"6018403",371836,2025-06-05 10:06:20,43.7165565490723,-8.72915267944336,"Male"
"6018403",371836,2025-06-05 10:11:21,43.7137794494629,-8.73148155212402,"Male"
"6018403",371836,2025-06-05 10:16:22,43.7084045410156,-8.73884773254395,"Male"
"6018403",371836,2025-06-05 10:21:20,43.7025337219238,-8.73886299133301,"Male"
"6018403",371836,2025-06-05 10:26:20,43.693977355957,-8.75127220153809,"Male"
"6018403",371836,2025-06-05 10:31:22,43.6878128051758,-8.76943874359131,"Male"
"6018403",371836,2025-06-05 10:36:20,43.6756973266602,-8.78067684173584,"Male"
"6018403",371836,2025-06-05 10:41:20,43.6639404296875,-8.79326725006104,"Male"
"6018403",371836,2025-06-05 10:46:22,43.6693229675293,-8.805344581604,"Male"
"6018403",371836,2025-06-05 10:51:22,43.6704406738281,-8.80616474151611,"Male"
"6018403",371836,2025-06-05 10:56:21,43.6702880859375,-8.80554485321045,"Male"
"6018403",371836,2025-06-05 11:01:20,43.6698989868164,-8.80569648742676,"Male"
"6018403",371836,2025-06-05 11:06:20,43.666618347168,-8.80674457550049,"Male"
"6018403",371836,2025-06-05 11:11:20,43.6488494873047,-8.81015396118164,"Male"
"6018403",371836,2025-06-05 11:16:20,43.6290893554688,-8.80712223052979,"Male"
"6018403",371836,2025-06-05 11:21:20,43.6101837158203,-8.8078031539917,"Male"
"6018403",371836,2025-06-05 11:26:20,43.5929260253906,-8.81439781188965,"Male"
"6018403",371836,2025-06-05 11:31:20,43.5735855102539,-8.81282138824463,"Male"
"6018403",371836,2025-06-05 11:36:20,43.5547103881836,-8.81228065490723,"Male"
"6018403",371836,2025-06-05 11:41:19,43.53662109375,-8.813645362854,"Male"
"6018403",371836,2025-06-05 11:46:19,43.5196075439453,-8.81125640869141,"Male"
"6018403",371836,2025-06-05 11:51:20,43.5007934570312,-8.81504440307617,"Male"
"6018403",371836,2025-06-05 11:56:20,43.481086730957,-8.81697940826416,"Male"
"6018403",371836,2025-06-05 12:01:20,43.4620475769043,-8.82215881347656,"Male"
"6018403",371836,2025-06-05 12:06:20,43.4435729980469,-8.82653427124023,"Male"
"6018403",371836,2025-06-05 12:11:20,43.425407409668,-8.83373069763184,"Male"
"6018403",371836,2025-06-05 12:16:20,43.4076499938965,-8.84332847595215,"Male"
"6018403",371836,2025-06-05 12:21:20,43.3874473571777,-8.84643268585205,"Male"
"6018403",371836,2025-06-05 12:26:20,43.3646850585938,-8.84660243988037,"Male"
"6018403",371836,2025-06-05 12:31:20,43.3580055236816,-8.84427738189697,"Male"
"6018403",371836,2025-06-05 12:36:22,43.3579902648926,-8.84416961669922,"Male"
"6018403",371836,2025-06-05 12:41:21,43.3579902648926,-8.84416675567627,"Male"
"6018403",371836,2025-06-05 12:46:20,43.358039855957,-8.84442901611328,"Male"
"6018403",371836,2025-06-05 12:51:22,43.3581161499023,-8.84484577178955,"Male"
"6018403",371836,2025-06-05 12:56:22,43.3579902648926,-8.8445520401001,"Male"
"6018403",371836,2025-06-05 13:01:22,43.357967376709,-8.84457111358643,"Male"
"6018403",371836,2025-06-05 13:06:23,43.3579444885254,-8.84438037872314,"Male"
"6018403",371836,2025-06-05 13:11:22,43.3580055236816,-8.84457111358643,"Male"
"6018403",371836,2025-06-05 13:16:20,43.3578338623047,-8.8436393737793,"Male"
"6018403",371836,2025-06-05 13:21:20,43.3578872680664,-8.84393978118896,"Male"
"6018403",371836,2025-06-05 13:26:20,43.3580017089844,-8.84465026855469,"Male"
"6018403",371836,2025-06-05 13:31:20,43.3579177856445,-8.84427547454834,"Male"
"6018403",371836,2025-06-05 13:36:20,43.3579444885254,-8.84366321563721,"Male"
"6018403",371836,2025-06-05 13:41:21,43.3577919006348,-8.84394836425781,"Male"
"6018403",371836,2025-06-05 13:46:20,43.3578987121582,-8.84426975250244,"Male"
"6018403",371836,2025-06-05 13:51:20,43.3580131530762,-8.84387111663818,"Male"
"6018403",371836,2025-06-05 13:56:20,43.3577613830566,-8.8441915512085,"Male"
"6018403",371836,2025-06-05 14:01:27,43.3578109741211,-8.8443489074707,"Male"
"6018403",371836,2025-06-05 14:06:28,43.3577766418457,-8.84415531158447,"Male"
"6018403",371836,2025-06-05 14:11:25,43.3579177856445,-8.84423732757568,"Male"
"6018403",371836,2025-06-05 14:16:20,43.3577499389648,-8.84380054473877,"Male"
"6018403",371836,2025-06-05 14:21:20,43.3578872680664,-8.84419059753418,"Male"
"6018403",371836,2025-06-05 14:26:20,43.3579177856445,-8.84436798095703,"Male"
"6018403",371836,2025-06-05 14:31:20,43.3578414916992,-8.84428691864014,"Male"
"6018403",371836,2025-06-05 14:36:20,43.3578453063965,-8.84456443786621,"Male"
"6018403",371836,2025-06-05 14:41:20,43.3578338623047,-8.84433937072754,"Male"
"6018403",371836,2025-06-05 14:46:20,43.3579559326172,-8.8446216583252,"Male"
"6018403",371836,2025-06-05 14:51:20,43.3579444885254,-8.844162940979,"Male"
"6018403",371836,2025-06-05 14:56:20,43.3578796386719,-8.84416961669922,"Male"
"6018403",371836,2025-06-05 15:01:23,43.3578224182129,-8.84388446807861,"Male"
"6018403",371836,2025-06-05 15:06:20,43.3579216003418,-8.84440803527832,"Male"
"6018403",371836,2025-06-05 15:11:20,43.3579216003418,-8.8442211151123,"Male"
"6018403",371836,2025-06-05 15:16:20,43.3579139709473,-8.84416007995605,"Male"
"6018403",371836,2025-06-05 15:21:20,43.3578910827637,-8.84398460388184,"Male"
"6018403",371836,2025-06-05 15:26:20,43.3579444885254,-8.84403038024902,"Male"
"6018403",371836,2025-06-05 15:31:21,43.357852935791,-8.84395027160645,"Male"
"6018403",371836,2025-06-05 15:36:21,43.3580322265625,-8.84449291229248,"Male"
"6018403",371836,2025-06-05 15:41:21,43.357852935791,-8.84384346008301,"Male"
"6018403",371836,2025-06-05 15:46:20,43.3579597473145,-8.84398078918457,"Male"
"6018403",371836,2025-06-05 15:51:20,43.3579940795898,-8.84410953521729,"Male"
"6018403",371836,2025-06-05 15:56:20,43.3577690124512,-8.84392929077148,"Male"
"6018403",371836,2025-06-05 16:01:21,43.3577346801758,-8.84387111663818,"Male"
"6018403",371836,2025-06-05 16:06:20,43.357967376709,-8.84308624267578,"Male"
"6018403",371836,2025-06-05 16:11:20,43.3578834533691,-8.84383392333984,"Male"
"6018403",371836,2025-06-05 16:16:27,43.3581008911133,-8.84413242340088,"Male"
"6018403",371836,2025-06-05 16:21:20,43.3581085205078,-8.84420871734619,"Male"
"6018403",371836,2025-06-05 16:26:24,43.3579330444336,-8.84408664703369,"Male"
"6018403",371836,2025-06-05 16:31:20,43.3360443115234,-8.84502029418945,"Male"
"6018403",371836,2025-06-05 16:36:20,43.315071105957,-8.85625267028809,"Male"
"6018403",371836,2025-06-05 16:41:22,43.3139495849609,-8.85692596435547,"Male"
"6018403",371836,2025-06-05 16:46:22,43.3140716552734,-8.85702610015869,"Male"
"6018403",371836,2025-06-05 16:51:21,43.3125953674316,-8.85902214050293,"Male"
"6018403",371836,2025-06-05 16:56:21,43.3140754699707,-8.85696983337402,"Male"
"6018403",371836,2025-06-05 17:01:21,43.3138847351074,-8.85730457305908,"Male"
"6018403",371836,2025-06-05 17:06:25,43.3325614929199,-8.84464168548584,"Male"
"6018403",371836,2025-06-05 17:11:20,43.3575057983398,-8.84385681152344,"Male"
"6018403",371836,2025-06-05 17:16:20,43.3574829101562,-8.843825340271,"Male"
"6018403",371836,2025-06-05 17:21:20,43.3575172424316,-8.84385776519775,"Male"
"6018403",371836,2025-06-05 17:26:20,43.3575248718262,-8.84378433227539,"Male"
"6018403",371836,2025-06-05 17:31:21,43.3582649230957,-8.84337902069092,"Male"
"6018403",371836,2025-06-05 17:36:21,43.3577575683594,-8.84403991699219,"Male"
"6018403",371836,2025-06-05 17:41:20,43.3581657409668,-8.84460353851318,"Male"
"6018403",371836,2025-06-05 17:46:20,43.3581199645996,-8.84426212310791,"Male"
"6018403",371836,2025-06-05 17:51:22,43.3579254150391,-8.84415721893311,"Male"
"6018403",371836,2025-06-05 17:56:21,43.3576393127441,-8.84413433074951,"Male"
"6018403",371836,2025-06-05 18:01:21,43.3577423095703,-8.84395122528076,"Male"
"6018403",371836,2025-06-05 18:06:20,43.3579292297363,-8.84412956237793,"Male"
"6018403",371836,2025-06-05 18:11:20,43.3578071594238,-8.84416198730469,"Male"
"6018403",371836,2025-06-05 18:16:20,43.3581123352051,-8.84345149993896,"Male"
"6018403",371836,2025-06-05 18:21:20,43.3576011657715,-8.84397315979004,"Male"
"6018403",371836,2025-06-05 18:26:22,43.357795715332,-8.84418773651123,"Male"
"6018403",371836,2025-06-05 18:31:20,43.3576202392578,-8.84380722045898,"Male"
"6018403",371836,2025-06-05 18:36:22,43.3578071594238,-8.84410762786865,"Male"
"6018403",371836,2025-06-05 18:41:21,43.3577117919922,-8.84401416778564,"Male"
"6018403",371836,2025-06-05 18:46:20,43.3578567504883,-8.84440422058105,"Male"
"6018403",371836,2025-06-05 18:51:20,43.3579139709473,-8.84446430206299,"Male"
"6018403",371836,2025-06-05 18:56:21,43.357852935791,-8.84412574768066,"Male"
"6018403",371836,2025-06-05 19:01:20,43.3577995300293,-8.84408283233643,"Male"
"6018403",371836,2025-06-05 19:06:20,43.3578491210938,-8.8441915512085,"Male"
"6018403",371836,2025-06-05 19:11:20,43.3578338623047,-8.84418964385986,"Male"
"6018403",371836,2025-06-05 19:16:23,43.357852935791,-8.84436702728271,"Male"
"6018403",371836,2025-06-05 19:21:27,43.3576889038086,-8.84392166137695,"Male"
"6018403",371836,2025-06-05 19:26:20,43.3574447631836,-8.84389305114746,"Male"
"6018403",371836,2025-06-05 19:31:20,43.3579330444336,-8.84433078765869,"Male"
"6018403",371836,2025-06-05 19:36:23,43.3576278686523,-8.84385585784912,"Male"
"6018403",371836,2025-06-05 19:41:20,43.3580284118652,-8.84431838989258,"Male"
"6018403",371836,2025-06-05 19:46:20,43.3578109741211,-8.8442440032959,"Male"
"6018403",371836,2025-06-05 19:51:20,43.3577880859375,-8.84425830841064,"Male"
"6018403",371836,2025-06-05 19:56:27,43.3579063415527,-8.8443660736084,"Male"
"6018403",371836,2025-06-05 20:01:20,43.3579177856445,-8.84438514709473,"Male"
"6018403",371836,2025-06-05 20:06:20,43.3578643798828,-8.84432792663574,"Male"
"6018403",371836,2025-06-05 20:11:20,43.3578720092773,-8.84438991546631,"Male"
"6018403",371836,2025-06-05 20:16:20,43.3578414916992,-8.84442615509033,"Male"
"6018403",371836,2025-06-05 20:21:27,43.3578720092773,-8.84437942504883,"Male"
"6018403",371836,2025-06-05 20:26:27,43.3578872680664,-8.84437656402588,"Male"
"6018403",371836,2025-06-05 20:31:27,43.3578720092773,-8.84428882598877,"Male"
"6018403",371836,2025-06-05 20:36:27,43.3577346801758,-8.84471988677979,"Male"
"6018403",371836,2025-06-05 20:41:27,43.3578987121582,-8.84403705596924,"Male"
"6018403",371836,2025-06-05 20:46:27,43.357837677002,-8.8443775177002,"Male"
"6018403",371836,2025-06-05 20:51:28,43.3578453063965,-8.84440612792969,"Male"
"6018403",371836,2025-06-05 20:56:27,43.3577766418457,-8.84436130523682,"Male"
"6018403",371836,2025-06-05 21:01:27,43.3577842712402,-8.84424591064453,"Male"
"6018403",371836,2025-06-05 21:06:27,43.357780456543,-8.84436511993408,"Male"
"6018403",371836,2025-06-05 21:11:27,43.3577766418457,-8.84425735473633,"Male"
"6018403",371836,2025-06-05 21:16:27,43.3578262329102,-8.84422016143799,"Male"
"6018403",371836,2025-06-05 21:21:27,43.3578071594238,-8.8442497253418,"Male"
"6018403",371836,2025-06-05 21:26:27,43.3577728271484,-8.84415626525879,"Male"
"6018403",371836,2025-06-05 21:31:27,43.3577766418457,-8.844313621521,"Male"
"6018403",371836,2025-06-05 21:36:27,43.3577079772949,-8.84418201446533,"Male"
"6018403",371836,2025-06-05 21:41:30,43.3576736450195,-8.84425640106201,"Male"
"6018403",371836,2025-06-05 21:46:28,43.3578071594238,-8.8443078994751,"Male"
"6018403",371836,2025-06-05 21:51:28,43.3577423095703,-8.84421920776367,"Male"
"6018403",371836,2025-06-05 21:56:28,43.3577613830566,-8.84419536590576,"Male"
"6018403",371836,2025-06-05 22:01:30,43.3577995300293,-8.84430122375488,"Male"
"6018403",371836,2025-06-05 22:06:34,43.3577308654785,-8.84408855438232,"Male"
"6018403",371836,2025-06-05 22:11:29,43.3578300476074,-8.84431076049805,"Male"
"6018403",371836,2025-06-05 22:16:27,43.3578109741211,-8.84430027008057,"Male"
"6018403",371836,2025-06-05 22:21:30,43.3578720092773,-8.84433364868164,"Male"
"6018403",371836,2025-06-05 22:26:27,43.3579902648926,-8.84448719024658,"Male"
"6018403",371836,2025-06-05 22:31:28,43.3578567504883,-8.8442325592041,"Male"
"6018403",371836,2025-06-05 22:36:27,43.3580055236816,-8.84438896179199,"Male"
"6018403",371836,2025-06-05 22:41:27,43.3576202392578,-8.84409332275391,"Male"
"6018403",371836,2025-06-05 22:46:28,43.3572959899902,-8.84377670288086,"Male"
"6018403",371836,2025-06-05 22:51:30,43.3580551147461,-8.84450244903564,"Male"
"6018403",371836,2025-06-05 22:56:29,43.3580436706543,-8.84448528289795,"Male"
"6018403",371836,2025-06-05 23:01:29,43.3580665588379,-8.84454250335693,"Male"
"6018403",371836,2025-06-05 23:06:28,43.358081817627,-8.844557762146,"Male"
"6018403",371836,2025-06-05 23:11:28,43.3580741882324,-8.8446044921875,"Male"
"6018403",371836,2025-06-05 23:16:27,43.3580436706543,-8.84469604492188,"Male"
"6018403",371836,2025-06-05 23:21:28,43.3580017089844,-8.84457492828369,"Male"
"6018403",371836,2025-06-05 23:26:27,43.358039855957,-8.8442497253418,"Male"
"6018403",371836,2025-06-05 23:31:27,43.3580055236816,-8.84460067749023,"Male"
"6018403",371836,2025-06-05 23:36:28,43.3579025268555,-8.84440612792969,"Male"
"6018403",371836,2025-06-05 23:41:31,43.35791015625,-8.84440994262695,"Male"
"6018403",371836,2025-06-05 23:46:27,43.35791015625,-8.84447574615479,"Male"
"6018403",371836,2025-06-05 23:51:27,43.3577423095703,-8.84451770782471,"Male"
"6018403",371836,2025-06-05 23:56:27,43.3579368591309,-8.84419918060303,"Male"
"6018403",371836,2025-06-06 00:01:27,43.3577423095703,-8.84419727325439,"Male"
"6018403",371836,2025-06-06 00:06:27,43.3577919006348,-8.84436893463135,"Male"
"6018403",371836,2025-06-06 00:11:27,43.3578643798828,-8.84404373168945,"Male"
"6018403",371836,2025-06-06 00:16:27,43.3578491210938,-8.84439086914062,"Male"
"6018403",371836,2025-06-06 00:21:29,43.3578109741211,-8.84431552886963,"Male"
"6018403",371836,2025-06-06 00:26:27,43.3577270507812,-8.84433078765869,"Male"
"6018403",371836,2025-06-06 00:31:27,43.3578605651855,-8.84424686431885,"Male"
"6018403",371836,2025-06-06 00:36:27,43.35791015625,-8.8444881439209,"Male"
"6018403",371836,2025-06-06 00:41:27,43.3578720092773,-8.84435749053955,"Male"
"6018403",371836,2025-06-06 00:46:27,43.3578758239746,-8.84428215026855,"Male"
"6018403",371836,2025-06-06 00:51:28,43.3578414916992,-8.84427452087402,"Male"
"6018403",371836,2025-06-06 00:56:28,43.3578796386719,-8.8442907333374,"Male"
"6018403",371836,2025-06-06 01:01:28,43.3576622009277,-8.84389305114746,"Male"
"6018403",371836,2025-06-06 01:06:30,43.3575439453125,-8.84353733062744,"Male"
"6018403",371836,2025-06-06 01:11:27,43.3577041625977,-8.84472846984863,"Male"
"6018403",371836,2025-06-06 01:16:27,43.3576164245605,-8.84476947784424,"Male"
"6018403",371836,2025-06-06 01:21:26,43.3579864501953,-8.84456443786621,"Male"
"6018403",371836,2025-06-06 01:26:27,43.3579521179199,-8.84452533721924,"Male"
"6018403",371836,2025-06-06 01:31:28,43.3580856323242,-8.84457969665527,"Male"
"6018403",371836,2025-06-06 01:36:28,43.3580513000488,-8.84460163116455,"Male"
"6018403",371836,2025-06-06 01:41:31,43.3580627441406,-8.84449863433838,"Male"
"6018403",371836,2025-06-06 01:46:27,43.3580894470215,-8.84445762634277,"Male"
"6018403",371836,2025-06-06 01:51:34,43.3581619262695,-8.84456443786621,"Male"
"6018403",371836,2025-06-06 01:56:29,43.3581466674805,-8.84457778930664,"Male"
"6018403",371836,2025-06-06 02:01:29,43.3581390380859,-8.84447383880615,"Male"
"6018403",371836,2025-06-06 02:06:33,43.3580741882324,-8.84443092346191,"Male"
"6018403",371836,2025-06-06 02:11:27,43.3580932617188,-8.84446430206299,"Male"
"6018403",371836,2025-06-06 02:16:28,43.3580284118652,-8.84488391876221,"Male"
"6018403",371836,2025-06-06 02:21:27,43.35791015625,-8.84464263916016,"Male"
"6018403",371836,2025-06-06 02:26:29,43.3578109741211,-8.84439373016357,"Male"
"6018403",371836,2025-06-06 02:31:27,43.3578681945801,-8.84443950653076,"Male"
"6018403",371836,2025-06-06 02:36:27,43.3578643798828,-8.84443378448486,"Male"
"6018403",371836,2025-06-06 02:41:27,43.3579216003418,-8.84433174133301,"Male"
"6018403",371836,2025-06-06 02:46:28,43.3578720092773,-8.84434509277344,"Male"
"6018403",371836,2025-06-06 02:51:29,43.3577880859375,-8.84424495697021,"Male"
"6018403",371836,2025-06-06 02:56:27,43.3578414916992,-8.84421253204346,"Male"
"6018403",371836,2025-06-06 03:01:28,43.3578338623047,-8.84421920776367,"Male"
"6018403",371836,2025-06-06 03:06:27,43.3577995300293,-8.84418487548828,"Male"
"6018403",371836,2025-06-06 03:11:27,43.3578071594238,-8.84416770935059,"Male"
"6018403",371836,2025-06-06 03:16:30,43.3578262329102,-8.84420967102051,"Male"
"6018403",371836,2025-06-06 03:21:28,43.3578186035156,-8.84401035308838,"Male"
"6018403",371836,2025-06-06 03:26:30,43.3578605651855,-8.84416389465332,"Male"
"6018403",371836,2025-06-06 03:31:30,43.3578643798828,-8.84408378601074,"Male"
"6018403",371836,2025-06-06 03:36:27,43.3578948974609,-8.84399509429932,"Male"
"6018403",371836,2025-06-06 03:41:27,43.3579177856445,-8.84391689300537,"Male"
"6018403",371836,2025-06-06 03:46:27,43.3578147888184,-8.84390735626221,"Male"
"6018403",371836,2025-06-06 03:51:29,43.3578681945801,-8.84404277801514,"Male"
"6018403",371836,2025-06-06 03:56:30,43.3578987121582,-8.84425830841064,"Male"
"6018403",371836,2025-06-06 04:01:35,43.3577079772949,-8.84489154815674,"Male"
"6018403",371836,2025-06-06 04:06:30,43.3578414916992,-8.84470844268799,"Male"
"6018403",371836,2025-06-06 04:11:31,43.3577537536621,-8.84497547149658,"Male"
"6018403",371836,2025-06-06 04:16:34,43.3577156066895,-8.84485530853271,"Male"
"6018403",371836,2025-06-06 04:21:30,43.3579483032227,-8.84406089782715,"Male"
"6018403",371836,2025-06-06 04:26:30,43.3580589294434,-8.84385871887207,"Male"
"6018403",371836,2025-06-06 04:31:28,43.3581085205078,-8.84415340423584,"Male"
"6018403",371836,2025-06-06 04:36:36,43.3580894470215,-8.84481525421143,"Male"
"6018403",371836,2025-06-06 04:41:29,43.3580474853516,-8.84399509429932,"Male"
"6018403",371836,2025-06-06 04:46:36,43.3580513000488,-8.84476757049561,"Male"
"6018403",371836,2025-06-06 04:51:34,43.3578987121582,-8.84477615356445,"Male"
"6018403",371836,2025-06-06 04:56:38,43.3581314086914,-8.84477424621582,"Male"
"6018403",371836,2025-06-06 05:01:41,43.357982635498,-8.84464550018311,"Male"
"6018403",371836,2025-06-06 05:06:39,43.3581237792969,-8.84472370147705,"Male"
"6018403",371836,2025-06-06 05:11:46,43.3580207824707,-8.84470176696777,"Male"
"6018403",371836,2025-06-06 05:16:43,43.3579521179199,-8.8447151184082,"Male"
"6018403",371836,2025-06-06 05:22:16,43.357795715332,-8.84449100494385,"Male"
"6018403",371836,2025-06-06 05:27:05,43.3577003479004,-8.84443759918213,"Male"
"6018403",371836,2025-06-06 05:31:26,43.3576812744141,-8.84434127807617,"Male"
"6018403",371836,2025-06-06 05:36:27,43.3577003479004,-8.84440803527832,"Male"
"6018403",371836,2025-06-06 05:41:27,43.3576316833496,-8.84437465667725,"Male"
"6018403",371836,2025-06-06 05:46:28,43.3576850891113,-8.84444332122803,"Male"
"6018403",371836,2025-06-06 05:51:26,43.3577461242676,-8.84446811676025,"Male"
"6018403",371836,2025-06-06 05:56:30,43.3576927185059,-8.84451103210449,"Male"
"6018403",371836,2025-06-06 06:01:26,43.3577041625977,-8.84446239471436,"Male"
"6018403",371836,2025-06-06 06:06:26,43.3576927185059,-8.84444236755371,"Male"
"6018403",371836,2025-06-06 06:11:26,43.357593536377,-8.84432792663574,"Male"
"6018403",371836,2025-06-06 06:16:26,43.3576622009277,-8.84444141387939,"Male"
"6018403",371836,2025-06-06 06:21:26,43.3576507568359,-8.84438228607178,"Male"
"6018403",371836,2025-06-06 06:26:26,43.3576393127441,-8.84437942504883,"Male"
"6018403",371836,2025-06-06 06:31:26,43.3577079772949,-8.8444995880127,"Male"
"6018403",371836,2025-06-06 06:36:26,43.3576431274414,-8.84443187713623,"Male"
"6018403",371836,2025-06-06 06:41:27,43.3576927185059,-8.84456539154053,"Male"
"6018403",371836,2025-06-06 06:46:27,43.3574409484863,-8.84387493133545,"Male"
"6018403",371836,2025-06-06 06:51:28,43.3577346801758,-8.84438610076904,"Male"
"6018403",371836,2025-06-06 06:56:27,43.35791015625,-8.84498977661133,"Male"
"6018403",371836,2025-06-06 07:01:28,43.3579330444336,-8.84503936767578,"Male"
"6018403",371836,2025-06-06 07:06:27,43.3576469421387,-8.84461498260498,"Male"
"6018403",371836,2025-06-06 07:11:29,43.3576812744141,-8.84426593780518,"Male"
"6018403",371836,2025-06-06 07:16:37,43.3576812744141,-8.84384346008301,"Male"
"6018403",371836,2025-06-06 07:21:36,43.3577194213867,-8.84372711181641,"Male"
"6018403",371836,2025-06-06 07:26:31,43.357551574707,-8.84388637542725,"Male"
"6018403",371836,2025-06-06 07:31:29,43.3574600219727,-8.84384632110596,"Male"
"6018403",371836,2025-06-06 07:36:38,43.3577079772949,-8.84408283233643,"Male"
"6018403",371836,2025-06-06 07:41:29,43.3574714660645,-8.84402465820312,"Male"
"6018403",371836,2025-06-06 07:46:36,43.3576812744141,-8.84416961669922,"Male"
"6018403",371836,2025-06-06 07:52:05,43.3576507568359,-8.8441276550293,"Male"
"6018403",371836,2025-06-06 07:56:26,43.3576812744141,-8.84421443939209,"Male"
"6018403",371836,2025-06-06 08:01:27,43.3577079772949,-8.84415245056152,"Male"
"6018403",371836,2025-06-06 08:06:28,43.3576202392578,-8.84404945373535,"Male"
"6018403",371836,2025-06-06 08:11:28,43.3576431274414,-8.84416007995605,"Male"
"6018403",371836,2025-06-06 08:16:27,43.3576545715332,-8.84417819976807,"Male"
"6018403",371836,2025-06-06 08:21:41,43.3576583862305,-8.84419631958008,"Male"
"6018403",371836,2025-06-06 08:26:43,43.3576812744141,-8.84421730041504,"Male"
"6018403",371836,2025-06-06 08:31:48,43.3576164245605,-8.84404850006104,"Male"
"6018403",371836,2025-06-06 08:36:43,43.3576393127441,-8.84416961669922,"Male"
"6018403",371836,2025-06-06 08:41:41,43.357666015625,-8.84414768218994,"Male"
"6018403",371836,2025-06-06 08:46:43,43.357666015625,-8.84416389465332,"Male"
"6018403",371836,2025-06-06 08:51:40,43.3576583862305,-8.84428882598877,"Male"
"6018403",371836,2025-06-06 08:56:39,43.3576393127441,-8.84420871734619,"Male"
"6018403",371836,2025-06-06 09:01:39,43.3576431274414,-8.84430885314941,"Male"
"6018403",371836,2025-06-06 09:06:40,43.3576202392578,-8.84420585632324,"Male"
"6018403",371836,2025-06-06 09:11:40,43.3576507568359,-8.84429740905762,"Male"
"6018403",371836,2025-06-06 09:16:41,43.3576583862305,-8.84404373168945,"Male"
"6018403",371836,2025-06-06 09:21:41,43.3577041625977,-8.84464263916016,"Male"
"6018403",371836,2025-06-06 09:26:48,43.3576202392578,-8.84415340423584,"Male"
"6018403",371836,2025-06-06 09:31:48,43.3576354980469,-8.84414863586426,"Male"
"6018403",371836,2025-06-06 09:36:40,43.3576469421387,-8.84413909912109,"Male"
"6018403",371836,2025-06-06 09:41:41,43.3575820922852,-8.84411144256592,"Male"
"6018403",371836,2025-06-06 09:46:41,43.3576126098633,-8.84422588348389,"Male"
"6018403",371836,2025-06-06 09:51:41,43.3576316833496,-8.84420013427734,"Male"
"6018403",371836,2025-06-06 09:56:43,43.3575820922852,-8.84416484832764,"Male"
"6018403",371836,2025-06-06 10:01:42,43.3576354980469,-8.84417724609375,"Male"
"6018403",371836,2025-06-06 10:06:42,43.3576278686523,-8.84433650970459,"Male"
"6018403",371836,2025-06-06 10:11:46,43.3575592041016,-8.84417152404785,"Male"
"6018403",371836,2025-06-06 10:16:46,43.357593536377,-8.84428215026855,"Male"
"6018403",371836,2025-06-06 10:22:05,43.3575439453125,-8.84405517578125,"Male"
"6018403",371836,2025-06-06 10:26:58,43.3575439453125,-8.84405612945557,"Male"
"6018403",371836,2025-06-06 10:32:03,43.3576431274414,-8.84440040588379,"Male"
"6018403",371836,2025-06-06 10:36:41,43.357666015625,-8.84441089630127,"Male"
"6018403",371836,2025-06-06 10:41:41,43.3576622009277,-8.84441375732422,"Male"
"6018403",371836,2025-06-06 10:46:41,43.3577003479004,-8.84442234039307,"Male"
"6018403",371836,2025-06-06 10:51:41,43.3576278686523,-8.84443950653076,"Male"
"6018403",371836,2025-06-06 10:56:45,43.3576812744141,-8.84442710876465,"Male"
"6018403",371836,2025-06-06 11:01:42,43.3576927185059,-8.84445762634277,"Male"
"6018403",371836,2025-06-06 11:06:40,43.3577194213867,-8.84433650970459,"Male"
"6018403",371836,2025-06-06 11:11:39,43.3578567504883,-8.84512329101562,"Male"
"6018403",371836,2025-06-06 11:16:39,43.3577079772949,-8.84435367584229,"Male"
"6018403",371836,2025-06-06 11:21:47,43.3576965332031,-8.84430122375488,"Male"
"6018403",371836,2025-06-06 11:27:01,43.357738494873,-8.8442554473877,"Male"
"6018403",371836,2025-06-06 11:31:39,43.3576126098633,-8.84425735473633,"Male"
"6018403",371836,2025-06-06 11:36:39,43.3575477600098,-8.84421730041504,"Male"
"6018403",371836,2025-06-06 11:41:38,43.3576583862305,-8.84426021575928,"Male"
"6018403",371836,2025-06-06 11:46:39,43.3575897216797,-8.84412860870361,"Male"
"6018403",371836,2025-06-06 11:51:40,43.3577117919922,-8.84436225891113,"Male"
"6018403",371836,2025-06-06 11:56:40,43.3575782775879,-8.84409618377686,"Male"
"6018403",371836,2025-06-06 12:01:40,43.357608795166,-8.84407234191895,"Male"
"6018403",371836,2025-06-06 12:06:40,43.3575134277344,-8.84402751922607,"Male"
"6018403",371836,2025-06-06 12:11:40,43.3575134277344,-8.84399700164795,"Male"
"6018403",371836,2025-06-06 12:16:40,43.3575592041016,-8.84407043457031,"Male"
"6018403",371836,2025-06-06 12:21:40,43.3575782775879,-8.84404373168945,"Male"
"6018403",371836,2025-06-06 12:26:40,43.3573799133301,-8.84358787536621,"Male"
"6018403",371836,2025-06-06 12:31:48,43.3576202392578,-8.84416484832764,"Male"
"6018403",371836,2025-06-06 12:36:41,43.3575706481934,-8.84399700164795,"Male"
"6018403",371836,2025-06-06 12:41:41,43.3577537536621,-8.84460353851318,"Male"
"6018403",371836,2025-06-06 12:46:42,43.357593536377,-8.84402847290039,"Male"
"6018403",371836,2025-06-06 12:51:48,43.3576164245605,-8.84395980834961,"Male"
"6018403",371836,2025-06-06 12:56:48,43.3576354980469,-8.84403228759766,"Male"
"6018403",371836,2025-06-06 13:01:42,43.3576126098633,-8.84390640258789,"Male"
"6018403",371836,2025-06-06 13:06:48,43.3576469421387,-8.84406185150146,"Male"
"6018403",371836,2025-06-06 13:11:48,43.3576507568359,-8.84423160552979,"Male"
"6018403",371836,2025-06-06 13:16:48,43.3576431274414,-8.84421825408936,"Male"
"6018403",371836,2025-06-06 13:21:48,43.3576202392578,-8.84412860870361,"Male"
"6018403",371836,2025-06-06 13:26:41,43.3576049804688,-8.8439359664917,"Male"
"6018403",371836,2025-06-06 13:31:48,43.3576393127441,-8.84408760070801,"Male"
"6018403",371836,2025-06-06 13:36:42,43.3576354980469,-8.84397983551025,"Male"
"6018403",371836,2025-06-06 13:41:42,43.3576240539551,-8.84410095214844,"Male"
"6018403",371836,2025-06-06 13:46:45,43.3575973510742,-8.84405517578125,"Male"
"6018403",371836,2025-06-06 13:51:48,43.3575706481934,-8.84404468536377,"Male"
"6018403",371836,2025-06-06 13:56:48,43.357551574707,-8.84405136108398,"Male"
"6018403",371836,2025-06-06 14:01:49,43.3575630187988,-8.84396648406982,"Male"
"6018403",371836,2025-06-06 14:06:45,43.3575477600098,-8.84401512145996,"Male"
"6018403",371836,2025-06-06 14:11:56,43.3578338623047,-8.84388256072998,"Male"
"6018403",371836,2025-06-06 14:16:50,43.3577651977539,-8.84382438659668,"Male"
"6018403",371836,2025-06-06 14:22:05,43.357608795166,-8.84416007995605,"Male"
"6018403",371836,2025-06-06 14:26:40,43.3577194213867,-8.8440637588501,"Male"
"6018403",371836,2025-06-06 14:31:43,43.3576278686523,-8.84419059753418,"Male"
"6018403",371836,2025-06-06 14:36:39,43.3576469421387,-8.84417152404785,"Male"
"6018403",371836,2025-06-06 14:41:45,43.3576736450195,-8.84410095214844,"Male"
"6018403",371836,2025-06-06 14:46:40,43.3575820922852,-8.84424018859863,"Male"
"6018403",371836,2025-06-06 14:51:40,43.357666015625,-8.84392547607422,"Male"
"6018403",371836,2025-06-06 14:56:42,43.3576507568359,-8.84405517578125,"Male"
"6018403",371836,2025-06-06 15:01:42,43.3576927185059,-8.84404563903809,"Male"
"6018403",371836,2025-06-06 15:06:42,43.3575973510742,-8.84414958953857,"Male"
"6018403",371836,2025-06-06 15:11:39,43.3576507568359,-8.84413051605225,"Male"
"6018403",371836,2025-06-06 15:16:39,43.3576316833496,-8.84408950805664,"Male"
"6018403",371836,2025-06-06 15:21:40,43.3576164245605,-8.84426116943359,"Male"
"6018403",371836,2025-06-06 15:26:39,43.357666015625,-8.84413051605225,"Male"
"6018403",371836,2025-06-06 15:31:40,43.3576507568359,-8.84416103363037,"Male"
"6018403",371836,2025-06-06 15:36:42,43.3576965332031,-8.84422206878662,"Male"
"6018403",371836,2025-06-06 15:41:41,43.3576469421387,-8.84421062469482,"Male"
"6018403",371836,2025-06-06 15:46:40,43.3575210571289,-8.84410762786865,"Male"
"6018403",371836,2025-06-06 15:51:40,43.3578033447266,-8.84420108795166,"Male"
"6018403",371836,2025-06-06 15:56:40,43.3577041625977,-8.84417724609375,"Male"
"6018403",371836,2025-06-06 16:01:41,43.3574867248535,-8.84419059753418,"Male"
"6018403",371836,2025-06-06 16:06:41,43.3574714660645,-8.84416103363037,"Male"
"6018403",371836,2025-06-06 16:11:43,43.3577003479004,-8.84450531005859,"Male"
"6018403",371836,2025-06-06 16:16:39,43.3577117919922,-8.84424304962158,"Male"
"6018403",371836,2025-06-06 16:21:39,43.3577003479004,-8.84429454803467,"Male"
"6018403",371836,2025-06-06 16:26:39,43.3578033447266,-8.84432697296143,"Male"
"6018403",371836,2025-06-06 16:31:40,43.3577575683594,-8.84440040588379,"Male"
"6018403",371836,2025-06-06 16:36:41,43.3578643798828,-8.84436893463135,"Male"
"6018403",371836,2025-06-06 16:41:40,43.3577919006348,-8.84441375732422,"Male"
"6018403",371836,2025-06-06 16:46:40,43.3579139709473,-8.84445858001709,"Male"
"6018403",371836,2025-06-06 16:51:40,43.3579330444336,-8.84455299377441,"Male"
"6018403",371836,2025-06-06 16:56:40,43.3578186035156,-8.84438323974609,"Male"
"6018403",371836,2025-06-06 17:01:40,43.3577041625977,-8.84432411193848,"Male"
"6018403",371836,2025-06-06 17:06:50,43.3576736450195,-8.84428215026855,"Male"
"6018403",371836,2025-06-06 17:11:39,43.3576278686523,-8.84418106079102,"Male"
"6018403",371836,2025-06-06 17:16:43,43.3577842712402,-8.84434986114502,"Male"
"6018403",371836,2025-06-06 17:21:45,43.357795715332,-8.84444141387939,"Male"
"6018403",371836,2025-06-06 17:26:50,43.3582458496094,-8.84509468078613,"Male"
"6018403",371836,2025-06-06 17:31:48,43.3580207824707,-8.84478282928467,"Male"
"6018403",371836,2025-06-06 17:36:59,43.3580589294434,-8.84480571746826,"Male"
"6018403",371836,2025-06-06 17:42:03,43.3576469421387,-8.84426689147949,"Male"
"6018403",371836,2025-06-06 17:46:48,43.3575859069824,-8.84439754486084,"Male"
"6018403",371836,2025-06-06 17:51:43,43.3576164245605,-8.84420871734619,"Male"
"6018403",371836,2025-06-06 17:56:46,43.3575325012207,-8.84406852722168,"Male"
"6018403",371836,2025-06-06 18:01:50,43.3575973510742,-8.84406757354736,"Male"
"6018403",371836,2025-06-06 18:06:46,43.3575325012207,-8.8437614440918,"Male"
"6018403",371836,2025-06-06 18:11:42,43.3578338623047,-8.84424781799316,"Male"
"6018403",371836,2025-06-06 18:16:46,43.3576507568359,-8.84425926208496,"Male"
"6018403",371836,2025-06-06 18:21:48,43.3575706481934,-8.84397888183594,"Male"
"6018403",371836,2025-06-06 18:26:55,43.3576431274414,-8.84419441223145,"Male"
"6018403",371836,2025-06-06 18:31:52,43.3577308654785,-8.84438514709473,"Male"
"6018403",371836,2025-06-06 18:36:56,43.3577613830566,-8.8444709777832,"Male"
"6018403",371836,2025-06-06 18:42:02,43.3576431274414,-8.84418296813965,"Male"
"6018403",371836,2025-06-06 18:46:39,43.3576316833496,-8.84415340423584,"Male"
"6018403",371836,2025-06-06 18:51:40,43.3575859069824,-8.84423446655273,"Male"
"6018403",371836,2025-06-06 18:56:42,43.3576354980469,-8.84417915344238,"Male"
"6018403",371836,2025-06-06 19:01:43,43.3577156066895,-8.84427642822266,"Male"
"6018403",371836,2025-06-06 19:06:42,43.357608795166,-8.84423065185547,"Male"
"6018403",371836,2025-06-06 19:11:42,43.357666015625,-8.8442325592041,"Male"
"6018403",371836,2025-06-06 19:16:40,43.3576240539551,-8.8441858291626,"Male"
"6018403",371836,2025-06-06 19:21:46,43.3577156066895,-8.84434032440186,"Male"
"6018403",371836,2025-06-06 19:26:42,43.3577194213867,-8.84430122375488,"Male"
"6018403",371836,2025-06-06 19:31:43,43.3578605651855,-8.84460735321045,"Male"
"6018403",371836,2025-06-06 19:36:41,43.3577079772949,-8.8444242477417,"Male"
"6018403",371836,2025-06-06 19:41:40,43.357608795166,-8.8441858291626,"Male"
"6018403",371836,2025-06-06 19:46:43,43.3576240539551,-8.84411144256592,"Male"
"6018403",371836,2025-06-06 19:51:41,43.3577270507812,-8.84433650970459,"Male"
"6018403",371836,2025-06-06 19:56:39,43.3578109741211,-8.84459209442139,"Male"
"6018403",371836,2025-06-06 20:01:42,43.3578567504883,-8.84441184997559,"Male"
"6018403",371836,2025-06-06 20:06:45,43.3578186035156,-8.84449863433838,"Male"
"6018403",371836,2025-06-06 20:11:47,43.3575973510742,-8.84412860870361,"Male"
"6018403",371836,2025-06-06 20:16:42,43.3574523925781,-8.84389591217041,"Male"
"6018403",371836,2025-06-06 20:22:05,43.3574981689453,-8.84410572052002,"Male"
"6018403",371836,2025-06-06 20:26:43,43.3575630187988,-8.84418773651123,"Male"
"6018403",371836,2025-06-06 20:31:40,43.3569869995117,-8.84330463409424,"Male"
"6018403",371836,2025-06-06 20:36:41,43.3573150634766,-8.8437328338623,"Male"
"6018403",371836,2025-06-06 20:41:43,43.3575096130371,-8.84415912628174,"Male"
"6018403",371836,2025-06-06 20:46:40,43.3576507568359,-8.84451007843018,"Male"
"6018403",371836,2025-06-06 20:51:42,43.357120513916,-8.84320640563965,"Male"
"6018403",371836,2025-06-06 20:56:40,43.3571624755859,-8.84291934967041,"Male"
"6018403",371836,2025-06-06 21:01:42,43.3572120666504,-8.84306144714355,"Male"
"6018403",371836,2025-06-06 21:06:46,43.357479095459,-8.84427452087402,"Male"
"6018403",371836,2025-06-06 21:11:47,43.3575897216797,-8.84389686584473,"Male"
"6018403",371836,2025-06-06 21:16:47,43.3574867248535,-8.84428787231445,"Male"
"6018403",371836,2025-06-06 21:21:48,43.3575668334961,-8.84415435791016,"Male"
"6018403",371836,2025-06-06 21:26:43,43.3576431274414,-8.84411144256592,"Male"
"6018403",371836,2025-06-06 21:31:42,43.3575820922852,-8.84352684020996,"Male"
"6018403",371836,2025-06-06 21:36:48,43.3576393127441,-8.84416103363037,"Male"
"6018403",371836,2025-06-06 21:41:42,43.3573608398438,-8.84352588653564,"Male"
"6018403",371836,2025-06-06 21:46:41,43.357063293457,-8.84408950805664,"Male"
"6018403",371836,2025-06-06 21:51:41,43.3569107055664,-8.84319114685059,"Male"
"6018403",371836,2025-06-06 21:56:43,43.3575553894043,-8.84385299682617,"Male"
"6018403",371836,2025-06-06 22:01:43,43.3575325012207,-8.84403610229492,"Male"
"6018403",371836,2025-06-06 22:06:40,43.3570899963379,-8.84304332733154,"Male"
"6018403",371836,2025-06-06 22:11:40,43.3573265075684,-8.84381771087646,"Male"
"6018403",371836,2025-06-06 22:16:46,43.357349395752,-8.8436803817749,"Male"
"6018403",371836,2025-06-06 22:21:42,43.357349395752,-8.84381675720215,"Male"
"6018403",371836,2025-06-06 22:26:41,43.3575019836426,-8.84411525726318,"Male"
"6018403",371836,2025-06-06 22:31:43,43.357292175293,-8.84367561340332,"Male"
"6018403",371836,2025-06-06 22:36:41,43.3574829101562,-8.84388637542725,"Male"
"6018403",371836,2025-06-06 22:41:48,43.3573608398438,-8.8437442779541,"Male"
"6018403",371836,2025-06-06 22:46:41,43.3574981689453,-8.84407424926758,"Male"
"6018403",371836,2025-06-06 22:51:45,43.3570938110352,-8.84390640258789,"Male"
"6018403",371836,2025-06-06 22:56:43,43.3574295043945,-8.84387588500977,"Male"
"6018403",371836,2025-06-06 23:01:40,43.3562088012695,-8.84299182891846,"Male"
"6018403",371836,2025-06-06 23:06:43,43.3575286865234,-8.84401893615723,"Male"
"6018403",371836,2025-06-06 23:11:40,43.3573226928711,-8.84371757507324,"Male"
"6018403",371836,2025-06-06 23:16:39,43.357120513916,-8.84394264221191,"Male"
"6018403",371836,2025-06-06 23:21:43,43.3573036193848,-8.84368324279785,"Male"
"6018403",371836,2025-06-06 23:26:40,43.3573150634766,-8.84378337860107,"Male"
"6018403",371836,2025-06-06 23:31:39,43.3572998046875,-8.84373569488525,"Male"
"6018403",371836,2025-06-06 23:36:42,43.3572883605957,-8.84379100799561,"Male"
"6018403",371836,2025-06-06 23:41:39,43.3573150634766,-8.84379005432129,"Male"
"6018403",371836,2025-06-06 23:46:40,43.3570671081543,-8.84396743774414,"Male"
"6018403",371836,2025-06-06 23:51:41,43.3577995300293,-8.84352207183838,"Male"
"6018403",371836,2025-06-06 23:56:46,43.357593536377,-8.84365844726562,"Male"
"6018403",371836,2025-06-07 00:01:39,43.3572692871094,-8.84351062774658,"Male"
"6018403",371836,2025-06-07 00:06:41,43.3571739196777,-8.84366893768311,"Male"
"6018403",371836,2025-06-07 00:11:40,43.3571968078613,-8.84378910064697,"Male"
"6018403",371836,2025-06-07 00:16:41,43.3572158813477,-8.84363651275635,"Male"
"6018403",371836,2025-06-07 00:21:42,43.3575286865234,-8.84371185302734,"Male"
"6018403",371836,2025-06-07 00:26:40,43.3572158813477,-8.84377670288086,"Male"
"6018403",371836,2025-06-07 00:31:45,43.3575477600098,-8.84377574920654,"Male"
"6018403",371836,2025-06-07 00:36:39,43.3575439453125,-8.84378147125244,"Male"
"6018403",371836,2025-06-07 00:41:46,43.3573265075684,-8.84386539459229,"Male"
"6018403",371836,2025-06-07 00:46:40,43.357349395752,-8.84384155273438,"Male"
"6018403",371836,2025-06-07 00:51:48,43.3573875427246,-8.84390068054199,"Male"
"6018403",371836,2025-06-07 00:56:43,43.3573837280273,-8.84374713897705,"Male"
"6018403",371836,2025-06-07 01:01:45,43.3574829101562,-8.84396743774414,"Male"
"6018403",371836,2025-06-07 01:06:46,43.3574981689453,-8.84399509429932,"Male"
"6018403",371836,2025-06-07 01:11:47,43.3577194213867,-8.84419536590576,"Male"
"6018403",371836,2025-06-07 01:16:50,43.3576927185059,-8.84424114227295,"Male"
"6018403",371836,2025-06-07 01:21:41,43.3576812744141,-8.84396934509277,"Male"
"6018403",371836,2025-06-07 01:26:42,43.3571434020996,-8.84429264068604,"Male"
"6018403",371836,2025-06-07 01:31:42,43.357494354248,-8.84385967254639,"Male"
"6018403",371836,2025-06-07 01:36:46,43.3573608398438,-8.8433084487915,"Male"
"6018403",371836,2025-06-07 01:41:40,43.3573684692383,-8.84379482269287,"Male"
"6018403",371836,2025-06-07 01:46:40,43.3575210571289,-8.84402847290039,"Male"
"6018403",371836,2025-06-07 01:51:39,43.3575286865234,-8.84400367736816,"Male"
"6018403",371836,2025-06-07 01:56:39,43.3571662902832,-8.84518909454346,"Male"
"6018403",371836,2025-06-07 02:01:39,43.3570327758789,-8.84570217132568,"Male"
"6018403",371836,2025-06-07 02:06:47,43.3576583862305,-8.84425640106201,"Male"
"6018403",371836,2025-06-07 02:11:39,43.3576774597168,-8.84407901763916,"Male"
"6018403",371836,2025-06-07 02:16:39,43.3576202392578,-8.84405040740967,"Male"
"6018403",371836,2025-06-07 02:21:40,43.3575286865234,-8.84403705596924,"Male"
"6018403",371836,2025-06-07 02:26:43,43.3575744628906,-8.8438777923584,"Male"
"6018403",371836,2025-06-07 02:31:40,43.3576431274414,-8.84434032440186,"Male"
"6018403",371836,2025-06-07 02:36:40,43.3578109741211,-8.84401512145996,"Male"
"6018403",371836,2025-06-07 02:41:41,43.3576698303223,-8.84428977966309,"Male"
"6018403",371836,2025-06-07 02:46:40,43.3580093383789,-8.8437442779541,"Male"
"6018403",371836,2025-06-07 02:51:40,43.3579711914062,-8.84381580352783,"Male"
"6018403",371836,2025-06-07 02:56:48,43.3577079772949,-8.84408283233643,"Male"
"6018403",371836,2025-06-07 03:02:05,43.3577651977539,-8.84404945373535,"Male"
"6018403",371836,2025-06-07 03:06:39,43.3577156066895,-8.84399890899658,"Male"
"6018403",371836,2025-06-07 03:11:39,43.3576698303223,-8.84404182434082,"Male"
"6018403",371836,2025-06-07 03:16:39,43.3576431274414,-8.84413623809814,"Male"
"6018403",371836,2025-06-07 03:21:47,43.3575325012207,-8.84413146972656,"Male"
"6018403",371836,2025-06-07 03:26:39,43.3576240539551,-8.84404850006104,"Male"
"6018403",371836,2025-06-07 03:31:39,43.3576927185059,-8.84407329559326,"Male"
"6018403",371836,2025-06-07 03:36:39,43.3611640930176,-8.84764289855957,"Male"
"6018403",371836,2025-06-07 03:41:39,43.3965263366699,-8.85934638977051,"Male"
"6018403",371836,2025-06-07 03:46:39,43.4249267578125,-8.87106990814209,"Male"
"6018403",371836,2025-06-07 03:51:39,43.4517135620117,-8.88042068481445,"Male"
"6018403",371836,2025-06-07 03:56:39,43.4797019958496,-8.88198661804199,"Male"
"6018403",371836,2025-06-07 04:01:39,43.5035247802734,-8.88370227813721,"Male"
"6018403",371836,2025-06-07 04:06:39,43.5341987609863,-8.87390995025635,"Male"
"6018403",371836,2025-06-07 04:11:39,43.5657615661621,-8.86425971984863,"Male"
"6018403",371836,2025-06-07 04:16:40,43.5960350036621,-8.85362720489502,"Male"
"6018403",371836,2025-06-07 04:21:41,43.6275177001953,-8.83237552642822,"Male"
"6018403",371836,2025-06-07 04:26:39,43.6581382751465,-8.83139801025391,"Male"
"6018403",371836,2025-06-07 04:31:39,43.6666259765625,-8.85672187805176,"Male"
"6018403",371836,2025-06-07 04:36:39,43.7010841369629,-8.85224342346191,"Male"
"6018403",371836,2025-06-07 04:41:39,43.736385345459,-8.85455226898193,"Male"
"6018403",371836,2025-06-07 04:46:40,43.7660369873047,-8.81600475311279,"Male"
"6018403",371836,2025-06-07 04:51:39,43.786491394043,-8.79665279388428,"Male"
"6018403",371836,2025-06-07 04:56:39,43.7992057800293,-8.79722595214844,"Male"
"6018403",371836,2025-06-07 05:01:39,43.8317947387695,-8.79709815979004,"Male"
"6018403",371836,2025-06-07 05:06:39,43.8664665222168,-8.77188205718994,"Male"
"6018403",371836,2025-06-07 05:11:39,43.8617553710938,-8.7413911819458,"Male"
"6018403",371836,2025-06-07 05:16:41,43.8474082946777,-8.74004077911377,"Male"
"6018403",371836,2025-06-07 05:21:42,43.847412109375,-8.73962306976318,"Male"
"6018403",371836,2025-06-07 05:26:39,43.8413429260254,-8.73854732513428,"Male"
"6018403",371836,2025-06-07 05:31:39,43.8250541687012,-8.73937129974365,"Male"
"6018403",371836,2025-06-07 05:36:40,43.8090629577637,-8.71815013885498,"Male"
"6018403",371836,2025-06-07 05:41:39,43.7953681945801,-8.73330783843994,"Male"
"6018403",371836,2025-06-07 05:46:45,43.7777099609375,-8.72893047332764,"Male"
"6018403",371836,2025-06-07 05:51:42,43.7776184082031,-8.7281322479248,"Male"
"6018403",371836,2025-06-07 05:56:39,43.7798652648926,-8.7221622467041,"Male"
"6018403",371836,2025-06-07 06:01:39,43.7615509033203,-8.7224292755127,"Male"
"6018403",371836,2025-06-07 06:06:39,43.7432823181152,-8.72889804840088,"Male"
"6018403",371836,2025-06-07 06:11:39,43.7299385070801,-8.7379093170166,"Male"
"6018403",371836,2025-06-07 06:16:39,43.7111015319824,-8.74327659606934,"Male"
"6018403",371836,2025-06-07 06:21:39,43.690113067627,-8.74827575683594,"Male"
"6018403",371836,2025-06-07 06:26:39,43.6697082519531,-8.75660705566406,"Male"
"6018403",371836,2025-06-07 06:31:39,43.6486968994141,-8.76816177368164,"Male"
"6018403",371836,2025-06-07 06:36:39,43.6265068054199,-8.77708911895752,"Male"
"6018403",371836,2025-06-07 06:41:39,43.6055450439453,-8.78853702545166,"Male"
"6018403",371836,2025-06-07 06:46:40,43.5847969055176,-8.80145931243896,"Male"
"6018403",371836,2025-06-07 06:51:39,43.5650482177734,-8.81400966644287,"Male"
"6018403",371836,2025-06-07 06:56:39,43.5450019836426,-8.82880973815918,"Male"
"6018403",371836,2025-06-07 07:01:39,43.5237159729004,-8.84023571014404,"Male"
"6018403",371836,2025-06-07 07:06:39,43.5044326782227,-8.85287666320801,"Male"
"6018403",371836,2025-06-07 07:11:39,43.4828720092773,-8.86008262634277,"Male"
"6018403",371836,2025-06-07 07:16:40,43.4584503173828,-8.8606071472168,"Male"
"6018403",371836,2025-06-07 07:21:39,43.4317779541016,-8.86209678649902,"Male"
"6018403",371836,2025-06-07 07:26:39,43.403076171875,-8.85897254943848,"Male"
"6018403",371836,2025-06-07 07:31:41,43.3759918212891,-8.85183429718018,"Male"
"6018403",371836,2025-06-07 07:36:39,43.3580284118652,-8.84430599212646,"Male"
"6018403",371836,2025-06-07 07:41:40,43.3580665588379,-8.8441219329834,"Male"
"6018403",371836,2025-06-07 07:46:42,43.3581352233887,-8.84408378601074,"Male"
"6018403",371836,2025-06-07 07:51:41,43.3578796386719,-8.84414386749268,"Male"
"6018403",371836,2025-06-07 07:56:40,43.3580284118652,-8.84401607513428,"Male"
"6018403",371836,2025-06-07 08:01:40,43.3581771850586,-8.84405994415283,"Male"
"6018403",371836,2025-06-07 08:06:43,43.3578567504883,-8.84404373168945,"Male"
"6018403",371836,2025-06-07 08:11:40,43.3578147888184,-8.84418487548828,"Male"
"6018403",371836,2025-06-07 08:16:41,43.357608795166,-8.8439416885376,"Male"
"6018403",371836,2025-06-07 08:21:42,43.3581390380859,-8.84417629241943,"Male"
"6018403",371836,2025-06-07 08:26:39,43.3579521179199,-8.84403991699219,"Male"
"6018403",371836,2025-06-07 08:31:40,43.358097076416,-8.84417152404785,"Male"
"6018403",371836,2025-06-07 08:37:05,43.3575477600098,-8.84389019012451,"Male"
"6018403",371836,2025-06-07 08:41:38,43.3574256896973,-8.8443431854248,"Male"
"6018403",371836,2025-06-07 08:46:39,43.3574638366699,-8.84441184997559,"Male"
"6018403",371836,2025-06-07 08:51:40,43.3578987121582,-8.8444652557373,"Male"
"6018403",371836,2025-06-07 08:56:40,43.3578262329102,-8.84435176849365,"Male"
"6018403",371836,2025-06-07 09:01:40,43.3579025268555,-8.84446907043457,"Male"
"6018403",371836,2025-06-07 09:06:40,43.3577613830566,-8.84445285797119,"Male"
"6018403",371836,2025-06-07 09:11:39,43.3575286865234,-8.84400939941406,"Male"
"6018403",371836,2025-06-07 09:16:38,43.3575668334961,-8.84406185150146,"Male"
"6018403",371836,2025-06-07 09:21:39,43.3574333190918,-8.84429931640625,"Male"
"6018403",371836,2025-06-07 09:26:39,43.3577117919922,-8.84427356719971,"Male"
"6018403",371836,2025-06-07 09:31:39,43.3576049804688,-8.84426879882812,"Male"
"6018403",371836,2025-06-07 09:36:40,43.3576774597168,-8.84433746337891,"Male"
"6018403",371836,2025-06-07 09:41:39,43.3575325012207,-8.8441162109375,"Male"
"6018403",371836,2025-06-07 09:46:39,43.3575897216797,-8.84410953521729,"Male"
"6018403",371836,2025-06-07 09:51:39,43.357666015625,-8.84411144256592,"Male"
"6018403",371836,2025-06-07 09:56:40,43.3575019836426,-8.84414100646973,"Male"
"6018403",371836,2025-06-07 10:01:40,43.3576850891113,-8.84435653686523,"Male"
"6018403",371836,2025-06-07 10:06:40,43.3576431274414,-8.84425926208496,"Male"
"6018403",371836,2025-06-07 10:11:40,43.3576354980469,-8.84406185150146,"Male"
"6018403",371836,2025-06-07 10:16:39,43.343090057373,-8.84122562408447,"Male"
"6018403",371836,2025-06-07 10:21:40,43.3180656433105,-8.85441398620605,"Male"
"6018403",371836,2025-06-07 10:26:40,43.3144760131836,-8.85697650909424,"Male"
"6018403",371836,2025-06-07 10:31:39,43.3144264221191,-8.85680675506592,"Male"
"6018403",371836,2025-06-07 10:36:40,43.3145561218262,-8.85697650909424,"Male"
"6018403",371836,2025-06-07 10:41:40,43.3143043518066,-8.85690498352051,"Male"
"6018403",371836,2025-06-07 10:46:40,43.3145713806152,-8.85675621032715,"Male"
"6018403",371836,2025-06-07 10:51:39,43.3144035339355,-8.85662269592285,"Male"
"6018403",371836,2025-06-07 10:56:40,43.3144760131836,-8.85688781738281,"Male"
"6018403",371836,2025-06-07 11:01:39,43.3148498535156,-8.85646533966064,"Male"
"6018403",371836,2025-06-07 11:06:39,43.3329124450684,-8.84494686126709,"Male"
"6018403",371836,2025-06-07 11:11:39,43.3580284118652,-8.84406757354736,"Male"
"6018403",371836,2025-06-07 11:16:42,43.3580856323242,-8.84405040740967,"Male"
"6018403",371836,2025-06-07 11:21:39,43.3581085205078,-8.84418296813965,"Male"
"6018403",371836,2025-06-07 11:26:39,43.3580741882324,-8.84407806396484,"Male"
"6018403",371836,2025-06-07 11:31:39,43.3581504821777,-8.84413528442383,"Male"
"6018403",371836,2025-06-07 11:36:39,43.3580474853516,-8.84401798248291,"Male"
"6018403",371836,2025-06-07 11:41:40,43.3580551147461,-8.84403324127197,"Male"
"6018403",371836,2025-06-07 11:46:39,43.3580856323242,-8.84407901763916,"Male"
"6018403",371836,2025-06-07 11:51:39,43.3580551147461,-8.84401798248291,"Male"
"6018403",371836,2025-06-07 11:56:39,43.3579978942871,-8.84401035308838,"Male"
"6018403",371836,2025-06-07 12:01:40,43.358097076416,-8.84403038024902,"Male"
"6018403",371836,2025-06-07 12:06:40,43.3580780029297,-8.84411907196045,"Male"
"6018403",371836,2025-06-07 12:11:40,43.3580780029297,-8.84406566619873,"Male"
"6018403",371836,2025-06-07 12:16:39,43.3580474853516,-8.84402275085449,"Male"
"6018403",371836,2025-06-07 12:21:40,43.3579978942871,-8.84391212463379,"Male"
"6018403",371836,2025-06-07 12:26:39,43.3580589294434,-8.84383010864258,"Male"
"6018403",371836,2025-06-07 12:31:40,43.3580551147461,-8.84402370452881,"Male"
"6018403",371836,2025-06-07 12:36:41,43.3581085205078,-8.84434986114502,"Male"
"6018403",371836,2025-06-07 12:41:40,43.3580703735352,-8.84449100494385,"Male"
"6018403",371836,2025-06-07 12:46:42,43.3580322265625,-8.84432411193848,"Male"
"6018403",371836,2025-06-07 12:51:43,43.3579559326172,-8.84364604949951,"Male"
"6018403",371836,2025-06-07 12:56:43,43.3580551147461,-8.84370899200439,"Male"
"6018403",371836,2025-06-07 13:01:45,43.3580284118652,-8.8436975479126,"Male"
"6018403",371836,2025-06-07 13:07:14,43.3578720092773,-8.84426593780518,"Male"
"6018403",371836,2025-06-07 13:11:39,43.3578872680664,-8.84467697143555,"Male"
"6018403",371836,2025-06-07 13:16:42,43.3578071594238,-8.84463500976562,"Male"
"6018403",371836,2025-06-07 13:21:45,43.3581123352051,-8.84457588195801,"Male"
"6018403",371836,2025-06-07 13:26:39,43.3580360412598,-8.84467697143555,"Male"
"6018403",371836,2025-06-07 13:31:39,43.358024597168,-8.84451961517334,"Male"
"6018403",371836,2025-06-07 13:36:41,43.3585090637207,-8.84504985809326,"Male"
"6018403",371836,2025-06-07 13:41:41,43.3576011657715,-8.84439182281494,"Male"
"6018403",371836,2025-06-07 13:46:51,43.3579788208008,-8.84418106079102,"Male"
"6018403",371836,2025-06-07 13:51:48,43.3576545715332,-8.84398555755615,"Male"
"6018403",371836,2025-06-07 13:56:52,43.3578033447266,-8.84396076202393,"Male"
"6018403",371836,2025-06-07 14:01:51,43.3580703735352,-8.8439826965332,"Male"
"6018403",371836,2025-06-07 14:06:42,43.3579254150391,-8.84415054321289,"Male"
"6018403",371836,2025-06-07 14:12:14,43.3576316833496,-8.84398555755615,"Male"
"6018403",371836,2025-06-07 14:16:40,43.3577270507812,-8.84389209747314,"Male"
"6018403",371836,2025-06-07 14:21:40,43.3575477600098,-8.84394454956055,"Male"
"6018403",371836,2025-06-07 14:26:39,43.3576240539551,-8.8439769744873,"Male"
"6018403",371836,2025-06-07 14:31:39,43.3576507568359,-8.84384822845459,"Male"
"6018403",371836,2025-06-07 14:36:39,43.3576545715332,-8.84383583068848,"Male"
"6018403",371836,2025-06-07 14:41:39,43.357666015625,-8.84397411346436,"Male"
"6018403",371836,2025-06-07 14:46:40,43.357738494873,-8.84378242492676,"Male"
"6018403",371836,2025-06-07 14:51:39,43.3576774597168,-8.84369087219238,"Male"
"6018403",371836,2025-06-07 14:56:41,43.3577041625977,-8.84384822845459,"Male"
"6018403",371836,2025-06-07 15:01:39,43.3577156066895,-8.84408855438232,"Male"
"6018403",371836,2025-06-07 15:06:39,43.3577308654785,-8.844069480896,"Male"
"6018403",371836,2025-06-07 15:11:39,43.3576889038086,-8.84408473968506,"Male"
"6018403",371836,2025-06-07 15:16:39,43.3577156066895,-8.8441915512085,"Male"
"6018403",371836,2025-06-07 15:21:40,43.3576736450195,-8.8441801071167,"Male"
"6018403",371836,2025-06-07 15:26:39,43.3577003479004,-8.8442554473877,"Male"
"6018403",371836,2025-06-07 15:31:39,43.3576431274414,-8.84426593780518,"Male"
"6018403",371836,2025-06-07 15:36:39,43.3577156066895,-8.84426975250244,"Male"
"6018403",371836,2025-06-07 15:41:39,43.3576736450195,-8.84425354003906,"Male"
"6018403",371836,2025-06-07 15:46:39,43.3576583862305,-8.84436130523682,"Male"
"6018403",371836,2025-06-07 15:51:39,43.3576240539551,-8.84424018859863,"Male"
"6018403",371836,2025-06-07 15:56:40,43.3576965332031,-8.84431648254395,"Male"
"6018403",371836,2025-06-07 16:01:40,43.3576507568359,-8.84418869018555,"Male"
"6018403",371836,2025-06-07 16:06:39,43.3576469421387,-8.84423637390137,"Male"
"6018403",371836,2025-06-07 16:11:39,43.3576354980469,-8.84419059753418,"Male"
"6018403",371836,2025-06-07 16:16:39,43.3575973510742,-8.84423637390137,"Male"
"6018403",371836,2025-06-07 16:21:40,43.3577270507812,-8.8442964553833,"Male"
"6018403",371836,2025-06-07 16:26:39,43.357666015625,-8.84422779083252,"Male"
"6018403",371836,2025-06-07 16:31:42,43.3575401306152,-8.84411334991455,"Male"
"6018403",371836,2025-06-07 16:37:05,43.3575286865234,-8.84406185150146,"Male"
"6018403",371836,2025-06-07 16:41:40,43.3573608398438,-8.84389114379883,"Male"
"6018403",371836,2025-06-07 16:46:40,43.3573760986328,-8.84392642974854,"Male"
"6018403",371836,2025-06-07 16:51:41,43.3574180603027,-8.84383392333984,"Male"
"6018403",371836,2025-06-07 16:56:45,43.3574752807617,-8.84379482269287,"Male"
"6018403",371836,2025-06-07 17:01:39,43.3641891479492,-8.85039138793945,"Male"
"6018403",371836,2025-06-07 17:06:41,43.3577537536621,-8.84375476837158,"Male"
"6018403",371836,2025-06-07 17:11:42,43.3576736450195,-8.8442440032959,"Male"
"6018403",371836,2025-06-07 17:16:40,43.365421295166,-8.85040760040283,"Male"
"6018403",371836,2025-06-07 17:21:48,43.4035491943359,-8.859375,"Male"
"6018403",371836,2025-06-07 17:26:48,43.4362945556641,-8.87131500244141,"Male"
"6018403",371836,2025-06-07 17:31:54,43.4726066589355,-8.88071155548096,"Male"
"6018403",371836,2025-06-07 17:36:54,43.5044479370117,-8.8947286605835,"Male"
"6018403",371836,2025-06-07 17:42:05,43.5367279052734,-8.88337802886963,"Male"
"6018403",371836,2025-06-07 17:46:41,43.5681228637695,-8.86792850494385,"Male"
"6018403",371836,2025-06-07 17:51:41,43.6008071899414,-8.85865592956543,"Male"
"6018403",371836,2025-06-07 17:56:42,43.6334762573242,-8.84425926208496,"Male"
"6018403",371836,2025-06-07 18:01:42,43.6349563598633,-8.85438251495361,"Male"
"6018403",371836,2025-06-07 18:06:43,43.6343765258789,-8.85464668273926,"Male"
"6018403",371836,2025-06-07 18:11:40,43.6337776184082,-8.85487365722656,"Male"
"6018403",371836,2025-06-07 18:16:43,43.6333656311035,-8.85504150390625,"Male"
"6018403",371836,2025-06-07 18:21:41,43.633056640625,-8.85544300079346,"Male"
"6018403",371836,2025-06-07 18:26:42,43.6326217651367,-8.8554801940918,"Male"
"6018403",371836,2025-06-07 18:31:42,43.632266998291,-8.85572814941406,"Male"
"6018403",371836,2025-06-07 18:36:41,43.6386413574219,-8.85407829284668,"Male"
"6018403",371836,2025-06-07 18:41:42,43.6440162658691,-8.8626594543457,"Male"
"6018403",371836,2025-06-07 18:46:43,43.6167488098145,-8.83774852752686,"Male"
"6018403",371836,2025-06-07 18:51:43,43.6301918029785,-8.83866596221924,"Male"
"6018403",371836,2025-06-07 18:56:43,43.6300811767578,-8.83913421630859,"Male"
"6018403",371836,2025-06-07 19:01:41,43.63037109375,-8.83954524993896,"Male"
"6018403",371836,2025-06-07 19:06:42,43.6205673217773,-8.83858585357666,"Male"
"6018403",371836,2025-06-07 19:11:42,43.6345710754395,-8.84540462493896,"Male"
"6018403",371836,2025-06-07 19:16:42,43.6402854919434,-8.86045074462891,"Male"
"6018403",371836,2025-06-07 19:21:42,43.6113090515137,-8.86566925048828,"Male"
"6018403",371836,2025-06-07 19:26:42,43.5820770263672,-8.85994148254395,"Male"
"6018403",371836,2025-06-07 19:31:42,43.5570983886719,-8.86253261566162,"Male"
"6018403",371836,2025-06-07 19:36:42,43.5278701782227,-8.8667049407959,"Male"
"6018403",371836,2025-06-07 19:41:42,43.497989654541,-8.86706256866455,"Male"
"6018403",371836,2025-06-07 19:46:42,43.4696388244629,-8.87331771850586,"Male"
"6018403",371836,2025-06-07 19:51:42,43.4400444030762,-8.87017631530762,"Male"
"6018403",371836,2025-06-07 19:56:42,43.4127502441406,-8.86629962921143,"Male"
"6018403",371836,2025-06-07 20:01:42,43.3850135803223,-8.85521602630615,"Male"
"6018403",371836,2025-06-07 20:06:43,43.3583297729492,-8.84574222564697,"Male"
"6018403",371836,2025-06-07 20:11:47,43.3576469421387,-8.84416770935059,"Male"
"6018403",371836,2025-06-07 20:16:46,43.3577194213867,-8.8443431854248,"Male"
"6018403",371836,2025-06-07 20:21:47,43.3576736450195,-8.84425163269043,"Male"
"6018403",371836,2025-06-07 20:26:46,43.3575744628906,-8.84385967254639,"Male"
"6018403",371836,2025-06-07 20:31:54,43.357780456543,-8.84435367584229,"Male"
"6018403",371836,2025-06-07 20:36:47,43.3573226928711,-8.8432149887085,"Male"
"6018403",371836,2025-06-07 20:41:48,43.3572540283203,-8.84301376342773,"Male"
"6018403",371836,2025-06-07 20:47:05,43.3577194213867,-8.84415245056152,"Male"
"6018403",371836,2025-06-07 20:51:42,43.3575668334961,-8.84399032592773,"Male"
"6018403",371836,2025-06-07 20:56:43,43.3576507568359,-8.84395313262939,"Male"
"6018403",371836,2025-06-07 21:01:46,43.3578147888184,-8.84412956237793,"Male"
"6018403",371836,2025-06-07 21:06:42,43.3576698303223,-8.84404373168945,"Male"
"6018403",371836,2025-06-07 21:11:54,43.3577041625977,-8.84392070770264,"Male"
"6018403",371836,2025-06-07 21:16:52,43.3577308654785,-8.84395027160645,"Male"
"6018403",371836,2025-06-07 21:21:54,43.3576965332031,-8.84389209747314,"Male"
"6018403",371836,2025-06-07 21:26:48,43.3589172363281,-8.84644985198975,"Male"
"6018403",371836,2025-06-07 21:31:48,43.3577919006348,-8.84423732757568,"Male"
"6018403",371836,2025-06-07 21:36:45,43.3576889038086,-8.84385108947754,"Male"
"6018403",371836,2025-06-07 21:41:51,43.3573379516602,-8.8438777923584,"Male"
"6018403",371836,2025-06-07 21:46:45,43.3579597473145,-8.84450912475586,"Male"
"6018403",371836,2025-06-07 21:51:43,43.3576049804688,-8.84385585784912,"Male"
"6018403",371836,2025-06-07 21:56:46,43.357723236084,-8.843994140625,"Male"
"6018403",371836,2025-06-07 22:01:44,43.3576927185059,-8.84408473968506,"Male"
"6018403",371836,2025-06-07 22:06:43,43.3580932617188,-8.84477043151855,"Male"
"6018403",371836,2025-06-07 22:11:42,43.3577690124512,-8.84407043457031,"Male"
"6018403",371836,2025-06-07 22:17:05,43.3576431274414,-8.84394073486328,"Male"
"6018403",371836,2025-06-07 22:21:43,43.3577423095703,-8.84393978118896,"Male"
"6018403",371836,2025-06-07 22:26:45,43.3577766418457,-8.84406566619873,"Male"
"6018403",371836,2025-06-07 22:31:42,43.358154296875,-8.844651222229,"Male"
"6018403",371836,2025-06-07 22:36:49,43.3576965332031,-8.844069480896,"Male"
"6018403",371836,2025-06-07 22:41:42,43.3578414916992,-8.84416961669922,"Male"
"6018403",371836,2025-06-07 22:46:42,43.3577499389648,-8.8441686630249,"Male"
"6018403",371836,2025-06-07 22:51:44,43.3575592041016,-8.84370136260986,"Male"
"6018403",371836,2025-06-07 22:56:42,43.3578948974609,-8.84424495697021,"Male"
"6018403",371836,2025-06-07 23:01:45,43.3572998046875,-8.84431171417236,"Male"
"6018403",371836,2025-06-07 23:06:43,43.3579063415527,-8.84408283233643,"Male"
"6018403",371836,2025-06-07 23:11:42,43.3579521179199,-8.84407806396484,"Male"
"6018403",371836,2025-06-07 23:16:42,43.3576545715332,-8.84384822845459,"Male"
"6018403",371836,2025-06-07 23:21:44,43.3576507568359,-8.84403991699219,"Male"
"6018403",371836,2025-06-07 23:26:43,43.3577499389648,-8.84408569335938,"Male"
"6018403",371836,2025-06-07 23:31:45,43.3577880859375,-8.84408283233643,"Male"
"6018403",371836,2025-06-07 23:36:44,43.3574867248535,-8.84393692016602,"Male"
"6018403",371836,2025-06-07 23:42:05,43.3575439453125,-8.84418869018555,"Male"
"6018403",371836,2025-06-07 23:46:42,43.3575973510742,-8.84419441223145,"Male"
"6018403",371836,2025-06-07 23:51:43,43.3576202392578,-8.84420871734619,"Male"
"6018403",371836,2025-06-07 23:56:43,43.3575592041016,-8.84415435791016,"Male"
"6018403",371836,2025-06-08 00:01:42,43.3573799133301,-8.84424686431885,"Male"
"6018403",371836,2025-06-08 00:06:42,43.357551574707,-8.84417915344238,"Male"
"6018403",371836,2025-06-08 00:11:42,43.3573379516602,-8.84419059753418,"Male"
"6018403",371836,2025-06-08 00:16:43,43.3575057983398,-8.84416103363037,"Male"
"6018403",371836,2025-06-08 00:21:42,43.3575706481934,-8.84414863586426,"Male"
"6018403",371836,2025-06-08 00:26:43,43.3575630187988,-8.84413051605225,"Male"
"6018403",371836,2025-06-08 00:31:44,43.3574295043945,-8.84417057037354,"Male"
"6018403",371836,2025-06-08 00:36:45,43.3576164245605,-8.84420967102051,"Male"
"6018403",371836,2025-06-08 00:41:45,43.3576164245605,-8.84405994415283,"Male"
"6018403",371836,2025-06-08 00:46:44,43.3576545715332,-8.84410858154297,"Male"
"6018403",371836,2025-06-08 00:51:45,43.3575973510742,-8.84414005279541,"Male"
"6018403",371836,2025-06-08 00:56:43,43.3576507568359,-8.84402656555176,"Male"
"6018403",371836,2025-06-08 01:01:43,43.3575897216797,-8.84403324127197,"Male"
"6018403",371836,2025-06-08 01:06:42,43.3576583862305,-8.84409618377686,"Male"
"6018403",371836,2025-06-08 01:11:46,43.3577041625977,-8.84418201446533,"Male"
"6018403",371836,2025-06-08 01:16:46,43.3575477600098,-8.84394550323486,"Male"
"6018403",371836,2025-06-08 01:21:43,43.357421875,-8.84377670288086,"Male"
"6018403",371836,2025-06-08 01:26:42,43.3576507568359,-8.84403324127197,"Male"
"6018403",371836,2025-06-08 01:31:45,43.3577651977539,-8.84402465820312,"Male"
"6018403",371836,2025-06-08 01:36:43,43.357666015625,-8.84393310546875,"Male"
"6018403",371836,2025-06-08 01:41:43,43.3575248718262,-8.8434419631958,"Male"
"6018403",371836,2025-06-08 01:46:45,43.357780456543,-8.84430980682373,"Male"
"6018403",371836,2025-06-08 01:51:48,43.3576850891113,-8.84411334991455,"Male"
"6018403",371836,2025-06-08 01:56:55,43.3577194213867,-8.84412574768066,"Male"
"6018403",371836,2025-06-08 02:01:46,43.3577613830566,-8.84375762939453,"Male"
"6018403",371836,2025-06-08 02:06:47,43.3575401306152,-8.84424018859863,"Male"
"6018403",371836,2025-06-08 02:11:46,43.3575210571289,-8.84427261352539,"Male"
"6018403",371836,2025-06-08 02:16:49,43.3573913574219,-8.84428596496582,"Male"
"6018403",371836,2025-06-08 02:21:44,43.3573226928711,-8.84425926208496,"Male"
"6018403",371836,2025-06-08 02:26:44,43.3574104309082,-8.84409046173096,"Male"
"6018403",371836,2025-06-08 02:31:47,43.3578605651855,-8.84330654144287,"Male"
"6018403",371836,2025-06-08 02:36:54,43.3574676513672,-8.8443078994751,"Male"
"6018403",371836,2025-06-08 02:41:43,43.357479095459,-8.84422206878662,"Male"
"6018403",371836,2025-06-08 02:46:54,43.357666015625,-8.84421253204346,"Male"
"6018403",371836,2025-06-08 02:51:46,43.357608795166,-8.84422016143799,"Male"
"6018403",371836,2025-06-08 02:56:44,43.3575057983398,-8.84420585632324,"Male"
"6018403",371836,2025-06-08 03:01:48,43.3575553894043,-8.84468078613281,"Male"
"6018403",371836,2025-06-08 03:06:46,43.3576698303223,-8.84456634521484,"Male"
"6018403",371836,2025-06-08 03:11:48,43.3579521179199,-8.84426784515381,"Male"
"6018403",371836,2025-06-08 03:16:55,43.3577079772949,-8.84387111663818,"Male"
"6018403",371836,2025-06-08 03:22:02,43.3576278686523,-8.84417915344238,"Male"
"6018403",371836,2025-06-08 03:26:49,43.3577766418457,-8.84431743621826,"Male"
"6018403",371836,2025-06-08 03:31:55,43.357982635498,-8.8444709777832,"Male"
"6018403",371836,2025-06-08 03:36:56,43.3578758239746,-8.84442234039307,"Male"
"6018403",371836,2025-06-08 03:41:43,43.358039855957,-8.84444808959961,"Male"
"6018403",371836,2025-06-08 03:46:49,43.3578300476074,-8.84440898895264,"Male"
"6018403",371836,2025-06-08 03:51:44,43.3582916259766,-8.84471225738525,"Male"
"6018403",371836,2025-06-08 03:56:54,43.3578605651855,-8.84433174133301,"Male"
"6018403",371836,2025-06-08 04:01:43,43.3578224182129,-8.84433841705322,"Male"
"6018403",371836,2025-06-08 04:06:45,43.3577690124512,-8.84434223175049,"Male"
"6018403",371836,2025-06-08 04:11:51,43.357852935791,-8.84440135955811,"Male"
"6018403",371836,2025-06-08 04:16:42,43.3578109741211,-8.84434795379639,"Male"
"6018403",371836,2025-06-08 04:21:43,43.357780456543,-8.84435558319092,"Male"
"6018403",371836,2025-06-08 04:26:42,43.3577651977539,-8.84434127807617,"Male"
"6018403",371836,2025-06-08 04:31:45,43.3577919006348,-8.84445381164551,"Male"
"6018403",371836,2025-06-08 04:36:43,43.3577613830566,-8.84435939788818,"Male"
"6018403",371836,2025-06-08 04:41:44,43.3577995300293,-8.84448432922363,"Male"
"6018403",371836,2025-06-08 04:46:45,43.3577461242676,-8.84438037872314,"Male"
"6018403",371836,2025-06-08 04:51:45,43.3578338623047,-8.84440326690674,"Male"
"6018403",371836,2025-06-08 04:56:44,43.3575134277344,-8.84401321411133,"Male"
"6018403",371836,2025-06-08 05:01:47,43.3575744628906,-8.84410190582275,"Male"
"6018403",371836,2025-06-08 05:06:42,43.3577575683594,-8.84433460235596,"Male"
"6018403",371836,2025-06-08 05:11:42,43.3578796386719,-8.84478378295898,"Male"
"6018403",371836,2025-06-08 05:16:45,43.3578071594238,-8.84415626525879,"Male"
"6018403",371836,2025-06-08 05:21:46,43.357177734375,-8.8449125289917,"Male"
"6018403",371836,2025-06-08 05:26:45,43.3577194213867,-8.84447383880615,"Male"
"6018403",371836,2025-06-08 05:31:46,43.3578872680664,-8.8438663482666,"Male"
"6018403",371836,2025-06-08 05:36:44,43.3579216003418,-8.84387016296387,"Male"
"6018403",371836,2025-06-08 05:41:47,43.3578910827637,-8.84387969970703,"Male"
"6018403",371836,2025-06-08 05:46:43,43.3578147888184,-8.84382152557373,"Male"
"6018403",371836,2025-06-08 05:51:44,43.3579025268555,-8.84387493133545,"Male"
"6018403",371836,2025-06-08 05:56:45,43.3581733703613,-8.84391498565674,"Male"
"6018403",371836,2025-06-08 06:01:42,43.3580932617188,-8.84386157989502,"Male"
"6018403",371836,2025-06-08 06:06:43,43.3581275939941,-8.84382438659668,"Male"
"6018403",371836,2025-06-08 06:11:46,43.3578186035156,-8.84380435943604,"Male"
"6018403",371836,2025-06-08 06:16:43,43.3576850891113,-8.8442268371582,"Male"
"6018403",371836,2025-06-08 06:21:43,43.3574104309082,-8.84460163116455,"Male"
"6018403",371836,2025-06-08 06:26:42,43.3575210571289,-8.84431171417236,"Male"
"6018403",371836,2025-06-08 06:31:43,43.3574562072754,-8.84435176849365,"Male"
"6018403",371836,2025-06-08 06:36:44,43.3577003479004,-8.84408950805664,"Male"
"6018403",371836,2025-06-08 06:41:44,43.3577003479004,-8.84406566619873,"Male"
"6018403",371836,2025-06-08 06:46:49,43.3575820922852,-8.84402465820312,"Male"
"6018403",371836,2025-06-08 06:51:43,43.3577003479004,-8.84399509429932,"Male"
"6018403",371836,2025-06-08 06:56:43,43.3576354980469,-8.84387302398682,"Male"
"6018403",371836,2025-06-08 07:01:51,43.3577041625977,-8.84418106079102,"Male"
"6018403",371836,2025-06-08 07:06:47,43.3577423095703,-8.84389972686768,"Male"
"6018403",371836,2025-06-08 07:11:55,43.3576431274414,-8.84400081634521,"Male"
"6018403",371836,2025-06-08 07:16:45,43.357608795166,-8.84378719329834,"Male"
"6018403",371836,2025-06-08 07:21:56,43.3578796386719,-8.84418964385986,"Male"
"6018403",371836,2025-06-08 07:26:46,43.3579483032227,-8.84421730041504,"Male"
"6018403",371836,2025-06-08 07:31:44,43.3578948974609,-8.84416675567627,"Male"
"6018403",371836,2025-06-08 07:36:47,43.3578910827637,-8.84406566619873,"Male"
"6018403",371836,2025-06-08 07:41:52,43.3578720092773,-8.84418392181396,"Male"
"6018403",371836,2025-06-08 07:46:48,43.3579750061035,-8.84422779083252,"Male"
"6018403",371836,2025-06-08 07:51:54,43.3579063415527,-8.84410762786865,"Male"
"6018403",371836,2025-06-08 07:56:46,43.3579368591309,-8.84412574768066,"Male"
"6018403",371836,2025-06-08 08:01:55,43.3579788208008,-8.84413814544678,"Male"
"6018403",371836,2025-06-08 08:06:57,43.3579635620117,-8.84413051605225,"Male"
"6018403",371836,2025-06-08 08:11:49,43.3573455810547,-8.84432792663574,"Male"
"6018403",371836,2025-06-08 08:16:43,43.3574371337891,-8.84425449371338,"Male"
"6018403",371836,2025-06-08 08:21:49,43.3574180603027,-8.84433650970459,"Male"
"6018403",371836,2025-06-08 08:26:52,43.3573760986328,-8.84484004974365,"Male"
"6018403",371836,2025-06-08 08:31:48,43.3570556640625,-8.84463119506836,"Male"
"6018403",371836,2025-06-08 08:36:54,43.3573265075684,-8.84421348571777,"Male"
"6018403",371836,2025-06-08 08:41:45,43.3572463989258,-8.84416961669922,"Male"
"6018403",371836,2025-06-08 08:46:44,43.3572196960449,-8.84422206878662,"Male"
"6018403",371836,2025-06-08 08:51:47,43.3571853637695,-8.84411144256592,"Male"
"6018403",371836,2025-06-08 08:56:49,43.3578262329102,-8.84377384185791,"Male"
"6018403",371836,2025-06-08 09:01:44,43.3573608398438,-8.84402656555176,"Male"
"6018403",371836,2025-06-08 09:06:46,43.3575401306152,-8.84389019012451,"Male"
"6018403",371836,2025-06-08 09:11:45,43.3575401306152,-8.84390830993652,"Male"
"6018403",371836,2025-06-08 09:16:52,43.3574104309082,-8.84398746490479,"Male"
"6018403",371836,2025-06-08 09:21:45,43.3574676513672,-8.84387493133545,"Male"
"6018403",371836,2025-06-08 09:26:52,43.357307434082,-8.84389019012451,"Male"
"6018403",371836,2025-06-08 09:32:05,43.3576736450195,-8.84423542022705,"Male"
"6018403",371836,2025-06-08 09:36:41,43.3576164245605,-8.84421825408936,"Male"
"6018403",371836,2025-06-08 09:41:41,43.3576164245605,-8.84420680999756,"Male"
"6018403",371836,2025-06-08 09:46:41,43.3576011657715,-8.84418392181396,"Male"
"6018403",371836,2025-06-08 09:51:41,43.3576316833496,-8.84422397613525,"Male"
"6018403",371836,2025-06-08 09:56:42,43.3575706481934,-8.84410667419434,"Male"
"6018403",371836,2025-06-08 10:01:41,43.3575210571289,-8.84402275085449,"Male"
"6018403",371836,2025-06-08 10:06:41,43.3575592041016,-8.8441915512085,"Male"
"6018403",371836,2025-06-08 10:11:44,43.3574752807617,-8.84410381317139,"Male"
"6018403",371836,2025-06-08 10:16:46,43.3575439453125,-8.84410095214844,"Male"
"6018403",371836,2025-06-08 10:21:46,43.3574600219727,-8.84403610229492,"Male"
"6018403",371836,2025-06-08 10:26:46,43.3576126098633,-8.84417533874512,"Male"
"6018403",371836,2025-06-08 10:31:44,43.3574829101562,-8.84403228759766,"Male"
"6018403",371836,2025-06-08 10:36:44,43.357494354248,-8.84408283233643,"Male"
"6018403",371836,2025-06-08 10:41:43,43.3575019836426,-8.84411239624023,"Male"
"6018403",371836,2025-06-08 10:46:46,43.3576011657715,-8.84394550323486,"Male"
"6018403",371836,2025-06-08 10:51:43,43.3575019836426,-8.84394359588623,"Male"
"6018403",371836,2025-06-08 10:56:43,43.3575630187988,-8.84403514862061,"Male"
"6018403",371836,2025-06-08 11:01:43,43.3576507568359,-8.84460544586182,"Male"
"6018403",371836,2025-06-08 11:06:45,43.3577003479004,-8.84448528289795,"Male"
"6018403",371836,2025-06-08 11:11:45,43.3576736450195,-8.84483242034912,"Male"
"6018403",371836,2025-06-08 11:16:43,43.3575401306152,-8.84556674957275,"Male"
"6018403",371836,2025-06-08 11:21:43,43.3575859069824,-8.84538555145264,"Male"
"6018403",371836,2025-06-08 11:26:44,43.3575744628906,-8.84536647796631,"Male"
"6018403",371836,2025-06-08 11:31:43,43.3575706481934,-8.84550762176514,"Male"
"6018403",371836,2025-06-08 11:36:44,43.3576126098633,-8.8453893661499,"Male"
"6018403",371836,2025-06-08 11:41:45,43.3576126098633,-8.84542942047119,"Male"
"6018403",371836,2025-06-08 11:46:45,43.3576393127441,-8.84544086456299,"Male"
"6018403",371836,2025-06-08 11:51:44,43.3576889038086,-8.84525108337402,"Male"
"6018403",371836,2025-06-08 11:56:45,43.3578681945801,-8.84499359130859,"Male"
"6018403",371836,2025-06-08 12:01:45,43.3579635620117,-8.84466743469238,"Male"
"6018403",371836,2025-06-08 12:06:45,43.3578414916992,-8.84514331817627,"Male"
"6018403",371836,2025-06-08 12:11:45,43.3578071594238,-8.84532356262207,"Male"
"6018403",371836,2025-06-08 12:16:45,43.357982635498,-8.8447322845459,"Male"
"6018403",371836,2025-06-08 12:21:45,43.3579597473145,-8.84485244750977,"Male"
"6018403",371836,2025-06-08 12:26:46,43.3579940795898,-8.84489154815674,"Male"
"6018403",371836,2025-06-08 12:31:46,43.3580017089844,-8.84498882293701,"Male"
"6018403",371836,2025-06-08 12:36:49,43.3579750061035,-8.84473419189453,"Male"
"6018403",371836,2025-06-08 12:41:56,43.3578834533691,-8.84376049041748,"Male"
"6018403",371836,2025-06-08 12:47:00,43.3578910827637,-8.84387302398682,"Male"
"6018403",371836,2025-06-08 12:51:58,43.3578567504883,-8.84382915496826,"Male"
"6018403",371836,2025-06-08 12:56:56,43.3576812744141,-8.8436861038208,"Male"
"6018403",371836,2025-06-08 13:01:59,43.3575057983398,-8.84341335296631,"Male"
"6018403",371836,2025-06-08 13:07:13,43.3571586608887,-8.84343528747559,"Male"
"6018403",371836,2025-06-08 13:11:44,43.3571968078613,-8.84342098236084,"Male"
"6018403",371836,2025-06-08 13:16:47,43.3568153381348,-8.84304904937744,"Male"
"6018403",371836,2025-06-08 13:21:46,43.3577346801758,-8.84440422058105,"Male"
"6018403",371836,2025-06-08 13:26:44,43.3578834533691,-8.84435939788818,"Male"
"6018403",371836,2025-06-08 13:31:46,43.3578987121582,-8.84417152404785,"Male"
"6018403",371836,2025-06-08 13:36:49,43.358039855957,-8.84386825561523,"Male"
"6018403",371836,2025-06-08 13:41:43,43.3578300476074,-8.84417152404785,"Male"
"6018403",371836,2025-06-08 13:46:46,43.3578796386719,-8.84412670135498,"Male"
"6018403",371836,2025-06-08 13:51:44,43.3580169677734,-8.84389114379883,"Male"
"6018403",371836,2025-06-08 13:56:45,43.3582572937012,-8.8435583114624,"Male"
"6018403",371836,2025-06-08 14:01:45,43.3582649230957,-8.84340572357178,"Male"
"6018403",371836,2025-06-08 14:06:47,43.3580589294434,-8.84378147125244,"Male"
"6018403",371836,2025-06-08 14:11:46,43.3581275939941,-8.84371185302734,"Male"
"6018403",371836,2025-06-08 14:16:51,43.3579368591309,-8.84400367736816,"Male"
"6018403",371836,2025-06-08 14:21:45,43.3585472106934,-8.84308242797852,"Male"
"6018403",371836,2025-06-08 14:26:45,43.3585243225098,-8.84313201904297,"Male"
"6018403",371836,2025-06-08 14:31:46,43.3578414916992,-8.84420394897461,"Male"
"6018403",371836,2025-06-08 14:36:45,43.3574523925781,-8.84473609924316,"Male"
"6018403",371836,2025-06-08 14:41:45,43.3566627502441,-8.84578704833984,"Male"
"6018403",371836,2025-06-08 14:46:43,43.356990814209,-8.84524250030518,"Male"
"6018403",371836,2025-06-08 14:51:43,43.3574562072754,-8.84462070465088,"Male"
"6018403",371836,2025-06-08 14:56:43,43.3574485778809,-8.84455394744873,"Male"
"6018403",371836,2025-06-08 15:01:44,43.3573913574219,-8.84460067749023,"Male"
"6018403",371836,2025-06-08 15:06:44,43.3574523925781,-8.8444881439209,"Male"
"6018403",371836,2025-06-08 15:11:43,43.3574676513672,-8.84442043304443,"Male"
"6018403",371836,2025-06-08 15:16:44,43.3572959899902,-8.84440231323242,"Male"
"6018403",371836,2025-06-08 15:21:43,43.3577041625977,-8.84431076049805,"Male"
"6018403",371836,2025-06-08 15:26:43,43.3576240539551,-8.84433555603027,"Male"
"6018403",371836,2025-06-08 15:31:43,43.3576965332031,-8.84429359436035,"Male"
"6018403",371836,2025-06-08 15:36:43,43.3576774597168,-8.84425354003906,"Male"
"6018403",371836,2025-06-08 15:41:43,43.3576431274414,-8.84423542022705,"Male"
"6018403",371836,2025-06-08 15:46:43,43.3577079772949,-8.84428787231445,"Male"
"6018403",371836,2025-06-08 15:51:43,43.3576927185059,-8.84426116943359,"Male"
"6018403",371836,2025-06-08 15:56:43,43.3576889038086,-8.84421253204346,"Male"
"6018403",371836,2025-06-08 16:01:43,43.3576965332031,-8.84420967102051,"Male"
"6018403",371836,2025-06-08 16:06:43,43.3577346801758,-8.84424018859863,"Male"
"6018403",371836,2025-06-08 16:11:43,43.3577613830566,-8.84410858154297,"Male"
"6018403",371836,2025-06-08 16:16:45,43.3577346801758,-8.84421825408936,"Male"
"6018403",371836,2025-06-08 16:21:47,43.3578300476074,-8.84415245056152,"Male"
"6018403",371836,2025-06-08 16:26:46,43.3579483032227,-8.8440113067627,"Male"
"6018403",371836,2025-06-08 16:31:47,43.3578338623047,-8.84419059753418,"Male"
"6018403",371836,2025-06-08 16:36:47,43.3578262329102,-8.84415817260742,"Male"
"6018403",371836,2025-06-08 16:41:45,43.3577880859375,-8.84424495697021,"Male"
"6018403",371836,2025-06-08 16:46:45,43.3578033447266,-8.84420013427734,"Male"
"6018403",371836,2025-06-08 16:51:44,43.3578681945801,-8.84417724609375,"Male"
"6018403",371836,2025-06-08 16:56:45,43.3578681945801,-8.84413623809814,"Male"
"6018403",371836,2025-06-08 17:01:44,43.3577880859375,-8.84423542022705,"Male"
"6018403",371836,2025-06-08 17:06:45,43.3578033447266,-8.84421920776367,"Male"
"6018403",371836,2025-06-08 17:11:46,43.3578414916992,-8.84413528442383,"Male"
"6018403",371836,2025-06-08 17:16:48,43.3578453063965,-8.84407520294189,"Male"
"6018403",371836,2025-06-08 17:21:47,43.357852935791,-8.84409618377686,"Male"
"6018403",371836,2025-06-08 17:26:46,43.3578834533691,-8.84410572052002,"Male"
"6018403",371836,2025-06-08 17:31:45,43.3579330444336,-8.84414863586426,"Male"
"6018403",371836,2025-06-08 17:36:45,43.3579711914062,-8.84401321411133,"Male"
"6018403",371836,2025-06-08 17:41:52,43.35791015625,-8.84414100646973,"Male"
"6018403",371836,2025-06-08 17:46:46,43.3578948974609,-8.84410953521729,"Male"
"6018403",371836,2025-06-08 17:51:45,43.3578872680664,-8.84412097930908,"Male"
"6018403",371836,2025-06-08 17:56:47,43.3578071594238,-8.84384632110596,"Male"
"6018403",371836,2025-06-08 18:01:46,43.3578720092773,-8.84416675567627,"Male"
"6018403",371836,2025-06-08 18:06:43,43.365779876709,-8.85079002380371,"Male"
"6018403",371836,2025-06-08 18:11:44,43.3852119445801,-8.86073780059814,"Male"
"6018403",371836,2025-06-08 18:16:43,43.4033470153809,-8.87819766998291,"Male"
"6018403",371836,2025-06-08 18:21:44,43.4181175231934,-8.9044828414917,"Male"
"6018403",371836,2025-06-08 18:26:44,43.4328155517578,-8.9130220413208,"Male"
"6018403",371836,2025-06-08 18:31:44,43.4472045898438,-8.92870903015137,"Male"
"6018403",371836,2025-06-08 18:36:44,43.4633255004883,-8.94696998596191,"Male"
"6018403",371836,2025-06-08 18:41:43,43.4785270690918,-8.95712852478027,"Male"
"6018403",371836,2025-06-08 18:46:44,43.4954147338867,-8.95759963989258,"Male"
"6018403",371836,2025-06-08 18:51:44,43.5124816894531,-8.95757675170898,"Male"
"6018403",371836,2025-06-08 18:56:45,43.5186042785645,-8.95406055450439,"Male"
"6018403",371836,2025-06-08 19:01:44,43.531810760498,-8.95222282409668,"Male"
"6018403",371836,2025-06-08 19:06:45,43.5468444824219,-8.96078300476074,"Male"
"6018403",371836,2025-06-08 19:11:44,43.5628204345703,-8.96229362487793,"Male"
"6018403",371836,2025-06-08 19:16:45,43.5793876647949,-8.96136665344238,"Male"
"6018403",371836,2025-06-08 19:21:46,43.5907707214355,-8.94144535064697,"Male"
"6018403",371836,2025-06-08 19:26:51,43.6024017333984,-8.92527675628662,"Male"
"6018403",371836,2025-06-08 19:31:45,43.6112518310547,-8.90581130981445,"Male"
"6018403",371836,2025-06-08 19:42:14,43.643928527832,-8.91482830047607,"Male"
"6018403",371836,2025-06-08 19:46:44,43.6589698791504,-8.92663764953613,"Male"
"6018403",371836,2025-06-08 19:51:46,43.6704978942871,-8.91822814941406,"Male"
"6018403",371836,2025-06-08 19:56:45,43.6760635375977,-8.90065574645996,"Male"
"6018403",371836,2025-06-08 20:01:45,43.6836242675781,-8.89100742340088,"Male"
"6018403",371836,2025-06-08 20:06:44,43.6920356750488,-8.93065738677979,"Male"
"6018403",371836,2025-06-08 20:11:45,43.7039070129395,-8.95126819610596,"Male"
"6018403",371836,2025-06-08 20:16:45,43.7088088989258,-8.95161724090576,"Male"
"6018403",371836,2025-06-08 20:23:17,43.7041206359863,-8.94803619384766,"Male"
"6018403",371836,2025-06-08 20:28:12,43.6982574462891,-8.94470977783203,"Male"
"6018403",371836,2025-06-08 20:33:18,43.6982612609863,-8.94416522979736,"Male"
"6018403",371836,2025-06-08 20:38:10,43.686466217041,-8.9329948425293,"Male"
"6018403",371836,2025-06-08 20:43:24,43.6616096496582,-8.91366577148438,"Male"
"6018403",371836,2025-06-08 20:48:11,43.6613502502441,-8.91336917877197,"Male"
"6018403",371836,2025-06-08 20:53:15,43.6482467651367,-8.90833759307861,"Male"
"6018403",371836,2025-06-08 20:58:10,43.6413688659668,-8.90659046173096,"Male"
"6018403",371836,2025-06-08 21:03:13,43.6401634216309,-8.90422058105469,"Male"
"6018403",371836,2025-06-08 21:08:11,43.6399345397949,-8.90337657928467,"Male"
"6018403",371836,2025-06-08 21:13:19,43.6395416259766,-8.90799140930176,"Male"
"6018403",371836,2025-06-08 21:18:11,43.637565612793,-8.90818214416504,"Male"
"6018403",371836,2025-06-08 21:23:11,43.637336730957,-8.91150665283203,"Male"
"6018403",371836,2025-06-08 21:28:19,43.6374893188477,-8.91121196746826,"Male"
"6018403",371836,2025-06-08 21:33:14,43.6379928588867,-8.91137790679932,"Male"
"6018403",371836,2025-06-08 21:38:16,43.6375350952148,-8.91481399536133,"Male"
"6018403",371836,2025-06-08 21:43:10,43.6365165710449,-8.921142578125,"Male"
"6018403",371836,2025-06-08 21:48:11,43.6366348266602,-8.92076301574707,"Male"
"6018403",371836,2025-06-08 21:53:16,43.6367073059082,-8.92047309875488,"Male"
"6018403",371836,2025-06-08 21:58:10,43.6368141174316,-8.92060089111328,"Male"
"6018403",371836,2025-06-08 22:03:11,43.6353950500488,-8.92988395690918,"Male"
"6018403",371836,2025-06-08 22:08:11,43.6354331970215,-8.929518699646,"Male"
"6018403",371836,2025-06-08 22:13:15,43.6344375610352,-8.93435859680176,"Male"
"6018403",371836,2025-06-08 22:18:15,43.6347618103027,-8.93430233001709,"Male"
"6018403",371836,2025-06-08 22:23:22,43.6320266723633,-8.93876647949219,"Male"
"6018403",371836,2025-06-08 22:28:19,43.6318054199219,-8.93798446655273,"Male"
"6018403",371836,2025-06-08 22:33:22,43.6321258544922,-8.93805122375488,"Male"
"6018403",371836,2025-06-08 22:38:17,43.6328277587891,-8.94268894195557,"Male"
"6018403",371836,2025-06-08 22:43:19,43.6342430114746,-8.94449901580811,"Male"
"6018403",371836,2025-06-08 22:48:20,43.6316871643066,-8.94465732574463,"Male"
"6018403",371836,2025-06-08 22:53:24,43.6319885253906,-8.94459247589111,"Male"
"6018403",371836,2025-06-08 22:58:23,43.6321678161621,-8.94494247436523,"Male"
"6018403",371836,2025-06-08 23:03:20,43.6318244934082,-8.94786739349365,"Male"
"6018403",371836,2025-06-08 23:08:35,43.6315307617188,-8.94803524017334,"Male"
"6018403",371836,2025-06-08 23:13:10,43.6316337585449,-8.94856357574463,"Male"
"6018403",371836,2025-06-08 23:18:10,43.6317939758301,-8.94857025146484,"Male"
"6018403",371836,2025-06-08 23:23:11,43.6319160461426,-8.94862270355225,"Male"
"6018403",371836,2025-06-08 23:28:11,43.6319046020508,-8.94794654846191,"Male"
"6018403",371836,2025-06-08 23:33:11,43.6336059570312,-8.94228267669678,"Male"
"6018403",371836,2025-06-08 23:38:09,43.6332473754883,-8.94168472290039,"Male"
"6018403",371836,2025-06-08 23:43:10,43.6362113952637,-8.93757057189941,"Male"
"6018403",371836,2025-06-08 23:48:11,43.6367492675781,-8.93808937072754,"Male"
"6018403",371836,2025-06-08 23:53:10,43.6360778808594,-8.93768882751465,"Male"
"6018403",371836,2025-06-08 23:58:09,43.6217002868652,-8.93449115753174,"Male"
"6018403",371836,2025-06-09 00:03:11,43.5827865600586,-8.93376445770264,"Male"
"6018403",371836,2025-06-09 00:08:10,43.5471382141113,-8.92891120910645,"Male"
"6018403",371836,2025-06-09 00:13:10,43.5113220214844,-8.92468643188477,"Male"
"6018403",371836,2025-06-09 00:18:10,43.4729347229004,-8.9213752746582,"Male"
"6018403",371836,2025-06-09 00:23:11,43.4403533935547,-8.9120979309082,"Male"
"6018403",371836,2025-06-09 00:28:10,43.4148445129395,-8.895263671875,"Male"
"6018403",371836,2025-06-09 00:33:11,43.3918609619141,-8.8755407333374,"Male"
"6018403",371836,2025-06-09 00:38:11,43.366455078125,-8.85787391662598,"Male"
"6018403",371836,2025-06-09 00:43:15,43.3574600219727,-8.84414291381836,"Male"
"6018403",371836,2025-06-09 00:48:13,43.3574829101562,-8.84410762786865,"Male"
"6018403",371836,2025-06-09 00:53:12,43.3575286865234,-8.8441104888916,"Male"
"6018403",371836,2025-06-09 00:58:17,43.3576278686523,-8.84428310394287,"Male"
"6018403",371836,2025-06-09 01:03:15,43.3572273254395,-8.84392356872559,"Male"
"6018403",371836,2025-06-09 01:08:12,43.3574523925781,-8.84402179718018,"Male"
"6018403",371836,2025-06-09 01:13:15,43.3573913574219,-8.84398746490479,"Male"
"6018403",371836,2025-06-09 01:18:17,43.3574829101562,-8.84389305114746,"Male"
"6018403",371836,2025-06-09 01:23:19,43.3574676513672,-8.84388828277588,"Male"
"6018403",371836,2025-06-09 01:28:50,43.357593536377,-8.84405040740967,"Male"
"6018403",371836,2025-06-09 01:33:35,43.3576202392578,-8.84403514862061,"Male"
"6018403",371836,2025-06-09 01:38:12,43.3575286865234,-8.84394931793213,"Male"
"6018403",371836,2025-06-09 01:43:11,43.357551574707,-8.8438549041748,"Male"
"6018403",371836,2025-06-09 01:48:10,43.3575325012207,-8.84383487701416,"Male"
"6018403",371836,2025-06-09 01:53:12,43.3575897216797,-8.84385395050049,"Male"
"6018403",371836,2025-06-09 01:58:35,43.3576736450195,-8.84403514862061,"Male"
"6018403",371836,2025-06-09 02:03:12,43.3576812744141,-8.8439998626709,"Male"
"6018403",371836,2025-06-09 02:08:13,43.3576812744141,-8.84398555755615,"Male"
"6018403",371836,2025-06-09 02:13:10,43.3576545715332,-8.84401702880859,"Male"
"6018403",371836,2025-06-09 02:18:10,43.357608795166,-8.84407615661621,"Male"
"6018403",371836,2025-06-09 02:23:12,43.3576469421387,-8.84409618377686,"Male"
"6018403",371836,2025-06-09 02:28:11,43.357666015625,-8.84406089782715,"Male"
"6018403",371836,2025-06-09 02:33:10,43.3576164245605,-8.84409618377686,"Male"
"6018403",371836,2025-06-09 02:38:12,43.3577117919922,-8.844069480896,"Male"
"6018403",371836,2025-06-09 02:43:11,43.3574905395508,-8.84406471252441,"Male"
"6018403",371836,2025-06-09 02:48:12,43.3571166992188,-8.84383392333984,"Male"
"6018403",371836,2025-06-09 02:53:16,43.3576278686523,-8.84406089782715,"Male"
"6018403",371836,2025-06-09 02:58:09,43.3576393127441,-8.84402942657471,"Male"
"6018403",371836,2025-06-09 03:03:10,43.3576927185059,-8.84408283233643,"Male"
"6018403",371836,2025-06-09 03:08:12,43.3574600219727,-8.84392547607422,"Male"
"6018403",371836,2025-06-09 03:13:10,43.3576240539551,-8.84409236907959,"Male"
"6018403",371836,2025-06-09 03:18:11,43.3576927185059,-8.84414100646973,"Male"
"6018403",371836,2025-06-09 03:23:11,43.3578567504883,-8.84424209594727,"Male"
"6018403",371836,2025-06-09 03:28:12,43.3577270507812,-8.84419250488281,"Male"
"6018403",371836,2025-06-09 03:33:11,43.3577842712402,-8.84418296813965,"Male"
"6018403",371836,2025-06-09 03:38:13,43.3576316833496,-8.8440580368042,"Male"
"6018403",371836,2025-06-09 03:43:11,43.3577079772949,-8.84407997131348,"Male"
"6018403",371836,2025-06-09 03:48:13,43.3575553894043,-8.84404277801514,"Male"
"6018403",371836,2025-06-09 03:53:35,43.3576278686523,-8.8441047668457,"Male"
"6018403",371836,2025-06-09 03:58:11,43.3576278686523,-8.84417915344238,"Male"
"6018403",371836,2025-06-09 04:03:12,43.3575820922852,-8.84416103363037,"Male"
"6018403",371836,2025-06-09 04:08:12,43.3575248718262,-8.84411239624023,"Male"
"6018403",371836,2025-06-09 04:13:10,43.3576469421387,-8.84423065185547,"Male"
"6018403",371836,2025-06-09 04:18:13,43.3579177856445,-8.84440135955811,"Male"
"6018403",371836,2025-06-09 04:23:15,43.3579139709473,-8.84433078765869,"Male"
"6018403",371836,2025-06-09 04:28:12,43.3578605651855,-8.84436798095703,"Male"
"6018403",371836,2025-06-09 04:33:11,43.357723236084,-8.84429740905762,"Male"
"6018403",371836,2025-06-09 04:38:13,43.357780456543,-8.8441686630249,"Male"
"6018403",371836,2025-06-09 04:43:11,43.3576240539551,-8.84407520294189,"Male"
"6018403",371836,2025-06-09 04:48:11,43.357795715332,-8.84423160552979,"Male"
"6018403",371836,2025-06-09 04:53:16,43.3577423095703,-8.84418106079102,"Male"
"6018403",371836,2025-06-09 04:58:10,43.3576927185059,-8.84417819976807,"Male"
"6018403",371836,2025-06-09 05:03:10,43.3577079772949,-8.84410190582275,"Male"
"6018403",371836,2025-06-09 05:08:10,43.3577423095703,-8.84423446655273,"Male"
"6018403",371836,2025-06-09 05:13:13,43.3577613830566,-8.84428215026855,"Male"
"6018403",371836,2025-06-09 05:18:12,43.3577651977539,-8.84418106079102,"Male"
"6018403",371836,2025-06-09 05:23:11,43.3578071594238,-8.84410572052002,"Male"
"6018403",371836,2025-06-09 05:28:13,43.3575553894043,-8.84441184997559,"Male"
"6018403",371836,2025-06-09 05:33:11,43.3577690124512,-8.84416675567627,"Male"
"6018403",371836,2025-06-09 05:38:13,43.3574867248535,-8.84447765350342,"Male"
"6018403",371836,2025-06-09 05:43:16,43.3576774597168,-8.844407081604,"Male"
"6018403",371836,2025-06-09 05:48:10,43.3576927185059,-8.84400844573975,"Male"
"6018403",371836,2025-06-09 05:53:11,43.3577194213867,-8.84426212310791,"Male"
"6018403",371836,2025-06-09 05:58:15,43.3576164245605,-8.84452724456787,"Male"
"6018403",371836,2025-06-09 06:03:11,43.3576927185059,-8.84431076049805,"Male"
"6018403",371836,2025-06-09 06:08:18,43.3576507568359,-8.84445285797119,"Male"
"6018403",371836,2025-06-09 06:13:13,43.3576965332031,-8.84442710876465,"Male"
"6018403",371836,2025-06-09 06:18:12,43.3575973510742,-8.84440612792969,"Male"
"6018403",371836,2025-06-09 06:23:16,43.3576126098633,-8.84420394897461,"Male"
"6018403",371836,2025-06-09 06:28:44,43.357608795166,-8.84414672851562,"Male"
"6018403",371836,2025-06-09 06:33:10,43.3577003479004,-8.84425640106201,"Male"
"6018403",371836,2025-06-09 06:38:10,43.3579216003418,-8.844069480896,"Male"
"6018403",371836,2025-06-09 06:43:12,43.3580703735352,-8.84408760070801,"Male"
"6018403",371836,2025-06-09 06:48:35,43.357608795166,-8.84415245056152,"Male"
"6018403",371836,2025-06-09 06:53:10,43.3575744628906,-8.84422874450684,"Male"
"6018403",371836,2025-06-09 06:58:10,43.3576316833496,-8.84411907196045,"Male"
"6018403",371836,2025-06-09 07:03:11,43.357593536377,-8.84413242340088,"Male"
"6018403",371836,2025-06-09 07:08:12,43.3576164245605,-8.84407711029053,"Male"
"6018403",371836,2025-06-09 07:13:12,43.3575706481934,-8.84417152404785,"Male"
"6018403",371836,2025-06-09 07:18:11,43.3576278686523,-8.8441276550293,"Male"
"6018403",371836,2025-06-09 07:23:11,43.357795715332,-8.84411525726318,"Male"
"6018403",371836,2025-06-09 07:28:11,43.3581314086914,-8.844069480896,"Male"
"6018403",371836,2025-06-09 07:33:11,43.358024597168,-8.84407711029053,"Male"
"6018403",371836,2025-06-09 07:38:11,43.358154296875,-8.84408378601074,"Male"
"6018403",371836,2025-06-09 07:43:11,43.3582534790039,-8.84396648406982,"Male"
"6018403",371836,2025-06-09 07:48:10,43.3582191467285,-8.84399795532227,"Male"
"6018403",371836,2025-06-09 07:53:09,43.3581619262695,-8.84401226043701,"Male"
"6018403",371836,2025-06-09 07:58:11,43.3578796386719,-8.84382438659668,"Male"
"6018403",371836,2025-06-09 08:03:10,43.3582038879395,-8.84358978271484,"Male"
"6018403",371836,2025-06-09 08:08:10,43.3580627441406,-8.84360790252686,"Male"
"6018403",371836,2025-06-09 08:13:16,43.3577461242676,-8.84402465820312,"Male"
"6018403",371836,2025-06-09 08:18:17,43.3578567504883,-8.84365749359131,"Male"
"6018403",371836,2025-06-09 08:23:13,43.3578567504883,-8.8436393737793,"Male"
"6018403",371836,2025-06-09 08:28:10,43.3578910827637,-8.84371948242188,"Male"
"6018403",371836,2025-06-09 08:33:14,43.3579597473145,-8.84364223480225,"Male"
"6018403",371836,2025-06-09 08:38:11,43.3578796386719,-8.84365844726562,"Male"
"6018403",371836,2025-06-09 08:43:13,43.3579597473145,-8.84338092803955,"Male"
"6018403",371836,2025-06-09 08:48:14,43.3577613830566,-8.84380722045898,"Male"
"6018403",371836,2025-06-09 08:53:15,43.3577766418457,-8.84307956695557,"Male"
"6018403",371836,2025-06-09 08:58:16,43.3575973510742,-8.84464550018311,"Male"
"6018403",371836,2025-06-09 09:03:16,43.3575630187988,-8.84449672698975,"Male"
"6018403",371836,2025-06-09 09:08:19,43.3575630187988,-8.84467697143555,"Male"
"6018403",371836,2025-06-09 09:13:18,43.3575706481934,-8.84445285797119,"Male"
"6018403",371836,2025-06-09 09:18:18,43.3575897216797,-8.84434223175049,"Male"
"6018403",371836,2025-06-09 09:23:12,43.3575706481934,-8.84435749053955,"Male"
"6018403",371836,2025-06-09 09:28:12,43.3575592041016,-8.84409713745117,"Male"
"6018403",371836,2025-06-09 09:33:12,43.3575782775879,-8.84396934509277,"Male"
"6018403",371836,2025-06-09 09:38:12,43.3575172424316,-8.84390068054199,"Male"
"6018403",371836,2025-06-09 09:43:13,43.3575172424316,-8.84359169006348,"Male"
"6018403",371836,2025-06-09 09:48:15,43.3574523925781,-8.84328937530518,"Male"
"6018403",371836,2025-06-09 09:53:10,43.3573799133301,-8.84296989440918,"Male"
"6018403",371836,2025-06-09 09:58:10,43.3572692871094,-8.84247970581055,"Male"
"6018403",371836,2025-06-09 10:03:12,43.3571166992188,-8.84136581420898,"Male"
"6018403",371836,2025-06-09 10:08:34,43.3576316833496,-8.8441104888916,"Male"
"6018403",371836,2025-06-09 10:13:10,43.3576164245605,-8.84428215026855,"Male"
"6018403",371836,2025-06-09 10:18:10,43.3576316833496,-8.84420776367188,"Male"
"6018403",371836,2025-06-09 10:23:10,43.3576850891113,-8.8442325592041,"Male"
"6018403",371836,2025-06-09 10:28:10,43.3575286865234,-8.84407901763916,"Male"
"6018403",371836,2025-06-09 10:33:12,43.357608795166,-8.84421443939209,"Male"
"6018403",371836,2025-06-09 10:38:18,43.3576316833496,-8.84421539306641,"Male"
"6018403",371836,2025-06-09 10:43:16,43.3576431274414,-8.84428215026855,"Male"
"6018403",371836,2025-06-09 10:48:16,43.3576545715332,-8.84426593780518,"Male"
"6018403",371836,2025-06-09 10:53:16,43.3576965332031,-8.84422779083252,"Male"
"6018403",371836,2025-06-09 10:58:22,43.3577461242676,-8.84424114227295,"Male"
"6018403",371836,2025-06-09 11:03:33,43.3576698303223,-8.84417724609375,"Male"
"6018403",371836,2025-06-09 11:08:15,43.3576812744141,-8.84444808959961,"Male"
"6018403",371836,2025-06-09 11:13:26,43.357738494873,-8.84427070617676,"Male"
"6018403",371836,2025-06-09 11:18:23,43.357738494873,-8.84432792663574,"Male"
"6018403",371836,2025-06-09 11:23:19,43.3577156066895,-8.84440231323242,"Male"
"6018403",371836,2025-06-09 11:28:19,43.3577270507812,-8.84448528289795,"Male"
"6018403",371836,2025-06-09 11:33:32,43.3575973510742,-8.84405422210693,"Male"
"6018403",371836,2025-06-09 11:38:11,43.3577117919922,-8.84389114379883,"Male"
"6018403",371836,2025-06-09 11:43:10,43.362174987793,-8.84813594818115,"Male"
"6018403",371836,2025-06-09 11:48:09,43.3836441040039,-8.86801433563232,"Male"
"6018403",371836,2025-06-09 11:53:10,43.4019584655762,-8.90194892883301,"Male"
"6018403",371836,2025-06-09 11:58:09,43.4185905456543,-8.94161510467529,"Male"
"6018403",371836,2025-06-09 12:03:09,43.4357490539551,-8.97729015350342,"Male"
"6018403",371836,2025-06-09 12:08:10,43.4551391601562,-9.00161075592041,"Male"
"6018403",371836,2025-06-09 12:13:09,43.4740982055664,-9.01315402984619,"Male"
"6018403",371836,2025-06-09 12:18:09,43.4796524047852,-9.01608371734619,"Male"
"6018403",371836,2025-06-09 12:23:09,43.4870491027832,-9.0157527923584,"Male"
"6018403",371836,2025-06-09 12:28:09,43.5013465881348,-9.0073356628418,"Male"
"6018403",371836,2025-06-09 12:33:09,43.5141716003418,-9.00183200836182,"Male"
"6018403",371836,2025-06-09 12:38:09,43.5265960693359,-8.99612808227539,"Male"
"6018403",371836,2025-06-09 12:43:10,43.5369033813477,-8.9848690032959,"Male"
"6018403",371836,2025-06-09 12:48:09,43.544303894043,-8.97315406799316,"Male"
"6018403",371836,2025-06-09 12:53:09,43.5550994873047,-8.96273708343506,"Male"
"6018403",371836,2025-06-09 12:58:10,43.562427520752,-8.94982624053955,"Male"
"6018403",371836,2025-06-09 13:03:10,43.5661582946777,-8.93658828735352,"Male"
"6018403",371836,2025-06-09 13:08:17,43.5765380859375,-8.93233966827393,"Male"
"6018403",371836,2025-06-09 13:13:09,43.5876388549805,-8.92514514923096,"Male"
"6018403",371836,2025-06-09 13:18:09,43.5984497070312,-8.91530704498291,"Male"
"6018403",371836,2025-06-09 13:23:10,43.6091194152832,-8.90328598022461,"Male"
"6018403",371836,2025-06-09 13:28:10,43.6250457763672,-8.89988327026367,"Male"
"6018403",371836,2025-06-09 13:33:11,43.6350784301758,-8.88388442993164,"Male"
"6018403",371836,2025-06-09 13:38:11,43.6430892944336,-8.86492156982422,"Male"
"6018403",371836,2025-06-09 13:43:11,43.6513328552246,-8.84758758544922,"Male"
"6018403",371836,2025-06-09 13:48:17,43.6631622314453,-8.84726428985596,"Male"
"6018403",371836,2025-06-09 13:53:18,43.6632614135742,-8.84782695770264,"Male"
"6018403",371836,2025-06-09 13:59:05,43.6628494262695,-8.84902572631836,"Male"
"6018403",371836,2025-06-09 14:03:11,43.6627616882324,-8.84976577758789,"Male"
"6018403",371836,2025-06-09 14:08:12,43.6620826721191,-8.85055446624756,"Male"
"6018403",371836,2025-06-09 14:13:11,43.6621322631836,-8.85210132598877,"Male"
"6018403",371836,2025-06-09 14:18:11,43.6616821289062,-8.85281467437744,"Male"
"6018403",371836,2025-06-09 14:23:12,43.661304473877,-8.85407257080078,"Male"
"6018403",371836,2025-06-09 14:28:12,43.6584396362305,-8.85418224334717,"Male"
"6018403",371836,2025-06-09 14:33:10,43.6446380615234,-8.8477783203125,"Male"
"6018403",371836,2025-06-09 14:38:15,43.6449317932129,-8.85179138183594,"Male"
"6018403",371836,2025-06-09 14:43:15,43.6445503234863,-8.8533992767334,"Male"
"6018403",371836,2025-06-09 14:48:16,43.6442947387695,-8.85489654541016,"Male"
"6018403",371836,2025-06-09 14:53:13,43.64404296875,-8.85610866546631,"Male"
"6018403",371836,2025-06-09 14:58:18,43.6443176269531,-8.85761070251465,"Male"
"6018403",371836,2025-06-09 15:03:11,43.6439170837402,-8.85871028900146,"Male"
"6018403",371836,2025-06-09 15:08:13,43.6437149047852,-8.85986518859863,"Male"
"6018403",371836,2025-06-09 15:13:11,43.6423606872559,-8.8473072052002,"Male"
"6018403",371836,2025-06-09 15:18:15,43.6411437988281,-8.83845138549805,"Male"
"6018403",371836,2025-06-09 15:23:18,43.6391105651855,-8.84400749206543,"Male"
"6018403",371836,2025-06-09 15:28:15,43.6333961486816,-8.85182857513428,"Male"
"6018403",371836,2025-06-09 15:33:16,43.6329917907715,-8.85331249237061,"Male"
"6018403",371836,2025-06-09 15:38:15,43.6251678466797,-8.86246871948242,"Male"
"6018403",371836,2025-06-09 15:43:31,43.6216888427734,-8.86813449859619,"Male"
"6018403",371836,2025-06-09 15:48:10,43.6187934875488,-8.87032794952393,"Male"
"6018403",371836,2025-06-09 15:53:15,43.6162872314453,-8.87644386291504,"Male"
"6018403",371836,2025-06-09 15:58:25,43.6108779907227,-8.88414001464844,"Male"
"6018403",371836,2025-06-09 16:03:59,43.606559753418,-8.88862895965576,"Male"
"6018403",371836,2025-06-09 16:08:11,43.6049919128418,-8.88992214202881,"Male"
"6018403",371836,2025-06-09 16:13:15,43.5621681213379,-8.89606094360352,"Male"
"6018403",371836,2025-06-09 16:18:16,43.512451171875,-8.89866352081299,"Male"
"6018403",371836,2025-06-09 16:23:27,43.4563751220703,-8.91299057006836,"Male"
"6018403",371836,2025-06-09 16:28:53,43.4109344482422,-8.90044403076172,"Male"
"6018403",371836,2025-06-09 16:33:53,43.3805732727051,-8.87613010406494,"Male"
"6018403",371836,2025-06-09 16:38:59,43.3610534667969,-8.84701251983643,"Male"
"6018403",371836,2025-06-09 16:43:41,43.3576927185059,-8.84395313262939,"Male"
"6018403",371836,2025-06-09 16:48:10,43.3577003479004,-8.84400272369385,"Male"
"6018403",371836,2025-06-09 16:53:15,43.3576316833496,-8.84418296813965,"Male"
"6018403",371836,2025-06-09 16:58:12,43.3575973510742,-8.84426212310791,"Male"
"6018403",371836,2025-06-09 17:03:18,43.3576469421387,-8.84412384033203,"Male"
"6018403",371836,2025-06-09 17:08:11,43.3577728271484,-8.84432125091553,"Male"
"6018403",371836,2025-06-09 17:13:12,43.3578834533691,-8.84418201446533,"Male"
"6018403",371836,2025-06-09 17:18:15,43.3576316833496,-8.84397888183594,"Male"
"6018403",371836,2025-06-09 17:23:18,43.3577423095703,-8.84394645690918,"Male"
"6018403",371836,2025-06-09 17:28:18,43.3581428527832,-8.84395122528076,"Male"
"6018403",371836,2025-06-09 17:33:15,43.3575248718262,-8.84387111663818,"Male"
"6018403",371836,2025-06-09 17:38:16,43.3575782775879,-8.8440523147583,"Male"
"6018403",371836,2025-06-09 17:43:23,43.357536315918,-8.84387683868408,"Male"
"6018403",371836,2025-06-09 17:48:17,43.3575286865234,-8.84421253204346,"Male"
"6018403",371836,2025-06-09 17:53:18,43.357494354248,-8.84405326843262,"Male"
"6018403",371836,2025-06-09 17:58:17,43.357421875,-8.84392738342285,"Male"
"6018403",371836,2025-06-09 18:03:19,43.3574142456055,-8.84384822845459,"Male"
"6018403",371836,2025-06-09 18:08:35,43.3576049804688,-8.8440990447998,"Male"
"6018403",371836,2025-06-09 18:13:11,43.3575973510742,-8.84409523010254,"Male"
"6018403",371836,2025-06-09 18:18:09,43.3576698303223,-8.84411144256592,"Male"
"6018403",371836,2025-06-09 18:23:09,43.357608795166,-8.84409523010254,"Male"
"6018403",371836,2025-06-09 18:28:09,43.3575897216797,-8.84411907196045,"Male"
"6018403",371836,2025-06-09 18:33:09,43.3576431274414,-8.84405708312988,"Male"
"6018403",371836,2025-06-09 18:38:09,43.357593536377,-8.84411811828613,"Male"
"6018403",371836,2025-06-09 18:43:12,43.357666015625,-8.84420490264893,"Male"
"6018403",371836,2025-06-09 18:48:11,43.3576393127441,-8.84416580200195,"Male"
"6018403",371836,2025-06-09 18:53:10,43.3576889038086,-8.84426307678223,"Male"
"6018403",371836,2025-06-09 18:58:11,43.3576622009277,-8.84422969818115,"Male"
"6018403",371836,2025-06-09 19:03:11,43.3576812744141,-8.84420108795166,"Male"
"6018403",371836,2025-06-09 19:08:10,43.3576240539551,-8.84417057037354,"Male"
"6018403",371836,2025-06-09 19:13:09,43.3576278686523,-8.84418487548828,"Male"
"6018403",371836,2025-06-09 19:18:10,43.3576393127441,-8.84416675567627,"Male"
"6018403",371836,2025-06-09 19:23:11,43.3575477600098,-8.84414577484131,"Male"
"6018403",371836,2025-06-09 19:28:10,43.3577003479004,-8.84434223175049,"Male"
"6018403",371836,2025-06-09 19:33:10,43.3577117919922,-8.84440135955811,"Male"
"6018403",371836,2025-06-09 19:38:12,43.3576622009277,-8.84434700012207,"Male"
"6018403",371836,2025-06-09 19:43:10,43.3577728271484,-8.84437370300293,"Male"
"6018403",371836,2025-06-09 19:48:12,43.3581047058105,-8.84482574462891,"Male"
"6018403",371836,2025-06-09 19:53:11,43.3575973510742,-8.84405517578125,"Male"
"6018403",371836,2025-06-09 19:58:15,43.3576354980469,-8.8440990447998,"Male"
"6018403",371836,2025-06-09 20:03:10,43.3574523925781,-8.8438892364502,"Male"
"6018403",371836,2025-06-09 20:08:18,43.3576049804688,-8.8441333770752,"Male"
"6018403",371836,2025-06-09 20:13:11,43.3574447631836,-8.84392261505127,"Male"
"6018403",371836,2025-06-09 20:18:18,43.3576812744141,-8.84410572052002,"Male"
"6018403",371836,2025-06-09 20:23:11,43.3576278686523,-8.84405612945557,"Male"
"6018403",371836,2025-06-09 20:28:18,43.3575744628906,-8.84415817260742,"Male"
"6018403",371836,2025-06-09 20:33:12,43.3575019836426,-8.84403228759766,"Male"
"6018403",371836,2025-06-09 20:38:18,43.3576698303223,-8.84408664703369,"Male"
"6018403",371836,2025-06-09 20:43:10,43.3574409484863,-8.84385681152344,"Male"
"6018403",371836,2025-06-09 20:48:20,43.3575286865234,-8.84411430358887,"Male"
"6018403",371836,2025-06-09 20:53:15,43.3576469421387,-8.84402847290039,"Male"
"6018403",371836,2025-06-09 20:58:20,43.3575897216797,-8.8441276550293,"Male"
"6018403",371836,2025-06-09 21:03:19,43.3575477600098,-8.84403800964355,"Male"
"6018403",371836,2025-06-09 21:08:18,43.3576202392578,-8.84412479400635,"Male"
"6018403",371836,2025-06-09 21:13:19,43.3576545715332,-8.84404373168945,"Male"
"6018403",371836,2025-06-09 21:18:35,43.3576316833496,-8.84411907196045,"Male"
"6018403",371836,2025-06-09 21:23:12,43.3575744628906,-8.8441047668457,"Male"
"6018403",371836,2025-06-09 21:28:11,43.3576202392578,-8.84424209594727,"Male"
"6018403",371836,2025-06-09 21:33:09,43.3576164245605,-8.84423542022705,"Male"
"6018403",371836,2025-06-09 21:38:12,43.3575897216797,-8.84419631958008,"Male"
"6018403",371836,2025-06-09 21:43:15,43.3575973510742,-8.84423828125,"Male"
"6018403",371836,2025-06-09 21:48:13,43.3575973510742,-8.84422588348389,"Male"
"6018403",371836,2025-06-09 21:53:19,43.3576049804688,-8.84421825408936,"Male"
"6018403",371836,2025-06-09 21:58:11,43.3576240539551,-8.84425067901611,"Male"
"6018403",371836,2025-06-09 22:03:12,43.3575897216797,-8.84422874450684,"Male"
"6018403",371836,2025-06-09 22:08:09,43.3576164245605,-8.84419822692871,"Male"
"6018403",371836,2025-06-09 22:13:10,43.3575630187988,-8.84409999847412,"Male"
"6018403",371836,2025-06-09 22:18:12,43.357551574707,-8.84412574768066,"Male"
"6018403",371836,2025-06-09 22:23:11,43.3577995300293,-8.84434032440186,"Male"
"6018403",371836,2025-06-09 22:28:15,43.3575401306152,-8.84387111663818,"Male"
"6018403",371836,2025-06-09 22:33:11,43.3576278686523,-8.84406185150146,"Male"
"6018403",371836,2025-06-09 22:38:18,43.3576354980469,-8.8441743850708,"Male"
"6018403",371836,2025-06-09 22:43:35,43.3575973510742,-8.84407329559326,"Male"
"6018403",371836,2025-06-09 22:48:10,43.357608795166,-8.84407234191895,"Male"
"6018403",371836,2025-06-09 22:53:12,43.357666015625,-8.84407138824463,"Male"
"6018403",371836,2025-06-09 22:58:09,43.3576431274414,-8.84404277801514,"Male"
"6018403",371836,2025-06-09 23:03:09,43.3575820922852,-8.84409332275391,"Male"
"6018403",371836,2025-06-09 23:08:09,43.3575897216797,-8.84408855438232,"Male"
"6018403",371836,2025-06-09 23:13:10,43.3575744628906,-8.84408664703369,"Male"
"6018403",371836,2025-06-09 23:18:10,43.3575553894043,-8.84410095214844,"Male"
"6018403",371836,2025-06-09 23:23:09,43.3575096130371,-8.84404945373535,"Male"
"6018403",371836,2025-06-09 23:28:09,43.3575897216797,-8.84408569335938,"Male"
"6018403",371836,2025-06-09 23:33:10,43.3575782775879,-8.84399127960205,"Male"
"6018403",371836,2025-06-09 23:38:09,43.3575706481934,-8.84407043457031,"Male"
"6018403",371836,2025-06-09 23:43:09,43.3575210571289,-8.84408092498779,"Male"
"6018403",371836,2025-06-09 23:48:10,43.3575782775879,-8.84410381317139,"Male"
"6018403",371836,2025-06-09 23:53:09,43.3575210571289,-8.84408855438232,"Male"
"6018403",371836,2025-06-09 23:58:09,43.3575592041016,-8.84403610229492,"Male"
"6018403",371836,2025-06-10 00:03:09,43.3575439453125,-8.84415435791016,"Male"
"6018403",371836,2025-06-10 00:08:11,43.357593536377,-8.84407997131348,"Male"
"6018403",371836,2025-06-10 00:13:10,43.3576240539551,-8.84403800964355,"Male"
"6018403",371836,2025-06-10 00:18:12,43.3576393127441,-8.84408473968506,"Male"
"6018403",371836,2025-06-10 00:23:10,43.3576240539551,-8.84402465820312,"Male"
"6018403",371836,2025-06-10 00:28:09,43.3575630187988,-8.84413242340088,"Male"
"6018403",371836,2025-06-10 00:33:09,43.3575439453125,-8.84409046173096,"Male"
"6018403",371836,2025-06-10 00:38:09,43.3575019836426,-8.84412956237793,"Male"
"6018403",371836,2025-06-10 00:43:19,43.3575744628906,-8.84408664703369,"Male"
"6018403",371836,2025-06-10 00:48:09,43.3575973510742,-8.84403133392334,"Male"
"6018403",371836,2025-06-10 00:53:09,43.3575401306152,-8.84409999847412,"Male"
"6018403",371836,2025-06-10 00:58:09,43.3576240539551,-8.84408283233643,"Male"
"6018403",371836,2025-06-10 01:03:12,43.3574523925781,-8.84383106231689,"Male"
"6018403",371836,2025-06-10 01:08:10,43.3575706481934,-8.84404468536377,"Male"
"6018403",371836,2025-06-10 01:13:09,43.3575630187988,-8.84403800964355,"Male"
"6018403",371836,2025-06-10 01:18:10,43.3576240539551,-8.84469985961914,"Male"
"6018403",371836,2025-06-10 01:23:12,43.3577499389648,-8.84429550170898,"Male"
"6018403",371836,2025-06-10 01:28:12,43.3575782775879,-8.84412002563477,"Male"
"6018403",371836,2025-06-10 01:33:13,43.357608795166,-8.84405708312988,"Male"
"6018403",371836,2025-06-10 01:38:16,43.3576278686523,-8.84422302246094,"Male"
"6018403",371836,2025-06-10 01:43:15,43.3576278686523,-8.84423351287842,"Male"
"6018403",371836,2025-06-10 01:48:21,43.3577041625977,-8.84416580200195,"Male"
"6018403",371836,2025-06-10 01:53:44,43.3576965332031,-8.84414100646973,"Male"
"6018403",371836,2025-06-10 01:58:12,43.3576622009277,-8.84424877166748,"Male"
"6018403",371836,2025-06-10 02:03:13,43.3576049804688,-8.8441276550293,"Male"
"6018403",371836,2025-06-10 02:08:15,43.3576316833496,-8.84407234191895,"Male"
"6018403",371836,2025-06-10 02:13:12,43.3575897216797,-8.84418869018555,"Male"
"6018403",371836,2025-06-10 02:18:15,43.3576545715332,-8.84397792816162,"Male"
"6018403",371836,2025-06-10 02:23:20,43.3576126098633,-8.84424018859863,"Male"
"6018403",371836,2025-06-10 02:28:13,43.3575973510742,-8.84419727325439,"Male"
"6018403",371836,2025-06-10 02:33:15,43.3576164245605,-8.84434986114502,"Male"
"6018403",371836,2025-06-10 02:38:18,43.3575019836426,-8.8451509475708,"Male"
"6018403",371836,2025-06-10 02:43:23,43.3575859069824,-8.84398078918457,"Male"
"6018403",371836,2025-06-10 02:48:35,43.3575820922852,-8.84401893615723,"Male"
"6018403",371836,2025-06-10 02:53:13,43.3576126098633,-8.84407234191895,"Male"
"6018403",371836,2025-06-10 02:58:35,43.3575973510742,-8.8440580368042,"Male"
"6018403",371836,2025-06-10 03:03:10,43.3576316833496,-8.84404277801514,"Male"
"6018403",371836,2025-06-10 03:08:10,43.3575439453125,-8.84416389465332,"Male"
"6018403",371836,2025-06-10 03:13:10,43.3576164245605,-8.84403324127197,"Male"
"6018403",371836,2025-06-10 03:18:12,43.3575897216797,-8.84405040740967,"Male"
"6018403",371836,2025-06-10 03:23:11,43.3576011657715,-8.84404468536377,"Male"
"6018403",371836,2025-06-10 03:28:15,43.3576011657715,-8.84413623809814,"Male"
"6018403",371836,2025-06-10 03:33:16,43.357593536377,-8.84411811828613,"Male"
"6018403",371836,2025-06-10 03:38:11,43.357593536377,-8.84402656555176,"Male"
"6018403",371836,2025-06-10 03:43:12,43.3575973510742,-8.84403705596924,"Male"
"6018403",371836,2025-06-10 03:48:12,43.3576812744141,-8.84411239624023,"Male"
"6018403",371836,2025-06-10 03:53:15,43.3576393127441,-8.84409713745117,"Male"
"6018403",371836,2025-06-10 03:58:13,43.3575096130371,-8.84395122528076,"Male"
"6018403",371836,2025-06-10 04:03:35,43.3575782775879,-8.84407711029053,"Male"
"6018403",371836,2025-06-10 04:08:11,43.3576469421387,-8.84414577484131,"Male"
"6018403",371836,2025-06-10 04:13:12,43.357536315918,-8.84401702880859,"Male"
"6018403",371836,2025-06-10 04:18:17,43.3575706481934,-8.84402084350586,"Male"
"6018403",371836,2025-06-10 04:23:20,43.3576011657715,-8.84415340423584,"Male"
"6018403",371836,2025-06-10 04:28:13,43.3575553894043,-8.84412288665771,"Male"
"6018403",371836,2025-06-10 04:33:10,43.3575897216797,-8.84414672851562,"Male"
"6018403",371836,2025-06-10 04:38:18,43.3577423095703,-8.84444808959961,"Male"
"6018403",371836,2025-06-10 04:43:41,43.3576240539551,-8.84402465820312,"Male"
"6018403",371836,2025-06-10 04:48:10,43.3574829101562,-8.84406089782715,"Male"
"6018403",371836,2025-06-10 04:53:09,43.3576049804688,-8.84410858154297,"Male"
"6018403",371836,2025-06-10 04:58:12,43.3575820922852,-8.84412479400635,"Male"
"6018403",371836,2025-06-10 05:03:15,43.3576583862305,-8.84414958953857,"Male"
"6018403",371836,2025-06-10 05:08:12,43.3575630187988,-8.84425735473633,"Male"
"6018403",371836,2025-06-10 05:13:13,43.3576393127441,-8.84428310394287,"Male"
"6018403",371836,2025-06-10 05:18:10,43.3575210571289,-8.84408664703369,"Male"
"6018403",371836,2025-06-10 05:23:16,43.3576354980469,-8.84434509277344,"Male"
"6018403",371836,2025-06-10 05:28:18,43.3576202392578,-8.84427928924561,"Male"
"6018403",371836,2025-06-10 05:33:12,43.3576240539551,-8.84433269500732,"Male"
"6018403",371836,2025-06-10 05:38:18,43.3575820922852,-8.84409523010254,"Male"
"6018403",371836,2025-06-10 05:43:18,43.3575668334961,-8.84407806396484,"Male"
"6018403",371836,2025-06-10 05:48:18,43.3575553894043,-8.84403610229492,"Male"
"6018403",371836,2025-06-10 05:53:18,43.3575897216797,-8.8441219329834,"Male"
"6018403",371836,2025-06-10 05:58:18,43.3575286865234,-8.84393310546875,"Male"
"6018403",371836,2025-06-10 06:03:18,43.3575172424316,-8.84390449523926,"Male"
"6018403",371836,2025-06-10 06:08:18,43.3574295043945,-8.84373664855957,"Male"
"6018403",371836,2025-06-10 06:13:18,43.3574676513672,-8.84379291534424,"Male"
"6018403",371836,2025-06-10 06:18:19,43.3574180603027,-8.84373188018799,"Male"
"6018403",371836,2025-06-10 06:23:32,43.3575668334961,-8.84418296813965,"Male"
"6018403",371836,2025-06-10 06:28:10,43.3576354980469,-8.84423542022705,"Male"
"6018403",371836,2025-06-10 06:33:10,43.3577613830566,-8.84430694580078,"Male"
"6018403",371836,2025-06-10 06:38:11,43.3576622009277,-8.84428882598877,"Male"
"6018403",371836,2025-06-10 06:43:11,43.3577308654785,-8.84437942504883,"Male"
"6018403",371836,2025-06-10 06:48:13,43.3576316833496,-8.84418869018555,"Male"
"6018403",371836,2025-06-10 06:53:10,43.3575057983398,-8.84415531158447,"Male"
"6018403",371836,2025-06-10 06:58:11,43.3576202392578,-8.84418392181396,"Male"
"6018403",371836,2025-06-10 07:03:15,43.3576545715332,-8.84423637390137,"Male"
"6018403",371836,2025-06-10 07:08:15,43.3577194213867,-8.84408092498779,"Male"
"6018403",371836,2025-06-10 07:13:18,43.3576469421387,-8.84404563903809,"Male"
"6018403",371836,2025-06-10 07:18:12,43.3578948974609,-8.84420776367188,"Male"
"6018403",371836,2025-06-10 07:23:11,43.3578109741211,-8.84430980682373,"Male"
"6018403",371836,2025-06-10 07:28:11,43.3578796386719,-8.84435081481934,"Male"
"6018403",371836,2025-06-10 07:33:11,43.3578643798828,-8.8442211151123,"Male"
"6018403",371836,2025-06-10 07:38:11,43.3578681945801,-8.84418106079102,"Male"
"6018403",371836,2025-06-10 07:43:10,43.3579330444336,-8.8441047668457,"Male"
"6018403",371836,2025-06-10 07:48:12,43.3579597473145,-8.84427738189697,"Male"
"6018403",371836,2025-06-10 07:53:19,43.3579635620117,-8.84456253051758,"Male"
"6018403",371836,2025-06-10 07:58:35,43.357852935791,-8.84448909759521,"Male"
"6018403",371836,2025-06-10 08:03:13,43.3578033447266,-8.84443283081055,"Male"
"6018403",371836,2025-06-10 08:08:16,43.3577575683594,-8.8443546295166,"Male"
"6018403",371836,2025-06-10 08:13:13,43.3578033447266,-8.84450912475586,"Male"
"6018403",371836,2025-06-10 08:18:44,43.3575973510742,-8.84407615661621,"Male"
"6018403",371836,2025-06-10 08:25:29,43.3575210571289,-8.84381198883057,"Male"
"6018403",371836,2025-06-10 08:31:05,43.3576393127441,-8.84422016143799,"Male"
"6018403",371836,2025-06-10 08:35:59,43.3576354980469,-8.8441801071167,"Male"
"6018403",371836,2025-06-10 08:40:25,43.3575744628906,-8.84421539306641,"Male"
"6018403",371836,2025-06-10 08:45:25,43.3575973510742,-8.84413433074951,"Male"
"6018403",371836,2025-06-10 08:50:34,43.3576354980469,-8.8442907333374,"Male"
"6018403",371836,2025-06-10 08:55:26,43.3575859069824,-8.84424686431885,"Male"
"6018403",371836,2025-06-10 09:00:25,43.3576431274414,-8.84421348571777,"Male"
"6018403",371836,2025-06-10 09:05:25,43.3576011657715,-8.84423828125,"Male"
"6018403",371836,2025-06-10 09:10:26,43.3576049804688,-8.84418296813965,"Male"
"6018403",371836,2025-06-10 09:15:37,43.3575859069824,-8.84421443939209,"Male"
"6018403",371836,2025-06-10 09:20:42,43.3576049804688,-8.84422779083252,"Male"
"6018403",371836,2025-06-10 09:25:26,43.3576126098633,-8.84415340423584,"Male"
"6018403",371836,2025-06-10 09:30:28,43.3576583862305,-8.84411716461182,"Male"
"6018403",371836,2025-06-10 09:35:35,43.3576202392578,-8.84396171569824,"Male"
"6018403",371836,2025-06-10 09:40:33,43.3576889038086,-8.84438037872314,"Male"
"6018403",371836,2025-06-10 09:45:31,43.3576469421387,-8.84429550170898,"Male"
"6018403",371836,2025-06-10 09:50:29,43.357536315918,-8.8437442779541,"Male"
"6018403",371836,2025-06-10 09:55:30,43.3575668334961,-8.84379196166992,"Male"
"6018403",371836,2025-06-10 10:00:33,43.3575973510742,-8.84384155273438,"Male"
"6018403",371836,2025-06-10 10:05:46,43.357666015625,-8.84414291381836,"Male"
"6018403",371836,2025-06-10 10:10:32,43.3575973510742,-8.84428691864014,"Male"
"6018403",371836,2025-06-10 10:15:45,43.3576316833496,-8.84425449371338,"Male"
"6018403",371836,2025-06-10 10:20:30,43.3576011657715,-8.84406280517578,"Male"
"6018403",371836,2025-06-10 10:25:38,43.3576545715332,-8.84438514709473,"Male"
"6018403",371836,2025-06-10 10:30:30,43.357666015625,-8.84441471099854,"Male"
"6018403",371836,2025-06-10 10:35:37,43.3576011657715,-8.84414005279541,"Male"
"6018403",371836,2025-06-10 10:40:34,43.3576240539551,-8.84458446502686,"Male"
"6018403",371836,2025-06-10 10:45:45,43.357593536377,-8.8442325592041,"Male"
"6018403",371836,2025-06-10 10:50:39,43.3575668334961,-8.84401607513428,"Male"
"6018403",371836,2025-06-10 10:55:38,43.3576049804688,-8.84402370452881,"Male"
"6018403",371836,2025-06-10 11:00:40,43.3564529418945,-8.85196971893311,"Male"
"6018403",371836,2025-06-10 11:05:36,43.3575973510742,-8.84411144256592,"Male"
"6018403",371836,2025-06-10 11:10:40,43.3576431274414,-8.84410381317139,"Male"
"6018403",371836,2025-06-10 11:15:38,43.3576049804688,-8.84392166137695,"Male"
"6018403",371836,2025-06-10 11:20:43,43.3561668395996,-8.84451484680176,"Male"
"6018403",371836,2025-06-10 11:25:29,43.3579139709473,-8.84417629241943,"Male"
"6018403",371836,2025-06-10 11:30:37,43.3576965332031,-8.84420680999756,"Male"
"6018403",371836,2025-06-10 11:35:37,43.3575668334961,-8.8441686630249,"Male"
"6018403",371836,2025-06-10 11:40:39,43.3574523925781,-8.84410381317139,"Male"
"6018403",371836,2025-06-10 11:45:59,43.3575782775879,-8.84412479400635,"Male"
"6018403",371836,2025-06-10 11:50:25,43.3575782775879,-8.84411239624023,"Male"
"6018403",371836,2025-06-10 11:55:26,43.3575553894043,-8.84412384033203,"Male"
"6018403",371836,2025-06-10 12:00:28,43.3575782775879,-8.8440990447998,"Male"
"6018403",371836,2025-06-10 12:05:29,43.3574829101562,-8.84412956237793,"Male"
"6018403",371836,2025-06-10 12:10:25,43.3575668334961,-8.84412384033203,"Male"
"6018403",371836,2025-06-10 12:15:27,43.3576583862305,-8.84412479400635,"Male"
"6018403",371836,2025-06-10 12:20:26,43.3576126098633,-8.84405612945557,"Male"
"6018403",371836,2025-06-10 12:25:26,43.3577117919922,-8.84412097930908,"Male"
"6018403",371836,2025-06-10 12:30:28,43.3576545715332,-8.84413146972656,"Male"
"6018403",371836,2025-06-10 12:35:31,43.3577651977539,-8.84420490264893,"Male"
"6018403",371836,2025-06-10 12:40:36,43.3575897216797,-8.84411430358887,"Male"
"6018403",371836,2025-06-10 12:45:27,43.3577346801758,-8.84409141540527,"Male"
"6018403",371836,2025-06-10 12:50:26,43.357666015625,-8.84427261352539,"Male"
"6018403",371836,2025-06-10 12:55:31,43.357723236084,-8.84404277801514,"Male"
"6018403",371836,2025-06-10 13:00:26,43.3576812744141,-8.84421539306641,"Male"
"6018403",371836,2025-06-10 13:05:28,43.3577728271484,-8.84433460235596,"Male"
"6018403",371836,2025-06-10 13:10:29,43.357837677002,-8.84478378295898,"Male"
"6018403",371836,2025-06-10 13:15:40,43.3578605651855,-8.84444427490234,"Male"
"6018403",371836,2025-06-10 13:20:26,43.3578186035156,-8.84442138671875,"Male"
"6018403",371836,2025-06-10 13:25:26,43.357666015625,-8.84423160552979,"Male"
"6018403",371836,2025-06-10 13:30:28,43.3576278686523,-8.84416961669922,"Male"
"6018403",371836,2025-06-10 13:35:29,43.35791015625,-8.84473323822021,"Male"
"6018403",371836,2025-06-10 13:40:56,43.3576622009277,-8.84411430358887,"Male"
"6018403",371836,2025-06-10 13:45:30,43.3576927185059,-8.843994140625,"Male"
"6018403",371836,2025-06-10 13:50:26,43.3575096130371,-8.84432983398438,"Male"
"6018403",371836,2025-06-10 13:55:35,43.3576965332031,-8.84417629241943,"Male"
"6018403",371836,2025-06-10 14:00:26,43.3575592041016,-8.84427356719971,"Male"
"6018403",371836,2025-06-10 14:05:28,43.3571815490723,-8.8444128036499,"Male"
"6018403",371836,2025-06-10 14:10:30,43.3571891784668,-8.8444299697876,"Male"
"6018403",371836,2025-06-10 14:15:28,43.3574066162109,-8.84436798095703,"Male"
"6018403",371836,2025-06-10 14:20:28,43.357364654541,-8.84428691864014,"Male"
"6018403",371836,2025-06-10 14:25:30,43.3575477600098,-8.84422874450684,"Male"
"6018403",371836,2025-06-10 14:30:29,43.3575668334961,-8.84410667419434,"Male"
"6018403",371836,2025-06-10 14:35:30,43.357536315918,-8.84406185150146,"Male"
"6018403",371836,2025-06-10 14:40:30,43.3574676513672,-8.84408283233643,"Male"
"6018403",371836,2025-06-10 14:45:35,43.3574562072754,-8.84404182434082,"Male"
"6018403",371836,2025-06-10 14:50:28,43.357479095459,-8.84396457672119,"Male"
"6018403",371836,2025-06-10 14:55:29,43.3575401306152,-8.84408855438232,"Male"
"6018403",371836,2025-06-10 15:00:28,43.357494354248,-8.84420776367188,"Male"
"6018403",371836,2025-06-10 15:05:28,43.3575325012207,-8.84412860870361,"Male"
"6018403",371836,2025-06-10 15:10:27,43.3575134277344,-8.84405422210693,"Male"
"6018403",371836,2025-06-10 15:15:29,43.3575630187988,-8.84410953521729,"Male"
"6018403",371836,2025-06-10 15:20:31,43.3574829101562,-8.84403991699219,"Male"
"6018403",371836,2025-06-10 15:25:34,43.3574867248535,-8.84401607513428,"Male"
"6018403",371836,2025-06-10 15:30:34,43.357536315918,-8.84398651123047,"Male"
"6018403",371836,2025-06-10 15:35:31,43.3574371337891,-8.8438777923584,"Male"
"6018403",371836,2025-06-10 15:40:29,43.3575057983398,-8.84396171569824,"Male"
"6018403",371836,2025-06-10 15:45:29,43.3575820922852,-8.8440990447998,"Male"
"6018403",371836,2025-06-10 15:50:54,43.3576469421387,-8.84408760070801,"Male"
"6018403",371836,2025-06-10 15:55:31,43.3575248718262,-8.84395694732666,"Male"
"6018403",371836,2025-06-10 16:01:05,43.3575744628906,-8.84423542022705,"Male"
"6018403",371836,2025-06-10 16:05:27,43.3575439453125,-8.84428310394287,"Male"
"6018403",371836,2025-06-10 16:10:39,43.3577156066895,-8.84414291381836,"Male"
"6018403",371836,2025-06-10 16:15:30,43.3576736450195,-8.84388637542725,"Male"
"6018403",371836,2025-06-10 16:20:53,43.3576965332031,-8.84438896179199,"Male"
"6018403",371836,2025-06-10 16:25:52,43.3577079772949,-8.84441471099854,"Male"
"6018403",371836,2025-06-10 16:30:32,43.3577270507812,-8.84430599212646,"Male"
"6018403",371836,2025-06-10 16:35:32,43.3577880859375,-8.84425258636475,"Male"
"6018403",371836,2025-06-10 16:40:42,43.3576507568359,-8.84448623657227,"Male"
"6018403",371836,2025-06-10 16:45:44,43.3575706481934,-8.844069480896,"Male"
"6018403",371836,2025-06-10 16:50:43,43.3576240539551,-8.84411811828613,"Male"
"6018403",371836,2025-06-10 16:55:59,43.357608795166,-8.84412002563477,"Male"
"6018403",371836,2025-06-10 17:00:27,43.3576622009277,-8.84400367736816,"Male"
"6018403",371836,2025-06-10 17:05:28,43.3576889038086,-8.84409427642822,"Male"
"6018403",371836,2025-06-10 17:10:29,43.3576011657715,-8.84426116943359,"Male"
"6018403",371836,2025-06-10 17:15:39,43.3575668334961,-8.84414863586426,"Male"
"6018403",371836,2025-06-10 17:21:14,43.3575782775879,-8.84405326843262,"Male"
"6018403",371836,2025-06-10 17:25:38,43.3575592041016,-8.844162940979,"Male"
"6018403",371836,2025-06-10 17:30:30,43.3575897216797,-8.84406185150146,"Male"
"6018403",371836,2025-06-10 17:35:38,43.3575820922852,-8.84406089782715,"Male"
"6018403",371836,2025-06-10 17:40:31,43.3577651977539,-8.84430122375488,"Male"
"6018403",371836,2025-06-10 17:45:29,43.3575668334961,-8.84399700164795,"Male"
"6018403",371836,2025-06-10 17:50:59,43.357551574707,-8.84405708312988,"Male"
"6018403",371836,2025-06-10 17:56:14,43.3575553894043,-8.8440580368042,"Male"
"6018403",371836,2025-06-10 18:00:27,43.3576469421387,-8.84420585632324,"Male"
"6018403",371836,2025-06-10 18:05:27,43.3575172424316,-8.84401893615723,"Male"
"6018403",371836,2025-06-10 18:10:34,43.3576164245605,-8.84423446655273,"Male"
"6018403",371836,2025-06-10 18:15:31,43.3576202392578,-8.84415912628174,"Male"
"6018403",371836,2025-06-10 18:20:44,43.3575782775879,-8.84411811828613,"Male"
"6018403",371836,2025-06-10 18:25:26,43.3576583862305,-8.84418201446533,"Male"
"6018403",371836,2025-06-10 18:30:32,43.3575134277344,-8.84402847290039,"Male"
"6018403",371836,2025-06-10 18:35:30,43.3576011657715,-8.84415721893311,"Male"
"6018403",371836,2025-06-10 18:40:27,43.3576240539551,-8.84412479400635,"Male"
"6018403",371836,2025-06-10 18:45:35,43.3575134277344,-8.84399700164795,"Male"
"6018403",371836,2025-06-10 18:50:29,43.3575019836426,-8.84397029876709,"Male"
"6018403",371836,2025-06-10 18:55:27,43.3496131896973,-8.84452056884766,"Male"
"6018403",371836,2025-06-10 19:00:27,43.319091796875,-8.8525218963623,"Male"
"6018403",371836,2025-06-10 19:05:28,43.3140602111816,-8.85702323913574,"Male"
"6018403",371836,2025-06-10 19:10:27,43.3144416809082,-8.85699653625488,"Male"
"6018403",371836,2025-06-10 19:15:29,43.3144607543945,-8.85702323913574,"Male"
"6018403",371836,2025-06-10 19:20:31,43.3143997192383,-8.85719108581543,"Male"
"6018403",371836,2025-06-10 19:25:27,43.3217163085938,-8.85265636444092,"Male"
"6018403",371836,2025-06-10 19:30:30,43.3520698547363,-8.84317970275879,"Male"
"6018403",371836,2025-06-10 19:35:31,43.3576240539551,-8.84410858154297,"Male"
"6018403",371836,2025-06-10 19:40:30,43.3576469421387,-8.84413146972656,"Male"
"6018403",371836,2025-06-10 19:46:29,43.3575973510742,-8.84407806396484,"Male"
"6018403",371836,2025-06-10 19:50:26,43.3577194213867,-8.84407520294189,"Male"
"6018403",371836,2025-06-10 19:55:30,43.3576850891113,-8.84404373168945,"Male"
"6018403",371836,2025-06-10 20:00:30,43.3575553894043,-8.84417057037354,"Male"
"6018403",371836,2025-06-10 20:05:27,43.3576202392578,-8.84409141540527,"Male"
"6018403",371836,2025-06-10 20:10:29,43.3575820922852,-8.84416770935059,"Male"
"6018403",371836,2025-06-10 20:15:30,43.3578414916992,-8.84394550323486,"Male"
"6018403",371836,2025-06-10 20:20:35,43.357593536377,-8.84413242340088,"Male"
"6018403",371836,2025-06-10 20:25:29,43.357666015625,-8.8441276550293,"Male"
"6018403",371836,2025-06-10 20:30:30,43.3575782775879,-8.84414196014404,"Male"
"6018403",371836,2025-06-10 20:35:30,43.3577270507812,-8.84423542022705,"Male"
"6018403",371836,2025-06-10 20:40:29,43.3573799133301,-8.84410667419434,"Male"
"6018403",371836,2025-06-10 20:45:32,43.3575401306152,-8.84408855438232,"Male"
"6018403",371836,2025-06-10 20:50:29,43.3575019836426,-8.84413051605225,"Male"
"6018403",371836,2025-06-10 20:55:37,43.3576011657715,-8.84416961669922,"Male"
"6018403",371836,2025-06-10 21:00:29,43.3574600219727,-8.84417724609375,"Male"
"6018403",371836,2025-06-10 21:05:37,43.3575897216797,-8.84417343139648,"Male"
"6018403",371836,2025-06-10 21:10:30,43.3575592041016,-8.8441162109375,"Male"
"6018403",371836,2025-06-10 21:15:44,43.3575172424316,-8.8441219329834,"Male"
"6018403",371836,2025-06-10 21:20:31,43.357608795166,-8.84412002563477,"Male"
"6018403",371836,2025-06-10 21:25:35,43.3576507568359,-8.84410190582275,"Male"
"6018403",371836,2025-06-10 21:30:30,43.3572692871094,-8.84354686737061,"Male"
"6018403",371836,2025-06-10 21:35:29,43.3574180603027,-8.84380722045898,"Male"
"6018403",371836,2025-06-10 21:40:32,43.3577194213867,-8.84411144256592,"Male"
"6018403",371836,2025-06-10 21:46:05,43.3574905395508,-8.84403514862061,"Male"
"6018403",371836,2025-06-10 21:50:36,43.3574600219727,-8.84401893615723,"Male"
"6018403",371836,2025-06-10 21:55:29,43.3576278686523,-8.84388446807861,"Male"
"6018403",371836,2025-06-10 22:00:29,43.3575325012207,-8.84395694732666,"Male"
"6018403",371836,2025-06-10 22:05:29,43.3575057983398,-8.84399318695068,"Male"
"6018403",371836,2025-06-10 22:10:27,43.3575859069824,-8.84413146972656,"Male"
"6018403",371836,2025-06-10 22:15:28,43.3576202392578,-8.84425735473633,"Male"
"6018403",371836,2025-06-10 22:20:28,43.3575630187988,-8.84422206878662,"Male"
"6018403",371836,2025-06-10 22:25:28,43.3575286865234,-8.84406471252441,"Male"
"6018403",371836,2025-06-10 22:30:30,43.3577575683594,-8.8442554473877,"Male"
"6018403",371836,2025-06-10 22:35:44,43.3575897216797,-8.84414386749268,"Male"
"6018403",371836,2025-06-10 22:40:29,43.3576126098633,-8.84412384033203,"Male"
"6018403",371836,2025-06-10 22:45:29,43.357666015625,-8.84414386749268,"Male"
"6018403",371836,2025-06-10 22:50:28,43.3588981628418,-8.84608364105225,"Male"
"6018403",371836,2025-06-10 22:55:59,43.3576011657715,-8.84410953521729,"Male"
"6018403",371836,2025-06-10 23:00:27,43.357608795166,-8.84412288665771,"Male"
"6018403",371836,2025-06-10 23:05:26,43.3576240539551,-8.84412002563477,"Male"
"6018403",371836,2025-06-10 23:10:27,43.3576698303223,-8.84389495849609,"Male"
"6018403",371836,2025-06-10 23:15:28,43.3576622009277,-8.84407043457031,"Male"
"6018403",371836,2025-06-10 23:20:32,43.3575210571289,-8.84426403045654,"Male"
"6018403",371836,2025-06-10 23:25:27,43.357551574707,-8.84420108795166,"Male"
"6018403",371836,2025-06-10 23:30:28,43.3576393127441,-8.8441162109375,"Male"
"6018403",371836,2025-06-10 23:35:27,43.3574523925781,-8.84446048736572,"Male"
"6018403",371836,2025-06-10 23:40:27,43.3577270507812,-8.84365653991699,"Male"
"6018403",371836,2025-06-10 23:45:28,43.3577041625977,-8.84372138977051,"Male"
"6018403",371836,2025-06-10 23:50:36,43.3575897216797,-8.84415340423584,"Male"
"6018403",371836,2025-06-10 23:55:59,43.3575782775879,-8.84415340423584,"Male"
"6018403",371836,2025-06-11 00:00:26,43.357551574707,-8.84412384033203,"Male"
"6018403",371836,2025-06-11 00:05:26,43.3575477600098,-8.84392738342285,"Male"
"6018403",371836,2025-06-11 00:10:27,43.357551574707,-8.8441104888916,"Male"
"6018403",371836,2025-06-11 00:15:28,43.3576126098633,-8.84419631958008,"Male"
"6018403",371836,2025-06-11 00:20:32,43.3577079772949,-8.84416675567627,"Male"
"6018403",371836,2025-06-11 00:25:39,43.357608795166,-8.84424591064453,"Male"
"6018403",371836,2025-06-11 00:30:29,43.3576469421387,-8.8442211151123,"Male"
"6018403",371836,2025-06-11 00:35:28,43.357536315918,-8.84407806396484,"Male"
"6018403",371836,2025-06-11 00:40:36,43.357593536377,-8.8439884185791,"Male"
"6018403",371836,2025-06-11 00:45:36,43.3575782775879,-8.84403514862061,"Male"
"6018403",371836,2025-06-11 00:50:32,43.3576850891113,-8.84412956237793,"Male"
"6018403",371836,2025-06-11 00:56:12,43.3577079772949,-8.84424114227295,"Male"
"6018403",371836,2025-06-11 01:00:32,43.357723236084,-8.84420299530029,"Male"
"6018403",371836,2025-06-11 01:05:28,43.3577117919922,-8.844069480896,"Male"
"6018403",371836,2025-06-11 01:10:32,43.3577079772949,-8.84412956237793,"Male"
"6018403",371836,2025-06-11 01:15:26,43.357738494873,-8.84407901763916,"Male"
"6018403",371836,2025-06-11 01:20:32,43.3576316833496,-8.84412479400635,"Male"
"6018403",371836,2025-06-11 01:25:27,43.3577537536621,-8.84415435791016,"Male"
"6018403",371836,2025-06-11 01:30:31,43.3577919006348,-8.84455490112305,"Male"
"6018403",371836,2025-06-11 01:35:30,43.3578224182129,-8.84405994415283,"Male"
"6018403",371836,2025-06-11 01:40:29,43.3578262329102,-8.84411144256592,"Male"
"6018403",371836,2025-06-11 01:45:45,43.3576889038086,-8.84398937225342,"Male"
"6018403",371836,2025-06-11 01:50:30,43.3578948974609,-8.8438720703125,"Male"
"6018403",371836,2025-06-11 01:55:31,43.357852935791,-8.8436107635498,"Male"
"6018403",371836,2025-06-11 02:00:31,43.3579444885254,-8.84391212463379,"Male"
"6018403",371836,2025-06-11 02:05:37,43.3571548461914,-8.84359741210938,"Male"
"6018403",371836,2025-06-11 02:10:37,43.3572998046875,-8.84373378753662,"Male"
"6018403",371836,2025-06-11 02:15:35,43.3574066162109,-8.84374523162842,"Male"
"6018403",371836,2025-06-11 02:20:35,43.3576698303223,-8.84418964385986,"Male"
"6018403",371836,2025-06-11 02:25:36,43.3576545715332,-8.84422779083252,"Male"
"6018403",371836,2025-06-11 02:30:45,43.3577156066895,-8.84407520294189,"Male"
"6018403",371836,2025-06-11 02:35:27,43.3576240539551,-8.84421825408936,"Male"
"6018403",371836,2025-06-11 02:40:37,43.3576278686523,-8.84410762786865,"Male"
"6018403",371836,2025-06-11 02:45:26,43.3576164245605,-8.8441047668457,"Male"
"6018403",371836,2025-06-11 02:50:32,43.3576736450195,-8.84407329559326,"Male"
"6018403",371836,2025-06-11 02:55:35,43.3576316833496,-8.84415817260742,"Male"
"6018403",371836,2025-06-11 03:00:37,43.3576431274414,-8.84413814544678,"Male"
"6018403",371836,2025-06-11 03:05:37,43.3574562072754,-8.8441047668457,"Male"
"6018403",371836,2025-06-11 03:10:40,43.3573570251465,-8.8440523147583,"Male"
"6018403",371836,2025-06-11 03:15:45,43.3575859069824,-8.84405612945557,"Male"
"6018403",371836,2025-06-11 03:20:35,43.3575897216797,-8.84390354156494,"Male"
"6018403",371836,2025-06-11 03:25:44,43.3575859069824,-8.84404850006104,"Male"
"6018403",371836,2025-06-11 03:30:32,43.3575897216797,-8.84403514862061,"Male"
"6018403",371836,2025-06-11 03:35:32,43.3576164245605,-8.84406089782715,"Male"
"6018403",371836,2025-06-11 03:40:31,43.357494354248,-8.84394931793213,"Male"
"6018403",371836,2025-06-11 03:45:59,43.3576011657715,-8.84412479400635,"Male"
"6018403",371836,2025-06-11 03:50:28,43.3575859069824,-8.84409141540527,"Male"
"6018403",371836,2025-06-11 03:55:31,43.3574981689453,-8.84409618377686,"Male"
"6018403",371836,2025-06-11 04:00:28,43.357795715332,-8.84444522857666,"Male"
"6018403",371836,2025-06-11 04:05:34,43.3575744628906,-8.84440612792969,"Male"
"6018403",371836,2025-06-11 04:10:30,43.3578338623047,-8.84455299377441,"Male"
"6018403",371836,2025-06-11 04:15:37,43.3575439453125,-8.84426116943359,"Male"
"6018403",371836,2025-06-11 04:20:37,43.357536315918,-8.84420013427734,"Male"
"6018403",371836,2025-06-11 04:25:41,43.3575973510742,-8.84421348571777,"Male"
"6018403",371836,2025-06-11 04:30:30,43.3578948974609,-8.84456729888916,"Male"
"6018403",371836,2025-06-11 04:35:29,43.3576774597168,-8.84425640106201,"Male"
"6018403",371836,2025-06-11 04:40:35,43.357723236084,-8.84421062469482,"Male"
"6018403",371836,2025-06-11 04:45:29,43.3579864501953,-8.84472751617432,"Male"
"6018403",371836,2025-06-11 04:50:30,43.3573913574219,-8.84366035461426,"Male"
"6018403",371836,2025-06-11 04:55:28,43.3575706481934,-8.8442211151123,"Male"
"6018403",371836,2025-06-11 05:00:31,43.357421875,-8.84399223327637,"Male"
"6018403",371836,2025-06-11 05:05:30,43.357307434082,-8.8440637588501,"Male"
"6018403",371836,2025-06-11 05:10:40,43.357593536377,-8.84415245056152,"Male"
"6018403",371836,2025-06-11 05:15:30,43.3568992614746,-8.84369659423828,"Male"
"6018403",371836,2025-06-11 05:20:32,43.3578147888184,-8.84373474121094,"Male"
"6018403",371836,2025-06-11 05:25:30,43.3572998046875,-8.84364223480225,"Male"
"6018403",371836,2025-06-11 05:30:30,43.3574867248535,-8.84367084503174,"Male"
"6018403",371836,2025-06-11 05:35:36,43.3576316833496,-8.84403800964355,"Male"
"6018403",371836,2025-06-11 05:40:30,43.3575630187988,-8.84391117095947,"Male"
"6018403",371836,2025-06-11 05:45:31,43.3574447631836,-8.8439998626709,"Male"
"6018403",371836,2025-06-11 05:50:41,43.3576049804688,-8.84379863739014,"Male"
"6018403",371836,2025-06-11 05:55:27,43.3576774597168,-8.84391117095947,"Male"
"6018403",371836,2025-06-11 06:00:27,43.3576736450195,-8.84410762786865,"Male"
"6018403",371836,2025-06-11 06:05:30,43.3576622009277,-8.84402751922607,"Male"
"6018403",371836,2025-06-11 06:10:30,43.3575668334961,-8.84398651123047,"Male"
"6018403",371836,2025-06-11 06:15:31,43.3576278686523,-8.84382152557373,"Male"
"6018403",371836,2025-06-11 06:20:30,43.3575973510742,-8.84404468536377,"Male"
"6018403",371836,2025-06-11 06:25:30,43.3577423095703,-8.84374237060547,"Male"
"6018403",371836,2025-06-11 06:30:35,43.357593536377,-8.84381675720215,"Male"
"6018403",371836,2025-06-11 06:35:29,43.3576126098633,-8.84378147125244,"Male"
"6018403",371836,2025-06-11 06:40:29,43.3578453063965,-8.84376907348633,"Male"
"6018403",371836,2025-06-11 06:45:36,43.357593536377,-8.84357070922852,"Male"
"6018403",371836,2025-06-11 06:50:46,43.3576202392578,-8.84366893768311,"Male"
"6018403",371836,2025-06-11 06:55:32,43.3577194213867,-8.8440637588501,"Male"
"6018403",371836,2025-06-11 07:00:44,43.3578033447266,-8.84401702880859,"Male"
"6018403",371836,2025-06-11 07:05:35,43.3576889038086,-8.84410762786865,"Male"
"6018403",371836,2025-06-11 07:10:59,43.3576240539551,-8.84421062469482,"Male"
"6018403",371836,2025-06-11 07:15:31,43.3574752807617,-8.84396266937256,"Male"
"6018403",371836,2025-06-11 07:20:29,43.3570518493652,-8.84329128265381,"Male"
"6018403",371836,2025-06-11 07:25:31,43.3575172424316,-8.8439826965332,"Male"
"6018403",371836,2025-06-11 07:30:30,43.3576164245605,-8.84410953521729,"Male"
"6018403",371836,2025-06-11 07:35:30,43.357780456543,-8.84434986114502,"Male"
"6018403",371836,2025-06-11 07:40:30,43.3573188781738,-8.84330749511719,"Male"
"6018403",371836,2025-06-11 07:45:44,43.3575973510742,-8.84417057037354,"Male"
"6018403",371836,2025-06-11 07:50:38,43.3576698303223,-8.84414672851562,"Male"
"6018403",371836,2025-06-11 07:55:37,43.3576469421387,-8.84412288665771,"Male"
"6018403",371836,2025-06-11 08:00:59,43.3576240539551,-8.84408664703369,"Male"
"6018403",371836,2025-06-11 08:05:26,43.3577079772949,-8.84408950805664,"Male"
"6018403",371836,2025-06-11 08:10:26,43.3576431274414,-8.84401226043701,"Male"
"6018403",371836,2025-06-11 08:15:29,43.3576354980469,-8.84414196014404,"Male"
"6018403",371836,2025-06-11 08:20:29,43.3576583862305,-8.84423351287842,"Male"
"6018403",371836,2025-06-11 08:25:30,43.3576049804688,-8.84417819976807,"Male"
"6018403",371836,2025-06-11 08:30:29,43.357608795166,-8.84406280517578,"Male"
"6018403",371836,2025-06-11 08:35:29,43.3575401306152,-8.84425354003906,"Male"
"6018403",371836,2025-06-11 08:40:28,43.3576049804688,-8.84416198730469,"Male"
"6018403",371836,2025-06-11 08:45:30,43.3576278686523,-8.84414577484131,"Male"
"6018403",371836,2025-06-11 08:50:27,43.357593536377,-8.84423923492432,"Male"
"6018403",371836,2025-06-11 08:55:26,43.357593536377,-8.84424018859863,"Male"
"6018403",371836,2025-06-11 09:00:27,43.3575820922852,-8.8443078994751,"Male"
"6018403",371836,2025-06-11 09:05:27,43.3575744628906,-8.84429359436035,"Male"
"6018403",371836,2025-06-11 09:10:28,43.3575401306152,-8.84419631958008,"Male"
"6018403",371836,2025-06-11 09:15:28,43.357536315918,-8.84427261352539,"Male"
"6018403",371836,2025-06-11 09:20:41,43.3575401306152,-8.84424781799316,"Male"
"6018403",371836,2025-06-11 09:25:32,43.3575210571289,-8.84428310394287,"Male"
"6018403",371836,2025-06-11 09:30:29,43.3575057983398,-8.8442497253418,"Male"
"6018403",371836,2025-06-11 09:35:29,43.3575630187988,-8.84427833557129,"Male"
"6018403",371836,2025-06-11 09:40:32,43.3575553894043,-8.84429836273193,"Male"
"6018403",371836,2025-06-11 09:45:35,43.3575706481934,-8.84427165985107,"Male"
"6018403",371836,2025-06-11 09:50:32,43.3576316833496,-8.84447002410889,"Male"
"6018403",371836,2025-06-11 09:55:34,43.357536315918,-8.8442964553833,"Male"
"6018403",371836,2025-06-11 10:01:50,43.3575820922852,-8.8441801071167,"Male"
"6018403",371836,2025-06-11 10:05:59,43.3575553894043,-8.84421062469482,"Male"
"6018403",371836,2025-06-11 10:10:27,43.3576736450195,-8.84424495697021,"Male"
"6018403",371836,2025-06-11 10:15:26,43.3574981689453,-8.84421920776367,"Male"
"6018403",371836,2025-06-11 10:20:27,43.3576354980469,-8.84416389465332,"Male"
"6018403",371836,2025-06-11 10:25:27,43.3575553894043,-8.84421348571777,"Male"
"6018403",371836,2025-06-11 10:30:26,43.3576431274414,-8.84427547454834,"Male"
"6018403",371836,2025-06-11 10:35:27,43.3576049804688,-8.84424591064453,"Male"
"6018403",371836,2025-06-11 10:40:26,43.3577117919922,-8.84420585632324,"Male"
"6018403",371836,2025-06-11 10:45:28,43.3576164245605,-8.84421825408936,"Male"
"6018403",371836,2025-06-11 10:50:36,43.3577079772949,-8.84417343139648,"Male"
"6018403",371836,2025-06-11 10:55:27,43.357723236084,-8.84426116943359,"Male"
"6018403",371836,2025-06-11 11:00:27,43.3576622009277,-8.84418678283691,"Male"
"6018403",371836,2025-06-11 11:05:27,43.3578567504883,-8.84420204162598,"Male"
"6018403",371836,2025-06-11 11:10:28,43.3578071594238,-8.84424114227295,"Male"
"6018403",371836,2025-06-11 11:15:28,43.3576469421387,-8.84499454498291,"Male"
"6018403",371836,2025-06-11 11:20:27,43.3577308654785,-8.84476375579834,"Male"
"6018403",371836,2025-06-11 11:25:28,43.3577461242676,-8.8447151184082,"Male"
"6018403",371836,2025-06-11 11:30:27,43.3576507568359,-8.84395217895508,"Male"
"6018403",371836,2025-06-11 11:35:26,43.3576698303223,-8.84393119812012,"Male"
"6018403",371836,2025-06-11 11:40:28,43.357795715332,-8.84405708312988,"Male"
"6018403",371836,2025-06-11 11:45:26,43.3577423095703,-8.84395313262939,"Male"
"6018403",371836,2025-06-11 11:50:26,43.3574600219727,-8.8450345993042,"Male"
"6018403",371836,2025-06-11 11:55:27,43.3609161376953,-8.84986877441406,"Male"
"6018403",371836,2025-06-11 12:00:26,43.3801765441895,-8.8814525604248,"Male"
"6018403",371836,2025-06-11 12:05:27,43.3935852050781,-8.91200733184814,"Male"
"6018403",371836,2025-06-11 12:10:27,43.400691986084,-8.94552135467529,"Male"
"6018403",371836,2025-06-11 12:15:27,43.4087371826172,-8.98041248321533,"Male"
"6018403",371836,2025-06-11 12:20:31,43.4276123046875,-9.00688934326172,"Male"
"6018403",371836,2025-06-11 12:25:28,43.446361541748,-9.0354700088501,"Male"
"6018403",371836,2025-06-11 12:30:27,43.4521255493164,-9.06482028961182,"Male"
"6018403",371836,2025-06-11 12:35:31,43.4522285461426,-9.06401252746582,"Male"
"6018403",371836,2025-06-11 12:40:30,43.4525108337402,-9.06356239318848,"Male"
"6018403",371836,2025-06-11 12:45:28,43.4541625976562,-9.07540893554688,"Male"
"6018403",371836,2025-06-11 12:50:28,43.4563484191895,-9.10160064697266,"Male"
"6018403",371836,2025-06-11 12:55:28,43.4603004455566,-9.12863349914551,"Male"
"6018403",371836,2025-06-11 13:00:27,43.4677085876465,-9.15365409851074,"Male"
"6018403",371836,2025-06-11 13:05:44,43.4641723632812,-9.16429710388184,"Male"
"6018403",371836,2025-06-11 13:10:27,43.4562530517578,-9.18490982055664,"Male"
"6018403",371836,2025-06-11 13:15:28,43.4421501159668,-9.18032646179199,"Male"
"6018403",371836,2025-06-11 13:20:28,43.4303970336914,-9.17960834503174,"Male"
"6018403",371836,2025-06-11 13:25:27,43.4204711914062,-9.19268035888672,"Male"
"6018403",371836,2025-06-11 13:30:28,43.4126205444336,-9.20607662200928,"Male"
"6018403",371836,2025-06-11 13:35:28,43.4208374023438,-9.24237060546875,"Male"
"6018403",371836,2025-06-11 13:40:30,43.423583984375,-9.24102973937988,"Male"
"6018403",371836,2025-06-11 13:45:59,43.4271011352539,-9.2373514175415,"Male"
"6018403",371836,2025-06-11 13:50:27,43.4306869506836,-9.22914218902588,"Male"
"6018403",371836,2025-06-11 13:55:30,43.4321975708008,-9.22672748565674,"Male"
"6018403",371836,2025-06-11 14:00:29,43.4370765686035,-9.21669673919678,"Male"
"6018403",371836,2025-06-11 14:05:31,43.4412307739258,-9.21060180664062,"Male"
"6018403",371836,2025-06-11 14:10:30,43.4438629150391,-9.20691299438477,"Male"
"6018403",371836,2025-06-11 14:15:36,43.4468002319336,-9.20248222351074,"Male"
"6018403",371836,2025-06-11 14:20:31,43.4494972229004,-9.19388103485107,"Male"
"6018403",371836,2025-06-11 14:25:34,43.4539451599121,-9.18528652191162,"Male"
"6018403",371836,2025-06-11 14:30:29,43.4562568664551,-9.18131351470947,"Male"
"6018403",371836,2025-06-11 14:35:29,43.4509239196777,-9.18645095825195,"Male"
"6018403",371836,2025-06-11 14:40:28,43.435001373291,-9.19332695007324,"Male"
"6018403",371836,2025-06-11 14:45:27,43.4164657592773,-9.19719982147217,"Male"
"6018403",371836,2025-06-11 14:50:27,43.3969268798828,-9.19913768768311,"Male"
"6018403",371836,2025-06-11 14:55:27,43.404972076416,-9.21879100799561,"Male"
"6018403",371836,2025-06-11 15:00:34,43.4400787353516,-9.23349189758301,"Male"
"6018403",371836,2025-06-11 15:05:27,43.4872093200684,-9.21714782714844,"Male"
"6018403",371836,2025-06-11 15:10:28,43.5038414001465,-9.19891738891602,"Male"
"6018403",371836,2025-06-11 15:15:28,43.5218391418457,-9.18718814849854,"Male"
"6018403",371836,2025-06-11 15:20:31,43.5167198181152,-9.17975044250488,"Male"
"6018403",371836,2025-06-11 15:25:45,43.5106735229492,-9.18674087524414,"Male"
"6018403",371836,2025-06-11 15:30:40,43.5073318481445,-9.18174362182617,"Male"
"6018403",371836,2025-06-11 15:35:40,43.5034675598145,-9.18358898162842,"Male"
"6018403",371836,2025-06-11 15:40:40,43.4967765808105,-9.18984317779541,"Male"
"6018403",371836,2025-06-11 15:45:37,43.50634765625,-9.17323303222656,"Male"
"6018403",371836,2025-06-11 15:50:37,43.5223426818848,-9.12300968170166,"Male"
"6018403",371836,2025-06-11 15:55:36,43.5206909179688,-9.09825801849365,"Male"
"6018403",371836,2025-06-11 16:00:37,43.525806427002,-9.06640148162842,"Male"
"6018403",371836,2025-06-11 16:05:36,43.5658950805664,-9.01669502258301,"Male"
"6018403",371836,2025-06-11 16:10:36,43.5697364807129,-9.01222133636475,"Male"
"6018403",371836,2025-06-11 16:15:45,43.5686798095703,-9.01145648956299,"Male"
"6018403",371836,2025-06-11 16:20:36,43.5635223388672,-9.02469730377197,"Male"
"6018403",371836,2025-06-11 16:25:34,43.5622406005859,-9.03129768371582,"Male"
"6018403",371836,2025-06-11 16:30:36,43.5620193481445,-9.03457546234131,"Male"
"6018403",371836,2025-06-11 16:35:36,43.5478210449219,-9.05101108551025,"Male"
"6018403",371836,2025-06-11 16:40:36,43.5302352905273,-9.04539775848389,"Male"
"6018403",371836,2025-06-11 16:46:28,43.5167846679688,-9.0109167098999,"Male"
"6018403",371836,2025-06-11 16:51:11,43.5142936706543,-8.99671363830566,"Male"
"6018403",371836,2025-06-11 16:55:36,43.5099678039551,-8.98045253753662,"Male"
"6018403",371836,2025-06-11 17:00:36,43.5058670043945,-8.95937633514404,"Male"
"6018403",371836,2025-06-11 17:05:40,43.5014266967773,-8.94187831878662,"Male"
"6018403",371836,2025-06-11 17:10:51,43.4937057495117,-8.91932773590088,"Male"
"6018403",371836,2025-06-11 17:15:36,43.4911193847656,-8.90342998504639,"Male"
"6018403",371836,2025-06-11 17:20:37,43.488883972168,-8.89835643768311,"Male"
"6018403",371836,2025-06-11 17:25:57,43.480785369873,-8.87271595001221,"Male"
"6018403",371836,2025-06-11 17:30:36,43.4771919250488,-8.85410404205322,"Male"
"6018403",371836,2025-06-11 17:36:50,43.4699592590332,-8.82882022857666,"Male"
"6018403",371836,2025-06-11 17:41:03,43.4697265625,-8.81808376312256,"Male"
"6018403",371836,2025-06-11 17:45:29,43.4675064086914,-8.81237125396729,"Male"
"6018403",371836,2025-06-11 17:50:29,43.4495658874512,-8.7921199798584,"Male"
"6018403",371836,2025-06-11 17:55:28,43.4281692504883,-8.79757308959961,"Male"
"6018403",371836,2025-06-11 18:00:28,43.4104232788086,-8.81039905548096,"Male"
"6018403",371836,2025-06-11 18:05:28,43.3916816711426,-8.82411956787109,"Male"
"6018403",371836,2025-06-11 18:10:29,43.3731460571289,-8.8348217010498,"Male"
"6018403",371836,2025-06-11 18:15:36,43.3575592041016,-8.84408473968506,"Male"
"6018403",371836,2025-06-11 18:20:44,43.3575286865234,-8.8439474105835,"Male"
"6018403",371836,2025-06-11 18:25:38,43.3576812744141,-8.84436416625977,"Male"
"6018403",371836,2025-06-11 18:30:39,43.3575897216797,-8.84411716461182,"Male"
"6018403",371836,2025-06-11 18:35:36,43.3575973510742,-8.84421348571777,"Male"
"6018403",371836,2025-06-11 18:40:40,43.3575630187988,-8.84407520294189,"Male"
"6018403",371836,2025-06-11 18:45:28,43.357666015625,-8.84420680999756,"Male"
"6018403",371836,2025-06-11 18:50:27,43.3577880859375,-8.84435939788818,"Male"
"6018403",371836,2025-06-11 18:55:28,43.3576164245605,-8.84415531158447,"Male"
"6018403",371836,2025-06-11 19:00:28,43.3576202392578,-8.84415912628174,"Male"
"6018403",371836,2025-06-11 19:05:30,43.357479095459,-8.84386920928955,"Male"
"6018403",371836,2025-06-11 19:10:36,43.3576431274414,-8.84423065185547,"Male"
"6018403",371836,2025-06-11 19:15:29,43.3576354980469,-8.84422492980957,"Male"
"6018403",371836,2025-06-11 19:20:30,43.3575477600098,-8.8441219329834,"Male"
"6018403",371836,2025-06-11 19:25:30,43.3575477600098,-8.84406471252441,"Male"
"6018403",371836,2025-06-11 19:30:34,43.357666015625,-8.84422492980957,"Male"
"6018403",371836,2025-06-11 19:35:30,43.3579330444336,-8.84452247619629,"Male"
"6018403",371836,2025-06-11 19:40:45,43.357593536377,-8.84410667419434,"Male"
"6018403",371836,2025-06-11 19:45:33,43.3575706481934,-8.84407806396484,"Male"
"6018403",371836,2025-06-11 19:50:36,43.3576431274414,-8.8443775177002,"Male"
"6018403",371836,2025-06-11 19:55:36,43.3575439453125,-8.84453964233398,"Male"
"6018403",371836,2025-06-11 20:00:45,43.357593536377,-8.8439884185791,"Male"
"6018403",371836,2025-06-11 20:05:33,43.3576278686523,-8.84430980682373,"Male"
"6018403",371836,2025-06-11 20:10:33,43.3575668334961,-8.8439998626709,"Male"
"6018403",371836,2025-06-11 20:15:33,43.3574256896973,-8.84420967102051,"Male"
"6018403",371836,2025-06-11 20:20:30,43.3575592041016,-8.84392738342285,"Male"
"6018403",371836,2025-06-11 20:25:36,43.3576126098633,-8.8438663482666,"Male"
"6018403",371836,2025-06-11 20:30:31,43.3575325012207,-8.84389209747314,"Male"
"6018403",371836,2025-06-11 20:35:33,43.3576850891113,-8.84380912780762,"Male"
"6018403",371836,2025-06-11 20:40:59,43.3575401306152,-8.84416580200195,"Male"
"6018403",371836,2025-06-11 20:45:26,43.3575782775879,-8.84420013427734,"Male"
"6018403",371836,2025-06-11 20:50:26,43.3576583862305,-8.8444242477417,"Male"
"6018403",371836,2025-06-11 20:55:27,43.3576049804688,-8.84427070617676,"Male"
"6018403",371836,2025-06-11 21:00:27,43.3575248718262,-8.8441276550293,"Male"
"6018403",371836,2025-06-11 21:05:28,43.3576164245605,-8.84433364868164,"Male"
"6018403",371836,2025-06-11 21:10:29,43.3574867248535,-8.8440113067627,"Male"
"6018403",371836,2025-06-11 21:15:30,43.3573913574219,-8.84367847442627,"Male"
"6018403",371836,2025-06-11 21:20:39,43.357536315918,-8.84415626525879,"Male"
"6018403",371836,2025-06-11 21:25:31,43.3575744628906,-8.84421730041504,"Male"
"6018403",371836,2025-06-11 21:30:59,43.3575325012207,-8.84416961669922,"Male"
"6018403",371836,2025-06-11 21:35:29,43.357593536377,-8.84424114227295,"Male"
"6018403",371836,2025-06-11 21:41:15,43.3575820922852,-8.84420967102051,"Male"
"6018403",371836,2025-06-11 21:45:31,43.3575592041016,-8.84414672851562,"Male"
"6018403",371836,2025-06-11 21:50:28,43.3573760986328,-8.84423446655273,"Male"
"6018403",371836,2025-06-11 21:55:30,43.3575248718262,-8.84392547607422,"Male"
"6018403",371836,2025-06-11 22:00:34,43.3574714660645,-8.84411144256592,"Male"
"6018403",371836,2025-06-11 22:05:31,43.3576126098633,-8.84422397613525,"Male"
"6018403",371836,2025-06-11 22:10:31,43.3576812744141,-8.84426021575928,"Male"
"6018403",371836,2025-06-11 22:15:33,43.3578147888184,-8.84458255767822,"Male"
"6018403",371836,2025-06-11 22:20:38,43.3577156066895,-8.84437561035156,"Male"
"6018403",371836,2025-06-11 22:25:27,43.3575248718262,-8.84409046173096,"Male"
"6018403",371836,2025-06-11 22:30:44,43.3575401306152,-8.84410858154297,"Male"
"6018403",371836,2025-06-11 22:35:35,43.3575859069824,-8.8441276550293,"Male"
"6018403",371836,2025-06-11 22:40:28,43.3576316833496,-8.84438037872314,"Male"
"6018403",371836,2025-06-11 22:45:29,43.3575820922852,-8.84413433074951,"Male"
"6018403",371836,2025-06-11 22:50:31,43.3576278686523,-8.84424591064453,"Male"
"6018403",371836,2025-06-11 22:55:35,43.357666015625,-8.84421157836914,"Male"
"6018403",371836,2025-06-11 23:00:28,43.3575859069824,-8.84409236907959,"Male"
"6018403",371836,2025-06-11 23:05:27,43.3575859069824,-8.84422397613525,"Male"
"6018403",371836,2025-06-11 23:10:37,43.3575859069824,-8.84407711029053,"Male"
"6018403",371836,2025-06-11 23:15:44,43.3576202392578,-8.844069480896,"Male"
"6018403",371836,2025-06-11 23:20:31,43.3575782775879,-8.84372806549072,"Male"
"6018403",371836,2025-06-11 23:25:36,43.3575897216797,-8.84444713592529,"Male"
"6018403",371836,2025-06-11 23:30:36,43.3575897216797,-8.84431266784668,"Male"
"6018403",371836,2025-06-11 23:35:37,43.3576354980469,-8.84391498565674,"Male"
"6018403",371836,2025-06-11 23:40:36,43.3576049804688,-8.84422206878662,"Male"
"6018403",371836,2025-06-11 23:45:59,43.357593536377,-8.84416675567627,"Male"
"6018403",371836,2025-06-11 23:50:26,43.3576011657715,-8.84415435791016,"Male"
"6018403",371836,2025-06-11 23:55:26,43.3576202392578,-8.84419536590576,"Male"
"6018403",371836,2025-06-12 00:00:26,43.3576049804688,-8.84412479400635,"Male"
"6018403",371836,2025-06-12 00:05:26,43.3576164245605,-8.84423446655273,"Male"
"6018403",371836,2025-06-12 00:10:26,43.3576011657715,-8.84411239624023,"Male"
"6018403",371836,2025-06-12 00:15:26,43.357593536377,-8.84417819976807,"Male"
"6018403",371836,2025-06-12 00:20:26,43.3576126098633,-8.84420108795166,"Male"
"6018403",371836,2025-06-12 00:25:26,43.357593536377,-8.8441162109375,"Male"
"6018403",371836,2025-06-12 00:30:30,43.3575668334961,-8.84421253204346,"Male"
"6018403",371836,2025-06-12 00:35:34,43.3575973510742,-8.84429740905762,"Male"
"6018403",371836,2025-06-12 00:40:35,43.357536315918,-8.84416103363037,"Male"
"6018403",371836,2025-06-12 00:45:31,43.3575973510742,-8.84423065185547,"Male"
"6018403",371836,2025-06-12 00:50:57,43.3576049804688,-8.84408664703369,"Male"
"6018403",371836,2025-06-12 00:55:30,43.3576354980469,-8.84426116943359,"Male"
"6018403",371836,2025-06-12 01:00:36,43.3576240539551,-8.84410190582275,"Male"
"6018403",371836,2025-06-12 01:05:30,43.3577423095703,-8.84455871582031,"Male"
"6018403",371836,2025-06-12 01:10:30,43.3576240539551,-8.84431934356689,"Male"
"6018403",371836,2025-06-12 01:15:36,43.3575477600098,-8.84405612945557,"Male"
"6018403",371836,2025-06-12 01:20:29,43.3576889038086,-8.84427738189697,"Male"
"6018403",371836,2025-06-12 01:25:44,43.3576889038086,-8.84414863586426,"Male"
"6018403",371836,2025-06-12 01:30:27,43.3577423095703,-8.84437656402588,"Male"
"6018403",371836,2025-06-12 01:35:30,43.3577880859375,-8.84441566467285,"Male"
"6018403",371836,2025-06-12 01:40:30,43.3576240539551,-8.84419345855713,"Male"
"6018403",371836,2025-06-12 01:45:29,43.3576507568359,-8.84435367584229,"Male"
"6018403",371836,2025-06-12 01:50:33,43.3576393127441,-8.84413814544678,"Male"
"6018403",371836,2025-06-12 01:55:36,43.3576545715332,-8.84422397613525,"Male"
"6018403",371836,2025-06-12 02:00:43,43.3576774597168,-8.84420394897461,"Male"
"6018403",371836,2025-06-12 02:05:27,43.3576736450195,-8.84420967102051,"Male"
"6018403",371836,2025-06-12 02:10:26,43.3575401306152,-8.84439754486084,"Male"
"6018403",371836,2025-06-12 02:15:26,43.3575592041016,-8.8442964553833,"Male"
"6018403",371836,2025-06-12 02:20:26,43.3577041625977,-8.84419822692871,"Male"
"6018403",371836,2025-06-12 02:25:26,43.3576812744141,-8.84423351287842,"Male"
"6018403",371836,2025-06-12 02:30:27,43.3573608398438,-8.84397888183594,"Male"
"6018403",371836,2025-06-12 02:35:27,43.357421875,-8.84377193450928,"Male"
"6018403",371836,2025-06-12 02:40:28,43.357234954834,-8.8435754776001,"Male"
"6018403",371836,2025-06-12 02:45:45,43.3575401306152,-8.8441743850708,"Male"
"6018403",371836,2025-06-12 02:50:28,43.3574028015137,-8.8437328338623,"Male"
"6018403",371836,2025-06-12 02:55:29,43.357421875,-8.84365463256836,"Male"
"6018403",371836,2025-06-12 03:00:28,43.3574676513672,-8.84373950958252,"Male"
"6018403",371836,2025-06-12 03:05:30,43.3576354980469,-8.84378528594971,"Male"
"6018403",371836,2025-06-12 03:10:29,43.3576278686523,-8.8438892364502,"Male"
"6018403",371836,2025-06-12 03:15:44,43.357608795166,-8.8439302444458,"Male"
"6018403",371836,2025-06-12 03:20:30,43.3575325012207,-8.8439998626709,"Male"
"6018403",371836,2025-06-12 03:25:37,43.3577003479004,-8.84375953674316,"Male"
"6018403",371836,2025-06-12 03:30:26,43.3575630187988,-8.84405899047852,"Male"
"6018403",371836,2025-06-12 03:35:59,43.3576736450195,-8.84415531158447,"Male"
"6018403",371836,2025-06-12 03:40:28,43.357536315918,-8.84421634674072,"Male"
"6018403",371836,2025-06-12 03:45:29,43.357536315918,-8.84399223327637,"Male"
"6018403",371836,2025-06-12 03:50:36,43.3577308654785,-8.84421825408936,"Male"
"6018403",371836,2025-06-12 03:55:36,43.3576278686523,-8.8441743850708,"Male"
"6018403",371836,2025-06-12 04:00:36,43.3575706481934,-8.8442211151123,"Male"
"6018403",371836,2025-06-12 04:05:36,43.3575782775879,-8.84422588348389,"Male"
"6018403",371836,2025-06-12 04:10:44,43.3575248718262,-8.84423923492432,"Male"
"6018403",371836,2025-06-12 04:15:29,43.357593536377,-8.84424877166748,"Male"
"6018403",371836,2025-06-12 04:20:30,43.3576774597168,-8.84430027008057,"Male"
"6018403",371836,2025-06-12 04:25:30,43.3574523925781,-8.84474849700928,"Male"
"6018403",371836,2025-06-12 04:30:44,43.3576278686523,-8.84420108795166,"Male"
"6018403",371836,2025-06-12 04:35:26,43.3582954406738,-8.8454008102417,"Male"
"6018403",371836,2025-06-12 04:40:30,43.3575553894043,-8.84404182434082,"Male"
"6018403",371836,2025-06-12 04:45:31,43.3576316833496,-8.84410572052002,"Male"
"6018403",371836,2025-06-12 04:50:28,43.3576736450195,-8.84414768218994,"Male"
"6018403",371836,2025-06-12 04:55:35,43.3576354980469,-8.84421825408936,"Male"
"6018403",371836,2025-06-12 05:00:36,43.3577117919922,-8.84417533874512,"Male"
"6018403",371836,2025-06-12 05:05:35,43.3576354980469,-8.84418296813965,"Male"
"6018403",371836,2025-06-12 05:10:36,43.3575744628906,-8.8441743850708,"Male"
"6018403",371836,2025-06-12 05:16:28,43.3575553894043,-8.84419918060303,"Male"
"6018403",371836,2025-06-12 05:20:33,43.3577003479004,-8.84403514862061,"Male"
"6018403",371836,2025-06-12 05:25:33,43.3573913574219,-8.84430885314941,"Male"
"6018403",371836,2025-06-12 05:30:44,43.3575859069824,-8.84421920776367,"Male"
"6018403",371836,2025-06-12 05:35:26,43.3575172424316,-8.84430027008057,"Male"
"6018403",371836,2025-06-12 05:40:26,43.3575210571289,-8.84437274932861,"Male"
"6018403",371836,2025-06-12 05:45:26,43.3576622009277,-8.84418296813965,"Male"
"6018403",371836,2025-06-12 05:50:27,43.3575325012207,-8.84427070617676,"Male"
"6018403",371836,2025-06-12 05:55:28,43.3584136962891,-8.83740615844727,"Male"
"6018403",371836,2025-06-12 06:00:29,43.3576583862305,-8.84374904632568,"Male"
"6018403",371836,2025-06-12 06:05:29,43.3575096130371,-8.843994140625,"Male"
"6018403",371836,2025-06-12 06:10:28,43.3574256896973,-8.84432888031006,"Male"
"6018403",371836,2025-06-12 06:15:41,43.357593536377,-8.84417915344238,"Male"
"6018403",371836,2025-06-12 06:20:52,43.3575859069824,-8.84414577484131,"Male"
"6018403",371836,2025-06-12 06:25:38,43.3576126098633,-8.84416770935059,"Male"
"6018403",371836,2025-06-12 06:30:39,43.357608795166,-8.84419631958008,"Male"
"6018403",371836,2025-06-12 06:35:39,43.3575973510742,-8.84412479400635,"Male"
"6018403",371836,2025-06-12 06:40:39,43.3576736450195,-8.84426689147949,"Male"
"6018403",371836,2025-06-12 06:45:44,43.3575286865234,-8.84403324127197,"Male"
"6018403",371836,2025-06-12 06:50:33,43.3576431274414,-8.84412288665771,"Male"
"6018403",371836,2025-06-12 06:55:36,43.3579254150391,-8.84415149688721,"Male"
"6018403",371836,2025-06-12 07:00:36,43.3579406738281,-8.84419727325439,"Male"
"6018403",371836,2025-06-12 07:05:38,43.3575477600098,-8.84403705596924,"Male"
"6018403",371836,2025-06-12 07:10:38,43.3574905395508,-8.84395599365234,"Male"
"6018403",371836,2025-06-12 07:15:46,43.357608795166,-8.84395885467529,"Male"
"6018403",371836,2025-06-12 07:20:30,43.3576774597168,-8.84422302246094,"Male"
"6018403",371836,2025-06-12 07:25:30,43.3576583862305,-8.84409046173096,"Male"
"6018403",371836,2025-06-12 07:30:59,43.3577041625977,-8.84414958953857,"Male"
"6018403",371836,2025-06-12 07:35:30,43.3577308654785,-8.84421539306641,"Male"
"6018403",371836,2025-06-12 07:40:36,43.3576812744141,-8.84417819976807,"Male"
"6018403",371836,2025-06-12 07:45:36,43.357852935791,-8.84434223175049,"Male"
"6018403",371836,2025-06-12 07:51:01,43.3577156066895,-8.84420108795166,"Male"
"6018403",371836,2025-06-12 07:55:30,43.3574638366699,-8.84354972839355,"Male"
"6018403",371836,2025-06-12 08:00:59,43.3576011657715,-8.84409809112549,"Male"
"6018403",371836,2025-06-12 08:05:26,43.3577499389648,-8.84392356872559,"Male"
"6018403",371836,2025-06-12 08:10:28,43.3575897216797,-8.84405422210693,"Male"
"6018403",371836,2025-06-12 08:15:26,43.3576011657715,-8.84403038024902,"Male"
"6018403",371836,2025-06-12 08:20:31,43.3576011657715,-8.84415245056152,"Male"
"6018403",371836,2025-06-12 08:25:33,43.3576507568359,-8.84396648406982,"Male"
"6018403",371836,2025-06-12 08:30:28,43.3575325012207,-8.84444427490234,"Male"
"6018403",371836,2025-06-12 08:35:26,43.3575172424316,-8.84440326690674,"Male"
"6018403",371836,2025-06-12 08:40:30,43.3578300476074,-8.84335613250732,"Male"
"6018403",371836,2025-06-12 08:45:44,43.357593536377,-8.84421539306641,"Male"
"6018403",371836,2025-06-12 08:50:26,43.3575897216797,-8.84412670135498,"Male"
"6018403",371836,2025-06-12 08:55:27,43.3575553894043,-8.84426975250244,"Male"
"6018403",371836,2025-06-12 09:00:26,43.3575019836426,-8.84415054321289,"Male"
"6018403",371836,2025-06-12 09:05:26,43.3575439453125,-8.84410095214844,"Male"
"6018403",371836,2025-06-12 09:10:29,43.3576927185059,-8.84412670135498,"Male"
"6018403",371836,2025-06-12 09:15:27,43.3575859069824,-8.84422969818115,"Male"
"6018403",371836,2025-06-12 09:20:27,43.3576354980469,-8.84412097930908,"Male"
"6018403",371836,2025-06-12 09:25:30,43.3573913574219,-8.84409236907959,"Male"
"6018403",371836,2025-06-12 09:30:44,43.3576583862305,-8.84433078765869,"Male"
"6018403",371836,2025-06-12 09:35:29,43.3575897216797,-8.84436798095703,"Male"
"6018403",371836,2025-06-12 09:40:36,43.3577194213867,-8.84441471099854,"Male"
"6018403",371836,2025-06-12 09:45:56,43.3575820922852,-8.84420394897461,"Male"
"6018403",371836,2025-06-12 09:50:27,43.3576812744141,-8.84433650970459,"Male"
"6018403",371836,2025-06-12 09:55:30,43.3578796386719,-8.84449005126953,"Male"
"6018403",371836,2025-06-12 10:00:30,43.3571891784668,-8.84379863739014,"Male"
"6018403",371836,2025-06-12 10:05:36,43.3576316833496,-8.84430599212646,"Male"
"6018403",371836,2025-06-12 10:10:29,43.3574409484863,-8.84408569335938,"Male"
"6018403",371836,2025-06-12 10:15:35,43.357593536377,-8.84427738189697,"Male"
"6018403",371836,2025-06-12 10:20:27,43.357536315918,-8.84410572052002,"Male"
"6018403",371836,2025-06-12 10:25:33,43.3578567504883,-8.84874534606934,"Male"
"6018403",371836,2025-06-12 10:30:27,43.3674011230469,-8.88564205169678,"Male"
"6018403",371836,2025-06-12 10:35:28,43.3740234375,-8.91972637176514,"Male"
"6018403",371836,2025-06-12 10:40:27,43.3814392089844,-8.9532470703125,"Male"
"6018403",371836,2025-06-12 10:45:30,43.3885650634766,-8.96196937561035,"Male"
"6018403",371836,2025-06-12 10:50:28,43.4135093688965,-8.98138427734375,"Male"
"6018403",371836,2025-06-12 10:55:29,43.4505844116211,-9.00616359710693,"Male"
"6018403",371836,2025-06-12 11:01:46,43.4866790771484,-9.03990268707275,"Male"
"6018403",371836,2025-06-12 11:06:35,43.5058670043945,-9.06536293029785,"Male"
"6018403",371836,2025-06-12 11:10:26,43.5073585510254,-9.08555126190186,"Male"
"6018403",371836,2025-06-12 11:15:27,43.5154228210449,-9.11389541625977,"Male"
"6018403",371836,2025-06-12 11:20:27,43.5183258056641,-9.14091205596924,"Male"
"6018403",371836,2025-06-12 11:25:28,43.5221633911133,-9.16873550415039,"Male"
"6018403",371836,2025-06-12 11:30:28,43.5274696350098,-9.19797134399414,"Male"
"6018403",371836,2025-06-12 11:35:27,43.5296363830566,-9.21913146972656,"Male"
"6018403",371836,2025-06-12 11:40:36,43.5302581787109,-9.2182731628418,"Male"
"6018403",371836,2025-06-12 11:45:27,43.5309410095215,-9.21842670440674,"Male"
"6018403",371836,2025-06-12 11:50:30,43.5292053222656,-9.22329998016357,"Male"
"6018403",371836,2025-06-12 11:55:36,43.530876159668,-9.2232141494751,"Male"
"6018403",371836,2025-06-12 12:00:28,43.523380279541,-9.2190113067627,"Male"
"6018403",371836,2025-06-12 12:05:41,43.5381355285645,-9.18885231018066,"Male"
"6018403",371836,2025-06-12 12:11:02,43.5867691040039,-9.17861938476562,"Male"
"6018403",371836,2025-06-12 12:15:26,43.6136016845703,-9.1373815536499,"Male"
"6018403",371836,2025-06-12 12:20:26,43.6173362731934,-9.08716011047363,"Male"
"6018403",371836,2025-06-12 12:25:28,43.6127471923828,-9.0493049621582,"Male"
"6018403",371836,2025-06-12 12:30:34,43.6112098693848,-9.04101467132568,"Male"
"6018403",371836,2025-06-12 12:35:42,43.6107292175293,-9.0398645401001,"Male"
"6018403",371836,2025-06-12 12:40:27,43.6074829101562,-9.03727436065674,"Male"
"6018403",371836,2025-06-12 12:45:28,43.598705291748,-9.02657890319824,"Male"
"6018403",371836,2025-06-12 12:50:28,43.586311340332,-9.0126838684082,"Male"
"6018403",371836,2025-06-12 12:55:27,43.5716705322266,-8.99345397949219,"Male"
"6018403",371836,2025-06-12 13:00:29,43.5621604919434,-9.00354385375977,"Male"
"6018403",371836,2025-06-12 13:05:28,43.5583572387695,-9.01002025604248,"Male"
"6018403",371836,2025-06-12 13:10:28,43.5476188659668,-9.01883125305176,"Male"
"6018403",371836,2025-06-12 13:15:28,43.5408554077148,-9.03232669830322,"Male"
"6018403",371836,2025-06-12 13:20:29,43.5265121459961,-9.01917171478271,"Male"
"6018403",371836,2025-06-12 13:25:28,43.5085639953613,-9.00461483001709,"Male"
"6018403",371836,2025-06-12 13:30:29,43.4900512695312,-8.99696159362793,"Male"
"6018403",371836,2025-06-12 13:36:29,43.4674911499023,-8.97825527191162,"Male"
"6018403",371836,2025-06-12 13:40:29,43.452220916748,-8.96515274047852,"Male"
"6018403",371836,2025-06-12 13:45:36,43.4330368041992,-8.94585704803467,"Male"
"6018403",371836,2025-06-12 13:50:29,43.4147453308105,-8.92089176177979,"Male"
"6018403",371836,2025-06-12 13:55:38,43.394100189209,-8.88988018035889,"Male"
"6018403",371836,2025-06-12 14:00:28,43.3753662109375,-8.8569507598877,"Male"
"6018403",371836,2025-06-12 14:05:36,43.3574295043945,-8.84424686431885,"Male"
"6018403",371836,2025-06-12 14:10:59,43.3575172424316,-8.84420013427734,"Male"
"6018403",371836,2025-06-12 14:15:28,43.3575248718262,-8.84413909912109,"Male"
"6018403",371836,2025-06-12 14:20:30,43.3575973510742,-8.84419250488281,"Male"
"6018403",371836,2025-06-12 14:25:30,43.357536315918,-8.84424781799316,"Male"
"6018403",371836,2025-06-12 14:30:29,43.3576202392578,-8.84421348571777,"Male"
"6018403",371836,2025-06-12 14:35:29,43.3575744628906,-8.84427070617676,"Male"
"6018403",371836,2025-06-12 14:40:29,43.3575286865234,-8.8442211151123,"Male"
"6018403",371836,2025-06-12 14:45:31,43.3575668334961,-8.84416103363037,"Male"
"6018403",371836,2025-06-12 14:50:31,43.3575210571289,-8.84428119659424,"Male"
"6018403",371836,2025-06-12 14:55:31,43.357551574707,-8.8443603515625,"Male"
"6018403",371836,2025-06-12 15:00:28,43.3575859069824,-8.84428119659424,"Male"
"6018403",371836,2025-06-12 15:05:34,43.3575859069824,-8.84428787231445,"Male"
"6018403",371836,2025-06-12 15:10:30,43.3576240539551,-8.8442907333374,"Male"
"6018403",371836,2025-06-12 15:15:30,43.3575820922852,-8.84428596496582,"Male"
"6018403",371836,2025-06-12 15:20:29,43.3575820922852,-8.84421157836914,"Male"
"6018403",371836,2025-06-12 15:25:29,43.3575172424316,-8.84412670135498,"Male"
"6018403",371836,2025-06-12 15:30:31,43.3575897216797,-8.84423542022705,"Male"
"6018403",371836,2025-06-12 15:35:28,43.3574867248535,-8.84408950805664,"Male"
"6018403",371836,2025-06-12 15:40:29,43.357666015625,-8.84437561035156,"Male"
"6018403",371836,2025-06-12 15:45:29,43.3573417663574,-8.84389686584473,"Male"
"6018403",371836,2025-06-12 15:50:34,43.3575820922852,-8.8441743850708,"Male"
"6018403",371836,2025-06-12 15:56:01,43.3576278686523,-8.84419918060303,"Male"
"6018403",371836,2025-06-12 16:00:29,43.3576774597168,-8.84427738189697,"Male"
"6018403",371836,2025-06-12 16:05:29,43.3576698303223,-8.84421062469482,"Male"
"6018403",371836,2025-06-12 16:10:30,43.3576965332031,-8.84427928924561,"Male"
"6018403",371836,2025-06-12 16:15:31,43.3576202392578,-8.84426116943359,"Male"
"6018403",371836,2025-06-12 16:20:32,43.3575439453125,-8.84417915344238,"Male"
"6018403",371836,2025-06-12 16:25:33,43.3577041625977,-8.84414958953857,"Male"
"6018403",371836,2025-06-12 16:30:33,43.3576545715332,-8.84419345855713,"Male"
"6018403",371836,2025-06-12 16:35:32,43.3576431274414,-8.84426307678223,"Male"
"6018403",371836,2025-06-12 16:40:39,43.3575630187988,-8.84421730041504,"Male"
"6018403",371836,2025-06-12 16:45:33,43.3575210571289,-8.84418869018555,"Male"
"6018403",371836,2025-06-12 16:50:41,43.3575706481934,-8.84408283233643,"Male"
"6018403",371836,2025-06-12 16:55:37,43.3575897216797,-8.84410858154297,"Male"
"6018403",371836,2025-06-12 17:00:39,43.3575820922852,-8.84417819976807,"Male"
"6018403",371836,2025-06-12 17:05:39,43.3575706481934,-8.84397983551025,"Male"
"6018403",371836,2025-06-12 17:10:39,43.3575553894043,-8.84410285949707,"Male"
"6018403",371836,2025-06-12 17:15:39,43.3576202392578,-8.84429454803467,"Male"
"6018403",371836,2025-06-12 17:21:05,43.3575668334961,-8.84410190582275,"Male"
"6018403",371836,2025-06-12 17:25:31,43.3575210571289,-8.84405994415283,"Male"
"6018403",371836,2025-06-12 17:30:33,43.3576202392578,-8.84423446655273,"Male"
"6018403",371836,2025-06-12 17:35:44,43.3575820922852,-8.84409713745117,"Male"
"6018403",371836,2025-06-12 17:40:30,43.3574752807617,-8.84398651123047,"Male"
"6018403",371836,2025-06-12 17:46:53,43.3575668334961,-8.84405326843262,"Male"
"6018403",371836,2025-06-12 17:51:53,43.357593536377,-8.84408950805664,"Male"
"6018403",371836,2025-06-12 17:56:53,43.3575553894043,-8.84402942657471,"Male"
"6018403",371836,2025-06-12 18:01:05,43.3575820922852,-8.84408092498779,"Male"
"6018403",371836,2025-06-12 18:05:29,43.3576965332031,-8.84430313110352,"Male"
"6018403",371836,2025-06-12 18:10:29,43.3576469421387,-8.84425163269043,"Male"
"6018403",371836,2025-06-12 18:15:29,43.3576011657715,-8.84414196014404,"Male"
"6018403",371836,2025-06-12 18:21:14,43.357593536377,-8.84414005279541,"Male"
"6018403",371836,2025-06-12 18:25:31,43.3576164245605,-8.84417915344238,"Male"
"6018403",371836,2025-06-12 18:30:31,43.3576927185059,-8.84425640106201,"Male"
"6018403",371836,2025-06-12 18:35:30,43.3574256896973,-8.84401798248291,"Male"
"6018403",371836,2025-06-12 18:40:31,43.3575096130371,-8.84400749206543,"Male"
"6018403",371836,2025-06-12 18:45:36,43.3577156066895,-8.84431838989258,"Male"
"6018403",371836,2025-06-12 18:50:36,43.3577041625977,-8.8442211151123,"Male"
"6018403",371836,2025-06-12 18:55:37,43.3577079772949,-8.84439563751221,"Male"
"6018403",371836,2025-06-12 19:00:32,43.3578414916992,-8.8445405960083,"Male"
"6018403",371836,2025-06-12 19:05:30,43.3577041625977,-8.84435749053955,"Male"
"6018403",371836,2025-06-12 19:10:31,43.357666015625,-8.84428024291992,"Male"
"6018403",371836,2025-06-12 19:15:37,43.3576965332031,-8.84429264068604,"Male"
"6018403",371836,2025-06-12 19:20:30,43.3639297485352,-8.84954643249512,"Male"
"6018403",371836,2025-06-12 19:25:30,43.3576507568359,-8.84419250488281,"Male"
"6018403",371836,2025-06-12 19:30:34,43.3576469421387,-8.8442554473877,"Male"
"6018403",371836,2025-06-12 19:35:33,43.3576469421387,-8.84428691864014,"Male"
"6018403",371836,2025-06-12 19:40:34,43.3576927185059,-8.8443717956543,"Male"
"6018403",371836,2025-06-12 19:46:05,43.3576393127441,-8.84425449371338,"Male"
"6018403",371836,2025-06-12 19:50:30,43.3576469421387,-8.84436416625977,"Male"
"6018403",371836,2025-06-12 19:55:30,43.357593536377,-8.84426975250244,"Male"
"6018403",371836,2025-06-12 20:00:36,43.3575477600098,-8.84420013427734,"Male"
"6018403",371836,2025-06-12 20:05:30,43.3576126098633,-8.84417533874512,"Male"
"6018403",371836,2025-06-12 20:10:39,43.3575897216797,-8.84420108795166,"Male"
"6018403",371836,2025-06-12 20:15:31,43.3574905395508,-8.84402656555176,"Male"
"6018403",371836,2025-06-12 20:20:38,43.3575973510742,-8.84422779083252,"Male"
"6018403",371836,2025-06-12 20:25:32,43.357593536377,-8.84417819976807,"Male"
"6018403",371836,2025-06-12 20:30:39,43.3575592041016,-8.84414577484131,"Male"
"6018403",371836,2025-06-12 20:35:34,43.3575668334961,-8.84417247772217,"Male"
"6018403",371836,2025-06-12 20:40:37,43.357551574707,-8.84413433074951,"Male"
"6018403",371836,2025-06-12 20:45:39,43.3575172424316,-8.84405899047852,"Male"
"6018403",371836,2025-06-12 20:50:44,43.357536315918,-8.84405899047852,"Male"
"6018403",371836,2025-06-12 20:55:44,43.3575286865234,-8.84402561187744,"Male"
"6018403",371836,2025-06-12 21:00:33,43.3575782775879,-8.84415626525879,"Male"
"6018403",371836,2025-06-12 21:05:38,43.3577537536621,-8.84423923492432,"Male"
"6018403",371836,2025-06-12 21:10:39,43.3569374084473,-8.84300231933594,"Male"
"6018403",371836,2025-06-12 21:15:44,43.3576622009277,-8.84419822692871,"Male"
"6018403",371836,2025-06-12 21:20:34,43.3575439453125,-8.84397411346436,"Male"
"6018403",371836,2025-06-12 21:25:30,43.3576431274414,-8.8442211151123,"Male"
"6018403",371836,2025-06-12 21:30:34,43.3579978942871,-8.84438800811768,"Male"
"6018403",371836,2025-06-12 21:35:38,43.3577270507812,-8.84429740905762,"Male"
"6018403",371836,2025-06-12 21:40:33,43.357479095459,-8.84408664703369,"Male"
"6018403",371836,2025-06-12 21:45:45,43.3570747375488,-8.84396171569824,"Male"
"6018403",371836,2025-06-12 21:50:39,43.3576316833496,-8.84417247772217,"Male"
"6018403",371836,2025-06-12 21:55:39,43.3575630187988,-8.84407615661621,"Male"
"6018403",371836,2025-06-12 22:00:44,43.3576011657715,-8.8441047668457,"Male"
"6018403",371836,2025-06-12 22:05:33,43.3578147888184,-8.84447383880615,"Male"
"6018403",371836,2025-06-12 22:10:30,43.3577041625977,-8.84426498413086,"Male"
"6018403",371836,2025-06-12 22:15:32,43.3576889038086,-8.84439373016357,"Male"
"6018403",371836,2025-06-12 22:20:34,43.357723236084,-8.84417533874512,"Male"
"6018403",371836,2025-06-12 22:25:39,43.3577194213867,-8.84405040740967,"Male"
"6018403",371836,2025-06-12 22:30:39,43.3576698303223,-8.84409236907959,"Male"
"6018403",371836,2025-06-12 22:35:39,43.3576393127441,-8.84414863586426,"Male"
"6018403",371836,2025-06-12 22:40:39,43.3576049804688,-8.84406089782715,"Male"
"6018403",371836,2025-06-12 22:46:05,43.3575897216797,-8.84412288665771,"Male"
"6018403",371836,2025-06-12 22:50:30,43.3575668334961,-8.8440465927124,"Male"
"6018403",371836,2025-06-12 22:55:31,43.3574829101562,-8.84403514862061,"Male"
"6018403",371836,2025-06-12 23:00:31,43.3575248718262,-8.84421062469482,"Male"
"6018403",371836,2025-06-12 23:05:29,43.3576354980469,-8.84411144256592,"Male"
"6018403",371836,2025-06-12 23:10:29,43.3575859069824,-8.84417819976807,"Male"
"6018403",371836,2025-06-12 23:15:30,43.3575668334961,-8.84419250488281,"Male"
"6018403",371836,2025-06-12 23:20:30,43.3575782775879,-8.84420394897461,"Male"
"6018403",371836,2025-06-12 23:25:29,43.357608795166,-8.84418106079102,"Male"
"6018403",371836,2025-06-12 23:30:29,43.3575210571289,-8.84425258636475,"Male"
"6018403",371836,2025-06-12 23:35:29,43.3575134277344,-8.84428405761719,"Male"
"6018403",371836,2025-06-12 23:40:29,43.3576011657715,-8.84422206878662,"Male"
"6018403",371836,2025-06-12 23:45:29,43.3576393127441,-8.84426021575928,"Male"
"6018403",371836,2025-06-12 23:50:29,43.3576622009277,-8.84421062469482,"Male"
"6018403",371836,2025-06-12 23:55:29,43.3576850891113,-8.84422302246094,"Male"
"6018403",371836,2025-06-13 00:00:29,43.357551574707,-8.84416961669922,"Male"
"6018403",371836,2025-06-13 00:05:41,43.3576126098633,-8.84426116943359,"Male"
"6018403",371836,2025-06-13 00:10:30,43.3575592041016,-8.84418392181396,"Male"
"6018403",371836,2025-06-13 00:15:29,43.357593536377,-8.84424591064453,"Male"
"6018403",371836,2025-06-13 00:20:31,43.3576202392578,-8.84419727325439,"Male"
"6018403",371836,2025-06-13 00:25:29,43.3575897216797,-8.84423160552979,"Male"
"6018403",371836,2025-06-13 00:30:29,43.3575744628906,-8.84419727325439,"Male"
"6018403",371836,2025-06-13 00:35:31,43.3575553894043,-8.84415626525879,"Male"
"6018403",371836,2025-06-13 00:40:31,43.3575286865234,-8.84413814544678,"Male"
"6018403",371836,2025-06-13 00:45:32,43.3575897216797,-8.84424114227295,"Male"
"6018403",371836,2025-06-13 00:50:36,43.357593536377,-8.84425640106201,"Male"
"6018403",371836,2025-06-13 00:55:34,43.3574981689453,-8.84421348571777,"Male"
"6018403",371836,2025-06-13 01:00:42,43.357494354248,-8.84414482116699,"Male"
"6018403",371836,2025-06-13 01:05:31,43.3575630187988,-8.8442440032959,"Male"
"6018403",371836,2025-06-13 01:10:30,43.3577461242676,-8.84437942504883,"Male"
"6018403",371836,2025-06-13 01:15:31,43.357666015625,-8.8443431854248,"Male"
"6018403",371836,2025-06-13 01:20:32,43.3579483032227,-8.84454822540283,"Male"
"6018403",371836,2025-06-13 01:25:44,43.3575210571289,-8.84420585632324,"Male"
"6018403",371836,2025-06-13 01:30:31,43.3575325012207,-8.84418869018555,"Male"
"6018403",371836,2025-06-13 01:35:31,43.357494354248,-8.844162940979,"Male"
"6018403",371836,2025-06-13 01:40:34,43.3576354980469,-8.84404850006104,"Male"
"6018403",371836,2025-06-13 01:46:14,43.357551574707,-8.8442211151123,"Male"
"6018403",371836,2025-06-13 01:50:44,43.3578186035156,-8.84408664703369,"Male"
"6018403",371836,2025-06-13 01:55:36,43.357551574707,-8.84422874450684,"Male"
"6018403",371836,2025-06-13 02:00:36,43.3575706481934,-8.84409713745117,"Male"
"6018403",371836,2025-06-13 02:05:39,43.3577537536621,-8.84404945373535,"Male"
"6018403",371836,2025-06-13 02:10:39,43.3576431274414,-8.84409427642822,"Male"
"6018403",371836,2025-06-13 02:15:32,43.3576927185059,-8.84389019012451,"Male"
"6018403",371836,2025-06-13 02:20:36,43.3575592041016,-8.84414768218994,"Male"
"6018403",371836,2025-06-13 02:25:32,43.3575325012207,-8.84436988830566,"Male"
"6018403",371836,2025-06-13 02:30:43,43.3576240539551,-8.84411716461182,"Male"
"6018403",371836,2025-06-13 02:35:29,43.3573875427246,-8.84393978118896,"Male"
"6018403",371836,2025-06-13 02:40:29,43.3570289611816,-8.84364986419678,"Male"
"6018403",371836,2025-06-13 02:45:29,43.357349395752,-8.84394264221191,"Male"
"6018403",371836,2025-06-13 02:50:29,43.357536315918,-8.84402084350586,"Male"
"6018403",371836,2025-06-13 02:55:32,43.3575820922852,-8.84402942657471,"Male"
"6018403",371836,2025-06-13 03:00:30,43.3576850891113,-8.84398078918457,"Male"
"6018403",371836,2025-06-13 03:05:33,43.3576736450195,-8.84403514862061,"Male"
"6018403",371836,2025-06-13 03:10:31,43.3576927185059,-8.84395217895508,"Male"
"6018403",371836,2025-06-13 03:15:45,43.3577346801758,-8.8441047668457,"Male"
"6018403",371836,2025-06-13 03:20:33,43.3579635620117,-8.84424686431885,"Male"
"6018403",371836,2025-06-13 03:25:44,43.3576507568359,-8.84406185150146,"Male"
"6018403",371836,2025-06-13 03:30:31,43.3575897216797,-8.84396457672119,"Male"
"6018403",371836,2025-06-13 03:35:33,43.3579216003418,-8.84403228759766,"Male"
"6018403",371836,2025-06-13 03:40:32,43.358283996582,-8.84446239471436,"Male"
"6018403",371836,2025-06-13 03:46:05,43.3576469421387,-8.84418964385986,"Male"
"6018403",371836,2025-06-13 03:50:29,43.3575706481934,-8.8441276550293,"Male"
"6018403",371836,2025-06-13 03:55:29,43.357536315918,-8.84412574768066,"Male"
"6018403",371836,2025-06-13 04:00:31,43.3575057983398,-8.84408855438232,"Male"
"6018403",371836,2025-06-13 04:05:35,43.3577995300293,-8.84422492980957,"Male"
"6018403",371836,2025-06-13 04:10:30,43.3576698303223,-8.84425354003906,"Male"
"6018403",371836,2025-06-13 04:15:34,43.357608795166,-8.84418392181396,"Male"
"6018403",371836,2025-06-13 04:20:30,43.3578033447266,-8.84436798095703,"Male"
"6018403",371836,2025-06-13 04:25:39,43.3575477600098,-8.8441743850708,"Male"
"6018403",371836,2025-06-13 04:30:33,43.3575668334961,-8.84425067901611,"Male"
"6018403",371836,2025-06-13 04:35:39,43.3575439453125,-8.8441162109375,"Male"
"6018403",371836,2025-06-13 04:40:30,43.3532485961914,-8.84731864929199,"Male"
"6018403",371836,2025-06-13 04:45:31,43.3223304748535,-8.856689453125,"Male"
"6018403",371836,2025-06-13 04:50:32,43.3142013549805,-8.85710430145264,"Male"
"6018403",371836,2025-06-13 04:55:33,43.314208984375,-8.85710144042969,"Male"
"6018403",371836,2025-06-13 05:00:34,43.3141059875488,-8.85713577270508,"Male"
"6018403",371836,2025-06-13 05:05:30,43.3141937255859,-8.85669898986816,"Male"
"6018403",371836,2025-06-13 05:10:31,43.3364639282227,-8.88417148590088,"Male"
"6018403",371836,2025-06-13 05:15:30,43.350830078125,-8.92713642120361,"Male"
"6018403",371836,2025-06-13 05:20:30,43.3679161071777,-8.97014808654785,"Male"
"6018403",371836,2025-06-13 05:25:32,43.3845558166504,-8.97647762298584,"Male"
"6018403",371836,2025-06-13 05:30:32,43.3817253112793,-8.98362922668457,"Male"
"6018403",371836,2025-06-13 05:35:32,43.3778114318848,-8.994704246521,"Male"
"6018403",371836,2025-06-13 05:40:37,43.3766441345215,-8.99867153167725,"Male"
"6018403",371836,2025-06-13 05:45:34,43.3744583129883,-9.00393676757812,"Male"
"6018403",371836,2025-06-13 05:50:30,43.3748168945312,-9.00482845306396,"Male"
"6018403",371836,2025-06-13 05:55:34,43.3697700500488,-9.01669883728027,"Male"
"6018403",371836,2025-06-13 06:00:39,43.3679084777832,-9.02269077301025,"Male"
"6018403",371836,2025-06-13 06:05:39,43.366527557373,-9.02885150909424,"Male"
"6018403",371836,2025-06-13 06:10:52,43.3652153015137,-9.03241634368896,"Male"
"6018403",371836,2025-06-13 06:15:42,43.3656196594238,-9.03289985656738,"Male"
"6018403",371836,2025-06-13 06:20:40,43.3599853515625,-9.04228687286377,"Male"
"6018403",371836,2025-06-13 06:25:38,43.3577270507812,-9.04641151428223,"Male"
"6018403",371836,2025-06-13 06:30:41,43.3514518737793,-9.05393600463867,"Male"
"6018403",371836,2025-06-13 06:35:40,43.3522872924805,-9.05462741851807,"Male"
"6018403",371836,2025-06-13 06:40:39,43.3525886535645,-9.05483150482178,"Male"
"6018403",371836,2025-06-13 06:45:40,43.3520889282227,-9.05444145202637,"Male"
"6018403",371836,2025-06-13 06:50:32,43.3520317077637,-9.04724407196045,"Male"
"6018403",371836,2025-06-13 06:55:39,43.3520431518555,-9.00456237792969,"Male"
"6018403",371836,2025-06-13 07:00:32,43.3418045043945,-8.96806812286377,"Male"
"6018403",371836,2025-06-13 07:05:30,43.3249626159668,-8.93535137176514,"Male"
"6018403",371836,2025-06-13 07:10:31,43.3259468078613,-8.89797973632812,"Male"
"6018403",371836,2025-06-13 07:16:05,43.3166809082031,-8.86089324951172,"Male"
"6018403",371836,2025-06-13 07:20:49,43.3139877319336,-8.85695171356201,"Male"
"6018403",371836,2025-06-13 07:25:32,43.3143692016602,-8.85724544525146,"Male"
"6018403",371836,2025-06-13 07:30:39,43.3142242431641,-8.8568811416626,"Male"
"6018403",371836,2025-06-13 07:35:39,43.3143043518066,-8.8568868637085,"Male"
"6018403",371836,2025-06-13 07:40:39,43.3142547607422,-8.85690593719482,"Male"
"6018403",371836,2025-06-13 07:45:43,43.3143615722656,-8.85685443878174,"Male"
"6018403",371836,2025-06-13 07:50:36,43.3143920898438,-8.85683631896973,"Male"
"6018403",371836,2025-06-13 07:55:31,43.3144760131836,-8.85709095001221,"Male"
"6018403",371836,2025-06-13 08:00:44,43.3143119812012,-8.85686874389648,"Male"
"6018403",371836,2025-06-13 08:05:32,43.3144760131836,-8.85703277587891,"Male"
"6018403",371836,2025-06-13 08:10:33,43.3142433166504,-8.85693073272705,"Male"
"6018403",371836,2025-06-13 08:15:40,43.3143043518066,-8.85676383972168,"Male"
"6018403",371836,2025-06-13 08:20:40,43.314079284668,-8.85682773590088,"Male"
"6018403",371836,2025-06-13 08:25:33,43.314266204834,-8.85694122314453,"Male"
"6018403",371836,2025-06-13 08:30:33,43.3143577575684,-8.85729122161865,"Male"
"6018403",371836,2025-06-13 08:35:31,43.3143615722656,-8.85737609863281,"Male"
"6018403",371836,2025-06-13 08:40:37,43.3142051696777,-8.85692596435547,"Male"
"6018403",371836,2025-06-13 08:45:44,43.3142318725586,-8.8567008972168,"Male"
"6018403",371836,2025-06-13 08:50:41,43.3144264221191,-8.85688400268555,"Male"
"6018403",371836,2025-06-13 08:55:39,43.3164482116699,-8.8603458404541,"Male"
"6018403",371836,2025-06-13 09:00:32,43.336254119873,-8.85436153411865,"Male"
"6018403",371836,2025-06-13 09:05:44,43.3579139709473,-8.84617710113525,"Male"
"6018403",371836,2025-06-13 09:10:37,43.3576507568359,-8.84419822692871,"Male"
"6018403",371836,2025-06-13 09:15:39,43.3576431274414,-8.84368896484375,"Male"
"6018403",371836,2025-06-13 09:20:37,43.3577041625977,-8.84424018859863,"Male"
"6018403",371836,2025-06-13 09:25:39,43.3577766418457,-8.84448623657227,"Male"
"6018403",371836,2025-06-13 09:30:39,43.3578071594238,-8.84468841552734,"Male"
"6018403",371836,2025-06-13 09:35:39,43.3578567504883,-8.8447380065918,"Male"
"6018403",371836,2025-06-13 09:40:41,43.357837677002,-8.84456348419189,"Male"
"6018403",371836,2025-06-13 09:45:39,43.3578872680664,-8.84466075897217,"Male"
"6018403",371836,2025-06-13 09:50:39,43.3578872680664,-8.84463787078857,"Male"
"6018403",371836,2025-06-13 09:55:38,43.3581848144531,-8.84549617767334,"Male"
"6018403",371836,2025-06-13 10:00:38,43.3580780029297,-8.84499740600586,"Male"
"6018403",371836,2025-06-13 10:05:38,43.3581657409668,-8.84515285491943,"Male"
"6018403",371836,2025-06-13 10:10:39,43.3584213256836,-8.84577655792236,"Male"
"6018403",371836,2025-06-13 10:15:42,43.3580894470215,-8.84473037719727,"Male"
"6018403",371836,2025-06-13 10:20:45,43.3581657409668,-8.84508228302002,"Male"
"6018403",371836,2025-06-13 10:25:43,43.358283996582,-8.84549140930176,"Male"
"6018403",371836,2025-06-13 10:30:46,43.3578453063965,-8.84400844573975,"Male"
"6018403",371836,2025-06-13 10:35:44,43.3576278686523,-8.84350872039795,"Male"
"6018403",371836,2025-06-13 10:40:39,43.3576736450195,-8.84322547912598,"Male"
"6018403",371836,2025-06-13 10:45:39,43.3576965332031,-8.84375476837158,"Male"
"6018403",371836,2025-06-13 10:50:43,43.3576850891113,-8.84261989593506,"Male"
"6018403",371836,2025-06-13 10:55:43,43.3575630187988,-8.84473133087158,"Male"
"6018403",371836,2025-06-13 11:00:44,43.3579559326172,-8.84511089324951,"Male"
"6018403",371836,2025-06-13 11:05:30,43.3576278686523,-8.84343147277832,"Male"
"6018403",371836,2025-06-13 11:10:44,43.357479095459,-8.8441858291626,"Male"
"6018403",371836,2025-06-13 11:15:31,43.3577537536621,-8.84418678283691,"Male"
"6018403",371836,2025-06-13 11:20:30,43.3573265075684,-8.84432506561279,"Male"
"6018403",371836,2025-06-13 11:25:33,43.3573379516602,-8.84438419342041,"Male"
"6018403",371836,2025-06-13 11:30:38,43.3575172424316,-8.84420490264893,"Male"
"6018403",371836,2025-06-13 11:35:32,43.3576126098633,-8.84428596496582,"Male"
"6018403",371836,2025-06-13 11:40:38,43.357479095459,-8.84424114227295,"Male"
"6018403",371836,2025-06-13 11:46:05,43.3577156066895,-8.84433841705322,"Male"
"6018403",371836,2025-06-13 11:50:29,43.3576850891113,-8.84442234039307,"Male"
"6018403",371836,2025-06-13 11:55:39,43.3577537536621,-8.84423160552979,"Male"
"6018403",371836,2025-06-13 12:00:44,43.3577117919922,-8.84419822692871,"Male"
"6018403",371836,2025-06-13 12:05:44,43.3575706481934,-8.84420585632324,"Male"
"6018403",371836,2025-06-13 12:10:29,43.357593536377,-8.84406089782715,"Male"
"6018403",371836,2025-06-13 12:15:30,43.3575782775879,-8.8439769744873,"Male"
"6018403",371836,2025-06-13 12:20:32,43.3574600219727,-8.84409332275391,"Male"
"6018403",371836,2025-06-13 12:25:31,43.3577651977539,-8.84465217590332,"Male"
"6018403",371836,2025-06-13 12:30:33,43.3576469421387,-8.84405422210693,"Male"
"6018403",371836,2025-06-13 12:35:31,43.3576583862305,-8.84415912628174,"Male"
"6018403",371836,2025-06-13 12:40:31,43.3576545715332,-8.84413146972656,"Male"
"6018403",371836,2025-06-13 12:45:30,43.3576507568359,-8.84412097930908,"Male"
"6018403",371836,2025-06-13 12:50:38,43.3575782775879,-8.8440465927124,"Male"
"6018403",371836,2025-06-13 12:55:32,43.3577041625977,-8.84420204162598,"Male"
"6018403",371836,2025-06-13 13:00:31,43.3577194213867,-8.84421730041504,"Male"
"6018403",371836,2025-06-13 13:05:33,43.3575592041016,-8.84428215026855,"Male"
"6018403",371836,2025-06-13 13:10:29,43.3576011657715,-8.84413814544678,"Male"
"6018403",371836,2025-06-13 13:15:38,43.3576126098633,-8.84399318695068,"Male"
"6018403",371836,2025-06-13 13:20:33,43.3576393127441,-8.84419727325439,"Male"
"6018403",371836,2025-06-13 13:25:44,43.3576812744141,-8.84400177001953,"Male"
"6018403",371836,2025-06-13 13:30:34,43.3576240539551,-8.84403610229492,"Male"
"6018403",371836,2025-06-13 13:35:33,43.3567314147949,-8.84531402587891,"Male"
"6018403",371836,2025-06-13 13:40:33,43.3656158447266,-8.85184001922607,"Male"
"6018403",371836,2025-06-13 13:46:53,43.3818702697754,-8.89002418518066,"Male"
"6018403",371836,2025-06-13 13:51:53,43.3790473937988,-8.92143630981445,"Male"
"6018403",371836,2025-06-13 13:55:34,43.3798027038574,-8.94644737243652,"Male"
"6018403",371836,2025-06-13 14:00:29,43.3786773681641,-8.9796257019043,"Male"
"6018403",371836,2025-06-13 14:05:29,43.3739471435547,-9.00235176086426,"Male"
"6018403",371836,2025-06-13 14:10:32,43.3688774108887,-9.02441692352295,"Male"
"6018403",371836,2025-06-13 14:15:31,43.3839645385742,-9.04356288909912,"Male"
"6018403",371836,2025-06-13 14:20:33,43.3982315063477,-9.06443405151367,"Male"
"6018403",371836,2025-06-13 14:26:30,43.419075012207,-9.09130001068115,"Male"
"6018403",371836,2025-06-13 14:30:29,43.4392738342285,-9.10113525390625,"Male"
"6018403",371836,2025-06-13 14:35:29,43.4602127075195,-9.11989116668701,"Male"
"6018403",371836,2025-06-13 14:40:30,43.486328125,-9.12545299530029,"Male"
"6018403",371836,2025-06-13 14:45:30,43.5152244567871,-9.12713527679443,"Male"
"6018403",371836,2025-06-13 14:50:29,43.5320930480957,-9.12711906433105,"Male"
"6018403",371836,2025-06-13 14:55:30,43.5352363586426,-9.12705612182617,"Male"
"6018403",371836,2025-06-13 15:00:30,43.5359764099121,-9.12742805480957,"Male"
"6018403",371836,2025-06-13 15:05:29,43.5279388427734,-9.12833976745605,"Male"
"6018403",371836,2025-06-13 15:10:32,43.5194435119629,-9.12016677856445,"Male"
"6018403",371836,2025-06-13 15:15:31,43.5194816589355,-9.12013244628906,"Male"
"6018403",371836,2025-06-13 15:20:35,43.5198249816895,-9.1203441619873,"Male"
"6018403",371836,2025-06-13 15:25:33,43.5202026367188,-9.12042903900146,"Male"
"6018403",371836,2025-06-13 15:30:30,43.5205268859863,-9.12052440643311,"Male"
"6018403",371836,2025-06-13 15:35:30,43.5209541320801,-9.12094116210938,"Male"
"6018403",371836,2025-06-13 15:40:32,43.5216407775879,-9.1211462020874,"Male"
"6018403",371836,2025-06-13 15:45:36,43.5223197937012,-9.12189483642578,"Male"
"6018403",371836,2025-06-13 15:50:31,43.5228996276855,-9.12192916870117,"Male"
"6018403",371836,2025-06-13 15:55:31,43.5236015319824,-9.12199115753174,"Male"
"6018403",371836,2025-06-13 16:00:33,43.5242156982422,-9.1220874786377,"Male"
"6018403",371836,2025-06-13 16:05:32,43.525016784668,-9.12228775024414,"Male"
"6018403",371836,2025-06-13 16:10:35,43.5258293151855,-9.12261867523193,"Male"
"6018403",371836,2025-06-13 16:16:53,43.5265769958496,-9.12222290039062,"Male"
"6018403",371836,2025-06-13 16:20:33,43.5270385742188,-9.12201118469238,"Male"
"6018403",371836,2025-06-13 16:25:34,43.5274620056152,-9.1215353012085,"Male"
"6018403",371836,2025-06-13 16:30:33,43.5280647277832,-9.12116527557373,"Male"
"6018403",371836,2025-06-13 16:35:33,43.5309371948242,-9.12406539916992,"Male"
"6018403",371836,2025-06-13 16:40:33,43.5317268371582,-9.12396430969238,"Male"
"6018403",371836,2025-06-13 16:46:20,43.5325927734375,-9.1239128112793,"Male"
"6018403",371836,2025-06-13 16:50:38,43.5334396362305,-9.12403678894043,"Male"
"6018403",371836,2025-06-13 16:55:38,43.5345916748047,-9.12417697906494,"Male"
"6018403",371836,2025-06-13 17:01:53,43.538158416748,-9.11522579193115,"Male"
"6018403",371836,2025-06-13 17:06:53,43.5210914611816,-9.09912014007568,"Male"
"6018403",371836,2025-06-13 17:11:11,43.5079383850098,-9.0728874206543,"Male"
"6018403",371836,2025-06-13 17:15:30,43.5102157592773,-9.04049301147461,"Male"
"6018403",371836,2025-06-13 17:20:34,43.4983978271484,-9.03863048553467,"Male"
"6018403",371836,2025-06-13 17:25:30,43.476936340332,-9.0256872177124,"Male"
"6018403",371836,2025-06-13 17:30:33,43.4625205993652,-8.99113464355469,"Male"
"6018403",371836,2025-06-13 17:35:29,43.4420890808105,-8.96365451812744,"Male"
"6018403",371836,2025-06-13 17:40:32,43.4259300231934,-8.94657135009766,"Male"
"6018403",371836,2025-06-13 17:45:38,43.4035682678223,-8.91551113128662,"Male"
"6018403",371836,2025-06-13 17:50:31,43.3861045837402,-8.87835788726807,"Male"
"6018403",371836,2025-06-13 17:55:33,43.3637847900391,-8.84971141815186,"Male"
"6018403",371836,2025-06-13 18:00:45,43.3575477600098,-8.84428215026855,"Male"
"6018403",371836,2025-06-13 18:05:40,43.3576164245605,-8.84450721740723,"Male"
"6018403",371836,2025-06-13 18:10:32,43.3576240539551,-8.84421348571777,"Male"
"6018403",371836,2025-06-13 18:15:39,43.3575706481934,-8.8445348739624,"Male"
"6018403",371836,2025-06-13 18:20:34,43.3576011657715,-8.844482421875,"Male"
"6018403",371836,2025-06-13 18:25:32,43.357551574707,-8.84448623657227,"Male"
"6018403",371836,2025-06-13 18:30:36,43.3576278686523,-8.84437561035156,"Male"
"6018403",371836,2025-06-13 18:35:40,43.3576583862305,-8.8444299697876,"Male"
"6018403",371836,2025-06-13 18:40:34,43.3576278686523,-8.84431743621826,"Male"
"6018403",371836,2025-06-13 18:45:31,43.357292175293,-8.84451293945312,"Male"
"6018403",371836,2025-06-13 18:51:04,43.3576164245605,-8.84417629241943,"Male"
"6018403",371836,2025-06-13 18:55:31,43.3576431274414,-8.84418106079102,"Male"
"6018403",371836,2025-06-13 19:00:31,43.3577003479004,-8.84416198730469,"Male"
"6018403",371836,2025-06-13 19:05:31,43.3575859069824,-8.84421253204346,"Male"
"6018403",371836,2025-06-13 19:10:36,43.3576393127441,-8.84408378601074,"Male"
"6018403",371836,2025-06-13 19:15:32,43.3579635620117,-8.84423542022705,"Male"
"6018403",371836,2025-06-13 19:20:39,43.3575019836426,-8.84428405761719,"Male"
"6018403",371836,2025-06-13 19:25:34,43.3574447631836,-8.8442497253418,"Male"
"6018403",371836,2025-06-13 19:30:39,43.3574905395508,-8.84428215026855,"Male"
"6018403",371836,2025-06-13 19:35:38,43.3575172424316,-8.84423542022705,"Male"
"6018403",371836,2025-06-13 19:40:34,43.3575401306152,-8.8442440032959,"Male"
"6018403",371836,2025-06-13 19:45:34,43.3574752807617,-8.84422492980957,"Male"
"6018403",371836,2025-06-13 19:50:37,43.3574676513672,-8.84400749206543,"Male"
"6018403",371836,2025-06-13 19:55:31,43.3577919006348,-8.84460639953613,"Male"
"6018403",371836,2025-06-13 20:00:37,43.3576164245605,-8.84426403045654,"Male"
"6018403",371836,2025-06-13 20:05:30,43.357608795166,-8.84426116943359,"Male"
"6018403",371836,2025-06-13 20:10:37,43.3575325012207,-8.84426975250244,"Male"
"6018403",371836,2025-06-13 20:15:41,43.3574829101562,-8.84420967102051,"Male"
"6018403",371836,2025-06-13 20:20:34,43.3576316833496,-8.84417343139648,"Male"
"6018403",371836,2025-06-13 20:25:32,43.3573799133301,-8.84373092651367,"Male"
"6018403",371836,2025-06-13 20:30:39,43.3575744628906,-8.84420013427734,"Male"
"6018403",371836,2025-06-13 20:35:39,43.3573913574219,-8.84345054626465,"Male"
"6018403",371836,2025-06-13 20:40:39,43.3575820922852,-8.8442325592041,"Male"
"6018403",371836,2025-06-13 20:46:05,43.3575820922852,-8.84420204162598,"Male"
"6018403",371836,2025-06-13 20:50:31,43.3576049804688,-8.84418106079102,"Male"
"6018403",371836,2025-06-13 20:55:31,43.3575172424316,-8.84417724609375,"Male"
"6018403",371836,2025-06-13 21:00:30,43.3575477600098,-8.84419345855713,"Male"
"6018403",371836,2025-06-13 21:05:30,43.3575744628906,-8.84418487548828,"Male"
"6018403",371836,2025-06-13 21:10:29,43.3575172424316,-8.84411334991455,"Male"
"6018403",371836,2025-06-13 21:15:29,43.3575401306152,-8.8441858291626,"Male"
"6018403",371836,2025-06-13 21:20:32,43.357494354248,-8.84418869018555,"Male"
"6018403",371836,2025-06-13 21:25:31,43.3573760986328,-8.84413528442383,"Male"
"6018403",371836,2025-06-13 21:30:31,43.357593536377,-8.84420394897461,"Male"
"6018403",371836,2025-06-13 21:35:33,43.3575019836426,-8.8441276550293,"Male"
"6018403",371836,2025-06-13 21:40:38,43.3576469421387,-8.84431171417236,"Male"
"6018403",371836,2025-06-13 21:45:32,43.3575859069824,-8.84429264068604,"Male"
"6018403",371836,2025-06-13 21:50:34,43.357608795166,-8.84414100646973,"Male"
"6018403",371836,2025-06-13 21:55:32,43.3573379516602,-8.84379196166992,"Male"
"6018403",371836,2025-06-13 22:00:38,43.3576240539551,-8.8441047668457,"Male"
"6018403",371836,2025-06-13 22:05:33,43.3576850891113,-8.84445476531982,"Male"
"6018403",371836,2025-06-13 22:10:32,43.3574638366699,-8.84389591217041,"Male"
"6018403",371836,2025-06-13 22:15:45,43.3576049804688,-8.84415054321289,"Male"
"6018403",371836,2025-06-13 22:20:30,43.3575973510742,-8.84418106079102,"Male"
"6018403",371836,2025-06-13 22:25:48,43.3576049804688,-8.84411907196045,"Male"
"6018403",371836,2025-06-13 22:30:29,43.3575973510742,-8.84400177001953,"Male"
"6018403",371836,2025-06-13 22:35:36,43.3576049804688,-8.84414100646973,"Male"
"6018403",371836,2025-06-13 22:40:30,43.357608795166,-8.84419059753418,"Male"
"6018403",371836,2025-06-13 22:45:44,43.357551574707,-8.84406852722168,"Male"
"6018403",371836,2025-06-13 22:50:33,43.3575134277344,-8.84430885314941,"Male"
"6018403",371836,2025-06-13 22:55:30,43.3576126098633,-8.84419536590576,"Male"
"6018403",371836,2025-06-13 23:00:30,43.3575744628906,-8.84406089782715,"Male"
"6018403",371836,2025-06-13 23:05:34,43.3576354980469,-8.84420871734619,"Male"
"6018403",371836,2025-06-13 23:10:31,43.357593536377,-8.84398174285889,"Male"
"6018403",371836,2025-06-13 23:15:44,43.3576393127441,-8.84412956237793,"Male"
"6018403",371836,2025-06-13 23:20:30,43.357666015625,-8.84455013275146,"Male"
"6018403",371836,2025-06-13 23:25:32,43.3576354980469,-8.84424686431885,"Male"
"6018403",371836,2025-06-13 23:30:33,43.3576354980469,-8.84452438354492,"Male"
"6018403",371836,2025-06-13 23:35:39,43.357723236084,-8.84413528442383,"Male"
"6018403",371836,2025-06-13 23:40:50,43.3578758239746,-8.84446334838867,"Male"
"6018403",371836,2025-06-13 23:46:03,43.3575248718262,-8.84415435791016,"Male"
"6018403",371836,2025-06-13 23:50:29,43.3575439453125,-8.84421539306641,"Male"
"6018403",371836,2025-06-13 23:55:30,43.3575706481934,-8.84418964385986,"Male"
"6018403",371836,2025-06-14 00:00:29,43.3575973510742,-8.84418678283691,"Male"
"6018403",371836,2025-06-14 00:05:29,43.3575706481934,-8.84420108795166,"Male"
"6018403",371836,2025-06-14 00:10:31,43.3575897216797,-8.84419441223145,"Male"
"6018403",371836,2025-06-14 00:15:29,43.357608795166,-8.84421730041504,"Male"
"6018403",371836,2025-06-14 00:20:31,43.3575668334961,-8.84418296813965,"Male"
"6018403",371836,2025-06-14 00:25:29,43.3575744628906,-8.84415054321289,"Male"
"6018403",371836,2025-06-14 00:30:32,43.3575782775879,-8.84420680999756,"Male"
"6018403",371836,2025-06-14 00:35:31,43.3576545715332,-8.84432601928711,"Male"
"6018403",371836,2025-06-14 00:40:32,43.3575592041016,-8.8441276550293,"Male"
"6018403",371836,2025-06-14 00:45:31,43.3576354980469,-8.8441686630249,"Male"
"6018403",371836,2025-06-14 00:50:40,43.3577919006348,-8.84444332122803,"Male"
"6018403",371836,2025-06-14 00:55:32,43.3575248718262,-8.8441333770752,"Male"
"6018403",371836,2025-06-14 01:00:55,43.3576889038086,-8.84426021575928,"Male"
"6018403",371836,2025-06-14 01:06:05,43.3576431274414,-8.84410285949707,"Male"
"6018403",371836,2025-06-14 01:10:29,43.357723236084,-8.84446811676025,"Male"
"6018403",371836,2025-06-14 01:15:29,43.3577194213867,-8.84443092346191,"Male"
"6018403",371836,2025-06-14 01:20:31,43.3578910827637,-8.84445953369141,"Male"
"6018403",371836,2025-06-14 01:25:31,43.3576965332031,-8.84420299530029,"Male"
"6018403",371836,2025-06-14 01:30:31,43.3577270507812,-8.8436861038208,"Male"
"6018403",371836,2025-06-14 01:35:33,43.357723236084,-8.84335613250732,"Male"
"6018403",371836,2025-06-14 01:40:30,43.3576927185059,-8.84412097930908,"Male"
"6018403",371836,2025-06-14 01:45:39,43.3576545715332,-8.84408760070801,"Male"
"6018403",371836,2025-06-14 01:50:31,43.3576774597168,-8.84423637390137,"Male"
"6018403",371836,2025-06-14 01:55:44,43.3576507568359,-8.84412288665771,"Male"
"6018403",371836,2025-06-14 02:00:30,43.3576698303223,-8.84414196014404,"Male"
"6018403",371836,2025-06-14 02:05:33,43.3577041625977,-8.84408187866211,"Male"
"6018403",371836,2025-06-14 02:10:32,43.3576698303223,-8.84415054321289,"Male"
"6018403",371836,2025-06-14 02:15:33,43.3578033447266,-8.84417724609375,"Male"
"6018403",371836,2025-06-14 02:20:32,43.3576583862305,-8.84414005279541,"Male"
"6018403",371836,2025-06-14 02:25:33,43.3577880859375,-8.84409618377686,"Male"
"6018403",371836,2025-06-14 02:30:32,43.3578224182129,-8.84406757354736,"Male"
"6018403",371836,2025-06-14 02:35:34,43.3578453063965,-8.84416103363037,"Male"
"6018403",371836,2025-06-14 02:40:33,43.3576812744141,-8.84414100646973,"Male"
"6018403",371836,2025-06-14 02:45:44,43.3577499389648,-8.84416580200195,"Male"
"6018403",371836,2025-06-14 02:50:29,43.357723236084,-8.84417057037354,"Male"
"6018403",371836,2025-06-14 02:55:29,43.3577423095703,-8.84424495697021,"Male"
"6018403",371836,2025-06-14 03:00:29,43.3576774597168,-8.84421730041504,"Male"
"6018403",371836,2025-06-14 03:05:29,43.3577919006348,-8.84420204162598,"Male"
"6018403",371836,2025-06-14 03:10:31,43.357666015625,-8.84427833557129,"Male"
"6018403",371836,2025-06-14 03:15:31,43.3588256835938,-8.84482383728027,"Male"
"6018403",371836,2025-06-14 03:20:31,43.3578910827637,-8.84428119659424,"Male"
"6018403",371836,2025-06-14 03:25:31,43.3578720092773,-8.84427928924561,"Male"
"6018403",371836,2025-06-14 03:30:44,43.3576583862305,-8.84415149688721,"Male"
"6018403",371836,2025-06-14 03:35:33,43.3575401306152,-8.84396457672119,"Male"
"6018403",371836,2025-06-14 03:40:33,43.3577117919922,-8.84415054321289,"Male"
"6018403",371836,2025-06-14 03:45:34,43.3576698303223,-8.84424877166748,"Male"
"6018403",371836,2025-06-14 03:50:32,43.3577079772949,-8.84420394897461,"Male"
"6018403",371836,2025-06-14 03:55:32,43.3575286865234,-8.84401416778564,"Male"
"6018403",371836,2025-06-14 04:00:34,43.3576393127441,-8.84420680999756,"Male"
"6018403",371836,2025-06-14 04:05:34,43.3576431274414,-8.8441276550293,"Male"
"6018403",371836,2025-06-14 04:10:37,43.3576507568359,-8.84426498413086,"Male"
"6018403",371836,2025-06-14 04:15:45,43.3577270507812,-8.84431743621826,"Male"
"6018403",371836,2025-06-14 04:21:05,43.3576622009277,-8.84418869018555,"Male"
"6018403",371836,2025-06-14 04:25:32,43.3576812744141,-8.84416484832764,"Male"
"6018403",371836,2025-06-14 04:30:29,43.3577003479004,-8.84412670135498,"Male"
"6018403",371836,2025-06-14 04:35:29,43.3576545715332,-8.84417915344238,"Male"
"6018403",371836,2025-06-14 04:40:29,43.357738494873,-8.8442964553833,"Male"
"6018403",371836,2025-06-14 04:45:31,43.3576812744141,-8.84414100646973,"Male"
"6018403",371836,2025-06-14 04:50:38,43.3575973510742,-8.84420871734619,"Male"
"6018403",371836,2025-06-14 04:55:33,43.3576049804688,-8.84421539306641,"Male"
"6018403",371836,2025-06-14 05:00:29,43.357536315918,-8.84410858154297,"Male"
"6018403",371836,2025-06-14 05:05:37,43.3575630187988,-8.84413719177246,"Male"
"6018403",371836,2025-06-14 05:10:37,43.357593536377,-8.84425163269043,"Male"
"6018403",371836,2025-06-14 05:15:38,43.3575706481934,-8.84434127807617,"Male"
"6018403",371836,2025-06-14 05:20:32,43.357551574707,-8.84418201446533,"Male"
"6018403",371836,2025-06-14 05:25:34,43.3576011657715,-8.84424686431885,"Male"
"6018403",371836,2025-06-14 05:30:32,43.3575286865234,-8.84404277801514,"Male"
"6018403",371836,2025-06-14 05:35:29,43.3575668334961,-8.84410095214844,"Male"
"6018403",371836,2025-06-14 05:40:33,43.3576278686523,-8.84436225891113,"Male"
"6018403",371836,2025-06-14 05:45:36,43.3575859069824,-8.84408664703369,"Male"
"6018403",371836,2025-06-14 05:50:29,43.3576202392578,-8.84422874450684,"Male"
"6018403",371836,2025-06-14 05:55:29,43.3576049804688,-8.84418487548828,"Male"
"6018403",371836,2025-06-14 06:00:44,43.3576202392578,-8.84420108795166,"Male"
"6018403",371836,2025-06-14 06:05:31,43.3575706481934,-8.84412574768066,"Male"
"6018403",371836,2025-06-14 06:10:29,43.3575859069824,-8.84417629241943,"Male"
"6018403",371836,2025-06-14 06:15:31,43.3575592041016,-8.84412097930908,"Male"
"6018403",371836,2025-06-14 06:20:29,43.3575477600098,-8.84409236907959,"Male"
"6018403",371836,2025-06-14 06:25:31,43.3575630187988,-8.84410190582275,"Male"
"6018403",371836,2025-06-14 06:30:32,43.3575172424316,-8.84400272369385,"Male"
"6018403",371836,2025-06-14 06:35:42,43.3575096130371,-8.84402656555176,"Male"
"6018403",371836,2025-06-14 06:40:43,43.3574867248535,-8.84396839141846,"Male"
"6018403",371836,2025-06-14 06:46:14,43.3574867248535,-8.84388542175293,"Male"
"6018403",371836,2025-06-14 06:50:58,43.3574829101562,-8.84388637542725,"Male"
"6018403",371836,2025-06-14 06:55:30,43.357479095459,-8.84392166137695,"Male"
"6018403",371836,2025-06-14 07:00:30,43.3657302856445,-8.84946632385254,"Male"
"6018403",371836,2025-06-14 07:05:30,43.4001274108887,-8.86900615692139,"Male"
"6018403",371836,2025-06-14 07:10:31,43.4374122619629,-8.88448333740234,"Male"
"6018403",371836,2025-06-14 07:15:34,43.4743537902832,-8.8973388671875,"Male"
"6018403",371836,2025-06-14 07:20:44,43.500114440918,-8.9262580871582,"Male"
"6018403",371836,2025-06-14 07:25:44,43.5204658508301,-8.9549617767334,"Male"
"6018403",371836,2025-06-14 07:30:29,43.5402908325195,-8.98122406005859,"Male"
"6018403",371836,2025-06-14 07:35:30,43.5686798095703,-8.99968814849854,"Male"
"6018403",371836,2025-06-14 07:40:39,43.5950813293457,-9.01011753082275,"Male"
"6018403",371836,2025-06-14 07:45:46,43.6307945251465,-8.99667739868164,"Male"
"6018403",371836,2025-06-14 07:50:39,43.6446380615234,-9.01803112030029,"Male"
"6018403",371836,2025-06-14 07:55:39,43.6498336791992,-9.05166912078857,"Male"
"6018403",371836,2025-06-14 08:00:39,43.6359672546387,-9.08277320861816,"Male"
"6018403",371836,2025-06-14 08:05:44,43.6278457641602,-9.11738395690918,"Male"
"6018403",371836,2025-06-14 08:10:31,43.605110168457,-9.10289001464844,"Male"
"6018403",371836,2025-06-14 08:15:39,43.5920333862305,-9.0756311416626,"Male"
"6018403",371836,2025-06-14 08:20:30,43.5978584289551,-9.03168773651123,"Male"
"6018403",371836,2025-06-14 08:26:31,43.6224327087402,-8.97892284393311,"Male"
"6018403",371836,2025-06-14 08:31:53,43.6517524719238,-8.95088386535645,"Male"
"6018403",371836,2025-06-14 08:36:31,43.6636161804199,-8.97395038604736,"Male"
"6018403",371836,2025-06-14 08:41:30,43.6680335998535,-8.99606227874756,"Male"
"6018403",371836,2025-06-14 08:47:35,43.669116973877,-8.99710559844971,"Male"
"6018403",371836,2025-06-14 08:51:20,43.6698226928711,-8.99770832061768,"Male"
"6018403",371836,2025-06-14 08:56:20,43.6741523742676,-9.00217056274414,"Male"
"6018403",371836,2025-06-14 09:01:27,43.6991195678711,-9.02301788330078,"Male"
"6018403",371836,2025-06-14 09:06:20,43.6982383728027,-9.03421401977539,"Male"
"6018403",371836,2025-06-14 09:11:21,43.6990776062012,-9.03404712677002,"Male"
"6018403",371836,2025-06-14 09:16:20,43.6998138427734,-9.03378391265869,"Male"
"6018403",371836,2025-06-14 09:21:20,43.7021408081055,-9.03632068634033,"Male"
"6018403",371836,2025-06-14 09:26:20,43.7306251525879,-9.02374839782715,"Male"
"6018403",371836,2025-06-14 09:31:22,43.7545547485352,-9.00478363037109,"Male"
"6018403",371836,2025-06-14 09:36:20,43.7778930664062,-9.01445007324219,"Male"
"6018403",371836,2025-06-14 09:41:20,43.7561187744141,-9.02795696258545,"Male"
"6018403",371836,2025-06-14 09:46:20,43.741943359375,-9.05192852020264,"Male"
"6018403",371836,2025-06-14 09:51:23,43.7247467041016,-9.07927703857422,"Male"
"6018403",371836,2025-06-14 09:56:23,43.7021827697754,-9.09530735015869,"Male"
"6018403",371836,2025-06-14 10:01:21,43.6810760498047,-9.10851192474365,"Male"
"6018403",371836,2025-06-14 10:06:22,43.6576385498047,-9.11368370056152,"Male"
"6018403",371836,2025-06-14 10:11:44,43.6317672729492,-9.12603282928467,"Male"
"6018403",371836,2025-06-14 10:16:20,43.6141242980957,-9.1451940536499,"Male"
"6018403",371836,2025-06-14 10:21:21,43.598804473877,-9.15922832489014,"Male"
"6018403",371836,2025-06-14 10:26:21,43.5892333984375,-9.18880462646484,"Male"
"6018403",371836,2025-06-14 10:31:23,43.5660171508789,-9.20839405059814,"Male"
"6018403",371836,2025-06-14 10:36:21,43.537483215332,-9.21113395690918,"Male"
"6018403",371836,2025-06-14 10:41:27,43.5077247619629,-9.18705463409424,"Male"
"6018403",371836,2025-06-14 10:46:44,43.4853363037109,-9.21030139923096,"Male"
"6018403",371836,2025-06-14 10:51:25,43.4792747497559,-9.22037315368652,"Male"
"6018403",371836,2025-06-14 10:56:20,43.4677848815918,-9.22863674163818,"Male"
"6018403",371836,2025-06-14 11:01:30,43.4602127075195,-9.23495006561279,"Male"
"6018403",371836,2025-06-14 11:06:30,43.460277557373,-9.23602771759033,"Male"
"6018403",371836,2025-06-14 11:11:24,43.460391998291,-9.23718547821045,"Male"
"6018403",371836,2025-06-14 11:16:20,43.4463996887207,-9.25303173065186,"Male"
"6018403",371836,2025-06-14 11:21:21,43.4417953491211,-9.25829792022705,"Male"
"6018403",371836,2025-06-14 11:26:21,43.4282569885254,-9.28356647491455,"Male"
"6018403",371836,2025-06-14 11:32:35,43.4248085021973,-9.30307960510254,"Male"
"6018403",371836,2025-06-14 11:36:21,43.416748046875,-9.32425785064697,"Male"
"6018403",371836,2025-06-14 11:41:21,43.3996086120605,-9.35008716583252,"Male"
"6018403",371836,2025-06-14 11:46:21,43.3856582641602,-9.3797721862793,"Male"
"6018403",371836,2025-06-14 11:51:21,43.3675575256348,-9.39985275268555,"Male"
"6018403",371836,2025-06-14 11:56:22,43.3412017822266,-9.40949535369873,"Male"
"6018403",371836,2025-06-14 12:01:25,43.3194923400879,-9.43344116210938,"Male"
"6018403",371836,2025-06-14 12:06:21,43.308895111084,-9.45923042297363,"Male"
"6018403",371836,2025-06-14 12:11:21,43.3129043579102,-9.49378681182861,"Male"
"6018403",371836,2025-06-14 12:16:21,43.3156623840332,-9.52156352996826,"Male"
"6018403",371836,2025-06-14 12:21:27,43.313777923584,-9.53243923187256,"Male"
"6018403",371836,2025-06-14 12:26:30,43.3136024475098,-9.53149890899658,"Male"
"6018403",371836,2025-06-14 12:31:53,43.3134765625,-9.53046035766602,"Male"
"6018403",371836,2025-06-14 12:36:22,43.3133506774902,-9.52973937988281,"Male"
"6018403",371836,2025-06-14 12:41:22,43.3135452270508,-9.53100967407227,"Male"
"6018403",371836,2025-06-14 12:46:22,43.32177734375,-9.54971408843994,"Male"
"6018403",371836,2025-06-14 12:51:22,43.3214721679688,-9.57324695587158,"Male"
"6018403",371836,2025-06-14 12:56:23,43.3144760131836,-9.60335159301758,"Male"
"6018403",371836,2025-06-14 13:01:23,43.2886657714844,-9.59522151947021,"Male"
"6018403",371836,2025-06-14 13:06:22,43.2768173217773,-9.55376243591309,"Male"
"6018403",371836,2025-06-14 13:11:22,43.3040313720703,-9.5355920791626,"Male"
"6018403",371836,2025-06-14 13:16:24,43.3310852050781,-9.5359525680542,"Male"
"6018403",371836,2025-06-14 13:21:58,43.3305358886719,-9.53462314605713,"Male"
"6018403",371836,2025-06-14 13:26:58,43.3332786560059,-9.53263282775879,"Male"
"6018403",371836,2025-06-14 13:31:22,43.337833404541,-9.52931594848633,"Male"
"6018403",371836,2025-06-14 13:36:22,43.3539390563965,-9.52153778076172,"Male"
"6018403",371836,2025-06-14 13:41:29,43.3668212890625,-9.47974872589111,"Male"
"6018403",371836,2025-06-14 13:46:22,43.3869743347168,-9.44772529602051,"Male"
"6018403",371836,2025-06-14 13:51:22,43.3816566467285,-9.40429496765137,"Male"
"6018403",371836,2025-06-14 13:56:23,43.381763458252,-9.40356063842773,"Male"
"6018403",371836,2025-06-14 14:01:29,43.3817138671875,-9.40279293060303,"Male"
"6018403",371836,2025-06-14 14:06:21,43.3767242431641,-9.37674045562744,"Male"
"6018403",371836,2025-06-14 14:11:22,43.3564071655273,-9.33501052856445,"Male"
"6018403",371836,2025-06-14 14:16:21,43.3319396972656,-9.32028198242188,"Male"
"6018403",371836,2025-06-14 14:21:22,43.2974967956543,-9.32371234893799,"Male"
"6018403",371836,2025-06-14 14:26:22,43.2825508117676,-9.31772232055664,"Male"
"6018403",371836,2025-06-14 14:31:22,43.2776260375977,-9.29993057250977,"Male"
"6018403",371836,2025-06-14 14:37:05,43.2782440185547,-9.2664966583252,"Male"
"6018403",371836,2025-06-14 14:41:22,43.2782669067383,-9.22512054443359,"Male"
"6018403",371836,2025-06-14 14:46:22,43.2758522033691,-9.17299938201904,"Male"
"6018403",371836,2025-06-14 14:51:22,43.2572822570801,-9.12933158874512,"Male"
"6018403",371836,2025-06-14 14:56:21,43.2388954162598,-9.08551597595215,"Male"
"6018403",371836,2025-06-14 15:01:22,43.2082939147949,-9.05628967285156,"Male"
"6018403",371836,2025-06-14 15:06:22,43.1930046081543,-9.04060840606689,"Male"
"6018403",371836,2025-06-14 15:11:23,43.1945152282715,-9.04110431671143,"Male"
"6018403",371836,2025-06-14 15:16:22,43.1945953369141,-9.04116821289062,"Male"
"6018403",371836,2025-06-14 15:21:27,43.1945266723633,-9.04115009307861,"Male"
"6018403",371836,2025-06-14 15:26:21,43.191478729248,-9.04413223266602,"Male"
"6018403",371836,2025-06-14 15:31:21,43.1928520202637,-9.04075241088867,"Male"
"6018403",371836,2025-06-14 15:36:31,43.1930541992188,-9.04071712493896,"Male"
"6018403",371836,2025-06-14 15:41:25,43.1930923461914,-9.04081916809082,"Male"
"6018403",371836,2025-06-14 15:46:23,43.2007942199707,-9.03464317321777,"Male"
"6018403",371836,2025-06-14 15:51:24,43.2256088256836,-9.00899982452393,"Male"
"6018403",371836,2025-06-14 15:56:22,43.2510299682617,-8.98160743713379,"Male"
"6018403",371836,2025-06-14 16:01:30,43.2692375183105,-8.9778356552124,"Male"
"6018403",371836,2025-06-14 16:06:40,43.2851409912109,-8.96738338470459,"Male"
"6018403",371836,2025-06-14 16:11:21,43.2919082641602,-8.92547607421875,"Male"
"6018403",371836,2025-06-14 16:16:22,43.3151321411133,-8.91077041625977,"Male"
"6018403",371836,2025-06-14 16:21:22,43.3210792541504,-8.87210559844971,"Male"
"6018403",371836,2025-06-14 16:26:21,43.3471794128418,-8.84798049926758,"Male"
"6018403",371836,2025-06-14 16:31:21,43.3576202392578,-8.84418201446533,"Male"
"6018403",371836,2025-06-14 16:36:28,43.3574104309082,-8.84404277801514,"Male"
"6018403",371836,2025-06-14 16:41:27,43.3574333190918,-8.84415054321289,"Male"
"6018403",371836,2025-06-14 16:46:53,43.3574409484863,-8.84414196014404,"Male"
"6018403",371836,2025-06-14 16:51:25,43.3573875427246,-8.84406661987305,"Male"
"6018403",371836,2025-06-14 16:56:32,43.357479095459,-8.84403324127197,"Male"
"6018403",371836,2025-06-14 17:01:38,43.3576202392578,-8.84400653839111,"Male"
"6018403",371836,2025-06-14 17:06:44,43.357551574707,-8.8439998626709,"Male"
"6018403",371836,2025-06-14 17:11:25,43.3575630187988,-8.84393978118896,"Male"
"6018403",371836,2025-06-14 17:16:24,43.3576583862305,-8.84393119812012,"Male"
"6018403",371836,2025-06-14 17:21:27,43.3575553894043,-8.84403419494629,"Male"
"6018403",371836,2025-06-14 17:26:29,43.3575973510742,-8.84395503997803,"Male"
"6018403",371836,2025-06-14 17:31:29,43.3575477600098,-8.84401702880859,"Male"
"6018403",371836,2025-06-14 17:36:30,43.3575210571289,-8.84402370452881,"Male"
"6018403",371836,2025-06-14 17:41:30,43.3575210571289,-8.84402465820312,"Male"
"6018403",371836,2025-06-14 17:46:44,43.3576164245605,-8.84405422210693,"Male"
"6018403",371836,2025-06-14 17:51:44,43.3575859069824,-8.84404945373535,"Male"
"6018403",371836,2025-06-14 17:56:24,43.3575057983398,-8.84409809112549,"Male"
"6018403",371836,2025-06-14 18:01:22,43.3575553894043,-8.84408092498779,"Male"
"6018403",371836,2025-06-14 18:06:25,43.3574981689453,-8.84422492980957,"Male"
"6018403",371836,2025-06-14 18:11:24,43.3574180603027,-8.84427833557129,"Male"
"6018403",371836,2025-06-14 18:16:25,43.3575439453125,-8.84410667419434,"Male"
"6018403",371836,2025-06-14 18:21:24,43.3575706481934,-8.84426689147949,"Male"
"6018403",371836,2025-06-14 18:26:24,43.3576927185059,-8.84408760070801,"Male"
"6018403",371836,2025-06-14 18:31:25,43.3574409484863,-8.84418201446533,"Male"
"6018403",371836,2025-06-14 18:36:31,43.3572616577148,-8.84429454803467,"Male"
"6018403",371836,2025-06-14 18:41:30,43.3576736450195,-8.8441104888916,"Male"
"6018403",371836,2025-06-14 18:46:53,43.3576011657715,-8.84416198730469,"Male"
"6018403",371836,2025-06-14 18:51:25,43.3575973510742,-8.84414482116699,"Male"
"6018403",371836,2025-06-14 18:56:23,43.3575782775879,-8.84401035308838,"Male"
"6018403",371836,2025-06-14 19:01:25,43.3576622009277,-8.84410285949707,"Male"
"6018403",371836,2025-06-14 19:06:25,43.3577423095703,-8.84414005279541,"Male"
"6018403",371836,2025-06-14 19:11:24,43.3575553894043,-8.84393978118896,"Male"
"6018403",371836,2025-06-14 19:16:27,43.3574638366699,-8.84402656555176,"Male"
"6018403",371836,2025-06-14 19:21:30,43.3574600219727,-8.84403800964355,"Male"
"6018403",371836,2025-06-14 19:26:31,43.3575057983398,-8.84406280517578,"Male"
"6018403",371836,2025-06-14 19:31:32,43.3575439453125,-8.84401035308838,"Male"
"6018403",371836,2025-06-14 19:36:44,43.3576583862305,-8.84414672851562,"Male"
"6018403",371836,2025-06-14 19:41:24,43.357723236084,-8.84417057037354,"Male"
"6018403",371836,2025-06-14 19:46:21,43.3576812744141,-8.84418106079102,"Male"
"6018403",371836,2025-06-14 19:51:25,43.3578720092773,-8.84417629241943,"Male"
"6018403",371836,2025-06-14 19:56:22,43.3578453063965,-8.84436893463135,"Male"
"6018403",371836,2025-06-14 20:01:44,43.3576736450195,-8.84422588348389,"Male"
"6018403",371836,2025-06-14 20:06:28,43.3576049804688,-8.84421253204346,"Male"
"6018403",371836,2025-06-14 20:11:25,43.3575744628906,-8.84409332275391,"Male"
"6018403",371836,2025-06-14 20:16:30,43.357593536377,-8.844162940979,"Male"
"6018403",371836,2025-06-14 20:21:43,43.3579635620117,-8.8444185256958,"Male"
"6018403",371836,2025-06-14 20:26:38,43.357852935791,-8.84423160552979,"Male"
"6018403",371836,2025-06-14 20:31:33,43.3579788208008,-8.84425640106201,"Male"
"6018403",371836,2025-06-14 20:36:31,43.3579139709473,-8.84421348571777,"Male"
"6018403",371836,2025-06-14 20:41:59,43.3576354980469,-8.84414291381836,"Male"
"6018403",371836,2025-06-14 20:46:27,43.3576393127441,-8.84415721893311,"Male"
"6018403",371836,2025-06-14 20:51:27,43.3576545715332,-8.84418964385986,"Male"
"6018403",371836,2025-06-14 20:56:27,43.3575859069824,-8.8441801071167,"Male"
"6018403",371836,2025-06-14 21:01:27,43.3575782775879,-8.84421443939209,"Male"
"6018403",371836,2025-06-14 21:06:27,43.357536315918,-8.84414005279541,"Male"
"6018403",371836,2025-06-14 21:11:27,43.3576316833496,-8.84414196014404,"Male"
"6018403",371836,2025-06-14 21:16:27,43.3576011657715,-8.84415340423584,"Male"
"6018403",371836,2025-06-14 21:21:28,43.3575859069824,-8.84420108795166,"Male"
"6018403",371836,2025-06-14 21:26:28,43.3576011657715,-8.84411144256592,"Male"
"6018403",371836,2025-06-14 21:31:37,43.3575553894043,-8.84412288665771,"Male"
"6018403",371836,2025-06-14 21:36:37,43.357593536377,-8.84420013427734,"Male"
"6018403",371836,2025-06-14 21:41:36,43.3575439453125,-8.84413623809814,"Male"
"6018403",371836,2025-06-14 21:46:27,43.3576278686523,-8.84423637390137,"Male"
"6018403",371836,2025-06-14 21:51:27,43.3575172424316,-8.84407234191895,"Male"
"6018403",371836,2025-06-14 21:56:27,43.3576011657715,-8.84426021575928,"Male"
"6018403",371836,2025-06-14 22:01:27,43.3576278686523,-8.84421253204346,"Male"
"6018403",371836,2025-06-14 22:06:30,43.3578491210938,-8.84441375732422,"Male"
"6018403",371836,2025-06-14 22:11:37,43.3575668334961,-8.84390926361084,"Male"
"6018403",371836,2025-06-14 22:16:44,43.357551574707,-8.84404468536377,"Male"
"6018403",371836,2025-06-14 22:21:43,43.3575782775879,-8.8441276550293,"Male"
"6018403",371836,2025-06-14 22:26:28,43.3576469421387,-8.84407138824463,"Male"
"6018403",371836,2025-06-14 22:31:29,43.3575172424316,-8.84396076202393,"Male"
"6018403",371836,2025-06-14 22:36:29,43.3575973510742,-8.84410381317139,"Male"
"6018403",371836,2025-06-14 22:41:35,43.3577270507812,-8.8442964553833,"Male"
"6018403",371836,2025-06-14 22:46:44,43.3576583862305,-8.8441858291626,"Male"
"6018403",371836,2025-06-14 22:51:27,43.3575553894043,-8.84393119812012,"Male"
"6018403",371836,2025-06-14 22:56:29,43.3573684692383,-8.8435173034668,"Male"
"6018403",371836,2025-06-14 23:01:27,43.3576698303223,-8.84429931640625,"Male"
"6018403",371836,2025-06-14 23:06:33,43.3576431274414,-8.84394550323486,"Male"
"6018403",371836,2025-06-14 23:11:27,43.3577461242676,-8.84391021728516,"Male"
"6018403",371836,2025-06-14 23:16:29,43.3577842712402,-8.84440135955811,"Male"
"6018403",371836,2025-06-14 23:21:33,43.357593536377,-8.84387016296387,"Male"
"6018403",371836,2025-06-14 23:26:36,43.357593536377,-8.84397125244141,"Male"
"6018403",371836,2025-06-14 23:31:44,43.3576316833496,-8.84417533874512,"Male"
"6018403",371836,2025-06-14 23:36:30,43.3576354980469,-8.84438610076904,"Male"
"6018403",371836,2025-06-14 23:41:36,43.3575706481934,-8.84421920776367,"Male"
"6018403",371836,2025-06-14 23:46:36,43.3577003479004,-8.84383106231689,"Male"
"6018403",371836,2025-06-14 23:51:36,43.3577346801758,-8.84369373321533,"Male"
"6018403",371836,2025-06-14 23:56:37,43.357723236084,-8.84368896484375,"Male"
"6018403",371836,2025-06-15 00:01:44,43.3575973510742,-8.84432697296143,"Male"
"6018403",371836,2025-06-15 00:06:31,43.3576431274414,-8.84437656402588,"Male"
"6018403",371836,2025-06-15 00:11:36,43.3576126098633,-8.8440990447998,"Male"
"6018403",371836,2025-06-15 00:16:47,43.3576469421387,-8.84422206878662,"Male"
"6018403",371836,2025-06-15 00:21:36,43.3575744628906,-8.84417247772217,"Male"
"6018403",371836,2025-06-15 00:26:36,43.3576202392578,-8.84414100646973,"Male"
"6018403",371836,2025-06-15 00:31:47,43.3575401306152,-8.84414005279541,"Male"
"6018403",371836,2025-06-15 00:36:42,43.3576545715332,-8.84401702880859,"Male"
"6018403",371836,2025-06-15 00:41:59,43.3576393127441,-8.84419631958008,"Male"
"6018403",371836,2025-06-15 00:46:35,43.3576545715332,-8.84414386749268,"Male"
"6018403",371836,2025-06-15 00:51:30,43.3576126098633,-8.84391403198242,"Male"
"6018403",371836,2025-06-15 00:56:36,43.3577003479004,-8.84416961669922,"Male"
"6018403",371836,2025-06-15 01:01:30,43.358024597168,-8.84473991394043,"Male"
"6018403",371836,2025-06-15 01:06:30,43.3573684692383,-8.84355354309082,"Male"
"6018403",371836,2025-06-15 01:11:42,43.3577156066895,-8.84418773651123,"Male"
"6018403",371836,2025-06-15 01:16:29,43.3576049804688,-8.84398651123047,"Male"
"6018403",371836,2025-06-15 01:21:34,43.3576965332031,-8.84419631958008,"Male"
"6018403",371836,2025-06-15 01:26:33,43.3577041625977,-8.84416103363037,"Male"
"6018403",371836,2025-06-15 01:31:31,43.3576469421387,-8.84419345855713,"Male"
"6018403",371836,2025-06-15 01:36:34,43.3575477600098,-8.84427928924561,"Male"
"6018403",371836,2025-06-15 01:41:36,43.3576965332031,-8.84418296813965,"Male"
"6018403",371836,2025-06-15 01:47:35,43.3576126098633,-8.84421539306641,"Male"
"6018403",371836,2025-06-15 01:51:27,43.3576736450195,-8.84420299530029,"Male"
"6018403",371836,2025-06-15 01:56:29,43.3576049804688,-8.84425163269043,"Male"
"6018403",371836,2025-06-15 02:01:29,43.3575973510742,-8.8442440032959,"Male"
"6018403",371836,2025-06-15 02:06:29,43.3576393127441,-8.84415245056152,"Male"
"6018403",371836,2025-06-15 02:11:27,43.3576507568359,-8.84415817260742,"Male"
"6018403",371836,2025-06-15 02:16:27,43.3576202392578,-8.84414291381836,"Male"
"6018403",371836,2025-06-15 02:21:27,43.3576164245605,-8.84416770935059,"Male"
"6018403",371836,2025-06-15 02:26:30,43.357593536377,-8.84418487548828,"Male"
"6018403",371836,2025-06-15 02:31:29,43.3576927185059,-8.84414100646973,"Male"
"6018403",371836,2025-06-15 02:36:31,43.3575553894043,-8.84413814544678,"Male"
"6018403",371836,2025-06-15 02:41:30,43.3576622009277,-8.84407138824463,"Male"
"6018403",371836,2025-06-15 02:46:28,43.3576850891113,-8.84408092498779,"Male"
"6018403",371836,2025-06-15 02:51:44,43.3576469421387,-8.84413146972656,"Male"
"6018403",371836,2025-06-15 02:56:59,43.357593536377,-8.8441219329834,"Male"
"6018403",371836,2025-06-15 03:01:27,43.3575668334961,-8.84415054321289,"Male"
"6018403",371836,2025-06-15 03:06:27,43.3575706481934,-8.84414386749268,"Male"
"6018403",371836,2025-06-15 03:11:28,43.3575782775879,-8.84409236907959,"Male"
"6018403",371836,2025-06-15 03:16:30,43.3576393127441,-8.84409809112549,"Male"
"6018403",371836,2025-06-15 03:21:34,43.3576240539551,-8.84407043457031,"Male"
"6018403",371836,2025-06-15 03:26:44,43.3576354980469,-8.84409713745117,"Male"
"6018403",371836,2025-06-15 03:31:31,43.3574180603027,-8.84392070770264,"Male"
"6018403",371836,2025-06-15 03:36:31,43.3572158813477,-8.84373092651367,"Male"
"6018403",371836,2025-06-15 03:41:33,43.3574981689453,-8.84412860870361,"Male"
"6018403",371836,2025-06-15 03:46:44,43.357551574707,-8.84411716461182,"Male"
"6018403",371836,2025-06-15 03:51:34,43.3575477600098,-8.84397315979004,"Male"
"6018403",371836,2025-06-15 03:56:29,43.3576240539551,-8.84409427642822,"Male"
"6018403",371836,2025-06-15 04:01:28,43.3576545715332,-8.84416007995605,"Male"
"6018403",371836,2025-06-15 04:06:31,43.3576354980469,-8.8441333770752,"Male"
"6018403",371836,2025-06-15 04:11:37,43.3576736450195,-8.84415817260742,"Male"
"6018403",371836,2025-06-15 04:16:34,43.3577423095703,-8.84421825408936,"Male"
"6018403",371836,2025-06-15 04:21:47,43.3574485778809,-8.84389781951904,"Male"
"6018403",371836,2025-06-15 04:26:38,43.3575706481934,-8.84410667419434,"Male"
"6018403",371836,2025-06-15 04:31:44,43.3575782775879,-8.84408664703369,"Male"
"6018403",371836,2025-06-15 04:36:36,43.3575553894043,-8.84408092498779,"Male"
"6018403",371836,2025-06-15 04:41:28,43.3672828674316,-8.8552131652832,"Male"
"6018403",371836,2025-06-15 04:46:30,43.3671722412109,-8.90422630310059,"Male"
"6018403",371836,2025-06-15 04:51:28,43.3660087585449,-8.94801807403564,"Male"
"6018403",371836,2025-06-15 04:56:55,43.3691139221191,-8.99655914306641,"Male"
"6018403",371836,2025-06-15 05:01:36,43.369873046875,-9.01530647277832,"Male"
"6018403",371836,2025-06-15 05:06:34,43.3691444396973,-9.01673126220703,"Male"
"6018403",371836,2025-06-15 05:11:33,43.368465423584,-9.01816654205322,"Male"
"6018403",371836,2025-06-15 05:16:30,43.3675346374512,-9.01962947845459,"Male"
"6018403",371836,2025-06-15 05:21:36,43.3606338500977,-9.06369590759277,"Male"
"6018403",371836,2025-06-15 05:26:38,43.3587646484375,-9.07882308959961,"Male"
"6018403",371836,2025-06-15 05:31:36,43.3585090637207,-9.08104515075684,"Male"
"6018403",371836,2025-06-15 05:36:36,43.3579864501953,-9.08255386352539,"Male"
"6018403",371836,2025-06-15 05:41:44,43.357780456543,-9.08479404449463,"Male"
"6018403",371836,2025-06-15 05:46:28,43.3629951477051,-9.1100492477417,"Male"
"6018403",371836,2025-06-15 05:51:30,43.3671035766602,-9.1218900680542,"Male"
"6018403",371836,2025-06-15 05:56:29,43.371898651123,-9.13726425170898,"Male"
"6018403",371836,2025-06-15 06:01:31,43.3793182373047,-9.17107963562012,"Male"
"6018403",371836,2025-06-15 06:06:33,43.38330078125,-9.17488765716553,"Male"
"6018403",371836,2025-06-15 06:11:34,43.383659362793,-9.17587566375732,"Male"
"6018403",371836,2025-06-15 06:16:30,43.3839836120605,-9.17685413360596,"Male"
"6018403",371836,2025-06-15 06:21:27,43.3874778747559,-9.20389461517334,"Male"
"6018403",371836,2025-06-15 06:26:33,43.3937606811523,-9.2241039276123,"Male"
"6018403",371836,2025-06-15 06:31:44,43.3943405151367,-9.22449684143066,"Male"
"6018403",371836,2025-06-15 06:36:30,43.3950233459473,-9.22501754760742,"Male"
"6018403",371836,2025-06-15 06:41:36,43.3953552246094,-9.22514533996582,"Male"
"6018403",371836,2025-06-15 06:46:28,43.3966979980469,-9.22733116149902,"Male"
"6018403",371836,2025-06-15 06:51:36,43.4036178588867,-9.24177932739258,"Male"
"6018403",371836,2025-06-15 06:56:29,43.4039535522461,-9.28712463378906,"Male"
"6018403",371836,2025-06-15 07:01:36,43.3998718261719,-9.33757972717285,"Male"
"6018403",371836,2025-06-15 07:06:33,43.4077987670898,-9.36293888092041,"Male"
"6018403",371836,2025-06-15 07:11:33,43.3984642028809,-9.39379215240479,"Male"
"6018403",371836,2025-06-15 07:17:23,43.3753890991211,-9.39143657684326,"Male"
"6018403",371836,2025-06-15 07:21:59,43.3576049804688,-9.40371608734131,"Male"
"6018403",371836,2025-06-15 07:26:37,43.3571434020996,-9.40505504608154,"Male"
"6018403",371836,2025-06-15 07:31:56,43.3546028137207,-9.4293212890625,"Male"
"6018403",371836,2025-06-15 07:36:36,43.3354301452637,-9.45595836639404,"Male"
"6018403",371836,2025-06-15 07:41:44,43.3020362854004,-9.48768615722656,"Male"
"6018403",371836,2025-06-15 07:46:36,43.3007011413574,-9.48985004425049,"Male"
"6018403",371836,2025-06-15 07:51:37,43.3004112243652,-9.4906587600708,"Male"
"6018403",371836,2025-06-15 07:56:36,43.2781105041504,-9.50997638702393,"Male"
"6018403",371836,2025-06-15 08:01:59,43.2755126953125,-9.51230239868164,"Male"
"6018403",371836,2025-06-15 08:06:27,43.2697410583496,-9.51384925842285,"Male"
"6018403",371836,2025-06-15 08:11:29,43.2693672180176,-9.51486301422119,"Male"
"6018403",371836,2025-06-15 08:16:29,43.2692451477051,-9.51553440093994,"Male"
"6018403",371836,2025-06-15 08:26:21,43.2692184448242,-9.51547050476074,"Male"
"6018403",371836,2025-06-15 08:31:22,43.2687950134277,-9.51561450958252,"Male"
"6018403",371836,2025-06-15 08:36:29,43.268482208252,-9.51592922210693,"Male"
"6018403",371836,2025-06-15 08:41:23,43.2681503295898,-9.5162410736084,"Male"
"6018403",371836,2025-06-15 08:46:44,43.2676467895508,-9.51654052734375,"Male"
"6018403",371836,2025-06-15 08:51:21,43.2675666809082,-9.5169734954834,"Male"
"6018403",371836,2025-06-15 08:56:21,43.2675971984863,-9.51745986938477,"Male"
"6018403",371836,2025-06-15 09:01:20,43.2673149108887,-9.51801013946533,"Male"
"6018403",371836,2025-06-15 09:06:22,43.2669868469238,-9.51848125457764,"Male"
"6018403",371836,2025-06-15 09:11:20,43.2665786743164,-9.51892471313477,"Male"
"6018403",371836,2025-06-15 09:16:20,43.2664222717285,-9.51944541931152,"Male"
"6018403",371836,2025-06-15 09:21:21,43.260799407959,-9.54314804077148,"Male"
"6018403",371836,2025-06-15 09:26:36,43.2222099304199,-9.56907272338867,"Male"
"6018403",371836,2025-06-15 09:32:44,43.1847038269043,-9.58730030059814,"Male"
"6018403",371836,2025-06-15 09:37:44,43.150951385498,-9.60135078430176,"Male"
"6018403",371836,2025-06-15 09:41:20,43.1364822387695,-9.59931087493896,"Male"
"6018403",371836,2025-06-15 09:46:22,43.131778717041,-9.5949068069458,"Male"
"6018403",371836,2025-06-15 09:51:24,43.1246948242188,-9.58703136444092,"Male"
"6018403",371836,2025-06-15 09:56:24,43.1248779296875,-9.58827304840088,"Male"
"6018403",371836,2025-06-15 10:01:21,43.132438659668,-9.58198261260986,"Male"
"6018403",371836,2025-06-15 10:06:21,43.1412811279297,-9.57275199890137,"Male"
"6018403",371836,2025-06-15 10:11:21,43.1505737304688,-9.56741809844971,"Male"
"6018403",371836,2025-06-15 10:16:21,43.1542854309082,-9.55425357818604,"Male"
"6018403",371836,2025-06-15 10:21:30,43.1634178161621,-9.55559730529785,"Male"
"6018403",371836,2025-06-15 10:26:22,43.1638412475586,-9.53956413269043,"Male"
"6018403",371836,2025-06-15 10:32:29,43.1780471801758,-9.53896522521973,"Male"
"6018403",371836,2025-06-15 10:36:21,43.1833610534668,-9.52944755554199,"Male"
"6018403",371836,2025-06-15 10:41:21,43.1959419250488,-9.52326679229736,"Male"
"6018403",371836,2025-06-15 10:46:22,43.2083282470703,-9.51562309265137,"Male"
"6018403",371836,2025-06-15 10:51:22,43.2204170227051,-9.51208686828613,"Male"
"6018403",371836,2025-06-15 10:57:34,43.232234954834,-9.5014123916626,"Male"
"6018403",371836,2025-06-15 11:01:20,43.242546081543,-9.50183391571045,"Male"
"6018403",371836,2025-06-15 11:06:20,43.2543563842773,-9.49372863769531,"Male"
"6018403",371836,2025-06-15 11:11:20,43.2639846801758,-9.48041439056396,"Male"
"6018403",371836,2025-06-15 11:16:20,43.2771682739258,-9.47190284729004,"Male"
"6018403",371836,2025-06-15 11:21:20,43.2923355102539,-9.46757507324219,"Male"
"6018403",371836,2025-06-15 11:27:05,43.3086280822754,-9.45961952209473,"Male"
"6018403",371836,2025-06-15 11:31:20,43.3224601745605,-9.46042442321777,"Male"
"6018403",371836,2025-06-15 11:36:20,43.3399124145508,-9.47307395935059,"Male"
"6018403",371836,2025-06-15 11:41:20,43.3579940795898,-9.48153686523438,"Male"
"6018403",371836,2025-06-15 11:46:21,43.3742713928223,-9.47796535491943,"Male"
"6018403",371836,2025-06-15 11:51:21,43.388355255127,-9.46909523010254,"Male"
"6018403",371836,2025-06-15 11:56:22,43.4058380126953,-9.46898937225342,"Male"
"6018403",371836,2025-06-15 12:01:21,43.4183006286621,-9.45640563964844,"Male"
"6018403",371836,2025-06-15 12:06:22,43.4271697998047,-9.44497489929199,"Male"
"6018403",371836,2025-06-15 12:11:21,43.4358978271484,-9.4318265914917,"Male"
"6018403",371836,2025-06-15 12:16:21,43.4481658935547,-9.41972255706787,"Male"
"6018403",371836,2025-06-15 12:21:21,43.4577140808105,-9.40430927276611,"Male"
"6018403",371836,2025-06-15 12:26:21,43.4676513671875,-9.38829231262207,"Male"
"6018403",371836,2025-06-15 12:31:22,43.4703254699707,-9.36616325378418,"Male"
"6018403",371836,2025-06-15 12:36:22,43.4645156860352,-9.36192798614502,"Male"
"6018403",371836,2025-06-15 12:41:23,43.4649391174316,-9.36307334899902,"Male"
"6018403",371836,2025-06-15 12:46:22,43.4653854370117,-9.365309715271,"Male"
"6018403",371836,2025-06-15 12:51:22,43.4594764709473,-9.38457584381104,"Male"
"6018403",371836,2025-06-15 12:56:22,43.4604911804199,-9.38457584381104,"Male"
"6018403",371836,2025-06-15 13:01:22,43.4648628234863,-9.37525844573975,"Male"
"6018403",371836,2025-06-15 13:06:22,43.4724578857422,-9.35617065429688,"Male"
"6018403",371836,2025-06-15 13:11:23,43.4738731384277,-9.35608386993408,"Male"
"6018403",371836,2025-06-15 13:16:22,43.4746437072754,-9.35678768157959,"Male"
"6018403",371836,2025-06-15 13:21:23,43.4752006530762,-9.35727500915527,"Male"
"6018403",371836,2025-06-15 13:26:23,43.4757347106934,-9.35771942138672,"Male"
"6018403",371836,2025-06-15 13:31:23,43.4760208129883,-9.35779857635498,"Male"
"6018403",371836,2025-06-15 13:36:22,43.4742813110352,-9.3547306060791,"Male"
"6018403",371836,2025-06-15 13:41:22,43.4490394592285,-9.3333797454834,"Male"
"6018403",371836,2025-06-15 13:46:22,43.4288291931152,-9.31161403656006,"Male"
"6018403",371836,2025-06-15 13:51:22,43.4212074279785,-9.299729347229,"Male"
"6018403",371836,2025-06-15 13:56:22,43.4178733825684,-9.29198837280273,"Male"
"6018403",371836,2025-06-15 14:01:23,43.411491394043,-9.28439712524414,"Male"
"6018403",371836,2025-06-15 14:06:22,43.4051971435547,-9.2693977355957,"Male"
"6018403",371836,2025-06-15 14:11:23,43.4014205932617,-9.26705741882324,"Male"
"6018403",371836,2025-06-15 14:16:22,43.3998985290527,-9.26094913482666,"Male"
"6018403",371836,2025-06-15 14:21:22,43.3970985412598,-9.24450874328613,"Male"
"6018403",371836,2025-06-15 14:26:22,43.3734016418457,-9.223708152771,"Male"
"6018403",371836,2025-06-15 14:31:23,43.3714561462402,-9.22293186187744,"Male"
"6018403",371836,2025-06-15 14:36:22,43.3592109680176,-9.20139312744141,"Male"
"6018403",371836,2025-06-15 14:41:22,43.3570823669434,-9.19935321807861,"Male"
"6018403",371836,2025-06-15 14:46:22,43.3540992736816,-9.19175815582275,"Male"
"6018403",371836,2025-06-15 14:51:22,43.3447875976562,-9.17117691040039,"Male"
"6018403",371836,2025-06-15 14:56:23,43.3360977172852,-9.16527366638184,"Male"
"6018403",371836,2025-06-15 15:01:22,43.3257713317871,-9.14635562896729,"Male"
"6018403",371836,2025-06-15 15:06:24,43.3198890686035,-9.13866424560547,"Male"
"6018403",371836,2025-06-15 15:11:22,43.3096733093262,-9.12122249603271,"Male"
"6018403",371836,2025-06-15 15:16:23,43.3065643310547,-9.11675930023193,"Male"
"6018403",371836,2025-06-15 15:21:24,43.2921524047852,-9.09389209747314,"Male"
"6018403",371836,2025-06-15 15:26:22,43.2645149230957,-9.07371234893799,"Male"
"6018403",371836,2025-06-15 15:31:31,43.2300224304199,-9.05613803863525,"Male"
"6018403",371836,2025-06-15 15:36:23,43.1894950866699,-9.04362964630127,"Male"
"6018403",371836,2025-06-15 15:41:23,43.194709777832,-9.03993797302246,"Male"
"6018403",371836,2025-06-15 15:46:23,43.1948127746582,-9.04002952575684,"Male"
"6018403",371836,2025-06-15 15:51:23,43.2055778503418,-9.03266906738281,"Male"
"6018403",371836,2025-06-15 15:56:22,43.2177276611328,-9.01966190338135,"Male"
"6018403",371836,2025-06-15 16:01:25,43.2213172912598,-9.00080299377441,"Male"
"6018403",371836,2025-06-15 16:06:33,43.2172012329102,-9.00081920623779,"Male"
"6018403",371836,2025-06-15 16:11:23,43.2316436767578,-9.00694847106934,"Male"
"6018403",371836,2025-06-15 16:16:24,43.2394256591797,-9.00003051757812,"Male"
"6018403",371836,2025-06-15 16:21:23,43.2463607788086,-8.99026298522949,"Male"
"6018403",371836,2025-06-15 16:26:24,43.255126953125,-8.98394870758057,"Male"
"6018403",371836,2025-06-15 16:31:23,43.2626419067383,-8.98132133483887,"Male"
"6018403",371836,2025-06-15 16:36:41,43.2802581787109,-8.9843635559082,"Male"
"6018403",371836,2025-06-15 16:41:30,43.2863388061523,-8.96932983398438,"Male"
"6018403",371836,2025-06-15 16:46:23,43.2889060974121,-8.94362735748291,"Male"
"6018403",371836,2025-06-15 16:51:30,43.2938003540039,-8.91882228851318,"Male"
"6018403",371836,2025-06-15 16:57:23,43.3116912841797,-8.91152286529541,"Male"
"6018403",371836,2025-06-15 17:01:30,43.3214225769043,-8.90292549133301,"Male"
"6018403",371836,2025-06-15 17:06:31,43.3172569274902,-8.87956142425537,"Male"
"6018403",371836,2025-06-15 17:11:25,43.3193092346191,-8.86017990112305,"Male"
"6018403",371836,2025-06-15 17:16:23,43.3265419006348,-8.84791946411133,"Male"
"6018403",371836,2025-06-15 17:21:28,43.3445625305176,-8.83547496795654,"Male"
"6018403",371836,2025-06-15 17:26:23,43.3600158691406,-8.8459005355835,"Male"
"6018403",371836,2025-06-15 17:31:30,43.357837677002,-8.84428977966309,"Male"
"6018403",371836,2025-06-15 17:36:30,43.3578147888184,-8.84435844421387,"Male"
"6018403",371836,2025-06-15 17:41:34,43.3578033447266,-8.84440135955811,"Male"
"6018403",371836,2025-06-15 17:46:34,43.3577842712402,-8.8444652557373,"Male"
"6018403",371836,2025-06-15 17:51:34,43.3577499389648,-8.84447956085205,"Male"
"6018403",371836,2025-06-15 17:56:32,43.3579635620117,-8.84397315979004,"Male"
"6018403",371836,2025-06-15 18:01:41,43.357837677002,-8.84417247772217,"Male"
"6018403",371836,2025-06-15 18:06:30,43.3579368591309,-8.84421825408936,"Male"
"6018403",371836,2025-06-15 18:11:30,43.3578567504883,-8.84427356719971,"Male"
"6018403",371836,2025-06-15 18:16:30,43.3575401306152,-8.84465026855469,"Male"
"6018403",371836,2025-06-15 18:21:30,43.357780456543,-8.8444881439209,"Male"
"6018403",371836,2025-06-15 18:26:25,43.357536315918,-8.84473896026611,"Male"
"6018403",371836,2025-06-15 18:31:26,43.3578720092773,-8.84392166137695,"Male"
"6018403",371836,2025-06-15 18:36:25,43.3580169677734,-8.84388828277588,"Male"
"6018403",371836,2025-06-15 18:41:31,43.3573608398438,-8.84469223022461,"Male"
"6018403",371836,2025-06-15 18:46:44,43.3576889038086,-8.84468173980713,"Male"
"6018403",371836,2025-06-15 18:51:23,43.3577499389648,-8.84447956085205,"Male"
"6018403",371836,2025-06-15 18:56:23,43.357593536377,-8.84469604492188,"Male"
"6018403",371836,2025-06-15 19:01:23,43.3575286865234,-8.84470844268799,"Male"
"6018403",371836,2025-06-15 19:06:25,43.357780456543,-8.84454154968262,"Male"
"6018403",371836,2025-06-15 19:11:27,43.3577880859375,-8.84452438354492,"Male"
"6018403",371836,2025-06-15 19:16:29,43.3577003479004,-8.84449863433838,"Male"
"6018403",371836,2025-06-15 19:21:25,43.3576507568359,-8.8442268371582,"Male"
"6018403",371836,2025-06-15 19:26:24,43.3576316833496,-8.84450054168701,"Male"
"6018403",371836,2025-06-15 19:31:44,43.3576927185059,-8.8444299697876,"Male"
"6018403",371836,2025-06-15 19:36:24,43.357795715332,-8.84449481964111,"Male"
"6018403",371836,2025-06-15 19:41:23,43.3576736450195,-8.84444332122803,"Male"
"6018403",371836,2025-06-15 19:46:24,43.3577423095703,-8.84421157836914,"Male"
"6018403",371836,2025-06-15 19:51:25,43.3576889038086,-8.84438705444336,"Male"
"6018403",371836,2025-06-15 19:56:24,43.3577423095703,-8.84433650970459,"Male"
"6018403",371836,2025-06-15 20:01:25,43.357780456543,-8.84439945220947,"Male"
"6018403",371836,2025-06-15 20:06:25,43.3577728271484,-8.84453582763672,"Male"
"6018403",371836,2025-06-15 20:11:24,43.3578414916992,-8.84454154968262,"Male"
"6018403",371836,2025-06-15 20:16:23,43.3578567504883,-8.84444141387939,"Male"
"6018403",371836,2025-06-15 20:21:24,43.3579025268555,-8.84441184997559,"Male"
"6018403",371836,2025-06-15 20:26:24,43.3578109741211,-8.8444299697876,"Male"
"6018403",371836,2025-06-15 20:31:24,43.3578948974609,-8.84439945220947,"Male"
"6018403",371836,2025-06-15 20:36:24,43.3578186035156,-8.8444299697876,"Male"
"6018403",371836,2025-06-15 20:41:24,43.3578834533691,-8.84435176849365,"Male"
"6018403",371836,2025-06-15 20:46:24,43.3578987121582,-8.8443431854248,"Male"
"6018403",371836,2025-06-15 20:51:24,43.3578948974609,-8.84437561035156,"Male"
"6018403",371836,2025-06-15 20:56:24,43.3581886291504,-8.84426498413086,"Male"
"6018403",371836,2025-06-15 21:01:24,43.3579483032227,-8.84439182281494,"Male"
"6018403",371836,2025-06-15 21:06:25,43.3578720092773,-8.84438514709473,"Male"
"6018403",371836,2025-06-15 21:11:24,43.35791015625,-8.84438800811768,"Male"
"6018403",371836,2025-06-15 21:16:25,43.3579254150391,-8.84436893463135,"Male"
"6018403",371836,2025-06-15 21:21:25,43.3577651977539,-8.84414196014404,"Male"
"6018403",371836,2025-06-15 21:26:25,43.3580741882324,-8.84431266784668,"Male"
"6018403",371836,2025-06-15 21:31:25,43.3568916320801,-8.84323310852051,"Male"
"6018403",371836,2025-06-15 21:36:24,43.3571739196777,-8.84391307830811,"Male"
"6018403",371836,2025-06-15 21:41:24,43.3576431274414,-8.84404945373535,"Male"
"6018403",371836,2025-06-15 21:46:25,43.3579444885254,-8.84433174133301,"Male"
"6018403",371836,2025-06-15 21:51:24,43.3574409484863,-8.84371852874756,"Male"
"6018403",371836,2025-06-15 21:56:24,43.3565788269043,-8.84331798553467,"Male"
"6018403",371836,2025-06-15 22:01:25,43.3571891784668,-8.84391498565674,"Male"
"6018403",371836,2025-06-15 22:06:25,43.3578414916992,-8.84398460388184,"Male"
"6018403",371836,2025-06-15 22:11:25,43.3567848205566,-8.84389400482178,"Male"
"6018403",371836,2025-06-15 22:16:25,43.357421875,-8.84382247924805,"Male"
"6018403",371836,2025-06-15 22:21:25,43.3574028015137,-8.84376907348633,"Male"
"6018403",371836,2025-06-15 22:26:26,43.3575019836426,-8.84351348876953,"Male"
"6018403",371836,2025-06-15 22:31:26,43.3581809997559,-8.84379386901855,"Male"
"6018403",371836,2025-06-15 22:36:25,43.3575210571289,-8.84354591369629,"Male"
"6018403",371836,2025-06-15 22:41:28,43.3574905395508,-8.84360504150391,"Male"
"6018403",371836,2025-06-15 22:46:24,43.3576812744141,-8.84291458129883,"Male"
"6018403",371836,2025-06-15 22:51:24,43.3575592041016,-8.84357738494873,"Male"
"6018403",371836,2025-06-15 22:56:24,43.357593536377,-8.84351825714111,"Male"
"6018403",371836,2025-06-15 23:01:24,43.3575820922852,-8.84351921081543,"Male"
"6018403",371836,2025-06-15 23:06:24,43.3578071594238,-8.84342575073242,"Male"
"6018403",371836,2025-06-15 23:11:24,43.3577651977539,-8.84354782104492,"Male"
"6018403",371836,2025-06-15 23:16:24,43.357738494873,-8.84371566772461,"Male"
"6018403",371836,2025-06-15 23:21:25,43.3577537536621,-8.84366703033447,"Male"
"6018403",371836,2025-06-15 23:26:24,43.357738494873,-8.84375953674316,"Male"
"6018403",371836,2025-06-15 23:31:24,43.357738494873,-8.84367084503174,"Male"
"6018403",371836,2025-06-15 23:36:24,43.357723236084,-8.84374809265137,"Male"
"6018403",371836,2025-06-15 23:41:24,43.3576850891113,-8.84392547607422,"Male"
"6018403",371836,2025-06-15 23:46:24,43.3576431274414,-8.84410095214844,"Male"
"6018403",371836,2025-06-15 23:51:24,43.3575820922852,-8.8441686630249,"Male"
"6018403",371836,2025-06-15 23:56:24,43.3576812744141,-8.84406185150146,"Male"
"6018403",371836,2025-06-16 00:01:24,43.3576507568359,-8.84412288665771,"Male"
"6018403",371836,2025-06-16 00:06:24,43.3575248718262,-8.84436416625977,"Male"
"6018403",371836,2025-06-16 00:11:24,43.3575553894043,-8.84435939788818,"Male"
"6018403",371836,2025-06-16 00:16:24,43.3575019836426,-8.844407081604,"Male"
"6018403",371836,2025-06-16 00:21:24,43.3575592041016,-8.84432125091553,"Male"
"6018403",371836,2025-06-16 00:26:25,43.3579521179199,-8.84444713592529,"Male"
"6018403",371836,2025-06-16 00:31:27,43.3578147888184,-8.84457874298096,"Male"
"6018403",371836,2025-06-16 00:36:26,43.3578338623047,-8.84454727172852,"Male"
"6018403",371836,2025-06-16 00:41:25,43.357593536377,-8.84444046020508,"Male"
"6018403",371836,2025-06-16 00:46:26,43.3575973510742,-8.84440803527832,"Male"
"6018403",371836,2025-06-16 00:51:27,43.3575630187988,-8.84454822540283,"Male"
"6018403",371836,2025-06-16 00:56:25,43.3575325012207,-8.84459686279297,"Male"
"6018403",371836,2025-06-16 01:01:26,43.3575325012207,-8.84450531005859,"Male"
"6018403",371836,2025-06-16 01:06:27,43.3575820922852,-8.84467601776123,"Male"
"6018403",371836,2025-06-16 01:11:26,43.3575401306152,-8.84460926055908,"Male"
"6018403",371836,2025-06-16 01:16:27,43.3576164245605,-8.84498405456543,"Male"
"6018403",371836,2025-06-16 01:21:36,43.3574714660645,-8.84413051605225,"Male"
"6018403",371836,2025-06-16 01:26:25,43.3574523925781,-8.84407329559326,"Male"
"6018403",371836,2025-06-16 01:31:30,43.3577423095703,-8.84355449676514,"Male"
"6018403",371836,2025-06-16 01:36:29,43.3579139709473,-8.84323310852051,"Male"
"6018403",371836,2025-06-16 01:41:29,43.3577690124512,-8.8435525894165,"Male"
"6018403",371836,2025-06-16 01:46:26,43.3576927185059,-8.8436861038208,"Male"
"6018403",371836,2025-06-16 01:51:26,43.357780456543,-8.84385776519775,"Male"
"6018403",371836,2025-06-16 01:56:25,43.3577041625977,-8.8440055847168,"Male"
"6018403",371836,2025-06-16 02:01:24,43.3578300476074,-8.84395885467529,"Male"
"6018403",371836,2025-06-16 02:06:24,43.3577499389648,-8.84398460388184,"Male"
"6018403",371836,2025-06-16 02:11:24,43.3577308654785,-8.84381580352783,"Male"
"6018403",371836,2025-06-16 02:16:24,43.357723236084,-8.84402275085449,"Male"
"6018403",371836,2025-06-16 02:21:24,43.3577308654785,-8.84397220611572,"Male"
"6018403",371836,2025-06-16 02:26:24,43.357738494873,-8.84399890899658,"Male"
"6018403",371836,2025-06-16 02:31:25,43.3577766418457,-8.8439302444458,"Male"
"6018403",371836,2025-06-16 02:36:26,43.3577575683594,-8.84415054321289,"Male"
"6018403",371836,2025-06-16 02:41:26,43.3578186035156,-8.84402561187744,"Male"
"6018403",371836,2025-06-16 02:46:26,43.3577842712402,-8.84413623809814,"Male"
"6018403",371836,2025-06-16 02:51:25,43.3578681945801,-8.84408378601074,"Male"
"6018403",371836,2025-06-16 02:56:26,43.3578186035156,-8.84411239624023,"Male"
"6018403",371836,2025-06-16 03:01:27,43.3577117919922,-8.84420967102051,"Male"
"6018403",371836,2025-06-16 03:06:25,43.3576698303223,-8.84423923492432,"Male"
"6018403",371836,2025-06-16 03:11:24,43.3580093383789,-8.8441162109375,"Male"
"6018403",371836,2025-06-16 03:16:26,43.3579406738281,-8.84421157836914,"Male"
"6018403",371836,2025-06-16 03:21:27,43.3578948974609,-8.84414863586426,"Male"
"6018403",371836,2025-06-16 03:26:24,43.3577766418457,-8.84406566619873,"Male"
"6018403",371836,2025-06-16 03:31:26,43.357967376709,-8.8442268371582,"Male"
"6018403",371836,2025-06-16 03:36:24,43.3578453063965,-8.84412956237793,"Male"
"6018403",371836,2025-06-16 03:41:25,43.3579711914062,-8.8442211151123,"Male"
"6018403",371836,2025-06-16 03:46:25,43.3581237792969,-8.84432029724121,"Male"
"6018403",371836,2025-06-16 03:51:24,43.3581275939941,-8.84440326690674,"Male"
"6018403",371836,2025-06-16 03:56:25,43.3581047058105,-8.84427356719971,"Male"
"6018403",371836,2025-06-16 04:01:25,43.3584060668945,-8.84469604492188,"Male"
"6018403",371836,2025-06-16 04:06:27,43.3581771850586,-8.84441089630127,"Male"
"6018403",371836,2025-06-16 04:11:28,43.3579711914062,-8.84438133239746,"Male"
"6018403",371836,2025-06-16 04:16:27,43.3581886291504,-8.84441661834717,"Male"
"6018403",371836,2025-06-16 04:21:27,43.3577728271484,-8.84414291381836,"Male"
"6018403",371836,2025-06-16 04:26:27,43.3576202392578,-8.84401035308838,"Male"
"6018403",371836,2025-06-16 04:31:25,43.3578567504883,-8.84430027008057,"Male"
"6018403",371836,2025-06-16 04:36:37,43.3575592041016,-8.8441047668457,"Male"
"6018403",371836,2025-06-16 04:41:27,43.3572692871094,-8.84367561340332,"Male"
"6018403",371836,2025-06-16 04:46:28,43.3573226928711,-8.84354209899902,"Male"
"6018403",371836,2025-06-16 04:51:38,43.3576736450195,-8.84407615661621,"Male"
"6018403",371836,2025-06-16 04:56:30,43.3576316833496,-8.84389781951904,"Male"
"6018403",371836,2025-06-16 05:01:29,43.3576774597168,-8.84408760070801,"Male"
"6018403",371836,2025-06-16 05:06:28,43.3579025268555,-8.84471035003662,"Male"
"6018403",371836,2025-06-16 05:11:28,43.357795715332,-8.84446430206299,"Male"
"6018403",371836,2025-06-16 05:16:28,43.3577995300293,-8.84452247619629,"Male"
"6018403",371836,2025-06-16 05:21:25,43.3577995300293,-8.8444128036499,"Male"
"6018403",371836,2025-06-16 05:26:25,43.3578071594238,-8.84434986114502,"Male"
"6018403",371836,2025-06-16 05:31:26,43.3577346801758,-8.84433650970459,"Male"
"6018403",371836,2025-06-16 05:36:30,43.3580017089844,-8.84491443634033,"Male"
"6018403",371836,2025-06-16 05:41:36,43.3578872680664,-8.84356689453125,"Male"
"6018403",371836,2025-06-16 05:46:28,43.3578186035156,-8.84447193145752,"Male"
"6018403",371836,2025-06-16 05:51:29,43.3580055236816,-8.8447208404541,"Male"
"6018403",371836,2025-06-16 05:56:27,43.35791015625,-8.84455299377441,"Male"
"6018403",371836,2025-06-16 06:01:27,43.3582077026367,-8.84518909454346,"Male"
"6018403",371836,2025-06-16 06:06:26,43.358097076416,-8.84422779083252,"Male"
"6018403",371836,2025-06-16 06:11:26,43.3580932617188,-8.84424686431885,"Male"
"6018403",371836,2025-06-16 06:16:27,43.3578796386719,-8.84430599212646,"Male"
"6018403",371836,2025-06-16 06:21:29,43.3581237792969,-8.8442554473877,"Male"
"6018403",371836,2025-06-16 06:26:28,43.3578681945801,-8.84423542022705,"Male"
"6018403",371836,2025-06-16 06:31:26,43.3579635620117,-8.84416198730469,"Male"
"6018403",371836,2025-06-16 06:36:26,43.3578681945801,-8.84415149688721,"Male"
"6018403",371836,2025-06-16 06:41:27,43.3578681945801,-8.84419059753418,"Male"
"6018403",371836,2025-06-16 06:46:25,43.3578300476074,-8.84413242340088,"Male"
"6018403",371836,2025-06-16 06:51:25,43.3577995300293,-8.84411907196045,"Male"
"6018403",371836,2025-06-16 06:56:25,43.3579063415527,-8.84414577484131,"Male"
"6018403",371836,2025-06-16 07:01:26,43.3578987121582,-8.84432411193848,"Male"
"6018403",371836,2025-06-16 07:06:25,43.3741226196289,-8.84746074676514,"Male"
"6018403",371836,2025-06-16 07:11:24,43.3949203491211,-8.88041496276855,"Male"
"6018403",371836,2025-06-16 07:16:24,43.4108123779297,-8.91778945922852,"Male"
"6018403",371836,2025-06-16 07:21:25,43.4257125854492,-8.95755863189697,"Male"
"6018403",371836,2025-06-16 07:26:24,43.4391860961914,-8.9962215423584,"Male"
"6018403",371836,2025-06-16 07:31:24,43.4501838684082,-9.03007030487061,"Male"
"6018403",371836,2025-06-16 07:36:24,43.4689445495605,-9.04674530029297,"Male"
"6018403",371836,2025-06-16 07:41:26,43.48779296875,-9.05824947357178,"Male"
"6018403",371836,2025-06-16 07:46:25,43.5066604614258,-9.07795238494873,"Male"
"6018403",371836,2025-06-16 07:51:24,43.5254592895508,-9.09342098236084,"Male"
"6018403",371836,2025-06-16 07:56:24,43.5437660217285,-9.10440635681152,"Male"
"6018403",371836,2025-06-16 08:01:25,43.5438537597656,-9.10610771179199,"Male"
"6018403",371836,2025-06-16 08:06:25,43.5400428771973,-9.10877704620361,"Male"
"6018403",371836,2025-06-16 08:11:24,43.5393142700195,-9.11062049865723,"Male"
"6018403",371836,2025-06-16 08:16:26,43.5368003845215,-9.1131010055542,"Male"
"6018403",371836,2025-06-16 08:22:01,43.5345687866211,-9.11562061309814,"Male"
"6018403",371836,2025-06-16 08:27:00,43.5332145690918,-9.11735725402832,"Male"
"6018403",371836,2025-06-16 08:32:02,43.5320816040039,-9.119140625,"Male"
"6018403",371836,2025-06-16 08:37:01,43.5271759033203,-9.12309646606445,"Male"
"6018403",371836,2025-06-16 08:42:02,43.5252227783203,-9.12494659423828,"Male"
"6018403",371836,2025-06-16 08:47:01,43.5250968933105,-9.12686157226562,"Male"
"6018403",371836,2025-06-16 08:52:00,43.5248832702637,-9.12862586975098,"Male"
"6018403",371836,2025-06-16 08:57:00,43.5243377685547,-9.13090133666992,"Male"
"6018403",371836,2025-06-16 09:02:01,43.5205268859863,-9.13566589355469,"Male"
"6018403",371836,2025-06-16 09:07:00,43.5173797607422,-9.13777446746826,"Male"
"6018403",371836,2025-06-16 09:12:02,43.5173301696777,-9.13985824584961,"Male"
"6018403",371836,2025-06-16 09:17:00,43.511905670166,-9.14267444610596,"Male"
"6018403",371836,2025-06-16 09:22:00,43.5110893249512,-9.14236450195312,"Male"
"6018403",371836,2025-06-16 09:27:01,43.5100288391113,-9.14552974700928,"Male"
"6018403",371836,2025-06-16 09:32:01,43.5088081359863,-9.14669799804688,"Male"
"6018403",371836,2025-06-16 09:37:01,43.5083427429199,-9.15020084381104,"Male"
"6018403",371836,2025-06-16 09:42:03,43.5026550292969,-9.15621948242188,"Male"
"6018403",371836,2025-06-16 09:47:00,43.5031089782715,-9.15847587585449,"Male"
"6018403",371836,2025-06-16 09:52:04,43.503345489502,-9.16059970855713,"Male"
"6018403",371836,2025-06-16 09:57:00,43.5035552978516,-9.16300010681152,"Male"
"6018403",371836,2025-06-16 10:02:00,43.5030670166016,-9.15163230895996,"Male"
"6018403",371836,2025-06-16 10:07:02,43.4950370788574,-9.16896533966064,"Male"
"6018403",371836,2025-06-16 10:12:07,43.4952125549316,-9.16714096069336,"Male"
"6018403",371836,2025-06-16 10:17:02,43.4971694946289,-9.16625499725342,"Male"
"6018403",371836,2025-06-16 10:22:02,43.4982948303223,-9.16633701324463,"Male"
"6018403",371836,2025-06-16 10:27:00,43.4983825683594,-9.1655330657959,"Male"
"6018403",371836,2025-06-16 10:32:00,43.50048828125,-9.16512966156006,"Male"
"6018403",371836,2025-06-16 10:37:02,43.5002250671387,-9.16687774658203,"Male"
"6018403",371836,2025-06-16 10:42:00,43.5000686645508,-9.16775703430176,"Male"
"6018403",371836,2025-06-16 10:47:00,43.4995880126953,-9.16884326934814,"Male"
"6018403",371836,2025-06-16 10:52:03,43.4988784790039,-9.1686897277832,"Male"
"6018403",371836,2025-06-16 10:57:01,43.4993019104004,-9.17091464996338,"Male"
"6018403",371836,2025-06-16 11:02:01,43.4988212585449,-9.17162418365479,"Male"
"6018403",371836,2025-06-16 11:07:02,43.4975814819336,-9.17268371582031,"Male"
"6018403",371836,2025-06-16 11:12:01,43.4970016479492,-9.17475700378418,"Male"
"6018403",371836,2025-06-16 11:17:01,43.4958648681641,-9.1756420135498,"Male"
"6018403",371836,2025-06-16 11:22:00,43.494457244873,-9.18192672729492,"Male"
"6018403",371836,2025-06-16 11:27:00,43.4932823181152,-9.18294334411621,"Male"
"6018403",371836,2025-06-16 11:32:01,43.4925880432129,-9.18466854095459,"Male"
"6018403",371836,2025-06-16 11:37:01,43.4915390014648,-9.18588352203369,"Male"
"6018403",371836,2025-06-16 11:42:02,43.4905624389648,-9.1873083114624,"Male"
"6018403",371836,2025-06-16 11:47:02,43.489013671875,-9.19445037841797,"Male"
"6018403",371836,2025-06-16 11:52:03,43.488452911377,-9.19573593139648,"Male"
"6018403",371836,2025-06-16 11:57:03,43.4872093200684,-9.19678783416748,"Male"
"6018403",371836,2025-06-16 12:02:06,43.4862785339355,-9.19831848144531,"Male"
"6018403",371836,2025-06-16 12:07:01,43.4855804443359,-9.1997184753418,"Male"
"6018403",371836,2025-06-16 12:12:02,43.4846458435059,-9.20135974884033,"Male"
"6018403",371836,2025-06-16 12:17:02,43.4842987060547,-9.20359897613525,"Male"
"6018403",371836,2025-06-16 12:22:13,43.4826736450195,-9.20457077026367,"Male"
"6018403",371836,2025-06-16 12:27:05,43.4796104431152,-9.2107982635498,"Male"
"6018403",371836,2025-06-16 12:32:06,43.4786682128906,-9.21173763275146,"Male"
"6018403",371836,2025-06-16 12:37:07,43.4775695800781,-9.21309757232666,"Male"
"6018403",371836,2025-06-16 12:42:01,43.4764976501465,-9.2193431854248,"Male"
"6018403",371836,2025-06-16 12:47:08,43.4757995605469,-9.22085762023926,"Male"
"6018403",371836,2025-06-16 12:52:12,43.4748344421387,-9.22228145599365,"Male"
"6018403",371836,2025-06-16 12:57:04,43.4724960327148,-9.22458362579346,"Male"
"6018403",371836,2025-06-16 13:02:01,43.4717864990234,-9.22687816619873,"Male"
"6018403",371836,2025-06-16 13:07:03,43.471248626709,-9.22863101959229,"Male"
"6018403",371836,2025-06-16 13:12:10,43.4698944091797,-9.23068904876709,"Male"
"6018403",371836,2025-06-16 13:17:12,43.4697952270508,-9.23544883728027,"Male"
"6018403",371836,2025-06-16 13:22:01,43.4683876037598,-9.23781299591064,"Male"
"6018403",371836,2025-06-16 13:27:34,43.4675407409668,-9.23958969116211,"Male"
"6018403",371836,2025-06-16 13:32:00,43.4670028686523,-9.2416410446167,"Male"
"6018403",371836,2025-06-16 13:37:01,43.4665222167969,-9.24342250823975,"Male"
"6018403",371836,2025-06-16 13:42:01,43.4660911560059,-9.2450008392334,"Male"
"6018403",371836,2025-06-16 13:47:01,43.4656028747559,-9.24644660949707,"Male"
"6018403",371836,2025-06-16 13:52:00,43.4659233093262,-9.24705410003662,"Male"
"6018403",371836,2025-06-16 13:57:00,43.4671058654785,-9.24744892120361,"Male"
"6018403",371836,2025-06-16 14:02:00,43.465446472168,-9.24986839294434,"Male"
"6018403",371836,2025-06-16 14:07:00,43.4651565551758,-9.25176334381104,"Male"
"6018403",371836,2025-06-16 14:12:01,43.4621238708496,-9.25663375854492,"Male"
"6018403",371836,2025-06-16 14:17:01,43.4622955322266,-9.25783538818359,"Male"
"6018403",371836,2025-06-16 14:22:00,43.4620704650879,-9.25999546051025,"Male"
"6018403",371836,2025-06-16 14:27:01,43.4621391296387,-9.26186943054199,"Male"
"6018403",371836,2025-06-16 14:32:00,43.4606895446777,-9.26485538482666,"Male"
"6018403",371836,2025-06-16 14:37:03,43.4606513977051,-9.26916313171387,"Male"
"6018403",371836,2025-06-16 14:42:02,43.4607086181641,-9.27096652984619,"Male"
"6018403",371836,2025-06-16 14:47:02,43.4599838256836,-9.27299785614014,"Male"
"6018403",371836,2025-06-16 14:52:04,43.4599456787109,-9.27489376068115,"Male"
"6018403",371836,2025-06-16 14:57:04,43.4588775634766,-9.27698802947998,"Male"
"6018403",371836,2025-06-16 15:02:04,43.4594802856445,-9.27944374084473,"Male"
"6018403",371836,2025-06-16 15:07:07,43.4591102600098,-9.28165435791016,"Male"
"6018403",371836,2025-06-16 15:12:03,43.4562225341797,-9.28826999664307,"Male"
"6018403",371836,2025-06-16 15:17:03,43.4569129943848,-9.29237651824951,"Male"
"6018403",371836,2025-06-16 15:22:03,43.4574661254883,-9.29589366912842,"Male"
"6018403",371836,2025-06-16 15:27:03,43.4574012756348,-9.29809379577637,"Male"
"6018403",371836,2025-06-16 15:32:05,43.4581069946289,-9.30020523071289,"Male"
"6018403",371836,2025-06-16 15:37:10,43.4585571289062,-9.30200386047363,"Male"
"6018403",371836,2025-06-16 15:42:09,43.4590187072754,-9.30371570587158,"Male"
"6018403",371836,2025-06-16 15:47:01,43.459659576416,-9.30530643463135,"Male"
"6018403",371836,2025-06-16 15:52:05,43.4599189758301,-9.30640029907227,"Male"
"6018403",371836,2025-06-16 15:57:32,43.4607620239258,-9.30841159820557,"Male"
"6018403",371836,2025-06-16 16:02:00,43.4611167907715,-9.30992698669434,"Male"
"6018403",371836,2025-06-16 16:07:00,43.4616394042969,-9.31138134002686,"Male"
"6018403",371836,2025-06-16 16:12:00,43.4590873718262,-9.31281661987305,"Male"
"6018403",371836,2025-06-16 16:17:01,43.4328994750977,-9.29626750946045,"Male"
"6018403",371836,2025-06-16 16:21:59,43.405029296875,-9.28052425384521,"Male"
"6018403",371836,2025-06-16 16:27:01,43.3726997375488,-9.26387214660645,"Male"
"6018403",371836,2025-06-16 16:32:00,43.3450126647949,-9.24265575408936,"Male"
"6018403",371836,2025-06-16 16:37:04,43.3143882751465,-9.22067832946777,"Male"
"6018403",371836,2025-06-16 16:41:59,43.3001594543457,-9.19483757019043,"Male"
"6018403",371836,2025-06-16 16:47:00,43.2850608825684,-9.16642379760742,"Male"
"6018403",371836,2025-06-16 16:52:00,43.2845687866211,-9.13625049591064,"Male"
"6018403",371836,2025-06-16 16:57:00,43.2831993103027,-9.1041955947876,"Male"
"6018403",371836,2025-06-16 17:02:00,43.2829742431641,-9.07196521759033,"Male"
"6018403",371836,2025-06-16 17:07:00,43.2820281982422,-9.03947448730469,"Male"
"6018403",371836,2025-06-16 17:12:01,43.279167175293,-9.00547981262207,"Male"
"6018403",371836,2025-06-16 17:17:00,43.2818756103516,-8.98296165466309,"Male"
"6018403",371836,2025-06-16 17:22:00,43.2881202697754,-8.96168994903564,"Male"
"6018403",371836,2025-06-16 17:27:08,43.2912673950195,-8.92960262298584,"Male"
"6018403",371836,2025-06-16 17:32:01,43.3140487670898,-8.91251182556152,"Male"
"6018403",371836,2025-06-16 17:37:01,43.3180160522461,-8.89478969573975,"Male"
"6018403",371836,2025-06-16 17:42:03,43.3249893188477,-8.85776710510254,"Male"
"6018403",371836,2025-06-16 17:47:12,43.3371391296387,-8.85285377502441,"Male"
"6018403",371836,2025-06-16 17:52:00,43.3591270446777,-8.84557723999023,"Male"
"6018403",371836,2025-06-16 17:57:00,43.3567352294922,-8.84393692016602,"Male"
"6018403",371836,2025-06-16 18:02:03,43.3574295043945,-8.84409713745117,"Male"
"6018403",371836,2025-06-16 18:07:10,43.3573989868164,-8.84413814544678,"Male"
"6018403",371836,2025-06-16 18:12:04,43.3570327758789,-8.84394454956055,"Male"
"6018403",371836,2025-06-16 18:17:04,43.3574523925781,-8.84415245056152,"Male"
"6018403",371836,2025-06-16 18:22:07,43.3575897216797,-8.84415817260742,"Male"
"6018403",371836,2025-06-16 18:27:14,43.3575706481934,-8.84416484832764,"Male"
"6018403",371836,2025-06-16 18:32:03,43.357852935791,-8.84427738189697,"Male"
"6018403",371836,2025-06-16 18:37:03,43.3578262329102,-8.8446626663208,"Male"
"6018403",371836,2025-06-16 18:42:26,43.3577842712402,-8.84441661834717,"Male"
"6018403",371836,2025-06-16 18:47:15,43.3579177856445,-8.84451580047607,"Male"
"6018403",371836,2025-06-16 18:52:20,43.3579292297363,-8.84463500976562,"Male"
"6018403",371836,2025-06-16 18:57:14,43.3575706481934,-8.84396362304688,"Male"
"6018403",371836,2025-06-16 19:02:17,43.3579864501953,-8.84456443786621,"Male"
"6018403",371836,2025-06-16 19:07:27,43.3579330444336,-8.84458065032959,"Male"
"6018403",371836,2025-06-16 19:12:09,43.3578605651855,-8.84445667266846,"Male"
"6018403",371836,2025-06-16 19:17:11,43.357795715332,-8.844313621521,"Male"
"6018403",371836,2025-06-16 19:22:06,43.3574714660645,-8.84383296966553,"Male"
"6018403",371836,2025-06-16 19:27:09,43.3576889038086,-8.84425830841064,"Male"
"6018403",371836,2025-06-16 19:32:21,43.3574066162109,-8.84415626525879,"Male"
"6018403",371836,2025-06-16 19:37:10,43.3573226928711,-8.84402656555176,"Male"
"6018403",371836,2025-06-16 19:42:07,43.3574142456055,-8.84423637390137,"Male"
"6018403",371836,2025-06-16 19:47:19,43.3576812744141,-8.84430313110352,"Male"
"6018403",371836,2025-06-16 19:52:16,43.3577117919922,-8.84437274932861,"Male"
"6018403",371836,2025-06-16 19:57:18,43.3577346801758,-8.84448432922363,"Male"
"6018403",371836,2025-06-16 20:02:35,43.3576736450195,-8.84412574768066,"Male"
"6018403",371836,2025-06-16 20:07:09,43.3576736450195,-8.84403133392334,"Male"
"6018403",371836,2025-06-16 20:12:03,43.3572235107422,-8.84475898742676,"Male"
"6018403",371836,2025-06-16 20:17:02,43.3579025268555,-8.84350299835205,"Male"
"6018403",371836,2025-06-16 20:23:39,43.3577995300293,-8.84367084503174,"Male"
"6018403",371836,2025-06-16 20:28:38,43.3575859069824,-8.84432220458984,"Male"
"6018403",371836,2025-06-16 20:33:38,43.3575782775879,-8.84378337860107,"Male"
"6018403",371836,2025-06-16 20:38:38,43.357593536377,-8.84395503997803,"Male"
"6018403",371836,2025-06-16 20:43:41,43.3576164245605,-8.84415340423584,"Male"
"6018403",371836,2025-06-16 20:48:41,43.3575859069824,-8.84457683563232,"Male"
"6018403",371836,2025-06-16 20:53:42,43.3575897216797,-8.84456443786621,"Male"
"6018403",371836,2025-06-16 20:58:41,43.3576164245605,-8.84443473815918,"Male"
"6018403",371836,2025-06-16 21:03:40,43.357608795166,-8.84454441070557,"Male"
"6018403",371836,2025-06-16 21:08:41,43.3575706481934,-8.84443759918213,"Male"
"6018403",371836,2025-06-16 21:13:42,43.3575439453125,-8.84450149536133,"Male"
"6018403",371836,2025-06-16 21:18:40,43.3576507568359,-8.84450054168701,"Male"
"6018403",371836,2025-06-16 21:23:41,43.3578720092773,-8.84458923339844,"Male"
"6018403",371836,2025-06-16 21:28:41,43.3576622009277,-8.84446620941162,"Male"
"6018403",371836,2025-06-16 21:33:42,43.3578109741211,-8.84423828125,"Male"
"6018403",371836,2025-06-16 21:38:43,43.3578414916992,-8.84439373016357,"Male"
"6018403",371836,2025-06-16 21:43:38,43.358024597168,-8.84428024291992,"Male"
"6018403",371836,2025-06-16 21:48:42,43.3579864501953,-8.84419250488281,"Male"
"6018403",371836,2025-06-16 21:54:05,43.3575897216797,-8.84412956237793,"Male"
"6018403",371836,2025-06-16 21:58:37,43.3576889038086,-8.84418392181396,"Male"
"6018403",371836,2025-06-16 22:03:37,43.3576354980469,-8.8442211151123,"Male"
"6018403",371836,2025-06-16 22:08:37,43.3576278686523,-8.84408855438232,"Male"
"6018403",371836,2025-06-16 22:13:37,43.3576278686523,-8.84419822692871,"Male"
"6018403",371836,2025-06-16 22:18:37,43.3576164245605,-8.84416770935059,"Male"
"6018403",371836,2025-06-16 22:23:37,43.3577613830566,-8.844313621521,"Male"
"6018403",371836,2025-06-16 22:28:36,43.3576850891113,-8.84429931640625,"Male"
"6018403",371836,2025-06-16 22:33:40,43.3575134277344,-8.84416580200195,"Male"
"6018403",371836,2025-06-16 22:38:38,43.3575744628906,-8.84392356872559,"Male"
"6018403",371836,2025-06-16 22:43:37,43.3576736450195,-8.84418201446533,"Male"
"6018403",371836,2025-06-16 22:48:40,43.3576545715332,-8.84432888031006,"Male"
"6018403",371836,2025-06-16 22:53:37,43.3575973510742,-8.84414482116699,"Male"
"6018403",371836,2025-06-16 22:58:37,43.3576354980469,-8.84421062469482,"Male"
"6018403",371836,2025-06-16 23:03:39,43.3576469421387,-8.84431838989258,"Male"
"6018403",371836,2025-06-16 23:08:41,43.3576049804688,-8.84411907196045,"Male"
"6018403",371836,2025-06-16 23:13:45,43.357593536377,-8.8441276550293,"Male"
"6018403",371836,2025-06-16 23:18:38,43.3575172424316,-8.84398174285889,"Male"
"6018403",371836,2025-06-16 23:23:38,43.3575286865234,-8.84413146972656,"Male"
"6018403",371836,2025-06-16 23:28:37,43.3575897216797,-8.8440990447998,"Male"
"6018403",371836,2025-06-16 23:33:37,43.3574714660645,-8.84405040740967,"Male"
"6018403",371836,2025-06-16 23:38:39,43.3576126098633,-8.84413909912109,"Male"
"6018403",371836,2025-06-16 23:43:39,43.3576583862305,-8.84416007995605,"Male"
"6018403",371836,2025-06-16 23:48:42,43.3576278686523,-8.84416675567627,"Male"
"6018403",371836,2025-06-16 23:53:38,43.3576622009277,-8.84414863586426,"Male"
"6018403",371836,2025-06-16 23:58:41,43.3577041625977,-8.84422492980957,"Male"
"6018403",371836,2025-06-17 00:03:42,43.3576393127441,-8.84418296813965,"Male"
"6018403",371836,2025-06-17 00:08:41,43.3576431274414,-8.84418106079102,"Male"
"6018403",371836,2025-06-17 00:13:45,43.3575057983398,-8.84408187866211,"Male"
"6018403",371836,2025-06-17 00:18:46,43.3576965332031,-8.84421825408936,"Male"
"6018403",371836,2025-06-17 00:23:49,43.357593536377,-8.84416961669922,"Male"
"6018403",371836,2025-06-17 00:29:05,43.3576431274414,-8.844162940979,"Male"
"6018403",371836,2025-06-17 00:33:40,43.357738494873,-8.84419822692871,"Male"
"6018403",371836,2025-06-17 00:38:39,43.3578071594238,-8.84421348571777,"Male"
"6018403",371836,2025-06-17 00:43:39,43.357536315918,-8.84419727325439,"Male"
"6018403",371836,2025-06-17 00:48:41,43.357608795166,-8.8442850112915,"Male"
"6018403",371836,2025-06-17 00:53:56,43.3576698303223,-8.84409713745117,"Male"
"6018403",371836,2025-06-17 00:58:56,43.3575172424316,-8.84408569335938,"Male"
"6018403",371836,2025-06-17 01:04:05,43.3576240539551,-8.84408283233643,"Male"
"6018403",371836,2025-06-17 01:08:37,43.3576736450195,-8.84424686431885,"Male"
"6018403",371836,2025-06-17 01:13:38,43.357666015625,-8.84404754638672,"Male"
"6018403",371836,2025-06-17 01:18:37,43.3575973510742,-8.84368515014648,"Male"
"6018403",371836,2025-06-17 01:23:37,43.3576545715332,-8.84392738342285,"Male"
"6018403",371836,2025-06-17 01:28:48,43.3577728271484,-8.84401702880859,"Male"
"6018403",371836,2025-06-17 01:33:38,43.357852935791,-8.84403610229492,"Male"
"6018403",371836,2025-06-17 01:38:38,43.3576507568359,-8.84430599212646,"Male"
"6018403",371836,2025-06-17 01:43:45,43.3576583862305,-8.84416389465332,"Male"
"6018403",371836,2025-06-17 01:48:42,43.3576049804688,-8.84412002563477,"Male"
"6018403",371836,2025-06-17 01:53:41,43.3576545715332,-8.84407520294189,"Male"
"6018403",371836,2025-06-17 01:58:41,43.3576469421387,-8.84405994415283,"Male"
"6018403",371836,2025-06-17 02:03:45,43.3575859069824,-8.84407329559326,"Male"
"6018403",371836,2025-06-17 02:08:43,43.3574867248535,-8.84400177001953,"Male"
"6018403",371836,2025-06-17 02:14:01,43.3576240539551,-8.84412288665771,"Male"
"6018403",371836,2025-06-17 02:18:37,43.3576202392578,-8.84405517578125,"Male"
"6018403",371836,2025-06-17 02:23:37,43.3575668334961,-8.84408378601074,"Male"
"6018403",371836,2025-06-17 02:28:36,43.3575859069824,-8.84412574768066,"Male"
"6018403",371836,2025-06-17 02:33:37,43.3576812744141,-8.84421825408936,"Male"
"6018403",371836,2025-06-17 02:38:36,43.3577575683594,-8.84429168701172,"Male"
"6018403",371836,2025-06-17 02:43:37,43.3575401306152,-8.84485912322998,"Male"
"6018403",371836,2025-06-17 02:48:37,43.3574600219727,-8.8439998626709,"Male"
"6018403",371836,2025-06-17 02:53:40,43.357666015625,-8.84398651123047,"Male"
"6018403",371836,2025-06-17 02:58:37,43.3577842712402,-8.84421348571777,"Male"
"6018403",371836,2025-06-17 03:03:37,43.3578681945801,-8.8442907333374,"Male"
"6018403",371836,2025-06-17 03:08:39,43.3578300476074,-8.84421253204346,"Male"
"6018403",371836,2025-06-17 03:13:40,43.3576927185059,-8.84413242340088,"Male"
"6018403",371836,2025-06-17 03:18:41,43.357780456543,-8.84418201446533,"Male"
"6018403",371836,2025-06-17 03:23:42,43.3574752807617,-8.84397983551025,"Male"
"6018403",371836,2025-06-17 03:28:41,43.3574676513672,-8.84397029876709,"Male"
"6018403",371836,2025-06-17 03:33:41,43.3576278686523,-8.84412097930908,"Male"
"6018403",371836,2025-06-17 03:38:43,43.3573684692383,-8.84389305114746,"Male"
"6018403",371836,2025-06-17 03:43:42,43.3573722839355,-8.8439416885376,"Male"
"6018403",371836,2025-06-17 03:48:42,43.3573722839355,-8.84387588500977,"Male"
"6018403",371836,2025-06-17 03:54:05,43.3576049804688,-8.84409618377686,"Male"
"6018403",371836,2025-06-17 03:58:38,43.3576469421387,-8.84414768218994,"Male"
"6018403",371836,2025-06-17 04:03:37,43.3576393127441,-8.84412097930908,"Male"
"6018403",371836,2025-06-17 04:08:40,43.3576164245605,-8.84408473968506,"Male"
"6018403",371836,2025-06-17 04:13:38,43.3575859069824,-8.8441276550293,"Male"
"6018403",371836,2025-06-17 04:18:39,43.3575973510742,-8.84410381317139,"Male"
"6018403",371836,2025-06-17 04:23:40,43.3576622009277,-8.84414005279541,"Male"
"6018403",371836,2025-06-17 04:28:39,43.357795715332,-8.84439563751221,"Male"
"6018403",371836,2025-06-17 04:33:46,43.3574867248535,-8.84420776367188,"Male"
"6018403",371836,2025-06-17 04:38:39,43.3575439453125,-8.84426498413086,"Male"
"6018403",371836,2025-06-17 04:43:41,43.3576393127441,-8.84425449371338,"Male"
"6018403",371836,2025-06-17 04:48:45,43.3575897216797,-8.84418869018555,"Male"
"6018403",371836,2025-06-17 04:53:45,43.3572769165039,-8.8440408706665,"Male"
"6018403",371836,2025-06-17 04:58:39,43.3574371337891,-8.84360694885254,"Male"
"6018403",371836,2025-06-17 05:03:42,43.3575248718262,-8.84394264221191,"Male"
"6018403",371836,2025-06-17 05:08:48,43.3575820922852,-8.84396553039551,"Male"
"6018403",371836,2025-06-17 05:13:41,43.3576927185059,-8.84418296813965,"Male"
"6018403",371836,2025-06-17 05:18:42,43.3576278686523,-8.8442907333374,"Male"
"6018403",371836,2025-06-17 05:23:54,43.3576850891113,-8.84367942810059,"Male"
"6018403",371836,2025-06-17 05:28:52,43.3575706481934,-8.84386539459229,"Male"
"6018403",371836,2025-06-17 05:33:48,43.3576049804688,-8.84388256072998,"Male"
"6018403",371836,2025-06-17 05:38:45,43.3575172424316,-8.84388732910156,"Male"
"6018403",371836,2025-06-17 05:43:38,43.3575248718262,-8.84395694732666,"Male"
"6018403",371836,2025-06-17 05:48:56,43.3576316833496,-8.84419822692871,"Male"
"6018403",371836,2025-06-17 05:53:38,43.3575973510742,-8.84415817260742,"Male"
"6018403",371836,2025-06-17 05:58:53,43.3575210571289,-8.84398174285889,"Male"
"6018403",371836,2025-06-17 06:03:42,43.3575210571289,-8.8439998626709,"Male"
"6018403",371836,2025-06-17 06:09:05,43.357593536377,-8.84417533874512,"Male"
"6018403",371836,2025-06-17 06:13:37,43.3576393127441,-8.84431743621826,"Male"
"6018403",371836,2025-06-17 06:18:37,43.3576354980469,-8.84432411193848,"Male"
"6018403",371836,2025-06-17 06:23:37,43.3576126098633,-8.84417629241943,"Male"
"6018403",371836,2025-06-17 06:28:38,43.3576583862305,-8.84421920776367,"Male"
"6018403",371836,2025-06-17 06:33:38,43.3576431274414,-8.84422874450684,"Male"
"6018403",371836,2025-06-17 06:38:47,43.3576507568359,-8.84425926208496,"Male"
"6018403",371836,2025-06-17 06:43:45,43.3575859069824,-8.84408187866211,"Male"
"6018403",371836,2025-06-17 06:48:47,43.3575744628906,-8.84404563903809,"Male"
"6018403",371836,2025-06-17 06:53:38,43.3575973510742,-8.84407138824463,"Male"
"6018403",371836,2025-06-17 06:58:44,43.3576622009277,-8.84414958953857,"Male"
"6018403",371836,2025-06-17 07:04:06,43.3575553894043,-8.84400367736816,"Male"
"6018403",371836,2025-06-17 07:08:42,43.3575134277344,-8.84409999847412,"Male"
"6018403",371836,2025-06-17 07:13:45,43.3574867248535,-8.8440523147583,"Male"
"6018403",371836,2025-06-17 07:18:42,43.3574180603027,-8.84388065338135,"Male"
"6018403",371836,2025-06-17 07:23:45,43.3575134277344,-8.84395694732666,"Male"
"6018403",371836,2025-06-17 07:28:43,43.357536315918,-8.84394836425781,"Male"
"6018403",371836,2025-06-17 07:33:37,43.3573532104492,-8.84396266937256,"Male"
"6018403",371836,2025-06-17 07:39:05,43.3576278686523,-8.84408664703369,"Male"
"6018403",371836,2025-06-17 07:43:39,43.3576393127441,-8.84405040740967,"Male"
"6018403",371836,2025-06-17 07:48:38,43.3576164245605,-8.84405994415283,"Male"
"6018403",371836,2025-06-17 07:53:40,43.3576049804688,-8.84409332275391,"Male"
"6018403",371836,2025-06-17 07:58:38,43.3575592041016,-8.84408760070801,"Male"
"6018403",371836,2025-06-17 08:03:40,43.3576545715332,-8.84405994415283,"Male"
"6018403",371836,2025-06-17 08:08:39,43.3576354980469,-8.84402465820312,"Male"
"6018403",371836,2025-06-17 08:13:46,43.3576927185059,-8.84405708312988,"Male"
"6018403",371836,2025-06-17 08:18:48,43.3575973510742,-8.84409332275391,"Male"
"6018403",371836,2025-06-17 08:23:46,43.357608795166,-8.84413623809814,"Male"
"6018403",371836,2025-06-17 08:28:49,43.3575401306152,-8.84412384033203,"Male"
"6018403",371836,2025-06-17 08:33:49,43.3575477600098,-8.84412670135498,"Male"
"6018403",371836,2025-06-17 08:38:41,43.357536315918,-8.84420299530029,"Male"
"6018403",371836,2025-06-17 08:43:41,43.3579292297363,-8.84418106079102,"Male"
"6018403",371836,2025-06-17 08:48:40,43.3576545715332,-8.84386348724365,"Male"
"6018403",371836,2025-06-17 08:53:49,43.3577117919922,-8.84429359436035,"Male"
"6018403",371836,2025-06-17 08:58:42,43.3575897216797,-8.84457969665527,"Male"
"6018403",371836,2025-06-17 09:03:40,43.357593536377,-8.84443664550781,"Male"
"6018403",371836,2025-06-17 09:08:43,43.3575706481934,-8.84417533874512,"Male"
"6018403",371836,2025-06-17 09:13:37,43.3575820922852,-8.84413051605225,"Male"
"6018403",371836,2025-06-17 09:18:38,43.3576507568359,-8.84432601928711,"Male"
"6018403",371836,2025-06-17 09:23:38,43.3576049804688,-8.84441757202148,"Male"
"6018403",371836,2025-06-17 09:28:37,43.3577079772949,-8.84465885162354,"Male"
"6018403",371836,2025-06-17 09:33:38,43.3576583862305,-8.84435939788818,"Male"
"6018403",371836,2025-06-17 09:39:05,43.3576316833496,-8.84430122375488,"Male"
"6018403",371836,2025-06-17 09:43:36,43.3576507568359,-8.84424304962158,"Male"
"6018403",371836,2025-06-17 09:48:36,43.3576278686523,-8.84433841705322,"Male"
"6018403",371836,2025-06-17 09:53:37,43.3576316833496,-8.84433269500732,"Male"
"6018403",371836,2025-06-17 09:58:36,43.357551574707,-8.84429168701172,"Male"
"6018403",371836,2025-06-17 10:03:37,43.3575782775879,-8.84424591064453,"Male"
"6018403",371836,2025-06-17 10:08:37,43.3576202392578,-8.84414291381836,"Male"
"6018403",371836,2025-06-17 10:13:38,43.3574867248535,-8.84401988983154,"Male"
"6018403",371836,2025-06-17 10:18:37,43.3575897216797,-8.84426212310791,"Male"
"6018403",371836,2025-06-17 10:23:37,43.3575820922852,-8.84415340423584,"Male"
"6018403",371836,2025-06-17 10:28:37,43.3575897216797,-8.84425258636475,"Male"
"6018403",371836,2025-06-17 10:33:37,43.3576240539551,-8.84409046173096,"Male"
"6018403",371836,2025-06-17 10:38:41,43.3576774597168,-8.8441162109375,"Male"
"6018403",371836,2025-06-17 10:43:41,43.3576889038086,-8.8441104888916,"Male"
"6018403",371836,2025-06-17 10:48:42,43.3576354980469,-8.84425258636475,"Male"
"6018403",371836,2025-06-17 10:53:42,43.3576850891113,-8.84420394897461,"Male"
"6018403",371836,2025-06-17 10:58:58,43.357666015625,-8.84420013427734,"Male"
"6018403",371836,2025-06-17 11:04:05,43.357666015625,-8.84419536590576,"Male"
"6018403",371836,2025-06-17 11:08:37,43.3577346801758,-8.84389209747314,"Male"
"6018403",371836,2025-06-17 11:13:37,43.3576812744141,-8.84406757354736,"Male"
"6018403",371836,2025-06-17 11:18:37,43.3576164245605,-8.84394836425781,"Male"
"6018403",371836,2025-06-17 11:23:36,43.3577003479004,-8.84403133392334,"Male"
"6018403",371836,2025-06-17 11:28:38,43.3576545715332,-8.84421348571777,"Male"
"6018403",371836,2025-06-17 11:33:38,43.3576583862305,-8.84388828277588,"Male"
"6018403",371836,2025-06-17 11:38:40,43.3576278686523,-8.84400653839111,"Male"
"6018403",371836,2025-06-17 11:43:40,43.3575553894043,-8.84385299682617,"Male"
"6018403",371836,2025-06-17 11:48:36,43.357608795166,-8.84407615661621,"Male"
"6018403",371836,2025-06-17 11:53:37,43.3577117919922,-8.84450912475586,"Male"
"6018403",371836,2025-06-17 11:58:36,43.3576354980469,-8.84415721893311,"Male"
"6018403",371836,2025-06-17 12:03:37,43.357723236084,-8.84441375732422,"Male"
"6018403",371836,2025-06-17 12:08:39,43.3576011657715,-8.84409427642822,"Male"
"6018403",371836,2025-06-17 12:13:36,43.3576011657715,-8.84406280517578,"Male"
"6018403",371836,2025-06-17 12:18:37,43.357723236084,-8.84438133239746,"Male"
"6018403",371836,2025-06-17 12:23:36,43.3575973510742,-8.84407234191895,"Male"
"6018403",371836,2025-06-17 12:28:38,43.3576774597168,-8.84416007995605,"Male"
"6018403",371836,2025-06-17 12:33:37,43.3576927185059,-8.84419536590576,"Male"
"6018403",371836,2025-06-17 12:38:40,43.3577575683594,-8.84439659118652,"Male"
"6018403",371836,2025-06-17 12:43:41,43.3575706481934,-8.84393882751465,"Male"
"6018403",371836,2025-06-17 12:48:42,43.3576202392578,-8.84399700164795,"Male"
"6018403",371836,2025-06-17 12:53:40,43.357593536377,-8.84385585784912,"Male"
"6018403",371836,2025-06-17 12:58:48,43.3575744628906,-8.84370803833008,"Male"
"6018403",371836,2025-06-17 13:04:02,43.3577995300293,-8.84397506713867,"Male"
"6018403",371836,2025-06-17 13:08:38,43.3578033447266,-8.84398078918457,"Male"
"6018403",371836,2025-06-17 13:13:40,43.3578453063965,-8.84391784667969,"Male"
"6018403",371836,2025-06-17 13:18:40,43.3576049804688,-8.84428882598877,"Male"
"6018403",371836,2025-06-17 13:23:38,43.3577194213867,-8.84408569335938,"Male"
"6018403",371836,2025-06-17 13:28:43,43.3576507568359,-8.84414291381836,"Male"
"6018403",371836,2025-06-17 13:33:39,43.357364654541,-8.84443473815918,"Male"
"6018403",371836,2025-06-17 13:38:40,43.3573837280273,-8.84426021575928,"Male"
"6018403",371836,2025-06-17 13:43:37,43.3574867248535,-8.84422492980957,"Male"
"6018403",371836,2025-06-17 13:49:01,43.3576202392578,-8.84420394897461,"Male"
"6018403",371836,2025-06-17 13:53:38,43.3575325012207,-8.84424209594727,"Male"
"6018403",371836,2025-06-17 13:58:37,43.3576698303223,-8.84416675567627,"Male"
"6018403",371836,2025-06-17 14:03:36,43.3576431274414,-8.84415245056152,"Male"
"6018403",371836,2025-06-17 14:08:36,43.3575172424316,-8.84418201446533,"Male"
"6018403",371836,2025-06-17 14:13:38,43.3576927185059,-8.84415340423584,"Male"
"6018403",371836,2025-06-17 14:18:38,43.3575172424316,-8.8442268371582,"Male"
"6018403",371836,2025-06-17 14:23:37,43.3576011657715,-8.84415435791016,"Male"
"6018403",371836,2025-06-17 14:28:37,43.3763046264648,-8.86796188354492,"Male"
"6018403",371836,2025-06-17 14:33:37,43.3941192626953,-8.89909648895264,"Male"
"6018403",371836,2025-06-17 14:38:37,43.4152183532715,-8.90879535675049,"Male"
"6018403",371836,2025-06-17 14:43:37,43.431640625,-8.90091705322266,"Male"
"6018403",371836,2025-06-17 14:48:48,43.4429244995117,-8.88281536102295,"Male"
"6018403",371836,2025-06-17 14:53:39,43.4435958862305,-8.87843227386475,"Male"
"6018403",371836,2025-06-17 14:58:38,43.4457092285156,-8.8719425201416,"Male"
"6018403",371836,2025-06-17 15:03:43,43.4464454650879,-8.86995410919189,"Male"
"6018403",371836,2025-06-17 15:08:39,43.4476509094238,-8.86571216583252,"Male"
"6018403",371836,2025-06-17 15:13:39,43.4473762512207,-8.86711978912354,"Male"
"6018403",371836,2025-06-17 15:18:40,43.4383201599121,-8.86302757263184,"Male"
"6018403",371836,2025-06-17 15:23:40,43.4084739685059,-8.85773277282715,"Male"
"6018403",371836,2025-06-17 15:28:38,43.3977355957031,-8.85503673553467,"Male"
"6018403",371836,2025-06-17 15:33:40,43.361644744873,-8.84737586975098,"Male"
"6018403",371836,2025-06-17 15:38:42,43.3580856323242,-8.84446144104004,"Male"
"6018403",371836,2025-06-17 15:43:52,43.357494354248,-8.8440637588501,"Male"
"6018403",371836,2025-06-17 15:49:05,43.3576164245605,-8.84414577484131,"Male"
"6018403",371836,2025-06-17 15:53:48,43.3576965332031,-8.84420299530029,"Male"
"6018403",371836,2025-06-17 15:58:48,43.3575973510742,-8.84419250488281,"Male"
"6018403",371836,2025-06-17 16:03:49,43.3581466674805,-8.84426498413086,"Male"
"6018403",371836,2025-06-17 16:08:46,43.3576164245605,-8.84414196014404,"Male"
"6018403",371836,2025-06-17 16:13:48,43.3575782775879,-8.84415054321289,"Male"
"6018403",371836,2025-06-17 16:18:48,43.3575630187988,-8.84421253204346,"Male"
"6018403",371836,2025-06-17 16:23:45,43.357608795166,-8.8441801071167,"Male"
"6018403",371836,2025-06-17 16:28:45,43.3575859069824,-8.84418964385986,"Male"
"6018403",371836,2025-06-17 16:34:11,43.3575744628906,-8.84412097930908,"Male"
"6018403",371836,2025-06-17 16:38:38,43.3576469421387,-8.84427261352539,"Male"
"6018403",371836,2025-06-17 16:43:41,43.3576736450195,-8.8444185256958,"Male"
"6018403",371836,2025-06-17 16:48:49,43.3577537536621,-8.84433269500732,"Male"
"6018403",371836,2025-06-17 16:53:39,43.3575859069824,-8.84414577484131,"Male"
"6018403",371836,2025-06-17 16:58:40,43.3577651977539,-8.84444999694824,"Male"
"6018403",371836,2025-06-17 17:03:46,43.3576507568359,-8.84423828125,"Male"
"6018403",371836,2025-06-17 17:09:05,43.3575706481934,-8.84418201446533,"Male"
"6018403",371836,2025-06-17 17:13:38,43.3574905395508,-8.8439884185791,"Male"
"6018403",371836,2025-06-17 17:18:38,43.3575744628906,-8.84417724609375,"Male"
"6018403",371836,2025-06-17 17:23:38,43.3575744628906,-8.84427070617676,"Male"
"6018403",371836,2025-06-17 17:28:40,43.3576316833496,-8.84420108795166,"Male"
"6018403",371836,2025-06-17 17:33:43,43.3577003479004,-8.84401607513428,"Male"
"6018403",371836,2025-06-17 17:38:42,43.3575553894043,-8.84406661987305,"Male"
"6018403",371836,2025-06-17 17:43:42,43.3577041625977,-8.84410667419434,"Male"
"6018403",371836,2025-06-17 17:48:43,43.3576889038086,-8.84408092498779,"Male"
"6018403",371836,2025-06-17 17:53:46,43.3579139709473,-8.84356307983398,"Male"
"6018403",371836,2025-06-17 17:58:48,43.3577117919922,-8.84401512145996,"Male"
"6018403",371836,2025-06-17 18:03:42,43.3578033447266,-8.84373664855957,"Male"
"6018403",371836,2025-06-17 18:08:56,43.3576278686523,-8.844069480896,"Male"
"6018403",371836,2025-06-17 18:13:40,43.3580322265625,-8.84374237060547,"Male"
"6018403",371836,2025-06-17 18:18:42,43.3579788208008,-8.84382343292236,"Male"
"6018403",371836,2025-06-17 18:23:40,43.3579978942871,-8.84377670288086,"Male"
"6018403",371836,2025-06-17 18:28:40,43.3579063415527,-8.84379100799561,"Male"
"6018403",371836,2025-06-17 18:33:41,43.3577537536621,-8.8436164855957,"Male"
"6018403",371836,2025-06-17 18:38:40,43.3577499389648,-8.84405040740967,"Male"
"6018403",371836,2025-06-17 18:43:41,43.3577079772949,-8.84424495697021,"Male"
"6018403",371836,2025-06-17 18:48:46,43.3577346801758,-8.84417343139648,"Male"
"6018403",371836,2025-06-17 18:54:05,43.3576049804688,-8.84421443939209,"Male"
"6018403",371836,2025-06-17 18:58:42,43.3576431274414,-8.84415626525879,"Male"
"6018403",371836,2025-06-17 19:03:52,43.3576126098633,-8.84419441223145,"Male"
"6018403",371836,2025-06-17 19:08:45,43.3575897216797,-8.84421348571777,"Male"
"6018403",371836,2025-06-17 19:13:40,43.357738494873,-8.84425258636475,"Male"
"6018403",371836,2025-06-17 19:18:40,43.3576126098633,-8.84424495697021,"Male"
"6018403",371836,2025-06-17 19:23:42,43.3577308654785,-8.84437465667725,"Male"
"6018403",371836,2025-06-17 19:28:42,43.3577117919922,-8.84430027008057,"Male"
"6018403",371836,2025-06-17 19:33:43,43.357479095459,-8.84395408630371,"Male"
"6018403",371836,2025-06-17 19:38:55,43.3575248718262,-8.84417343139648,"Male"
"6018403",371836,2025-06-17 19:43:48,43.3576011657715,-8.84413719177246,"Male"
"6018403",371836,2025-06-17 19:48:41,43.357738494873,-8.84445953369141,"Male"
"6018403",371836,2025-06-17 19:54:00,43.3576049804688,-8.84409141540527,"Male"
"6018403",371836,2025-06-17 19:58:41,43.3572807312012,-8.84348106384277,"Male"
"6018403",371836,2025-06-17 20:03:43,43.3575286865234,-8.84415054321289,"Male"
"6018403",371836,2025-06-17 20:08:46,43.3575782775879,-8.8441219329834,"Male"
"6018403",371836,2025-06-17 20:13:46,43.3574142456055,-8.84409046173096,"Male"
"6018403",371836,2025-06-17 20:18:47,43.3575897216797,-8.84418201446533,"Male"
"6018403",371836,2025-06-17 20:23:48,43.3575592041016,-8.84419727325439,"Male"
"6018403",371836,2025-06-17 20:29:05,43.3575592041016,-8.84411239624023,"Male"
"6018403",371836,2025-06-17 20:33:38,43.3575401306152,-8.84413623809814,"Male"
"6018403",371836,2025-06-17 20:38:41,43.3576507568359,-8.84428977966309,"Male"
"6018403",371836,2025-06-17 20:43:39,43.3576202392578,-8.84401988983154,"Male"
"6018403",371836,2025-06-17 20:48:40,43.3576889038086,-8.84403896331787,"Male"
"6018403",371836,2025-06-17 20:53:39,43.357608795166,-8.84412097930908,"Male"
"6018403",371836,2025-06-17 20:58:39,43.3576011657715,-8.84410667419434,"Male"
"6018403",371836,2025-06-17 21:03:39,43.3576202392578,-8.84403228759766,"Male"
"6018403",371836,2025-06-17 21:08:40,43.3576202392578,-8.84410762786865,"Male"
"6018403",371836,2025-06-17 21:13:39,43.3576507568359,-8.84408760070801,"Male"
"6018403",371836,2025-06-17 21:18:38,43.3576736450195,-8.84410572052002,"Male"
"6018403",371836,2025-06-17 21:23:38,43.357723236084,-8.84415531158447,"Male"
"6018403",371836,2025-06-17 21:28:40,43.3577651977539,-8.8440408706665,"Male"
"6018403",371836,2025-06-17 21:33:39,43.3576622009277,-8.84419441223145,"Male"
"6018403",371836,2025-06-17 21:38:39,43.3576850891113,-8.84429359436035,"Male"
"6018403",371836,2025-06-17 21:43:42,43.3576965332031,-8.84420299530029,"Male"
"6018403",371836,2025-06-17 21:48:41,43.3576469421387,-8.84417533874512,"Male"
"6018403",371836,2025-06-17 21:53:39,43.3577041625977,-8.84424114227295,"Male"
"6018403",371836,2025-06-17 21:58:41,43.357666015625,-8.84417247772217,"Male"
"6018403",371836,2025-06-17 22:03:40,43.357780456543,-8.84436511993408,"Male"
"6018403",371836,2025-06-17 22:08:48,43.3575859069824,-8.84411144256592,"Male"
"6018403",371836,2025-06-17 22:13:43,43.3574562072754,-8.84408950805664,"Male"
"6018403",371836,2025-06-17 22:18:43,43.3574523925781,-8.8441219329834,"Male"
"6018403",371836,2025-06-17 22:23:43,43.3575096130371,-8.84410381317139,"Male"
"6018403",371836,2025-06-17 22:28:49,43.3574180603027,-8.84417724609375,"Male"
"6018403",371836,2025-06-17 22:33:49,43.3574562072754,-8.84419059753418,"Male"
"6018403",371836,2025-06-17 22:38:45,43.3578796386719,-8.84396171569824,"Male"
"6018403",371836,2025-06-17 22:43:45,43.3573303222656,-8.8436450958252,"Male"
"6018403",371836,2025-06-17 22:48:47,43.3574676513672,-8.84413814544678,"Male"
"6018403",371836,2025-06-17 22:53:42,43.3577346801758,-8.84426403045654,"Male"
"6018403",371836,2025-06-17 22:58:58,43.3575668334961,-8.84412574768066,"Male"
"6018403",371836,2025-06-17 23:04:05,43.3575859069824,-8.84411525726318,"Male"
"6018403",371836,2025-06-17 23:08:39,43.3576889038086,-8.84411430358887,"Male"
"6018403",371836,2025-06-17 23:13:39,43.3575592041016,-8.84419441223145,"Male"
"6018403",371836,2025-06-17 23:18:39,43.3575820922852,-8.84415054321289,"Male"
"6018403",371836,2025-06-17 23:23:39,43.357536315918,-8.84405040740967,"Male"
"6018403",371836,2025-06-17 23:28:38,43.3575820922852,-8.84405899047852,"Male"
"6018403",371836,2025-06-17 23:33:40,43.3576126098633,-8.84411716461182,"Male"
"6018403",371836,2025-06-17 23:38:50,43.3576202392578,-8.84410190582275,"Male"
"6018403",371836,2025-06-17 23:43:40,43.357536315918,-8.84410572052002,"Male"
"6018403",371836,2025-06-17 23:48:38,43.357608795166,-8.84414100646973,"Male"
"6018403",371836,2025-06-17 23:53:40,43.3574447631836,-8.84402465820312,"Male"
"6018403",371836,2025-06-17 23:58:39,43.357551574707,-8.84407043457031,"Male"
"6018403",371836,2025-06-18 00:03:41,43.3576507568359,-8.84407806396484,"Male"
"6018403",371836,2025-06-18 00:08:38,43.3576049804688,-8.84403705596924,"Male"
"6018403",371836,2025-06-18 00:13:38,43.357551574707,-8.84409141540527,"Male"
"6018403",371836,2025-06-18 00:18:48,43.3576965332031,-8.84406471252441,"Male"
"6018403",371836,2025-06-18 00:23:51,43.3576431274414,-8.8441162109375,"Male"
"6018403",371836,2025-06-18 00:28:48,43.3576583862305,-8.84402656555176,"Male"
"6018403",371836,2025-06-18 00:33:49,43.3577041625977,-8.84409046173096,"Male"
"6018403",371836,2025-06-18 00:38:49,43.3577041625977,-8.84411334991455,"Male"
"6018403",371836,2025-06-18 00:44:02,43.3575706481934,-8.84413909912109,"Male"
"6018403",371836,2025-06-18 00:48:48,43.3576126098633,-8.84406280517578,"Male"
"6018403",371836,2025-06-18 00:53:40,43.3576164245605,-8.844069480896,"Male"
"6018403",371836,2025-06-18 00:58:45,43.3575019836426,-8.84425926208496,"Male"
"6018403",371836,2025-06-18 01:03:52,43.357551574707,-8.84415340423584,"Male"
"6018403",371836,2025-06-18 01:08:46,43.3575706481934,-8.84411334991455,"Male"
"6018403",371836,2025-06-18 01:14:04,43.3572158813477,-8.84430599212646,"Male"
"6018403",371836,2025-06-18 01:18:47,43.3574714660645,-8.84412384033203,"Male"
"6018403",371836,2025-06-18 01:24:03,43.3576736450195,-8.84401321411133,"Male"
"6018403",371836,2025-06-18 01:28:38,43.3576927185059,-8.84395980834961,"Male"
"6018403",371836,2025-06-18 01:33:40,43.3575744628906,-8.84403133392334,"Male"
"6018403",371836,2025-06-18 01:38:42,43.3576507568359,-8.8439998626709,"Male"
"6018403",371836,2025-06-18 01:43:39,43.357738494873,-8.84385299682617,"Male"
"6018403",371836,2025-06-18 01:48:38,43.3577041625977,-8.84393119812012,"Male"
"6018403",371836,2025-06-18 01:53:38,43.3575897216797,-8.84414577484131,"Male"
"6018403",371836,2025-06-18 01:58:40,43.3576240539551,-8.84405994415283,"Male"
"6018403",371836,2025-06-18 02:03:38,43.3575820922852,-8.84410190582275,"Male"
"6018403",371836,2025-06-18 02:08:48,43.3575973510742,-8.84404468536377,"Male"
"6018403",371836,2025-06-18 02:13:41,43.3576583862305,-8.843994140625,"Male"
"6018403",371836,2025-06-18 02:18:43,43.3576431274414,-8.84412956237793,"Male"
"6018403",371836,2025-06-18 02:23:42,43.3576278686523,-8.84407615661621,"Male"
"6018403",371836,2025-06-18 02:28:39,43.3576164245605,-8.8440580368042,"Male"
"6018403",371836,2025-06-18 02:33:47,43.3576545715332,-8.84410095214844,"Male"
"6018403",371836,2025-06-18 02:38:45,43.3576393127441,-8.84412384033203,"Male"
"6018403",371836,2025-06-18 02:43:45,43.3575820922852,-8.84415435791016,"Male"
"6018403",371836,2025-06-18 02:48:43,43.3576316833496,-8.84410953521729,"Male"
"6018403",371836,2025-06-18 02:53:40,43.3576812744141,-8.84408283233643,"Male"
"6018403",371836,2025-06-18 02:58:42,43.3576393127441,-8.84418487548828,"Male"
"6018403",371836,2025-06-18 03:03:41,43.3576850891113,-8.84413146972656,"Male"
"6018403",371836,2025-06-18 03:08:43,43.3576393127441,-8.84405326843262,"Male"
"6018403",371836,2025-06-18 03:13:42,43.3576393127441,-8.84413433074951,"Male"
"6018403",371836,2025-06-18 03:18:42,43.3576583862305,-8.84412574768066,"Male"
"6018403",371836,2025-06-18 03:23:39,43.3575782775879,-8.84408569335938,"Male"
"6018403",371836,2025-06-18 03:28:39,43.357608795166,-8.84414196014404,"Male"
"6018403",371836,2025-06-18 03:33:40,43.3577461242676,-8.84425067901611,"Male"
"6018403",371836,2025-06-18 03:38:40,43.357608795166,-8.84414672851562,"Male"
"6018403",371836,2025-06-18 03:43:46,43.3577766418457,-8.8442554473877,"Male"
"6018403",371836,2025-06-18 03:48:48,43.3575286865234,-8.84402084350586,"Male"
"6018403",371836,2025-06-18 03:54:05,43.3575248718262,-8.84423351287842,"Male"
"6018403",371836,2025-06-18 03:58:39,43.3575820922852,-8.84408760070801,"Male"
"6018403",371836,2025-06-18 04:03:39,43.3575592041016,-8.8441858291626,"Male"
"6018403",371836,2025-06-18 04:08:43,43.3575325012207,-8.8440113067627,"Male"
"6018403",371836,2025-06-18 04:13:40,43.357608795166,-8.84412574768066,"Male"
"6018403",371836,2025-06-18 04:18:39,43.3576126098633,-8.84406089782715,"Male"
"6018403",371836,2025-06-18 04:23:40,43.3575782775879,-8.84401988983154,"Male"
"6018403",371836,2025-06-18 04:28:42,43.3575172424316,-8.84414577484131,"Male"
"6018403",371836,2025-06-18 04:33:42,43.3576202392578,-8.84422969818115,"Male"
"6018403",371836,2025-06-18 04:38:46,43.3575820922852,-8.84424686431885,"Male"
"6018403",371836,2025-06-18 04:43:38,43.357593536377,-8.84411430358887,"Male"
"6018403",371836,2025-06-18 04:48:39,43.3576469421387,-8.84402179718018,"Male"
"6018403",371836,2025-06-18 04:53:39,43.3598976135254,-8.84689235687256,"Male"
"6018403",371836,2025-06-18 04:58:39,43.3893051147461,-8.86512279510498,"Male"
"6018403",371836,2025-06-18 05:03:40,43.4109039306641,-8.87205791473389,"Male"
"6018403",371836,2025-06-18 05:08:39,43.4236183166504,-8.88290596008301,"Male"
"6018403",371836,2025-06-18 05:13:40,43.4242744445801,-8.88391017913818,"Male"
"6018403",371836,2025-06-18 05:18:40,43.4371109008789,-8.89551639556885,"Male"
"6018403",371836,2025-06-18 05:23:41,43.4374771118164,-8.89463710784912,"Male"
"6018403",371836,2025-06-18 05:28:42,43.4371452331543,-8.89545917510986,"Male"
"6018403",371836,2025-06-18 05:33:43,43.4353828430176,-8.89645385742188,"Male"
"6018403",371836,2025-06-18 05:38:45,43.434627532959,-8.89797306060791,"Male"
"6018403",371836,2025-06-18 05:43:42,43.4337196350098,-8.89936542510986,"Male"
"6018403",371836,2025-06-18 05:48:42,43.4326286315918,-8.90028190612793,"Male"
"6018403",371836,2025-06-18 05:53:48,43.4317626953125,-8.90158557891846,"Male"
"6018403",371836,2025-06-18 05:58:41,43.425651550293,-8.90737342834473,"Male"
"6018403",371836,2025-06-18 06:04:05,43.4092254638672,-8.92271327972412,"Male"
"6018403",371836,2025-06-18 06:08:39,43.4083404541016,-8.92350101470947,"Male"
"6018403",371836,2025-06-18 06:13:38,43.4072151184082,-8.92418766021729,"Male"
"6018403",371836,2025-06-18 06:18:39,43.3974266052246,-8.93251991271973,"Male"
"6018403",371836,2025-06-18 06:23:42,43.3952713012695,-8.93477630615234,"Male"
"6018403",371836,2025-06-18 06:28:42,43.3923835754395,-8.939697265625,"Male"
"6018403",371836,2025-06-18 06:33:43,43.3918380737305,-8.94063091278076,"Male"
"6018403",371836,2025-06-18 06:38:39,43.3859405517578,-8.9262752532959,"Male"
"6018403",371836,2025-06-18 06:43:39,43.3767967224121,-8.88680744171143,"Male"
"6018403",371836,2025-06-18 06:48:39,43.3614616394043,-8.84890937805176,"Male"
"6018403",371836,2025-06-18 06:53:48,43.3576126098633,-8.84405422210693,"Male"
"6018403",371836,2025-06-18 06:58:49,43.3576889038086,-8.84402942657471,"Male"
"6018403",371836,2025-06-18 07:03:50,43.3576774597168,-8.84401798248291,"Male"
"6018403",371836,2025-06-18 07:08:50,43.3576316833496,-8.84403133392334,"Male"
"6018403",371836,2025-06-18 07:13:49,43.3577041625977,-8.84418392181396,"Male"
"6018403",371836,2025-06-18 07:18:49,43.3577041625977,-8.8441276550293,"Male"
"6018403",371836,2025-06-18 07:23:53,43.3577423095703,-8.84417533874512,"Male"
"6018403",371836,2025-06-18 07:28:50,43.3576545715332,-8.84389209747314,"Male"
"6018403",371836,2025-06-18 07:33:51,43.3576889038086,-8.84401035308838,"Male"
"6018403",371836,2025-06-18 07:38:53,43.3577194213867,-8.84400939941406,"Male"
"6018403",371836,2025-06-18 07:43:51,43.3576698303223,-8.84403896331787,"Male"
"6018403",371836,2025-06-18 07:48:53,43.3576278686523,-8.8440055847168,"Male"
"6018403",371836,2025-06-18 07:54:06,43.3575592041016,-8.84408283233643,"Male"
"6018403",371836,2025-06-18 07:58:38,43.3575973510742,-8.84403324127197,"Male"
"6018403",371836,2025-06-18 08:03:45,43.3575897216797,-8.84413146972656,"Male"
"6018403",371836,2025-06-18 08:08:41,43.3575897216797,-8.84408473968506,"Male"
"6018403",371836,2025-06-18 08:13:39,43.3575706481934,-8.84408092498779,"Male"
"6018403",371836,2025-06-18 08:18:43,43.3575744628906,-8.84408378601074,"Male"
"6018403",371836,2025-06-18 08:24:17,43.3575019836426,-8.84465599060059,"Male"
"6018403",371836,2025-06-18 08:29:16,43.3575592041016,-8.84445762634277,"Male"
"6018403",371836,2025-06-18 08:33:51,43.357593536377,-8.84442806243896,"Male"
"6018403",371836,2025-06-18 08:39:05,43.357551574707,-8.8443660736084,"Male"
"6018403",371836,2025-06-18 08:43:38,43.3575820922852,-8.84432220458984,"Male"
"6018403",371836,2025-06-18 08:48:41,43.3577194213867,-8.84424209594727,"Male"
"6018403",371836,2025-06-18 08:53:40,43.3575706481934,-8.84424018859863,"Male"
"6018403",371836,2025-06-18 08:58:39,43.3575592041016,-8.84428596496582,"Male"
"6018403",371836,2025-06-18 09:03:39,43.3577308654785,-8.84422206878662,"Male"
"6018403",371836,2025-06-18 09:08:39,43.3576507568359,-8.84424114227295,"Male"
"6018403",371836,2025-06-18 09:13:38,43.3576469421387,-8.84433269500732,"Male"
"6018403",371836,2025-06-18 09:18:40,43.357608795166,-8.84419250488281,"Male"
"6018403",371836,2025-06-18 09:23:41,43.3576507568359,-8.84420394897461,"Male"
"6018403",371836,2025-06-18 09:28:41,43.3576469421387,-8.84441184997559,"Male"
"6018403",371836,2025-06-18 09:33:43,43.3576583862305,-8.844162940979,"Male"
"6018403",371836,2025-06-18 09:38:45,43.3576049804688,-8.84421348571777,"Male"
"6018403",371836,2025-06-18 09:43:46,43.3575897216797,-8.84414577484131,"Male"
"6018403",371836,2025-06-18 09:48:42,43.357551574707,-8.84405040740967,"Male"
"6018403",371836,2025-06-18 09:53:46,43.3575973510742,-8.84426689147949,"Male"
"6018403",371836,2025-06-18 09:58:43,43.357795715332,-8.8443775177002,"Male"
"6018403",371836,2025-06-18 10:03:45,43.3576164245605,-8.84441089630127,"Male"
"6018403",371836,2025-06-18 10:08:47,43.3575668334961,-8.84424591064453,"Male"
"6018403",371836,2025-06-18 10:13:42,43.3575592041016,-8.84417152404785,"Male"
"6018403",371836,2025-06-18 10:18:49,43.3576164245605,-8.84430122375488,"Male"
"6018403",371836,2025-06-18 10:23:59,43.3575706481934,-8.84430122375488,"Male"
"6018403",371836,2025-06-18 10:29:05,43.3575897216797,-8.8443021774292,"Male"
"6018403",371836,2025-06-18 10:33:40,43.3576049804688,-8.84505748748779,"Male"
"6018403",371836,2025-06-18 10:38:45,43.357608795166,-8.84432792663574,"Male"
"6018403",371836,2025-06-18 10:44:05,43.3576240539551,-8.84420299530029,"Male"
"6018403",371836,2025-06-18 10:48:40,43.3576278686523,-8.84427261352539,"Male"
"6018403",371836,2025-06-18 10:53:42,43.3576011657715,-8.84484958648682,"Male"
"6018403",371836,2025-06-18 10:58:49,43.3576393127441,-8.84420680999756,"Male"
"6018403",371836,2025-06-18 11:03:41,43.3576240539551,-8.8446741104126,"Male"
"6018403",371836,2025-06-18 11:08:49,43.3576507568359,-8.84425067901611,"Male"
"6018403",371836,2025-06-18 11:13:42,43.3576774597168,-8.84421634674072,"Male"
"6018403",371836,2025-06-18 11:18:49,43.3576431274414,-8.84420776367188,"Male"
"6018403",371836,2025-06-18 11:23:42,43.357666015625,-8.84420871734619,"Male"
"6018403",371836,2025-06-18 11:28:44,43.3576354980469,-8.84425067901611,"Male"
"6018403",371836,2025-06-18 11:33:42,43.3576202392578,-8.84417915344238,"Male"
"6018403",371836,2025-06-18 11:38:49,43.357666015625,-8.84420871734619,"Male"
"6018403",371836,2025-06-18 11:43:49,43.3576965332031,-8.84416198730469,"Male"
"6018403",371836,2025-06-18 11:48:48,43.3576736450195,-8.84416484832764,"Male"
"6018403",371836,2025-06-18 11:53:47,43.3576774597168,-8.84415531158447,"Male"
"6018403",371836,2025-06-18 11:58:48,43.3577041625977,-8.84426116943359,"Male"
"6018403",371836,2025-06-18 12:04:05,43.3576622009277,-8.8441686630249,"Male"
"6018403",371836,2025-06-18 12:08:40,43.3575630187988,-8.84392070770264,"Male"
"6018403",371836,2025-06-18 12:13:48,43.3577041625977,-8.84422779083252,"Male"
"6018403",371836,2025-06-18 12:18:52,43.3576469421387,-8.84411334991455,"Male"
"6018403",371836,2025-06-18 12:23:48,43.3576812744141,-8.844162940979,"Male"
"6018403",371836,2025-06-18 12:29:05,43.3576812744141,-8.8441686630249,"Male"
"6018403",371836,2025-06-18 12:33:41,43.3575401306152,-8.84399604797363,"Male"
"6018403",371836,2025-06-18 12:38:42,43.3576278686523,-8.8441219329834,"Male"
"6018403",371836,2025-06-18 12:43:45,43.3576507568359,-8.84408092498779,"Male"
"6018403",371836,2025-06-18 12:48:42,43.3576316833496,-8.84419250488281,"Male"
"6018403",371836,2025-06-18 12:53:42,43.3575897216797,-8.84403419494629,"Male"
"6018403",371836,2025-06-18 12:58:47,43.3576850891113,-8.84410667419434,"Male"
"6018403",371836,2025-06-18 13:04:14,43.3570442199707,-8.8436450958252,"Male"
"6018403",371836,2025-06-18 13:08:42,43.3570594787598,-8.84383678436279,"Male"
"6018403",371836,2025-06-18 13:13:42,43.3570785522461,-8.84395122528076,"Male"
"6018403",371836,2025-06-18 13:19:05,43.357536315918,-8.84412479400635,"Male"
"6018403",371836,2025-06-18 13:24:35,43.3576774597168,-8.84424209594727,"Male"
"6018403",371836,2025-06-18 13:28:43,43.3576316833496,-8.84404945373535,"Male"
"6018403",371836,2025-06-18 13:33:41,43.3577156066895,-8.84396839141846,"Male"
"6018403",371836,2025-06-18 13:38:48,43.3576164245605,-8.84418773651123,"Male"
"6018403",371836,2025-06-18 13:43:43,43.3575973510742,-8.84419441223145,"Male"
"6018403",371836,2025-06-18 13:49:05,43.3576126098633,-8.84419250488281,"Male"
"6018403",371836,2025-06-18 13:53:46,43.3575744628906,-8.84423828125,"Male"
"6018403",371836,2025-06-18 13:58:41,43.3577194213867,-8.84443378448486,"Male"
"6018403",371836,2025-06-18 14:03:39,43.3224296569824,-8.85484409332275,"Male"
"6018403",371836,2025-06-18 14:08:40,43.3138465881348,-8.8576135635376,"Male"
"6018403",371836,2025-06-18 14:13:41,43.3140487670898,-8.85673999786377,"Male"
"6018403",371836,2025-06-18 14:18:41,43.3141899108887,-8.85721683502197,"Male"
"6018403",371836,2025-06-18 14:23:41,43.3144836425781,-8.85661792755127,"Male"
"6018403",371836,2025-06-18 14:28:47,43.314380645752,-8.85676860809326,"Male"
"6018403",371836,2025-06-18 14:33:40,43.3211669921875,-8.8511323928833,"Male"
"6018403",371836,2025-06-18 14:38:47,43.3477630615234,-8.84325313568115,"Male"
"6018403",371836,2025-06-18 14:44:04,43.3575973510742,-8.8441047668457,"Male"
"6018403",371836,2025-06-18 14:48:39,43.3575859069824,-8.84414482116699,"Male"
"6018403",371836,2025-06-18 14:53:39,43.3575897216797,-8.84419631958008,"Male"
"6018403",371836,2025-06-18 14:58:40,43.3575897216797,-8.84411907196045,"Male"
"6018403",371836,2025-06-18 15:03:40,43.3576164245605,-8.84422588348389,"Male"
"6018403",371836,2025-06-18 15:08:39,43.3575897216797,-8.84410190582275,"Male"
"6018403",371836,2025-06-18 15:13:39,43.3733406066895,-8.84884262084961,"Male"
"6018403",371836,2025-06-18 15:18:39,43.398853302002,-8.87702751159668,"Male"
"6018403",371836,2025-06-18 15:23:39,43.4240646362305,-8.90097427368164,"Male"
"6018403",371836,2025-06-18 15:28:40,43.4270820617676,-8.94533729553223,"Male"
"6018403",371836,2025-06-18 15:33:39,43.4318161010742,-8.99236965179443,"Male"
"6018403",371836,2025-06-18 15:38:39,43.4556617736816,-9.02931690216064,"Male"
"6018403",371836,2025-06-18 15:43:41,43.498161315918,-9.02895355224609,"Male"
"6018403",371836,2025-06-18 15:48:40,43.5058059692383,-9.0237512588501,"Male"
"6018403",371836,2025-06-18 15:53:49,43.5096130371094,-9.0147819519043,"Male"
"6018403",371836,2025-06-18 15:58:40,43.5104904174805,-9.01449108123779,"Male"
"6018403",371836,2025-06-18 16:03:41,43.5110473632812,-9.01466369628906,"Male"
"6018403",371836,2025-06-18 16:08:45,43.5113830566406,-9.01445198059082,"Male"
"6018403",371836,2025-06-18 16:13:42,43.5117530822754,-9.01442241668701,"Male"
"6018403",371836,2025-06-18 16:18:47,43.5121536254883,-9.01427745819092,"Male"
"6018403",371836,2025-06-18 16:23:42,43.512996673584,-9.01463985443115,"Male"
"6018403",371836,2025-06-18 16:29:34,43.5214309692383,-9.01096630096436,"Male"
"6018403",371836,2025-06-18 16:33:39,43.5291213989258,-8.99510955810547,"Male"
"6018403",371836,2025-06-18 16:38:40,43.535758972168,-8.95356941223145,"Male"
"6018403",371836,2025-06-18 16:43:48,43.5366363525391,-8.95397281646729,"Male"
"6018403",371836,2025-06-18 16:48:45,43.5434188842773,-8.94157791137695,"Male"
"6018403",371836,2025-06-18 16:54:32,43.5438270568848,-8.94120121002197,"Male"
"6018403",371836,2025-06-18 16:58:39,43.5432243347168,-8.93994331359863,"Male"
"6018403",371836,2025-06-18 17:03:45,43.5433502197266,-8.94047737121582,"Male"
"6018403",371836,2025-06-18 17:08:45,43.5441627502441,-8.94036483764648,"Male"
"6018403",371836,2025-06-18 17:13:40,43.5459327697754,-8.95371341705322,"Male"
"6018403",371836,2025-06-18 17:18:39,43.5181770324707,-8.92731380462646,"Male"
"6018403",371836,2025-06-18 17:23:40,43.4786262512207,-8.91063213348389,"Male"
"6018403",371836,2025-06-18 17:28:40,43.4351501464844,-8.89483165740967,"Male"
"6018403",371836,2025-06-18 17:33:39,43.3953170776367,-8.87226963043213,"Male"
"6018403",371836,2025-06-18 17:38:40,43.3614921569824,-8.84813022613525,"Male"
"6018403",371836,2025-06-18 17:43:40,43.3574409484863,-8.84378147125244,"Male"
"6018403",371836,2025-06-18 17:48:45,43.3575210571289,-8.84392929077148,"Male"
"6018403",371836,2025-06-18 17:53:39,43.357551574707,-8.84400081634521,"Male"
"6018403",371836,2025-06-18 17:58:43,43.3576126098633,-8.84416961669922,"Male"
"6018403",371836,2025-06-18 18:03:45,43.3576889038086,-8.84431838989258,"Male"
"6018403",371836,2025-06-18 18:08:40,43.3577041625977,-8.84446907043457,"Male"
"6018403",371836,2025-06-18 18:13:39,43.3578033447266,-8.8446102142334,"Male"
"6018403",371836,2025-06-18 18:18:39,43.3577842712402,-8.84454154968262,"Male"
"6018403",371836,2025-06-18 18:23:40,43.3578262329102,-8.84463119506836,"Male"
"6018403",371836,2025-06-18 18:28:43,43.3578758239746,-8.84475898742676,"Male"
"6018403",371836,2025-06-18 18:33:41,43.3579559326172,-8.844895362854,"Male"
"6018403",371836,2025-06-18 18:38:42,43.3580360412598,-8.84493541717529,"Male"
"6018403",371836,2025-06-18 18:43:53,43.3578643798828,-8.84487628936768,"Male"
"6018403",371836,2025-06-18 18:49:14,43.3580627441406,-8.84500980377197,"Male"
"6018403",371836,2025-06-18 18:53:46,43.3578453063965,-8.84470748901367,"Male"
"6018403",371836,2025-06-18 18:58:51,43.3579330444336,-8.84498500823975,"Male"
"6018403",371836,2025-06-18 19:03:42,43.3577575683594,-8.84526538848877,"Male"
"6018403",371836,2025-06-18 19:08:42,43.3580513000488,-8.84531021118164,"Male"
"6018403",371836,2025-06-18 19:13:45,43.3577117919922,-8.84497165679932,"Male"
"6018403",371836,2025-06-18 19:18:48,43.3572616577148,-8.84432411193848,"Male"
"6018403",371836,2025-06-18 19:24:05,43.3576354980469,-8.84450912475586,"Male"
"6018403",371836,2025-06-18 19:28:49,43.3575134277344,-8.84443378448486,"Male"
"6018403",371836,2025-06-18 19:33:43,43.357593536377,-8.84436225891113,"Male"
"6018403",371836,2025-06-18 19:38:41,43.3576583862305,-8.84454441070557,"Male"
"6018403",371836,2025-06-18 19:43:41,43.3576622009277,-8.84459590911865,"Male"
"6018403",371836,2025-06-18 19:48:42,43.3576049804688,-8.8442440032959,"Male"
"6018403",371836,2025-06-18 19:53:41,43.3576698303223,-8.84413146972656,"Male"
"6018403",371836,2025-06-18 19:58:40,43.3577613830566,-8.84428691864014,"Male"
"6018403",371836,2025-06-18 20:03:42,43.3577690124512,-8.84413051605225,"Male"
"6018403",371836,2025-06-18 20:08:41,43.3579750061035,-8.84429168701172,"Male"
"6018403",371836,2025-06-18 20:13:43,43.3578681945801,-8.84415435791016,"Male"
"6018403",371836,2025-06-18 20:18:42,43.3579254150391,-8.84403419494629,"Male"
"6018403",371836,2025-06-18 20:23:42,43.3578910827637,-8.84403991699219,"Male"
"6018403",371836,2025-06-18 20:28:41,43.3578109741211,-8.84416580200195,"Male"
"6018403",371836,2025-06-18 20:33:42,43.3577156066895,-8.84414291381836,"Male"
"6018403",371836,2025-06-18 20:38:41,43.3579711914062,-8.84433937072754,"Male"
"6018403",371836,2025-06-18 20:44:05,43.3577575683594,-8.8441219329834,"Male"
"6018403",371836,2025-06-18 20:48:40,43.3575477600098,-8.84403419494629,"Male"
"6018403",371836,2025-06-18 20:53:40,43.3573455810547,-8.84289169311523,"Male"
"6018403",371836,2025-06-18 20:58:45,43.357608795166,-8.84409713745117,"Male"
"6018403",371836,2025-06-18 21:04:05,43.357551574707,-8.84401893615723,"Male"
"6018403",371836,2025-06-18 21:08:53,43.3575325012207,-8.84403514862061,"Male"
"6018403",371836,2025-06-18 21:14:05,43.357608795166,-8.84416198730469,"Male"
"6018403",371836,2025-06-18 21:18:39,43.3574409484863,-8.8441104888916,"Male"
"6018403",371836,2025-06-18 21:23:48,43.3575782775879,-8.84414577484131,"Male"
"6018403",371836,2025-06-18 21:28:40,43.3576736450195,-8.84419822692871,"Male"
"6018403",371836,2025-06-18 21:33:41,43.3576431274414,-8.84421539306641,"Male"
"6018403",371836,2025-06-18 21:38:42,43.3576812744141,-8.84419250488281,"Male"
"6018403",371836,2025-06-18 21:43:40,43.3574256896973,-8.84402370452881,"Male"
"6018403",371836,2025-06-18 21:48:42,43.3577766418457,-8.84379196166992,"Male"
"6018403",371836,2025-06-18 21:53:40,43.357738494873,-8.84439659118652,"Male"
"6018403",371836,2025-06-18 21:58:41,43.357421875,-8.84390926361084,"Male"
"6018403",371836,2025-06-18 22:03:40,43.3574371337891,-8.84390258789062,"Male"
"6018403",371836,2025-06-18 22:08:40,43.3575210571289,-8.84395790100098,"Male"
"6018403",371836,2025-06-18 22:13:41,43.3575401306152,-8.84397983551025,"Male"
"6018403",371836,2025-06-18 22:18:41,43.3575744628906,-8.84390640258789,"Male"
"6018403",371836,2025-06-18 22:23:40,43.3576431274414,-8.84384441375732,"Male"
"6018403",371836,2025-06-18 22:28:41,43.3575057983398,-8.84386539459229,"Male"
"6018403",371836,2025-06-18 22:33:40,43.3576049804688,-8.84393882751465,"Male"
"6018403",371836,2025-06-18 22:38:40,43.3576545715332,-8.8438835144043,"Male"
"6018403",371836,2025-06-18 22:43:40,43.3576507568359,-8.84395980834961,"Male"
"6018403",371836,2025-06-18 22:48:40,43.3575706481934,-8.84389877319336,"Male"
"6018403",371836,2025-06-18 22:53:41,43.3576049804688,-8.84394359588623,"Male"
"6018403",371836,2025-06-18 22:58:41,43.3576889038086,-8.84386444091797,"Male"
"6018403",371836,2025-06-18 23:03:41,43.357666015625,-8.84392547607422,"Male"
"6018403",371836,2025-06-18 23:08:40,43.3576927185059,-8.84386253356934,"Male"
"6018403",371836,2025-06-18 23:13:40,43.3576622009277,-8.84393119812012,"Male"
"6018403",371836,2025-06-18 23:18:40,43.357593536377,-8.84385776519775,"Male"
"6018403",371836,2025-06-18 23:23:40,43.3576011657715,-8.84384918212891,"Male"
"6018403",371836,2025-06-18 23:28:40,43.3576545715332,-8.84392070770264,"Male"
"6018403",371836,2025-06-18 23:33:41,43.3575325012207,-8.84387588500977,"Male"
"6018403",371836,2025-06-18 23:38:42,43.3576736450195,-8.84396457672119,"Male"
"6018403",371836,2025-06-18 23:43:41,43.3576240539551,-8.84395694732666,"Male"
"6018403",371836,2025-06-18 23:48:42,43.3576316833496,-8.84394359588623,"Male"
"6018403",371836,2025-06-18 23:53:42,43.3576049804688,-8.84398078918457,"Male"
"6018403",371836,2025-06-18 23:58:42,43.3576774597168,-8.8439245223999,"Male"
"6018403",371836,2025-06-19 00:03:41,43.3576240539551,-8.84397983551025,"Male"
"6018403",371836,2025-06-19 00:08:41,43.3577461242676,-8.84407329559326,"Male"
"6018403",371836,2025-06-19 00:13:40,43.3576622009277,-8.84405326843262,"Male"
"6018403",371836,2025-06-19 00:18:40,43.3575897216797,-8.84405326843262,"Male"
"6018403",371836,2025-06-19 00:23:43,43.3575782775879,-8.84387874603271,"Male"
"6018403",371836,2025-06-19 00:28:48,43.3575744628906,-8.84394073486328,"Male"
"6018403",371836,2025-06-19 00:33:46,43.3575096130371,-8.84402465820312,"Male"
"6018403",371836,2025-06-19 00:38:42,43.3574981689453,-8.84390163421631,"Male"
"6018403",371836,2025-06-19 00:44:12,43.357608795166,-8.84399509429932,"Male"
"6018403",371836,2025-06-19 00:48:42,43.3575630187988,-8.84395408630371,"Male"
"6018403",371836,2025-06-19 00:53:47,43.3575668334961,-8.84389877319336,"Male"
"6018403",371836,2025-06-19 00:58:40,43.3577270507812,-8.84409427642822,"Male"
"6018403",371836,2025-06-19 01:03:40,43.357608795166,-8.8440113067627,"Male"
"6018403",371836,2025-06-19 01:08:44,43.3575897216797,-8.84398365020752,"Male"
"6018403",371836,2025-06-19 01:13:44,43.357593536377,-8.84398460388184,"Male"
"6018403",371836,2025-06-19 01:18:46,43.3576354980469,-8.84396743774414,"Male"
"6018403",371836,2025-06-19 01:23:42,43.3577270507812,-8.84409236907959,"Male"
"6018403",371836,2025-06-19 01:28:48,43.3577651977539,-8.84407806396484,"Male"
"6018403",371836,2025-06-19 01:34:07,43.3575401306152,-8.84407424926758,"Male"
"6018403",371836,2025-06-19 01:38:42,43.3575744628906,-8.84410858154297,"Male"
"6018403",371836,2025-06-19 01:43:39,43.3574028015137,-8.84395980834961,"Male"
"6018403",371836,2025-06-19 01:48:52,43.3575057983398,-8.84393882751465,"Male"
"6018403",371836,2025-06-19 01:53:40,43.3574752807617,-8.84389781951904,"Male"
"6018403",371836,2025-06-19 01:58:46,43.3575820922852,-8.84401893615723,"Male"
"6018403",371836,2025-06-19 02:03:45,43.3575630187988,-8.84402656555176,"Male"
"6018403",371836,2025-06-19 02:08:47,43.3575668334961,-8.84400463104248,"Male"
"6018403",371836,2025-06-19 02:13:41,43.3577651977539,-8.84441184997559,"Male"
"6018403",371836,2025-06-19 02:18:41,43.358081817627,-8.8449649810791,"Male"
"6018403",371836,2025-06-19 02:23:44,43.3575401306152,-8.84390449523926,"Male"
"6018403",371836,2025-06-19 02:28:42,43.3575286865234,-8.84391307830811,"Male"
"6018403",371836,2025-06-19 02:33:45,43.3576393127441,-8.84399127960205,"Male"
"6018403",371836,2025-06-19 02:38:39,43.3576774597168,-8.84416770935059,"Male"
"6018403",371836,2025-06-19 02:43:45,43.3575706481934,-8.84398937225342,"Male"
"6018403",371836,2025-06-19 02:48:47,43.3575706481934,-8.84400177001953,"Male"
"6018403",371836,2025-06-19 02:53:47,43.3574066162109,-8.84385108947754,"Male"
"6018403",371836,2025-06-19 02:58:47,43.3574142456055,-8.84388542175293,"Male"
"6018403",371836,2025-06-19 03:03:46,43.3573303222656,-8.84385776519775,"Male"
"6018403",371836,2025-06-19 03:08:46,43.3573036193848,-8.84380435943604,"Male"
"6018403",371836,2025-06-19 03:13:46,43.3572196960449,-8.84376049041748,"Male"
"6018403",371836,2025-06-19 03:18:52,43.3572807312012,-8.84373664855957,"Male"
"6018403",371836,2025-06-19 03:23:47,43.3572082519531,-8.84370040893555,"Male"
"6018403",371836,2025-06-19 03:28:47,43.3571243286133,-8.84353923797607,"Male"
"6018403",371836,2025-06-19 03:34:04,43.3574638366699,-8.8439359664917,"Male"
"6018403",371836,2025-06-19 03:38:38,43.3576126098633,-8.84405612945557,"Male"
"6018403",371836,2025-06-19 03:43:38,43.3576354980469,-8.84403800964355,"Male"
"6018403",371836,2025-06-19 03:48:39,43.3575782775879,-8.8441219329834,"Male"
"6018403",371836,2025-06-19 03:53:40,43.3575286865234,-8.844069480896,"Male"
"6018403",371836,2025-06-19 03:58:39,43.3575706481934,-8.84415626525879,"Male"
"6018403",371836,2025-06-19 04:03:40,43.357593536377,-8.84415817260742,"Male"
"6018403",371836,2025-06-19 04:08:38,43.3576545715332,-8.84405708312988,"Male"
"6018403",371836,2025-06-19 04:13:39,43.3577880859375,-8.84409523010254,"Male"
"6018403",371836,2025-06-19 04:18:40,43.3575820922852,-8.84418964385986,"Male"
"6018403",371836,2025-06-19 04:23:42,43.3576049804688,-8.84423065185547,"Male"
"6018403",371836,2025-06-19 04:28:44,43.3576126098633,-8.84434127807617,"Male"
"6018403",371836,2025-06-19 04:33:38,43.3576431274414,-8.84422969818115,"Male"
"6018403",371836,2025-06-19 04:38:38,43.3576507568359,-8.84418201446533,"Male"
"6018403",371836,2025-06-19 04:43:38,43.3574829101562,-8.84397792816162,"Male"
"6018403",371836,2025-06-19 04:48:40,43.357479095459,-8.84420967102051,"Male"
"6018403",371836,2025-06-19 04:53:42,43.3575553894043,-8.84421920776367,"Male"
"6018403",371836,2025-06-19 04:58:41,43.3575973510742,-8.84419059753418,"Male"
"6018403",371836,2025-06-19 05:03:40,43.3574142456055,-8.84376907348633,"Male"
"6018403",371836,2025-06-19 05:08:41,43.3576240539551,-8.8442211151123,"Male"
"6018403",371836,2025-06-19 05:13:39,43.3576126098633,-8.84435367584229,"Male"
"6018403",371836,2025-06-19 05:18:39,43.3574600219727,-8.8441162109375,"Male"
"6018403",371836,2025-06-19 05:23:39,43.3574638366699,-8.84416007995605,"Male"
"6018403",371836,2025-06-19 05:28:40,43.3575859069824,-8.84430027008057,"Male"
"6018403",371836,2025-06-19 05:33:39,43.3575744628906,-8.84422492980957,"Male"
"6018403",371836,2025-06-19 05:38:40,43.3575706481934,-8.84429836273193,"Male"
"6018403",371836,2025-06-19 05:43:40,43.3575134277344,-8.84386730194092,"Male"
"6018403",371836,2025-06-19 05:48:39,43.3575325012207,-8.84428310394287,"Male"
"6018403",371836,2025-06-19 05:53:40,43.3576354980469,-8.8443603515625,"Male"
"6018403",371836,2025-06-19 05:58:41,43.3575286865234,-8.84424209594727,"Male"
"6018403",371836,2025-06-19 06:03:41,43.357551574707,-8.84433364868164,"Male"
"6018403",371836,2025-06-19 06:08:39,43.3574028015137,-8.84409809112549,"Male"
"6018403",371836,2025-06-19 06:13:39,43.3574600219727,-8.84409618377686,"Male"
"6018403",371836,2025-06-19 06:18:41,43.3571815490723,-8.8438024520874,"Male"
"6018403",371836,2025-06-19 06:23:41,43.3577117919922,-8.84438228607178,"Male"
"6018403",371836,2025-06-19 06:28:39,43.3577690124512,-8.84431552886963,"Male"
"6018403",371836,2025-06-19 06:33:39,43.3577041625977,-8.84431076049805,"Male"
"6018403",371836,2025-06-19 06:38:39,43.3577194213867,-8.84433555603027,"Male"
"6018403",371836,2025-06-19 06:43:39,43.3579139709473,-8.84429359436035,"Male"
"6018403",371836,2025-06-19 06:48:42,43.3579254150391,-8.84438800811768,"Male"
"6018403",371836,2025-06-19 06:53:41,43.3578071594238,-8.84441947937012,"Male"
"6018403",371836,2025-06-19 06:58:42,43.3577880859375,-8.84451293945312,"Male"
"6018403",371836,2025-06-19 07:03:43,43.3578872680664,-8.84433650970459,"Male"
"6018403",371836,2025-06-19 07:08:42,43.3578948974609,-8.84438896179199,"Male"
"6018403",371836,2025-06-19 07:13:44,43.3579063415527,-8.84425830841064,"Male"
"6018403",371836,2025-06-19 07:18:48,43.3579902648926,-8.84407901763916,"Male"
"6018403",371836,2025-06-19 07:23:43,43.357982635498,-8.84417152404785,"Male"
"6018403",371836,2025-06-19 07:28:45,43.3576850891113,-8.84439945220947,"Male"
"6018403",371836,2025-06-19 07:33:45,43.3581962585449,-8.84401893615723,"Male"
"6018403",371836,2025-06-19 07:38:39,43.3573265075684,-8.84443473815918,"Male"
"6018403",371836,2025-06-19 07:43:44,43.3575477600098,-8.84439563751221,"Male"
"6018403",371836,2025-06-19 07:48:39,43.3577728271484,-8.84434795379639,"Male"
"6018403",371836,2025-06-19 07:53:40,43.3578147888184,-8.84434795379639,"Male"
"6018403",371836,2025-06-19 07:58:40,43.3583908081055,-8.84465026855469,"Male"
"6018403",371836,2025-06-19 08:03:41,43.3578987121582,-8.84426212310791,"Male"
"6018403",371836,2025-06-19 08:08:41,43.3577003479004,-8.84390640258789,"Male"
"6018403",371836,2025-06-19 08:13:40,43.357421875,-8.8443489074707,"Male"
"6018403",371836,2025-06-19 08:18:40,43.3578300476074,-8.84428215026855,"Male"
"6018403",371836,2025-06-19 08:23:40,43.3577766418457,-8.84401988983154,"Male"
"6018403",371836,2025-06-19 08:28:44,43.357795715332,-8.84416103363037,"Male"
"6018403",371836,2025-06-19 08:33:44,43.357780456543,-8.84429168701172,"Male"
"6018403",371836,2025-06-19 08:38:45,43.3577690124512,-8.84407711029053,"Male"
"6018403",371836,2025-06-19 08:43:44,43.3577537536621,-8.84423542022705,"Male"
"6018403",371836,2025-06-19 08:48:40,43.3578414916992,-8.84409046173096,"Male"
"6018403",371836,2025-06-19 08:53:40,43.357795715332,-8.84435939788818,"Male"
"6018403",371836,2025-06-19 08:58:40,43.3578414916992,-8.84442901611328,"Male"
"6018403",371836,2025-06-19 09:03:40,43.3579254150391,-8.84445762634277,"Male"
"6018403",371836,2025-06-19 09:08:40,43.3576965332031,-8.84428215026855,"Male"
"6018403",371836,2025-06-19 09:13:39,43.3576850891113,-8.84420490264893,"Male"
"6018403",371836,2025-06-19 09:18:41,43.3576850891113,-8.8441686630249,"Male"
"6018403",371836,2025-06-19 09:23:41,43.3575820922852,-8.84406089782715,"Male"
"6018403",371836,2025-06-19 09:28:40,43.3574600219727,-8.84346199035645,"Male"
"6018403",371836,2025-06-19 09:33:40,43.3629112243652,-8.84927368164062,"Male"
"6018403",371836,2025-06-19 09:38:39,43.3778533935547,-8.88262748718262,"Male"
"6018403",371836,2025-06-19 09:43:40,43.3801307678223,-8.92165470123291,"Male"
"6018403",371836,2025-06-19 09:48:39,43.3799247741699,-8.95783138275146,"Male"
"6018403",371836,2025-06-19 09:53:40,43.3755340576172,-8.99205589294434,"Male"
"6018403",371836,2025-06-19 09:58:40,43.3720855712891,-9.0075626373291,"Male"
"6018403",371836,2025-06-19 10:03:40,43.3704643249512,-9.01102638244629,"Male"
"6018403",371836,2025-06-19 10:08:40,43.3565444946289,-9.04349708557129,"Male"
"6018403",371836,2025-06-19 10:13:40,43.3411674499512,-9.07454776763916,"Male"
"6018403",371836,2025-06-19 10:18:40,43.338306427002,-9.08013534545898,"Male"
"6018403",371836,2025-06-19 10:23:40,43.3432693481445,-9.07533264160156,"Male"
"6018403",371836,2025-06-19 10:28:40,43.3475074768066,-9.07316017150879,"Male"
"6018403",371836,2025-06-19 10:33:40,43.3500747680664,-9.06970977783203,"Male"
"6018403",371836,2025-06-19 10:38:40,43.3553504943848,-9.06613636016846,"Male"
"6018403",371836,2025-06-19 10:43:40,43.3590431213379,-9.06340885162354,"Male"
"6018403",371836,2025-06-19 10:48:40,43.3611297607422,-9.06238555908203,"Male"
"6018403",371836,2025-06-19 10:53:40,43.3618049621582,-9.06260681152344,"Male"
"6018403",371836,2025-06-19 10:58:41,43.3621368408203,-9.06265163421631,"Male"
"6018403",371836,2025-06-19 11:03:40,43.3627586364746,-9.04243564605713,"Male"
"6018403",371836,2025-06-19 11:08:40,43.3563499450684,-8.98114109039307,"Male"
"6018403",371836,2025-06-19 11:13:39,43.3422813415527,-8.93618297576904,"Male"
"6018403",371836,2025-06-19 11:18:40,43.3408660888672,-8.93602180480957,"Male"
"6018403",371836,2025-06-19 11:23:40,43.3398818969727,-8.93574333190918,"Male"
"6018403",371836,2025-06-19 11:28:41,43.3307571411133,-8.91453456878662,"Male"
"6018403",371836,2025-06-19 11:33:41,43.32080078125,-8.87802410125732,"Male"
"6018403",371836,2025-06-19 11:38:42,43.3207893371582,-8.87790107727051,"Male"
"6018403",371836,2025-06-19 11:43:40,43.3205947875977,-8.87800407409668,"Male"
"6018403",371836,2025-06-19 11:48:42,43.3205871582031,-8.87804794311523,"Male"
"6018403",371836,2025-06-19 11:53:42,43.3207473754883,-8.87803077697754,"Male"
"6018403",371836,2025-06-19 11:58:40,43.3206329345703,-8.87812042236328,"Male"
"6018403",371836,2025-06-19 12:03:41,43.320686340332,-8.87812805175781,"Male"
"6018403",371836,2025-06-19 12:08:41,43.320671081543,-8.87813663482666,"Male"
"6018403",371836,2025-06-19 12:13:41,43.3206901550293,-8.87809181213379,"Male"
"6018403",371836,2025-06-19 12:18:41,43.3206825256348,-8.87809944152832,"Male"
"6018403",371836,2025-06-19 12:23:41,43.3207168579102,-8.87812232971191,"Male"
"6018403",371836,2025-06-19 12:28:41,43.3207397460938,-8.878173828125,"Male"
"6018403",371836,2025-06-19 12:33:41,43.320728302002,-8.8781042098999,"Male"
"6018403",371836,2025-06-19 12:38:41,43.3207054138184,-8.87811279296875,"Male"
"6018403",371836,2025-06-19 12:43:41,43.3207702636719,-8.87808036804199,"Male"
"6018403",371836,2025-06-19 12:48:41,43.3217353820801,-8.8759937286377,"Male"
"6018403",371836,2025-06-19 12:53:42,43.3139114379883,-8.85726642608643,"Male"
"6018403",371836,2025-06-19 12:58:41,43.3141212463379,-8.85688495635986,"Male"
"6018403",371836,2025-06-19 13:03:41,43.3146476745605,-8.85670185089111,"Male"
"6018403",371836,2025-06-19 13:08:44,43.3145217895508,-8.85671043395996,"Male"
"6018403",371836,2025-06-19 13:13:41,43.3147048950195,-8.85668849945068,"Male"
"6018403",371836,2025-06-19 13:18:41,43.3146743774414,-8.85674571990967,"Male"
"6018403",371836,2025-06-19 13:23:42,43.314567565918,-8.85679340362549,"Male"
"6018403",371836,2025-06-19 13:28:41,43.3145027160645,-8.8567419052124,"Male"
"6018403",371836,2025-06-19 13:33:41,43.314582824707,-8.85676765441895,"Male"
"6018403",371836,2025-06-19 13:38:41,43.3142700195312,-8.85672187805176,"Male"
"6018403",371836,2025-06-19 13:43:41,43.3145866394043,-8.8567943572998,"Male"
"6018403",371836,2025-06-19 13:48:41,43.3145217895508,-8.85692596435547,"Male"
"6018403",371836,2025-06-19 13:53:41,43.3143997192383,-8.8568868637085,"Male"
"6018403",371836,2025-06-19 13:58:41,43.3344955444336,-8.84617614746094,"Male"
"6018403",371836,2025-06-19 14:03:41,43.359016418457,-8.84557914733887,"Male"
"6018403",371836,2025-06-19 14:08:42,43.3579521179199,-8.84408760070801,"Male"
"6018403",371836,2025-06-19 14:13:41,43.3579559326172,-8.84416961669922,"Male"
"6018403",371836,2025-06-19 14:18:42,43.3580589294434,-8.84425926208496,"Male"
"6018403",371836,2025-06-19 14:23:42,43.3579711914062,-8.84422016143799,"Male"
"6018403",371836,2025-06-19 14:28:42,43.3579864501953,-8.84421157836914,"Male"
"6018403",371836,2025-06-19 14:33:43,43.3579559326172,-8.8442268371582,"Male"
"6018403",371836,2025-06-19 14:38:43,43.3578987121582,-8.84423923492432,"Male"
"6018403",371836,2025-06-19 14:43:43,43.3578720092773,-8.84425163269043,"Male"
"6018403",371836,2025-06-19 14:48:42,43.3578681945801,-8.84422969818115,"Male"
"6018403",371836,2025-06-19 14:53:43,43.3579025268555,-8.84422588348389,"Male"
"6018403",371836,2025-06-19 14:58:43,43.3579444885254,-8.84426116943359,"Male"
"6018403",371836,2025-06-19 15:03:43,43.3577880859375,-8.84431552886963,"Male"
"6018403",371836,2025-06-19 15:08:43,43.3578910827637,-8.84431934356689,"Male"
"6018403",371836,2025-06-19 15:13:44,43.3577690124512,-8.84426021575928,"Male"
"6018403",371836,2025-06-19 15:18:44,43.3576965332031,-8.84424686431885,"Male"
"6018403",371836,2025-06-19 15:23:43,43.357608795166,-8.84421348571777,"Male"
"6018403",371836,2025-06-19 15:28:44,43.3575820922852,-8.84419441223145,"Male"
"6018403",371836,2025-06-19 15:33:43,43.3576927185059,-8.84430980682373,"Male"
"6018403",371836,2025-06-19 15:38:44,43.357666015625,-8.84416484832764,"Male"
"6018403",371836,2025-06-19 15:43:44,43.3575325012207,-8.8440055847168,"Male"
"6018403",371836,2025-06-19 15:48:46,43.3573989868164,-8.84382724761963,"Male"
"6018403",371836,2025-06-19 15:53:46,43.3574447631836,-8.84390830993652,"Male"
"6018403",371836,2025-06-19 15:58:45,43.3575057983398,-8.84390830993652,"Male"
"6018403",371836,2025-06-19 16:03:44,43.3575096130371,-8.84391307830811,"Male"
"6018403",371836,2025-06-19 16:08:46,43.3574104309082,-8.84378623962402,"Male"
"6018403",371836,2025-06-19 16:13:47,43.3574104309082,-8.84370136260986,"Male"
"6018403",371836,2025-06-19 16:18:48,43.3579292297363,-8.84434986114502,"Male"
"6018403",371836,2025-06-19 16:23:50,43.3579406738281,-8.84423065185547,"Male"
"6018403",371836,2025-06-19 16:28:47,43.3583450317383,-8.84408569335938,"Male"
"6018403",371836,2025-06-19 16:33:51,43.3580436706543,-8.84432506561279,"Male"
"6018403",371836,2025-06-19 16:38:46,43.3580551147461,-8.84430694580078,"Male"
"6018403",371836,2025-06-19 16:44:39,43.3576316833496,-8.84385299682617,"Male"
"6018403",371836,2025-06-19 16:48:44,43.3572731018066,-8.84361267089844,"Male"
"6018403",371836,2025-06-19 16:53:46,43.3572120666504,-8.84328842163086,"Male"
"6018403",371836,2025-06-19 16:58:46,43.3571586608887,-8.84316730499268,"Male"
"6018403",371836,2025-06-19 17:03:52,43.3576583862305,-8.84396457672119,"Male"
"6018403",371836,2025-06-19 17:09:30,43.3576393127441,-8.84413146972656,"Male"
"6018403",371836,2025-06-19 17:14:43,43.3576316833496,-8.844162940979,"Male"
"6018403",371836,2025-06-19 17:18:47,43.3577651977539,-8.84442615509033,"Male"
"6018403",371836,2025-06-19 17:23:46,43.3578453063965,-8.84453964233398,"Male"
"6018403",371836,2025-06-19 17:28:50,43.3578071594238,-8.84440898895264,"Male"
"6018403",371836,2025-06-19 17:33:44,43.3577575683594,-8.8444709777832,"Male"
"6018403",371836,2025-06-19 17:38:45,43.3606262207031,-8.83987808227539,"Male"
"6018403",371836,2025-06-19 17:43:47,43.357780456543,-8.8444995880127,"Male"
"6018403",371836,2025-06-19 17:48:45,43.357852935791,-8.84463119506836,"Male"
"6018403",371836,2025-06-19 17:53:45,43.3577156066895,-8.84432506561279,"Male"
"6018403",371836,2025-06-19 17:58:44,43.357837677002,-8.84458255767822,"Male"
"6018403",371836,2025-06-19 18:03:43,43.3578262329102,-8.84462261199951,"Male"
"6018403",371836,2025-06-19 18:08:44,43.3577766418457,-8.84445476531982,"Male"
"6018403",371836,2025-06-19 18:13:45,43.3577728271484,-8.84457778930664,"Male"
"6018403",371836,2025-06-19 18:18:44,43.3578300476074,-8.84469413757324,"Male"
"6018403",371836,2025-06-19 18:23:44,43.3578338623047,-8.84465217590332,"Male"
"6018403",371836,2025-06-19 18:28:43,43.3610610961914,-8.84783935546875,"Male"
"6018403",371836,2025-06-19 18:33:43,43.383228302002,-8.87359809875488,"Male"
"6018403",371836,2025-06-19 18:38:43,43.4015579223633,-8.90789604187012,"Male"
"6018403",371836,2025-06-19 18:43:43,43.4195098876953,-8.94509315490723,"Male"
"6018403",371836,2025-06-19 18:48:44,43.441780090332,-8.97473621368408,"Male"
"6018403",371836,2025-06-19 18:53:43,43.4699440002441,-8.98920917510986,"Male"
"6018403",371836,2025-06-19 18:58:43,43.5027008056641,-8.99084663391113,"Male"
"6018403",371836,2025-06-19 19:03:43,43.5323371887207,-8.98090553283691,"Male"
"6018403",371836,2025-06-19 19:08:43,43.5596008300781,-8.98708248138428,"Male"
"6018403",371836,2025-06-19 19:13:44,43.573413848877,-9.00697135925293,"Male"
"6018403",371836,2025-06-19 19:18:43,43.562442779541,-9.02754592895508,"Male"
"6018403",371836,2025-06-19 19:23:44,43.5425491333008,-9.0030632019043,"Male"
"6018403",371836,2025-06-19 19:28:44,43.5662727355957,-9.00076103210449,"Male"
"6018403",371836,2025-06-19 19:33:43,43.5968132019043,-8.99561500549316,"Male"
"6018403",371836,2025-06-19 19:38:45,43.5926780700684,-8.97402095794678,"Male"
"6018403",371836,2025-06-19 19:43:44,43.5863571166992,-8.93308353424072,"Male"
"6018403",371836,2025-06-19 19:48:46,43.5842628479004,-8.90227317810059,"Male"
"6018403",371836,2025-06-19 19:53:44,43.5821647644043,-8.89664077758789,"Male"
"6018403",371836,2025-06-19 19:58:47,43.5778160095215,-8.88980674743652,"Male"
"6018403",371836,2025-06-19 20:03:54,43.5799407958984,-8.88619709014893,"Male"
"6018403",371836,2025-06-19 20:08:43,43.5842247009277,-8.87471199035645,"Male"
"6018403",371836,2025-06-19 20:13:46,43.5838317871094,-8.87542629241943,"Male"
"6018403",371836,2025-06-19 20:18:45,43.5841484069824,-8.87509250640869,"Male"
"6018403",371836,2025-06-19 20:26:24,43.5833282470703,-8.87571334838867,"Male"
"6018403",371836,2025-06-19 20:31:21,43.5762481689453,-8.86993312835693,"Male"
"6018403",371836,2025-06-19 20:36:21,43.5464706420898,-8.86356925964355,"Male"
"6018403",371836,2025-06-19 20:41:21,43.5160789489746,-8.86186981201172,"Male"
"6018403",371836,2025-06-19 20:46:22,43.4854202270508,-8.85783576965332,"Male"
"6018403",371836,2025-06-19 20:51:21,43.4555549621582,-8.85942459106445,"Male"
"6018403",371836,2025-06-19 20:56:21,43.4269218444824,-8.86121463775635,"Male"
"6018403",371836,2025-06-19 21:01:21,43.3975448608398,-8.85478782653809,"Male"
"6018403",371836,2025-06-19 21:06:21,43.3686332702637,-8.84660053253174,"Male"
"6018403",371836,2025-06-19 21:11:22,43.3577041625977,-8.84375762939453,"Male"
"6018403",371836,2025-06-19 21:16:21,43.358341217041,-8.84353256225586,"Male"
"6018403",371836,2025-06-19 21:21:29,43.3576698303223,-8.84402751922607,"Male"
"6018403",371836,2025-06-19 21:26:22,43.357795715332,-8.84383392333984,"Male"
"6018403",371836,2025-06-19 21:31:21,43.357780456543,-8.84367656707764,"Male"
"6018403",371836,2025-06-19 21:36:23,43.3577308654785,-8.84381008148193,"Male"
"6018403",371836,2025-06-19 21:41:22,43.3578796386719,-8.84381484985352,"Male"
"6018403",371836,2025-06-19 21:46:22,43.3578720092773,-8.84400463104248,"Male"
"6018403",371836,2025-06-19 21:51:22,43.3579063415527,-8.84414005279541,"Male"
"6018403",371836,2025-06-19 21:56:22,43.357551574707,-8.84362411499023,"Male"
"6018403",371836,2025-06-19 22:01:22,43.3574829101562,-8.84402275085449,"Male"
"6018403",371836,2025-06-19 22:06:24,43.3575210571289,-8.84397220611572,"Male"
"6018403",371836,2025-06-19 22:11:21,43.3577842712402,-8.84373092651367,"Male"
"6018403",371836,2025-06-19 22:16:22,43.3579139709473,-8.8440990447998,"Male"
"6018403",371836,2025-06-19 22:21:23,43.3577537536621,-8.84404468536377,"Male"
"6018403",371836,2025-06-19 22:26:22,43.3576583862305,-8.84401702880859,"Male"
"6018403",371836,2025-06-19 22:31:22,43.3575134277344,-8.844407081604,"Male"
"6018403",371836,2025-06-19 22:36:22,43.3575248718262,-8.84462261199951,"Male"
"6018403",371836,2025-06-19 22:41:22,43.3575248718262,-8.84474182128906,"Male"
"6018403",371836,2025-06-19 22:46:23,43.3575325012207,-8.84476184844971,"Male"
"6018403",371836,2025-06-19 22:51:22,43.3575744628906,-8.84472274780273,"Male"
"6018403",371836,2025-06-19 22:56:22,43.3575668334961,-8.84483528137207,"Male"
"6018403",371836,2025-06-19 23:01:24,43.3576698303223,-8.84438896179199,"Male"
"6018403",371836,2025-06-19 23:06:23,43.3576583862305,-8.84489250183105,"Male"
"6018403",371836,2025-06-19 23:11:26,43.3576736450195,-8.84423160552979,"Male"
"6018403",371836,2025-06-19 23:16:26,43.3575553894043,-8.84395503997803,"Male"
"6018403",371836,2025-06-19 23:21:26,43.3575973510742,-8.84412574768066,"Male"
"6018403",371836,2025-06-19 23:26:22,43.3574829101562,-8.84382820129395,"Male"
"6018403",371836,2025-06-19 23:31:21,43.3574981689453,-8.84399890899658,"Male"
"6018403",371836,2025-06-19 23:36:21,43.3576164245605,-8.84403610229492,"Male"
"6018403",371836,2025-06-19 23:41:23,43.357551574707,-8.84400272369385,"Male"
"6018403",371836,2025-06-19 23:46:22,43.3578567504883,-8.84454536437988,"Male"
"6018403",371836,2025-06-19 23:51:22,43.3575439453125,-8.84394550323486,"Male"
"6018403",371836,2025-06-19 23:56:22,43.357593536377,-8.8439245223999,"Male"
"6018403",371836,2025-06-20 00:01:22,43.3576545715332,-8.84398078918457,"Male"
"6018403",371836,2025-06-20 00:06:24,43.3577766418457,-8.84415817260742,"Male"
"6018403",371836,2025-06-20 00:11:22,43.3576469421387,-8.8440055847168,"Male"
"6018403",371836,2025-06-20 00:16:22,43.3577003479004,-8.84398651123047,"Male"
"6018403",371836,2025-06-20 00:21:26,43.3577537536621,-8.84389877319336,"Male"
"6018403",371836,2025-06-20 00:26:24,43.357666015625,-8.84407806396484,"Male"
"6018403",371836,2025-06-20 00:31:24,43.357666015625,-8.84400367736816,"Male"
"6018403",371836,2025-06-20 00:36:23,43.3579444885254,-8.84399223327637,"Male"
"6018403",371836,2025-06-20 00:41:22,43.3579292297363,-8.84414196014404,"Male"
"6018403",371836,2025-06-20 00:46:26,43.3578224182129,-8.84413146972656,"Male"
"6018403",371836,2025-06-20 00:51:22,43.3578033447266,-8.84426403045654,"Male"
"6018403",371836,2025-06-20 00:56:23,43.357837677002,-8.84416675567627,"Male"
"6018403",371836,2025-06-20 01:01:24,43.3579216003418,-8.84418392181396,"Male"
"6018403",371836,2025-06-20 01:06:22,43.3578224182129,-8.8442325592041,"Male"
"6018403",371836,2025-06-20 01:11:23,43.3578147888184,-8.84426975250244,"Male"
"6018403",371836,2025-06-20 01:16:23,43.3578071594238,-8.84421253204346,"Male"
"6018403",371836,2025-06-20 01:21:22,43.357780456543,-8.84421634674072,"Male"
"6018403",371836,2025-06-20 01:26:22,43.3577308654785,-8.84424018859863,"Male"
"6018403",371836,2025-06-20 01:31:22,43.3577919006348,-8.84427356719971,"Male"
"6018403",371836,2025-06-20 01:36:22,43.3576431274414,-8.84427738189697,"Male"
"6018403",371836,2025-06-20 01:41:26,43.3578414916992,-8.84417724609375,"Male"
"6018403",371836,2025-06-20 01:46:22,43.3578109741211,-8.84432220458984,"Male"
"6018403",371836,2025-06-20 01:51:23,43.3576812744141,-8.84459590911865,"Male"
"6018403",371836,2025-06-20 01:56:23,43.3576622009277,-8.84450149536133,"Male"
"6018403",371836,2025-06-20 02:01:22,43.3576698303223,-8.8444356918335,"Male"
"6018403",371836,2025-06-20 02:06:31,43.3577270507812,-8.8442907333374,"Male"
"6018403",371836,2025-06-20 02:11:23,43.3577117919922,-8.84445762634277,"Male"
"6018403",371836,2025-06-20 02:16:23,43.3576164245605,-8.8445873260498,"Male"
"6018403",371836,2025-06-20 02:21:26,43.3576545715332,-8.84449195861816,"Male"
"6018403",371836,2025-06-20 02:26:22,43.3575401306152,-8.84462833404541,"Male"
"6018403",371836,2025-06-20 02:31:24,43.3576240539551,-8.84441947937012,"Male"
"6018403",371836,2025-06-20 02:36:22,43.3576850891113,-8.84433650970459,"Male"
"6018403",371836,2025-06-20 02:41:22,43.3576889038086,-8.84427928924561,"Male"
"6018403",371836,2025-06-20 02:46:23,43.3577117919922,-8.8442440032959,"Male"
"6018403",371836,2025-06-20 02:51:22,43.3577270507812,-8.84423828125,"Male"
"6018403",371836,2025-06-20 02:56:24,43.3576622009277,-8.8441743850708,"Male"
"6018403",371836,2025-06-20 03:01:25,43.3577613830566,-8.84432792663574,"Male"
"6018403",371836,2025-06-20 03:06:24,43.3577613830566,-8.84433650970459,"Male"
"6018403",371836,2025-06-20 03:11:24,43.3578033447266,-8.84429550170898,"Male"
"6018403",371836,2025-06-20 03:16:26,43.3577766418457,-8.84423160552979,"Male"
"6018403",371836,2025-06-20 03:21:22,43.3581390380859,-8.84405326843262,"Male"
"6018403",371836,2025-06-20 03:26:26,43.3580894470215,-8.8445873260498,"Male"
"6018403",371836,2025-06-20 03:31:27,43.3580169677734,-8.84445858001709,"Male"
"6018403",371836,2025-06-20 03:36:22,43.3578834533691,-8.84427261352539,"Male"
"6018403",371836,2025-06-20 03:41:24,43.3578948974609,-8.84446239471436,"Male"
"6018403",371836,2025-06-20 03:46:22,43.3578491210938,-8.84426498413086,"Male"
"6018403",371836,2025-06-20 03:51:22,43.3578987121582,-8.84431171417236,"Male"
"6018403",371836,2025-06-20 03:56:22,43.3575668334961,-8.84408092498779,"Male"
"6018403",371836,2025-06-20 04:01:27,43.3584022521973,-8.84479427337646,"Male"
"6018403",371836,2025-06-20 04:06:22,43.358325958252,-8.84482002258301,"Male"
"6018403",371836,2025-06-20 04:11:28,43.3583679199219,-8.844801902771,"Male"
"6018403",371836,2025-06-20 04:16:27,43.3583450317383,-8.84485340118408,"Male"
"6018403",371836,2025-06-20 04:21:28,43.3582992553711,-8.84499549865723,"Male"
"6018403",371836,2025-06-20 04:26:30,43.3582878112793,-8.84511375427246,"Male"
"6018403",371836,2025-06-20 04:31:29,43.3582611083984,-8.84517383575439,"Male"
"6018403",371836,2025-06-20 04:36:29,43.3582382202148,-8.84519386291504,"Male"
"6018403",371836,2025-06-20 04:41:33,43.3582305908203,-8.84525585174561,"Male"
"6018403",371836,2025-06-20 04:46:33,43.3582305908203,-8.8453311920166,"Male"
"6018403",371836,2025-06-20 04:51:37,43.3582305908203,-8.84532165527344,"Male"
"6018403",371836,2025-06-20 04:56:30,43.3582191467285,-8.84527015686035,"Male"
"6018403",371836,2025-06-20 05:01:29,43.3582229614258,-8.84537124633789,"Male"
"6018403",371836,2025-06-20 05:06:29,43.3581962585449,-8.84543895721436,"Male"
"6018403",371836,2025-06-20 05:11:49,43.3580284118652,-8.84521675109863,"Male"
"6018403",371836,2025-06-20 05:16:32,43.3589210510254,-8.84683704376221,"Male"
"6018403",371836,2025-06-20 05:21:26,43.359016418457,-8.84742641448975,"Male"
"6018403",371836,2025-06-20 05:26:28,43.3586235046387,-8.84615230560303,"Male"
"6018403",371836,2025-06-20 05:31:31,43.3582611083984,-8.84477519989014,"Male"
"6018403",371836,2025-06-20 05:36:26,43.3575057983398,-8.84380149841309,"Male"
"6018403",371836,2025-06-20 05:41:25,43.3578071594238,-8.84416580200195,"Male"
"6018403",371836,2025-06-20 05:46:38,43.3576393127441,-8.84417533874512,"Male"
"6018403",371836,2025-06-20 05:51:24,43.3578186035156,-8.8441743850708,"Male"
"6018403",371836,2025-06-20 05:56:43,43.3569717407227,-8.8423547744751,"Male"
"6018403",371836,2025-06-20 06:01:26,43.3576545715332,-8.84392356872559,"Male"
"6018403",371836,2025-06-20 06:06:26,43.3576278686523,-8.84384155273438,"Male"
"6018403",371836,2025-06-20 06:11:28,43.3576545715332,-8.84405422210693,"Male"
"6018403",371836,2025-06-20 06:16:24,43.3576965332031,-8.84397602081299,"Male"
"6018403",371836,2025-06-20 06:21:28,43.3577117919922,-8.84403896331787,"Male"
"6018403",371836,2025-06-20 06:26:51,43.3576431274414,-8.84392166137695,"Male"
"6018403",371836,2025-06-20 06:31:21,43.3577079772949,-8.84405612945557,"Male"
"6018403",371836,2025-06-20 06:36:24,43.3577575683594,-8.843994140625,"Male"
"6018403",371836,2025-06-20 06:41:29,43.3581123352051,-8.84597206115723,"Male"
"6018403",371836,2025-06-20 06:46:28,43.3576927185059,-8.84407711029053,"Male"
"6018403",371836,2025-06-20 06:51:24,43.3576850891113,-8.84433174133301,"Male"
"6018403",371836,2025-06-20 06:56:24,43.3569221496582,-8.84403228759766,"Male"
"6018403",371836,2025-06-20 07:01:23,43.3579139709473,-8.84436321258545,"Male"
"6018403",371836,2025-06-20 07:06:23,43.358341217041,-8.84445858001709,"Male"
"6018403",371836,2025-06-20 07:11:27,43.3577728271484,-8.84435939788818,"Male"
"6018403",371836,2025-06-20 07:16:24,43.3579406738281,-8.84430503845215,"Male"
"6018403",371836,2025-06-20 07:21:22,43.3578948974609,-8.84422969818115,"Male"
"6018403",371836,2025-06-20 07:26:21,43.35791015625,-8.8441915512085,"Male"
"6018403",371836,2025-06-20 07:31:21,43.3578567504883,-8.84417343139648,"Male"
"6018403",371836,2025-06-20 07:36:26,43.3572044372559,-8.84524726867676,"Male"
"6018403",371836,2025-06-20 07:41:22,43.3578071594238,-8.84416103363037,"Male"
"6018403",371836,2025-06-20 07:46:22,43.358325958252,-8.84356784820557,"Male"
"6018403",371836,2025-06-20 07:51:30,43.3579902648926,-8.84331893920898,"Male"
"6018403",371836,2025-06-20 07:56:24,43.3585548400879,-8.84349346160889,"Male"
"6018403",371836,2025-06-20 08:01:46,43.3582191467285,-8.84385776519775,"Male"
"6018403",371836,2025-06-20 08:06:32,43.3587760925293,-8.84321022033691,"Male"
"6018403",371836,2025-06-20 08:11:32,43.3589630126953,-8.84311294555664,"Male"
"6018403",371836,2025-06-20 08:16:28,43.358699798584,-8.84343433380127,"Male"
"6018403",371836,2025-06-20 08:21:38,43.3582801818848,-8.84373378753662,"Male"
"6018403",371836,2025-06-20 08:26:36,43.3575134277344,-8.84428405761719,"Male"
"6018403",371836,2025-06-20 08:31:32,43.3585319519043,-8.84341812133789,"Male"
"6018403",371836,2025-06-20 08:36:32,43.3587684631348,-8.84346485137939,"Male"
"6018403",371836,2025-06-20 08:41:26,43.3574905395508,-8.84424781799316,"Male"
"6018403",371836,2025-06-20 08:46:26,43.3575210571289,-8.84425258636475,"Male"
"6018403",371836,2025-06-20 08:51:29,43.357479095459,-8.84414863586426,"Male"
"6018403",371836,2025-06-20 08:56:26,43.357494354248,-8.84411430358887,"Male"
"6018403",371836,2025-06-20 09:01:50,43.3573417663574,-8.84408569335938,"Male"
"6018403",371836,2025-06-20 09:06:42,43.3576431274414,-8.84380626678467,"Male"
"6018403",371836,2025-06-20 09:11:27,43.3596839904785,-8.84373092651367,"Male"
"6018403",371836,2025-06-20 09:16:29,43.359676361084,-8.84399032592773,"Male"
"6018403",371836,2025-06-20 09:21:28,43.3597869873047,-8.84423828125,"Male"
"6018403",371836,2025-06-20 09:26:29,43.3575096130371,-8.84331226348877,"Male"
"6018403",371836,2025-06-20 09:31:30,43.3594207763672,-8.8446798324585,"Male"
"6018403",371836,2025-06-20 09:36:34,43.3585205078125,-8.84394359588623,"Male"
"6018403",371836,2025-06-20 09:41:26,43.3585968017578,-8.84395313262939,"Male"
"6018403",371836,2025-06-20 09:46:28,43.3585739135742,-8.84396266937256,"Male"
"6018403",371836,2025-06-20 09:51:28,43.3579521179199,-8.84362697601318,"Male"
"6018403",371836,2025-06-20 09:56:26,43.3584861755371,-8.84453582763672,"Male"
"6018403",371836,2025-06-20 10:01:29,43.358470916748,-8.84450435638428,"Male"
"6018403",371836,2025-06-20 10:06:25,43.358512878418,-8.84392929077148,"Male"
"6018403",371836,2025-06-20 10:11:28,43.3583946228027,-8.84385585784912,"Male"
"6018403",371836,2025-06-20 10:16:31,43.358455657959,-8.84430122375488,"Male"
"6018403",371836,2025-06-20 10:21:41,43.3585395812988,-8.84382724761963,"Male"
"6018403",371836,2025-06-20 10:26:36,43.3584518432617,-8.84332466125488,"Male"
"6018403",371836,2025-06-20 10:31:33,43.3588485717773,-8.84510898590088,"Male"
"6018403",371836,2025-06-20 10:36:32,43.3748359680176,-8.86337375640869,"Male"
"6018403",371836,2025-06-20 10:41:31,43.3992347717285,-8.88315963745117,"Male"
"6018403",371836,2025-06-20 10:46:28,43.4259414672852,-8.89652824401855,"Male"
"6018403",371836,2025-06-20 10:51:30,43.4510040283203,-8.90781021118164,"Male"
"6018403",371836,2025-06-20 10:56:33,43.4508590698242,-8.90567588806152,"Male"
"6018403",371836,2025-06-20 11:01:30,43.4511528015137,-8.90322113037109,"Male"
"6018403",371836,2025-06-20 11:06:25,43.4516754150391,-8.90132999420166,"Male"
"6018403",371836,2025-06-20 11:11:30,43.4710845947266,-8.91530704498291,"Male"
"6018403",371836,2025-06-20 11:16:28,43.4907646179199,-8.9430456161499,"Male"
"6018403",371836,2025-06-20 11:21:30,43.5076942443848,-8.97331237792969,"Male"
"6018403",371836,2025-06-20 11:26:41,43.5248985290527,-9.00154781341553,"Male"
"6018403",371836,2025-06-20 11:31:29,43.5197792053223,-9.04011917114258,"Male"
"6018403",371836,2025-06-20 11:36:25,43.5258407592773,-9.08234119415283,"Male"
"6018403",371836,2025-06-20 11:41:37,43.5393333435059,-9.12399387359619,"Male"
"6018403",371836,2025-06-20 11:46:52,43.5362091064453,-9.15047454833984,"Male"
"6018403",371836,2025-06-20 11:51:29,43.5351409912109,-9.18002510070801,"Male"
"6018403",371836,2025-06-20 11:56:24,43.5436477661133,-9.15189647674561,"Male"
"6018403",371836,2025-06-20 12:02:00,43.532096862793,-9.15713882446289,"Male"
"6018403",371836,2025-06-20 12:06:31,43.5311813354492,-9.15903568267822,"Male"
"6018403",371836,2025-06-20 12:11:25,43.5320663452148,-9.15979766845703,"Male"
"6018403",371836,2025-06-20 12:16:43,43.5313415527344,-9.16245937347412,"Male"
"6018403",371836,2025-06-20 12:21:28,43.53173828125,-9.16314888000488,"Male"
"6018403",371836,2025-06-20 12:26:26,43.5307769775391,-9.1641960144043,"Male"
"6018403",371836,2025-06-20 12:31:29,43.5305328369141,-9.16452503204346,"Male"
"6018403",371836,2025-06-20 12:36:28,43.5291404724121,-9.16573047637939,"Male"
"6018403",371836,2025-06-20 12:41:36,43.5284996032715,-9.16615104675293,"Male"
"6018403",371836,2025-06-20 12:46:29,43.528247833252,-9.16679954528809,"Male"
"6018403",371836,2025-06-20 12:51:29,43.5276031494141,-9.16801834106445,"Male"
"6018403",371836,2025-06-20 12:56:31,43.5271682739258,-9.16908073425293,"Male"
"6018403",371836,2025-06-20 13:01:36,43.5271339416504,-9.16883182525635,"Male"
"6018403",371836,2025-06-20 13:06:29,43.5261039733887,-9.17063045501709,"Male"
"6018403",371836,2025-06-20 13:11:39,43.5255165100098,-9.17188739776611,"Male"
"6018403",371836,2025-06-20 13:16:29,43.524974822998,-9.17360877990723,"Male"
"6018403",371836,2025-06-20 13:21:28,43.5244140625,-9.17488670349121,"Male"
"6018403",371836,2025-06-20 13:26:29,43.5234146118164,-9.17577266693115,"Male"
"6018403",371836,2025-06-20 13:31:26,43.5236968994141,-9.17679595947266,"Male"
"6018403",371836,2025-06-20 13:36:26,43.5235710144043,-9.17694473266602,"Male"
"6018403",371836,2025-06-20 13:41:27,43.5232810974121,-9.17735004425049,"Male"
"6018403",371836,2025-06-20 13:46:29,43.5232048034668,-9.17755508422852,"Male"
"6018403",371836,2025-06-20 13:51:31,43.5227813720703,-9.17815494537354,"Male"
"6018403",371836,2025-06-20 13:56:29,43.5222663879395,-9.17911148071289,"Male"
"6018403",371836,2025-06-20 14:01:25,43.5216941833496,-9.179931640625,"Male"
"6018403",371836,2025-06-20 14:06:31,43.5213623046875,-9.18089008331299,"Male"
"6018403",371836,2025-06-20 14:11:25,43.5190620422363,-9.17383289337158,"Male"
"6018403",371836,2025-06-20 14:16:31,43.5193519592285,-9.17507266998291,"Male"
"6018403",371836,2025-06-20 14:21:25,43.519287109375,-9.17549324035645,"Male"
"6018403",371836,2025-06-20 14:26:44,43.519214630127,-9.17640209197998,"Male"
"6018403",371836,2025-06-20 14:31:28,43.5157814025879,-9.17649173736572,"Male"
"6018403",371836,2025-06-20 14:37:06,43.4801979064941,-9.20397758483887,"Male"
"6018403",371836,2025-06-20 14:41:24,43.4640884399414,-9.22395610809326,"Male"
"6018403",371836,2025-06-20 14:46:28,43.4603080749512,-9.2282247543335,"Male"
"6018403",371836,2025-06-20 14:51:31,43.4596824645996,-9.22988891601562,"Male"
"6018403",371836,2025-06-20 14:56:29,43.4589920043945,-9.2315616607666,"Male"
"6018403",371836,2025-06-20 15:01:31,43.4585494995117,-9.23288345336914,"Male"
"6018403",371836,2025-06-20 15:06:24,43.4617881774902,-9.23988819122314,"Male"
"6018403",371836,2025-06-20 15:11:25,43.462043762207,-9.27248191833496,"Male"
"6018403",371836,2025-06-20 15:16:24,43.4516143798828,-9.31095886230469,"Male"
"6018403",371836,2025-06-20 15:21:26,43.4522933959961,-9.32993412017822,"Male"
"6018403",371836,2025-06-20 15:26:27,43.4525833129883,-9.32996845245361,"Male"
"6018403",371836,2025-06-20 15:31:25,43.4530906677246,-9.3308801651001,"Male"
"6018403",371836,2025-06-20 15:36:28,43.4526176452637,-9.33310031890869,"Male"
"6018403",371836,2025-06-20 15:42:13,43.447265625,-9.34126567840576,"Male"
"6018403",371836,2025-06-20 15:46:39,43.4496765136719,-9.34972095489502,"Male"
"6018403",371836,2025-06-20 15:51:39,43.4498062133789,-9.35041236877441,"Male"
"6018403",371836,2025-06-20 15:56:42,43.4464073181152,-9.34367084503174,"Male"
"6018403",371836,2025-06-20 16:01:38,43.4477844238281,-9.34306049346924,"Male"
"6018403",371836,2025-06-20 16:06:34,43.4480018615723,-9.34370422363281,"Male"
"6018403",371836,2025-06-20 16:11:27,43.4480209350586,-9.35083103179932,"Male"
"6018403",371836,2025-06-20 16:16:37,43.4580726623535,-9.32252216339111,"Male"
"6018403",371836,2025-06-20 16:21:25,43.4521522521973,-9.31988906860352,"Male"
"6018403",371836,2025-06-20 16:26:29,43.4556427001953,-9.31477832794189,"Male"
"6018403",371836,2025-06-20 16:31:27,43.4589500427246,-9.31817531585693,"Male"
"6018403",371836,2025-06-20 16:36:30,43.4590606689453,-9.31869316101074,"Male"
"6018403",371836,2025-06-20 16:41:25,43.4598770141602,-9.31838893890381,"Male"
"6018403",371836,2025-06-20 16:46:30,43.4595527648926,-9.31659412384033,"Male"
"6018403",371836,2025-06-20 16:51:29,43.4598159790039,-9.31815814971924,"Male"
"6018403",371836,2025-06-20 16:56:28,43.4599227905273,-9.31852912902832,"Male"
"6018403",371836,2025-06-20 17:01:29,43.4603004455566,-9.31903648376465,"Male"
"6018403",371836,2025-06-20 17:06:25,43.4598426818848,-9.31773376464844,"Male"
"6018403",371836,2025-06-20 17:11:27,43.4601974487305,-9.31889247894287,"Male"
"6018403",371836,2025-06-20 17:16:26,43.4604110717773,-9.31966495513916,"Male"
"6018403",371836,2025-06-20 17:21:30,43.4603881835938,-9.3198881149292,"Male"
"6018403",371836,2025-06-20 17:26:30,43.4604415893555,-9.32062530517578,"Male"
"6018403",371836,2025-06-20 17:31:28,43.4587287902832,-9.31660652160645,"Male"
"6018403",371836,2025-06-20 17:36:27,43.4378433227539,-9.27736186981201,"Male"
"6018403",371836,2025-06-20 17:41:30,43.4215965270996,-9.23322868347168,"Male"
"6018403",371836,2025-06-20 17:46:31,43.4016914367676,-9.18855381011963,"Male"
"6018403",371836,2025-06-20 17:51:32,43.3707847595215,-9.15372276306152,"Male"
"6018403",371836,2025-06-20 17:56:29,43.3319396972656,-9.13683032989502,"Male"
"6018403",371836,2025-06-20 18:01:28,43.3078880310059,-9.1078634262085,"Male"
"6018403",371836,2025-06-20 18:06:31,43.3068809509277,-9.06204891204834,"Male"
"6018403",371836,2025-06-20 18:11:30,43.3047027587891,-9.01612854003906,"Male"
"6018403",371836,2025-06-20 18:16:25,43.314640045166,-8.97509098052979,"Male"
"6018403",371836,2025-06-20 18:21:25,43.3246307373047,-8.9337215423584,"Male"
"6018403",371836,2025-06-20 18:26:25,43.338249206543,-8.89362239837646,"Male"
"6018403",371836,2025-06-20 18:31:25,43.3547439575195,-8.85445117950439,"Male"
"6018403",371836,2025-06-20 18:36:26,43.3584136962891,-8.84551048278809,"Male"
"6018403",371836,2025-06-20 18:41:31,43.358470916748,-8.84541797637939,"Male"
"6018403",371836,2025-06-20 18:46:34,43.3581237792969,-8.84494590759277,"Male"
"6018403",371836,2025-06-20 18:51:40,43.3581581115723,-8.84508037567139,"Male"
"6018403",371836,2025-06-20 18:56:28,43.3581619262695,-8.84514427185059,"Male"
"6018403",371836,2025-06-20 19:01:41,43.3579025268555,-8.84372997283936,"Male"
"6018403",371836,2025-06-20 19:06:36,43.3578872680664,-8.84372997283936,"Male"
"6018403",371836,2025-06-20 19:16:39,43.3577842712402,-8.84578132629395,"Male"
"6018403",371836,2025-06-20 19:21:39,43.357780456543,-8.84545612335205,"Male"
"6018403",371836,2025-06-20 19:26:37,43.3577156066895,-8.84528350830078,"Male"
"6018403",371836,2025-06-20 19:31:38,43.3576202392578,-8.8461856842041,"Male"
"6018403",371836,2025-06-20 19:37:07,43.357551574707,-8.84405422210693,"Male"
"6018403",371836,2025-06-20 19:41:36,43.3581352233887,-8.84202671051025,"Male"
"6018403",371836,2025-06-20 19:46:45,43.3574905395508,-8.84436225891113,"Male"
"6018403",371836,2025-06-20 19:51:41,43.3575592041016,-8.8432445526123,"Male"
"6018403",371836,2025-06-20 19:56:35,43.3554534912109,-8.86659049987793,"Male"
"6018403",371836,2025-06-20 20:01:39,43.3576545715332,-8.84340667724609,"Male"
"6018403",371836,2025-06-20 20:06:40,43.3576240539551,-8.84352207183838,"Male"
"6018403",371836,2025-06-20 20:11:43,43.357593536377,-8.84401702880859,"Male"
"6018403",371836,2025-06-20 20:16:39,43.3576126098633,-8.84408664703369,"Male"
"6018403",371836,2025-06-20 20:21:58,43.3576240539551,-8.84413623809814,"Male"
"6018403",371836,2025-06-20 20:26:25,43.3564071655273,-8.84401035308838,"Male"
"6018403",371836,2025-06-20 20:31:25,43.3469581604004,-8.85190296173096,"Male"
"6018403",371836,2025-06-20 20:36:30,43.3581657409668,-8.84406757354736,"Male"
"6018403",371836,2025-06-20 20:41:26,43.3587532043457,-8.84374618530273,"Male"
"6018403",371836,2025-06-20 20:46:25,43.3574981689453,-8.84426403045654,"Male"
"6018403",371836,2025-06-20 20:51:35,43.3576049804688,-8.84412860870361,"Male"
"6018403",371836,2025-06-20 20:56:28,43.3575019836426,-8.84432411193848,"Male"
"6018403",371836,2025-06-20 21:01:32,43.3575172424316,-8.84427928924561,"Male"
"6018403",371836,2025-06-20 21:06:25,43.3575668334961,-8.84416103363037,"Male"
"6018403",371836,2025-06-20 21:11:27,43.3575782775879,-8.84421539306641,"Male"
"6018403",371836,2025-06-20 21:16:27,43.3575897216797,-8.84417629241943,"Male"
"6018403",371836,2025-06-20 21:21:28,43.3576202392578,-8.84414863586426,"Male"
"6018403",371836,2025-06-20 21:26:36,43.3576126098633,-8.84417724609375,"Male"
"6018403",371836,2025-06-20 21:31:33,43.3575706481934,-8.8441686630249,"Male"
"6018403",371836,2025-06-20 21:36:26,43.3576316833496,-8.84420776367188,"Male"
"6018403",371836,2025-06-20 21:41:32,43.3575668334961,-8.84410953521729,"Male"
"6018403",371836,2025-06-20 21:46:26,43.3575401306152,-8.84374618530273,"Male"
"6018403",371836,2025-06-20 21:51:28,43.3574066162109,-8.84410190582275,"Male"
"6018403",371836,2025-06-20 21:56:28,43.3576354980469,-8.8436107635498,"Male"
"6018403",371836,2025-06-20 22:01:25,43.3575325012207,-8.84409809112549,"Male"
"6018403",371836,2025-06-20 22:06:27,43.3576927185059,-8.84416198730469,"Male"
"6018403",371836,2025-06-20 22:11:36,43.3576850891113,-8.84403896331787,"Male"
"6018403",371836,2025-06-20 22:16:38,43.3576278686523,-8.84407711029053,"Male"
"6018403",371836,2025-06-20 22:21:28,43.3577766418457,-8.84326457977295,"Male"
"6018403",371836,2025-06-20 22:27:00,43.3576202392578,-8.84408092498779,"Male"
"6018403",371836,2025-06-20 22:31:26,43.3576622009277,-8.84415626525879,"Male"
"6018403",371836,2025-06-20 22:36:24,43.3576469421387,-8.84409713745117,"Male"
"6018403",371836,2025-06-20 22:41:25,43.3576202392578,-8.84405517578125,"Male"
"6018403",371836,2025-06-20 22:46:25,43.3575973510742,-8.84407711029053,"Male"
"6018403",371836,2025-06-20 22:51:24,43.3576545715332,-8.84409332275391,"Male"
"6018403",371836,2025-06-20 22:56:26,43.357608795166,-8.84422874450684,"Male"
"6018403",371836,2025-06-20 23:01:26,43.3575477600098,-8.84404563903809,"Male"
"6018403",371836,2025-06-20 23:06:24,43.3575973510742,-8.84423065185547,"Male"
"6018403",371836,2025-06-20 23:11:25,43.3576354980469,-8.84414577484131,"Male"
"6018403",371836,2025-06-20 23:16:25,43.3575325012207,-8.8441858291626,"Male"
"6018403",371836,2025-06-20 23:21:24,43.3575820922852,-8.84412097930908,"Male"
"6018403",371836,2025-06-20 23:26:24,43.3575782775879,-8.84416103363037,"Male"
"6018403",371836,2025-06-20 23:31:26,43.3575439453125,-8.84418392181396,"Male"
"6018403",371836,2025-06-20 23:36:24,43.3575592041016,-8.84413433074951,"Male"
"6018403",371836,2025-06-20 23:41:24,43.357551574707,-8.84416389465332,"Male"
"6018403",371836,2025-06-20 23:46:24,43.3575401306152,-8.84415531158447,"Male"
"6018403",371836,2025-06-20 23:51:25,43.357479095459,-8.84407424926758,"Male"
"6018403",371836,2025-06-20 23:56:28,43.3575477600098,-8.84404754638672,"Male"
"6018403",371836,2025-06-21 00:01:26,43.3575859069824,-8.84419536590576,"Male"
"6018403",371836,2025-06-21 00:06:25,43.3575286865234,-8.84411334991455,"Male"
"6018403",371836,2025-06-21 00:11:25,43.3576049804688,-8.84421825408936,"Male"
"6018403",371836,2025-06-21 00:16:25,43.3575859069824,-8.8442211151123,"Male"
"6018403",371836,2025-06-21 00:21:28,43.357593536377,-8.84421157836914,"Male"
"6018403",371836,2025-06-21 00:26:29,43.3575820922852,-8.84409427642822,"Male"
"6018403",371836,2025-06-21 00:31:36,43.3576049804688,-8.84411334991455,"Male"
"6018403",371836,2025-06-21 00:36:27,43.3576583862305,-8.84417247772217,"Male"
"6018403",371836,2025-06-21 00:41:37,43.3575744628906,-8.84381866455078,"Male"
"6018403",371836,2025-06-21 00:46:27,43.3577728271484,-8.84445285797119,"Male"
"6018403",371836,2025-06-21 00:51:28,43.3577499389648,-8.84435558319092,"Male"
"6018403",371836,2025-06-21 00:56:37,43.3575782775879,-8.84379386901855,"Male"
"6018403",371836,2025-06-21 01:01:28,43.3576545715332,-8.84401226043701,"Male"
"6018403",371836,2025-06-21 01:06:31,43.3577117919922,-8.84396553039551,"Male"
"6018403",371836,2025-06-21 01:11:38,43.3578872680664,-8.84378719329834,"Male"
"6018403",371836,2025-06-21 01:16:43,43.3593101501465,-8.84334087371826,"Male"
"6018403",371836,2025-06-21 01:21:40,43.3580513000488,-8.8435525894165,"Male"
"6018403",371836,2025-06-21 01:27:10,43.3527145385742,-8.84370136260986,"Male"
"6018403",371836,2025-06-21 01:37:31,43.3507080078125,-8.84334087371826,"Male"
"6018403",371836,2025-06-21 01:42:42,43.3574752807617,-8.84412384033203,"Male"
"6018403",371836,2025-06-21 01:46:53,43.3583717346191,-8.84391498565674,"Male"
"6018403",371836,2025-06-21 01:52:43,43.3574600219727,-8.84415912628174,"Male"
"6018403",371836,2025-06-21 02:02:38,43.3576164245605,-8.84409523010254,"Male"
"6018403",371836,2025-06-21 02:07:04,43.3576774597168,-8.84361743927002,"Male"
"6018403",371836,2025-06-21 02:11:40,43.3575668334961,-8.84413146972656,"Male"
"6018403",371836,2025-06-21 02:16:40,43.357551574707,-8.84412956237793,"Male"
"6018403",371836,2025-06-21 02:21:45,43.357608795166,-8.84399509429932,"Male"
"6018403",371836,2025-06-21 02:26:57,43.3576583862305,-8.84398365020752,"Male"
"6018403",371836,2025-06-21 02:32:05,43.3571662902832,-8.84419345855713,"Male"
"6018403",371836,2025-06-21 02:36:40,43.3575325012207,-8.8435640335083,"Male"
"6018403",371836,2025-06-21 02:42:01,43.3576774597168,-8.84414482116699,"Male"
"6018403",371836,2025-06-21 02:46:46,43.3576622009277,-8.84414863586426,"Male"
"6018403",371836,2025-06-21 02:51:24,43.3577575683594,-8.84432029724121,"Male"
"6018403",371836,2025-06-21 02:56:27,43.3551292419434,-8.84190082550049,"Male"
"6018403",371836,2025-06-21 03:01:23,43.3593711853027,-8.84548759460449,"Male"
"6018403",371836,2025-06-21 03:06:26,43.3576774597168,-8.84417819976807,"Male"
"6018403",371836,2025-06-21 03:11:25,43.3539581298828,-8.84109497070312,"Male"
"6018403",371836,2025-06-21 03:16:25,43.3577041625977,-8.84421634674072,"Male"
"6018403",371836,2025-06-21 03:21:23,43.3577194213867,-8.84420585632324,"Male"
"6018403",371836,2025-06-21 03:26:23,43.3577041625977,-8.84414672851562,"Male"
"6018403",371836,2025-06-21 03:31:23,43.3577003479004,-8.84409332275391,"Male"
"6018403",371836,2025-06-21 03:36:25,43.3576622009277,-8.84423637390137,"Male"
"6018403",371836,2025-06-21 03:41:24,43.3577270507812,-8.84438323974609,"Male"
"6018403",371836,2025-06-21 03:46:27,43.3576431274414,-8.84419631958008,"Male"
"6018403",371836,2025-06-21 03:51:29,43.3576469421387,-8.84425735473633,"Male"
"6018403",371836,2025-06-21 03:56:23,43.3576965332031,-8.8442268371582,"Male"
"6018403",371836,2025-06-21 04:01:24,43.3576774597168,-8.84427547454834,"Male"
"6018403",371836,2025-06-21 04:06:23,43.3576049804688,-8.84420108795166,"Male"
"6018403",371836,2025-06-21 04:11:58,43.3575057983398,-8.8444128036499,"Male"
"6018403",371836,2025-06-21 04:16:30,43.3575897216797,-8.8445291519165,"Male"
"6018403",371836,2025-06-21 04:21:25,43.3576774597168,-8.84373378753662,"Male"
"6018403",371836,2025-06-21 04:26:35,43.3574714660645,-8.84445858001709,"Male"
"6018403",371836,2025-06-21 04:31:35,43.3572235107422,-8.84481430053711,"Male"
"6018403",371836,2025-06-21 04:36:33,43.3568420410156,-8.84525108337402,"Male"
"6018403",371836,2025-06-21 04:41:43,43.357738494873,-8.84420394897461,"Male"
"6018403",371836,2025-06-21 04:46:36,43.3638458251953,-8.83715152740479,"Male"
"6018403",371836,2025-06-21 04:51:34,43.3652153015137,-8.83784294128418,"Male"
"6018403",371836,2025-06-21 04:56:31,43.3622169494629,-8.83812618255615,"Male"
"6018403",371836,2025-06-21 05:01:28,43.3577728271484,-8.84420013427734,"Male"
"6018403",371836,2025-06-21 05:06:28,43.3577041625977,-8.84430503845215,"Male"
"6018403",371836,2025-06-21 05:11:27,43.3578147888184,-8.84426116943359,"Male"
"6018403",371836,2025-06-21 05:16:30,43.357666015625,-8.84430027008057,"Male"
"6018403",371836,2025-06-21 05:21:30,43.3604507446289,-8.83702087402344,"Male"
"6018403",371836,2025-06-21 05:26:30,43.3605918884277,-8.83714389801025,"Male"
"6018403",371836,2025-06-21 05:31:43,43.3576507568359,-8.84429931640625,"Male"
"6018403",371836,2025-06-21 05:36:28,43.3576774597168,-8.84435558319092,"Male"
"6018403",371836,2025-06-21 05:41:27,43.3576698303223,-8.84428787231445,"Male"
"6018403",371836,2025-06-21 05:46:27,43.3576736450195,-8.84428405761719,"Male"
"6018403",371836,2025-06-21 05:51:26,43.3577117919922,-8.84424781799316,"Male"
"6018403",371836,2025-06-21 05:56:26,43.3577194213867,-8.84429168701172,"Male"
"6018403",371836,2025-06-21 06:01:26,43.3579788208008,-8.84424686431885,"Male"
"6018403",371836,2025-06-21 06:06:29,43.3578910827637,-8.84422492980957,"Male"
"6018403",371836,2025-06-21 06:11:29,43.358081817627,-8.84427165985107,"Male"
"6018403",371836,2025-06-21 06:16:29,43.357608795166,-8.84419441223145,"Male"
"6018403",371836,2025-06-21 06:21:26,43.3576622009277,-8.84419441223145,"Male"
"6018403",371836,2025-06-21 06:26:25,43.3577041625977,-8.84414482116699,"Male"
"6018403",371836,2025-06-21 06:31:25,43.357723236084,-8.84408473968506,"Male"
"6018403",371836,2025-06-21 06:36:25,43.3578186035156,-8.84416675567627,"Male"
"6018403",371836,2025-06-21 06:41:26,43.3578834533691,-8.84421253204346,"Male"
"6018403",371836,2025-06-21 06:46:30,43.3577537536621,-8.84417629241943,"Male"
"6018403",371836,2025-06-21 06:51:26,43.3578491210938,-8.84406852722168,"Male"
"6018403",371836,2025-06-21 06:56:27,43.3574256896973,-8.84417533874512,"Male"
"6018403",371836,2025-06-21 07:01:26,43.3572463989258,-8.84426021575928,"Male"
"6018403",371836,2025-06-21 07:06:26,43.3576354980469,-8.84408760070801,"Male"
"6018403",371836,2025-06-21 07:11:27,43.3576698303223,-8.84405612945557,"Male"
"6018403",371836,2025-06-21 07:16:28,43.3576469421387,-8.84408283233643,"Male"
"6018403",371836,2025-06-21 07:21:26,43.3575401306152,-8.84403419494629,"Male"
"6018403",371836,2025-06-21 07:26:27,43.3575401306152,-8.844162940979,"Male"
"6018403",371836,2025-06-21 07:31:26,43.3575630187988,-8.84375858306885,"Male"
"6018403",371836,2025-06-21 07:36:26,43.3575439453125,-8.84405326843262,"Male"
"6018403",371836,2025-06-21 07:41:26,43.357536315918,-8.84386825561523,"Male"
"6018403",371836,2025-06-21 07:46:29,43.3575019836426,-8.84411907196045,"Male"
"6018403",371836,2025-06-21 07:51:27,43.3575401306152,-8.84417724609375,"Male"
"6018403",371836,2025-06-21 07:56:25,43.3575057983398,-8.84415245056152,"Male"
"6018403",371836,2025-06-21 08:01:26,43.357593536377,-8.84418106079102,"Male"
"6018403",371836,2025-06-21 08:06:25,43.3575859069824,-8.84417247772217,"Male"
"6018403",371836,2025-06-21 08:11:25,43.3576164245605,-8.84416007995605,"Male"
"6018403",371836,2025-06-21 08:16:26,43.3575439453125,-8.84405422210693,"Male"
"6018403",371836,2025-06-21 08:21:26,43.3576240539551,-8.84432506561279,"Male"
"6018403",371836,2025-06-21 08:26:25,43.357608795166,-8.84427165985107,"Male"
"6018403",371836,2025-06-21 08:31:28,43.3575401306152,-8.84401416778564,"Male"
"6018403",371836,2025-06-21 08:36:26,43.357536315918,-8.84398937225342,"Male"
"6018403",371836,2025-06-21 08:41:35,43.3577537536621,-8.84429836273193,"Male"
"6018403",371836,2025-06-21 08:46:35,43.3576126098633,-8.84414672851562,"Male"
"6018403",371836,2025-06-21 08:51:26,43.3575706481934,-8.84408569335938,"Male"
"6018403",371836,2025-06-21 08:56:39,43.3576431274414,-8.84421157836914,"Male"
"6018403",371836,2025-06-21 09:01:27,43.3575210571289,-8.84393119812012,"Male"
"6018403",371836,2025-06-21 09:06:28,43.3573722839355,-8.84330558776855,"Male"
"6018403",371836,2025-06-21 09:11:28,43.3575172424316,-8.84363842010498,"Male"
"6018403",371836,2025-06-21 09:16:30,43.3575630187988,-8.84420204162598,"Male"
"6018403",371836,2025-06-21 09:21:29,43.3574752807617,-8.84368515014648,"Male"
"6018403",371836,2025-06-21 09:26:28,43.3576164245605,-8.84327697753906,"Male"
"6018403",371836,2025-06-21 09:31:37,43.3575782775879,-8.84436798095703,"Male"
"6018403",371836,2025-06-21 09:36:27,43.357421875,-8.84426403045654,"Male"
"6018403",371836,2025-06-21 09:41:29,43.3576698303223,-8.84413623809814,"Male"
"6018403",371836,2025-06-21 09:46:31,43.3574180603027,-8.84401226043701,"Male"
"6018403",371836,2025-06-21 09:51:32,43.3571586608887,-8.84342956542969,"Male"
"6018403",371836,2025-06-21 09:56:31,43.3576316833496,-8.84445571899414,"Male"
"6018403",371836,2025-06-21 10:01:30,43.3579216003418,-8.84434509277344,"Male"
"6018403",371836,2025-06-21 10:06:37,43.3576545715332,-8.84421253204346,"Male"
"6018403",371836,2025-06-21 10:11:28,43.3578910827637,-8.84417533874512,"Male"
"6018403",371836,2025-06-21 10:16:27,43.3578338623047,-8.84407997131348,"Male"
"6018403",371836,2025-06-21 10:21:29,43.3578491210938,-8.84412384033203,"Male"
"6018403",371836,2025-06-21 10:26:25,43.3578643798828,-8.84412288665771,"Male"
"6018403",371836,2025-06-21 10:31:25,43.3578758239746,-8.84414196014404,"Male"
"6018403",371836,2025-06-21 10:36:25,43.3578605651855,-8.84409427642822,"Male"
"6018403",371836,2025-06-21 10:41:26,43.3578872680664,-8.84420013427734,"Male"
"6018403",371836,2025-06-21 10:46:25,43.3578262329102,-8.84408283233643,"Male"
"6018403",371836,2025-06-21 10:51:25,43.3578033447266,-8.84407520294189,"Male"
"6018403",371836,2025-06-21 10:56:25,43.3578414916992,-8.84415054321289,"Male"
"6018403",371836,2025-06-21 11:01:25,43.3577880859375,-8.84403610229492,"Male"
"6018403",371836,2025-06-21 11:06:26,43.3578300476074,-8.8440990447998,"Male"
"6018403",371836,2025-06-21 11:11:26,43.3577995300293,-8.84405136108398,"Male"
"6018403",371836,2025-06-21 11:16:26,43.3578300476074,-8.84417247772217,"Male"
"6018403",371836,2025-06-21 11:21:26,43.3578567504883,-8.8442964553833,"Male"
"6018403",371836,2025-06-21 11:26:26,43.3578224182129,-8.84414768218994,"Male"
"6018403",371836,2025-06-21 11:31:30,43.3578224182129,-8.84420204162598,"Male"
"6018403",371836,2025-06-21 11:36:29,43.3578033447266,-8.84419727325439,"Male"
"6018403",371836,2025-06-21 11:41:30,43.3578338623047,-8.84430122375488,"Male"
"6018403",371836,2025-06-21 11:46:30,43.3578109741211,-8.84425735473633,"Male"
"6018403",371836,2025-06-21 11:51:29,43.357795715332,-8.84415245056152,"Male"
"6018403",371836,2025-06-21 11:56:30,43.357795715332,-8.8441686630249,"Male"
"6018403",371836,2025-06-21 12:01:28,43.3577156066895,-8.84407043457031,"Male"
"6018403",371836,2025-06-21 12:06:30,43.3577423095703,-8.84414386749268,"Male"
"6018403",371836,2025-06-21 12:11:29,43.3577003479004,-8.8441104888916,"Male"
"6018403",371836,2025-06-21 12:16:32,43.3577079772949,-8.84391117095947,"Male"
"6018403",371836,2025-06-21 12:21:28,43.3576583862305,-8.84401607513428,"Male"
"6018403",371836,2025-06-21 12:26:28,43.3577270507812,-8.84402656555176,"Male"
"6018403",371836,2025-06-21 12:31:27,43.3576927185059,-8.84400367736816,"Male"
"6018403",371836,2025-06-21 12:36:31,43.3577041625977,-8.84403896331787,"Male"
"6018403",371836,2025-06-21 12:41:40,43.3577651977539,-8.8441333770752,"Male"
"6018403",371836,2025-06-21 12:47:00,43.3576965332031,-8.8440580368042,"Male"
"6018403",371836,2025-06-21 12:51:27,43.3577041625977,-8.84405326843262,"Male"
"6018403",371836,2025-06-21 12:57:47,43.3586616516113,-8.84390449523926,"Male"
"6018403",371836,2025-06-21 13:02:47,43.3575897216797,-8.84412670135498,"Male"
"6018403",371836,2025-06-21 13:06:56,43.3575019836426,-8.84420871734619,"Male"
"6018403",371836,2025-06-21 13:11:34,43.3574905395508,-8.84417343139648,"Male"
"6018403",371836,2025-06-21 13:16:35,43.3575706481934,-8.84417057037354,"Male"
"6018403",371836,2025-06-21 13:21:23,43.3575630187988,-8.84421825408936,"Male"
"6018403",371836,2025-06-21 13:26:25,43.3575630187988,-8.84423542022705,"Male"
"6018403",371836,2025-06-21 13:31:23,43.3575897216797,-8.84421539306641,"Male"
"6018403",371836,2025-06-21 13:36:24,43.3570709228516,-8.84441184997559,"Male"
"6018403",371836,2025-06-21 13:41:35,43.3575744628906,-8.84422779083252,"Male"
"6018403",371836,2025-06-21 13:46:27,43.357551574707,-8.84425258636475,"Male"
"6018403",371836,2025-06-21 13:51:26,43.3576049804688,-8.84430503845215,"Male"
"6018403",371836,2025-06-21 13:56:26,43.3575744628906,-8.84429168701172,"Male"
"6018403",371836,2025-06-21 14:01:26,43.357593536377,-8.84423446655273,"Male"
"6018403",371836,2025-06-21 14:06:26,43.3575820922852,-8.84425449371338,"Male"
"6018403",371836,2025-06-21 14:11:26,43.3575592041016,-8.84416484832764,"Male"
"6018403",371836,2025-06-21 14:16:25,43.3576393127441,-8.84427547454834,"Male"
"6018403",371836,2025-06-21 14:21:26,43.3575973510742,-8.84418296813965,"Male"
"6018403",371836,2025-06-21 14:26:26,43.3575782775879,-8.84416484832764,"Male"
"6018403",371836,2025-06-21 14:31:25,43.3576126098633,-8.84422397613525,"Male"
"6018403",371836,2025-06-21 14:36:29,43.3574829101562,-8.84414577484131,"Male"
"6018403",371836,2025-06-21 14:41:27,43.3575019836426,-8.84418678283691,"Male"
"6018403",371836,2025-06-21 14:46:32,43.3575782775879,-8.84414196014404,"Male"
"6018403",371836,2025-06-21 14:51:27,43.3577041625977,-8.84419918060303,"Male"
"6018403",371836,2025-06-21 14:56:27,43.3575401306152,-8.84409141540527,"Male"
"6018403",371836,2025-06-21 15:01:26,43.3576393127441,-8.8442497253418,"Male"
"6018403",371836,2025-06-21 15:06:27,43.3575897216797,-8.84418201446533,"Male"
"6018403",371836,2025-06-21 15:11:26,43.3576545715332,-8.84422969818115,"Male"
"6018403",371836,2025-06-21 15:16:27,43.3576278686523,-8.84419345855713,"Male"
"6018403",371836,2025-06-21 15:21:26,43.3575973510742,-8.84415245056152,"Male"
"6018403",371836,2025-06-21 15:26:26,43.357738494873,-8.84426307678223,"Male"
"6018403",371836,2025-06-21 15:31:27,43.3576736450195,-8.84430980682373,"Male"
"6018403",371836,2025-06-21 15:36:27,43.3575553894043,-8.84409332275391,"Male"
"6018403",371836,2025-06-21 15:41:28,43.3575057983398,-8.84398555755615,"Male"
"6018403",371836,2025-06-21 15:46:26,43.3574523925781,-8.84393882751465,"Male"
"6018403",371836,2025-06-21 15:51:27,43.357421875,-8.84389686584473,"Male"
"6018403",371836,2025-06-21 15:56:30,43.3573379516602,-8.84395217895508,"Male"
"6018403",371836,2025-06-21 16:01:30,43.357421875,-8.84386253356934,"Male"
"6018403",371836,2025-06-21 16:06:29,43.3572769165039,-8.84385967254639,"Male"
"6018403",371836,2025-06-21 16:11:29,43.3574256896973,-8.84378623962402,"Male"
"6018403",371836,2025-06-21 16:16:28,43.3573265075684,-8.84376525878906,"Male"
"6018403",371836,2025-06-21 16:21:31,43.3574562072754,-8.84378337860107,"Male"
"6018403",371836,2025-06-21 16:26:37,43.3576812744141,-8.84349155426025,"Male"
"6018403",371836,2025-06-21 16:31:37,43.3576240539551,-8.84342288970947,"Male"
"6018403",371836,2025-06-21 16:36:37,43.3576240539551,-8.84348011016846,"Male"
"6018403",371836,2025-06-21 16:41:37,43.3576316833496,-8.84340190887451,"Male"
"6018403",371836,2025-06-21 16:46:37,43.3576622009277,-8.84338474273682,"Male"
"6018403",371836,2025-06-21 16:51:38,43.3576393127441,-8.84344387054443,"Male"
"6018403",371836,2025-06-21 16:56:37,43.3576240539551,-8.84347724914551,"Male"
"6018403",371836,2025-06-21 17:01:37,43.3577423095703,-8.84376049041748,"Male"
"6018403",371836,2025-06-21 17:06:37,43.3576202392578,-8.84346485137939,"Male"
"6018403",371836,2025-06-21 17:11:37,43.3576126098633,-8.843430519104,"Male"
"6018403",371836,2025-06-21 17:16:37,43.3576164245605,-8.84350204467773,"Male"
"6018403",371836,2025-06-21 17:21:40,43.3576049804688,-8.84340572357178,"Male"
"6018403",371836,2025-06-21 17:26:37,43.357780456543,-8.84362411499023,"Male"
"6018403",371836,2025-06-21 17:31:37,43.3578033447266,-8.84363079071045,"Male"
"6018403",371836,2025-06-21 17:36:38,43.3577728271484,-8.84352779388428,"Male"
"6018403",371836,2025-06-21 17:41:46,43.3577766418457,-8.84372234344482,"Male"
"6018403",371836,2025-06-21 17:47:13,43.357593536377,-8.84409523010254,"Male"
"6018403",371836,2025-06-21 17:51:23,43.3604850769043,-8.85030746459961,"Male"
"6018403",371836,2025-06-21 17:56:24,43.3606872558594,-8.85060882568359,"Male"
"6018403",371836,2025-06-21 18:01:24,43.3608055114746,-8.85075378417969,"Male"
"6018403",371836,2025-06-21 18:06:23,43.3623161315918,-8.84944152832031,"Male"
"6018403",371836,2025-06-21 18:11:25,43.3620681762695,-8.84951496124268,"Male"
"6018403",371836,2025-06-21 18:16:23,43.3622016906738,-8.85014820098877,"Male"
"6018403",371836,2025-06-21 18:21:29,43.3622398376465,-8.85057258605957,"Male"
"6018403",371836,2025-06-21 18:26:29,43.3623123168945,-8.85107803344727,"Male"
"6018403",371836,2025-06-21 18:31:24,43.3578414916992,-8.84448623657227,"Male"
"6018403",371836,2025-06-21 18:36:25,43.3574600219727,-8.84438228607178,"Male"
"6018403",371836,2025-06-21 18:41:25,43.3576126098633,-8.84435176849365,"Male"
"6018403",371836,2025-06-21 18:46:24,43.359806060791,-8.84664058685303,"Male"
"6018403",371836,2025-06-21 18:51:24,43.3852005004883,-8.85983562469482,"Male"
"6018403",371836,2025-06-21 18:56:24,43.411491394043,-8.87712574005127,"Male"
"6018403",371836,2025-06-21 19:01:24,43.4354286193848,-8.90123176574707,"Male"
"6018403",371836,2025-06-21 19:06:25,43.4621887207031,-8.92228126525879,"Male"
"6018403",371836,2025-06-21 19:11:24,43.4892044067383,-8.94577312469482,"Male"
"6018403",371836,2025-06-21 19:16:24,43.5136642456055,-8.97130966186523,"Male"
"6018403",371836,2025-06-21 19:21:25,43.541805267334,-8.98970699310303,"Male"
"6018403",371836,2025-06-21 19:26:24,43.5568313598633,-9.02217578887939,"Male"
"6018403",371836,2025-06-21 19:31:25,43.5626220703125,-9.03518581390381,"Male"
"6018403",371836,2025-06-21 19:36:25,43.5606155395508,-9.03477478027344,"Male"
"6018403",371836,2025-06-21 19:41:25,43.5587615966797,-9.03440570831299,"Male"
"6018403",371836,2025-06-21 19:46:24,43.5575714111328,-9.03717041015625,"Male"
"6018403",371836,2025-06-21 19:51:24,43.5730743408203,-9.06443405151367,"Male"
"6018403",371836,2025-06-21 19:56:24,43.5551414489746,-9.09061527252197,"Male"
"6018403",371836,2025-06-21 20:01:25,43.5370559692383,-9.1173620223999,"Male"
"6018403",371836,2025-06-21 20:06:24,43.510383605957,-9.11455821990967,"Male"
"6018403",371836,2025-06-21 20:11:24,43.4831962585449,-9.08665561676025,"Male"
"6018403",371836,2025-06-21 20:16:24,43.4545822143555,-9.06425476074219,"Male"
"6018403",371836,2025-06-21 20:21:24,43.427619934082,-9.03311061859131,"Male"
"6018403",371836,2025-06-21 20:26:24,43.4004554748535,-9.00422763824463,"Male"
"6018403",371836,2025-06-21 20:31:24,43.3834648132324,-8.98038005828857,"Male"
"6018403",371836,2025-06-21 20:36:24,43.3695297241211,-8.94110298156738,"Male"
"6018403",371836,2025-06-21 20:41:24,43.3596878051758,-8.90502166748047,"Male"
"6018403",371836,2025-06-21 20:46:24,43.3526039123535,-8.86827182769775,"Male"
"6018403",371836,2025-06-21 20:51:24,43.3589859008789,-8.83839225769043,"Male"
"6018403",371836,2025-06-21 20:56:25,43.3576278686523,-8.84442043304443,"Male"
"6018403",371836,2025-06-21 21:01:24,43.3575820922852,-8.84414577484131,"Male"
"6018403",371836,2025-06-21 21:06:32,43.3575019836426,-8.84402561187744,"Male"
"6018403",371836,2025-06-21 21:11:24,43.3573760986328,-8.8438606262207,"Male"
"6018403",371836,2025-06-21 21:16:24,43.3576736450195,-8.84433174133301,"Male"
"6018403",371836,2025-06-21 21:21:25,43.3576431274414,-8.844407081604,"Male"
"6018403",371836,2025-06-21 21:26:25,43.3578338623047,-8.84418106079102,"Male"
"6018403",371836,2025-06-21 21:31:25,43.3577461242676,-8.8442497253418,"Male"
"6018403",371836,2025-06-21 21:36:25,43.358039855957,-8.84477519989014,"Male"
"6018403",371836,2025-06-21 21:41:26,43.3596801757812,-8.84522151947021,"Male"
"6018403",371836,2025-06-21 21:46:32,43.3574066162109,-8.84372043609619,"Male"
"6018403",371836,2025-06-21 21:51:25,43.3587913513184,-8.84272289276123,"Male"
"6018403",371836,2025-06-21 21:56:25,43.3576164245605,-8.8439884185791,"Male"
"6018403",371836,2025-06-21 22:02:04,43.3577575683594,-8.84396743774414,"Male"
"6018403",371836,2025-06-21 22:06:25,43.3577346801758,-8.8444652557373,"Male"
"6018403",371836,2025-06-21 22:11:23,43.3574676513672,-8.84416007995605,"Male"
"6018403",371836,2025-06-21 22:16:23,43.3574523925781,-8.84438037872314,"Male"
"6018403",371836,2025-06-21 22:21:24,43.3576850891113,-8.84425449371338,"Male"
"6018403",371836,2025-06-21 22:26:24,43.3575630187988,-8.84445571899414,"Male"
"6018403",371836,2025-06-21 22:31:25,43.357780456543,-8.84412574768066,"Male"
"6018403",371836,2025-06-21 22:36:24,43.3575134277344,-8.84419441223145,"Male"
"6018403",371836,2025-06-21 22:41:25,43.3575782775879,-8.84408187866211,"Male"
"6018403",371836,2025-06-21 22:46:25,43.3574905395508,-8.84417057037354,"Male"
"6018403",371836,2025-06-21 22:51:24,43.3574676513672,-8.84412479400635,"Male"
"6018403",371836,2025-06-21 22:56:24,43.3576354980469,-8.84413433074951,"Male"
"6018403",371836,2025-06-21 23:01:24,43.3577308654785,-8.84419345855713,"Male"
"6018403",371836,2025-06-21 23:06:24,43.3576011657715,-8.8441162109375,"Male"
"6018403",371836,2025-06-21 23:11:23,43.3574676513672,-8.8441686630249,"Male"
"6018403",371836,2025-06-21 23:16:27,43.3576431274414,-8.84403800964355,"Male"
"6018403",371836,2025-06-21 23:21:25,43.3576812744141,-8.84404468536377,"Male"
"6018403",371836,2025-06-21 23:26:25,43.3575439453125,-8.84415817260742,"Male"
"6018403",371836,2025-06-21 23:31:25,43.3577117919922,-8.84406280517578,"Male"
"6018403",371836,2025-06-21 23:36:26,43.3575897216797,-8.84402751922607,"Male"
"6018403",371836,2025-06-21 23:41:26,43.3575477600098,-8.84405040740967,"Male"
"6018403",371836,2025-06-21 23:46:27,43.3575477600098,-8.84408283233643,"Male"
"6018403",371836,2025-06-21 23:51:24,43.3575744628906,-8.84420299530029,"Male"
"6018403",371836,2025-06-21 23:56:24,43.3577919006348,-8.84411716461182,"Male"
"6018403",371836,2025-06-22 00:01:25,43.3577003479004,-8.84411525726318,"Male"
"6018403",371836,2025-06-22 00:06:27,43.3577270507812,-8.84427452087402,"Male"
"6018403",371836,2025-06-22 00:11:26,43.357608795166,-8.8440990447998,"Male"
"6018403",371836,2025-06-22 00:16:25,43.3577003479004,-8.84414291381836,"Male"
"6018403",371836,2025-06-22 00:21:25,43.3575592041016,-8.84410667419434,"Male"
"6018403",371836,2025-06-22 00:26:25,43.357608795166,-8.84416007995605,"Male"
"6018403",371836,2025-06-22 00:31:25,43.3577117919922,-8.84418964385986,"Male"
"6018403",371836,2025-06-22 00:36:25,43.3576354980469,-8.84410953521729,"Male"
"6018403",371836,2025-06-22 00:41:27,43.3575553894043,-8.84399318695068,"Male"
"6018403",371836,2025-06-22 00:46:26,43.3575096130371,-8.84406089782715,"Male"
"6018403",371836,2025-06-22 00:51:24,43.3576164245605,-8.84412860870361,"Male"
"6018403",371836,2025-06-22 00:56:25,43.3575897216797,-8.8440580368042,"Male"
"6018403",371836,2025-06-22 01:02:04,43.3575630187988,-8.84418964385986,"Male"
"6018403",371836,2025-06-22 01:06:34,43.3575439453125,-8.84421157836914,"Male"
"6018403",371836,2025-06-22 01:11:27,43.3575820922852,-8.84416484832764,"Male"
"6018403",371836,2025-06-22 01:16:25,43.3576545715332,-8.84409618377686,"Male"
"6018403",371836,2025-06-22 01:21:26,43.3577346801758,-8.8441047668457,"Male"
"6018403",371836,2025-06-22 01:26:45,43.3576431274414,-8.84419441223145,"Male"
"6018403",371836,2025-06-22 01:31:28,43.3579368591309,-8.84423160552979,"Male"
"6018403",371836,2025-06-22 01:36:30,43.3578567504883,-8.84404945373535,"Male"
"6018403",371836,2025-06-22 01:41:32,43.3576622009277,-8.84461498260498,"Male"
"6018403",371836,2025-06-22 01:46:27,43.3575325012207,-8.84413623809814,"Male"
"6018403",371836,2025-06-22 01:51:27,43.3574485778809,-8.84393692016602,"Male"
"6018403",371836,2025-06-22 01:56:30,43.3574409484863,-8.84395599365234,"Male"
"6018403",371836,2025-06-22 02:01:26,43.3577117919922,-8.84427833557129,"Male"
"6018403",371836,2025-06-22 02:06:35,43.3575210571289,-8.84410381317139,"Male"
"6018403",371836,2025-06-22 02:11:26,43.357780456543,-8.84436225891113,"Male"
"6018403",371836,2025-06-22 02:16:29,43.3577842712402,-8.84431552886963,"Male"
"6018403",371836,2025-06-22 02:21:28,43.3579635620117,-8.84452247619629,"Male"
"6018403",371836,2025-06-22 02:26:27,43.3578720092773,-8.84431076049805,"Male"
"6018403",371836,2025-06-22 02:31:26,43.3579216003418,-8.84440994262695,"Male"
"6018403",371836,2025-06-22 02:36:29,43.3579025268555,-8.84433841705322,"Male"
"6018403",371836,2025-06-22 02:41:31,43.3581771850586,-8.84473419189453,"Male"
"6018403",371836,2025-06-22 02:46:30,43.3580513000488,-8.84460067749023,"Male"
"6018403",371836,2025-06-22 02:51:30,43.3580322265625,-8.84450626373291,"Male"
"6018403",371836,2025-06-22 02:56:34,43.3578987121582,-8.84442234039307,"Male"
"6018403",371836,2025-06-22 03:01:30,43.3577194213867,-8.84426498413086,"Male"
"6018403",371836,2025-06-22 03:06:39,43.357982635498,-8.84449577331543,"Male"
"6018403",371836,2025-06-22 03:11:28,43.3580741882324,-8.84457778930664,"Male"
"6018403",371836,2025-06-22 03:16:35,43.3579940795898,-8.8444995880127,"Male"
"6018403",371836,2025-06-22 03:21:31,43.3583908081055,-8.84489154815674,"Male"
"6018403",371836,2025-06-22 03:26:28,43.3580741882324,-8.84450244903564,"Male"
"6018403",371836,2025-06-22 03:31:28,43.3580322265625,-8.84450817108154,"Male"
"6018403",371836,2025-06-22 03:36:27,43.3580322265625,-8.84461498260498,"Male"
"6018403",371836,2025-06-22 03:41:30,43.3579978942871,-8.84444999694824,"Male"
"6018403",371836,2025-06-22 03:46:35,43.3580360412598,-8.84443283081055,"Male"
"6018403",371836,2025-06-22 03:51:29,43.3579864501953,-8.84448528289795,"Male"
"6018403",371836,2025-06-22 03:56:31,43.3579521179199,-8.84450912475586,"Male"
"6018403",371836,2025-06-22 04:01:28,43.3579902648926,-8.84451866149902,"Male"
"6018403",371836,2025-06-22 04:06:29,43.3580093383789,-8.84438228607178,"Male"
"6018403",371836,2025-06-22 04:11:30,43.3579597473145,-8.84312534332275,"Male"
"6018403",371836,2025-06-22 04:16:38,43.3572998046875,-8.84488964080811,"Male"
"6018403",371836,2025-06-22 04:21:29,43.3569869995117,-8.84553146362305,"Male"
"6018403",371836,2025-06-22 04:27:03,43.3510932922363,-8.84680652618408,"Male"
"6018403",371836,2025-06-22 04:31:26,43.3271827697754,-8.85125732421875,"Male"
"6018403",371836,2025-06-22 04:36:29,43.3141136169434,-8.85798645019531,"Male"
"6018403",371836,2025-06-22 04:41:34,43.3144760131836,-8.85703945159912,"Male"
"6018403",371836,2025-06-22 04:46:27,43.3138427734375,-8.85715007781982,"Male"
"6018403",371836,2025-06-22 04:51:32,43.313663482666,-8.85740375518799,"Male"
"6018403",371836,2025-06-22 04:56:28,43.3140487670898,-8.85725021362305,"Male"
"6018403",371836,2025-06-22 05:01:26,43.3134880065918,-8.85703468322754,"Male"
"6018403",371836,2025-06-22 05:06:26,43.3142127990723,-8.85709857940674,"Male"
"6018403",371836,2025-06-22 05:11:26,43.3203506469727,-8.8561315536499,"Male"
"6018403",371836,2025-06-22 05:16:26,43.3539657592773,-8.84618091583252,"Male"
"6018403",371836,2025-06-22 05:21:26,43.3570938110352,-8.844651222229,"Male"
"6018403",371836,2025-06-22 05:26:26,43.3571014404297,-8.8446102142334,"Male"
"6018403",371836,2025-06-22 05:31:28,43.3570404052734,-8.84468555450439,"Male"
"6018403",371836,2025-06-22 05:36:28,43.3575172424316,-8.8455696105957,"Male"
"6018403",371836,2025-06-22 05:41:27,43.357234954834,-8.84449195861816,"Male"
"6018403",371836,2025-06-22 05:46:27,43.3577461242676,-8.84455871582031,"Male"
"6018403",371836,2025-06-22 05:51:27,43.3577651977539,-8.84447288513184,"Male"
"6018403",371836,2025-06-22 05:56:26,43.3577880859375,-8.84447479248047,"Male"
"6018403",371836,2025-06-22 06:01:26,43.3577079772949,-8.84439373016357,"Male"
"6018403",371836,2025-06-22 06:06:27,43.3576583862305,-8.8444652557373,"Male"
"6018403",371836,2025-06-22 06:11:31,43.3579444885254,-8.84429931640625,"Male"
"6018403",371836,2025-06-22 06:16:28,43.3577575683594,-8.84438323974609,"Male"
"6018403",371836,2025-06-22 06:21:28,43.3580780029297,-8.8440580368042,"Male"
"6018403",371836,2025-06-22 06:26:37,43.3574409484863,-8.84432601928711,"Male"
"6018403",371836,2025-06-22 06:31:35,43.357494354248,-8.84425163269043,"Male"
"6018403",371836,2025-06-22 06:36:29,43.3573684692383,-8.84417724609375,"Male"
"6018403",371836,2025-06-22 06:41:37,43.3575019836426,-8.84425926208496,"Male"
"6018403",371836,2025-06-22 06:46:31,43.3956069946289,-8.83400344848633,"Male"
"6018403",371836,2025-06-22 06:51:26,43.3636589050293,-8.85509204864502,"Male"
"6018403",371836,2025-06-22 06:56:28,43.3570594787598,-8.84445762634277,"Male"
"6018403",371836,2025-06-22 07:01:29,43.3571472167969,-8.84432315826416,"Male"
"6018403",371836,2025-06-22 07:06:26,43.3574867248535,-8.84416484832764,"Male"
"6018403",371836,2025-06-22 07:11:27,43.3573722839355,-8.8441047668457,"Male"
"6018403",371836,2025-06-22 07:16:36,43.3828620910645,-8.8415002822876,"Male"
"6018403",371836,2025-06-22 07:21:30,43.3620529174805,-8.85646057128906,"Male"
"6018403",371836,2025-06-22 07:26:30,43.3871688842773,-8.83855247497559,"Male"
"6018403",371836,2025-06-22 07:31:37,43.3725318908691,-8.84920024871826,"Male"
"6018403",371836,2025-06-22 07:36:37,43.3737564086914,-8.8484525680542,"Male"
"6018403",371836,2025-06-22 07:41:36,43.3754997253418,-8.84737396240234,"Male"
"6018403",371836,2025-06-22 07:46:40,43.38134765625,-8.84337997436523,"Male"
"6018403",371836,2025-06-22 07:51:32,43.3821182250977,-8.84300518035889,"Male"
"6018403",371836,2025-06-22 07:56:38,43.3573226928711,-8.84406852722168,"Male"
"6018403",371836,2025-06-22 08:01:38,43.3573532104492,-8.84407615661621,"Male"
"6018403",371836,2025-06-22 08:06:37,43.3573799133301,-8.84408187866211,"Male"
"6018403",371836,2025-06-22 08:11:38,43.3478660583496,-8.8683614730835,"Male"
"6018403",371836,2025-06-22 08:16:37,43.385196685791,-8.84452438354492,"Male"
"6018403",371836,2025-06-22 08:21:44,43.3573608398438,-8.84405708312988,"Male"
"6018403",371836,2025-06-22 08:26:38,43.3848991394043,-8.84716987609863,"Male"
"6018403",371836,2025-06-22 08:31:59,43.357608795166,-8.84414100646973,"Male"
"6018403",371836,2025-06-22 08:36:24,43.3575630187988,-8.84406757354736,"Male"
"6018403",371836,2025-06-22 08:41:24,43.3563194274902,-8.84448146820068,"Male"
"6018403",371836,2025-06-22 08:46:25,43.35791015625,-8.84970474243164,"Male"
"6018403",371836,2025-06-22 08:51:26,43.3575325012207,-8.84402561187744,"Male"
"6018403",371836,2025-06-22 08:56:26,43.3566741943359,-8.84482574462891,"Male"
"6018403",371836,2025-06-22 09:01:25,43.3575744628906,-8.84418201446533,"Male"
"6018403",371836,2025-06-22 09:06:24,43.3577423095703,-8.84413623809814,"Male"
"6018403",371836,2025-06-22 09:11:36,43.3574905395508,-8.84418964385986,"Male"
"6018403",371836,2025-06-22 09:16:27,43.357421875,-8.84419727325439,"Male"
"6018403",371836,2025-06-22 09:21:24,43.3574333190918,-8.84414100646973,"Male"
"6018403",371836,2025-06-22 09:26:24,43.3575744628906,-8.84438800811768,"Male"
"6018403",371836,2025-06-22 09:31:24,43.357479095459,-8.84439468383789,"Male"
"6018403",371836,2025-06-22 09:36:24,43.3575401306152,-8.84443378448486,"Male"
"6018403",371836,2025-06-22 09:41:24,43.357551574707,-8.84443378448486,"Male"
"6018403",371836,2025-06-22 09:46:25,43.3578147888184,-8.84434127807617,"Male"
"6018403",371836,2025-06-22 09:51:26,43.3577499389648,-8.84427833557129,"Male"
"6018403",371836,2025-06-22 09:56:25,43.3579025268555,-8.8446626663208,"Male"
"6018403",371836,2025-06-22 10:01:26,43.3578834533691,-8.84457588195801,"Male"
"6018403",371836,2025-06-22 10:06:25,43.3578796386719,-8.84471988677979,"Male"
"6018403",371836,2025-06-22 10:11:25,43.3579254150391,-8.84431934356689,"Male"
"6018403",371836,2025-06-22 10:16:25,43.3579483032227,-8.84431934356689,"Male"
"6018403",371836,2025-06-22 10:21:27,43.3581047058105,-8.84429931640625,"Male"
"6018403",371836,2025-06-22 10:26:24,43.3577461242676,-8.84420108795166,"Male"
"6018403",371836,2025-06-22 10:31:24,43.3576431274414,-8.84404468536377,"Male"
"6018403",371836,2025-06-22 10:36:24,43.357723236084,-8.84470653533936,"Male"
"6018403",371836,2025-06-22 10:41:24,43.3578872680664,-8.84454536437988,"Male"
"6018403",371836,2025-06-22 10:46:25,43.3576850891113,-8.84525394439697,"Male"
"6018403",371836,2025-06-22 10:51:25,43.3578109741211,-8.84488296508789,"Male"
"6018403",371836,2025-06-22 10:56:26,43.3579368591309,-8.84445858001709,"Male"
"6018403",371836,2025-06-22 11:01:26,43.3580589294434,-8.84437370300293,"Male"
"6018403",371836,2025-06-22 11:06:26,43.357780456543,-8.84515380859375,"Male"
"6018403",371836,2025-06-22 11:11:26,43.3580589294434,-8.84455299377441,"Male"
"6018403",371836,2025-06-22 11:16:26,43.3579025268555,-8.84377956390381,"Male"
"6018403",371836,2025-06-22 11:21:25,43.3579635620117,-8.84377002716064,"Male"
"6018403",371836,2025-06-22 11:26:25,43.3579635620117,-8.84360790252686,"Male"
"6018403",371836,2025-06-22 11:31:25,43.3578834533691,-8.84362316131592,"Male"
"6018403",371836,2025-06-22 11:36:26,43.3580665588379,-8.84444904327393,"Male"
"6018403",371836,2025-06-22 11:41:25,43.3580741882324,-8.84455966949463,"Male"
"6018403",371836,2025-06-22 11:46:26,43.3580436706543,-8.8447732925415,"Male"
"6018403",371836,2025-06-22 11:51:27,43.3580474853516,-8.84482479095459,"Male"
"6018403",371836,2025-06-22 11:56:26,43.3580322265625,-8.84462642669678,"Male"
"6018403",371836,2025-06-22 12:01:26,43.3580093383789,-8.84460639953613,"Male"
"6018403",371836,2025-06-22 12:06:26,43.3579406738281,-8.8443021774292,"Male"
"6018403",371836,2025-06-22 12:11:29,43.3580284118652,-8.84464263916016,"Male"
"6018403",371836,2025-06-22 12:16:28,43.3580093383789,-8.84449863433838,"Male"
"6018403",371836,2025-06-22 12:21:28,43.35791015625,-8.84445667266846,"Male"
"6018403",371836,2025-06-22 12:26:29,43.3579902648926,-8.84454441070557,"Male"
"6018403",371836,2025-06-22 12:31:24,43.3580207824707,-8.84455585479736,"Male"
"6018403",371836,2025-06-22 12:36:26,43.3579483032227,-8.84450626373291,"Male"
"6018403",371836,2025-06-22 12:41:29,43.3577880859375,-8.84467792510986,"Male"
"6018403",371836,2025-06-22 12:46:44,43.3575019836426,-8.84446716308594,"Male"
"6018403",371836,2025-06-22 12:52:07,43.3579139709473,-8.84413909912109,"Male"
"6018403",371836,2025-06-22 12:56:38,43.358039855957,-8.84404563903809,"Male"
"6018403",371836,2025-06-22 13:01:36,43.3580513000488,-8.84400463104248,"Male"
"6018403",371836,2025-06-22 13:06:35,43.3580474853516,-8.84403896331787,"Male"
"6018403",371836,2025-06-22 13:12:00,43.3580207824707,-8.84390544891357,"Male"
"6018403",371836,2025-06-22 13:17:13,43.357837677002,-8.84409046173096,"Male"
"6018403",371836,2025-06-22 13:21:27,43.3574295043945,-8.84423828125,"Male"
"6018403",371836,2025-06-22 13:26:40,43.3578300476074,-8.84418869018555,"Male"
"6018403",371836,2025-06-22 13:31:29,43.3576507568359,-8.84426021575928,"Male"
"6018403",371836,2025-06-22 13:36:29,43.3576469421387,-8.84427833557129,"Male"
"6018403",371836,2025-06-22 13:41:45,43.3575668334961,-8.84420680999756,"Male"
"6018403",371836,2025-06-22 13:46:33,43.3575134277344,-8.84413528442383,"Male"
"6018403",371836,2025-06-22 13:51:28,43.3576850891113,-8.8442554473877,"Male"
"6018403",371836,2025-06-22 13:56:31,43.3575477600098,-8.84438610076904,"Male"
"6018403",371836,2025-06-22 14:01:28,43.3576583862305,-8.84428215026855,"Male"
"6018403",371836,2025-06-22 14:06:28,43.357666015625,-8.84437561035156,"Male"
"6018403",371836,2025-06-22 14:11:27,43.3624076843262,-8.8488597869873,"Male"
"6018403",371836,2025-06-22 14:16:29,43.3692359924316,-8.85115623474121,"Male"
"6018403",371836,2025-06-22 14:21:29,43.3696022033691,-8.85284042358398,"Male"
"6018403",371836,2025-06-22 14:26:27,43.3914337158203,-8.86795616149902,"Male"
"6018403",371836,2025-06-22 14:31:27,43.4146118164062,-8.89249897003174,"Male"
"6018403",371836,2025-06-22 14:36:27,43.4368553161621,-8.91957187652588,"Male"
"6018403",371836,2025-06-22 14:41:28,43.4581451416016,-8.94951343536377,"Male"
"6018403",371836,2025-06-22 14:46:26,43.4815216064453,-8.97662162780762,"Male"
"6018403",371836,2025-06-22 14:51:27,43.5031509399414,-9.00622081756592,"Male"
"6018403",371836,2025-06-22 14:56:36,43.5234375,-9.03909206390381,"Male"
"6018403",371836,2025-06-22 15:01:28,43.5449256896973,-9.07091617584229,"Male"
"6018403",371836,2025-06-22 15:06:39,43.5615615844727,-9.10087776184082,"Male"
"6018403",371836,2025-06-22 15:11:30,43.583438873291,-9.12150382995605,"Male"
"6018403",371836,2025-06-22 15:17:00,43.6049919128418,-9.13253784179688,"Male"
"6018403",371836,2025-06-22 15:21:26,43.610107421875,-9.16253089904785,"Male"
"6018403",371836,2025-06-22 15:26:27,43.5995140075684,-9.20642566680908,"Male"
"6018403",371836,2025-06-22 15:31:27,43.594352722168,-9.17150211334229,"Male"
"6018403",371836,2025-06-22 15:36:27,43.6013298034668,-9.13608837127686,"Male"
"6018403",371836,2025-06-22 15:41:27,43.6112403869629,-9.10967350006104,"Male"
"6018403",371836,2025-06-22 15:46:29,43.6272010803223,-9.08512306213379,"Male"
"6018403",371836,2025-06-22 15:51:27,43.6381683349609,-9.0550365447998,"Male"
"6018403",371836,2025-06-22 15:56:28,43.6515464782715,-9.02345657348633,"Male"
"6018403",371836,2025-06-22 16:01:27,43.6604537963867,-8.99302005767822,"Male"
"6018403",371836,2025-06-22 16:06:29,43.6635704040527,-8.99323558807373,"Male"
"6018403",371836,2025-06-22 16:11:27,43.6554222106934,-8.96687698364258,"Male"
"6018403",371836,2025-06-22 16:16:28,43.6452445983887,-8.92413902282715,"Male"
"6018403",371836,2025-06-22 16:21:28,43.6363334655762,-8.88139343261719,"Male"
"6018403",371836,2025-06-22 16:26:27,43.6237602233887,-8.86052417755127,"Male"
"6018403",371836,2025-06-22 16:31:30,43.6301193237305,-8.88828659057617,"Male"
"6018403",371836,2025-06-22 16:36:31,43.6391677856445,-8.90299797058105,"Male"
"6018403",371836,2025-06-22 16:41:29,43.6517944335938,-8.89360618591309,"Male"
"6018403",371836,2025-06-22 16:46:31,43.6648597717285,-8.87659549713135,"Male"
"6018403",371836,2025-06-22 16:51:33,43.6719207763672,-8.87375354766846,"Male"
"6018403",371836,2025-06-22 16:56:31,43.6771774291992,-8.84354686737061,"Male"
"6018403",371836,2025-06-22 17:01:32,43.6762886047363,-8.84434127807617,"Male"
"6018403",371836,2025-06-22 17:06:32,43.6691436767578,-8.85302352905273,"Male"
"6018403",371836,2025-06-22 17:11:33,43.6480903625488,-8.88024520874023,"Male"
"6018403",371836,2025-06-22 17:16:33,43.651985168457,-8.91154766082764,"Male"
"6018403",371836,2025-06-22 17:21:33,43.6501998901367,-8.92946910858154,"Male"
"6018403",371836,2025-06-22 17:26:33,43.6591949462891,-8.94598579406738,"Male"
"6018403",371836,2025-06-22 17:31:35,43.6386947631836,-8.96532154083252,"Male"
"6018403",371836,2025-06-22 17:36:35,43.6455268859863,-8.98536205291748,"Male"
"6018403",371836,2025-06-22 17:41:41,43.6504592895508,-8.95368671417236,"Male"
"6018403",371836,2025-06-22 17:46:55,43.6607856750488,-8.96020698547363,"Male"
"6018403",371836,2025-06-22 17:52:00,43.6655235290527,-8.99631690979004,"Male"
"6018403",371836,2025-06-22 17:56:35,43.6596565246582,-9.03420162200928,"Male"
"6018403",371836,2025-06-22 18:01:36,43.6552124023438,-9.07664203643799,"Male"
"6018403",371836,2025-06-22 18:06:49,43.6463356018066,-9.1226634979248,"Male"
"6018403",371836,2025-06-22 18:11:58,43.646728515625,-9.16665840148926,"Male"
"6018403",371836,2025-06-22 18:16:27,43.6330070495605,-9.20463848114014,"Male"
"6018403",371836,2025-06-22 18:21:28,43.5983009338379,-9.21243762969971,"Male"
"6018403",371836,2025-06-22 18:26:27,43.5656852722168,-9.20179748535156,"Male"
"6018403",371836,2025-06-22 18:31:28,43.5397186279297,-9.18736553192139,"Male"
"6018403",371836,2025-06-22 18:36:27,43.5264663696289,-9.19959354400635,"Male"
"6018403",371836,2025-06-22 18:41:27,43.5089492797852,-9.24247741699219,"Male"
"6018403",371836,2025-06-22 18:46:27,43.4863510131836,-9.27221775054932,"Male"
"6018403",371836,2025-06-22 18:51:28,43.4712181091309,-9.2836799621582,"Male"
"6018403",371836,2025-06-22 18:56:28,43.4832420349121,-9.26485538482666,"Male"
"6018403",371836,2025-06-22 19:01:28,43.4820098876953,-9.28941631317139,"Male"
"6018403",371836,2025-06-22 19:06:27,43.4650650024414,-9.33013439178467,"Male"
"6018403",371836,2025-06-22 19:11:29,43.4649353027344,-9.30284404754639,"Male"
"6018403",371836,2025-06-22 19:16:28,43.4683456420898,-9.28036689758301,"Male"
"6018403",371836,2025-06-22 19:21:59,43.4495086669922,-9.24450492858887,"Male"
"6018403",371836,2025-06-22 19:26:29,43.4453964233398,-9.23882484436035,"Male"
"6018403",371836,2025-06-22 19:31:30,43.4311599731445,-9.20769500732422,"Male"
"6018403",371836,2025-06-22 19:36:39,43.4089736938477,-9.17356109619141,"Male"
"6018403",371836,2025-06-22 19:41:26,43.3946723937988,-9.14036083221436,"Male"
"6018403",371836,2025-06-22 19:46:33,43.3795280456543,-9.10372543334961,"Male"
"6018403",371836,2025-06-22 19:51:27,43.373363494873,-9.07519626617432,"Male"
"6018403",371836,2025-06-22 19:56:32,43.3598403930664,-9.03767681121826,"Male"
"6018403",371836,2025-06-22 20:01:36,43.3497619628906,-8.99965381622314,"Male"
"6018403",371836,2025-06-22 20:06:30,43.3440589904785,-8.96224784851074,"Male"
"6018403",371836,2025-06-22 20:11:36,43.3451309204102,-8.92455768585205,"Male"
"6018403",371836,2025-06-22 20:16:37,43.3447151184082,-8.89034175872803,"Male"
"6018403",371836,2025-06-22 20:21:38,43.3564071655273,-8.86144638061523,"Male"
"6018403",371836,2025-06-22 20:26:39,43.3576011657715,-8.84429168701172,"Male"
"6018403",371836,2025-06-22 20:31:54,43.357551574707,-8.84411811828613,"Male"
"6018403",371836,2025-06-22 20:42:13,43.3575630187988,-8.84407901763916,"Male"
"6018403",371836,2025-06-22 20:46:30,43.3575439453125,-8.84401035308838,"Male"
"6018403",371836,2025-06-22 20:51:27,43.3574829101562,-8.84372806549072,"Male"
"6018403",371836,2025-06-22 20:56:29,43.3553810119629,-8.83455753326416,"Male"
"6018403",371836,2025-06-22 21:01:36,43.3575553894043,-8.84400463104248,"Male"
"6018403",371836,2025-06-22 21:06:32,43.3575820922852,-8.84395313262939,"Male"
"6018403",371836,2025-06-22 21:16:30,43.3578643798828,-8.84694385528564,"Male"
"6018403",371836,2025-06-22 21:21:29,43.3605117797852,-8.85517692565918,"Male"
"6018403",371836,2025-06-22 21:26:58,43.3575859069824,-8.84412097930908,"Male"
"6018403",371836,2025-06-22 21:31:29,43.3576011657715,-8.84410953521729,"Male"
"6018403",371836,2025-06-22 21:36:27,43.3575172424316,-8.84403133392334,"Male"
"6018403",371836,2025-06-22 21:41:35,43.3576278686523,-8.84399700164795,"Male"
"6018403",371836,2025-06-22 21:46:26,43.3575668334961,-8.84409332275391,"Male"
"6018403",371836,2025-06-22 21:51:25,43.3575592041016,-8.8440113067627,"Male"
"6018403",371836,2025-06-22 21:56:26,43.3575706481934,-8.84402084350586,"Male"
"6018403",371836,2025-06-22 22:01:26,43.3575439453125,-8.84410190582275,"Male"
"6018403",371836,2025-06-22 22:06:26,43.3575973510742,-8.84407043457031,"Male"
"6018403",371836,2025-06-22 22:11:25,43.3576583862305,-8.84420299530029,"Male"
"6018403",371836,2025-06-22 22:16:26,43.357593536377,-8.84419536590576,"Male"
"6018403",371836,2025-06-22 22:21:26,43.3576202392578,-8.8440990447998,"Male"
"6018403",371836,2025-06-22 22:26:26,43.3576316833496,-8.84417343139648,"Male"
"6018403",371836,2025-06-22 22:31:26,43.3575820922852,-8.84407615661621,"Male"
"6018403",371836,2025-06-22 22:36:26,43.3575477600098,-8.84417819976807,"Male"
"6018403",371836,2025-06-22 22:41:26,43.3575057983398,-8.84433937072754,"Male"
"6018403",371836,2025-06-22 22:46:30,43.3577423095703,-8.84402656555176,"Male"
"6018403",371836,2025-06-22 22:51:29,43.3576202392578,-8.8440580368042,"Male"
"6018403",371836,2025-06-22 22:56:29,43.3575630187988,-8.84432792663574,"Male"
"6018403",371836,2025-06-22 23:01:29,43.3575172424316,-8.84438896179199,"Male"
"6018403",371836,2025-06-22 23:06:37,43.3578643798828,-8.84406185150146,"Male"
"6018403",371836,2025-06-22 23:11:42,43.357738494873,-8.84412479400635,"Male"
"6018403",371836,2025-06-22 23:16:30,43.357780456543,-8.84387969970703,"Male"
"6018403",371836,2025-06-22 23:21:30,43.3578453063965,-8.84390735626221,"Male"
"6018403",371836,2025-06-22 23:27:02,43.357593536377,-8.84414482116699,"Male"
"6018403",371836,2025-06-22 23:31:26,43.3575820922852,-8.84408760070801,"Male"
"6018403",371836,2025-06-22 23:36:26,43.3576393127441,-8.84405422210693,"Male"
"6018403",371836,2025-06-22 23:41:26,43.3571968078613,-8.84344959259033,"Male"
"6018403",371836,2025-06-22 23:46:26,43.3575973510742,-8.84399318695068,"Male"
"6018403",371836,2025-06-22 23:51:27,43.3575706481934,-8.8441276550293,"Male"
"6018403",371836,2025-06-22 23:56:26,43.3574180603027,-8.84414958953857,"Male"
"6018403",371836,2025-06-23 00:01:27,43.357479095459,-8.84413909912109,"Male"
"6018403",371836,2025-06-23 00:06:26,43.3576164245605,-8.84415531158447,"Male"
"6018403",371836,2025-06-23 00:11:28,43.3575325012207,-8.84418964385986,"Male"
"6018403",371836,2025-06-23 00:16:26,43.357608795166,-8.84409427642822,"Male"
"6018403",371836,2025-06-23 00:21:27,43.3575973510742,-8.84421539306641,"Male"
"6018403",371836,2025-06-23 00:26:27,43.3575057983398,-8.8441162109375,"Male"
"6018403",371836,2025-06-23 00:31:27,43.3575210571289,-8.84413146972656,"Male"
"6018403",371836,2025-06-23 00:36:27,43.3575439453125,-8.84416198730469,"Male"
"6018403",371836,2025-06-23 00:41:29,43.3575592041016,-8.84417629241943,"Male"
"6018403",371836,2025-06-23 00:46:27,43.3575401306152,-8.84417247772217,"Male"
"6018403",371836,2025-06-23 00:51:27,43.357666015625,-8.84411525726318,"Male"
"6018403",371836,2025-06-23 00:56:28,43.3575592041016,-8.84404182434082,"Male"
"6018403",371836,2025-06-23 01:01:38,43.3571815490723,-8.84439086914062,"Male"
"6018403",371836,2025-06-23 01:06:37,43.3576164245605,-8.84407711029053,"Male"
"6018403",371836,2025-06-23 01:11:48,43.3574180603027,-8.84420490264893,"Male"
"6018403",371836,2025-06-23 01:16:37,43.3403663635254,-8.84987449645996,"Male"
"6018403",371836,2025-06-23 01:21:57,43.3576622009277,-8.84413051605225,"Male"
"6018403",371836,2025-06-23 01:26:29,43.3681526184082,-8.84378814697266,"Male"
"6018403",371836,2025-06-23 01:31:29,43.3635368347168,-8.84837245941162,"Male"
"6018403",371836,2025-06-23 01:36:30,43.3630142211914,-8.84864902496338,"Male"
"6018403",371836,2025-06-23 01:41:29,43.3628959655762,-8.84888935089111,"Male"
"6018403",371836,2025-06-23 01:46:36,43.3576049804688,-8.8441801071167,"Male"
"6018403",371836,2025-06-23 01:51:36,43.3577499389648,-8.84415435791016,"Male"
"6018403",371836,2025-06-23 01:56:26,43.357738494873,-8.84423732757568,"Male"
"6018403",371836,2025-06-23 02:01:27,43.3576927185059,-8.84428215026855,"Male"
"6018403",371836,2025-06-23 02:06:29,43.3577117919922,-8.84428310394287,"Male"
"6018403",371836,2025-06-23 02:11:26,43.357795715332,-8.84431552886963,"Male"
"6018403",371836,2025-06-23 02:16:26,43.3577766418457,-8.84434223175049,"Male"
"6018403",371836,2025-06-23 02:21:38,43.3576278686523,-8.84413528442383,"Male"
"6018403",371836,2025-06-23 02:26:38,43.3575973510742,-8.8441219329834,"Male"
"6018403",371836,2025-06-23 02:31:38,43.357608795166,-8.84410285949707,"Male"
"6018403",371836,2025-06-23 02:36:39,43.3576316833496,-8.84414196014404,"Male"
"6018403",371836,2025-06-23 02:41:38,43.3576164245605,-8.8440580368042,"Male"
"6018403",371836,2025-06-23 02:46:39,43.3576164245605,-8.84411334991455,"Male"
"6018403",371836,2025-06-23 02:51:38,43.3576431274414,-8.84418678283691,"Male"
"6018403",371836,2025-06-23 02:56:44,43.3571090698242,-8.84342575073242,"Male"
"6018403",371836,2025-06-23 03:01:30,43.3615379333496,-8.84738159179688,"Male"
"6018403",371836,2025-06-23 03:06:27,43.3612327575684,-8.84698390960693,"Male"
"6018403",371836,2025-06-23 03:11:27,43.357421875,-8.84410762786865,"Male"
"6018403",371836,2025-06-23 03:16:28,43.3576393127441,-8.84431076049805,"Male"
"6018403",371836,2025-06-23 03:22:32,43.3575859069824,-8.84388732910156,"Male"
"6018403",371836,2025-06-23 03:26:28,43.3608322143555,-8.84603786468506,"Male"
"6018403",371836,2025-06-23 03:31:33,43.3575630187988,-8.84608745574951,"Male"
"6018403",371836,2025-06-23 03:36:29,43.3576278686523,-8.84396076202393,"Male"
"6018403",371836,2025-06-23 03:41:28,43.3578414916992,-8.84601402282715,"Male"
"6018403",371836,2025-06-23 03:46:35,43.3576049804688,-8.84397602081299,"Male"
"6018403",371836,2025-06-23 03:51:53,43.3576011657715,-8.84399700164795,"Male"
"6018403",371836,2025-06-23 03:56:56,43.3575630187988,-8.84398746490479,"Male"
"6018403",371836,2025-06-23 04:02:22,43.3576965332031,-8.84402465820312,"Male"
"6018403",371836,2025-06-23 04:06:28,43.3577728271484,-8.84390735626221,"Male"
"6018403",371836,2025-06-23 04:11:38,43.3575019836426,-8.84413528442383,"Male"
"6018403",371836,2025-06-23 04:16:28,43.3574905395508,-8.84419345855713,"Male"
"6018403",371836,2025-06-23 04:21:45,43.3614654541016,-8.84661483764648,"Male"
"6018403",371836,2025-06-23 04:26:30,43.3661193847656,-8.83661079406738,"Male"
"6018403",371836,2025-06-23 04:31:37,43.3706588745117,-8.82246017456055,"Male"
"6018403",371836,2025-06-23 04:36:44,43.3699913024902,-8.81632137298584,"Male"
"6018403",371836,2025-06-23 04:41:38,43.3693351745605,-8.82502555847168,"Male"
"6018403",371836,2025-06-23 04:46:38,43.3735466003418,-8.82772636413574,"Male"
"6018403",371836,2025-06-23 04:51:37,43.3721656799316,-8.82899951934814,"Male"
"6018403",371836,2025-06-23 04:56:41,43.3576316833496,-8.84409713745117,"Male"
"6018403",371836,2025-06-23 05:01:42,43.3576812744141,-8.84409999847412,"Male"
"6018403",371836,2025-06-23 05:06:43,43.3576240539551,-8.84415817260742,"Male"
"6018403",371836,2025-06-23 05:11:49,43.3576469421387,-8.84408664703369,"Male"
"6018403",371836,2025-06-23 05:21:30,43.3577690124512,-8.84430599212646,"Male"
"6018403",371836,2025-06-23 05:26:25,43.3576431274414,-8.84428119659424,"Male"
"6018403",371836,2025-06-23 05:31:26,43.3576622009277,-8.84413528442383,"Male"
"6018403",371836,2025-06-23 05:36:29,43.3572578430176,-8.8480806350708,"Male"
"6018403",371836,2025-06-23 05:42:03,43.3577651977539,-8.84433460235596,"Male"
"6018403",371836,2025-06-23 05:46:28,43.3572196960449,-8.84302043914795,"Male"
"6018403",371836,2025-06-23 05:51:40,43.3575973510742,-8.84414958953857,"Male"
"6018403",371836,2025-06-23 05:56:38,43.357666015625,-8.84408187866211,"Male"
"6018403",371836,2025-06-23 06:01:35,43.3574752807617,-8.84407043457031,"Male"
"6018403",371836,2025-06-23 06:06:33,43.357593536377,-8.84408378601074,"Male"
"6018403",371836,2025-06-23 06:11:33,43.3574028015137,-8.84377193450928,"Male"
"6018403",371836,2025-06-23 06:16:59,43.3575706481934,-8.84410190582275,"Male"
"6018403",371836,2025-06-23 06:21:28,43.3572769165039,-8.84378337860107,"Male"
"6018403",371836,2025-06-23 06:26:29,43.3576583862305,-8.84426116943359,"Male"
"6018403",371836,2025-06-23 06:31:38,43.3575592041016,-8.84412860870361,"Male"
"6018403",371836,2025-06-23 06:36:38,43.3576011657715,-8.8441333770752,"Male"
"6018403",371836,2025-06-23 06:41:33,43.3575706481934,-8.84414577484131,"Male"
"6018403",371836,2025-06-23 06:46:33,43.3575973510742,-8.84411334991455,"Male"
"6018403",371836,2025-06-23 06:51:37,43.3575019836426,-8.84402751922607,"Male"
"6018403",371836,2025-06-23 06:56:36,43.3575477600098,-8.84405326843262,"Male"
"6018403",371836,2025-06-23 07:01:38,43.3574981689453,-8.84398746490479,"Male"
"6018403",371836,2025-06-23 07:06:32,43.3604125976562,-8.84622383117676,"Male"
"6018403",371836,2025-06-23 07:11:33,43.3611717224121,-8.82327556610107,"Male"
"6018403",371836,2025-06-23 07:16:38,43.3606414794922,-8.82521533966064,"Male"
"6018403",371836,2025-06-23 07:21:32,43.3601455688477,-8.83289241790771,"Male"
"6018403",371836,2025-06-23 07:26:33,43.3201522827148,-8.85110187530518,"Male"
"6018403",371836,2025-06-23 07:32:18,43.3142280578613,-8.85681247711182,"Male"
"6018403",371836,2025-06-23 07:36:54,43.3142242431641,-8.85668182373047,"Male"
"6018403",371836,2025-06-23 07:41:52,43.3142623901367,-8.85660552978516,"Male"
"6018403",371836,2025-06-23 07:46:51,43.3142242431641,-8.85657691955566,"Male"
"6018403",371836,2025-06-23 07:51:38,43.3141784667969,-8.85664558410645,"Male"
"6018403",371836,2025-06-23 07:56:40,43.3141670227051,-8.85637187957764,"Male"
"6018403",371836,2025-06-23 08:02:05,43.3146018981934,-8.85638236999512,"Male"
"6018403",371836,2025-06-23 08:06:29,43.3267021179199,-8.84704494476318,"Male"
"6018403",371836,2025-06-23 08:11:29,43.342357635498,-8.83626747131348,"Male"
"6018403",371836,2025-06-23 08:16:27,43.3576583862305,-8.83230209350586,"Male"
"6018403",371836,2025-06-23 08:21:27,43.371711730957,-8.83189010620117,"Male"
"6018403",371836,2025-06-23 08:26:32,43.3624114990234,-8.82167434692383,"Male"
"6018403",371836,2025-06-23 08:31:26,43.3604621887207,-8.83292102813721,"Male"
"6018403",371836,2025-06-23 08:36:29,43.3568115234375,-8.84474182128906,"Male"
"6018403",371836,2025-06-23 08:41:28,43.3575820922852,-8.84420680999756,"Male"
"6018403",371836,2025-06-23 08:46:30,43.3575172424316,-8.84405612945557,"Male"
"6018403",371836,2025-06-23 08:51:28,43.357551574707,-8.84426403045654,"Male"
"6018403",371836,2025-06-23 08:56:27,43.3575973510742,-8.84420299530029,"Male"
"6018403",371836,2025-06-23 09:01:28,43.3576850891113,-8.84487819671631,"Male"
"6018403",371836,2025-06-23 09:06:29,43.3576240539551,-8.8441162109375,"Male"
"6018403",371836,2025-06-23 09:11:31,43.3575630187988,-8.8441276550293,"Male"
"6018403",371836,2025-06-23 09:16:39,43.357608795166,-8.84408664703369,"Male"
"6018403",371836,2025-06-23 09:21:38,43.3576202392578,-8.84407615661621,"Male"
"6018403",371836,2025-06-23 09:26:32,43.3578758239746,-8.84364604949951,"Male"
"6018403",371836,2025-06-23 09:31:28,43.3575668334961,-8.84399700164795,"Male"
"6018403",371836,2025-06-23 09:36:36,43.3577461242676,-8.84432411193848,"Male"
"6018403",371836,2025-06-23 09:41:38,43.3577270507812,-8.84431838989258,"Male"
"6018403",371836,2025-06-23 09:46:35,43.3577270507812,-8.84425354003906,"Male"
"6018403",371836,2025-06-23 09:51:38,43.3577156066895,-8.84443759918213,"Male"
"6018403",371836,2025-06-23 09:56:32,43.3575553894043,-8.84455966949463,"Male"
"6018403",371836,2025-06-23 10:01:27,43.3576164245605,-8.84413719177246,"Male"
"6018403",371836,2025-06-23 10:06:30,43.3576393127441,-8.84445381164551,"Male"
"6018403",371836,2025-06-23 10:11:38,43.3574676513672,-8.84383964538574,"Male"
"6018403",371836,2025-06-23 10:16:29,43.3575057983398,-8.84384822845459,"Male"
"6018403",371836,2025-06-23 10:22:00,43.3575706481934,-8.844162940979,"Male"
"6018403",371836,2025-06-23 10:26:26,43.3615646362305,-8.83845996856689,"Male"
"6018403",371836,2025-06-23 10:31:24,43.3635520935059,-8.82042026519775,"Male"
"6018403",371836,2025-06-23 10:36:28,43.3601722717285,-8.79105281829834,"Male"
"6018403",371836,2025-06-23 10:41:27,43.355785369873,-8.75872230529785,"Male"
"6018403",371836,2025-06-23 10:46:28,43.3690376281738,-8.73376560211182,"Male"
"6018403",371836,2025-06-23 10:51:26,43.3812294006348,-8.71734619140625,"Male"
"6018403",371836,2025-06-23 10:56:27,43.3961219787598,-8.70397758483887,"Male"
"6018403",371836,2025-06-23 11:01:27,43.4138832092285,-8.70137214660645,"Male"
"6018403",371836,2025-06-23 11:06:26,43.4315338134766,-8.6958475112915,"Male"
"6018403",371836,2025-06-23 11:11:27,43.4477233886719,-8.68522644042969,"Male"
"6018403",371836,2025-06-23 11:16:27,43.4585227966309,-8.665452003479,"Male"
"6018403",371836,2025-06-23 11:21:28,43.4585876464844,-8.66505813598633,"Male"
"6018403",371836,2025-06-23 11:26:27,43.4590377807617,-8.66595363616943,"Male"
"6018403",371836,2025-06-23 11:31:27,43.4713859558105,-8.66089248657227,"Male"
"6018403",371836,2025-06-23 11:36:28,43.4892158508301,-8.68154716491699,"Male"
"6018403",371836,2025-06-23 11:41:26,43.5050582885742,-8.71251487731934,"Male"
"6018403",371836,2025-06-23 11:46:27,43.518482208252,-8.75118160247803,"Male"
"6018403",371836,2025-06-23 11:51:28,43.5280685424805,-8.78822326660156,"Male"
"6018403",371836,2025-06-23 11:56:29,43.5393028259277,-8.83028125762939,"Male"
"6018403",371836,2025-06-23 12:01:28,43.5476951599121,-8.87738609313965,"Male"
"6018403",371836,2025-06-23 12:06:29,43.5534973144531,-8.92668724060059,"Male"
"6018403",371836,2025-06-23 12:11:28,43.5547637939453,-8.96444797515869,"Male"
"6018403",371836,2025-06-23 12:16:29,43.5511322021484,-8.97271156311035,"Male"
"6018403",371836,2025-06-23 12:21:28,43.549015045166,-8.97816467285156,"Male"
"6018403",371836,2025-06-23 12:26:31,43.547233581543,-8.98231506347656,"Male"
"6018403",371836,2025-06-23 12:31:46,43.5407066345215,-8.99221611022949,"Male"
"6018403",371836,2025-06-23 12:36:31,43.540283203125,-8.99567604064941,"Male"
"6018403",371836,2025-06-23 12:41:41,43.5384826660156,-9.00130271911621,"Male"
"6018403",371836,2025-06-23 12:46:37,43.5336456298828,-9.00980377197266,"Male"
"6018403",371836,2025-06-23 12:51:37,43.5336952209473,-9.01197147369385,"Male"
"6018403",371836,2025-06-23 12:57:11,43.5279922485352,-9.02061939239502,"Male"
"6018403",371836,2025-06-23 13:01:49,43.5324821472168,-9.02507400512695,"Male"
"6018403",371836,2025-06-23 13:07:34,43.5230484008789,-9.0302562713623,"Male"
"6018403",371836,2025-06-23 13:11:49,43.5253219604492,-9.0311918258667,"Male"
"6018403",371836,2025-06-23 13:16:45,43.5219383239746,-9.02793884277344,"Male"
"6018403",371836,2025-06-23 13:21:56,43.5190887451172,-9.03317546844482,"Male"
"6018403",371836,2025-06-23 13:26:23,43.4972610473633,-9.06554317474365,"Male"
"6018403",371836,2025-06-23 13:31:25,43.5112915039062,-9.02541732788086,"Male"
"6018403",371836,2025-06-23 13:36:27,43.511287689209,-9.02596855163574,"Male"
"6018403",371836,2025-06-23 13:41:25,43.5086402893066,-9.02546501159668,"Male"
"6018403",371836,2025-06-23 13:46:26,43.5080718994141,-9.02681827545166,"Male"
"6018403",371836,2025-06-23 13:51:26,43.5065689086914,-9.02805519104004,"Male"
"6018403",371836,2025-06-23 13:56:24,43.5055122375488,-9.02967548370361,"Male"
"6018403",371836,2025-06-23 14:01:26,43.5030136108398,-9.02052021026611,"Male"
"6018403",371836,2025-06-23 14:06:25,43.5008773803711,-9.00673675537109,"Male"
"6018403",371836,2025-06-23 14:11:26,43.4986801147461,-8.99625396728516,"Male"
"6018403",371836,2025-06-23 14:16:26,43.4968414306641,-8.98219299316406,"Male"
"6018403",371836,2025-06-23 14:21:26,43.4949188232422,-8.96972179412842,"Male"
"6018403",371836,2025-06-23 14:26:25,43.4930763244629,-8.95747852325439,"Male"
"6018403",371836,2025-06-23 14:31:26,43.4912147521973,-8.94764137268066,"Male"
"6018403",371836,2025-06-23 14:36:48,43.4885406494141,-8.93465328216553,"Male"
"6018403",371836,2025-06-23 14:41:26,43.4875679016113,-8.9223804473877,"Male"
"6018403",371836,2025-06-23 14:46:27,43.4858436584473,-8.90942668914795,"Male"
"6018403",371836,2025-06-23 14:51:28,43.4845237731934,-8.89831638336182,"Male"
"6018403",371836,2025-06-23 14:56:25,43.4827842712402,-8.88693904876709,"Male"
"6018403",371836,2025-06-23 15:01:27,43.4812088012695,-8.87441062927246,"Male"
"6018403",371836,2025-06-23 15:06:28,43.4796409606934,-8.86189651489258,"Male"
"6018403",371836,2025-06-23 15:11:28,43.4776458740234,-8.84927272796631,"Male"
"6018403",371836,2025-06-23 15:16:36,43.4752197265625,-8.83699417114258,"Male"
"6018403",371836,2025-06-23 15:21:29,43.4733543395996,-8.82304286956787,"Male"
"6018403",371836,2025-06-23 15:36:58,43.3691101074219,-8.8382568359375,"Male"
"6018403",371836,2025-06-23 15:41:30,43.3576393127441,-8.84404945373535,"Male"
"6018403",371836,2025-06-23 15:46:27,43.3579444885254,-8.84428691864014,"Male"
"6018403",371836,2025-06-23 15:51:27,43.3577995300293,-8.84438133239746,"Male"
"6018403",371836,2025-06-23 15:56:29,43.3577651977539,-8.84431552886963,"Male"
"6018403",371836,2025-06-23 16:01:35,43.3576202392578,-8.8439998626709,"Male"
"6018403",371836,2025-06-23 16:06:39,43.357723236084,-8.8443489074707,"Male"
"6018403",371836,2025-06-23 16:11:58,43.3576431274414,-8.84425830841064,"Male"
"6018403",371836,2025-06-23 16:16:30,43.3577079772949,-8.84424781799316,"Male"
"6018403",371836,2025-06-23 16:21:29,43.3576202392578,-8.84421825408936,"Male"
"6018403",371836,2025-06-23 16:26:29,43.3575477600098,-8.84415340423584,"Male"
"6018403",371836,2025-06-23 16:31:29,43.3576507568359,-8.84419441223145,"Male"
"6018403",371836,2025-06-23 16:36:31,43.3576240539551,-8.84419345855713,"Male"
"6018403",371836,2025-06-23 16:41:27,43.3575973510742,-8.8441219329834,"Male"
"6018403",371836,2025-06-23 16:46:26,43.3576240539551,-8.84400177001953,"Male"
"6018403",371836,2025-06-23 16:51:28,43.3576812744141,-8.84408473968506,"Male"
"6018403",371836,2025-06-23 16:56:33,43.357536315918,-8.84396743774414,"Male"
"6018403",371836,2025-06-23 17:01:31,43.3575172424316,-8.84423160552979,"Male"
"6018403",371836,2025-06-23 17:06:28,43.357551574707,-8.84382152557373,"Male"
"6018403",371836,2025-06-23 17:11:44,43.3575057983398,-8.84403228759766,"Male"
"6018403",371836,2025-06-23 17:16:35,43.3576011657715,-8.8441219329834,"Male"
"6018403",371836,2025-06-23 17:21:35,43.357536315918,-8.84409332275391,"Male"
"6018403",371836,2025-06-23 17:26:39,43.3576202392578,-8.84403133392334,"Male"
"6018403",371836,2025-06-23 17:31:39,43.3575439453125,-8.84398937225342,"Male"
"6018403",371836,2025-06-23 17:36:50,43.3577041625977,-8.84431743621826,"Male"
"6018403",371836,2025-06-23 17:41:30,43.3576164245605,-8.84417057037354,"Male"
"6018403",371836,2025-06-23 17:46:32,43.3575325012207,-8.84402084350586,"Male"
"6018403",371836,2025-06-23 17:51:32,43.3576965332031,-8.84425640106201,"Male"
"6018403",371836,2025-06-23 17:56:31,43.3577156066895,-8.84422397613525,"Male"
"6018403",371836,2025-06-23 18:01:33,43.3576431274414,-8.84424781799316,"Male"
"6018403",371836,2025-06-23 18:06:31,43.3575210571289,-8.84407043457031,"Male"
"6018403",371836,2025-06-23 18:11:31,43.3575553894043,-8.844069480896,"Male"
"6018403",371836,2025-06-23 18:16:32,43.3575706481934,-8.84410095214844,"Male"
"6018403",371836,2025-06-23 18:21:42,43.357593536377,-8.84415912628174,"Male"
"6018403",371836,2025-06-23 18:27:06,43.3574829101562,-8.84407138824463,"Male"
"6018403",371836,2025-06-23 18:31:29,43.3566932678223,-8.84301280975342,"Male"
"6018403",371836,2025-06-23 18:36:39,43.3575134277344,-8.84407520294189,"Male"
"6018403",371836,2025-06-23 18:41:38,43.3577690124512,-8.84432220458984,"Male"
"6018403",371836,2025-06-23 18:46:38,43.3575744628906,-8.84403038024902,"Male"
"6018403",371836,2025-06-23 18:51:39,43.3576393127441,-8.84413623809814,"Male"
"6018403",371836,2025-06-23 18:57:30,43.3572883605957,-8.8439826965332,"Male"
"6018403",371836,2025-06-23 19:01:26,43.357780456543,-8.84427738189697,"Male"
"6018403",371836,2025-06-23 19:06:39,43.3575706481934,-8.84408473968506,"Male"
"6018403",371836,2025-06-23 19:11:29,43.3716239929199,-8.85260963439941,"Male"
"6018403",371836,2025-06-23 19:16:38,43.357593536377,-8.84412097930908,"Male"
"6018403",371836,2025-06-23 19:21:33,43.3576393127441,-8.84409999847412,"Male"
"6018403",371836,2025-06-23 19:26:38,43.3575782775879,-8.844162940979,"Male"
"6018403",371836,2025-06-23 19:31:32,43.357723236084,-8.84424781799316,"Male"
"6018403",371836,2025-06-23 19:36:38,43.3576736450195,-8.84415626525879,"Male"
"6018403",371836,2025-06-23 19:41:37,43.3576698303223,-8.8441333770752,"Male"
"6018403",371836,2025-06-23 19:46:35,43.3576240539551,-8.84411811828613,"Male"
"6018403",371836,2025-06-23 19:51:35,43.3577003479004,-8.84403133392334,"Male"
"6018403",371836,2025-06-23 19:56:39,43.3577079772949,-8.84409713745117,"Male"
"6018403",371836,2025-06-23 20:02:00,43.3576774597168,-8.84420490264893,"Male"
"6018403",371836,2025-06-23 20:06:28,43.3575592041016,-8.84428310394287,"Male"
"6018403",371836,2025-06-23 20:11:28,43.3576240539551,-8.84395599365234,"Male"
"6018403",371836,2025-06-23 20:16:33,43.3576354980469,-8.84407615661621,"Male"
"6018403",371836,2025-06-23 20:21:28,43.3576393127441,-8.84434795379639,"Male"
"6018403",371836,2025-06-23 20:26:29,43.3576126098633,-8.84396076202393,"Male"
"6018403",371836,2025-06-23 20:32:14,43.3575134277344,-8.8443717956543,"Male"
"6018403",371836,2025-06-23 20:36:38,43.3574142456055,-8.84432792663574,"Male"
"6018403",371836,2025-06-23 20:41:31,43.3574981689453,-8.84444904327393,"Male"
"6018403",371836,2025-06-23 20:46:32,43.3573913574219,-8.84404850006104,"Male"
"6018403",371836,2025-06-23 20:51:32,43.3571739196777,-8.84412574768066,"Male"
"6018403",371836,2025-06-23 20:56:35,43.3573989868164,-8.84429550170898,"Male"
"6018403",371836,2025-06-23 21:01:38,43.3575019836426,-8.8441104888916,"Male"
"6018403",371836,2025-06-23 21:06:38,43.3576850891113,-8.84386730194092,"Male"
"6018403",371836,2025-06-23 21:11:41,43.3575973510742,-8.84405994415283,"Male"
"6018403",371836,2025-06-23 21:16:38,43.3576164245605,-8.84396648406982,"Male"
"6018403",371836,2025-06-23 21:21:40,43.357494354248,-8.84409236907959,"Male"
"6018403",371836,2025-06-23 21:26:38,43.357551574707,-8.84406661987305,"Male"
"6018403",371836,2025-06-23 21:31:38,43.3575553894043,-8.84408092498779,"Male"
"6018403",371836,2025-06-23 21:36:38,43.3575401306152,-8.8441104888916,"Male"
"6018403",371836,2025-06-23 21:41:38,43.3575859069824,-8.84410095214844,"Male"
"6018403",371836,2025-06-23 21:46:38,43.3575897216797,-8.84410285949707,"Male"
"6018403",371836,2025-06-23 21:51:38,43.3574867248535,-8.84413814544678,"Male"
"6018403",371836,2025-06-23 21:56:39,43.3574676513672,-8.84415245056152,"Male"
"6018403",371836,2025-06-23 22:01:31,43.3575134277344,-8.84416198730469,"Male"
"6018403",371836,2025-06-23 22:06:38,43.3575401306152,-8.8441047668457,"Male"
"6018403",371836,2025-06-23 22:12:02,43.3575973510742,-8.8441219329834,"Male"
"6018403",371836,2025-06-23 22:16:28,43.3574867248535,-8.84424114227295,"Male"
"6018403",371836,2025-06-23 22:21:29,43.3576431274414,-8.84425067901611,"Male"
"6018403",371836,2025-06-23 22:26:29,43.3576240539551,-8.84418392181396,"Male"
"6018403",371836,2025-06-23 22:31:31,43.3576431274414,-8.84441947937012,"Male"
"6018403",371836,2025-06-23 22:36:35,43.3576469421387,-8.84403419494629,"Male"
"6018403",371836,2025-06-23 22:41:30,43.3575859069824,-8.84423160552979,"Male"
"6018403",371836,2025-06-23 22:46:30,43.3576850891113,-8.84420680999756,"Male"
"6018403",371836,2025-06-23 22:51:31,43.3577003479004,-8.84418773651123,"Male"
"6018403",371836,2025-06-23 22:56:38,43.3575592041016,-8.8440990447998,"Male"
"6018403",371836,2025-06-23 23:01:30,43.3576164245605,-8.84422874450684,"Male"
"6018403",371836,2025-06-23 23:06:31,43.3576622009277,-8.84422206878662,"Male"
"6018403",371836,2025-06-23 23:11:32,43.3577919006348,-8.84424209594727,"Male"
"6018403",371836,2025-06-23 23:16:28,43.3576240539551,-8.84417343139648,"Male"
"6018403",371836,2025-06-23 23:21:28,43.3577461242676,-8.84426116943359,"Male"
"6018403",371836,2025-06-23 23:26:30,43.3576889038086,-8.84428977966309,"Male"
"6018403",371836,2025-06-23 23:31:37,43.3576278686523,-8.84419441223145,"Male"
"6018403",371836,2025-06-23 23:36:39,43.3576889038086,-8.84420013427734,"Male"
"6018403",371836,2025-06-23 23:41:38,43.357837677002,-8.84419536590576,"Male"
"6018403",371836,2025-06-23 23:46:38,43.357723236084,-8.84421634674072,"Male"
"6018403",371836,2025-06-23 23:51:39,43.357723236084,-8.8442268371582,"Male"
"6018403",371836,2025-06-23 23:56:45,43.3575057983398,-8.84406852722168,"Male"
"6018403",371836,2025-06-24 00:02:01,43.3575630187988,-8.84405422210693,"Male"
"6018403",371836,2025-06-24 00:06:42,43.3575820922852,-8.84415435791016,"Male"
"6018403",371836,2025-06-24 00:11:51,43.3575820922852,-8.84422206878662,"Male"
"6018403",371836,2025-06-24 00:16:41,43.357593536377,-8.84409523010254,"Male"
"6018403",371836,2025-06-24 00:21:44,43.3575172424316,-8.84418487548828,"Male"
"6018403",371836,2025-06-24 00:26:37,43.3576469421387,-8.84414196014404,"Male"
"6018403",371836,2025-06-24 00:32:30,43.3576126098633,-8.84414005279541,"Male"
"6018403",371836,2025-06-24 00:36:40,43.3561096191406,-8.8453893661499,"Male"
"6018403",371836,2025-06-24 00:41:32,43.3573150634766,-8.84338569641113,"Male"
"6018403",371836,2025-06-24 00:46:35,43.3574981689453,-8.8442440032959,"Male"
"6018403",371836,2025-06-24 00:51:36,43.35009765625,-8.84856605529785,"Male"
"6018403",371836,2025-06-24 00:56:38,43.3574829101562,-8.84423732757568,"Male"
"6018403",371836,2025-06-24 01:01:40,43.3489074707031,-8.84759330749512,"Male"
"6018403",371836,2025-06-24 01:06:37,43.3496513366699,-8.84622955322266,"Male"
"6018403",371836,2025-06-24 01:11:57,43.3554306030273,-8.84492778778076,"Male"
"6018403",371836,2025-06-24 01:16:30,43.357593536377,-8.84415912628174,"Male"
"6018403",371836,2025-06-24 01:21:29,43.3576202392578,-8.84406280517578,"Male"
"6018403",371836,2025-06-24 01:26:29,43.3577079772949,-8.84409332275391,"Male"
"6018403",371836,2025-06-24 01:31:29,43.3577308654785,-8.84412574768066,"Male"
"6018403",371836,2025-06-24 01:36:30,43.3576202392578,-8.84400653839111,"Male"
"6018403",371836,2025-06-24 01:41:28,43.3577156066895,-8.84419345855713,"Male"
"6018403",371836,2025-06-24 01:46:29,43.3577003479004,-8.84412097930908,"Male"
"6018403",371836,2025-06-24 01:51:29,43.3577346801758,-8.84417533874512,"Male"
"6018403",371836,2025-06-24 01:56:27,43.3577346801758,-8.84415721893311,"Male"
"6018403",371836,2025-06-24 02:01:43,43.3575401306152,-8.84411525726318,"Male"
"6018403",371836,2025-06-24 02:06:29,43.3574447631836,-8.84399604797363,"Male"
"6018403",371836,2025-06-24 02:11:57,43.3575477600098,-8.84411907196045,"Male"
"6018403",371836,2025-06-24 02:16:28,43.3574905395508,-8.84402370452881,"Male"
"6018403",371836,2025-06-24 02:21:33,43.3568382263184,-8.84337520599365,"Male"
"6018403",371836,2025-06-24 02:26:35,43.3571319580078,-8.84356117248535,"Male"
"6018403",371836,2025-06-24 02:31:39,43.3580169677734,-8.84456634521484,"Male"
"6018403",371836,2025-06-24 02:36:29,43.3580360412598,-8.84456920623779,"Male"
"6018403",371836,2025-06-24 02:41:44,43.3575210571289,-8.84403705596924,"Male"
"6018403",371836,2025-06-24 02:46:29,43.357479095459,-8.84400749206543,"Male"
"6018403",371836,2025-06-24 02:51:58,43.357593536377,-8.84415626525879,"Male"
"6018403",371836,2025-06-24 02:56:29,43.3577117919922,-8.84418678283691,"Male"
"6018403",371836,2025-06-24 03:01:32,43.360279083252,-8.84646415710449,"Male"
"6018403",371836,2025-06-24 03:06:27,43.3603439331055,-8.84654808044434,"Male"
"6018403",371836,2025-06-24 03:11:29,43.3612632751465,-8.84716415405273,"Male"
"6018403",371836,2025-06-24 03:16:30,43.3599319458008,-8.84615039825439,"Male"
"6018403",371836,2025-06-24 03:21:29,43.3575592041016,-8.84407615661621,"Male"
"6018403",371836,2025-06-24 03:26:29,43.357536315918,-8.84413242340088,"Male"
"6018403",371836,2025-06-24 03:31:30,43.3583564758301,-8.84507083892822,"Male"
"6018403",371836,2025-06-24 03:36:30,43.3576850891113,-8.84435558319092,"Male"
"6018403",371836,2025-06-24 03:41:28,43.3575897216797,-8.84408092498779,"Male"
"6018403",371836,2025-06-24 03:46:35,43.3575782775879,-8.84410285949707,"Male"
"6018403",371836,2025-06-24 03:51:34,43.356746673584,-8.84341239929199,"Male"
"6018403",371836,2025-06-24 03:56:47,43.3574256896973,-8.84420585632324,"Male"
"6018403",371836,2025-06-24 04:01:29,43.3545532226562,-8.84973049163818,"Male"
"6018403",371836,2025-06-24 04:06:28,43.3548545837402,-8.851318359375,"Male"
"6018403",371836,2025-06-24 04:11:37,43.3574447631836,-8.84423637390137,"Male"
"6018403",371836,2025-06-24 04:16:47,43.3576164245605,-8.84403133392334,"Male"
"6018403",371836,2025-06-24 04:21:47,43.362678527832,-8.83386898040771,"Male"
"6018403",371836,2025-06-24 04:26:45,43.3576507568359,-8.84413242340088,"Male"
"6018403",371836,2025-06-24 04:31:31,43.3528327941895,-8.85450458526611,"Male"
"6018403",371836,2025-06-24 04:37:08,43.3638229370117,-8.83838653564453,"Male"
"6018403",371836,2025-06-24 04:41:29,43.361328125,-8.8383092880249,"Male"
"6018403",371836,2025-06-24 04:46:28,43.3587265014648,-8.84235382080078,"Male"
"6018403",371836,2025-06-24 04:51:31,43.3587989807129,-8.84212589263916,"Male"
"6018403",371836,2025-06-24 04:56:36,43.3575439453125,-8.84414958953857,"Male"
"6018403",371836,2025-06-24 05:01:37,43.3575096130371,-8.84424304962158,"Male"
"6018403",371836,2025-06-24 05:06:35,43.3574714660645,-8.84412288665771,"Male"
"6018403",371836,2025-06-24 05:11:50,43.3582878112793,-8.8443775177002,"Male"
"6018403",371836,2025-06-24 05:16:36,43.3576774597168,-8.84426784515381,"Male"
"6018403",371836,2025-06-24 05:21:36,43.3573036193848,-8.84407711029053,"Male"
"6018403",371836,2025-06-24 05:26:38,43.3574371337891,-8.8440637588501,"Male"
"6018403",371836,2025-06-24 05:31:39,43.3574104309082,-8.84406852722168,"Male"
"6018403",371836,2025-06-24 05:36:38,43.3575057983398,-8.84407806396484,"Male"
"6018403",371836,2025-06-24 05:41:48,43.3574905395508,-8.84410858154297,"Male"
"6018403",371836,2025-06-24 05:46:33,43.357494354248,-8.84398365020752,"Male"
"6018403",371836,2025-06-24 05:51:30,43.3549461364746,-8.84501457214355,"Male"
"6018403",371836,2025-06-24 05:56:58,43.3575401306152,-8.84416389465332,"Male"
"6018403",371836,2025-06-24 06:01:54,43.3576431274414,-8.84422492980957,"Male"
"6018403",371836,2025-06-24 06:07:09,43.3573760986328,-8.84426021575928,"Male"
"6018403",371836,2025-06-24 06:11:53,43.3570098876953,-8.84432506561279,"Male"
"6018403",371836,2025-06-24 06:21:52,43.3575592041016,-8.84414482116699,"Male"
"6018403",371836,2025-06-24 06:26:26,43.3575897216797,-8.84412002563477,"Male"
"6018403",371836,2025-06-24 06:31:27,43.3575553894043,-8.84414100646973,"Male"
"6018403",371836,2025-06-24 06:36:26,43.3575782775879,-8.84415626525879,"Male"
"6018403",371836,2025-06-24 06:41:35,43.357349395752,-8.84401607513428,"Male"
"6018403",371836,2025-06-24 06:46:30,43.3575325012207,-8.84408092498779,"Male"
"6018403",371836,2025-06-24 06:51:30,43.3574714660645,-8.84406185150146,"Male"
"6018403",371836,2025-06-24 06:56:28,43.3574447631836,-8.84407424926758,"Male"
"6018403",371836,2025-06-24 07:01:28,43.3575286865234,-8.84405422210693,"Male"
"6018403",371836,2025-06-24 07:06:30,43.3576202392578,-8.84406661987305,"Male"
"6018403",371836,2025-06-24 07:11:29,43.3575744628906,-8.8441162109375,"Male"
"6018403",371836,2025-06-24 07:16:29,43.3576431274414,-8.84410572052002,"Male"
"6018403",371836,2025-06-24 07:21:32,43.3575019836426,-8.8440523147583,"Male"
"6018403",371836,2025-06-24 07:26:30,43.3575439453125,-8.84402561187744,"Male"
"6018403",371836,2025-06-24 07:31:28,43.3574981689453,-8.84411525726318,"Male"
"6018403",371836,2025-06-24 07:36:31,43.3575096130371,-8.8441047668457,"Male"
"6018403",371836,2025-06-24 07:41:35,43.3577003479004,-8.84383296966553,"Male"
"6018403",371836,2025-06-24 07:46:31,43.3576011657715,-8.8438777923584,"Male"
"6018403",371836,2025-06-24 07:51:43,43.3575248718262,-8.84430408477783,"Male"
"6018403",371836,2025-06-24 07:56:38,43.357593536377,-8.84432983398438,"Male"
"6018403",371836,2025-06-24 08:01:38,43.3575973510742,-8.84449291229248,"Male"
"6018403",371836,2025-06-24 08:07:43,43.357551574707,-8.84408473968506,"Male"
"6018403",371836,2025-06-24 08:12:06,43.3543090820312,-8.84166240692139,"Male"
"6018403",371836,2025-06-24 08:16:45,43.357551574707,-8.84419250488281,"Male"
"6018403",371836,2025-06-24 08:21:49,43.3575057983398,-8.84422492980957,"Male"
"6018403",371836,2025-06-24 08:26:46,43.3576850891113,-8.84420299530029,"Male"
"6018403",371836,2025-06-24 08:31:47,43.3575553894043,-8.84421443939209,"Male"
"6018403",371836,2025-06-24 08:36:49,43.3553886413574,-8.84432506561279,"Male"
"6018403",371836,2025-06-24 08:42:05,43.3575592041016,-8.84420108795166,"Male"
"6018403",371836,2025-06-24 08:46:44,43.3576431274414,-8.84418678283691,"Male"
"6018403",371836,2025-06-24 09:01:49,43.357723236084,-8.84427356719971,"Male"
"6018403",371836,2025-06-24 09:07:19,43.3578262329102,-8.84436321258545,"Male"
"6018403",371836,2025-06-24 09:11:45,43.356803894043,-8.84387874603271,"Male"
"6018403",371836,2025-06-24 09:16:45,43.3577995300293,-8.84430122375488,"Male"
"6018403",371836,2025-06-24 09:22:12,43.357292175293,-8.84420490264893,"Male"
"6018403",371836,2025-06-24 09:26:26,43.3597869873047,-8.84307861328125,"Male"
"6018403",371836,2025-06-24 09:37:06,43.3576202392578,-8.84418773651123,"Male"
"6018403",371836,2025-06-24 09:42:06,43.3574981689453,-8.84405422210693,"Male"
"6018403",371836,2025-06-24 09:46:45,43.3575630187988,-8.84415626525879,"Male"
"6018403",371836,2025-06-24 09:51:43,43.3576278686523,-8.8441686630249,"Male"
"6018403",371836,2025-06-24 09:56:40,43.3576316833496,-8.84413719177246,"Male"
"6018403",371836,2025-06-24 10:01:28,43.3539276123047,-8.84413528442383,"Male"
"6018403",371836,2025-06-24 10:06:29,43.3578414916992,-8.84411716461182,"Male"
"6018403",371836,2025-06-24 10:11:26,43.3538475036621,-8.8465404510498,"Male"
"6018403",371836,2025-06-24 10:16:27,43.3576431274414,-8.84416484832764,"Male"
"6018403",371836,2025-06-24 10:21:28,43.3576316833496,-8.84412860870361,"Male"
"6018403",371836,2025-06-24 10:26:27,43.3574981689453,-8.85267162322998,"Male"
"6018403",371836,2025-06-24 10:31:30,43.3577194213867,-8.84428215026855,"Male"
"6018403",371836,2025-06-24 10:36:28,43.3577194213867,-8.84442138671875,"Male"
"6018403",371836,2025-06-24 10:41:30,43.3575172424316,-8.84414863586426,"Male"
"6018403",371836,2025-06-24 10:46:29,43.3576164245605,-8.84414291381836,"Male"
"6018403",371836,2025-06-24 10:51:30,43.3575210571289,-8.84417819976807,"Male"
"6018403",371836,2025-06-24 10:56:32,43.357837677002,-8.8441104888916,"Male"
"6018403",371836,2025-06-24 11:01:29,43.3578300476074,-8.84409713745117,"Male"
"6018403",371836,2025-06-24 11:06:32,43.3576126098633,-8.84423542022705,"Male"
"6018403",371836,2025-06-24 11:11:30,43.3575820922852,-8.84411239624023,"Male"
"6018403",371836,2025-06-24 11:16:29,43.3577728271484,-8.84413242340088,"Male"
"6018403",371836,2025-06-24 11:21:36,43.3577003479004,-8.8440580368042,"Male"
"6018403",371836,2025-06-24 11:26:27,43.3574180603027,-8.8440465927124,"Male"
"6018403",371836,2025-06-24 11:31:42,43.3572425842285,-8.84403228759766,"Male"
"6018403",371836,2025-06-24 11:36:29,43.3576049804688,-8.8440990447998,"Male"
"6018403",371836,2025-06-24 11:41:33,43.3576507568359,-8.84419059753418,"Male"
"6018403",371836,2025-06-24 11:46:27,43.3576393127441,-8.84419250488281,"Male"
"6018403",371836,2025-06-24 11:51:31,43.3576622009277,-8.84425735473633,"Male"
"6018403",371836,2025-06-24 11:56:29,43.3576850891113,-8.84412956237793,"Male"
"6018403",371836,2025-06-24 12:01:29,43.3577690124512,-8.84428882598877,"Male"
"6018403",371836,2025-06-24 12:06:36,43.3576889038086,-8.84407806396484,"Male"
"6018403",371836,2025-06-24 12:11:27,43.3613586425781,-8.84829425811768,"Male"
"6018403",371836,2025-06-24 12:16:31,43.3816108703613,-8.86693477630615,"Male"
"6018403",371836,2025-06-24 12:21:29,43.3992919921875,-8.88856029510498,"Male"
"6018403",371836,2025-06-24 12:26:28,43.414436340332,-8.91802406311035,"Male"
"6018403",371836,2025-06-24 12:31:28,43.4286193847656,-8.94745922088623,"Male"
"6018403",371836,2025-06-24 12:36:29,43.4452209472656,-8.9622631072998,"Male"
"6018403",371836,2025-06-24 12:41:30,43.446044921875,-8.99159812927246,"Male"
"6018403",371836,2025-06-24 12:46:48,43.4509811401367,-9.01196479797363,"Male"
"6018403",371836,2025-06-24 12:51:29,43.458869934082,-9.03387832641602,"Male"
"6018403",371836,2025-06-24 12:57:12,43.481372833252,-9.05764770507812,"Male"
"6018403",371836,2025-06-24 13:02:11,43.5119590759277,-9.04420948028564,"Male"
"6018403",371836,2025-06-24 13:07:00,43.5218925476074,-9.02991104125977,"Male"
"6018403",371836,2025-06-24 13:12:00,43.5232620239258,-9.02773094177246,"Male"
"6018403",371836,2025-06-24 13:16:46,43.523365020752,-9.02933597564697,"Male"
"6018403",371836,2025-06-24 13:21:27,43.5239868164062,-9.0300350189209,"Male"
"6018403",371836,2025-06-24 13:26:28,43.5179023742676,-9.0293025970459,"Male"
"6018403",371836,2025-06-24 13:31:28,43.5074081420898,-9.01501846313477,"Male"
"6018403",371836,2025-06-24 13:36:27,43.5092010498047,-9.0151481628418,"Male"
"6018403",371836,2025-06-24 13:41:27,43.5092239379883,-9.0149621963501,"Male"
"6018403",371836,2025-06-24 13:46:28,43.5130310058594,-9.01658916473389,"Male"
"6018403",371836,2025-06-24 13:51:46,43.5236663818359,-8.98538780212402,"Male"
"6018403",371836,2025-06-24 13:56:28,43.5262031555176,-8.97968769073486,"Male"
"6018403",371836,2025-06-24 14:01:31,43.525806427002,-8.96940231323242,"Male"
"6018403",371836,2025-06-24 14:06:47,43.5282249450684,-8.96315860748291,"Male"
"6018403",371836,2025-06-24 14:11:58,43.5294380187988,-8.95954513549805,"Male"
"6018403",371836,2025-06-24 14:16:39,43.5298728942871,-8.95991516113281,"Male"
"6018403",371836,2025-06-24 14:22:01,43.5350074768066,-8.9656810760498,"Male"
"6018403",371836,2025-06-24 14:26:30,43.5325889587402,-8.95441055297852,"Male"
"6018403",371836,2025-06-24 14:31:30,43.5457878112793,-8.93731212615967,"Male"
"6018403",371836,2025-06-24 14:36:29,43.5462112426758,-8.93807697296143,"Male"
"6018403",371836,2025-06-24 14:41:29,43.5515060424805,-8.92374038696289,"Male"
"6018403",371836,2025-06-24 14:46:28,43.5519599914551,-8.92465591430664,"Male"
"6018403",371836,2025-06-24 14:51:27,43.5571670532227,-8.90974617004395,"Male"
"6018403",371836,2025-06-24 14:56:29,43.5597190856934,-8.90324401855469,"Male"
"6018403",371836,2025-06-24 15:01:28,43.5598945617676,-8.90391731262207,"Male"
"6018403",371836,2025-06-24 15:06:28,43.5600547790527,-8.90497875213623,"Male"
"6018403",371836,2025-06-24 15:11:29,43.5601387023926,-8.9060754776001,"Male"
"6018403",371836,2025-06-24 15:16:40,43.5600128173828,-8.90723514556885,"Male"
"6018403",371836,2025-06-24 15:21:30,43.5675010681152,-8.8864917755127,"Male"
"6018403",371836,2025-06-24 15:27:23,43.5332870483398,-8.89264869689941,"Male"
"6018403",371836,2025-06-24 15:31:28,43.5056838989258,-8.89568042755127,"Male"
"6018403",371836,2025-06-24 15:36:29,43.4755401611328,-8.89514064788818,"Male"
"6018403",371836,2025-06-24 15:41:29,43.4463005065918,-8.890305519104,"Male"
"6018403",371836,2025-06-24 15:46:42,43.4132041931152,-8.8941478729248,"Male"
"6018403",371836,2025-06-24 15:51:27,43.3828887939453,-8.87336158752441,"Male"
"6018403",371836,2025-06-24 15:56:28,43.3602638244629,-8.85073757171631,"Male"
"6018403",371836,2025-06-24 16:01:28,43.3581237792969,-8.84460735321045,"Male"
"6018403",371836,2025-06-24 16:06:28,43.3574905395508,-8.84400749206543,"Male"
"6018403",371836,2025-06-24 16:11:56,43.3584632873535,-8.84626579284668,"Male"
"6018403",371836,2025-06-24 16:16:30,43.3561210632324,-8.84347820281982,"Male"
"6018403",371836,2025-06-24 16:21:36,43.356819152832,-8.84229755401611,"Male"
"6018403",371836,2025-06-24 16:27:06,43.357967376709,-8.84562397003174,"Male"
"6018403",371836,2025-06-24 16:32:00,43.3575820922852,-8.84404277801514,"Male"
"6018403",371836,2025-06-24 16:36:36,43.3576278686523,-8.84423637390137,"Male"
"6018403",371836,2025-06-24 16:41:25,43.3576431274414,-8.844313621521,"Male"
"6018403",371836,2025-06-24 16:46:27,43.3576240539551,-8.84430694580078,"Male"
"6018403",371836,2025-06-24 16:51:26,43.3576240539551,-8.84426403045654,"Male"
"6018403",371836,2025-06-24 16:56:29,43.3576011657715,-8.84421443939209,"Male"
"6018403",371836,2025-06-24 17:01:28,43.3576278686523,-8.84428310394287,"Male"
"6018403",371836,2025-06-24 17:06:27,43.357666015625,-8.84422588348389,"Male"
"6018403",371836,2025-06-24 17:11:36,43.3577728271484,-8.84416007995605,"Male"
"6018403",371836,2025-06-24 17:16:45,43.3576316833496,-8.84421443939209,"Male"
"6018403",371836,2025-06-24 17:21:35,43.3577156066895,-8.84419536590576,"Male"
"6018403",371836,2025-06-24 17:26:29,43.3529586791992,-8.83572578430176,"Male"
"6018403",371836,2025-06-24 17:31:28,43.3575706481934,-8.84454441070557,"Male"
"6018403",371836,2025-06-24 17:36:26,43.3575859069824,-8.84425354003906,"Male"
"6018403",371836,2025-06-24 17:41:43,43.3572654724121,-8.84372234344482,"Male"
"6018403",371836,2025-06-24 17:46:27,43.357795715332,-8.8423957824707,"Male"
"6018403",371836,2025-06-24 17:51:45,43.3576049804688,-8.84409713745117,"Male"
"6018403",371836,2025-06-24 17:56:58,43.3606872558594,-8.84801959991455,"Male"
"6018403",371836,2025-06-24 18:01:28,43.3602104187012,-8.84798622131348,"Male"
"6018403",371836,2025-06-24 18:06:28,43.3616905212402,-8.84781742095947,"Male"
"6018403",371836,2025-06-24 18:11:29,43.3646850585938,-8.85117816925049,"Male"
"6018403",371836,2025-06-24 18:16:41,43.3575134277344,-8.84407711029053,"Male"
"6018403",371836,2025-06-24 18:21:33,43.3620834350586,-8.84738540649414,"Male"
"6018403",371836,2025-06-24 18:26:31,43.3496475219727,-8.83478450775146,"Male"
"6018403",371836,2025-06-24 18:31:32,43.352165222168,-8.83669090270996,"Male"
"6018403",371836,2025-06-24 18:36:31,43.3621635437012,-8.85107803344727,"Male"
"6018403",371836,2025-06-24 18:41:47,43.3578071594238,-8.84380722045898,"Male"
"6018403",371836,2025-06-24 18:46:45,43.3576545715332,-8.84419345855713,"Male"
"6018403",371836,2025-06-24 18:51:29,43.3606719970703,-8.849196434021,"Male"
"6018403",371836,2025-06-24 18:56:32,43.3575973510742,-8.84414291381836,"Male"
"6018403",371836,2025-06-24 19:01:31,43.3589477539062,-8.84515857696533,"Male"
"6018403",371836,2025-06-24 19:06:33,43.3565483093262,-8.84207534790039,"Male"
"6018403",371836,2025-06-24 19:11:43,43.3575019836426,-8.84412956237793,"Male"
"6018403",371836,2025-06-24 19:16:58,43.3576240539551,-8.84414768218994,"Male"
"6018403",371836,2025-06-24 19:21:25,43.3576927185059,-8.84423065185547,"Male"
"6018403",371836,2025-06-24 19:26:26,43.3576126098633,-8.84419822692871,"Male"
"6018403",371836,2025-06-24 19:31:29,43.3576698303223,-8.84420490264893,"Male"
"6018403",371836,2025-06-24 19:36:26,43.3575439453125,-8.84404277801514,"Male"
"6018403",371836,2025-06-24 19:41:26,43.3581657409668,-8.84589767456055,"Male"
"6018403",371836,2025-06-24 19:46:31,43.3575668334961,-8.84417629241943,"Male"
"6018403",371836,2025-06-24 19:51:26,43.3575897216797,-8.84414958953857,"Male"
"6018403",371836,2025-06-24 19:56:53,43.3575630187988,-8.8440580368042,"Male"
"6018403",371836,2025-06-24 20:01:36,43.3576316833496,-8.84419441223145,"Male"
"6018403",371836,2025-06-24 20:06:45,43.3575706481934,-8.84418678283691,"Male"
"6018403",371836,2025-06-24 20:11:40,43.3575325012207,-8.84416580200195,"Male"
"6018403",371836,2025-06-24 20:22:16,43.3574981689453,-8.84420680999756,"Male"
"6018403",371836,2025-06-24 20:26:43,43.3576011657715,-8.84410190582275,"Male"
"6018403",371836,2025-06-24 20:31:25,43.3575973510742,-8.84423160552979,"Male"
"6018403",371836,2025-06-24 20:36:26,43.3575592041016,-8.8441858291626,"Male"
"6018403",371836,2025-06-24 20:41:26,43.3576507568359,-8.84425735473633,"Male"
"6018403",371836,2025-06-24 20:46:26,43.3578414916992,-8.84430408477783,"Male"
"6018403",371836,2025-06-24 20:51:30,43.3577728271484,-8.84428977966309,"Male"
"6018403",371836,2025-06-24 20:56:36,43.3576202392578,-8.84415245056152,"Male"
"6018403",371836,2025-06-24 21:01:36,43.3575897216797,-8.8440990447998,"Male"
"6018403",371836,2025-06-24 21:06:36,43.3576889038086,-8.84413528442383,"Male"
"6018403",371836,2025-06-24 21:11:31,43.3576812744141,-8.84423828125,"Male"
"6018403",371836,2025-06-24 21:16:28,43.3577079772949,-8.84428787231445,"Male"
"6018403",371836,2025-06-24 21:21:56,43.3575782775879,-8.84413623809814,"Male"
"6018403",371836,2025-06-24 21:26:26,43.3576354980469,-8.84415245056152,"Male"
"6018403",371836,2025-06-24 21:31:26,43.3576469421387,-8.8441686630249,"Male"
"6018403",371836,2025-06-24 21:36:28,43.3576316833496,-8.8440990447998,"Male"
"6018403",371836,2025-06-24 21:41:30,43.3577041625977,-8.84429454803467,"Male"
"6018403",371836,2025-06-24 21:46:27,43.3577270507812,-8.84426021575928,"Male"
"6018403",371836,2025-06-24 21:51:26,43.3577575683594,-8.84439563751221,"Male"
"6018403",371836,2025-06-24 21:56:27,43.3577423095703,-8.84423446655273,"Male"
"6018403",371836,2025-06-24 22:01:25,43.3576316833496,-8.84413051605225,"Male"
"6018403",371836,2025-06-24 22:06:26,43.3576850891113,-8.84430599212646,"Male"
"6018403",371836,2025-06-24 22:11:26,43.3577613830566,-8.84434986114502,"Male"
"6018403",371836,2025-06-24 22:16:30,43.3575820922852,-8.84403324127197,"Male"
"6018403",371836,2025-06-24 22:21:25,43.3576927185059,-8.84426879882812,"Male"
"6018403",371836,2025-06-24 22:26:27,43.3576240539551,-8.84410095214844,"Male"
"6018403",371836,2025-06-24 22:31:27,43.3576202392578,-8.84418392181396,"Male"
"6018403",371836,2025-06-24 22:36:26,43.3576431274414,-8.84419441223145,"Male"
"6018403",371836,2025-06-24 22:41:29,43.3576354980469,-8.84411239624023,"Male"
"6018403",371836,2025-06-24 22:46:30,43.3576583862305,-8.84426403045654,"Male"
"6018403",371836,2025-06-24 22:51:28,43.3575248718262,-8.84424304962158,"Male"
"6018403",371836,2025-06-24 22:57:22,43.3574600219727,-8.84416103363037,"Male"
"6018403",371836,2025-06-24 23:01:29,43.3576316833496,-8.84408950805664,"Male"
"6018403",371836,2025-06-24 23:06:30,43.3573379516602,-8.84408855438232,"Male"
"6018403",371836,2025-06-24 23:11:58,43.3575325012207,-8.84415340423584,"Male"
"6018403",371836,2025-06-24 23:16:26,43.3572692871094,-8.84411525726318,"Male"
"6018403",371836,2025-06-24 23:21:26,43.3573341369629,-8.84413623809814,"Male"
"6018403",371836,2025-06-24 23:26:26,43.3574981689453,-8.84412956237793,"Male"
"6018403",371836,2025-06-24 23:31:28,43.3575553894043,-8.84415912628174,"Male"
"6018403",371836,2025-06-24 23:36:29,43.3579978942871,-8.84422397613525,"Male"
"6018403",371836,2025-06-24 23:41:34,43.3575553894043,-8.844162940979,"Male"
"6018403",371836,2025-06-24 23:46:27,43.3578147888184,-8.84424209594727,"Male"
"6018403",371836,2025-06-24 23:51:29,43.3572120666504,-8.84401607513428,"Male"
"6018403",371836,2025-06-24 23:56:31,43.3575248718262,-8.84410190582275,"Male"
"6018403",371836,2025-06-25 00:01:28,43.3582534790039,-8.84431552886963,"Male"
"6018403",371836,2025-06-25 00:06:26,43.3608093261719,-8.84574413299561,"Male"
"6018403",371836,2025-06-25 00:11:27,43.3606071472168,-8.84586524963379,"Male"
"6018403",371836,2025-06-25 00:16:40,43.3576965332031,-8.84413719177246,"Male"
"6018403",371836,2025-06-25 00:21:31,43.3576469421387,-8.84412097930908,"Male"
"6018403",371836,2025-06-25 00:26:33,43.3576126098633,-8.84414577484131,"Male"
"6018403",371836,2025-06-25 00:31:36,43.3576164245605,-8.84419059753418,"Male"
"6018403",371836,2025-06-25 00:36:35,43.3575668334961,-8.84413433074951,"Male"
"6018403",371836,2025-06-25 00:42:04,43.3576126098633,-8.84420108795166,"Male"
"6018403",371836,2025-06-25 00:46:38,43.3576011657715,-8.84420871734619,"Male"
"6018403",371836,2025-06-25 00:51:40,43.3577194213867,-8.8441219329834,"Male"
"6018403",371836,2025-06-25 01:07:15,43.3575096130371,-8.84425735473633,"Male"
"6018403",371836,2025-06-25 01:11:34,43.3642501831055,-8.84030723571777,"Male"
"6018403",371836,2025-06-25 01:16:33,43.3654670715332,-8.8400993347168,"Male"
"6018403",371836,2025-06-25 01:21:33,43.3640060424805,-8.84137344360352,"Male"
"6018403",371836,2025-06-25 01:26:38,43.3667373657227,-8.83806896209717,"Male"
"6018403",371836,2025-06-25 01:31:48,43.3579521179199,-8.84421062469482,"Male"
"6018403",371836,2025-06-25 01:36:30,43.3560752868652,-8.84392356872559,"Male"
"6018403",371836,2025-06-25 01:42:05,43.3576240539551,-8.8440408706665,"Male"
"6018403",371836,2025-06-25 01:46:29,43.364933013916,-8.84640121459961,"Male"
"6018403",371836,2025-06-25 01:51:28,43.3529434204102,-8.8417501449585,"Male"
"6018403",371836,2025-06-25 02:01:27,43.3589973449707,-8.84296989440918,"Male"
"6018403",371836,2025-06-25 02:06:28,43.3589210510254,-8.84307956695557,"Male"
"6018403",371836,2025-06-25 02:11:29,43.3594093322754,-8.84375,"Male"
"6018403",371836,2025-06-25 02:16:29,43.3598327636719,-8.84566307067871,"Male"
"6018403",371836,2025-06-25 02:21:35,43.3575592041016,-8.84414958953857,"Male"
"6018403",371836,2025-06-25 02:26:29,43.3601226806641,-8.84711456298828,"Male"
"6018403",371836,2025-06-25 02:31:28,43.3576316833496,-8.84412384033203,"Male"
"6018403",371836,2025-06-25 02:36:27,43.3577880859375,-8.84427261352539,"Male"
"6018403",371836,2025-06-25 02:41:52,43.3576202392578,-8.8441104888916,"Male"
"6018403",371836,2025-06-25 02:46:43,43.3576431274414,-8.84409332275391,"Male"
"6018403",371836,2025-06-25 02:51:26,43.3610534667969,-8.84696102142334,"Male"
"6018403",371836,2025-06-25 02:56:58,43.3575897216797,-8.8440465927124,"Male"
"6018403",371836,2025-06-25 03:01:40,43.3572425842285,-8.84379482269287,"Male"
"6018403",371836,2025-06-25 03:06:31,43.3614082336426,-8.84744453430176,"Male"
"6018403",371836,2025-06-25 03:11:27,43.3655166625977,-8.85082912445068,"Male"
"6018403",371836,2025-06-25 03:16:58,43.3576354980469,-8.844162940979,"Male"
"6018403",371836,2025-06-25 03:21:28,43.3575820922852,-8.84417533874512,"Male"
"6018403",371836,2025-06-25 03:26:28,43.3576164245605,-8.8441801071167,"Male"
"6018403",371836,2025-06-25 03:31:27,43.3576622009277,-8.8441743850708,"Male"
"6018403",371836,2025-06-25 03:36:28,43.3575782775879,-8.8443078994751,"Male"
"6018403",371836,2025-06-25 03:41:28,43.3575973510742,-8.84423542022705,"Male"
"6018403",371836,2025-06-25 03:46:28,43.3575859069824,-8.84420013427734,"Male"
"6018403",371836,2025-06-25 03:51:30,43.3576698303223,-8.84414577484131,"Male"
"6018403",371836,2025-06-25 03:56:27,43.3575744628906,-8.84424781799316,"Male"
"6018403",371836,2025-06-25 04:01:27,43.3576202392578,-8.84411144256592,"Male"
"6018403",371836,2025-06-25 04:06:27,43.3576545715332,-8.84415245056152,"Male"
"6018403",371836,2025-06-25 04:11:27,43.3576240539551,-8.84419441223145,"Male"
"6018403",371836,2025-06-25 04:16:27,43.357593536377,-8.8442554473877,"Male"
"6018403",371836,2025-06-25 04:21:28,43.3576622009277,-8.84427165985107,"Male"
"6018403",371836,2025-06-25 04:26:29,43.3576736450195,-8.84433937072754,"Male"
"6018403",371836,2025-06-25 04:31:30,43.3576431274414,-8.84424114227295,"Male"
"6018403",371836,2025-06-25 04:36:32,43.3575553894043,-8.84400367736816,"Male"
"6018403",371836,2025-06-25 04:41:40,43.3575897216797,-8.84408473968506,"Male"
"6018403",371836,2025-06-25 04:46:31,43.3576240539551,-8.84418964385986,"Male"
"6018403",371836,2025-06-25 04:51:31,43.3576736450195,-8.84444141387939,"Male"
"6018403",371836,2025-06-25 04:56:40,43.37060546875,-8.81469631195068,"Male"
"6018403",371836,2025-06-25 05:01:32,43.3897018432617,-8.77686500549316,"Male"
"6018403",371836,2025-06-25 05:06:29,43.3926162719727,-8.76906490325928,"Male"
"6018403",371836,2025-06-25 05:11:30,43.3931083679199,-8.7686767578125,"Male"
"6018403",371836,2025-06-25 05:16:35,43.3937377929688,-8.7685489654541,"Male"
"6018403",371836,2025-06-25 05:21:31,43.4118690490723,-8.74963474273682,"Male"
"6018403",371836,2025-06-25 05:26:32,43.3987693786621,-8.74487686157227,"Male"
"6018403",371836,2025-06-25 05:32:05,43.398983001709,-8.74473762512207,"Male"
"6018403",371836,2025-06-25 05:36:58,43.4156723022461,-8.72846412658691,"Male"
"6018403",371836,2025-06-25 05:41:26,43.439826965332,-8.72002220153809,"Male"
"6018403",371836,2025-06-25 05:46:26,43.4614334106445,-8.72297382354736,"Male"
"6018403",371836,2025-06-25 05:51:26,43.4838714599609,-8.73647403717041,"Male"
"6018403",371836,2025-06-25 05:56:26,43.5038223266602,-8.75854301452637,"Male"
"6018403",371836,2025-06-25 06:01:25,43.512882232666,-8.7797327041626,"Male"
"6018403",371836,2025-06-25 06:06:27,43.5133476257324,-8.78538990020752,"Male"
"6018403",371836,2025-06-25 06:11:28,43.5135917663574,-8.78757762908936,"Male"
"6018403",371836,2025-06-25 06:16:30,43.5133628845215,-8.7903003692627,"Male"
"6018403",371836,2025-06-25 06:21:27,43.5167503356934,-8.80477142333984,"Male"
"6018403",371836,2025-06-25 06:26:26,43.5282440185547,-8.84132862091064,"Male"
"6018403",371836,2025-06-25 06:31:43,43.5410003662109,-8.88163566589355,"Male"
"6018403",371836,2025-06-25 06:36:28,43.5485801696777,-8.90979480743408,"Male"
"6018403",371836,2025-06-25 06:41:29,43.5736618041992,-8.9495735168457,"Male"
"6018403",371836,2025-06-25 06:46:28,43.6013526916504,-8.96973037719727,"Male"
"6018403",371836,2025-06-25 06:52:31,43.6133995056152,-8.9975757598877,"Male"
"6018403",371836,2025-06-25 06:56:27,43.6271591186523,-8.97896385192871,"Male"
"6018403",371836,2025-06-25 07:01:52,43.6127853393555,-8.94457912445068,"Male"
"6018403",371836,2025-06-25 07:06:29,43.6145057678223,-8.92352390289307,"Male"
"6018403",371836,2025-06-25 07:16:38,43.624324798584,-8.93319511413574,"Male"
"6018403",371836,2025-06-25 07:21:31,43.6042060852051,-8.94312381744385,"Male"
"6018403",371836,2025-06-25 07:31:27,43.606632232666,-8.94574642181396,"Male"
"6018403",371836,2025-06-25 07:36:27,43.5936698913574,-8.95737743377686,"Male"
"6018403",371836,2025-06-25 07:41:35,43.5956153869629,-8.94806861877441,"Male"
"6018403",371836,2025-06-25 07:46:43,43.5963401794434,-8.9494161605835,"Male"
"6018403",371836,2025-06-25 07:51:26,43.596076965332,-8.94827938079834,"Male"
"6018403",371836,2025-06-25 07:56:26,43.5965232849121,-8.94973373413086,"Male"
"6018403",371836,2025-06-25 08:01:31,43.5975723266602,-8.95068836212158,"Male"
"6018403",371836,2025-06-25 08:06:27,43.5957908630371,-8.95072364807129,"Male"
"6018403",371836,2025-06-25 08:11:27,43.5978927612305,-8.95147609710693,"Male"
"6018403",371836,2025-06-25 08:16:27,43.6157150268555,-8.91887283325195,"Male"
"6018403",371836,2025-06-25 08:21:26,43.614444732666,-8.91203880310059,"Male"
"6018403",371836,2025-06-25 08:26:27,43.6103515625,-8.94429492950439,"Male"
"6018403",371836,2025-06-25 08:32:29,43.6176414489746,-8.98936462402344,"Male"
"6018403",371836,2025-06-25 08:36:29,43.6186599731445,-9.01975727081299,"Male"
"6018403",371836,2025-06-25 08:41:27,43.6127510070801,-9.05506896972656,"Male"
"6018403",371836,2025-06-25 08:46:27,43.600341796875,-9.05315113067627,"Male"
"6018403",371836,2025-06-25 08:51:27,43.5944366455078,-9.0154333114624,"Male"
"6018403",371836,2025-06-25 08:56:28,43.5866584777832,-9.01154327392578,"Male"
"6018403",371836,2025-06-25 09:01:30,43.5858573913574,-9.01171779632568,"Male"
"6018403",371836,2025-06-25 09:06:32,43.5857467651367,-9.01222229003906,"Male"
"6018403",371836,2025-06-25 09:11:30,43.5859184265137,-9.01295185089111,"Male"
"6018403",371836,2025-06-25 09:16:30,43.5859756469727,-9.0133056640625,"Male"
"6018403",371836,2025-06-25 09:21:33,43.586051940918,-9.01343441009521,"Male"
"6018403",371836,2025-06-25 09:26:37,43.5858993530273,-9.01320362091064,"Male"
"6018403",371836,2025-06-25 09:31:35,43.5861053466797,-9.0129222869873,"Male"
"6018403",371836,2025-06-25 09:36:36,43.5861320495605,-9.01224040985107,"Male"
"6018403",371836,2025-06-25 09:41:32,43.5862808227539,-9.01165676116943,"Male"
"6018403",371836,2025-06-25 09:46:29,43.5862922668457,-8.96992874145508,"Male"
"6018403",371836,2025-06-25 09:51:38,43.5719184875488,-8.92983436584473,"Male"
"6018403",371836,2025-06-25 09:56:45,43.5784034729004,-8.91295528411865,"Male"
"6018403",371836,2025-06-25 10:01:30,43.5800971984863,-8.90924739837646,"Male"
"6018403",371836,2025-06-25 10:06:32,43.5807189941406,-8.90981483459473,"Male"
"6018403",371836,2025-06-25 10:11:31,43.581729888916,-8.90075969696045,"Male"
"6018403",371836,2025-06-25 10:16:36,43.581600189209,-8.91075420379639,"Male"
"6018403",371836,2025-06-25 10:21:36,43.5817985534668,-8.91098785400391,"Male"
"6018403",371836,2025-06-25 10:26:28,43.5831871032715,-8.90196895599365,"Male"
"6018403",371836,2025-06-25 10:31:41,43.5821800231934,-8.91183185577393,"Male"
"6018403",371836,2025-06-25 10:41:36,43.5697898864746,-8.91045188903809,"Male"
"6018403",371836,2025-06-25 10:46:30,43.58447265625,-8.916916847229,"Male"
"6018403",371836,2025-06-25 10:51:28,43.5816535949707,-8.91907024383545,"Male"
"6018403",371836,2025-06-25 10:56:27,43.5817070007324,-8.91879272460938,"Male"
"6018403",371836,2025-06-25 11:01:27,43.5830955505371,-8.91529941558838,"Male"
"6018403",371836,2025-06-25 11:06:28,43.5827102661133,-8.91383647918701,"Male"
"6018403",371836,2025-06-25 11:11:29,43.5827102661133,-8.9136962890625,"Male"
"6018403",371836,2025-06-25 11:16:29,43.5827293395996,-8.91276741027832,"Male"
"6018403",371836,2025-06-25 11:21:45,43.5817604064941,-8.90432071685791,"Male"
"6018403",371836,2025-06-25 11:27:33,43.5815010070801,-8.90324878692627,"Male"
"6018403",371836,2025-06-25 11:31:31,43.5816688537598,-8.90283870697021,"Male"
"6018403",371836,2025-06-25 11:36:25,43.5745658874512,-8.90154457092285,"Male"
"6018403",371836,2025-06-25 11:41:36,43.5807991027832,-8.90208148956299,"Male"
"6018403",371836,2025-06-25 11:46:34,43.5680999755859,-8.906662940979,"Male"
"6018403",371836,2025-06-25 11:52:04,43.5407562255859,-8.90614414215088,"Male"
"6018403",371836,2025-06-25 11:56:26,43.5167655944824,-8.89518928527832,"Male"
"6018403",371836,2025-06-25 12:01:25,43.489875793457,-8.89267158508301,"Male"
"6018403",371836,2025-06-25 12:06:25,43.4625473022461,-8.89117431640625,"Male"
"6018403",371836,2025-06-25 12:11:26,43.434383392334,-8.88553810119629,"Male"
"6018403",371836,2025-06-25 12:16:26,43.40478515625,-8.86566734313965,"Male"
"6018403",371836,2025-06-25 12:21:26,43.3735427856445,-8.85108375549316,"Male"
"6018403",371836,2025-06-25 12:26:34,43.3577690124512,-8.84416484832764,"Male"
"6018403",371836,2025-06-25 12:32:00,43.3575096130371,-8.84399890899658,"Male"
"6018403",371836,2025-06-25 12:36:31,43.3575057983398,-8.84400272369385,"Male"
"6018403",371836,2025-06-25 12:41:38,43.3575096130371,-8.84388732910156,"Male"
"6018403",371836,2025-06-25 12:46:42,43.3574676513672,-8.84392166137695,"Male"
"6018403",371836,2025-06-25 12:51:45,43.3575019836426,-8.84394359588623,"Male"
"6018403",371836,2025-06-25 12:56:39,43.3574409484863,-8.84405040740967,"Male"
"6018403",371836,2025-06-25 13:02:35,43.3575286865234,-8.84400367736816,"Male"
"6018403",371836,2025-06-25 13:06:29,43.3573265075684,-8.84447479248047,"Male"
"6018403",371836,2025-06-25 13:11:32,43.3577613830566,-8.84399032592773,"Male"
"6018403",371836,2025-06-25 13:16:38,43.3576354980469,-8.84415721893311,"Male"
"6018403",371836,2025-06-25 13:21:28,43.3576011657715,-8.84419345855713,"Male"
"6018403",371836,2025-06-25 13:26:35,43.3575973510742,-8.84420490264893,"Male"
"6018403",371836,2025-06-25 13:31:36,43.3575782775879,-8.84423637390137,"Male"
"6018403",371836,2025-06-25 13:36:31,43.3575744628906,-8.84424781799316,"Male"
"6018403",371836,2025-06-25 13:41:28,43.3574600219727,-8.84438610076904,"Male"
"6018403",371836,2025-06-25 13:46:28,43.3574829101562,-8.84436988830566,"Male"
"6018403",371836,2025-06-25 13:51:29,43.3576126098633,-8.84421348571777,"Male"
"6018403",371836,2025-06-25 13:56:27,43.3575401306152,-8.84431076049805,"Male"
"6018403",371836,2025-06-25 14:01:27,43.3574752807617,-8.8443431854248,"Male"
"6018403",371836,2025-06-25 14:06:27,43.3575706481934,-8.84424877166748,"Male"
"6018403",371836,2025-06-25 14:11:29,43.3574867248535,-8.84429168701172,"Male"
"6018403",371836,2025-06-25 14:16:29,43.3575897216797,-8.84419536590576,"Male"
"6018403",371836,2025-06-25 14:21:27,43.3575897216797,-8.84426212310791,"Male"
"6018403",371836,2025-06-25 14:26:28,43.3575630187988,-8.8441743850708,"Male"
"6018403",371836,2025-06-25 14:31:29,43.3575668334961,-8.84421539306641,"Male"
"6018403",371836,2025-06-25 14:36:27,43.3576507568359,-8.84425735473633,"Male"
"6018403",371836,2025-06-25 14:41:29,43.357593536377,-8.84420967102051,"Male"
"6018403",371836,2025-06-25 14:46:28,43.3577041625977,-8.8442440032959,"Male"
"6018403",371836,2025-06-25 14:51:27,43.3575401306152,-8.84413528442383,"Male"
"6018403",371836,2025-06-25 14:56:27,43.3576622009277,-8.84421062469482,"Male"
"6018403",371836,2025-06-25 15:01:27,43.3575706481934,-8.84414863586426,"Male"
"6018403",371836,2025-06-25 15:06:29,43.3575630187988,-8.84410285949707,"Male"
"6018403",371836,2025-06-25 15:11:28,43.3577041625977,-8.84430980682373,"Male"
"6018403",371836,2025-06-25 15:16:57,43.3577003479004,-8.84427833557129,"Male"
"6018403",371836,2025-06-25 15:22:51,43.3576927185059,-8.84425163269043,"Male"
"6018403",371836,2025-06-25 15:26:28,43.3577499389648,-8.84429168701172,"Male"
"6018403",371836,2025-06-25 15:31:30,43.3576278686523,-8.84421157836914,"Male"
"6018403",371836,2025-06-25 15:36:32,43.3576431274414,-8.84420394897461,"Male"
"6018403",371836,2025-06-25 15:41:31,43.3575553894043,-8.84433174133301,"Male"
"6018403",371836,2025-06-25 15:47:04,43.3576164245605,-8.84417629241943,"Male"
"6018403",371836,2025-06-25 15:51:25,43.3576011657715,-8.84414577484131,"Male"
"6018403",371836,2025-06-25 15:56:27,43.3575782775879,-8.84415531158447,"Male"
"6018403",371836,2025-06-25 16:01:26,43.357780456543,-8.84435176849365,"Male"
"6018403",371836,2025-06-25 16:06:29,43.3611602783203,-8.84853458404541,"Male"
"6018403",371836,2025-06-25 16:11:31,43.3576316833496,-8.84381008148193,"Male"
"6018403",371836,2025-06-25 16:16:35,43.3575897216797,-8.84396266937256,"Male"
"6018403",371836,2025-06-25 16:22:16,43.3575286865234,-8.84389686584473,"Male"
"6018403",371836,2025-06-25 16:27:00,43.357608795166,-8.84413146972656,"Male"
"6018403",371836,2025-06-25 16:31:30,43.3576431274414,-8.84421730041504,"Male"
"6018403",371836,2025-06-25 16:36:27,43.3575668334961,-8.84419250488281,"Male"
"6018403",371836,2025-06-25 16:41:27,43.3576431274414,-8.84412574768066,"Male"
"6018403",371836,2025-06-25 16:46:27,43.3575477600098,-8.84418106079102,"Male"
"6018403",371836,2025-06-25 16:51:30,43.3575630187988,-8.84408855438232,"Male"
"6018403",371836,2025-06-25 16:56:27,43.3576850891113,-8.8442850112915,"Male"
"6018403",371836,2025-06-25 17:01:31,43.3575820922852,-8.84415149688721,"Male"
"6018403",371836,2025-06-25 17:06:30,43.3576278686523,-8.84428215026855,"Male"
"6018403",371836,2025-06-25 17:11:29,43.357494354248,-8.84408855438232,"Male"
"6018403",371836,2025-06-25 17:16:39,43.3576126098633,-8.84418296813965,"Male"
"6018403",371836,2025-06-25 17:21:34,43.357666015625,-8.84420585632324,"Male"
"6018403",371836,2025-06-25 17:26:30,43.357536315918,-8.84397983551025,"Male"
"6018403",371836,2025-06-25 17:31:35,43.357608795166,-8.84421539306641,"Male"
"6018403",371836,2025-06-25 17:36:32,43.3576164245605,-8.84416007995605,"Male"
"6018403",371836,2025-06-25 17:41:28,43.3575897216797,-8.84416580200195,"Male"
"6018403",371836,2025-06-25 17:46:30,43.3575477600098,-8.84417057037354,"Male"
"6018403",371836,2025-06-25 17:51:31,43.3575630187988,-8.84414577484131,"Male"
"6018403",371836,2025-06-25 17:56:30,43.3576011657715,-8.84417724609375,"Male"
"6018403",371836,2025-06-25 18:01:34,43.3576011657715,-8.84417247772217,"Male"
"6018403",371836,2025-06-25 18:06:31,43.357494354248,-8.84409236907959,"Male"
"6018403",371836,2025-06-25 18:11:32,43.357551574707,-8.84404850006104,"Male"
"6018403",371836,2025-06-25 18:16:31,43.3578071594238,-8.84440422058105,"Male"
"6018403",371836,2025-06-25 18:22:21,43.3578681945801,-8.84452629089355,"Male"
"6018403",371836,2025-06-25 18:26:35,43.3579597473145,-8.84445858001709,"Male"
"6018403",371836,2025-06-25 18:31:31,43.3579063415527,-8.84461975097656,"Male"
"6018403",371836,2025-06-25 18:36:32,43.3579902648926,-8.84445381164551,"Male"
"6018403",371836,2025-06-25 18:41:31,43.3578834533691,-8.84445953369141,"Male"
"6018403",371836,2025-06-25 18:46:29,43.3579025268555,-8.84469604492188,"Male"
"6018403",371836,2025-06-25 18:51:38,43.3579025268555,-8.84439373016357,"Male"
"6018403",371836,2025-06-25 18:56:38,43.3579330444336,-8.84433269500732,"Male"
"6018403",371836,2025-06-25 19:01:38,43.3579902648926,-8.8443660736084,"Male"
"6018403",371836,2025-06-25 19:06:39,43.3578948974609,-8.84440231323242,"Male"
"6018403",371836,2025-06-25 19:11:39,43.35791015625,-8.84445762634277,"Male"
"6018403",371836,2025-06-25 19:16:29,43.3583641052246,-8.84588146209717,"Male"
"6018403",371836,2025-06-25 19:22:06,43.3575744628906,-8.84417057037354,"Male"
"6018403",371836,2025-06-25 19:26:29,43.3575210571289,-8.84423828125,"Male"
"6018403",371836,2025-06-25 19:31:32,43.3576736450195,-8.8441333770752,"Male"
"6018403",371836,2025-06-25 19:36:28,43.356128692627,-8.84511947631836,"Male"
"6018403",371836,2025-06-25 19:41:28,43.3313255310059,-8.84537029266357,"Male"
"6018403",371836,2025-06-25 19:46:29,43.3195762634277,-8.84686756134033,"Male"
"6018403",371836,2025-06-25 19:51:32,43.3142280578613,-8.85683822631836,"Male"
"6018403",371836,2025-06-25 19:56:30,43.314323425293,-8.85681056976318,"Male"
"6018403",371836,2025-06-25 20:01:28,43.320068359375,-8.85595798492432,"Male"
"6018403",371836,2025-06-25 20:06:28,43.3378105163574,-8.84509372711182,"Male"
"6018403",371836,2025-06-25 20:11:40,43.3575592041016,-8.84411239624023,"Male"
"6018403",371836,2025-06-25 20:16:38,43.357593536377,-8.84413909912109,"Male"
"6018403",371836,2025-06-25 20:21:39,43.3576850891113,-8.84404277801514,"Male"
"6018403",371836,2025-06-25 20:26:31,43.3575973510742,-8.84413528442383,"Male"
"6018403",371836,2025-06-25 20:31:36,43.3578109741211,-8.84432506561279,"Male"
"6018403",371836,2025-06-25 20:36:29,43.3530006408691,-8.8448543548584,"Male"
"6018403",371836,2025-06-25 20:41:28,43.3576202392578,-8.84412860870361,"Male"
"6018403",371836,2025-06-25 20:46:28,43.3575210571289,-8.84421062469482,"Male"
"6018403",371836,2025-06-25 20:51:30,43.3575439453125,-8.84421634674072,"Male"
"6018403",371836,2025-06-25 20:56:28,43.3576354980469,-8.8442964553833,"Male"
"6018403",371836,2025-06-25 21:01:31,43.3575820922852,-8.84417819976807,"Male"
"6018403",371836,2025-06-25 21:06:36,43.3575630187988,-8.84413146972656,"Male"
"6018403",371836,2025-06-25 21:11:30,43.3575401306152,-8.84409523010254,"Male"
"6018403",371836,2025-06-25 21:17:51,43.3576049804688,-8.84414577484131,"Male"
"6018403",371836,2025-06-25 21:21:46,43.3575057983398,-8.84415245056152,"Male"
"6018403",371836,2025-06-25 21:26:49,43.3575210571289,-8.84414386749268,"Male"
"6018403",371836,2025-06-25 21:32:30,43.3575782775879,-8.84414005279541,"Male"
"6018403",371836,2025-06-25 21:36:28,43.3574829101562,-8.84416198730469,"Male"
"6018403",371836,2025-06-25 21:41:30,43.3575592041016,-8.84417057037354,"Male"
"6018403",371836,2025-06-25 21:46:28,43.3575019836426,-8.84420013427734,"Male"
"6018403",371836,2025-06-25 21:51:28,43.3576354980469,-8.84416580200195,"Male"
"6018403",371836,2025-06-25 21:56:28,43.3576316833496,-8.84414768218994,"Male"
"6018403",371836,2025-06-25 22:01:31,43.3576354980469,-8.84413146972656,"Male"
"6018403",371836,2025-06-25 22:06:29,43.3575897216797,-8.84424591064453,"Male"
"6018403",371836,2025-06-25 22:11:27,43.3575859069824,-8.84419536590576,"Male"
"6018403",371836,2025-06-25 22:16:30,43.3575706481934,-8.84415817260742,"Male"
"6018403",371836,2025-06-25 22:21:27,43.3574867248535,-8.84425163269043,"Male"
"6018403",371836,2025-06-25 22:26:31,43.3575553894043,-8.84415912628174,"Male"
"6018403",371836,2025-06-25 22:31:28,43.3576164245605,-8.84415245056152,"Male"
"6018403",371836,2025-06-25 22:36:28,43.3575782775879,-8.84415054321289,"Male"
"6018403",371836,2025-06-25 22:41:27,43.3575859069824,-8.84417247772217,"Male"
"6018403",371836,2025-06-25 22:46:27,43.3575630187988,-8.84419250488281,"Male"
"6018403",371836,2025-06-25 22:51:28,43.3575859069824,-8.84413242340088,"Male"
"6018403",371836,2025-06-25 22:56:28,43.3576354980469,-8.84418487548828,"Male"
"6018403",371836,2025-06-25 23:01:29,43.3575630187988,-8.84412479400635,"Male"
"6018403",371836,2025-06-25 23:06:29,43.3577117919922,-8.84421634674072,"Male"
"6018403",371836,2025-06-25 23:11:31,43.3575325012207,-8.84405422210693,"Male"
"6018403",371836,2025-06-25 23:16:29,43.3575477600098,-8.84417629241943,"Male"
"6018403",371836,2025-06-25 23:21:29,43.3576164245605,-8.84421443939209,"Male"
"6018403",371836,2025-06-25 23:26:29,43.357608795166,-8.84433841705322,"Male"
"6018403",371836,2025-06-25 23:31:30,43.3578414916992,-8.8442554473877,"Male"
"6018403",371836,2025-06-25 23:36:30,43.3576507568359,-8.84411907196045,"Male"
"6018403",371836,2025-06-25 23:41:30,43.357536315918,-8.84412002563477,"Male"
"6018403",371836,2025-06-25 23:46:30,43.3576965332031,-8.84416007995605,"Male"
"6018403",371836,2025-06-25 23:51:29,43.3576850891113,-8.84414577484131,"Male"
"6018403",371836,2025-06-25 23:56:35,43.357551574707,-8.84406757354736,"Male"
"6018403",371836,2025-06-26 00:02:00,43.3576202392578,-8.84409141540527,"Male"
"6018403",371836,2025-06-26 00:06:27,43.357494354248,-8.8440637588501,"Male"
"6018403",371836,2025-06-26 00:11:29,43.3574638366699,-8.8439826965332,"Male"
"6018403",371836,2025-06-26 00:16:30,43.3576278686523,-8.84409141540527,"Male"
"6018403",371836,2025-06-26 00:21:30,43.3555145263672,-8.84264373779297,"Male"
"6018403",371836,2025-06-26 00:26:27,43.3592987060547,-8.84551334381104,"Male"
"6018403",371836,2025-06-26 00:31:27,43.3566246032715,-8.84317398071289,"Male"
"6018403",371836,2025-06-26 00:36:28,43.3567810058594,-8.84325504302979,"Male"
"6018403",371836,2025-06-26 00:41:40,43.3577651977539,-8.84406661987305,"Male"
"6018403",371836,2025-06-26 00:46:39,43.357795715332,-8.8440055847168,"Male"
"6018403",371836,2025-06-26 00:51:37,43.3576354980469,-8.84411144256592,"Male"
"6018403",371836,2025-06-26 00:56:39,43.3576240539551,-8.84403800964355,"Male"
"6018403",371836,2025-06-26 01:02:00,43.3577346801758,-8.84425640106201,"Male"
"6018403",371836,2025-06-26 01:06:44,43.3576545715332,-8.84423351287842,"Male"
"6018403",371836,2025-06-26 01:11:30,43.3543701171875,-8.84372997283936,"Male"
"6018403",371836,2025-06-26 01:17:30,43.3576011657715,-8.84413719177246,"Male"
"6018403",371836,2025-06-26 01:27:03,43.3576431274414,-8.84408664703369,"Male"
"6018403",371836,2025-06-26 01:31:55,43.357738494873,-8.8438892364502,"Male"
"6018403",371836,2025-06-26 01:37:15,43.3576431274414,-8.84412097930908,"Male"
"6018403",371836,2025-06-26 01:41:45,43.357608795166,-8.84410190582275,"Male"
"6018403",371836,2025-06-26 01:46:42,43.3576202392578,-8.84408760070801,"Male"
"6018403",371836,2025-06-26 01:51:27,43.357551574707,-8.84403324127197,"Male"
"6018403",371836,2025-06-26 01:56:25,43.3575325012207,-8.8438720703125,"Male"
"6018403",371836,2025-06-26 02:01:25,43.3576049804688,-8.84409427642822,"Male"
"6018403",371836,2025-06-26 02:06:25,43.3575744628906,-8.84411716461182,"Male"
"6018403",371836,2025-06-26 02:11:26,43.357608795166,-8.84411907196045,"Male"
"6018403",371836,2025-06-26 02:16:25,43.3576736450195,-8.84416198730469,"Male"
"6018403",371836,2025-06-26 02:21:37,43.357536315918,-8.84413146972656,"Male"
"6018403",371836,2025-06-26 02:26:28,43.357105255127,-8.84370422363281,"Male"
"6018403",371836,2025-06-26 02:31:31,43.3575668334961,-8.84415149688721,"Male"
"6018403",371836,2025-06-26 02:36:37,43.3574752807617,-8.84403228759766,"Male"
"6018403",371836,2025-06-26 02:41:31,43.3575401306152,-8.84407901763916,"Male"
"6018403",371836,2025-06-26 02:46:42,43.3575668334961,-8.84410285949707,"Male"
"6018403",371836,2025-06-26 02:51:32,43.3576393127441,-8.84410762786865,"Male"
"6018403",371836,2025-06-26 02:56:28,43.357494354248,-8.84406089782715,"Male"
"6018403",371836,2025-06-26 03:01:34,43.3576354980469,-8.84410381317139,"Male"
"6018403",371836,2025-06-26 03:06:44,43.3576507568359,-8.84402179718018,"Male"
"6018403",371836,2025-06-26 03:11:34,43.3597297668457,-8.84483051300049,"Male"
"6018403",371836,2025-06-26 03:16:28,43.360294342041,-8.84586524963379,"Male"
"6018403",371836,2025-06-26 03:21:30,43.3607749938965,-8.84626483917236,"Male"
"6018403",371836,2025-06-26 03:26:57,43.3576927185059,-8.84415912628174,"Male"
"6018403",371836,2025-06-26 03:31:32,43.3575439453125,-8.84420585632324,"Male"
"6018403",371836,2025-06-26 03:36:30,43.3574180603027,-8.84393501281738,"Male"
"6018403",371836,2025-06-26 03:41:32,43.3576431274414,-8.84418487548828,"Male"
"6018403",371836,2025-06-26 03:46:32,43.3576049804688,-8.84419918060303,"Male"
"6018403",371836,2025-06-26 03:51:30,43.3576889038086,-8.84422874450684,"Male"
"6018403",371836,2025-06-26 03:56:32,43.3575897216797,-8.8442211151123,"Male"
"6018403",371836,2025-06-26 04:01:36,43.357666015625,-8.84421348571777,"Male"
"6018403",371836,2025-06-26 04:06:44,43.3575973510742,-8.84417152404785,"Male"
"6018403",371836,2025-06-26 04:11:26,43.3579978942871,-8.84743785858154,"Male"
"6018403",371836,2025-06-26 04:16:27,43.3576927185059,-8.84414100646973,"Male"
"6018403",371836,2025-06-26 04:21:27,43.3575744628906,-8.84416389465332,"Male"
"6018403",371836,2025-06-26 04:26:29,43.3573226928711,-8.84825134277344,"Male"
"6018403",371836,2025-06-26 04:31:30,43.361888885498,-8.85548400878906,"Male"
"6018403",371836,2025-06-26 04:36:30,43.3572845458984,-8.84708690643311,"Male"
"6018403",371836,2025-06-26 04:41:34,43.3575592041016,-8.84425067901611,"Male"
"6018403",371836,2025-06-26 04:46:40,43.3576927185059,-8.8443660736084,"Male"
"6018403",371836,2025-06-26 04:51:40,43.3577079772949,-8.84430122375488,"Male"
"6018403",371836,2025-06-26 04:56:38,43.3576965332031,-8.84436988830566,"Male"
"6018403",371836,2025-06-26 05:01:38,43.3577537536621,-8.84441089630127,"Male"
"6018403",371836,2025-06-26 05:06:38,43.3577575683594,-8.84440612792969,"Male"
"6018403",371836,2025-06-26 05:11:43,43.3576774597168,-8.84415245056152,"Male"
"6018403",371836,2025-06-26 05:17:23,43.3585624694824,-8.8512487411499,"Male"
"6018403",371836,2025-06-26 05:21:30,43.3633460998535,-8.85689544677734,"Male"
"6018403",371836,2025-06-26 05:26:28,43.3628959655762,-8.8536262512207,"Male"
"6018403",371836,2025-06-26 05:31:39,43.3632125854492,-8.85439968109131,"Male"
"6018403",371836,2025-06-26 05:46:58,43.3575592041016,-8.84416675567627,"Male"
"6018403",371836,2025-06-26 05:51:29,43.3576927185059,-8.84448623657227,"Male"
"6018403",371836,2025-06-26 05:56:30,43.3576889038086,-8.84411811828613,"Male"
"6018403",371836,2025-06-26 06:01:37,43.3576469421387,-8.84421730041504,"Male"
"6018403",371836,2025-06-26 06:06:36,43.357536315918,-8.8438777923584,"Male"
"6018403",371836,2025-06-26 06:12:00,43.3575744628906,-8.84409618377686,"Male"
"6018403",371836,2025-06-26 06:16:33,43.3575744628906,-8.84402370452881,"Male"
"6018403",371836,2025-06-26 06:21:36,43.357536315918,-8.84407138824463,"Male"
"6018403",371836,2025-06-26 06:26:34,43.3577117919922,-8.84416961669922,"Male"
"6018403",371836,2025-06-26 06:31:41,43.3576240539551,-8.8441915512085,"Male"
"6018403",371836,2025-06-26 06:36:29,43.3571815490723,-8.84360885620117,"Male"
"6018403",371836,2025-06-26 06:41:29,43.3573837280273,-8.84379196166992,"Male"
"6018403",371836,2025-06-26 06:46:35,43.3576164245605,-8.8441276550293,"Male"
"6018403",371836,2025-06-26 06:51:41,43.357479095459,-8.84401702880859,"Male"
"6018403",371836,2025-06-26 06:56:37,43.3576393127441,-8.84414672851562,"Male"
"6018403",371836,2025-06-26 07:01:45,43.3576049804688,-8.84402751922607,"Male"
"6018403",371836,2025-06-26 07:06:38,43.3572006225586,-8.84380531311035,"Male"
"6018403",371836,2025-06-26 07:21:27,43.357666015625,-8.84426307678223,"Male"
"6018403",371836,2025-06-26 07:26:28,43.3576736450195,-8.84408664703369,"Male"
"6018403",371836,2025-06-26 07:31:27,43.3576774597168,-8.84402179718018,"Male"
"6018403",371836,2025-06-26 07:36:26,43.3576126098633,-8.84403324127197,"Male"
"6018403",371836,2025-06-26 07:41:28,43.3576354980469,-8.84415531158447,"Male"
"6018403",371836,2025-06-26 07:46:25,43.3576202392578,-8.84402179718018,"Male"
"6018403",371836,2025-06-26 07:51:28,43.3574867248535,-8.84394931793213,"Male"
"6018403",371836,2025-06-26 07:56:27,43.3576126098633,-8.84398651123047,"Male"
"6018403",371836,2025-06-26 08:01:32,43.3576545715332,-8.84389209747314,"Male"
"6018403",371836,2025-06-26 08:06:58,43.3498344421387,-8.84488487243652,"Male"
"6018403",371836,2025-06-26 08:11:25,43.3291206359863,-8.84820938110352,"Male"
"6018403",371836,2025-06-26 08:16:28,43.3166656494141,-8.85824966430664,"Male"
"6018403",371836,2025-06-26 08:21:30,43.3166084289551,-8.85814666748047,"Male"
"6018403",371836,2025-06-26 08:26:29,43.3143424987793,-8.85659599304199,"Male"
"6018403",371836,2025-06-26 08:31:30,43.3144264221191,-8.85682392120361,"Male"
"6018403",371836,2025-06-26 08:36:31,43.3142776489258,-8.85703468322754,"Male"
"6018403",371836,2025-06-26 08:41:29,43.314323425293,-8.85699844360352,"Male"
"6018403",371836,2025-06-26 08:46:37,43.3143692016602,-8.85682010650635,"Male"
"6018403",371836,2025-06-26 08:51:32,43.3142547607422,-8.8570384979248,"Male"
"6018403",371836,2025-06-26 08:56:32,43.3142585754395,-8.85707855224609,"Male"
"6018403",371836,2025-06-26 09:01:31,43.3142280578613,-8.857102394104,"Male"
"6018403",371836,2025-06-26 09:06:31,43.328987121582,-8.84556484222412,"Male"
"6018403",371836,2025-06-26 09:11:29,43.358211517334,-8.8455228805542,"Male"
"6018403",371836,2025-06-26 09:16:45,43.3575782775879,-8.84408283233643,"Male"
"6018403",371836,2025-06-26 09:21:42,43.3575744628906,-8.84408569335938,"Male"
"6018403",371836,2025-06-26 09:26:32,43.3589057922363,-8.8486385345459,"Male"
"6018403",371836,2025-06-26 09:31:41,43.3579711914062,-8.84447383880615,"Male"
"6018403",371836,2025-06-26 09:37:03,43.3752021789551,-8.87031841278076,"Male"
"6018403",371836,2025-06-26 09:41:46,43.376392364502,-8.90632629394531,"Male"
"6018403",371836,2025-06-26 09:46:52,43.3911247253418,-8.93826866149902,"Male"
"6018403",371836,2025-06-26 09:51:50,43.4324722290039,-8.94323444366455,"Male"
"6018403",371836,2025-06-26 09:57:34,43.4871978759766,-8.92075061798096,"Male"
"6018403",371836,2025-06-26 10:01:42,43.5273361206055,-8.89485836029053,"Male"
"6018403",371836,2025-06-26 10:06:47,43.5774688720703,-8.88354110717773,"Male"
"6018403",371836,2025-06-26 10:11:53,43.6068077087402,-8.8825044631958,"Male"
"6018403",371836,2025-06-26 10:17:05,43.6405982971191,-8.88124179840088,"Male"
"6018403",371836,2025-06-26 10:21:29,43.6582527160645,-8.86314582824707,"Male"
"6018403",371836,2025-06-26 10:26:30,43.6578369140625,-8.86244869232178,"Male"
"6018403",371836,2025-06-26 10:31:30,43.6573181152344,-8.86204719543457,"Male"
"6018403",371836,2025-06-26 10:36:29,43.656909942627,-8.86107635498047,"Male"
"6018403",371836,2025-06-26 10:41:29,43.6567192077637,-8.85843753814697,"Male"
"6018403",371836,2025-06-26 10:46:30,43.6624488830566,-8.84715270996094,"Male"
"6018403",371836,2025-06-26 10:51:31,43.663013458252,-8.84068393707275,"Male"
"6018403",371836,2025-06-26 10:56:37,43.6630821228027,-8.83949851989746,"Male"
"6018403",371836,2025-06-26 11:01:31,43.6628799438477,-8.83880805969238,"Male"
"6018403",371836,2025-06-26 11:06:32,43.6624374389648,-8.83860683441162,"Male"
"6018403",371836,2025-06-26 11:11:44,43.6627769470215,-8.83835315704346,"Male"
"6018403",371836,2025-06-26 11:16:34,43.6623497009277,-8.8380298614502,"Male"
"6018403",371836,2025-06-26 11:22:04,43.6618309020996,-8.83764266967773,"Male"
"6018403",371836,2025-06-26 11:26:31,43.6784629821777,-8.81583213806152,"Male"
"6018403",371836,2025-06-26 11:31:31,43.6779823303223,-8.81535816192627,"Male"
"6018403",371836,2025-06-26 11:36:32,43.6774215698242,-8.8146800994873,"Male"
"6018403",371836,2025-06-26 11:41:31,43.6769332885742,-8.81394195556641,"Male"
"6018403",371836,2025-06-26 11:46:31,43.6775093078613,-8.80623626708984,"Male"
"6018403",371836,2025-06-26 11:51:32,43.680103302002,-8.79584121704102,"Male"
"6018403",371836,2025-06-26 11:56:32,43.6798248291016,-8.79552745819092,"Male"
"6018403",371836,2025-06-26 12:01:32,43.6847648620605,-8.78754711151123,"Male"
"6018403",371836,2025-06-26 12:06:33,43.6845855712891,-8.78730869293213,"Male"
"6018403",371836,2025-06-26 12:11:33,43.6845550537109,-8.78725337982178,"Male"
"6018403",371836,2025-06-26 12:16:32,43.6937866210938,-8.78144550323486,"Male"
"6018403",371836,2025-06-26 12:21:32,43.7276420593262,-8.75579071044922,"Male"
"6018403",371836,2025-06-26 12:26:31,43.7505149841309,-8.72243022918701,"Male"
"6018403",371836,2025-06-26 12:31:34,43.7619361877441,-8.68737125396729,"Male"
"6018403",371836,2025-06-26 12:36:34,43.7626724243164,-8.68677997589111,"Male"
"6018403",371836,2025-06-26 12:41:34,43.7555885314941,-8.69516658782959,"Male"
"6018403",371836,2025-06-26 12:47:55,43.7455902099609,-8.70292377471924,"Male"
"6018403",371836,2025-06-26 12:52:24,43.7446022033691,-8.70260143280029,"Male"
"6018403",371836,2025-06-26 12:56:34,43.7382583618164,-8.71036052703857,"Male"
"6018403",371836,2025-06-26 13:01:35,43.7387962341309,-8.70980548858643,"Male"
"6018403",371836,2025-06-26 13:12:30,43.740894317627,-8.70707702636719,"Male"
"6018403",371836,2025-06-26 13:22:31,43.7380142211914,-8.70730876922607,"Male"
"6018403",371836,2025-06-26 13:26:32,43.7370414733887,-8.70721817016602,"Male"
"6018403",371836,2025-06-26 13:31:33,43.7364501953125,-8.70749378204346,"Male"
"6018403",371836,2025-06-26 13:36:33,43.735767364502,-8.70800113677979,"Male"
"6018403",371836,2025-06-26 13:41:32,43.7341079711914,-8.70925521850586,"Male"
"6018403",371836,2025-06-26 13:46:34,43.7145156860352,-8.7216796875,"Male"
"6018403",371836,2025-06-26 13:51:36,43.7145042419434,-8.72193336486816,"Male"
"6018403",371836,2025-06-26 13:56:33,43.7220115661621,-8.70806503295898,"Male"
"6018403",371836,2025-06-26 14:02:07,43.723461151123,-8.70479011535645,"Male"
"6018403",371836,2025-06-26 14:06:31,43.7229957580566,-8.7043628692627,"Male"
"6018403",371836,2025-06-26 14:11:33,43.7225379943848,-8.70380401611328,"Male"
"6018403",371836,2025-06-26 14:16:32,43.7218704223633,-8.70338821411133,"Male"
"6018403",371836,2025-06-26 14:21:33,43.7216453552246,-8.70331573486328,"Male"
"6018403",371836,2025-06-26 14:26:31,43.7179145812988,-8.71872997283936,"Male"
"6018403",371836,2025-06-26 14:31:32,43.7167434692383,-8.74775791168213,"Male"
"6018403",371836,2025-06-26 14:36:33,43.7165031433105,-8.75733852386475,"Male"
"6018403",371836,2025-06-26 14:41:34,43.7170791625977,-8.75555419921875,"Male"
"6018403",371836,2025-06-26 14:46:32,43.7155456542969,-8.75530242919922,"Male"
"6018403",371836,2025-06-26 14:51:32,43.715217590332,-8.75492000579834,"Male"
"6018403",371836,2025-06-26 14:56:32,43.7143363952637,-8.75452423095703,"Male"
"6018403",371836,2025-06-26 15:01:32,43.7138862609863,-8.75430679321289,"Male"
"6018403",371836,2025-06-26 15:06:32,43.7135543823242,-8.75449562072754,"Male"
"6018403",371836,2025-06-26 15:11:33,43.7129707336426,-8.75423717498779,"Male"
"6018403",371836,2025-06-26 15:16:33,43.7124938964844,-8.75398635864258,"Male"
"6018403",371836,2025-06-26 15:21:33,43.7121047973633,-8.75389194488525,"Male"
"6018403",371836,2025-06-26 15:26:34,43.7118263244629,-8.75383377075195,"Male"
"6018403",371836,2025-06-26 15:31:33,43.7112770080566,-8.75364589691162,"Male"
"6018403",371836,2025-06-26 15:36:33,43.7107925415039,-8.75364112854004,"Male"
"6018403",371836,2025-06-26 15:41:41,43.7107810974121,-8.75345325469971,"Male"
"6018403",371836,2025-06-26 15:46:32,43.6913719177246,-8.76163768768311,"Male"
"6018403",371836,2025-06-26 15:51:33,43.6670913696289,-8.77478790283203,"Male"
"6018403",371836,2025-06-26 15:56:32,43.6424446105957,-8.78586483001709,"Male"
"6018403",371836,2025-06-26 16:01:34,43.6247100830078,-8.79607009887695,"Male"
"6018403",371836,2025-06-26 16:06:34,43.6010856628418,-8.80896759033203,"Male"
"6018403",371836,2025-06-26 16:11:36,43.5820808410645,-8.82842445373535,"Male"
"6018403",371836,2025-06-26 16:16:36,43.5522766113281,-8.83148765563965,"Male"
"6018403",371836,2025-06-26 16:21:44,43.5248374938965,-8.84198188781738,"Male"
"6018403",371836,2025-06-26 16:26:49,43.5011825561523,-8.85054397583008,"Male"
"6018403",371836,2025-06-26 16:32:06,43.4921073913574,-8.85527610778809,"Male"
"6018403",371836,2025-06-26 16:37:44,43.4594535827637,-8.86445140838623,"Male"
"6018403",371836,2025-06-26 16:41:30,43.4354286193848,-8.86245346069336,"Male"
"6018403",371836,2025-06-26 16:46:30,43.4031143188477,-8.85725975036621,"Male"
"6018403",371836,2025-06-26 16:51:30,43.3727912902832,-8.85115242004395,"Male"
"6018403",371836,2025-06-26 16:56:30,43.3586807250977,-8.84635734558105,"Male"
"6018403",371836,2025-06-26 17:01:40,43.357307434082,-8.84441375732422,"Male"
"6018403",371836,2025-06-26 17:06:30,43.3574638366699,-8.84413146972656,"Male"
"6018403",371836,2025-06-26 17:11:31,43.3574104309082,-8.84416675567627,"Male"
"6018403",371836,2025-06-26 17:16:30,43.357421875,-8.84414958953857,"Male"
"6018403",371836,2025-06-26 17:21:30,43.357364654541,-8.8441219329834,"Male"
"6018403",371836,2025-06-26 17:26:31,43.3575248718262,-8.84413719177246,"Male"
"6018403",371836,2025-06-26 17:31:31,43.3574638366699,-8.84416103363037,"Male"
"6018403",371836,2025-06-26 17:36:31,43.3575401306152,-8.84415054321289,"Male"
"6018403",371836,2025-06-26 17:41:32,43.3575706481934,-8.84423160552979,"Male"
"6018403",371836,2025-06-26 17:46:35,43.3575592041016,-8.84407424926758,"Male"
"6018403",371836,2025-06-26 17:51:39,43.3577346801758,-8.84434032440186,"Male"
"6018403",371836,2025-06-26 17:56:37,43.3575897216797,-8.84419345855713,"Male"
"6018403",371836,2025-06-26 18:01:36,43.3576965332031,-8.84430027008057,"Male"
"6018403",371836,2025-06-26 18:06:51,43.3574981689453,-8.84407138824463,"Male"
"6018403",371836,2025-06-26 18:11:36,43.3575706481934,-8.8441276550293,"Male"
"6018403",371836,2025-06-26 18:17:05,43.3576049804688,-8.84415531158447,"Male"
"6018403",371836,2025-06-26 18:21:31,43.3576126098633,-8.84420967102051,"Male"
"6018403",371836,2025-06-26 18:26:31,43.3576049804688,-8.84417247772217,"Male"
"6018403",371836,2025-06-26 18:31:30,43.3575859069824,-8.84415912628174,"Male"
"6018403",371836,2025-06-26 18:36:32,43.357536315918,-8.84408569335938,"Male"
"6018403",371836,2025-06-26 18:41:34,43.3575859069824,-8.84406757354736,"Male"
"6018403",371836,2025-06-26 18:46:30,43.3575744628906,-8.84408283233643,"Male"
"6018403",371836,2025-06-26 18:51:32,43.3575859069824,-8.84410953521729,"Male"
"6018403",371836,2025-06-26 18:56:31,43.3575439453125,-8.84409523010254,"Male"
"6018403",371836,2025-06-26 19:01:31,43.3576507568359,-8.84411239624023,"Male"
"6018403",371836,2025-06-26 19:06:31,43.3576202392578,-8.84405326843262,"Male"
"6018403",371836,2025-06-26 19:11:31,43.3575668334961,-8.8441276550293,"Male"
"6018403",371836,2025-06-26 19:16:33,43.3575820922852,-8.84403324127197,"Male"
"6018403",371836,2025-06-26 19:21:30,43.3575859069824,-8.84413909912109,"Male"
"6018403",371836,2025-06-26 19:26:33,43.3575897216797,-8.84416961669922,"Male"
"6018403",371836,2025-06-26 19:31:32,43.3576011657715,-8.84412097930908,"Male"
"6018403",371836,2025-06-26 19:36:34,43.3576354980469,-8.84406280517578,"Male"
"6018403",371836,2025-06-26 19:41:32,43.3574829101562,-8.84414386749268,"Male"
"6018403",371836,2025-06-26 19:46:30,43.3576126098633,-8.84414386749268,"Male"
"6018403",371836,2025-06-26 19:51:30,43.3575973510742,-8.84409427642822,"Male"
"6018403",371836,2025-06-26 19:56:31,43.3575630187988,-8.84404850006104,"Male"
"6018403",371836,2025-06-26 20:01:31,43.3575401306152,-8.84415817260742,"Male"
"6018403",371836,2025-06-26 20:06:33,43.3575592041016,-8.84409809112549,"Male"
"6018403",371836,2025-06-26 20:11:34,43.3575439453125,-8.84415340423584,"Male"
"6018403",371836,2025-06-26 20:16:31,43.3575553894043,-8.84412288665771,"Male"
"6018403",371836,2025-06-26 20:21:37,43.3576164245605,-8.84411811828613,"Male"
"6018403",371836,2025-06-26 20:26:31,43.3575668334961,-8.84415531158447,"Male"
"6018403",371836,2025-06-26 20:31:33,43.3577003479004,-8.84421825408936,"Male"
"6018403",371836,2025-06-26 20:36:32,43.3576736450195,-8.8442268371582,"Male"
"6018403",371836,2025-06-26 20:41:35,43.3575820922852,-8.84414958953857,"Male"
"6018403",371836,2025-06-26 20:46:39,43.3576316833496,-8.84424781799316,"Male"
"6018403",371836,2025-06-26 20:51:39,43.3575668334961,-8.84423351287842,"Male"
"6018403",371836,2025-06-26 20:56:42,43.3576736450195,-8.84423923492432,"Male"
"6018403",371836,2025-06-26 21:01:39,43.3576622009277,-8.8442554473877,"Male"
"6018403",371836,2025-06-26 21:06:37,43.357479095459,-8.84418201446533,"Male"
"6018403",371836,2025-06-26 21:11:39,43.3576354980469,-8.84425830841064,"Male"
"6018403",371836,2025-06-26 21:16:40,43.3575477600098,-8.84421348571777,"Male"
"6018403",371836,2025-06-26 21:21:39,43.3575897216797,-8.84420299530029,"Male"
"6018403",371836,2025-06-26 21:26:36,43.357723236084,-8.84418201446533,"Male"
"6018403",371836,2025-06-26 21:31:42,43.3575782775879,-8.84419727325439,"Male"
"6018403",371836,2025-06-26 21:36:42,43.3574981689453,-8.84394645690918,"Male"
"6018403",371836,2025-06-26 21:41:33,43.3576393127441,-8.84402656555176,"Male"
"6018403",371836,2025-06-26 21:46:42,43.3576850891113,-8.84408378601074,"Male"
"6018403",371836,2025-06-26 21:51:42,43.3576240539551,-8.84408187866211,"Male"
"6018403",371836,2025-06-26 21:56:39,43.3577079772949,-8.84414672851562,"Male"
"6018403",371836,2025-06-26 22:02:05,43.3576164245605,-8.8440637588501,"Male"
"6018403",371836,2025-06-26 22:06:31,43.3575477600098,-8.84412956237793,"Male"
"6018403",371836,2025-06-26 22:11:30,43.3576316833496,-8.84414005279541,"Male"
"6018403",371836,2025-06-26 22:16:34,43.3575897216797,-8.84410572052002,"Male"
"6018403",371836,2025-06-26 22:21:32,43.3575477600098,-8.84404277801514,"Male"
"6018403",371836,2025-06-26 22:26:30,43.3575782775879,-8.84403800964355,"Male"
"6018403",371836,2025-06-26 22:31:30,43.357551574707,-8.84410858154297,"Male"
"6018403",371836,2025-06-26 22:36:30,43.3575859069824,-8.84406661987305,"Male"
"6018403",371836,2025-06-26 22:41:30,43.3575706481934,-8.84408664703369,"Male"
"6018403",371836,2025-06-26 22:46:31,43.3575592041016,-8.84411811828613,"Male"
"6018403",371836,2025-06-26 22:51:32,43.3575553894043,-8.84402656555176,"Male"
"6018403",371836,2025-06-26 22:56:31,43.357536315918,-8.84408664703369,"Male"
"6018403",371836,2025-06-26 23:01:33,43.3575744628906,-8.84399700164795,"Male"
"6018403",371836,2025-06-26 23:06:31,43.3575820922852,-8.84405422210693,"Male"
"6018403",371836,2025-06-26 23:11:31,43.357536315918,-8.84411430358887,"Male"
"6018403",371836,2025-06-26 23:16:31,43.3571968078613,-8.84404277801514,"Male"
"6018403",371836,2025-06-26 23:21:30,43.3575744628906,-8.84410381317139,"Male"
"6018403",371836,2025-06-26 23:26:31,43.3574981689453,-8.84402656555176,"Male"
"6018403",371836,2025-06-26 23:31:31,43.357421875,-8.84411430358887,"Male"
"6018403",371836,2025-06-26 23:36:31,43.3575630187988,-8.84396076202393,"Male"
"6018403",371836,2025-06-26 23:41:31,43.3575210571289,-8.84401988983154,"Male"
"6018403",371836,2025-06-26 23:46:31,43.3576126098633,-8.84397411346436,"Male"
"6018403",371836,2025-06-26 23:51:31,43.3575706481934,-8.84399318695068,"Male"
"6018403",371836,2025-06-26 23:56:33,43.357551574707,-8.84397983551025,"Male"
"6018403",371836,2025-06-27 00:01:33,43.3575057983398,-8.84404563903809,"Male"
"6018403",371836,2025-06-27 00:06:31,43.357536315918,-8.84394931793213,"Male"
"6018403",371836,2025-06-27 00:11:39,43.357593536377,-8.84399509429932,"Male"
"6018403",371836,2025-06-27 00:16:31,43.3575248718262,-8.84408664703369,"Male"
"6018403",371836,2025-06-27 00:21:34,43.3575859069824,-8.84403419494629,"Male"
"6018403",371836,2025-06-27 00:26:31,43.3576240539551,-8.84409046173096,"Male"
"6018403",371836,2025-06-27 00:31:33,43.3574447631836,-8.84395408630371,"Male"
"6018403",371836,2025-06-27 00:36:36,43.3577117919922,-8.84417152404785,"Male"
"6018403",371836,2025-06-27 00:41:36,43.3576354980469,-8.84419918060303,"Male"
"6018403",371836,2025-06-27 00:47:19,43.3577346801758,-8.84410667419434,"Male"
"6018403",371836,2025-06-27 00:52:14,43.3576240539551,-8.84409999847412,"Male"
"6018403",371836,2025-06-27 00:56:34,43.3574752807617,-8.84412479400635,"Male"
"6018403",371836,2025-06-27 01:01:37,43.3575553894043,-8.84411525726318,"Male"
"6018403",371836,2025-06-27 01:06:36,43.3575820922852,-8.84411907196045,"Male"
"6018403",371836,2025-06-27 01:11:35,43.3576431274414,-8.84410667419434,"Male"
"6018403",371836,2025-06-27 01:16:35,43.3575897216797,-8.84407043457031,"Male"
"6018403",371836,2025-06-27 01:21:35,43.3575897216797,-8.84416198730469,"Male"
"6018403",371836,2025-06-27 01:26:36,43.3576583862305,-8.84420394897461,"Male"
"6018403",371836,2025-06-27 01:31:44,43.3575630187988,-8.84410285949707,"Male"
"6018403",371836,2025-06-27 01:36:34,43.3575782775879,-8.84410190582275,"Male"
"6018403",371836,2025-06-27 01:41:32,43.3575859069824,-8.84409713745117,"Male"
"6018403",371836,2025-06-27 01:46:38,43.3574752807617,-8.84405326843262,"Male"
"6018403",371836,2025-06-27 01:51:39,43.3575668334961,-8.84410667419434,"Male"
"6018403",371836,2025-06-27 01:56:44,43.3578605651855,-8.84433937072754,"Male"
"6018403",371836,2025-06-27 02:01:39,43.3577461242676,-8.84426403045654,"Male"
"6018403",371836,2025-06-27 02:06:48,43.3577003479004,-8.84419918060303,"Male"
"6018403",371836,2025-06-27 02:11:44,43.3576812744141,-8.84418487548828,"Male"
"6018403",371836,2025-06-27 02:16:34,43.3576622009277,-8.84421920776367,"Male"
"6018403",371836,2025-06-27 02:21:34,43.3577423095703,-8.84424018859863,"Male"
"6018403",371836,2025-06-27 02:26:34,43.3576049804688,-8.84426689147949,"Male"
"6018403",371836,2025-06-27 02:31:47,43.3577346801758,-8.84418869018555,"Male"
"6018403",371836,2025-06-27 02:36:30,43.3577690124512,-8.84416198730469,"Male"
"6018403",371836,2025-06-27 02:41:32,43.3579025268555,-8.84433841705322,"Male"
"6018403",371836,2025-06-27 02:46:31,43.3576507568359,-8.84416389465332,"Male"
"6018403",371836,2025-06-27 02:51:41,43.3575439453125,-8.84398460388184,"Male"
"6018403",371836,2025-06-27 02:56:44,43.3575668334961,-8.84399318695068,"Male"
"6018403",371836,2025-06-27 03:01:34,43.3575325012207,-8.84398746490479,"Male"
"6018403",371836,2025-06-27 03:06:39,43.3575744628906,-8.843994140625,"Male"
"6018403",371836,2025-06-27 03:11:30,43.3576278686523,-8.84404945373535,"Male"
"6018403",371836,2025-06-27 03:16:33,43.3576774597168,-8.84416675567627,"Male"
"6018403",371836,2025-06-27 03:21:33,43.3577041625977,-8.84414672851562,"Male"
"6018403",371836,2025-06-27 03:27:05,43.3576049804688,-8.8439474105835,"Male"
"6018403",371836,2025-06-27 03:31:34,43.3576507568359,-8.84403896331787,"Male"
"6018403",371836,2025-06-27 03:36:34,43.3577766418457,-8.84387588500977,"Male"
"6018403",371836,2025-06-27 03:41:32,43.3577880859375,-8.8441276550293,"Male"
"6018403",371836,2025-06-27 03:46:40,43.3576278686523,-8.84389877319336,"Male"
"6018403",371836,2025-06-27 03:51:44,43.3575897216797,-8.84397220611572,"Male"
"6018403",371836,2025-06-27 03:56:31,43.3577117919922,-8.84394454956055,"Male"
"6018403",371836,2025-06-27 04:01:37,43.3576126098633,-8.84385299682617,"Male"
"6018403",371836,2025-06-27 04:06:49,43.3574562072754,-8.84383583068848,"Male"
"6018403",371836,2025-06-27 04:11:38,43.3576126098633,-8.84401512145996,"Male"
"6018403",371836,2025-06-27 04:16:38,43.3574714660645,-8.84369659423828,"Male"
"6018403",371836,2025-06-27 04:21:33,43.3647079467773,-8.84639739990234,"Male"
"6018403",371836,2025-06-27 04:26:34,43.3683090209961,-8.83890724182129,"Male"
"6018403",371836,2025-06-27 04:31:33,43.3686256408691,-8.83980941772461,"Male"
"6018403",371836,2025-06-27 04:36:31,43.3690071105957,-8.841721534729,"Male"
"6018403",371836,2025-06-27 04:41:38,43.3576202392578,-8.84360980987549,"Male"
"6018403",371836,2025-06-27 04:46:44,43.3576049804688,-8.84376621246338,"Male"
"6018403",371836,2025-06-27 04:51:35,43.3575897216797,-8.84471416473389,"Male"
"6018403",371836,2025-06-27 04:56:38,43.357666015625,-8.8436336517334,"Male"
"6018403",371836,2025-06-27 05:02:05,43.3575401306152,-8.84431743621826,"Male"
"6018403",371836,2025-06-27 05:06:34,43.357479095459,-8.84443855285645,"Male"
"6018403",371836,2025-06-27 05:11:34,43.3575248718262,-8.84421920776367,"Male"
"6018403",371836,2025-06-27 05:16:31,43.357536315918,-8.84432411193848,"Male"
"6018403",371836,2025-06-27 05:21:39,43.3575439453125,-8.84406661987305,"Male"
"6018403",371836,2025-06-27 05:26:34,43.357593536377,-8.84391212463379,"Male"
"6018403",371836,2025-06-27 05:32:14,43.3574981689453,-8.84422779083252,"Male"
"6018403",371836,2025-06-27 05:36:40,43.3575592041016,-8.84428119659424,"Male"
"6018403",371836,2025-06-27 05:41:34,43.3575592041016,-8.84445476531982,"Male"
"6018403",371836,2025-06-27 05:46:33,43.3576736450195,-8.8443660736084,"Male"
"6018403",371836,2025-06-27 05:51:34,43.357608795166,-8.84399890899658,"Male"
"6018403",371836,2025-06-27 05:56:40,43.3574829101562,-8.84443283081055,"Male"
"6018403",371836,2025-06-27 06:01:38,43.3575401306152,-8.84459114074707,"Male"
"6018403",371836,2025-06-27 06:06:39,43.3575973510742,-8.8446569442749,"Male"
"6018403",371836,2025-06-27 06:11:38,43.3575630187988,-8.84450912475586,"Male"
"6018403",371836,2025-06-27 06:16:36,43.3575096130371,-8.84449100494385,"Male"
"6018403",371836,2025-06-27 06:21:48,43.3574752807617,-8.84436511993408,"Male"
"6018403",371836,2025-06-27 06:26:37,43.3573760986328,-8.84454345703125,"Male"
"6018403",371836,2025-06-27 06:32:05,43.3575057983398,-8.84410572052002,"Male"
"6018403",371836,2025-06-27 06:36:30,43.3576583862305,-8.84408664703369,"Male"
"6018403",371836,2025-06-27 06:41:32,43.3576927185059,-8.84409618377686,"Male"
"6018403",371836,2025-06-27 06:46:32,43.3576507568359,-8.84432506561279,"Male"
"6018403",371836,2025-06-27 06:51:44,43.3577499389648,-8.84437942504883,"Male"
"6018403",371836,2025-06-27 06:56:41,43.3576965332031,-8.84418296813965,"Male"
"6018403",371836,2025-06-27 07:01:35,43.3576965332031,-8.84420871734619,"Male"
"6018403",371836,2025-06-27 07:06:38,43.3576316833496,-8.84418964385986,"Male"
"6018403",371836,2025-06-27 07:12:05,43.3576202392578,-8.84411239624023,"Male"
"6018403",371836,2025-06-27 07:16:31,43.3576545715332,-8.84413051605225,"Male"
"6018403",371836,2025-06-27 07:21:31,43.3575477600098,-8.84417247772217,"Male"
"6018403",371836,2025-06-27 07:26:31,43.3576240539551,-8.84411907196045,"Male"
"6018403",371836,2025-06-27 07:31:31,43.3575973510742,-8.84419059753418,"Male"
"6018403",371836,2025-06-27 07:36:30,43.3576126098633,-8.84413719177246,"Male"
"6018403",371836,2025-06-27 07:41:31,43.357593536377,-8.84411144256592,"Male"
"6018403",371836,2025-06-27 07:46:32,43.3575210571289,-8.84422779083252,"Male"
"6018403",371836,2025-06-27 07:51:30,43.3575019836426,-8.84423542022705,"Male"
"6018403",371836,2025-06-27 07:56:30,43.3575897216797,-8.844162940979,"Male"
"6018403",371836,2025-06-27 08:01:37,43.3575592041016,-8.84420967102051,"Male"
"6018403",371836,2025-06-27 08:06:30,43.3575553894043,-8.84421348571777,"Male"
"6018403",371836,2025-06-27 08:11:30,43.3575782775879,-8.84423828125,"Male"
"6018403",371836,2025-06-27 08:16:38,43.3575210571289,-8.84418773651123,"Male"
"6018403",371836,2025-06-27 08:25:16,43.3575897216797,-8.84414386749268,"Male"
"6018403",371836,2025-06-27 08:35:21,43.3576278686523,-8.84417343139648,"Male"
"6018403",371836,2025-06-27 08:40:21,43.3576316833496,-8.84416389465332,"Male"
"6018403",371836,2025-06-27 08:45:21,43.3574562072754,-8.84421253204346,"Male"
"6018403",371836,2025-06-27 08:50:19,43.3575820922852,-8.84418773651123,"Male"
"6018403",371836,2025-06-27 08:55:22,43.3575401306152,-8.84416484832764,"Male"
"6018403",371836,2025-06-27 09:00:24,43.357536315918,-8.84410762786865,"Male"
"6018403",371836,2025-06-27 09:05:21,43.3576622009277,-8.84408473968506,"Male"
"6018403",371836,2025-06-27 09:10:18,43.3576889038086,-8.84427642822266,"Male"
"6018403",371836,2025-06-27 09:15:35,43.3575897216797,-8.84417533874512,"Male"
"6018403",371836,2025-06-27 09:20:18,43.3575096130371,-8.84419250488281,"Male"
"6018403",371836,2025-06-27 09:25:18,43.3575973510742,-8.84425449371338,"Male"
"6018403",371836,2025-06-27 09:30:18,43.3575973510742,-8.84422874450684,"Male"
"6018403",371836,2025-06-27 09:35:16,43.357593536377,-8.84421730041504,"Male"
"6018403",371836,2025-06-27 09:40:16,43.357608795166,-8.8441858291626,"Male"
"6018403",371836,2025-06-27 09:45:15,43.357608795166,-8.84421634674072,"Male"
"6018403",371836,2025-06-27 09:50:16,43.3575706481934,-8.84424304962158,"Male"
"6018403",371836,2025-06-27 09:55:16,43.3576354980469,-8.8442554473877,"Male"
"6018403",371836,2025-06-27 10:00:17,43.3575668334961,-8.84425354003906,"Male"
"6018403",371836,2025-06-27 10:05:16,43.3576431274414,-8.84424495697021,"Male"
"6018403",371836,2025-06-27 10:10:15,43.3575973510742,-8.84426307678223,"Male"
"6018403",371836,2025-06-27 10:15:21,43.3575439453125,-8.84414482116699,"Male"
"6018403",371836,2025-06-27 10:20:26,43.357494354248,-8.84407234191895,"Male"
"6018403",371836,2025-06-27 10:25:19,43.3575592041016,-8.84410572052002,"Male"
"6018403",371836,2025-06-27 10:30:22,43.3576431274414,-8.84406757354736,"Male"
"6018403",371836,2025-06-27 10:35:15,43.3615379333496,-8.832839012146,"Male"
"6018403",371836,2025-06-27 10:40:19,43.3653411865234,-8.81760406494141,"Male"
"6018403",371836,2025-06-27 10:45:22,43.3653984069824,-8.81683254241943,"Male"
"6018403",371836,2025-06-27 10:50:21,43.3658256530762,-8.81575965881348,"Male"
"6018403",371836,2025-06-27 10:55:21,43.3668251037598,-8.81591701507568,"Male"
"6018403",371836,2025-06-27 11:00:21,43.366512298584,-8.81523132324219,"Male"
"6018403",371836,2025-06-27 11:05:23,43.3657264709473,-8.81437492370605,"Male"
"6018403",371836,2025-06-27 11:10:23,43.360050201416,-8.81448650360107,"Male"
"6018403",371836,2025-06-27 11:15:36,43.3597106933594,-8.81286430358887,"Male"
"6018403",371836,2025-06-27 11:20:25,43.359489440918,-8.81209087371826,"Male"
"6018403",371836,2025-06-27 11:25:24,43.3592147827148,-8.81101036071777,"Male"
"6018403",371836,2025-06-27 11:30:27,43.3583793640137,-8.81033325195312,"Male"
"6018403",371836,2025-06-27 11:35:35,43.3576927185059,-8.80900573730469,"Male"
"6018403",371836,2025-06-27 11:41:07,43.355224609375,-8.83293914794922,"Male"
"6018403",371836,2025-06-27 11:45:16,43.3371696472168,-8.84462451934814,"Male"
"6018403",371836,2025-06-27 11:50:16,43.314281463623,-8.85679531097412,"Male"
"6018403",371836,2025-06-27 11:55:17,43.315013885498,-8.85661506652832,"Male"
"6018403",371836,2025-06-27 12:00:44,43.3155822753906,-8.85732936859131,"Male"
"6018403",371836,2025-06-27 12:05:16,43.3167343139648,-8.85808086395264,"Male"
"6018403",371836,2025-06-27 12:10:19,43.3166313171387,-8.85817241668701,"Male"
"6018403",371836,2025-06-27 12:15:15,43.316764831543,-8.85832595825195,"Male"
"6018403",371836,2025-06-27 12:20:16,43.3196182250977,-8.85249519348145,"Male"
"6018403",371836,2025-06-27 12:25:21,43.3229141235352,-8.85032749176025,"Male"
"6018403",371836,2025-06-27 12:30:17,43.3496284484863,-8.84165287017822,"Male"
"6018403",371836,2025-06-27 12:35:17,43.3676795959473,-8.8513650894165,"Male"
"6018403",371836,2025-06-27 12:40:27,43.3691902160645,-8.83465957641602,"Male"
"6018403",371836,2025-06-27 12:45:35,43.3696136474609,-8.83045196533203,"Male"
"6018403",371836,2025-06-27 12:50:16,43.3691711425781,-8.82998466491699,"Male"
"6018403",371836,2025-06-27 12:55:24,43.3681373596191,-8.83012676239014,"Male"
"6018403",371836,2025-06-27 13:00:17,43.3704071044922,-8.83251094818115,"Male"
"6018403",371836,2025-06-27 13:05:19,43.3698348999023,-8.8324613571167,"Male"
"6018403",371836,2025-06-27 13:10:17,43.3687705993652,-8.83304405212402,"Male"
"6018403",371836,2025-06-27 13:15:22,43.3574638366699,-8.84417724609375,"Male"
"6018403",371836,2025-06-27 13:20:23,43.3574714660645,-8.84403514862061,"Male"
"6018403",371836,2025-06-27 13:25:22,43.3576011657715,-8.84427547454834,"Male"
"6018403",371836,2025-06-27 13:30:19,43.3575897216797,-8.84415245056152,"Male"
"6018403",371836,2025-06-27 13:35:23,43.357364654541,-8.84385299682617,"Male"
"6018403",371836,2025-06-27 13:40:22,43.3573188781738,-8.84387683868408,"Male"
"6018403",371836,2025-06-27 13:45:16,43.3574066162109,-8.84407138824463,"Male"
"6018403",371836,2025-06-27 13:50:25,43.3577995300293,-8.84430694580078,"Male"
"6018403",371836,2025-06-27 13:55:19,43.3575630187988,-8.8441686630249,"Male"
"6018403",371836,2025-06-27 14:00:17,43.3576316833496,-8.84417629241943,"Male"
"6018403",371836,2025-06-27 14:05:22,43.3575706481934,-8.84423160552979,"Male"
"6018403",371836,2025-06-27 14:10:29,43.3576698303223,-8.84428024291992,"Male"
"6018403",371836,2025-06-27 14:15:44,43.3576164245605,-8.84419727325439,"Male"
"6018403",371836,2025-06-27 14:20:18,43.3577537536621,-8.84428691864014,"Male"
"6018403",371836,2025-06-27 14:25:15,43.3575859069824,-8.84420013427734,"Male"
"6018403",371836,2025-06-27 14:30:18,43.3575744628906,-8.84415245056152,"Male"
"6018403",371836,2025-06-27 14:35:18,43.3576469421387,-8.84426975250244,"Male"
"6018403",371836,2025-06-27 14:40:19,43.357593536377,-8.84412956237793,"Male"
"6018403",371836,2025-06-27 14:45:44,43.3576011657715,-8.84419631958008,"Male"
"6018403",371836,2025-06-27 14:50:16,43.3576622009277,-8.84426403045654,"Male"
"6018403",371836,2025-06-27 14:55:19,43.3575859069824,-8.84409713745117,"Male"
"6018403",371836,2025-06-27 15:00:17,43.3570098876953,-8.84337043762207,"Male"
"6018403",371836,2025-06-27 15:05:16,43.3575859069824,-8.84410953521729,"Male"
"6018403",371836,2025-06-27 15:10:16,43.3578338623047,-8.84446811676025,"Male"
"6018403",371836,2025-06-27 15:15:17,43.3578987121582,-8.84432220458984,"Male"
"6018403",371836,2025-06-27 15:20:18,43.3574905395508,-8.84400463104248,"Male"
"6018403",371836,2025-06-27 15:25:19,43.357536315918,-8.84405517578125,"Male"
"6018403",371836,2025-06-27 15:30:44,43.357479095459,-8.84395217895508,"Male"
"6018403",371836,2025-06-27 15:35:19,43.3575668334961,-8.84416389465332,"Male"
"6018403",371836,2025-06-27 15:40:17,43.3577194213867,-8.84434413909912,"Male"
"6018403",371836,2025-06-27 15:45:18,43.3577537536621,-8.84445953369141,"Male"
"6018403",371836,2025-06-27 15:50:18,43.3574256896973,-8.84384727478027,"Male"
"6018403",371836,2025-06-27 15:55:18,43.3576316833496,-8.84421348571777,"Male"
"6018403",371836,2025-06-27 16:00:45,43.3575706481934,-8.84408664703369,"Male"
"6018403",371836,2025-06-27 16:05:19,43.3574905395508,-8.84403038024902,"Male"
"6018403",371836,2025-06-27 16:10:19,43.357479095459,-8.84402847290039,"Male"
"6018403",371836,2025-06-27 16:15:24,43.3576812744141,-8.84422302246094,"Male"
"6018403",371836,2025-06-27 16:20:35,43.3576354980469,-8.8442211151123,"Male"
"6018403",371836,2025-06-27 16:25:44,43.3577651977539,-8.84447288513184,"Male"
"6018403",371836,2025-06-27 16:30:21,43.3578224182129,-8.84460258483887,"Male"
"6018403",371836,2025-06-27 16:35:22,43.3577003479004,-8.84425258636475,"Male"
"6018403",371836,2025-06-27 16:40:16,43.3574028015137,-8.84374618530273,"Male"
"6018403",371836,2025-06-27 16:45:44,43.3576240539551,-8.84419059753418,"Male"
"6018403",371836,2025-06-27 16:50:19,43.3576507568359,-8.84419345855713,"Male"
"6018403",371836,2025-06-27 16:55:19,43.3576202392578,-8.8442211151123,"Male"
"6018403",371836,2025-06-27 17:01:05,43.3575897216797,-8.84413433074951,"Male"
"6018403",371836,2025-06-27 17:05:19,43.357666015625,-8.84414577484131,"Male"
"6018403",371836,2025-06-27 17:10:22,43.357608795166,-8.84403514862061,"Male"
"6018403",371836,2025-06-27 17:15:35,43.3604850769043,-8.8466215133667,"Male"
"6018403",371836,2025-06-27 17:20:15,43.3504219055176,-8.82624435424805,"Male"
"6018403",371836,2025-06-27 17:25:17,43.3505477905273,-8.82675170898438,"Male"
"6018403",371836,2025-06-27 17:30:19,43.350887298584,-8.82682609558105,"Male"
"6018403",371836,2025-06-27 17:35:17,43.3511810302734,-8.82647132873535,"Male"
"6018403",371836,2025-06-27 17:40:21,43.3515167236328,-8.8270845413208,"Male"
"6018403",371836,2025-06-27 17:45:19,43.3518028259277,-8.82690620422363,"Male"
"6018403",371836,2025-06-27 17:50:24,43.3524131774902,-8.82656478881836,"Male"
"6018403",371836,2025-06-27 17:55:19,43.3534507751465,-8.82351016998291,"Male"
"6018403",371836,2025-06-27 18:00:22,43.3540191650391,-8.82421875,"Male"
"6018403",371836,2025-06-27 18:05:42,43.3543434143066,-8.82477760314941,"Male"
"6018403",371836,2025-06-27 18:10:16,43.3557090759277,-8.83859157562256,"Male"
"6018403",371836,2025-06-27 18:15:17,43.3556213378906,-8.84518909454346,"Male"
"6018403",371836,2025-06-27 18:20:16,43.3608894348145,-8.84754753112793,"Male"
"6018403",371836,2025-06-27 18:25:18,43.3573684692383,-8.84515380859375,"Male"
"6018403",371836,2025-06-27 18:30:16,43.3575057983398,-8.8438777923584,"Male"
"6018403",371836,2025-06-27 18:35:18,43.3577995300293,-8.84431266784668,"Male"
"6018403",371836,2025-06-27 18:40:32,43.3575859069824,-8.84413433074951,"Male"
"6018403",371836,2025-06-27 18:45:36,43.3574752807617,-8.84391307830811,"Male"
"6018403",371836,2025-06-27 18:50:21,43.3576469421387,-8.84426212310791,"Male"
"6018403",371836,2025-06-27 18:55:35,43.3574752807617,-8.84390163421631,"Male"
"6018403",371836,2025-06-27 19:00:44,43.3576202392578,-8.84414768218994,"Male"
"6018403",371836,2025-06-27 19:05:35,43.3576316833496,-8.84417724609375,"Male"
"6018403",371836,2025-06-27 19:10:17,43.3574714660645,-8.84389686584473,"Male"
"6018403",371836,2025-06-27 19:15:18,43.357593536377,-8.84419536590576,"Male"
"6018403",371836,2025-06-27 19:20:21,43.3576393127441,-8.84412860870361,"Male"
"6018403",371836,2025-06-27 19:25:16,43.3576202392578,-8.84413242340088,"Male"
"6018403",371836,2025-06-27 19:30:19,43.3576354980469,-8.84415149688721,"Male"
"6018403",371836,2025-06-27 19:35:16,43.3576927185059,-8.84434795379639,"Male"
"6018403",371836,2025-06-27 19:40:21,43.3576507568359,-8.84386825561523,"Male"
"6018403",371836,2025-06-27 19:45:23,43.357723236084,-8.84398555755615,"Male"
"6018403",371836,2025-06-27 19:50:31,43.3576240539551,-8.84403896331787,"Male"
"6018403",371836,2025-06-27 19:55:17,43.3574180603027,-8.84383869171143,"Male"
"6018403",371836,2025-06-27 20:00:27,43.3576812744141,-8.84422779083252,"Male"
"6018403",371836,2025-06-27 20:05:21,43.3576583862305,-8.84432888031006,"Male"
"6018403",371836,2025-06-27 20:10:22,43.3575210571289,-8.84389781951904,"Male"
"6018403",371836,2025-06-27 20:15:19,43.3575325012207,-8.84410953521729,"Male"
"6018403",371836,2025-06-27 20:20:28,43.3604927062988,-8.84535789489746,"Male"
"6018403",371836,2025-06-27 20:25:18,43.3679618835449,-8.82814979553223,"Male"
"6018403",371836,2025-06-27 20:30:18,43.3689193725586,-8.82812786102295,"Male"
"6018403",371836,2025-06-27 20:35:22,43.378173828125,-8.83356952667236,"Male"
"6018403",371836,2025-06-27 20:40:21,43.3858489990234,-8.84259796142578,"Male"
"6018403",371836,2025-06-27 20:45:25,43.386775970459,-8.84606838226318,"Male"
"6018403",371836,2025-06-27 20:50:35,43.3866996765137,-8.84695243835449,"Male"
"6018403",371836,2025-06-27 20:55:15,43.3771934509277,-8.84891986846924,"Male"
"6018403",371836,2025-06-27 21:00:25,43.3575782775879,-8.84402179718018,"Male"
"6018403",371836,2025-06-27 21:05:22,43.3576240539551,-8.84399604797363,"Male"
"6018403",371836,2025-06-27 21:10:20,43.3576316833496,-8.84401607513428,"Male"
"6018403",371836,2025-06-27 21:15:16,43.3576316833496,-8.84408473968506,"Male"
"6018403",371836,2025-06-27 21:20:59,43.3575630187988,-8.84410858154297,"Male"
"6018403",371836,2025-06-27 21:25:21,43.3576240539551,-8.84411525726318,"Male"
"6018403",371836,2025-06-27 21:30:21,43.3575630187988,-8.84409236907959,"Male"
"6018403",371836,2025-06-27 21:35:17,43.357608795166,-8.84409618377686,"Male"
"6018403",371836,2025-06-27 21:40:16,43.3575820922852,-8.84407806396484,"Male"
"6018403",371836,2025-06-27 21:45:19,43.3575973510742,-8.84407138824463,"Male"
"6018403",371836,2025-06-27 21:50:21,43.3576126098633,-8.84408378601074,"Male"
"6018403",371836,2025-06-27 21:55:16,43.3576240539551,-8.84404277801514,"Male"
"6018403",371836,2025-06-27 22:00:16,43.3576049804688,-8.84416961669922,"Male"
"6018403",371836,2025-06-27 22:05:16,43.3575248718262,-8.84409809112549,"Male"
"6018403",371836,2025-06-27 22:10:17,43.3575286865234,-8.84414958953857,"Male"
"6018403",371836,2025-06-27 22:15:16,43.3575286865234,-8.84402847290039,"Male"
"6018403",371836,2025-06-27 22:20:16,43.3576049804688,-8.84403133392334,"Male"
"6018403",371836,2025-06-27 22:25:21,43.357307434082,-8.84400272369385,"Male"
"6018403",371836,2025-06-27 22:30:22,43.3576889038086,-8.8441047668457,"Male"
"6018403",371836,2025-06-27 22:35:19,43.3576774597168,-8.84404182434082,"Male"
"6018403",371836,2025-06-27 22:40:33,43.3575477600098,-8.84404850006104,"Male"
"6018403",371836,2025-06-27 22:45:15,43.3575553894043,-8.84408473968506,"Male"
"6018403",371836,2025-06-27 22:50:16,43.3575859069824,-8.84410762786865,"Male"
"6018403",371836,2025-06-27 22:55:16,43.3576049804688,-8.84414577484131,"Male"
"6018403",371836,2025-06-27 23:00:15,43.3575553894043,-8.84412956237793,"Male"
"6018403",371836,2025-06-27 23:05:15,43.3575592041016,-8.84415340423584,"Male"
"6018403",371836,2025-06-27 23:10:16,43.3575973510742,-8.84412002563477,"Male"
"6018403",371836,2025-06-27 23:15:15,43.357608795166,-8.84409809112549,"Male"
"6018403",371836,2025-06-27 23:20:16,43.3576049804688,-8.84399223327637,"Male"
"6018403",371836,2025-06-27 23:25:16,43.3575859069824,-8.84400653839111,"Male"
"6018403",371836,2025-06-27 23:30:21,43.3576316833496,-8.84400081634521,"Male"
"6018403",371836,2025-06-27 23:35:24,43.3576049804688,-8.84397315979004,"Male"
"6018403",371836,2025-06-27 23:40:17,43.3576431274414,-8.84407520294189,"Male"
"6018403",371836,2025-06-27 23:45:17,43.3575401306152,-8.84394264221191,"Male"
"6018403",371836,2025-06-27 23:50:18,43.3576049804688,-8.84419536590576,"Male"
"6018403",371836,2025-06-27 23:55:25,43.3576965332031,-8.84390068054199,"Male"
"6018403",371836,2025-06-28 00:00:16,43.3575744628906,-8.84392833709717,"Male"
"6018403",371836,2025-06-28 00:05:27,43.3577079772949,-8.84415721893311,"Male"
"6018403",371836,2025-06-28 00:10:16,43.3578033447266,-8.84400749206543,"Male"
"6018403",371836,2025-06-28 00:15:25,43.3577308654785,-8.84404373168945,"Male"
"6018403",371836,2025-06-28 00:20:15,43.3577537536621,-8.84395694732666,"Male"
"6018403",371836,2025-06-28 00:25:15,43.3576469421387,-8.84395694732666,"Male"
"6018403",371836,2025-06-28 00:30:15,43.3577117919922,-8.84404277801514,"Male"
"6018403",371836,2025-06-28 00:35:15,43.3577079772949,-8.84403419494629,"Male"
"6018403",371836,2025-06-28 00:40:18,43.357723236084,-8.84396457672119,"Male"
"6018403",371836,2025-06-28 00:45:44,43.3576049804688,-8.84411430358887,"Male"
"6018403",371836,2025-06-28 00:50:17,43.3575706481934,-8.84427070617676,"Male"
"6018403",371836,2025-06-28 00:55:18,43.3576774597168,-8.8440465927124,"Male"
"6018403",371836,2025-06-28 01:00:17,43.3576545715332,-8.84414196014404,"Male"
"6018403",371836,2025-06-28 01:05:19,43.3576240539551,-8.84409332275391,"Male"
"6018403",371836,2025-06-28 01:10:18,43.3576927185059,-8.84408950805664,"Male"
"6018403",371836,2025-06-28 01:15:22,43.3574333190918,-8.84390354156494,"Male"
"6018403",371836,2025-06-28 01:20:19,43.3576469421387,-8.84414100646973,"Male"
"6018403",371836,2025-06-28 01:25:19,43.3576507568359,-8.84408378601074,"Male"
"6018403",371836,2025-06-28 01:30:16,43.3577079772949,-8.84409332275391,"Male"
"6018403",371836,2025-06-28 01:35:15,43.3577690124512,-8.84428691864014,"Male"
"6018403",371836,2025-06-28 01:40:15,43.357723236084,-8.84419822692871,"Male"
"6018403",371836,2025-06-28 01:45:19,43.3577461242676,-8.84416103363037,"Male"
"6018403",371836,2025-06-28 01:50:23,43.358097076416,-8.84423160552979,"Male"
"6018403",371836,2025-06-28 01:55:21,43.3577156066895,-8.84400367736816,"Male"
"6018403",371836,2025-06-28 02:00:23,43.3578224182129,-8.84421730041504,"Male"
"6018403",371836,2025-06-28 02:05:35,43.3576354980469,-8.84415531158447,"Male"
"6018403",371836,2025-06-28 02:10:18,43.3576202392578,-8.84412956237793,"Male"
"6018403",371836,2025-06-28 02:15:16,43.3576202392578,-8.84415626525879,"Male"
"6018403",371836,2025-06-28 02:20:16,43.3575668334961,-8.84415531158447,"Male"
"6018403",371836,2025-06-28 02:25:15,43.357608795166,-8.84413623809814,"Male"
"6018403",371836,2025-06-28 02:30:16,43.3576126098633,-8.84408473968506,"Male"
"6018403",371836,2025-06-28 02:35:15,43.3576316833496,-8.84409141540527,"Male"
"6018403",371836,2025-06-28 02:40:23,43.3576393127441,-8.84409809112549,"Male"
"6018403",371836,2025-06-28 02:45:35,43.3576507568359,-8.84408664703369,"Male"
"6018403",371836,2025-06-28 02:50:18,43.3576011657715,-8.84410381317139,"Male"
"6018403",371836,2025-06-28 02:55:18,43.3578109741211,-8.84417057037354,"Male"
"6018403",371836,2025-06-28 03:00:24,43.3575439453125,-8.84419059753418,"Male"
"6018403",371836,2025-06-28 03:05:21,43.3575401306152,-8.84428024291992,"Male"
"6018403",371836,2025-06-28 03:10:21,43.3576545715332,-8.8441743850708,"Male"
"6018403",371836,2025-06-28 03:15:19,43.3576354980469,-8.84415721893311,"Male"
"6018403",371836,2025-06-28 03:20:19,43.3575477600098,-8.84423351287842,"Male"
"6018403",371836,2025-06-28 03:25:21,43.3574409484863,-8.84426403045654,"Male"
"6018403",371836,2025-06-28 03:30:27,43.3575248718262,-8.84419250488281,"Male"
"6018403",371836,2025-06-28 03:35:24,43.3575057983398,-8.84421920776367,"Male"
"6018403",371836,2025-06-28 03:40:30,43.3575668334961,-8.84419536590576,"Male"
"6018403",371836,2025-06-28 03:45:53,43.3576164245605,-8.84420013427734,"Male"
"6018403",371836,2025-06-28 03:50:18,43.3575134277344,-8.84425354003906,"Male"
"6018403",371836,2025-06-28 03:55:16,43.3575668334961,-8.84430408477783,"Male"
"6018403",371836,2025-06-28 04:00:16,43.3575897216797,-8.8442497253418,"Male"
"6018403",371836,2025-06-28 04:05:16,43.3575630187988,-8.84417819976807,"Male"
"6018403",371836,2025-06-28 04:10:15,43.3574981689453,-8.84411811828613,"Male"
"6018403",371836,2025-06-28 04:15:17,43.3575744628906,-8.84411430358887,"Male"
"6018403",371836,2025-06-28 04:20:18,43.357551574707,-8.84409427642822,"Male"
"6018403",371836,2025-06-28 04:25:18,43.357536315918,-8.84409427642822,"Male"
"6018403",371836,2025-06-28 04:30:15,43.3575325012207,-8.84407520294189,"Male"
"6018403",371836,2025-06-28 04:35:17,43.3655281066895,-8.83667850494385,"Male"
"6018403",371836,2025-06-28 04:40:18,43.3662414550781,-8.83720874786377,"Male"
"6018403",371836,2025-06-28 04:45:17,43.3668212890625,-8.83773994445801,"Male"
"6018403",371836,2025-06-28 04:50:21,43.3671951293945,-8.83884143829346,"Male"
"6018403",371836,2025-06-28 04:55:15,43.3661766052246,-8.83991241455078,"Male"
"6018403",371836,2025-06-28 05:00:22,43.3593406677246,-8.85743999481201,"Male"
"6018403",371836,2025-06-28 05:05:16,43.3598937988281,-8.84832286834717,"Male"
"6018403",371836,2025-06-28 05:10:18,43.3575744628906,-8.84395980834961,"Male"
"6018403",371836,2025-06-28 05:15:28,43.3575553894043,-8.84402275085449,"Male"
"6018403",371836,2025-06-28 05:20:35,43.3575668334961,-8.84406185150146,"Male"
"6018403",371836,2025-06-28 05:25:16,43.3576469421387,-8.84412956237793,"Male"
"6018403",371836,2025-06-28 05:30:16,43.3575744628906,-8.84413146972656,"Male"
"6018403",371836,2025-06-28 05:35:16,43.3575477600098,-8.84413528442383,"Male"
"6018403",371836,2025-06-28 05:40:17,43.3575553894043,-8.8440465927124,"Male"
"6018403",371836,2025-06-28 05:45:15,43.3575630187988,-8.84417533874512,"Male"
"6018403",371836,2025-06-28 05:50:17,43.3575477600098,-8.84403610229492,"Male"
"6018403",371836,2025-06-28 05:55:17,43.3577346801758,-8.84401416778564,"Male"
"6018403",371836,2025-06-28 06:00:19,43.3576049804688,-8.84409523010254,"Male"
"6018403",371836,2025-06-28 06:05:16,43.3575057983398,-8.8440580368042,"Male"
"6018403",371836,2025-06-28 06:10:18,43.3575897216797,-8.84408092498779,"Male"
"6018403",371836,2025-06-28 06:15:17,43.3576126098633,-8.84415054321289,"Male"
"6018403",371836,2025-06-28 06:20:18,43.3576545715332,-8.84406757354736,"Male"
"6018403",371836,2025-06-28 06:25:19,43.3575706481934,-8.84408378601074,"Male"
"6018403",371836,2025-06-28 06:30:17,43.3577003479004,-8.84421539306641,"Male"
"6018403",371836,2025-06-28 06:35:18,43.3575744628906,-8.84411334991455,"Male"
"6018403",371836,2025-06-28 06:40:18,43.3575630187988,-8.84382915496826,"Male"
"6018403",371836,2025-06-28 06:45:17,43.3576393127441,-8.84404373168945,"Male"
"6018403",371836,2025-06-28 06:50:19,43.3575134277344,-8.84399700164795,"Male"
"6018403",371836,2025-06-28 06:55:22,43.3575744628906,-8.84386730194092,"Male"
"6018403",371836,2025-06-28 07:00:24,43.3576469421387,-8.84400367736816,"Male"
"6018403",371836,2025-06-28 07:05:16,43.3576316833496,-8.84397983551025,"Male"
"6018403",371836,2025-06-28 07:10:16,43.3578338623047,-8.84393978118896,"Male"
"6018403",371836,2025-06-28 07:15:16,43.3576850891113,-8.84410572052002,"Male"
"6018403",371836,2025-06-28 07:20:16,43.3578147888184,-8.84413146972656,"Male"
"6018403",371836,2025-06-28 07:25:16,43.3577690124512,-8.84400081634521,"Male"
"6018403",371836,2025-06-28 07:30:16,43.3578224182129,-8.84385299682617,"Male"
"6018403",371836,2025-06-28 07:35:17,43.3577499389648,-8.84420204162598,"Male"
"6018403",371836,2025-06-28 07:40:18,43.3578834533691,-8.84396553039551,"Male"
"6018403",371836,2025-06-28 07:45:35,43.357593536377,-8.84445953369141,"Male"
"6018403",371836,2025-06-28 07:50:17,43.3576736450195,-8.84434986114502,"Male"
"6018403",371836,2025-06-28 07:55:17,43.3576316833496,-8.8439998626709,"Male"
"6018403",371836,2025-06-28 08:00:35,43.3576164245605,-8.84425735473633,"Male"
"6018403",371836,2025-06-28 08:05:15,43.3575477600098,-8.84415721893311,"Male"
"6018403",371836,2025-06-28 08:10:17,43.3576545715332,-8.8442211151123,"Male"
"6018403",371836,2025-06-28 08:15:15,43.3575782775879,-8.84419059753418,"Male"
"6018403",371836,2025-06-28 08:20:15,43.3576126098633,-8.84419631958008,"Male"
"6018403",371836,2025-06-28 08:25:15,43.357536315918,-8.84416007995605,"Male"
"6018403",371836,2025-06-28 08:30:22,43.3574485778809,-8.84408378601074,"Male"
"6018403",371836,2025-06-28 08:35:16,43.3575973510742,-8.84430599212646,"Male"
"6018403",371836,2025-06-28 08:40:17,43.3576393127441,-8.84428596496582,"Male"
"6018403",371836,2025-06-28 08:45:21,43.3576126098633,-8.8442964553833,"Male"
"6018403",371836,2025-06-28 08:50:22,43.3574485778809,-8.84418487548828,"Male"
"6018403",371836,2025-06-28 08:55:35,43.3575592041016,-8.84423446655273,"Male"
"6018403",371836,2025-06-28 09:00:16,43.357349395752,-8.84422206878662,"Male"
"6018403",371836,2025-06-28 09:05:16,43.3574867248535,-8.84424304962158,"Male"
"6018403",371836,2025-06-28 09:10:18,43.3579254150391,-8.84456825256348,"Male"
"6018403",371836,2025-06-28 09:15:17,43.3576583862305,-8.8443078994751,"Male"
"6018403",371836,2025-06-28 09:20:19,43.3576850891113,-8.84420108795166,"Male"
"6018403",371836,2025-06-28 09:25:18,43.3576698303223,-8.84434413909912,"Male"
"6018403",371836,2025-06-28 09:30:16,43.3577079772949,-8.84454822540283,"Male"
"6018403",371836,2025-06-28 09:35:16,43.3576927185059,-8.8443717956543,"Male"
"6018403",371836,2025-06-28 09:40:16,43.3576583862305,-8.84449481964111,"Male"
"6018403",371836,2025-06-28 09:45:22,43.3575019836426,-8.84413242340088,"Male"
"6018403",371836,2025-06-28 09:50:16,43.3492851257324,-8.84705066680908,"Male"
"6018403",371836,2025-06-28 09:55:17,43.3139915466309,-8.85662841796875,"Male"
"6018403",371836,2025-06-28 10:00:44,43.3139190673828,-8.85739803314209,"Male"
"6018403",371836,2025-06-28 10:05:24,43.3139495849609,-8.85733699798584,"Male"
"6018403",371836,2025-06-28 10:10:23,43.3140640258789,-8.85713672637939,"Male"
"6018403",371836,2025-06-28 10:15:17,43.314151763916,-8.85673713684082,"Male"
"6018403",371836,2025-06-28 10:20:16,43.3191528320312,-8.84755420684814,"Male"
"6018403",371836,2025-06-28 10:25:21,43.3277206420898,-8.84572887420654,"Male"
"6018403",371836,2025-06-28 10:30:16,43.3514976501465,-8.8427038192749,"Male"
"6018403",371836,2025-06-28 10:35:19,43.3575973510742,-8.84414196014404,"Male"
"6018403",371836,2025-06-28 10:40:23,43.357666015625,-8.84421920776367,"Male"
"6018403",371836,2025-06-28 10:45:19,43.357666015625,-8.84427261352539,"Male"
"6018403",371836,2025-06-28 10:50:34,43.3576431274414,-8.84417915344238,"Male"
"6018403",371836,2025-06-28 10:55:23,43.3576240539551,-8.84414672851562,"Male"
"6018403",371836,2025-06-28 11:00:25,43.357666015625,-8.84416675567627,"Male"
"6018403",371836,2025-06-28 11:05:26,43.3576316833496,-8.84415435791016,"Male"
"6018403",371836,2025-06-28 11:10:17,43.3576583862305,-8.84396266937256,"Male"
"6018403",371836,2025-06-28 11:16:40,43.3576354980469,-8.84419727325439,"Male"
"6018403",371836,2025-06-28 11:20:28,43.3576354980469,-8.84420871734619,"Male"
"6018403",371836,2025-06-28 11:25:29,43.3576431274414,-8.8441915512085,"Male"
"6018403",371836,2025-06-28 11:30:16,43.357738494873,-8.84404182434082,"Male"
"6018403",371836,2025-06-28 11:35:22,43.357593536377,-8.8442554473877,"Male"
"6018403",371836,2025-06-28 11:40:18,43.3577537536621,-8.84419918060303,"Male"
"6018403",371836,2025-06-28 11:45:16,43.3577423095703,-8.84413433074951,"Male"
"6018403",371836,2025-06-28 11:50:16,43.357852935791,-8.84412574768066,"Male"
"6018403",371836,2025-06-28 11:55:16,43.3577156066895,-8.844162940979,"Male"
"6018403",371836,2025-06-28 12:00:23,43.3577270507812,-8.8441219329834,"Male"
"6018403",371836,2025-06-28 12:05:21,43.3577079772949,-8.84406566619873,"Male"
"6018403",371836,2025-06-28 12:10:15,43.3577156066895,-8.84408378601074,"Male"
"6018403",371836,2025-06-28 12:15:19,43.3577461242676,-8.84402084350586,"Male"
"6018403",371836,2025-06-28 12:20:43,43.3576927185059,-8.84414958953857,"Male"
"6018403",371836,2025-06-28 12:25:16,43.3577537536621,-8.84415912628174,"Male"
"6018403",371836,2025-06-28 12:30:16,43.3578758239746,-8.84413909912109,"Male"
"6018403",371836,2025-06-28 12:35:18,43.3575019836426,-8.84416103363037,"Male"
"6018403",371836,2025-06-28 12:40:24,43.3573799133301,-8.84413528442383,"Male"
"6018403",371836,2025-06-28 12:45:53,43.3572845458984,-8.8441104888916,"Male"
"6018403",371836,2025-06-28 12:50:18,43.3570899963379,-8.84433364868164,"Male"
"6018403",371836,2025-06-28 12:55:19,43.3575325012207,-8.84414196014404,"Male"
"6018403",371836,2025-06-28 13:00:44,43.3575706481934,-8.84416389465332,"Male"
"6018403",371836,2025-06-28 13:05:15,43.3575248718262,-8.84405326843262,"Male"
"6018403",371836,2025-06-28 13:10:15,43.357593536377,-8.84421730041504,"Male"
"6018403",371836,2025-06-28 13:15:16,43.3575401306152,-8.84417152404785,"Male"
"6018403",371836,2025-06-28 13:20:16,43.357608795166,-8.84428310394287,"Male"
"6018403",371836,2025-06-28 13:25:15,43.3576164245605,-8.84422016143799,"Male"
"6018403",371836,2025-06-28 13:30:16,43.3575172424316,-8.84414386749268,"Male"
"6018403",371836,2025-06-28 13:35:16,43.3575439453125,-8.84413909912109,"Male"
"6018403",371836,2025-06-28 13:40:18,43.3576126098633,-8.84418296813965,"Male"
"6018403",371836,2025-06-28 13:45:16,43.3575820922852,-8.8441858291626,"Male"
"6018403",371836,2025-06-28 13:50:17,43.3575553894043,-8.84419727325439,"Male"
"6018403",371836,2025-06-28 13:55:17,43.3575706481934,-8.8442268371582,"Male"
"6018403",371836,2025-06-28 14:00:19,43.3576812744141,-8.84424304962158,"Male"
"6018403",371836,2025-06-28 14:05:33,43.357608795166,-8.8441219329834,"Male"
"6018403",371836,2025-06-28 14:10:16,43.3576850891113,-8.84415912628174,"Male"
"6018403",371836,2025-06-28 14:15:18,43.3573265075684,-8.84403705596924,"Male"
"6018403",371836,2025-06-28 14:20:16,43.3628005981445,-8.83697414398193,"Male"
"6018403",371836,2025-06-28 14:25:17,43.3628196716309,-8.8375825881958,"Male"
"6018403",371836,2025-06-28 14:30:16,43.3619689941406,-8.83401870727539,"Male"
"6018403",371836,2025-06-28 14:35:15,43.3630599975586,-8.83093070983887,"Male"
"6018403",371836,2025-06-28 14:40:16,43.3636703491211,-8.83153057098389,"Male"
"6018403",371836,2025-06-28 14:45:16,43.3603782653809,-8.84044170379639,"Male"
"6018403",371836,2025-06-28 14:50:23,43.3575172424316,-8.84409713745117,"Male"
"6018403",371836,2025-06-28 14:55:16,43.3576164245605,-8.84416770935059,"Male"
"6018403",371836,2025-06-28 15:00:23,43.3575134277344,-8.84417629241943,"Male"
"6018403",371836,2025-06-28 15:05:24,43.3575248718262,-8.84412288665771,"Male"
"6018403",371836,2025-06-28 15:10:25,43.3583602905273,-8.84472370147705,"Male"
"6018403",371836,2025-06-28 15:15:24,43.3578414916992,-8.84429454803467,"Male"
"6018403",371836,2025-06-28 15:20:35,43.3576202392578,-8.84404182434082,"Male"
"6018403",371836,2025-06-28 15:25:16,43.3576698303223,-8.84406089782715,"Male"
"6018403",371836,2025-06-28 15:30:16,43.357666015625,-8.84417152404785,"Male"
"6018403",371836,2025-06-28 15:35:18,43.3576354980469,-8.84423446655273,"Male"
"6018403",371836,2025-06-28 15:40:16,43.3577499389648,-8.84420871734619,"Male"
"6018403",371836,2025-06-28 15:45:18,43.3576545715332,-8.84427261352539,"Male"
"6018403",371836,2025-06-28 15:50:21,43.3576354980469,-8.84408664703369,"Male"
"6018403",371836,2025-06-28 15:55:17,43.3575668334961,-8.84419345855713,"Male"
"6018403",371836,2025-06-28 16:00:23,43.3575820922852,-8.84415340423584,"Male"
"6018403",371836,2025-06-28 16:05:16,43.3576736450195,-8.84432888031006,"Male"
"6018403",371836,2025-06-28 16:10:27,43.3576431274414,-8.84405994415283,"Male"
"6018403",371836,2025-06-28 16:15:21,43.3575897216797,-8.84416961669922,"Male"
"6018403",371836,2025-06-28 16:20:23,43.3576316833496,-8.84418773651123,"Male"
"6018403",371836,2025-06-28 16:25:20,43.357608795166,-8.84407424926758,"Male"
"6018403",371836,2025-06-28 16:30:23,43.3576049804688,-8.84408950805664,"Male"
"6018403",371836,2025-06-28 16:35:27,43.3576622009277,-8.84428977966309,"Male"
"6018403",371836,2025-06-28 16:40:25,43.3576316833496,-8.84416961669922,"Male"
"6018403",371836,2025-06-28 16:45:27,43.3576622009277,-8.84415435791016,"Male"
"6018403",371836,2025-06-28 16:50:30,43.3576583862305,-8.8441915512085,"Male"
"6018403",371836,2025-06-28 16:55:26,43.3576431274414,-8.8441858291626,"Male"
"6018403",371836,2025-06-28 17:00:30,43.3576850891113,-8.84402942657471,"Male"
"6018403",371836,2025-06-28 17:05:35,43.357666015625,-8.8441915512085,"Male"
"6018403",371836,2025-06-28 17:10:25,43.3576240539551,-8.84421920776367,"Male"
"6018403",371836,2025-06-28 17:15:24,43.3576507568359,-8.84422016143799,"Male"
"6018403",371836,2025-06-28 17:20:25,43.3590240478516,-8.84965705871582,"Male"
"6018403",371836,2025-06-28 17:25:19,43.3300552368164,-8.84878253936768,"Male"
"6018403",371836,2025-06-28 17:30:25,43.3138885498047,-8.85715484619141,"Male"
"6018403",371836,2025-06-28 17:35:25,43.3188095092773,-8.85473155975342,"Male"
"6018403",371836,2025-06-28 17:40:18,43.3305244445801,-8.84647369384766,"Male"
"6018403",371836,2025-06-28 17:45:26,43.3526077270508,-8.85264110565186,"Male"
"6018403",371836,2025-06-28 17:50:31,43.3574829101562,-8.8439998626709,"Male"
"6018403",371836,2025-06-28 17:55:35,43.3575630187988,-8.84417819976807,"Male"
"6018403",371836,2025-06-28 18:00:22,43.3577270507812,-8.84440994262695,"Male"
"6018403",371836,2025-06-28 18:05:26,43.3575897216797,-8.84416961669922,"Male"
"6018403",371836,2025-06-28 18:10:17,43.3576850891113,-8.84431648254395,"Male"
"6018403",371836,2025-06-28 18:15:19,43.3576812744141,-8.84433650970459,"Male"
"6018403",371836,2025-06-28 18:20:18,43.3576316833496,-8.84420013427734,"Male"
"6018403",371836,2025-06-28 18:25:21,43.3577613830566,-8.84436702728271,"Male"
"6018403",371836,2025-06-28 18:30:25,43.3576202392578,-8.84419822692871,"Male"
"6018403",371836,2025-06-28 18:35:25,43.3576278686523,-8.84415817260742,"Male"
"6018403",371836,2025-06-28 18:40:28,43.3576278686523,-8.84420013427734,"Male"
"6018403",371836,2025-06-28 18:45:25,43.3575973510742,-8.84411525726318,"Male"
"6018403",371836,2025-06-28 18:50:35,43.3575668334961,-8.84415721893311,"Male"
"6018403",371836,2025-06-28 18:55:18,43.3575134277344,-8.84414863586426,"Male"
"6018403",371836,2025-06-28 19:00:17,43.357666015625,-8.8442554473877,"Male"
"6018403",371836,2025-06-28 19:05:17,43.3575744628906,-8.84508228302002,"Male"
"6018403",371836,2025-06-28 19:10:17,43.3614234924316,-8.81599617004395,"Male"
"6018403",371836,2025-06-28 19:15:17,43.3554878234863,-8.77133560180664,"Male"
"6018403",371836,2025-06-28 19:20:17,43.3477783203125,-8.72406387329102,"Male"
"6018403",371836,2025-06-28 19:25:16,43.3420944213867,-8.69861316680908,"Male"
"6018403",371836,2025-06-28 19:30:17,43.3377380371094,-8.73185539245605,"Male"
"6018403",371836,2025-06-28 19:35:16,43.3401298522949,-8.76717853546143,"Male"
"6018403",371836,2025-06-28 19:40:17,43.3403091430664,-8.80313777923584,"Male"
"6018403",371836,2025-06-28 19:45:16,43.3513145446777,-8.83383083343506,"Male"
"6018403",371836,2025-06-28 19:50:18,43.3575248718262,-8.84414196014404,"Male"
"6018403",371836,2025-06-28 19:55:16,43.3575019836426,-8.84427452087402,"Male"
"6018403",371836,2025-06-28 20:00:20,43.3575096130371,-8.84416580200195,"Male"
"6018403",371836,2025-06-28 20:05:18,43.3575782775879,-8.84411525726318,"Male"
"6018403",371836,2025-06-28 20:10:24,43.3575897216797,-8.84413146972656,"Male"
"6018403",371836,2025-06-28 20:15:20,43.3575706481934,-8.844162940979,"Male"
"6018403",371836,2025-06-28 20:20:16,43.3575592041016,-8.84414863586426,"Male"
"6018403",371836,2025-06-28 20:25:18,43.3576011657715,-8.84417533874512,"Male"
"6018403",371836,2025-06-28 20:30:19,43.3575401306152,-8.84411811828613,"Male"
"6018403",371836,2025-06-28 20:35:16,43.3575592041016,-8.8441801071167,"Male"
"6018403",371836,2025-06-28 20:40:19,43.3575668334961,-8.84415149688721,"Male"
"6018403",371836,2025-06-28 20:45:22,43.3576469421387,-8.8442211151123,"Male"
"6018403",371836,2025-06-28 20:50:22,43.3576736450195,-8.8442964553833,"Male"
"6018403",371836,2025-06-28 20:55:16,43.357738494873,-8.84435558319092,"Male"
"6018403",371836,2025-06-28 21:00:25,43.3575210571289,-8.8440990447998,"Male"
"6018403",371836,2025-06-28 21:05:22,43.3575134277344,-8.84404563903809,"Male"
"6018403",371836,2025-06-28 21:10:35,43.3575439453125,-8.84406566619873,"Male"
"6018403",371836,2025-06-28 21:15:27,43.3575439453125,-8.84404373168945,"Male"
"6018403",371836,2025-06-28 21:20:16,43.3575286865234,-8.84403133392334,"Male"
"6018403",371836,2025-06-28 21:25:18,43.3634643554688,-8.83707332611084,"Male"
"6018403",371836,2025-06-28 21:30:18,43.3641052246094,-8.822434425354,"Male"
"6018403",371836,2025-06-28 21:35:16,43.3645210266113,-8.8226842880249,"Male"
"6018403",371836,2025-06-28 21:40:16,43.353328704834,-8.82609844207764,"Male"
"6018403",371836,2025-06-28 21:45:17,43.3575325012207,-8.8439245223999,"Male"
"6018403",371836,2025-06-28 21:50:18,43.3575401306152,-8.84400653839111,"Male"
"6018403",371836,2025-06-28 21:55:17,43.3575477600098,-8.8441801071167,"Male"
"6018403",371836,2025-06-28 22:00:16,43.3576126098633,-8.84382343292236,"Male"
"6018403",371836,2025-06-28 22:05:16,43.3575592041016,-8.84395217895508,"Male"
"6018403",371836,2025-06-28 22:10:35,43.3575630187988,-8.84407138824463,"Male"
"6018403",371836,2025-06-28 22:15:16,43.3575553894043,-8.84401988983154,"Male"
"6018403",371836,2025-06-28 22:20:16,43.3574981689453,-8.84416103363037,"Male"
"6018403",371836,2025-06-28 22:25:16,43.357593536377,-8.84408760070801,"Male"
"6018403",371836,2025-06-28 22:30:16,43.3575172424316,-8.84408092498779,"Male"
"6018403",371836,2025-06-28 22:35:18,43.3575401306152,-8.84414482116699,"Male"
"6018403",371836,2025-06-28 22:40:16,43.3576049804688,-8.84407520294189,"Male"
"6018403",371836,2025-06-28 22:45:16,43.3575172424316,-8.84404182434082,"Male"
"6018403",371836,2025-06-28 22:50:16,43.3575859069824,-8.84409332275391,"Male"
"6018403",371836,2025-06-28 22:55:16,43.357608795166,-8.84410762786865,"Male"
"6018403",371836,2025-06-28 23:00:16,43.3575477600098,-8.84403324127197,"Male"
"6018403",371836,2025-06-28 23:05:16,43.3575172424316,-8.844069480896,"Male"
"6018403",371836,2025-06-28 23:10:16,43.3575668334961,-8.84411239624023,"Male"
"6018403",371836,2025-06-28 23:15:16,43.357593536377,-8.84405612945557,"Male"
"6018403",371836,2025-06-28 23:20:16,43.3577156066895,-8.84419822692871,"Male"
"6018403",371836,2025-06-28 23:25:17,43.3575134277344,-8.84412288665771,"Male"
"6018403",371836,2025-06-28 23:30:19,43.357551574707,-8.84414958953857,"Male"
"6018403",371836,2025-06-28 23:35:35,43.3576965332031,-8.84422492980957,"Male"
"6018403",371836,2025-06-28 23:40:20,43.3578567504883,-8.84436893463135,"Male"
"6018403",371836,2025-06-28 23:45:22,43.3577308654785,-8.84423160552979,"Male"
"6018403",371836,2025-06-28 23:50:28,43.3573570251465,-8.84380054473877,"Male"
"6018403",371836,2025-06-28 23:55:26,43.3575744628906,-8.84406280517578,"Male"
"6018403",371836,2025-06-29 00:00:35,43.3575897216797,-8.84410381317139,"Male"
"6018403",371836,2025-06-29 00:05:16,43.3576927185059,-8.84416675567627,"Male"
"6018403",371836,2025-06-29 00:10:16,43.3575859069824,-8.84409618377686,"Male"
"6018403",371836,2025-06-29 00:15:19,43.3576354980469,-8.84408092498779,"Male"
"6018403",371836,2025-06-29 00:20:16,43.3576850891113,-8.84410762786865,"Male"
"6018403",371836,2025-06-29 00:25:44,43.357608795166,-8.84408283233643,"Male"
"6018403",371836,2025-06-29 00:30:16,43.3576354980469,-8.84402275085449,"Male"
"6018403",371836,2025-06-29 00:35:16,43.357551574707,-8.84404945373535,"Male"
"6018403",371836,2025-06-29 00:40:16,43.3577003479004,-8.84407615661621,"Male"
"6018403",371836,2025-06-29 00:45:44,43.3576354980469,-8.84405136108398,"Male"
"6018403",371836,2025-06-29 00:50:16,43.3576583862305,-8.84401988983154,"Male"
"6018403",371836,2025-06-29 00:55:16,43.3576583862305,-8.84406471252441,"Male"
"6018403",371836,2025-06-29 01:00:17,43.3576202392578,-8.84408760070801,"Male"
"6018403",371836,2025-06-29 01:05:17,43.3574676513672,-8.84419631958008,"Male"
"6018403",371836,2025-06-29 01:10:16,43.3574371337891,-8.84404277801514,"Male"
"6018403",371836,2025-06-29 01:15:17,43.3577156066895,-8.8441047668457,"Male"
"6018403",371836,2025-06-29 01:20:16,43.3577690124512,-8.84419631958008,"Male"
"6018403",371836,2025-06-29 01:25:17,43.3576622009277,-8.8441333770752,"Male"
"6018403",371836,2025-06-29 01:30:35,43.3576545715332,-8.84412384033203,"Male"
"6018403",371836,2025-06-29 01:35:18,43.357593536377,-8.84414482116699,"Male"
"6018403",371836,2025-06-29 01:40:19,43.3575782775879,-8.84408092498779,"Male"
"6018403",371836,2025-06-29 01:45:19,43.3576774597168,-8.8441801071167,"Male"
"6018403",371836,2025-06-29 01:50:23,43.357421875,-8.8443078994751,"Male"
"6018403",371836,2025-06-29 01:55:25,43.357608795166,-8.84413909912109,"Male"
"6018403",371836,2025-06-29 02:00:36,43.3576011657715,-8.84415721893311,"Male"
"6018403",371836,2025-06-29 02:05:17,43.3575859069824,-8.84412384033203,"Male"
"6018403",371836,2025-06-29 02:10:18,43.3576126098633,-8.84412479400635,"Male"
"6018403",371836,2025-06-29 02:15:17,43.3576202392578,-8.84406185150146,"Male"
"6018403",371836,2025-06-29 02:20:17,43.3575401306152,-8.84416484832764,"Male"
"6018403",371836,2025-06-29 02:25:18,43.3575325012207,-8.84414482116699,"Male"
"6018403",371836,2025-06-29 02:30:19,43.3574829101562,-8.84399223327637,"Male"
"6018403",371836,2025-06-29 02:35:17,43.3575782775879,-8.84405994415283,"Male"
"6018403",371836,2025-06-29 02:40:19,43.3575668334961,-8.84410190582275,"Male"
"6018403",371836,2025-06-29 02:45:23,43.3576278686523,-8.84411525726318,"Male"
"6018403",371836,2025-06-29 02:50:19,43.3576049804688,-8.84406852722168,"Male"
"6018403",371836,2025-06-29 02:55:20,43.3576126098633,-8.84412956237793,"Male"
"6018403",371836,2025-06-29 03:00:22,43.3575973510742,-8.8440990447998,"Male"
"6018403",371836,2025-06-29 03:05:22,43.3575897216797,-8.84406852722168,"Male"
"6018403",371836,2025-06-29 03:10:22,43.3576469421387,-8.8440523147583,"Male"
"6018403",371836,2025-06-29 03:15:16,43.3579444885254,-8.84432220458984,"Male"
"6018403",371836,2025-06-29 03:20:19,43.3576240539551,-8.84406566619873,"Male"
"6018403",371836,2025-06-29 03:25:20,43.3576507568359,-8.84413146972656,"Male"
"6018403",371836,2025-06-29 03:30:17,43.3576889038086,-8.84417629241943,"Male"
"6018403",371836,2025-06-29 03:35:22,43.3576622009277,-8.8441686630249,"Male"
"6018403",371836,2025-06-29 03:40:17,43.3576354980469,-8.84410667419434,"Male"
"6018403",371836,2025-06-29 03:45:24,43.3576431274414,-8.84424209594727,"Male"
"6018403",371836,2025-06-29 03:50:22,43.3576202392578,-8.84429740905762,"Male"
"6018403",371836,2025-06-29 03:55:34,43.3575477600098,-8.84410858154297,"Male"
"6018403",371836,2025-06-29 04:00:19,43.3575897216797,-8.84414958953857,"Male"
"6018403",371836,2025-06-29 04:05:35,43.3575973510742,-8.84414577484131,"Male"
"6018403",371836,2025-06-29 04:10:19,43.3576164245605,-8.84416675567627,"Male"
"6018403",371836,2025-06-29 04:15:18,43.3576622009277,-8.84423160552979,"Male"
"6018403",371836,2025-06-29 04:20:19,43.3576583862305,-8.84416770935059,"Male"
"6018403",371836,2025-06-29 04:25:18,43.3576164245605,-8.8441858291626,"Male"
"6018403",371836,2025-06-29 04:30:19,43.3602485656738,-8.85288524627686,"Male"
"6018403",371836,2025-06-29 04:35:16,43.3615379333496,-8.84915542602539,"Male"
"6018403",371836,2025-06-29 04:40:17,43.3681526184082,-8.83097076416016,"Male"
"6018403",371836,2025-06-29 04:45:20,43.3678550720215,-8.83175182342529,"Male"
"6018403",371836,2025-06-29 04:50:16,43.3677062988281,-8.83293914794922,"Male"
"6018403",371836,2025-06-29 04:55:23,43.3673248291016,-8.83362293243408,"Male"
"6018403",371836,2025-06-29 05:00:22,43.3672485351562,-8.83525848388672,"Male"
"6018403",371836,2025-06-29 05:05:26,43.367317199707,-8.83632183074951,"Male"
"6018403",371836,2025-06-29 05:10:16,43.3573265075684,-8.84371185302734,"Male"
"6018403",371836,2025-06-29 05:15:26,43.3575172424316,-8.84404468536377,"Male"
"6018403",371836,2025-06-29 05:20:53,43.3575439453125,-8.84416389465332,"Male"
"6018403",371836,2025-06-29 05:25:17,43.3575248718262,-8.84409332275391,"Male"
"6018403",371836,2025-06-29 05:30:17,43.3575592041016,-8.8441686630249,"Male"
"6018403",371836,2025-06-29 05:35:17,43.3575897216797,-8.84404277801514,"Male"
"6018403",371836,2025-06-29 05:40:19,43.3575439453125,-8.84405899047852,"Male"
"6018403",371836,2025-06-29 05:45:17,43.3575668334961,-8.84414291381836,"Male"
"6018403",371836,2025-06-29 05:50:16,43.3577423095703,-8.84412670135498,"Male"
"6018403",371836,2025-06-29 05:55:24,43.3574867248535,-8.84414386749268,"Male"
"6018403",371836,2025-06-29 06:00:35,43.3576316833496,-8.8441743850708,"Male"
"6018403",371836,2025-06-29 06:05:17,43.357593536377,-8.84420776367188,"Male"
"6018403",371836,2025-06-29 06:10:20,43.3575248718262,-8.84413528442383,"Male"
"6018403",371836,2025-06-29 06:15:19,43.3576316833496,-8.84416484832764,"Male"
"6018403",371836,2025-06-29 06:20:18,43.3576698303223,-8.84423446655273,"Male"
"6018403",371836,2025-06-29 06:25:20,43.3577308654785,-8.8442964553833,"Male"
"6018403",371836,2025-06-29 06:30:18,43.3576507568359,-8.84435081481934,"Male"
"6018403",371836,2025-06-29 06:35:19,43.3576889038086,-8.84416007995605,"Male"
"6018403",371836,2025-06-29 06:40:16,43.3576583862305,-8.84427833557129,"Male"
"6018403",371836,2025-06-29 06:45:22,43.3575477600098,-8.84400939941406,"Male"
"6018403",371836,2025-06-29 06:50:19,43.3576507568359,-8.84417629241943,"Male"
"6018403",371836,2025-06-29 06:55:44,43.3576393127441,-8.84410762786865,"Male"
"6018403",371836,2025-06-29 07:00:19,43.3576736450195,-8.84418773651123,"Male"
"6018403",371836,2025-06-29 07:05:20,43.3575248718262,-8.84413623809814,"Male"
"6018403",371836,2025-06-29 07:10:20,43.3576393127441,-8.84424209594727,"Male"
"6018403",371836,2025-06-29 07:15:19,43.3577346801758,-8.84425830841064,"Male"
"6018403",371836,2025-06-29 07:20:25,43.3576164245605,-8.84422874450684,"Male"
"6018403",371836,2025-06-29 07:25:25,43.3576393127441,-8.844162940979,"Male"
"6018403",371836,2025-06-29 07:30:25,43.3577079772949,-8.84438037872314,"Male"
"6018403",371836,2025-06-29 07:35:25,43.3577423095703,-8.84447383880615,"Male"
"6018403",371836,2025-06-29 07:40:25,43.3578300476074,-8.84452629089355,"Male"
"6018403",371836,2025-06-29 07:45:44,43.3578071594238,-8.84471321105957,"Male"
"6018403",371836,2025-06-29 07:50:38,43.357536315918,-8.84413528442383,"Male"
"6018403",371836,2025-06-29 07:55:22,43.3575286865234,-8.84405136108398,"Male"
"6018403",371836,2025-06-29 08:00:35,43.3575286865234,-8.84407138824463,"Male"
"6018403",371836,2025-06-29 08:05:53,43.3560447692871,-8.85672855377197,"Male"
"6018403",371836,2025-06-29 08:10:16,43.3582000732422,-8.84622669219971,"Male"
"6018403",371836,2025-06-29 08:15:22,43.3576354980469,-8.84409141540527,"Male"
"6018403",371836,2025-06-29 08:20:19,43.3575553894043,-8.84421062469482,"Male"
"6018403",371836,2025-06-29 08:25:24,43.3576049804688,-8.84410858154297,"Male"
"6018403",371836,2025-06-29 08:30:16,43.357593536377,-8.84422016143799,"Male"
"6018403",371836,2025-06-29 08:35:23,43.3575897216797,-8.84412097930908,"Male"
"6018403",371836,2025-06-29 08:40:27,43.3575172424316,-8.84414196014404,"Male"
"6018403",371836,2025-06-29 08:45:18,43.3576202392578,-8.84412384033203,"Male"
"6018403",371836,2025-06-29 08:50:24,43.3576583862305,-8.84423351287842,"Male"
"6018403",371836,2025-06-29 08:55:22,43.3576202392578,-8.84418106079102,"Male"
"6018403",371836,2025-06-29 09:00:19,43.3575096130371,-8.8439769744873,"Male"
"6018403",371836,2025-06-29 09:05:25,43.3576049804688,-8.84414768218994,"Male"
"6018403",371836,2025-06-29 09:10:26,43.3575897216797,-8.84414577484131,"Male"
"6018403",371836,2025-06-29 09:15:18,43.3577499389648,-8.84436988830566,"Male"
"6018403",371836,2025-06-29 09:20:29,43.3576278686523,-8.84415149688721,"Male"
"6018403",371836,2025-06-29 09:25:28,43.3576850891113,-8.8441219329834,"Male"
"6018403",371836,2025-06-29 09:30:22,43.3576622009277,-8.84418773651123,"Male"
"6018403",371836,2025-06-29 09:35:25,43.3576545715332,-8.84418201446533,"Male"
"6018403",371836,2025-06-29 09:40:25,43.3577690124512,-8.84419059753418,"Male"
"6018403",371836,2025-06-29 09:45:26,43.3575592041016,-8.84418296813965,"Male"
"6018403",371836,2025-06-29 09:50:27,43.3576545715332,-8.84422969818115,"Male"
"6018403",371836,2025-06-29 09:55:27,43.3576164245605,-8.84424114227295,"Male"
"6018403",371836,2025-06-29 10:00:28,43.3576164245605,-8.84424495697021,"Male"
"6018403",371836,2025-06-29 10:05:35,43.3576431274414,-8.84421825408936,"Male"
"6018403",371836,2025-06-29 10:10:16,43.3575820922852,-8.84411907196045,"Male"
"6018403",371836,2025-06-29 10:15:16,43.3576545715332,-8.84417629241943,"Male"
"6018403",371836,2025-06-29 10:20:16,43.3576927185059,-8.84413433074951,"Male"
"6018403",371836,2025-06-29 10:25:16,43.3576202392578,-8.84418201446533,"Male"
"6018403",371836,2025-06-29 10:30:17,43.3576507568359,-8.8441276550293,"Male"
"6018403",371836,2025-06-29 10:35:16,43.3576889038086,-8.84418392181396,"Male"
"6018403",371836,2025-06-29 10:40:17,43.3576354980469,-8.84421730041504,"Male"
"6018403",371836,2025-06-29 10:45:17,43.3576278686523,-8.8440990447998,"Male"
"6018403",371836,2025-06-29 10:50:16,43.3556709289551,-8.8461275100708,"Male"
"6018403",371836,2025-06-29 10:55:16,43.3635215759277,-8.88535308837891,"Male"
"6018403",371836,2025-06-29 11:00:16,43.3699493408203,-8.93266677856445,"Male"
"6018403",371836,2025-06-29 11:05:16,43.3747177124023,-8.9808521270752,"Male"
"6018403",371836,2025-06-29 11:10:18,43.383903503418,-9.01642322540283,"Male"
"6018403",371836,2025-06-29 11:15:17,43.3950996398926,-9.05215454101562,"Male"
"6018403",371836,2025-06-29 11:20:16,43.4147300720215,-9.07334518432617,"Male"
"6018403",371836,2025-06-29 11:25:17,43.4248657226562,-9.08463191986084,"Male"
"6018403",371836,2025-06-29 11:30:17,43.4463653564453,-9.08234691619873,"Male"
"6018403",371836,2025-06-29 11:35:17,43.4655532836914,-9.07311725616455,"Male"
"6018403",371836,2025-06-29 11:40:17,43.4812927246094,-9.05737495422363,"Male"
"6018403",371836,2025-06-29 11:45:17,43.500301361084,-9.04429912567139,"Male"
"6018403",371836,2025-06-29 11:50:17,43.5171852111816,-9.02839374542236,"Male"
"6018403",371836,2025-06-29 11:55:18,43.5354385375977,-9.01378440856934,"Male"
"6018403",371836,2025-06-29 12:00:34,43.5540199279785,-8.99759197235107,"Male"
"6018403",371836,2025-06-29 12:05:17,43.5708465576172,-8.98250198364258,"Male"
"6018403",371836,2025-06-29 12:10:17,43.5868492126465,-8.96358299255371,"Male"
"6018403",371836,2025-06-29 12:15:17,43.6012802124023,-8.94405937194824,"Male"
"6018403",371836,2025-06-29 12:20:16,43.6136665344238,-8.92012214660645,"Male"
"6018403",371836,2025-06-29 12:26:22,43.6204147338867,-8.90176963806152,"Male"
"6018403",371836,2025-06-29 12:30:22,43.6260643005371,-8.87971019744873,"Male"
"6018403",371836,2025-06-29 12:35:17,43.6312446594238,-8.85373783111572,"Male"
"6018403",371836,2025-06-29 12:40:18,43.6206092834473,-8.83399200439453,"Male"
"6018403",371836,2025-06-29 12:45:44,43.615894317627,-8.82721614837646,"Male"
"6018403",371836,2025-06-29 12:50:25,43.6111488342285,-8.86117553710938,"Male"
"6018403",371836,2025-06-29 12:55:25,43.6147994995117,-8.89914417266846,"Male"
"6018403",371836,2025-06-29 13:00:25,43.578540802002,-8.91964530944824,"Male"
"6018403",371836,2025-06-29 13:05:45,43.5426254272461,-8.91969013214111,"Male"
"6018403",371836,2025-06-29 13:10:17,43.5224685668945,-8.90211200714111,"Male"
"6018403",371836,2025-06-29 13:15:20,43.491024017334,-8.89603900909424,"Male"
"6018403",371836,2025-06-29 13:20:16,43.4531784057617,-8.89875888824463,"Male"
"6018403",371836,2025-06-29 13:25:24,43.4517974853516,-8.89819812774658,"Male"
"6018403",371836,2025-06-29 13:30:27,43.4496192932129,-8.89740562438965,"Male"
"6018403",371836,2025-06-29 13:35:31,43.449146270752,-8.89965438842773,"Male"
"6018403",371836,2025-06-29 13:40:25,43.4460411071777,-8.90243625640869,"Male"
"6018403",371836,2025-06-29 13:45:35,43.4453125,-8.90365982055664,"Male"
"6018403",371836,2025-06-29 13:50:16,43.4405708312988,-8.9038782119751,"Male"
"6018403",371836,2025-06-29 13:55:16,43.4050025939941,-8.91431045532227,"Male"
"6018403",371836,2025-06-29 14:00:43,43.371337890625,-8.9224910736084,"Male"
"6018403",371836,2025-06-29 14:05:33,43.3691177368164,-8.92294883728027,"Male"
"6018403",371836,2025-06-29 14:10:17,43.3682861328125,-8.9232931137085,"Male"
"6018403",371836,2025-06-29 14:15:19,43.3586921691895,-8.9257173538208,"Male"
"6018403",371836,2025-06-29 14:20:17,43.3464813232422,-8.91178512573242,"Male"
"6018403",371836,2025-06-29 14:25:16,43.3539886474609,-8.87498092651367,"Male"
"6018403",371836,2025-06-29 14:30:22,43.3576965332031,-8.84425258636475,"Male"
"6018403",371836,2025-06-29 14:35:20,43.3577880859375,-8.84433460235596,"Male"
"6018403",371836,2025-06-29 14:40:44,43.3574905395508,-8.8441276550293,"Male"
"6018403",371836,2025-06-29 14:45:59,43.3575401306152,-8.84408283233643,"Male"
"6018403",371836,2025-06-29 14:50:18,43.357780456543,-8.84422302246094,"Male"
"6018403",371836,2025-06-29 14:55:18,43.357494354248,-8.84406089782715,"Male"
"6018403",371836,2025-06-29 15:00:19,43.3561401367188,-8.83411693572998,"Male"
"6018403",371836,2025-06-29 15:05:16,43.3560066223145,-8.8339147567749,"Male"
"6018403",371836,2025-06-29 15:10:17,43.3516120910645,-8.826171875,"Male"
"6018403",371836,2025-06-29 15:15:19,43.3181381225586,-8.8060827255249,"Male"
"6018403",371836,2025-06-29 15:20:19,43.2962265014648,-8.80397319793701,"Male"
"6018403",371836,2025-06-29 15:25:35,43.2759857177734,-8.77545166015625,"Male"
"6018403",371836,2025-06-29 15:30:19,43.256046295166,-8.75772094726562,"Male"
"6018403",371836,2025-06-29 15:35:34,43.2560119628906,-8.75683879852295,"Male"
"6018403",371836,2025-06-29 15:40:40,43.2558326721191,-8.75682163238525,"Male"
"6018403",371836,2025-06-29 15:45:16,43.2532119750977,-8.755934715271,"Male"
"6018403",371836,2025-06-29 15:50:18,43.2416725158691,-8.71727657318115,"Male"
"6018403",371836,2025-06-29 15:55:19,43.2338562011719,-8.67515850067139,"Male"
"6018403",371836,2025-06-29 16:00:25,43.2351760864258,-8.64976692199707,"Male"
"6018403",371836,2025-06-29 16:05:18,43.2266387939453,-8.62479877471924,"Male"
"6018403",371836,2025-06-29 16:10:35,43.2018775939941,-8.60010242462158,"Male"
"6018403",371836,2025-06-29 16:15:17,43.186939239502,-8.57969093322754,"Male"
"6018403",371836,2025-06-29 16:20:17,43.1740264892578,-8.5630989074707,"Male"
"6018403",371836,2025-06-29 16:25:16,43.1597099304199,-8.53794193267822,"Male"
"6018403",371836,2025-06-29 16:30:17,43.1388778686523,-8.49115943908691,"Male"
"6018403",371836,2025-06-29 16:35:17,43.1308364868164,-8.47128582000732,"Male"
"6018403",371836,2025-06-29 16:40:17,43.1305923461914,-8.47191047668457,"Male"
"6018403",371836,2025-06-29 16:45:16,43.1301498413086,-8.47012329101562,"Male"
"6018403",371836,2025-06-29 16:50:17,43.1299591064453,-8.47025012969971,"Male"
"6018403",371836,2025-06-29 16:55:20,43.1303749084473,-8.47208786010742,"Male"
"6018403",371836,2025-06-29 17:00:17,43.1325721740723,-8.46973419189453,"Male"
"6018403",371836,2025-06-29 17:05:17,43.1299896240234,-8.47193336486816,"Male"
"6018403",371836,2025-06-29 17:10:16,43.1218414306641,-8.48793983459473,"Male"
"6018403",371836,2025-06-29 17:15:16,43.0992088317871,-8.49703121185303,"Male"
"6018403",371836,2025-06-29 17:20:18,43.1078414916992,-8.501051902771,"Male"
"6018403",371836,2025-06-29 17:25:16,43.1200866699219,-8.51690864562988,"Male"
"6018403",371836,2025-06-29 17:30:16,43.1443710327148,-8.53495979309082,"Male"
"6018403",371836,2025-06-29 17:35:16,43.1597480773926,-8.55918312072754,"Male"
"6018403",371836,2025-06-29 17:40:18,43.1767997741699,-8.58513069152832,"Male"
"6018403",371836,2025-06-29 17:45:20,43.1982536315918,-8.61035633087158,"Male"
"6018403",371836,2025-06-29 17:50:22,43.2148475646973,-8.63930034637451,"Male"
"6018403",371836,2025-06-29 17:55:35,43.2414093017578,-8.64867115020752,"Male"
"6018403",371836,2025-06-29 18:00:17,43.2616539001465,-8.65783977508545,"Male"
"6018403",371836,2025-06-29 18:05:17,43.2851219177246,-8.67325782775879,"Male"
"6018403",371836,2025-06-29 18:10:18,43.2915916442871,-8.69692993164062,"Male"
"6018403",371836,2025-06-29 18:15:17,43.2966690063477,-8.71476936340332,"Male"
"6018403",371836,2025-06-29 18:20:17,43.3050117492676,-8.753662109375,"Male"
"6018403",371836,2025-06-29 18:25:17,43.3182792663574,-8.79500675201416,"Male"
"6018403",371836,2025-06-29 18:30:18,43.3441734313965,-8.82302665710449,"Male"
"6018403",371836,2025-06-29 18:35:19,43.3556709289551,-8.84502220153809,"Male"
"6018403",371836,2025-06-29 18:40:26,43.3575706481934,-8.84408950805664,"Male"
"6018403",371836,2025-06-29 18:45:18,43.3575439453125,-8.84416007995605,"Male"
"6018403",371836,2025-06-29 18:50:24,43.3575630187988,-8.8441219329834,"Male"
"6018403",371836,2025-06-29 18:55:35,43.357593536377,-8.84413719177246,"Male"
"6018403",371836,2025-06-29 19:00:17,43.3577041625977,-8.84494590759277,"Male"
"6018403",371836,2025-06-29 19:05:25,43.3576354980469,-8.84415340423584,"Male"
"6018403",371836,2025-06-29 19:10:19,43.3576278686523,-8.84432411193848,"Male"
"6018403",371836,2025-06-29 19:15:24,43.3575897216797,-8.84410095214844,"Male"
"6018403",371836,2025-06-29 19:20:22,43.3576202392578,-8.84412860870361,"Male"
"6018403",371836,2025-06-29 19:25:19,43.3576812744141,-8.84420394897461,"Male"
"6018403",371836,2025-06-29 19:30:22,43.3575744628906,-8.84424304962158,"Male"
"6018403",371836,2025-06-29 19:35:19,43.3576774597168,-8.84451866149902,"Male"
"6018403",371836,2025-06-29 19:40:25,43.3575820922852,-8.84418201446533,"Male"
"6018403",371836,2025-06-29 19:45:18,43.3576164245605,-8.84435653686523,"Male"
"6018403",371836,2025-06-29 19:50:18,43.3576927185059,-8.84451103210449,"Male"
"6018403",371836,2025-06-29 19:55:35,43.3575592041016,-8.8440408706665,"Male"
"6018403",371836,2025-06-29 20:00:44,43.3575134277344,-8.84389591217041,"Male"
"6018403",371836,2025-06-29 20:05:35,43.3575057983398,-8.84406471252441,"Male"
"6018403",371836,2025-06-29 20:10:19,43.3575859069824,-8.84404277801514,"Male"
"6018403",371836,2025-06-29 20:15:22,43.3575096130371,-8.84399127960205,"Male"
"6018403",371836,2025-06-29 20:20:19,43.3575172424316,-8.84398174285889,"Male"
"6018403",371836,2025-06-29 20:25:24,43.3574333190918,-8.84415531158447,"Male"
"6018403",371836,2025-06-29 20:30:16,43.3574562072754,-8.84389781951904,"Male"
"6018403",371836,2025-06-29 20:35:53,43.3575057983398,-8.84416770935059,"Male"
"6018403",371836,2025-06-29 20:40:17,43.3575859069824,-8.84431934356689,"Male"
"6018403",371836,2025-06-29 20:45:16,43.3575782775879,-8.84412097930908,"Male"
"6018403",371836,2025-06-29 20:50:17,43.357608795166,-8.84418869018555,"Male"
"6018403",371836,2025-06-29 20:55:19,43.3575401306152,-8.84417247772217,"Male"
"6018403",371836,2025-06-29 21:00:17,43.3576393127441,-8.84424114227295,"Male"
"6018403",371836,2025-06-29 21:05:17,43.3575477600098,-8.84420204162598,"Male"
"6018403",371836,2025-06-29 21:10:17,43.3575973510742,-8.84421539306641,"Male"
"6018403",371836,2025-06-29 21:15:17,43.3576164245605,-8.84421539306641,"Male"
"6018403",371836,2025-06-29 21:20:19,43.3576431274414,-8.84421539306641,"Male"
"6018403",371836,2025-06-29 21:25:18,43.3576774597168,-8.84420394897461,"Male"
"6018403",371836,2025-06-29 21:30:20,43.357738494873,-8.84391975402832,"Male"
"6018403",371836,2025-06-29 21:35:17,43.3575630187988,-8.84415626525879,"Male"
"6018403",371836,2025-06-29 21:40:17,43.3576927185059,-8.8441219329834,"Male"
"6018403",371836,2025-06-29 21:45:17,43.3576507568359,-8.84421348571777,"Male"
"6018403",371836,2025-06-29 21:50:17,43.3576278686523,-8.84423732757568,"Male"
"6018403",371836,2025-06-29 21:55:19,43.3575897216797,-8.84421634674072,"Male"
"6018403",371836,2025-06-29 22:00:17,43.3577003479004,-8.84421825408936,"Male"
"6018403",371836,2025-06-29 22:05:17,43.3576126098633,-8.84415149688721,"Male"
"6018403",371836,2025-06-29 22:10:16,43.3576126098633,-8.84409427642822,"Male"
"6018403",371836,2025-06-29 22:15:17,43.3576431274414,-8.84420871734619,"Male"
"6018403",371836,2025-06-29 22:20:20,43.3575820922852,-8.84408569335938,"Male"
"6018403",371836,2025-06-29 22:25:17,43.3574867248535,-8.8440113067627,"Male"
"6018403",371836,2025-06-29 22:30:19,43.3575973510742,-8.84408187866211,"Male"
"6018403",371836,2025-06-29 22:35:22,43.3575668334961,-8.84406471252441,"Male"
"6018403",371836,2025-06-29 22:40:19,43.3575973510742,-8.84412479400635,"Male"
"6018403",371836,2025-06-29 22:45:20,43.3574638366699,-8.84395503997803,"Male"
"6018403",371836,2025-06-29 22:50:18,43.3576354980469,-8.84405994415283,"Male"
"6018403",371836,2025-06-29 22:55:23,43.3576164245605,-8.84405708312988,"Male"
"6018403",371836,2025-06-29 23:00:17,43.3575630187988,-8.8440637588501,"Male"
"6018403",371836,2025-06-29 23:05:18,43.3576431274414,-8.84409999847412,"Male"
"6018403",371836,2025-06-29 23:10:22,43.3575897216797,-8.84405708312988,"Male"
"6018403",371836,2025-06-29 23:15:28,43.3576393127441,-8.84413433074951,"Male"
"6018403",371836,2025-06-29 23:20:30,43.357608795166,-8.84408187866211,"Male"
"6018403",371836,2025-06-29 23:25:28,43.3576850891113,-8.84409236907959,"Male"
"6018403",371836,2025-06-29 23:30:30,43.3576736450195,-8.84420776367188,"Male"
"6018403",371836,2025-06-29 23:35:28,43.3575553894043,-8.8441104888916,"Male"
"6018403",371836,2025-06-29 23:40:28,43.3576316833496,-8.84411144256592,"Male"
"6018403",371836,2025-06-29 23:45:27,43.3576354980469,-8.84407329559326,"Male"
"6018403",371836,2025-06-29 23:50:44,43.3575096130371,-8.84411239624023,"Male"
"6018403",371836,2025-06-29 23:55:25,43.3572654724121,-8.84420204162598,"Male"
"6018403",371836,2025-06-30 00:00:25,43.3575057983398,-8.84414958953857,"Male"
"6018403",371836,2025-06-30 00:05:25,43.3576240539551,-8.844069480896,"Male"
"6018403",371836,2025-06-30 00:10:30,43.3575630187988,-8.84407901763916,"Male"
"6018403",371836,2025-06-30 00:15:30,43.357593536377,-8.84410953521729,"Male"
"6018403",371836,2025-06-30 00:20:24,43.357593536377,-8.84395027160645,"Male"
"6018403",371836,2025-06-30 00:25:20,43.3575210571289,-8.84396266937256,"Male"
"6018403",371836,2025-06-30 00:30:30,43.3575325012207,-8.84375858306885,"Male"
"6018403",371836,2025-06-30 00:35:43,43.3576698303223,-8.84404373168945,"Male"
"6018403",371836,2025-06-30 00:40:16,43.3574714660645,-8.84388446807861,"Male"
"6018403",371836,2025-06-30 00:45:19,43.3577270507812,-8.8441743850708,"Male"
"6018403",371836,2025-06-30 00:50:17,43.357608795166,-8.84389400482178,"Male"
"6018403",371836,2025-06-30 00:55:20,43.3576889038086,-8.84399318695068,"Male"
"6018403",371836,2025-06-30 01:00:17,43.3576431274414,-8.84412097930908,"Male"
"6018403",371836,2025-06-30 01:05:22,43.3575820922852,-8.84406852722168,"Male"
"6018403",371836,2025-06-30 01:10:17,43.3578453063965,-8.8444128036499,"Male"
"6018403",371836,2025-06-30 01:15:23,43.3576850891113,-8.84405517578125,"Male"
"6018403",371836,2025-06-30 01:20:20,43.3577346801758,-8.84410190582275,"Male"
"6018403",371836,2025-06-30 01:25:18,43.3576202392578,-8.84404468536377,"Male"
"6018403",371836,2025-06-30 01:30:35,43.3577346801758,-8.84396553039551,"Male"
"6018403",371836,2025-06-30 01:35:22,43.3576965332031,-8.84403705596924,"Male"
"6018403",371836,2025-06-30 01:40:26,43.3577194213867,-8.84396266937256,"Male"
"6018403",371836,2025-06-30 01:45:28,43.3576812744141,-8.84394550323486,"Male"
"6018403",371836,2025-06-30 01:50:35,43.3575782775879,-8.84396266937256,"Male"
"6018403",371836,2025-06-30 01:55:19,43.3575973510742,-8.84397983551025,"Male"
"6018403",371836,2025-06-30 02:00:19,43.357666015625,-8.843825340271,"Male"
"6018403",371836,2025-06-30 02:05:16,43.3575248718262,-8.843994140625,"Male"
"6018403",371836,2025-06-30 02:10:16,43.3575820922852,-8.84398365020752,"Male"
"6018403",371836,2025-06-30 02:15:16,43.3575706481934,-8.84393215179443,"Male"
"6018403",371836,2025-06-30 02:20:16,43.3575325012207,-8.84396553039551,"Male"
"6018403",371836,2025-06-30 02:25:16,43.3575782775879,-8.84399127960205,"Male"
"6018403",371836,2025-06-30 02:30:16,43.3575134277344,-8.84393215179443,"Male"
"6018403",371836,2025-06-30 02:35:16,43.3574256896973,-8.84385871887207,"Male"
"6018403",371836,2025-06-30 02:40:16,43.3575401306152,-8.84388065338135,"Male"
"6018403",371836,2025-06-30 02:45:16,43.3574562072754,-8.84393215179443,"Male"
"6018403",371836,2025-06-30 02:50:16,43.3573837280273,-8.84390544891357,"Male"
"6018403",371836,2025-06-30 02:55:22,43.3577461242676,-8.84411525726318,"Male"
"6018403",371836,2025-06-30 03:00:19,43.3572692871094,-8.84372711181641,"Male"
"6018403",371836,2025-06-30 03:05:20,43.3576507568359,-8.84415435791016,"Male"
"6018403",371836,2025-06-30 03:10:19,43.3574409484863,-8.84393215179443,"Male"
"6018403",371836,2025-06-30 03:15:22,43.3576240539551,-8.84418869018555,"Male"
"6018403",371836,2025-06-30 03:20:17,43.3575820922852,-8.84407329559326,"Male"
"6018403",371836,2025-06-30 03:25:19,43.3577079772949,-8.84410858154297,"Male"
"6018403",371836,2025-06-30 03:30:17,43.3577651977539,-8.84422492980957,"Male"
"6018403",371836,2025-06-30 03:35:28,43.3575782775879,-8.84410095214844,"Male"
"6018403",371836,2025-06-30 03:40:17,43.3576354980469,-8.84420299530029,"Male"
"6018403",371836,2025-06-30 03:45:17,43.3575820922852,-8.84420108795166,"Male"
"6018403",371836,2025-06-30 03:50:23,43.357536315918,-8.84418392181396,"Male"
"6018403",371836,2025-06-30 03:55:44,43.3575744628906,-8.84419631958008,"Male"
"6018403",371836,2025-06-30 04:00:17,43.3575019836426,-8.84411144256592,"Male"
"6018403",371836,2025-06-30 04:05:26,43.3575439453125,-8.84398651123047,"Male"
"6018403",371836,2025-06-30 04:10:22,43.357536315918,-8.84409141540527,"Male"
"6018403",371836,2025-06-30 04:15:19,43.3574485778809,-8.84386825561523,"Male"
"6018403",371836,2025-06-30 04:20:18,43.3581504821777,-8.84387302398682,"Male"
"6018403",371836,2025-06-30 04:25:20,43.3580131530762,-8.84392929077148,"Male"
"6018403",371836,2025-06-30 04:30:18,43.35791015625,-8.84393310546875,"Male"
"6018403",371836,2025-06-30 04:35:19,43.3580703735352,-8.84344482421875,"Male"
"6018403",371836,2025-06-30 04:40:18,43.3574523925781,-8.84477424621582,"Male"
"6018403",371836,2025-06-30 04:45:17,43.3576507568359,-8.8443431854248,"Male"
"6018403",371836,2025-06-30 04:50:17,43.3575973510742,-8.84408569335938,"Male"
"6018403",371836,2025-06-30 04:55:17,43.3573303222656,-8.84398651123047,"Male"
"6018403",371836,2025-06-30 05:00:17,43.3612060546875,-8.85220241546631,"Male"
"6018403",371836,2025-06-30 05:05:17,43.3644027709961,-8.8526668548584,"Male"
"6018403",371836,2025-06-30 05:10:17,43.362174987793,-8.85500526428223,"Male"
"6018403",371836,2025-06-30 05:15:17,43.362606048584,-8.85629749298096,"Male"
"6018403",371836,2025-06-30 05:20:17,43.3574905395508,-8.84392547607422,"Male"
"6018403",371836,2025-06-30 05:25:19,43.3574447631836,-8.84393119812012,"Male"
"6018403",371836,2025-06-30 05:30:17,43.3570938110352,-8.84377384185791,"Male"
"6018403",371836,2025-06-30 05:35:19,43.357048034668,-8.84360122680664,"Male"
"6018403",371836,2025-06-30 05:40:19,43.357593536377,-8.84361171722412,"Male"
"6018403",371836,2025-06-30 05:45:22,43.3578872680664,-8.84401798248291,"Male"
"6018403",371836,2025-06-30 05:50:20,43.3579025268555,-8.84401512145996,"Male"
"6018403",371836,2025-06-30 05:55:22,43.3580894470215,-8.84407234191895,"Male"
"6018403",371836,2025-06-30 06:00:19,43.3584861755371,-8.84523105621338,"Male"
"6018403",371836,2025-06-30 06:05:20,43.3576965332031,-8.84421539306641,"Male"
"6018403",371836,2025-06-30 06:10:18,43.358097076416,-8.84415531158447,"Male"
"6018403",371836,2025-06-30 06:15:17,43.364917755127,-8.88096141815186,"Male"
"6018403",371836,2025-06-30 06:20:17,43.374210357666,-8.92880439758301,"Male"
"6018403",371836,2025-06-30 06:25:20,43.3771858215332,-8.96983814239502,"Male"
"6018403",371836,2025-06-30 06:30:17,43.3764495849609,-8.97625255584717,"Male"
"6018403",371836,2025-06-30 06:35:17,43.3766670227051,-8.98166465759277,"Male"
"6018403",371836,2025-06-30 06:40:19,43.3762512207031,-8.98727512359619,"Male"
"6018403",371836,2025-06-30 06:45:18,43.3763771057129,-8.99100780487061,"Male"
"6018403",371836,2025-06-30 06:50:22,43.3755111694336,-8.99717044830322,"Male"
"6018403",371836,2025-06-30 06:55:17,43.3745346069336,-9.00133800506592,"Male"
"6018403",371836,2025-06-30 07:00:17,43.3668327331543,-8.969970703125,"Male"
"6018403",371836,2025-06-30 07:05:17,43.3599433898926,-8.93068885803223,"Male"
"6018403",371836,2025-06-30 07:10:17,43.3634605407715,-8.89138507843018,"Male"
"6018403",371836,2025-06-30 07:15:17,43.359504699707,-8.85394191741943,"Male"
"6018403",371836,2025-06-30 07:20:19,43.3578872680664,-8.8442268371582,"Male"
"6018403",371836,2025-06-30 07:25:18,43.3578605651855,-8.84415531158447,"Male"
"6018403",371836,2025-06-30 07:30:17,43.3576583862305,-8.84424495697021,"Male"
"6018403",371836,2025-06-30 07:35:19,43.3578300476074,-8.84427547454834,"Male"
"6018403",371836,2025-06-30 07:40:17,43.3578605651855,-8.84411334991455,"Male"
"6018403",371836,2025-06-30 07:45:18,43.3577690124512,-8.84417724609375,"Male"
"6018403",371836,2025-06-30 07:50:17,43.357837677002,-8.84424877166748,"Male"
"6018403",371836,2025-06-30 07:55:18,43.3577423095703,-8.84411430358887,"Male"
"6018403",371836,2025-06-30 08:00:17,43.3575057983398,-8.84408664703369,"Male"
"6018403",371836,2025-06-30 08:05:18,43.3575553894043,-8.8440637588501,"Male"
"6018403",371836,2025-06-30 08:10:18,43.3573760986328,-8.84389781951904,"Male"
"6018403",371836,2025-06-30 08:15:17,43.3572616577148,-8.84394931793213,"Male"
"6018403",371836,2025-06-30 08:20:17,43.3569869995117,-8.84373569488525,"Male"
"6018403",371836,2025-06-30 08:25:19,43.3569717407227,-8.84357070922852,"Male"
"6018403",371836,2025-06-30 08:30:18,43.357307434082,-8.84365367889404,"Male"
"6018403",371836,2025-06-30 08:35:18,43.3572731018066,-8.84348201751709,"Male"
"6018403",371836,2025-06-30 08:40:20,43.3582153320312,-8.84405994415283,"Male"
"6018403",371836,2025-06-30 08:45:18,43.358757019043,-8.84444427490234,"Male"
"6018403",371836,2025-06-30 08:50:18,43.3587760925293,-8.84467315673828,"Male"
"6018403",371836,2025-06-30 08:55:19,43.3585739135742,-8.84454536437988,"Male"
"6018403",371836,2025-06-30 09:00:18,43.358455657959,-8.84440135955811,"Male"
"6018403",371836,2025-06-30 09:05:20,43.3580513000488,-8.84418106079102,"Male"
"6018403",371836,2025-06-30 09:10:19,43.3582954406738,-8.84437465667725,"Male"
"6018403",371836,2025-06-30 09:15:29,43.3583946228027,-8.8444652557373,"Male"
"6018403",371836,2025-06-30 09:20:20,43.3582229614258,-8.84472751617432,"Male"
"6018403",371836,2025-06-30 09:25:18,43.3579978942871,-8.84402751922607,"Male"
"6018403",371836,2025-06-30 09:30:17,43.3673095703125,-8.87013244628906,"Male"
"6018403",371836,2025-06-30 09:35:18,43.3685417175293,-8.91488075256348,"Male"
"6018403",371836,2025-06-30 09:40:19,43.3629608154297,-8.95431041717529,"Male"
"6018403",371836,2025-06-30 09:45:17,43.3509864807129,-8.98970890045166,"Male"
"6018403",371836,2025-06-30 09:50:18,43.3311004638672,-9.03373432159424,"Male"
"6018403",371836,2025-06-30 09:55:17,43.3078384399414,-9.06719493865967,"Male"
"6018403",371836,2025-06-30 10:00:19,43.2900314331055,-9.10407257080078,"Male"
"6018403",371836,2025-06-30 10:05:17,43.2903480529785,-9.10484313964844,"Male"
"6018403",371836,2025-06-30 10:10:17,43.2920341491699,-9.10528945922852,"Male"
"6018403",371836,2025-06-30 10:15:17,43.3038711547852,-9.10080528259277,"Male"
"6018403",371836,2025-06-30 10:20:18,43.3094863891602,-9.1011791229248,"Male"
"6018403",371836,2025-06-30 10:25:18,43.3144416809082,-9.1021146774292,"Male"
"6018403",371836,2025-06-30 10:30:17,43.3181419372559,-9.10309505462646,"Male"
"6018403",371836,2025-06-30 10:35:18,43.322696685791,-9.10228061676025,"Male"
"6018403",371836,2025-06-30 10:40:18,43.3261833190918,-9.10103225708008,"Male"
"6018403",371836,2025-06-30 10:45:18,43.3305435180664,-9.09885597229004,"Male"
"6018403",371836,2025-06-30 10:50:18,43.3308639526367,-9.09966373443604,"Male"
"6018403",371836,2025-06-30 10:55:19,43.3374633789062,-9.0908784866333,"Male"
"6018403",371836,2025-06-30 11:00:17,43.3399314880371,-9.08582592010498,"Male"
"6018403",371836,2025-06-30 11:05:17,43.3409385681152,-9.08330059051514,"Male"
"6018403",371836,2025-06-30 11:10:17,43.3420677185059,-9.04733753204346,"Male"
"6018403",371836,2025-06-30 11:15:17,43.3452949523926,-9.009352684021,"Male"
"6018403",371836,2025-06-30 11:20:18,43.3299865722656,-8.98884391784668,"Male"
"6018403",371836,2025-06-30 11:25:17,43.326099395752,-8.95232200622559,"Male"
"6018403",371836,2025-06-30 11:30:17,43.3287353515625,-8.91676807403564,"Male"
"6018403",371836,2025-06-30 11:35:17,43.3205184936523,-8.88188934326172,"Male"
"6018403",371836,2025-06-30 11:40:18,43.3197746276855,-8.8756160736084,"Male"
"6018403",371836,2025-06-30 11:45:17,43.3197937011719,-8.87555408477783,"Male"
"6018403",371836,2025-06-30 11:50:18,43.3197822570801,-8.87554454803467,"Male"
"6018403",371836,2025-06-30 11:55:17,43.3195724487305,-8.87553405761719,"Male"
"6018403",371836,2025-06-30 12:00:17,43.3197746276855,-8.87556552886963,"Male"
"6018403",371836,2025-06-30 12:05:18,43.31982421875,-8.87559127807617,"Male"
"6018403",371836,2025-06-30 12:10:18,43.3198280334473,-8.87555408477783,"Male"
"6018403",371836,2025-06-30 12:15:18,43.3198356628418,-8.87552261352539,"Male"
"6018403",371836,2025-06-30 12:20:17,43.319995880127,-8.87548446655273,"Male"
"6018403",371836,2025-06-30 12:25:18,43.3140869140625,-8.85706043243408,"Male"
"6018403",371836,2025-06-30 12:30:17,43.3138732910156,-8.85742378234863,"Male"
"6018403",371836,2025-06-30 12:35:17,43.3141899108887,-8.8569974899292,"Male"
"6018403",371836,2025-06-30 12:40:17,43.3140754699707,-8.85703659057617,"Male"
"6018403",371836,2025-06-30 12:45:17,43.3141212463379,-8.85706615447998,"Male"
"6018403",371836,2025-06-30 12:50:17,43.3182411193848,-8.85315704345703,"Male"
"6018403",371836,2025-06-30 12:55:17,43.3347206115723,-8.84905052185059,"Male"
"6018403",371836,2025-06-30 13:00:18,43.3577995300293,-8.84383296966553,"Male"
"6018403",371836,2025-06-30 13:05:17,43.3578338623047,-8.84387302398682,"Male"
"6018403",371836,2025-06-30 13:10:17,43.3578147888184,-8.84394264221191,"Male"
"6018403",371836,2025-06-30 13:15:19,43.3577995300293,-8.84381008148193,"Male"
"6018403",371836,2025-06-30 13:20:17,43.3578033447266,-8.84390830993652,"Male"
"6018403",371836,2025-06-30 13:25:18,43.3577995300293,-8.84393978118896,"Male"
"6018403",371836,2025-06-30 13:30:17,43.3578796386719,-8.84406757354736,"Male"
"6018403",371836,2025-06-30 13:35:17,43.3577995300293,-8.84400463104248,"Male"
"6018403",371836,2025-06-30 13:40:17,43.3578071594238,-8.84403228759766,"Male"
"6018403",371836,2025-06-30 13:45:17,43.357780456543,-8.8440580368042,"Male"
"6018403",371836,2025-06-30 13:50:17,43.3576927185059,-8.84412860870361,"Male"
"6018403",371836,2025-06-30 13:55:17,43.3576889038086,-8.84413623809814,"Male"
"6018403",371836,2025-06-30 14:00:17,43.3578109741211,-8.84407997131348,"Male"
"6018403",371836,2025-06-30 14:05:34,43.3580436706543,-8.84433174133301,"Male"
"6018403",371836,2025-06-30 14:10:31,43.3575439453125,-8.84401512145996,"Male"
"6018403",371836,2025-06-30 14:15:19,43.3576164245605,-8.84406852722168,"Male"
"6018403",371836,2025-06-30 14:20:17,43.357479095459,-8.84416484832764,"Male"
"6018403",371836,2025-06-30 14:25:17,43.3575782775879,-8.84395313262939,"Male"
"6018403",371836,2025-06-30 14:30:18,43.3578872680664,-8.84430122375488,"Male"
"6018403",371836,2025-06-30 14:35:18,43.3571395874023,-8.84493923187256,"Male"
"6018403",371836,2025-06-30 14:40:17,43.3735694885254,-8.85052394866943,"Male"
"6018403",371836,2025-06-30 14:45:17,43.3740997314453,-8.85100364685059,"Male"
"6018403",371836,2025-06-30 14:50:17,43.3733711242676,-8.85073375701904,"Male"
"6018403",371836,2025-06-30 14:55:22,43.3726463317871,-8.85118770599365,"Male"
"6018403",371836,2025-06-30 15:00:17,43.3718070983887,-8.85092639923096,"Male"
"6018403",371836,2025-06-30 15:05:17,43.3713607788086,-8.85082530975342,"Male"
"6018403",371836,2025-06-30 15:10:19,43.3714218139648,-8.85102939605713,"Male"
"6018403",371836,2025-06-30 15:15:19,43.357608795166,-8.84431266784668,"Male"
"6018403",371836,2025-06-30 15:20:21,43.3575973510742,-8.84420585632324,"Male"
"6018403",371836,2025-06-30 15:25:18,43.3573684692383,-8.84393787384033,"Male"
"6018403",371836,2025-06-30 15:30:18,43.3576354980469,-8.84422397613525,"Male"
"6018403",371836,2025-06-30 15:35:18,43.3574676513672,-8.84402084350586,"Male"
"6018403",371836,2025-06-30 15:40:18,43.3573837280273,-8.84394931793213,"Male"
"6018403",371836,2025-06-30 15:45:19,43.3579406738281,-8.8446216583252,"Male"
"6018403",371836,2025-06-30 15:50:20,43.3572998046875,-8.8436918258667,"Male"
"6018403",371836,2025-06-30 15:55:18,43.3577499389648,-8.84443378448486,"Male"
"6018403",371836,2025-06-30 16:00:19,43.357780456543,-8.84432411193848,"Male"
"6018403",371836,2025-06-30 16:05:23,43.3579444885254,-8.84464073181152,"Male"
"6018403",371836,2025-06-30 16:10:18,43.3578414916992,-8.84425926208496,"Male"
"6018403",371836,2025-06-30 16:15:18,43.3576507568359,-8.84475517272949,"Male"
"6018403",371836,2025-06-30 16:20:17,43.3577041625977,-8.84478950500488,"Male"
"6018403",371836,2025-06-30 16:25:22,43.3578681945801,-8.8446683883667,"Male"
"6018403",371836,2025-06-30 16:30:23,43.3578796386719,-8.84474277496338,"Male"
"6018403",371836,2025-06-30 16:35:18,43.3576469421387,-8.84477996826172,"Male"
"6018403",371836,2025-06-30 16:40:18,43.3576354980469,-8.84470367431641,"Male"
"6018403",371836,2025-06-30 16:45:18,43.3576393127441,-8.84472179412842,"Male"
"6018403",371836,2025-06-30 16:50:18,43.3576622009277,-8.84461975097656,"Male"
"6018403",371836,2025-06-30 16:55:18,43.3576698303223,-8.84458637237549,"Male"
"6018403",371836,2025-06-30 17:00:19,43.3576774597168,-8.84437561035156,"Male"
"6018403",371836,2025-06-30 17:05:21,43.3576431274414,-8.84434127807617,"Male"
"6018403",371836,2025-06-30 17:10:17,43.3576240539551,-8.84446239471436,"Male"
"6018403",371836,2025-06-30 17:15:20,43.3576240539551,-8.84447479248047,"Male"
"6018403",371836,2025-06-30 17:20:19,43.3576316833496,-8.84440803527832,"Male"
"6018403",371836,2025-06-30 17:25:18,43.3576431274414,-8.84436130523682,"Male"
"6018403",371836,2025-06-30 17:30:18,43.3576278686523,-8.84435558319092,"Male"
"6018403",371836,2025-06-30 17:35:18,43.3576507568359,-8.84432888031006,"Male"
"6018403",371836,2025-06-30 17:40:19,43.3576545715332,-8.84433269500732,"Male"
"6018403",371836,2025-06-30 17:45:19,43.357738494873,-8.84431838989258,"Male"
"6018403",371836,2025-06-30 17:50:19,43.3577651977539,-8.84424018859863,"Male"
"6018403",371836,2025-06-30 17:55:19,43.3576507568359,-8.84418392181396,"Male"
"6018403",371836,2025-06-30 18:00:20,43.3578834533691,-8.84444046020508,"Male"
"6018403",371836,2025-06-30 18:05:19,43.3579330444336,-8.84440803527832,"Male"
"6018403",371836,2025-06-30 18:10:19,43.3579635620117,-8.84442615509033,"Male"
"6018403",371836,2025-06-30 18:15:18,43.3579406738281,-8.84440612792969,"Male"
"6018403",371836,2025-06-30 18:20:19,43.3579597473145,-8.8444299697876,"Male"
"6018403",371836,2025-06-30 18:25:18,43.3580360412598,-8.84443283081055,"Male"
"6018403",371836,2025-06-30 18:30:18,43.3608818054199,-8.84561824798584,"Male"
"6018403",371836,2025-06-30 18:35:18,43.3825607299805,-8.83616352081299,"Male"
"6018403",371836,2025-06-30 18:40:18,43.3965606689453,-8.82291793823242,"Male"
"6018403",371836,2025-06-30 18:45:19,43.3967018127441,-8.8232946395874,"Male"
"6018403",371836,2025-06-30 18:50:18,43.4119491577148,-8.83303260803223,"Male"
"6018403",371836,2025-06-30 18:55:18,43.4367294311523,-8.84642791748047,"Male"
"6018403",371836,2025-06-30 19:00:18,43.4632759094238,-8.86044216156006,"Male"
"6018403",371836,2025-06-30 19:05:18,43.4903945922852,-8.86112308502197,"Male"
"6018403",371836,2025-06-30 19:10:19,43.5158996582031,-8.86004543304443,"Male"
"6018403",371836,2025-06-30 19:15:18,43.5348358154297,-8.88111782073975,"Male"
"6018403",371836,2025-06-30 19:20:18,43.545108795166,-8.92423343658447,"Male"
"6018403",371836,2025-06-30 19:25:18,43.5475807189941,-8.97368049621582,"Male"
"6018403",371836,2025-06-30 19:30:18,43.5486221313477,-9.02490329742432,"Male"
"6018403",371836,2025-06-30 19:35:18,43.5296478271484,-9.07805347442627,"Male"
"6018403",371836,2025-06-30 19:40:18,43.5075988769531,-9.12702941894531,"Male"
"6018403",371836,2025-06-30 19:45:18,43.488338470459,-9.1779899597168,"Male"
"6018403",371836,2025-06-30 19:50:18,43.4531517028809,-9.21582412719727,"Male"
"6018403",371836,2025-06-30 19:55:19,43.414234161377,-9.25396919250488,"Male"
"6018403",371836,2025-06-30 20:00:19,43.3780746459961,-9.23640727996826,"Male"
"6018403",371836,2025-06-30 20:05:19,43.3691635131836,-9.21181869506836,"Male"
"6018403",371836,2025-06-30 20:10:19,43.3742599487305,-9.20736122131348,"Male"
"6018403",371836,2025-06-30 20:15:19,43.3691139221191,-9.21483612060547,"Male"
"6018403",371836,2025-06-30 20:20:19,43.3660430908203,-9.22178554534912,"Male"
"6018403",371836,2025-06-30 20:25:19,43.3595695495605,-9.22752380371094,"Male"
"6018403",371836,2025-06-30 20:30:19,43.3557586669922,-9.23313903808594,"Male"
"6018403",371836,2025-06-30 20:35:20,43.3542976379395,-9.23438262939453,"Male"
"6018403",371836,2025-06-30 20:40:19,43.3570976257324,-9.21189498901367,"Male"
"6018403",371836,2025-06-30 20:45:19,43.3584976196289,-9.17807960510254,"Male"
"6018403",371836,2025-06-30 20:50:20,43.3586006164551,-9.14353275299072,"Male"
"6018403",371836,2025-06-30 20:55:19,43.3591575622559,-9.10948085784912,"Male"
"6018403",371836,2025-06-30 21:00:19,43.3606643676758,-9.07526588439941,"Male"
"6018403",371836,2025-06-30 21:05:19,43.3615951538086,-9.04184246063232,"Male"
"6018403",371836,2025-06-30 21:10:19,43.356559753418,-9.00811290740967,"Male"
"6018403",371836,2025-06-30 21:15:19,43.3595809936523,-8.97435569763184,"Male"
"6018403",371836,2025-06-30 21:20:19,43.3657264709473,-8.94199848175049,"Male"
"6018403",371836,2025-06-30 21:25:19,43.3668746948242,-8.911376953125,"Male"
"6018403",371836,2025-06-30 21:30:19,43.363941192627,-8.87984848022461,"Male"
"6018403",371836,2025-06-30 21:35:19,43.359920501709,-8.85083770751953,"Male"
"6018403",371836,2025-06-30 21:40:22,43.3579750061035,-8.84404563903809,"Male"
"6018403",371836,2025-06-30 21:45:19,43.3580741882324,-8.84434795379639,"Male"
"6018403",371836,2025-06-30 21:50:19,43.35791015625,-8.84405994415283,"Male"
"6018403",371836,2025-06-30 21:55:20,43.3580131530762,-8.84465980529785,"Male"
"6018403",371836,2025-06-30 22:00:19,43.3579177856445,-8.84408378601074,"Male"
"6018403",371836,2025-06-30 22:05:20,43.3580131530762,-8.84473133087158,"Male"
"6018403",371836,2025-06-30 22:10:19,43.3578681945801,-8.84481525421143,"Male"
"6018403",371836,2025-06-30 22:15:21,43.3579368591309,-8.84396457672119,"Male"
"6018403",371836,2025-06-30 22:20:20,43.3578491210938,-8.84380912780762,"Male"
"6018403",371836,2025-06-30 22:25:21,43.3577117919922,-8.84408378601074,"Male"
"6018403",371836,2025-06-30 22:30:22,43.3576278686523,-8.8442850112915,"Male"
"6018403",371836,2025-06-30 22:35:22,43.3576622009277,-8.84421443939209,"Male"
"6018403",371836,2025-06-30 22:40:22,43.3574638366699,-8.84410095214844,"Male"
"6018403",371836,2025-06-30 22:45:22,43.3573570251465,-8.84428596496582,"Male"
"6018403",371836,2025-06-30 22:50:24,43.3577728271484,-8.84395408630371,"Male"
"6018403",371836,2025-06-30 22:55:21,43.357780456543,-8.84408187866211,"Male"
"6018403",371836,2025-06-30 23:00:20,43.357608795166,-8.84347152709961,"Male"
"6018403",371836,2025-06-30 23:05:19,43.3576126098633,-8.84328651428223,"Male"
"6018403",371836,2025-06-30 23:10:19,43.3577728271484,-8.84409523010254,"Male"
"6018403",371836,2025-06-30 23:15:19,43.3577995300293,-8.84394264221191,"Male"
"6018403",371836,2025-06-30 23:20:22,43.3578567504883,-8.84459400177002,"Male"
"6018403",371836,2025-06-30 23:25:20,43.3576965332031,-8.84410381317139,"Male"
"6018403",371836,2025-06-30 23:30:22,43.3577919006348,-8.84438419342041,"Male"
"6018403",371836,2025-06-30 23:35:22,43.357982635498,-8.84468746185303,"Male"
"6018403",371836,2025-06-30 23:40:30,43.3579139709473,-8.84454536437988,"Male"
"6018403",371836,2025-06-30 23:45:30,43.3578262329102,-8.84449481964111,"Male"
"6018403",371836,2025-06-30 23:50:25,43.3578109741211,-8.84436988830566,"Male"
"6018403",371836,2025-06-30 23:55:24,43.3573112487793,-8.84325408935547,"Male"
"6018403",371836,2025-07-01 00:00:21,43.3577079772949,-8.84389400482178,"Male"
"6018403",371836,2025-07-01 00:05:19,43.3576965332031,-8.84423637390137,"Male"
"6018403",371836,2025-07-01 00:10:22,43.3577117919922,-8.84405326843262,"Male"
"6018403",371836,2025-07-01 00:15:19,43.357738494873,-8.8441162109375,"Male"
"6018403",371836,2025-07-01 00:20:24,43.3575782775879,-8.84397029876709,"Male"
"6018403",371836,2025-07-01 00:25:21,43.3573455810547,-8.84373092651367,"Male"
"6018403",371836,2025-07-01 00:30:19,43.3576507568359,-8.84452438354492,"Male"
"6018403",371836,2025-07-01 00:35:19,43.3576278686523,-8.84445476531982,"Male"
"6018403",371836,2025-07-01 00:40:20,43.3576469421387,-8.84425067901611,"Male"
"6018403",371836,2025-07-01 00:45:19,43.3577842712402,-8.8441104888916,"Male"
"6018403",371836,2025-07-01 00:50:20,43.3578414916992,-8.84416007995605,"Male"
"6018403",371836,2025-07-01 00:55:19,43.3578643798828,-8.84414672851562,"Male"
"6018403",371836,2025-07-01 01:00:19,43.3577842712402,-8.84421253204346,"Male"
"6018403",371836,2025-07-01 01:05:19,43.3578300476074,-8.8441686630249,"Male"
"6018403",371836,2025-07-01 01:10:19,43.3578147888184,-8.84420299530029,"Male"
"6018403",371836,2025-07-01 01:15:19,43.3578834533691,-8.84422397613525,"Male"
"6018403",371836,2025-07-01 01:20:19,43.357780456543,-8.84423160552979,"Male"
"6018403",371836,2025-07-01 01:25:19,43.3577308654785,-8.84419727325439,"Male"
"6018403",371836,2025-07-01 01:30:19,43.3577575683594,-8.84427356719971,"Male"
"6018403",371836,2025-07-01 01:35:20,43.3574028015137,-8.8440990447998,"Male"
"6018403",371836,2025-07-01 01:40:19,43.3576889038086,-8.84423542022705,"Male"
"6018403",371836,2025-07-01 01:45:20,43.3576965332031,-8.84427165985107,"Male"
"6018403",371836,2025-07-01 01:50:19,43.3577041625977,-8.84448909759521,"Male"
"6018403",371836,2025-07-01 01:55:19,43.3577079772949,-8.84444522857666,"Male"
"6018403",371836,2025-07-01 02:00:21,43.357738494873,-8.84444618225098,"Male"
"6018403",371836,2025-07-01 02:05:19,43.3577041625977,-8.84441375732422,"Male"
"6018403",371836,2025-07-01 02:10:19,43.3576889038086,-8.84441471099854,"Male"
"6018403",371836,2025-07-01 02:15:19,43.3577041625977,-8.8444766998291,"Male"
"6018403",371836,2025-07-01 02:20:19,43.357723236084,-8.84443950653076,"Male"
"6018403",371836,2025-07-01 02:25:19,43.3577308654785,-8.84443950653076,"Male"
"6018403",371836,2025-07-01 02:30:19,43.3577194213867,-8.84436988830566,"Male"
"6018403",371836,2025-07-01 02:35:20,43.3577919006348,-8.84434223175049,"Male"
"6018403",371836,2025-07-01 02:40:22,43.3577156066895,-8.84432411193848,"Male"
"6018403",371836,2025-07-01 02:45:22,43.3576927185059,-8.84423732757568,"Male"
"6018403",371836,2025-07-01 02:50:19,43.3575859069824,-8.84403991699219,"Male"
"6018403",371836,2025-07-01 02:55:20,43.3575134277344,-8.8440580368042,"Male"
"6018403",371836,2025-07-01 03:00:21,43.3575820922852,-8.84422969818115,"Male"
"6018403",371836,2025-07-01 03:05:22,43.3577079772949,-8.84416389465332,"Male"
"6018403",371836,2025-07-01 03:10:22,43.3577308654785,-8.84434509277344,"Male"
"6018403",371836,2025-07-01 03:15:28,43.3578300476074,-8.84454441070557,"Male"
"6018403",371836,2025-07-01 03:20:22,43.3578567504883,-8.844482421875,"Male"
"6018403",371836,2025-07-01 03:25:22,43.3577995300293,-8.844407081604,"Male"
"6018403",371836,2025-07-01 03:30:21,43.3579788208008,-8.84458351135254,"Male"
"6018403",371836,2025-07-01 03:35:23,43.3578643798828,-8.84447288513184,"Male"
"6018403",371836,2025-07-01 03:40:24,43.3579292297363,-8.84475898742676,"Male"
"6018403",371836,2025-07-01 03:45:22,43.3575592041016,-8.84378051757812,"Male"
"6018403",371836,2025-07-01 03:50:30,43.3578071594238,-8.84444713592529,"Male"
"6018403",371836,2025-07-01 03:55:31,43.357795715332,-8.84444046020508,"Male"
"6018403",371836,2025-07-01 04:00:30,43.357780456543,-8.84438800811768,"Male"
"6018403",371836,2025-07-01 04:05:30,43.3577919006348,-8.84445667266846,"Male"
"6018403",371836,2025-07-01 04:10:35,43.3577194213867,-8.84422588348389,"Male"
"6018403",371836,2025-07-01 04:15:29,43.3576431274414,-8.8441858291626,"Male"
"6018403",371836,2025-07-01 04:20:21,43.3576889038086,-8.84408569335938,"Male"
"6018403",371836,2025-07-01 04:25:48,43.3575592041016,-8.84367561340332,"Male"
"6018403",371836,2025-07-01 04:30:21,43.3576431274414,-8.84411239624023,"Male"
"6018403",371836,2025-07-01 04:35:44,43.3574523925781,-8.84344863891602,"Male"
"6018403",371836,2025-07-01 04:40:23,43.3580017089844,-8.84477806091309,"Male"
"6018403",371836,2025-07-01 04:45:27,43.3579254150391,-8.84422588348389,"Male"
"6018403",371836,2025-07-01 04:50:19,43.3583145141602,-8.88142871856689,"Male"
"6018403",371836,2025-07-01 04:55:22,43.3573341369629,-8.89705085754395,"Male"
"6018403",371836,2025-07-01 05:00:23,43.3591194152832,-8.89465522766113,"Male"
"6018403",371836,2025-07-01 05:05:21,43.3569564819336,-8.86397647857666,"Male"
"6018403",371836,2025-07-01 05:10:21,43.3574562072754,-8.84361457824707,"Male"
"6018403",371836,2025-07-01 05:15:31,43.3576393127441,-8.84378910064697,"Male"
"6018403",371836,2025-07-01 05:20:31,43.3577308654785,-8.84376430511475,"Male"
"6018403",371836,2025-07-01 05:25:24,43.3574829101562,-8.84370899200439,"Male"
"6018403",371836,2025-07-01 05:30:53,43.357551574707,-8.8441162109375,"Male"
"6018403",371836,2025-07-01 05:35:20,43.3576393127441,-8.8441047668457,"Male"
"6018403",371836,2025-07-01 05:40:20,43.357608795166,-8.84405994415283,"Male"
"6018403",371836,2025-07-01 05:45:19,43.3576889038086,-8.84420013427734,"Male"
"6018403",371836,2025-07-01 05:50:20,43.3576507568359,-8.84416198730469,"Male"
"6018403",371836,2025-07-01 05:55:23,43.3576431274414,-8.84417819976807,"Male"
"6018403",371836,2025-07-01 06:00:22,43.3576965332031,-8.84419536590576,"Male"
"6018403",371836,2025-07-01 06:05:22,43.3576278686523,-8.84411144256592,"Male"
"6018403",371836,2025-07-01 06:10:23,43.3576507568359,-8.84408760070801,"Male"
"6018403",371836,2025-07-01 06:15:22,43.357666015625,-8.84400272369385,"Male"
"6018403",371836,2025-07-01 06:20:22,43.3577270507812,-8.84401035308838,"Male"
"6018403",371836,2025-07-01 06:25:25,43.357666015625,-8.8442268371582,"Male"
"6018403",371836,2025-07-01 06:30:23,43.3576164245605,-8.84395694732666,"Male"
"6018403",371836,2025-07-01 06:35:21,43.3584022521973,-8.84606838226318,"Male"
"6018403",371836,2025-07-01 06:40:23,43.3535652160645,-8.88615131378174,"Male"
"6018403",371836,2025-07-01 06:45:21,43.3452529907227,-8.93452548980713,"Male"
"6018403",371836,2025-07-01 06:50:22,43.3424530029297,-8.97719478607178,"Male"
"6018403",371836,2025-07-01 06:55:20,43.3493194580078,-9.01099395751953,"Male"
"6018403",371836,2025-07-01 07:00:22,43.3552894592285,-9.05027961730957,"Male"
"6018403",371836,2025-07-01 07:05:20,43.364875793457,-9.07807540893555,"Male"
"6018403",371836,2025-07-01 07:10:41,43.3676452636719,-9.10844421386719,"Male"
"6018403",371836,2025-07-01 07:15:22,43.3676071166992,-9.10887145996094,"Male"
"6018403",371836,2025-07-01 07:20:19,43.3731956481934,-9.11725234985352,"Male"
"6018403",371836,2025-07-01 07:25:21,43.3844337463379,-9.12780570983887,"Male"
"6018403",371836,2025-07-01 07:30:19,43.3994750976562,-9.11653423309326,"Male"
"6018403",371836,2025-07-01 07:35:23,43.382396697998,-9.07451820373535,"Male"
"6018403",371836,2025-07-01 07:40:20,43.3687057495117,-9.03556632995605,"Male"
"6018403",371836,2025-07-01 07:45:57,43.3671073913574,-8.99587917327881,"Male"
"6018403",371836,2025-07-01 07:50:20,43.3664588928223,-8.96000003814697,"Male"
"6018403",371836,2025-07-01 07:55:19,43.3624382019043,-8.92415237426758,"Male"
"6018403",371836,2025-07-01 08:00:21,43.3560485839844,-8.88877868652344,"Male"
"6018403",371836,2025-07-01 08:05:44,43.356689453125,-8.84812259674072,"Male"
"6018403",371836,2025-07-01 08:10:31,43.3577651977539,-8.84495067596436,"Male"
"6018403",371836,2025-07-01 08:15:33,43.3578453063965,-8.8453311920166,"Male"
"6018403",371836,2025-07-01 08:20:36,43.3578910827637,-8.84561729431152,"Male"
"6018403",371836,2025-07-01 08:25:42,43.3576583862305,-8.84434795379639,"Male"
"6018403",371836,2025-07-01 08:30:27,43.3574714660645,-8.84411907196045,"Male"
"6018403",371836,2025-07-01 08:35:22,43.3575439453125,-8.84312152862549,"Male"
"6018403",371836,2025-07-01 08:40:25,43.3577880859375,-8.84413623809814,"Male"
"6018403",371836,2025-07-01 08:45:30,43.3577842712402,-8.84405994415283,"Male"
"6018403",371836,2025-07-01 08:50:28,43.3577880859375,-8.8438892364502,"Male"
"6018403",371836,2025-07-01 08:55:25,43.3577919006348,-8.84412956237793,"Male"
"6018403",371836,2025-07-01 09:00:44,43.3576965332031,-8.84410285949707,"Male"
"6018403",371836,2025-07-01 09:05:41,43.3574829101562,-8.84419059753418,"Male"
"6018403",371836,2025-07-01 09:10:19,43.3573799133301,-8.84395694732666,"Male"
"6018403",371836,2025-07-01 09:15:22,43.3606491088867,-8.84616756439209,"Male"
"6018403",371836,2025-07-01 09:20:19,43.3682327270508,-8.87919139862061,"Male"
"6018403",371836,2025-07-01 09:25:19,43.3679542541504,-8.86499786376953,"Male"
"6018403",371836,2025-07-01 09:30:24,43.3577842712402,-8.84415245056152,"Male"
"6018403",371836,2025-07-01 09:35:27,43.3575134277344,-8.84408187866211,"Male"
"6018403",371836,2025-07-01 09:40:25,43.3577461242676,-8.84413528442383,"Male"
"6018403",371836,2025-07-01 09:45:44,43.3579444885254,-8.8440055847168,"Male"
"6018403",371836,2025-07-01 09:50:27,43.357837677002,-8.8441047668457,"Male"
"6018403",371836,2025-07-01 09:55:20,43.357967376709,-8.84363460540771,"Male"
"6018403",371836,2025-07-01 10:00:23,43.3581657409668,-8.84372997283936,"Male"
"6018403",371836,2025-07-01 10:05:29,43.3577995300293,-8.84407711029053,"Male"
"6018403",371836,2025-07-01 10:10:44,43.3577575683594,-8.84407043457031,"Male"
"6018403",371836,2025-07-01 10:15:29,43.3577842712402,-8.84443092346191,"Male"
"6018403",371836,2025-07-01 10:20:27,43.3578071594238,-8.84411907196045,"Male"
"6018403",371836,2025-07-01 10:25:27,43.3578071594238,-8.84427452087402,"Male"
"6018403",371836,2025-07-01 10:30:23,43.3581962585449,-8.84374618530273,"Male"
"6018403",371836,2025-07-01 10:35:53,43.3576812744141,-8.84421062469482,"Male"
"6018403",371836,2025-07-01 10:40:20,43.3577079772949,-8.84457397460938,"Male"
"6018403",371836,2025-07-01 10:45:20,43.357738494873,-8.84462738037109,"Male"
"6018403",371836,2025-07-01 10:50:19,43.3577728271484,-8.8446798324585,"Male"
"6018403",371836,2025-07-01 10:55:19,43.3577690124512,-8.84462356567383,"Male"
"6018403",371836,2025-07-01 11:00:20,43.3577461242676,-8.84460258483887,"Male"
"6018403",371836,2025-07-01 11:05:20,43.3578033447266,-8.84493255615234,"Male"
"6018403",371836,2025-07-01 11:10:20,43.3577919006348,-8.84513759613037,"Male"
"6018403",371836,2025-07-01 11:15:22,43.3577041625977,-8.84464168548584,"Male"
"6018403",371836,2025-07-01 11:20:21,43.357479095459,-8.84370422363281,"Male"
"6018403",371836,2025-07-01 11:25:20,43.3576583862305,-8.84426879882812,"Male"
"6018403",371836,2025-07-01 11:30:20,43.3576507568359,-8.84404182434082,"Male"
"6018403",371836,2025-07-01 11:35:19,43.3576736450195,-8.84407711029053,"Male"
"6018403",371836,2025-07-01 11:40:22,43.3575897216797,-8.84406757354736,"Male"
"6018403",371836,2025-07-01 11:45:32,43.3576698303223,-8.8442211151123,"Male"
"6018403",371836,2025-07-01 11:50:21,43.3576049804688,-8.84407138824463,"Male"
"6018403",371836,2025-07-01 11:55:21,43.3576431274414,-8.84408855438232,"Male"
"6018403",371836,2025-07-01 12:00:28,43.3576393127441,-8.84402179718018,"Male"
"6018403",371836,2025-07-01 12:05:20,43.3575859069824,-8.84414100646973,"Male"
"6018403",371836,2025-07-01 12:10:19,43.3576354980469,-8.8440580368042,"Male"
"6018403",371836,2025-07-01 12:15:19,43.3576316833496,-8.84405040740967,"Male"
"6018403",371836,2025-07-01 12:20:22,43.3581809997559,-8.84346675872803,"Male"
"6018403",371836,2025-07-01 12:25:30,43.3576049804688,-8.84383678436279,"Male"
"6018403",371836,2025-07-01 12:30:23,43.3576164245605,-8.84387111663818,"Male"
"6018403",371836,2025-07-01 12:35:25,43.3577156066895,-8.8438606262207,"Male"
"6018403",371836,2025-07-01 12:40:21,43.3577117919922,-8.84381103515625,"Male"
"6018403",371836,2025-07-01 12:45:20,43.3575630187988,-8.84394073486328,"Male"
"6018403",371836,2025-07-01 12:50:21,43.3576698303223,-8.84373092651367,"Male"
"6018403",371836,2025-07-01 12:55:20,43.3575210571289,-8.84421062469482,"Male"
"6018403",371836,2025-07-01 13:00:23,43.3576736450195,-8.8439769744873,"Male"
"6018403",371836,2025-07-01 13:05:23,43.3576354980469,-8.84394454956055,"Male"
"6018403",371836,2025-07-01 13:10:27,43.3578758239746,-8.84391593933105,"Male"
"6018403",371836,2025-07-01 13:15:23,43.3575859069824,-8.84388065338135,"Male"
"6018403",371836,2025-07-01 13:20:27,43.3576698303223,-8.84378910064697,"Male"
"6018403",371836,2025-07-01 13:25:30,43.3576622009277,-8.8438081741333,"Male"
"6018403",371836,2025-07-01 13:30:23,43.3575401306152,-8.8439245223999,"Male"
"6018403",371836,2025-07-01 13:35:25,43.3576507568359,-8.8438720703125,"Male"
"6018403",371836,2025-07-01 13:40:23,43.3576011657715,-8.844069480896,"Male"
"6018403",371836,2025-07-01 13:45:27,43.3576393127441,-8.84390068054199,"Male"
"6018403",371836,2025-07-01 13:50:52,43.3576393127441,-8.84402561187744,"Male"
"6018403",371836,2025-07-01 13:55:20,43.357593536377,-8.84415245056152,"Male"
"6018403",371836,2025-07-01 14:00:19,43.3576202392578,-8.84421634674072,"Male"
"6018403",371836,2025-07-01 14:05:19,43.3575859069824,-8.84424495697021,"Male"
"6018403",371836,2025-07-01 14:10:19,43.3576431274414,-8.84420394897461,"Male"
"6018403",371836,2025-07-01 14:15:19,43.3576583862305,-8.84426021575928,"Male"
"6018403",371836,2025-07-01 14:20:20,43.357536315918,-8.84416007995605,"Male"
"6018403",371836,2025-07-01 14:25:20,43.3576164245605,-8.84420871734619,"Male"
"6018403",371836,2025-07-01 14:30:19,43.3575820922852,-8.84415912628174,"Male"
"6018403",371836,2025-07-01 14:35:20,43.3576316833496,-8.8442497253418,"Male"
"6018403",371836,2025-07-01 14:40:20,43.3655967712402,-8.85843086242676,"Male"
"6018403",371836,2025-07-01 14:45:19,43.3806533813477,-8.897292137146,"Male"
"6018403",371836,2025-07-01 14:50:22,43.3942565917969,-8.93031311035156,"Male"
"6018403",371836,2025-07-01 14:55:21,43.4098014831543,-8.96338081359863,"Male"
"6018403",371836,2025-07-01 15:00:21,43.4221954345703,-8.9973201751709,"Male"
"6018403",371836,2025-07-01 15:05:23,43.440055847168,-9.01919651031494,"Male"
"6018403",371836,2025-07-01 15:10:20,43.4594078063965,-9.04209518432617,"Male"
"6018403",371836,2025-07-01 15:15:34,43.4737739562988,-9.07750511169434,"Male"
"6018403",371836,2025-07-01 15:20:19,43.4791107177734,-9.11867523193359,"Male"
"6018403",371836,2025-07-01 15:25:20,43.4783821105957,-9.17012500762939,"Male"
"6018403",371836,2025-07-01 15:30:32,43.477481842041,-9.20483684539795,"Male"
"6018403",371836,2025-07-01 15:35:24,43.4753265380859,-9.2078800201416,"Male"
"6018403",371836,2025-07-01 15:40:31,43.471019744873,-9.21126270294189,"Male"
"6018403",371836,2025-07-01 15:45:39,43.4684867858887,-9.21545600891113,"Male"
"6018403",371836,2025-07-01 15:50:40,43.465877532959,-9.21997165679932,"Male"
"6018403",371836,2025-07-01 15:55:43,43.4848518371582,-9.20595359802246,"Male"
"6018403",371836,2025-07-01 16:00:30,43.4980239868164,-9.19022560119629,"Male"
"6018403",371836,2025-07-01 16:05:37,43.5033683776855,-9.18312931060791,"Male"
"6018403",371836,2025-07-01 16:10:36,43.5078239440918,-9.18010902404785,"Male"
"6018403",371836,2025-07-01 16:15:41,43.4906997680664,-9.14291381835938,"Male"
"6018403",371836,2025-07-01 16:20:41,43.4663619995117,-9.10453796386719,"Male"
"6018403",371836,2025-07-01 16:25:38,43.4277687072754,-9.07780838012695,"Male"
"6018403",371836,2025-07-01 16:30:53,43.416374206543,-9.08412456512451,"Male"
"6018403",371836,2025-07-01 16:35:31,43.4138336181641,-9.09000301361084,"Male"
"6018403",371836,2025-07-01 16:40:37,43.4125709533691,-9.09160900115967,"Male"
"6018403",371836,2025-07-01 16:45:38,43.4040908813477,-9.07497310638428,"Male"
"6018403",371836,2025-07-01 16:50:38,43.4034690856934,-9.07609558105469,"Male"
"6018403",371836,2025-07-01 16:55:38,43.3924751281738,-9.06091022491455,"Male"
"6018403",371836,2025-07-01 17:00:38,43.3550910949707,-9.04003810882568,"Male"
"6018403",371836,2025-07-01 17:05:37,43.3511390686035,-9.00039482116699,"Male"
"6018403",371836,2025-07-01 17:10:37,43.3553695678711,-8.96335983276367,"Male"
"6018403",371836,2025-07-01 17:15:37,43.3552436828613,-8.92351245880127,"Male"
"6018403",371836,2025-07-01 17:20:53,43.3583526611328,-8.883131980896,"Male"
"6018403",371836,2025-07-01 17:25:19,43.3556060791016,-8.84713554382324,"Male"
"6018403",371836,2025-07-01 17:30:20,43.3577880859375,-8.84381675720215,"Male"
"6018403",371836,2025-07-01 17:35:19,43.3576049804688,-8.84407329559326,"Male"
"6018403",371836,2025-07-01 17:40:20,43.3576850891113,-8.84403514862061,"Male"
"6018403",371836,2025-07-01 17:45:21,43.3579864501953,-8.84382724761963,"Male"
"6018403",371836,2025-07-01 17:50:20,43.357608795166,-8.84410858154297,"Male"
"6018403",371836,2025-07-01 17:55:20,43.3576507568359,-8.84421062469482,"Male"
"6018403",371836,2025-07-01 18:00:19,43.3575477600098,-8.8441858291626,"Male"
"6018403",371836,2025-07-01 18:05:30,43.3574333190918,-8.84400653839111,"Male"
"6018403",371836,2025-07-01 18:10:20,43.3577308654785,-8.84428977966309,"Male"
"6018403",371836,2025-07-01 18:15:21,43.3577079772949,-8.84437847137451,"Male"
"6018403",371836,2025-07-01 18:20:21,43.357608795166,-8.84423923492432,"Male"
"6018403",371836,2025-07-01 18:25:44,43.3574829101562,-8.84405612945557,"Male"
"6018403",371836,2025-07-01 18:30:20,43.3575439453125,-8.84399318695068,"Male"
"6018403",371836,2025-07-01 18:35:20,43.3575630187988,-8.84409427642822,"Male"
"6018403",371836,2025-07-01 18:40:23,43.3575782775879,-8.84412479400635,"Male"
"6018403",371836,2025-07-01 18:45:21,43.3576126098633,-8.84390544891357,"Male"
"6018403",371836,2025-07-01 18:50:19,43.3575553894043,-8.84399890899658,"Male"
"6018403",371836,2025-07-01 18:55:24,43.357364654541,-8.84391212463379,"Male"
"6018403",371836,2025-07-01 19:00:34,43.3574714660645,-8.84407901763916,"Male"
"6018403",371836,2025-07-01 19:05:44,43.3574981689453,-8.84408664703369,"Male"
"6018403",371836,2025-07-01 19:10:24,43.3574638366699,-8.84400177001953,"Male"
"6018403",371836,2025-07-01 19:15:36,43.3574676513672,-8.84412002563477,"Male"
"6018403",371836,2025-07-01 19:20:20,43.3572387695312,-8.84322166442871,"Male"
"6018403",371836,2025-07-01 19:25:35,43.3575630187988,-8.84412574768066,"Male"
"6018403",371836,2025-07-01 19:30:19,43.3576507568359,-8.84444236755371,"Male"
"6018403",371836,2025-07-01 19:35:19,43.3575859069824,-8.84424781799316,"Male"
"6018403",371836,2025-07-01 19:40:32,43.357536315918,-8.84407043457031,"Male"
"6018403",371836,2025-07-01 19:45:49,43.3575668334961,-8.84401035308838,"Male"
"6018403",371836,2025-07-01 19:50:19,43.3575630187988,-8.84416198730469,"Male"
"6018403",371836,2025-07-01 19:55:19,43.3575096130371,-8.84400177001953,"Male"
"6018403",371836,2025-07-01 20:00:19,43.3574905395508,-8.84403705596924,"Male"
"6018403",371836,2025-07-01 20:05:19,43.3575210571289,-8.84414100646973,"Male"
"6018403",371836,2025-07-01 20:10:19,43.3575325012207,-8.84401321411133,"Male"
"6018403",371836,2025-07-01 20:15:25,43.357608795166,-8.84407043457031,"Male"
"6018403",371836,2025-07-01 20:20:21,43.3575706481934,-8.84409141540527,"Male"
"6018403",371836,2025-07-01 20:25:25,43.3573455810547,-8.84359264373779,"Male"
"6018403",371836,2025-07-01 20:30:20,43.357608795166,-8.84389877319336,"Male"
"6018403",371836,2025-07-01 20:35:21,43.3573684692383,-8.84354877471924,"Male"
"6018403",371836,2025-07-01 20:40:20,43.3574028015137,-8.84362125396729,"Male"
"6018403",371836,2025-07-01 20:45:29,43.3573303222656,-8.84344577789307,"Male"
"6018403",371836,2025-07-01 20:50:20,43.3574104309082,-8.8434362411499,"Male"
"6018403",371836,2025-07-01 20:55:53,43.3573188781738,-8.84361267089844,"Male"
"6018403",371836,2025-07-01 21:00:18,43.3573532104492,-8.84380531311035,"Male"
"6018403",371836,2025-07-01 21:05:19,43.357307434082,-8.84376621246338,"Male"
"6018403",371836,2025-07-01 21:10:19,43.357292175293,-8.84371280670166,"Male"
"6018403",371836,2025-07-01 21:15:19,43.3575744628906,-8.84407234191895,"Male"
"6018403",371836,2025-07-01 21:20:19,43.3579216003418,-8.84483337402344,"Male"
"6018403",371836,2025-07-01 21:25:19,43.3576354980469,-8.84396362304688,"Male"
"6018403",371836,2025-07-01 21:30:19,43.3576393127441,-8.84406185150146,"Male"
"6018403",371836,2025-07-01 21:35:20,43.3576278686523,-8.84404754638672,"Male"
"6018403",371836,2025-07-01 21:40:19,43.3576393127441,-8.84408569335938,"Male"
"6018403",371836,2025-07-01 21:45:19,43.3576164245605,-8.84399604797363,"Male"
"6018403",371836,2025-07-01 21:50:20,43.3575439453125,-8.84410095214844,"Male"
"6018403",371836,2025-07-01 21:55:20,43.3575706481934,-8.84403133392334,"Male"
"6018403",371836,2025-07-01 22:00:20,43.3575553894043,-8.84403991699219,"Male"
"6018403",371836,2025-07-01 22:05:19,43.3575592041016,-8.84409809112549,"Male"
"6018403",371836,2025-07-01 22:10:19,43.3575325012207,-8.84421157836914,"Male"
"6018403",371836,2025-07-01 22:15:19,43.3576393127441,-8.843994140625,"Male"
"6018403",371836,2025-07-01 22:20:19,43.3575897216797,-8.84408473968506,"Male"
"6018403",371836,2025-07-01 22:25:20,43.357593536377,-8.84406566619873,"Male"
"6018403",371836,2025-07-01 22:30:19,43.3575782775879,-8.84407901763916,"Male"
"6018403",371836,2025-07-01 22:35:18,43.3575668334961,-8.84409427642822,"Male"
"6018403",371836,2025-07-01 22:40:18,43.3575630187988,-8.84410095214844,"Male"
"6018403",371836,2025-07-01 22:45:19,43.3576850891113,-8.84416770935059,"Male"
"6018403",371836,2025-07-01 22:50:19,43.3575706481934,-8.84422397613525,"Male"
"6018403",371836,2025-07-01 22:55:18,43.357666015625,-8.84413623809814,"Male"
"6018403",371836,2025-07-01 23:00:19,43.3576469421387,-8.84414482116699,"Male"
"6018403",371836,2025-07-01 23:05:19,43.3575325012207,-8.84421062469482,"Male"
"6018403",371836,2025-07-01 23:10:19,43.3576278686523,-8.84411430358887,"Male"
"6018403",371836,2025-07-01 23:15:20,43.3576889038086,-8.8441333770752,"Male"
"6018403",371836,2025-07-01 23:20:19,43.3576393127441,-8.84416675567627,"Male"
"6018403",371836,2025-07-01 23:25:19,43.3573684692383,-8.8444709777832,"Male"
"6018403",371836,2025-07-01 23:30:19,43.3573417663574,-8.84429359436035,"Male"
"6018403",371836,2025-07-01 23:35:20,43.3574829101562,-8.8441104888916,"Male"
"6018403",371836,2025-07-01 23:40:19,43.3575630187988,-8.84419727325439,"Male"
"6018403",371836,2025-07-01 23:45:19,43.3575210571289,-8.844313621521,"Male"
"6018403",371836,2025-07-01 23:50:19,43.3575401306152,-8.84429264068604,"Male"
"6018403",371836,2025-07-01 23:55:19,43.3575668334961,-8.84421539306641,"Male"
"6018403",371836,2025-07-02 00:00:19,43.3572883605957,-8.84427547454834,"Male"
"6018403",371836,2025-07-02 00:05:19,43.3572731018066,-8.84429168701172,"Male"
"6018403",371836,2025-07-02 00:10:19,43.3572769165039,-8.84425354003906,"Male"
"6018403",371836,2025-07-02 00:15:19,43.3572196960449,-8.84421730041504,"Male"
"6018403",371836,2025-07-02 00:20:19,43.3572311401367,-8.84416675567627,"Male"
"6018403",371836,2025-07-02 00:25:19,43.3572731018066,-8.84420108795166,"Male"
"6018403",371836,2025-07-02 00:30:20,43.3572845458984,-8.84403800964355,"Male"
"6018403",371836,2025-07-02 00:35:19,43.3574333190918,-8.84377956390381,"Male"
"6018403",371836,2025-07-02 00:40:19,43.3574752807617,-8.84377002716064,"Male"
"6018403",371836,2025-07-02 00:45:20,43.3573379516602,-8.84398460388184,"Male"
"6018403",371836,2025-07-02 00:50:21,43.3574676513672,-8.84405422210693,"Male"
"6018403",371836,2025-07-02 00:55:19,43.3575210571289,-8.84402084350586,"Male"
"6018403",371836,2025-07-02 01:00:19,43.3575439453125,-8.84407711029053,"Male"
"6018403",371836,2025-07-02 01:05:20,43.3575973510742,-8.84396457672119,"Male"
"6018403",371836,2025-07-02 01:10:20,43.3575248718262,-8.84403133392334,"Male"
"6018403",371836,2025-07-02 01:15:20,43.3574829101562,-8.84405994415283,"Male"
"6018403",371836,2025-07-02 01:20:20,43.3575286865234,-8.84395503997803,"Male"
"6018403",371836,2025-07-02 01:25:21,43.3575439453125,-8.84396362304688,"Male"
"6018403",371836,2025-07-02 01:30:20,43.3576011657715,-8.84402179718018,"Male"
"6018403",371836,2025-07-02 01:35:19,43.357536315918,-8.84396743774414,"Male"
"6018403",371836,2025-07-02 01:40:19,43.3574829101562,-8.84397602081299,"Male"
"6018403",371836,2025-07-02 01:45:19,43.3574447631836,-8.84386539459229,"Male"
"6018403",371836,2025-07-02 01:50:19,43.3575706481934,-8.84401607513428,"Male"
"6018403",371836,2025-07-02 01:55:20,43.357494354248,-8.8439416885376,"Male"
"6018403",371836,2025-07-02 02:00:20,43.357234954834,-8.84388732910156,"Male"
"6018403",371836,2025-07-02 02:05:33,43.3573532104492,-8.8438081741333,"Male"
"6018403",371836,2025-07-02 02:10:24,43.3570022583008,-8.84413814544678,"Male"
"6018403",371836,2025-07-02 02:15:25,43.3574333190918,-8.84385108947754,"Male"
"6018403",371836,2025-07-02 02:20:33,43.357479095459,-8.84371662139893,"Male"
"6018403",371836,2025-07-02 02:25:53,43.3576126098633,-8.84405326843262,"Male"
"6018403",371836,2025-07-02 02:30:19,43.3576011657715,-8.84400272369385,"Male"
"6018403",371836,2025-07-02 02:35:18,43.3574295043945,-8.84390163421631,"Male"
"6018403",371836,2025-07-02 02:40:20,43.3577041625977,-8.84400939941406,"Male"
"6018403",371836,2025-07-02 02:45:19,43.3576431274414,-8.84406280517578,"Male"
"6018403",371836,2025-07-02 02:50:19,43.3577270507812,-8.84413051605225,"Male"
"6018403",371836,2025-07-02 02:55:20,43.3577499389648,-8.84412002563477,"Male"
"6018403",371836,2025-07-02 03:00:19,43.3575477600098,-8.84407901763916,"Male"
"6018403",371836,2025-07-02 03:05:20,43.3580093383789,-8.84431743621826,"Male"
"6018403",371836,2025-07-02 03:10:22,43.3568572998047,-8.84345436096191,"Male"
"6018403",371836,2025-07-02 03:15:20,43.3578453063965,-8.8442554473877,"Male"
"6018403",371836,2025-07-02 03:20:27,43.3575401306152,-8.84404277801514,"Male"
"6018403",371836,2025-07-02 03:25:20,43.3579177856445,-8.84444808959961,"Male"
"6018403",371836,2025-07-02 03:30:21,43.3575325012207,-8.84399127960205,"Male"
"6018403",371836,2025-07-02 03:35:23,43.3577117919922,-8.84421634674072,"Male"
"6018403",371836,2025-07-02 03:40:36,43.3575286865234,-8.84410762786865,"Male"
"6018403",371836,2025-07-02 03:45:44,43.3575553894043,-8.84409713745117,"Male"
"6018403",371836,2025-07-02 03:50:21,43.3575286865234,-8.8441743850708,"Male"
"6018403",371836,2025-07-02 03:55:22,43.3574371337891,-8.84412670135498,"Male"
"6018403",371836,2025-07-02 04:00:44,43.3638229370117,-8.84503364562988,"Male"
"6018403",371836,2025-07-02 04:05:19,43.3825416564941,-8.85600090026855,"Male"
"6018403",371836,2025-07-02 04:10:19,43.4024810791016,-8.86323833465576,"Male"
"6018403",371836,2025-07-02 04:15:19,43.4231605529785,-8.86785793304443,"Male"
"6018403",371836,2025-07-02 04:20:20,43.4447631835938,-8.86715698242188,"Male"
"6018403",371836,2025-07-02 04:25:19,43.4601707458496,-8.8875675201416,"Male"
"6018403",371836,2025-07-02 04:30:19,43.4702949523926,-8.91951942443848,"Male"
"6018403",371836,2025-07-02 04:35:20,43.4811172485352,-8.94321632385254,"Male"
"6018403",371836,2025-07-02 04:40:19,43.4953422546387,-8.95625114440918,"Male"
"6018403",371836,2025-07-02 04:55:19,43.5299415588379,-8.96903133392334,"Male"
"6018403",371836,2025-07-02 05:00:19,43.5409278869629,-8.96857929229736,"Male"
"6018403",371836,2025-07-02 05:05:20,43.5495300292969,-8.97160243988037,"Male"
"6018403",371836,2025-07-02 05:10:20,43.5624961853027,-8.97432041168213,"Male"
"6018403",371836,2025-07-02 05:15:21,43.568172454834,-8.96915531158447,"Male"
"6018403",371836,2025-07-02 05:20:19,43.5707778930664,-8.98858642578125,"Male"
"6018403",371836,2025-07-02 05:25:30,43.5560073852539,-9.02954292297363,"Male"
"6018403",371836,2025-07-02 05:31:14,43.5326728820801,-9.08588314056396,"Male"
"6018403",371836,2025-07-02 05:35:19,43.5260124206543,-9.11632442474365,"Male"
"6018403",371836,2025-07-02 05:40:19,43.5045623779297,-9.16425704956055,"Male"
"6018403",371836,2025-07-02 05:45:19,43.4823989868164,-9.16734504699707,"Male"
"6018403",371836,2025-07-02 05:50:19,43.4753112792969,-9.16942596435547,"Male"
"6018403",371836,2025-07-02 05:55:19,43.4797439575195,-9.1659631729126,"Male"
"6018403",371836,2025-07-02 06:00:20,43.4799842834473,-9.17456150054932,"Male"
"6018403",371836,2025-07-02 06:05:19,43.4576759338379,-9.15872669219971,"Male"
"6018403",371836,2025-07-02 06:10:19,43.4660263061523,-9.15029048919678,"Male"
"6018403",371836,2025-07-02 06:15:19,43.474178314209,-9.15164375305176,"Male"
"6018403",371836,2025-07-02 06:20:20,43.4826011657715,-9.16389751434326,"Male"
"6018403",371836,2025-07-02 06:25:19,43.4862098693848,-9.15156269073486,"Male"
"6018403",371836,2025-07-02 06:30:19,43.4924774169922,-9.14282035827637,"Male"
"6018403",371836,2025-07-02 06:35:20,43.5008888244629,-9.13782787322998,"Male"
"6018403",371836,2025-07-02 06:40:19,43.4796104431152,-9.11683082580566,"Male"
"6018403",371836,2025-07-02 06:45:19,43.4558258056641,-9.08054733276367,"Male"
"6018403",371836,2025-07-02 06:50:20,43.4366226196289,-9.04467105865479,"Male"
"6018403",371836,2025-07-02 06:55:19,43.4194259643555,-9.00732135772705,"Male"
"6018403",371836,2025-07-02 07:00:19,43.4010391235352,-8.97088718414307,"Male"
"6018403",371836,2025-07-02 07:05:19,43.3782196044922,-8.94057750701904,"Male"
"6018403",371836,2025-07-02 07:10:19,43.367748260498,-8.91333293914795,"Male"
"6018403",371836,2025-07-02 07:15:19,43.3661804199219,-8.88529777526855,"Male"
"6018403",371836,2025-07-02 07:20:20,43.3564262390137,-8.85031986236572,"Male"
"6018403",371836,2025-07-02 07:25:19,43.3576698303223,-8.84414768218994,"Male"
"6018403",371836,2025-07-02 07:30:20,43.3574371337891,-8.84420585632324,"Male"
"6018403",371836,2025-07-02 07:35:22,43.3574180603027,-8.84415817260742,"Male"
"6018403",371836,2025-07-02 07:40:20,43.3572616577148,-8.84430503845215,"Male"
"6018403",371836,2025-07-02 07:45:19,43.3573379516602,-8.84410190582275,"Male"
"6018403",371836,2025-07-02 07:50:22,43.3680419921875,-8.85001564025879,"Male"
"6018403",371836,2025-07-02 07:55:20,43.3733406066895,-8.8404655456543,"Male"
"6018403",371836,2025-07-02 08:00:19,43.3830299377441,-8.83175659179688,"Male"
"6018403",371836,2025-07-02 08:05:21,43.3933296203613,-8.83777523040771,"Male"
"6018403",371836,2025-07-02 08:10:19,43.4113731384277,-8.84223461151123,"Male"
"6018403",371836,2025-07-02 08:15:20,43.4301071166992,-8.85196495056152,"Male"
"6018403",371836,2025-07-02 08:24:44,43.4386367797852,-8.90286922454834,"Male"
"6018403",371836,2025-07-02 08:36:26,43.4651260375977,-8.96965312957764,"Male"
"6018403",371836,2025-07-02 08:46:58,43.4858856201172,-9.0391263961792,"Male"
"6018403",371836,2025-07-02 08:51:58,43.4951057434082,-9.07718944549561,"Male"
"6018403",371836,2025-07-02 08:56:58,43.5046806335449,-9.11328315734863,"Male"
"6018403",371836,2025-07-02 09:01:58,43.5177955627441,-9.13033199310303,"Male"
"6018403",371836,2025-07-02 09:06:58,43.5275688171387,-9.13511180877686,"Male"
"6018403",371836,2025-07-02 09:15:41,43.5406761169434,-9.1399974822998,"Male"
"6018403",371836,2025-07-02 09:20:51,43.5370140075684,-9.12755298614502,"Male"
"6018403",371836,2025-07-02 09:25:46,43.5450706481934,-9.15498924255371,"Male"
"6018403",371836,2025-07-02 09:30:46,43.5419082641602,-9.19422626495361,"Male"
"6018403",371836,2025-07-02 09:35:48,43.5553703308105,-9.20409679412842,"Male"
"6018403",371836,2025-07-02 09:40:46,43.5396118164062,-9.1904764175415,"Male"
"6018403",371836,2025-07-02 09:46:58,43.5217704772949,-9.17391395568848,"Male"
"6018403",371836,2025-07-02 09:51:58,43.5059547424316,-9.19202327728271,"Male"
"6018403",371836,2025-07-02 09:56:06,43.5031776428223,-9.20817184448242,"Male"
"6018403",371836,2025-07-02 10:00:47,43.5041694641113,-9.18984127044678,"Male"
"6018403",371836,2025-07-02 10:05:48,43.5037155151367,-9.19037532806396,"Male"
"6018403",371836,2025-07-02 10:10:45,43.5032653808594,-9.13507556915283,"Male"
"6018403",371836,2025-07-02 10:15:45,43.5028953552246,-9.14848709106445,"Male"
"6018403",371836,2025-07-02 10:20:42,43.4958572387695,-9.15659999847412,"Male"
"6018403",371836,2025-07-02 10:25:43,43.4932594299316,-9.18904304504395,"Male"
"6018403",371836,2025-07-02 10:30:48,43.4923057556152,-9.19052124023438,"Male"
"6018403",371836,2025-07-02 10:35:43,43.4834175109863,-9.17253112792969,"Male"
"6018403",371836,2025-07-02 10:45:43,43.484920501709,-9.20322799682617,"Male"
"6018403",371836,2025-07-02 10:51:15,43.4797172546387,-9.20608329772949,"Male"
"6018403",371836,2025-07-02 10:55:36,43.478687286377,-9.2069616317749,"Male"
"6018403",371836,2025-07-02 11:00:34,43.4761390686035,-9.21287536621094,"Male"
"6018403",371836,2025-07-02 11:05:34,43.4743804931641,-9.21404552459717,"Male"
"6018403",371836,2025-07-02 11:10:34,43.4718437194824,-9.22292423248291,"Male"
"6018403",371836,2025-07-02 11:15:34,43.4704933166504,-9.22412776947021,"Male"
"6018403",371836,2025-07-02 11:20:35,43.4713745117188,-9.23518180847168,"Male"
"6018403",371836,2025-07-02 11:25:34,43.4710655212402,-9.24170112609863,"Male"
"6018403",371836,2025-07-02 11:30:34,43.4694671630859,-9.24301815032959,"Male"
"6018403",371836,2025-07-02 11:35:34,43.4671783447266,-9.25062084197998,"Male"
"6018403",371836,2025-07-02 11:40:35,43.4667510986328,-9.24903202056885,"Male"
"6018403",371836,2025-07-02 11:45:34,43.467700958252,-9.24890518188477,"Male"
"6018403",371836,2025-07-02 11:50:35,43.4690475463867,-9.24705982208252,"Male"
"6018403",371836,2025-07-02 11:55:37,43.4693374633789,-9.24666404724121,"Male"
"6018403",371836,2025-07-02 12:00:35,43.4699630737305,-9.244215965271,"Male"
"6018403",371836,2025-07-02 12:05:39,43.4705924987793,-9.24240970611572,"Male"
"6018403",371836,2025-07-02 12:10:36,43.4696235656738,-9.24442386627197,"Male"
"6018403",371836,2025-07-02 12:15:36,43.4682235717773,-9.24476909637451,"Male"
"6018403",371836,2025-07-02 12:20:37,43.4685249328613,-9.24313831329346,"Male"
"6018403",371836,2025-07-02 12:26:15,43.4663963317871,-9.24414348602295,"Male"
"6018403",371836,2025-07-02 12:30:46,43.4649620056152,-9.24608612060547,"Male"
"6018403",371836,2025-07-02 12:35:37,43.4636116027832,-9.24832820892334,"Male"
"6018403",371836,2025-07-02 12:40:37,43.460620880127,-9.25322914123535,"Male"
"6018403",371836,2025-07-02 12:45:38,43.4581146240234,-9.25774765014648,"Male"
"6018403",371836,2025-07-02 12:50:55,43.4563255310059,-9.25931072235107,"Male"
"6018403",371836,2025-07-02 12:56:06,43.4530448913574,-9.26060104370117,"Male"
"6018403",371836,2025-07-02 13:00:37,43.4513778686523,-9.26283550262451,"Male"
"6018403",371836,2025-07-02 13:05:34,43.4501342773438,-9.26528072357178,"Male"
"6018403",371836,2025-07-02 13:10:35,43.4488716125488,-9.26724529266357,"Male"
"6018403",371836,2025-07-02 13:15:34,43.4472961425781,-9.26939868927002,"Male"
"6018403",371836,2025-07-02 13:20:37,43.4431533813477,-9.27353286743164,"Male"
"6018403",371836,2025-07-02 13:25:37,43.4415969848633,-9.27558422088623,"Male"
"6018403",371836,2025-07-02 13:30:36,43.4383888244629,-9.27737712860107,"Male"
"6018403",371836,2025-07-02 13:35:35,43.4370307922363,-9.27946186065674,"Male"
"6018403",371836,2025-07-02 13:40:35,43.4340782165527,-9.28195762634277,"Male"
"6018403",371836,2025-07-02 13:46:06,43.4319229125977,-9.28478717803955,"Male"
"6018403",371836,2025-07-02 13:50:36,43.4309539794922,-9.28756427764893,"Male"
"6018403",371836,2025-07-02 13:55:36,43.427188873291,-9.2830114364624,"Male"
"6018403",371836,2025-07-02 14:00:36,43.4181823730469,-9.26507663726807,"Male"
"6018403",371836,2025-07-02 14:05:36,43.392879486084,-9.25523376464844,"Male"
"6018403",371836,2025-07-02 14:10:39,43.3579177856445,-9.26076793670654,"Male"
"6018403",371836,2025-07-02 14:15:35,43.3543968200684,-9.26566696166992,"Male"
"6018403",371836,2025-07-02 14:20:38,43.3523330688477,-9.271315574646,"Male"
"6018403",371836,2025-07-02 14:25:35,43.3488006591797,-9.27762222290039,"Male"
"6018403",371836,2025-07-02 14:30:35,43.3453903198242,-9.28319549560547,"Male"
"6018403",371836,2025-07-02 14:35:35,43.3423004150391,-9.28917503356934,"Male"
"6018403",371836,2025-07-02 14:40:37,43.3395195007324,-9.2947301864624,"Male"
"6018403",371836,2025-07-02 14:45:44,43.3377342224121,-9.29988479614258,"Male"
"6018403",371836,2025-07-02 14:51:58,43.3270988464355,-9.28523826599121,"Male"
"6018403",371836,2025-07-02 14:56:55,43.3142700195312,-9.25363349914551,"Male"
"6018403",371836,2025-07-02 15:00:36,43.3082656860352,-9.23168563842773,"Male"
"6018403",371836,2025-07-02 15:05:34,43.3033294677734,-9.20211219787598,"Male"
"6018403",371836,2025-07-02 15:10:38,43.3039970397949,-9.17774105072021,"Male"
"6018403",371836,2025-07-02 15:15:38,43.3031311035156,-9.15227508544922,"Male"
"6018403",371836,2025-07-02 15:20:35,43.3013534545898,-9.12477493286133,"Male"
"6018403",371836,2025-07-02 15:26:14,43.3001365661621,-9.09545993804932,"Male"
"6018403",371836,2025-07-02 15:30:35,43.2992401123047,-9.07350921630859,"Male"
"6018403",371836,2025-07-02 15:35:42,43.2945823669434,-9.04293823242188,"Male"
"6018403",371836,2025-07-02 15:40:39,43.28857421875,-9.01181983947754,"Male"
"6018403",371836,2025-07-02 15:50:23,43.2917098999023,-8.95711326599121,"Male"
"6018403",371836,2025-07-02 15:55:55,43.2922019958496,-8.92517375946045,"Male"
"6018403",371836,2025-07-02 16:00:24,43.3051147460938,-8.90687465667725,"Male"
"6018403",371836,2025-07-02 16:10:53,43.3222122192383,-8.86911296844482,"Male"
"6018403",371836,2025-07-02 16:16:02,43.3276786804199,-8.84612846374512,"Male"
"6018403",371836,2025-07-02 16:21:08,43.349536895752,-8.84723091125488,"Male"
"6018403",371836,2025-07-02 16:25:49,43.3576126098633,-8.8441858291626,"Male"
"6018403",371836,2025-07-02 16:31:43,43.3558578491211,-8.84773254394531,"Male"
"6018403",371836,2025-07-02 16:35:03,43.3575248718262,-8.84406661987305,"Male"
"6018403",371836,2025-07-02 16:41:43,43.3575782775879,-8.84423446655273,"Male"
"6018403",371836,2025-07-02 16:46:14,43.3576240539551,-8.84420299530029,"Male"
"6018403",371836,2025-07-02 16:50:22,43.3574638366699,-8.84438705444336,"Male"
"6018403",371836,2025-07-02 16:55:19,43.3575401306152,-8.84433460235596,"Male"
"6018403",371836,2025-07-02 17:00:19,43.3575859069824,-8.84420776367188,"Male"
"6018403",371836,2025-07-02 17:05:18,43.3575630187988,-8.84424114227295,"Male"
"6018403",371836,2025-07-02 17:10:19,43.3574905395508,-8.84444522857666,"Male"
"6018403",371836,2025-07-02 17:15:18,43.3576126098633,-8.84427547454834,"Male"
"6018403",371836,2025-07-02 17:20:23,43.3575897216797,-8.84428119659424,"Male"
"6018403",371836,2025-07-02 17:25:18,43.3577041625977,-8.84421730041504,"Male"
"6018403",371836,2025-07-02 17:30:44,43.3576164245605,-8.84420585632324,"Male"
"6018403",371836,2025-07-02 17:35:18,43.3576850891113,-8.84421348571777,"Male"
"6018403",371836,2025-07-02 17:40:19,43.3577194213867,-8.84414958953857,"Male"
"6018403",371836,2025-07-02 17:45:21,43.3576622009277,-8.84413528442383,"Male"
"6018403",371836,2025-07-02 17:50:23,43.3578147888184,-8.8440990447998,"Male"
"6018403",371836,2025-07-02 17:55:20,43.3578605651855,-8.84420013427734,"Male"
"6018403",371836,2025-07-02 18:00:21,43.3579292297363,-8.84415340423584,"Male"
"6018403",371836,2025-07-02 18:05:22,43.3583602905273,-8.84426116943359,"Male"
"6018403",371836,2025-07-02 18:10:24,43.3576698303223,-8.84428882598877,"Male"
"6018403",371836,2025-07-02 18:15:44,43.357593536377,-8.84425926208496,"Male"
"6018403",371836,2025-07-02 18:20:22,43.3573913574219,-8.84413909912109,"Male"
"6018403",371836,2025-07-02 18:25:25,43.3576011657715,-8.84414768218994,"Male"
"6018403",371836,2025-07-02 18:30:30,43.3576202392578,-8.84415149688721,"Male"
"6018403",371836,2025-07-02 18:35:27,43.3576354980469,-8.8441219329834,"Male"
"6018403",371836,2025-07-02 18:40:24,43.3579483032227,-8.84418106079102,"Male"
"6018403",371836,2025-07-02 18:45:44,43.3575401306152,-8.84426403045654,"Male"
"6018403",371836,2025-07-02 18:50:44,43.3575630187988,-8.84426116943359,"Male"
"6018403",371836,2025-07-02 18:55:19,43.3576393127441,-8.84433555603027,"Male"
"6018403",371836,2025-07-02 19:00:19,43.3573570251465,-8.84376239776611,"Male"
"6018403",371836,2025-07-02 19:05:19,43.3574867248535,-8.8439245223999,"Male"
"6018403",371836,2025-07-02 19:10:29,43.3575477600098,-8.84409236907959,"Male"
"6018403",371836,2025-07-02 19:15:27,43.3575439453125,-8.84405612945557,"Male"
"6018403",371836,2025-07-02 19:20:19,43.357536315918,-8.84407806396484,"Male"
"6018403",371836,2025-07-02 19:25:22,43.357551574707,-8.8441162109375,"Male"
"6018403",371836,2025-07-02 19:30:22,43.3576354980469,-8.84427070617676,"Male"
"6018403",371836,2025-07-02 19:35:19,43.3575096130371,-8.84402656555176,"Male"
"6018403",371836,2025-07-02 19:40:19,43.357551574707,-8.84393405914307,"Male"
"6018403",371836,2025-07-02 19:45:59,43.3575744628906,-8.84417152404785,"Male"
"6018403",371836,2025-07-02 19:50:19,43.357479095459,-8.84404468536377,"Male"
"6018403",371836,2025-07-02 19:55:19,43.3575172424316,-8.84382247924805,"Male"
"6018403",371836,2025-07-02 20:00:27,43.3575668334961,-8.84414958953857,"Male"
"6018403",371836,2025-07-02 20:05:19,43.3574981689453,-8.84395790100098,"Male"
"6018403",371836,2025-07-02 20:10:22,43.3575210571289,-8.84390449523926,"Male"
"6018403",371836,2025-07-02 20:15:22,43.357608795166,-8.84413909912109,"Male"
"6018403",371836,2025-07-02 20:20:22,43.3576431274414,-8.84415912628174,"Male"
"6018403",371836,2025-07-02 20:25:23,43.3572387695312,-8.8434534072876,"Male"
"6018403",371836,2025-07-02 20:30:29,43.3575706481934,-8.84414386749268,"Male"
"6018403",371836,2025-07-02 20:35:21,43.3576240539551,-8.84420585632324,"Male"
"6018403",371836,2025-07-02 20:40:25,43.357593536377,-8.84418773651123,"Male"
"6018403",371836,2025-07-02 20:45:24,43.3575973510742,-8.84396648406982,"Male"
"6018403",371836,2025-07-02 20:50:27,43.3575782775879,-8.84419250488281,"Male"
"6018403",371836,2025-07-02 20:55:28,43.3575477600098,-8.84410381317139,"Male"
"6018403",371836,2025-07-02 21:00:30,43.357608795166,-8.84423923492432,"Male"
"6018403",371836,2025-07-02 21:05:34,43.3576011657715,-8.84413146972656,"Male"
"6018403",371836,2025-07-02 21:10:53,43.3575210571289,-8.8440637588501,"Male"
"6018403",371836,2025-07-02 21:15:18,43.357593536377,-8.84401988983154,"Male"
"6018403",371836,2025-07-02 21:20:19,43.3575859069824,-8.84405517578125,"Male"
"6018403",371836,2025-07-02 21:25:19,43.3575897216797,-8.84409046173096,"Male"
"6018403",371836,2025-07-02 21:30:29,43.357536315918,-8.84415245056152,"Male"
"6018403",371836,2025-07-02 21:35:21,43.3575325012207,-8.84407520294189,"Male"
"6018403",371836,2025-07-02 21:40:20,43.3574676513672,-8.84421253204346,"Male"
"6018403",371836,2025-07-02 21:45:24,43.3574867248535,-8.84421634674072,"Male"
"6018403",371836,2025-07-02 21:50:21,43.3574981689453,-8.84413433074951,"Male"
"6018403",371836,2025-07-02 21:55:23,43.357593536377,-8.84412860870361,"Male"
"6018403",371836,2025-07-02 22:00:18,43.3575134277344,-8.84411334991455,"Male"
"6018403",371836,2025-07-02 22:05:20,43.3574829101562,-8.84420108795166,"Male"
"6018403",371836,2025-07-02 22:10:21,43.3575668334961,-8.84408950805664,"Male"
"6018403",371836,2025-07-02 22:15:21,43.3575706481934,-8.84408950805664,"Male"
"6018403",371836,2025-07-02 22:20:21,43.3574981689453,-8.84415245056152,"Male"
"6018403",371836,2025-07-02 22:25:20,43.3575286865234,-8.8441333770752,"Male"
"6018403",371836,2025-07-02 22:30:22,43.3575859069824,-8.84415245056152,"Male"
"6018403",371836,2025-07-02 22:35:23,43.3575172424316,-8.84412384033203,"Male"
"6018403",371836,2025-07-02 22:40:22,43.3575744628906,-8.84415054321289,"Male"
"6018403",371836,2025-07-02 22:45:20,43.3576049804688,-8.84415817260742,"Male"
"6018403",371836,2025-07-02 22:50:22,43.3575057983398,-8.84419441223145,"Male"
"6018403",371836,2025-07-02 22:55:22,43.3575592041016,-8.84418678283691,"Male"
"6018403",371836,2025-07-02 23:00:27,43.357536315918,-8.84419250488281,"Male"
"6018403",371836,2025-07-02 23:05:30,43.3575439453125,-8.84424114227295,"Male"
"6018403",371836,2025-07-02 23:10:28,43.3576278686523,-8.84423732757568,"Male"
"6018403",371836,2025-07-02 23:15:20,43.3576240539551,-8.84426593780518,"Male"
"6018403",371836,2025-07-02 23:20:21,43.3575630187988,-8.84421634674072,"Male"
"6018403",371836,2025-07-02 23:25:25,43.3576698303223,-8.84425449371338,"Male"
"6018403",371836,2025-07-02 23:30:20,43.3575401306152,-8.84425258636475,"Male"
"6018403",371836,2025-07-02 23:35:24,43.3575897216797,-8.84432697296143,"Male"
"6018403",371836,2025-07-02 23:40:55,43.3576011657715,-8.84408473968506,"Male"
"6018403",371836,2025-07-02 23:45:18,43.3576240539551,-8.84411430358887,"Male"
"6018403",371836,2025-07-02 23:50:19,43.357551574707,-8.84404945373535,"Male"
"6018403",371836,2025-07-02 23:55:18,43.3576354980469,-8.8439416885376,"Male"
"6018403",371836,2025-07-03 00:00:19,43.3576164245605,-8.84406471252441,"Male"
"6018403",371836,2025-07-03 00:05:19,43.3575325012207,-8.8440465927124,"Male"
"6018403",371836,2025-07-03 00:10:20,43.3576126098633,-8.84403133392334,"Male"
"6018403",371836,2025-07-03 00:15:20,43.3575553894043,-8.84405612945557,"Male"
"6018403",371836,2025-07-03 00:20:53,43.3576774597168,-8.84409236907959,"Male"
"6018403",371836,2025-07-03 00:25:22,43.3575706481934,-8.84414196014404,"Male"
"6018403",371836,2025-07-03 00:30:30,43.3576202392578,-8.84404850006104,"Male"
"6018403",371836,2025-07-03 00:35:19,43.3577041625977,-8.84415340423584,"Male"
"6018403",371836,2025-07-03 00:40:23,43.3575973510742,-8.84412002563477,"Male"
"6018403",371836,2025-07-03 00:45:20,43.3576126098633,-8.84411907196045,"Male"
"6018403",371836,2025-07-03 00:50:22,43.3576393127441,-8.84406089782715,"Male"
"6018403",371836,2025-07-03 00:55:21,43.357666015625,-8.84408569335938,"Male"
"6018403",371836,2025-07-03 01:00:20,43.3576240539551,-8.84415149688721,"Male"
"6018403",371836,2025-07-03 01:05:20,43.3576278686523,-8.84417247772217,"Male"
"6018403",371836,2025-07-03 01:10:20,43.3576278686523,-8.84412288665771,"Male"
"6018403",371836,2025-07-03 01:15:20,43.3576278686523,-8.84415054321289,"Male"
"6018403",371836,2025-07-03 01:20:20,43.3576583862305,-8.84406471252441,"Male"
"6018403",371836,2025-07-03 01:25:19,43.3576354980469,-8.84411430358887,"Male"
"6018403",371836,2025-07-03 01:30:20,43.3576469421387,-8.8440990447998,"Male"
"6018403",371836,2025-07-03 01:35:19,43.357608795166,-8.8440990447998,"Male"
"6018403",371836,2025-07-03 01:40:19,43.3576278686523,-8.84402942657471,"Male"
"6018403",371836,2025-07-03 01:45:21,43.3576583862305,-8.84413528442383,"Male"
"6018403",371836,2025-07-03 01:50:19,43.3576812744141,-8.84413623809814,"Male"
"6018403",371836,2025-07-03 01:55:53,43.3576545715332,-8.84416961669922,"Male"
"6018403",371836,2025-07-03 02:00:21,43.357608795166,-8.8441801071167,"Male"
"6018403",371836,2025-07-03 02:05:19,43.357551574707,-8.84410190582275,"Male"
"6018403",371836,2025-07-03 02:10:45,43.3575248718262,-8.84409141540527,"Male"
"6018403",371836,2025-07-03 02:15:19,43.3575248718262,-8.84410762786865,"Male"
"6018403",371836,2025-07-03 02:20:20,43.3577651977539,-8.84432888031006,"Male"
"6018403",371836,2025-07-03 02:25:23,43.3578720092773,-8.84442615509033,"Male"
"6018403",371836,2025-07-03 02:30:22,43.3580131530762,-8.84452819824219,"Male"
"6018403",371836,2025-07-03 02:35:23,43.3581428527832,-8.84467315673828,"Male"
"6018403",371836,2025-07-03 02:40:22,43.3579292297363,-8.84449672698975,"Male"
"6018403",371836,2025-07-03 02:45:23,43.3579368591309,-8.84444904327393,"Male"
"6018403",371836,2025-07-03 02:50:23,43.3578758239746,-8.84427547454834,"Male"
"6018403",371836,2025-07-03 02:55:22,43.3578033447266,-8.84422492980957,"Male"
"6018403",371836,2025-07-03 03:00:23,43.357795715332,-8.84428977966309,"Male"
"6018403",371836,2025-07-03 03:05:24,43.3579139709473,-8.84440517425537,"Male"
"6018403",371836,2025-07-03 03:10:24,43.3577461242676,-8.8442211151123,"Male"
"6018403",371836,2025-07-03 03:15:23,43.3578948974609,-8.84437084197998,"Male"
"6018403",371836,2025-07-03 03:20:32,43.3581771850586,-8.84460163116455,"Male"
"6018403",371836,2025-07-03 03:25:37,43.3579406738281,-8.84460353851318,"Male"
"6018403",371836,2025-07-03 03:30:34,43.3579330444336,-8.84462261199951,"Male"
"6018403",371836,2025-07-03 03:35:34,43.3578681945801,-8.84465503692627,"Male"
"6018403",371836,2025-07-03 03:40:34,43.357967376709,-8.84464263916016,"Male"
"6018403",371836,2025-07-03 03:45:30,43.3578948974609,-8.8447732925415,"Male"
"6018403",371836,2025-07-03 03:50:53,43.3575439453125,-8.84414863586426,"Male"
"6018403",371836,2025-07-03 03:55:30,43.3575782775879,-8.84408664703369,"Male"
"6018403",371836,2025-07-03 04:00:30,43.357551574707,-8.84412956237793,"Male"
"6018403",371836,2025-07-03 04:05:30,43.3573799133301,-8.84405517578125,"Male"
"6018403",371836,2025-07-03 04:10:30,43.3575859069824,-8.84412097930908,"Male"
"6018403",371836,2025-07-03 04:15:29,43.3574981689453,-8.84416484832764,"Male"
"6018403",371836,2025-07-03 04:20:25,43.3575897216797,-8.84403419494629,"Male"
"6018403",371836,2025-07-03 04:25:30,43.3576354980469,-8.84409618377686,"Male"
"6018403",371836,2025-07-03 04:30:30,43.3590965270996,-8.84371185302734,"Male"
"6018403",371836,2025-07-03 04:35:22,43.3643569946289,-8.83663845062256,"Male"
"6018403",371836,2025-07-03 04:40:19,43.3609962463379,-8.83890438079834,"Male"
"6018403",371836,2025-07-03 04:45:27,43.3577537536621,-8.8437385559082,"Male"
"6018403",371836,2025-07-03 04:50:32,43.3576240539551,-8.84375381469727,"Male"
"6018403",371836,2025-07-03 04:55:31,43.3575401306152,-8.84401321411133,"Male"
"6018403",371836,2025-07-03 05:00:23,43.3576965332031,-8.84386157989502,"Male"
"6018403",371836,2025-07-03 05:05:28,43.3575859069824,-8.84411811828613,"Male"
"6018403",371836,2025-07-03 05:10:30,43.3576164245605,-8.84414196014404,"Male"
"6018403",371836,2025-07-03 05:15:24,43.3610877990723,-8.85469722747803,"Male"
"6018403",371836,2025-07-03 05:20:25,43.3734321594238,-8.89042854309082,"Male"
"6018403",371836,2025-07-03 05:25:24,43.3825035095215,-8.91735744476318,"Male"
"6018403",371836,2025-07-03 05:30:21,43.3967628479004,-8.94619750976562,"Male"
"6018403",371836,2025-07-03 05:35:23,43.4128761291504,-8.95050048828125,"Male"
"6018403",371836,2025-07-03 05:40:23,43.4240303039551,-8.93725681304932,"Male"
"6018403",371836,2025-07-03 05:46:42,43.4310913085938,-8.91295528411865,"Male"
"6018403",371836,2025-07-03 05:50:42,43.4298553466797,-8.91334533691406,"Male"
"6018403",371836,2025-07-03 05:55:23,43.4253196716309,-8.92283725738525,"Male"
"6018403",371836,2025-07-03 06:00:44,43.4223251342773,-8.93138599395752,"Male"
"6018403",371836,2025-07-03 06:05:20,43.4210090637207,-8.93461322784424,"Male"
"6018403",371836,2025-07-03 06:10:30,43.418140411377,-8.9397611618042,"Male"
"6018403",371836,2025-07-03 06:15:25,43.4154586791992,-8.94511413574219,"Male"
"6018403",371836,2025-07-03 06:20:20,43.4117317199707,-8.94646072387695,"Male"
"6018403",371836,2025-07-03 06:25:42,43.3903350830078,-8.92148780822754,"Male"
"6018403",371836,2025-07-03 06:30:30,43.380729675293,-8.89876842498779,"Male"
"6018403",371836,2025-07-03 06:35:36,43.3693656921387,-8.87909698486328,"Male"
"6018403",371836,2025-07-03 06:40:30,43.3585662841797,-8.85420989990234,"Male"
"6018403",371836,2025-07-03 06:45:45,43.3578605651855,-8.84400177001953,"Male"
"6018403",371836,2025-07-03 06:50:31,43.35791015625,-8.84427452087402,"Male"
"6018403",371836,2025-07-03 06:55:34,43.3579292297363,-8.84454822540283,"Male"
"6018403",371836,2025-07-03 07:00:31,43.3579940795898,-8.84468650817871,"Male"
"6018403",371836,2025-07-03 07:05:32,43.3580589294434,-8.84511375427246,"Male"
"6018403",371836,2025-07-03 07:10:34,43.3581275939941,-8.84553718566895,"Male"
"6018403",371836,2025-07-03 07:15:40,43.3579940795898,-8.84462070465088,"Male"
"6018403",371836,2025-07-03 07:20:23,43.3577728271484,-8.84450244903564,"Male"
"6018403",371836,2025-07-03 07:25:24,43.3578262329102,-8.8445291519165,"Male"
"6018403",371836,2025-07-03 07:30:20,43.3577499389648,-8.84422779083252,"Male"
"6018403",371836,2025-07-03 07:35:25,43.3577270507812,-8.84397888183594,"Male"
"6018403",371836,2025-07-03 07:40:22,43.3577728271484,-8.84418392181396,"Male"
"6018403",371836,2025-07-03 07:45:27,43.3577575683594,-8.84377765655518,"Male"
"6018403",371836,2025-07-03 07:50:45,43.357666015625,-8.84379100799561,"Male"
"6018403",371836,2025-07-03 07:55:59,43.3575439453125,-8.84416198730469,"Male"
"6018403",371836,2025-07-03 08:00:21,43.3575782775879,-8.84408283233643,"Male"
"6018403",371836,2025-07-03 08:05:20,43.3575401306152,-8.84397888183594,"Male"
"6018403",371836,2025-07-03 08:10:21,43.3575134277344,-8.84408855438232,"Male"
"6018403",371836,2025-07-03 08:15:20,43.3575210571289,-8.84413051605225,"Male"
"6018403",371836,2025-07-03 08:20:19,43.3575248718262,-8.84415531158447,"Male"
"6018403",371836,2025-07-03 08:25:25,43.357666015625,-8.84427928924561,"Male"
"6018403",371836,2025-07-03 08:30:25,43.3576431274414,-8.84424495697021,"Male"
"6018403",371836,2025-07-03 08:35:30,43.3575973510742,-8.8442554473877,"Male"
"6018403",371836,2025-07-03 08:40:23,43.3576126098633,-8.84433269500732,"Male"
"6018403",371836,2025-07-03 08:45:30,43.3576469421387,-8.84425735473633,"Male"
"6018403",371836,2025-07-03 08:50:30,43.3576126098633,-8.84428024291992,"Male"
"6018403",371836,2025-07-03 08:55:31,43.3576850891113,-8.84423446655273,"Male"
"6018403",371836,2025-07-03 09:00:45,43.3576011657715,-8.8442268371582,"Male"
"6018403",371836,2025-07-03 09:05:29,43.3572540283203,-8.84403610229492,"Male"
"6018403",371836,2025-07-03 09:10:53,43.3572959899902,-8.84387493133545,"Male"
"6018403",371836,2025-07-03 09:15:25,43.3573608398438,-8.84391689300537,"Male"
"6018403",371836,2025-07-03 09:20:23,43.3619651794434,-8.84675121307373,"Male"
"6018403",371836,2025-07-03 09:25:31,43.3733329772949,-8.89654541015625,"Male"
"6018403",371836,2025-07-03 09:30:28,43.3840713500977,-8.93661022186279,"Male"
"6018403",371836,2025-07-03 09:35:36,43.3956298828125,-8.97866439819336,"Male"
"6018403",371836,2025-07-03 09:40:26,43.3996658325195,-9.00068187713623,"Male"
"6018403",371836,2025-07-03 09:45:30,43.3963203430176,-8.99207210540771,"Male"
"6018403",371836,2025-07-03 09:50:30,43.3900566101074,-8.96888542175293,"Male"
"6018403",371836,2025-07-03 09:55:36,43.3747901916504,-8.94399261474609,"Male"
"6018403",371836,2025-07-03 10:01:44,43.3655776977539,-8.91550445556641,"Male"
"6018403",371836,2025-07-03 10:06:14,43.3596458435059,-8.89382553100586,"Male"
"6018403",371836,2025-07-03 10:10:30,43.3557014465332,-8.87444972991943,"Male"
"6018403",371836,2025-07-03 10:15:56,43.3560333251953,-8.8516902923584,"Male"
"6018403",371836,2025-07-03 10:20:30,43.3578186035156,-8.84430503845215,"Male"
"6018403",371836,2025-07-03 10:25:30,43.3573379516602,-8.84369945526123,"Male"
"6018403",371836,2025-07-03 10:30:31,43.3576354980469,-8.84403800964355,"Male"
"6018403",371836,2025-07-03 10:35:53,43.3576812744141,-8.84404277801514,"Male"
"6018403",371836,2025-07-03 10:40:22,43.357666015625,-8.84408664703369,"Male"
"6018403",371836,2025-07-03 10:45:22,43.357666015625,-8.84403991699219,"Male"
"6018403",371836,2025-07-03 10:50:20,43.3576736450195,-8.84399127960205,"Male"
"6018403",371836,2025-07-03 10:55:30,43.3577041625977,-8.84401035308838,"Male"
"6018403",371836,2025-07-03 11:00:21,43.357738494873,-8.84399223327637,"Male"
"6018403",371836,2025-07-03 11:05:25,43.3576545715332,-8.84419059753418,"Male"
"6018403",371836,2025-07-03 11:10:20,43.3576812744141,-8.84402751922607,"Male"
"6018403",371836,2025-07-03 11:15:22,43.3578262329102,-8.8441104888916,"Male"
"6018403",371836,2025-07-03 11:20:23,43.3569641113281,-8.84371852874756,"Male"
"6018403",371836,2025-07-03 11:25:24,43.357120513916,-8.84375476837158,"Male"
"6018403",371836,2025-07-03 11:30:25,43.3575820922852,-8.84392547607422,"Male"
"6018403",371836,2025-07-03 11:35:22,43.3574142456055,-8.84385681152344,"Male"
"6018403",371836,2025-07-03 11:40:22,43.358226776123,-8.84446144104004,"Male"
"6018403",371836,2025-07-03 11:45:22,43.3580360412598,-8.84476470947266,"Male"
"6018403",371836,2025-07-03 11:50:21,43.3691291809082,-8.86212253570557,"Male"
"6018403",371836,2025-07-03 11:55:22,43.3816146850586,-8.89750671386719,"Male"
"6018403",371836,2025-07-03 12:00:21,43.3917274475098,-8.93628025054932,"Male"
"6018403",371836,2025-07-03 12:05:21,43.4003143310547,-8.97787952423096,"Male"
"6018403",371836,2025-07-03 12:10:21,43.4032325744629,-9.0302267074585,"Male"
"6018403",371836,2025-07-03 12:15:21,43.4107246398926,-9.07648086547852,"Male"
"6018403",371836,2025-07-03 12:20:22,43.4140777587891,-9.13008499145508,"Male"
"6018403",371836,2025-07-03 12:25:21,43.4232940673828,-9.1714391708374,"Male"
"6018403",371836,2025-07-03 12:30:21,43.4348373413086,-9.20488739013672,"Male"
"6018403",371836,2025-07-03 12:35:21,43.4432067871094,-9.24780654907227,"Male"
"6018403",371836,2025-07-03 12:40:22,43.4554748535156,-9.2723445892334,"Male"
"6018403",371836,2025-07-03 12:45:21,43.442554473877,-9.30805397033691,"Male"
"6018403",371836,2025-07-03 12:50:22,43.4010543823242,-9.30357265472412,"Male"
"6018403",371836,2025-07-03 12:55:22,43.3463706970215,-9.31400394439697,"Male"
"6018403",371836,2025-07-03 13:00:24,43.2970504760742,-9.32751178741455,"Male"
"6018403",371836,2025-07-03 13:05:29,43.2961463928223,-9.330246925354,"Male"
"6018403",371836,2025-07-03 13:10:23,43.2926139831543,-9.33425617218018,"Male"
"6018403",371836,2025-07-03 13:15:23,43.2880096435547,-9.33895778656006,"Male"
"6018403",371836,2025-07-03 13:20:23,43.2859954833984,-9.34294605255127,"Male"
"6018403",371836,2025-07-03 13:25:23,43.2829093933105,-9.34737491607666,"Male"
"6018403",371836,2025-07-03 13:30:31,43.27978515625,-9.350754737854,"Male"
"6018403",371836,2025-07-03 13:35:31,43.2760734558105,-9.3543176651001,"Male"
"6018403",371836,2025-07-03 13:40:29,43.2738494873047,-9.35647487640381,"Male"
"6018403",371836,2025-07-03 13:45:30,43.2701873779297,-9.3587064743042,"Male"
"6018403",371836,2025-07-03 13:50:25,43.2675628662109,-9.36102771759033,"Male"
"6018403",371836,2025-07-03 13:55:23,43.2632179260254,-9.36398315429688,"Male"
"6018403",371836,2025-07-03 14:00:24,43.2576599121094,-9.3668737411499,"Male"
"6018403",371836,2025-07-03 14:05:22,43.2546768188477,-9.37022876739502,"Male"
"6018403",371836,2025-07-03 14:10:22,43.2512474060059,-9.3728723526001,"Male"
"6018403",371836,2025-07-03 14:15:24,43.2478637695312,-9.3756046295166,"Male"
"6018403",371836,2025-07-03 14:20:24,43.2446517944336,-9.37792015075684,"Male"
"6018403",371836,2025-07-03 14:25:25,43.2433815002441,-9.38094615936279,"Male"
"6018403",371836,2025-07-03 14:30:30,43.2395286560059,-9.38393497467041,"Male"
"6018403",371836,2025-07-03 14:35:23,43.2330856323242,-9.38683032989502,"Male"
"6018403",371836,2025-07-03 14:40:25,43.2334671020508,-9.38976287841797,"Male"
"6018403",371836,2025-07-03 14:45:23,43.2309341430664,-9.38978004455566,"Male"
"6018403",371836,2025-07-03 14:50:27,43.2247314453125,-9.39693355560303,"Male"
"6018403",371836,2025-07-03 14:55:21,43.2183494567871,-9.3978443145752,"Male"
"6018403",371836,2025-07-03 15:00:27,43.2184906005859,-9.40198516845703,"Male"
"6018403",371836,2025-07-03 15:05:23,43.2126045227051,-9.40304946899414,"Male"
"6018403",371836,2025-07-03 15:10:27,43.2113494873047,-9.407151222229,"Male"
"6018403",371836,2025-07-03 15:15:27,43.2078475952148,-9.408371925354,"Male"
"6018403",371836,2025-07-03 15:20:25,43.2050933837891,-9.40863037109375,"Male"
"6018403",371836,2025-07-03 15:25:22,43.1978454589844,-9.41457271575928,"Male"
"6018403",371836,2025-07-03 15:30:22,43.1938629150391,-9.4167308807373,"Male"
"6018403",371836,2025-07-03 15:35:34,43.1910018920898,-9.41801738739014,"Male"
"6018403",371836,2025-07-03 15:40:43,43.1865501403809,-9.41883373260498,"Male"
"6018403",371836,2025-07-03 15:45:21,43.1838417053223,-9.41958045959473,"Male"
"6018403",371836,2025-07-03 15:50:24,43.1857757568359,-9.41995716094971,"Male"
"6018403",371836,2025-07-03 15:55:28,43.1843376159668,-9.42269706726074,"Male"
"6018403",371836,2025-07-03 16:00:21,43.183837890625,-9.42192363739014,"Male"
"6018403",371836,2025-07-03 16:05:22,43.1826515197754,-9.42379951477051,"Male"
"6018403",371836,2025-07-03 16:10:22,43.1809272766113,-9.42577171325684,"Male"
"6018403",371836,2025-07-03 16:15:28,43.1803512573242,-9.42613792419434,"Male"
"6018403",371836,2025-07-03 16:20:23,43.1759910583496,-9.43265438079834,"Male"
"6018403",371836,2025-07-03 16:25:27,43.1738395690918,-9.43465518951416,"Male"
"6018403",371836,2025-07-03 16:31:35,43.17724609375,-9.43366146087646,"Male"
"6018403",371836,2025-07-03 16:35:22,43.1795845031738,-9.42765331268311,"Male"
"6018403",371836,2025-07-03 16:40:22,43.165412902832,-9.40405941009521,"Male"
"6018403",371836,2025-07-03 16:45:22,43.1513557434082,-9.37925815582275,"Male"
"6018403",371836,2025-07-03 16:50:22,43.1392097473145,-9.35531806945801,"Male"
"6018403",371836,2025-07-03 16:55:21,43.1202926635742,-9.32946109771729,"Male"
"6018403",371836,2025-07-03 17:00:21,43.0945510864258,-9.30403232574463,"Male"
"6018403",371836,2025-07-03 17:05:21,43.0783615112305,-9.28026676177979,"Male"
"6018403",371836,2025-07-03 17:10:21,43.0767707824707,-9.26258945465088,"Male"
"6018403",371836,2025-07-03 17:15:21,43.0775947570801,-9.25507736206055,"Male"
"6018403",371836,2025-07-03 17:20:22,43.0774803161621,-9.25207614898682,"Male"
"6018403",371836,2025-07-03 17:25:22,43.0883865356445,-9.25897312164307,"Male"
"6018403",371836,2025-07-03 17:30:21,43.0917015075684,-9.24676036834717,"Male"
"6018403",371836,2025-07-03 17:35:21,43.0900840759277,-9.22914028167725,"Male"
"6018403",371836,2025-07-03 17:40:21,43.1027374267578,-9.21842384338379,"Male"
"6018403",371836,2025-07-03 17:45:22,43.1003608703613,-9.21205043792725,"Male"
"6018403",371836,2025-07-03 17:50:22,43.100513458252,-9.21208763122559,"Male"
"6018403",371836,2025-07-03 17:55:21,43.1105613708496,-9.21673583984375,"Male"
"6018403",371836,2025-07-03 18:00:21,43.1217346191406,-9.20703983306885,"Male"
"6018403",371836,2025-07-03 18:05:22,43.1346855163574,-9.20339584350586,"Male"
"6018403",371836,2025-07-03 18:10:21,43.1527366638184,-9.21309757232666,"Male"
"6018403",371836,2025-07-03 18:15:23,43.1590805053711,-9.19876194000244,"Male"
"6018403",371836,2025-07-03 18:20:21,43.163745880127,-9.18486785888672,"Male"
"6018403",371836,2025-07-03 18:25:21,43.1796226501465,-9.17923355102539,"Male"
"6018403",371836,2025-07-03 18:30:21,43.1834526062012,-9.16760730743408,"Male"
"6018403",371836,2025-07-03 18:35:21,43.1875495910645,-9.15017414093018,"Male"
"6018403",371836,2025-07-03 18:40:21,43.190315246582,-9.13989067077637,"Male"
"6018403",371836,2025-07-03 18:45:21,43.192985534668,-9.12094974517822,"Male"
"6018403",371836,2025-07-03 18:50:21,43.1881408691406,-9.09683513641357,"Male"
"6018403",371836,2025-07-03 18:55:21,43.1861877441406,-9.07559108734131,"Male"
"6018403",371836,2025-07-03 19:00:21,43.1885108947754,-9.05027294158936,"Male"
"6018403",371836,2025-07-03 19:05:21,43.2015609741211,-9.03373622894287,"Male"
"6018403",371836,2025-07-03 19:10:21,43.2158279418945,-9.02208805084229,"Male"
"6018403",371836,2025-07-03 19:15:21,43.2334327697754,-9.01322269439697,"Male"
"6018403",371836,2025-07-03 19:20:21,43.231143951416,-9.00641345977783,"Male"
"6018403",371836,2025-07-03 19:25:21,43.2270011901855,-8.98462963104248,"Male"
"6018403",371836,2025-07-03 19:30:22,43.2283058166504,-8.96558094024658,"Male"
"6018403",371836,2025-07-03 19:35:22,43.237548828125,-8.94757175445557,"Male"
"6018403",371836,2025-07-03 19:40:21,43.2584533691406,-8.95784568786621,"Male"
"6018403",371836,2025-07-03 19:45:21,43.2713775634766,-8.95954895019531,"Male"
"6018403",371836,2025-07-03 19:50:22,43.2921371459961,-8.95956325531006,"Male"
"6018403",371836,2025-07-03 19:55:22,43.2880935668945,-8.93311214447021,"Male"
"6018403",371836,2025-07-03 20:00:22,43.2985076904297,-8.91292190551758,"Male"
"6018403",371836,2025-07-03 20:05:22,43.3198089599609,-8.91254138946533,"Male"
"6018403",371836,2025-07-03 20:10:22,43.3184204101562,-8.89453601837158,"Male"
"6018403",371836,2025-07-03 20:15:22,43.3225250244141,-8.87011528015137,"Male"
"6018403",371836,2025-07-03 20:20:22,43.323802947998,-8.84906768798828,"Male"
"6018403",371836,2025-07-03 20:25:22,43.3420448303223,-8.84893894195557,"Male"
"6018403",371836,2025-07-03 20:30:23,43.3577613830566,-8.84677410125732,"Male"
"6018403",371836,2025-07-03 20:35:23,43.3577537536621,-8.84409713745117,"Male"
"6018403",371836,2025-07-03 20:40:22,43.3576011657715,-8.84404277801514,"Male"
"6018403",371836,2025-07-03 20:45:22,43.3575210571289,-8.84392166137695,"Male"
"6018403",371836,2025-07-03 20:50:23,43.3575477600098,-8.84395694732666,"Male"
"6018403",371836,2025-07-03 20:55:23,43.3575248718262,-8.8438196182251,"Male"
"6018403",371836,2025-07-03 21:00:22,43.3575096130371,-8.8438196182251,"Male"
"6018403",371836,2025-07-03 21:05:23,43.357551574707,-8.8437614440918,"Male"
"6018403",371836,2025-07-03 21:10:22,43.3574714660645,-8.84391117095947,"Male"
"6018403",371836,2025-07-03 21:15:22,43.3575210571289,-8.84386920928955,"Male"
"6018403",371836,2025-07-03 21:20:23,43.357536315918,-8.84389591217041,"Male"
"6018403",371836,2025-07-03 21:25:22,43.3575592041016,-8.8438777923584,"Male"
"6018403",371836,2025-07-03 21:30:22,43.3575553894043,-8.84395122528076,"Male"
"6018403",371836,2025-07-03 21:35:22,43.3575439453125,-8.84391021728516,"Male"
"6018403",371836,2025-07-03 21:40:22,43.3576164245605,-8.84379386901855,"Male"
"6018403",371836,2025-07-03 21:45:25,43.3577041625977,-8.84362888336182,"Male"
"6018403",371836,2025-07-03 21:50:25,43.3576393127441,-8.84377288818359,"Male"
"6018403",371836,2025-07-03 21:55:23,43.3576126098633,-8.84374618530273,"Male"
"6018403",371836,2025-07-03 22:00:23,43.3576889038086,-8.84380149841309,"Male"
"6018403",371836,2025-07-03 22:05:23,43.3576583862305,-8.84396743774414,"Male"
"6018403",371836,2025-07-03 22:10:24,43.3576545715332,-8.84403896331787,"Male"
"6018403",371836,2025-07-03 22:15:23,43.357666015625,-8.84402370452881,"Male"
"6018403",371836,2025-07-03 22:20:23,43.3576393127441,-8.84409141540527,"Male"
"6018403",371836,2025-07-03 22:25:23,43.3576469421387,-8.8441858291626,"Male"
"6018403",371836,2025-07-03 22:30:22,43.3577041625977,-8.8439884185791,"Male"
"6018403",371836,2025-07-03 22:35:22,43.357780456543,-8.84395885467529,"Male"
"6018403",371836,2025-07-03 22:40:22,43.3578033447266,-8.84399032592773,"Male"
"6018403",371836,2025-07-03 22:45:22,43.3578109741211,-8.8440055847168,"Male"
"6018403",371836,2025-07-03 22:50:23,43.3578643798828,-8.84403514862061,"Male"
"6018403",371836,2025-07-03 22:55:23,43.3578186035156,-8.84417629241943,"Male"
"6018403",371836,2025-07-03 23:00:23,43.3578186035156,-8.84405708312988,"Male"
"6018403",371836,2025-07-03 23:05:22,43.3578872680664,-8.84412956237793,"Male"
"6018403",371836,2025-07-03 23:10:23,43.3577880859375,-8.84433174133301,"Male"
"6018403",371836,2025-07-03 23:15:24,43.3578567504883,-8.84426689147949,"Male"
"6018403",371836,2025-07-03 23:20:23,43.3577880859375,-8.84443759918213,"Male"
"6018403",371836,2025-07-03 23:25:23,43.3578796386719,-8.84439182281494,"Male"
"6018403",371836,2025-07-03 23:30:23,43.3579177856445,-8.84435749053955,"Male"
"6018403",371836,2025-07-03 23:35:23,43.3580131530762,-8.84421539306641,"Male"
"6018403",371836,2025-07-03 23:40:23,43.3580017089844,-8.84429931640625,"Male"
"6018403",371836,2025-07-03 23:45:23,43.3580665588379,-8.844313621521,"Male"
"6018403",371836,2025-07-03 23:50:23,43.3580474853516,-8.84430980682373,"Male"
"6018403",371836,2025-07-03 23:55:23,43.3580169677734,-8.84426879882812,"Male"
"6018403",371836,2025-07-04 00:00:23,43.3578605651855,-8.84418773651123,"Male"
"6018403",371836,2025-07-04 00:05:22,43.3578414916992,-8.84413146972656,"Male"
"6018403",371836,2025-07-04 00:10:22,43.3577156066895,-8.84412097930908,"Male"
"6018403",371836,2025-07-04 00:15:22,43.3577728271484,-8.8441915512085,"Male"
"6018403",371836,2025-07-04 00:20:22,43.3577461242676,-8.84420871734619,"Male"
"6018403",371836,2025-07-04 00:25:22,43.3576774597168,-8.84421539306641,"Male"
"6018403",371836,2025-07-04 00:30:23,43.3577308654785,-8.84428596496582,"Male"
"6018403",371836,2025-07-04 00:35:24,43.357666015625,-8.84425258636475,"Male"
"6018403",371836,2025-07-04 00:40:23,43.3577270507812,-8.84430694580078,"Male"
"6018403",371836,2025-07-04 00:45:24,43.3576354980469,-8.84429740905762,"Male"
"6018403",371836,2025-07-04 00:50:27,43.3577766418457,-8.84415531158447,"Male"
"6018403",371836,2025-07-04 00:55:22,43.3577270507812,-8.84404277801514,"Male"
"6018403",371836,2025-07-04 01:00:22,43.3577270507812,-8.84400939941406,"Male"
"6018403",371836,2025-07-04 01:05:23,43.3577423095703,-8.84403610229492,"Male"
"6018403",371836,2025-07-04 01:10:24,43.3575477600098,-8.84424591064453,"Male"
"6018403",371836,2025-07-04 01:15:27,43.357852935791,-8.84420108795166,"Male"
"6018403",371836,2025-07-04 01:20:25,43.3578414916992,-8.84413814544678,"Male"
"6018403",371836,2025-07-04 01:25:24,43.357551574707,-8.84429740905762,"Male"
"6018403",371836,2025-07-04 01:30:24,43.3575897216797,-8.84425735473633,"Male"
"6018403",371836,2025-07-04 01:35:25,43.3577308654785,-8.84407424926758,"Male"
"6018403",371836,2025-07-04 01:40:25,43.3576774597168,-8.84415531158447,"Male"
"6018403",371836,2025-07-04 01:45:25,43.3577156066895,-8.84418201446533,"Male"
"6018403",371836,2025-07-04 01:50:25,43.3578987121582,-8.84404850006104,"Male"
"6018403",371836,2025-07-04 01:55:30,43.3577842712402,-8.84414958953857,"Male"
"6018403",371836,2025-07-04 02:00:45,43.3577728271484,-8.84416961669922,"Male"
"6018403",371836,2025-07-04 02:05:30,43.3580474853516,-8.84429168701172,"Male"
"6018403",371836,2025-07-04 02:10:27,43.3578872680664,-8.84432506561279,"Male"
"6018403",371836,2025-07-04 02:15:27,43.3578796386719,-8.844407081604,"Male"
"6018403",371836,2025-07-04 02:20:25,43.3581848144531,-8.84445095062256,"Male"
"6018403",371836,2025-07-04 02:25:22,43.358097076416,-8.84449005126953,"Male"
"6018403",371836,2025-07-04 02:30:22,43.3581275939941,-8.8444652557373,"Male"
"6018403",371836,2025-07-04 02:35:22,43.3581161499023,-8.84448432922363,"Male"
"6018403",371836,2025-07-04 02:40:25,43.3581695556641,-8.84433269500732,"Male"
"6018403",371836,2025-07-04 02:45:23,43.3581771850586,-8.84438800811768,"Male"
"6018403",371836,2025-07-04 02:50:24,43.358154296875,-8.84439182281494,"Male"
"6018403",371836,2025-07-04 02:55:24,43.3581695556641,-8.84435176849365,"Male"
"6018403",371836,2025-07-04 03:00:24,43.3582000732422,-8.8443021774292,"Male"
"6018403",371836,2025-07-04 03:05:25,43.3581390380859,-8.84421539306641,"Male"
"6018403",371836,2025-07-04 03:10:23,43.3581695556641,-8.84427928924561,"Male"
"6018403",371836,2025-07-04 03:15:30,43.3580474853516,-8.84427547454834,"Male"
"6018403",371836,2025-07-04 03:20:25,43.3580322265625,-8.84436893463135,"Male"
"6018403",371836,2025-07-04 03:25:24,43.3581047058105,-8.84431648254395,"Male"
"6018403",371836,2025-07-04 03:30:23,43.3580665588379,-8.84433650970459,"Male"
"6018403",371836,2025-07-04 03:35:30,43.3583679199219,-8.84396266937256,"Male"
"6018403",371836,2025-07-04 03:40:30,43.3583450317383,-8.84395313262939,"Male"
"6018403",371836,2025-07-04 03:45:30,43.3583221435547,-8.8439302444458,"Male"
"6018403",371836,2025-07-04 03:50:30,43.3583335876465,-8.84394645690918,"Male"
"6018403",371836,2025-07-04 03:55:30,43.3582801818848,-8.84388637542725,"Male"
"6018403",371836,2025-07-04 04:00:30,43.3582229614258,-8.84398937225342,"Male"
"6018403",371836,2025-07-04 04:05:31,43.3579750061035,-8.84428787231445,"Male"
"6018403",371836,2025-07-04 04:10:37,43.3581047058105,-8.84417533874512,"Male"
"6018403",371836,2025-07-04 04:15:27,43.3578414916992,-8.84421920776367,"Male"
"6018403",371836,2025-07-04 04:20:41,43.3579368591309,-8.84421062469482,"Male"
"6018403",371836,2025-07-04 04:25:31,43.3574676513672,-8.8439474105835,"Male"
"6018403",371836,2025-07-04 04:30:30,43.3578453063965,-8.84408569335938,"Male"
"6018403",371836,2025-07-04 04:35:22,43.3576850891113,-8.84434509277344,"Male"
"6018403",371836,2025-07-04 04:40:24,43.3626480102539,-8.83532428741455,"Male"
"6018403",371836,2025-07-04 04:45:22,43.3706092834473,-8.84271335601807,"Male"
"6018403",371836,2025-07-04 04:50:27,43.3577613830566,-8.84375286102295,"Male"
"6018403",371836,2025-07-04 04:55:28,43.3577194213867,-8.84383201599121,"Male"
"6018403",371836,2025-07-04 05:00:25,43.3577499389648,-8.84384536743164,"Male"
"6018403",371836,2025-07-04 05:05:30,43.3577842712402,-8.84380435943604,"Male"
"6018403",371836,2025-07-04 05:10:30,43.3577766418457,-8.84368515014648,"Male"
"6018403",371836,2025-07-04 05:15:30,43.3577690124512,-8.84375476837158,"Male"
"6018403",371836,2025-07-04 05:20:30,43.357795715332,-8.84374046325684,"Male"
"6018403",371836,2025-07-04 05:25:30,43.3579597473145,-8.84380149841309,"Male"
"6018403",371836,2025-07-04 05:30:49,43.3580322265625,-8.84374523162842,"Male"
"6018403",371836,2025-07-04 05:35:23,43.3710670471191,-8.8618631362915,"Male"
"6018403",371836,2025-07-04 05:41:45,43.3925857543945,-8.89469432830811,"Male"
"6018403",371836,2025-07-04 05:46:45,43.4090232849121,-8.92247295379639,"Male"
"6018403",371836,2025-07-04 05:51:44,43.4237899780273,-8.94604873657227,"Male"
"6018403",371836,2025-07-04 05:55:25,43.4318084716797,-8.97802352905273,"Male"
"6018403",371836,2025-07-04 06:00:27,43.4350814819336,-9.00566005706787,"Male"
"6018403",371836,2025-07-04 06:05:25,43.4420471191406,-9.05422687530518,"Male"
"6018403",371836,2025-07-04 06:10:26,43.4499626159668,-9.09576225280762,"Male"
"6018403",371836,2025-07-04 06:15:25,43.4604454040527,-9.13821220397949,"Male"
"6018403",371836,2025-07-04 06:20:23,43.4665412902832,-9.18582725524902,"Male"
"6018403",371836,2025-07-04 06:25:23,43.4815139770508,-9.19600200653076,"Male"
"6018403",371836,2025-07-04 06:30:23,43.484260559082,-9.19348049163818,"Male"
"6018403",371836,2025-07-04 06:35:23,43.4835433959961,-9.17965412139893,"Male"
"6018403",371836,2025-07-04 06:40:24,43.471363067627,-9.15663146972656,"Male"
"6018403",371836,2025-07-04 06:45:23,43.4589500427246,-9.13516902923584,"Male"
"6018403",371836,2025-07-04 06:50:23,43.4446449279785,-9.11119270324707,"Male"
"6018403",371836,2025-07-04 06:55:22,43.431884765625,-9.0868616104126,"Male"
"6018403",371836,2025-07-04 07:00:23,43.4213752746582,-9.065993309021,"Male"
"6018403",371836,2025-07-04 07:05:23,43.4122200012207,-9.04559230804443,"Male"
"6018403",371836,2025-07-04 07:10:23,43.3997344970703,-9.01975059509277,"Male"
"6018403",371836,2025-07-04 07:15:23,43.3879089355469,-8.99458312988281,"Male"
"6018403",371836,2025-07-04 07:20:25,43.379020690918,-8.96907901763916,"Male"
"6018403",371836,2025-07-04 07:25:22,43.3744888305664,-8.94449234008789,"Male"
"6018403",371836,2025-07-04 07:30:22,43.3687782287598,-8.91871547698975,"Male"
"6018403",371836,2025-07-04 07:35:22,43.3651275634766,-8.89305210113525,"Male"
"6018403",371836,2025-07-04 07:40:22,43.3600807189941,-8.86648845672607,"Male"
"6018403",371836,2025-07-04 07:45:22,43.3574333190918,-8.84383392333984,"Male"
"6018403",371836,2025-07-04 07:50:27,43.3577003479004,-8.844069480896,"Male"
"6018403",371836,2025-07-04 07:55:22,43.3575210571289,-8.84371757507324,"Male"
"6018403",371836,2025-07-04 08:00:22,43.3574829101562,-8.8435583114624,"Male"
"6018403",371836,2025-07-04 08:05:23,43.3574371337891,-8.84362316131592,"Male"
"6018403",371836,2025-07-04 08:10:28,43.3577766418457,-8.84407043457031,"Male"
"6018403",371836,2025-07-04 08:15:23,43.3573760986328,-8.84367561340332,"Male"
"6018403",371836,2025-07-04 08:20:28,43.3575096130371,-8.8440580368042,"Male"
"6018403",371836,2025-07-04 08:25:30,43.3574829101562,-8.84423160552979,"Male"
"6018403",371836,2025-07-04 08:30:30,43.3574066162109,-8.8438606262207,"Male"
"6018403",371836,2025-07-04 08:35:27,43.3564262390137,-8.84312438964844,"Male"
"6018403",371836,2025-07-04 08:40:28,43.3577995300293,-8.84392642974854,"Male"
"6018403",371836,2025-07-04 08:45:31,43.358024597168,-8.84428691864014,"Male"
"6018403",371836,2025-07-04 08:50:36,43.3580169677734,-8.84385204315186,"Male"
"6018403",371836,2025-07-04 08:55:23,43.3577194213867,-8.8438081741333,"Male"
"6018403",371836,2025-07-04 09:00:30,43.3578338623047,-8.84384346008301,"Male"
"6018403",371836,2025-07-04 09:05:25,43.3578567504883,-8.84368133544922,"Male"
"6018403",371836,2025-07-04 09:10:28,43.3578643798828,-8.8435640335083,"Male"
"6018403",371836,2025-07-04 09:15:30,43.3578758239746,-8.8435640335083,"Male"
"6018403",371836,2025-07-04 09:20:24,43.357852935791,-8.84358787536621,"Male"
"6018403",371836,2025-07-04 09:25:30,43.3579177856445,-8.84329414367676,"Male"
"6018403",371836,2025-07-04 09:30:24,43.3579216003418,-8.8435583114624,"Male"
"6018403",371836,2025-07-04 09:35:23,43.3578720092773,-8.84367370605469,"Male"
"6018403",371836,2025-07-04 09:40:24,43.357723236084,-8.84391784667969,"Male"
"6018403",371836,2025-07-04 09:45:27,43.3580360412598,-8.84365558624268,"Male"
"6018403",371836,2025-07-04 09:50:24,43.3578872680664,-8.84380435943604,"Male"
"6018403",371836,2025-07-04 09:55:24,43.3577308654785,-8.84403514862061,"Male"
"6018403",371836,2025-07-04 10:00:27,43.3580513000488,-8.84375,"Male"
"6018403",371836,2025-07-04 10:05:25,43.3580665588379,-8.84375858306885,"Male"
"6018403",371836,2025-07-04 10:10:24,43.3578872680664,-8.84390830993652,"Male"
"6018403",371836,2025-07-04 10:15:23,43.357738494873,-8.84406089782715,"Male"
"6018403",371836,2025-07-04 10:20:23,43.3578338623047,-8.84397983551025,"Male"
"6018403",371836,2025-07-04 10:25:30,43.3580627441406,-8.84386920928955,"Male"
"6018403",371836,2025-07-04 10:30:25,43.3580474853516,-8.84382057189941,"Male"
"6018403",371836,2025-07-04 10:35:23,43.3580932617188,-8.84390735626221,"Male"
"6018403",371836,2025-07-04 10:40:25,43.358081817627,-8.84383010864258,"Male"
"6018403",371836,2025-07-04 10:45:27,43.3580055236816,-8.84387302398682,"Male"
"6018403",371836,2025-07-04 10:50:23,43.3724899291992,-8.85343170166016,"Male"
"6018403",371836,2025-07-04 10:55:23,43.3910713195801,-8.87139701843262,"Male"
"6018403",371836,2025-07-04 11:00:22,43.4087944030762,-8.88091278076172,"Male"
"6018403",371836,2025-07-04 11:05:29,43.4250373840332,-8.88178253173828,"Male"
"6018403",371836,2025-07-04 11:10:22,43.4276008605957,-8.88319301605225,"Male"
"6018403",371836,2025-07-04 11:15:22,43.4366912841797,-8.88948631286621,"Male"
"6018403",371836,2025-07-04 11:20:25,43.457103729248,-8.91004848480225,"Male"
"6018403",371836,2025-07-04 11:25:24,43.4776496887207,-8.928053855896,"Male"
"6018403",371836,2025-07-04 11:30:23,43.4990005493164,-8.94653701782227,"Male"
"6018403",371836,2025-07-04 11:35:23,43.5206642150879,-8.95309066772461,"Male"
"6018403",371836,2025-07-04 11:40:24,43.5433883666992,-8.9627103805542,"Male"
"6018403",371836,2025-07-04 11:45:24,43.5633277893066,-8.96263408660889,"Male"
"6018403",371836,2025-07-04 11:50:28,43.5825843811035,-8.96122741699219,"Male"
"6018403",371836,2025-07-04 11:55:25,43.5942535400391,-8.95120334625244,"Male"
"6018403",371836,2025-07-04 12:00:24,43.5852928161621,-8.93372535705566,"Male"
"6018403",371836,2025-07-04 12:05:24,43.5693969726562,-8.93773651123047,"Male"
"6018403",371836,2025-07-04 12:10:23,43.5662841796875,-8.95897006988525,"Male"
"6018403",371836,2025-07-04 12:15:27,43.5501861572266,-9.02832317352295,"Male"
"6018403",371836,2025-07-04 12:20:27,43.5528259277344,-9.03694915771484,"Male"
"6018403",371836,2025-07-04 12:25:31,43.5537147521973,-9.03858184814453,"Male"
"6018403",371836,2025-07-04 12:30:29,43.5538711547852,-9.04019451141357,"Male"
"6018403",371836,2025-07-04 12:35:31,43.5443496704102,-9.09205532073975,"Male"
"6018403",371836,2025-07-04 12:40:23,43.5074996948242,-9.15837574005127,"Male"
"6018403",371836,2025-07-04 12:45:24,43.4834861755371,-9.19249534606934,"Male"
"6018403",371836,2025-07-04 12:50:23,43.4797744750977,-9.1867618560791,"Male"
"6018403",371836,2025-07-04 12:55:23,43.4636764526367,-9.16201782226562,"Male"
"6018403",371836,2025-07-04 13:00:24,43.4499359130859,-9.13445091247559,"Male"
"6018403",371836,2025-07-04 13:05:23,43.4333801269531,-9.10833358764648,"Male"
"6018403",371836,2025-07-04 13:10:32,43.4130783081055,-9.0861120223999,"Male"
"6018403",371836,2025-07-04 13:15:23,43.3903541564941,-9.06632804870605,"Male"
"6018403",371836,2025-07-04 13:20:28,43.3699111938477,-9.04161834716797,"Male"
"6018403",371836,2025-07-04 13:25:37,43.3688735961914,-9.02327728271484,"Male"
"6018403",371836,2025-07-04 13:30:45,43.3701248168945,-9.0226526260376,"Male"
"6018403",371836,2025-07-04 13:35:41,43.3722457885742,-9.0229663848877,"Male"
"6018403",371836,2025-07-04 13:40:28,43.3717041015625,-9.00971031188965,"Male"
"6018403",371836,2025-07-04 13:45:58,43.3541870117188,-8.9815149307251,"Male"
"6018403",371836,2025-07-04 13:50:55,43.3372535705566,-8.95382690429688,"Male"
"6018403",371836,2025-07-04 13:55:59,43.3242340087891,-8.92814636230469,"Male"
"6018403",371836,2025-07-04 14:00:43,43.3210067749023,-8.90496349334717,"Male"
"6018403",371836,2025-07-04 14:05:22,43.3163261413574,-8.87840461730957,"Male"
"6018403",371836,2025-07-04 14:10:29,43.314136505127,-8.8563756942749,"Male"
"6018403",371836,2025-07-04 14:15:25,43.3142242431641,-8.85656261444092,"Male"
"6018403",371836,2025-07-04 14:20:39,43.3147468566895,-8.85684967041016,"Male"
"6018403",371836,2025-07-04 14:25:24,43.314395904541,-8.85632133483887,"Male"
"6018403",371836,2025-07-04 14:30:24,43.3148307800293,-8.85690975189209,"Male"
"6018403",371836,2025-07-04 14:35:31,43.3142738342285,-8.85646343231201,"Male"
"6018403",371836,2025-07-04 14:40:29,43.3143615722656,-8.85638999938965,"Male"
"6018403",371836,2025-07-04 14:45:30,43.3150825500488,-8.85715770721436,"Male"
"6018403",371836,2025-07-04 14:50:30,43.3151702880859,-8.85720348358154,"Male"
"6018403",371836,2025-07-04 14:55:27,43.315299987793,-8.85731410980225,"Male"
"6018403",371836,2025-07-04 15:00:44,43.3151817321777,-8.85715675354004,"Male"
"6018403",371836,2025-07-04 15:05:29,43.3156929016113,-8.85759353637695,"Male"
"6018403",371836,2025-07-04 15:10:24,43.3269195556641,-8.84865093231201,"Male"
"6018403",371836,2025-07-04 15:15:38,43.3449096679688,-8.83832931518555,"Male"
"6018403",371836,2025-07-04 15:21:36,43.3576164245605,-8.84417057037354,"Male"
"6018403",371836,2025-07-04 15:25:22,43.3576164245605,-8.84419631958008,"Male"
"6018403",371836,2025-07-04 15:30:22,43.3575134277344,-8.84434032440186,"Male"
"6018403",371836,2025-07-04 15:35:22,43.3575859069824,-8.84422588348389,"Male"
"6018403",371836,2025-07-04 15:40:22,43.3575706481934,-8.84412384033203,"Male"
"6018403",371836,2025-07-04 15:45:22,43.3576316833496,-8.84414482116699,"Male"
"6018403",371836,2025-07-04 15:50:24,43.3575782775879,-8.84416770935059,"Male"
"6018403",371836,2025-07-04 15:55:31,43.3576278686523,-8.84414482116699,"Male"
"6018403",371836,2025-07-04 16:00:25,43.3576507568359,-8.84415245056152,"Male"
"6018403",371836,2025-07-04 16:05:22,43.3576774597168,-8.84402942657471,"Male"
"6018403",371836,2025-07-04 16:10:23,43.3575973510742,-8.844162940979,"Male"
"6018403",371836,2025-07-04 16:15:28,43.3576278686523,-8.84412479400635,"Male"
"6018403",371836,2025-07-04 16:20:24,43.3576774597168,-8.84397888183594,"Male"
"6018403",371836,2025-07-04 16:25:30,43.3575134277344,-8.84442138671875,"Male"
"6018403",371836,2025-07-04 16:30:23,43.3576698303223,-8.84407424926758,"Male"
"6018403",371836,2025-07-04 16:35:23,43.3576889038086,-8.8440990447998,"Male"
"6018403",371836,2025-07-04 16:40:32,43.3575477600098,-8.84443473815918,"Male"
"6018403",371836,2025-07-04 16:45:27,43.3575706481934,-8.84446620941162,"Male"
"6018403",371836,2025-07-04 16:50:28,43.3575210571289,-8.84463596343994,"Male"
"6018403",371836,2025-07-04 16:55:29,43.3576507568359,-8.84436798095703,"Male"
"6018403",371836,2025-07-04 17:00:23,43.357738494873,-8.84428882598877,"Male"
"6018403",371836,2025-07-04 17:05:23,43.3651580810547,-8.84447479248047,"Male"
"6018403",371836,2025-07-04 17:10:23,43.3780517578125,-8.8656530380249,"Male"
"6018403",371836,2025-07-04 17:15:23,43.3782653808594,-8.8648796081543,"Male"
"6018403",371836,2025-07-04 17:20:23,43.3622550964355,-8.8493595123291,"Male"
"6018403",371836,2025-07-04 17:25:25,43.3578910827637,-8.84410762786865,"Male"
"6018403",371836,2025-07-04 17:30:24,43.3583068847656,-8.84458446502686,"Male"
"6018403",371836,2025-07-04 17:35:23,43.358585357666,-8.84391117095947,"Male"
"6018403",371836,2025-07-04 17:40:23,43.3578948974609,-8.84416007995605,"Male"
"6018403",371836,2025-07-04 17:45:23,43.3585395812988,-8.84409713745117,"Male"
"6018403",371836,2025-07-04 17:50:23,43.3584518432617,-8.8441801071167,"Male"
"6018403",371836,2025-07-04 17:55:24,43.3584671020508,-8.84420013427734,"Male"
"6018403",371836,2025-07-04 18:00:24,43.3582458496094,-8.84458923339844,"Male"
"6018403",371836,2025-07-04 18:05:25,43.3581962585449,-8.84468078613281,"Male"
"6018403",371836,2025-07-04 18:10:23,43.3586273193359,-8.84569835662842,"Male"
"6018403",371836,2025-07-04 18:15:24,43.3584480285645,-8.84429264068604,"Male"
"6018403",371836,2025-07-04 18:20:24,43.3584098815918,-8.84428787231445,"Male"
"6018403",371836,2025-07-04 18:25:24,43.3582229614258,-8.8451509475708,"Male"
"6018403",371836,2025-07-04 18:30:24,43.358024597168,-8.84459114074707,"Male"
"6018403",371836,2025-07-04 18:35:23,43.3580360412598,-8.84467697143555,"Male"
"6018403",371836,2025-07-04 18:40:24,43.3579711914062,-8.84450435638428,"Male"
"6018403",371836,2025-07-04 18:45:25,43.3577537536621,-8.8446044921875,"Male"
"6018403",371836,2025-07-04 18:50:24,43.357738494873,-8.84401416778564,"Male"
"6018403",371836,2025-07-04 18:55:25,43.3577003479004,-8.84430599212646,"Male"
"6018403",371836,2025-07-04 19:00:24,43.3579864501953,-8.84466552734375,"Male"
"6018403",371836,2025-07-04 19:05:25,43.3573150634766,-8.84418392181396,"Male"
"6018403",371836,2025-07-04 19:10:25,43.3579559326172,-8.84476566314697,"Male"
"6018403",371836,2025-07-04 19:15:27,43.3577308654785,-8.84431934356689,"Male"
"6018403",371836,2025-07-04 19:20:34,43.357837677002,-8.84380054473877,"Male"
"6018403",371836,2025-07-04 19:25:26,43.357723236084,-8.84400939941406,"Male"
"6018403",371836,2025-07-04 19:30:24,43.3641815185547,-8.84057998657227,"Male"
"6018403",371836,2025-07-04 19:35:24,43.3786468505859,-8.86577987670898,"Male"
"6018403",371836,2025-07-04 19:40:25,43.380973815918,-8.86991214752197,"Male"
"6018403",371836,2025-07-04 19:45:27,43.3632621765137,-8.84922981262207,"Male"
"6018403",371836,2025-07-04 19:50:24,43.3577461242676,-8.84409141540527,"Male"
"6018403",371836,2025-07-04 19:55:25,43.3578948974609,-8.84395503997803,"Male"
"6018403",371836,2025-07-04 20:00:35,43.3577575683594,-8.84417915344238,"Male"
"6018403",371836,2025-07-04 20:05:26,43.357479095459,-8.84367942810059,"Male"
"6018403",371836,2025-07-04 20:10:27,43.3579368591309,-8.84389686584473,"Male"
"6018403",371836,2025-07-04 20:15:25,43.3580894470215,-8.84344482421875,"Male"
"6018403",371836,2025-07-04 20:20:28,43.3581809997559,-8.84349250793457,"Male"
"6018403",371836,2025-07-04 20:25:27,43.3581390380859,-8.84360313415527,"Male"
"6018403",371836,2025-07-04 20:30:28,43.3577270507812,-8.84378242492676,"Male"
"6018403",371836,2025-07-04 20:35:26,43.3576278686523,-8.84373378753662,"Male"
"6018403",371836,2025-07-04 20:40:26,43.3587036132812,-8.84610176086426,"Male"
"6018403",371836,2025-07-04 20:45:31,43.357852935791,-8.84378337860107,"Male"
"6018403",371836,2025-07-04 20:50:37,43.3577308654785,-8.84387016296387,"Male"
"6018403",371836,2025-07-04 20:55:28,43.3583450317383,-8.84386730194092,"Male"
"6018403",371836,2025-07-04 21:00:31,43.3578033447266,-8.8439998626709,"Male"
"6018403",371836,2025-07-04 21:05:37,43.357551574707,-8.84383487701416,"Male"
"6018403",371836,2025-07-04 21:10:30,43.3574485778809,-8.84335803985596,"Male"
"6018403",371836,2025-07-04 21:15:35,43.3573455810547,-8.84336376190186,"Male"
"6018403",371836,2025-07-04 21:20:27,43.3579711914062,-8.84370517730713,"Male"
"6018403",371836,2025-07-04 21:25:27,43.358211517334,-8.84373569488525,"Male"
"6018403",371836,2025-07-04 21:30:36,43.3581466674805,-8.84472274780273,"Male"
"6018403",371836,2025-07-04 21:35:30,43.3566055297852,-8.84437656402588,"Male"
"6018403",371836,2025-07-04 21:40:37,43.3583908081055,-8.84479999542236,"Male"
"6018403",371836,2025-07-04 21:45:40,43.3579711914062,-8.84405612945557,"Male"
"6018403",371836,2025-07-04 21:50:59,43.3576736450195,-8.84403514862061,"Male"
"6018403",371836,2025-07-04 21:55:23,43.3575973510742,-8.84409809112549,"Male"
"6018403",371836,2025-07-04 22:00:23,43.3576126098633,-8.84410858154297,"Male"
"6018403",371836,2025-07-04 22:05:23,43.3576202392578,-8.84409141540527,"Male"
"6018403",371836,2025-07-04 22:10:24,43.3576316833496,-8.84410285949707,"Male"
"6018403",371836,2025-07-04 22:15:24,43.3576049804688,-8.84414863586426,"Male"
"6018403",371836,2025-07-04 22:20:24,43.3575820922852,-8.8441276550293,"Male"
"6018403",371836,2025-07-04 22:25:23,43.3575439453125,-8.84402656555176,"Male"
"6018403",371836,2025-07-04 22:30:23,43.3576202392578,-8.84405994415283,"Male"
"6018403",371836,2025-07-04 22:35:24,43.3576126098633,-8.84408855438232,"Male"
"6018403",371836,2025-07-04 22:40:24,43.3576316833496,-8.84407424926758,"Male"
"6018403",371836,2025-07-04 22:45:24,43.3575706481934,-8.84409427642822,"Male"
"6018403",371836,2025-07-04 22:50:24,43.3576049804688,-8.84412288665771,"Male"
"6018403",371836,2025-07-04 22:55:24,43.3575820922852,-8.84407329559326,"Male"
"6018403",371836,2025-07-04 23:00:24,43.3575248718262,-8.84408855438232,"Male"
"6018403",371836,2025-07-04 23:05:24,43.3576049804688,-8.84406280517578,"Male"
"6018403",371836,2025-07-04 23:10:24,43.357551574707,-8.84405994415283,"Male"
"6018403",371836,2025-07-04 23:15:24,43.3575630187988,-8.84403133392334,"Male"
"6018403",371836,2025-07-04 23:20:24,43.3576049804688,-8.8440637588501,"Male"
"6018403",371836,2025-07-04 23:25:27,43.3575401306152,-8.8441333770752,"Male"
"6018403",371836,2025-07-04 23:30:24,43.3574676513672,-8.84411239624023,"Male"
"6018403",371836,2025-07-04 23:35:24,43.3575973510742,-8.84406852722168,"Male"
"6018403",371836,2025-07-04 23:40:24,43.3575706481934,-8.84398937225342,"Male"
"6018403",371836,2025-07-04 23:45:24,43.3576354980469,-8.84398365020752,"Male"
"6018403",371836,2025-07-04 23:50:24,43.3576049804688,-8.84432411193848,"Male"
"6018403",371836,2025-07-04 23:55:24,43.3574600219727,-8.84429931640625,"Male"
"6018403",371836,2025-07-05 00:00:24,43.3575973510742,-8.84417247772217,"Male"
"6018403",371836,2025-07-05 00:05:36,43.3576965332031,-8.84401607513428,"Male"
"6018403",371836,2025-07-05 00:10:25,43.3577690124512,-8.84413433074951,"Male"
"6018403",371836,2025-07-05 00:15:24,43.3577537536621,-8.84413623809814,"Male"
"6018403",371836,2025-07-05 00:20:29,43.35791015625,-8.84429454803467,"Male"
"6018403",371836,2025-07-05 00:25:37,43.3576965332031,-8.84406852722168,"Male"
"6018403",371836,2025-07-05 00:30:24,43.3577613830566,-8.84407138824463,"Male"
"6018403",371836,2025-07-05 00:35:28,43.357795715332,-8.84402942657471,"Male"
"6018403",371836,2025-07-05 00:40:27,43.35791015625,-8.84412002563477,"Male"
"6018403",371836,2025-07-05 00:45:27,43.3577613830566,-8.84411334991455,"Male"
"6018403",371836,2025-07-05 00:50:44,43.3577919006348,-8.84406089782715,"Male"
"6018403",371836,2025-07-05 00:55:25,43.3578796386719,-8.84401512145996,"Male"
"6018403",371836,2025-07-05 01:00:26,43.3578224182129,-8.84408950805664,"Male"
"6018403",371836,2025-07-05 01:05:27,43.357852935791,-8.8440465927124,"Male"
"6018403",371836,2025-07-05 01:10:44,43.3577117919922,-8.84391403198242,"Male"
"6018403",371836,2025-07-05 01:15:27,43.3575820922852,-8.84398651123047,"Male"
"6018403",371836,2025-07-05 01:20:27,43.3578681945801,-8.84450626373291,"Male"
"6018403",371836,2025-07-05 01:25:59,43.3576507568359,-8.84423446655273,"Male"
"6018403",371836,2025-07-05 01:30:24,43.3576393127441,-8.84408760070801,"Male"
"6018403",371836,2025-07-05 01:35:26,43.3575477600098,-8.84409809112549,"Male"
"6018403",371836,2025-07-05 01:40:25,43.3578338623047,-8.84421634674072,"Male"
"6018403",371836,2025-07-05 01:45:24,43.3577880859375,-8.84424495697021,"Male"
"6018403",371836,2025-07-05 01:50:25,43.357795715332,-8.84430503845215,"Male"
"6018403",371836,2025-07-05 01:55:27,43.3578147888184,-8.84426498413086,"Male"
"6018403",371836,2025-07-05 02:00:44,43.3576889038086,-8.84401893615723,"Male"
"6018403",371836,2025-07-05 02:05:24,43.3577499389648,-8.84414672851562,"Male"
"6018403",371836,2025-07-05 02:10:25,43.3575859069824,-8.84412097930908,"Male"
"6018403",371836,2025-07-05 02:15:25,43.3576850891113,-8.84344863891602,"Male"
"6018403",371836,2025-07-05 02:20:24,43.3577270507812,-8.84457969665527,"Male"
"6018403",371836,2025-07-05 02:25:24,43.3577270507812,-8.84461975097656,"Male"
"6018403",371836,2025-07-05 02:30:24,43.3576469421387,-8.84462928771973,"Male"
"6018403",371836,2025-07-05 02:35:25,43.3577575683594,-8.84456443786621,"Male"
"6018403",371836,2025-07-05 02:40:25,43.3583106994629,-8.84393882751465,"Male"
"6018403",371836,2025-07-05 02:45:24,43.357852935791,-8.84444904327393,"Male"
"6018403",371836,2025-07-05 02:50:24,43.3578338623047,-8.84444332122803,"Male"
"6018403",371836,2025-07-05 02:55:24,43.3577651977539,-8.84451198577881,"Male"
"6018403",371836,2025-07-05 03:00:25,43.3577613830566,-8.84452247619629,"Male"
"6018403",371836,2025-07-05 03:05:25,43.357666015625,-8.8445463180542,"Male"
"6018403",371836,2025-07-05 03:10:24,43.3577194213867,-8.84442901611328,"Male"
"6018403",371836,2025-07-05 03:15:24,43.3575820922852,-8.84469890594482,"Male"
"6018403",371836,2025-07-05 03:20:24,43.357738494873,-8.84436321258545,"Male"
"6018403",371836,2025-07-05 03:25:27,43.3576507568359,-8.84453678131104,"Male"
"6018403",371836,2025-07-05 03:30:28,43.3576622009277,-8.84435558319092,"Male"
"6018403",371836,2025-07-05 03:35:28,43.356819152832,-8.84539604187012,"Male"
"6018403",371836,2025-07-05 03:40:36,43.3577461242676,-8.84426784515381,"Male"
"6018403",371836,2025-07-05 03:45:36,43.3577499389648,-8.8442440032959,"Male"
"6018403",371836,2025-07-05 03:50:31,43.3578681945801,-8.84404373168945,"Male"
"6018403",371836,2025-07-05 03:55:27,43.3575172424316,-8.84444332122803,"Male"
"6018403",371836,2025-07-05 04:00:36,43.3577690124512,-8.84413528442383,"Male"
"6018403",371836,2025-07-05 04:05:30,43.3578071594238,-8.84410667419434,"Male"
"6018403",371836,2025-07-05 04:10:36,43.3577308654785,-8.84409999847412,"Male"
"6018403",371836,2025-07-05 04:15:26,43.3577117919922,-8.84410858154297,"Male"
"6018403",371836,2025-07-05 04:20:36,43.357723236084,-8.84405994415283,"Male"
"6018403",371836,2025-07-05 04:25:38,43.3576850891113,-8.84408187866211,"Male"
"6018403",371836,2025-07-05 04:30:37,43.3577461242676,-8.84401988983154,"Male"
"6018403",371836,2025-07-05 04:35:49,43.3577079772949,-8.84401512145996,"Male"
"6018403",371836,2025-07-05 04:40:59,43.3576850891113,-8.84404945373535,"Male"
"6018403",371836,2025-07-05 04:45:29,43.3576889038086,-8.84411239624023,"Male"
"6018403",371836,2025-07-05 04:50:27,43.3577995300293,-8.84409618377686,"Male"
"6018403",371836,2025-07-05 04:55:37,43.357738494873,-8.84425735473633,"Male"
"6018403",371836,2025-07-05 05:00:26,43.3577651977539,-8.84432983398438,"Male"
"6018403",371836,2025-07-05 05:05:25,43.3577880859375,-8.84417247772217,"Male"
"6018403",371836,2025-07-05 05:10:27,43.3576774597168,-8.84429454803467,"Male"
"6018403",371836,2025-07-05 05:15:40,43.3579559326172,-8.84427070617676,"Male"
"6018403",371836,2025-07-05 05:20:25,43.362060546875,-8.8271656036377,"Male"
"6018403",371836,2025-07-05 05:25:26,43.3606262207031,-8.82598209381104,"Male"
"6018403",371836,2025-07-05 05:30:26,43.3617134094238,-8.82648468017578,"Male"
"6018403",371836,2025-07-05 05:35:29,43.359992980957,-8.82711219787598,"Male"
"6018403",371836,2025-07-05 05:40:27,43.3578681945801,-8.84439563751221,"Male"
"6018403",371836,2025-07-05 05:45:35,43.3579216003418,-8.84432411193848,"Male"
"6018403",371836,2025-07-05 05:50:59,43.3578834533691,-8.84414386749268,"Male"
"6018403",371836,2025-07-05 05:55:27,43.3579139709473,-8.84403324127197,"Male"
"6018403",371836,2025-07-05 06:00:33,43.3577423095703,-8.84397125244141,"Male"
"6018403",371836,2025-07-05 06:05:25,43.3578033447266,-8.84414482116699,"Male"
"6018403",371836,2025-07-05 06:10:25,43.3578300476074,-8.84408092498779,"Male"
"6018403",371836,2025-07-05 06:15:24,43.3576583862305,-8.844162940979,"Male"
"6018403",371836,2025-07-05 06:20:26,43.3573570251465,-8.84305858612061,"Male"
"6018403",371836,2025-07-05 06:25:24,43.3577079772949,-8.84414100646973,"Male"
"6018403",371836,2025-07-05 06:30:27,43.3576431274414,-8.84424495697021,"Male"
"6018403",371836,2025-07-05 06:35:26,43.3576545715332,-8.84427833557129,"Male"
"6018403",371836,2025-07-05 06:40:26,43.357551574707,-8.84427833557129,"Male"
"6018403",371836,2025-07-05 06:45:24,43.3576469421387,-8.84380149841309,"Male"
"6018403",371836,2025-07-05 06:50:26,43.3578872680664,-8.84431838989258,"Male"
"6018403",371836,2025-07-05 06:55:26,43.3578414916992,-8.84439373016357,"Male"
"6018403",371836,2025-07-05 07:00:27,43.3577995300293,-8.84423828125,"Male"
"6018403",371836,2025-07-05 07:05:24,43.3576316833496,-8.84389019012451,"Male"
"6018403",371836,2025-07-05 07:10:26,43.3576240539551,-8.84404468536377,"Male"
"6018403",371836,2025-07-05 07:15:25,43.357536315918,-8.84407329559326,"Male"
"6018403",371836,2025-07-05 07:20:26,43.3575973510742,-8.84395885467529,"Male"
"6018403",371836,2025-07-05 07:25:26,43.3576469421387,-8.84367752075195,"Male"
"6018403",371836,2025-07-05 07:30:36,43.3576393127441,-8.84426403045654,"Male"
"6018403",371836,2025-07-05 07:35:25,43.357738494873,-8.8446102142334,"Male"
"6018403",371836,2025-07-05 07:40:29,43.3576965332031,-8.8442268371582,"Male"
"6018403",371836,2025-07-05 07:45:28,43.3576622009277,-8.84415340423584,"Male"
"6018403",371836,2025-07-05 07:50:27,43.3577117919922,-8.84409523010254,"Male"
"6018403",371836,2025-07-05 07:55:26,43.3576469421387,-8.84416675567627,"Male"
"6018403",371836,2025-07-05 08:00:30,43.3576507568359,-8.84417915344238,"Male"
"6018403",371836,2025-07-05 08:05:27,43.3608131408691,-8.84273624420166,"Male"
"6018403",371836,2025-07-05 08:10:26,43.3628883361816,-8.81413555145264,"Male"
"6018403",371836,2025-07-05 08:15:28,43.3694686889648,-8.78396606445312,"Male"
"6018403",371836,2025-07-05 08:20:26,43.3787155151367,-8.75746822357178,"Male"
"6018403",371836,2025-07-05 08:25:38,43.3790245056152,-8.72668743133545,"Male"
"6018403",371836,2025-07-05 08:31:24,43.3690757751465,-8.69515800476074,"Male"
"6018403",371836,2025-07-05 08:36:20,43.3726119995117,-8.70002937316895,"Male"
"6018403",371836,2025-07-05 08:40:38,43.3788032531738,-8.71818733215332,"Male"
"6018403",371836,2025-07-05 08:45:42,43.3789215087891,-8.7144718170166,"Male"
"6018403",371836,2025-07-05 08:51:02,43.3786888122559,-8.7157678604126,"Male"
"6018403",371836,2025-07-05 08:55:37,43.3668670654297,-8.74164199829102,"Male"
"6018403",371836,2025-07-05 09:00:39,43.3450736999512,-8.79550743103027,"Male"
"6018403",371836,2025-07-05 09:05:41,43.3410224914551,-8.82958126068115,"Male"
"6018403",371836,2025-07-05 09:11:10,43.3606338500977,-8.84606456756592,"Male"
"6018403",371836,2025-07-05 09:15:42,43.3579216003418,-8.84420490264893,"Male"
"6018403",371836,2025-07-05 09:20:40,43.3580207824707,-8.84357643127441,"Male"
"6018403",371836,2025-07-05 09:25:49,43.358039855957,-8.84365940093994,"Male"
"6018403",371836,2025-07-05 09:30:38,43.3580780029297,-8.84408950805664,"Male"
"6018403",371836,2025-07-05 09:35:37,43.3579063415527,-8.84390163421631,"Male"
"6018403",371836,2025-07-05 09:40:56,43.3578567504883,-8.84438419342041,"Male"
"6018403",371836,2025-07-05 09:45:41,43.358039855957,-8.84366989135742,"Male"
"6018403",371836,2025-07-05 09:50:39,43.3579368591309,-8.84366416931152,"Male"
"6018403",371836,2025-07-05 09:55:41,43.3579750061035,-8.84395122528076,"Male"
"6018403",371836,2025-07-05 10:01:01,43.3576316833496,-8.84413051605225,"Male"
"6018403",371836,2025-07-05 10:05:37,43.3576164245605,-8.84420204162598,"Male"
"6018403",371836,2025-07-05 10:10:37,43.3573875427246,-8.84419631958008,"Male"
"6018403",371836,2025-07-05 10:15:41,43.3576774597168,-8.84405708312988,"Male"
"6018403",371836,2025-07-05 10:20:37,43.3576583862305,-8.84408569335938,"Male"
"6018403",371836,2025-07-05 10:25:36,43.3575706481934,-8.84418869018555,"Male"
"6018403",371836,2025-07-05 10:30:36,43.3576126098633,-8.84414482116699,"Male"
"6018403",371836,2025-07-05 10:35:36,43.3575859069824,-8.84407329559326,"Male"
"6018403",371836,2025-07-05 10:40:38,43.3577041625977,-8.84400844573975,"Male"
"6018403",371836,2025-07-05 10:45:41,43.3575401306152,-8.84414005279541,"Male"
"6018403",371836,2025-07-05 10:50:38,43.357593536377,-8.84408760070801,"Male"
"6018403",371836,2025-07-05 10:55:37,43.3575706481934,-8.84403228759766,"Male"
"6018403",371836,2025-07-05 11:00:37,43.3576507568359,-8.84405040740967,"Male"
"6018403",371836,2025-07-05 11:05:37,43.3576126098633,-8.84409332275391,"Male"
"6018403",371836,2025-07-05 11:10:36,43.3576469421387,-8.84412670135498,"Male"
"6018403",371836,2025-07-05 11:15:36,43.3576278686523,-8.84415149688721,"Male"
"6018403",371836,2025-07-05 11:20:39,43.3576507568359,-8.84407424926758,"Male"
"6018403",371836,2025-07-05 11:25:37,43.3576927185059,-8.84409618377686,"Male"
"6018403",371836,2025-07-05 11:30:37,43.3575439453125,-8.84422397613525,"Male"
"6018403",371836,2025-07-05 11:35:36,43.3576850891113,-8.84407520294189,"Male"
"6018403",371836,2025-07-05 11:40:36,43.3575134277344,-8.84412384033203,"Male"
"6018403",371836,2025-07-05 11:45:36,43.3576202392578,-8.84455013275146,"Male"
"6018403",371836,2025-07-05 11:50:37,43.3690605163574,-8.87608051300049,"Male"
"6018403",371836,2025-07-05 11:55:37,43.3746871948242,-8.8874454498291,"Male"
"6018403",371836,2025-07-05 12:00:37,43.3591995239258,-8.85067081451416,"Male"
"6018403",371836,2025-07-05 12:05:38,43.3577041625977,-8.84405612945557,"Male"
"6018403",371836,2025-07-05 12:10:40,43.3577690124512,-8.84397602081299,"Male"
"6018403",371836,2025-07-05 12:15:40,43.3576622009277,-8.84428882598877,"Male"
"6018403",371836,2025-07-05 12:20:37,43.3578186035156,-8.84412384033203,"Male"
"6018403",371836,2025-07-05 12:25:37,43.3577613830566,-8.84395217895508,"Male"
"6018403",371836,2025-07-05 12:30:41,43.3576698303223,-8.84418678283691,"Male"
"6018403",371836,2025-07-05 12:35:48,43.3577537536621,-8.84400463104248,"Male"
"6018403",371836,2025-07-05 12:40:46,43.3576622009277,-8.84414863586426,"Male"
"6018403",371836,2025-07-05 12:45:37,43.3578414916992,-8.84388637542725,"Male"
"6018403",371836,2025-07-05 12:50:48,43.3577041625977,-8.84410285949707,"Male"
"6018403",371836,2025-07-05 12:55:37,43.3576240539551,-8.84430027008057,"Male"
"6018403",371836,2025-07-05 13:01:05,43.3576393127441,-8.84414863586426,"Male"
"6018403",371836,2025-07-05 13:05:39,43.357536315918,-8.84411144256592,"Male"
"6018403",371836,2025-07-05 13:10:40,43.3576164245605,-8.84415721893311,"Male"
"6018403",371836,2025-07-05 13:15:37,43.3576202392578,-8.84429359436035,"Male"
"6018403",371836,2025-07-05 13:20:39,43.3574752807617,-8.84410953521729,"Male"
"6018403",371836,2025-07-05 13:25:38,43.3577079772949,-8.84429454803467,"Male"
"6018403",371836,2025-07-05 13:30:37,43.3576889038086,-8.84419727325439,"Male"
"6018403",371836,2025-07-05 13:35:37,43.3575859069824,-8.84415626525879,"Male"
"6018403",371836,2025-07-05 13:40:41,43.357551574707,-8.84413528442383,"Male"
"6018403",371836,2025-07-05 13:45:37,43.3575553894043,-8.84409046173096,"Male"
"6018403",371836,2025-07-05 13:50:38,43.3576812744141,-8.84420680999756,"Male"
"6018403",371836,2025-07-05 13:55:36,43.3575820922852,-8.84413242340088,"Male"
"6018403",371836,2025-07-05 14:00:37,43.3575820922852,-8.84415626525879,"Male"
"6018403",371836,2025-07-05 14:05:37,43.3576583862305,-8.84420108795166,"Male"
"6018403",371836,2025-07-05 14:10:37,43.3575820922852,-8.84412097930908,"Male"
"6018403",371836,2025-07-05 14:15:38,43.3577270507812,-8.84423160552979,"Male"
"6018403",371836,2025-07-05 14:20:38,43.3577156066895,-8.84423637390137,"Male"
"6018403",371836,2025-07-05 14:25:38,43.3618354797363,-8.84135341644287,"Male"
"6018403",371836,2025-07-05 14:30:37,43.3789100646973,-8.83735752105713,"Male"
"6018403",371836,2025-07-05 14:35:38,43.3980140686035,-8.84095573425293,"Male"
"6018403",371836,2025-07-05 14:40:38,43.4172477722168,-8.84935569763184,"Male"
"6018403",371836,2025-07-05 14:45:39,43.4369926452637,-8.84666442871094,"Male"
"6018403",371836,2025-07-05 14:50:38,43.456413269043,-8.86015701293945,"Male"
"6018403",371836,2025-07-05 14:55:38,43.4752464294434,-8.87699508666992,"Male"
"6018403",371836,2025-07-05 15:00:39,43.4944076538086,-8.88602924346924,"Male"
"6018403",371836,2025-07-05 15:05:38,43.5060729980469,-8.91638660430908,"Male"
"6018403",371836,2025-07-05 15:10:38,43.5141258239746,-8.94036293029785,"Male"
"6018403",371836,2025-07-05 15:15:37,43.5203590393066,-8.98051929473877,"Male"
"6018403",371836,2025-07-05 15:20:41,43.5188064575195,-9.0294713973999,"Male"
"6018403",371836,2025-07-05 15:25:41,43.5020713806152,-9.08425235748291,"Male"
"6018403",371836,2025-07-05 15:31:05,43.4595756530762,-9.1436185836792,"Male"
"6018403",371836,2025-07-05 15:35:37,43.4178657531738,-9.19059085845947,"Male"
"6018403",371836,2025-07-05 15:40:38,43.4029197692871,-9.24294090270996,"Male"
"6018403",371836,2025-07-05 15:45:39,43.4063491821289,-9.23336505889893,"Male"
"6018403",371836,2025-07-05 15:50:40,43.4156112670898,-9.22298622131348,"Male"
"6018403",371836,2025-07-05 16:00:36,43.4388885498047,-9.20986366271973,"Male"
"6018403",371836,2025-07-05 16:05:37,43.4512786865234,-9.20539474487305,"Male"
"6018403",371836,2025-07-05 16:10:36,43.4601898193359,-9.21694374084473,"Male"
"6018403",371836,2025-07-05 16:15:36,43.4760551452637,-9.21363162994385,"Male"
"6018403",371836,2025-07-05 16:20:41,43.4811515808105,-9.21119022369385,"Male"
"6018403",371836,2025-07-05 16:25:36,43.4887161254883,-9.21030139923096,"Male"
"6018403",371836,2025-07-05 16:30:37,43.498420715332,-9.22525691986084,"Male"
"6018403",371836,2025-07-05 16:35:37,43.5108528137207,-9.23116683959961,"Male"
"6018403",371836,2025-07-05 16:40:36,43.5156440734863,-9.21123886108398,"Male"
"6018403",371836,2025-07-05 16:45:37,43.5180206298828,-9.18816471099854,"Male"
"6018403",371836,2025-07-05 16:50:36,43.5294952392578,-9.17694664001465,"Male"
"6018403",371836,2025-07-05 16:55:37,43.5359191894531,-9.15789031982422,"Male"
"6018403",371836,2025-07-05 17:00:37,43.5452880859375,-9.1461124420166,"Male"
"6018403",371836,2025-07-05 17:05:37,43.5567054748535,-9.14739036560059,"Male"
"6018403",371836,2025-07-05 17:10:37,43.5685005187988,-9.15420532226562,"Male"
"6018403",371836,2025-07-05 17:15:37,43.5790519714355,-9.14944553375244,"Male"
"6018403",371836,2025-07-05 17:20:38,43.5897216796875,-9.13906574249268,"Male"
"6018403",371836,2025-07-05 17:25:37,43.5950965881348,-9.11811256408691,"Male"
"6018403",371836,2025-07-05 17:30:37,43.6091156005859,-9.12425804138184,"Male"
"6018403",371836,2025-07-05 17:35:37,43.6153945922852,-9.14323902130127,"Male"
"6018403",371836,2025-07-05 17:40:37,43.6210899353027,-9.166335105896,"Male"
"6018403",371836,2025-07-05 17:45:37,43.6324157714844,-9.16750431060791,"Male"
"6018403",371836,2025-07-05 17:50:37,43.6409111022949,-9.16554832458496,"Male"
"6018403",371836,2025-07-05 17:55:37,43.6501083374023,-9.14944839477539,"Male"
"6018403",371836,2025-07-05 18:00:37,43.6434783935547,-9.11959743499756,"Male"
"6018403",371836,2025-07-05 18:05:37,43.6481246948242,-9.09830570220947,"Male"
"6018403",371836,2025-07-05 18:10:37,43.6441535949707,-9.06845664978027,"Male"
"6018403",371836,2025-07-05 18:15:38,43.6441268920898,-9.04154968261719,"Male"
"6018403",371836,2025-07-05 18:20:37,43.6518821716309,-9.03750228881836,"Male"
"6018403",371836,2025-07-05 18:25:37,43.6515426635742,-9.02915000915527,"Male"
"6018403",371836,2025-07-05 18:30:37,43.6514701843262,-9.00252151489258,"Male"
"6018403",371836,2025-07-05 18:35:38,43.6449737548828,-8.96684074401855,"Male"
"6018403",371836,2025-07-05 18:40:37,43.6542015075684,-8.95079612731934,"Male"
"6018403",371836,2025-07-05 18:45:37,43.6675338745117,-8.93717288970947,"Male"
"6018403",371836,2025-07-05 18:50:37,43.6769676208496,-8.92584419250488,"Male"
"6018403",371836,2025-07-05 18:55:37,43.682502746582,-8.90389728546143,"Male"
"6018403",371836,2025-07-05 19:00:38,43.6930885314941,-8.90244102478027,"Male"
"6018403",371836,2025-07-05 19:05:37,43.6994934082031,-8.88209629058838,"Male"
"6018403",371836,2025-07-05 19:10:37,43.7076148986816,-8.86058235168457,"Male"
"6018403",371836,2025-07-05 19:15:37,43.713939666748,-8.83603382110596,"Male"
"6018403",371836,2025-07-05 19:20:37,43.7164421081543,-8.80858707427979,"Male"
"6018403",371836,2025-07-05 19:25:37,43.7256965637207,-8.79899501800537,"Male"
"6018403",371836,2025-07-05 19:30:38,43.7332458496094,-8.77684783935547,"Male"
"6018403",371836,2025-07-05 19:35:37,43.7457809448242,-8.7625789642334,"Male"
"6018403",371836,2025-07-05 19:40:38,43.7590484619141,-8.75650691986084,"Male"
"6018403",371836,2025-07-05 19:45:38,43.7593955993652,-8.72754287719727,"Male"
"6018403",371836,2025-07-05 19:50:41,43.7432670593262,-8.69089984893799,"Male"
"6018403",371836,2025-07-05 19:55:39,43.7251815795898,-8.65546226501465,"Male"
"6018403",371836,2025-07-05 20:00:42,43.6895484924316,-8.63666439056396,"Male"
"6018403",371836,2025-07-05 20:05:40,43.645076751709,-8.61797523498535,"Male"
"6018403",371836,2025-07-05 20:10:46,43.6091384887695,-8.60665035247803,"Male"
"6018403",371836,2025-07-05 20:15:41,43.6080665588379,-8.6070032119751,"Male"
"6018403",371836,2025-07-05 20:20:42,43.606761932373,-8.60726070404053,"Male"
"6018403",371836,2025-07-05 20:31:06,43.6042518615723,-8.60857963562012,"Male"
"6018403",371836,2025-07-05 20:36:10,43.5669097900391,-8.65237045288086,"Male"
"6018403",371836,2025-07-05 20:41:06,43.5180282592773,-8.68780708312988,"Male"
"6018403",371836,2025-07-05 20:46:07,43.465446472168,-8.72406768798828,"Male"
"6018403",371836,2025-07-05 20:51:09,43.4137153625488,-8.765549659729,"Male"
"6018403",371836,2025-07-05 20:56:06,43.3737411499023,-8.81711673736572,"Male"
"6018403",371836,2025-07-05 21:01:09,43.3578872680664,-8.84385204315186,"Male"
"6018403",371836,2025-07-05 21:06:13,43.3580894470215,-8.84391117095947,"Male"
"6018403",371836,2025-07-05 21:11:07,43.3579711914062,-8.84404850006104,"Male"
"6018403",371836,2025-07-05 21:16:09,43.3581466674805,-8.8440637588501,"Male"
"6018403",371836,2025-07-05 21:21:07,43.357982635498,-8.84404277801514,"Male"
"6018403",371836,2025-07-05 21:26:06,43.3577423095703,-8.84399318695068,"Male"
"6018403",371836,2025-07-05 21:31:13,43.3579330444336,-8.84362030029297,"Male"
"6018403",371836,2025-07-05 21:36:09,43.3578033447266,-8.84379005432129,"Male"
"6018403",371836,2025-07-05 21:41:10,43.3579406738281,-8.84385585784912,"Male"
"6018403",371836,2025-07-05 21:46:10,43.3578491210938,-8.84387493133545,"Male"
"6018403",371836,2025-07-05 21:51:35,43.3576469421387,-8.84402847290039,"Male"
"6018403",371836,2025-07-05 21:56:05,43.3575630187988,-8.84419441223145,"Male"
"6018403",371836,2025-07-05 22:01:05,43.3576278686523,-8.843918800354,"Male"
"6018403",371836,2025-07-05 22:06:04,43.3575592041016,-8.8441219329834,"Male"
"6018403",371836,2025-07-05 22:11:05,43.3574180603027,-8.84411716461182,"Male"
"6018403",371836,2025-07-05 22:16:04,43.3575592041016,-8.84424209594727,"Male"
"6018403",371836,2025-07-05 22:21:05,43.3577041625977,-8.84403038024902,"Male"
"6018403",371836,2025-07-05 22:26:04,43.357608795166,-8.8440637588501,"Male"
"6018403",371836,2025-07-05 22:31:05,43.3576202392578,-8.8441219329834,"Male"
"6018403",371836,2025-07-05 22:36:04,43.357551574707,-8.84412288665771,"Male"
"6018403",371836,2025-07-05 22:41:04,43.3575630187988,-8.84409713745117,"Male"
"6018403",371836,2025-07-05 22:46:04,43.3575439453125,-8.84401702880859,"Male"
"6018403",371836,2025-07-05 22:51:04,43.3575210571289,-8.84402465820312,"Male"
"6018403",371836,2025-07-05 22:56:04,43.3574333190918,-8.8440523147583,"Male"
"6018403",371836,2025-07-05 23:01:05,43.3575820922852,-8.84412860870361,"Male"
"6018403",371836,2025-07-05 23:06:05,43.3575286865234,-8.84409523010254,"Male"
"6018403",371836,2025-07-05 23:11:05,43.3575057983398,-8.84389114379883,"Male"
"6018403",371836,2025-07-05 23:16:05,43.357494354248,-8.84397792816162,"Male"
"6018403",371836,2025-07-05 23:21:05,43.357479095459,-8.84418773651123,"Male"
"6018403",371836,2025-07-05 23:26:06,43.3575057983398,-8.84417533874512,"Male"
"6018403",371836,2025-07-05 23:31:06,43.3575019836426,-8.84419727325439,"Male"
"6018403",371836,2025-07-05 23:36:05,43.3574447631836,-8.84408760070801,"Male"
"6018403",371836,2025-07-05 23:41:05,43.357494354248,-8.84415245056152,"Male"
"6018403",371836,2025-07-05 23:46:05,43.3574562072754,-8.84409618377686,"Male"
"6018403",371836,2025-07-05 23:51:07,43.3577690124512,-8.84419250488281,"Male"
"6018403",371836,2025-07-05 23:56:08,43.3577423095703,-8.84391021728516,"Male"
"6018403",371836,2025-07-06 00:01:09,43.3576850891113,-8.8438138961792,"Male"
"6018403",371836,2025-07-06 00:06:07,43.3577270507812,-8.84372997283936,"Male"
"6018403",371836,2025-07-06 00:11:06,43.3577156066895,-8.84371471405029,"Male"
"6018403",371836,2025-07-06 00:16:06,43.3577270507812,-8.84387493133545,"Male"
"6018403",371836,2025-07-06 00:21:07,43.3575859069824,-8.84360694885254,"Male"
"6018403",371836,2025-07-06 00:26:07,43.3576011657715,-8.84363269805908,"Male"
"6018403",371836,2025-07-06 00:31:05,43.3576240539551,-8.84369564056396,"Male"
"6018403",371836,2025-07-06 00:36:05,43.3575897216797,-8.84370231628418,"Male"
"6018403",371836,2025-07-06 00:41:06,43.357494354248,-8.84402751922607,"Male"
"6018403",371836,2025-07-06 00:46:06,43.3576774597168,-8.84364318847656,"Male"
"6018403",371836,2025-07-06 00:51:07,43.3576545715332,-8.84368419647217,"Male"
"6018403",371836,2025-07-06 00:56:07,43.3575820922852,-8.84367561340332,"Male"
"6018403",371836,2025-07-06 01:01:06,43.3575286865234,-8.84367179870605,"Male"
"6018403",371836,2025-07-06 01:06:06,43.3576850891113,-8.84368896484375,"Male"
"6018403",371836,2025-07-06 01:11:06,43.357536315918,-8.84375762939453,"Male"
"6018403",371836,2025-07-06 01:16:06,43.3575897216797,-8.84379863739014,"Male"
"6018403",371836,2025-07-06 01:21:06,43.357536315918,-8.84382629394531,"Male"
"6018403",371836,2025-07-06 01:26:06,43.3576354980469,-8.84387016296387,"Male"
"6018403",371836,2025-07-06 01:31:07,43.3576202392578,-8.84371185302734,"Male"
"6018403",371836,2025-07-06 01:36:06,43.3575897216797,-8.84362602233887,"Male"
"6018403",371836,2025-07-06 01:41:06,43.3575820922852,-8.84381198883057,"Male"
"6018403",371836,2025-07-06 01:46:05,43.357593536377,-8.84353446960449,"Male"
"6018403",371836,2025-07-06 01:51:09,43.3576507568359,-8.84361743927002,"Male"
"6018403",371836,2025-07-06 01:56:07,43.3575019836426,-8.84377765655518,"Male"
"6018403",371836,2025-07-06 02:01:11,43.357536315918,-8.8439359664917,"Male"
"6018403",371836,2025-07-06 02:06:07,43.3574981689453,-8.84385108947754,"Male"
"6018403",371836,2025-07-06 02:11:07,43.3575897216797,-8.84395408630371,"Male"
"6018403",371836,2025-07-06 02:16:06,43.3575630187988,-8.84386539459229,"Male"
"6018403",371836,2025-07-06 02:21:06,43.3576202392578,-8.84396743774414,"Male"
"6018403",371836,2025-07-06 02:26:06,43.3576850891113,-8.84377479553223,"Male"
"6018403",371836,2025-07-06 02:31:06,43.357250213623,-8.84379768371582,"Male"
"6018403",371836,2025-07-06 02:36:09,43.3577613830566,-8.84394550323486,"Male"
"6018403",371836,2025-07-06 02:41:07,43.3576889038086,-8.84402561187744,"Male"
"6018403",371836,2025-07-06 02:46:06,43.3577842712402,-8.84415340423584,"Male"
"6018403",371836,2025-07-06 02:51:06,43.3577461242676,-8.8441333770752,"Male"
"6018403",371836,2025-07-06 02:56:06,43.3576889038086,-8.84411144256592,"Male"
"6018403",371836,2025-07-06 03:01:10,43.3577079772949,-8.84404754638672,"Male"
"6018403",371836,2025-07-06 03:06:12,43.3577728271484,-8.8440637588501,"Male"
"6018403",371836,2025-07-06 03:11:10,43.3577270507812,-8.84410285949707,"Male"
"6018403",371836,2025-07-06 03:16:10,43.3578147888184,-8.84442329406738,"Male"
"6018403",371836,2025-07-06 03:21:09,43.3578681945801,-8.84449481964111,"Male"
"6018403",371836,2025-07-06 03:26:09,43.3578910827637,-8.84454345703125,"Male"
"6018403",371836,2025-07-06 03:31:09,43.3577651977539,-8.84439373016357,"Male"
"6018403",371836,2025-07-06 03:36:16,43.3579254150391,-8.84474086761475,"Male"
"6018403",371836,2025-07-06 03:41:16,43.3578872680664,-8.84482574462891,"Male"
"6018403",371836,2025-07-06 03:46:12,43.3578910827637,-8.84488487243652,"Male"
"6018403",371836,2025-07-06 03:51:12,43.3576354980469,-8.84408950805664,"Male"
"6018403",371836,2025-07-06 03:56:11,43.3576927185059,-8.84438705444336,"Male"
"6018403",371836,2025-07-06 04:01:12,43.3577194213867,-8.84432506561279,"Male"
"6018403",371836,2025-07-06 04:06:35,43.3576698303223,-8.8442964553833,"Male"
"6018403",371836,2025-07-06 04:11:06,43.3575019836426,-8.84399127960205,"Male"
"6018403",371836,2025-07-06 04:16:10,43.3575897216797,-8.84410285949707,"Male"
"6018403",371836,2025-07-06 04:21:05,43.371524810791,-8.8319034576416,"Male"
"6018403",371836,2025-07-06 04:26:05,43.3836441040039,-8.79166984558105,"Male"
"6018403",371836,2025-07-06 04:31:05,43.3837661743164,-8.74783134460449,"Male"
"6018403",371836,2025-07-06 04:36:04,43.3802871704102,-8.70514106750488,"Male"
"6018403",371836,2025-07-06 04:41:05,43.3852462768555,-8.70486259460449,"Male"
"6018403",371836,2025-07-06 04:46:06,43.3837585449219,-8.69666957855225,"Male"
"6018403",371836,2025-07-06 04:51:05,43.3659057617188,-8.69184875488281,"Male"
"6018403",371836,2025-07-06 04:56:05,43.3634834289551,-8.69094371795654,"Male"
"6018403",371836,2025-07-06 05:01:05,43.3634452819824,-8.69167518615723,"Male"
"6018403",371836,2025-07-06 05:06:14,43.3635101318359,-8.69248199462891,"Male"
"6018403",371836,2025-07-06 05:11:05,43.3475685119629,-8.67644882202148,"Male"
"6018403",371836,2025-07-06 05:16:05,43.3211364746094,-8.66799163818359,"Male"
"6018403",371836,2025-07-06 05:21:06,43.2978630065918,-8.65155696868896,"Male"
"6018403",371836,2025-07-06 05:26:06,43.2751312255859,-8.62772846221924,"Male"
"6018403",371836,2025-07-06 05:31:07,43.2507057189941,-8.60596370697021,"Male"
"6018403",371836,2025-07-06 05:36:05,43.2346115112305,-8.5689811706543,"Male"
"6018403",371836,2025-07-06 05:41:07,43.2128868103027,-8.55065631866455,"Male"
"6018403",371836,2025-07-06 05:46:07,43.1819725036621,-8.52876758575439,"Male"
"6018403",371836,2025-07-06 05:51:07,43.1467018127441,-8.48887825012207,"Male"
"6018403",371836,2025-07-06 05:56:06,43.130313873291,-8.47132968902588,"Male"
"6018403",371836,2025-07-06 06:01:49,43.1305541992188,-8.47164440155029,"Male"
"6018403",371836,2025-07-06 06:07:05,43.1305885314941,-8.47149181365967,"Male"
"6018403",371836,2025-07-06 06:11:07,43.1305198669434,-8.47157859802246,"Male"
"6018403",371836,2025-07-06 06:16:06,43.1305274963379,-8.47146797180176,"Male"
"6018403",371836,2025-07-06 06:21:07,43.1308441162109,-8.47148990631104,"Male"
"6018403",371836,2025-07-06 06:26:06,43.1308326721191,-8.4712610244751,"Male"
"6018403",371836,2025-07-06 06:31:06,43.1309280395508,-8.47135066986084,"Male"
"6018403",371836,2025-07-06 06:36:07,43.1309432983398,-8.4714298248291,"Male"
"6018403",371836,2025-07-06 06:41:07,43.1308517456055,-8.47125434875488,"Male"
"6018403",371836,2025-07-06 06:46:05,43.130859375,-8.47134590148926,"Male"
"6018403",371836,2025-07-06 06:52:05,43.1333656311035,-8.47038459777832,"Male"
"6018403",371836,2025-07-06 06:56:06,43.1331596374512,-8.47040176391602,"Male"
"6018403",371836,2025-07-06 07:01:04,43.110221862793,-8.48986721038818,"Male"
"6018403",371836,2025-07-06 07:06:05,43.1033630371094,-8.49378204345703,"Male"
"6018403",371836,2025-07-06 07:11:05,43.126033782959,-8.47407627105713,"Male"
"6018403",371836,2025-07-06 07:16:07,43.1290130615234,-8.47167587280273,"Male"
"6018403",371836,2025-07-06 07:21:07,43.1290893554688,-8.47172355651855,"Male"
"6018403",371836,2025-07-06 07:26:14,43.1289710998535,-8.4716625213623,"Male"
"6018403",371836,2025-07-06 07:31:07,43.1289939880371,-8.47170639038086,"Male"
"6018403",371836,2025-07-06 07:36:07,43.1289100646973,-8.4716911315918,"Male"
"6018403",371836,2025-07-06 07:41:06,43.1290321350098,-8.47169876098633,"Male"
"6018403",371836,2025-07-06 07:46:06,43.1290512084961,-8.47171974182129,"Male"
"6018403",371836,2025-07-06 07:51:06,43.1295394897461,-8.4716157913208,"Male"
"6018403",371836,2025-07-06 07:56:09,43.129264831543,-8.47156524658203,"Male"
"6018403",371836,2025-07-06 08:01:08,43.1302757263184,-8.4721040725708,"Male"
"6018403",371836,2025-07-06 08:06:05,43.1302070617676,-8.48800277709961,"Male"
"6018403",371836,2025-07-06 08:11:05,43.1292037963867,-8.50820350646973,"Male"
"6018403",371836,2025-07-06 08:16:05,43.1384239196777,-8.52793216705322,"Male"
"6018403",371836,2025-07-06 08:21:05,43.1603317260742,-8.54327774047852,"Male"
"6018403",371836,2025-07-06 08:26:05,43.1622619628906,-8.57972431182861,"Male"
"6018403",371836,2025-07-06 08:31:05,43.1780662536621,-8.60936069488525,"Male"
"6018403",371836,2025-07-06 08:36:05,43.2012329101562,-8.62682914733887,"Male"
"6018403",371836,2025-07-06 08:41:13,43.2217903137207,-8.65564727783203,"Male"
"6018403",371836,2025-07-06 08:46:05,43.2442779541016,-8.67785835266113,"Male"
"6018403",371836,2025-07-06 08:51:05,43.2693481445312,-8.67720603942871,"Male"
"6018403",371836,2025-07-06 08:56:06,43.2912254333496,-8.69637870788574,"Male"
"6018403",371836,2025-07-06 09:01:05,43.2916564941406,-8.69719219207764,"Male"
"6018403",371836,2025-07-06 09:06:06,43.3124084472656,-8.70323657989502,"Male"
"6018403",371836,2025-07-06 09:11:05,43.3240394592285,-8.72735977172852,"Male"
"6018403",371836,2025-07-06 09:16:07,43.3281021118164,-8.76109504699707,"Male"
"6018403",371836,2025-07-06 09:21:06,43.3363075256348,-8.79799365997314,"Male"
"6018403",371836,2025-07-06 09:26:05,43.352954864502,-8.82980632781982,"Male"
"6018403",371836,2025-07-06 09:31:06,43.3578033447266,-8.84381484985352,"Male"
"6018403",371836,2025-07-06 09:36:07,43.357738494873,-8.84390258789062,"Male"
"6018403",371836,2025-07-06 09:41:08,43.3578491210938,-8.84363555908203,"Male"
"6018403",371836,2025-07-06 09:46:35,43.3578224182129,-8.84387683868408,"Male"
"6018403",371836,2025-07-06 09:51:06,43.3579864501953,-8.84401512145996,"Male"
"6018403",371836,2025-07-06 09:56:12,43.3580513000488,-8.84400272369385,"Male"
"6018403",371836,2025-07-06 10:01:06,43.3580551147461,-8.8439998626709,"Male"
"6018403",371836,2025-07-06 10:06:07,43.3579788208008,-8.84383010864258,"Male"
"6018403",371836,2025-07-06 10:11:05,43.3579406738281,-8.84403133392334,"Male"
"6018403",371836,2025-07-06 10:16:05,43.357967376709,-8.8441047668457,"Male"
"6018403",371836,2025-07-06 10:21:06,43.358039855957,-8.84408283233643,"Male"
"6018403",371836,2025-07-06 10:26:05,43.3573341369629,-8.84283638000488,"Male"
"6018403",371836,2025-07-06 10:31:06,43.3578834533691,-8.84466743469238,"Male"
"6018403",371836,2025-07-06 10:36:06,43.3577995300293,-8.84420490264893,"Male"
"6018403",371836,2025-07-06 10:41:07,43.357666015625,-8.84393405914307,"Male"
"6018403",371836,2025-07-06 10:46:07,43.3575820922852,-8.84391689300537,"Male"
"6018403",371836,2025-07-06 10:51:05,43.3576011657715,-8.84407234191895,"Male"
"6018403",371836,2025-07-06 10:56:07,43.3575973510742,-8.84408855438232,"Male"
"6018403",371836,2025-07-06 11:01:06,43.3576278686523,-8.84407424926758,"Male"
"6018403",371836,2025-07-06 11:06:05,43.3576774597168,-8.84419536590576,"Male"
"6018403",371836,2025-07-06 11:11:07,43.3576507568359,-8.84412002563477,"Male"
"6018403",371836,2025-07-06 11:16:06,43.3576545715332,-8.84396934509277,"Male"
"6018403",371836,2025-07-06 11:21:06,43.3576545715332,-8.84422779083252,"Male"
"6018403",371836,2025-07-06 11:26:06,43.357593536377,-8.84427642822266,"Male"
"6018403",371836,2025-07-06 11:31:06,43.357608795166,-8.84422397613525,"Male"
"6018403",371836,2025-07-06 11:36:05,43.3576202392578,-8.84430980682373,"Male"
"6018403",371836,2025-07-06 11:41:06,43.3575744628906,-8.84439086914062,"Male"
"6018403",371836,2025-07-06 11:46:05,43.3576622009277,-8.84429550170898,"Male"
"6018403",371836,2025-07-06 11:51:06,43.3576202392578,-8.84428787231445,"Male"
"6018403",371836,2025-07-06 11:56:06,43.3576278686523,-8.84426403045654,"Male"
"6018403",371836,2025-07-06 12:01:06,43.357738494873,-8.8441047668457,"Male"
"6018403",371836,2025-07-06 12:06:07,43.3576507568359,-8.84420299530029,"Male"
"6018403",371836,2025-07-06 12:11:06,43.3577880859375,-8.84420776367188,"Male"
"6018403",371836,2025-07-06 12:16:07,43.357780456543,-8.84414386749268,"Male"
"6018403",371836,2025-07-06 12:21:05,43.3577728271484,-8.84430980682373,"Male"
"6018403",371836,2025-07-06 12:26:07,43.3576698303223,-8.84419250488281,"Male"
"6018403",371836,2025-07-06 12:31:05,43.357666015625,-8.84433937072754,"Male"
"6018403",371836,2025-07-06 12:36:06,43.3578910827637,-8.84392547607422,"Male"
"6018403",371836,2025-07-06 12:41:05,43.3578033447266,-8.8441858291626,"Male"
"6018403",371836,2025-07-06 12:46:07,43.3580360412598,-8.84422969818115,"Male"
"6018403",371836,2025-07-06 12:51:05,43.3579483032227,-8.84421253204346,"Male"
"6018403",371836,2025-07-06 12:56:07,43.3578186035156,-8.84402942657471,"Male"
"6018403",371836,2025-07-06 13:01:06,43.3578300476074,-8.84397602081299,"Male"
"6018403",371836,2025-07-06 13:06:09,43.3579216003418,-8.84399700164795,"Male"
"6018403",371836,2025-07-06 13:11:07,43.3576622009277,-8.84389400482178,"Male"
"6018403",371836,2025-07-06 13:16:08,43.3577423095703,-8.84387588500977,"Male"
"6018403",371836,2025-07-06 13:21:06,43.3579216003418,-8.84426689147949,"Male"
"6018403",371836,2025-07-06 13:26:05,43.3580551147461,-8.84424495697021,"Male"
"6018403",371836,2025-07-06 13:31:05,43.3579483032227,-8.84424304962158,"Male"
"6018403",371836,2025-07-06 13:36:06,43.3578414916992,-8.84410858154297,"Male"
"6018403",371836,2025-07-06 13:41:07,43.3579635620117,-8.8441219329834,"Male"
"6018403",371836,2025-07-06 13:46:05,43.3578910827637,-8.84410858154297,"Male"
"6018403",371836,2025-07-06 13:51:06,43.357852935791,-8.84420108795166,"Male"
"6018403",371836,2025-07-06 13:56:06,43.3577880859375,-8.84400844573975,"Male"
"6018403",371836,2025-07-06 14:01:05,43.3579216003418,-8.84413814544678,"Male"
"6018403",371836,2025-07-06 14:06:05,43.358081817627,-8.84424495697021,"Male"
"6018403",371836,2025-07-06 14:11:06,43.3579139709473,-8.84411144256592,"Male"
"6018403",371836,2025-07-06 14:16:06,43.3577270507812,-8.84398460388184,"Male"
"6018403",371836,2025-07-06 14:21:07,43.3579902648926,-8.84391307830811,"Male"
"6018403",371836,2025-07-06 14:26:07,43.3576812744141,-8.84408092498779,"Male"
"6018403",371836,2025-07-06 14:31:05,43.3575897216797,-8.84388732910156,"Male"
"6018403",371836,2025-07-06 14:36:07,43.3576965332031,-8.84403038024902,"Male"
"6018403",371836,2025-07-06 14:41:07,43.3576850891113,-8.84403610229492,"Male"
"6018403",371836,2025-07-06 14:46:05,43.3575134277344,-8.84386539459229,"Male"
"6018403",371836,2025-07-06 14:51:07,43.357723236084,-8.84400177001953,"Male"
"6018403",371836,2025-07-06 14:56:05,43.3576049804688,-8.84389209747314,"Male"
"6018403",371836,2025-07-06 15:01:06,43.3576774597168,-8.84400367736816,"Male"
"6018403",371836,2025-07-06 15:06:06,43.3577117919922,-8.84403896331787,"Male"
"6018403",371836,2025-07-06 15:11:06,43.357479095459,-8.8438549041748,"Male"
"6018403",371836,2025-07-06 15:16:07,43.3574752807617,-8.84382343292236,"Male"
"6018403",371836,2025-07-06 15:21:08,43.3576431274414,-8.84396171569824,"Male"
"6018403",371836,2025-07-06 15:26:35,43.3576736450195,-8.84386825561523,"Male"
"6018403",371836,2025-07-06 15:31:07,43.3577499389648,-8.84390258789062,"Male"
"6018403",371836,2025-07-06 15:36:09,43.357494354248,-8.84377098083496,"Male"
"6018403",371836,2025-07-06 15:41:10,43.3576889038086,-8.84405136108398,"Male"
"6018403",371836,2025-07-06 15:46:09,43.3575439453125,-8.84408473968506,"Male"
"6018403",371836,2025-07-06 15:51:35,43.3576545715332,-8.84409046173096,"Male"
"6018403",371836,2025-07-06 15:56:07,43.3575820922852,-8.84413528442383,"Male"
"6018403",371836,2025-07-06 16:01:04,43.3576240539551,-8.84420394897461,"Male"
"6018403",371836,2025-07-06 16:06:06,43.3576431274414,-8.84407138824463,"Male"
"6018403",371836,2025-07-06 16:11:05,43.3575782775879,-8.84423637390137,"Male"
"6018403",371836,2025-07-06 16:16:05,43.3576011657715,-8.84418869018555,"Male"
"6018403",371836,2025-07-06 16:21:05,43.3576431274414,-8.84416580200195,"Male"
"6018403",371836,2025-07-06 16:26:05,43.3576278686523,-8.84412097930908,"Male"
"6018403",371836,2025-07-06 16:31:06,43.3575782775879,-8.8440990447998,"Male"
"6018403",371836,2025-07-06 16:36:06,43.3576126098633,-8.84408283233643,"Male"
"6018403",371836,2025-07-06 16:41:06,43.3575553894043,-8.84408760070801,"Male"
"6018403",371836,2025-07-06 16:46:05,43.3575553894043,-8.84414863586426,"Male"
"6018403",371836,2025-07-06 16:51:07,43.3576583862305,-8.8441915512085,"Male"
"6018403",371836,2025-07-06 16:56:06,43.3576698303223,-8.84422779083252,"Male"
"6018403",371836,2025-07-06 17:01:06,43.3575592041016,-8.8440408706665,"Male"
"6018403",371836,2025-07-06 17:06:04,43.3667449951172,-8.86703872680664,"Male"
"6018403",371836,2025-07-06 17:11:05,43.3651313781738,-8.89455127716064,"Male"
"6018403",371836,2025-07-06 17:16:04,43.3581199645996,-8.92616653442383,"Male"
"6018403",371836,2025-07-06 17:21:04,43.3474769592285,-8.96381664276123,"Male"
"6018403",371836,2025-07-06 17:26:05,43.3325347900391,-9.00364017486572,"Male"
"6018403",371836,2025-07-06 17:31:06,43.3346099853516,-9.03730869293213,"Male"
"6018403",371836,2025-07-06 17:36:06,43.3580360412598,-9.04507637023926,"Male"
"6018403",371836,2025-07-06 17:41:07,43.3584403991699,-9.04198837280273,"Male"
"6018403",371836,2025-07-06 17:46:06,43.3598899841309,-9.04375648498535,"Male"
"6018403",371836,2025-07-06 17:51:07,43.3528480529785,-9.05545711517334,"Male"
"6018403",371836,2025-07-06 17:56:05,43.3469581604004,-9.08713912963867,"Male"
"6018403",371836,2025-07-06 18:01:06,43.3633842468262,-9.10070133209229,"Male"
"6018403",371836,2025-07-06 18:06:10,43.3799667358398,-9.09891414642334,"Male"
"6018403",371836,2025-07-06 18:11:06,43.3783950805664,-9.09911060333252,"Male"
"6018403",371836,2025-07-06 18:16:05,43.3579483032227,-9.11378479003906,"Male"
"6018403",371836,2025-07-06 18:21:05,43.35400390625,-9.11389064788818,"Male"
"6018403",371836,2025-07-06 18:26:07,43.3528213500977,-9.1154956817627,"Male"
"6018403",371836,2025-07-06 18:31:06,43.3516616821289,-9.1168384552002,"Male"
"6018403",371836,2025-07-06 18:36:07,43.3503913879395,-9.11838817596436,"Male"
"6018403",371836,2025-07-06 18:41:06,43.3418807983398,-9.14651393890381,"Male"
"6018403",371836,2025-07-06 18:46:05,43.3366928100586,-9.18130683898926,"Male"
"6018403",371836,2025-07-06 18:51:06,43.3363952636719,-9.18173885345459,"Male"
"6018403",371836,2025-07-06 18:56:06,43.3358306884766,-9.18299102783203,"Male"
"6018403",371836,2025-07-06 19:01:05,43.3346328735352,-9.18418407440186,"Male"
"6018403",371836,2025-07-06 19:06:05,43.3338317871094,-9.18546390533447,"Male"
"6018403",371836,2025-07-06 19:11:06,43.3335151672363,-9.18703556060791,"Male"
"6018403",371836,2025-07-06 19:16:06,43.3332023620605,-9.187819480896,"Male"
"6018403",371836,2025-07-06 19:21:06,43.333065032959,-9.18884658813477,"Male"
"6018403",371836,2025-07-06 19:26:06,43.3328857421875,-9.19043254852295,"Male"
"6018403",371836,2025-07-06 19:31:08,43.3328742980957,-9.19144535064697,"Male"
"6018403",371836,2025-07-06 19:36:10,43.3328704833984,-9.19282150268555,"Male"
"6018403",371836,2025-07-06 19:41:16,43.3327255249023,-9.19260883331299,"Male"
"6018403",371836,2025-07-06 19:46:07,43.3291130065918,-9.19073295593262,"Male"
"6018403",371836,2025-07-06 19:51:08,43.324047088623,-9.18265914916992,"Male"
"6018403",371836,2025-07-06 19:56:07,43.3072891235352,-9.15436267852783,"Male"
"6018403",371836,2025-07-06 20:01:43,43.2924537658691,-9.11314582824707,"Male"
"6018403",371836,2025-07-06 20:06:05,43.2912445068359,-9.08091735839844,"Male"
"6018403",371836,2025-07-06 20:11:09,43.2936859130859,-9.0626974105835,"Male"
"6018403",371836,2025-07-06 20:16:06,43.2914695739746,-9.04738235473633,"Male"
"6018403",371836,2025-07-06 20:21:06,43.2989921569824,-9.01866722106934,"Male"
"6018403",371836,2025-07-06 20:26:07,43.3114128112793,-8.98752689361572,"Male"
"6018403",371836,2025-07-06 20:31:09,43.3256492614746,-8.95619487762451,"Male"
"6018403",371836,2025-07-06 20:36:08,43.3384780883789,-8.92628383636475,"Male"
"6018403",371836,2025-07-06 20:41:09,43.3501777648926,-8.89405250549316,"Male"
"6018403",371836,2025-07-06 20:46:39,43.3574714660645,-8.85342216491699,"Male"
"6018403",371836,2025-07-06 20:51:31,43.3579483032227,-8.84433650970459,"Male"
"6018403",371836,2025-07-06 20:56:06,43.3573989868164,-8.84394073486328,"Male"
"6018403",371836,2025-07-06 21:01:06,43.3574829101562,-8.84401607513428,"Male"
"6018403",371836,2025-07-06 21:06:09,43.3578453063965,-8.84304237365723,"Male"
"6018403",371836,2025-07-06 21:11:07,43.3574028015137,-8.84391975402832,"Male"
"6018403",371836,2025-07-06 21:16:08,43.3575897216797,-8.84395599365234,"Male"
"6018403",371836,2025-07-06 21:21:08,43.3577079772949,-8.84419822692871,"Male"
"6018403",371836,2025-07-06 21:26:07,43.3581771850586,-8.8449068069458,"Male"
"6018403",371836,2025-07-06 21:31:06,43.3575897216797,-8.84401702880859,"Male"
"6018403",371836,2025-07-06 21:36:08,43.3577690124512,-8.84415721893311,"Male"
"6018403",371836,2025-07-06 21:41:08,43.3574295043945,-8.84371852874756,"Male"
"6018403",371836,2025-07-06 21:46:06,43.3570137023926,-8.84382820129395,"Male"
"6018403",371836,2025-07-06 21:51:10,43.3578109741211,-8.84438419342041,"Male"
"6018403",371836,2025-07-06 21:56:06,43.3569793701172,-8.84472560882568,"Male"
"6018403",371836,2025-07-06 22:01:12,43.3575668334961,-8.84395980834961,"Male"
"6018403",371836,2025-07-06 22:06:12,43.3577270507812,-8.84396648406982,"Male"
"6018403",371836,2025-07-06 22:11:32,43.3575897216797,-8.84410762786865,"Male"
"6018403",371836,2025-07-06 22:16:06,43.3575401306152,-8.84406089782715,"Male"
"6018403",371836,2025-07-06 22:21:04,43.3575897216797,-8.84405994415283,"Male"
"6018403",371836,2025-07-06 22:26:05,43.3575859069824,-8.84403133392334,"Male"
"6018403",371836,2025-07-06 22:31:05,43.3576011657715,-8.84405612945557,"Male"
"6018403",371836,2025-07-06 22:36:05,43.3575744628906,-8.84406757354736,"Male"
"6018403",371836,2025-07-06 22:41:04,43.3575401306152,-8.84411144256592,"Male"
"6018403",371836,2025-07-06 22:46:04,43.3575439453125,-8.84396362304688,"Male"
"6018403",371836,2025-07-06 22:51:07,43.3576126098633,-8.84396171569824,"Male"
"6018403",371836,2025-07-06 22:56:05,43.3575897216797,-8.84407806396484,"Male"
"6018403",371836,2025-07-06 23:01:07,43.3575439453125,-8.84397506713867,"Male"
"6018403",371836,2025-07-06 23:06:06,43.3577537536621,-8.84434127807617,"Male"
"6018403",371836,2025-07-06 23:11:08,43.3575096130371,-8.84406661987305,"Male"
"6018403",371836,2025-07-06 23:16:09,43.3574447631836,-8.84391498565674,"Male"
"6018403",371836,2025-07-06 23:21:07,43.3576164245605,-8.84403991699219,"Male"
"6018403",371836,2025-07-06 23:26:09,43.3576850891113,-8.84404373168945,"Male"
"6018403",371836,2025-07-06 23:31:08,43.3576240539551,-8.84406185150146,"Male"
"6018403",371836,2025-07-06 23:36:10,43.357608795166,-8.84404373168945,"Male"
"6018403",371836,2025-07-06 23:41:08,43.3576126098633,-8.84405612945557,"Male"
"6018403",371836,2025-07-06 23:46:08,43.357666015625,-8.84423160552979,"Male"
"6018403",371836,2025-07-06 23:51:06,43.3576240539551,-8.84417629241943,"Male"
"6018403",371836,2025-07-06 23:56:08,43.3578948974609,-8.84403133392334,"Male"
"6018403",371836,2025-07-07 00:01:17,43.358211517334,-8.84344291687012,"Male"
"6018403",371836,2025-07-07 00:06:15,43.3578643798828,-8.84446620941162,"Male"
"6018403",371836,2025-07-07 00:11:08,43.3578338623047,-8.84438991546631,"Male"
"6018403",371836,2025-07-07 00:16:09,43.3578720092773,-8.84427165985107,"Male"
"6018403",371836,2025-07-07 00:21:08,43.3576812744141,-8.84427928924561,"Male"
"6018403",371836,2025-07-07 00:26:06,43.3576736450195,-8.8440990447998,"Male"
"6018403",371836,2025-07-07 00:31:06,43.3578491210938,-8.84424686431885,"Male"
"6018403",371836,2025-07-07 00:36:09,43.357608795166,-8.84419536590576,"Male"
"6018403",371836,2025-07-07 00:41:08,43.357593536377,-8.84411430358887,"Male"
"6018403",371836,2025-07-07 00:46:12,43.3576812744141,-8.84345531463623,"Male"
"6018403",371836,2025-07-07 00:51:33,43.3576622009277,-8.84408092498779,"Male"
"6018403",371836,2025-07-07 00:56:04,43.3576240539551,-8.84415626525879,"Male"
"6018403",371836,2025-07-07 01:01:04,43.3576622009277,-8.84413242340088,"Male"
"6018403",371836,2025-07-07 01:06:05,43.357593536377,-8.84417724609375,"Male"
"6018403",371836,2025-07-07 01:11:04,43.3576622009277,-8.84412860870361,"Male"
"6018403",371836,2025-07-07 01:16:04,43.357536315918,-8.84420299530029,"Male"
"6018403",371836,2025-07-07 01:21:08,43.3576469421387,-8.84408569335938,"Male"
"6018403",371836,2025-07-07 01:26:10,43.3576698303223,-8.84411144256592,"Male"
"6018403",371836,2025-07-07 01:31:07,43.3576469421387,-8.844162940979,"Male"
"6018403",371836,2025-07-07 01:36:05,43.3576545715332,-8.84414196014404,"Male"
"6018403",371836,2025-07-07 01:41:09,43.3575782775879,-8.84415054321289,"Male"
"6018403",371836,2025-07-07 01:46:04,43.3576965332031,-8.84409523010254,"Male"
"6018403",371836,2025-07-07 01:51:05,43.3576622009277,-8.84405040740967,"Male"
"6018403",371836,2025-07-07 01:56:05,43.3576240539551,-8.84404754638672,"Male"
"6018403",371836,2025-07-07 02:01:05,43.357593536377,-8.84410953521729,"Male"
"6018403",371836,2025-07-07 02:06:06,43.3577537536621,-8.84411239624023,"Male"
"6018403",371836,2025-07-07 02:11:14,43.3577346801758,-8.84407997131348,"Male"
"6018403",371836,2025-07-07 02:16:08,43.3576812744141,-8.84412097930908,"Male"
"6018403",371836,2025-07-07 02:21:06,43.3576965332031,-8.84409427642822,"Male"
"6018403",371836,2025-07-07 02:26:07,43.3576240539551,-8.84405136108398,"Male"
"6018403",371836,2025-07-07 02:31:09,43.3576545715332,-8.84409046173096,"Male"
"6018403",371836,2025-07-07 02:36:07,43.3575553894043,-8.84404563903809,"Male"
"6018403",371836,2025-07-07 02:41:08,43.3576354980469,-8.84411144256592,"Male"
"6018403",371836,2025-07-07 02:46:17,43.3579139709473,-8.84431934356689,"Male"
"6018403",371836,2025-07-07 02:51:15,43.3576278686523,-8.84409332275391,"Male"
"6018403",371836,2025-07-07 02:56:07,43.3576965332031,-8.84409236907959,"Male"
"6018403",371836,2025-07-07 03:01:07,43.357795715332,-8.84422779083252,"Male"
"6018403",371836,2025-07-07 03:06:06,43.357795715332,-8.84420680999756,"Male"
"6018403",371836,2025-07-07 03:11:05,43.3576049804688,-8.84410285949707,"Male"
"6018403",371836,2025-07-07 03:16:05,43.3576354980469,-8.84411239624023,"Male"
"6018403",371836,2025-07-07 03:21:35,43.3576278686523,-8.8441276550293,"Male"
"6018403",371836,2025-07-07 03:26:04,43.357593536377,-8.84413433074951,"Male"
"6018403",371836,2025-07-07 03:31:05,43.3575782775879,-8.84415149688721,"Male"
"6018403",371836,2025-07-07 03:36:05,43.3575973510742,-8.84410667419434,"Male"
"6018403",371836,2025-07-07 03:41:05,43.3575057983398,-8.84427356719971,"Male"
"6018403",371836,2025-07-07 03:46:04,43.3575706481934,-8.84412479400635,"Male"
"6018403",371836,2025-07-07 03:51:08,43.357536315918,-8.84416961669922,"Male"
"6018403",371836,2025-07-07 03:56:06,43.3575859069824,-8.84419441223145,"Male"
"6018403",371836,2025-07-07 04:01:06,43.3575706481934,-8.844162940979,"Male"
"6018403",371836,2025-07-07 04:06:06,43.3575439453125,-8.84420204162598,"Male"
"6018403",371836,2025-07-07 04:11:05,43.3574867248535,-8.84415531158447,"Male"
"6018403",371836,2025-07-07 04:16:05,43.357536315918,-8.84408569335938,"Male"
"6018403",371836,2025-07-07 04:21:05,43.3575897216797,-8.84412288665771,"Male"
"6018403",371836,2025-07-07 04:26:05,43.3574409484863,-8.84409523010254,"Male"
"6018403",371836,2025-07-07 04:31:05,43.3640747070312,-8.8330602645874,"Male"
"6018403",371836,2025-07-07 04:36:06,43.3658142089844,-8.83192253112793,"Male"
"6018403",371836,2025-07-07 04:41:06,43.3652763366699,-8.83186817169189,"Male"
"6018403",371836,2025-07-07 04:46:07,43.3652839660645,-8.8316593170166,"Male"
"6018403",371836,2025-07-07 04:51:05,43.360595703125,-8.82407474517822,"Male"
"6018403",371836,2025-07-07 04:56:05,43.3619728088379,-8.82736396789551,"Male"
"6018403",371836,2025-07-07 05:01:05,43.3622703552246,-8.82719039916992,"Male"
"6018403",371836,2025-07-07 05:06:05,43.3613700866699,-8.83763694763184,"Male"
"6018403",371836,2025-07-07 05:11:09,43.3577270507812,-8.84417247772217,"Male"
"6018403",371836,2025-07-07 05:16:07,43.3576240539551,-8.84414386749268,"Male"
"6018403",371836,2025-07-07 05:21:08,43.3578338623047,-8.8444185256958,"Male"
"6018403",371836,2025-07-07 05:26:06,43.3579635620117,-8.8444652557373,"Male"
"6018403",371836,2025-07-07 05:31:07,43.3576431274414,-8.84427833557129,"Male"
"6018403",371836,2025-07-07 05:36:06,43.3576927185059,-8.84420299530029,"Male"
"6018403",371836,2025-07-07 05:41:09,43.3577346801758,-8.84432315826416,"Male"
"6018403",371836,2025-07-07 05:46:07,43.3576965332031,-8.84439563751221,"Male"
"6018403",371836,2025-07-07 05:51:07,43.3577423095703,-8.84426879882812,"Male"
"6018403",371836,2025-07-07 05:56:10,43.3577651977539,-8.84425735473633,"Male"
"6018403",371836,2025-07-07 06:01:34,43.3576202392578,-8.8441219329834,"Male"
"6018403",371836,2025-07-07 06:06:06,43.357593536377,-8.8441162109375,"Male"
"6018403",371836,2025-07-07 06:11:06,43.3575439453125,-8.84358215332031,"Male"
"6018403",371836,2025-07-07 06:16:06,43.3607864379883,-8.84681510925293,"Male"
"6018403",371836,2025-07-07 06:21:05,43.3643264770508,-8.831618309021,"Male"
"6018403",371836,2025-07-07 06:26:04,43.3650436401367,-8.8314962387085,"Male"
"6018403",371836,2025-07-07 06:31:06,43.3650817871094,-8.82836151123047,"Male"
"6018403",371836,2025-07-07 06:36:06,43.3655776977539,-8.82820606231689,"Male"
"6018403",371836,2025-07-07 06:41:06,43.364429473877,-8.82706546783447,"Male"
"6018403",371836,2025-07-07 06:46:07,43.3577270507812,-8.84472465515137,"Male"
"6018403",371836,2025-07-07 06:51:06,43.35791015625,-8.84388256072998,"Male"
"6018403",371836,2025-07-07 06:56:18,43.3576698303223,-8.84409236907959,"Male"
"6018403",371836,2025-07-07 07:01:05,43.3576812744141,-8.84416484832764,"Male"
"6018403",371836,2025-07-07 07:06:09,43.3576774597168,-8.84409427642822,"Male"
"6018403",371836,2025-07-07 07:11:07,43.3577270507812,-8.84407711029053,"Male"
"6018403",371836,2025-07-07 07:16:05,43.3576393127441,-8.84414005279541,"Male"
"6018403",371836,2025-07-07 07:21:05,43.3575668334961,-8.84413146972656,"Male"
"6018403",371836,2025-07-07 07:26:04,43.3576583862305,-8.84421920776367,"Male"
"6018403",371836,2025-07-07 07:31:05,43.3577194213867,-8.84410572052002,"Male"
"6018403",371836,2025-07-07 07:36:08,43.3576011657715,-8.84416389465332,"Male"
"6018403",371836,2025-07-07 07:41:10,43.3573722839355,-8.84432506561279,"Male"
"6018403",371836,2025-07-07 07:46:12,43.3576240539551,-8.84415245056152,"Male"
"6018403",371836,2025-07-07 07:51:06,43.3577728271484,-8.84407424926758,"Male"
"6018403",371836,2025-07-07 07:56:09,43.3576240539551,-8.84421634674072,"Male"
"6018403",371836,2025-07-07 08:01:07,43.357593536377,-8.84419631958008,"Male"
"6018403",371836,2025-07-07 08:06:07,43.3575897216797,-8.84415435791016,"Male"
"6018403",371836,2025-07-07 08:11:12,43.3577537536621,-8.84416580200195,"Male"
"6018403",371836,2025-07-07 08:16:06,43.3569755554199,-8.84405326843262,"Male"
"6018403",371836,2025-07-07 08:21:12,43.3574752807617,-8.84426021575928,"Male"
"6018403",371836,2025-07-07 08:26:09,43.3572731018066,-8.84410095214844,"Male"
"6018403",371836,2025-07-07 08:31:18,43.3574981689453,-8.84413051605225,"Male"
"6018403",371836,2025-07-07 08:36:35,43.3576469421387,-8.84413909912109,"Male"
"6018403",371836,2025-07-07 08:41:08,43.3575592041016,-8.84422397613525,"Male"
"6018403",371836,2025-07-07 08:46:08,43.3575973510742,-8.84415435791016,"Male"
"6018403",371836,2025-07-07 08:51:06,43.3576126098633,-8.84416961669922,"Male"
"6018403",371836,2025-07-07 08:56:06,43.3575973510742,-8.84488868713379,"Male"
"6018403",371836,2025-07-07 09:01:11,43.3575248718262,-8.84418106079102,"Male"
"6018403",371836,2025-07-07 09:06:06,43.3575859069824,-8.84460353851318,"Male"
"6018403",371836,2025-07-07 09:11:08,43.3576126098633,-8.84343147277832,"Male"
"6018403",371836,2025-07-07 09:16:09,43.3575859069824,-8.8441686630249,"Male"
"6018403",371836,2025-07-07 09:21:08,43.3575401306152,-8.84413909912109,"Male"
"6018403",371836,2025-07-07 09:26:08,43.3575477600098,-8.84417152404785,"Male"
"6018403",371836,2025-07-07 09:31:09,43.3576240539551,-8.84429264068604,"Male"
"6018403",371836,2025-07-07 09:36:08,43.3575592041016,-8.84417724609375,"Male"
"6018403",371836,2025-07-07 09:41:07,43.3575172424316,-8.84395790100098,"Male"
"6018403",371836,2025-07-07 09:46:11,43.3576164245605,-8.84410572052002,"Male"
"6018403",371836,2025-07-07 09:51:06,43.3576278686523,-8.84398651123047,"Male"
"6018403",371836,2025-07-07 09:56:07,43.3576469421387,-8.84354591369629,"Male"
"6018403",371836,2025-07-07 10:01:08,43.3575744628906,-8.84323120117188,"Male"
"6018403",371836,2025-07-07 10:06:05,43.366527557373,-8.83588790893555,"Male"
"6018403",371836,2025-07-07 10:11:06,43.3901977539062,-8.84132671356201,"Male"
"6018403",371836,2025-07-07 10:16:05,43.3976707458496,-8.85726356506348,"Male"
"6018403",371836,2025-07-07 10:21:06,43.3955192565918,-8.85731792449951,"Male"
"6018403",371836,2025-07-07 10:26:07,43.3948974609375,-8.85803508758545,"Male"
"6018403",371836,2025-07-07 10:31:13,43.4004325866699,-8.87701797485352,"Male"
"6018403",371836,2025-07-07 10:36:07,43.4207191467285,-8.87957382202148,"Male"
"6018403",371836,2025-07-07 10:41:20,43.4429016113281,-8.8939037322998,"Male"
"6018403",371836,2025-07-07 10:46:10,43.4600524902344,-8.91602611541748,"Male"
"6018403",371836,2025-07-07 10:51:10,43.4823722839355,-8.9263801574707,"Male"
"6018403",371836,2025-07-07 10:56:11,43.5034027099609,-8.92222785949707,"Male"
"6018403",371836,2025-07-07 11:01:22,43.5226783752441,-8.90740394592285,"Male"
"6018403",371836,2025-07-07 11:06:27,43.5379753112793,-8.8874044418335,"Male"
"6018403",371836,2025-07-07 11:11:28,43.5524826049805,-8.86511993408203,"Male"
"6018403",371836,2025-07-07 11:16:42,43.5685729980469,-8.8511848449707,"Male"
"6018403",371836,2025-07-07 11:21:43,43.5832786560059,-8.86608123779297,"Male"
"6018403",371836,2025-07-07 11:26:35,43.5932807922363,-8.90900325775146,"Male"
"6018403",371836,2025-07-07 11:31:12,43.5749969482422,-8.94866943359375,"Male"
"6018403",371836,2025-07-07 11:36:07,43.5702705383301,-8.97665023803711,"Male"
"6018403",371836,2025-07-07 11:41:21,43.5607299804688,-8.99758625030518,"Male"
"6018403",371836,2025-07-07 11:46:10,43.5599250793457,-9.00326347351074,"Male"
"6018403",371836,2025-07-07 11:51:44,43.5572929382324,-9.06678485870361,"Male"
"6018403",371836,2025-07-07 11:56:07,43.5563011169434,-9.08119583129883,"Male"
"6018403",371836,2025-07-07 12:01:11,43.5558624267578,-9.08363437652588,"Male"
"6018403",371836,2025-07-07 12:06:09,43.5551719665527,-9.08511161804199,"Male"
"6018403",371836,2025-07-07 12:11:09,43.5556716918945,-9.09167671203613,"Male"
"6018403",371836,2025-07-07 12:16:25,43.5544548034668,-9.09436321258545,"Male"
"6018403",371836,2025-07-07 12:21:11,43.5536270141602,-9.09641456604004,"Male"
"6018403",371836,2025-07-07 12:26:35,43.555305480957,-9.10572624206543,"Male"
"6018403",371836,2025-07-07 12:31:05,43.5545310974121,-9.10778617858887,"Male"
"6018403",371836,2025-07-07 12:36:06,43.5541610717773,-9.10977935791016,"Male"
"6018403",371836,2025-07-07 12:41:05,43.5539054870605,-9.11083984375,"Male"
"6018403",371836,2025-07-07 12:46:05,43.554328918457,-9.10462665557861,"Male"
"6018403",371836,2025-07-07 12:51:05,43.5548667907715,-9.10137176513672,"Male"
"6018403",371836,2025-07-07 12:56:05,43.5547561645508,-9.09957981109619,"Male"
"6018403",371836,2025-07-07 13:01:05,43.5550270080566,-9.09813213348389,"Male"
"6018403",371836,2025-07-07 13:06:04,43.5547943115234,-9.0979118347168,"Male"
"6018403",371836,2025-07-07 13:11:05,43.5541152954102,-9.09789848327637,"Male"
"6018403",371836,2025-07-07 13:16:06,43.5542144775391,-9.09844303131104,"Male"
"6018403",371836,2025-07-07 13:21:08,43.5540657043457,-9.10099697113037,"Male"
"6018403",371836,2025-07-07 13:26:06,43.5519561767578,-9.10346603393555,"Male"
"6018403",371836,2025-07-07 13:31:12,43.5503883361816,-9.10517311096191,"Male"
"6018403",371836,2025-07-07 13:36:09,43.5497436523438,-9.10714912414551,"Male"
"6018403",371836,2025-07-07 13:41:08,43.5490570068359,-9.1092700958252,"Male"
"6018403",371836,2025-07-07 13:46:07,43.5481910705566,-9.11134338378906,"Male"
"6018403",371836,2025-07-07 13:51:08,43.5473518371582,-9.11324596405029,"Male"
"6018403",371836,2025-07-07 13:56:13,43.5438842773438,-9.1164026260376,"Male"
"6018403",371836,2025-07-07 14:01:10,43.543529510498,-9.11852741241455,"Male"
"6018403",371836,2025-07-07 14:06:07,43.5433654785156,-9.12048244476318,"Male"
"6018403",371836,2025-07-07 14:11:07,43.5403480529785,-9.12020397186279,"Male"
"6018403",371836,2025-07-07 14:16:05,43.5398445129395,-9.12211894989014,"Male"
"6018403",371836,2025-07-07 14:21:07,43.5391998291016,-9.12377452850342,"Male"
"6018403",371836,2025-07-07 14:26:08,43.5353736877441,-9.12264060974121,"Male"
"6018403",371836,2025-07-07 14:31:06,43.5348434448242,-9.12453365325928,"Male"
"6018403",371836,2025-07-07 14:36:06,43.5340843200684,-9.12599945068359,"Male"
"6018403",371836,2025-07-07 14:41:05,43.5016212463379,-9.10636806488037,"Male"
"6018403",371836,2025-07-07 14:46:08,43.4834327697754,-9.09495830535889,"Male"
"6018403",371836,2025-07-07 14:51:09,43.4825668334961,-9.09579467773438,"Male"
"6018403",371836,2025-07-07 14:56:11,43.4746131896973,-9.09184741973877,"Male"
"6018403",371836,2025-07-07 15:01:07,43.4471092224121,-9.07523250579834,"Male"
"6018403",371836,2025-07-07 15:06:09,43.442512512207,-9.07240104675293,"Male"
"6018403",371836,2025-07-07 15:11:07,43.4240379333496,-9.06117820739746,"Male"
"6018403",371836,2025-07-07 15:16:08,43.4092559814453,-9.03104114532471,"Male"
"6018403",371836,2025-07-07 15:21:06,43.3899307250977,-8.99825096130371,"Male"
"6018403",371836,2025-07-07 15:26:42,43.3734817504883,-8.96340656280518,"Male"
"6018403",371836,2025-07-07 15:31:08,43.3659019470215,-8.93251991271973,"Male"
"6018403",371836,2025-07-07 15:36:22,43.3607406616211,-8.89825057983398,"Male"
"6018403",371836,2025-07-07 15:41:07,43.360424041748,-8.86772441864014,"Male"
"6018403",371836,2025-07-07 15:46:11,43.3575325012207,-8.84393787384033,"Male"
"6018403",371836,2025-07-07 15:51:31,43.3574523925781,-8.84400081634521,"Male"
"6018403",371836,2025-07-07 15:56:11,43.3576622009277,-8.84375858306885,"Male"
"6018403",371836,2025-07-07 16:01:35,43.3576850891113,-8.84384059906006,"Male"
"6018403",371836,2025-07-07 16:06:06,43.3577041625977,-8.84384727478027,"Male"
"6018403",371836,2025-07-07 16:11:08,43.3578681945801,-8.84346389770508,"Male"
"6018403",371836,2025-07-07 16:16:08,43.3578414916992,-8.84350490570068,"Male"
"6018403",371836,2025-07-07 16:21:07,43.357536315918,-8.84422492980957,"Male"
"6018403",371836,2025-07-07 16:26:35,43.3575782775879,-8.84439277648926,"Male"
"6018403",371836,2025-07-07 16:31:09,43.3574485778809,-8.84439659118652,"Male"
"6018403",371836,2025-07-07 16:36:06,43.3575057983398,-8.84442901611328,"Male"
"6018403",371836,2025-07-07 16:41:08,43.3575477600098,-8.84467506408691,"Male"
"6018403",371836,2025-07-07 16:46:07,43.3575859069824,-8.84421634674072,"Male"
"6018403",371836,2025-07-07 16:51:06,43.3575172424316,-8.84443664550781,"Male"
"6018403",371836,2025-07-07 16:56:06,43.3574638366699,-8.84452342987061,"Male"
"6018403",371836,2025-07-07 17:01:07,43.3575592041016,-8.84444332122803,"Male"
"6018403",371836,2025-07-07 17:06:06,43.357479095459,-8.84453201293945,"Male"
"6018403",371836,2025-07-07 17:11:06,43.3576049804688,-8.84449672698975,"Male"
"6018403",371836,2025-07-07 17:16:07,43.357479095459,-8.84406757354736,"Male"
"6018403",371836,2025-07-07 17:21:06,43.3576927185059,-8.84413814544678,"Male"
"6018403",371836,2025-07-07 17:26:06,43.3575744628906,-8.84406185150146,"Male"
"6018403",371836,2025-07-07 17:31:06,43.357723236084,-8.84412288665771,"Male"
"6018403",371836,2025-07-07 17:36:06,43.3575668334961,-8.84428119659424,"Male"
"6018403",371836,2025-07-07 17:41:08,43.3576850891113,-8.84402275085449,"Male"
"6018403",371836,2025-07-07 17:46:07,43.3576736450195,-8.84395885467529,"Male"
"6018403",371836,2025-07-07 17:51:10,43.3575973510742,-8.84414577484131,"Male"
"6018403",371836,2025-07-07 17:56:07,43.3580093383789,-8.84465217590332,"Male"
"6018403",371836,2025-07-07 18:01:07,43.3581008911133,-8.84481620788574,"Male"
"6018403",371836,2025-07-07 18:06:08,43.3577346801758,-8.84421730041504,"Male"
"6018403",371836,2025-07-07 18:11:08,43.3577690124512,-8.84444618225098,"Male"
"6018403",371836,2025-07-07 18:16:08,43.3574028015137,-8.84342575073242,"Male"
"6018403",371836,2025-07-07 18:21:09,43.3577880859375,-8.84413623809814,"Male"
"6018403",371836,2025-07-07 18:26:12,43.3576354980469,-8.84380054473877,"Male"
"6018403",371836,2025-07-07 18:31:08,43.3579330444336,-8.84452533721924,"Male"
"6018403",371836,2025-07-07 18:36:11,43.3576431274414,-8.84388732910156,"Male"
"6018403",371836,2025-07-07 18:41:08,43.3574523925781,-8.84387874603271,"Male"
"6018403",371836,2025-07-07 18:46:10,43.3578605651855,-8.8444881439209,"Male"
"6018403",371836,2025-07-07 18:51:10,43.3575096130371,-8.84374904632568,"Male"
"6018403",371836,2025-07-07 18:56:09,43.3576393127441,-8.84494876861572,"Male"
"6018403",371836,2025-07-07 19:01:11,43.3577766418457,-8.8449010848999,"Male"
"6018403",371836,2025-07-07 19:06:15,43.3575973510742,-8.84478378295898,"Male"
"6018403",371836,2025-07-07 19:11:11,43.3578491210938,-8.84546375274658,"Male"
"6018403",371836,2025-07-07 19:16:21,43.3575820922852,-8.84403133392334,"Male"
"6018403",371836,2025-07-07 19:21:26,43.3575820922852,-8.84389209747314,"Male"
"6018403",371836,2025-07-07 19:26:23,43.3576431274414,-8.84460639953613,"Male"
"6018403",371836,2025-07-07 19:31:18,43.357536315918,-8.84397220611572,"Male"
"6018403",371836,2025-07-07 19:36:31,43.3575401306152,-8.84408569335938,"Male"
"6018403",371836,2025-07-07 19:41:10,43.3575973510742,-8.84420394897461,"Male"
"6018403",371836,2025-07-07 19:46:10,43.3575553894043,-8.84393501281738,"Male"
"6018403",371836,2025-07-07 19:51:10,43.3576393127441,-8.84389686584473,"Male"
"6018403",371836,2025-07-07 19:56:09,43.3575325012207,-8.84386348724365,"Male"
"6018403",371836,2025-07-07 20:01:35,43.3575553894043,-8.84409618377686,"Male"
"6018403",371836,2025-07-07 20:06:07,43.3575325012207,-8.84386348724365,"Male"
"6018403",371836,2025-07-07 20:11:18,43.3575859069824,-8.84404182434082,"Male"
"6018403",371836,2025-07-07 20:16:11,43.3573532104492,-8.84380054473877,"Male"
"6018403",371836,2025-07-07 20:21:13,43.3575859069824,-8.84406471252441,"Male"
"6018403",371836,2025-07-07 20:26:41,43.3575744628906,-8.84414196014404,"Male"
"6018403",371836,2025-07-07 20:31:06,43.3575744628906,-8.84409618377686,"Male"
"6018403",371836,2025-07-07 20:36:08,43.3575630187988,-8.84407424926758,"Male"
"6018403",371836,2025-07-07 20:41:08,43.3575553894043,-8.84394931793213,"Male"
"6018403",371836,2025-07-07 20:46:09,43.3576011657715,-8.843994140625,"Male"
"6018403",371836,2025-07-07 20:51:08,43.3575973510742,-8.8440465927124,"Male"
"6018403",371836,2025-07-07 20:56:08,43.3575820922852,-8.84409523010254,"Male"
"6018403",371836,2025-07-07 21:01:10,43.3577423095703,-8.844313621521,"Male"
"6018403",371836,2025-07-07 21:06:11,43.3576049804688,-8.8440113067627,"Male"
"6018403",371836,2025-07-07 21:11:11,43.3576278686523,-8.84407329559326,"Male"
"6018403",371836,2025-07-07 21:16:11,43.3576774597168,-8.84403991699219,"Male"
"6018403",371836,2025-07-07 21:21:11,43.3576850891113,-8.84400367736816,"Male"
"6018403",371836,2025-07-07 21:26:12,43.3576965332031,-8.84401035308838,"Male"
"6018403",371836,2025-07-07 21:31:23,43.3576850891113,-8.84405899047852,"Male"
"6018403",371836,2025-07-07 21:36:16,43.3577308654785,-8.84398555755615,"Male"
"6018403",371836,2025-07-07 21:41:08,43.3577194213867,-8.84400463104248,"Male"
"6018403",371836,2025-07-07 21:46:13,43.3576240539551,-8.84402656555176,"Male"
"6018403",371836,2025-07-07 21:51:10,43.3575706481934,-8.84402370452881,"Male"
"6018403",371836,2025-07-07 21:56:15,43.3576698303223,-8.84369468688965,"Male"
"6018403",371836,2025-07-07 22:01:35,43.3576889038086,-8.84411907196045,"Male"
"6018403",371836,2025-07-07 22:06:10,43.3574829101562,-8.8439826965332,"Male"
"6018403",371836,2025-07-07 22:11:10,43.3575897216797,-8.84404373168945,"Male"
"6018403",371836,2025-07-07 22:16:11,43.3578681945801,-8.84433460235596,"Male"
"6018403",371836,2025-07-07 22:21:35,43.3576507568359,-8.84409618377686,"Male"
"6018403",371836,2025-07-07 22:26:07,43.3576278686523,-8.84405899047852,"Male"
"6018403",371836,2025-07-07 22:31:07,43.3576240539551,-8.84406757354736,"Male"
"6018403",371836,2025-07-07 22:36:06,43.3576126098633,-8.8440637588501,"Male"
"6018403",371836,2025-07-07 22:41:06,43.3575630187988,-8.84414196014404,"Male"
"6018403",371836,2025-07-07 22:46:07,43.3575973510742,-8.84407711029053,"Male"
"6018403",371836,2025-07-07 22:51:07,43.3575134277344,-8.84412479400635,"Male"
"6018403",371836,2025-07-07 22:56:06,43.3575248718262,-8.84399604797363,"Male"
"6018403",371836,2025-07-07 23:01:07,43.3575134277344,-8.84403228759766,"Male"
"6018403",371836,2025-07-07 23:06:06,43.357494354248,-8.84400367736816,"Male"
"6018403",371836,2025-07-07 23:11:06,43.3577308654785,-8.84426403045654,"Male"
"6018403",371836,2025-07-07 23:16:09,43.3575592041016,-8.84395027160645,"Male"
"6018403",371836,2025-07-07 23:21:09,43.3576698303223,-8.84397125244141,"Male"
"6018403",371836,2025-07-07 23:26:09,43.3576126098633,-8.8440990447998,"Male"
"6018403",371836,2025-07-07 23:31:13,43.3577842712402,-8.84414672851562,"Male"
"6018403",371836,2025-07-07 23:36:12,43.3577613830566,-8.84393882751465,"Male"
"6018403",371836,2025-07-07 23:41:09,43.357795715332,-8.84425449371338,"Male"
"6018403",371836,2025-07-07 23:46:09,43.3578071594238,-8.84416007995605,"Male"
"6018403",371836,2025-07-07 23:51:07,43.3578033447266,-8.84420394897461,"Male"
"6018403",371836,2025-07-07 23:56:09,43.3578681945801,-8.84419345855713,"Male"
"6018403",371836,2025-07-08 00:01:19,43.3577728271484,-8.84423828125,"Male"
"6018403",371836,2025-07-08 00:06:13,43.3575439453125,-8.84398174285889,"Male"
"6018403",371836,2025-07-08 00:11:11,43.3578109741211,-8.84414196014404,"Male"
"6018403",371836,2025-07-08 00:16:21,43.3576240539551,-8.84404373168945,"Male"
"6018403",371836,2025-07-08 00:21:19,43.3576698303223,-8.8441162109375,"Male"
"6018403",371836,2025-07-08 00:26:21,43.3575859069824,-8.84409713745117,"Male"
"6018403",371836,2025-07-08 00:31:19,43.3575630187988,-8.8441104888916,"Male"
"6018403",371836,2025-07-08 00:36:11,43.357666015625,-8.84413433074951,"Male"
"6018403",371836,2025-07-08 00:41:18,43.3574714660645,-8.84371280670166,"Male"
"6018403",371836,2025-07-08 00:46:29,43.3574638366699,-8.84354496002197,"Male"
"6018403",371836,2025-07-08 00:51:20,43.3577651977539,-8.84297466278076,"Male"
"6018403",371836,2025-07-08 00:56:20,43.3574523925781,-8.84344291687012,"Male"
"6018403",371836,2025-07-08 01:01:18,43.3575325012207,-8.84301567077637,"Male"
"6018403",371836,2025-07-08 01:06:25,43.3574981689453,-8.8433895111084,"Male"
"6018403",371836,2025-07-08 01:11:34,43.3576126098633,-8.84416389465332,"Male"
"6018403",371836,2025-07-08 01:16:11,43.3577919006348,-8.84367561340332,"Male"
"6018403",371836,2025-07-08 01:21:08,43.3576240539551,-8.84407043457031,"Male"
"6018403",371836,2025-07-08 01:26:08,43.3576850891113,-8.84394931793213,"Male"
"6018403",371836,2025-07-08 01:31:13,43.3576812744141,-8.84399318695068,"Male"
"6018403",371836,2025-07-08 01:36:11,43.3577041625977,-8.8439416885376,"Male"
"6018403",371836,2025-07-08 01:41:07,43.3577613830566,-8.84383010864258,"Male"
"6018403",371836,2025-07-08 01:46:12,43.3576622009277,-8.84404277801514,"Male"
"6018403",371836,2025-07-08 01:51:11,43.3576049804688,-8.84401035308838,"Male"
"6018403",371836,2025-07-08 01:56:21,43.3576240539551,-8.84414386749268,"Male"
"6018403",371836,2025-07-08 02:01:35,43.3576812744141,-8.84408473968506,"Male"
"6018403",371836,2025-07-08 02:06:15,43.3577194213867,-8.84406852722168,"Male"
"6018403",371836,2025-07-08 02:11:33,43.3576545715332,-8.84409618377686,"Male"
"6018403",371836,2025-07-08 02:16:13,43.3576316833496,-8.8441219329834,"Male"
"6018403",371836,2025-07-08 02:21:07,43.3577613830566,-8.84390449523926,"Male"
"6018403",371836,2025-07-08 02:26:07,43.3575782775879,-8.84413623809814,"Male"
"6018403",371836,2025-07-08 02:31:07,43.3574333190918,-8.84432697296143,"Male"
"6018403",371836,2025-07-08 02:36:08,43.3576583862305,-8.84398746490479,"Male"
"6018403",371836,2025-07-08 02:41:07,43.3577003479004,-8.84399318695068,"Male"
"6018403",371836,2025-07-08 02:46:07,43.3576698303223,-8.84393310546875,"Male"
"6018403",371836,2025-07-08 02:51:07,43.3576316833496,-8.84402751922607,"Male"
"6018403",371836,2025-07-08 02:56:08,43.3576850891113,-8.84401607513428,"Male"
"6018403",371836,2025-07-08 03:01:07,43.3576774597168,-8.84401893615723,"Male"
"6018403",371836,2025-07-08 03:06:07,43.3576927185059,-8.84393787384033,"Male"
"6018403",371836,2025-07-08 03:11:07,43.3575744628906,-8.84411144256592,"Male"
"6018403",371836,2025-07-08 03:16:07,43.3576393127441,-8.84407520294189,"Male"
"6018403",371836,2025-07-08 03:21:08,43.3576698303223,-8.8440523147583,"Male"
"6018403",371836,2025-07-08 03:26:08,43.3576622009277,-8.84403419494629,"Male"
"6018403",371836,2025-07-08 03:31:09,43.3576812744141,-8.84393215179443,"Male"
"6018403",371836,2025-07-08 03:36:07,43.3576126098633,-8.84403896331787,"Male"
"6018403",371836,2025-07-08 03:41:07,43.3576126098633,-8.84400844573975,"Male"
"6018403",371836,2025-07-08 03:46:08,43.357593536377,-8.84409523010254,"Male"
"6018403",371836,2025-07-08 03:51:08,43.3576202392578,-8.84405708312988,"Male"
"6018403",371836,2025-07-08 03:56:07,43.357608795166,-8.84403324127197,"Male"
"6018403",371836,2025-07-08 04:01:10,43.3575897216797,-8.84403514862061,"Male"
"6018403",371836,2025-07-08 04:06:11,43.3575897216797,-8.84409046173096,"Male"
"6018403",371836,2025-07-08 04:11:09,43.3573379516602,-8.84427928924561,"Male"
"6018403",371836,2025-07-08 04:16:08,43.3576240539551,-8.84385204315186,"Male"
"6018403",371836,2025-07-08 04:21:07,43.3576545715332,-8.84396266937256,"Male"
"6018403",371836,2025-07-08 04:26:11,43.3575668334961,-8.84389686584473,"Male"
"6018403",371836,2025-07-08 04:31:09,43.3619956970215,-8.83860206604004,"Male"
"6018403",371836,2025-07-08 04:36:10,43.3613243103027,-8.83325958251953,"Male"
"6018403",371836,2025-07-08 04:41:18,43.3562774658203,-8.82723712921143,"Male"
"6018403",371836,2025-07-08 04:46:19,43.3573226928711,-8.84428882598877,"Male"
"6018403",371836,2025-07-08 04:51:30,43.3575210571289,-8.84401798248291,"Male"
"6018403",371836,2025-07-08 04:56:33,43.3575057983398,-8.84410953521729,"Male"
"6018403",371836,2025-07-08 05:01:09,43.3575057983398,-8.8441104888916,"Male"
"6018403",371836,2025-07-08 05:06:09,43.3574485778809,-8.84412670135498,"Male"
"6018403",371836,2025-07-08 05:11:10,43.3575897216797,-8.84412479400635,"Male"
"6018403",371836,2025-07-08 05:16:11,43.3576583862305,-8.8441219329834,"Male"
"6018403",371836,2025-07-08 05:21:18,43.3575592041016,-8.84407806396484,"Male"
"6018403",371836,2025-07-08 05:26:10,43.3573341369629,-8.84371662139893,"Male"
"6018403",371836,2025-07-08 05:31:06,43.3576507568359,-8.84412479400635,"Male"
"6018403",371836,2025-07-08 05:36:08,43.3576278686523,-8.84416484832764,"Male"
"6018403",371836,2025-07-08 05:41:09,43.3576431274414,-8.84411430358887,"Male"
"6018403",371836,2025-07-08 05:46:06,43.3576354980469,-8.84421157836914,"Male"
"6018403",371836,2025-07-08 05:51:10,43.3576698303223,-8.84419727325439,"Male"
"6018403",371836,2025-07-08 05:56:07,43.3575744628906,-8.84416103363037,"Male"
"6018403",371836,2025-07-08 06:01:06,43.3576316833496,-8.8441743850708,"Male"
"6018403",371836,2025-07-08 06:06:06,43.3576393127441,-8.84417343139648,"Male"
"6018403",371836,2025-07-08 06:11:09,43.3576278686523,-8.84410762786865,"Male"
"6018403",371836,2025-07-08 06:16:07,43.3576507568359,-8.84407806396484,"Male"
"6018403",371836,2025-07-08 06:21:09,43.3575630187988,-8.844162940979,"Male"
"6018403",371836,2025-07-08 06:26:35,43.3575668334961,-8.84409809112549,"Male"
"6018403",371836,2025-07-08 06:31:07,43.3615875244141,-8.83631324768066,"Male"
"6018403",371836,2025-07-08 06:36:06,43.3598747253418,-8.82322216033936,"Male"
"6018403",371836,2025-07-08 06:41:07,43.3643951416016,-8.80574321746826,"Male"
"6018403",371836,2025-07-08 06:46:07,43.3708000183105,-8.78831195831299,"Male"
"6018403",371836,2025-07-08 06:51:07,43.3722305297852,-8.76769828796387,"Male"
"6018403",371836,2025-07-08 06:56:07,43.3736953735352,-8.74930095672607,"Male"
"6018403",371836,2025-07-08 07:01:07,43.373291015625,-8.72892093658447,"Male"
"6018403",371836,2025-07-08 07:06:07,43.3692665100098,-8.70979118347168,"Male"
"6018403",371836,2025-07-08 07:11:07,43.365062713623,-8.69871520996094,"Male"
"6018403",371836,2025-07-08 07:16:08,43.3624458312988,-8.69746398925781,"Male"
"6018403",371836,2025-07-08 07:21:06,43.3619270324707,-8.69767475128174,"Male"
"6018403",371836,2025-07-08 07:26:08,43.3557243347168,-8.69824886322021,"Male"
"6018403",371836,2025-07-08 07:31:08,43.3539237976074,-8.69851112365723,"Male"
"6018403",371836,2025-07-08 07:36:07,43.353687286377,-8.69872951507568,"Male"
"6018403",371836,2025-07-08 07:41:08,43.3520545959473,-8.70250511169434,"Male"
"6018403",371836,2025-07-08 07:46:07,43.3164558410645,-8.71900463104248,"Male"
"6018403",371836,2025-07-08 07:51:09,43.293212890625,-8.74589920043945,"Male"
"6018403",371836,2025-07-08 07:56:07,43.2963790893555,-8.7523889541626,"Male"
"6018403",371836,2025-07-08 08:01:07,43.315990447998,-8.80373859405518,"Male"
"6018403",371836,2025-07-08 08:06:07,43.340892791748,-8.83192539215088,"Male"
"6018403",371836,2025-07-08 08:11:09,43.3576316833496,-8.84411811828613,"Male"
"6018403",371836,2025-07-08 08:16:07,43.3575859069824,-8.84399127960205,"Male"
"6018403",371836,2025-07-08 08:21:11,43.3576316833496,-8.84423828125,"Male"
"6018403",371836,2025-07-08 08:26:13,43.3575630187988,-8.84412384033203,"Male"
"6018403",371836,2025-07-08 08:31:08,43.3574676513672,-8.84415817260742,"Male"
"6018403",371836,2025-07-08 08:36:12,43.357738494873,-8.84420299530029,"Male"
"6018403",371836,2025-07-08 08:41:12,43.3577919006348,-8.84467697143555,"Male"
"6018403",371836,2025-07-08 08:46:11,43.3577690124512,-8.84480762481689,"Male"
"6018403",371836,2025-07-08 08:51:09,43.3578262329102,-8.8447790145874,"Male"
"6018403",371836,2025-07-08 08:56:11,43.3576927185059,-8.84502696990967,"Male"
"6018403",371836,2025-07-08 09:01:10,43.3577194213867,-8.84533882141113,"Male"
"6018403",371836,2025-07-08 09:06:10,43.3576545715332,-8.84506225585938,"Male"
"6018403",371836,2025-07-08 09:11:19,43.3576774597168,-8.84418201446533,"Male"
"6018403",371836,2025-07-08 09:16:25,43.3576889038086,-8.84394454956055,"Male"
"6018403",371836,2025-07-08 09:21:29,43.3577461242676,-8.84405326843262,"Male"
"6018403",371836,2025-07-08 09:26:35,43.3576202392578,-8.84423160552979,"Male"
"6018403",371836,2025-07-08 09:31:09,43.3576316833496,-8.84388637542725,"Male"
"6018403",371836,2025-07-08 09:36:07,43.3576316833496,-8.84398937225342,"Male"
"6018403",371836,2025-07-08 09:41:06,43.3576164245605,-8.84403800964355,"Male"
"6018403",371836,2025-07-08 09:46:07,43.3576774597168,-8.84395313262939,"Male"
"6018403",371836,2025-07-08 09:51:09,43.3576126098633,-8.84409713745117,"Male"
"6018403",371836,2025-07-08 09:56:06,43.3576202392578,-8.84402942657471,"Male"
"6018403",371836,2025-07-08 10:01:06,43.3576507568359,-8.84397220611572,"Male"
"6018403",371836,2025-07-08 10:06:08,43.3577346801758,-8.84375381469727,"Male"
"6018403",371836,2025-07-08 10:11:10,43.3576126098633,-8.84409427642822,"Male"
"6018403",371836,2025-07-08 10:16:35,43.3576202392578,-8.84412574768066,"Male"
"6018403",371836,2025-07-08 10:21:07,43.3576164245605,-8.84415245056152,"Male"
"6018403",371836,2025-07-08 10:26:07,43.3576927185059,-8.84407329559326,"Male"
"6018403",371836,2025-07-08 10:31:07,43.3576469421387,-8.84406089782715,"Male"
"6018403",371836,2025-07-08 10:36:06,43.3576622009277,-8.84414577484131,"Male"
"6018403",371836,2025-07-08 10:41:06,43.3576507568359,-8.84404754638672,"Male"
"6018403",371836,2025-07-08 10:46:07,43.3577537536621,-8.84404373168945,"Male"
"6018403",371836,2025-07-08 10:51:08,43.3577156066895,-8.84406757354736,"Male"
"6018403",371836,2025-07-08 10:56:10,43.3576278686523,-8.8441858291626,"Male"
"6018403",371836,2025-07-08 11:01:07,43.3576545715332,-8.84419822692871,"Male"
"6018403",371836,2025-07-08 11:06:07,43.3576736450195,-8.84419536590576,"Male"
"6018403",371836,2025-07-08 11:11:07,43.3576622009277,-8.84410953521729,"Male"
"6018403",371836,2025-07-08 11:16:07,43.3576431274414,-8.84411811828613,"Male"
"6018403",371836,2025-07-08 11:21:07,43.3576507568359,-8.84417724609375,"Male"
"6018403",371836,2025-07-08 11:26:07,43.3577041625977,-8.84418487548828,"Male"
"6018403",371836,2025-07-08 11:31:07,43.3577156066895,-8.84418487548828,"Male"
"6018403",371836,2025-07-08 11:36:07,43.3576622009277,-8.84414672851562,"Male"
"6018403",371836,2025-07-08 11:41:09,43.3583869934082,-8.84419536590576,"Male"
"6018403",371836,2025-07-08 11:46:09,43.3576126098633,-8.84408283233643,"Male"
"6018403",371836,2025-07-08 11:51:09,43.3580322265625,-8.84405136108398,"Male"
"6018403",371836,2025-07-08 11:56:10,43.3574867248535,-8.84408855438232,"Male"
"6018403",371836,2025-07-08 12:01:12,43.3617134094238,-8.842041015625,"Male"
"6018403",371836,2025-07-08 12:06:07,43.3755645751953,-8.83668994903564,"Male"
"6018403",371836,2025-07-08 12:11:08,43.3875274658203,-8.82345390319824,"Male"
"6018403",371836,2025-07-08 12:16:08,43.3856163024902,-8.81123733520508,"Male"
"6018403",371836,2025-07-08 12:21:09,43.3845329284668,-8.81047248840332,"Male"
"6018403",371836,2025-07-08 12:26:09,43.3892517089844,-8.80232429504395,"Male"
"6018403",371836,2025-07-08 12:32:26,43.4053039550781,-8.84723377227783,"Male"
"6018403",371836,2025-07-08 12:36:08,43.4152908325195,-8.87333488464355,"Male"
"6018403",371836,2025-07-08 12:41:08,43.4290046691895,-8.91742420196533,"Male"
"6018403",371836,2025-07-08 12:46:09,43.4427337646484,-8.96068572998047,"Male"
"6018403",371836,2025-07-08 12:51:08,43.4582099914551,-8.99767017364502,"Male"
"6018403",371836,2025-07-08 12:56:55,43.4781723022461,-9.03240776062012,"Male"
"6018403",371836,2025-07-08 13:01:07,43.4903450012207,-9.05742073059082,"Male"
"6018403",371836,2025-07-08 13:06:07,43.5053329467773,-9.06430721282959,"Male"
"6018403",371836,2025-07-08 13:11:07,43.5208549499512,-9.07499980926514,"Male"
"6018403",371836,2025-07-08 13:16:19,43.5293426513672,-9.07970142364502,"Male"
"6018403",371836,2025-07-08 13:21:07,43.5338134765625,-9.0899543762207,"Male"
"6018403",371836,2025-07-08 13:26:08,43.5453987121582,-9.10982322692871,"Male"
"6018403",371836,2025-07-08 13:31:08,43.5513687133789,-9.10493087768555,"Male"
"6018403",371836,2025-07-08 13:36:09,43.5570640563965,-9.0948543548584,"Male"
"6018403",371836,2025-07-08 13:41:09,43.5383071899414,-9.08032608032227,"Male"
"6018403",371836,2025-07-08 13:46:59,43.5316429138184,-9.07056617736816,"Male"
"6018403",371836,2025-07-08 13:51:07,43.5348968505859,-9.06326103210449,"Male"
"6018403",371836,2025-07-08 13:56:08,43.542366027832,-9.05208492279053,"Male"
"6018403",371836,2025-07-08 14:02:31,43.5541000366211,-9.04253387451172,"Male"
"6018403",371836,2025-07-08 14:07:31,43.5525398254395,-9.02671527862549,"Male"
"6018403",371836,2025-07-08 14:11:06,43.5543327331543,-9.01395320892334,"Male"
"6018403",371836,2025-07-08 14:16:11,43.5589599609375,-8.99983978271484,"Male"
"6018403",371836,2025-07-08 14:21:07,43.5608329772949,-8.98175811767578,"Male"
"6018403",371836,2025-07-08 14:26:11,43.5623512268066,-8.96335411071777,"Male"
"6018403",371836,2025-07-08 14:31:07,43.5618934631348,-8.94412231445312,"Male"
"6018403",371836,2025-07-08 14:36:09,43.5605201721191,-8.9238224029541,"Male"
"6018403",371836,2025-07-08 14:41:07,43.561824798584,-8.91971302032471,"Male"
"6018403",371836,2025-07-08 14:46:07,43.5623397827148,-8.91855907440186,"Male"
"6018403",371836,2025-07-08 14:51:07,43.565860748291,-8.92264461517334,"Male"
"6018403",371836,2025-07-08 14:56:11,43.564380645752,-8.91450786590576,"Male"
"6018403",371836,2025-07-08 15:01:09,43.5634651184082,-8.91541004180908,"Male"
"6018403",371836,2025-07-08 15:06:09,43.5645980834961,-8.91538715362549,"Male"
"6018403",371836,2025-07-08 15:11:11,43.5731773376465,-8.93092823028564,"Male"
"6018403",371836,2025-07-08 15:16:19,43.5921249389648,-8.96462917327881,"Male"
"6018403",371836,2025-07-08 15:21:09,43.5684700012207,-9.00099945068359,"Male"
"6018403",371836,2025-07-08 15:26:10,43.5327568054199,-9.03580474853516,"Male"
"6018403",371836,2025-07-08 15:32:31,43.5296783447266,-9.01889801025391,"Male"
"6018403",371836,2025-07-08 15:36:09,43.5293426513672,-9.00896167755127,"Male"
"6018403",371836,2025-07-08 15:41:08,43.5169067382812,-8.99310779571533,"Male"
"6018403",371836,2025-07-08 15:46:09,43.52392578125,-8.9919548034668,"Male"
"6018403",371836,2025-07-08 15:51:12,43.5177268981934,-8.98137760162354,"Male"
"6018403",371836,2025-07-08 15:56:10,43.5174674987793,-8.97928619384766,"Male"
"6018403",371836,2025-07-08 16:02:30,43.5239334106445,-8.99041080474854,"Male"
"6018403",371836,2025-07-08 16:06:53,43.5140571594238,-9.00798988342285,"Male"
"6018403",371836,2025-07-08 16:11:07,43.5130348205566,-9.0116138458252,"Male"
"6018403",371836,2025-07-08 16:16:07,43.5163269042969,-9.00146102905273,"Male"
"6018403",371836,2025-07-08 16:22:31,43.4916648864746,-8.98441505432129,"Male"
"6018403",371836,2025-07-08 16:26:07,43.4723777770996,-8.97532367706299,"Male"
"6018403",371836,2025-07-08 16:32:31,43.4343872070312,-8.95381736755371,"Male"
"6018403",371836,2025-07-08 16:37:31,43.4080543518066,-8.93597030639648,"Male"
"6018403",371836,2025-07-08 16:42:31,43.3863105773926,-8.91535377502441,"Male"
"6018403",371836,2025-07-08 16:47:31,43.3723220825195,-8.89428806304932,"Male"
"6018403",371836,2025-07-08 16:51:09,43.3646392822266,-8.87759399414062,"Male"
"6018403",371836,2025-07-08 16:56:15,43.3581771850586,-8.85506916046143,"Male"
"6018403",371836,2025-07-08 17:01:08,43.3582038879395,-8.84433650970459,"Male"
"6018403",371836,2025-07-08 17:06:08,43.3582153320312,-8.84439277648926,"Male"
"6018403",371836,2025-07-08 17:11:17,43.3584365844727,-8.84442806243896,"Male"
"6018403",371836,2025-07-08 17:16:10,43.3576469421387,-8.84351921081543,"Male"
"6018403",371836,2025-07-08 17:21:12,43.3577346801758,-8.84363269805908,"Male"
"6018403",371836,2025-07-08 17:26:10,43.3575668334961,-8.84322357177734,"Male"
"6018403",371836,2025-07-08 17:31:11,43.357738494873,-8.84360408782959,"Male"
"6018403",371836,2025-07-08 17:36:11,43.3579368591309,-8.84374523162842,"Male"
"6018403",371836,2025-07-08 17:41:19,43.3587112426758,-8.8450813293457,"Male"
"6018403",371836,2025-07-08 17:46:08,43.358642578125,-8.8450345993042,"Male"
"6018403",371836,2025-07-08 17:51:31,43.3579368591309,-8.84399223327637,"Male"
"6018403",371836,2025-07-08 17:56:07,43.3579216003418,-8.84398174285889,"Male"
"6018403",371836,2025-07-08 18:01:09,43.3579521179199,-8.84447956085205,"Male"
"6018403",371836,2025-07-08 18:06:08,43.3577194213867,-8.84406852722168,"Male"
"6018403",371836,2025-07-08 18:11:07,43.3576240539551,-8.84415435791016,"Male"
"6018403",371836,2025-07-08 18:16:08,43.3577575683594,-8.84403705596924,"Male"
"6018403",371836,2025-07-08 18:21:07,43.3578109741211,-8.8439769744873,"Male"
"6018403",371836,2025-07-08 18:26:07,43.3577842712402,-8.84395790100098,"Male"
"6018403",371836,2025-07-08 18:31:07,43.3578109741211,-8.84398937225342,"Male"
"6018403",371836,2025-07-08 18:36:08,43.3576202392578,-8.84411144256592,"Male"
"6018403",371836,2025-07-08 18:41:08,43.3577690124512,-8.84396553039551,"Male"
"6018403",371836,2025-07-08 18:46:09,43.3578643798828,-8.84373474121094,"Male"
"6018403",371836,2025-07-08 18:51:17,43.3575897216797,-8.84414768218994,"Male"
"6018403",371836,2025-07-08 18:56:20,43.3575592041016,-8.84418392181396,"Male"
"6018403",371836,2025-07-08 19:01:07,43.3575706481934,-8.84433841705322,"Male"
"6018403",371836,2025-07-08 19:06:08,43.3574867248535,-8.84417819976807,"Male"
"6018403",371836,2025-07-08 19:11:10,43.357551574707,-8.84414005279541,"Male"
"6018403",371836,2025-07-08 19:16:08,43.3575744628906,-8.84416580200195,"Male"
"6018403",371836,2025-07-08 19:21:09,43.3581466674805,-8.84372043609619,"Male"
"6018403",371836,2025-07-08 19:26:09,43.3575439453125,-8.84414768218994,"Male"
"6018403",371836,2025-07-08 19:31:09,43.3576622009277,-8.84420108795166,"Male"
"6018403",371836,2025-07-08 19:36:07,43.357608795166,-8.84428787231445,"Male"
"6018403",371836,2025-07-08 19:41:10,43.3575859069824,-8.84416103363037,"Male"
"6018403",371836,2025-07-08 19:46:07,43.3575172424316,-8.84419631958008,"Male"
"6018403",371836,2025-07-08 19:51:10,43.3576126098633,-8.84417152404785,"Male"
"6018403",371836,2025-07-08 19:56:07,43.3575401306152,-8.84396076202393,"Male"
"6018403",371836,2025-07-08 20:01:07,43.3577194213867,-8.84444713592529,"Male"
"6018403",371836,2025-07-08 20:06:08,43.3576354980469,-8.84411144256592,"Male"
"6018403",371836,2025-07-08 20:11:10,43.3576393127441,-8.84407138824463,"Male"
"6018403",371836,2025-07-08 20:16:11,43.3576507568359,-8.84409713745117,"Male"
"6018403",371836,2025-07-08 20:21:08,43.3576354980469,-8.84414768218994,"Male"
"6018403",371836,2025-07-08 20:26:10,43.3576927185059,-8.84418296813965,"Male"
"6018403",371836,2025-07-08 20:31:22,43.357666015625,-8.84414005279541,"Male"
"6018403",371836,2025-07-08 20:36:32,43.3575897216797,-8.84410381317139,"Male"
"6018403",371836,2025-07-08 20:41:09,43.3576545715332,-8.84420013427734,"Male"
"6018403",371836,2025-07-08 20:46:08,43.3577003479004,-8.84420204162598,"Male"
"6018403",371836,2025-07-08 20:51:09,43.3577194213867,-8.84432029724121,"Male"
"6018403",371836,2025-07-08 20:56:10,43.3577575683594,-8.8444652557373,"Male"
"6018403",371836,2025-07-08 21:01:12,43.3577041625977,-8.84450626373291,"Male"
"6018403",371836,2025-07-08 21:06:10,43.3577308654785,-8.84451007843018,"Male"
"6018403",371836,2025-07-08 21:11:22,43.3576622009277,-8.84420299530029,"Male"
"6018403",371836,2025-07-08 21:16:08,43.3577194213867,-8.84417819976807,"Male"
"6018403",371836,2025-07-08 21:21:10,43.3577041625977,-8.84425735473633,"Male"
"6018403",371836,2025-07-08 21:26:08,43.3576812744141,-8.84438228607178,"Male"
"6018403",371836,2025-07-08 21:31:09,43.3576316833496,-8.84417915344238,"Male"
"6018403",371836,2025-07-08 21:36:11,43.3576011657715,-8.84418487548828,"Male"
"6018403",371836,2025-07-08 21:41:26,43.3573341369629,-8.84397983551025,"Male"
"6018403",371836,2025-07-08 21:46:11,43.3573684692383,-8.84398555755615,"Male"
"6018403",371836,2025-07-08 21:51:13,43.357292175293,-8.84393215179443,"Male"
"6018403",371836,2025-07-08 21:56:34,43.3576126098633,-8.84415626525879,"Male"
"6018403",371836,2025-07-08 22:01:17,43.3576622009277,-8.84413719177246,"Male"
"6018403",371836,2025-07-08 22:06:35,43.3576354980469,-8.84409809112549,"Male"
"6018403",371836,2025-07-08 22:11:07,43.3576049804688,-8.84410953521729,"Male"
"6018403",371836,2025-07-08 22:16:07,43.3575592041016,-8.84409236907959,"Male"
"6018403",371836,2025-07-08 22:21:20,43.3576011657715,-8.84409427642822,"Male"
"6018403",371836,2025-07-08 22:26:07,43.3576011657715,-8.84410381317139,"Male"
"6018403",371836,2025-07-08 22:31:07,43.3577995300293,-8.84428024291992,"Male"
"6018403",371836,2025-07-08 22:36:08,43.357551574707,-8.84406566619873,"Male"
"6018403",371836,2025-07-08 22:41:07,43.3575973510742,-8.84409999847412,"Male"
"6018403",371836,2025-07-08 22:46:08,43.3575134277344,-8.84393215179443,"Male"
"6018403",371836,2025-07-08 22:51:08,43.3576354980469,-8.84411334991455,"Male"
"6018403",371836,2025-07-08 22:56:08,43.357738494873,-8.84417343139648,"Male"
"6018403",371836,2025-07-08 23:01:08,43.3575553894043,-8.84398651123047,"Male"
"6018403",371836,2025-07-08 23:06:12,43.357593536377,-8.84444236755371,"Male"
"6018403",371836,2025-07-08 23:11:11,43.3574981689453,-8.84412097930908,"Male"
"6018403",371836,2025-07-08 23:16:09,43.3575477600098,-8.84406757354736,"Male"
"6018403",371836,2025-07-08 23:21:11,43.35791015625,-8.8441047668457,"Male"
"6018403",371836,2025-07-08 23:26:10,43.3576698303223,-8.84416198730469,"Male"
"6018403",371836,2025-07-08 23:31:12,43.3576393127441,-8.84420204162598,"Male"
"6018403",371836,2025-07-08 23:36:08,43.357593536377,-8.84411907196045,"Male"
"6018403",371836,2025-07-08 23:41:12,43.3576393127441,-8.84411716461182,"Male"
"6018403",371836,2025-07-08 23:46:10,43.3572959899902,-8.84450721740723,"Male"
"6018403",371836,2025-07-08 23:51:33,43.357666015625,-8.8441276550293,"Male"
"6018403",371836,2025-07-08 23:56:08,43.3579025268555,-8.84381580352783,"Male"
"6018403",371836,2025-07-09 00:01:10,43.3576965332031,-8.84394359588623,"Male"
"6018403",371836,2025-07-09 00:06:15,43.3576965332031,-8.84394264221191,"Male"
"6018403",371836,2025-07-09 00:11:11,43.3576927185059,-8.84396743774414,"Male"
"6018403",371836,2025-07-09 00:16:10,43.3576927185059,-8.84387397766113,"Male"
"6018403",371836,2025-07-09 00:21:18,43.3576545715332,-8.84402751922607,"Male"
"6018403",371836,2025-07-09 00:26:30,43.3576736450195,-8.84400749206543,"Male"
"6018403",371836,2025-07-09 00:31:35,43.3575744628906,-8.84407424926758,"Male"
"6018403",371836,2025-07-09 00:36:07,43.3576202392578,-8.84409141540527,"Male"
"6018403",371836,2025-07-09 00:41:09,43.3575859069824,-8.84415626525879,"Male"
"6018403",371836,2025-07-09 00:46:07,43.3576278686523,-8.84405136108398,"Male"
"6018403",371836,2025-07-09 00:51:07,43.3576011657715,-8.84408760070801,"Male"
"6018403",371836,2025-07-09 00:56:07,43.3576049804688,-8.8441104888916,"Male"
"6018403",371836,2025-07-09 01:01:07,43.3575820922852,-8.84413146972656,"Male"
"6018403",371836,2025-07-09 01:06:07,43.357608795166,-8.84416770935059,"Male"
"6018403",371836,2025-07-09 01:11:08,43.3575401306152,-8.84417629241943,"Male"
"6018403",371836,2025-07-09 01:16:08,43.3575744628906,-8.84409618377686,"Male"
"6018403",371836,2025-07-09 01:21:08,43.3575553894043,-8.84413242340088,"Male"
"6018403",371836,2025-07-09 01:26:09,43.3576049804688,-8.84411525726318,"Male"
"6018403",371836,2025-07-09 01:31:07,43.3575325012207,-8.84415626525879,"Male"
"6018403",371836,2025-07-09 01:36:07,43.3575668334961,-8.84414291381836,"Male"
"6018403",371836,2025-07-09 01:41:09,43.3576126098633,-8.8441333770752,"Male"
"6018403",371836,2025-07-09 01:46:10,43.357608795166,-8.8439769744873,"Male"
"6018403",371836,2025-07-09 01:51:09,43.3575401306152,-8.84404850006104,"Male"
"6018403",371836,2025-07-09 01:56:09,43.3575057983398,-8.84395694732666,"Male"
"6018403",371836,2025-07-09 02:01:35,43.3576469421387,-8.84413242340088,"Male"
"6018403",371836,2025-07-09 02:06:07,43.3575782775879,-8.84421157836914,"Male"
"6018403",371836,2025-07-09 02:11:07,43.3576431274414,-8.84412860870361,"Male"
"6018403",371836,2025-07-09 02:16:07,43.3576431274414,-8.84417533874512,"Male"
"6018403",371836,2025-07-09 02:21:08,43.3576545715332,-8.84407424926758,"Male"
"6018403",371836,2025-07-09 02:26:08,43.3576164245605,-8.84411239624023,"Male"
"6018403",371836,2025-07-09 02:31:08,43.3575592041016,-8.8440055847168,"Male"
"6018403",371836,2025-07-09 02:36:08,43.3576469421387,-8.84406089782715,"Male"
"6018403",371836,2025-07-09 02:41:10,43.3574562072754,-8.84408092498779,"Male"
"6018403",371836,2025-07-09 02:46:07,43.3575706481934,-8.84414863586426,"Male"
"6018403",371836,2025-07-09 02:51:07,43.3576202392578,-8.84419441223145,"Male"
"6018403",371836,2025-07-09 02:56:07,43.3576583862305,-8.84408378601074,"Male"
"6018403",371836,2025-07-09 03:01:07,43.3575973510742,-8.84405994415283,"Male"
"6018403",371836,2025-07-09 03:06:07,43.3575859069824,-8.84421157836914,"Male"
"6018403",371836,2025-07-09 03:11:07,43.3575706481934,-8.84411525726318,"Male"
"6018403",371836,2025-07-09 03:16:08,43.3575973510742,-8.84413433074951,"Male"
"6018403",371836,2025-07-09 03:21:08,43.3575859069824,-8.84414768218994,"Male"
"6018403",371836,2025-07-09 03:26:08,43.357593536377,-8.84411334991455,"Male"
"6018403",371836,2025-07-09 03:31:12,43.3575477600098,-8.84415245056152,"Male"
"6018403",371836,2025-07-09 03:36:17,43.3577079772949,-8.84411716461182,"Male"
"6018403",371836,2025-07-09 03:41:19,43.3575782775879,-8.84410190582275,"Male"
"6018403",371836,2025-07-09 03:46:13,43.3576393127441,-8.84406757354736,"Male"
"6018403",371836,2025-07-09 03:51:16,43.3576622009277,-8.84413433074951,"Male"
"6018403",371836,2025-07-09 03:56:11,43.3576011657715,-8.84412002563477,"Male"
"6018403",371836,2025-07-09 04:01:35,43.3575744628906,-8.8440990447998,"Male"
"6018403",371836,2025-07-09 04:06:09,43.357738494873,-8.84412956237793,"Male"
"6018403",371836,2025-07-09 04:11:18,43.3576354980469,-8.84416675567627,"Male"
"6018403",371836,2025-07-09 04:16:08,43.3575820922852,-8.84412384033203,"Male"
"6018403",371836,2025-07-09 04:21:12,43.3575744628906,-8.84402465820312,"Male"
"6018403",371836,2025-07-09 04:26:13,43.357593536377,-8.84409427642822,"Male"
"6018403",371836,2025-07-09 04:31:08,43.3584861755371,-8.83654594421387,"Male"
"6018403",371836,2025-07-09 04:36:08,43.3627891540527,-8.82642555236816,"Male"
"6018403",371836,2025-07-09 04:41:08,43.363597869873,-8.82699108123779,"Male"
"6018403",371836,2025-07-09 04:46:08,43.3646087646484,-8.82775402069092,"Male"
"6018403",371836,2025-07-09 04:51:07,43.3669738769531,-8.82978248596191,"Male"
"6018403",371836,2025-07-09 04:56:08,43.3694381713867,-8.83137321472168,"Male"
"6018403",371836,2025-07-09 05:01:09,43.3683853149414,-8.83021259307861,"Male"
"6018403",371836,2025-07-09 05:06:09,43.3595886230469,-8.84135055541992,"Male"
"6018403",371836,2025-07-09 05:11:09,43.3579330444336,-8.84475040435791,"Male"
"6018403",371836,2025-07-09 05:16:10,43.3574600219727,-8.84398746490479,"Male"
"6018403",371836,2025-07-09 05:21:12,43.3577766418457,-8.84436988830566,"Male"
"6018403",371836,2025-07-09 05:26:15,43.3575210571289,-8.84403324127197,"Male"
"6018403",371836,2025-07-09 05:31:22,43.3575592041016,-8.84414958953857,"Male"
"6018403",371836,2025-07-09 05:36:22,43.3575592041016,-8.84395027160645,"Male"
"6018403",371836,2025-07-09 05:41:20,43.357536315918,-8.84413146972656,"Male"
"6018403",371836,2025-07-09 05:46:20,43.357536315918,-8.84411907196045,"Male"
"6018403",371836,2025-07-09 05:51:35,43.3577842712402,-8.84425354003906,"Male"
"6018403",371836,2025-07-09 05:56:18,43.3579444885254,-8.84451961517334,"Male"
"6018403",371836,2025-07-09 06:01:09,43.3575325012207,-8.8439769744873,"Male"
"6018403",371836,2025-07-09 06:06:08,43.3574981689453,-8.84402370452881,"Male"
"6018403",371836,2025-07-09 06:11:08,43.3574829101562,-8.84407520294189,"Male"
"6018403",371836,2025-07-09 06:16:11,43.3573913574219,-8.84398365020752,"Male"
"6018403",371836,2025-07-09 06:21:15,43.3576316833496,-8.84424018859863,"Male"
"6018403",371836,2025-07-09 06:26:25,43.3575744628906,-8.84417057037354,"Male"
"6018403",371836,2025-07-09 06:31:21,43.3576393127441,-8.84412670135498,"Male"
"6018403",371836,2025-07-09 06:36:59,43.3576011657715,-8.84412479400635,"Male"
"6018403",371836,2025-07-09 06:41:08,43.3576011657715,-8.84415245056152,"Male"
"6018403",371836,2025-07-09 06:46:08,43.357608795166,-8.84422969818115,"Male"
"6018403",371836,2025-07-09 06:51:12,43.3570899963379,-8.84407901763916,"Male"
"6018403",371836,2025-07-09 06:56:09,43.3567810058594,-8.84406471252441,"Male"
"6018403",371836,2025-07-09 07:01:09,43.3565368652344,-8.8441858291626,"Male"
"6018403",371836,2025-07-09 07:06:09,43.3565216064453,-8.84409523010254,"Male"
"6018403",371836,2025-07-09 07:11:10,43.3575325012207,-8.84358024597168,"Male"
"6018403",371836,2025-07-09 07:16:11,43.3574371337891,-8.84397506713867,"Male"
"6018403",371836,2025-07-09 07:21:10,43.3576049804688,-8.84409141540527,"Male"
"6018403",371836,2025-07-09 07:26:09,43.3575782775879,-8.84414005279541,"Male"
"6018403",371836,2025-07-09 07:31:07,43.3575439453125,-8.8441686630249,"Male"
"6018403",371836,2025-07-09 07:36:07,43.3575744628906,-8.84413528442383,"Male"
"6018403",371836,2025-07-09 07:41:11,43.3576545715332,-8.84422874450684,"Male"
"6018403",371836,2025-07-09 07:46:10,43.3575973510742,-8.84423351287842,"Male"
"6018403",371836,2025-07-09 07:51:09,43.3611183166504,-8.83268451690674,"Male"
"6018403",371836,2025-07-09 07:56:07,43.3655548095703,-8.80404376983643,"Male"
"6018403",371836,2025-07-09 08:01:08,43.3686981201172,-8.77075004577637,"Male"
"6018403",371836,2025-07-09 08:06:08,43.3739585876465,-8.73522567749023,"Male"
"6018403",371836,2025-07-09 08:11:09,43.3570137023926,-8.70596790313721,"Male"
"6018403",371836,2025-07-09 08:16:11,43.3541831970215,-8.70463371276855,"Male"
"6018403",371836,2025-07-09 08:21:11,43.3539810180664,-8.70474147796631,"Male"
"6018403",371836,2025-07-09 08:26:11,43.3544921875,-8.70316219329834,"Male"
"6018403",371836,2025-07-09 08:31:16,43.3541946411133,-8.70376491546631,"Male"
"6018403",371836,2025-07-09 08:36:12,43.3539810180664,-8.70321750640869,"Male"
"6018403",371836,2025-07-09 08:41:20,43.3538246154785,-8.70396518707275,"Male"
"6018403",371836,2025-07-09 08:46:16,43.3520278930664,-8.70330429077148,"Male"
"6018403",371836,2025-07-09 08:52:11,43.3520965576172,-8.70319080352783,"Male"
"6018403",371836,2025-07-09 08:56:20,43.3518905639648,-8.70310497283936,"Male"
"6018403",371836,2025-07-09 09:01:12,43.3521156311035,-8.70334815979004,"Male"
"6018403",371836,2025-07-09 09:06:20,43.3519744873047,-8.7030029296875,"Male"
"6018403",371836,2025-07-09 09:11:28,43.321720123291,-8.72794437408447,"Male"
"6018403",371836,2025-07-09 09:16:35,43.293758392334,-8.74588108062744,"Male"
"6018403",371836,2025-07-09 09:21:11,43.2941474914551,-8.74550914764404,"Male"
"6018403",371836,2025-07-09 09:26:12,43.2939376831055,-8.74627685546875,"Male"
"6018403",371836,2025-07-09 09:31:12,43.2939453125,-8.74577713012695,"Male"
"6018403",371836,2025-07-09 09:36:10,43.3035430908203,-8.76102161407471,"Male"
"6018403",371836,2025-07-09 09:41:08,43.3243522644043,-8.79953956604004,"Male"
"6018403",371836,2025-07-09 09:46:10,43.3395385742188,-8.83357620239258,"Male"
"6018403",371836,2025-07-09 09:51:11,43.3576889038086,-8.84414863586426,"Male"
"6018403",371836,2025-07-09 09:56:09,43.3575973510742,-8.84409809112549,"Male"
"6018403",371836,2025-07-09 10:01:15,43.3576736450195,-8.84412574768066,"Male"
"6018403",371836,2025-07-09 10:06:11,43.3576965332031,-8.84420967102051,"Male"
"6018403",371836,2025-07-09 10:11:35,43.3576927185059,-8.84413623809814,"Male"
"6018403",371836,2025-07-09 10:16:07,43.3576049804688,-8.84414958953857,"Male"
"6018403",371836,2025-07-09 10:21:08,43.3576202392578,-8.84414196014404,"Male"
"6018403",371836,2025-07-09 10:26:08,43.3575782775879,-8.84418392181396,"Male"
"6018403",371836,2025-07-09 10:31:10,43.357593536377,-8.84419441223145,"Male"
"6018403",371836,2025-07-09 10:36:08,43.3576164245605,-8.8441104888916,"Male"
"6018403",371836,2025-07-09 10:41:08,43.3576393127441,-8.84422397613525,"Male"
"6018403",371836,2025-07-09 10:46:07,43.3576011657715,-8.84419059753418,"Male"
"6018403",371836,2025-07-09 10:51:07,43.3575973510742,-8.84415245056152,"Male"
"6018403",371836,2025-07-09 10:56:07,43.357494354248,-8.84411716461182,"Male"
"6018403",371836,2025-07-09 11:01:09,43.3575592041016,-8.84416103363037,"Male"
"6018403",371836,2025-07-09 11:06:09,43.357551574707,-8.84414100646973,"Male"
"6018403",371836,2025-07-09 11:11:10,43.3575553894043,-8.84413909912109,"Male"
"6018403",371836,2025-07-09 11:16:09,43.3576316833496,-8.84412860870361,"Male"
"6018403",371836,2025-07-09 11:21:09,43.357536315918,-8.84381580352783,"Male"
"6018403",371836,2025-07-09 11:26:12,43.3573341369629,-8.84359455108643,"Male"
"6018403",371836,2025-07-09 11:31:09,43.357536315918,-8.84411907196045,"Male"
"6018403",371836,2025-07-09 11:36:11,43.3575553894043,-8.8440580368042,"Male"
"6018403",371836,2025-07-09 11:41:32,43.3576202392578,-8.84410953521729,"Male"
"6018403",371836,2025-07-09 11:46:08,43.3574829101562,-8.84406471252441,"Male"
"6018403",371836,2025-07-09 11:51:08,43.3573799133301,-8.84412097930908,"Male"
"6018403",371836,2025-07-09 11:56:11,43.3576507568359,-8.84400653839111,"Male"
"6018403",371836,2025-07-09 12:01:35,43.357551574707,-8.84417247772217,"Male"
"6018403",371836,2025-07-09 12:06:11,43.3638572692871,-8.84966564178467,"Male"
"6018403",371836,2025-07-09 12:11:08,43.3726654052734,-8.85236072540283,"Male"
"6018403",371836,2025-07-09 12:16:08,43.3731651306152,-8.85043430328369,"Male"
"6018403",371836,2025-07-09 12:21:09,43.3717269897461,-8.8552074432373,"Male"
"6018403",371836,2025-07-09 12:26:12,43.3721542358398,-8.85309886932373,"Male"
"6018403",371836,2025-07-09 12:31:13,43.3718185424805,-8.85269737243652,"Male"
"6018403",371836,2025-07-09 12:36:09,43.3574981689453,-8.84412097930908,"Male"
"6018403",371836,2025-07-09 12:41:09,43.3574562072754,-8.84401893615723,"Male"
"6018403",371836,2025-07-09 12:46:09,43.357536315918,-8.84405326843262,"Male"
"6018403",371836,2025-07-09 12:51:09,43.3576431274414,-8.84432697296143,"Male"
"6018403",371836,2025-07-09 12:56:09,43.3576622009277,-8.84434413909912,"Male"
"6018403",371836,2025-07-09 13:01:10,43.3576431274414,-8.84416580200195,"Male"
"6018403",371836,2025-07-09 13:06:12,43.3573799133301,-8.84399604797363,"Male"
"6018403",371836,2025-07-09 13:11:10,43.3574752807617,-8.84400463104248,"Male"
"6018403",371836,2025-07-09 13:16:10,43.3577194213867,-8.84425735473633,"Male"
"6018403",371836,2025-07-09 13:21:10,43.3576126098633,-8.84418869018555,"Male"
"6018403",371836,2025-07-09 13:26:17,43.3576011657715,-8.84421062469482,"Male"
"6018403",371836,2025-07-09 13:31:12,43.3575096130371,-8.84402751922607,"Male"
"6018403",371836,2025-07-09 13:36:09,43.3575897216797,-8.84417819976807,"Male"
"6018403",371836,2025-07-09 13:41:10,43.3574600219727,-8.84398460388184,"Male"
"6018403",371836,2025-07-09 13:46:08,43.3577461242676,-8.84434413909912,"Male"
"6018403",371836,2025-07-09 13:51:08,43.3574981689453,-8.84402751922607,"Male"
"6018403",371836,2025-07-09 13:56:22,43.3575973510742,-8.8441047668457,"Male"
"6018403",371836,2025-07-09 14:01:08,43.3575592041016,-8.84406471252441,"Male"
"6018403",371836,2025-07-09 14:06:09,43.357738494873,-8.84481143951416,"Male"
"6018403",371836,2025-07-09 14:11:11,43.357852935791,-8.84465980529785,"Male"
"6018403",371836,2025-07-09 14:16:11,43.370491027832,-8.85162258148193,"Male"
"6018403",371836,2025-07-09 14:21:33,43.3709449768066,-8.85232830047607,"Male"
"6018403",371836,2025-07-09 14:27:04,43.3718414306641,-8.85010719299316,"Male"
"6018403",371836,2025-07-09 14:31:09,43.3718566894531,-8.85098361968994,"Male"
"6018403",371836,2025-07-09 14:36:08,43.3666725158691,-8.85296726226807,"Male"
"6018403",371836,2025-07-09 14:41:09,43.3574562072754,-8.84566974639893,"Male"
"6018403",371836,2025-07-09 14:46:09,43.3614158630371,-8.8299560546875,"Male"
"6018403",371836,2025-07-09 14:51:08,43.3580513000488,-8.83316135406494,"Male"
"6018403",371836,2025-07-09 14:56:08,43.3571548461914,-8.83653354644775,"Male"
"6018403",371836,2025-07-09 15:01:08,43.3571281433105,-8.83603382110596,"Male"
"6018403",371836,2025-07-09 15:06:10,43.356372833252,-8.84664535522461,"Male"
"6018403",371836,2025-07-09 15:11:08,43.3585586547852,-8.84618473052979,"Male"
"6018403",371836,2025-07-09 15:16:18,43.3575897216797,-8.84422016143799,"Male"
"6018403",371836,2025-07-09 15:21:11,43.3576507568359,-8.84421062469482,"Male"
"6018403",371836,2025-07-09 15:26:11,43.3577308654785,-8.84410667419434,"Male"
"6018403",371836,2025-07-09 15:31:11,43.3575973510742,-8.84416007995605,"Male"
"6018403",371836,2025-07-09 15:36:17,43.3576774597168,-8.84406661987305,"Male"
"6018403",371836,2025-07-09 15:41:16,43.3575134277344,-8.84433555603027,"Male"
"6018403",371836,2025-07-09 15:46:19,43.3575057983398,-8.84423923492432,"Male"
"6018403",371836,2025-07-09 15:51:19,43.3575172424316,-8.84429740905762,"Male"
"6018403",371836,2025-07-09 15:56:44,43.3575439453125,-8.84431457519531,"Male"
"6018403",371836,2025-07-09 16:01:15,43.3580322265625,-8.8447208404541,"Male"
"6018403",371836,2025-07-09 16:06:13,43.358715057373,-8.84530448913574,"Male"
"6018403",371836,2025-07-09 16:11:12,43.3579864501953,-8.84423542022705,"Male"
"6018403",371836,2025-07-09 16:16:16,43.3577041625977,-8.84422397613525,"Male"
"6018403",371836,2025-07-09 16:21:13,43.3580436706543,-8.84429740905762,"Male"
"6018403",371836,2025-07-09 16:26:15,43.3576736450195,-8.84424304962158,"Male"
"6018403",371836,2025-07-09 16:31:11,43.3575897216797,-8.84422874450684,"Male"
"6018403",371836,2025-07-09 16:36:13,43.3576583862305,-8.84425926208496,"Male"
"6018403",371836,2025-07-09 16:41:24,43.3576278686523,-8.84413814544678,"Male"
"6018403",371836,2025-07-09 16:46:44,43.3576354980469,-8.84410572052002,"Male"
"6018403",371836,2025-07-09 16:51:10,43.3575744628906,-8.84409046173096,"Male"
"6018403",371836,2025-07-09 16:56:10,43.3575592041016,-8.84402656555176,"Male"
"6018403",371836,2025-07-09 17:01:23,43.3576126098633,-8.84407424926758,"Male"
"6018403",371836,2025-07-09 17:06:12,43.357551574707,-8.84409046173096,"Male"
"6018403",371836,2025-07-09 17:11:12,43.3576545715332,-8.84413719177246,"Male"
"6018403",371836,2025-07-09 17:16:15,43.3576240539551,-8.844069480896,"Male"
"6018403",371836,2025-07-09 17:21:17,43.3575477600098,-8.8440637588501,"Male"
"6018403",371836,2025-07-09 17:26:09,43.3572692871094,-8.84501552581787,"Male"
"6018403",371836,2025-07-09 17:31:44,43.3672142028809,-8.82394695281982,"Male"
"6018403",371836,2025-07-09 17:36:11,43.3676300048828,-8.8236255645752,"Male"
"6018403",371836,2025-07-09 17:41:10,43.3701591491699,-8.82763957977295,"Male"
"6018403",371836,2025-07-09 17:46:16,43.3725967407227,-8.8311014175415,"Male"
"6018403",371836,2025-07-09 17:51:13,43.3731384277344,-8.83111000061035,"Male"
"6018403",371836,2025-07-09 17:56:11,43.3598327636719,-8.83230972290039,"Male"
"6018403",371836,2025-07-09 18:01:33,43.3660469055176,-8.77194118499756,"Male"
"6018403",371836,2025-07-09 18:06:12,43.3583374023438,-8.72218608856201,"Male"
"6018403",371836,2025-07-09 18:12:29,43.3487968444824,-8.70211124420166,"Male"
"6018403",371836,2025-07-09 18:16:11,43.3468780517578,-8.70246696472168,"Male"
"6018403",371836,2025-07-09 18:21:24,43.3462371826172,-8.70219707489014,"Male"
"6018403",371836,2025-07-09 18:26:12,43.3458023071289,-8.7018518447876,"Male"
"6018403",371836,2025-07-09 18:31:35,43.3461303710938,-8.70148944854736,"Male"
"6018403",371836,2025-07-09 18:36:19,43.3462028503418,-8.70102787017822,"Male"
"6018403",371836,2025-07-09 18:41:13,43.3469085693359,-8.70023250579834,"Male"
"6018403",371836,2025-07-09 18:47:35,43.3494300842285,-8.70455551147461,"Male"
"6018403",371836,2025-07-09 18:51:35,43.3504219055176,-8.69852352142334,"Male"
"6018403",371836,2025-07-09 18:56:10,43.3438606262207,-8.71076965332031,"Male"
"6018403",371836,2025-07-09 19:01:10,43.3126831054688,-8.72192573547363,"Male"
"6018403",371836,2025-07-09 19:06:10,43.2940826416016,-8.73328399658203,"Male"
"6018403",371836,2025-07-09 19:11:11,43.3060188293457,-8.7632474899292,"Male"
"6018403",371836,2025-07-09 19:16:10,43.3190574645996,-8.78960227966309,"Male"
"6018403",371836,2025-07-09 19:21:10,43.3351135253906,-8.82242870330811,"Male"
"6018403",371836,2025-07-09 19:26:10,43.3589859008789,-8.83382415771484,"Male"
"6018403",371836,2025-07-09 19:31:16,43.3575553894043,-8.84411907196045,"Male"
"6018403",371836,2025-07-09 19:36:12,43.3576049804688,-8.84425067901611,"Male"
"6018403",371836,2025-07-09 19:41:11,43.3575973510742,-8.84415912628174,"Male"
"6018403",371836,2025-07-09 19:46:11,43.3575668334961,-8.84421920776367,"Male"
"6018403",371836,2025-07-09 19:51:17,43.3575820922852,-8.84422397613525,"Male"
"6018403",371836,2025-07-09 19:56:14,43.357608795166,-8.84416484832764,"Male"
"6018403",371836,2025-07-09 20:01:11,43.3576011657715,-8.84408760070801,"Male"
"6018403",371836,2025-07-09 20:06:15,43.357608795166,-8.84415721893311,"Male"
"6018403",371836,2025-07-09 20:11:21,43.3576202392578,-8.84407997131348,"Male"
"6018403",371836,2025-07-09 20:16:12,43.3576202392578,-8.84420680999756,"Male"
"6018403",371836,2025-07-09 20:21:12,43.357593536377,-8.84420108795166,"Male"
"6018403",371836,2025-07-09 20:26:12,43.3576164245605,-8.84415149688721,"Male"
"6018403",371836,2025-07-09 20:31:32,43.3575668334961,-8.84402084350586,"Male"
"6018403",371836,2025-07-09 20:36:13,43.3580017089844,-8.84411716461182,"Male"
"6018403",371836,2025-07-09 20:41:12,43.3574485778809,-8.8441686630249,"Male"
"6018403",371836,2025-07-09 20:46:16,43.3575859069824,-8.84408569335938,"Male"
"6018403",371836,2025-07-09 20:51:17,43.3576049804688,-8.84404468536377,"Male"
"6018403",371836,2025-07-09 20:56:14,43.3574829101562,-8.84409999847412,"Male"
"6018403",371836,2025-07-09 21:01:25,43.3575286865234,-8.84413051605225,"Male"
"6018403",371836,2025-07-09 21:06:12,43.3573608398438,-8.84400749206543,"Male"
"6018403",371836,2025-07-09 21:11:15,43.3574638366699,-8.84406089782715,"Male"
"6018403",371836,2025-07-09 21:16:16,43.3573913574219,-8.84409332275391,"Male"
"6018403",371836,2025-07-09 21:21:24,43.3576736450195,-8.84419250488281,"Male"
"6018403",371836,2025-07-09 21:26:12,43.357494354248,-8.8441162109375,"Male"
"6018403",371836,2025-07-09 21:31:10,43.3575973510742,-8.84412002563477,"Male"
"6018403",371836,2025-07-09 21:36:12,43.3575134277344,-8.84416389465332,"Male"
"6018403",371836,2025-07-09 21:41:35,43.3576164245605,-8.84414196014404,"Male"
"6018403",371836,2025-07-09 21:46:12,43.3575172424316,-8.84389686584473,"Male"
"6018403",371836,2025-07-09 21:51:15,43.3576393127441,-8.84409332275391,"Male"
"6018403",371836,2025-07-09 21:56:10,43.3576583862305,-8.84413909912109,"Male"
"6018403",371836,2025-07-09 22:01:10,43.3576126098633,-8.84414005279541,"Male"
"6018403",371836,2025-07-09 22:06:11,43.3575820922852,-8.84418106079102,"Male"
"6018403",371836,2025-07-09 22:11:11,43.3575897216797,-8.84419536590576,"Male"
"6018403",371836,2025-07-09 22:16:10,43.3575630187988,-8.8441686630249,"Male"
"6018403",371836,2025-07-09 22:21:11,43.357551574707,-8.84408760070801,"Male"
"6018403",371836,2025-07-09 22:26:15,43.3573265075684,-8.84416484832764,"Male"
"6018403",371836,2025-07-09 22:31:11,43.3575286865234,-8.84410858154297,"Male"
"6018403",371836,2025-07-09 22:36:13,43.3575859069824,-8.84414577484131,"Male"
"6018403",371836,2025-07-09 22:41:10,43.3576354980469,-8.84412097930908,"Male"
"6018403",371836,2025-07-09 22:46:18,43.3575897216797,-8.84415149688721,"Male"
"6018403",371836,2025-07-09 22:51:13,43.3576393127441,-8.84414291381836,"Male"
"6018403",371836,2025-07-09 22:56:14,43.3577461242676,-8.84421443939209,"Male"
"6018403",371836,2025-07-09 23:01:15,43.357738494873,-8.84420680999756,"Male"
"6018403",371836,2025-07-09 23:06:14,43.3578643798828,-8.84434604644775,"Male"
"6018403",371836,2025-07-09 23:11:27,43.3576164245605,-8.8441276550293,"Male"
"6018403",371836,2025-07-09 23:16:11,43.3578720092773,-8.84457206726074,"Male"
"6018403",371836,2025-07-09 23:21:11,43.3578796386719,-8.84447002410889,"Male"
"6018403",371836,2025-07-09 23:26:12,43.3578987121582,-8.84450531005859,"Male"
"6018403",371836,2025-07-09 23:31:17,43.3578796386719,-8.84445285797119,"Male"
"6018403",371836,2025-07-09 23:36:21,43.357666015625,-8.84417152404785,"Male"
"6018403",371836,2025-07-09 23:41:16,43.3577003479004,-8.84436702728271,"Male"
"6018403",371836,2025-07-09 23:46:25,43.357852935791,-8.84441757202148,"Male"
"6018403",371836,2025-07-09 23:51:25,43.3578109741211,-8.8443431854248,"Male"
"6018403",371836,2025-07-09 23:56:25,43.3578071594238,-8.84428882598877,"Male"
"6018403",371836,2025-07-10 00:01:35,43.3576202392578,-8.84411239624023,"Male"
"6018403",371836,2025-07-10 00:06:11,43.3576126098633,-8.84410572052002,"Male"
"6018403",371836,2025-07-10 00:11:15,43.3576545715332,-8.84408855438232,"Male"
"6018403",371836,2025-07-10 00:16:14,43.3576240539551,-8.84411525726318,"Male"
"6018403",371836,2025-07-10 00:21:10,43.3576545715332,-8.84412002563477,"Male"
"6018403",371836,2025-07-10 00:26:10,43.3575859069824,-8.84411716461182,"Male"
"6018403",371836,2025-07-10 00:31:14,43.3576354980469,-8.84409046173096,"Male"
"6018403",371836,2025-07-10 00:36:35,43.3575668334961,-8.84416961669922,"Male"
"6018403",371836,2025-07-10 00:41:11,43.3575401306152,-8.84414863586426,"Male"
"6018403",371836,2025-07-10 00:46:11,43.3575553894043,-8.8440465927124,"Male"
"6018403",371836,2025-07-10 00:51:11,43.357551574707,-8.84403800964355,"Male"
"6018403",371836,2025-07-10 00:56:12,43.3575706481934,-8.84403705596924,"Male"
"6018403",371836,2025-07-10 01:01:10,43.3576583862305,-8.84399509429932,"Male"
"6018403",371836,2025-07-10 01:06:11,43.3577041625977,-8.84412384033203,"Male"
"6018403",371836,2025-07-10 01:11:12,43.3576507568359,-8.84415626525879,"Male"
"6018403",371836,2025-07-10 01:16:11,43.357608795166,-8.84416675567627,"Male"
"6018403",371836,2025-07-10 01:21:10,43.357608795166,-8.84414768218994,"Male"
"6018403",371836,2025-07-10 01:26:11,43.3575744628906,-8.84412288665771,"Male"
"6018403",371836,2025-07-10 01:31:10,43.3575706481934,-8.84413242340088,"Male"
"6018403",371836,2025-07-10 01:36:10,43.357593536377,-8.84414672851562,"Male"
"6018403",371836,2025-07-10 01:41:10,43.3575553894043,-8.84412956237793,"Male"
"6018403",371836,2025-07-10 01:46:10,43.3576393127441,-8.84416961669922,"Male"
"6018403",371836,2025-07-10 01:51:14,43.3575401306152,-8.84407806396484,"Male"
"6018403",371836,2025-07-10 01:56:40,43.3576164245605,-8.84409713745117,"Male"
"6018403",371836,2025-07-10 02:01:29,43.3576393127441,-8.84414386749268,"Male"
"6018403",371836,2025-07-10 02:06:13,43.357608795166,-8.84404277801514,"Male"
"6018403",371836,2025-07-10 02:11:35,43.3576126098633,-8.84413433074951,"Male"
"6018403",371836,2025-07-10 02:16:11,43.3576049804688,-8.84411811828613,"Male"
"6018403",371836,2025-07-10 02:21:11,43.3576126098633,-8.84413623809814,"Male"
"6018403",371836,2025-07-10 02:26:10,43.3576469421387,-8.84418296813965,"Male"
"6018403",371836,2025-07-10 02:31:11,43.3576431274414,-8.84407711029053,"Male"
"6018403",371836,2025-07-10 02:36:11,43.3576545715332,-8.84419631958008,"Male"
"6018403",371836,2025-07-10 02:41:12,43.3575553894043,-8.8440990447998,"Male"
"6018403",371836,2025-07-10 02:46:12,43.3576240539551,-8.84411144256592,"Male"
"6018403",371836,2025-07-10 02:51:11,43.3575859069824,-8.84409713745117,"Male"
"6018403",371836,2025-07-10 02:56:10,43.3576431274414,-8.84408569335938,"Male"
"6018403",371836,2025-07-10 03:01:10,43.3575897216797,-8.84406757354736,"Male"
"6018403",371836,2025-07-10 03:06:10,43.357666015625,-8.84414005279541,"Male"
"6018403",371836,2025-07-10 03:11:10,43.3575782775879,-8.84418392181396,"Male"
"6018403",371836,2025-07-10 03:16:10,43.3574714660645,-8.84412956237793,"Male"
"6018403",371836,2025-07-10 03:21:10,43.3575782775879,-8.8441276550293,"Male"
"6018403",371836,2025-07-10 03:26:10,43.3575325012207,-8.84416007995605,"Male"
"6018403",371836,2025-07-10 03:31:14,43.3575401306152,-8.84420394897461,"Male"
"6018403",371836,2025-07-10 03:36:11,43.3576240539551,-8.84413433074951,"Male"
"6018403",371836,2025-07-10 03:41:11,43.3576278686523,-8.84400939941406,"Male"
"6018403",371836,2025-07-10 03:46:10,43.3575706481934,-8.8440523147583,"Male"
"6018403",371836,2025-07-10 03:51:14,43.3576240539551,-8.84410190582275,"Male"
"6018403",371836,2025-07-10 03:56:12,43.3575897216797,-8.84400939941406,"Male"
"6018403",371836,2025-07-10 04:01:11,43.3575477600098,-8.84410762786865,"Male"
"6018403",371836,2025-07-10 04:06:14,43.3575592041016,-8.84399509429932,"Male"
"6018403",371836,2025-07-10 04:11:10,43.3575210571289,-8.84388828277588,"Male"
"6018403",371836,2025-07-10 04:16:10,43.3575630187988,-8.84416007995605,"Male"
"6018403",371836,2025-07-10 04:21:13,43.3574752807617,-8.84408760070801,"Male"
"6018403",371836,2025-07-10 04:26:43,43.3575668334961,-8.84407138824463,"Male"
"6018403",371836,2025-07-10 04:31:11,43.3575592041016,-8.84406471252441,"Male"
"6018403",371836,2025-07-10 04:36:31,43.3575820922852,-8.84410667419434,"Male"
"6018403",371836,2025-07-10 04:41:17,43.3577766418457,-8.84445953369141,"Male"
"6018403",371836,2025-07-10 04:46:35,43.357536315918,-8.84403991699219,"Male"
"6018403",371836,2025-07-10 04:51:17,43.3575553894043,-8.84413909912109,"Male"
"6018403",371836,2025-07-10 04:56:16,43.3577842712402,-8.84441184997559,"Male"
"6018403",371836,2025-07-10 05:01:13,43.3574981689453,-8.84385681152344,"Male"
"6018403",371836,2025-07-10 05:06:24,43.3577156066895,-8.84426498413086,"Male"
"6018403",371836,2025-07-10 05:11:13,43.3577041625977,-8.84421920776367,"Male"
"6018403",371836,2025-07-10 05:16:44,43.3664970397949,-8.84056854248047,"Male"
"6018403",371836,2025-07-10 05:21:12,43.3672027587891,-8.83850955963135,"Male"
"6018403",371836,2025-07-10 05:26:20,43.3609046936035,-8.84726333618164,"Male"
"6018403",371836,2025-07-10 05:31:11,43.3580017089844,-8.84510707855225,"Male"
"6018403",371836,2025-07-10 05:36:24,43.3576393127441,-8.84412384033203,"Male"
"6018403",371836,2025-07-10 05:41:16,43.3572006225586,-8.84258270263672,"Male"
"6018403",371836,2025-07-10 05:46:44,43.3576354980469,-8.84418201446533,"Male"
"6018403",371836,2025-07-10 05:51:24,43.3576278686523,-8.84406757354736,"Male"
"6018403",371836,2025-07-10 05:56:20,43.3576164245605,-8.84411144256592,"Male"
"6018403",371836,2025-07-10 06:01:13,43.3576736450195,-8.84431457519531,"Male"
"6018403",371836,2025-07-10 06:06:18,43.3576316833496,-8.84410953521729,"Male"
"6018403",371836,2025-07-10 06:11:29,43.3576164245605,-8.84407615661621,"Male"
"6018403",371836,2025-07-10 06:16:18,43.3576583862305,-8.84420585632324,"Male"
"6018403",371836,2025-07-10 06:21:20,43.3576164245605,-8.84420871734619,"Male"
"6018403",371836,2025-07-10 06:26:44,43.357551574707,-8.84407424926758,"Male"
"6018403",371836,2025-07-10 06:31:44,43.3575668334961,-8.8441219329834,"Male"
"6018403",371836,2025-07-10 06:36:15,43.3576278686523,-8.84430408477783,"Male"
"6018403",371836,2025-07-10 06:41:21,43.3576240539551,-8.8440523147583,"Male"
"6018403",371836,2025-07-10 06:46:10,43.3576126098633,-8.84413719177246,"Male"
"6018403",371836,2025-07-10 06:51:14,43.3576965332031,-8.84447574615479,"Male"
"6018403",371836,2025-07-10 06:56:16,43.3575897216797,-8.8441333770752,"Male"
"6018403",371836,2025-07-10 07:01:11,43.3574981689453,-8.84408664703369,"Male"
"6018403",371836,2025-07-10 07:06:12,43.3576126098633,-8.84425640106201,"Male"
"6018403",371836,2025-07-10 07:11:19,43.3576583862305,-8.84425067901611,"Male"
"6018403",371836,2025-07-10 07:16:35,43.3575859069824,-8.84407138824463,"Male"
"6018403",371836,2025-07-10 07:21:10,43.3575325012207,-8.84413242340088,"Male"
"6018403",371836,2025-07-10 07:26:12,43.3575172424316,-8.844069480896,"Male"
"6018403",371836,2025-07-10 07:31:10,43.3576736450195,-8.84417152404785,"Male"
"6018403",371836,2025-07-10 07:36:11,43.3576622009277,-8.84420299530029,"Male"
"6018403",371836,2025-07-10 07:41:11,43.3577461242676,-8.84391689300537,"Male"
"6018403",371836,2025-07-10 07:46:13,43.3576583862305,-8.84450435638428,"Male"
"6018403",371836,2025-07-10 07:51:13,43.3577156066895,-8.84421062469482,"Male"
"6018403",371836,2025-07-10 07:56:42,43.3575973510742,-8.84415435791016,"Male"
"6018403",371836,2025-07-10 08:01:14,43.3574333190918,-8.84399318695068,"Male"
"6018403",371836,2025-07-10 08:06:14,43.3574523925781,-8.84402370452881,"Male"
"6018403",371836,2025-07-10 08:11:14,43.3582763671875,-8.84536266326904,"Male"
"6018403",371836,2025-07-10 08:16:12,43.3575859069824,-8.84416961669922,"Male"
"6018403",371836,2025-07-10 08:21:20,43.357551574707,-8.84408664703369,"Male"
"6018403",371836,2025-07-10 08:26:14,43.3576164245605,-8.84420871734619,"Male"
"6018403",371836,2025-07-10 08:31:17,43.3575286865234,-8.84406757354736,"Male"
"6018403",371836,2025-07-10 08:36:24,43.3573226928711,-8.8441333770752,"Male"
"6018403",371836,2025-07-10 08:41:15,43.3574867248535,-8.84423923492432,"Male"
"6018403",371836,2025-07-10 08:46:35,43.3574066162109,-8.84442234039307,"Male"
"6018403",371836,2025-07-10 08:51:15,43.3575057983398,-8.84484672546387,"Male"
"6018403",371836,2025-07-10 08:56:10,43.3579254150391,-8.84440994262695,"Male"
"6018403",371836,2025-07-10 09:01:11,43.3577117919922,-8.84481430053711,"Male"
"6018403",371836,2025-07-10 09:06:11,43.3623237609863,-8.85263919830322,"Male"
"6018403",371836,2025-07-10 09:11:10,43.3631706237793,-8.85359954833984,"Male"
"6018403",371836,2025-07-10 09:16:12,43.3669128417969,-8.82589912414551,"Male"
"6018403",371836,2025-07-10 09:21:10,43.3652153015137,-8.78223991394043,"Male"
"6018403",371836,2025-07-10 09:26:10,43.3606796264648,-8.747145652771,"Male"
"6018403",371836,2025-07-10 09:31:11,43.3557319641113,-8.72301387786865,"Male"
"6018403",371836,2025-07-10 09:36:11,43.3450164794922,-8.69535636901855,"Male"
"6018403",371836,2025-07-10 09:41:10,43.3226051330566,-8.69671440124512,"Male"
"6018403",371836,2025-07-10 09:46:10,43.2953147888184,-8.70152187347412,"Male"
"6018403",371836,2025-07-10 09:51:15,43.2920799255371,-8.69683265686035,"Male"
"6018403",371836,2025-07-10 09:56:10,43.292049407959,-8.69679260253906,"Male"
"6018403",371836,2025-07-10 10:01:26,43.2920532226562,-8.69676399230957,"Male"
"6018403",371836,2025-07-10 10:06:17,43.2920989990234,-8.69671058654785,"Male"
"6018403",371836,2025-07-10 10:11:10,43.2931442260742,-8.69803810119629,"Male"
"6018403",371836,2025-07-10 10:16:10,43.316593170166,-8.71367931365967,"Male"
"6018403",371836,2025-07-10 10:21:10,43.3432922363281,-8.72376918792725,"Male"
"6018403",371836,2025-07-10 10:26:11,43.341438293457,-8.7264404296875,"Male"
"6018403",371836,2025-07-10 10:31:15,43.3428039550781,-8.72540664672852,"Male"
"6018403",371836,2025-07-10 10:36:12,43.3429183959961,-8.72553157806396,"Male"
"6018403",371836,2025-07-10 10:41:13,43.3446998596191,-8.74248600006104,"Male"
"6018403",371836,2025-07-10 10:46:11,43.3433227539062,-8.77498531341553,"Male"
"6018403",371836,2025-07-10 10:51:11,43.3452301025391,-8.80639934539795,"Male"
"6018403",371836,2025-07-10 10:56:10,43.3589782714844,-8.8321475982666,"Male"
"6018403",371836,2025-07-10 11:01:13,43.3576774597168,-8.84417152404785,"Male"
"6018403",371836,2025-07-10 11:06:17,43.3576545715332,-8.84415721893311,"Male"
"6018403",371836,2025-07-10 11:11:13,43.3577156066895,-8.84425163269043,"Male"
"6018403",371836,2025-07-10 11:16:14,43.3576393127441,-8.84405422210693,"Male"
"6018403",371836,2025-07-10 11:21:11,43.3575859069824,-8.8441047668457,"Male"
"6018403",371836,2025-07-10 11:26:19,43.357666015625,-8.8441801071167,"Male"
"6018403",371836,2025-07-10 11:31:18,43.3578414916992,-8.84436702728271,"Male"
"6018403",371836,2025-07-10 11:36:26,43.357723236084,-8.84434032440186,"Male"
"6018403",371836,2025-07-10 11:41:22,43.3577079772949,-8.84424686431885,"Male"
"6018403",371836,2025-07-10 11:46:26,43.3577041625977,-8.84433460235596,"Male"
"6018403",371836,2025-07-10 11:51:25,43.3578033447266,-8.844313621521,"Male"
"6018403",371836,2025-07-10 11:56:35,43.3575248718262,-8.84417724609375,"Male"
"6018403",371836,2025-07-10 12:02:05,43.357608795166,-8.84411907196045,"Male"
"6018403",371836,2025-07-10 12:06:10,43.3582382202148,-8.84557819366455,"Male"
"6018403",371836,2025-07-10 12:11:10,43.3582954406738,-8.84516429901123,"Male"
"6018403",371836,2025-07-10 12:16:10,43.3576622009277,-8.8441162109375,"Male"
"6018403",371836,2025-07-10 12:21:11,43.3576240539551,-8.84406852722168,"Male"
"6018403",371836,2025-07-10 12:26:11,43.357608795166,-8.84406566619873,"Male"
"6018403",371836,2025-07-10 12:31:11,43.3631896972656,-8.84970664978027,"Male"
"6018403",371836,2025-07-10 12:36:12,43.3753890991211,-8.85868453979492,"Male"
"6018403",371836,2025-07-10 12:41:14,43.3750114440918,-8.85845565795898,"Male"
"6018403",371836,2025-07-10 12:46:11,43.3733406066895,-8.85499858856201,"Male"
"6018403",371836,2025-07-10 12:51:13,43.3749542236328,-8.85121440887451,"Male"
"6018403",371836,2025-07-10 12:56:19,43.3737869262695,-8.85118103027344,"Male"
"6018403",371836,2025-07-10 13:01:16,43.3573989868164,-8.84415531158447,"Male"
"6018403",371836,2025-07-10 13:06:22,43.3576202392578,-8.84415531158447,"Male"
"6018403",371836,2025-07-10 13:11:15,43.3576850891113,-8.84413909912109,"Male"
"6018403",371836,2025-07-10 13:16:33,43.3576202392578,-8.84414482116699,"Male"
"6018403",371836,2025-07-10 13:21:12,43.3575897216797,-8.84412384033203,"Male"
"6018403",371836,2025-07-10 13:26:11,43.3577156066895,-8.84413146972656,"Male"
"6018403",371836,2025-07-10 13:31:17,43.357666015625,-8.84420108795166,"Male"
"6018403",371836,2025-07-10 13:36:11,43.3575897216797,-8.84421157836914,"Male"
"6018403",371836,2025-07-10 13:41:12,43.3575172424316,-8.84412479400635,"Male"
"6018403",371836,2025-07-10 13:46:13,43.3575592041016,-8.84411525726318,"Male"
"6018403",371836,2025-07-10 13:51:11,43.3576393127441,-8.84435749053955,"Male"
"6018403",371836,2025-07-10 13:56:14,43.3575439453125,-8.84403133392334,"Male"
"6018403",371836,2025-07-10 14:01:35,43.3344841003418,-8.84724044799805,"Male"
"6018403",371836,2025-07-10 14:06:11,43.3139724731445,-8.85758781433105,"Male"
"6018403",371836,2025-07-10 14:11:11,43.3137130737305,-8.85744857788086,"Male"
"6018403",371836,2025-07-10 14:16:11,43.3132972717285,-8.85756874084473,"Male"
"6018403",371836,2025-07-10 14:21:44,43.313289642334,-8.85755252838135,"Male"
"6018403",371836,2025-07-10 14:26:15,43.3133163452148,-8.85758209228516,"Male"
"6018403",371836,2025-07-10 14:31:13,43.3133239746094,-8.85761165618896,"Male"
"6018403",371836,2025-07-10 14:36:12,43.313362121582,-8.85761642456055,"Male"
"6018403",371836,2025-07-10 14:41:14,43.3134269714355,-8.85771656036377,"Male"
"6018403",371836,2025-07-10 14:46:35,43.3264350891113,-8.84846210479736,"Male"
"6018403",371836,2025-07-10 14:51:12,43.3553848266602,-8.84653568267822,"Male"
"6018403",371836,2025-07-10 14:56:16,43.3578071594238,-8.84428787231445,"Male"
"6018403",371836,2025-07-10 15:01:12,43.3574981689453,-8.84408473968506,"Male"
"6018403",371836,2025-07-10 15:06:15,43.3576812744141,-8.84417057037354,"Male"
"6018403",371836,2025-07-10 15:11:19,43.3672065734863,-8.8520679473877,"Male"
"6018403",371836,2025-07-10 15:16:19,43.3671913146973,-8.85081768035889,"Male"
"6018403",371836,2025-07-10 15:21:25,43.3696746826172,-8.84534740447998,"Male"
"6018403",371836,2025-07-10 15:26:35,43.3578186035156,-8.84551334381104,"Male"
"6018403",371836,2025-07-10 15:31:13,43.3578338623047,-8.84415721893311,"Male"
"6018403",371836,2025-07-10 15:36:16,43.3577041625977,-8.8440990447998,"Male"
"6018403",371836,2025-07-10 15:41:30,43.3576011657715,-8.84411144256592,"Male"
"6018403",371836,2025-07-10 15:46:22,43.3575668334961,-8.84420871734619,"Male"
"6018403",371836,2025-07-10 15:51:35,43.3576240539551,-8.84411811828613,"Male"
"6018403",371836,2025-07-10 15:56:17,43.3587951660156,-8.84407806396484,"Male"
"6018403",371836,2025-07-10 16:01:18,43.3576622009277,-8.8440465927124,"Male"
"6018403",371836,2025-07-10 16:06:16,43.3576736450195,-8.84403800964355,"Male"
"6018403",371836,2025-07-10 16:11:20,43.3576393127441,-8.84415245056152,"Male"
"6018403",371836,2025-07-10 16:16:35,43.3576698303223,-8.84416103363037,"Male"
"6018403",371836,2025-07-10 16:21:12,43.3576049804688,-8.8441801071167,"Male"
"6018403",371836,2025-07-10 16:26:11,43.3576927185059,-8.84421920776367,"Male"
"6018403",371836,2025-07-10 16:31:11,43.3576507568359,-8.84425640106201,"Male"
"6018403",371836,2025-07-10 16:36:12,43.3577308654785,-8.84540843963623,"Male"
"6018403",371836,2025-07-10 16:41:12,43.3575439453125,-8.84421634674072,"Male"
"6018403",371836,2025-07-10 16:46:11,43.3578147888184,-8.84550666809082,"Male"
"6018403",371836,2025-07-10 16:51:12,43.3576850891113,-8.84419441223145,"Male"
"6018403",371836,2025-07-10 16:56:11,43.3577423095703,-8.8455696105957,"Male"
"6018403",371836,2025-07-10 17:01:11,43.3577041625977,-8.84422397613525,"Male"
"6018403",371836,2025-07-10 17:06:11,43.3578987121582,-8.84479999542236,"Male"
"6018403",371836,2025-07-10 17:11:11,43.3684768676758,-8.85225582122803,"Male"
"6018403",371836,2025-07-10 17:16:11,43.3769035339355,-8.85650253295898,"Male"
"6018403",371836,2025-07-10 17:21:12,43.3711357116699,-8.85319137573242,"Male"
"6018403",371836,2025-07-10 17:26:20,43.3712730407715,-8.85422325134277,"Male"
"6018403",371836,2025-07-10 17:31:12,43.3677520751953,-8.86170101165771,"Male"
"6018403",371836,2025-07-10 17:36:14,43.3673248291016,-8.86286449432373,"Male"
"6018403",371836,2025-07-10 17:41:15,43.367504119873,-8.8638391494751,"Male"
"6018403",371836,2025-07-10 17:46:12,43.3697700500488,-8.86024188995361,"Male"
"6018403",371836,2025-07-10 17:51:16,43.3618774414062,-8.85849857330322,"Male"
"6018403",371836,2025-07-10 17:56:18,43.3578453063965,-8.84463310241699,"Male"
"6018403",371836,2025-07-10 18:01:18,43.357780456543,-8.8445987701416,"Male"
"6018403",371836,2025-07-10 18:06:23,43.3576049804688,-8.84412288665771,"Male"
"6018403",371836,2025-07-10 18:11:14,43.357723236084,-8.84436511993408,"Male"
"6018403",371836,2025-07-10 18:16:25,43.3575897216797,-8.84426307678223,"Male"
"6018403",371836,2025-07-10 18:21:13,43.3576774597168,-8.84420967102051,"Male"
"6018403",371836,2025-07-10 18:26:26,43.3575592041016,-8.844069480896,"Male"
"6018403",371836,2025-07-10 18:31:13,43.3577423095703,-8.84436225891113,"Male"
"6018403",371836,2025-07-10 18:36:35,43.3575439453125,-8.84417724609375,"Male"
"6018403",371836,2025-07-10 18:41:11,43.3575019836426,-8.84420776367188,"Male"
"6018403",371836,2025-07-10 18:46:11,43.3576202392578,-8.84416675567627,"Male"
"6018403",371836,2025-07-10 18:51:11,43.3576164245605,-8.84415817260742,"Male"
"6018403",371836,2025-07-10 18:56:20,43.3575668334961,-8.84415817260742,"Male"
"6018403",371836,2025-07-10 19:01:12,43.3576545715332,-8.84408378601074,"Male"
"6018403",371836,2025-07-10 19:06:14,43.3576240539551,-8.84419345855713,"Male"
"6018403",371836,2025-07-10 19:11:13,43.3576126098633,-8.8442211151123,"Male"
"6018403",371836,2025-07-10 19:16:15,43.3576850891113,-8.84396553039551,"Male"
"6018403",371836,2025-07-10 19:21:11,43.3575744628906,-8.84409999847412,"Male"
"6018403",371836,2025-07-10 19:26:12,43.3575553894043,-8.84411430358887,"Male"
"6018403",371836,2025-07-10 19:31:11,43.3576431274414,-8.84398937225342,"Male"
"6018403",371836,2025-07-10 19:36:12,43.3576316833496,-8.84407711029053,"Male"
"6018403",371836,2025-07-10 19:41:12,43.3576316833496,-8.84420776367188,"Male"
"6018403",371836,2025-07-10 19:46:11,43.3576011657715,-8.84405040740967,"Male"
"6018403",371836,2025-07-10 19:51:11,43.3576927185059,-8.84422397613525,"Male"
"6018403",371836,2025-07-10 19:56:11,43.357608795166,-8.84398651123047,"Male"
"6018403",371836,2025-07-10 20:01:11,43.3576927185059,-8.84412002563477,"Male"
"6018403",371836,2025-07-10 20:06:11,43.3577156066895,-8.84409713745117,"Male"
"6018403",371836,2025-07-10 20:11:15,43.3575973510742,-8.84420490264893,"Male"
"6018403",371836,2025-07-10 20:16:13,43.3576545715332,-8.84409999847412,"Male"
"6018403",371836,2025-07-10 20:21:12,43.3758316040039,-8.83612155914307,"Male"
"6018403",371836,2025-07-10 20:26:45,43.391975402832,-8.82670021057129,"Male"
"6018403",371836,2025-07-10 20:31:15,43.3921356201172,-8.82773399353027,"Male"
"6018403",371836,2025-07-10 20:36:13,43.3718032836914,-8.84247016906738,"Male"
"6018403",371836,2025-07-10 20:41:16,43.3571624755859,-8.84384536743164,"Male"
"6018403",371836,2025-07-10 20:46:45,43.3576850891113,-8.84406471252441,"Male"
"6018403",371836,2025-07-10 20:51:25,43.3576049804688,-8.84405517578125,"Male"
"6018403",371836,2025-07-10 20:56:17,43.3577079772949,-8.84402275085449,"Male"
"6018403",371836,2025-07-10 21:01:27,43.3575820922852,-8.84417057037354,"Male"
"6018403",371836,2025-07-10 21:06:31,43.3576431274414,-8.84408187866211,"Male"
"6018403",371836,2025-07-10 21:11:11,43.3574905395508,-8.84415817260742,"Male"
"6018403",371836,2025-07-10 21:16:11,43.3575706481934,-8.84414005279541,"Male"
"6018403",371836,2025-07-10 21:21:12,43.3576202392578,-8.84400177001953,"Male"
"6018403",371836,2025-07-10 21:26:11,43.3574676513672,-8.84416675567627,"Male"
"6018403",371836,2025-07-10 21:31:10,43.3574714660645,-8.84410190582275,"Male"
"6018403",371836,2025-07-10 21:36:10,43.3574905395508,-8.84409713745117,"Male"
"6018403",371836,2025-07-10 21:41:12,43.3576812744141,-8.84420013427734,"Male"
"6018403",371836,2025-07-10 21:46:12,43.3575820922852,-8.84412097930908,"Male"
"6018403",371836,2025-07-10 21:51:14,43.3576011657715,-8.84416675567627,"Male"
"6018403",371836,2025-07-10 21:56:12,43.3576011657715,-8.84403896331787,"Male"
"6018403",371836,2025-07-10 22:01:11,43.3576011657715,-8.84414672851562,"Male"
"6018403",371836,2025-07-10 22:06:13,43.3575859069824,-8.84427261352539,"Male"
"6018403",371836,2025-07-10 22:11:15,43.3575096130371,-8.84406471252441,"Male"
"6018403",371836,2025-07-10 22:16:11,43.3576240539551,-8.84419727325439,"Male"
"6018403",371836,2025-07-10 22:21:12,43.357536315918,-8.84419345855713,"Male"
"6018403",371836,2025-07-10 22:26:27,43.3574867248535,-8.84404945373535,"Male"
"6018403",371836,2025-07-10 22:31:14,43.3575172424316,-8.84408664703369,"Male"
"6018403",371836,2025-07-10 22:36:12,43.3577270507812,-8.84432220458984,"Male"
"6018403",371836,2025-07-10 22:41:27,43.3575172424316,-8.84419918060303,"Male"
"6018403",371836,2025-07-10 22:46:24,43.3576469421387,-8.844313621521,"Male"
"6018403",371836,2025-07-10 22:51:35,43.3576164245605,-8.84422779083252,"Male"
"6018403",371836,2025-07-10 22:56:11,43.3576812744141,-8.84415912628174,"Male"
"6018403",371836,2025-07-10 23:01:12,43.3576431274414,-8.84415817260742,"Male"
"6018403",371836,2025-07-10 23:06:12,43.3576393127441,-8.84413433074951,"Male"
"6018403",371836,2025-07-10 23:11:11,43.3577346801758,-8.84417915344238,"Male"
"6018403",371836,2025-07-10 23:16:12,43.3576545715332,-8.84384250640869,"Male"
"6018403",371836,2025-07-10 23:21:11,43.3577537536621,-8.84434604644775,"Male"
"6018403",371836,2025-07-10 23:26:12,43.357666015625,-8.84420680999756,"Male"
"6018403",371836,2025-07-10 23:31:11,43.3577613830566,-8.84439182281494,"Male"
"6018403",371836,2025-07-10 23:36:11,43.3577156066895,-8.84371662139893,"Male"
"6018403",371836,2025-07-10 23:41:12,43.3576698303223,-8.84352016448975,"Male"
"6018403",371836,2025-07-10 23:46:13,43.3576812744141,-8.84357357025146,"Male"
"6018403",371836,2025-07-10 23:51:13,43.3577308654785,-8.84342288970947,"Male"
"6018403",371836,2025-07-10 23:56:22,43.3576049804688,-8.8441219329834,"Male"
"6018403",371836,2025-07-11 00:01:13,43.3576316833496,-8.84417915344238,"Male"
"6018403",371836,2025-07-11 00:06:35,43.3575744628906,-8.84412670135498,"Male"
"6018403",371836,2025-07-11 00:11:11,43.3575782775879,-8.84408664703369,"Male"
"6018403",371836,2025-07-11 00:16:11,43.3575668334961,-8.84409999847412,"Male"
"6018403",371836,2025-07-11 00:21:11,43.3575973510742,-8.84407615661621,"Male"
"6018403",371836,2025-07-11 00:26:11,43.3575782775879,-8.84408950805664,"Male"
"6018403",371836,2025-07-11 00:31:11,43.3575592041016,-8.84407043457031,"Male"
"6018403",371836,2025-07-11 00:36:12,43.3575820922852,-8.84409141540527,"Male"
"6018403",371836,2025-07-11 00:41:12,43.3575286865234,-8.84409809112549,"Male"
"6018403",371836,2025-07-11 00:46:11,43.3576927185059,-8.8441047668457,"Male"
"6018403",371836,2025-07-11 00:51:12,43.3576698303223,-8.84421443939209,"Male"
"6018403",371836,2025-07-11 00:56:12,43.3577194213867,-8.84414577484131,"Male"
"6018403",371836,2025-07-11 01:01:12,43.3576393127441,-8.84407901763916,"Male"
"6018403",371836,2025-07-11 01:06:13,43.3576507568359,-8.84420871734619,"Male"
"6018403",371836,2025-07-11 01:11:13,43.3578300476074,-8.84419918060303,"Male"
"6018403",371836,2025-07-11 01:16:16,43.3575630187988,-8.84408760070801,"Male"
"6018403",371836,2025-07-11 01:21:16,43.3576164245605,-8.84412288665771,"Male"
"6018403",371836,2025-07-11 01:26:12,43.3575859069824,-8.84419059753418,"Male"
"6018403",371836,2025-07-11 01:31:14,43.3576545715332,-8.84426784515381,"Male"
"6018403",371836,2025-07-11 01:36:34,43.3575210571289,-8.84413814544678,"Male"
"6018403",371836,2025-07-11 01:41:12,43.3575325012207,-8.84411334991455,"Male"
"6018403",371836,2025-07-11 01:46:12,43.3574295043945,-8.84410190582275,"Male"
"6018403",371836,2025-07-11 01:51:12,43.357536315918,-8.84417724609375,"Male"
"6018403",371836,2025-07-11 01:56:16,43.3574333190918,-8.84392833709717,"Male"
"6018403",371836,2025-07-11 02:01:14,43.357551574707,-8.84404373168945,"Male"
"6018403",371836,2025-07-11 02:06:12,43.3574829101562,-8.84391975402832,"Male"
"6018403",371836,2025-07-11 02:11:13,43.3575019836426,-8.84395217895508,"Male"
"6018403",371836,2025-07-11 02:16:14,43.3575820922852,-8.84401988983154,"Male"
"6018403",371836,2025-07-11 02:21:12,43.3581428527832,-8.84468269348145,"Male"
"6018403",371836,2025-07-11 02:26:15,43.3577117919922,-8.84418106079102,"Male"
"6018403",371836,2025-07-11 02:31:13,43.3575553894043,-8.8440055847168,"Male"
"6018403",371836,2025-07-11 02:36:25,43.3576965332031,-8.84403419494629,"Male"
"6018403",371836,2025-07-11 02:41:34,43.3576622009277,-8.84407329559326,"Male"
"6018403",371836,2025-07-11 02:46:11,43.3577079772949,-8.84400939941406,"Male"
"6018403",371836,2025-07-11 02:51:11,43.3575820922852,-8.84412288665771,"Male"
"6018403",371836,2025-07-11 02:56:11,43.3577003479004,-8.84402084350586,"Male"
"6018403",371836,2025-07-11 03:01:11,43.3576393127441,-8.84405612945557,"Male"
"6018403",371836,2025-07-11 03:06:12,43.3575668334961,-8.84406661987305,"Male"
"6018403",371836,2025-07-11 03:11:13,43.3575592041016,-8.84413433074951,"Male"
"6018403",371836,2025-07-11 03:16:12,43.3575744628906,-8.84416961669922,"Male"
"6018403",371836,2025-07-11 03:21:15,43.3576393127441,-8.84406471252441,"Male"
"6018403",371836,2025-07-11 03:26:12,43.3576545715332,-8.84402370452881,"Male"
"6018403",371836,2025-07-11 03:31:11,43.3575630187988,-8.84409999847412,"Male"
"6018403",371836,2025-07-11 03:36:11,43.3576011657715,-8.84407329559326,"Male"
"6018403",371836,2025-07-11 03:41:11,43.3575782775879,-8.84408473968506,"Male"
"6018403",371836,2025-07-11 03:46:12,43.3576622009277,-8.84409523010254,"Male"
"6018403",371836,2025-07-11 03:51:11,43.3576011657715,-8.8440580368042,"Male"
"6018403",371836,2025-07-11 03:56:12,43.3576011657715,-8.84404850006104,"Male"
"6018403",371836,2025-07-11 04:01:12,43.3576126098633,-8.84406185150146,"Male"
"6018403",371836,2025-07-11 04:06:12,43.3576316833496,-8.84410095214844,"Male"
"6018403",371836,2025-07-11 04:11:13,43.3575973510742,-8.84405422210693,"Male"
"6018403",371836,2025-07-11 04:16:14,43.3575630187988,-8.84402656555176,"Male"
"6018403",371836,2025-07-11 04:21:18,43.357593536377,-8.84415721893311,"Male"
"6018403",371836,2025-07-11 04:26:35,43.3575706481934,-8.84402942657471,"Male"
"6018403",371836,2025-07-11 04:31:14,43.3575477600098,-8.84391975402832,"Male"
"6018403",371836,2025-07-11 04:36:14,43.3574752807617,-8.84365749359131,"Male"
"6018403",371836,2025-07-11 04:41:12,43.3609771728516,-8.84771728515625,"Male"
"6018403",371836,2025-07-11 04:46:15,43.3732452392578,-8.85711860656738,"Male"
"6018403",371836,2025-07-11 04:51:15,43.3703765869141,-8.85969543457031,"Male"
"6018403",371836,2025-07-11 04:56:18,43.3713073730469,-8.86021614074707,"Male"
"6018403",371836,2025-07-11 05:01:22,43.3714218139648,-8.86018085479736,"Male"
"6018403",371836,2025-07-11 05:06:25,43.3576736450195,-8.84414768218994,"Male"
"6018403",371836,2025-07-11 05:11:27,43.3577194213867,-8.84419631958008,"Male"
"6018403",371836,2025-07-11 05:16:28,43.3576583862305,-8.8441333770752,"Male"
"6018403",371836,2025-07-11 05:21:44,43.3577537536621,-8.84417057037354,"Male"
"6018403",371836,2025-07-11 05:26:14,43.3575477600098,-8.8439474105835,"Male"
"6018403",371836,2025-07-11 05:31:16,43.3576469421387,-8.8439769744873,"Male"
"6018403",371836,2025-07-11 05:36:25,43.3576278686523,-8.84413433074951,"Male"
"6018403",371836,2025-07-11 05:41:12,43.3575134277344,-8.84458255767822,"Male"
"6018403",371836,2025-07-11 05:46:53,43.3576431274414,-8.84407615661621,"Male"
"6018403",371836,2025-07-11 05:51:11,43.3577079772949,-8.84406852722168,"Male"
"6018403",371836,2025-07-11 05:56:11,43.3577346801758,-8.84411716461182,"Male"
"6018403",371836,2025-07-11 06:01:11,43.3576393127441,-8.84406089782715,"Male"
"6018403",371836,2025-07-11 06:06:11,43.3576698303223,-8.84415149688721,"Male"
"6018403",371836,2025-07-11 06:11:26,43.3576354980469,-8.84409427642822,"Male"
"6018403",371836,2025-07-11 06:16:18,43.3578567504883,-8.84449291229248,"Male"
"6018403",371836,2025-07-11 06:21:29,43.3577270507812,-8.84430027008057,"Male"
"6018403",371836,2025-07-11 06:26:26,43.3577079772949,-8.84406471252441,"Male"
"6018403",371836,2025-07-11 06:31:22,43.3583335876465,-8.84474849700928,"Male"
"6018403",371836,2025-07-11 06:36:25,43.3576774597168,-8.8441276550293,"Male"
"6018403",371836,2025-07-11 06:41:26,43.357666015625,-8.84412574768066,"Male"
"6018403",371836,2025-07-11 06:46:26,43.3576583862305,-8.84411811828613,"Male"
"6018403",371836,2025-07-11 06:51:26,43.3576469421387,-8.84413146972656,"Male"
"6018403",371836,2025-07-11 06:56:26,43.3576545715332,-8.84407997131348,"Male"
"6018403",371836,2025-07-11 07:01:26,43.3576316833496,-8.8440113067627,"Male"
"6018403",371836,2025-07-11 07:06:30,43.3576164245605,-8.84402275085449,"Male"
"6018403",371836,2025-07-11 07:11:26,43.3576545715332,-8.84409713745117,"Male"
"6018403",371836,2025-07-11 07:16:24,43.3576469421387,-8.84407901763916,"Male"
"6018403",371836,2025-07-11 07:21:21,43.3575897216797,-8.84409427642822,"Male"
"6018403",371836,2025-07-11 07:26:35,43.3712387084961,-8.87179374694824,"Male"
"6018403",371836,2025-07-11 07:31:11,43.389591217041,-8.8955020904541,"Male"
"6018403",371836,2025-07-11 07:36:13,43.4062919616699,-8.92817115783691,"Male"
"6018403",371836,2025-07-11 07:41:13,43.4214897155762,-8.96321773529053,"Male"
"6018403",371836,2025-07-11 07:46:13,43.4360733032227,-8.99880123138428,"Male"
"6018403",371836,2025-07-11 07:51:13,43.4588584899902,-9.02206134796143,"Male"
"6018403",371836,2025-07-11 07:56:16,43.4797782897949,-9.04295253753662,"Male"
"6018403",371836,2025-07-11 08:01:11,43.5027542114258,-9.05614948272705,"Male"
"6018403",371836,2025-07-11 08:06:22,43.5201263427734,-9.07288455963135,"Male"
"6018403",371836,2025-07-11 08:11:13,43.4973831176758,-9.04305458068848,"Male"
"6018403",371836,2025-07-11 08:16:18,43.4667091369629,-9.014404296875,"Male"
"6018403",371836,2025-07-11 08:21:19,43.442813873291,-8.97927093505859,"Male"
"6018403",371836,2025-07-11 08:26:35,43.4208869934082,-8.9399938583374,"Male"
"6018403",371836,2025-07-11 08:31:44,43.3975982666016,-8.90229415893555,"Male"
"6018403",371836,2025-07-11 08:36:11,43.3803901672363,-8.86993026733398,"Male"
"6018403",371836,2025-07-11 08:41:27,43.3573570251465,-8.84402751922607,"Male"
"6018403",371836,2025-07-11 08:47:05,43.3576202392578,-8.84419727325439,"Male"
"6018403",371836,2025-07-11 08:51:11,43.3575744628906,-8.84420585632324,"Male"
"6018403",371836,2025-07-11 08:56:12,43.3576126098633,-8.84418201446533,"Male"
"6018403",371836,2025-07-11 09:01:12,43.3575325012207,-8.84427165985107,"Male"
"6018403",371836,2025-07-11 09:06:13,43.3573989868164,-8.84421539306641,"Male"
"6018403",371836,2025-07-11 09:11:11,43.3576316833496,-8.84419059753418,"Male"
"6018403",371836,2025-07-11 09:16:12,43.3576164245605,-8.84415531158447,"Male"
"6018403",371836,2025-07-11 09:21:15,43.3575820922852,-8.84384632110596,"Male"
"6018403",371836,2025-07-11 09:26:15,43.3576927185059,-8.8438081741333,"Male"
"6018403",371836,2025-07-11 09:31:18,43.3574638366699,-8.84383583068848,"Male"
"6018403",371836,2025-07-11 09:36:14,43.357048034668,-8.84403038024902,"Male"
"6018403",371836,2025-07-11 09:41:16,43.3578453063965,-8.84385108947754,"Male"
"6018403",371836,2025-07-11 09:46:13,43.357494354248,-8.84384441375732,"Male"
"6018403",371836,2025-07-11 09:51:13,43.3573875427246,-8.84464263916016,"Male"
"6018403",371836,2025-07-11 09:56:12,43.357593536377,-8.8442554473877,"Male"
"6018403",371836,2025-07-11 10:01:14,43.3580322265625,-8.84493350982666,"Male"
"6018403",371836,2025-07-11 10:06:14,43.3571739196777,-8.84371757507324,"Male"
"6018403",371836,2025-07-11 10:11:16,43.3575744628906,-8.84508419036865,"Male"
"6018403",371836,2025-07-11 10:16:13,43.3579444885254,-8.8450756072998,"Male"
"6018403",371836,2025-07-11 10:21:35,43.3577766418457,-8.84404945373535,"Male"
"6018403",371836,2025-07-11 10:26:11,43.3579750061035,-8.84533977508545,"Male"
"6018403",371836,2025-07-11 10:31:14,43.3577270507812,-8.84428882598877,"Male"
"6018403",371836,2025-07-11 10:36:26,43.3576126098633,-8.84410190582275,"Male"
"6018403",371836,2025-07-11 10:41:15,43.3575477600098,-8.8441801071167,"Male"
"6018403",371836,2025-07-11 10:46:11,43.3576126098633,-8.84450531005859,"Male"
"6018403",371836,2025-07-11 10:51:12,43.3578147888184,-8.84480285644531,"Male"
"6018403",371836,2025-07-11 10:56:12,43.3575630187988,-8.84408855438232,"Male"
"6018403",371836,2025-07-11 11:01:12,43.3576278686523,-8.84417819976807,"Male"
"6018403",371836,2025-07-11 11:06:14,43.3577079772949,-8.84413528442383,"Male"
"6018403",371836,2025-07-11 11:11:16,43.3576469421387,-8.84419345855713,"Male"
"6018403",371836,2025-07-11 11:16:13,43.3576240539551,-8.84410953521729,"Male"
"6018403",371836,2025-07-11 11:21:11,43.3583984375,-8.84524345397949,"Male"
"6018403",371836,2025-07-11 11:26:12,43.3578872680664,-8.84488487243652,"Male"
"6018403",371836,2025-07-11 11:31:38,43.3576850891113,-8.84414005279541,"Male"
"6018403",371836,2025-07-11 11:36:12,43.3574829101562,-8.84408760070801,"Male"
"6018403",371836,2025-07-11 11:41:12,43.3576507568359,-8.84407424926758,"Male"
"6018403",371836,2025-07-11 11:46:19,43.3575897216797,-8.84422016143799,"Male"
"6018403",371836,2025-07-11 11:51:13,43.3575210571289,-8.84421062469482,"Male"
"6018403",371836,2025-07-11 11:56:13,43.3573036193848,-8.84428882598877,"Male"
"6018403",371836,2025-07-11 12:01:35,43.3575172424316,-8.84409427642822,"Male"
"6018403",371836,2025-07-11 12:06:15,43.357494354248,-8.84408760070801,"Male"
"6018403",371836,2025-07-11 12:11:17,43.3575592041016,-8.84412670135498,"Male"
"6018403",371836,2025-07-11 12:16:27,43.3575096130371,-8.8441858291626,"Male"
"6018403",371836,2025-07-11 12:21:34,43.3577194213867,-8.84400939941406,"Male"
"6018403",371836,2025-07-11 12:26:14,43.3574981689453,-8.84434700012207,"Male"
"6018403",371836,2025-07-11 12:31:13,43.3574409484863,-8.84427452087402,"Male"
"6018403",371836,2025-07-11 12:36:14,43.3575553894043,-8.84413719177246,"Male"
"6018403",371836,2025-07-11 12:41:17,43.357292175293,-8.84416675567627,"Male"
"6018403",371836,2025-07-11 12:46:25,43.3575553894043,-8.84420013427734,"Male"
"6018403",371836,2025-07-11 12:51:12,43.3575057983398,-8.84423446655273,"Male"
"6018403",371836,2025-07-11 12:56:13,43.3579521179199,-8.84517955780029,"Male"
"6018403",371836,2025-07-11 13:01:13,43.3578567504883,-8.84438133239746,"Male"
"6018403",371836,2025-07-11 13:06:25,43.357608795166,-8.84414482116699,"Male"
"6018403",371836,2025-07-11 13:11:26,43.3575820922852,-8.84416389465332,"Male"
"6018403",371836,2025-07-11 13:16:44,43.3576431274414,-8.84421062469482,"Male"
"6018403",371836,2025-07-11 13:21:13,43.3577613830566,-8.84415054321289,"Male"
"6018403",371836,2025-07-11 13:26:44,43.3576736450195,-8.84424495697021,"Male"
"6018403",371836,2025-07-11 13:31:12,43.3576927185059,-8.84422206878662,"Male"
"6018403",371836,2025-07-11 13:36:12,43.3575859069824,-8.84413909912109,"Male"
"6018403",371836,2025-07-11 13:41:12,43.3577651977539,-8.84429550170898,"Male"
"6018403",371836,2025-07-11 13:46:12,43.3576431274414,-8.84415912628174,"Male"
"6018403",371836,2025-07-11 13:51:15,43.3577079772949,-8.84421539306641,"Male"
"6018403",371836,2025-07-11 13:56:18,43.3576850891113,-8.84419536590576,"Male"
"6018403",371836,2025-07-11 14:01:35,43.3575973510742,-8.84413242340088,"Male"
"6018403",371836,2025-07-11 14:06:23,43.3575706481934,-8.84414386749268,"Male"
"6018403",371836,2025-07-11 14:11:11,43.3580741882324,-8.8454418182373,"Male"
"6018403",371836,2025-07-11 14:16:13,43.3577041625977,-8.84546089172363,"Male"
"6018403",371836,2025-07-11 14:21:11,43.3576889038086,-8.84419536590576,"Male"
"6018403",371836,2025-07-11 14:26:11,43.3576583862305,-8.84416580200195,"Male"
"6018403",371836,2025-07-11 14:31:11,43.3576316833496,-8.84415245056152,"Male"
"6018403",371836,2025-07-11 14:36:11,43.3576812744141,-8.844162940979,"Male"
"6018403",371836,2025-07-11 14:41:11,43.3708763122559,-8.8528299331665,"Male"
"6018403",371836,2025-07-11 14:46:11,43.404411315918,-8.85500621795654,"Male"
"6018403",371836,2025-07-11 14:51:12,43.4202003479004,-8.87814426422119,"Male"
"6018403",371836,2025-07-11 14:56:12,43.4445724487305,-8.88771915435791,"Male"
"6018403",371836,2025-07-11 15:01:12,43.4578285217285,-8.92573356628418,"Male"
"6018403",371836,2025-07-11 15:06:15,43.4562110900879,-8.95303058624268,"Male"
"6018403",371836,2025-07-11 15:11:33,43.4586982727051,-8.98660564422607,"Male"
"6018403",371836,2025-07-11 15:16:12,43.4582633972168,-9.01731777191162,"Male"
"6018403",371836,2025-07-11 15:21:20,43.457275390625,-9.02305316925049,"Male"
"6018403",371836,2025-07-11 15:27:05,43.4613990783691,-9.0316104888916,"Male"
"6018403",371836,2025-07-11 15:31:35,43.4611282348633,-9.03328132629395,"Male"
"6018403",371836,2025-07-11 15:36:13,43.4608497619629,-9.03389263153076,"Male"
"6018403",371836,2025-07-11 15:41:11,43.4608879089355,-9.03382682800293,"Male"
"6018403",371836,2025-07-11 15:46:11,43.4608573913574,-9.03344345092773,"Male"
"6018403",371836,2025-07-11 15:51:11,43.4607162475586,-9.03312683105469,"Male"
"6018403",371836,2025-07-11 15:56:13,43.4595756530762,-9.03244018554688,"Male"
"6018403",371836,2025-07-11 16:01:13,43.4430351257324,-8.98920154571533,"Male"
"6018403",371836,2025-07-11 16:06:11,43.4198265075684,-8.94931507110596,"Male"
"6018403",371836,2025-07-11 16:11:11,43.3944854736328,-8.91230010986328,"Male"
"6018403",371836,2025-07-11 16:16:12,43.3724212646484,-8.87161350250244,"Male"
"6018403",371836,2025-07-11 16:21:12,43.3563041687012,-8.84577369689941,"Male"
"6018403",371836,2025-07-11 16:26:15,43.3576622009277,-8.84423828125,"Male"
"6018403",371836,2025-07-11 16:31:16,43.3576774597168,-8.84421730041504,"Male"
"6018403",371836,2025-07-11 16:36:12,43.3576164245605,-8.84405517578125,"Male"
"6018403",371836,2025-07-11 16:41:30,43.3575210571289,-8.8438196182251,"Male"
"6018403",371836,2025-07-11 16:46:35,43.3576774597168,-8.84418296813965,"Male"
"6018403",371836,2025-07-11 16:51:12,43.3577041625977,-8.84417152404785,"Male"
"6018403",371836,2025-07-11 16:56:12,43.3578033447266,-8.84437084197998,"Male"
"6018403",371836,2025-07-11 17:01:13,43.357852935791,-8.84438610076904,"Male"
"6018403",371836,2025-07-11 17:06:13,43.3577690124512,-8.84436893463135,"Male"
"6018403",371836,2025-07-11 17:11:13,43.3577499389648,-8.8444881439209,"Male"
"6018403",371836,2025-07-11 17:16:14,43.357795715332,-8.84446048736572,"Male"
"6018403",371836,2025-07-11 17:21:14,43.3577575683594,-8.84444141387939,"Male"
"6018403",371836,2025-07-11 17:26:13,43.3577613830566,-8.84436416625977,"Male"
"6018403",371836,2025-07-11 17:31:12,43.3577003479004,-8.84428882598877,"Male"
"6018403",371836,2025-07-11 17:36:15,43.3577499389648,-8.84433937072754,"Male"
"6018403",371836,2025-07-11 17:41:14,43.3575668334961,-8.84431934356689,"Male"
"6018403",371836,2025-07-11 17:46:12,43.3579940795898,-8.84453010559082,"Male"
"6018403",371836,2025-07-11 17:51:14,43.3577308654785,-8.84426307678223,"Male"
"6018403",371836,2025-07-11 17:56:17,43.3575744628906,-8.84421348571777,"Male"
"6018403",371836,2025-07-11 18:01:35,43.3575782775879,-8.84415435791016,"Male"
"6018403",371836,2025-07-11 18:06:11,43.3572273254395,-8.84482192993164,"Male"
"6018403",371836,2025-07-11 18:11:13,43.3575859069824,-8.84417057037354,"Male"
"6018403",371836,2025-07-11 18:16:11,43.3576164245605,-8.84402656555176,"Male"
"6018403",371836,2025-07-11 18:21:14,43.3576393127441,-8.84414768218994,"Male"
"6018403",371836,2025-07-11 18:26:16,43.3576164245605,-8.84419345855713,"Male"
"6018403",371836,2025-07-11 18:31:15,43.3575782775879,-8.84411144256592,"Male"
"6018403",371836,2025-07-11 18:36:13,43.3575897216797,-8.84414100646973,"Male"
"6018403",371836,2025-07-11 18:41:15,43.3576049804688,-8.84426593780518,"Male"
"6018403",371836,2025-07-11 18:46:16,43.3577423095703,-8.84460067749023,"Male"
"6018403",371836,2025-07-11 18:51:11,43.3577537536621,-8.84495449066162,"Male"
"6018403",371836,2025-07-11 18:56:14,43.3576126098633,-8.84419250488281,"Male"
"6018403",371836,2025-07-11 19:01:12,43.3576469421387,-8.84403610229492,"Male"
"6018403",371836,2025-07-11 19:06:12,43.3576583862305,-8.84429550170898,"Male"
"6018403",371836,2025-07-11 19:11:13,43.3577995300293,-8.84478282928467,"Male"
"6018403",371836,2025-07-11 19:16:14,43.3573989868164,-8.8436450958252,"Male"
"6018403",371836,2025-07-11 19:21:19,43.357421875,-8.84347057342529,"Male"
"6018403",371836,2025-07-11 19:26:35,43.357608795166,-8.84415149688721,"Male"
"6018403",371836,2025-07-11 19:31:14,43.3574981689453,-8.84421443939209,"Male"
"6018403",371836,2025-07-11 19:36:11,43.3575057983398,-8.84411907196045,"Male"
"6018403",371836,2025-07-11 19:41:14,43.357479095459,-8.84415626525879,"Male"
"6018403",371836,2025-07-11 19:46:11,43.3575401306152,-8.84414291381836,"Male"
"6018403",371836,2025-07-11 19:51:11,43.3575248718262,-8.84410953521729,"Male"
"6018403",371836,2025-07-11 19:56:14,43.3583221435547,-8.844895362854,"Male"
"6018403",371836,2025-07-11 20:02:14,43.3583374023438,-8.84488391876221,"Male"
"6018403",371836,2025-07-11 20:06:12,43.3584403991699,-8.84457683563232,"Male"
"6018403",371836,2025-07-11 20:11:18,43.3577003479004,-8.84409236907959,"Male"
"6018403",371836,2025-07-11 20:16:16,43.3575782775879,-8.84415626525879,"Male"
"6018403",371836,2025-07-11 20:21:14,43.3575820922852,-8.84430408477783,"Male"
"6018403",371836,2025-07-11 20:26:15,43.3575820922852,-8.84411334991455,"Male"
"6018403",371836,2025-07-11 20:31:16,43.3577194213867,-8.8441219329834,"Male"
"6018403",371836,2025-07-11 20:36:17,43.3573989868164,-8.84454536437988,"Male"
"6018403",371836,2025-07-11 20:41:12,43.3576202392578,-8.84410762786865,"Male"
"6018403",371836,2025-07-11 20:46:14,43.3576049804688,-8.84411239624023,"Male"
"6018403",371836,2025-07-11 20:51:13,43.3576164245605,-8.84383869171143,"Male"
"6018403",371836,2025-07-11 20:56:36,43.3576469421387,-8.84419250488281,"Male"
"6018403",371836,2025-07-11 21:01:15,43.3576202392578,-8.84408855438232,"Male"
"6018403",371836,2025-07-11 21:06:25,43.357593536377,-8.84420013427734,"Male"
"6018403",371836,2025-07-11 21:11:11,43.3576164245605,-8.84570598602295,"Male"
"6018403",371836,2025-07-11 21:16:12,43.3576011657715,-8.84415531158447,"Male"
"6018403",371836,2025-07-11 21:21:14,43.3575782775879,-8.84403514862061,"Male"
"6018403",371836,2025-07-11 21:26:13,43.3576545715332,-8.84407615661621,"Male"
"6018403",371836,2025-07-11 21:31:11,43.3576507568359,-8.84413242340088,"Male"
"6018403",371836,2025-07-11 21:36:11,43.3575744628906,-8.84408187866211,"Male"
"6018403",371836,2025-07-11 21:41:12,43.3575477600098,-8.84425354003906,"Male"
"6018403",371836,2025-07-11 21:46:12,43.3575439453125,-8.84420204162598,"Male"
"6018403",371836,2025-07-11 21:51:12,43.3575820922852,-8.84420204162598,"Male"
"6018403",371836,2025-07-11 21:56:14,43.3575553894043,-8.84410381317139,"Male"
"6018403",371836,2025-07-11 22:01:14,43.3576126098633,-8.84424781799316,"Male"
"6018403",371836,2025-07-11 22:06:12,43.3576049804688,-8.84409999847412,"Male"
"6018403",371836,2025-07-11 22:11:13,43.357608795166,-8.84414005279541,"Male"
"6018403",371836,2025-07-11 22:16:28,43.3575782775879,-8.84403991699219,"Male"
"6018403",371836,2025-07-11 22:21:11,43.357608795166,-8.84408855438232,"Male"
"6018403",371836,2025-07-11 22:26:18,43.3576507568359,-8.84414482116699,"Male"
"6018403",371836,2025-07-11 22:31:18,43.3576202392578,-8.84417152404785,"Male"
"6018403",371836,2025-07-11 22:36:18,43.3576316833496,-8.84414768218994,"Male"
"6018403",371836,2025-07-11 22:41:18,43.3576393127441,-8.84417533874512,"Male"
"6018403",371836,2025-07-11 22:46:35,43.3576164245605,-8.8441162109375,"Male"
"6018403",371836,2025-07-11 22:51:12,43.3575859069824,-8.8441047668457,"Male"
"6018403",371836,2025-07-11 22:56:12,43.3574905395508,-8.84409809112549,"Male"
"6018403",371836,2025-07-11 23:01:12,43.3577003479004,-8.84434986114502,"Male"
"6018403",371836,2025-07-11 23:06:11,43.3575744628906,-8.84414768218994,"Male"
"6018403",371836,2025-07-11 23:11:12,43.3576889038086,-8.84423828125,"Male"
"6018403",371836,2025-07-11 23:16:11,43.3577003479004,-8.84423732757568,"Male"
"6018403",371836,2025-07-11 23:21:17,43.3579940795898,-8.84436511993408,"Male"
"6018403",371836,2025-07-11 23:26:11,43.3576431274414,-8.84425926208496,"Male"
"6018403",371836,2025-07-11 23:31:11,43.3577041625977,-8.84425830841064,"Male"
"6018403",371836,2025-07-11 23:36:12,43.3576011657715,-8.84373474121094,"Male"
"6018403",371836,2025-07-11 23:41:12,43.3577613830566,-8.8438663482666,"Male"
"6018403",371836,2025-07-11 23:46:31,43.3576469421387,-8.84409523010254,"Male"
"6018403",371836,2025-07-11 23:51:15,43.3576965332031,-8.84400367736816,"Male"
"6018403",371836,2025-07-11 23:56:15,43.357666015625,-8.84378528594971,"Male"
"6018403",371836,2025-07-12 00:01:40,43.3576278686523,-8.84406471252441,"Male"
"6018403",371836,2025-07-12 00:06:14,43.3576698303223,-8.84400081634521,"Male"
"6018403",371836,2025-07-12 00:11:15,43.3576774597168,-8.84396171569824,"Male"
"6018403",371836,2025-07-12 00:16:17,43.3576774597168,-8.84408569335938,"Male"
"6018403",371836,2025-07-12 00:21:16,43.3578681945801,-8.84401226043701,"Male"
"6018403",371836,2025-07-12 00:26:16,43.3576202392578,-8.84411239624023,"Male"
"6018403",371836,2025-07-12 00:31:14,43.357780456543,-8.8441104888916,"Male"
"6018403",371836,2025-07-12 00:36:18,43.3576583862305,-8.84405326843262,"Male"
"6018403",371836,2025-07-12 00:41:24,43.3578567504883,-8.84431076049805,"Male"
"6018403",371836,2025-07-12 00:46:15,43.3577308654785,-8.84404277801514,"Male"
"6018403",371836,2025-07-12 00:51:18,43.3577575683594,-8.8441686630249,"Male"
"6018403",371836,2025-07-12 00:56:16,43.3577499389648,-8.8442268371582,"Male"
"6018403",371836,2025-07-12 01:01:14,43.3577728271484,-8.84437656402588,"Male"
"6018403",371836,2025-07-12 01:06:11,43.3577919006348,-8.84418773651123,"Male"
"6018403",371836,2025-07-12 01:11:11,43.357852935791,-8.84429931640625,"Male"
"6018403",371836,2025-07-12 01:16:13,43.3577461242676,-8.84418106079102,"Male"
"6018403",371836,2025-07-12 01:21:13,43.357666015625,-8.84419536590576,"Male"
"6018403",371836,2025-07-12 01:26:14,43.3576927185059,-8.84415912628174,"Male"
"6018403",371836,2025-07-12 01:31:17,43.3576736450195,-8.84420776367188,"Male"
"6018403",371836,2025-07-12 01:36:28,43.3576202392578,-8.84415817260742,"Male"
"6018403",371836,2025-07-12 01:41:44,43.357608795166,-8.84411334991455,"Male"
"6018403",371836,2025-07-12 01:46:12,43.3579025268555,-8.8443717956543,"Male"
"6018403",371836,2025-07-12 01:51:12,43.3578147888184,-8.84423637390137,"Male"
"6018403",371836,2025-07-12 01:56:12,43.3578414916992,-8.84428787231445,"Male"
"6018403",371836,2025-07-12 02:01:35,43.3577613830566,-8.84422874450684,"Male"
"6018403",371836,2025-07-12 02:06:11,43.3578491210938,-8.84426116943359,"Male"
"6018403",371836,2025-07-12 02:11:11,43.3578109741211,-8.84422588348389,"Male"
"6018403",371836,2025-07-12 02:16:11,43.3578300476074,-8.84426784515381,"Male"
"6018403",371836,2025-07-12 02:21:15,43.3575820922852,-8.84444618225098,"Male"
"6018403",371836,2025-07-12 02:26:12,43.3577041625977,-8.8441686630249,"Male"
"6018403",371836,2025-07-12 02:31:15,43.3582191467285,-8.84486389160156,"Male"
"6018403",371836,2025-07-12 02:36:18,43.3577041625977,-8.84429454803467,"Male"
"6018403",371836,2025-07-12 02:41:17,43.3577690124512,-8.8442497253418,"Male"
"6018403",371836,2025-07-12 02:46:20,43.3575782775879,-8.84411907196045,"Male"
"6018403",371836,2025-07-12 02:51:35,43.3575897216797,-8.84405517578125,"Male"
"6018403",371836,2025-07-12 02:56:16,43.3575210571289,-8.84405994415283,"Male"
"6018403",371836,2025-07-12 03:01:14,43.357536315918,-8.8441743850708,"Male"
"6018403",371836,2025-07-12 03:06:15,43.3575325012207,-8.84401226043701,"Male"
"6018403",371836,2025-07-12 03:11:14,43.3575820922852,-8.84406661987305,"Male"
"6018403",371836,2025-07-12 03:16:11,43.3576126098633,-8.84402942657471,"Male"
"6018403",371836,2025-07-12 03:21:11,43.3575592041016,-8.84415435791016,"Male"
"6018403",371836,2025-07-12 03:26:13,43.357593536377,-8.84413242340088,"Male"
"6018403",371836,2025-07-12 03:31:16,43.3574485778809,-8.84411525726318,"Male"
"6018403",371836,2025-07-12 03:36:13,43.3576202392578,-8.84395599365234,"Male"
"6018403",371836,2025-07-12 03:41:14,43.3576126098633,-8.84404373168945,"Male"
"6018403",371836,2025-07-12 03:46:13,43.3575820922852,-8.84406566619873,"Male"
"6018403",371836,2025-07-12 03:51:16,43.3575057983398,-8.84406280517578,"Male"
"6018403",371836,2025-07-12 03:56:15,43.3575744628906,-8.84399795532227,"Male"
"6018403",371836,2025-07-12 04:01:14,43.3575592041016,-8.844162940979,"Male"
"6018403",371836,2025-07-12 04:06:13,43.3575820922852,-8.84401512145996,"Male"
"6018403",371836,2025-07-12 04:11:11,43.357666015625,-8.84419345855713,"Male"
"6018403",371836,2025-07-12 04:16:35,43.3576164245605,-8.84410095214844,"Male"
"6018403",371836,2025-07-12 04:21:12,43.3575668334961,-8.84405517578125,"Male"
"6018403",371836,2025-07-12 04:26:20,43.3575706481934,-8.84404468536377,"Male"
"6018403",371836,2025-07-12 04:31:11,43.3575859069824,-8.84402751922607,"Male"
"6018403",371836,2025-07-12 04:36:14,43.3576049804688,-8.84407329559326,"Male"
"6018403",371836,2025-07-12 04:41:27,43.3575782775879,-8.84404468536377,"Male"
"6018403",371836,2025-07-12 04:46:13,43.3574829101562,-8.84397792816162,"Male"
"6018403",371836,2025-07-12 04:52:08,43.3608779907227,-8.85422801971436,"Male"
"6018403",371836,2025-07-12 04:56:13,43.3602027893066,-8.85450172424316,"Male"
"6018403",371836,2025-07-12 05:01:14,43.3596343994141,-8.85376167297363,"Male"
"6018403",371836,2025-07-12 05:06:18,43.3575096130371,-8.84397602081299,"Male"
"6018403",371836,2025-07-12 05:11:19,43.357723236084,-8.84430885314941,"Male"
"6018403",371836,2025-07-12 05:16:19,43.3576736450195,-8.8442440032959,"Male"
"6018403",371836,2025-07-12 05:21:15,43.357666015625,-8.84406089782715,"Male"
"6018403",371836,2025-07-12 05:26:22,43.3576011657715,-8.84404945373535,"Male"
"6018403",371836,2025-07-12 05:31:16,43.357666015625,-8.84404277801514,"Male"
"6018403",371836,2025-07-12 05:36:18,43.3575553894043,-8.84409141540527,"Male"
"6018403",371836,2025-07-12 05:41:20,43.3576126098633,-8.84413146972656,"Male"
"6018403",371836,2025-07-12 05:46:11,43.3575248718262,-8.84531593322754,"Male"
"6018403",371836,2025-07-12 05:51:25,43.3576278686523,-8.84407329559326,"Male"
"6018403",371836,2025-07-12 05:56:12,43.3576011657715,-8.84409046173096,"Male"
"6018403",371836,2025-07-12 06:01:25,43.3576469421387,-8.84405612945557,"Male"
"6018403",371836,2025-07-12 06:06:14,43.3576583862305,-8.84421539306641,"Male"
"6018403",371836,2025-07-12 06:11:27,43.3575630187988,-8.84410667419434,"Male"
"6018403",371836,2025-07-12 06:16:31,43.3579406738281,-8.84466361999512,"Male"
"6018403",371836,2025-07-12 06:21:12,43.3580474853516,-8.84432125091553,"Male"
"6018403",371836,2025-07-12 06:27:01,43.3572235107422,-8.84489154815674,"Male"
"6018403",371836,2025-07-12 06:31:14,43.3576889038086,-8.84435749053955,"Male"
"6018403",371836,2025-07-12 06:36:12,43.3579902648926,-8.84474182128906,"Male"
"6018403",371836,2025-07-12 06:41:11,43.357723236084,-8.84422779083252,"Male"
"6018403",371836,2025-07-12 06:46:15,43.3577499389648,-8.84431171417236,"Male"
"6018403",371836,2025-07-12 06:51:11,43.3580093383789,-8.84513092041016,"Male"
"6018403",371836,2025-07-12 06:56:15,43.3578186035156,-8.84402847290039,"Male"
"6018403",371836,2025-07-12 07:01:12,43.3579254150391,-8.84473419189453,"Male"
"6018403",371836,2025-07-12 07:06:13,43.3447685241699,-8.84263038635254,"Male"
"6018403",371836,2025-07-12 07:11:14,43.3190765380859,-8.85239601135254,"Male"
"6018403",371836,2025-07-12 07:16:24,43.3140068054199,-8.85689258575439,"Male"
"6018403",371836,2025-07-12 07:21:27,43.316535949707,-8.86056900024414,"Male"
"6018403",371836,2025-07-12 07:26:18,43.3165817260742,-8.8605432510376,"Male"
"6018403",371836,2025-07-12 07:31:36,43.3513679504395,-8.84656143188477,"Male"
"6018403",371836,2025-07-12 07:36:12,43.3576507568359,-8.84394073486328,"Male"
"6018403",371836,2025-07-12 07:41:13,43.3576049804688,-8.84414482116699,"Male"
"6018403",371836,2025-07-12 07:46:17,43.3576393127441,-8.84420394897461,"Male"
"6018403",371836,2025-07-12 07:51:12,43.3576927185059,-8.84409523010254,"Male"
"6018403",371836,2025-07-12 07:56:19,43.3575706481934,-8.84409046173096,"Male"
"6018403",371836,2025-07-12 08:01:15,43.3577270507812,-8.84432983398438,"Male"
"6018403",371836,2025-07-12 08:06:35,43.3575973510742,-8.84416580200195,"Male"
"6018403",371836,2025-07-12 08:11:14,43.3576126098633,-8.8441276550293,"Male"
"6018403",371836,2025-07-12 08:16:11,43.3575401306152,-8.84445667266846,"Male"
"6018403",371836,2025-07-12 08:21:13,43.3575630187988,-8.84418392181396,"Male"
"6018403",371836,2025-07-12 08:26:12,43.3582344055176,-8.84545707702637,"Male"
"6018403",371836,2025-07-12 08:31:12,43.3576431274414,-8.84421730041504,"Male"
"6018403",371836,2025-07-12 08:36:12,43.3576812744141,-8.84423351287842,"Male"
"6018403",371836,2025-07-12 08:41:13,43.3576011657715,-8.84415912628174,"Male"
"6018403",371836,2025-07-12 08:46:12,43.3575096130371,-8.84414958953857,"Male"
"6018403",371836,2025-07-12 08:51:12,43.3583335876465,-8.84578227996826,"Male"
"6018403",371836,2025-07-12 08:56:23,43.3574180603027,-8.84443759918213,"Male"
"6018403",371836,2025-07-12 09:01:12,43.3578643798828,-8.84556293487549,"Male"
"6018403",371836,2025-07-12 09:06:13,43.3582763671875,-8.84572887420654,"Male"
"6018403",371836,2025-07-12 09:11:13,43.3576049804688,-8.84415721893311,"Male"
"6018403",371836,2025-07-12 09:16:12,43.3582992553711,-8.84494781494141,"Male"
"6018403",371836,2025-07-12 09:21:18,43.3577537536621,-8.84480094909668,"Male"
"6018403",371836,2025-07-12 09:26:18,43.3577194213867,-8.84463024139404,"Male"
"6018403",371836,2025-07-12 09:31:14,43.3581199645996,-8.84457015991211,"Male"
"6018403",371836,2025-07-12 09:36:15,43.3574562072754,-8.84488773345947,"Male"
"6018403",371836,2025-07-12 09:41:15,43.357723236084,-8.8438777923584,"Male"
"6018403",371836,2025-07-12 09:46:17,43.3578300476074,-8.84434223175049,"Male"
"6018403",371836,2025-07-12 09:51:22,43.3576927185059,-8.84489917755127,"Male"
"6018403",371836,2025-07-12 09:56:16,43.3577919006348,-8.84506988525391,"Male"
"6018403",371836,2025-07-12 10:01:17,43.3576507568359,-8.84450531005859,"Male"
"6018403",371836,2025-07-12 10:06:35,43.3577079772949,-8.84480571746826,"Male"
"6018403",371836,2025-07-12 10:11:12,43.3577842712402,-8.84481620788574,"Male"
"6018403",371836,2025-07-12 10:16:12,43.3576316833496,-8.84419250488281,"Male"
"6018403",371836,2025-07-12 10:21:11,43.3579635620117,-8.84580135345459,"Male"
"6018403",371836,2025-07-12 10:26:11,43.3578224182129,-8.84486675262451,"Male"
"6018403",371836,2025-07-12 10:31:11,43.3576927185059,-8.84420013427734,"Male"
"6018403",371836,2025-07-12 10:36:15,43.3576164245605,-8.84412384033203,"Male"
"6018403",371836,2025-07-12 10:41:11,43.3576507568359,-8.84413623809814,"Male"
"6018403",371836,2025-07-12 10:46:11,43.3619041442871,-8.84919261932373,"Male"
"6018403",371836,2025-07-12 10:51:11,43.3788986206055,-8.87958717346191,"Male"
"6018403",371836,2025-07-12 10:56:12,43.3911170959473,-8.91176700592041,"Male"
"6018403",371836,2025-07-12 11:01:12,43.4050140380859,-8.94263744354248,"Male"
"6018403",371836,2025-07-12 11:06:11,43.4097595214844,-8.97676467895508,"Male"
"6018403",371836,2025-07-12 11:11:12,43.414737701416,-9.01172161102295,"Male"
"6018403",371836,2025-07-12 11:16:11,43.4195785522461,-9.02808380126953,"Male"
"6018403",371836,2025-07-12 11:21:11,43.4406356811523,-9.05128765106201,"Male"
"6018403",371836,2025-07-12 11:26:12,43.4522094726562,-9.07376956939697,"Male"
"6018403",371836,2025-07-12 11:31:15,43.4370613098145,-9.07943725585938,"Male"
"6018403",371836,2025-07-12 11:36:44,43.4321556091309,-9.05415153503418,"Male"
"6018403",371836,2025-07-12 11:41:33,43.421989440918,-9.03263187408447,"Male"
"6018403",371836,2025-07-12 11:46:12,43.4011650085449,-9.00933933258057,"Male"
"6018403",371836,2025-07-12 11:51:12,43.3769569396973,-8.96784496307373,"Male"
"6018403",371836,2025-07-12 11:56:12,43.3537178039551,-8.90962696075439,"Male"
"6018403",371836,2025-07-12 12:01:12,43.3352165222168,-8.86058902740479,"Male"
"6018403",371836,2025-07-12 12:06:13,43.3167266845703,-8.85817813873291,"Male"
"6018403",371836,2025-07-12 12:11:12,43.3238563537598,-8.84865474700928,"Male"
"6018403",371836,2025-07-12 12:16:12,43.3567428588867,-8.83432769775391,"Male"
"6018403",371836,2025-07-12 12:21:14,43.3575630187988,-8.84402179718018,"Male"
"6018403",371836,2025-07-12 12:26:15,43.3576393127441,-8.84417629241943,"Male"
"6018403",371836,2025-07-12 12:31:19,43.3574714660645,-8.84409523010254,"Male"
"6018403",371836,2025-07-12 12:36:15,43.3576507568359,-8.8442497253418,"Male"
"6018403",371836,2025-07-12 12:41:15,43.3575401306152,-8.84414577484131,"Male"
"6018403",371836,2025-07-12 12:46:25,43.3577194213867,-8.84428596496582,"Male"
"6018403",371836,2025-07-12 12:51:16,43.3576812744141,-8.84424591064453,"Male"
"6018403",371836,2025-07-12 12:56:25,43.357738494873,-8.84431838989258,"Male"
"6018403",371836,2025-07-12 13:01:19,43.3576393127441,-8.84423637390137,"Male"
"6018403",371836,2025-07-12 13:06:23,43.3576011657715,-8.84417343139648,"Male"
"6018403",371836,2025-07-12 13:11:23,43.3576545715332,-8.84421253204346,"Male"
"6018403",371836,2025-07-12 13:16:44,43.3574485778809,-8.84401607513428,"Male"
"6018403",371836,2025-07-12 13:21:31,43.3574752807617,-8.84406661987305,"Male"
"6018403",371836,2025-07-12 13:26:26,43.357536315918,-8.84418106079102,"Male"
"6018403",371836,2025-07-12 13:31:17,43.3574867248535,-8.84413909912109,"Male"
"6018403",371836,2025-07-12 13:36:15,43.3575401306152,-8.84417724609375,"Male"
"6018403",371836,2025-07-12 13:41:16,43.3574867248535,-8.84422016143799,"Male"
"6018403",371836,2025-07-12 13:46:34,43.3576164245605,-8.84419345855713,"Male"
"6018403",371836,2025-07-12 13:51:14,43.3576507568359,-8.84421634674072,"Male"
"6018403",371836,2025-07-12 13:56:34,43.3575744628906,-8.84411907196045,"Male"
"6018403",371836,2025-07-12 14:01:44,43.3576545715332,-8.84421062469482,"Male"
"6018403",371836,2025-07-12 14:06:14,43.3577194213867,-8.84428024291992,"Male"
"6018403",371836,2025-07-12 14:11:16,43.3575439453125,-8.84400653839111,"Male"
"6018403",371836,2025-07-12 14:16:15,43.3576049804688,-8.84404373168945,"Male"
"6018403",371836,2025-07-12 14:21:15,43.3778343200684,-8.82311916351318,"Male"
"6018403",371836,2025-07-12 14:26:13,43.3641548156738,-8.79764938354492,"Male"
"6018403",371836,2025-07-12 14:31:15,43.3511161804199,-8.72032451629639,"Male"
"6018403",371836,2025-07-12 14:36:19,43.3650016784668,-8.69650650024414,"Male"
"6018403",371836,2025-07-12 14:41:19,43.3650932312012,-8.6962718963623,"Male"
"6018403",371836,2025-07-12 14:46:23,43.3643646240234,-8.69638061523438,"Male"
"6018403",371836,2025-07-12 14:51:34,43.3645706176758,-8.6956901550293,"Male"
"6018403",371836,2025-07-12 14:56:17,43.3647575378418,-8.69558143615723,"Male"
"6018403",371836,2025-07-12 15:01:20,43.3646812438965,-8.69515895843506,"Male"
"6018403",371836,2025-07-12 15:06:34,43.3646850585938,-8.69472026824951,"Male"
"6018403",371836,2025-07-12 15:11:15,43.3645324707031,-8.69433307647705,"Male"
"6018403",371836,2025-07-12 15:17:37,43.364574432373,-8.69377899169922,"Male"
"6018403",371836,2025-07-12 15:22:37,43.3637847900391,-8.69563674926758,"Male"
"6018403",371836,2025-07-12 15:26:44,43.3649024963379,-8.69595909118652,"Male"
"6018403",371836,2025-07-12 15:32:04,43.3639488220215,-8.69582271575928,"Male"
"6018403",371836,2025-07-12 15:36:14,43.3668403625488,-8.69499492645264,"Male"
"6018403",371836,2025-07-12 15:41:16,43.3658981323242,-8.69479179382324,"Male"
"6018403",371836,2025-07-12 15:46:18,43.3662071228027,-8.69419193267822,"Male"
"6018403",371836,2025-07-12 15:51:17,43.3662605285645,-8.69370269775391,"Male"
"6018403",371836,2025-07-12 15:56:16,43.3665237426758,-8.69287395477295,"Male"
"6018403",371836,2025-07-12 16:01:20,43.3663177490234,-8.69271659851074,"Male"
"6018403",371836,2025-07-12 16:06:14,43.3658485412598,-8.69561290740967,"Male"
"6018403",371836,2025-07-12 16:11:20,43.3641395568848,-8.69628143310547,"Male"
"6018403",371836,2025-07-12 16:16:20,43.362964630127,-8.6958532333374,"Male"
"6018403",371836,2025-07-12 16:21:32,43.3363304138184,-8.69490242004395,"Male"
"6018403",371836,2025-07-12 16:26:16,43.303337097168,-8.69202899932861,"Male"
"6018403",371836,2025-07-12 16:31:26,43.2920188903809,-8.69756412506104,"Male"
"6018403",371836,2025-07-12 16:36:35,43.2919654846191,-8.69729328155518,"Male"
"6018403",371836,2025-07-12 16:41:13,43.2918930053711,-8.69739151000977,"Male"
"6018403",371836,2025-07-12 16:46:18,43.2891654968262,-8.71682834625244,"Male"
"6018403",371836,2025-07-12 16:51:14,43.2956352233887,-8.74388217926025,"Male"
"6018403",371836,2025-07-12 16:56:14,43.3021278381348,-8.77600765228271,"Male"
"6018403",371836,2025-07-12 17:01:13,43.3132667541504,-8.80092906951904,"Male"
"6018403",371836,2025-07-12 17:06:14,43.325511932373,-8.81688022613525,"Male"
"6018403",371836,2025-07-12 17:12:37,43.3532104492188,-8.8339262008667,"Male"
"6018403",371836,2025-07-12 17:16:44,43.3582038879395,-8.84544658660889,"Male"
"6018403",371836,2025-07-12 17:21:17,43.3576927185059,-8.84438419342041,"Male"
"6018403",371836,2025-07-12 17:26:16,43.3576774597168,-8.84422492980957,"Male"
"6018403",371836,2025-07-12 17:31:17,43.3576469421387,-8.84434509277344,"Male"
"6018403",371836,2025-07-12 17:36:17,43.3575706481934,-8.84411716461182,"Male"
"6018403",371836,2025-07-12 17:41:16,43.3576583862305,-8.84428596496582,"Male"
"6018403",371836,2025-07-12 17:46:15,43.357666015625,-8.84426689147949,"Male"
"6018403",371836,2025-07-12 17:51:17,43.3579406738281,-8.84493637084961,"Male"
"6018403",371836,2025-07-12 17:56:22,43.3575248718262,-8.84413909912109,"Male"
"6018403",371836,2025-07-12 18:01:18,43.3575553894043,-8.84402656555176,"Male"
"6018403",371836,2025-07-12 18:06:25,43.3575134277344,-8.84415435791016,"Male"
"6018403",371836,2025-07-12 18:11:25,43.3576164245605,-8.8443603515625,"Male"
"6018403",371836,2025-07-12 18:16:17,43.3574523925781,-8.84378910064697,"Male"
"6018403",371836,2025-07-12 18:21:16,43.3575782775879,-8.84409141540527,"Male"
"6018403",371836,2025-07-12 18:26:15,43.3575668334961,-8.84417247772217,"Male"
"6018403",371836,2025-07-12 18:31:15,43.3578681945801,-8.8449182510376,"Male"
"6018403",371836,2025-07-12 18:36:15,43.3576622009277,-8.84431076049805,"Male"
"6018403",371836,2025-07-12 18:41:16,43.3575477600098,-8.84413051605225,"Male"
"6018403",371836,2025-07-12 18:46:16,43.3576049804688,-8.84431171417236,"Male"
"6018403",371836,2025-07-12 18:51:16,43.3578338623047,-8.8447790145874,"Male"
"6018403",371836,2025-07-12 18:56:18,43.3576698303223,-8.84438037872314,"Male"
"6018403",371836,2025-07-12 19:01:25,43.3575592041016,-8.84419918060303,"Male"
"6018403",371836,2025-07-12 19:06:35,43.3575897216797,-8.84409141540527,"Male"
"6018403",371836,2025-07-12 19:11:14,43.3575592041016,-8.84404563903809,"Male"
"6018403",371836,2025-07-12 19:16:13,43.3575210571289,-8.84399890899658,"Male"
"6018403",371836,2025-07-12 19:21:13,43.3575630187988,-8.84413623809814,"Male"
"6018403",371836,2025-07-12 19:26:13,43.3579635620117,-8.84428787231445,"Male"
"6018403",371836,2025-07-12 19:31:13,43.3575439453125,-8.84404373168945,"Male"
"6018403",371836,2025-07-12 19:36:36,43.3575782775879,-8.84411239624023,"Male"
"6018403",371836,2025-07-12 19:41:17,43.3575973510742,-8.84412479400635,"Male"
"6018403",371836,2025-07-12 19:46:14,43.3576126098633,-8.84423065185547,"Male"
"6018403",371836,2025-07-12 19:51:14,43.3580169677734,-8.84443283081055,"Male"
"6018403",371836,2025-07-12 19:56:15,43.3584747314453,-8.84503269195557,"Male"
"6018403",371836,2025-07-12 20:01:13,43.357780456543,-8.84420967102051,"Male"
"6018403",371836,2025-07-12 20:06:13,43.3580017089844,-8.8447437286377,"Male"
"6018403",371836,2025-07-12 20:11:26,43.3576164245605,-8.84415912628174,"Male"
"6018403",371836,2025-07-12 20:16:23,43.3575820922852,-8.84411430358887,"Male"
"6018403",371836,2025-07-12 20:21:13,43.3576583862305,-8.84423446655273,"Male"
"6018403",371836,2025-07-12 20:26:18,43.3574447631836,-8.84385299682617,"Male"
"6018403",371836,2025-07-12 20:31:19,43.3575096130371,-8.84411907196045,"Male"
"6018403",371836,2025-07-12 20:36:17,43.3562126159668,-8.84092426300049,"Male"
"6018403",371836,2025-07-12 20:41:23,43.3575782775879,-8.84405136108398,"Male"
"6018403",371836,2025-07-12 20:46:14,43.357666015625,-8.8441915512085,"Male"
"6018403",371836,2025-07-12 20:51:16,43.3575477600098,-8.84403991699219,"Male"
"6018403",371836,2025-07-12 20:56:19,43.3577308654785,-8.8444185256958,"Male"
"6018403",371836,2025-07-12 21:01:20,43.3575630187988,-8.84412479400635,"Male"
"6018403",371836,2025-07-12 21:06:15,43.3575630187988,-8.84403705596924,"Male"
"6018403",371836,2025-07-12 21:11:15,43.3576316833496,-8.84426212310791,"Male"
"6018403",371836,2025-07-12 21:16:16,43.3575706481934,-8.84413909912109,"Male"
"6018403",371836,2025-07-12 21:21:20,43.3576164245605,-8.84398078918457,"Male"
"6018403",371836,2025-07-12 21:26:35,43.3576354980469,-8.84407711029053,"Male"
"6018403",371836,2025-07-12 21:31:16,43.3576011657715,-8.84376525878906,"Male"
"6018403",371836,2025-07-12 21:36:17,43.3575401306152,-8.84433174133301,"Male"
"6018403",371836,2025-07-12 21:41:35,43.357593536377,-8.84415054321289,"Male"
"6018403",371836,2025-07-12 21:46:14,43.357593536377,-8.84415054321289,"Male"
"6018403",371836,2025-07-12 21:51:14,43.3576202392578,-8.84409713745117,"Male"
"6018403",371836,2025-07-12 21:56:13,43.3576011657715,-8.84417819976807,"Male"
"6018403",371836,2025-07-12 22:01:13,43.357608795166,-8.84413528442383,"Male"
"6018403",371836,2025-07-12 22:06:13,43.3575820922852,-8.84415245056152,"Male"
"6018403",371836,2025-07-12 22:11:14,43.3576354980469,-8.84422302246094,"Male"
"6018403",371836,2025-07-12 22:16:13,43.3576354980469,-8.84423065185547,"Male"
"6018403",371836,2025-07-12 22:21:22,43.3576545715332,-8.8442211151123,"Male"
"6018403",371836,2025-07-12 22:26:35,43.3576202392578,-8.84426212310791,"Male"
"6018403",371836,2025-07-12 22:31:16,43.3576126098633,-8.84433937072754,"Male"
"6018403",371836,2025-07-12 22:36:28,43.3576126098633,-8.84417343139648,"Male"
"6018403",371836,2025-07-12 22:41:44,43.3576164245605,-8.84419250488281,"Male"
"6018403",371836,2025-07-12 22:46:14,43.3575592041016,-8.84393978118896,"Male"
"6018403",371836,2025-07-12 22:51:18,43.3576812744141,-8.84435272216797,"Male"
"6018403",371836,2025-07-12 22:56:20,43.3576049804688,-8.84390830993652,"Male"
"6018403",371836,2025-07-12 23:01:19,43.357852935791,-8.844557762146,"Male"
"6018403",371836,2025-07-12 23:06:17,43.3577117919922,-8.84430599212646,"Male"
"6018403",371836,2025-07-12 23:11:25,43.3576164245605,-8.84398555755615,"Male"
"6018403",371836,2025-07-12 23:16:17,43.357608795166,-8.84407329559326,"Male"
"6018403",371836,2025-07-12 23:21:24,43.357608795166,-8.84400272369385,"Male"
"6018403",371836,2025-07-12 23:26:14,43.3577575683594,-8.84453773498535,"Male"
"6018403",371836,2025-07-12 23:31:35,43.3575973510742,-8.84402179718018,"Male"
"6018403",371836,2025-07-12 23:36:14,43.3576011657715,-8.84406089782715,"Male"
"6018403",371836,2025-07-12 23:41:13,43.3575859069824,-8.84403800964355,"Male"
"6018403",371836,2025-07-12 23:46:14,43.3576812744141,-8.84397125244141,"Male"
"6018403",371836,2025-07-12 23:51:15,43.3577690124512,-8.84380149841309,"Male"
"6018403",371836,2025-07-12 23:56:14,43.3576927185059,-8.84398174285889,"Male"
"6018403",371836,2025-07-13 00:01:25,43.3576545715332,-8.84406757354736,"Male"
"6018403",371836,2025-07-13 00:06:25,43.357666015625,-8.84408855438232,"Male"
"6018403",371836,2025-07-13 00:11:25,43.3576049804688,-8.84408664703369,"Male"
"6018403",371836,2025-07-13 00:16:35,43.357608795166,-8.84414291381836,"Male"
"6018403",371836,2025-07-13 00:21:13,43.3576850891113,-8.84394645690918,"Male"
"6018403",371836,2025-07-13 00:26:14,43.3576126098633,-8.84409713745117,"Male"
"6018403",371836,2025-07-13 00:31:13,43.3575897216797,-8.84407424926758,"Male"
"6018403",371836,2025-07-13 00:36:13,43.3575401306152,-8.84411907196045,"Male"
"6018403",371836,2025-07-13 00:41:13,43.357608795166,-8.84410095214844,"Male"
"6018403",371836,2025-07-13 00:46:13,43.3576202392578,-8.84409427642822,"Male"
"6018403",371836,2025-07-13 00:51:13,43.3575859069824,-8.8441104888916,"Male"
"6018403",371836,2025-07-13 00:56:13,43.357608795166,-8.84409141540527,"Male"
"6018403",371836,2025-07-13 01:01:13,43.3575706481934,-8.84415340423584,"Male"
"6018403",371836,2025-07-13 01:06:13,43.3575859069824,-8.84415435791016,"Male"
"6018403",371836,2025-07-13 01:11:13,43.3575744628906,-8.84419345855713,"Male"
"6018403",371836,2025-07-13 01:16:13,43.3575592041016,-8.84416103363037,"Male"
"6018403",371836,2025-07-13 01:21:14,43.3576316833496,-8.84420967102051,"Male"
"6018403",371836,2025-07-13 01:26:20,43.3576393127441,-8.84409999847412,"Male"
"6018403",371836,2025-07-13 01:31:14,43.3576126098633,-8.84407138824463,"Male"
"6018403",371836,2025-07-13 01:36:14,43.3575706481934,-8.8439474105835,"Male"
"6018403",371836,2025-07-13 01:41:15,43.3575592041016,-8.84400081634521,"Male"
"6018403",371836,2025-07-13 01:46:44,43.3576622009277,-8.84417915344238,"Male"
"6018403",371836,2025-07-13 01:51:14,43.3573303222656,-8.84378051757812,"Male"
"6018403",371836,2025-07-13 01:56:13,43.3574867248535,-8.84399223327637,"Male"
"6018403",371836,2025-07-13 02:01:13,43.3576393127441,-8.8439884185791,"Male"
"6018403",371836,2025-07-13 02:06:16,43.357551574707,-8.84393119812012,"Male"
"6018403",371836,2025-07-13 02:11:15,43.3575668334961,-8.84406852722168,"Male"
"6018403",371836,2025-07-13 02:16:25,43.3575668334961,-8.84410190582275,"Male"
"6018403",371836,2025-07-13 02:21:19,43.3577461242676,-8.84420585632324,"Male"
"6018403",371836,2025-07-13 02:26:19,43.3577613830566,-8.84427261352539,"Male"
"6018403",371836,2025-07-13 02:31:35,43.3576583862305,-8.8440637588501,"Male"
"6018403",371836,2025-07-13 02:36:14,43.3576889038086,-8.84417152404785,"Male"
"6018403",371836,2025-07-13 02:41:14,43.3578033447266,-8.84427261352539,"Male"
"6018403",371836,2025-07-13 02:46:14,43.3577194213867,-8.8442325592041,"Male"
"6018403",371836,2025-07-13 02:51:18,43.357593536377,-8.84415149688721,"Male"
"6018403",371836,2025-07-13 02:56:15,43.3578262329102,-8.84446430206299,"Male"
"6018403",371836,2025-07-13 03:01:22,43.3575744628906,-8.84413051605225,"Male"
"6018403",371836,2025-07-13 03:06:16,43.3576622009277,-8.84442901611328,"Male"
"6018403",371836,2025-07-13 03:11:15,43.3576011657715,-8.84431266784668,"Male"
"6018403",371836,2025-07-13 03:16:14,43.3576240539551,-8.84423446655273,"Male"
"6018403",371836,2025-07-13 03:21:16,43.3577270507812,-8.84432029724121,"Male"
"6018403",371836,2025-07-13 03:26:15,43.357593536377,-8.84429264068604,"Male"
"6018403",371836,2025-07-13 03:31:15,43.3576583862305,-8.84424877166748,"Male"
"6018403",371836,2025-07-13 03:36:14,43.3576469421387,-8.84431743621826,"Male"
"6018403",371836,2025-07-13 03:41:16,43.3576278686523,-8.84422588348389,"Male"
"6018403",371836,2025-07-13 03:46:14,43.3576126098633,-8.84426498413086,"Male"
"6018403",371836,2025-07-13 03:51:16,43.3576850891113,-8.84430313110352,"Male"
"6018403",371836,2025-07-13 03:56:18,43.3576316833496,-8.84415912628174,"Male"
"6018403",371836,2025-07-13 04:01:35,43.3576316833496,-8.84414768218994,"Male"
"6018403",371836,2025-07-13 04:06:17,43.3576431274414,-8.84415245056152,"Male"
"6018403",371836,2025-07-13 04:11:15,43.3576583862305,-8.8441801071167,"Male"
"6018403",371836,2025-07-13 04:16:32,43.3576240539551,-8.8442268371582,"Male"
"6018403",371836,2025-07-13 04:21:14,43.3619918823242,-8.85274600982666,"Male"
"6018403",371836,2025-07-13 04:26:15,43.3650894165039,-8.85447216033936,"Male"
"6018403",371836,2025-07-13 04:31:15,43.360466003418,-8.8484992980957,"Male"
"6018403",371836,2025-07-13 04:36:16,43.3575401306152,-8.84408950805664,"Male"
"6018403",371836,2025-07-13 04:41:13,43.3576278686523,-8.84449863433838,"Male"
"6018403",371836,2025-07-13 04:46:14,43.3575019836426,-8.84572124481201,"Male"
"6018403",371836,2025-07-13 04:51:25,43.3654289245605,-8.80625915527344,"Male"
"6018403",371836,2025-07-13 04:56:13,43.3667259216309,-8.76359367370605,"Male"
"6018403",371836,2025-07-13 05:01:34,43.3649215698242,-8.71667385101318,"Male"
"6018403",371836,2025-07-13 05:06:13,43.3457908630371,-8.70587825775146,"Male"
"6018403",371836,2025-07-13 05:11:14,43.3433647155762,-8.73225879669189,"Male"
"6018403",371836,2025-07-13 05:16:13,43.3602104187012,-8.76679039001465,"Male"
"6018403",371836,2025-07-13 05:21:13,43.3908081054688,-8.79029655456543,"Male"
"6018403",371836,2025-07-13 05:26:14,43.4184913635254,-8.82075309753418,"Male"
"6018403",371836,2025-07-13 05:31:17,43.4389457702637,-8.85568618774414,"Male"
"6018403",371836,2025-07-13 05:36:26,43.4425239562988,-8.88364601135254,"Male"
"6018403",371836,2025-07-13 05:41:18,43.4361534118652,-8.90108776092529,"Male"
"6018403",371836,2025-07-13 05:46:25,43.4385299682617,-8.90614128112793,"Male"
"6018403",371836,2025-07-13 05:51:14,43.4390068054199,-8.90618896484375,"Male"
"6018403",371836,2025-07-13 05:56:25,43.4397010803223,-8.9073600769043,"Male"
"6018403",371836,2025-07-13 06:01:16,43.4248428344727,-8.90699005126953,"Male"
"6018403",371836,2025-07-13 06:06:26,43.4026031494141,-8.89170742034912,"Male"
"6018403",371836,2025-07-13 06:11:17,43.3891410827637,-8.86199855804443,"Male"
"6018403",371836,2025-07-13 06:16:27,43.3840484619141,-8.86111927032471,"Male"
"6018403",371836,2025-07-13 06:21:27,43.3704071044922,-8.85961055755615,"Male"
"6018403",371836,2025-07-13 06:26:35,43.3576240539551,-8.84414196014404,"Male"
"6018403",371836,2025-07-13 06:31:13,43.3576622009277,-8.84416007995605,"Male"
"6018403",371836,2025-07-13 06:36:14,43.3576583862305,-8.84407329559326,"Male"
"6018403",371836,2025-07-13 06:41:14,43.3582801818848,-8.84433841705322,"Male"
"6018403",371836,2025-07-13 06:46:17,43.3577919006348,-8.84487628936768,"Male"
"6018403",371836,2025-07-13 06:51:18,43.3577117919922,-8.84496974945068,"Male"
"6018403",371836,2025-07-13 06:56:14,43.3576850891113,-8.84471702575684,"Male"
"6018403",371836,2025-07-13 07:01:19,43.3577117919922,-8.84470748901367,"Male"
"6018403",371836,2025-07-13 07:06:16,43.3577117919922,-8.84452056884766,"Male"
"6018403",371836,2025-07-13 07:11:22,43.358283996582,-8.84465026855469,"Male"
"6018403",371836,2025-07-13 07:16:26,43.3576049804688,-8.84418487548828,"Male"
"6018403",371836,2025-07-13 07:21:26,43.3585891723633,-8.84544944763184,"Male"
"6018403",371836,2025-07-13 07:26:27,43.3700065612793,-8.87809658050537,"Male"
"6018403",371836,2025-07-13 07:31:44,43.401309967041,-8.91239070892334,"Male"
"6018403",371836,2025-07-13 07:36:17,43.4182739257812,-8.93037796020508,"Male"
"6018403",371836,2025-07-13 07:41:19,43.4190864562988,-8.93025875091553,"Male"
"6018403",371836,2025-07-13 07:46:43,43.4200172424316,-8.93083000183105,"Male"
"6018403",371836,2025-07-13 07:51:17,43.4205055236816,-8.93145561218262,"Male"
"6018403",371836,2025-07-13 07:56:15,43.4215126037598,-8.93282222747803,"Male"
"6018403",371836,2025-07-13 08:01:14,43.4221649169922,-8.93402862548828,"Male"
"6018403",371836,2025-07-13 08:06:18,43.4225234985352,-8.93635749816895,"Male"
"6018403",371836,2025-07-13 08:11:15,43.4209251403809,-8.9377498626709,"Male"
"6018403",371836,2025-07-13 08:16:14,43.4209518432617,-8.93837642669678,"Male"
"6018403",371836,2025-07-13 08:21:16,43.4296722412109,-8.95487499237061,"Male"
"6018403",371836,2025-07-13 08:26:15,43.4439315795898,-8.98297119140625,"Male"
"6018403",371836,2025-07-13 08:31:27,43.4607696533203,-9.01505756378174,"Male"
"6018403",371836,2025-07-13 08:37:37,43.4561958312988,-9.04943943023682,"Male"
"6018403",371836,2025-07-13 08:42:37,43.455810546875,-9.0765495300293,"Male"
"6018403",371836,2025-07-13 08:47:05,43.4608840942383,-9.0704402923584,"Male"
"6018403",371836,2025-07-13 08:51:14,43.4610557556152,-9.0699348449707,"Male"
"6018403",371836,2025-07-13 08:56:15,43.462028503418,-9.06678199768066,"Male"
"6018403",371836,2025-07-13 09:01:15,43.4678230285645,-9.05483150482178,"Male"
"6018403",371836,2025-07-13 09:06:14,43.4684257507324,-9.05185031890869,"Male"
"6018403",371836,2025-07-13 09:11:14,43.4719009399414,-9.04808902740479,"Male"
"6018403",371836,2025-07-13 09:16:14,43.4731216430664,-9.03968906402588,"Male"
"6018403",371836,2025-07-13 09:21:15,43.4701652526855,-9.06368923187256,"Male"
"6018403",371836,2025-07-13 09:26:14,43.4713706970215,-9.06468963623047,"Male"
"6018403",371836,2025-07-13 09:31:18,43.4768257141113,-9.02605438232422,"Male"
"6018403",371836,2025-07-13 09:36:17,43.4763946533203,-9.02432727813721,"Male"
"6018403",371836,2025-07-13 09:41:16,43.4808349609375,-9.01967620849609,"Male"
"6018403",371836,2025-07-13 09:46:17,43.4873313903809,-9.01537132263184,"Male"
"6018403",371836,2025-07-13 09:51:14,43.4934921264648,-9.01113510131836,"Male"
"6018403",371836,2025-07-13 09:56:16,43.4947319030762,-9.0094633102417,"Male"
"6018403",371836,2025-07-13 10:01:15,43.4968185424805,-9.00861358642578,"Male"
"6018403",371836,2025-07-13 10:06:13,43.5033988952637,-9.00500202178955,"Male"
"6018403",371836,2025-07-13 10:11:14,43.5077781677246,-9.00286865234375,"Male"
"6018403",371836,2025-07-13 10:16:22,43.5111923217773,-9.00138759613037,"Male"
"6018403",371836,2025-07-13 10:21:20,43.511531829834,-9.00053310394287,"Male"
"6018403",371836,2025-07-13 10:26:22,43.5148391723633,-8.99735736846924,"Male"
"6018403",371836,2025-07-13 10:31:19,43.5173263549805,-8.99363231658936,"Male"
"6018403",371836,2025-07-13 10:36:25,43.5209274291992,-8.99030590057373,"Male"
"6018403",371836,2025-07-13 10:41:26,43.5245590209961,-8.98462009429932,"Male"
"6018403",371836,2025-07-13 10:46:44,43.5260772705078,-8.98139095306396,"Male"
"6018403",371836,2025-07-13 10:51:16,43.5288467407227,-8.97831153869629,"Male"
"6018403",371836,2025-07-13 10:56:27,43.5339431762695,-8.97177219390869,"Male"
"6018403",371836,2025-07-13 11:01:18,43.537353515625,-8.96727466583252,"Male"
"6018403",371836,2025-07-13 11:06:25,43.5416870117188,-8.96432590484619,"Male"
"6018403",371836,2025-07-13 11:11:25,43.5476531982422,-8.96088123321533,"Male"
"6018403",371836,2025-07-13 11:16:25,43.5695724487305,-8.95487880706787,"Male"
"6018403",371836,2025-07-13 11:21:25,43.5698165893555,-8.91186332702637,"Male"
"6018403",371836,2025-07-13 11:26:25,43.5990943908691,-8.90864276885986,"Male"
"6018403",371836,2025-07-13 11:31:40,43.6246528625488,-8.89885997772217,"Male"
"6018403",371836,2025-07-13 11:36:45,43.6141166687012,-8.92543601989746,"Male"
"6018403",371836,2025-07-13 11:41:13,43.6064949035645,-8.95244407653809,"Male"
"6018403",371836,2025-07-13 11:46:15,43.589241027832,-8.96946716308594,"Male"
"6018403",371836,2025-07-13 11:51:16,43.5773239135742,-8.9946985244751,"Male"
"6018403",371836,2025-07-13 11:56:16,43.5702133178711,-8.9598331451416,"Male"
"6018403",371836,2025-07-13 12:01:20,43.5748291015625,-8.95336151123047,"Male"
"6018403",371836,2025-07-13 12:06:17,43.5786628723145,-8.95753192901611,"Male"
"6018403",371836,2025-07-13 12:11:17,43.5797462463379,-8.95795917510986,"Male"
"6018403",371836,2025-07-13 12:16:18,43.5807609558105,-8.95810604095459,"Male"
"6018403",371836,2025-07-13 12:21:16,43.5829887390137,-8.9910364151001,"Male"
"6018403",371836,2025-07-13 12:26:20,43.5754661560059,-9.00839900970459,"Male"
"6018403",371836,2025-07-13 12:31:35,43.5787887573242,-8.98673057556152,"Male"
"6018403",371836,2025-07-13 12:36:13,43.5938301086426,-8.96331310272217,"Male"
"6018403",371836,2025-07-13 12:41:13,43.5943183898926,-8.96298408508301,"Male"
"6018403",371836,2025-07-13 12:46:13,43.5990371704102,-8.9600248336792,"Male"
"6018403",371836,2025-07-13 12:51:13,43.593994140625,-8.96324443817139,"Male"
"6018403",371836,2025-07-13 12:56:13,43.5921287536621,-8.96377658843994,"Male"
"6018403",371836,2025-07-13 13:01:13,43.5871086120605,-8.99195766448975,"Male"
"6018403",371836,2025-07-13 13:06:13,43.5729484558105,-9.01152896881104,"Male"
"6018403",371836,2025-07-13 13:11:13,43.554027557373,-9.03550148010254,"Male"
"6018403",371836,2025-07-13 13:16:13,43.5406532287598,-9.05380916595459,"Male"
"6018403",371836,2025-07-13 13:21:14,43.5137214660645,-9.06113719940186,"Male"
"6018403",371836,2025-07-13 13:26:14,43.5053215026855,-9.02125358581543,"Male"
"6018403",371836,2025-07-13 13:31:13,43.5189819335938,-9.01576137542725,"Male"
"6018403",371836,2025-07-13 13:36:13,43.5024223327637,-8.98727416992188,"Male"
"6018403",371836,2025-07-13 13:41:14,43.473690032959,-8.94893455505371,"Male"
"6018403",371836,2025-07-13 13:46:14,43.4414482116699,-8.92254638671875,"Male"
"6018403",371836,2025-07-13 13:51:15,43.4100151062012,-8.89230155944824,"Male"
"6018403",371836,2025-07-13 13:56:25,43.3781051635742,-8.85706043243408,"Male"
"6018403",371836,2025-07-13 14:01:17,43.3576965332031,-8.84428596496582,"Male"
"6018403",371836,2025-07-13 14:06:22,43.3576850891113,-8.84418869018555,"Male"
"6018403",371836,2025-07-13 14:11:34,43.3576622009277,-8.84418678283691,"Male"
"6018403",371836,2025-07-13 14:16:13,43.3576469421387,-8.84422397613525,"Male"
"6018403",371836,2025-07-13 14:21:30,43.3576965332031,-8.84424304962158,"Male"
"6018403",371836,2025-07-13 14:26:17,43.3576622009277,-8.84416484832764,"Male"
"6018403",371836,2025-07-13 14:31:25,43.3576393127441,-8.84422969818115,"Male"
"6018403",371836,2025-07-13 14:36:14,43.3575897216797,-8.8443021774292,"Male"
"6018403",371836,2025-07-13 14:41:14,43.3577461242676,-8.84554290771484,"Male"
"6018403",371836,2025-07-13 14:46:25,43.3577079772949,-8.84487438201904,"Male"
"6018403",371836,2025-07-13 14:51:15,43.3578720092773,-8.84554481506348,"Male"
"6018403",371836,2025-07-13 14:56:20,43.3575286865234,-8.84407043457031,"Male"
"6018403",371836,2025-07-13 15:01:34,43.3576316833496,-8.844069480896,"Male"
"6018403",371836,2025-07-13 15:06:44,43.357608795166,-8.84413242340088,"Male"
"6018403",371836,2025-07-13 15:11:14,43.3577690124512,-8.84479236602783,"Male"
"6018403",371836,2025-07-13 15:16:14,43.3577079772949,-8.84467029571533,"Male"
"6018403",371836,2025-07-13 15:21:19,43.3576736450195,-8.84420585632324,"Male"
"6018403",371836,2025-07-13 15:26:22,43.3576011657715,-8.84451866149902,"Male"
"6018403",371836,2025-07-13 15:31:16,43.3575744628906,-8.84414863586426,"Male"
"6018403",371836,2025-07-13 15:36:16,43.3576431274414,-8.84411334991455,"Male"
"6018403",371836,2025-07-13 15:41:22,43.3576240539551,-8.84421253204346,"Male"
"6018403",371836,2025-07-13 15:46:15,43.3582038879395,-8.84485626220703,"Male"
"6018403",371836,2025-07-13 15:51:20,43.3578491210938,-8.84476280212402,"Male"
"6018403",371836,2025-07-13 15:56:15,43.3579444885254,-8.84452819824219,"Male"
"6018403",371836,2025-07-13 16:01:25,43.3578643798828,-8.84489822387695,"Male"
"6018403",371836,2025-07-13 16:06:15,43.358283996582,-8.84465789794922,"Male"
"6018403",371836,2025-07-13 16:11:26,43.3577003479004,-8.84417343139648,"Male"
"6018403",371836,2025-07-13 16:16:19,43.3574829101562,-8.84492778778076,"Male"
"6018403",371836,2025-07-13 16:21:27,43.3576583862305,-8.8440465927124,"Male"
"6018403",371836,2025-07-13 16:26:26,43.3578948974609,-8.84462070465088,"Male"
"6018403",371836,2025-07-13 16:31:25,43.3579292297363,-8.84479808807373,"Male"
"6018403",371836,2025-07-13 16:36:33,43.3578758239746,-8.84490585327148,"Male"
"6018403",371836,2025-07-13 16:41:16,43.3578491210938,-8.84501457214355,"Male"
"6018403",371836,2025-07-13 16:46:16,43.3576965332031,-8.8442268371582,"Male"
"6018403",371836,2025-07-13 16:51:15,43.3594703674316,-8.84667205810547,"Male"
"6018403",371836,2025-07-13 16:56:16,43.3598556518555,-8.84634971618652,"Male"
"6018403",371836,2025-07-13 17:01:14,43.3590278625488,-8.84567356109619,"Male"
"6018403",371836,2025-07-13 17:06:14,43.3576736450195,-8.8455171585083,"Male"
"6018403",371836,2025-07-13 17:11:16,43.3576240539551,-8.84421253204346,"Male"
"6018403",371836,2025-07-13 17:16:17,43.357666015625,-8.84414196014404,"Male"
"6018403",371836,2025-07-13 17:21:16,43.3575859069824,-8.84414100646973,"Male"
"6018403",371836,2025-07-13 17:26:17,43.3576202392578,-8.84409713745117,"Male"
"6018403",371836,2025-07-13 17:31:19,43.3576164245605,-8.84405708312988,"Male"
"6018403",371836,2025-07-13 17:36:16,43.357608795166,-8.84410572052002,"Male"
"6018403",371836,2025-07-13 17:41:17,43.3575859069824,-8.84415435791016,"Male"
"6018403",371836,2025-07-13 17:46:15,43.3576240539551,-8.84423446655273,"Male"
"6018403",371836,2025-07-13 17:51:15,43.3576049804688,-8.84423160552979,"Male"
"6018403",371836,2025-07-13 17:56:18,43.3576011657715,-8.84417247772217,"Male"
"6018403",371836,2025-07-13 18:01:18,43.3575172424316,-8.84411716461182,"Male"
"6018403",371836,2025-07-13 18:06:17,43.3576278686523,-8.84416770935059,"Male"
"6018403",371836,2025-07-13 18:11:18,43.3575401306152,-8.8442325592041,"Male"
"6018403",371836,2025-07-13 18:16:15,43.3575096130371,-8.84424114227295,"Male"
"6018403",371836,2025-07-13 18:21:15,43.3576049804688,-8.84421253204346,"Male"
"6018403",371836,2025-07-13 18:26:14,43.3584480285645,-8.8455114364624,"Male"
"6018403",371836,2025-07-13 18:31:29,43.3576889038086,-8.8442497253418,"Male"
"6018403",371836,2025-07-13 18:36:14,43.3575439453125,-8.84417629241943,"Male"
"6018403",371836,2025-07-13 18:41:16,43.3576431274414,-8.84427165985107,"Male"
"6018403",371836,2025-07-13 18:46:15,43.3577270507812,-8.84435081481934,"Male"
"6018403",371836,2025-07-13 18:51:14,43.3581123352051,-8.84571743011475,"Male"
"6018403",371836,2025-07-13 18:56:22,43.3575859069824,-8.84402370452881,"Male"
"6018403",371836,2025-07-13 19:01:24,43.3576126098633,-8.84416675567627,"Male"
"6018403",371836,2025-07-13 19:06:25,43.357608795166,-8.844069480896,"Male"
"6018403",371836,2025-07-13 19:11:35,43.3576354980469,-8.84412670135498,"Male"
"6018403",371836,2025-07-13 19:16:15,43.3576126098633,-8.84414196014404,"Male"
"6018403",371836,2025-07-13 19:21:25,43.3574562072754,-8.84414482116699,"Male"
"6018403",371836,2025-07-13 19:26:14,43.3576202392578,-8.8441686630249,"Male"
"6018403",371836,2025-07-13 19:31:14,43.3576354980469,-8.84416961669922,"Male"
"6018403",371836,2025-07-13 19:36:14,43.3576278686523,-8.84405708312988,"Male"
"6018403",371836,2025-07-13 19:41:15,43.3577194213867,-8.84412860870361,"Male"
"6018403",371836,2025-07-13 19:46:16,43.3576812744141,-8.84415435791016,"Male"
"6018403",371836,2025-07-13 19:51:15,43.3576812744141,-8.84421157836914,"Male"
"6018403",371836,2025-07-13 19:56:17,43.3576812744141,-8.84423446655273,"Male"
"6018403",371836,2025-07-13 20:01:17,43.3576431274414,-8.84419441223145,"Male"
"6018403",371836,2025-07-13 20:06:16,43.3577651977539,-8.84423828125,"Male"
"6018403",371836,2025-07-13 20:11:17,43.3577461242676,-8.84478378295898,"Male"
"6018403",371836,2025-07-13 20:16:19,43.3576889038086,-8.84479999542236,"Male"
"6018403",371836,2025-07-13 20:21:22,43.3577651977539,-8.84478664398193,"Male"
"6018403",371836,2025-07-13 20:26:35,43.3575553894043,-8.84411907196045,"Male"
"6018403",371836,2025-07-13 20:31:16,43.357593536377,-8.84402275085449,"Male"
"6018403",371836,2025-07-13 20:36:19,43.3576622009277,-8.84419727325439,"Male"
"6018403",371836,2025-07-13 20:41:20,43.3576049804688,-8.84401321411133,"Male"
"6018403",371836,2025-07-13 20:46:26,43.3575439453125,-8.84404754638672,"Male"
"6018403",371836,2025-07-13 20:51:14,43.3574562072754,-8.84386348724365,"Male"
"6018403",371836,2025-07-13 20:56:23,43.3575630187988,-8.84403705596924,"Male"
"6018403",371836,2025-07-13 21:01:23,43.3575553894043,-8.84411144256592,"Male"
"6018403",371836,2025-07-13 21:06:14,43.3575286865234,-8.84406280517578,"Male"
"6018403",371836,2025-07-13 21:11:16,43.3575477600098,-8.8439826965332,"Male"
"6018403",371836,2025-07-13 21:16:35,43.3576469421387,-8.84409236907959,"Male"
"6018403",371836,2025-07-13 21:21:14,43.3575859069824,-8.84410095214844,"Male"
"6018403",371836,2025-07-13 21:26:14,43.3575172424316,-8.84408569335938,"Male"
"6018403",371836,2025-07-13 21:31:14,43.3574981689453,-8.8441047668457,"Male"
"6018403",371836,2025-07-13 21:36:14,43.3575706481934,-8.84414672851562,"Male"
"6018403",371836,2025-07-13 21:41:14,43.3575706481934,-8.84406661987305,"Male"
"6018403",371836,2025-07-13 21:46:14,43.3576240539551,-8.84414291381836,"Male"
"6018403",371836,2025-07-13 21:51:14,43.3576316833496,-8.84409046173096,"Male"
"6018403",371836,2025-07-13 21:56:14,43.3576011657715,-8.84406566619873,"Male"
"6018403",371836,2025-07-13 22:01:14,43.3576507568359,-8.844162940979,"Male"
"6018403",371836,2025-07-13 22:06:14,43.3576431274414,-8.84415149688721,"Male"
"6018403",371836,2025-07-13 22:11:14,43.3576354980469,-8.84414768218994,"Male"
"6018403",371836,2025-07-13 22:16:14,43.3576278686523,-8.8440990447998,"Male"
"6018403",371836,2025-07-13 22:21:14,43.3575782775879,-8.84409713745117,"Male"
"6018403",371836,2025-07-13 22:26:15,43.3576469421387,-8.84416389465332,"Male"
"6018403",371836,2025-07-13 22:31:15,43.3576927185059,-8.84420871734619,"Male"
"6018403",371836,2025-07-13 22:36:14,43.3576736450195,-8.84416389465332,"Male"
"6018403",371836,2025-07-13 22:41:15,43.3577041625977,-8.8442325592041,"Male"
"6018403",371836,2025-07-13 22:46:18,43.3577270507812,-8.84425926208496,"Male"
"6018403",371836,2025-07-13 22:51:15,43.3577308654785,-8.8442268371582,"Male"
"6018403",371836,2025-07-13 22:56:17,43.357795715332,-8.84430885314941,"Male"
"6018403",371836,2025-07-13 23:01:14,43.3578834533691,-8.84443092346191,"Male"
"6018403",371836,2025-07-13 23:06:15,43.3576774597168,-8.84426784515381,"Male"
"6018403",371836,2025-07-13 23:11:15,43.3577308654785,-8.84433269500732,"Male"
"6018403",371836,2025-07-13 23:16:15,43.3576736450195,-8.84425067901611,"Male"
"6018403",371836,2025-07-13 23:21:18,43.3578262329102,-8.84414386749268,"Male"
"6018403",371836,2025-07-13 23:26:18,43.3577003479004,-8.84389495849609,"Male"
"6018403",371836,2025-07-13 23:31:26,43.3576927185059,-8.84406185150146,"Male"
"6018403",371836,2025-07-13 23:36:18,43.3577537536621,-8.84404182434082,"Male"
"6018403",371836,2025-07-13 23:41:25,43.3576049804688,-8.84421539306641,"Male"
"6018403",371836,2025-07-13 23:46:23,43.3576927185059,-8.8441686630249,"Male"
"6018403",371836,2025-07-13 23:51:42,43.357738494873,-8.84407711029053,"Male"
"6018403",371836,2025-07-13 23:56:14,43.3576736450195,-8.84402656555176,"Male"
"6018403",371836,2025-07-14 00:01:15,43.3577194213867,-8.84411525726318,"Male"
"6018403",371836,2025-07-14 00:06:14,43.3575439453125,-8.84426593780518,"Male"
"6018403",371836,2025-07-14 00:11:16,43.3576812744141,-8.84427165985107,"Male"
"6018403",371836,2025-07-14 00:16:15,43.3577423095703,-8.84402751922607,"Male"
"6018403",371836,2025-07-14 00:21:15,43.357723236084,-8.8442440032959,"Male"
"6018403",371836,2025-07-14 00:26:18,43.3576927185059,-8.84419727325439,"Male"
"6018403",371836,2025-07-14 00:31:17,43.3577842712402,-8.84412384033203,"Male"
"6018403",371836,2025-07-14 00:36:27,43.3577499389648,-8.84409809112549,"Male"
"6018403",371836,2025-07-14 00:41:24,43.3578262329102,-8.84430503845215,"Male"
"6018403",371836,2025-07-14 00:46:35,43.3576202392578,-8.84410285949707,"Male"
"6018403",371836,2025-07-14 00:51:14,43.3575897216797,-8.84416770935059,"Male"
"6018403",371836,2025-07-14 00:56:16,43.3575668334961,-8.84403991699219,"Male"
"6018403",371836,2025-07-14 01:01:15,43.357551574707,-8.84413623809814,"Male"
"6018403",371836,2025-07-14 01:06:14,43.3580551147461,-8.84485244750977,"Male"
"6018403",371836,2025-07-14 01:11:14,43.3576545715332,-8.84421730041504,"Male"
"6018403",371836,2025-07-14 01:16:14,43.3577117919922,-8.84422206878662,"Male"
"6018403",371836,2025-07-14 01:21:15,43.3577499389648,-8.84422397613525,"Male"
"6018403",371836,2025-07-14 01:26:15,43.3577194213867,-8.84411716461182,"Male"
"6018403",371836,2025-07-14 01:31:16,43.3577003479004,-8.84410858154297,"Male"
"6018403",371836,2025-07-14 01:36:14,43.3577461242676,-8.84420967102051,"Male"
"6018403",371836,2025-07-14 01:41:14,43.3576393127441,-8.84406185150146,"Male"
"6018403",371836,2025-07-14 01:46:14,43.3577461242676,-8.84411811828613,"Male"
"6018403",371836,2025-07-14 01:51:14,43.3576698303223,-8.844069480896,"Male"
"6018403",371836,2025-07-14 01:56:15,43.3577499389648,-8.84412097930908,"Male"
"6018403",371836,2025-07-14 02:01:35,43.3576698303223,-8.84414482116699,"Male"
"6018403",371836,2025-07-14 02:06:14,43.3576431274414,-8.84416103363037,"Male"
"6018403",371836,2025-07-14 02:11:14,43.3576507568359,-8.84411239624023,"Male"
"6018403",371836,2025-07-14 02:16:14,43.3576698303223,-8.84416198730469,"Male"
"6018403",371836,2025-07-14 02:21:14,43.3576316833496,-8.84415340423584,"Male"
"6018403",371836,2025-07-14 02:26:14,43.3576354980469,-8.84410190582275,"Male"
"6018403",371836,2025-07-14 02:31:14,43.3575973510742,-8.84414005279541,"Male"
"6018403",371836,2025-07-14 02:36:14,43.3576469421387,-8.84414577484131,"Male"
"6018403",371836,2025-07-14 02:41:14,43.3576622009277,-8.84413909912109,"Male"
"6018403",371836,2025-07-14 02:46:14,43.357666015625,-8.844162940979,"Male"
"6018403",371836,2025-07-14 02:51:14,43.3576431274414,-8.84414577484131,"Male"
"6018403",371836,2025-07-14 02:56:18,43.3576202392578,-8.84419536590576,"Male"
"6018403",371836,2025-07-14 03:01:15,43.357608795166,-8.8441915512085,"Male"
"6018403",371836,2025-07-14 03:06:15,43.3576354980469,-8.84419918060303,"Male"
"6018403",371836,2025-07-14 03:11:16,43.3575706481934,-8.84418773651123,"Male"
"6018403",371836,2025-07-14 03:16:19,43.3574981689453,-8.84400177001953,"Male"
"6018403",371836,2025-07-14 03:21:15,43.357608795166,-8.84412860870361,"Male"
"6018403",371836,2025-07-14 03:26:16,43.3575477600098,-8.84405708312988,"Male"
"6018403",371836,2025-07-14 03:31:18,43.3575782775879,-8.8441333770752,"Male"
"6018403",371836,2025-07-14 03:36:14,43.3576049804688,-8.84422969818115,"Male"
"6018403",371836,2025-07-14 03:41:14,43.3576126098633,-8.84417533874512,"Male"
"6018403",371836,2025-07-14 03:46:14,43.3576164245605,-8.84416580200195,"Male"
"6018403",371836,2025-07-14 03:51:14,43.3576126098633,-8.84413528442383,"Male"
"6018403",371836,2025-07-14 03:56:29,43.3577003479004,-8.84435939788818,"Male"
"6018403",371836,2025-07-14 04:01:19,43.3576736450195,-8.84416961669922,"Male"
"6018403",371836,2025-07-14 04:06:16,43.357723236084,-8.84447383880615,"Male"
"6018403",371836,2025-07-14 04:11:33,43.3576049804688,-8.84414005279541,"Male"
"6018403",371836,2025-07-14 04:16:44,43.3575325012207,-8.84411334991455,"Male"
"6018403",371836,2025-07-14 04:21:26,43.3575401306152,-8.84401988983154,"Male"
"6018403",371836,2025-07-14 04:26:15,43.3575744628906,-8.84406852722168,"Male"
"6018403",371836,2025-07-14 04:31:23,43.3574371337891,-8.84376049041748,"Male"
"6018403",371836,2025-07-14 04:36:15,43.3618392944336,-8.84824085235596,"Male"
"6018403",371836,2025-07-14 04:41:15,43.367244720459,-8.85045623779297,"Male"
"6018403",371836,2025-07-14 04:47:14,43.357593536377,-8.84400749206543,"Male"
"6018403",371836,2025-07-14 04:51:18,43.3574867248535,-8.84384250640869,"Male"
"6018403",371836,2025-07-14 04:56:22,43.3577728271484,-8.84423446655273,"Male"
"6018403",371836,2025-07-14 05:01:35,43.3576126098633,-8.8441333770752,"Male"
"6018403",371836,2025-07-14 05:06:15,43.3576927185059,-8.84406661987305,"Male"
"6018403",371836,2025-07-14 05:11:17,43.3576545715332,-8.84413909912109,"Male"
"6018403",371836,2025-07-14 05:16:17,43.3576431274414,-8.84404563903809,"Male"
"6018403",371836,2025-07-14 05:21:16,43.3576698303223,-8.84409618377686,"Male"
"6018403",371836,2025-07-14 05:26:16,43.357608795166,-8.84405040740967,"Male"
"6018403",371836,2025-07-14 05:31:14,43.3576316833496,-8.84412479400635,"Male"
"6018403",371836,2025-07-14 05:36:17,43.3579292297363,-8.84476661682129,"Male"
"6018403",371836,2025-07-14 05:41:15,43.3577995300293,-8.84479522705078,"Male"
"6018403",371836,2025-07-14 05:46:15,43.3576202392578,-8.84407901763916,"Male"
"6018403",371836,2025-07-14 05:51:17,43.3576622009277,-8.84410953521729,"Male"
"6018403",371836,2025-07-14 05:56:14,43.357723236084,-8.84400749206543,"Male"
"6018403",371836,2025-07-14 06:01:14,43.3579330444336,-8.84427261352539,"Male"
"6018403",371836,2025-07-14 06:06:14,43.3575630187988,-8.84401416778564,"Male"
"6018403",371836,2025-07-14 06:11:14,43.3579025268555,-8.84437847137451,"Male"
"6018403",371836,2025-07-14 06:16:16,43.3576431274414,-8.84407520294189,"Male"
"6018403",371836,2025-07-14 06:21:20,43.3584480285645,-8.84603404998779,"Male"
"6018403",371836,2025-07-14 06:26:22,43.3576316833496,-8.84422492980957,"Male"
"6018403",371836,2025-07-14 06:31:35,43.3575630187988,-8.84401893615723,"Male"
"6018403",371836,2025-07-14 06:36:15,43.357593536377,-8.84406757354736,"Male"
"6018403",371836,2025-07-14 06:41:16,43.3576354980469,-8.84402179718018,"Male"
"6018403",371836,2025-07-14 06:46:17,43.3575553894043,-8.84405136108398,"Male"
"6018403",371836,2025-07-14 06:51:17,43.3575553894043,-8.84412574768066,"Male"
"6018403",371836,2025-07-14 06:56:16,43.3575706481934,-8.84402561187744,"Male"
"6018403",371836,2025-07-14 07:01:16,43.3575897216797,-8.84400272369385,"Male"
"6018403",371836,2025-07-14 07:06:14,43.3576202392578,-8.84409332275391,"Male"
"6018403",371836,2025-07-14 07:11:15,43.3575820922852,-8.84410667419434,"Male"
"6018403",371836,2025-07-14 07:16:15,43.3576316833496,-8.84422302246094,"Male"
"6018403",371836,2025-07-14 07:21:15,43.3577499389648,-8.84470748901367,"Male"
"6018403",371836,2025-07-14 07:26:16,43.3576278686523,-8.84396171569824,"Male"
"6018403",371836,2025-07-14 07:31:17,43.3576126098633,-8.84421253204346,"Male"
"6018403",371836,2025-07-14 07:36:22,43.3575553894043,-8.84415435791016,"Male"
"6018403",371836,2025-07-14 07:41:52,43.357738494873,-8.84531879425049,"Male"
"6018403",371836,2025-07-14 07:46:15,43.3547630310059,-8.84884262084961,"Male"
"6018403",371836,2025-07-14 07:51:15,43.3575172424316,-8.84390068054199,"Male"
"6018403",371836,2025-07-14 07:56:22,43.3573875427246,-8.84407138824463,"Male"
"6018403",371836,2025-07-14 08:01:17,43.35791015625,-8.84401893615723,"Male"
"6018403",371836,2025-07-14 08:06:18,43.3576469421387,-8.84402751922607,"Male"
"6018403",371836,2025-07-14 08:11:17,43.3575897216797,-8.84408664703369,"Male"
"6018403",371836,2025-07-14 08:16:35,43.3575630187988,-8.84409999847412,"Male"
"6018403",371836,2025-07-14 08:21:28,43.3574867248535,-8.84415626525879,"Male"
"6018403",371836,2025-07-14 08:26:18,43.35791015625,-8.84482097625732,"Male"
"6018403",371836,2025-07-14 08:31:15,43.3580207824707,-8.84452056884766,"Male"
"6018403",371836,2025-07-14 08:36:15,43.3578414916992,-8.84483528137207,"Male"
"6018403",371836,2025-07-14 08:41:17,43.357723236084,-8.84468078613281,"Male"
"6018403",371836,2025-07-14 08:46:17,43.3576316833496,-8.84432506561279,"Male"
"6018403",371836,2025-07-14 08:51:18,43.3577461242676,-8.84409999847412,"Male"
"6018403",371836,2025-07-14 08:56:15,43.3576240539551,-8.84396457672119,"Male"
"6018403",371836,2025-07-14 09:01:15,43.3577117919922,-8.8439769744873,"Male"
"6018403",371836,2025-07-14 09:06:22,43.3578262329102,-8.84402656555176,"Male"
"6018403",371836,2025-07-14 09:11:15,43.3576164245605,-8.84425163269043,"Male"
"6018403",371836,2025-07-14 09:16:16,43.3576812744141,-8.84442329406738,"Male"
"6018403",371836,2025-07-14 09:21:15,43.3576583862305,-8.844407081604,"Male"
"6018403",371836,2025-07-14 09:26:14,43.3593635559082,-8.84580707550049,"Male"
"6018403",371836,2025-07-14 09:31:14,43.3806838989258,-8.86905384063721,"Male"
"6018403",371836,2025-07-14 09:36:14,43.3931541442871,-8.9047679901123,"Male"
"6018403",371836,2025-07-14 09:41:14,43.4064788818359,-8.93471240997314,"Male"
"6018403",371836,2025-07-14 09:46:14,43.4257011413574,-8.96561431884766,"Male"
"6018403",371836,2025-07-14 09:51:15,43.4448165893555,-8.97388744354248,"Male"
"6018403",371836,2025-07-14 09:56:14,43.4528465270996,-8.98977375030518,"Male"
"6018403",371836,2025-07-14 10:01:15,43.475269317627,-9.01461124420166,"Male"
"6018403",371836,2025-07-14 10:06:15,43.4894905090332,-9.04166698455811,"Male"
"6018403",371836,2025-07-14 10:11:14,43.4921722412109,-9.07128810882568,"Male"
"6018403",371836,2025-07-14 10:16:19,43.4800186157227,-9.06057453155518,"Male"
"6018403",371836,2025-07-14 10:21:15,43.4756355285645,-9.08944702148438,"Male"
"6018403",371836,2025-07-14 10:26:16,43.4805488586426,-9.12539100646973,"Male"
"6018403",371836,2025-07-14 10:31:16,43.4841651916504,-9.16107940673828,"Male"
"6018403",371836,2025-07-14 10:36:15,43.4818725585938,-9.19711303710938,"Male"
"6018403",371836,2025-07-14 10:41:18,43.4779624938965,-9.20422077178955,"Male"
"6018403",371836,2025-07-14 10:46:16,43.4750595092773,-9.20931243896484,"Male"
"6018403",371836,2025-07-14 10:51:16,43.4745330810547,-9.21476745605469,"Male"
"6018403",371836,2025-07-14 10:56:19,43.4715843200684,-9.22182273864746,"Male"
"6018403",371836,2025-07-14 11:01:18,43.4586029052734,-9.2492733001709,"Male"
"6018403",371836,2025-07-14 11:06:25,43.4520683288574,-9.28330421447754,"Male"
"6018403",371836,2025-07-14 11:11:16,43.4487457275391,-9.31630229949951,"Male"
"6018403",371836,2025-07-14 11:16:29,43.4354019165039,-9.33611488342285,"Male"
"6018403",371836,2025-07-14 11:21:59,43.4354972839355,-9.33794116973877,"Male"
"6018403",371836,2025-07-14 11:26:22,43.4332885742188,-9.33858871459961,"Male"
"6018403",371836,2025-07-14 11:32:23,43.431396484375,-9.33931922912598,"Male"
"6018403",371836,2025-07-14 11:36:15,43.4313850402832,-9.34038734436035,"Male"
"6018403",371836,2025-07-14 11:41:20,43.430793762207,-9.34125518798828,"Male"
"6018403",371836,2025-07-14 11:46:59,43.4272270202637,-9.29140377044678,"Male"
"6018403",371836,2025-07-14 11:51:14,43.4220848083496,-9.25147438049316,"Male"
"6018403",371836,2025-07-14 11:56:14,43.4139137268066,-9.20191192626953,"Male"
"6018403",371836,2025-07-14 12:01:15,43.4018745422363,-9.15408134460449,"Male"
"6018403",371836,2025-07-14 12:06:15,43.389720916748,-9.11335754394531,"Male"
"6018403",371836,2025-07-14 12:11:15,43.3775863647461,-9.06497097015381,"Male"
"6018403",371836,2025-07-14 12:16:15,43.3688125610352,-9.01233386993408,"Male"
"6018403",371836,2025-07-14 12:21:15,43.360164642334,-8.96189785003662,"Male"
"6018403",371836,2025-07-14 12:26:15,43.3436012268066,-8.91935729980469,"Male"
"6018403",371836,2025-07-14 12:31:15,43.3257598876953,-8.8758659362793,"Male"
"6018403",371836,2025-07-14 12:36:35,43.3143768310547,-8.85669040679932,"Male"
"6018403",371836,2025-07-14 12:41:25,43.3144035339355,-8.85674285888672,"Male"
"6018403",371836,2025-07-14 12:46:14,43.3167343139648,-8.85850143432617,"Male"
"6018403",371836,2025-07-14 12:51:24,43.3168296813965,-8.85850715637207,"Male"
"6018403",371836,2025-07-14 12:56:19,43.3168830871582,-8.85855674743652,"Male"
"6018403",371836,2025-07-14 13:01:44,43.3191680908203,-8.85612297058105,"Male"
"6018403",371836,2025-07-14 13:06:19,43.327823638916,-8.84994792938232,"Male"
"6018403",371836,2025-07-14 13:11:34,43.3278312683105,-8.85004425048828,"Male"
"6018403",371836,2025-07-14 13:16:18,43.3276786804199,-8.84964084625244,"Male"
"6018403",371836,2025-07-14 13:21:19,43.3277130126953,-8.84984588623047,"Male"
"6018403",371836,2025-07-14 13:26:17,43.327709197998,-8.84971904754639,"Male"
"6018403",371836,2025-07-14 13:31:17,43.327751159668,-8.84991264343262,"Male"
"6018403",371836,2025-07-14 13:36:19,43.3285331726074,-8.8489933013916,"Male"
"6018403",371836,2025-07-14 13:41:18,43.3278160095215,-8.849853515625,"Male"
"6018403",371836,2025-07-14 13:46:35,43.3277206420898,-8.8498649597168,"Male"
"6018403",371836,2025-07-14 13:51:15,43.3276748657227,-8.84999179840088,"Male"
"6018403",371836,2025-07-14 13:56:15,43.3276863098145,-8.84995079040527,"Male"
"6018403",371836,2025-07-14 14:01:15,43.3276863098145,-8.85001754760742,"Male"
"6018403",371836,2025-07-14 14:06:15,43.327693939209,-8.85000038146973,"Male"
"6018403",371836,2025-07-14 14:11:18,43.3277359008789,-8.84990310668945,"Male"
"6018403",371836,2025-07-14 14:16:18,43.3277587890625,-8.84984493255615,"Male"
"6018403",371836,2025-07-14 14:21:17,43.3277702331543,-8.84985733032227,"Male"
"6018403",371836,2025-07-14 14:26:17,43.3277015686035,-8.84990310668945,"Male"
"6018403",371836,2025-07-14 14:31:17,43.3277587890625,-8.84988212585449,"Male"
"6018403",371836,2025-07-14 14:36:16,43.3277702331543,-8.84982204437256,"Male"
"6018403",371836,2025-07-14 14:41:17,43.3277282714844,-8.84994125366211,"Male"
"6018403",371836,2025-07-14 14:46:17,43.3276634216309,-8.8499002456665,"Male"
"6018403",371836,2025-07-14 14:51:15,43.3143539428711,-8.85642910003662,"Male"
"6018403",371836,2025-07-14 14:56:18,43.3323707580566,-8.84671688079834,"Male"
"6018403",371836,2025-07-14 15:01:44,43.3388595581055,-8.84500122070312,"Male"
"6018403",371836,2025-07-14 15:06:24,43.3389129638672,-8.84500789642334,"Male"
"6018403",371836,2025-07-14 15:11:24,43.3389282226562,-8.84500408172607,"Male"
"6018403",371836,2025-07-14 15:16:34,43.3388862609863,-8.84495067596436,"Male"
"6018403",371836,2025-07-14 15:21:24,43.3389015197754,-8.84500312805176,"Male"
"6018403",371836,2025-07-14 15:26:18,43.3420944213867,-8.84269618988037,"Male"
"6018403",371836,2025-07-14 15:31:24,43.3574676513672,-8.84432983398438,"Male"
"6018403",371836,2025-07-14 15:36:24,43.3574600219727,-8.84432697296143,"Male"
"6018403",371836,2025-07-14 15:41:24,43.3573875427246,-8.84428310394287,"Male"
"6018403",371836,2025-07-14 15:46:35,43.3575553894043,-8.84435081481934,"Male"
"6018403",371836,2025-07-14 15:51:24,43.3576583862305,-8.84415626525879,"Male"
"6018403",371836,2025-07-14 15:56:25,43.3576469421387,-8.84416580200195,"Male"
"6018403",371836,2025-07-14 16:01:44,43.3576164245605,-8.84420585632324,"Male"
"6018403",371836,2025-07-14 16:07:05,43.3576507568359,-8.84419918060303,"Male"
"6018403",371836,2025-07-14 16:11:53,43.3576850891113,-8.84482192993164,"Male"
"6018403",371836,2025-07-14 16:16:16,43.3576812744141,-8.84428119659424,"Male"
"6018403",371836,2025-07-14 16:21:16,43.3576965332031,-8.84427070617676,"Male"
"6018403",371836,2025-07-14 16:26:19,43.3577995300293,-8.84451007843018,"Male"
"6018403",371836,2025-07-14 16:31:14,43.3576545715332,-8.8441333770752,"Male"
"6018403",371836,2025-07-14 16:36:17,43.3577156066895,-8.84427833557129,"Male"
"6018403",371836,2025-07-14 16:41:17,43.3576393127441,-8.84419250488281,"Male"
"6018403",371836,2025-07-14 16:46:17,43.3577995300293,-8.84452724456787,"Male"
"6018403",371836,2025-07-14 16:51:15,43.3577880859375,-8.84442615509033,"Male"
"6018403",371836,2025-07-14 16:56:15,43.3579750061035,-8.84491443634033,"Male"
"6018403",371836,2025-07-14 17:01:16,43.3577690124512,-8.84433174133301,"Male"
"6018403",371836,2025-07-14 17:06:15,43.3577423095703,-8.84433269500732,"Male"
"6018403",371836,2025-07-14 17:11:15,43.3577575683594,-8.84438705444336,"Male"
"6018403",371836,2025-07-14 17:16:15,43.3575859069824,-8.84439563751221,"Male"
"6018403",371836,2025-07-14 17:21:14,43.3576393127441,-8.84439659118652,"Male"
"6018403",371836,2025-07-14 17:26:15,43.3681716918945,-8.82425403594971,"Male"
"6018403",371836,2025-07-14 17:31:16,43.3576126098633,-8.84431743621826,"Male"
"6018403",371836,2025-07-14 17:36:18,43.3576278686523,-8.84455490112305,"Male"
"6018403",371836,2025-07-14 17:41:17,43.3576736450195,-8.84432792663574,"Male"
"6018403",371836,2025-07-14 17:46:15,43.3576774597168,-8.84426784515381,"Male"
"6018403",371836,2025-07-14 17:51:23,43.357780456543,-8.84419918060303,"Male"
"6018403",371836,2025-07-14 17:56:21,43.357852935791,-8.84414005279541,"Male"
"6018403",371836,2025-07-14 18:01:24,43.3578567504883,-8.84419345855713,"Male"
"6018403",371836,2025-07-14 18:06:24,43.3577842712402,-8.84423065185547,"Male"
"6018403",371836,2025-07-14 18:11:24,43.3580284118652,-8.8449592590332,"Male"
"6018403",371836,2025-07-14 18:16:24,43.3577995300293,-8.84420585632324,"Male"
"6018403",371836,2025-07-14 18:21:24,43.3580741882324,-8.84441089630127,"Male"
"6018403",371836,2025-07-14 18:26:24,43.3577766418457,-8.8441743850708,"Male"
"6018403",371836,2025-07-14 18:31:24,43.357738494873,-8.84417247772217,"Male"
"6018403",371836,2025-07-14 18:36:35,43.3576545715332,-8.84410953521729,"Male"
"6018403",371836,2025-07-14 18:41:16,43.3574829101562,-8.84418964385986,"Male"
"6018403",371836,2025-07-14 18:46:18,43.3576164245605,-8.84425354003906,"Male"
"6018403",371836,2025-07-14 18:51:18,43.3576431274414,-8.84411144256592,"Male"
"6018403",371836,2025-07-14 18:56:15,43.3575897216797,-8.84409236907959,"Male"
"6018403",371836,2025-07-14 19:01:16,43.3573036193848,-8.84437084197998,"Male"
"6018403",371836,2025-07-14 19:06:22,43.3576011657715,-8.84408283233643,"Male"
"6018403",371836,2025-07-14 19:11:17,43.3575172424316,-8.84410381317139,"Male"
"6018403",371836,2025-07-14 19:16:15,43.3576354980469,-8.84415817260742,"Male"
"6018403",371836,2025-07-14 19:21:35,43.3576049804688,-8.84417819976807,"Male"
"6018403",371836,2025-07-14 19:26:14,43.3576278686523,-8.84423732757568,"Male"
"6018403",371836,2025-07-14 19:31:19,43.3575553894043,-8.84422874450684,"Male"
"6018403",371836,2025-07-14 19:36:23,43.3575401306152,-8.84412384033203,"Male"
"6018403",371836,2025-07-14 19:41:15,43.357666015625,-8.84402370452881,"Male"
"6018403",371836,2025-07-14 19:46:18,43.3579788208008,-8.84476184844971,"Male"
"6018403",371836,2025-07-14 19:51:16,43.3580436706543,-8.84501457214355,"Male"
"6018403",371836,2025-07-14 19:56:19,43.3580513000488,-8.84533977508545,"Male"
"6018403",371836,2025-07-14 20:01:18,43.3577003479004,-8.84423542022705,"Male"
"6018403",371836,2025-07-14 20:06:17,43.357723236084,-8.84416770935059,"Male"
"6018403",371836,2025-07-14 20:11:53,43.3576316833496,-8.84413051605225,"Male"
"6018403",371836,2025-07-14 20:16:15,43.3576545715332,-8.84413814544678,"Male"
"6018403",371836,2025-07-14 20:21:22,43.3576164245605,-8.84403896331787,"Male"
"6018403",371836,2025-07-14 20:26:17,43.357666015625,-8.84415149688721,"Male"
"6018403",371836,2025-07-14 20:31:15,43.3576164245605,-8.84400272369385,"Male"
"6018403",371836,2025-07-14 20:36:33,43.3576393127441,-8.84411144256592,"Male"
"6018403",371836,2025-07-14 20:41:15,43.3575859069824,-8.84408760070801,"Male"
"6018403",371836,2025-07-14 20:46:14,43.3576202392578,-8.84407711029053,"Male"
"6018403",371836,2025-07-14 20:51:15,43.3576240539551,-8.84409046173096,"Male"
"6018403",371836,2025-07-14 20:56:14,43.3577117919922,-8.84405899047852,"Male"
"6018403",371836,2025-07-14 21:01:14,43.3576202392578,-8.84417915344238,"Male"
"6018403",371836,2025-07-14 21:06:14,43.3574028015137,-8.84401321411133,"Male"
"6018403",371836,2025-07-14 21:11:14,43.3575630187988,-8.84407520294189,"Male"
"6018403",371836,2025-07-14 21:16:16,43.3576812744141,-8.84407138824463,"Male"
"6018403",371836,2025-07-14 21:21:17,43.3576316833496,-8.84412097930908,"Male"
"6018403",371836,2025-07-14 21:26:16,43.3575897216797,-8.84400749206543,"Male"
"6018403",371836,2025-07-14 21:31:19,43.3576431274414,-8.84409141540527,"Male"
"6018403",371836,2025-07-14 21:36:16,43.3575248718262,-8.84418773651123,"Male"
"6018403",371836,2025-07-14 21:41:15,43.3574867248535,-8.84408283233643,"Male"
"6018403",371836,2025-07-14 21:46:19,43.3574676513672,-8.84406661987305,"Male"
"6018403",371836,2025-07-14 21:51:17,43.3574562072754,-8.84406566619873,"Male"
"6018403",371836,2025-07-14 21:56:17,43.3575019836426,-8.84409236907959,"Male"
"6018403",371836,2025-07-14 22:01:15,43.3575248718262,-8.84413146972656,"Male"
"6018403",371836,2025-07-14 22:06:15,43.3575782775879,-8.84408855438232,"Male"
"6018403",371836,2025-07-14 22:11:15,43.357593536377,-8.84403705596924,"Male"
"6018403",371836,2025-07-14 22:16:17,43.3576393127441,-8.84406757354736,"Male"
"6018403",371836,2025-07-14 22:21:15,43.3575592041016,-8.84407329559326,"Male"
"6018403",371836,2025-07-14 22:26:32,43.3577079772949,-8.84403324127197,"Male"
"6018403",371836,2025-07-14 22:31:14,43.3576164245605,-8.84349918365479,"Male"
"6018403",371836,2025-07-14 22:36:14,43.3576507568359,-8.84414196014404,"Male"
"6018403",371836,2025-07-14 22:41:14,43.3576164245605,-8.84406471252441,"Male"
"6018403",371836,2025-07-14 22:46:14,43.3576889038086,-8.84402084350586,"Male"
"6018403",371836,2025-07-14 22:51:14,43.3577156066895,-8.84410190582275,"Male"
"6018403",371836,2025-07-14 22:56:14,43.3576202392578,-8.84407806396484,"Male"
"6018403",371836,2025-07-14 23:01:14,43.3577079772949,-8.84407615661621,"Male"
"6018403",371836,2025-07-14 23:06:14,43.3577156066895,-8.84405612945557,"Male"
"6018403",371836,2025-07-14 23:11:14,43.357666015625,-8.84405422210693,"Male"
"6018403",371836,2025-07-14 23:16:15,43.3577003479004,-8.84428024291992,"Male"
"6018403",371836,2025-07-14 23:21:32,43.3576812744141,-8.84405136108398,"Male"
"6018403",371836,2025-07-14 23:26:15,43.3576622009277,-8.84404945373535,"Male"
"6018403",371836,2025-07-14 23:31:16,43.3576278686523,-8.8440990447998,"Male"
"6018403",371836,2025-07-14 23:36:17,43.3577575683594,-8.8438549041748,"Male"
"6018403",371836,2025-07-14 23:41:24,43.3577156066895,-8.84401321411133,"Male"
"6018403",371836,2025-07-14 23:46:16,43.3576240539551,-8.84397220611572,"Male"
"6018403",371836,2025-07-14 23:51:15,43.3575210571289,-8.84420013427734,"Male"
"6018403",371836,2025-07-14 23:56:15,43.3576164245605,-8.8440408706665,"Male"
"6018403",371836,2025-07-15 00:01:14,43.3576965332031,-8.84410095214844,"Male"
"6018403",371836,2025-07-15 00:06:14,43.357780456543,-8.84377670288086,"Male"
"6018403",371836,2025-07-15 00:11:14,43.3576545715332,-8.8440637588501,"Male"
"6018403",371836,2025-07-15 00:16:14,43.357608795166,-8.8440580368042,"Male"
"6018403",371836,2025-07-15 00:21:14,43.3576850891113,-8.84405708312988,"Male"
"6018403",371836,2025-07-15 00:26:14,43.357666015625,-8.84401226043701,"Male"
"6018403",371836,2025-07-15 00:31:14,43.3576126098633,-8.84404277801514,"Male"
"6018403",371836,2025-07-15 00:36:14,43.3577156066895,-8.84408092498779,"Male"
"6018403",371836,2025-07-15 00:41:14,43.3576354980469,-8.84404563903809,"Male"
"6018403",371836,2025-07-15 00:46:19,43.3576545715332,-8.84417343139648,"Male"
"6018403",371836,2025-07-15 00:51:18,43.3576583862305,-8.84416580200195,"Male"
"6018403",371836,2025-07-15 00:56:18,43.3576393127441,-8.84408187866211,"Male"
"6018403",371836,2025-07-15 01:01:18,43.3577346801758,-8.84413814544678,"Male"
"6018403",371836,2025-07-15 01:06:14,43.3575859069824,-8.84406185150146,"Male"
"6018403",371836,2025-07-15 01:11:14,43.3576240539551,-8.84405422210693,"Male"
"6018403",371836,2025-07-15 01:16:14,43.3576393127441,-8.8441047668457,"Male"
"6018403",371836,2025-07-15 01:21:15,43.3576202392578,-8.84398460388184,"Male"
"6018403",371836,2025-07-15 01:26:14,43.3576126098633,-8.84406280517578,"Male"
"6018403",371836,2025-07-15 01:31:14,43.3576469421387,-8.84410095214844,"Male"
"6018403",371836,2025-07-15 01:36:44,43.3575973510742,-8.8441333770752,"Male"
"6018403",371836,2025-07-15 01:41:15,43.357479095459,-8.84406089782715,"Male"
"6018403",371836,2025-07-15 01:46:16,43.3577423095703,-8.8442325592041,"Male"
"6018403",371836,2025-07-15 01:51:17,43.3576164245605,-8.84404277801514,"Male"
"6018403",371836,2025-07-15 01:56:22,43.3576850891113,-8.84423065185547,"Male"
"6018403",371836,2025-07-15 02:01:35,43.3575897216797,-8.8441104888916,"Male"
"6018403",371836,2025-07-15 02:06:15,43.3576164245605,-8.84407329559326,"Male"
"6018403",371836,2025-07-15 02:11:15,43.3575553894043,-8.84412574768066,"Male"
"6018403",371836,2025-07-15 02:16:15,43.3575668334961,-8.84408092498779,"Male"
"6018403",371836,2025-07-15 02:21:15,43.3576202392578,-8.84409713745117,"Male"
"6018403",371836,2025-07-15 02:26:15,43.3576393127441,-8.84399032592773,"Male"
"6018403",371836,2025-07-15 02:31:15,43.3576431274414,-8.84398460388184,"Male"
"6018403",371836,2025-07-15 02:36:16,43.3578758239746,-8.84437465667725,"Male"
"6018403",371836,2025-07-15 02:41:17,43.3576240539551,-8.84413433074951,"Male"
"6018403",371836,2025-07-15 02:46:15,43.3576278686523,-8.84407329559326,"Male"
"6018403",371836,2025-07-15 02:51:15,43.3575210571289,-8.84420585632324,"Male"
"6018403",371836,2025-07-15 02:56:15,43.3576774597168,-8.84414863586426,"Male"
"6018403",371836,2025-07-15 03:01:16,43.3577041625977,-8.84386444091797,"Male"
"6018403",371836,2025-07-15 03:06:15,43.3575592041016,-8.8438081741333,"Male"
"6018403",371836,2025-07-15 03:11:16,43.3575477600098,-8.84388828277588,"Male"
"6018403",371836,2025-07-15 03:16:17,43.3577156066895,-8.84400463104248,"Male"
"6018403",371836,2025-07-15 03:21:15,43.3576736450195,-8.84392929077148,"Male"
"6018403",371836,2025-07-15 03:26:16,43.3576126098633,-8.84392166137695,"Male"
"6018403",371836,2025-07-15 03:31:24,43.3575134277344,-8.84417915344238,"Male"
"6018403",371836,2025-07-15 03:36:18,43.3577117919922,-8.84391117095947,"Male"
"6018403",371836,2025-07-15 03:41:24,43.357494354248,-8.84404182434082,"Male"
"6018403",371836,2025-07-15 03:46:23,43.3576889038086,-8.84410858154297,"Male"
"6018403",371836,2025-07-15 03:51:15,43.3577003479004,-8.84352016448975,"Male"
"6018403",371836,2025-07-15 03:56:16,43.3576393127441,-8.84373950958252,"Male"
"6018403",371836,2025-07-15 04:01:35,43.3575897216797,-8.8440637588501,"Male"
"6018403",371836,2025-07-15 04:06:14,43.3575820922852,-8.843994140625,"Male"
"6018403",371836,2025-07-15 04:11:14,43.357593536377,-8.84395122528076,"Male"
"6018403",371836,2025-07-15 04:16:22,43.3576049804688,-8.84409523010254,"Male"
"6018403",371836,2025-07-15 04:21:14,43.3575782775879,-8.84406089782715,"Male"
"6018403",371836,2025-07-15 04:26:15,43.3575668334961,-8.84395599365234,"Male"
"6018403",371836,2025-07-15 04:31:16,43.3575286865234,-8.84401321411133,"Male"
"6018403",371836,2025-07-15 04:36:15,43.3575859069824,-8.84404563903809,"Male"
"6018403",371836,2025-07-15 04:41:15,43.3700942993164,-8.83909606933594,"Male"
"6018403",371836,2025-07-15 04:46:18,43.364818572998,-8.81724262237549,"Male"
"6018403",371836,2025-07-15 04:51:22,43.3625183105469,-8.82158470153809,"Male"
"6018403",371836,2025-07-15 04:56:26,43.3576774597168,-8.84422492980957,"Male"
"6018403",371836,2025-07-15 05:01:35,43.3576507568359,-8.84413051605225,"Male"
"6018403",371836,2025-07-15 05:06:17,43.3577041625977,-8.84417533874512,"Male"
"6018403",371836,2025-07-15 05:11:16,43.357536315918,-8.84407901763916,"Male"
"6018403",371836,2025-07-15 05:16:17,43.357608795166,-8.84406566619873,"Male"
"6018403",371836,2025-07-15 05:21:15,43.3577461242676,-8.84412002563477,"Male"
"6018403",371836,2025-07-15 05:26:17,43.3576164245605,-8.84412384033203,"Male"
"6018403",371836,2025-07-15 05:31:15,43.3578453063965,-8.84408950805664,"Male"
"6018403",371836,2025-07-15 05:36:15,43.3576126098633,-8.84400939941406,"Male"
"6018403",371836,2025-07-15 05:41:14,43.3576011657715,-8.84407138824463,"Male"
"6018403",371836,2025-07-15 05:46:14,43.3576049804688,-8.84407997131348,"Male"
"6018403",371836,2025-07-15 05:51:17,43.3576164245605,-8.84406757354736,"Male"
"6018403",371836,2025-07-15 05:56:16,43.3576164245605,-8.84404945373535,"Male"
"6018403",371836,2025-07-15 06:01:14,43.3575859069824,-8.84401702880859,"Male"
"6018403",371836,2025-07-15 06:06:16,43.3575668334961,-8.84410953521729,"Male"
"6018403",371836,2025-07-15 06:11:15,43.3575592041016,-8.84400081634521,"Male"
"6018403",371836,2025-07-15 06:16:15,43.3578834533691,-8.84474277496338,"Male"
"6018403",371836,2025-07-15 06:21:18,43.3576965332031,-8.84416484832764,"Male"
"6018403",371836,2025-07-15 06:26:18,43.3577003479004,-8.84424114227295,"Male"
"6018403",371836,2025-07-15 06:31:15,43.3581123352051,-8.84444236755371,"Male"
"6018403",371836,2025-07-15 06:36:16,43.3576622009277,-8.84415721893311,"Male"
"6018403",371836,2025-07-15 06:41:19,43.3575668334961,-8.84406471252441,"Male"
"6018403",371836,2025-07-15 06:46:21,43.357551574707,-8.84405136108398,"Male"
"6018403",371836,2025-07-15 06:51:19,43.3575439453125,-8.84395599365234,"Male"
"6018403",371836,2025-07-15 06:56:19,43.3576545715332,-8.84418392181396,"Male"
"6018403",371836,2025-07-15 07:01:19,43.3574447631836,-8.8440055847168,"Male"
"6018403",371836,2025-07-15 07:06:27,43.3576431274414,-8.84413146972656,"Male"
"6018403",371836,2025-07-15 07:11:21,43.3575973510742,-8.84402942657471,"Male"
"6018403",371836,2025-07-15 07:16:26,43.3575477600098,-8.84403991699219,"Male"
"6018403",371836,2025-07-15 07:21:26,43.3578720092773,-8.84497451782227,"Male"
"6018403",371836,2025-07-15 07:26:29,43.3579025268555,-8.84478950500488,"Male"
"6018403",371836,2025-07-15 07:31:27,43.3575401306152,-8.84399318695068,"Male"
"6018403",371836,2025-07-15 07:36:44,43.3575744628906,-8.84406471252441,"Male"
"6018403",371836,2025-07-15 07:41:17,43.357593536377,-8.84409332275391,"Male"
"6018403",371836,2025-07-15 07:46:19,43.3576202392578,-8.84419441223145,"Male"
"6018403",371836,2025-07-15 07:51:15,43.3576316833496,-8.84429836273193,"Male"
"6018403",371836,2025-07-15 07:56:21,43.3576316833496,-8.84414482116699,"Male"
"6018403",371836,2025-07-15 08:01:14,43.3576011657715,-8.84406280517578,"Male"
"6018403",371836,2025-07-15 08:06:15,43.3576545715332,-8.84406471252441,"Male"
"6018403",371836,2025-07-15 08:11:24,43.3577537536621,-8.84414577484131,"Male"
"6018403",371836,2025-07-15 08:16:24,43.3577613830566,-8.84412956237793,"Male"
"6018403",371836,2025-07-15 08:21:35,43.3582763671875,-8.84527969360352,"Male"
"6018403",371836,2025-07-15 08:26:19,43.3576507568359,-8.84417057037354,"Male"
"6018403",371836,2025-07-15 08:31:21,43.3576583862305,-8.84412574768066,"Male"
"6018403",371836,2025-07-15 08:36:28,43.3576927185059,-8.84404468536377,"Male"
"6018403",371836,2025-07-15 08:41:27,43.3576850891113,-8.84408855438232,"Male"
"6018403",371836,2025-07-15 08:46:26,43.3576736450195,-8.84408950805664,"Male"
"6018403",371836,2025-07-15 08:51:28,43.3576889038086,-8.84419727325439,"Male"
"6018403",371836,2025-07-15 08:56:29,43.357723236084,-8.84409999847412,"Male"
"6018403",371836,2025-07-15 09:01:28,43.3577003479004,-8.84413623809814,"Male"
"6018403",371836,2025-07-15 09:06:29,43.3576812744141,-8.84427547454834,"Male"
"6018403",371836,2025-07-15 09:11:35,43.357608795166,-8.84394550323486,"Male"
"6018403",371836,2025-07-15 09:16:15,43.3568077087402,-8.84537887573242,"Male"
"6018403",371836,2025-07-15 09:21:15,43.3573684692383,-8.84478187561035,"Male"
"6018403",371836,2025-07-15 09:26:18,43.3576393127441,-8.84407520294189,"Male"
"6018403",371836,2025-07-15 09:31:16,43.3576278686523,-8.84413528442383,"Male"
"6018403",371836,2025-07-15 09:36:16,43.3576316833496,-8.84418296813965,"Male"
"6018403",371836,2025-07-15 09:41:21,43.3576431274414,-8.84404850006104,"Male"
"6018403",371836,2025-07-15 09:46:15,43.3577919006348,-8.84470748901367,"Male"
"6018403",371836,2025-07-15 09:51:14,43.3578643798828,-8.84482479095459,"Male"
"6018403",371836,2025-07-15 09:56:15,43.3578338623047,-8.84492969512939,"Male"
"6018403",371836,2025-07-15 10:01:25,43.3578605651855,-8.84494113922119,"Male"
"6018403",371836,2025-07-15 10:06:24,43.358470916748,-8.84573554992676,"Male"
"6018403",371836,2025-07-15 10:11:24,43.3577651977539,-8.84463882446289,"Male"
"6018403",371836,2025-07-15 10:16:25,43.3578224182129,-8.84473514556885,"Male"
"6018403",371836,2025-07-15 10:21:21,43.357837677002,-8.84495830535889,"Male"
"6018403",371836,2025-07-15 10:26:21,43.3576164245605,-8.84403038024902,"Male"
"6018403",371836,2025-07-15 10:31:17,43.3672294616699,-8.82995986938477,"Male"
"6018403",371836,2025-07-15 10:36:35,43.3672103881836,-8.83061408996582,"Male"
"6018403",371836,2025-07-15 10:41:15,43.3676452636719,-8.83093166351318,"Male"
"6018403",371836,2025-07-15 10:46:17,43.3681983947754,-8.83144950866699,"Male"
"6018403",371836,2025-07-15 10:51:18,43.361888885498,-8.82314491271973,"Male"
"6018403",371836,2025-07-15 10:56:14,43.3622703552246,-8.8240442276001,"Male"
"6018403",371836,2025-07-15 11:01:26,43.3592224121094,-8.83625793457031,"Male"
"6018403",371836,2025-07-15 11:06:18,43.3592376708984,-8.83614540100098,"Male"
"6018403",371836,2025-07-15 11:11:18,43.3593521118164,-8.83632469177246,"Male"
"6018403",371836,2025-07-15 11:16:35,43.3593139648438,-8.83619594573975,"Male"
"6018403",371836,2025-07-15 11:21:15,43.3591918945312,-8.83621978759766,"Male"
"6018403",371836,2025-07-15 11:26:17,43.3591537475586,-8.8367862701416,"Male"
"6018403",371836,2025-07-15 11:31:27,43.3592758178711,-8.83625507354736,"Male"
"6018403",371836,2025-07-15 11:36:15,43.3613052368164,-8.84354877471924,"Male"
"6018403",371836,2025-07-15 11:41:35,43.3581047058105,-8.84430599212646,"Male"
"6018403",371836,2025-07-15 11:46:16,43.3577919006348,-8.84378337860107,"Male"
"6018403",371836,2025-07-15 11:51:16,43.3580589294434,-8.84436988830566,"Male"
"6018403",371836,2025-07-15 11:56:15,43.3578643798828,-8.8439359664917,"Male"
"6018403",371836,2025-07-15 12:01:14,43.3579750061035,-8.84455490112305,"Male"
"6018403",371836,2025-07-15 12:06:14,43.3579902648926,-8.84456634521484,"Male"
"6018403",371836,2025-07-15 12:11:15,43.3580093383789,-8.84457874298096,"Male"
"6018403",371836,2025-07-15 12:16:15,43.3580551147461,-8.84455680847168,"Male"
"6018403",371836,2025-07-15 12:21:14,43.3579788208008,-8.84462070465088,"Male"
"6018403",371836,2025-07-15 12:26:14,43.3572158813477,-8.84488582611084,"Male"
"6018403",371836,2025-07-15 12:31:14,43.3575782775879,-8.84440517425537,"Male"
"6018403",371836,2025-07-15 12:36:15,43.3577270507812,-8.84476089477539,"Male"
"6018403",371836,2025-07-15 12:41:18,43.3578300476074,-8.84474754333496,"Male"
"6018403",371836,2025-07-15 12:46:32,43.3578720092773,-8.84491729736328,"Male"
"6018403",371836,2025-07-15 12:51:18,43.3578224182129,-8.8449068069458,"Male"
"6018403",371836,2025-07-15 12:56:44,43.3580474853516,-8.84525489807129,"Male"
"6018403",371836,2025-07-15 13:01:14,43.3581008911133,-8.84528255462646,"Male"
"6018403",371836,2025-07-15 13:06:18,43.3580932617188,-8.84513187408447,"Male"
"6018403",371836,2025-07-15 13:11:15,43.363166809082,-8.83375644683838,"Male"
"6018403",371836,2025-07-15 13:16:17,43.3715667724609,-8.82156562805176,"Male"
"6018403",371836,2025-07-15 13:21:26,43.3656120300293,-8.82005023956299,"Male"
"6018403",371836,2025-07-15 13:26:19,43.3658294677734,-8.81991767883301,"Male"
"6018403",371836,2025-07-15 13:31:17,43.3562088012695,-8.83780002593994,"Male"
"6018403",371836,2025-07-15 13:36:18,43.3322105407715,-8.84822082519531,"Male"
"6018403",371836,2025-07-15 13:41:21,43.3146553039551,-8.85665988922119,"Male"
"6018403",371836,2025-07-15 13:46:53,43.3138847351074,-8.85720157623291,"Male"
"6018403",371836,2025-07-15 13:51:24,43.3137855529785,-8.85686683654785,"Male"
"6018403",371836,2025-07-15 13:56:16,43.3177604675293,-8.85594177246094,"Male"
"6018403",371836,2025-07-15 14:02:14,43.321044921875,-8.85238742828369,"Male"
"6018403",371836,2025-07-15 14:06:17,43.3341751098633,-8.85044479370117,"Male"
"6018403",371836,2025-07-15 14:11:15,43.3577041625977,-8.8457727432251,"Male"
"6018403",371836,2025-07-15 14:16:22,43.3579063415527,-8.84447574615479,"Male"
"6018403",371836,2025-07-15 14:21:19,43.3576850891113,-8.84426212310791,"Male"
"6018403",371836,2025-07-15 14:26:18,43.3577499389648,-8.84433555603027,"Male"
"6018403",371836,2025-07-15 14:31:23,43.3576354980469,-8.84412860870361,"Male"
"6018403",371836,2025-07-15 14:36:27,43.3578338623047,-8.84449577331543,"Male"
"6018403",371836,2025-07-15 14:41:21,43.3578605651855,-8.84444046020508,"Male"
"6018403",371836,2025-07-15 14:46:35,43.3576889038086,-8.84414482116699,"Male"
"6018403",371836,2025-07-15 14:51:15,43.3576469421387,-8.84399795532227,"Male"
"6018403",371836,2025-07-15 14:56:22,43.3575706481934,-8.84411334991455,"Male"
"6018403",371836,2025-07-15 15:01:15,43.357795715332,-8.84474563598633,"Male"
"6018403",371836,2025-07-15 15:06:16,43.3576545715332,-8.8447208404541,"Male"
"6018403",371836,2025-07-15 15:11:21,43.3577537536621,-8.84473133087158,"Male"
"6018403",371836,2025-07-15 15:16:15,43.3577919006348,-8.84469890594482,"Male"
"6018403",371836,2025-07-15 15:21:16,43.3577270507812,-8.84476375579834,"Male"
"6018403",371836,2025-07-15 15:26:17,43.3575210571289,-8.84415817260742,"Male"
"6018403",371836,2025-07-15 15:31:17,43.3575973510742,-8.84409332275391,"Male"
"6018403",371836,2025-07-15 15:36:30,43.3576126098633,-8.84407806396484,"Male"
"6018403",371836,2025-07-15 15:41:21,43.3576278686523,-8.84413528442383,"Male"
"6018403",371836,2025-07-15 15:46:25,43.3576011657715,-8.84406852722168,"Male"
"6018403",371836,2025-07-15 15:51:23,43.3577537536621,-8.84474754333496,"Male"
"6018403",371836,2025-07-15 15:56:15,43.3603363037109,-8.84652900695801,"Male"
"6018403",371836,2025-07-15 16:01:15,43.3630523681641,-8.816575050354,"Male"
"6018403",371836,2025-07-15 16:06:15,43.3632202148438,-8.81693363189697,"Male"
"6018403",371836,2025-07-15 16:11:18,43.3576507568359,-8.84417247772217,"Male"
"6018403",371836,2025-07-15 16:16:15,43.357666015625,-8.84416007995605,"Male"
"6018403",371836,2025-07-15 16:21:19,43.3576583862305,-8.84410572052002,"Male"
"6018403",371836,2025-07-15 16:26:22,43.3577842712402,-8.84475803375244,"Male"
"6018403",371836,2025-07-15 16:31:15,43.3574905395508,-8.84398460388184,"Male"
"6018403",371836,2025-07-15 16:36:23,43.3575630187988,-8.84406280517578,"Male"
"6018403",371836,2025-07-15 16:41:24,43.3576011657715,-8.84411525726318,"Male"
"6018403",371836,2025-07-15 16:46:24,43.3575286865234,-8.84407711029053,"Male"
"6018403",371836,2025-07-15 16:51:23,43.3575820922852,-8.84447860717773,"Male"
"6018403",371836,2025-07-15 16:56:24,43.3577651977539,-8.8448486328125,"Male"
"6018403",371836,2025-07-15 17:01:17,43.3577613830566,-8.84481334686279,"Male"
"6018403",371836,2025-07-15 17:06:35,43.357837677002,-8.84479427337646,"Male"
"6018403",371836,2025-07-15 17:11:15,43.3577423095703,-8.84478282928467,"Male"
"6018403",371836,2025-07-15 17:16:16,43.3574867248535,-8.84417152404785,"Male"
"6018403",371836,2025-07-15 17:21:21,43.3575973510742,-8.84404468536377,"Male"
"6018403",371836,2025-07-15 17:26:14,43.3579368591309,-8.84472274780273,"Male"
"6018403",371836,2025-07-15 17:31:17,43.3577156066895,-8.84479427337646,"Male"
"6018403",371836,2025-07-15 17:36:21,43.3578033447266,-8.84479427337646,"Male"
"6018403",371836,2025-07-15 17:41:15,43.3575553894043,-8.84414005279541,"Male"
"6018403",371836,2025-07-15 17:46:19,43.3577919006348,-8.84475803375244,"Male"
"6018403",371836,2025-07-15 17:51:14,43.3575172424316,-8.84417533874512,"Male"
"6018403",371836,2025-07-15 17:56:14,43.3576507568359,-8.84414386749268,"Male"
"6018403",371836,2025-07-15 18:01:16,43.3575820922852,-8.8440990447998,"Male"
"6018403",371836,2025-07-15 18:06:25,43.3612518310547,-8.84287929534912,"Male"
"6018403",371836,2025-07-15 18:11:26,43.3698616027832,-8.84361171722412,"Male"
"6018403",371836,2025-07-15 18:16:21,43.3630828857422,-8.8453483581543,"Male"
"6018403",371836,2025-07-15 18:21:34,43.3575897216797,-8.84411144256592,"Male"
"6018403",371836,2025-07-15 18:26:14,43.3576316833496,-8.84411430358887,"Male"
"6018403",371836,2025-07-15 18:31:15,43.3576583862305,-8.84399223327637,"Male"
"6018403",371836,2025-07-15 18:36:15,43.3577308654785,-8.84409236907959,"Male"
"6018403",371836,2025-07-15 18:41:14,43.3576278686523,-8.84414482116699,"Male"
"6018403",371836,2025-07-15 18:46:14,43.357608795166,-8.84415626525879,"Male"
"6018403",371836,2025-07-15 18:51:15,43.3576011657715,-8.84410953521729,"Male"
"6018403",371836,2025-07-15 18:56:16,43.3576240539551,-8.84409236907959,"Male"
"6018403",371836,2025-07-15 19:01:19,43.3575630187988,-8.84414386749268,"Male"
"6018403",371836,2025-07-15 19:06:19,43.3576812744141,-8.84484195709229,"Male"
"6018403",371836,2025-07-15 19:11:15,43.3576354980469,-8.84484672546387,"Male"
"6018403",371836,2025-07-15 19:16:19,43.3577575683594,-8.84478378295898,"Male"
"6018403",371836,2025-07-15 19:21:16,43.3575973510742,-8.84484481811523,"Male"
"6018403",371836,2025-07-15 19:26:17,43.3576278686523,-8.8441162109375,"Male"
"6018403",371836,2025-07-15 19:31:15,43.357666015625,-8.84418106079102,"Male"
"6018403",371836,2025-07-15 19:36:23,43.3576698303223,-8.8440408706665,"Male"
"6018403",371836,2025-07-15 19:41:14,43.3578071594238,-8.84418773651123,"Male"
"6018403",371836,2025-07-15 19:46:15,43.3577995300293,-8.84478282928467,"Male"
"6018403",371836,2025-07-15 19:51:18,43.3579254150391,-8.84510040283203,"Male"
"6018403",371836,2025-07-15 19:56:14,43.3578453063965,-8.8448543548584,"Male"
"6018403",371836,2025-07-15 20:01:17,43.358024597168,-8.84509086608887,"Male"
"6018403",371836,2025-07-15 20:06:23,43.3577156066895,-8.84469032287598,"Male"
"6018403",371836,2025-07-15 20:11:15,43.357837677002,-8.8445873260498,"Male"
"6018403",371836,2025-07-15 20:16:16,43.3573684692383,-8.84372615814209,"Male"
"6018403",371836,2025-07-15 20:21:18,43.3589172363281,-8.84582614898682,"Male"
"6018403",371836,2025-07-15 20:27:14,43.3577117919922,-8.8445930480957,"Male"
"6018403",371836,2025-07-15 20:31:16,43.3577346801758,-8.8448314666748,"Male"
"6018403",371836,2025-07-15 20:36:34,43.3576316833496,-8.844162940979,"Male"
"6018403",371836,2025-07-15 20:41:17,43.357780456543,-8.84468173980713,"Male"
"6018403",371836,2025-07-15 20:46:44,43.3576583862305,-8.84417152404785,"Male"
"6018403",371836,2025-07-15 20:51:15,43.3576507568359,-8.84411716461182,"Male"
"6018403",371836,2025-07-15 20:56:16,43.3575820922852,-8.84390163421631,"Male"
"6018403",371836,2025-07-15 21:01:15,43.3574447631836,-8.84371471405029,"Male"
"6018403",371836,2025-07-15 21:06:15,43.3575401306152,-8.84398460388184,"Male"
"6018403",371836,2025-07-15 21:11:19,43.3576354980469,-8.84424114227295,"Male"
"6018403",371836,2025-07-15 21:16:17,43.3576812744141,-8.84430885314941,"Male"
"6018403",371836,2025-07-15 21:21:21,43.3575477600098,-8.84383583068848,"Male"
"6018403",371836,2025-07-15 21:26:17,43.3576431274414,-8.84415149688721,"Male"
"6018403",371836,2025-07-15 21:31:31,43.357593536377,-8.84399318695068,"Male"
"6018403",371836,2025-07-15 21:36:16,43.3575859069824,-8.84411239624023,"Male"
"6018403",371836,2025-07-15 21:41:15,43.3575325012207,-8.84441757202148,"Male"
"6018403",371836,2025-07-15 21:46:14,43.3576126098633,-8.84412860870361,"Male"
"6018403",371836,2025-07-15 21:51:14,43.3576431274414,-8.84416198730469,"Male"
"6018403",371836,2025-07-15 21:56:14,43.3575630187988,-8.84415817260742,"Male"
"6018403",371836,2025-07-15 22:01:15,43.3576545715332,-8.84410953521729,"Male"
"6018403",371836,2025-07-15 22:06:18,43.3576393127441,-8.84409046173096,"Male"
"6018403",371836,2025-07-15 22:11:17,43.3577728271484,-8.84409523010254,"Male"
"6018403",371836,2025-07-15 22:16:19,43.3576431274414,-8.84411430358887,"Male"
"6018403",371836,2025-07-15 22:21:14,43.3576202392578,-8.84401893615723,"Male"
"6018403",371836,2025-07-15 22:26:17,43.3576011657715,-8.84415531158447,"Male"
"6018403",371836,2025-07-15 22:31:15,43.357666015625,-8.84414863586426,"Male"
"6018403",371836,2025-07-15 22:36:19,43.3575592041016,-8.84396839141846,"Male"
"6018403",371836,2025-07-15 22:41:17,43.3576812744141,-8.84415435791016,"Male"
"6018403",371836,2025-07-15 22:46:18,43.3577041625977,-8.84410953521729,"Male"
"6018403",371836,2025-07-15 22:51:14,43.3577346801758,-8.84413146972656,"Male"
"6018403",371836,2025-07-15 22:56:14,43.3576698303223,-8.84408760070801,"Male"
"6018403",371836,2025-07-15 23:01:17,43.3576889038086,-8.84414863586426,"Male"
"6018403",371836,2025-07-15 23:06:19,43.3575248718262,-8.84395694732666,"Male"
"6018403",371836,2025-07-15 23:11:14,43.3577308654785,-8.84414958953857,"Male"
"6018403",371836,2025-07-15 23:16:19,43.357666015625,-8.84414672851562,"Male"
"6018403",371836,2025-07-15 23:21:24,43.3579444885254,-8.84409046173096,"Male"
"6018403",371836,2025-07-15 23:26:27,43.3578224182129,-8.84404850006104,"Male"
"6018403",371836,2025-07-15 23:31:44,43.3577117919922,-8.84386539459229,"Male"
"6018403",371836,2025-07-15 23:36:15,43.3576774597168,-8.84394550323486,"Male"
"6018403",371836,2025-07-15 23:41:15,43.3573913574219,-8.84408378601074,"Male"
"6018403",371836,2025-07-15 23:46:19,43.357723236084,-8.8439998626709,"Male"
"6018403",371836,2025-07-15 23:51:21,43.3577270507812,-8.84408283233643,"Male"
"6018403",371836,2025-07-15 23:56:15,43.3577156066895,-8.84416198730469,"Male"
"6018403",371836,2025-07-16 00:01:18,43.357837677002,-8.84423542022705,"Male"
"6018403",371836,2025-07-16 00:06:18,43.3577003479004,-8.84408760070801,"Male"
"6018403",371836,2025-07-16 00:11:17,43.3579254150391,-8.84416961669922,"Male"
"6018403",371836,2025-07-16 00:16:35,43.357666015625,-8.84402561187744,"Male"
"6018403",371836,2025-07-16 00:21:15,43.357666015625,-8.84396076202393,"Male"
"6018403",371836,2025-07-16 00:26:17,43.3576278686523,-8.84404850006104,"Male"
"6018403",371836,2025-07-16 00:31:16,43.3576812744141,-8.84396553039551,"Male"
"6018403",371836,2025-07-16 00:36:14,43.3576698303223,-8.84408855438232,"Male"
"6018403",371836,2025-07-16 00:41:14,43.3576736450195,-8.84396457672119,"Male"
"6018403",371836,2025-07-16 00:46:14,43.3576316833496,-8.8440055847168,"Male"
"6018403",371836,2025-07-16 00:51:14,43.3576393127441,-8.84406471252441,"Male"
"6018403",371836,2025-07-16 00:56:14,43.3576278686523,-8.84406471252441,"Male"
"6018403",371836,2025-07-16 01:01:14,43.3575820922852,-8.84419631958008,"Male"
"6018403",371836,2025-07-16 01:06:14,43.3575592041016,-8.8441915512085,"Male"
"6018403",371836,2025-07-16 01:11:15,43.3575859069824,-8.84414196014404,"Male"
"6018403",371836,2025-07-16 01:16:16,43.3576850891113,-8.844069480896,"Male"
"6018403",371836,2025-07-16 01:21:21,43.3576889038086,-8.84397411346436,"Male"
"6018403",371836,2025-07-16 01:26:21,43.3576011657715,-8.8440580368042,"Male"
"6018403",371836,2025-07-16 01:31:35,43.3576736450195,-8.84407424926758,"Male"
"6018403",371836,2025-07-16 01:36:15,43.3576812744141,-8.84407806396484,"Male"
"6018403",371836,2025-07-16 01:41:14,43.3577995300293,-8.84407234191895,"Male"
"6018403",371836,2025-07-16 01:46:15,43.3577270507812,-8.84413146972656,"Male"
"6018403",371836,2025-07-16 01:51:16,43.3578224182129,-8.84394645690918,"Male"
"6018403",371836,2025-07-16 01:56:16,43.3575744628906,-8.8442211151123,"Male"
"6018403",371836,2025-07-16 02:01:17,43.3578605651855,-8.84406089782715,"Male"
"6018403",371836,2025-07-16 02:06:18,43.3578186035156,-8.84396839141846,"Male"
"6018403",371836,2025-07-16 02:11:17,43.3574867248535,-8.84392261505127,"Male"
"6018403",371836,2025-07-16 02:16:17,43.3577308654785,-8.84414005279541,"Male"
"6018403",371836,2025-07-16 02:21:17,43.3579063415527,-8.84438610076904,"Male"
"6018403",371836,2025-07-16 02:26:16,43.3576431274414,-8.84409141540527,"Male"
"6018403",371836,2025-07-16 02:31:16,43.3577423095703,-8.84439277648926,"Male"
"6018403",371836,2025-07-16 02:36:16,43.3579254150391,-8.84448432922363,"Male"
"6018403",371836,2025-07-16 02:41:16,43.3575134277344,-8.84400653839111,"Male"
"6018403",371836,2025-07-16 02:46:32,43.3576049804688,-8.8440580368042,"Male"
"6018403",371836,2025-07-16 02:51:14,43.3575973510742,-8.84409523010254,"Male"
"6018403",371836,2025-07-16 02:56:14,43.3576202392578,-8.84413051605225,"Male"
"6018403",371836,2025-07-16 03:01:14,43.3575973510742,-8.84409046173096,"Male"
"6018403",371836,2025-07-16 03:06:16,43.3576278686523,-8.84406757354736,"Male"
"6018403",371836,2025-07-16 03:11:14,43.3576316833496,-8.84408855438232,"Male"
"6018403",371836,2025-07-16 03:16:14,43.3576164245605,-8.84413909912109,"Male"
"6018403",371836,2025-07-16 03:21:14,43.3576202392578,-8.84409999847412,"Male"
"6018403",371836,2025-07-16 03:26:14,43.3576011657715,-8.84398460388184,"Male"
"6018403",371836,2025-07-16 03:31:14,43.3576011657715,-8.84416007995605,"Male"
"6018403",371836,2025-07-16 03:36:15,43.3575096130371,-8.84408187866211,"Male"
"6018403",371836,2025-07-16 03:41:14,43.3576202392578,-8.84411334991455,"Male"
"6018403",371836,2025-07-16 03:46:14,43.3576049804688,-8.84406852722168,"Male"
"6018403",371836,2025-07-16 03:51:14,43.3576126098633,-8.84408187866211,"Male"
"6018403",371836,2025-07-16 03:56:14,43.3576240539551,-8.84417915344238,"Male"
"6018403",371836,2025-07-16 04:01:15,43.3576240539551,-8.84409236907959,"Male"
"6018403",371836,2025-07-16 04:06:14,43.3576622009277,-8.84414291381836,"Male"
"6018403",371836,2025-07-16 04:11:25,43.3575439453125,-8.84405136108398,"Male"
"6018403",371836,2025-07-16 04:16:17,43.3576278686523,-8.84405136108398,"Male"
"6018403",371836,2025-07-16 04:21:23,43.3575668334961,-8.84404563903809,"Male"
"6018403",371836,2025-07-16 04:26:27,43.3575668334961,-8.84411811828613,"Male"
"6018403",371836,2025-07-16 04:31:16,43.3576126098633,-8.84407138824463,"Male"
"6018403",371836,2025-07-16 04:36:17,43.3574371337891,-8.84399223327637,"Male"
"6018403",371836,2025-07-16 04:41:33,43.3575973510742,-8.84402465820312,"Male"
"6018403",371836,2025-07-16 04:46:16,43.357666015625,-8.84396266937256,"Male"
"6018403",371836,2025-07-16 04:51:18,43.3664283752441,-8.83553028106689,"Male"
"6018403",371836,2025-07-16 04:56:16,43.3604125976562,-8.81693458557129,"Male"
"6018403",371836,2025-07-16 05:01:17,43.3636322021484,-8.81649971008301,"Male"
"6018403",371836,2025-07-16 05:06:19,43.3585433959961,-8.8317928314209,"Male"
"6018403",371836,2025-07-16 05:11:17,43.3585777282715,-8.83186912536621,"Male"
"6018403",371836,2025-07-16 05:16:17,43.3585548400879,-8.83179473876953,"Male"
"6018403",371836,2025-07-16 05:21:35,43.3585777282715,-8.83175086975098,"Male"
"6018403",371836,2025-07-16 05:26:16,43.3585166931152,-8.83180332183838,"Male"
"6018403",371836,2025-07-16 05:31:18,43.3586082458496,-8.83177661895752,"Male"
"6018403",371836,2025-07-16 05:36:16,43.3578414916992,-8.84402847290039,"Male"
"6018403",371836,2025-07-16 05:41:14,43.3577919006348,-8.8441047668457,"Male"
"6018403",371836,2025-07-16 05:46:15,43.3577651977539,-8.84410095214844,"Male"
"6018403",371836,2025-07-16 05:51:17,43.3580589294434,-8.84471416473389,"Male"
"6018403",371836,2025-07-16 05:56:15,43.3578109741211,-8.84402942657471,"Male"
"6018403",371836,2025-07-16 06:01:35,43.357723236084,-8.84477233886719,"Male"
"6018403",371836,2025-07-16 06:06:16,43.3576583862305,-8.84481620788574,"Male"
"6018403",371836,2025-07-16 06:11:14,43.3575325012207,-8.84407806396484,"Male"
"6018403",371836,2025-07-16 06:16:16,43.3575630187988,-8.84411525726318,"Male"
"6018403",371836,2025-07-16 06:21:14,43.3574867248535,-8.84423637390137,"Male"
"6018403",371836,2025-07-16 06:26:15,43.3578643798828,-8.84471988677979,"Male"
"6018403",371836,2025-07-16 06:31:16,43.3575897216797,-8.84402275085449,"Male"
"6018403",371836,2025-07-16 06:36:16,43.3580131530762,-8.84507179260254,"Male"
"6018403",371836,2025-07-16 06:41:16,43.3576812744141,-8.84474849700928,"Male"
"6018403",371836,2025-07-16 06:46:14,43.3575553894043,-8.84402370452881,"Male"
"6018403",371836,2025-07-16 06:51:18,43.357593536377,-8.84479904174805,"Male"
"6018403",371836,2025-07-16 06:56:18,43.3576622009277,-8.84479713439941,"Male"
"6018403",371836,2025-07-16 07:01:16,43.3575477600098,-8.84409046173096,"Male"
"6018403",371836,2025-07-16 07:06:35,43.3575820922852,-8.8441333770752,"Male"
"6018403",371836,2025-07-16 07:11:15,43.3575630187988,-8.84408664703369,"Male"
"6018403",371836,2025-07-16 07:16:34,43.3574600219727,-8.84412956237793,"Male"
"6018403",371836,2025-07-16 07:21:44,43.357479095459,-8.84415912628174,"Male"
"6018403",371836,2025-07-16 07:26:15,43.3574523925781,-8.84415721893311,"Male"
"6018403",371836,2025-07-16 07:31:18,43.357551574707,-8.8441686630249,"Male"
"6018403",371836,2025-07-16 07:36:17,43.3581047058105,-8.84464359283447,"Male"
"6018403",371836,2025-07-16 07:41:15,43.3574676513672,-8.84404182434082,"Male"
"6018403",371836,2025-07-16 07:46:44,43.3574371337891,-8.84414100646973,"Male"
"6018403",371836,2025-07-16 07:51:14,43.3576812744141,-8.84413623809814,"Male"
"6018403",371836,2025-07-16 07:56:15,43.3575477600098,-8.84409236907959,"Male"
"6018403",371836,2025-07-16 08:01:15,43.3574981689453,-8.8441276550293,"Male"
"6018403",371836,2025-07-16 08:06:16,43.3576164245605,-8.84439277648926,"Male"
"6018403",371836,2025-07-16 08:11:17,43.3576622009277,-8.84422016143799,"Male"
"6018403",371836,2025-07-16 08:16:17,43.3576965332031,-8.84426403045654,"Male"
"6018403",371836,2025-07-16 08:22:44,43.3582611083984,-8.84453201293945,"Male"
"6018403",371836,2025-07-16 08:26:14,43.3576202392578,-8.84488010406494,"Male"
"6018403",371836,2025-07-16 08:31:17,43.3574981689453,-8.84413242340088,"Male"
"6018403",371836,2025-07-16 08:36:16,43.357536315918,-8.84418201446533,"Male"
"6018403",371836,2025-07-16 08:41:14,43.360408782959,-8.84415340423584,"Male"
"6018403",371836,2025-07-16 08:47:29,43.3881759643555,-8.86806392669678,"Male"
"6018403",371836,2025-07-16 08:51:14,43.4010925292969,-8.89639472961426,"Male"
"6018403",371836,2025-07-16 08:56:14,43.416389465332,-8.92991542816162,"Male"
"6018403",371836,2025-07-16 09:01:15,43.4316444396973,-8.95436382293701,"Male"
"6018403",371836,2025-07-16 09:06:15,43.4442329406738,-8.98428153991699,"Male"
"6018403",371836,2025-07-16 09:11:14,43.4528427124023,-9.0159273147583,"Male"
"6018403",371836,2025-07-16 09:16:14,43.4570960998535,-9.03835010528564,"Male"
"6018403",371836,2025-07-16 09:21:14,43.4648208618164,-9.07164573669434,"Male"
"6018403",371836,2025-07-16 09:26:14,43.4748649597168,-9.10047435760498,"Male"
"6018403",371836,2025-07-16 09:31:17,43.4849281311035,-9.11286067962646,"Male"
"6018403",371836,2025-07-16 09:36:14,43.4878311157227,-9.13257884979248,"Male"
"6018403",371836,2025-07-16 09:41:14,43.4953536987305,-9.16382217407227,"Male"
"6018403",371836,2025-07-16 09:46:15,43.4989471435547,-9.17903614044189,"Male"
"6018403",371836,2025-07-16 09:51:16,43.4948501586914,-9.18237686157227,"Male"
"6018403",371836,2025-07-16 09:56:16,43.4940795898438,-9.18204402923584,"Male"
"6018403",371836,2025-07-16 10:01:14,43.4976806640625,-9.18587684631348,"Male"
"6018403",371836,2025-07-16 10:06:16,43.4976844787598,-9.18589973449707,"Male"
"6018403",371836,2025-07-16 10:11:15,43.4964408874512,-9.1869535446167,"Male"
"6018403",371836,2025-07-16 10:16:15,43.4950675964355,-9.18733406066895,"Male"
"6018403",371836,2025-07-16 10:21:16,43.4801483154297,-9.20437335968018,"Male"
"6018403",371836,2025-07-16 10:26:16,43.4775581359863,-9.20840454101562,"Male"
"6018403",371836,2025-07-16 10:31:16,43.4766273498535,-9.21396255493164,"Male"
"6018403",371836,2025-07-16 10:36:17,43.4743232727051,-9.21799373626709,"Male"
"6018403",371836,2025-07-16 10:41:15,43.4733810424805,-9.22350215911865,"Male"
"6018403",371836,2025-07-16 10:46:16,43.4700698852539,-9.22594356536865,"Male"
"6018403",371836,2025-07-16 10:51:15,43.4695243835449,-9.23165798187256,"Male"
"6018403",371836,2025-07-16 10:56:15,43.4677810668945,-9.23561096191406,"Male"
"6018403",371836,2025-07-16 11:01:17,43.4653472900391,-9.23811721801758,"Male"
"6018403",371836,2025-07-16 11:06:16,43.4629592895508,-9.2415132522583,"Male"
"6018403",371836,2025-07-16 11:11:20,43.4602851867676,-9.24398803710938,"Male"
"6018403",371836,2025-07-16 11:16:18,43.458122253418,-9.24697303771973,"Male"
"6018403",371836,2025-07-16 11:21:23,43.4559326171875,-9.25023937225342,"Male"
"6018403",371836,2025-07-16 11:26:31,43.4535827636719,-9.25348281860352,"Male"
"6018403",371836,2025-07-16 11:31:35,43.4512977600098,-9.2564697265625,"Male"
"6018403",371836,2025-07-16 11:36:53,43.4497566223145,-9.26182270050049,"Male"
"6018403",371836,2025-07-16 11:41:35,43.448371887207,-9.26605606079102,"Male"
"6018403",371836,2025-07-16 11:46:17,43.4470405578613,-9.26974010467529,"Male"
"6018403",371836,2025-07-16 11:51:15,43.4454917907715,-9.27233982086182,"Male"
"6018403",371836,2025-07-16 11:56:18,43.4440536499023,-9.27383613586426,"Male"
"6018403",371836,2025-07-16 12:01:17,43.4424324035645,-9.2755880355835,"Male"
"6018403",371836,2025-07-16 12:06:44,43.4426574707031,-9.29512405395508,"Male"
"6018403",371836,2025-07-16 12:11:21,43.4491882324219,-9.321457862854,"Male"
"6018403",371836,2025-07-16 12:16:17,43.448314666748,-9.32275009155273,"Male"
"6018403",371836,2025-07-16 12:21:19,43.4477577209473,-9.32394695281982,"Male"
"6018403",371836,2025-07-16 12:26:44,43.4488182067871,-9.32091617584229,"Male"
"6018403",371836,2025-07-16 12:31:25,43.4477767944336,-9.32225608825684,"Male"
"6018403",371836,2025-07-16 12:36:19,43.4498596191406,-9.32517337799072,"Male"
"6018403",371836,2025-07-16 12:41:22,43.4475555419922,-9.33053779602051,"Male"
"6018403",371836,2025-07-16 12:46:59,43.4462699890137,-9.33273410797119,"Male"
"6018403",371836,2025-07-16 12:51:14,43.4454193115234,-9.33452701568604,"Male"
"6018403",371836,2025-07-16 12:56:21,43.4474449157715,-9.32942295074463,"Male"
"6018403",371836,2025-07-16 13:01:16,43.4466133117676,-9.33129692077637,"Male"
"6018403",371836,2025-07-16 13:06:14,43.422779083252,-9.29574584960938,"Male"
"6018403",371836,2025-07-16 13:11:14,43.4257392883301,-9.29409313201904,"Male"
"6018403",371836,2025-07-16 13:16:14,43.4268341064453,-9.29219818115234,"Male"
"6018403",371836,2025-07-16 13:21:14,43.4265899658203,-9.29247856140137,"Male"
"6018403",371836,2025-07-16 13:26:15,43.4271240234375,-9.29451370239258,"Male"
"6018403",371836,2025-07-16 13:31:14,43.4263076782227,-9.29598999023438,"Male"
"6018403",371836,2025-07-16 13:36:16,43.4242630004883,-9.29325675964355,"Male"
"6018403",371836,2025-07-16 13:41:17,43.4223670959473,-9.29504585266113,"Male"
"6018403",371836,2025-07-16 13:46:14,43.4138107299805,-9.26993560791016,"Male"
"6018403",371836,2025-07-16 13:51:14,43.3892707824707,-9.22555541992188,"Male"
"6018403",371836,2025-07-16 13:56:45,43.3678359985352,-9.17845821380615,"Male"
"6018403",371836,2025-07-16 14:01:16,43.3591232299805,-9.13620758056641,"Male"
"6018403",371836,2025-07-16 14:06:15,43.3350372314453,-9.09298801422119,"Male"
"6018403",371836,2025-07-16 14:11:24,43.3045959472656,-9.05014991760254,"Male"
"6018403",371836,2025-07-16 14:16:17,43.2886390686035,-9.00518989562988,"Male"
"6018403",371836,2025-07-16 14:21:18,43.2875633239746,-8.96587944030762,"Male"
"6018403",371836,2025-07-16 14:26:21,43.2897911071777,-8.93095397949219,"Male"
"6018403",371836,2025-07-16 14:31:24,43.3037109375,-8.90769195556641,"Male"
"6018403",371836,2025-07-16 14:36:17,43.320499420166,-8.90585231781006,"Male"
"6018403",371836,2025-07-16 14:41:43,43.3188705444336,-8.86325740814209,"Male"
"6018403",371836,2025-07-16 14:46:43,43.313232421875,-8.8574686050415,"Male"
"6018403",371836,2025-07-16 14:51:25,43.3136215209961,-8.85757255554199,"Male"
"6018403",371836,2025-07-16 14:56:25,43.3135871887207,-8.85747718811035,"Male"
"6018403",371836,2025-07-16 15:01:37,43.3225708007812,-8.85245323181152,"Male"
"6018403",371836,2025-07-16 15:06:23,43.3425102233887,-8.83781147003174,"Male"
"6018403",371836,2025-07-16 15:11:24,43.357593536377,-8.84419822692871,"Male"
"6018403",371836,2025-07-16 15:16:24,43.3574333190918,-8.84397411346436,"Male"
"6018403",371836,2025-07-16 15:21:24,43.3576393127441,-8.84418773651123,"Male"
"6018403",371836,2025-07-16 15:26:35,43.3577346801758,-8.84407520294189,"Male"
"6018403",371836,2025-07-16 15:31:44,43.3576736450195,-8.84409809112549,"Male"
"6018403",371836,2025-07-16 15:36:15,43.3576698303223,-8.8441219329834,"Male"
"6018403",371836,2025-07-16 15:41:21,43.3576583862305,-8.84408092498779,"Male"
"6018403",371836,2025-07-16 15:46:15,43.3577346801758,-8.84412288665771,"Male"
"6018403",371836,2025-07-16 15:51:15,43.3576583862305,-8.84416580200195,"Male"
"6018403",371836,2025-07-16 15:56:15,43.3574752807617,-8.84377861022949,"Male"
"6018403",371836,2025-07-16 16:01:24,43.3575897216797,-8.84402465820312,"Male"
"6018403",371836,2025-07-16 16:06:24,43.3574714660645,-8.84392261505127,"Male"
"6018403",371836,2025-07-16 16:11:24,43.3576049804688,-8.84412384033203,"Male"
"6018403",371836,2025-07-16 16:16:45,43.3575859069824,-8.84408664703369,"Male"
"6018403",371836,2025-07-16 16:21:21,43.3575973510742,-8.84410285949707,"Male"
"6018403",371836,2025-07-16 16:26:21,43.3576431274414,-8.84417819976807,"Male"
"6018403",371836,2025-07-16 16:31:19,43.3575477600098,-8.84420871734619,"Male"
"6018403",371836,2025-07-16 16:36:24,43.3575897216797,-8.84408950805664,"Male"
"6018403",371836,2025-07-16 16:41:24,43.3575401306152,-8.84404563903809,"Male"
"6018403",371836,2025-07-16 16:46:18,43.3576850891113,-8.84418869018555,"Male"
"6018403",371836,2025-07-16 16:51:15,43.3575897216797,-8.84407329559326,"Male"
"6018403",371836,2025-07-16 16:56:26,43.357536315918,-8.84426879882812,"Male"
"6018403",371836,2025-07-16 17:01:23,43.357536315918,-8.84418392181396,"Male"
"6018403",371836,2025-07-16 17:06:16,43.3576011657715,-8.84409618377686,"Male"
"6018403",371836,2025-07-16 17:11:21,43.3577041625977,-8.84408283233643,"Male"
"6018403",371836,2025-07-16 17:16:16,43.3575553894043,-8.84408473968506,"Male"
"6018403",371836,2025-07-16 17:21:15,43.3574981689453,-8.84408473968506,"Male"
"6018403",371836,2025-07-16 17:27:11,43.3574409484863,-8.84516143798828,"Male"
"6018403",371836,2025-07-16 17:31:15,43.3575592041016,-8.84415245056152,"Male"
"6018403",371836,2025-07-16 17:36:14,43.3576965332031,-8.84405612945557,"Male"
"6018403",371836,2025-07-16 17:41:15,43.3575630187988,-8.84390830993652,"Male"
"6018403",371836,2025-07-16 17:46:16,43.3575553894043,-8.84411716461182,"Male"
"6018403",371836,2025-07-16 17:51:41,43.3577575683594,-8.84417533874512,"Male"
"6018403",371836,2025-07-16 17:56:15,43.3577003479004,-8.84408187866211,"Male"
"6018403",371836,2025-07-16 18:01:14,43.3576583862305,-8.84407520294189,"Male"
"6018403",371836,2025-07-16 18:06:18,43.3577651977539,-8.84409236907959,"Male"
"6018403",371836,2025-07-16 18:11:15,43.3576240539551,-8.84403514862061,"Male"
"6018403",371836,2025-07-16 18:16:58,43.3576164245605,-8.8441047668457,"Male"
"6018403",371836,2025-07-16 18:21:14,43.3575820922852,-8.84411144256592,"Male"
"6018403",371836,2025-07-16 18:26:15,43.3575439453125,-8.84412860870361,"Male"
"6018403",371836,2025-07-16 18:31:16,43.3575820922852,-8.84402179718018,"Male"
"6018403",371836,2025-07-16 18:36:16,43.3576507568359,-8.84404945373535,"Male"
"6018403",371836,2025-07-16 18:41:15,43.357795715332,-8.844801902771,"Male"
"6018403",371836,2025-07-16 18:46:15,43.3576774597168,-8.84403800964355,"Male"
"6018403",371836,2025-07-16 18:51:15,43.3575477600098,-8.84411239624023,"Male"
"6018403",371836,2025-07-16 18:56:18,43.3575744628906,-8.84411334991455,"Male"
"6018403",371836,2025-07-16 19:01:15,43.3576393127441,-8.84415340423584,"Male"
"6018403",371836,2025-07-16 19:06:17,43.3574485778809,-8.84411239624023,"Male"
"6018403",371836,2025-07-16 19:11:17,43.3575630187988,-8.8441219329834,"Male"
"6018403",371836,2025-07-16 19:16:17,43.3574028015137,-8.84400939941406,"Male"
"6018403",371836,2025-07-16 19:21:24,43.357536315918,-8.84408950805664,"Male"
"6018403",371836,2025-07-16 19:26:14,43.3574905395508,-8.84410953521729,"Male"
"6018403",371836,2025-07-16 19:31:15,43.3576698303223,-8.84418296813965,"Male"
"6018403",371836,2025-07-16 19:36:18,43.3572998046875,-8.84391689300537,"Male"
"6018403",371836,2025-07-16 19:41:18,43.3576622009277,-8.84406852722168,"Male"
"6018403",371836,2025-07-16 19:46:15,43.3577308654785,-8.84433841705322,"Male"
"6018403",371836,2025-07-16 19:51:19,43.3577270507812,-8.84435749053955,"Male"
"6018403",371836,2025-07-16 19:56:15,43.3578262329102,-8.8442440032959,"Male"
"6018403",371836,2025-07-16 20:01:19,43.3576240539551,-8.84413909912109,"Male"
"6018403",371836,2025-07-16 20:06:17,43.3575744628906,-8.84401226043701,"Male"
"6018403",371836,2025-07-16 20:11:16,43.3575668334961,-8.84410667419434,"Male"
"6018403",371836,2025-07-16 20:16:16,43.3575477600098,-8.8440990447998,"Male"
"6018403",371836,2025-07-16 20:21:15,43.3574867248535,-8.84404850006104,"Male"
"6018403",371836,2025-07-16 20:26:17,43.3577613830566,-8.84473133087158,"Male"
"6018403",371836,2025-07-16 20:31:15,43.3575820922852,-8.84397506713867,"Male"
"6018403",371836,2025-07-16 20:36:16,43.3575782775879,-8.84404182434082,"Male"
"6018403",371836,2025-07-16 20:41:15,43.3576049804688,-8.84404850006104,"Male"
"6018403",371836,2025-07-16 20:46:17,43.3576393127441,-8.84404945373535,"Male"
"6018403",371836,2025-07-16 20:51:15,43.3577194213867,-8.84403991699219,"Male"
"6018403",371836,2025-07-16 20:56:16,43.3577156066895,-8.84411239624023,"Male"
"6018403",371836,2025-07-16 21:01:16,43.3576469421387,-8.84408473968506,"Male"
"6018403",371836,2025-07-16 21:06:17,43.3575897216797,-8.84405326843262,"Male"
"6018403",371836,2025-07-16 21:11:17,43.3576507568359,-8.84407138824463,"Male"
"6018403",371836,2025-07-16 21:16:18,43.3577537536621,-8.84407901763916,"Male"
"6018403",371836,2025-07-16 21:21:19,43.3577423095703,-8.84393310546875,"Male"
"6018403",371836,2025-07-16 21:26:19,43.357738494873,-8.84395027160645,"Male"
"6018403",371836,2025-07-16 21:31:21,43.3579177856445,-8.84389495849609,"Male"
"6018403",371836,2025-07-16 21:36:21,43.3579902648926,-8.84389400482178,"Male"
"6018403",371836,2025-07-16 21:41:16,43.3579444885254,-8.84394836425781,"Male"
"6018403",371836,2025-07-16 21:46:18,43.3577270507812,-8.844069480896,"Male"
"6018403",371836,2025-07-16 21:51:27,43.357967376709,-8.84388637542725,"Male"
"6018403",371836,2025-07-16 21:56:19,43.3580055236816,-8.84380149841309,"Male"
"6018403",371836,2025-07-16 22:01:27,43.3573875427246,-8.8442325592041,"Male"
"6018403",371836,2025-07-16 22:06:17,43.3577842712402,-8.8441333770752,"Male"
"6018403",371836,2025-07-16 22:11:16,43.3578872680664,-8.84405612945557,"Male"
"6018403",371836,2025-07-16 22:16:21,43.3576240539551,-8.84391021728516,"Male"
"6018403",371836,2025-07-16 22:21:18,43.3577919006348,-8.84413528442383,"Male"
"6018403",371836,2025-07-16 22:26:29,43.3574523925781,-8.84401988983154,"Male"
"6018403",371836,2025-07-16 22:31:34,43.3576583862305,-8.8440465927124,"Male"
"6018403",371836,2025-07-16 22:36:16,43.3577308654785,-8.84401226043701,"Male"
"6018403",371836,2025-07-16 22:41:19,43.3576469421387,-8.84396839141846,"Male"
"6018403",371836,2025-07-16 22:46:44,43.3576545715332,-8.84406757354736,"Male"
"6018403",371836,2025-07-16 22:51:17,43.3576316833496,-8.84404468536377,"Male"
"6018403",371836,2025-07-16 22:56:15,43.3580741882324,-8.84410953521729,"Male"
"6018403",371836,2025-07-16 23:01:15,43.3579711914062,-8.84404182434082,"Male"
"6018403",371836,2025-07-16 23:06:17,43.3579597473145,-8.84407901763916,"Male"
"6018403",371836,2025-07-16 23:11:26,43.357292175293,-8.84435844421387,"Male"
"6018403",371836,2025-07-16 23:16:18,43.3578071594238,-8.84412860870361,"Male"
"6018403",371836,2025-07-16 23:21:21,43.3578262329102,-8.84403038024902,"Male"
"6018403",371836,2025-07-16 23:26:18,43.3576889038086,-8.84395313262939,"Male"
"6018403",371836,2025-07-16 23:31:28,43.3578071594238,-8.84399223327637,"Male"
"6018403",371836,2025-07-16 23:36:42,43.3578720092773,-8.84404373168945,"Male"
"6018403",371836,2025-07-16 23:41:24,43.3577575683594,-8.84410762786865,"Male"
"6018403",371836,2025-07-16 23:46:32,43.3579063415527,-8.84401798248291,"Male"
"6018403",371836,2025-07-16 23:51:24,43.357852935791,-8.8440637588501,"Male"
"6018403",371836,2025-07-16 23:56:24,43.357738494873,-8.84412479400635,"Male"
"6018403",371836,2025-07-17 00:01:24,43.3577728271484,-8.84412860870361,"Male"
"6018403",371836,2025-07-17 00:06:24,43.3577156066895,-8.84410667419434,"Male"
"6018403",371836,2025-07-17 00:11:23,43.3577880859375,-8.84414100646973,"Male"
"6018403",371836,2025-07-17 00:16:35,43.357593536377,-8.8441686630249,"Male"
"6018403",371836,2025-07-17 00:21:16,43.3578453063965,-8.84369277954102,"Male"
"6018403",371836,2025-07-17 00:26:17,43.3578758239746,-8.84364223480225,"Male"
"6018403",371836,2025-07-17 00:31:18,43.3578414916992,-8.8437032699585,"Male"
"6018403",371836,2025-07-17 00:36:17,43.3578224182129,-8.84368801116943,"Male"
"6018403",371836,2025-07-17 00:41:17,43.3578414916992,-8.84374332427979,"Male"
"6018403",371836,2025-07-17 00:46:23,43.3577156066895,-8.84385585784912,"Male"
"6018403",371836,2025-07-17 00:51:15,43.3578224182129,-8.84382438659668,"Male"
"6018403",371836,2025-07-17 00:56:15,43.357837677002,-8.84379577636719,"Male"
"6018403",371836,2025-07-17 01:01:15,43.3578720092773,-8.84377861022949,"Male"
"6018403",371836,2025-07-17 01:06:16,43.3578605651855,-8.84379386901855,"Male"
"6018403",371836,2025-07-17 01:11:19,43.357593536377,-8.84390258789062,"Male"
"6018403",371836,2025-07-17 01:16:17,43.3579330444336,-8.84390258789062,"Male"
"6018403",371836,2025-07-17 01:21:35,43.3576545715332,-8.84413051605225,"Male"
"6018403",371836,2025-07-17 01:26:16,43.358039855957,-8.84424304962158,"Male"
"6018403",371836,2025-07-17 01:31:17,43.3579559326172,-8.84438133239746,"Male"
"6018403",371836,2025-07-17 01:36:32,43.3576431274414,-8.84414386749268,"Male"
"6018403",371836,2025-07-17 01:41:23,43.3576469421387,-8.84412956237793,"Male"
"6018403",371836,2025-07-17 01:46:23,43.3576278686523,-8.84410953521729,"Male"
"6018403",371836,2025-07-17 01:51:21,43.3576736450195,-8.84416675567627,"Male"
"6018403",371836,2025-07-17 01:56:44,43.3576469421387,-8.84411430358887,"Male"
"6018403",371836,2025-07-17 02:01:21,43.357593536377,-8.8439474105835,"Male"
"6018403",371836,2025-07-17 02:06:19,43.3575820922852,-8.84400749206543,"Male"
"6018403",371836,2025-07-17 02:11:16,43.3573799133301,-8.8439474105835,"Male"
"6018403",371836,2025-07-17 02:16:24,43.3575134277344,-8.84422969818115,"Male"
"6018403",371836,2025-07-17 02:21:18,43.357852935791,-8.84437561035156,"Male"
"6018403",371836,2025-07-17 02:26:24,43.3575325012207,-8.84401798248291,"Male"
"6018403",371836,2025-07-17 02:31:18,43.3574409484863,-8.84418106079102,"Male"
"6018403",371836,2025-07-17 02:36:24,43.3574714660645,-8.84411907196045,"Male"
"6018403",371836,2025-07-17 02:41:16,43.3574295043945,-8.8434534072876,"Male"
"6018403",371836,2025-07-17 02:46:24,43.3574714660645,-8.84409618377686,"Male"
"6018403",371836,2025-07-17 02:51:24,43.357536315918,-8.84408187866211,"Male"
"6018403",371836,2025-07-17 02:56:25,43.3576583862305,-8.84413528442383,"Male"
"6018403",371836,2025-07-17 03:01:24,43.3575592041016,-8.843994140625,"Male"
"6018403",371836,2025-07-17 03:06:24,43.3575859069824,-8.84419345855713,"Male"
"6018403",371836,2025-07-17 03:11:18,43.3573608398438,-8.84365272521973,"Male"
"6018403",371836,2025-07-17 03:16:24,43.3576774597168,-8.84415340423584,"Male"
"6018403",371836,2025-07-17 03:21:15,43.3574485778809,-8.84387969970703,"Male"
"6018403",371836,2025-07-17 03:26:15,43.357364654541,-8.84370899200439,"Male"
"6018403",371836,2025-07-17 03:31:18,43.3573989868164,-8.84378051757812,"Male"
"6018403",371836,2025-07-17 03:36:15,43.3574333190918,-8.84380626678467,"Male"
"6018403",371836,2025-07-17 03:41:15,43.3574523925781,-8.84376907348633,"Male"
"6018403",371836,2025-07-17 03:46:15,43.357421875,-8.84380912780762,"Male"
"6018403",371836,2025-07-17 03:51:15,43.3574485778809,-8.84380149841309,"Male"
"6018403",371836,2025-07-17 03:56:15,43.3574600219727,-8.84376525878906,"Male"
"6018403",371836,2025-07-17 04:01:17,43.3574676513672,-8.84381771087646,"Male"
"6018403",371836,2025-07-17 04:06:15,43.3571548461914,-8.84325695037842,"Male"
"6018403",371836,2025-07-17 04:11:16,43.3574752807617,-8.84384250640869,"Male"
"6018403",371836,2025-07-17 04:16:15,43.3580932617188,-8.84449768066406,"Male"
"6018403",371836,2025-07-17 04:21:24,43.3576469421387,-8.84402656555176,"Male"
"6018403",371836,2025-07-17 04:26:16,43.3575019836426,-8.84387683868408,"Male"
"6018403",371836,2025-07-17 04:31:24,43.3576583862305,-8.84425735473633,"Male"
"6018403",371836,2025-07-17 04:36:16,43.3575820922852,-8.84442138671875,"Male"
"6018403",371836,2025-07-17 04:41:21,43.3577842712402,-8.84482574462891,"Male"
"6018403",371836,2025-07-17 04:46:15,43.3580055236816,-8.84512329101562,"Male"
"6018403",371836,2025-07-17 04:51:43,43.3609008789062,-8.84751987457275,"Male"
"6018403",371836,2025-07-17 04:56:25,43.3622398376465,-8.84118747711182,"Male"
"6018403",371836,2025-07-17 05:01:15,43.3684730529785,-8.85596084594727,"Male"
"6018403",371836,2025-07-17 05:07:38,43.3729133605957,-8.8521556854248,"Male"
"6018403",371836,2025-07-17 05:12:34,43.3729133605957,-8.85137271881104,"Male"
"6018403",371836,2025-07-17 05:16:17,43.3696174621582,-8.85126113891602,"Male"
"6018403",371836,2025-07-17 05:21:15,43.3602142333984,-8.84264945983887,"Male"
"6018403",371836,2025-07-17 05:26:24,43.3569412231445,-8.84493541717529,"Male"
"6018403",371836,2025-07-17 05:31:16,43.3570671081543,-8.84477043151855,"Male"
"6018403",371836,2025-07-17 05:36:16,43.3571929931641,-8.84555053710938,"Male"
"6018403",371836,2025-07-17 05:41:18,43.357063293457,-8.84487056732178,"Male"
"6018403",371836,2025-07-17 05:46:17,43.3570289611816,-8.84482765197754,"Male"
"6018403",371836,2025-07-17 05:51:16,43.3576240539551,-8.84551048278809,"Male"
"6018403",371836,2025-07-17 05:56:21,43.3570976257324,-8.8447904586792,"Male"
"6018403",371836,2025-07-17 06:01:15,43.3571319580078,-8.84478187561035,"Male"
"6018403",371836,2025-07-17 06:06:19,43.3571281433105,-8.84477043151855,"Male"
"6018403",371836,2025-07-17 06:11:19,43.3570594787598,-8.84475040435791,"Male"
"6018403",371836,2025-07-17 06:16:19,43.3572196960449,-8.8446626663208,"Male"
"6018403",371836,2025-07-17 06:21:17,43.3572311401367,-8.84467029571533,"Male"
"6018403",371836,2025-07-17 06:26:16,43.3574104309082,-8.84537601470947,"Male"
"6018403",371836,2025-07-17 06:31:16,43.3572158813477,-8.84460067749023,"Male"
"6018403",371836,2025-07-17 06:36:16,43.3574142456055,-8.84517002105713,"Male"
"6018403",371836,2025-07-17 06:41:15,43.3573570251465,-8.84493637084961,"Male"
"6018403",371836,2025-07-17 06:46:16,43.3572692871094,-8.84455585479736,"Male"
"6018403",371836,2025-07-17 06:51:17,43.3572082519531,-8.84448337554932,"Male"
"6018403",371836,2025-07-17 06:56:16,43.357738494873,-8.84524345397949,"Male"
"6018403",371836,2025-07-17 07:01:17,43.3571395874023,-8.84421539306641,"Male"
"6018403",371836,2025-07-17 07:06:17,43.3573112487793,-8.8449764251709,"Male"
"6018403",371836,2025-07-17 07:11:18,43.3574066162109,-8.84493732452393,"Male"
"6018403",371836,2025-07-17 07:16:31,43.3575401306152,-8.84474658966064,"Male"
"6018403",371836,2025-07-17 07:21:17,43.3575248718262,-8.84479522705078,"Male"
"6018403",371836,2025-07-17 07:26:16,43.3573303222656,-8.84412860870361,"Male"
"6018403",371836,2025-07-17 07:31:44,43.3575325012207,-8.84480857849121,"Male"
"6018403",371836,2025-07-17 07:36:17,43.3571815490723,-8.84379959106445,"Male"
"6018403",371836,2025-07-17 07:41:15,43.3576431274414,-8.84404945373535,"Male"
"6018403",371836,2025-07-17 07:46:16,43.3577499389648,-8.84431457519531,"Male"
"6018403",371836,2025-07-17 07:51:19,43.3577995300293,-8.84415340423584,"Male"
"6018403",371836,2025-07-17 07:56:18,43.3577575683594,-8.8442325592041,"Male"
"6018403",371836,2025-07-17 08:01:16,43.3577423095703,-8.84421443939209,"Male"
"6018403",371836,2025-07-17 08:06:15,43.357738494873,-8.84426689147949,"Male"
"6018403",371836,2025-07-17 08:11:15,43.3575897216797,-8.84406089782715,"Male"
"6018403",371836,2025-07-17 08:16:15,43.3577041625977,-8.84419918060303,"Male"
"6018403",371836,2025-07-17 08:21:15,43.3577461242676,-8.8441162109375,"Male"
"6018403",371836,2025-07-17 08:26:15,43.3577041625977,-8.8440990447998,"Male"
"6018403",371836,2025-07-17 08:31:15,43.3576850891113,-8.84409427642822,"Male"
"6018403",371836,2025-07-17 08:36:15,43.3576774597168,-8.84403514862061,"Male"
"6018403",371836,2025-07-17 08:41:15,43.357738494873,-8.84409618377686,"Male"
"6018403",371836,2025-07-17 08:46:15,43.3577270507812,-8.84402465820312,"Male"
"6018403",371836,2025-07-17 08:51:15,43.3576316833496,-8.84385204315186,"Male"
"6018403",371836,2025-07-17 08:56:17,43.3572578430176,-8.84377002716064,"Male"
"6018403",371836,2025-07-17 09:01:16,43.3575248718262,-8.84371185302734,"Male"
"6018403",371836,2025-07-17 09:06:15,43.357723236084,-8.84405612945557,"Male"
"6018403",371836,2025-07-17 09:11:16,43.3571128845215,-8.84404945373535,"Male"
"6018403",371836,2025-07-17 09:16:15,43.3582305908203,-8.84449195861816,"Male"
"6018403",371836,2025-07-17 09:21:15,43.3591384887695,-8.84486770629883,"Male"
"6018403",371836,2025-07-17 09:26:20,43.3577690124512,-8.84397792816162,"Male"
"6018403",371836,2025-07-17 09:31:15,43.3581199645996,-8.84333896636963,"Male"
"6018403",371836,2025-07-17 09:36:15,43.3603744506836,-8.84545516967773,"Male"
"6018403",371836,2025-07-17 09:41:15,43.3641014099121,-8.85263442993164,"Male"
"6018403",371836,2025-07-17 09:46:15,43.3763694763184,-8.88301944732666,"Male"
"6018403",371836,2025-07-17 09:51:15,43.387767791748,-8.9171314239502,"Male"
"6018403",371836,2025-07-17 09:56:16,43.3946075439453,-8.95004844665527,"Male"
"6018403",371836,2025-07-17 10:01:15,43.3975601196289,-8.98570442199707,"Male"
"6018403",371836,2025-07-17 10:06:15,43.3917579650879,-9.02768802642822,"Male"
"6018403",371836,2025-07-17 10:11:15,43.373706817627,-9.06869697570801,"Male"
"6018403",371836,2025-07-17 10:16:16,43.3695182800293,-9.10802936553955,"Male"
"6018403",371836,2025-07-17 10:21:15,43.3547286987305,-9.13139533996582,"Male"
"6018403",371836,2025-07-17 10:26:16,43.356128692627,-9.12634468078613,"Male"
"6018403",371836,2025-07-17 10:31:18,43.35791015625,-9.12023544311523,"Male"
"6018403",371836,2025-07-17 10:36:19,43.3596038818359,-9.11300086975098,"Male"
"6018403",371836,2025-07-17 10:41:15,43.3510322570801,-9.09281349182129,"Male"
"6018403",371836,2025-07-17 10:46:15,43.330394744873,-9.05222225189209,"Male"
"6018403",371836,2025-07-17 10:51:15,43.315357208252,-9.00816249847412,"Male"
"6018403",371836,2025-07-17 10:56:15,43.3096618652344,-8.96462154388428,"Male"
"6018403",371836,2025-07-17 11:01:15,43.3145446777344,-8.9220085144043,"Male"
"6018403",371836,2025-07-17 11:06:16,43.3208389282227,-8.88515186309814,"Male"
"6018403",371836,2025-07-17 11:11:18,43.3150749206543,-8.85705852508545,"Male"
"6018403",371836,2025-07-17 11:16:18,43.3153038024902,-8.85690498352051,"Male"
"6018403",371836,2025-07-17 11:21:16,43.3201370239258,-8.84634017944336,"Male"
"6018403",371836,2025-07-17 11:26:17,43.3196868896484,-8.84545230865479,"Male"
"6018403",371836,2025-07-17 11:31:16,43.31982421875,-8.84564113616943,"Male"
"6018403",371836,2025-07-17 11:36:17,43.3200149536133,-8.84610843658447,"Male"
"6018403",371836,2025-07-17 11:41:15,43.3200569152832,-8.84611797332764,"Male"
"6018403",371836,2025-07-17 11:46:16,43.3201637268066,-8.84606075286865,"Male"
"6018403",371836,2025-07-17 11:51:15,43.3200378417969,-8.84627056121826,"Male"
"6018403",371836,2025-07-17 11:56:17,43.3200492858887,-8.84623527526855,"Male"
"6018403",371836,2025-07-17 12:01:16,43.3198318481445,-8.84577655792236,"Male"
"6018403",371836,2025-07-17 12:06:24,43.3198890686035,-8.84587669372559,"Male"
"6018403",371836,2025-07-17 12:11:16,43.3198928833008,-8.84620761871338,"Male"
"6018403",371836,2025-07-17 12:16:17,43.3200035095215,-8.84637355804443,"Male"
"6018403",371836,2025-07-17 12:21:17,43.3199157714844,-8.8462553024292,"Male"
"6018403",371836,2025-07-17 12:26:19,43.3198547363281,-8.84611701965332,"Male"
"6018403",371836,2025-07-17 12:31:18,43.3197860717773,-8.84632205963135,"Male"
"6018403",371836,2025-07-17 12:36:19,43.3196716308594,-8.84624004364014,"Male"
"6018403",371836,2025-07-17 12:41:21,43.319751739502,-8.84621810913086,"Male"
"6018403",371836,2025-07-17 12:46:16,43.3198432922363,-8.84630966186523,"Male"
"6018403",371836,2025-07-17 12:51:16,43.3198356628418,-8.84636783599854,"Male"
"6018403",371836,2025-07-17 12:56:22,43.3199768066406,-8.8464527130127,"Male"
"6018403",371836,2025-07-17 13:01:17,43.3198318481445,-8.84644508361816,"Male"
"6018403",371836,2025-07-17 13:06:16,43.3197402954102,-8.84631729125977,"Male"
"6018403",371836,2025-07-17 13:11:17,43.319896697998,-8.84648990631104,"Male"
"6018403",371836,2025-07-17 13:16:17,43.3199920654297,-8.84668731689453,"Male"
"6018403",371836,2025-07-17 13:21:17,43.3200263977051,-8.8464822769165,"Male"
"6018403",371836,2025-07-17 13:26:17,43.3199234008789,-8.84646797180176,"Male"
"6018403",371836,2025-07-17 13:31:17,43.3200836181641,-8.84652042388916,"Male"
"6018403",371836,2025-07-17 13:36:17,43.3195915222168,-8.84731674194336,"Male"
"6018403",371836,2025-07-17 13:41:17,43.3139801025391,-8.85767936706543,"Male"
"6018403",371836,2025-07-17 13:46:19,43.3140449523926,-8.85768890380859,"Male"
"6018403",371836,2025-07-17 13:51:17,43.3231201171875,-8.84992122650146,"Male"
"6018403",371836,2025-07-17 13:56:17,43.346736907959,-8.84709644317627,"Male"
"6018403",371836,2025-07-17 14:01:17,43.3578147888184,-8.84432315826416,"Male"
"6018403",371836,2025-07-17 14:06:17,43.357494354248,-8.84419727325439,"Male"
"6018403",371836,2025-07-17 14:11:17,43.3574028015137,-8.84408378601074,"Male"
"6018403",371836,2025-07-17 14:16:17,43.3577651977539,-8.84430503845215,"Male"
"6018403",371836,2025-07-17 14:21:19,43.3577499389648,-8.84428882598877,"Male"
"6018403",371836,2025-07-17 14:26:17,43.3578491210938,-8.84489631652832,"Male"
"6018403",371836,2025-07-17 14:31:18,43.3578453063965,-8.84430885314941,"Male"
"6018403",371836,2025-07-17 14:36:18,43.3578262329102,-8.84437847137451,"Male"
"6018403",371836,2025-07-17 14:41:24,43.3577537536621,-8.84421062469482,"Male"
"6018403",371836,2025-07-17 14:46:18,43.3576965332031,-8.84416580200195,"Male"
"6018403",371836,2025-07-17 14:51:24,43.357738494873,-8.8441686630249,"Male"
"6018403",371836,2025-07-17 14:56:24,43.3577537536621,-8.84411907196045,"Male"
"6018403",371836,2025-07-17 15:01:17,43.3576622009277,-8.84360694885254,"Male"
"6018403",371836,2025-07-17 15:06:24,43.3578643798828,-8.84480571746826,"Male"
"6018403",371836,2025-07-17 15:12:05,43.357967376709,-8.84477710723877,"Male"
"6018403",371836,2025-07-17 15:16:16,43.3580093383789,-8.84514999389648,"Male"
"6018403",371836,2025-07-17 15:21:17,43.3576011657715,-8.8441162109375,"Male"
"6018403",371836,2025-07-17 15:26:18,43.3575668334961,-8.84413433074951,"Male"
"6018403",371836,2025-07-17 15:31:17,43.3575019836426,-8.84412097930908,"Male"
"6018403",371836,2025-07-17 15:36:18,43.3574256896973,-8.84407043457031,"Male"
"6018403",371836,2025-07-17 15:41:16,43.3663101196289,-8.82639408111572,"Male"
"6018403",371836,2025-07-17 15:46:17,43.360034942627,-8.81919860839844,"Male"
"6018403",371836,2025-07-17 15:51:16,43.3638114929199,-8.81683444976807,"Male"
"6018403",371836,2025-07-17 15:56:17,43.3661727905273,-8.81894779205322,"Male"
"6018403",371836,2025-07-17 16:01:16,43.3575096130371,-8.84396362304688,"Male"
"6018403",371836,2025-07-17 16:06:17,43.3575401306152,-8.84457874298096,"Male"
"6018403",371836,2025-07-17 16:11:16,43.3579368591309,-8.84471607208252,"Male"
"6018403",371836,2025-07-17 16:16:19,43.3577003479004,-8.84426307678223,"Male"
"6018403",371836,2025-07-17 16:21:18,43.3574676513672,-8.84398555755615,"Male"
"6018403",371836,2025-07-17 16:26:19,43.3579025268555,-8.84492874145508,"Male"
"6018403",371836,2025-07-17 16:31:19,43.3578033447266,-8.84482479095459,"Male"
"6018403",371836,2025-07-17 16:36:17,43.3578262329102,-8.84511852264404,"Male"
"6018403",371836,2025-07-17 16:41:17,43.3578872680664,-8.84519863128662,"Male"
"6018403",371836,2025-07-17 16:46:16,43.3579444885254,-8.84496021270752,"Male"
"6018403",371836,2025-07-17 16:51:17,43.3579711914062,-8.84514427185059,"Male"
"6018403",371836,2025-07-17 16:56:16,43.3579216003418,-8.84556770324707,"Male"
"6018403",371836,2025-07-17 17:01:16,43.357837677002,-8.84475612640381,"Male"
"6018403",371836,2025-07-17 17:06:17,43.3579864501953,-8.84514808654785,"Male"
"6018403",371836,2025-07-17 17:11:18,43.3579177856445,-8.84519863128662,"Male"
"6018403",371836,2025-07-17 17:16:17,43.3579254150391,-8.84499835968018,"Male"
"6018403",371836,2025-07-17 17:21:17,43.3579864501953,-8.84520721435547,"Male"
"6018403",371836,2025-07-17 17:26:17,43.3579254150391,-8.84521484375,"Male"
"6018403",371836,2025-07-17 17:31:17,43.3579063415527,-8.84533309936523,"Male"
"6018403",371836,2025-07-17 17:36:17,43.3580894470215,-8.84519100189209,"Male"
"6018403",371836,2025-07-17 17:41:16,43.3593597412109,-8.84603404998779,"Male"
"6018403",371836,2025-07-17 17:46:16,43.3679046630859,-8.83432674407959,"Male"
"6018403",371836,2025-07-17 17:51:17,43.3687400817871,-8.83147430419922,"Male"
"6018403",371836,2025-07-17 17:56:16,43.3624000549316,-8.83231163024902,"Male"
"6018403",371836,2025-07-17 18:01:17,43.3583145141602,-8.84405612945557,"Male"
"6018403",371836,2025-07-17 18:06:17,43.3577041625977,-8.84467124938965,"Male"
"6018403",371836,2025-07-17 18:11:16,43.3577651977539,-8.84453582763672,"Male"
"6018403",371836,2025-07-17 18:16:19,43.3577728271484,-8.84459972381592,"Male"
"6018403",371836,2025-07-17 18:21:19,43.3580169677734,-8.84518718719482,"Male"
"6018403",371836,2025-07-17 18:26:18,43.3580284118652,-8.84524345397949,"Male"
"6018403",371836,2025-07-17 18:31:18,43.3576774597168,-8.84450149536133,"Male"
"6018403",371836,2025-07-17 18:36:16,43.3579177856445,-8.84519863128662,"Male"
"6018403",371836,2025-07-17 18:41:21,43.3579864501953,-8.84521007537842,"Male"
"6018403",371836,2025-07-17 18:46:18,43.3579864501953,-8.84510707855225,"Male"
"6018403",371836,2025-07-17 18:51:19,43.3578605651855,-8.84445762634277,"Male"
"6018403",371836,2025-07-17 18:56:17,43.3582191467285,-8.84507083892822,"Male"
"6018403",371836,2025-07-17 19:01:17,43.3581962585449,-8.84516716003418,"Male"
"6018403",371836,2025-07-17 19:06:17,43.3581581115723,-8.84508419036865,"Male"
"6018403",371836,2025-07-17 19:11:18,43.358154296875,-8.84501075744629,"Male"
"6018403",371836,2025-07-17 19:16:24,43.3580513000488,-8.84505462646484,"Male"
"6018403",371836,2025-07-17 19:21:22,43.3581275939941,-8.84500408172607,"Male"
"6018403",371836,2025-07-17 19:26:17,43.3597412109375,-8.84659671783447,"Male"
"6018403",371836,2025-07-17 19:31:24,43.3579597473145,-8.84437274932861,"Male"
"6018403",371836,2025-07-17 19:36:17,43.3580894470215,-8.84447574615479,"Male"
"6018403",371836,2025-07-17 19:41:20,43.3583297729492,-8.84471225738525,"Male"
"6018403",371836,2025-07-17 19:46:20,43.3580017089844,-8.8443431854248,"Male"
"6018403",371836,2025-07-17 19:51:22,43.3579559326172,-8.84439086914062,"Male"
"6018403",371836,2025-07-17 19:56:21,43.3579330444336,-8.84445190429688,"Male"
"6018403",371836,2025-07-17 20:01:19,43.3582611083984,-8.84501934051514,"Male"
"6018403",371836,2025-07-17 20:06:17,43.3579292297363,-8.84443664550781,"Male"
"6018403",371836,2025-07-17 20:11:17,43.3583717346191,-8.84520721435547,"Male"
"6018403",371836,2025-07-17 20:16:18,43.3578872680664,-8.84438419342041,"Male"
"6018403",371836,2025-07-17 20:21:17,43.3582992553711,-8.84451484680176,"Male"
"6018403",371836,2025-07-17 20:26:17,43.3578186035156,-8.84376525878906,"Male"
"6018403",371836,2025-07-17 20:31:18,43.3576698303223,-8.84387683868408,"Male"
"6018403",371836,2025-07-17 20:36:17,43.3583068847656,-8.8449649810791,"Male"
"6018403",371836,2025-07-17 20:41:19,43.3581657409668,-8.84326553344727,"Male"
"6018403",371836,2025-07-17 20:46:17,43.3578987121582,-8.84371948242188,"Male"
"6018403",371836,2025-07-17 20:51:17,43.3580322265625,-8.84416580200195,"Male"
"6018403",371836,2025-07-17 20:56:16,43.3584403991699,-8.84327983856201,"Male"
"6018403",371836,2025-07-17 21:01:16,43.3584976196289,-8.84327220916748,"Male"
"6018403",371836,2025-07-17 21:06:17,43.3583869934082,-8.8434009552002,"Male"
"6018403",371836,2025-07-17 21:11:21,43.3587265014648,-8.84299850463867,"Male"
"6018403",371836,2025-07-17 21:16:17,43.3583831787109,-8.84377002716064,"Male"
"6018403",371836,2025-07-17 21:21:19,43.3581199645996,-8.84342670440674,"Male"
"6018403",371836,2025-07-17 21:26:18,43.358211517334,-8.84361743927002,"Male"
"6018403",371836,2025-07-17 21:31:17,43.3581161499023,-8.84375762939453,"Male"
"6018403",371836,2025-07-17 21:36:16,43.3580894470215,-8.84384536743164,"Male"
"6018403",371836,2025-07-17 21:41:21,43.3579597473145,-8.84366893768311,"Male"
"6018403",371836,2025-07-17 21:46:17,43.3579978942871,-8.84366798400879,"Male"
"6018403",371836,2025-07-17 21:51:17,43.3581047058105,-8.84410190582275,"Male"
"6018403",371836,2025-07-17 21:56:16,43.3580741882324,-8.84408187866211,"Male"
"6018403",371836,2025-07-17 22:01:19,43.3579216003418,-8.8438892364502,"Male"
"6018403",371836,2025-07-17 22:06:17,43.3578948974609,-8.84413242340088,"Male"
"6018403",371836,2025-07-17 22:11:19,43.3578872680664,-8.84404850006104,"Male"
"6018403",371836,2025-07-17 22:16:18,43.3579711914062,-8.84415054321289,"Male"
"6018403",371836,2025-07-17 22:21:21,43.3579444885254,-8.84414768218994,"Male"
"6018403",371836,2025-07-17 22:26:18,43.358024597168,-8.84426498413086,"Male"
"6018403",371836,2025-07-17 22:31:29,43.3579254150391,-8.84421348571777,"Male"
"6018403",371836,2025-07-17 22:36:35,43.3575248718262,-8.84406185150146,"Male"
"6018403",371836,2025-07-17 22:41:19,43.3575325012207,-8.84402656555176,"Male"
"6018403",371836,2025-07-17 22:46:23,43.3579177856445,-8.84409332275391,"Male"
"6018403",371836,2025-07-17 22:51:17,43.357666015625,-8.8440055847168,"Male"
"6018403",371836,2025-07-17 22:56:16,43.3580169677734,-8.84400081634521,"Male"
"6018403",371836,2025-07-17 23:01:16,43.358097076416,-8.84399127960205,"Male"
"6018403",371836,2025-07-17 23:06:16,43.3579635620117,-8.84400367736816,"Male"
"6018403",371836,2025-07-17 23:11:16,43.3579063415527,-8.84431648254395,"Male"
"6018403",371836,2025-07-17 23:16:17,43.3578605651855,-8.84427070617676,"Male"
"6018403",371836,2025-07-17 23:21:17,43.3578147888184,-8.84427928924561,"Male"
"6018403",371836,2025-07-17 23:26:16,43.3578910827637,-8.84398174285889,"Male"
"6018403",371836,2025-07-17 23:31:21,43.3578758239746,-8.8440408706665,"Male"
"6018403",371836,2025-07-17 23:36:16,43.3579559326172,-8.84400081634521,"Male"
"6018403",371836,2025-07-17 23:41:16,43.3579330444336,-8.84403133392334,"Male"
"6018403",371836,2025-07-17 23:46:16,43.3578834533691,-8.84411430358887,"Male"
"6018403",371836,2025-07-17 23:51:17,43.3578681945801,-8.84415912628174,"Male"
"6018403",371836,2025-07-17 23:56:16,43.3578224182129,-8.84415817260742,"Male"
"6018403",371836,2025-07-18 00:01:18,43.357837677002,-8.84414577484131,"Male"
"6018403",371836,2025-07-18 00:06:17,43.3578338623047,-8.84426689147949,"Male"
"6018403",371836,2025-07-18 00:11:16,43.357852935791,-8.8441915512085,"Male"
"6018403",371836,2025-07-18 00:16:19,43.3578567504883,-8.8442211151123,"Male"
"6018403",371836,2025-07-18 00:21:22,43.3578720092773,-8.84423351287842,"Male"
"6018403",371836,2025-07-18 00:26:16,43.3578300476074,-8.84426021575928,"Male"
"6018403",371836,2025-07-18 00:31:16,43.3578071594238,-8.84427261352539,"Male"
"6018403",371836,2025-07-18 00:36:16,43.3578681945801,-8.84426593780518,"Male"
"6018403",371836,2025-07-18 00:41:17,43.3577003479004,-8.84433937072754,"Male"
"6018403",371836,2025-07-18 00:46:19,43.3577880859375,-8.84437942504883,"Male"
"6018403",371836,2025-07-18 00:51:18,43.3577346801758,-8.84429931640625,"Male"
"6018403",371836,2025-07-18 00:56:17,43.3577461242676,-8.84437656402588,"Male"
"6018403",371836,2025-07-18 01:01:17,43.3576812744141,-8.84430885314941,"Male"
"6018403",371836,2025-07-18 01:06:16,43.3577156066895,-8.84440326690674,"Male"
"6018403",371836,2025-07-18 01:11:16,43.3577537536621,-8.84440898895264,"Male"
"6018403",371836,2025-07-18 01:16:16,43.3576469421387,-8.84425830841064,"Male"
"6018403",371836,2025-07-18 01:21:16,43.3577728271484,-8.84413242340088,"Male"
"6018403",371836,2025-07-18 01:26:16,43.3579940795898,-8.84408664703369,"Male"
"6018403",371836,2025-07-18 01:31:18,43.357795715332,-8.84437084197998,"Male"
"6018403",371836,2025-07-18 01:36:18,43.3577613830566,-8.84432697296143,"Male"
"6018403",371836,2025-07-18 01:41:18,43.357852935791,-8.84437370300293,"Male"
"6018403",371836,2025-07-18 01:46:17,43.3579254150391,-8.84440994262695,"Male"
"6018403",371836,2025-07-18 01:51:17,43.3581237792969,-8.84475994110107,"Male"
"6018403",371836,2025-07-18 01:56:19,43.3578643798828,-8.84433650970459,"Male"
"6018403",371836,2025-07-18 02:01:17,43.3587532043457,-8.8448543548584,"Male"
"6018403",371836,2025-07-18 02:06:21,43.357666015625,-8.84479141235352,"Male"
"6018403",371836,2025-07-18 02:11:49,43.3575744628906,-8.84457969665527,"Male"
"6018403",371836,2025-07-18 02:16:15,43.3575325012207,-8.84426116943359,"Male"
"6018403",371836,2025-07-18 02:21:15,43.3575057983398,-8.84431743621826,"Male"
"6018403",371836,2025-07-18 02:26:19,43.357551574707,-8.8441333770752,"Male"
"6018403",371836,2025-07-18 02:31:17,43.3575401306152,-8.84420013427734,"Male"
"6018403",371836,2025-07-18 02:36:16,43.3577499389648,-8.84394073486328,"Male"
"6018403",371836,2025-07-18 02:41:16,43.3575706481934,-8.84418869018555,"Male"
"6018403",371836,2025-07-18 02:46:23,43.357666015625,-8.84405899047852,"Male"
"6018403",371836,2025-07-18 02:51:24,43.3576736450195,-8.84407043457031,"Male"
"6018403",371836,2025-07-18 02:56:25,43.3576774597168,-8.84408950805664,"Male"
"6018403",371836,2025-07-18 03:01:17,43.3575401306152,-8.84417247772217,"Male"
"6018403",371836,2025-07-18 03:06:16,43.3576431274414,-8.84405040740967,"Male"
"6018403",371836,2025-07-18 03:11:17,43.3576698303223,-8.844069480896,"Male"
"6018403",371836,2025-07-18 03:16:17,43.3576507568359,-8.84409046173096,"Male"
"6018403",371836,2025-07-18 03:21:16,43.3576698303223,-8.84403991699219,"Male"
"6018403",371836,2025-07-18 03:26:17,43.3576736450195,-8.84403610229492,"Male"
"6018403",371836,2025-07-18 03:31:16,43.3576240539551,-8.84402561187744,"Male"
"6018403",371836,2025-07-18 03:36:16,43.3576316833496,-8.84404945373535,"Male"
"6018403",371836,2025-07-18 03:41:17,43.3576545715332,-8.84407234191895,"Male"
"6018403",371836,2025-07-18 03:46:16,43.3576164245605,-8.84395790100098,"Male"
"6018403",371836,2025-07-18 03:51:16,43.3574142456055,-8.84439945220947,"Male"
"6018403",371836,2025-07-18 03:56:16,43.3577423095703,-8.84411811828613,"Male"
"6018403",371836,2025-07-18 04:01:17,43.3576431274414,-8.84417343139648,"Male"
"6018403",371836,2025-07-18 04:06:19,43.3575744628906,-8.84414482116699,"Male"
"6018403",371836,2025-07-18 04:11:17,43.3574829101562,-8.84409236907959,"Male"
"6018403",371836,2025-07-18 04:16:17,43.3574981689453,-8.84395790100098,"Male"
"6018403",371836,2025-07-18 04:21:17,43.357536315918,-8.84405612945557,"Male"
"6018403",371836,2025-07-18 04:26:16,43.3576774597168,-8.84416675567627,"Male"
"6018403",371836,2025-07-18 04:31:17,43.3577842712402,-8.84427356719971,"Male"
"6018403",371836,2025-07-18 04:36:17,43.3578300476074,-8.84434413909912,"Male"
"6018403",371836,2025-07-18 04:41:18,43.3579292297363,-8.84446430206299,"Male"
"6018403",371836,2025-07-18 04:46:16,43.3582038879395,-8.84602069854736,"Male"
"6018403",371836,2025-07-18 04:51:24,43.3578605651855,-8.84477424621582,"Male"
"6018403",371836,2025-07-18 04:56:18,43.3578567504883,-8.8447322845459,"Male"
"6018403",371836,2025-07-18 05:01:16,43.3665237426758,-8.84445667266846,"Male"
"6018403",371836,2025-07-18 05:06:17,43.3684425354004,-8.8315258026123,"Male"
"6018403",371836,2025-07-18 05:11:16,43.3646697998047,-8.84414768218994,"Male"
"6018403",371836,2025-07-18 05:16:17,43.3577919006348,-8.84454154968262,"Male"
"6018403",371836,2025-07-18 05:21:19,43.3576011657715,-8.84417057037354,"Male"
"6018403",371836,2025-07-18 05:26:18,43.3577003479004,-8.84470558166504,"Male"
"6018403",371836,2025-07-18 05:31:16,43.3577880859375,-8.8445873260498,"Male"
"6018403",371836,2025-07-18 05:36:16,43.3578147888184,-8.84470748901367,"Male"
"6018403",371836,2025-07-18 05:41:17,43.3577194213867,-8.84470176696777,"Male"
"6018403",371836,2025-07-18 05:46:17,43.3578300476074,-8.84521961212158,"Male"
"6018403",371836,2025-07-18 05:51:17,43.3577041625977,-8.84456825256348,"Male"
"6018403",371836,2025-07-18 05:56:17,43.3577117919922,-8.84475231170654,"Male"
"6018403",371836,2025-07-18 06:01:17,43.3577651977539,-8.84447574615479,"Male"
"6018403",371836,2025-07-18 06:06:17,43.3575553894043,-8.84467601776123,"Male"
"6018403",371836,2025-07-18 06:11:16,43.3577575683594,-8.84441375732422,"Male"
"6018403",371836,2025-07-18 06:16:16,43.3578910827637,-8.84500408172607,"Male"
"6018403",371836,2025-07-18 06:21:16,43.3576011657715,-8.84504890441895,"Male"
"6018403",371836,2025-07-18 06:26:18,43.357723236084,-8.84431171417236,"Male"
"6018403",371836,2025-07-18 06:31:16,43.357738494873,-8.84434032440186,"Male"
"6018403",371836,2025-07-18 06:36:17,43.3575782775879,-8.84418964385986,"Male"
"6018403",371836,2025-07-18 06:41:17,43.3577308654785,-8.84427452087402,"Male"
"6018403",371836,2025-07-18 06:46:17,43.3576202392578,-8.84419918060303,"Male"
"6018403",371836,2025-07-18 06:51:17,43.3572692871094,-8.84444427490234,"Male"
"6018403",371836,2025-07-18 06:56:18,43.3575744628906,-8.84523963928223,"Male"
"6018403",371836,2025-07-18 07:01:23,43.357608795166,-8.84414100646973,"Male"
"6018403",371836,2025-07-18 07:06:18,43.3573570251465,-8.84403896331787,"Male"
"6018403",371836,2025-07-18 07:11:21,43.3578071594238,-8.84400177001953,"Male"
"6018403",371836,2025-07-18 07:16:17,43.3574142456055,-8.84382438659668,"Male"
"6018403",371836,2025-07-18 07:21:17,43.3580474853516,-8.84396553039551,"Male"
"6018403",371836,2025-07-18 07:26:19,43.3583068847656,-8.8436918258667,"Male"
"6018403",371836,2025-07-18 07:31:16,43.3585319519043,-8.84374904632568,"Male"
"6018403",371836,2025-07-18 07:36:17,43.3591270446777,-8.8449125289917,"Male"
"6018403",371836,2025-07-18 07:41:18,43.3590507507324,-8.84499073028564,"Male"
"6018403",371836,2025-07-18 07:46:22,43.3592758178711,-8.84500789642334,"Male"
"6018403",371836,2025-07-18 07:51:18,43.3592643737793,-8.84505271911621,"Male"
"6018403",371836,2025-07-18 07:56:18,43.3591384887695,-8.8458251953125,"Male"
"6018403",371836,2025-07-18 08:01:19,43.3587303161621,-8.84394264221191,"Male"
"6018403",371836,2025-07-18 08:06:18,43.358585357666,-8.84440803527832,"Male"
"6018403",371836,2025-07-18 08:11:20,43.3583755493164,-8.84473896026611,"Male"
"6018403",371836,2025-07-18 08:16:17,43.3591003417969,-8.84575176239014,"Male"
"6018403",371836,2025-07-18 08:21:17,43.3584480285645,-8.84463214874268,"Male"
"6018403",371836,2025-07-18 08:26:21,43.3585433959961,-8.84525585174561,"Male"
"6018403",371836,2025-07-18 08:31:42,43.3576545715332,-8.84413242340088,"Male"
"6018403",371836,2025-07-18 08:36:16,43.357292175293,-8.84421730041504,"Male"
"6018403",371836,2025-07-18 08:41:16,43.3576965332031,-8.84410190582275,"Male"
"6018403",371836,2025-07-18 08:46:16,43.3574295043945,-8.84416389465332,"Male"
"6018403",371836,2025-07-18 08:51:16,43.3575057983398,-8.84408569335938,"Male"
"6018403",371836,2025-07-18 08:56:18,43.3576736450195,-8.84416103363037,"Male"
"6018403",371836,2025-07-18 09:01:18,43.3575019836426,-8.84403705596924,"Male"
"6018403",371836,2025-07-18 09:06:16,43.357364654541,-8.84397125244141,"Male"
"6018403",371836,2025-07-18 09:11:17,43.3577308654785,-8.84390544891357,"Male"
"6018403",371836,2025-07-18 09:16:16,43.3576545715332,-8.84365272521973,"Male"
"6018403",371836,2025-07-18 09:21:16,43.3576469421387,-8.84360408782959,"Male"
"6018403",371836,2025-07-18 09:26:17,43.3576927185059,-8.84373569488525,"Male"
"6018403",371836,2025-07-18 09:31:21,43.3576889038086,-8.84400653839111,"Male"
"6018403",371836,2025-07-18 09:36:21,43.3577041625977,-8.84447574615479,"Male"
"6018403",371836,2025-07-18 09:41:27,43.357795715332,-8.84450054168701,"Male"
"6018403",371836,2025-07-18 09:46:24,43.3577995300293,-8.84450244903564,"Male"
"6018403",371836,2025-07-18 09:51:17,43.3576583862305,-8.84428119659424,"Male"
"6018403",371836,2025-07-18 09:56:34,43.3686828613281,-8.84002304077148,"Male"
"6018403",371836,2025-07-18 10:01:22,43.3633232116699,-8.823073387146,"Male"
"6018403",371836,2025-07-18 10:06:32,43.3643646240234,-8.82405948638916,"Male"
"6018403",371836,2025-07-18 10:11:21,43.3651275634766,-8.82517051696777,"Male"
"6018403",371836,2025-07-18 10:16:24,43.3660202026367,-8.82745170593262,"Male"
"6018403",371836,2025-07-18 10:21:21,43.3580551147461,-8.84460639953613,"Male"
"6018403",371836,2025-07-18 10:26:23,43.3576812744141,-8.8443775177002,"Male"
"6018403",371836,2025-07-18 10:31:19,43.3583831787109,-8.84596824645996,"Male"
"6018403",371836,2025-07-18 10:36:24,43.3578109741211,-8.84537887573242,"Male"
"6018403",371836,2025-07-18 10:41:24,43.3578681945801,-8.84529304504395,"Male"
"6018403",371836,2025-07-18 10:46:32,43.3577156066895,-8.84410285949707,"Male"
"6018403",371836,2025-07-18 10:51:18,43.3582382202148,-8.84474754333496,"Male"
"6018403",371836,2025-07-18 10:56:17,43.3585472106934,-8.8451566696167,"Male"
"6018403",371836,2025-07-18 11:01:21,43.3578720092773,-8.84493446350098,"Male"
"6018403",371836,2025-07-18 11:06:25,43.3575668334961,-8.84434700012207,"Male"
"6018403",371836,2025-07-18 11:11:24,43.3579025268555,-8.8441858291626,"Male"
"6018403",371836,2025-07-18 11:16:21,43.3578491210938,-8.84488487243652,"Male"
"6018403",371836,2025-07-18 11:21:16,43.3576927185059,-8.84412670135498,"Male"
"6018403",371836,2025-07-18 11:26:17,43.357852935791,-8.84385299682617,"Male"
"6018403",371836,2025-07-18 11:31:23,43.3576583862305,-8.84412670135498,"Male"
"6018403",371836,2025-07-18 11:36:17,43.3578109741211,-8.84453964233398,"Male"
"6018403",371836,2025-07-18 11:41:16,43.3577270507812,-8.84417247772217,"Male"
"6018403",371836,2025-07-18 11:46:16,43.3585891723633,-8.84463119506836,"Male"
"6018403",371836,2025-07-18 11:51:16,43.3574905395508,-8.84506416320801,"Male"
"6018403",371836,2025-07-18 11:56:23,43.3578224182129,-8.84454822540283,"Male"
"6018403",371836,2025-07-18 12:01:23,43.3578910827637,-8.84463691711426,"Male"
"6018403",371836,2025-07-18 12:06:24,43.3578453063965,-8.84481525421143,"Male"
"6018403",371836,2025-07-18 12:11:22,43.348991394043,-8.84309005737305,"Male"
"6018403",371836,2025-07-18 12:16:23,43.3235321044922,-8.84853076934814,"Male"
"6018403",371836,2025-07-18 12:21:35,43.3142166137695,-8.85713863372803,"Male"
"6018403",371836,2025-07-18 12:26:22,43.3291778564453,-8.84662914276123,"Male"
"6018403",371836,2025-07-18 12:31:48,43.3579559326172,-8.84538173675537,"Male"
"6018403",371836,2025-07-18 12:36:25,43.3576965332031,-8.84419536590576,"Male"
"6018403",371836,2025-07-18 12:41:24,43.3577041625977,-8.84419059753418,"Male"
"6018403",371836,2025-07-18 12:46:24,43.3577690124512,-8.84414863586426,"Male"
"6018403",371836,2025-07-18 12:51:27,43.357666015625,-8.84416484832764,"Male"
"6018403",371836,2025-07-18 12:56:25,43.3577423095703,-8.84421062469482,"Male"
"6018403",371836,2025-07-18 13:01:25,43.3577079772949,-8.84425640106201,"Male"
"6018403",371836,2025-07-18 13:06:24,43.3575744628906,-8.84475898742676,"Male"
"6018403",371836,2025-07-18 13:11:24,43.3699989318848,-8.84519004821777,"Male"
"6018403",371836,2025-07-18 13:17:05,43.361011505127,-8.84667110443115,"Male"
"6018403",371836,2025-07-18 13:21:20,43.357780456543,-8.84422779083252,"Male"
"6018403",371836,2025-07-18 13:26:21,43.3579330444336,-8.84456634521484,"Male"
"6018403",371836,2025-07-18 13:31:20,43.3579063415527,-8.84451580047607,"Male"
"6018403",371836,2025-07-18 13:36:22,43.3578872680664,-8.84459209442139,"Male"
"6018403",371836,2025-07-18 13:41:17,43.3576850891113,-8.84418869018555,"Male"
"6018403",371836,2025-07-18 13:46:19,43.3579406738281,-8.84459209442139,"Male"
"6018403",371836,2025-07-18 13:51:17,43.3576774597168,-8.84424495697021,"Male"
"6018403",371836,2025-07-18 13:56:18,43.3578071594238,-8.84446716308594,"Male"
"6018403",371836,2025-07-18 14:01:17,43.3597221374512,-8.82938194274902,"Male"
"6018403",371836,2025-07-18 14:06:17,43.3828010559082,-8.83694076538086,"Male"
"6018403",371836,2025-07-18 14:11:17,43.4190216064453,-8.82832813262939,"Male"
"6018403",371836,2025-07-18 14:16:20,43.4378395080566,-8.79846858978271,"Male"
"6018403",371836,2025-07-18 14:21:17,43.4186744689941,-8.80344486236572,"Male"
"6018403",371836,2025-07-18 14:26:17,43.3953170776367,-8.81710433959961,"Male"
"6018403",371836,2025-07-18 14:31:17,43.3713340759277,-8.83031940460205,"Male"
"6018403",371836,2025-07-18 14:36:17,43.3577537536621,-8.84423637390137,"Male"
"6018403",371836,2025-07-18 14:41:19,43.3578109741211,-8.84421253204346,"Male"
"6018403",371836,2025-07-18 14:46:20,43.3573150634766,-8.84469318389893,"Male"
"6018403",371836,2025-07-18 14:51:19,43.3576850891113,-8.84431838989258,"Male"
"6018403",371836,2025-07-18 14:56:19,43.3574829101562,-8.84442329406738,"Male"
"6018403",371836,2025-07-18 15:01:22,43.3576622009277,-8.84429264068604,"Male"
"6018403",371836,2025-07-18 15:06:22,43.3575973510742,-8.84429454803467,"Male"
"6018403",371836,2025-07-18 15:11:25,43.3576393127441,-8.84428882598877,"Male"
"6018403",371836,2025-07-18 15:16:22,43.3575744628906,-8.84439373016357,"Male"
"6018403",371836,2025-07-18 15:21:26,43.3575744628906,-8.84425163269043,"Male"
"6018403",371836,2025-07-18 15:26:23,43.357593536377,-8.8442850112915,"Male"
"6018403",371836,2025-07-18 15:31:24,43.357536315918,-8.8443021774292,"Male"
"6018403",371836,2025-07-18 15:36:24,43.357551574707,-8.84426307678223,"Male"
"6018403",371836,2025-07-18 15:41:31,43.3574676513672,-8.84432029724121,"Male"
"6018403",371836,2025-07-18 15:46:24,43.3575019836426,-8.84437274932861,"Male"
"6018403",371836,2025-07-18 15:51:26,43.3574829101562,-8.84429550170898,"Male"
"6018403",371836,2025-07-18 15:56:28,43.3576240539551,-8.84414577484131,"Male"
"6018403",371836,2025-07-18 16:01:36,43.357608795166,-8.84417819976807,"Male"
"6018403",371836,2025-07-18 16:06:42,43.3575668334961,-8.84416675567627,"Male"
"6018403",371836,2025-07-18 16:11:20,43.3576507568359,-8.84427833557129,"Male"
"6018403",371836,2025-07-18 16:16:40,43.3573837280273,-8.8440408706665,"Male"
"6018403",371836,2025-07-18 16:21:34,43.3573875427246,-8.84404754638672,"Male"
"6018403",371836,2025-07-18 16:26:19,43.357608795166,-8.84487628936768,"Male"
"6018403",371836,2025-07-18 16:31:20,43.3574829101562,-8.84440326690674,"Male"
"6018403",371836,2025-07-18 16:36:27,43.3581199645996,-8.84501647949219,"Male"
"6018403",371836,2025-07-18 16:41:23,43.358081817627,-8.84427833557129,"Male"
"6018403",371836,2025-07-18 16:46:24,43.3577003479004,-8.84364795684814,"Male"
"6018403",371836,2025-07-18 16:51:25,43.357723236084,-8.8438138961792,"Male"
"6018403",371836,2025-07-18 16:56:26,43.3579025268555,-8.84434032440186,"Male"
"6018403",371836,2025-07-18 17:01:41,43.3578071594238,-8.84447479248047,"Male"
"6018403",371836,2025-07-18 17:06:39,43.3579254150391,-8.84500312805176,"Male"
"6018403",371836,2025-07-18 17:11:26,43.3577880859375,-8.84463977813721,"Male"
"6018403",371836,2025-07-18 17:16:22,43.3570785522461,-8.84496307373047,"Male"
"6018403",371836,2025-07-18 17:21:23,43.3580589294434,-8.84439468383789,"Male"
"6018403",371836,2025-07-18 17:26:40,43.35791015625,-8.84451103210449,"Male"
"6018403",371836,2025-07-18 17:31:24,43.3578567504883,-8.84476089477539,"Male"
"6018403",371836,2025-07-18 17:36:23,43.3572578430176,-8.844482421875,"Male"
"6018403",371836,2025-07-18 17:41:21,43.3576011657715,-8.84436130523682,"Male"
"6018403",371836,2025-07-18 17:46:24,43.3577117919922,-8.84450531005859,"Male"
"6018403",371836,2025-07-18 17:51:21,43.3576316833496,-8.84486770629883,"Male"
"6018403",371836,2025-07-18 17:56:19,43.3574028015137,-8.84491920471191,"Male"
"6018403",371836,2025-07-18 18:01:37,43.3571891784668,-8.84489727020264,"Male"
"6018403",371836,2025-07-18 18:06:19,43.3573226928711,-8.84511852264404,"Male"
"6018403",371836,2025-07-18 18:11:22,43.3578109741211,-8.84443855285645,"Male"
"6018403",371836,2025-07-18 18:16:23,43.357723236084,-8.84435749053955,"Male"
"6018403",371836,2025-07-18 18:21:35,43.3578109741211,-8.84444332122803,"Male"
"6018403",371836,2025-07-18 18:26:19,43.3574409484863,-8.84403228759766,"Male"
"6018403",371836,2025-07-18 18:31:25,43.3577461242676,-8.84437656402588,"Male"
"6018403",371836,2025-07-18 18:36:24,43.357666015625,-8.84416675567627,"Male"
"6018403",371836,2025-07-18 18:41:21,43.3578338623047,-8.84405612945557,"Male"
"6018403",371836,2025-07-18 18:46:24,43.3579177856445,-8.84413528442383,"Male"
"6018403",371836,2025-07-18 18:51:24,43.3579635620117,-8.84428787231445,"Male"
"6018403",371836,2025-07-18 18:56:37,43.3573341369629,-8.84486770629883,"Male"
"6018403",371836,2025-07-18 19:01:33,43.3572540283203,-8.84480381011963,"Male"
"6018403",371836,2025-07-18 19:06:18,43.3574371337891,-8.84446239471436,"Male"
"6018403",371836,2025-07-18 19:11:18,43.3574714660645,-8.84468460083008,"Male"
"6018403",371836,2025-07-18 19:16:18,43.357494354248,-8.84420013427734,"Male"
"6018403",371836,2025-07-18 19:21:18,43.357551574707,-8.84416198730469,"Male"
"6018403",371836,2025-07-18 19:26:17,43.3582077026367,-8.84399890899658,"Male"
"6018403",371836,2025-07-18 19:31:48,43.3573608398438,-8.84433650970459,"Male"
"6018403",371836,2025-07-18 19:36:22,43.3574867248535,-8.84421825408936,"Male"
"6018403",371836,2025-07-18 19:41:21,43.3573837280273,-8.84414958953857,"Male"
"6018403",371836,2025-07-18 19:46:19,43.3573608398438,-8.84420108795166,"Male"
"6018403",371836,2025-07-18 19:51:40,43.3573608398438,-8.84418773651123,"Male"
"6018403",371836,2025-07-18 19:56:24,43.3575477600098,-8.84459400177002,"Male"
"6018403",371836,2025-07-18 20:01:22,43.3576164245605,-8.84452247619629,"Male"
"6018403",371836,2025-07-18 20:06:23,43.3577270507812,-8.84377670288086,"Male"
"6018403",371836,2025-07-18 20:11:24,43.3576622009277,-8.84406280517578,"Male"
"6018403",371836,2025-07-18 20:16:21,43.3577613830566,-8.84438419342041,"Male"
"6018403",371836,2025-07-18 20:21:18,43.357837677002,-8.84401035308838,"Male"
"6018403",371836,2025-07-18 20:26:33,43.3574867248535,-8.84408760070801,"Male"
"6018403",371836,2025-07-18 20:31:24,43.3575859069824,-8.84426784515381,"Male"
"6018403",371836,2025-07-18 20:36:53,43.3576698303223,-8.84425449371338,"Male"
"6018403",371836,2025-07-18 20:41:17,43.3573265075684,-8.84493350982666,"Male"
"6018403",371836,2025-07-18 20:46:19,43.3564872741699,-8.84360313415527,"Male"
"6018403",371836,2025-07-18 20:51:31,43.357982635498,-8.84460544586182,"Male"
"6018403",371836,2025-07-18 20:56:21,43.3578567504883,-8.8446626663208,"Male"
"6018403",371836,2025-07-18 21:01:23,43.357780456543,-8.843918800354,"Male"
"6018403",371836,2025-07-18 21:06:19,43.3578147888184,-8.84391784667969,"Male"
"6018403",371836,2025-07-18 21:11:25,43.3577156066895,-8.84390354156494,"Male"
"6018403",371836,2025-07-18 21:16:28,43.3576965332031,-8.84391403198242,"Male"
"6018403",371836,2025-07-18 21:21:27,43.3576278686523,-8.84397792816162,"Male"
"6018403",371836,2025-07-18 21:26:19,43.3578109741211,-8.84420490264893,"Male"
"6018403",371836,2025-07-18 21:31:29,43.3571548461914,-8.84443950653076,"Male"
"6018403",371836,2025-07-18 21:36:24,43.3582916259766,-8.8440113067627,"Male"
"6018403",371836,2025-07-18 21:41:22,43.357551574707,-8.8440113067627,"Male"
"6018403",371836,2025-07-18 21:46:17,43.357421875,-8.84392833709717,"Male"
"6018403",371836,2025-07-18 21:51:18,43.358268737793,-8.84414196014404,"Male"
"6018403",371836,2025-07-18 21:56:21,43.3574180603027,-8.84406185150146,"Male"
"6018403",371836,2025-07-18 22:01:18,43.3578414916992,-8.84415149688721,"Male"
"6018403",371836,2025-07-18 22:06:19,43.3578109741211,-8.84415245056152,"Male"
"6018403",371836,2025-07-18 22:11:22,43.3579139709473,-8.84412479400635,"Male"
"6018403",371836,2025-07-18 22:16:24,43.3568420410156,-8.84388256072998,"Male"
"6018403",371836,2025-07-18 22:21:21,43.3571014404297,-8.84386920928955,"Male"
"6018403",371836,2025-07-18 22:26:27,43.3575401306152,-8.8440637588501,"Male"
"6018403",371836,2025-07-18 22:31:24,43.3571548461914,-8.84383392333984,"Male"
"6018403",371836,2025-07-18 22:36:20,43.3579139709473,-8.84427928924561,"Male"
"6018403",371836,2025-07-18 22:41:23,43.357349395752,-8.84383773803711,"Male"
"6018403",371836,2025-07-18 22:46:21,43.3579368591309,-8.84427261352539,"Male"
"6018403",371836,2025-07-18 22:51:23,43.3577423095703,-8.84407234191895,"Male"
"6018403",371836,2025-07-18 22:56:22,43.3575553894043,-8.84396362304688,"Male"
"6018403",371836,2025-07-18 23:01:21,43.3575439453125,-8.84407806396484,"Male"
"6018403",371836,2025-07-18 23:06:22,43.3574600219727,-8.84405994415283,"Male"
"6018403",371836,2025-07-18 23:11:22,43.3574905395508,-8.84396934509277,"Male"
"6018403",371836,2025-07-18 23:16:19,43.3575744628906,-8.84405326843262,"Male"
"6018403",371836,2025-07-18 23:21:18,43.3576278686523,-8.84413719177246,"Male"
"6018403",371836,2025-07-18 23:26:18,43.3576736450195,-8.84423637390137,"Male"
"6018403",371836,2025-07-18 23:31:25,43.3574867248535,-8.84421539306641,"Male"
"6018403",371836,2025-07-18 23:36:32,43.3575248718262,-8.84421825408936,"Male"
"6018403",371836,2025-07-18 23:41:24,43.3574371337891,-8.84433555603027,"Male"
"6018403",371836,2025-07-18 23:46:24,43.3574409484863,-8.84432888031006,"Male"
"6018403",371836,2025-07-18 23:51:25,43.3571853637695,-8.84457015991211,"Male"
"6018403",371836,2025-07-18 23:56:24,43.3571319580078,-8.84465599060059,"Male"
"6018403",371836,2025-07-19 00:01:25,43.3572731018066,-8.84461307525635,"Male"
"6018403",371836,2025-07-19 00:06:39,43.3573341369629,-8.84455585479736,"Male"
"6018403",371836,2025-07-19 00:11:30,43.3574142456055,-8.84452629089355,"Male"
"6018403",371836,2025-07-19 00:16:32,43.3573608398438,-8.8445987701416,"Male"
"6018403",371836,2025-07-19 00:21:30,43.3575553894043,-8.84452533721924,"Male"
"6018403",371836,2025-07-19 00:26:30,43.3575859069824,-8.84452247619629,"Male"
"6018403",371836,2025-07-19 00:31:23,43.3575248718262,-8.84455680847168,"Male"
"6018403",371836,2025-07-19 00:36:22,43.3576354980469,-8.84458923339844,"Male"
"6018403",371836,2025-07-19 00:41:22,43.3576545715332,-8.84466075897217,"Male"
"6018403",371836,2025-07-19 00:46:23,43.3577003479004,-8.84455490112305,"Male"
"6018403",371836,2025-07-19 00:51:21,43.3577995300293,-8.84457874298096,"Male"
"6018403",371836,2025-07-19 00:56:24,43.3578338623047,-8.84460544586182,"Male"
"6018403",371836,2025-07-19 01:01:19,43.3577690124512,-8.84469318389893,"Male"
"6018403",371836,2025-07-19 01:06:24,43.3578567504883,-8.84474182128906,"Male"
"6018403",371836,2025-07-19 01:11:22,43.3579254150391,-8.84473514556885,"Male"
"6018403",371836,2025-07-19 01:16:19,43.3579063415527,-8.84459495544434,"Male"
"6018403",371836,2025-07-19 01:21:24,43.3579444885254,-8.84458923339844,"Male"
"6018403",371836,2025-07-19 01:26:19,43.3579292297363,-8.84465503692627,"Male"
"6018403",371836,2025-07-19 01:31:18,43.358039855957,-8.84451580047607,"Male"
"6018403",371836,2025-07-19 01:36:18,43.3580474853516,-8.84450244903564,"Male"
"6018403",371836,2025-07-19 01:41:21,43.3580474853516,-8.84454917907715,"Male"
"6018403",371836,2025-07-19 01:46:18,43.3581237792969,-8.8442907333374,"Male"
"6018403",371836,2025-07-19 01:51:18,43.3580894470215,-8.84428787231445,"Male"
"6018403",371836,2025-07-19 01:56:18,43.3582496643066,-8.84400844573975,"Male"
"6018403",371836,2025-07-19 02:01:53,43.357780456543,-8.84446144104004,"Male"
"6018403",371836,2025-07-19 02:06:18,43.3574485778809,-8.84437084197998,"Male"
"6018403",371836,2025-07-19 02:11:21,43.3569221496582,-8.84539699554443,"Male"
"6018403",371836,2025-07-19 02:16:23,43.3572654724121,-8.8449535369873,"Male"
"6018403",371836,2025-07-19 02:21:25,43.3574981689453,-8.84448051452637,"Male"
"6018403",371836,2025-07-19 02:26:20,43.3575019836426,-8.84480762481689,"Male"
"6018403",371836,2025-07-19 02:31:23,43.356819152832,-8.84545516967773,"Male"
"6018403",371836,2025-07-19 02:36:21,43.3574295043945,-8.84456539154053,"Male"
"6018403",371836,2025-07-19 02:41:22,43.3573341369629,-8.84480381011963,"Male"
"6018403",371836,2025-07-19 02:46:25,43.3582038879395,-8.84347915649414,"Male"
"6018403",371836,2025-07-19 02:51:28,43.3573989868164,-8.84450340270996,"Male"
"6018403",371836,2025-07-19 02:56:30,43.3560028076172,-8.8450288772583,"Male"
"6018403",371836,2025-07-19 03:01:19,43.3576469421387,-8.84434127807617,"Male"
"6018403",371836,2025-07-19 03:06:17,43.3569221496582,-8.84517097473145,"Male"
"6018403",371836,2025-07-19 03:11:17,43.3569145202637,-8.84518337249756,"Male"
"6018403",371836,2025-07-19 03:16:17,43.3576393127441,-8.84414958953857,"Male"
"6018403",371836,2025-07-19 03:21:17,43.3577346801758,-8.84432983398438,"Male"
"6018403",371836,2025-07-19 03:26:20,43.3577766418457,-8.8442850112915,"Male"
"6018403",371836,2025-07-19 03:31:18,43.3576011657715,-8.84412956237793,"Male"
"6018403",371836,2025-07-19 03:36:20,43.3573989868164,-8.84445476531982,"Male"
"6018403",371836,2025-07-19 03:41:17,43.3574333190918,-8.84446430206299,"Male"
"6018403",371836,2025-07-19 03:46:17,43.3574295043945,-8.84448909759521,"Male"
"6018403",371836,2025-07-19 03:51:18,43.3574485778809,-8.84448623657227,"Male"
"6018403",371836,2025-07-19 03:56:20,43.357234954834,-8.84415054321289,"Male"
"6018403",371836,2025-07-19 04:01:18,43.3572731018066,-8.84419250488281,"Male"
"6018403",371836,2025-07-19 04:06:18,43.3572616577148,-8.84421157836914,"Male"
"6018403",371836,2025-07-19 04:11:18,43.3571701049805,-8.84417724609375,"Male"
"6018403",371836,2025-07-19 04:16:24,43.3580131530762,-8.84432792663574,"Male"
"6018403",371836,2025-07-19 04:21:17,43.3571166992188,-8.84407711029053,"Male"
"6018403",371836,2025-07-19 04:26:25,43.3578567504883,-8.84455966949463,"Male"
"6018403",371836,2025-07-19 04:31:19,43.3581352233887,-8.84467220306396,"Male"
"6018403",371836,2025-07-19 04:36:20,43.3580856323242,-8.84471225738525,"Male"
"6018403",371836,2025-07-19 04:41:18,43.3580741882324,-8.84512996673584,"Male"
"6018403",371836,2025-07-19 04:46:18,43.3579940795898,-8.84483528137207,"Male"
"6018403",371836,2025-07-19 04:51:22,43.3580284118652,-8.84476184844971,"Male"
"6018403",371836,2025-07-19 04:56:19,43.3579940795898,-8.84492111206055,"Male"
"6018403",371836,2025-07-19 05:01:18,43.3675651550293,-8.84187507629395,"Male"
"6018403",371836,2025-07-19 05:06:17,43.3625068664551,-8.84548187255859,"Male"
"6018403",371836,2025-07-19 05:11:19,43.3578681945801,-8.84487152099609,"Male"
"6018403",371836,2025-07-19 05:16:19,43.3578910827637,-8.84455013275146,"Male"
"6018403",371836,2025-07-19 05:21:24,43.3579406738281,-8.84441661834717,"Male"
"6018403",371836,2025-07-19 05:26:24,43.3581657409668,-8.84531211853027,"Male"
"6018403",371836,2025-07-19 05:31:19,43.3582153320312,-8.84611892700195,"Male"
"6018403",371836,2025-07-19 05:36:19,43.3578224182129,-8.84411716461182,"Male"
"6018403",371836,2025-07-19 05:41:19,43.3582153320312,-8.84426212310791,"Male"
"6018403",371836,2025-07-19 05:46:19,43.357967376709,-8.84487533569336,"Male"
"6018403",371836,2025-07-19 05:51:22,43.3580703735352,-8.84441375732422,"Male"
"6018403",371836,2025-07-19 05:56:22,43.3578834533691,-8.84428977966309,"Male"
"6018403",371836,2025-07-19 06:01:20,43.3578796386719,-8.844313621521,"Male"
"6018403",371836,2025-07-19 06:06:21,43.3578414916992,-8.84421539306641,"Male"
"6018403",371836,2025-07-19 06:11:22,43.358039855957,-8.84523582458496,"Male"
"6018403",371836,2025-07-19 06:16:40,43.3578453063965,-8.84467124938965,"Male"
"6018403",371836,2025-07-19 06:21:18,43.3578758239746,-8.84496212005615,"Male"
"6018403",371836,2025-07-19 06:26:18,43.3579063415527,-8.84459400177002,"Male"
"6018403",371836,2025-07-19 06:31:23,43.357852935791,-8.84470844268799,"Male"
"6018403",371836,2025-07-19 06:36:21,43.3577880859375,-8.84475708007812,"Male"
"6018403",371836,2025-07-19 06:41:18,43.3578720092773,-8.84450912475586,"Male"
"6018403",371836,2025-07-19 06:46:21,43.3579635620117,-8.84473514556885,"Male"
"6018403",371836,2025-07-19 06:51:47,43.3581581115723,-8.84505271911621,"Male"
"6018403",371836,2025-07-19 06:56:21,43.3590812683105,-8.84515476226807,"Male"
"6018403",371836,2025-07-19 07:01:24,43.3584785461426,-8.84539890289307,"Male"
"6018403",371836,2025-07-19 07:06:22,43.3575210571289,-8.84596824645996,"Male"
"6018403",371836,2025-07-19 07:11:24,43.3586006164551,-8.84500312805176,"Male"
"6018403",371836,2025-07-19 07:16:25,43.3581123352051,-8.84500980377197,"Male"
"6018403",371836,2025-07-19 07:21:59,43.3581008911133,-8.84529113769531,"Male"
"6018403",371836,2025-07-19 07:26:18,43.357837677002,-8.84419822692871,"Male"
"6018403",371836,2025-07-19 07:31:24,43.357837677002,-8.84448146820068,"Male"
"6018403",371836,2025-07-19 07:36:21,43.3578681945801,-8.84458827972412,"Male"
"6018403",371836,2025-07-19 07:41:19,43.3581008911133,-8.84530448913574,"Male"
"6018403",371836,2025-07-19 07:46:18,43.3577919006348,-8.84365653991699,"Male"
"6018403",371836,2025-07-19 07:51:21,43.3578338623047,-8.8442440032959,"Male"
"6018403",371836,2025-07-19 07:56:22,43.3578147888184,-8.8444299697876,"Male"
"6018403",371836,2025-07-19 08:02:05,43.3576507568359,-8.84391498565674,"Male"
"6018403",371836,2025-07-19 08:06:17,43.357479095459,-8.84526062011719,"Male"
"6018403",371836,2025-07-19 08:11:17,43.3575859069824,-8.84416389465332,"Male"
"6018403",371836,2025-07-19 08:16:20,43.3575019836426,-8.84404754638672,"Male"
"6018403",371836,2025-07-19 08:21:17,43.357551574707,-8.84410381317139,"Male"
"6018403",371836,2025-07-19 08:26:16,43.3575706481934,-8.84406852722168,"Male"
"6018403",371836,2025-07-19 08:31:18,43.3576393127441,-8.84408855438232,"Male"
"6018403",371836,2025-07-19 08:36:23,43.3579559326172,-8.84467887878418,"Male"
"6018403",371836,2025-07-19 08:41:17,43.359992980957,-8.84327030181885,"Male"
"6018403",371836,2025-07-19 08:46:17,43.3623733520508,-8.82043266296387,"Male"
"6018403",371836,2025-07-19 08:51:18,43.3641128540039,-8.82454204559326,"Male"
"6018403",371836,2025-07-19 08:56:18,43.3561325073242,-8.84541034698486,"Male"
"6018403",371836,2025-07-19 09:01:21,43.3576049804688,-8.8438835144043,"Male"
"6018403",371836,2025-07-19 09:06:19,43.3574905395508,-8.84408664703369,"Male"
"6018403",371836,2025-07-19 09:11:17,43.3575820922852,-8.84423923492432,"Male"
"6018403",371836,2025-07-19 09:16:21,43.3575592041016,-8.84410381317139,"Male"
"6018403",371836,2025-07-19 09:21:18,43.3575706481934,-8.84417152404785,"Male"
"6018403",371836,2025-07-19 09:26:17,43.3575973510742,-8.84417343139648,"Male"
"6018403",371836,2025-07-19 09:31:18,43.3576774597168,-8.84412384033203,"Male"
"6018403",371836,2025-07-19 09:36:18,43.3577995300293,-8.84477710723877,"Male"
"6018403",371836,2025-07-19 09:41:21,43.3575897216797,-8.84411716461182,"Male"
"6018403",371836,2025-07-19 09:46:20,43.3576545715332,-8.84413719177246,"Male"
"6018403",371836,2025-07-19 09:51:18,43.3578491210938,-8.84435653686523,"Male"
"6018403",371836,2025-07-19 09:56:19,43.357608795166,-8.84416198730469,"Male"
"6018403",371836,2025-07-19 10:01:19,43.3575744628906,-8.84415531158447,"Male"
"6018403",371836,2025-07-19 10:06:17,43.3576622009277,-8.84416580200195,"Male"
"6018403",371836,2025-07-19 10:11:18,43.3576812744141,-8.84414196014404,"Male"
"6018403",371836,2025-07-19 10:16:44,43.3576431274414,-8.8441276550293,"Male"
"6018403",371836,2025-07-19 10:21:21,43.3576164245605,-8.84408760070801,"Male"
"6018403",371836,2025-07-19 10:26:17,43.3576049804688,-8.84411907196045,"Male"
"6018403",371836,2025-07-19 10:31:17,43.357593536377,-8.84418201446533,"Male"
"6018403",371836,2025-07-19 10:36:19,43.3575706481934,-8.84413623809814,"Male"
"6018403",371836,2025-07-19 10:41:20,43.3576240539551,-8.84389877319336,"Male"
"6018403",371836,2025-07-19 10:46:17,43.3575630187988,-8.84419441223145,"Male"
"6018403",371836,2025-07-19 10:51:17,43.3574867248535,-8.84420013427734,"Male"
"6018403",371836,2025-07-19 10:56:53,43.3576126098633,-8.84393310546875,"Male"
"6018403",371836,2025-07-19 11:01:18,43.3576240539551,-8.84411811828613,"Male"
"6018403",371836,2025-07-19 11:06:18,43.357723236084,-8.84399318695068,"Male"
"6018403",371836,2025-07-19 11:11:18,43.3575820922852,-8.84414291381836,"Male"
"6018403",371836,2025-07-19 11:16:18,43.3577423095703,-8.84425735473633,"Male"
"6018403",371836,2025-07-19 11:21:17,43.3611679077148,-8.82810211181641,"Male"
"6018403",371836,2025-07-19 11:26:17,43.3667869567871,-8.8332462310791,"Male"
"6018403",371836,2025-07-19 11:31:17,43.3625183105469,-8.82896614074707,"Male"
"6018403",371836,2025-07-19 11:36:17,43.3604431152344,-8.81909275054932,"Male"
"6018403",371836,2025-07-19 11:41:17,43.3622169494629,-8.82178783416748,"Male"
"6018403",371836,2025-07-19 11:46:16,43.3639030456543,-8.82884216308594,"Male"
"6018403",371836,2025-07-19 11:51:16,43.3503723144531,-8.8343620300293,"Male"
"6018403",371836,2025-07-19 11:56:18,43.3346061706543,-8.84589576721191,"Male"
"6018403",371836,2025-07-19 12:01:16,43.3199844360352,-8.85401821136475,"Male"
"6018403",371836,2025-07-19 12:06:20,43.3139686584473,-8.85689926147461,"Male"
"6018403",371836,2025-07-19 12:11:18,43.3141441345215,-8.8571138381958,"Male"
"6018403",371836,2025-07-19 12:16:18,43.3227272033691,-8.85256099700928,"Male"
"6018403",371836,2025-07-19 12:21:18,43.3571166992188,-8.84567070007324,"Male"
"6018403",371836,2025-07-19 12:26:18,43.3574371337891,-8.84402465820312,"Male"
"6018403",371836,2025-07-19 12:31:18,43.3574867248535,-8.84407520294189,"Male"
"6018403",371836,2025-07-19 12:36:21,43.3573875427246,-8.84426403045654,"Male"
"6018403",371836,2025-07-19 12:41:20,43.3577117919922,-8.84430313110352,"Male"
"6018403",371836,2025-07-19 12:46:21,43.3578720092773,-8.84446620941162,"Male"
"6018403",371836,2025-07-19 12:51:44,43.3580055236816,-8.84465599060059,"Male"
"6018403",371836,2025-07-19 12:56:20,43.3578262329102,-8.84442329406738,"Male"
"6018403",371836,2025-07-19 13:01:19,43.3578834533691,-8.84448051452637,"Male"
"6018403",371836,2025-07-19 13:06:20,43.3575325012207,-8.84414386749268,"Male"
"6018403",371836,2025-07-19 13:11:19,43.3575897216797,-8.84413623809814,"Male"
"6018403",371836,2025-07-19 13:16:18,43.3576011657715,-8.84431171417236,"Male"
"6018403",371836,2025-07-19 13:21:18,43.3576393127441,-8.84428215026855,"Male"
"6018403",371836,2025-07-19 13:26:20,43.3574485778809,-8.84404277801514,"Male"
"6018403",371836,2025-07-19 13:31:19,43.3574371337891,-8.84406757354736,"Male"
"6018403",371836,2025-07-19 13:36:18,43.3574180603027,-8.84401035308838,"Male"
"6018403",371836,2025-07-19 13:41:18,43.3574028015137,-8.84401321411133,"Male"
"6018403",371836,2025-07-19 13:46:18,43.3574371337891,-8.84401321411133,"Male"
"6018403",371836,2025-07-19 13:51:19,43.3575325012207,-8.84412002563477,"Male"
"6018403",371836,2025-07-19 13:56:18,43.3575248718262,-8.84405899047852,"Male"
"6018403",371836,2025-07-19 14:01:19,43.3574752807617,-8.84401893615723,"Male"
"6018403",371836,2025-07-19 14:06:18,43.3574256896973,-8.84407138824463,"Male"
"6018403",371836,2025-07-19 14:11:18,43.3576278686523,-8.8441743850708,"Male"
"6018403",371836,2025-07-19 14:16:18,43.357608795166,-8.84416770935059,"Male"
"6018403",371836,2025-07-19 14:21:19,43.3656845092773,-8.8237361907959,"Male"
"6018403",371836,2025-07-19 14:26:20,43.3623352050781,-8.82586002349854,"Male"
"6018403",371836,2025-07-19 14:31:43,43.358341217041,-8.83186435699463,"Male"
"6018403",371836,2025-07-19 14:36:19,43.3554267883301,-8.8349781036377,"Male"
"6018403",371836,2025-07-19 14:41:19,43.3529472351074,-8.82623958587646,"Male"
"6018403",371836,2025-07-19 14:46:21,43.3553314208984,-8.84307098388672,"Male"
"6018403",371836,2025-07-19 14:51:21,43.3573722839355,-8.84552574157715,"Male"
"6018403",371836,2025-07-19 14:56:22,43.357608795166,-8.84401988983154,"Male"
"6018403",371836,2025-07-19 15:01:32,43.3581123352051,-8.84403610229492,"Male"
"6018403",371836,2025-07-19 15:06:20,43.3585662841797,-8.84343242645264,"Male"
"6018403",371836,2025-07-19 15:11:22,43.3585777282715,-8.84370136260986,"Male"
"6018403",371836,2025-07-19 15:16:30,43.3587455749512,-8.84397125244141,"Male"
"6018403",371836,2025-07-19 15:21:28,43.3585968017578,-8.84390449523926,"Male"
"6018403",371836,2025-07-19 15:26:23,43.358699798584,-8.84421825408936,"Male"
"6018403",371836,2025-07-19 15:31:26,43.3581619262695,-8.84370994567871,"Male"
"6018403",371836,2025-07-19 15:36:21,43.3569145202637,-8.84207057952881,"Male"
"6018403",371836,2025-07-19 15:41:30,43.3570899963379,-8.8435640335083,"Male"
"6018403",371836,2025-07-19 15:46:53,43.3576545715332,-8.84387016296387,"Male"
"6018403",371836,2025-07-19 15:51:21,43.3578147888184,-8.8441276550293,"Male"
"6018403",371836,2025-07-19 15:56:19,43.3576278686523,-8.84412670135498,"Male"
"6018403",371836,2025-07-19 16:01:19,43.3576240539551,-8.84418487548828,"Male"
"6018403",371836,2025-07-19 16:06:18,43.3576202392578,-8.84417057037354,"Male"
"6018403",371836,2025-07-19 16:11:18,43.3576736450195,-8.84410953521729,"Male"
"6018403",371836,2025-07-19 16:16:20,43.3572425842285,-8.84426498413086,"Male"
"6018403",371836,2025-07-19 16:21:22,43.3576774597168,-8.8443021774292,"Male"
"6018403",371836,2025-07-19 16:26:21,43.3577842712402,-8.84438133239746,"Male"
"6018403",371836,2025-07-19 16:31:20,43.3571662902832,-8.84485912322998,"Male"
"6018403",371836,2025-07-19 16:36:18,43.3572807312012,-8.84484577178955,"Male"
"6018403",371836,2025-07-19 16:41:18,43.3576278686523,-8.84414196014404,"Male"
"6018403",371836,2025-07-19 16:46:18,43.357666015625,-8.84429931640625,"Male"
"6018403",371836,2025-07-19 16:51:18,43.3576431274414,-8.84418296813965,"Male"
"6018403",371836,2025-07-19 16:56:18,43.3576164245605,-8.84413528442383,"Male"
"6018403",371836,2025-07-19 17:01:18,43.3577880859375,-8.84450340270996,"Male"
"6018403",371836,2025-07-19 17:06:20,43.3578910827637,-8.84464359283447,"Male"
"6018403",371836,2025-07-19 17:11:20,43.3578910827637,-8.84469985961914,"Male"
"6018403",371836,2025-07-19 17:16:19,43.3578224182129,-8.84448146820068,"Male"
"6018403",371836,2025-07-19 17:21:19,43.3578300476074,-8.84460258483887,"Male"
"6018403",371836,2025-07-19 17:26:20,43.3578643798828,-8.84463405609131,"Male"
"6018403",371836,2025-07-19 17:31:53,43.357723236084,-8.84429550170898,"Male"
"6018403",371836,2025-07-19 17:36:24,43.3576965332031,-8.84433174133301,"Male"
"6018403",371836,2025-07-19 17:41:24,43.3577499389648,-8.84432506561279,"Male"
"6018403",371836,2025-07-19 17:46:19,43.3578567504883,-8.84434986114502,"Male"
"6018403",371836,2025-07-19 17:51:21,43.3575782775879,-8.84428691864014,"Male"
"6018403",371836,2025-07-19 17:56:31,43.3601264953613,-8.83569145202637,"Male"
"6018403",371836,2025-07-19 18:01:20,43.3633232116699,-8.83230209350586,"Male"
"6018403",371836,2025-07-19 18:06:19,43.3650245666504,-8.84031200408936,"Male"
"6018403",371836,2025-07-19 18:11:19,43.361572265625,-8.84960460662842,"Male"
"6018403",371836,2025-07-19 18:16:19,43.357666015625,-8.84448623657227,"Male"
"6018403",371836,2025-07-19 18:21:20,43.3578720092773,-8.84396553039551,"Male"
"6018403",371836,2025-07-19 18:26:23,43.3574676513672,-8.84521579742432,"Male"
"6018403",371836,2025-07-19 18:31:23,43.3577575683594,-8.844162940979,"Male"
"6018403",371836,2025-07-19 18:36:23,43.3574905395508,-8.84507846832275,"Male"
"6018403",371836,2025-07-19 18:41:21,43.3571281433105,-8.84425067901611,"Male"
"6018403",371836,2025-07-19 18:46:30,43.357795715332,-8.8438549041748,"Male"
"6018403",371836,2025-07-19 18:51:22,43.3574600219727,-8.84422874450684,"Male"
"6018403",371836,2025-07-19 18:56:19,43.3568305969238,-8.84389686584473,"Male"
"6018403",371836,2025-07-19 19:01:21,43.3566246032715,-8.84373188018799,"Male"
"6018403",371836,2025-07-19 19:06:22,43.3559761047363,-8.84329509735107,"Male"
"6018403",371836,2025-07-19 19:11:23,43.3557090759277,-8.84290790557861,"Male"
"6018403",371836,2025-07-19 19:16:30,43.3576622009277,-8.84370899200439,"Male"
"6018403",371836,2025-07-19 19:21:29,43.3574714660645,-8.84374332427979,"Male"
"6018403",371836,2025-07-19 19:26:24,43.3586578369141,-8.8450174331665,"Male"
"6018403",371836,2025-07-19 19:31:21,43.3592185974121,-8.84526252746582,"Male"
"6018403",371836,2025-07-19 19:36:21,43.3589973449707,-8.84577560424805,"Male"
"6018403",371836,2025-07-19 19:41:22,43.3586883544922,-8.84547138214111,"Male"
"6018403",371836,2025-07-19 19:46:30,43.3585433959961,-8.84562206268311,"Male"
"6018403",371836,2025-07-19 19:51:27,43.3580284118652,-8.84440994262695,"Male"
"6018403",371836,2025-07-19 19:56:23,43.3581504821777,-8.84450149536133,"Male"
"6018403",371836,2025-07-19 20:01:24,43.3581504821777,-8.84467601776123,"Male"
"6018403",371836,2025-07-19 20:06:23,43.3578491210938,-8.84381866455078,"Male"
"6018403",371836,2025-07-19 20:11:19,43.3578834533691,-8.84388065338135,"Male"
"6018403",371836,2025-07-19 20:16:19,43.3579483032227,-8.84398937225342,"Male"
"6018403",371836,2025-07-19 20:21:20,43.3578491210938,-8.84392547607422,"Male"
"6018403",371836,2025-07-19 20:26:19,43.3579330444336,-8.84397411346436,"Male"
"6018403",371836,2025-07-19 20:31:20,43.3579483032227,-8.84394836425781,"Male"
"6018403",371836,2025-07-19 20:36:20,43.3578224182129,-8.8438606262207,"Male"
"6018403",371836,2025-07-19 20:41:20,43.3579025268555,-8.84391021728516,"Male"
"6018403",371836,2025-07-19 20:46:20,43.3579788208008,-8.84394359588623,"Male"
"6018403",371836,2025-07-19 20:51:20,43.3578453063965,-8.8439998626709,"Male"
"6018403",371836,2025-07-19 20:56:20,43.357967376709,-8.84375858306885,"Male"
"6018403",371836,2025-07-19 21:01:23,43.3577041625977,-8.84390449523926,"Male"
"6018403",371836,2025-07-19 21:06:19,43.3576507568359,-8.84393215179443,"Male"
"6018403",371836,2025-07-19 21:11:29,43.3580780029297,-8.84410762786865,"Male"
"6018403",371836,2025-07-19 21:16:25,43.3575019836426,-8.84402751922607,"Male"
"6018403",371836,2025-07-19 21:21:22,43.35791015625,-8.84381008148193,"Male"
"6018403",371836,2025-07-19 21:26:27,43.3575630187988,-8.84382152557373,"Male"
"6018403",371836,2025-07-19 21:31:30,43.3577117919922,-8.8438081741333,"Male"
"6018403",371836,2025-07-19 21:36:30,43.3575630187988,-8.84386539459229,"Male"
"6018403",371836,2025-07-19 21:41:22,43.357105255127,-8.84374523162842,"Male"
"6018403",371836,2025-07-19 21:46:30,43.3575553894043,-8.8438663482666,"Male"
"6018403",371836,2025-07-19 21:51:30,43.3575134277344,-8.84378147125244,"Male"
"6018403",371836,2025-07-19 21:56:34,43.3575706481934,-8.84380054473877,"Male"
"6018403",371836,2025-07-19 22:01:34,43.3574447631836,-8.84371376037598,"Male"
"6018403",371836,2025-07-19 22:06:30,43.357364654541,-8.84366798400879,"Male"
"6018403",371836,2025-07-19 22:11:30,43.3572235107422,-8.84358024597168,"Male"
"6018403",371836,2025-07-19 22:16:33,43.3573379516602,-8.84353637695312,"Male"
"6018403",371836,2025-07-19 22:21:38,43.3571166992188,-8.84342670440674,"Male"
"6018403",371836,2025-07-19 22:26:27,43.3573455810547,-8.84354209899902,"Male"
"6018403",371836,2025-07-19 22:31:27,43.3585472106934,-8.84440994262695,"Male"
"6018403",371836,2025-07-19 22:36:45,43.3580856323242,-8.84411811828613,"Male"
"6018403",371836,2025-07-19 22:41:22,43.3580894470215,-8.84414482116699,"Male"
"6018403",371836,2025-07-19 22:46:21,43.357982635498,-8.84409523010254,"Male"
"6018403",371836,2025-07-19 22:51:36,43.357780456543,-8.84425163269043,"Male"
"6018403",371836,2025-07-19 22:56:49,43.3576850891113,-8.84393119812012,"Male"
"6018403",371836,2025-07-19 23:01:30,43.3575820922852,-8.84388732910156,"Male"
"6018403",371836,2025-07-19 23:06:30,43.357551574707,-8.84392738342285,"Male"
"6018403",371836,2025-07-19 23:11:22,43.3573951721191,-8.84442710876465,"Male"
"6018403",371836,2025-07-19 23:16:25,43.3575744628906,-8.84399890899658,"Male"
"6018403",371836,2025-07-19 23:21:22,43.3575820922852,-8.84400367736816,"Male"
"6018403",371836,2025-07-19 23:26:20,43.3574829101562,-8.84408855438232,"Male"
"6018403",371836,2025-07-19 23:31:22,43.3575477600098,-8.8440990447998,"Male"
"6018403",371836,2025-07-19 23:36:22,43.3575859069824,-8.84412860870361,"Male"
"6018403",371836,2025-07-19 23:41:22,43.357666015625,-8.84425354003906,"Male"
"6018403",371836,2025-07-19 23:46:30,43.3575172424316,-8.84408092498779,"Male"
"6018403",371836,2025-07-19 23:51:30,43.3574752807617,-8.84407520294189,"Male"
"6018403",371836,2025-07-19 23:56:30,43.3575210571289,-8.84406757354736,"Male"
"6018403",371836,2025-07-20 00:01:34,43.3575248718262,-8.84410190582275,"Male"
"6018403",371836,2025-07-20 00:06:34,43.3575325012207,-8.84400463104248,"Male"
"6018403",371836,2025-07-20 00:11:27,43.3575248718262,-8.84403419494629,"Male"
"6018403",371836,2025-07-20 00:16:30,43.3575401306152,-8.84404468536377,"Male"
"6018403",371836,2025-07-20 00:21:21,43.357551574707,-8.84405136108398,"Male"
"6018403",371836,2025-07-20 00:26:22,43.3575668334961,-8.84412860870361,"Male"
"6018403",371836,2025-07-20 00:31:30,43.3576889038086,-8.84430885314941,"Male"
"6018403",371836,2025-07-20 00:36:20,43.3575782775879,-8.8441333770752,"Male"
"6018403",371836,2025-07-20 00:41:23,43.3576507568359,-8.84421730041504,"Male"
"6018403",371836,2025-07-20 00:46:23,43.3575630187988,-8.84427642822266,"Male"
"6018403",371836,2025-07-20 00:51:21,43.3575401306152,-8.84422206878662,"Male"
"6018403",371836,2025-07-20 00:56:21,43.3576202392578,-8.84414863586426,"Male"
"6018403",371836,2025-07-20 01:01:21,43.3576011657715,-8.8439302444458,"Male"
"6018403",371836,2025-07-20 01:06:25,43.3575019836426,-8.84403228759766,"Male"
"6018403",371836,2025-07-20 01:11:22,43.3575744628906,-8.84382724761963,"Male"
"6018403",371836,2025-07-20 01:16:24,43.3575553894043,-8.84376430511475,"Male"
"6018403",371836,2025-07-20 01:21:20,43.3576354980469,-8.84384059906006,"Male"
"6018403",371836,2025-07-20 01:26:20,43.3575897216797,-8.84378433227539,"Male"
"6018403",371836,2025-07-20 01:31:20,43.3576583862305,-8.84392929077148,"Male"
"6018403",371836,2025-07-20 01:36:19,43.3576850891113,-8.84395599365234,"Male"
"6018403",371836,2025-07-20 01:41:20,43.357780456543,-8.84412670135498,"Male"
"6018403",371836,2025-07-20 01:46:23,43.3577194213867,-8.84402084350586,"Male"
"6018403",371836,2025-07-20 01:51:23,43.3578224182129,-8.84421825408936,"Male"
"6018403",371836,2025-07-20 01:56:23,43.3579902648926,-8.84458255767822,"Male"
"6018403",371836,2025-07-20 02:01:35,43.3579025268555,-8.84457683563232,"Male"
"6018403",371836,2025-07-20 02:06:43,43.3577575683594,-8.84422016143799,"Male"
"6018403",371836,2025-07-20 02:11:30,43.3577003479004,-8.84427356719971,"Male"
"6018403",371836,2025-07-20 02:16:30,43.357780456543,-8.844313621521,"Male"
"6018403",371836,2025-07-20 02:21:24,43.3573188781738,-8.84371471405029,"Male"
"6018403",371836,2025-07-20 02:26:30,43.357551574707,-8.84418106079102,"Male"
"6018403",371836,2025-07-20 02:31:41,43.3575744628906,-8.84417819976807,"Male"
"6018403",371836,2025-07-20 02:36:21,43.3577156066895,-8.84468936920166,"Male"
"6018403",371836,2025-07-20 02:41:52,43.3576049804688,-8.84418964385986,"Male"
"6018403",371836,2025-07-20 02:46:19,43.3572616577148,-8.84352016448975,"Male"
"6018403",371836,2025-07-20 02:51:20,43.3573188781738,-8.84356594085693,"Male"
"6018403",371836,2025-07-20 02:56:20,43.3577842712402,-8.84455394744873,"Male"
"6018403",371836,2025-07-20 03:01:20,43.3575668334961,-8.84429931640625,"Male"
"6018403",371836,2025-07-20 03:06:19,43.357536315918,-8.84434795379639,"Male"
"6018403",371836,2025-07-20 03:11:19,43.3575630187988,-8.84433460235596,"Male"
"6018403",371836,2025-07-20 03:16:22,43.3575172424316,-8.84433460235596,"Male"
"6018403",371836,2025-07-20 03:21:19,43.3573799133301,-8.84464740753174,"Male"
"6018403",371836,2025-07-20 03:26:20,43.3575973510742,-8.84438228607178,"Male"
"6018403",371836,2025-07-20 03:31:31,43.3574142456055,-8.84447479248047,"Male"
"6018403",371836,2025-07-20 03:36:29,43.3577003479004,-8.84471321105957,"Male"
"6018403",371836,2025-07-20 03:41:28,43.357738494873,-8.84493637084961,"Male"
"6018403",371836,2025-07-20 03:46:25,43.3577499389648,-8.84503841400146,"Male"
"6018403",371836,2025-07-20 03:51:33,43.3577651977539,-8.84474277496338,"Male"
"6018403",371836,2025-07-20 03:56:22,43.3576393127441,-8.8445873260498,"Male"
"6018403",371836,2025-07-20 04:01:30,43.3576278686523,-8.84489631652832,"Male"
"6018403",371836,2025-07-20 04:06:30,43.357608795166,-8.84479713439941,"Male"
"6018403",371836,2025-07-20 04:11:21,43.3575744628906,-8.84466648101807,"Male"
"6018403",371836,2025-07-20 04:16:23,43.3576850891113,-8.84447193145752,"Male"
"6018403",371836,2025-07-20 04:21:30,43.3577690124512,-8.84521865844727,"Male"
"6018403",371836,2025-07-20 04:26:28,43.3579750061035,-8.8447322845459,"Male"
"6018403",371836,2025-07-20 04:31:28,43.3660621643066,-8.85527324676514,"Male"
"6018403",371836,2025-07-20 04:36:21,43.3626937866211,-8.8567943572998,"Male"
"6018403",371836,2025-07-20 04:41:31,43.3709602355957,-8.85744476318359,"Male"
"6018403",371836,2025-07-20 04:46:21,43.3716011047363,-8.85291481018066,"Male"
"6018403",371836,2025-07-20 04:51:30,43.3632698059082,-8.8496561050415,"Male"
"6018403",371836,2025-07-20 04:56:41,43.3558921813965,-8.84340476989746,"Male"
"6018403",371836,2025-07-20 05:01:30,43.3575439453125,-8.84449672698975,"Male"
"6018403",371836,2025-07-20 05:06:44,43.3578033447266,-8.84437084197998,"Male"
"6018403",371836,2025-07-20 05:11:23,43.3577728271484,-8.84395694732666,"Male"
"6018403",371836,2025-07-20 05:16:20,43.3574867248535,-8.84418487548828,"Male"
"6018403",371836,2025-07-20 05:21:20,43.3577537536621,-8.84440898895264,"Male"
"6018403",371836,2025-07-20 05:26:20,43.3575248718262,-8.84460353851318,"Male"
"6018403",371836,2025-07-20 05:31:20,43.3575706481934,-8.84353637695312,"Male"
"6018403",371836,2025-07-20 05:36:19,43.3575592041016,-8.84365081787109,"Male"
"6018403",371836,2025-07-20 05:41:23,43.357479095459,-8.84351921081543,"Male"
"6018403",371836,2025-07-20 05:46:23,43.3582992553711,-8.84424591064453,"Male"
"6018403",371836,2025-07-20 05:51:59,43.3578758239746,-8.84377193450928,"Male"
"6018403",371836,2025-07-20 05:56:21,43.3576698303223,-8.84401226043701,"Male"
"6018403",371836,2025-07-20 06:01:22,43.3576316833496,-8.84416484832764,"Male"
"6018403",371836,2025-07-20 06:06:27,43.3576698303223,-8.84404468536377,"Male"
"6018403",371836,2025-07-20 06:11:22,43.3575897216797,-8.84432697296143,"Male"
"6018403",371836,2025-07-20 06:16:19,43.3576164245605,-8.84410667419434,"Male"
"6018403",371836,2025-07-20 06:21:22,43.3576049804688,-8.84393692016602,"Male"
"6018403",371836,2025-07-20 06:26:23,43.357723236084,-8.84408950805664,"Male"
"6018403",371836,2025-07-20 06:31:34,43.3575859069824,-8.84412288665771,"Male"
"6018403",371836,2025-07-20 06:36:32,43.3578224182129,-8.84471988677979,"Male"
"6018403",371836,2025-07-20 06:41:23,43.3577842712402,-8.84410762786865,"Male"
"6018403",371836,2025-07-20 06:46:53,43.3576126098633,-8.84416580200195,"Male"
"6018403",371836,2025-07-20 06:51:19,43.357666015625,-8.84490966796875,"Male"
"6018403",371836,2025-07-20 06:56:22,43.3563117980957,-8.84808826446533,"Male"
"6018403",371836,2025-07-20 07:01:22,43.3512001037598,-8.85270595550537,"Male"
"6018403",371836,2025-07-20 07:06:24,43.3580207824707,-8.84426212310791,"Male"
"6018403",371836,2025-07-20 07:11:25,43.3577270507812,-8.8442907333374,"Male"
"6018403",371836,2025-07-20 07:16:20,43.3579711914062,-8.84431552886963,"Male"
"6018403",371836,2025-07-20 07:21:23,43.3578910827637,-8.84428977966309,"Male"
"6018403",371836,2025-07-20 07:26:20,43.3578147888184,-8.84439086914062,"Male"
"6018403",371836,2025-07-20 07:31:21,43.3580093383789,-8.8449125289917,"Male"
"6018403",371836,2025-07-20 07:36:19,43.3579521179199,-8.84481906890869,"Male"
"6018403",371836,2025-07-20 07:41:19,43.3578948974609,-8.84482860565186,"Male"
"6018403",371836,2025-07-20 07:46:22,43.3576927185059,-8.84429454803467,"Male"
"6018403",371836,2025-07-20 07:51:22,43.357738494873,-8.84420108795166,"Male"
"6018403",371836,2025-07-20 07:56:22,43.3576393127441,-8.84420013427734,"Male"
"6018403",371836,2025-07-20 08:01:19,43.3576889038086,-8.84416198730469,"Male"
"6018403",371836,2025-07-20 08:06:53,43.3575553894043,-8.84417915344238,"Male"
"6018403",371836,2025-07-20 08:11:21,43.3576507568359,-8.84426307678223,"Male"
"6018403",371836,2025-07-20 08:16:21,43.3577880859375,-8.84492778778076,"Male"
"6018403",371836,2025-07-20 08:21:19,43.3578147888184,-8.84493064880371,"Male"
"6018403",371836,2025-07-20 08:26:19,43.3576927185059,-8.84486675262451,"Male"
"6018403",371836,2025-07-20 08:31:20,43.3575248718262,-8.8441686630249,"Male"
"6018403",371836,2025-07-20 08:36:19,43.3576393127441,-8.84405708312988,"Male"
"6018403",371836,2025-07-20 08:41:21,43.3575744628906,-8.84427642822266,"Male"
"6018403",371836,2025-07-20 08:46:19,43.3575820922852,-8.84428691864014,"Male"
"6018403",371836,2025-07-20 08:51:19,43.357593536377,-8.84418106079102,"Male"
"6018403",371836,2025-07-20 08:56:19,43.3575820922852,-8.84415149688721,"Male"
"6018403",371836,2025-07-20 09:01:19,43.3575859069824,-8.84399318695068,"Male"
"6018403",371836,2025-07-20 09:06:25,43.3576278686523,-8.84403419494629,"Male"
"6018403",371836,2025-07-20 09:11:19,43.357551574707,-8.843918800354,"Male"
"6018403",371836,2025-07-20 09:16:29,43.3576354980469,-8.84386348724365,"Male"
"6018403",371836,2025-07-20 09:21:19,43.3688201904297,-8.85195732116699,"Male"
"6018403",371836,2025-07-20 09:26:21,43.3923606872559,-8.84680461883545,"Male"
"6018403",371836,2025-07-20 09:31:24,43.3893661499023,-8.84016609191895,"Male"
"6018403",371836,2025-07-20 09:36:23,43.3762626647949,-8.83753776550293,"Male"
"6018403",371836,2025-07-20 09:41:30,43.3567657470703,-8.84261989593506,"Male"
"6018403",371836,2025-07-20 09:46:24,43.3578147888184,-8.8441333770752,"Male"
"6018403",371836,2025-07-20 09:51:30,43.3577995300293,-8.84406089782715,"Male"
"6018403",371836,2025-07-20 09:56:34,43.3581848144531,-8.84397602081299,"Male"
"6018403",371836,2025-07-20 10:01:59,43.3576850891113,-8.84425926208496,"Male"
"6018403",371836,2025-07-20 10:06:19,43.3573684692383,-8.84471988677979,"Male"
"6018403",371836,2025-07-20 10:11:29,43.3575820922852,-8.84408283233643,"Male"
"6018403",371836,2025-07-20 10:16:19,43.3574905395508,-8.84417247772217,"Male"
"6018403",371836,2025-07-20 10:21:30,43.3575706481934,-8.84418106079102,"Male"
"6018403",371836,2025-07-20 10:26:21,43.3575630187988,-8.8439998626709,"Male"
"6018403",371836,2025-07-20 10:31:33,43.3575592041016,-8.84407329559326,"Male"
"6018403",371836,2025-07-20 10:36:20,43.3576354980469,-8.84397792816162,"Male"
"6018403",371836,2025-07-20 10:41:30,43.3575820922852,-8.84400653839111,"Male"
"6018403",371836,2025-07-20 10:46:25,43.357593536377,-8.84398555755615,"Male"
"6018403",371836,2025-07-20 10:51:53,43.3575248718262,-8.8440055847168,"Male"
"6018403",371836,2025-07-20 10:56:20,43.3572807312012,-8.84417724609375,"Male"
"6018403",371836,2025-07-20 11:01:31,43.3575401306152,-8.84409999847412,"Male"
"6018403",371836,2025-07-20 11:06:20,43.3575477600098,-8.84427928924561,"Male"
"6018403",371836,2025-07-20 11:11:23,43.357494354248,-8.84410190582275,"Male"
"6018403",371836,2025-07-20 11:16:21,43.3575248718262,-8.8441162109375,"Male"
"6018403",371836,2025-07-20 11:21:22,43.3576126098633,-8.84432601928711,"Male"
"6018403",371836,2025-07-20 11:26:19,43.3574447631836,-8.84386348724365,"Male"
"6018403",371836,2025-07-20 11:31:20,43.3575019836426,-8.84383201599121,"Male"
"6018403",371836,2025-07-20 11:36:21,43.3574333190918,-8.84382343292236,"Male"
"6018403",371836,2025-07-20 11:41:20,43.3574409484863,-8.84387588500977,"Male"
"6018403",371836,2025-07-20 11:46:23,43.3575744628906,-8.84407997131348,"Male"
"6018403",371836,2025-07-20 11:51:30,43.357551574707,-8.8440580368042,"Male"
"6018403",371836,2025-07-20 11:56:20,43.3562431335449,-8.83198642730713,"Male"
"6018403",371836,2025-07-20 12:01:32,43.3546371459961,-8.83452701568604,"Male"
"6018403",371836,2025-07-20 12:06:29,43.3554420471191,-8.84599685668945,"Male"
"6018403",371836,2025-07-20 12:11:30,43.3436965942383,-8.84152698516846,"Male"
"6018403",371836,2025-07-20 12:16:19,43.3345527648926,-8.84476566314697,"Male"
"6018403",371836,2025-07-20 12:21:43,43.3497123718262,-8.85229778289795,"Male"
"6018403",371836,2025-07-20 12:26:40,43.3574180603027,-8.84394836425781,"Male"
"6018403",371836,2025-07-20 12:31:30,43.3574333190918,-8.84393119812012,"Male"
"6018403",371836,2025-07-20 12:36:30,43.3574028015137,-8.84388542175293,"Male"
"6018403",371836,2025-07-20 12:41:24,43.3574104309082,-8.8437614440918,"Male"
"6018403",371836,2025-07-20 12:46:30,43.3574180603027,-8.8438663482666,"Male"
"6018403",371836,2025-07-20 12:51:22,43.3573875427246,-8.84407424926758,"Male"
"6018403",371836,2025-07-20 12:56:30,43.3574523925781,-8.84378147125244,"Male"
"6018403",371836,2025-07-20 13:01:21,43.3574829101562,-8.84455394744873,"Male"
"6018403",371836,2025-07-20 13:06:29,43.3574981689453,-8.84381771087646,"Male"
"6018403",371836,2025-07-20 13:11:28,43.3574905395508,-8.84382343292236,"Male"
"6018403",371836,2025-07-20 13:16:53,43.3575592041016,-8.84395694732666,"Male"
"6018403",371836,2025-07-20 13:21:19,43.3578605651855,-8.84362125396729,"Male"
"6018403",371836,2025-07-20 13:26:19,43.3576545715332,-8.84407138824463,"Male"
"6018403",371836,2025-07-20 13:31:19,43.3755035400391,-8.85643577575684,"Male"
"6018403",371836,2025-07-20 13:36:20,43.3778610229492,-8.858473777771,"Male"
"6018403",371836,2025-07-20 13:41:19,43.3936576843262,-8.84432601928711,"Male"
"6018403",371836,2025-07-20 13:46:28,43.3781547546387,-8.84479713439941,"Male"
"6018403",371836,2025-07-20 13:51:44,43.3589553833008,-8.83376216888428,"Male"
"6018403",371836,2025-07-20 13:56:28,43.3450889587402,-8.84116268157959,"Male"
"6018403",371836,2025-07-20 14:01:19,43.3254165649414,-8.84781837463379,"Male"
"6018403",371836,2025-07-20 14:06:23,43.3143310546875,-8.85678482055664,"Male"
"6018403",371836,2025-07-20 14:11:30,43.3147277832031,-8.85746955871582,"Male"
"6018403",371836,2025-07-20 14:16:23,43.3329200744629,-8.84710121154785,"Male"
"6018403",371836,2025-07-20 14:21:23,43.3687210083008,-8.8495569229126,"Male"
"6018403",371836,2025-07-20 14:26:24,43.369457244873,-8.8530101776123,"Male"
"6018403",371836,2025-07-20 14:31:24,43.3574562072754,-8.84427833557129,"Male"
"6018403",371836,2025-07-20 14:36:27,43.3575553894043,-8.84418392181396,"Male"
"6018403",371836,2025-07-20 14:41:34,43.3575439453125,-8.84432029724121,"Male"
"6018403",371836,2025-07-20 14:46:30,43.357593536377,-8.84421062469482,"Male"
"6018403",371836,2025-07-20 14:51:34,43.3575553894043,-8.84427165985107,"Male"
"6018403",371836,2025-07-20 14:56:37,43.357494354248,-8.84453296661377,"Male"
"6018403",371836,2025-07-20 15:01:33,43.3575057983398,-8.84411811828613,"Male"
"6018403",371836,2025-07-20 15:06:36,43.3575286865234,-8.84432601928711,"Male"
"6018403",371836,2025-07-20 15:11:34,43.3575668334961,-8.84409236907959,"Male"
"6018403",371836,2025-07-20 15:16:30,43.3575286865234,-8.84392833709717,"Male"
"6018403",371836,2025-07-20 15:21:34,43.3575401306152,-8.84403896331787,"Male"
"6018403",371836,2025-07-20 15:26:35,43.3574104309082,-8.8438138961792,"Male"
"6018403",371836,2025-07-20 15:31:42,43.3575630187988,-8.84408473968506,"Male"
"6018403",371836,2025-07-20 15:36:24,43.3576240539551,-8.84409141540527,"Male"
"6018403",371836,2025-07-20 15:41:25,43.3575134277344,-8.84403419494629,"Male"
"6018403",371836,2025-07-20 15:46:27,43.3575782775879,-8.84411525726318,"Male"
"6018403",371836,2025-07-20 15:51:25,43.3574485778809,-8.84407520294189,"Male"
"6018403",371836,2025-07-20 15:56:34,43.3575286865234,-8.84411334991455,"Male"
"6018403",371836,2025-07-20 16:01:42,43.3575973510742,-8.84410572052002,"Male"
"6018403",371836,2025-07-20 16:06:31,43.3574600219727,-8.8440408706665,"Male"
"6018403",371836,2025-07-20 16:11:31,43.3577461242676,-8.84421348571777,"Male"
"6018403",371836,2025-07-20 16:16:38,43.3574981689453,-8.84396648406982,"Male"
"6018403",371836,2025-07-20 16:21:37,43.3631439208984,-8.85158061981201,"Male"
"6018403",371836,2025-07-20 16:26:32,43.3585319519043,-8.84415435791016,"Male"
"6018403",371836,2025-07-20 16:31:44,43.3576354980469,-8.84424114227295,"Male"
"6018403",371836,2025-07-20 16:36:28,43.3577690124512,-8.84408378601074,"Male"
"6018403",371836,2025-07-20 16:41:25,43.3575592041016,-8.84416675567627,"Male"
"6018403",371836,2025-07-20 16:46:24,43.3576278686523,-8.84430027008057,"Male"
"6018403",371836,2025-07-20 16:51:24,43.3575096130371,-8.84407901763916,"Male"
"6018403",371836,2025-07-20 16:56:29,43.3575744628906,-8.84414291381836,"Male"
"6018403",371836,2025-07-20 17:01:24,43.3575210571289,-8.84409618377686,"Male"
"6018403",371836,2025-07-20 17:06:29,43.3576240539551,-8.84423351287842,"Male"
"6018403",371836,2025-07-20 17:11:25,43.3576049804688,-8.84423828125,"Male"
"6018403",371836,2025-07-20 17:16:53,43.3576049804688,-8.84402656555176,"Male"
"6018403",371836,2025-07-20 17:21:21,43.3576126098633,-8.8439884185791,"Male"
"6018403",371836,2025-07-20 17:26:22,43.3575668334961,-8.84404182434082,"Male"
"6018403",371836,2025-07-20 17:31:20,43.3576202392578,-8.84418964385986,"Male"
"6018403",371836,2025-07-20 17:36:22,43.3575325012207,-8.84417629241943,"Male"
"6018403",371836,2025-07-20 17:41:21,43.357494354248,-8.84397125244141,"Male"
"6018403",371836,2025-07-20 17:46:21,43.3575630187988,-8.84414863586426,"Male"
"6018403",371836,2025-07-20 17:51:22,43.357551574707,-8.84412574768066,"Male"
"6018403",371836,2025-07-20 17:56:21,43.3576354980469,-8.84401035308838,"Male"
"6018403",371836,2025-07-20 18:01:30,43.3576736450195,-8.84421062469482,"Male"
"6018403",371836,2025-07-20 18:06:36,43.3575439453125,-8.84398174285889,"Male"
"6018403",371836,2025-07-20 18:11:30,43.3578071594238,-8.84445285797119,"Male"
"6018403",371836,2025-07-20 18:16:32,43.357593536377,-8.84420776367188,"Male"
"6018403",371836,2025-07-20 18:21:30,43.3574256896973,-8.8440113067627,"Male"
"6018403",371836,2025-07-20 18:27:06,43.3580436706543,-8.84519958496094,"Male"
"6018403",371836,2025-07-20 18:31:31,43.3575325012207,-8.84409523010254,"Male"
"6018403",371836,2025-07-20 18:36:33,43.3576164245605,-8.84414386749268,"Male"
"6018403",371836,2025-07-20 18:41:31,43.3576202392578,-8.8441333770752,"Male"
"6018403",371836,2025-07-20 18:46:43,43.3575668334961,-8.84396553039551,"Male"
"6018403",371836,2025-07-20 18:51:21,43.3576164245605,-8.84392261505127,"Male"
"6018403",371836,2025-07-20 18:56:30,43.3576240539551,-8.84411907196045,"Male"
"6018403",371836,2025-07-20 19:01:25,43.3574523925781,-8.84385108947754,"Male"
"6018403",371836,2025-07-20 19:06:25,43.3577079772949,-8.84457969665527,"Male"
"6018403",371836,2025-07-20 19:11:25,43.3575973510742,-8.84452152252197,"Male"
"6018403",371836,2025-07-20 19:16:24,43.3571434020996,-8.84366703033447,"Male"
"6018403",371836,2025-07-20 19:21:23,43.3583145141602,-8.84446907043457,"Male"
"6018403",371836,2025-07-20 19:26:30,43.3574028015137,-8.84393787384033,"Male"
"6018403",371836,2025-07-20 19:31:23,43.3570938110352,-8.84337711334229,"Male"
"6018403",371836,2025-07-20 19:36:41,43.3574028015137,-8.8436975479126,"Male"
"6018403",371836,2025-07-20 19:41:33,43.3577842712402,-8.84481525421143,"Male"
"6018403",371836,2025-07-20 19:46:46,43.3575592041016,-8.84439563751221,"Male"
"6018403",371836,2025-07-20 19:51:43,43.357551574707,-8.84395694732666,"Male"
"6018403",371836,2025-07-20 19:56:28,43.3576583862305,-8.84450244903564,"Male"
"6018403",371836,2025-07-20 20:01:31,43.3575057983398,-8.84388828277588,"Male"
"6018403",371836,2025-07-20 20:06:24,43.3572235107422,-8.84341907501221,"Male"
"6018403",371836,2025-07-20 20:11:29,43.3576202392578,-8.8440055847168,"Male"
"6018403",371836,2025-07-20 20:16:32,43.352840423584,-8.83117485046387,"Male"
"6018403",371836,2025-07-20 20:21:28,43.3625602722168,-8.82725048065186,"Male"
"6018403",371836,2025-07-20 20:26:24,43.3622817993164,-8.82569026947021,"Male"
"6018403",371836,2025-07-20 20:31:48,43.3575172424316,-8.84379100799561,"Male"
"6018403",371836,2025-07-20 20:36:53,43.3576049804688,-8.84397125244141,"Male"
"6018403",371836,2025-07-20 20:41:27,43.3575973510742,-8.84387969970703,"Male"
"6018403",371836,2025-07-20 20:46:53,43.357551574707,-8.84407138824463,"Male"
"6018403",371836,2025-07-20 20:51:23,43.3576507568359,-8.84408283233643,"Male"
"6018403",371836,2025-07-20 20:56:23,43.3576736450195,-8.84410190582275,"Male"
"6018403",371836,2025-07-20 21:01:22,43.3576583862305,-8.8441276550293,"Male"
"6018403",371836,2025-07-20 21:06:21,43.3576164245605,-8.84408187866211,"Male"
"6018403",371836,2025-07-20 21:11:30,43.3575820922852,-8.84410667419434,"Male"
"6018403",371836,2025-07-20 21:16:30,43.3575172424316,-8.84398078918457,"Male"
"6018403",371836,2025-07-20 21:21:30,43.3575134277344,-8.84398078918457,"Male"
"6018403",371836,2025-07-20 21:26:30,43.3574256896973,-8.84396266937256,"Male"
"6018403",371836,2025-07-20 21:31:39,43.3573989868164,-8.84392070770264,"Male"
"6018403",371836,2025-07-20 21:36:40,43.357349395752,-8.84389305114746,"Male"
"6018403",371836,2025-07-20 21:41:41,43.3573608398438,-8.84388732910156,"Male"
"6018403",371836,2025-07-20 21:46:37,43.3574180603027,-8.84395027160645,"Male"
"6018403",371836,2025-07-20 21:51:32,43.3575744628906,-8.84406185150146,"Male"
"6018403",371836,2025-07-20 21:56:46,43.3576469421387,-8.84419059753418,"Male"
"6018403",371836,2025-07-20 22:01:49,43.3577651977539,-8.84427738189697,"Male"
"6018403",371836,2025-07-20 22:06:22,43.3579292297363,-8.84429168701172,"Male"
"6018403",371836,2025-07-20 22:11:28,43.3577308654785,-8.84427928924561,"Male"
"6018403",371836,2025-07-20 22:17:00,43.3576545715332,-8.84415817260742,"Male"
"6018403",371836,2025-07-20 22:21:24,43.3576812744141,-8.84419059753418,"Male"
"6018403",371836,2025-07-20 22:26:25,43.3576507568359,-8.84418296813965,"Male"
"6018403",371836,2025-07-20 22:31:30,43.3577995300293,-8.84437465667725,"Male"
"6018403",371836,2025-07-20 22:36:31,43.3578224182129,-8.84468173980713,"Male"
"6018403",371836,2025-07-20 22:41:30,43.3577613830566,-8.84440326690674,"Male"
"6018403",371836,2025-07-20 22:46:34,43.3577499389648,-8.84439086914062,"Male"
"6018403",371836,2025-07-20 22:51:34,43.357738494873,-8.84436798095703,"Male"
"6018403",371836,2025-07-20 22:56:34,43.3577041625977,-8.84433937072754,"Male"
"6018403",371836,2025-07-20 23:01:44,43.3577194213867,-8.84436702728271,"Male"
"6018403",371836,2025-07-20 23:06:58,43.3577194213867,-8.84426784515381,"Male"
"6018403",371836,2025-07-20 23:11:54,43.3577613830566,-8.84362602233887,"Male"
"6018403",371836,2025-07-20 23:17:04,43.3576850891113,-8.84415531158447,"Male"
"6018403",371836,2025-07-20 23:21:20,43.3576889038086,-8.84435367584229,"Male"
"6018403",371836,2025-07-20 23:26:21,43.357536315918,-8.84432601928711,"Male"
"6018403",371836,2025-07-20 23:31:21,43.3575057983398,-8.8444881439209,"Male"
"6018403",371836,2025-07-20 23:36:24,43.357479095459,-8.84453964233398,"Male"
"6018403",371836,2025-07-20 23:41:27,43.3578071594238,-8.84431934356689,"Male"
"6018403",371836,2025-07-20 23:46:41,43.3574333190918,-8.8439474105835,"Male"
"6018403",371836,2025-07-20 23:51:40,43.3575744628906,-8.84402370452881,"Male"
"6018403",371836,2025-07-20 23:56:27,43.357593536377,-8.84407615661621,"Male"
"6018403",371836,2025-07-21 00:01:25,43.3576927185059,-8.84420108795166,"Male"
"6018403",371836,2025-07-21 00:06:29,43.3576278686523,-8.84405994415283,"Male"
"6018403",371836,2025-07-21 00:11:28,43.357608795166,-8.8440113067627,"Male"
"6018403",371836,2025-07-21 00:16:30,43.3576049804688,-8.844069480896,"Male"
"6018403",371836,2025-07-21 00:21:24,43.3575859069824,-8.84365367889404,"Male"
"6018403",371836,2025-07-21 00:26:29,43.3577003479004,-8.84426593780518,"Male"
"6018403",371836,2025-07-21 00:31:28,43.3576698303223,-8.84422779083252,"Male"
"6018403",371836,2025-07-21 00:36:25,43.3576278686523,-8.84410762786865,"Male"
"6018403",371836,2025-07-21 00:41:25,43.3576278686523,-8.84402847290039,"Male"
"6018403",371836,2025-07-21 00:46:45,43.3576316833496,-8.84403228759766,"Male"
"6018403",371836,2025-07-21 00:51:22,43.3576545715332,-8.84402275085449,"Male"
"6018403",371836,2025-07-21 00:56:21,43.3575553894043,-8.84396457672119,"Male"
"6018403",371836,2025-07-21 01:01:24,43.3576049804688,-8.84428977966309,"Male"
"6018403",371836,2025-07-21 01:06:24,43.3575096130371,-8.84422969818115,"Male"
"6018403",371836,2025-07-21 01:11:30,43.3576812744141,-8.84420776367188,"Male"
"6018403",371836,2025-07-21 01:16:30,43.3577995300293,-8.84424114227295,"Male"
"6018403",371836,2025-07-21 01:21:30,43.3576545715332,-8.84426975250244,"Male"
"6018403",371836,2025-07-21 01:26:24,43.3576049804688,-8.84437084197998,"Male"
"6018403",371836,2025-07-21 01:31:44,43.357593536377,-8.84409332275391,"Male"
"6018403",371836,2025-07-21 01:36:25,43.3576126098633,-8.84420299530029,"Male"
"6018403",371836,2025-07-21 01:41:24,43.3574142456055,-8.84420680999756,"Male"
"6018403",371836,2025-07-21 01:46:21,43.3577156066895,-8.8436803817749,"Male"
"6018403",371836,2025-07-21 01:51:25,43.357608795166,-8.84396266937256,"Male"
"6018403",371836,2025-07-21 01:56:22,43.3576850891113,-8.84401798248291,"Male"
"6018403",371836,2025-07-21 02:01:24,43.3574142456055,-8.84479331970215,"Male"
"6018403",371836,2025-07-21 02:06:28,43.3575973510742,-8.84412860870361,"Male"
"6018403",371836,2025-07-21 02:11:27,43.3576469421387,-8.84406471252441,"Male"
"6018403",371836,2025-07-21 02:16:44,43.3575553894043,-8.84426498413086,"Male"
"6018403",371836,2025-07-21 02:21:30,43.3575134277344,-8.84423065185547,"Male"
"6018403",371836,2025-07-21 02:26:44,43.3575553894043,-8.84421348571777,"Male"
"6018403",371836,2025-07-21 02:31:28,43.3575668334961,-8.84420967102051,"Male"
"6018403",371836,2025-07-21 02:36:24,43.3576927185059,-8.84379386901855,"Male"
"6018403",371836,2025-07-21 02:41:32,43.3575477600098,-8.84423923492432,"Male"
"6018403",371836,2025-07-21 02:46:59,43.3575325012207,-8.84407424926758,"Male"
"6018403",371836,2025-07-21 02:51:40,43.3575286865234,-8.84419441223145,"Male"
"6018403",371836,2025-07-21 02:56:22,43.3575286865234,-8.84432506561279,"Male"
"6018403",371836,2025-07-21 03:01:28,43.3575973510742,-8.8441743850708,"Male"
"6018403",371836,2025-07-21 03:06:23,43.3576164245605,-8.84414672851562,"Male"
"6018403",371836,2025-07-21 03:11:28,43.3576736450195,-8.84408664703369,"Male"
"6018403",371836,2025-07-21 03:16:28,43.3575019836426,-8.84434413909912,"Male"
"6018403",371836,2025-07-21 03:21:29,43.3575172424316,-8.84413623809814,"Male"
"6018403",371836,2025-07-21 03:26:53,43.3575820922852,-8.84421443939209,"Male"
"6018403",371836,2025-07-21 03:31:22,43.3576393127441,-8.84393405914307,"Male"
"6018403",371836,2025-07-21 03:36:27,43.3576278686523,-8.84421253204346,"Male"
"6018403",371836,2025-07-21 03:41:37,43.3575973510742,-8.84429454803467,"Male"
"6018403",371836,2025-07-21 03:47:05,43.3576431274414,-8.84417629241943,"Male"
"6018403",371836,2025-07-21 03:51:20,43.3576202392578,-8.84421825408936,"Male"
"6018403",371836,2025-07-21 03:56:21,43.3575859069824,-8.84419345855713,"Male"
"6018403",371836,2025-07-21 04:01:21,43.3576126098633,-8.84413433074951,"Male"
"6018403",371836,2025-07-21 04:06:23,43.3575706481934,-8.84416103363037,"Male"
"6018403",371836,2025-07-21 04:11:22,43.3575592041016,-8.84416198730469,"Male"
"6018403",371836,2025-07-21 04:16:23,43.357608795166,-8.84410190582275,"Male"
"6018403",371836,2025-07-21 04:21:22,43.3577041625977,-8.84472465515137,"Male"
"6018403",371836,2025-07-21 04:26:23,43.357795715332,-8.84482574462891,"Male"
"6018403",371836,2025-07-21 04:31:51,43.3577613830566,-8.84474754333496,"Male"
"6018403",371836,2025-07-21 04:36:23,43.3577575683594,-8.84469985961914,"Male"
"6018403",371836,2025-07-21 04:41:22,43.3578147888184,-8.84463500976562,"Male"
"6018403",371836,2025-07-21 04:46:21,43.3604850769043,-8.84759998321533,"Male"
"6018403",371836,2025-07-21 04:51:21,43.3612327575684,-8.85179901123047,"Male"
"6018403",371836,2025-07-21 04:56:29,43.3580513000488,-8.84388160705566,"Male"
"6018403",371836,2025-07-21 05:01:24,43.3576622009277,-8.84427261352539,"Male"
"6018403",371836,2025-07-21 05:06:35,43.3578071594238,-8.84490966796875,"Male"
"6018403",371836,2025-07-21 05:11:24,43.3576622009277,-8.84419441223145,"Male"
"6018403",371836,2025-07-21 05:16:28,43.3577651977539,-8.84480285644531,"Male"
"6018403",371836,2025-07-21 05:21:23,43.357536315918,-8.84411144256592,"Male"
"6018403",371836,2025-07-21 05:26:29,43.357551574707,-8.84421443939209,"Male"
"6018403",371836,2025-07-21 05:31:27,43.3576316833496,-8.8440637588501,"Male"
"6018403",371836,2025-07-21 05:36:23,43.3578262329102,-8.84490203857422,"Male"
"6018403",371836,2025-07-21 05:41:30,43.3576393127441,-8.84424591064453,"Male"
"6018403",371836,2025-07-21 05:46:31,43.357608795166,-8.84419441223145,"Male"
"6018403",371836,2025-07-21 05:51:31,43.3577842712402,-8.84480094909668,"Male"
"6018403",371836,2025-07-21 05:56:31,43.3574981689453,-8.84398460388184,"Male"
"6018403",371836,2025-07-21 06:01:31,43.3575477600098,-8.84410858154297,"Male"
"6018403",371836,2025-07-21 06:06:33,43.3578071594238,-8.84488677978516,"Male"
"6018403",371836,2025-07-21 06:11:47,43.3576622009277,-8.84420108795166,"Male"
"6018403",371836,2025-07-21 06:16:30,43.3577461242676,-8.84437942504883,"Male"
"6018403",371836,2025-07-21 06:22:14,43.3582801818848,-8.84531784057617,"Male"
"6018403",371836,2025-07-21 06:26:23,43.3579368591309,-8.84447860717773,"Male"
"6018403",371836,2025-07-21 06:31:20,43.3576049804688,-8.84402465820312,"Male"
"6018403",371836,2025-07-21 06:36:22,43.3575096130371,-8.84416389465332,"Male"
"6018403",371836,2025-07-21 06:41:22,43.3573760986328,-8.8439416885376,"Male"
"6018403",371836,2025-07-21 06:46:29,43.3577003479004,-8.84426689147949,"Male"
"6018403",371836,2025-07-21 06:51:22,43.3582725524902,-8.84543895721436,"Male"
"6018403",371836,2025-07-21 06:56:23,43.3577461242676,-8.8443660736084,"Male"
"6018403",371836,2025-07-21 07:01:23,43.3576850891113,-8.84438037872314,"Male"
"6018403",371836,2025-07-21 07:06:22,43.357738494873,-8.84442710876465,"Male"
"6018403",371836,2025-07-21 07:11:22,43.3577728271484,-8.84441566467285,"Male"
"6018403",371836,2025-07-21 07:16:23,43.3579177856445,-8.84502506256104,"Male"
"6018403",371836,2025-07-21 07:21:28,43.3579483032227,-8.84513664245605,"Male"
"6018403",371836,2025-07-21 07:26:44,43.3580055236816,-8.84525012969971,"Male"
"6018403",371836,2025-07-21 07:31:25,43.3576965332031,-8.84438610076904,"Male"
"6018403",371836,2025-07-21 07:36:23,43.3577346801758,-8.84459972381592,"Male"
"6018403",371836,2025-07-21 07:41:25,43.3576583862305,-8.84438800811768,"Male"
"6018403",371836,2025-07-21 07:46:25,43.3576240539551,-8.84434223175049,"Male"
"6018403",371836,2025-07-21 07:51:25,43.3576583862305,-8.84443855285645,"Male"
"6018403",371836,2025-07-21 07:56:24,43.3577156066895,-8.84454917907715,"Male"
"6018403",371836,2025-07-21 08:01:53,43.3576049804688,-8.84432983398438,"Male"
"6018403",371836,2025-07-21 08:06:24,43.3576049804688,-8.84437561035156,"Male"
"6018403",371836,2025-07-21 08:11:25,43.3575286865234,-8.84438323974609,"Male"
"6018403",371836,2025-07-21 08:16:23,43.3575668334961,-8.84433174133301,"Male"
"6018403",371836,2025-07-21 08:21:23,43.357795715332,-8.84505939483643,"Male"
"6018403",371836,2025-07-21 08:26:25,43.3577346801758,-8.84500694274902,"Male"
"6018403",371836,2025-07-21 08:31:23,43.3575897216797,-8.84433746337891,"Male"
"6018403",371836,2025-07-21 08:36:28,43.3575592041016,-8.84430599212646,"Male"
"6018403",371836,2025-07-21 08:41:23,43.357593536377,-8.84436988830566,"Male"
"6018403",371836,2025-07-21 08:46:21,43.3575973510742,-8.84436511993408,"Male"
"6018403",371836,2025-07-21 08:51:22,43.3575630187988,-8.84437656402588,"Male"
"6018403",371836,2025-07-21 08:56:34,43.357536315918,-8.84424781799316,"Male"
"6018403",371836,2025-07-21 09:01:34,43.3575477600098,-8.8440580368042,"Male"
"6018403",371836,2025-07-21 09:06:25,43.3575706481934,-8.84442043304443,"Male"
"6018403",371836,2025-07-21 09:11:25,43.3575439453125,-8.8444242477417,"Male"
"6018403",371836,2025-07-21 09:16:23,43.3575439453125,-8.84436130523682,"Male"
"6018403",371836,2025-07-21 09:21:22,43.3575706481934,-8.84439945220947,"Male"
"6018403",371836,2025-07-21 09:26:34,43.3575897216797,-8.84441947937012,"Male"
"6018403",371836,2025-07-21 09:31:34,43.3574981689453,-8.84443187713623,"Male"
"6018403",371836,2025-07-21 09:36:31,43.3575706481934,-8.84444522857666,"Male"
"6018403",371836,2025-07-21 09:41:41,43.3576927185059,-8.84442138671875,"Male"
"6018403",371836,2025-07-21 09:46:53,43.3576278686523,-8.84424686431885,"Male"
"6018403",371836,2025-07-21 09:51:30,43.3578224182129,-8.84485816955566,"Male"
"6018403",371836,2025-07-21 09:56:44,43.357795715332,-8.84491920471191,"Male"
"6018403",371836,2025-07-21 10:01:27,43.3575744628906,-8.84423637390137,"Male"
"6018403",371836,2025-07-21 10:06:25,43.3575553894043,-8.8442325592041,"Male"
"6018403",371836,2025-07-21 10:11:24,43.3575134277344,-8.84442329406738,"Male"
"6018403",371836,2025-07-21 10:16:23,43.3575668334961,-8.84435176849365,"Male"
"6018403",371836,2025-07-21 10:21:34,43.3574066162109,-8.84448719024658,"Male"
"6018403",371836,2025-07-21 10:26:29,43.3573188781738,-8.84422302246094,"Male"
"6018403",371836,2025-07-21 10:31:33,43.3573684692383,-8.84444236755371,"Male"
"6018403",371836,2025-07-21 10:36:33,43.3573417663574,-8.84455966949463,"Male"
"6018403",371836,2025-07-21 10:41:35,43.3573760986328,-8.84442138671875,"Male"
"6018403",371836,2025-07-21 10:46:52,43.3576812744141,-8.84394454956055,"Male"
"6018403",371836,2025-07-21 10:51:44,43.3575897216797,-8.84414577484131,"Male"
"6018403",371836,2025-07-21 10:56:30,43.3576316833496,-8.84409427642822,"Male"
"6018403",371836,2025-07-21 11:01:25,43.3576583862305,-8.84399509429932,"Male"
"6018403",371836,2025-07-21 11:06:27,43.3576164245605,-8.84414386749268,"Male"
"6018403",371836,2025-07-21 11:11:30,43.3577880859375,-8.84478664398193,"Male"
"6018403",371836,2025-07-21 11:16:30,43.3577880859375,-8.84483528137207,"Male"
"6018403",371836,2025-07-21 11:21:31,43.3577651977539,-8.84480667114258,"Male"
"6018403",371836,2025-07-21 11:26:30,43.3576278686523,-8.84418296813965,"Male"
"6018403",371836,2025-07-21 11:31:30,43.3576126098633,-8.84412097930908,"Male"
"6018403",371836,2025-07-21 11:36:30,43.3576507568359,-8.84409427642822,"Male"
"6018403",371836,2025-07-21 11:41:30,43.3576507568359,-8.84415054321289,"Male"
"6018403",371836,2025-07-21 11:46:31,43.3576698303223,-8.84416198730469,"Male"
"6018403",371836,2025-07-21 11:51:33,43.3576927185059,-8.84418106079102,"Male"
"6018403",371836,2025-07-21 11:56:33,43.3577690124512,-8.84414291381836,"Male"
"6018403",371836,2025-07-21 12:01:35,43.3577651977539,-8.84405040740967,"Male"
"6018403",371836,2025-07-21 12:06:48,43.3583717346191,-8.84382820129395,"Male"
"6018403",371836,2025-07-21 12:11:44,43.3574447631836,-8.84421634674072,"Male"
"6018403",371836,2025-07-21 12:16:21,43.3577041625977,-8.84408760070801,"Male"
"6018403",371836,2025-07-21 12:21:22,43.357593536377,-8.84414672851562,"Male"
"6018403",371836,2025-07-21 12:26:30,43.3575668334961,-8.84283065795898,"Male"
"6018403",371836,2025-07-21 12:31:28,43.3575134277344,-8.84371566772461,"Male"
"6018403",371836,2025-07-21 12:36:22,43.3574028015137,-8.84475708007812,"Male"
"6018403",371836,2025-07-21 12:41:20,43.3806343078613,-8.85879993438721,"Male"
"6018403",371836,2025-07-21 12:47:05,43.4093894958496,-8.87618732452393,"Male"
"6018403",371836,2025-07-21 12:51:21,43.4299850463867,-8.89635467529297,"Male"
"6018403",371836,2025-07-21 12:56:24,43.4426307678223,-8.92613315582275,"Male"
"6018403",371836,2025-07-21 13:01:22,43.4567413330078,-8.95701885223389,"Male"
"6018403",371836,2025-07-21 13:06:24,43.4760475158691,-8.98087787628174,"Male"
"6018403",371836,2025-07-21 13:11:23,43.4787521362305,-8.97574806213379,"Male"
"6018403",371836,2025-07-21 13:16:23,43.4812545776367,-8.97058391571045,"Male"
"6018403",371836,2025-07-21 13:21:23,43.4831733703613,-8.96618461608887,"Male"
"6018403",371836,2025-07-21 13:26:35,43.4866981506348,-8.9608211517334,"Male"
"6018403",371836,2025-07-21 13:31:23,43.4888038635254,-8.95528221130371,"Male"
"6018403",371836,2025-07-21 13:41:23,43.4943237304688,-8.94528675079346,"Male"
"6018403",371836,2025-07-21 13:47:23,43.4973754882812,-8.93910598754883,"Male"
"6018403",371836,2025-07-21 13:51:21,43.499210357666,-8.93476581573486,"Male"
"6018403",371836,2025-07-21 13:56:21,43.4900093078613,-8.92591381072998,"Male"
"6018403",371836,2025-07-21 14:01:21,43.4604682922363,-8.90898418426514,"Male"
"6018403",371836,2025-07-21 14:06:21,43.4311447143555,-8.89729309082031,"Male"
"6018403",371836,2025-07-21 14:11:21,43.4024047851562,-8.86816692352295,"Male"
"6018403",371836,2025-07-21 14:16:22,43.3742485046387,-8.85476112365723,"Male"
"6018403",371836,2025-07-21 14:21:23,43.3577880859375,-8.84438991546631,"Male"
"6018403",371836,2025-07-21 14:26:25,43.3577499389648,-8.84429931640625,"Male"
"6018403",371836,2025-07-21 14:31:25,43.3576049804688,-8.84391498565674,"Male"
"6018403",371836,2025-07-21 14:36:30,43.3576393127441,-8.84387397766113,"Male"
"6018403",371836,2025-07-21 14:41:44,43.357494354248,-8.84407329559326,"Male"
"6018403",371836,2025-07-21 14:46:25,43.3574295043945,-8.84403896331787,"Male"
"6018403",371836,2025-07-21 14:51:22,43.3575401306152,-8.84372520446777,"Male"
"6018403",371836,2025-07-21 14:56:25,43.3580665588379,-8.84441661834717,"Male"
"6018403",371836,2025-07-21 15:01:39,43.3575630187988,-8.84273719787598,"Male"
"6018403",371836,2025-07-21 15:07:05,43.3575820922852,-8.84409523010254,"Male"
"6018403",371836,2025-07-21 15:11:23,43.3575820922852,-8.84401798248291,"Male"
"6018403",371836,2025-07-21 15:16:22,43.357982635498,-8.84504890441895,"Male"
"6018403",371836,2025-07-21 15:21:25,43.3576354980469,-8.8441162109375,"Male"
"6018403",371836,2025-07-21 15:26:22,43.3576774597168,-8.84427833557129,"Male"
"6018403",371836,2025-07-21 15:31:29,43.364631652832,-8.83752346038818,"Male"
"6018403",371836,2025-07-21 15:36:27,43.3644218444824,-8.83789920806885,"Male"
"6018403",371836,2025-07-21 15:41:34,43.3575439453125,-8.84388446807861,"Male"
"6018403",371836,2025-07-21 15:46:44,43.3576965332031,-8.84426593780518,"Male"
"6018403",371836,2025-07-21 15:51:29,43.3576698303223,-8.84418487548828,"Male"
"6018403",371836,2025-07-21 15:56:29,43.3575096130371,-8.8438138961792,"Male"
"6018403",371836,2025-07-21 16:01:53,43.3576278686523,-8.84408569335938,"Male"
"6018403",371836,2025-07-21 16:06:21,43.3578796386719,-8.84458065032959,"Male"
"6018403",371836,2025-07-21 16:11:23,43.3575706481934,-8.84408855438232,"Male"
"6018403",371836,2025-07-21 16:16:25,43.3576011657715,-8.844069480896,"Male"
"6018403",371836,2025-07-21 16:21:22,43.3581275939941,-8.84474277496338,"Male"
"6018403",371836,2025-07-21 16:26:23,43.3584594726562,-8.84532642364502,"Male"
"6018403",371836,2025-07-21 16:31:26,43.3576583862305,-8.84417819976807,"Male"
"6018403",371836,2025-07-21 16:36:26,43.3577041625977,-8.84427356719971,"Male"
"6018403",371836,2025-07-21 16:41:27,43.3565521240234,-8.84254550933838,"Male"
"6018403",371836,2025-07-21 16:46:30,43.357349395752,-8.8437442779541,"Male"
"6018403",371836,2025-07-21 16:51:29,43.3575172424316,-8.84401416778564,"Male"
"6018403",371836,2025-07-21 16:56:44,43.3575439453125,-8.84419727325439,"Male"
"6018403",371836,2025-07-21 17:01:26,43.3572769165039,-8.84367370605469,"Male"
"6018403",371836,2025-07-21 17:06:30,43.3575706481934,-8.84400939941406,"Male"
"6018403",371836,2025-07-21 17:11:40,43.3575744628906,-8.84416770935059,"Male"
"6018403",371836,2025-07-21 17:16:59,43.357536315918,-8.84413909912109,"Male"
"6018403",371836,2025-07-21 17:21:23,43.357494354248,-8.84420013427734,"Male"
"6018403",371836,2025-07-21 17:26:23,43.3572769165039,-8.84432506561279,"Male"
"6018403",371836,2025-07-21 17:31:22,43.3572731018066,-8.84436130523682,"Male"
"6018403",371836,2025-07-21 17:36:22,43.3574981689453,-8.8441743850708,"Male"
"6018403",371836,2025-07-21 17:41:24,43.3574333190918,-8.84496116638184,"Male"
"6018403",371836,2025-07-21 17:46:24,43.3578567504883,-8.84443378448486,"Male"
"6018403",371836,2025-07-21 17:51:23,43.3584632873535,-8.83476638793945,"Male"
"6018403",371836,2025-07-21 17:56:22,43.3614349365234,-8.83488273620605,"Male"
"6018403",371836,2025-07-21 18:01:24,43.3574180603027,-8.84425735473633,"Male"
"6018403",371836,2025-07-21 18:06:23,43.3492622375488,-8.84857368469238,"Male"
"6018403",371836,2025-07-21 18:11:23,43.3606376647949,-8.84732341766357,"Male"
"6018403",371836,2025-07-21 18:16:24,43.3815269470215,-8.85909271240234,"Male"
"6018403",371836,2025-07-21 18:21:27,43.403621673584,-8.87650299072266,"Male"
"6018403",371836,2025-07-21 18:26:23,43.4266471862793,-8.89791584014893,"Male"
"6018403",371836,2025-07-21 18:31:25,43.4502220153809,-8.92405986785889,"Male"
"6018403",371836,2025-07-21 18:36:27,43.477912902832,-8.94707489013672,"Male"
"6018403",371836,2025-07-21 18:41:29,43.5010833740234,-8.96402931213379,"Male"
"6018403",371836,2025-07-21 18:46:23,43.4963226318359,-8.96744155883789,"Male"
"6018403",371836,2025-07-21 18:51:36,43.4921760559082,-8.97255992889404,"Male"
"6018403",371836,2025-07-21 18:56:22,43.4689025878906,-8.96518611907959,"Male"
"6018403",371836,2025-07-21 19:01:31,43.4452705383301,-8.93824481964111,"Male"
"6018403",371836,2025-07-21 19:06:23,43.4228057861328,-8.90137958526611,"Male"
"6018403",371836,2025-07-21 19:11:29,43.398983001709,-8.8715763092041,"Male"
"6018403",371836,2025-07-21 19:16:27,43.3722114562988,-8.84388065338135,"Male"
"6018403",371836,2025-07-21 19:21:25,43.3575706481934,-8.84409046173096,"Male"
"6018403",371836,2025-07-21 19:26:31,43.3575973510742,-8.84407329559326,"Male"
"6018403",371836,2025-07-21 19:31:30,43.357593536377,-8.84406757354736,"Male"
"6018403",371836,2025-07-21 19:36:29,43.3575820922852,-8.8440465927124,"Male"
"6018403",371836,2025-07-21 19:41:27,43.3576049804688,-8.84402751922607,"Male"
"6018403",371836,2025-07-21 19:46:59,43.3577003479004,-8.84408187866211,"Male"
"6018403",371836,2025-07-21 19:51:23,43.3577537536621,-8.84405422210693,"Male"
"6018403",371836,2025-07-21 19:56:23,43.3577461242676,-8.84408664703369,"Male"
"6018403",371836,2025-07-21 20:02:05,43.3576889038086,-8.8440465927124,"Male"
"6018403",371836,2025-07-21 20:06:22,43.3576431274414,-8.84409999847412,"Male"
"6018403",371836,2025-07-21 20:11:23,43.3576927185059,-8.84404182434082,"Male"
"6018403",371836,2025-07-21 20:16:22,43.3576393127441,-8.84407329559326,"Male"
"6018403",371836,2025-07-21 20:21:22,43.3576049804688,-8.84407997131348,"Male"
"6018403",371836,2025-07-21 20:26:23,43.3576164245605,-8.84399795532227,"Male"
"6018403",371836,2025-07-21 20:31:22,43.3575897216797,-8.84412670135498,"Male"
"6018403",371836,2025-07-21 20:36:22,43.3575439453125,-8.84413623809814,"Male"
"6018403",371836,2025-07-21 20:41:22,43.3577270507812,-8.84479331970215,"Male"
"6018403",371836,2025-07-21 20:46:23,43.3576126098633,-8.84411525726318,"Male"
"6018403",371836,2025-07-21 20:51:25,43.3576469421387,-8.84410381317139,"Male"
"6018403",371836,2025-07-21 20:56:25,43.3574829101562,-8.84413623809814,"Male"
"6018403",371836,2025-07-21 21:01:23,43.3577003479004,-8.84411525726318,"Male"
"6018403",371836,2025-07-21 21:06:24,43.3576736450195,-8.8440580368042,"Male"
"6018403",371836,2025-07-21 21:11:22,43.3575820922852,-8.84409332275391,"Male"
"6018403",371836,2025-07-21 21:16:23,43.3576431274414,-8.84412574768066,"Male"
"6018403",371836,2025-07-21 21:21:22,43.3576049804688,-8.84408760070801,"Male"
"6018403",371836,2025-07-21 21:26:28,43.357593536377,-8.84408473968506,"Male"
"6018403",371836,2025-07-21 21:31:22,43.3577194213867,-8.84411525726318,"Male"
"6018403",371836,2025-07-21 21:36:23,43.3576774597168,-8.84409618377686,"Male"
"6018403",371836,2025-07-21 21:41:22,43.3576965332031,-8.84416103363037,"Male"
"6018403",371836,2025-07-21 21:46:22,43.3577041625977,-8.84408473968506,"Male"
"6018403",371836,2025-07-21 21:51:25,43.3575897216797,-8.84408473968506,"Male"
"6018403",371836,2025-07-21 21:56:30,43.3575973510742,-8.84414863586426,"Male"
"6018403",371836,2025-07-21 22:01:27,43.3575096130371,-8.84408664703369,"Male"
"6018403",371836,2025-07-21 22:06:30,43.3575210571289,-8.84413242340088,"Male"
"6018403",371836,2025-07-21 22:11:24,43.3576354980469,-8.84407520294189,"Male"
"6018403",371836,2025-07-21 22:16:44,43.3576278686523,-8.84410858154297,"Male"
"6018403",371836,2025-07-21 22:21:27,43.3577461242676,-8.84422874450684,"Male"
"6018403",371836,2025-07-21 22:26:27,43.3576049804688,-8.84412860870361,"Male"
"6018403",371836,2025-07-21 22:31:26,43.3577003479004,-8.84421920776367,"Male"
"6018403",371836,2025-07-21 22:36:28,43.3576889038086,-8.84421157836914,"Male"
"6018403",371836,2025-07-21 22:41:25,43.3576126098633,-8.844162940979,"Male"
"6018403",371836,2025-07-21 22:46:43,43.3577156066895,-8.84423446655273,"Male"
"6018403",371836,2025-07-21 22:51:27,43.3577880859375,-8.84433650970459,"Male"
"6018403",371836,2025-07-21 22:56:28,43.3575172424316,-8.84400081634521,"Male"
"6018403",371836,2025-07-21 23:01:36,43.3577499389648,-8.84425735473633,"Male"
"6018403",371836,2025-07-21 23:06:36,43.3577461242676,-8.84417343139648,"Male"
"6018403",371836,2025-07-21 23:11:31,43.357795715332,-8.84428882598877,"Male"
"6018403",371836,2025-07-21 23:16:36,43.3577270507812,-8.84425354003906,"Male"
"6018403",371836,2025-07-21 23:21:46,43.35693359375,-8.84441471099854,"Male"
"6018403",371836,2025-07-21 23:26:38,43.3570289611816,-8.84449577331543,"Male"
"6018403",371836,2025-07-21 23:31:36,43.356861114502,-8.84487247467041,"Male"
"6018403",371836,2025-07-21 23:36:39,43.3579750061035,-8.8438549041748,"Male"
"6018403",371836,2025-07-21 23:41:58,43.3576889038086,-8.84413433074951,"Male"
"6018403",371836,2025-07-21 23:46:28,43.3578758239746,-8.84403991699219,"Male"
"6018403",371836,2025-07-21 23:51:23,43.3580741882324,-8.84414482116699,"Male"
"6018403",371836,2025-07-21 23:56:27,43.357593536377,-8.84409809112549,"Male"
"6018403",371836,2025-07-22 00:01:32,43.3577156066895,-8.84428691864014,"Male"
"6018403",371836,2025-07-22 00:06:24,43.3587951660156,-8.84427070617676,"Male"
"6018403",371836,2025-07-22 00:11:24,43.357666015625,-8.84434127807617,"Male"
"6018403",371836,2025-07-22 00:16:24,43.357608795166,-8.8444709777832,"Male"
"6018403",371836,2025-07-22 00:21:23,43.3575744628906,-8.84433555603027,"Male"
"6018403",371836,2025-07-22 00:26:24,43.3573532104492,-8.84435939788818,"Male"
"6018403",371836,2025-07-22 00:31:44,43.3575553894043,-8.84413623809814,"Male"
"6018403",371836,2025-07-22 00:36:23,43.3575248718262,-8.84418773651123,"Male"
"6018403",371836,2025-07-22 00:41:22,43.3575973510742,-8.84416770935059,"Male"
"6018403",371836,2025-07-22 00:46:23,43.3576622009277,-8.84407234191895,"Male"
"6018403",371836,2025-07-22 00:51:25,43.3576698303223,-8.84404945373535,"Male"
"6018403",371836,2025-07-22 00:56:27,43.3575897216797,-8.84432697296143,"Male"
"6018403",371836,2025-07-22 01:01:23,43.3576240539551,-8.84449672698975,"Male"
"6018403",371836,2025-07-22 01:06:49,43.3576011657715,-8.84308815002441,"Male"
"6018403",371836,2025-07-22 01:11:38,43.3575134277344,-8.84249877929688,"Male"
"6018403",371836,2025-07-22 01:16:32,43.3576698303223,-8.84389972686768,"Male"
"6018403",371836,2025-07-22 01:21:28,43.3575439453125,-8.84276008605957,"Male"
"6018403",371836,2025-07-22 01:26:24,43.3575744628906,-8.8431339263916,"Male"
"6018403",371836,2025-07-22 01:31:23,43.3577766418457,-8.84356498718262,"Male"
"6018403",371836,2025-07-22 01:36:36,43.3579940795898,-8.84440803527832,"Male"
"6018403",371836,2025-07-22 01:41:26,43.3577613830566,-8.84377765655518,"Male"
"6018403",371836,2025-07-22 01:46:44,43.3577613830566,-8.84420204162598,"Male"
"6018403",371836,2025-07-22 01:51:25,43.3578224182129,-8.84381008148193,"Male"
"6018403",371836,2025-07-22 01:56:23,43.3577041625977,-8.84397315979004,"Male"
"6018403",371836,2025-07-22 02:01:25,43.3577003479004,-8.84415245056152,"Male"
"6018403",371836,2025-07-22 02:06:24,43.3577537536621,-8.84403419494629,"Male"
"6018403",371836,2025-07-22 02:11:22,43.3577194213867,-8.8440113067627,"Male"
"6018403",371836,2025-07-22 02:16:28,43.357593536377,-8.84415340423584,"Male"
"6018403",371836,2025-07-22 02:21:59,43.3576316833496,-8.84411334991455,"Male"
"6018403",371836,2025-07-22 02:26:22,43.3576240539551,-8.8441104888916,"Male"
"6018403",371836,2025-07-22 02:31:23,43.3575668334961,-8.84397411346436,"Male"
"6018403",371836,2025-07-22 02:36:22,43.3575820922852,-8.8440113067627,"Male"
"6018403",371836,2025-07-22 02:41:23,43.3575668334961,-8.84401416778564,"Male"
"6018403",371836,2025-07-22 02:46:23,43.3576316833496,-8.84420680999756,"Male"
"6018403",371836,2025-07-22 02:51:23,43.3575897216797,-8.8440523147583,"Male"
"6018403",371836,2025-07-22 02:56:24,43.3576354980469,-8.84419822692871,"Male"
"6018403",371836,2025-07-22 03:01:24,43.3576202392578,-8.84421253204346,"Male"
"6018403",371836,2025-07-22 03:06:25,43.3575248718262,-8.84409046173096,"Male"
"6018403",371836,2025-07-22 03:11:24,43.3576240539551,-8.84416198730469,"Male"
"6018403",371836,2025-07-22 03:16:27,43.3575248718262,-8.84410953521729,"Male"
"6018403",371836,2025-07-22 03:21:23,43.3575096130371,-8.84403514862061,"Male"
"6018403",371836,2025-07-22 03:26:27,43.3575439453125,-8.84411525726318,"Male"
"6018403",371836,2025-07-22 03:31:25,43.3575401306152,-8.84412670135498,"Male"
"6018403",371836,2025-07-22 03:36:25,43.3575744628906,-8.84413051605225,"Male"
"6018403",371836,2025-07-22 03:41:27,43.3575706481934,-8.84409999847412,"Male"
"6018403",371836,2025-07-22 03:46:26,43.3576278686523,-8.84423446655273,"Male"
"6018403",371836,2025-07-22 03:51:28,43.357608795166,-8.84410381317139,"Male"
"6018403",371836,2025-07-22 03:56:27,43.3575973510742,-8.84408473968506,"Male"
"6018403",371836,2025-07-22 04:01:26,43.3578186035156,-8.84446048736572,"Male"
"6018403",371836,2025-07-22 04:06:44,43.3575172424316,-8.8439884185791,"Male"
"6018403",371836,2025-07-22 04:11:40,43.3575401306152,-8.84410381317139,"Male"
"6018403",371836,2025-07-22 04:16:24,43.3577041625977,-8.84429264068604,"Male"
"6018403",371836,2025-07-22 04:21:30,43.3575706481934,-8.84420490264893,"Male"
"6018403",371836,2025-07-22 04:26:23,43.3576164245605,-8.84402179718018,"Male"
"6018403",371836,2025-07-22 04:31:24,43.357593536377,-8.84419345855713,"Male"
"6018403",371836,2025-07-22 04:36:27,43.3575172424316,-8.84415149688721,"Male"
"6018403",371836,2025-07-22 04:41:37,43.3575325012207,-8.84402942657471,"Male"
"6018403",371836,2025-07-22 04:47:04,43.357593536377,-8.84417533874512,"Male"
"6018403",371836,2025-07-22 04:51:23,43.3691711425781,-8.86058807373047,"Male"
"6018403",371836,2025-07-22 04:56:26,43.3670921325684,-8.86410999298096,"Male"
"6018403",371836,2025-07-22 05:01:28,43.3576507568359,-8.84422016143799,"Male"
"6018403",371836,2025-07-22 05:06:26,43.3576049804688,-8.84423637390137,"Male"
"6018403",371836,2025-07-22 05:11:26,43.3574180603027,-8.8434591293335,"Male"
"6018403",371836,2025-07-22 05:16:26,43.357608795166,-8.84423732757568,"Male"
"6018403",371836,2025-07-22 05:21:25,43.3567771911621,-8.84629821777344,"Male"
"6018403",371836,2025-07-22 05:26:23,43.3600578308105,-8.81113147735596,"Male"
"6018403",371836,2025-07-22 05:31:23,43.3540992736816,-8.77047538757324,"Male"
"6018403",371836,2025-07-22 05:36:23,43.3317222595215,-8.74940204620361,"Male"
"6018403",371836,2025-07-22 05:41:23,43.3128890991211,-8.72945213317871,"Male"
"6018403",371836,2025-07-22 05:46:25,43.2928886413574,-8.70711231231689,"Male"
"6018403",371836,2025-07-22 05:51:42,43.2911529541016,-8.70026016235352,"Male"
"6018403",371836,2025-07-22 05:56:27,43.2911949157715,-8.70049381256104,"Male"
"6018403",371836,2025-07-22 06:02:05,43.2911491394043,-8.70018768310547,"Male"
"6018403",371836,2025-07-22 06:06:33,43.2919502258301,-8.70008659362793,"Male"
"6018403",371836,2025-07-22 06:11:26,43.2919387817383,-8.69997692108154,"Male"
"6018403",371836,2025-07-22 06:16:22,43.2922325134277,-8.70038795471191,"Male"
"6018403",371836,2025-07-22 06:21:23,43.2925415039062,-8.69885635375977,"Male"
"6018403",371836,2025-07-22 06:26:25,43.2925796508789,-8.69884490966797,"Male"
"6018403",371836,2025-07-22 06:31:23,43.2925415039062,-8.69883251190186,"Male"
"6018403",371836,2025-07-22 06:36:23,43.2926445007324,-8.69899940490723,"Male"
"6018403",371836,2025-07-22 06:41:30,43.2926406860352,-8.69902229309082,"Male"
"6018403",371836,2025-07-22 06:46:27,43.2927398681641,-8.69890880584717,"Male"
"6018403",371836,2025-07-22 06:51:27,43.2926368713379,-8.69891357421875,"Male"
"6018403",371836,2025-07-22 06:56:23,43.2926406860352,-8.69901466369629,"Male"
"6018403",371836,2025-07-22 07:01:25,43.2926483154297,-8.69896697998047,"Male"
"6018403",371836,2025-07-22 07:06:30,43.2925910949707,-8.69900035858154,"Male"
"6018403",371836,2025-07-22 07:11:31,43.2925605773926,-8.69902610778809,"Male"
"6018403",371836,2025-07-22 07:16:59,43.3343505859375,-8.69720649719238,"Male"
"6018403",371836,2025-07-22 07:21:23,43.3592338562012,-8.69298553466797,"Male"
"6018403",371836,2025-07-22 07:26:25,43.3633193969727,-8.69922828674316,"Male"
"6018403",371836,2025-07-22 07:31:30,43.3636894226074,-8.69786834716797,"Male"
"6018403",371836,2025-07-22 07:36:40,43.3618392944336,-8.69806098937988,"Male"
"6018403",371836,2025-07-22 07:41:23,43.3510513305664,-8.69864845275879,"Male"
"6018403",371836,2025-07-22 07:46:23,43.329532623291,-8.69145393371582,"Male"
"6018403",371836,2025-07-22 07:51:23,43.3070030212402,-8.69044017791748,"Male"
"6018403",371836,2025-07-22 07:56:29,43.2923545837402,-8.69814395904541,"Male"
"6018403",371836,2025-07-22 08:06:45,43.2971076965332,-8.72944355010986,"Male"
"6018403",371836,2025-07-22 08:11:28,43.2942123413086,-8.73742580413818,"Male"
"6018403",371836,2025-07-22 08:16:31,43.2936706542969,-8.73812198638916,"Male"
"6018403",371836,2025-07-22 08:21:36,43.2934608459473,-8.7386999130249,"Male"
"6018403",371836,2025-07-22 08:27:09,43.2936820983887,-8.73812961578369,"Male"
"6018403",371836,2025-07-22 08:32:11,43.2935562133789,-8.73853778839111,"Male"
"6018403",371836,2025-07-22 08:37:09,43.2936134338379,-8.73807048797607,"Male"
"6018403",371836,2025-07-22 08:42:09,43.2934761047363,-8.73835277557373,"Male"
"6018403",371836,2025-07-22 08:47:35,43.2934913635254,-8.73822784423828,"Male"
"6018403",371836,2025-07-22 08:52:35,43.2934532165527,-8.73816204071045,"Male"
"6018403",371836,2025-07-22 08:57:01,43.29345703125,-8.73813438415527,"Male"
"6018403",371836,2025-07-22 09:02:14,43.2934150695801,-8.73811435699463,"Male"
"6018403",371836,2025-07-22 09:07:20,43.2934341430664,-8.73823833465576,"Male"
"6018403",371836,2025-07-22 09:12:02,43.2934532165527,-8.73818111419678,"Male"
"6018403",371836,2025-07-22 09:17:02,43.2933006286621,-8.73783588409424,"Male"
"6018403",371836,2025-07-22 09:22:03,43.2933731079102,-8.73825550079346,"Male"
"6018403",371836,2025-07-22 09:27:02,43.2934951782227,-8.73863506317139,"Male"
"6018403",371836,2025-07-22 09:32:06,43.2933464050293,-8.73826122283936,"Male"
"6018403",371836,2025-07-22 09:37:07,43.2933464050293,-8.7382926940918,"Male"
"6018403",371836,2025-07-22 09:42:10,43.2933311462402,-8.73817443847656,"Male"
"6018403",371836,2025-07-22 09:47:07,43.2932968139648,-8.73812389373779,"Male"
"6018403",371836,2025-07-22 09:52:05,43.2933235168457,-8.73805904388428,"Male"
"6018403",371836,2025-07-22 09:57:03,43.2931671142578,-8.73789119720459,"Male"
"6018403",371836,2025-07-22 10:02:05,43.2931632995605,-8.73806762695312,"Male"
"6018403",371836,2025-07-22 10:07:03,43.2932281494141,-8.73806381225586,"Male"
"6018403",371836,2025-07-22 10:12:10,43.2931900024414,-8.73786926269531,"Male"
"6018403",371836,2025-07-22 10:17:08,43.2932395935059,-8.73818302154541,"Male"
"6018403",371836,2025-07-22 10:22:18,43.2928276062012,-8.73789215087891,"Male"
"6018403",371836,2025-07-22 10:27:08,43.2931671142578,-8.73814487457275,"Male"
"6018403",371836,2025-07-22 10:32:09,43.2998046875,-8.76049423217773,"Male"
"6018403",371836,2025-07-22 10:37:05,43.309928894043,-8.78882122039795,"Male"
"6018403",371836,2025-07-22 10:42:05,43.3242950439453,-8.80496501922607,"Male"
"6018403",371836,2025-07-22 10:48:26,43.3414344787598,-8.82453060150146,"Male"
"6018403",371836,2025-07-22 10:52:15,43.356616973877,-8.83412075042725,"Male"
"6018403",371836,2025-07-22 10:57:07,43.358081817627,-8.84465026855469,"Male"
"6018403",371836,2025-07-22 11:02:14,43.3574638366699,-8.84483814239502,"Male"
"6018403",371836,2025-07-22 11:07:09,43.357738494873,-8.8447961807251,"Male"
"6018403",371836,2025-07-22 11:12:07,43.3574256896973,-8.84473896026611,"Male"
"6018403",371836,2025-07-22 11:17:35,43.3576164245605,-8.84453773498535,"Male"
"6018403",371836,2025-07-22 11:22:06,43.3577156066895,-8.84461402893066,"Male"
"6018403",371836,2025-07-22 11:27:07,43.3576354980469,-8.84407997131348,"Male"
"6018403",371836,2025-07-22 11:32:35,43.3575553894043,-8.84405994415283,"Male"
"6018403",371836,2025-07-22 11:37:02,43.3575439453125,-8.84396171569824,"Male"
"6018403",371836,2025-07-22 11:42:03,43.3576164245605,-8.84399890899658,"Male"
"6018403",371836,2025-07-22 11:47:01,43.357536315918,-8.84405326843262,"Male"
"6018403",371836,2025-07-22 11:52:02,43.3576736450195,-8.84384059906006,"Male"
"6018403",371836,2025-07-22 11:57:02,43.3576126098633,-8.84404850006104,"Male"
"6018403",371836,2025-07-22 12:02:03,43.3575592041016,-8.8439826965332,"Male"
"6018403",371836,2025-07-22 12:07:03,43.3575477600098,-8.8438024520874,"Male"
"6018403",371836,2025-07-22 12:12:03,43.3711013793945,-8.8563404083252,"Male"
"6018403",371836,2025-07-22 12:17:02,43.3943977355957,-8.87850475311279,"Male"
"6018403",371836,2025-07-22 12:22:06,43.418342590332,-8.90169811248779,"Male"
"6018403",371836,2025-07-22 12:27:06,43.4441871643066,-8.92134094238281,"Male"
"6018403",371836,2025-07-22 12:32:03,43.465648651123,-8.94650554656982,"Male"
"6018403",371836,2025-07-22 12:37:09,43.4723052978516,-8.96989440917969,"Male"
"6018403",371836,2025-07-22 12:42:09,43.4751777648926,-8.99625301361084,"Male"
"6018403",371836,2025-07-22 12:47:13,43.46533203125,-9.0238733291626,"Male"
"6018403",371836,2025-07-22 12:52:19,43.4644203186035,-9.04708576202393,"Male"
"6018403",371836,2025-07-22 12:57:12,43.4533882141113,-9.07061862945557,"Male"
"6018403",371836,2025-07-22 13:02:09,43.4406318664551,-9.09340763092041,"Male"
"6018403",371836,2025-07-22 13:07:09,43.4333915710449,-9.12185287475586,"Male"
"6018403",371836,2025-07-22 13:12:10,43.4320220947266,-9.15413761138916,"Male"
"6018403",371836,2025-07-22 13:17:07,43.4283752441406,-9.18297863006592,"Male"
"6018403",371836,2025-07-22 13:22:11,43.4255294799805,-9.20829582214355,"Male"
"6018403",371836,2025-07-22 13:28:11,43.411319732666,-9.23677349090576,"Male"
"6018403",371836,2025-07-22 13:32:04,43.3997993469238,-9.25545883178711,"Male"
"6018403",371836,2025-07-22 13:37:06,43.3815307617188,-9.26391792297363,"Male"
"6018403",371836,2025-07-22 13:42:13,43.3796119689941,-9.25693321228027,"Male"
"6018403",371836,2025-07-22 13:48:05,43.3858757019043,-9.25173854827881,"Male"
"6018403",371836,2025-07-22 13:52:04,43.3838577270508,-9.26132297515869,"Male"
"6018403",371836,2025-07-22 13:57:13,43.3808212280273,-9.27055740356445,"Male"
"6018403",371836,2025-07-22 14:02:03,43.3796195983887,-9.27604484558105,"Male"
"6018403",371836,2025-07-22 14:07:06,43.377124786377,-9.28261375427246,"Male"
"6018403",371836,2025-07-22 14:12:04,43.374397277832,-9.2884578704834,"Male"
"6018403",371836,2025-07-22 14:17:06,43.3725929260254,-9.29321670532227,"Male"
"6018403",371836,2025-07-22 14:22:05,43.3697853088379,-9.29973888397217,"Male"
"6018403",371836,2025-07-22 14:27:09,43.3671875,-9.3054084777832,"Male"
"6018403",371836,2025-07-22 14:32:13,43.3647956848145,-9.31116104125977,"Male"
"6018403",371836,2025-07-22 14:37:12,43.3628425598145,-9.31683444976807,"Male"
"6018403",371836,2025-07-22 14:42:13,43.3610038757324,-9.32310962677002,"Male"
"6018403",371836,2025-07-22 14:47:09,43.3592643737793,-9.3291711807251,"Male"
"6018403",371836,2025-07-22 14:52:30,43.3576965332031,-9.33593654632568,"Male"
"6018403",371836,2025-07-22 14:57:11,43.3563613891602,-9.3419828414917,"Male"
"6018403",371836,2025-07-22 15:02:13,43.3551597595215,-9.34879207611084,"Male"
"6018403",371836,2025-07-22 15:07:11,43.3538360595703,-9.354905128479,"Male"
"6018403",371836,2025-07-22 15:12:07,43.3526802062988,-9.36142826080322,"Male"
"6018403",371836,2025-07-22 15:17:08,43.3515090942383,-9.3677864074707,"Male"
"6018403",371836,2025-07-22 15:22:09,43.3496055603027,-9.37351608276367,"Male"
"6018403",371836,2025-07-22 15:27:13,43.3471794128418,-9.37668418884277,"Male"
"6018403",371836,2025-07-22 15:32:36,43.3382797241211,-9.36828231811523,"Male"
"6018403",371836,2025-07-22 15:37:11,43.3281021118164,-9.31381416320801,"Male"
"6018403",371836,2025-07-22 15:42:07,43.3013153076172,-9.28632545471191,"Male"
"6018403",371836,2025-07-22 15:47:14,43.2928009033203,-9.22065925598145,"Male"
"6018403",371836,2025-07-22 15:52:06,43.2878150939941,-9.15800857543945,"Male"
"6018403",371836,2025-07-22 15:57:07,43.2959518432617,-9.09346199035645,"Male"
"6018403",371836,2025-07-22 16:02:09,43.2954330444336,-9.02638721466064,"Male"
"6018403",371836,2025-07-22 16:07:35,43.3018989562988,-8.95661449432373,"Male"
"6018403",371836,2025-07-22 16:12:03,43.3205070495605,-8.90432262420654,"Male"
"6018403",371836,2025-07-22 16:17:02,43.3220367431641,-8.85467147827148,"Male"
"6018403",371836,2025-07-22 16:22:03,43.353759765625,-8.84339046478271,"Male"
"6018403",371836,2025-07-22 16:27:04,43.3576202392578,-8.84393310546875,"Male"
"6018403",371836,2025-07-22 16:32:07,43.3577346801758,-8.84408473968506,"Male"
"6018403",371836,2025-07-22 16:37:04,43.3577346801758,-8.84403133392334,"Male"
"6018403",371836,2025-07-22 16:42:07,43.3576354980469,-8.844069480896,"Male"
"6018403",371836,2025-07-22 16:47:04,43.357536315918,-8.84430503845215,"Male"
"6018403",371836,2025-07-22 16:52:02,43.3575248718262,-8.84428024291992,"Male"
"6018403",371836,2025-07-22 16:57:02,43.3574447631836,-8.84427928924561,"Male"
"6018403",371836,2025-07-22 17:02:04,43.3576164245605,-8.84415149688721,"Male"
"6018403",371836,2025-07-22 17:07:03,43.3575820922852,-8.84416675567627,"Male"
"6018403",371836,2025-07-22 17:12:03,43.3575401306152,-8.84416103363037,"Male"
"6018403",371836,2025-07-22 17:17:03,43.357593536377,-8.84412860870361,"Male"
"6018403",371836,2025-07-22 17:22:03,43.3576583862305,-8.84419250488281,"Male"
"6018403",371836,2025-07-22 17:27:05,43.3576202392578,-8.84406661987305,"Male"
"6018403",371836,2025-07-22 17:32:04,43.3577041625977,-8.84414482116699,"Male"
"6018403",371836,2025-07-22 17:37:04,43.3576469421387,-8.84406185150146,"Male"
"6018403",371836,2025-07-22 17:42:04,43.357608795166,-8.84404373168945,"Male"
"6018403",371836,2025-07-22 17:47:04,43.357593536377,-8.84403705596924,"Male"
"6018403",371836,2025-07-22 17:52:04,43.3577346801758,-8.8448371887207,"Male"
"6018403",371836,2025-07-22 17:57:09,43.3577270507812,-8.84465026855469,"Male"
"6018403",371836,2025-07-22 18:02:11,43.3575439453125,-8.8440990447998,"Male"
"6018403",371836,2025-07-22 18:07:03,43.3575744628906,-8.84402465820312,"Male"
"6018403",371836,2025-07-22 18:12:04,43.357536315918,-8.8439359664917,"Male"
"6018403",371836,2025-07-22 18:17:04,43.3575325012207,-8.84391689300537,"Male"
"6018403",371836,2025-07-22 18:22:04,43.3574523925781,-8.84455013275146,"Male"
"6018403",371836,2025-07-22 18:27:06,43.357536315918,-8.84424304962158,"Male"
"6018403",371836,2025-07-22 18:32:06,43.3574867248535,-8.84402370452881,"Male"
"6018403",371836,2025-07-22 18:37:13,43.3574905395508,-8.84384536743164,"Male"
"6018403",371836,2025-07-22 18:42:08,43.3576431274414,-8.84418964385986,"Male"
"6018403",371836,2025-07-22 18:47:35,43.3576316833496,-8.84413051605225,"Male"
"6018403",371836,2025-07-22 18:52:03,43.3575897216797,-8.8442211151123,"Male"
"6018403",371836,2025-07-22 18:57:04,43.3576507568359,-8.8441333770752,"Male"
"6018403",371836,2025-07-22 19:02:04,43.3577308654785,-8.84423446655273,"Male"
"6018403",371836,2025-07-22 19:07:05,43.357494354248,-8.84397411346436,"Male"
"6018403",371836,2025-07-22 19:12:08,43.3575973510742,-8.84406280517578,"Male"
"6018403",371836,2025-07-22 19:17:03,43.3575706481934,-8.84417915344238,"Male"
"6018403",371836,2025-07-22 19:22:06,43.3575286865234,-8.84407711029053,"Male"
"6018403",371836,2025-07-22 19:27:04,43.357421875,-8.84389972686768,"Male"
"6018403",371836,2025-07-22 19:32:07,43.3578262329102,-8.84475898742676,"Male"
"6018403",371836,2025-07-22 19:37:06,43.3578186035156,-8.84431934356689,"Male"
"6018403",371836,2025-07-22 19:42:06,43.3576469421387,-8.84429168701172,"Male"
"6018403",371836,2025-07-22 19:47:09,43.357593536377,-8.84405708312988,"Male"
"6018403",371836,2025-07-22 19:52:07,43.3576202392578,-8.84408664703369,"Male"
"6018403",371836,2025-07-22 19:57:07,43.3576164245605,-8.84403228759766,"Male"
"6018403",371836,2025-07-22 20:02:03,43.3576431274414,-8.84421253204346,"Male"
"6018403",371836,2025-07-22 20:07:07,43.3575897216797,-8.84406185150146,"Male"
"6018403",371836,2025-07-22 20:12:10,43.3576126098633,-8.84408187866211,"Male"
"6018403",371836,2025-07-22 20:17:04,43.3576011657715,-8.84401798248291,"Male"
"6018403",371836,2025-07-22 20:22:05,43.3576354980469,-8.84390544891357,"Male"
"6018403",371836,2025-07-22 20:27:11,43.3576240539551,-8.84408283233643,"Male"
"6018403",371836,2025-07-22 20:32:15,43.3576011657715,-8.84404277801514,"Male"
"6018403",371836,2025-07-22 20:37:16,43.3576316833496,-8.84394359588623,"Male"
"6018403",371836,2025-07-22 20:42:12,43.3587951660156,-8.84122085571289,"Male"
"6018403",371836,2025-07-22 20:47:35,43.3591613769531,-8.844313621521,"Male"
"6018403",371836,2025-07-22 20:52:04,43.3595199584961,-8.84288883209229,"Male"
"6018403",371836,2025-07-22 20:57:03,43.3576202392578,-8.84413909912109,"Male"
"6018403",371836,2025-07-22 21:02:03,43.3576316833496,-8.84415817260742,"Male"
"6018403",371836,2025-07-22 21:07:03,43.3576545715332,-8.84412097930908,"Male"
"6018403",371836,2025-07-22 21:12:03,43.3576011657715,-8.84407806396484,"Male"
"6018403",371836,2025-07-22 21:17:04,43.3575859069824,-8.8441276550293,"Male"
"6018403",371836,2025-07-22 21:22:04,43.3575706481934,-8.84413814544678,"Male"
"6018403",371836,2025-07-22 21:27:03,43.3575210571289,-8.84411430358887,"Male"
"6018403",371836,2025-07-22 21:32:03,43.3576126098633,-8.84413242340088,"Male"
"6018403",371836,2025-07-22 21:37:08,43.3575172424316,-8.84409809112549,"Male"
"6018403",371836,2025-07-22 21:42:03,43.3576507568359,-8.84412956237793,"Male"
"6018403",371836,2025-07-22 21:47:03,43.3576736450195,-8.8441047668457,"Male"
"6018403",371836,2025-07-22 21:52:03,43.3576049804688,-8.84411239624023,"Male"
"6018403",371836,2025-07-22 21:57:05,43.3576278686523,-8.84413051605225,"Male"
"6018403",371836,2025-07-22 22:02:03,43.3575019836426,-8.84404563903809,"Male"
"6018403",371836,2025-07-22 22:07:03,43.3575439453125,-8.84414482116699,"Male"
"6018403",371836,2025-07-22 22:12:15,43.3575134277344,-8.84417724609375,"Male"
"6018403",371836,2025-07-22 22:17:03,43.3576049804688,-8.84419345855713,"Male"
"6018403",371836,2025-07-22 22:22:03,43.3573951721191,-8.84426021575928,"Male"
"6018403",371836,2025-07-22 22:27:03,43.3573036193848,-8.84427165985107,"Male"
"6018403",371836,2025-07-22 22:32:07,43.3576049804688,-8.84421825408936,"Male"
"6018403",371836,2025-07-22 22:37:08,43.3576469421387,-8.84422302246094,"Male"
"6018403",371836,2025-07-22 22:42:09,43.3576927185059,-8.84414005279541,"Male"
"6018403",371836,2025-07-22 22:47:05,43.3578948974609,-8.8441333770752,"Male"
"6018403",371836,2025-07-22 22:52:11,43.3577766418457,-8.84421825408936,"Male"
"6018403",371836,2025-07-22 22:57:09,43.357608795166,-8.84415340423584,"Male"
"6018403",371836,2025-07-22 23:02:11,43.3576736450195,-8.84419727325439,"Male"
"6018403",371836,2025-07-22 23:07:18,43.3574829101562,-8.84421730041504,"Male"
"6018403",371836,2025-07-22 23:12:14,43.3576240539551,-8.8441686630249,"Male"
"6018403",371836,2025-07-22 23:17:03,43.3577423095703,-8.84421539306641,"Male"
"6018403",371836,2025-07-22 23:22:03,43.3575820922852,-8.84423160552979,"Male"
"6018403",371836,2025-07-22 23:27:10,43.3576812744141,-8.84424018859863,"Male"
"6018403",371836,2025-07-22 23:32:13,43.3577194213867,-8.84410572052002,"Male"
"6018403",371836,2025-07-22 23:37:03,43.3576736450195,-8.84400081634521,"Male"
"6018403",371836,2025-07-22 23:42:06,43.3578033447266,-8.84391498565674,"Male"
"6018403",371836,2025-07-22 23:47:36,43.3575897216797,-8.84407138824463,"Male"
"6018403",371836,2025-07-22 23:52:03,43.3576126098633,-8.84398460388184,"Male"
"6018403",371836,2025-07-22 23:57:05,43.357666015625,-8.84399700164795,"Male"
"6018403",371836,2025-07-23 00:02:04,43.3575706481934,-8.84408473968506,"Male"
"6018403",371836,2025-07-23 00:07:04,43.3576393127441,-8.84417724609375,"Male"
"6018403",371836,2025-07-23 00:12:08,43.3575553894043,-8.84416389465332,"Male"
"6018403",371836,2025-07-23 00:17:09,43.3575897216797,-8.84417629241943,"Male"
"6018403",371836,2025-07-23 00:22:14,43.3575134277344,-8.84406280517578,"Male"
"6018403",371836,2025-07-23 00:27:07,43.3574180603027,-8.84381484985352,"Male"
"6018403",371836,2025-07-23 00:32:33,43.3575820922852,-8.84413146972656,"Male"
"6018403",371836,2025-07-23 00:37:03,43.3576545715332,-8.84417724609375,"Male"
"6018403",371836,2025-07-23 00:42:03,43.3575782775879,-8.84413528442383,"Male"
"6018403",371836,2025-07-23 00:47:03,43.3576469421387,-8.84408378601074,"Male"
"6018403",371836,2025-07-23 00:52:04,43.3576354980469,-8.84406471252441,"Male"
"6018403",371836,2025-07-23 00:57:04,43.3576354980469,-8.8440637588501,"Male"
"6018403",371836,2025-07-23 01:02:04,43.3577117919922,-8.84413623809814,"Male"
"6018403",371836,2025-07-23 01:07:06,43.3575859069824,-8.84405517578125,"Male"
"6018403",371836,2025-07-23 01:12:03,43.3576889038086,-8.84408092498779,"Male"
"6018403",371836,2025-07-23 01:17:04,43.3576698303223,-8.84406185150146,"Male"
"6018403",371836,2025-07-23 01:22:04,43.3575439453125,-8.84390449523926,"Male"
"6018403",371836,2025-07-23 01:27:04,43.357666015625,-8.84410762786865,"Male"
"6018403",371836,2025-07-23 01:32:06,43.3576354980469,-8.84409141540527,"Male"
"6018403",371836,2025-07-23 01:37:06,43.3575210571289,-8.8439245223999,"Male"
"6018403",371836,2025-07-23 01:42:09,43.3576927185059,-8.84404373168945,"Male"
"6018403",371836,2025-07-23 01:47:04,43.357494354248,-8.84394264221191,"Male"
"6018403",371836,2025-07-23 01:52:13,43.3576469421387,-8.84400844573975,"Male"
"6018403",371836,2025-07-23 01:57:10,43.3575973510742,-8.84403991699219,"Male"
"6018403",371836,2025-07-23 02:02:35,43.3576850891113,-8.84407615661621,"Male"
"6018403",371836,2025-07-23 02:07:03,43.3576431274414,-8.84414768218994,"Male"
"6018403",371836,2025-07-23 02:12:03,43.3576545715332,-8.84408950805664,"Male"
"6018403",371836,2025-07-23 02:17:05,43.3576736450195,-8.8440523147583,"Male"
"6018403",371836,2025-07-23 02:22:03,43.3576622009277,-8.84412574768066,"Male"
"6018403",371836,2025-07-23 02:27:03,43.3577270507812,-8.84405136108398,"Male"
"6018403",371836,2025-07-23 02:32:03,43.3576354980469,-8.84414005279541,"Male"
"6018403",371836,2025-07-23 02:37:03,43.3576164245605,-8.84415054321289,"Male"
"6018403",371836,2025-07-23 02:42:03,43.3576850891113,-8.84409809112549,"Male"
"6018403",371836,2025-07-23 02:47:03,43.3576354980469,-8.84411525726318,"Male"
"6018403",371836,2025-07-23 02:52:03,43.3576354980469,-8.84410190582275,"Male"
"6018403",371836,2025-07-23 02:57:04,43.3577346801758,-8.84405422210693,"Male"
"6018403",371836,2025-07-23 03:02:04,43.3576240539551,-8.8441276550293,"Male"
"6018403",371836,2025-07-23 03:07:16,43.3576698303223,-8.8440408706665,"Male"
"6018403",371836,2025-07-23 03:12:35,43.3576049804688,-8.84414482116699,"Male"
"6018403",371836,2025-07-23 03:17:03,43.3576965332031,-8.84413623809814,"Male"
"6018403",371836,2025-07-23 03:22:04,43.3576889038086,-8.84405040740967,"Male"
"6018403",371836,2025-07-23 03:27:03,43.3576889038086,-8.8440055847168,"Male"
"6018403",371836,2025-07-23 03:32:03,43.3576965332031,-8.84402084350586,"Male"
"6018403",371836,2025-07-23 03:37:04,43.3576583862305,-8.84410667419434,"Male"
"6018403",371836,2025-07-23 03:42:06,43.3577842712402,-8.84439182281494,"Male"
"6018403",371836,2025-07-23 03:47:06,43.3576469421387,-8.84420680999756,"Male"
"6018403",371836,2025-07-23 03:52:08,43.357536315918,-8.84402942657471,"Male"
"6018403",371836,2025-07-23 03:57:05,43.3577003479004,-8.84409523010254,"Male"
"6018403",371836,2025-07-23 04:02:08,43.3576545715332,-8.84397983551025,"Male"
"6018403",371836,2025-07-23 04:07:06,43.3576202392578,-8.84396648406982,"Male"
"6018403",371836,2025-07-23 04:12:06,43.3577499389648,-8.84430408477783,"Male"
"6018403",371836,2025-07-23 04:17:13,43.357593536377,-8.84403514862061,"Male"
"6018403",371836,2025-07-23 04:22:06,43.357723236084,-8.84425830841064,"Male"
"6018403",371836,2025-07-23 04:27:13,43.357666015625,-8.84408855438232,"Male"
"6018403",371836,2025-07-23 04:32:12,43.3575286865234,-8.84407711029053,"Male"
"6018403",371836,2025-07-23 04:37:14,43.3575477600098,-8.84406757354736,"Male"
"6018403",371836,2025-07-23 04:42:47,43.3576393127441,-8.84409809112549,"Male"
"6018403",371836,2025-07-23 04:47:04,43.3576431274414,-8.84408378601074,"Male"
"6018403",371836,2025-07-23 04:52:10,43.3576507568359,-8.84407043457031,"Male"
"6018403",371836,2025-07-23 04:57:07,43.3575820922852,-8.844069480896,"Male"
"6018403",371836,2025-07-23 05:02:04,43.36865234375,-8.8506498336792,"Male"
"6018403",371836,2025-07-23 05:07:03,43.3691062927246,-8.84777450561523,"Male"
"6018403",371836,2025-07-23 05:12:04,43.3605079650879,-8.84729957580566,"Male"
"6018403",371836,2025-07-23 05:17:03,43.3577613830566,-8.84420585632324,"Male"
"6018403",371836,2025-07-23 05:22:04,43.3575248718262,-8.84415817260742,"Male"
"6018403",371836,2025-07-23 05:27:11,43.3575477600098,-8.84418106079102,"Male"
"6018403",371836,2025-07-23 05:32:12,43.3573913574219,-8.84413623809814,"Male"
"6018403",371836,2025-07-23 05:37:12,43.3576126098633,-8.84402847290039,"Male"
"6018403",371836,2025-07-23 05:42:04,43.3575668334961,-8.8442907333374,"Male"
"6018403",371836,2025-07-23 05:47:35,43.3575248718262,-8.8441686630249,"Male"
"6018403",371836,2025-07-23 05:52:04,43.3575630187988,-8.84406757354736,"Male"
"6018403",371836,2025-07-23 05:57:04,43.3582420349121,-8.84539699554443,"Male"
"6018403",371836,2025-07-23 06:02:04,43.3576622009277,-8.84469127655029,"Male"
"6018403",371836,2025-07-23 06:07:03,43.3578758239746,-8.84520435333252,"Male"
"6018403",371836,2025-07-23 06:12:03,43.3575820922852,-8.84409809112549,"Male"
"6018403",371836,2025-07-23 06:17:03,43.3575782775879,-8.84414577484131,"Male"
"6018403",371836,2025-07-23 06:22:04,43.3575439453125,-8.84410762786865,"Male"
"6018403",371836,2025-07-23 06:27:08,43.3574638366699,-8.84420871734619,"Male"
"6018403",371836,2025-07-23 06:32:03,43.3576164245605,-8.84424114227295,"Male"
"6018403",371836,2025-07-23 06:37:04,43.3576316833496,-8.84514999389648,"Male"
"6018403",371836,2025-07-23 06:42:04,43.357536315918,-8.84418392181396,"Male"
"6018403",371836,2025-07-23 06:47:04,43.3574752807617,-8.84408760070801,"Male"
"6018403",371836,2025-07-23 06:52:04,43.3575668334961,-8.84415626525879,"Male"
"6018403",371836,2025-07-23 06:57:04,43.3574867248535,-8.84410190582275,"Male"
"6018403",371836,2025-07-23 07:02:05,43.3575248718262,-8.84404850006104,"Male"
"6018403",371836,2025-07-23 07:07:06,43.3576507568359,-8.84480094909668,"Male"
"6018403",371836,2025-07-23 07:12:08,43.357551574707,-8.84412384033203,"Male"
"6018403",371836,2025-07-23 07:17:13,43.3578071594238,-8.84496974945068,"Male"
"6018403",371836,2025-07-23 07:22:04,43.3575401306152,-8.84411907196045,"Male"
"6018403",371836,2025-07-23 07:27:07,43.3574523925781,-8.84391403198242,"Male"
"6018403",371836,2025-07-23 07:32:32,43.3576965332031,-8.84423732757568,"Male"
"6018403",371836,2025-07-23 07:37:05,43.3577194213867,-8.84422206878662,"Male"
"6018403",371836,2025-07-23 07:42:11,43.3575973510742,-8.84426116943359,"Male"
"6018403",371836,2025-07-23 07:47:04,43.3576965332031,-8.8443489074707,"Male"
"6018403",371836,2025-07-23 07:52:04,43.3576736450195,-8.8442440032959,"Male"
"6018403",371836,2025-07-23 07:57:06,43.3576698303223,-8.8442325592041,"Male"
"6018403",371836,2025-07-23 08:02:35,43.3576507568359,-8.84418869018555,"Male"
"6018403",371836,2025-07-23 08:07:03,43.3576049804688,-8.84423446655273,"Male"
"6018403",371836,2025-07-23 08:12:03,43.3576812744141,-8.84419345855713,"Male"
"6018403",371836,2025-07-23 08:17:03,43.357608795166,-8.8441915512085,"Male"
"6018403",371836,2025-07-23 08:22:05,43.3576469421387,-8.84415912628174,"Male"
"6018403",371836,2025-07-23 08:27:04,43.3575897216797,-8.84416961669922,"Male"
"6018403",371836,2025-07-23 08:32:04,43.3576507568359,-8.84414863586426,"Male"
"6018403",371836,2025-07-23 08:37:03,43.3575630187988,-8.84416770935059,"Male"
"6018403",371836,2025-07-23 08:42:04,43.357608795166,-8.84414768218994,"Male"
"6018403",371836,2025-07-23 08:47:02,43.3575744628906,-8.84415912628174,"Male"
"6018403",371836,2025-07-23 08:52:02,43.357593536377,-8.84415054321289,"Male"
"6018403",371836,2025-07-23 08:57:04,43.3575744628906,-8.84419631958008,"Male"
"6018403",371836,2025-07-23 09:02:04,43.3575592041016,-8.84418773651123,"Male"
"6018403",371836,2025-07-23 09:07:03,43.3575668334961,-8.84419822692871,"Male"
"6018403",371836,2025-07-23 09:12:03,43.357551574707,-8.84413433074951,"Male"
"6018403",371836,2025-07-23 09:17:03,43.3575630187988,-8.84410953521729,"Male"
"6018403",371836,2025-07-23 09:22:03,43.3576126098633,-8.84414291381836,"Male"
"6018403",371836,2025-07-23 09:27:03,43.3576316833496,-8.84416007995605,"Male"
"6018403",371836,2025-07-23 09:32:04,43.3576164245605,-8.84415817260742,"Male"
"6018403",371836,2025-07-23 09:37:03,43.3576583862305,-8.84416675567627,"Male"
"6018403",371836,2025-07-23 09:42:07,43.3577537536621,-8.84419059753418,"Male"
"6018403",371836,2025-07-23 09:47:04,43.3579711914062,-8.84493255615234,"Male"
"6018403",371836,2025-07-23 09:52:06,43.3577194213867,-8.84437942504883,"Male"
"6018403",371836,2025-07-23 09:57:07,43.3577880859375,-8.84434795379639,"Male"
"6018403",371836,2025-07-23 10:02:14,43.3576049804688,-8.84414482116699,"Male"
"6018403",371836,2025-07-23 10:07:11,43.3575439453125,-8.84409141540527,"Male"
"6018403",371836,2025-07-23 10:12:04,43.3576202392578,-8.84413909912109,"Male"
"6018403",371836,2025-07-23 10:17:04,43.3576622009277,-8.84414768218994,"Male"
"6018403",371836,2025-07-23 10:22:04,43.3575859069824,-8.8441276550293,"Male"
"6018403",371836,2025-07-23 10:27:04,43.3604774475098,-8.84696578979492,"Male"
"6018403",371836,2025-07-23 10:32:04,43.3630294799805,-8.88140296936035,"Male"
"6018403",371836,2025-07-23 10:37:04,43.3708648681641,-8.91677761077881,"Male"
"6018403",371836,2025-07-23 10:42:03,43.3811149597168,-8.95079517364502,"Male"
"6018403",371836,2025-07-23 10:48:27,43.3814697265625,-9.00503349304199,"Male"
"6018403",371836,2025-07-23 10:52:45,43.3807067871094,-9.04093456268311,"Male"
"6018403",371836,2025-07-23 10:57:11,43.3833961486816,-9.07537364959717,"Male"
"6018403",371836,2025-07-23 11:02:05,43.388240814209,-9.10897731781006,"Male"
"6018403",371836,2025-07-23 11:07:09,43.3936462402344,-9.13738059997559,"Male"
"6018403",371836,2025-07-23 11:12:04,43.3954277038574,-9.17271518707275,"Male"
"6018403",371836,2025-07-23 11:17:04,43.3983688354492,-9.21101856231689,"Male"
"6018403",371836,2025-07-23 11:22:04,43.4035758972168,-9.2503719329834,"Male"
"6018403",371836,2025-07-23 11:27:09,43.4032745361328,-9.28924751281738,"Male"
"6018403",371836,2025-07-23 11:32:07,43.4123725891113,-9.31990337371826,"Male"
"6018403",371836,2025-07-23 11:37:35,43.3773803710938,-9.36258125305176,"Male"
"6018403",371836,2025-07-23 11:42:04,43.3451957702637,-9.35340690612793,"Male"
"6018403",371836,2025-07-23 11:47:06,43.3251762390137,-9.34222602844238,"Male"
"6018403",371836,2025-07-23 11:52:03,43.3250732421875,-9.34088230133057,"Male"
"6018403",371836,2025-07-23 11:57:13,43.3241806030273,-9.33892822265625,"Male"
"6018403",371836,2025-07-23 12:02:03,43.3228569030762,-9.33816814422607,"Male"
"6018403",371836,2025-07-23 12:07:03,43.3212890625,-9.33727359771729,"Male"
"6018403",371836,2025-07-23 12:12:03,43.3196296691895,-9.33646106719971,"Male"
"6018403",371836,2025-07-23 12:17:03,43.3227806091309,-9.32804012298584,"Male"
"6018403",371836,2025-07-23 12:22:04,43.3275108337402,-9.32274341583252,"Male"
"6018403",371836,2025-07-23 12:27:03,43.334644317627,-9.31241226196289,"Male"
"6018403",371836,2025-07-23 12:32:05,43.3376007080078,-9.30741405487061,"Male"
"6018403",371836,2025-07-23 12:37:05,43.340705871582,-9.30230808258057,"Male"
"6018403",371836,2025-07-23 12:42:12,43.3432464599609,-9.2976188659668,"Male"
"6018403",371836,2025-07-23 12:47:08,43.346134185791,-9.29257392883301,"Male"
"6018403",371836,2025-07-23 12:52:10,43.3487434387207,-9.28807544708252,"Male"
"6018403",371836,2025-07-23 12:57:16,43.3517532348633,-9.28320121765137,"Male"
"6018403",371836,2025-07-23 13:02:16,43.3545951843262,-9.27854919433594,"Male"
"6018403",371836,2025-07-23 13:07:17,43.3578224182129,-9.27395248413086,"Male"
"6018403",371836,2025-07-23 13:12:14,43.360954284668,-9.26983070373535,"Male"
"6018403",371836,2025-07-23 13:17:14,43.363956451416,-9.26529979705811,"Male"
"6018403",371836,2025-07-23 13:22:12,43.366943359375,-9.26098823547363,"Male"
"6018403",371836,2025-07-23 13:27:44,43.3702239990234,-9.25605010986328,"Male"
"6018403",371836,2025-07-23 13:32:06,43.3729553222656,-9.25211143493652,"Male"
"6018403",371836,2025-07-23 13:37:13,43.3756446838379,-9.24739646911621,"Male"
"6018403",371836,2025-07-23 13:42:09,43.3781890869141,-9.24216365814209,"Male"
"6018403",371836,2025-07-23 13:47:18,43.380973815918,-9.23700904846191,"Male"
"6018403",371836,2025-07-23 13:52:14,43.3829765319824,-9.23197364807129,"Male"
"6018403",371836,2025-07-23 13:57:09,43.3849296569824,-9.22650909423828,"Male"
"6018403",371836,2025-07-23 14:02:35,43.3870506286621,-9.22104835510254,"Male"
"6018403",371836,2025-07-23 14:07:34,43.3890380859375,-9.21551322937012,"Male"
"6018403",371836,2025-07-23 14:12:06,43.394962310791,-9.20648670196533,"Male"
"6018403",371836,2025-07-23 14:17:03,43.4091796875,-9.20200634002686,"Male"
"6018403",371836,2025-07-23 14:22:09,43.412467956543,-9.20876026153564,"Male"
"6018403",371836,2025-07-23 14:27:03,43.3996734619141,-9.19714164733887,"Male"
"6018403",371836,2025-07-23 14:32:03,43.4024887084961,-9.19216346740723,"Male"
"6018403",371836,2025-07-23 14:37:06,43.4050521850586,-9.18718242645264,"Male"
"6018403",371836,2025-07-23 14:42:07,43.4075202941895,-9.18209075927734,"Male"
"6018403",371836,2025-07-23 14:47:09,43.4105415344238,-9.17679595947266,"Male"
"6018403",371836,2025-07-23 14:52:23,43.4134788513184,-9.1714563369751,"Male"
"6018403",371836,2025-07-23 14:57:14,43.4158515930176,-9.16675186157227,"Male"
"6018403",371836,2025-07-23 15:02:03,43.416332244873,-9.17813205718994,"Male"
"6018403",371836,2025-07-23 15:07:03,43.4209403991699,-9.15729331970215,"Male"
"6018403",371836,2025-07-23 15:12:04,43.4130668640137,-9.11885166168213,"Male"
"6018403",371836,2025-07-23 15:17:04,43.4045104980469,-9.07903861999512,"Male"
"6018403",371836,2025-07-23 15:22:06,43.3931579589844,-9.03913688659668,"Male"
"6018403",371836,2025-07-23 15:27:04,43.378288269043,-9.00032043457031,"Male"
"6018403",371836,2025-07-23 15:32:04,43.3718070983887,-8.96289253234863,"Male"
"6018403",371836,2025-07-23 15:37:06,43.3640556335449,-8.92525386810303,"Male"
"6018403",371836,2025-07-23 15:42:04,43.3595657348633,-8.8863639831543,"Male"
"6018403",371836,2025-07-23 15:47:35,43.3609809875488,-8.84853744506836,"Male"
"6018403",371836,2025-07-23 15:52:07,43.3574676513672,-8.84402847290039,"Male"
"6018403",371836,2025-07-23 15:57:08,43.3576164245605,-8.84415531158447,"Male"
"6018403",371836,2025-07-23 16:02:13,43.3577308654785,-8.84425354003906,"Male"
"6018403",371836,2025-07-23 16:07:10,43.3575897216797,-8.84431743621826,"Male"
"6018403",371836,2025-07-23 16:12:09,43.3575706481934,-8.84403514862061,"Male"
"6018403",371836,2025-07-23 16:17:35,43.3575744628906,-8.84411144256592,"Male"
"6018403",371836,2025-07-23 16:22:03,43.357536315918,-8.84401321411133,"Male"
"6018403",371836,2025-07-23 16:27:07,43.357551574707,-8.84408760070801,"Male"
"6018403",371836,2025-07-23 16:32:03,43.3575630187988,-8.84408378601074,"Male"
"6018403",371836,2025-07-23 16:37:04,43.3575325012207,-8.84405708312988,"Male"
"6018403",371836,2025-07-23 16:42:06,43.3575782775879,-8.84411811828613,"Male"
"6018403",371836,2025-07-23 16:47:08,43.3575859069824,-8.84409141540527,"Male"
"6018403",371836,2025-07-23 16:52:04,43.3574447631836,-8.84382915496826,"Male"
"6018403",371836,2025-07-23 16:57:04,43.3575592041016,-8.844069480896,"Male"
"6018403",371836,2025-07-23 17:02:04,43.3576545715332,-8.84421443939209,"Male"
"6018403",371836,2025-07-23 17:07:07,43.3573722839355,-8.84377384185791,"Male"
"6018403",371836,2025-07-23 17:12:20,43.3576126098633,-8.84413909912109,"Male"
"6018403",371836,2025-07-23 17:17:08,43.357593536377,-8.84413909912109,"Male"
"6018403",371836,2025-07-23 17:22:14,43.3576240539551,-8.84420108795166,"Male"
"6018403",371836,2025-07-23 17:27:15,43.3576545715332,-8.84415054321289,"Male"
"6018403",371836,2025-07-23 17:32:09,43.3575859069824,-8.84410190582275,"Male"
"6018403",371836,2025-07-23 17:37:10,43.3576698303223,-8.8442211151123,"Male"
"6018403",371836,2025-07-23 17:42:18,43.3576507568359,-8.84420299530029,"Male"
"6018403",371836,2025-07-23 17:47:35,43.3576011657715,-8.84411907196045,"Male"
"6018403",371836,2025-07-23 17:52:05,43.3575439453125,-8.84416770935059,"Male"
"6018403",371836,2025-07-23 17:57:04,43.3576316833496,-8.84420108795166,"Male"
"6018403",371836,2025-07-23 18:02:15,43.357593536377,-8.84411334991455,"Male"
"6018403",371836,2025-07-23 18:07:59,43.3576393127441,-8.84411144256592,"Male"
"6018403",371836,2025-07-23 18:12:05,43.3577079772949,-8.84419345855713,"Male"
"6018403",371836,2025-07-23 18:17:04,43.3575820922852,-8.84409141540527,"Male"
"6018403",371836,2025-07-23 18:22:08,43.3574714660645,-8.84430313110352,"Male"
"6018403",371836,2025-07-23 18:27:06,43.3572731018066,-8.84399318695068,"Male"
"6018403",371836,2025-07-23 18:32:09,43.3574523925781,-8.84428977966309,"Male"
"6018403",371836,2025-07-23 18:37:08,43.357536315918,-8.84420967102051,"Male"
"6018403",371836,2025-07-23 18:42:06,43.3572731018066,-8.843918800354,"Male"
"6018403",371836,2025-07-23 18:47:10,43.3574142456055,-8.84397888183594,"Male"
"6018403",371836,2025-07-23 18:52:06,43.3575172424316,-8.84412479400635,"Male"
"6018403",371836,2025-07-23 18:57:10,43.3574714660645,-8.84415054321289,"Male"
"6018403",371836,2025-07-23 19:02:05,43.3570518493652,-8.8435173034668,"Male"
"6018403",371836,2025-07-23 19:07:04,43.3577117919922,-8.84471225738525,"Male"
"6018403",371836,2025-07-23 19:12:09,43.3573226928711,-8.84451961517334,"Male"
"6018403",371836,2025-07-23 19:17:06,43.3576736450195,-8.84412288665771,"Male"
"6018403",371836,2025-07-23 19:22:15,43.3576316833496,-8.84404754638672,"Male"
"6018403",371836,2025-07-23 19:27:09,43.3576278686523,-8.84406566619873,"Male"
"6018403",371836,2025-07-23 19:32:10,43.3576316833496,-8.84409236907959,"Male"
"6018403",371836,2025-07-23 19:37:07,43.357608795166,-8.84404563903809,"Male"
"6018403",371836,2025-07-23 19:42:07,43.3576583862305,-8.84407997131348,"Male"
"6018403",371836,2025-07-23 19:47:11,43.3576240539551,-8.84406852722168,"Male"
"6018403",371836,2025-07-23 19:52:06,43.3575820922852,-8.84403228759766,"Male"
"6018403",371836,2025-07-23 19:57:09,43.357593536377,-8.84412956237793,"Male"
"6018403",371836,2025-07-23 20:02:09,43.3576507568359,-8.84409618377686,"Male"
"6018403",371836,2025-07-23 20:07:09,43.3576202392578,-8.84410858154297,"Male"
"6018403",371836,2025-07-23 20:12:13,43.3575248718262,-8.84403038024902,"Male"
"6018403",371836,2025-07-23 20:17:19,43.3576431274414,-8.84408283233643,"Male"
"6018403",371836,2025-07-23 20:22:10,43.3576545715332,-8.84420490264893,"Male"
"6018403",371836,2025-07-23 20:27:09,43.3575859069824,-8.84418296813965,"Male"
"6018403",371836,2025-07-23 20:32:32,43.3575820922852,-8.84412956237793,"Male"
"6018403",371836,2025-07-23 20:37:05,43.3575553894043,-8.84406280517578,"Male"
"6018403",371836,2025-07-23 20:42:04,43.3576698303223,-8.84414291381836,"Male"
"6018403",371836,2025-07-23 20:47:06,43.357608795166,-8.84407806396484,"Male"
"6018403",371836,2025-07-23 20:52:04,43.3575706481934,-8.84415721893311,"Male"
"6018403",371836,2025-07-23 20:57:04,43.3575553894043,-8.84415245056152,"Male"
"6018403",371836,2025-07-23 21:02:04,43.3575401306152,-8.84403228759766,"Male"
"6018403",371836,2025-07-23 21:07:03,43.3575057983398,-8.84409427642822,"Male"
"6018403",371836,2025-07-23 21:12:04,43.3575325012207,-8.8440990447998,"Male"
"6018403",371836,2025-07-23 21:17:06,43.3576278686523,-8.84404563903809,"Male"
"6018403",371836,2025-07-23 21:22:04,43.3575782775879,-8.84415817260742,"Male"
"6018403",371836,2025-07-23 21:27:06,43.3576278686523,-8.84413528442383,"Male"
"6018403",371836,2025-07-23 21:32:06,43.3575782775879,-8.84404563903809,"Male"
"6018403",371836,2025-07-23 21:37:04,43.3576240539551,-8.84403133392334,"Male"
"6018403",371836,2025-07-23 21:42:05,43.3576354980469,-8.84408664703369,"Male"
"6018403",371836,2025-07-23 21:47:05,43.3576431274414,-8.84415721893311,"Male"
"6018403",371836,2025-07-23 21:52:06,43.3574485778809,-8.84398651123047,"Male"
"6018403",371836,2025-07-23 21:57:06,43.3576278686523,-8.84400653839111,"Male"
"6018403",371836,2025-07-23 22:02:08,43.3577041625977,-8.84401702880859,"Male"
"6018403",371836,2025-07-23 22:07:06,43.3577423095703,-8.844069480896,"Male"
"6018403",371836,2025-07-23 22:12:04,43.3576965332031,-8.84403133392334,"Male"
"6018403",371836,2025-07-23 22:17:06,43.3576316833496,-8.84407043457031,"Male"
"6018403",371836,2025-07-23 22:22:06,43.3576202392578,-8.8440990447998,"Male"
"6018403",371836,2025-07-23 22:27:05,43.3577003479004,-8.84407138824463,"Male"
"6018403",371836,2025-07-23 22:32:06,43.3576622009277,-8.84408760070801,"Male"
"6018403",371836,2025-07-23 22:37:07,43.3576774597168,-8.84406661987305,"Male"
"6018403",371836,2025-07-23 22:42:10,43.3579940795898,-8.84408378601074,"Male"
"6018403",371836,2025-07-23 22:47:07,43.3578033447266,-8.84435367584229,"Male"
"6018403",371836,2025-07-23 22:52:10,43.3579177856445,-8.84428119659424,"Male"
"6018403",371836,2025-07-23 22:57:09,43.3578948974609,-8.84421157836914,"Male"
"6018403",371836,2025-07-23 23:02:12,43.3576850891113,-8.84402561187744,"Male"
"6018403",371836,2025-07-23 23:07:07,43.3575668334961,-8.84393405914307,"Male"
"6018403",371836,2025-07-23 23:12:07,43.3577537536621,-8.84477806091309,"Male"
"6018403",371836,2025-07-23 23:17:14,43.3576698303223,-8.8441743850708,"Male"
"6018403",371836,2025-07-23 23:22:35,43.3575668334961,-8.84410858154297,"Male"
"6018403",371836,2025-07-23 23:27:04,43.3576011657715,-8.84409141540527,"Male"
"6018403",371836,2025-07-23 23:32:04,43.3576202392578,-8.84414386749268,"Male"
"6018403",371836,2025-07-23 23:37:06,43.3576469421387,-8.84396362304688,"Male"
"6018403",371836,2025-07-23 23:42:04,43.3576240539551,-8.84406280517578,"Male"
"6018403",371836,2025-07-23 23:47:07,43.3576316833496,-8.84408664703369,"Male"
"6018403",371836,2025-07-23 23:52:04,43.3576393127441,-8.84406661987305,"Male"
"6018403",371836,2025-07-23 23:57:05,43.3576049804688,-8.84407138824463,"Male"
"6018403",371836,2025-07-24 00:02:07,43.3576049804688,-8.84408760070801,"Male"
"6018403",371836,2025-07-24 00:07:04,43.3575859069824,-8.84406661987305,"Male"
"6018403",371836,2025-07-24 00:12:04,43.3575592041016,-8.84399890899658,"Male"
"6018403",371836,2025-07-24 00:17:06,43.3575706481934,-8.84410953521729,"Male"
"6018403",371836,2025-07-24 00:22:04,43.3575782775879,-8.84406661987305,"Male"
"6018403",371836,2025-07-24 00:27:14,43.3576545715332,-8.84408187866211,"Male"
"6018403",371836,2025-07-24 00:32:34,43.3576622009277,-8.8440637588501,"Male"
"6018403",371836,2025-07-24 00:37:06,43.3576469421387,-8.84407711029053,"Male"
"6018403",371836,2025-07-24 00:42:06,43.3576927185059,-8.84407424926758,"Male"
"6018403",371836,2025-07-24 00:47:04,43.3576736450195,-8.84414672851562,"Male"
"6018403",371836,2025-07-24 00:52:06,43.3576316833496,-8.8440408706665,"Male"
"6018403",371836,2025-07-24 00:57:06,43.3576354980469,-8.84406471252441,"Male"
"6018403",371836,2025-07-24 01:02:04,43.3577079772949,-8.84410667419434,"Male"
"6018403",371836,2025-07-24 01:07:06,43.3576812744141,-8.84402942657471,"Male"
"6018403",371836,2025-07-24 01:12:04,43.3576469421387,-8.8441162109375,"Male"
"6018403",371836,2025-07-24 01:17:06,43.3576316833496,-8.8440637588501,"Male"
"6018403",371836,2025-07-24 01:22:05,43.3576927185059,-8.84414005279541,"Male"
"6018403",371836,2025-07-24 01:27:13,43.357723236084,-8.84403419494629,"Male"
"6018403",371836,2025-07-24 01:32:07,43.3577461242676,-8.84402275085449,"Male"
"6018403",371836,2025-07-24 01:37:09,43.3577194213867,-8.84402370452881,"Male"
"6018403",371836,2025-07-24 01:42:07,43.357723236084,-8.84416770935059,"Male"
"6018403",371836,2025-07-24 01:47:07,43.3577079772949,-8.84412097930908,"Male"
"6018403",371836,2025-07-24 01:52:06,43.3574714660645,-8.84366512298584,"Male"
"6018403",371836,2025-07-24 01:57:10,43.3577079772949,-8.8439884185791,"Male"
"6018403",371836,2025-07-24 02:02:35,43.3576965332031,-8.84400463104248,"Male"
"6018403",371836,2025-07-24 02:07:06,43.3575096130371,-8.8438777923584,"Male"
"6018403",371836,2025-07-24 02:12:09,43.3576126098633,-8.84416675567627,"Male"
"6018403",371836,2025-07-24 02:17:06,43.3576278686523,-8.84408283233643,"Male"
"6018403",371836,2025-07-24 02:22:09,43.3576507568359,-8.84407711029053,"Male"
"6018403",371836,2025-07-24 02:27:09,43.357666015625,-8.84404182434082,"Male"
"6018403",371836,2025-07-24 02:32:17,43.3576622009277,-8.8440408706665,"Male"
"6018403",371836,2025-07-24 02:37:05,43.3576316833496,-8.84396839141846,"Male"
"6018403",371836,2025-07-24 02:42:13,43.3576850891113,-8.84405136108398,"Male"
"6018403",371836,2025-07-24 02:47:16,43.3576583862305,-8.84404373168945,"Male"
"6018403",371836,2025-07-24 02:52:17,43.3576965332031,-8.843994140625,"Male"
"6018403",371836,2025-07-24 02:57:16,43.3576736450195,-8.84403991699219,"Male"
"6018403",371836,2025-07-24 03:02:12,43.3576889038086,-8.84406280517578,"Male"
"6018403",371836,2025-07-24 03:07:05,43.3577156066895,-8.84409427642822,"Male"
"6018403",371836,2025-07-24 03:12:11,43.3577194213867,-8.84401893615723,"Male"
"6018403",371836,2025-07-24 03:17:08,43.3576698303223,-8.84394550323486,"Male"
"6018403",371836,2025-07-24 03:22:15,43.3577194213867,-8.84393310546875,"Male"
"6018403",371836,2025-07-24 03:27:13,43.3577308654785,-8.84393978118896,"Male"
"6018403",371836,2025-07-24 03:32:09,43.3577346801758,-8.84398746490479,"Male"
"6018403",371836,2025-07-24 03:37:15,43.3575477600098,-8.84426879882812,"Male"
"6018403",371836,2025-07-24 03:42:11,43.3578071594238,-8.84383773803711,"Male"
"6018403",371836,2025-07-24 03:47:32,43.3576126098633,-8.84407138824463,"Male"
"6018403",371836,2025-07-24 03:52:04,43.3576202392578,-8.84405136108398,"Male"
"6018403",371836,2025-07-24 03:57:04,43.3575820922852,-8.84409999847412,"Male"
"6018403",371836,2025-07-24 04:02:05,43.3576164245605,-8.84407234191895,"Male"
"6018403",371836,2025-07-24 04:07:14,43.3575668334961,-8.84408760070801,"Male"
"6018403",371836,2025-07-24 04:12:07,43.3576850891113,-8.8441858291626,"Male"
"6018403",371836,2025-07-24 04:17:13,43.3576011657715,-8.84405612945557,"Male"
"6018403",371836,2025-07-24 04:22:05,43.3575439453125,-8.84409809112549,"Male"
"6018403",371836,2025-07-24 04:27:06,43.3575782775879,-8.84410381317139,"Male"
"6018403",371836,2025-07-24 04:32:05,43.3577117919922,-8.84399127960205,"Male"
"6018403",371836,2025-07-24 04:37:06,43.3575019836426,-8.8439245223999,"Male"
"6018403",371836,2025-07-24 04:42:06,43.3575744628906,-8.84403896331787,"Male"
"6018403",371836,2025-07-24 04:47:06,43.3575134277344,-8.84399032592773,"Male"
"6018403",371836,2025-07-24 04:52:07,43.3576812744141,-8.84398460388184,"Male"
"6018403",371836,2025-07-24 04:57:10,43.357536315918,-8.84394550323486,"Male"
"6018403",371836,2025-07-24 05:02:06,43.3574981689453,-8.84385108947754,"Male"
"6018403",371836,2025-07-24 05:07:09,43.3574752807617,-8.84410095214844,"Male"
"6018403",371836,2025-07-24 05:12:05,43.3577766418457,-8.84414958953857,"Male"
"6018403",371836,2025-07-24 05:17:06,43.3577194213867,-8.84469699859619,"Male"
"6018403",371836,2025-07-24 05:22:08,43.3578720092773,-8.84460926055908,"Male"
"6018403",371836,2025-07-24 05:27:35,43.3577651977539,-8.84475898742676,"Male"
"6018403",371836,2025-07-24 05:32:06,43.3577041625977,-8.84478569030762,"Male"
"6018403",371836,2025-07-24 05:37:07,43.3575820922852,-8.84443283081055,"Male"
"6018403",371836,2025-07-24 05:42:05,43.3575439453125,-8.84414482116699,"Male"
"6018403",371836,2025-07-24 05:47:05,43.3576049804688,-8.84405136108398,"Male"
"6018403",371836,2025-07-24 05:52:06,43.3575706481934,-8.84396457672119,"Male"
"6018403",371836,2025-07-24 05:57:06,43.3575897216797,-8.84401988983154,"Male"
"6018403",371836,2025-07-24 06:02:06,43.357608795166,-8.84400749206543,"Male"
"6018403",371836,2025-07-24 06:07:05,43.3575859069824,-8.84403419494629,"Male"
"6018403",371836,2025-07-24 06:12:06,43.3679428100586,-8.85910415649414,"Male"
"6018403",371836,2025-07-24 06:17:04,43.3830909729004,-8.89275550842285,"Male"
"6018403",371836,2025-07-24 06:22:05,43.3986434936523,-8.92250919342041,"Male"
"6018403",371836,2025-07-24 06:27:04,43.4085578918457,-8.96441459655762,"Male"
"6018403",371836,2025-07-24 06:32:05,43.4156188964844,-9.0133752822876,"Male"
"6018403",371836,2025-07-24 06:37:05,43.4186782836914,-9.05039215087891,"Male"
"6018403",371836,2025-07-24 06:42:05,43.4350395202637,-9.05078125,"Male"
"6018403",371836,2025-07-24 06:47:06,43.4490699768066,-9.04746341705322,"Male"
"6018403",371836,2025-07-24 06:52:05,43.4514770507812,-9.07428359985352,"Male"
"6018403",371836,2025-07-24 06:57:05,43.4581756591797,-9.1167459487915,"Male"
"6018403",371836,2025-07-24 07:02:06,43.4653358459473,-9.13090229034424,"Male"
"6018403",371836,2025-07-24 07:07:05,43.4698295593262,-9.12488842010498,"Male"
"6018403",371836,2025-07-24 07:12:06,43.4734802246094,-9.12108516693115,"Male"
"6018403",371836,2025-07-24 07:17:06,43.4765396118164,-9.1168098449707,"Male"
"6018403",371836,2025-07-24 07:22:06,43.478832244873,-9.11094760894775,"Male"
"6018403",371836,2025-07-24 07:27:06,43.481761932373,-9.10678958892822,"Male"
"6018403",371836,2025-07-24 07:32:05,43.4500846862793,-9.09394645690918,"Male"
"6018403",371836,2025-07-24 07:37:07,43.4483413696289,-9.09834098815918,"Male"
"6018403",371836,2025-07-24 07:42:10,43.4460372924805,-9.10169410705566,"Male"
"6018403",371836,2025-07-24 07:47:06,43.4421768188477,-9.10992336273193,"Male"
"6018403",371836,2025-07-24 07:52:19,43.4396438598633,-9.11532115936279,"Male"
"6018403",371836,2025-07-24 07:57:09,43.436840057373,-9.12029075622559,"Male"
"6018403",371836,2025-07-24 08:18:28,43.4008522033691,-9.04879951477051,"Male"
"6018403",371836,2025-07-24 08:23:28,43.3940696716309,-9.02701568603516,"Male"
"6018403",371836,2025-07-24 08:27:22,43.3799247741699,-9.00883388519287,"Male"
"6018403",371836,2025-07-24 08:32:23,43.3681755065918,-8.98195648193359,"Male"
"6018403",371836,2025-07-24 08:37:32,43.3521308898926,-8.95339488983154,"Male"
"6018403",371836,2025-07-24 08:42:24,43.3311538696289,-8.92748165130615,"Male"
"6018403",371836,2025-07-24 08:47:14,43.3207206726074,-8.9046516418457,"Male"
"6018403",371836,2025-07-24 08:52:05,43.3184280395508,-8.88099479675293,"Male"
"6018403",371836,2025-07-24 08:57:08,43.3142890930176,-8.85705184936523,"Male"
"6018403",371836,2025-07-24 09:02:44,43.3143730163574,-8.85697841644287,"Male"
"6018403",371836,2025-07-24 09:07:07,43.3144264221191,-8.85717296600342,"Male"
"6018403",371836,2025-07-24 09:12:35,43.3143882751465,-8.85710620880127,"Male"
"6018403",371836,2025-07-24 09:17:04,43.3150672912598,-8.85694408416748,"Male"
"6018403",371836,2025-07-24 09:22:04,43.3296852111816,-8.84610271453857,"Male"
"6018403",371836,2025-07-24 09:27:04,43.3432350158691,-8.83749580383301,"Male"
"6018403",371836,2025-07-24 09:32:06,43.3576889038086,-8.84451389312744,"Male"
"6018403",371836,2025-07-24 09:37:05,43.3577842712402,-8.84516620635986,"Male"
"6018403",371836,2025-07-24 09:42:06,43.3577156066895,-8.84454154968262,"Male"
"6018403",371836,2025-07-24 09:47:04,43.3577728271484,-8.84451484680176,"Male"
"6018403",371836,2025-07-24 09:52:06,43.357723236084,-8.84455871582031,"Male"
"6018403",371836,2025-07-24 09:57:04,43.3577461242676,-8.84451389312744,"Male"
"6018403",371836,2025-07-24 10:02:15,43.3575706481934,-8.84408187866211,"Male"
"6018403",371836,2025-07-24 10:07:05,43.3580017089844,-8.84514236450195,"Male"
"6018403",371836,2025-07-24 10:12:13,43.3578453063965,-8.84469032287598,"Male"
"6018403",371836,2025-07-24 10:17:07,43.3576278686523,-8.84395217895508,"Male"
"6018403",371836,2025-07-24 10:22:09,43.3576431274414,-8.84402751922607,"Male"
"6018403",371836,2025-07-24 10:27:06,43.3576927185059,-8.84399795532227,"Male"
"6018403",371836,2025-07-24 10:32:09,43.3576736450195,-8.8439474105835,"Male"
"6018403",371836,2025-07-24 10:37:09,43.3580131530762,-8.84472942352295,"Male"
"6018403",371836,2025-07-24 10:42:09,43.3578491210938,-8.84462642669678,"Male"
"6018403",371836,2025-07-24 10:47:35,43.357666015625,-8.84395217895508,"Male"
"6018403",371836,2025-07-24 10:52:04,43.3576927185059,-8.84397983551025,"Male"
"6018403",371836,2025-07-24 10:57:06,43.3578796386719,-8.84466743469238,"Male"
"6018403",371836,2025-07-24 11:02:06,43.3578605651855,-8.84471702575684,"Male"
"6018403",371836,2025-07-24 11:07:05,43.357967376709,-8.84484481811523,"Male"
"6018403",371836,2025-07-24 11:12:04,43.3578834533691,-8.84469127655029,"Male"
"6018403",371836,2025-07-24 11:17:04,43.3577346801758,-8.84485149383545,"Male"
"6018403",371836,2025-07-24 11:22:04,43.3578071594238,-8.84477138519287,"Male"
"6018403",371836,2025-07-24 11:27:04,43.3578109741211,-8.84476184844971,"Male"
"6018403",371836,2025-07-24 11:32:05,43.3577842712402,-8.84482288360596,"Male"
"6018403",371836,2025-07-24 11:37:07,43.3580513000488,-8.84507751464844,"Male"
"6018403",371836,2025-07-24 11:42:06,43.3650588989258,-8.8545618057251,"Male"
"6018403",371836,2025-07-24 11:47:04,43.3805465698242,-8.89051246643066,"Male"
"6018403",371836,2025-07-24 11:52:04,43.3919944763184,-8.93081569671631,"Male"
"6018403",371836,2025-07-24 11:57:04,43.4020767211914,-8.97505664825439,"Male"
"6018403",371836,2025-07-24 12:02:04,43.4141235351562,-9.01762390136719,"Male"
"6018403",371836,2025-07-24 12:07:04,43.4303169250488,-9.04852199554443,"Male"
"6018403",371836,2025-07-24 12:12:04,43.4467697143555,-9.07454299926758,"Male"
"6018403",371836,2025-07-24 12:17:04,43.4636878967285,-9.10055351257324,"Male"
"6018403",371836,2025-07-24 12:22:06,43.4790840148926,-9.12050437927246,"Male"
"6018403",371836,2025-07-24 12:27:05,43.4773292541504,-9.12605381011963,"Male"
"6018403",371836,2025-07-24 12:32:04,43.4717559814453,-9.14528751373291,"Male"
"6018403",371836,2025-07-24 12:37:04,43.4748306274414,-9.17339134216309,"Male"
"6018403",371836,2025-07-24 12:42:04,43.47509765625,-9.20250225067139,"Male"
"6018403",371836,2025-07-24 12:47:04,43.4764060974121,-9.22920894622803,"Male"
"6018403",371836,2025-07-24 12:52:04,43.4394760131836,-9.26833629608154,"Male"
"6018403",371836,2025-07-24 12:57:04,43.4126930236816,-9.2971248626709,"Male"
"6018403",371836,2025-07-24 13:02:06,43.4120635986328,-9.29999446868896,"Male"
"6018403",371836,2025-07-24 13:07:07,43.4106216430664,-9.30338954925537,"Male"
"6018403",371836,2025-07-24 13:12:07,43.4102020263672,-9.30249691009521,"Male"
"6018403",371836,2025-07-24 13:17:06,43.4093360900879,-9.30492782592773,"Male"
"6018403",371836,2025-07-24 13:22:06,43.4087066650391,-9.30564022064209,"Male"
"6018403",371836,2025-07-24 13:27:06,43.4080047607422,-9.30668830871582,"Male"
"6018403",371836,2025-07-24 13:33:28,43.4074363708496,-9.3085823059082,"Male"
"6018403",371836,2025-07-24 13:37:35,43.4068984985352,-9.30949211120605,"Male"
"6018403",371836,2025-07-24 13:42:06,43.4059906005859,-9.30973052978516,"Male"
"6018403",371836,2025-07-24 13:47:04,43.4053039550781,-9.31052780151367,"Male"
"6018403",371836,2025-07-24 13:52:05,43.4046363830566,-9.31176090240479,"Male"
"6018403",371836,2025-07-24 13:57:04,43.4036636352539,-9.31263732910156,"Male"
"6018403",371836,2025-07-24 14:02:06,43.3987998962402,-9.3132152557373,"Male"
"6018403",371836,2025-07-24 14:07:04,43.3947677612305,-9.3132381439209,"Male"
"6018403",371836,2025-07-24 14:12:05,43.3915863037109,-9.31561756134033,"Male"
"6018403",371836,2025-07-24 14:17:05,43.3818206787109,-9.34783363342285,"Male"
"6018403",371836,2025-07-24 14:22:04,43.3804168701172,-9.34847068786621,"Male"
"6018403",371836,2025-07-24 14:27:06,43.3794860839844,-9.34954452514648,"Male"
"6018403",371836,2025-07-24 14:32:04,43.3755187988281,-9.33829212188721,"Male"
"6018403",371836,2025-07-24 14:37:06,43.361385345459,-9.31071758270264,"Male"
"6018403",371836,2025-07-24 14:42:04,43.3392639160156,-9.28652000427246,"Male"
"6018403",371836,2025-07-24 14:47:04,43.3324089050293,-9.26077556610107,"Male"
"6018403",371836,2025-07-24 14:52:16,43.3175468444824,-9.23375129699707,"Male"
"6018403",371836,2025-07-24 14:57:15,43.2905349731445,-9.21019172668457,"Male"
"6018403",371836,2025-07-24 15:02:16,43.2652854919434,-9.18535709381104,"Male"
"6018403",371836,2025-07-24 15:07:06,43.232120513916,-9.16469097137451,"Male"
"6018403",371836,2025-07-24 15:12:27,43.1929016113281,-9.14749240875244,"Male"
"6018403",371836,2025-07-24 15:17:06,43.1911125183105,-9.13312530517578,"Male"
"6018403",371836,2025-07-24 15:22:14,43.1877822875977,-9.11485004425049,"Male"
"6018403",371836,2025-07-24 15:27:04,43.1879844665527,-9.09629535675049,"Male"
"6018403",371836,2025-07-24 15:32:06,43.1863899230957,-9.07332515716553,"Male"
"6018403",371836,2025-07-24 15:37:06,43.1881103515625,-9.05060863494873,"Male"
"6018403",371836,2025-07-24 15:42:13,43.1895904541016,-9.0456075668335,"Male"
"6018403",371836,2025-07-24 15:47:15,43.1897850036621,-9.04604721069336,"Male"
"6018403",371836,2025-07-24 15:52:18,43.1895980834961,-9.04586601257324,"Male"
"6018403",371836,2025-07-24 15:57:14,43.189769744873,-9.04591846466064,"Male"
"6018403",371836,2025-07-24 16:02:35,43.189640045166,-9.04603481292725,"Male"
"6018403",371836,2025-07-24 16:07:04,43.1896438598633,-9.04595756530762,"Male"
"6018403",371836,2025-07-24 16:12:04,43.1896476745605,-9.04601860046387,"Male"
"6018403",371836,2025-07-24 16:17:04,43.1895751953125,-9.04590797424316,"Male"
"6018403",371836,2025-07-24 16:22:05,43.1895523071289,-9.04612159729004,"Male"
"6018403",371836,2025-07-24 16:27:07,43.1896133422852,-9.04600524902344,"Male"
"6018403",371836,2025-07-24 16:32:06,43.1895599365234,-9.04604339599609,"Male"
"6018403",371836,2025-07-24 16:37:06,43.1895790100098,-9.04619407653809,"Male"
"6018403",371836,2025-07-24 16:42:06,43.1895408630371,-9.0459508895874,"Male"
"6018403",371836,2025-07-24 16:47:06,43.1948509216309,-9.03966045379639,"Male"
"6018403",371836,2025-07-24 16:52:05,43.1974792480469,-9.0378475189209,"Male"
"6018403",371836,2025-07-24 16:57:07,43.2140960693359,-9.02531051635742,"Male"
"6018403",371836,2025-07-24 17:02:06,43.2230110168457,-9.00514125823975,"Male"
"6018403",371836,2025-07-24 17:07:06,43.2309494018555,-8.9950475692749,"Male"
"6018403",371836,2025-07-24 17:12:05,43.2240562438965,-8.97258186340332,"Male"
"6018403",371836,2025-07-24 17:17:09,43.2334480285645,-8.95126724243164,"Male"
"6018403",371836,2025-07-24 17:22:04,43.250358581543,-8.9555139541626,"Male"
"6018403",371836,2025-07-24 17:27:19,43.2610015869141,-8.94664287567139,"Male"
"6018403",371836,2025-07-24 17:32:07,43.2690696716309,-8.92099761962891,"Male"
"6018403",371836,2025-07-24 17:37:19,43.2814865112305,-8.90217971801758,"Male"
"6018403",371836,2025-07-24 17:42:11,43.3071022033691,-8.91062259674072,"Male"
"6018403",371836,2025-07-24 17:47:18,43.3204307556152,-8.90233039855957,"Male"
"6018403",371836,2025-07-24 17:52:19,43.3205757141113,-8.88320732116699,"Male"
"6018403",371836,2025-07-24 17:57:20,43.3182907104492,-8.86085796356201,"Male"
"6018403",371836,2025-07-24 18:02:35,43.3286895751953,-8.84616279602051,"Male"
"6018403",371836,2025-07-24 18:07:06,43.3415641784668,-8.84186172485352,"Male"
"6018403",371836,2025-07-24 18:12:05,43.3564491271973,-8.84616756439209,"Male"
"6018403",371836,2025-07-24 18:17:07,43.3577461242676,-8.8448429107666,"Male"
"6018403",371836,2025-07-24 18:22:07,43.3575477600098,-8.84410858154297,"Male"
"6018403",371836,2025-07-24 18:27:07,43.3576850891113,-8.84403514862061,"Male"
"6018403",371836,2025-07-24 18:32:09,43.3577499389648,-8.84415817260742,"Male"
"6018403",371836,2025-07-24 18:37:06,43.3576049804688,-8.84412956237793,"Male"
"6018403",371836,2025-07-24 18:42:06,43.3575706481934,-8.84415531158447,"Male"
"6018403",371836,2025-07-24 18:47:16,43.3576202392578,-8.84407234191895,"Male"
"6018403",371836,2025-07-24 18:52:08,43.3577117919922,-8.84418487548828,"Male"
"6018403",371836,2025-07-24 18:57:35,43.3575897216797,-8.84409236907959,"Male"
"6018403",371836,2025-07-24 19:02:05,43.3576164245605,-8.84408378601074,"Male"
"6018403",371836,2025-07-24 19:07:05,43.357608795166,-8.84412288665771,"Male"
"6018403",371836,2025-07-24 19:12:08,43.3576545715332,-8.84418201446533,"Male"
"6018403",371836,2025-07-24 19:17:09,43.3576889038086,-8.844162940979,"Male"
"6018403",371836,2025-07-24 19:22:06,43.3578109741211,-8.84423828125,"Male"
"6018403",371836,2025-07-24 19:27:08,43.3575897216797,-8.84376335144043,"Male"
"6018403",371836,2025-07-24 19:32:07,43.3575744628906,-8.84401035308838,"Male"
"6018403",371836,2025-07-24 19:37:09,43.3575973510742,-8.8440523147583,"Male"
"6018403",371836,2025-07-24 19:42:09,43.3576316833496,-8.84405612945557,"Male"
"6018403",371836,2025-07-24 19:47:07,43.3577270507812,-8.84440517425537,"Male"
"6018403",371836,2025-07-24 19:52:06,43.357666015625,-8.84425735473633,"Male"
"6018403",371836,2025-07-24 19:57:05,43.357593536377,-8.84415912628174,"Male"
"6018403",371836,2025-07-24 20:02:05,43.3577117919922,-8.84421253204346,"Male"
"6018403",371836,2025-07-24 20:07:05,43.3576469421387,-8.84417533874512,"Male"
"6018403",371836,2025-07-24 20:12:05,43.3576889038086,-8.84417819976807,"Male"
"6018403",371836,2025-07-24 20:17:05,43.3576927185059,-8.84422016143799,"Male"
"6018403",371836,2025-07-24 20:22:07,43.3576126098633,-8.84418773651123,"Male"
"6018403",371836,2025-07-24 20:27:06,43.3576431274414,-8.84415626525879,"Male"
"6018403",371836,2025-07-24 20:32:06,43.357608795166,-8.8442440032959,"Male"
"6018403",371836,2025-07-24 20:37:09,43.3576622009277,-8.84414768218994,"Male"
"6018403",371836,2025-07-24 20:42:10,43.3575477600098,-8.84403228759766,"Male"
"6018403",371836,2025-07-24 20:47:11,43.3576240539551,-8.84405899047852,"Male"
"6018403",371836,2025-07-24 20:52:12,43.3576507568359,-8.84408473968506,"Male"
"6018403",371836,2025-07-24 20:57:09,43.3575248718262,-8.84409332275391,"Male"
"6018403",371836,2025-07-24 21:02:09,43.3575973510742,-8.84412860870361,"Male"
"6018403",371836,2025-07-24 21:07:15,43.3575897216797,-8.84406280517578,"Male"
"6018403",371836,2025-07-24 21:12:07,43.3575401306152,-8.84408187866211,"Male"
"6018403",371836,2025-07-24 21:17:09,43.3576469421387,-8.84406089782715,"Male"
"6018403",371836,2025-07-24 21:22:11,43.357837677002,-8.84410190582275,"Male"
"6018403",371836,2025-07-24 21:27:07,43.3576622009277,-8.84415340423584,"Male"
"6018403",371836,2025-07-24 21:32:31,43.3576126098633,-8.84411334991455,"Male"
"6018403",371836,2025-07-24 21:37:05,43.3576316833496,-8.84406185150146,"Male"
"6018403",371836,2025-07-24 21:42:06,43.3576240539551,-8.84409427642822,"Male"
"6018403",371836,2025-07-24 21:47:05,43.3576316833496,-8.84409141540527,"Male"
"6018403",371836,2025-07-24 21:52:05,43.3576354980469,-8.8440113067627,"Male"
"6018403",371836,2025-07-24 21:57:06,43.3575897216797,-8.8441162109375,"Male"
"6018403",371836,2025-07-24 22:02:05,43.3576240539551,-8.84399604797363,"Male"
"6018403",371836,2025-07-24 22:07:06,43.357608795166,-8.84406661987305,"Male"
"6018403",371836,2025-07-24 22:12:05,43.3576126098633,-8.84402942657471,"Male"
"6018403",371836,2025-07-24 22:17:05,43.3575439453125,-8.84407043457031,"Male"
"6018403",371836,2025-07-24 22:22:06,43.3575630187988,-8.84415626525879,"Male"
"6018403",371836,2025-07-24 22:27:06,43.3575859069824,-8.84404373168945,"Male"
"6018403",371836,2025-07-24 22:32:05,43.357608795166,-8.84405612945557,"Male"
"6018403",371836,2025-07-24 22:37:05,43.3576049804688,-8.84411144256592,"Male"
"6018403",371836,2025-07-24 22:42:09,43.3575973510742,-8.84414958953857,"Male"
"6018403",371836,2025-07-24 22:47:06,43.3577156066895,-8.84406852722168,"Male"
"6018403",371836,2025-07-24 22:52:34,43.3576202392578,-8.84408092498779,"Male"
"6018403",371836,2025-07-24 22:57:08,43.3576164245605,-8.84410095214844,"Male"
"6018403",371836,2025-07-24 23:02:05,43.3576049804688,-8.84406661987305,"Male"
"6018403",371836,2025-07-24 23:07:08,43.3576164245605,-8.84409523010254,"Male"
"6018403",371836,2025-07-24 23:12:06,43.357593536377,-8.84409713745117,"Male"
"6018403",371836,2025-07-24 23:17:08,43.3575744628906,-8.84427452087402,"Male"
"6018403",371836,2025-07-24 23:22:07,43.3575973510742,-8.84410953521729,"Male"
"6018403",371836,2025-07-24 23:27:05,43.3577690124512,-8.84405899047852,"Male"
"6018403",371836,2025-07-24 23:32:09,43.3577461242676,-8.8440637588501,"Male"
"6018403",371836,2025-07-24 23:37:06,43.3577346801758,-8.84412670135498,"Male"
"6018403",371836,2025-07-24 23:42:16,43.3576698303223,-8.8440408706665,"Male"
"6018403",371836,2025-07-24 23:47:35,43.3576126098633,-8.84408378601074,"Male"
"6018403",371836,2025-07-24 23:52:06,43.3576354980469,-8.84410285949707,"Male"
"6018403",371836,2025-07-24 23:57:05,43.3575859069824,-8.84404945373535,"Male"
"6018403",371836,2025-07-25 00:02:06,43.3576049804688,-8.84402656555176,"Male"
"6018403",371836,2025-07-25 00:07:05,43.3576202392578,-8.84408664703369,"Male"
"6018403",371836,2025-07-25 00:12:08,43.3576278686523,-8.8440465927124,"Male"
"6018403",371836,2025-07-25 00:17:05,43.3576126098633,-8.84410667419434,"Male"
"6018403",371836,2025-07-25 00:22:06,43.3576049804688,-8.84410572052002,"Male"
"6018403",371836,2025-07-25 00:27:08,43.3576278686523,-8.84406089782715,"Male"
"6018403",371836,2025-07-25 00:32:08,43.3575897216797,-8.8441219329834,"Male"
"6018403",371836,2025-07-25 00:37:08,43.3576011657715,-8.84403800964355,"Male"
"6018403",371836,2025-07-25 00:42:05,43.3577079772949,-8.84417629241943,"Male"
"6018403",371836,2025-07-25 00:47:07,43.3576431274414,-8.84411144256592,"Male"
"6018403",371836,2025-07-25 00:52:12,43.3575897216797,-8.84417629241943,"Male"
"6018403",371836,2025-07-25 00:57:09,43.3575172424316,-8.84406852722168,"Male"
"6018403",371836,2025-07-25 01:02:05,43.3574752807617,-8.84410572052002,"Male"
"6018403",371836,2025-07-25 01:07:07,43.3575553894043,-8.84414291381836,"Male"
"6018403",371836,2025-07-25 01:12:07,43.3574066162109,-8.84405899047852,"Male"
"6018403",371836,2025-07-25 01:17:06,43.3574600219727,-8.84408569335938,"Male"
"6018403",371836,2025-07-25 01:22:07,43.3574714660645,-8.84403896331787,"Male"
"6018403",371836,2025-07-25 01:27:06,43.3574981689453,-8.8441915512085,"Male"
"6018403",371836,2025-07-25 01:32:11,43.3574638366699,-8.84406566619873,"Male"
"6018403",371836,2025-07-25 01:37:07,43.357666015625,-8.84431934356689,"Male"
"6018403",371836,2025-07-25 01:42:09,43.3575630187988,-8.84418964385986,"Male"
"6018403",371836,2025-07-25 01:47:09,43.3577575683594,-8.84447002410889,"Male"
"6018403",371836,2025-07-25 01:52:13,43.3576583862305,-8.8443431854248,"Male"
"6018403",371836,2025-07-25 01:57:12,43.357738494873,-8.84462261199951,"Male"
"6018403",371836,2025-07-25 02:02:35,43.3575325012207,-8.84414196014404,"Male"
"6018403",371836,2025-07-25 02:07:05,43.3575820922852,-8.84408092498779,"Male"
"6018403",371836,2025-07-25 02:12:05,43.3575897216797,-8.84408378601074,"Male"
"6018403",371836,2025-07-25 02:17:05,43.357593536377,-8.8440055847168,"Male"
"6018403",371836,2025-07-25 02:22:06,43.3575859069824,-8.84406852722168,"Male"
"6018403",371836,2025-07-25 02:27:05,43.3576202392578,-8.8440580368042,"Male"
"6018403",371836,2025-07-25 02:32:10,43.3576812744141,-8.84398651123047,"Male"
"6018403",371836,2025-07-25 02:37:05,43.3576583862305,-8.84409236907959,"Male"
"6018403",371836,2025-07-25 02:42:05,43.3576164245605,-8.84410285949707,"Male"
"6018403",371836,2025-07-25 02:47:05,43.3576126098633,-8.84413623809814,"Male"
"6018403",371836,2025-07-25 02:52:06,43.3575592041016,-8.84410667419434,"Male"
"6018403",371836,2025-07-25 02:57:05,43.3575668334961,-8.8441333770752,"Male"
"6018403",371836,2025-07-25 03:02:06,43.3575401306152,-8.8441104888916,"Male"
"6018403",371836,2025-07-25 03:07:06,43.3576202392578,-8.84410953521729,"Male"
"6018403",371836,2025-07-25 03:12:06,43.3576431274414,-8.8440990447998,"Male"
"6018403",371836,2025-07-25 03:17:06,43.3576545715332,-8.84407424926758,"Male"
"6018403",371836,2025-07-25 03:22:08,43.3577690124512,-8.84397602081299,"Male"
"6018403",371836,2025-07-25 03:27:10,43.3577270507812,-8.84394836425781,"Male"
"6018403",371836,2025-07-25 03:32:09,43.3577270507812,-8.84403324127197,"Male"
"6018403",371836,2025-07-25 03:37:19,43.3577270507812,-8.84392166137695,"Male"
"6018403",371836,2025-07-25 03:42:06,43.3572769165039,-8.84416770935059,"Male"
"6018403",371836,2025-07-25 03:47:11,43.3575477600098,-8.84399700164795,"Male"
"6018403",371836,2025-07-25 03:52:07,43.357738494873,-8.84401512145996,"Male"
"6018403",371836,2025-07-25 03:57:31,43.3577423095703,-8.84397411346436,"Male"
"6018403",371836,2025-07-25 04:02:08,43.3577995300293,-8.8441333770752,"Male"
"6018403",371836,2025-07-25 04:07:13,43.3578643798828,-8.84422492980957,"Male"
"6018403",371836,2025-07-25 04:12:30,43.3577346801758,-8.84409523010254,"Male"
"6018403",371836,2025-07-25 04:17:08,43.3576354980469,-8.84417057037354,"Male"
"6018403",371836,2025-07-25 04:22:09,43.3574638366699,-8.84360694885254,"Male"
"6018403",371836,2025-07-25 04:27:35,43.3576316833496,-8.84409713745117,"Male"
"6018403",371836,2025-07-25 04:32:06,43.3575286865234,-8.84419441223145,"Male"
"6018403",371836,2025-07-25 04:37:06,43.3575973510742,-8.84408187866211,"Male"
"6018403",371836,2025-07-25 04:42:05,43.3576202392578,-8.84402084350586,"Male"
"6018403",371836,2025-07-25 04:47:07,43.3575744628906,-8.84415245056152,"Male"
"6018403",371836,2025-07-25 04:52:06,43.357608795166,-8.8441047668457,"Male"
"6018403",371836,2025-07-25 04:57:10,43.3577461242676,-8.84470462799072,"Male"
"6018403",371836,2025-07-25 05:02:05,43.3577842712402,-8.84485244750977,"Male"
"6018403",371836,2025-07-25 05:07:05,43.3577499389648,-8.84485340118408,"Male"
"6018403",371836,2025-07-25 05:12:06,43.3578033447266,-8.84477710723877,"Male"
"6018403",371836,2025-07-25 05:17:07,43.357666015625,-8.8442211151123,"Male"
"6018403",371836,2025-07-25 05:22:08,43.357551574707,-8.84420013427734,"Male"
"6018403",371836,2025-07-25 05:27:06,43.3576698303223,-8.84419918060303,"Male"
"6018403",371836,2025-07-25 05:32:10,43.3576354980469,-8.84415817260742,"Male"
"6018403",371836,2025-07-25 05:37:09,43.357608795166,-8.84420490264893,"Male"
"6018403",371836,2025-07-25 05:42:12,43.3575744628906,-8.84413433074951,"Male"
"6018403",371836,2025-07-25 05:47:08,43.3577995300293,-8.84480953216553,"Male"
"6018403",371836,2025-07-25 05:52:35,43.3576736450195,-8.84409809112549,"Male"
"6018403",371836,2025-07-25 05:57:09,43.3576393127441,-8.84407234191895,"Male"
"6018403",371836,2025-07-25 06:02:06,43.3576507568359,-8.84414863586426,"Male"
"6018403",371836,2025-07-25 06:07:09,43.3576812744141,-8.84384822845459,"Male"
"6018403",371836,2025-07-25 06:12:06,43.3576126098633,-8.84404754638672,"Male"
"6018403",371836,2025-07-25 06:17:08,43.3576240539551,-8.84406280517578,"Male"
"6018403",371836,2025-07-25 06:22:06,43.357608795166,-8.84419918060303,"Male"
"6018403",371836,2025-07-25 06:27:07,43.3577117919922,-8.84415340423584,"Male"
"6018403",371836,2025-07-25 06:32:06,43.357593536377,-8.844162940979,"Male"
"6018403",371836,2025-07-25 06:37:06,43.3575630187988,-8.84408092498779,"Male"
"6018403",371836,2025-07-25 06:42:07,43.3576202392578,-8.84416770935059,"Male"
"6018403",371836,2025-07-25 06:47:06,43.3576431274414,-8.84418964385986,"Male"
"6018403",371836,2025-07-25 06:52:07,43.3577041625977,-8.8442211151123,"Male"
"6018403",371836,2025-07-25 06:57:08,43.3577041625977,-8.84410667419434,"Male"
"6018403",371836,2025-07-25 07:02:14,43.3576278686523,-8.8441162109375,"Male"
"6018403",371836,2025-07-25 07:07:23,43.3576698303223,-8.84435176849365,"Male"
"6018403",371836,2025-07-25 07:12:09,43.3577919006348,-8.84414291381836,"Male"
"6018403",371836,2025-07-25 07:17:08,43.3577651977539,-8.84415054321289,"Male"
"6018403",371836,2025-07-25 07:22:07,43.3575325012207,-8.84419822692871,"Male"
"6018403",371836,2025-07-25 07:27:06,43.3574867248535,-8.84411239624023,"Male"
"6018403",371836,2025-07-25 07:32:07,43.3576431274414,-8.84421443939209,"Male"
"6018403",371836,2025-07-25 07:37:08,43.3575897216797,-8.84426307678223,"Male"
"6018403",371836,2025-07-25 07:42:06,43.3575325012207,-8.8441104888916,"Male"
"6018403",371836,2025-07-25 07:47:07,43.3575172424316,-8.84403991699219,"Male"
"6018403",371836,2025-07-25 07:52:06,43.3575630187988,-8.84409046173096,"Male"
"6018403",371836,2025-07-25 07:57:11,43.3576011657715,-8.84410858154297,"Male"
"6018403",371836,2025-07-25 08:02:35,43.3576164245605,-8.84416007995605,"Male"
"6018403",371836,2025-07-25 08:07:06,43.3575782775879,-8.84415340423584,"Male"
"6018403",371836,2025-07-25 08:12:05,43.3576469421387,-8.84408378601074,"Male"
"6018403",371836,2025-07-25 08:17:05,43.3576393127441,-8.84408473968506,"Male"
"6018403",371836,2025-07-25 08:22:06,43.3576126098633,-8.8441276550293,"Male"
"6018403",371836,2025-07-25 08:29:07,43.3576354980469,-8.84408760070801,"Male"
"6018403",371836,2025-07-25 08:34:07,43.3576545715332,-8.84414672851562,"Male"
"6018403",371836,2025-07-25 08:39:07,43.3576126098633,-8.84415340423584,"Male"
"6018403",371836,2025-07-25 08:44:07,43.3578338623047,-8.84447479248047,"Male"
"6018403",371836,2025-07-25 08:49:07,43.3576698303223,-8.84391593933105,"Male"
"6018403",371836,2025-07-25 08:54:07,43.3575859069824,-8.84414100646973,"Male"
"6018403",371836,2025-07-25 08:59:07,43.3575706481934,-8.84412860870361,"Male"
"6018403",371836,2025-07-25 09:04:07,43.357608795166,-8.8440637588501,"Male"
"6018403",371836,2025-07-25 09:09:06,43.3576011657715,-8.84406661987305,"Male"
"6018403",371836,2025-07-25 09:14:10,43.3575744628906,-8.84414100646973,"Male"
"6018403",371836,2025-07-25 09:19:07,43.357593536377,-8.84406852722168,"Male"
"6018403",371836,2025-07-25 09:24:09,43.3575744628906,-8.84415340423584,"Male"
"6018403",371836,2025-07-25 09:29:06,43.360466003418,-8.84660720825195,"Male"
"6018403",371836,2025-07-25 09:34:09,43.3576698303223,-8.84408473968506,"Male"
"6018403",371836,2025-07-25 09:39:07,43.3576240539551,-8.84410953521729,"Male"
"6018403",371836,2025-07-25 09:44:06,43.3576240539551,-8.84419250488281,"Male"
"6018403",371836,2025-07-25 09:49:06,43.3576316833496,-8.84424209594727,"Male"
"6018403",371836,2025-07-25 09:54:06,43.3576202392578,-8.84415149688721,"Male"
"6018403",371836,2025-07-25 09:59:07,43.3576278686523,-8.84411430358887,"Male"
"6018403",371836,2025-07-25 10:04:06,43.3576469421387,-8.8441858291626,"Male"
"6018403",371836,2025-07-25 10:09:07,43.3576164245605,-8.84416103363037,"Male"
"6018403",371836,2025-07-25 10:14:10,43.3613586425781,-8.84897804260254,"Male"
"6018403",371836,2025-07-25 10:19:08,43.3749847412109,-8.88973903656006,"Male"
"6018403",371836,2025-07-25 10:24:08,43.3848876953125,-8.93408012390137,"Male"
"6018403",371836,2025-07-25 10:29:09,43.3943176269531,-8.97836017608643,"Male"
"6018403",371836,2025-07-25 10:34:09,43.4027099609375,-9.02151393890381,"Male"
"6018403",371836,2025-07-25 10:40:16,43.4045486450195,-9.07596397399902,"Male"
"6018403",371836,2025-07-25 10:45:30,43.3991165161133,-9.13846206665039,"Male"
"6018403",371836,2025-07-25 10:49:35,43.4012641906738,-9.18283081054688,"Male"
"6018403",371836,2025-07-25 10:54:08,43.3965072631836,-9.22600364685059,"Male"
"6018403",371836,2025-07-25 10:59:07,43.3877105712891,-9.28146171569824,"Male"
"6018403",371836,2025-07-25 11:04:07,43.3959770202637,-9.28686332702637,"Male"
"6018403",371836,2025-07-25 11:09:08,43.4116554260254,-9.29051876068115,"Male"
"6018403",371836,2025-07-25 11:14:08,43.4227523803711,-9.28087139129639,"Male"
"6018403",371836,2025-07-25 11:19:06,43.4281272888184,-9.27919769287109,"Male"
"6018403",371836,2025-07-25 11:24:07,43.4295196533203,-9.28151702880859,"Male"
"6018403",371836,2025-07-25 11:29:07,43.4410209655762,-9.28832054138184,"Male"
"6018403",371836,2025-07-25 11:35:05,43.4433975219727,-9.27731895446777,"Male"
"6018403",371836,2025-07-25 11:39:06,43.4471473693848,-9.26528263092041,"Male"
"6018403",371836,2025-07-25 11:44:07,43.4499435424805,-9.24774169921875,"Male"
"6018403",371836,2025-07-25 11:49:07,43.4524612426758,-9.22634029388428,"Male"
"6018403",371836,2025-07-25 11:54:07,43.4623031616211,-9.20981025695801,"Male"
"6018403",371836,2025-07-25 11:59:07,43.4684410095215,-9.19096565246582,"Male"
"6018403",371836,2025-07-25 12:04:06,43.4720077514648,-9.17271327972412,"Male"
"6018403",371836,2025-07-25 12:09:06,43.4705810546875,-9.14846324920654,"Male"
"6018403",371836,2025-07-25 12:14:06,43.464599609375,-9.12206554412842,"Male"
"6018403",371836,2025-07-25 12:19:07,43.4496192932129,-9.09453773498535,"Male"
"6018403",371836,2025-07-25 12:24:08,43.4299201965332,-9.06645584106445,"Male"
"6018403",371836,2025-07-25 12:29:07,43.4092597961426,-9.03787612915039,"Male"
"6018403",371836,2025-07-25 12:34:06,43.3920822143555,-9.00782680511475,"Male"
"6018403",371836,2025-07-25 12:39:07,43.3725166320801,-8.97768115997314,"Male"
"6018403",371836,2025-07-25 12:44:07,43.3470840454102,-8.9495792388916,"Male"
"6018403",371836,2025-07-25 12:49:07,43.323787689209,-8.92102909088135,"Male"
"6018403",371836,2025-07-25 12:54:08,43.3203887939453,-8.89930152893066,"Male"
"6018403",371836,2025-07-25 12:59:07,43.3163452148438,-8.86837577819824,"Male"
"6018403",371836,2025-07-25 13:04:10,43.3154106140137,-8.86056709289551,"Male"
"6018403",371836,2025-07-25 13:09:07,43.3135566711426,-8.85751438140869,"Male"
"6018403",371836,2025-07-25 13:14:10,43.3135299682617,-8.8573522567749,"Male"
"6018403",371836,2025-07-25 13:19:35,43.3138313293457,-8.85728073120117,"Male"
"6018403",371836,2025-07-25 13:24:07,43.3231925964355,-8.84732341766357,"Male"
"6018403",371836,2025-07-25 13:29:07,43.3414077758789,-8.84111976623535,"Male"
"6018403",371836,2025-07-25 13:34:06,43.3530082702637,-8.84724807739258,"Male"
"6018403",371836,2025-07-25 13:39:07,43.3577041625977,-8.84422397613525,"Male"
"6018403",371836,2025-07-25 13:44:07,43.3578147888184,-8.84429359436035,"Male"
"6018403",371836,2025-07-25 13:49:08,43.357780456543,-8.84426403045654,"Male"
"6018403",371836,2025-07-25 13:54:07,43.3576469421387,-8.84411716461182,"Male"
"6018403",371836,2025-07-25 13:59:07,43.357551574707,-8.84416007995605,"Male"
"6018403",371836,2025-07-25 14:04:08,43.3577690124512,-8.8443078994751,"Male"
"6018403",371836,2025-07-25 14:09:12,43.357608795166,-8.84414005279541,"Male"
"6018403",371836,2025-07-25 14:14:12,43.3576316833496,-8.84398078918457,"Male"
"6018403",371836,2025-07-25 14:19:11,43.3575439453125,-8.84385204315186,"Male"
"6018403",371836,2025-07-25 14:24:11,43.3577537536621,-8.84420680999756,"Male"
"6018403",371836,2025-07-25 14:29:13,43.3576889038086,-8.84406471252441,"Male"
"6018403",371836,2025-07-25 14:34:10,43.3575553894043,-8.84390735626221,"Male"
"6018403",371836,2025-07-25 14:39:12,43.3640937805176,-8.8336009979248,"Male"
"6018403",371836,2025-07-25 14:44:18,43.3605690002441,-8.82124805450439,"Male"
"6018403",371836,2025-07-25 14:49:09,43.3603668212891,-8.82863235473633,"Male"
"6018403",371836,2025-07-25 14:54:17,43.3576393127441,-8.84407901763916,"Male"
"6018403",371836,2025-07-25 14:59:20,43.3576278686523,-8.84402942657471,"Male"
"6018403",371836,2025-07-25 15:04:19,43.3576240539551,-8.84406280517578,"Male"
"6018403",371836,2025-07-25 15:09:35,43.357593536377,-8.84412574768066,"Male"
"6018403",371836,2025-07-25 15:14:08,43.3572692871094,-8.84409332275391,"Male"
"6018403",371836,2025-07-25 15:19:11,43.3575286865234,-8.84400844573975,"Male"
"6018403",371836,2025-07-25 15:24:07,43.3576316833496,-8.84417343139648,"Male"
"6018403",371836,2025-07-25 15:29:08,43.3577041625977,-8.84410381317139,"Male"
"6018403",371836,2025-07-25 15:34:09,43.3575744628906,-8.84412574768066,"Male"
"6018403",371836,2025-07-25 15:39:07,43.3576126098633,-8.84407711029053,"Male"
"6018403",371836,2025-07-25 15:44:07,43.3576545715332,-8.8441047668457,"Male"
"6018403",371836,2025-07-25 15:49:07,43.357608795166,-8.84412670135498,"Male"
"6018403",371836,2025-07-25 15:54:16,43.3576278686523,-8.84409999847412,"Male"
"6018403",371836,2025-07-25 15:59:07,43.3577766418457,-8.84423160552979,"Male"
"6018403",371836,2025-07-25 16:04:07,43.3578453063965,-8.844313621521,"Male"
"6018403",371836,2025-07-25 16:09:07,43.3577079772949,-8.84420394897461,"Male"
"6018403",371836,2025-07-25 16:14:08,43.3577041625977,-8.84427642822266,"Male"
"6018403",371836,2025-07-25 16:19:07,43.3576736450195,-8.84430027008057,"Male"
"6018403",371836,2025-07-25 16:24:08,43.3575973510742,-8.84421157836914,"Male"
"6018403",371836,2025-07-25 16:29:12,43.3576393127441,-8.84427165985107,"Male"
"6018403",371836,2025-07-25 16:34:09,43.3588218688965,-8.84367084503174,"Male"
"6018403",371836,2025-07-25 16:39:19,43.3653907775879,-8.83233451843262,"Male"
"6018403",371836,2025-07-25 16:44:06,43.3676376342773,-8.82880878448486,"Male"
"6018403",371836,2025-07-25 16:49:19,43.3609199523926,-8.83683013916016,"Male"
"6018403",371836,2025-07-25 16:54:12,43.3574714660645,-8.84392929077148,"Male"
"6018403",371836,2025-07-25 16:59:22,43.3575897216797,-8.84400844573975,"Male"
"6018403",371836,2025-07-25 17:04:07,43.3578071594238,-8.84488201141357,"Male"
"6018403",371836,2025-07-25 17:09:35,43.3578414916992,-8.84382057189941,"Male"
"6018403",371836,2025-07-25 17:14:09,43.3590354919434,-8.83216667175293,"Male"
"6018403",371836,2025-07-25 17:19:07,43.3572158813477,-8.84352970123291,"Male"
"6018403",371836,2025-07-25 17:24:12,43.357723236084,-8.8436279296875,"Male"
"6018403",371836,2025-07-25 17:29:09,43.357795715332,-8.84481430053711,"Male"
"6018403",371836,2025-07-25 17:34:11,43.3616943359375,-8.83941555023193,"Male"
"6018403",371836,2025-07-25 17:39:08,43.3581008911133,-8.8316125869751,"Male"
"6018403",371836,2025-07-25 17:44:08,43.358325958252,-8.83132743835449,"Male"
"6018403",371836,2025-07-25 17:49:10,43.3584289550781,-8.83191871643066,"Male"
"6018403",371836,2025-07-25 17:54:08,43.3588943481445,-8.8318567276001,"Male"
"6018403",371836,2025-07-25 17:59:09,43.3577995300293,-8.84431838989258,"Male"
"6018403",371836,2025-07-25 18:04:11,43.3575248718262,-8.8439359664917,"Male"
"6018403",371836,2025-07-25 18:09:35,43.3577194213867,-8.84470176696777,"Male"
"6018403",371836,2025-07-25 18:14:06,43.357795715332,-8.84467506408691,"Male"
"6018403",371836,2025-07-25 18:19:06,43.3577461242676,-8.84464263916016,"Male"
"6018403",371836,2025-07-25 18:24:07,43.3576583862305,-8.84473896026611,"Male"
"6018403",371836,2025-07-25 18:29:08,43.3577003479004,-8.84477710723877,"Male"
"6018403",371836,2025-07-25 18:34:07,43.3576240539551,-8.84471035003662,"Male"
"6018403",371836,2025-07-25 18:39:07,43.357666015625,-8.84425258636475,"Male"
"6018403",371836,2025-07-25 18:44:12,43.3576393127441,-8.8447732925415,"Male"
"6018403",371836,2025-07-25 18:49:10,43.3577003479004,-8.84460926055908,"Male"
"6018403",371836,2025-07-25 18:54:08,43.3579025268555,-8.84440803527832,"Male"
"6018403",371836,2025-07-25 18:59:10,43.3578910827637,-8.84482574462891,"Male"
"6018403",371836,2025-07-25 19:04:10,43.3575859069824,-8.84438037872314,"Male"
"6018403",371836,2025-07-25 19:09:14,43.3581581115723,-8.84477615356445,"Male"
"6018403",371836,2025-07-25 19:14:07,43.3577728271484,-8.84481716156006,"Male"
"6018403",371836,2025-07-25 19:19:19,43.3575897216797,-8.84409141540527,"Male"
"6018403",371836,2025-07-25 19:24:09,43.3579978942871,-8.84491729736328,"Male"
"6018403",371836,2025-07-25 19:29:10,43.357307434082,-8.8436918258667,"Male"
"6018403",371836,2025-07-25 19:34:10,43.3572578430176,-8.84360027313232,"Male"
"6018403",371836,2025-07-25 19:39:20,43.3576164245605,-8.84403133392334,"Male"
"6018403",371836,2025-07-25 19:44:09,43.3574752807617,-8.8438549041748,"Male"
"6018403",371836,2025-07-25 19:49:07,43.3575286865234,-8.8438892364502,"Male"
"6018403",371836,2025-07-25 19:54:11,43.3576393127441,-8.84389686584473,"Male"
"6018403",371836,2025-07-25 19:59:08,43.3575134277344,-8.84390354156494,"Male"
"6018403",371836,2025-07-25 20:04:35,43.3575859069824,-8.84403514862061,"Male"
"6018403",371836,2025-07-25 20:09:07,43.3575401306152,-8.84402847290039,"Male"
"6018403",371836,2025-07-25 20:14:06,43.3575706481934,-8.84397506713867,"Male"
"6018403",371836,2025-07-25 20:19:06,43.3575859069824,-8.84390354156494,"Male"
"6018403",371836,2025-07-25 20:24:07,43.357536315918,-8.84412479400635,"Male"
"6018403",371836,2025-07-25 20:29:08,43.3576507568359,-8.84393119812012,"Male"
"6018403",371836,2025-07-25 20:39:08,43.357593536377,-8.84407615661621,"Male"
"6018403",371836,2025-07-25 20:49:12,43.357593536377,-8.84404850006104,"Male"
"6018403",371836,2025-07-25 20:59:10,43.357551574707,-8.84412002563477,"Male"
"6018403",371836,2025-07-25 21:09:08,43.3575553894043,-8.84403038024902,"Male"
"6018403",371836,2025-07-25 21:19:07,43.3575820922852,-8.84413719177246,"Male"
"6018403",371836,2025-07-25 21:29:09,43.3576545715332,-8.84401798248291,"Male"
"6018403",371836,2025-07-25 21:39:11,43.3579521179199,-8.84371757507324,"Male"
"6018403",371836,2025-07-25 21:49:12,43.3576622009277,-8.84402656555176,"Male"
"6018403",371836,2025-07-25 21:59:33,43.3576126098633,-8.84401607513428,"Male"
"6018403",371836,2025-07-25 22:09:33,43.3576164245605,-8.84402942657471,"Male"
"6018403",371836,2025-07-25 22:19:07,43.3575782775879,-8.84403228759766,"Male"
"6018403",371836,2025-07-25 22:29:07,43.357723236084,-8.8441276550293,"Male"
"6018403",371836,2025-07-25 22:39:07,43.3576316833496,-8.84415435791016,"Male"
"6018403",371836,2025-07-25 22:49:35,43.3576126098633,-8.84406280517578,"Male"
"6018403",371836,2025-07-25 22:59:06,43.3578338623047,-8.84379959106445,"Male"
"6018403",371836,2025-07-25 23:09:09,43.3576812744141,-8.84395313262939,"Male"
"6018403",371836,2025-07-25 23:19:11,43.3578910827637,-8.84400081634521,"Male"
"6018403",371836,2025-07-25 23:29:08,43.3576812744141,-8.84405517578125,"Male"
"6018403",371836,2025-07-25 23:39:08,43.3578758239746,-8.84407806396484,"Male"
"6018403",371836,2025-07-25 23:49:07,43.35791015625,-8.84416770935059,"Male"
"6018403",371836,2025-07-25 23:59:13,43.3578147888184,-8.8441104888916,"Male"
"6018403",371836,2025-07-26 00:09:35,43.3576164245605,-8.8440637588501,"Male"
"6018403",371836,2025-07-26 00:19:06,43.357608795166,-8.8441686630249,"Male"
"6018403",371836,2025-07-26 00:29:08,43.3576202392578,-8.84405422210693,"Male"
"6018403",371836,2025-07-26 00:39:07,43.3577308654785,-8.84414482116699,"Male"
"6018403",371836,2025-07-26 00:49:08,43.3576774597168,-8.84413242340088,"Male"
"6018403",371836,2025-07-26 00:59:08,43.3578605651855,-8.844313621521,"Male"
"6018403",371836,2025-07-26 01:09:08,43.3574638366699,-8.84399890899658,"Male"
"6018403",371836,2025-07-26 01:19:11,43.3576202392578,-8.8441686630249,"Male"
"6018403",371836,2025-07-26 01:29:19,43.3576545715332,-8.84401416778564,"Male"
"6018403",371836,2025-07-26 01:39:19,43.3576507568359,-8.84411716461182,"Male"
"6018403",371836,2025-07-26 01:49:13,43.3580703735352,-8.84482669830322,"Male"
"6018403",371836,2025-07-26 01:59:14,43.3576583862305,-8.84411525726318,"Male"
"6018403",371836,2025-07-26 02:09:35,43.3576316833496,-8.84405136108398,"Male"
"6018403",371836,2025-07-26 02:19:08,43.3577194213867,-8.84412479400635,"Male"
"6018403",371836,2025-07-26 02:29:35,43.3576202392578,-8.84409999847412,"Male"
"6018403",371836,2025-07-26 02:39:06,43.3576011657715,-8.84408664703369,"Male"
"6018403",371836,2025-07-26 02:49:06,43.3575859069824,-8.84414577484131,"Male"
"6018403",371836,2025-07-26 02:59:06,43.3575057983398,-8.84420204162598,"Male"
"6018403",371836,2025-07-26 03:09:07,43.3576583862305,-8.84410858154297,"Male"
"6018403",371836,2025-07-26 03:19:09,43.3576545715332,-8.84406757354736,"Male"
"6018403",371836,2025-07-26 03:29:35,43.3575820922852,-8.84414386749268,"Male"
"6018403",371836,2025-07-26 03:39:07,43.3576049804688,-8.84404945373535,"Male"
"6018403",371836,2025-07-26 03:49:07,43.3577537536621,-8.84415149688721,"Male"
"6018403",371836,2025-07-26 03:59:07,43.3577117919922,-8.84428596496582,"Male"
"6018403",371836,2025-07-26 04:09:07,43.3576278686523,-8.84417343139648,"Male"
"6018403",371836,2025-07-26 04:19:08,43.3576622009277,-8.84405136108398,"Male"
"6018403",371836,2025-07-26 04:29:08,43.3579559326172,-8.84469509124756,"Male"
"6018403",371836,2025-07-26 04:39:07,43.3676414489746,-8.83407783508301,"Male"
"6018403",371836,2025-07-26 04:49:07,43.3698463439941,-8.83110237121582,"Male"
"6018403",371836,2025-07-26 04:59:14,43.3576622009277,-8.84407043457031,"Male"
"6018403",371836,2025-07-26 05:09:10,43.3575477600098,-8.84407138824463,"Male"
"6018403",371836,2025-07-26 05:19:10,43.3576965332031,-8.84415817260742,"Male"
"6018403",371836,2025-07-26 05:29:07,43.3578033447266,-8.84487342834473,"Male"
"6018403",371836,2025-07-26 05:39:09,43.3578872680664,-8.84454822540283,"Male"
"6018403",371836,2025-07-26 05:49:07,43.3576240539551,-8.84362697601318,"Male"
"6018403",371836,2025-07-26 05:59:34,43.3576011657715,-8.84409046173096,"Male"
"6018403",371836,2025-07-26 06:09:07,43.3574676513672,-8.84421730041504,"Male"
"6018403",371836,2025-07-26 06:19:07,43.3575439453125,-8.84401321411133,"Male"
"6018403",371836,2025-07-26 06:29:07,43.3574600219727,-8.84395885467529,"Male"
"6018403",371836,2025-07-26 06:39:09,43.3577041625977,-8.84447765350342,"Male"
"6018403",371836,2025-07-26 06:49:08,43.3582763671875,-8.84529972076416,"Male"
"6018403",371836,2025-07-26 06:59:11,43.3578224182129,-8.84497547149658,"Male"
"6018403",371836,2025-07-26 07:09:21,43.3573379516602,-8.84422588348389,"Male"
"6018403",371836,2025-07-26 07:19:10,43.3577308654785,-8.84461498260498,"Male"
"6018403",371836,2025-07-26 07:29:35,43.3576393127441,-8.84414196014404,"Male"
"6018403",371836,2025-07-26 07:39:06,43.3577575683594,-8.84418487548828,"Male"
"6018403",371836,2025-07-26 07:49:08,43.3576736450195,-8.84410190582275,"Male"
"6018403",371836,2025-07-26 07:59:09,43.3577423095703,-8.84403705596924,"Male"
"6018403",371836,2025-07-26 08:09:08,43.357780456543,-8.84403514862061,"Male"
"6018403",371836,2025-07-26 08:19:06,43.3621139526367,-8.80015850067139,"Male"
"6018403",371836,2025-07-26 08:29:07,43.3648452758789,-8.73686790466309,"Male"
"6018403",371836,2025-07-26 08:39:07,43.3517532348633,-8.69003582000732,"Male"
"6018403",371836,2025-07-26 08:49:07,43.3186721801758,-8.69244956970215,"Male"
"6018403",371836,2025-07-26 08:59:35,43.2941513061523,-8.73310470581055,"Male"
"6018403",371836,2025-07-26 09:09:11,43.2940216064453,-8.74568462371826,"Male"
"6018403",371836,2025-07-26 09:19:22,43.2942161560059,-8.74571990966797,"Male"
"6018403",371836,2025-07-26 09:29:35,43.3082580566406,-8.79116630554199,"Male"
"6018403",371836,2025-07-26 09:39:08,43.3477172851562,-8.83904552459717,"Male"
"6018403",371836,2025-07-26 09:49:07,43.3578224182129,-8.84416770935059,"Male"
"6018403",371836,2025-07-26 09:59:07,43.3576354980469,-8.84407234191895,"Male"
"6018403",371836,2025-07-26 10:09:19,43.3576049804688,-8.84407901763916,"Male"
"6018403",371836,2025-07-26 10:19:32,43.3575820922852,-8.84414577484131,"Male"
"6018403",371836,2025-07-26 10:29:35,43.357593536377,-8.84411811828613,"Male"
"6018403",371836,2025-07-26 10:39:06,43.3575859069824,-8.84402656555176,"Male"
"6018403",371836,2025-07-26 10:49:06,43.357723236084,-8.84494495391846,"Male"
"6018403",371836,2025-07-26 10:59:09,43.3575019836426,-8.84431171417236,"Male"
"6018403",371836,2025-07-26 11:09:06,43.3575820922852,-8.84420490264893,"Male"
"6018403",371836,2025-07-26 11:19:06,43.3576278686523,-8.8441858291626,"Male"
"6018403",371836,2025-07-26 11:29:06,43.3575668334961,-8.84412574768066,"Male"
"6018403",371836,2025-07-26 11:39:08,43.3575592041016,-8.84415531158447,"Male"
"6018403",371836,2025-07-26 11:50:30,43.367015838623,-8.8276891708374,"Male"
"6018403",371836,2025-07-26 11:59:35,43.357608795166,-8.84417629241943,"Male"
"6018403",371836,2025-07-26 12:09:06,43.3575706481934,-8.84417533874512,"Male"
"6018403",371836,2025-07-26 12:19:07,43.3576011657715,-8.84420204162598,"Male"
"6018403",371836,2025-07-26 12:29:08,43.3575897216797,-8.84415435791016,"Male"
"6018403",371836,2025-07-26 12:39:08,43.3576545715332,-8.84411716461182,"Male"
"6018403",371836,2025-07-26 12:49:08,43.3576240539551,-8.84415721893311,"Male"
"6018403",371836,2025-07-26 12:59:14,43.3577537536621,-8.84431457519531,"Male"
"6018403",371836,2025-07-26 13:09:14,43.3577194213867,-8.84427928924561,"Male"
"6018403",371836,2025-07-26 13:19:35,43.3575668334961,-8.8441047668457,"Male"
"6018403",371836,2025-07-26 13:29:07,43.3577575683594,-8.84433078765869,"Male"
"6018403",371836,2025-07-26 13:39:10,43.3670692443848,-8.84359359741211,"Male"
"6018403",371836,2025-07-26 13:49:07,43.4019966125488,-8.85041904449463,"Male"
"6018403",371836,2025-07-26 13:59:08,43.4416847229004,-8.86635589599609,"Male"
"6018403",371836,2025-07-26 14:09:15,43.4740371704102,-8.92233753204346,"Male"
"6018403",371836,2025-07-26 14:19:16,43.509895324707,-8.97929286956787,"Male"
"6018403",371836,2025-07-26 14:29:13,43.5461006164551,-9.02374649047852,"Male"
"6018403",371836,2025-07-26 14:39:11,43.5796737670898,-9.04861068725586,"Male"
"6018403",371836,2025-07-26 14:49:10,43.617301940918,-9.04813957214355,"Male"
"6018403",371836,2025-07-26 14:59:12,43.6483726501465,-9.03909397125244,"Male"
"6018403",371836,2025-07-26 15:09:10,43.6619682312012,-8.9976921081543,"Male"
"6018403",371836,2025-07-26 15:19:09,43.6752433776855,-8.94763088226318,"Male"
"6018403",371836,2025-07-26 15:29:10,43.6824188232422,-8.90009021759033,"Male"
"6018403",371836,2025-07-26 15:39:11,43.6925354003906,-8.84680080413818,"Male"
"6018403",371836,2025-07-26 15:49:12,43.7123527526855,-8.80625343322754,"Male"
"6018403",371836,2025-07-26 15:59:11,43.7316741943359,-8.79482746124268,"Male"
"6018403",371836,2025-07-26 16:09:56,43.7397994995117,-8.78285312652588,"Male"
"6018403",371836,2025-07-26 16:19:11,43.7481079101562,-8.75280857086182,"Male"
"6018403",371836,2025-07-26 16:29:35,43.7740821838379,-8.7574634552002,"Male"
"6018403",371836,2025-07-26 16:39:09,43.7893295288086,-8.78434562683105,"Male"
"6018403",371836,2025-07-26 16:49:09,43.7952651977539,-8.79672431945801,"Male"
"6018403",371836,2025-07-26 16:59:11,43.7685928344727,-8.81192779541016,"Male"
"6018403",371836,2025-07-26 17:09:35,43.7278099060059,-8.84833717346191,"Male"
"6018403",371836,2025-07-26 17:19:11,43.6613731384277,-8.83127593994141,"Male"
"6018403",371836,2025-07-26 17:29:11,43.5636672973633,-8.83337020874023,"Male"
"6018403",371836,2025-07-26 17:39:15,43.4585151672363,-8.84322738647461,"Male"
"6018403",371836,2025-07-26 17:49:18,43.357551574707,-8.84392738342285,"Male"
"6018403",371836,2025-07-26 17:59:18,43.3575820922852,-8.84415817260742,"Male"
"6018403",371836,2025-07-26 18:09:35,43.3575897216797,-8.84410095214844,"Male"
"6018403",371836,2025-07-26 18:19:07,43.3576240539551,-8.84408378601074,"Male"
"6018403",371836,2025-07-26 18:29:09,43.3578681945801,-8.84475135803223,"Male"
"6018403",371836,2025-07-26 18:39:11,43.3582916259766,-8.8450984954834,"Male"
"6018403",371836,2025-07-26 18:49:13,43.3575859069824,-8.8441915512085,"Male"
"6018403",371836,2025-07-26 18:59:12,43.357738494873,-8.84416103363037,"Male"
"6018403",371836,2025-07-26 19:09:17,43.3575401306152,-8.84399127960205,"Male"
"6018403",371836,2025-07-26 19:19:17,43.3575553894043,-8.84398937225342,"Male"
"6018403",371836,2025-07-26 19:29:44,43.3576240539551,-8.84414672851562,"Male"
"6018403",371836,2025-07-26 19:39:12,43.3574676513672,-8.84412384033203,"Male"
"6018403",371836,2025-07-26 19:49:35,43.3575782775879,-8.84403419494629,"Male"
"6018403",371836,2025-07-26 19:59:09,43.3575668334961,-8.8440637588501,"Male"
"6018403",371836,2025-07-26 20:09:09,43.357593536377,-8.84403610229492,"Male"
"6018403",371836,2025-07-26 20:19:11,43.357608795166,-8.84387874603271,"Male"
"6018403",371836,2025-07-26 20:29:09,43.3574981689453,-8.84424304962158,"Male"
"6018403",371836,2025-07-26 20:39:08,43.3575401306152,-8.84409999847412,"Male"
"6018403",371836,2025-07-26 20:49:13,43.3575592041016,-8.84415626525879,"Male"
"6018403",371836,2025-07-26 20:59:12,43.3575973510742,-8.84396934509277,"Male"
"6018403",371836,2025-07-26 21:09:10,43.357479095459,-8.84400749206543,"Male"
"6018403",371836,2025-07-26 21:19:09,43.3575820922852,-8.84407901763916,"Male"
"6018403",371836,2025-07-26 21:29:10,43.3576431274414,-8.84403133392334,"Male"
"6018403",371836,2025-07-26 21:39:11,43.3577308654785,-8.84396743774414,"Male"
"6018403",371836,2025-07-26 21:49:26,43.3577575683594,-8.84401607513428,"Male"
"6018403",371836,2025-07-26 21:59:21,43.3576889038086,-8.84415435791016,"Male"
"6018403",371836,2025-07-26 22:09:35,43.3576889038086,-8.84403991699219,"Male"
"6018403",371836,2025-07-26 22:19:09,43.3576469421387,-8.84411239624023,"Male"
"6018403",371836,2025-07-26 22:29:09,43.3576164245605,-8.844162940979,"Male"
"6018403",371836,2025-07-26 22:39:09,43.3576278686523,-8.84404850006104,"Male"
"6018403",371836,2025-07-26 22:49:11,43.3576965332031,-8.84405708312988,"Male"
"6018403",371836,2025-07-26 22:59:12,43.3575820922852,-8.84408855438232,"Male"
"6018403",371836,2025-07-26 23:09:09,43.3577842712402,-8.84396839141846,"Male"
"6018403",371836,2025-07-26 23:19:18,43.3576583862305,-8.84404563903809,"Male"
"6018403",371836,2025-07-26 23:29:17,43.3576240539551,-8.84408664703369,"Male"
"6018403",371836,2025-07-26 23:39:18,43.3575286865234,-8.84403800964355,"Male"
"6018403",371836,2025-07-26 23:49:16,43.3574714660645,-8.84403610229492,"Male"
"6018403",371836,2025-07-26 23:59:17,43.357421875,-8.84403324127197,"Male"
"6018403",371836,2025-07-27 00:09:35,43.3576278686523,-8.84412288665771,"Male"
"6018403",371836,2025-07-27 00:19:10,43.3577499389648,-8.84419441223145,"Male"
"6018403",371836,2025-07-27 00:29:09,43.3575592041016,-8.84406471252441,"Male"
"6018403",371836,2025-07-27 00:39:10,43.3575401306152,-8.8440580368042,"Male"
"6018403",371836,2025-07-27 00:49:09,43.3576049804688,-8.84410953521729,"Male"
"6018403",371836,2025-07-27 00:59:12,43.357593536377,-8.84408283233643,"Male"
"6018403",371836,2025-07-27 01:09:10,43.3576812744141,-8.84417247772217,"Male"
"6018403",371836,2025-07-27 01:19:09,43.3575401306152,-8.84401321411133,"Male"
"6018403",371836,2025-07-27 01:29:10,43.3577003479004,-8.84415435791016,"Male"
"6018403",371836,2025-07-27 01:39:10,43.357738494873,-8.84416961669922,"Male"
"6018403",371836,2025-07-27 01:49:10,43.3577919006348,-8.84422016143799,"Male"
"6018403",371836,2025-07-27 01:59:35,43.3576126098633,-8.84416961669922,"Male"
"6018403",371836,2025-07-27 02:09:15,43.357593536377,-8.84416103363037,"Male"
"6018403",371836,2025-07-27 02:19:18,43.357723236084,-8.84389495849609,"Male"
"6018403",371836,2025-07-27 02:29:16,43.357666015625,-8.84401988983154,"Male"
"6018403",371836,2025-07-27 02:39:13,43.3576316833496,-8.84420394897461,"Male"
"6018403",371836,2025-07-27 02:49:17,43.3576774597168,-8.84407901763916,"Male"
"6018403",371836,2025-07-27 02:59:12,43.3577117919922,-8.84427356719971,"Male"
"6018403",371836,2025-07-27 03:09:11,43.3577270507812,-8.84419441223145,"Male"
"6018403",371836,2025-07-27 03:19:22,43.3576583862305,-8.8440637588501,"Male"
"6018403",371836,2025-07-27 03:29:22,43.3576164245605,-8.84402751922607,"Male"
"6018403",371836,2025-07-27 03:39:21,43.3576698303223,-8.84404563903809,"Male"
"6018403",371836,2025-07-27 03:49:35,43.3576240539551,-8.84411144256592,"Male"
"6018403",371836,2025-07-27 03:59:09,43.3578033447266,-8.8442211151123,"Male"
"6018403",371836,2025-07-27 04:09:09,43.3578300476074,-8.84415721893311,"Male"
"6018403",371836,2025-07-27 04:19:10,43.3577194213867,-8.84417343139648,"Male"
"6018403",371836,2025-07-27 04:29:13,43.3575553894043,-8.84433269500732,"Male"
"6018403",371836,2025-07-27 04:39:18,43.357536315918,-8.84425449371338,"Male"
"6018403",371836,2025-07-27 04:49:19,43.3573112487793,-8.84426879882812,"Male"
"6018403",371836,2025-07-27 04:59:18,43.3656349182129,-8.82285404205322,"Male"
"6018403",371836,2025-07-27 05:09:41,43.3397636413574,-8.85240459442139,"Male"
"6018403",371836,2025-07-27 05:19:18,43.3577079772949,-8.84498023986816,"Male"
"6018403",371836,2025-07-27 05:29:20,43.3578414916992,-8.84487152099609,"Male"
"6018403",371836,2025-07-27 05:39:13,43.3575248718262,-8.84456920623779,"Male"
"6018403",371836,2025-07-27 05:49:42,43.3574600219727,-8.84422016143799,"Male"
"6018403",371836,2025-07-27 05:59:10,43.3574638366699,-8.84419536590576,"Male"
"6018403",371836,2025-07-27 06:09:09,43.3576202392578,-8.84431838989258,"Male"
"6018403",371836,2025-07-27 06:19:10,43.3572807312012,-8.84414100646973,"Male"
"6018403",371836,2025-07-27 06:29:16,43.357364654541,-8.84411811828613,"Male"
"6018403",371836,2025-07-27 06:39:11,43.357292175293,-8.84431171417236,"Male"
"6018403",371836,2025-07-27 06:49:35,43.3575973510742,-8.84415435791016,"Male"
"6018403",371836,2025-07-27 06:59:09,43.357608795166,-8.84419345855713,"Male"
"6018403",371836,2025-07-27 07:09:09,43.3576889038086,-8.84420967102051,"Male"
"6018403",371836,2025-07-27 07:19:12,43.3577117919922,-8.84420680999756,"Male"
"6018403",371836,2025-07-27 07:29:11,43.3575325012207,-8.84399700164795,"Male"
"6018403",371836,2025-07-27 07:39:08,43.3577537536621,-8.84438323974609,"Male"
"6018403",371836,2025-07-27 07:49:09,43.3576889038086,-8.84432601928711,"Male"
"6018403",371836,2025-07-27 07:59:12,43.3575019836426,-8.84531402587891,"Male"
"6018403",371836,2025-07-27 08:09:35,43.3576507568359,-8.84426307678223,"Male"
"6018403",371836,2025-07-27 08:19:18,43.3576927185059,-8.84407424926758,"Male"
"6018403",371836,2025-07-27 08:29:13,43.3661308288574,-8.86819362640381,"Male"
"6018403",371836,2025-07-27 08:39:12,43.3858299255371,-8.94848155975342,"Male"
"6018403",371836,2025-07-27 08:49:12,43.3788414001465,-9.0202522277832,"Male"
"6018403",371836,2025-07-27 08:59:11,43.371753692627,-9.09087562561035,"Male"
"6018403",371836,2025-07-27 09:10:03,43.3659820556641,-9.16566181182861,"Male"
"6018403",371836,2025-07-27 09:19:12,43.3864593505859,-9.18898487091064,"Male"
"6018403",371836,2025-07-27 09:30:23,43.4043502807617,-9.21542072296143,"Male"
"6018403",371836,2025-07-27 09:39:10,43.3774948120117,-9.13741970062256,"Male"
"6018403",371836,2025-07-27 09:49:09,43.3435897827148,-9.07065868377686,"Male"
"6018403",371836,2025-07-27 09:59:12,43.3209190368652,-9.00419425964355,"Male"
"6018403",371836,2025-07-27 10:09:09,43.329231262207,-8.93199729919434,"Male"
"6018403",371836,2025-07-27 10:19:10,43.3527030944824,-8.86214065551758,"Male"
"6018403",371836,2025-07-27 10:29:36,43.3577613830566,-8.84478187561035,"Male"
"6018403",371836,2025-07-27 10:39:11,43.3590621948242,-8.84546184539795,"Male"
"6018403",371836,2025-07-27 10:49:15,43.3576164245605,-8.84410572052002,"Male"
"6018403",371836,2025-07-27 10:59:09,43.357292175293,-8.845534324646,"Male"
"6018403",371836,2025-07-27 11:09:09,43.3578186035156,-8.84521770477295,"Male"
"6018403",371836,2025-07-27 11:19:12,43.357593536377,-8.84427070617676,"Male"
"6018403",371836,2025-07-27 11:29:11,43.3575706481934,-8.84419059753418,"Male"
"6018403",371836,2025-07-27 11:39:12,43.3586158752441,-8.8453893661499,"Male"
"6018403",371836,2025-07-27 11:49:11,43.3586540222168,-8.84528923034668,"Male"
"6018403",371836,2025-07-27 11:59:13,43.3586006164551,-8.84519958496094,"Male"
"6018403",371836,2025-07-27 12:09:09,43.3587532043457,-8.84551811218262,"Male"
"6018403",371836,2025-07-27 12:19:13,43.357608795166,-8.84409999847412,"Male"
"6018403",371836,2025-07-27 12:29:09,43.3577423095703,-8.84431552886963,"Male"
"6018403",371836,2025-07-27 12:39:11,43.3574638366699,-8.84402751922607,"Male"
"6018403",371836,2025-07-27 12:49:24,43.357536315918,-8.84417533874512,"Male"
"6018403",371836,2025-07-27 12:59:11,43.3577079772949,-8.84415912628174,"Male"
"6018403",371836,2025-07-27 13:09:44,43.3581695556641,-8.845534324646,"Male"
"6018403",371836,2025-07-27 13:19:11,43.3575553894043,-8.84412479400635,"Male"
"6018403",371836,2025-07-27 13:29:19,43.3576354980469,-8.84424686431885,"Male"
"6018403",371836,2025-07-27 13:39:18,43.3575630187988,-8.84409427642822,"Male"
"6018403",371836,2025-07-27 13:49:35,43.3577423095703,-8.84479141235352,"Male"
"6018403",371836,2025-07-27 13:59:11,43.3578567504883,-8.84467697143555,"Male"
"6018403",371836,2025-07-27 14:09:15,43.357837677002,-8.84470272064209,"Male"
"6018403",371836,2025-07-27 14:19:09,43.3581237792969,-8.8446102142334,"Male"
"6018403",371836,2025-07-27 14:29:09,43.3763236999512,-8.87924575805664,"Male"
"6018403",371836,2025-07-27 14:39:09,43.40380859375,-8.93614864349365,"Male"
"6018403",371836,2025-07-27 14:49:09,43.4032669067383,-9.00911998748779,"Male"
"6018403",371836,2025-07-27 14:59:09,43.4053344726562,-9.07653999328613,"Male"
"6018403",371836,2025-07-27 15:09:09,43.4204711914062,-9.1199197769165,"Male"
"6018403",371836,2025-07-27 15:19:09,43.435375213623,-9.15885734558105,"Male"
"6018403",371836,2025-07-27 15:29:10,43.4258613586426,-9.22212314605713,"Male"
"6018403",371836,2025-07-27 15:39:12,43.3987121582031,-9.26983547210693,"Male"
"6018403",371836,2025-07-27 15:49:12,43.3896980285645,-9.31946182250977,"Male"
"6018403",371836,2025-07-27 15:59:11,43.4068450927734,-9.32680225372314,"Male"
"6018403",371836,2025-07-27 16:09:59,43.4462738037109,-9.31696224212646,"Male"
"6018403",371836,2025-07-27 16:19:09,43.4067535400391,-9.36704158782959,"Male"
"6018403",371836,2025-07-27 16:29:11,43.3419075012207,-9.36718940734863,"Male"
"6018403",371836,2025-07-27 16:39:13,43.2809066772461,-9.40864658355713,"Male"
"6018403",371836,2025-07-27 16:49:20,43.222583770752,-9.44126892089844,"Male"
"6018403",371836,2025-07-27 16:59:18,43.2325592041016,-9.42441749572754,"Male"
"6018403",371836,2025-07-27 17:09:18,43.1833076477051,-9.35248851776123,"Male"
"6018403",371836,2025-07-27 17:19:18,43.1189002990723,-9.30045700073242,"Male"
"6018403",371836,2025-07-27 17:29:18,43.0456886291504,-9.29819679260254,"Male"
"6018403",371836,2025-07-27 17:39:17,43.0092697143555,-9.29452610015869,"Male"
"6018403",371836,2025-07-27 17:49:59,42.961311340332,-9.28590393066406,"Male"
"6018403",371836,2025-07-27 17:59:18,42.8947792053223,-9.28969573974609,"Male"
"6018403",371836,2025-07-27 18:09:21,42.8744621276855,-9.26274490356445,"Male"
"6018403",371836,2025-07-27 18:19:35,42.8315162658691,-9.23379230499268,"Male"
"6018403",371836,2025-07-27 18:29:12,42.8328056335449,-9.19745540618896,"Male"
"6018403",371836,2025-07-27 18:39:12,42.8311614990234,-9.19882106781006,"Male"
"6018403",371836,2025-07-27 18:49:10,42.8358917236328,-9.20198154449463,"Male"
"6018403",371836,2025-07-27 18:59:11,42.8340911865234,-9.20362854003906,"Male"
"6018403",371836,2025-07-27 19:10:02,42.8150520324707,-9.18424892425537,"Male"
"6018403",371836,2025-07-27 19:19:44,42.8082275390625,-9.17236042022705,"Male"
"6018403",371836,2025-07-27 19:29:11,42.8183441162109,-9.17144393920898,"Male"
"6018403",371836,2025-07-27 19:39:13,42.812801361084,-9.17024993896484,"Male"
"6018403",371836,2025-07-27 19:50:23,42.8055839538574,-9.17124176025391,"Male"
"6018403",371836,2025-07-27 19:59:10,42.8066673278809,-9.17330169677734,"Male"
"6018403",371836,2025-07-27 20:09:11,42.807918548584,-9.1718282699585,"Male"
"6018403",371836,2025-07-27 20:19:10,42.8229560852051,-9.18567657470703,"Male"
"6018403",371836,2025-07-27 20:29:13,42.8322372436523,-9.20400810241699,"Male"
"6018403",371836,2025-07-27 20:39:16,42.8316764831543,-9.20498752593994,"Male"
"6018403",371836,2025-07-27 20:49:35,42.8620414733887,-9.16923522949219,"Male"
"6018403",371836,2025-07-27 20:59:12,42.8620567321777,-9.16943740844727,"Male"
"6018403",371836,2025-07-27 21:09:11,42.8620414733887,-9.16913509368896,"Male"
"6018403",371836,2025-07-27 21:19:12,42.8620986938477,-9.16936588287354,"Male"
"6018403",371836,2025-07-27 21:29:18,42.8620758056641,-9.16928768157959,"Male"
"6018403",371836,2025-07-27 21:39:18,42.8620491027832,-9.1691780090332,"Male"
"6018403",371836,2025-07-27 21:49:35,42.862003326416,-9.16917896270752,"Male"
"6018403",371836,2025-07-27 21:59:09,42.8618354797363,-9.16875743865967,"Male"
"6018403",371836,2025-07-27 22:09:12,42.8620376586914,-9.16914844512939,"Male"
"6018403",371836,2025-07-27 22:19:16,42.8620796203613,-9.16918563842773,"Male"
"6018403",371836,2025-07-27 22:29:10,42.8621063232422,-9.16923522949219,"Male"
"6018403",371836,2025-07-27 22:39:17,42.8621597290039,-9.16919136047363,"Male"
"6018403",371836,2025-07-27 22:49:35,42.8620338439941,-9.1691837310791,"Male"
"6018403",371836,2025-07-27 22:59:10,42.8620529174805,-9.16921234130859,"Male"
"6018403",371836,2025-07-27 23:09:10,42.8621025085449,-9.1692533493042,"Male"
"6018403",371836,2025-07-27 23:19:10,42.8620567321777,-9.16915893554688,"Male"
"6018403",371836,2025-07-27 23:29:09,42.8620147705078,-9.16921710968018,"Male"
"6018403",371836,2025-07-27 23:39:12,42.8621025085449,-9.16924953460693,"Male"
"6018403",371836,2025-07-27 23:49:11,42.8620300292969,-9.16926574707031,"Male"
"6018403",371836,2025-07-27 23:59:11,42.8619918823242,-9.16916370391846,"Male"
"6018403",371836,2025-07-28 00:09:10,42.862060546875,-9.16928672790527,"Male"
"6018403",371836,2025-07-28 00:19:10,42.8621025085449,-9.16923522949219,"Male"
"6018403",371836,2025-07-28 00:29:10,42.862419128418,-9.16830539703369,"Male"
"6018403",371836,2025-07-28 00:39:09,42.8621482849121,-9.16815757751465,"Male"
"6018403",371836,2025-07-28 00:49:21,42.8623733520508,-9.16831207275391,"Male"
"6018403",371836,2025-07-28 00:59:17,42.8623466491699,-9.16830062866211,"Male"
"6018403",371836,2025-07-28 01:09:12,42.8623962402344,-9.16832733154297,"Male"
"6018403",371836,2025-07-28 01:19:16,42.862419128418,-9.16829013824463,"Male"
"6018403",371836,2025-07-28 01:29:11,42.8615798950195,-9.17189598083496,"Male"
"6018403",371836,2025-07-28 01:39:32,42.8343925476074,-9.18465518951416,"Male"
"6018403",371836,2025-07-28 01:49:11,42.8342666625977,-9.18567943572998,"Male"
"6018403",371836,2025-07-28 01:59:45,42.8345565795898,-9.1861515045166,"Male"
"6018403",371836,2025-07-28 02:09:35,42.8389892578125,-9.18405628204346,"Male"
"6018403",371836,2025-07-28 02:19:09,42.8640060424805,-9.16999626159668,"Male"
"6018403",371836,2025-07-28 02:29:20,42.8649749755859,-9.16899013519287,"Male"
"6018403",371836,2025-07-28 02:39:21,42.8651237487793,-9.16915893554688,"Male"
"6018403",371836,2025-07-28 02:49:35,42.8650894165039,-9.16922950744629,"Male"
"6018403",371836,2025-07-28 02:59:12,42.8649406433105,-9.16927719116211,"Male"
"6018403",371836,2025-07-28 03:09:16,42.8651390075684,-9.16922855377197,"Male"
"6018403",371836,2025-07-28 03:19:15,42.8652191162109,-9.16917324066162,"Male"
"6018403",371836,2025-07-28 03:29:18,42.8651733398438,-9.16943454742432,"Male"
"6018403",371836,2025-07-28 03:39:35,42.8651466369629,-9.16922473907471,"Male"
"6018403",371836,2025-07-28 03:49:18,42.8651847839355,-9.169264793396,"Male"
"6018403",371836,2025-07-28 03:59:19,42.8651084899902,-9.16908550262451,"Male"
"6018403",371836,2025-07-28 04:09:35,42.8650894165039,-9.1691780090332,"Male"
"6018403",371836,2025-07-28 04:19:28,42.8650321960449,-9.16893577575684,"Male"
"6018403",371836,2025-07-28 04:29:26,42.865177154541,-9.16927623748779,"Male"
"6018403",371836,2025-07-28 04:39:23,42.8425521850586,-9.18901824951172,"Male"
"6018403",371836,2025-07-28 04:49:57,42.8325729370117,-9.18850612640381,"Male"
"6018403",371836,2025-07-28 04:59:15,42.8282852172852,-9.1875524520874,"Male"
"6018403",371836,2025-07-28 05:09:18,42.8289413452148,-9.18741989135742,"Male"
"6018403",371836,2025-07-28 05:19:19,42.8240585327148,-9.18577575683594,"Male"
"6018403",371836,2025-07-28 05:29:44,42.8113136291504,-9.1190767288208,"Male"
"6018403",371836,2025-07-28 05:39:15,42.8300704956055,-9.10573959350586,"Male"
"6018403",371836,2025-07-28 05:49:44,42.844181060791,-9.10773372650146,"Male"
"6018403",371836,2025-07-28 06:00:07,42.8442649841309,-9.10783195495605,"Male"
"6018403",371836,2025-07-28 06:09:10,42.8443565368652,-9.10799980163574,"Male"
"6018403",371836,2025-07-28 06:19:44,42.8442459106445,-9.10776615142822,"Male"
"6018403",371836,2025-07-28 06:29:15,42.8441619873047,-9.10746479034424,"Male"
"6018403",371836,2025-07-28 06:39:19,42.8440322875977,-9.10821437835693,"Male"
"6018403",371836,2025-07-28 06:49:53,42.8443145751953,-9.10780620574951,"Male"
"6018403",371836,2025-07-28 06:59:10,42.8442878723145,-9.10763645172119,"Male"
"6018403",371836,2025-07-28 07:09:16,42.8443145751953,-9.10779857635498,"Male"
"6018403",371836,2025-07-28 07:19:35,42.8443145751953,-9.10780429840088,"Male"
"6018403",371836,2025-07-28 07:29:10,42.8443183898926,-9.10776233673096,"Male"
"6018403",371836,2025-07-28 07:39:09,42.8443336486816,-9.10776805877686,"Male"
"6018403",371836,2025-07-28 07:49:09,42.8442497253418,-9.10785579681396,"Male"
"6018403",371836,2025-07-28 07:59:09,42.8443298339844,-9.10782051086426,"Male"
"6018403",371836,2025-07-28 08:09:11,42.8443946838379,-9.10787773132324,"Male"
"6018403",371836,2025-07-28 08:19:15,42.8442993164062,-9.1069974899292,"Male"
"6018403",371836,2025-07-28 08:29:12,42.8442840576172,-9.10720157623291,"Male"
"6018403",371836,2025-07-28 08:39:18,42.8443450927734,-9.10720348358154,"Male"
"6018403",371836,2025-07-28 08:49:13,42.8443794250488,-9.10715961456299,"Male"
"6018403",371836,2025-07-28 08:59:12,42.844310760498,-9.10721588134766,"Male"
"6018403",371836,2025-07-28 09:09:11,42.8347244262695,-9.12505626678467,"Male"
"6018403",371836,2025-07-28 09:19:12,42.830249786377,-9.17940902709961,"Male"
"6018403",371836,2025-07-28 09:29:44,42.8301200866699,-9.18415546417236,"Male"
"6018403",371836,2025-07-28 09:39:09,42.8290252685547,-9.18569946289062,"Male"
"6018403",371836,2025-07-28 09:50:33,42.8397369384766,-9.16181564331055,"Male"
"6018403",371836,2025-07-28 09:59:11,42.8375091552734,-9.13082122802734,"Male"
"6018403",371836,2025-07-28 10:09:13,42.8451728820801,-9.107497215271,"Male"
"6018403",371836,2025-07-28 10:19:17,42.8452072143555,-9.10740947723389,"Male"
"6018403",371836,2025-07-28 10:29:19,42.8452377319336,-9.10740566253662,"Male"
"6018403",371836,2025-07-28 10:39:19,42.8452377319336,-9.10718154907227,"Male"
"6018403",371836,2025-07-28 10:49:18,42.8453826904297,-9.10713958740234,"Male"
"6018403",371836,2025-07-28 10:59:24,42.845401763916,-9.10718250274658,"Male"
"6018403",371836,2025-07-28 11:09:26,42.8454627990723,-9.10725402832031,"Male"
"6018403",371836,2025-07-28 11:19:35,42.8454093933105,-9.10711765289307,"Male"
"6018403",371836,2025-07-28 11:29:10,42.8454132080078,-9.10711574554443,"Male"
"6018403",371836,2025-07-28 11:39:09,42.8454780578613,-9.10693359375,"Male"
"6018403",371836,2025-07-28 11:49:09,42.845458984375,-9.10681629180908,"Male"
"6018403",371836,2025-07-28 11:59:09,42.8454780578613,-9.10697364807129,"Male"
"6018403",371836,2025-07-28 12:09:09,42.8454360961914,-9.10694026947021,"Male"
"6018403",371836,2025-07-28 12:19:09,42.845458984375,-9.10686016082764,"Male"
"6018403",371836,2025-07-28 12:29:12,42.8457412719727,-9.10696315765381,"Male"
"6018403",371836,2025-07-28 12:39:09,42.8455390930176,-9.10696125030518,"Male"
"6018403",371836,2025-07-28 12:49:13,42.8455085754395,-9.10685634613037,"Male"
"6018403",371836,2025-07-28 12:59:13,42.8455390930176,-9.10695457458496,"Male"
"6018403",371836,2025-07-28 13:09:11,42.8339042663574,-9.13510036468506,"Male"
"6018403",371836,2025-07-28 13:19:11,42.8308334350586,-9.18292236328125,"Male"
"6018403",371836,2025-07-28 13:29:39,42.8191604614258,-9.16409111022949,"Male"
"6018403",371836,2025-07-28 13:39:16,42.8080673217773,-9.12416934967041,"Male"
"6018403",371836,2025-07-28 13:50:05,42.8349075317383,-9.10787105560303,"Male"
"6018403",371836,2025-07-28 13:59:35,42.8456268310547,-9.10656070709229,"Male"
"6018403",371836,2025-07-28 14:09:16,42.8456420898438,-9.10654926300049,"Male"
"6018403",371836,2025-07-28 14:19:16,42.8456001281738,-9.10662078857422,"Male"
"6018403",371836,2025-07-28 14:29:09,42.8459930419922,-9.10758686065674,"Male"
"6018403",371836,2025-07-28 14:39:16,42.8462219238281,-9.10751819610596,"Male"
"6018403",371836,2025-07-28 14:49:15,42.8461151123047,-9.10752391815186,"Male"
"6018403",371836,2025-07-28 14:59:11,42.8461608886719,-9.10756778717041,"Male"
"6018403",371836,2025-07-28 15:09:11,42.8461380004883,-9.10766124725342,"Male"
"6018403",371836,2025-07-28 15:19:13,42.8458137512207,-9.10754013061523,"Male"
"6018403",371836,2025-07-28 15:29:22,42.8459548950195,-9.10725212097168,"Male"
"6018403",371836,2025-07-28 15:39:13,42.846019744873,-9.10765647888184,"Male"
"6018403",371836,2025-07-28 15:49:21,42.8461380004883,-9.10744857788086,"Male"
"6018403",371836,2025-07-28 15:59:33,42.847770690918,-9.11015319824219,"Male"
"6018403",371836,2025-07-28 16:09:11,42.8477783203125,-9.11035919189453,"Male"
"6018403",371836,2025-07-28 16:19:10,42.8359718322754,-9.14704132080078,"Male"
"6018403",371836,2025-07-28 16:29:09,42.8344650268555,-9.20415687561035,"Male"
"6018403",371836,2025-07-28 16:39:10,42.834789276123,-9.20263290405273,"Male"
"6018403",371836,2025-07-28 16:49:11,42.8341255187988,-9.20319175720215,"Male"
"6018403",371836,2025-07-28 16:59:11,42.8380584716797,-9.19940853118896,"Male"
"6018403",371836,2025-07-28 17:09:11,42.8657417297363,-9.17612552642822,"Male"
"6018403",371836,2025-07-28 17:19:13,42.8672561645508,-9.14529991149902,"Male"
"6018403",371836,2025-07-28 17:29:44,42.8672332763672,-9.14534950256348,"Male"
"6018403",371836,2025-07-28 17:39:10,42.8672294616699,-9.14536094665527,"Male"
"6018403",371836,2025-07-28 17:49:10,42.867359161377,-9.14563846588135,"Male"
"6018403",371836,2025-07-28 17:59:10,42.8674850463867,-9.14558792114258,"Male"
"6018403",371836,2025-07-28 18:09:10,42.8675308227539,-9.14558982849121,"Male"
"6018403",371836,2025-07-28 18:19:17,42.8675422668457,-9.14553070068359,"Male"
"6018403",371836,2025-07-28 18:29:12,42.8675003051758,-9.14563655853271,"Male"
"6018403",371836,2025-07-28 18:39:12,42.8675575256348,-9.14557552337646,"Male"
"6018403",371836,2025-07-28 18:49:16,42.8675842285156,-9.14558124542236,"Male"
"6018403",371836,2025-07-28 18:59:16,42.8674392700195,-9.14546298980713,"Male"
"6018403",371836,2025-07-28 19:09:17,42.8675079345703,-9.14542865753174,"Male"
"6018403",371836,2025-07-28 19:19:59,42.8675689697266,-9.14552116394043,"Male"
"6018403",371836,2025-07-28 19:29:11,42.838493347168,-9.17695713043213,"Male"
"6018403",371836,2025-07-28 19:39:11,42.8152694702148,-9.17613410949707,"Male"
"6018403",371836,2025-07-28 19:49:11,42.7669486999512,-9.20434379577637,"Male"
"6018403",371836,2025-07-28 19:59:10,42.7615699768066,-9.19263076782227,"Male"
"6018403",371836,2025-07-28 20:09:19,42.7659530639648,-9.19720077514648,"Male"
"6018403",371836,2025-07-28 20:19:44,42.7682647705078,-9.14885520935059,"Male"
"6018403",371836,2025-07-28 20:29:18,42.7424926757812,-9.11962127685547,"Male"
"6018403",371836,2025-07-28 20:39:18,42.7397727966309,-9.07477569580078,"Male"
"6018403",371836,2025-07-28 20:50:05,42.7619552612305,-9.0563440322876,"Male"
"6018403",371836,2025-07-28 20:59:11,42.7780838012695,-9.0386209487915,"Male"
"6018403",371836,2025-07-28 21:09:09,42.7789077758789,-9.03872394561768,"Male"
"6018403",371836,2025-07-28 21:19:13,42.778980255127,-9.03870964050293,"Male"
"6018403",371836,2025-07-28 21:29:12,42.7791519165039,-9.03880214691162,"Male"
"6018403",371836,2025-07-28 21:39:12,42.7787971496582,-9.03892230987549,"Male"
"6018403",371836,2025-07-28 21:49:12,42.7788505554199,-9.03877353668213,"Male"
"6018403",371836,2025-07-28 21:59:12,42.7790565490723,-9.03889560699463,"Male"
"6018403",371836,2025-07-28 22:09:20,42.7789192199707,-9.0388240814209,"Male"
"6018403",371836,2025-07-28 22:19:16,42.7787322998047,-9.03891944885254,"Male"
"6018403",371836,2025-07-28 22:29:35,42.7789344787598,-9.03883075714111,"Male"
"6018403",371836,2025-07-28 22:39:10,42.7788200378418,-9.03886699676514,"Male"
"6018403",371836,2025-07-28 22:49:10,42.7789306640625,-9.03873538970947,"Male"
"6018403",371836,2025-07-28 22:59:19,42.7790336608887,-9.03858661651611,"Male"
"6018403",371836,2025-07-28 23:09:09,42.7808723449707,-9.03819370269775,"Male"
"6018403",371836,2025-07-28 23:19:11,42.7808418273926,-9.03812694549561,"Male"
"6018403",371836,2025-07-28 23:29:12,42.7808647155762,-9.03819847106934,"Male"
"6018403",371836,2025-07-28 23:39:11,42.7808151245117,-9.03815460205078,"Male"
"6018403",371836,2025-07-28 23:49:11,42.7808151245117,-9.03829383850098,"Male"
"6018403",371836,2025-07-28 23:59:16,42.7815742492676,-9.03589630126953,"Male"
"6018403",371836,2025-07-29 00:09:18,42.7816009521484,-9.03585529327393,"Male"
"6018403",371836,2025-07-29 00:19:17,42.7815704345703,-9.03606128692627,"Male"
"6018403",371836,2025-07-29 00:29:35,42.7816467285156,-9.03588771820068,"Male"
"6018403",371836,2025-07-29 00:39:13,42.7816276550293,-9.03588962554932,"Male"
"6018403",371836,2025-07-29 00:49:12,42.7814559936523,-9.03574275970459,"Male"
"6018403",371836,2025-07-29 00:59:15,42.7816543579102,-9.03584384918213,"Male"
"6018403",371836,2025-07-29 01:09:18,42.7816505432129,-9.03588676452637,"Male"
"6018403",371836,2025-07-29 01:19:17,42.7816162109375,-9.03589057922363,"Male"
"6018403",371836,2025-07-29 01:29:17,42.7816925048828,-9.03579998016357,"Male"
"6018403",371836,2025-07-29 01:39:13,42.7817459106445,-9.03575897216797,"Male"
"6018403",371836,2025-07-29 01:49:13,42.7816734313965,-9.03590774536133,"Male"
"6018403",371836,2025-07-29 01:59:33,42.781623840332,-9.03580570220947,"Male"
"6018403",371836,2025-07-29 02:09:18,42.781566619873,-9.03580760955811,"Male"
"6018403",371836,2025-07-29 02:19:19,42.7815933227539,-9.03572082519531,"Male"
"6018403",371836,2025-07-29 02:29:20,42.781608581543,-9.03555011749268,"Male"
"6018403",371836,2025-07-29 02:39:32,42.7815399169922,-9.03590488433838,"Male"
"6018403",371836,2025-07-29 02:49:10,42.7816429138184,-9.03600025177002,"Male"
"6018403",371836,2025-07-29 02:59:10,42.7815933227539,-9.03588390350342,"Male"
"6018403",371836,2025-07-29 03:09:10,42.7816123962402,-9.03584480285645,"Male"
"6018403",371836,2025-07-29 03:19:10,42.7816276550293,-9.03585338592529,"Male"
"6018403",371836,2025-07-29 03:29:10,42.7817077636719,-9.03592872619629,"Male"
"6018403",371836,2025-07-29 03:39:11,42.7816772460938,-9.03577327728271,"Male"
"6018403",371836,2025-07-29 03:49:10,42.781852722168,-9.03593730926514,"Male"
"6018403",371836,2025-07-29 03:59:12,42.7818145751953,-9.0360689163208,"Male"
"6018403",371836,2025-07-29 04:09:44,42.7819747924805,-9.03558444976807,"Male"
"6018403",371836,2025-07-29 04:19:18,42.7819404602051,-9.03564739227295,"Male"
"6018403",371836,2025-07-29 04:29:21,42.782299041748,-9.03548336029053,"Male"
"6018403",371836,2025-07-29 04:39:35,42.7823257446289,-9.03499317169189,"Male"
"6018403",371836,2025-07-29 04:49:10,42.7823486328125,-9.03499794006348,"Male"
"6018403",371836,2025-07-29 04:59:10,42.7822914123535,-9.03508281707764,"Male"
"6018403",371836,2025-07-29 05:09:11,42.7315635681152,-9.10418605804443,"Male"
"6018403",371836,2025-07-29 05:19:09,42.7357902526855,-9.16746425628662,"Male"
"6018403",371836,2025-07-29 05:29:10,42.7341995239258,-9.16719627380371,"Male"
"6018403",371836,2025-07-29 05:39:10,42.7396697998047,-9.17081356048584,"Male"
"6018403",371836,2025-07-29 05:49:09,42.7145195007324,-9.18811416625977,"Male"
"6018403",371836,2025-07-29 05:59:09,42.6777534484863,-9.13790225982666,"Male"
"6018403",371836,2025-07-29 06:09:09,42.6263122558594,-9.08802223205566,"Male"
"6018403",371836,2025-07-29 06:19:09,42.5483856201172,-9.10474491119385,"Male"
"6018403",371836,2025-07-29 06:29:12,42.5379333496094,-9.08218955993652,"Male"
"6018403",371836,2025-07-29 06:39:10,42.5368843078613,-9.03715038299561,"Male"
"6018403",371836,2025-07-29 06:49:12,42.5359497070312,-9.03951168060303,"Male"
"6018403",371836,2025-07-29 06:59:13,42.4874420166016,-9.02544975280762,"Male"
"6018403",371836,2025-07-29 07:09:12,42.4814376831055,-9.01796054840088,"Male"
"6018403",371836,2025-07-29 07:19:18,42.4820518493652,-9.01749897003174,"Male"
"6018403",371836,2025-07-29 07:29:19,42.4815139770508,-9.01775741577148,"Male"
"6018403",371836,2025-07-29 07:39:34,42.4816780090332,-9.01780700683594,"Male"
"6018403",371836,2025-07-29 07:49:12,42.4816017150879,-9.01762866973877,"Male"
"6018403",371836,2025-07-29 07:59:11,42.4816436767578,-9.01773357391357,"Male"
"6018403",371836,2025-07-29 08:09:11,42.4817237854004,-9.01755237579346,"Male"
"6018403",371836,2025-07-29 08:19:22,42.4817237854004,-9.01767253875732,"Male"
"6018403",371836,2025-07-29 08:29:10,42.4825706481934,-9.01583957672119,"Male"
"6018403",371836,2025-07-29 08:39:10,42.5028953552246,-9.07084655761719,"Male"
"6018403",371836,2025-07-29 08:49:10,42.517017364502,-9.0901050567627,"Male"
"6018403",371836,2025-07-29 08:59:10,42.5381546020508,-9.11040496826172,"Male"
"6018403",371836,2025-07-29 09:09:11,42.539608001709,-9.10767078399658,"Male"
"6018403",371836,2025-07-29 09:19:13,42.5532684326172,-9.07175159454346,"Male"
"6018403",371836,2025-07-29 09:29:15,42.5695304870605,-9.04520225524902,"Male"
"6018403",371836,2025-07-29 09:39:19,42.5727272033691,-9.04479789733887,"Male"
"6018403",371836,2025-07-29 09:49:18,42.572395324707,-9.04452037811279,"Male"
"6018403",371836,2025-07-29 09:59:29,42.5736503601074,-9.04308605194092,"Male"
"6018403",371836,2025-07-29 10:09:35,42.57373046875,-9.0430383682251,"Male"
"6018403",371836,2025-07-29 10:19:18,42.5737380981445,-9.04301643371582,"Male"
"6018403",371836,2025-07-29 10:29:13,42.5737724304199,-9.04297161102295,"Male"
"6018403",371836,2025-07-29 10:39:13,42.5736656188965,-9.04303932189941,"Male"
"6018403",371836,2025-07-29 10:49:12,42.5737724304199,-9.04299640655518,"Male"
"6018403",371836,2025-07-29 10:59:18,42.5737419128418,-9.04279804229736,"Male"
"6018403",371836,2025-07-29 11:09:09,42.5736656188965,-9.0427942276001,"Male"
"6018403",371836,2025-07-29 11:19:35,42.5735778808594,-9.04292488098145,"Male"
"6018403",371836,2025-07-29 11:29:09,42.5735168457031,-9.04296588897705,"Male"
"6018403",371836,2025-07-29 11:39:09,42.5735473632812,-9.04286479949951,"Male"
"6018403",371836,2025-07-29 11:49:12,42.573616027832,-9.04292964935303,"Male"
"6018403",371836,2025-07-29 11:59:16,42.5725250244141,-9.0415678024292,"Male"
"6018403",371836,2025-07-29 12:09:09,42.5724983215332,-9.04155349731445,"Male"
"6018403",371836,2025-07-29 12:19:09,42.5725517272949,-9.04178714752197,"Male"
"6018403",371836,2025-07-29 12:29:15,42.5727386474609,-9.04058647155762,"Male"
"6018403",371836,2025-07-29 12:39:10,42.5732727050781,-9.04125213623047,"Male"
"6018403",371836,2025-07-29 12:49:35,42.5732612609863,-9.04122829437256,"Male"
"6018403",371836,2025-07-29 12:59:10,42.5732841491699,-9.04126262664795,"Male"
"6018403",371836,2025-07-29 13:09:10,42.5732841491699,-9.0412483215332,"Male"
"6018403",371836,2025-07-29 13:19:10,42.5732879638672,-9.04124927520752,"Male"
"6018403",371836,2025-07-29 13:29:10,42.5733108520508,-9.04121875762939,"Male"
"6018403",371836,2025-07-29 13:39:11,42.573356628418,-9.04106521606445,"Male"
"6018403",371836,2025-07-29 13:49:13,42.5733184814453,-9.04113864898682,"Male"
"6018403",371836,2025-07-29 13:59:11,42.5733299255371,-9.04111194610596,"Male"
"6018403",371836,2025-07-29 14:09:12,42.5733070373535,-9.0410795211792,"Male"
"6018403",371836,2025-07-29 14:19:09,42.5676383972168,-9.05316925048828,"Male"
"6018403",371836,2025-07-29 14:29:09,42.5410423278809,-9.10298728942871,"Male"
"6018403",371836,2025-07-29 14:39:12,42.5403938293457,-9.10171604156494,"Male"
"6018403",371836,2025-07-29 14:49:12,42.5411682128906,-9.10142803192139,"Male"
"6018403",371836,2025-07-29 14:59:12,42.546070098877,-9.09548759460449,"Male"
"6018403",371836,2025-07-29 15:09:35,42.5441360473633,-9.08577728271484,"Male"
"6018403",371836,2025-07-29 15:19:31,42.5442276000977,-9.04322147369385,"Male"
"6018403",371836,2025-07-29 15:29:10,42.5562477111816,-9.04027271270752,"Male"
"6018403",371836,2025-07-29 15:39:16,42.5721206665039,-9.0407829284668,"Male"
"6018403",371836,2025-07-29 15:49:11,42.5724334716797,-9.04059314727783,"Male"
"6018403",371836,2025-07-29 15:59:12,42.5727996826172,-9.04088973999023,"Male"
"6018403",371836,2025-07-29 16:09:15,42.5725402832031,-9.04071807861328,"Male"
"6018403",371836,2025-07-29 16:19:35,42.572582244873,-9.04066848754883,"Male"
"6018403",371836,2025-07-29 16:29:13,42.5725784301758,-9.04074478149414,"Male"
"6018403",371836,2025-07-29 16:39:10,42.5724868774414,-9.04103183746338,"Male"
"6018403",371836,2025-07-29 16:49:15,42.5726776123047,-9.04085636138916,"Male"
"6018403",371836,2025-07-29 16:59:10,42.5725708007812,-9.0411319732666,"Male"
"6018403",371836,2025-07-29 17:09:12,42.5727386474609,-9.04101848602295,"Male"
"6018403",371836,2025-07-29 17:19:12,42.5728225708008,-9.04097270965576,"Male"
"6018403",371836,2025-07-29 17:29:13,42.572811126709,-9.04098320007324,"Male"
"6018403",371836,2025-07-29 17:39:13,42.5728874206543,-9.04071044921875,"Male"
"6018403",371836,2025-07-29 17:49:35,42.5729141235352,-9.04092407226562,"Male"
"6018403",371836,2025-07-29 17:59:10,42.5729179382324,-9.04081153869629,"Male"
"6018403",371836,2025-07-29 18:09:09,42.5729866027832,-9.04078388214111,"Male"
"6018403",371836,2025-07-29 18:19:10,42.5730972290039,-9.04093265533447,"Male"
"6018403",371836,2025-07-29 18:29:11,42.5731163024902,-9.04089736938477,"Male"
"6018403",371836,2025-07-29 18:39:11,42.5728378295898,-9.04072380065918,"Male"
"6018403",371836,2025-07-29 18:49:13,42.5493049621582,-9.07696914672852,"Male"
"6018403",371836,2025-07-29 18:59:18,42.5447845458984,-9.09427738189697,"Male"
"6018403",371836,2025-07-29 19:09:18,42.5461540222168,-9.09578609466553,"Male"
"6018403",371836,2025-07-29 19:19:52,42.5322875976562,-9.04891967773438,"Male"
"6018403",371836,2025-07-29 19:29:23,42.5440254211426,-9.03027534484863,"Male"
"6018403",371836,2025-07-29 19:39:24,42.5634346008301,-9.03835105895996,"Male"
"6018403",371836,2025-07-29 19:49:21,42.5728721618652,-9.04164123535156,"Male"
"6018403",371836,2025-07-29 19:59:26,42.5728950500488,-9.04150295257568,"Male"
"6018403",371836,2025-07-29 20:09:35,42.5728187561035,-9.04150676727295,"Male"
"6018403",371836,2025-07-29 20:19:10,42.573543548584,-9.04137134552002,"Male"
"6018403",371836,2025-07-29 20:29:12,42.5732803344727,-9.04178619384766,"Male"
"6018403",371836,2025-07-29 20:39:18,42.5734672546387,-9.04450798034668,"Male"
"6018403",371836,2025-07-29 20:49:16,42.5734786987305,-9.04441070556641,"Male"
"6018403",371836,2025-07-29 20:59:17,42.5527000427246,-9.06035041809082,"Male"
"6018403",371836,2025-07-29 21:09:41,42.539134979248,-9.05956649780273,"Male"
"6018403",371836,2025-07-29 21:19:11,42.5131607055664,-9.04781818389893,"Male"
"6018403",371836,2025-07-29 21:29:11,42.5126686096191,-9.0059814453125,"Male"
"6018403",371836,2025-07-29 21:39:18,42.518482208252,-8.9917631149292,"Male"
"6018403",371836,2025-07-29 21:49:17,42.5192337036133,-8.99029159545898,"Male"
"6018403",371836,2025-07-29 21:59:24,42.499340057373,-9.02379322052002,"Male"
"6018403",371836,2025-07-29 22:09:36,42.4825172424316,-9.01672649383545,"Male"
"6018403",371836,2025-07-29 22:19:10,42.4824523925781,-9.0166597366333,"Male"
"6018403",371836,2025-07-29 22:29:10,42.4825096130371,-9.01666831970215,"Male"
"6018403",371836,2025-07-29 22:39:15,42.4825172424316,-9.01663494110107,"Male"
"6018403",371836,2025-07-29 22:49:12,42.4825172424316,-9.01662158966064,"Male"
"6018403",371836,2025-07-29 22:59:11,42.4826240539551,-9.01681613922119,"Male"
"6018403",371836,2025-07-29 23:09:12,42.4827308654785,-9.0166711807251,"Male"
"6018403",371836,2025-07-29 23:19:18,42.4825744628906,-9.01681804656982,"Male"
"6018403",371836,2025-07-29 23:29:43,42.4826316833496,-9.01670455932617,"Male"
"6018403",371836,2025-07-29 23:39:10,42.4825630187988,-9.01680278778076,"Male"
"6018403",371836,2025-07-29 23:49:09,42.4825096130371,-9.01694011688232,"Male"
"6018403",371836,2025-07-29 23:59:13,42.4825859069824,-9.01665878295898,"Male"
"6018403",371836,2025-07-30 00:09:12,42.4825820922852,-9.01662731170654,"Male"
"6018403",371836,2025-07-30 00:19:10,42.4826011657715,-9.01693630218506,"Male"
"6018403",371836,2025-07-30 00:29:11,42.4825553894043,-9.01688194274902,"Male"
"6018403",371836,2025-07-30 00:39:09,42.4825477600098,-9.01684951782227,"Male"
"6018403",371836,2025-07-30 00:49:13,42.4826202392578,-9.01689720153809,"Male"
"6018403",371836,2025-07-30 00:59:18,42.4825897216797,-9.01702213287354,"Male"
"6018403",371836,2025-07-30 01:09:19,42.482666015625,-9.01679515838623,"Male"
"6018403",371836,2025-07-30 01:19:17,42.4825553894043,-9.01666641235352,"Male"
"6018403",371836,2025-07-30 01:29:11,42.4824295043945,-9.01655197143555,"Male"
"6018403",371836,2025-07-30 01:39:16,42.4826354980469,-9.01687526702881,"Male"
"6018403",371836,2025-07-30 01:49:42,42.4825706481934,-9.01685047149658,"Male"
"6018403",371836,2025-07-30 01:59:17,42.4825897216797,-9.01702499389648,"Male"
"6018403",371836,2025-07-30 02:09:19,42.4826431274414,-9.01693534851074,"Male"
"6018403",371836,2025-07-30 02:19:35,42.482608795166,-9.01699066162109,"Male"
"6018403",371836,2025-07-30 02:29:13,42.4826393127441,-9.01698684692383,"Male"
"6018403",371836,2025-07-30 02:39:10,42.4826354980469,-9.01698780059814,"Male"
"6018403",371836,2025-07-30 02:49:10,42.4825973510742,-9.01699447631836,"Male"
"6018403",371836,2025-07-30 02:59:10,42.4826278686523,-9.01701545715332,"Male"
"6018403",371836,2025-07-30 03:09:10,42.4826126098633,-9.01698684692383,"Male"
"6018403",371836,2025-07-30 03:19:10,42.4826354980469,-9.01705837249756,"Male"
"6018403",371836,2025-07-30 03:29:11,42.4826545715332,-9.01698017120361,"Male"
"6018403",371836,2025-07-30 03:39:12,42.4826316833496,-9.017014503479,"Male"
"6018403",371836,2025-07-30 03:49:15,42.4826316833496,-9.01694202423096,"Male"
"6018403",371836,2025-07-30 03:59:12,42.482608795166,-9.01702117919922,"Male"
"6018403",371836,2025-07-30 04:10:34,42.4929809570312,-9.03454875946045,"Male"
"6018403",371836,2025-07-30 04:20:34,42.5228157043457,-9.08866691589355,"Male"
"6018403",371836,2025-07-30 04:30:05,42.5422630310059,-9.1103687286377,"Male"
"6018403",371836,2025-07-30 04:39:12,42.543571472168,-9.11066055297852,"Male"
"6018403",371836,2025-07-30 04:49:11,42.5455627441406,-9.11230945587158,"Male"
"6018403",371836,2025-07-30 04:59:16,42.5463600158691,-9.10941410064697,"Male"
"6018403",371836,2025-07-30 05:09:10,42.5462265014648,-9.08669185638428,"Male"
"6018403",371836,2025-07-30 05:19:09,42.5644264221191,-9.06826114654541,"Male"
"6018403",371836,2025-07-30 05:29:13,42.5724029541016,-9.04628753662109,"Male"
"6018403",371836,2025-07-30 05:39:11,42.5735321044922,-9.04558372497559,"Male"
"6018403",371836,2025-07-30 05:49:19,42.5734176635742,-9.04549407958984,"Male"
"6018403",371836,2025-07-30 05:59:17,42.5732002258301,-9.04233932495117,"Male"
"6018403",371836,2025-07-30 06:09:12,42.5733795166016,-9.04233360290527,"Male"
"6018403",371836,2025-07-30 06:19:09,42.5729331970215,-9.04192447662354,"Male"
"6018403",371836,2025-07-30 06:29:12,42.5729598999023,-9.04181480407715,"Male"
"6018403",371836,2025-07-30 06:39:13,42.5729064941406,-9.04172611236572,"Male"
"6018403",371836,2025-07-30 06:49:11,42.5729522705078,-9.04154682159424,"Male"
"6018403",371836,2025-07-30 06:59:17,42.5729637145996,-9.04162120819092,"Male"
"6018403",371836,2025-07-30 07:09:17,42.5736389160156,-9.04138278961182,"Male"
"6018403",371836,2025-07-30 07:19:34,42.5738716125488,-9.0412483215332,"Male"
"6018403",371836,2025-07-30 07:29:33,42.5734710693359,-9.0414867401123,"Male"
"6018403",371836,2025-07-30 07:39:13,42.5735893249512,-9.04150009155273,"Male"
"6018403",371836,2025-07-30 07:49:09,42.5735168457031,-9.04146862030029,"Male"
"6018403",371836,2025-07-30 07:59:11,42.5735359191895,-9.04147052764893,"Male"
"6018403",371836,2025-07-30 08:09:09,42.561336517334,-9.08259868621826,"Male"
"6018403",371836,2025-07-30 08:19:10,42.5591125488281,-9.09163761138916,"Male"
"6018403",371836,2025-07-30 08:31:29,42.552303314209,-9.0902681350708,"Male"
"6018403",371836,2025-07-30 08:39:24,42.5542182922363,-9.08552646636963,"Male"
"6018403",371836,2025-07-30 08:49:20,42.5578002929688,-9.07244491577148,"Male"
"6018403",371836,2025-07-30 08:59:18,42.5730514526367,-9.04190063476562,"Male"
"6018403",371836,2025-07-30 09:09:35,42.5730476379395,-9.04176807403564,"Male"
"6018403",371836,2025-07-30 09:19:44,42.5735893249512,-9.04218101501465,"Male"
"6018403",371836,2025-07-30 09:29:11,42.5737190246582,-9.04248142242432,"Male"
"6018403",371836,2025-07-30 09:39:11,42.5738677978516,-9.04165744781494,"Male"
"6018403",371836,2025-07-30 09:49:44,42.572582244873,-9.04033374786377,"Male"
"6018403",371836,2025-07-30 09:59:11,42.5723266601562,-9.04017639160156,"Male"
"6018403",371836,2025-07-30 10:09:11,42.5725708007812,-9.04024028778076,"Male"
"6018403",371836,2025-07-30 10:19:11,42.5728187561035,-9.04017925262451,"Male"
"6018403",371836,2025-07-30 10:29:11,42.5727005004883,-9.04015731811523,"Male"
"6018403",371836,2025-07-30 10:39:12,42.5728492736816,-9.0402774810791,"Male"
"6018403",371836,2025-07-30 10:49:13,42.572093963623,-9.04248714447021,"Male"
"6018403",371836,2025-07-30 10:59:17,42.5724754333496,-9.04230976104736,"Male"
"6018403",371836,2025-07-30 11:09:12,42.5729179382324,-9.04265594482422,"Male"
"6018403",371836,2025-07-30 11:19:28,42.5725555419922,-9.04229354858398,"Male"
"6018403",371836,2025-07-30 11:29:21,42.5630187988281,-9.06321239471436,"Male"
"6018403",371836,2025-07-30 11:39:44,42.5601539611816,-9.09142017364502,"Male"
"6018403",371836,2025-07-30 11:49:36,42.5725212097168,-9.05489444732666,"Male"
"6018403",371836,2025-07-30 11:59:13,42.5724906921387,-9.04236888885498,"Male"
"6018403",371836,2025-07-30 12:09:13,42.5725021362305,-9.04248714447021,"Male"
"6018403",371836,2025-07-30 12:19:12,42.5716209411621,-9.04230308532715,"Male"
"6018403",371836,2025-07-30 12:29:23,42.5718765258789,-9.04258155822754,"Male"
"6018403",371836,2025-07-30 12:39:35,42.5719985961914,-9.04261302947998,"Male"
"6018403",371836,2025-07-30 12:49:10,42.5720863342285,-9.04262733459473,"Male"
"6018403",371836,2025-07-30 12:59:10,42.5723342895508,-9.04224872589111,"Male"
"6018403",371836,2025-07-30 13:09:13,42.5725975036621,-9.04230690002441,"Male"
"6018403",371836,2025-07-30 13:19:10,42.5725250244141,-9.04204654693604,"Male"
"6018403",371836,2025-07-30 13:29:17,42.5729103088379,-9.04115676879883,"Male"
"6018403",371836,2025-07-30 13:39:17,42.5726165771484,-9.04053401947021,"Male"
"6018403",371836,2025-07-30 13:49:21,42.5725631713867,-9.04038429260254,"Male"
"6018403",371836,2025-07-30 13:59:18,42.5725860595703,-9.040358543396,"Male"
"6018403",371836,2025-07-30 14:09:26,42.5725021362305,-9.03991031646729,"Male"
"6018403",371836,2025-07-30 14:19:18,42.5726165771484,-9.03992080688477,"Male"
"6018403",371836,2025-07-30 14:29:35,42.5726013183594,-9.03981399536133,"Male"
"6018403",371836,2025-07-30 14:39:19,42.5726203918457,-9.03969860076904,"Male"
"6018403",371836,2025-07-30 14:49:35,42.572639465332,-9.03951072692871,"Male"
"6018403",371836,2025-07-30 14:59:12,42.5727081298828,-9.03920459747314,"Male"
"6018403",371836,2025-07-30 15:09:12,42.5727424621582,-9.03914737701416,"Male"
"6018403",371836,2025-07-30 15:19:13,42.572696685791,-9.03923797607422,"Male"
"6018403",371836,2025-07-30 15:29:13,42.5727844238281,-9.0393180847168,"Male"
"6018403",371836,2025-07-30 15:39:12,42.5728149414062,-9.03931713104248,"Male"
"6018403",371836,2025-07-30 15:49:12,42.5587348937988,-9.09143257141113,"Male"
"6018403",371836,2025-07-30 15:59:13,42.5408706665039,-9.10722160339355,"Male"
"6018403",371836,2025-07-30 16:09:11,42.5465049743652,-9.09247207641602,"Male"
"6018403",371836,2025-07-30 16:19:11,42.5442962646484,-9.03308200836182,"Male"
"6018403",371836,2025-07-30 16:29:12,42.5454864501953,-9.03198623657227,"Male"
"6018403",371836,2025-07-30 16:39:13,42.5715560913086,-9.04459095001221,"Male"
"6018403",371836,2025-07-30 16:49:17,42.572509765625,-9.04240417480469,"Male"
"6018403",371836,2025-07-30 16:59:19,42.5724868774414,-9.04240798950195,"Male"
"6018403",371836,2025-07-30 17:09:12,42.572395324707,-9.04168605804443,"Male"
"6018403",371836,2025-07-30 17:19:19,42.5723838806152,-9.04141139984131,"Male"
"6018403",371836,2025-07-30 17:29:21,42.5726203918457,-9.04166507720947,"Male"
"6018403",371836,2025-07-30 17:39:35,42.5727119445801,-9.04099559783936,"Male"
"6018403",371836,2025-07-30 17:49:14,42.5728492736816,-9.0409688949585,"Male"
"6018403",371836,2025-07-30 17:59:11,42.5727996826172,-9.04095554351807,"Male"
"6018403",371836,2025-07-30 18:09:17,42.5728034973145,-9.04057216644287,"Male"
"6018403",371836,2025-07-30 18:19:18,42.572868347168,-9.04051399230957,"Male"
"6018403",371836,2025-07-30 18:29:16,42.5730628967285,-9.04059600830078,"Male"
"6018403",371836,2025-07-30 18:39:12,42.5662879943848,-9.05480670928955,"Male"
"6018403",371836,2025-07-30 18:49:11,42.558536529541,-9.09281921386719,"Male"
"6018403",371836,2025-07-30 18:59:11,42.5690879821777,-9.0869197845459,"Male"
"6018403",371836,2025-07-30 19:09:12,42.566951751709,-9.0748929977417,"Male"
"6018403",371836,2025-07-30 19:19:14,42.5670051574707,-9.07495880126953,"Male"
"6018403",371836,2025-07-30 19:29:21,42.5670204162598,-9.07494926452637,"Male"
"6018403",371836,2025-07-30 19:39:14,42.5671310424805,-9.07497596740723,"Male"
"6018403",371836,2025-07-30 19:49:13,42.5671501159668,-9.07500076293945,"Male"
"6018403",371836,2025-07-30 19:59:13,42.5527229309082,-9.10204792022705,"Male"
"6018403",371836,2025-07-30 20:09:12,42.5374984741211,-9.11937522888184,"Male"
"6018403",371836,2025-07-30 20:19:13,42.5392112731934,-9.10271453857422,"Male"
"6018403",371836,2025-07-30 20:29:16,42.5168151855469,-9.05875301361084,"Male"
"6018403",371836,2025-07-30 20:39:35,42.4826583862305,-9.01665496826172,"Male"
"6018403",371836,2025-07-30 20:49:14,42.4808120727539,-9.01365566253662,"Male"
"6018403",371836,2025-07-30 20:59:13,42.4808197021484,-9.01363182067871,"Male"
"6018403",371836,2025-07-30 21:09:12,42.4811172485352,-9.01316452026367,"Male"
"6018403",371836,2025-07-30 21:19:12,42.4814605712891,-9.01313304901123,"Male"
"6018403",371836,2025-07-30 21:29:13,42.4815711975098,-9.01309680938721,"Male"
"6018403",371836,2025-07-30 21:39:13,42.4814682006836,-9.01314163208008,"Male"
"6018403",371836,2025-07-30 21:49:14,42.4812889099121,-9.01312732696533,"Male"
"6018403",371836,2025-07-30 21:59:12,42.4813499450684,-9.01336669921875,"Male"
"6018403",371836,2025-07-30 22:09:14,42.4812622070312,-9.01343631744385,"Male"
"6018403",371836,2025-07-30 22:19:18,42.481330871582,-9.01347064971924,"Male"
"6018403",371836,2025-07-30 22:29:18,42.481315612793,-9.01359558105469,"Male"
"6018403",371836,2025-07-30 22:39:19,42.481273651123,-9.01406478881836,"Male"
"6018403",371836,2025-07-30 22:49:19,42.4814758300781,-9.01338768005371,"Male"
"6018403",371836,2025-07-30 22:59:19,42.4814949035645,-9.01327419281006,"Male"
"6018403",371836,2025-07-30 23:09:35,42.4813537597656,-9.01307964324951,"Male"
"6018403",371836,2025-07-30 23:19:24,42.4811935424805,-9.01303768157959,"Male"
"6018403",371836,2025-07-30 23:29:18,42.4812088012695,-9.01314449310303,"Male"
"6018403",371836,2025-07-30 23:39:18,42.4812393188477,-9.0130500793457,"Male"
"6018403",371836,2025-07-30 23:49:11,42.4812507629395,-9.01320266723633,"Male"
"6018403",371836,2025-07-30 23:59:13,42.4812889099121,-9.01331329345703,"Male"
"6018403",371836,2025-07-31 00:09:14,42.4813079833984,-9.01324367523193,"Male"
"6018403",371836,2025-07-31 00:19:12,42.4813117980957,-9.01318168640137,"Male"
"6018403",371836,2025-07-31 00:29:35,42.4812240600586,-9.0131721496582,"Male"
"6018403",371836,2025-07-31 00:39:14,42.4812660217285,-9.01313400268555,"Male"
"6018403",371836,2025-07-31 00:49:13,42.4813117980957,-9.01326751708984,"Male"
"6018403",371836,2025-07-31 00:59:11,42.481014251709,-9.01287078857422,"Male"
"6018403",371836,2025-07-31 01:09:17,42.4812622070312,-9.0131139755249,"Male"
"6018403",371836,2025-07-31 01:19:12,42.4812469482422,-9.01301002502441,"Male"
"6018403",371836,2025-07-31 01:29:13,42.4814910888672,-9.01345443725586,"Male"
"6018403",371836,2025-07-31 01:39:13,42.4812812805176,-9.01302528381348,"Male"
"6018403",371836,2025-07-31 01:49:19,42.4812965393066,-9.01308631896973,"Male"
"6018403",371836,2025-07-31 01:59:19,42.4814224243164,-9.01320457458496,"Male"
"6018403",371836,2025-07-31 02:09:19,42.4814376831055,-9.01313781738281,"Male"
"6018403",371836,2025-07-31 02:19:19,42.4814224243164,-9.01312923431396,"Male"
"6018403",371836,2025-07-31 02:29:19,42.4814414978027,-9.01314449310303,"Male"
"6018403",371836,2025-07-31 02:39:19,42.4814987182617,-9.01310443878174,"Male"
"6018403",371836,2025-07-31 02:49:19,42.481517791748,-9.013108253479,"Male"
"6018403",371836,2025-07-31 02:59:18,42.4815673828125,-9.01316261291504,"Male"
"6018403",371836,2025-07-31 03:09:18,42.4815673828125,-9.01316833496094,"Male"
"6018403",371836,2025-07-31 03:19:14,42.4815559387207,-9.01317405700684,"Male"
"6018403",371836,2025-07-31 03:29:19,42.4815139770508,-9.01320171356201,"Male"
"6018403",371836,2025-07-31 03:39:18,42.4815444946289,-9.01340293884277,"Male"
"6018403",371836,2025-07-31 03:49:35,42.4814872741699,-9.01320457458496,"Male"
"6018403",371836,2025-07-31 03:59:11,42.4815444946289,-9.01321220397949,"Male"
"6018403",371836,2025-07-31 04:09:11,42.4815673828125,-9.01311588287354,"Male"
"6018403",371836,2025-07-31 04:19:12,42.5034065246582,-9.05116558074951,"Male"
"6018403",371836,2025-07-31 04:29:11,42.5294380187988,-9.08640098571777,"Male"
"6018403",371836,2025-07-31 04:39:12,42.5559921264648,-9.09306240081787,"Male"
"6018403",371836,2025-07-31 04:49:12,42.5470657348633,-9.1141996383667,"Male"
"6018403",371836,2025-07-31 04:59:12,42.562614440918,-9.07535457611084,"Male"
"6018403",371836,2025-07-31 05:09:12,42.6000900268555,-9.07924842834473,"Male"
"6018403",371836,2025-07-31 05:19:11,42.6312484741211,-9.06951904296875,"Male"
"6018403",371836,2025-07-31 05:29:12,42.6619606018066,-9.06204509735107,"Male"
"6018403",371836,2025-07-31 05:39:11,42.6797637939453,-9.03585910797119,"Male"
"6018403",371836,2025-07-31 05:49:12,42.7077331542969,-9.02414703369141,"Male"
"6018403",371836,2025-07-31 05:59:11,42.7217330932617,-9.00871849060059,"Male"
"6018403",371836,2025-07-31 06:09:11,42.7475967407227,-8.99170398712158,"Male"
"6018403",371836,2025-07-31 06:19:12,42.7816963195801,-9.0177640914917,"Male"
"6018403",371836,2025-07-31 06:29:12,42.7974739074707,-9.01973915100098,"Male"
"6018403",371836,2025-07-31 06:39:13,42.7605056762695,-9.12028217315674,"Male"
"6018403",371836,2025-07-31 06:49:11,42.8165893554688,-9.15534210205078,"Male"
"6018403",371836,2025-07-31 06:59:12,42.8506011962891,-9.14892482757568,"Male"
"6018403",371836,2025-07-31 07:09:11,42.8973808288574,-9.21217155456543,"Male"
"6018403",371836,2025-07-31 07:19:11,42.9203605651855,-9.21938037872314,"Male"
"6018403",371836,2025-07-31 07:29:13,42.9381523132324,-9.2341194152832,"Male"
"6018403",371836,2025-07-31 07:39:19,42.9316673278809,-9.2598123550415,"Male"
"6018403",371836,2025-07-31 07:49:12,42.9604415893555,-9.27391815185547,"Male"
"6018403",371836,2025-07-31 07:59:11,42.9903106689453,-9.26003074645996,"Male"
"6018403",371836,2025-07-31 08:09:12,43.0036125183105,-9.25349998474121,"Male"
"6018403",371836,2025-07-31 08:19:12,43.0036926269531,-9.25321769714355,"Male"
"6018403",371836,2025-07-31 08:29:13,43.004035949707,-9.25308609008789,"Male"
"6018403",371836,2025-07-31 08:39:16,43.0038604736328,-9.25320434570312,"Male"
"6018403",371836,2025-07-31 08:49:12,43.0039367675781,-9.25328350067139,"Male"
"6018403",371836,2025-07-31 08:59:16,43.0037841796875,-9.25325775146484,"Male"
"6018403",371836,2025-07-31 09:09:12,43.0159072875977,-9.27527618408203,"Male"
"6018403",371836,2025-07-31 09:19:12,43.0445938110352,-9.27138233184814,"Male"
"6018403",371836,2025-07-31 09:29:12,43.0811347961426,-9.25096702575684,"Male"
"6018403",371836,2025-07-31 09:39:12,43.1054992675781,-9.21896553039551,"Male"
"6018403",371836,2025-07-31 09:49:12,43.1237258911133,-9.1943473815918,"Male"
"6018403",371836,2025-07-31 09:59:15,43.1579627990723,-9.19216251373291,"Male"
"6018403",371836,2025-07-31 10:09:13,43.1846580505371,-9.17561435699463,"Male"
"6018403",371836,2025-07-31 10:19:13,43.192626953125,-9.13224411010742,"Male"
"6018403",371836,2025-07-31 10:29:13,43.1860313415527,-9.09427642822266,"Male"
"6018403",371836,2025-07-31 10:39:13,43.1899833679199,-9.04724025726318,"Male"
"6018403",371836,2025-07-31 10:49:13,43.213695526123,-9.03373146057129,"Male"
"6018403",371836,2025-07-31 10:59:14,43.2317962646484,-9.00510311126709,"Male"
"6018403",371836,2025-07-31 11:09:13,43.2579765319824,-8.98375701904297,"Male"
"6018403",371836,2025-07-31 11:19:13,43.2831764221191,-8.98038864135742,"Male"
"6018403",371836,2025-07-31 11:29:13,43.2899589538574,-8.9451208114624,"Male"
"6018403",371836,2025-07-31 11:39:13,43.3072052001953,-8.90877056121826,"Male"
"6018403",371836,2025-07-31 11:49:14,43.318603515625,-8.87802314758301,"Male"
"6018403",371836,2025-07-31 11:59:18,43.345703125,-8.85307121276855,"Male"
"6018403",371836,2025-07-31 12:09:13,43.3579750061035,-8.84415912628174,"Male"
"6018403",371836,2025-07-31 12:19:13,43.3577194213867,-8.84400939941406,"Male"
"6018403",371836,2025-07-31 12:29:13,43.3579063415527,-8.84418106079102,"Male"
"6018403",371836,2025-07-31 12:39:13,43.3578071594238,-8.84433746337891,"Male"
"6018403",371836,2025-07-31 12:49:12,43.3578414916992,-8.84428691864014,"Male"
"6018403",371836,2025-07-31 12:59:12,43.357852935791,-8.84418296813965,"Male"
"6018403",371836,2025-07-31 13:09:12,43.3574829101562,-8.84384250640869,"Male"
"6018403",371836,2025-07-31 13:19:14,43.3577651977539,-8.84415435791016,"Male"
"6018403",371836,2025-07-31 13:29:13,43.3579177856445,-8.84410762786865,"Male"
"6018403",371836,2025-07-31 13:39:15,43.357780456543,-8.84404563903809,"Male"
"6018403",371836,2025-07-31 13:49:15,43.3577651977539,-8.84426212310791,"Male"
"6018403",371836,2025-07-31 13:59:13,43.3576889038086,-8.84430599212646,"Male"
"6018403",371836,2025-07-31 14:09:15,43.357837677002,-8.84416103363037,"Male"
"6018403",371836,2025-07-31 14:19:15,43.3575744628906,-8.8443021774292,"Male"
"6018403",371836,2025-07-31 14:29:13,43.3576469421387,-8.84422779083252,"Male"
"6018403",371836,2025-07-31 14:39:14,43.3575782775879,-8.84399223327637,"Male"
"6018403",371836,2025-07-31 14:49:13,43.3575057983398,-8.84396457672119,"Male"
"6018403",371836,2025-07-31 14:59:13,43.3575286865234,-8.84385776519775,"Male"
"6018403",371836,2025-07-31 15:09:13,43.3574752807617,-8.84375476837158,"Male"
"6018403",371836,2025-07-31 15:19:13,43.3574752807617,-8.84371566772461,"Male"
"6018403",371836,2025-07-31 15:29:13,43.3574333190918,-8.84366512298584,"Male"
"6018403",371836,2025-07-31 15:39:13,43.3575172424316,-8.84373950958252,"Male"
"6018403",371836,2025-07-31 15:49:13,43.3567657470703,-8.84270477294922,"Male"
"6018403",371836,2025-07-31 15:59:13,43.3497657775879,-8.83613967895508,"Male"
"6018403",371836,2025-07-31 16:09:24,43.3580169677734,-8.84425449371338,"Male"
"6018403",371836,2025-07-31 16:19:25,43.3632392883301,-8.83771800994873,"Male"
"6018403",371836,2025-07-31 16:29:28,43.3579902648926,-8.84426307678223,"Male"
"6018403",371836,2025-07-31 16:39:35,43.3579025268555,-8.84471893310547,"Male"
"6018403",371836,2025-07-31 16:49:12,43.3578720092773,-8.84479236602783,"Male"
"6018403",371836,2025-07-31 16:59:12,43.3579711914062,-8.84459781646729,"Male"
"6018403",371836,2025-07-31 17:09:12,43.3578605651855,-8.84472560882568,"Male"
"6018403",371836,2025-07-31 17:19:11,43.3580131530762,-8.84456920623779,"Male"
"6018403",371836,2025-07-31 17:29:12,43.3582077026367,-8.8436336517334,"Male"
"6018403",371836,2025-07-31 17:39:13,43.3577613830566,-8.84396457672119,"Male"
"6018403",371836,2025-07-31 17:49:12,43.3582916259766,-8.84400272369385,"Male"
"6018403",371836,2025-07-31 17:59:14,43.3579177856445,-8.84462356567383,"Male"
"6018403",371836,2025-07-31 18:09:12,43.3580131530762,-8.84454154968262,"Male"
"6018403",371836,2025-07-31 18:19:12,43.3577117919922,-8.84392261505127,"Male"
"6018403",371836,2025-07-31 18:29:13,43.3575096130371,-8.84396362304688,"Male"
"6018403",371836,2025-07-31 18:39:14,43.3577308654785,-8.84402656555176,"Male"
"6018403",371836,2025-07-31 18:49:18,43.3577346801758,-8.8439884185791,"Male"
"6018403",371836,2025-07-31 18:59:14,43.3575668334961,-8.84383964538574,"Male"
"6018403",371836,2025-07-31 19:09:13,43.3575401306152,-8.84362030029297,"Male"
"6018403",371836,2025-07-31 19:19:12,43.3574752807617,-8.84392261505127,"Male"
"6018403",371836,2025-07-31 19:29:13,43.3573303222656,-8.84439373016357,"Male"
"6018403",371836,2025-07-31 19:39:12,43.357780456543,-8.84466552734375,"Male"
"6018403",371836,2025-07-31 19:49:13,43.3576545715332,-8.84401512145996,"Male"
"6018403",371836,2025-07-31 19:59:13,43.3576431274414,-8.84372425079346,"Male"
"6018403",371836,2025-07-31 20:09:13,43.3576507568359,-8.84393882751465,"Male"
"6018403",371836,2025-07-31 20:19:13,43.3576164245605,-8.84396362304688,"Male"
"6018403",371836,2025-07-31 20:29:14,43.3574981689453,-8.84402942657471,"Male"
"6018403",371836,2025-07-31 20:39:13,43.357666015625,-8.84399890899658,"Male"
"6018403",371836,2025-07-31 20:49:13,43.3573036193848,-8.84419059753418,"Male"
"6018403",371836,2025-07-31 20:59:13,43.3576889038086,-8.84398651123047,"Male"
"6018403",371836,2025-07-31 21:09:13,43.3577423095703,-8.84394454956055,"Male"
"6018403",371836,2025-07-31 21:19:13,43.357551574707,-8.84408283233643,"Male"
"6018403",371836,2025-07-31 21:29:13,43.357608795166,-8.84407234191895,"Male"
"6018403",371836,2025-07-31 21:39:15,43.357666015625,-8.84416580200195,"Male"
"6018403",371836,2025-07-31 21:49:13,43.3578872680664,-8.8439998626709,"Male"
"6018403",371836,2025-07-31 21:59:14,43.3577346801758,-8.84429359436035,"Male"
"6018403",371836,2025-07-31 22:09:14,43.3578720092773,-8.84413051605225,"Male"
"6018403",371836,2025-07-31 22:19:16,43.3578186035156,-8.84405136108398,"Male"
"6018403",371836,2025-07-31 22:29:16,43.3578033447266,-8.84401988983154,"Male"
"6018403",371836,2025-07-31 22:39:14,43.3577270507812,-8.84420776367188,"Male"
"6018403",371836,2025-07-31 22:49:14,43.357738494873,-8.84420680999756,"Male"
"6018403",371836,2025-07-31 22:59:17,43.3577690124512,-8.84414768218994,"Male"
"6018403",371836,2025-07-31 23:09:15,43.3578033447266,-8.84409809112549,"Male"
"6018403",371836,2025-07-31 23:19:15,43.3576545715332,-8.84447193145752,"Male"
"6018403",371836,2025-07-31 23:29:13,43.357780456543,-8.84434795379639,"Male"
"6018403",371836,2025-07-31 23:39:14,43.3577346801758,-8.84438419342041,"Male"
"6018403",371836,2025-07-31 23:49:14,43.357666015625,-8.84447288513184,"Male"
"6018403",371836,2025-07-31 23:59:13,43.3578338623047,-8.84431266784668,"Male"
"6018403",371836,2025-08-01 00:09:26,43.3577041625977,-8.84416484832764,"Male"
"6018403",371836,2025-08-01 00:19:15,43.3575782775879,-8.84415531158447,"Male"
"6018403",371836,2025-08-01 00:29:14,43.3574295043945,-8.84405040740967,"Male"
"6018403",371836,2025-08-01 00:39:13,43.3571701049805,-8.84376525878906,"Male"
"6018403",371836,2025-08-01 00:49:17,43.3570823669434,-8.84360599517822,"Male"
"6018403",371836,2025-08-01 00:59:25,43.357982635498,-8.84426689147949,"Male"
"6018403",371836,2025-08-01 01:09:16,43.3580551147461,-8.84431552886963,"Male"
"6018403",371836,2025-08-01 01:19:14,43.3579368591309,-8.84436988830566,"Male"
"6018403",371836,2025-08-01 01:29:17,43.3581390380859,-8.84460163116455,"Male"
"6018403",371836,2025-08-01 01:39:25,43.3578605651855,-8.84433364868164,"Male"
"6018403",371836,2025-08-01 01:49:25,43.3578109741211,-8.84430980682373,"Male"
"6018403",371836,2025-08-01 01:59:25,43.3577995300293,-8.84429836273193,"Male"
"6018403",371836,2025-08-01 02:09:15,43.3579330444336,-8.84460067749023,"Male"
"6018403",371836,2025-08-01 02:19:17,43.3579597473145,-8.84475135803223,"Male"
"6018403",371836,2025-08-01 02:29:24,43.3578567504883,-8.84426307678223,"Male"
"6018403",371836,2025-08-01 02:39:15,43.358039855957,-8.84475040435791,"Male"
"6018403",371836,2025-08-01 02:49:18,43.3575134277344,-8.84370422363281,"Male"
"6018403",371836,2025-08-01 02:59:14,43.3579788208008,-8.84458637237549,"Male"
"6018403",371836,2025-08-01 03:09:14,43.3582611083984,-8.84444236755371,"Male"
"6018403",371836,2025-08-01 03:19:16,43.3582954406738,-8.84437465667725,"Male"
"6018403",371836,2025-08-01 03:29:23,43.3579368591309,-8.84431266784668,"Male"
"6018403",371836,2025-08-01 03:39:16,43.3584861755371,-8.84424495697021,"Male"
"6018403",371836,2025-08-01 03:49:18,43.3585624694824,-8.84413146972656,"Male"
"6018403",371836,2025-08-01 03:59:13,43.358512878418,-8.84415149688721,"Male"
"6018403",371836,2025-08-01 04:09:17,43.3589401245117,-8.84383010864258,"Male"
"6018403",371836,2025-08-01 04:19:19,43.3584365844727,-8.84406852722168,"Male"
"6018403",371836,2025-08-01 04:29:17,43.3586769104004,-8.84469604492188,"Male"
"6018403",371836,2025-08-01 04:39:19,43.3581848144531,-8.84398460388184,"Male"
"6018403",371836,2025-08-01 04:49:15,43.3570022583008,-8.84505081176758,"Male"
"6018403",371836,2025-08-01 04:59:20,43.3574981689453,-8.84458446502686,"Male"
"6018403",371836,2025-08-01 05:09:19,43.3579597473145,-8.84493160247803,"Male"
"6018403",371836,2025-08-01 05:19:18,43.3582000732422,-8.84509086608887,"Male"
"6018403",371836,2025-08-01 05:29:17,43.3578643798828,-8.84439945220947,"Male"
"6018403",371836,2025-08-01 05:39:16,43.3579330444336,-8.84430408477783,"Male"
"6018403",371836,2025-08-01 05:49:23,43.358024597168,-8.84487056732178,"Male"
"6018403",371836,2025-08-01 05:59:14,43.3581085205078,-8.84488582611084,"Male"
"6018403",371836,2025-08-01 06:09:18,43.3579063415527,-8.84409046173096,"Male"
"6018403",371836,2025-08-01 06:19:15,43.3578262329102,-8.84401035308838,"Male"
"6018403",371836,2025-08-01 06:29:14,43.3577766418457,-8.84451675415039,"Male"
"6018403",371836,2025-08-01 06:39:18,43.3587379455566,-8.84512329101562,"Male"
"6018403",371836,2025-08-01 06:49:16,43.3588333129883,-8.84523105621338,"Male"
"6018403",371836,2025-08-01 06:59:14,43.3583946228027,-8.84472846984863,"Male"
"6018403",371836,2025-08-01 07:09:14,43.358570098877,-8.84345245361328,"Male"
"6018403",371836,2025-08-01 07:19:14,43.3583183288574,-8.84431171417236,"Male"
"6018403",371836,2025-08-01 07:29:16,43.3585472106934,-8.84521102905273,"Male"
"6018403",371836,2025-08-01 07:39:13,43.357723236084,-8.8447380065918,"Male"
"6018403",371836,2025-08-01 07:49:26,43.3592109680176,-8.84389400482178,"Male"
"6018403",371836,2025-08-01 07:59:20,43.3583068847656,-8.84403514862061,"Male"
"6018403",371836,2025-08-01 08:09:20,43.3577919006348,-8.84426212310791,"Male"
"6018403",371836,2025-08-01 08:19:20,43.3578720092773,-8.84361553192139,"Male"
"6018403",371836,2025-08-01 08:29:17,43.3582153320312,-8.84346294403076,"Male"
"6018403",371836,2025-08-01 08:39:19,43.357780456543,-8.84366893768311,"Male"
"6018403",371836,2025-08-01 08:49:15,43.3581161499023,-8.84365463256836,"Male"
"6018403",371836,2025-08-01 08:59:16,43.3588180541992,-8.84421253204346,"Male"
"6018403",371836,2025-08-01 09:09:12,43.315990447998,-8.92091178894043,"Male"
"6018403",371836,2025-08-01 09:19:13,43.2419586181641,-9.05126190185547,"Male"
"6018403",371836,2025-08-01 09:29:16,43.2046699523926,-9.16951560974121,"Male"
"6018403",371836,2025-08-01 09:39:39,43.1844062805176,-9.20499134063721,"Male"
"6018403",371836,2025-08-01 09:49:38,43.1609535217285,-9.21107769012451,"Male"
"6018403",371836,2025-08-01 09:59:16,43.1616706848145,-9.21139907836914,"Male"
"6018403",371836,2025-08-01 10:09:15,43.1607971191406,-9.21129035949707,"Male"
"6018403",371836,2025-08-01 10:19:19,43.1606140136719,-9.21135139465332,"Male"
"6018403",371836,2025-08-01 10:29:12,43.1607398986816,-9.21109867095947,"Male"
"6018403",371836,2025-08-01 10:39:15,43.160816192627,-9.21130180358887,"Male"
"6018403",371836,2025-08-01 10:49:12,43.1607856750488,-9.21115303039551,"Male"
"6018403",371836,2025-08-01 10:59:14,43.1609802246094,-9.21103382110596,"Male"
"6018403",371836,2025-08-01 11:09:14,43.1610412597656,-9.21101570129395,"Male"
"6018403",371836,2025-08-01 11:19:13,43.1610145568848,-9.21120738983154,"Male"
"6018403",371836,2025-08-01 11:29:15,43.1611671447754,-9.21154880523682,"Male"
"6018403",371836,2025-08-01 11:39:16,43.1609916687012,-9.21115112304688,"Male"
"6018403",371836,2025-08-01 11:49:14,43.1610641479492,-9.21134662628174,"Male"
"6018403",371836,2025-08-01 11:59:13,43.1610450744629,-9.21127414703369,"Male"
"6018403",371836,2025-08-01 12:09:20,43.1609306335449,-9.21110153198242,"Male"
"6018403",371836,2025-08-01 12:19:35,43.1610412597656,-9.21113395690918,"Male"
"6018403",371836,2025-08-01 12:29:19,43.1610488891602,-9.21119117736816,"Male"
"6018403",371836,2025-08-01 12:39:45,43.1610794067383,-9.21119499206543,"Male"
"6018403",371836,2025-08-01 12:49:12,43.1430130004883,-9.21646785736084,"Male"
"6018403",371836,2025-08-01 12:59:13,43.0500411987305,-9.26687431335449,"Male"
"6018403",371836,2025-08-01 13:09:13,43.0484848022461,-9.26230812072754,"Male"
"6018403",371836,2025-08-01 13:19:17,43.0488739013672,-9.26337242126465,"Male"
"6018403",371836,2025-08-01 13:29:16,43.0495834350586,-9.26434803009033,"Male"
"6018403",371836,2025-08-01 13:39:14,42.9467353820801,-9.30636692047119,"Male"
"6018403",371836,2025-08-01 13:49:13,42.8731002807617,-9.27579879760742,"Male"
"6018403",371836,2025-08-01 13:59:15,42.8332328796387,-9.20814323425293,"Male"
"6018403",371836,2025-08-01 14:09:16,42.83203125,-9.18172454833984,"Male"
"6018403",371836,2025-08-01 14:19:14,42.8398590087891,-9.14473819732666,"Male"
"6018403",371836,2025-08-01 14:29:15,42.8454360961914,-9.11367225646973,"Male"
"6018403",371836,2025-08-01 14:39:25,42.8455543518066,-9.10619735717773,"Male"
"6018403",371836,2025-08-01 14:49:17,42.8455810546875,-9.10543823242188,"Male"
"6018403",371836,2025-08-01 14:59:23,42.8461265563965,-9.10555553436279,"Male"
"6018403",371836,2025-08-01 15:09:23,42.8460006713867,-9.10530471801758,"Male"
"6018403",371836,2025-08-01 15:19:18,42.8462829589844,-9.10554027557373,"Male"
"6018403",371836,2025-08-01 15:29:19,42.8462600708008,-9.10537624359131,"Male"
"6018403",371836,2025-08-01 15:39:35,42.8463249206543,-9.10558319091797,"Male"
"6018403",371836,2025-08-01 15:49:13,42.8487968444824,-9.11115455627441,"Male"
"6018403",371836,2025-08-01 15:59:13,42.8486595153809,-9.11081695556641,"Male"
"6018403",371836,2025-08-01 16:09:12,42.8488578796387,-9.11019515991211,"Male"
"6018403",371836,2025-08-01 16:19:12,42.8487281799316,-9.11019420623779,"Male"
"6018403",371836,2025-08-01 16:29:12,42.8483734130859,-9.1102352142334,"Male"
"6018403",371836,2025-08-01 16:39:17,42.8460655212402,-9.10958576202393,"Male"
"6018403",371836,2025-08-01 16:49:24,42.8473167419434,-9.10855484008789,"Male"
"6018403",371836,2025-08-01 16:59:12,42.846794128418,-9.10884952545166,"Male"
"6018403",371836,2025-08-01 17:09:14,42.8471908569336,-9.10853004455566,"Male"
"6018403",371836,2025-08-01 17:19:24,42.8473701477051,-9.10859775543213,"Male"
"6018403",371836,2025-08-01 17:29:25,42.8474273681641,-9.10854530334473,"Male"
"6018403",371836,2025-08-01 17:39:24,42.847484588623,-9.10847568511963,"Male"
"6018403",371836,2025-08-01 17:49:12,42.8342590332031,-9.16589164733887,"Male"
"6018403",371836,2025-08-01 17:59:12,42.7374153137207,-9.1481876373291,"Male"
"6018403",371836,2025-08-01 18:09:12,42.6804046630859,-9.14969444274902,"Male"
"6018403",371836,2025-08-01 18:19:16,42.6568374633789,-9.13077831268311,"Male"
"6018403",371836,2025-08-01 18:29:25,42.601921081543,-9.12603855133057,"Male"
"6018403",371836,2025-08-01 18:39:24,42.5458374023438,-9.12306022644043,"Male"
"6018403",371836,2025-08-01 18:49:15,42.5354347229004,-9.12453365325928,"Male"
"6018403",371836,2025-08-01 18:59:15,42.538387298584,-9.13343143463135,"Male"
"6018403",371836,2025-08-01 19:09:13,42.5320205688477,-9.12838268280029,"Male"
"6018403",371836,2025-08-01 19:19:13,42.5416641235352,-9.10460090637207,"Male"
"6018403",371836,2025-08-01 19:29:15,42.5065460205078,-9.06319046020508,"Male"
"6018403",371836,2025-08-01 19:39:15,42.4609146118164,-9.0267505645752,"Male"
"6018403",371836,2025-08-01 19:49:13,42.4223289489746,-8.96587467193604,"Male"
"6018403",371836,2025-08-01 19:59:15,42.3490180969238,-8.93844509124756,"Male"
"6018403",371836,2025-08-01 20:09:14,42.247371673584,-8.96839618682861,"Male"
"6018403",371836,2025-08-01 20:19:17,42.1093673706055,-8.97568225860596,"Male"
"6018403",371836,2025-08-01 20:29:14,41.9956665039062,-8.99338245391846,"Male"
"6018403",371836,2025-08-01 20:39:15,41.8592414855957,-9.03314018249512,"Male"
"6018403",371836,2025-08-01 20:49:25,41.7487411499023,-9.09289836883545,"Male"
"6018403",371836,2025-08-01 20:59:14,41.6553001403809,-9.13753318786621,"Male"
"6018403",371836,2025-08-01 21:09:29,41.5026397705078,-9.15518856048584,"Male"
"6018403",371836,2025-08-01 21:19:24,41.3532867431641,-9.16599369049072,"Male"
"6018403",371836,2025-08-01 21:29:39,41.1955261230469,-9.1747932434082,"Male"
"6018403",371836,2025-08-01 21:39:15,41.0682144165039,-9.17925834655762,"Male"
"6018403",371836,2025-08-01 21:49:13,40.9970664978027,-9.1355676651001,"Male"
"6018403",371836,2025-08-01 21:59:13,40.9541854858398,-9.07010078430176,"Male"
"6018403",371836,2025-08-01 22:09:14,40.8895034790039,-9.02664089202881,"Male"
"6018403",371836,2025-08-01 22:19:21,40.824291229248,-9.00560855865479,"Male"
"6018403",371836,2025-08-01 22:29:15,40.7602500915527,-8.9912109375,"Male"
"6018403",371836,2025-08-01 22:39:14,40.7007865905762,-8.97501564025879,"Male"
"6018403",371836,2025-08-01 22:49:14,40.6578636169434,-8.91695785522461,"Male"
"6018403",371836,2025-08-01 22:59:14,40.6542472839355,-8.82901191711426,"Male"
"6018403",371836,2025-08-01 23:09:14,40.6349258422852,-8.8307409286499,"Male"
"6018403",371836,2025-08-01 23:19:15,40.5840644836426,-8.8023681640625,"Male"
"6018403",371836,2025-08-01 23:29:29,40.5592727661133,-8.80212211608887,"Male"
"6018403",371836,2025-08-01 23:39:18,40.5589790344238,-8.80387115478516,"Male"
"6018403",371836,2025-08-01 23:49:45,40.5219879150391,-8.81897449493408,"Male"
"6018403",371836,2025-08-01 23:59:35,40.4872665405273,-8.816650390625,"Male"
"6018403",371836,2025-08-02 00:09:24,40.4567718505859,-8.83798885345459,"Male"
"6018403",371836,2025-08-02 00:19:59,40.4196815490723,-8.86120796203613,"Male"
"6018403",371836,2025-08-02 00:29:21,40.3838119506836,-8.87205505371094,"Male"
"6018403",371836,2025-08-02 00:39:19,40.3455810546875,-8.89157485961914,"Male"
"6018403",371836,2025-08-02 00:49:14,40.3024482727051,-8.90541076660156,"Male"
"6018403",371836,2025-08-02 00:59:17,40.2581367492676,-8.91433715820312,"Male"
"6018403",371836,2025-08-02 01:09:25,40.2183723449707,-8.93669509887695,"Male"
"6018403",371836,2025-08-02 01:19:14,40.1726417541504,-8.94569110870361,"Male"
"6018403",371836,2025-08-02 01:29:14,40.1236190795898,-8.94875240325928,"Male"
"6018403",371836,2025-08-02 01:39:39,40.0789184570312,-8.962477684021,"Male"
"6018403",371836,2025-08-02 01:50:05,40.0452156066895,-8.96482181549072,"Male"
"6018403",371836,2025-08-02 01:59:14,40.0410614013672,-8.96443843841553,"Male"
"6018403",371836,2025-08-02 02:09:13,39.9924125671387,-8.96688842773438,"Male"
"6018403",371836,2025-08-02 02:19:13,39.9450836181641,-8.97296905517578,"Male"
"6018403",371836,2025-08-02 02:29:13,39.9042472839355,-8.99482154846191,"Male"
"6018403",371836,2025-08-02 02:39:14,39.8664474487305,-9.01874160766602,"Male"
"6018403",371836,2025-08-02 02:49:13,39.8237190246582,-9.03865242004395,"Male"
"6018403",371836,2025-08-02 02:59:14,39.7835731506348,-9.06508636474609,"Male"
"6018403",371836,2025-08-02 03:09:15,39.7426872253418,-9.09042739868164,"Male"
"6018403",371836,2025-08-02 03:19:13,39.6998596191406,-9.10094928741455,"Male"
"6018403",371836,2025-08-02 03:29:14,39.6554298400879,-9.10923671722412,"Male"
"6018403",371836,2025-08-02 03:39:14,39.6137847900391,-9.11897659301758,"Male"
"6018403",371836,2025-08-02 03:49:14,39.5728073120117,-9.13728809356689,"Male"
"6018403",371836,2025-08-02 03:59:15,39.5354347229004,-9.16886806488037,"Male"
"6018403",371836,2025-08-02 04:09:19,39.5027313232422,-9.21104049682617,"Male"
"6018403",371836,2025-08-02 04:19:42,39.4604873657227,-9.25100994110107,"Male"
"6018403",371836,2025-08-02 04:29:35,39.4189987182617,-9.29156494140625,"Male"
"6018403",371836,2025-08-02 04:39:16,39.3804740905762,-9.33994388580322,"Male"
"6018403",371836,2025-08-02 04:49:18,39.3801574707031,-9.3421802520752,"Male"
"6018403",371836,2025-08-02 04:59:16,39.3506126403809,-9.37009620666504,"Male"
"6018403",371836,2025-08-02 05:09:17,39.2944641113281,-9.37457466125488,"Male"
"6018403",371836,2025-08-02 05:19:17,39.2479629516602,-9.35206127166748,"Male"
"6018403",371836,2025-08-02 05:29:18,39.2145004272461,-9.34434604644775,"Male"
"6018403",371836,2025-08-02 05:39:18,39.2144546508789,-9.3443775177002,"Male"
"6018403",371836,2025-08-02 05:49:30,39.2145156860352,-9.34443473815918,"Male"
"6018403",371836,2025-08-02 05:59:35,39.2143135070801,-9.34438323974609,"Male"
"6018403",371836,2025-08-02 06:09:14,39.2142143249512,-9.34421443939209,"Male"
"6018403",371836,2025-08-02 06:19:14,39.2142753601074,-9.34420680999756,"Male"
"6018403",371836,2025-08-02 06:29:15,39.1779899597168,-9.35566520690918,"Male"
"6018403",371836,2025-08-02 06:39:15,39.1781921386719,-9.35610198974609,"Male"
"6018403",371836,2025-08-02 06:49:13,39.1781234741211,-9.35591697692871,"Male"
"6018403",371836,2025-08-02 06:59:14,39.1782150268555,-9.35627937316895,"Male"
"6018403",371836,2025-08-02 07:09:13,39.1727714538574,-9.3586950302124,"Male"
"6018403",371836,2025-08-02 07:19:13,39.1727485656738,-9.35847568511963,"Male"
"6018403",371836,2025-08-02 07:29:13,39.1727561950684,-9.35850811004639,"Male"
"6018403",371836,2025-08-02 07:39:13,39.1727294921875,-9.35862445831299,"Male"
"6018403",371836,2025-08-02 07:49:13,39.1726608276367,-9.35937404632568,"Male"
"6018403",371836,2025-08-02 07:59:19,39.158519744873,-9.36758708953857,"Male"
"6018403",371836,2025-08-02 08:09:14,39.1080017089844,-9.40308380126953,"Male"
"6018403",371836,2025-08-02 08:19:14,39.0579299926758,-9.43405818939209,"Male"
"6018403",371836,2025-08-02 08:29:35,38.9905662536621,-9.44272708892822,"Male"
"6018403",371836,2025-08-02 08:39:35,38.9418449401855,-9.43284797668457,"Male"
"6018403",371836,2025-08-02 08:49:13,38.9146041870117,-9.45265769958496,"Male"
"6018403",371836,2025-08-02 08:59:13,38.8730392456055,-9.46763610839844,"Male"
"6018403",371836,2025-08-02 09:09:14,38.8034934997559,-9.5008544921875,"Male"
"6018403",371836,2025-08-02 09:19:25,38.7110404968262,-9.48353958129883,"Male"
"6018403",371836,2025-08-02 09:29:25,38.6617088317871,-9.39162731170654,"Male"
"6018403",371836,2025-08-02 09:39:35,38.6332702636719,-9.31295108795166,"Male"
"6018403",371836,2025-08-02 09:49:13,38.625301361084,-9.255051612854,"Male"
"6018403",371836,2025-08-02 09:59:13,38.6250801086426,-9.2394847869873,"Male"
"6018403",371836,2025-08-02 10:09:14,38.5788993835449,-9.20794010162354,"Male"
"6018403",371836,2025-08-02 10:19:13,38.5271034240723,-9.18272113800049,"Male"
"6018403",371836,2025-08-02 10:29:15,38.5273132324219,-9.18262004852295,"Male"
"6018403",371836,2025-08-02 10:39:15,38.527271270752,-9.18298053741455,"Male"
"6018403",371836,2025-08-02 10:49:15,38.5271072387695,-9.18264198303223,"Male"
"6018403",371836,2025-08-02 10:59:14,38.5273323059082,-9.1827507019043,"Male"
"6018403",371836,2025-08-02 11:09:16,38.5273513793945,-9.18291473388672,"Male"
"6018403",371836,2025-08-02 11:19:14,38.527156829834,-9.18309020996094,"Male"
"6018403",371836,2025-08-02 11:29:15,38.5271492004395,-9.18305110931396,"Male"
"6018403",371836,2025-08-02 11:39:15,38.5271339416504,-9.18288421630859,"Male"
"6018403",371836,2025-08-02 11:49:15,38.5272102355957,-9.18285369873047,"Male"
"6018403",371836,2025-08-02 11:59:14,38.5271797180176,-9.18281936645508,"Male"
"6018403",371836,2025-08-02 12:09:14,38.4884033203125,-9.18264865875244,"Male"
"6018403",371836,2025-08-02 12:19:15,38.4317016601562,-9.21386528015137,"Male"
"6018403",371836,2025-08-02 12:29:14,38.3991775512695,-9.16242027282715,"Male"
"6018403",371836,2025-08-02 12:39:15,38.3696022033691,-9.05193328857422,"Male"
"6018403",371836,2025-08-02 12:49:14,38.3208694458008,-8.96860790252686,"Male"
"6018403",371836,2025-08-02 12:59:35,38.253734588623,-8.91467189788818,"Male"
"6018403",371836,2025-08-02 13:09:14,38.1880073547363,-8.84657764434814,"Male"
"6018403",371836,2025-08-02 13:19:14,38.1242713928223,-8.79746723175049,"Male"
"6018403",371836,2025-08-02 13:29:16,38.0745429992676,-8.80320072174072,"Male"
"6018403",371836,2025-08-02 13:39:17,38.0165596008301,-8.84000968933105,"Male"
"6018403",371836,2025-08-02 13:49:35,37.9808082580566,-8.85903739929199,"Male"
"6018403",371836,2025-08-02 13:59:14,37.9815902709961,-8.86297702789307,"Male"
"6018403",371836,2025-08-02 14:09:15,37.974681854248,-8.86735916137695,"Male"
"6018403",371836,2025-08-02 14:19:15,37.9020614624023,-8.8378381729126,"Male"
"6018403",371836,2025-08-02 14:29:15,37.8100471496582,-8.79611301422119,"Male"
"6018403",371836,2025-08-02 14:39:14,37.7406311035156,-8.80917072296143,"Male"
"6018403",371836,2025-08-02 14:49:14,37.6609497070312,-8.80179691314697,"Male"
"6018403",371836,2025-08-02 14:59:15,37.5878715515137,-8.81658267974854,"Male"
"6018403",371836,2025-08-02 15:09:15,37.5215530395508,-8.78963565826416,"Male"
"6018403",371836,2025-08-02 15:19:14,37.4568176269531,-8.79813289642334,"Male"
"6018403",371836,2025-08-02 15:29:14,37.3930740356445,-8.81994342803955,"Male"
"6018403",371836,2025-08-02 15:39:14,37.3345794677734,-8.85947608947754,"Male"
"6018403",371836,2025-08-02 15:49:15,37.2815895080566,-8.86625099182129,"Male"
"6018403",371836,2025-08-02 15:59:14,37.2106742858887,-8.88731956481934,"Male"
"6018403",371836,2025-08-02 16:09:14,37.1418762207031,-8.91753673553467,"Male"
"6018403",371836,2025-08-02 16:19:14,37.0746383666992,-8.95930480957031,"Male"
"6018403",371836,2025-08-02 16:29:15,37.0021629333496,-8.95480537414551,"Male"
"6018403",371836,2025-08-02 16:39:15,36.9782409667969,-8.86358261108398,"Male"
"6018403",371836,2025-08-02 16:49:15,36.9015808105469,-8.77847194671631,"Male"
"6018403",371836,2025-08-02 16:59:25,36.8152008056641,-8.69242668151855,"Male"
"6018403",371836,2025-08-02 17:09:15,36.750171661377,-8.58420848846436,"Male"
"6018403",371836,2025-08-02 17:19:16,36.6595764160156,-8.50075149536133,"Male"
"6018403",371836,2025-08-02 17:29:14,36.5774574279785,-8.40011596679688,"Male"
"6018403",371836,2025-08-02 17:39:14,36.4876441955566,-8.311110496521,"Male"
"6018403",371836,2025-08-02 17:49:23,36.4134330749512,-8.23878192901611,"Male"
"6018403",371836,2025-08-02 17:59:37,36.3330535888672,-8.1626091003418,"Male"
"6018403",371836,2025-08-02 18:09:14,36.2734031677246,-8.08929347991943,"Male"
"6018403",371836,2025-08-02 18:19:14,36.2043762207031,-8.01282215118408,"Male"
"6018403",371836,2025-08-02 18:29:15,36.1360321044922,-7.94247961044312,"Male"
"6018403",371836,2025-08-02 18:39:14,36.057559967041,-7.88173866271973,"Male"
"6018403",371836,2025-08-02 18:49:14,35.9661407470703,-7.84532260894775,"Male"
"6018403",371836,2025-08-02 18:59:17,35.874641418457,-7.81436729431152,"Male"
"6018403",371836,2025-08-02 19:09:14,35.7846488952637,-7.79002475738525,"Male"
"6018403",371836,2025-08-02 19:19:22,35.700267791748,-7.75541591644287,"Male"
"6018403",371836,2025-08-02 19:29:14,35.6171264648438,-7.71853160858154,"Male"
"6018403",371836,2025-08-02 19:39:14,35.543586730957,-7.67600250244141,"Male"
"6018403",371836,2025-08-02 19:49:14,35.4639549255371,-7.63332557678223,"Male"
"6018403",371836,2025-08-02 19:59:14,35.3776359558105,-7.59314584732056,"Male"
"6018403",371836,2025-08-02 20:09:21,35.2930297851562,-7.54700231552124,"Male"
"6018403",371836,2025-08-02 20:19:14,35.220531463623,-7.49148368835449,"Male"
"6018403",371836,2025-08-02 20:30:21,35.1486587524414,-7.4211220741272,"Male"
"6018403",371836,2025-08-02 20:40:22,35.0885238647461,-7.35296869277954,"Male"
"6018403",371836,2025-08-02 20:50:21,35.03076171875,-7.28181457519531,"Male"
"6018403",371836,2025-08-02 21:00:21,34.996150970459,-7.20341873168945,"Male"
"6018403",371836,2025-08-02 21:10:22,34.9460678100586,-7.12618398666382,"Male"
"6018403",371836,2025-08-02 21:20:22,34.9032974243164,-7.03935861587524,"Male"
"6018403",371836,2025-08-02 21:30:21,34.8565635681152,-6.98376655578613,"Male"
"6018403",371836,2025-08-02 21:40:21,34.8118438720703,-6.96205759048462,"Male"
"6018403",371836,2025-08-02 21:50:21,34.7606773376465,-6.94070911407471,"Male"
"6018403",371836,2025-08-02 22:00:21,34.7174606323242,-6.93906736373901,"Male"
"6018403",371836,2025-08-02 22:10:22,34.7221145629883,-6.94386625289917,"Male"
"6018403",371836,2025-08-02 22:20:22,34.7294845581055,-6.95280790328979,"Male"
"6018403",371836,2025-08-02 22:30:24,34.7286033630371,-6.95454788208008,"Male"
"6018403",371836,2025-08-02 22:40:22,34.7226104736328,-6.95172786712646,"Male"
"6018403",371836,2025-08-02 22:50:25,34.720386505127,-6.95439624786377,"Male"
"6018403",371836,2025-08-02 23:00:25,34.7220001220703,-6.95589685440063,"Male"
"6018403",371836,2025-08-02 23:10:22,34.7231330871582,-6.95669794082642,"Male"
"6018403",371836,2025-08-02 23:20:22,34.6749114990234,-6.93118190765381,"Male"
"6018403",371836,2025-08-02 23:30:21,34.625846862793,-6.90637016296387,"Male"
"6018403",371836,2025-08-02 23:40:21,34.5783042907715,-6.87700033187866,"Male"
"6018403",371836,2025-08-02 23:50:22,34.5392913818359,-6.84643316268921,"Male"
"6018403",371836,2025-08-03 00:00:22,34.4991607666016,-6.79407119750977,"Male"
"6018403",371836,2025-08-03 00:10:22,34.4570083618164,-6.73466491699219,"Male"
"6018403",371836,2025-08-03 00:20:22,34.429859161377,-6.68352270126343,"Male"
"6018403",371836,2025-08-03 00:30:30,34.3957862854004,-6.63401412963867,"Male"
"6018403",371836,2025-08-03 00:40:26,34.3645935058594,-6.60502767562866,"Male"
"6018403",371836,2025-08-03 00:50:29,34.3468208312988,-6.61740255355835,"Male"
"6018403",371836,2025-08-03 01:00:29,34.3467292785645,-6.61748075485229,"Male"
"6018403",371836,2025-08-03 01:10:37,34.3463706970215,-6.61776208877563,"Male"
"6018403",371836,2025-08-03 01:20:38,34.3462905883789,-6.61789226531982,"Male"
"6018403",371836,2025-08-03 01:31:35,34.3459854125977,-6.61812877655029,"Male"
"6018403",371836,2025-08-03 01:40:22,34.3449020385742,-6.6186957359314,"Male"
"6018403",371836,2025-08-03 01:50:22,34.3436851501465,-6.61947870254517,"Male"
"6018403",371836,2025-08-03 02:00:22,34.3454170227051,-6.61857223510742,"Male"
"6018403",371836,2025-08-03 02:10:30,34.3454208374023,-6.61858081817627,"Male"
"6018403",371836,2025-08-03 02:20:21,34.3454437255859,-6.61860942840576,"Male"
"6018403",371836,2025-08-03 02:30:20,34.3474540710449,-6.62541675567627,"Male"
"6018403",371836,2025-08-03 02:40:21,34.3305625915527,-6.65615463256836,"Male"
"6018403",371836,2025-08-03 02:50:21,34.3103141784668,-6.6746711730957,"Male"
"6018403",371836,2025-08-03 03:00:22,34.3014144897461,-6.69153547286987,"Male"
"6018403",371836,2025-08-03 03:10:22,34.2837219238281,-6.72384738922119,"Male"
"6018403",371836,2025-08-03 03:20:22,34.2758560180664,-6.74496364593506,"Male"
"6018403",371836,2025-08-03 03:30:22,34.2772483825684,-6.74346399307251,"Male"
"6018403",371836,2025-08-03 03:40:22,34.2549247741699,-6.75284385681152,"Male"
"6018403",371836,2025-08-03 03:50:22,34.2434120178223,-6.7798490524292,"Male"
"6018403",371836,2025-08-03 04:00:22,34.2435073852539,-6.77899360656738,"Male"
"6018403",371836,2025-08-03 04:10:22,34.2444839477539,-6.77774381637573,"Male"
"6018403",371836,2025-08-03 04:20:23,34.2453079223633,-6.77667903900146,"Male"
"6018403",371836,2025-08-03 04:30:21,34.2431411743164,-6.77966833114624,"Male"
"6018403",371836,2025-08-03 04:40:22,34.2184028625488,-6.79776191711426,"Male"
"6018403",371836,2025-08-03 04:50:21,34.1837692260742,-6.80832624435425,"Male"
"6018403",371836,2025-08-03 05:00:20,34.1737022399902,-6.80791664123535,"Male"
"6018403",371836,2025-08-03 05:10:22,34.1475067138672,-6.82202291488647,"Male"
"6018403",371836,2025-08-03 05:20:22,34.1401824951172,-6.84514808654785,"Male"
"6018403",371836,2025-08-03 05:30:21,34.1244735717773,-6.83167839050293,"Male"
"6018403",371836,2025-08-03 05:40:22,34.086067199707,-6.80573987960815,"Male"
"6018403",371836,2025-08-03 05:50:25,34.0638427734375,-6.80628824234009,"Male"
"6018403",371836,2025-08-03 06:00:22,34.0492782592773,-6.82660579681396,"Male"
"6018403",371836,2025-08-03 06:10:28,34.0348052978516,-6.83244562149048,"Male"
"6018403",371836,2025-08-03 06:20:25,34.0346794128418,-6.8327956199646,"Male"
"6018403",371836,2025-08-03 06:30:22,34.0345993041992,-6.83255672454834,"Male"
"6018403",371836,2025-08-03 06:40:24,34.0105094909668,-6.85421800613403,"Male"
"6018403",371836,2025-08-03 06:50:22,33.9999160766602,-6.87767267227173,"Male"
"6018403",371836,2025-08-03 07:00:22,33.9881820678711,-6.88494920730591,"Male"
"6018403",371836,2025-08-03 07:10:22,33.9590148925781,-6.91811180114746,"Male"
"6018403",371836,2025-08-03 07:20:22,33.9542999267578,-6.92679214477539,"Male"
"6018403",371836,2025-08-03 07:30:22,33.9445343017578,-6.93593311309815,"Male"
"6018403",371836,2025-08-03 07:40:22,33.9141540527344,-6.96507453918457,"Male"
"6018403",371836,2025-08-03 07:50:22,33.9094161987305,-6.97633075714111,"Male"
"6018403",371836,2025-08-03 08:00:22,33.8905410766602,-7.01243925094604,"Male"
"6018403",371836,2025-08-03 08:10:22,33.8788223266602,-7.01189136505127,"Male"
"6018403",371836,2025-08-03 08:20:27,33.8787612915039,-7.01198720932007,"Male"
"6018403",371836,2025-08-03 08:30:21,33.8748588562012,-7.015540599823,"Male"
"6018403",371836,2025-08-03 08:40:21,33.8617324829102,-7.05757427215576,"Male"
"6018403",371836,2025-08-03 08:50:22,33.8463401794434,-7.09090852737427,"Male"
"6018403",371836,2025-08-03 09:00:22,33.8292350769043,-7.12728834152222,"Male"
"6018403",371836,2025-08-03 09:10:21,33.8150253295898,-7.17086553573608,"Male"
"6018403",371836,2025-08-03 09:20:22,33.7952575683594,-7.21499252319336,"Male"
"6018403",371836,2025-08-03 09:30:21,33.7828521728516,-7.24577903747559,"Male"
"6018403",371836,2025-08-03 09:40:21,33.7576789855957,-7.28427219390869,"Male"
"6018403",371836,2025-08-03 09:50:22,33.7196769714355,-7.33424806594849,"Male"
"6018403",371836,2025-08-03 10:00:21,33.6810569763184,-7.34442090988159,"Male"
"6018403",371836,2025-08-03 10:10:21,33.6566429138184,-7.34265804290771,"Male"
"6018403",371836,2025-08-03 10:20:21,33.6604461669922,-7.33934545516968,"Male"
"6018403",371836,2025-08-03 10:30:25,33.6575622558594,-7.34499549865723,"Male"
"6018403",371836,2025-08-03 10:40:24,33.6577072143555,-7.34448909759521,"Male"
"6018403",371836,2025-08-03 10:50:22,33.6573257446289,-7.34349393844604,"Male"
"6018403",371836,2025-08-03 11:00:23,33.6660194396973,-7.38465213775635,"Male"
"6018403",371836,2025-08-03 11:10:22,33.6571769714355,-7.42021512985229,"Male"
"6018403",371836,2025-08-03 11:20:23,33.6263122558594,-7.44454002380371,"Male"
"6018403",371836,2025-08-03 11:30:23,33.6010627746582,-7.48439025878906,"Male"
"6018403",371836,2025-08-03 11:40:23,33.5748672485352,-7.5203857421875,"Male"
"6018403",371836,2025-08-03 11:50:22,33.5486640930176,-7.53770446777344,"Male"
"6018403",371836,2025-08-03 12:00:22,33.5203094482422,-7.54319047927856,"Male"
"6018403",371836,2025-08-03 12:10:23,33.4787712097168,-7.5393385887146,"Male"
"6018403",371836,2025-08-03 12:20:25,33.4807548522949,-7.53805255889893,"Male"
"6018403",371836,2025-08-03 12:30:30,33.4818878173828,-7.5399112701416,"Male"
"6018403",371836,2025-08-03 12:40:25,33.4815406799316,-7.53960561752319,"Male"
"6018403",371836,2025-08-03 12:50:28,33.4808540344238,-7.53793001174927,"Male"
"6018403",371836,2025-08-03 13:00:25,33.4807243347168,-7.53793382644653,"Male"
"6018403",371836,2025-08-03 13:10:30,33.4807281494141,-7.53793048858643,"Male"
"6018403",371836,2025-08-03 13:20:25,33.480770111084,-7.53800868988037,"Male"
"6018403",371836,2025-08-03 13:30:28,33.4808311462402,-7.53789615631104,"Male"
"6018403",371836,2025-08-03 13:40:25,33.4807243347168,-7.53786134719849,"Male"
"6018403",371836,2025-08-03 13:50:41,33.4807472229004,-7.5378475189209,"Male"
"6018403",371836,2025-08-03 14:00:23,33.4806289672852,-7.53775882720947,"Male"
"6018403",371836,2025-08-03 14:10:24,33.4807395935059,-7.5379319190979,"Male"
"6018403",371836,2025-08-03 14:20:22,33.4747848510742,-7.52988290786743,"Male"
"6018403",371836,2025-08-03 14:30:24,33.4844665527344,-7.5454797744751,"Male"
"6018403",371836,2025-08-03 14:40:25,33.4823341369629,-7.53964805603027,"Male"
"6018403",371836,2025-08-03 14:50:44,33.482234954834,-7.53902435302734,"Male"
"6018403",371836,2025-08-03 15:00:27,33.4825973510742,-7.5398063659668,"Male"
"6018403",371836,2025-08-03 15:10:27,33.4820022583008,-7.53976154327393,"Male"
"6018403",371836,2025-08-03 15:20:25,33.4819488525391,-7.53991413116455,"Male"
"6018403",371836,2025-08-03 15:30:29,33.4819183349609,-7.53989887237549,"Male"
"6018403",371836,2025-08-03 15:40:31,33.4823188781738,-7.54008197784424,"Male"
"6018403",371836,2025-08-03 15:50:59,33.4822959899902,-7.53964567184448,"Male"
"6018403",371836,2025-08-03 16:00:22,33.4819068908691,-7.53919792175293,"Male"
"6018403",371836,2025-08-03 16:10:22,33.48193359375,-7.53918695449829,"Male"
"6018403",371836,2025-08-03 16:20:23,33.4826126098633,-7.54034566879272,"Male"
"6018403",371836,2025-08-03 16:30:27,33.4819068908691,-7.53894567489624,"Male"
"6018403",371836,2025-08-03 16:40:23,33.4817657470703,-7.53908824920654,"Male"
"6018403",371836,2025-08-03 16:50:22,33.4817276000977,-7.53886699676514,"Male"
"6018403",371836,2025-08-03 17:00:23,33.4791679382324,-7.53705024719238,"Male"
"6018403",371836,2025-08-03 17:10:30,33.4792785644531,-7.5379376411438,"Male"
"6018403",371836,2025-08-03 17:20:24,33.4787292480469,-7.53747463226318,"Male"
"6018403",371836,2025-08-03 17:30:32,33.4793395996094,-7.53702449798584,"Male"
"6018403",371836,2025-08-03 17:40:31,33.4792900085449,-7.53691720962524,"Male"
"6018403",371836,2025-08-03 17:50:37,33.4795417785645,-7.53696393966675,"Male"
"6018403",371836,2025-08-03 18:00:33,33.4805793762207,-7.5379490852356,"Male"
"6018403",371836,2025-08-03 18:10:34,33.4805107116699,-7.5380802154541,"Male"
"6018403",371836,2025-08-03 18:20:23,33.4791450500488,-7.540123462677,"Male"
"6018403",371836,2025-08-03 18:30:23,33.4787979125977,-7.54028034210205,"Male"
"6018403",371836,2025-08-03 18:40:29,33.507625579834,-7.5432596206665,"Male"
"6018403",371836,2025-08-03 18:50:44,33.5473327636719,-7.55620574951172,"Male"
"6018403",371836,2025-08-03 19:00:27,33.5820083618164,-7.58061218261719,"Male"
"6018403",371836,2025-08-03 19:10:25,33.5987319946289,-7.59894943237305,"Male"
"6018403",371836,2025-08-03 19:20:25,33.5986595153809,-7.59895133972168,"Male"
"6018403",371836,2025-08-03 19:30:29,33.5986366271973,-7.59905052185059,"Male"
"6018403",371836,2025-08-03 19:40:47,33.5986366271973,-7.59900045394897,"Male"
"6018403",371836,2025-08-03 19:50:30,33.5987930297852,-7.59844732284546,"Male"
"6018403",371836,2025-08-03 20:00:49,33.598747253418,-7.59883403778076,"Male"
"6018403",371836,2025-08-03 20:10:22,33.6005172729492,-7.60219669342041,"Male"
"6018403",371836,2025-08-03 20:20:24,33.6013946533203,-7.60586261749268,"Male"
"6018403",371836,2025-08-03 20:30:23,33.6017112731934,-7.60625123977661,"Male"
"6018403",371836,2025-08-03 20:40:23,33.6015129089355,-7.60626268386841,"Male"
"6018403",371836,2025-08-03 20:50:30,33.601619720459,-7.60634183883667,"Male"
"6018403",371836,2025-08-03 21:00:25,33.6015968322754,-7.60646629333496,"Male"
"6018403",371836,2025-08-03 21:10:30,33.6016845703125,-7.60628509521484,"Male"
"6018403",371836,2025-08-03 21:20:30,33.6016464233398,-7.6062388420105,"Male"
"6018403",371836,2025-08-03 21:30:30,33.6017532348633,-7.60667324066162,"Male"
"6018403",371836,2025-08-03 21:40:29,33.6016883850098,-7.60631704330444,"Male"
"6018403",371836,2025-08-03 21:50:30,33.6016540527344,-7.60633373260498,"Male"
"6018403",371836,2025-08-03 22:00:51,33.6016960144043,-7.60630130767822,"Male"
"6018403",371836,2025-08-03 22:10:23,33.6016387939453,-7.60616111755371,"Male"
"6018403",371836,2025-08-03 22:20:41,33.6020317077637,-7.60659122467041,"Male"
"6018403",371836,2025-08-03 22:30:42,33.601806640625,-7.60627555847168,"Male"
"6018403",371836,2025-08-03 22:40:31,33.6017532348633,-7.60656404495239,"Male"
"6018403",371836,2025-08-03 22:50:25,33.6017837524414,-7.60704946517944,"Male"
"6018403",371836,2025-08-03 23:00:27,33.6016693115234,-7.60652542114258,"Male"
"6018403",371836,2025-08-03 23:10:24,33.6021194458008,-7.60693788528442,"Male"
"6018403",371836,2025-08-03 23:20:44,33.6017456054688,-7.60657691955566,"Male"
"6018403",371836,2025-08-03 23:30:37,33.601505279541,-7.6060962677002,"Male"
"6018403",371836,2025-08-03 23:40:37,33.6017265319824,-7.60635375976562,"Male"
"6018403",371836,2025-08-03 23:50:32,33.6014976501465,-7.60575723648071,"Male"
"6018403",371836,2025-08-04 00:00:46,33.6019515991211,-7.60729122161865,"Male"
"6018403",371836,2025-08-04 00:10:53,33.601634979248,-7.60632944107056,"Male"
"6018403",371836,2025-08-04 00:20:22,33.6013336181641,-7.60623645782471,"Male"
"6018403",371836,2025-08-04 00:30:22,33.6010360717773,-7.60602521896362,"Male"
"6018403",371836,2025-08-04 00:40:24,33.600830078125,-7.60356616973877,"Male"
"6018403",371836,2025-08-04 00:50:23,33.6009483337402,-7.60365772247315,"Male"
"6018403",371836,2025-08-04 01:00:23,33.6014213562012,-7.60402727127075,"Male"
"6018403",371836,2025-08-04 01:10:28,33.6012115478516,-7.60382318496704,"Male"
"6018403",371836,2025-08-04 01:20:25,33.601016998291,-7.60389566421509,"Male"
"6018403",371836,2025-08-04 01:30:25,33.6009979248047,-7.60394382476807,"Male"
"6018403",371836,2025-08-04 01:40:25,33.6009178161621,-7.60394906997681,"Male"
"6018403",371836,2025-08-04 01:50:23,33.6008644104004,-7.60363245010376,"Male"
"6018403",371836,2025-08-04 02:00:39,33.6008605957031,-7.60363006591797,"Male"
"6018403",371836,2025-08-04 02:10:40,33.6008834838867,-7.6036205291748,"Male"
"6018403",371836,2025-08-04 02:20:31,33.6008262634277,-7.60358285903931,"Male"
"6018403",371836,2025-08-04 02:30:25,33.60107421875,-7.6037540435791,"Male"
"6018403",371836,2025-08-04 02:40:36,33.6007194519043,-7.60323858261108,"Male"
"6018403",371836,2025-08-04 02:50:31,33.6008338928223,-7.60355043411255,"Male"
"6018403",371836,2025-08-04 03:00:56,33.6008224487305,-7.60348415374756,"Male"
"6018403",371836,2025-08-04 03:10:22,33.600715637207,-7.60312461853027,"Male"
"6018403",371836,2025-08-04 03:20:29,33.6009368896484,-7.60376167297363,"Male"
"6018403",371836,2025-08-04 03:30:29,33.6009902954102,-7.60387325286865,"Male"
"6018403",371836,2025-08-04 03:40:24,33.600944519043,-7.60389804840088,"Male"
"6018403",371836,2025-08-04 03:50:34,33.6008644104004,-7.60381698608398,"Male"
"6018403",371836,2025-08-04 04:00:31,33.6011962890625,-7.60199689865112,"Male"
"6018403",371836,2025-08-04 04:10:52,33.600887298584,-7.60367727279663,"Male"
"6018403",371836,2025-08-04 04:20:23,33.6009292602539,-7.60365390777588,"Male"
"6018403",371836,2025-08-04 04:30:25,33.6008834838867,-7.60347747802734,"Male"
"6018403",371836,2025-08-04 04:40:23,33.6008529663086,-7.6037015914917,"Male"
"6018403",371836,2025-08-04 04:50:22,33.6007766723633,-7.60364580154419,"Male"
"6018403",371836,2025-08-04 05:00:29,33.6005935668945,-7.60370540618896,"Male"
"6018403",371836,2025-08-04 05:10:24,33.6009559631348,-7.60362148284912,"Male"
"6018403",371836,2025-08-04 05:20:25,33.6008605957031,-7.60360336303711,"Male"
"6018403",371836,2025-08-04 05:30:24,33.6008377075195,-7.60365962982178,"Male"
"6018403",371836,2025-08-04 05:40:22,33.5931358337402,-7.60226726531982,"Male"
"6018403",371836,2025-08-04 05:50:22,33.5477867126465,-7.57309150695801,"Male"
"6018403",371836,2025-08-04 06:00:22,33.500904083252,-7.54016399383545,"Male"
"6018403",371836,2025-08-04 06:10:22,33.497859954834,-7.53959703445435,"Male"
"6018403",371836,2025-08-04 06:20:23,33.4822044372559,-7.53883266448975,"Male"
"6018403",371836,2025-08-04 06:30:30,33.479377746582,-7.53924036026001,"Male"
"6018403",371836,2025-08-04 06:40:51,33.4746322631836,-7.53810548782349,"Male"
"6018403",371836,2025-08-04 06:50:30,33.4745597839355,-7.53813934326172,"Male"
"6018403",371836,2025-08-04 07:00:48,33.4799308776855,-7.53870677947998,"Male"
"6018403",371836,2025-08-04 07:10:59,33.4795265197754,-7.53919219970703,"Male"
"6018403",371836,2025-08-04 07:20:23,33.4631690979004,-7.53073835372925,"Male"
"6018403",371836,2025-08-04 07:30:25,33.4631080627441,-7.53084802627563,"Male"
"6018403",371836,2025-08-04 07:40:25,33.4631576538086,-7.53086519241333,"Male"
"6018403",371836,2025-08-04 07:50:24,33.4631614685059,-7.53046274185181,"Male"
"6018403",371836,2025-08-04 08:00:22,33.4630737304688,-7.53082323074341,"Male"
"6018403",371836,2025-08-04 08:10:22,33.4630928039551,-7.53071069717407,"Male"
"6018403",371836,2025-08-04 08:20:22,33.4479370117188,-7.53378057479858,"Male"
"6018403",371836,2025-08-04 08:30:23,33.4626770019531,-7.53395366668701,"Male"
"6018403",371836,2025-08-04 08:40:25,33.4794769287109,-7.53942584991455,"Male"
"6018403",371836,2025-08-04 08:50:30,33.5018119812012,-7.54010534286499,"Male"
"6018403",371836,2025-08-04 09:00:37,33.504020690918,-7.54125738143921,"Male"
"6018403",371836,2025-08-04 09:10:52,33.5025482177734,-7.5395188331604,"Male"
"6018403",371836,2025-08-04 09:20:28,33.5254936218262,-7.53840589523315,"Male"
"6018403",371836,2025-08-04 09:30:28,33.5862083435059,-7.56103706359863,"Male"
"6018403",371836,2025-08-04 09:40:26,33.6132965087891,-7.56315326690674,"Male"
"6018403",371836,2025-08-04 09:50:39,33.6134376525879,-7.56307220458984,"Male"
"6018403",371836,2025-08-04 10:00:51,33.6131286621094,-7.56328582763672,"Male"
"6018403",371836,2025-08-04 10:10:22,33.6132011413574,-7.56334590911865,"Male"
"6018403",371836,2025-08-04 10:20:22,33.613208770752,-7.56321001052856,"Male"
"6018403",371836,2025-08-04 10:30:22,33.6131286621094,-7.56322622299194,"Male"
"6018403",371836,2025-08-04 10:40:28,33.6130905151367,-7.56331729888916,"Male"
"6018403",371836,2025-08-04 10:50:21,33.6130752563477,-7.56336688995361,"Male"
"6018403",371836,2025-08-04 11:00:29,33.6130752563477,-7.56326150894165,"Male"
"6018403",371836,2025-08-04 11:10:21,33.6126556396484,-7.56388854980469,"Male"
"6018403",371836,2025-08-04 11:20:21,33.6130714416504,-7.56323623657227,"Male"
"6018403",371836,2025-08-04 11:30:27,33.6130714416504,-7.56337261199951,"Male"
"6018403",371836,2025-08-04 11:40:24,33.6129150390625,-7.56322956085205,"Male"
"6018403",371836,2025-08-04 11:50:24,33.6130714416504,-7.56342649459839,"Male"
"6018403",371836,2025-08-04 12:00:35,33.6128158569336,-7.56311798095703,"Male"
"6018403",371836,2025-08-04 12:10:30,33.6131172180176,-7.56346273422241,"Male"
"6018403",371836,2025-08-04 12:20:30,33.6132011413574,-7.56349277496338,"Male"
"6018403",371836,2025-08-04 12:30:37,33.6130752563477,-7.56332540512085,"Male"
"6018403",371836,2025-08-04 12:40:34,33.6130599975586,-7.56334352493286,"Male"
"6018403",371836,2025-08-04 12:50:33,33.5756912231445,-7.57496356964111,"Male"
"6018403",371836,2025-08-04 13:00:44,33.5103759765625,-7.55166244506836,"Male"
"6018403",371836,2025-08-04 13:10:32,33.4792175292969,-7.53889179229736,"Male"
"6018403",371836,2025-08-04 13:20:27,33.4791641235352,-7.53859615325928,"Male"
"6018403",371836,2025-08-04 13:31:05,33.4781608581543,-7.53863191604614,"Male"
"6018403",371836,2025-08-04 13:40:25,33.4794502258301,-7.53916454315185,"Male"
"6018403",371836,2025-08-04 13:50:24,33.4797592163086,-7.53947448730469,"Male"
"6018403",371836,2025-08-04 14:00:54,33.4797973632812,-7.5393590927124,"Male"
"6018403",371836,2025-08-04 14:10:59,33.4797592163086,-7.53930473327637,"Male"
"6018403",371836,2025-08-04 14:20:22,33.4798049926758,-7.53939437866211,"Male"
"6018403",371836,2025-08-04 14:30:28,33.479850769043,-7.53943014144897,"Male"
"6018403",371836,2025-08-04 14:41:30,33.4799995422363,-7.53941822052002,"Male"
"6018403",371836,2025-08-04 14:50:24,33.4798698425293,-7.53917455673218,"Male"
"6018403",371836,2025-08-04 15:00:23,33.4797210693359,-7.53921747207642,"Male"
"6018403",371836,2025-08-04 15:10:24,33.4799537658691,-7.53940439224243,"Male"
"6018403",371836,2025-08-04 15:20:23,33.4795570373535,-7.53966808319092,"Male"
"6018403",371836,2025-08-04 15:30:25,33.4796180725098,-7.53976726531982,"Male"
"6018403",371836,2025-08-04 15:40:25,33.479434967041,-7.53966522216797,"Male"
"6018403",371836,2025-08-04 15:50:25,33.4794387817383,-7.53977680206299,"Male"
"6018403",371836,2025-08-04 16:00:23,33.4795036315918,-7.53993320465088,"Male"
"6018403",371836,2025-08-04 16:10:22,33.479377746582,-7.53972196578979,"Male"
"6018403",371836,2025-08-04 16:20:25,33.4793510437012,-7.53968811035156,"Male"
"6018403",371836,2025-08-04 16:30:51,33.4792861938477,-7.53961563110352,"Male"
"6018403",371836,2025-08-04 16:40:27,33.4793243408203,-7.53960609436035,"Male"
"6018403",371836,2025-08-04 16:50:30,33.4792594909668,-7.53954887390137,"Male"
"6018403",371836,2025-08-04 17:00:30,33.4792594909668,-7.53949880599976,"Male"
"6018403",371836,2025-08-04 17:10:53,33.4796714782715,-7.53987407684326,"Male"
"6018403",371836,2025-08-04 17:20:23,33.4795837402344,-7.53974342346191,"Male"
"6018403",371836,2025-08-04 17:30:38,33.4796104431152,-7.53985261917114,"Male"
"6018403",371836,2025-08-04 17:40:35,33.4796676635742,-7.53983020782471,"Male"
"6018403",371836,2025-08-04 17:50:44,33.4796752929688,-7.53994607925415,"Male"
"6018403",371836,2025-08-04 18:00:36,33.4784126281738,-7.54086112976074,"Male"
"6018403",371836,2025-08-04 18:10:35,33.4790725708008,-7.54101181030273,"Male"
"6018403",371836,2025-08-04 18:20:31,33.4786338806152,-7.54088687896729,"Male"
"6018403",371836,2025-08-04 18:30:36,33.4976768493652,-7.54393005371094,"Male"
"6018403",371836,2025-08-04 18:40:36,33.5392074584961,-7.55735063552856,"Male"
"6018403",371836,2025-08-04 18:50:59,33.5876388549805,-7.59496879577637,"Male"
"6018403",371836,2025-08-04 19:00:31,33.5987701416016,-7.59901714324951,"Male"
"6018403",371836,2025-08-04 19:10:29,33.5989685058594,-7.59908676147461,"Male"
"6018403",371836,2025-08-04 19:20:24,33.598876953125,-7.59910869598389,"Male"
"6018403",371836,2025-08-04 19:30:30,33.5988883972168,-7.59901237487793,"Male"
"6018403",371836,2025-08-04 19:40:37,33.5987396240234,-7.5993218421936,"Male"
"6018403",371836,2025-08-04 19:50:35,33.5989112854004,-7.59901523590088,"Male"
"6018403",371836,2025-08-04 20:00:44,33.6005172729492,-7.60312223434448,"Male"
"6018403",371836,2025-08-04 20:10:29,33.6006393432617,-7.60312175750732,"Male"
"6018403",371836,2025-08-04 20:20:32,33.6006469726562,-7.60300159454346,"Male"
"6018403",371836,2025-08-04 20:30:59,33.6006164550781,-7.6032657623291,"Male"
"6018403",371836,2025-08-04 20:40:22,33.6006317138672,-7.60328006744385,"Male"
"6018403",371836,2025-08-04 20:50:22,33.6006927490234,-7.60333967208862,"Male"
"6018403",371836,2025-08-04 21:00:22,33.6004638671875,-7.60327959060669,"Male"
"6018403",371836,2025-08-04 21:10:25,33.6007423400879,-7.60322666168213,"Male"
"6018403",371836,2025-08-04 21:20:24,33.6006774902344,-7.60341644287109,"Male"
"6018403",371836,2025-08-04 21:30:36,33.6004981994629,-7.60324907302856,"Male"
"6018403",371836,2025-08-04 21:40:36,33.6003494262695,-7.60317373275757,"Male"
"6018403",371836,2025-08-04 21:50:42,33.6005439758301,-7.60326290130615,"Male"
"6018403",371836,2025-08-04 22:00:44,33.6006774902344,-7.60319566726685,"Male"
"6018403",371836,2025-08-04 22:10:44,33.6005401611328,-7.6033411026001,"Male"
"6018403",371836,2025-08-04 22:20:59,33.6005897521973,-7.60330963134766,"Male"
"6018403",371836,2025-08-04 22:30:23,33.6006164550781,-7.60332870483398,"Male"
"6018403",371836,2025-08-04 22:40:22,33.6006088256836,-7.60330533981323,"Male"
"6018403",371836,2025-08-04 22:50:23,33.6006202697754,-7.60323905944824,"Male"
"6018403",371836,2025-08-04 23:00:24,33.6005554199219,-7.60332870483398,"Male"
"6018403",371836,2025-08-04 23:10:29,33.6007385253906,-7.60359573364258,"Male"
"6018403",371836,2025-08-04 23:20:23,33.6008338928223,-7.60364532470703,"Male"
"6018403",371836,2025-08-04 23:30:23,33.6008911132812,-7.60363006591797,"Male"
"6018403",371836,2025-08-04 23:40:24,33.6009368896484,-7.60363912582397,"Male"
"6018403",371836,2025-08-04 23:50:22,33.6007995605469,-7.60359907150269,"Male"
"6018403",371836,2025-08-05 00:00:23,33.6007232666016,-7.60351419448853,"Male"
"6018403",371836,2025-08-05 00:10:23,33.6008682250977,-7.60358810424805,"Male"
"6018403",371836,2025-08-05 00:20:34,33.6008644104004,-7.60367584228516,"Male"
"6018403",371836,2025-08-05 00:30:24,33.6007843017578,-7.60341691970825,"Male"
"6018403",371836,2025-08-05 00:40:44,33.6007957458496,-7.60355567932129,"Male"
"6018403",371836,2025-08-05 00:50:33,33.6010322570801,-7.60375881195068,"Male"
"6018403",371836,2025-08-05 01:00:25,33.6011009216309,-7.6036787033081,"Male"
"6018403",371836,2025-08-05 01:10:27,33.6012115478516,-7.60372829437256,"Male"
"6018403",371836,2025-08-05 01:20:25,33.6002960205078,-7.60310983657837,"Male"
"6018403",371836,2025-08-05 01:30:26,33.6007614135742,-7.60376262664795,"Male"
"6018403",371836,2025-08-05 01:40:28,33.6009368896484,-7.60360813140869,"Male"
"6018403",371836,2025-08-05 01:50:25,33.6007041931152,-7.60359001159668,"Male"
"6018403",371836,2025-08-05 02:00:38,33.6010246276855,-7.60345697402954,"Male"
"6018403",371836,2025-08-05 02:10:29,33.6010475158691,-7.60340213775635,"Male"
"6018403",371836,2025-08-05 02:20:27,33.600830078125,-7.60350370407104,"Male"
"6018403",371836,2025-08-05 02:30:38,33.600830078125,-7.60347652435303,"Male"
"6018403",371836,2025-08-05 02:40:44,33.6008949279785,-7.60350179672241,"Male"
"6018403",371836,2025-08-05 02:50:42,33.6009941101074,-7.60353755950928,"Male"
"6018403",371836,2025-08-05 03:00:48,33.6012916564941,-7.60370111465454,"Male"
"6018403",371836,2025-08-05 03:10:59,33.601245880127,-7.6042537689209,"Male"
"6018403",371836,2025-08-05 03:20:46,33.6012763977051,-7.60431146621704,"Male"
"6018403",371836,2025-08-05 03:30:44,33.6009674072266,-7.60365056991577,"Male"
"6018403",371836,2025-08-05 03:40:42,33.6006927490234,-7.60413217544556,"Male"
"6018403",371836,2025-08-05 03:50:45,33.6005706787109,-7.60409593582153,"Male"
"6018403",371836,2025-08-05 04:01:00,33.6008796691895,-7.60359287261963,"Male"
"6018403",371836,2025-08-05 04:10:25,33.6007881164551,-7.60325050354004,"Male"
"6018403",371836,2025-08-05 04:20:27,33.6008110046387,-7.6033763885498,"Male"
"6018403",371836,2025-08-05 04:30:35,33.6008110046387,-7.60369348526001,"Male"
"6018403",371836,2025-08-05 04:40:30,33.6007881164551,-7.60359859466553,"Male"
"6018403",371836,2025-08-05 04:50:27,33.6007919311523,-7.60333633422852,"Male"
"6018403",371836,2025-08-05 05:00:34,33.6007385253906,-7.60357761383057,"Male"
"6018403",371836,2025-08-05 05:10:30,33.6007194519043,-7.60357904434204,"Male"
"6018403",371836,2025-08-05 05:20:36,33.6008338928223,-7.6035680770874,"Male"
"6018403",371836,2025-08-05 05:31:05,33.6007499694824,-7.60355281829834,"Male"
"6018403",371836,2025-08-05 05:40:30,33.6007537841797,-7.60355091094971,"Male"
"6018403",371836,2025-08-05 05:50:26,33.6006317138672,-7.6032338142395,"Male"
"6018403",371836,2025-08-05 06:00:25,33.6007843017578,-7.60367155075073,"Male"
"6018403",371836,2025-08-05 06:10:27,33.6007652282715,-7.60372543334961,"Male"
"6018403",371836,2025-08-05 06:20:29,33.600643157959,-7.60344409942627,"Male"
"6018403",371836,2025-08-05 06:30:28,33.6007804870605,-7.60373210906982,"Male"
"6018403",371836,2025-08-05 06:40:26,33.6014289855957,-7.6037745475769,"Male"
"6018403",371836,2025-08-05 06:50:24,33.5773887634277,-7.5962061882019,"Male"
"6018403",371836,2025-08-05 07:00:24,33.5765075683594,-7.59579849243164,"Male"
"6018403",371836,2025-08-05 07:10:24,33.5624198913574,-7.58159780502319,"Male"
"6018403",371836,2025-08-05 07:20:44,33.5054206848145,-7.54500675201416,"Male"
"6018403",371836,2025-08-05 07:30:28,33.4783172607422,-7.53859615325928,"Male"
"6018403",371836,2025-08-05 07:40:23,33.4800834655762,-7.53743362426758,"Male"
"6018403",371836,2025-08-05 07:50:59,33.4797592163086,-7.53747415542603,"Male"
"6018403",371836,2025-08-05 08:00:25,33.47998046875,-7.53754281997681,"Male"
"6018403",371836,2025-08-05 08:10:24,33.479808807373,-7.53794574737549,"Male"
"6018403",371836,2025-08-05 08:20:24,33.4803123474121,-7.53848457336426,"Male"
"6018403",371836,2025-08-05 08:30:24,33.4805603027344,-7.53824615478516,"Male"
"6018403",371836,2025-08-05 08:40:27,33.4809379577637,-7.53860569000244,"Male"
"6018403",371836,2025-08-05 08:50:27,33.4809455871582,-7.53852987289429,"Male"
"6018403",371836,2025-08-05 09:00:27,33.4810066223145,-7.5385308265686,"Male"
"6018403",371836,2025-08-05 09:10:38,33.4810256958008,-7.53862333297729,"Male"
"6018403",371836,2025-08-05 09:20:39,33.481014251709,-7.53830051422119,"Male"
"6018403",371836,2025-08-05 09:30:26,33.4875335693359,-7.54705333709717,"Male"
"6018403",371836,2025-08-05 09:40:43,33.4796180725098,-7.53720188140869,"Male"
"6018403",371836,2025-08-05 09:50:27,33.479866027832,-7.53722286224365,"Male"
"6018403",371836,2025-08-05 10:00:59,33.4797439575195,-7.53733777999878,"Male"
"6018403",371836,2025-08-05 10:11:04,33.4797172546387,-7.53737783432007,"Male"
"6018403",371836,2025-08-05 10:20:24,33.4796371459961,-7.5373740196228,"Male"
"6018403",371836,2025-08-05 10:30:28,33.4797554016113,-7.53732585906982,"Male"
"6018403",371836,2025-08-05 10:40:23,33.4795074462891,-7.53739547729492,"Male"
"6018403",371836,2025-08-05 10:50:27,33.4798812866211,-7.53931570053101,"Male"
"6018403",371836,2025-08-05 11:00:26,33.4796867370605,-7.53950452804565,"Male"
"6018403",371836,2025-08-05 11:10:26,33.4798316955566,-7.53964853286743,"Male"
"6018403",371836,2025-08-05 11:20:26,33.4798049926758,-7.53950500488281,"Male"
"6018403",371836,2025-08-05 11:30:27,33.4798774719238,-7.53971815109253,"Male"
"6018403",371836,2025-08-05 11:40:28,33.4799156188965,-7.53966379165649,"Male"
"6018403",371836,2025-08-05 11:50:28,33.4800605773926,-7.53995084762573,"Male"
"6018403",371836,2025-08-05 12:01:47,33.4798889160156,-7.53953170776367,"Male"
"6018403",371836,2025-08-05 12:10:44,33.4788093566895,-7.53964757919312,"Male"
"6018403",371836,2025-08-05 12:20:44,33.4799499511719,-7.53786182403565,"Male"
"6018403",371836,2025-08-05 12:30:29,33.4798622131348,-7.53776693344116,"Male"
"6018403",371836,2025-08-05 12:40:25,33.4798736572266,-7.53783798217773,"Male"
"6018403",371836,2025-08-05 12:50:44,33.4770851135254,-7.53203535079956,"Male"
"6018403",371836,2025-08-05 13:00:26,33.4682159423828,-7.51615953445435,"Male"
"6018403",371836,2025-08-05 13:10:28,33.468132019043,-7.4289026260376,"Male"
"6018403",371836,2025-08-05 13:20:37,33.4526176452637,-7.37904691696167,"Male"
"6018403",371836,2025-08-05 13:30:41,33.4735527038574,-7.33108139038086,"Male"
"6018403",371836,2025-08-05 13:40:30,33.4949760437012,-7.33156061172485,"Male"
"6018403",371836,2025-08-05 13:50:59,33.4787139892578,-7.3216962814331,"Male"
"6018403",371836,2025-08-05 14:00:23,33.4889869689941,-7.32881736755371,"Male"
"6018403",371836,2025-08-05 14:10:24,33.4774513244629,-7.36557674407959,"Male"
"6018403",371836,2025-08-05 14:20:58,33.4910125732422,-7.41902351379395,"Male"
"6018403",371836,2025-08-05 14:30:26,33.4863777160645,-7.4610595703125,"Male"
"6018403",371836,2025-08-05 14:40:30,33.4856872558594,-7.51458597183228,"Male"
"6018403",371836,2025-08-05 14:50:37,33.4795989990234,-7.53674793243408,"Male"
"6018403",371836,2025-08-05 15:00:37,33.479663848877,-7.53675270080566,"Male"
"6018403",371836,2025-08-05 15:10:37,33.479377746582,-7.53968334197998,"Male"
"6018403",371836,2025-08-05 15:20:37,33.4793319702148,-7.53965520858765,"Male"
"6018403",371836,2025-08-05 15:30:25,33.4797210693359,-7.54014730453491,"Male"
"6018403",371836,2025-08-05 15:40:25,33.4783668518066,-7.53921031951904,"Male"
"6018403",371836,2025-08-05 15:50:39,33.4793663024902,-7.5366678237915,"Male"
"6018403",371836,2025-08-05 16:00:59,33.4794311523438,-7.53684091567993,"Male"
"6018403",371836,2025-08-05 16:10:25,33.4794845581055,-7.53686046600342,"Male"
"6018403",371836,2025-08-05 16:20:24,33.4794273376465,-7.53683471679688,"Male"
"6018403",371836,2025-08-05 16:30:23,33.4783401489258,-7.53872013092041,"Male"
"6018403",371836,2025-08-05 16:40:25,33.4795951843262,-7.53728008270264,"Male"
"6018403",371836,2025-08-05 16:50:25,33.4796752929688,-7.53719615936279,"Male"
"6018403",371836,2025-08-05 17:00:26,33.4796333312988,-7.53711700439453,"Male"
"6018403",371836,2025-08-05 17:10:24,33.4796409606934,-7.53721332550049,"Male"
"6018403",371836,2025-08-05 17:20:25,33.4796829223633,-7.53710412979126,"Male"
"6018403",371836,2025-08-05 17:31:28,33.481273651123,-7.53539180755615,"Male"
"6018403",371836,2025-08-05 17:40:24,33.4813385009766,-7.53550910949707,"Male"
"6018403",371836,2025-08-05 17:50:23,33.4813003540039,-7.53544521331787,"Male"
"6018403",371836,2025-08-05 18:00:29,33.4816970825195,-7.53559875488281,"Male"
"6018403",371836,2025-08-05 18:10:25,33.4817543029785,-7.53627490997315,"Male"
"6018403",371836,2025-08-05 18:20:31,33.478141784668,-7.54044818878174,"Male"
"6018403",371836,2025-08-05 18:30:30,33.4785232543945,-7.54118061065674,"Male"
"6018403",371836,2025-08-05 18:40:36,33.4867668151855,-7.54336309432983,"Male"
"6018403",371836,2025-08-05 18:50:28,33.5241470336914,-7.55791473388672,"Male"
"6018403",371836,2025-08-05 19:00:26,33.5703392028809,-7.58627367019653,"Male"
"6018403",371836,2025-08-05 19:11:23,33.5985908508301,-7.5987401008606,"Male"
"6018403",371836,2025-08-05 19:20:37,33.5985946655273,-7.59875392913818,"Male"
"6018403",371836,2025-08-05 19:30:25,33.5985794067383,-7.59873056411743,"Male"
"6018403",371836,2025-08-05 19:40:29,33.5983428955078,-7.59948348999023,"Male"
"6018403",371836,2025-08-05 19:50:25,33.598461151123,-7.59934234619141,"Male"
"6018403",371836,2025-08-05 20:00:26,33.6008605957031,-7.60313320159912,"Male"
"6018403",371836,2025-08-05 20:10:27,33.6008453369141,-7.60348606109619,"Male"
"6018403",371836,2025-08-05 20:20:26,33.6008110046387,-7.6033821105957,"Male"
"6018403",371836,2025-08-05 20:30:26,33.6007118225098,-7.60358905792236,"Male"
"6018403",371836,2025-08-05 20:40:26,33.6008262634277,-7.60366916656494,"Male"
"6018403",371836,2025-08-05 20:50:39,33.6008186340332,-7.60382318496704,"Male"
"6018403",371836,2025-08-05 21:00:27,33.6010131835938,-7.60393381118774,"Male"
"6018403",371836,2025-08-05 21:10:49,33.6010131835938,-7.60352897644043,"Male"
"6018403",371836,2025-08-05 21:20:29,33.6011123657227,-7.60357761383057,"Male"
"6018403",371836,2025-08-05 21:30:45,33.6010665893555,-7.60364484786987,"Male"
"6018403",371836,2025-08-05 21:40:59,33.6008987426758,-7.6036958694458,"Male"
"6018403",371836,2025-08-05 21:50:24,33.6006813049316,-7.6033182144165,"Male"
"6018403",371836,2025-08-05 22:00:25,33.6007461547852,-7.60339117050171,"Male"
"6018403",371836,2025-08-05 22:10:37,33.6007614135742,-7.60358905792236,"Male"
"6018403",371836,2025-08-05 22:20:42,33.6008338928223,-7.60358238220215,"Male"
"6018403",371836,2025-08-05 22:30:37,33.6008720397949,-7.60343933105469,"Male"
"6018403",371836,2025-08-05 22:40:37,33.6008529663086,-7.60361289978027,"Male"
"6018403",371836,2025-08-05 22:50:59,33.6008491516113,-7.60358095169067,"Male"
"6018403",371836,2025-08-05 23:00:27,33.6007537841797,-7.6037392616272,"Male"
"6018403",371836,2025-08-05 23:10:23,33.6008605957031,-7.60365009307861,"Male"
"6018403",371836,2025-08-05 23:20:23,33.6008453369141,-7.60361099243164,"Male"
"6018403",371836,2025-08-05 23:30:23,33.6007957458496,-7.6037187576294,"Male"
"6018403",371836,2025-08-05 23:40:24,33.6007080078125,-7.60355377197266,"Male"
"6018403",371836,2025-08-05 23:50:36,33.6008491516113,-7.60376977920532,"Male"
"6018403",371836,2025-08-06 00:00:44,33.6008186340332,-7.6037425994873,"Male"
"6018403",371836,2025-08-06 00:10:42,33.600757598877,-7.60380840301514,"Male"
"6018403",371836,2025-08-06 00:20:27,33.6002922058105,-7.60315084457397,"Male"
"6018403",371836,2025-08-06 00:30:28,33.6007194519043,-7.60359239578247,"Male"
"6018403",371836,2025-08-06 00:40:25,33.6006736755371,-7.60368251800537,"Male"
"6018403",371836,2025-08-06 00:50:53,33.6003074645996,-7.60340785980225,"Male"
"6018403",371836,2025-08-06 01:00:38,33.600456237793,-7.60343599319458,"Male"
"6018403",371836,2025-08-06 01:10:27,33.6007919311523,-7.60375738143921,"Male"
"6018403",371836,2025-08-06 01:20:26,33.6006660461426,-7.60349750518799,"Male"
"6018403",371836,2025-08-06 01:30:27,33.6008033752441,-7.60355806350708,"Male"
"6018403",371836,2025-08-06 01:40:30,33.6007804870605,-7.60374927520752,"Male"
"6018403",371836,2025-08-06 01:50:58,33.6006813049316,-7.60376787185669,"Male"
"6018403",371836,2025-08-06 02:00:26,33.6008682250977,-7.60339784622192,"Male"
"6018403",371836,2025-08-06 02:10:25,33.6008949279785,-7.60321140289307,"Male"
"6018403",371836,2025-08-06 02:20:23,33.6008682250977,-7.60352420806885,"Male"
"6018403",371836,2025-08-06 02:30:23,33.6008758544922,-7.60343551635742,"Male"
"6018403",371836,2025-08-06 02:40:25,33.6008567810059,-7.60350799560547,"Male"
"6018403",371836,2025-08-06 02:50:29,33.6009788513184,-7.60407257080078,"Male"
"6018403",371836,2025-08-06 03:00:37,33.6007919311523,-7.60358476638794,"Male"
"6018403",371836,2025-08-06 03:10:37,33.6007995605469,-7.60359525680542,"Male"
"6018403",371836,2025-08-06 03:20:44,33.600887298584,-7.60354328155518,"Male"
"6018403",371836,2025-08-06 03:30:29,33.6007957458496,-7.60340785980225,"Male"
"6018403",371836,2025-08-06 03:40:24,33.6008033752441,-7.60338068008423,"Male"
"6018403",371836,2025-08-06 03:50:27,33.6006813049316,-7.60320663452148,"Male"
"6018403",371836,2025-08-06 04:00:37,33.6010208129883,-7.60358572006226,"Male"
"6018403",371836,2025-08-06 04:10:27,33.6010246276855,-7.6035590171814,"Male"
"6018403",371836,2025-08-06 04:20:44,33.6011009216309,-7.60323429107666,"Male"
"6018403",371836,2025-08-06 04:30:37,33.6008796691895,-7.60349273681641,"Male"
"6018403",371836,2025-08-06 04:40:40,33.6009063720703,-7.60347175598145,"Male"
"6018403",371836,2025-08-06 04:50:28,33.6009902954102,-7.60302495956421,"Male"
"6018403",371836,2025-08-06 05:00:27,33.6010627746582,-7.60326623916626,"Male"
"6018403",371836,2025-08-06 05:10:27,33.6010665893555,-7.60332584381104,"Male"
"6018403",371836,2025-08-06 05:20:35,33.6010322570801,-7.6032338142395,"Male"
"6018403",371836,2025-08-06 05:30:49,33.6008682250977,-7.60309791564941,"Male"
"6018403",371836,2025-08-06 05:40:40,33.6008949279785,-7.60293531417847,"Male"
"6018403",371836,2025-08-06 05:50:42,33.6007080078125,-7.60379362106323,"Male"
"6018403",371836,2025-08-06 06:00:59,33.6008186340332,-7.60359764099121,"Male"
"6018403",371836,2025-08-06 06:10:27,33.6007118225098,-7.60338687896729,"Male"
"6018403",371836,2025-08-06 06:20:30,33.6009063720703,-7.60364580154419,"Male"
"6018403",371836,2025-08-06 06:30:32,33.6007957458496,-7.60354137420654,"Male"
"6018403",371836,2025-08-06 06:40:37,33.6009483337402,-7.6037073135376,"Male"
"6018403",371836,2025-08-06 06:50:59,33.5830116271973,-7.59720802307129,"Male"
"6018403",371836,2025-08-06 07:00:26,33.5828285217285,-7.59721899032593,"Male"
"6018403",371836,2025-08-06 07:10:25,33.5705490112305,-7.59373950958252,"Male"
"6018403",371836,2025-08-06 07:20:24,33.5318717956543,-7.56405448913574,"Male"
"6018403",371836,2025-08-06 07:30:25,33.4791564941406,-7.53690814971924,"Male"
"6018403",371836,2025-08-06 07:40:27,33.4791946411133,-7.53694677352905,"Male"
"6018403",371836,2025-08-06 07:50:23,33.4783515930176,-7.53919124603271,"Male"
"6018403",371836,2025-08-06 08:00:25,33.4785003662109,-7.54072380065918,"Male"
"6018403",371836,2025-08-06 08:10:26,33.4786071777344,-7.54071378707886,"Male"
"6018403",371836,2025-08-06 08:20:59,33.4785919189453,-7.54065132141113,"Male"
"6018403",371836,2025-08-06 08:30:25,33.4789733886719,-7.54061651229858,"Male"
"6018403",371836,2025-08-06 08:40:23,33.4785118103027,-7.53866481781006,"Male"
"6018403",371836,2025-08-06 08:50:37,33.4793434143066,-7.54041862487793,"Male"
"6018403",371836,2025-08-06 09:00:25,33.4793357849121,-7.54033756256104,"Male"
"6018403",371836,2025-08-06 09:10:24,33.4793357849121,-7.5404109954834,"Male"
"6018403",371836,2025-08-06 09:20:43,33.4793167114258,-7.54031324386597,"Male"
"6018403",371836,2025-08-06 09:30:24,33.4793167114258,-7.54039764404297,"Male"
"6018403",371836,2025-08-06 09:40:27,33.479362487793,-7.54038000106812,"Male"
"6018403",371836,2025-08-06 09:50:23,33.4798164367676,-7.53888463973999,"Male"
"6018403",371836,2025-08-06 10:00:24,33.4797019958496,-7.53903484344482,"Male"
"6018403",371836,2025-08-06 10:10:28,33.4799003601074,-7.53892421722412,"Male"
"6018403",371836,2025-08-06 10:20:31,33.479606628418,-7.53904247283935,"Male"
"6018403",371836,2025-08-06 10:30:59,33.4796752929688,-7.53907060623169,"Male"
"6018403",371836,2025-08-06 10:40:29,33.4795608520508,-7.5392255783081,"Male"
"6018403",371836,2025-08-06 10:50:27,33.4796333312988,-7.53976249694824,"Male"
"6018403",371836,2025-08-06 11:00:28,33.4796600341797,-7.53968191146851,"Male"
"6018403",371836,2025-08-06 11:10:26,33.4795684814453,-7.53972148895264,"Male"
"6018403",371836,2025-08-06 11:20:27,33.4794769287109,-7.53968572616577,"Male"
"6018403",371836,2025-08-06 11:30:25,33.4790840148926,-7.53956127166748,"Male"
"6018403",371836,2025-08-06 11:40:39,33.4790344238281,-7.53950023651123,"Male"
"6018403",371836,2025-08-06 11:50:38,33.4790916442871,-7.53953838348389,"Male"
"6018403",371836,2025-08-06 12:01:01,33.479419708252,-7.53984069824219,"Male"
"6018403",371836,2025-08-06 12:10:26,33.479434967041,-7.53986930847168,"Male"
"6018403",371836,2025-08-06 12:20:24,33.4793586730957,-7.53982448577881,"Male"
"6018403",371836,2025-08-06 12:30:23,33.4793968200684,-7.53989696502685,"Male"
"6018403",371836,2025-08-06 12:40:24,33.4795570373535,-7.5400128364563,"Male"
"6018403",371836,2025-08-06 12:50:24,33.4797630310059,-7.53922843933105,"Male"
"6018403",371836,2025-08-06 13:00:34,33.4795150756836,-7.53897428512573,"Male"
"6018403",371836,2025-08-06 13:10:36,33.4794502258301,-7.53890180587769,"Male"
"6018403",371836,2025-08-06 13:20:44,33.4794654846191,-7.53898334503174,"Male"
"6018403",371836,2025-08-06 13:31:14,33.4794845581055,-7.53884601593018,"Male"
"6018403",371836,2025-08-06 13:40:24,33.4794807434082,-7.53883075714111,"Male"
"6018403",371836,2025-08-06 13:50:27,33.4793586730957,-7.53880453109741,"Male"
"6018403",371836,2025-08-06 14:00:44,33.4795074462891,-7.53893089294434,"Male"
"6018403",371836,2025-08-06 14:10:27,33.4794654846191,-7.53891181945801,"Male"
"6018403",371836,2025-08-06 14:20:24,33.4795417785645,-7.53903675079346,"Male"
"6018403",371836,2025-08-06 14:30:23,33.4795112609863,-7.5389723777771,"Male"
"6018403",371836,2025-08-06 14:40:24,33.4796447753906,-7.53930377960205,"Male"
"6018403",371836,2025-08-06 14:50:59,33.4795341491699,-7.53898286819458,"Male"
"6018403",371836,2025-08-06 15:00:23,33.4796524047852,-7.53898906707764,"Male"
"6018403",371836,2025-08-06 15:10:23,33.4800300598145,-7.53944253921509,"Male"
"6018403",371836,2025-08-06 15:20:24,33.4809303283691,-7.54081344604492,"Male"
"6018403",371836,2025-08-06 15:30:26,33.479923248291,-7.54135990142822,"Male"
"6018403",371836,2025-08-06 15:40:24,33.4801292419434,-7.53954410552979,"Male"
"6018403",371836,2025-08-06 15:50:25,33.4819717407227,-7.53580331802368,"Male"
"6018403",371836,2025-08-06 16:00:24,33.4726867675781,-7.50993013381958,"Male"
"6018403",371836,2025-08-06 16:10:24,33.4661521911621,-7.44382476806641,"Male"
"6018403",371836,2025-08-06 16:20:23,33.4708709716797,-7.39118909835815,"Male"
"6018403",371836,2025-08-06 16:30:24,33.4943046569824,-7.33366537094116,"Male"
"6018403",371836,2025-08-06 16:40:24,33.4911270141602,-7.33423328399658,"Male"
"6018403",371836,2025-08-06 16:50:23,33.4817047119141,-7.33088254928589,"Male"
"6018403",371836,2025-08-06 17:00:25,33.4770126342773,-7.35647583007812,"Male"
"6018403",371836,2025-08-06 17:10:25,33.4823570251465,-7.41124153137207,"Male"
"6018403",371836,2025-08-06 17:21:09,33.4817276000977,-7.4706859588623,"Male"
"6018403",371836,2025-08-06 17:30:24,33.476016998291,-7.51802110671997,"Male"
"6018403",371836,2025-08-06 17:40:59,33.4797668457031,-7.5362811088562,"Male"
"6018403",371836,2025-08-06 17:50:25,33.4813003540039,-7.5365686416626,"Male"
"6018403",371836,2025-08-06 18:00:30,33.4803428649902,-7.53630542755127,"Male"
"6018403",371836,2025-08-06 18:10:26,33.480037689209,-7.53603076934815,"Male"
"6018403",371836,2025-08-06 18:20:29,33.4802474975586,-7.53622436523438,"Male"
"6018403",371836,2025-08-06 18:30:35,33.4802665710449,-7.5363941192627,"Male"
"6018403",371836,2025-08-06 18:40:29,33.4804306030273,-7.53606414794922,"Male"
"6018403",371836,2025-08-06 18:50:30,33.4805374145508,-7.53774356842041,"Male"
"6018403",371836,2025-08-06 19:01:18,33.5145950317383,-7.55678844451904,"Male"
"6018403",371836,2025-08-06 19:10:33,33.5518684387207,-7.58670473098755,"Male"
"6018403",371836,2025-08-06 19:20:25,33.5950202941895,-7.60282468795776,"Male"
"6018403",371836,2025-08-06 19:30:24,33.5984649658203,-7.5988597869873,"Male"
"6018403",371836,2025-08-06 19:40:23,33.6006774902344,-7.60351896286011,"Male"
"6018403",371836,2025-08-06 19:50:30,33.6003570556641,-7.60390377044678,"Male"
"6018403",371836,2025-08-06 20:00:25,33.6005744934082,-7.60354900360107,"Male"
"6018403",371836,2025-08-06 20:10:38,33.6005630493164,-7.60351181030273,"Male"
"6018403",371836,2025-08-06 20:20:26,33.6005859375,-7.60354137420654,"Male"
"6018403",371836,2025-08-06 20:30:39,33.6007118225098,-7.60359764099121,"Male"
"6018403",371836,2025-08-06 20:40:42,33.6007499694824,-7.60364532470703,"Male"
"6018403",371836,2025-08-06 20:50:35,33.6008110046387,-7.60369825363159,"Male"
"6018403",371836,2025-08-06 21:00:29,33.5965995788574,-7.6065559387207,"Male"
"6018403",371836,2025-08-06 21:11:05,33.6006889343262,-7.60369062423706,"Male"
"6018403",371836,2025-08-06 21:20:26,33.6007766723633,-7.60400915145874,"Male"
"6018403",371836,2025-08-06 21:30:24,33.6007308959961,-7.60380983352661,"Male"
"6018403",371836,2025-08-06 21:40:23,33.6006317138672,-7.60425424575806,"Male"
"6018403",371836,2025-08-06 21:50:24,33.6004829406738,-7.60427188873291,"Male"
"6018403",371836,2025-08-06 22:00:44,33.6003608703613,-7.60383033752441,"Male"
"6018403",371836,2025-08-06 22:10:30,33.6005592346191,-7.60363483428955,"Male"
"6018403",371836,2025-08-06 22:20:36,33.6005363464355,-7.60355186462402,"Male"
"6018403",371836,2025-08-06 22:30:36,33.6004028320312,-7.60317468643188,"Male"
"6018403",371836,2025-08-06 22:40:41,33.6003227233887,-7.60333776473999,"Male"
"6018403",371836,2025-08-06 22:50:59,33.600772857666,-7.60363054275513,"Male"
"6018403",371836,2025-08-06 23:00:28,33.6007232666016,-7.60304355621338,"Male"
"6018403",371836,2025-08-06 23:10:25,33.6007118225098,-7.60199069976807,"Male"
"6018403",371836,2025-08-06 23:20:29,33.6007652282715,-7.60300064086914,"Male"
"6018403",371836,2025-08-06 23:30:26,33.6007270812988,-7.60322427749634,"Male"
"6018403",371836,2025-08-06 23:40:44,33.600757598877,-7.60361671447754,"Male"
"6018403",371836,2025-08-06 23:50:27,33.6006164550781,-7.60352087020874,"Male"
"6018403",371836,2025-08-07 00:00:36,33.600772857666,-7.60378503799438,"Male"
"6018403",371836,2025-08-07 00:10:54,33.6005668640137,-7.6034345626831,"Male"
"6018403",371836,2025-08-07 00:20:28,33.6006927490234,-7.60333633422852,"Male"
"6018403",371836,2025-08-07 00:30:42,33.6005706787109,-7.60357809066772,"Male"
"6018403",371836,2025-08-07 00:40:30,33.6005363464355,-7.60360288619995,"Male"
"6018403",371836,2025-08-07 00:50:31,33.6005363464355,-7.60345077514648,"Male"
"6018403",371836,2025-08-07 01:00:29,33.6008834838867,-7.60356998443604,"Male"
"6018403",371836,2025-08-07 01:10:44,33.6004257202148,-7.60355854034424,"Male"
"6018403",371836,2025-08-07 01:20:59,33.6006278991699,-7.60351371765137,"Male"
"6018403",371836,2025-08-07 01:30:42,33.6006660461426,-7.60407876968384,"Male"
"6018403",371836,2025-08-07 01:40:28,33.6006240844727,-7.60366344451904,"Male"
"6018403",371836,2025-08-07 01:50:35,33.6007270812988,-7.60360288619995,"Male"
"6018403",371836,2025-08-07 02:00:36,33.6007270812988,-7.60372304916382,"Male"
"6018403",371836,2025-08-07 02:10:44,33.6007080078125,-7.60361480712891,"Male"
"6018403",371836,2025-08-07 02:20:24,33.6006927490234,-7.60343790054321,"Male"
"6018403",371836,2025-08-07 02:30:36,33.6007118225098,-7.60342931747437,"Male"
"6018403",371836,2025-08-07 02:40:28,33.6006355285645,-7.60336112976074,"Male"
"6018403",371836,2025-08-07 02:50:59,33.6006774902344,-7.60353231430054,"Male"
"6018403",371836,2025-08-07 03:00:31,33.6006889343262,-7.60344076156616,"Male"
"6018403",371836,2025-08-07 03:10:25,33.6007537841797,-7.60357475280762,"Male"
"6018403",371836,2025-08-07 03:20:37,33.6007118225098,-7.60348892211914,"Male"
"6018403",371836,2025-08-07 03:30:44,33.6007499694824,-7.60354661941528,"Male"
"6018403",371836,2025-08-07 03:40:36,33.6005172729492,-7.60351943969727,"Male"
"6018403",371836,2025-08-07 03:50:33,33.6004867553711,-7.60348320007324,"Male"
"6018403",371836,2025-08-07 04:00:44,33.6006317138672,-7.60338258743286,"Male"
"6018403",371836,2025-08-07 04:10:28,33.6004333496094,-7.60348415374756,"Male"
"6018403",371836,2025-08-07 04:20:34,33.6002502441406,-7.60345888137817,"Male"
"6018403",371836,2025-08-07 04:30:40,33.600513458252,-7.60349273681641,"Male"
"6018403",371836,2025-08-07 04:40:26,33.600284576416,-7.60328483581543,"Male"
"6018403",371836,2025-08-07 04:50:27,33.6004028320312,-7.60339021682739,"Male"
"6018403",371836,2025-08-07 05:00:27,33.6003913879395,-7.60365009307861,"Male"
"6018403",371836,2025-08-07 05:10:30,33.6004943847656,-7.60333299636841,"Male"
"6018403",371836,2025-08-07 05:21:05,33.6005744934082,-7.6036901473999,"Male"
"6018403",371836,2025-08-07 05:30:24,33.6006469726562,-7.60356903076172,"Male"
"6018403",371836,2025-08-07 05:40:23,33.600643157959,-7.60342597961426,"Male"
"6018403",371836,2025-08-07 05:50:24,33.6000785827637,-7.60337495803833,"Male"
"6018403",371836,2025-08-07 06:00:26,33.6005516052246,-7.60368251800537,"Male"
"6018403",371836,2025-08-07 06:10:29,33.6006164550781,-7.60369205474854,"Male"
"6018403",371836,2025-08-07 06:20:24,33.6006622314453,-7.60361671447754,"Male"
"6018403",371836,2025-08-07 06:30:25,33.6004638671875,-7.60338449478149,"Male"
"6018403",371836,2025-08-07 06:40:26,33.600528717041,-7.60337686538696,"Male"
"6018403",371836,2025-08-07 06:50:28,33.6005935668945,-7.60350704193115,"Male"
"6018403",371836,2025-08-07 07:00:33,33.6004486083984,-7.60345077514648,"Male"
"6018403",371836,2025-08-07 07:10:30,33.590015411377,-7.58996772766113,"Male"
"6018403",371836,2025-08-07 07:20:30,33.5899696350098,-7.59011268615723,"Male"
"6018403",371836,2025-08-07 07:30:40,33.5901031494141,-7.58989238739014,"Male"
"6018403",371836,2025-08-07 07:40:28,33.5900993347168,-7.58997488021851,"Male"
"6018403",371836,2025-08-07 07:50:57,33.5901336669922,-7.58987903594971,"Male"
"6018403",371836,2025-08-07 08:00:30,33.5896492004395,-7.58993244171143,"Male"
"6018403",371836,2025-08-07 08:10:33,33.5894012451172,-7.5898609161377,"Male"
"6018403",371836,2025-08-07 08:20:59,33.5901145935059,-7.58986330032349,"Male"
"6018403",371836,2025-08-07 08:30:23,33.5901069641113,-7.5900559425354,"Male"
"6018403",371836,2025-08-07 08:40:24,33.5901069641113,-7.58987998962402,"Male"
"6018403",371836,2025-08-07 08:50:25,33.5901908874512,-7.59011363983154,"Male"
"6018403",371836,2025-08-07 09:00:26,33.590030670166,-7.58991813659668,"Male"
"6018403",371836,2025-08-07 09:10:24,33.5901947021484,-7.58993339538574,"Male"
"6018403",371836,2025-08-07 09:20:25,33.5906639099121,-7.59001302719116,"Male"
"6018403",371836,2025-08-07 09:30:33,33.6092796325684,-7.56359338760376,"Male"
"6018403",371836,2025-08-07 09:40:37,33.6094055175781,-7.56354141235352,"Male"
"6018403",371836,2025-08-07 09:50:36,33.6132659912109,-7.56255149841309,"Male"
"6018403",371836,2025-08-07 10:00:29,33.6133728027344,-7.56246566772461,"Male"
"6018403",371836,2025-08-07 10:10:59,33.6133079528809,-7.56258010864258,"Male"
"6018403",371836,2025-08-07 10:20:23,33.6133193969727,-7.56248760223389,"Male"
"6018403",371836,2025-08-07 10:30:24,33.6133689880371,-7.56241321563721,"Male"
"6018403",371836,2025-08-07 10:40:27,33.6132698059082,-7.56259059906006,"Male"
"6018403",371836,2025-08-07 10:50:23,33.6131820678711,-7.56272983551025,"Male"
"6018403",371836,2025-08-07 11:00:27,33.613208770752,-7.56259536743164,"Male"
"6018403",371836,2025-08-07 11:10:23,33.6132354736328,-7.56268453598022,"Male"
"6018403",371836,2025-08-07 11:20:29,33.6132278442383,-7.56255531311035,"Male"
"6018403",371836,2025-08-07 11:30:28,33.6134948730469,-7.56268262863159,"Male"
"6018403",371836,2025-08-07 11:40:26,33.6133842468262,-7.56258201599121,"Male"
"6018403",371836,2025-08-07 11:50:23,33.6132698059082,-7.5625524520874,"Male"
"6018403",371836,2025-08-07 12:00:27,33.6134147644043,-7.56262350082397,"Male"
"6018403",371836,2025-08-07 12:10:26,33.6133842468262,-7.56251335144043,"Male"
"6018403",371836,2025-08-07 12:20:30,33.6135635375977,-7.56244325637817,"Male"
"6018403",371836,2025-08-07 12:30:25,33.6134414672852,-7.56239795684815,"Male"
"6018403",371836,2025-08-07 12:40:26,33.6136932373047,-7.56238889694214,"Male"
"6018403",371836,2025-08-07 12:50:28,33.6138381958008,-7.5625171661377,"Male"
"6018403",371836,2025-08-07 13:00:31,33.6134986877441,-7.56215333938599,"Male"
"6018403",371836,2025-08-07 13:10:25,33.6136245727539,-7.56223344802856,"Male"
"6018403",371836,2025-08-07 13:20:29,33.6165809631348,-7.56725549697876,"Male"
"6018403",371836,2025-08-07 13:30:55,33.6130561828613,-7.56241703033447,"Male"
"6018403",371836,2025-08-07 13:40:42,33.6130180358887,-7.56238031387329,"Male"
"6018403",371836,2025-08-07 13:50:31,33.6129837036133,-7.56214046478271,"Male"
"6018403",371836,2025-08-07 14:01:05,33.6129493713379,-7.56232261657715,"Male"
"6018403",371836,2025-08-07 14:11:05,33.6129531860352,-7.56233882904053,"Male"
"6018403",371836,2025-08-07 14:20:26,33.613037109375,-7.56236124038696,"Male"
"6018403",371836,2025-08-07 14:30:29,33.6129684448242,-7.56253004074097,"Male"
"6018403",371836,2025-08-07 14:40:28,33.6130218505859,-7.56242418289185,"Male"
"6018403",371836,2025-08-07 14:50:31,33.6127395629883,-7.56219625473022,"Male"
"6018403",371836,2025-08-07 15:00:28,33.6129455566406,-7.56239938735962,"Male"
"6018403",371836,2025-08-07 15:10:29,33.6128463745117,-7.56207895278931,"Male"
"6018403",371836,2025-08-07 15:20:30,33.613037109375,-7.56242036819458,"Male"
"6018403",371836,2025-08-07 15:30:28,33.6130599975586,-7.56253576278687,"Male"
"6018403",371836,2025-08-07 15:40:30,33.612865447998,-7.56215620040894,"Male"
"6018403",371836,2025-08-07 15:50:35,33.6130905151367,-7.56222915649414,"Male"
"6018403",371836,2025-08-07 16:00:27,33.6124877929688,-7.56159687042236,"Male"
"6018403",371836,2025-08-07 16:10:30,33.6129531860352,-7.56254243850708,"Male"
"6018403",371836,2025-08-07 16:20:34,33.6129608154297,-7.56224393844604,"Male"
"6018403",371836,2025-08-07 16:30:59,33.6129837036133,-7.56234979629517,"Male"
"6018403",371836,2025-08-07 16:40:27,33.6129035949707,-7.56234741210938,"Male"
"6018403",371836,2025-08-07 16:50:26,33.6129913330078,-7.56238508224487,"Male"
"6018403",371836,2025-08-07 17:00:26,33.6129417419434,-7.56233978271484,"Male"
"6018403",371836,2025-08-07 17:10:28,33.6129150390625,-7.56232452392578,"Male"
"6018403",371836,2025-08-07 17:20:59,33.612979888916,-7.56233549118042,"Male"
"6018403",371836,2025-08-07 17:30:26,33.6129913330078,-7.56235885620117,"Male"
"6018403",371836,2025-08-07 17:40:25,33.6339874267578,-7.58011817932129,"Male"
"6018403",371836,2025-08-07 17:50:25,33.6167411804199,-7.59191703796387,"Male"
"6018403",371836,2025-08-07 18:00:27,33.6122016906738,-7.59568738937378,"Male"
"6018403",371836,2025-08-07 18:10:25,33.6124229431152,-7.59591674804688,"Male"
"6018403",371836,2025-08-07 18:20:25,33.5687599182129,-7.59271812438965,"Male"
"6018403",371836,2025-08-07 18:30:26,33.5275993347168,-7.56652736663818,"Male"
"6018403",371836,2025-08-07 18:40:44,33.4799499511719,-7.53650617599487,"Male"
"6018403",371836,2025-08-07 18:50:28,33.4799270629883,-7.53835678100586,"Male"
"6018403",371836,2025-08-07 19:00:27,33.4798355102539,-7.5376558303833,"Male"
"6018403",371836,2025-08-07 19:10:31,33.4801292419434,-7.53807830810547,"Male"
"6018403",371836,2025-08-07 19:20:41,33.4806747436523,-7.54111433029175,"Male"
"6018403",371836,2025-08-07 19:30:38,33.5100517272949,-7.54700946807861,"Male"
"6018403",371836,2025-08-07 19:40:39,33.5458755493164,-7.57538509368896,"Male"
"6018403",371836,2025-08-07 19:50:44,33.5895347595215,-7.5983099937439,"Male"
"6018403",371836,2025-08-07 20:00:46,33.6009330749512,-7.60555076599121,"Male"
"6018403",371836,2025-08-07 20:10:37,33.601001739502,-7.60555171966553,"Male"
"6018403",371836,2025-08-07 20:20:44,33.6016464233398,-7.60620737075806,"Male"
"6018403",371836,2025-08-07 20:30:28,33.5984344482422,-7.60647487640381,"Male"
"6018403",371836,2025-08-07 20:40:43,33.6018104553223,-7.60590600967407,"Male"
"6018403",371836,2025-08-07 20:50:44,33.6015472412109,-7.60630083084106,"Male"
"6018403",371836,2025-08-07 21:00:37,33.6016731262207,-7.60621976852417,"Male"
"6018403",371836,2025-08-07 21:10:30,33.6010246276855,-7.60606622695923,"Male"
"6018403",371836,2025-08-07 21:20:38,33.6014862060547,-7.60616159439087,"Male"
"6018403",371836,2025-08-07 21:30:35,33.601245880127,-7.60592794418335,"Male"
"6018403",371836,2025-08-07 21:40:38,33.6010131835938,-7.60589361190796,"Male"
"6018403",371836,2025-08-07 21:51:04,33.6020851135254,-7.60601043701172,"Male"
"6018403",371836,2025-08-07 22:00:59,33.6018829345703,-7.60610389709473,"Male"
"6018403",371836,2025-08-07 22:10:34,33.6018562316895,-7.60615682601929,"Male"
"6018403",371836,2025-08-07 22:21:23,33.6018257141113,-7.60607290267944,"Male"
"6018403",371836,2025-08-07 22:30:26,33.6018180847168,-7.60610246658325,"Male"
"6018403",371836,2025-08-07 22:40:26,33.6017875671387,-7.60610914230347,"Male"
"6018403",371836,2025-08-07 22:50:28,33.6017761230469,-7.60617542266846,"Male"
"6018403",371836,2025-08-07 23:00:27,33.6017456054688,-7.60612726211548,"Male"
"6018403",371836,2025-08-07 23:10:28,33.6016540527344,-7.60606145858765,"Male"
"6018403",371836,2025-08-07 23:20:28,33.6018333435059,-7.60617208480835,"Male"
"6018403",371836,2025-08-07 23:30:27,33.6018104553223,-7.60618495941162,"Male"
"6018403",371836,2025-08-07 23:40:25,33.6017723083496,-7.60617399215698,"Male"
"6018403",371836,2025-08-07 23:50:34,33.6020278930664,-7.60634660720825,"Male"
"6018403",371836,2025-08-08 00:00:29,33.6016387939453,-7.60601758956909,"Male"
"6018403",371836,2025-08-08 00:10:44,33.6018562316895,-7.60620594024658,"Male"
"6018403",371836,2025-08-08 00:20:28,33.6018753051758,-7.60625648498535,"Male"
"6018403",371836,2025-08-08 00:30:34,33.601676940918,-7.60600519180298,"Male"
"6018403",371836,2025-08-08 00:40:26,33.601879119873,-7.60621452331543,"Male"
"6018403",371836,2025-08-08 00:50:44,33.6017532348633,-7.60614728927612,"Male"
"6018403",371836,2025-08-08 01:00:32,33.6019287109375,-7.60612058639526,"Male"
"6018403",371836,2025-08-08 01:10:26,33.6017684936523,-7.60612392425537,"Male"
"6018403",371836,2025-08-08 01:20:27,33.6013526916504,-7.6060209274292,"Male"
"6018403",371836,2025-08-08 01:30:27,33.6014404296875,-7.60617399215698,"Male"
"6018403",371836,2025-08-08 01:40:27,33.6016616821289,-7.60623264312744,"Male"
"6018403",371836,2025-08-08 01:50:59,33.6016426086426,-7.6060037612915,"Male"
"6018403",371836,2025-08-08 02:00:44,33.6015853881836,-7.60602569580078,"Male"
"6018403",371836,2025-08-08 02:10:37,33.6015777587891,-7.60601949691772,"Male"
"6018403",371836,2025-08-08 02:20:37,33.6016159057617,-7.60584497451782,"Male"
"6018403",371836,2025-08-08 02:30:59,33.6015853881836,-7.60614585876465,"Male"
"6018403",371836,2025-08-08 02:40:29,33.6015548706055,-7.60627555847168,"Male"
"6018403",371836,2025-08-08 02:50:37,33.601619720459,-7.60619163513184,"Male"
"6018403",371836,2025-08-08 03:00:37,33.6019592285156,-7.60625171661377,"Male"
"6018403",371836,2025-08-08 03:10:35,33.6016502380371,-7.60617160797119,"Male"
"6018403",371836,2025-08-08 03:20:30,33.6017150878906,-7.60612058639526,"Male"
"6018403",371836,2025-08-08 03:30:43,33.6005935668945,-7.60573625564575,"Male"
"6018403",371836,2025-08-08 03:40:27,33.6007118225098,-7.60568857192993,"Male"
"6018403",371836,2025-08-08 03:50:37,33.6006011962891,-7.60584211349487,"Male"
"6018403",371836,2025-08-08 04:00:59,33.6007537841797,-7.6056022644043,"Male"
"6018403",371836,2025-08-08 04:10:27,33.6008224487305,-7.60556316375732,"Male"
"6018403",371836,2025-08-08 04:20:26,33.600700378418,-7.60566425323486,"Male"
"6018403",371836,2025-08-08 04:30:25,33.600772857666,-7.60566568374634,"Male"
"6018403",371836,2025-08-08 04:40:28,33.6007385253906,-7.60550880432129,"Male"
"6018403",371836,2025-08-08 04:50:27,33.6006240844727,-7.60556364059448,"Male"
"6018403",371836,2025-08-08 05:00:25,33.6006317138672,-7.6057391166687,"Male"
"6018403",371836,2025-08-08 05:10:26,33.6008758544922,-7.60561847686768,"Male"
"6018403",371836,2025-08-08 05:20:28,33.6006507873535,-7.60584926605225,"Male"
"6018403",371836,2025-08-08 05:30:26,33.6007690429688,-7.60559558868408,"Male"
"6018403",371836,2025-08-08 05:40:25,33.6007080078125,-7.60562658309937,"Male"
"6018403",371836,2025-08-08 05:50:29,33.6001930236816,-7.60344219207764,"Male"
"6018403",371836,2025-08-08 06:01:17,33.5999183654785,-7.60173416137695,"Male"
"6018403",371836,2025-08-08 06:10:27,33.5879592895508,-7.59419631958008,"Male"
"6018403",371836,2025-08-08 06:20:29,33.588550567627,-7.59485864639282,"Male"
"6018403",371836,2025-08-08 06:30:37,33.5893859863281,-7.59498071670532,"Male"
"6018403",371836,2025-08-08 06:40:29,33.5886726379395,-7.59497547149658,"Male"
"6018403",371836,2025-08-08 06:50:44,33.588436126709,-7.59500169754028,"Male"
"6018403",371836,2025-08-08 07:00:31,33.5791244506836,-7.58161640167236,"Male"
"6018403",371836,2025-08-08 07:10:30,33.5792121887207,-7.58134460449219,"Male"
"6018403",371836,2025-08-08 07:20:31,33.5507545471191,-7.56192970275879,"Male"
"6018403",371836,2025-08-08 07:30:44,33.4929046630859,-7.54833030700684,"Male"
"6018403",371836,2025-08-08 07:40:59,33.4792594909668,-7.53704214096069,"Male"
"6018403",371836,2025-08-08 07:50:29,33.4792976379395,-7.53660488128662,"Male"
"6018403",371836,2025-08-08 08:00:28,33.4792518615723,-7.53750991821289,"Male"
"6018403",371836,2025-08-08 08:10:28,33.4793739318848,-7.53729820251465,"Male"
"6018403",371836,2025-08-08 08:20:26,33.4789619445801,-7.53611278533935,"Male"
"6018403",371836,2025-08-08 08:30:29,33.478401184082,-7.53560543060303,"Male"
"6018403",371836,2025-08-08 08:40:28,33.4794692993164,-7.53942108154297,"Male"
"6018403",371836,2025-08-08 08:50:26,33.4792823791504,-7.53937292098999,"Male"
"6018403",371836,2025-08-08 09:00:30,33.4794845581055,-7.53925895690918,"Male"
"6018403",371836,2025-08-08 09:10:28,33.4793701171875,-7.54121589660645,"Male"
"6018403",371836,2025-08-08 09:20:28,33.478946685791,-7.54076337814331,"Male"
"6018403",371836,2025-08-08 09:30:26,33.4796447753906,-7.53984117507935,"Male"
"6018403",371836,2025-08-08 09:40:26,33.4792671203613,-7.53983974456787,"Male"
"6018403",371836,2025-08-08 09:50:27,33.4792785644531,-7.53988599777222,"Male"
"6018403",371836,2025-08-08 10:01:23,33.4802207946777,-7.5405797958374,"Male"
"6018403",371836,2025-08-08 10:10:26,33.4790267944336,-7.53954362869263,"Male"
"6018403",371836,2025-08-08 10:20:25,33.4794082641602,-7.53974962234497,"Male"
"6018403",371836,2025-08-08 10:30:29,33.4791603088379,-7.53986644744873,"Male"
"6018403",371836,2025-08-08 10:40:26,33.4794311523438,-7.54210662841797,"Male"
"6018403",371836,2025-08-08 10:50:31,33.4796142578125,-7.54171371459961,"Male"
"6018403",371836,2025-08-08 11:00:25,33.4795837402344,-7.54174947738647,"Male"
"6018403",371836,2025-08-08 11:10:26,33.4795036315918,-7.54183530807495,"Male"
"6018403",371836,2025-08-08 11:20:41,33.4799346923828,-7.54157066345215,"Male"
"6018403",371836,2025-08-08 11:30:29,33.4798240661621,-7.54162788391113,"Male"
"6018403",371836,2025-08-08 11:40:49,33.4797401428223,-7.54169273376465,"Male"
"6018403",371836,2025-08-08 11:50:59,33.4797210693359,-7.54176616668701,"Male"
"6018403",371836,2025-08-08 12:00:25,33.4797325134277,-7.54170370101929,"Male"
"6018403",371836,2025-08-08 12:10:26,33.4797439575195,-7.5416784286499,"Male"
"6018403",371836,2025-08-08 12:20:27,33.479663848877,-7.54172039031982,"Male"
"6018403",371836,2025-08-08 12:30:26,33.479736328125,-7.54169654846191,"Male"
"6018403",371836,2025-08-08 12:40:27,33.4798812866211,-7.5414457321167,"Male"
"6018403",371836,2025-08-08 12:50:25,33.479808807373,-7.54154539108276,"Male"
"6018403",371836,2025-08-08 13:00:28,33.4798851013184,-7.54154348373413,"Male"
"6018403",371836,2025-08-08 13:10:25,33.479808807373,-7.54141473770142,"Male"
"6018403",371836,2025-08-08 13:20:26,33.479808807373,-7.5414628982544,"Male"
"6018403",371836,2025-08-08 13:30:29,33.4798583984375,-7.54148960113525,"Male"
"6018403",371836,2025-08-08 13:40:36,33.4798889160156,-7.5413990020752,"Male"
"6018403",371836,2025-08-08 13:50:26,33.4798583984375,-7.54147529602051,"Male"
"6018403",371836,2025-08-08 14:00:26,33.478816986084,-7.53963088989258,"Male"
"6018403",371836,2025-08-08 14:10:28,33.4797439575195,-7.54153537750244,"Male"
"6018403",371836,2025-08-08 14:20:44,33.4799995422363,-7.54131507873535,"Male"
"6018403",371836,2025-08-08 14:30:30,33.4799385070801,-7.5414662361145,"Male"
"6018403",371836,2025-08-08 14:40:33,33.4800682067871,-7.54173994064331,"Male"
"6018403",371836,2025-08-08 14:51:05,33.4800033569336,-7.54175186157227,"Male"
"6018403",371836,2025-08-08 15:00:36,33.4800186157227,-7.54185771942139,"Male"
"6018403",371836,2025-08-08 15:10:36,33.480052947998,-7.5418119430542,"Male"
"6018403",371836,2025-08-08 15:20:37,33.480037689209,-7.54186153411865,"Male"
"6018403",371836,2025-08-08 15:30:29,33.4786529541016,-7.53699922561646,"Male"
"6018403",371836,2025-08-08 15:40:29,33.4806137084961,-7.54070901870728,"Male"
"6018403",371836,2025-08-08 15:50:33,33.4805603027344,-7.5409369468689,"Male"
"6018403",371836,2025-08-08 16:00:59,33.4801368713379,-7.54010009765625,"Male"
"6018403",371836,2025-08-08 16:10:26,33.4802894592285,-7.54009675979614,"Male"
"6018403",371836,2025-08-08 16:20:27,33.4802665710449,-7.54016208648682,"Male"
"6018403",371836,2025-08-08 16:30:29,33.4805107116699,-7.53994798660278,"Male"
"6018403",371836,2025-08-08 16:40:25,33.4803276062012,-7.54011917114258,"Male"
"6018403",371836,2025-08-08 16:50:27,33.4802398681641,-7.54018783569336,"Male"
"6018403",371836,2025-08-08 17:00:25,33.4720649719238,-7.51629686355591,"Male"
"6018403",371836,2025-08-08 17:10:58,33.4598121643066,-7.46774578094482,"Male"
"6018403",371836,2025-08-08 17:20:25,33.4632606506348,-7.4218635559082,"Male"
"6018403",371836,2025-08-08 17:30:25,33.4746742248535,-7.37299156188965,"Male"
"6018403",371836,2025-08-08 17:40:26,33.4949226379395,-7.3334755897522,"Male"
"6018403",371836,2025-08-08 17:50:25,33.4814872741699,-7.33385801315308,"Male"
"6018403",371836,2025-08-08 18:00:26,33.4819297790527,-7.37114667892456,"Male"
"6018403",371836,2025-08-08 18:10:30,33.4841461181641,-7.40798282623291,"Male"
"6018403",371836,2025-08-08 18:20:36,33.4842681884766,-7.40789604187012,"Male"
"6018403",371836,2025-08-08 18:30:30,33.4845352172852,-7.40782403945923,"Male"
"6018403",371836,2025-08-08 18:40:28,33.4843940734863,-7.40771532058716,"Male"
"6018403",371836,2025-08-08 18:50:42,33.484260559082,-7.40741586685181,"Male"
"6018403",371836,2025-08-08 19:00:28,33.484302520752,-7.40751791000366,"Male"
"6018403",371836,2025-08-08 19:10:26,33.4895248413086,-7.44352531433105,"Male"
"6018403",371836,2025-08-08 19:20:28,33.5023231506348,-7.50658226013184,"Male"
"6018403",371836,2025-08-08 19:30:41,33.5360260009766,-7.55369997024536,"Male"
"6018403",371836,2025-08-08 19:40:27,33.5744781494141,-7.57734346389771,"Male"
"6018403",371836,2025-08-08 19:50:30,33.6018257141113,-7.60576581954956,"Male"
"6018403",371836,2025-08-08 20:00:59,33.6018981933594,-7.60607099533081,"Male"
"6018403",371836,2025-08-08 20:10:25,33.6018333435059,-7.60576581954956,"Male"
"6018403",371836,2025-08-08 20:20:26,33.6017875671387,-7.60537719726562,"Male"
"6018403",371836,2025-08-08 20:30:25,33.6017951965332,-7.60545539855957,"Male"
"6018403",371836,2025-08-08 20:40:25,33.6018295288086,-7.60545682907104,"Male"
"6018403",371836,2025-08-08 20:50:25,33.6017799377441,-7.60538387298584,"Male"
"6018403",371836,2025-08-08 21:00:25,33.601863861084,-7.60532093048096,"Male"
"6018403",371836,2025-08-08 21:10:26,33.601921081543,-7.6052451133728,"Male"
"6018403",371836,2025-08-08 21:20:30,33.6019630432129,-7.60619401931763,"Male"
"6018403",371836,2025-08-08 21:30:28,33.6021461486816,-7.60516262054443,"Male"
"6018403",371836,2025-08-08 21:40:28,33.6012382507324,-7.6053295135498,"Male"
"6018403",371836,2025-08-08 21:50:27,33.6020965576172,-7.60591316223145,"Male"
"6018403",371836,2025-08-08 22:00:45,33.6016883850098,-7.60540914535522,"Male"
"6018403",371836,2025-08-08 22:10:46,33.6019477844238,-7.60527324676514,"Male"
"6018403",371836,2025-08-08 22:20:36,33.6014938354492,-7.60541963577271,"Male"
"6018403",371836,2025-08-08 22:30:38,33.6017951965332,-7.60541915893555,"Male"
"6018403",371836,2025-08-08 22:40:44,33.6018409729004,-7.60541677474976,"Male"
"6018403",371836,2025-08-08 22:50:44,33.6019287109375,-7.6053786277771,"Male"
"6018403",371836,2025-08-08 23:00:29,33.6020393371582,-7.60532188415527,"Male"
"6018403",371836,2025-08-08 23:10:30,33.6018829345703,-7.60549163818359,"Male"
"6018403",371836,2025-08-08 23:20:30,33.6019744873047,-7.60560989379883,"Male"
"6018403",371836,2025-08-08 23:30:52,33.6022491455078,-7.60531759262085,"Male"
"6018403",371836,2025-08-08 23:40:34,33.6021308898926,-7.60538101196289,"Male"
"6018403",371836,2025-08-08 23:51:04,33.6018409729004,-7.60531234741211,"Male"
"6018403",371836,2025-08-09 00:00:29,33.6019096374512,-7.6054573059082,"Male"
"6018403",371836,2025-08-09 00:10:30,33.6018600463867,-7.60541343688965,"Male"
"6018403",371836,2025-08-09 00:20:31,33.6018333435059,-7.6053991317749,"Male"
"6018403",371836,2025-08-09 00:30:36,33.6017990112305,-7.60551166534424,"Male"
"6018403",371836,2025-08-09 00:40:36,33.6018829345703,-7.60530948638916,"Male"
"6018403",371836,2025-08-09 00:50:39,33.6018409729004,-7.60539150238037,"Male"
"6018403",371836,2025-08-09 01:00:41,33.6018562316895,-7.60545921325684,"Male"
"6018403",371836,2025-08-09 01:10:40,33.6017112731934,-7.60549163818359,"Male"
"6018403",371836,2025-08-09 01:20:44,33.6017837524414,-7.60541915893555,"Male"
"6018403",371836,2025-08-09 01:30:29,33.601879119873,-7.605544090271,"Male"
"6018403",371836,2025-08-09 01:40:30,33.6014175415039,-7.60569190979004,"Male"
"6018403",371836,2025-08-09 01:50:44,33.6018295288086,-7.60534763336182,"Male"
"6018403",371836,2025-08-09 02:00:30,33.6018600463867,-7.60515165328979,"Male"
"6018403",371836,2025-08-09 02:10:44,33.6017608642578,-7.60525226593018,"Male"
"6018403",371836,2025-08-09 02:20:36,33.601978302002,-7.60544967651367,"Male"
"6018403",371836,2025-08-09 02:30:29,33.6018867492676,-7.60529756546021,"Male"
"6018403",371836,2025-08-09 02:40:29,33.6017036437988,-7.60508966445923,"Male"
"6018403",371836,2025-08-09 02:50:59,33.6018104553223,-7.6053204536438,"Male"
"6018403",371836,2025-08-09 03:00:26,33.6017303466797,-7.60562467575073,"Male"
"6018403",371836,2025-08-09 03:10:26,33.6014823913574,-7.60587501525879,"Male"
"6018403",371836,2025-08-09 03:20:25,33.6016883850098,-7.60574913024902,"Male"
"6018403",371836,2025-08-09 03:30:26,33.6016387939453,-7.60579204559326,"Male"
"6018403",371836,2025-08-09 03:40:26,33.6015930175781,-7.60586500167847,"Male"
"6018403",371836,2025-08-09 03:50:26,33.6015243530273,-7.60587310791016,"Male"
"6018403",371836,2025-08-09 04:00:59,33.601619720459,-7.60577869415283,"Male"
"6018403",371836,2025-08-09 04:10:29,33.6016578674316,-7.60573768615723,"Male"
"6018403",371836,2025-08-09 04:20:28,33.6014823913574,-7.60595893859863,"Male"
"6018403",371836,2025-08-09 04:30:27,33.6015014648438,-7.60573816299438,"Male"
"6018403",371836,2025-08-09 04:40:27,33.6016120910645,-7.60580635070801,"Male"
"6018403",371836,2025-08-09 04:50:31,33.6015434265137,-7.60593271255493,"Male"
"6018403",371836,2025-08-09 05:00:27,33.6015205383301,-7.60583877563477,"Male"
"6018403",371836,2025-08-09 05:10:25,33.6015510559082,-7.60582637786865,"Male"
"6018403",371836,2025-08-09 05:20:29,33.6014366149902,-7.60595226287842,"Male"
"6018403",371836,2025-08-09 05:30:27,33.601505279541,-7.60591077804565,"Male"
"6018403",371836,2025-08-09 05:40:30,33.6009750366211,-7.60529851913452,"Male"
"6018403",371836,2025-08-09 05:50:36,33.6016044616699,-7.6057333946228,"Male"
"6018403",371836,2025-08-09 06:00:27,33.5998306274414,-7.60489082336426,"Male"
"6018403",371836,2025-08-09 06:10:30,33.6002998352051,-7.60568618774414,"Male"
"6018403",371836,2025-08-09 06:20:59,33.600154876709,-7.60537338256836,"Male"
"6018403",371836,2025-08-09 06:30:29,33.5978126525879,-7.58142614364624,"Male"
"6018403",371836,2025-08-09 06:40:27,33.5972709655762,-7.58031606674194,"Male"
"6018403",371836,2025-08-09 06:50:28,33.5979690551758,-7.58214902877808,"Male"
"6018403",371836,2025-08-09 07:00:27,33.598087310791,-7.58311128616333,"Male"
"6018403",371836,2025-08-09 07:10:44,33.5976753234863,-7.58119630813599,"Male"
"6018403",371836,2025-08-09 07:20:36,33.5976600646973,-7.58134269714355,"Male"
"6018403",371836,2025-08-09 07:30:58,33.5976409912109,-7.58128786087036,"Male"
"6018403",371836,2025-08-09 07:40:26,33.5977058410645,-7.58086538314819,"Male"
"6018403",371836,2025-08-09 07:50:27,33.597583770752,-7.58075284957886,"Male"
"6018403",371836,2025-08-09 08:00:37,33.5978965759277,-7.58179759979248,"Male"
"6018403",371836,2025-08-09 08:10:36,33.5978088378906,-7.58127450942993,"Male"
"6018403",371836,2025-08-09 08:20:59,33.5976600646973,-7.58119583129883,"Male"
"6018403",371836,2025-08-09 08:30:26,33.5977401733398,-7.58109855651855,"Male"
"6018403",371836,2025-08-09 08:40:25,33.5976181030273,-7.58127975463867,"Male"
"6018403",371836,2025-08-09 08:50:34,33.5976142883301,-7.58123970031738,"Male"
"6018403",371836,2025-08-09 09:00:25,33.5976600646973,-7.58118152618408,"Male"
"6018403",371836,2025-08-09 09:10:38,33.5976142883301,-7.5812349319458,"Male"
"6018403",371836,2025-08-09 09:20:25,33.5975532531738,-7.581223487854,"Male"
"6018403",371836,2025-08-09 09:30:25,33.5975570678711,-7.58128356933594,"Male"
"6018403",371836,2025-08-09 09:40:25,33.5977668762207,-7.5811767578125,"Male"
"6018403",371836,2025-08-09 09:50:28,33.5976715087891,-7.58126592636108,"Male"
"6018403",371836,2025-08-09 10:00:25,33.5980949401855,-7.58104705810547,"Male"
"6018403",371836,2025-08-09 10:10:25,33.5979461669922,-7.58107805252075,"Male"
"6018403",371836,2025-08-09 10:20:34,33.5975875854492,-7.5811014175415,"Male"
"6018403",371836,2025-08-09 10:30:41,33.5978202819824,-7.5810809135437,"Male"
"6018403",371836,2025-08-09 10:40:33,33.5977897644043,-7.5812463760376,"Male"
"6018403",371836,2025-08-09 10:50:47,33.5976448059082,-7.58130359649658,"Male"
"6018403",371836,2025-08-09 11:00:45,33.5976905822754,-7.58109998703003,"Male"
"6018403",371836,2025-08-09 11:10:50,33.597583770752,-7.58108234405518,"Male"
"6018403",371836,2025-08-09 11:20:59,33.5977668762207,-7.58128547668457,"Male"
"6018403",371836,2025-08-09 11:30:28,33.5976104736328,-7.58129501342773,"Male"
"6018403",371836,2025-08-09 11:40:59,33.5977401733398,-7.58123302459717,"Male"
"6018403",371836,2025-08-09 11:50:25,33.5977363586426,-7.58125400543213,"Male"
"6018403",371836,2025-08-09 12:00:26,33.5992660522461,-7.58163213729858,"Male"
"6018403",371836,2025-08-09 12:10:29,33.6128845214844,-7.56300973892212,"Male"
"6018403",371836,2025-08-09 12:20:25,33.6128463745117,-7.56308650970459,"Male"
"6018403",371836,2025-08-09 12:30:29,33.6128997802734,-7.56304264068604,"Male"
"6018403",371836,2025-08-09 12:40:25,33.6131210327148,-7.56247138977051,"Male"
"6018403",371836,2025-08-09 12:50:28,33.6131362915039,-7.56244325637817,"Male"
"6018403",371836,2025-08-09 13:00:33,33.6131401062012,-7.5623893737793,"Male"
"6018403",371836,2025-08-09 13:10:27,33.6132049560547,-7.56237411499023,"Male"
"6018403",371836,2025-08-09 13:20:30,33.6130104064941,-7.56252098083496,"Male"
"6018403",371836,2025-08-09 13:30:39,33.6131210327148,-7.56251096725464,"Male"
"6018403",371836,2025-08-09 13:40:29,33.6131439208984,-7.56234884262085,"Male"
"6018403",371836,2025-08-09 13:50:44,33.6131324768066,-7.56240367889404,"Male"
"6018403",371836,2025-08-09 14:00:33,33.6130523681641,-7.56233358383179,"Male"
"6018403",371836,2025-08-09 14:10:59,33.6132507324219,-7.56237602233887,"Male"
"6018403",371836,2025-08-09 14:20:36,33.613151550293,-7.56239318847656,"Male"
"6018403",371836,2025-08-09 14:30:36,33.6133003234863,-7.56245088577271,"Male"
"6018403",371836,2025-08-09 14:40:44,33.6133804321289,-7.5624361038208,"Male"
"6018403",371836,2025-08-09 14:50:48,33.6130561828613,-7.5622501373291,"Male"
"6018403",371836,2025-08-09 15:00:28,33.6132659912109,-7.56245374679565,"Male"
"6018403",371836,2025-08-09 15:10:30,33.6130828857422,-7.56225109100342,"Male"
"6018403",371836,2025-08-09 15:20:49,33.6132392883301,-7.56246423721313,"Male"
"6018403",371836,2025-08-09 15:30:37,33.6130409240723,-7.56220149993896,"Male"
"6018403",371836,2025-08-09 15:40:27,33.6131210327148,-7.56222867965698,"Male"
"6018403",371836,2025-08-09 15:50:44,33.6132278442383,-7.56240034103394,"Male"
"6018403",371836,2025-08-09 16:00:59,33.6130599975586,-7.56239700317383,"Male"
"6018403",371836,2025-08-09 16:10:29,33.6129837036133,-7.562415599823,"Male"
"6018403",371836,2025-08-09 16:20:36,33.6130332946777,-7.562340259552,"Male"
"6018403",371836,2025-08-09 16:30:29,33.6131896972656,-7.56267976760864,"Male"
"6018403",371836,2025-08-09 16:40:38,33.6130981445312,-7.56252384185791,"Male"
"6018403",371836,2025-08-09 16:50:44,33.6131591796875,-7.56347274780273,"Male"
"6018403",371836,2025-08-09 17:00:35,33.6131477355957,-7.5622124671936,"Male"
"6018403",371836,2025-08-09 17:10:54,33.6133003234863,-7.5627031326294,"Male"
"6018403",371836,2025-08-09 17:20:36,33.6455268859863,-7.5887041091919,"Male"
"6018403",371836,2025-08-09 17:30:36,33.6785049438477,-7.58516311645508,"Male"
"6018403",371836,2025-08-09 17:40:37,33.694896697998,-7.57857704162598,"Male"
"6018403",371836,2025-08-09 17:51:14,33.6419067382812,-7.57849311828613,"Male"
"6018403",371836,2025-08-09 18:00:36,33.6027870178223,-7.57760047912598,"Male"
"6018403",371836,2025-08-09 18:10:41,33.6027946472168,-7.57697010040283,"Male"
"6018403",371836,2025-08-09 18:20:50,33.6024169921875,-7.57610988616943,"Male"
"6018403",371836,2025-08-09 18:30:59,33.6028633117676,-7.57695627212524,"Male"
"6018403",371836,2025-08-09 18:40:25,33.6028213500977,-7.57692241668701,"Male"
"6018403",371836,2025-08-09 18:50:27,33.6028327941895,-7.57668113708496,"Male"
"6018403",371836,2025-08-09 19:00:31,33.6029472351074,-7.57696628570557,"Male"
"6018403",371836,2025-08-09 19:10:26,33.6027374267578,-7.57727336883545,"Male"
"6018403",371836,2025-08-09 19:20:28,33.6018524169922,-7.60608196258545,"Male"
"6018403",371836,2025-08-09 19:30:37,33.6017570495605,-7.60611486434937,"Male"
"6018403",371836,2025-08-09 19:40:28,33.6015892028809,-7.60604286193848,"Male"
"6018403",371836,2025-08-09 19:50:25,33.6015625,-7.60604286193848,"Male"
"6018403",371836,2025-08-09 20:00:28,33.6017303466797,-7.60552740097046,"Male"
"6018403",371836,2025-08-09 20:10:25,33.6017837524414,-7.60556840896606,"Male"
"6018403",371836,2025-08-09 20:20:42,33.6018257141113,-7.60563135147095,"Male"
"6018403",371836,2025-08-09 20:30:25,33.6017723083496,-7.60551404953003,"Male"
"6018403",371836,2025-08-09 20:40:25,33.6017303466797,-7.6054277420044,"Male"
"6018403",371836,2025-08-09 20:50:25,33.6016540527344,-7.6054835319519,"Male"
"6018403",371836,2025-08-09 21:00:26,33.6019287109375,-7.6054539680481,"Male"
"6018403",371836,2025-08-09 21:10:44,33.6020050048828,-7.60529136657715,"Male"
"6018403",371836,2025-08-09 21:20:31,33.6004219055176,-7.60522651672363,"Male"
"6018403",371836,2025-08-09 21:30:36,33.6018981933594,-7.60549306869507,"Male"
"6018403",371836,2025-08-09 21:40:33,33.6019592285156,-7.60539197921753,"Male"
"6018403",371836,2025-08-09 21:50:44,33.6022033691406,-7.60556316375732,"Male"
"6018403",371836,2025-08-09 22:00:28,33.601879119873,-7.60570669174194,"Male"
"6018403",371836,2025-08-09 22:10:30,33.6020431518555,-7.60562992095947,"Male"
"6018403",371836,2025-08-09 22:20:25,33.6020584106445,-7.60565328598022,"Male"
"6018403",371836,2025-08-09 22:30:27,33.6019973754883,-7.60579776763916,"Male"
"6018403",371836,2025-08-09 22:40:31,33.6022186279297,-7.60572671890259,"Male"
"6018403",371836,2025-08-09 22:51:00,33.6017646789551,-7.60554552078247,"Male"
"6018403",371836,2025-08-09 23:00:28,33.6021614074707,-7.60531568527222,"Male"
"6018403",371836,2025-08-09 23:10:27,33.6015815734863,-7.60558986663818,"Male"
"6018403",371836,2025-08-09 23:20:30,33.6017532348633,-7.60549688339233,"Male"
"6018403",371836,2025-08-09 23:30:29,33.602222442627,-7.60547876358032,"Male"
"6018403",371836,2025-08-09 23:40:29,33.6018829345703,-7.60558652877808,"Male"
"6018403",371836,2025-08-09 23:50:29,33.601879119873,-7.60544586181641,"Male"
"6018403",371836,2025-08-10 00:00:27,33.601879119873,-7.60534477233887,"Male"
"6018403",371836,2025-08-10 00:10:26,33.602108001709,-7.6054277420044,"Male"
"6018403",371836,2025-08-10 00:20:27,33.6021461486816,-7.60556554794312,"Male"
"6018403",371836,2025-08-10 00:30:26,33.6001167297363,-7.60529804229736,"Male"
"6018403",371836,2025-08-10 00:40:27,33.6000671386719,-7.60521221160889,"Male"
"6018403",371836,2025-08-10 00:50:27,33.6000671386719,-7.60524559020996,"Male"
"6018403",371836,2025-08-10 01:00:27,33.6001281738281,-7.60516500473022,"Male"
"6018403",371836,2025-08-10 01:10:26,33.6000480651855,-7.60526323318481,"Male"
"6018403",371836,2025-08-10 01:20:26,33.600025177002,-7.60517930984497,"Male"
"6018403",371836,2025-08-10 01:30:27,33.5998382568359,-7.6052942276001,"Male"
"6018403",371836,2025-08-10 01:40:27,33.5998649597168,-7.60530710220337,"Male"
"6018403",371836,2025-08-10 01:50:28,33.599609375,-7.60400152206421,"Male"
"6018403",371836,2025-08-10 02:00:27,33.5997161865234,-7.60447359085083,"Male"
"6018403",371836,2025-08-10 02:10:26,33.5996322631836,-7.60445022583008,"Male"
"6018403",371836,2025-08-10 02:20:27,33.5996322631836,-7.60440921783447,"Male"
"6018403",371836,2025-08-10 02:30:27,33.599681854248,-7.6044111251831,"Male"
"6018403",371836,2025-08-10 02:40:27,33.5999565124512,-7.60528945922852,"Male"
"6018403",371836,2025-08-10 02:50:27,33.6002235412598,-7.60507535934448,"Male"
"6018403",371836,2025-08-10 03:00:28,33.6000900268555,-7.60509824752808,"Male"
"6018403",371836,2025-08-10 03:10:27,33.5999870300293,-7.60506200790405,"Male"
"6018403",371836,2025-08-10 03:20:27,33.6001396179199,-7.60501575469971,"Male"
"6018403",371836,2025-08-10 03:30:26,33.600154876709,-7.60507678985596,"Male"
"6018403",371836,2025-08-10 03:40:28,33.5993537902832,-7.60506439208984,"Male"
"6018403",371836,2025-08-10 03:50:26,33.6001358032227,-7.60481214523315,"Male"
"6018403",371836,2025-08-10 04:00:27,33.6001091003418,-7.60493278503418,"Male"
"6018403",371836,2025-08-10 04:10:27,33.6000175476074,-7.60489225387573,"Male"
"6018403",371836,2025-08-10 04:20:26,33.5998115539551,-7.60480833053589,"Male"
"6018403",371836,2025-08-10 04:30:29,33.599494934082,-7.60441303253174,"Male"
"6018403",371836,2025-08-10 04:40:29,33.5996170043945,-7.60444498062134,"Male"
"6018403",371836,2025-08-10 04:50:29,33.5994262695312,-7.60388898849487,"Male"
"6018403",371836,2025-08-10 05:00:30,33.5990905761719,-7.5997166633606,"Male"
"6018403",371836,2025-08-10 05:10:36,33.6004219055176,-7.6036057472229,"Male"
"6018403",371836,2025-08-10 05:20:36,33.6005020141602,-7.60349464416504,"Male"
"6018403",371836,2025-08-10 05:30:33,33.5998497009277,-7.6038179397583,"Male"
"6018403",371836,2025-08-10 05:40:29,33.6013870239258,-7.60600519180298,"Male"
"6018403",371836,2025-08-10 05:50:27,33.577278137207,-7.596923828125,"Male"
"6018403",371836,2025-08-10 06:00:26,33.5767288208008,-7.59569406509399,"Male"
"6018403",371836,2025-08-10 06:10:27,33.5245246887207,-7.55289649963379,"Male"
"6018403",371836,2025-08-10 06:20:34,33.4796409606934,-7.53995418548584,"Male"
"6018403",371836,2025-08-10 06:30:33,33.4792404174805,-7.53607034683228,"Male"
"6018403",371836,2025-08-10 06:40:36,33.4797325134277,-7.53568267822266,"Male"
"6018403",371836,2025-08-10 06:50:36,33.4804725646973,-7.5349178314209,"Male"
"6018403",371836,2025-08-10 07:00:36,33.479564666748,-7.54089641571045,"Male"
"6018403",371836,2025-08-10 07:10:36,33.4793968200684,-7.54064512252808,"Male"
"6018403",371836,2025-08-10 07:20:36,33.4792442321777,-7.54067802429199,"Male"
"6018403",371836,2025-08-10 07:30:39,33.4791717529297,-7.54045391082764,"Male"
"6018403",371836,2025-08-10 07:40:36,33.4790840148926,-7.54052495956421,"Male"
"6018403",371836,2025-08-10 07:50:30,33.4791450500488,-7.54273796081543,"Male"
"6018403",371836,2025-08-10 08:00:30,33.4792861938477,-7.54289817810059,"Male"
"6018403",371836,2025-08-10 08:10:28,33.4791297912598,-7.54062461853027,"Male"
"6018403",371836,2025-08-10 08:20:27,33.4790878295898,-7.54076385498047,"Male"
"6018403",371836,2025-08-10 08:30:43,33.4794692993164,-7.54041290283203,"Male"
"6018403",371836,2025-08-10 08:40:36,33.4791412353516,-7.54072570800781,"Male"
"6018403",371836,2025-08-10 08:50:29,33.4791107177734,-7.54054164886475,"Male"
"6018403",371836,2025-08-10 09:00:28,33.4795875549316,-7.54144144058228,"Male"
"6018403",371836,2025-08-10 09:10:27,33.4795417785645,-7.54204177856445,"Male"
"6018403",371836,2025-08-10 09:20:27,33.4800300598145,-7.54176616668701,"Male"
"6018403",371836,2025-08-10 09:30:29,33.4799575805664,-7.54202556610107,"Male"
"6018403",371836,2025-08-10 09:40:31,33.4806327819824,-7.54090785980225,"Male"
"6018403",371836,2025-08-10 09:50:31,33.4803085327148,-7.54113388061523,"Male"
"6018403",371836,2025-08-10 10:00:29,33.4802322387695,-7.54115343093872,"Male"
"6018403",371836,2025-08-10 10:10:29,33.4800643920898,-7.54131174087524,"Male"
"6018403",371836,2025-08-10 10:20:28,33.4801292419434,-7.54128313064575,"Male"
"6018403",371836,2025-08-10 10:30:28,33.4801063537598,-7.54137182235718,"Male"
"6018403",371836,2025-08-10 10:40:32,33.4801826477051,-7.54136514663696,"Male"
"6018403",371836,2025-08-10 10:50:39,33.4804306030273,-7.541344165802,"Male"
"6018403",371836,2025-08-10 11:00:28,33.5013046264648,-7.54058170318604,"Male"
"6018403",371836,2025-08-10 11:10:27,33.479907989502,-7.54044771194458,"Male"
"6018403",371836,2025-08-10 11:20:30,33.4801063537598,-7.54179191589355,"Male"
"6018403",371836,2025-08-10 11:30:28,33.4798278808594,-7.5414867401123,"Male"
"6018403",371836,2025-08-10 11:40:30,33.4796600341797,-7.54128265380859,"Male"
"6018403",371836,2025-08-10 11:50:29,33.4799194335938,-7.54172229766846,"Male"
"6018403",371836,2025-08-10 12:00:27,33.4799308776855,-7.54169511795044,"Male"
"6018403",371836,2025-08-10 12:10:27,33.4799156188965,-7.5416407585144,"Male"
"6018403",371836,2025-08-10 12:20:30,33.47998046875,-7.54155683517456,"Male"
"6018403",371836,2025-08-10 12:30:28,33.4795532226562,-7.54118728637695,"Male"
"6018403",371836,2025-08-10 12:40:27,33.479808807373,-7.54140043258667,"Male"
"6018403",371836,2025-08-10 12:50:28,33.4799385070801,-7.54183053970337,"Male"
"6018403",371836,2025-08-10 13:00:29,33.4799995422363,-7.54174470901489,"Male"
"6018403",371836,2025-08-10 13:10:28,33.4800224304199,-7.54197883605957,"Male"
"6018403",371836,2025-08-10 13:20:28,33.4797897338867,-7.53939008712769,"Male"
"6018403",371836,2025-08-10 13:30:28,33.4801788330078,-7.53900003433228,"Male"
"6018403",371836,2025-08-10 13:40:29,33.48095703125,-7.54137134552002,"Male"
"6018403",371836,2025-08-10 13:50:39,33.4808158874512,-7.54144382476807,"Male"
"6018403",371836,2025-08-10 14:00:37,33.4808082580566,-7.54151344299316,"Male"
"6018403",371836,2025-08-10 14:10:37,33.4806289672852,-7.54154920578003,"Male"
"6018403",371836,2025-08-10 14:21:29,33.4805717468262,-7.54155397415161,"Male"
"6018403",371836,2025-08-10 14:30:26,33.4800682067871,-7.54169511795044,"Male"
"6018403",371836,2025-08-10 14:40:27,33.4801635742188,-7.54158401489258,"Male"
"6018403",371836,2025-08-10 14:50:28,33.480052947998,-7.54161262512207,"Male"
"6018403",371836,2025-08-10 15:00:27,33.4791603088379,-7.53962421417236,"Male"
"6018403",371836,2025-08-10 15:10:36,33.479923248291,-7.54129648208618,"Male"
"6018403",371836,2025-08-10 15:20:27,33.4803047180176,-7.54169034957886,"Male"
"6018403",371836,2025-08-10 15:30:29,33.4803314208984,-7.54205703735352,"Male"
"6018403",371836,2025-08-10 15:40:31,33.4791374206543,-7.53980398178101,"Male"
"6018403",371836,2025-08-10 15:50:36,33.4799308776855,-7.54138708114624,"Male"
"6018403",371836,2025-08-10 16:00:28,33.4803924560547,-7.54019832611084,"Male"
"6018403",371836,2025-08-10 16:10:36,33.480396270752,-7.54016876220703,"Male"
"6018403",371836,2025-08-10 16:20:27,33.5033950805664,-7.54025745391846,"Male"
"6018403",371836,2025-08-10 16:30:28,33.5034599304199,-7.54022359848022,"Male"
"6018403",371836,2025-08-10 16:40:30,33.5033569335938,-7.54024505615234,"Male"
"6018403",371836,2025-08-10 16:50:31,33.5031967163086,-7.5403265953064,"Male"
"6018403",371836,2025-08-10 17:00:30,33.5037117004395,-7.5399374961853,"Male"
"6018403",371836,2025-08-10 17:10:31,33.5029258728027,-7.54036474227905,"Male"
"6018403",371836,2025-08-10 17:20:30,33.5027618408203,-7.54028081893921,"Male"
"6018403",371836,2025-08-10 17:30:36,33.5030555725098,-7.54037809371948,"Male"
"6018403",371836,2025-08-10 17:40:42,33.5026321411133,-7.54027652740479,"Male"
"6018403",371836,2025-08-10 17:50:29,33.5029144287109,-7.54040145874023,"Male"
"6018403",371836,2025-08-10 18:00:30,33.5025482177734,-7.54052352905273,"Male"
"6018403",371836,2025-08-10 18:10:30,33.5026626586914,-7.54058504104614,"Male"
"6018403",371836,2025-08-10 18:20:29,33.5169372558594,-7.55457496643066,"Male"
"6018403",371836,2025-08-10 18:30:29,33.5559158325195,-7.59076881408691,"Male"
"6018403",371836,2025-08-10 18:40:33,33.6007080078125,-7.60500812530518,"Male"
"6018403",371836,2025-08-10 18:50:37,33.6010246276855,-7.60476875305176,"Male"
"6018403",371836,2025-08-10 19:00:31,33.6006088256836,-7.60517692565918,"Male"
"6018403",371836,2025-08-10 19:10:31,33.6010780334473,-7.60505056381226,"Male"
"6018403",371836,2025-08-10 19:20:29,33.6010513305664,-7.60532379150391,"Male"
"6018403",371836,2025-08-10 19:30:29,33.5999183654785,-7.60552930831909,"Male"
"6018403",371836,2025-08-10 19:40:30,33.602108001709,-7.60555410385132,"Male"
"6018403",371836,2025-08-10 19:50:30,33.6022834777832,-7.60572862625122,"Male"
"6018403",371836,2025-08-10 20:00:44,33.601634979248,-7.60521173477173,"Male"
"6018403",371836,2025-08-10 20:10:36,33.6016998291016,-7.6054892539978,"Male"
"6018403",371836,2025-08-10 20:20:31,33.6018943786621,-7.60549449920654,"Male"
"6018403",371836,2025-08-10 20:30:30,33.6023406982422,-7.60589122772217,"Male"
"6018403",371836,2025-08-10 20:40:29,33.6020622253418,-7.60568428039551,"Male"
"6018403",371836,2025-08-10 20:50:44,33.601921081543,-7.60558605194092,"Male"
"6018403",371836,2025-08-10 21:00:36,33.6018409729004,-7.6056079864502,"Male"
"6018403",371836,2025-08-10 21:10:35,33.6019592285156,-7.60557985305786,"Male"
"6018403",371836,2025-08-10 21:20:37,33.6019401550293,-7.60548782348633,"Male"
"6018403",371836,2025-08-10 21:30:41,33.6003761291504,-7.60327625274658,"Male"
"6018403",371836,2025-08-10 21:40:35,33.5999870300293,-7.60624027252197,"Male"
"6018403",371836,2025-08-10 21:50:36,33.6000289916992,-7.60444784164429,"Male"
"6018403",371836,2025-08-10 22:00:37,33.593692779541,-7.61117315292358,"Male"
"6018403",371836,2025-08-10 22:11:09,33.6022644042969,-7.6075873374939,"Male"
"6018403",371836,2025-08-10 22:20:35,33.6017570495605,-7.60805463790894,"Male"
"6018403",371836,2025-08-10 22:30:37,33.5971832275391,-7.61111545562744,"Male"
"6018403",371836,2025-08-10 22:40:36,33.6055030822754,-7.60490846633911,"Male"
"6018403",371836,2025-08-10 22:50:36,33.6038856506348,-7.60583877563477,"Male"
"6018403",371836,2025-08-10 23:00:43,33.6015090942383,-7.60862112045288,"Male"
"6018403",371836,2025-08-10 23:10:38,33.5994186401367,-7.60555505752563,"Male"
"6018403",371836,2025-08-10 23:20:41,33.5989456176758,-7.60586738586426,"Male"
"6018403",371836,2025-08-10 23:30:37,33.5979690551758,-7.60630321502685,"Male"
"6018403",371836,2025-08-10 23:40:36,33.5961151123047,-7.60728597640991,"Male"
"6018403",371836,2025-08-10 23:51:04,33.6017951965332,-7.60536193847656,"Male"
"6018403",371836,2025-08-11 00:00:29,33.6018676757812,-7.60537767410278,"Male"
"6018403",371836,2025-08-11 00:10:33,33.6036186218262,-7.60839748382568,"Male"
"6018403",371836,2025-08-11 00:20:36,33.6000480651855,-7.60302066802979,"Male"
"6018403",371836,2025-08-11 00:30:33,33.6000671386719,-7.60295343399048,"Male"
"6018403",371836,2025-08-11 00:40:31,33.6000442504883,-7.60298204421997,"Male"
"6018403",371836,2025-08-11 00:50:29,33.600040435791,-7.60313844680786,"Male"
"6018403",371836,2025-08-11 01:00:28,33.6001434326172,-7.60298681259155,"Male"
"6018403",371836,2025-08-11 01:10:28,33.600025177002,-7.60298728942871,"Male"
"6018403",371836,2025-08-11 01:20:29,33.6000747680664,-7.60293197631836,"Male"
"6018403",371836,2025-08-11 01:30:28,33.6000785827637,-7.60289335250854,"Male"
"6018403",371836,2025-08-11 01:40:29,33.5999641418457,-7.60299491882324,"Male"
"6018403",371836,2025-08-11 01:50:31,33.6000099182129,-7.60275983810425,"Male"
"6018403",371836,2025-08-11 02:00:33,33.5999450683594,-7.60283279418945,"Male"
"6018403",371836,2025-08-11 02:10:33,33.5999908447266,-7.60287189483643,"Male"
"6018403",371836,2025-08-11 02:20:31,33.6000366210938,-7.60304355621338,"Male"
"6018403",371836,2025-08-11 02:30:30,33.6000709533691,-7.60305786132812,"Male"
"6018403",371836,2025-08-11 02:40:31,33.6000709533691,-7.60305070877075,"Male"
"6018403",371836,2025-08-11 02:50:31,33.6000442504883,-7.60297393798828,"Male"
"6018403",371836,2025-08-11 03:00:34,33.6000671386719,-7.60297155380249,"Male"
"6018403",371836,2025-08-11 03:10:36,33.6002311706543,-7.602942943573,"Male"
"6018403",371836,2025-08-11 03:20:41,33.6002502441406,-7.60283756256104,"Male"
"6018403",371836,2025-08-11 03:30:36,33.6002235412598,-7.60267400741577,"Male"
"6018403",371836,2025-08-11 03:40:41,33.5999946594238,-7.60238218307495,"Male"
"6018403",371836,2025-08-11 03:50:36,33.5998458862305,-7.60206699371338,"Male"
"6018403",371836,2025-08-11 04:00:33,33.5998497009277,-7.6017599105835,"Male"
"6018403",371836,2025-08-11 04:10:33,33.5997085571289,-7.60158348083496,"Male"
"6018403",371836,2025-08-11 04:20:34,33.6001091003418,-7.60241270065308,"Male"
"6018403",371836,2025-08-11 04:30:59,33.6006622314453,-7.60190963745117,"Male"
"6018403",371836,2025-08-11 04:40:29,33.6006698608398,-7.60130977630615,"Male"
"6018403",371836,2025-08-11 04:50:31,33.6011276245117,-7.60166549682617,"Male"
"6018403",371836,2025-08-11 05:00:30,33.6004066467285,-7.60238838195801,"Male"
"6018403",371836,2025-08-11 05:10:38,33.6002998352051,-7.60302877426147,"Male"
"6018403",371836,2025-08-11 05:20:39,33.6004676818848,-7.60299253463745,"Male"
"6018403",371836,2025-08-11 05:30:34,33.6004180908203,-7.60300779342651,"Male"
"6018403",371836,2025-08-11 05:40:29,33.5990219116211,-7.65986251831055,"Male"
"6018403",371836,2025-08-11 05:51:05,33.5857391357422,-7.68720769882202,"Male"
"6018403",371836,2025-08-11 06:00:30,33.5998001098633,-7.65555095672607,"Male"
"6018403",371836,2025-08-11 06:10:34,33.5998916625977,-7.65560483932495,"Male"
"6018403",371836,2025-08-11 06:20:31,33.5996284484863,-7.65564966201782,"Male"
"6018403",371836,2025-08-11 06:30:34,33.5997352600098,-7.65558290481567,"Male"
"6018403",371836,2025-08-11 06:40:33,33.5998001098633,-7.65543127059937,"Male"
"6018403",371836,2025-08-11 06:50:33,33.5996780395508,-7.65556764602661,"Male"
"6018403",371836,2025-08-11 07:00:30,33.5996856689453,-7.65599155426025,"Male"
"6018403",371836,2025-08-11 07:10:30,33.5992889404297,-7.64271211624146,"Male"
"6018403",371836,2025-08-11 07:20:34,33.5993881225586,-7.64162731170654,"Male"
"6018403",371836,2025-08-11 07:30:34,33.5993576049805,-7.64170837402344,"Male"
"6018403",371836,2025-08-11 07:40:33,33.5994453430176,-7.64165019989014,"Male"
"6018403",371836,2025-08-11 07:50:29,33.5968856811523,-7.63813495635986,"Male"
"6018403",371836,2025-08-11 08:00:34,33.596305847168,-7.63598489761353,"Male"
"6018403",371836,2025-08-11 08:10:32,33.5964393615723,-7.6361722946167,"Male"
"6018403",371836,2025-08-11 08:20:30,33.596435546875,-7.63581848144531,"Male"
"6018403",371836,2025-08-11 08:30:35,33.5964126586914,-7.63585615158081,"Male"
"6018403",371836,2025-08-11 08:40:44,33.5964126586914,-7.63598966598511,"Male"
"6018403",371836,2025-08-11 08:50:54,33.5963020324707,-7.63590669631958,"Male"
"6018403",371836,2025-08-11 09:00:48,33.596607208252,-7.63606643676758,"Male"
"6018403",371836,2025-08-11 09:10:58,33.596305847168,-7.63619041442871,"Male"
"6018403",371836,2025-08-11 09:20:55,33.5961647033691,-7.63623285293579,"Male"
"6018403",371836,2025-08-11 09:30:31,33.6024131774902,-7.6137285232544,"Male"
"6018403",371836,2025-08-11 09:40:47,33.6019668579102,-7.61390018463135,"Male"
"6018403",371836,2025-08-11 09:50:37,33.6019020080566,-7.61382007598877,"Male"
"6018403",371836,2025-08-11 10:00:36,33.6019287109375,-7.61367988586426,"Male"
"6018403",371836,2025-08-11 10:10:31,33.6019821166992,-7.59484052658081,"Male"
"6018403",371836,2025-08-11 10:20:30,33.6021766662598,-7.57654285430908,"Male"
"6018403",371836,2025-08-11 10:30:36,33.6024055480957,-7.5761981010437,"Male"
"6018403",371836,2025-08-11 10:40:36,33.6023445129395,-7.576171875,"Male"
"6018403",371836,2025-08-11 10:50:31,33.6022415161133,-7.57636833190918,"Male"
"6018403",371836,2025-08-11 11:00:31,33.6021842956543,-7.5763373374939,"Male"
"6018403",371836,2025-08-11 11:10:33,33.6022529602051,-7.57630443572998,"Male"
"6018403",371836,2025-08-11 11:20:35,33.6038627624512,-7.57249689102173,"Male"
"6018403",371836,2025-08-11 11:30:34,33.6123046875,-7.5621223449707,"Male"
"6018403",371836,2025-08-11 11:40:32,33.611141204834,-7.56176424026489,"Male"
"6018403",371836,2025-08-11 11:50:41,33.6124954223633,-7.5605411529541,"Male"
"6018403",371836,2025-08-11 12:00:42,33.6131057739258,-7.56201267242432,"Male"
"6018403",371836,2025-08-11 12:10:41,33.6130294799805,-7.56125068664551,"Male"
"6018403",371836,2025-08-11 12:20:32,33.6135292053223,-7.5623984336853,"Male"
"6018403",371836,2025-08-11 12:31:02,33.6133193969727,-7.56204891204834,"Male"
"6018403",371836,2025-08-11 12:40:31,33.6130905151367,-7.5618953704834,"Male"
"6018403",371836,2025-08-11 12:50:39,33.6134223937988,-7.562180519104,"Male"
"6018403",371836,2025-08-11 13:00:36,33.613338470459,-7.56183767318726,"Male"
"6018403",371836,2025-08-11 13:10:29,33.613452911377,-7.56228733062744,"Male"
"6018403",371836,2025-08-11 13:20:32,33.6130523681641,-7.56186962127685,"Male"
"6018403",371836,2025-08-11 13:30:49,33.6133689880371,-7.56240367889404,"Male"
"6018403",371836,2025-08-11 13:40:30,33.6135711669922,-7.55843639373779,"Male"
"6018403",371836,2025-08-11 13:50:31,33.6143531799316,-7.55641937255859,"Male"
"6018403",371836,2025-08-11 14:00:36,33.6134910583496,-7.55822467803955,"Male"
"6018403",371836,2025-08-11 14:10:34,33.6134719848633,-7.55810880661011,"Male"
"6018403",371836,2025-08-11 14:21:35,33.613582611084,-7.55768442153931,"Male"
"6018403",371836,2025-08-11 14:30:29,33.6143493652344,-7.5570878982544,"Male"
"6018403",371836,2025-08-11 14:41:03,33.6161766052246,-7.55288076400757,"Male"
"6018403",371836,2025-08-11 14:50:36,33.6162109375,-7.5527868270874,"Male"
"6018403",371836,2025-08-11 15:00:30,33.6108932495117,-7.54952812194824,"Male"
"6018403",371836,2025-08-11 15:10:37,33.6282157897949,-7.50898122787476,"Male"
"6018403",371836,2025-08-11 15:20:31,33.6408500671387,-7.48830890655518,"Male"
"6018403",371836,2025-08-11 15:30:43,33.6417961120605,-7.48866128921509,"Male"
"6018403",371836,2025-08-11 15:40:33,33.6406021118164,-7.4874849319458,"Male"
"6018403",371836,2025-08-11 15:50:37,33.6399879455566,-7.48650884628296,"Male"
"6018403",371836,2025-08-11 16:00:35,33.6393203735352,-7.48330354690552,"Male"
"6018403",371836,2025-08-11 16:10:33,33.639045715332,-7.48296165466309,"Male"
"6018403",371836,2025-08-11 16:20:32,33.638614654541,-7.48581600189209,"Male"
"6018403",371836,2025-08-11 16:30:38,33.6362152099609,-7.49297857284546,"Male"
"6018403",371836,2025-08-11 16:40:36,33.6359596252441,-7.49268388748169,"Male"
"6018403",371836,2025-08-11 16:50:33,33.6362762451172,-7.49187040328979,"Male"
"6018403",371836,2025-08-11 17:00:35,33.6358871459961,-7.49263095855713,"Male"
"6018403",371836,2025-08-11 17:10:38,33.6357460021973,-7.49256563186646,"Male"
"6018403",371836,2025-08-11 17:20:40,33.6355514526367,-7.49249410629272,"Male"
"6018403",371836,2025-08-11 17:30:38,33.6353530883789,-7.49244594573975,"Male"
"6018403",371836,2025-08-11 17:40:46,33.6347885131836,-7.49230337142944,"Male"
"6018403",371836,2025-08-11 17:51:05,33.6360473632812,-7.4928388595581,"Male"
"6018403",371836,2025-08-11 18:00:33,33.637035369873,-7.49291610717773,"Male"
"6018403",371836,2025-08-11 18:10:36,33.6369667053223,-7.49307632446289,"Male"
"6018403",371836,2025-08-11 18:20:33,33.6369132995605,-7.49290800094604,"Male"
"6018403",371836,2025-08-11 18:30:35,33.6367874145508,-7.4930567741394,"Male"
"6018403",371836,2025-08-11 18:40:34,33.6368827819824,-7.49295663833618,"Male"
"6018403",371836,2025-08-11 18:50:39,33.6367988586426,-7.4930477142334,"Male"
"6018403",371836,2025-08-11 19:00:34,33.6367378234863,-7.4929347038269,"Male"
"6018403",371836,2025-08-11 19:10:32,33.6369705200195,-7.49257802963257,"Male"
"6018403",371836,2025-08-11 19:20:44,33.6368179321289,-7.49297142028809,"Male"
"6018403",371836,2025-08-11 19:30:38,33.6367607116699,-7.49286699295044,"Male"
"6018403",371836,2025-08-11 19:40:32,33.6365585327148,-7.49355936050415,"Male"
"6018403",371836,2025-08-11 19:50:32,33.6312599182129,-7.54197120666504,"Male"
"6018403",371836,2025-08-11 20:00:33,33.6059684753418,-7.60002422332764,"Male"
"6018403",371836,2025-08-11 20:10:32,33.6014366149902,-7.6056170463562,"Male"
"6018403",371836,2025-08-11 20:20:37,33.6018295288086,-7.60589170455933,"Male"
"6018403",371836,2025-08-11 20:30:42,33.6018714904785,-7.60585260391235,"Male"
"6018403",371836,2025-08-11 20:40:39,33.601734161377,-7.6060152053833,"Male"
"6018403",371836,2025-08-11 20:50:33,33.6018981933594,-7.6059365272522,"Male"
"6018403",371836,2025-08-11 21:00:37,33.6020050048828,-7.60596370697021,"Male"
"6018403",371836,2025-08-11 21:10:32,33.6019248962402,-7.60592269897461,"Male"
"6018403",371836,2025-08-11 21:20:37,33.6020927429199,-7.60579633712769,"Male"
"6018403",371836,2025-08-11 21:30:39,33.6023101806641,-7.60565757751465,"Male"
"6018403",371836,2025-08-11 21:40:36,33.6025047302246,-7.60562705993652,"Male"
"6018403",371836,2025-08-11 21:50:34,33.6025238037109,-7.60568904876709,"Male"
"6018403",371836,2025-08-11 22:00:39,33.6025428771973,-7.60632419586182,"Male"
"6018403",371836,2025-08-11 22:10:40,33.6005592346191,-7.60349893569946,"Male"
"6018403",371836,2025-08-11 22:20:35,33.6013526916504,-7.60350513458252,"Male"
"6018403",371836,2025-08-11 22:30:44,33.6018409729004,-7.60337448120117,"Male"
"6018403",371836,2025-08-11 22:40:40,33.6020126342773,-7.60302352905273,"Male"
"6018403",371836,2025-08-11 22:50:40,33.6017570495605,-7.60316276550293,"Male"
"6018403",371836,2025-08-11 23:00:40,33.601448059082,-7.60339260101318,"Male"
"6018403",371836,2025-08-11 23:10:38,33.6012992858887,-7.60364818572998,"Male"
"6018403",371836,2025-08-11 23:20:38,33.6015243530273,-7.60321569442749,"Male"
"6018403",371836,2025-08-11 23:30:36,33.601245880127,-7.60358285903931,"Male"
"6018403",371836,2025-08-11 23:40:37,33.6014137268066,-7.60338544845581,"Male"
"6018403",371836,2025-08-11 23:50:34,33.6019058227539,-7.60295104980469,"Male"
"6018403",371836,2025-08-12 00:00:32,33.6016387939453,-7.60322237014771,"Male"
"6018403",371836,2025-08-12 00:10:34,33.6008224487305,-7.60412788391113,"Male"
"6018403",371836,2025-08-12 00:20:39,33.600944519043,-7.60394763946533,"Male"
"6018403",371836,2025-08-12 00:31:05,33.6008987426758,-7.6038007736206,"Male"
"6018403",371836,2025-08-12 00:40:31,33.6006546020508,-7.60361814498901,"Male"
"6018403",371836,2025-08-12 00:50:32,33.6006660461426,-7.60368728637695,"Male"
"6018403",371836,2025-08-12 01:00:33,33.6001052856445,-7.60319328308105,"Male"
"6018403",371836,2025-08-12 01:10:33,33.6002998352051,-7.60333681106567,"Male"
"6018403",371836,2025-08-12 01:20:33,33.6001739501953,-7.60336017608643,"Male"
"6018403",371836,2025-08-12 01:30:33,33.6001396179199,-7.60332298278809,"Male"
"6018403",371836,2025-08-12 01:40:32,33.6001243591309,-7.60335540771484,"Male"
"6018403",371836,2025-08-12 01:50:32,33.6001167297363,-7.60326528549194,"Male"
"6018403",371836,2025-08-12 02:00:32,33.6001052856445,-7.60341596603394,"Male"
"6018403",371836,2025-08-12 02:10:32,33.6001586914062,-7.60333347320557,"Male"
"6018403",371836,2025-08-12 02:20:33,33.6001815795898,-7.60337781906128,"Male"
"6018403",371836,2025-08-12 02:30:34,33.6002388000488,-7.60342884063721,"Male"
"6018403",371836,2025-08-12 02:40:33,33.6004028320312,-7.60347604751587,"Male"
"6018403",371836,2025-08-12 02:50:32,33.6003799438477,-7.60345506668091,"Male"
"6018403",371836,2025-08-12 03:00:32,33.6002502441406,-7.6032247543335,"Male"
"6018403",371836,2025-08-12 03:10:32,33.6003684997559,-7.60347843170166,"Male"
"6018403",371836,2025-08-12 03:20:33,33.6003494262695,-7.6034631729126,"Male"
"6018403",371836,2025-08-12 03:30:33,33.6002464294434,-7.603271484375,"Male"
"6018403",371836,2025-08-12 03:40:32,33.5999374389648,-7.60372495651245,"Male"
"6018403",371836,2025-08-12 03:50:32,33.6002807617188,-7.6034517288208,"Male"
"6018403",371836,2025-08-12 04:01:05,33.6002159118652,-7.603355884552,"Male"
"6018403",371836,2025-08-12 04:10:32,33.6002159118652,-7.60309934616089,"Male"
"6018403",371836,2025-08-12 04:20:32,33.6002044677734,-7.60324048995972,"Male"
"6018403",371836,2025-08-12 04:30:33,33.5999641418457,-7.60348987579346,"Male"
"6018403",371836,2025-08-12 04:40:32,33.5997772216797,-7.60355949401855,"Male"
"6018403",371836,2025-08-12 04:50:33,33.599967956543,-7.60344219207764,"Male"
"6018403",371836,2025-08-12 05:00:33,33.5998725891113,-7.60304832458496,"Male"
"6018403",371836,2025-08-12 05:10:33,33.6000556945801,-7.60332345962524,"Male"
"6018403",371836,2025-08-12 05:20:32,33.6000633239746,-7.60315132141113,"Male"
"6018403",371836,2025-08-12 05:30:32,33.606803894043,-7.57265710830688,"Male"
"6018403",371836,2025-08-12 05:40:34,33.6072883605957,-7.56610774993896,"Male"
"6018403",371836,2025-08-12 05:50:32,33.6084251403809,-7.56088924407959,"Male"
"6018403",371836,2025-08-12 06:00:33,33.6107978820801,-7.52310562133789,"Male"
"6018403",371836,2025-08-12 06:10:33,33.6105346679688,-7.52317047119141,"Male"
"6018403",371836,2025-08-12 06:20:33,33.6109466552734,-7.52294826507568,"Male"
"6018403",371836,2025-08-12 06:30:32,33.6108703613281,-7.52282476425171,"Male"
"6018403",371836,2025-08-12 06:40:38,33.6107788085938,-7.52301263809204,"Male"
"6018403",371836,2025-08-12 06:50:33,33.6108245849609,-7.52298641204834,"Male"
"6018403",371836,2025-08-12 07:00:33,33.6094284057617,-7.51885509490967,"Male"
"6018403",371836,2025-08-12 07:10:34,33.5978050231934,-7.4994945526123,"Male"
"6018403",371836,2025-08-12 07:20:44,33.597785949707,-7.49941349029541,"Male"
"6018403",371836,2025-08-12 07:30:40,33.5977745056152,-7.49941253662109,"Male"
"6018403",371836,2025-08-12 07:40:33,33.6209564208984,-7.49811029434204,"Male"
"6018403",371836,2025-08-12 07:50:33,33.6358108520508,-7.49248075485229,"Male"
"6018403",371836,2025-08-12 08:00:43,33.6411972045898,-7.49225950241089,"Male"
"6018403",371836,2025-08-12 08:11:05,33.6408004760742,-7.49534893035889,"Male"
"6018403",371836,2025-08-12 08:20:32,33.6408195495605,-7.49529695510864,"Male"
"6018403",371836,2025-08-12 08:30:31,33.6408348083496,-7.49532604217529,"Male"
"6018403",371836,2025-08-12 08:40:31,33.6408195495605,-7.49536323547363,"Male"
"6018403",371836,2025-08-12 08:50:33,33.6409492492676,-7.49549341201782,"Male"
"6018403",371836,2025-08-12 09:00:32,33.6409912109375,-7.4952564239502,"Male"
"6018403",371836,2025-08-12 09:10:33,33.6409873962402,-7.49526405334473,"Male"
"6018403",371836,2025-08-12 09:20:32,33.6406593322754,-7.49547290802002,"Male"
"6018403",371836,2025-08-12 09:30:32,33.6559104919434,-7.50741004943848,"Male"
"6018403",371836,2025-08-12 09:40:32,33.6621437072754,-7.52650165557861,"Male"
"6018403",371836,2025-08-12 09:50:32,33.6769676208496,-7.59115934371948,"Male"
"6018403",371836,2025-08-12 10:00:32,33.6771278381348,-7.6019139289856,"Male"
"6018403",371836,2025-08-12 10:10:34,33.6773452758789,-7.60322237014771,"Male"
"6018403",371836,2025-08-12 10:20:32,33.6759338378906,-7.60438966751099,"Male"
"6018403",371836,2025-08-12 10:30:32,33.6769676208496,-7.60599994659424,"Male"
"6018403",371836,2025-08-12 10:40:34,33.7055282592773,-7.59362983703613,"Male"
"6018403",371836,2025-08-12 10:50:32,33.7057113647461,-7.59422492980957,"Male"
"6018403",371836,2025-08-12 11:00:32,33.7058715820312,-7.59463214874268,"Male"
"6018403",371836,2025-08-12 11:10:34,33.710765838623,-7.57266473770142,"Male"
"6018403",371836,2025-08-12 11:20:33,33.7124900817871,-7.57058525085449,"Male"
"6018403",371836,2025-08-12 11:30:33,33.7471542358398,-7.5450644493103,"Male"
"6018403",371836,2025-08-12 11:40:33,33.7587623596191,-7.54786157608032,"Male"
"6018403",371836,2025-08-12 11:50:36,33.7594261169434,-7.53947830200195,"Male"
"6018403",371836,2025-08-12 12:00:34,33.7614288330078,-7.52863025665283,"Male"
"6018403",371836,2025-08-12 12:10:37,33.7598915100098,-7.52778196334839,"Male"
"6018403",371836,2025-08-12 12:20:37,33.7569732666016,-7.51930952072144,"Male"
"6018403",371836,2025-08-12 12:30:40,33.7516708374023,-7.52354145050049,"Male"
"6018403",371836,2025-08-12 12:40:34,33.7467231750488,-7.53106784820557,"Male"
"6018403",371836,2025-08-12 12:50:36,33.7433853149414,-7.53912925720215,"Male"
"6018403",371836,2025-08-12 13:00:36,33.7425346374512,-7.54477214813232,"Male"
"6018403",371836,2025-08-12 13:10:38,33.7417869567871,-7.54678249359131,"Male"
"6018403",371836,2025-08-12 13:20:44,33.7405662536621,-7.54910135269165,"Male"
"6018403",371836,2025-08-12 13:30:44,33.741828918457,-7.54216480255127,"Male"
"6018403",371836,2025-08-12 13:40:40,33.7304801940918,-7.52534532546997,"Male"
"6018403",371836,2025-08-12 13:51:05,33.6997451782227,-7.48514795303345,"Male"
"6018403",371836,2025-08-12 14:00:41,33.682300567627,-7.44065523147583,"Male"
"6018403",371836,2025-08-12 14:10:48,33.6827087402344,-7.44074058532715,"Male"
"6018403",371836,2025-08-12 14:20:38,33.6821250915527,-7.44082164764404,"Male"
"6018403",371836,2025-08-12 14:30:39,33.6821823120117,-7.44045734405518,"Male"
"6018403",371836,2025-08-12 14:40:33,33.6822128295898,-7.44048547744751,"Male"
"6018403",371836,2025-08-12 14:50:59,33.6766090393066,-7.43930435180664,"Male"
"6018403",371836,2025-08-12 15:00:39,33.6757316589355,-7.4393105506897,"Male"
"6018403",371836,2025-08-12 15:10:39,33.6817398071289,-7.44053506851196,"Male"
"6018403",371836,2025-08-12 15:20:39,33.6817588806152,-7.44038009643555,"Male"
"6018403",371836,2025-08-12 15:30:39,33.6817092895508,-7.44027185440063,"Male"
"6018403",371836,2025-08-12 15:41:23,33.6816101074219,-7.44104719161987,"Male"
"6018403",371836,2025-08-12 15:50:39,33.6816940307617,-7.44093990325928,"Male"
"6018403",371836,2025-08-12 16:00:39,33.6818237304688,-7.44107866287231,"Male"
"6018403",371836,2025-08-12 16:10:41,33.6819458007812,-7.44100189208984,"Male"
"6018403",371836,2025-08-12 16:20:39,33.682056427002,-7.44117069244385,"Male"
"6018403",371836,2025-08-12 16:30:44,33.6551284790039,-7.45746374130249,"Male"
"6018403",371836,2025-08-12 16:40:33,33.6553153991699,-7.4577202796936,"Male"
"6018403",371836,2025-08-12 16:50:32,33.6438674926758,-7.4807448387146,"Male"
"6018403",371836,2025-08-12 17:00:33,33.6369705200195,-7.49399375915527,"Male"
"6018403",371836,2025-08-12 17:10:42,33.6365699768066,-7.49482774734497,"Male"
"6018403",371836,2025-08-12 17:20:45,33.6365623474121,-7.49458837509155,"Male"
"6018403",371836,2025-08-12 17:31:05,33.6362380981445,-7.49439764022827,"Male"
"6018403",371836,2025-08-12 17:40:34,33.6360549926758,-7.49417734146118,"Male"
"6018403",371836,2025-08-12 17:50:33,33.6360015869141,-7.49440813064575,"Male"
"6018403",371836,2025-08-12 18:00:44,33.6359710693359,-7.49439764022827,"Male"
"6018403",371836,2025-08-12 18:10:41,33.6361846923828,-7.49435234069824,"Male"
"6018403",371836,2025-08-12 18:20:36,33.6361999511719,-7.49432039260864,"Male"
"6018403",371836,2025-08-12 18:30:36,33.6359825134277,-7.49452590942383,"Male"
"6018403",371836,2025-08-12 18:40:34,33.6360206604004,-7.49457406997681,"Male"
"6018403",371836,2025-08-12 18:50:35,33.6362419128418,-7.49445056915283,"Male"
"6018403",371836,2025-08-12 19:00:41,33.6361846923828,-7.49443340301514,"Male"
"6018403",371836,2025-08-12 19:10:33,33.6361198425293,-7.49443578720093,"Male"
"6018403",371836,2025-08-12 19:20:34,33.6307373046875,-7.50430870056152,"Male"
"6018403",371836,2025-08-12 19:30:36,33.6317596435547,-7.50523853302002,"Male"
"6018403",371836,2025-08-12 19:40:47,33.6188774108887,-7.51619482040405,"Male"
"6018403",371836,2025-08-12 19:50:45,33.6187515258789,-7.51643753051758,"Male"
"6018403",371836,2025-08-12 20:00:39,33.6165771484375,-7.53624629974365,"Male"
"6018403",371836,2025-08-12 20:10:39,33.6081962585449,-7.59152364730835,"Male"
"6018403",371836,2025-08-12 20:20:39,33.6015892028809,-7.60607433319092,"Male"
"6018403",371836,2025-08-12 20:30:43,33.6015396118164,-7.60607481002808,"Male"
"6018403",371836,2025-08-12 20:41:05,33.601692199707,-7.60619831085205,"Male"
"6018403",371836,2025-08-12 20:50:33,33.6017112731934,-7.60616970062256,"Male"
"6018403",371836,2025-08-12 21:00:32,33.6010055541992,-7.60708236694336,"Male"
"6018403",371836,2025-08-12 21:10:36,33.6008453369141,-7.60670900344849,"Male"
"6018403",371836,2025-08-12 21:20:33,33.6009407043457,-7.60685873031616,"Male"
"6018403",371836,2025-08-12 21:30:49,33.600757598877,-7.60670852661133,"Male"
"6018403",371836,2025-08-12 21:40:40,33.6007308959961,-7.60693550109863,"Male"
"6018403",371836,2025-08-12 21:50:40,33.6012191772461,-7.60710668563843,"Male"
"6018403",371836,2025-08-12 22:00:51,33.6012344360352,-7.60697174072266,"Male"
"6018403",371836,2025-08-12 22:10:56,33.6018295288086,-7.60614252090454,"Male"
"6018403",371836,2025-08-12 22:20:43,33.6022644042969,-7.60607671737671,"Male"
"6018403",371836,2025-08-12 22:30:37,33.6023712158203,-7.60612154006958,"Male"
"6018403",371836,2025-08-12 22:40:40,33.6025733947754,-7.60618782043457,"Male"
"6018403",371836,2025-08-12 22:50:44,33.6016426086426,-7.60537576675415,"Male"
"6018403",371836,2025-08-12 23:00:32,33.6012420654297,-7.60679531097412,"Male"
"6018403",371836,2025-08-12 23:10:36,33.6012268066406,-7.60677814483643,"Male"
"6018403",371836,2025-08-12 23:20:34,33.6011390686035,-7.60680723190308,"Male"
"6018403",371836,2025-08-12 23:31:05,33.6008071899414,-7.60681295394897,"Male"
"6018403",371836,2025-08-12 23:40:32,33.600643157959,-7.60676670074463,"Male"
"6018403",371836,2025-08-12 23:50:33,33.6006393432617,-7.60677480697632,"Male"
"6018403",371836,2025-08-13 00:00:33,33.6007499694824,-7.60685682296753,"Male"
"6018403",371836,2025-08-13 00:10:37,33.6006126403809,-7.60679912567139,"Male"
"6018403",371836,2025-08-13 00:20:56,33.6010894775391,-7.60710382461548,"Male"
"6018403",371836,2025-08-13 00:31:05,33.6007423400879,-7.60682535171509,"Male"
"6018403",371836,2025-08-13 00:40:34,33.6007614135742,-7.60679340362549,"Male"
"6018403",371836,2025-08-13 00:50:33,33.6010856628418,-7.60711240768433,"Male"
"6018403",371836,2025-08-13 01:00:37,33.6007385253906,-7.60699272155762,"Male"
"6018403",371836,2025-08-13 01:10:34,33.6008224487305,-7.60710573196411,"Male"
"6018403",371836,2025-08-13 01:20:40,33.6009216308594,-7.60649394989014,"Male"
"6018403",371836,2025-08-13 01:30:40,33.6008529663086,-7.60726976394653,"Male"
"6018403",371836,2025-08-13 01:40:42,33.6007804870605,-7.60691976547241,"Male"
"6018403",371836,2025-08-13 01:50:57,33.6008949279785,-7.60706424713135,"Male"
"6018403",371836,2025-08-13 02:01:05,33.6007308959961,-7.60677623748779,"Male"
"6018403",371836,2025-08-13 02:10:42,33.6007652282715,-7.60679912567139,"Male"
"6018403",371836,2025-08-13 02:20:34,33.6006622314453,-7.60687446594238,"Male"
"6018403",371836,2025-08-13 02:30:39,33.6007270812988,-7.60695266723633,"Male"
"6018403",371836,2025-08-13 02:40:46,33.600715637207,-7.60662126541138,"Male"
"6018403",371836,2025-08-13 02:50:42,33.6007537841797,-7.6068286895752,"Male"
"6018403",371836,2025-08-13 03:00:37,33.6008758544922,-7.60703086853027,"Male"
"6018403",371836,2025-08-13 03:11:02,33.6007614135742,-7.60682392120361,"Male"
"6018403",371836,2025-08-13 03:20:33,33.6007995605469,-7.60682010650635,"Male"
"6018403",371836,2025-08-13 03:30:31,33.600757598877,-7.60685634613037,"Male"
"6018403",371836,2025-08-13 03:40:31,33.6007614135742,-7.60688352584839,"Male"
"6018403",371836,2025-08-13 03:50:31,33.6008682250977,-7.60665035247803,"Male"
"6018403",371836,2025-08-13 04:00:31,33.600772857666,-7.60679721832275,"Male"
"6018403",371836,2025-08-13 04:10:35,33.6007308959961,-7.60681200027466,"Male"
"6018403",371836,2025-08-13 04:20:33,33.6007652282715,-7.60677719116211,"Male"
"6018403",371836,2025-08-13 04:30:32,33.6008186340332,-7.60669183731079,"Male"
"6018403",371836,2025-08-13 04:40:32,33.6007957458496,-7.60674285888672,"Male"
"6018403",371836,2025-08-13 04:50:33,33.6006278991699,-7.60737323760986,"Male"
"6018403",371836,2025-08-13 05:00:32,33.6007537841797,-7.60626077651978,"Male"
"6018403",371836,2025-08-13 05:10:32,33.6007766723633,-7.60688972473145,"Male"
"6018403",371836,2025-08-13 05:20:40,33.6007537841797,-7.60702180862427,"Male"
"6018403",371836,2025-08-13 05:30:32,33.6001892089844,-7.6067328453064,"Male"
"6018403",371836,2025-08-13 05:40:36,33.6001281738281,-7.60649871826172,"Male"
"6018403",371836,2025-08-13 05:50:44,33.5999336242676,-7.60656309127808,"Male"
"6018403",371836,2025-08-13 06:00:32,33.5961532592773,-7.60469055175781,"Male"
"6018403",371836,2025-08-13 06:10:32,33.5907516479492,-7.6021523475647,"Male"
"6018403",371836,2025-08-13 06:20:43,33.5773277282715,-7.59567546844482,"Male"
"6018403",371836,2025-08-13 06:30:39,33.550708770752,-7.57122421264648,"Male"
"6018403",371836,2025-08-13 06:40:38,33.5115356445312,-7.53747367858887,"Male"
"6018403",371836,2025-08-13 06:51:05,33.4815635681152,-7.53729438781738,"Male"
"6018403",371836,2025-08-13 07:00:32,33.4794960021973,-7.54073905944824,"Male"
"6018403",371836,2025-08-13 07:10:32,33.4794807434082,-7.5407829284668,"Male"
"6018403",371836,2025-08-13 07:20:31,33.4794807434082,-7.54076290130615,"Male"
"6018403",371836,2025-08-13 07:30:32,33.4794731140137,-7.54065036773682,"Male"
"6018403",371836,2025-08-13 07:40:31,33.4793357849121,-7.54173994064331,"Male"
"6018403",371836,2025-08-13 07:50:33,33.479377746582,-7.54181575775146,"Male"
"6018403",371836,2025-08-13 08:00:33,33.4793510437012,-7.5419020652771,"Male"
"6018403",371836,2025-08-13 08:10:35,33.4792022705078,-7.54164218902588,"Male"
"6018403",371836,2025-08-13 08:21:35,33.4794044494629,-7.54138135910034,"Male"
"6018403",371836,2025-08-13 08:30:32,33.4794006347656,-7.54133653640747,"Male"
"6018403",371836,2025-08-13 08:40:31,33.4798355102539,-7.54135608673096,"Male"
"6018403",371836,2025-08-13 08:50:31,33.4798736572266,-7.54142189025879,"Male"
"6018403",371836,2025-08-13 09:00:31,33.4798545837402,-7.54135847091675,"Male"
"6018403",371836,2025-08-13 09:10:39,33.4799003601074,-7.54125833511353,"Male"
"6018403",371836,2025-08-13 09:20:32,33.4792671203613,-7.53967046737671,"Male"
"6018403",371836,2025-08-13 09:30:44,33.4798240661621,-7.54121828079224,"Male"
"6018403",371836,2025-08-13 09:40:41,33.4796867370605,-7.5416145324707,"Male"
"6018403",371836,2025-08-13 09:51:05,33.4800148010254,-7.54169321060181,"Male"
"6018403",371836,2025-08-13 10:00:32,33.4799003601074,-7.54229259490967,"Male"
"6018403",371836,2025-08-13 10:10:35,33.4798965454102,-7.54226016998291,"Male"
"6018403",371836,2025-08-13 10:20:34,33.4798774719238,-7.5422945022583,"Male"
"6018403",371836,2025-08-13 10:30:37,33.479808807373,-7.5423698425293,"Male"
"6018403",371836,2025-08-13 10:40:37,33.4798545837402,-7.54158306121826,"Male"
"6018403",371836,2025-08-13 10:50:39,33.4798965454102,-7.54137325286865,"Male"
"6018403",371836,2025-08-13 11:00:33,33.4798278808594,-7.54155445098877,"Male"
"6018403",371836,2025-08-13 11:10:33,33.4798583984375,-7.54166507720947,"Male"
"6018403",371836,2025-08-13 11:20:36,33.4798698425293,-7.54168510437012,"Male"
"6018403",371836,2025-08-13 11:30:34,33.4797973632812,-7.54123306274414,"Male"
"6018403",371836,2025-08-13 11:40:31,33.4797248840332,-7.54151582717896,"Male"
"6018403",371836,2025-08-13 11:50:33,33.4798469543457,-7.54229211807251,"Male"
"6018403",371836,2025-08-13 12:00:43,33.4798774719238,-7.54150390625,"Male"
"6018403",371836,2025-08-13 12:10:43,33.4799156188965,-7.54159069061279,"Male"
"6018403",371836,2025-08-13 12:20:33,33.4800720214844,-7.54126214981079,"Male"
"6018403",371836,2025-08-13 12:30:37,33.4899253845215,-7.54890441894531,"Male"
"6018403",371836,2025-08-13 12:40:38,33.4797592163086,-7.54147958755493,"Male"
"6018403",371836,2025-08-13 12:51:05,33.4799308776855,-7.54158020019531,"Male"
"6018403",371836,2025-08-13 13:00:33,33.4799613952637,-7.54162502288818,"Male"
"6018403",371836,2025-08-13 13:10:37,33.4800033569336,-7.5415849685669,"Male"
"6018403",371836,2025-08-13 13:20:31,33.4801025390625,-7.54189014434815,"Male"
"6018403",371836,2025-08-13 13:30:42,33.4799270629883,-7.54169988632202,"Male"
"6018403",371836,2025-08-13 13:40:39,33.4798622131348,-7.54156589508057,"Male"
"6018403",371836,2025-08-13 13:50:38,33.4800109863281,-7.54163980484009,"Male"
"6018403",371836,2025-08-13 14:00:43,33.4799118041992,-7.54174757003784,"Male"
"6018403",371836,2025-08-13 14:11:05,33.4797973632812,-7.54160976409912,"Male"
"6018403",371836,2025-08-13 14:20:32,33.4798126220703,-7.54113292694092,"Male"
"6018403",371836,2025-08-13 14:30:32,33.4798851013184,-7.54169702529907,"Male"
"6018403",371836,2025-08-13 14:40:35,33.4798622131348,-7.54159641265869,"Male"
"6018403",371836,2025-08-13 14:50:37,33.4796600341797,-7.54186344146729,"Male"
"6018403",371836,2025-08-13 15:00:33,33.4799385070801,-7.54202365875244,"Male"
"6018403",371836,2025-08-13 15:10:33,33.4799613952637,-7.54184818267822,"Male"
"6018403",371836,2025-08-13 15:20:33,33.4798011779785,-7.5419864654541,"Male"
"6018403",371836,2025-08-13 15:30:33,33.4795532226562,-7.54165267944336,"Male"
"6018403",371836,2025-08-13 15:40:35,33.4799385070801,-7.54184532165527,"Male"
"6018403",371836,2025-08-13 15:50:35,33.4799194335938,-7.54174757003784,"Male"
"6018403",371836,2025-08-13 16:00:36,33.4796257019043,-7.54141616821289,"Male"
"6018403",371836,2025-08-13 16:10:38,33.4795913696289,-7.54142761230469,"Male"
"6018403",371836,2025-08-13 16:20:38,33.4795799255371,-7.54141902923584,"Male"
"6018403",371836,2025-08-13 16:30:36,33.4795570373535,-7.541344165802,"Male"
"6018403",371836,2025-08-13 16:40:47,33.4795761108398,-7.54149484634399,"Male"
"6018403",371836,2025-08-13 16:51:05,33.4794464111328,-7.54134607315063,"Male"
"6018403",371836,2025-08-13 17:00:31,33.4790267944336,-7.53935194015503,"Male"
"6018403",371836,2025-08-13 17:10:31,33.4849281311035,-7.54338073730469,"Male"
"6018403",371836,2025-08-13 17:20:31,33.4890556335449,-7.54755210876465,"Male"
"6018403",371836,2025-08-13 17:31:14,33.4799499511719,-7.54167222976685,"Male"
"6018403",371836,2025-08-13 17:40:36,33.4799346923828,-7.54140377044678,"Male"
"6018403",371836,2025-08-13 17:50:37,33.4800071716309,-7.54181385040283,"Male"
"6018403",371836,2025-08-13 18:00:33,33.4799995422363,-7.54198169708252,"Male"
"6018403",371836,2025-08-13 18:11:05,33.4799423217773,-7.54165887832642,"Male"
"6018403",371836,2025-08-13 18:20:32,33.4803352355957,-7.54167318344116,"Male"
"6018403",371836,2025-08-13 18:30:33,33.480297088623,-7.54163312911987,"Male"
"6018403",371836,2025-08-13 18:40:34,33.4803276062012,-7.54165601730347,"Male"
"6018403",371836,2025-08-13 18:50:36,33.4802932739258,-7.54155731201172,"Male"
"6018403",371836,2025-08-13 19:00:33,33.5084342956543,-7.54827690124512,"Male"
"6018403",371836,2025-08-13 19:10:32,33.5582504272461,-7.57424306869507,"Male"
"6018403",371836,2025-08-13 19:20:35,33.5897827148438,-7.58941030502319,"Male"
"6018403",371836,2025-08-13 19:30:34,33.5895652770996,-7.59092426300049,"Male"
"6018403",371836,2025-08-13 19:40:33,33.600658416748,-7.60530948638916,"Male"
"6018403",371836,2025-08-13 19:50:33,33.6006202697754,-7.60539722442627,"Male"
"6018403",371836,2025-08-13 20:00:45,33.6018486022949,-7.60562753677368,"Male"
"6018403",371836,2025-08-13 20:10:37,33.601921081543,-7.60558176040649,"Male"
"6018403",371836,2025-08-13 20:20:38,33.6018409729004,-7.60548257827759,"Male"
"6018403",371836,2025-08-13 20:30:36,33.6017303466797,-7.60559177398682,"Male"
"6018403",371836,2025-08-13 20:40:37,33.6018333435059,-7.60560417175293,"Male"
"6018403",371836,2025-08-13 20:50:39,33.6017074584961,-7.60532474517822,"Male"
"6018403",371836,2025-08-13 21:00:43,33.6019248962402,-7.60569381713867,"Male"
"6018403",371836,2025-08-13 21:10:54,33.6015625,-7.60521364212036,"Male"
"6018403",371836,2025-08-13 21:20:43,33.601978302002,-7.60551834106445,"Male"
"6018403",371836,2025-08-13 21:30:49,33.600944519043,-7.60666465759277,"Male"
"6018403",371836,2025-08-13 21:41:05,33.6008605957031,-7.60695171356201,"Male"
"6018403",371836,2025-08-13 21:50:41,33.6006851196289,-7.6068639755249,"Male"
"6018403",371836,2025-08-13 22:00:36,33.6008529663086,-7.60689830780029,"Male"
"6018403",371836,2025-08-13 22:10:34,33.6008033752441,-7.6069393157959,"Male"
"6018403",371836,2025-08-13 22:20:37,33.6007843017578,-7.60677337646484,"Male"
"6018403",371836,2025-08-13 22:30:34,33.6008529663086,-7.60702896118164,"Male"
"6018403",371836,2025-08-13 22:40:39,33.6007843017578,-7.6068925857544,"Male"
"6018403",371836,2025-08-13 22:50:52,33.6007766723633,-7.60697412490845,"Male"
"6018403",371836,2025-08-13 23:00:43,33.600658416748,-7.60692071914673,"Male"
"6018403",371836,2025-08-13 23:10:38,33.6008110046387,-7.60693550109863,"Male"
"6018403",371836,2025-08-13 23:20:44,33.6008224487305,-7.60693883895874,"Male"
"6018403",371836,2025-08-13 23:30:33,33.6012306213379,-7.60745143890381,"Male"
"6018403",371836,2025-08-13 23:40:34,33.6008796691895,-7.60738945007324,"Male"
"6018403",371836,2025-08-13 23:50:36,33.601146697998,-7.60728788375854,"Male"
"6018403",371836,2025-08-14 00:00:41,33.6011085510254,-7.60724449157715,"Male"
"6018403",371836,2025-08-14 00:10:37,33.6015090942383,-7.60755634307861,"Male"
"6018403",371836,2025-08-14 00:20:39,33.6015434265137,-7.6075382232666,"Male"
"6018403",371836,2025-08-14 00:30:39,33.6012878417969,-7.60733413696289,"Male"
"6018403",371836,2025-08-14 00:41:11,33.601001739502,-7.6069450378418,"Male"
"6018403",371836,2025-08-14 00:50:39,33.6009635925293,-7.60698366165161,"Male"
"6018403",371836,2025-08-14 01:00:36,33.6008949279785,-7.60702323913574,"Male"
"6018403",371836,2025-08-14 01:10:40,33.6009178161621,-7.6069164276123,"Male"
"6018403",371836,2025-08-14 01:20:39,33.6008491516113,-7.60691356658935,"Male"
"6018403",371836,2025-08-14 01:30:50,33.6010704040527,-7.60688972473145,"Male"
"6018403",371836,2025-08-14 01:40:44,33.6006927490234,-7.60693168640137,"Male"
"6018403",371836,2025-08-14 01:50:51,33.600944519043,-7.6068525314331,"Male"
"6018403",371836,2025-08-14 02:00:37,33.6011657714844,-7.60690641403198,"Male"
"6018403",371836,2025-08-14 02:10:37,33.6009979248047,-7.606849193573,"Male"
"6018403",371836,2025-08-14 02:20:39,33.6009521484375,-7.60671234130859,"Male"
"6018403",371836,2025-08-14 02:31:05,33.6009407043457,-7.60706806182861,"Male"
"6018403",371836,2025-08-14 02:40:33,33.6009140014648,-7.60713148117065,"Male"
"6018403",371836,2025-08-14 02:50:34,33.6009788513184,-7.60700941085815,"Male"
"6018403",371836,2025-08-14 03:00:38,33.6009941101074,-7.60704278945923,"Male"
"6018403",371836,2025-08-14 03:10:34,33.6009483337402,-7.60700511932373,"Male"
"6018403",371836,2025-08-14 03:20:36,33.6009559631348,-7.60705804824829,"Male"
"6018403",371836,2025-08-14 03:30:43,33.6007232666016,-7.6070146560669,"Male"
"6018403",371836,2025-08-14 03:40:33,33.600830078125,-7.60702705383301,"Male"
"6018403",371836,2025-08-14 03:50:34,33.6008377075195,-7.6070146560669,"Male"
"6018403",371836,2025-08-14 04:00:34,33.6005477905273,-7.60568904876709,"Male"
"6018403",371836,2025-08-14 04:10:36,33.6005516052246,-7.60555744171143,"Male"
"6018403",371836,2025-08-14 04:20:35,33.6002464294434,-7.60623359680176,"Male"
"6018403",371836,2025-08-14 04:30:37,33.6005477905273,-7.60654544830322,"Male"
"6018403",371836,2025-08-14 04:40:34,33.6007804870605,-7.60694456100464,"Male"
"6018403",371836,2025-08-14 04:50:34,33.6004867553711,-7.60676002502441,"Male"
"6018403",371836,2025-08-14 05:00:36,33.6006240844727,-7.60673713684082,"Male"
"6018403",371836,2025-08-14 05:10:38,33.6006622314453,-7.60688209533691,"Male"
"6018403",371836,2025-08-14 05:20:34,33.6005477905273,-7.60685157775879,"Male"
"6018403",371836,2025-08-14 05:30:36,33.6003036499023,-7.60693407058716,"Male"
"6018403",371836,2025-08-14 05:40:34,33.600414276123,-7.60693407058716,"Male"
"6018403",371836,2025-08-14 05:50:34,33.600414276123,-7.60688209533691,"Male"
"6018403",371836,2025-08-14 06:00:34,33.5918960571289,-7.60769128799438,"Male"
"6018403",371836,2025-08-14 06:10:37,33.5773010253906,-7.59602069854736,"Male"
"6018403",371836,2025-08-14 06:20:37,33.5821990966797,-7.60102701187134,"Male"
"6018403",371836,2025-08-14 06:30:39,33.5836067199707,-7.61943435668945,"Male"
"6018403",371836,2025-08-14 06:40:37,33.5836486816406,-7.61949491500854,"Male"
"6018403",371836,2025-08-14 06:50:36,33.5792236328125,-7.62300157546997,"Male"
"6018403",371836,2025-08-14 07:00:36,33.5804824829102,-7.64169883728027,"Male"
"6018403",371836,2025-08-14 07:10:34,33.5802536010742,-7.64625835418701,"Male"
"6018403",371836,2025-08-14 07:20:40,33.5804252624512,-7.6459379196167,"Male"
"6018403",371836,2025-08-14 07:30:37,33.580451965332,-7.64589500427246,"Male"
"6018403",371836,2025-08-14 07:40:38,33.5803451538086,-7.64590740203857,"Male"
"6018403",371836,2025-08-14 07:50:39,33.5803985595703,-7.64576387405396,"Male"
"6018403",371836,2025-08-14 08:00:34,33.5803756713867,-7.64593648910522,"Male"
"6018403",371836,2025-08-14 08:10:33,33.6023445129395,-7.61270904541016,"Male"
"6018403",371836,2025-08-14 08:20:37,33.607421875,-7.56521797180176,"Male"
"6018403",371836,2025-08-14 08:30:34,33.6071624755859,-7.56549167633057,"Male"
"6018403",371836,2025-08-14 08:40:34,33.6071128845215,-7.56562948226929,"Male"
"6018403",371836,2025-08-14 08:50:34,33.607250213623,-7.56560325622559,"Male"
"6018403",371836,2025-08-14 09:00:37,33.6073188781738,-7.56534957885742,"Male"
"6018403",371836,2025-08-14 09:10:34,33.6072463989258,-7.56552886962891,"Male"
"6018403",371836,2025-08-14 09:20:36,33.6074447631836,-7.56498050689697,"Male"
"6018403",371836,2025-08-14 09:30:36,33.6072044372559,-7.56545162200928,"Male"
"6018403",371836,2025-08-14 09:40:35,33.6073303222656,-7.56500911712646,"Male"
"6018403",371836,2025-08-14 09:50:42,33.6073226928711,-7.56501579284668,"Male"
"6018403",371836,2025-08-14 10:00:36,33.613639831543,-7.55907392501831,"Male"
"6018403",371836,2025-08-14 10:10:34,33.6136703491211,-7.55882740020752,"Male"
"6018403",371836,2025-08-14 10:20:41,33.6135711669922,-7.55896854400635,"Male"
"6018403",371836,2025-08-14 10:30:37,33.613468170166,-7.55896902084351,"Male"
"6018403",371836,2025-08-14 10:40:40,33.6135787963867,-7.55903148651123,"Male"
"6018403",371836,2025-08-14 10:50:39,33.6135559082031,-7.55889797210693,"Male"
"6018403",371836,2025-08-14 11:00:36,33.6135940551758,-7.55893993377685,"Male"
"6018403",371836,2025-08-14 11:10:41,33.6134986877441,-7.55891084671021,"Male"
"6018403",371836,2025-08-14 11:20:37,33.6134834289551,-7.55900907516479,"Male"
"6018403",371836,2025-08-14 11:30:34,33.6134605407715,-7.55899906158447,"Male"
"6018403",371836,2025-08-14 11:40:36,33.6135292053223,-7.55894184112549,"Male"
"6018403",371836,2025-08-14 11:50:35,33.613597869873,-7.55873537063599,"Male"
"6018403",371836,2025-08-14 12:00:36,33.6134376525879,-7.5590009689331,"Male"
"6018403",371836,2025-08-14 12:10:39,33.6135177612305,-7.55889272689819,"Male"
"6018403",371836,2025-08-14 12:20:36,33.613410949707,-7.55889081954956,"Male"
"6018403",371836,2025-08-14 12:30:36,33.6133041381836,-7.55890274047852,"Male"
"6018403",371836,2025-08-14 12:40:34,33.6133270263672,-7.55891561508179,"Male"
"6018403",371836,2025-08-14 12:50:40,33.613353729248,-7.55890560150146,"Male"
"6018403",371836,2025-08-14 13:00:34,33.6132850646973,-7.55924654006958,"Male"
"6018403",371836,2025-08-14 13:10:36,33.6133995056152,-7.55924940109253,"Male"
"6018403",371836,2025-08-14 13:20:37,33.6132392883301,-7.55969285964966,"Male"
"6018403",371836,2025-08-14 13:30:34,33.6511192321777,-7.58236742019653,"Male"
"6018403",371836,2025-08-14 13:40:36,33.6600189208984,-7.58365774154663,"Male"
"6018403",371836,2025-08-14 13:50:37,33.6147804260254,-7.56309270858765,"Male"
"6018403",371836,2025-08-14 14:00:36,33.6129608154297,-7.56317806243896,"Male"
"6018403",371836,2025-08-14 14:10:34,33.6128005981445,-7.56344795227051,"Male"
"6018403",371836,2025-08-14 14:20:34,33.6127738952637,-7.563636302948,"Male"
"6018403",371836,2025-08-14 14:30:36,33.5861434936523,-7.55556583404541,"Male"
"6018403",371836,2025-08-14 14:40:34,33.5176734924316,-7.55527877807617,"Male"
"6018403",371836,2025-08-14 14:50:36,33.4799690246582,-7.54160165786743,"Male"
"6018403",371836,2025-08-14 15:00:34,33.4800605773926,-7.54159593582153,"Male"
"6018403",371836,2025-08-14 15:10:38,33.4799728393555,-7.5417046546936,"Male"
"6018403",371836,2025-08-14 15:20:34,33.480094909668,-7.54180812835693,"Male"
"6018403",371836,2025-08-14 15:30:39,33.480094909668,-7.5416669845581,"Male"
"6018403",371836,2025-08-14 15:40:35,33.4804000854492,-7.54122447967529,"Male"
"6018403",371836,2025-08-14 15:50:40,33.4804573059082,-7.54129219055176,"Male"
"6018403",371836,2025-08-14 16:00:38,33.4805526733398,-7.54137516021729,"Male"
"6018403",371836,2025-08-14 16:10:34,33.4805488586426,-7.54125213623047,"Male"
"6018403",371836,2025-08-14 16:20:41,33.4808921813965,-7.54053974151611,"Male"
"6018403",371836,2025-08-14 16:30:37,33.4807281494141,-7.54061841964722,"Male"
"6018403",371836,2025-08-14 16:40:38,33.4809150695801,-7.54123497009277,"Male"
"6018403",371836,2025-08-14 16:50:38,33.4811210632324,-7.54106044769287,"Male"
"6018403",371836,2025-08-14 17:00:36,33.4810180664062,-7.54105710983276,"Male"
"6018403",371836,2025-08-14 17:10:34,33.4809455871582,-7.54063749313354,"Male"
"6018403",371836,2025-08-14 17:20:34,33.4810180664062,-7.54067707061768,"Male"
"6018403",371836,2025-08-14 17:30:34,33.4810981750488,-7.5409107208252,"Male"
"6018403",371836,2025-08-14 17:40:34,33.4808654785156,-7.54115676879883,"Male"
"6018403",371836,2025-08-14 17:50:39,33.4809265136719,-7.5414628982544,"Male"
"6018403",371836,2025-08-14 18:00:42,33.4809417724609,-7.541344165802,"Male"
"6018403",371836,2025-08-14 18:10:34,33.4826240539551,-7.54267120361328,"Male"
"6018403",371836,2025-08-14 18:20:38,33.4827842712402,-7.53778743743896,"Male"
"6018403",371836,2025-08-14 18:30:34,33.4825286865234,-7.53726673126221,"Male"
"6018403",371836,2025-08-14 18:40:38,33.4825248718262,-7.53715133666992,"Male"
"6018403",371836,2025-08-14 18:50:40,33.4822311401367,-7.53728675842285,"Male"
"6018403",371836,2025-08-14 19:00:34,33.4824066162109,-7.53796434402466,"Male"
"6018403",371836,2025-08-14 19:10:34,33.4835662841797,-7.53843593597412,"Male"
"6018403",371836,2025-08-14 19:20:33,33.49169921875,-7.54143285751343,"Male"
"6018403",371836,2025-08-14 19:30:33,33.542407989502,-7.57396554946899,"Male"
"6018403",371836,2025-08-14 19:40:33,33.5950012207031,-7.59992837905884,"Male"
"6018403",371836,2025-08-14 19:50:39,33.6018104553223,-7.60571002960205,"Male"
"6018403",371836,2025-08-14 20:00:37,33.6018486022949,-7.60562705993652,"Male"
"6018403",371836,2025-08-14 20:10:37,33.6019172668457,-7.60603475570679,"Male"
"6018403",371836,2025-08-14 20:20:36,33.6014366149902,-7.60653877258301,"Male"
"6018403",371836,2025-08-14 20:30:41,33.6006698608398,-7.60707902908325,"Male"
"6018403",371836,2025-08-14 20:40:38,33.6016235351562,-7.60760593414307,"Male"
"6018403",371836,2025-08-14 20:50:38,33.6011276245117,-7.60714864730835,"Male"
"6018403",371836,2025-08-14 21:00:37,33.6008071899414,-7.60691928863525,"Male"
"6018403",371836,2025-08-14 21:10:39,33.6009788513184,-7.60715675354004,"Male"
"6018403",371836,2025-08-14 21:20:37,33.6009826660156,-7.60674953460693,"Male"
"6018403",371836,2025-08-14 21:30:40,33.600643157959,-7.60687494277954,"Male"
"6018403",371836,2025-08-14 21:40:40,33.6010589599609,-7.60669326782227,"Male"
"6018403",371836,2025-08-14 21:50:39,33.601001739502,-7.6067967414856,"Male"
"6018403",371836,2025-08-14 22:00:42,33.6009826660156,-7.60669898986816,"Male"
"6018403",371836,2025-08-14 22:10:39,33.6010971069336,-7.60713481903076,"Male"
"6018403",371836,2025-08-14 22:20:39,33.6009330749512,-7.60651063919067,"Male"
"6018403",371836,2025-08-14 22:30:51,33.6008758544922,-7.6064920425415,"Male"
"6018403",371836,2025-08-14 22:40:42,33.6009216308594,-7.6068549156189,"Male"
"6018403",371836,2025-08-14 22:50:43,33.6006469726562,-7.6065239906311,"Male"
"6018403",371836,2025-08-14 23:00:37,33.6006889343262,-7.606276512146,"Male"
"6018403",371836,2025-08-14 23:10:40,33.6009368896484,-7.60665559768677,"Male"
"6018403",371836,2025-08-14 23:20:37,33.6009330749512,-7.60695219039917,"Male"
"6018403",371836,2025-08-14 23:30:34,33.6009674072266,-7.60688400268555,"Male"
"6018403",371836,2025-08-14 23:40:34,33.6006965637207,-7.60684061050415,"Male"
"6018403",371836,2025-08-14 23:50:33,33.6004371643066,-7.60765695571899,"Male"
"6018403",371836,2025-08-15 00:00:35,33.6010360717773,-7.60702419281006,"Male"
"6018403",371836,2025-08-15 00:10:38,33.6010856628418,-7.60694742202759,"Male"
"6018403",371836,2025-08-15 00:20:38,33.6009483337402,-7.60695934295654,"Male"
"6018403",371836,2025-08-15 00:30:39,33.6006889343262,-7.60728645324707,"Male"
"6018403",371836,2025-08-15 00:40:40,33.6009292602539,-7.60702419281006,"Male"
"6018403",371836,2025-08-15 00:50:34,33.6003150939941,-7.60775089263916,"Male"
"6018403",371836,2025-08-15 01:00:39,33.6009635925293,-7.60685062408447,"Male"
"6018403",371836,2025-08-15 01:10:37,33.6009101867676,-7.60692644119263,"Male"
"6018403",371836,2025-08-15 01:20:38,33.6010131835938,-7.60670328140259,"Male"
"6018403",371836,2025-08-15 01:30:35,33.6011619567871,-7.60671806335449,"Male"
"6018403",371836,2025-08-15 01:40:39,33.6009674072266,-7.60690689086914,"Male"
"6018403",371836,2025-08-15 01:50:34,33.601001739502,-7.60672998428345,"Male"
"6018403",371836,2025-08-15 02:00:35,33.6004524230957,-7.60726737976074,"Male"
"6018403",371836,2025-08-15 02:10:39,33.6009330749512,-7.60633325576782,"Male"
"6018403",371836,2025-08-15 02:20:39,33.601016998291,-7.60669326782227,"Male"
"6018403",371836,2025-08-15 02:30:39,33.6011352539062,-7.60653162002563,"Male"
"6018403",371836,2025-08-15 02:40:33,33.6021041870117,-7.6055965423584,"Male"
"6018403",371836,2025-08-15 02:50:34,33.6017456054688,-7.6059398651123,"Male"
"6018403",371836,2025-08-15 03:00:38,33.6014862060547,-7.60632848739624,"Male"
"6018403",371836,2025-08-15 03:10:44,33.6013488769531,-7.60607814788818,"Male"
"6018403",371836,2025-08-15 03:20:48,33.6015777587891,-7.60582160949707,"Male"
"6018403",371836,2025-08-15 03:30:35,33.6011009216309,-7.60678005218506,"Male"
"6018403",371836,2025-08-15 03:40:41,33.601734161377,-7.6063060760498,"Male"
"6018403",371836,2025-08-15 03:50:34,33.6012802124023,-7.60663604736328,"Male"
"6018403",371836,2025-08-15 04:00:40,33.6011695861816,-7.60675239562988,"Male"
"6018403",371836,2025-08-15 04:10:42,33.6012001037598,-7.60690927505493,"Male"
"6018403",371836,2025-08-15 04:20:33,33.6012344360352,-7.60668563842773,"Male"
"6018403",371836,2025-08-15 04:30:37,33.6013031005859,-7.60714673995972,"Male"
"6018403",371836,2025-08-15 04:40:36,33.6011543273926,-7.6070876121521,"Male"
"6018403",371836,2025-08-15 04:50:59,33.6010055541992,-7.60634756088257,"Male"
"6018403",371836,2025-08-15 05:00:47,33.6012115478516,-7.60702514648438,"Male"
"6018403",371836,2025-08-15 05:10:42,33.6011695861816,-7.60713291168213,"Male"
"6018403",371836,2025-08-15 05:20:40,33.6010246276855,-7.607177734375,"Male"
"6018403",371836,2025-08-15 05:30:43,33.6010208129883,-7.60728740692139,"Male"
"6018403",371836,2025-08-15 05:40:41,33.600887298584,-7.60765171051025,"Male"
"6018403",371836,2025-08-15 05:50:44,33.6008453369141,-7.60700130462646,"Male"
"6018403",371836,2025-08-15 06:00:34,33.6007881164551,-7.607017993927,"Male"
"6018403",371836,2025-08-15 06:10:57,33.6007804870605,-7.60674238204956,"Male"
"6018403",371836,2025-08-15 06:20:43,33.5815582275391,-7.61771392822266,"Male"
"6018403",371836,2025-08-15 06:30:33,33.5803413391113,-7.62705659866333,"Male"
"6018403",371836,2025-08-15 06:40:34,33.5875053405762,-7.67556810379028,"Male"
"6018403",371836,2025-08-15 06:51:05,33.5891647338867,-7.69435548782349,"Male"
"6018403",371836,2025-08-15 07:00:34,33.5861434936523,-7.67648792266846,"Male"
"6018403",371836,2025-08-15 07:10:35,33.580867767334,-7.691162109375,"Male"
"6018403",371836,2025-08-15 07:20:39,33.5808181762695,-7.69225072860718,"Male"
"6018403",371836,2025-08-15 07:30:42,33.578727722168,-7.68436002731323,"Male"
"6018403",371836,2025-08-15 07:40:42,33.5786781311035,-7.68427324295044,"Male"
"6018403",371836,2025-08-15 07:50:39,33.5788803100586,-7.68411016464233,"Male"
"6018403",371836,2025-08-15 08:00:41,33.5787658691406,-7.68409013748169,"Male"
"6018403",371836,2025-08-15 08:10:39,33.5787086486816,-7.6839427947998,"Male"
"6018403",371836,2025-08-15 08:20:43,33.578742980957,-7.68391942977905,"Male"
"6018403",371836,2025-08-15 08:30:37,33.5787582397461,-7.68390655517578,"Male"
"6018403",371836,2025-08-15 08:40:42,33.5796508789062,-7.68689632415771,"Male"
"6018403",371836,2025-08-15 08:50:39,33.5900039672852,-7.68096494674683,"Male"
"6018403",371836,2025-08-15 09:00:41,33.5981597900391,-7.64529609680176,"Male"
"6018403",371836,2025-08-15 09:10:39,33.6160507202148,-7.61888408660889,"Male"
"6018403",371836,2025-08-15 09:20:49,33.6377334594727,-7.59250545501709,"Male"
"6018403",371836,2025-08-15 09:30:58,33.6170425415039,-7.52973937988281,"Male"
"6018403",371836,2025-08-15 09:40:39,33.6310539245605,-7.5054407119751,"Male"
"6018403",371836,2025-08-15 09:50:42,33.6319198608398,-7.50514793395996,"Male"
"6018403",371836,2025-08-15 10:00:50,33.6316604614258,-7.50522899627685,"Male"
"6018403",371836,2025-08-15 10:10:41,33.6315841674805,-7.5054407119751,"Male"
"6018403",371836,2025-08-15 10:21:05,33.6369590759277,-7.50921630859375,"Male"
"6018403",371836,2025-08-15 10:30:33,33.6369132995605,-7.50906944274902,"Male"
"6018403",371836,2025-08-15 10:40:33,33.6342849731445,-7.50621557235718,"Male"
"6018403",371836,2025-08-15 10:50:48,33.6317520141602,-7.50520610809326,"Male"
"6018403",371836,2025-08-15 11:00:40,33.631721496582,-7.50535726547241,"Male"
"6018403",371836,2025-08-15 11:11:05,33.6316871643066,-7.50534868240356,"Male"
"6018403",371836,2025-08-15 11:20:33,33.6318016052246,-7.50525283813477,"Male"
"6018403",371836,2025-08-15 11:30:33,33.6317138671875,-7.50532960891724,"Male"
"6018403",371836,2025-08-15 11:40:32,33.631721496582,-7.50523519515991,"Male"
"6018403",371836,2025-08-15 11:50:32,33.6317863464355,-7.50521659851074,"Male"
"6018403",371836,2025-08-15 12:00:34,33.6315803527832,-7.50500965118408,"Male"
"6018403",371836,2025-08-15 12:10:34,33.6317253112793,-7.5052490234375,"Male"
"6018403",371836,2025-08-15 12:20:34,33.6318969726562,-7.50515031814575,"Male"
"6018403",371836,2025-08-15 12:30:34,33.6317443847656,-7.50522661209106,"Male"
"6018403",371836,2025-08-15 12:40:34,33.6318588256836,-7.50521421432495,"Male"
"6018403",371836,2025-08-15 12:50:34,33.6318168640137,-7.50525331497192,"Male"
"6018403",371836,2025-08-15 13:00:34,33.6380348205566,-7.49240207672119,"Male"
"6018403",371836,2025-08-15 13:10:34,33.640308380127,-7.49315643310547,"Male"
"6018403",371836,2025-08-15 13:20:42,33.6403160095215,-7.49326515197754,"Male"
"6018403",371836,2025-08-15 13:30:33,33.6403923034668,-7.4935188293457,"Male"
"6018403",371836,2025-08-15 13:40:41,33.6404266357422,-7.49352359771729,"Male"
"6018403",371836,2025-08-15 13:50:37,33.6404838562012,-7.49369859695435,"Male"
"6018403",371836,2025-08-15 14:00:41,33.640453338623,-7.49362802505493,"Male"
"6018403",371836,2025-08-15 14:10:41,33.6403579711914,-7.4934983253479,"Male"
"6018403",371836,2025-08-15 14:20:42,33.6402244567871,-7.49341440200806,"Male"
"6018403",371836,2025-08-15 14:30:43,33.6402740478516,-7.49352216720581,"Male"
"6018403",371836,2025-08-15 14:40:36,33.6403121948242,-7.49358892440796,"Male"
"6018403",371836,2025-08-15 14:50:40,33.6402854919434,-7.49372386932373,"Male"
"6018403",371836,2025-08-15 15:00:37,33.6397094726562,-7.49387502670288,"Male"
"6018403",371836,2025-08-15 15:10:35,33.636905670166,-7.49353075027466,"Male"
"6018403",371836,2025-08-15 15:20:41,33.6367416381836,-7.49323177337646,"Male"
"6018403",371836,2025-08-15 15:30:38,33.6366386413574,-7.49306726455688,"Male"
"6018403",371836,2025-08-15 15:40:41,33.636848449707,-7.49336004257202,"Male"
"6018403",371836,2025-08-15 15:50:39,33.6367835998535,-7.49337244033813,"Male"
"6018403",371836,2025-08-15 16:00:34,33.6379280090332,-7.49279451370239,"Male"
"6018403",371836,2025-08-15 16:10:36,33.6362419128418,-7.49433660507202,"Male"
"6018403",371836,2025-08-15 16:20:37,33.6361083984375,-7.49427461624146,"Male"
"6018403",371836,2025-08-15 16:30:59,33.6362991333008,-7.49413013458252,"Male"
"6018403",371836,2025-08-15 16:41:03,33.6365928649902,-7.49381971359253,"Male"
"6018403",371836,2025-08-15 16:50:34,33.6367568969727,-7.49432897567749,"Male"
"6018403",371836,2025-08-15 17:00:37,33.6362266540527,-7.49534225463867,"Male"
"6018403",371836,2025-08-15 17:10:37,33.6364440917969,-7.49547576904297,"Male"
"6018403",371836,2025-08-15 17:20:33,33.6365242004395,-7.49454164505005,"Male"
"6018403",371836,2025-08-15 17:30:35,33.6367874145508,-7.49460124969482,"Male"
"6018403",371836,2025-08-15 17:40:33,33.6393775939941,-7.49991703033447,"Male"
"6018403",371836,2025-08-15 17:50:38,33.6559257507324,-7.56067132949829,"Male"
"6018403",371836,2025-08-15 18:00:35,33.6174545288086,-7.59705972671509,"Male"
"6018403",371836,2025-08-15 18:11:05,33.6176986694336,-7.59721183776855,"Male"
"6018403",371836,2025-08-15 18:20:33,33.6000938415527,-7.60533332824707,"Male"
"6018403",371836,2025-08-15 18:30:34,33.6001892089844,-7.60534572601318,"Male"
"6018403",371836,2025-08-15 18:40:35,33.6001930236816,-7.60532760620117,"Male"
"6018403",371836,2025-08-15 18:50:33,33.6015663146973,-7.60590600967407,"Male"
"6018403",371836,2025-08-15 19:00:34,33.601634979248,-7.60591983795166,"Male"
"6018403",371836,2025-08-15 19:10:34,33.6015396118164,-7.6057391166687,"Male"
"6018403",371836,2025-08-15 19:20:36,33.6016159057617,-7.60591411590576,"Male"
"6018403",371836,2025-08-15 19:30:34,33.6016578674316,-7.60598659515381,"Male"
"6018403",371836,2025-08-15 19:40:36,33.6017265319824,-7.60597229003906,"Male"
"6018403",371836,2025-08-15 19:50:34,33.6007118225098,-7.60697650909424,"Male"
"6018403",371836,2025-08-15 20:00:37,33.6008720397949,-7.60683107376099,"Male"
"6018403",371836,2025-08-15 20:10:43,33.6007308959961,-7.60677909851074,"Male"
"6018403",371836,2025-08-15 20:20:37,33.6008453369141,-7.606858253479,"Male"
"6018403",371836,2025-08-15 20:30:35,33.6006660461426,-7.60669755935669,"Male"
"6018403",371836,2025-08-15 20:40:34,33.6012153625488,-7.6070499420166,"Male"
"6018403",371836,2025-08-15 20:50:33,33.6010971069336,-7.60694885253906,"Male"
"6018403",371836,2025-08-15 21:00:35,33.6010360717773,-7.60692882537842,"Male"
"6018403",371836,2025-08-15 21:10:37,33.6019897460938,-7.60547256469727,"Male"
"6018403",371836,2025-08-15 21:21:05,33.6017379760742,-7.60553979873657,"Male"
"6018403",371836,2025-08-15 21:30:33,33.6017799377441,-7.60545873641968,"Male"
"6018403",371836,2025-08-15 21:40:32,33.6018333435059,-7.60535144805908,"Male"
"6018403",371836,2025-08-15 21:50:32,33.6018104553223,-7.60533952713013,"Male"
"6018403",371836,2025-08-15 22:00:32,33.6018028259277,-7.60537815093994,"Male"
"6018403",371836,2025-08-15 22:10:33,33.6019325256348,-7.60535192489624,"Male"
"6018403",371836,2025-08-15 22:20:38,33.6023063659668,-7.60569524765015,"Male"
"6018403",371836,2025-08-15 22:30:34,33.6018981933594,-7.60543537139893,"Male"
"6018403",371836,2025-08-15 22:40:34,33.6017303466797,-7.60531568527222,"Male"
"6018403",371836,2025-08-15 22:50:32,33.6018829345703,-7.60542011260986,"Male"
"6018403",371836,2025-08-15 23:00:32,33.6018867492676,-7.60535144805908,"Male"
"6018403",371836,2025-08-15 23:10:32,33.6020812988281,-7.60544061660767,"Male"
"6018403",371836,2025-08-15 23:20:34,33.6020317077637,-7.60554122924805,"Male"
"6018403",371836,2025-08-15 23:30:41,33.6017150878906,-7.60533332824707,"Male"
"6018403",371836,2025-08-15 23:40:40,33.6020965576172,-7.60560178756714,"Male"
"6018403",371836,2025-08-15 23:50:34,33.6018562316895,-7.60543298721313,"Male"
"6018403",371836,2025-08-16 00:00:37,33.602108001709,-7.60564661026001,"Male"
"6018403",371836,2025-08-16 00:10:36,33.6021995544434,-7.60559606552124,"Male"
"6018403",371836,2025-08-16 00:20:36,33.6021614074707,-7.60559844970703,"Male"
"6018403",371836,2025-08-16 00:30:39,33.6020393371582,-7.60550212860107,"Male"
"6018403",371836,2025-08-16 00:40:37,33.6017723083496,-7.60537433624268,"Male"
"6018403",371836,2025-08-16 00:50:40,33.601993560791,-7.60516357421875,"Male"
"6018403",371836,2025-08-16 01:00:39,33.6020965576172,-7.60549020767212,"Male"
"6018403",371836,2025-08-16 01:10:34,33.6020164489746,-7.60550498962402,"Male"
"6018403",371836,2025-08-16 01:20:38,33.6018295288086,-7.60559606552124,"Male"
"6018403",371836,2025-08-16 01:30:37,33.6018295288086,-7.60554504394531,"Male"
"6018403",371836,2025-08-16 01:41:05,33.6017189025879,-7.60544633865356,"Male"
"6018403",371836,2025-08-16 01:50:33,33.6005020141602,-7.60675525665283,"Male"
"6018403",371836,2025-08-16 02:00:33,33.6004905700684,-7.60676383972168,"Male"
"6018403",371836,2025-08-16 02:10:34,33.6004409790039,-7.60672330856323,"Male"
"6018403",371836,2025-08-16 02:20:37,33.6005058288574,-7.60669422149658,"Male"
"6018403",371836,2025-08-16 02:30:34,33.6005706787109,-7.60672855377197,"Male"
"6018403",371836,2025-08-16 02:40:35,33.6002655029297,-7.60677433013916,"Male"
"6018403",371836,2025-08-16 02:50:34,33.600887298584,-7.60684061050415,"Male"
"6018403",371836,2025-08-16 03:00:36,33.6016807556152,-7.60688447952271,"Male"
"6018403",371836,2025-08-16 03:10:38,33.6009368896484,-7.60666561126709,"Male"
"6018403",371836,2025-08-16 03:21:05,33.6005821228027,-7.60676288604736,"Male"
"6018403",371836,2025-08-16 03:30:33,33.6005401611328,-7.60693311691284,"Male"
"6018403",371836,2025-08-16 03:40:33,33.6007308959961,-7.6069540977478,"Male"
"6018403",371836,2025-08-16 03:50:35,33.6005516052246,-7.60675430297852,"Male"
"6018403",371836,2025-08-16 04:00:35,33.6006164550781,-7.60675621032715,"Male"
"6018403",371836,2025-08-16 04:10:33,33.6005210876465,-7.60694313049316,"Male"
"6018403",371836,2025-08-16 04:20:34,33.600456237793,-7.60688400268555,"Male"
"6018403",371836,2025-08-16 04:30:35,33.6004600524902,-7.60693502426147,"Male"
"6018403",371836,2025-08-16 04:40:36,33.6004371643066,-7.60655403137207,"Male"
"6018403",371836,2025-08-16 04:50:36,33.6004486083984,-7.60673666000366,"Male"
"6018403",371836,2025-08-16 05:00:33,33.6006622314453,-7.60677194595337,"Male"
"6018403",371836,2025-08-16 05:10:35,33.600399017334,-7.60656881332397,"Male"
"6018403",371836,2025-08-16 05:20:35,33.600227355957,-7.60630941390991,"Male"
"6018403",371836,2025-08-16 05:30:33,33.6003799438477,-7.60667324066162,"Male"
"6018403",371836,2025-08-16 05:40:36,33.6000518798828,-7.60643768310547,"Male"
"6018403",371836,2025-08-16 05:50:35,33.6005363464355,-7.60669803619385,"Male"
"6018403",371836,2025-08-16 06:00:38,33.5818710327148,-7.6493558883667,"Male"
"6018403",371836,2025-08-16 06:10:34,33.5821266174316,-7.64893865585327,"Male"
"6018403",371836,2025-08-16 06:20:35,33.5822944641113,-7.64909410476685,"Male"
"6018403",371836,2025-08-16 06:30:34,33.5883140563965,-7.69649505615234,"Male"
"6018403",371836,2025-08-16 06:40:33,33.5572776794434,-7.69314527511597,"Male"
"6018403",371836,2025-08-16 06:50:35,33.5555076599121,-7.69043779373169,"Male"
"6018403",371836,2025-08-16 07:00:33,33.5554618835449,-7.69040632247925,"Male"
"6018403",371836,2025-08-16 07:10:37,33.5556297302246,-7.69010925292969,"Male"
"6018403",371836,2025-08-16 07:20:39,33.5555458068848,-7.69068384170532,"Male"
"6018403",371836,2025-08-16 07:31:05,33.5554428100586,-7.69014596939087,"Male"
"6018403",371836,2025-08-16 07:40:33,33.5554656982422,-7.69026756286621,"Male"
"6018403",371836,2025-08-16 07:50:33,33.5287895202637,-7.64915752410889,"Male"
"6018403",371836,2025-08-16 08:00:35,33.5263977050781,-7.62598896026611,"Male"
"6018403",371836,2025-08-16 08:10:34,33.5263557434082,-7.62609386444092,"Male"
"6018403",371836,2025-08-16 08:20:35,33.526294708252,-7.62607908248901,"Male"
"6018403",371836,2025-08-16 08:30:37,33.5263137817383,-7.62599754333496,"Male"
"6018403",371836,2025-08-16 08:40:35,33.5131225585938,-7.58305501937866,"Male"
"6018403",371836,2025-08-16 08:50:34,33.4870071411133,-7.54681634902954,"Male"
"6018403",371836,2025-08-16 09:00:35,33.4797821044922,-7.54132795333862,"Male"
"6018403",371836,2025-08-16 09:10:35,33.4797210693359,-7.54122829437256,"Male"
"6018403",371836,2025-08-16 09:20:34,33.4795837402344,-7.54147958755493,"Male"
"6018403",371836,2025-08-16 09:30:33,33.479808807373,-7.5414571762085,"Male"
"6018403",371836,2025-08-16 09:40:34,33.4799461364746,-7.54146528244019,"Male"
"6018403",371836,2025-08-16 09:50:36,33.4801368713379,-7.54170989990234,"Male"
"6018403",371836,2025-08-16 10:00:36,33.4870071411133,-7.545814037323,"Male"
"6018403",371836,2025-08-16 10:10:33,33.4800682067871,-7.54183959960938,"Male"
"6018403",371836,2025-08-16 10:20:36,33.4799461364746,-7.54169130325317,"Male"
"6018403",371836,2025-08-16 10:30:37,33.4798812866211,-7.54149150848389,"Male"
"6018403",371836,2025-08-16 10:40:37,33.4799118041992,-7.541663646698,"Male"
"6018403",371836,2025-08-16 10:50:34,33.4795455932617,-7.54030656814575,"Male"
"6018403",371836,2025-08-16 11:00:35,33.4800758361816,-7.54181480407715,"Male"
"6018403",371836,2025-08-16 11:10:36,33.4800796508789,-7.54184913635254,"Male"
"6018403",371836,2025-08-16 11:20:41,33.4802169799805,-7.54217529296875,"Male"
"6018403",371836,2025-08-16 11:30:35,33.4796905517578,-7.54177665710449,"Male"
"6018403",371836,2025-08-16 11:40:36,33.4801940917969,-7.54173469543457,"Male"
"6018403",371836,2025-08-16 11:50:45,33.4802398681641,-7.54153394699097,"Male"
"6018403",371836,2025-08-16 12:00:37,33.4802055358887,-7.54157257080078,"Male"
"6018403",371836,2025-08-16 12:10:38,33.480052947998,-7.54168319702148,"Male"
"6018403",371836,2025-08-16 12:20:40,33.47998046875,-7.54155731201172,"Male"
"6018403",371836,2025-08-16 12:30:38,33.4800567626953,-7.54069375991821,"Male"
"6018403",371836,2025-08-16 12:40:40,33.4794845581055,-7.54162168502808,"Male"
"6018403",371836,2025-08-16 12:50:39,33.4795417785645,-7.54136991500854,"Male"
"6018403",371836,2025-08-16 13:00:36,33.4794654846191,-7.54081201553345,"Male"
"6018403",371836,2025-08-16 13:10:36,33.4800224304199,-7.53958892822266,"Male"
"6018403",371836,2025-08-16 13:20:35,33.4795379638672,-7.53937721252441,"Male"
"6018403",371836,2025-08-16 13:30:40,33.4787445068359,-7.54106950759888,"Male"
"6018403",371836,2025-08-16 13:40:40,33.4793319702148,-7.54145622253418,"Male"
"6018403",371836,2025-08-16 13:50:38,33.4790229797363,-7.5413670539856,"Male"
"6018403",371836,2025-08-16 14:00:39,33.4791450500488,-7.54142189025879,"Male"
"6018403",371836,2025-08-16 14:10:37,33.4797859191895,-7.54188251495361,"Male"
"6018403",371836,2025-08-16 14:20:37,33.4799575805664,-7.54183435440063,"Male"
"6018403",371836,2025-08-16 14:30:36,33.4798889160156,-7.54180192947388,"Male"
"6018403",371836,2025-08-16 14:40:37,33.4799499511719,-7.54202604293823,"Male"
"6018403",371836,2025-08-16 14:50:35,33.4799575805664,-7.54199504852295,"Male"
"6018403",371836,2025-08-16 15:00:38,33.4801254272461,-7.54188632965088,"Male"
"6018403",371836,2025-08-16 15:10:38,33.480110168457,-7.54187440872192,"Male"
"6018403",371836,2025-08-16 15:20:36,33.47998046875,-7.54195833206177,"Male"
"6018403",371836,2025-08-16 15:30:35,33.4798774719238,-7.54185009002685,"Male"
"6018403",371836,2025-08-16 15:40:36,33.4799690246582,-7.54201698303223,"Male"
"6018403",371836,2025-08-16 15:50:36,33.4830474853516,-7.53685331344604,"Male"
"6018403",371836,2025-08-16 16:00:36,33.4827766418457,-7.53671407699585,"Male"
"6018403",371836,2025-08-16 16:10:36,33.4829330444336,-7.53705644607544,"Male"
"6018403",371836,2025-08-16 16:20:36,33.4830551147461,-7.53651189804077,"Male"
"6018403",371836,2025-08-16 16:30:34,33.4835090637207,-7.53714609146118,"Male"
"6018403",371836,2025-08-16 16:40:35,33.4817504882812,-7.53659152984619,"Male"
"6018403",371836,2025-08-16 16:50:35,33.4816551208496,-7.53653192520142,"Male"
"6018403",371836,2025-08-16 17:00:35,33.4814529418945,-7.53635025024414,"Male"
"6018403",371836,2025-08-16 17:10:36,33.4815254211426,-7.53638696670532,"Male"
"6018403",371836,2025-08-16 17:20:36,33.4827690124512,-7.53657150268555,"Male"
"6018403",371836,2025-08-16 17:30:37,33.4826889038086,-7.53716850280762,"Male"
"6018403",371836,2025-08-16 17:41:29,33.4816856384277,-7.53625631332397,"Male"
"6018403",371836,2025-08-16 17:50:39,33.4819602966309,-7.53638362884521,"Male"
"6018403",371836,2025-08-16 18:00:37,33.4819068908691,-7.53741836547852,"Male"
"6018403",371836,2025-08-16 18:10:35,33.4818534851074,-7.5374755859375,"Male"
"6018403",371836,2025-08-16 18:20:37,33.4818878173828,-7.53734683990479,"Male"
"6018403",371836,2025-08-16 18:30:35,33.4819831848145,-7.53717088699341,"Male"
"6018403",371836,2025-08-16 18:40:35,33.4815406799316,-7.53774213790894,"Male"
"6018403",371836,2025-08-16 18:50:37,33.4817924499512,-7.53730392456055,"Male"
"6018403",371836,2025-08-16 19:00:34,33.4815788269043,-7.53751039505005,"Male"
"6018403",371836,2025-08-16 19:10:37,33.5056076049805,-7.54291772842407,"Male"
"6018403",371836,2025-08-16 19:20:37,33.5444488525391,-7.57188320159912,"Male"
"6018403",371836,2025-08-16 19:30:36,33.5927276611328,-7.59728956222534,"Male"
"6018403",371836,2025-08-16 19:40:39,33.6008834838867,-7.60623264312744,"Male"
"6018403",371836,2025-08-16 19:50:35,33.6010513305664,-7.60680770874023,"Male"
"6018403",371836,2025-08-16 20:00:35,33.6005821228027,-7.60671186447144,"Male"
"6018403",371836,2025-08-16 20:10:36,33.6005630493164,-7.60678243637085,"Male"
"6018403",371836,2025-08-16 20:20:36,33.6005668640137,-7.6066780090332,"Male"
"6018403",371836,2025-08-16 20:30:35,33.600471496582,-7.6066517829895,"Male"
"6018403",371836,2025-08-16 20:40:37,33.6005783081055,-7.60670280456543,"Male"
"6018403",371836,2025-08-16 20:50:41,33.6006507873535,-7.60673999786377,"Male"
"6018403",371836,2025-08-16 21:00:36,33.6005668640137,-7.60653781890869,"Male"
"6018403",371836,2025-08-16 21:10:37,33.6007614135742,-7.6066370010376,"Male"
"6018403",371836,2025-08-16 21:20:36,33.600830078125,-7.60669946670532,"Male"
"6018403",371836,2025-08-16 21:30:38,33.600772857666,-7.60688304901123,"Male"
"6018403",371836,2025-08-16 21:40:36,33.6008033752441,-7.60685205459595,"Male"
"6018403",371836,2025-08-16 21:50:37,33.6003684997559,-7.60698080062866,"Male"
"6018403",371836,2025-08-16 22:00:37,33.6006011962891,-7.60682964324951,"Male"
"6018403",371836,2025-08-16 22:10:38,33.6006393432617,-7.60670757293701,"Male"
"6018403",371836,2025-08-16 22:20:40,33.6006011962891,-7.60702610015869,"Male"
"6018403",371836,2025-08-16 22:30:36,33.600528717041,-7.60708236694336,"Male"
"6018403",371836,2025-08-16 22:40:36,33.6005897521973,-7.60685443878174,"Male"
"6018403",371836,2025-08-16 22:50:36,33.6003112792969,-7.60708332061768,"Male"
"6018403",371836,2025-08-16 23:00:36,33.6003875732422,-7.60721683502197,"Male"
"6018403",371836,2025-08-16 23:11:29,33.6007537841797,-7.60693979263306,"Male"
"6018403",371836,2025-08-16 23:20:34,33.6004295349121,-7.60669374465942,"Male"
"6018403",371836,2025-08-16 23:30:36,33.6010437011719,-7.60712432861328,"Male"
"6018403",371836,2025-08-16 23:40:39,33.6004791259766,-7.60639429092407,"Male"
"6018403",371836,2025-08-16 23:50:35,33.6006965637207,-7.60685062408447,"Male"
"6018403",371836,2025-08-17 00:00:35,33.600715637207,-7.6068925857544,"Male"
"6018403",371836,2025-08-17 00:10:35,33.601318359375,-7.60741329193115,"Male"
"6018403",371836,2025-08-17 00:21:05,33.6006698608398,-7.60681200027466,"Male"
"6018403",371836,2025-08-17 00:30:37,33.6006126403809,-7.60662364959717,"Male"
"6018403",371836,2025-08-17 00:40:34,33.6005249023438,-7.60676050186157,"Male"
"6018403",371836,2025-08-17 00:50:34,33.6004676818848,-7.60686063766479,"Male"
"6018403",371836,2025-08-17 01:00:38,33.600513458252,-7.60693120956421,"Male"
"6018403",371836,2025-08-17 01:10:35,33.6005668640137,-7.60703563690185,"Male"
"6018403",371836,2025-08-17 01:20:34,33.6004524230957,-7.60687303543091,"Male"
"6018403",371836,2025-08-17 01:30:34,33.6004676818848,-7.60688543319702,"Male"
"6018403",371836,2025-08-17 01:40:34,33.6004867553711,-7.60689973831177,"Male"
"6018403",371836,2025-08-17 01:50:35,33.6002883911133,-7.606858253479,"Male"
"6018403",371836,2025-08-17 02:00:37,33.6004371643066,-7.60690116882324,"Male"
"6018403",371836,2025-08-17 02:10:36,33.6004791259766,-7.6067681312561,"Male"
"6018403",371836,2025-08-17 02:20:38,33.6005058288574,-7.60679769515991,"Male"
"6018403",371836,2025-08-17 02:30:36,33.6006507873535,-7.60706615447998,"Male"
"6018403",371836,2025-08-17 02:40:37,33.6005897521973,-7.6069507598877,"Male"
"6018403",371836,2025-08-17 02:50:34,33.6008338928223,-7.606773853302,"Male"
"6018403",371836,2025-08-17 03:00:34,33.601016998291,-7.60667037963867,"Male"
"6018403",371836,2025-08-17 03:10:34,33.6005630493164,-7.60682249069214,"Male"
"6018403",371836,2025-08-17 03:20:40,33.6007308959961,-7.60722208023071,"Male"
"6018403",371836,2025-08-17 03:30:36,33.6005897521973,-7.60685968399048,"Male"
"6018403",371836,2025-08-17 03:40:36,33.6005859375,-7.60689067840576,"Male"
"6018403",371836,2025-08-17 03:50:36,33.6005706787109,-7.60685682296753,"Male"
"6018403",371836,2025-08-17 04:00:40,33.6003570556641,-7.60696697235107,"Male"
"6018403",371836,2025-08-17 04:10:38,33.6005897521973,-7.60685634613037,"Male"
"6018403",371836,2025-08-17 04:20:36,33.6005821228027,-7.60683393478394,"Male"
"6018403",371836,2025-08-17 04:30:38,33.6004981994629,-7.60730361938477,"Male"
"6018403",371836,2025-08-17 04:40:38,33.600269317627,-7.60709571838379,"Male"
"6018403",371836,2025-08-17 04:50:35,33.6008682250977,-7.60682582855225,"Male"
"6018403",371836,2025-08-17 05:00:37,33.600643157959,-7.60667371749878,"Male"
"6018403",371836,2025-08-17 05:10:39,33.6007423400879,-7.60645723342896,"Male"
"6018403",371836,2025-08-17 05:20:38,33.6006965637207,-7.60650157928467,"Male"
"6018403",371836,2025-08-17 05:30:41,33.6007232666016,-7.60615825653076,"Male"
"6018403",371836,2025-08-17 05:40:40,33.6008720397949,-7.60675001144409,"Male"
"6018403",371836,2025-08-17 05:50:41,33.6001625061035,-7.60621738433838,"Male"
"6018403",371836,2025-08-17 06:00:36,33.6010437011719,-7.60536003112793,"Male"
"6018403",371836,2025-08-17 06:10:39,33.6002464294434,-7.60719537734985,"Male"
"6018403",371836,2025-08-17 06:20:37,33.6001968383789,-7.6069917678833,"Male"
"6018403",371836,2025-08-17 06:30:37,33.5929412841797,-7.6037130355835,"Male"
"6018403",371836,2025-08-17 06:40:39,33.5822448730469,-7.59850835800171,"Male"
"6018403",371836,2025-08-17 06:50:41,33.5821228027344,-7.59848642349243,"Male"
"6018403",371836,2025-08-17 07:00:40,33.5818748474121,-7.59817695617676,"Male"
"6018403",371836,2025-08-17 07:10:42,33.5838623046875,-7.59753084182739,"Male"
"6018403",371836,2025-08-17 07:20:40,33.5822257995605,-7.59729194641113,"Male"
"6018403",371836,2025-08-17 07:30:43,33.5817184448242,-7.59703922271729,"Male"
"6018403",371836,2025-08-17 07:40:44,33.5816345214844,-7.59699296951294,"Male"
"6018403",371836,2025-08-17 07:50:39,33.5817756652832,-7.59698963165283,"Male"
"6018403",371836,2025-08-17 08:00:44,33.5818061828613,-7.59759616851807,"Male"
"6018403",371836,2025-08-17 08:10:38,33.5901527404785,-7.60192394256592,"Male"
"6018403",371836,2025-08-17 08:20:42,33.643253326416,-7.62132263183594,"Male"
"6018403",371836,2025-08-17 08:31:01,33.6835899353027,-7.63125991821289,"Male"
"6018403",371836,2025-08-17 08:41:05,33.7143096923828,-7.57214975357056,"Male"
"6018403",371836,2025-08-17 08:50:54,33.758861541748,-7.53222227096558,"Male"
"6018403",371836,2025-08-17 09:01:04,33.758373260498,-7.53339767456055,"Male"
"6018403",371836,2025-08-17 09:10:34,33.7266082763672,-7.51898860931396,"Male"
"6018403",371836,2025-08-17 09:20:34,33.6654510498047,-7.48474597930908,"Male"
"6018403",371836,2025-08-17 09:30:35,33.6369895935059,-7.49295330047607,"Male"
"6018403",371836,2025-08-17 09:40:36,33.6369247436523,-7.49282360076904,"Male"
"6018403",371836,2025-08-17 09:50:36,33.6366920471191,-7.49294662475586,"Male"
"6018403",371836,2025-08-17 10:00:34,33.6366767883301,-7.49304580688477,"Male"
"6018403",371836,2025-08-17 10:10:36,33.6368751525879,-7.49303722381592,"Male"
"6018403",371836,2025-08-17 10:20:35,33.6368865966797,-7.49287462234497,"Male"
"6018403",371836,2025-08-17 10:30:36,33.6368751525879,-7.4929518699646,"Male"
"6018403",371836,2025-08-17 10:40:34,33.6367301940918,-7.49302673339844,"Male"
"6018403",371836,2025-08-17 10:50:42,33.636962890625,-7.49304676055908,"Male"
"6018403",371836,2025-08-17 11:00:34,33.6367874145508,-7.49304008483887,"Male"
"6018403",371836,2025-08-17 11:10:33,33.6394882202148,-7.4918475151062,"Male"
"6018403",371836,2025-08-17 11:20:36,33.6406135559082,-7.49541997909546,"Male"
"6018403",371836,2025-08-17 11:30:41,33.640552520752,-7.49550533294678,"Male"
"6018403",371836,2025-08-17 11:40:34,33.6406097412109,-7.49555635452271,"Male"
"6018403",371836,2025-08-17 11:50:37,33.6401557922363,-7.49418640136719,"Male"
"6018403",371836,2025-08-17 12:00:35,33.6402854919434,-7.49428558349609,"Male"
"6018403",371836,2025-08-17 12:11:34,33.6403656005859,-7.49355697631836,"Male"
"6018403",371836,2025-08-17 12:20:42,33.6387901306152,-7.51447105407715,"Male"
"6018403",371836,2025-08-17 12:30:44,33.6311454772949,-7.50668668746948,"Male"
"6018403",371836,2025-08-17 12:40:50,33.6310920715332,-7.506591796875,"Male"
"6018403",371836,2025-08-17 12:51:05,33.6312103271484,-7.50676918029785,"Male"
"6018403",371836,2025-08-17 13:01:05,33.6312065124512,-7.50678014755249,"Male"
"6018403",371836,2025-08-17 13:10:42,33.6309432983398,-7.50685882568359,"Male"
"6018403",371836,2025-08-17 13:21:05,33.6311416625977,-7.50692272186279,"Male"
"6018403",371836,2025-08-17 13:30:51,33.6313400268555,-7.50705337524414,"Male"
"6018403",371836,2025-08-17 13:40:44,33.6310729980469,-7.50689935684204,"Male"
"6018403",371836,2025-08-17 13:50:41,33.6312637329102,-7.50687789916992,"Male"
"6018403",371836,2025-08-17 14:01:04,33.6311836242676,-7.50677108764648,"Male"
"6018403",371836,2025-08-17 14:10:42,33.6311721801758,-7.50676822662354,"Male"
"6018403",371836,2025-08-17 14:20:43,33.639820098877,-7.51329231262207,"Male"
"6018403",371836,2025-08-17 14:30:40,33.630069732666,-7.51328563690185,"Male"
"6018403",371836,2025-08-17 14:40:39,33.6411285400391,-7.49360847473145,"Male"
"6018403",371836,2025-08-17 14:50:39,33.6411209106445,-7.49363851547241,"Male"
"6018403",371836,2025-08-17 15:00:39,33.6410942077637,-7.49370193481445,"Male"
"6018403",371836,2025-08-17 15:10:42,33.6410942077637,-7.49368524551392,"Male"
"6018403",371836,2025-08-17 15:20:41,33.640926361084,-7.49382591247559,"Male"
"6018403",371836,2025-08-17 15:31:05,33.641040802002,-7.49370336532593,"Male"
"6018403",371836,2025-08-17 15:40:35,33.6409301757812,-7.49379777908325,"Male"
"6018403",371836,2025-08-17 15:50:34,33.6410369873047,-7.49372959136963,"Male"
"6018403",371836,2025-08-17 16:00:36,33.6410369873047,-7.49374008178711,"Male"
"6018403",371836,2025-08-17 16:10:35,33.6350250244141,-7.50121974945068,"Male"
"6018403",371836,2025-08-17 16:20:35,33.6198310852051,-7.51507949829102,"Male"
"6018403",371836,2025-08-17 16:30:35,33.619800567627,-7.5151515007019,"Male"
"6018403",371836,2025-08-17 16:40:35,33.6197204589844,-7.5153751373291,"Male"
"6018403",371836,2025-08-17 16:50:36,33.6197357177734,-7.51518487930298,"Male"
"6018403",371836,2025-08-17 17:00:36,33.619556427002,-7.51516389846802,"Male"
"6018403",371836,2025-08-17 17:10:36,33.619743347168,-7.51519060134888,"Male"
"6018403",371836,2025-08-17 17:20:40,33.6196784973145,-7.51506471633911,"Male"
"6018403",371836,2025-08-17 17:30:38,33.6196937561035,-7.51506519317627,"Male"
"6018403",371836,2025-08-17 17:40:37,33.6197242736816,-7.51546096801758,"Male"
"6018403",371836,2025-08-17 17:51:06,33.6198272705078,-7.51543617248535,"Male"
"6018403",371836,2025-08-17 18:00:39,33.619800567627,-7.51518726348877,"Male"
"6018403",371836,2025-08-17 18:10:42,33.6197776794434,-7.51518630981445,"Male"
"6018403",371836,2025-08-17 18:20:44,33.6198997497559,-7.51510429382324,"Male"
"6018403",371836,2025-08-17 18:30:43,33.6198120117188,-7.51523113250732,"Male"
"6018403",371836,2025-08-17 18:40:57,33.6133193969727,-7.52449131011963,"Male"
"6018403",371836,2025-08-17 18:50:43,33.6089859008789,-7.56384086608887,"Male"
"6018403",371836,2025-08-17 19:00:41,33.6090087890625,-7.56372928619385,"Male"
"6018403",371836,2025-08-17 19:10:42,33.6090087890625,-7.56376504898071,"Male"
"6018403",371836,2025-08-17 19:20:57,33.6093330383301,-7.56344890594482,"Male"
"6018403",371836,2025-08-17 19:31:05,33.6003646850586,-7.60660362243652,"Male"
"6018403",371836,2025-08-17 19:40:37,33.6003456115723,-7.60665845870972,"Male"
"6018403",371836,2025-08-17 19:50:40,33.6003684997559,-7.60656690597534,"Male"
"6018403",371836,2025-08-17 20:00:38,33.6004333496094,-7.60646152496338,"Male"
"6018403",371836,2025-08-17 20:10:36,33.6004066467285,-7.60687112808228,"Male"
"6018403",371836,2025-08-17 20:20:43,33.6003227233887,-7.60626125335693,"Male"
"6018403",371836,2025-08-17 20:30:40,33.6006317138672,-7.60685014724731,"Male"
"6018403",371836,2025-08-17 20:40:36,33.6003799438477,-7.60666704177856,"Male"
"6018403",371836,2025-08-17 20:50:36,33.6002960205078,-7.60663509368896,"Male"
"6018403",371836,2025-08-17 21:00:37,33.6004600524902,-7.60665035247803,"Male"
"6018403",371836,2025-08-17 21:10:40,33.6003952026367,-7.60672521591187,"Male"
"6018403",371836,2025-08-17 21:21:05,33.6004486083984,-7.60630512237549,"Male"
"6018403",371836,2025-08-17 21:30:39,33.6005897521973,-7.60635566711426,"Male"
"6018403",371836,2025-08-17 21:40:49,33.6005249023438,-7.60637807846069,"Male"
"6018403",371836,2025-08-17 21:50:39,33.600643157959,-7.60607957839966,"Male"
"6018403",371836,2025-08-17 22:00:39,33.6004600524902,-7.60651159286499,"Male"
"6018403",371836,2025-08-17 22:10:47,33.6004753112793,-7.6064863204956,"Male"
"6018403",371836,2025-08-17 22:21:05,33.6004867553711,-7.60652542114258,"Male"
"6018403",371836,2025-08-17 22:30:35,33.6005668640137,-7.60671424865723,"Male"
"6018403",371836,2025-08-17 22:40:42,33.6004943847656,-7.6065263748169,"Male"
"6018403",371836,2025-08-17 22:50:42,33.600471496582,-7.60642766952515,"Male"
"6018403",371836,2025-08-17 23:00:42,33.6005859375,-7.60652923583984,"Male"
"6018403",371836,2025-08-17 23:11:04,33.6003150939941,-7.60668134689331,"Male"
"6018403",371836,2025-08-17 23:21:05,33.6002655029297,-7.60650396347046,"Male"
"6018403",371836,2025-08-17 23:30:38,33.6002578735352,-7.60662364959717,"Male"
"6018403",371836,2025-08-17 23:40:43,33.599983215332,-7.60666179656982,"Male"
"6018403",371836,2025-08-17 23:50:44,33.6005706787109,-7.60670471191406,"Male"
"6018403",371836,2025-08-18 00:01:05,33.5999794006348,-7.60663795471191,"Male"
"6018403",371836,2025-08-18 00:10:36,33.6000480651855,-7.60657024383545,"Male"
"6018403",371836,2025-08-18 00:20:38,33.6001243591309,-7.60655307769775,"Male"
"6018403",371836,2025-08-18 00:30:37,33.5999755859375,-7.60650873184204,"Male"
"6018403",371836,2025-08-18 00:40:36,33.6003227233887,-7.60638332366943,"Male"
"6018403",371836,2025-08-18 00:50:37,33.600341796875,-7.60635042190552,"Male"
"6018403",371836,2025-08-18 01:00:35,33.6002655029297,-7.60638570785522,"Male"
"6018403",371836,2025-08-18 01:10:37,33.6002655029297,-7.6064567565918,"Male"
"6018403",371836,2025-08-18 01:20:35,33.6002883911133,-7.6064863204956,"Male"
"6018403",371836,2025-08-18 01:30:38,33.6002540588379,-7.60655641555786,"Male"
"6018403",371836,2025-08-18 01:40:36,33.6001892089844,-7.60636186599731,"Male"
"6018403",371836,2025-08-18 01:50:39,33.6002731323242,-7.60646057128906,"Male"
"6018403",371836,2025-08-18 02:00:37,33.6002502441406,-7.60638856887817,"Male"
"6018403",371836,2025-08-18 02:10:35,33.6002197265625,-7.60656309127808,"Male"
"6018403",371836,2025-08-18 02:20:36,33.6004371643066,-7.6067008972168,"Male"
"6018403",371836,2025-08-18 02:30:39,33.5998954772949,-7.60631656646729,"Male"
"6018403",371836,2025-08-18 02:40:37,33.5998687744141,-7.60620260238647,"Male"
"6018403",371836,2025-08-18 02:50:39,33.5999755859375,-7.60643339157104,"Male"
"6018403",371836,2025-08-18 03:00:40,33.6000022888184,-7.6068286895752,"Male"
"6018403",371836,2025-08-18 03:10:41,33.5999641418457,-7.60671520233154,"Male"
"6018403",371836,2025-08-18 03:21:02,33.5998344421387,-7.60641765594482,"Male"
"6018403",371836,2025-08-18 03:30:42,33.5998497009277,-7.60644721984863,"Male"
"6018403",371836,2025-08-18 03:40:37,33.5998344421387,-7.60650205612183,"Male"
"6018403",371836,2025-08-18 03:50:37,33.5999145507812,-7.60654306411743,"Male"
"6018403",371836,2025-08-18 04:00:37,33.5998306274414,-7.60637855529785,"Male"
"6018403",371836,2025-08-18 04:10:36,33.5996932983398,-7.60658979415894,"Male"
"6018403",371836,2025-08-18 04:20:39,33.599853515625,-7.60654258728027,"Male"
"6018403",371836,2025-08-18 04:30:40,33.5997772216797,-7.60648155212402,"Male"
"6018403",371836,2025-08-18 04:40:37,33.5997123718262,-7.60651397705078,"Male"
"6018403",371836,2025-08-18 04:51:05,33.5996742248535,-7.60646724700928,"Male"
"6018403",371836,2025-08-18 05:00:39,33.5995292663574,-7.60645580291748,"Male"
"6018403",371836,2025-08-18 05:10:50,33.5994033813477,-7.60638761520386,"Male"
"6018403",371836,2025-08-18 05:20:39,33.5999069213867,-7.60648918151855,"Male"
"6018403",371836,2025-08-18 05:30:38,33.5991592407227,-7.6063175201416,"Male"
"6018403",371836,2025-08-18 05:40:40,33.599437713623,-7.60631942749023,"Male"
"6018403",371836,2025-08-18 05:50:36,33.599308013916,-7.60643577575684,"Male"
"6018403",371836,2025-08-18 06:00:39,33.5818748474121,-7.64922380447388,"Male"
"6018403",371836,2025-08-18 06:10:36,33.5821151733398,-7.6499400138855,"Male"
"6018403",371836,2025-08-18 06:20:42,33.5988807678223,-7.70604038238525,"Male"
"6018403",371836,2025-08-18 06:30:39,33.5969772338867,-7.73492813110352,"Male"
"6018403",371836,2025-08-18 06:40:44,33.5667457580566,-7.73864126205444,"Male"
"6018403",371836,2025-08-18 06:51:03,33.5608367919922,-7.7315731048584,"Male"
"6018403",371836,2025-08-18 07:00:36,33.5608177185059,-7.73181438446045,"Male"
"6018403",371836,2025-08-18 07:11:01,33.560848236084,-7.73161649703979,"Male"
"6018403",371836,2025-08-18 07:20:54,33.560619354248,-7.73183917999268,"Male"
"6018403",371836,2025-08-18 07:30:56,33.560619354248,-7.73180484771729,"Male"
"6018403",371836,2025-08-18 07:40:43,33.550594329834,-7.73040246963501,"Male"
"6018403",371836,2025-08-18 07:50:54,33.5410346984863,-7.72450637817383,"Male"
"6018403",371836,2025-08-18 08:01:03,33.5281639099121,-7.6955304145813,"Male"
"6018403",371836,2025-08-18 08:10:43,33.5281753540039,-7.69557762145996,"Male"
"6018403",371836,2025-08-18 08:20:35,33.5281639099121,-7.69569778442383,"Male"
"6018403",371836,2025-08-18 08:30:37,33.5281448364258,-7.69563961029053,"Male"
"6018403",371836,2025-08-18 08:40:36,33.5284194946289,-7.69579410552979,"Male"
"6018403",371836,2025-08-18 08:50:36,33.5285186767578,-7.69580507278442,"Male"
"6018403",371836,2025-08-18 09:00:36,33.5285911560059,-7.69565629959106,"Male"
"6018403",371836,2025-08-18 09:11:05,33.5295028686523,-7.70151901245117,"Male"
"6018403",371836,2025-08-18 09:20:40,33.5170822143555,-7.66306591033935,"Male"
"6018403",371836,2025-08-18 09:30:36,33.5135078430176,-7.60709762573242,"Male"
"6018403",371836,2025-08-18 09:40:39,33.4988174438477,-7.55738258361816,"Male"
"6018403",371836,2025-08-18 09:50:35,33.4802322387695,-7.5386848449707,"Male"
"6018403",371836,2025-08-18 10:00:39,33.4808158874512,-7.53862953186035,"Male"
"6018403",371836,2025-08-18 10:10:40,33.4809188842773,-7.53863620758057,"Male"
"6018403",371836,2025-08-18 10:21:05,33.4794616699219,-7.54172039031982,"Male"
"6018403",371836,2025-08-18 10:30:34,33.482837677002,-7.54171943664551,"Male"
"6018403",371836,2025-08-18 10:40:37,33.4819068908691,-7.53795623779297,"Male"
"6018403",371836,2025-08-18 10:50:36,33.4818534851074,-7.53796291351318,"Male"
"6018403",371836,2025-08-18 11:00:41,33.4794540405273,-7.54004859924316,"Male"
"6018403",371836,2025-08-18 11:11:35,33.4810447692871,-7.53839731216431,"Male"
"6018403",371836,2025-08-18 11:20:38,33.4809455871582,-7.53849267959595,"Male"
"6018403",371836,2025-08-18 11:30:39,33.4794464111328,-7.54175090789795,"Male"
"6018403",371836,2025-08-18 11:40:43,33.4795265197754,-7.54181957244873,"Male"
"6018403",371836,2025-08-18 11:50:51,33.4795265197754,-7.54180383682251,"Male"
"6018403",371836,2025-08-18 12:00:43,33.4797401428223,-7.54018449783325,"Male"
"6018403",371836,2025-08-18 12:11:06,33.4794120788574,-7.54161787033081,"Male"
"6018403",371836,2025-08-18 12:20:49,33.4794540405273,-7.54160976409912,"Male"
"6018403",371836,2025-08-18 12:30:52,33.4793815612793,-7.5417013168335,"Male"
"6018403",371836,2025-08-18 12:40:49,33.4792938232422,-7.54174709320068,"Male"
"6018403",371836,2025-08-18 12:51:05,33.4793968200684,-7.54163265228271,"Male"
"6018403",371836,2025-08-18 13:00:40,33.4799461364746,-7.54130935668945,"Male"
"6018403",371836,2025-08-18 13:11:07,33.4809951782227,-7.5410099029541,"Male"
"6018403",371836,2025-08-18 13:20:36,33.481014251709,-7.54090929031372,"Male"
"6018403",371836,2025-08-18 13:30:38,33.4809989929199,-7.54108953475952,"Male"
"6018403",371836,2025-08-18 13:40:38,33.4812240600586,-7.54144668579102,"Male"
"6018403",371836,2025-08-18 13:50:39,33.4811630249023,-7.54148578643799,"Male"
"6018403",371836,2025-08-18 14:00:36,33.4796142578125,-7.54006958007812,"Male"
"6018403",371836,2025-08-18 14:10:36,33.4810028076172,-7.54143667221069,"Male"
"6018403",371836,2025-08-18 14:20:37,33.4811668395996,-7.54147100448608,"Male"
"6018403",371836,2025-08-18 14:30:42,33.4810981750488,-7.54129219055176,"Male"
"6018403",371836,2025-08-18 14:40:38,33.4810600280762,-7.54158592224121,"Male"
"6018403",371836,2025-08-18 14:50:40,33.4810981750488,-7.5415415763855,"Male"
"6018403",371836,2025-08-18 15:00:38,33.4809494018555,-7.54154062271118,"Male"
"6018403",371836,2025-08-18 15:10:53,33.4810066223145,-7.54149866104126,"Male"
"6018403",371836,2025-08-18 15:20:42,33.4804725646973,-7.54060935974121,"Male"
"6018403",371836,2025-08-18 15:30:44,33.4810256958008,-7.54124307632446,"Male"
"6018403",371836,2025-08-18 15:40:39,33.4808311462402,-7.54080295562744,"Male"
"6018403",371836,2025-08-18 15:51:05,33.4810981750488,-7.5412335395813,"Male"
"6018403",371836,2025-08-18 16:00:37,33.4829025268555,-7.53739881515503,"Male"
"6018403",371836,2025-08-18 16:10:36,33.4821166992188,-7.53730869293213,"Male"
"6018403",371836,2025-08-18 16:20:37,33.482177734375,-7.53707027435303,"Male"
"6018403",371836,2025-08-18 16:30:38,33.482479095459,-7.53749847412109,"Male"
"6018403",371836,2025-08-18 16:40:38,33.482608795166,-7.53734159469604,"Male"
"6018403",371836,2025-08-18 16:50:36,33.4838562011719,-7.54446125030518,"Male"
"6018403",371836,2025-08-18 17:00:39,33.4840354919434,-7.53950834274292,"Male"
"6018403",371836,2025-08-18 17:11:05,33.4841117858887,-7.53931903839111,"Male"
"6018403",371836,2025-08-18 17:20:36,33.4843330383301,-7.53946304321289,"Male"
"6018403",371836,2025-08-18 17:30:50,33.4841079711914,-7.5393476486206,"Male"
"6018403",371836,2025-08-18 17:40:41,33.4833946228027,-7.53827238082886,"Male"
"6018403",371836,2025-08-18 17:50:38,33.4834098815918,-7.53832340240479,"Male"
"6018403",371836,2025-08-18 18:00:48,33.4833183288574,-7.53821277618408,"Male"
"6018403",371836,2025-08-18 18:10:48,33.4831199645996,-7.5377516746521,"Male"
"6018403",371836,2025-08-18 18:20:50,33.483283996582,-7.53805685043335,"Male"
"6018403",371836,2025-08-18 18:30:49,33.4832420349121,-7.53787994384766,"Male"
"6018403",371836,2025-08-18 18:41:05,33.4833068847656,-7.53823137283325,"Male"
"6018403",371836,2025-08-18 18:50:36,33.4833106994629,-7.53826951980591,"Male"
"6018403",371836,2025-08-18 19:00:35,33.4795341491699,-7.54076147079468,"Male"
"6018403",371836,2025-08-18 19:10:39,33.4924621582031,-7.54442071914673,"Male"
"6018403",371836,2025-08-18 19:20:35,33.4946746826172,-7.54620885848999,"Male"
"6018403",371836,2025-08-18 19:30:35,33.5297775268555,-7.57204055786133,"Male"
"6018403",371836,2025-08-18 19:40:35,33.5751838684082,-7.59140682220459,"Male"
"6018403",371836,2025-08-18 19:50:38,33.6000442504883,-7.60641098022461,"Male"
"6018403",371836,2025-08-18 20:00:40,33.6000556945801,-7.60646724700928,"Male"
"6018403",371836,2025-08-18 20:10:38,33.6000633239746,-7.60644626617432,"Male"
"6018403",371836,2025-08-18 20:21:14,33.6000633239746,-7.60638093948364,"Male"
"6018403",371836,2025-08-18 20:30:49,33.6000022888184,-7.60649251937866,"Male"
"6018403",371836,2025-08-18 20:40:39,33.6000709533691,-7.60655164718628,"Male"
"6018403",371836,2025-08-18 20:50:39,33.5999908447266,-7.60650157928467,"Male"
"6018403",371836,2025-08-18 21:00:50,33.6008682250977,-7.60634326934815,"Male"
"6018403",371836,2025-08-18 21:10:41,33.5999908447266,-7.60674381256104,"Male"
"6018403",371836,2025-08-18 21:20:39,33.5999145507812,-7.60672521591187,"Male"
"6018403",371836,2025-08-18 21:30:39,33.5999870300293,-7.60671997070312,"Male"
"6018403",371836,2025-08-18 21:40:39,33.6001663208008,-7.60678577423096,"Male"
"6018403",371836,2025-08-18 21:50:47,33.6001472473145,-7.6064977645874,"Male"
"6018403",371836,2025-08-18 22:01:15,33.6000289916992,-7.60622215270996,"Male"
"6018403",371836,2025-08-18 22:10:48,33.6001014709473,-7.60611915588379,"Male"
"6018403",371836,2025-08-18 22:20:48,33.600284576416,-7.60620021820068,"Male"
"6018403",371836,2025-08-18 22:31:05,33.6000747680664,-7.60631942749023,"Male"
"6018403",371836,2025-08-18 22:40:37,33.6001129150391,-7.60640716552734,"Male"
"6018403",371836,2025-08-18 22:50:43,33.600154876709,-7.6061601638794,"Male"
"6018403",371836,2025-08-18 23:00:39,33.600170135498,-7.60580825805664,"Male"
"6018403",371836,2025-08-18 23:11:05,33.6001243591309,-7.60639095306396,"Male"
"6018403",371836,2025-08-18 23:20:38,33.5998077392578,-7.60621166229248,"Male"
"6018403",371836,2025-08-18 23:30:39,33.6000595092773,-7.60630559921265,"Male"
"6018403",371836,2025-08-18 23:40:35,33.6000022888184,-7.60638236999512,"Male"
"6018403",371836,2025-08-18 23:50:35,33.5998229980469,-7.60617542266846,"Male"
"6018403",371836,2025-08-19 00:00:37,33.6001129150391,-7.60640716552734,"Male"
"6018403",371836,2025-08-19 00:10:42,33.6001625061035,-7.60596323013306,"Male"
"6018403",371836,2025-08-19 00:20:48,33.6001014709473,-7.60635995864868,"Male"
"6018403",371836,2025-08-19 00:30:48,33.6001396179199,-7.60638761520386,"Male"
"6018403",371836,2025-08-19 00:40:48,33.6001167297363,-7.60637807846069,"Male"
"6018403",371836,2025-08-19 00:50:48,33.6000785827637,-7.60632848739624,"Male"
"6018403",371836,2025-08-19 01:00:48,33.5999794006348,-7.6062650680542,"Male"
"6018403",371836,2025-08-19 01:10:49,33.6000862121582,-7.6060152053833,"Male"
"6018403",371836,2025-08-19 01:20:50,33.6000289916992,-7.60526371002197,"Male"
"6018403",371836,2025-08-19 01:31:01,33.6000480651855,-7.60640954971313,"Male"
"6018403",371836,2025-08-19 01:40:37,33.600025177002,-7.60636901855469,"Male"
"6018403",371836,2025-08-19 01:50:36,33.5999374389648,-7.60630226135254,"Male"
"6018403",371836,2025-08-19 02:00:36,33.6002159118652,-7.60651397705078,"Male"
"6018403",371836,2025-08-19 02:10:37,33.60009765625,-7.60636043548584,"Male"
"6018403",371836,2025-08-19 02:20:36,33.6000366210938,-7.60636043548584,"Male"
"6018403",371836,2025-08-19 02:30:35,33.6002464294434,-7.60656929016113,"Male"
"6018403",371836,2025-08-19 02:40:36,33.60009765625,-7.60642719268799,"Male"
"6018403",371836,2025-08-19 02:50:42,33.6001968383789,-7.60658836364746,"Male"
"6018403",371836,2025-08-19 03:00:40,33.6000633239746,-7.6063494682312,"Male"
"6018403",371836,2025-08-19 03:11:05,33.6001052856445,-7.60638618469238,"Male"
"6018403",371836,2025-08-19 03:20:35,33.5999794006348,-7.60589170455933,"Male"
"6018403",371836,2025-08-19 03:30:38,33.6002082824707,-7.60638618469238,"Male"
"6018403",371836,2025-08-19 03:40:48,33.6001129150391,-7.60639953613281,"Male"
"6018403",371836,2025-08-19 03:50:40,33.60009765625,-7.60541677474976,"Male"
"6018403",371836,2025-08-19 04:01:05,33.6002769470215,-7.60631513595581,"Male"
"6018403",371836,2025-08-19 04:10:37,33.600025177002,-7.60641050338745,"Male"
"6018403",371836,2025-08-19 04:20:44,33.6003074645996,-7.60665130615234,"Male"
"6018403",371836,2025-08-19 04:30:51,33.6001930236816,-7.60647821426392,"Male"
"6018403",371836,2025-08-19 04:41:05,33.5999298095703,-7.60641717910767,"Male"
"6018403",371836,2025-08-19 04:50:37,33.5998649597168,-7.60644721984863,"Male"
"6018403",371836,2025-08-19 05:00:37,33.5999069213867,-7.60640716552734,"Male"
"6018403",371836,2025-08-19 05:10:37,33.5999069213867,-7.60648488998413,"Male"
"6018403",371836,2025-08-19 05:20:36,33.5998649597168,-7.60643768310547,"Male"
"6018403",371836,2025-08-19 05:30:37,33.5998764038086,-7.60630226135254,"Male"
"6018403",371836,2025-08-19 05:40:41,33.6000175476074,-7.60666084289551,"Male"
"6018403",371836,2025-08-19 05:50:38,33.5996055603027,-7.60626459121704,"Male"
"6018403",371836,2025-08-19 06:01:05,33.5996932983398,-7.60629606246948,"Male"
"6018403",371836,2025-08-19 06:10:48,33.5996780395508,-7.60636854171753,"Male"
"6018403",371836,2025-08-19 06:20:42,33.6000747680664,-7.60609769821167,"Male"
"6018403",371836,2025-08-19 06:30:39,33.5998764038086,-7.60649681091309,"Male"
"6018403",371836,2025-08-19 06:40:36,33.6003189086914,-7.60621309280396,"Male"
"6018403",371836,2025-08-19 06:50:36,33.5915031433105,-7.59723615646362,"Male"
"6018403",371836,2025-08-19 07:00:38,33.5916442871094,-7.59676170349121,"Male"
"6018403",371836,2025-08-19 07:10:40,33.591609954834,-7.5969500541687,"Male"
"6018403",371836,2025-08-19 07:21:05,33.5915679931641,-7.59703540802002,"Male"
"6018403",371836,2025-08-19 07:30:36,33.5914916992188,-7.59702014923096,"Male"
"6018403",371836,2025-08-19 07:40:35,33.5914497375488,-7.59698820114136,"Male"
"6018403",371836,2025-08-19 07:50:36,33.5914497375488,-7.59685945510864,"Male"
"6018403",371836,2025-08-19 08:00:38,33.5913505554199,-7.59697294235229,"Male"
"6018403",371836,2025-08-19 08:10:35,33.5914306640625,-7.59704780578613,"Male"
"6018403",371836,2025-08-19 08:20:37,33.5914916992188,-7.59703207015991,"Male"
"6018403",371836,2025-08-19 08:31:14,33.591381072998,-7.59703874588013,"Male"
"6018403",371836,2025-08-19 08:40:39,33.5914077758789,-7.59681749343872,"Male"
"6018403",371836,2025-08-19 08:50:37,33.5910873413086,-7.59686136245728,"Male"
"6018403",371836,2025-08-19 09:00:37,33.5912399291992,-7.59687042236328,"Male"
"6018403",371836,2025-08-19 09:10:48,33.5913925170898,-7.59707498550415,"Male"
"6018403",371836,2025-08-19 09:20:36,33.5914535522461,-7.59604930877685,"Male"
"6018403",371836,2025-08-19 09:30:36,33.5897178649902,-7.58928060531616,"Male"
"6018403",371836,2025-08-19 09:40:46,33.5928726196289,-7.58417701721191,"Male"
"6018403",371836,2025-08-19 09:50:35,33.595645904541,-7.57919979095459,"Male"
"6018403",371836,2025-08-19 10:01:05,33.5955810546875,-7.57913160324097,"Male"
"6018403",371836,2025-08-19 10:10:36,33.595588684082,-7.57917308807373,"Male"
"6018403",371836,2025-08-19 10:20:36,33.5955696105957,-7.57914113998413,"Male"
"6018403",371836,2025-08-19 10:30:35,33.5953598022461,-7.57928371429443,"Male"
"6018403",371836,2025-08-19 10:40:37,33.5956573486328,-7.57901811599731,"Male"
"6018403",371836,2025-08-19 10:50:38,33.595344543457,-7.57913064956665,"Male"
"6018403",371836,2025-08-19 11:00:36,33.595531463623,-7.57914733886719,"Male"
"6018403",371836,2025-08-19 11:10:41,33.5957107543945,-7.57909488677979,"Male"
"6018403",371836,2025-08-19 11:20:39,33.5956840515137,-7.57911968231201,"Male"
"6018403",371836,2025-08-19 11:30:48,33.5956993103027,-7.57914113998413,"Male"
"6018403",371836,2025-08-19 11:40:36,33.6202239990234,-7.5812611579895,"Male"
"6018403",371836,2025-08-19 11:50:37,33.6132583618164,-7.56246280670166,"Male"
"6018403",371836,2025-08-19 12:01:05,33.6133308410645,-7.5625205039978,"Male"
"6018403",371836,2025-08-19 12:10:36,33.6132926940918,-7.56253147125244,"Male"
"6018403",371836,2025-08-19 12:20:35,33.6133728027344,-7.56250858306885,"Male"
"6018403",371836,2025-08-19 12:30:36,33.6133995056152,-7.56248617172241,"Male"
"6018403",371836,2025-08-19 12:40:35,33.6134452819824,-7.56238651275635,"Male"
"6018403",371836,2025-08-19 12:50:36,33.6133193969727,-7.56259298324585,"Male"
"6018403",371836,2025-08-19 13:00:36,33.6133613586426,-7.5626277923584,"Male"
"6018403",371836,2025-08-19 13:10:35,33.6135330200195,-7.56244802474976,"Male"
"6018403",371836,2025-08-19 13:20:36,33.6135635375977,-7.56240606307983,"Male"
"6018403",371836,2025-08-19 13:30:42,33.6134948730469,-7.56238174438477,"Male"
"6018403",371836,2025-08-19 13:40:38,33.6135520935059,-7.56250143051147,"Male"
"6018403",371836,2025-08-19 13:50:36,33.6136322021484,-7.56241846084595,"Male"
"6018403",371836,2025-08-19 14:00:37,33.6135559082031,-7.56238269805908,"Male"
"6018403",371836,2025-08-19 14:10:42,33.6137924194336,-7.5627703666687,"Male"
"6018403",371836,2025-08-19 14:20:42,33.6137046813965,-7.56256723403931,"Male"
"6018403",371836,2025-08-19 14:30:36,33.618350982666,-7.5702862739563,"Male"
"6018403",371836,2025-08-19 14:40:35,33.6365242004395,-7.60307884216309,"Male"
"6018403",371836,2025-08-19 14:50:41,33.6304168701172,-7.59204959869385,"Male"
"6018403",371836,2025-08-19 15:00:39,33.6023712158203,-7.59341812133789,"Male"
"6018403",371836,2025-08-19 15:11:05,33.5439186096191,-7.55993509292603,"Male"
"6018403",371836,2025-08-19 15:20:37,33.5030136108398,-7.54241037368774,"Male"
"6018403",371836,2025-08-19 15:30:38,33.4811706542969,-7.54166507720947,"Male"
"6018403",371836,2025-08-19 15:40:39,33.4812698364258,-7.5420503616333,"Male"
"6018403",371836,2025-08-19 15:50:38,33.4795837402344,-7.54002666473389,"Male"
"6018403",371836,2025-08-19 16:01:14,33.479606628418,-7.54122495651245,"Male"
"6018403",371836,2025-08-19 16:10:59,33.4804382324219,-7.5405158996582,"Male"
"6018403",371836,2025-08-19 16:21:05,33.4805030822754,-7.54070997238159,"Male"
"6018403",371836,2025-08-19 16:30:40,33.4806900024414,-7.54062080383301,"Male"
"6018403",371836,2025-08-19 16:40:40,33.4804649353027,-7.54047107696533,"Male"
"6018403",371836,2025-08-19 16:51:23,33.4840278625488,-7.54309177398682,"Male"
"6018403",371836,2025-08-19 17:00:35,33.4799842834473,-7.5417218208313,"Male"
"6018403",371836,2025-08-19 17:10:41,33.4794502258301,-7.54156446456909,"Male"
"6018403",371836,2025-08-19 17:20:36,33.4789772033691,-7.54119682312012,"Male"
"6018403",371836,2025-08-19 17:30:41,33.4793014526367,-7.54140996932983,"Male"
"6018403",371836,2025-08-19 17:40:37,33.4797096252441,-7.53987216949463,"Male"
"6018403",371836,2025-08-19 17:50:35,33.4855194091797,-7.54393100738525,"Male"
"6018403",371836,2025-08-19 18:00:36,33.5167579650879,-7.5472240447998,"Male"
"6018403",371836,2025-08-19 18:10:35,33.5578269958496,-7.56531381607056,"Male"
"6018403",371836,2025-08-19 18:20:36,33.5996513366699,-7.56719303131104,"Male"
"6018403",371836,2025-08-19 18:30:37,33.6118850708008,-7.56276845932007,"Male"
"6018403",371836,2025-08-19 18:40:39,33.602725982666,-7.57683801651001,"Male"
"6018403",371836,2025-08-19 18:50:52,33.602596282959,-7.57677841186523,"Male"
"6018403",371836,2025-08-19 19:00:52,33.6025924682617,-7.57694578170776,"Male"
"6018403",371836,2025-08-19 19:10:55,33.6027412414551,-7.5768461227417,"Male"
"6018403",371836,2025-08-19 19:21:23,33.6026306152344,-7.57687520980835,"Male"
"6018403",371836,2025-08-19 19:30:48,33.6026039123535,-7.57677602767944,"Male"
"6018403",371836,2025-08-19 19:40:48,33.5999794006348,-7.6063985824585,"Male"
"6018403",371836,2025-08-19 19:50:48,33.6000099182129,-7.60636806488037,"Male"
"6018403",371836,2025-08-19 20:00:48,33.6000022888184,-7.60635805130005,"Male"
"6018403",371836,2025-08-19 20:11:05,33.6001052856445,-7.60637950897217,"Male"
"6018403",371836,2025-08-19 20:20:37,33.5999794006348,-7.60652542114258,"Male"
"6018403",371836,2025-08-19 20:30:41,33.5999870300293,-7.60643005371094,"Male"
"6018403",371836,2025-08-19 20:40:37,33.5998573303223,-7.60646677017212,"Male"
"6018403",371836,2025-08-19 20:50:39,33.6001205444336,-7.60620403289795,"Male"
"6018403",371836,2025-08-19 21:00:38,33.600269317627,-7.6062650680542,"Male"
"6018403",371836,2025-08-19 21:10:39,33.5999183654785,-7.60646963119507,"Male"
"6018403",371836,2025-08-19 21:20:37,33.6006698608398,-7.60641241073608,"Male"
"6018403",371836,2025-08-19 21:30:37,33.6007423400879,-7.60620021820068,"Male"
"6018403",371836,2025-08-19 21:40:37,33.6006050109863,-7.60623359680176,"Male"
"6018403",371836,2025-08-19 21:50:39,33.6003723144531,-7.60629940032959,"Male"
"6018403",371836,2025-08-19 22:01:05,33.6000061035156,-7.60634422302246,"Male"
"6018403",371836,2025-08-19 22:10:45,33.599967956543,-7.6063289642334,"Male"
"6018403",371836,2025-08-19 22:20:48,33.6000480651855,-7.60635185241699,"Male"
"6018403",371836,2025-08-19 22:31:12,33.6000366210938,-7.60638189315796,"Male"
"6018403",371836,2025-08-19 22:40:41,33.5998840332031,-7.60669946670532,"Male"
"6018403",371836,2025-08-19 22:50:48,33.6000099182129,-7.60646057128906,"Male"
"6018403",371836,2025-08-19 23:00:45,33.6000366210938,-7.60615873336792,"Male"
"6018403",371836,2025-08-19 23:10:46,33.6001052856445,-7.60619831085205,"Male"
"6018403",371836,2025-08-19 23:21:35,33.6000022888184,-7.60625076293945,"Male"
"6018403",371836,2025-08-19 23:30:37,33.599853515625,-7.6061863899231,"Male"
"6018403",371836,2025-08-19 23:41:05,33.5999717712402,-7.60626411437988,"Male"
"6018403",371836,2025-08-19 23:50:40,33.6000328063965,-7.60630989074707,"Male"
"6018403",371836,2025-08-20 00:00:48,33.5999145507812,-7.60617637634277,"Male"
"6018403",371836,2025-08-20 00:10:48,33.5998840332031,-7.60625696182251,"Male"
"6018403",371836,2025-08-20 00:20:37,33.5999069213867,-7.60616779327393,"Male"
"6018403",371836,2025-08-20 00:30:42,33.5995903015137,-7.60528516769409,"Male"
"6018403",371836,2025-08-20 00:40:39,33.6000938415527,-7.60664939880371,"Male"
"6018403",371836,2025-08-20 00:50:41,33.6004867553711,-7.60742378234863,"Male"
"6018403",371836,2025-08-20 01:01:05,33.5999984741211,-7.60579824447632,"Male"
"6018403",371836,2025-08-20 01:10:49,33.5998497009277,-7.60623025894165,"Male"
"6018403",371836,2025-08-20 01:21:05,33.5999488830566,-7.6062593460083,"Male"
"6018403",371836,2025-08-20 01:30:36,33.6000328063965,-7.60636138916016,"Male"
"6018403",371836,2025-08-20 01:40:36,33.599925994873,-7.60622596740723,"Male"
"6018403",371836,2025-08-20 01:50:36,33.599967956543,-7.60625886917114,"Male"
"6018403",371836,2025-08-20 02:00:39,33.5999603271484,-7.60644578933716,"Male"
"6018403",371836,2025-08-20 02:10:45,33.5998725891113,-7.60631847381592,"Male"
"6018403",371836,2025-08-20 02:20:42,33.6001625061035,-7.60649681091309,"Male"
"6018403",371836,2025-08-20 02:30:36,33.5998153686523,-7.60603427886963,"Male"
"6018403",371836,2025-08-20 02:40:45,33.6000022888184,-7.60628318786621,"Male"
"6018403",371836,2025-08-20 02:50:39,33.6001358032227,-7.60640668869019,"Male"
"6018403",371836,2025-08-20 03:00:37,33.5998077392578,-7.60589551925659,"Male"
"6018403",371836,2025-08-20 03:11:05,33.5999488830566,-7.60628986358643,"Male"
"6018403",371836,2025-08-20 03:20:37,33.5999221801758,-7.60615491867065,"Male"
"6018403",371836,2025-08-20 03:30:41,33.5999755859375,-7.60589694976807,"Male"
"6018403",371836,2025-08-20 03:40:38,33.5999717712402,-7.60601711273193,"Male"
"6018403",371836,2025-08-20 03:50:39,33.5999336242676,-7.60597276687622,"Male"
"6018403",371836,2025-08-20 04:01:05,33.5999031066895,-7.60637378692627,"Male"
"6018403",371836,2025-08-20 04:10:36,33.5999526977539,-7.60630702972412,"Male"
"6018403",371836,2025-08-20 04:20:39,33.5999603271484,-7.60634136199951,"Male"
"6018403",371836,2025-08-20 04:30:41,33.5999298095703,-7.60625553131104,"Male"
"6018403",371836,2025-08-20 04:40:56,33.5998458862305,-7.6063117980957,"Male"
"6018403",371836,2025-08-20 04:50:39,33.5997695922852,-7.60638332366943,"Male"
"6018403",371836,2025-08-20 05:00:41,33.5994873046875,-7.60599136352539,"Male"
"6018403",371836,2025-08-20 05:10:42,33.5995597839355,-7.60594844818115,"Male"
"6018403",371836,2025-08-20 05:20:41,33.6000213623047,-7.60644197463989,"Male"
"6018403",371836,2025-08-20 05:31:12,33.6000556945801,-7.6063494682312,"Male"
"6018403",371836,2025-08-20 05:40:41,33.5998611450195,-7.6062593460083,"Male"
"6018403",371836,2025-08-20 05:50:43,33.6001434326172,-7.60647916793823,"Male"
"6018403",371836,2025-08-20 06:01:05,33.5997619628906,-7.60635662078857,"Male"
"6018403",371836,2025-08-20 06:10:38,33.5997467041016,-7.60635852813721,"Male"
"6018403",371836,2025-08-20 06:20:39,33.6000137329102,-7.60596084594727,"Male"
"6018403",371836,2025-08-20 06:30:43,33.5998001098633,-7.60620927810669,"Male"
"6018403",371836,2025-08-20 06:40:48,33.5997314453125,-7.60622549057007,"Male"
"6018403",371836,2025-08-20 06:50:39,33.5997886657715,-7.60624313354492,"Male"
"6018403",371836,2025-08-20 07:00:40,33.5998458862305,-7.6060733795166,"Male"
"6018403",371836,2025-08-20 07:10:42,33.5998077392578,-7.60635471343994,"Male"
"6018403",371836,2025-08-20 07:21:14,33.5907287597656,-7.59742307662964,"Male"
"6018403",371836,2025-08-20 07:30:47,33.5906524658203,-7.59743309020996,"Male"
"6018403",371836,2025-08-20 07:41:06,33.5907096862793,-7.59710073471069,"Male"
"6018403",371836,2025-08-20 07:50:41,33.5906639099121,-7.59742069244385,"Male"
"6018403",371836,2025-08-20 08:00:48,33.590648651123,-7.59725856781006,"Male"
"6018403",371836,2025-08-20 08:11:34,33.5940170288086,-7.58184385299683,"Male"
"6018403",371836,2025-08-20 08:20:38,33.5972328186035,-7.58132171630859,"Male"
"6018403",371836,2025-08-20 08:30:38,33.5974464416504,-7.58138799667358,"Male"
"6018403",371836,2025-08-20 08:40:38,33.5976524353027,-7.58106231689453,"Male"
"6018403",371836,2025-08-20 08:50:37,33.5974235534668,-7.58111667633057,"Male"
"6018403",371836,2025-08-20 09:00:39,33.5971565246582,-7.58126449584961,"Male"
"6018403",371836,2025-08-20 09:10:38,33.5977821350098,-7.5813136100769,"Male"
"6018403",371836,2025-08-20 09:20:40,33.5974502563477,-7.58116340637207,"Male"
"6018403",371836,2025-08-20 09:30:39,33.5973320007324,-7.58110952377319,"Male"
"6018403",371836,2025-08-20 09:40:40,33.5973205566406,-7.58128023147583,"Male"
"6018403",371836,2025-08-20 09:50:37,33.5951309204102,-7.56929349899292,"Male"
"6018403",371836,2025-08-20 10:01:05,33.603687286377,-7.53202486038208,"Male"
"6018403",371836,2025-08-20 10:10:36,33.622631072998,-7.51195573806763,"Male"
"6018403",371836,2025-08-20 10:20:36,33.6298942565918,-7.49556970596313,"Male"
"6018403",371836,2025-08-20 10:30:36,33.631420135498,-7.49586391448975,"Male"
"6018403",371836,2025-08-20 10:40:39,33.6311988830566,-7.49666261672974,"Male"
"6018403",371836,2025-08-20 10:50:45,33.6312065124512,-7.49651765823364,"Male"
"6018403",371836,2025-08-20 11:00:37,33.6313133239746,-7.49661779403687,"Male"
"6018403",371836,2025-08-20 11:10:38,33.631217956543,-7.49656200408935,"Male"
"6018403",371836,2025-08-20 11:20:36,33.641902923584,-7.50490856170654,"Male"
"6018403",371836,2025-08-20 11:30:36,33.6324081420898,-7.50206470489502,"Male"
"6018403",371836,2025-08-20 11:40:38,33.6326789855957,-7.50185966491699,"Male"
"6018403",371836,2025-08-20 11:50:45,33.6325187683105,-7.50185918807983,"Male"
"6018403",371836,2025-08-20 12:01:02,33.6325454711914,-7.50179100036621,"Male"
"6018403",371836,2025-08-20 12:10:41,33.6323127746582,-7.50155353546143,"Male"
"6018403",371836,2025-08-20 12:20:48,33.6325531005859,-7.50179958343506,"Male"
"6018403",371836,2025-08-20 12:30:47,33.6325340270996,-7.50172138214111,"Male"
"6018403",371836,2025-08-20 12:41:05,33.6324653625488,-7.50167417526245,"Male"
"6018403",371836,2025-08-20 12:51:05,33.6324729919434,-7.50175666809082,"Male"
"6018403",371836,2025-08-20 13:00:37,33.6326484680176,-7.50176763534546,"Male"
"6018403",371836,2025-08-20 13:10:41,33.6324882507324,-7.50161218643188,"Male"
"6018403",371836,2025-08-20 13:21:04,33.6325836181641,-7.50169944763184,"Male"
"6018403",371836,2025-08-20 13:30:48,33.6328125,-7.50195455551147,"Male"
"6018403",371836,2025-08-20 13:40:39,33.6328392028809,-7.50204181671143,"Male"
"6018403",371836,2025-08-20 13:50:46,33.632740020752,-7.50190687179565,"Male"
"6018403",371836,2025-08-20 14:01:35,33.6327018737793,-7.50186204910278,"Male"
"6018403",371836,2025-08-20 14:10:41,33.6328659057617,-7.5019998550415,"Male"
"6018403",371836,2025-08-20 14:20:39,33.6324653625488,-7.50180339813232,"Male"
"6018403",371836,2025-08-20 14:30:41,33.6324462890625,-7.50185585021973,"Male"
"6018403",371836,2025-08-20 14:40:38,33.648868560791,-7.5389232635498,"Male"
"6018403",371836,2025-08-20 14:50:38,33.6417655944824,-7.59821605682373,"Male"
"6018403",371836,2025-08-20 15:00:38,33.6398696899414,-7.59876298904419,"Male"
"6018403",371836,2025-08-20 15:10:40,33.6384315490723,-7.59958362579346,"Male"
"6018403",371836,2025-08-20 15:20:39,33.6181449890137,-7.59660387039185,"Male"
"6018403",371836,2025-08-20 15:30:40,33.6181030273438,-7.59661960601807,"Male"
"6018403",371836,2025-08-20 15:40:39,33.617748260498,-7.59714412689209,"Male"
"6018403",371836,2025-08-20 15:50:39,33.6177291870117,-7.597083568573,"Male"
"6018403",371836,2025-08-20 16:00:41,33.6178817749023,-7.59719753265381,"Male"
"6018403",371836,2025-08-20 16:10:38,33.654468536377,-7.57038068771362,"Male"
"6018403",371836,2025-08-20 16:20:39,33.6209449768066,-7.56983757019043,"Male"
"6018403",371836,2025-08-20 16:31:06,33.6088218688965,-7.56313276290894,"Male"
"6018403",371836,2025-08-20 16:40:50,33.598575592041,-7.53897380828857,"Male"
"6018403",371836,2025-08-20 16:50:39,33.5680046081543,-7.55368661880493,"Male"
"6018403",371836,2025-08-20 17:01:07,33.5462341308594,-7.54879236221313,"Male"
"6018403",371836,2025-08-20 17:10:43,33.5457992553711,-7.548828125,"Male"
"6018403",371836,2025-08-20 17:21:05,33.5462226867676,-7.54878664016724,"Male"
"6018403",371836,2025-08-20 17:30:39,33.5462265014648,-7.54881000518799,"Male"
"6018403",371836,2025-08-20 17:40:38,33.546199798584,-7.54879522323608,"Male"
"6018403",371836,2025-08-20 17:50:38,33.5462074279785,-7.5488486289978,"Male"
"6018403",371836,2025-08-20 18:00:39,33.5461692810059,-7.54876279830933,"Male"
"6018403",371836,2025-08-20 18:10:41,33.546215057373,-7.54880475997925,"Male"
"6018403",371836,2025-08-20 18:20:37,33.5434951782227,-7.55547618865967,"Male"
"6018403",371836,2025-08-20 18:30:41,33.4830551147461,-7.53969860076904,"Male"
"6018403",371836,2025-08-20 18:40:43,33.4829750061035,-7.53944683074951,"Male"
"6018403",371836,2025-08-20 18:50:37,33.4793968200684,-7.53969955444336,"Male"
"6018403",371836,2025-08-20 19:00:38,33.4884452819824,-7.54678821563721,"Male"
"6018403",371836,2025-08-20 19:10:50,33.484935760498,-7.53966856002808,"Male"
"6018403",371836,2025-08-20 19:20:49,33.4848861694336,-7.5396728515625,"Male"
"6018403",371836,2025-08-20 19:30:38,33.4929618835449,-7.54201078414917,"Male"
"6018403",371836,2025-08-20 19:40:39,33.5262222290039,-7.5641884803772,"Male"
"6018403",371836,2025-08-20 19:50:39,33.5626029968262,-7.59048271179199,"Male"
"6018403",371836,2025-08-20 20:00:49,33.6005554199219,-7.6067533493042,"Male"
"6018403",371836,2025-08-20 20:10:51,33.6005783081055,-7.60671186447144,"Male"
"6018403",371836,2025-08-20 20:21:05,33.6004524230957,-7.606773853302,"Male"
"6018403",371836,2025-08-20 20:30:42,33.5999984741211,-7.60717391967773,"Male"
"6018403",371836,2025-08-20 20:40:44,33.6003303527832,-7.60690069198608,"Male"
"6018403",371836,2025-08-20 20:50:50,33.6004371643066,-7.60680866241455,"Male"
"6018403",371836,2025-08-20 21:00:49,33.6002349853516,-7.60693311691284,"Male"
"6018403",371836,2025-08-20 21:10:49,33.6004447937012,-7.60678863525391,"Male"
"6018403",371836,2025-08-20 21:21:05,33.6005592346191,-7.6067705154419,"Male"
"6018403",371836,2025-08-20 21:30:38,33.6007080078125,-7.60669136047363,"Male"
"6018403",371836,2025-08-20 21:40:37,33.6005744934082,-7.60664224624634,"Male"
"6018403",371836,2025-08-20 21:50:42,33.6003875732422,-7.60677194595337,"Male"
"6018403",371836,2025-08-20 22:00:43,33.6003074645996,-7.60675859451294,"Male"
"6018403",371836,2025-08-20 22:10:40,33.6007347106934,-7.60667181015015,"Male"
"6018403",371836,2025-08-20 22:21:08,33.6005516052246,-7.60667514801025,"Male"
"6018403",371836,2025-08-20 22:30:41,33.6005020141602,-7.60667324066162,"Male"
"6018403",371836,2025-08-20 22:40:38,33.6005935668945,-7.60683250427246,"Male"
"6018403",371836,2025-08-20 22:50:37,33.6004524230957,-7.60660219192505,"Male"
"6018403",371836,2025-08-20 23:00:37,33.6004791259766,-7.6067066192627,"Male"
"6018403",371836,2025-08-20 23:10:48,33.6006164550781,-7.60673141479492,"Male"
"6018403",371836,2025-08-20 23:21:02,33.6005706787109,-7.60671377182007,"Male"
"6018403",371836,2025-08-20 23:30:38,33.6005020141602,-7.60673236846924,"Male"
"6018403",371836,2025-08-20 23:40:38,33.6005973815918,-7.60667276382446,"Male"
"6018403",371836,2025-08-20 23:50:37,33.6005935668945,-7.60666799545288,"Male"
"6018403",371836,2025-08-21 00:00:39,33.6004905700684,-7.60669565200806,"Male"
"6018403",371836,2025-08-21 00:10:41,33.6005439758301,-7.60670280456543,"Male"
"6018403",371836,2025-08-21 00:20:40,33.6005210876465,-7.60664129257202,"Male"
"6018403",371836,2025-08-21 00:30:37,33.6005554199219,-7.60669612884521,"Male"
"6018403",371836,2025-08-21 00:40:37,33.6005706787109,-7.60672473907471,"Male"
"6018403",371836,2025-08-21 00:50:39,33.6006278991699,-7.60661029815674,"Male"
"6018403",371836,2025-08-21 01:00:38,33.6006927490234,-7.60662221908569,"Male"
"6018403",371836,2025-08-21 01:10:40,33.600658416748,-7.60661554336548,"Male"
"6018403",371836,2025-08-21 01:20:40,33.6007804870605,-7.60658121109009,"Male"
"6018403",371836,2025-08-21 01:30:41,33.6006774902344,-7.60662460327148,"Male"
"6018403",371836,2025-08-21 01:40:43,33.6006698608398,-7.6066517829895,"Male"
"6018403",371836,2025-08-21 01:51:05,33.6005516052246,-7.60662889480591,"Male"
"6018403",371836,2025-08-21 02:00:40,33.5997619628906,-7.60573863983154,"Male"
"6018403",371836,2025-08-21 02:10:39,33.599910736084,-7.60573053359985,"Male"
"6018403",371836,2025-08-21 02:20:41,33.6001052856445,-7.60546779632568,"Male"
"6018403",371836,2025-08-21 02:30:41,33.6002197265625,-7.60583782196045,"Male"
"6018403",371836,2025-08-21 02:40:55,33.6009101867676,-7.60733413696289,"Male"
"6018403",371836,2025-08-21 02:51:14,33.6010360717773,-7.60673570632935,"Male"
"6018403",371836,2025-08-21 03:00:42,33.6008071899414,-7.60638570785522,"Male"
"6018403",371836,2025-08-21 03:10:44,33.6008911132812,-7.60592174530029,"Male"
"6018403",371836,2025-08-21 03:21:05,33.6006813049316,-7.60662698745728,"Male"
"6018403",371836,2025-08-21 03:30:37,33.6005973815918,-7.60662984848022,"Male"
"6018403",371836,2025-08-21 03:40:37,33.6005325317383,-7.60663223266602,"Male"
"6018403",371836,2025-08-21 03:50:39,33.6005821228027,-7.60660028457642,"Male"
"6018403",371836,2025-08-21 04:00:54,33.6006927490234,-7.60671710968018,"Male"
"6018403",371836,2025-08-21 04:11:05,33.6006469726562,-7.60680437088013,"Male"
"6018403",371836,2025-08-21 04:20:37,33.6005439758301,-7.60677337646484,"Male"
"6018403",371836,2025-08-21 04:30:37,33.6004981994629,-7.60664081573486,"Male"
"6018403",371836,2025-08-21 04:40:40,33.600513458252,-7.60676956176758,"Male"
"6018403",371836,2025-08-21 04:50:39,33.6002769470215,-7.60636329650879,"Male"
"6018403",371836,2025-08-21 05:00:39,33.6002235412598,-7.60633039474487,"Male"
"6018403",371836,2025-08-21 05:10:49,33.6005554199219,-7.6068058013916,"Male"
"6018403",371836,2025-08-21 05:20:40,33.6007614135742,-7.60685873031616,"Male"
"6018403",371836,2025-08-21 05:30:39,33.6004028320312,-7.60686922073364,"Male"
"6018403",371836,2025-08-21 05:40:40,33.6004409790039,-7.60700559616089,"Male"
"6018403",371836,2025-08-21 05:50:43,33.600471496582,-7.60711574554443,"Male"
"6018403",371836,2025-08-21 06:00:39,33.5999031066895,-7.60639190673828,"Male"
"6018403",371836,2025-08-21 06:10:42,33.5999488830566,-7.60655117034912,"Male"
"6018403",371836,2025-08-21 06:21:05,33.5999069213867,-7.60628366470337,"Male"
"6018403",371836,2025-08-21 06:30:38,33.5999183654785,-7.60644102096558,"Male"
"6018403",371836,2025-08-21 06:40:39,33.5999145507812,-7.60635662078857,"Male"
"6018403",371836,2025-08-21 06:50:42,33.5998458862305,-7.60644483566284,"Male"
"6018403",371836,2025-08-21 07:00:48,33.5830497741699,-7.59856414794922,"Male"
"6018403",371836,2025-08-21 07:11:05,33.5830459594727,-7.59848594665527,"Male"
"6018403",371836,2025-08-21 07:20:38,33.5829772949219,-7.59869861602783,"Male"
"6018403",371836,2025-08-21 07:30:38,33.582878112793,-7.59845066070557,"Male"
"6018403",371836,2025-08-21 07:40:38,33.5830268859863,-7.59849262237549,"Male"
"6018403",371836,2025-08-21 07:51:05,33.5831604003906,-7.59874105453491,"Male"
"6018403",371836,2025-08-21 08:00:46,33.5830612182617,-7.59856128692627,"Male"
"6018403",371836,2025-08-21 08:10:40,33.5830154418945,-7.5985517501831,"Male"
"6018403",371836,2025-08-21 08:20:53,33.5830039978027,-7.5985050201416,"Male"
"6018403",371836,2025-08-21 08:30:42,33.583080291748,-7.5985164642334,"Male"
"6018403",371836,2025-08-21 08:41:05,33.5830192565918,-7.59850549697876,"Male"
"6018403",371836,2025-08-21 08:50:38,33.5831069946289,-7.59850835800171,"Male"
"6018403",371836,2025-08-21 09:00:43,33.5828475952148,-7.59852743148804,"Male"
"6018403",371836,2025-08-21 09:10:38,33.5829620361328,-7.59851503372192,"Male"
"6018403",371836,2025-08-21 09:20:37,33.582878112793,-7.59852981567383,"Male"
"6018403",371836,2025-08-21 09:30:38,33.5829582214355,-7.59847450256348,"Male"
"6018403",371836,2025-08-21 09:40:37,33.5829849243164,-7.59842300415039,"Male"
"6018403",371836,2025-08-21 09:50:38,33.5829162597656,-7.59842777252197,"Male"
"6018403",371836,2025-08-21 10:00:42,33.5829048156738,-7.59852409362793,"Male"
"6018403",371836,2025-08-21 10:10:41,33.582836151123,-7.59859561920166,"Male"
"6018403",371836,2025-08-21 10:20:43,33.5829315185547,-7.59836339950562,"Male"
"6018403",371836,2025-08-21 10:30:40,33.5908889770508,-7.6005711555481,"Male"
"6018403",371836,2025-08-21 10:40:42,33.6275863647461,-7.6043119430542,"Male"
"6018403",371836,2025-08-21 10:50:48,33.6588516235352,-7.59787559509277,"Male"
"6018403",371836,2025-08-21 11:01:05,33.7079429626465,-7.59236764907837,"Male"
"6018403",371836,2025-08-21 11:10:40,33.7300148010254,-7.55165863037109,"Male"
"6018403",371836,2025-08-21 11:20:37,33.7292404174805,-7.55840826034546,"Male"
"6018403",371836,2025-08-21 11:30:38,33.7243232727051,-7.53757572174072,"Male"
"6018403",371836,2025-08-21 11:40:37,33.7235336303711,-7.53183031082153,"Male"
"6018403",371836,2025-08-21 11:50:37,33.7258491516113,-7.52169370651245,"Male"
"6018403",371836,2025-08-21 12:00:49,33.7278442382812,-7.51477384567261,"Male"
"6018403",371836,2025-08-21 12:10:38,33.7308883666992,-7.50546169281006,"Male"
"6018403",371836,2025-08-21 12:20:44,33.7169456481934,-7.4995527267456,"Male"
"6018403",371836,2025-08-21 12:31:05,33.6350631713867,-7.50365829467773,"Male"
"6018403",371836,2025-08-21 12:40:38,33.6324882507324,-7.50133800506592,"Male"
"6018403",371836,2025-08-21 12:50:38,33.6327247619629,-7.50124216079712,"Male"
"6018403",371836,2025-08-21 13:00:40,33.6327476501465,-7.50123500823975,"Male"
"6018403",371836,2025-08-21 13:10:40,33.6327056884766,-7.50121736526489,"Male"
"6018403",371836,2025-08-21 13:20:40,33.632698059082,-7.50129461288452,"Male"
"6018403",371836,2025-08-21 13:30:38,33.6328086853027,-7.50125789642334,"Male"
"6018403",371836,2025-08-21 13:40:39,33.6327896118164,-7.50130128860474,"Male"
"6018403",371836,2025-08-21 13:50:41,33.6327171325684,-7.50130462646484,"Male"
"6018403",371836,2025-08-21 14:00:43,33.6328163146973,-7.50129127502441,"Male"
"6018403",371836,2025-08-21 14:10:40,33.6327667236328,-7.50140190124512,"Male"
"6018403",371836,2025-08-21 14:20:38,33.603385925293,-7.51823854446411,"Male"
"6018403",371836,2025-08-21 14:31:05,33.5325698852539,-7.53444576263428,"Male"
"6018403",371836,2025-08-21 14:40:37,33.4818267822266,-7.54262495040894,"Male"
"6018403",371836,2025-08-21 14:50:37,33.4800453186035,-7.54093408584595,"Male"
"6018403",371836,2025-08-21 15:00:45,33.4806251525879,-7.54089212417603,"Male"
"6018403",371836,2025-08-21 15:10:38,33.4810447692871,-7.54126644134521,"Male"
"6018403",371836,2025-08-21 15:20:38,33.4884262084961,-7.54236078262329,"Male"
"6018403",371836,2025-08-21 15:30:46,33.4843788146973,-7.53827571868896,"Male"
"6018403",371836,2025-08-21 15:40:41,33.4839324951172,-7.53749465942383,"Male"
"6018403",371836,2025-08-21 15:50:48,33.4838523864746,-7.5372519493103,"Male"
"6018403",371836,2025-08-21 16:01:14,33.4837951660156,-7.53746223449707,"Male"
"6018403",371836,2025-08-21 16:10:41,33.4835777282715,-7.53818798065185,"Male"
"6018403",371836,2025-08-21 16:20:43,33.4835739135742,-7.53794717788696,"Male"
"6018403",371836,2025-08-21 16:31:05,33.483512878418,-7.53820419311523,"Male"
"6018403",371836,2025-08-21 16:40:42,33.4835968017578,-7.53810262680054,"Male"
"6018403",371836,2025-08-21 16:50:43,33.483585357666,-7.53816223144531,"Male"
"6018403",371836,2025-08-21 17:00:43,33.4835472106934,-7.5381965637207,"Male"
"6018403",371836,2025-08-21 17:10:47,33.4829444885254,-7.53884696960449,"Male"
"6018403",371836,2025-08-21 17:20:45,33.4829025268555,-7.53896331787109,"Male"
"6018403",371836,2025-08-21 17:30:43,33.4828262329102,-7.53898668289185,"Male"
"6018403",371836,2025-08-21 17:40:50,33.4828033447266,-7.53904819488525,"Male"
"6018403",371836,2025-08-21 17:50:39,33.4828720092773,-7.53899574279785,"Male"
"6018403",371836,2025-08-21 18:01:04,33.4828453063965,-7.5389609336853,"Male"
"6018403",371836,2025-08-21 18:10:40,33.4832916259766,-7.53836679458618,"Male"
"6018403",371836,2025-08-21 18:20:48,33.4813079833984,-7.53915071487427,"Male"
"6018403",371836,2025-08-21 18:30:42,33.4818954467773,-7.53870391845703,"Male"
"6018403",371836,2025-08-21 18:40:42,33.4806938171387,-7.54091262817383,"Male"
"6018403",371836,2025-08-21 18:50:38,33.4788360595703,-7.53856468200684,"Male"
"6018403",371836,2025-08-21 19:00:39,33.4860343933105,-7.54586744308472,"Male"
"6018403",371836,2025-08-21 19:10:38,33.4836082458496,-7.53852605819702,"Male"
"6018403",371836,2025-08-21 19:20:37,33.4839057922363,-7.53813409805298,"Male"
"6018403",371836,2025-08-21 19:31:03,33.5058212280273,-7.54915046691895,"Male"
"6018403",371836,2025-08-21 19:40:38,33.5365943908691,-7.57774686813354,"Male"
"6018403",371836,2025-08-21 19:51:13,33.569019317627,-7.60672473907471,"Male"
"6018403",371836,2025-08-21 20:00:48,33.6005401611328,-7.60670471191406,"Male"
"6018403",371836,2025-08-21 20:10:48,33.6006851196289,-7.60660696029663,"Male"
"6018403",371836,2025-08-21 20:20:42,33.6007232666016,-7.60661935806274,"Male"
"6018403",371836,2025-08-21 20:30:48,33.6008720397949,-7.60663175582886,"Male"
"6018403",371836,2025-08-21 20:40:38,33.6007881164551,-7.60668802261353,"Male"
"6018403",371836,2025-08-21 20:51:05,33.6006698608398,-7.6066255569458,"Male"
"6018403",371836,2025-08-21 21:00:39,33.6007652282715,-7.60666704177856,"Male"
"6018403",371836,2025-08-21 21:10:38,33.6006851196289,-7.60665702819824,"Male"
"6018403",371836,2025-08-21 21:21:05,33.6005821228027,-7.60654258728027,"Male"
"6018403",371836,2025-08-21 21:30:38,33.6006660461426,-7.60650730133057,"Male"
"6018403",371836,2025-08-21 21:40:46,33.6005210876465,-7.60666131973267,"Male"
"6018403",371836,2025-08-21 21:50:48,33.6004753112793,-7.60662364959717,"Male"
"6018403",371836,2025-08-21 22:00:41,33.6003456115723,-7.60668992996216,"Male"
"6018403",371836,2025-08-21 22:11:05,33.6004867553711,-7.60663938522339,"Male"
"6018403",371836,2025-08-21 22:20:42,33.6004219055176,-7.60645198822021,"Male"
"6018403",371836,2025-08-21 22:30:40,33.6005630493164,-7.60657167434692,"Male"
"6018403",371836,2025-08-21 22:40:45,33.6004219055176,-7.60659170150757,"Male"
"6018403",371836,2025-08-21 22:50:43,33.6006622314453,-7.60658168792725,"Male"
"6018403",371836,2025-08-21 23:00:40,33.6005630493164,-7.60665416717529,"Male"
"6018403",371836,2025-08-21 23:11:14,33.6005630493164,-7.60661554336548,"Male"
"6018403",371836,2025-08-21 23:20:41,33.6003189086914,-7.60633277893066,"Male"
"6018403",371836,2025-08-21 23:30:38,33.6007499694824,-7.60683345794678,"Male"
"6018403",371836,2025-08-21 23:40:39,33.6008567810059,-7.60671615600586,"Male"
"6018403",371836,2025-08-21 23:51:05,33.6004905700684,-7.60665702819824,"Male"
"6018403",371836,2025-08-22 00:00:39,33.6005439758301,-7.60668897628784,"Male"
"6018403",371836,2025-08-22 00:10:39,33.6005325317383,-7.60664558410645,"Male"
"6018403",371836,2025-08-22 00:20:43,33.6005706787109,-7.60663986206055,"Male"
"6018403",371836,2025-08-22 00:30:39,33.6006507873535,-7.60659694671631,"Male"
"6018403",371836,2025-08-22 00:40:38,33.6008262634277,-7.6062798500061,"Male"
"6018403",371836,2025-08-22 00:50:40,33.600715637207,-7.60638856887817,"Male"
"6018403",371836,2025-08-22 01:01:15,33.6006126403809,-7.60656642913818,"Male"
"6018403",371836,2025-08-22 01:10:39,33.6006050109863,-7.6066198348999,"Male"
"6018403",371836,2025-08-22 01:20:37,33.600528717041,-7.60655307769775,"Male"
"6018403",371836,2025-08-22 01:30:38,33.6003837585449,-7.60635089874268,"Male"
"6018403",371836,2025-08-22 01:40:41,33.6005973815918,-7.60652542114258,"Male"
"6018403",371836,2025-08-22 01:50:45,33.6000785827637,-7.60668802261353,"Male"
"6018403",371836,2025-08-22 02:01:05,33.5999794006348,-7.6065239906311,"Male"
"6018403",371836,2025-08-22 02:10:38,33.6001739501953,-7.6066427230835,"Male"
"6018403",371836,2025-08-22 02:20:39,33.6000747680664,-7.60646915435791,"Male"
"6018403",371836,2025-08-22 02:30:47,33.6001281738281,-7.60646486282349,"Male"
"6018403",371836,2025-08-22 02:40:41,33.6001167297363,-7.60655212402344,"Male"
"6018403",371836,2025-08-22 02:50:46,33.6000709533691,-7.60636281967163,"Male"
"6018403",371836,2025-08-22 03:01:35,33.6001777648926,-7.60655069351196,"Male"
"6018403",371836,2025-08-22 03:10:38,33.6002044677734,-7.60666561126709,"Male"
"6018403",371836,2025-08-22 03:20:40,33.6005058288574,-7.60704040527344,"Male"
"6018403",371836,2025-08-22 03:31:05,33.5996894836426,-7.60641241073608,"Male"
"6018403",371836,2025-08-22 03:40:38,33.5997505187988,-7.60638236999512,"Male"
"6018403",371836,2025-08-22 03:50:38,33.5995445251465,-7.60651254653931,"Male"
"6018403",371836,2025-08-22 04:00:37,33.5992736816406,-7.60620975494385,"Male"
"6018403",371836,2025-08-22 04:10:38,33.599422454834,-7.60628700256348,"Male"
"6018403",371836,2025-08-22 04:20:40,33.5995597839355,-7.60632658004761,"Male"
"6018403",371836,2025-08-22 04:30:37,33.5994110107422,-7.60618925094604,"Male"
"6018403",371836,2025-08-22 04:40:39,33.5995903015137,-7.60617780685425,"Male"
"6018403",371836,2025-08-22 04:50:38,33.5992965698242,-7.60614681243896,"Male"
"6018403",371836,2025-08-22 05:00:39,33.5992813110352,-7.60604572296143,"Male"
"6018403",371836,2025-08-22 05:10:40,33.6000099182129,-7.606764793396,"Male"
"6018403",371836,2025-08-22 05:20:40,33.5996322631836,-7.60634613037109,"Male"
"6018403",371836,2025-08-22 05:30:43,33.5995216369629,-7.60625648498535,"Male"
"6018403",371836,2025-08-22 05:40:42,33.5997314453125,-7.60627698898315,"Male"
"6018403",371836,2025-08-22 05:50:43,33.5995101928711,-7.60639381408691,"Male"
"6018403",371836,2025-08-22 06:00:40,33.5996131896973,-7.60651254653931,"Male"
"6018403",371836,2025-08-22 06:10:40,33.5995826721191,-7.60652923583984,"Male"
"6018403",371836,2025-08-22 06:20:42,33.5995597839355,-7.60629987716675,"Male"
"6018403",371836,2025-08-22 06:30:52,33.5948181152344,-7.60370922088623,"Male"
"6018403",371836,2025-08-22 06:41:02,33.5842666625977,-7.6044020652771,"Male"
"6018403",371836,2025-08-22 06:50:42,33.5844078063965,-7.6038932800293,"Male"
"6018403",371836,2025-08-22 07:00:46,33.5842552185059,-7.60443210601807,"Male"
"6018403",371836,2025-08-22 07:10:41,33.5842628479004,-7.60445499420166,"Male"
"6018403",371836,2025-08-22 07:20:42,33.5843200683594,-7.60452556610107,"Male"
"6018403",371836,2025-08-22 07:30:42,33.5842552185059,-7.60424709320068,"Male"
"6018403",371836,2025-08-22 07:40:39,33.584602355957,-7.60437202453613,"Male"
"6018403",371836,2025-08-22 07:50:41,33.584644317627,-7.60465812683105,"Male"
"6018403",371836,2025-08-22 08:01:11,33.5843811035156,-7.60427904129028,"Male"
"6018403",371836,2025-08-22 08:10:45,33.5845489501953,-7.60427951812744,"Male"
"6018403",371836,2025-08-22 08:21:05,33.5843811035156,-7.60425901412964,"Male"
"6018403",371836,2025-08-22 08:30:41,33.5840759277344,-7.60417413711548,"Male"
"6018403",371836,2025-08-22 08:40:38,33.5846214294434,-7.60424613952637,"Male"
"6018403",371836,2025-08-22 08:50:40,33.5845832824707,-7.60426139831543,"Male"
"6018403",371836,2025-08-22 09:00:39,33.5849418640137,-7.6041464805603,"Male"
"6018403",371836,2025-08-22 09:10:41,33.5840225219727,-7.60432529449463,"Male"
"6018403",371836,2025-08-22 09:20:40,33.5848197937012,-7.60403966903687,"Male"
"6018403",371836,2025-08-22 09:30:41,33.5835304260254,-7.60457468032837,"Male"
"6018403",371836,2025-08-22 09:40:38,33.5847015380859,-7.60409164428711,"Male"
"6018403",371836,2025-08-22 09:51:04,33.5844383239746,-7.60426425933838,"Male"
"6018403",371836,2025-08-22 10:00:40,33.5845413208008,-7.60422325134277,"Male"
"6018403",371836,2025-08-22 10:10:37,33.5843811035156,-7.6037220954895,"Male"
"6018403",371836,2025-08-22 10:20:37,33.5844383239746,-7.60408878326416,"Male"
"6018403",371836,2025-08-22 10:30:38,33.584529876709,-7.60422086715698,"Male"
"6018403",371836,2025-08-22 10:41:14,33.5843505859375,-7.60402679443359,"Male"
"6018403",371836,2025-08-22 10:50:48,33.5845222473145,-7.60443067550659,"Male"
"6018403",371836,2025-08-22 11:00:47,33.5856513977051,-7.60637283325195,"Male"
"6018403",371836,2025-08-22 11:10:48,33.5545616149902,-7.56418228149414,"Male"
"6018403",371836,2025-08-22 11:21:01,33.5166625976562,-7.55442571640015,"Male"
"6018403",371836,2025-08-22 11:30:42,33.4868431091309,-7.54788780212402,"Male"
"6018403",371836,2025-08-22 11:40:40,33.4870452880859,-7.54791069030762,"Male"
"6018403",371836,2025-08-22 11:50:39,33.4867973327637,-7.54786396026611,"Male"
"6018403",371836,2025-08-22 12:01:05,33.4869003295898,-7.54795694351196,"Male"
"6018403",371836,2025-08-22 12:10:41,33.4869194030762,-7.54788255691528,"Male"
"6018403",371836,2025-08-22 12:20:45,33.4809036254883,-7.54151439666748,"Male"
"6018403",371836,2025-08-22 12:30:59,33.4801406860352,-7.54153442382812,"Male"
"6018403",371836,2025-08-22 12:40:48,33.4808044433594,-7.54124355316162,"Male"
"6018403",371836,2025-08-22 12:51:05,33.4811668395996,-7.54139041900635,"Male"
"6018403",371836,2025-08-22 13:00:42,33.4810943603516,-7.54150915145874,"Male"
"6018403",371836,2025-08-22 13:10:48,33.4810791015625,-7.54150104522705,"Male"
"6018403",371836,2025-08-22 13:20:41,33.4811820983887,-7.5414605140686,"Male"
"6018403",371836,2025-08-22 13:30:41,33.481143951416,-7.54144906997681,"Male"
"6018403",371836,2025-08-22 13:40:46,33.4812469482422,-7.54166030883789,"Male"
"6018403",371836,2025-08-22 13:50:42,33.4809799194336,-7.54148721694946,"Male"
"6018403",371836,2025-08-22 14:01:05,33.4809074401855,-7.54145526885986,"Male"
"6018403",371836,2025-08-22 14:10:39,33.4809494018555,-7.54138135910034,"Male"
"6018403",371836,2025-08-22 14:20:38,33.4809265136719,-7.54141855239868,"Male"
"6018403",371836,2025-08-22 14:30:39,33.4825134277344,-7.53997707366943,"Male"
"6018403",371836,2025-08-22 14:40:42,33.4827499389648,-7.53993892669678,"Male"
"6018403",371836,2025-08-22 14:50:39,33.4828948974609,-7.53982877731323,"Male"
"6018403",371836,2025-08-22 15:00:38,33.4846839904785,-7.53992319107056,"Male"
"6018403",371836,2025-08-22 15:10:50,33.4847717285156,-7.53800821304321,"Male"
"6018403",371836,2025-08-22 15:20:39,33.484691619873,-7.53966283798218,"Male"
"6018403",371836,2025-08-22 15:30:43,33.4846649169922,-7.53959608078003,"Male"
"6018403",371836,2025-08-22 15:40:43,33.484676361084,-7.5395336151123,"Male"
"6018403",371836,2025-08-22 15:50:45,33.4848098754883,-7.53932189941406,"Male"
"6018403",371836,2025-08-22 16:01:05,33.4846839904785,-7.53951025009155,"Male"
"6018403",371836,2025-08-22 16:10:43,33.4846038818359,-7.53947591781616,"Male"
"6018403",371836,2025-08-22 16:20:42,33.4814453125,-7.53923892974854,"Male"
"6018403",371836,2025-08-22 16:30:43,33.4815673828125,-7.53913116455078,"Male"
"6018403",371836,2025-08-22 16:41:05,33.4816398620605,-7.53927564620972,"Male"
"6018403",371836,2025-08-22 16:50:41,33.4817047119141,-7.53934955596924,"Male"
"6018403",371836,2025-08-22 17:00:41,33.4815673828125,-7.53924417495728,"Male"
"6018403",371836,2025-08-22 17:10:42,33.4818229675293,-7.539231300354,"Male"
"6018403",371836,2025-08-22 17:20:41,33.4821891784668,-7.5393648147583,"Male"
"6018403",371836,2025-08-22 17:30:41,33.4822273254395,-7.53939199447632,"Male"
"6018403",371836,2025-08-22 17:40:43,33.4808120727539,-7.53866147994995,"Male"
"6018403",371836,2025-08-22 17:50:40,33.4801330566406,-7.54058170318604,"Male"
"6018403",371836,2025-08-22 18:00:48,33.4821434020996,-7.53932046890259,"Male"
"6018403",371836,2025-08-22 18:10:50,33.4821815490723,-7.53924751281738,"Male"
"6018403",371836,2025-08-22 18:21:05,33.4821624755859,-7.53926467895508,"Male"
"6018403",371836,2025-08-22 18:30:41,33.4822273254395,-7.53921127319336,"Male"
"6018403",371836,2025-08-22 18:40:40,33.4795989990234,-7.54032707214355,"Male"
"6018403",371836,2025-08-22 18:50:39,33.4792900085449,-7.54089641571045,"Male"
"6018403",371836,2025-08-22 19:00:39,33.4917984008789,-7.54766845703125,"Male"
"6018403",371836,2025-08-22 19:10:40,33.5152626037598,-7.55967903137207,"Male"
"6018403",371836,2025-08-22 19:20:45,33.5529022216797,-7.57352447509766,"Male"
"6018403",371836,2025-08-22 19:30:41,33.5915260314941,-7.59616756439209,"Male"
"6018403",371836,2025-08-22 19:41:14,33.5995330810547,-7.60624504089355,"Male"
"6018403",371836,2025-08-22 19:50:45,33.5996704101562,-7.60621643066406,"Male"
"6018403",371836,2025-08-22 20:00:40,33.5999565124512,-7.60638093948364,"Male"
"6018403",371836,2025-08-22 20:10:40,33.5998420715332,-7.60633134841919,"Male"
"6018403",371836,2025-08-22 20:21:05,33.5997161865234,-7.60624504089355,"Male"
"6018403",371836,2025-08-22 20:30:39,33.5997123718262,-7.60620498657227,"Male"
"6018403",371836,2025-08-22 20:40:42,33.5997619628906,-7.60607385635376,"Male"
"6018403",371836,2025-08-22 20:50:39,33.5998077392578,-7.60600471496582,"Male"
"6018403",371836,2025-08-22 21:00:39,33.5996170043945,-7.60629320144653,"Male"
"6018403",371836,2025-08-22 21:10:42,33.5996513366699,-7.60622310638428,"Male"
"6018403",371836,2025-08-22 21:20:41,33.599723815918,-7.60624599456787,"Male"
"6018403",371836,2025-08-22 21:30:40,33.5998497009277,-7.60635757446289,"Male"
"6018403",371836,2025-08-22 21:40:42,33.5999565124512,-7.60638284683228,"Male"
"6018403",371836,2025-08-22 21:50:42,33.5999412536621,-7.60638332366943,"Male"
"6018403",371836,2025-08-22 22:00:45,33.6000328063965,-7.60632085800171,"Male"
"6018403",371836,2025-08-22 22:11:05,33.6000671386719,-7.60628986358643,"Male"
"6018403",371836,2025-08-22 22:20:42,33.5998992919922,-7.60617351531982,"Male"
"6018403",371836,2025-08-22 22:30:41,33.5999221801758,-7.60628175735474,"Male"
"6018403",371836,2025-08-22 22:40:42,33.6001243591309,-7.60633230209351,"Male"
"6018403",371836,2025-08-22 22:50:42,33.5999870300293,-7.60618305206299,"Male"
"6018403",371836,2025-08-22 23:01:14,33.6000366210938,-7.60629367828369,"Male"
"6018403",371836,2025-08-22 23:10:43,33.6000595092773,-7.60631275177002,"Male"
"6018403",371836,2025-08-22 23:20:48,33.5999145507812,-7.60622978210449,"Male"
"6018403",371836,2025-08-22 23:30:46,33.6009140014648,-7.60691595077515,"Male"
"6018403",371836,2025-08-22 23:40:46,33.6000328063965,-7.6063437461853,"Male"
"6018403",371836,2025-08-22 23:51:14,33.6000518798828,-7.6062273979187,"Male"
"6018403",371836,2025-08-23 00:00:40,33.5998725891113,-7.60632467269897,"Male"
"6018403",371836,2025-08-23 00:10:50,33.6001815795898,-7.60655784606934,"Male"
"6018403",371836,2025-08-23 00:20:42,33.6001586914062,-7.60621070861816,"Male"
"6018403",371836,2025-08-23 00:30:45,33.6001663208008,-7.60628128051758,"Male"
"6018403",371836,2025-08-23 00:41:04,33.6001052856445,-7.60633182525635,"Male"
"6018403",371836,2025-08-23 00:50:39,33.6000061035156,-7.60635709762573,"Male"
"6018403",371836,2025-08-23 01:00:42,33.6000518798828,-7.60611629486084,"Male"
"6018403",371836,2025-08-23 01:10:40,33.5999755859375,-7.60641670227051,"Male"
"6018403",371836,2025-08-23 01:20:42,33.6000747680664,-7.60626792907715,"Male"
"6018403",371836,2025-08-23 01:30:45,33.5998420715332,-7.60646629333496,"Male"
"6018403",371836,2025-08-23 01:40:41,33.600154876709,-7.60623979568481,"Male"
"6018403",371836,2025-08-23 01:50:41,33.6001472473145,-7.60647630691528,"Male"
"6018403",371836,2025-08-23 02:00:41,33.6004600524902,-7.60689353942871,"Male"
"6018403",371836,2025-08-23 02:10:41,33.6001319885254,-7.60633993148804,"Male"
"6018403",371836,2025-08-23 02:20:47,33.6000823974609,-7.60629940032959,"Male"
"6018403",371836,2025-08-23 02:30:43,33.6000480651855,-7.60623741149902,"Male"
"6018403",371836,2025-08-23 02:40:43,33.6001396179199,-7.60641050338745,"Male"
"6018403",371836,2025-08-23 02:51:05,33.60009765625,-7.60626649856567,"Male"
"6018403",371836,2025-08-23 03:00:40,33.6002388000488,-7.60676622390747,"Male"
"6018403",371836,2025-08-23 03:10:40,33.6005096435547,-7.60762310028076,"Male"
"6018403",371836,2025-08-23 03:20:49,33.6001243591309,-7.6062388420105,"Male"
"6018403",371836,2025-08-23 03:30:48,33.6001815795898,-7.6062822341919,"Male"
"6018403",371836,2025-08-23 03:40:48,33.6002426147461,-7.60621166229248,"Male"
"6018403",371836,2025-08-23 03:50:48,33.6000442504883,-7.60623359680176,"Male"
"6018403",371836,2025-08-23 04:00:55,33.6000480651855,-7.60640001296997,"Male"
"6018403",371836,2025-08-23 04:11:08,33.5998687744141,-7.60670232772827,"Male"
"6018403",371836,2025-08-23 04:21:05,33.5998497009277,-7.60668802261353,"Male"
"6018403",371836,2025-08-23 04:30:40,33.5999870300293,-7.60676908493042,"Male"
"6018403",371836,2025-08-23 04:40:40,33.5999450683594,-7.6066255569458,"Male"
"6018403",371836,2025-08-23 04:50:41,33.6000595092773,-7.60696125030518,"Male"
"6018403",371836,2025-08-23 05:00:43,33.5997161865234,-7.60671663284302,"Male"
"6018403",371836,2025-08-23 05:10:43,33.5998001098633,-7.60663986206055,"Male"
"6018403",371836,2025-08-23 05:21:14,33.5999031066895,-7.60669660568237,"Male"
"6018403",371836,2025-08-23 05:30:46,33.5996704101562,-7.6068525314331,"Male"
"6018403",371836,2025-08-23 05:40:47,33.5997467041016,-7.60681819915771,"Male"
"6018403",371836,2025-08-23 05:51:05,33.5999488830566,-7.60654735565185,"Male"
"6018403",371836,2025-08-23 06:00:43,33.5998916625977,-7.60653352737427,"Male"
"6018403",371836,2025-08-23 06:10:42,33.581413269043,-7.59761190414429,"Male"
"6018403",371836,2025-08-23 06:31:05,33.5749549865723,-7.62217044830322,"Male"
"6018403",371836,2025-08-23 06:40:40,33.5750961303711,-7.62186765670776,"Male"
"6018403",371836,2025-08-23 06:50:39,33.5765342712402,-7.62964630126953,"Male"
"6018403",371836,2025-08-23 07:00:45,33.5803070068359,-7.6462230682373,"Male"
"6018403",371836,2025-08-23 07:10:41,33.5801582336426,-7.64615869522095,"Male"
"6018403",371836,2025-08-23 07:20:39,33.5806999206543,-7.69189548492432,"Male"
"6018403",371836,2025-08-23 07:30:39,33.577522277832,-7.69899463653565,"Male"
"6018403",371836,2025-08-23 07:40:43,33.5615196228027,-7.69033527374268,"Male"
"6018403",371836,2025-08-23 07:50:42,33.5616569519043,-7.69050168991089,"Male"
"6018403",371836,2025-08-23 08:01:05,33.5616188049316,-7.6903772354126,"Male"
"6018403",371836,2025-08-23 08:10:41,33.5615348815918,-7.69040393829346,"Male"
"6018403",371836,2025-08-23 08:20:47,33.5614814758301,-7.69041156768799,"Male"
"6018403",371836,2025-08-23 08:30:48,33.5616035461426,-7.69040203094482,"Male"
"6018403",371836,2025-08-23 08:40:48,33.5617370605469,-7.69029521942139,"Male"
"6018403",371836,2025-08-23 08:50:49,33.5612640380859,-7.69050693511963,"Male"
"6018403",371836,2025-08-23 09:00:43,33.5520286560059,-7.66949892044067,"Male"
"6018403",371836,2025-08-23 09:10:47,33.5402755737305,-7.62423372268677,"Male"
"6018403",371836,2025-08-23 09:21:03,33.5284461975098,-7.58233165740967,"Male"
"6018403",371836,2025-08-23 09:30:40,33.496883392334,-7.54736280441284,"Male"
"6018403",371836,2025-08-23 09:40:48,33.4808006286621,-7.53630447387695,"Male"
"6018403",371836,2025-08-23 09:50:42,33.4820861816406,-7.53674602508545,"Male"
"6018403",371836,2025-08-23 10:01:17,33.4806747436523,-7.53867053985596,"Male"
"6018403",371836,2025-08-23 10:11:05,33.4806060791016,-7.53861141204834,"Male"
"6018403",371836,2025-08-23 10:20:40,33.4798736572266,-7.54090642929077,"Male"
"6018403",371836,2025-08-23 10:30:43,33.4807548522949,-7.53857803344727,"Male"
"6018403",371836,2025-08-23 10:40:41,33.4800605773926,-7.54112434387207,"Male"
"6018403",371836,2025-08-23 10:51:35,33.4873313903809,-7.54732942581177,"Male"
"6018403",371836,2025-08-23 11:00:42,33.4809913635254,-7.54146814346313,"Male"
"6018403",371836,2025-08-23 11:10:39,33.4805564880371,-7.54141473770142,"Male"
"6018403",371836,2025-08-23 11:20:40,33.4806747436523,-7.54138374328613,"Male"
"6018403",371836,2025-08-23 11:30:48,33.4808158874512,-7.54139614105225,"Male"
"6018403",371836,2025-08-23 11:40:58,33.4809608459473,-7.54113817214966,"Male"
"6018403",371836,2025-08-23 11:51:29,33.4809341430664,-7.54101657867432,"Male"
"6018403",371836,2025-08-23 12:00:43,33.4811210632324,-7.54135131835938,"Male"
"6018403",371836,2025-08-23 12:10:43,33.4810218811035,-7.5416145324707,"Male"
"6018403",371836,2025-08-23 12:20:46,33.4808883666992,-7.54185962677002,"Male"
"6018403",371836,2025-08-23 12:30:48,33.4810562133789,-7.54155111312866,"Male"
"6018403",371836,2025-08-23 12:40:48,33.480827331543,-7.54172992706299,"Male"
"6018403",371836,2025-08-23 12:51:05,33.4810028076172,-7.54166316986084,"Male"
"6018403",371836,2025-08-23 13:00:43,33.481029510498,-7.54167461395264,"Male"
"6018403",371836,2025-08-23 13:10:39,33.4810752868652,-7.54157733917236,"Male"
"6018403",371836,2025-08-23 13:20:43,33.4809188842773,-7.54129076004028,"Male"
"6018403",371836,2025-08-23 13:30:47,33.4809837341309,-7.54159355163574,"Male"
"6018403",371836,2025-08-23 13:40:49,33.4809951782227,-7.54165887832642,"Male"
"6018403",371836,2025-08-23 13:50:45,33.4810523986816,-7.54176139831543,"Male"
"6018403",371836,2025-08-23 14:00:41,33.481201171875,-7.54211616516113,"Male"
"6018403",371836,2025-08-23 14:10:54,33.4810256958008,-7.5415997505188,"Male"
"6018403",371836,2025-08-23 14:21:05,33.4797782897949,-7.54097270965576,"Male"
"6018403",371836,2025-08-23 14:30:41,33.4797172546387,-7.54100227355957,"Male"
"6018403",371836,2025-08-23 14:40:44,33.4814987182617,-7.54172706604004,"Male"
"6018403",371836,2025-08-23 14:50:43,33.4814910888672,-7.54180908203125,"Male"
"6018403",371836,2025-08-23 15:00:41,33.4813613891602,-7.54135513305664,"Male"
"6018403",371836,2025-08-23 15:10:47,33.4801597595215,-7.54175901412964,"Male"
"6018403",371836,2025-08-23 15:20:41,33.4801216125488,-7.54166650772095,"Male"
"6018403",371836,2025-08-23 15:30:41,33.4801330566406,-7.54164409637451,"Male"
"6018403",371836,2025-08-23 15:40:41,33.4797706604004,-7.54067420959473,"Male"
"6018403",371836,2025-08-23 15:50:41,33.4807357788086,-7.54109477996826,"Male"
"6018403",371836,2025-08-23 16:00:49,33.4807624816895,-7.54104709625244,"Male"
"6018403",371836,2025-08-23 16:10:46,33.4808120727539,-7.54093408584595,"Male"
"6018403",371836,2025-08-23 16:20:48,33.4825172424316,-7.5398588180542,"Male"
"6018403",371836,2025-08-23 16:31:23,33.4823760986328,-7.53960990905762,"Male"
"6018403",371836,2025-08-23 16:40:46,33.4830284118652,-7.53978824615479,"Male"
"6018403",371836,2025-08-23 16:50:49,33.4831123352051,-7.53979206085205,"Male"
"6018403",371836,2025-08-23 17:00:50,33.4830284118652,-7.53984546661377,"Male"
"6018403",371836,2025-08-23 17:10:49,33.4831123352051,-7.53993320465088,"Male"
"6018403",371836,2025-08-23 17:20:49,33.4831123352051,-7.53983449935913,"Male"
"6018403",371836,2025-08-23 17:30:54,33.483097076416,-7.53977537155151,"Male"
"6018403",371836,2025-08-23 17:40:47,33.4831809997559,-7.53986263275146,"Male"
"6018403",371836,2025-08-23 17:50:51,33.4831466674805,-7.5399341583252,"Male"
"6018403",371836,2025-08-23 18:01:23,33.4831008911133,-7.53990983963013,"Male"
"6018403",371836,2025-08-23 18:10:48,33.4844665527344,-7.54027843475342,"Male"
"6018403",371836,2025-08-23 18:20:44,33.4825172424316,-7.53911924362183,"Male"
"6018403",371836,2025-08-23 18:30:48,33.483211517334,-7.53897428512573,"Male"
"6018403",371836,2025-08-23 18:40:43,33.4828491210938,-7.53909969329834,"Male"
"6018403",371836,2025-08-23 18:51:05,33.4830131530762,-7.53913402557373,"Male"
"6018403",371836,2025-08-23 19:00:44,33.4830131530762,-7.53913974761963,"Male"
"6018403",371836,2025-08-23 19:10:41,33.5204620361328,-7.56146478652954,"Male"
"6018403",371836,2025-08-23 19:20:41,33.5691719055176,-7.58179092407227,"Male"
"6018403",371836,2025-08-23 19:30:43,33.6007232666016,-7.60678672790527,"Male"
"6018403",371836,2025-08-23 19:40:42,33.6005058288574,-7.60670280456543,"Male"
"6018403",371836,2025-08-23 19:50:41,33.6009101867676,-7.60674476623535,"Male"
"6018403",371836,2025-08-23 20:00:46,33.6002540588379,-7.60665941238403,"Male"
"6018403",371836,2025-08-23 20:10:48,33.602123260498,-7.60553646087646,"Male"
"6018403",371836,2025-08-23 20:21:05,33.601978302002,-7.60541248321533,"Male"
"6018403",371836,2025-08-23 20:30:48,33.6025657653809,-7.6054368019104,"Male"
"6018403",371836,2025-08-23 20:40:47,33.6026344299316,-7.60536813735962,"Male"
"6018403",371836,2025-08-23 20:50:44,33.6018257141113,-7.60552501678467,"Male"
"6018403",371836,2025-08-23 21:00:44,33.6017799377441,-7.60548830032349,"Male"
"6018403",371836,2025-08-23 21:10:43,33.6017074584961,-7.60547733306885,"Male"
"6018403",371836,2025-08-23 21:20:44,33.6017799377441,-7.60546779632568,"Male"
"6018403",371836,2025-08-23 21:30:47,33.6017303466797,-7.60554122924805,"Male"
"6018403",371836,2025-08-23 21:40:49,33.6016387939453,-7.6054277420044,"Male"
"6018403",371836,2025-08-23 21:50:48,33.6017532348633,-7.60552501678467,"Male"
"6018403",371836,2025-08-23 22:00:46,33.6018829345703,-7.60545349121094,"Male"
"6018403",371836,2025-08-23 22:10:44,33.6017379760742,-7.60563278198242,"Male"
"6018403",371836,2025-08-23 22:20:44,33.6016273498535,-7.60543298721313,"Male"
"6018403",371836,2025-08-23 22:30:48,33.6014060974121,-7.60567140579224,"Male"
"6018403",371836,2025-08-23 22:40:42,33.6016540527344,-7.6056752204895,"Male"
"6018403",371836,2025-08-23 22:50:44,33.601676940918,-7.6056342124939,"Male"
"6018403",371836,2025-08-23 23:00:45,33.6007804870605,-7.60484075546265,"Male"
"6018403",371836,2025-08-23 23:10:48,33.6018104553223,-7.60568952560425,"Male"
"6018403",371836,2025-08-23 23:20:43,33.6024436950684,-7.60599517822266,"Male"
"6018403",371836,2025-08-23 23:30:43,33.600772857666,-7.60706806182861,"Male"
"6018403",371836,2025-08-23 23:40:55,33.6004753112793,-7.60676240921021,"Male"
"6018403",371836,2025-08-23 23:50:57,33.6004371643066,-7.60663890838623,"Male"
"6018403",371836,2025-08-24 00:00:55,33.6005516052246,-7.60666751861572,"Male"
"6018403",371836,2025-08-24 00:10:45,33.600414276123,-7.60655641555786,"Male"
"6018403",371836,2025-08-24 00:20:43,33.6003570556641,-7.6068000793457,"Male"
"6018403",371836,2025-08-24 00:30:43,33.6003913879395,-7.60661363601685,"Male"
"6018403",371836,2025-08-24 00:40:44,33.6003265380859,-7.60665798187256,"Male"
"6018403",371836,2025-08-24 00:50:44,33.6006050109863,-7.60708236694336,"Male"
"6018403",371836,2025-08-24 01:00:48,33.6003837585449,-7.60667037963867,"Male"
"6018403",371836,2025-08-24 01:10:46,33.6004829406738,-7.60691261291504,"Male"
"6018403",371836,2025-08-24 01:20:46,33.6003341674805,-7.60664749145508,"Male"
"6018403",371836,2025-08-24 01:30:49,33.6004028320312,-7.60687446594238,"Male"
"6018403",371836,2025-08-24 01:40:44,33.6003799438477,-7.60655879974365,"Male"
"6018403",371836,2025-08-24 01:50:42,33.6005668640137,-7.60630226135254,"Male"
"6018403",371836,2025-08-24 02:00:42,33.600456237793,-7.60632848739624,"Male"
"6018403",371836,2025-08-24 02:10:43,33.6004524230957,-7.60627365112305,"Male"
"6018403",371836,2025-08-24 02:20:44,33.6008949279785,-7.60621976852417,"Male"
"6018403",371836,2025-08-24 02:30:44,33.6006546020508,-7.6062421798706,"Male"
"6018403",371836,2025-08-24 02:40:46,33.6011657714844,-7.60611724853516,"Male"
"6018403",371836,2025-08-24 02:50:42,33.6009407043457,-7.60615015029907,"Male"
"6018403",371836,2025-08-24 03:00:44,33.6008720397949,-7.60622310638428,"Male"
"6018403",371836,2025-08-24 03:10:44,33.6008758544922,-7.60620641708374,"Male"
"6018403",371836,2025-08-24 03:20:43,33.6008110046387,-7.60624885559082,"Male"
"6018403",371836,2025-08-24 03:30:45,33.6008148193359,-7.60635709762573,"Male"
"6018403",371836,2025-08-24 03:40:44,33.6008415222168,-7.60633373260498,"Male"
"6018403",371836,2025-08-24 03:50:43,33.6006736755371,-7.60630226135254,"Male"
"6018403",371836,2025-08-24 04:00:43,33.6007232666016,-7.60621738433838,"Male"
"6018403",371836,2025-08-24 04:10:43,33.6002349853516,-7.60602903366089,"Male"
"6018403",371836,2025-08-24 04:20:46,33.6002311706543,-7.60611343383789,"Male"
"6018403",371836,2025-08-24 04:30:45,33.6000900268555,-7.60619020462036,"Male"
"6018403",371836,2025-08-24 04:40:45,33.5999374389648,-7.60528612136841,"Male"
"6018403",371836,2025-08-24 04:50:50,33.6000785827637,-7.60517883300781,"Male"
"6018403",371836,2025-08-24 05:00:48,33.6002998352051,-7.60500812530518,"Male"
"6018403",371836,2025-08-24 05:10:46,33.5996894836426,-7.60534381866455,"Male"
"6018403",371836,2025-08-24 05:20:47,33.6003456115723,-7.60544300079346,"Male"
"6018403",371836,2025-08-24 05:30:45,33.6004447937012,-7.60542678833008,"Male"
"6018403",371836,2025-08-24 05:40:45,33.6003341674805,-7.60500478744507,"Male"
"6018403",371836,2025-08-24 05:50:48,33.6004905700684,-7.60481882095337,"Male"
"6018403",371836,2025-08-24 06:00:44,33.5995979309082,-7.60609340667725,"Male"
"6018403",371836,2025-08-24 06:10:45,33.5997695922852,-7.60606718063354,"Male"
"6018403",371836,2025-08-24 06:20:46,33.5993881225586,-7.60632514953613,"Male"
"6018403",371836,2025-08-24 06:30:43,33.5992126464844,-7.60657072067261,"Male"
"6018403",371836,2025-08-24 06:40:48,33.5990371704102,-7.60677576065063,"Male"
"6018403",371836,2025-08-24 06:50:49,33.6001930236816,-7.60536241531372,"Male"
"6018403",371836,2025-08-24 07:00:43,33.5997505187988,-7.60477066040039,"Male"
"6018403",371836,2025-08-24 07:10:47,33.5995597839355,-7.60482120513916,"Male"
"6018403",371836,2025-08-24 07:20:51,33.5996208190918,-7.60574197769165,"Male"
"6018403",371836,2025-08-24 07:30:55,33.6000556945801,-7.60520505905151,"Male"
"6018403",371836,2025-08-24 07:40:55,33.5891952514648,-7.60453367233276,"Male"
"6018403",371836,2025-08-24 07:50:55,33.5893821716309,-7.6042103767395,"Male"
"6018403",371836,2025-08-24 08:00:58,33.5893440246582,-7.60419511795044,"Male"
"6018403",371836,2025-08-24 08:10:54,33.5894088745117,-7.60396814346313,"Male"
"6018403",371836,2025-08-24 08:20:49,33.5895729064941,-7.60439682006836,"Male"
"6018403",371836,2025-08-24 08:30:44,33.5892868041992,-7.60432958602905,"Male"
"6018403",371836,2025-08-24 08:40:55,33.5899238586426,-7.60386657714844,"Male"
"6018403",371836,2025-08-24 08:50:55,33.5893630981445,-7.60375881195068,"Male"
"6018403",371836,2025-08-24 09:00:45,33.5786247253418,-7.58169841766357,"Male"
"6018403",371836,2025-08-24 09:10:44,33.579288482666,-7.58119964599609,"Male"
"6018403",371836,2025-08-24 09:20:45,33.5812454223633,-7.57766056060791,"Male"
"6018403",371836,2025-08-24 09:30:44,33.578857421875,-7.58187007904053,"Male"
"6018403",371836,2025-08-24 09:40:47,33.5789947509766,-7.58179616928101,"Male"
"6018403",371836,2025-08-24 09:50:45,33.5810012817383,-7.57731294631958,"Male"
"6018403",371836,2025-08-24 10:00:44,33.5796508789062,-7.56215858459473,"Male"
"6018403",371836,2025-08-24 10:10:52,33.5796356201172,-7.5618143081665,"Male"
"6018403",371836,2025-08-24 10:20:47,33.579776763916,-7.5619010925293,"Male"
"6018403",371836,2025-08-24 10:30:45,33.5796737670898,-7.56207466125488,"Male"
"6018403",371836,2025-08-24 10:40:43,33.5797309875488,-7.56203937530518,"Male"
"6018403",371836,2025-08-24 10:50:43,33.5797805786133,-7.56210088729858,"Male"
"6018403",371836,2025-08-24 11:00:43,33.5798263549805,-7.56208801269531,"Male"
"6018403",371836,2025-08-24 11:10:43,33.5798683166504,-7.56203842163086,"Male"
"6018403",371836,2025-08-24 11:20:43,33.5797348022461,-7.56202840805054,"Male"
"6018403",371836,2025-08-24 11:30:43,33.5769577026367,-7.55645847320557,"Male"
"6018403",371836,2025-08-24 11:40:44,33.5194091796875,-7.54499530792236,"Male"
"6018403",371836,2025-08-24 11:50:45,33.4809913635254,-7.54150438308716,"Male"
"6018403",371836,2025-08-24 12:00:47,33.4794883728027,-7.54165363311768,"Male"
"6018403",371836,2025-08-24 12:10:43,33.4798011779785,-7.54138040542603,"Male"
"6018403",371836,2025-08-24 12:20:44,33.4804840087891,-7.54153823852539,"Male"
"6018403",371836,2025-08-24 12:30:47,33.4804344177246,-7.54166126251221,"Male"
"6018403",371836,2025-08-24 12:40:43,33.4796409606934,-7.54098558425903,"Male"
"6018403",371836,2025-08-24 12:50:43,33.4792518615723,-7.54232788085938,"Male"
"6018403",371836,2025-08-24 13:00:44,33.4793319702148,-7.54187393188477,"Male"
"6018403",371836,2025-08-24 13:10:44,33.4794235229492,-7.54205513000488,"Male"
"6018403",371836,2025-08-24 13:20:45,33.4792785644531,-7.54209136962891,"Male"
"6018403",371836,2025-08-24 13:30:44,33.4802742004395,-7.54200077056885,"Male"
"6018403",371836,2025-08-24 13:40:43,33.480583190918,-7.54117631912231,"Male"
"6018403",371836,2025-08-24 13:50:44,33.4806709289551,-7.5412712097168,"Male"
"6018403",371836,2025-08-24 14:00:43,33.4794807434082,-7.54097032546997,"Male"
"6018403",371836,2025-08-24 14:10:46,33.4799499511719,-7.54196929931641,"Male"
"6018403",371836,2025-08-24 14:20:48,33.479248046875,-7.54127311706543,"Male"
"6018403",371836,2025-08-24 14:30:54,33.4798316955566,-7.54201221466065,"Male"
"6018403",371836,2025-08-24 14:40:45,33.4797744750977,-7.5409746170044,"Male"
"6018403",371836,2025-08-24 14:50:42,33.4802017211914,-7.54248571395874,"Male"
"6018403",371836,2025-08-24 15:00:45,33.4846343994141,-7.54097843170166,"Male"
"6018403",371836,2025-08-24 15:10:45,33.485164642334,-7.54128503799438,"Male"
"6018403",371836,2025-08-24 15:20:45,33.4816970825195,-7.54120826721191,"Male"
"6018403",371836,2025-08-24 15:30:47,33.4816207885742,-7.54113101959229,"Male"
"6018403",371836,2025-08-24 15:40:46,33.4816360473633,-7.54117202758789,"Male"
"6018403",371836,2025-08-24 15:50:54,33.4815330505371,-7.54105997085571,"Male"
"6018403",371836,2025-08-24 16:00:52,33.4814949035645,-7.54095840454102,"Male"
"6018403",371836,2025-08-24 16:10:54,33.4814834594727,-7.54092407226562,"Male"
"6018403",371836,2025-08-24 16:20:46,33.4815406799316,-7.54132175445557,"Male"
"6018403",371836,2025-08-24 16:30:47,33.4843940734863,-7.54028701782227,"Male"
"6018403",371836,2025-08-24 16:40:46,33.4842643737793,-7.54055452346802,"Male"
"6018403",371836,2025-08-24 16:50:45,33.4845123291016,-7.53917455673218,"Male"
"6018403",371836,2025-08-24 17:00:44,33.4846496582031,-7.53941011428833,"Male"
"6018403",371836,2025-08-24 17:10:43,33.4857063293457,-7.5306134223938,"Male"
"6018403",371836,2025-08-24 17:20:43,33.4802322387695,-7.46458864212036,"Male"
"6018403",371836,2025-08-24 17:30:46,33.4782638549805,-7.46844482421875,"Male"
"6018403",371836,2025-08-24 17:40:43,33.4783630371094,-7.46851444244385,"Male"
"6018403",371836,2025-08-24 17:50:43,33.4784622192383,-7.46855878829956,"Male"
"6018403",371836,2025-08-24 18:00:44,33.4786224365234,-7.46829032897949,"Male"
"6018403",371836,2025-08-24 18:10:43,33.478645324707,-7.46821928024292,"Male"
"6018403",371836,2025-08-24 18:20:47,33.4787635803223,-7.46822738647461,"Male"
"6018403",371836,2025-08-24 18:30:43,33.4788055419922,-7.46824836730957,"Male"
"6018403",371836,2025-08-24 18:40:43,33.4786949157715,-7.46819400787354,"Male"
"6018403",371836,2025-08-24 18:50:43,33.4808158874512,-7.45378923416138,"Male"
"6018403",371836,2025-08-24 19:00:43,33.4925308227539,-7.51060962677002,"Male"
"6018403",371836,2025-08-24 19:10:43,33.5238761901855,-7.55581521987915,"Male"
"6018403",371836,2025-08-24 19:20:44,33.5719299316406,-7.59645557403565,"Male"
"6018403",371836,2025-08-24 19:30:48,33.6018104553223,-7.60523128509521,"Male"
"6018403",371836,2025-08-24 19:41:05,33.6018180847168,-7.60532760620117,"Male"
"6018403",371836,2025-08-24 19:50:42,33.6018943786621,-7.60542106628418,"Male"
"6018403",371836,2025-08-24 20:00:42,33.6018524169922,-7.60547828674316,"Male"
"6018403",371836,2025-08-24 20:10:42,33.6018295288086,-7.60539960861206,"Male"
"6018403",371836,2025-08-24 20:20:43,33.6018562316895,-7.60550260543823,"Male"
"6018403",371836,2025-08-24 20:30:46,33.6018371582031,-7.60548305511475,"Male"
"6018403",371836,2025-08-24 20:40:42,33.601921081543,-7.60546159744263,"Male"
"6018403",371836,2025-08-24 20:50:42,33.6019592285156,-7.6053638458252,"Male"
"6018403",371836,2025-08-24 21:00:43,33.6019287109375,-7.60539960861206,"Male"
"6018403",371836,2025-08-24 21:10:43,33.6019897460938,-7.60539484024048,"Male"
"6018403",371836,2025-08-24 21:20:43,33.6019630432129,-7.60539960861206,"Male"
"6018403",371836,2025-08-24 21:30:44,33.6018295288086,-7.60612297058105,"Male"
"6018403",371836,2025-08-24 21:40:46,33.6021881103516,-7.60511350631714,"Male"
"6018403",371836,2025-08-24 21:51:01,33.6018486022949,-7.60542011260986,"Male"
"6018403",371836,2025-08-24 22:00:42,33.6018981933594,-7.60517501831055,"Male"
"6018403",371836,2025-08-24 22:10:43,33.6021270751953,-7.60499572753906,"Male"
"6018403",371836,2025-08-24 22:20:43,33.6021537780762,-7.60444450378418,"Male"
"6018403",371836,2025-08-24 22:30:44,33.6017951965332,-7.60462188720703,"Male"
"6018403",371836,2025-08-24 22:40:47,33.6016311645508,-7.60424470901489,"Male"
"6018403",371836,2025-08-24 22:51:05,33.6018600463867,-7.60520362854004,"Male"
"6018403",371836,2025-08-24 23:01:00,33.6017913818359,-7.60537433624268,"Male"
"6018403",371836,2025-08-24 23:10:44,33.6018943786621,-7.60541439056396,"Male"
"6018403",371836,2025-08-24 23:20:47,33.6016960144043,-7.60527086257935,"Male"
"6018403",371836,2025-08-24 23:30:45,33.6019325256348,-7.60542440414429,"Male"
"6018403",371836,2025-08-24 23:40:43,33.6007804870605,-7.60721111297607,"Male"
"6018403",371836,2025-08-24 23:50:44,33.6005172729492,-7.60677289962769,"Male"
"6018403",371836,2025-08-25 00:00:47,33.6005096435547,-7.60670566558838,"Male"
"6018403",371836,2025-08-25 00:10:54,33.6004867553711,-7.60665941238403,"Male"
"6018403",371836,2025-08-25 00:20:52,33.601001739502,-7.60672330856323,"Male"
"6018403",371836,2025-08-25 00:30:47,33.600471496582,-7.60773944854736,"Male"
"6018403",371836,2025-08-25 00:40:48,33.6006202697754,-7.60779094696045,"Male"
"6018403",371836,2025-08-25 00:51:02,33.6004295349121,-7.60669040679932,"Male"
"6018403",371836,2025-08-25 01:00:54,33.6003570556641,-7.60666084289551,"Male"
"6018403",371836,2025-08-25 01:10:54,33.6003303527832,-7.60668468475342,"Male"
"6018403",371836,2025-08-25 01:20:46,33.600456237793,-7.60686063766479,"Male"
"6018403",371836,2025-08-25 01:30:46,33.6004409790039,-7.60683727264404,"Male"
"6018403",371836,2025-08-25 01:40:44,33.6003723144531,-7.60683870315552,"Male"
"6018403",371836,2025-08-25 01:51:05,33.6005401611328,-7.60660934448242,"Male"
"6018403",371836,2025-08-25 02:00:44,33.6003303527832,-7.60654735565185,"Male"
"6018403",371836,2025-08-25 02:10:46,33.6005859375,-7.60656452178955,"Male"
"6018403",371836,2025-08-25 02:20:41,33.600528717041,-7.60658645629883,"Male"
"6018403",371836,2025-08-25 02:30:41,33.6006011962891,-7.60652780532837,"Male"
"6018403",371836,2025-08-25 02:40:41,33.6005439758301,-7.6065731048584,"Male"
"6018403",371836,2025-08-25 02:50:44,33.6005249023438,-7.60654258728027,"Male"
"6018403",371836,2025-08-25 03:00:42,33.6006050109863,-7.60662412643433,"Male"
"6018403",371836,2025-08-25 03:10:43,33.6007804870605,-7.6065731048584,"Male"
"6018403",371836,2025-08-25 03:20:42,33.6005516052246,-7.60660123825073,"Male"
"6018403",371836,2025-08-25 03:30:43,33.6005210876465,-7.60662364959717,"Male"
"6018403",371836,2025-08-25 03:40:43,33.6006965637207,-7.60658931732178,"Male"
"6018403",371836,2025-08-25 03:50:42,33.6005859375,-7.6065559387207,"Male"
"6018403",371836,2025-08-25 04:00:42,33.600456237793,-7.6067328453064,"Male"
"6018403",371836,2025-08-25 04:10:43,33.600414276123,-7.60661172866821,"Male"
"6018403",371836,2025-08-25 04:20:52,33.6003723144531,-7.60657405853271,"Male"
"6018403",371836,2025-08-25 04:30:44,33.6003761291504,-7.6064887046814,"Male"
"6018403",371836,2025-08-25 04:40:47,33.600170135498,-7.60676574707031,"Male"
"6018403",371836,2025-08-25 04:50:42,33.6002044677734,-7.60659027099609,"Male"
"6018403",371836,2025-08-25 05:00:47,33.6003227233887,-7.60657739639282,"Male"
"6018403",371836,2025-08-25 05:10:44,33.6003646850586,-7.60676670074463,"Male"
"6018403",371836,2025-08-25 05:20:46,33.6003913879395,-7.60691165924072,"Male"
"6018403",371836,2025-08-25 05:31:05,33.6002235412598,-7.60688400268555,"Male"
"6018403",371836,2025-08-25 05:40:41,33.6002426147461,-7.60683822631836,"Male"
"6018403",371836,2025-08-25 05:50:41,33.6003036499023,-7.6067910194397,"Male"
"6018403",371836,2025-08-25 06:00:42,33.6002388000488,-7.60672426223755,"Male"
"6018403",371836,2025-08-25 06:10:42,33.601245880127,-7.60721158981323,"Male"
"6018403",371836,2025-08-25 06:20:44,33.5893821716309,-7.60462760925293,"Male"
"6018403",371836,2025-08-25 06:30:44,33.5893516540527,-7.60471391677856,"Male"
"6018403",371836,2025-08-25 06:40:47,33.5893249511719,-7.60490274429321,"Male"
"6018403",371836,2025-08-25 06:50:43,33.5894432067871,-7.60463047027588,"Male"
"6018403",371836,2025-08-25 07:00:43,33.5894393920898,-7.60435819625854,"Male"
"6018403",371836,2025-08-25 07:10:46,33.589469909668,-7.60479307174683,"Male"
"6018403",371836,2025-08-25 07:20:47,33.5895385742188,-7.60498905181885,"Male"
"6018403",371836,2025-08-25 07:30:53,33.5894927978516,-7.60456848144531,"Male"
"6018403",371836,2025-08-25 07:40:55,33.5892944335938,-7.60443449020386,"Male"
"6018403",371836,2025-08-25 07:50:51,33.5895004272461,-7.60445928573608,"Male"
"6018403",371836,2025-08-25 08:01:02,33.588924407959,-7.60405111312866,"Male"
"6018403",371836,2025-08-25 08:10:44,33.5892333984375,-7.60453033447266,"Male"
"6018403",371836,2025-08-25 08:20:52,33.5893974304199,-7.60459613800049,"Male"
"6018403",371836,2025-08-25 08:30:55,33.5893707275391,-7.6046257019043,"Male"
"6018403",371836,2025-08-25 08:40:46,33.5822067260742,-7.58792543411255,"Male"
"6018403",371836,2025-08-25 08:50:56,33.5877151489258,-7.57704019546509,"Male"
"6018403",371836,2025-08-25 09:01:05,33.5881309509277,-7.57224798202515,"Male"
"6018403",371836,2025-08-25 09:10:42,33.5882377624512,-7.57235145568848,"Male"
"6018403",371836,2025-08-25 09:20:43,33.5882377624512,-7.57218551635742,"Male"
"6018403",371836,2025-08-25 09:30:42,33.5883293151855,-7.57220888137817,"Male"
"6018403",371836,2025-08-25 09:40:42,33.5883979797363,-7.57235956192017,"Male"
"6018403",371836,2025-08-25 09:50:46,33.5883560180664,-7.57224607467651,"Male"
"6018403",371836,2025-08-25 10:00:44,33.5883750915527,-7.57235431671143,"Male"
"6018403",371836,2025-08-25 10:10:43,33.5884017944336,-7.57220649719238,"Male"
"6018403",371836,2025-08-25 10:21:05,33.5882110595703,-7.572265625,"Male"
"6018403",371836,2025-08-25 10:30:41,33.5882759094238,-7.57225847244263,"Male"
"6018403",371836,2025-08-25 10:40:44,33.5884132385254,-7.57232093811035,"Male"
"6018403",371836,2025-08-25 10:50:45,33.5883445739746,-7.57220315933228,"Male"
"6018403",371836,2025-08-25 11:00:44,33.5882568359375,-7.57226753234863,"Male"
"6018403",371836,2025-08-25 11:10:46,33.5886306762695,-7.57259750366211,"Male"
"6018403",371836,2025-08-25 11:20:43,33.5883102416992,-7.57219123840332,"Male"
"6018403",371836,2025-08-25 11:30:43,33.5882415771484,-7.5722188949585,"Male"
"6018403",371836,2025-08-25 11:40:43,33.5625228881836,-7.56476163864136,"Male"
"6018403",371836,2025-08-25 11:50:43,33.5097618103027,-7.54186677932739,"Male"
"6018403",371836,2025-08-25 12:01:05,33.4831085205078,-7.53965377807617,"Male"
"6018403",371836,2025-08-25 12:10:43,33.4831581115723,-7.53957223892212,"Male"
"6018403",371836,2025-08-25 12:20:44,33.4831962585449,-7.53955078125,"Male"
"6018403",371836,2025-08-25 12:30:54,33.4831504821777,-7.53978633880615,"Male"
"6018403",371836,2025-08-25 12:40:45,33.4831581115723,-7.53961181640625,"Male"
"6018403",371836,2025-08-25 12:50:46,33.4832611083984,-7.53965044021606,"Male"
"6018403",371836,2025-08-25 13:00:47,33.4791259765625,-7.54257917404175,"Male"
"6018403",371836,2025-08-25 13:10:47,33.4792251586914,-7.54255056381226,"Male"
"6018403",371836,2025-08-25 13:21:05,33.4793472290039,-7.54233169555664,"Male"
"6018403",371836,2025-08-25 13:30:46,33.4793739318848,-7.54223966598511,"Male"
"6018403",371836,2025-08-25 13:40:41,33.4800643920898,-7.54120492935181,"Male"
"6018403",371836,2025-08-25 13:50:43,33.4796676635742,-7.54210996627808,"Male"
"6018403",371836,2025-08-25 14:00:45,33.4796257019043,-7.54215574264526,"Male"
"6018403",371836,2025-08-25 14:10:43,33.4795875549316,-7.54202222824097,"Male"
"6018403",371836,2025-08-25 14:20:44,33.4797554016113,-7.54014301300049,"Male"
"6018403",371836,2025-08-25 14:30:43,33.4797210693359,-7.54203510284424,"Male"
"6018403",371836,2025-08-25 14:40:42,33.4800682067871,-7.54111528396606,"Male"
"6018403",371836,2025-08-25 14:50:43,33.4907035827637,-7.53872346878052,"Male"
"6018403",371836,2025-08-25 15:00:42,33.5295829772949,-7.56327819824219,"Male"
"6018403",371836,2025-08-25 15:10:43,33.5825729370117,-7.57239484786987,"Male"
"6018403",371836,2025-08-25 15:20:46,33.6124534606934,-7.55456447601318,"Male"
"6018403",371836,2025-08-25 15:30:42,33.6126403808594,-7.55502986907959,"Male"
"6018403",371836,2025-08-25 15:40:43,33.6230316162109,-7.56140375137329,"Male"
"6018403",371836,2025-08-25 15:50:43,33.6121597290039,-7.5544958114624,"Male"
"6018403",371836,2025-08-25 16:00:42,33.6118354797363,-7.55489921569824,"Male"
"6018403",371836,2025-08-25 16:10:43,33.6122817993164,-7.5550971031189,"Male"
"6018403",371836,2025-08-25 16:20:48,33.606029510498,-7.57248592376709,"Male"
"6018403",371836,2025-08-25 16:30:43,33.6059722900391,-7.57240676879883,"Male"
"6018403",371836,2025-08-25 16:40:43,33.605827331543,-7.57218408584595,"Male"
"6018403",371836,2025-08-25 16:50:42,33.6073837280273,-7.57362127304077,"Male"
"6018403",371836,2025-08-25 17:00:42,33.6054954528809,-7.57435655593872,"Male"
"6018403",371836,2025-08-25 17:10:43,33.6057052612305,-7.57451725006104,"Male"
"6018403",371836,2025-08-25 17:20:43,33.6055679321289,-7.5743408203125,"Male"
"6018403",371836,2025-08-25 17:30:43,33.6057090759277,-7.57429838180542,"Male"
"6018403",371836,2025-08-25 17:40:42,33.5968551635742,-7.60353088378906,"Male"
"6018403",371836,2025-08-25 17:50:44,33.5997772216797,-7.6018476486206,"Male"
"6018403",371836,2025-08-25 18:00:44,33.6006011962891,-7.60070323944092,"Male"
"6018403",371836,2025-08-25 18:10:43,33.5998878479004,-7.60175037384033,"Male"
"6018403",371836,2025-08-25 18:20:44,33.5996589660645,-7.60197257995605,"Male"
"6018403",371836,2025-08-25 18:30:44,33.6030540466309,-7.60370206832886,"Male"
"6018403",371836,2025-08-25 18:40:43,33.5999183654785,-7.6051025390625,"Male"
"6018403",371836,2025-08-25 18:50:43,33.6000366210938,-7.60490655899048,"Male"
"6018403",371836,2025-08-25 19:00:44,33.6023368835449,-7.61328029632568,"Male"
"6018403",371836,2025-08-25 19:10:42,33.5992202758789,-7.60619211196899,"Male"
"6018403",371836,2025-08-25 19:20:43,33.5966529846191,-7.60476589202881,"Male"
"6018403",371836,2025-08-25 19:30:45,33.5969200134277,-7.60521078109741,"Male"
"6018403",371836,2025-08-25 19:40:44,33.6019744873047,-7.60529470443726,"Male"
"6018403",371836,2025-08-25 19:50:43,33.6020050048828,-7.60537338256836,"Male"
"6018403",371836,2025-08-25 20:00:43,33.6017761230469,-7.60542964935303,"Male"
"6018403",371836,2025-08-25 20:10:45,33.6017684936523,-7.60539531707764,"Male"
"6018403",371836,2025-08-25 20:20:46,33.601749420166,-7.60551977157593,"Male"
"6018403",371836,2025-08-25 20:30:46,33.6017265319824,-7.60543632507324,"Male"
"6018403",371836,2025-08-25 20:40:45,33.6017761230469,-7.60555839538574,"Male"
"6018403",371836,2025-08-25 20:50:43,33.6018867492676,-7.60543584823608,"Male"
"6018403",371836,2025-08-25 21:00:43,33.6019477844238,-7.60528612136841,"Male"
"6018403",371836,2025-08-25 21:10:43,33.6019897460938,-7.60541296005249,"Male"
"6018403",371836,2025-08-25 21:20:43,33.6020202636719,-7.60529661178589,"Male"
"6018403",371836,2025-08-25 21:30:43,33.602165222168,-7.60530853271484,"Male"
"6018403",371836,2025-08-25 21:40:43,33.6020965576172,-7.60538959503174,"Male"
"6018403",371836,2025-08-25 21:50:43,33.6021842956543,-7.60567045211792,"Male"
"6018403",371836,2025-08-25 22:00:42,33.6021461486816,-7.60551404953003,"Male"
"6018403",371836,2025-08-25 22:10:45,33.6021842956543,-7.60551452636719,"Male"
"6018403",371836,2025-08-25 22:20:43,33.6020126342773,-7.60556888580322,"Male"
"6018403",371836,2025-08-25 22:30:45,33.6022682189941,-7.60569000244141,"Male"
"6018403",371836,2025-08-25 22:40:43,33.6022491455078,-7.60572814941406,"Male"
"6018403",371836,2025-08-25 22:50:42,33.6021308898926,-7.60549879074097,"Male"
"6018403",371836,2025-08-25 23:00:43,33.6020698547363,-7.60560512542725,"Male"
"6018403",371836,2025-08-25 23:10:43,33.6020469665527,-7.60557460784912,"Male"
"6018403",371836,2025-08-25 23:20:43,33.6020011901855,-7.60544681549072,"Male"
"6018403",371836,2025-08-25 23:30:42,33.6021041870117,-7.6054859161377,"Male"
"6018403",371836,2025-08-25 23:40:43,33.602222442627,-7.60558366775513,"Male"
"6018403",371836,2025-08-25 23:50:44,33.6020851135254,-7.60563087463379,"Male"
"6018403",371836,2025-08-26 00:00:45,33.6020584106445,-7.60539722442627,"Male"
"6018403",371836,2025-08-26 00:10:44,33.6020126342773,-7.60549545288086,"Male"
"6018403",371836,2025-08-26 00:20:46,33.6019325256348,-7.6054835319519,"Male"
"6018403",371836,2025-08-26 00:30:46,33.6020011901855,-7.60539579391479,"Male"
"6018403",371836,2025-08-26 00:41:05,33.601863861084,-7.60534620285034,"Male"
"6018403",371836,2025-08-26 00:50:43,33.6019554138184,-7.60533332824707,"Male"
"6018403",371836,2025-08-26 01:00:42,33.6018218994141,-7.60504722595215,"Male"
"6018403",371836,2025-08-26 01:10:42,33.6017913818359,-7.60512447357178,"Male"
"6018403",371836,2025-08-26 01:20:42,33.6019325256348,-7.60552501678467,"Male"
"6018403",371836,2025-08-26 01:30:43,33.6002883911133,-7.60628128051758,"Male"
"6018403",371836,2025-08-26 01:40:43,33.6008071899414,-7.60691738128662,"Male"
"6018403",371836,2025-08-26 01:50:42,33.601203918457,-7.60677719116211,"Male"
"6018403",371836,2025-08-26 02:00:42,33.6010589599609,-7.60683441162109,"Male"
"6018403",371836,2025-08-26 02:10:42,33.6011810302734,-7.60673856735229,"Male"
"6018403",371836,2025-08-26 02:20:45,33.6010856628418,-7.60670757293701,"Male"
"6018403",371836,2025-08-26 02:30:43,33.6009826660156,-7.60664510726929,"Male"
"6018403",371836,2025-08-26 02:40:43,33.6012763977051,-7.60720443725586,"Male"
"6018403",371836,2025-08-26 02:50:42,33.600902557373,-7.60672378540039,"Male"
"6018403",371836,2025-08-26 03:00:42,33.6002082824707,-7.60741901397705,"Male"
"6018403",371836,2025-08-26 03:10:42,33.6008758544922,-7.6067533493042,"Male"
"6018403",371836,2025-08-26 03:20:43,33.6006813049316,-7.60548114776611,"Male"
"6018403",371836,2025-08-26 03:30:44,33.6003227233887,-7.60373115539551,"Male"
"6018403",371836,2025-08-26 03:40:42,33.6007881164551,-7.60703945159912,"Male"
"6018403",371836,2025-08-26 03:50:43,33.6002883911133,-7.6067214012146,"Male"
"6018403",371836,2025-08-26 04:00:45,33.5999450683594,-7.60624361038208,"Male"
"6018403",371836,2025-08-26 04:11:05,33.6003189086914,-7.60687351226807,"Male"
"6018403",371836,2025-08-26 04:20:42,33.6005706787109,-7.60682725906372,"Male"
"6018403",371836,2025-08-26 04:30:48,33.6003837585449,-7.60653829574585,"Male"
"6018403",371836,2025-08-26 04:40:42,33.6006965637207,-7.6069746017456,"Male"
"6018403",371836,2025-08-26 04:50:44,33.6012573242188,-7.60704517364502,"Male"
"6018403",371836,2025-08-26 05:00:44,33.6011161804199,-7.60709953308105,"Male"
"6018403",371836,2025-08-26 05:10:44,33.601146697998,-7.60691356658935,"Male"
"6018403",371836,2025-08-26 05:20:45,33.6007804870605,-7.60679817199707,"Male"
"6018403",371836,2025-08-26 05:30:43,33.6012268066406,-7.60695791244507,"Male"
"6018403",371836,2025-08-26 05:40:42,33.6008262634277,-7.60712623596191,"Male"
"6018403",371836,2025-08-26 05:50:45,33.600772857666,-7.6074628829956,"Male"
"6018403",371836,2025-08-26 06:01:05,33.6008758544922,-7.60703659057617,"Male"
"6018403",371836,2025-08-26 06:10:42,33.5842361450195,-7.60434246063232,"Male"
"6018403",371836,2025-08-26 06:20:43,33.5830307006836,-7.59790515899658,"Male"
"6018403",371836,2025-08-26 06:30:43,33.5817909240723,-7.59690093994141,"Male"
"6018403",371836,2025-08-26 06:40:43,33.5817756652832,-7.59685802459717,"Male"
"6018403",371836,2025-08-26 06:50:44,33.581859588623,-7.59636497497559,"Male"
"6018403",371836,2025-08-26 07:00:43,33.5817070007324,-7.59671640396118,"Male"
"6018403",371836,2025-08-26 07:10:44,33.5817108154297,-7.59699630737305,"Male"
"6018403",371836,2025-08-26 07:20:44,33.5818786621094,-7.59692621231079,"Male"
"6018403",371836,2025-08-26 07:30:44,33.5817222595215,-7.59703731536865,"Male"
"6018403",371836,2025-08-26 07:40:42,33.5818405151367,-7.59694385528565,"Male"
"6018403",371836,2025-08-26 07:50:43,33.581916809082,-7.59691715240479,"Male"
"6018403",371836,2025-08-26 08:00:43,33.5817756652832,-7.59689617156982,"Male"
"6018403",371836,2025-08-26 08:10:42,33.5818824768066,-7.59698104858398,"Male"
"6018403",371836,2025-08-26 08:20:42,33.5820541381836,-7.59694290161133,"Male"
"6018403",371836,2025-08-26 08:30:43,33.5817489624023,-7.59691619873047,"Male"
"6018403",371836,2025-08-26 08:40:44,33.5820236206055,-7.59706497192383,"Male"
"6018403",371836,2025-08-26 08:50:42,33.5815124511719,-7.59692049026489,"Male"
"6018403",371836,2025-08-26 09:00:42,33.5818710327148,-7.59686613082886,"Male"
"6018403",371836,2025-08-26 09:10:43,33.581901550293,-7.59692525863647,"Male"
"6018403",371836,2025-08-26 09:20:42,33.5817489624023,-7.59696197509766,"Male"
"6018403",371836,2025-08-26 09:30:45,33.5816040039062,-7.59584331512451,"Male"
"6018403",371836,2025-08-26 09:40:42,33.5826072692871,-7.5907039642334,"Male"
"6018403",371836,2025-08-26 09:50:52,33.5631980895996,-7.5620756149292,"Male"
"6018403",371836,2025-08-26 10:00:44,33.5529136657715,-7.55870914459229,"Male"
"6018403",371836,2025-08-26 10:10:44,33.5479278564453,-7.55101108551025,"Male"
"6018403",371836,2025-08-26 10:20:46,33.5479202270508,-7.55084800720215,"Male"
"6018403",371836,2025-08-26 10:30:44,33.5478630065918,-7.55086755752563,"Male"
"6018403",371836,2025-08-26 10:40:45,33.5481452941895,-7.55088567733765,"Male"
"6018403",371836,2025-08-26 10:50:44,33.5475692749023,-7.55074310302734,"Male"
"6018403",371836,2025-08-26 11:00:43,33.5478668212891,-7.55096483230591,"Male"
"6018403",371836,2025-08-26 11:10:44,33.5491790771484,-7.55198287963867,"Male"
"6018403",371836,2025-08-26 11:20:49,33.5475006103516,-7.55068397521973,"Male"
"6018403",371836,2025-08-26 11:30:54,33.547664642334,-7.55086517333984,"Male"
"6018403",371836,2025-08-26 11:40:54,33.5475692749023,-7.55101490020752,"Male"
"6018403",371836,2025-08-26 11:51:14,33.5476493835449,-7.55073642730713,"Male"
"6018403",371836,2025-08-26 12:00:43,33.5234718322754,-7.54746627807617,"Male"
"6018403",371836,2025-08-26 12:10:47,33.4809608459473,-7.54159498214722,"Male"
"6018403",371836,2025-08-26 12:20:47,33.4809875488281,-7.54165649414062,"Male"
"6018403",371836,2025-08-26 12:30:42,33.4800415039062,-7.54042673110962,"Male"
"6018403",371836,2025-08-26 12:40:42,33.4797668457031,-7.5423526763916,"Male"
"6018403",371836,2025-08-26 12:50:42,33.4879608154297,-7.54722499847412,"Male"
"6018403",371836,2025-08-26 13:00:43,33.4803771972656,-7.54179716110229,"Male"
"6018403",371836,2025-08-26 13:10:43,33.4796600341797,-7.54065561294556,"Male"
"6018403",371836,2025-08-26 13:20:44,33.4795799255371,-7.54168319702148,"Male"
"6018403",371836,2025-08-26 13:30:47,33.4795684814453,-7.54161691665649,"Male"
"6018403",371836,2025-08-26 13:40:45,33.479679107666,-7.54178428649902,"Male"
"6018403",371836,2025-08-26 13:50:46,33.4802513122559,-7.5421724319458,"Male"
"6018403",371836,2025-08-26 14:00:43,33.4813766479492,-7.54168796539307,"Male"
"6018403",371836,2025-08-26 14:10:44,33.4814224243164,-7.54140853881836,"Male"
"6018403",371836,2025-08-26 14:20:43,33.4815139770508,-7.54145288467407,"Male"
"6018403",371836,2025-08-26 14:30:43,33.481388092041,-7.54147481918335,"Male"
"6018403",371836,2025-08-26 14:40:43,33.4993896484375,-7.53702974319458,"Male"
"6018403",371836,2025-08-26 14:50:43,33.504077911377,-7.54060125350952,"Male"
"6018403",371836,2025-08-26 15:00:45,33.5040626525879,-7.5406551361084,"Male"
"6018403",371836,2025-08-26 15:10:43,33.503288269043,-7.54092121124268,"Male"
"6018403",371836,2025-08-26 15:20:48,33.5032501220703,-7.54119110107422,"Male"
"6018403",371836,2025-08-26 15:30:47,33.5031661987305,-7.54093647003174,"Male"
"6018403",371836,2025-08-26 15:40:44,33.5032234191895,-7.54111862182617,"Male"
"6018403",371836,2025-08-26 15:50:45,33.5031623840332,-7.54122257232666,"Male"
"6018403",371836,2025-08-26 16:00:49,33.5030555725098,-7.54126119613647,"Male"
"6018403",371836,2025-08-26 16:10:43,33.5031242370605,-7.54097652435303,"Male"
"6018403",371836,2025-08-26 16:20:44,33.5031394958496,-7.5409049987793,"Male"
"6018403",371836,2025-08-26 16:30:44,33.5030555725098,-7.54024744033813,"Male"
"6018403",371836,2025-08-26 16:40:42,33.486156463623,-7.54003429412842,"Male"
"6018403",371836,2025-08-26 16:50:43,33.4810180664062,-7.54121160507202,"Male"
"6018403",371836,2025-08-26 17:00:49,33.4811019897461,-7.54145002365112,"Male"
"6018403",371836,2025-08-26 17:10:45,33.4811553955078,-7.54154205322266,"Male"
"6018403",371836,2025-08-26 17:20:44,33.4812507629395,-7.5417890548706,"Male"
"6018403",371836,2025-08-26 17:30:54,33.4814147949219,-7.54223728179932,"Male"
"6018403",371836,2025-08-26 17:40:44,33.4811134338379,-7.54148101806641,"Male"
"6018403",371836,2025-08-26 17:50:44,33.481014251709,-7.54136371612549,"Male"
"6018403",371836,2025-08-26 18:00:46,33.4811744689941,-7.5417218208313,"Male"
"6018403",371836,2025-08-26 18:10:45,33.4812507629395,-7.54183626174927,"Male"
"6018403",371836,2025-08-26 18:20:58,33.4805297851562,-7.54304027557373,"Male"
"6018403",371836,2025-08-26 18:31:05,33.480827331543,-7.54152345657349,"Male"
"6018403",371836,2025-08-26 18:40:49,33.4809303283691,-7.54133987426758,"Male"
"6018403",371836,2025-08-26 18:50:51,33.4808044433594,-7.54151058197021,"Male"
"6018403",371836,2025-08-26 19:00:42,33.4837837219238,-7.54380035400391,"Male"
"6018403",371836,2025-08-26 19:10:42,33.5224952697754,-7.56779384613037,"Male"
"6018403",371836,2025-08-26 19:20:43,33.5686836242676,-7.59583711624146,"Male"
"6018403",371836,2025-08-26 19:30:45,33.6019134521484,-7.60535621643066,"Male"
"6018403",371836,2025-08-26 19:40:57,33.6018753051758,-7.60544919967651,"Male"
"6018403",371836,2025-08-26 19:50:42,33.6018829345703,-7.6054949760437,"Male"
"6018403",371836,2025-08-26 20:00:45,33.601734161377,-7.60544681549072,"Male"
"6018403",371836,2025-08-26 20:10:45,33.6017150878906,-7.60522603988647,"Male"
"6018403",371836,2025-08-26 20:20:44,33.6016120910645,-7.60528039932251,"Male"
"6018403",371836,2025-08-26 20:30:53,33.6015815734863,-7.60526847839355,"Male"
"6018403",371836,2025-08-26 20:40:44,33.6017837524414,-7.60503196716309,"Male"
"6018403",371836,2025-08-26 20:50:44,33.6017112731934,-7.60510635375977,"Male"
"6018403",371836,2025-08-26 21:00:45,33.6021575927734,-7.60457563400269,"Male"
"6018403",371836,2025-08-26 21:10:51,33.6017074584961,-7.60515975952148,"Male"
"6018403",371836,2025-08-26 21:20:44,33.6016731262207,-7.60512256622315,"Male"
"6018403",371836,2025-08-26 21:30:45,33.6024780273438,-7.60409021377563,"Male"
"6018403",371836,2025-08-26 21:40:45,33.6019630432129,-7.60434103012085,"Male"
"6018403",371836,2025-08-26 21:50:46,33.6014366149902,-7.60538101196289,"Male"
"6018403",371836,2025-08-26 22:00:52,33.6012763977051,-7.6042070388794,"Male"
"6018403",371836,2025-08-26 22:10:44,33.6012649536133,-7.6057767868042,"Male"
"6018403",371836,2025-08-26 22:20:45,33.6011161804199,-7.60369873046875,"Male"
"6018403",371836,2025-08-26 22:30:47,33.6031112670898,-7.60693073272705,"Male"
"6018403",371836,2025-08-26 22:40:45,33.6008682250977,-7.60466003417969,"Male"
"6018403",371836,2025-08-26 22:50:45,33.6021919250488,-7.60595703125,"Male"
"6018403",371836,2025-08-26 23:00:59,33.6020126342773,-7.60549640655518,"Male"
"6018403",371836,2025-08-26 23:10:45,33.6025238037109,-7.60599279403687,"Male"
"6018403",371836,2025-08-26 23:20:46,33.6024742126465,-7.60560464859009,"Male"
"6018403",371836,2025-08-26 23:30:44,33.602123260498,-7.60545825958252,"Male"
"6018403",371836,2025-08-26 23:40:45,33.6020431518555,-7.60542631149292,"Male"
"6018403",371836,2025-08-26 23:50:51,33.6020851135254,-7.60579538345337,"Male"
"6018403",371836,2025-08-27 00:00:54,33.6017723083496,-7.60549926757812,"Male"
"6018403",371836,2025-08-27 00:10:52,33.6018753051758,-7.60551881790161,"Male"
"6018403",371836,2025-08-27 00:20:51,33.6018257141113,-7.60560417175293,"Male"
"6018403",371836,2025-08-27 00:30:45,33.6017684936523,-7.60575771331787,"Male"
"6018403",371836,2025-08-27 00:40:46,33.6015357971191,-7.60504817962646,"Male"
"6018403",371836,2025-08-27 00:50:46,33.6011924743652,-7.60481262207031,"Male"
"6018403",371836,2025-08-27 01:00:53,33.6017570495605,-7.60565376281738,"Male"
"6018403",371836,2025-08-27 01:10:53,33.6016616821289,-7.60553359985352,"Male"
"6018403",371836,2025-08-27 01:20:46,33.6012954711914,-7.60516595840454,"Male"
"6018403",371836,2025-08-27 01:30:47,33.6008529663086,-7.60452938079834,"Male"
"6018403",371836,2025-08-27 01:40:44,33.6010093688965,-7.60478448867798,"Male"
"6018403",371836,2025-08-27 01:50:46,33.6010589599609,-7.60502290725708,"Male"
"6018403",371836,2025-08-27 02:00:43,33.6015319824219,-7.60509157180786,"Male"
"6018403",371836,2025-08-27 02:10:44,33.6019287109375,-7.60456275939941,"Male"
"6018403",371836,2025-08-27 02:20:55,33.6023750305176,-7.60487651824951,"Male"
"6018403",371836,2025-08-27 02:30:47,33.602237701416,-7.60478734970093,"Male"
"6018403",371836,2025-08-27 02:41:05,33.601978302002,-7.60528564453125,"Male"
"6018403",371836,2025-08-27 02:50:43,33.6021156311035,-7.60517692565918,"Male"
"6018403",371836,2025-08-27 03:00:43,33.6017799377441,-7.60535430908203,"Male"
"6018403",371836,2025-08-27 03:10:43,33.6018409729004,-7.60529565811157,"Male"
"6018403",371836,2025-08-27 03:20:43,33.6020202636719,-7.6053991317749,"Male"
"6018403",371836,2025-08-27 03:30:43,33.6019668579102,-7.60528469085693,"Male"
"6018403",371836,2025-08-27 03:40:44,33.6016502380371,-7.60524797439575,"Male"
"6018403",371836,2025-08-27 03:50:44,33.6020431518555,-7.60529470443726,"Male"
"6018403",371836,2025-08-27 04:00:43,33.6022834777832,-7.60605335235596,"Male"
"6018403",371836,2025-08-27 04:10:44,33.6021461486816,-7.60577154159546,"Male"
"6018403",371836,2025-08-27 04:20:44,33.6021423339844,-7.60590648651123,"Male"
"6018403",371836,2025-08-27 04:30:44,33.6020088195801,-7.60565614700317,"Male"
"6018403",371836,2025-08-27 04:40:44,33.601978302002,-7.60546684265137,"Male"
"6018403",371836,2025-08-27 04:50:45,33.6019325256348,-7.60537624359131,"Male"
"6018403",371836,2025-08-27 05:00:43,33.6028213500977,-7.60543203353882,"Male"
"6018403",371836,2025-08-27 05:10:48,33.6029624938965,-7.60545444488525,"Male"
"6018403",371836,2025-08-27 05:20:57,33.6020812988281,-7.6050853729248,"Male"
"6018403",371836,2025-08-27 05:30:45,33.6020050048828,-7.60512733459473,"Male"
"6018403",371836,2025-08-27 05:40:45,33.6003189086914,-7.60632276535034,"Male"
"6018403",371836,2025-08-27 05:50:46,33.6002044677734,-7.6063404083252,"Male"
"6018403",371836,2025-08-27 06:00:45,33.6002082824707,-7.60661458969116,"Male"
"6018403",371836,2025-08-27 06:10:47,33.600269317627,-7.60634708404541,"Male"
"6018403",371836,2025-08-27 06:20:56,33.6001129150391,-7.60661315917969,"Male"
"6018403",371836,2025-08-27 06:31:14,33.6001853942871,-7.6064248085022,"Male"
"6018403",371836,2025-08-27 06:40:45,33.6002197265625,-7.606520652771,"Male"
"6018403",371836,2025-08-27 06:50:43,33.6001586914062,-7.60679197311401,"Male"
"6018403",371836,2025-08-27 07:00:44,33.6002311706543,-7.60665988922119,"Male"
"6018403",371836,2025-08-27 07:10:43,33.5908813476562,-7.60205030441284,"Male"
"6018403",371836,2025-08-27 07:20:55,33.5844078063965,-7.60401964187622,"Male"
"6018403",371836,2025-08-27 07:30:44,33.5846519470215,-7.60416221618652,"Male"
"6018403",371836,2025-08-27 07:40:43,33.5849266052246,-7.60449981689453,"Male"
"6018403",371836,2025-08-27 07:50:42,33.5846900939941,-7.60426235198975,"Male"
"6018403",371836,2025-08-27 08:00:44,33.5851173400879,-7.60431861877441,"Male"
"6018403",371836,2025-08-27 08:10:43,33.5848999023438,-7.6041202545166,"Male"
"6018403",371836,2025-08-27 08:21:23,33.5843238830566,-7.60411071777344,"Male"
"6018403",371836,2025-08-27 08:30:45,33.5842590332031,-7.60407733917236,"Male"
"6018403",371836,2025-08-27 08:40:50,33.5842895507812,-7.60415363311768,"Male"
"6018403",371836,2025-08-27 08:51:05,33.5842819213867,-7.60410118103027,"Male"
"6018403",371836,2025-08-27 09:00:44,33.5843124389648,-7.60420417785645,"Male"
"6018403",371836,2025-08-27 09:10:56,33.584285736084,-7.60415697097778,"Male"
"6018403",371836,2025-08-27 09:20:43,33.5843772888184,-7.60433578491211,"Male"
"6018403",371836,2025-08-27 09:30:53,33.5842781066895,-7.60427284240723,"Male"
"6018403",371836,2025-08-27 09:40:55,33.5842094421387,-7.60413694381714,"Male"
"6018403",371836,2025-08-27 09:50:44,33.5842552185059,-7.60443782806396,"Male"
"6018403",371836,2025-08-27 10:00:44,33.5843086242676,-7.60378551483154,"Male"
"6018403",371836,2025-08-27 10:10:47,33.5844802856445,-7.60283756256104,"Male"
"6018403",371836,2025-08-27 10:20:55,33.5843124389648,-7.60432291030884,"Male"
"6018403",371836,2025-08-27 10:31:14,33.5848236083984,-7.60439109802246,"Male"
"6018403",371836,2025-08-27 10:40:46,33.584831237793,-7.60435438156128,"Male"
"6018403",371836,2025-08-27 10:51:12,33.5846672058105,-7.60412740707397,"Male"
"6018403",371836,2025-08-27 11:00:52,33.5846405029297,-7.60424709320068,"Male"
"6018403",371836,2025-08-27 11:10:49,33.5844573974609,-7.60410737991333,"Male"
"6018403",371836,2025-08-27 11:21:11,33.584888458252,-7.60471200942993,"Male"
"6018403",371836,2025-08-27 11:30:55,33.5846290588379,-7.60391998291016,"Male"
"6018403",371836,2025-08-27 11:40:49,33.5840454101562,-7.60284614562988,"Male"
"6018403",371836,2025-08-27 11:51:15,33.5708465576172,-7.58237075805664,"Male"
"6018403",371836,2025-08-27 12:00:43,33.5102386474609,-7.55171871185303,"Male"
"6018403",371836,2025-08-27 12:11:59,33.4808006286621,-7.54149770736694,"Male"
"6018403",371836,2025-08-27 12:20:46,33.4795989990234,-7.54161739349365,"Male"
"6018403",371836,2025-08-27 12:30:56,33.4797859191895,-7.54188060760498,"Male"
"6018403",371836,2025-08-27 12:40:53,33.479793548584,-7.54183340072632,"Male"
"6018403",371836,2025-08-27 12:51:32,33.4800682067871,-7.54099559783935,"Male"
"6018403",371836,2025-08-27 13:00:43,33.4802665710449,-7.54134130477905,"Male"
"6018403",371836,2025-08-27 13:10:49,33.4804191589355,-7.54184722900391,"Male"
"6018403",371836,2025-08-27 13:20:44,33.4804496765137,-7.54183578491211,"Male"
"6018403",371836,2025-08-27 13:30:45,33.4805450439453,-7.54200839996338,"Male"
"6018403",371836,2025-08-27 13:40:42,33.4814071655273,-7.54238653182983,"Male"
"6018403",371836,2025-08-27 13:50:45,33.4811363220215,-7.54218339920044,"Male"
"6018403",371836,2025-08-27 14:00:44,33.4811706542969,-7.54223108291626,"Male"
"6018403",371836,2025-08-27 14:10:47,33.4811210632324,-7.54218482971191,"Male"
"6018403",371836,2025-08-27 14:20:44,33.4868087768555,-7.54157161712646,"Male"
"6018403",371836,2025-08-27 14:30:45,33.4849166870117,-7.54069089889526,"Male"
"6018403",371836,2025-08-27 14:40:47,33.4848022460938,-7.54061365127563,"Male"
"6018403",371836,2025-08-27 14:50:48,33.4856910705566,-7.54657793045044,"Male"
"6018403",371836,2025-08-27 15:00:54,33.4877662658691,-7.53420305252075,"Male"
"6018403",371836,2025-08-27 15:10:55,33.4885368347168,-7.47744226455688,"Male"
"6018403",371836,2025-08-27 15:20:55,33.4870414733887,-7.4149169921875,"Male"
"6018403",371836,2025-08-27 15:31:29,33.494213104248,-7.33279752731323,"Male"
"6018403",371836,2025-08-27 15:40:43,33.4913749694824,-7.32871055603027,"Male"
"6018403",371836,2025-08-27 15:51:20,33.4886169433594,-7.33677577972412,"Male"
"6018403",371836,2025-08-27 16:00:42,33.4775733947754,-7.35597991943359,"Male"
"6018403",371836,2025-08-27 16:10:43,33.4789810180664,-7.39700269699097,"Male"
"6018403",371836,2025-08-27 16:20:42,33.5086669921875,-7.39612054824829,"Male"
"6018403",371836,2025-08-27 16:31:03,33.516731262207,-7.42306232452393,"Male"
"6018403",371836,2025-08-27 16:40:42,33.5121917724609,-7.46275901794434,"Male"
"6018403",371836,2025-08-27 16:50:43,33.5155792236328,-7.50261116027832,"Male"
"6018403",371836,2025-08-27 17:00:42,33.539421081543,-7.52810573577881,"Male"
"6018403",371836,2025-08-27 17:10:44,33.5461387634277,-7.52395820617676,"Male"
"6018403",371836,2025-08-27 17:20:44,33.546085357666,-7.52397632598877,"Male"
"6018403",371836,2025-08-27 17:30:43,33.5541191101074,-7.53034400939941,"Male"
"6018403",371836,2025-08-27 17:40:43,33.5849723815918,-7.53338766098022,"Male"
"6018403",371836,2025-08-27 17:50:44,33.6075172424316,-7.52631950378418,"Male"
"6018403",371836,2025-08-27 18:00:48,33.6075744628906,-7.52638864517212,"Male"
"6018403",371836,2025-08-27 18:10:45,33.6075248718262,-7.5263524055481,"Male"
"6018403",371836,2025-08-27 18:20:44,33.6074409484863,-7.52632427215576,"Male"
"6018403",371836,2025-08-27 18:31:23,33.6075134277344,-7.52639150619507,"Male"
"6018403",371836,2025-08-27 18:40:42,33.6074752807617,-7.5263466835022,"Male"
"6018403",371836,2025-08-27 18:50:44,33.607421875,-7.52632904052734,"Male"
"6018403",371836,2025-08-27 19:00:42,33.6075325012207,-7.52636814117432,"Male"
"6018403",371836,2025-08-27 19:10:42,33.6064758300781,-7.55510997772217,"Male"
"6018403",371836,2025-08-27 19:20:46,33.6020164489746,-7.60555648803711,"Male"
"6018403",371836,2025-08-27 19:30:43,33.6019821166992,-7.60550546646118,"Male"
"6018403",371836,2025-08-27 19:40:43,33.6019287109375,-7.60549879074097,"Male"
"6018403",371836,2025-08-27 19:50:43,33.6019515991211,-7.60538291931152,"Male"
"6018403",371836,2025-08-27 20:00:44,33.6019897460938,-7.60530948638916,"Male"
"6018403",371836,2025-08-27 20:10:44,33.6020126342773,-7.60540246963501,"Male"
"6018403",371836,2025-08-27 20:20:44,33.6019706726074,-7.60550546646118,"Male"
"6018403",371836,2025-08-27 20:30:59,33.6039199829102,-7.60532093048096,"Male"
"6018403",371836,2025-08-27 20:40:58,33.6019477844238,-7.60540151596069,"Male"
"6018403",371836,2025-08-27 20:51:13,33.6019401550293,-7.60545825958252,"Male"
"6018403",371836,2025-08-27 21:00:43,33.6018676757812,-7.60534477233887,"Male"
"6018403",371836,2025-08-27 21:10:45,33.6019630432129,-7.60518455505371,"Male"
"6018403",371836,2025-08-27 21:20:49,33.6018218994141,-7.60540866851807,"Male"
"6018403",371836,2025-08-27 21:30:46,33.6018714904785,-7.60528659820557,"Male"
"6018403",371836,2025-08-27 21:40:45,33.6018753051758,-7.60525989532471,"Male"
"6018403",371836,2025-08-27 21:50:55,33.6008949279785,-7.60482120513916,"Male"
"6018403",371836,2025-08-27 22:00:55,33.6018829345703,-7.60531044006348,"Male"
"6018403",371836,2025-08-27 22:10:56,33.601879119873,-7.60539484024048,"Male"
"6018403",371836,2025-08-27 22:20:54,33.6020164489746,-7.6052565574646,"Male"
"6018403",371836,2025-08-27 22:30:54,33.6020202636719,-7.60526514053345,"Male"
"6018403",371836,2025-08-27 22:40:54,33.6021003723145,-7.60522222518921,"Male"
"6018403",371836,2025-08-27 22:50:53,33.602123260498,-7.60517501831055,"Male"
"6018403",371836,2025-08-27 23:00:55,33.602108001709,-7.60498905181885,"Male"
"6018403",371836,2025-08-27 23:10:54,33.6021118164062,-7.60507726669312,"Male"
"6018403",371836,2025-08-27 23:20:54,33.602180480957,-7.60503768920898,"Male"
"6018403",371836,2025-08-27 23:31:05,33.6021881103516,-7.60524463653565,"Male"
"6018403",371836,2025-08-27 23:40:54,33.6020698547363,-7.60510158538818,"Male"
"6018403",371836,2025-08-27 23:50:53,33.6019248962402,-7.60532236099243,"Male"
"6018403",371836,2025-08-28 00:00:46,33.6023788452148,-7.60469818115234,"Male"
"6018403",371836,2025-08-28 00:10:53,33.6019248962402,-7.60531330108643,"Male"
"6018403",371836,2025-08-28 00:20:55,33.6017417907715,-7.60531949996948,"Male"
"6018403",371836,2025-08-28 00:30:46,33.6018218994141,-7.60534381866455,"Male"
"6018403",371836,2025-08-28 00:40:48,33.6018409729004,-7.6053581237793,"Male"
"6018403",371836,2025-08-28 00:50:44,33.601936340332,-7.60528802871704,"Male"
"6018403",371836,2025-08-28 01:00:43,33.6019592285156,-7.60527038574219,"Male"
"6018403",371836,2025-08-28 01:10:44,33.6018600463867,-7.60529327392578,"Male"
"6018403",371836,2025-08-28 01:20:45,33.6017799377441,-7.60524797439575,"Male"
"6018403",371836,2025-08-28 01:31:11,33.6018142700195,-7.60539150238037,"Male"
"6018403",371836,2025-08-28 01:40:46,33.6015815734863,-7.605299949646,"Male"
"6018403",371836,2025-08-28 01:51:02,33.601863861084,-7.60553598403931,"Male"
"6018403",371836,2025-08-28 02:00:54,33.6019668579102,-7.60555648803711,"Male"
"6018403",371836,2025-08-28 02:10:54,33.601921081543,-7.60557413101196,"Male"
"6018403",371836,2025-08-28 02:21:05,33.6018295288086,-7.60542058944702,"Male"
"6018403",371836,2025-08-28 02:30:45,33.6018829345703,-7.60549163818359,"Male"
"6018403",371836,2025-08-28 02:40:42,33.6018524169922,-7.60531330108643,"Male"
"6018403",371836,2025-08-28 02:50:44,33.6018257141113,-7.60545778274536,"Male"
"6018403",371836,2025-08-28 03:00:43,33.6018028259277,-7.60532379150391,"Male"
"6018403",371836,2025-08-28 03:10:43,33.6019592285156,-7.60544776916504,"Male"
"6018403",371836,2025-08-28 03:20:43,33.6018867492676,-7.60535383224487,"Male"
"6018403",371836,2025-08-28 03:30:44,33.6018295288086,-7.60556507110596,"Male"
"6018403",371836,2025-08-28 03:40:48,33.6018295288086,-7.60531091690063,"Male"
"6018403",371836,2025-08-28 03:50:44,33.6017951965332,-7.60530853271484,"Male"
"6018403",371836,2025-08-28 04:00:47,33.6019744873047,-7.60573577880859,"Male"
"6018403",371836,2025-08-28 04:10:44,33.601806640625,-7.60536861419678,"Male"
"6018403",371836,2025-08-28 04:20:43,33.6018104553223,-7.60546016693115,"Male"
"6018403",371836,2025-08-28 04:30:47,33.6003456115723,-7.60687255859375,"Male"
"6018403",371836,2025-08-28 04:40:47,33.5998992919922,-7.60662841796875,"Male"
"6018403",371836,2025-08-28 04:50:59,33.5998611450195,-7.60662794113159,"Male"
"6018403",371836,2025-08-28 05:01:15,33.6008453369141,-7.60630702972412,"Male"
"6018403",371836,2025-08-28 05:10:48,33.5998039245605,-7.60690402984619,"Male"
"6018403",371836,2025-08-28 05:20:55,33.6001396179199,-7.60658884048462,"Male"
"6018403",371836,2025-08-28 05:30:54,33.6003837585449,-7.60666751861572,"Male"
"6018403",371836,2025-08-28 05:40:54,33.600414276123,-7.6066312789917,"Male"
"6018403",371836,2025-08-28 05:51:05,33.5998229980469,-7.6064977645874,"Male"
"6018403",371836,2025-08-28 06:00:44,33.6002807617188,-7.60613822937012,"Male"
"6018403",371836,2025-08-28 06:10:44,33.6002235412598,-7.60615348815918,"Male"
"6018403",371836,2025-08-28 06:20:45,33.6001319885254,-7.60635280609131,"Male"
"6018403",371836,2025-08-28 06:30:44,33.6001281738281,-7.60615062713623,"Male"
"6018403",371836,2025-08-28 06:40:44,33.6001205444336,-7.60617017745972,"Male"
"6018403",371836,2025-08-28 06:50:44,33.6000938415527,-7.60644721984863,"Male"
"6018403",371836,2025-08-28 07:00:46,33.599681854248,-7.60609483718872,"Male"
"6018403",371836,2025-08-28 07:10:46,33.5997543334961,-7.60615348815918,"Male"
"6018403",371836,2025-08-28 07:20:45,33.5997352600098,-7.6061692237854,"Male"
"6018403",371836,2025-08-28 07:30:45,33.5998344421387,-7.60612821578979,"Male"
"6018403",371836,2025-08-28 07:40:46,33.5997467041016,-7.60625886917114,"Male"
"6018403",371836,2025-08-28 07:50:46,33.5997657775879,-7.60616540908813,"Male"
"6018403",371836,2025-08-28 08:00:45,33.599494934082,-7.60642528533935,"Male"
"6018403",371836,2025-08-28 08:10:45,33.5995788574219,-7.60637187957764,"Male"
"6018403",371836,2025-08-28 08:20:44,33.5894165039062,-7.60445308685303,"Male"
"6018403",371836,2025-08-28 08:30:44,33.5894241333008,-7.60429096221924,"Male"
"6018403",371836,2025-08-28 08:40:44,33.5893707275391,-7.60458517074585,"Male"
"6018403",371836,2025-08-28 08:50:45,33.5893707275391,-7.60461378097534,"Male"
"6018403",371836,2025-08-28 09:00:45,33.5819816589355,-7.59667205810547,"Male"
"6018403",371836,2025-08-28 09:10:44,33.5818824768066,-7.59680652618408,"Male"
"6018403",371836,2025-08-28 09:20:44,33.5819244384766,-7.59678840637207,"Male"
"6018403",371836,2025-08-28 09:30:44,33.5819778442383,-7.59676361083984,"Male"
"6018403",371836,2025-08-28 09:40:44,33.5819625854492,-7.59685802459717,"Male"
"6018403",371836,2025-08-28 09:50:44,33.5817527770996,-7.5970664024353,"Male"
"6018403",371836,2025-08-28 10:00:44,33.5817718505859,-7.59688377380371,"Male"
"6018403",371836,2025-08-28 10:10:45,33.5817184448242,-7.59695243835449,"Male"
"6018403",371836,2025-08-28 10:20:46,33.581485748291,-7.59674596786499,"Male"
"6018403",371836,2025-08-28 10:30:46,33.5817832946777,-7.59676551818848,"Male"
"6018403",371836,2025-08-28 10:40:44,33.5820159912109,-7.59694671630859,"Male"
"6018403",371836,2025-08-28 10:50:45,33.5820732116699,-7.59703540802002,"Male"
"6018403",371836,2025-08-28 11:00:44,33.5821533203125,-7.59716558456421,"Male"
"6018403",371836,2025-08-28 11:10:44,33.5820045471191,-7.59702396392822,"Male"
"6018403",371836,2025-08-28 11:20:47,33.5820159912109,-7.59714603424072,"Male"
"6018403",371836,2025-08-28 11:30:44,33.5820350646973,-7.59704160690308,"Male"
"6018403",371836,2025-08-28 11:40:44,33.6231231689453,-7.60954284667969,"Male"
"6018403",371836,2025-08-28 11:50:45,33.6363105773926,-7.61657047271729,"Male"
"6018403",371836,2025-08-28 12:00:44,33.6320533752441,-7.59739446640015,"Male"
"6018403",371836,2025-08-28 12:10:44,33.6109619140625,-7.55708074569702,"Male"
"6018403",371836,2025-08-28 12:20:45,33.61083984375,-7.5571117401123,"Male"
"6018403",371836,2025-08-28 12:30:44,33.6107749938965,-7.55718469619751,"Male"
"6018403",371836,2025-08-28 12:40:49,33.6109352111816,-7.55683994293213,"Male"
"6018403",371836,2025-08-28 12:50:47,33.6106491088867,-7.55732917785645,"Male"
"6018403",371836,2025-08-28 13:00:46,33.6106033325195,-7.55722856521606,"Male"
"6018403",371836,2025-08-28 13:10:49,33.610523223877,-7.55709838867188,"Male"
"6018403",371836,2025-08-28 13:20:45,33.6105804443359,-7.55703973770142,"Male"
"6018403",371836,2025-08-28 13:30:48,33.6105041503906,-7.55684947967529,"Male"
"6018403",371836,2025-08-28 13:40:45,33.6108779907227,-7.55753326416016,"Male"
"6018403",371836,2025-08-28 13:50:51,33.610912322998,-7.55708503723145,"Male"
"6018403",371836,2025-08-28 14:00:44,33.6109504699707,-7.55733394622803,"Male"
"6018403",371836,2025-08-28 14:10:45,33.6291198730469,-7.5733699798584,"Male"
"6018403",371836,2025-08-28 14:20:45,33.6457786560059,-7.60124111175537,"Male"
"6018403",371836,2025-08-28 14:30:45,33.6594505310059,-7.60693407058716,"Male"
"6018403",371836,2025-08-28 14:40:44,33.6607627868652,-7.6462607383728,"Male"
"6018403",371836,2025-08-28 14:50:44,33.6047325134277,-7.70020341873169,"Male"
"6018403",371836,2025-08-28 15:00:44,33.5574569702148,-7.67354202270508,"Male"
"6018403",371836,2025-08-28 15:10:45,33.554069519043,-7.67273712158203,"Male"
"6018403",371836,2025-08-28 15:20:46,33.5543975830078,-7.6716833114624,"Male"
"6018403",371836,2025-08-28 15:30:45,33.5536117553711,-7.67002391815185,"Male"
"6018403",371836,2025-08-28 15:40:45,33.5541915893555,-7.67230892181396,"Male"
"6018403",371836,2025-08-28 15:50:47,33.5319290161133,-7.63149213790894,"Male"
"6018403",371836,2025-08-28 16:00:44,33.5100593566895,-7.57084941864014,"Male"
"6018403",371836,2025-08-28 16:10:48,33.480785369873,-7.54178333282471,"Male"
"6018403",371836,2025-08-28 16:20:52,33.480167388916,-7.54183578491211,"Male"
"6018403",371836,2025-08-28 16:30:54,33.4810752868652,-7.54168224334717,"Male"
"6018403",371836,2025-08-28 16:40:45,33.4813194274902,-7.54051303863525,"Male"
"6018403",371836,2025-08-28 16:50:44,33.481143951416,-7.54115438461304,"Male"
"6018403",371836,2025-08-28 17:00:47,33.4803085327148,-7.54141616821289,"Male"
"6018403",371836,2025-08-28 17:10:47,33.4807472229004,-7.54109287261963,"Male"
"6018403",371836,2025-08-28 17:20:48,33.4793663024902,-7.54160070419312,"Male"
"6018403",371836,2025-08-28 17:30:45,33.4793853759766,-7.54153347015381,"Male"
"6018403",371836,2025-08-28 17:40:47,33.4807395935059,-7.54036283493042,"Male"
"6018403",371836,2025-08-28 17:50:47,33.4807624816895,-7.54006576538086,"Male"
"6018403",371836,2025-08-28 18:00:45,33.4806938171387,-7.54054832458496,"Male"
"6018403",371836,2025-08-28 18:10:45,33.4810562133789,-7.54050588607788,"Male"
"6018403",371836,2025-08-28 18:20:45,33.4810409545898,-7.54052925109863,"Male"
"6018403",371836,2025-08-28 18:30:45,33.4814796447754,-7.53933048248291,"Male"
"6018403",371836,2025-08-28 18:40:45,33.4865875244141,-7.54962253570557,"Male"
"6018403",371836,2025-08-28 18:50:45,33.4909629821777,-7.55134630203247,"Male"
"6018403",371836,2025-08-28 19:00:45,33.5045967102051,-7.55702209472656,"Male"
"6018403",371836,2025-08-28 19:10:45,33.5331573486328,-7.5737361907959,"Male"
"6018403",371836,2025-08-28 19:20:45,33.5696029663086,-7.5813045501709,"Male"
"6018403",371836,2025-08-28 19:30:46,33.6020164489746,-7.60533761978149,"Male"
"6018403",371836,2025-08-28 19:40:45,33.6017684936523,-7.60544204711914,"Male"
"6018403",371836,2025-08-28 19:50:45,33.6017799377441,-7.60549402236938,"Male"
"6018403",371836,2025-08-28 20:00:45,33.6022148132324,-7.60536479949951,"Male"
"6018403",371836,2025-08-28 20:10:49,33.6021995544434,-7.60540866851807,"Male"
"6018403",371836,2025-08-28 20:20:46,33.6016159057617,-7.60578346252441,"Male"
"6018403",371836,2025-08-28 20:30:46,33.6014976501465,-7.60584163665771,"Male"
"6018403",371836,2025-08-28 20:40:46,33.6014099121094,-7.60584545135498,"Male"
"6018403",371836,2025-08-28 20:50:46,33.6015014648438,-7.60544061660767,"Male"
"6018403",371836,2025-08-28 21:00:46,33.6014862060547,-7.60534286499023,"Male"
"6018403",371836,2025-08-28 21:10:54,33.6019859313965,-7.6049633026123,"Male"
"6018403",371836,2025-08-28 21:20:55,33.6020278930664,-7.6050329208374,"Male"
"6018403",371836,2025-08-28 21:30:54,33.6019058227539,-7.60510110855103,"Male"
"6018403",371836,2025-08-28 21:40:47,33.6019859313965,-7.60519790649414,"Male"
"6018403",371836,2025-08-28 21:50:47,33.6017303466797,-7.60507583618164,"Male"
"6018403",371836,2025-08-28 22:00:45,33.6017532348633,-7.60506343841553,"Male"
"6018403",371836,2025-08-28 22:10:46,33.6024017333984,-7.60558414459229,"Male"
"6018403",371836,2025-08-28 22:20:45,33.6022529602051,-7.60569381713867,"Male"
"6018403",371836,2025-08-28 22:30:46,33.6022758483887,-7.60567760467529,"Male"
"6018403",371836,2025-08-28 22:40:47,33.602222442627,-7.60547876358032,"Male"
"6018403",371836,2025-08-28 22:50:45,33.602409362793,-7.60561084747315,"Male"
"6018403",371836,2025-08-28 23:00:46,33.6023139953613,-7.60561752319336,"Male"
"6018403",371836,2025-08-28 23:10:47,33.6023330688477,-7.60564661026001,"Male"
"6018403",371836,2025-08-28 23:20:51,33.6022796630859,-7.60568618774414,"Male"
"6018403",371836,2025-08-28 23:30:52,33.6022605895996,-7.60564231872559,"Male"
"6018403",371836,2025-08-28 23:40:54,33.6023864746094,-7.60558032989502,"Male"
"6018403",371836,2025-08-28 23:50:54,33.6023216247559,-7.60550165176392,"Male"
"6018403",371836,2025-08-29 00:00:45,33.6020011901855,-7.60596513748169,"Male"
"6018403",371836,2025-08-29 00:10:45,33.6020812988281,-7.6057186126709,"Male"
"6018403",371836,2025-08-29 00:20:52,33.601936340332,-7.60552310943604,"Male"
"6018403",371836,2025-08-29 00:30:45,33.6018257141113,-7.60592222213745,"Male"
"6018403",371836,2025-08-29 00:40:45,33.6020278930664,-7.60553073883057,"Male"
"6018403",371836,2025-08-29 00:50:46,33.6018867492676,-7.60547161102295,"Male"
"6018403",371836,2025-08-29 01:00:45,33.6020393371582,-7.60541915893555,"Male"
"6018403",371836,2025-08-29 01:10:46,33.6020889282227,-7.60568523406982,"Male"
"6018403",371836,2025-08-29 01:20:45,33.6024971008301,-7.60549926757812,"Male"
"6018403",371836,2025-08-29 01:30:47,33.6021728515625,-7.60556316375732,"Male"
"6018403",371836,2025-08-29 01:40:46,33.602611541748,-7.6053991317749,"Male"
"6018403",371836,2025-08-29 01:50:45,33.6025047302246,-7.60539865493774,"Male"
"6018403",371836,2025-08-29 02:00:47,33.6023483276367,-7.60544919967651,"Male"
"6018403",371836,2025-08-29 02:10:44,33.6022529602051,-7.60545063018799,"Male"
"6018403",371836,2025-08-29 02:20:45,33.6023635864258,-7.60541200637817,"Male"
"6018403",371836,2025-08-29 02:30:45,33.6024894714355,-7.60527324676514,"Male"
"6018403",371836,2025-08-29 02:40:47,33.6023254394531,-7.60534000396729,"Male"
"6018403",371836,2025-08-29 02:50:47,33.6022186279297,-7.60522317886353,"Male"
"6018403",371836,2025-08-29 03:00:47,33.6022605895996,-7.6053671836853,"Male"
"6018403",371836,2025-08-29 03:10:46,33.6023330688477,-7.6053318977356,"Male"
"6018403",371836,2025-08-29 03:20:45,33.6023902893066,-7.60527420043945,"Male"
"6018403",371836,2025-08-29 03:30:46,33.602222442627,-7.60526132583618,"Male"
"6018403",371836,2025-08-29 03:40:45,33.6022834777832,-7.60525608062744,"Male"
"6018403",371836,2025-08-29 03:50:48,33.602367401123,-7.60510730743408,"Male"
"6018403",371836,2025-08-29 04:00:55,33.6024398803711,-7.60525894165039,"Male"
"6018403",371836,2025-08-29 04:10:48,33.6023902893066,-7.60565614700317,"Male"
"6018403",371836,2025-08-29 04:20:51,33.6022491455078,-7.60544586181641,"Male"
"6018403",371836,2025-08-29 04:30:45,33.6023139953613,-7.60549926757812,"Male"
"6018403",371836,2025-08-29 04:40:46,33.6023635864258,-7.60555219650269,"Male"
"6018403",371836,2025-08-29 04:50:47,33.6022834777832,-7.60556077957153,"Male"
"6018403",371836,2025-08-29 05:01:05,33.6031227111816,-7.60548782348633,"Male"
"6018403",371836,2025-08-29 05:10:52,33.6020736694336,-7.60557126998901,"Male"
"6018403",371836,2025-08-29 05:20:49,33.6021881103516,-7.60569763183594,"Male"
"6018403",371836,2025-08-29 05:30:47,33.6022071838379,-7.60568952560425,"Male"
"6018403",371836,2025-08-29 05:40:51,33.6001396179199,-7.60652351379395,"Male"
"6018403",371836,2025-08-29 05:50:45,33.6001663208008,-7.60684394836426,"Male"
"6018403",371836,2025-08-29 06:00:46,33.6001853942871,-7.60661697387695,"Male"
"6018403",371836,2025-08-29 06:10:47,33.6001472473145,-7.60622310638428,"Male"
"6018403",371836,2025-08-29 06:20:54,33.6003379821777,-7.60663414001465,"Male"
"6018403",371836,2025-08-29 06:30:51,33.6000061035156,-7.60651302337646,"Male"
"6018403",371836,2025-08-29 06:40:56,33.5991821289062,-7.6064920425415,"Male"
"6018403",371836,2025-08-29 06:50:56,33.5994110107422,-7.6065878868103,"Male"
"6018403",371836,2025-08-29 07:00:55,33.5999450683594,-7.60618019104004,"Male"
"6018403",371836,2025-08-29 07:10:52,33.5999221801758,-7.60631275177002,"Male"
"6018403",371836,2025-08-29 07:21:02,33.5997848510742,-7.60612678527832,"Male"
"6018403",371836,2025-08-29 07:30:47,33.599739074707,-7.6066198348999,"Male"
"6018403",371836,2025-08-29 07:40:47,33.5998191833496,-7.60635328292847,"Male"
"6018403",371836,2025-08-29 07:50:45,33.5992774963379,-7.60636854171753,"Male"
"6018403",371836,2025-08-29 08:00:48,33.5993537902832,-7.60598564147949,"Male"
"6018403",371836,2025-08-29 08:10:49,33.5997314453125,-7.60599136352539,"Male"
"6018403",371836,2025-08-29 08:20:47,33.5993957519531,-7.6060791015625,"Male"
"6018403",371836,2025-08-29 08:30:52,33.5992736816406,-7.60626602172852,"Male"
"6018403",371836,2025-08-29 08:40:46,33.5845909118652,-7.58951139450073,"Male"
"6018403",371836,2025-08-29 08:51:03,33.5477485656738,-7.55044412612915,"Male"
"6018403",371836,2025-08-29 09:00:45,33.5472946166992,-7.54938364028931,"Male"
"6018403",371836,2025-08-29 09:10:47,33.5469131469727,-7.54960584640503,"Male"
"6018403",371836,2025-08-29 09:20:45,33.5471878051758,-7.54948377609253,"Male"
"6018403",371836,2025-08-29 09:30:49,33.5473213195801,-7.54914665222168,"Male"
"6018403",371836,2025-08-29 09:40:58,33.5471076965332,-7.54941129684448,"Male"
"6018403",371836,2025-08-29 09:50:48,33.5461959838867,-7.54847574234009,"Male"
"6018403",371836,2025-08-29 10:00:47,33.5462837219238,-7.54901647567749,"Male"
"6018403",371836,2025-08-29 10:10:48,33.5463104248047,-7.54898071289062,"Male"
"6018403",371836,2025-08-29 10:20:52,33.546028137207,-7.54893827438354,"Male"
"6018403",371836,2025-08-29 10:31:01,33.5461158752441,-7.54888248443604,"Male"
"6018403",371836,2025-08-29 10:40:45,33.5462799072266,-7.54895687103271,"Male"
"6018403",371836,2025-08-29 10:50:45,33.5460815429688,-7.54878664016724,"Male"
"6018403",371836,2025-08-29 11:00:44,33.5359497070312,-7.54411506652832,"Male"
"6018403",371836,2025-08-29 11:11:03,33.4799423217773,-7.54215431213379,"Male"
"6018403",371836,2025-08-29 11:20:45,33.4813499450684,-7.54514503479004,"Male"
"6018403",371836,2025-08-29 11:30:46,33.4918365478516,-7.53989124298096,"Male"
"6018403",371836,2025-08-29 11:40:45,33.4805145263672,-7.54215812683105,"Male"
"6018403",371836,2025-08-29 11:50:49,33.4798431396484,-7.54119205474854,"Male"
"6018403",371836,2025-08-29 12:01:05,33.4797248840332,-7.54193067550659,"Male"
"6018403",371836,2025-08-29 12:10:45,33.4798736572266,-7.54118728637695,"Male"
"6018403",371836,2025-08-29 12:20:54,33.4798393249512,-7.5419340133667,"Male"
"6018403",371836,2025-08-29 12:30:49,33.4797554016113,-7.54193782806396,"Male"
"6018403",371836,2025-08-29 12:40:47,33.4801979064941,-7.54188442230225,"Male"
"6018403",371836,2025-08-29 12:50:57,33.4799270629883,-7.54144096374512,"Male"
"6018403",371836,2025-08-29 13:00:54,33.4802055358887,-7.54175853729248,"Male"
"6018403",371836,2025-08-29 13:10:54,33.4801559448242,-7.54166984558105,"Male"
"6018403",371836,2025-08-29 13:20:54,33.4802665710449,-7.54170227050781,"Male"
"6018403",371836,2025-08-29 13:30:49,33.4801559448242,-7.54168939590454,"Male"
"6018403",371836,2025-08-29 13:40:56,33.4802055358887,-7.54168033599854,"Male"
"6018403",371836,2025-08-29 13:50:45,33.4794235229492,-7.54280471801758,"Male"
"6018403",371836,2025-08-29 14:00:47,33.4797630310059,-7.54207944869995,"Male"
"6018403",371836,2025-08-29 14:11:02,33.4796981811523,-7.54215812683105,"Male"
"6018403",371836,2025-08-29 14:20:45,33.4801445007324,-7.54168891906738,"Male"
"6018403",371836,2025-08-29 14:30:55,33.4799346923828,-7.54185914993286,"Male"
"6018403",371836,2025-08-29 14:40:47,33.4796028137207,-7.54225921630859,"Male"
"6018403",371836,2025-08-29 14:50:46,33.4809226989746,-7.54140472412109,"Male"
"6018403",371836,2025-08-29 15:00:44,33.479679107666,-7.5418872833252,"Male"
"6018403",371836,2025-08-29 15:10:47,33.479663848877,-7.54193258285522,"Male"
"6018403",371836,2025-08-29 15:20:44,33.4795951843262,-7.54196739196777,"Male"
"6018403",371836,2025-08-29 15:30:44,33.4795951843262,-7.54189300537109,"Male"
"6018403",371836,2025-08-29 15:40:49,33.4795455932617,-7.54196882247925,"Male"
"6018403",371836,2025-08-29 15:50:47,33.4810371398926,-7.54192161560059,"Male"
"6018403",371836,2025-08-29 16:00:49,33.481071472168,-7.54196739196777,"Male"
"6018403",371836,2025-08-29 16:10:53,33.4811058044434,-7.54181385040283,"Male"
"6018403",371836,2025-08-29 16:20:45,33.4809913635254,-7.54177331924438,"Male"
"6018403",371836,2025-08-29 16:30:44,33.4796104431152,-7.54090404510498,"Male"
"6018403",371836,2025-08-29 16:40:45,33.4802093505859,-7.54077339172363,"Male"
"6018403",371836,2025-08-29 16:50:44,33.4802551269531,-7.54107093811035,"Male"
"6018403",371836,2025-08-29 17:00:45,33.4806976318359,-7.54117965698242,"Male"
"6018403",371836,2025-08-29 17:10:48,33.4804153442383,-7.54200649261475,"Male"
"6018403",371836,2025-08-29 17:20:44,33.4805755615234,-7.54060411453247,"Male"
"6018403",371836,2025-08-29 17:30:51,33.4809341430664,-7.54036569595337,"Male"
"6018403",371836,2025-08-29 17:41:02,33.4805335998535,-7.54152011871338,"Male"
"6018403",371836,2025-08-29 17:50:46,33.4802665710449,-7.54067611694336,"Male"
"6018403",371836,2025-08-29 18:00:46,33.4802436828613,-7.54081439971924,"Male"
"6018403",371836,2025-08-29 18:10:52,33.4797515869141,-7.54181718826294,"Male"
"6018403",371836,2025-08-29 18:20:45,33.4799957275391,-7.54008102416992,"Male"
"6018403",371836,2025-08-29 18:30:47,33.4832229614258,-7.5363597869873,"Male"
"6018403",371836,2025-08-29 18:41:00,33.4837265014648,-7.53682470321655,"Male"
"6018403",371836,2025-08-29 18:50:47,33.4836845397949,-7.53648614883423,"Male"
"6018403",371836,2025-08-29 19:00:46,33.4850311279297,-7.53701162338257,"Male"
"6018403",371836,2025-08-29 19:10:46,33.5025215148926,-7.54534816741943,"Male"
"6018403",371836,2025-08-29 19:20:48,33.5280227661133,-7.57789182662964,"Male"
"6018403",371836,2025-08-29 19:30:46,33.561408996582,-7.60251617431641,"Male"
"6018403",371836,2025-08-29 19:40:46,33.5994491577148,-7.60675716400146,"Male"
"6018403",371836,2025-08-29 19:51:08,33.6016960144043,-7.60574913024902,"Male"
"6018403",371836,2025-08-29 20:01:05,33.601993560791,-7.60533761978149,"Male"
"6018403",371836,2025-08-29 20:10:50,33.6017417907715,-7.60551834106445,"Male"
"6018403",371836,2025-08-29 20:20:49,33.6019401550293,-7.60505390167236,"Male"
"6018403",371836,2025-08-29 20:30:54,33.6018218994141,-7.60528945922852,"Male"
"6018403",371836,2025-08-29 20:40:54,33.6017608642578,-7.60546350479126,"Male"
"6018403",371836,2025-08-29 20:51:05,33.6018486022949,-7.60533046722412,"Male"
"6018403",371836,2025-08-29 21:00:52,33.6018676757812,-7.60538911819458,"Male"
"6018403",371836,2025-08-29 21:10:53,33.6017456054688,-7.6052360534668,"Male"
"6018403",371836,2025-08-29 21:20:47,33.601692199707,-7.60548782348633,"Male"
"6018403",371836,2025-08-29 21:30:49,33.6016159057617,-7.60542440414429,"Male"
"6018403",371836,2025-08-29 21:40:45,33.6017799377441,-7.60543632507324,"Male"
"6018403",371836,2025-08-29 21:50:51,33.6021118164062,-7.60583972930908,"Male"
"6018403",371836,2025-08-29 22:00:49,33.6018447875977,-7.60542583465576,"Male"
"6018403",371836,2025-08-29 22:10:49,33.6017532348633,-7.60532855987549,"Male"
"6018403",371836,2025-08-29 22:20:52,33.6018905639648,-7.60545492172241,"Male"
"6018403",371836,2025-08-29 22:30:47,33.6001396179199,-7.60653209686279,"Male"
"6018403",371836,2025-08-29 22:40:55,33.5995407104492,-7.60642528533935,"Male"
"6018403",371836,2025-08-29 22:50:54,33.599536895752,-7.60617160797119,"Male"
"6018403",371836,2025-08-29 23:01:02,33.5996856689453,-7.60619211196899,"Male"
"6018403",371836,2025-08-29 23:10:46,33.5996589660645,-7.60637950897217,"Male"
"6018403",371836,2025-08-29 23:20:48,33.599681854248,-7.60620021820068,"Male"
"6018403",371836,2025-08-29 23:30:54,33.5996551513672,-7.60629606246948,"Male"
"6018403",371836,2025-08-29 23:40:49,33.5996246337891,-7.60631036758423,"Male"
"6018403",371836,2025-08-29 23:50:47,33.5996322631836,-7.60633182525635,"Male"
"6018403",371836,2025-08-30 00:00:47,33.5995903015137,-7.60625600814819,"Male"
"6018403",371836,2025-08-30 00:10:45,33.5997200012207,-7.60617256164551,"Male"
"6018403",371836,2025-08-30 00:20:46,33.5997009277344,-7.60619592666626,"Male"
"6018403",371836,2025-08-30 00:30:49,33.5996322631836,-7.60632467269897,"Male"
"6018403",371836,2025-08-30 00:40:45,33.5998191833496,-7.60661315917969,"Male"
"6018403",371836,2025-08-30 00:50:48,33.5997314453125,-7.60653162002563,"Male"
"6018403",371836,2025-08-30 01:00:45,33.5997428894043,-7.60634088516235,"Male"
"6018403",371836,2025-08-30 01:10:45,33.5997047424316,-7.60635805130005,"Male"
"6018403",371836,2025-08-30 01:20:46,33.5997505187988,-7.60629177093506,"Male"
"6018403",371836,2025-08-30 01:30:53,33.6000137329102,-7.60653257369995,"Male"
"6018403",371836,2025-08-30 01:40:51,33.5997467041016,-7.60626411437988,"Male"
"6018403",371836,2025-08-30 01:50:47,33.5999603271484,-7.60670280456543,"Male"
"6018403",371836,2025-08-30 02:00:47,33.5997161865234,-7.60623407363892,"Male"
"6018403",371836,2025-08-30 02:10:47,33.5995979309082,-7.6060037612915,"Male"
"6018403",371836,2025-08-30 02:20:46,33.5997619628906,-7.60628414154053,"Male"
"6018403",371836,2025-08-30 02:30:46,33.5998420715332,-7.60654211044312,"Male"
"6018403",371836,2025-08-30 02:40:48,33.5997314453125,-7.60628509521484,"Male"
"6018403",371836,2025-08-30 02:50:59,33.599925994873,-7.60675239562988,"Male"
"6018403",371836,2025-08-30 03:00:54,33.6000099182129,-7.606605052948,"Male"
"6018403",371836,2025-08-30 03:10:56,33.5999565124512,-7.60654973983765,"Male"
"6018403",371836,2025-08-30 03:21:01,33.6000137329102,-7.60655403137207,"Male"
"6018403",371836,2025-08-30 03:30:57,33.5999450683594,-7.60649108886719,"Male"
"6018403",371836,2025-08-30 03:40:54,33.6000328063965,-7.60639572143555,"Male"
"6018403",371836,2025-08-30 03:50:56,33.5998382568359,-7.60643768310547,"Male"
"6018403",371836,2025-08-30 04:00:54,33.5997543334961,-7.60628890991211,"Male"
"6018403",371836,2025-08-30 04:10:48,33.5998306274414,-7.6063117980957,"Male"
"6018403",371836,2025-08-30 04:20:54,33.5995750427246,-7.60626125335693,"Male"
"6018403",371836,2025-08-30 04:30:51,33.5996131896973,-7.60628414154053,"Male"
"6018403",371836,2025-08-30 04:40:53,33.6001892089844,-7.60644006729126,"Male"
"6018403",371836,2025-08-30 04:50:55,33.6006851196289,-7.60658359527588,"Male"
"6018403",371836,2025-08-30 05:00:48,33.5995903015137,-7.60654211044312,"Male"
"6018403",371836,2025-08-30 05:10:48,33.6004981994629,-7.60637950897217,"Male"
"6018403",371836,2025-08-30 05:20:55,33.6001281738281,-7.60641431808472,"Male"
"6018403",371836,2025-08-30 05:30:47,33.5998573303223,-7.6064395904541,"Male"
"6018403",371836,2025-08-30 05:40:48,33.6005592346191,-7.60637617111206,"Male"
"6018403",371836,2025-08-30 05:50:46,33.5982208251953,-7.60767126083374,"Male"
"6018403",371836,2025-08-30 06:00:47,33.5992240905762,-7.60635995864868,"Male"
"6018403",371836,2025-08-30 06:10:49,33.5999069213867,-7.60644054412842,"Male"
"6018403",371836,2025-08-30 06:20:47,33.5932769775391,-7.62440776824951,"Male"
"6018403",371836,2025-08-30 06:30:51,33.5929107666016,-7.68917226791382,"Male"
"6018403",371836,2025-08-30 06:40:55,33.5731468200684,-7.69428491592407,"Male"
"6018403",371836,2025-08-30 06:50:49,33.5735740661621,-7.69410133361816,"Male"
"6018403",371836,2025-08-30 07:00:49,33.5735626220703,-7.69406938552856,"Male"
"6018403",371836,2025-08-30 07:10:48,33.5732307434082,-7.69433069229126,"Male"
"6018403",371836,2025-08-30 07:20:49,33.573055267334,-7.6946439743042,"Male"
"6018403",371836,2025-08-30 07:30:46,33.5744400024414,-7.69020366668701,"Male"
"6018403",371836,2025-08-30 07:40:48,33.5743637084961,-7.68694400787354,"Male"
"6018403",371836,2025-08-30 07:50:46,33.5546760559082,-7.67275238037109,"Male"
"6018403",371836,2025-08-30 08:00:46,33.5697288513184,-7.65726566314697,"Male"
"6018403",371836,2025-08-30 08:10:50,33.5663528442383,-7.6284441947937,"Male"
"6018403",371836,2025-08-30 08:20:47,33.5674476623535,-7.62803220748901,"Male"
"6018403",371836,2025-08-30 08:30:46,33.5673408508301,-7.62844371795654,"Male"
"6018403",371836,2025-08-30 08:40:50,33.5672416687012,-7.62863922119141,"Male"
"6018403",371836,2025-08-30 08:50:47,33.5673599243164,-7.62851667404175,"Male"
"6018403",371836,2025-08-30 09:00:51,33.5675888061523,-7.62790489196777,"Male"
"6018403",371836,2025-08-30 09:10:49,33.5741157531738,-7.62937068939209,"Male"
"6018403",371836,2025-08-30 09:20:46,33.5740623474121,-7.62933969497681,"Male"
"6018403",371836,2025-08-30 09:30:46,33.5739288330078,-7.62952280044556,"Male"
"6018403",371836,2025-08-30 09:40:47,33.573902130127,-7.62966346740723,"Male"
"6018403",371836,2025-08-30 09:50:46,33.574089050293,-7.62938404083252,"Male"
"6018403",371836,2025-08-30 10:00:47,33.5741081237793,-7.6295280456543,"Male"
"6018403",371836,2025-08-30 10:10:50,33.5735092163086,-7.62900304794312,"Male"
"6018403",371836,2025-08-30 10:20:47,33.5744018554688,-7.6298017501831,"Male"
"6018403",371836,2025-08-30 10:30:48,33.574333190918,-7.62966728210449,"Male"
"6018403",371836,2025-08-30 10:40:54,33.5736465454102,-7.62908172607422,"Male"
"6018403",371836,2025-08-30 10:50:48,33.5724487304688,-7.63067579269409,"Male"
"6018403",371836,2025-08-30 11:00:48,33.5581436157227,-7.58892059326172,"Male"
"6018403",371836,2025-08-30 11:10:49,33.5483779907227,-7.55069398880005,"Male"
"6018403",371836,2025-08-30 11:20:48,33.5484771728516,-7.55054521560669,"Male"
"6018403",371836,2025-08-30 11:30:50,33.5483665466309,-7.55064392089844,"Male"
"6018403",371836,2025-08-30 11:40:47,33.5483207702637,-7.55075883865356,"Male"
"6018403",371836,2025-08-30 11:50:46,33.5223274230957,-7.54908275604248,"Male"
"6018403",371836,2025-08-30 12:00:52,33.4796485900879,-7.54150199890137,"Male"
"6018403",371836,2025-08-30 12:11:23,33.4793815612793,-7.54234743118286,"Male"
"6018403",371836,2025-08-30 12:20:45,33.4794082641602,-7.54222583770752,"Male"
"6018403",371836,2025-08-30 12:30:47,33.4801597595215,-7.54101705551147,"Male"
"6018403",371836,2025-08-30 12:40:45,33.481143951416,-7.54232025146484,"Male"
"6018403",371836,2025-08-30 12:50:46,33.4812240600586,-7.5423150062561,"Male"
"6018403",371836,2025-08-30 13:00:46,33.4810981750488,-7.54240560531616,"Male"
"6018403",371836,2025-08-30 13:10:46,33.4811553955078,-7.54240226745605,"Male"
"6018403",371836,2025-08-30 13:20:47,33.4811401367188,-7.54236078262329,"Male"
"6018403",371836,2025-08-30 13:30:46,33.4797592163086,-7.54211950302124,"Male"
"6018403",371836,2025-08-30 13:40:46,33.4797134399414,-7.54226207733154,"Male"
"6018403",371836,2025-08-30 13:50:48,33.4797859191895,-7.54232358932495,"Male"
"6018403",371836,2025-08-30 14:00:47,33.4795951843262,-7.54214191436768,"Male"
"6018403",371836,2025-08-30 14:10:47,33.4798469543457,-7.54224824905396,"Male"
"6018403",371836,2025-08-30 14:20:47,33.4806251525879,-7.54218244552612,"Male"
"6018403",371836,2025-08-30 14:30:46,33.4809379577637,-7.54031658172607,"Male"
"6018403",371836,2025-08-30 14:40:45,33.4785270690918,-7.49010419845581,"Male"
"6018403",371836,2025-08-30 14:50:46,33.4731330871582,-7.4281210899353,"Male"
"6018403",371836,2025-08-30 15:00:46,33.4809188842773,-7.38541460037231,"Male"
"6018403",371836,2025-08-30 15:10:47,33.4943618774414,-7.33173942565918,"Male"
"6018403",371836,2025-08-30 15:20:47,33.493824005127,-7.33544206619263,"Male"
"6018403",371836,2025-08-30 15:30:47,33.4877662658691,-7.35953187942505,"Male"
"6018403",371836,2025-08-30 15:40:46,33.4861183166504,-7.40155458450317,"Male"
"6018403",371836,2025-08-30 15:50:46,33.4821701049805,-7.44950485229492,"Male"
"6018403",371836,2025-08-30 16:00:46,33.475887298584,-7.49097585678101,"Male"
"6018403",371836,2025-08-30 16:10:46,33.4818305969238,-7.53817176818848,"Male"
"6018403",371836,2025-08-30 16:20:50,33.4808807373047,-7.54142093658447,"Male"
"6018403",371836,2025-08-30 16:30:47,33.4804725646973,-7.54168939590454,"Male"
"6018403",371836,2025-08-30 16:40:49,33.4811019897461,-7.54116010665894,"Male"
"6018403",371836,2025-08-30 16:50:46,33.4809341430664,-7.54109382629395,"Male"
"6018403",371836,2025-08-30 17:00:49,33.4807624816895,-7.54121589660645,"Male"
"6018403",371836,2025-08-30 17:10:47,33.4807205200195,-7.54122257232666,"Male"
"6018403",371836,2025-08-30 17:20:48,33.4809112548828,-7.54141283035278,"Male"
"6018403",371836,2025-08-30 17:31:14,33.4808692932129,-7.54168128967285,"Male"
"6018403",371836,2025-08-30 17:40:47,33.4827461242676,-7.5404109954834,"Male"
"6018403",371836,2025-08-30 17:50:47,33.4835510253906,-7.53982734680176,"Male"
"6018403",371836,2025-08-30 18:00:48,33.4840469360352,-7.54074001312256,"Male"
"6018403",371836,2025-08-30 18:10:49,33.4837417602539,-7.53841066360474,"Male"
"6018403",371836,2025-08-30 18:20:48,33.4831314086914,-7.53871250152588,"Male"
"6018403",371836,2025-08-30 18:30:48,33.4838447570801,-7.53844738006592,"Male"
"6018403",371836,2025-08-30 18:40:50,33.4834213256836,-7.53873157501221,"Male"
"6018403",371836,2025-08-30 18:50:50,33.4837036132812,-7.53862285614014,"Male"
"6018403",371836,2025-08-30 19:00:54,33.4841918945312,-7.53855323791504,"Male"
"6018403",371836,2025-08-30 19:10:52,33.4845924377441,-7.53905534744263,"Male"
"6018403",371836,2025-08-30 19:20:47,33.5000038146973,-7.54808044433594,"Male"
"6018403",371836,2025-08-30 19:31:14,33.5151405334473,-7.59752798080444,"Male"
"6018403",371836,2025-08-30 19:40:46,33.5537338256836,-7.60881948471069,"Male"
"6018403",371836,2025-08-30 19:50:46,33.5996360778809,-7.60632371902466,"Male"
"6018403",371836,2025-08-30 20:00:46,33.5998001098633,-7.60633325576782,"Male"
"6018403",371836,2025-08-30 20:10:52,33.5997695922852,-7.60619878768921,"Male"
"6018403",371836,2025-08-30 20:20:48,33.5998115539551,-7.60635280609131,"Male"
"6018403",371836,2025-08-30 20:30:46,33.5998229980469,-7.60615825653076,"Male"
"6018403",371836,2025-08-30 20:40:49,33.5998611450195,-7.60621738433838,"Male"
"6018403",371836,2025-08-30 20:50:47,33.5996627807617,-7.60634326934815,"Male"
"6018403",371836,2025-08-30 21:00:48,33.5997161865234,-7.60581302642822,"Male"
"6018403",371836,2025-08-30 21:10:48,33.5994758605957,-7.60654878616333,"Male"
"6018403",371836,2025-08-30 21:20:53,33.5997047424316,-7.60629081726074,"Male"
"6018403",371836,2025-08-30 21:30:47,33.5995597839355,-7.60632562637329,"Male"
"6018403",371836,2025-08-30 21:40:48,33.6019134521484,-7.60536575317383,"Male"
"6018403",371836,2025-08-30 21:50:52,33.6019134521484,-7.60561800003052,"Male"
"6018403",371836,2025-08-30 22:00:47,33.6020889282227,-7.60578680038452,"Male"
"6018403",371836,2025-08-30 22:10:50,33.6021957397461,-7.6057276725769,"Male"
"6018403",371836,2025-08-30 22:20:48,33.6022682189941,-7.60573768615723,"Male"
"6018403",371836,2025-08-30 22:30:47,33.6023101806641,-7.60564708709717,"Male"
"6018403",371836,2025-08-30 22:40:49,33.6023330688477,-7.60555171966553,"Male"
"6018403",371836,2025-08-30 22:50:52,33.602237701416,-7.60574817657471,"Male"
"6018403",371836,2025-08-30 23:00:47,33.6021766662598,-7.60570812225342,"Male"
"6018403",371836,2025-08-30 23:10:47,33.602108001709,-7.60573434829712,"Male"
"6018403",371836,2025-08-30 23:20:49,33.6024398803711,-7.60523128509521,"Male"
"6018403",371836,2025-08-30 23:30:54,33.6022453308105,-7.60559463500977,"Male"
"6018403",371836,2025-08-30 23:40:55,33.602165222168,-7.60556221008301,"Male"
"6018403",371836,2025-08-30 23:50:50,33.6021728515625,-7.60553741455078,"Male"
"6018403",371836,2025-08-31 00:00:48,33.6021003723145,-7.6054892539978,"Male"
"6018403",371836,2025-08-31 00:10:54,33.6019096374512,-7.60598564147949,"Male"
"6018403",371836,2025-08-31 00:20:47,33.6020202636719,-7.6055326461792,"Male"
"6018403",371836,2025-08-31 00:30:49,33.6020317077637,-7.60551691055298,"Male"
"6018403",371836,2025-08-31 00:40:46,33.6021614074707,-7.60530853271484,"Male"
"6018403",371836,2025-08-31 00:50:50,33.6020317077637,-7.60543632507324,"Male"
"6018403",371836,2025-08-31 01:00:49,33.6020278930664,-7.60527753829956,"Male"
"6018403",371836,2025-08-31 01:10:47,33.6020202636719,-7.60534000396729,"Male"
"6018403",371836,2025-08-31 01:20:49,33.6018104553223,-7.60479927062988,"Male"
"6018403",371836,2025-08-31 01:30:47,33.6018943786621,-7.6048378944397,"Male"
"6018403",371836,2025-08-31 01:40:49,33.6025009155273,-7.60581874847412,"Male"
"6018403",371836,2025-08-31 01:50:49,33.602668762207,-7.60638523101807,"Male"
"6018403",371836,2025-08-31 02:01:29,33.6020088195801,-7.60544347763062,"Male"
"6018403",371836,2025-08-31 02:10:46,33.6019973754883,-7.60539579391479,"Male"
"6018403",371836,2025-08-31 02:20:46,33.6019058227539,-7.60534858703613,"Male"
"6018403",371836,2025-08-31 02:30:47,33.6018943786621,-7.60547351837158,"Male"
"6018403",371836,2025-08-31 02:40:47,33.6018829345703,-7.60544013977051,"Male"
"6018403",371836,2025-08-31 02:50:47,33.6023368835449,-7.60383939743042,"Male"
"6018403",371836,2025-08-31 03:00:47,33.6023559570312,-7.60356044769287,"Male"
"6018403",371836,2025-08-31 03:10:53,33.6024208068848,-7.60494613647461,"Male"
"6018403",371836,2025-08-31 03:20:49,33.6025886535645,-7.60411500930786,"Male"
"6018403",371836,2025-08-31 03:30:51,33.6034622192383,-7.6048150062561,"Male"
"6018403",371836,2025-08-31 03:40:48,33.6025009155273,-7.6052885055542,"Male"
"6018403",371836,2025-08-31 03:50:47,33.6025047302246,-7.60559463500977,"Male"
"6018403",371836,2025-08-31 04:00:47,33.6025886535645,-7.60551071166992,"Male"
"6018403",371836,2025-08-31 04:10:48,33.6024971008301,-7.60586595535278,"Male"
"6018403",371836,2025-08-31 04:20:50,33.6026763916016,-7.60801410675049,"Male"
"6018403",371836,2025-08-31 04:30:55,33.602180480957,-7.60634183883667,"Male"
"6018403",371836,2025-08-31 04:40:48,33.6023826599121,-7.60657739639282,"Male"
"6018403",371836,2025-08-31 04:51:05,33.6018218994141,-7.60543203353882,"Male"
"6018403",371836,2025-08-31 05:00:46,33.6017990112305,-7.60551929473877,"Male"
"6018403",371836,2025-08-31 05:10:46,33.6018447875977,-7.60548114776611,"Male"
"6018403",371836,2025-08-31 05:20:50,33.6018333435059,-7.60564708709717,"Male"
"6018403",371836,2025-08-31 05:30:54,33.6020050048828,-7.60495948791504,"Male"
"6018403",371836,2025-08-31 05:40:46,33.6018943786621,-7.60555458068848,"Male"
"6018403",371836,2025-08-31 05:51:01,33.6020469665527,-7.60501527786255,"Male"
"6018403",371836,2025-08-31 06:01:03,33.5996360778809,-7.60585308074951,"Male"
"6018403",371836,2025-08-31 06:11:05,33.5997123718262,-7.60628271102905,"Male"
"6018403",371836,2025-08-31 06:20:47,33.5995826721191,-7.60658407211304,"Male"
"6018403",371836,2025-08-31 06:30:54,33.5995788574219,-7.60658311843872,"Male"
"6018403",371836,2025-08-31 06:40:55,33.5995445251465,-7.60661268234253,"Male"
"6018403",371836,2025-08-31 06:50:55,33.5996627807617,-7.60649490356445,"Male"
"6018403",371836,2025-08-31 07:00:53,33.599666595459,-7.60645771026611,"Male"
"6018403",371836,2025-08-31 07:10:55,33.599479675293,-7.60674905776978,"Male"
"6018403",371836,2025-08-31 07:20:49,33.5999946594238,-7.6077675819397,"Male"
"6018403",371836,2025-08-31 07:30:52,33.5996017456055,-7.60648059844971,"Male"
"6018403",371836,2025-08-31 07:40:56,33.5996513366699,-7.60644865036011,"Male"
"6018403",371836,2025-08-31 07:50:52,33.5989799499512,-7.60719156265259,"Male"
"6018403",371836,2025-08-31 08:00:47,33.5983428955078,-7.60565042495728,"Male"
"6018403",371836,2025-08-31 08:10:52,33.5974769592285,-7.60509729385376,"Male"
"6018403",371836,2025-08-31 08:20:52,33.5971145629883,-7.60497713088989,"Male"
"6018403",371836,2025-08-31 08:30:48,33.5967025756836,-7.60533332824707,"Male"
"6018403",371836,2025-08-31 08:40:47,33.5968780517578,-7.60556268692017,"Male"
"6018403",371836,2025-08-31 08:50:47,33.596736907959,-7.60579967498779,"Male"
"6018403",371836,2025-08-31 09:00:51,33.5973663330078,-7.60513925552368,"Male"
"6018403",371836,2025-08-31 09:10:47,33.5973472595215,-7.60528039932251,"Male"
"6018403",371836,2025-08-31 09:20:53,33.5970497131348,-7.60470485687256,"Male"
"6018403",371836,2025-08-31 09:30:46,33.5972938537598,-7.60561370849609,"Male"
"6018403",371836,2025-08-31 09:40:47,33.5972061157227,-7.60509014129639,"Male"
"6018403",371836,2025-08-31 09:50:49,33.5967407226562,-7.60521125793457,"Male"
"6018403",371836,2025-08-31 10:00:49,33.5973892211914,-7.60498189926147,"Male"
"6018403",371836,2025-08-31 10:10:47,33.5954933166504,-7.57377481460571,"Male"
"6018403",371836,2025-08-31 10:20:48,33.595703125,-7.57388687133789,"Male"
"6018403",371836,2025-08-31 10:30:51,33.5954818725586,-7.57354879379272,"Male"
"6018403",371836,2025-08-31 10:40:55,33.5954666137695,-7.57363224029541,"Male"
"6018403",371836,2025-08-31 10:50:51,33.5954742431641,-7.5738000869751,"Male"
"6018403",371836,2025-08-31 11:00:54,33.5955200195312,-7.57387161254883,"Male"
"6018403",371836,2025-08-31 11:11:03,33.5955238342285,-7.57380247116089,"Male"
"6018403",371836,2025-08-31 11:20:54,33.5954437255859,-7.57395648956299,"Male"
"6018403",371836,2025-08-31 11:30:59,33.5955696105957,-7.57398223876953,"Male"
"6018403",371836,2025-08-31 11:40:54,33.5955200195312,-7.57407331466675,"Male"
"6018403",371836,2025-08-31 11:51:00,33.5956268310547,-7.57407712936401,"Male"
"6018403",371836,2025-08-31 12:00:54,33.5955848693848,-7.57418870925903,"Male"
"6018403",371836,2025-08-31 12:11:11,33.5956611633301,-7.57395124435425,"Male"
"6018403",371836,2025-08-31 12:20:50,33.5959205627441,-7.5736141204834,"Male"
"6018403",371836,2025-08-31 12:30:49,33.595832824707,-7.57366609573364,"Male"
"6018403",371836,2025-08-31 12:40:47,33.5933265686035,-7.57326030731201,"Male"
"6018403",371836,2025-08-31 12:50:47,33.5471267700195,-7.55381965637207,"Male"
"6018403",371836,2025-08-31 13:00:48,33.4934692382812,-7.54076766967773,"Male"
"6018403",371836,2025-08-31 13:10:59,33.4792633056641,-7.54233551025391,"Male"
"6018403",371836,2025-08-31 13:20:54,33.4793853759766,-7.54204559326172,"Male"
"6018403",371836,2025-08-31 13:31:02,33.4794464111328,-7.54216623306274,"Male"
"6018403",371836,2025-08-31 13:40:48,33.4786567687988,-7.54130554199219,"Male"
"6018403",371836,2025-08-31 13:50:51,33.4794692993164,-7.54203367233276,"Male"
"6018403",371836,2025-08-31 14:00:49,33.4797096252441,-7.54178810119629,"Male"
"6018403",371836,2025-08-31 14:10:47,33.4799613952637,-7.5429425239563,"Male"
"6018403",371836,2025-08-31 14:20:47,33.4814300537109,-7.54056262969971,"Male"
"6018403",371836,2025-08-31 14:30:47,33.4944915771484,-7.50098085403442,"Male"
"6018403",371836,2025-08-31 14:40:47,33.5249519348145,-7.49485969543457,"Male"
"6018403",371836,2025-08-31 14:50:47,33.5478439331055,-7.51682949066162,"Male"
"6018403",371836,2025-08-31 15:00:48,33.5921440124512,-7.54809141159058,"Male"
"6018403",371836,2025-08-31 15:10:51,33.6110458374023,-7.55765914916992,"Male"
"6018403",371836,2025-08-31 15:20:53,33.6276321411133,-7.55850648880005,"Male"
"6018403",371836,2025-08-31 15:30:57,33.6153144836426,-7.54707908630371,"Male"
"6018403",371836,2025-08-31 15:40:52,33.6152153015137,-7.54696464538574,"Male"
"6018403",371836,2025-08-31 15:51:05,33.6152305603027,-7.54737091064453,"Male"
"6018403",371836,2025-08-31 16:00:47,33.6118202209473,-7.56369018554688,"Male"
"6018403",371836,2025-08-31 16:10:48,33.6118965148926,-7.56347274780273,"Male"
"6018403",371836,2025-08-31 16:20:54,33.602668762207,-7.57545804977417,"Male"
"6018403",371836,2025-08-31 16:30:48,33.6026268005371,-7.57648897171021,"Male"
"6018403",371836,2025-08-31 16:40:59,33.6025772094727,-7.57623481750488,"Male"
"6018403",371836,2025-08-31 16:51:02,33.6026344299316,-7.57613658905029,"Male"
"6018403",371836,2025-08-31 17:01:02,33.6029663085938,-7.57642650604248,"Male"
"6018403",371836,2025-08-31 17:10:50,33.6028823852539,-7.57589101791382,"Male"
"6018403",371836,2025-08-31 17:21:10,33.6026153564453,-7.57442855834961,"Male"
"6018403",371836,2025-08-31 17:31:01,33.6025390625,-7.57472133636475,"Male"
"6018403",371836,2025-08-31 17:41:23,33.6023406982422,-7.57482624053955,"Male"
"6018403",371836,2025-08-31 17:50:47,33.6023979187012,-7.57493591308594,"Male"
"6018403",371836,2025-08-31 18:00:54,33.6024703979492,-7.57490682601929,"Male"
"6018403",371836,2025-08-31 18:10:53,33.6020584106445,-7.57488679885864,"Male"
"6018403",371836,2025-08-31 18:20:49,33.6019592285156,-7.57480525970459,"Male"
"6018403",371836,2025-08-31 18:30:53,33.6022262573242,-7.57483768463135,"Male"
"6018403",371836,2025-08-31 18:41:00,33.6023292541504,-7.57477521896362,"Male"
"6018403",371836,2025-08-31 18:50:53,33.6023101806641,-7.57472133636475,"Male"
"6018403",371836,2025-08-31 19:01:23,33.5969467163086,-7.60503196716309,"Male"
"6018403",371836,2025-08-31 19:10:47,33.5968894958496,-7.60507106781006,"Male"
"6018403",371836,2025-08-31 19:20:46,33.5971336364746,-7.605149269104,"Male"
"6018403",371836,2025-08-31 19:30:47,33.5984916687012,-7.60508823394775,"Male"
"6018403",371836,2025-08-31 19:40:49,33.6000328063965,-7.60631370544434,"Male"
"6018403",371836,2025-08-31 19:50:51,33.6002197265625,-7.606689453125,"Male"
"6018403",371836,2025-08-31 20:00:55,33.6001319885254,-7.60644626617432,"Male"
"6018403",371836,2025-08-31 20:10:52,33.6001396179199,-7.60632371902466,"Male"
"6018403",371836,2025-08-31 20:20:48,33.6003723144531,-7.60644435882568,"Male"
"6018403",371836,2025-08-31 20:31:23,33.6000556945801,-7.60641241073608,"Male"
"6018403",371836,2025-08-31 20:40:51,33.6000747680664,-7.60643768310547,"Male"
"6018403",371836,2025-08-31 20:50:47,33.5999984741211,-7.60665559768677,"Male"
"6018403",371836,2025-08-31 21:00:46,33.6000328063965,-7.6065502166748,"Male"
"6018403",371836,2025-08-31 21:10:53,33.6019401550293,-7.60543298721313,"Male"
"6018403",371836,2025-08-31 21:20:54,33.601936340332,-7.6060938835144,"Male"
"6018403",371836,2025-08-31 21:30:54,33.6019096374512,-7.6056923866272,"Male"
"6018403",371836,2025-08-31 21:40:55,33.601863861084,-7.60583114624023,"Male"
"6018403",371836,2025-08-31 21:51:08,33.6020660400391,-7.60591793060303,"Male"
"6018403",371836,2025-08-31 22:01:11,33.6019706726074,-7.6057391166687,"Male"
"6018403",371836,2025-08-31 22:10:56,33.6018905639648,-7.6058292388916,"Male"
"6018403",371836,2025-08-31 22:21:12,33.6018981933594,-7.60581398010254,"Male"
"6018403",371836,2025-08-31 22:31:21,33.6019020080566,-7.60547256469727,"Male"
"6018403",371836,2025-08-31 22:40:47,33.6018142700195,-7.6054859161377,"Male"
"6018403",371836,2025-08-31 22:50:53,33.6018486022949,-7.6054835319519,"Male"
"6018403",371836,2025-08-31 23:00:53,33.6017875671387,-7.60553550720215,"Male"
"6018403",371836,2025-08-31 23:10:46,33.6022033691406,-7.60503435134888,"Male"
"6018403",371836,2025-08-31 23:20:48,33.6020927429199,-7.60518074035645,"Male"
"6018403",371836,2025-08-31 23:30:49,33.6018867492676,-7.60550498962402,"Male"
"6018403",371836,2025-08-31 23:40:49,33.6018409729004,-7.60545444488525,"Male"
"6018403",371836,2025-08-31 23:50:47,33.6018829345703,-7.6052713394165,"Male"
"6018403",371836,2025-09-01 00:00:46,33.6018905639648,-7.60540390014648,"Male"
"6018403",371836,2025-09-01 00:10:49,33.6018104553223,-7.6054744720459,"Male"
"6018403",371836,2025-09-01 00:20:51,33.6015777587891,-7.60536861419678,"Male"
"6018403",371836,2025-09-01 00:30:51,33.6018409729004,-7.6053614616394,"Male"
"6018403",371836,2025-09-01 00:40:49,33.6019058227539,-7.60522317886353,"Male"
"6018403",371836,2025-09-01 00:50:53,33.6019058227539,-7.60561466217041,"Male"
"6018403",371836,2025-09-01 01:00:48,33.6018524169922,-7.60522603988647,"Male"
"6018403",371836,2025-09-01 01:11:13,33.6018142700195,-7.60554933547974,"Male"
"6018403",371836,2025-09-01 01:20:52,33.6017189025879,-7.60531616210938,"Male"
"6018403",371836,2025-09-01 01:30:57,33.60205078125,-7.60580492019653,"Male"
"6018403",371836,2025-09-01 01:40:57,33.6017875671387,-7.60536098480225,"Male"
"6018403",371836,2025-09-01 01:51:14,33.6019248962402,-7.6055850982666,"Male"
"6018403",371836,2025-09-01 02:00:54,33.6019744873047,-7.60581398010254,"Male"
"6018403",371836,2025-09-01 02:10:52,33.6019515991211,-7.60582494735718,"Male"
"6018403",371836,2025-09-01 02:20:55,33.6019096374512,-7.60563373565674,"Male"
"6018403",371836,2025-09-01 02:31:23,33.601879119873,-7.60547113418579,"Male"
"6018403",371836,2025-09-01 02:40:47,33.6018257141113,-7.60539627075195,"Male"
"6018403",371836,2025-09-01 02:50:47,33.6018562316895,-7.60546207427979,"Male"
"6018403",371836,2025-09-01 03:01:11,33.6018867492676,-7.60546016693115,"Male"
"6018403",371836,2025-09-01 03:10:47,33.6018295288086,-7.60541677474976,"Male"
"6018403",371836,2025-09-01 03:20:48,33.6018486022949,-7.60548782348633,"Male"
"6018403",371836,2025-09-01 03:30:54,33.6019477844238,-7.60543251037598,"Male"
"6018403",371836,2025-09-01 03:40:55,33.6019973754883,-7.60554027557373,"Male"
"6018403",371836,2025-09-01 03:51:14,33.6019706726074,-7.60550594329834,"Male"
"6018403",371836,2025-09-01 04:00:55,33.6019439697266,-7.60548162460327,"Male"
"6018403",371836,2025-09-01 04:10:54,33.6021575927734,-7.60557222366333,"Male"
"6018403",371836,2025-09-01 04:20:54,33.6019592285156,-7.60558032989502,"Male"
"6018403",371836,2025-09-01 04:31:01,33.601863861084,-7.60559463500977,"Male"
"6018403",371836,2025-09-01 04:40:56,33.601806640625,-7.60547208786011,"Male"
"6018403",371836,2025-09-01 04:51:03,33.601863861084,-7.60546445846558,"Male"
"6018403",371836,2025-09-01 05:00:49,33.6018753051758,-7.60554218292236,"Male"
"6018403",371836,2025-09-01 05:10:53,33.6013488769531,-7.6058177947998,"Male"
"6018403",371836,2025-09-01 05:20:48,33.6019172668457,-7.60544347763062,"Male"
"6018403",371836,2025-09-01 05:30:49,33.6018714904785,-7.60552835464478,"Male"
"6018403",371836,2025-09-01 05:40:53,33.6020050048828,-7.60547256469727,"Male"
"6018403",371836,2025-09-01 05:50:54,33.6017723083496,-7.60536861419678,"Male"
"6018403",371836,2025-09-01 06:00:54,33.6017303466797,-7.60530853271484,"Male"
"6018403",371836,2025-09-01 06:10:54,33.6018180847168,-7.60548496246338,"Male"
"6018403",371836,2025-09-01 06:21:14,33.5995712280273,-7.60631132125854,"Male"
"6018403",371836,2025-09-01 06:30:54,33.5995826721191,-7.60637903213501,"Male"
"6018403",371836,2025-09-01 06:41:01,33.6002388000488,-7.60597085952759,"Male"
"6018403",371836,2025-09-01 06:51:14,33.599494934082,-7.60635662078857,"Male"
"6018403",371836,2025-09-01 07:00:50,33.5994987487793,-7.60617685317993,"Male"
"6018403",371836,2025-09-01 07:10:53,33.5994262695312,-7.60626411437988,"Male"
"6018403",371836,2025-09-01 07:20:57,33.5993461608887,-7.60601615905762,"Male"
"6018403",371836,2025-09-01 07:30:55,33.5992393493652,-7.60624408721924,"Male"
"6018403",371836,2025-09-01 07:40:56,33.5995330810547,-7.6058030128479,"Male"
"6018403",371836,2025-09-01 07:51:01,33.599422454834,-7.60635328292847,"Male"
"6018403",371836,2025-09-01 08:01:23,33.5995788574219,-7.60621881484985,"Male"
"6018403",371836,2025-09-01 08:10:47,33.5993461608887,-7.60635805130005,"Male"
"6018403",371836,2025-09-01 08:20:47,33.5994529724121,-7.60636377334595,"Male"
"6018403",371836,2025-09-01 08:30:47,33.5995826721191,-7.60617399215698,"Male"
"6018403",371836,2025-09-01 08:40:49,33.5995445251465,-7.60620307922363,"Male"
"6018403",371836,2025-09-01 08:50:49,33.5994033813477,-7.60646343231201,"Male"
"6018403",371836,2025-09-01 09:01:15,33.599437713623,-7.60616874694824,"Male"
"6018403",371836,2025-09-01 09:10:59,33.5967445373535,-7.59035491943359,"Male"
"6018403",371836,2025-09-01 09:20:53,33.5897979736328,-7.56305885314941,"Male"
"6018403",371836,2025-09-01 09:31:14,33.5514259338379,-7.55061435699463,"Male"
"6018403",371836,2025-09-01 09:40:59,33.5474166870117,-7.54920244216919,"Male"
"6018403",371836,2025-09-01 09:50:51,33.5473899841309,-7.54923725128174,"Male"
"6018403",371836,2025-09-01 10:00:51,33.5475196838379,-7.54932165145874,"Male"
"6018403",371836,2025-09-01 10:11:05,33.547534942627,-7.54936552047729,"Male"
"6018403",371836,2025-09-01 10:21:14,33.5474281311035,-7.54929733276367,"Male"
"6018403",371836,2025-09-01 10:30:55,33.5473823547363,-7.54917001724243,"Male"
"6018403",371836,2025-09-01 10:40:53,33.5474395751953,-7.54937076568604,"Male"
"6018403",371836,2025-09-01 10:51:12,33.5473747253418,-7.54919719696045,"Male"
"6018403",371836,2025-09-01 11:00:47,33.5473899841309,-7.549147605896,"Male"
"6018403",371836,2025-09-01 11:10:52,33.5485954284668,-7.55102634429932,"Male"
"6018403",371836,2025-09-01 11:20:48,33.5481338500977,-7.55055522918701,"Male"
"6018403",371836,2025-09-01 11:30:50,33.5479125976562,-7.5504412651062,"Male"
"6018403",371836,2025-09-01 11:40:51,33.5481147766113,-7.55065298080444,"Male"
"6018403",371836,2025-09-01 11:51:15,33.5483665466309,-7.55085039138794,"Male"
"6018403",371836,2025-09-01 12:01:35,33.5421257019043,-7.52508592605591,"Male"
"6018403",371836,2025-09-01 12:10:47,33.5004501342773,-7.54074668884277,"Male"
"6018403",371836,2025-09-01 12:20:54,33.4848976135254,-7.53730440139771,"Male"
"6018403",371836,2025-09-01 12:30:52,33.4850540161133,-7.53729724884033,"Male"
"6018403",371836,2025-09-01 12:40:49,33.4849853515625,-7.53713178634644,"Male"
"6018403",371836,2025-09-01 12:50:48,33.4811859130859,-7.54117822647095,"Male"
"6018403",371836,2025-09-01 13:00:48,33.4809989929199,-7.54190015792847,"Male"
"6018403",371836,2025-09-01 13:10:49,33.4809379577637,-7.54148769378662,"Male"
"6018403",371836,2025-09-01 13:20:54,33.4792785644531,-7.54156112670898,"Male"
"6018403",371836,2025-09-01 13:30:52,33.4793128967285,-7.54219579696655,"Male"
"6018403",371836,2025-09-01 13:40:49,33.4793090820312,-7.54227447509766,"Male"
"6018403",371836,2025-09-01 13:50:51,33.4792289733887,-7.54220247268677,"Male"
"6018403",371836,2025-09-01 14:01:23,33.4794311523438,-7.54239082336426,"Male"
"6018403",371836,2025-09-01 14:10:50,33.4793548583984,-7.54252052307129,"Male"
"6018403",371836,2025-09-01 14:20:54,33.4797744750977,-7.54220724105835,"Male"
"6018403",371836,2025-09-01 14:30:48,33.4796295166016,-7.54256582260132,"Male"
"6018403",371836,2025-09-01 14:40:51,33.4799003601074,-7.54312133789062,"Male"
"6018403",371836,2025-09-01 14:50:54,33.4795837402344,-7.54256248474121,"Male"
"6018403",371836,2025-09-01 15:00:54,33.4795761108398,-7.5425443649292,"Male"
"6018403",371836,2025-09-01 15:11:14,33.4796180725098,-7.54254198074341,"Male"
"6018403",371836,2025-09-01 15:20:54,33.479621887207,-7.54234504699707,"Male"
"6018403",371836,2025-09-01 15:30:54,33.4802131652832,-7.54223203659058,"Male"
"6018403",371836,2025-09-01 15:41:23,33.4802017211914,-7.54212617874146,"Male"
"6018403",371836,2025-09-01 15:50:51,33.4800567626953,-7.54224395751953,"Male"
"6018403",371836,2025-09-01 16:00:47,33.4803619384766,-7.54214334487915,"Male"
"6018403",371836,2025-09-01 16:10:53,33.4801712036133,-7.54234981536865,"Male"
"6018403",371836,2025-09-01 16:20:53,33.4802894592285,-7.54224491119385,"Male"
"6018403",371836,2025-09-01 16:30:53,33.4803657531738,-7.54225873947144,"Male"
"6018403",371836,2025-09-01 16:40:52,33.4802551269531,-7.54237842559815,"Male"
"6018403",371836,2025-09-01 16:50:54,33.4803237915039,-7.54239368438721,"Male"
"6018403",371836,2025-09-01 17:00:48,33.4802436828613,-7.54182386398315,"Male"
"6018403",371836,2025-09-01 17:10:58,33.4802360534668,-7.54204702377319,"Male"
"6018403",371836,2025-09-01 17:21:19,33.480152130127,-7.54173564910889,"Male"
"6018403",371836,2025-09-01 17:30:52,33.4804801940918,-7.54204797744751,"Male"
"6018403",371836,2025-09-01 17:40:52,33.4806976318359,-7.54185247421265,"Male"
"6018403",371836,2025-09-01 17:50:47,33.4806671142578,-7.54199171066284,"Male"
"6018403",371836,2025-09-01 18:00:46,33.4806900024414,-7.5409107208252,"Male"
"6018403",371836,2025-09-01 18:10:55,33.4860725402832,-7.5370945930481,"Male"
"6018403",371836,2025-09-01 18:20:54,33.4862289428711,-7.53704118728638,"Male"
"6018403",371836,2025-09-01 18:31:00,33.4864959716797,-7.53709697723389,"Male"
"6018403",371836,2025-09-01 18:40:57,33.4873504638672,-7.53782749176025,"Male"
"6018403",371836,2025-09-01 18:50:54,33.4872703552246,-7.53944683074951,"Male"
"6018403",371836,2025-09-01 19:00:56,33.4863319396973,-7.53911209106445,"Male"
"6018403",371836,2025-09-01 19:11:23,33.4855918884277,-7.53892278671265,"Male"
"6018403",371836,2025-09-01 19:20:46,33.5109024047852,-7.55835485458374,"Male"
"6018403",371836,2025-09-01 19:30:46,33.5372009277344,-7.59566450119019,"Male"
"6018403",371836,2025-09-01 19:40:47,33.5715408325195,-7.61909198760986,"Male"
"6018403",371836,2025-09-01 19:50:47,33.6020164489746,-7.60583305358887,"Male"
"6018403",371836,2025-09-01 20:00:47,33.6019248962402,-7.60565805435181,"Male"
"6018403",371836,2025-09-01 20:10:47,33.6021957397461,-7.60544013977051,"Male"
"6018403",371836,2025-09-01 20:20:48,33.601863861084,-7.60541009902954,"Male"
"6018403",371836,2025-09-01 20:30:49,33.6018829345703,-7.60537338256836,"Male"
"6018403",371836,2025-09-01 20:41:14,33.6018333435059,-7.60555839538574,"Male"
"6018403",371836,2025-09-01 20:50:48,33.6019554138184,-7.60539197921753,"Male"
"6018403",371836,2025-09-01 21:00:54,33.602222442627,-7.60564565658569,"Male"
"6018403",371836,2025-09-01 21:10:56,33.6018257141113,-7.60552358627319,"Male"
"6018403",371836,2025-09-01 21:20:57,33.6022682189941,-7.60584783554077,"Male"
"6018403",371836,2025-09-01 21:31:53,33.6018142700195,-7.60548162460327,"Male"
"6018403",371836,2025-09-01 21:40:48,33.6018218994141,-7.60548543930054,"Male"
"6018403",371836,2025-09-01 21:50:56,33.6017112731934,-7.6053729057312,"Male"
"6018403",371836,2025-09-01 22:01:01,33.6019134521484,-7.60530948638916,"Male"
"6018403",371836,2025-09-01 22:11:04,33.6015548706055,-7.60501098632812,"Male"
"6018403",371836,2025-09-01 22:21:14,33.6017799377441,-7.60537338256836,"Male"
"6018403",371836,2025-09-01 22:30:53,33.6018981933594,-7.60560607910156,"Male"
"6018403",371836,2025-09-01 22:41:00,33.6019248962402,-7.60534381866455,"Male"
"6018403",371836,2025-09-01 22:51:14,33.6019706726074,-7.60529518127441,"Male"
"6018403",371836,2025-09-01 23:01:14,33.6019172668457,-7.60552978515625,"Male"
"6018403",371836,2025-09-01 23:10:48,33.6019515991211,-7.60536050796509,"Male"
"6018403",371836,2025-09-01 23:20:54,33.6018981933594,-7.60549640655518,"Male"
"6018403",371836,2025-09-01 23:30:47,33.6018180847168,-7.60557460784912,"Male"
"6018403",371836,2025-09-01 23:40:54,33.6017723083496,-7.60559034347534,"Male"
"6018403",371836,2025-09-01 23:51:02,33.601734161377,-7.60537624359131,"Male"
"6018403",371836,2025-09-02 00:01:14,33.6018562316895,-7.60549736022949,"Male"
"6018403",371836,2025-09-02 00:10:55,33.6017723083496,-7.60534334182739,"Male"
"6018403",371836,2025-09-02 00:21:14,33.6018104553223,-7.60545969009399,"Male"
"6018403",371836,2025-09-02 00:31:00,33.6018486022949,-7.60537624359131,"Male"
"6018403",371836,2025-09-02 00:41:03,33.6017646789551,-7.6053204536438,"Male"
"6018403",371836,2025-09-02 00:51:17,33.6019439697266,-7.60561275482178,"Male"
"6018403",371836,2025-09-02 01:01:05,33.601993560791,-7.60550785064697,"Male"
"6018403",371836,2025-09-02 01:10:54,33.6020431518555,-7.605553150177,"Male"
"6018403",371836,2025-09-02 01:20:51,33.6020164489746,-7.60552072525024,"Male"
"6018403",371836,2025-09-02 01:31:13,33.6019592285156,-7.60566425323486,"Male"
"6018403",371836,2025-09-02 01:40:54,33.6018371582031,-7.60559415817261,"Male"
"6018403",371836,2025-09-02 01:50:54,33.6020126342773,-7.60550546646118,"Male"
"6018403",371836,2025-09-02 02:01:14,33.6018295288086,-7.60568141937256,"Male"
"6018403",371836,2025-09-02 02:10:54,33.6018180847168,-7.60560512542725,"Male"
"6018403",371836,2025-09-02 02:21:14,33.6018524169922,-7.60544109344482,"Male"
"6018403",371836,2025-09-02 02:30:52,33.601978302002,-7.60540771484375,"Male"
"6018403",371836,2025-09-02 02:40:54,33.6019172668457,-7.60536670684815,"Male"
"6018403",371836,2025-09-02 02:51:14,33.6019248962402,-7.60543823242188,"Male"
"6018403",371836,2025-09-02 03:00:54,33.601921081543,-7.60538625717163,"Male"
"6018403",371836,2025-09-02 03:10:54,33.6019325256348,-7.60550689697266,"Male"
"6018403",371836,2025-09-02 03:21:00,33.6019287109375,-7.60536193847656,"Male"
"6018403",371836,2025-09-02 03:30:54,33.6019897460938,-7.60552597045898,"Male"
"6018403",371836,2025-09-02 03:41:23,33.6018981933594,-7.60525989532471,"Male"
"6018403",371836,2025-09-02 03:50:51,33.6018524169922,-7.60550594329834,"Male"
"6018403",371836,2025-09-02 04:00:50,33.6017761230469,-7.6049017906189,"Male"
"6018403",371836,2025-09-02 04:10:52,33.6018409729004,-7.60551786422729,"Male"
"6018403",371836,2025-09-02 04:21:00,33.6017646789551,-7.60564517974854,"Male"
"6018403",371836,2025-09-02 04:31:14,33.6018371582031,-7.60544776916504,"Male"
"6018403",371836,2025-09-02 04:41:21,33.6017074584961,-7.60582399368286,"Male"
"6018403",371836,2025-09-02 04:50:48,33.6020164489746,-7.60562896728516,"Male"
"6018403",371836,2025-09-02 05:00:48,33.6018180847168,-7.60575532913208,"Male"
"6018403",371836,2025-09-02 05:10:51,33.6016235351562,-7.60601711273193,"Male"
"6018403",371836,2025-09-02 05:20:53,33.6016960144043,-7.60574340820312,"Male"
"6018403",371836,2025-09-02 05:31:14,33.601734161377,-7.60573530197144,"Male"
"6018403",371836,2025-09-02 05:40:47,33.6002197265625,-7.60643815994263,"Male"
"6018403",371836,2025-09-02 05:50:53,33.6003341674805,-7.6061315536499,"Male"
"6018403",371836,2025-09-02 06:00:55,33.5952568054199,-7.64706516265869,"Male"
"6018403",371836,2025-09-02 06:11:43,33.6017532348633,-7.66699934005737,"Male"
"6018403",371836,2025-09-02 06:21:15,33.5991134643555,-7.64172172546387,"Male"
"6018403",371836,2025-09-02 06:30:58,33.5995941162109,-7.64167213439941,"Male"
"6018403",371836,2025-09-02 06:40:47,33.5993919372559,-7.64132690429688,"Male"
"6018403",371836,2025-09-02 06:51:23,33.5993995666504,-7.64150810241699,"Male"
"6018403",371836,2025-09-02 07:00:47,33.5995101928711,-7.64139604568481,"Male"
"6018403",371836,2025-09-02 07:10:46,33.5851097106934,-7.6259126663208,"Male"
"6018403",371836,2025-09-02 07:20:51,33.5873374938965,-7.61422252655029,"Male"
"6018403",371836,2025-09-02 07:30:51,33.5873565673828,-7.61419773101807,"Male"
"6018403",371836,2025-09-02 07:40:48,33.5869293212891,-7.61381483078003,"Male"
"6018403",371836,2025-09-02 07:50:53,33.5843124389648,-7.60385274887085,"Male"
"6018403",371836,2025-09-02 08:01:23,33.5845184326172,-7.60418128967285,"Male"
"6018403",371836,2025-09-02 08:10:47,33.5845146179199,-7.60427045822144,"Male"
"6018403",371836,2025-09-02 08:20:46,33.5846061706543,-7.60404634475708,"Male"
"6018403",371836,2025-09-02 08:30:47,33.5843696594238,-7.6047534942627,"Male"
"6018403",371836,2025-09-02 08:40:46,33.5845069885254,-7.60428810119629,"Male"
"6018403",371836,2025-09-02 08:50:51,33.5844345092773,-7.60418605804443,"Male"
"6018403",371836,2025-09-02 09:00:54,33.5845985412598,-7.60428524017334,"Male"
"6018403",371836,2025-09-02 09:11:00,33.5844612121582,-7.60423231124878,"Male"
"6018403",371836,2025-09-02 09:20:54,33.5846366882324,-7.60423564910889,"Male"
"6018403",371836,2025-09-02 09:30:53,33.5844955444336,-7.60427379608154,"Male"
"6018403",371836,2025-09-02 09:41:02,33.584846496582,-7.60439777374268,"Male"
"6018403",371836,2025-09-02 09:50:51,33.5745086669922,-7.58714246749878,"Male"
"6018403",371836,2025-09-02 10:00:53,33.5790863037109,-7.5839204788208,"Male"
"6018403",371836,2025-09-02 10:10:59,33.5476341247559,-7.54981136322021,"Male"
"6018403",371836,2025-09-02 10:21:24,33.5476303100586,-7.54950523376465,"Male"
"6018403",371836,2025-09-02 10:30:48,33.5474014282227,-7.54933500289917,"Male"
"6018403",371836,2025-09-02 10:40:54,33.5470848083496,-7.54899454116821,"Male"
"6018403",371836,2025-09-02 10:50:52,33.5474548339844,-7.54936361312866,"Male"
"6018403",371836,2025-09-02 11:00:52,33.5474624633789,-7.54937267303467,"Male"
"6018403",371836,2025-09-02 11:10:49,33.5475082397461,-7.54943180084229,"Male"
"6018403",371836,2025-09-02 11:20:52,33.5473403930664,-7.54933023452759,"Male"
"6018403",371836,2025-09-02 11:30:54,33.5473976135254,-7.54928970336914,"Male"
"6018403",371836,2025-09-02 11:40:58,33.5474090576172,-7.54937362670898,"Male"
"6018403",371836,2025-09-02 11:51:18,33.5473327636719,-7.54916191101074,"Male"
"6018403",371836,2025-09-02 12:01:23,33.5473823547363,-7.54949188232422,"Male"
"6018403",371836,2025-09-02 12:10:55,33.5474319458008,-7.54933738708496,"Male"
"6018403",371836,2025-09-02 12:21:02,33.5042686462402,-7.53930377960205,"Male"
"6018403",371836,2025-09-02 12:31:14,33.4848022460938,-7.53759908676147,"Male"
"6018403",371836,2025-09-02 12:40:55,33.4907341003418,-7.53923511505127,"Male"
"6018403",371836,2025-09-02 12:51:01,33.479923248291,-7.54271459579468,"Male"
"6018403",371836,2025-09-02 13:01:03,33.4802551269531,-7.54240274429321,"Male"
"6018403",371836,2025-09-02 13:11:02,33.4798736572266,-7.54222583770752,"Male"
"6018403",371836,2025-09-02 13:21:03,33.4798812866211,-7.54223680496216,"Male"
"6018403",371836,2025-09-02 13:31:06,33.4799880981445,-7.54217672348022,"Male"
"6018403",371836,2025-09-02 13:41:08,33.4811553955078,-7.54206609725952,"Male"
"6018403",371836,2025-09-02 13:51:11,33.4804382324219,-7.54208946228027,"Male"
"6018403",371836,2025-09-02 14:01:15,33.4793395996094,-7.54223489761353,"Male"
"6018403",371836,2025-09-02 14:11:01,33.479248046875,-7.54159593582153,"Male"
"6018403",371836,2025-09-02 14:21:29,33.479850769043,-7.54206800460815,"Male"
"6018403",371836,2025-09-02 14:30:53,33.4799385070801,-7.54188632965088,"Male"
"6018403",371836,2025-09-02 14:40:54,33.4800262451172,-7.5420036315918,"Male"
"6018403",371836,2025-09-02 14:51:06,33.4799499511719,-7.54198741912842,"Male"
"6018403",371836,2025-09-02 15:01:02,33.4799957275391,-7.54188823699951,"Male"
"6018403",371836,2025-09-02 15:11:14,33.4789085388184,-7.54152870178223,"Male"
"6018403",371836,2025-09-02 15:21:01,33.4804000854492,-7.54196166992188,"Male"
"6018403",371836,2025-09-02 15:31:33,33.4808235168457,-7.54250764846802,"Male"
"6018403",371836,2025-09-02 15:40:48,33.4829940795898,-7.53660297393799,"Male"
"6018403",371836,2025-09-02 15:50:48,33.4896774291992,-7.53277397155762,"Male"
"6018403",371836,2025-09-02 16:00:52,33.4809494018555,-7.54204273223877,"Male"
"6018403",371836,2025-09-02 16:10:50,33.4812889099121,-7.54222726821899,"Male"
"6018403",371836,2025-09-02 16:21:01,33.4809417724609,-7.5421667098999,"Male"
"6018403",371836,2025-09-02 16:31:01,33.4810028076172,-7.54212665557861,"Male"
"6018403",371836,2025-09-02 16:41:01,33.4810600280762,-7.5420560836792,"Male"
"6018403",371836,2025-09-02 16:51:53,33.4862899780273,-7.53959894180298,"Male"
"6018403",371836,2025-09-02 17:00:50,33.4870681762695,-7.53930187225342,"Male"
"6018403",371836,2025-09-02 17:10:49,33.4808387756348,-7.54183292388916,"Male"
"6018403",371836,2025-09-02 17:21:23,33.4810371398926,-7.54191493988037,"Male"
"6018403",371836,2025-09-02 17:30:53,33.4808921813965,-7.54163789749146,"Male"
"6018403",371836,2025-09-02 17:40:50,33.4795150756836,-7.54058599472046,"Male"
"6018403",371836,2025-09-02 17:50:50,33.4793853759766,-7.53959226608276,"Male"
"6018403",371836,2025-09-02 18:01:23,33.4797515869141,-7.54189968109131,"Male"
"6018403",371836,2025-09-02 18:10:53,33.4809684753418,-7.54125738143921,"Male"
"6018403",371836,2025-09-02 18:20:48,33.4868392944336,-7.53912448883057,"Male"
"6018403",371836,2025-09-02 18:31:03,33.4841804504395,-7.53895568847656,"Male"
"6018403",371836,2025-09-02 18:41:14,33.4842071533203,-7.53899526596069,"Male"
"6018403",371836,2025-09-02 18:51:01,33.4846420288086,-7.53940916061401,"Male"
"6018403",371836,2025-09-02 19:01:01,33.4851608276367,-7.53742837905884,"Male"
"6018403",371836,2025-09-02 19:11:01,33.5034484863281,-7.55714988708496,"Male"
"6018403",371836,2025-09-02 19:21:01,33.5327529907227,-7.57816982269287,"Male"
"6018403",371836,2025-09-02 19:31:42,33.5696296691895,-7.6093578338623,"Male"
"6018403",371836,2025-09-02 19:40:52,33.6020202636719,-7.60535430908203,"Male"
"6018403",371836,2025-09-02 19:50:49,33.6021270751953,-7.60530996322632,"Male"
"6018403",371836,2025-09-02 20:00:52,33.6019325256348,-7.60529661178589,"Male"
"6018403",371836,2025-09-02 20:10:52,33.602108001709,-7.60550451278687,"Male"
"6018403",371836,2025-09-02 20:21:14,33.6019630432129,-7.60534238815308,"Male"
"6018403",371836,2025-09-02 20:31:07,33.6016540527344,-7.6053295135498,"Male"
"6018403",371836,2025-09-02 20:40:49,33.6022109985352,-7.60574340820312,"Male"
"6018403",371836,2025-09-02 20:51:15,33.601863861084,-7.60541582107544,"Male"
"6018403",371836,2025-09-02 21:01:14,33.6018104553223,-7.60537910461426,"Male"
"6018403",371836,2025-09-02 21:10:53,33.6015625,-7.60522556304932,"Male"
"6018403",371836,2025-09-02 21:20:58,33.601505279541,-7.60520839691162,"Male"
"6018403",371836,2025-09-02 21:30:55,33.6018486022949,-7.60546255111694,"Male"
"6018403",371836,2025-09-02 21:41:01,33.6018333435059,-7.60544013977051,"Male"
"6018403",371836,2025-09-02 21:51:29,33.6018562316895,-7.60548782348633,"Male"
"6018403",371836,2025-09-02 22:00:51,33.6016235351562,-7.6053786277771,"Male"
"6018403",371836,2025-09-02 22:10:48,33.6020240783691,-7.6056957244873,"Male"
"6018403",371836,2025-09-02 22:20:50,33.6017684936523,-7.60529041290283,"Male"
"6018403",371836,2025-09-02 22:30:50,33.6016082763672,-7.60522890090942,"Male"
"6018403",371836,2025-09-02 22:40:53,33.6017417907715,-7.60543155670166,"Male"
"6018403",371836,2025-09-02 22:50:53,33.6012725830078,-7.60450983047485,"Male"
"6018403",371836,2025-09-02 23:00:55,33.6019821166992,-7.60545778274536,"Male"
"6018403",371836,2025-09-02 23:10:52,33.6018600463867,-7.60547924041748,"Male"
"6018403",371836,2025-09-02 23:20:50,33.6019172668457,-7.60558366775513,"Male"
"6018403",371836,2025-09-02 23:30:51,33.6017379760742,-7.6053318977356,"Male"
"6018403",371836,2025-09-02 23:40:51,33.6019096374512,-7.6054425239563,"Male"
"6018403",371836,2025-09-02 23:50:55,33.601936340332,-7.60347557067871,"Male"
"6018403",371836,2025-09-03 00:01:14,33.6018829345703,-7.60538864135742,"Male"
"6018403",371836,2025-09-03 00:11:03,33.601921081543,-7.60542821884155,"Male"
"6018403",371836,2025-09-03 00:21:10,33.6019287109375,-7.60544443130493,"Male"
"6018403",371836,2025-09-03 00:30:55,33.6017799377441,-7.60577917098999,"Male"
"6018403",371836,2025-09-03 00:41:00,33.6018562316895,-7.60554313659668,"Male"
"6018403",371836,2025-09-03 00:51:23,33.6019325256348,-7.60541582107544,"Male"
"6018403",371836,2025-09-03 01:00:51,33.6019248962402,-7.60532999038696,"Male"
"6018403",371836,2025-09-03 01:10:50,33.6016693115234,-7.60505342483521,"Male"
"6018403",371836,2025-09-03 01:20:50,33.6021308898926,-7.60574865341187,"Male"
"6018403",371836,2025-09-03 01:31:01,33.6019630432129,-7.6054539680481,"Male"
"6018403",371836,2025-09-03 01:40:52,33.601978302002,-7.60558176040649,"Male"
"6018403",371836,2025-09-03 01:50:50,33.601978302002,-7.6054744720459,"Male"
"6018403",371836,2025-09-03 02:01:15,33.6018295288086,-7.60541534423828,"Male"
"6018403",371836,2025-09-03 02:10:50,33.6021003723145,-7.60550212860107,"Male"
"6018403",371836,2025-09-03 02:21:00,33.6019554138184,-7.60536909103394,"Male"
"6018403",371836,2025-09-03 02:31:29,33.6019058227539,-7.60542631149292,"Male"
"6018403",371836,2025-09-03 02:40:51,33.6020545959473,-7.60511207580566,"Male"
"6018403",371836,2025-09-03 02:50:58,33.601432800293,-7.60542011260986,"Male"
"6018403",371836,2025-09-03 03:00:50,33.6017684936523,-7.60546684265137,"Male"
"6018403",371836,2025-09-03 03:10:52,33.6018257141113,-7.60521364212036,"Male"
"6018403",371836,2025-09-03 03:20:51,33.6016807556152,-7.60562896728516,"Male"
"6018403",371836,2025-09-03 03:30:51,33.6018562316895,-7.60556507110596,"Male"
"6018403",371836,2025-09-03 03:41:10,33.6017990112305,-7.60558176040649,"Male"
"6018403",371836,2025-09-03 03:50:50,33.6019821166992,-7.60575342178345,"Male"
"6018403",371836,2025-09-03 04:00:50,33.6020050048828,-7.60602855682373,"Male"
"6018403",371836,2025-09-03 04:10:51,33.6015548706055,-7.60539579391479,"Male"
"6018403",371836,2025-09-03 04:20:53,33.6019554138184,-7.60566473007202,"Male"
"6018403",371836,2025-09-03 04:30:54,33.601131439209,-7.60456657409668,"Male"
"6018403",371836,2025-09-03 04:41:14,33.6018295288086,-7.60546398162842,"Male"
"6018403",371836,2025-09-03 04:50:48,33.6018867492676,-7.60542583465576,"Male"
"6018403",371836,2025-09-03 05:00:52,33.601261138916,-7.60588073730469,"Male"
"6018403",371836,2025-09-03 05:10:50,33.6017150878906,-7.60555839538574,"Male"
"6018403",371836,2025-09-03 05:20:50,33.602294921875,-7.60511112213135,"Male"
"6018403",371836,2025-09-03 05:31:23,33.6018447875977,-7.60556888580322,"Male"
"6018403",371836,2025-09-03 05:40:52,33.6020393371582,-7.60570240020752,"Male"
"6018403",371836,2025-09-03 05:50:51,33.5997543334961,-7.60620355606079,"Male"
"6018403",371836,2025-09-03 06:00:53,33.6000213623047,-7.60628318786621,"Male"
"6018403",371836,2025-09-03 06:10:52,33.5994300842285,-7.60590648651123,"Male"
"6018403",371836,2025-09-03 06:21:15,33.5994186401367,-7.60617065429688,"Male"
"6018403",371836,2025-09-03 06:31:01,33.5994567871094,-7.60609912872315,"Male"
"6018403",371836,2025-09-03 06:41:01,33.5995025634766,-7.60598802566528,"Male"
"6018403",371836,2025-09-03 06:51:17,33.5995674133301,-7.60593223571777,"Male"
"6018403",371836,2025-09-03 07:00:53,33.5994338989258,-7.60609102249146,"Male"
"6018403",371836,2025-09-03 07:10:54,33.5995025634766,-7.60603857040405,"Male"
"6018403",371836,2025-09-03 07:20:55,33.5997619628906,-7.60588121414185,"Male"
"6018403",371836,2025-09-03 07:31:01,33.5998077392578,-7.60601997375488,"Male"
"6018403",371836,2025-09-03 07:41:01,33.5900993347168,-7.60471105575562,"Male"
"6018403",371836,2025-09-03 07:51:23,33.5896644592285,-7.60463094711304,"Male"
"6018403",371836,2025-09-03 08:00:53,33.5894508361816,-7.60463714599609,"Male"
"6018403",371836,2025-09-03 08:11:00,33.5896072387695,-7.60454607009888,"Male"
"6018403",371836,2025-09-03 08:21:14,33.5896759033203,-7.60455989837646,"Male"
"6018403",371836,2025-09-03 08:30:51,33.5900955200195,-7.60365152359009,"Male"
"6018403",371836,2025-09-03 08:40:51,33.5895538330078,-7.60442638397217,"Male"
"6018403",371836,2025-09-03 08:51:14,33.5843467712402,-7.60435199737549,"Male"
"6018403",371836,2025-09-03 09:01:02,33.5827369689941,-7.60336923599243,"Male"
"6018403",371836,2025-09-03 09:11:17,33.5843276977539,-7.60443830490112,"Male"
"6018403",371836,2025-09-03 09:21:01,33.5846366882324,-7.60483026504517,"Male"
"6018403",371836,2025-09-03 09:30:58,33.5845642089844,-7.60455894470215,"Male"
"6018403",371836,2025-09-03 09:40:51,33.5845565795898,-7.60384845733643,"Male"
"6018403",371836,2025-09-03 09:51:23,33.5847206115723,-7.60490036010742,"Male"
"6018403",371836,2025-09-03 10:01:36,33.5843620300293,-7.60431432723999,"Male"
"6018403",371836,2025-09-03 10:11:14,33.5844421386719,-7.60518217086792,"Male"
"6018403",371836,2025-09-03 10:21:15,33.5842704772949,-7.60437250137329,"Male"
"6018403",371836,2025-09-03 10:30:52,33.5872802734375,-7.60017681121826,"Male"
"6018403",371836,2025-09-03 10:41:35,33.5809555053711,-7.58150815963745,"Male"
"6018403",371836,2025-09-03 10:50:54,33.5808906555176,-7.58161735534668,"Male"
"6018403",371836,2025-09-03 11:00:53,33.5808296203613,-7.5814414024353,"Male"
"6018403",371836,2025-09-03 11:11:04,33.5809783935547,-7.58156824111938,"Male"
"6018403",371836,2025-09-03 11:20:51,33.5809097290039,-7.58170795440674,"Male"
"6018403",371836,2025-09-03 11:31:02,33.5810661315918,-7.58181238174438,"Male"
"6018403",371836,2025-09-03 11:41:10,33.5813446044922,-7.58165264129639,"Male"
"6018403",371836,2025-09-03 11:51:05,33.5812606811523,-7.58207988739014,"Male"
"6018403",371836,2025-09-03 12:01:03,33.5814247131348,-7.58128118515015,"Male"
"6018403",371836,2025-09-03 12:11:20,33.5814933776855,-7.58185577392578,"Male"
"6018403",371836,2025-09-03 12:20:52,33.5813980102539,-7.58203220367432,"Male"
"6018403",371836,2025-09-03 12:31:00,33.5813636779785,-7.58185243606567,"Male"
"6018403",371836,2025-09-03 12:41:01,33.5812759399414,-7.58239126205444,"Male"
"6018403",371836,2025-09-03 12:51:14,33.5811614990234,-7.58091497421265,"Male"
"6018403",371836,2025-09-03 13:01:23,33.5812835693359,-7.5817699432373,"Male"
"6018403",371836,2025-09-03 13:10:54,33.5812034606934,-7.58180713653565,"Male"
"6018403",371836,2025-09-03 13:20:49,33.5853958129883,-7.57991743087769,"Male"
"6018403",371836,2025-09-03 13:30:49,33.5174827575684,-7.54676485061646,"Male"
"6018403",371836,2025-09-03 13:41:14,33.4807434082031,-7.54172086715698,"Male"
"6018403",371836,2025-09-03 13:50:59,33.4809303283691,-7.54159259796143,"Male"
"6018403",371836,2025-09-03 14:01:23,33.4799842834473,-7.54174423217773,"Male"
"6018403",371836,2025-09-03 14:10:53,33.4799385070801,-7.54180526733398,"Male"
"6018403",371836,2025-09-03 14:21:23,33.4799842834473,-7.54176616668701,"Male"
"6018403",371836,2025-09-03 14:30:52,33.4800186157227,-7.54175853729248,"Male"
"6018403",371836,2025-09-03 14:40:50,33.4799995422363,-7.54181241989136,"Male"
"6018403",371836,2025-09-03 14:51:10,33.4807624816895,-7.54155969619751,"Male"
"6018403",371836,2025-09-03 15:00:53,33.4808044433594,-7.54140281677246,"Male"
"6018403",371836,2025-09-03 15:10:48,33.4798583984375,-7.54177904129028,"Male"
"6018403",371836,2025-09-03 15:21:07,33.4808158874512,-7.54151773452759,"Male"
"6018403",371836,2025-09-03 15:30:53,33.4808006286621,-7.5417742729187,"Male"
"6018403",371836,2025-09-03 15:41:14,33.4810485839844,-7.54212474822998,"Male"
"6018403",371836,2025-09-03 15:50:51,33.4809646606445,-7.54168510437012,"Male"
"6018403",371836,2025-09-03 16:01:24,33.4809494018555,-7.54165649414062,"Male"
"6018403",371836,2025-09-03 16:10:59,33.4809417724609,-7.54160833358765,"Male"
"6018403",371836,2025-09-03 16:20:49,33.481029510498,-7.54181146621704,"Male"
"6018403",371836,2025-09-03 16:30:50,33.4808235168457,-7.5414924621582,"Male"
"6018403",371836,2025-09-03 16:40:57,33.480884552002,-7.54165554046631,"Male"
"6018403",371836,2025-09-03 16:50:50,33.4809188842773,-7.54162120819092,"Male"
"6018403",371836,2025-09-03 17:00:55,33.4810485839844,-7.54196119308472,"Male"
"6018403",371836,2025-09-03 17:11:23,33.4832229614258,-7.54122686386108,"Male"
"6018403",371836,2025-09-03 17:20:59,33.4839935302734,-7.54083824157715,"Male"
"6018403",371836,2025-09-03 17:31:11,33.4840698242188,-7.54088830947876,"Male"
"6018403",371836,2025-09-03 17:40:53,33.4845237731934,-7.53924036026001,"Male"
"6018403",371836,2025-09-03 17:51:00,33.484748840332,-7.53927946090698,"Male"
"6018403",371836,2025-09-03 18:01:08,33.485782623291,-7.53904342651367,"Male"
"6018403",371836,2025-09-03 18:11:29,33.4837112426758,-7.53915309906006,"Male"
"6018403",371836,2025-09-03 18:20:52,33.4838256835938,-7.53930187225342,"Male"
"6018403",371836,2025-09-03 18:30:51,33.4838066101074,-7.5393180847168,"Male"
"6018403",371836,2025-09-03 18:40:51,33.483959197998,-7.53936386108398,"Male"
"6018403",371836,2025-09-03 18:50:59,33.4837455749512,-7.53936910629272,"Male"
"6018403",371836,2025-09-03 19:00:48,33.484058380127,-7.53996276855469,"Male"
"6018403",371836,2025-09-03 19:10:48,33.5101509094238,-7.57054805755615,"Male"
"6018403",371836,2025-09-03 19:20:49,33.5430641174316,-7.59937143325806,"Male"
"6018403",371836,2025-09-03 19:30:49,33.5858612060547,-7.61207628250122,"Male"
"6018403",371836,2025-09-03 19:40:50,33.6028823852539,-7.6075758934021,"Male"
"6018403",371836,2025-09-03 19:50:50,33.6000518798828,-7.60620784759521,"Male"
"6018403",371836,2025-09-03 20:00:50,33.6000442504883,-7.60609912872315,"Male"
"6018403",371836,2025-09-03 20:10:58,33.6004981994629,-7.60606670379639,"Male"
"6018403",371836,2025-09-03 20:21:13,33.6000900268555,-7.60632562637329,"Male"
"6018403",371836,2025-09-03 20:31:14,33.6000671386719,-7.60641050338745,"Male"
"6018403",371836,2025-09-03 20:40:51,33.6003799438477,-7.60642623901367,"Male"
"6018403",371836,2025-09-03 20:50:51,33.5997352600098,-7.60624170303345,"Male"
"6018403",371836,2025-09-03 21:00:58,33.5995864868164,-7.60574817657471,"Male"
"6018403",371836,2025-09-03 21:11:06,33.5998687744141,-7.6062068939209,"Male"
"6018403",371836,2025-09-03 21:21:29,33.5998611450195,-7.60627031326294,"Male"
"6018403",371836,2025-09-03 21:30:50,33.5999412536621,-7.60620546340942,"Male"
"6018403",371836,2025-09-03 21:40:51,33.5999298095703,-7.6062331199646,"Male"
"6018403",371836,2025-09-03 21:50:59,33.5999488830566,-7.60614442825317,"Male"
"6018403",371836,2025-09-03 22:00:49,33.6001396179199,-7.60629796981812,"Male"
"6018403",371836,2025-09-03 22:10:50,33.6001358032227,-7.60631942749023,"Male"
"6018403",371836,2025-09-03 22:21:23,33.5999641418457,-7.60641670227051,"Male"
"6018403",371836,2025-09-03 22:31:00,33.600040435791,-7.60623359680176,"Male"
"6018403",371836,2025-09-03 22:41:00,33.6000099182129,-7.60641431808472,"Male"
"6018403",371836,2025-09-03 22:51:00,33.5998611450195,-7.60637712478638,"Male"
"6018403",371836,2025-09-03 23:01:00,33.6000442504883,-7.60638999938965,"Male"
"6018403",371836,2025-09-03 23:11:00,33.6000175476074,-7.60637760162354,"Male"
"6018403",371836,2025-09-03 23:21:05,33.6000595092773,-7.60643434524536,"Male"
"6018403",371836,2025-09-03 23:31:23,33.6000556945801,-7.60642957687378,"Male"
"6018403",371836,2025-09-03 23:40:54,33.6002006530762,-7.60653448104858,"Male"
"6018403",371836,2025-09-03 23:50:49,33.6001586914062,-7.6064453125,"Male"
"6018403",371836,2025-09-04 00:00:50,33.6001243591309,-7.60644817352295,"Male"
"6018403",371836,2025-09-04 00:10:58,33.6001014709473,-7.60624122619629,"Male"
"6018403",371836,2025-09-04 00:20:48,33.6002464294434,-7.60635566711426,"Male"
"6018403",371836,2025-09-04 00:31:23,33.6002807617188,-7.60647058486938,"Male"
"6018403",371836,2025-09-04 00:40:48,33.6002922058105,-7.60648488998413,"Male"
"6018403",371836,2025-09-04 00:50:51,33.6002922058105,-7.6063666343689,"Male"
"6018403",371836,2025-09-04 01:00:50,33.6002616882324,-7.60641050338745,"Male"
"6018403",371836,2025-09-04 01:10:54,33.6001815795898,-7.60633230209351,"Male"
"6018403",371836,2025-09-04 01:20:52,33.600269317627,-7.60645961761475,"Male"
"6018403",371836,2025-09-04 01:30:51,33.6003036499023,-7.60635900497437,"Male"
"6018403",371836,2025-09-04 01:41:00,33.6002807617188,-7.60640001296997,"Male"
"6018403",371836,2025-09-04 01:50:53,33.6003150939941,-7.60640621185303,"Male"
"6018403",371836,2025-09-04 02:00:52,33.6003684997559,-7.60650300979614,"Male"
"6018403",371836,2025-09-04 02:10:49,33.6002616882324,-7.60637378692627,"Male"
"6018403",371836,2025-09-04 02:20:48,33.6002082824707,-7.6063928604126,"Male"
"6018403",371836,2025-09-04 02:30:49,33.6003189086914,-7.60636615753174,"Male"
"6018403",371836,2025-09-04 02:40:52,33.6003341674805,-7.60638904571533,"Male"
"6018403",371836,2025-09-04 02:50:50,33.6003913879395,-7.60644006729126,"Male"
"6018403",371836,2025-09-04 03:00:53,33.6003799438477,-7.60652208328247,"Male"
"6018403",371836,2025-09-04 03:11:14,33.6002769470215,-7.60648107528687,"Male"
"6018403",371836,2025-09-04 03:20:55,33.600154876709,-7.60566806793213,"Male"
"6018403",371836,2025-09-04 03:31:01,33.6001129150391,-7.60666131973267,"Male"
"6018403",371836,2025-09-04 03:41:00,33.60009765625,-7.60669231414795,"Male"
"6018403",371836,2025-09-04 03:51:15,33.600227355957,-7.60682392120361,"Male"
"6018403",371836,2025-09-04 04:01:24,33.6002044677734,-7.60668134689331,"Male"
"6018403",371836,2025-09-04 04:11:00,33.600154876709,-7.60661888122559,"Male"
"6018403",371836,2025-09-04 04:21:00,33.6002464294434,-7.60663032531738,"Male"
"6018403",371836,2025-09-04 04:31:13,33.600212097168,-7.60668087005615,"Male"
"6018403",371836,2025-09-04 04:41:03,33.6002082824707,-7.60668659210205,"Male"
"6018403",371836,2025-09-04 04:50:57,33.6000289916992,-7.60673379898071,"Male"
"6018403",371836,2025-09-04 05:00:48,33.6001625061035,-7.60683631896973,"Male"
"6018403",371836,2025-09-04 05:10:53,33.6001625061035,-7.60677242279053,"Male"
"6018403",371836,2025-09-04 05:21:23,33.6001472473145,-7.60673427581787,"Male"
"6018403",371836,2025-09-04 05:30:48,33.6001586914062,-7.60683250427246,"Male"
"6018403",371836,2025-09-04 05:40:50,33.6003379821777,-7.60692501068115,"Male"
"6018403",371836,2025-09-04 05:50:49,33.6015205383301,-7.60917520523071,"Male"
"6018403",371836,2025-09-04 06:00:53,33.6040344238281,-7.67118167877197,"Male"
"6018403",371836,2025-09-04 06:10:48,33.5992622375488,-7.63887071609497,"Male"
"6018403",371836,2025-09-04 06:20:55,33.589656829834,-7.60468626022339,"Male"
"6018403",371836,2025-09-04 06:30:51,33.5896530151367,-7.60478019714355,"Male"
"6018403",371836,2025-09-04 06:40:50,33.5896301269531,-7.60477495193481,"Male"
"6018403",371836,2025-09-04 06:50:52,33.589973449707,-7.60523700714111,"Male"
"6018403",371836,2025-09-04 07:00:50,33.5896224975586,-7.6048412322998,"Male"
"6018403",371836,2025-09-04 07:10:49,33.5896034240723,-7.60462713241577,"Male"
"6018403",371836,2025-09-04 07:21:08,33.5897102355957,-7.60465478897095,"Male"
"6018403",371836,2025-09-04 07:30:52,33.589485168457,-7.60451602935791,"Male"
"6018403",371836,2025-09-04 07:41:28,33.5894813537598,-7.60468053817749,"Male"
"6018403",371836,2025-09-04 07:51:02,33.5891342163086,-7.60479116439819,"Male"
"6018403",371836,2025-09-04 08:01:00,33.5895118713379,-7.60473155975342,"Male"
"6018403",371836,2025-09-04 08:10:55,33.5896682739258,-7.60468864440918,"Male"
"6018403",371836,2025-09-04 08:21:11,33.5894355773926,-7.60480070114136,"Male"
"6018403",371836,2025-09-04 08:31:13,33.5893478393555,-7.60481119155884,"Male"
"6018403",371836,2025-09-04 08:40:53,33.5890922546387,-7.60485172271729,"Male"
"6018403",371836,2025-09-04 08:51:03,33.5895195007324,-7.60462188720703,"Male"
"6018403",371836,2025-09-04 09:01:01,33.5894508361816,-7.60480928421021,"Male"
"6018403",371836,2025-09-04 09:10:52,33.5896606445312,-7.60391044616699,"Male"
"6018403",371836,2025-09-04 09:21:14,33.5894317626953,-7.60472679138184,"Male"
"6018403",371836,2025-09-04 09:31:02,33.5903778076172,-7.59716033935547,"Male"
"6018403",371836,2025-09-04 09:41:16,33.5904884338379,-7.59680271148682,"Male"
"6018403",371836,2025-09-04 09:51:25,33.5907745361328,-7.59694910049438,"Male"
"6018403",371836,2025-09-04 10:01:43,33.5905990600586,-7.59682321548462,"Male"
"6018403",371836,2025-09-04 10:11:59,33.5905723571777,-7.59677410125732,"Male"
"6018403",371836,2025-09-04 10:20:51,33.5906524658203,-7.59693622589111,"Male"
"6018403",371836,2025-09-04 10:30:51,33.5907783508301,-7.5969934463501,"Male"
"6018403",371836,2025-09-04 10:41:00,33.5906600952148,-7.59685897827148,"Male"
"6018403",371836,2025-09-04 10:51:33,33.5905799865723,-7.59681224822998,"Male"
"6018403",371836,2025-09-04 11:00:49,33.5907325744629,-7.59666442871094,"Male"
"6018403",371836,2025-09-04 11:10:52,33.5905456542969,-7.59686422348022,"Male"
"6018403",371836,2025-09-04 11:20:58,33.5897102355957,-7.58917474746704,"Male"
"6018403",371836,2025-09-04 11:30:48,33.5896110534668,-7.58936786651611,"Male"
"6018403",371836,2025-09-04 11:40:48,33.5827980041504,-7.58347129821777,"Male"
"6018403",371836,2025-09-04 11:50:48,33.5364456176758,-7.572021484375,"Male"
"6018403",371836,2025-09-04 12:00:49,33.4906921386719,-7.53726577758789,"Male"
"6018403",371836,2025-09-04 12:10:48,33.480297088623,-7.5421895980835,"Male"
"6018403",371836,2025-09-04 12:20:57,33.480712890625,-7.54192686080933,"Male"
"6018403",371836,2025-09-04 12:30:54,33.4808311462402,-7.54212427139282,"Male"
"6018403",371836,2025-09-04 12:40:57,33.4807968139648,-7.54234409332275,"Male"
"6018403",371836,2025-09-04 12:50:52,33.481086730957,-7.54221153259277,"Male"
"6018403",371836,2025-09-04 13:00:54,33.4811477661133,-7.54236078262329,"Male"
"6018403",371836,2025-09-04 13:10:59,33.4808731079102,-7.54155158996582,"Male"
"6018403",371836,2025-09-04 13:20:59,33.4810218811035,-7.5417857170105,"Male"
"6018403",371836,2025-09-04 13:31:23,33.4809112548828,-7.54161548614502,"Male"
"6018403",371836,2025-09-04 13:40:49,33.4812545776367,-7.54187440872192,"Male"
"6018403",371836,2025-09-04 13:50:50,33.4810333251953,-7.54158973693848,"Male"
"6018403",371836,2025-09-04 14:00:50,33.4811058044434,-7.54163265228271,"Male"
"6018403",371836,2025-09-04 14:10:51,33.4811210632324,-7.54152822494507,"Male"
"6018403",371836,2025-09-04 14:20:51,33.4811058044434,-7.54123020172119,"Male"
"6018403",371836,2025-09-04 14:30:49,33.4801025390625,-7.5421724319458,"Male"
"6018403",371836,2025-09-04 14:40:52,33.4802322387695,-7.54219484329224,"Male"
"6018403",371836,2025-09-04 14:50:51,33.4799957275391,-7.54202651977539,"Male"
"6018403",371836,2025-09-04 15:00:51,33.4803886413574,-7.54186773300171,"Male"
"6018403",371836,2025-09-04 15:11:04,33.4803848266602,-7.54197120666504,"Male"
"6018403",371836,2025-09-04 15:20:49,33.4803466796875,-7.54205989837646,"Male"
"6018403",371836,2025-09-04 15:31:13,33.4845962524414,-7.54116725921631,"Male"
"6018403",371836,2025-09-04 15:40:49,33.4858245849609,-7.53917264938354,"Male"
"6018403",371836,2025-09-04 15:51:14,33.4862976074219,-7.53866720199585,"Male"
"6018403",371836,2025-09-04 16:00:54,33.4872856140137,-7.54032278060913,"Male"
"6018403",371836,2025-09-04 16:11:07,33.4801979064941,-7.54276514053345,"Male"
"6018403",371836,2025-09-04 16:21:29,33.4809036254883,-7.54250240325928,"Male"
"6018403",371836,2025-09-04 16:30:58,33.4809646606445,-7.54248046875,"Male"
"6018403",371836,2025-09-04 16:41:14,33.4810028076172,-7.54254198074341,"Male"
"6018403",371836,2025-09-04 16:51:00,33.4798469543457,-7.54209613800049,"Male"
"6018403",371836,2025-09-04 17:00:58,33.480396270752,-7.54183673858643,"Male"
"6018403",371836,2025-09-04 17:10:58,33.48046875,-7.54164743423462,"Male"
"6018403",371836,2025-09-04 17:20:52,33.4805450439453,-7.54186153411865,"Male"
"6018403",371836,2025-09-04 17:31:14,33.4804153442383,-7.54168701171875,"Male"
"6018403",371836,2025-09-04 17:40:52,33.4799346923828,-7.54133558273315,"Male"
"6018403",371836,2025-09-04 17:51:00,33.4827117919922,-7.54053974151611,"Male"
"6018403",371836,2025-09-04 18:01:23,33.4867553710938,-7.53794002532959,"Male"
"6018403",371836,2025-09-04 18:10:53,33.4865303039551,-7.53787136077881,"Male"
"6018403",371836,2025-09-04 18:21:02,33.4869651794434,-7.53783845901489,"Male"
"6018403",371836,2025-09-04 18:31:00,33.4870147705078,-7.53789234161377,"Male"
"6018403",371836,2025-09-04 18:41:15,33.4867210388184,-7.53869438171387,"Male"
"6018403",371836,2025-09-04 18:51:02,33.4896621704102,-7.54678106307983,"Male"
"6018403",371836,2025-09-04 19:01:00,33.5277557373047,-7.57177448272705,"Male"
"6018403",371836,2025-09-04 19:11:06,33.5727462768555,-7.59546375274658,"Male"
"6018403",371836,2025-09-04 19:21:05,33.5997848510742,-7.60671663284302,"Male"
"6018403",371836,2025-09-04 19:31:29,33.6003913879395,-7.60676288604736,"Male"
"6018403",371836,2025-09-04 19:40:49,33.6005210876465,-7.60683250427246,"Male"
"6018403",371836,2025-09-04 19:51:43,33.6004219055176,-7.60721302032471,"Male"
"6018403",371836,2025-09-04 20:01:00,33.6004333496094,-7.60669946670532,"Male"
"6018403",371836,2025-09-04 20:10:52,33.6004219055176,-7.60685443878174,"Male"
"6018403",371836,2025-09-04 20:21:15,33.6003952026367,-7.60658121109009,"Male"
"6018403",371836,2025-09-04 20:30:49,33.6004371643066,-7.6065878868103,"Male"
"6018403",371836,2025-09-04 20:40:52,33.6004028320312,-7.60647058486938,"Male"
"6018403",371836,2025-09-04 20:51:29,33.6003761291504,-7.60673666000366,"Male"
"6018403",371836,2025-09-04 21:00:49,33.6004371643066,-7.60660457611084,"Male"
"6018403",371836,2025-09-04 21:10:49,33.6003227233887,-7.60655069351196,"Male"
"6018403",371836,2025-09-04 21:20:51,33.6005592346191,-7.60672855377197,"Male"
"6018403",371836,2025-09-04 21:30:51,33.6005401611328,-7.60679626464844,"Male"
"6018403",371836,2025-09-04 21:40:50,33.6010475158691,-7.60698986053467,"Male"
"6018403",371836,2025-09-04 21:50:51,33.6009826660156,-7.60693979263306,"Male"
"6018403",371836,2025-09-04 22:01:14,33.6008186340332,-7.60677719116211,"Male"
"6018403",371836,2025-09-04 22:10:52,33.6006088256836,-7.60654211044312,"Male"
"6018403",371836,2025-09-04 22:20:51,33.6008338928223,-7.60694026947021,"Male"
"6018403",371836,2025-09-04 22:30:51,33.6008491516113,-7.60686588287354,"Male"
"6018403",371836,2025-09-04 22:40:55,33.6008682250977,-7.60674619674683,"Male"
"6018403",371836,2025-09-04 22:51:14,33.6007957458496,-7.60688924789429,"Male"
"6018403",371836,2025-09-04 23:00:51,33.6007995605469,-7.60693264007568,"Male"
"6018403",371836,2025-09-04 23:10:50,33.6009483337402,-7.60688924789429,"Male"
"6018403",371836,2025-09-04 23:21:00,33.6009368896484,-7.60719156265259,"Male"
"6018403",371836,2025-09-04 23:30:53,33.6008949279785,-7.60702896118164,"Male"
"6018403",371836,2025-09-04 23:40:53,33.6007652282715,-7.60704851150513,"Male"
"6018403",371836,2025-09-04 23:51:15,33.6007194519043,-7.60709619522095,"Male"
"6018403",371836,2025-09-05 00:01:14,33.6008605957031,-7.60663986206055,"Male"
"6018403",371836,2025-09-05 00:10:55,33.6007843017578,-7.6064076423645,"Male"
"6018403",371836,2025-09-05 00:21:00,33.601245880127,-7.60594940185547,"Male"
"6018403",371836,2025-09-05 00:31:14,33.6007308959961,-7.60662746429443,"Male"
"6018403",371836,2025-09-05 00:40:55,33.6006240844727,-7.60667610168457,"Male"
"6018403",371836,2025-09-05 00:51:12,33.600757598877,-7.60675287246704,"Male"
"6018403",371836,2025-09-05 01:00:54,33.6000137329102,-7.60613918304443,"Male"
"6018403",371836,2025-09-05 01:10:57,33.6000671386719,-7.60655212402344,"Male"
"6018403",371836,2025-09-05 01:21:23,33.5999298095703,-7.606614112854,"Male"
"6018403",371836,2025-09-05 01:31:03,33.5999374389648,-7.60664939880371,"Male"
"6018403",371836,2025-09-05 01:41:23,33.5999603271484,-7.60644912719727,"Male"
"6018403",371836,2025-09-05 01:50:49,33.599925994873,-7.60638999938965,"Male"
"6018403",371836,2025-09-05 02:00:48,33.5998954772949,-7.60639953613281,"Male"
"6018403",371836,2025-09-05 02:10:48,33.6018600463867,-7.60562992095947,"Male"
"6018403",371836,2025-09-05 02:20:49,33.6018562316895,-7.60551404953003,"Male"
"6018403",371836,2025-09-05 02:30:48,33.6018981933594,-7.60559558868408,"Male"
"6018403",371836,2025-09-05 02:40:48,33.6018257141113,-7.60547494888306,"Male"
"6018403",371836,2025-09-05 02:50:57,33.6016807556152,-7.60547018051147,"Male"
"6018403",371836,2025-09-05 03:00:49,33.6019134521484,-7.60543346405029,"Male"
"6018403",371836,2025-09-05 03:10:54,33.602180480957,-7.6059775352478,"Male"
"6018403",371836,2025-09-05 03:20:57,33.6018218994141,-7.60551738739014,"Male"
"6018403",371836,2025-09-05 03:30:55,33.6016998291016,-7.60554647445679,"Male"
"6018403",371836,2025-09-05 03:40:54,33.6019554138184,-7.60561561584473,"Male"
"6018403",371836,2025-09-05 03:50:54,33.6019096374512,-7.60575151443481,"Male"
"6018403",371836,2025-09-05 04:01:01,33.6019287109375,-7.60549545288086,"Male"
"6018403",371836,2025-09-05 04:11:14,33.601863861084,-7.60554265975952,"Male"
"6018403",371836,2025-09-05 04:20:53,33.6017761230469,-7.60479640960693,"Male"
"6018403",371836,2025-09-05 04:31:00,33.6016731262207,-7.60525417327881,"Male"
"6018403",371836,2025-09-05 04:41:13,33.6018829345703,-7.60551261901855,"Male"
"6018403",371836,2025-09-05 04:51:04,33.6020355224609,-7.6057333946228,"Male"
"6018403",371836,2025-09-05 05:01:23,33.601676940918,-7.60542726516724,"Male"
"6018403",371836,2025-09-05 05:10:52,33.6009178161621,-7.60603475570679,"Male"
"6018403",371836,2025-09-05 05:20:54,33.6007766723633,-7.60621023178101,"Male"
"6018403",371836,2025-09-05 05:31:05,33.6015739440918,-7.60540962219238,"Male"
"6018403",371836,2025-09-05 05:41:05,33.6016006469727,-7.60537242889404,"Male"
"6018403",371836,2025-09-05 05:51:15,33.5896835327148,-7.60473394393921,"Male"
"6018403",371836,2025-09-05 06:01:23,33.5895614624023,-7.60468816757202,"Male"
"6018403",371836,2025-09-05 06:10:54,33.5895729064941,-7.6049108505249,"Male"
"6018403",371836,2025-09-05 06:20:53,33.5894622802734,-7.60452508926392,"Male"
"6018403",371836,2025-09-05 06:30:49,33.5895729064941,-7.60450792312622,"Male"
"6018403",371836,2025-09-05 06:40:49,33.5894241333008,-7.60461187362671,"Male"
"6018403",371836,2025-09-05 06:50:51,33.5914077758789,-7.60636854171753,"Male"
"6018403",371836,2025-09-05 07:00:50,33.5920867919922,-7.60616207122803,"Male"
"6018403",371836,2025-09-05 07:10:50,33.5894737243652,-7.60462474822998,"Male"
"6018403",371836,2025-09-05 07:21:00,33.58935546875,-7.60474920272827,"Male"
"6018403",371836,2025-09-05 07:30:54,33.5901565551758,-7.60452556610107,"Male"
"6018403",371836,2025-09-05 07:40:57,33.5899353027344,-7.60446119308472,"Male"
"6018403",371836,2025-09-05 07:50:53,33.5897331237793,-7.60465002059937,"Male"
"6018403",371836,2025-09-05 08:01:05,33.5898399353027,-7.60465669631958,"Male"
"6018403",371836,2025-09-05 08:11:24,33.5896492004395,-7.604567527771,"Male"
"6018403",371836,2025-09-05 08:20:51,33.5895385742188,-7.60466480255127,"Male"
"6018403",371836,2025-09-05 08:30:51,33.5896453857422,-7.60454320907593,"Male"
"6018403",371836,2025-09-05 08:40:51,33.5893058776855,-7.6047625541687,"Male"
"6018403",371836,2025-09-05 08:51:13,33.5891609191895,-7.6047101020813,"Male"
"6018403",371836,2025-09-05 09:01:14,33.589427947998,-7.60480070114136,"Male"
"6018403",371836,2025-09-05 09:10:52,33.589656829834,-7.60409212112427,"Male"
"6018403",371836,2025-09-05 09:20:51,33.5894584655762,-7.60487461090088,"Male"
"6018403",371836,2025-09-05 09:30:52,33.5894203186035,-7.60457038879395,"Male"
"6018403",371836,2025-09-05 09:41:16,33.5892181396484,-7.60433053970337,"Male"
"6018403",371836,2025-09-05 09:51:23,33.589729309082,-7.60495662689209,"Male"
"6018403",371836,2025-09-05 10:01:29,33.5894813537598,-7.60466575622559,"Male"
"6018403",371836,2025-09-05 10:10:49,33.58935546875,-7.60173416137695,"Male"
"6018403",371836,2025-09-05 10:20:51,33.5894508361816,-7.60194873809815,"Male"
"6018403",371836,2025-09-05 10:30:50,33.5894584655762,-7.60194110870361,"Male"
"6018403",371836,2025-09-05 10:40:49,33.5893630981445,-7.60179948806763,"Male"
"6018403",371836,2025-09-05 10:50:52,33.589427947998,-7.60163927078247,"Male"
"6018403",371836,2025-09-05 11:00:52,33.5893783569336,-7.60186958312988,"Male"
"6018403",371836,2025-09-05 11:10:52,33.589412689209,-7.60190486907959,"Male"
"6018403",371836,2025-09-05 11:20:49,33.5700759887695,-7.58380556106567,"Male"
"6018403",371836,2025-09-05 11:30:50,33.5460433959961,-7.55273103713989,"Male"
"6018403",371836,2025-09-05 11:41:14,33.5457763671875,-7.55214929580688,"Male"
"6018403",371836,2025-09-05 11:50:53,33.5457191467285,-7.55211544036865,"Male"
"6018403",371836,2025-09-05 12:00:53,33.5457534790039,-7.55208492279053,"Male"
"6018403",371836,2025-09-05 12:11:01,33.5458946228027,-7.55226612091065,"Male"
"6018403",371836,2025-09-05 12:20:55,33.5436706542969,-7.54607725143433,"Male"
"6018403",371836,2025-09-05 12:41:29,33.4798278808594,-7.54201602935791,"Male"
"6018403",371836,2025-09-05 12:51:14,33.4803314208984,-7.54145050048828,"Male"
"6018403",371836,2025-09-05 13:00:53,33.4802284240723,-7.54126834869385,"Male"
"6018403",371836,2025-09-05 13:10:52,33.4803695678711,-7.54154253005981,"Male"
"6018403",371836,2025-09-05 13:20:59,33.4804382324219,-7.54162788391113,"Male"
"6018403",371836,2025-09-05 13:30:54,33.4804916381836,-7.54173517227173,"Male"
"6018403",371836,2025-09-05 13:40:53,33.4807357788086,-7.54108238220215,"Male"
"6018403",371836,2025-09-05 13:51:14,33.4800720214844,-7.54028797149658,"Male"
"6018403",371836,2025-09-05 14:01:29,33.4794502258301,-7.54210376739502,"Male"
"6018403",371836,2025-09-05 14:11:00,33.4794502258301,-7.54208469390869,"Male"
"6018403",371836,2025-09-05 14:21:00,33.4794464111328,-7.54205799102783,"Male"
"6018403",371836,2025-09-05 14:31:23,33.4809455871582,-7.54147291183472,"Male"
"6018403",371836,2025-09-05 14:40:48,33.4809532165527,-7.54151153564453,"Male"
"6018403",371836,2025-09-05 14:50:50,33.4802589416504,-7.54076194763184,"Male"
"6018403",371836,2025-09-05 15:00:55,33.4803199768066,-7.54040336608887,"Male"
"6018403",371836,2025-09-05 15:10:52,33.4806594848633,-7.5407133102417,"Male"
"6018403",371836,2025-09-05 15:21:14,33.4810600280762,-7.54171276092529,"Male"
"6018403",371836,2025-09-05 15:30:54,33.4811973571777,-7.54220962524414,"Male"
"6018403",371836,2025-09-05 15:40:56,33.4811248779297,-7.54208946228027,"Male"
"6018403",371836,2025-09-05 15:51:15,33.4813575744629,-7.54215669631958,"Male"
"6018403",371836,2025-09-05 16:01:01,33.4812164306641,-7.54208087921143,"Male"
"6018403",371836,2025-09-05 16:11:01,33.4794464111328,-7.54132461547852,"Male"
"6018403",371836,2025-09-05 16:21:01,33.4797821044922,-7.54192209243774,"Male"
"6018403",371836,2025-09-05 16:31:07,33.4892807006836,-7.54850101470947,"Male"
"6018403",371836,2025-09-05 16:41:23,33.4871711730957,-7.53825378417969,"Male"
"6018403",371836,2025-09-05 16:51:03,33.4871520996094,-7.53819513320923,"Male"
"6018403",371836,2025-09-05 17:01:15,33.4870796203613,-7.53831338882446,"Male"
"6018403",371836,2025-09-05 17:10:56,33.4870796203613,-7.53823041915894,"Male"
"6018403",371836,2025-09-05 17:20:56,33.4872055053711,-7.53834056854248,"Male"
"6018403",371836,2025-09-05 17:31:01,33.4871444702148,-7.53820514678955,"Male"
"6018403",371836,2025-09-05 17:41:23,33.4870834350586,-7.5383882522583,"Male"
"6018403",371836,2025-09-05 17:51:02,33.4866104125977,-7.53899908065796,"Male"
"6018403",371836,2025-09-05 18:01:23,33.4865303039551,-7.53902387619019,"Male"
"6018403",371836,2025-09-05 18:10:55,33.4865264892578,-7.53906106948853,"Male"
"6018403",371836,2025-09-05 18:20:51,33.4808464050293,-7.54127788543701,"Male"
"6018403",371836,2025-09-05 18:30:52,33.4857368469238,-7.56638431549072,"Male"
"6018403",371836,2025-09-05 18:40:51,33.4946975708008,-7.61261034011841,"Male"
"6018403",371836,2025-09-05 18:50:51,33.5214805603027,-7.60845518112183,"Male"
"6018403",371836,2025-09-05 19:00:52,33.5834617614746,-7.60336017608643,"Male"
"6018403",371836,2025-09-05 19:11:15,33.6003341674805,-7.60647201538086,"Male"
"6018403",371836,2025-09-05 19:21:03,33.600284576416,-7.60648250579834,"Male"
"6018403",371836,2025-09-05 19:31:01,33.6003570556641,-7.60643339157104,"Male"
"6018403",371836,2025-09-05 19:41:14,33.6003913879395,-7.60653066635132,"Male"
"6018403",371836,2025-09-05 19:51:00,33.6004447937012,-7.60646915435791,"Male"
"6018403",371836,2025-09-05 20:01:22,33.6006050109863,-7.60648679733276,"Male"
"6018403",371836,2025-09-05 20:11:01,33.6005439758301,-7.60622882843018,"Male"
"6018403",371836,2025-09-05 20:21:01,33.6005439758301,-7.60652494430542,"Male"
"6018403",371836,2025-09-05 20:31:35,33.6005592346191,-7.60646724700928,"Male"
"6018403",371836,2025-09-05 20:40:51,33.6005554199219,-7.60671377182007,"Male"
"6018403",371836,2025-09-05 20:50:52,33.600471496582,-7.60663414001465,"Male"
"6018403",371836,2025-09-05 21:00:52,33.6004829406738,-7.60658407211304,"Male"
"6018403",371836,2025-09-05 21:10:52,33.600658416748,-7.6067533493042,"Male"
"6018403",371836,2025-09-05 21:20:51,33.6004981994629,-7.60646486282349,"Male"
"6018403",371836,2025-09-05 21:31:11,33.6003875732422,-7.60651350021362,"Male"
"6018403",371836,2025-09-05 21:40:54,33.6005859375,-7.6066575050354,"Male"
"6018403",371836,2025-09-05 21:50:52,33.6006355285645,-7.60688400268555,"Male"
"6018403",371836,2025-09-05 22:01:01,33.6003303527832,-7.6065468788147,"Male"
"6018403",371836,2025-09-05 22:11:01,33.6004600524902,-7.60661602020264,"Male"
"6018403",371836,2025-09-05 22:21:15,33.6003532409668,-7.6065616607666,"Male"
"6018403",371836,2025-09-05 22:30:52,33.600227355957,-7.60650491714478,"Male"
"6018403",371836,2025-09-05 22:40:53,33.6002883911133,-7.60648536682129,"Male"
"6018403",371836,2025-09-05 22:51:15,33.6004180908203,-7.606605052948,"Male"
"6018403",371836,2025-09-05 23:00:56,33.6006698608398,-7.60675048828125,"Male"
"6018403",371836,2025-09-05 23:11:07,33.5995788574219,-7.60659599304199,"Male"
"6018403",371836,2025-09-05 23:21:01,33.6004180908203,-7.60667324066162,"Male"
"6018403",371836,2025-09-05 23:30:53,33.6002769470215,-7.6064019203186,"Male"
"6018403",371836,2025-09-05 23:41:20,33.6003723144531,-7.60660362243652,"Male"
"6018403",371836,2025-09-05 23:51:02,33.6004867553711,-7.60661888122559,"Male"
"6018403",371836,2025-09-06 00:01:11,33.6002616882324,-7.60662746429443,"Male"
"6018403",371836,2025-09-06 00:10:53,33.6004028320312,-7.60672283172607,"Male"
"6018403",371836,2025-09-06 00:20:56,33.6002349853516,-7.60678148269653,"Male"
"6018403",371836,2025-09-06 00:30:58,33.600284576416,-7.60658550262451,"Male"
"6018403",371836,2025-09-06 00:40:55,33.6004753112793,-7.60655498504639,"Male"
"6018403",371836,2025-09-06 00:51:15,33.6004486083984,-7.60645771026611,"Male"
"6018403",371836,2025-09-06 01:00:50,33.6003875732422,-7.60692977905273,"Male"
"6018403",371836,2025-09-06 01:10:58,33.6003456115723,-7.60694217681885,"Male"
"6018403",371836,2025-09-06 01:21:21,33.6004180908203,-7.60651779174805,"Male"
"6018403",371836,2025-09-06 01:30:54,33.600414276123,-7.60642194747925,"Male"
"6018403",371836,2025-09-06 01:40:51,33.6004066467285,-7.60647392272949,"Male"
"6018403",371836,2025-09-06 01:51:04,33.6003837585449,-7.60651969909668,"Male"
"6018403",371836,2025-09-06 02:01:23,33.6004028320312,-7.60652685165405,"Male"
"6018403",371836,2025-09-06 02:10:50,33.6002922058105,-7.60657501220703,"Male"
"6018403",371836,2025-09-06 02:20:53,33.6003684997559,-7.60658693313599,"Male"
"6018403",371836,2025-09-06 02:30:50,33.6004180908203,-7.60666561126709,"Male"
"6018403",371836,2025-09-06 02:40:51,33.6004486083984,-7.60653686523438,"Male"
"6018403",371836,2025-09-06 02:50:55,33.600414276123,-7.60651111602783,"Male"
"6018403",371836,2025-09-06 03:01:14,33.6004486083984,-7.60664176940918,"Male"
"6018403",371836,2025-09-06 03:10:50,33.6004409790039,-7.60685348510742,"Male"
"6018403",371836,2025-09-06 03:20:52,33.6005859375,-7.60739517211914,"Male"
"6018403",371836,2025-09-06 03:31:29,33.6003799438477,-7.60655450820923,"Male"
"6018403",371836,2025-09-06 03:40:55,33.6005554199219,-7.6068434715271,"Male"
"6018403",371836,2025-09-06 03:50:59,33.600341796875,-7.60714387893677,"Male"
"6018403",371836,2025-09-06 04:01:14,33.6003723144531,-7.60669708251953,"Male"
"6018403",371836,2025-09-06 04:11:13,33.6019859313965,-7.60651206970215,"Male"
"6018403",371836,2025-09-06 04:20:53,33.600399017334,-7.60666131973267,"Male"
"6018403",371836,2025-09-06 04:30:56,33.6003837585449,-7.60661220550537,"Male"
"6018403",371836,2025-09-06 04:40:54,33.6005325317383,-7.60680484771729,"Male"
"6018403",371836,2025-09-06 04:51:24,33.6004600524902,-7.60652685165405,"Male"
"6018403",371836,2025-09-06 05:01:01,33.600414276123,-7.60654258728027,"Male"
"6018403",371836,2025-09-06 05:11:02,33.6004486083984,-7.60661935806274,"Male"
"6018403",371836,2025-09-06 05:21:01,33.6005477905273,-7.60641145706177,"Male"
"6018403",371836,2025-09-06 05:31:01,33.599666595459,-7.60640096664429,"Male"
"6018403",371836,2025-09-06 05:41:20,33.5997619628906,-7.60614776611328,"Male"
"6018403",371836,2025-09-06 05:51:01,33.5997200012207,-7.60620212554932,"Male"
"6018403",371836,2025-09-06 06:01:05,33.5999374389648,-7.60611915588379,"Male"
"6018403",371836,2025-09-06 06:11:23,33.5996704101562,-7.60631513595581,"Male"
"6018403",371836,2025-09-06 06:20:52,33.5997734069824,-7.60618209838867,"Male"
"6018403",371836,2025-09-06 06:30:50,33.5925140380859,-7.6059398651123,"Male"
"6018403",371836,2025-09-06 06:40:55,33.5894508361816,-7.60447406768799,"Male"
"6018403",371836,2025-09-06 06:50:58,33.5895195007324,-7.60446357727051,"Male"
"6018403",371836,2025-09-06 07:01:03,33.5891609191895,-7.60475063323975,"Male"
"6018403",371836,2025-09-06 07:10:55,33.5892753601074,-7.60447216033935,"Male"
"6018403",371836,2025-09-06 07:20:53,33.5846214294434,-7.60426950454712,"Male"
"6018403",371836,2025-09-06 07:30:54,33.584545135498,-7.60420370101929,"Male"
"6018403",371836,2025-09-06 07:40:55,33.5845413208008,-7.60418367385864,"Male"
"6018403",371836,2025-09-06 07:51:03,33.5843734741211,-7.60431051254272,"Male"
"6018403",371836,2025-09-06 08:00:56,33.5844039916992,-7.60406541824341,"Male"
"6018403",371836,2025-09-06 08:10:59,33.584400177002,-7.60443592071533,"Male"
"6018403",371836,2025-09-06 08:20:58,33.5844192504883,-7.60396957397461,"Male"
"6018403",371836,2025-09-06 08:31:14,33.5844345092773,-7.60411024093628,"Male"
"6018403",371836,2025-09-06 08:41:20,33.5845146179199,-7.60416030883789,"Male"
"6018403",371836,2025-09-06 08:51:01,33.5844955444336,-7.60408639907837,"Male"
"6018403",371836,2025-09-06 09:00:52,33.5843276977539,-7.60453033447266,"Male"
"6018403",371836,2025-09-06 09:10:51,33.5845603942871,-7.60398101806641,"Male"
"6018403",371836,2025-09-06 09:20:50,33.584400177002,-7.60434484481812,"Male"
"6018403",371836,2025-09-06 09:30:52,33.5847358703613,-7.60408067703247,"Male"
"6018403",371836,2025-09-06 09:40:52,33.5844306945801,-7.60425138473511,"Male"
"6018403",371836,2025-09-06 09:50:53,33.5846061706543,-7.60423183441162,"Male"
"6018403",371836,2025-09-06 10:01:00,33.584529876709,-7.60428428649902,"Male"
"6018403",371836,2025-09-06 10:10:54,33.5846061706543,-7.60430479049683,"Male"
"6018403",371836,2025-09-06 10:21:01,33.5845069885254,-7.60426616668701,"Male"
"6018403",371836,2025-09-06 10:31:53,33.5845375061035,-7.60423612594604,"Male"
"6018403",371836,2025-09-06 10:40:55,33.5854110717773,-7.60511493682861,"Male"
"6018403",371836,2025-09-06 10:51:11,33.584602355957,-7.60409307479858,"Male"
"6018403",371836,2025-09-06 11:01:01,33.5846405029297,-7.60409784317017,"Male"
"6018403",371836,2025-09-06 11:10:55,33.5768775939941,-7.59744358062744,"Male"
"6018403",371836,2025-09-06 11:20:56,33.5459671020508,-7.58118057250977,"Male"
"6018403",371836,2025-09-06 11:30:52,33.5069770812988,-7.54394721984863,"Male"
"6018403",371836,2025-09-06 11:41:01,33.4790954589844,-7.54355144500732,"Male"
"6018403",371836,2025-09-06 11:52:14,33.4794158935547,-7.54270219802856,"Male"
"6018403",371836,2025-09-06 12:01:01,33.4802703857422,-7.54157972335815,"Male"
"6018403",371836,2025-09-06 12:12:14,33.4790153503418,-7.54305601119995,"Male"
"6018403",371836,2025-09-06 12:21:14,33.4802017211914,-7.54187250137329,"Male"
"6018403",371836,2025-09-06 12:31:02,33.4802436828613,-7.54180860519409,"Male"
"6018403",371836,2025-09-06 12:40:58,33.4803657531738,-7.54180526733398,"Male"
"6018403",371836,2025-09-06 12:51:17,33.4808502197266,-7.54334306716919,"Male"
"6018403",371836,2025-09-06 13:01:23,33.4806823730469,-7.54310417175293,"Male"
"6018403",371836,2025-09-06 13:11:14,33.4799461364746,-7.54222202301025,"Male"
"6018403",371836,2025-09-06 13:20:54,33.4804420471191,-7.54159212112427,"Male"
"6018403",371836,2025-09-06 13:31:01,33.4802322387695,-7.54197406768799,"Male"
"6018403",371836,2025-09-06 13:40:51,33.4800834655762,-7.54206514358521,"Male"
"6018403",371836,2025-09-06 13:51:29,33.4803047180176,-7.54179716110229,"Male"
"6018403",371836,2025-09-06 14:01:00,33.4803047180176,-7.54182291030884,"Male"
"6018403",371836,2025-09-06 14:10:55,33.4801254272461,-7.54194402694702,"Male"
"6018403",371836,2025-09-06 14:21:00,33.4802131652832,-7.54201221466065,"Male"
"6018403",371836,2025-09-06 14:30:59,33.4796409606934,-7.54231977462769,"Male"
"6018403",371836,2025-09-06 14:40:59,33.4795913696289,-7.54257202148438,"Male"
"6018403",371836,2025-09-06 14:51:14,33.4796371459961,-7.5424599647522,"Male"
"6018403",371836,2025-09-06 15:01:24,33.4797554016113,-7.54237604141235,"Male"
"6018403",371836,2025-09-06 15:11:00,33.4798812866211,-7.54237222671509,"Male"
"6018403",371836,2025-09-06 15:21:10,33.4800262451172,-7.54221630096435,"Male"
"6018403",371836,2025-09-06 15:31:03,33.4800262451172,-7.54243278503418,"Male"
"6018403",371836,2025-09-06 15:40:59,33.4798355102539,-7.54234504699707,"Male"
"6018403",371836,2025-09-06 15:51:23,33.4796943664551,-7.54227352142334,"Male"
"6018403",371836,2025-09-06 16:01:00,33.4793472290039,-7.5423698425293,"Male"
"6018403",371836,2025-09-06 16:11:00,33.479320526123,-7.54236745834351,"Male"
"6018403",371836,2025-09-06 16:21:00,33.4793319702148,-7.54234552383423,"Male"
"6018403",371836,2025-09-06 16:30:57,33.4796333312988,-7.54199123382568,"Male"
"6018403",371836,2025-09-06 16:41:14,33.4794235229492,-7.54221677780151,"Male"
"6018403",371836,2025-09-06 16:50:53,33.4794921875,-7.54233551025391,"Male"
"6018403",371836,2025-09-06 17:00:52,33.479419708252,-7.54221534729004,"Male"
"6018403",371836,2025-09-06 17:10:57,33.4795455932617,-7.54232168197632,"Male"
"6018403",371836,2025-09-06 17:21:12,33.4793968200684,-7.5418643951416,"Male"
"6018403",371836,2025-09-06 17:31:01,33.4795761108398,-7.54203367233276,"Male"
"6018403",371836,2025-09-06 17:41:14,33.4794845581055,-7.54231452941895,"Male"
"6018403",371836,2025-09-06 17:51:11,33.4845008850098,-7.54458856582642,"Male"
"6018403",371836,2025-09-06 18:00:57,33.4902954101562,-7.6007022857666,"Male"
"6018403",371836,2025-09-06 18:11:00,33.51123046875,-7.6206693649292,"Male"
"6018403",371836,2025-09-06 18:21:23,33.5532035827637,-7.64910840988159,"Male"
"6018403",371836,2025-09-06 18:30:53,33.5536422729492,-7.65518569946289,"Male"
"6018403",371836,2025-09-06 18:40:53,33.5839042663574,-7.66496276855469,"Male"
"6018403",371836,2025-09-06 18:51:01,33.6003875732422,-7.60656499862671,"Male"
"6018403",371836,2025-09-06 19:01:10,33.6003494262695,-7.60658073425293,"Male"
"6018403",371836,2025-09-06 19:11:15,33.6002807617188,-7.60659885406494,"Male"
"6018403",371836,2025-09-06 19:20:55,33.6003723144531,-7.60650730133057,"Male"
"6018403",371836,2025-09-06 19:31:00,33.6002502441406,-7.60640573501587,"Male"
"6018403",371836,2025-09-06 19:41:00,33.6002883911133,-7.60646200180054,"Male"
"6018403",371836,2025-09-06 19:51:35,33.6002388000488,-7.60635566711426,"Male"
"6018403",371836,2025-09-06 20:00:51,33.6001739501953,-7.606520652771,"Male"
"6018403",371836,2025-09-06 20:10:51,33.6003799438477,-7.60628461837769,"Male"
"6018403",371836,2025-09-06 20:20:50,33.6001167297363,-7.60675001144409,"Male"
"6018403",371836,2025-09-06 20:31:00,33.6002807617188,-7.60644340515137,"Male"
"6018403",371836,2025-09-06 20:40:53,33.6001930236816,-7.6066427230835,"Male"
"6018403",371836,2025-09-06 20:51:14,33.6002960205078,-7.6064772605896,"Male"
"6018403",371836,2025-09-06 21:00:55,33.6002311706543,-7.60645580291748,"Male"
"6018403",371836,2025-09-06 21:10:52,33.600414276123,-7.60671186447144,"Male"
"6018403",371836,2025-09-06 21:20:57,33.6003875732422,-7.60651016235352,"Male"
"6018403",371836,2025-09-06 21:31:02,33.6004104614258,-7.60657787322998,"Male"
"6018403",371836,2025-09-06 21:40:59,33.6002159118652,-7.60643815994263,"Male"
"6018403",371836,2025-09-06 21:51:15,33.600269317627,-7.60650730133057,"Male"
"6018403",371836,2025-09-06 22:00:54,33.6001358032227,-7.60650444030762,"Male"
"6018403",371836,2025-09-06 22:11:00,33.600284576416,-7.60648775100708,"Male"
"6018403",371836,2025-09-06 22:20:51,33.6002883911133,-7.60634279251099,"Male"
"6018403",371836,2025-09-06 22:30:53,33.600212097168,-7.60653114318848,"Male"
"6018403",371836,2025-09-06 22:40:59,33.6002006530762,-7.60642290115356,"Male"
"6018403",371836,2025-09-06 22:51:15,33.6002464294434,-7.60648441314697,"Male"
"6018403",371836,2025-09-06 23:00:51,33.6002578735352,-7.60651874542236,"Male"
"6018403",371836,2025-09-06 23:10:59,33.6002311706543,-7.60657262802124,"Male"
"6018403",371836,2025-09-06 23:20:59,33.6002655029297,-7.60663509368896,"Male"
"6018403",371836,2025-09-06 23:30:58,33.6001434326172,-7.60644626617432,"Male"
"6018403",371836,2025-09-06 23:41:22,33.6001243591309,-7.60647678375244,"Male"
"6018403",371836,2025-09-06 23:51:14,33.600643157959,-7.60677337646484,"Male"
"6018403",371836,2025-09-07 00:01:23,33.6001853942871,-7.60656118392944,"Male"
"6018403",371836,2025-09-07 00:10:51,33.6001815795898,-7.60660934448242,"Male"
"6018403",371836,2025-09-07 00:20:51,33.6002349853516,-7.60651063919067,"Male"
"6018403",371836,2025-09-07 00:30:53,33.5999717712402,-7.60618734359741,"Male"
"6018403",371836,2025-09-07 00:40:55,33.6002426147461,-7.60644102096558,"Male"
"6018403",371836,2025-09-07 00:50:51,33.6001586914062,-7.6064395904541,"Male"
"6018403",371836,2025-09-07 01:00:51,33.6002769470215,-7.60639142990112,"Male"
"6018403",371836,2025-09-07 01:10:50,33.60009765625,-7.60648107528687,"Male"
"6018403",371836,2025-09-07 01:20:50,33.600341796875,-7.60652685165405,"Male"
"6018403",371836,2025-09-07 01:30:52,33.6003684997559,-7.60645961761475,"Male"
"6018403",371836,2025-09-07 01:40:51,33.6002578735352,-7.60647296905518,"Male"
"6018403",371836,2025-09-07 01:51:00,33.6001663208008,-7.60639095306396,"Male"
"6018403",371836,2025-09-07 02:00:59,33.6002540588379,-7.60647010803223,"Male"
"6018403",371836,2025-09-07 02:10:51,33.6003837585449,-7.60644054412842,"Male"
"6018403",371836,2025-09-07 02:20:57,33.6002006530762,-7.60640048980713,"Male"
"6018403",371836,2025-09-07 02:30:55,33.6002998352051,-7.60656881332397,"Male"
"6018403",371836,2025-09-07 02:40:51,33.60009765625,-7.60610628128052,"Male"
"6018403",371836,2025-09-07 02:50:57,33.6003112792969,-7.60645914077759,"Male"
"6018403",371836,2025-09-07 03:01:14,33.6002922058105,-7.60634183883667,"Male"
"6018403",371836,2025-09-07 03:10:59,33.6001930236816,-7.6059250831604,"Male"
"6018403",371836,2025-09-07 03:21:07,33.6001930236816,-7.60619878768921,"Male"
"6018403",371836,2025-09-07 03:31:07,33.6000900268555,-7.60531187057495,"Male"
"6018403",371836,2025-09-07 03:41:12,33.6012916564941,-7.6132550239563,"Male"
"6018403",371836,2025-09-07 03:51:29,33.600284576416,-7.60647916793823,"Male"
"6018403",371836,2025-09-07 04:00:51,33.6002082824707,-7.60646915435791,"Male"
"6018403",371836,2025-09-07 04:10:51,33.6002731323242,-7.60649967193604,"Male"
"6018403",371836,2025-09-07 04:20:50,33.6001472473145,-7.60643768310547,"Male"
"6018403",371836,2025-09-07 04:30:58,33.600227355957,-7.60648536682129,"Male"
"6018403",371836,2025-09-07 04:40:52,33.6002044677734,-7.60649299621582,"Male"
"6018403",371836,2025-09-07 04:50:53,33.6002311706543,-7.60662364959717,"Male"
"6018403",371836,2025-09-07 05:00:55,33.6003608703613,-7.60650253295898,"Male"
"6018403",371836,2025-09-07 05:10:55,33.6003494262695,-7.60688781738281,"Male"
"6018403",371836,2025-09-07 05:20:59,33.600212097168,-7.60648059844971,"Male"
"6018403",371836,2025-09-07 05:30:59,33.600341796875,-7.60634517669678,"Male"
"6018403",371836,2025-09-07 05:41:14,33.6002922058105,-7.60658359527588,"Male"
"6018403",371836,2025-09-07 05:51:14,33.6003227233887,-7.60651254653931,"Male"
"6018403",371836,2025-09-07 06:00:54,33.6017150878906,-7.6124095916748,"Male"
"6018403",371836,2025-09-07 06:11:04,33.6018180847168,-7.67126369476318,"Male"
"6018403",371836,2025-09-07 06:21:20,33.5965728759766,-7.64895439147949,"Male"
"6018403",371836,2025-09-07 06:30:53,33.5894432067871,-7.60482120513916,"Male"
"6018403",371836,2025-09-07 06:41:19,33.5895080566406,-7.6049976348877,"Male"
"6018403",371836,2025-09-07 06:50:57,33.5890235900879,-7.60495328903198,"Male"
"6018403",371836,2025-09-07 07:00:55,33.5890655517578,-7.6050214767456,"Male"
"6018403",371836,2025-09-07 07:11:18,33.5894889831543,-7.60467147827148,"Male"
"6018403",371836,2025-09-07 07:21:23,33.5895500183105,-7.60467529296875,"Male"
"6018403",371836,2025-09-07 07:30:53,33.58935546875,-7.60478162765503,"Male"
"6018403",371836,2025-09-07 07:40:57,33.5895347595215,-7.6046781539917,"Male"
"6018403",371836,2025-09-07 07:50:53,33.5896835327148,-7.60472059249878,"Male"
"6018403",371836,2025-09-07 08:01:00,33.5895690917969,-7.60465145111084,"Male"
"6018403",371836,2025-09-07 08:11:22,33.5895767211914,-7.60473394393921,"Male"
"6018403",371836,2025-09-07 08:21:26,33.5894317626953,-7.60404825210571,"Male"
"6018403",371836,2025-09-07 08:30:53,33.5894546508789,-7.6049222946167,"Male"
"6018403",371836,2025-09-07 08:41:00,33.5894165039062,-7.60527896881104,"Male"
"6018403",371836,2025-09-07 08:51:01,33.5895652770996,-7.6046142578125,"Male"
"6018403",371836,2025-09-07 09:00:58,33.5897064208984,-7.6046347618103,"Male"
"6018403",371836,2025-09-07 09:11:13,33.5898475646973,-7.60475540161133,"Male"
"6018403",371836,2025-09-07 09:21:29,33.5903015136719,-7.60496139526367,"Male"
"6018403",371836,2025-09-07 09:30:51,33.5897026062012,-7.60469341278076,"Male"
"6018403",371836,2025-09-07 09:40:58,33.589672088623,-7.60485076904297,"Male"
"6018403",371836,2025-09-07 09:50:52,33.5847320556641,-7.6043701171875,"Male"
"6018403",371836,2025-09-07 10:00:58,33.5843734741211,-7.60420656204224,"Male"
"6018403",371836,2025-09-07 10:10:53,33.5881690979004,-7.58332443237305,"Male"
"6018403",371836,2025-09-07 10:20:52,33.5882606506348,-7.58346128463745,"Male"
"6018403",371836,2025-09-07 10:30:55,33.5881805419922,-7.5833911895752,"Male"
"6018403",371836,2025-09-07 10:41:15,33.587947845459,-7.58316135406494,"Male"
"6018403",371836,2025-09-07 10:51:01,33.5880813598633,-7.58333253860474,"Male"
"6018403",371836,2025-09-07 11:00:58,33.5879707336426,-7.58316516876221,"Male"
"6018403",371836,2025-09-07 11:11:00,33.5876083374023,-7.58257293701172,"Male"
"6018403",371836,2025-09-07 11:21:28,33.5876998901367,-7.58268404006958,"Male"
"6018403",371836,2025-09-07 11:31:23,33.5879135131836,-7.58308553695679,"Male"
"6018403",371836,2025-09-07 11:40:52,33.5882301330566,-7.58344078063965,"Male"
"6018403",371836,2025-09-07 11:50:59,33.5883483886719,-7.58305788040161,"Male"
"6018403",371836,2025-09-07 12:00:51,33.5911102294922,-7.57003211975098,"Male"
"6018403",371836,2025-09-07 12:11:14,33.5871238708496,-7.57327175140381,"Male"
"6018403",371836,2025-09-07 12:20:53,33.5870018005371,-7.57334136962891,"Male"
"6018403",371836,2025-09-07 12:31:00,33.5859832763672,-7.57292747497559,"Male"
"6018403",371836,2025-09-07 12:41:00,33.5873374938965,-7.57369422912598,"Male"
"6018403",371836,2025-09-07 12:51:44,33.5868949890137,-7.57298278808594,"Male"
"6018403",371836,2025-09-07 13:00:52,33.5870361328125,-7.57309055328369,"Male"
"6018403",371836,2025-09-07 13:10:59,33.5869560241699,-7.57300662994385,"Male"
"6018403",371836,2025-09-07 13:20:52,33.5866851806641,-7.57277202606201,"Male"
"6018403",371836,2025-09-07 13:31:14,33.586986541748,-7.57310247421265,"Male"
"6018403",371836,2025-09-07 13:40:55,33.5868682861328,-7.57277297973633,"Male"
"6018403",371836,2025-09-07 13:51:01,33.5870399475098,-7.57319211959839,"Male"
"6018403",371836,2025-09-07 14:00:55,33.5870628356934,-7.57321071624756,"Male"
"6018403",371836,2025-09-07 14:10:54,33.5868682861328,-7.57305002212524,"Male"
"6018403",371836,2025-09-07 14:21:15,33.5868835449219,-7.57294416427612,"Male"
"6018403",371836,2025-09-07 14:31:18,33.5868911743164,-7.57298946380615,"Male"
"6018403",371836,2025-09-07 14:40:54,33.5870895385742,-7.57314300537109,"Male"
"6018403",371836,2025-09-07 14:51:07,33.5876274108887,-7.5718822479248,"Male"
"6018403",371836,2025-09-07 15:01:14,33.5869483947754,-7.57287931442261,"Male"
"6018403",371836,2025-09-07 15:10:55,33.5869407653809,-7.57295989990234,"Male"
"6018403",371836,2025-09-07 15:20:58,33.5868072509766,-7.57285308837891,"Male"
"6018403",371836,2025-09-07 15:30:57,33.5867652893066,-7.57278633117676,"Male"
"6018403",371836,2025-09-07 15:41:11,33.586971282959,-7.5729546546936,"Male"
"6018403",371836,2025-09-07 15:51:02,33.5868301391602,-7.57218027114868,"Male"
"6018403",371836,2025-09-07 16:01:14,33.5869293212891,-7.57312440872192,"Male"
"6018403",371836,2025-09-07 16:10:55,33.5870475769043,-7.57279586791992,"Male"
"6018403",371836,2025-09-07 16:20:51,33.5459022521973,-7.56070041656494,"Male"
"6018403",371836,2025-09-07 16:30:54,33.4872894287109,-7.5439772605896,"Male"
"6018403",371836,2025-09-07 16:41:00,33.4803695678711,-7.54213190078735,"Male"
"6018403",371836,2025-09-07 16:51:23,33.4808502197266,-7.54156923294067,"Male"
"6018403",371836,2025-09-07 17:00:57,33.4809112548828,-7.54166316986084,"Male"
"6018403",371836,2025-09-07 17:10:55,33.4809036254883,-7.54161977767944,"Male"
"6018403",371836,2025-09-07 17:20:55,33.4810028076172,-7.54152965545654,"Male"
"6018403",371836,2025-09-07 17:30:50,33.4798011779785,-7.54032230377197,"Male"
"6018403",371836,2025-09-07 17:41:23,33.4804077148438,-7.54086971282959,"Male"
"6018403",371836,2025-09-07 17:51:00,33.480354309082,-7.54090976715088,"Male"
"6018403",371836,2025-09-07 18:01:02,33.4804344177246,-7.54093313217163,"Male"
"6018403",371836,2025-09-07 18:11:29,33.4803314208984,-7.54088258743286,"Male"
"6018403",371836,2025-09-07 18:20:51,33.4805488586426,-7.54098272323608,"Male"
"6018403",371836,2025-09-07 18:30:50,33.488697052002,-7.55013370513916,"Male"
"6018403",371836,2025-09-07 18:40:51,33.5088500976562,-7.61332130432129,"Male"
"6018403",371836,2025-09-07 18:50:53,33.5216064453125,-7.60900831222534,"Male"
"6018403",371836,2025-09-07 19:00:52,33.5217704772949,-7.60883331298828,"Male"
"6018403",371836,2025-09-07 19:10:51,33.5597229003906,-7.61590194702148,"Male"
"6018403",371836,2025-09-07 19:21:09,33.6000022888184,-7.60615968704224,"Male"
"6018403",371836,2025-09-07 19:30:50,33.6002502441406,-7.60643148422241,"Male"
"6018403",371836,2025-09-07 19:40:55,33.6001968383789,-7.60620403289795,"Male"
"6018403",371836,2025-09-07 19:50:51,33.6002807617188,-7.60629749298096,"Male"
"6018403",371836,2025-09-07 20:01:14,33.600025177002,-7.60626983642578,"Male"
"6018403",371836,2025-09-07 20:11:00,33.5999336242676,-7.60626983642578,"Male"
"6018403",371836,2025-09-07 20:21:00,33.6000061035156,-7.60621547698975,"Male"
"6018403",371836,2025-09-07 20:31:00,33.6000022888184,-7.60620403289795,"Male"
"6018403",371836,2025-09-07 20:41:00,33.5999908447266,-7.60627460479736,"Male"
"6018403",371836,2025-09-07 20:51:35,33.5998687744141,-7.6062421798706,"Male"
"6018403",371836,2025-09-07 21:00:52,33.5998992919922,-7.60631704330444,"Male"
"6018403",371836,2025-09-07 21:10:50,33.5999183654785,-7.60627841949463,"Male"
"6018403",371836,2025-09-07 21:20:50,33.5999031066895,-7.60623502731323,"Male"
"6018403",371836,2025-09-07 21:30:54,33.6017761230469,-7.60524559020996,"Male"
"6018403",371836,2025-09-07 21:40:53,33.6018753051758,-7.60534429550171,"Male"
"6018403",371836,2025-09-07 21:50:50,33.6018600463867,-7.60530376434326,"Male"
"6018403",371836,2025-09-07 22:01:12,33.6018104553223,-7.60530376434326,"Male"
"6018403",371836,2025-09-07 22:10:54,33.6017951965332,-7.60523176193237,"Male"
"6018403",371836,2025-09-07 22:20:58,33.6015968322754,-7.60504484176636,"Male"
"6018403",371836,2025-09-07 22:31:02,33.6019401550293,-7.60535717010498,"Male"
"6018403",371836,2025-09-07 22:40:55,33.6019859313965,-7.60539388656616,"Male"
"6018403",371836,2025-09-07 22:51:12,33.6019172668457,-7.60530853271484,"Male"
"6018403",371836,2025-09-07 23:01:17,33.6017799377441,-7.60532808303833,"Male"
"6018403",371836,2025-09-07 23:10:54,33.6014289855957,-7.60481929779053,"Male"
"6018403",371836,2025-09-07 23:20:55,33.6019897460938,-7.6054105758667,"Male"
"6018403",371836,2025-09-07 23:31:14,33.6017799377441,-7.60526037216187,"Male"
"6018403",371836,2025-09-07 23:41:00,33.6017456054688,-7.60502862930298,"Male"
"6018403",371836,2025-09-07 23:51:00,33.6019554138184,-7.60492944717407,"Male"
"6018403",371836,2025-09-08 00:01:23,33.6018218994141,-7.60530281066895,"Male"
"6018403",371836,2025-09-08 00:10:51,33.6019020080566,-7.60529470443726,"Male"
"6018403",371836,2025-09-08 00:20:52,33.6017684936523,-7.60534429550171,"Male"
"6018403",371836,2025-09-08 00:30:51,33.6017913818359,-7.60527658462524,"Male"
"6018403",371836,2025-09-08 00:40:51,33.6019439697266,-7.60530853271484,"Male"
"6018403",371836,2025-09-08 00:50:51,33.6018028259277,-7.60526275634766,"Male"
"6018403",371836,2025-09-08 01:00:52,33.6017913818359,-7.60526752471924,"Male"
"6018403",371836,2025-09-08 01:10:51,33.6018333435059,-7.6052942276001,"Male"
"6018403",371836,2025-09-08 01:20:53,33.6017875671387,-7.60525703430176,"Male"
"6018403",371836,2025-09-08 01:30:52,33.6018295288086,-7.6052713394165,"Male"
"6018403",371836,2025-09-08 01:40:52,33.6019096374512,-7.60524702072144,"Male"
"6018403",371836,2025-09-08 01:50:55,33.6017074584961,-7.60525321960449,"Male"
"6018403",371836,2025-09-08 02:00:55,33.6018447875977,-7.60514450073242,"Male"
"6018403",371836,2025-09-08 02:10:53,33.6017608642578,-7.60517358779907,"Male"
"6018403",371836,2025-09-08 02:20:52,33.6018447875977,-7.60518884658813,"Male"
"6018403",371836,2025-09-08 02:30:55,33.6018486022949,-7.60537528991699,"Male"
"6018403",371836,2025-09-08 02:40:57,33.6017799377441,-7.60543346405029,"Male"
"6018403",371836,2025-09-08 02:50:59,33.6018333435059,-7.60556793212891,"Male"
"6018403",371836,2025-09-08 03:01:22,33.597339630127,-7.61077308654785,"Male"
"6018403",371836,2025-09-08 03:10:59,33.6014366149902,-7.60398197174072,"Male"
"6018403",371836,2025-09-08 03:21:00,33.601879119873,-7.60558938980103,"Male"
"6018403",371836,2025-09-08 03:31:00,33.6018180847168,-7.60483503341675,"Male"
"6018403",371836,2025-09-08 03:41:00,33.6017799377441,-7.60527992248535,"Male"
"6018403",371836,2025-09-08 03:51:10,33.6018257141113,-7.60546827316284,"Male"
"6018403",371836,2025-09-08 04:00:57,33.6018562316895,-7.60518980026245,"Male"
"6018403",371836,2025-09-08 04:10:59,33.6018600463867,-7.60521984100342,"Male"
"6018403",371836,2025-09-08 04:21:23,33.6019134521484,-7.6052942276001,"Male"
"6018403",371836,2025-09-08 04:31:12,33.6017723083496,-7.60539627075195,"Male"
"6018403",371836,2025-09-08 04:40:54,33.601749420166,-7.60531520843506,"Male"
"6018403",371836,2025-09-08 04:50:54,33.6013336181641,-7.60517978668213,"Male"
"6018403",371836,2025-09-08 05:01:05,33.6014823913574,-7.60517740249634,"Male"
"6018403",371836,2025-09-08 05:11:14,33.6018905639648,-7.60532474517822,"Male"
"6018403",371836,2025-09-08 05:21:03,33.5998268127441,-7.6062421798706,"Male"
"6018403",371836,2025-09-08 05:31:04,33.5996894836426,-7.60654067993164,"Male"
"6018403",371836,2025-09-08 05:41:00,33.5995445251465,-7.60637331008911,"Male"
"6018403",371836,2025-09-08 05:51:29,33.5995597839355,-7.60637187957764,"Male"
"6018403",371836,2025-09-08 06:00:50,33.5844955444336,-7.60426187515259,"Male"
"6018403",371836,2025-09-08 06:10:51,33.5844345092773,-7.6040449142456,"Male"
"6018403",371836,2025-09-08 06:20:54,33.5844802856445,-7.60435962677002,"Male"
"6018403",371836,2025-09-08 06:30:58,33.5843734741211,-7.60413122177124,"Male"
"6018403",371836,2025-09-08 06:40:51,33.5844421386719,-7.60391187667847,"Male"
"6018403",371836,2025-09-08 06:50:52,33.5849304199219,-7.60481214523315,"Male"
"6018403",371836,2025-09-08 07:00:52,33.5837669372559,-7.60345411300659,"Male"
"6018403",371836,2025-09-08 07:10:53,33.5812606811523,-7.60277652740479,"Male"
"6018403",371836,2025-09-08 07:20:55,33.5846672058105,-7.60415315628052,"Male"
"6018403",371836,2025-09-08 07:31:01,33.5851554870605,-7.6040563583374,"Male"
"6018403",371836,2025-09-08 07:41:03,33.5855026245117,-7.60397672653198,"Male"
"6018403",371836,2025-09-08 07:51:23,33.5844955444336,-7.60414028167725,"Male"
"6018403",371836,2025-09-08 08:00:51,33.5842170715332,-7.60421848297119,"Male"
"6018403",371836,2025-09-08 08:10:51,33.5839233398438,-7.60433959960938,"Male"
"6018403",371836,2025-09-08 08:20:54,33.5844192504883,-7.60423421859741,"Male"
"6018403",371836,2025-09-08 08:30:52,33.5842742919922,-7.60415840148926,"Male"
"6018403",371836,2025-09-08 08:41:38,33.5842437744141,-7.60429000854492,"Male"
"6018403",371836,2025-09-08 08:50:52,33.586555480957,-7.5929012298584,"Male"
"6018403",371836,2025-09-08 09:01:00,33.5893669128418,-7.58404493331909,"Male"
"6018403",371836,2025-09-08 09:11:04,33.5892791748047,-7.58399391174316,"Male"
"6018403",371836,2025-09-08 09:21:02,33.5892944335938,-7.58388996124268,"Male"
"6018403",371836,2025-09-08 09:31:14,33.5892753601074,-7.58358764648438,"Male"
"6018403",371836,2025-09-08 09:41:04,33.5889015197754,-7.58311557769775,"Male"
"6018403",371836,2025-09-08 09:51:11,33.5938301086426,-7.57839441299438,"Male"
"6018403",371836,2025-09-08 10:00:55,33.5942153930664,-7.57245922088623,"Male"
"6018403",371836,2025-09-08 10:11:21,33.5887680053711,-7.58487367630005,"Male"
"6018403",371836,2025-09-08 10:20:54,33.5886459350586,-7.58482646942139,"Male"
"6018403",371836,2025-09-08 10:30:58,33.5889205932617,-7.58508348464966,"Male"
"6018403",371836,2025-09-08 10:40:54,33.5889663696289,-7.58477783203125,"Male"
"6018403",371836,2025-09-08 10:50:54,33.5952682495117,-7.57364559173584,"Male"
"6018403",371836,2025-09-08 11:01:09,33.5952529907227,-7.57363796234131,"Male"
"6018403",371836,2025-09-08 11:11:09,33.5951194763184,-7.57345104217529,"Male"
"6018403",371836,2025-09-08 11:21:14,33.5950126647949,-7.57355356216431,"Male"
"6018403",371836,2025-09-08 11:31:04,33.5949897766113,-7.57172966003418,"Male"
"6018403",371836,2025-09-08 11:40:57,33.5949974060059,-7.57341623306274,"Male"
"6018403",371836,2025-09-08 11:51:23,33.5953750610352,-7.57370758056641,"Male"
"6018403",371836,2025-09-08 12:01:02,33.5953483581543,-7.57369422912598,"Male"
"6018403",371836,2025-09-08 12:11:14,33.5954513549805,-7.57366514205933,"Male"
"6018403",371836,2025-09-08 12:20:55,33.5953369140625,-7.57369327545166,"Male"
"6018403",371836,2025-09-08 12:30:55,33.5955009460449,-7.57365131378174,"Male"
"6018403",371836,2025-09-08 12:41:03,33.5952911376953,-7.57352781295776,"Male"
"6018403",371836,2025-09-08 12:51:14,33.5952796936035,-7.57372522354126,"Male"
"6018403",371836,2025-09-08 13:01:00,33.5952796936035,-7.57371139526367,"Male"
"6018403",371836,2025-09-08 13:11:02,33.5952606201172,-7.57386302947998,"Male"
"6018403",371836,2025-09-08 13:21:23,33.5954055786133,-7.57367181777954,"Male"
"6018403",371836,2025-09-08 13:30:54,33.5952987670898,-7.57386589050293,"Male"
"6018403",371836,2025-09-08 13:40:59,33.5956344604492,-7.57365322113037,"Male"
"6018403",371836,2025-09-08 13:50:54,33.5953598022461,-7.57372951507568,"Male"
"6018403",371836,2025-09-08 14:01:44,33.595344543457,-7.5735936164856,"Male"
"6018403",371836,2025-09-08 14:10:53,33.5953216552734,-7.57356071472168,"Male"
"6018403",371836,2025-09-08 14:20:52,33.5954208374023,-7.57295322418213,"Male"
"6018403",371836,2025-09-08 14:30:56,33.595287322998,-7.5737771987915,"Male"
"6018403",371836,2025-09-08 14:40:59,33.5953407287598,-7.57381296157837,"Male"
"6018403",371836,2025-09-08 14:51:06,33.5954704284668,-7.57359743118286,"Male"
"6018403",371836,2025-09-08 15:01:14,33.5954093933105,-7.57358264923096,"Male"
"6018403",371836,2025-09-08 15:10:54,33.5955047607422,-7.57373571395874,"Male"
"6018403",371836,2025-09-08 15:21:14,33.5657386779785,-7.57135820388794,"Male"
"6018403",371836,2025-09-08 15:30:55,33.505443572998,-7.54604721069336,"Male"
"6018403",371836,2025-09-08 15:40:51,33.4794120788574,-7.5414834022522,"Male"
"6018403",371836,2025-09-08 15:51:14,33.4792060852051,-7.54194831848145,"Male"
"6018403",371836,2025-09-08 16:01:01,33.4806137084961,-7.54274940490723,"Male"
"6018403",371836,2025-09-08 16:11:23,33.4796371459961,-7.54256868362427,"Male"
"6018403",371836,2025-09-08 16:20:58,33.4797554016113,-7.54202175140381,"Male"
"6018403",371836,2025-09-08 16:31:00,33.4793472290039,-7.54235982894897,"Male"
"6018403",371836,2025-09-08 16:40:52,33.4799461364746,-7.54290246963501,"Male"
"6018403",371836,2025-09-08 16:51:03,33.4800262451172,-7.54267597198486,"Male"
"6018403",371836,2025-09-08 17:01:15,33.4800987243652,-7.54257392883301,"Male"
"6018403",371836,2025-09-08 17:10:56,33.4801597595215,-7.54255485534668,"Male"
"6018403",371836,2025-09-08 17:20:59,33.4801826477051,-7.54252910614014,"Male"
"6018403",371836,2025-09-08 17:30:56,33.4805068969727,-7.54235553741455,"Male"
"6018403",371836,2025-09-08 17:41:07,33.4792709350586,-7.54254245758057,"Male"
"6018403",371836,2025-09-08 17:51:44,33.4807624816895,-7.5421667098999,"Male"
"6018403",371836,2025-09-08 18:01:02,33.4806938171387,-7.54231214523315,"Male"
"6018403",371836,2025-09-08 18:11:26,33.4808387756348,-7.54210615158081,"Male"
"6018403",371836,2025-09-08 18:20:55,33.4806327819824,-7.54219007492065,"Male"
"6018403",371836,2025-09-08 18:30:52,33.4785842895508,-7.54145622253418,"Male"
"6018403",371836,2025-09-08 18:40:52,33.5047874450684,-7.55007266998291,"Male"
"6018403",371836,2025-09-08 18:50:56,33.5407485961914,-7.57287216186523,"Male"
"6018403",371836,2025-09-08 19:00:53,33.5837821960449,-7.599205493927,"Male"
"6018403",371836,2025-09-08 19:10:51,33.6020774841309,-7.60570335388184,"Male"
"6018403",371836,2025-09-08 19:20:59,33.6020011901855,-7.60563039779663,"Male"
"6018403",371836,2025-09-08 19:30:58,33.601993560791,-7.60561800003052,"Male"
"6018403",371836,2025-09-08 19:41:09,33.6019554138184,-7.60561418533325,"Male"
"6018403",371836,2025-09-08 19:51:00,33.6018753051758,-7.60552167892456,"Male"
"6018403",371836,2025-09-08 20:01:01,33.6019096374512,-7.60538864135742,"Male"
"6018403",371836,2025-09-08 20:11:23,33.6019706726074,-7.60554313659668,"Male"
"6018403",371836,2025-09-08 20:21:01,33.6018371582031,-7.60560607910156,"Male"
"6018403",371836,2025-09-08 20:30:51,33.6022453308105,-7.60561895370483,"Male"
"6018403",371836,2025-09-08 20:41:23,33.6016998291016,-7.60564041137695,"Male"
"6018403",371836,2025-09-08 20:50:54,33.60205078125,-7.60554361343384,"Male"
"6018403",371836,2025-09-08 21:00:55,33.6019515991211,-7.60569000244141,"Male"
"6018403",371836,2025-09-08 21:10:53,33.6020622253418,-7.60560417175293,"Male"
"6018403",371836,2025-09-08 21:20:59,33.6019096374512,-7.60561752319336,"Male"
"6018403",371836,2025-09-08 21:31:23,33.6019668579102,-7.60556888580322,"Male"
"6018403",371836,2025-09-08 21:40:54,33.6020126342773,-7.60560607910156,"Male"
"6018403",371836,2025-09-08 21:51:00,33.6019897460938,-7.60556316375732,"Male"
"6018403",371836,2025-09-08 22:01:16,33.6019134521484,-7.60554552078247,"Male"
"6018403",371836,2025-09-08 22:11:01,33.6019287109375,-7.60559988021851,"Male"
"6018403",371836,2025-09-08 22:21:01,33.601978302002,-7.60555744171143,"Male"
"6018403",371836,2025-09-08 22:31:02,33.6017532348633,-7.60624933242798,"Male"
"6018403",371836,2025-09-08 22:41:01,33.6018371582031,-7.60618925094604,"Male"
"6018403",371836,2025-09-08 22:51:35,33.6018028259277,-7.60561847686768,"Male"
"6018403",371836,2025-09-08 23:00:51,33.6018180847168,-7.60567378997803,"Male"
"6018403",371836,2025-09-08 23:10:51,33.6018562316895,-7.60558223724365,"Male"
"6018403",371836,2025-09-08 23:20:52,33.6017456054688,-7.60570001602173,"Male"
"6018403",371836,2025-09-08 23:30:53,33.6016807556152,-7.60560846328735,"Male"
"6018403",371836,2025-09-08 23:41:02,33.6018562316895,-7.60556364059448,"Male"
"6018403",371836,2025-09-08 23:50:51,33.6017684936523,-7.60564613342285,"Male"
"6018403",371836,2025-09-09 00:00:54,33.6017799377441,-7.60566329956055,"Male"
"6018403",371836,2025-09-09 00:10:53,33.6016616821289,-7.6055793762207,"Male"
"6018403",371836,2025-09-09 00:20:54,33.6007919311523,-7.60524845123291,"Male"
"6018403",371836,2025-09-09 00:31:01,33.6018905639648,-7.60552883148193,"Male"
"6018403",371836,2025-09-09 00:40:55,33.6015090942383,-7.60536289215088,"Male"
"6018403",371836,2025-09-09 00:51:01,33.6019592285156,-7.60547780990601,"Male"
"6018403",371836,2025-09-09 01:00:54,33.6018104553223,-7.60531902313232,"Male"
"6018403",371836,2025-09-09 01:10:54,33.6020431518555,-7.60551595687866,"Male"
"6018403",371836,2025-09-09 01:21:02,33.6020584106445,-7.60577917098999,"Male"
"6018403",371836,2025-09-09 01:30:56,33.6021270751953,-7.60599708557129,"Male"
"6018403",371836,2025-09-09 01:41:02,33.6021919250488,-7.60601711273193,"Male"
"6018403",371836,2025-09-09 01:51:16,33.6019668579102,-7.6055097579956,"Male"
"6018403",371836,2025-09-09 02:01:23,33.6017799377441,-7.60564565658569,"Male"
"6018403",371836,2025-09-09 02:11:01,33.6016273498535,-7.60588073730469,"Male"
"6018403",371836,2025-09-09 02:20:53,33.6016960144043,-7.60523843765259,"Male"
"6018403",371836,2025-09-09 02:30:53,33.6016159057617,-7.60610961914062,"Male"
"6018403",371836,2025-09-09 02:40:52,33.6019897460938,-7.60579252243042,"Male"
"6018403",371836,2025-09-09 02:50:54,33.6016807556152,-7.60583448410034,"Male"
"6018403",371836,2025-09-09 03:00:55,33.6017265319824,-7.60580396652222,"Male"
"6018403",371836,2025-09-09 03:10:53,33.6018943786621,-7.60589838027954,"Male"
"6018403",371836,2025-09-09 03:20:52,33.6018943786621,-7.60575246810913,"Male"
"6018403",371836,2025-09-09 03:30:52,33.6018333435059,-7.60558891296387,"Male"
"6018403",371836,2025-09-09 03:40:53,33.6020317077637,-7.60561656951904,"Male"
"6018403",371836,2025-09-09 03:50:53,33.6019630432129,-7.60555982589722,"Male"
"6018403",371836,2025-09-09 04:00:56,33.6018981933594,-7.60544919967651,"Male"
"6018403",371836,2025-09-09 04:10:55,33.6021499633789,-7.6055212020874,"Male"
"6018403",371836,2025-09-09 04:20:56,33.6018142700195,-7.60552883148193,"Male"
"6018403",371836,2025-09-09 04:30:55,33.6019096374512,-7.60542821884155,"Male"
"6018403",371836,2025-09-09 04:40:53,33.6019515991211,-7.60565805435181,"Male"
"6018403",371836,2025-09-09 04:50:53,33.601676940918,-7.60541820526123,"Male"
"6018403",371836,2025-09-09 05:00:55,33.601634979248,-7.60540294647217,"Male"
"6018403",371836,2025-09-09 05:10:53,33.6015892028809,-7.60601949691772,"Male"
"6018403",371836,2025-09-09 05:20:53,33.6015510559082,-7.60636806488037,"Male"
"6018403",371836,2025-09-09 05:30:53,33.6015968322754,-7.60621643066406,"Male"
"6018403",371836,2025-09-09 05:40:54,33.6017417907715,-7.60563707351685,"Male"
"6018403",371836,2025-09-09 05:50:53,33.6017646789551,-7.60574913024902,"Male"
"6018403",371836,2025-09-09 06:00:53,33.6017570495605,-7.6054310798645,"Male"
"6018403",371836,2025-09-09 06:10:52,33.6098251342773,-7.60921382904053,"Male"
"6018403",371836,2025-09-09 06:20:53,33.6002311706543,-7.60598230361938,"Male"
"6018403",371836,2025-09-09 06:30:53,33.6003799438477,-7.60619211196899,"Male"
"6018403",371836,2025-09-09 06:40:53,33.6001625061035,-7.60618019104004,"Male"
"6018403",371836,2025-09-09 06:50:53,33.5998840332031,-7.60642051696777,"Male"
"6018403",371836,2025-09-09 07:00:52,33.5993957519531,-7.60617876052856,"Male"
"6018403",371836,2025-09-09 07:10:53,33.5993347167969,-7.60612773895264,"Male"
"6018403",371836,2025-09-09 07:20:53,33.5993385314941,-7.60618448257446,"Male"
"6018403",371836,2025-09-09 07:30:54,33.5895156860352,-7.6043553352356,"Male"
"6018403",371836,2025-09-09 07:40:54,33.589469909668,-7.60441064834595,"Male"
"6018403",371836,2025-09-09 07:50:52,33.5893898010254,-7.60440111160278,"Male"
"6018403",371836,2025-09-09 08:00:52,33.5842971801758,-7.60410737991333,"Male"
"6018403",371836,2025-09-09 08:10:55,33.5842895507812,-7.60410833358765,"Male"
"6018403",371836,2025-09-09 08:20:54,33.5842475891113,-7.60416126251221,"Male"
"6018403",371836,2025-09-09 08:30:53,33.5842666625977,-7.60407257080078,"Male"
"6018403",371836,2025-09-09 08:40:56,33.5842742919922,-7.60396862030029,"Male"
"6018403",371836,2025-09-09 08:50:55,33.5842170715332,-7.60415935516357,"Male"
"6018403",371836,2025-09-09 09:00:52,33.5842590332031,-7.60418891906738,"Male"
"6018403",371836,2025-09-09 09:10:53,33.5842399597168,-7.60420370101929,"Male"
"6018403",371836,2025-09-09 09:20:53,33.5842933654785,-7.60416507720947,"Male"
"6018403",371836,2025-09-09 09:30:52,33.5843467712402,-7.60415029525757,"Male"
"6018403",371836,2025-09-09 09:40:58,33.5843849182129,-7.60419845581055,"Male"
"6018403",371836,2025-09-09 09:51:07,33.5846061706543,-7.60427570343018,"Male"
"6018403",371836,2025-09-09 10:00:54,33.5838851928711,-7.60364675521851,"Male"
"6018403",371836,2025-09-09 10:11:01,33.5846099853516,-7.60413455963135,"Male"
"6018403",371836,2025-09-09 10:20:54,33.5849990844727,-7.60466623306274,"Male"
"6018403",371836,2025-09-09 10:30:53,33.5845146179199,-7.60432720184326,"Male"
"6018403",371836,2025-09-09 10:40:54,33.5851097106934,-7.60356426239014,"Male"
"6018403",371836,2025-09-09 10:50:53,33.5844917297363,-7.60434675216675,"Male"
"6018403",371836,2025-09-09 11:00:54,33.5865936279297,-7.60220670700073,"Male"
"6018403",371836,2025-09-09 11:10:58,33.5804328918457,-7.58059024810791,"Male"
"6018403",371836,2025-09-09 11:20:53,33.5803871154785,-7.58068132400513,"Male"
"6018403",371836,2025-09-09 11:30:55,33.5804252624512,-7.58064270019531,"Male"
"6018403",371836,2025-09-09 11:40:54,33.580379486084,-7.58063888549805,"Male"
"6018403",371836,2025-09-09 11:50:54,33.5801811218262,-7.58125877380371,"Male"
"6018403",371836,2025-09-09 12:00:54,33.5810050964355,-7.57878684997559,"Male"
"6018403",371836,2025-09-09 12:10:55,33.5801811218262,-7.58165788650513,"Male"
"6018403",371836,2025-09-09 12:20:54,33.5802459716797,-7.5811710357666,"Male"
"6018403",371836,2025-09-09 12:30:54,33.5802879333496,-7.58108949661255,"Male"
"6018403",371836,2025-09-09 12:40:54,33.5802993774414,-7.58103609085083,"Male"
"6018403",371836,2025-09-09 12:50:54,33.5802764892578,-7.58105325698853,"Male"
"6018403",371836,2025-09-09 13:00:53,33.5802345275879,-7.58109521865845,"Male"
"6018403",371836,2025-09-09 13:10:56,33.5808029174805,-7.58073854446411,"Male"
"6018403",371836,2025-09-09 13:20:55,33.5801887512207,-7.58107852935791,"Male"
"6018403",371836,2025-09-09 13:31:14,33.5805397033691,-7.58062505722046,"Male"
"6018403",371836,2025-09-09 13:40:52,33.5598831176758,-7.57560777664185,"Male"
"6018403",371836,2025-09-09 13:50:56,33.559814453125,-7.57567262649536,"Male"
"6018403",371836,2025-09-09 14:00:57,33.5590705871582,-7.57620096206665,"Male"
"6018403",371836,2025-09-09 14:10:59,33.5587043762207,-7.57530689239502,"Male"
"6018403",371836,2025-09-09 14:20:59,33.5600051879883,-7.57553911209106,"Male"
"6018403",371836,2025-09-09 14:30:56,33.5600891113281,-7.57549047470093,"Male"
"6018403",371836,2025-09-09 14:40:54,33.5602111816406,-7.57540273666382,"Male"
"6018403",371836,2025-09-09 14:51:03,33.5595550537109,-7.57561159133911,"Male"
"6018403",371836,2025-09-09 15:01:00,33.5598182678223,-7.57547616958618,"Male"
"6018403",371836,2025-09-09 15:10:52,33.5556335449219,-7.57729339599609,"Male"
"6018403",371836,2025-09-09 15:20:53,33.5002021789551,-7.54474210739136,"Male"
"6018403",371836,2025-09-09 15:31:00,33.4803428649902,-7.54190921783447,"Male"
"6018403",371836,2025-09-09 15:40:59,33.480339050293,-7.5417742729187,"Male"
"6018403",371836,2025-09-09 15:50:53,33.4804840087891,-7.54185771942139,"Male"
"6018403",371836,2025-09-09 16:00:59,33.479175567627,-7.5413122177124,"Male"
"6018403",371836,2025-09-09 16:11:03,33.479118347168,-7.54341077804565,"Male"
"6018403",371836,2025-09-09 16:21:04,33.4799690246582,-7.54306745529175,"Male"
"6018403",371836,2025-09-09 16:31:00,33.4800491333008,-7.54227781295776,"Male"
"6018403",371836,2025-09-09 16:40:54,33.4804077148438,-7.54246234893799,"Male"
"6018403",371836,2025-09-09 16:51:00,33.4795608520508,-7.54283714294434,"Male"
"6018403",371836,2025-09-09 17:00:54,33.4804496765137,-7.54365062713623,"Male"
"6018403",371836,2025-09-09 17:10:59,33.4798774719238,-7.54310512542725,"Male"
"6018403",371836,2025-09-09 17:20:55,33.4797897338867,-7.54308843612671,"Male"
"6018403",371836,2025-09-09 17:31:00,33.4795951843262,-7.54301261901855,"Male"
"6018403",371836,2025-09-09 17:41:00,33.4795188903809,-7.54302835464478,"Male"
"6018403",371836,2025-09-09 17:50:59,33.4897499084473,-7.54665279388428,"Male"
"6018403",371836,2025-09-09 18:01:00,33.5041351318359,-7.54005336761475,"Male"
"6018403",371836,2025-09-09 18:11:00,33.5277214050293,-7.54030895233154,"Male"
"6018403",371836,2025-09-09 18:21:00,33.5607070922852,-7.56353569030762,"Male"
"6018403",371836,2025-09-09 18:30:54,33.5964469909668,-7.57519626617432,"Male"
"6018403",371836,2025-09-09 18:41:00,33.5960388183594,-7.57434463500977,"Male"
"6018403",371836,2025-09-09 18:51:00,33.5972709655762,-7.5979905128479,"Male"
"6018403",371836,2025-09-09 19:01:10,33.5970764160156,-7.60730504989624,"Male"
"6018403",371836,2025-09-09 19:11:00,33.5971221923828,-7.6075873374939,"Male"
"6018403",371836,2025-09-09 19:21:06,33.5999450683594,-7.60688877105713,"Male"
"6018403",371836,2025-09-09 19:31:04,33.5999298095703,-7.60665559768677,"Male"
"6018403",371836,2025-09-09 19:41:23,33.5995712280273,-7.60638427734375,"Male"
"6018403",371836,2025-09-09 19:50:58,33.5995254516602,-7.60644340515137,"Male"
"6018403",371836,2025-09-09 20:00:57,33.6000328063965,-7.60642194747925,"Male"
"6018403",371836,2025-09-09 20:10:55,33.5998687744141,-7.60638475418091,"Male"
"6018403",371836,2025-09-09 20:20:58,33.6000289916992,-7.60620594024658,"Male"
"6018403",371836,2025-09-09 20:31:00,33.6001892089844,-7.60616493225098,"Male"
"6018403",371836,2025-09-09 20:41:00,33.6003532409668,-7.60608434677124,"Male"
"6018403",371836,2025-09-09 20:50:58,33.6001853942871,-7.60590839385986,"Male"
"6018403",371836,2025-09-09 21:00:58,33.5999717712402,-7.60610866546631,"Male"
"6018403",371836,2025-09-09 21:11:00,33.5996932983398,-7.60619354248047,"Male"
"6018403",371836,2025-09-09 21:20:52,33.6008377075195,-7.60963153839111,"Male"
"6018403",371836,2025-09-09 21:30:52,33.5990104675293,-7.60729598999023,"Male"
"6018403",371836,2025-09-09 21:40:53,33.5990295410156,-7.60737323760986,"Male"
"6018403",371836,2025-09-09 21:50:52,33.5991401672363,-7.60713005065918,"Male"
"6018403",371836,2025-09-09 22:00:53,33.5993690490723,-7.60687780380249,"Male"
"6018403",371836,2025-09-09 22:10:57,33.5997581481934,-7.60633134841919,"Male"
"6018403",371836,2025-09-09 22:20:53,33.59912109375,-7.60719108581543,"Male"
"6018403",371836,2025-09-09 22:30:55,33.6000022888184,-7.60622406005859,"Male"
"6018403",371836,2025-09-09 22:40:53,33.5987091064453,-7.60763835906982,"Male"
"6018403",371836,2025-09-09 22:50:53,33.5985679626465,-7.60771226882935,"Male"
"6018403",371836,2025-09-09 23:00:54,33.5983581542969,-7.60797691345215,"Male"
"6018403",371836,2025-09-09 23:10:54,33.6001739501953,-7.60567665100098,"Male"
"6018403",371836,2025-09-09 23:20:57,33.599308013916,-7.6067099571228,"Male"
"6018403",371836,2025-09-09 23:30:54,33.600341796875,-7.60568141937256,"Male"
"6018403",371836,2025-09-09 23:40:53,33.5996513366699,-7.60614061355591,"Male"
"6018403",371836,2025-09-09 23:50:54,33.598991394043,-7.6062822341919,"Male"
"6018403",371836,2025-09-10 00:00:53,33.5997428894043,-7.60678911209106,"Male"
"6018403",371836,2025-09-10 00:10:52,33.6003646850586,-7.6062479019165,"Male"
"6018403",371836,2025-09-10 00:20:59,33.5999946594238,-7.60626745223999,"Male"
"6018403",371836,2025-09-10 00:30:52,33.6002807617188,-7.60641384124756,"Male"
"6018403",371836,2025-09-10 00:40:53,33.6002731323242,-7.60651302337646,"Male"
"6018403",371836,2025-09-10 00:50:54,33.6002349853516,-7.60649061203003,"Male"
"6018403",371836,2025-09-10 01:00:55,33.599781036377,-7.60663032531738,"Male"
"6018403",371836,2025-09-10 01:10:52,33.6001358032227,-7.60655546188354,"Male"
"6018403",371836,2025-09-10 01:20:57,33.599781036377,-7.60651159286499,"Male"
"6018403",371836,2025-09-10 01:30:52,33.6000328063965,-7.60654163360596,"Male"
"6018403",371836,2025-09-10 01:40:57,33.5996894836426,-7.60645961761475,"Male"
"6018403",371836,2025-09-10 01:50:52,33.6002082824707,-7.60660600662231,"Male"
"6018403",371836,2025-09-10 02:00:54,33.6004981994629,-7.60755825042725,"Male"
"6018403",371836,2025-09-10 02:11:00,33.5996589660645,-7.6064076423645,"Male"
"6018403",371836,2025-09-10 02:20:58,33.5997200012207,-7.60631847381592,"Male"
"6018403",371836,2025-09-10 02:30:53,33.6002006530762,-7.60693216323853,"Male"
"6018403",371836,2025-09-10 02:40:55,33.5998458862305,-7.60631799697876,"Male"
"6018403",371836,2025-09-10 02:51:01,33.6000633239746,-7.6058988571167,"Male"
"6018403",371836,2025-09-10 03:01:00,33.5999069213867,-7.6062068939209,"Male"
"6018403",371836,2025-09-10 03:11:11,33.5999221801758,-7.6060037612915,"Male"
"6018403",371836,2025-09-10 03:21:00,33.5999031066895,-7.60606479644775,"Male"
"6018403",371836,2025-09-10 03:31:00,33.5999755859375,-7.60613584518433,"Male"
"6018403",371836,2025-09-10 03:41:02,33.5998992919922,-7.60552549362183,"Male"
"6018403",371836,2025-09-10 03:51:14,33.5999069213867,-7.6064076423645,"Male"
"6018403",371836,2025-09-10 04:00:55,33.5998649597168,-7.60624504089355,"Male"
"6018403",371836,2025-09-10 04:11:21,33.599853515625,-7.60638856887817,"Male"
"6018403",371836,2025-09-10 04:20:55,33.599853515625,-7.60632181167603,"Male"
"6018403",371836,2025-09-10 04:30:55,33.5998115539551,-7.60640525817871,"Male"
"6018403",371836,2025-09-10 04:40:58,33.5996513366699,-7.60713768005371,"Male"
"6018403",371836,2025-09-10 04:51:13,33.6003646850586,-7.60600900650024,"Male"
"6018403",371836,2025-09-10 05:01:01,33.6001892089844,-7.60595941543579,"Male"
"6018403",371836,2025-09-10 05:11:00,33.6000709533691,-7.60612106323242,"Male"
"6018403",371836,2025-09-10 05:20:59,33.6000442504883,-7.60595464706421,"Male"
"6018403",371836,2025-09-10 05:31:17,33.5998954772949,-7.6065936088562,"Male"
"6018403",371836,2025-09-10 05:41:14,33.5998954772949,-7.6060266494751,"Male"
"6018403",371836,2025-09-10 05:51:00,33.5995483398438,-7.60596561431885,"Male"
"6018403",371836,2025-09-10 06:00:54,33.6001853942871,-7.60595512390137,"Male"
"6018403",371836,2025-09-10 06:10:57,33.5998001098633,-7.60738277435303,"Male"
"6018403",371836,2025-09-10 06:21:08,33.5999603271484,-7.60665607452393,"Male"
"6018403",371836,2025-09-10 06:31:14,33.5897331237793,-7.60431098937988,"Male"
"6018403",371836,2025-09-10 06:40:55,33.589714050293,-7.6040301322937,"Male"
"6018403",371836,2025-09-10 06:50:59,33.5895881652832,-7.60424613952637,"Male"
"6018403",371836,2025-09-10 07:01:00,33.5895195007324,-7.60380744934082,"Male"
"6018403",371836,2025-09-10 07:10:55,33.5899505615234,-7.60529661178589,"Male"
"6018403",371836,2025-09-10 07:21:00,33.5895576477051,-7.6044864654541,"Male"
"6018403",371836,2025-09-10 07:31:13,33.5898017883301,-7.60450887680054,"Male"
"6018403",371836,2025-09-10 07:41:14,33.589771270752,-7.60449409484863,"Male"
"6018403",371836,2025-09-10 07:50:59,33.5896530151367,-7.60462856292725,"Male"
"6018403",371836,2025-09-10 08:01:03,33.5895576477051,-7.60459041595459,"Male"
"6018403",371836,2025-09-10 08:11:08,33.5895118713379,-7.60456085205078,"Male"
"6018403",371836,2025-09-10 08:21:53,33.5893096923828,-7.6047887802124,"Male"
"6018403",371836,2025-09-10 08:30:54,33.5894584655762,-7.60479354858398,"Male"
"6018403",371836,2025-09-10 08:40:55,33.5901412963867,-7.60490322113037,"Male"
"6018403",371836,2025-09-10 08:51:35,33.5893974304199,-7.60474300384521,"Male"
"6018403",371836,2025-09-10 09:00:52,33.5893592834473,-7.60462093353271,"Male"
"6018403",371836,2025-09-10 09:10:51,33.5894050598145,-7.60460710525513,"Male"
"6018403",371836,2025-09-10 09:20:52,33.5895156860352,-7.60470199584961,"Male"
"6018403",371836,2025-09-10 09:30:53,33.5894432067871,-7.60478401184082,"Male"
"6018403",371836,2025-09-10 09:40:53,33.5894355773926,-7.60469436645508,"Male"
"6018403",371836,2025-09-10 09:50:52,33.6007385253906,-7.60775136947632,"Male"
"6018403",371836,2025-09-10 10:00:51,33.5791282653809,-7.5816068649292,"Male"
"6018403",371836,2025-09-10 10:10:52,33.5793800354004,-7.58097839355469,"Male"
"6018403",371836,2025-09-10 10:20:52,33.5794563293457,-7.58105373382568,"Male"
"6018403",371836,2025-09-10 10:30:52,33.5793533325195,-7.58097648620605,"Male"
"6018403",371836,2025-09-10 10:40:52,33.5795555114746,-7.58118104934692,"Male"
"6018403",371836,2025-09-10 10:50:55,33.5794868469238,-7.58108186721802,"Male"
"6018403",371836,2025-09-10 11:00:57,33.5795478820801,-7.58117341995239,"Male"
"6018403",371836,2025-09-10 11:11:14,33.5794906616211,-7.58088731765747,"Male"
"6018403",371836,2025-09-10 11:21:00,33.5795707702637,-7.58104372024536,"Male"
"6018403",371836,2025-09-10 11:31:00,33.5795135498047,-7.58097743988037,"Male"
"6018403",371836,2025-09-10 11:41:02,33.5794563293457,-7.58088302612305,"Male"
"6018403",371836,2025-09-10 11:51:34,33.579460144043,-7.5810341835022,"Male"
"6018403",371836,2025-09-10 12:00:51,33.5795249938965,-7.58096170425415,"Male"
"6018403",371836,2025-09-10 12:11:03,33.5795974731445,-7.58122110366821,"Male"
"6018403",371836,2025-09-10 12:20:52,33.5717811584473,-7.57058715820312,"Male"
"6018403",371836,2025-09-10 12:30:53,33.5477638244629,-7.54923105239868,"Male"
"6018403",371836,2025-09-10 12:40:54,33.5478096008301,-7.5492992401123,"Male"
"6018403",371836,2025-09-10 12:50:53,33.5478706359863,-7.54968118667603,"Male"
"6018403",371836,2025-09-10 13:00:52,33.5445518493652,-7.55038499832153,"Male"
"6018403",371836,2025-09-10 13:10:53,33.4825973510742,-7.54088258743286,"Male"
"6018403",371836,2025-09-10 13:20:55,33.4800300598145,-7.54253816604614,"Male"
"6018403",371836,2025-09-10 13:31:00,33.4794578552246,-7.54198741912842,"Male"
"6018403",371836,2025-09-10 13:40:52,33.4787635803223,-7.54177188873291,"Male"
"6018403",371836,2025-09-10 13:51:14,33.4810638427734,-7.54115009307861,"Male"
"6018403",371836,2025-09-10 14:01:00,33.4804458618164,-7.54186391830444,"Male"
"6018403",371836,2025-09-10 14:11:00,33.4804534912109,-7.54229497909546,"Male"
"6018403",371836,2025-09-10 14:21:06,33.479736328125,-7.5423469543457,"Male"
"6018403",371836,2025-09-10 14:31:00,33.4797325134277,-7.54231119155884,"Male"
"6018403",371836,2025-09-10 14:41:00,33.4799270629883,-7.54193592071533,"Male"
"6018403",371836,2025-09-10 14:51:35,33.4807548522949,-7.54441690444946,"Male"
"6018403",371836,2025-09-10 15:01:14,33.4810409545898,-7.54242610931396,"Male"
"6018403",371836,2025-09-10 15:11:00,33.481315612793,-7.54181718826294,"Male"
"6018403",371836,2025-09-10 15:21:00,33.4811363220215,-7.54256916046143,"Male"
"6018403",371836,2025-09-10 15:31:22,33.4801025390625,-7.54136800765991,"Male"
"6018403",371836,2025-09-10 15:41:32,33.4802398681641,-7.54114151000977,"Male"
"6018403",371836,2025-09-10 15:50:53,33.4808769226074,-7.54116296768188,"Male"
"6018403",371836,2025-09-10 16:01:19,33.4806861877441,-7.54021739959717,"Male"
"6018403",371836,2025-09-10 16:11:27,33.481502532959,-7.54228782653809,"Male"
"6018403",371836,2025-09-10 16:20:57,33.4833946228027,-7.5417160987854,"Male"
"6018403",371836,2025-09-10 16:30:59,33.482120513916,-7.5423755645752,"Male"
"6018403",371836,2025-09-10 16:41:35,33.482349395752,-7.5430097579956,"Male"
"6018403",371836,2025-09-10 16:50:54,33.4814605712891,-7.54188108444214,"Male"
"6018403",371836,2025-09-10 17:01:02,33.4814834594727,-7.54191827774048,"Male"
"6018403",371836,2025-09-10 17:10:58,33.4815254211426,-7.54186153411865,"Male"
"6018403",371836,2025-09-10 17:20:53,33.4817657470703,-7.54163551330566,"Male"
"6018403",371836,2025-09-10 17:30:58,33.4816398620605,-7.54127168655396,"Male"
"6018403",371836,2025-09-10 17:41:04,33.4811859130859,-7.54131698608398,"Male"
"6018403",371836,2025-09-10 17:51:00,33.4802055358887,-7.54119348526001,"Male"
"6018403",371836,2025-09-10 18:01:02,33.483039855957,-7.54043340682983,"Male"
"6018403",371836,2025-09-10 18:10:59,33.4854965209961,-7.54056262969971,"Male"
"6018403",371836,2025-09-10 18:20:52,33.4792175292969,-7.54183626174927,"Male"
"6018403",371836,2025-09-10 18:31:11,33.4988212585449,-7.54823064804077,"Male"
"6018403",371836,2025-09-10 18:40:53,33.5267601013184,-7.57417583465576,"Male"
"6018403",371836,2025-09-10 18:51:00,33.5604629516602,-7.59237051010132,"Male"
"6018403",371836,2025-09-10 19:01:23,33.5968704223633,-7.605309009552,"Male"
"6018403",371836,2025-09-10 19:11:01,33.5970077514648,-7.60550832748413,"Male"
"6018403",371836,2025-09-10 19:21:02,33.599967956543,-7.60639476776123,"Male"
"6018403",371836,2025-09-10 19:31:19,33.6001586914062,-7.60639572143555,"Male"
"6018403",371836,2025-09-10 19:41:01,33.6000862121582,-7.60610294342041,"Male"
"6018403",371836,2025-09-10 19:51:05,33.600284576416,-7.60647296905518,"Male"
"6018403",371836,2025-09-10 20:00:59,33.6001434326172,-7.60641288757324,"Male"
"6018403",371836,2025-09-10 20:11:10,33.600154876709,-7.60628890991211,"Male"
"6018403",371836,2025-09-10 20:21:16,33.6001625061035,-7.60648155212402,"Male"
"6018403",371836,2025-09-10 20:30:55,33.6001243591309,-7.60655641555786,"Male"
"6018403",371836,2025-09-10 20:40:56,33.5999526977539,-7.60603094100952,"Male"
"6018403",371836,2025-09-10 20:51:30,33.5999717712402,-7.60634183883667,"Male"
"6018403",371836,2025-09-10 21:00:57,33.5997924804688,-7.60619974136353,"Male"
"6018403",371836,2025-09-10 21:11:00,33.6000900268555,-7.60629558563232,"Male"
"6018403",371836,2025-09-10 21:21:00,33.5999412536621,-7.60639953613281,"Male"
"6018403",371836,2025-09-10 21:31:06,33.6006660461426,-7.60654592514038,"Male"
"6018403",371836,2025-09-10 21:41:00,33.6001205444336,-7.60659456253052,"Male"
"6018403",371836,2025-09-10 21:51:15,33.5998344421387,-7.60637092590332,"Male"
"6018403",371836,2025-09-10 22:01:10,33.6005058288574,-7.60690450668335,"Male"
"6018403",371836,2025-09-10 22:10:59,33.6001396179199,-7.60614395141602,"Male"
"6018403",371836,2025-09-10 22:21:00,33.6000938415527,-7.60654926300049,"Male"
"6018403",371836,2025-09-10 22:31:05,33.6001892089844,-7.60645389556885,"Male"
"6018403",371836,2025-09-10 22:41:01,33.5999794006348,-7.60663270950317,"Male"
"6018403",371836,2025-09-10 22:51:14,33.599983215332,-7.60648584365845,"Male"
"6018403",371836,2025-09-10 23:01:23,33.6000289916992,-7.60647344589233,"Male"
"6018403",371836,2025-09-10 23:11:00,33.6000595092773,-7.60623931884766,"Male"
"6018403",371836,2025-09-10 23:21:43,33.6000366210938,-7.60641479492188,"Male"
"6018403",371836,2025-09-10 23:31:14,33.6018371582031,-7.60568428039551,"Male"
"6018403",371836,2025-09-10 23:40:51,33.6019859313965,-7.60568618774414,"Male"
"6018403",371836,2025-09-10 23:50:52,33.6015625,-7.60570812225342,"Male"
"6018403",371836,2025-09-11 00:00:57,33.6017990112305,-7.60565185546875,"Male"
"6018403",371836,2025-09-11 00:10:57,33.6018295288086,-7.60592603683472,"Male"
"6018403",371836,2025-09-11 00:21:00,33.6017875671387,-7.6058669090271,"Male"
"6018403",371836,2025-09-11 00:31:00,33.6012229919434,-7.60524129867554,"Male"
"6018403",371836,2025-09-11 00:41:00,33.6031951904297,-7.60736751556396,"Male"
"6018403",371836,2025-09-11 00:51:07,33.6024780273438,-7.60664749145508,"Male"
"6018403",371836,2025-09-11 01:01:00,33.6019859313965,-7.60593414306641,"Male"
"6018403",371836,2025-09-11 01:11:14,33.6018905639648,-7.60599899291992,"Male"
"6018403",371836,2025-09-11 01:20:54,33.6019744873047,-7.60597467422485,"Male"
"6018403",371836,2025-09-11 01:30:53,33.6020050048828,-7.60629081726074,"Male"
"6018403",371836,2025-09-11 01:40:52,33.602108001709,-7.60619306564331,"Male"
"6018403",371836,2025-09-11 01:51:15,33.6019554138184,-7.60580825805664,"Male"
"6018403",371836,2025-09-11 02:00:59,33.6019973754883,-7.60595893859863,"Male"
"6018403",371836,2025-09-11 02:10:58,33.6018486022949,-7.60565423965454,"Male"
"6018403",371836,2025-09-11 02:20:57,33.6018714904785,-7.60557508468628,"Male"
"6018403",371836,2025-09-11 02:31:09,33.5998764038086,-7.60635185241699,"Male"
"6018403",371836,2025-09-11 02:40:58,33.6001472473145,-7.606773853302,"Male"
"6018403",371836,2025-09-11 02:51:14,33.6016464233398,-7.60953712463379,"Male"
"6018403",371836,2025-09-11 03:00:57,33.6002998352051,-7.60692358016968,"Male"
"6018403",371836,2025-09-11 03:10:55,33.6001205444336,-7.6064600944519,"Male"
"6018403",371836,2025-09-11 03:21:05,33.6000175476074,-7.60627794265747,"Male"
"6018403",371836,2025-09-11 03:30:58,33.6001319885254,-7.60673332214355,"Male"
"6018403",371836,2025-09-11 03:40:58,33.6001968383789,-7.60699081420898,"Male"
"6018403",371836,2025-09-11 03:51:14,33.6000823974609,-7.60629415512085,"Male"
"6018403",371836,2025-09-11 04:01:09,33.6001358032227,-7.60666656494141,"Male"
"6018403",371836,2025-09-11 04:11:00,33.600212097168,-7.60680913925171,"Male"
"6018403",371836,2025-09-11 04:21:15,33.6004905700684,-7.6071949005127,"Male"
"6018403",371836,2025-09-11 04:30:58,33.6002998352051,-7.60693311691284,"Male"
"6018403",371836,2025-09-11 04:41:07,33.5994415283203,-7.6060905456543,"Male"
"6018403",371836,2025-09-11 04:51:15,33.5999488830566,-7.6065468788147,"Male"
"6018403",371836,2025-09-11 05:01:05,33.6000862121582,-7.60663986206055,"Male"
"6018403",371836,2025-09-11 05:11:01,33.6000938415527,-7.60660791397095,"Male"
"6018403",371836,2025-09-11 05:21:01,33.5999565124512,-7.6062707901001,"Male"
"6018403",371836,2025-09-11 05:30:54,33.6000137329102,-7.6065263748169,"Male"
"6018403",371836,2025-09-11 05:40:57,33.6000518798828,-7.60660171508789,"Male"
"6018403",371836,2025-09-11 05:51:00,33.6002655029297,-7.6061372756958,"Male"
"6018403",371836,2025-09-11 06:00:54,33.5992279052734,-7.61281299591065,"Male"
"6018403",371836,2025-09-11 06:11:00,33.6026840209961,-7.67128658294678,"Male"
"6018403",371836,2025-09-11 06:20:54,33.5957107543945,-7.64072704315185,"Male"
"6018403",371836,2025-09-11 06:30:54,33.5956649780273,-7.64082336425781,"Male"
"6018403",371836,2025-09-11 06:40:53,33.5956077575684,-7.64099407196045,"Male"
"6018403",371836,2025-09-11 06:50:57,33.5957260131836,-7.64078235626221,"Male"
"6018403",371836,2025-09-11 07:01:00,33.5957183837891,-7.64084625244141,"Male"
"6018403",371836,2025-09-11 07:10:53,33.595573425293,-7.64122772216797,"Male"
"6018403",371836,2025-09-11 07:20:59,33.5955772399902,-7.64131689071655,"Male"
"6018403",371836,2025-09-11 07:30:54,33.5955848693848,-7.64113140106201,"Male"
"6018403",371836,2025-09-11 07:40:53,33.5955543518066,-7.64137268066406,"Male"
"6018403",371836,2025-09-11 07:50:53,33.5955657958984,-7.64133882522583,"Male"
"6018403",371836,2025-09-11 08:00:54,33.5956878662109,-7.64132022857666,"Male"
"6018403",371836,2025-09-11 08:10:53,33.5955429077148,-7.64145755767822,"Male"
"6018403",371836,2025-09-11 08:20:53,33.5953178405762,-7.64138507843018,"Male"
"6018403",371836,2025-09-11 08:30:53,33.595458984375,-7.6414475440979,"Male"
"6018403",371836,2025-09-11 08:40:53,33.5919609069824,-7.62175035476685,"Male"
"6018403",371836,2025-09-11 08:50:53,33.588939666748,-7.60909175872803,"Male"
"6018403",371836,2025-09-11 09:00:53,33.5897369384766,-7.60494041442871,"Male"
"6018403",371836,2025-09-11 09:10:53,33.589469909668,-7.60478496551514,"Male"
"6018403",371836,2025-09-11 09:20:54,33.5895156860352,-7.60477447509766,"Male"
"6018403",371836,2025-09-11 09:30:53,33.5898284912109,-7.60506868362427,"Male"
"6018403",371836,2025-09-11 09:40:57,33.5894050598145,-7.60499620437622,"Male"
"6018403",371836,2025-09-11 09:50:53,33.5895538330078,-7.6049222946167,"Male"
"6018403",371836,2025-09-11 10:00:54,33.5896377563477,-7.60483074188232,"Male"
"6018403",371836,2025-09-11 10:10:57,33.589427947998,-7.59454441070557,"Male"
"6018403",371836,2025-09-11 10:20:53,33.5799293518066,-7.58542966842651,"Male"
"6018403",371836,2025-09-11 10:30:57,33.579963684082,-7.58516788482666,"Male"
"6018403",371836,2025-09-11 10:40:53,33.5801315307617,-7.58543300628662,"Male"
"6018403",371836,2025-09-11 10:50:52,33.5800552368164,-7.58524084091187,"Male"
"6018403",371836,2025-09-11 11:00:55,33.5798530578613,-7.5850715637207,"Male"
"6018403",371836,2025-09-11 11:11:00,33.5799369812012,-7.58495950698853,"Male"
"6018403",371836,2025-09-11 11:20:57,33.5799102783203,-7.58499670028687,"Male"
"6018403",371836,2025-09-11 11:30:57,33.5797958374023,-7.58509969711304,"Male"
"6018403",371836,2025-09-11 11:40:57,33.5798072814941,-7.58497095108032,"Male"
"6018403",371836,2025-09-11 11:51:00,33.5798835754395,-7.58507680892944,"Male"
"6018403",371836,2025-09-11 12:00:55,33.5798683166504,-7.5852952003479,"Male"
"6018403",371836,2025-09-11 12:10:59,33.575855255127,-7.58695602416992,"Male"
"6018403",371836,2025-09-11 12:20:54,33.5593490600586,-7.57558679580688,"Male"
"6018403",371836,2025-09-11 12:30:57,33.5595664978027,-7.57582807540894,"Male"
"6018403",371836,2025-09-11 12:40:57,33.5595626831055,-7.57582426071167,"Male"
"6018403",371836,2025-09-11 12:50:57,33.559627532959,-7.57589340209961,"Male"
"6018403",371836,2025-09-11 13:00:54,33.559944152832,-7.57606649398804,"Male"
"6018403",371836,2025-09-11 13:10:58,33.5593452453613,-7.57632827758789,"Male"
"6018403",371836,2025-09-11 13:20:59,33.5593566894531,-7.57641410827637,"Male"
"6018403",371836,2025-09-11 13:31:00,33.5598487854004,-7.57614517211914,"Male"
"6018403",371836,2025-09-11 13:40:53,33.5601768493652,-7.5755820274353,"Male"
"6018403",371836,2025-09-11 13:50:55,33.5592727661133,-7.57639360427856,"Male"
"6018403",371836,2025-09-11 14:00:53,33.5563316345215,-7.58022975921631,"Male"
"6018403",371836,2025-09-11 14:11:00,33.5123481750488,-7.56098651885986,"Male"
"6018403",371836,2025-09-11 14:21:04,33.4802017211914,-7.54240703582764,"Male"
"6018403",371836,2025-09-11 14:30:59,33.4806518554688,-7.54162216186523,"Male"
"6018403",371836,2025-09-11 14:40:56,33.4802093505859,-7.54157543182373,"Male"
"6018403",371836,2025-09-11 14:51:00,33.4802322387695,-7.54148530960083,"Male"
"6018403",371836,2025-09-11 15:01:10,33.4799690246582,-7.54160261154175,"Male"
"6018403",371836,2025-09-11 15:11:00,33.4808921813965,-7.54152345657349,"Male"
"6018403",371836,2025-09-11 15:20:53,33.4806823730469,-7.54075574874878,"Male"
"6018403",371836,2025-09-11 15:30:53,33.4799385070801,-7.54158687591553,"Male"
"6018403",371836,2025-09-11 15:40:54,33.4807281494141,-7.54042720794678,"Male"
"6018403",371836,2025-09-11 15:51:01,33.4833755493164,-7.54015445709229,"Male"
"6018403",371836,2025-09-11 16:01:00,33.4833526611328,-7.54003000259399,"Male"
"6018403",371836,2025-09-11 16:10:53,33.4833030700684,-7.54028272628784,"Male"
"6018403",371836,2025-09-11 16:20:57,33.4833869934082,-7.5397891998291,"Male"
"6018403",371836,2025-09-11 16:30:53,33.4833488464355,-7.53991222381592,"Male"
"6018403",371836,2025-09-11 16:40:54,33.4834251403809,-7.54021739959717,"Male"
"6018403",371836,2025-09-11 16:50:55,33.4841194152832,-7.54084968566895,"Male"
"6018403",371836,2025-09-11 17:00:53,33.4842376708984,-7.54109477996826,"Male"
"6018403",371836,2025-09-11 17:10:55,33.4843559265137,-7.54118537902832,"Male"
"6018403",371836,2025-09-11 17:21:00,33.4839172363281,-7.54146242141724,"Male"
"6018403",371836,2025-09-11 17:31:00,33.4848823547363,-7.54118347167969,"Male"
"6018403",371836,2025-09-11 17:41:00,33.4853744506836,-7.54118633270264,"Male"
"6018403",371836,2025-09-11 17:51:00,33.4853782653809,-7.54096698760986,"Male"
"6018403",371836,2025-09-11 18:00:56,33.4859619140625,-7.54101276397705,"Male"
"6018403",371836,2025-09-11 18:11:00,33.4852905273438,-7.54086589813232,"Male"
"6018403",371836,2025-09-11 18:20:55,33.4853172302246,-7.54092168807983,"Male"
"6018403",371836,2025-09-11 18:30:56,33.4859313964844,-7.54106712341309,"Male"
"6018403",371836,2025-09-11 18:41:00,33.4857864379883,-7.5400915145874,"Male"
"6018403",371836,2025-09-11 18:50:54,33.5000762939453,-7.56146478652954,"Male"
"6018403",371836,2025-09-11 19:01:07,33.5333938598633,-7.58656787872315,"Male"
"6018403",371836,2025-09-11 19:11:07,33.5745277404785,-7.59755802154541,"Male"
"6018403",371836,2025-09-11 19:21:00,33.6017189025879,-7.60534763336182,"Male"
"6018403",371836,2025-09-11 19:31:00,33.6015510559082,-7.60516214370728,"Male"
"6018403",371836,2025-09-11 19:41:14,33.6018142700195,-7.60541534423828,"Male"
"6018403",371836,2025-09-11 19:51:06,33.6017112731934,-7.6052770614624,"Male"
"6018403",371836,2025-09-11 20:01:06,33.6017150878906,-7.60528755187988,"Male"
"6018403",371836,2025-09-11 20:11:06,33.6017951965332,-7.60529613494873,"Male"
"6018403",371836,2025-09-11 20:21:07,33.6018486022949,-7.60546875,"Male"
"6018403",371836,2025-09-11 20:31:35,33.6017532348633,-7.60543727874756,"Male"
"6018403",371836,2025-09-11 20:40:55,33.6017150878906,-7.60546588897705,"Male"
"6018403",371836,2025-09-11 20:50:58,33.6016502380371,-7.60546445846558,"Male"
"6018403",371836,2025-09-11 21:00:54,33.6015090942383,-7.60525417327881,"Male"
"6018403",371836,2025-09-11 21:10:53,33.5995292663574,-7.6061635017395,"Male"
"6018403",371836,2025-09-11 21:20:58,33.5994720458984,-7.60609197616577,"Male"
"6018403",371836,2025-09-11 21:30:53,33.600025177002,-7.60644292831421,"Male"
"6018403",371836,2025-09-11 21:40:54,33.6000633239746,-7.60655879974365,"Male"
"6018403",371836,2025-09-11 21:50:55,33.6000900268555,-7.60654211044312,"Male"
"6018403",371836,2025-09-11 22:00:54,33.6001091003418,-7.60654973983765,"Male"
"6018403",371836,2025-09-11 22:10:54,33.6001396179199,-7.60656452178955,"Male"
"6018403",371836,2025-09-11 22:20:53,33.6001014709473,-7.60651874542236,"Male"
"6018403",371836,2025-09-11 22:30:54,33.6000289916992,-7.60654020309448,"Male"
"6018403",371836,2025-09-11 22:40:53,33.5998153686523,-7.60679864883423,"Male"
"6018403",371836,2025-09-11 22:50:54,33.6000022888184,-7.60656309127808,"Male"
"6018403",371836,2025-09-11 23:00:53,33.5999450683594,-7.60653305053711,"Male"
"6018403",371836,2025-09-11 23:10:56,33.6001930236816,-7.60630702972412,"Male"
"6018403",371836,2025-09-11 23:20:58,33.5998039245605,-7.60663032531738,"Male"
"6018403",371836,2025-09-11 23:30:58,33.5997009277344,-7.60662889480591,"Male"
"6018403",371836,2025-09-11 23:40:55,33.5999145507812,-7.60630655288696,"Male"
"6018403",371836,2025-09-11 23:50:57,33.5997543334961,-7.60614776611328,"Male"
"6018403",371836,2025-09-12 00:00:57,33.5998687744141,-7.6063814163208,"Male"
"6018403",371836,2025-09-12 00:10:57,33.5996551513672,-7.60534286499023,"Male"
"6018403",371836,2025-09-12 00:20:54,33.5996856689453,-7.60577821731567,"Male"
"6018403",371836,2025-09-12 00:30:55,33.6000747680664,-7.60678052902222,"Male"
"6018403",371836,2025-09-12 00:41:10,33.5998306274414,-7.60627317428589,"Male"
"6018403",371836,2025-09-12 00:50:54,33.5999488830566,-7.60636949539185,"Male"
"6018403",371836,2025-09-12 01:00:59,33.6001586914062,-7.60653972625732,"Male"
"6018403",371836,2025-09-12 01:10:57,33.6000785827637,-7.60615253448486,"Male"
"6018403",371836,2025-09-12 01:20:59,33.5995407104492,-7.6057505607605,"Male"
"6018403",371836,2025-09-12 01:31:14,33.6000328063965,-7.60627269744873,"Male"
"6018403",371836,2025-09-12 01:40:57,33.5999031066895,-7.60589075088501,"Male"
"6018403",371836,2025-09-12 01:50:57,33.6000900268555,-7.60611629486084,"Male"
"6018403",371836,2025-09-12 02:00:55,33.5999984741211,-7.60595703125,"Male"
"6018403",371836,2025-09-12 02:10:56,33.5999641418457,-7.60575771331787,"Male"
"6018403",371836,2025-09-12 02:21:14,33.6000518798828,-7.60599422454834,"Male"
"6018403",371836,2025-09-12 02:31:00,33.6000709533691,-7.60592174530029,"Male"
"6018403",371836,2025-09-12 02:41:14,33.6005630493164,-7.60780382156372,"Male"
"6018403",371836,2025-09-12 02:51:06,33.6003341674805,-7.60669755935669,"Male"
"6018403",371836,2025-09-12 03:01:00,33.600528717041,-7.607346534729,"Male"
"6018403",371836,2025-09-12 03:11:03,33.6009140014648,-7.60749959945679,"Male"
"6018403",371836,2025-09-12 03:21:01,33.601016998291,-7.60745286941528,"Male"
"6018403",371836,2025-09-12 03:31:23,33.6009101867676,-7.60830307006836,"Male"
"6018403",371836,2025-09-12 03:41:14,33.6001777648926,-7.60180377960205,"Male"
"6018403",371836,2025-09-12 03:51:00,33.6004180908203,-7.60737800598145,"Male"
"6018403",371836,2025-09-12 04:01:04,33.6001663208008,-7.60645389556885,"Male"
"6018403",371836,2025-09-12 04:11:22,33.6000709533691,-7.60664176940918,"Male"
"6018403",371836,2025-09-12 04:21:00,33.5999183654785,-7.60648536682129,"Male"
"6018403",371836,2025-09-12 04:31:10,33.6001739501953,-7.6066746711731,"Male"
"6018403",371836,2025-09-12 04:41:00,33.6007537841797,-7.60677099227905,"Male"
"6018403",371836,2025-09-12 04:51:29,33.6001625061035,-7.60666942596435,"Male"
"6018403",371836,2025-09-12 05:00:53,33.6002349853516,-7.6066484451294,"Male"
"6018403",371836,2025-09-12 05:10:53,33.6002769470215,-7.6063985824585,"Male"
"6018403",371836,2025-09-12 05:20:55,33.6003150939941,-7.60656929016113,"Male"
"6018403",371836,2025-09-12 05:30:52,33.6003036499023,-7.6062912940979,"Male"
"6018403",371836,2025-09-12 05:40:53,33.5986671447754,-7.62938928604126,"Male"
"6018403",371836,2025-09-12 05:50:53,33.5998306274414,-7.6063928604126,"Male"
"6018403",371836,2025-09-12 06:00:54,33.5911293029785,-7.60766887664795,"Male"
"6018403",371836,2025-09-12 06:10:56,33.5911140441895,-7.60776805877685,"Male"
"6018403",371836,2025-09-12 06:20:52,33.6022872924805,-7.6699104309082,"Male"
"6018403",371836,2025-09-12 06:30:55,33.5995292663574,-7.64176034927368,"Male"
"6018403",371836,2025-09-12 06:40:55,33.5995407104492,-7.64172124862671,"Male"
"6018403",371836,2025-09-12 06:51:00,33.5993919372559,-7.64148235321045,"Male"
"6018403",371836,2025-09-12 07:00:58,33.5991554260254,-7.64141464233398,"Male"
"6018403",371836,2025-09-12 07:11:12,33.5993423461914,-7.64151191711426,"Male"
"6018403",371836,2025-09-12 07:21:03,33.5930786132812,-7.63454723358154,"Male"
"6018403",371836,2025-09-12 07:30:58,33.593334197998,-7.63437652587891,"Male"
"6018403",371836,2025-09-12 07:40:55,33.5931777954102,-7.6344313621521,"Male"
"6018403",371836,2025-09-12 07:51:01,33.5931129455566,-7.63442802429199,"Male"
"6018403",371836,2025-09-12 08:00:57,33.593074798584,-7.63461256027222,"Male"
"6018403",371836,2025-09-12 08:10:58,33.5931358337402,-7.63425731658935,"Male"
"6018403",371836,2025-09-12 08:21:12,33.5931282043457,-7.63440799713135,"Male"
"6018403",371836,2025-09-12 08:30:57,33.5880851745605,-7.61164474487305,"Male"
"6018403",371836,2025-09-12 08:41:00,33.5881309509277,-7.61169958114624,"Male"
"6018403",371836,2025-09-12 08:51:21,33.588077545166,-7.61161088943481,"Male"
"6018403",371836,2025-09-12 09:01:14,33.588134765625,-7.61160945892334,"Male"
"6018403",371836,2025-09-12 09:10:58,33.5880165100098,-7.61157608032227,"Male"
"6018403",371836,2025-09-12 09:21:01,33.5880432128906,-7.61153316497803,"Male"
"6018403",371836,2025-09-12 09:31:03,33.5880241394043,-7.61176586151123,"Male"
"6018403",371836,2025-09-12 09:41:07,33.5882759094238,-7.6117000579834,"Male"
"6018403",371836,2025-09-12 09:51:14,33.588207244873,-7.61172866821289,"Male"
"6018403",371836,2025-09-12 10:01:28,33.5881767272949,-7.61166381835938,"Male"
"6018403",371836,2025-09-12 10:10:53,33.5913543701172,-7.60206365585327,"Male"
"6018403",371836,2025-09-12 10:20:53,33.5913543701172,-7.60214900970459,"Male"
"6018403",371836,2025-09-12 10:30:53,33.5913047790527,-7.60208511352539,"Male"
"6018403",371836,2025-09-12 10:40:53,33.5913124084473,-7.60212898254395,"Male"
"6018403",371836,2025-09-12 10:50:56,33.5912666320801,-7.60211038589478,"Male"
"6018403",371836,2025-09-12 11:00:54,33.5913314819336,-7.60204601287842,"Male"
"6018403",371836,2025-09-12 11:10:54,33.59130859375,-7.60212993621826,"Male"
"6018403",371836,2025-09-12 11:20:52,33.5912818908691,-7.60207176208496,"Male"
"6018403",371836,2025-09-12 11:30:52,33.5912704467773,-7.60213994979858,"Male"
"6018403",371836,2025-09-12 11:40:56,33.5912780761719,-7.60219526290894,"Male"
"6018403",371836,2025-09-12 11:50:58,33.59130859375,-7.60211753845215,"Male"
"6018403",371836,2025-09-12 12:00:57,33.5912551879883,-7.60231256484985,"Male"
"6018403",371836,2025-09-12 12:11:00,33.5913848876953,-7.60217952728271,"Male"
"6018403",371836,2025-09-12 12:20:53,33.5913467407227,-7.60218191146851,"Male"
"6018403",371836,2025-09-12 12:30:58,33.5914611816406,-7.60231590270996,"Male"
"6018403",371836,2025-09-12 12:40:58,33.5913581848145,-7.6020393371582,"Male"
"6018403",371836,2025-09-12 12:50:58,33.5917205810547,-7.6024055480957,"Male"
"6018403",371836,2025-09-12 13:00:54,33.5767707824707,-7.60241413116455,"Male"
"6018403",371836,2025-09-12 13:10:54,33.5314826965332,-7.5716609954834,"Male"
"6018403",371836,2025-09-12 13:20:55,33.4881477355957,-7.54805994033813,"Male"
"6018403",371836,2025-09-12 13:31:29,33.4797668457031,-7.54141521453857,"Male"
"6018403",371836,2025-09-12 13:40:53,33.4860038757324,-7.54312801361084,"Male"
"6018403",371836,2025-09-12 13:51:00,33.4808235168457,-7.54218339920044,"Male"
"6018403",371836,2025-09-12 14:01:04,33.4808082580566,-7.54207468032837,"Male"
"6018403",371836,2025-09-12 14:10:58,33.4808197021484,-7.54194021224976,"Male"
"6018403",371836,2025-09-12 14:21:01,33.4808654785156,-7.54195404052734,"Male"
"6018403",371836,2025-09-12 14:30:59,33.4808197021484,-7.54175567626953,"Male"
"6018403",371836,2025-09-12 14:41:10,33.480842590332,-7.54225873947144,"Male"
"6018403",371836,2025-09-12 14:51:35,33.4808502197266,-7.54215860366821,"Male"
"6018403",371836,2025-09-12 15:00:57,33.4807319641113,-7.54212284088135,"Male"
"6018403",371836,2025-09-12 15:10:58,33.4808120727539,-7.54207515716553,"Male"
"6018403",371836,2025-09-12 15:20:55,33.4807357788086,-7.54212617874146,"Male"
"6018403",371836,2025-09-12 15:30:59,33.4806823730469,-7.54203033447266,"Male"
"6018403",371836,2025-09-12 15:40:55,33.4809265136719,-7.54527807235718,"Male"
"6018403",371836,2025-09-12 15:50:59,33.4809837341309,-7.54217433929443,"Male"
"6018403",371836,2025-09-12 16:01:06,33.4791564941406,-7.54175424575806,"Male"
"6018403",371836,2025-09-12 16:11:02,33.4799957275391,-7.5414080619812,"Male"
"6018403",371836,2025-09-12 16:21:05,33.4801139831543,-7.54154014587402,"Male"
"6018403",371836,2025-09-12 16:30:59,33.480339050293,-7.54153823852539,"Male"
"6018403",371836,2025-09-12 16:41:02,33.4808044433594,-7.54152584075928,"Male"
"6018403",371836,2025-09-12 16:51:07,33.4809226989746,-7.54176998138428,"Male"
"6018403",371836,2025-09-12 17:01:04,33.4808044433594,-7.54172611236572,"Male"
"6018403",371836,2025-09-12 17:10:59,33.4807548522949,-7.54138851165771,"Male"
"6018403",371836,2025-09-12 17:21:01,33.4807395935059,-7.54144763946533,"Male"
"6018403",371836,2025-09-12 17:31:04,33.4803047180176,-7.5410041809082,"Male"
"6018403",371836,2025-09-12 17:41:13,33.4802093505859,-7.54094171524048,"Male"
"6018403",371836,2025-09-12 17:50:59,33.4801559448242,-7.54146003723145,"Male"
"6018403",371836,2025-09-12 18:00:59,33.4799041748047,-7.54092073440552,"Male"
"6018403",371836,2025-09-12 18:10:57,33.4802207946777,-7.54083776473999,"Male"
"6018403",371836,2025-09-12 18:21:02,33.4806251525879,-7.54189252853394,"Male"
"6018403",371836,2025-09-12 18:31:25,33.4896545410156,-7.54692840576172,"Male"
"6018403",371836,2025-09-12 18:40:56,33.5165405273438,-7.58309173583984,"Male"
"6018403",371836,2025-09-12 18:50:55,33.5512390136719,-7.60787010192871,"Male"
"6018403",371836,2025-09-12 19:00:55,33.5942344665527,-7.60759353637695,"Male"
"6018403",371836,2025-09-12 19:10:58,33.6016426086426,-7.60541772842407,"Male"
"6018403",371836,2025-09-12 19:20:55,33.6018562316895,-7.60524368286133,"Male"
"6018403",371836,2025-09-12 19:30:55,33.6017646789551,-7.60527324676514,"Male"
"6018403",371836,2025-09-12 19:40:55,33.6017990112305,-7.60538959503174,"Male"
"6018403",371836,2025-09-12 19:50:55,33.601879119873,-7.60509777069092,"Male"
"6018403",371836,2025-09-12 20:00:57,33.6019897460938,-7.60530757904053,"Male"
"6018403",371836,2025-09-12 20:10:59,33.6019744873047,-7.6052713394165,"Male"
"6018403",371836,2025-09-12 20:20:58,33.6018676757812,-7.60529518127441,"Male"
"6018403",371836,2025-09-12 20:30:57,33.6018333435059,-7.60536479949951,"Male"
"6018403",371836,2025-09-12 20:40:58,33.6019515991211,-7.60542392730713,"Male"
"6018403",371836,2025-09-12 20:51:00,33.6016998291016,-7.60537910461426,"Male"
"6018403",371836,2025-09-12 21:00:56,33.601734161377,-7.60542488098145,"Male"
"6018403",371836,2025-09-12 21:10:58,33.6017837524414,-7.60536909103394,"Male"
"6018403",371836,2025-09-12 21:20:57,33.6015510559082,-7.60530090332031,"Male"
"6018403",371836,2025-09-12 21:30:56,33.6015281677246,-7.60525703430176,"Male"
"6018403",371836,2025-09-12 21:40:57,33.6021347045898,-7.60569715499878,"Male"
"6018403",371836,2025-09-12 21:50:59,33.6020698547363,-7.60569620132446,"Male"
"6018403",371836,2025-09-12 22:01:05,33.6015853881836,-7.60528087615967,"Male"
"6018403",371836,2025-09-12 22:11:01,33.6021194458008,-7.60564517974854,"Male"
"6018403",371836,2025-09-12 22:20:59,33.6020240783691,-7.60573291778565,"Male"
"6018403",371836,2025-09-12 22:30:58,33.6020965576172,-7.60555791854858,"Male"
"6018403",371836,2025-09-12 22:40:56,33.6020126342773,-7.60567617416382,"Male"
"6018403",371836,2025-09-12 22:50:57,33.6018333435059,-7.60544633865356,"Male"
"6018403",371836,2025-09-12 23:01:01,33.6020317077637,-7.60435009002685,"Male"
"6018403",371836,2025-09-12 23:11:04,33.6018524169922,-7.60531330108643,"Male"
"6018403",371836,2025-09-12 23:20:57,33.6019744873047,-7.60585975646973,"Male"
"6018403",371836,2025-09-12 23:30:59,33.6020278930664,-7.60614395141602,"Male"
"6018403",371836,2025-09-12 23:40:57,33.6016845703125,-7.60512781143188,"Male"
"6018403",371836,2025-09-12 23:50:56,33.6022872924805,-7.60624170303345,"Male"
"6018403",371836,2025-09-13 00:01:01,33.6018867492676,-7.60519075393677,"Male"
"6018403",371836,2025-09-13 00:11:00,33.6017684936523,-7.6051664352417,"Male"
"6018403",371836,2025-09-13 00:21:01,33.602108001709,-7.60551977157593,"Male"
"6018403",371836,2025-09-13 00:30:58,33.6019515991211,-7.60552501678467,"Male"
"6018403",371836,2025-09-13 00:40:58,33.6020278930664,-7.6055736541748,"Male"
"6018403",371836,2025-09-13 00:50:57,33.6019554138184,-7.6055793762207,"Male"
"6018403",371836,2025-09-13 01:00:57,33.6019821166992,-7.60561180114746,"Male"
"6018403",371836,2025-09-13 01:11:09,33.600830078125,-7.60610580444336,"Male"
"6018403",371836,2025-09-13 01:20:58,33.6019592285156,-7.60533952713013,"Male"
"6018403",371836,2025-09-13 01:31:16,33.6014595031738,-7.60596752166748,"Male"
"6018403",371836,2025-09-13 01:41:07,33.6011581420898,-7.60626983642578,"Male"
"6018403",371836,2025-09-13 01:50:59,33.6019287109375,-7.60563373565674,"Male"
"6018403",371836,2025-09-13 02:00:56,33.6018371582031,-7.60571765899658,"Male"
"6018403",371836,2025-09-13 02:10:56,33.6021614074707,-7.60527992248535,"Male"
"6018403",371836,2025-09-13 02:21:01,33.602352142334,-7.60527038574219,"Male"
"6018403",371836,2025-09-13 02:31:02,33.6021537780762,-7.60549259185791,"Male"
"6018403",371836,2025-09-13 02:40:57,33.601692199707,-7.60561418533325,"Male"
"6018403",371836,2025-09-13 02:50:56,33.6022148132324,-7.60547733306885,"Male"
"6018403",371836,2025-09-13 03:01:00,33.6023330688477,-7.60537242889404,"Male"
"6018403",371836,2025-09-13 03:10:57,33.601375579834,-7.6054105758667,"Male"
"6018403",371836,2025-09-13 03:20:57,33.6023826599121,-7.60556030273438,"Male"
"6018403",371836,2025-09-13 03:30:58,33.6022415161133,-7.60558176040649,"Male"
"6018403",371836,2025-09-13 03:40:58,33.6018600463867,-7.60543537139893,"Male"
"6018403",371836,2025-09-13 03:50:59,33.6017799377441,-7.60524988174438,"Male"
"6018403",371836,2025-09-13 04:00:56,33.6020088195801,-7.60566902160645,"Male"
"6018403",371836,2025-09-13 04:10:56,33.6018829345703,-7.60536670684815,"Male"
"6018403",371836,2025-09-13 04:20:59,33.6020011901855,-7.60534524917603,"Male"
"6018403",371836,2025-09-13 04:30:59,33.6019973754883,-7.60526704788208,"Male"
"6018403",371836,2025-09-13 04:40:56,33.6019821166992,-7.60548973083496,"Male"
"6018403",371836,2025-09-13 04:50:56,33.600700378418,-7.60667419433594,"Male"
"6018403",371836,2025-09-13 05:00:56,33.6007080078125,-7.60652446746826,"Male"
"6018403",371836,2025-09-13 05:10:57,33.600887298584,-7.60636615753174,"Male"
"6018403",371836,2025-09-13 05:20:57,33.6007804870605,-7.60624742507935,"Male"
"6018403",371836,2025-09-13 05:30:56,33.6006889343262,-7.60599327087402,"Male"
"6018403",371836,2025-09-13 05:40:58,33.600700378418,-7.60591411590576,"Male"
"6018403",371836,2025-09-13 05:51:07,33.600456237793,-7.60619354248047,"Male"
"6018403",371836,2025-09-13 06:00:56,33.5895347595215,-7.60426616668701,"Male"
"6018403",371836,2025-09-13 06:10:56,33.5894966125488,-7.60409688949585,"Male"
"6018403",371836,2025-09-13 06:20:56,33.5893402099609,-7.60458850860596,"Male"
"6018403",371836,2025-09-13 06:30:57,33.5895195007324,-7.60440063476562,"Male"
"6018403",371836,2025-09-13 06:40:57,33.5894660949707,-7.60449647903442,"Male"
"6018403",371836,2025-09-13 06:51:59,33.584529876709,-7.60432529449463,"Male"
"6018403",371836,2025-09-13 07:00:55,33.5845756530762,-7.60406637191772,"Male"
"6018403",371836,2025-09-13 07:10:55,33.584529876709,-7.60413932800293,"Male"
"6018403",371836,2025-09-13 07:20:58,33.584587097168,-7.6041088104248,"Male"
"6018403",371836,2025-09-13 07:30:59,33.5845336914062,-7.60411024093628,"Male"
"6018403",371836,2025-09-13 07:40:57,33.5844192504883,-7.60430335998535,"Male"
"6018403",371836,2025-09-13 07:50:57,33.5844039916992,-7.60428094863892,"Male"
"6018403",371836,2025-09-13 08:00:57,33.5842361450195,-7.60453987121582,"Male"
"6018403",371836,2025-09-13 08:10:58,33.5838890075684,-7.60552406311035,"Male"
"6018403",371836,2025-09-13 08:20:58,33.5843353271484,-7.60427856445312,"Male"
"6018403",371836,2025-09-13 08:31:00,33.5845184326172,-7.60432624816895,"Male"
"6018403",371836,2025-09-13 08:40:57,33.5842399597168,-7.60428285598755,"Male"
"6018403",371836,2025-09-13 08:50:57,33.5842399597168,-7.60448360443115,"Male"
"6018403",371836,2025-09-13 09:00:55,33.5843162536621,-7.60432100296021,"Male"
"6018403",371836,2025-09-13 09:10:56,33.5843276977539,-7.60430717468262,"Male"
"6018403",371836,2025-09-13 09:20:56,33.584285736084,-7.6037712097168,"Male"
"6018403",371836,2025-09-13 09:30:56,33.5845146179199,-7.60403394699097,"Male"
"6018403",371836,2025-09-13 09:40:56,33.579174041748,-7.58520650863647,"Male"
"6018403",371836,2025-09-13 09:50:57,33.5791206359863,-7.58506631851196,"Male"
"6018403",371836,2025-09-13 10:00:57,33.5791625976562,-7.58510684967041,"Male"
"6018403",371836,2025-09-13 10:10:56,33.5796813964844,-7.58472871780396,"Male"
"6018403",371836,2025-09-13 10:20:57,33.5796012878418,-7.58437347412109,"Male"
"6018403",371836,2025-09-13 10:31:00,33.5797500610352,-7.58455181121826,"Male"
"6018403",371836,2025-09-13 10:40:57,33.5797119140625,-7.58450031280518,"Male"
"6018403",371836,2025-09-13 10:51:04,33.5798988342285,-7.58481168746948,"Male"
"6018403",371836,2025-09-13 11:01:29,33.5796241760254,-7.58453512191772,"Male"
"6018403",371836,2025-09-13 11:10:58,33.5797462463379,-7.58416938781738,"Male"
"6018403",371836,2025-09-13 11:20:59,33.5796012878418,-7.58445358276367,"Male"
"6018403",371836,2025-09-13 11:31:03,33.5796852111816,-7.58430004119873,"Male"
"6018403",371836,2025-09-13 11:40:58,33.5796661376953,-7.58448553085327,"Male"
"6018403",371836,2025-09-13 11:50:59,33.5796890258789,-7.5843710899353,"Male"
"6018403",371836,2025-09-13 12:00:58,33.5795211791992,-7.58474445343018,"Male"
"6018403",371836,2025-09-13 12:11:04,33.5795936584473,-7.58448314666748,"Male"
"6018403",371836,2025-09-13 12:20:55,33.5421295166016,-7.56863260269165,"Male"
"6018403",371836,2025-09-13 12:30:55,33.4795570373535,-7.54208469390869,"Male"
"6018403",371836,2025-09-13 12:40:59,33.4800491333008,-7.54203701019287,"Male"
"6018403",371836,2025-09-13 12:50:58,33.480167388916,-7.5421347618103,"Male"
"6018403",371836,2025-09-13 13:01:00,33.4804878234863,-7.54215717315674,"Male"
"6018403",371836,2025-09-13 13:11:09,33.4797019958496,-7.54199504852295,"Male"
"6018403",371836,2025-09-13 13:21:06,33.4799423217773,-7.54221057891846,"Male"
"6018403",371836,2025-09-13 13:31:16,33.4801177978516,-7.54225826263428,"Male"
"6018403",371836,2025-09-13 13:41:03,33.4803352355957,-7.54117202758789,"Male"
"6018403",371836,2025-09-13 13:50:59,33.4814224243164,-7.54295110702515,"Male"
"6018403",371836,2025-09-13 14:01:00,33.4812698364258,-7.54205942153931,"Male"
"6018403",371836,2025-09-13 14:10:57,33.4809417724609,-7.54137086868286,"Male"
"6018403",371836,2025-09-13 14:21:29,33.4810447692871,-7.54151010513306,"Male"
"6018403",371836,2025-09-13 14:30:56,33.4810104370117,-7.54168558120728,"Male"
"6018403",371836,2025-09-13 14:40:55,33.4814682006836,-7.54133892059326,"Male"
"6018403",371836,2025-09-13 14:51:00,33.4816551208496,-7.54176092147827,"Male"
"6018403",371836,2025-09-13 15:01:01,33.4809036254883,-7.5405683517456,"Male"
"6018403",371836,2025-09-13 15:11:01,33.4807891845703,-7.540602684021,"Male"
"6018403",371836,2025-09-13 15:21:08,33.4800224304199,-7.54130029678345,"Male"
"6018403",371836,2025-09-13 15:30:57,33.480052947998,-7.5416898727417,"Male"
"6018403",371836,2025-09-13 15:41:29,33.4804649353027,-7.54010820388794,"Male"
"6018403",371836,2025-09-13 15:51:05,33.4801979064941,-7.54043054580688,"Male"
"6018403",371836,2025-09-13 16:01:01,33.4805564880371,-7.5406379699707,"Male"
"6018403",371836,2025-09-13 16:11:06,33.4803924560547,-7.54057693481445,"Male"
"6018403",371836,2025-09-13 16:21:29,33.480583190918,-7.54124641418457,"Male"
"6018403",371836,2025-09-13 16:30:56,33.4805946350098,-7.54127502441406,"Male"
"6018403",371836,2025-09-13 16:40:58,33.481128692627,-7.54159832000732,"Male"
"6018403",371836,2025-09-13 16:50:56,33.4812240600586,-7.54146766662598,"Male"
"6018403",371836,2025-09-13 17:00:56,33.4807319641113,-7.54174757003784,"Male"
"6018403",371836,2025-09-13 17:10:56,33.4806632995605,-7.54177188873291,"Male"
"6018403",371836,2025-09-13 17:20:55,33.4791488647461,-7.54200172424316,"Male"
"6018403",371836,2025-09-13 17:30:56,33.4802169799805,-7.54045963287354,"Male"
"6018403",371836,2025-09-13 17:40:56,33.4801826477051,-7.54050445556641,"Male"
"6018403",371836,2025-09-13 17:50:59,33.4800910949707,-7.54053735733032,"Male"
"6018403",371836,2025-09-13 18:00:56,33.4789810180664,-7.5419111251831,"Male"
"6018403",371836,2025-09-13 18:10:56,33.4798774719238,-7.54135513305664,"Male"
"6018403",371836,2025-09-13 18:20:56,33.4830627441406,-7.53979396820068,"Male"
"6018403",371836,2025-09-13 18:30:56,33.4886779785156,-7.54464769363403,"Male"
"6018403",371836,2025-09-13 18:40:56,33.5238647460938,-7.58471727371216,"Male"
"6018403",371836,2025-09-13 18:50:59,33.5652084350586,-7.60605716705322,"Male"
"6018403",371836,2025-09-13 19:00:57,33.5969009399414,-7.60560464859009,"Male"
"6018403",371836,2025-09-13 19:10:57,33.5970726013184,-7.60573959350586,"Male"
"6018403",371836,2025-09-13 19:21:00,33.601921081543,-7.60584020614624,"Male"
"6018403",371836,2025-09-13 19:30:58,33.6017189025879,-7.60595703125,"Male"
"6018403",371836,2025-09-13 19:40:56,33.6015472412109,-7.60595703125,"Male"
"6018403",371836,2025-09-13 19:51:00,33.601734161377,-7.60584878921509,"Male"
"6018403",371836,2025-09-13 20:00:56,33.6016654968262,-7.60579633712769,"Male"
"6018403",371836,2025-09-13 20:11:08,33.6017951965332,-7.60659027099609,"Male"
"6018403",371836,2025-09-13 20:21:11,33.6018333435059,-7.6064887046814,"Male"
"6018403",371836,2025-09-13 20:31:11,33.601993560791,-7.60594034194946,"Male"
"6018403",371836,2025-09-13 20:41:01,33.6018333435059,-7.60572624206543,"Male"
"6018403",371836,2025-09-13 20:51:11,33.6019515991211,-7.60584449768066,"Male"
"6018403",371836,2025-09-13 21:00:55,33.6020431518555,-7.60593032836914,"Male"
"6018403",371836,2025-09-13 21:10:58,33.6021690368652,-7.60611248016357,"Male"
"6018403",371836,2025-09-13 21:20:56,33.6027069091797,-7.60651540756226,"Male"
"6018403",371836,2025-09-13 21:31:03,33.6026229858398,-7.6063814163208,"Male"
"6018403",371836,2025-09-13 21:41:05,33.6020469665527,-7.60607528686523,"Male"
"6018403",371836,2025-09-13 21:51:14,33.6018409729004,-7.60585641860962,"Male"
"6018403",371836,2025-09-13 22:01:03,33.6019477844238,-7.60581064224243,"Male"
"6018403",371836,2025-09-13 22:11:05,33.6017990112305,-7.60566234588623,"Male"
"6018403",371836,2025-09-13 22:21:00,33.6017761230469,-7.60566377639771,"Male"
"6018403",371836,2025-09-13 22:31:00,33.6017379760742,-7.6055850982666,"Male"
"6018403",371836,2025-09-13 22:41:10,33.6017913818359,-7.60561943054199,"Male"
"6018403",371836,2025-09-13 22:51:14,33.6017570495605,-7.60528326034546,"Male"
"6018403",371836,2025-09-13 23:01:03,33.6017112731934,-7.60527753829956,"Male"
"6018403",371836,2025-09-13 23:11:00,33.6017265319824,-7.60531902313232,"Male"
"6018403",371836,2025-09-13 23:21:06,33.6018371582031,-7.60520648956299,"Male"
"6018403",371836,2025-09-13 23:31:06,33.6018829345703,-7.60514640808105,"Male"
"6018403",371836,2025-09-13 23:41:06,33.6018676757812,-7.60518598556519,"Male"
"6018403",371836,2025-09-13 23:51:14,33.6018028259277,-7.60525417327881,"Male"
"6018403",371836,2025-09-14 00:00:58,33.6017646789551,-7.60532855987549,"Male"
"6018403",371836,2025-09-14 00:11:11,33.6016426086426,-7.60520172119141,"Male"
"6018403",371836,2025-09-14 00:21:06,33.6018371582031,-7.60545825958252,"Male"
"6018403",371836,2025-09-14 00:31:00,33.6018447875977,-7.60548686981201,"Male"
"6018403",371836,2025-09-14 00:41:05,33.6016235351562,-7.60510730743408,"Male"
"6018403",371836,2025-09-14 00:51:29,33.6019515991211,-7.60548686981201,"Male"
"6018403",371836,2025-09-14 01:01:06,33.6019859313965,-7.60529136657715,"Male"
"6018403",371836,2025-09-14 01:11:00,33.6016960144043,-7.60545015335083,"Male"
"6018403",371836,2025-09-14 01:20:56,33.6019058227539,-7.60529232025146,"Male"
"6018403",371836,2025-09-14 01:30:56,33.6017189025879,-7.60548257827759,"Male"
"6018403",371836,2025-09-14 01:40:56,33.6018867492676,-7.60533952713013,"Male"
"6018403",371836,2025-09-14 01:50:56,33.6017837524414,-7.60539054870605,"Male"
"6018403",371836,2025-09-14 02:00:57,33.6016426086426,-7.60553932189941,"Male"
"6018403",371836,2025-09-14 02:10:56,33.6018104553223,-7.60527086257935,"Male"
"6018403",371836,2025-09-14 02:20:56,33.601936340332,-7.60531091690063,"Male"
"6018403",371836,2025-09-14 02:31:08,33.6023178100586,-7.60513544082642,"Male"
"6018403",371836,2025-09-14 02:40:58,33.6018180847168,-7.6053638458252,"Male"
"6018403",371836,2025-09-14 02:50:57,33.601734161377,-7.60539722442627,"Male"
"6018403",371836,2025-09-14 03:00:57,33.6015357971191,-7.60535621643066,"Male"
"6018403",371836,2025-09-14 03:10:58,33.6018524169922,-7.60542106628418,"Male"
"6018403",371836,2025-09-14 03:21:04,33.6019515991211,-7.60545253753662,"Male"
"6018403",371836,2025-09-14 03:31:04,33.6015586853027,-7.60525226593018,"Male"
"6018403",371836,2025-09-14 03:40:59,33.6017303466797,-7.60535287857056,"Male"
"6018403",371836,2025-09-14 03:51:07,33.6018371582031,-7.60523509979248,"Male"
"6018403",371836,2025-09-14 04:01:04,33.6018028259277,-7.60524988174438,"Male"
"6018403",371836,2025-09-14 04:11:06,33.6018753051758,-7.60526895523071,"Male"
"6018403",371836,2025-09-14 04:20:58,33.6015586853027,-7.60553503036499,"Male"
"6018403",371836,2025-09-14 04:31:04,33.6018829345703,-7.60529947280884,"Male"
"6018403",371836,2025-09-14 04:41:06,33.6018829345703,-7.60528993606567,"Male"
"6018403",371836,2025-09-14 04:51:06,33.6019668579102,-7.60567474365234,"Male"
"6018403",371836,2025-09-14 05:01:06,33.6020545959473,-7.60557508468628,"Male"
"6018403",371836,2025-09-14 05:11:06,33.6020965576172,-7.60566234588623,"Male"
"6018403",371836,2025-09-14 05:21:07,33.6019515991211,-7.60529565811157,"Male"
"6018403",371836,2025-09-14 05:31:06,33.60205078125,-7.60533285140991,"Male"
"6018403",371836,2025-09-14 05:40:58,33.6020355224609,-7.60556983947754,"Male"
"6018403",371836,2025-09-14 05:51:00,33.6004371643066,-7.60547542572021,"Male"
"6018403",371836,2025-09-14 06:00:59,33.5896797180176,-7.6045241355896,"Male"
"6018403",371836,2025-09-14 06:10:59,33.5898017883301,-7.60437393188477,"Male"
"6018403",371836,2025-09-14 06:21:00,33.5898017883301,-7.60440158843994,"Male"
"6018403",371836,2025-09-14 06:31:14,33.5895195007324,-7.60450077056885,"Male"
"6018403",371836,2025-09-14 06:40:59,33.5896034240723,-7.6047248840332,"Male"
"6018403",371836,2025-09-14 06:50:56,33.5849876403809,-7.60374164581299,"Male"
"6018403",371836,2025-09-14 07:00:58,33.5845947265625,-7.60399723052979,"Male"
"6018403",371836,2025-09-14 07:10:59,33.5849876403809,-7.60362815856934,"Male"
"6018403",371836,2025-09-14 07:21:06,33.5844993591309,-7.6039400100708,"Male"
"6018403",371836,2025-09-14 07:30:58,33.5865058898926,-7.60232353210449,"Male"
"6018403",371836,2025-09-14 07:41:06,33.5845718383789,-7.60427618026733,"Male"
"6018403",371836,2025-09-14 07:50:59,33.5830688476562,-7.60537004470825,"Male"
"6018403",371836,2025-09-14 08:00:59,33.5838623046875,-7.60464763641357,"Male"
"6018403",371836,2025-09-14 08:10:57,33.583911895752,-7.60440587997437,"Male"
"6018403",371836,2025-09-14 08:21:09,33.5845489501953,-7.60424184799194,"Male"
"6018403",371836,2025-09-14 08:31:09,33.5851287841797,-7.60479259490967,"Male"
"6018403",371836,2025-09-14 08:41:06,33.5856018066406,-7.60514163970947,"Male"
"6018403",371836,2025-09-14 08:51:04,33.5859336853027,-7.60554599761963,"Male"
"6018403",371836,2025-09-14 09:00:58,33.5846061706543,-7.60446500778198,"Male"
"6018403",371836,2025-09-14 09:11:32,33.5859031677246,-7.60579490661621,"Male"
"6018403",371836,2025-09-14 09:20:59,33.5848197937012,-7.60273027420044,"Male"
"6018403",371836,2025-09-14 09:31:03,33.5799942016602,-7.5859785079956,"Male"
"6018403",371836,2025-09-14 09:41:20,33.5803451538086,-7.58615016937256,"Male"
"6018403",371836,2025-09-14 09:50:59,33.5799179077148,-7.58559989929199,"Male"
"6018403",371836,2025-09-14 10:00:58,33.5799255371094,-7.58554267883301,"Male"
"6018403",371836,2025-09-14 10:11:15,33.5799865722656,-7.58574199676514,"Male"
"6018403",371836,2025-09-14 10:21:21,33.5798835754395,-7.58570098876953,"Male"
"6018403",371836,2025-09-14 10:31:12,33.5794334411621,-7.58527421951294,"Male"
"6018403",371836,2025-09-14 10:40:58,33.5796928405762,-7.58544063568115,"Male"
"6018403",371836,2025-09-14 10:51:29,33.5796165466309,-7.58530187606812,"Male"
"6018403",371836,2025-09-14 11:01:04,33.5797233581543,-7.58577013015747,"Male"
"6018403",371836,2025-09-14 11:11:01,33.5796775817871,-7.58537483215332,"Male"
"6018403",371836,2025-09-14 11:21:00,33.5798110961914,-7.58518218994141,"Male"
"6018403",371836,2025-09-14 11:31:26,33.5798950195312,-7.58496427536011,"Male"
"6018403",371836,2025-09-14 11:40:54,33.5796127319336,-7.5853443145752,"Male"
"6018403",371836,2025-09-14 11:51:00,33.5794944763184,-7.58524990081787,"Male"
"6018403",371836,2025-09-14 12:00:55,33.57958984375,-7.58532238006592,"Male"
"6018403",371836,2025-09-14 12:10:54,33.5651931762695,-7.57216262817383,"Male"
"6018403",371836,2025-09-14 12:20:55,33.5012168884277,-7.5469126701355,"Male"
"6018403",371836,2025-09-14 12:31:05,33.4798164367676,-7.53971147537231,"Male"
"6018403",371836,2025-09-14 12:41:00,33.4797477722168,-7.5399022102356,"Male"
"6018403",371836,2025-09-14 12:51:03,33.479907989502,-7.53983974456787,"Male"
"6018403",371836,2025-09-14 13:01:08,33.4801177978516,-7.54008769989014,"Male"
"6018403",371836,2025-09-14 13:11:08,33.4798965454102,-7.5395655632019,"Male"
"6018403",371836,2025-09-14 13:21:29,33.4798851013184,-7.53983783721924,"Male"
"6018403",371836,2025-09-14 13:31:06,33.4798736572266,-7.53981447219849,"Male"
"6018403",371836,2025-09-14 13:41:06,33.4797172546387,-7.53976821899414,"Male"
"6018403",371836,2025-09-14 13:51:06,33.4793243408203,-7.54189586639404,"Male"
"6018403",371836,2025-09-14 14:01:06,33.4798927307129,-7.54157781600952,"Male"
"6018403",371836,2025-09-14 14:11:06,33.4798278808594,-7.54136371612549,"Male"
"6018403",371836,2025-09-14 14:21:06,33.4798736572266,-7.54159641265869,"Male"
"6018403",371836,2025-09-14 14:31:07,33.4799842834473,-7.54161739349365,"Male"
"6018403",371836,2025-09-14 14:41:44,33.4799423217773,-7.54172372817993,"Male"
"6018403",371836,2025-09-14 14:51:13,33.4834175109863,-7.54226398468018,"Male"
"6018403",371836,2025-09-14 15:01:06,33.4836311340332,-7.54150152206421,"Male"
"6018403",371836,2025-09-14 15:11:08,33.4836120605469,-7.54185485839844,"Male"
"6018403",371836,2025-09-14 15:21:07,33.4838447570801,-7.54230928421021,"Male"
"6018403",371836,2025-09-14 15:31:06,33.4833679199219,-7.54125595092773,"Male"
"6018403",371836,2025-09-14 15:41:04,33.4835357666016,-7.54102277755737,"Male"
"6018403",371836,2025-09-14 15:51:17,33.4835815429688,-7.54137945175171,"Male"
"6018403",371836,2025-09-14 16:01:22,33.4835357666016,-7.54140090942383,"Male"
"6018403",371836,2025-09-14 16:11:24,33.4835548400879,-7.54139089584351,"Male"
"6018403",371836,2025-09-14 16:21:29,33.4800682067871,-7.53995418548584,"Male"
"6018403",371836,2025-09-14 16:31:06,33.4801597595215,-7.54070568084717,"Male"
"6018403",371836,2025-09-14 16:41:06,33.4801406860352,-7.54061985015869,"Male"
"6018403",371836,2025-09-14 16:51:09,33.4797744750977,-7.54157161712646,"Male"
"6018403",371836,2025-09-14 17:01:14,33.4798965454102,-7.5415620803833,"Male"
"6018403",371836,2025-09-14 17:10:59,33.4802665710449,-7.54153633117676,"Male"
"6018403",371836,2025-09-14 17:20:58,33.4798393249512,-7.54010677337646,"Male"
"6018403",371836,2025-09-14 17:30:59,33.4802017211914,-7.5407304763794,"Male"
"6018403",371836,2025-09-14 17:41:04,33.4796905517578,-7.54056262969971,"Male"
"6018403",371836,2025-09-14 17:51:14,33.4797172546387,-7.54174995422363,"Male"
"6018403",371836,2025-09-14 18:01:06,33.4789772033691,-7.54221725463867,"Male"
"6018403",371836,2025-09-14 18:11:09,33.4799537658691,-7.54154062271118,"Male"
"6018403",371836,2025-09-14 18:21:06,33.4889259338379,-7.58393287658691,"Male"
"6018403",371836,2025-09-14 18:31:00,33.5120544433594,-7.61792469024658,"Male"
"6018403",371836,2025-09-14 18:41:03,33.5463714599609,-7.63658809661865,"Male"
"6018403",371836,2025-09-14 18:51:29,33.5647964477539,-7.62986612319946,"Male"
"6018403",371836,2025-09-14 19:00:54,33.5868453979492,-7.62007427215576,"Male"
"6018403",371836,2025-09-14 19:10:54,33.6020088195801,-7.60564517974854,"Male"
"6018403",371836,2025-09-14 19:20:55,33.6018905639648,-7.60550403594971,"Male"
"6018403",371836,2025-09-14 19:30:55,33.6020851135254,-7.6055121421814,"Male"
"6018403",371836,2025-09-14 19:40:56,33.601921081543,-7.60559368133545,"Male"
"6018403",371836,2025-09-14 19:50:55,33.6019515991211,-7.60567855834961,"Male"
"6018403",371836,2025-09-14 20:00:59,33.6017723083496,-7.6055212020874,"Male"
"6018403",371836,2025-09-14 20:11:35,33.6017265319824,-7.60559558868408,"Male"
"6018403",371836,2025-09-14 20:20:57,33.6018524169922,-7.60570573806763,"Male"
"6018403",371836,2025-09-14 20:30:55,33.6017646789551,-7.60558414459229,"Male"
"6018403",371836,2025-09-14 20:40:54,33.6018486022949,-7.60561609268188,"Male"
"6018403",371836,2025-09-14 20:50:59,33.601863861084,-7.60528802871704,"Male"
"6018403",371836,2025-09-14 21:00:55,33.6017150878906,-7.60527420043945,"Male"
"6018403",371836,2025-09-14 21:10:56,33.6015357971191,-7.60512781143188,"Male"
"6018403",371836,2025-09-14 21:20:59,33.6019973754883,-7.60536050796509,"Male"
"6018403",371836,2025-09-14 21:30:58,33.6018028259277,-7.60546255111694,"Male"
"6018403",371836,2025-09-14 21:41:06,33.6017951965332,-7.60540294647217,"Male"
"6018403",371836,2025-09-14 21:51:06,33.601692199707,-7.60528612136841,"Male"
"6018403",371836,2025-09-14 22:01:14,33.6019744873047,-7.60541391372681,"Male"
"6018403",371836,2025-09-14 22:11:09,33.6023902893066,-7.60598421096802,"Male"
"6018403",371836,2025-09-14 22:20:55,33.6020126342773,-7.60546779632568,"Male"
"6018403",371836,2025-09-14 22:31:00,33.6018409729004,-7.60503053665161,"Male"
"6018403",371836,2025-09-14 22:40:55,33.6019058227539,-7.6053671836853,"Male"
"6018403",371836,2025-09-14 22:50:57,33.6017684936523,-7.60520076751709,"Male"
"6018403",371836,2025-09-14 23:01:00,33.6018295288086,-7.60531759262085,"Male"
"6018403",371836,2025-09-14 23:11:01,33.6018981933594,-7.60489511489868,"Male"
"6018403",371836,2025-09-14 23:21:08,33.6017951965332,-7.60507822036743,"Male"
"6018403",371836,2025-09-14 23:31:10,33.6019134521484,-7.60525751113892,"Male"
"6018403",371836,2025-09-14 23:41:00,33.601993560791,-7.60524892807007,"Male"
"6018403",371836,2025-09-14 23:51:17,33.6017608642578,-7.60560941696167,"Male"
"6018403",371836,2025-09-15 00:01:30,33.6018486022949,-7.60537528991699,"Male"
"6018403",371836,2025-09-15 00:10:58,33.6017189025879,-7.60565757751465,"Male"
"6018403",371836,2025-09-15 00:21:10,33.6019058227539,-7.6053729057312,"Male"
"6018403",371836,2025-09-15 00:31:06,33.6018905639648,-7.6053352355957,"Male"
"6018403",371836,2025-09-15 00:41:06,33.6018867492676,-7.60524415969849,"Male"
"6018403",371836,2025-09-15 00:51:14,33.6018142700195,-7.60535669326782,"Male"
"6018403",371836,2025-09-15 01:01:03,33.6016845703125,-7.60546350479126,"Male"
"6018403",371836,2025-09-15 01:11:10,33.6019706726074,-7.60534381866455,"Male"
"6018403",371836,2025-09-15 01:21:29,33.6018600463867,-7.60539197921753,"Male"
"6018403",371836,2025-09-15 01:30:59,33.6020202636719,-7.60524606704712,"Male"
"6018403",371836,2025-09-15 01:40:58,33.6019897460938,-7.60536479949951,"Male"
"6018403",371836,2025-09-15 01:51:00,33.6019592285156,-7.60534143447876,"Male"
"6018403",371836,2025-09-15 02:01:06,33.601936340332,-7.60525608062744,"Male"
"6018403",371836,2025-09-15 02:10:57,33.601879119873,-7.6053352355957,"Male"
"6018403",371836,2025-09-15 02:20:56,33.601978302002,-7.60524940490723,"Male"
"6018403",371836,2025-09-15 02:31:06,33.6018524169922,-7.60537147521973,"Male"
"6018403",371836,2025-09-15 02:41:08,33.6014862060547,-7.60565280914307,"Male"
"6018403",371836,2025-09-15 02:51:06,33.6020164489746,-7.60523509979248,"Male"
"6018403",371836,2025-09-15 03:01:07,33.601863861084,-7.60528993606567,"Male"
"6018403",371836,2025-09-15 03:11:06,33.6020088195801,-7.60528373718262,"Male"
"6018403",371836,2025-09-15 03:21:06,33.6017532348633,-7.60540771484375,"Male"
"6018403",371836,2025-09-15 03:31:06,33.5997581481934,-7.60630559921265,"Male"
"6018403",371836,2025-09-15 03:41:04,33.5997009277344,-7.60630798339844,"Male"
"6018403",371836,2025-09-15 03:51:29,33.599781036377,-7.60640287399292,"Male"
"6018403",371836,2025-09-15 04:00:56,33.6000709533691,-7.60648059844971,"Male"
"6018403",371836,2025-09-15 04:10:55,33.5999984741211,-7.60666990280151,"Male"
"6018403",371836,2025-09-15 04:20:55,33.5999755859375,-7.60656261444092,"Male"
"6018403",371836,2025-09-15 04:31:06,33.5998420715332,-7.60646533966065,"Male"
"6018403",371836,2025-09-15 04:40:56,33.600040435791,-7.60678243637085,"Male"
"6018403",371836,2025-09-15 04:51:14,33.6000022888184,-7.60634517669678,"Male"
"6018403",371836,2025-09-15 05:00:54,33.5997619628906,-7.60631084442139,"Male"
"6018403",371836,2025-09-15 05:10:56,33.6021957397461,-7.60529041290283,"Male"
"6018403",371836,2025-09-15 05:21:00,33.6022758483887,-7.60491037368774,"Male"
"6018403",371836,2025-09-15 05:31:06,33.6023941040039,-7.6055212020874,"Male"
"6018403",371836,2025-09-15 05:40:57,33.6023063659668,-7.60509490966797,"Male"
"6018403",371836,2025-09-15 05:51:14,33.6021690368652,-7.60531139373779,"Male"
"6018403",371836,2025-09-15 06:01:13,33.5965957641602,-7.65491342544556,"Male"
"6018403",371836,2025-09-15 06:10:58,33.5993385314941,-7.64648675918579,"Male"
"6018403",371836,2025-09-15 06:21:44,33.5983734130859,-7.63830518722534,"Male"
"6018403",371836,2025-09-15 06:31:01,33.5986289978027,-7.63813924789429,"Male"
"6018403",371836,2025-09-15 06:41:06,33.5982704162598,-7.63790798187256,"Male"
"6018403",371836,2025-09-15 06:51:22,33.5982551574707,-7.63793611526489,"Male"
"6018403",371836,2025-09-15 07:01:21,33.5982551574707,-7.63798904418945,"Male"
"6018403",371836,2025-09-15 07:11:23,33.6010093688965,-7.63918590545654,"Male"
"6018403",371836,2025-09-15 07:21:22,33.6009407043457,-7.63916254043579,"Male"
"6018403",371836,2025-09-15 07:31:26,33.6007766723633,-7.6395115852356,"Male"
"6018403",371836,2025-09-15 07:41:14,33.6006355285645,-7.6397819519043,"Male"
"6018403",371836,2025-09-15 07:51:11,33.6006011962891,-7.63965177536011,"Male"
"6018403",371836,2025-09-15 08:01:29,33.6007041931152,-7.63975191116333,"Male"
"6018403",371836,2025-09-15 08:11:02,33.600658416748,-7.63968992233276,"Male"
"6018403",371836,2025-09-15 08:20:57,33.5940475463867,-7.63230180740356,"Male"
"6018403",371836,2025-09-15 08:30:56,33.594066619873,-7.63228225708008,"Male"
"6018403",371836,2025-09-15 08:40:55,33.5941619873047,-7.63240385055542,"Male"
"6018403",371836,2025-09-15 08:50:56,33.5941505432129,-7.63249206542969,"Male"
"6018403",371836,2025-09-15 09:01:14,33.5941467285156,-7.63230228424072,"Male"
"6018403",371836,2025-09-15 09:10:56,33.5941352844238,-7.63231468200684,"Male"
"6018403",371836,2025-09-15 09:20:56,33.5940704345703,-7.63229131698608,"Male"
"6018403",371836,2025-09-15 09:30:59,33.5941276550293,-7.63233852386475,"Male"
"6018403",371836,2025-09-15 09:40:59,33.593879699707,-7.63205242156982,"Male"
"6018403",371836,2025-09-15 09:51:14,33.593994140625,-7.63229322433472,"Male"
"6018403",371836,2025-09-15 10:01:07,33.5940399169922,-7.6322455406189,"Male"
"6018403",371836,2025-09-15 10:10:58,33.594539642334,-7.63282012939453,"Male"
"6018403",371836,2025-09-15 10:21:00,33.5941543579102,-7.63247776031494,"Male"
"6018403",371836,2025-09-15 10:30:57,33.5942916870117,-7.63244581222534,"Male"
"6018403",371836,2025-09-15 10:41:00,33.5943145751953,-7.6324315071106,"Male"
"6018403",371836,2025-09-15 10:51:14,33.5936164855957,-7.63141584396362,"Male"
"6018403",371836,2025-09-15 11:01:19,33.5972099304199,-7.63076829910278,"Male"
"6018403",371836,2025-09-15 11:11:11,33.598331451416,-7.62812328338623,"Male"
"6018403",371836,2025-09-15 11:21:11,33.5980453491211,-7.62717533111572,"Male"
"6018403",371836,2025-09-15 11:30:56,33.5980834960938,-7.62722396850586,"Male"
"6018403",371836,2025-09-15 11:40:56,33.598087310791,-7.62707233428955,"Male"
"6018403",371836,2025-09-15 11:52:05,33.5980186462402,-7.62726831436157,"Male"
"6018403",371836,2025-09-15 12:00:59,33.598030090332,-7.62698268890381,"Male"
"6018403",371836,2025-09-15 12:11:06,33.5980644226074,-7.62722063064575,"Male"
"6018403",371836,2025-09-15 12:20:59,33.5981063842773,-7.62701416015625,"Male"
"6018403",371836,2025-09-15 12:30:57,33.598014831543,-7.62683057785034,"Male"
"6018403",371836,2025-09-15 12:41:06,33.5981025695801,-7.62722635269165,"Male"
"6018403",371836,2025-09-15 12:51:14,33.5981216430664,-7.62707757949829,"Male"
"6018403",371836,2025-09-15 13:01:04,33.5981254577637,-7.62695980072021,"Male"
"6018403",371836,2025-09-15 13:11:04,33.5982437133789,-7.6276445388794,"Male"
"6018403",371836,2025-09-15 13:21:29,33.5980377197266,-7.62730979919434,"Male"
"6018403",371836,2025-09-15 13:30:59,33.5974273681641,-7.62766599655151,"Male"
"6018403",371836,2025-09-15 13:41:04,33.5981063842773,-7.62708473205566,"Male"
"6018403",371836,2025-09-15 13:51:04,33.5979042053223,-7.62722778320312,"Male"
"6018403",371836,2025-09-15 14:00:55,33.5979118347168,-7.62738704681396,"Male"
"6018403",371836,2025-09-15 14:11:00,33.5979347229004,-7.6274266242981,"Male"
"6018403",371836,2025-09-15 14:20:58,33.5979614257812,-7.62742948532104,"Male"
"6018403",371836,2025-09-15 14:31:01,33.5979347229004,-7.62739229202271,"Male"
"6018403",371836,2025-09-15 14:41:14,33.5979843139648,-7.627357006073,"Male"
"6018403",371836,2025-09-15 14:51:35,33.5979995727539,-7.62722063064575,"Male"
"6018403",371836,2025-09-15 15:01:14,33.5978317260742,-7.62761926651001,"Male"
"6018403",371836,2025-09-15 15:11:04,33.5980186462402,-7.62722301483154,"Male"
"6018403",371836,2025-09-15 15:20:59,33.5981330871582,-7.62731075286865,"Male"
"6018403",371836,2025-09-15 15:30:57,33.5719795227051,-7.59828567504883,"Male"
"6018403",371836,2025-09-15 15:40:58,33.5287590026855,-7.57196617126465,"Male"
"6018403",371836,2025-09-15 15:51:23,33.4846076965332,-7.5422945022583,"Male"
"6018403",371836,2025-09-15 16:01:29,33.4844627380371,-7.54164123535156,"Male"
"6018403",371836,2025-09-15 16:10:58,33.4798011779785,-7.54166889190674,"Male"
"6018403",371836,2025-09-15 16:21:02,33.4803848266602,-7.54077959060669,"Male"
"6018403",371836,2025-09-15 16:31:06,33.4803276062012,-7.54066944122315,"Male"
"6018403",371836,2025-09-15 16:41:02,33.4804878234863,-7.54069995880127,"Male"
"6018403",371836,2025-09-15 16:50:59,33.480037689209,-7.54151010513306,"Male"
"6018403",371836,2025-09-15 17:01:11,33.48046875,-7.54088020324707,"Male"
"6018403",371836,2025-09-15 17:11:06,33.4804725646973,-7.54088020324707,"Male"
"6018403",371836,2025-09-15 17:21:00,33.4805107116699,-7.54086780548096,"Male"
"6018403",371836,2025-09-15 17:31:05,33.4805679321289,-7.54076528549194,"Male"
"6018403",371836,2025-09-15 17:41:13,33.4811706542969,-7.54145812988281,"Male"
"6018403",371836,2025-09-15 17:51:07,33.4811630249023,-7.54146766662598,"Male"
"6018403",371836,2025-09-15 18:01:50,33.479362487793,-7.54208469390869,"Male"
"6018403",371836,2025-09-15 18:11:35,33.4799423217773,-7.54151439666748,"Male"
"6018403",371836,2025-09-15 18:20:55,33.4798469543457,-7.54084587097168,"Male"
"6018403",371836,2025-09-15 18:31:04,33.4841728210449,-7.53949737548828,"Male"
"6018403",371836,2025-09-15 18:41:01,33.5036926269531,-7.56084060668945,"Male"
"6018403",371836,2025-09-15 18:51:02,33.5412788391113,-7.5977897644043,"Male"
"6018403",371836,2025-09-15 19:00:58,33.5916976928711,-7.60465097427368,"Male"
"6018403",371836,2025-09-15 19:11:08,33.602424621582,-7.60563707351685,"Male"
"6018403",371836,2025-09-15 19:21:11,33.6020736694336,-7.60576152801514,"Male"
"6018403",371836,2025-09-15 19:31:07,33.6020812988281,-7.60573720932007,"Male"
"6018403",371836,2025-09-15 19:41:29,33.6019058227539,-7.60568141937256,"Male"
"6018403",371836,2025-09-15 19:51:01,33.6018142700195,-7.60558986663818,"Male"
"6018403",371836,2025-09-15 20:01:08,33.6017799377441,-7.60546875,"Male"
"6018403",371836,2025-09-15 20:11:35,33.6018486022949,-7.60574007034302,"Male"
"6018403",371836,2025-09-15 20:20:55,33.6017799377441,-7.60572242736816,"Male"
"6018403",371836,2025-09-15 20:30:57,33.6017684936523,-7.60581111907959,"Male"
"6018403",371836,2025-09-15 20:40:59,33.6017532348633,-7.60569858551025,"Male"
"6018403",371836,2025-09-15 20:51:00,33.6018905639648,-7.60576343536377,"Male"
"6018403",371836,2025-09-15 21:00:55,33.6018524169922,-7.60570526123047,"Male"
"6018403",371836,2025-09-15 21:10:56,33.6018333435059,-7.6057939529419,"Male"
"6018403",371836,2025-09-15 21:20:56,33.6019134521484,-7.60584592819214,"Male"
"6018403",371836,2025-09-15 21:30:58,33.6020317077637,-7.60583400726318,"Male"
"6018403",371836,2025-09-15 21:40:58,33.6020088195801,-7.60589408874512,"Male"
"6018403",371836,2025-09-15 21:51:16,33.6022338867188,-7.60602426528931,"Male"
"6018403",371836,2025-09-15 22:01:01,33.6021919250488,-7.60597038269043,"Male"
"6018403",371836,2025-09-15 22:11:10,33.6022605895996,-7.6060733795166,"Male"
"6018403",371836,2025-09-15 22:21:04,33.6022605895996,-7.60605669021606,"Male"
"6018403",371836,2025-09-15 22:30:58,33.601993560791,-7.60582065582275,"Male"
"6018403",371836,2025-09-15 22:41:06,33.6020126342773,-7.60583925247192,"Male"
"6018403",371836,2025-09-15 22:51:01,33.6020660400391,-7.60579681396484,"Male"
"6018403",371836,2025-09-15 23:01:14,33.6019706726074,-7.60660457611084,"Male"
"6018403",371836,2025-09-15 23:11:01,33.6019821166992,-7.60664653778076,"Male"
"6018403",371836,2025-09-15 23:21:07,33.6019744873047,-7.60623598098755,"Male"
"6018403",371836,2025-09-15 23:31:07,33.6020278930664,-7.60662984848022,"Male"
"6018403",371836,2025-09-15 23:40:59,33.6020927429199,-7.60650634765625,"Male"
"6018403",371836,2025-09-15 23:51:14,33.6021194458008,-7.60640716552734,"Male"
"6018403",371836,2025-09-16 00:01:15,33.6018486022949,-7.60581064224243,"Male"
"6018403",371836,2025-09-16 00:11:29,33.6019554138184,-7.60561895370483,"Male"
"6018403",371836,2025-09-16 00:20:59,33.6011695861816,-7.60518455505371,"Male"
"6018403",371836,2025-09-16 00:30:59,33.6016578674316,-7.60557413101196,"Male"
"6018403",371836,2025-09-16 00:40:57,33.602611541748,-7.6056342124939,"Male"
"6018403",371836,2025-09-16 00:50:59,33.6026802062988,-7.60565996170044,"Male"
"6018403",371836,2025-09-16 01:01:08,33.6019172668457,-7.60563898086548,"Male"
"6018403",371836,2025-09-16 01:11:06,33.602108001709,-7.60571146011353,"Male"
"6018403",371836,2025-09-16 01:21:09,33.6023216247559,-7.60578012466431,"Male"
"6018403",371836,2025-09-16 01:31:26,33.6022415161133,-7.6057300567627,"Male"
"6018403",371836,2025-09-16 01:41:59,33.6020736694336,-7.60578727722168,"Male"
"6018403",371836,2025-09-16 01:50:55,33.6021575927734,-7.60583114624023,"Male"
"6018403",371836,2025-09-16 02:00:57,33.6020240783691,-7.60582637786865,"Male"
"6018403",371836,2025-09-16 02:10:55,33.6020088195801,-7.60594701766968,"Male"
"6018403",371836,2025-09-16 02:20:57,33.6020126342773,-7.60586023330688,"Male"
"6018403",371836,2025-09-16 02:30:59,33.6020126342773,-7.6056342124939,"Male"
"6018403",371836,2025-09-16 02:41:06,33.601978302002,-7.60544681549072,"Male"
"6018403",371836,2025-09-16 02:50:58,33.6019897460938,-7.60583639144897,"Male"
"6018403",371836,2025-09-16 03:00:59,33.6021156311035,-7.60610294342041,"Male"
"6018403",371836,2025-09-16 03:10:57,33.6018714904785,-7.60564041137695,"Male"
"6018403",371836,2025-09-16 03:21:04,33.6016807556152,-7.60559463500977,"Male"
"6018403",371836,2025-09-16 03:30:59,33.6019706726074,-7.60544395446777,"Male"
"6018403",371836,2025-09-16 03:41:35,33.6020126342773,-7.60555648803711,"Male"
"6018403",371836,2025-09-16 03:50:58,33.6018905639648,-7.60559177398682,"Male"
"6018403",371836,2025-09-16 04:00:58,33.6018295288086,-7.60557556152344,"Male"
"6018403",371836,2025-09-16 04:10:57,33.6019554138184,-7.60552787780762,"Male"
"6018403",371836,2025-09-16 04:20:57,33.6020927429199,-7.60529947280884,"Male"
"6018403",371836,2025-09-16 04:30:58,33.6020812988281,-7.60538673400879,"Male"
"6018403",371836,2025-09-16 04:40:56,33.6021194458008,-7.60533571243286,"Male"
"6018403",371836,2025-09-16 04:50:58,33.6019477844238,-7.60543727874756,"Male"
"6018403",371836,2025-09-16 05:00:59,33.601863861084,-7.60545682907104,"Male"
"6018403",371836,2025-09-16 05:11:07,33.6019706726074,-7.60565805435181,"Male"
"6018403",371836,2025-09-16 05:21:01,33.6019134521484,-7.60573720932007,"Male"
"6018403",371836,2025-09-16 05:30:58,33.6020011901855,-7.6055269241333,"Male"
"6018403",371836,2025-09-16 05:41:03,33.6017837524414,-7.6050615310669,"Male"
"6018403",371836,2025-09-16 05:50:56,33.5984039306641,-7.61923551559448,"Male"
"6018403",371836,2025-09-16 06:01:29,33.6039276123047,-7.67231607437134,"Male"
"6018403",371836,2025-09-16 06:11:20,33.5965309143066,-7.64889907836914,"Male"
"6018403",371836,2025-09-16 06:21:15,33.5967826843262,-7.6488561630249,"Male"
"6018403",371836,2025-09-16 06:31:12,33.5994415283203,-7.64153575897217,"Male"
"6018403",371836,2025-09-16 06:41:00,33.5975723266602,-7.63994169235229,"Male"
"6018403",371836,2025-09-16 06:51:12,33.6007194519043,-7.63957452774048,"Male"
"6018403",371836,2025-09-16 07:00:58,33.6004104614258,-7.63958787918091,"Male"
"6018403",371836,2025-09-16 07:10:59,33.6006126403809,-7.6395058631897,"Male"
"6018403",371836,2025-09-16 07:21:20,33.6006965637207,-7.63959121704102,"Male"
"6018403",371836,2025-09-16 07:31:25,33.6006164550781,-7.63971710205078,"Male"
"6018403",371836,2025-09-16 07:40:58,33.6006126403809,-7.63974809646606,"Male"
"6018403",371836,2025-09-16 07:51:07,33.6007499694824,-7.63972663879395,"Male"
"6018403",371836,2025-09-16 08:01:30,33.6005783081055,-7.63965654373169,"Male"
"6018403",371836,2025-09-16 08:11:59,33.6005821228027,-7.63960599899292,"Male"
"6018403",371836,2025-09-16 08:20:55,33.600643157959,-7.63962173461914,"Male"
"6018403",371836,2025-09-16 08:30:57,33.600658416748,-7.63973808288574,"Male"
"6018403",371836,2025-09-16 08:40:56,33.600513458252,-7.63963603973389,"Male"
"6018403",371836,2025-09-16 08:51:14,33.6006126403809,-7.63959503173828,"Male"
"6018403",371836,2025-09-16 09:00:59,33.6005020141602,-7.63959550857544,"Male"
"6018403",371836,2025-09-16 09:10:58,33.6006278991699,-7.6395845413208,"Male"
"6018403",371836,2025-09-16 09:20:59,33.6006240844727,-7.63958597183228,"Male"
"6018403",371836,2025-09-16 09:31:16,33.6007995605469,-7.63978338241577,"Male"
"6018403",371836,2025-09-16 09:41:14,33.6005783081055,-7.63961601257324,"Male"
"6018403",371836,2025-09-16 09:50:59,33.6005935668945,-7.63960409164429,"Male"
"6018403",371836,2025-09-16 10:01:01,33.6020889282227,-7.6411190032959,"Male"
"6018403",371836,2025-09-16 10:10:55,33.6037330627441,-7.64426469802856,"Male"
"6018403",371836,2025-09-16 10:20:57,33.6066665649414,-7.66802501678467,"Male"
"6018403",371836,2025-09-16 10:30:57,33.6057739257812,-7.66947793960571,"Male"
"6018403",371836,2025-09-16 10:40:56,33.6045570373535,-7.6706976890564,"Male"
"6018403",371836,2025-09-16 10:51:09,33.6008567810059,-7.65849113464355,"Male"
"6018403",371836,2025-09-16 11:01:08,33.6008529663086,-7.65850114822388,"Male"
"6018403",371836,2025-09-16 11:11:20,33.6008529663086,-7.65840101242065,"Male"
"6018403",371836,2025-09-16 11:21:00,33.6008148193359,-7.65849304199219,"Male"
"6018403",371836,2025-09-16 11:31:01,33.6008148193359,-7.65832805633545,"Male"
"6018403",371836,2025-09-16 11:41:29,33.6008262634277,-7.65843534469604,"Male"
"6018403",371836,2025-09-16 11:51:14,33.6009559631348,-7.65852355957031,"Male"
"6018403",371836,2025-09-16 12:01:05,33.6009826660156,-7.65844392776489,"Male"
"6018403",371836,2025-09-16 12:11:01,33.607780456543,-7.66697120666504,"Male"
"6018403",371836,2025-09-16 12:21:03,33.6084175109863,-7.66809892654419,"Male"
"6018403",371836,2025-09-16 12:31:07,33.6087646484375,-7.66878509521484,"Male"
"6018403",371836,2025-09-16 12:41:16,33.6080589294434,-7.66915035247803,"Male"
"6018403",371836,2025-09-16 12:50:57,33.6077651977539,-7.66924333572388,"Male"
"6018403",371836,2025-09-16 13:01:06,33.6018218994141,-7.65826177597046,"Male"
"6018403",371836,2025-09-16 13:11:07,33.6010932922363,-7.6584734916687,"Male"
"6018403",371836,2025-09-16 13:21:13,33.6008338928223,-7.65847396850586,"Male"
"6018403",371836,2025-09-16 13:30:56,33.600658416748,-7.65871429443359,"Male"
"6018403",371836,2025-09-16 13:41:00,33.6006050109863,-7.65878915786743,"Male"
"6018403",371836,2025-09-16 13:51:29,33.6007881164551,-7.65850639343262,"Male"
"6018403",371836,2025-09-16 14:01:06,33.6007614135742,-7.65843963623047,"Male"
"6018403",371836,2025-09-16 14:11:06,33.6007804870605,-7.65846347808838,"Male"
"6018403",371836,2025-09-16 14:21:06,33.6007804870605,-7.65843629837036,"Male"
"6018403",371836,2025-09-16 14:31:06,33.6007423400879,-7.65850257873535,"Male"
"6018403",371836,2025-09-16 14:41:06,33.6007499694824,-7.65855407714844,"Male"
"6018403",371836,2025-09-16 14:51:35,33.6008224487305,-7.65840816497803,"Male"
"6018403",371836,2025-09-16 15:00:55,33.600772857666,-7.65840482711792,"Male"
"6018403",371836,2025-09-16 15:10:55,33.6008567810059,-7.65856599807739,"Male"
"6018403",371836,2025-09-16 15:20:55,33.6008453369141,-7.65854597091675,"Male"
"6018403",371836,2025-09-16 15:30:55,33.6007652282715,-7.65839958190918,"Male"
"6018403",371836,2025-09-16 15:40:57,33.6008834838867,-7.65854978561401,"Male"
"6018403",371836,2025-09-16 15:51:01,33.6008796691895,-7.65854454040527,"Male"
"6018403",371836,2025-09-16 16:01:42,33.6006889343262,-7.65916156768799,"Male"
"6018403",371836,2025-09-16 16:11:00,33.5804595947266,-7.69388008117676,"Male"
"6018403",371836,2025-09-16 16:21:14,33.5805702209473,-7.69406843185425,"Male"
"6018403",371836,2025-09-16 16:30:56,33.5787467956543,-7.68228054046631,"Male"
"6018403",371836,2025-09-16 16:40:59,33.5789222717285,-7.68234062194824,"Male"
"6018403",371836,2025-09-16 16:51:14,33.5788955688477,-7.68223762512207,"Male"
"6018403",371836,2025-09-16 17:01:11,33.5788726806641,-7.68221569061279,"Male"
"6018403",371836,2025-09-16 17:11:27,33.5788764953613,-7.68227672576904,"Male"
"6018403",371836,2025-09-16 17:20:59,33.5789794921875,-7.68197059631348,"Male"
"6018403",371836,2025-09-16 17:31:09,33.5789642333984,-7.68171882629395,"Male"
"6018403",371836,2025-09-16 17:41:19,33.5790977478027,-7.68202304840088,"Male"
"6018403",371836,2025-09-16 17:51:29,33.5888557434082,-7.6661548614502,"Male"
"6018403",371836,2025-09-16 18:01:31,33.588451385498,-7.66633796691895,"Male"
"6018403",371836,2025-09-16 18:11:34,33.5888252258301,-7.666259765625,"Male"
"6018403",371836,2025-09-16 18:20:58,33.5886192321777,-7.66639757156372,"Male"
"6018403",371836,2025-09-16 18:30:58,33.5887489318848,-7.66642189025879,"Male"
"6018403",371836,2025-09-16 18:41:34,33.5888748168945,-7.66629028320312,"Male"
"6018403",371836,2025-09-16 18:50:55,33.5967826843262,-7.64954710006714,"Male"
"6018403",371836,2025-09-16 19:00:56,33.6017913818359,-7.60606622695923,"Male"
"6018403",371836,2025-09-16 19:10:58,33.6017227172852,-7.60606288909912,"Male"
"6018403",371836,2025-09-16 19:20:57,33.6017570495605,-7.60597658157349,"Male"
"6018403",371836,2025-09-16 19:31:04,33.6018676757812,-7.60567951202393,"Male"
"6018403",371836,2025-09-16 19:40:56,33.6018867492676,-7.60561752319336,"Male"
"6018403",371836,2025-09-16 19:50:58,33.6018981933594,-7.60560512542725,"Male"
"6018403",371836,2025-09-16 20:01:43,33.6018333435059,-7.60576438903809,"Male"
"6018403",371836,2025-09-16 20:11:00,33.6015930175781,-7.60571098327637,"Male"
"6018403",371836,2025-09-16 20:20:56,33.6018600463867,-7.60576295852661,"Male"
"6018403",371836,2025-09-16 20:30:58,33.6020126342773,-7.60616111755371,"Male"
"6018403",371836,2025-09-16 20:40:56,33.601879119873,-7.60579490661621,"Male"
"6018403",371836,2025-09-16 20:51:06,33.6018371582031,-7.60572957992554,"Male"
"6018403",371836,2025-09-16 21:01:14,33.6018333435059,-7.60563659667969,"Male"
"6018403",371836,2025-09-16 21:11:29,33.6018676757812,-7.60560035705566,"Male"
"6018403",371836,2025-09-16 21:20:58,33.6016998291016,-7.60535097122192,"Male"
"6018403",371836,2025-09-16 21:31:03,33.6018180847168,-7.60552453994751,"Male"
"6018403",371836,2025-09-16 21:41:06,33.6018714904785,-7.60550022125244,"Male"
"6018403",371836,2025-09-16 21:51:03,33.6018295288086,-7.60572290420532,"Male"
"6018403",371836,2025-09-16 22:00:57,33.601879119873,-7.60555219650269,"Male"
"6018403",371836,2025-09-16 22:10:59,33.6019515991211,-7.60552930831909,"Male"
"6018403",371836,2025-09-16 22:21:03,33.6019592285156,-7.60560178756714,"Male"
"6018403",371836,2025-09-16 22:31:03,33.6019515991211,-7.60556554794312,"Male"
"6018403",371836,2025-09-16 22:41:04,33.6019325256348,-7.60555362701416,"Male"
"6018403",371836,2025-09-16 22:50:57,33.6018714904785,-7.60565185546875,"Male"
"6018403",371836,2025-09-16 23:01:04,33.6020011901855,-7.60513782501221,"Male"
"6018403",371836,2025-09-16 23:11:27,33.6018562316895,-7.60537052154541,"Male"
"6018403",371836,2025-09-16 23:21:35,33.6017303466797,-7.60549449920654,"Male"
"6018403",371836,2025-09-16 23:31:00,33.602123260498,-7.60601854324341,"Male"
"6018403",371836,2025-09-16 23:41:04,33.6017074584961,-7.60545778274536,"Male"
"6018403",371836,2025-09-16 23:51:05,33.6017112731934,-7.60535192489624,"Male"
"6018403",371836,2025-09-17 00:01:35,33.6018104553223,-7.60554170608521,"Male"
"6018403",371836,2025-09-17 00:11:06,33.6018142700195,-7.60550260543823,"Male"
"6018403",371836,2025-09-17 00:21:06,33.6016502380371,-7.60574436187744,"Male"
"6018403",371836,2025-09-17 00:30:55,33.6017036437988,-7.60561847686768,"Male"
"6018403",371836,2025-09-17 00:40:57,33.6019020080566,-7.60557651519775,"Male"
"6018403",371836,2025-09-17 00:50:56,33.6017189025879,-7.60564994812012,"Male"
"6018403",371836,2025-09-17 01:00:56,33.6017112731934,-7.60569763183594,"Male"
"6018403",371836,2025-09-17 01:11:00,33.6020164489746,-7.60538196563721,"Male"
"6018403",371836,2025-09-17 01:21:11,33.6019706726074,-7.60542488098145,"Male"
"6018403",371836,2025-09-17 01:31:06,33.6018180847168,-7.60542058944702,"Male"
"6018403",371836,2025-09-17 01:41:06,33.6018829345703,-7.60535430908203,"Male"
"6018403",371836,2025-09-17 01:51:14,33.6021537780762,-7.60525178909302,"Male"
"6018403",371836,2025-09-17 02:01:06,33.601936340332,-7.60543155670166,"Male"
"6018403",371836,2025-09-17 02:11:06,33.6018180847168,-7.60569286346435,"Male"
"6018403",371836,2025-09-17 02:21:06,33.601921081543,-7.60551166534424,"Male"
"6018403",371836,2025-09-17 02:31:06,33.6019096374512,-7.60555696487427,"Male"
"6018403",371836,2025-09-17 02:41:26,33.6021003723145,-7.60549831390381,"Male"
"6018403",371836,2025-09-17 02:51:35,33.601879119873,-7.6055326461792,"Male"
"6018403",371836,2025-09-17 03:00:56,33.6018333435059,-7.60554265975952,"Male"
"6018403",371836,2025-09-17 03:10:55,33.6018562316895,-7.60552501678467,"Male"
"6018403",371836,2025-09-17 03:20:56,33.6018486022949,-7.60554599761963,"Male"
"6018403",371836,2025-09-17 03:30:56,33.6018104553223,-7.60554647445679,"Male"
"6018403",371836,2025-09-17 03:40:55,33.6017227172852,-7.6055383682251,"Male"
"6018403",371836,2025-09-17 03:50:56,33.6018333435059,-7.60558843612671,"Male"
"6018403",371836,2025-09-17 04:00:59,33.601993560791,-7.6057825088501,"Male"
"6018403",371836,2025-09-17 04:11:06,33.6018104553223,-7.60554027557373,"Male"
"6018403",371836,2025-09-17 04:21:01,33.601806640625,-7.60554313659668,"Male"
"6018403",371836,2025-09-17 04:31:00,33.6017951965332,-7.60549068450928,"Male"
"6018403",371836,2025-09-17 04:41:05,33.6020393371582,-7.605712890625,"Male"
"6018403",371836,2025-09-17 04:51:05,33.6018295288086,-7.60546112060547,"Male"
"6018403",371836,2025-09-17 05:01:29,33.6018981933594,-7.60547876358032,"Male"
"6018403",371836,2025-09-17 05:10:56,33.6019325256348,-7.60574245452881,"Male"
"6018403",371836,2025-09-17 05:21:01,33.6019477844238,-7.60556602478027,"Male"
"6018403",371836,2025-09-17 05:30:56,33.6019287109375,-7.6054105758667,"Male"
"6018403",371836,2025-09-17 05:40:58,33.6018447875977,-7.60573673248291,"Male"
"6018403",371836,2025-09-17 05:50:55,33.6019058227539,-7.60555458068848,"Male"
"6018403",371836,2025-09-17 06:00:56,33.6019325256348,-7.60563850402832,"Male"
"6018403",371836,2025-09-17 06:10:56,33.5998611450195,-7.60668134689331,"Male"
"6018403",371836,2025-09-17 06:20:59,33.5994148254395,-7.60617923736572,"Male"
"6018403",371836,2025-09-17 06:31:05,33.5995407104492,-7.60625648498535,"Male"
"6018403",371836,2025-09-17 06:41:01,33.5994338989258,-7.60625696182251,"Male"
"6018403",371836,2025-09-17 06:51:07,33.5844383239746,-7.60445261001587,"Male"
"6018403",371836,2025-09-17 07:01:07,33.5843544006348,-7.6045823097229,"Male"
"6018403",371836,2025-09-17 07:11:37,33.5854644775391,-7.60430669784546,"Male"
"6018403",371836,2025-09-17 07:21:25,33.5846481323242,-7.6049165725708,"Male"
"6018403",371836,2025-09-17 07:30:56,33.5842781066895,-7.60453462600708,"Male"
"6018403",371836,2025-09-17 07:41:06,33.5843811035156,-7.60451984405518,"Male"
"6018403",371836,2025-09-17 07:51:29,33.5756149291992,-7.59697580337524,"Male"
"6018403",371836,2025-09-17 08:00:56,33.5752944946289,-7.59736347198486,"Male"
"6018403",371836,2025-09-17 08:10:57,33.5755271911621,-7.59703063964844,"Male"
"6018403",371836,2025-09-17 08:20:57,33.5753173828125,-7.59747076034546,"Male"
"6018403",371836,2025-09-17 08:30:59,33.57568359375,-7.59661960601807,"Male"
"6018403",371836,2025-09-17 08:41:01,33.5755653381348,-7.59703016281128,"Male"
"6018403",371836,2025-09-17 08:51:06,33.575626373291,-7.59729385375977,"Male"
"6018403",371836,2025-09-17 09:01:14,33.5756683349609,-7.59706020355225,"Male"
"6018403",371836,2025-09-17 09:10:58,33.5757904052734,-7.59722089767456,"Male"
"6018403",371836,2025-09-17 09:20:56,33.5670318603516,-7.56873941421509,"Male"
"6018403",371836,2025-09-17 09:31:00,33.5311813354492,-7.55186080932617,"Male"
"6018403",371836,2025-09-17 09:41:03,33.5312156677246,-7.5519814491272,"Male"
"6018403",371836,2025-09-17 09:51:14,33.5311126708984,-7.55187320709229,"Male"
"6018403",371836,2025-09-17 10:01:06,33.5311164855957,-7.55180835723877,"Male"
"6018403",371836,2025-09-17 10:11:15,33.5310287475586,-7.55172538757324,"Male"
"6018403",371836,2025-09-17 10:21:00,33.531177520752,-7.55195713043213,"Male"
"6018403",371836,2025-09-17 10:31:06,33.5309982299805,-7.55185461044312,"Male"
"6018403",371836,2025-09-17 10:41:06,33.5310325622559,-7.55174160003662,"Male"
"6018403",371836,2025-09-17 10:51:35,33.5310592651367,-7.55171585083008,"Male"
"6018403",371836,2025-09-17 11:00:56,33.4944190979004,-7.54411554336548,"Male"
"6018403",371836,2025-09-17 11:10:57,33.4822769165039,-7.53959035873413,"Male"
"6018403",371836,2025-09-17 11:20:56,33.4822845458984,-7.53948450088501,"Male"
"6018403",371836,2025-09-17 11:30:56,33.4803123474121,-7.54164361953735,"Male"
"6018403",371836,2025-09-17 11:40:56,33.4803199768066,-7.54168844223022,"Male"
"6018403",371836,2025-09-17 11:51:00,33.4803581237793,-7.54191207885742,"Male"
"6018403",371836,2025-09-17 12:00:56,33.4804153442383,-7.54180097579956,"Male"
"6018403",371836,2025-09-17 12:10:56,33.4803009033203,-7.54195928573608,"Male"
"6018403",371836,2025-09-17 12:20:55,33.4804191589355,-7.54065656661987,"Male"
"6018403",371836,2025-09-17 12:30:57,33.4803695678711,-7.54000568389893,"Male"
"6018403",371836,2025-09-17 12:40:56,33.4791641235352,-7.54249048233032,"Male"
"6018403",371836,2025-09-17 12:50:58,33.4803314208984,-7.54187297821045,"Male"
"6018403",371836,2025-09-17 13:00:58,33.4802474975586,-7.54193639755249,"Male"
"6018403",371836,2025-09-17 13:11:03,33.4802360534668,-7.5419807434082,"Male"
"6018403",371836,2025-09-17 13:21:09,33.4802322387695,-7.54202651977539,"Male"
"6018403",371836,2025-09-17 13:31:03,33.4802894592285,-7.54220771789551,"Male"
"6018403",371836,2025-09-17 13:40:58,33.4809684753418,-7.54143619537354,"Male"
"6018403",371836,2025-09-17 13:51:06,33.492733001709,-7.54390525817871,"Male"
"6018403",371836,2025-09-17 14:01:06,33.4803886413574,-7.54030799865723,"Male"
"6018403",371836,2025-09-17 14:11:15,33.4804992675781,-7.53976488113403,"Male"
"6018403",371836,2025-09-17 14:21:14,33.4803771972656,-7.54023885726929,"Male"
"6018403",371836,2025-09-17 14:31:06,33.480411529541,-7.54020881652832,"Male"
"6018403",371836,2025-09-17 14:41:06,33.4804191589355,-7.54022550582886,"Male"
"6018403",371836,2025-09-17 14:51:29,33.4804153442383,-7.54008960723877,"Male"
"6018403",371836,2025-09-17 15:01:31,33.4804458618164,-7.54002380371094,"Male"
"6018403",371836,2025-09-17 15:10:59,33.4804611206055,-7.54015731811523,"Male"
"6018403",371836,2025-09-17 15:21:00,33.4804382324219,-7.53988647460938,"Male"
"6018403",371836,2025-09-17 15:31:01,33.4803924560547,-7.54002571105957,"Male"
"6018403",371836,2025-09-17 15:40:59,33.4805335998535,-7.54026889801025,"Male"
"6018403",371836,2025-09-17 15:51:03,33.4811782836914,-7.54143667221069,"Male"
"6018403",371836,2025-09-17 16:01:35,33.4809722900391,-7.54108142852783,"Male"
"6018403",371836,2025-09-17 16:11:06,33.481014251709,-7.54113388061523,"Male"
"6018403",371836,2025-09-17 16:21:01,33.4803237915039,-7.53970575332642,"Male"
"6018403",371836,2025-09-17 16:31:10,33.4810981750488,-7.54129981994629,"Male"
"6018403",371836,2025-09-17 16:41:35,33.4810371398926,-7.54116058349609,"Male"
"6018403",371836,2025-09-17 16:50:56,33.4810447692871,-7.54119205474854,"Male"
"6018403",371836,2025-09-17 17:00:55,33.4811172485352,-7.541184425354,"Male"
"6018403",371836,2025-09-17 17:10:55,33.4805793762207,-7.54059171676636,"Male"
"6018403",371836,2025-09-17 17:20:56,33.4804801940918,-7.54062271118164,"Male"
"6018403",371836,2025-09-17 17:31:01,33.4805183410645,-7.54069757461548,"Male"
"6018403",371836,2025-09-17 17:40:59,33.4805679321289,-7.54074048995972,"Male"
"6018403",371836,2025-09-17 17:50:57,33.4840354919434,-7.54424381256104,"Male"
"6018403",371836,2025-09-17 18:00:58,33.5197525024414,-7.59139919281006,"Male"
"6018403",371836,2025-09-17 18:11:03,33.5213050842285,-7.60776948928833,"Male"
"6018403",371836,2025-09-17 18:20:58,33.5216865539551,-7.60766839981079,"Male"
"6018403",371836,2025-09-17 18:30:59,33.521240234375,-7.60758399963379,"Male"
"6018403",371836,2025-09-17 18:41:01,33.562858581543,-7.62085676193237,"Male"
"6018403",371836,2025-09-17 18:51:09,33.5971069335938,-7.60681343078613,"Male"
"6018403",371836,2025-09-17 19:01:13,33.597110748291,-7.60679054260254,"Male"
"6018403",371836,2025-09-17 19:11:35,33.6018257141113,-7.60575437545776,"Male"
"6018403",371836,2025-09-17 19:20:57,33.6018104553223,-7.60557126998901,"Male"
"6018403",371836,2025-09-17 19:31:04,33.6018867492676,-7.60517120361328,"Male"
"6018403",371836,2025-09-17 19:41:10,33.6019096374512,-7.60575151443481,"Male"
"6018403",371836,2025-09-17 19:51:08,33.6021995544434,-7.6060037612915,"Male"
"6018403",371836,2025-09-17 20:01:08,33.6020088195801,-7.60560178756714,"Male"
"6018403",371836,2025-09-17 20:11:08,33.601978302002,-7.60544872283935,"Male"
"6018403",371836,2025-09-17 20:21:14,33.6019897460938,-7.60544776916504,"Male"
"6018403",371836,2025-09-17 20:30:55,33.6020889282227,-7.60566902160645,"Male"
"6018403",371836,2025-09-17 20:41:06,33.6019287109375,-7.60547351837158,"Male"
"6018403",371836,2025-09-17 20:51:14,33.6019439697266,-7.60538291931152,"Male"
"6018403",371836,2025-09-17 21:01:30,33.6018714904785,-7.60548543930054,"Male"
"6018403",371836,2025-09-17 21:11:06,33.6019325256348,-7.60544443130493,"Male"
"6018403",371836,2025-09-17 21:21:06,33.6020088195801,-7.60540008544922,"Male"
"6018403",371836,2025-09-17 21:31:06,33.6018753051758,-7.60556554794312,"Male"
"6018403",371836,2025-09-17 21:41:27,33.601921081543,-7.6054048538208,"Male"
"6018403",371836,2025-09-17 21:51:02,33.6019973754883,-7.60540390014648,"Male"
"6018403",371836,2025-09-17 22:01:10,33.6019325256348,-7.60540103912354,"Male"
"6018403",371836,2025-09-17 22:10:57,33.60205078125,-7.60522365570068,"Male"
"6018403",371836,2025-09-17 22:20:56,33.6018218994141,-7.60555267333984,"Male"
"6018403",371836,2025-09-17 22:30:56,33.6019020080566,-7.60538244247437,"Male"
"6018403",371836,2025-09-17 22:40:56,33.601734161377,-7.60563468933105,"Male"
"6018403",371836,2025-09-17 22:50:57,33.6019821166992,-7.60518503189087,"Male"
"6018403",371836,2025-09-17 23:00:59,33.6019973754883,-7.60509347915649,"Male"
"6018403",371836,2025-09-17 23:10:57,33.6019515991211,-7.60519170761108,"Male"
"6018403",371836,2025-09-17 23:20:57,33.6021270751953,-7.6052303314209,"Male"
"6018403",371836,2025-09-17 23:31:07,33.6018409729004,-7.60533285140991,"Male"
"6018403",371836,2025-09-17 23:41:00,33.6021614074707,-7.60510540008545,"Male"
"6018403",371836,2025-09-17 23:51:28,33.6016616821289,-7.60530710220337,"Male"
"6018403",371836,2025-09-18 00:01:45,33.6017723083496,-7.60532808303833,"Male"
"6018403",371836,2025-09-18 00:11:06,33.6019134521484,-7.60547590255737,"Male"
"6018403",371836,2025-09-18 00:21:06,33.6018409729004,-7.6053032875061,"Male"
"6018403",371836,2025-09-18 00:31:35,33.6019096374512,-7.60546541213989,"Male"
"6018403",371836,2025-09-18 00:40:58,33.6018600463867,-7.60526371002197,"Male"
"6018403",371836,2025-09-18 00:51:05,33.6018371582031,-7.60570812225342,"Male"
"6018403",371836,2025-09-18 01:01:00,33.6018714904785,-7.60523509979248,"Male"
"6018403",371836,2025-09-18 01:10:58,33.6018180847168,-7.60484552383423,"Male"
"6018403",371836,2025-09-18 01:21:07,33.6016883850098,-7.60556507110596,"Male"
"6018403",371836,2025-09-18 01:31:29,33.601016998291,-7.60698890686035,"Male"
"6018403",371836,2025-09-18 01:41:07,33.6018142700195,-7.60544204711914,"Male"
"6018403",371836,2025-09-18 01:51:00,33.6018867492676,-7.60511684417725,"Male"
"6018403",371836,2025-09-18 02:00:57,33.6017875671387,-7.60623931884766,"Male"
"6018403",371836,2025-09-18 02:10:59,33.6019325256348,-7.60575819015503,"Male"
"6018403",371836,2025-09-18 02:21:10,33.6018295288086,-7.6056022644043,"Male"
"6018403",371836,2025-09-18 02:30:59,33.6020622253418,-7.60594034194946,"Male"
"6018403",371836,2025-09-18 02:41:02,33.6017608642578,-7.60546398162842,"Male"
"6018403",371836,2025-09-18 02:51:02,33.6017646789551,-7.60563087463379,"Male"
"6018403",371836,2025-09-18 03:01:07,33.6017379760742,-7.60550880432129,"Male"
"6018403",371836,2025-09-18 03:11:07,33.6017265319824,-7.60558080673218,"Male"
"6018403",371836,2025-09-18 03:21:07,33.601692199707,-7.60559272766113,"Male"
"6018403",371836,2025-09-18 03:31:07,33.6016120910645,-7.60563087463379,"Male"
"6018403",371836,2025-09-18 03:41:13,33.6017723083496,-7.60549545288086,"Male"
"6018403",371836,2025-09-18 03:50:57,33.6018562316895,-7.60555219650269,"Male"
"6018403",371836,2025-09-18 04:00:57,33.6017951965332,-7.60547971725464,"Male"
"6018403",371836,2025-09-18 04:10:56,33.6018409729004,-7.60566806793213,"Male"
"6018403",371836,2025-09-18 04:20:58,33.6017379760742,-7.60545778274536,"Male"
"6018403",371836,2025-09-18 04:31:14,33.6018295288086,-7.6054482460022,"Male"
"6018403",371836,2025-09-18 04:40:57,33.6020545959473,-7.60558319091797,"Male"
"6018403",371836,2025-09-18 04:51:00,33.6017417907715,-7.6052417755127,"Male"
"6018403",371836,2025-09-18 05:00:59,33.6022186279297,-7.60586833953857,"Male"
"6018403",371836,2025-09-18 05:11:06,33.6018409729004,-7.60566663742065,"Male"
"6018403",371836,2025-09-18 05:21:17,33.6019744873047,-7.60532283782959,"Male"
"6018403",371836,2025-09-18 05:31:09,33.6017951965332,-7.60558700561523,"Male"
"6018403",371836,2025-09-18 05:41:15,33.6018028259277,-7.60551261901855,"Male"
"6018403",371836,2025-09-18 05:51:08,33.6017227172852,-7.60576963424683,"Male"
"6018403",371836,2025-09-18 06:01:14,33.5990371704102,-7.65936660766602,"Male"
"6018403",371836,2025-09-18 06:11:00,33.6018486022949,-7.66211986541748,"Male"
"6018403",371836,2025-09-18 06:20:58,33.6007461547852,-7.64005374908447,"Male"
"6018403",371836,2025-09-18 06:31:15,33.5989456176758,-7.63888025283813,"Male"
"6018403",371836,2025-09-18 06:41:07,33.5904006958008,-7.61089515686035,"Male"
"6018403",371836,2025-09-18 06:51:11,33.5903816223145,-7.61104011535645,"Male"
"6018403",371836,2025-09-18 07:01:04,33.5905876159668,-7.61095237731934,"Male"
"6018403",371836,2025-09-18 07:11:09,33.590446472168,-7.61094999313354,"Male"
"6018403",371836,2025-09-18 07:21:17,33.5905990600586,-7.61072397232056,"Male"
"6018403",371836,2025-09-18 07:31:35,33.5849990844727,-7.60340166091919,"Male"
"6018403",371836,2025-09-18 07:41:14,33.5875015258789,-7.60196733474731,"Male"
"6018403",371836,2025-09-18 07:50:56,33.5874214172363,-7.60202836990356,"Male"
"6018403",371836,2025-09-18 08:01:02,33.5875473022461,-7.60195589065552,"Male"
"6018403",371836,2025-09-18 08:10:58,33.5875358581543,-7.60171937942505,"Male"
"6018403",371836,2025-09-18 08:21:00,33.587459564209,-7.60185670852661,"Male"
"6018403",371836,2025-09-18 08:31:35,33.587474822998,-7.60214900970459,"Male"
"6018403",371836,2025-09-18 08:40:57,33.5874366760254,-7.6020884513855,"Male"
"6018403",371836,2025-09-18 08:50:57,33.5874328613281,-7.60210132598877,"Male"
"6018403",371836,2025-09-18 09:00:59,33.5905265808105,-7.60226774215698,"Male"
"6018403",371836,2025-09-18 09:10:58,33.5886535644531,-7.6007661819458,"Male"
"6018403",371836,2025-09-18 09:20:59,33.5889320373535,-7.60085678100586,"Male"
"6018403",371836,2025-09-18 09:31:00,33.5889434814453,-7.60102939605713,"Male"
"6018403",371836,2025-09-18 09:41:02,33.5888519287109,-7.60107707977295,"Male"
"6018403",371836,2025-09-18 09:51:05,33.5888175964355,-7.60109519958496,"Male"
"6018403",371836,2025-09-18 10:01:11,33.5888290405273,-7.60026550292969,"Male"
"6018403",371836,2025-09-18 10:11:31,33.5890197753906,-7.60000038146973,"Male"
"6018403",371836,2025-09-18 10:21:14,33.5888404846191,-7.60098552703857,"Male"
"6018403",371836,2025-09-18 10:30:59,33.5886497497559,-7.60127449035645,"Male"
"6018403",371836,2025-09-18 10:41:08,33.5887298583984,-7.60103034973145,"Male"
"6018403",371836,2025-09-18 10:51:44,33.5890121459961,-7.60094928741455,"Male"
"6018403",371836,2025-09-18 11:00:59,33.5890693664551,-7.60042333602905,"Male"
"6018403",371836,2025-09-18 11:11:09,33.5929374694824,-7.6018238067627,"Male"
"6018403",371836,2025-09-18 11:21:00,33.593318939209,-7.60261201858521,"Male"
"6018403",371836,2025-09-18 11:31:12,33.5937767028809,-7.60220336914062,"Male"
"6018403",371836,2025-09-18 11:40:57,33.5906448364258,-7.60198354721069,"Male"
"6018403",371836,2025-09-18 11:51:04,33.5914840698242,-7.60204553604126,"Male"
"6018403",371836,2025-09-18 12:01:00,33.5897750854492,-7.60309267044067,"Male"
"6018403",371836,2025-09-18 12:11:14,33.591438293457,-7.60191106796265,"Male"
"6018403",371836,2025-09-18 12:21:35,33.5913619995117,-7.60207891464233,"Male"
"6018403",371836,2025-09-18 12:31:01,33.5914306640625,-7.6028299331665,"Male"
"6018403",371836,2025-09-18 12:40:57,33.5915069580078,-7.60291481018066,"Male"
"6018403",371836,2025-09-18 12:51:01,33.591236114502,-7.60269689559937,"Male"
"6018403",371836,2025-09-18 13:01:01,33.591495513916,-7.60293388366699,"Male"
"6018403",371836,2025-09-18 13:11:00,33.5913734436035,-7.60275220870972,"Male"
"6018403",371836,2025-09-18 13:21:35,33.5913276672363,-7.60284471511841,"Male"
"6018403",371836,2025-09-18 13:30:59,33.5913848876953,-7.60287523269653,"Male"
"6018403",371836,2025-09-18 13:41:01,33.5914459228516,-7.60287952423096,"Male"
"6018403",371836,2025-09-18 13:51:05,33.5913619995117,-7.60282325744629,"Male"
"6018403",371836,2025-09-18 14:01:05,33.5914535522461,-7.60283899307251,"Male"
"6018403",371836,2025-09-18 14:11:07,33.5914459228516,-7.60282897949219,"Male"
"6018403",371836,2025-09-18 14:21:01,33.5914115905762,-7.60281133651733,"Male"
"6018403",371836,2025-09-18 14:31:04,33.5913848876953,-7.60295009613037,"Male"
"6018403",371836,2025-09-18 14:41:11,33.5914306640625,-7.60271549224854,"Male"
"6018403",371836,2025-09-18 14:51:06,33.5914268493652,-7.60266351699829,"Male"
"6018403",371836,2025-09-18 15:00:59,33.5912551879883,-7.60248374938965,"Male"
"6018403",371836,2025-09-18 15:10:58,33.5608406066895,-7.60074377059937,"Male"
"6018403",371836,2025-09-18 15:21:04,33.511848449707,-7.5558500289917,"Male"
"6018403",371836,2025-09-18 15:30:58,33.4789085388184,-7.54203796386719,"Male"
"6018403",371836,2025-09-18 15:41:12,33.485466003418,-7.53701162338257,"Male"
"6018403",371836,2025-09-18 15:51:00,33.4849433898926,-7.53764390945435,"Male"
"6018403",371836,2025-09-18 16:01:02,33.4925003051758,-7.53856563568115,"Male"
"6018403",371836,2025-09-18 16:11:35,33.4709587097168,-7.53079652786255,"Male"
"6018403",371836,2025-09-18 16:20:56,33.4808464050293,-7.54051733016968,"Male"
"6018403",371836,2025-09-18 16:30:57,33.4975776672363,-7.54219102859497,"Male"
"6018403",371836,2025-09-18 16:40:58,33.5248718261719,-7.53696584701538,"Male"
"6018403",371836,2025-09-18 16:51:07,33.5453453063965,-7.52367782592773,"Male"
"6018403",371836,2025-09-18 17:01:07,33.5458297729492,-7.52341842651367,"Male"
"6018403",371836,2025-09-18 17:11:00,33.5460205078125,-7.5232744216919,"Male"
"6018403",371836,2025-09-18 17:21:09,33.5462837219238,-7.5233736038208,"Male"
"6018403",371836,2025-09-18 17:31:07,33.5462265014648,-7.52330684661865,"Male"
"6018403",371836,2025-09-18 17:41:07,33.5463523864746,-7.52331018447876,"Male"
"6018403",371836,2025-09-18 17:51:00,33.5466766357422,-7.52338981628418,"Male"
"6018403",371836,2025-09-18 18:01:17,33.5463104248047,-7.52338075637817,"Male"
"6018403",371836,2025-09-18 18:11:07,33.5462799072266,-7.52355527877808,"Male"
"6018403",371836,2025-09-18 18:21:09,33.5466728210449,-7.52334451675415,"Male"
"6018403",371836,2025-09-18 18:31:06,33.5807495117188,-7.57898712158203,"Male"
"6018403",371836,2025-09-18 18:40:59,33.6021156311035,-7.60578536987305,"Male"
"6018403",371836,2025-09-18 18:51:15,33.6017646789551,-7.6050443649292,"Male"
"6018403",371836,2025-09-18 19:01:09,33.6013336181641,-7.60484886169434,"Male"
"6018403",371836,2025-09-18 19:11:07,33.6014938354492,-7.60508441925049,"Male"
"6018403",371836,2025-09-18 19:21:31,33.6018104553223,-7.60544204711914,"Male"
"6018403",371836,2025-09-18 19:30:56,33.6018104553223,-7.60548639297485,"Male"
"6018403",371836,2025-09-18 19:40:56,33.6018371582031,-7.60544490814209,"Male"
"6018403",371836,2025-09-18 19:51:00,33.6036834716797,-7.6038007736206,"Male"
"6018403",371836,2025-09-18 20:01:35,33.6017684936523,-7.60549736022949,"Male"
"6018403",371836,2025-09-18 20:10:56,33.6017951965332,-7.60539531707764,"Male"
"6018403",371836,2025-09-18 20:20:57,33.601879119873,-7.60537242889404,"Male"
"6018403",371836,2025-09-18 20:30:57,33.6018867492676,-7.60542678833008,"Male"
"6018403",371836,2025-09-18 20:40:58,33.6016693115234,-7.6055645942688,"Male"
"6018403",371836,2025-09-18 20:51:01,33.6019096374512,-7.60558319091797,"Male"
"6018403",371836,2025-09-18 21:00:59,33.6019744873047,-7.60565185546875,"Male"
"6018403",371836,2025-09-18 21:11:13,33.6017684936523,-7.60546588897705,"Male"
"6018403",371836,2025-09-18 21:20:57,33.6014862060547,-7.60515689849854,"Male"
"6018403",371836,2025-09-18 21:30:58,33.6018409729004,-7.60549211502075,"Male"
"6018403",371836,2025-09-18 21:40:58,33.6018524169922,-7.60541152954102,"Male"
"6018403",371836,2025-09-18 21:51:14,33.6016731262207,-7.60543966293335,"Male"
"6018403",371836,2025-09-18 22:01:03,33.6018600463867,-7.60543346405029,"Male"
"6018403",371836,2025-09-18 22:11:00,33.601490020752,-7.60523223876953,"Male"
"6018403",371836,2025-09-18 22:20:59,33.6014289855957,-7.60362529754639,"Male"
"6018403",371836,2025-09-18 22:31:00,33.6017608642578,-7.6054310798645,"Male"
"6018403",371836,2025-09-18 22:41:07,33.6019744873047,-7.60563564300537,"Male"
"6018403",371836,2025-09-18 22:51:28,33.6015701293945,-7.60568618774414,"Male"
"6018403",371836,2025-09-18 23:01:08,33.6016693115234,-7.60601758956909,"Male"
"6018403",371836,2025-09-18 23:11:06,33.6015281677246,-7.6058931350708,"Male"
"6018403",371836,2025-09-18 23:21:14,33.6013221740723,-7.6057014465332,"Male"
"6018403",371836,2025-09-18 23:31:06,33.6016159057617,-7.60582876205444,"Male"
"6018403",371836,2025-09-18 23:41:01,33.6013221740723,-7.60577058792114,"Male"
"6018403",371836,2025-09-18 23:51:11,33.601692199707,-7.60590028762817,"Male"
"6018403",371836,2025-09-19 00:01:29,33.6016654968262,-7.60579204559326,"Male"
"6018403",371836,2025-09-19 00:11:04,33.601505279541,-7.60618686676025,"Male"
"6018403",371836,2025-09-19 00:21:06,33.601619720459,-7.60581207275391,"Male"
"6018403",371836,2025-09-19 00:31:01,33.6016960144043,-7.60580539703369,"Male"
"6018403",371836,2025-09-19 00:41:06,33.601676940918,-7.60568475723267,"Male"
"6018403",371836,2025-09-19 00:51:06,33.6014747619629,-7.60605049133301,"Male"
"6018403",371836,2025-09-19 01:01:27,33.6016426086426,-7.60583829879761,"Male"
"6018403",371836,2025-09-19 01:10:57,33.6016311645508,-7.60575342178345,"Male"
"6018403",371836,2025-09-19 01:20:57,33.601619720459,-7.60573959350586,"Male"
"6018403",371836,2025-09-19 01:31:03,33.6016998291016,-7.60593223571777,"Male"
"6018403",371836,2025-09-19 01:41:01,33.6016082763672,-7.60581254959106,"Male"
"6018403",371836,2025-09-19 01:51:13,33.6016235351562,-7.60566377639771,"Male"
"6018403",371836,2025-09-19 02:01:19,33.6015548706055,-7.6055645942688,"Male"
"6018403",371836,2025-09-19 02:11:00,33.6013107299805,-7.60573863983154,"Male"
"6018403",371836,2025-09-19 02:21:08,33.6017379760742,-7.60606670379639,"Male"
"6018403",371836,2025-09-19 02:31:14,33.6015701293945,-7.60622406005859,"Male"
"6018403",371836,2025-09-19 02:41:06,33.6018753051758,-7.60618591308594,"Male"
"6018403",371836,2025-09-19 02:51:13,33.6015586853027,-7.60600471496582,"Male"
"6018403",371836,2025-09-19 03:01:08,33.601490020752,-7.60596561431885,"Male"
"6018403",371836,2025-09-19 03:10:59,33.6009178161621,-7.60506248474121,"Male"
"6018403",371836,2025-09-19 03:21:01,33.6015243530273,-7.60585021972656,"Male"
"6018403",371836,2025-09-19 03:31:06,33.6015892028809,-7.60576391220093,"Male"
"6018403",371836,2025-09-19 03:41:06,33.6014862060547,-7.60567808151245,"Male"
"6018403",371836,2025-09-19 03:51:15,33.6014823913574,-7.60598087310791,"Male"
"6018403",371836,2025-09-19 04:01:06,33.6017227172852,-7.60570049285889,"Male"
"6018403",371836,2025-09-19 04:11:10,33.6015472412109,-7.60605049133301,"Male"
"6018403",371836,2025-09-19 04:21:01,33.6015930175781,-7.60590982437134,"Male"
"6018403",371836,2025-09-19 04:31:03,33.6016616821289,-7.60600709915161,"Male"
"6018403",371836,2025-09-19 04:41:01,33.6021690368652,-7.60526418685913,"Male"
"6018403",371836,2025-09-19 04:51:15,33.601432800293,-7.60618305206299,"Male"
"6018403",371836,2025-09-19 05:00:57,33.6017761230469,-7.60595989227295,"Male"
"6018403",371836,2025-09-19 05:11:13,33.6013641357422,-7.60620927810669,"Male"
"6018403",371836,2025-09-19 05:21:01,33.6015853881836,-7.60607862472534,"Male"
"6018403",371836,2025-09-19 05:31:05,33.6016731262207,-7.60794305801392,"Male"
"6018403",371836,2025-09-19 05:41:08,33.601676940918,-7.60586452484131,"Male"
"6018403",371836,2025-09-19 05:51:29,33.6015892028809,-7.60591077804565,"Male"
"6018403",371836,2025-09-19 06:01:12,33.6017112731934,-7.60577535629272,"Male"
"6018403",371836,2025-09-19 06:11:06,33.600154876709,-7.6641411781311,"Male"
"6018403",371836,2025-09-19 06:21:06,33.6029777526855,-7.67343997955322,"Male"
"6018403",371836,2025-09-19 06:31:06,33.5943603515625,-7.6334056854248,"Male"
"6018403",371836,2025-09-19 06:41:06,33.5898780822754,-7.61099243164062,"Male"
"6018403",371836,2025-09-19 06:51:14,33.5899276733398,-7.6109881401062,"Male"
"6018403",371836,2025-09-19 07:01:06,33.5899124145508,-7.61111211776733,"Male"
"6018403",371836,2025-09-19 07:11:16,33.5898399353027,-7.61100435256958,"Male"
"6018403",371836,2025-09-19 07:21:04,33.5898284912109,-7.6110668182373,"Male"
"6018403",371836,2025-09-19 07:31:14,33.5899085998535,-7.61090183258057,"Male"
"6018403",371836,2025-09-19 07:41:03,33.5902938842773,-7.61074542999268,"Male"
"6018403",371836,2025-09-19 07:51:14,33.5903854370117,-7.61095952987671,"Male"
"6018403",371836,2025-09-19 08:01:07,33.5901985168457,-7.6110954284668,"Male"
"6018403",371836,2025-09-19 08:11:43,33.5889625549316,-7.61165761947632,"Male"
"6018403",371836,2025-09-19 08:21:35,33.5880699157715,-7.61167812347412,"Male"
"6018403",371836,2025-09-19 08:30:57,33.5880584716797,-7.61168766021729,"Male"
"6018403",371836,2025-09-19 08:40:58,33.588062286377,-7.61164617538452,"Male"
"6018403",371836,2025-09-19 08:50:58,33.5880699157715,-7.61167526245117,"Male"
"6018403",371836,2025-09-19 09:01:07,33.5880393981934,-7.6115870475769,"Male"
"6018403",371836,2025-09-19 09:11:05,33.5884170532227,-7.61131477355957,"Male"
"6018403",371836,2025-09-19 09:20:59,33.6167907714844,-7.63405466079712,"Male"
"6018403",371836,2025-09-19 09:31:06,33.6203079223633,-7.62675666809082,"Male"
"6018403",371836,2025-09-19 09:41:15,33.6178703308105,-7.61883401870728,"Male"
"6018403",371836,2025-09-19 09:51:10,33.6327590942383,-7.57449674606323,"Male"
"6018403",371836,2025-09-19 10:01:29,33.6336402893066,-7.56577682495117,"Male"
"6018403",371836,2025-09-19 10:10:59,33.6335830688477,-7.56684446334839,"Male"
"6018403",371836,2025-09-19 10:21:06,33.633415222168,-7.56774806976318,"Male"
"6018403",371836,2025-09-19 10:31:04,33.631950378418,-7.55764436721802,"Male"
"6018403",371836,2025-09-19 10:41:00,33.6386909484863,-7.5223650932312,"Male"
"6018403",371836,2025-09-19 10:51:14,33.6409797668457,-7.52276515960693,"Male"
"6018403",371836,2025-09-19 11:01:01,33.6351661682129,-7.50376081466675,"Male"
"6018403",371836,2025-09-19 11:11:14,33.6352577209473,-7.50393772125244,"Male"
"6018403",371836,2025-09-19 11:21:00,33.6355018615723,-7.5038948059082,"Male"
"6018403",371836,2025-09-19 11:32:05,33.6354522705078,-7.50395727157593,"Male"
"6018403",371836,2025-09-19 11:40:59,33.6354026794434,-7.50386476516724,"Male"
"6018403",371836,2025-09-19 11:50:58,33.6354866027832,-7.5040225982666,"Male"
"6018403",371836,2025-09-19 12:01:03,33.6355590820312,-7.5040168762207,"Male"
"6018403",371836,2025-09-19 12:11:03,33.6354637145996,-7.50412607192993,"Male"
"6018403",371836,2025-09-19 12:21:06,33.6352653503418,-7.50386190414429,"Male"
"6018403",371836,2025-09-19 12:30:58,33.6353645324707,-7.50364255905151,"Male"
"6018403",371836,2025-09-19 12:41:06,33.6355361938477,-7.50365591049194,"Male"
"6018403",371836,2025-09-19 12:51:00,33.6355285644531,-7.5041937828064,"Male"
"6018403",371836,2025-09-19 13:00:58,33.6369094848633,-7.49943447113037,"Male"
"6018403",371836,2025-09-19 13:10:56,33.6416625976562,-7.49117422103882,"Male"
"6018403",371836,2025-09-19 13:21:06,33.6395225524902,-7.48700618743896,"Male"
"6018403",371836,2025-09-19 13:31:06,33.6396217346191,-7.48719358444214,"Male"
"6018403",371836,2025-09-19 13:41:11,33.6401824951172,-7.48836421966553,"Male"
"6018403",371836,2025-09-19 13:51:14,33.6405029296875,-7.48835039138794,"Male"
"6018403",371836,2025-09-19 14:01:06,33.6395416259766,-7.4873161315918,"Male"
"6018403",371836,2025-09-19 14:11:35,33.6394424438477,-7.48715114593506,"Male"
"6018403",371836,2025-09-19 14:20:57,33.6395301818848,-7.48740863800049,"Male"
"6018403",371836,2025-09-19 14:30:59,33.6391525268555,-7.48681259155273,"Male"
"6018403",371836,2025-09-19 14:40:57,33.6348114013672,-7.49738883972168,"Male"
"6018403",371836,2025-09-19 14:50:59,33.63232421875,-7.49800825119019,"Male"
"6018403",371836,2025-09-19 15:01:06,33.6327323913574,-7.49854421615601,"Male"
"6018403",371836,2025-09-19 15:11:04,33.6327247619629,-7.49863338470459,"Male"
"6018403",371836,2025-09-19 15:21:04,33.6340522766113,-7.49670553207397,"Male"
"6018403",371836,2025-09-19 15:31:06,33.633903503418,-7.49666166305542,"Male"
"6018403",371836,2025-09-19 15:40:58,33.6322212219238,-7.4980878829956,"Male"
"6018403",371836,2025-09-19 15:51:05,33.6321296691895,-7.4979658126831,"Male"
"6018403",371836,2025-09-19 16:01:29,33.6323432922363,-7.49791479110718,"Male"
"6018403",371836,2025-09-19 16:11:35,33.6321067810059,-7.49801206588745,"Male"
"6018403",371836,2025-09-19 16:21:06,33.6320419311523,-7.49814224243164,"Male"
"6018403",371836,2025-09-19 16:31:06,33.6319618225098,-7.49813079833984,"Male"
"6018403",371836,2025-09-19 16:41:14,33.6321105957031,-7.49802875518799,"Male"
"6018403",371836,2025-09-19 16:51:11,33.6320915222168,-7.4980354309082,"Male"
"6018403",371836,2025-09-19 17:01:00,33.6321258544922,-7.49802207946777,"Male"
"6018403",371836,2025-09-19 17:11:04,33.6320838928223,-7.49806833267212,"Male"
"6018403",371836,2025-09-19 17:21:20,33.6321411132812,-7.49813175201416,"Male"
"6018403",371836,2025-09-19 17:31:00,33.6288566589355,-7.49241065979004,"Male"
"6018403",371836,2025-09-19 17:41:00,33.6284446716309,-7.49228096008301,"Male"
"6018403",371836,2025-09-19 17:51:24,33.6285591125488,-7.49233675003052,"Male"
"6018403",371836,2025-09-19 18:01:06,33.6283798217773,-7.49249458312988,"Male"
"6018403",371836,2025-09-19 18:11:06,33.6284713745117,-7.49239253997803,"Male"
"6018403",371836,2025-09-19 18:21:06,33.6287002563477,-7.492347240448,"Male"
"6018403",371836,2025-09-19 18:31:07,33.6288261413574,-7.49207353591919,"Male"
"6018403",371836,2025-09-19 18:41:14,33.6502990722656,-7.52214193344116,"Male"
"6018403",371836,2025-09-19 18:51:14,33.6726379394531,-7.55534982681274,"Male"
"6018403",371836,2025-09-19 19:01:01,33.6729278564453,-7.55620431900024,"Male"
"6018403",371836,2025-09-19 19:11:11,33.6726837158203,-7.55653476715088,"Male"
"6018403",371836,2025-09-19 19:21:06,33.6721954345703,-7.55651140213013,"Male"
"6018403",371836,2025-09-19 19:31:29,33.6476593017578,-7.58391857147217,"Male"
"6018403",371836,2025-09-19 19:41:15,33.6017990112305,-7.60527992248535,"Male"
"6018403",371836,2025-09-19 19:51:35,33.6018257141113,-7.60548305511475,"Male"
"6018403",371836,2025-09-19 20:00:56,33.6018486022949,-7.60552644729614,"Male"
"6018403",371836,2025-09-19 20:10:56,33.6017723083496,-7.60542297363281,"Male"
"6018403",371836,2025-09-19 20:21:01,33.6019897460938,-7.6055212020874,"Male"
"6018403",371836,2025-09-19 20:31:07,33.6020050048828,-7.60545825958252,"Male"
"6018403",371836,2025-09-19 20:41:03,33.6018524169922,-7.60542011260986,"Male"
"6018403",371836,2025-09-19 20:51:10,33.6019592285156,-7.6054801940918,"Male"
"6018403",371836,2025-09-19 21:01:12,33.6018218994141,-7.60548686981201,"Male"
"6018403",371836,2025-09-19 21:11:06,33.6020812988281,-7.60555696487427,"Male"
"6018403",371836,2025-09-19 21:21:07,33.6020011901855,-7.60548973083496,"Male"
"6018403",371836,2025-09-19 21:31:14,33.601936340332,-7.6054162979126,"Male"
"6018403",371836,2025-09-19 21:41:00,33.6020355224609,-7.60533905029297,"Male"
"6018403",371836,2025-09-19 21:51:00,33.6019172668457,-7.6053466796875,"Male"
"6018403",371836,2025-09-19 22:01:00,33.6018486022949,-7.60525321960449,"Male"
"6018403",371836,2025-09-19 22:11:07,33.6018218994141,-7.60548162460327,"Male"
"6018403",371836,2025-09-19 22:21:29,33.6017265319824,-7.60543632507324,"Male"
"6018403",371836,2025-09-19 22:31:06,33.6018142700195,-7.60547399520874,"Male"
"6018403",371836,2025-09-19 22:41:14,33.6019134521484,-7.60543918609619,"Male"
"6018403",371836,2025-09-19 22:51:06,33.6020240783691,-7.60510683059692,"Male"
"6018403",371836,2025-09-19 23:01:11,33.6020202636719,-7.60523128509521,"Male"
"6018403",371836,2025-09-19 23:11:14,33.601936340332,-7.60557794570923,"Male"
"6018403",371836,2025-09-19 23:21:04,33.6018142700195,-7.60567760467529,"Male"
"6018403",371836,2025-09-19 23:31:07,33.6016616821289,-7.60530376434326,"Male"
"6018403",371836,2025-09-19 23:41:06,33.600154876709,-7.60637283325195,"Male"
"6018403",371836,2025-09-19 23:51:29,33.6003112792969,-7.6066198348999,"Male"
"6018403",371836,2025-09-20 00:01:14,33.6002044677734,-7.60638523101807,"Male"
"6018403",371836,2025-09-20 00:11:06,33.6001739501953,-7.60639667510986,"Male"
"6018403",371836,2025-09-20 00:21:29,33.6003494262695,-7.60644578933716,"Male"
"6018403",371836,2025-09-20 00:30:57,33.6002502441406,-7.60651588439941,"Male"
"6018403",371836,2025-09-20 00:40:56,33.6002922058105,-7.60649919509888,"Male"
"6018403",371836,2025-09-20 00:50:56,33.6003341674805,-7.60660266876221,"Male"
"6018403",371836,2025-09-20 01:00:58,33.6002578735352,-7.60647630691528,"Male"
"6018403",371836,2025-09-20 01:11:02,33.6000862121582,-7.60671997070312,"Male"
"6018403",371836,2025-09-20 01:21:07,33.5998649597168,-7.60690975189209,"Male"
"6018403",371836,2025-09-20 01:30:57,33.600269317627,-7.60652256011963,"Male"
"6018403",371836,2025-09-20 01:40:58,33.6000785827637,-7.60676717758179,"Male"
"6018403",371836,2025-09-20 01:51:01,33.6002426147461,-7.60642623901367,"Male"
"6018403",371836,2025-09-20 02:01:00,33.6001358032227,-7.60633611679077,"Male"
"6018403",371836,2025-09-20 02:11:14,33.6002578735352,-7.60650491714478,"Male"
"6018403",371836,2025-09-20 02:21:01,33.6003074645996,-7.60662508010864,"Male"
"6018403",371836,2025-09-20 02:31:07,33.6002235412598,-7.60678005218506,"Male"
"6018403",371836,2025-09-20 02:41:06,33.6002922058105,-7.60669422149658,"Male"
"6018403",371836,2025-09-20 02:51:15,33.6002769470215,-7.60642719268799,"Male"
"6018403",371836,2025-09-20 03:01:06,33.600212097168,-7.60631370544434,"Male"
"6018403",371836,2025-09-20 03:11:09,33.6003379821777,-7.60678815841675,"Male"
"6018403",371836,2025-09-20 03:21:14,33.6002197265625,-7.60655355453491,"Male"
"6018403",371836,2025-09-20 03:31:06,33.6002960205078,-7.60659503936768,"Male"
"6018403",371836,2025-09-20 03:41:03,33.6002540588379,-7.60653066635132,"Male"
"6018403",371836,2025-09-20 03:51:15,33.6005935668945,-7.60696935653687,"Male"
"6018403",371836,2025-09-20 04:01:04,33.6002349853516,-7.60637378692627,"Male"
"6018403",371836,2025-09-20 04:11:14,33.6003456115723,-7.60656309127808,"Male"
"6018403",371836,2025-09-20 04:21:03,33.6002807617188,-7.60656881332397,"Male"
"6018403",371836,2025-09-20 04:31:00,33.6001625061035,-7.60671663284302,"Male"
"6018403",371836,2025-09-20 04:41:00,33.6003952026367,-7.60661792755127,"Male"
"6018403",371836,2025-09-20 04:51:29,33.6003532409668,-7.60649299621582,"Male"
"6018403",371836,2025-09-20 05:01:09,33.6002388000488,-7.6065149307251,"Male"
"6018403",371836,2025-09-20 05:11:04,33.6002616882324,-7.60647821426392,"Male"
"6018403",371836,2025-09-20 05:21:01,33.6002502441406,-7.60647916793823,"Male"
"6018403",371836,2025-09-20 05:31:04,33.6002388000488,-7.60671424865723,"Male"
"6018403",371836,2025-09-20 05:41:03,33.6001319885254,-7.60596561431885,"Male"
"6018403",371836,2025-09-20 05:51:29,33.6002006530762,-7.60661935806274,"Male"
"6018403",371836,2025-09-20 06:00:57,33.6000022888184,-7.60632371902466,"Male"
"6018403",371836,2025-09-20 06:10:59,33.5998954772949,-7.60624933242798,"Male"
"6018403",371836,2025-09-20 06:20:56,33.5966300964355,-7.60691118240356,"Male"
"6018403",371836,2025-09-20 06:30:59,33.5845222473145,-7.60435056686401,"Male"
"6018403",371836,2025-09-20 06:41:01,33.5844573974609,-7.60426378250122,"Male"
"6018403",371836,2025-09-20 06:51:03,33.5844116210938,-7.60422801971435,"Male"
"6018403",371836,2025-09-20 07:01:00,33.5853233337402,-7.60450267791748,"Male"
"6018403",371836,2025-09-20 07:11:07,33.5844383239746,-7.60467672348022,"Male"
"6018403",371836,2025-09-20 07:21:01,33.5843086242676,-7.6043643951416,"Male"
"6018403",371836,2025-09-20 07:31:04,33.5844573974609,-7.60409545898438,"Male"
"6018403",371836,2025-09-20 07:41:35,33.5843811035156,-7.60430717468262,"Male"
"6018403",371836,2025-09-20 07:50:57,33.5843963623047,-7.60428380966187,"Male"
"6018403",371836,2025-09-20 08:00:58,33.5844383239746,-7.60411691665649,"Male"
"6018403",371836,2025-09-20 08:10:57,33.5844459533691,-7.60432243347168,"Male"
"6018403",371836,2025-09-20 08:20:57,33.5844688415527,-7.60427570343018,"Male"
"6018403",371836,2025-09-20 08:30:57,33.584529876709,-7.60459899902344,"Male"
"6018403",371836,2025-09-20 08:41:06,33.5845336914062,-7.60438537597656,"Male"
"6018403",371836,2025-09-20 08:51:17,33.5843276977539,-7.60428619384766,"Male"
"6018403",371836,2025-09-20 09:01:03,33.5896911621094,-7.58931970596313,"Male"
"6018403",371836,2025-09-20 09:11:15,33.5894508361816,-7.58890104293823,"Male"
"6018403",371836,2025-09-20 09:21:10,33.5894546508789,-7.58917808532715,"Male"
"6018403",371836,2025-09-20 09:31:29,33.5987701416016,-7.5884428024292,"Male"
"6018403",371836,2025-09-20 09:40:59,33.6190719604492,-7.57786130905151,"Male"
"6018403",371836,2025-09-20 09:51:04,33.6392860412598,-7.52656888961792,"Male"
"6018403",371836,2025-09-20 10:01:29,33.6390800476074,-7.5254864692688,"Male"
"6018403",371836,2025-09-20 10:10:58,33.6390342712402,-7.52428436279297,"Male"
"6018403",371836,2025-09-20 10:21:21,33.6368598937988,-7.51293611526489,"Male"
"6018403",371836,2025-09-20 10:31:06,33.6355285644531,-7.50421857833862,"Male"
"6018403",371836,2025-09-20 10:41:06,33.6355514526367,-7.5042290687561,"Male"
"6018403",371836,2025-09-20 10:51:06,33.635555267334,-7.50424957275391,"Male"
"6018403",371836,2025-09-20 11:01:09,33.6355934143066,-7.50416898727417,"Male"
"6018403",371836,2025-09-20 11:11:06,33.6355323791504,-7.5042314529419,"Male"
"6018403",371836,2025-09-20 11:21:29,33.6355819702148,-7.5042839050293,"Male"
"6018403",371836,2025-09-20 11:31:06,33.6355361938477,-7.50425815582275,"Male"
"6018403",371836,2025-09-20 11:41:06,33.635612487793,-7.50417470932007,"Male"
"6018403",371836,2025-09-20 11:51:01,33.6357688903809,-7.50427484512329,"Male"
"6018403",371836,2025-09-20 12:01:35,33.6357231140137,-7.50420188903809,"Male"
"6018403",371836,2025-09-20 12:10:58,33.6359481811523,-7.50433778762817,"Male"
"6018403",371836,2025-09-20 12:21:03,33.6357002258301,-7.50422143936157,"Male"
"6018403",371836,2025-09-20 12:31:07,33.6357421875,-7.50415277481079,"Male"
"6018403",371836,2025-09-20 12:40:57,33.6463241577148,-7.52157735824585,"Male"
"6018403",371836,2025-09-20 12:50:57,33.6325302124023,-7.50991058349609,"Male"
"6018403",371836,2025-09-20 13:00:59,33.6355323791504,-7.50427865982056,"Male"
"6018403",371836,2025-09-20 13:11:29,33.6355285644531,-7.50426244735718,"Male"
"6018403",371836,2025-09-20 13:20:58,33.6355400085449,-7.50418281555176,"Male"
"6018403",371836,2025-09-20 13:31:00,33.6355857849121,-7.50426244735718,"Male"
"6018403",371836,2025-09-20 13:40:59,33.6355361938477,-7.50442171096802,"Male"
"6018403",371836,2025-09-20 13:51:01,33.6357650756836,-7.50421190261841,"Male"
"6018403",371836,2025-09-20 14:00:56,33.6344184875488,-7.50183439254761,"Male"
"6018403",371836,2025-09-20 14:11:04,33.6344413757324,-7.50200414657593,"Male"
"6018403",371836,2025-09-20 14:21:14,33.6344795227051,-7.50185394287109,"Male"
"6018403",371836,2025-09-20 14:31:06,33.6343612670898,-7.50179958343506,"Male"
"6018403",371836,2025-09-20 14:41:05,33.6343383789062,-7.50196266174316,"Male"
"6018403",371836,2025-09-20 14:51:14,33.6344528198242,-7.50185108184815,"Male"
"6018403",371836,2025-09-20 15:01:00,33.6343421936035,-7.50175952911377,"Male"
"6018403",371836,2025-09-20 15:10:59,33.627986907959,-7.49560165405273,"Male"
"6018403",371836,2025-09-20 15:21:03,33.5749588012695,-7.51480722427368,"Male"
"6018403",371836,2025-09-20 15:30:58,33.5010757446289,-7.53846025466919,"Male"
"6018403",371836,2025-09-20 15:41:03,33.4877891540527,-7.54720592498779,"Male"
"6018403",371836,2025-09-20 15:51:29,33.4805030822754,-7.54079961776733,"Male"
"6018403",371836,2025-09-20 16:01:01,33.480525970459,-7.5408878326416,"Male"
"6018403",371836,2025-09-20 16:11:06,33.4803161621094,-7.54096937179565,"Male"
"6018403",371836,2025-09-20 16:21:06,33.4803810119629,-7.5408501625061,"Male"
"6018403",371836,2025-09-20 16:31:06,33.4804306030273,-7.54087734222412,"Male"
"6018403",371836,2025-09-20 16:41:06,33.4807014465332,-7.54094123840332,"Male"
"6018403",371836,2025-09-20 16:51:14,33.479663848877,-7.54138326644897,"Male"
"6018403",371836,2025-09-20 17:01:08,33.4798011779785,-7.54149627685547,"Male"
"6018403",371836,2025-09-20 17:11:14,33.4799766540527,-7.54153919219971,"Male"
"6018403",371836,2025-09-20 17:21:29,33.4799957275391,-7.54153919219971,"Male"
"6018403",371836,2025-09-20 17:31:03,33.4795570373535,-7.5419750213623,"Male"
"6018403",371836,2025-09-20 17:41:00,33.4798965454102,-7.54197025299072,"Male"
"6018403",371836,2025-09-20 17:51:14,33.479736328125,-7.54199600219727,"Male"
"6018403",371836,2025-09-20 18:00:58,33.4826240539551,-7.5388708114624,"Male"
"6018403",371836,2025-09-20 18:10:59,33.4826622009277,-7.53883361816406,"Male"
"6018403",371836,2025-09-20 18:21:14,33.4827690124512,-7.5388560295105,"Male"
"6018403",371836,2025-09-20 18:31:35,33.4825477600098,-7.53880500793457,"Male"
"6018403",371836,2025-09-20 18:40:58,33.4991340637207,-7.54599523544312,"Male"
"6018403",371836,2025-09-20 18:51:01,33.5468254089355,-7.5681791305542,"Male"
"6018403",371836,2025-09-20 19:01:14,33.5964546203613,-7.60047960281372,"Male"
"6018403",371836,2025-09-20 19:11:12,33.601863861084,-7.60546541213989,"Male"
"6018403",371836,2025-09-20 19:21:00,33.6020317077637,-7.60549640655518,"Male"
"6018403",371836,2025-09-20 19:31:00,33.6017837524414,-7.60522222518921,"Male"
"6018403",371836,2025-09-20 19:41:08,33.6020965576172,-7.60540533065796,"Male"
"6018403",371836,2025-09-20 19:51:14,33.6016883850098,-7.60550832748413,"Male"
"6018403",371836,2025-09-20 20:01:24,33.5988807678223,-7.60564041137695,"Male"
"6018403",371836,2025-09-20 20:11:13,33.6018905639648,-7.60539627075195,"Male"
"6018403",371836,2025-09-20 20:21:03,33.6018371582031,-7.60546588897705,"Male"
"6018403",371836,2025-09-20 20:31:06,33.6016883850098,-7.60498237609863,"Male"
"6018403",371836,2025-09-20 20:41:11,33.6025772094727,-7.60604524612427,"Male"
"6018403",371836,2025-09-20 20:51:35,33.6018486022949,-7.60563039779663,"Male"
"6018403",371836,2025-09-20 21:00:57,33.6018753051758,-7.60564279556274,"Male"
"6018403",371836,2025-09-20 21:10:57,33.6020965576172,-7.60539293289185,"Male"
"6018403",371836,2025-09-20 21:21:01,33.6019020080566,-7.60542678833008,"Male"
"6018403",371836,2025-09-20 21:30:56,33.601806640625,-7.60563850402832,"Male"
"6018403",371836,2025-09-20 21:40:59,33.601993560791,-7.60545444488525,"Male"
"6018403",371836,2025-09-20 21:50:57,33.6017761230469,-7.60557413101196,"Male"
"6018403",371836,2025-09-20 22:00:57,33.601936340332,-7.60531711578369,"Male"
"6018403",371836,2025-09-20 22:11:01,33.601806640625,-7.60560464859009,"Male"
"6018403",371836,2025-09-20 22:21:01,33.6018714904785,-7.60539436340332,"Male"
"6018403",371836,2025-09-20 22:31:00,33.6018943786621,-7.6055212020874,"Male"
"6018403",371836,2025-09-20 22:40:58,33.6019515991211,-7.60531902313232,"Male"
"6018403",371836,2025-09-20 22:50:56,33.601734161377,-7.60549068450928,"Male"
"6018403",371836,2025-09-20 23:00:58,33.6020393371582,-7.6052303314209,"Male"
"6018403",371836,2025-09-20 23:10:58,33.6019592285156,-7.60520076751709,"Male"
"6018403",371836,2025-09-20 23:20:59,33.6020812988281,-7.60552358627319,"Male"
"6018403",371836,2025-09-20 23:30:58,33.6020126342773,-7.6052098274231,"Male"
"6018403",371836,2025-09-20 23:41:14,33.6017684936523,-7.60537099838257,"Male"
"6018403",371836,2025-09-20 23:51:00,33.6015396118164,-7.60506820678711,"Male"
"6018403",371836,2025-09-21 00:01:14,33.6018829345703,-7.60552787780762,"Male"
"6018403",371836,2025-09-21 00:11:09,33.6020431518555,-7.60561513900757,"Male"
"6018403",371836,2025-09-21 00:21:06,33.6022415161133,-7.60538101196289,"Male"
"6018403",371836,2025-09-21 00:30:57,33.6019554138184,-7.60565137863159,"Male"
"6018403",371836,2025-09-21 00:40:57,33.6019706726074,-7.60551977157593,"Male"
"6018403",371836,2025-09-21 00:51:14,33.6019592285156,-7.60546350479126,"Male"
"6018403",371836,2025-09-21 01:01:05,33.6018486022949,-7.60528612136841,"Male"
"6018403",371836,2025-09-21 01:11:33,33.6018486022949,-7.60549640655518,"Male"
"6018403",371836,2025-09-21 01:20:57,33.6019325256348,-7.60539245605469,"Male"
"6018403",371836,2025-09-21 01:30:57,33.6016845703125,-7.6055097579956,"Male"
"6018403",371836,2025-09-21 01:40:58,33.601879119873,-7.60546398162842,"Male"
"6018403",371836,2025-09-21 01:51:04,33.6020622253418,-7.60538291931152,"Male"
"6018403",371836,2025-09-21 02:01:01,33.6017112731934,-7.60555553436279,"Male"
"6018403",371836,2025-09-21 02:11:00,33.5999870300293,-7.60675621032715,"Male"
"6018403",371836,2025-09-21 02:20:56,33.599910736084,-7.60676956176758,"Male"
"6018403",371836,2025-09-21 02:31:14,33.6000022888184,-7.60659217834473,"Male"
"6018403",371836,2025-09-21 02:40:57,33.5999488830566,-7.60667324066162,"Male"
"6018403",371836,2025-09-21 02:51:00,33.600269317627,-7.6067681312561,"Male"
"6018403",371836,2025-09-21 03:01:06,33.5998687744141,-7.60661602020264,"Male"
"6018403",371836,2025-09-21 03:10:59,33.5999908447266,-7.6066780090332,"Male"
"6018403",371836,2025-09-21 03:21:35,33.5999336242676,-7.60666561126709,"Male"
"6018403",371836,2025-09-21 03:30:57,33.6000595092773,-7.60697412490845,"Male"
"6018403",371836,2025-09-21 03:40:56,33.5998039245605,-7.60644102096558,"Male"
"6018403",371836,2025-09-21 03:50:59,33.5999183654785,-7.60702323913574,"Male"
"6018403",371836,2025-09-21 04:00:59,33.5999603271484,-7.60653209686279,"Male"
"6018403",371836,2025-09-21 04:10:59,33.6002235412598,-7.60597229003906,"Male"
"6018403",371836,2025-09-21 04:20:59,33.6000022888184,-7.60675668716431,"Male"
"6018403",371836,2025-09-21 04:31:01,33.5999946594238,-7.6065936088562,"Male"
"6018403",371836,2025-09-21 04:41:01,33.6000480651855,-7.60581874847412,"Male"
"6018403",371836,2025-09-21 04:51:12,33.600040435791,-7.60646486282349,"Male"
"6018403",371836,2025-09-21 05:01:29,33.5999526977539,-7.60661888122559,"Male"
"6018403",371836,2025-09-21 05:10:56,33.5999794006348,-7.60663986206055,"Male"
"6018403",371836,2025-09-21 05:20:57,33.5999794006348,-7.60668420791626,"Male"
"6018403",371836,2025-09-21 05:30:56,33.600025177002,-7.60657262802124,"Male"
"6018403",371836,2025-09-21 05:40:58,33.6001853942871,-7.60637235641479,"Male"
"6018403",371836,2025-09-21 05:50:57,33.60009765625,-7.60652828216553,"Male"
"6018403",371836,2025-09-21 06:01:06,33.5999984741211,-7.60656881332397,"Male"
"6018403",371836,2025-09-21 06:11:06,33.6000747680664,-7.60650682449341,"Male"
"6018403",371836,2025-09-21 06:21:07,33.6017303466797,-7.67308139801025,"Male"
"6018403",371836,2025-09-21 06:31:15,33.6014213562012,-7.65855550765991,"Male"
"6018403",371836,2025-09-21 06:41:06,33.5993881225586,-7.65560340881348,"Male"
"6018403",371836,2025-09-21 06:51:06,33.5993309020996,-7.65563488006592,"Male"
"6018403",371836,2025-09-21 07:01:03,33.5991859436035,-7.65548992156982,"Male"
"6018403",371836,2025-09-21 07:11:06,33.5992736816406,-7.65544128417969,"Male"
"6018403",371836,2025-09-21 07:21:29,33.5993881225586,-7.65550994873047,"Male"
"6018403",371836,2025-09-21 07:31:06,33.5993995666504,-7.65569877624512,"Male"
"6018403",371836,2025-09-21 07:41:41,33.5992889404297,-7.65556192398071,"Male"
"6018403",371836,2025-09-21 07:50:57,33.5956192016602,-7.65919399261475,"Male"
"6018403",371836,2025-09-21 08:01:35,33.5948066711426,-7.66436815261841,"Male"
"6018403",371836,2025-09-21 08:11:08,33.5816078186035,-7.68596076965332,"Male"
"6018403",371836,2025-09-21 08:21:29,33.578914642334,-7.68211030960083,"Male"
"6018403",371836,2025-09-21 08:30:58,33.5788650512695,-7.68204736709595,"Male"
"6018403",371836,2025-09-21 08:40:56,33.5788269042969,-7.68207216262817,"Male"
"6018403",371836,2025-09-21 08:51:00,33.5787467956543,-7.68208122253418,"Male"
"6018403",371836,2025-09-21 09:01:00,33.5788726806641,-7.68212223052979,"Male"
"6018403",371836,2025-09-21 09:11:00,33.5787658691406,-7.6819863319397,"Male"
"6018403",371836,2025-09-21 09:21:08,33.5789222717285,-7.68210077285767,"Male"
"6018403",371836,2025-09-21 09:31:07,33.5789794921875,-7.68214130401611,"Male"
"6018403",371836,2025-09-21 09:41:03,33.5790100097656,-7.68220806121826,"Male"
"6018403",371836,2025-09-21 09:50:58,33.579029083252,-7.6821722984314,"Male"
"6018403",371836,2025-09-21 10:01:29,33.578971862793,-7.68214321136475,"Male"
"6018403",371836,2025-09-21 10:11:03,33.5789833068848,-7.68215942382812,"Male"
"6018403",371836,2025-09-21 10:21:06,33.5790748596191,-7.68220806121826,"Male"
"6018403",371836,2025-09-21 10:31:05,33.5790023803711,-7.68225002288818,"Male"
"6018403",371836,2025-09-21 10:41:29,33.5789451599121,-7.68190383911133,"Male"
"6018403",371836,2025-09-21 10:51:06,33.5789222717285,-7.68211126327515,"Male"
"6018403",371836,2025-09-21 11:01:16,33.5789527893066,-7.68216705322266,"Male"
"6018403",371836,2025-09-21 11:11:03,33.5789794921875,-7.68217277526855,"Male"
"6018403",371836,2025-09-21 11:21:14,33.5788345336914,-7.6819920539856,"Male"
"6018403",371836,2025-09-21 11:31:07,33.5790214538574,-7.6821870803833,"Male"
"6018403",371836,2025-09-21 11:41:35,33.579029083252,-7.68202972412109,"Male"
"6018403",371836,2025-09-21 11:51:04,33.578987121582,-7.68201637268066,"Male"
"6018403",371836,2025-09-21 12:01:07,33.5789031982422,-7.68204402923584,"Male"
"6018403",371836,2025-09-21 12:11:14,33.5790328979492,-7.68216753005981,"Male"
"6018403",371836,2025-09-21 12:21:00,33.5791053771973,-7.68213081359863,"Male"
"6018403",371836,2025-09-21 12:31:05,33.5789642333984,-7.68191814422607,"Male"
"6018403",371836,2025-09-21 12:41:01,33.5788917541504,-7.68201589584351,"Male"
"6018403",371836,2025-09-21 12:51:14,33.5788116455078,-7.68202972412109,"Male"
"6018403",371836,2025-09-21 13:01:00,33.5790138244629,-7.68187141418457,"Male"
"6018403",371836,2025-09-21 13:11:05,33.5788955688477,-7.68200922012329,"Male"
"6018403",371836,2025-09-21 13:21:07,33.5790481567383,-7.68189191818237,"Male"
"6018403",371836,2025-09-21 13:31:02,33.5789680480957,-7.68210315704346,"Male"
"6018403",371836,2025-09-21 13:41:02,33.5791206359863,-7.68189334869385,"Male"
"6018403",371836,2025-09-21 13:51:14,33.5805931091309,-7.67020082473755,"Male"
"6018403",371836,2025-09-21 14:01:07,33.5717277526855,-7.63804912567139,"Male"
"6018403",371836,2025-09-21 14:11:44,33.5458641052246,-7.59320831298828,"Male"
"6018403",371836,2025-09-21 14:20:57,33.5186042785645,-7.55767774581909,"Male"
"6018403",371836,2025-09-21 14:30:58,33.4792404174805,-7.54268217086792,"Male"
"6018403",371836,2025-09-21 14:40:59,33.4786415100098,-7.54173278808594,"Male"
"6018403",371836,2025-09-21 14:51:14,33.4804801940918,-7.54058837890625,"Male"
"6018403",371836,2025-09-21 15:01:25,33.4804496765137,-7.54062366485596,"Male"
"6018403",371836,2025-09-21 15:11:01,33.4803085327148,-7.54036712646484,"Male"
"6018403",371836,2025-09-21 15:21:08,33.4797515869141,-7.54160070419312,"Male"
"6018403",371836,2025-09-21 15:31:07,33.4806480407715,-7.54070711135864,"Male"
"6018403",371836,2025-09-21 15:41:14,33.4803428649902,-7.54110813140869,"Male"
"6018403",371836,2025-09-21 15:51:34,33.4803848266602,-7.54120683670044,"Male"
"6018403",371836,2025-09-21 16:02:04,33.4790344238281,-7.54230165481567,"Male"
"6018403",371836,2025-09-21 16:10:58,33.4857940673828,-7.54587030410767,"Male"
"6018403",371836,2025-09-21 16:20:59,33.4844818115234,-7.53978729248047,"Male"
"6018403",371836,2025-09-21 16:30:59,33.4844627380371,-7.54011344909668,"Male"
"6018403",371836,2025-09-21 16:41:00,33.4845504760742,-7.54005289077759,"Male"
"6018403",371836,2025-09-21 16:50:57,33.4845352172852,-7.54000997543335,"Male"
"6018403",371836,2025-09-21 17:01:01,33.4845542907715,-7.53996229171753,"Male"
"6018403",371836,2025-09-21 17:11:04,33.4845695495605,-7.53995132446289,"Male"
"6018403",371836,2025-09-21 17:21:07,33.484733581543,-7.5400185585022,"Male"
"6018403",371836,2025-09-21 17:31:04,33.4847640991211,-7.5400447845459,"Male"
"6018403",371836,2025-09-21 17:41:35,33.4838905334473,-7.54107666015625,"Male"
"6018403",371836,2025-09-21 17:50:57,33.4839630126953,-7.54105806350708,"Male"
"6018403",371836,2025-09-21 18:01:00,33.4842071533203,-7.54103708267212,"Male"
"6018403",371836,2025-09-21 18:10:57,33.4841079711914,-7.54100036621094,"Male"
"6018403",371836,2025-09-21 18:20:58,33.4841728210449,-7.5409345626831,"Male"
"6018403",371836,2025-09-21 18:30:57,33.4858665466309,-7.54070949554443,"Male"
"6018403",371836,2025-09-21 18:40:57,33.4972648620605,-7.55616569519043,"Male"
"6018403",371836,2025-09-21 18:50:58,33.5268630981445,-7.58222055435181,"Male"
"6018403",371836,2025-09-21 19:00:59,33.5678215026855,-7.60059356689453,"Male"
"6018403",371836,2025-09-21 19:11:05,33.6019248962402,-7.60551023483276,"Male"
"6018403",371836,2025-09-21 19:20:58,33.6021575927734,-7.60548210144043,"Male"
"6018403",371836,2025-09-21 19:31:01,33.6018409729004,-7.60540914535522,"Male"
"6018403",371836,2025-09-21 19:41:05,33.6020660400391,-7.60563230514526,"Male"
"6018403",371836,2025-09-21 19:51:14,33.6020088195801,-7.60559606552124,"Male"
"6018403",371836,2025-09-21 20:01:00,33.601734161377,-7.60524225234985,"Male"
"6018403",371836,2025-09-21 20:11:00,33.6014366149902,-7.60504722595215,"Male"
"6018403",371836,2025-09-21 20:21:05,33.6020393371582,-7.60563945770264,"Male"
"6018403",371836,2025-09-21 20:31:05,33.6019897460938,-7.60544681549072,"Male"
"6018403",371836,2025-09-21 20:41:02,33.6020126342773,-7.60548686981201,"Male"
"6018403",371836,2025-09-21 20:51:15,33.6020584106445,-7.60560464859009,"Male"
"6018403",371836,2025-09-21 21:01:04,33.6020202636719,-7.60561513900757,"Male"
"6018403",371836,2025-09-21 21:11:05,33.6020698547363,-7.60557460784912,"Male"
"6018403",371836,2025-09-21 21:21:05,33.6019630432129,-7.60555648803711,"Male"
"6018403",371836,2025-09-21 21:31:01,33.6020965576172,-7.60561227798462,"Male"
"6018403",371836,2025-09-21 21:41:02,33.6021995544434,-7.60565996170044,"Male"
"6018403",371836,2025-09-21 21:51:29,33.6016998291016,-7.60606288909912,"Male"
"6018403",371836,2025-09-21 22:01:29,33.602180480957,-7.60517263412476,"Male"
"6018403",371836,2025-09-21 22:11:33,33.6019096374512,-7.60559129714966,"Male"
"6018403",371836,2025-09-21 22:21:00,33.6017150878906,-7.60572957992554,"Male"
"6018403",371836,2025-09-21 22:30:57,33.601863861084,-7.60563993453979,"Male"
"6018403",371836,2025-09-21 22:40:57,33.6019592285156,-7.60545921325684,"Male"
"6018403",371836,2025-09-21 22:51:01,33.6017799377441,-7.60572624206543,"Male"
"6018403",371836,2025-09-21 23:00:59,33.6018447875977,-7.60562944412231,"Male"
"6018403",371836,2025-09-21 23:10:59,33.6018486022949,-7.60553359985352,"Male"
"6018403",371836,2025-09-21 23:20:58,33.6020812988281,-7.60564947128296,"Male"
"6018403",371836,2025-09-21 23:31:05,33.601879119873,-7.60556411743164,"Male"
"6018403",371836,2025-09-21 23:40:58,33.6018829345703,-7.60554885864258,"Male"
"6018403",371836,2025-09-21 23:50:59,33.6020698547363,-7.60577392578125,"Male"
"6018403",371836,2025-09-22 00:01:00,33.6020774841309,-7.60575151443481,"Male"
"6018403",371836,2025-09-22 00:11:05,33.6020927429199,-7.60583591461182,"Male"
"6018403",371836,2025-09-22 00:21:01,33.6020622253418,-7.60591983795166,"Male"
"6018403",371836,2025-09-22 00:31:14,33.6021499633789,-7.60608673095703,"Male"
"6018403",371836,2025-09-22 00:41:05,33.6022186279297,-7.60611438751221,"Male"
"6018403",371836,2025-09-22 00:51:05,33.601978302002,-7.60554885864258,"Male"
"6018403",371836,2025-09-22 01:01:07,33.6019401550293,-7.60562419891357,"Male"
"6018403",371836,2025-09-22 01:11:08,33.6020812988281,-7.60582304000854,"Male"
"6018403",371836,2025-09-22 01:21:35,33.6019477844238,-7.60556650161743,"Male"
"6018403",371836,2025-09-22 01:30:59,33.6020927429199,-7.60554456710815,"Male"
"6018403",371836,2025-09-22 01:40:59,33.6021118164062,-7.60558032989502,"Male"
"6018403",371836,2025-09-22 01:51:09,33.6020622253418,-7.60562038421631,"Male"
"6018403",371836,2025-09-22 02:01:14,33.601749420166,-7.60551357269287,"Male"
"6018403",371836,2025-09-22 02:11:09,33.6010780334473,-7.60534381866455,"Male"
"6018403",371836,2025-09-22 02:21:14,33.6019248962402,-7.60559844970703,"Male"
"6018403",371836,2025-09-22 02:31:04,33.601879119873,-7.60560846328735,"Male"
"6018403",371836,2025-09-22 02:41:17,33.6019287109375,-7.60560512542725,"Male"
"6018403",371836,2025-09-22 02:51:09,33.6018829345703,-7.60564422607422,"Male"
"6018403",371836,2025-09-22 03:01:29,33.6021995544434,-7.60551118850708,"Male"
"6018403",371836,2025-09-22 03:10:58,33.6032409667969,-7.60714721679688,"Male"
"6018403",371836,2025-09-22 03:20:57,33.603572845459,-7.60806560516357,"Male"
"6018403",371836,2025-09-22 03:30:56,33.6025505065918,-7.60664987564087,"Male"
"6018403",371836,2025-09-22 03:40:56,33.6024856567383,-7.60667943954468,"Male"
"6018403",371836,2025-09-22 03:50:56,33.6021308898926,-7.60596656799316,"Male"
"6018403",371836,2025-09-22 04:01:14,33.6018676757812,-7.60553693771362,"Male"
"6018403",371836,2025-09-22 04:10:58,33.6019515991211,-7.60542297363281,"Male"
"6018403",371836,2025-09-22 04:20:58,33.6017913818359,-7.60556173324585,"Male"
"6018403",371836,2025-09-22 04:31:01,33.6020965576172,-7.6055850982666,"Male"
"6018403",371836,2025-09-22 04:40:59,33.601921081543,-7.60563945770264,"Male"
"6018403",371836,2025-09-22 04:51:14,33.6018218994141,-7.60557699203491,"Male"
"6018403",371836,2025-09-22 05:01:00,33.601993560791,-7.60560512542725,"Male"
"6018403",371836,2025-09-22 05:11:00,33.6017379760742,-7.60548257827759,"Male"
"6018403",371836,2025-09-22 05:20:59,33.6018447875977,-7.60561847686768,"Male"
"6018403",371836,2025-09-22 05:31:05,33.6019058227539,-7.60553741455078,"Male"
"6018403",371836,2025-09-22 05:41:07,33.601936340332,-7.60536527633667,"Male"
"6018403",371836,2025-09-22 05:51:29,33.6016311645508,-7.60578727722168,"Male"
"6018403",371836,2025-09-22 06:01:53,33.6017799377441,-7.60560274124146,"Male"
"6018403",371836,2025-09-22 06:11:00,33.5998573303223,-7.60613918304443,"Male"
"6018403",371836,2025-09-22 06:20:58,33.5997772216797,-7.60624694824219,"Male"
"6018403",371836,2025-09-22 06:31:05,33.5998458862305,-7.6061692237854,"Male"
"6018403",371836,2025-09-22 06:41:01,33.599739074707,-7.60628604888916,"Male"
"6018403",371836,2025-09-22 06:51:02,33.5996971130371,-7.60632514953613,"Male"
"6018403",371836,2025-09-22 07:00:59,33.5997924804688,-7.60633039474487,"Male"
"6018403",371836,2025-09-22 07:11:01,33.6001434326172,-7.60605239868164,"Male"
"6018403",371836,2025-09-22 07:20:59,33.5994834899902,-7.60652685165405,"Male"
"6018403",371836,2025-09-22 07:31:25,33.5996589660645,-7.60630798339844,"Male"
"6018403",371836,2025-09-22 07:41:04,33.599796295166,-7.60627174377441,"Male"
"6018403",371836,2025-09-22 07:51:35,33.5932655334473,-7.6026930809021,"Male"
"6018403",371836,2025-09-22 08:00:59,33.5932159423828,-7.60264873504639,"Male"
"6018403",371836,2025-09-22 08:10:58,33.5932846069336,-7.60272884368896,"Male"
"6018403",371836,2025-09-22 08:21:35,33.5922393798828,-7.60170316696167,"Male"
"6018403",371836,2025-09-22 08:30:57,33.5921936035156,-7.60174369812012,"Male"
"6018403",371836,2025-09-22 08:40:58,33.5923728942871,-7.60188102722168,"Male"
"6018403",371836,2025-09-22 08:50:58,33.5923080444336,-7.60181427001953,"Male"
"6018403",371836,2025-09-22 09:00:58,33.5906410217285,-7.5970983505249,"Male"
"6018403",371836,2025-09-22 09:10:58,33.5906600952148,-7.5972089767456,"Male"
"6018403",371836,2025-09-22 09:20:57,33.5794143676758,-7.58150863647461,"Male"
"6018403",371836,2025-09-22 09:31:01,33.5793609619141,-7.58136653900146,"Male"
"6018403",371836,2025-09-22 09:40:59,33.5797653198242,-7.5818829536438,"Male"
"6018403",371836,2025-09-22 09:51:00,33.5790710449219,-7.5810980796814,"Male"
"6018403",371836,2025-09-22 10:01:29,33.5793380737305,-7.58134746551514,"Male"
"6018403",371836,2025-09-22 10:10:59,33.579460144043,-7.58153247833252,"Male"
"6018403",371836,2025-09-22 10:21:01,33.5792083740234,-7.58125591278076,"Male"
"6018403",371836,2025-09-22 10:31:12,33.5804405212402,-7.58082675933838,"Male"
"6018403",371836,2025-09-22 10:41:00,33.580436706543,-7.58089065551758,"Male"
"6018403",371836,2025-09-22 10:51:04,33.5804862976074,-7.58090972900391,"Male"
"6018403",371836,2025-09-22 11:01:07,33.5805015563965,-7.58105182647705,"Male"
"6018403",371836,2025-09-22 11:11:14,33.5804481506348,-7.58079957962036,"Male"
"6018403",371836,2025-09-22 11:21:14,33.5803451538086,-7.58072757720947,"Male"
"6018403",371836,2025-09-22 11:30:59,33.5803680419922,-7.58080196380615,"Male"
"6018403",371836,2025-09-22 11:40:58,33.5803871154785,-7.58075761795044,"Male"
"6018403",371836,2025-09-22 11:51:44,33.5803985595703,-7.5807671546936,"Male"
"6018403",371836,2025-09-22 12:01:00,33.5798797607422,-7.58195209503174,"Male"
"6018403",371836,2025-09-22 12:11:07,33.5804901123047,-7.5806450843811,"Male"
"6018403",371836,2025-09-22 12:21:07,33.5464515686035,-7.56319236755371,"Male"
"6018403",371836,2025-09-22 12:30:59,33.4879531860352,-7.54237651824951,"Male"
"6018403",371836,2025-09-22 12:41:02,33.4808235168457,-7.54164409637451,"Male"
"6018403",371836,2025-09-22 12:51:35,33.4807014465332,-7.5415153503418,"Male"
"6018403",371836,2025-09-22 13:00:58,33.4785766601562,-7.54247903823853,"Male"
"6018403",371836,2025-09-22 13:11:07,33.479248046875,-7.54212760925293,"Male"
"6018403",371836,2025-09-22 13:21:07,33.4786262512207,-7.54192686080933,"Male"
"6018403",371836,2025-09-22 13:31:14,33.4796333312988,-7.54169178009033,"Male"
"6018403",371836,2025-09-22 13:41:12,33.4800033569336,-7.54131412506104,"Male"
"6018403",371836,2025-09-22 13:51:09,33.4800758361816,-7.54122304916382,"Male"
"6018403",371836,2025-09-22 14:01:07,33.480037689209,-7.54141712188721,"Male"
"6018403",371836,2025-09-22 14:11:05,33.4799423217773,-7.54125118255615,"Male"
"6018403",371836,2025-09-22 14:21:35,33.4799957275391,-7.54156684875488,"Male"
"6018403",371836,2025-09-22 14:30:57,33.4800033569336,-7.54155397415161,"Male"
"6018403",371836,2025-09-22 14:41:00,33.4799919128418,-7.54159784317017,"Male"
"6018403",371836,2025-09-22 14:51:06,33.4797172546387,-7.54167985916138,"Male"
"6018403",371836,2025-09-22 15:01:01,33.4796562194824,-7.54184103012085,"Male"
"6018403",371836,2025-09-22 15:11:03,33.4796981811523,-7.54178047180176,"Male"
"6018403",371836,2025-09-22 15:21:11,33.4798202514648,-7.54169464111328,"Male"
"6018403",371836,2025-09-22 15:31:06,33.4798965454102,-7.54167413711548,"Male"
"6018403",371836,2025-09-22 15:40:59,33.4813957214355,-7.54111814498901,"Male"
"6018403",371836,2025-09-22 15:51:03,33.4790000915527,-7.54277801513672,"Male"
"6018403",371836,2025-09-22 16:01:06,33.480541229248,-7.54147291183472,"Male"
"6018403",371836,2025-09-22 16:11:09,33.4798736572266,-7.54153394699097,"Male"
"6018403",371836,2025-09-22 16:21:17,33.4803733825684,-7.5403881072998,"Male"
"6018403",371836,2025-09-22 16:31:30,33.4804077148438,-7.54047441482544,"Male"
"6018403",371836,2025-09-22 16:41:06,33.4803466796875,-7.54051971435547,"Male"
"6018403",371836,2025-09-22 16:51:06,33.4803619384766,-7.54037857055664,"Male"
"6018403",371836,2025-09-22 17:01:06,33.4804649353027,-7.54020309448242,"Male"
"6018403",371836,2025-09-22 17:11:07,33.4803581237793,-7.54037666320801,"Male"
"6018403",371836,2025-09-22 17:21:14,33.4803085327148,-7.54054164886475,"Male"
"6018403",371836,2025-09-22 17:31:05,33.4797821044922,-7.5403528213501,"Male"
"6018403",371836,2025-09-22 17:41:06,33.4799690246582,-7.54025983810425,"Male"
"6018403",371836,2025-09-22 17:51:15,33.4800834655762,-7.54037094116211,"Male"
"6018403",371836,2025-09-22 18:01:06,33.4799880981445,-7.54162263870239,"Male"
"6018403",371836,2025-09-22 18:11:06,33.4797325134277,-7.54172515869141,"Male"
"6018403",371836,2025-09-22 18:21:07,33.4796714782715,-7.54193878173828,"Male"
"6018403",371836,2025-09-22 18:31:14,33.4885139465332,-7.54168939590454,"Male"
"6018403",371836,2025-09-22 18:41:05,33.520938873291,-7.57973957061768,"Male"
"6018403",371836,2025-09-22 18:51:00,33.5638771057129,-7.59828948974609,"Male"
"6018403",371836,2025-09-22 19:01:06,33.6018753051758,-7.60557270050049,"Male"
"6018403",371836,2025-09-22 19:11:14,33.6018905639648,-7.60573863983154,"Male"
"6018403",371836,2025-09-22 19:21:06,33.6018905639648,-7.60578346252441,"Male"
"6018403",371836,2025-09-22 19:31:01,33.6012573242188,-7.60551834106445,"Male"
"6018403",371836,2025-09-22 19:41:03,33.6017112731934,-7.60551118850708,"Male"
"6018403",371836,2025-09-22 19:51:35,33.6018409729004,-7.6056079864502,"Male"
"6018403",371836,2025-09-22 20:01:01,33.6018943786621,-7.60560035705566,"Male"
"6018403",371836,2025-09-22 20:11:03,33.601863861084,-7.60549259185791,"Male"
"6018403",371836,2025-09-22 20:20:58,33.601879119873,-7.60540723800659,"Male"
"6018403",371836,2025-09-22 20:31:01,33.6018104553223,-7.60533046722412,"Male"
"6018403",371836,2025-09-22 20:40:59,33.6019706726074,-7.60550928115845,"Male"
"6018403",371836,2025-09-22 20:51:14,33.6018371582031,-7.60526418685913,"Male"
"6018403",371836,2025-09-22 21:01:01,33.601863861084,-7.60526943206787,"Male"
"6018403",371836,2025-09-22 21:11:01,33.6018295288086,-7.60547494888306,"Male"
"6018403",371836,2025-09-22 21:20:58,33.6016654968262,-7.60517501831055,"Male"
"6018403",371836,2025-09-22 21:31:07,33.601879119873,-7.60532999038696,"Male"
"6018403",371836,2025-09-22 21:41:01,33.6019821166992,-7.60538625717163,"Male"
"6018403",371836,2025-09-22 21:51:15,33.6019401550293,-7.60533332824707,"Male"
"6018403",371836,2025-09-22 22:01:01,33.6019821166992,-7.60522937774658,"Male"
"6018403",371836,2025-09-22 22:11:01,33.6017150878906,-7.60526704788208,"Male"
"6018403",371836,2025-09-22 22:21:05,33.6018295288086,-7.6052713394165,"Male"
"6018403",371836,2025-09-22 22:31:34,33.6018676757812,-7.60532569885254,"Male"
"6018403",371836,2025-09-22 22:41:05,33.602108001709,-7.60540676116943,"Male"
"6018403",371836,2025-09-22 22:51:07,33.6018371582031,-7.60542106628418,"Male"
"6018403",371836,2025-09-22 23:01:06,33.6019897460938,-7.6054310798645,"Male"
"6018403",371836,2025-09-22 23:11:06,33.6021347045898,-7.60547399520874,"Male"
"6018403",371836,2025-09-22 23:21:13,33.6020164489746,-7.60541439056396,"Male"
"6018403",371836,2025-09-22 23:31:15,33.6019515991211,-7.60524940490723,"Male"
"6018403",371836,2025-09-22 23:41:25,33.6018943786621,-7.60536432266235,"Male"
"6018403",371836,2025-09-22 23:50:59,33.6018905639648,-7.60534191131592,"Male"
"6018403",371836,2025-09-23 00:00:58,33.6020202636719,-7.60530424118042,"Male"
"6018403",371836,2025-09-23 00:10:58,33.6020355224609,-7.60536432266235,"Male"
"6018403",371836,2025-09-23 00:20:57,33.6018409729004,-7.6053991317749,"Male"
"6018403",371836,2025-09-23 00:31:05,33.6017913818359,-7.60534429550171,"Male"
"6018403",371836,2025-09-23 00:40:57,33.6019134521484,-7.605384349823,"Male"
"6018403",371836,2025-09-23 00:51:00,33.6018218994141,-7.60527801513672,"Male"
"6018403",371836,2025-09-23 01:01:03,33.6018829345703,-7.60535335540771,"Male"
"6018403",371836,2025-09-23 01:11:04,33.6018867492676,-7.6052565574646,"Male"
"6018403",371836,2025-09-23 01:21:06,33.6018829345703,-7.60540199279785,"Male"
"6018403",371836,2025-09-23 01:31:06,33.6019096374512,-7.60544967651367,"Male"
"6018403",371836,2025-09-23 01:41:06,33.6018829345703,-7.60522413253784,"Male"
"6018403",371836,2025-09-23 01:51:18,33.601936340332,-7.60538005828857,"Male"
"6018403",371836,2025-09-23 02:01:29,33.6017951965332,-7.60536670684815,"Male"
"6018403",371836,2025-09-23 02:11:06,33.6019096374512,-7.60535097122192,"Male"
"6018403",371836,2025-09-23 02:21:06,33.6019020080566,-7.60519981384277,"Male"
"6018403",371836,2025-09-23 02:31:14,33.6019325256348,-7.60547780990601,"Male"
"6018403",371836,2025-09-23 02:41:06,33.6019134521484,-7.60563278198242,"Male"
"6018403",371836,2025-09-23 02:51:09,33.6021690368652,-7.6053295135498,"Male"
"6018403",371836,2025-09-23 03:01:08,33.6020736694336,-7.60535717010498,"Male"
"6018403",371836,2025-09-23 03:11:14,33.6018180847168,-7.6055383682251,"Male"
"6018403",371836,2025-09-23 03:21:35,33.6018486022949,-7.60540628433228,"Male"
"6018403",371836,2025-09-23 03:30:57,33.6017875671387,-7.60543155670166,"Male"
"6018403",371836,2025-09-23 03:40:57,33.6016693115234,-7.60555458068848,"Male"
"6018403",371836,2025-09-23 03:51:00,33.6017951965332,-7.60575437545776,"Male"
"6018403",371836,2025-09-23 04:01:06,33.6017456054688,-7.60542821884155,"Male"
"6018403",371836,2025-09-23 04:11:04,33.601879119873,-7.60547161102295,"Male"
"6018403",371836,2025-09-23 04:21:29,33.6018943786621,-7.60534715652466,"Male"
"6018403",371836,2025-09-23 04:31:12,33.6018562316895,-7.60545349121094,"Male"
"6018403",371836,2025-09-23 04:40:59,33.6020126342773,-7.60541820526123,"Male"
"6018403",371836,2025-09-23 04:50:57,33.601879119873,-7.60552167892456,"Male"
"6018403",371836,2025-09-23 05:01:04,33.6019172668457,-7.60537624359131,"Male"
"6018403",371836,2025-09-23 05:11:06,33.6019401550293,-7.60550880432129,"Male"
"6018403",371836,2025-09-23 05:21:29,33.6019630432129,-7.60541009902954,"Male"
"6018403",371836,2025-09-23 05:31:01,33.6018676757812,-7.60533094406128,"Male"
"6018403",371836,2025-09-23 05:40:59,33.6015930175781,-7.60497379302979,"Male"
"6018403",371836,2025-09-23 05:51:00,33.601806640625,-7.60528421401978,"Male"
"6018403",371836,2025-09-23 06:01:03,33.5998992919922,-7.60613822937012,"Male"
"6018403",371836,2025-09-23 06:11:32,33.5968627929688,-7.61289405822754,"Male"
"6018403",371836,2025-09-23 06:20:58,33.6018943786621,-7.67237901687622,"Male"
"6018403",371836,2025-09-23 06:31:04,33.5953788757324,-7.68102836608887,"Male"
"6018403",371836,2025-09-23 06:41:06,33.5932273864746,-7.67682313919067,"Male"
"6018403",371836,2025-09-23 06:51:14,33.5863456726074,-7.67613697052002,"Male"
"6018403",371836,2025-09-23 07:01:01,33.5863189697266,-7.67606019973755,"Male"
"6018403",371836,2025-09-23 07:12:21,33.5787506103516,-7.6822304725647,"Male"
"6018403",371836,2025-09-23 07:22:21,33.5787048339844,-7.6823263168335,"Male"
"6018403",371836,2025-09-23 07:31:53,33.578727722168,-7.68237447738647,"Male"
"6018403",371836,2025-09-23 07:41:00,33.5787010192871,-7.68242645263672,"Male"
"6018403",371836,2025-09-23 07:50:59,33.5787506103516,-7.68233299255371,"Male"
"6018403",371836,2025-09-23 08:00:59,33.5787544250488,-7.68233871459961,"Male"
"6018403",371836,2025-09-23 08:10:59,33.5787391662598,-7.68230676651001,"Male"
"6018403",371836,2025-09-23 08:20:56,33.5796585083008,-7.68318462371826,"Male"
"6018403",371836,2025-09-23 08:30:57,33.5789031982422,-7.6824951171875,"Male"
"6018403",371836,2025-09-23 08:41:06,33.5787467956543,-7.68236780166626,"Male"
"6018403",371836,2025-09-23 08:50:59,33.580738067627,-7.67421770095825,"Male"
"6018403",371836,2025-09-23 09:01:18,33.5928001403809,-7.62082290649414,"Male"
"6018403",371836,2025-09-23 09:11:05,33.5929260253906,-7.6209397315979,"Male"
"6018403",371836,2025-09-23 09:21:20,33.5918388366699,-7.61976909637451,"Male"
"6018403",371836,2025-09-23 09:31:35,33.5931587219238,-7.62125968933105,"Male"
"6018403",371836,2025-09-23 09:40:58,33.5930709838867,-7.62116622924805,"Male"
"6018403",371836,2025-09-23 09:51:00,33.5927581787109,-7.62075233459473,"Male"
"6018403",371836,2025-09-23 10:00:57,33.5929183959961,-7.62096500396729,"Male"
"6018403",371836,2025-09-23 10:11:01,33.5930824279785,-7.6211371421814,"Male"
"6018403",371836,2025-09-23 10:21:12,33.5929718017578,-7.62087631225586,"Male"
"6018403",371836,2025-09-23 10:31:06,33.593090057373,-7.62112808227539,"Male"
"6018403",371836,2025-09-23 10:41:06,33.5929641723633,-7.62085103988647,"Male"
"6018403",371836,2025-09-23 10:51:14,33.5931091308594,-7.6210675239563,"Male"
"6018403",371836,2025-09-23 11:01:01,33.5966606140137,-7.61535835266113,"Male"
"6018403",371836,2025-09-23 11:10:57,33.580680847168,-7.58171415328979,"Male"
"6018403",371836,2025-09-23 11:21:44,33.5810241699219,-7.58153104782104,"Male"
"6018403",371836,2025-09-23 11:31:06,33.5810813903809,-7.58152151107788,"Male"
"6018403",371836,2025-09-23 11:41:07,33.5810852050781,-7.58156585693359,"Male"
"6018403",371836,2025-09-23 11:51:15,33.5811576843262,-7.58149814605713,"Male"
"6018403",371836,2025-09-23 12:01:18,33.5810127258301,-7.58146047592163,"Male"
"6018403",371836,2025-09-23 12:11:08,33.5809745788574,-7.58136796951294,"Male"
"6018403",371836,2025-09-23 12:21:00,33.5812301635742,-7.58175468444824,"Male"
"6018403",371836,2025-09-23 12:31:14,33.5810394287109,-7.5814094543457,"Male"
"6018403",371836,2025-09-23 12:41:04,33.5809364318848,-7.58133697509766,"Male"
"6018403",371836,2025-09-23 12:51:35,33.5810966491699,-7.58150291442871,"Male"
"6018403",371836,2025-09-23 13:01:08,33.5805511474609,-7.58139181137085,"Male"
"6018403",371836,2025-09-23 13:11:06,33.5811653137207,-7.58136749267578,"Male"
"6018403",371836,2025-09-23 13:21:06,33.5810852050781,-7.58139944076538,"Male"
"6018403",371836,2025-09-23 13:31:14,33.5809898376465,-7.58143711090088,"Male"
"6018403",371836,2025-09-23 13:40:58,33.5811195373535,-7.58130407333374,"Male"
"6018403",371836,2025-09-23 13:50:59,33.5814361572266,-7.58075571060181,"Male"
"6018403",371836,2025-09-23 14:01:01,33.5811920166016,-7.5824818611145,"Male"
"6018403",371836,2025-09-23 14:10:58,33.5293846130371,-7.55528974533081,"Male"
"6018403",371836,2025-09-23 14:21:15,33.4800300598145,-7.54127740859985,"Male"
"6018403",371836,2025-09-23 14:31:05,33.4789810180664,-7.54290294647217,"Male"
"6018403",371836,2025-09-23 14:41:22,33.4795188903809,-7.54216814041138,"Male"
"6018403",371836,2025-09-23 14:51:29,33.479606628418,-7.54191303253174,"Male"
"6018403",371836,2025-09-23 15:01:05,33.4789047241211,-7.54218673706055,"Male"
"6018403",371836,2025-09-23 15:11:03,33.479808807373,-7.54176998138428,"Male"
"6018403",371836,2025-09-23 15:21:35,33.4795684814453,-7.54186296463013,"Male"
"6018403",371836,2025-09-23 15:31:03,33.4794082641602,-7.54186248779297,"Male"
"6018403",371836,2025-09-23 15:41:00,33.4800109863281,-7.54102373123169,"Male"
"6018403",371836,2025-09-23 15:51:12,33.4797630310059,-7.54184722900391,"Male"
"6018403",371836,2025-09-23 16:01:06,33.4797134399414,-7.54173421859741,"Male"
"6018403",371836,2025-09-23 16:11:06,33.479923248291,-7.54141139984131,"Male"
"6018403",371836,2025-09-23 16:21:06,33.4798355102539,-7.54155826568604,"Male"
"6018403",371836,2025-09-23 16:31:29,33.4797897338867,-7.54171228408813,"Male"
"6018403",371836,2025-09-23 16:41:35,33.4799461364746,-7.54158353805542,"Male"
"6018403",371836,2025-09-23 16:50:58,33.4800148010254,-7.54160785675049,"Male"
"6018403",371836,2025-09-23 17:00:58,33.4793586730957,-7.5421314239502,"Male"
"6018403",371836,2025-09-23 17:11:12,33.4796409606934,-7.54251575469971,"Male"
"6018403",371836,2025-09-23 17:21:00,33.4798812866211,-7.54188632965088,"Male"
"6018403",371836,2025-09-23 17:30:57,33.4798355102539,-7.54193019866943,"Male"
"6018403",371836,2025-09-23 17:41:01,33.479866027832,-7.5417742729187,"Male"
"6018403",371836,2025-09-23 17:51:05,33.4796409606934,-7.54178094863892,"Male"
"6018403",371836,2025-09-23 18:01:01,33.4798431396484,-7.54090356826782,"Male"
"6018403",371836,2025-09-23 18:10:58,33.4800224304199,-7.54101037979126,"Male"
"6018403",371836,2025-09-23 18:21:06,33.47998046875,-7.54164934158325,"Male"
"6018403",371836,2025-09-23 18:31:03,33.4800071716309,-7.54156303405762,"Male"
"6018403",371836,2025-09-23 18:41:14,33.5124931335449,-7.55406713485718,"Male"
"6018403",371836,2025-09-23 18:51:03,33.5478973388672,-7.580482006073,"Male"
"6018403",371836,2025-09-23 19:01:14,33.5984077453613,-7.60332679748535,"Male"
"6018403",371836,2025-09-23 19:11:01,33.6019172668457,-7.60537624359131,"Male"
"6018403",371836,2025-09-23 19:21:05,33.6019096374512,-7.60527992248535,"Male"
"6018403",371836,2025-09-23 19:30:58,33.60205078125,-7.6054048538208,"Male"
"6018403",371836,2025-09-23 19:41:03,33.6018981933594,-7.60522890090942,"Male"
"6018403",371836,2025-09-23 19:51:35,33.6019248962402,-7.60525989532471,"Male"
"6018403",371836,2025-09-23 20:00:57,33.6019477844238,-7.6053409576416,"Male"
"6018403",371836,2025-09-23 20:10:59,33.60205078125,-7.60512256622315,"Male"
"6018403",371836,2025-09-23 20:20:59,33.6021041870117,-7.60544443130493,"Male"
"6018403",371836,2025-09-23 20:31:03,33.6020660400391,-7.60546445846558,"Male"
"6018403",371836,2025-09-23 20:41:07,33.6018753051758,-7.60531044006348,"Male"
"6018403",371836,2025-09-23 20:51:13,33.6016235351562,-7.60522031784058,"Male"
"6018403",371836,2025-09-23 21:01:30,33.6010513305664,-7.60549688339233,"Male"
"6018403",371836,2025-09-23 21:11:35,33.6020584106445,-7.60510015487671,"Male"
"6018403",371836,2025-09-23 21:21:06,33.6018142700195,-7.6055097579956,"Male"
"6018403",371836,2025-09-23 21:31:03,33.6018257141113,-7.60526371002197,"Male"
"6018403",371836,2025-09-23 21:41:07,33.6018714904785,-7.60534954071045,"Male"
"6018403",371836,2025-09-23 21:51:03,33.6018943786621,-7.60527181625366,"Male"
"6018403",371836,2025-09-23 22:01:00,33.6019592285156,-7.605055809021,"Male"
"6018403",371836,2025-09-23 22:10:59,33.6018371582031,-7.60530185699463,"Male"
"6018403",371836,2025-09-23 22:21:29,33.6018180847168,-7.6052074432373,"Male"
"6018403",371836,2025-09-23 22:31:01,33.6019287109375,-7.6051435470581,"Male"
"6018403",371836,2025-09-23 22:41:10,33.6018714904785,-7.60535621643066,"Male"
"6018403",371836,2025-09-23 22:50:59,33.6018829345703,-7.60519027709961,"Male"
"6018403",371836,2025-09-23 23:01:12,33.6017379760742,-7.60573291778565,"Male"
"6018403",371836,2025-09-23 23:11:01,33.6019096374512,-7.60523128509521,"Male"
"6018403",371836,2025-09-23 23:21:06,33.601634979248,-7.60508155822754,"Male"
"6018403",371836,2025-09-23 23:31:06,33.601505279541,-7.60502958297729,"Male"
"6018403",371836,2025-09-23 23:41:11,33.6018600463867,-7.60532379150391,"Male"
"6018403",371836,2025-09-23 23:51:29,33.6017723083496,-7.60517311096191,"Male"
"6018403",371836,2025-09-24 00:01:06,33.601921081543,-7.60520362854004,"Male"
"6018403",371836,2025-09-24 00:11:06,33.6018981933594,-7.60520648956299,"Male"
"6018403",371836,2025-09-24 00:21:06,33.6018981933594,-7.60512113571167,"Male"
"6018403",371836,2025-09-24 00:31:08,33.6017265319824,-7.60536432266235,"Male"
"6018403",371836,2025-09-24 00:41:10,33.6018676757812,-7.60522651672363,"Male"
"6018403",371836,2025-09-24 00:51:04,33.6018829345703,-7.60523748397827,"Male"
"6018403",371836,2025-09-24 01:01:13,33.601863861084,-7.6053261756897,"Male"
"6018403",371836,2025-09-24 01:11:04,33.6019821166992,-7.60510492324829,"Male"
"6018403",371836,2025-09-24 01:21:04,33.6019248962402,-7.6050500869751,"Male"
"6018403",371836,2025-09-24 01:31:04,33.6019020080566,-7.60501861572266,"Male"
"6018403",371836,2025-09-24 01:41:53,33.6018371582031,-7.60530042648315,"Male"
"6018403",371836,2025-09-24 01:51:03,33.6018295288086,-7.60528659820557,"Male"
"6018403",371836,2025-09-24 02:00:57,33.6017875671387,-7.60545206069946,"Male"
"6018403",371836,2025-09-24 02:11:04,33.601806640625,-7.6053261756897,"Male"
"6018403",371836,2025-09-24 02:20:58,33.6001396179199,-7.60647487640381,"Male"
"6018403",371836,2025-09-24 02:31:05,33.6002349853516,-7.60657119750977,"Male"
"6018403",371836,2025-09-24 02:40:59,33.6001968383789,-7.6069917678833,"Male"
"6018403",371836,2025-09-24 02:51:01,33.599925994873,-7.60676050186157,"Male"
"6018403",371836,2025-09-24 03:01:07,33.6004371643066,-7.60642242431641,"Male"
"6018403",371836,2025-09-24 03:11:20,33.6000900268555,-7.60668849945068,"Male"
"6018403",371836,2025-09-24 03:21:14,33.5999755859375,-7.60682773590088,"Male"
"6018403",371836,2025-09-24 03:31:06,33.5998268127441,-7.6068286895752,"Male"
"6018403",371836,2025-09-24 03:41:06,33.600040435791,-7.60686206817627,"Male"
"6018403",371836,2025-09-24 03:51:29,33.6002159118652,-7.60666275024414,"Male"
"6018403",371836,2025-09-24 04:00:57,33.6004524230957,-7.6065354347229,"Male"
"6018403",371836,2025-09-24 04:10:57,33.6000595092773,-7.60680103302002,"Male"
"6018403",371836,2025-09-24 04:20:58,33.6005477905273,-7.60605669021606,"Male"
"6018403",371836,2025-09-24 04:30:58,33.6002655029297,-7.60668230056763,"Male"
"6018403",371836,2025-09-24 04:41:01,33.6002731323242,-7.60640859603882,"Male"
"6018403",371836,2025-09-24 04:51:00,33.600170135498,-7.60663938522339,"Male"
"6018403",371836,2025-09-24 05:01:00,33.6003303527832,-7.6062331199646,"Male"
"6018403",371836,2025-09-24 05:11:01,33.6001167297363,-7.60671043395996,"Male"
"6018403",371836,2025-09-24 05:21:11,33.6002960205078,-7.60668087005615,"Male"
"6018403",371836,2025-09-24 05:30:58,33.600284576416,-7.60668897628784,"Male"
"6018403",371836,2025-09-24 05:41:04,33.6004676818848,-7.60646820068359,"Male"
"6018403",371836,2025-09-24 05:51:28,33.6002731323242,-7.60660076141357,"Male"
"6018403",371836,2025-09-24 06:01:21,33.600170135498,-7.60661840438843,"Male"
"6018403",371836,2025-09-24 06:11:07,33.5996704101562,-7.60618019104004,"Male"
"6018403",371836,2025-09-24 06:21:06,33.5995674133301,-7.60611629486084,"Male"
"6018403",371836,2025-09-24 06:31:06,33.5996513366699,-7.60599899291992,"Male"
"6018403",371836,2025-09-24 06:41:06,33.5996131896973,-7.6061053276062,"Male"
"6018403",371836,2025-09-24 06:51:29,33.5995597839355,-7.60616588592529,"Male"
"6018403",371836,2025-09-24 07:01:06,33.5995788574219,-7.60619068145752,"Male"
"6018403",371836,2025-09-24 07:10:58,33.599422454834,-7.60606479644775,"Male"
"6018403",371836,2025-09-24 07:21:04,33.5996246337891,-7.60620355606079,"Male"
"6018403",371836,2025-09-24 07:31:10,33.5994415283203,-7.60622406005859,"Male"
"6018403",371836,2025-09-24 07:41:06,33.5994491577148,-7.60617733001709,"Male"
"6018403",371836,2025-09-24 07:51:03,33.5995483398438,-7.60615634918213,"Male"
"6018403",371836,2025-09-24 08:01:29,33.5997505187988,-7.60631895065308,"Male"
"6018403",371836,2025-09-24 08:11:03,33.5997581481934,-7.60625886917114,"Male"
"6018403",371836,2025-09-24 08:23:23,33.5901985168457,-7.60213041305542,"Male"
"6018403",371836,2025-09-24 08:30:58,33.5907592773438,-7.60250949859619,"Male"
"6018403",371836,2025-09-24 08:41:44,33.5901718139648,-7.60202217102051,"Male"
"6018403",371836,2025-09-24 08:51:06,33.5901947021484,-7.60216236114502,"Male"
"6018403",371836,2025-09-24 09:01:00,33.5903205871582,-7.60182189941406,"Male"
"6018403",371836,2025-09-24 09:10:58,33.5902328491211,-7.60175704956055,"Male"
"6018403",371836,2025-09-24 09:21:01,33.5902099609375,-7.60185813903809,"Male"
"6018403",371836,2025-09-24 09:31:08,33.5901641845703,-7.60183477401733,"Male"
"6018403",371836,2025-09-24 09:41:14,33.590217590332,-7.60183048248291,"Male"
"6018403",371836,2025-09-24 09:51:06,33.5902557373047,-7.60177898406982,"Male"
"6018403",371836,2025-09-24 10:01:06,33.5899391174316,-7.6018476486206,"Male"
"6018403",371836,2025-09-24 10:11:06,33.5901641845703,-7.60176134109497,"Male"
"6018403",371836,2025-09-24 10:21:06,33.590389251709,-7.6017804145813,"Male"
"6018403",371836,2025-09-24 10:31:15,33.5902099609375,-7.60174512863159,"Male"
"6018403",371836,2025-09-24 10:41:06,33.5902671813965,-7.60165786743164,"Male"
"6018403",371836,2025-09-24 10:51:30,33.5898094177246,-7.59897756576538,"Male"
"6018403",371836,2025-09-24 11:01:53,33.559440612793,-7.57587432861328,"Male"
"6018403",371836,2025-09-24 11:10:59,33.5595321655273,-7.57584953308105,"Male"
"6018403",371836,2025-09-24 11:20:59,33.5595397949219,-7.57590055465698,"Male"
"6018403",371836,2025-09-24 11:31:19,33.5594902038574,-7.57574462890625,"Male"
"6018403",371836,2025-09-24 11:41:14,33.5594787597656,-7.57574892044067,"Male"
"6018403",371836,2025-09-24 11:51:01,33.5594940185547,-7.57577419281006,"Male"
"6018403",371836,2025-09-24 12:01:05,33.5596504211426,-7.57612562179565,"Male"
"6018403",371836,2025-09-24 12:11:14,33.5595474243164,-7.57580471038818,"Male"
"6018403",371836,2025-09-24 12:20:57,33.5595817565918,-7.57579278945923,"Male"
"6018403",371836,2025-09-24 12:31:07,33.5295372009277,-7.55853843688965,"Male"
"6018403",371836,2025-09-24 12:41:03,33.4801979064941,-7.54085063934326,"Male"
"6018403",371836,2025-09-24 12:51:35,33.4796676635742,-7.54189395904541,"Male"
"6018403",371836,2025-09-24 13:00:59,33.4798965454102,-7.54167699813843,"Male"
"6018403",371836,2025-09-24 13:11:00,33.4798698425293,-7.54165458679199,"Male"
"6018403",371836,2025-09-24 13:20:57,33.4786529541016,-7.54237365722656,"Male"
"6018403",371836,2025-09-24 13:30:59,33.4796943664551,-7.54177951812744,"Male"
"6018403",371836,2025-09-24 13:40:58,33.489200592041,-7.54753494262695,"Male"
"6018403",371836,2025-09-24 13:50:59,33.4872589111328,-7.54692888259888,"Male"
"6018403",371836,2025-09-24 14:01:01,33.4872360229492,-7.54699754714966,"Male"
"6018403",371836,2025-09-24 14:11:01,33.4796333312988,-7.54182434082031,"Male"
"6018403",371836,2025-09-24 14:21:14,33.4797706604004,-7.54178476333618,"Male"
"6018403",371836,2025-09-24 14:31:04,33.4798469543457,-7.54195976257324,"Male"
"6018403",371836,2025-09-24 14:41:14,33.4798355102539,-7.54177713394165,"Male"
"6018403",371836,2025-09-24 14:50:59,33.4804801940918,-7.54153537750244,"Male"
"6018403",371836,2025-09-24 15:01:01,33.4803924560547,-7.54151916503906,"Male"
"6018403",371836,2025-09-24 15:12:21,33.4797477722168,-7.54147624969482,"Male"
"6018403",371836,2025-09-24 15:21:13,33.4799041748047,-7.54177570343018,"Male"
"6018403",371836,2025-09-24 15:31:01,33.4798545837402,-7.54167222976685,"Male"
"6018403",371836,2025-09-24 15:41:00,33.4798583984375,-7.54163265228271,"Male"
"6018403",371836,2025-09-24 15:51:01,33.4799308776855,-7.54168224334717,"Male"
"6018403",371836,2025-09-24 16:01:00,33.4798164367676,-7.54135751724243,"Male"
"6018403",371836,2025-09-24 16:11:14,33.4798965454102,-7.54172849655151,"Male"
"6018403",371836,2025-09-24 16:21:06,33.4795799255371,-7.54214477539062,"Male"
"6018403",371836,2025-09-24 16:31:35,33.4798851013184,-7.54165172576904,"Male"
"6018403",371836,2025-09-24 16:40:58,33.4848098754883,-7.54188585281372,"Male"
"6018403",371836,2025-09-24 16:50:58,33.5099868774414,-7.55157518386841,"Male"
"6018403",371836,2025-09-24 17:00:57,33.5394325256348,-7.58361625671387,"Male"
"6018403",371836,2025-09-24 17:10:58,33.5564575195312,-7.63359451293945,"Male"
"6018403",371836,2025-09-24 17:20:58,33.5811347961426,-7.68224143981934,"Male"
"6018403",371836,2025-09-24 17:31:00,33.5922927856445,-7.68151760101318,"Male"
"6018403",371836,2025-09-24 17:40:58,33.5983505249023,-7.63880157470703,"Male"
"6018403",371836,2025-09-24 17:51:08,33.5938491821289,-7.61841726303101,"Male"
"6018403",371836,2025-09-24 18:01:06,33.5950927734375,-7.61523246765137,"Male"
"6018403",371836,2025-09-24 18:11:44,33.5964050292969,-7.61602783203125,"Male"
"6018403",371836,2025-09-24 18:21:01,33.5963478088379,-7.61609268188477,"Male"
"6018403",371836,2025-09-24 18:31:00,33.5960273742676,-7.61616659164429,"Male"
"6018403",371836,2025-09-24 18:41:06,33.5960350036621,-7.61604690551758,"Male"
"6018403",371836,2025-09-24 18:51:35,33.6017913818359,-7.60549879074097,"Male"
"6018403",371836,2025-09-24 19:01:04,33.6018180847168,-7.60562610626221,"Male"
"6018403",371836,2025-09-24 19:11:04,33.601734161377,-7.60544395446777,"Male"
"6018403",371836,2025-09-24 19:21:04,33.6018714904785,-7.60541677474976,"Male"
"6018403",371836,2025-09-24 19:30:57,33.601863861084,-7.60545873641968,"Male"
"6018403",371836,2025-09-24 19:41:16,33.6017913818359,-7.60541820526123,"Male"
"6018403",371836,2025-09-24 19:51:15,33.6019401550293,-7.60545682907104,"Male"
"6018403",371836,2025-09-24 20:01:01,33.6019248962402,-7.60594463348389,"Male"
"6018403",371836,2025-09-24 20:11:16,33.6017951965332,-7.60496139526367,"Male"
"6018403",371836,2025-09-24 20:21:00,33.6023101806641,-7.60585594177246,"Male"
"6018403",371836,2025-09-24 20:31:00,33.6019859313965,-7.60538530349731,"Male"
"6018403",371836,2025-09-24 20:41:03,33.6018028259277,-7.60516595840454,"Male"
"6018403",371836,2025-09-24 20:52:21,33.6020317077637,-7.60539722442627,"Male"
"6018403",371836,2025-09-24 21:01:35,33.601921081543,-7.60539102554321,"Male"
"6018403",371836,2025-09-24 21:10:58,33.6016578674316,-7.60521841049194,"Male"
"6018403",371836,2025-09-24 21:21:01,33.6018867492676,-7.60549259185791,"Male"
"6018403",371836,2025-09-24 21:30:58,33.601978302002,-7.60531997680664,"Male"
"6018403",371836,2025-09-24 21:40:59,33.6017150878906,-7.60518741607666,"Male"
"6018403",371836,2025-09-24 21:50:58,33.6001586914062,-7.60636901855469,"Male"
"6018403",371836,2025-09-24 22:01:13,33.6000556945801,-7.60648441314697,"Male"
"6018403",371836,2025-09-24 22:11:00,33.6001281738281,-7.60657596588135,"Male"
"6018403",371836,2025-09-24 22:21:04,33.6000709533691,-7.60633420944214,"Male"
"6018403",371836,2025-09-24 22:31:06,33.6000556945801,-7.60619831085205,"Male"
"6018403",371836,2025-09-24 22:41:00,33.6002197265625,-7.60671806335449,"Male"
"6018403",371836,2025-09-24 22:51:03,33.6002311706543,-7.60660171508789,"Male"
"6018403",371836,2025-09-24 23:01:06,33.6002082824707,-7.60666418075562,"Male"
"6018403",371836,2025-09-24 23:11:04,33.6002311706543,-7.60643100738525,"Male"
"6018403",371836,2025-09-24 23:21:15,33.6000022888184,-7.60647869110107,"Male"
"6018403",371836,2025-09-24 23:31:06,33.6000175476074,-7.60646438598633,"Male"
"6018403",371836,2025-09-24 23:41:04,33.6000747680664,-7.60636806488037,"Male"
"6018403",371836,2025-09-24 23:51:15,33.599739074707,-7.60576677322388,"Male"
"6018403",371836,2025-09-25 00:01:01,33.6004791259766,-7.60682773590088,"Male"
"6018403",371836,2025-09-25 00:10:59,33.6007614135742,-7.60674858093262,"Male"
"6018403",371836,2025-09-25 00:20:58,33.6007537841797,-7.60699033737183,"Male"
"6018403",371836,2025-09-25 00:31:00,33.6003227233887,-7.60666370391846,"Male"
"6018403",371836,2025-09-25 00:41:06,33.6004028320312,-7.60687685012817,"Male"
"6018403",371836,2025-09-25 00:51:14,33.6003761291504,-7.60724401473999,"Male"
"6018403",371836,2025-09-25 01:01:16,33.6001358032227,-7.60614395141602,"Male"
"6018403",371836,2025-09-25 01:11:07,33.6005935668945,-7.60686540603638,"Male"
"6018403",371836,2025-09-25 01:21:06,33.6003112792969,-7.60629224777222,"Male"
"6018403",371836,2025-09-25 01:31:09,33.600284576416,-7.60611438751221,"Male"
"6018403",371836,2025-09-25 01:41:06,33.599925994873,-7.60617733001709,"Male"
"6018403",371836,2025-09-25 01:51:35,33.6001968383789,-7.60635137557983,"Male"
"6018403",371836,2025-09-25 02:01:10,33.6001167297363,-7.60634899139404,"Male"
"6018403",371836,2025-09-25 02:10:57,33.5984268188477,-7.61035633087158,"Male"
"6018403",371836,2025-09-25 02:21:00,33.5996627807617,-7.6066198348999,"Male"
"6018403",371836,2025-09-25 02:30:59,33.6001434326172,-7.6064863204956,"Male"
"6018403",371836,2025-09-25 02:41:00,33.600025177002,-7.60651445388794,"Male"
"6018403",371836,2025-09-25 02:51:01,33.6002998352051,-7.60647869110107,"Male"
"6018403",371836,2025-09-25 03:01:09,33.6005859375,-7.60629320144653,"Male"
"6018403",371836,2025-09-25 03:11:13,33.6001434326172,-7.606520652771,"Male"
"6018403",371836,2025-09-25 03:21:03,33.5999374389648,-7.60650205612183,"Male"
"6018403",371836,2025-09-25 03:31:01,33.5999908447266,-7.60645484924316,"Male"
"6018403",371836,2025-09-25 03:40:58,33.6002349853516,-7.60617876052856,"Male"
"6018403",371836,2025-09-25 03:51:14,33.6004257202148,-7.60612201690674,"Male"
"6018403",371836,2025-09-25 04:00:59,33.5998001098633,-7.60647106170654,"Male"
"6018403",371836,2025-09-25 04:10:59,33.5998954772949,-7.6064133644104,"Male"
"6018403",371836,2025-09-25 04:20:58,33.5996780395508,-7.6064600944519,"Male"
"6018403",371836,2025-09-25 04:30:58,33.5995635986328,-7.60622692108154,"Male"
"6018403",371836,2025-09-25 04:41:00,33.5996513366699,-7.60612392425537,"Male"
"6018403",371836,2025-09-25 04:51:06,33.5994720458984,-7.606201171875,"Male"
"6018403",371836,2025-09-25 05:01:12,33.600456237793,-7.60593795776367,"Male"
"6018403",371836,2025-09-25 05:10:59,33.6001205444336,-7.60615634918213,"Male"
"6018403",371836,2025-09-25 05:20:59,33.6001586914062,-7.60612106323242,"Male"
"6018403",371836,2025-09-25 05:31:03,33.6006393432617,-7.60603713989258,"Male"
"6018403",371836,2025-09-25 05:41:06,33.6000785827637,-7.60619640350342,"Male"
"6018403",371836,2025-09-25 05:51:00,33.6004333496094,-7.60634756088257,"Male"
"6018403",371836,2025-09-25 06:00:59,33.6001358032227,-7.60615205764771,"Male"
"6018403",371836,2025-09-25 06:11:04,33.6001052856445,-7.60615110397339,"Male"
"6018403",371836,2025-09-25 06:21:03,33.6000022888184,-7.60626840591431,"Male"
"6018403",371836,2025-09-25 06:31:06,33.6000785827637,-7.60622835159302,"Male"
"6018403",371836,2025-09-25 06:40:59,33.5995025634766,-7.60645055770874,"Male"
"6018403",371836,2025-09-25 06:51:04,33.6000900268555,-7.60626316070557,"Male"
"6018403",371836,2025-09-25 07:01:01,33.5999412536621,-7.60629558563232,"Male"
"6018403",371836,2025-09-25 07:11:06,33.6000671386719,-7.60623693466187,"Male"
"6018403",371836,2025-09-25 07:21:06,33.5999755859375,-7.60636234283447,"Male"
"6018403",371836,2025-09-25 07:31:06,33.5998840332031,-7.60606050491333,"Male"
"6018403",371836,2025-09-25 07:41:33,33.5995063781738,-7.60610008239746,"Male"
"6018403",371836,2025-09-25 07:51:06,33.5994415283203,-7.6061053276062,"Male"
"6018403",371836,2025-09-25 08:01:06,33.5850486755371,-7.6039891242981,"Male"
"6018403",371836,2025-09-25 08:11:04,33.5849304199219,-7.6038818359375,"Male"
"6018403",371836,2025-09-25 08:21:01,33.5849876403809,-7.60389852523804,"Male"
"6018403",371836,2025-09-25 08:31:00,33.5847434997559,-7.60366249084473,"Male"
"6018403",371836,2025-09-25 08:41:04,33.5843353271484,-7.6041259765625,"Male"
"6018403",371836,2025-09-25 08:50:59,33.5843849182129,-7.60407733917236,"Male"
"6018403",371836,2025-09-25 09:01:03,33.584415435791,-7.604079246521,"Male"
"6018403",371836,2025-09-25 09:11:01,33.5844039916992,-7.60416603088379,"Male"
"6018403",371836,2025-09-25 09:20:59,33.5750694274902,-7.5912971496582,"Male"
"6018403",371836,2025-09-25 09:31:00,33.5798149108887,-7.56151485443115,"Male"
"6018403",371836,2025-09-25 09:41:00,33.5798568725586,-7.56152772903442,"Male"
"6018403",371836,2025-09-25 09:50:59,33.5800819396973,-7.56151103973389,"Male"
"6018403",371836,2025-09-25 10:01:03,33.5799674987793,-7.56157875061035,"Male"
"6018403",371836,2025-09-25 10:11:12,33.5798721313477,-7.5616021156311,"Male"
"6018403",371836,2025-09-25 10:21:06,33.5799446105957,-7.56165409088135,"Male"
"6018403",371836,2025-09-25 10:31:06,33.5798568725586,-7.56189060211182,"Male"
"6018403",371836,2025-09-25 10:40:59,33.5800704956055,-7.56168556213379,"Male"
"6018403",371836,2025-09-25 10:51:00,33.5797119140625,-7.56180572509766,"Male"
"6018403",371836,2025-09-25 11:00:59,33.5798568725586,-7.56212615966797,"Male"
"6018403",371836,2025-09-25 11:11:10,33.580150604248,-7.56174850463867,"Male"
"6018403",371836,2025-09-25 11:20:58,33.5799140930176,-7.56168079376221,"Male"
"6018403",371836,2025-09-25 11:31:05,33.5796051025391,-7.56160306930542,"Male"
"6018403",371836,2025-09-25 11:41:04,33.5795516967773,-7.56145524978638,"Male"
"6018403",371836,2025-09-25 11:51:00,33.5760612487793,-7.56400871276855,"Male"
"6018403",371836,2025-09-25 12:01:05,33.5763473510742,-7.56389904022217,"Male"
"6018403",371836,2025-09-25 12:11:04,33.5762901306152,-7.56372737884521,"Male"
"6018403",371836,2025-09-25 12:21:01,33.5761451721191,-7.56387853622437,"Male"
"6018403",371836,2025-09-25 12:30:59,33.5765686035156,-7.56436491012573,"Male"
"6018403",371836,2025-09-25 12:40:58,33.5666427612305,-7.57318067550659,"Male"
"6018403",371836,2025-09-25 12:50:58,33.5594062805176,-7.57602596282959,"Male"
"6018403",371836,2025-09-25 13:00:58,33.5594863891602,-7.57575368881226,"Male"
"6018403",371836,2025-09-25 13:11:00,33.5595359802246,-7.57573413848877,"Male"
"6018403",371836,2025-09-25 13:20:59,33.5596694946289,-7.57580471038818,"Male"
"6018403",371836,2025-09-25 13:30:58,33.559684753418,-7.57575988769531,"Male"
"6018403",371836,2025-09-25 13:40:58,33.5596961975098,-7.5758228302002,"Male"
"6018403",371836,2025-09-25 13:50:58,33.5408973693848,-7.56461954116821,"Male"
"6018403",371836,2025-09-25 14:01:00,33.4797630310059,-7.54196405410767,"Male"
"6018403",371836,2025-09-25 14:10:59,33.479923248291,-7.54200458526611,"Male"
"6018403",371836,2025-09-25 14:21:01,33.4798431396484,-7.54219484329224,"Male"
"6018403",371836,2025-09-25 14:30:59,33.4798736572266,-7.54217910766602,"Male"
"6018403",371836,2025-09-25 14:41:01,33.4790916442871,-7.54273176193237,"Male"
"6018403",371836,2025-09-25 14:51:01,33.4794921875,-7.54372787475586,"Male"
"6018403",371836,2025-09-25 15:01:00,33.4795837402344,-7.54368782043457,"Male"
"6018403",371836,2025-09-25 15:11:01,33.4792137145996,-7.5430645942688,"Male"
"6018403",371836,2025-09-25 15:21:03,33.4790115356445,-7.54295444488525,"Male"
"6018403",371836,2025-09-25 15:30:59,33.4795570373535,-7.54155302047729,"Male"
"6018403",371836,2025-09-25 15:40:59,33.4795379638672,-7.54165649414062,"Male"
"6018403",371836,2025-09-25 15:50:59,33.4796180725098,-7.54204559326172,"Male"
"6018403",371836,2025-09-25 16:00:58,33.4852104187012,-7.54497528076172,"Male"
"6018403",371836,2025-09-25 16:10:59,33.4800682067871,-7.54128074645996,"Male"
"6018403",371836,2025-09-25 16:21:00,33.4800109863281,-7.54139137268066,"Male"
"6018403",371836,2025-09-25 16:30:58,33.4799842834473,-7.54183912277222,"Male"
"6018403",371836,2025-09-25 16:40:58,33.4896430969238,-7.52349472045898,"Male"
"6018403",371836,2025-09-25 16:50:58,33.4718055725098,-7.46983957290649,"Male"
"6018403",371836,2025-09-25 17:00:59,33.4903869628906,-7.40146684646606,"Male"
"6018403",371836,2025-09-25 17:10:59,33.4965934753418,-7.33411264419556,"Male"
"6018403",371836,2025-09-25 17:20:58,33.4980659484863,-7.32945156097412,"Male"
"6018403",371836,2025-09-25 17:30:59,33.4913635253906,-7.35279941558838,"Male"
"6018403",371836,2025-09-25 17:40:59,33.5032958984375,-7.38943195343018,"Male"
"6018403",371836,2025-09-25 17:50:59,33.522403717041,-7.42794704437256,"Male"
"6018403",371836,2025-09-25 18:00:58,33.5396575927734,-7.47131109237671,"Male"
"6018403",371836,2025-09-25 18:10:58,33.5584869384766,-7.51129531860352,"Male"
"6018403",371836,2025-09-25 18:20:59,33.5707778930664,-7.55743885040283,"Male"
"6018403",371836,2025-09-25 18:30:59,33.5947532653809,-7.59817981719971,"Male"
"6018403",371836,2025-09-25 18:41:05,33.5997657775879,-7.60611200332642,"Male"
"6018403",371836,2025-09-25 18:51:00,33.5996742248535,-7.60621547698975,"Male"
"6018403",371836,2025-09-25 19:01:04,33.5997123718262,-7.60626554489136,"Male"
"6018403",371836,2025-09-25 19:10:59,33.5997581481934,-7.60627031326294,"Male"
"6018403",371836,2025-09-25 19:21:35,33.5993194580078,-7.60644340515137,"Male"
"6018403",371836,2025-09-25 19:31:03,33.5998077392578,-7.60606575012207,"Male"
"6018403",371836,2025-09-25 19:40:59,33.599781036377,-7.6060848236084,"Male"
"6018403",371836,2025-09-25 19:51:01,33.5998306274414,-7.60613441467285,"Male"
"6018403",371836,2025-09-25 20:01:01,33.5997161865234,-7.60626125335693,"Male"
"6018403",371836,2025-09-25 20:10:59,33.5998039245605,-7.60620641708374,"Male"
"6018403",371836,2025-09-25 20:21:00,33.5997734069824,-7.60633182525635,"Male"
"6018403",371836,2025-09-25 20:31:03,33.5998115539551,-7.60613489151001,"Male"
"6018403",371836,2025-09-25 20:41:01,33.5998764038086,-7.60606956481934,"Male"
"6018403",371836,2025-09-25 20:50:59,33.5997543334961,-7.60639095306396,"Male"
"6018403",371836,2025-09-25 21:00:59,33.5997314453125,-7.60642910003662,"Male"
"6018403",371836,2025-09-25 21:11:11,33.5995407104492,-7.60601425170898,"Male"
"6018403",371836,2025-09-25 21:21:03,33.5996475219727,-7.60614395141602,"Male"
"6018403",371836,2025-09-25 21:30:59,33.5997505187988,-7.6062331199646,"Male"
"6018403",371836,2025-09-25 21:41:01,33.5998687744141,-7.60617971420288,"Male"
"6018403",371836,2025-09-25 21:51:08,33.5999450683594,-7.60636377334595,"Male"
"6018403",371836,2025-09-25 22:01:04,33.5998115539551,-7.60628032684326,"Male"
"6018403",371836,2025-09-25 22:11:06,33.5997657775879,-7.60628461837769,"Male"
"6018403",371836,2025-09-25 22:21:09,33.5995292663574,-7.60628128051758,"Male"
"6018403",371836,2025-09-25 22:31:14,33.5995140075684,-7.60604953765869,"Male"
"6018403",371836,2025-09-25 22:41:01,33.5994720458984,-7.6061840057373,"Male"
"6018403",371836,2025-09-25 22:51:01,33.5996017456055,-7.60582256317139,"Male"
"6018403",371836,2025-09-25 23:00:59,33.5996170043945,-7.60590553283691,"Male"
"6018403",371836,2025-09-25 23:11:04,33.5997047424316,-7.60608768463135,"Male"
"6018403",371836,2025-09-25 23:21:00,33.5994033813477,-7.60542726516724,"Male"
"6018403",371836,2025-09-25 23:30:58,33.5996246337891,-7.60577201843262,"Male"
"6018403",371836,2025-09-25 23:40:58,33.6000099182129,-7.60624837875366,"Male"
"6018403",371836,2025-09-25 23:51:00,33.5999298095703,-7.60622310638428,"Male"
"6018403",371836,2025-09-26 00:01:00,33.6000022888184,-7.60619831085205,"Male"
"6018403",371836,2025-09-26 00:11:00,33.5994453430176,-7.60531854629517,"Male"
"6018403",371836,2025-09-26 00:21:08,33.6001052856445,-7.60651731491089,"Male"
"6018403",371836,2025-09-26 00:31:04,33.5998573303223,-7.60667037963867,"Male"
"6018403",371836,2025-09-26 00:41:07,33.6001319885254,-7.60593128204346,"Male"
"6018403",371836,2025-09-26 00:50:59,33.5993576049805,-7.60825347900391,"Male"
"6018403",371836,2025-09-26 01:00:59,33.5998687744141,-7.60696363449097,"Male"
"6018403",371836,2025-09-26 01:11:04,33.6001815795898,-7.60605382919312,"Male"
"6018403",371836,2025-09-26 01:21:05,33.6001434326172,-7.60608100891113,"Male"
"6018403",371836,2025-09-26 01:31:01,33.6022300720215,-7.60439109802246,"Male"
"6018403",371836,2025-09-26 01:41:06,33.6014633178711,-7.60536193847656,"Male"
"6018403",371836,2025-09-26 01:51:06,33.6013259887695,-7.60533332824707,"Male"
"6018403",371836,2025-09-26 02:01:14,33.5997314453125,-7.60631895065308,"Male"
"6018403",371836,2025-09-26 02:10:59,33.5999755859375,-7.60654830932617,"Male"
"6018403",371836,2025-09-26 02:21:09,33.5991363525391,-7.60689926147461,"Male"
"6018403",371836,2025-09-26 02:31:01,33.6002044677734,-7.60674333572388,"Male"
"6018403",371836,2025-09-26 02:41:03,33.6000709533691,-7.60676860809326,"Male"
"6018403",371836,2025-09-26 02:51:14,33.6003723144531,-7.60654640197754,"Male"
"6018403",371836,2025-09-26 03:01:00,33.6003532409668,-7.6066427230835,"Male"
"6018403",371836,2025-09-26 03:11:01,33.6000328063965,-7.60660552978516,"Male"
"6018403",371836,2025-09-26 03:21:06,33.5998497009277,-7.60642719268799,"Male"
"6018403",371836,2025-09-26 03:31:06,33.599796295166,-7.60635375976562,"Male"
"6018403",371836,2025-09-26 03:41:05,33.5998001098633,-7.60635805130005,"Male"
"6018403",371836,2025-09-26 03:51:06,33.5996971130371,-7.60637426376343,"Male"
"6018403",371836,2025-09-26 04:01:03,33.5997619628906,-7.60626220703125,"Male"
"6018403",371836,2025-09-26 04:11:05,33.5998840332031,-7.60620212554932,"Male"
"6018403",371836,2025-09-26 04:21:06,33.6000595092773,-7.60595369338989,"Male"
"6018403",371836,2025-09-26 04:31:06,33.5984840393066,-7.60548686981201,"Male"
"6018403",371836,2025-09-26 04:41:30,33.5981254577637,-7.60577869415283,"Male"
"6018403",371836,2025-09-26 04:51:06,33.6014404296875,-7.60583019256592,"Male"
"6018403",371836,2025-09-26 05:01:06,33.5999946594238,-7.6057448387146,"Male"
"6018403",371836,2025-09-26 05:11:06,33.6002883911133,-7.60571050643921,"Male"
"6018403",371836,2025-09-26 05:21:05,33.5998573303223,-7.60569667816162,"Male"
"6018403",371836,2025-09-26 05:31:04,33.5998306274414,-7.60570049285889,"Male"
"6018403",371836,2025-09-26 05:41:00,33.5999717712402,-7.60606002807617,"Male"
"6018403",371836,2025-09-26 05:51:00,33.5999603271484,-7.60599899291992,"Male"
"6018403",371836,2025-09-26 06:01:35,33.5977668762207,-7.61651515960693,"Male"
"6018403",371836,2025-09-26 06:10:57,33.5998687744141,-7.6677074432373,"Male"
"6018403",371836,2025-09-26 06:20:58,33.6021308898926,-7.65785217285156,"Male"
"6018403",371836,2025-09-26 06:30:58,33.5979156494141,-7.63826036453247,"Male"
"6018403",371836,2025-09-26 06:40:58,33.5979385375977,-7.63818836212158,"Male"
"6018403",371836,2025-09-26 06:51:00,33.5978546142578,-7.63817930221558,"Male"
"6018403",371836,2025-09-26 07:00:59,33.5978355407715,-7.63818502426147,"Male"
"6018403",371836,2025-09-26 07:10:59,33.5979194641113,-7.63816738128662,"Male"
"6018403",371836,2025-09-26 07:21:03,33.5978927612305,-7.63820886611938,"Male"
"6018403",371836,2025-09-26 07:30:57,33.5979423522949,-7.63742828369141,"Male"
"6018403",371836,2025-09-26 07:41:03,33.597843170166,-7.6381664276123,"Male"
"6018403",371836,2025-09-26 07:51:00,33.5978584289551,-7.63757991790771,"Male"
"6018403",371836,2025-09-26 08:01:01,33.5978469848633,-7.63816356658935,"Male"
"6018403",371836,2025-09-26 08:11:00,33.5977096557617,-7.6382360458374,"Male"
"6018403",371836,2025-09-26 08:21:00,33.5976524353027,-7.63772916793823,"Male"
"6018403",371836,2025-09-26 08:30:59,33.5976333618164,-7.63780355453491,"Male"
"6018403",371836,2025-09-26 08:40:59,33.597713470459,-7.63810062408447,"Male"
"6018403",371836,2025-09-26 08:50:59,33.5976829528809,-7.63798189163208,"Male"
"6018403",371836,2025-09-26 09:01:04,33.5977554321289,-7.63794660568237,"Male"
"6018403",371836,2025-09-26 09:10:58,33.5977172851562,-7.63807487487793,"Male"
"6018403",371836,2025-09-26 09:21:00,33.5977973937988,-7.63833856582642,"Male"
"6018403",371836,2025-09-26 09:31:08,33.597484588623,-7.63958072662354,"Male"
"6018403",371836,2025-09-26 09:41:05,33.597541809082,-7.63954448699951,"Male"
"6018403",371836,2025-09-26 09:51:06,33.597541809082,-7.63941955566406,"Male"
"6018403",371836,2025-09-26 10:01:06,33.5975608825684,-7.63945436477661,"Male"
"6018403",371836,2025-09-26 10:11:12,33.5972366333008,-7.63984298706055,"Male"
"6018403",371836,2025-09-26 10:21:04,33.597225189209,-7.63974523544312,"Male"
"6018403",371836,2025-09-26 10:31:09,33.5973663330078,-7.63983201980591,"Male"
"6018403",371836,2025-09-26 10:41:23,33.5982360839844,-7.6406192779541,"Male"
"6018403",371836,2025-09-26 10:51:12,33.598316192627,-7.64066696166992,"Male"
"6018403",371836,2025-09-26 11:01:06,33.5979118347168,-7.64079761505127,"Male"
"6018403",371836,2025-09-26 11:11:03,33.5985984802246,-7.64066743850708,"Male"
"6018403",371836,2025-09-26 11:21:08,33.5979309082031,-7.64066123962402,"Male"
"6018403",371836,2025-09-26 11:31:14,33.59814453125,-7.64078092575073,"Male"
"6018403",371836,2025-09-26 11:40:59,33.5981903076172,-7.64101791381836,"Male"
"6018403",371836,2025-09-26 11:51:01,33.598518371582,-7.64061975479126,"Male"
"6018403",371836,2025-09-26 12:01:01,33.5983810424805,-7.64060974121094,"Male"
"6018403",371836,2025-09-26 12:11:04,33.5985145568848,-7.64080047607422,"Male"
"6018403",371836,2025-09-26 12:21:10,33.5983123779297,-7.64122104644775,"Male"
"6018403",371836,2025-09-26 12:31:14,33.5984344482422,-7.64082527160645,"Male"
"6018403",371836,2025-09-26 12:41:00,33.5984039306641,-7.64093971252441,"Male"
"6018403",371836,2025-09-26 12:51:02,33.5985832214355,-7.64099264144897,"Male"
"6018403",371836,2025-09-26 13:01:06,33.5978622436523,-7.64004993438721,"Male"
"6018403",371836,2025-09-26 13:11:05,33.5975379943848,-7.63985300064087,"Male"
"6018403",371836,2025-09-26 13:21:22,33.5978584289551,-7.63993883132935,"Male"
"6018403",371836,2025-09-26 13:31:14,33.5974349975586,-7.6397500038147,"Male"
"6018403",371836,2025-09-26 13:41:02,33.5976715087891,-7.640221118927,"Male"
"6018403",371836,2025-09-26 13:51:08,33.5974960327148,-7.64019393920898,"Male"
"6018403",371836,2025-09-26 14:01:00,33.5977439880371,-7.63998222351074,"Male"
"6018403",371836,2025-09-26 14:11:13,33.5975952148438,-7.64009857177734,"Male"
"6018403",371836,2025-09-26 14:21:25,33.5976142883301,-7.6399998664856,"Male"
"6018403",371836,2025-09-26 14:30:59,33.5976676940918,-7.63991975784302,"Male"
"6018403",371836,2025-09-26 14:40:59,33.5972938537598,-7.63939666748047,"Male"
"6018403",371836,2025-09-26 14:51:01,33.5968627929688,-7.63867807388306,"Male"
"6018403",371836,2025-09-26 15:01:02,33.5977172851562,-7.64020538330078,"Male"
"6018403",371836,2025-09-26 15:11:01,33.597843170166,-7.64032220840454,"Male"
"6018403",371836,2025-09-26 15:20:59,33.5977821350098,-7.64034605026245,"Male"
"6018403",371836,2025-09-26 15:31:23,33.5976943969727,-7.64016580581665,"Male"
"6018403",371836,2025-09-26 15:41:09,33.5778388977051,-7.60897922515869,"Male"
"6018403",371836,2025-09-26 15:51:08,33.5365257263184,-7.57317686080933,"Male"
"6018403",371836,2025-09-26 16:01:07,33.4804954528809,-7.54107141494751,"Male"
"6018403",371836,2025-09-26 16:11:04,33.4795417785645,-7.54176092147827,"Male"
"6018403",371836,2025-09-26 16:21:07,33.4802017211914,-7.54104948043823,"Male"
"6018403",371836,2025-09-26 16:31:07,33.4800415039062,-7.54109764099121,"Male"
"6018403",371836,2025-09-26 16:41:02,33.479850769043,-7.54128885269165,"Male"
"6018403",371836,2025-09-26 16:51:05,33.4798355102539,-7.54140090942383,"Male"
"6018403",371836,2025-09-26 17:01:25,33.4795951843262,-7.5416841506958,"Male"
"6018403",371836,2025-09-26 17:11:08,33.4794998168945,-7.54012870788574,"Male"
"6018403",371836,2025-09-26 17:21:05,33.4797821044922,-7.5403265953064,"Male"
"6018403",371836,2025-09-26 17:31:06,33.4798316955566,-7.54034328460693,"Male"
"6018403",371836,2025-09-26 17:41:00,33.4793586730957,-7.54162120819092,"Male"
"6018403",371836,2025-09-26 17:51:02,33.479679107666,-7.54121494293213,"Male"
"6018403",371836,2025-09-26 18:01:00,33.4794082641602,-7.54218196868896,"Male"
"6018403",371836,2025-09-26 18:11:01,33.4794731140137,-7.54074764251709,"Male"
"6018403",371836,2025-09-26 18:21:02,33.4846038818359,-7.54519462585449,"Male"
"6018403",371836,2025-09-26 18:31:10,33.5260620117188,-7.56674861907959,"Male"
"6018403",371836,2025-09-26 18:41:03,33.5754127502441,-7.58214950561523,"Male"
"6018403",371836,2025-09-26 18:51:09,33.6017417907715,-7.60565042495728,"Male"
"6018403",371836,2025-09-26 19:01:08,33.6018142700195,-7.60587501525879,"Male"
"6018403",371836,2025-09-26 19:11:14,33.6020622253418,-7.60567235946655,"Male"
"6018403",371836,2025-09-26 19:21:07,33.6025199890137,-7.60604238510132,"Male"
"6018403",371836,2025-09-26 19:31:09,33.6027984619141,-7.60551881790161,"Male"
"6018403",371836,2025-09-26 19:41:00,33.6029739379883,-7.60533332824707,"Male"
"6018403",371836,2025-09-26 19:51:35,33.6023635864258,-7.60705041885376,"Male"
"6018403",371836,2025-09-26 20:01:01,33.6021575927734,-7.60537719726562,"Male"
"6018403",371836,2025-09-26 20:11:02,33.6021842956543,-7.60575771331787,"Male"
"6018403",371836,2025-09-26 20:21:08,33.6025390625,-7.60573434829712,"Male"
"6018403",371836,2025-09-26 20:31:07,33.6031036376953,-7.60570621490479,"Male"
"6018403",371836,2025-09-26 20:41:07,33.6030616760254,-7.60569381713867,"Male"
"6018403",371836,2025-09-26 20:51:10,33.6023750305176,-7.6055908203125,"Male"
"6018403",371836,2025-09-26 21:01:14,33.601921081543,-7.60567426681519,"Male"
"6018403",371836,2025-09-26 21:11:00,33.6024627685547,-7.60519075393677,"Male"
"6018403",371836,2025-09-26 21:21:04,33.6017799377441,-7.60564136505127,"Male"
"6018403",371836,2025-09-26 21:31:00,33.6016273498535,-7.60581398010254,"Male"
"6018403",371836,2025-09-26 21:41:10,33.6017646789551,-7.60561847686768,"Male"
"6018403",371836,2025-09-26 21:51:14,33.6019630432129,-7.60552310943604,"Male"
"6018403",371836,2025-09-26 22:01:06,33.6013984680176,-7.60557460784912,"Male"
"6018403",371836,2025-09-26 22:11:07,33.6018600463867,-7.60544157028198,"Male"
"6018403",371836,2025-09-26 22:21:07,33.602123260498,-7.60558795928955,"Male"
"6018403",371836,2025-09-26 22:31:07,33.6019172668457,-7.60567140579224,"Male"
"6018403",371836,2025-09-26 22:41:08,33.6020698547363,-7.6055269241333,"Male"
"6018403",371836,2025-09-26 22:51:36,33.6019325256348,-7.60568284988403,"Male"
"6018403",371836,2025-09-26 23:01:00,33.6020545959473,-7.60553979873657,"Male"
"6018403",371836,2025-09-26 23:11:05,33.6018600463867,-7.60555791854858,"Male"
"6018403",371836,2025-09-26 23:20:59,33.6021385192871,-7.60522174835205,"Male"
"6018403",371836,2025-09-26 23:31:00,33.602123260498,-7.60561943054199,"Male"
"6018403",371836,2025-09-26 23:41:00,33.6020164489746,-7.60561752319336,"Male"
"6018403",371836,2025-09-26 23:51:01,33.6023139953613,-7.60552787780762,"Male"
"6018403",371836,2025-09-27 00:00:59,33.6025123596191,-7.60551929473877,"Male"
"6018403",371836,2025-09-27 00:10:59,33.6025085449219,-7.60561752319336,"Male"
"6018403",371836,2025-09-27 00:20:59,33.6022644042969,-7.60569286346435,"Male"
"6018403",371836,2025-09-27 00:31:00,33.6019325256348,-7.60593032836914,"Male"
"6018403",371836,2025-09-27 00:40:59,33.6019973754883,-7.60580730438232,"Male"
"6018403",371836,2025-09-27 00:50:59,33.6020736694336,-7.60577821731567,"Male"
"6018403",371836,2025-09-27 01:01:00,33.6021270751953,-7.60586309432983,"Male"
"6018403",371836,2025-09-27 01:10:59,33.6020698547363,-7.60588264465332,"Male"
"6018403",371836,2025-09-27 01:21:00,33.6020050048828,-7.60580635070801,"Male"
"6018403",371836,2025-09-27 01:31:29,33.6018676757812,-7.60574388504028,"Male"
"6018403",371836,2025-09-27 01:40:59,33.6019706726074,-7.6058931350708,"Male"
"6018403",371836,2025-09-27 01:50:59,33.6019287109375,-7.6058611869812,"Male"
"6018403",371836,2025-09-27 02:01:00,33.6019477844238,-7.60580921173096,"Male"
"6018403",371836,2025-09-27 02:11:06,33.6017303466797,-7.60571050643921,"Male"
"6018403",371836,2025-09-27 02:21:02,33.6018562316895,-7.60561609268188,"Male"
"6018403",371836,2025-09-27 02:31:00,33.6018028259277,-7.60546493530273,"Male"
"6018403",371836,2025-09-27 02:41:01,33.6020622253418,-7.60567617416382,"Male"
"6018403",371836,2025-09-27 02:51:01,33.6019325256348,-7.60546875,"Male"
"6018403",371836,2025-09-27 03:01:02,33.6020851135254,-7.60551786422729,"Male"
"6018403",371836,2025-09-27 03:11:08,33.6018981933594,-7.60550117492676,"Male"
"6018403",371836,2025-09-27 03:21:14,33.6020889282227,-7.60543584823608,"Male"
"6018403",371836,2025-09-27 03:31:05,33.6020202636719,-7.60543298721313,"Male"
"6018403",371836,2025-09-27 03:41:01,33.6018562316895,-7.60567951202393,"Male"
"6018403",371836,2025-09-27 04:01:35,33.6019325256348,-7.60530185699463,"Male"
"6018403",371836,2025-09-27 04:11:00,33.6018714904785,-7.6055269241333,"Male"
"6018403",371836,2025-09-27 04:21:00,33.6017417907715,-7.60596990585327,"Male"
"6018403",371836,2025-09-27 04:31:00,33.6018486022949,-7.60596179962158,"Male"
"6018403",371836,2025-09-27 04:41:02,33.6018714904785,-7.60577392578125,"Male"
"6018403",371836,2025-09-27 04:50:59,33.6019592285156,-7.60571336746216,"Male"
"6018403",371836,2025-09-27 05:01:00,33.6018295288086,-7.60577630996704,"Male"
"6018403",371836,2025-09-27 05:11:01,33.6018295288086,-7.60579681396484,"Male"
"6018403",371836,2025-09-27 05:21:14,33.6020469665527,-7.60564994812012,"Male"
"6018403",371836,2025-09-27 05:30:59,33.6018218994141,-7.6057243347168,"Male"
"6018403",371836,2025-09-27 05:40:59,33.6021308898926,-7.60581541061401,"Male"
"6018403",371836,2025-09-27 05:51:01,33.6019134521484,-7.6056113243103,"Male"
"6018403",371836,2025-09-27 06:02:05,33.5998344421387,-7.606125831604,"Male"
"6018403",371836,2025-09-27 06:10:58,33.5855102539062,-7.60392236709595,"Male"
"6018403",371836,2025-09-27 06:20:59,33.5855140686035,-7.60873985290527,"Male"
"6018403",371836,2025-09-27 06:31:01,33.5852241516113,-7.60880517959595,"Male"
"6018403",371836,2025-09-27 06:41:06,33.5854110717773,-7.60877752304077,"Male"
"6018403",371836,2025-09-27 06:51:01,33.5852584838867,-7.60871315002441,"Male"
"6018403",371836,2025-09-27 07:00:59,33.585376739502,-7.60866785049438,"Male"
"6018403",371836,2025-09-27 07:11:13,33.5853691101074,-7.60873508453369,"Male"
"6018403",371836,2025-09-27 07:20:59,33.5854148864746,-7.6087064743042,"Male"
"6018403",371836,2025-09-27 07:31:05,33.5835418701172,-7.60182094573975,"Male"
"6018403",371836,2025-09-27 07:41:19,33.5837173461914,-7.60202264785767,"Male"
"6018403",371836,2025-09-27 07:51:14,33.5842971801758,-7.6042366027832,"Male"
"6018403",371836,2025-09-27 08:01:08,33.5842819213867,-7.60454940795898,"Male"
"6018403",371836,2025-09-27 08:11:31,33.5842933654785,-7.60462665557861,"Male"
"6018403",371836,2025-09-27 08:21:06,33.5859375,-7.59827613830566,"Male"
"6018403",371836,2025-09-27 08:31:09,33.585807800293,-7.59839820861816,"Male"
"6018403",371836,2025-09-27 08:41:02,33.5858993530273,-7.59845399856567,"Male"
"6018403",371836,2025-09-27 08:51:02,33.5859413146973,-7.59844303131104,"Male"
"6018403",371836,2025-09-27 09:01:04,33.5859107971191,-7.59844636917114,"Male"
"6018403",371836,2025-09-27 09:11:01,33.5860443115234,-7.5986385345459,"Male"
"6018403",371836,2025-09-27 09:21:11,33.5859527587891,-7.59845638275146,"Male"
"6018403",371836,2025-09-27 09:31:01,33.5859146118164,-7.59858369827271,"Male"
"6018403",371836,2025-09-27 09:41:29,33.5859146118164,-7.59852981567383,"Male"
"6018403",371836,2025-09-27 09:51:00,33.5859642028809,-7.59840250015259,"Male"
"6018403",371836,2025-09-27 10:01:00,33.5867614746094,-7.59095573425293,"Male"
"6018403",371836,2025-09-27 10:11:07,33.588436126709,-7.58483743667603,"Male"
"6018403",371836,2025-09-27 10:21:06,33.5851211547852,-7.58421754837036,"Male"
"6018403",371836,2025-09-27 10:31:14,33.5512084960938,-7.55340576171875,"Male"
"6018403",371836,2025-09-27 10:41:09,33.5481262207031,-7.54981088638306,"Male"
"6018403",371836,2025-09-27 10:50:59,33.5423698425293,-7.54276943206787,"Male"
"6018403",371836,2025-09-27 11:01:00,33.5013694763184,-7.54375457763672,"Male"
"6018403",371836,2025-09-27 11:11:09,33.4799346923828,-7.54148197174072,"Male"
"6018403",371836,2025-09-27 11:21:10,33.4797096252441,-7.54189014434815,"Male"
"6018403",371836,2025-09-27 11:31:02,33.4799919128418,-7.54137372970581,"Male"
"6018403",371836,2025-09-27 11:41:05,33.479850769043,-7.54145812988281,"Male"
"6018403",371836,2025-09-27 11:51:14,33.4801063537598,-7.54129886627197,"Male"
"6018403",371836,2025-09-27 12:00:59,33.4789657592773,-7.54290246963501,"Male"
"6018403",371836,2025-09-27 12:11:00,33.480339050293,-7.54169940948486,"Male"
"6018403",371836,2025-09-27 12:21:03,33.4797515869141,-7.54223823547363,"Male"
"6018403",371836,2025-09-27 12:31:03,33.4799613952637,-7.54215621948242,"Male"
"6018403",371836,2025-09-27 12:41:53,33.4794311523438,-7.54238700866699,"Male"
"6018403",371836,2025-09-27 12:50:59,33.490966796875,-7.54292297363281,"Male"
"6018403",371836,2025-09-27 13:00:59,33.4791107177734,-7.54262924194336,"Male"
"6018403",371836,2025-09-27 13:11:04,33.4791946411133,-7.54250812530518,"Male"
"6018403",371836,2025-09-27 13:20:59,33.4788055419922,-7.54279136657715,"Male"
"6018403",371836,2025-09-27 13:30:59,33.4789848327637,-7.54263925552368,"Male"
"6018403",371836,2025-09-27 13:41:00,33.47998046875,-7.54152393341065,"Male"
"6018403",371836,2025-09-27 13:51:01,33.4791412353516,-7.5426435470581,"Male"
"6018403",371836,2025-09-27 14:01:01,33.4792404174805,-7.54272937774658,"Male"
"6018403",371836,2025-09-27 14:10:59,33.4791221618652,-7.54246044158935,"Male"
"6018403",371836,2025-09-27 14:20:59,33.4791412353516,-7.54252099990845,"Male"
"6018403",371836,2025-09-27 14:31:02,33.4807357788086,-7.54127502441406,"Male"
"6018403",371836,2025-09-27 14:41:03,33.4811248779297,-7.54213953018188,"Male"
"6018403",371836,2025-09-27 14:51:02,33.4807472229004,-7.54130697250366,"Male"
"6018403",371836,2025-09-27 15:01:00,33.4809265136719,-7.54114437103271,"Male"
"6018403",371836,2025-09-27 15:11:00,33.4809799194336,-7.54154396057129,"Male"
"6018403",371836,2025-09-27 15:21:05,33.4829330444336,-7.54114055633545,"Male"
"6018403",371836,2025-09-27 15:30:59,33.4847183227539,-7.54207420349121,"Male"
"6018403",371836,2025-09-27 15:41:06,33.479679107666,-7.54033374786377,"Male"
"6018403",371836,2025-09-27 15:51:04,33.4800300598145,-7.54093790054321,"Male"
"6018403",371836,2025-09-27 16:01:00,33.4807395935059,-7.53988265991211,"Male"
"6018403",371836,2025-09-27 16:11:04,33.4804611206055,-7.54102897644043,"Male"
"6018403",371836,2025-09-27 16:21:00,33.4812660217285,-7.54047966003418,"Male"
"6018403",371836,2025-09-27 16:31:06,33.4808921813965,-7.54112339019775,"Male"
"6018403",371836,2025-09-27 16:41:01,33.4954872131348,-7.54148101806641,"Male"
"6018403",371836,2025-09-27 16:50:59,33.5298080444336,-7.55165386199951,"Male"
"6018403",371836,2025-09-27 17:01:29,33.5715789794922,-7.57445669174194,"Male"
"6018403",371836,2025-09-27 17:11:00,33.5951347351074,-7.57398223876953,"Male"
"6018403",371836,2025-09-27 17:21:06,33.5955276489258,-7.5740647315979,"Male"
"6018403",371836,2025-09-27 17:31:11,33.595458984375,-7.57410049438477,"Male"
"6018403",371836,2025-09-27 17:41:05,33.5958633422852,-7.57397317886353,"Male"
"6018403",371836,2025-09-27 17:51:14,33.5953140258789,-7.57431077957153,"Male"
"6018403",371836,2025-09-27 18:01:06,33.5970611572266,-7.57320213317871,"Male"
"6018403",371836,2025-09-27 18:11:09,33.596492767334,-7.60389995574951,"Male"
"6018403",371836,2025-09-27 18:21:07,33.6018180847168,-7.60172033309937,"Male"
"6018403",371836,2025-09-27 18:31:14,33.6015472412109,-7.60183048248291,"Male"
"6018403",371836,2025-09-27 18:41:01,33.6012725830078,-7.60201358795166,"Male"
"6018403",371836,2025-09-27 18:51:00,33.6012191772461,-7.60201263427734,"Male"
"6018403",371836,2025-09-27 19:01:04,33.6014099121094,-7.60189056396484,"Male"
"6018403",371836,2025-09-27 19:11:09,33.6014976501465,-7.60171842575073,"Male"
"6018403",371836,2025-09-27 19:21:59,33.6013565063477,-7.60192203521729,"Male"
"6018403",371836,2025-09-27 19:30:59,33.6013717651367,-7.60198307037354,"Male"
"6018403",371836,2025-09-27 19:40:59,33.6014747619629,-7.60204744338989,"Male"
"6018403",371836,2025-09-27 19:51:00,33.6013526916504,-7.60203075408935,"Male"
"6018403",371836,2025-09-27 20:01:00,33.6013984680176,-7.60203266143799,"Male"
"6018403",371836,2025-09-27 20:11:14,33.6013145446777,-7.60197734832764,"Male"
"6018403",371836,2025-09-27 20:20:59,33.6014251708984,-7.60201930999756,"Male"
"6018403",371836,2025-09-27 20:31:01,33.6013793945312,-7.60195684432983,"Male"
"6018403",371836,2025-09-27 20:41:06,33.6020088195801,-7.60571622848511,"Male"
"6018403",371836,2025-09-27 20:51:02,33.602123260498,-7.60582256317139,"Male"
"6018403",371836,2025-09-27 21:01:14,33.6019325256348,-7.60557079315185,"Male"
"6018403",371836,2025-09-27 21:11:04,33.6020469665527,-7.6056547164917,"Male"
"6018403",371836,2025-09-27 21:21:02,33.602222442627,-7.6047420501709,"Male"
"6018403",371836,2025-09-27 21:31:14,33.6020736694336,-7.60569953918457,"Male"
"6018403",371836,2025-09-27 21:41:07,33.6020660400391,-7.60575866699219,"Male"
"6018403",371836,2025-09-27 21:51:29,33.60205078125,-7.60575342178345,"Male"
"6018403",371836,2025-09-27 22:01:00,33.6014213562012,-7.60454893112183,"Male"
"6018403",371836,2025-09-27 22:11:29,33.6015319824219,-7.60667610168457,"Male"
"6018403",371836,2025-09-27 22:21:35,33.601749420166,-7.60644197463989,"Male"
"6018403",371836,2025-09-27 22:31:02,33.6020431518555,-7.60562372207642,"Male"
"6018403",371836,2025-09-27 22:41:02,33.6021347045898,-7.60553359985352,"Male"
"6018403",371836,2025-09-27 22:51:01,33.6019325256348,-7.60551977157593,"Male"
"6018403",371836,2025-09-27 23:01:01,33.6019325256348,-7.60554456710815,"Male"
"6018403",371836,2025-09-27 23:10:59,33.6019096374512,-7.60573816299438,"Male"
"6018403",371836,2025-09-27 23:21:14,33.6018981933594,-7.60574865341187,"Male"
"6018403",371836,2025-09-27 23:30:59,33.6020698547363,-7.60578536987305,"Male"
"6018403",371836,2025-09-27 23:41:01,33.6019439697266,-7.6058349609375,"Male"
"6018403",371836,2025-09-27 23:51:00,33.6017761230469,-7.60580205917358,"Male"
"6018403",371836,2025-09-28 00:01:00,33.6015739440918,-7.60575723648071,"Male"
"6018403",371836,2025-09-28 00:11:02,33.601936340332,-7.605628490448,"Male"
"6018403",371836,2025-09-28 00:21:02,33.6020393371582,-7.60550022125244,"Male"
"6018403",371836,2025-09-28 00:31:01,33.6021385192871,-7.60559749603271,"Male"
"6018403",371836,2025-09-28 00:41:00,33.6022529602051,-7.60563087463379,"Male"
"6018403",371836,2025-09-28 00:51:05,33.6021194458008,-7.60569667816162,"Male"
"6018403",371836,2025-09-28 01:01:00,33.6021537780762,-7.60565137863159,"Male"
"6018403",371836,2025-09-28 01:11:02,33.6021003723145,-7.60557222366333,"Male"
"6018403",371836,2025-09-28 01:21:02,33.602222442627,-7.60556030273438,"Male"
"6018403",371836,2025-09-28 01:31:02,33.6022682189941,-7.60562467575073,"Male"
"6018403",371836,2025-09-28 01:40:59,33.602165222168,-7.6056957244873,"Male"
"6018403",371836,2025-09-28 01:51:02,33.6020774841309,-7.60551929473877,"Male"
"6018403",371836,2025-09-28 02:00:59,33.6019325256348,-7.60559177398682,"Male"
"6018403",371836,2025-09-28 02:11:01,33.6019248962402,-7.6056752204895,"Male"
"6018403",371836,2025-09-28 02:20:59,33.6017951965332,-7.60564661026001,"Male"
"6018403",371836,2025-09-28 02:31:01,33.602237701416,-7.60580062866211,"Male"
"6018403",371836,2025-09-28 02:41:04,33.6019287109375,-7.6056718826294,"Male"
"6018403",371836,2025-09-28 02:51:02,33.6018371582031,-7.60567760467529,"Male"
"6018403",371836,2025-09-28 03:01:02,33.6018486022949,-7.60570859909058,"Male"
"6018403",371836,2025-09-28 03:11:02,33.6021537780762,-7.60549163818359,"Male"
"6018403",371836,2025-09-28 03:21:01,33.6017112731934,-7.60582780838013,"Male"
"6018403",371836,2025-09-28 03:31:00,33.6020202636719,-7.60572957992554,"Male"
"6018403",371836,2025-09-28 03:41:01,33.6017761230469,-7.6056604385376,"Male"
"6018403",371836,2025-09-28 03:51:02,33.6017799377441,-7.60546207427979,"Male"
"6018403",371836,2025-09-28 04:01:01,33.601863861084,-7.60542583465576,"Male"
"6018403",371836,2025-09-28 04:11:01,33.6019897460938,-7.60512828826904,"Male"
"6018403",371836,2025-09-28 04:21:01,33.6021156311035,-7.60508728027344,"Male"
"6018403",371836,2025-09-28 04:31:00,33.6020965576172,-7.6050968170166,"Male"
"6018403",371836,2025-09-28 04:41:01,33.6021270751953,-7.60518836975098,"Male"
"6018403",371836,2025-09-28 04:51:01,33.6020088195801,-7.60537195205688,"Male"
"6018403",371836,2025-09-28 05:01:04,33.602108001709,-7.60552835464478,"Male"
"6018403",371836,2025-09-28 05:11:00,33.602108001709,-7.60539102554321,"Male"
"6018403",371836,2025-09-28 05:21:01,33.6021308898926,-7.60528469085693,"Male"
"6018403",371836,2025-09-28 05:31:01,33.601978302002,-7.60555791854858,"Male"
"6018403",371836,2025-09-28 05:41:02,33.6017875671387,-7.60580635070801,"Male"
"6018403",371836,2025-09-28 05:51:00,33.6020927429199,-7.60555171966553,"Male"
"6018403",371836,2025-09-28 06:01:04,33.616153717041,-7.65996789932251,"Male"
"6018403",371836,2025-09-28 06:11:09,33.6120986938477,-7.66777467727661,"Male"
"6018403",371836,2025-09-28 06:21:59,33.596076965332,-7.63851976394653,"Male"
"6018403",371836,2025-09-28 06:31:04,33.5882453918457,-7.6116681098938,"Male"
"6018403",371836,2025-09-28 06:41:02,33.5881118774414,-7.61158275604248,"Male"
"6018403",371836,2025-09-28 06:51:09,33.5880851745605,-7.61153650283813,"Male"
"6018403",371836,2025-09-28 07:01:01,33.5880546569824,-7.61159372329712,"Male"
"6018403",371836,2025-09-28 07:11:07,33.5880813598633,-7.61169147491455,"Male"
"6018403",371836,2025-09-28 07:21:07,33.5880851745605,-7.61167478561401,"Male"
"6018403",371836,2025-09-28 07:31:09,33.5880470275879,-7.61150360107422,"Male"
"6018403",371836,2025-09-28 07:41:07,33.5880470275879,-7.61157274246216,"Male"
"6018403",371836,2025-09-28 07:51:36,33.5882301330566,-7.60962820053101,"Male"
"6018403",371836,2025-09-28 08:01:10,33.5882530212402,-7.60953760147095,"Male"
"6018403",371836,2025-09-28 08:11:07,33.5882835388184,-7.60937643051147,"Male"
"6018403",371836,2025-09-28 08:21:29,33.5854835510254,-7.61119842529297,"Male"
"6018403",371836,2025-09-28 08:31:04,33.5854034423828,-7.61118078231812,"Male"
"6018403",371836,2025-09-28 08:41:04,33.5854949951172,-7.61124467849731,"Male"
"6018403",371836,2025-09-28 08:51:09,33.5852470397949,-7.61074066162109,"Male"
"6018403",371836,2025-09-28 09:01:24,33.586051940918,-7.61165428161621,"Male"
"6018403",371836,2025-09-28 09:11:04,33.586067199707,-7.61166286468506,"Male"
"6018403",371836,2025-09-28 09:21:01,33.5852470397949,-7.61104488372803,"Male"
"6018403",371836,2025-09-28 09:31:02,33.5860557556152,-7.61171531677246,"Male"
"6018403",371836,2025-09-28 09:41:35,33.5856170654297,-7.61141967773438,"Male"
"6018403",371836,2025-09-28 09:51:01,33.5864601135254,-7.61396265029907,"Male"
"6018403",371836,2025-09-28 10:00:59,33.5864601135254,-7.61405181884766,"Male"
"6018403",371836,2025-09-28 10:11:05,33.5863571166992,-7.61424350738525,"Male"
"6018403",371836,2025-09-28 10:21:05,33.586311340332,-7.61437892913818,"Male"
"6018403",371836,2025-09-28 10:31:14,33.5863342285156,-7.61441230773926,"Male"
"6018403",371836,2025-09-28 10:41:07,33.5863075256348,-7.61442184448242,"Male"
"6018403",371836,2025-09-28 10:51:14,33.5862083435059,-7.61431741714478,"Male"
"6018403",371836,2025-09-28 11:01:04,33.5861511230469,-7.61427450180054,"Male"
"6018403",371836,2025-09-28 11:10:59,33.5862464904785,-7.61418676376343,"Male"
"6018403",371836,2025-09-28 11:21:18,33.5863418579102,-7.61443996429443,"Male"
"6018403",371836,2025-09-28 11:31:02,33.5862121582031,-7.61429023742676,"Male"
"6018403",371836,2025-09-28 11:41:04,33.5861701965332,-7.6141791343689,"Male"
"6018403",371836,2025-09-28 11:51:04,33.5866432189941,-7.61483716964722,"Male"
"6018403",371836,2025-09-28 12:01:14,33.586353302002,-7.61447381973267,"Male"
"6018403",371836,2025-09-28 12:11:04,33.5864486694336,-7.61440277099609,"Male"
"6018403",371836,2025-09-28 12:21:01,33.5865058898926,-7.61436796188354,"Male"
"6018403",371836,2025-09-28 12:31:05,33.5864868164062,-7.61455011367798,"Male"
"6018403",371836,2025-09-28 12:41:11,33.5861473083496,-7.61457443237305,"Male"
"6018403",371836,2025-09-28 12:51:29,33.5863800048828,-7.61432075500488,"Male"
"6018403",371836,2025-09-28 13:01:01,33.5862312316895,-7.61454057693481,"Male"
"6018403",371836,2025-09-28 13:11:03,33.5863647460938,-7.61456871032715,"Male"
"6018403",371836,2025-09-28 13:21:08,33.5862426757812,-7.61487627029419,"Male"
"6018403",371836,2025-09-28 13:31:03,33.5863342285156,-7.61437654495239,"Male"
"6018403",371836,2025-09-28 13:41:04,33.5863876342773,-7.61438369750977,"Male"
"6018403",371836,2025-09-28 13:51:10,33.5880432128906,-7.61711072921753,"Male"
"6018403",371836,2025-09-28 14:01:13,33.5879325866699,-7.61501312255859,"Male"
"6018403",371836,2025-09-28 14:11:00,33.5884819030762,-7.61460876464844,"Male"
"6018403",371836,2025-09-28 14:21:24,33.5880241394043,-7.61379623413086,"Male"
"6018403",371836,2025-09-28 14:31:10,33.5882186889648,-7.61462545394897,"Male"
"6018403",371836,2025-09-28 14:41:07,33.5874404907227,-7.61560869216919,"Male"
"6018403",371836,2025-09-28 14:51:16,33.5872459411621,-7.61565780639648,"Male"
"6018403",371836,2025-09-28 15:01:01,33.5883407592773,-7.6149320602417,"Male"
"6018403",371836,2025-09-28 15:11:06,33.5882911682129,-7.61471080780029,"Male"
"6018403",371836,2025-09-28 15:21:09,33.588306427002,-7.61469221115112,"Male"
"6018403",371836,2025-09-28 15:31:14,33.5961608886719,-7.63117027282715,"Male"
"6018403",371836,2025-09-28 15:41:06,33.5838584899902,-7.68033409118652,"Male"
"6018403",371836,2025-09-28 15:51:32,33.5904655456543,-7.69656848907471,"Male"
"6018403",371836,2025-09-28 16:01:13,33.5864448547363,-7.67631721496582,"Male"
"6018403",371836,2025-09-28 16:11:14,33.5783958435059,-7.68217086791992,"Male"
"6018403",371836,2025-09-28 16:21:32,33.5788192749023,-7.68236255645752,"Male"
"6018403",371836,2025-09-28 16:31:08,33.5788612365723,-7.68235111236572,"Male"
"6018403",371836,2025-09-28 16:41:01,33.5788154602051,-7.68231725692749,"Male"
"6018403",371836,2025-09-28 16:51:06,33.5789184570312,-7.68220043182373,"Male"
"6018403",371836,2025-09-28 17:01:29,33.5791053771973,-7.6822361946106,"Male"
"6018403",371836,2025-09-28 17:10:58,33.5789413452148,-7.68198823928833,"Male"
"6018403",371836,2025-09-28 17:21:00,33.5788879394531,-7.68200206756592,"Male"
"6018403",371836,2025-09-28 17:30:59,33.5789756774902,-7.68204498291016,"Male"
"6018403",371836,2025-09-28 17:41:08,33.5790748596191,-7.68195962905884,"Male"
"6018403",371836,2025-09-28 17:51:00,33.5788688659668,-7.68197965621948,"Male"
"6018403",371836,2025-09-28 18:01:07,33.5788917541504,-7.68196535110474,"Male"
"6018403",371836,2025-09-28 18:11:03,33.5793266296387,-7.68176126480103,"Male"
"6018403",371836,2025-09-28 18:21:04,33.5957260131836,-7.62008905410767,"Male"
"6018403",371836,2025-09-28 18:31:05,33.5961685180664,-7.61611366271973,"Male"
"6018403",371836,2025-09-28 18:41:26,33.6018257141113,-7.6056022644043,"Male"
"6018403",371836,2025-09-28 18:51:04,33.6019172668457,-7.60556411743164,"Male"
"6018403",371836,2025-09-28 19:01:00,33.601863861084,-7.60563802719116,"Male"
"6018403",371836,2025-09-28 19:11:14,33.6018676757812,-7.6057939529419,"Male"
"6018403",371836,2025-09-28 19:20:58,33.5996589660645,-7.60634231567383,"Male"
"6018403",371836,2025-09-28 19:31:04,33.5996055603027,-7.60641193389893,"Male"
"6018403",371836,2025-09-28 19:40:59,33.5996971130371,-7.60627317428589,"Male"
"6018403",371836,2025-09-28 19:51:14,33.5997581481934,-7.60652542114258,"Male"
"6018403",371836,2025-09-28 20:01:08,33.599925994873,-7.6078143119812,"Male"
"6018403",371836,2025-09-28 20:11:35,33.5998382568359,-7.60622024536133,"Male"
"6018403",371836,2025-09-28 20:21:14,33.5997848510742,-7.60620784759521,"Male"
"6018403",371836,2025-09-28 20:31:04,33.6001052856445,-7.60630321502685,"Male"
"6018403",371836,2025-09-28 20:41:35,33.5998229980469,-7.60623073577881,"Male"
"6018403",371836,2025-09-28 20:51:00,33.5997695922852,-7.60622644424438,"Male"
"6018403",371836,2025-09-28 21:01:05,33.5997657775879,-7.60619306564331,"Male"
"6018403",371836,2025-09-28 21:11:05,33.5998687744141,-7.60626316070557,"Male"
"6018403",371836,2025-09-28 21:21:00,33.6000175476074,-7.60628032684326,"Male"
"6018403",371836,2025-09-28 21:31:00,33.5997276306152,-7.606032371521,"Male"
"6018403",371836,2025-09-28 21:41:03,33.5998115539551,-7.6061544418335,"Male"
"6018403",371836,2025-09-28 21:51:01,33.5997085571289,-7.6061692237854,"Male"
"6018403",371836,2025-09-28 22:01:05,33.6000328063965,-7.60593938827515,"Male"
"6018403",371836,2025-09-28 22:11:06,33.5998268127441,-7.60588216781616,"Male"
"6018403",371836,2025-09-28 22:21:06,33.5996131896973,-7.6057767868042,"Male"
"6018403",371836,2025-09-28 22:31:11,33.599681854248,-7.60608243942261,"Male"
"6018403",371836,2025-09-28 22:41:04,33.5996170043945,-7.60623788833618,"Male"
"6018403",371836,2025-09-28 22:51:03,33.5996780395508,-7.60623788833618,"Male"
"6018403",371836,2025-09-28 23:01:04,33.6001434326172,-7.60750102996826,"Male"
"6018403",371836,2025-09-28 23:11:07,33.599796295166,-7.6063289642334,"Male"
"6018403",371836,2025-09-28 23:21:06,33.6001358032227,-7.60699701309204,"Male"
"6018403",371836,2025-09-28 23:31:04,33.6001205444336,-7.60678386688232,"Male"
"6018403",371836,2025-09-28 23:41:05,33.6000289916992,-7.60653686523438,"Male"
"6018403",371836,2025-09-28 23:51:29,33.5996322631836,-7.60629940032959,"Male"
"6018403",371836,2025-09-29 00:01:06,33.5997276306152,-7.606276512146,"Male"
"6018403",371836,2025-09-29 00:11:00,33.599967956543,-7.60624027252197,"Male"
"6018403",371836,2025-09-29 00:21:04,33.5996894836426,-7.60621356964111,"Male"
"6018403",371836,2025-09-29 00:31:00,33.5996932983398,-7.60617876052856,"Male"
"6018403",371836,2025-09-29 00:41:00,33.5998725891113,-7.60618305206299,"Male"
"6018403",371836,2025-09-29 00:51:01,33.5998573303223,-7.6061201095581,"Male"
"6018403",371836,2025-09-29 01:01:01,33.5998649597168,-7.60614919662476,"Male"
"6018403",371836,2025-09-29 01:11:01,33.5998687744141,-7.60610294342041,"Male"
"6018403",371836,2025-09-29 01:21:03,33.5998344421387,-7.60606527328491,"Male"
"6018403",371836,2025-09-29 01:31:00,33.5997695922852,-7.60572624206543,"Male"
"6018403",371836,2025-09-29 01:41:01,33.5997734069824,-7.60602474212646,"Male"
"6018403",371836,2025-09-29 01:51:06,33.5997276306152,-7.60610246658325,"Male"
"6018403",371836,2025-09-29 02:01:06,33.5994873046875,-7.60602903366089,"Male"
"6018403",371836,2025-09-29 02:11:06,33.5994834899902,-7.60604000091553,"Male"
"6018403",371836,2025-09-29 02:21:06,33.60009765625,-7.60621738433838,"Male"
"6018403",371836,2025-09-29 02:31:07,33.5998916625977,-7.60628461837769,"Male"
"6018403",371836,2025-09-29 02:41:08,33.60009765625,-7.60617780685425,"Male"
"6018403",371836,2025-09-29 02:51:10,33.5997657775879,-7.6062479019165,"Male"
"6018403",371836,2025-09-29 03:01:03,33.5996131896973,-7.60618305206299,"Male"
"6018403",371836,2025-09-29 03:11:06,33.5995979309082,-7.60619068145752,"Male"
"6018403",371836,2025-09-29 03:21:35,33.599739074707,-7.6061806678772,"Male"
"6018403",371836,2025-09-29 03:30:58,33.5996284484863,-7.60633659362793,"Male"
"6018403",371836,2025-09-29 03:40:59,33.6013069152832,-7.60447692871094,"Male"
"6018403",371836,2025-09-29 03:50:59,33.6000556945801,-7.6029806137085,"Male"
"6018403",371836,2025-09-29 04:01:07,33.6001586914062,-7.602952003479,"Male"
"6018403",371836,2025-09-29 04:11:04,33.6000595092773,-7.60296440124512,"Male"
"6018403",371836,2025-09-29 04:21:06,33.5996971130371,-7.60297441482544,"Male"
"6018403",371836,2025-09-29 04:31:12,33.6000213623047,-7.60302925109863,"Male"
"6018403",371836,2025-09-29 04:41:06,33.5999145507812,-7.60301733016968,"Male"
"6018403",371836,2025-09-29 04:51:06,33.6002960205078,-7.60308361053467,"Male"
"6018403",371836,2025-09-29 05:01:04,33.6001625061035,-7.60301065444946,"Male"
"6018403",371836,2025-09-29 05:10:59,33.5999526977539,-7.60297393798828,"Male"
"6018403",371836,2025-09-29 05:21:29,33.6000633239746,-7.60299777984619,"Male"
"6018403",371836,2025-09-29 05:30:59,33.6002616882324,-7.60303449630737,"Male"
"6018403",371836,2025-09-29 05:41:03,33.6000061035156,-7.6029224395752,"Male"
"6018403",371836,2025-09-29 05:51:03,33.6001052856445,-7.60292100906372,"Male"
"6018403",371836,2025-09-29 06:00:59,33.6001129150391,-7.60295391082764,"Male"
"6018403",371836,2025-09-29 06:11:05,33.6000480651855,-7.60298156738281,"Male"
"6018403",371836,2025-09-29 06:21:05,33.5912857055664,-7.60845422744751,"Male"
"6018403",371836,2025-09-29 06:31:06,33.5884094238281,-7.60970449447632,"Male"
"6018403",371836,2025-09-29 06:41:01,33.5884628295898,-7.609694480896,"Male"
"6018403",371836,2025-09-29 06:51:03,33.588436126709,-7.60973834991455,"Male"
"6018403",371836,2025-09-29 07:01:04,33.5883979797363,-7.60971784591675,"Male"
"6018403",371836,2025-09-29 07:11:53,33.5883941650391,-7.60966444015503,"Male"
"6018403",371836,2025-09-29 07:21:05,33.5884056091309,-7.60979843139648,"Male"
"6018403",371836,2025-09-29 07:31:06,33.5881118774414,-7.61160898208618,"Male"
"6018403",371836,2025-09-29 07:41:10,33.5881614685059,-7.61168527603149,"Male"
"6018403",371836,2025-09-29 07:50:58,33.5881690979004,-7.6119236946106,"Male"
"6018403",371836,2025-09-29 08:01:03,33.5880966186523,-7.61154365539551,"Male"
"6018403",371836,2025-09-29 08:11:04,33.5882797241211,-7.61183309555054,"Male"
"6018403",371836,2025-09-29 08:21:04,33.5882034301758,-7.61164045333862,"Male"
"6018403",371836,2025-09-29 08:31:15,33.5883407592773,-7.61132097244263,"Male"
"6018403",371836,2025-09-29 08:40:59,33.5788879394531,-7.59685039520264,"Male"
"6018403",371836,2025-09-29 08:51:28,33.5554046630859,-7.55661773681641,"Male"
"6018403",371836,2025-09-29 09:01:35,33.5066108703613,-7.55346250534058,"Male"
"6018403",371836,2025-09-29 09:10:58,33.476676940918,-7.54079294204712,"Male"
"6018403",371836,2025-09-29 09:20:59,33.4767112731934,-7.54085779190063,"Male"
"6018403",371836,2025-09-29 09:30:59,33.476734161377,-7.54091835021973,"Male"
"6018403",371836,2025-09-29 09:40:59,33.4768600463867,-7.54083681106567,"Male"
"6018403",371836,2025-09-29 09:51:00,33.4767875671387,-7.54092788696289,"Male"
"6018403",371836,2025-09-29 10:01:00,33.4768180847168,-7.54090595245361,"Male"
"6018403",371836,2025-09-29 10:11:01,33.4767875671387,-7.54088306427002,"Male"
"6018403",371836,2025-09-29 10:21:05,33.476749420166,-7.54085302352905,"Male"
"6018403",371836,2025-09-29 10:31:14,33.4768524169922,-7.54087924957275,"Male"
"6018403",371836,2025-09-29 10:41:00,33.478946685791,-7.54263210296631,"Male"
"6018403",371836,2025-09-29 10:51:04,33.4793128967285,-7.54230451583862,"Male"
"6018403",371836,2025-09-29 11:01:01,33.4783821105957,-7.54226779937744,"Male"
"6018403",371836,2025-09-29 11:11:03,33.479377746582,-7.54193830490112,"Male"
"6018403",371836,2025-09-29 11:21:06,33.4794464111328,-7.54218626022339,"Male"
"6018403",371836,2025-09-29 11:31:07,33.4794960021973,-7.54227161407471,"Male"
"6018403",371836,2025-09-29 11:41:29,33.4795303344727,-7.54239749908447,"Male"
"6018403",371836,2025-09-29 11:50:59,33.4795188903809,-7.54232501983643,"Male"
"6018403",371836,2025-09-29 12:01:06,33.4797286987305,-7.54247856140137,"Male"
"6018403",371836,2025-09-29 12:11:15,33.4793891906738,-7.54213333129883,"Male"
"6018403",371836,2025-09-29 12:21:03,33.4793663024902,-7.54209995269775,"Male"
"6018403",371836,2025-09-29 12:31:14,33.4792976379395,-7.54202127456665,"Male"
"6018403",371836,2025-09-29 12:41:09,33.4793510437012,-7.54206895828247,"Male"
"6018403",371836,2025-09-29 12:51:04,33.4792861938477,-7.54206848144531,"Male"
"6018403",371836,2025-09-29 13:01:13,33.4797515869141,-7.54160785675049,"Male"
"6018403",371836,2025-09-29 13:11:02,33.4797630310059,-7.5416259765625,"Male"
"6018403",371836,2025-09-29 13:21:29,33.4798049926758,-7.54157638549805,"Male"
"6018403",371836,2025-09-29 13:31:35,33.479736328125,-7.54159593582153,"Male"
"6018403",371836,2025-09-29 13:41:03,33.4800643920898,-7.54127931594849,"Male"
"6018403",371836,2025-09-29 13:51:04,33.4800720214844,-7.541344165802,"Male"
"6018403",371836,2025-09-29 14:01:04,33.4801292419434,-7.54136800765991,"Male"
"6018403",371836,2025-09-29 14:11:07,33.4793739318848,-7.54222393035889,"Male"
"6018403",371836,2025-09-29 14:21:07,33.4792366027832,-7.5432710647583,"Male"
"6018403",371836,2025-09-29 14:31:06,33.479076385498,-7.5425910949707,"Male"
"6018403",371836,2025-09-29 14:41:24,33.4792213439941,-7.54308366775513,"Male"
"6018403",371836,2025-09-29 14:51:07,33.479190826416,-7.54273319244385,"Male"
"6018403",371836,2025-09-29 15:01:53,33.4792633056641,-7.543212890625,"Male"
"6018403",371836,2025-09-29 15:11:35,33.4791412353516,-7.54292583465576,"Male"
"6018403",371836,2025-09-29 15:21:00,33.4791870117188,-7.54307842254639,"Male"
"6018403",371836,2025-09-29 15:30:59,33.47900390625,-7.54248189926147,"Male"
"6018403",371836,2025-09-29 15:41:01,33.4796028137207,-7.54190921783447,"Male"
"6018403",371836,2025-09-29 15:51:03,33.479621887207,-7.54195261001587,"Male"
"6018403",371836,2025-09-29 16:01:07,33.4793701171875,-7.54215621948242,"Male"
"6018403",371836,2025-09-29 16:10:59,33.4788856506348,-7.54341268539429,"Male"
"6018403",371836,2025-09-29 16:21:35,33.4791870117188,-7.54291772842407,"Male"
"6018403",371836,2025-09-29 16:30:59,33.4791793823242,-7.54297065734863,"Male"
"6018403",371836,2025-09-29 16:41:01,33.4793319702148,-7.54225254058838,"Male"
"6018403",371836,2025-09-29 16:50:59,33.4793853759766,-7.54223775863647,"Male"
"6018403",371836,2025-09-29 17:00:58,33.4793663024902,-7.54409217834473,"Male"
"6018403",371836,2025-09-29 17:10:58,33.5156135559082,-7.55421161651611,"Male"
"6018403",371836,2025-09-29 17:20:58,33.5486297607422,-7.59884881973267,"Male"
"6018403",371836,2025-09-29 17:30:59,33.5841598510742,-7.64127254486084,"Male"
"6018403",371836,2025-09-29 17:41:03,33.6057052612305,-7.6605019569397,"Male"
"6018403",371836,2025-09-29 17:51:00,33.6011047363281,-7.6442666053772,"Male"
"6018403",371836,2025-09-29 18:00:58,33.6008148193359,-7.6439733505249,"Male"
"6018403",371836,2025-09-29 18:11:13,33.596549987793,-7.626145362854,"Male"
"6018403",371836,2025-09-29 18:21:05,33.5965995788574,-7.62621927261353,"Male"
"6018403",371836,2025-09-29 18:31:01,33.5972137451172,-7.62178325653076,"Male"
"6018403",371836,2025-09-29 18:41:11,33.6017456054688,-7.60641860961914,"Male"
"6018403",371836,2025-09-29 18:51:35,33.6018524169922,-7.60598373413086,"Male"
"6018403",371836,2025-09-29 19:01:06,33.6018867492676,-7.60607624053955,"Male"
"6018403",371836,2025-09-29 19:11:07,33.6018218994141,-7.6063175201416,"Male"
"6018403",371836,2025-09-29 19:21:05,33.6019020080566,-7.60609149932861,"Male"
"6018403",371836,2025-09-29 19:31:06,33.6019859313965,-7.60627841949463,"Male"
"6018403",371836,2025-09-29 19:41:06,33.6016502380371,-7.60525131225586,"Male"
"6018403",371836,2025-09-29 19:51:07,33.6017112731934,-7.6058349609375,"Male"
"6018403",371836,2025-09-29 20:01:14,33.6016082763672,-7.60585975646973,"Male"
"6018403",371836,2025-09-29 20:11:06,33.6017837524414,-7.60580921173096,"Male"
"6018403",371836,2025-09-29 20:21:14,33.6017227172852,-7.60567283630371,"Male"
"6018403",371836,2025-09-29 20:31:07,33.6018180847168,-7.60589075088501,"Male"
"6018403",371836,2025-09-29 20:41:06,33.6019897460938,-7.60566806793213,"Male"
"6018403",371836,2025-09-29 20:51:15,33.6017303466797,-7.60558652877808,"Male"
"6018403",371836,2025-09-29 21:01:04,33.6018028259277,-7.6055326461792,"Male"
"6018403",371836,2025-09-29 21:11:03,33.6017951965332,-7.60553359985352,"Male"
"6018403",371836,2025-09-29 21:21:06,33.6019401550293,-7.60565137863159,"Male"
"6018403",371836,2025-09-29 21:31:11,33.6020317077637,-7.60583162307739,"Male"
"6018403",371836,2025-09-29 21:41:11,33.6017990112305,-7.60554027557373,"Male"
"6018403",371836,2025-09-29 21:51:18,33.6018943786621,-7.60570621490479,"Male"
"6018403",371836,2025-09-29 22:01:10,33.6019096374512,-7.6055965423584,"Male"
"6018403",371836,2025-09-29 22:11:10,33.6019058227539,-7.60573387145996,"Male"
"6018403",371836,2025-09-29 22:21:04,33.6017417907715,-7.60576629638672,"Male"
"6018403",371836,2025-09-29 22:31:05,33.6017913818359,-7.60554933547974,"Male"
"6018403",371836,2025-09-29 22:41:09,33.6018943786621,-7.60555458068848,"Male"
"6018403",371836,2025-09-29 22:51:15,33.6020011901855,-7.605712890625,"Male"
"6018403",371836,2025-09-29 23:01:29,33.6016082763672,-7.60529232025146,"Male"
"6018403",371836,2025-09-29 23:11:25,33.6017570495605,-7.60549783706665,"Male"
"6018403",371836,2025-09-29 23:21:07,33.6020698547363,-7.60574626922607,"Male"
"6018403",371836,2025-09-29 23:31:06,33.6016693115234,-7.60562133789062,"Male"
"6018403",371836,2025-09-29 23:41:08,33.6015701293945,-7.60557699203491,"Male"
"6018403",371836,2025-09-29 23:51:36,33.6016693115234,-7.60567665100098,"Male"
"6018403",371836,2025-09-30 00:00:59,33.6017837524414,-7.60562419891357,"Male"
"6018403",371836,2025-09-30 00:10:58,33.6018524169922,-7.60560941696167,"Male"
"6018403",371836,2025-09-30 00:21:00,33.601806640625,-7.60523843765259,"Male"
"6018403",371836,2025-09-30 00:31:00,33.6018600463867,-7.60530138015747,"Male"
"6018403",371836,2025-09-30 00:40:59,33.6018829345703,-7.60527181625366,"Male"
"6018403",371836,2025-09-30 00:51:00,33.6018218994141,-7.60525465011597,"Male"
"6018403",371836,2025-09-30 01:01:02,33.6019134521484,-7.60521697998047,"Male"
"6018403",371836,2025-09-30 01:11:01,33.6018295288086,-7.6051869392395,"Male"
"6018403",371836,2025-09-30 01:21:01,33.601978302002,-7.6051836013794,"Male"
"6018403",371836,2025-09-30 01:31:01,33.6018562316895,-7.60522890090942,"Male"
"6018403",371836,2025-09-30 01:41:00,33.601993560791,-7.60503387451172,"Male"
"6018403",371836,2025-09-30 01:51:00,33.6019706726074,-7.6051869392395,"Male"
"6018403",371836,2025-09-30 02:00:59,33.6014213562012,-7.60502004623413,"Male"
"6018403",371836,2025-09-30 02:11:06,33.6018142700195,-7.60517597198486,"Male"
"6018403",371836,2025-09-30 02:21:06,33.6019248962402,-7.60546493530273,"Male"
"6018403",371836,2025-09-30 02:31:05,33.6018028259277,-7.60514307022095,"Male"
"6018403",371836,2025-09-30 02:41:09,33.6017684936523,-7.6050386428833,"Male"
"6018403",371836,2025-09-30 02:51:04,33.6017570495605,-7.60515594482422,"Male"
"6018403",371836,2025-09-30 03:01:04,33.6017951965332,-7.60521507263184,"Male"
"6018403",371836,2025-09-30 03:11:06,33.6018257141113,-7.6051025390625,"Male"
"6018403",371836,2025-09-30 03:21:27,33.6017990112305,-7.6052188873291,"Male"
"6018403",371836,2025-09-30 03:31:06,33.6018524169922,-7.60537719726562,"Male"
"6018403",371836,2025-09-30 03:41:06,33.6019477844238,-7.60526323318481,"Male"
"6018403",371836,2025-09-30 03:51:09,33.6019172668457,-7.60526275634766,"Male"
"6018403",371836,2025-09-30 04:01:35,33.6018867492676,-7.60523796081543,"Male"
"6018403",371836,2025-09-30 04:11:06,33.6019058227539,-7.6051549911499,"Male"
"6018403",371836,2025-09-30 04:21:09,33.6018714904785,-7.60519647598267,"Male"
"6018403",371836,2025-09-30 04:31:06,33.6014442443848,-7.60555458068848,"Male"
"6018403",371836,2025-09-30 04:41:06,33.6018981933594,-7.60521507263184,"Male"
"6018403",371836,2025-09-30 04:51:06,33.6016845703125,-7.60534238815308,"Male"
"6018403",371836,2025-09-30 05:01:34,33.6018447875977,-7.60518980026245,"Male"
"6018403",371836,2025-09-30 05:11:01,33.6017913818359,-7.60527276992798,"Male"
"6018403",371836,2025-09-30 05:20:58,33.6018104553223,-7.60523509979248,"Male"
"6018403",371836,2025-09-30 05:31:06,33.6019554138184,-7.60514783859253,"Male"
"6018403",371836,2025-09-30 05:40:59,33.6019401550293,-7.60520362854004,"Male"
"6018403",371836,2025-09-30 05:51:04,33.6017837524414,-7.60527753829956,"Male"
"6018403",371836,2025-09-30 06:00:59,33.6012840270996,-7.60562324523926,"Male"
"6018403",371836,2025-09-30 06:10:58,33.592903137207,-7.61389589309692,"Male"
"6018403",371836,2025-09-30 06:20:58,33.5856971740723,-7.60865306854248,"Male"
"6018403",371836,2025-09-30 06:31:03,33.585391998291,-7.60874700546265,"Male"
"6018403",371836,2025-09-30 06:41:02,33.5853652954102,-7.60871696472168,"Male"
"6018403",371836,2025-09-30 06:51:08,33.5854301452637,-7.60869550704956,"Male"
"6018403",371836,2025-09-30 07:01:12,33.5896224975586,-7.60793399810791,"Male"
"6018403",371836,2025-09-30 07:11:33,33.5899620056152,-7.60622072219849,"Male"
"6018403",371836,2025-09-30 07:20:58,33.5899429321289,-7.60606527328491,"Male"
"6018403",371836,2025-09-30 07:31:04,33.5898628234863,-7.60605573654175,"Male"
"6018403",371836,2025-09-30 07:41:05,33.5899124145508,-7.60632801055908,"Male"
"6018403",371836,2025-09-30 07:51:05,33.5892448425293,-7.60168075561523,"Male"
"6018403",371836,2025-09-30 08:01:07,33.5892333984375,-7.60161113739014,"Male"
"6018403",371836,2025-09-30 08:11:06,33.5893173217773,-7.60157442092896,"Male"
"6018403",371836,2025-09-30 08:21:35,33.5892601013184,-7.60165452957153,"Male"
"6018403",371836,2025-09-30 08:31:00,33.5891456604004,-7.60173225402832,"Male"
"6018403",371836,2025-09-30 08:40:59,33.589282989502,-7.60172700881958,"Male"
"6018403",371836,2025-09-30 08:51:01,33.5892143249512,-7.60163640975952,"Male"
"6018403",371836,2025-09-30 09:00:59,33.5890960693359,-7.60153102874756,"Male"
"6018403",371836,2025-09-30 09:11:01,33.589241027832,-7.60170459747315,"Male"
"6018403",371836,2025-09-30 09:20:59,33.5892372131348,-7.60176420211792,"Male"
"6018403",371836,2025-09-30 09:31:00,33.589241027832,-7.60184049606323,"Male"
"6018403",371836,2025-09-30 09:41:00,33.5893440246582,-7.60172176361084,"Male"
"6018403",371836,2025-09-30 09:50:58,33.5893211364746,-7.60169887542725,"Male"
"6018403",371836,2025-09-30 10:01:00,33.5892715454102,-7.6016674041748,"Male"
"6018403",371836,2025-09-30 10:11:00,33.5892524719238,-7.60169982910156,"Male"
"6018403",371836,2025-09-30 10:21:04,33.5893363952637,-7.60174560546875,"Male"
"6018403",371836,2025-09-30 10:31:01,33.5893325805664,-7.60159397125244,"Male"
"6018403",371836,2025-09-30 10:41:03,33.5893974304199,-7.60178756713867,"Male"
"6018403",371836,2025-09-30 10:51:01,33.589786529541,-7.60364532470703,"Male"
"6018403",371836,2025-09-30 11:01:00,33.5899810791016,-7.60618495941162,"Male"
"6018403",371836,2025-09-30 11:10:59,33.5898857116699,-7.60607767105103,"Male"
"6018403",371836,2025-09-30 11:21:04,33.5899963378906,-7.60625314712524,"Male"
"6018403",371836,2025-09-30 11:31:19,33.5838241577148,-7.59670400619507,"Male"
"6018403",371836,2025-09-30 11:41:07,33.5487289428711,-7.55191087722778,"Male"
"6018403",371836,2025-09-30 11:51:10,33.5485382080078,-7.55042600631714,"Male"
"6018403",371836,2025-09-30 12:01:03,33.5485000610352,-7.55040168762207,"Male"
"6018403",371836,2025-09-30 12:11:14,33.548210144043,-7.54984712600708,"Male"
"6018403",371836,2025-09-30 12:20:59,33.5270500183105,-7.54902505874634,"Male"
"6018403",371836,2025-09-30 12:31:01,33.4963569641113,-7.53465795516968,"Male"
"6018403",371836,2025-09-30 12:41:04,33.4795341491699,-7.54228067398071,"Male"
"6018403",371836,2025-09-30 12:51:59,33.4797782897949,-7.54170036315918,"Male"
"6018403",371836,2025-09-30 13:01:14,33.4797973632812,-7.54171419143677,"Male"
"6018403",371836,2025-09-30 13:11:14,33.4798774719238,-7.54169750213623,"Male"
"6018403",371836,2025-09-30 13:21:16,33.4792289733887,-7.54183340072632,"Male"
"6018403",371836,2025-09-30 13:31:16,33.4792671203613,-7.54191732406616,"Male"
"6018403",371836,2025-09-30 13:41:35,33.4791793823242,-7.54232454299927,"Male"
"6018403",371836,2025-09-30 13:51:04,33.4791946411133,-7.54323863983154,"Male"
"6018403",371836,2025-09-30 14:01:01,33.4792137145996,-7.54318809509277,"Male"
"6018403",371836,2025-09-30 14:11:04,33.4787635803223,-7.54263305664062,"Male"
"6018403",371836,2025-09-30 14:20:59,33.4798812866211,-7.54132604598999,"Male"
"6018403",371836,2025-09-30 14:31:14,33.4798126220703,-7.5413498878479,"Male"
"6018403",371836,2025-09-30 14:41:06,33.4797019958496,-7.5413703918457,"Male"
"6018403",371836,2025-09-30 14:51:35,33.4800033569336,-7.54139471054077,"Male"
"6018403",371836,2025-09-30 15:00:59,33.4800643920898,-7.5415849685669,"Male"
"6018403",371836,2025-09-30 15:11:08,33.4797325134277,-7.54134750366211,"Male"
"6018403",371836,2025-09-30 15:21:02,33.4798736572266,-7.54130363464355,"Male"
"6018403",371836,2025-09-30 15:31:01,33.4795112609863,-7.54216432571411,"Male"
"6018403",371836,2025-09-30 15:41:06,33.4798355102539,-7.54139852523804,"Male"
"6018403",371836,2025-09-30 15:51:01,33.479850769043,-7.54145240783691,"Male"
"6018403",371836,2025-09-30 16:01:03,33.4792404174805,-7.54293155670166,"Male"
"6018403",371836,2025-09-30 16:11:12,33.4791793823242,-7.54297065734863,"Male"
"6018403",371836,2025-09-30 16:21:04,33.4792633056641,-7.54294729232788,"Male"
"6018403",371836,2025-09-30 16:31:01,33.4793167114258,-7.54295492172241,"Male"
"6018403",371836,2025-09-30 16:41:06,33.4791221618652,-7.54304218292236,"Male"
"6018403",371836,2025-09-30 16:51:14,33.4791221618652,-7.54179525375366,"Male"
"6018403",371836,2025-09-30 17:01:06,33.4789657592773,-7.54244327545166,"Male"
"6018403",371836,2025-09-30 17:11:35,33.4791259765625,-7.54252958297729,"Male"
"6018403",371836,2025-09-30 17:20:58,33.4893608093262,-7.54307460784912,"Male"
"6018403",371836,2025-09-30 17:30:59,33.4851150512695,-7.54060745239258,"Male"
"6018403",371836,2025-09-30 17:40:59,33.485294342041,-7.54055643081665,"Male"
"6018403",371836,2025-09-30 17:51:04,33.4853935241699,-7.5405650138855,"Male"
"6018403",371836,2025-09-30 18:01:59,33.4823760986328,-7.53827524185181,"Male"
"6018403",371836,2025-09-30 18:10:59,33.482307434082,-7.53831768035889,"Male"
"6018403",371836,2025-09-30 18:21:00,33.4891662597656,-7.55511713027954,"Male"
"6018403",371836,2025-09-30 18:31:00,33.5228614807129,-7.58529663085938,"Male"
"6018403",371836,2025-09-30 18:41:00,33.5676040649414,-7.60422801971435,"Male"
"6018403",371836,2025-09-30 18:51:15,33.601993560791,-7.6059422492981,"Male"
"6018403",371836,2025-09-30 19:00:58,33.6019096374512,-7.60595369338989,"Male"
"6018403",371836,2025-09-30 19:11:06,33.6021766662598,-7.60597991943359,"Male"
"6018403",371836,2025-09-30 19:21:01,33.6019973754883,-7.60589122772217,"Male"
"6018403",371836,2025-09-30 19:31:04,33.601921081543,-7.60599088668823,"Male"
"6018403",371836,2025-09-30 19:40:59,33.6020469665527,-7.60603904724121,"Male"
"6018403",371836,2025-09-30 19:51:35,33.602123260498,-7.60603427886963,"Male"
"6018403",371836,2025-09-30 20:01:07,33.6020698547363,-7.60600090026855,"Male"
"6018403",371836,2025-09-30 20:11:09,33.6021461486816,-7.60604619979858,"Male"
"6018403",371836,2025-09-30 20:21:13,33.6020126342773,-7.60579013824463,"Male"
"6018403",371836,2025-09-30 20:31:04,33.6016464233398,-7.60554027557373,"Male"
"6018403",371836,2025-09-30 20:41:07,33.6020622253418,-7.606032371521,"Male"
"6018403",371836,2025-09-30 20:51:53,33.601936340332,-7.60603046417236,"Male"
"6018403",371836,2025-09-30 21:01:00,33.602123260498,-7.60621070861816,"Male"
"6018403",371836,2025-09-30 21:11:00,33.6023712158203,-7.60682582855225,"Male"
"6018403",371836,2025-09-30 21:21:06,33.6019897460938,-7.60595703125,"Male"
"6018403",371836,2025-09-30 21:31:05,33.6018524169922,-7.60605001449585,"Male"
"6018403",371836,2025-09-30 21:41:00,33.6018409729004,-7.60605049133301,"Male"
"6018403",371836,2025-09-30 21:51:04,33.6018333435059,-7.60584163665771,"Male"
"6018403",371836,2025-09-30 22:01:05,33.6018981933594,-7.60589981079102,"Male"
"6018403",371836,2025-09-30 22:11:35,33.6018829345703,-7.60593414306641,"Male"
"6018403",371836,2025-09-30 22:21:06,33.6016693115234,-7.6058349609375,"Male"
"6018403",371836,2025-09-30 22:31:01,33.6019096374512,-7.60594415664673,"Male"
"6018403",371836,2025-09-30 22:41:00,33.6020851135254,-7.60642242431641,"Male"
"6018403",371836,2025-09-30 22:50:59,33.6020355224609,-7.6062707901001,"Male"
"6018403",371836,2025-09-30 23:01:06,33.6019096374512,-7.60585021972656,"Male"
"6018403",371836,2025-09-30 23:11:03,33.6018905639648,-7.60588312149048,"Male"
"6018403",371836,2025-09-30 23:20:59,33.6017456054688,-7.60581731796265,"Male"
"6018403",371836,2025-09-30 23:31:09,33.6017074584961,-7.60615634918213,"Male"
"6018403",371836,2025-09-30 23:41:07,33.6017417907715,-7.60621213912964,"Male"
"6018403",371836,2025-09-30 23:51:14,33.601749420166,-7.60594129562378,"Male"
"6018403",371836,2025-10-01 00:01:06,33.6017112731934,-7.6059741973877,"Male"
"6018403",371836,2025-10-01 00:11:06,33.6018257141113,-7.60589647293091,"Male"
"6018403",371836,2025-10-01 00:21:35,33.6017799377441,-7.60594797134399,"Male"
"6018403",371836,2025-10-01 00:31:03,33.6017684936523,-7.60600090026855,"Male"
"6018403",371836,2025-10-01 00:41:14,33.6017799377441,-7.60590982437134,"Male"
"6018403",371836,2025-10-01 00:51:00,33.6018295288086,-7.60576152801514,"Male"
"6018403",371836,2025-10-01 01:00:58,33.6021270751953,-7.60584163665771,"Male"
"6018403",371836,2025-10-01 01:11:01,33.6019058227539,-7.6058235168457,"Male"
"6018403",371836,2025-10-01 01:21:01,33.6016387939453,-7.60615587234497,"Male"
"6018403",371836,2025-10-01 01:31:35,33.6018218994141,-7.60594320297241,"Male"
"6018403",371836,2025-10-01 01:40:59,33.6018180847168,-7.60602283477783,"Male"
"6018403",371836,2025-10-01 01:50:58,33.6018829345703,-7.60598611831665,"Male"
"6018403",371836,2025-10-01 02:00:59,33.6018524169922,-7.6060938835144,"Male"
"6018403",371836,2025-10-01 02:11:01,33.6017799377441,-7.60594892501831,"Male"
"6018403",371836,2025-10-01 02:21:05,33.6018486022949,-7.6059513092041,"Male"
"6018403",371836,2025-10-01 02:31:07,33.6016693115234,-7.60598230361938,"Male"
"6018403",371836,2025-10-01 02:41:05,33.5996551513672,-7.60671758651733,"Male"
"6018403",371836,2025-10-01 02:51:01,33.6018486022949,-7.60603523254395,"Male"
"6018403",371836,2025-10-01 03:00:59,33.6019401550293,-7.60607624053955,"Male"
"6018403",371836,2025-10-01 03:10:57,33.6026954650879,-7.6080904006958,"Male"
"6018403",371836,2025-10-01 03:21:02,33.601619720459,-7.60542440414429,"Male"
"6018403",371836,2025-10-01 03:31:14,33.6018676757812,-7.60599136352539,"Male"
"6018403",371836,2025-10-01 03:40:58,33.6017837524414,-7.60571098327637,"Male"
"6018403",371836,2025-10-01 03:51:00,33.6018180847168,-7.60603046417236,"Male"
"6018403",371836,2025-10-01 04:01:00,33.601692199707,-7.60584163665771,"Male"
"6018403",371836,2025-10-01 04:11:12,33.6019401550293,-7.60614156723022,"Male"
"6018403",371836,2025-10-01 04:21:14,33.6021270751953,-7.60583257675171,"Male"
"6018403",371836,2025-10-01 04:31:07,33.6019821166992,-7.60612297058105,"Male"
"6018403",371836,2025-10-01 04:41:07,33.6018524169922,-7.60689353942871,"Male"
"6018403",371836,2025-10-01 04:51:16,33.6017875671387,-7.60627937316895,"Male"
"6018403",371836,2025-10-01 05:01:07,33.601806640625,-7.60596942901611,"Male"
"6018403",371836,2025-10-01 05:11:29,33.6016731262207,-7.60620737075806,"Male"
"6018403",371836,2025-10-01 05:20:58,33.6018257141113,-7.60619163513184,"Male"
"6018403",371836,2025-10-01 05:30:58,33.6019020080566,-7.60610008239746,"Male"
"6018403",371836,2025-10-01 05:41:24,33.6020011901855,-7.60598373413086,"Male"
"6018403",371836,2025-10-01 05:51:29,33.6018905639648,-7.60604095458984,"Male"
"6018403",371836,2025-10-01 06:01:14,33.6017990112305,-7.60610866546631,"Male"
"6018403",371836,2025-10-01 06:11:07,33.5992965698242,-7.60906314849854,"Male"
"6018403",371836,2025-10-01 06:21:12,33.6028099060059,-7.67195701599121,"Male"
"6018403",371836,2025-10-01 06:31:09,33.5995597839355,-7.64451217651367,"Male"
"6018403",371836,2025-10-01 06:41:09,33.5940055847168,-7.63204479217529,"Male"
"6018403",371836,2025-10-01 06:51:35,33.5940704345703,-7.63224267959595,"Male"
"6018403",371836,2025-10-01 07:01:03,33.5940856933594,-7.63230323791504,"Male"
"6018403",371836,2025-10-01 07:11:25,33.5909538269043,-7.61413478851318,"Male"
"6018403",371836,2025-10-01 07:21:01,33.587890625,-7.61091804504395,"Male"
"6018403",371836,2025-10-01 07:31:12,33.5855407714844,-7.61120367050171,"Male"
"6018403",371836,2025-10-01 07:41:20,33.5853385925293,-7.6117582321167,"Male"
"6018403",371836,2025-10-01 07:51:35,33.5854949951172,-7.61121368408203,"Male"
"6018403",371836,2025-10-01 08:01:03,33.5854148864746,-7.61126041412354,"Male"
"6018403",371836,2025-10-01 08:11:06,33.585506439209,-7.61121940612793,"Male"
"6018403",371836,2025-10-01 08:21:18,33.5854759216309,-7.61114072799683,"Male"
"6018403",371836,2025-10-01 08:31:12,33.5853958129883,-7.6110405921936,"Male"
"6018403",371836,2025-10-01 08:41:35,33.5855484008789,-7.61126565933228,"Male"
"6018403",371836,2025-10-01 08:51:03,33.5856666564941,-7.6115140914917,"Male"
"6018403",371836,2025-10-01 09:01:06,33.5855331420898,-7.61102485656738,"Male"
"6018403",371836,2025-10-01 09:11:07,33.5854415893555,-7.61115169525146,"Male"
"6018403",371836,2025-10-01 09:21:04,33.5854339599609,-7.61105871200562,"Male"
"6018403",371836,2025-10-01 09:31:06,33.5854911804199,-7.61114358901978,"Male"
"6018403",371836,2025-10-01 09:41:06,33.5854949951172,-7.61115026473999,"Male"
"6018403",371836,2025-10-01 09:51:13,33.5855178833008,-7.61114835739136,"Male"
"6018403",371836,2025-10-01 10:01:14,33.5855026245117,-7.61131620407104,"Male"
"6018403",371836,2025-10-01 10:11:00,33.5865936279297,-7.59945487976074,"Male"
"6018403",371836,2025-10-01 10:20:59,33.5869674682617,-7.59958982467651,"Male"
"6018403",371836,2025-10-01 10:31:03,33.5870399475098,-7.59970045089722,"Male"
"6018403",371836,2025-10-01 10:41:02,33.5866241455078,-7.60128736495972,"Male"
"6018403",371836,2025-10-01 10:51:35,33.5862884521484,-7.60122871398926,"Male"
"6018403",371836,2025-10-01 11:01:01,33.586311340332,-7.6012487411499,"Male"
"6018403",371836,2025-10-01 11:10:58,33.5862846374512,-7.60126399993896,"Male"
"6018403",371836,2025-10-01 11:21:01,33.5863075256348,-7.60126876831055,"Male"
"6018403",371836,2025-10-01 11:31:00,33.5862998962402,-7.60130834579468,"Male"
"6018403",371836,2025-10-01 11:40:59,33.5865631103516,-7.60166549682617,"Male"
"6018403",371836,2025-10-01 11:51:03,33.5862579345703,-7.60117435455322,"Male"
"6018403",371836,2025-10-01 12:01:07,33.5861511230469,-7.60127305984497,"Male"
"6018403",371836,2025-10-01 12:11:35,33.5862655639648,-7.60123586654663,"Male"
"6018403",371836,2025-10-01 12:20:59,33.5863342285156,-7.60123825073242,"Male"
"6018403",371836,2025-10-01 12:31:01,33.5862045288086,-7.60130214691162,"Male"
"6018403",371836,2025-10-01 12:41:01,33.5862121582031,-7.60124158859253,"Male"
"6018403",371836,2025-10-01 12:50:58,33.5861282348633,-7.60134363174438,"Male"
"6018403",371836,2025-10-01 13:01:00,33.5862731933594,-7.60131216049194,"Male"
"6018403",371836,2025-10-01 13:10:59,33.5862846374512,-7.60117101669312,"Male"
"6018403",371836,2025-10-01 13:20:58,33.5862731933594,-7.60119533538818,"Male"
"6018403",371836,2025-10-01 13:31:04,33.5863075256348,-7.60126161575317,"Male"
"6018403",371836,2025-10-01 13:41:01,33.586238861084,-7.60119009017944,"Male"
"6018403",371836,2025-10-01 13:51:36,33.5861358642578,-7.60126972198486,"Male"
"6018403",371836,2025-10-01 14:00:59,33.5863456726074,-7.60128688812256,"Male"
"6018403",371836,2025-10-01 14:10:59,33.5863456726074,-7.60130453109741,"Male"
"6018403",371836,2025-10-01 14:20:59,33.5864372253418,-7.60143566131592,"Male"
"6018403",371836,2025-10-01 14:30:59,33.5653228759766,-7.58954429626465,"Male"
"6018403",371836,2025-10-01 14:41:08,33.4867897033691,-7.54412078857422,"Male"
"6018403",371836,2025-10-01 14:51:03,33.4800262451172,-7.54141187667847,"Male"
"6018403",371836,2025-10-01 15:01:01,33.4787979125977,-7.54267120361328,"Male"
"6018403",371836,2025-10-01 15:11:35,33.4789276123047,-7.54276132583618,"Male"
"6018403",371836,2025-10-01 15:20:59,33.478946685791,-7.54277038574219,"Male"
"6018403",371836,2025-10-01 15:30:59,33.4786720275879,-7.54250574111938,"Male"
"6018403",371836,2025-10-01 15:41:00,33.4876441955566,-7.54601907730103,"Male"
"6018403",371836,2025-10-01 15:51:01,33.4793968200684,-7.54220104217529,"Male"
"6018403",371836,2025-10-01 16:01:12,33.4796257019043,-7.54210090637207,"Male"
"6018403",371836,2025-10-01 16:11:06,33.4795989990234,-7.54219627380371,"Male"
"6018403",371836,2025-10-01 16:21:14,33.4795303344727,-7.54215621948242,"Male"
"6018403",371836,2025-10-01 16:31:01,33.4794120788574,-7.54211330413818,"Male"
"6018403",371836,2025-10-01 16:41:45,33.484073638916,-7.54040575027466,"Male"
"6018403",371836,2025-10-01 16:51:35,33.4845733642578,-7.54065942764282,"Male"
"6018403",371836,2025-10-01 17:00:59,33.4847259521484,-7.54071521759033,"Male"
"6018403",371836,2025-10-01 17:11:00,33.4846611022949,-7.539963722229,"Male"
"6018403",371836,2025-10-01 17:20:59,33.4848709106445,-7.5399341583252,"Male"
"6018403",371836,2025-10-01 17:31:00,33.4848785400391,-7.53984785079956,"Male"
"6018403",371836,2025-10-01 17:41:02,33.4850997924805,-7.54008102416992,"Male"
"6018403",371836,2025-10-01 17:51:01,33.4840850830078,-7.53908586502075,"Male"
"6018403",371836,2025-10-01 18:01:14,33.4843368530273,-7.53912973403931,"Male"
"6018403",371836,2025-10-01 18:11:00,33.4847793579102,-7.53969383239746,"Male"
"6018403",371836,2025-10-01 18:21:03,33.5090789794922,-7.56332445144653,"Male"
"6018403",371836,2025-10-01 18:31:07,33.5488166809082,-7.59658622741699,"Male"
"6018403",371836,2025-10-01 18:40:58,33.6004486083984,-7.60645532608032,"Male"
"6018403",371836,2025-10-01 18:51:14,33.6019897460938,-7.60565996170044,"Male"
"6018403",371836,2025-10-01 19:01:09,33.6018981933594,-7.60570812225342,"Male"
"6018403",371836,2025-10-01 19:11:17,33.6020660400391,-7.60573101043701,"Male"
"6018403",371836,2025-10-01 19:21:05,33.6019439697266,-7.60563564300537,"Male"
"6018403",371836,2025-10-01 19:31:05,33.6019477844238,-7.60566997528076,"Male"
"6018403",371836,2025-10-01 19:41:05,33.602165222168,-7.6059103012085,"Male"
"6018403",371836,2025-10-01 19:51:14,33.6020088195801,-7.60584354400635,"Male"
"6018403",371836,2025-10-01 20:01:03,33.6020622253418,-7.60590600967407,"Male"
"6018403",371836,2025-10-01 20:11:14,33.601993560791,-7.60577440261841,"Male"
"6018403",371836,2025-10-01 20:21:01,33.6021614074707,-7.60576438903809,"Male"
"6018403",371836,2025-10-01 20:31:35,33.601978302002,-7.60571193695068,"Male"
"6018403",371836,2025-10-01 20:41:01,33.6018714904785,-7.60568714141846,"Male"
"6018403",371836,2025-10-01 20:51:00,33.601863861084,-7.60564947128296,"Male"
"6018403",371836,2025-10-01 21:01:06,33.6018028259277,-7.6057014465332,"Male"
"6018403",371836,2025-10-01 21:10:59,33.601879119873,-7.60562133789062,"Male"
"6018403",371836,2025-10-01 21:21:07,33.6018447875977,-7.60570430755615,"Male"
"6018403",371836,2025-10-01 21:31:06,33.601863861084,-7.60566663742065,"Male"
"6018403",371836,2025-10-01 21:41:11,33.6019287109375,-7.60533046722412,"Male"
"6018403",371836,2025-10-01 21:51:21,33.6013374328613,-7.60685110092163,"Male"
"6018403",371836,2025-10-01 22:01:06,33.6017150878906,-7.6059365272522,"Male"
"6018403",371836,2025-10-01 22:11:14,33.6017379760742,-7.60564565658569,"Male"
"6018403",371836,2025-10-01 22:21:35,33.6018447875977,-7.60571098327637,"Male"
"6018403",371836,2025-10-01 22:30:59,33.6018753051758,-7.60569763183594,"Male"
"6018403",371836,2025-10-01 22:41:00,33.6017799377441,-7.60563945770264,"Male"
"6018403",371836,2025-10-01 22:51:01,33.6018142700195,-7.60553169250488,"Male"
"6018403",371836,2025-10-01 23:01:02,33.601863861084,-7.60579490661621,"Male"
"6018403",371836,2025-10-01 23:11:01,33.6018447875977,-7.60559415817261,"Male"
"6018403",371836,2025-10-01 23:20:59,33.601921081543,-7.60569190979004,"Male"
"6018403",371836,2025-10-01 23:31:01,33.6025009155273,-7.60582733154297,"Male"
"6018403",371836,2025-10-01 23:41:00,33.6019744873047,-7.60578632354736,"Male"
"6018403",371836,2025-10-01 23:51:03,33.6017875671387,-7.60570764541626,"Male"
"6018403",371836,2025-10-02 00:01:06,33.6017608642578,-7.60577344894409,"Male"
"6018403",371836,2025-10-02 00:11:01,33.6019096374512,-7.60546398162842,"Male"
"6018403",371836,2025-10-02 00:21:01,33.6016693115234,-7.60533142089844,"Male"
"6018403",371836,2025-10-02 00:31:06,33.6018447875977,-7.60564947128296,"Male"
"6018403",371836,2025-10-02 00:41:12,33.6018142700195,-7.6056056022644,"Male"
"6018403",371836,2025-10-02 00:51:13,33.601921081543,-7.60569095611572,"Male"
"6018403",371836,2025-10-02 01:01:13,33.6018333435059,-7.60549926757812,"Male"
"6018403",371836,2025-10-02 01:11:10,33.6017875671387,-7.60515737533569,"Male"
"6018403",371836,2025-10-02 01:21:08,33.601734161377,-7.60585451126099,"Male"
"6018403",371836,2025-10-02 01:31:08,33.6017761230469,-7.60586214065552,"Male"
"6018403",371836,2025-10-02 01:41:06,33.6017189025879,-7.60577011108398,"Male"
"6018403",371836,2025-10-02 01:51:14,33.601806640625,-7.60611581802368,"Male"
"6018403",371836,2025-10-02 02:01:35,33.6018524169922,-7.60569763183594,"Male"
"6018403",371836,2025-10-02 02:10:59,33.601921081543,-7.60566234588623,"Male"
"6018403",371836,2025-10-02 02:20:59,33.6018371582031,-7.60574340820312,"Male"
"6018403",371836,2025-10-02 02:30:58,33.6019515991211,-7.60565757751465,"Male"
"6018403",371836,2025-10-02 02:40:58,33.601806640625,-7.60572576522827,"Male"
"6018403",371836,2025-10-02 02:50:59,33.6017799377441,-7.60566711425781,"Male"
"6018403",371836,2025-10-02 03:01:00,33.6019897460938,-7.60569143295288,"Male"
"6018403",371836,2025-10-02 03:11:01,33.6017990112305,-7.60554456710815,"Male"
"6018403",371836,2025-10-02 03:21:03,33.6018829345703,-7.6056718826294,"Male"
"6018403",371836,2025-10-02 03:31:03,33.6019325256348,-7.60579061508179,"Male"
"6018403",371836,2025-10-02 03:41:08,33.6017990112305,-7.60555744171143,"Male"
"6018403",371836,2025-10-02 03:51:07,33.6018028259277,-7.60559272766113,"Male"
"6018403",371836,2025-10-02 04:01:14,33.601879119873,-7.60560655593872,"Male"
"6018403",371836,2025-10-02 04:11:08,33.6019248962402,-7.6056547164917,"Male"
"6018403",371836,2025-10-02 04:21:06,33.6021003723145,-7.60565137863159,"Male"
"6018403",371836,2025-10-02 04:31:09,33.6018829345703,-7.60584688186646,"Male"
"6018403",371836,2025-10-02 04:41:17,33.6015930175781,-7.60557556152344,"Male"
"6018403",371836,2025-10-02 04:51:35,33.6018562316895,-7.60570526123047,"Male"
"6018403",371836,2025-10-02 05:00:58,33.6018562316895,-7.60566186904907,"Male"
"6018403",371836,2025-10-02 05:11:00,33.6019325256348,-7.60566759109497,"Male"
"6018403",371836,2025-10-02 05:20:58,33.6018371582031,-7.6057186126709,"Male"
"6018403",371836,2025-10-02 05:30:59,33.6019020080566,-7.60558271408081,"Male"
"6018403",371836,2025-10-02 05:40:59,33.6019325256348,-7.60561656951904,"Male"
"6018403",371836,2025-10-02 05:51:00,33.6018829345703,-7.60562705993652,"Male"
"6018403",371836,2025-10-02 06:00:59,33.6018562316895,-7.60561370849609,"Male"
"6018403",371836,2025-10-02 06:10:59,33.6022071838379,-7.60572862625122,"Male"
"6018403",371836,2025-10-02 06:20:58,33.6019592285156,-7.671142578125,"Male"
"6018403",371836,2025-10-02 06:30:59,33.5977668762207,-7.63815975189209,"Male"
"6018403",371836,2025-10-02 06:41:00,33.5978393554688,-7.6381425857544,"Male"
"6018403",371836,2025-10-02 06:50:59,33.5937728881836,-7.62817859649658,"Male"
"6018403",371836,2025-10-02 07:01:06,33.5881042480469,-7.61175203323364,"Male"
"6018403",371836,2025-10-02 07:11:00,33.5881576538086,-7.61180400848389,"Male"
"6018403",371836,2025-10-02 07:21:00,33.5881500244141,-7.61172437667847,"Male"
"6018403",371836,2025-10-02 07:31:00,33.5881996154785,-7.61178684234619,"Male"
"6018403",371836,2025-10-02 07:41:00,33.5881881713867,-7.61170864105225,"Male"
"6018403",371836,2025-10-02 07:51:03,33.5882568359375,-7.61173439025879,"Male"
"6018403",371836,2025-10-02 08:01:35,33.5881614685059,-7.6116828918457,"Male"
"6018403",371836,2025-10-02 08:11:06,33.5878944396973,-7.61129283905029,"Male"
"6018403",371836,2025-10-02 08:21:06,33.5882568359375,-7.61167907714844,"Male"
"6018403",371836,2025-10-02 08:31:04,33.5882568359375,-7.6117000579834,"Male"
"6018403",371836,2025-10-02 08:41:05,33.5881805419922,-7.61171913146973,"Male"
"6018403",371836,2025-10-02 08:51:07,33.5882301330566,-7.61170625686646,"Male"
"6018403",371836,2025-10-02 09:01:13,33.5881538391113,-7.61161422729492,"Male"
"6018403",371836,2025-10-02 09:11:14,33.588191986084,-7.61171531677246,"Male"
"6018403",371836,2025-10-02 09:21:06,33.5880699157715,-7.61157560348511,"Male"
"6018403",371836,2025-10-02 09:31:10,33.589168548584,-7.61007404327393,"Male"
"6018403",371836,2025-10-02 09:41:06,33.5891304016113,-7.60993242263794,"Male"
"6018403",371836,2025-10-02 09:51:35,33.589038848877,-7.61012840270996,"Male"
"6018403",371836,2025-10-02 10:01:14,33.5889663696289,-7.60991907119751,"Male"
"6018403",371836,2025-10-02 10:11:35,33.5888710021973,-7.60986042022705,"Male"
"6018403",371836,2025-10-02 10:21:35,33.5888900756836,-7.61139249801636,"Male"
"6018403",371836,2025-10-02 10:30:59,33.5889663696289,-7.61126041412354,"Male"
"6018403",371836,2025-10-02 10:41:09,33.5889663696289,-7.61134195327759,"Male"
"6018403",371836,2025-10-02 10:51:11,33.5890312194824,-7.61133813858032,"Male"
"6018403",371836,2025-10-02 11:01:06,33.5878067016602,-7.61065578460693,"Male"
"6018403",371836,2025-10-02 11:11:08,33.5935249328613,-7.61530256271362,"Male"
"6018403",371836,2025-10-02 11:21:08,33.5934295654297,-7.61520957946777,"Male"
"6018403",371836,2025-10-02 11:31:08,33.5933609008789,-7.61523342132568,"Male"
"6018403",371836,2025-10-02 11:41:01,33.5934143066406,-7.61529922485352,"Male"
"6018403",371836,2025-10-02 11:51:14,33.5933876037598,-7.61529207229614,"Male"
"6018403",371836,2025-10-02 12:01:08,33.5934982299805,-7.61536264419556,"Male"
"6018403",371836,2025-10-02 12:11:02,33.5936279296875,-7.61525917053223,"Male"
"6018403",371836,2025-10-02 12:21:00,33.5932235717773,-7.61507654190063,"Male"
"6018403",371836,2025-10-02 12:31:07,33.5936393737793,-7.61512660980225,"Male"
"6018403",371836,2025-10-02 12:41:15,33.5984382629395,-7.62792158126831,"Male"
"6018403",371836,2025-10-02 12:51:35,33.598445892334,-7.62790250778198,"Male"
"6018403",371836,2025-10-02 13:01:01,33.5984954833984,-7.62794399261475,"Male"
"6018403",371836,2025-10-02 13:10:59,33.5984764099121,-7.62787628173828,"Male"
"6018403",371836,2025-10-02 13:21:00,33.5984497070312,-7.62787961959839,"Male"
"6018403",371836,2025-10-02 13:31:02,33.5984191894531,-7.62802886962891,"Male"
"6018403",371836,2025-10-02 13:41:01,33.5983467102051,-7.62799310684204,"Male"
"6018403",371836,2025-10-02 13:51:01,33.5984344482422,-7.62803268432617,"Male"
"6018403",371836,2025-10-02 14:01:14,33.5984153747559,-7.62792444229126,"Male"
"6018403",371836,2025-10-02 14:11:03,33.598503112793,-7.62820959091187,"Male"
"6018403",371836,2025-10-02 14:21:00,33.5983810424805,-7.62791395187378,"Male"
"6018403",371836,2025-10-02 14:31:07,33.5983390808105,-7.62784385681152,"Male"
"6018403",371836,2025-10-02 14:41:15,33.5982322692871,-7.62756443023682,"Male"
"6018403",371836,2025-10-02 14:51:35,33.5984954833984,-7.62789344787598,"Male"
"6018403",371836,2025-10-02 15:01:00,33.5985450744629,-7.62793207168579,"Male"
"6018403",371836,2025-10-02 15:10:59,33.598388671875,-7.62791776657104,"Male"
"6018403",371836,2025-10-02 15:20:59,33.5982780456543,-7.65807723999023,"Male"
"6018403",371836,2025-10-02 15:30:59,33.598274230957,-7.65806293487549,"Male"
"6018403",371836,2025-10-02 15:41:02,33.5983047485352,-7.65797758102417,"Male"
"6018403",371836,2025-10-02 15:51:00,33.5982093811035,-7.65786075592041,"Male"
"6018403",371836,2025-10-02 16:01:35,33.6039848327637,-7.66105842590332,"Male"
"6018403",371836,2025-10-02 16:10:59,33.5982627868652,-7.64856290817261,"Male"
"6018403",371836,2025-10-02 16:21:02,33.5983047485352,-7.64862585067749,"Male"
"6018403",371836,2025-10-02 16:31:02,33.598217010498,-7.64854145050049,"Male"
"6018403",371836,2025-10-02 16:41:03,33.5982704162598,-7.64852619171143,"Male"
"6018403",371836,2025-10-02 16:51:03,33.5982856750488,-7.64858102798462,"Male"
"6018403",371836,2025-10-02 17:01:01,33.5982093811035,-7.64855623245239,"Male"
"6018403",371836,2025-10-02 17:11:02,33.5982551574707,-7.64842844009399,"Male"
"6018403",371836,2025-10-02 17:21:01,33.5981483459473,-7.64844608306885,"Male"
"6018403",371836,2025-10-02 17:31:01,33.5981826782227,-7.6484694480896,"Male"
"6018403",371836,2025-10-02 17:41:00,33.5984344482422,-7.64858245849609,"Male"
"6018403",371836,2025-10-02 17:51:01,33.5954399108887,-7.6233081817627,"Male"
"6018403",371836,2025-10-02 18:00:59,33.5936813354492,-7.61203670501709,"Male"
"6018403",371836,2025-10-02 18:11:02,33.5940437316895,-7.611403465271,"Male"
"6018403",371836,2025-10-02 18:21:35,33.5960540771484,-7.61638355255127,"Male"
"6018403",371836,2025-10-02 18:31:04,33.5961151123047,-7.61620140075684,"Male"
"6018403",371836,2025-10-02 18:40:59,33.6018829345703,-7.60594367980957,"Male"
"6018403",371836,2025-10-02 18:51:01,33.6018142700195,-7.60611343383789,"Male"
"6018403",371836,2025-10-02 19:01:06,33.6018104553223,-7.60592746734619,"Male"
"6018403",371836,2025-10-02 19:11:00,33.6019744873047,-7.60600090026855,"Male"
"6018403",371836,2025-10-02 19:21:01,33.601879119873,-7.60601711273193,"Male"
"6018403",371836,2025-10-02 19:31:06,33.6018867492676,-7.60604381561279,"Male"
"6018403",371836,2025-10-02 19:41:03,33.6021308898926,-7.60618877410889,"Male"
"6018403",371836,2025-10-02 19:51:11,33.6019744873047,-7.60602951049805,"Male"
"6018403",371836,2025-10-02 20:01:06,33.601921081543,-7.60607576370239,"Male"
"6018403",371836,2025-10-02 20:11:07,33.6019248962402,-7.6058521270752,"Male"
"6018403",371836,2025-10-02 20:21:14,33.6019439697266,-7.60590839385986,"Male"
"6018403",371836,2025-10-02 20:31:04,33.601863861084,-7.6059398651123,"Male"
"6018403",371836,2025-10-02 20:41:07,33.6022033691406,-7.60610055923462,"Male"
"6018403",371836,2025-10-02 20:51:14,33.601978302002,-7.60605239868164,"Male"
"6018403",371836,2025-10-02 21:01:03,33.601734161377,-7.6057391166687,"Male"
"6018403",371836,2025-10-02 21:11:14,33.6017875671387,-7.60580348968506,"Male"
"6018403",371836,2025-10-02 21:21:01,33.6021957397461,-7.60607099533081,"Male"
"6018403",371836,2025-10-02 21:31:06,33.6019668579102,-7.60605478286743,"Male"
"6018403",371836,2025-10-02 21:41:01,33.6020851135254,-7.60639095306396,"Male"
"6018403",371836,2025-10-02 21:51:15,33.6017608642578,-7.60401725769043,"Male"
"6018403",371836,2025-10-02 22:01:15,33.6019287109375,-7.60610437393188,"Male"
"6018403",371836,2025-10-02 22:11:35,33.601936340332,-7.60595321655273,"Male"
"6018403",371836,2025-10-02 22:20:59,33.6019897460938,-7.60584163665771,"Male"
"6018403",371836,2025-10-02 22:31:01,33.6018981933594,-7.60583782196045,"Male"
"6018403",371836,2025-10-02 22:41:01,33.601993560791,-7.60602331161499,"Male"
"6018403",371836,2025-10-02 22:51:03,33.6020851135254,-7.60598611831665,"Male"
"6018403",371836,2025-10-02 23:01:02,33.6019668579102,-7.60591888427734,"Male"
"6018403",371836,2025-10-02 23:11:04,33.6019706726074,-7.60597038269043,"Male"
"6018403",371836,2025-10-02 23:21:03,33.6023902893066,-7.60660648345947,"Male"
"6018403",371836,2025-10-02 23:31:01,33.6021614074707,-7.60627937316895,"Male"
"6018403",371836,2025-10-02 23:41:03,33.6019859313965,-7.60610008239746,"Male"
"6018403",371836,2025-10-02 23:51:06,33.6018981933594,-7.60592555999756,"Male"
"6018403",371836,2025-10-03 00:01:14,33.6018333435059,-7.60569667816162,"Male"
"6018403",371836,2025-10-03 00:11:33,33.6019020080566,-7.60583686828613,"Male"
"6018403",371836,2025-10-03 00:20:59,33.6018333435059,-7.60590362548828,"Male"
"6018403",371836,2025-10-03 00:31:00,33.6019325256348,-7.60594606399536,"Male"
"6018403",371836,2025-10-03 00:40:59,33.6017570495605,-7.60616397857666,"Male"
"6018403",371836,2025-10-03 00:50:59,33.6019630432129,-7.60611915588379,"Male"
"6018403",371836,2025-10-03 01:00:59,33.6017684936523,-7.60599136352539,"Male"
"6018403",371836,2025-10-03 01:11:01,33.6017074584961,-7.60587310791016,"Male"
"6018403",371836,2025-10-03 01:21:01,33.601806640625,-7.60544347763062,"Male"
"6018403",371836,2025-10-03 01:31:06,33.6018409729004,-7.60533285140991,"Male"
"6018403",371836,2025-10-03 01:41:11,33.6018409729004,-7.60556983947754,"Male"
"6018403",371836,2025-10-03 01:51:01,33.601993560791,-7.60614156723022,"Male"
"6018403",371836,2025-10-03 02:01:02,33.6016120910645,-7.60562658309937,"Male"
"6018403",371836,2025-10-03 02:11:05,33.6017990112305,-7.60599613189697,"Male"
"6018403",371836,2025-10-03 02:21:14,33.6018600463867,-7.60601997375488,"Male"
"6018403",371836,2025-10-03 02:31:03,33.601863861084,-7.60604906082153,"Male"
"6018403",371836,2025-10-03 02:41:10,33.6006164550781,-7.60553693771362,"Male"
"6018403",371836,2025-10-03 02:51:12,33.6018218994141,-7.60605001449585,"Male"
"6018403",371836,2025-10-03 03:01:03,33.6011962890625,-7.60574054718018,"Male"
"6018403",371836,2025-10-03 03:11:10,33.6018753051758,-7.60600757598877,"Male"
"6018403",371836,2025-10-03 03:21:12,33.6019859313965,-7.60604476928711,"Male"
"6018403",371836,2025-10-03 03:31:01,33.602123260498,-7.60606145858765,"Male"
"6018403",371836,2025-10-03 03:41:04,33.6020965576172,-7.60598945617676,"Male"
"6018403",371836,2025-10-03 03:51:44,33.6019477844238,-7.60606575012207,"Male"
"6018403",371836,2025-10-03 04:01:16,33.6027336120605,-7.60640335083008,"Male"
"6018403",371836,2025-10-03 04:11:08,33.6018295288086,-7.60601472854614,"Male"
"6018403",371836,2025-10-03 04:21:09,33.601993560791,-7.60608148574829,"Male"
"6018403",371836,2025-10-03 04:31:15,33.6015281677246,-7.6060152053833,"Male"
"6018403",371836,2025-10-03 04:41:03,33.6015281677246,-7.60604906082153,"Male"
"6018403",371836,2025-10-03 04:51:14,33.6014289855957,-7.60599136352539,"Male"
"6018403",371836,2025-10-03 05:01:07,33.6013526916504,-7.60583019256592,"Male"
"6018403",371836,2025-10-03 05:11:31,33.6020355224609,-7.60518646240234,"Male"
"6018403",371836,2025-10-03 05:21:01,33.6021308898926,-7.60619020462036,"Male"
"6018403",371836,2025-10-03 05:31:00,33.6017684936523,-7.60578584671021,"Male"
"6018403",371836,2025-10-03 05:41:00,33.6021385192871,-7.60599994659424,"Male"
"6018403",371836,2025-10-03 05:51:04,33.6018028259277,-7.60596656799316,"Male"
"6018403",371836,2025-10-03 06:01:01,33.6019058227539,-7.60588407516479,"Male"
"6018403",371836,2025-10-03 06:11:35,33.5986785888672,-7.60821437835693,"Male"
"6018403",371836,2025-10-03 06:21:02,33.5891571044922,-7.66227054595947,"Male"
"6018403",371836,2025-10-03 06:31:03,33.5910263061523,-7.69086265563965,"Male"
"6018403",371836,2025-10-03 06:41:05,33.5756454467773,-7.67066144943237,"Male"
"6018403",371836,2025-10-03 06:51:08,33.5854034423828,-7.61970138549805,"Male"
"6018403",371836,2025-10-03 07:01:12,33.5854606628418,-7.61120223999023,"Male"
"6018403",371836,2025-10-03 07:11:09,33.5892028808594,-7.61010599136353,"Male"
"6018403",371836,2025-10-03 07:21:04,33.5881729125977,-7.61171722412109,"Male"
"6018403",371836,2025-10-03 07:31:04,33.5881614685059,-7.61204528808594,"Male"
"6018403",371836,2025-10-03 07:41:03,33.5882835388184,-7.61152172088623,"Male"
"6018403",371836,2025-10-03 07:51:07,33.5882377624512,-7.61170291900635,"Male"
"6018403",371836,2025-10-03 08:01:35,33.5881614685059,-7.61159801483154,"Male"
"6018403",371836,2025-10-03 08:11:03,33.5882453918457,-7.61171960830688,"Male"
"6018403",371836,2025-10-03 08:21:02,33.5882377624512,-7.61170339584351,"Male"
"6018403",371836,2025-10-03 08:31:03,33.5882530212402,-7.61170101165771,"Male"
"6018403",371836,2025-10-03 08:41:01,33.5881996154785,-7.61165475845337,"Male"
"6018403",371836,2025-10-03 08:51:00,33.5882415771484,-7.61171627044678,"Male"
"6018403",371836,2025-10-03 09:01:01,33.5881576538086,-7.61165904998779,"Male"
"6018403",371836,2025-10-03 09:11:03,33.5881309509277,-7.61161518096924,"Male"
"6018403",371836,2025-10-03 09:21:15,33.5883560180664,-7.61169528961182,"Male"
"6018403",371836,2025-10-03 09:31:05,33.5881576538086,-7.61157941818237,"Male"
"6018403",371836,2025-10-03 09:41:06,33.5878524780273,-7.61136817932129,"Male"
"6018403",371836,2025-10-03 09:51:07,33.5892295837402,-7.61281728744507,"Male"
"6018403",371836,2025-10-03 10:01:35,33.5881958007812,-7.6117000579834,"Male"
"6018403",371836,2025-10-03 10:11:01,33.5881652832031,-7.61161470413208,"Male"
"6018403",371836,2025-10-03 10:21:01,33.5882377624512,-7.61163759231567,"Male"
"6018403",371836,2025-10-03 10:31:07,33.5878562927246,-7.6117901802063,"Male"
"6018403",371836,2025-10-03 10:41:09,33.5881538391113,-7.61175727844238,"Male"
"6018403",371836,2025-10-03 10:51:09,33.588207244873,-7.61166524887085,"Male"
"6018403",371836,2025-10-03 11:01:15,33.5882415771484,-7.61176347732544,"Male"
"6018403",371836,2025-10-03 11:11:09,33.588134765625,-7.61140727996826,"Male"
"6018403",371836,2025-10-03 11:21:09,33.5883445739746,-7.61190223693848,"Male"
"6018403",371836,2025-10-03 11:31:14,33.5882682800293,-7.61174392700195,"Male"
"6018403",371836,2025-10-03 11:40:59,33.5673522949219,-7.57017803192139,"Male"
"6018403",371836,2025-10-03 11:51:07,33.5322761535645,-7.55385112762451,"Male"
"6018403",371836,2025-10-03 12:01:09,33.4797134399414,-7.54238700866699,"Male"
"6018403",371836,2025-10-03 12:11:20,33.4797096252441,-7.54190158843994,"Male"
"6018403",371836,2025-10-03 12:21:35,33.479377746582,-7.54191303253174,"Male"
"6018403",371836,2025-10-03 12:31:09,33.4787940979004,-7.54226112365723,"Male"
"6018403",371836,2025-10-03 12:41:09,33.480094909668,-7.54200029373169,"Male"
"6018403",371836,2025-10-03 12:51:35,33.480037689209,-7.54211521148682,"Male"
"6018403",371836,2025-10-03 13:01:06,33.4799842834473,-7.54221487045288,"Male"
"6018403",371836,2025-10-03 13:11:07,33.480110168457,-7.54215860366821,"Male"
"6018403",371836,2025-10-03 13:21:02,33.4799346923828,-7.54199028015137,"Male"
"6018403",371836,2025-10-03 13:31:02,33.4799194335938,-7.54211139678955,"Male"
"6018403",371836,2025-10-03 13:41:01,33.479907989502,-7.54215240478516,"Male"
"6018403",371836,2025-10-03 13:51:31,33.4798812866211,-7.54207420349121,"Male"
"6018403",371836,2025-10-03 14:01:00,33.4792556762695,-7.54219818115234,"Male"
"6018403",371836,2025-10-03 14:11:00,33.4797554016113,-7.54227304458618,"Male"
"6018403",371836,2025-10-03 14:21:00,33.4797859191895,-7.54231262207031,"Male"
"6018403",371836,2025-10-03 14:30:59,33.4818572998047,-7.54450273513794,"Male"
"6018403",371836,2025-10-03 14:41:02,33.4817771911621,-7.54513025283813,"Male"
"6018403",371836,2025-10-03 14:51:01,33.4819068908691,-7.54397439956665,"Male"
"6018403",371836,2025-10-03 15:01:00,33.4819869995117,-7.54400300979614,"Male"
"6018403",371836,2025-10-03 15:11:01,33.4817008972168,-7.54429817199707,"Male"
"6018403",371836,2025-10-03 15:21:00,33.4818115234375,-7.54418182373047,"Male"
"6018403",371836,2025-10-03 15:31:02,33.4817504882812,-7.54417610168457,"Male"
"6018403",371836,2025-10-03 15:41:01,33.4817886352539,-7.54419803619385,"Male"
"6018403",371836,2025-10-03 15:51:35,33.4793434143066,-7.54139709472656,"Male"
"6018403",371836,2025-10-03 16:01:00,33.4793586730957,-7.5413384437561,"Male"
"6018403",371836,2025-10-03 16:10:59,33.4789428710938,-7.54175424575806,"Male"
"6018403",371836,2025-10-03 16:21:02,33.4788932800293,-7.54130220413208,"Male"
"6018403",371836,2025-10-03 16:31:01,33.478889465332,-7.5413007736206,"Male"
"6018403",371836,2025-10-03 16:41:01,33.4779396057129,-7.54169654846191,"Male"
"6018403",371836,2025-10-03 16:51:07,33.4788093566895,-7.54050254821777,"Male"
"6018403",371836,2025-10-03 17:01:09,33.4787178039551,-7.54053115844727,"Male"
"6018403",371836,2025-10-03 17:11:09,33.4786567687988,-7.54059839248657,"Male"
"6018403",371836,2025-10-03 17:21:09,33.4786109924316,-7.54052543640137,"Male"
"6018403",371836,2025-10-03 17:31:09,33.4786415100098,-7.54039859771729,"Male"
"6018403",371836,2025-10-03 17:41:14,33.4792442321777,-7.54085922241211,"Male"
"6018403",371836,2025-10-03 17:51:11,33.4792366027832,-7.54083251953125,"Male"
"6018403",371836,2025-10-03 18:01:28,33.4791030883789,-7.54126977920532,"Male"
"6018403",371836,2025-10-03 18:11:35,33.4789962768555,-7.5412425994873,"Male"
"6018403",371836,2025-10-03 18:21:00,33.4946098327637,-7.5455904006958,"Male"
"6018403",371836,2025-10-03 18:30:59,33.5326385498047,-7.56803464889526,"Male"
"6018403",371836,2025-10-03 18:41:02,33.5786628723145,-7.59168815612793,"Male"
"6018403",371836,2025-10-03 18:51:14,33.6019973754883,-7.60594940185547,"Male"
"6018403",371836,2025-10-03 19:01:09,33.6019477844238,-7.6061601638794,"Male"
"6018403",371836,2025-10-03 19:11:01,33.6018447875977,-7.60589408874512,"Male"
"6018403",371836,2025-10-03 19:21:12,33.6018943786621,-7.60564041137695,"Male"
"6018403",371836,2025-10-03 19:31:13,33.6019859313965,-7.60596656799316,"Male"
"6018403",371836,2025-10-03 19:41:00,33.6019172668457,-7.60571098327637,"Male"
"6018403",371836,2025-10-03 19:51:35,33.6019477844238,-7.60606670379639,"Male"
"6018403",371836,2025-10-03 20:01:01,33.6019134521484,-7.60615301132202,"Male"
"6018403",371836,2025-10-03 20:11:02,33.6018829345703,-7.60602855682373,"Male"
"6018403",371836,2025-10-03 20:21:12,33.602725982666,-7.60698699951172,"Male"
"6018403",371836,2025-10-03 20:30:59,33.6017875671387,-7.60582876205444,"Male"
"6018403",371836,2025-10-03 20:41:05,33.6018676757812,-7.60599231719971,"Male"
"6018403",371836,2025-10-03 20:51:09,33.6018943786621,-7.60604047775269,"Male"
"6018403",371836,2025-10-03 21:01:08,33.6019020080566,-7.60604000091553,"Male"
"6018403",371836,2025-10-03 21:11:10,33.6019058227539,-7.60595750808716,"Male"
"6018403",371836,2025-10-03 21:21:12,33.6019592285156,-7.60605812072754,"Male"
"6018403",371836,2025-10-03 21:31:12,33.601936340332,-7.60590791702271,"Male"
"6018403",371836,2025-10-03 21:41:09,33.6023559570312,-7.6055703163147,"Male"
"6018403",371836,2025-10-03 21:51:09,33.6022567749023,-7.60539436340332,"Male"
"6018403",371836,2025-10-03 22:01:12,33.601978302002,-7.60493898391724,"Male"
"6018403",371836,2025-10-03 22:11:14,33.6018562316895,-7.60576105117798,"Male"
"6018403",371836,2025-10-03 22:21:35,33.601863861084,-7.60598611831665,"Male"
"6018403",371836,2025-10-03 22:31:00,33.6018600463867,-7.60595989227295,"Male"
"6018403",371836,2025-10-03 22:41:01,33.6020774841309,-7.60639047622681,"Male"
"6018403",371836,2025-10-03 22:51:02,33.6020011901855,-7.60625553131104,"Male"
"6018403",371836,2025-10-03 23:01:01,33.6020469665527,-7.60619926452637,"Male"
"6018403",371836,2025-10-03 23:11:01,33.6022415161133,-7.60645580291748,"Male"
"6018403",371836,2025-10-03 23:21:02,33.601806640625,-7.60607004165649,"Male"
"6018403",371836,2025-10-03 23:31:09,33.6018753051758,-7.60603094100952,"Male"
"6018403",371836,2025-10-03 23:41:09,33.601734161377,-7.60608673095703,"Male"
"6018403",371836,2025-10-03 23:51:09,33.6017227172852,-7.6061635017395,"Male"
"6018403",371836,2025-10-04 00:01:35,33.6018333435059,-7.6059627532959,"Male"
"6018403",371836,2025-10-04 00:10:59,33.6019287109375,-7.60594367980957,"Male"
"6018403",371836,2025-10-04 00:21:00,33.6018218994141,-7.60603380203247,"Male"
"6018403",371836,2025-10-04 00:31:00,33.6018333435059,-7.60604381561279,"Male"
"6018403",371836,2025-10-04 00:40:59,33.601806640625,-7.60597515106201,"Male"
"6018403",371836,2025-10-04 00:50:59,33.6018295288086,-7.60605144500732,"Male"
"6018403",371836,2025-10-04 01:01:01,33.6019439697266,-7.60599899291992,"Male"
"6018403",371836,2025-10-04 01:10:59,33.6019020080566,-7.60604572296143,"Male"
"6018403",371836,2025-10-04 01:21:01,33.6016998291016,-7.60607004165649,"Male"
"6018403",371836,2025-10-04 01:31:01,33.6019248962402,-7.6060962677002,"Male"
"6018403",371836,2025-10-04 01:41:02,33.601863861084,-7.60590648651123,"Male"
"6018403",371836,2025-10-04 01:51:02,33.6018295288086,-7.60596036911011,"Male"
"6018403",371836,2025-10-04 02:01:03,33.6018142700195,-7.60593700408935,"Male"
"6018403",371836,2025-10-04 02:11:04,33.6018028259277,-7.60620164871216,"Male"
"6018403",371836,2025-10-04 02:21:06,33.6018676757812,-7.60630702972412,"Male"
"6018403",371836,2025-10-04 02:31:02,33.599006652832,-7.60607624053955,"Male"
"6018403",371836,2025-10-04 02:41:06,33.6018676757812,-7.60601758956909,"Male"
"6018403",371836,2025-10-04 02:51:01,33.6018371582031,-7.60648059844971,"Male"
"6018403",371836,2025-10-04 03:01:01,33.6018943786621,-7.60612487792969,"Male"
"6018403",371836,2025-10-04 03:11:02,33.6019973754883,-7.60634517669678,"Male"
"6018403",371836,2025-10-04 03:21:03,33.6019706726074,-7.60655117034912,"Male"
"6018403",371836,2025-10-04 03:31:09,33.6019554138184,-7.60610055923462,"Male"
"6018403",371836,2025-10-04 03:41:04,33.6018600463867,-7.60595989227295,"Male"
"6018403",371836,2025-10-04 03:51:13,33.6018257141113,-7.60633563995361,"Male"
"6018403",371836,2025-10-04 04:01:09,33.6019172668457,-7.60582304000854,"Male"
"6018403",371836,2025-10-04 04:11:15,33.6018333435059,-7.60632419586182,"Male"
"6018403",371836,2025-10-04 04:21:09,33.6019439697266,-7.60617685317993,"Male"
"6018403",371836,2025-10-04 04:31:15,33.6018867492676,-7.60607242584229,"Male"
"6018403",371836,2025-10-04 04:41:09,33.6019058227539,-7.60599136352539,"Male"
"6018403",371836,2025-10-04 04:51:15,33.6020011901855,-7.606032371521,"Male"
"6018403",371836,2025-10-04 05:01:11,33.601936340332,-7.60619211196899,"Male"
"6018403",371836,2025-10-04 05:11:09,33.601749420166,-7.60645198822021,"Male"
"6018403",371836,2025-10-04 05:21:12,33.6016235351562,-7.60643768310547,"Male"
"6018403",371836,2025-10-04 05:31:14,33.6015586853027,-7.60664033889771,"Male"
"6018403",371836,2025-10-04 05:41:35,33.6018867492676,-7.6059627532959,"Male"
"6018403",371836,2025-10-04 05:50:59,33.6018981933594,-7.60593223571777,"Male"
"6018403",371836,2025-10-04 06:01:01,33.6017913818359,-7.60613918304443,"Male"
"6018403",371836,2025-10-04 06:11:00,33.6018142700195,-7.60607004165649,"Male"
"6018403",371836,2025-10-04 06:21:00,33.5889663696289,-7.6098165512085,"Male"
"6018403",371836,2025-10-04 06:31:00,33.5890083312988,-7.60979652404785,"Male"
"6018403",371836,2025-10-04 06:41:02,33.5889778137207,-7.60964488983154,"Male"
"6018403",371836,2025-10-04 06:51:00,33.588939666748,-7.60994052886963,"Male"
"6018403",371836,2025-10-04 07:01:01,33.5890464782715,-7.60973691940308,"Male"
"6018403",371836,2025-10-04 07:11:00,33.5889892578125,-7.60983943939209,"Male"
"6018403",371836,2025-10-04 07:21:00,33.589111328125,-7.60952091217041,"Male"
"6018403",371836,2025-10-04 07:31:02,33.5889854431152,-7.60967302322388,"Male"
"6018403",371836,2025-10-04 07:41:07,33.5891418457031,-7.60977935791016,"Male"
"6018403",371836,2025-10-04 07:51:00,33.5890808105469,-7.61258888244629,"Male"
"6018403",371836,2025-10-04 08:01:01,33.589038848877,-7.61245346069336,"Male"
"6018403",371836,2025-10-04 08:11:00,33.5891380310059,-7.61266040802002,"Male"
"6018403",371836,2025-10-04 08:21:07,33.5890693664551,-7.61261367797852,"Male"
"6018403",371836,2025-10-04 08:31:10,33.5890426635742,-7.61259031295776,"Male"
"6018403",371836,2025-10-04 08:41:00,33.5890960693359,-7.61264133453369,"Male"
"6018403",371836,2025-10-04 08:51:16,33.5891494750977,-7.61272668838501,"Male"
"6018403",371836,2025-10-04 09:01:10,33.5889778137207,-7.61258029937744,"Male"
"6018403",371836,2025-10-04 09:11:04,33.5889701843262,-7.61265802383423,"Male"
"6018403",371836,2025-10-04 09:21:09,33.5890159606934,-7.61269855499268,"Male"
"6018403",371836,2025-10-04 09:31:09,33.5862312316895,-7.6138916015625,"Male"
"6018403",371836,2025-10-04 09:41:09,33.5863380432129,-7.61401319503784,"Male"
"6018403",371836,2025-10-04 09:51:15,33.5863456726074,-7.61402702331543,"Male"
"6018403",371836,2025-10-04 10:01:35,33.5864295959473,-7.61392450332642,"Male"
"6018403",371836,2025-10-04 10:10:59,33.5864295959473,-7.61391258239746,"Male"
"6018403",371836,2025-10-04 10:21:00,33.5864372253418,-7.61403560638428,"Male"
"6018403",371836,2025-10-04 10:30:59,33.5865097045898,-7.61387348175049,"Male"
"6018403",371836,2025-10-04 10:41:02,33.5864181518555,-7.61397790908813,"Male"
"6018403",371836,2025-10-04 10:51:01,33.5863227844238,-7.61449527740479,"Male"
"6018403",371836,2025-10-04 11:01:02,33.586254119873,-7.61436796188354,"Male"
"6018403",371836,2025-10-04 11:10:59,33.5864219665527,-7.61458826065063,"Male"
"6018403",371836,2025-10-04 11:20:59,33.5863952636719,-7.61463069915771,"Male"
"6018403",371836,2025-10-04 11:31:02,33.5868644714355,-7.61510229110718,"Male"
"6018403",371836,2025-10-04 11:41:06,33.5863456726074,-7.61450862884521,"Male"
"6018403",371836,2025-10-04 11:51:00,33.586483001709,-7.61462068557739,"Male"
"6018403",371836,2025-10-04 12:01:01,33.586555480957,-7.61469793319702,"Male"
"6018403",371836,2025-10-04 12:11:02,33.5862846374512,-7.61471939086914,"Male"
"6018403",371836,2025-10-04 12:20:59,33.5858535766602,-7.61381340026855,"Male"
"6018403",371836,2025-10-04 12:31:04,33.586009979248,-7.614089012146,"Male"
"6018403",371836,2025-10-04 12:41:00,33.5858764648438,-7.61380004882812,"Male"
"6018403",371836,2025-10-04 12:51:01,33.5859184265137,-7.61378145217896,"Male"
"6018403",371836,2025-10-04 13:01:03,33.5858879089355,-7.61371231079102,"Male"
"6018403",371836,2025-10-04 13:11:02,33.5860404968262,-7.61386346817017,"Male"
"6018403",371836,2025-10-04 13:21:10,33.5501136779785,-7.57753419876099,"Male"
"6018403",371836,2025-10-04 13:31:11,33.4786415100098,-7.5405068397522,"Male"
"6018403",371836,2025-10-04 13:41:02,33.4778594970703,-7.54179191589355,"Male"
"6018403",371836,2025-10-04 13:51:35,33.4782180786133,-7.53934335708618,"Male"
"6018403",371836,2025-10-04 14:01:00,33.4793586730957,-7.54024791717529,"Male"
"6018403",371836,2025-10-04 14:11:01,33.479419708252,-7.54031896591187,"Male"
"6018403",371836,2025-10-04 14:20:59,33.4794998168945,-7.54029417037964,"Male"
"6018403",371836,2025-10-04 14:31:00,33.4905967712402,-7.54629564285278,"Male"
"6018403",371836,2025-10-04 14:41:02,33.4857521057129,-7.53955602645874,"Male"
"6018403",371836,2025-10-04 14:51:06,33.48583984375,-7.53961277008057,"Male"
"6018403",371836,2025-10-04 15:01:06,33.4858169555664,-7.53954601287842,"Male"
"6018403",371836,2025-10-04 15:11:14,33.4858474731445,-7.53963899612427,"Male"
"6018403",371836,2025-10-04 15:21:03,33.4858932495117,-7.5394868850708,"Male"
"6018403",371836,2025-10-04 15:31:02,33.4792442321777,-7.5401086807251,"Male"
"6018403",371836,2025-10-04 15:41:02,33.4793434143066,-7.54018211364746,"Male"
"6018403",371836,2025-10-04 15:51:06,33.4792366027832,-7.54023122787476,"Male"
"6018403",371836,2025-10-04 16:01:16,33.4794464111328,-7.54041767120361,"Male"
"6018403",371836,2025-10-04 16:11:09,33.4795875549316,-7.54039001464844,"Male"
"6018403",371836,2025-10-04 16:21:35,33.4796180725098,-7.54083824157715,"Male"
"6018403",371836,2025-10-04 16:31:35,33.4797477722168,-7.54082345962524,"Male"
"6018403",371836,2025-10-04 16:40:59,33.4787750244141,-7.54070377349854,"Male"
"6018403",371836,2025-10-04 16:51:11,33.478816986084,-7.54087352752685,"Male"
"6018403",371836,2025-10-04 17:01:00,33.4790000915527,-7.54088687896729,"Male"
"6018403",371836,2025-10-04 17:11:01,33.4790840148926,-7.54091644287109,"Male"
"6018403",371836,2025-10-04 17:21:02,33.4786949157715,-7.54114961624146,"Male"
"6018403",371836,2025-10-04 17:31:00,33.4787712097168,-7.54022216796875,"Male"
"6018403",371836,2025-10-04 17:41:01,33.479248046875,-7.54011678695679,"Male"
"6018403",371836,2025-10-04 17:51:09,33.4795684814453,-7.54034566879272,"Male"
"6018403",371836,2025-10-04 18:01:44,33.4833221435547,-7.53878593444824,"Male"
"6018403",371836,2025-10-04 18:11:32,33.482837677002,-7.53890991210938,"Male"
"6018403",371836,2025-10-04 18:20:59,33.4832305908203,-7.53852844238281,"Male"
"6018403",371836,2025-10-04 18:31:00,33.5156211853027,-7.56095600128174,"Male"
"6018403",371836,2025-10-04 18:41:00,33.5589027404785,-7.58596563339233,"Male"
"6018403",371836,2025-10-04 18:51:02,33.6017837524414,-7.60544204711914,"Male"
"6018403",371836,2025-10-04 19:01:00,33.6018180847168,-7.60547256469727,"Male"
"6018403",371836,2025-10-04 19:11:03,33.6019973754883,-7.60539817810059,"Male"
"6018403",371836,2025-10-04 19:20:59,33.6019096374512,-7.60543060302734,"Male"
"6018403",371836,2025-10-04 19:31:00,33.6019020080566,-7.60577630996704,"Male"
"6018403",371836,2025-10-04 19:41:01,33.6019287109375,-7.60550546646118,"Male"
"6018403",371836,2025-10-04 19:51:09,33.6018028259277,-7.60542011260986,"Male"
"6018403",371836,2025-10-04 20:01:06,33.6019477844238,-7.60553598403931,"Male"
"6018403",371836,2025-10-04 20:11:12,33.6019058227539,-7.60556697845459,"Male"
"6018403",371836,2025-10-04 20:21:04,33.6009674072266,-7.60485029220581,"Male"
"6018403",371836,2025-10-04 20:31:03,33.6018333435059,-7.60559272766113,"Male"
"6018403",371836,2025-10-04 20:41:10,33.601993560791,-7.60551357269287,"Male"
"6018403",371836,2025-10-04 20:51:14,33.6018524169922,-7.60549974441528,"Male"
"6018403",371836,2025-10-04 21:01:03,33.6019096374512,-7.60548734664917,"Male"
"6018403",371836,2025-10-04 21:11:14,33.6019248962402,-7.60532665252685,"Male"
"6018403",371836,2025-10-04 21:21:03,33.6019134521484,-7.60564851760864,"Male"
"6018403",371836,2025-10-04 21:31:09,33.6018867492676,-7.60557413101196,"Male"
"6018403",371836,2025-10-04 21:41:01,33.6018562316895,-7.60570859909058,"Male"
"6018403",371836,2025-10-04 21:51:35,33.6018943786621,-7.60562229156494,"Male"
"6018403",371836,2025-10-04 22:01:01,33.601879119873,-7.60549879074097,"Male"
"6018403",371836,2025-10-04 22:11:02,33.6017112731934,-7.60565614700317,"Male"
"6018403",371836,2025-10-04 22:21:03,33.6019668579102,-7.60567712783813,"Male"
"6018403",371836,2025-10-04 22:31:13,33.6018943786621,-7.60556077957153,"Male"
"6018403",371836,2025-10-04 22:41:03,33.6019859313965,-7.60572147369385,"Male"
"6018403",371836,2025-10-04 22:51:12,33.6019058227539,-7.6055588722229,"Male"
"6018403",371836,2025-10-04 23:01:14,33.6018524169922,-7.60560846328735,"Male"
"6018403",371836,2025-10-04 23:11:04,33.6016883850098,-7.60529899597168,"Male"
"6018403",371836,2025-10-04 23:21:06,33.601863861084,-7.60552930831909,"Male"
"6018403",371836,2025-10-04 23:31:12,33.6014175415039,-7.60608196258545,"Male"
"6018403",371836,2025-10-04 23:41:09,33.6017913818359,-7.6054573059082,"Male"
"6018403",371836,2025-10-04 23:51:09,33.6017761230469,-7.60546064376831,"Male"
"6018403",371836,2025-10-05 00:01:09,33.6017570495605,-7.6054310798645,"Male"
"6018403",371836,2025-10-05 00:11:09,33.601806640625,-7.6054277420044,"Male"
"6018403",371836,2025-10-05 00:21:14,33.6018714904785,-7.60548877716065,"Male"
"6018403",371836,2025-10-05 00:31:09,33.6020240783691,-7.60593700408935,"Male"
"6018403",371836,2025-10-05 00:41:09,33.6018524169922,-7.60537481307983,"Male"
"6018403",371836,2025-10-05 00:51:15,33.6018753051758,-7.60540628433228,"Male"
"6018403",371836,2025-10-05 01:01:04,33.6019287109375,-7.60551118850708,"Male"
"6018403",371836,2025-10-05 01:11:09,33.6017227172852,-7.60535621643066,"Male"
"6018403",371836,2025-10-05 01:21:35,33.6018295288086,-7.60552406311035,"Male"
"6018403",371836,2025-10-05 01:30:59,33.601879119873,-7.60574340820312,"Male"
"6018403",371836,2025-10-05 01:41:00,33.6018753051758,-7.60561561584473,"Male"
"6018403",371836,2025-10-05 01:51:00,33.6017570495605,-7.60584354400635,"Male"
"6018403",371836,2025-10-05 02:01:03,33.601734161377,-7.60555934906006,"Male"
"6018403",371836,2025-10-05 02:11:00,33.6019439697266,-7.6056866645813,"Male"
"6018403",371836,2025-10-05 02:21:06,33.6018218994141,-7.60569381713867,"Male"
"6018403",371836,2025-10-05 02:31:10,33.6017990112305,-7.6057448387146,"Male"
"6018403",371836,2025-10-05 02:41:00,33.6018676757812,-7.60565567016602,"Male"
"6018403",371836,2025-10-05 02:51:01,33.6018829345703,-7.60574626922607,"Male"
"6018403",371836,2025-10-05 03:01:00,33.6017913818359,-7.6055006980896,"Male"
"6018403",371836,2025-10-05 03:11:07,33.6019287109375,-7.60585021972656,"Male"
"6018403",371836,2025-10-05 03:21:35,33.601879119873,-7.60558986663818,"Male"
"6018403",371836,2025-10-05 03:31:07,33.6019477844238,-7.60547876358032,"Male"
"6018403",371836,2025-10-05 03:41:10,33.6019592285156,-7.60584449768066,"Male"
"6018403",371836,2025-10-05 03:51:14,33.6019172668457,-7.6050763130188,"Male"
"6018403",371836,2025-10-05 04:01:35,33.6017761230469,-7.60568428039551,"Male"
"6018403",371836,2025-10-05 04:11:00,33.6018714904785,-7.6054744720459,"Male"
"6018403",371836,2025-10-05 04:21:01,33.6017379760742,-7.60535573959351,"Male"
"6018403",371836,2025-10-05 04:31:01,33.601936340332,-7.60551500320435,"Male"
"6018403",371836,2025-10-05 04:41:01,33.6018295288086,-7.60543632507324,"Male"
"6018403",371836,2025-10-05 04:51:02,33.6021194458008,-7.60567808151245,"Male"
"6018403",371836,2025-10-05 05:01:04,33.6018524169922,-7.60557842254639,"Male"
"6018403",371836,2025-10-05 05:11:06,33.6021537780762,-7.6053671836853,"Male"
"6018403",371836,2025-10-05 05:21:09,33.6017799377441,-7.60566139221191,"Male"
"6018403",371836,2025-10-05 05:31:07,33.6017227172852,-7.60564756393433,"Male"
"6018403",371836,2025-10-05 05:41:09,33.601879119873,-7.60559272766113,"Male"
"6018403",371836,2025-10-05 05:51:09,33.6018905639648,-7.60548067092896,"Male"
"6018403",371836,2025-10-05 06:01:14,33.601734161377,-7.60562419891357,"Male"
"6018403",371836,2025-10-05 06:11:10,33.6021003723145,-7.60539960861206,"Male"
"6018403",371836,2025-10-05 06:21:07,33.6018753051758,-7.60567808151245,"Male"
"6018403",371836,2025-10-05 06:31:02,33.5951118469238,-7.60979032516479,"Male"
"6018403",371836,2025-10-05 06:41:14,33.5888938903809,-7.60989379882812,"Male"
"6018403",371836,2025-10-05 06:51:11,33.5888442993164,-7.61013793945312,"Male"
"6018403",371836,2025-10-05 07:01:35,33.588924407959,-7.60998344421387,"Male"
"6018403",371836,2025-10-05 07:11:02,33.5888938903809,-7.60988712310791,"Male"
"6018403",371836,2025-10-05 07:21:14,33.5889739990234,-7.60991668701172,"Male"
"6018403",371836,2025-10-05 07:31:09,33.5888633728027,-7.60989713668823,"Male"
"6018403",371836,2025-10-05 07:41:14,33.5889701843262,-7.6100435256958,"Male"
"6018403",371836,2025-10-05 07:51:14,33.5888862609863,-7.61001253128052,"Male"
"6018403",371836,2025-10-05 08:01:06,33.5888786315918,-7.6098690032959,"Male"
"6018403",371836,2025-10-05 08:11:14,33.5888633728027,-7.60990142822266,"Male"
"6018403",371836,2025-10-05 08:21:03,33.5888938903809,-7.60979986190796,"Male"
"6018403",371836,2025-10-05 08:31:09,33.5888442993164,-7.61001873016357,"Male"
"6018403",371836,2025-10-05 08:41:09,33.5889778137207,-7.60993337631226,"Male"
"6018403",371836,2025-10-05 08:51:35,33.5889625549316,-7.60999584197998,"Male"
"6018403",371836,2025-10-05 09:00:59,33.5889739990234,-7.61004400253296,"Male"
"6018403",371836,2025-10-05 09:10:59,33.5890197753906,-7.61005210876465,"Male"
"6018403",371836,2025-10-05 09:21:01,33.5889701843262,-7.61000823974609,"Male"
"6018403",371836,2025-10-05 09:30:59,33.5889625549316,-7.61005735397339,"Male"
"6018403",371836,2025-10-05 09:41:04,33.5889739990234,-7.6100492477417,"Male"
"6018403",371836,2025-10-05 09:51:00,33.5890045166016,-7.609947681427,"Male"
"6018403",371836,2025-10-05 10:01:11,33.5888938903809,-7.61010837554932,"Male"
"6018403",371836,2025-10-05 10:11:04,33.5889282226562,-7.61007261276245,"Male"
"6018403",371836,2025-10-05 10:21:09,33.5888786315918,-7.6101188659668,"Male"
"6018403",371836,2025-10-05 10:31:35,33.5889358520508,-7.61004066467285,"Male"
"6018403",371836,2025-10-05 10:40:59,33.5889701843262,-7.61022090911865,"Male"
"6018403",371836,2025-10-05 10:50:59,33.5890235900879,-7.61019229888916,"Male"
"6018403",371836,2025-10-05 11:00:59,33.5889129638672,-7.61001014709473,"Male"
"6018403",371836,2025-10-05 11:11:00,33.5889015197754,-7.61079835891724,"Male"
"6018403",371836,2025-10-05 11:21:01,33.588981628418,-7.61086416244507,"Male"
"6018403",371836,2025-10-05 11:31:08,33.5888824462891,-7.61081504821777,"Male"
"6018403",371836,2025-10-05 11:41:00,33.5887451171875,-7.61060047149658,"Male"
"6018403",371836,2025-10-05 11:51:03,33.5888595581055,-7.61073017120361,"Male"
"6018403",371836,2025-10-05 12:01:01,33.5889091491699,-7.61071586608887,"Male"
"6018403",371836,2025-10-05 12:11:11,33.5887832641602,-7.61065483093262,"Male"
"6018403",371836,2025-10-05 12:21:02,33.5889015197754,-7.61070108413696,"Male"
"6018403",371836,2025-10-05 12:31:09,33.5889892578125,-7.61090993881226,"Male"
"6018403",371836,2025-10-05 12:41:03,33.5885696411133,-7.61013126373291,"Male"
"6018403",371836,2025-10-05 12:51:02,33.5888824462891,-7.61067008972168,"Male"
"6018403",371836,2025-10-05 13:01:12,33.5889739990234,-7.61077547073364,"Male"
"6018403",371836,2025-10-05 13:11:03,33.5797386169434,-7.60409736633301,"Male"
"6018403",371836,2025-10-05 13:21:35,33.5246887207031,-7.56372356414795,"Male"
"6018403",371836,2025-10-05 13:31:01,33.4788551330566,-7.54100275039673,"Male"
"6018403",371836,2025-10-05 13:40:59,33.4787979125977,-7.54099369049072,"Male"
"6018403",371836,2025-10-05 13:51:00,33.4794921875,-7.54052734375,"Male"
"6018403",371836,2025-10-05 14:01:02,33.4796028137207,-7.54044055938721,"Male"
"6018403",371836,2025-10-05 14:11:04,33.4794731140137,-7.54027414321899,"Male"
"6018403",371836,2025-10-05 14:21:35,33.4796180725098,-7.54043388366699,"Male"
"6018403",371836,2025-10-05 14:31:00,33.4796905517578,-7.54023218154907,"Male"
"6018403",371836,2025-10-05 14:41:00,33.4795837402344,-7.54028749465942,"Male"
"6018403",371836,2025-10-05 14:51:02,33.479606628418,-7.54035663604736,"Male"
"6018403",371836,2025-10-05 15:01:01,33.479679107666,-7.54043102264404,"Male"
"6018403",371836,2025-10-05 15:11:00,33.4796676635742,-7.54028511047363,"Male"
"6018403",371836,2025-10-05 15:21:00,33.4807739257812,-7.53989887237549,"Male"
"6018403",371836,2025-10-05 15:31:01,33.4860076904297,-7.53966379165649,"Male"
"6018403",371836,2025-10-05 15:41:01,33.4779052734375,-7.53840684890747,"Male"
"6018403",371836,2025-10-05 15:51:05,33.478630065918,-7.5388240814209,"Male"
"6018403",371836,2025-10-05 16:01:24,33.4788055419922,-7.53900289535522,"Male"
"6018403",371836,2025-10-05 16:11:09,33.4818572998047,-7.53505754470825,"Male"
"6018403",371836,2025-10-05 16:21:14,33.4787826538086,-7.53890085220337,"Male"
"6018403",371836,2025-10-05 16:31:09,33.4788208007812,-7.53890371322632,"Male"
"6018403",371836,2025-10-05 16:41:09,33.4790534973145,-7.54041481018066,"Male"
"6018403",371836,2025-10-05 16:51:35,33.4788246154785,-7.54101228713989,"Male"
"6018403",371836,2025-10-05 17:01:00,33.4792404174805,-7.54002571105957,"Male"
"6018403",371836,2025-10-05 17:11:04,33.4793930053711,-7.54014921188354,"Male"
"6018403",371836,2025-10-05 17:21:00,33.4788818359375,-7.54086923599243,"Male"
"6018403",371836,2025-10-05 17:31:00,33.4789962768555,-7.54099321365356,"Male"
"6018403",371836,2025-10-05 17:41:00,33.4789619445801,-7.54101133346558,"Male"
"6018403",371836,2025-10-05 17:50:59,33.4819183349609,-7.53813743591309,"Male"
"6018403",371836,2025-10-05 18:01:02,33.4818916320801,-7.53804016113281,"Male"
"6018403",371836,2025-10-05 18:11:00,33.4878959655762,-7.54445171356201,"Male"
"6018403",371836,2025-10-05 18:20:59,33.5265655517578,-7.5736255645752,"Male"
"6018403",371836,2025-10-05 18:31:00,33.5715065002441,-7.58810615539551,"Male"
"6018403",371836,2025-10-05 18:41:02,33.6019821166992,-7.60610437393188,"Male"
"6018403",371836,2025-10-05 18:51:04,33.6018295288086,-7.60616970062256,"Male"
"6018403",371836,2025-10-05 19:00:59,33.6021842956543,-7.60619640350342,"Male"
"6018403",371836,2025-10-05 19:11:02,33.6022720336914,-7.60622024536133,"Male"
"6018403",371836,2025-10-05 19:21:03,33.6022109985352,-7.60633325576782,"Male"
"6018403",371836,2025-10-05 19:31:05,33.6025657653809,-7.60671710968018,"Male"
"6018403",371836,2025-10-05 19:41:07,33.6020088195801,-7.60626220703125,"Male"
"6018403",371836,2025-10-05 19:51:35,33.6018867492676,-7.60615539550781,"Male"
"6018403",371836,2025-10-05 20:01:01,33.6023254394531,-7.60640716552734,"Male"
"6018403",371836,2025-10-05 20:11:02,33.6013526916504,-7.60558843612671,"Male"
"6018403",371836,2025-10-05 20:21:03,33.6016578674316,-7.60588216781616,"Male"
"6018403",371836,2025-10-05 20:31:02,33.6011924743652,-7.60552263259888,"Male"
"6018403",371836,2025-10-05 20:41:02,33.6025352478027,-7.60613822937012,"Male"
"6018403",371836,2025-10-05 20:51:01,33.6019134521484,-7.60612630844116,"Male"
"6018403",371836,2025-10-05 21:01:02,33.6016578674316,-7.60593557357788,"Male"
"6018403",371836,2025-10-05 21:11:02,33.6021461486816,-7.60666131973267,"Male"
"6018403",371836,2025-10-05 21:21:04,33.6017608642578,-7.60608768463135,"Male"
"6018403",371836,2025-10-05 21:31:01,33.6021423339844,-7.60667514801025,"Male"
"6018403",371836,2025-10-05 21:41:12,33.6019096374512,-7.60585403442383,"Male"
"6018403",371836,2025-10-05 21:51:09,33.602222442627,-7.60469484329224,"Male"
"6018403",371836,2025-10-05 22:01:35,33.601863861084,-7.60614967346191,"Male"
"6018403",371836,2025-10-05 22:11:08,33.6019401550293,-7.60654640197754,"Male"
"6018403",371836,2025-10-05 22:21:03,33.6022567749023,-7.60658407211304,"Male"
"6018403",371836,2025-10-05 22:31:08,33.602237701416,-7.60564422607422,"Male"
"6018403",371836,2025-10-05 22:41:03,33.6027946472168,-7.60640096664429,"Male"
"6018403",371836,2025-10-05 22:51:24,33.6024436950684,-7.60701656341553,"Male"
"6018403",371836,2025-10-05 23:01:13,33.6018333435059,-7.60623264312744,"Male"
"6018403",371836,2025-10-05 23:11:11,33.6017227172852,-7.60642528533935,"Male"
"6018403",371836,2025-10-05 23:21:17,33.6018142700195,-7.60633230209351,"Male"
"6018403",371836,2025-10-05 23:31:11,33.6018676757812,-7.60599136352539,"Male"
"6018403",371836,2025-10-05 23:41:06,33.6019668579102,-7.60611391067505,"Male"
"6018403",371836,2025-10-05 23:51:14,33.6020774841309,-7.60633563995361,"Male"
"6018403",371836,2025-10-06 00:01:16,33.6018600463867,-7.6060037612915,"Male"
"6018403",371836,2025-10-06 00:11:08,33.6016006469727,-7.60614585876465,"Male"
"6018403",371836,2025-10-06 00:21:12,33.601921081543,-7.60593795776367,"Male"
"6018403",371836,2025-10-06 00:31:10,33.601993560791,-7.6058554649353,"Male"
"6018403",371836,2025-10-06 00:41:35,33.6021537780762,-7.60570335388184,"Male"
"6018403",371836,2025-10-06 00:51:03,33.6018829345703,-7.60601425170898,"Male"
"6018403",371836,2025-10-06 01:01:06,33.6017646789551,-7.60605525970459,"Male"
"6018403",371836,2025-10-06 01:11:04,33.6020812988281,-7.60572385787964,"Male"
"6018403",371836,2025-10-06 01:21:09,33.6019248962402,-7.6058349609375,"Male"
"6018403",371836,2025-10-06 01:31:14,33.6017646789551,-7.60608673095703,"Male"
"6018403",371836,2025-10-06 01:41:09,33.6017608642578,-7.60612916946411,"Male"
"6018403",371836,2025-10-06 01:51:02,33.6019821166992,-7.60615205764771,"Male"
"6018403",371836,2025-10-06 02:01:03,33.6016540527344,-7.6056489944458,"Male"
"6018403",371836,2025-10-06 02:11:09,33.6016883850098,-7.60579061508179,"Male"
"6018403",371836,2025-10-06 02:21:35,33.6017646789551,-7.6060619354248,"Male"
"6018403",371836,2025-10-06 02:31:04,33.601749420166,-7.60607957839966,"Male"
"6018403",371836,2025-10-06 02:41:03,33.601936340332,-7.60626411437988,"Male"
"6018403",371836,2025-10-06 02:51:02,33.6016883850098,-7.60610342025757,"Male"
"6018403",371836,2025-10-06 03:01:03,33.6015472412109,-7.60652828216553,"Male"
"6018403",371836,2025-10-06 03:11:02,33.60205078125,-7.60584926605225,"Male"
"6018403",371836,2025-10-06 03:21:01,33.6017990112305,-7.60657024383545,"Male"
"6018403",371836,2025-10-06 03:31:09,33.601978302002,-7.606041431427,"Male"
"6018403",371836,2025-10-06 03:41:35,33.6018829345703,-7.6062593460083,"Male"
"6018403",371836,2025-10-06 03:51:12,33.6019821166992,-7.60616111755371,"Male"
"6018403",371836,2025-10-06 04:01:09,33.6018905639648,-7.60603380203247,"Male"
"6018403",371836,2025-10-06 04:11:07,33.6021499633789,-7.60614633560181,"Male"
"6018403",371836,2025-10-06 04:21:09,33.6018333435059,-7.60606384277344,"Male"
"6018403",371836,2025-10-06 04:31:09,33.6018753051758,-7.6061201095581,"Male"
"6018403",371836,2025-10-06 04:41:04,33.601993560791,-7.60599994659424,"Male"
"6018403",371836,2025-10-06 04:51:11,33.6018714904785,-7.60596895217896,"Male"
"6018403",371836,2025-10-06 05:01:02,33.6018714904785,-7.6059513092041,"Male"
"6018403",371836,2025-10-06 05:11:04,33.6019020080566,-7.60590362548828,"Male"
"6018403",371836,2025-10-06 05:21:11,33.6019401550293,-7.60591650009155,"Male"
"6018403",371836,2025-10-06 05:31:09,33.6020126342773,-7.60590314865112,"Male"
"6018403",371836,2025-10-06 05:41:02,33.60205078125,-7.60575866699219,"Male"
"6018403",371836,2025-10-06 05:51:14,33.6024627685547,-7.60570049285889,"Male"
"6018403",371836,2025-10-06 06:01:14,33.6013793945312,-7.60601615905762,"Male"
"6018403",371836,2025-10-06 06:11:01,33.6008720397949,-7.67180299758911,"Male"
"6018403",371836,2025-10-06 06:21:09,33.5988998413086,-7.64852476119995,"Male"
"6018403",371836,2025-10-06 06:31:00,33.5911026000977,-7.61344909667969,"Male"
"6018403",371836,2025-10-06 06:41:16,33.5911026000977,-7.61340045928955,"Male"
"6018403",371836,2025-10-06 06:51:35,33.5880889892578,-7.61159181594849,"Male"
"6018403",371836,2025-10-06 07:01:08,33.5881195068359,-7.61167812347412,"Male"
"6018403",371836,2025-10-06 07:11:09,33.5881881713867,-7.61151456832886,"Male"
"6018403",371836,2025-10-06 07:21:12,33.5881462097168,-7.61159086227417,"Male"
"6018403",371836,2025-10-06 07:31:35,33.5881614685059,-7.61155986785889,"Male"
"6018403",371836,2025-10-06 07:41:07,33.5880966186523,-7.6114559173584,"Male"
"6018403",371836,2025-10-06 07:51:14,33.5861740112305,-7.61294317245483,"Male"
"6018403",371836,2025-10-06 08:01:35,33.5863304138184,-7.61308193206787,"Male"
"6018403",371836,2025-10-06 08:11:03,33.5863761901855,-7.61304187774658,"Male"
"6018403",371836,2025-10-06 08:21:02,33.5863342285156,-7.61309909820557,"Male"
"6018403",371836,2025-10-06 08:31:01,33.5863494873047,-7.61308670043945,"Male"
"6018403",371836,2025-10-06 08:41:00,33.5863037109375,-7.61315870285034,"Male"
"6018403",371836,2025-10-06 08:51:01,33.586311340332,-7.61311054229736,"Male"
"6018403",371836,2025-10-06 09:01:16,33.5863227844238,-7.61314630508423,"Male"
"6018403",371836,2025-10-06 09:11:04,33.586483001709,-7.61231517791748,"Male"
"6018403",371836,2025-10-06 09:21:53,33.5864410400391,-7.61242198944092,"Male"
"6018403",371836,2025-10-06 09:31:02,33.5864562988281,-7.61232662200928,"Male"
"6018403",371836,2025-10-06 09:41:14,33.5864372253418,-7.61237335205078,"Male"
"6018403",371836,2025-10-06 09:51:15,33.5863914489746,-7.61254596710205,"Male"
"6018403",371836,2025-10-06 10:01:03,33.5864944458008,-7.61236476898193,"Male"
"6018403",371836,2025-10-06 10:11:01,33.5864601135254,-7.61241626739502,"Male"
"6018403",371836,2025-10-06 10:20:59,33.5864295959473,-7.61229753494263,"Male"
"6018403",371836,2025-10-06 10:31:02,33.5864944458008,-7.61245632171631,"Male"
"6018403",371836,2025-10-06 10:41:09,33.5863342285156,-7.61231565475464,"Male"
"6018403",371836,2025-10-06 10:51:03,33.5865249633789,-7.61251735687256,"Male"
"6018403",371836,2025-10-06 11:01:04,33.5866050720215,-7.6125431060791,"Male"
"6018403",371836,2025-10-06 11:11:14,33.5864181518555,-7.61242389678955,"Male"
"6018403",371836,2025-10-06 11:21:01,33.5772590637207,-7.60505437850952,"Male"
"6018403",371836,2025-10-06 11:31:10,33.5608673095703,-7.59394598007202,"Male"
"6018403",371836,2025-10-06 11:41:03,33.5610389709473,-7.59371662139893,"Male"
"6018403",371836,2025-10-06 11:51:03,33.5608139038086,-7.59374189376831,"Male"
"6018403",371836,2025-10-06 12:01:14,33.5607261657715,-7.59362125396729,"Male"
"6018403",371836,2025-10-06 12:11:02,33.5606956481934,-7.59353733062744,"Male"
"6018403",371836,2025-10-06 12:21:04,33.5607261657715,-7.59350395202637,"Male"
"6018403",371836,2025-10-06 12:31:07,33.5606002807617,-7.59337854385376,"Male"
"6018403",371836,2025-10-06 12:41:07,33.5607948303223,-7.59342288970947,"Male"
"6018403",371836,2025-10-06 12:51:14,33.5607757568359,-7.59353351593018,"Male"
"6018403",371836,2025-10-06 13:01:06,33.5607719421387,-7.59330654144287,"Male"
"6018403",371836,2025-10-06 13:11:14,33.5607032775879,-7.59347629547119,"Male"
"6018403",371836,2025-10-06 13:21:32,33.5607757568359,-7.59355974197388,"Male"
"6018403",371836,2025-10-06 13:31:00,33.560791015625,-7.59357786178589,"Male"
"6018403",371836,2025-10-06 13:40:59,33.5608024597168,-7.59355354309082,"Male"
"6018403",371836,2025-10-06 13:51:00,33.5608406066895,-7.5935263633728,"Male"
"6018403",371836,2025-10-06 14:01:01,33.5608558654785,-7.59362506866455,"Male"
"6018403",371836,2025-10-06 14:11:14,33.5607490539551,-7.59354639053345,"Male"
"6018403",371836,2025-10-06 14:21:02,33.5608558654785,-7.5934271812439,"Male"
"6018403",371836,2025-10-06 14:31:07,33.5607833862305,-7.59333753585815,"Male"
"6018403",371836,2025-10-06 14:41:08,33.5607948303223,-7.59334421157837,"Male"
"6018403",371836,2025-10-06 14:51:14,33.547492980957,-7.58284282684326,"Male"
"6018403",371836,2025-10-06 15:01:00,33.4916954040527,-7.54453182220459,"Male"
"6018403",371836,2025-10-06 15:11:03,33.4788932800293,-7.54033517837524,"Male"
"6018403",371836,2025-10-06 15:21:02,33.4788665771484,-7.54046773910522,"Male"
"6018403",371836,2025-10-06 15:31:02,33.478515625,-7.53920125961304,"Male"
"6018403",371836,2025-10-06 15:41:06,33.478832244873,-7.53953742980957,"Male"
"6018403",371836,2025-10-06 15:51:08,33.478874206543,-7.5394458770752,"Male"
"6018403",371836,2025-10-06 16:01:08,33.4788246154785,-7.54098033905029,"Male"
"6018403",371836,2025-10-06 16:11:16,33.4792671203613,-7.5410008430481,"Male"
"6018403",371836,2025-10-06 16:21:14,33.4794120788574,-7.54077482223511,"Male"
"6018403",371836,2025-10-06 16:31:25,33.4791030883789,-7.54124069213867,"Male"
"6018403",371836,2025-10-06 16:41:35,33.4793014526367,-7.54131364822388,"Male"
"6018403",371836,2025-10-06 16:51:00,33.4794654846191,-7.5412745475769,"Male"
"6018403",371836,2025-10-06 17:01:00,33.4788513183594,-7.54067468643188,"Male"
"6018403",371836,2025-10-06 17:11:34,33.4789924621582,-7.53967189788818,"Male"
"6018403",371836,2025-10-06 17:21:03,33.4793281555176,-7.54030656814575,"Male"
"6018403",371836,2025-10-06 17:31:03,33.4798202514648,-7.54026126861572,"Male"
"6018403",371836,2025-10-06 17:41:02,33.4792442321777,-7.54110145568848,"Male"
"6018403",371836,2025-10-06 17:51:05,33.4841423034668,-7.54930210113525,"Male"
"6018403",371836,2025-10-06 18:01:35,33.4943504333496,-7.61077737808228,"Male"
"6018403",371836,2025-10-06 18:10:59,33.5275421142578,-7.62381601333618,"Male"
"6018403",371836,2025-10-06 18:20:59,33.571605682373,-7.6248950958252,"Male"
"6018403",371836,2025-10-06 18:31:00,33.6020126342773,-7.60526037216187,"Male"
"6018403",371836,2025-10-06 18:41:03,33.601749420166,-7.60556888580322,"Male"
"6018403",371836,2025-10-06 18:50:59,33.601806640625,-7.60556077957153,"Male"
"6018403",371836,2025-10-06 19:01:02,33.6019172668457,-7.60552978515625,"Male"
"6018403",371836,2025-10-06 19:11:02,33.6019172668457,-7.60544681549072,"Male"
"6018403",371836,2025-10-06 19:21:05,33.6018600463867,-7.60561513900757,"Male"
"6018403",371836,2025-10-06 19:31:05,33.6018371582031,-7.60589838027954,"Male"
"6018403",371836,2025-10-06 19:41:07,33.6018905639648,-7.60553789138794,"Male"
"6018403",371836,2025-10-06 19:51:01,33.6018028259277,-7.60546875,"Male"
"6018403",371836,2025-10-06 20:01:12,33.6018676757812,-7.60552501678467,"Male"
"6018403",371836,2025-10-06 20:11:08,33.6018600463867,-7.60556888580322,"Male"
"6018403",371836,2025-10-06 20:21:09,33.6014709472656,-7.60519123077393,"Male"
"6018403",371836,2025-10-06 20:31:14,33.6020889282227,-7.60572862625122,"Male"
"6018403",371836,2025-10-06 20:41:10,33.601505279541,-7.60450983047485,"Male"
"6018403",371836,2025-10-06 20:51:08,33.6020660400391,-7.60569334030151,"Male"
"6018403",371836,2025-10-06 21:01:14,33.6017990112305,-7.60557794570923,"Male"
"6018403",371836,2025-10-06 21:11:01,33.6020774841309,-7.60577726364136,"Male"
"6018403",371836,2025-10-06 21:21:05,33.6020889282227,-7.60572290420532,"Male"
"6018403",371836,2025-10-06 21:31:09,33.6020431518555,-7.60592365264893,"Male"
"6018403",371836,2025-10-06 21:41:35,33.6018524169922,-7.60556030273438,"Male"
"6018403",371836,2025-10-06 21:51:09,33.6019325256348,-7.605224609375,"Male"
"6018403",371836,2025-10-06 22:01:02,33.6018943786621,-7.60569190979004,"Male"
"6018403",371836,2025-10-06 22:11:00,33.601863861084,-7.60539674758911,"Male"
"6018403",371836,2025-10-06 22:21:12,33.6019706726074,-7.60543537139893,"Male"
"6018403",371836,2025-10-06 22:31:01,33.6018905639648,-7.60553979873657,"Male"
"6018403",371836,2025-10-06 22:41:13,33.6018486022949,-7.60549116134644,"Male"
"6018403",371836,2025-10-06 22:51:01,33.6017799377441,-7.60539817810059,"Male"
"6018403",371836,2025-10-06 23:00:59,33.6019630432129,-7.6054744720459,"Male"
"6018403",371836,2025-10-06 23:11:05,33.6018943786621,-7.60542869567871,"Male"
"6018403",371836,2025-10-06 23:21:11,33.6017799377441,-7.60550308227539,"Male"
"6018403",371836,2025-10-06 23:31:08,33.601749420166,-7.60548782348633,"Male"
"6018403",371836,2025-10-06 23:41:08,33.6018257141113,-7.60553550720215,"Male"
"6018403",371836,2025-10-06 23:51:14,33.6018295288086,-7.60547876358032,"Male"
"6018403",371836,2025-10-07 00:01:05,33.6018676757812,-7.60549831390381,"Male"
"6018403",371836,2025-10-07 00:11:02,33.6020622253418,-7.60556411743164,"Male"
"6018403",371836,2025-10-07 00:21:05,33.6020431518555,-7.60552406311035,"Male"
"6018403",371836,2025-10-07 00:31:07,33.6019706726074,-7.60560607910156,"Male"
"6018403",371836,2025-10-07 00:41:03,33.6018943786621,-7.60549974441528,"Male"
"6018403",371836,2025-10-07 00:51:15,33.601978302002,-7.60554885864258,"Male"
"6018403",371836,2025-10-07 01:01:08,33.6018714904785,-7.60535907745361,"Male"
"6018403",371836,2025-10-07 01:11:30,33.6020584106445,-7.60483312606812,"Male"
"6018403",371836,2025-10-07 01:21:14,33.6019630432129,-7.60516023635864,"Male"
"6018403",371836,2025-10-07 01:31:14,33.6019058227539,-7.60535669326782,"Male"
"6018403",371836,2025-10-07 01:41:29,33.6018829345703,-7.60547161102295,"Male"
"6018403",371836,2025-10-07 01:51:35,33.6018257141113,-7.60559558868408,"Male"
"6018403",371836,2025-10-07 02:01:08,33.6017875671387,-7.60553646087646,"Male"
"6018403",371836,2025-10-07 02:11:06,33.6018180847168,-7.6055326461792,"Male"
"6018403",371836,2025-10-07 02:21:03,33.6020660400391,-7.60567235946655,"Male"
"6018403",371836,2025-10-07 02:31:35,33.6017913818359,-7.60550403594971,"Male"
"6018403",371836,2025-10-07 02:41:05,33.6017036437988,-7.60497093200684,"Male"
"6018403",371836,2025-10-07 02:51:00,33.6017951965332,-7.605628490448,"Male"
"6018403",371836,2025-10-07 03:01:01,33.601734161377,-7.60551357269287,"Male"
"6018403",371836,2025-10-07 03:11:01,33.6018486022949,-7.6055793762207,"Male"
"6018403",371836,2025-10-07 03:21:14,33.6017189025879,-7.60583305358887,"Male"
"6018403",371836,2025-10-07 03:31:06,33.6017074584961,-7.60598659515381,"Male"
"6018403",371836,2025-10-07 03:41:35,33.6018867492676,-7.6055006980896,"Male"
"6018403",371836,2025-10-07 03:51:05,33.6018524169922,-7.60552835464478,"Male"
"6018403",371836,2025-10-07 04:01:04,33.6019744873047,-7.60488796234131,"Male"
"6018403",371836,2025-10-07 04:11:01,33.6019058227539,-7.6051344871521,"Male"
"6018403",371836,2025-10-07 04:21:05,33.6019439697266,-7.60488319396973,"Male"
"6018403",371836,2025-10-07 04:31:01,33.6018142700195,-7.60553550720215,"Male"
"6018403",371836,2025-10-07 04:41:03,33.6018409729004,-7.60550546646118,"Male"
"6018403",371836,2025-10-07 04:51:01,33.6018676757812,-7.60563087463379,"Male"
"6018403",371836,2025-10-07 05:01:14,33.6018524169922,-7.60548400878906,"Male"
"6018403",371836,2025-10-07 05:11:35,33.601806640625,-7.60560035705566,"Male"
"6018403",371836,2025-10-07 05:21:00,33.6017532348633,-7.60557174682617,"Male"
"6018403",371836,2025-10-07 05:31:00,33.6019020080566,-7.60546588897705,"Male"
"6018403",371836,2025-10-07 05:41:03,33.6029586791992,-7.60508155822754,"Male"
"6018403",371836,2025-10-07 05:51:02,33.6013412475586,-7.60575771331787,"Male"
"6018403",371836,2025-10-07 06:01:01,33.6015739440918,-7.60588359832764,"Male"
"6018403",371836,2025-10-07 06:11:02,33.6007232666016,-7.60897254943848,"Male"
"6018403",371836,2025-10-07 06:21:21,33.5903434753418,-7.67652797698975,"Male"
"6018403",371836,2025-10-07 06:31:02,33.5869445800781,-7.68447685241699,"Male"
"6018403",371836,2025-10-07 06:41:12,33.5849304199219,-7.67247581481934,"Male"
"6018403",371836,2025-10-07 06:51:35,33.5908737182617,-7.62327527999878,"Male"
"6018403",371836,2025-10-07 07:01:02,33.5881805419922,-7.61169624328613,"Male"
"6018403",371836,2025-10-07 07:11:06,33.5881500244141,-7.61159944534302,"Male"
"6018403",371836,2025-10-07 07:21:14,33.5882453918457,-7.61163949966431,"Male"
"6018403",371836,2025-10-07 07:31:11,33.588134765625,-7.61163997650146,"Male"
"6018403",371836,2025-10-07 07:41:03,33.5881423950195,-7.61164999008179,"Male"
"6018403",371836,2025-10-07 07:52:14,33.5882759094238,-7.6117959022522,"Male"
"6018403",371836,2025-10-07 08:01:01,33.5881385803223,-7.61174583435059,"Male"
"6018403",371836,2025-10-07 08:11:00,33.5881767272949,-7.61163377761841,"Male"
"6018403",371836,2025-10-07 08:21:00,33.5883026123047,-7.61178350448608,"Male"
"6018403",371836,2025-10-07 08:31:00,33.5882453918457,-7.61172580718994,"Male"
"6018403",371836,2025-10-07 08:41:01,33.5881614685059,-7.61160230636597,"Male"
"6018403",371836,2025-10-07 08:51:14,33.5882415771484,-7.61176586151123,"Male"
"6018403",371836,2025-10-07 09:01:08,33.5882110595703,-7.61173105239868,"Male"
"6018403",371836,2025-10-07 09:11:05,33.5881423950195,-7.61163091659546,"Male"
"6018403",371836,2025-10-07 09:21:14,33.5881996154785,-7.61167526245117,"Male"
"6018403",371836,2025-10-07 09:31:01,33.5880432128906,-7.61143207550049,"Male"
"6018403",371836,2025-10-07 09:41:07,33.5881652832031,-7.6115837097168,"Male"
"6018403",371836,2025-10-07 09:51:14,33.5881881713867,-7.61162948608398,"Male"
"6018403",371836,2025-10-07 10:01:08,33.5882949829102,-7.61181116104126,"Male"
"6018403",371836,2025-10-07 10:11:35,33.5881843566895,-7.61181116104126,"Male"
"6018403",371836,2025-10-07 10:21:00,33.5882186889648,-7.61162710189819,"Male"
"6018403",371836,2025-10-07 10:30:59,33.5882225036621,-7.61171865463257,"Male"
"6018403",371836,2025-10-07 10:41:01,33.5879821777344,-7.61134195327759,"Male"
"6018403",371836,2025-10-07 10:51:01,33.588134765625,-7.61160850524902,"Male"
"6018403",371836,2025-10-07 11:01:05,33.5881538391113,-7.61170768737793,"Male"
"6018403",371836,2025-10-07 11:11:06,33.5881805419922,-7.61172342300415,"Male"
"6018403",371836,2025-10-07 11:21:03,33.5881652832031,-7.61169147491455,"Male"
"6018403",371836,2025-10-07 11:31:03,33.5881843566895,-7.61164712905884,"Male"
"6018403",371836,2025-10-07 11:41:01,33.5884170532227,-7.61183881759644,"Male"
"6018403",371836,2025-10-07 11:51:12,33.5881881713867,-7.61174249649048,"Male"
"6018403",371836,2025-10-07 12:01:31,33.5881423950195,-7.6117696762085,"Male"
"6018403",371836,2025-10-07 12:11:02,33.5881156921387,-7.61177730560303,"Male"
"6018403",371836,2025-10-07 12:21:03,33.5881690979004,-7.61174011230469,"Male"
"6018403",371836,2025-10-07 12:31:02,33.5882263183594,-7.61170101165771,"Male"
"6018403",371836,2025-10-07 12:41:00,33.5881538391113,-7.61162090301514,"Male"
"6018403",371836,2025-10-07 12:51:02,33.5881080627441,-7.6119441986084,"Male"
"6018403",371836,2025-10-07 13:01:00,33.5881881713867,-7.61172962188721,"Male"
"6018403",371836,2025-10-07 13:11:00,33.577766418457,-7.59985828399658,"Male"
"6018403",371836,2025-10-07 13:21:00,33.5294647216797,-7.57152223587036,"Male"
"6018403",371836,2025-10-07 13:31:02,33.4786148071289,-7.5401086807251,"Male"
"6018403",371836,2025-10-07 13:41:06,33.4790115356445,-7.54047012329102,"Male"
"6018403",371836,2025-10-07 13:51:00,33.4798545837402,-7.54184246063232,"Male"
"6018403",371836,2025-10-07 14:01:16,33.4798545837402,-7.54202938079834,"Male"
"6018403",371836,2025-10-07 14:11:14,33.479808807373,-7.54197311401367,"Male"
"6018403",371836,2025-10-07 14:21:26,33.4794845581055,-7.54234838485718,"Male"
"6018403",371836,2025-10-07 14:31:35,33.4794921875,-7.54097938537598,"Male"
"6018403",371836,2025-10-07 14:41:00,33.4794960021973,-7.5409083366394,"Male"
"6018403",371836,2025-10-07 14:51:01,33.4795532226562,-7.54089450836182,"Male"
"6018403",371836,2025-10-07 15:01:00,33.4795989990234,-7.54085636138916,"Male"
"6018403",371836,2025-10-07 15:11:02,33.4795379638672,-7.5409049987793,"Male"
"6018403",371836,2025-10-07 15:21:01,33.4799118041992,-7.54116535186768,"Male"
"6018403",371836,2025-10-07 15:31:14,33.4798355102539,-7.54068613052368,"Male"
"6018403",371836,2025-10-07 15:41:04,33.4803581237793,-7.54043579101562,"Male"
"6018403",371836,2025-10-07 15:51:15,33.480167388916,-7.54072904586792,"Male"
"6018403",371836,2025-10-07 16:01:31,33.4802856445312,-7.54058742523193,"Male"
"6018403",371836,2025-10-07 16:11:02,33.478946685791,-7.54028463363647,"Male"
"6018403",371836,2025-10-07 16:21:00,33.4793510437012,-7.53941917419434,"Male"
"6018403",371836,2025-10-07 16:31:00,33.4793739318848,-7.53941535949707,"Male"
"6018403",371836,2025-10-07 16:41:01,33.4795570373535,-7.53954982757568,"Male"
"6018403",371836,2025-10-07 16:51:01,33.4799957275391,-7.53687334060669,"Male"
"6018403",371836,2025-10-07 17:01:01,33.4799385070801,-7.53684425354004,"Male"
"6018403",371836,2025-10-07 17:11:03,33.480110168457,-7.53690052032471,"Male"
"6018403",371836,2025-10-07 17:21:02,33.4802284240723,-7.53667116165161,"Male"
"6018403",371836,2025-10-07 17:31:04,33.4804496765137,-7.53665161132812,"Male"
"6018403",371836,2025-10-07 17:41:07,33.4804649353027,-7.53662872314453,"Male"
"6018403",371836,2025-10-07 17:51:01,33.4804039001465,-7.53665733337402,"Male"
"6018403",371836,2025-10-07 18:01:04,33.4803161621094,-7.53660678863525,"Male"
"6018403",371836,2025-10-07 18:11:01,33.4929656982422,-7.54595565795898,"Male"
"6018403",371836,2025-10-07 18:21:03,33.5364074707031,-7.57451152801514,"Male"
"6018403",371836,2025-10-07 18:31:03,33.5858001708984,-7.59995603561401,"Male"
"6018403",371836,2025-10-07 18:41:15,33.6017684936523,-7.60536575317383,"Male"
"6018403",371836,2025-10-07 18:51:14,33.6019897460938,-7.60494136810303,"Male"
"6018403",371836,2025-10-07 19:01:09,33.6019668579102,-7.60518932342529,"Male"
"6018403",371836,2025-10-07 19:11:08,33.6020202636719,-7.60567331314087,"Male"
"6018403",371836,2025-10-07 19:21:10,33.6019477844238,-7.60550832748413,"Male"
"6018403",371836,2025-10-07 19:31:35,33.6020126342773,-7.60563898086548,"Male"
"6018403",371836,2025-10-07 19:41:00,33.601863861084,-7.60558128356934,"Male"
"6018403",371836,2025-10-07 19:51:14,33.6019592285156,-7.60555601119995,"Male"
"6018403",371836,2025-10-07 20:01:03,33.6019821166992,-7.60558366775513,"Male"
"6018403",371836,2025-10-07 20:11:03,33.6018218994141,-7.60540151596069,"Male"
"6018403",371836,2025-10-07 20:21:03,33.6020660400391,-7.60586500167847,"Male"
"6018403",371836,2025-10-07 20:31:03,33.602611541748,-7.60632514953613,"Male"
"6018403",371836,2025-10-07 20:41:06,33.6021003723145,-7.60569953918457,"Male"
"6018403",371836,2025-10-07 20:51:14,33.601993560791,-7.60575294494629,"Male"
"6018403",371836,2025-10-07 21:01:04,33.6021575927734,-7.60572052001953,"Male"
"6018403",371836,2025-10-07 21:11:12,33.6020889282227,-7.60574817657471,"Male"
"6018403",371836,2025-10-07 21:21:20,33.6023712158203,-7.60616588592529,"Male"
"6018403",371836,2025-10-07 21:31:07,33.6022567749023,-7.60612392425537,"Male"
"6018403",371836,2025-10-07 21:41:14,33.6024017333984,-7.60432529449463,"Male"
"6018403",371836,2025-10-07 21:51:10,33.6018676757812,-7.60560941696167,"Male"
"6018403",371836,2025-10-07 22:01:09,33.6018905639648,-7.60567569732666,"Male"
"6018403",371836,2025-10-07 22:11:35,33.6018867492676,-7.6057333946228,"Male"
"6018403",371836,2025-10-07 22:21:03,33.6014289855957,-7.60530710220337,"Male"
"6018403",371836,2025-10-07 22:31:04,33.6018447875977,-7.60570621490479,"Male"
"6018403",371836,2025-10-07 22:41:03,33.6019821166992,-7.60562896728516,"Male"
"6018403",371836,2025-10-07 22:51:04,33.6022071838379,-7.60592651367188,"Male"
"6018403",371836,2025-10-07 23:01:08,33.6017875671387,-7.605712890625,"Male"
"6018403",371836,2025-10-07 23:11:02,33.6037940979004,-7.60700368881226,"Male"
"6018403",371836,2025-10-07 23:21:09,33.6014823913574,-7.6066746711731,"Male"
"6018403",371836,2025-10-07 23:31:44,33.6023445129395,-7.60509252548218,"Male"
"6018403",371836,2025-10-07 23:41:27,33.6020278930664,-7.60561084747315,"Male"
"6018403",371836,2025-10-07 23:51:09,33.6017227172852,-7.60608625411987,"Male"
"6018403",371836,2025-10-08 00:01:06,33.6017227172852,-7.6061372756958,"Male"
"6018403",371836,2025-10-08 00:11:14,33.6018943786621,-7.60584497451782,"Male"
"6018403",371836,2025-10-08 00:21:12,33.6017761230469,-7.60598564147949,"Male"
"6018403",371836,2025-10-08 00:31:08,33.6018867492676,-7.60595607757568,"Male"
"6018403",371836,2025-10-08 00:41:09,33.6018447875977,-7.60610246658325,"Male"
"6018403",371836,2025-10-08 00:51:35,33.6018486022949,-7.60593748092651,"Male"
"6018403",371836,2025-10-08 01:01:09,33.601863861084,-7.60593557357788,"Male"
"6018403",371836,2025-10-08 01:11:20,33.6018142700195,-7.60598945617676,"Male"
"6018403",371836,2025-10-08 01:21:35,33.6017875671387,-7.60600423812866,"Male"
"6018403",371836,2025-10-08 01:31:00,33.6018218994141,-7.60594892501831,"Male"
"6018403",371836,2025-10-08 01:41:00,33.6017990112305,-7.6059136390686,"Male"
"6018403",371836,2025-10-08 01:51:01,33.6020355224609,-7.60608100891113,"Male"
"6018403",371836,2025-10-08 02:01:04,33.6018714904785,-7.60602521896362,"Male"
"6018403",371836,2025-10-08 02:11:00,33.601863861084,-7.60593605041504,"Male"
"6018403",371836,2025-10-08 02:21:02,33.6020011901855,-7.60600996017456,"Male"
"6018403",371836,2025-10-08 02:31:01,33.6018905639648,-7.60600852966309,"Male"
"6018403",371836,2025-10-08 02:41:04,33.6019821166992,-7.60598373413086,"Male"
"6018403",371836,2025-10-08 02:51:04,33.6019248962402,-7.60603523254395,"Male"
"6018403",371836,2025-10-08 03:01:04,33.6018714904785,-7.60599946975708,"Male"
"6018403",371836,2025-10-08 03:11:08,33.6018524169922,-7.60609436035156,"Male"
"6018403",371836,2025-10-08 03:21:06,33.6001968383789,-7.60621309280396,"Male"
"6018403",371836,2025-10-08 03:31:07,33.6000938415527,-7.6064920425415,"Male"
"6018403",371836,2025-10-08 03:41:13,33.6001281738281,-7.60636043548584,"Male"
"6018403",371836,2025-10-08 03:51:02,33.6000633239746,-7.60632514953613,"Male"
"6018403",371836,2025-10-08 04:01:09,33.6002540588379,-7.60637664794922,"Male"
"6018403",371836,2025-10-08 04:11:09,33.6001205444336,-7.60645484924316,"Male"
"6018403",371836,2025-10-08 04:21:09,33.600170135498,-7.60634994506836,"Male"
"6018403",371836,2025-10-08 04:31:35,33.6001319885254,-7.60631608963013,"Male"
"6018403",371836,2025-10-08 04:41:01,33.6001052856445,-7.60650157928467,"Male"
"6018403",371836,2025-10-08 04:51:00,33.6000862121582,-7.60642147064209,"Male"
"6018403",371836,2025-10-08 05:01:01,33.6003036499023,-7.6061544418335,"Male"
"6018403",371836,2025-10-08 05:11:07,33.5999794006348,-7.60642242431641,"Male"
"6018403",371836,2025-10-08 05:21:06,33.6000862121582,-7.60637474060059,"Male"
"6018403",371836,2025-10-08 05:31:04,33.600040435791,-7.60644340515137,"Male"
"6018403",371836,2025-10-08 05:41:07,33.5999374389648,-7.60652446746826,"Male"
"6018403",371836,2025-10-08 05:51:08,33.6000061035156,-7.60652256011963,"Male"
"6018403",371836,2025-10-08 06:01:35,33.6001243591309,-7.606360912323,"Male"
"6018403",371836,2025-10-08 06:11:00,33.6000785827637,-7.60637378692627,"Male"
"6018403",371836,2025-10-08 06:21:02,33.6000480651855,-7.60640621185303,"Male"
"6018403",371836,2025-10-08 06:31:00,33.5919609069824,-7.62400245666504,"Male"
"6018403",371836,2025-10-08 06:41:01,33.5828971862793,-7.67429113388062,"Male"
"6018403",371836,2025-10-08 06:51:00,33.58935546875,-7.70318698883057,"Male"
"6018403",371836,2025-10-08 07:01:00,33.5853462219238,-7.67882013320923,"Male"
"6018403",371836,2025-10-08 07:11:04,33.5850601196289,-7.67246770858765,"Male"
"6018403",371836,2025-10-08 07:21:01,33.5930862426758,-7.63770341873169,"Male"
"6018403",371836,2025-10-08 07:31:35,33.5930976867676,-7.63774394989014,"Male"
"6018403",371836,2025-10-08 07:41:01,33.593074798584,-7.63773727416992,"Male"
"6018403",371836,2025-10-08 07:51:00,33.5930633544922,-7.63767099380493,"Male"
"6018403",371836,2025-10-08 08:01:03,33.5930213928223,-7.63762426376343,"Male"
"6018403",371836,2025-10-08 08:11:02,33.5930633544922,-7.6377067565918,"Male"
"6018403",371836,2025-10-08 08:21:35,33.5930633544922,-7.63772869110107,"Male"
"6018403",371836,2025-10-08 08:31:01,33.5932006835938,-7.63753414154053,"Male"
"6018403",371836,2025-10-08 08:41:00,33.5931625366211,-7.63754415512085,"Male"
"6018403",371836,2025-10-08 08:51:00,33.5932273864746,-7.63759326934815,"Male"
"6018403",371836,2025-10-08 09:01:01,33.5931015014648,-7.63773775100708,"Male"
"6018403",371836,2025-10-08 09:11:01,33.5931549072266,-7.63774299621582,"Male"
"6018403",371836,2025-10-08 09:21:01,33.5931777954102,-7.6377420425415,"Male"
"6018403",371836,2025-10-08 09:31:02,33.5889892578125,-7.61141967773438,"Male"
"6018403",371836,2025-10-08 09:41:00,33.5890197753906,-7.61137056350708,"Male"
"6018403",371836,2025-10-08 09:51:03,33.588996887207,-7.61145782470703,"Male"
"6018403",371836,2025-10-08 10:01:04,33.5891876220703,-7.61146259307861,"Male"
"6018403",371836,2025-10-08 10:11:06,33.5890731811523,-7.61142015457153,"Male"
"6018403",371836,2025-10-08 10:21:04,33.5890731811523,-7.61143159866333,"Male"
"6018403",371836,2025-10-08 10:31:06,33.5890312194824,-7.61139726638794,"Male"
"6018403",371836,2025-10-08 10:41:05,33.5891151428223,-7.61155271530151,"Male"
"6018403",371836,2025-10-08 10:51:01,33.5890274047852,-7.61138010025024,"Male"
"6018403",371836,2025-10-08 11:01:01,33.5897560119629,-7.61479806900024,"Male"
"6018403",371836,2025-10-08 11:11:14,33.5524864196777,-7.57549953460693,"Male"
"6018403",371836,2025-10-08 11:21:07,33.4875411987305,-7.54626703262329,"Male"
"6018403",371836,2025-10-08 11:31:08,33.4850463867188,-7.54610443115234,"Male"
"6018403",371836,2025-10-08 11:41:35,33.4799308776855,-7.53777694702148,"Male"
"6018403",371836,2025-10-08 11:51:02,33.4798431396484,-7.53780555725098,"Male"
"6018403",371836,2025-10-08 12:01:04,33.4793510437012,-7.5406060218811,"Male"
"6018403",371836,2025-10-08 12:11:02,33.4792366027832,-7.54013204574585,"Male"
"6018403",371836,2025-10-08 12:21:06,33.4793548583984,-7.54055309295654,"Male"
"6018403",371836,2025-10-08 12:31:05,33.4791069030762,-7.53984594345093,"Male"
"6018403",371836,2025-10-08 12:41:14,33.4794006347656,-7.54046440124512,"Male"
"6018403",371836,2025-10-08 12:51:12,33.4792594909668,-7.5402889251709,"Male"
"6018403",371836,2025-10-08 13:01:12,33.4793167114258,-7.54055881500244,"Male"
"6018403",371836,2025-10-08 13:11:22,33.479248046875,-7.54024457931519,"Male"
"6018403",371836,2025-10-08 13:21:03,33.4792366027832,-7.54018449783325,"Male"
"6018403",371836,2025-10-08 13:31:35,33.4785118103027,-7.53956699371338,"Male"
"6018403",371836,2025-10-08 13:41:12,33.4786033630371,-7.53959274291992,"Male"
"6018403",371836,2025-10-08 13:51:03,33.4786148071289,-7.53972434997559,"Male"
"6018403",371836,2025-10-08 14:01:06,33.4792327880859,-7.53986883163452,"Male"
"6018403",371836,2025-10-08 14:11:04,33.4791870117188,-7.53964614868164,"Male"
"6018403",371836,2025-10-08 14:21:11,33.4791488647461,-7.5395622253418,"Male"
"6018403",371836,2025-10-08 14:31:11,33.4791488647461,-7.53935050964355,"Male"
"6018403",371836,2025-10-08 14:41:15,33.4792594909668,-7.53954601287842,"Male"
"6018403",371836,2025-10-08 14:51:15,33.4793090820312,-7.53978300094604,"Male"
"6018403",371836,2025-10-08 15:01:14,33.479133605957,-7.53991222381592,"Male"
"6018403",371836,2025-10-08 15:11:35,33.4789390563965,-7.54034233093262,"Male"
"6018403",371836,2025-10-08 15:21:07,33.4821166992188,-7.53729438781738,"Male"
"6018403",371836,2025-10-08 15:31:20,33.4821853637695,-7.53729343414307,"Male"
"6018403",371836,2025-10-08 15:41:13,33.4821701049805,-7.53718280792236,"Male"
"6018403",371836,2025-10-08 15:51:14,33.4821090698242,-7.53714799880981,"Male"
"6018403",371836,2025-10-08 16:01:13,33.4799118041992,-7.53717613220215,"Male"
"6018403",371836,2025-10-08 16:11:35,33.4797554016113,-7.53729152679443,"Male"
"6018403",371836,2025-10-08 16:21:01,33.4797401428223,-7.5372724533081,"Male"
"6018403",371836,2025-10-08 16:31:00,33.4797973632812,-7.53731393814087,"Male"
"6018403",371836,2025-10-08 16:41:03,33.4799308776855,-7.53736305236816,"Male"
"6018403",371836,2025-10-08 16:51:03,33.4798889160156,-7.53737640380859,"Male"
"6018403",371836,2025-10-08 17:01:00,33.4801139831543,-7.5429310798645,"Male"
"6018403",371836,2025-10-08 17:11:00,33.486988067627,-7.58568429946899,"Male"
"6018403",371836,2025-10-08 17:21:04,33.5138244628906,-7.61652851104736,"Male"
"6018403",371836,2025-10-08 17:31:02,33.5557899475098,-7.64197063446045,"Male"
"6018403",371836,2025-10-08 17:41:02,33.592700958252,-7.67961406707764,"Male"
"6018403",371836,2025-10-08 17:51:02,33.5945816040039,-7.65371513366699,"Male"
"6018403",371836,2025-10-08 18:01:09,33.5948753356934,-7.6291766166687,"Male"
"6018403",371836,2025-10-08 18:11:44,33.5963325500488,-7.61617279052734,"Male"
"6018403",371836,2025-10-08 18:21:04,33.5989723205566,-7.6136212348938,"Male"
"6018403",371836,2025-10-08 18:31:03,33.6020660400391,-7.60565567016602,"Male"
"6018403",371836,2025-10-08 18:41:11,33.6019439697266,-7.60550785064697,"Male"
"6018403",371836,2025-10-08 18:51:14,33.6018753051758,-7.60561037063599,"Male"
"6018403",371836,2025-10-08 19:01:09,33.602237701416,-7.60594320297241,"Male"
"6018403",371836,2025-10-08 19:11:09,33.6016654968262,-7.60605716705322,"Male"
"6018403",371836,2025-10-08 19:21:08,33.6014404296875,-7.60580921173096,"Male"
"6018403",371836,2025-10-08 19:31:14,33.6017837524414,-7.60607433319092,"Male"
"6018403",371836,2025-10-08 19:41:04,33.6018104553223,-7.60614490509033,"Male"
"6018403",371836,2025-10-08 19:51:35,33.6019973754883,-7.60633516311646,"Male"
"6018403",371836,2025-10-08 20:01:01,33.6019668579102,-7.60624980926514,"Male"
"6018403",371836,2025-10-08 20:11:01,33.6021003723145,-7.60634183883667,"Male"
"6018403",371836,2025-10-08 20:21:03,33.6021308898926,-7.60646104812622,"Male"
"6018403",371836,2025-10-08 20:31:04,33.6018600463867,-7.60611343383789,"Male"
"6018403",371836,2025-10-08 20:41:09,33.6018447875977,-7.60616302490234,"Male"
"6018403",371836,2025-10-08 20:51:10,33.6018981933594,-7.6060733795166,"Male"
"6018403",371836,2025-10-08 21:01:02,33.6020774841309,-7.60640335083008,"Male"
"6018403",371836,2025-10-08 21:11:02,33.6021919250488,-7.60653257369995,"Male"
"6018403",371836,2025-10-08 21:21:08,33.6018562316895,-7.60609292984009,"Male"
"6018403",371836,2025-10-08 21:31:13,33.6018562316895,-7.60611009597778,"Male"
"6018403",371836,2025-10-08 21:41:04,33.601978302002,-7.60637664794922,"Male"
"6018403",371836,2025-10-08 21:51:08,33.601936340332,-7.60656595230103,"Male"
"6018403",371836,2025-10-08 22:01:03,33.6018257141113,-7.60586595535278,"Male"
"6018403",371836,2025-10-08 22:11:04,33.6021461486816,-7.60654830932617,"Male"
"6018403",371836,2025-10-08 22:21:59,33.6021308898926,-7.60663843154907,"Male"
"6018403",371836,2025-10-08 22:31:07,33.6020278930664,-7.60634660720825,"Male"
"6018403",371836,2025-10-08 22:41:07,33.601978302002,-7.60637664794922,"Male"
"6018403",371836,2025-10-08 22:51:06,33.6018486022949,-7.60630702972412,"Male"
"6018403",371836,2025-10-08 23:01:08,33.6021881103516,-7.60687208175659,"Male"
"6018403",371836,2025-10-08 23:11:15,33.6022262573242,-7.60682058334351,"Male"
"6018403",371836,2025-10-08 23:21:09,33.6000366210938,-7.60671710968018,"Male"
"6018403",371836,2025-10-08 23:31:35,33.599796295166,-7.60642147064209,"Male"
"6018403",371836,2025-10-08 23:41:01,33.5998420715332,-7.60646438598633,"Male"
"6018403",371836,2025-10-08 23:51:03,33.5998229980469,-7.60643196105957,"Male"
"6018403",371836,2025-10-09 00:01:03,33.5998954772949,-7.60636520385742,"Male"
"6018403",371836,2025-10-09 00:11:02,33.5998420715332,-7.60638809204102,"Male"
"6018403",371836,2025-10-09 00:21:06,33.6016616821289,-7.60607719421387,"Male"
"6018403",371836,2025-10-09 00:31:01,33.6014556884766,-7.60595607757568,"Male"
"6018403",371836,2025-10-09 00:41:02,33.6015548706055,-7.60592365264893,"Male"
"6018403",371836,2025-10-09 00:51:06,33.6015853881836,-7.60593795776367,"Male"
"6018403",371836,2025-10-09 01:01:04,33.6015510559082,-7.60589933395386,"Male"
"6018403",371836,2025-10-09 01:11:13,33.6015281677246,-7.60590267181396,"Male"
"6018403",371836,2025-10-09 01:21:03,33.6013565063477,-7.60577201843262,"Male"
"6018403",371836,2025-10-09 01:31:06,33.6016616821289,-7.60591983795166,"Male"
"6018403",371836,2025-10-09 01:41:03,33.6018257141113,-7.60597610473633,"Male"
"6018403",371836,2025-10-09 01:51:09,33.6017150878906,-7.60594749450684,"Male"
"6018403",371836,2025-10-09 02:01:09,33.6012077331543,-7.60653448104858,"Male"
"6018403",371836,2025-10-09 02:11:09,33.6015014648438,-7.606125831604,"Male"
"6018403",371836,2025-10-09 02:21:06,33.6014556884766,-7.60599613189697,"Male"
"6018403",371836,2025-10-09 02:31:03,33.601634979248,-7.60615015029907,"Male"
"6018403",371836,2025-10-09 02:41:04,33.6014022827148,-7.60596704483032,"Male"
"6018403",371836,2025-10-09 02:51:02,33.6013717651367,-7.60572814941406,"Male"
"6018403",371836,2025-10-09 03:01:04,33.6014251708984,-7.60587692260742,"Male"
"6018403",371836,2025-10-09 03:11:03,33.6014518737793,-7.60574960708618,"Male"
"6018403",371836,2025-10-09 03:21:02,33.601375579834,-7.60592269897461,"Male"
"6018403",371836,2025-10-09 03:31:06,33.6015930175781,-7.60551500320435,"Male"
"6018403",371836,2025-10-09 03:41:03,33.6015472412109,-7.60537433624268,"Male"
"6018403",371836,2025-10-09 03:51:03,33.6014785766602,-7.60539722442627,"Male"
"6018403",371836,2025-10-09 04:01:02,33.6017189025879,-7.60545015335083,"Male"
"6018403",371836,2025-10-09 04:11:13,33.6016998291016,-7.60557699203491,"Male"
"6018403",371836,2025-10-09 04:21:02,33.6015014648438,-7.60530662536621,"Male"
"6018403",371836,2025-10-09 04:31:04,33.6017227172852,-7.60557508468628,"Male"
"6018403",371836,2025-10-09 04:41:03,33.6017532348633,-7.60566329956055,"Male"
"6018403",371836,2025-10-09 04:51:10,33.6016998291016,-7.60575866699219,"Male"
"6018403",371836,2025-10-09 05:01:04,33.601749420166,-7.60562086105347,"Male"
"6018403",371836,2025-10-09 05:11:04,33.6016883850098,-7.60591697692871,"Male"
"6018403",371836,2025-10-09 05:21:04,33.6017875671387,-7.60559988021851,"Male"
"6018403",371836,2025-10-09 05:31:06,33.6017227172852,-7.60580444335938,"Male"
"6018403",371836,2025-10-09 05:41:03,33.6016044616699,-7.60585594177246,"Male"
"6018403",371836,2025-10-09 05:51:03,33.6017837524414,-7.60572528839111,"Male"
"6018403",371836,2025-10-09 06:01:02,33.6017112731934,-7.60584259033203,"Male"
"6018403",371836,2025-10-09 06:11:02,33.6017456054688,-7.60600423812866,"Male"
"6018403",371836,2025-10-09 06:21:02,33.6016044616699,-7.60599231719971,"Male"
"6018403",371836,2025-10-09 06:31:04,33.6016159057617,-7.60587978363037,"Male"
"6018403",371836,2025-10-09 06:41:06,33.5881767272949,-7.61167144775391,"Male"
"6018403",371836,2025-10-09 06:51:07,33.5882148742676,-7.61172962188721,"Male"
"6018403",371836,2025-10-09 07:01:03,33.5878410339355,-7.61491203308105,"Male"
"6018403",371836,2025-10-09 07:11:05,33.5878257751465,-7.61482524871826,"Male"
"6018403",371836,2025-10-09 07:21:03,33.5877380371094,-7.61485719680786,"Male"
"6018403",371836,2025-10-09 07:31:44,33.5877342224121,-7.61490535736084,"Male"
"6018403",371836,2025-10-09 07:41:01,33.5877342224121,-7.61492252349854,"Male"
"6018403",371836,2025-10-09 07:51:00,33.5878677368164,-7.61465740203857,"Male"
"6018403",371836,2025-10-09 08:01:00,33.5878715515137,-7.61469602584839,"Male"
"6018403",371836,2025-10-09 08:11:01,33.5868759155273,-7.61503601074219,"Male"
"6018403",371836,2025-10-09 08:21:01,33.5867347717285,-7.6152548789978,"Male"
"6018403",371836,2025-10-09 08:31:02,33.5868186950684,-7.61523532867432,"Male"
"6018403",371836,2025-10-09 08:41:02,33.5867004394531,-7.61528587341309,"Male"
"6018403",371836,2025-10-09 08:51:01,33.5867118835449,-7.61526536941528,"Male"
"6018403",371836,2025-10-09 09:01:01,33.5868759155273,-7.61511945724487,"Male"
"6018403",371836,2025-10-09 09:11:01,33.5863914489746,-7.61487197875977,"Male"
"6018403",371836,2025-10-09 09:21:01,33.5868377685547,-7.61524534225464,"Male"
"6018403",371836,2025-10-09 09:31:02,33.5868072509766,-7.61531352996826,"Male"
"6018403",371836,2025-10-09 09:41:02,33.586799621582,-7.61530303955078,"Male"
"6018403",371836,2025-10-09 09:51:01,33.586784362793,-7.61531639099121,"Male"
"6018403",371836,2025-10-09 10:01:01,33.5868453979492,-7.61530351638794,"Male"
"6018403",371836,2025-10-09 10:11:01,33.5878944396973,-7.6144609451294,"Male"
"6018403",371836,2025-10-09 10:21:02,33.5878944396973,-7.61440753936768,"Male"
"6018403",371836,2025-10-09 10:31:02,33.587818145752,-7.61447715759277,"Male"
"6018403",371836,2025-10-09 10:41:01,33.5877914428711,-7.61436367034912,"Male"
"6018403",371836,2025-10-09 10:51:01,33.5877456665039,-7.61439180374146,"Male"
"6018403",371836,2025-10-09 11:01:01,33.5876541137695,-7.61425733566284,"Male"
"6018403",371836,2025-10-09 11:11:03,33.5877113342285,-7.61445140838623,"Male"
"6018403",371836,2025-10-09 11:21:02,33.5878295898438,-7.61451625823975,"Male"
"6018403",371836,2025-10-09 11:31:02,33.5877914428711,-7.61434555053711,"Male"
"6018403",371836,2025-10-09 11:41:01,33.5881118774414,-7.61453723907471,"Male"
"6018403",371836,2025-10-09 11:51:02,33.587818145752,-7.61460733413696,"Male"
"6018403",371836,2025-10-09 12:01:02,33.5877494812012,-7.61465120315552,"Male"
"6018403",371836,2025-10-09 12:11:02,33.5879058837891,-7.61463165283203,"Male"
"6018403",371836,2025-10-09 12:21:02,33.5878105163574,-7.61456727981567,"Male"
"6018403",371836,2025-10-09 12:31:06,33.5879669189453,-7.61424255371094,"Male"
"6018403",371836,2025-10-09 12:41:11,33.5878410339355,-7.6142463684082,"Male"
"6018403",371836,2025-10-09 12:51:03,33.5880012512207,-7.61451053619385,"Male"
"6018403",371836,2025-10-09 13:01:08,33.5878944396973,-7.61408233642578,"Male"
"6018403",371836,2025-10-09 13:11:02,33.5878753662109,-7.61466073989868,"Male"
"6018403",371836,2025-10-09 13:21:02,33.5811500549316,-7.60125207901001,"Male"
"6018403",371836,2025-10-09 13:31:07,33.5085868835449,-7.55181980133057,"Male"
"6018403",371836,2025-10-09 13:41:03,33.4787216186523,-7.53957509994507,"Male"
"6018403",371836,2025-10-09 13:51:06,33.479076385498,-7.53975820541382,"Male"
"6018403",371836,2025-10-09 14:01:02,33.4804000854492,-7.53775453567505,"Male"
"6018403",371836,2025-10-09 14:11:02,33.478385925293,-7.53986406326294,"Male"
"6018403",371836,2025-10-09 14:21:04,33.479248046875,-7.53979682922363,"Male"
"6018403",371836,2025-10-09 14:31:08,33.4791221618652,-7.53969192504883,"Male"
"6018403",371836,2025-10-09 14:41:04,33.4789924621582,-7.53977203369141,"Male"
"6018403",371836,2025-10-09 14:51:02,33.4803276062012,-7.53783988952637,"Male"
"6018403",371836,2025-10-09 15:01:04,33.4802932739258,-7.53780889511108,"Male"
"6018403",371836,2025-10-09 15:11:02,33.4803314208984,-7.53795480728149,"Male"
"6018403",371836,2025-10-09 15:21:04,33.4802780151367,-7.53795099258423,"Male"
"6018403",371836,2025-10-09 15:31:02,33.4778938293457,-7.5393009185791,"Male"
"6018403",371836,2025-10-09 15:41:04,33.4802093505859,-7.53815650939941,"Male"
"6018403",371836,2025-10-09 15:51:03,33.4801902770996,-7.53805065155029,"Male"
"6018403",371836,2025-10-09 16:01:04,33.4802742004395,-7.53810167312622,"Male"
"6018403",371836,2025-10-09 16:11:05,33.4803199768066,-7.53813457489014,"Male"
"6018403",371836,2025-10-09 16:21:02,33.4802284240723,-7.53805923461914,"Male"
"6018403",371836,2025-10-09 16:31:02,33.4804077148438,-7.53809833526611,"Male"
"6018403",371836,2025-10-09 16:41:02,33.4801788330078,-7.53831052780151,"Male"
"6018403",371836,2025-10-09 16:51:07,33.4801483154297,-7.53856134414673,"Male"
"6018403",371836,2025-10-09 17:01:11,33.4797477722168,-7.53876304626465,"Male"
"6018403",371836,2025-10-09 17:11:09,33.4860877990723,-7.54012727737427,"Male"
"6018403",371836,2025-10-09 17:21:09,33.4852714538574,-7.54093980789185,"Male"
"6018403",371836,2025-10-09 17:31:10,33.4840354919434,-7.54054164886475,"Male"
"6018403",371836,2025-10-09 17:41:06,33.4841041564941,-7.53941535949707,"Male"
"6018403",371836,2025-10-09 17:51:02,33.484317779541,-7.53886699676514,"Male"
"6018403",371836,2025-10-09 18:01:02,33.4925765991211,-7.54966163635254,"Male"
"6018403",371836,2025-10-09 18:11:04,33.5306091308594,-7.5722131729126,"Male"
"6018403",371836,2025-10-09 18:21:04,33.5756340026855,-7.59768390655518,"Male"
"6018403",371836,2025-10-09 18:31:02,33.6019477844238,-7.60554504394531,"Male"
"6018403",371836,2025-10-09 18:41:06,33.601978302002,-7.605637550354,"Male"
"6018403",371836,2025-10-09 18:51:05,33.601879119873,-7.6057276725769,"Male"
"6018403",371836,2025-10-09 19:01:05,33.6017951965332,-7.60573482513428,"Male"
"6018403",371836,2025-10-09 19:11:09,33.6015319824219,-7.60538339614868,"Male"
"6018403",371836,2025-10-09 19:21:09,33.6021347045898,-7.60586881637573,"Male"
"6018403",371836,2025-10-09 19:31:08,33.6015892028809,-7.60566425323486,"Male"
"6018403",371836,2025-10-09 19:41:09,33.6021270751953,-7.60581922531128,"Male"
"6018403",371836,2025-10-09 19:51:09,33.601936340332,-7.60591840744019,"Male"
"6018403",371836,2025-10-09 20:01:02,33.6021118164062,-7.60607290267944,"Male"
"6018403",371836,2025-10-09 20:11:08,33.6021575927734,-7.60589027404785,"Male"
"6018403",371836,2025-10-09 20:21:09,33.6019821166992,-7.60611438751221,"Male"
"6018403",371836,2025-10-09 20:31:06,33.6020736694336,-7.60590553283691,"Male"
"6018403",371836,2025-10-09 20:41:06,33.6020431518555,-7.60589027404785,"Male"
"6018403",371836,2025-10-09 20:51:02,33.6021461486816,-7.6058874130249,"Male"
"6018403",371836,2025-10-09 21:01:03,33.6020278930664,-7.60595035552979,"Male"
"6018403",371836,2025-10-09 21:11:02,33.6019248962402,-7.60595321655273,"Male"
"6018403",371836,2025-10-09 21:21:03,33.601993560791,-7.60602474212646,"Male"
"6018403",371836,2025-10-09 21:31:02,33.6019897460938,-7.60599422454834,"Male"
"6018403",371836,2025-10-09 21:41:02,33.6020240783691,-7.6059684753418,"Male"
"6018403",371836,2025-10-09 21:51:02,33.6021156311035,-7.60603618621826,"Male"
"6018403",371836,2025-10-09 22:01:04,33.6019439697266,-7.60601234436035,"Male"
"6018403",371836,2025-10-09 22:11:04,33.6020736694336,-7.60631084442139,"Male"
"6018403",371836,2025-10-09 22:21:09,33.6019630432129,-7.60615015029907,"Male"
"6018403",371836,2025-10-09 22:31:11,33.6017456054688,-7.60595893859863,"Male"
"6018403",371836,2025-10-09 22:41:03,33.6020355224609,-7.60606288909912,"Male"
"6018403",371836,2025-10-09 22:51:07,33.6020317077637,-7.60615396499634,"Male"
"6018403",371836,2025-10-09 23:01:08,33.601993560791,-7.60605669021606,"Male"
"6018403",371836,2025-10-09 23:11:03,33.6021499633789,-7.60606002807617,"Male"
"6018403",371836,2025-10-09 23:21:04,33.6020698547363,-7.60595464706421,"Male"
"6018403",371836,2025-10-09 23:31:07,33.601993560791,-7.60575151443481,"Male"
"6018403",371836,2025-10-09 23:41:04,33.6020660400391,-7.60590124130249,"Male"
"6018403",371836,2025-10-09 23:51:07,33.6021423339844,-7.60589408874512,"Male"
"6018403",371836,2025-10-10 00:01:03,33.6020393371582,-7.60596179962158,"Male"
"6018403",371836,2025-10-10 00:11:07,33.6019172668457,-7.6057276725769,"Male"
"6018403",371836,2025-10-10 00:21:07,33.6020965576172,-7.60583162307739,"Male"
"6018403",371836,2025-10-10 00:31:07,33.6019096374512,-7.60568571090698,"Male"
"6018403",371836,2025-10-10 00:41:03,33.6019859313965,-7.6048698425293,"Male"
"6018403",371836,2025-10-10 00:51:08,33.6020126342773,-7.60561418533325,"Male"
"6018403",371836,2025-10-10 01:01:09,33.602180480957,-7.60563945770264,"Male"
"6018403",371836,2025-10-10 01:11:35,33.6019477844238,-7.60593605041504,"Male"
"6018403",371836,2025-10-10 01:21:04,33.6020011901855,-7.60587930679321,"Male"
"6018403",371836,2025-10-10 01:31:01,33.5998458862305,-7.60561037063599,"Male"
"6018403",371836,2025-10-10 01:41:07,33.6000061035156,-7.60611629486084,"Male"
"6018403",371836,2025-10-10 01:51:02,33.6000862121582,-7.60620594024658,"Male"
"6018403",371836,2025-10-10 02:01:04,33.5993957519531,-7.60651397705078,"Male"
"6018403",371836,2025-10-10 02:11:09,33.5996398925781,-7.60638761520386,"Male"
"6018403",371836,2025-10-10 02:21:04,33.5994300842285,-7.60641193389893,"Male"
"6018403",371836,2025-10-10 02:31:02,33.5993995666504,-7.6064305305481,"Male"
"6018403",371836,2025-10-10 02:41:02,33.599925994873,-7.60629081726074,"Male"
"6018403",371836,2025-10-10 02:51:02,33.6001396179199,-7.60648012161255,"Male"
"6018403",371836,2025-10-10 03:01:06,33.5999412536621,-7.60631370544434,"Male"
"6018403",371836,2025-10-10 03:11:03,33.6001472473145,-7.60627794265747,"Male"
"6018403",371836,2025-10-10 03:21:03,33.6002502441406,-7.60527420043945,"Male"
"6018403",371836,2025-10-10 03:31:09,33.600757598877,-7.60582828521729,"Male"
"6018403",371836,2025-10-10 03:41:09,33.600170135498,-7.60623073577881,"Male"
"6018403",371836,2025-10-10 03:51:09,33.6003379821777,-7.60605382919312,"Male"
"6018403",371836,2025-10-10 04:01:12,33.6003112792969,-7.6061487197876,"Male"
"6018403",371836,2025-10-10 04:11:07,33.6003265380859,-7.60601234436035,"Male"
"6018403",371836,2025-10-10 04:21:03,33.6006546020508,-7.60643672943115,"Male"
"6018403",371836,2025-10-10 04:31:04,33.6010398864746,-7.60675668716431,"Male"
"6018403",371836,2025-10-10 04:41:07,33.6003799438477,-7.60592937469482,"Male"
"6018403",371836,2025-10-10 04:51:17,33.6003952026367,-7.60589408874512,"Male"
"6018403",371836,2025-10-10 05:01:09,33.600170135498,-7.60574197769165,"Male"
"6018403",371836,2025-10-10 05:11:14,33.600414276123,-7.60596990585327,"Male"
"6018403",371836,2025-10-10 05:21:12,33.6003723144531,-7.6059308052063,"Male"
"6018403",371836,2025-10-10 05:31:04,33.6001663208008,-7.60613107681274,"Male"
"6018403",371836,2025-10-10 05:41:07,33.599967956543,-7.60604953765869,"Male"
"6018403",371836,2025-10-10 05:51:07,33.6002616882324,-7.60593509674072,"Male"
"6018403",371836,2025-10-10 06:01:13,33.600269317627,-7.60615348815918,"Male"
"6018403",371836,2025-10-10 06:11:06,33.6002311706543,-7.60614204406738,"Male"
"6018403",371836,2025-10-10 06:21:03,33.6001930236816,-7.60614824295044,"Male"
"6018403",371836,2025-10-10 06:31:04,33.6001243591309,-7.60605096817017,"Male"
"6018403",371836,2025-10-10 06:41:03,33.6001472473145,-7.60633420944214,"Male"
"6018403",371836,2025-10-10 06:51:05,33.5921859741211,-7.62045288085938,"Male"
"6018403",371836,2025-10-10 07:01:12,33.6019706726074,-7.67536067962646,"Male"
"6018403",371836,2025-10-10 07:11:04,33.6025161743164,-7.67403745651245,"Male"
"6018403",371836,2025-10-10 07:21:03,33.595630645752,-7.64138460159302,"Male"
"6018403",371836,2025-10-10 07:31:12,33.5957717895508,-7.64092254638672,"Male"
"6018403",371836,2025-10-10 07:41:13,33.5958938598633,-7.64074420928955,"Male"
"6018403",371836,2025-10-10 07:51:13,33.595760345459,-7.6409068107605,"Male"
"6018403",371836,2025-10-10 08:01:13,33.5960006713867,-7.64073181152344,"Male"
"6018403",371836,2025-10-10 08:11:09,33.595890045166,-7.6410059928894,"Male"
"6018403",371836,2025-10-10 08:21:06,33.5958213806152,-7.64111185073853,"Male"
"6018403",371836,2025-10-10 08:31:12,33.5954895019531,-7.64144706726074,"Male"
"6018403",371836,2025-10-10 08:41:02,33.5954742431641,-7.6415958404541,"Male"
"6018403",371836,2025-10-10 08:51:05,33.5955924987793,-7.64139795303345,"Male"
"6018403",371836,2025-10-10 09:01:06,33.5958023071289,-7.64128971099854,"Male"
"6018403",371836,2025-10-10 09:11:03,33.5954780578613,-7.64107036590576,"Male"
"6018403",371836,2025-10-10 09:21:06,33.5878944396973,-7.61439323425293,"Male"
"6018403",371836,2025-10-10 09:31:07,33.5880279541016,-7.61433506011963,"Male"
"6018403",371836,2025-10-10 09:41:32,33.5953025817871,-7.61578989028931,"Male"
"6018403",371836,2025-10-10 09:51:12,33.595100402832,-7.61573839187622,"Male"
"6018403",371836,2025-10-10 10:01:07,33.5949783325195,-7.61552667617798,"Male"
"6018403",371836,2025-10-10 10:11:01,33.594970703125,-7.61577701568604,"Male"
"6018403",371836,2025-10-10 10:21:05,33.5952377319336,-7.61552429199219,"Male"
"6018403",371836,2025-10-10 10:31:07,33.5951919555664,-7.61567783355713,"Male"
"6018403",371836,2025-10-10 10:41:10,33.5952377319336,-7.6158618927002,"Male"
"6018403",371836,2025-10-10 10:51:24,33.5951309204102,-7.61695909500122,"Male"
"6018403",371836,2025-10-10 11:01:07,33.5951309204102,-7.61689281463623,"Male"
"6018403",371836,2025-10-10 11:11:06,33.5951042175293,-7.61680269241333,"Male"
"6018403",371836,2025-10-10 11:21:09,33.5952224731445,-7.61689853668213,"Male"
"6018403",371836,2025-10-10 11:31:14,33.5945777893066,-7.61620235443115,"Male"
"6018403",371836,2025-10-10 11:41:04,33.5947761535645,-7.61542701721191,"Male"
"6018403",371836,2025-10-10 11:51:13,33.5945510864258,-7.61615324020386,"Male"
"6018403",371836,2025-10-10 12:01:06,33.5945434570312,-7.61614799499512,"Male"
"6018403",371836,2025-10-10 12:11:10,33.5944709777832,-7.61617279052734,"Male"
"6018403",371836,2025-10-10 12:21:09,33.5947341918945,-7.61614322662354,"Male"
"6018403",371836,2025-10-10 12:31:03,33.5950927734375,-7.61641597747803,"Male"
"6018403",371836,2025-10-10 12:41:06,33.5946769714355,-7.61622095108032,"Male"
"6018403",371836,2025-10-10 12:51:35,33.5946350097656,-7.61621046066284,"Male"
"6018403",371836,2025-10-10 13:01:00,33.5947227478027,-7.61629247665405,"Male"
"6018403",371836,2025-10-10 13:11:00,33.5947074890137,-7.6162805557251,"Male"
"6018403",371836,2025-10-10 13:21:00,33.5946731567383,-7.61626100540161,"Male"
"6018403",371836,2025-10-10 13:31:01,33.5947494506836,-7.61631488800049,"Male"
"6018403",371836,2025-10-10 13:41:01,33.5947799682617,-7.61631393432617,"Male"
"6018403",371836,2025-10-10 13:51:03,33.5947952270508,-7.61627769470215,"Male"
"6018403",371836,2025-10-10 14:01:02,33.594913482666,-7.6163067817688,"Male"
"6018403",371836,2025-10-10 14:11:01,33.5919761657715,-7.62147521972656,"Male"
"6018403",371836,2025-10-10 14:21:01,33.5481338500977,-7.57348585128784,"Male"
"6018403",371836,2025-10-10 14:31:04,33.4815330505371,-7.53858852386475,"Male"
"6018403",371836,2025-10-10 14:41:00,33.481502532959,-7.5385274887085,"Male"
"6018403",371836,2025-10-10 14:51:02,33.4815635681152,-7.53851747512817,"Male"
"6018403",371836,2025-10-10 15:01:01,33.4815254211426,-7.53852462768555,"Male"
"6018403",371836,2025-10-10 15:11:02,33.4814796447754,-7.53854274749756,"Male"
"6018403",371836,2025-10-10 15:21:07,33.4814529418945,-7.53859233856201,"Male"
"6018403",371836,2025-10-10 15:31:03,33.481502532959,-7.53856229782104,"Male"
"6018403",371836,2025-10-10 15:41:32,33.4813613891602,-7.53853225708008,"Male"
"6018403",371836,2025-10-10 15:51:01,33.4814147949219,-7.53856420516968,"Male"
"6018403",371836,2025-10-10 16:01:01,33.4791107177734,-7.54035043716431,"Male"
"6018403",371836,2025-10-10 16:11:02,33.4789886474609,-7.54029560089111,"Male"
"6018403",371836,2025-10-10 16:21:00,33.4804153442383,-7.5380482673645,"Male"
"6018403",371836,2025-10-10 16:31:07,33.4803161621094,-7.53803825378418,"Male"
"6018403",371836,2025-10-10 16:41:04,33.4803466796875,-7.5380711555481,"Male"
"6018403",371836,2025-10-10 16:51:03,33.480354309082,-7.53802442550659,"Male"
"6018403",371836,2025-10-10 17:01:05,33.4805793762207,-7.53793811798096,"Male"
"6018403",371836,2025-10-10 17:11:09,33.4803771972656,-7.53798055648804,"Male"
"6018403",371836,2025-10-10 17:21:02,33.4778633117676,-7.53955221176147,"Male"
"6018403",371836,2025-10-10 17:31:03,33.4802322387695,-7.53826522827148,"Male"
"6018403",371836,2025-10-10 17:41:16,33.4802894592285,-7.53801536560059,"Male"
"6018403",371836,2025-10-10 17:51:06,33.4803619384766,-7.53796768188477,"Male"
"6018403",371836,2025-10-10 18:01:10,33.4803657531738,-7.53781318664551,"Male"
"6018403",371836,2025-10-10 18:11:14,33.4807891845703,-7.53801250457764,"Male"
"6018403",371836,2025-10-10 18:21:02,33.4912223815918,-7.54912567138672,"Male"
"6018403",371836,2025-10-10 18:31:02,33.5276641845703,-7.58531141281128,"Male"
"6018403",371836,2025-10-10 18:41:02,33.5669898986816,-7.6055326461792,"Male"
"6018403",371836,2025-10-10 18:51:12,33.6021423339844,-7.60553455352783,"Male"
"6018403",371836,2025-10-10 19:01:06,33.6021003723145,-7.60565614700317,"Male"
"6018403",371836,2025-10-10 19:11:03,33.6023712158203,-7.60608673095703,"Male"
"6018403",371836,2025-10-10 19:21:09,33.601993560791,-7.60567665100098,"Male"
"6018403",371836,2025-10-10 19:31:16,33.6020622253418,-7.60555267333984,"Male"
"6018403",371836,2025-10-10 19:41:35,33.6019096374512,-7.60549736022949,"Male"
"6018403",371836,2025-10-10 19:51:35,33.6019172668457,-7.60557556152344,"Male"
"6018403",371836,2025-10-10 20:01:04,33.6012229919434,-7.60539722442627,"Male"
"6018403",371836,2025-10-10 20:11:10,33.601806640625,-7.60576772689819,"Male"
"6018403",371836,2025-10-10 20:21:02,33.6020355224609,-7.60571193695068,"Male"
"6018403",371836,2025-10-10 20:31:07,33.6018333435059,-7.60567140579224,"Male"
"6018403",371836,2025-10-10 20:41:05,33.6018867492676,-7.605544090271,"Male"
"6018403",371836,2025-10-10 20:51:04,33.6011199951172,-7.60506677627563,"Male"
"6018403",371836,2025-10-10 21:01:09,33.6017036437988,-7.60585021972656,"Male"
"6018403",371836,2025-10-10 21:11:03,33.601734161377,-7.60568857192993,"Male"
"6018403",371836,2025-10-10 21:21:07,33.6018028259277,-7.60549545288086,"Male"
"6018403",371836,2025-10-10 21:31:07,33.6016540527344,-7.60567760467529,"Male"
"6018403",371836,2025-10-10 21:41:05,33.6025505065918,-7.60592794418335,"Male"
"6018403",371836,2025-10-10 21:51:03,33.602123260498,-7.60579824447632,"Male"
"6018403",371836,2025-10-10 22:01:04,33.6018562316895,-7.60596466064453,"Male"
"6018403",371836,2025-10-10 22:11:03,33.6019554138184,-7.60549879074097,"Male"
"6018403",371836,2025-10-10 22:21:01,33.6022529602051,-7.60523891448975,"Male"
"6018403",371836,2025-10-10 22:31:04,33.601749420166,-7.60553932189941,"Male"
"6018403",371836,2025-10-10 22:41:04,33.6018486022949,-7.60560321807861,"Male"
"6018403",371836,2025-10-10 22:51:04,33.6019515991211,-7.60532093048096,"Male"
"6018403",371836,2025-10-10 23:01:33,33.6020698547363,-7.60548114776611,"Male"
"6018403",371836,2025-10-10 23:11:02,33.6019592285156,-7.60529947280884,"Male"
"6018403",371836,2025-10-10 23:21:02,33.6023788452148,-7.6052188873291,"Male"
"6018403",371836,2025-10-10 23:31:04,33.6020202636719,-7.60534381866455,"Male"
"6018403",371836,2025-10-10 23:41:02,33.6021499633789,-7.60543632507324,"Male"
"6018403",371836,2025-10-10 23:51:09,33.6018714904785,-7.60503959655762,"Male"
"6018403",371836,2025-10-11 00:01:03,33.6020965576172,-7.60503101348877,"Male"
"6018403",371836,2025-10-11 00:11:04,33.6018905639648,-7.60485744476318,"Male"
"6018403",371836,2025-10-11 00:21:03,33.6019287109375,-7.60558271408081,"Male"
"6018403",371836,2025-10-11 00:31:03,33.6020431518555,-7.60504865646362,"Male"
"6018403",371836,2025-10-11 00:41:03,33.6021423339844,-7.60512924194336,"Male"
"6018403",371836,2025-10-11 00:51:02,33.6001472473145,-7.6063175201416,"Male"
"6018403",371836,2025-10-11 01:01:05,33.6002082824707,-7.60624885559082,"Male"
"6018403",371836,2025-10-11 01:11:02,33.5998306274414,-7.60631704330444,"Male"
"6018403",371836,2025-10-11 01:21:04,33.5994415283203,-7.60584497451782,"Male"
"6018403",371836,2025-10-11 01:31:10,33.5995864868164,-7.60604381561279,"Male"
"6018403",371836,2025-10-11 01:41:10,33.5997200012207,-7.60628890991211,"Male"
"6018403",371836,2025-10-11 01:51:01,33.5999526977539,-7.60649013519287,"Male"
"6018403",371836,2025-10-11 02:01:06,33.5996246337891,-7.60615062713623,"Male"
"6018403",371836,2025-10-11 02:11:04,33.5997695922852,-7.60627269744873,"Male"
"6018403",371836,2025-10-11 02:21:35,33.5997467041016,-7.60634517669678,"Male"
"6018403",371836,2025-10-11 02:31:04,33.5997276306152,-7.60631418228149,"Male"
"6018403",371836,2025-10-11 02:41:01,33.5996246337891,-7.60644912719727,"Male"
"6018403",371836,2025-10-11 02:51:01,33.5997886657715,-7.60638380050659,"Male"
"6018403",371836,2025-10-11 03:01:02,33.5998191833496,-7.60617208480835,"Male"
"6018403",371836,2025-10-11 03:11:17,33.6000900268555,-7.60612201690674,"Male"
"6018403",371836,2025-10-11 03:21:07,33.6018524169922,-7.60590600967407,"Male"
"6018403",371836,2025-10-11 03:31:01,33.6016006469727,-7.60563516616821,"Male"
"6018403",371836,2025-10-11 03:41:04,33.601505279541,-7.60564136505127,"Male"
"6018403",371836,2025-10-11 03:51:02,33.6012878417969,-7.60520076751709,"Male"
"6018403",371836,2025-10-11 04:01:07,33.6013298034668,-7.60636615753174,"Male"
"6018403",371836,2025-10-11 04:11:02,33.6028251647949,-7.60675954818726,"Male"
"6018403",371836,2025-10-11 04:21:02,33.6024055480957,-7.60668039321899,"Male"
"6018403",371836,2025-10-11 04:31:01,33.6020927429199,-7.6063084602356,"Male"
"6018403",371836,2025-10-11 04:41:04,33.6015357971191,-7.60595512390137,"Male"
"6018403",371836,2025-10-11 04:51:05,33.6013565063477,-7.60620403289795,"Male"
"6018403",371836,2025-10-11 05:01:35,33.6015892028809,-7.60593748092651,"Male"
"6018403",371836,2025-10-11 05:11:03,33.601692199707,-7.60594654083252,"Male"
"6018403",371836,2025-10-11 05:21:03,33.6015396118164,-7.60538053512573,"Male"
"6018403",371836,2025-10-11 05:31:01,33.6015319824219,-7.60592794418335,"Male"
"6018403",371836,2025-10-11 05:41:01,33.6015472412109,-7.60597896575928,"Male"
"6018403",371836,2025-10-11 05:51:01,33.6015090942383,-7.60584545135498,"Male"
"6018403",371836,2025-10-11 06:01:03,33.6017036437988,-7.60536670684815,"Male"
"6018403",371836,2025-10-11 06:11:02,33.6015090942383,-7.60591697692871,"Male"
"6018403",371836,2025-10-11 06:21:02,33.5997352600098,-7.60594797134399,"Male"
"6018403",371836,2025-10-11 06:31:14,33.5886993408203,-7.61753273010254,"Male"
"6018403",371836,2025-10-11 06:41:04,33.5877151489258,-7.6141996383667,"Male"
"6018403",371836,2025-10-11 06:51:04,33.5876998901367,-7.61364221572876,"Male"
"6018403",371836,2025-10-11 07:01:04,33.5858154296875,-7.61407852172852,"Male"
"6018403",371836,2025-10-11 07:11:03,33.585880279541,-7.61391067504883,"Male"
"6018403",371836,2025-10-11 07:21:03,33.585880279541,-7.61398410797119,"Male"
"6018403",371836,2025-10-11 07:31:03,33.5876312255859,-7.61415815353394,"Male"
"6018403",371836,2025-10-11 07:41:14,33.5860061645508,-7.61282253265381,"Male"
"6018403",371836,2025-10-11 07:51:06,33.5860595703125,-7.61279058456421,"Male"
"6018403",371836,2025-10-11 08:01:03,33.5862693786621,-7.61313056945801,"Male"
"6018403",371836,2025-10-11 08:11:04,33.5854148864746,-7.60875415802002,"Male"
"6018403",371836,2025-10-11 08:21:02,33.5854415893555,-7.6089038848877,"Male"
"6018403",371836,2025-10-11 08:31:01,33.5854988098145,-7.60888004302979,"Male"
"6018403",371836,2025-10-11 08:41:03,33.5854454040527,-7.60894775390625,"Male"
"6018403",371836,2025-10-11 08:51:02,33.5854759216309,-7.60894298553467,"Male"
"6018403",371836,2025-10-11 09:01:02,33.5849800109863,-7.60818195343018,"Male"
"6018403",371836,2025-10-11 09:11:06,33.5852508544922,-7.60899496078491,"Male"
"6018403",371836,2025-10-11 09:21:02,33.5854530334473,-7.60888481140137,"Male"
"6018403",371836,2025-10-11 09:31:02,33.5814552307129,-7.59346628189087,"Male"
"6018403",371836,2025-10-11 09:41:03,33.5582122802734,-7.5770263671875,"Male"
"6018403",371836,2025-10-11 09:51:02,33.5571556091309,-7.58358955383301,"Male"
"6018403",371836,2025-10-11 10:01:02,33.5571479797363,-7.58374118804932,"Male"
"6018403",371836,2025-10-11 10:11:02,33.5571403503418,-7.58374071121216,"Male"
"6018403",371836,2025-10-11 10:21:08,33.557258605957,-7.58379316329956,"Male"
"6018403",371836,2025-10-11 10:31:06,33.5573539733887,-7.58379411697388,"Male"
"6018403",371836,2025-10-11 10:41:02,33.5573120117188,-7.5838451385498,"Male"
"6018403",371836,2025-10-11 10:51:02,33.5573463439941,-7.58383750915527,"Male"
"6018403",371836,2025-10-11 11:01:02,33.5574035644531,-7.58385419845581,"Male"
"6018403",371836,2025-10-11 11:11:03,33.557445526123,-7.58389711380005,"Male"
"6018403",371836,2025-10-11 11:21:02,33.5574264526367,-7.58374309539795,"Male"
"6018403",371836,2025-10-11 11:31:07,33.5574760437012,-7.5835976600647,"Male"
"6018403",371836,2025-10-11 11:41:03,33.5573577880859,-7.58376502990723,"Male"
"6018403",371836,2025-10-11 11:51:35,33.553539276123,-7.5870099067688,"Male"
"6018403",371836,2025-10-11 12:01:00,33.5172653198242,-7.56378650665283,"Male"
"6018403",371836,2025-10-11 12:11:01,33.4783096313477,-7.54129695892334,"Male"
"6018403",371836,2025-10-11 12:21:03,33.4784812927246,-7.54111909866333,"Male"
"6018403",371836,2025-10-11 12:31:03,33.4786605834961,-7.53868913650513,"Male"
"6018403",371836,2025-10-11 12:41:01,33.4784851074219,-7.53939294815063,"Male"
"6018403",371836,2025-10-11 12:51:02,33.4792098999023,-7.53933906555176,"Male"
"6018403",371836,2025-10-11 13:01:04,33.4790725708008,-7.53929662704468,"Male"
"6018403",371836,2025-10-11 13:11:02,33.4795265197754,-7.53931045532227,"Male"
"6018403",371836,2025-10-11 13:21:02,33.4790649414062,-7.54181671142578,"Male"
"6018403",371836,2025-10-11 13:31:02,33.4787750244141,-7.54045009613037,"Male"
"6018403",371836,2025-10-11 13:41:03,33.4786071777344,-7.54024696350098,"Male"
"6018403",371836,2025-10-11 13:51:02,33.49169921875,-7.54744720458984,"Male"
"6018403",371836,2025-10-11 14:01:02,33.483039855957,-7.5365629196167,"Male"
"6018403",371836,2025-10-11 14:11:02,33.4847755432129,-7.53811550140381,"Male"
"6018403",371836,2025-10-11 14:21:03,33.4809875488281,-7.53710079193115,"Male"
"6018403",371836,2025-10-11 14:31:35,33.4808616638184,-7.53720474243164,"Male"
"6018403",371836,2025-10-11 14:41:01,33.4808692932129,-7.53705978393555,"Male"
"6018403",371836,2025-10-11 14:51:01,33.4807815551758,-7.53713703155518,"Male"
"6018403",371836,2025-10-11 15:01:00,33.4808349609375,-7.53725814819336,"Male"
"6018403",371836,2025-10-11 15:11:03,33.4806938171387,-7.53704023361206,"Male"
"6018403",371836,2025-10-11 15:21:02,33.4799270629883,-7.53742647171021,"Male"
"6018403",371836,2025-10-11 15:31:00,33.4869499206543,-7.53735780715942,"Male"
"6018403",371836,2025-10-11 15:41:01,33.487434387207,-7.53745365142822,"Male"
"6018403",371836,2025-10-11 15:51:02,33.4866333007812,-7.53784465789795,"Male"
"6018403",371836,2025-10-11 16:01:02,33.487190246582,-7.53757572174072,"Male"
"6018403",371836,2025-10-11 16:11:01,33.4834938049316,-7.53834247589111,"Male"
"6018403",371836,2025-10-11 16:21:35,33.4838638305664,-7.5388765335083,"Male"
"6018403",371836,2025-10-11 16:31:05,33.4838027954102,-7.53911399841309,"Male"
"6018403",371836,2025-10-11 16:41:01,33.4838218688965,-7.53893995285034,"Male"
"6018403",371836,2025-10-11 16:51:09,33.4836387634277,-7.53879356384277,"Male"
"6018403",371836,2025-10-11 17:01:14,33.4837036132812,-7.53878688812256,"Male"
"6018403",371836,2025-10-11 17:11:02,33.484130859375,-7.53869915008545,"Male"
"6018403",371836,2025-10-11 17:21:02,33.4839324951172,-7.53919076919556,"Male"
"6018403",371836,2025-10-11 17:31:14,33.4839096069336,-7.5391845703125,"Male"
"6018403",371836,2025-10-11 17:41:08,33.4839515686035,-7.53903007507324,"Male"
"6018403",371836,2025-10-11 17:51:14,33.4840774536133,-7.53890180587769,"Male"
"6018403",371836,2025-10-11 18:01:02,33.4893989562988,-7.5448169708252,"Male"
"6018403",371836,2025-10-11 18:11:01,33.5162467956543,-7.58639621734619,"Male"
"6018403",371836,2025-10-11 18:21:02,33.5539093017578,-7.61468696594238,"Male"
"6018403",371836,2025-10-11 18:31:01,33.6019058227539,-7.60517406463623,"Male"
"6018403",371836,2025-10-11 18:41:03,33.6017570495605,-7.60501194000244,"Male"
"6018403",371836,2025-10-11 18:51:03,33.6020050048828,-7.60524940490723,"Male"
"6018403",371836,2025-10-11 19:01:03,33.6020355224609,-7.60557842254639,"Male"
"6018403",371836,2025-10-11 19:11:04,33.602165222168,-7.60546064376831,"Male"
"6018403",371836,2025-10-11 19:21:12,33.6021194458008,-7.60531806945801,"Male"
"6018403",371836,2025-10-11 19:31:09,33.602352142334,-7.60499477386475,"Male"
"6018403",371836,2025-10-11 19:41:03,33.6022567749023,-7.60555458068848,"Male"
"6018403",371836,2025-10-11 19:51:03,33.6022682189941,-7.60546350479126,"Male"
"6018403",371836,2025-10-11 20:01:12,33.6019897460938,-7.60526275634766,"Male"
"6018403",371836,2025-10-11 20:11:06,33.6016387939453,-7.60514068603516,"Male"
"6018403",371836,2025-10-11 20:21:12,33.6021881103516,-7.60534763336182,"Male"
"6018403",371836,2025-10-11 20:31:02,33.602783203125,-7.60601329803467,"Male"
"6018403",371836,2025-10-11 20:41:04,33.6026916503906,-7.60609817504883,"Male"
"6018403",371836,2025-10-11 20:51:13,33.6025314331055,-7.60502910614014,"Male"
"6018403",371836,2025-10-11 21:01:11,33.6017951965332,-7.60515069961548,"Male"
"6018403",371836,2025-10-11 21:11:09,33.6021118164062,-7.60507726669312,"Male"
"6018403",371836,2025-10-11 21:21:09,33.601993560791,-7.60496711730957,"Male"
"6018403",371836,2025-10-11 21:31:15,33.601863861084,-7.60543775558472,"Male"
"6018403",371836,2025-10-11 21:41:08,33.6019744873047,-7.60504865646362,"Male"
"6018403",371836,2025-10-11 21:51:05,33.6019859313965,-7.60532569885254,"Male"
"6018403",371836,2025-10-11 22:01:05,33.6019172668457,-7.60511875152588,"Male"
"6018403",371836,2025-10-11 22:11:07,33.6013717651367,-7.60579061508179,"Male"
"6018403",371836,2025-10-11 22:21:05,33.601676940918,-7.60530042648315,"Male"
"6018403",371836,2025-10-11 22:31:03,33.6020545959473,-7.60559368133545,"Male"
"6018403",371836,2025-10-11 22:41:06,33.6020278930664,-7.60561752319336,"Male"
"6018403",371836,2025-10-11 22:51:01,33.6021537780762,-7.60551595687866,"Male"
"6018403",371836,2025-10-11 23:01:02,33.6021308898926,-7.60552406311035,"Male"
"6018403",371836,2025-10-11 23:11:03,33.6020126342773,-7.60536670684815,"Male"
"6018403",371836,2025-10-11 23:21:02,33.6021881103516,-7.60550498962402,"Male"
"6018403",371836,2025-10-11 23:31:02,33.6020736694336,-7.60548877716065,"Male"
"6018403",371836,2025-10-11 23:41:04,33.6020774841309,-7.60572957992554,"Male"
"6018403",371836,2025-10-11 23:51:04,33.6024742126465,-7.60588645935059,"Male"
"6018403",371836,2025-10-12 00:01:03,33.6020736694336,-7.60566902160645,"Male"
"6018403",371836,2025-10-12 00:11:03,33.6022720336914,-7.60517072677612,"Male"
"6018403",371836,2025-10-12 00:21:03,33.6022567749023,-7.60567474365234,"Male"
"6018403",371836,2025-10-12 00:31:02,33.6023101806641,-7.60590648651123,"Male"
"6018403",371836,2025-10-12 00:41:02,33.6020889282227,-7.60574769973755,"Male"
"6018403",371836,2025-10-12 00:51:02,33.6021537780762,-7.60576057434082,"Male"
"6018403",371836,2025-10-12 01:01:04,33.6016845703125,-7.60584163665771,"Male"
"6018403",371836,2025-10-12 01:11:02,33.6025238037109,-7.60626792907715,"Male"
"6018403",371836,2025-10-12 01:21:02,33.6021690368652,-7.60575580596924,"Male"
"6018403",371836,2025-10-12 01:31:02,33.6004447937012,-7.60672807693481,"Male"
"6018403",371836,2025-10-12 01:41:06,33.5997085571289,-7.60642576217651,"Male"
"6018403",371836,2025-10-12 01:51:06,33.5995941162109,-7.60640573501587,"Male"
"6018403",371836,2025-10-12 02:01:10,33.5998992919922,-7.60667610168457,"Male"
"6018403",371836,2025-10-12 02:11:09,33.5995292663574,-7.60637187957764,"Male"
"6018403",371836,2025-10-12 02:21:07,33.599781036377,-7.60622930526733,"Male"
"6018403",371836,2025-10-12 02:31:04,33.5999717712402,-7.6067967414856,"Male"
"6018403",371836,2025-10-12 02:41:03,33.6005401611328,-7.60616874694824,"Male"
"6018403",371836,2025-10-12 02:51:06,33.599536895752,-7.60595512390137,"Male"
"6018403",371836,2025-10-12 03:01:04,33.5996208190918,-7.60609340667725,"Male"
"6018403",371836,2025-10-12 03:11:13,33.5997886657715,-7.60619688034058,"Male"
"6018403",371836,2025-10-12 03:21:02,33.6001281738281,-7.60620880126953,"Male"
"6018403",371836,2025-10-12 03:31:06,33.6002769470215,-7.60674524307251,"Male"
"6018403",371836,2025-10-12 03:41:01,33.6000442504883,-7.60614681243896,"Male"
"6018403",371836,2025-10-12 03:51:09,33.6002006530762,-7.60589599609375,"Male"
"6018403",371836,2025-10-12 04:01:09,33.60009765625,-7.60599517822266,"Male"
"6018403",371836,2025-10-12 04:11:09,33.6001243591309,-7.60606718063354,"Male"
"6018403",371836,2025-10-12 04:21:02,33.6001586914062,-7.60604810714722,"Male"
"6018403",371836,2025-10-12 04:31:06,33.5999870300293,-7.60626649856567,"Male"
"6018403",371836,2025-10-12 04:41:05,33.5998153686523,-7.60643863677979,"Male"
"6018403",371836,2025-10-12 04:51:05,33.6001091003418,-7.60635328292847,"Male"
"6018403",371836,2025-10-12 05:01:04,33.5999603271484,-7.60641527175903,"Male"
"6018403",371836,2025-10-12 05:11:11,33.6005439758301,-7.60610771179199,"Male"
"6018403",371836,2025-10-12 05:21:06,33.6000785827637,-7.60649061203003,"Male"
"6018403",371836,2025-10-12 05:31:02,33.6002197265625,-7.60646057128906,"Male"
"6018403",371836,2025-10-12 05:41:03,33.6006355285645,-7.60667848587036,"Male"
"6018403",371836,2025-10-12 05:51:04,33.5999336242676,-7.60671710968018,"Male"
"6018403",371836,2025-10-12 06:01:13,33.5998497009277,-7.60603332519531,"Male"
"6018403",371836,2025-10-12 06:11:08,33.5996475219727,-7.60596227645874,"Male"
"6018403",371836,2025-10-12 06:21:12,33.6006736755371,-7.60634994506836,"Male"
"6018403",371836,2025-10-12 06:31:06,33.5953598022461,-7.61534214019775,"Male"
"6018403",371836,2025-10-12 06:41:19,33.6040000915527,-7.67337083816528,"Male"
"6018403",371836,2025-10-12 06:51:13,33.5944862365723,-7.63180112838745,"Male"
"6018403",371836,2025-10-12 07:01:12,33.5943908691406,-7.63197231292725,"Male"
"6018403",371836,2025-10-12 07:11:12,33.5942268371582,-7.63115978240967,"Male"
"6018403",371836,2025-10-12 07:21:15,33.5943145751953,-7.63134813308716,"Male"
"6018403",371836,2025-10-12 07:31:06,33.5943222045898,-7.63188123703003,"Male"
"6018403",371836,2025-10-12 07:41:07,33.5906829833984,-7.6160135269165,"Male"
"6018403",371836,2025-10-12 07:51:38,33.5881767272949,-7.61413478851318,"Male"
"6018403",371836,2025-10-12 08:01:05,33.5873069763184,-7.61450433731079,"Male"
"6018403",371836,2025-10-12 08:11:08,33.587776184082,-7.61421823501587,"Male"
"6018403",371836,2025-10-12 08:21:11,33.5877952575684,-7.61488485336304,"Male"
"6018403",371836,2025-10-12 08:31:03,33.5877799987793,-7.61439895629883,"Male"
"6018403",371836,2025-10-12 08:41:14,33.5878143310547,-7.61458396911621,"Male"
"6018403",371836,2025-10-12 08:51:11,33.5878562927246,-7.61430215835571,"Male"
"6018403",371836,2025-10-12 09:01:09,33.5879516601562,-7.61492872238159,"Male"
"6018403",371836,2025-10-12 09:11:12,33.5879325866699,-7.61403274536133,"Male"
"6018403",371836,2025-10-12 09:21:06,33.5879516601562,-7.6143159866333,"Male"
"6018403",371836,2025-10-12 09:31:14,33.5879516601562,-7.61428070068359,"Male"
"6018403",371836,2025-10-12 09:41:14,33.587776184082,-7.61433839797974,"Male"
"6018403",371836,2025-10-12 09:51:14,33.5878067016602,-7.61471652984619,"Male"
"6018403",371836,2025-10-12 10:01:03,33.5884857177734,-7.61360549926758,"Male"
"6018403",371836,2025-10-12 10:11:03,33.5881156921387,-7.61395263671875,"Male"
"6018403",371836,2025-10-12 10:21:10,33.585807800293,-7.61063814163208,"Male"
"6018403",371836,2025-10-12 10:31:10,33.5855712890625,-7.61124181747437,"Male"
"6018403",371836,2025-10-12 10:41:07,33.5856666564941,-7.61148262023926,"Male"
"6018403",371836,2025-10-12 10:51:35,33.58544921875,-7.61107015609741,"Male"
"6018403",371836,2025-10-12 11:01:04,33.5855751037598,-7.61131000518799,"Male"
"6018403",371836,2025-10-12 11:11:07,33.5855674743652,-7.6113748550415,"Male"
"6018403",371836,2025-10-12 11:21:02,33.5855445861816,-7.611487865448,"Male"
"6018403",371836,2025-10-12 11:31:07,33.5864143371582,-7.61409378051758,"Male"
"6018403",371836,2025-10-12 11:41:05,33.5866203308105,-7.6142110824585,"Male"
"6018403",371836,2025-10-12 11:51:03,33.5864868164062,-7.61422443389893,"Male"
"6018403",371836,2025-10-12 12:01:04,33.5863609313965,-7.61467790603638,"Male"
"6018403",371836,2025-10-12 12:11:02,33.5860710144043,-7.61499977111816,"Male"
"6018403",371836,2025-10-12 12:21:02,33.5856590270996,-7.61531829833984,"Male"
"6018403",371836,2025-10-12 12:31:01,33.5864639282227,-7.61397123336792,"Male"
"6018403",371836,2025-10-12 12:41:01,33.58642578125,-7.61400604248047,"Male"
"6018403",371836,2025-10-12 12:51:04,33.5863800048828,-7.6140456199646,"Male"
"6018403",371836,2025-10-12 13:01:06,33.5862846374512,-7.61395025253296,"Male"
"6018403",371836,2025-10-12 13:11:05,33.5921440124512,-7.60428524017334,"Male"
"6018403",371836,2025-10-12 13:21:01,33.5435066223145,-7.58182048797607,"Male"
"6018403",371836,2025-10-12 13:31:01,33.4804649353027,-7.53698205947876,"Male"
"6018403",371836,2025-10-12 13:41:06,33.4804382324219,-7.53679704666138,"Male"
"6018403",371836,2025-10-12 13:51:04,33.4791488647461,-7.53984451293945,"Male"
"6018403",371836,2025-10-12 14:01:03,33.4796981811523,-7.54098892211914,"Male"
"6018403",371836,2025-10-12 14:11:07,33.4795303344727,-7.54065084457397,"Male"
"6018403",371836,2025-10-12 14:21:04,33.4795532226562,-7.54040479660034,"Male"
"6018403",371836,2025-10-12 14:31:35,33.4795913696289,-7.54068899154663,"Male"
"6018403",371836,2025-10-12 14:41:01,33.4797019958496,-7.54067468643188,"Male"
"6018403",371836,2025-10-12 14:51:03,33.4797973632812,-7.54081583023071,"Male"
"6018403",371836,2025-10-12 15:01:13,33.4781036376953,-7.539475440979,"Male"
"6018403",371836,2025-10-12 15:11:04,33.4784202575684,-7.53920125961304,"Male"
"6018403",371836,2025-10-12 15:21:35,33.478874206543,-7.54079914093018,"Male"
"6018403",371836,2025-10-12 15:31:01,33.4789085388184,-7.54081916809082,"Male"
"6018403",371836,2025-10-12 15:41:02,33.4789428710938,-7.54077243804932,"Male"
"6018403",371836,2025-10-12 15:51:01,33.4790000915527,-7.54084205627441,"Male"
"6018403",371836,2025-10-12 16:01:09,33.4789619445801,-7.54085826873779,"Male"
"6018403",371836,2025-10-12 16:11:02,33.4792556762695,-7.5399923324585,"Male"
"6018403",371836,2025-10-12 16:21:09,33.4785232543945,-7.54074716567993,"Male"
"6018403",371836,2025-10-12 16:31:01,33.4784049987793,-7.54082679748535,"Male"
"6018403",371836,2025-10-12 16:41:04,33.4789505004883,-7.54097175598145,"Male"
"6018403",371836,2025-10-12 16:51:26,33.4786529541016,-7.54085922241211,"Male"
"6018403",371836,2025-10-12 17:01:06,33.4787406921387,-7.54096460342407,"Male"
"6018403",371836,2025-10-12 17:11:03,33.4798393249512,-7.54240465164185,"Male"
"6018403",371836,2025-10-12 17:21:32,33.4811248779297,-7.53725385665894,"Male"
"6018403",371836,2025-10-12 17:31:01,33.4811973571777,-7.5371904373169,"Male"
"6018403",371836,2025-10-12 17:41:02,33.4814414978027,-7.53680038452148,"Male"
"6018403",371836,2025-10-12 17:51:00,33.4821281433105,-7.53773736953735,"Male"
"6018403",371836,2025-10-12 18:01:01,33.5159530639648,-7.57184505462646,"Male"
"6018403",371836,2025-10-12 18:11:02,33.5629730224609,-7.57972860336304,"Male"
"6018403",371836,2025-10-12 18:21:02,33.6005439758301,-7.60646629333496,"Male"
"6018403",371836,2025-10-12 18:31:03,33.6005058288574,-7.60648918151855,"Male"
"6018403",371836,2025-10-12 18:41:00,33.6005401611328,-7.60662317276001,"Male"
"6018403",371836,2025-10-12 18:51:02,33.6007423400879,-7.60674953460693,"Male"
"6018403",371836,2025-10-12 19:01:03,33.6004371643066,-7.6065034866333,"Male"
"6018403",371836,2025-10-12 19:11:03,33.6006889343262,-7.60680770874023,"Male"
"6018403",371836,2025-10-12 19:21:03,33.6003074645996,-7.6064567565918,"Male"
"6018403",371836,2025-10-12 19:31:14,33.5997886657715,-7.60590410232544,"Male"
"6018403",371836,2025-10-12 19:41:03,33.6002578735352,-7.60648918151855,"Male"
"6018403",371836,2025-10-12 19:51:10,33.6002540588379,-7.60636043548584,"Male"
"6018403",371836,2025-10-12 20:01:06,33.6004867553711,-7.60644006729126,"Male"
"6018403",371836,2025-10-12 20:11:10,33.6005020141602,-7.6064453125,"Male"
"6018403",371836,2025-10-12 20:21:08,33.601016998291,-7.60698890686035,"Male"
"6018403",371836,2025-10-12 20:31:10,33.6002807617188,-7.60632181167603,"Male"
"6018403",371836,2025-10-12 20:41:06,33.6006889343262,-7.60665464401245,"Male"
"6018403",371836,2025-10-12 20:51:24,33.6002960205078,-7.60645771026611,"Male"
"6018403",371836,2025-10-12 21:01:23,33.5998153686523,-7.60631513595581,"Male"
"6018403",371836,2025-10-12 21:11:35,33.6001281738281,-7.60637378692627,"Male"
"6018403",371836,2025-10-12 21:21:05,33.6001739501953,-7.60642099380493,"Male"
"6018403",371836,2025-10-12 21:31:02,33.6002807617188,-7.60646057128906,"Male"
"6018403",371836,2025-10-12 21:41:03,33.6000480651855,-7.60642147064209,"Male"
"6018403",371836,2025-10-12 21:51:03,33.600212097168,-7.6063346862793,"Male"
"6018403",371836,2025-10-12 22:01:09,33.60009765625,-7.60644054412842,"Male"
"6018403",371836,2025-10-12 22:11:05,33.6000595092773,-7.60644054412842,"Male"
"6018403",371836,2025-10-12 22:21:05,33.6002388000488,-7.60634565353394,"Male"
"6018403",371836,2025-10-12 22:31:07,33.5999374389648,-7.60635280609131,"Male"
"6018403",371836,2025-10-12 22:41:08,33.6000442504883,-7.60643291473389,"Male"
"6018403",371836,2025-10-12 22:51:06,33.6000480651855,-7.60643529891968,"Male"
"6018403",371836,2025-10-12 23:01:11,33.5997428894043,-7.60595035552979,"Male"
"6018403",371836,2025-10-12 23:11:09,33.5997734069824,-7.60590839385986,"Male"
"6018403",371836,2025-10-12 23:21:14,33.6000938415527,-7.60632848739624,"Male"
"6018403",371836,2025-10-12 23:31:05,33.6000175476074,-7.60611581802368,"Male"
"6018403",371836,2025-10-12 23:41:07,33.5999755859375,-7.60572528839111,"Male"
"6018403",371836,2025-10-12 23:51:34,33.6001853942871,-7.60628509521484,"Male"
"6018403",371836,2025-10-13 00:01:05,33.6001663208008,-7.60632038116455,"Male"
"6018403",371836,2025-10-13 00:11:08,33.6004180908203,-7.60651350021362,"Male"
"6018403",371836,2025-10-13 00:21:04,33.6001739501953,-7.60621643066406,"Male"
"6018403",371836,2025-10-13 00:31:16,33.599983215332,-7.60628080368042,"Male"
"6018403",371836,2025-10-13 00:41:18,33.5996360778809,-7.60623788833618,"Male"
"6018403",371836,2025-10-13 00:51:14,33.6000671386719,-7.60623979568481,"Male"
"6018403",371836,2025-10-13 01:01:01,33.6001739501953,-7.60634231567383,"Male"
"6018403",371836,2025-10-13 01:11:08,33.5998039245605,-7.60620498657227,"Male"
"6018403",371836,2025-10-13 01:21:09,33.5999717712402,-7.60631608963013,"Male"
"6018403",371836,2025-10-13 01:31:13,33.5998764038086,-7.60639810562134,"Male"
"6018403",371836,2025-10-13 01:41:08,33.5998573303223,-7.60626411437988,"Male"
"6018403",371836,2025-10-13 01:51:05,33.5998992919922,-7.60611295700073,"Male"
"6018403",371836,2025-10-13 02:01:08,33.6000900268555,-7.60650634765625,"Male"
"6018403",371836,2025-10-13 02:11:10,33.5999221801758,-7.60623598098755,"Male"
"6018403",371836,2025-10-13 02:21:14,33.5999374389648,-7.60623073577881,"Male"
"6018403",371836,2025-10-13 02:31:08,33.5998992919922,-7.60627937316895,"Male"
"6018403",371836,2025-10-13 02:41:08,33.5998001098633,-7.60618305206299,"Male"
"6018403",371836,2025-10-13 02:51:14,33.6000289916992,-7.60627365112305,"Male"
"6018403",371836,2025-10-13 03:01:01,33.5998611450195,-7.60638093948364,"Male"
"6018403",371836,2025-10-13 03:11:08,33.6000480651855,-7.60625982284546,"Male"
"6018403",371836,2025-10-13 03:21:12,33.6001930236816,-7.60633325576782,"Male"
"6018403",371836,2025-10-13 03:31:10,33.6000022888184,-7.60598373413086,"Male"
"6018403",371836,2025-10-13 03:41:07,33.6001358032227,-7.60628986358643,"Male"
"6018403",371836,2025-10-13 03:51:18,33.6000137329102,-7.60598516464233,"Male"
"6018403",371836,2025-10-13 04:01:34,33.6000366210938,-7.60624551773071,"Male"
"6018403",371836,2025-10-13 04:11:00,33.6000442504883,-7.60632181167603,"Male"
"6018403",371836,2025-10-13 04:21:01,33.6000061035156,-7.60643100738525,"Male"
"6018403",371836,2025-10-13 04:31:00,33.599983215332,-7.60635805130005,"Male"
"6018403",371836,2025-10-13 04:41:00,33.6000747680664,-7.60627365112305,"Male"
"6018403",371836,2025-10-13 04:51:02,33.6000061035156,-7.6063117980957,"Male"
"6018403",371836,2025-10-13 05:01:02,33.6000289916992,-7.60623121261597,"Male"
"6018403",371836,2025-10-13 05:11:02,33.6001243591309,-7.60619354248047,"Male"
"6018403",371836,2025-10-13 05:21:02,33.6002044677734,-7.60629940032959,"Male"
"6018403",371836,2025-10-13 05:31:03,33.6002502441406,-7.60631370544434,"Male"
"6018403",371836,2025-10-13 05:41:09,33.599983215332,-7.60629510879517,"Male"
"6018403",371836,2025-10-13 05:51:14,33.5999374389648,-7.60636281967163,"Male"
"6018403",371836,2025-10-13 06:01:01,33.5999336242676,-7.60624599456787,"Male"
"6018403",371836,2025-10-13 06:11:02,33.5998916625977,-7.60631132125854,"Male"
"6018403",371836,2025-10-13 06:21:03,33.599853515625,-7.6063232421875,"Male"
"6018403",371836,2025-10-13 06:31:02,33.5998954772949,-7.6063642501831,"Male"
"6018403",371836,2025-10-13 06:41:10,33.5999450683594,-7.60635185241699,"Male"
"6018403",371836,2025-10-13 06:51:02,33.5889854431152,-7.61833763122559,"Male"
"6018403",371836,2025-10-13 07:01:00,33.5890159606934,-7.61824178695679,"Male"
"6018403",371836,2025-10-13 07:11:02,33.5890121459961,-7.61818933486938,"Male"
"6018403",371836,2025-10-13 07:21:02,33.602596282959,-7.67632436752319,"Male"
"6018403",371836,2025-10-13 07:31:10,33.5998992919922,-7.6596269607544,"Male"
"6018403",371836,2025-10-13 07:41:13,33.5998687744141,-7.65954971313477,"Male"
"6018403",371836,2025-10-13 07:51:09,33.5999298095703,-7.65967082977295,"Male"
"6018403",371836,2025-10-13 08:01:14,33.600170135498,-7.64729690551758,"Male"
"6018403",371836,2025-10-13 08:11:11,33.5971794128418,-7.64065170288086,"Male"
"6018403",371836,2025-10-13 08:21:12,33.597110748291,-7.64059734344482,"Male"
"6018403",371836,2025-10-13 08:31:44,33.5971641540527,-7.64060974121094,"Male"
"6018403",371836,2025-10-13 08:41:14,33.5971488952637,-7.64056968688965,"Male"
"6018403",371836,2025-10-13 08:51:15,33.597240447998,-7.64037990570068,"Male"
"6018403",371836,2025-10-13 09:01:18,33.595874786377,-7.63737535476685,"Male"
"6018403",371836,2025-10-13 09:11:10,33.5959167480469,-7.63727569580078,"Male"
"6018403",371836,2025-10-13 09:21:10,33.59619140625,-7.63729333877563,"Male"
"6018403",371836,2025-10-13 09:31:17,33.5961380004883,-7.63711214065552,"Male"
"6018403",371836,2025-10-13 09:41:12,33.596076965332,-7.63735103607178,"Male"
"6018403",371836,2025-10-13 09:51:14,33.5959205627441,-7.63716459274292,"Male"
"6018403",371836,2025-10-13 10:01:10,33.596019744873,-7.63727474212646,"Male"
"6018403",371836,2025-10-13 10:11:06,33.5961570739746,-7.63728380203247,"Male"
"6018403",371836,2025-10-13 10:21:08,33.5960807800293,-7.63735151290894,"Male"
"6018403",371836,2025-10-13 10:31:09,33.5959053039551,-7.63731384277344,"Male"
"6018403",371836,2025-10-13 10:41:09,33.5959663391113,-7.63742256164551,"Male"
"6018403",371836,2025-10-13 10:51:35,33.5958023071289,-7.63746690750122,"Male"
"6018403",371836,2025-10-13 11:01:00,33.5959434509277,-7.6372013092041,"Male"
"6018403",371836,2025-10-13 11:11:00,33.5939979553223,-7.62110948562622,"Male"
"6018403",371836,2025-10-13 11:21:00,33.5944213867188,-7.61756134033203,"Male"
"6018403",371836,2025-10-13 11:31:06,33.5962982177734,-7.61496734619141,"Male"
"6018403",371836,2025-10-13 11:41:01,33.5963516235352,-7.6149492263794,"Male"
"6018403",371836,2025-10-13 11:51:08,33.5962677001953,-7.61524724960327,"Male"
"6018403",371836,2025-10-13 12:01:06,33.5959892272949,-7.61538124084473,"Male"
"6018403",371836,2025-10-13 12:11:07,33.5962409973145,-7.61516618728638,"Male"
"6018403",371836,2025-10-13 12:21:10,33.5961532592773,-7.61515283584595,"Male"
"6018403",371836,2025-10-13 12:31:09,33.5964279174805,-7.61473321914673,"Male"
"6018403",371836,2025-10-13 12:41:03,33.596263885498,-7.6150369644165,"Male"
"6018403",371836,2025-10-13 12:51:09,33.5963859558105,-7.61526298522949,"Male"
"6018403",371836,2025-10-13 13:01:02,33.5964546203613,-7.61502599716187,"Male"
"6018403",371836,2025-10-13 13:11:04,33.5963325500488,-7.61530733108521,"Male"
"6018403",371836,2025-10-13 13:21:06,33.5962791442871,-7.61490440368652,"Male"
"6018403",371836,2025-10-13 13:31:05,33.5962867736816,-7.61470127105713,"Male"
"6018403",371836,2025-10-13 13:41:05,33.5962333679199,-7.61451530456543,"Male"
"6018403",371836,2025-10-13 13:51:06,33.5962753295898,-7.61453866958618,"Male"
"6018403",371836,2025-10-13 14:01:35,33.5964813232422,-7.61498498916626,"Male"
"6018403",371836,2025-10-13 14:11:07,33.5963592529297,-7.61477279663086,"Male"
"6018403",371836,2025-10-13 14:21:33,33.596435546875,-7.6149263381958,"Male"
"6018403",371836,2025-10-13 14:31:00,33.5964813232422,-7.61497259140015,"Male"
"6018403",371836,2025-10-13 14:41:01,33.5964660644531,-7.61496543884277,"Male"
"6018403",371836,2025-10-13 14:51:00,33.5964546203613,-7.61486911773682,"Male"
"6018403",371836,2025-10-13 15:01:00,33.5964813232422,-7.6149525642395,"Male"
"6018403",371836,2025-10-13 15:11:00,33.5647125244141,-7.59520244598389,"Male"
"6018403",371836,2025-10-13 15:21:01,33.5084533691406,-7.54481077194214,"Male"
"6018403",371836,2025-10-13 15:31:03,33.4783363342285,-7.53665924072266,"Male"
"6018403",371836,2025-10-13 15:41:04,33.4793739318848,-7.54115581512451,"Male"
"6018403",371836,2025-10-13 15:51:05,33.4795875549316,-7.54119062423706,"Male"
"6018403",371836,2025-10-13 16:01:07,33.478832244873,-7.54022026062012,"Male"
"6018403",371836,2025-10-13 16:11:35,33.4788208007812,-7.54131460189819,"Male"
"6018403",371836,2025-10-13 16:21:33,33.4784622192383,-7.54152393341065,"Male"
"6018403",371836,2025-10-13 16:31:03,33.4788360595703,-7.54090785980225,"Male"
"6018403",371836,2025-10-13 16:41:12,33.4786262512207,-7.54090213775635,"Male"
"6018403",371836,2025-10-13 16:51:05,33.4782905578613,-7.54078817367554,"Male"
"6018403",371836,2025-10-13 17:01:31,33.478931427002,-7.54087114334106,"Male"
"6018403",371836,2025-10-13 17:11:01,33.486270904541,-7.55034828186035,"Male"
"6018403",371836,2025-10-13 17:21:02,33.4853706359863,-7.60493469238281,"Male"
"6018403",371836,2025-10-13 17:31:00,33.4890556335449,-7.61004638671875,"Male"
"6018403",371836,2025-10-13 17:41:00,33.5254287719727,-7.61611795425415,"Male"
"6018403",371836,2025-10-13 17:51:02,33.5392532348633,-7.61268377304077,"Male"
"6018403",371836,2025-10-13 18:01:12,33.5392074584961,-7.61271047592163,"Male"
"6018403",371836,2025-10-13 18:11:01,33.5544853210449,-7.61348342895508,"Male"
"6018403",371836,2025-10-13 18:21:01,33.5975379943848,-7.60898160934448,"Male"
"6018403",371836,2025-10-13 18:31:04,33.6001129150391,-7.60660076141357,"Male"
"6018403",371836,2025-10-13 18:41:07,33.6002006530762,-7.60659456253052,"Male"
"6018403",371836,2025-10-13 18:51:07,33.6003303527832,-7.60675525665283,"Male"
"6018403",371836,2025-10-13 19:01:06,33.6003227233887,-7.6066255569458,"Male"
"6018403",371836,2025-10-13 19:11:03,33.6004600524902,-7.60664463043213,"Male"
"6018403",371836,2025-10-13 19:21:06,33.6004066467285,-7.60669565200806,"Male"
"6018403",371836,2025-10-13 19:31:31,33.6001739501953,-7.60649967193604,"Male"
"6018403",371836,2025-10-13 19:41:00,33.6002044677734,-7.6064977645874,"Male"
"6018403",371836,2025-10-13 19:51:01,33.5999908447266,-7.60676574707031,"Male"
"6018403",371836,2025-10-13 20:01:00,33.6000862121582,-7.60641717910767,"Male"
"6018403",371836,2025-10-13 20:11:04,33.6002731323242,-7.60641288757324,"Male"
"6018403",371836,2025-10-13 20:21:03,33.6003265380859,-7.6063642501831,"Male"
"6018403",371836,2025-10-13 20:31:00,33.6003341674805,-7.60634231567383,"Male"
"6018403",371836,2025-10-13 20:41:08,33.6002998352051,-7.60648155212402,"Male"
"6018403",371836,2025-10-13 20:51:08,33.6002998352051,-7.60634803771973,"Male"
"6018403",371836,2025-10-13 21:01:03,33.6004104614258,-7.60619831085205,"Male"
"6018403",371836,2025-10-13 21:11:03,33.6002769470215,-7.60641717910767,"Male"
"6018403",371836,2025-10-13 21:21:04,33.6005554199219,-7.60614633560181,"Male"
"6018403",371836,2025-10-13 21:31:09,33.600284576416,-7.6063346862793,"Male"
"6018403",371836,2025-10-13 21:41:09,33.6002311706543,-7.6064305305481,"Male"
"6018403",371836,2025-10-13 21:51:10,33.6002082824707,-7.60648012161255,"Male"
"6018403",371836,2025-10-13 22:01:12,33.6001243591309,-7.60634326934815,"Male"
"6018403",371836,2025-10-13 22:11:22,33.5999488830566,-7.60611438751221,"Male"
"6018403",371836,2025-10-13 22:21:15,33.6002464294434,-7.60623407363892,"Male"
"6018403",371836,2025-10-13 22:31:34,33.6003227233887,-7.60635757446289,"Male"
"6018403",371836,2025-10-13 22:41:04,33.6004219055176,-7.60648059844971,"Male"
"6018403",371836,2025-10-13 22:51:05,33.6003684997559,-7.6062068939209,"Male"
"6018403",371836,2025-10-13 23:01:06,33.6005363464355,-7.60664463043213,"Male"
"6018403",371836,2025-10-13 23:11:04,33.6005210876465,-7.60650539398193,"Male"
"6018403",371836,2025-10-13 23:21:05,33.6005744934082,-7.60662746429443,"Male"
"6018403",371836,2025-10-13 23:31:06,33.6005020141602,-7.60648918151855,"Male"
"6018403",371836,2025-10-13 23:41:20,33.6004638671875,-7.60624265670776,"Male"
"6018403",371836,2025-10-13 23:51:10,33.6002578735352,-7.60607242584229,"Male"
"6018403",371836,2025-10-14 00:01:35,33.6002349853516,-7.60636472702026,"Male"
"6018403",371836,2025-10-14 00:11:03,33.6002769470215,-7.60638332366943,"Male"
"6018403",371836,2025-10-14 00:21:08,33.6002731323242,-7.60643291473389,"Male"
"6018403",371836,2025-10-14 00:31:02,33.6004943847656,-7.60659074783325,"Male"
"6018403",371836,2025-10-14 00:41:05,33.6003303527832,-7.60637998580933,"Male"
"6018403",371836,2025-10-14 00:51:01,33.600269317627,-7.60675144195557,"Male"
"6018403",371836,2025-10-14 01:01:01,33.6003150939941,-7.60656499862671,"Male"
"6018403",371836,2025-10-14 01:11:01,33.6003341674805,-7.60659980773926,"Male"
"6018403",371836,2025-10-14 01:21:03,33.6002388000488,-7.60635089874268,"Male"
"6018403",371836,2025-10-14 01:31:08,33.6003074645996,-7.60643100738525,"Male"
"6018403",371836,2025-10-14 01:41:01,33.6002883911133,-7.60662460327148,"Male"
"6018403",371836,2025-10-14 01:51:06,33.6001930236816,-7.6064248085022,"Male"
"6018403",371836,2025-10-14 02:01:02,33.600170135498,-7.60672569274902,"Male"
"6018403",371836,2025-10-14 02:11:14,33.6002388000488,-7.60644388198853,"Male"
"6018403",371836,2025-10-14 02:21:06,33.6003761291504,-7.60656833648682,"Male"
"6018403",371836,2025-10-14 02:31:06,33.6002616882324,-7.60649490356445,"Male"
"6018403",371836,2025-10-14 02:41:11,33.6003150939941,-7.60641431808472,"Male"
"6018403",371836,2025-10-14 02:51:08,33.6004867553711,-7.60631704330444,"Male"
"6018403",371836,2025-10-14 03:01:09,33.6002616882324,-7.60622930526733,"Male"
"6018403",371836,2025-10-14 03:11:09,33.6001243591309,-7.60655069351196,"Male"
"6018403",371836,2025-10-14 03:21:35,33.6003074645996,-7.60636329650879,"Male"
"6018403",371836,2025-10-14 03:31:00,33.6003608703613,-7.60642337799072,"Male"
"6018403",371836,2025-10-14 03:41:02,33.6004066467285,-7.60633945465088,"Male"
"6018403",371836,2025-10-14 03:51:01,33.6018257141113,-7.60611438751221,"Male"
"6018403",371836,2025-10-14 04:01:00,33.6018257141113,-7.60622406005859,"Male"
"6018403",371836,2025-10-14 04:11:00,33.6019248962402,-7.60613632202148,"Male"
"6018403",371836,2025-10-14 04:21:03,33.6018714904785,-7.60627794265747,"Male"
"6018403",371836,2025-10-14 04:31:01,33.6018142700195,-7.60613012313843,"Male"
"6018403",371836,2025-10-14 04:41:02,33.601936340332,-7.60610055923462,"Male"
"6018403",371836,2025-10-14 04:51:01,33.601879119873,-7.6060848236084,"Male"
"6018403",371836,2025-10-14 05:01:01,33.6019821166992,-7.60624599456787,"Male"
"6018403",371836,2025-10-14 05:11:01,33.6016960144043,-7.60614919662476,"Male"
"6018403",371836,2025-10-14 05:21:02,33.5995903015137,-7.60669994354248,"Male"
"6018403",371836,2025-10-14 05:31:01,33.600269317627,-7.60672998428345,"Male"
"6018403",371836,2025-10-14 05:41:01,33.5999794006348,-7.60668992996216,"Male"
"6018403",371836,2025-10-14 05:51:01,33.6000061035156,-7.60673093795776,"Male"
"6018403",371836,2025-10-14 06:01:14,33.6002197265625,-7.60653305053711,"Male"
"6018403",371836,2025-10-14 06:11:02,33.6001281738281,-7.60669088363647,"Male"
"6018403",371836,2025-10-14 06:21:15,33.600154876709,-7.60664367675781,"Male"
"6018403",371836,2025-10-14 06:31:08,33.5869026184082,-7.61075210571289,"Male"
"6018403",371836,2025-10-14 06:41:13,33.5868377685547,-7.61074209213257,"Male"
"6018403",371836,2025-10-14 06:51:14,33.5869445800781,-7.61086559295654,"Male"
"6018403",371836,2025-10-14 07:01:35,33.5869178771973,-7.61072540283203,"Male"
"6018403",371836,2025-10-14 07:11:35,33.5854263305664,-7.61115503311157,"Male"
"6018403",371836,2025-10-14 07:21:01,33.5855178833008,-7.61120891571045,"Male"
"6018403",371836,2025-10-14 07:31:01,33.585880279541,-7.61151552200317,"Male"
"6018403",371836,2025-10-14 07:41:02,33.5858917236328,-7.61160469055176,"Male"
"6018403",371836,2025-10-14 07:51:12,33.5854949951172,-7.61130142211914,"Male"
"6018403",371836,2025-10-14 08:01:03,33.5855140686035,-7.61124610900879,"Male"
"6018403",371836,2025-10-14 08:11:07,33.5855102539062,-7.61127090454102,"Male"
"6018403",371836,2025-10-14 08:21:01,33.585521697998,-7.61128425598145,"Male"
"6018403",371836,2025-10-14 08:31:13,33.5854301452637,-7.61112689971924,"Male"
"6018403",371836,2025-10-14 08:41:08,33.5855140686035,-7.6112585067749,"Male"
"6018403",371836,2025-10-14 08:51:12,33.5854911804199,-7.61115407943726,"Male"
"6018403",371836,2025-10-14 09:01:08,33.5861015319824,-7.61128854751587,"Male"
"6018403",371836,2025-10-14 09:11:14,33.5855445861816,-7.6113862991333,"Male"
"6018403",371836,2025-10-14 09:21:14,33.5855560302734,-7.61118173599243,"Male"
"6018403",371836,2025-10-14 09:31:35,33.5855674743652,-7.61113548278809,"Male"
"6018403",371836,2025-10-14 09:41:06,33.5856094360352,-7.61128807067871,"Male"
"6018403",371836,2025-10-14 09:51:05,33.5855140686035,-7.61124038696289,"Male"
"6018403",371836,2025-10-14 10:01:06,33.5855255126953,-7.61120939254761,"Male"
"6018403",371836,2025-10-14 10:11:08,33.58544921875,-7.6112117767334,"Male"
"6018403",371836,2025-10-14 10:21:01,33.585620880127,-7.61134052276611,"Male"
"6018403",371836,2025-10-14 10:31:02,33.5855522155762,-7.61127805709839,"Male"
"6018403",371836,2025-10-14 10:41:08,33.5855140686035,-7.61126756668091,"Male"
"6018403",371836,2025-10-14 10:51:05,33.585765838623,-7.61153888702393,"Male"
"6018403",371836,2025-10-14 11:01:05,33.5854263305664,-7.61099910736084,"Male"
"6018403",371836,2025-10-14 11:11:14,33.5854148864746,-7.61124658584595,"Male"
"6018403",371836,2025-10-14 11:21:01,33.5833969116211,-7.60282039642334,"Male"
"6018403",371836,2025-10-14 11:31:06,33.5594215393066,-7.57431364059448,"Male"
"6018403",371836,2025-10-14 11:41:09,33.5594940185547,-7.57430362701416,"Male"
"6018403",371836,2025-10-14 11:51:14,33.5594444274902,-7.57419061660767,"Male"
"6018403",371836,2025-10-14 12:01:14,33.5593681335449,-7.57432651519775,"Male"
"6018403",371836,2025-10-14 12:11:11,33.5597076416016,-7.57407760620117,"Male"
"6018403",371836,2025-10-14 12:21:14,33.559398651123,-7.5742244720459,"Male"
"6018403",371836,2025-10-14 12:31:14,33.5602073669434,-7.57409191131592,"Male"
"6018403",371836,2025-10-14 12:41:10,33.5597877502441,-7.57405614852905,"Male"
"6018403",371836,2025-10-14 12:51:35,33.5595893859863,-7.57420110702515,"Male"
"6018403",371836,2025-10-14 13:01:12,33.5595245361328,-7.5741491317749,"Male"
"6018403",371836,2025-10-14 13:11:03,33.5595474243164,-7.57410430908203,"Male"
"6018403",371836,2025-10-14 13:21:03,33.5594825744629,-7.57408714294434,"Male"
"6018403",371836,2025-10-14 13:31:10,33.5595245361328,-7.57411050796509,"Male"
"6018403",371836,2025-10-14 13:41:06,33.5595283508301,-7.57408428192139,"Male"
"6018403",371836,2025-10-14 13:51:14,33.5595588684082,-7.57403373718262,"Male"
"6018403",371836,2025-10-14 14:01:42,33.5595054626465,-7.57426309585571,"Male"
"6018403",371836,2025-10-14 14:11:13,33.5594863891602,-7.57423210144043,"Male"
"6018403",371836,2025-10-14 14:21:09,33.5595359802246,-7.57412242889404,"Male"
"6018403",371836,2025-10-14 14:31:10,33.5595474243164,-7.57426023483276,"Male"
"6018403",371836,2025-10-14 14:41:07,33.5598106384277,-7.57407331466675,"Male"
"6018403",371836,2025-10-14 14:51:14,33.5041542053223,-7.5464825630188,"Male"
"6018403",371836,2025-10-14 15:01:13,33.479248046875,-7.53717851638794,"Male"
"6018403",371836,2025-10-14 15:11:08,33.4784507751465,-7.53923320770264,"Male"
"6018403",371836,2025-10-14 15:21:10,33.479362487793,-7.53908395767212,"Male"
"6018403",371836,2025-10-14 15:31:26,33.4794044494629,-7.5389986038208,"Male"
"6018403",371836,2025-10-14 15:41:11,33.4783477783203,-7.53955364227295,"Male"
"6018403",371836,2025-10-14 15:51:36,33.4791526794434,-7.53923273086548,"Male"
"6018403",371836,2025-10-14 16:01:02,33.4777450561523,-7.53982639312744,"Male"
"6018403",371836,2025-10-14 16:11:01,33.479320526123,-7.53924179077148,"Male"
"6018403",371836,2025-10-14 16:21:02,33.4792785644531,-7.5393648147583,"Male"
"6018403",371836,2025-10-14 16:31:03,33.4801483154297,-7.53746557235718,"Male"
"6018403",371836,2025-10-14 16:41:34,33.4804267883301,-7.53722143173218,"Male"
"6018403",371836,2025-10-14 16:51:01,33.480411529541,-7.53727388381958,"Male"
"6018403",371836,2025-10-14 17:01:01,33.4804496765137,-7.53727436065674,"Male"
"6018403",371836,2025-10-14 17:11:02,33.4807014465332,-7.53718280792236,"Male"
"6018403",371836,2025-10-14 17:21:02,33.4807891845703,-7.53703498840332,"Male"
"6018403",371836,2025-10-14 17:31:03,33.480770111084,-7.53715705871582,"Male"
"6018403",371836,2025-10-14 17:41:02,33.480827331543,-7.53703880310059,"Male"
"6018403",371836,2025-10-14 17:51:02,33.4853820800781,-7.5431957244873,"Male"
"6018403",371836,2025-10-14 18:01:04,33.487377166748,-7.60793685913086,"Male"
"6018403",371836,2025-10-14 18:11:02,33.5305366516113,-7.62885808944702,"Male"
"6018403",371836,2025-10-14 18:21:01,33.5753364562988,-7.63332843780518,"Male"
"6018403",371836,2025-10-14 18:31:14,33.600471496582,-7.60656785964966,"Male"
"6018403",371836,2025-10-14 18:41:02,33.6004180908203,-7.60655069351196,"Male"
"6018403",371836,2025-10-14 18:51:08,33.6005020141602,-7.60651016235352,"Male"
"6018403",371836,2025-10-14 19:01:07,33.6342124938965,-7.60992765426636,"Male"
"6018403",371836,2025-10-14 19:11:09,33.6009330749512,-7.60731840133667,"Male"
"6018403",371836,2025-10-14 19:21:15,33.6009712219238,-7.60721063613892,"Male"
"6018403",371836,2025-10-14 19:31:14,33.6009788513184,-7.60724830627441,"Male"
"6018403",371836,2025-10-14 19:41:10,33.6007881164551,-7.60711669921875,"Male"
"6018403",371836,2025-10-14 19:51:20,33.600700378418,-7.60706567764282,"Male"
"6018403",371836,2025-10-14 20:01:35,33.6008491516113,-7.60705089569092,"Male"
"6018403",371836,2025-10-14 20:11:02,33.6007881164551,-7.60711193084717,"Male"
"6018403",371836,2025-10-14 20:21:09,33.6009330749512,-7.60687065124512,"Male"
"6018403",371836,2025-10-14 20:31:35,33.6007881164551,-7.60709524154663,"Male"
"6018403",371836,2025-10-14 20:41:09,33.6006393432617,-7.60710048675537,"Male"
"6018403",371836,2025-10-14 20:51:13,33.6001205444336,-7.60637283325195,"Male"
"6018403",371836,2025-10-14 21:01:09,33.6000938415527,-7.60641670227051,"Male"
"6018403",371836,2025-10-14 21:11:11,33.600154876709,-7.60640573501587,"Male"
"6018403",371836,2025-10-14 21:21:13,33.6001968383789,-7.60605764389038,"Male"
"6018403",371836,2025-10-14 21:31:09,33.5998992919922,-7.60649538040161,"Male"
"6018403",371836,2025-10-14 21:41:14,33.5999031066895,-7.60671997070312,"Male"
"6018403",371836,2025-10-14 21:51:14,33.6000289916992,-7.60629558563232,"Male"
"6018403",371836,2025-10-14 22:01:35,33.5999565124512,-7.60646200180054,"Male"
"6018403",371836,2025-10-14 22:11:02,33.600040435791,-7.60656261444092,"Male"
"6018403",371836,2025-10-14 22:21:08,33.5999984741211,-7.60633659362793,"Male"
"6018403",371836,2025-10-14 22:31:09,33.5999488830566,-7.60639381408691,"Male"
"6018403",371836,2025-10-14 22:41:09,33.6000442504883,-7.60641622543335,"Male"
"6018403",371836,2025-10-14 22:51:14,33.5999870300293,-7.60636711120605,"Male"
"6018403",371836,2025-10-14 23:01:34,33.6010780334473,-7.60608291625977,"Male"
"6018403",371836,2025-10-14 23:11:15,33.6018753051758,-7.6060357093811,"Male"
"6018403",371836,2025-10-14 23:21:09,33.6019439697266,-7.60601186752319,"Male"
"6018403",371836,2025-10-14 23:31:10,33.6019325256348,-7.60602760314941,"Male"
"6018403",371836,2025-10-14 23:41:09,33.601921081543,-7.60592794418335,"Male"
"6018403",371836,2025-10-14 23:51:10,33.602165222168,-7.60547637939453,"Male"
"6018403",371836,2025-10-15 00:01:09,33.6019134521484,-7.60595846176147,"Male"
"6018403",371836,2025-10-15 00:11:11,33.6018905639648,-7.60587120056152,"Male"
"6018403",371836,2025-10-15 00:21:13,33.6018981933594,-7.60617923736572,"Male"
"6018403",371836,2025-10-15 00:31:14,33.601921081543,-7.60584878921509,"Male"
"6018403",371836,2025-10-15 00:41:09,33.6018409729004,-7.60589265823364,"Male"
"6018403",371836,2025-10-15 00:51:35,33.6018905639648,-7.60611867904663,"Male"
"6018403",371836,2025-10-15 01:01:09,33.6018371582031,-7.60611867904663,"Male"
"6018403",371836,2025-10-15 01:11:06,33.6018447875977,-7.60611152648926,"Male"
"6018403",371836,2025-10-15 01:21:07,33.6017303466797,-7.60600996017456,"Male"
"6018403",371836,2025-10-15 01:31:02,33.6019401550293,-7.60643815994263,"Male"
"6018403",371836,2025-10-15 01:41:35,33.6018142700195,-7.60611772537231,"Male"
"6018403",371836,2025-10-15 01:51:08,33.6018028259277,-7.60601854324341,"Male"
"6018403",371836,2025-10-15 02:01:02,33.6020431518555,-7.60619783401489,"Male"
"6018403",371836,2025-10-15 02:11:01,33.601978302002,-7.60615253448486,"Male"
"6018403",371836,2025-10-15 02:21:02,33.6018524169922,-7.60603904724121,"Male"
"6018403",371836,2025-10-15 02:31:01,33.6018676757812,-7.60614013671875,"Male"
"6018403",371836,2025-10-15 02:41:02,33.601749420166,-7.60603380203247,"Male"
"6018403",371836,2025-10-15 02:51:04,33.6018867492676,-7.60624027252197,"Male"
"6018403",371836,2025-10-15 03:01:06,33.6019630432129,-7.60609102249146,"Male"
"6018403",371836,2025-10-15 03:11:03,33.6017990112305,-7.60614442825317,"Male"
"6018403",371836,2025-10-15 03:21:06,33.6017875671387,-7.60595512390137,"Male"
"6018403",371836,2025-10-15 03:31:13,33.6019592285156,-7.60598230361938,"Male"
"6018403",371836,2025-10-15 03:41:12,33.6018600463867,-7.60607719421387,"Male"
"6018403",371836,2025-10-15 03:51:08,33.6019287109375,-7.60608243942261,"Male"
"6018403",371836,2025-10-15 04:01:08,33.6019248962402,-7.60595607757568,"Male"
"6018403",371836,2025-10-15 04:11:35,33.6019248962402,-7.60614490509033,"Male"
"6018403",371836,2025-10-15 04:21:04,33.6018676757812,-7.60590887069702,"Male"
"6018403",371836,2025-10-15 04:31:04,33.6015586853027,-7.60583686828613,"Male"
"6018403",371836,2025-10-15 04:41:14,33.5973320007324,-7.60198259353638,"Male"
"6018403",371836,2025-10-15 04:51:35,33.6018829345703,-7.60607147216797,"Male"
"6018403",371836,2025-10-15 05:01:02,33.6018104553223,-7.60612869262695,"Male"
"6018403",371836,2025-10-15 05:11:04,33.6020202636719,-7.60614585876465,"Male"
"6018403",371836,2025-10-15 05:21:02,33.6017684936523,-7.60626649856567,"Male"
"6018403",371836,2025-10-15 05:31:02,33.6018371582031,-7.60631322860718,"Male"
"6018403",371836,2025-10-15 05:41:01,33.6019325256348,-7.60621547698975,"Male"
"6018403",371836,2025-10-15 05:51:02,33.6018180847168,-7.60622692108154,"Male"
"6018403",371836,2025-10-15 06:01:13,33.600269317627,-7.60661888122559,"Male"
"6018403",371836,2025-10-15 06:11:02,33.6002502441406,-7.60647296905518,"Male"
"6018403",371836,2025-10-15 06:21:10,33.6002883911133,-7.60657215118408,"Male"
"6018403",371836,2025-10-15 06:31:02,33.5906982421875,-7.62222337722778,"Male"
"6018403",371836,2025-10-15 06:41:13,33.602123260498,-7.67312288284302,"Male"
"6018403",371836,2025-10-15 06:51:14,33.5941352844238,-7.63763570785522,"Male"
"6018403",371836,2025-10-15 07:01:12,33.5934562683105,-7.62914085388184,"Male"
"6018403",371836,2025-10-15 07:11:13,33.5934638977051,-7.62918663024902,"Male"
"6018403",371836,2025-10-15 07:21:13,33.593391418457,-7.62915992736816,"Male"
"6018403",371836,2025-10-15 07:31:13,33.5934448242188,-7.62920951843262,"Male"
"6018403",371836,2025-10-15 07:41:13,33.5935287475586,-7.62915658950806,"Male"
"6018403",371836,2025-10-15 07:51:05,33.5933151245117,-7.62903547286987,"Male"
"6018403",371836,2025-10-15 08:01:07,33.5934104919434,-7.62915086746216,"Male"
"6018403",371836,2025-10-15 08:11:03,33.5933685302734,-7.62921810150146,"Male"
"6018403",371836,2025-10-15 08:21:02,33.5935592651367,-7.62935543060303,"Male"
"6018403",371836,2025-10-15 08:31:22,33.5933303833008,-7.62919807434082,"Male"
"6018403",371836,2025-10-15 08:41:43,33.593433380127,-7.62922191619873,"Male"
"6018403",371836,2025-10-15 08:51:32,33.5934295654297,-7.62928915023804,"Male"
"6018403",371836,2025-10-15 09:01:02,33.5911445617676,-7.62045192718506,"Male"
"6018403",371836,2025-10-15 09:11:10,33.5853996276855,-7.61120510101318,"Male"
"6018403",371836,2025-10-15 09:21:10,33.5853691101074,-7.61122941970825,"Male"
"6018403",371836,2025-10-15 09:31:09,33.5853080749512,-7.61116456985474,"Male"
"6018403",371836,2025-10-15 09:41:11,33.5852165222168,-7.61113405227661,"Male"
"6018403",371836,2025-10-15 09:51:35,33.5854644775391,-7.6111650466919,"Male"
"6018403",371836,2025-10-15 10:01:09,33.5791358947754,-7.5944299697876,"Male"
"6018403",371836,2025-10-15 10:11:44,33.5598754882812,-7.57075548171997,"Male"
"6018403",371836,2025-10-15 10:21:03,33.5598640441895,-7.57069826126099,"Male"
"6018403",371836,2025-10-15 10:31:06,33.5602340698242,-7.57090282440185,"Male"
"6018403",371836,2025-10-15 10:41:35,33.5598678588867,-7.57079362869263,"Male"
"6018403",371836,2025-10-15 10:51:02,33.5598907470703,-7.57083082199097,"Male"
"6018403",371836,2025-10-15 11:01:04,33.5598106384277,-7.57075166702271,"Male"
"6018403",371836,2025-10-15 11:11:01,33.5598907470703,-7.57077026367188,"Male"
"6018403",371836,2025-10-15 11:21:11,33.5598297119141,-7.57080268859863,"Male"
"6018403",371836,2025-10-15 11:31:06,33.559642791748,-7.57037448883057,"Male"
"6018403",371836,2025-10-15 11:41:06,33.5598793029785,-7.57062292098999,"Male"
"6018403",371836,2025-10-15 11:51:03,33.559741973877,-7.57070636749268,"Male"
"6018403",371836,2025-10-15 12:01:05,33.559871673584,-7.57089138031006,"Male"
"6018403",371836,2025-10-15 12:11:07,33.5598068237305,-7.5706615447998,"Male"
"6018403",371836,2025-10-15 12:21:04,33.5598373413086,-7.57057094573975,"Male"
"6018403",371836,2025-10-15 12:31:03,33.5573348999023,-7.57437086105347,"Male"
"6018403",371836,2025-10-15 12:41:34,33.5573921203613,-7.57451105117798,"Male"
"6018403",371836,2025-10-15 12:51:13,33.5574035644531,-7.57457447052002,"Male"
"6018403",371836,2025-10-15 13:01:23,33.5573387145996,-7.57440948486328,"Male"
"6018403",371836,2025-10-15 13:11:14,33.557373046875,-7.57444858551025,"Male"
"6018403",371836,2025-10-15 13:21:08,33.5574188232422,-7.57457828521729,"Male"
"6018403",371836,2025-10-15 13:31:09,33.5449333190918,-7.57582664489746,"Male"
"6018403",371836,2025-10-15 13:41:09,33.4943771362305,-7.53916645050049,"Male"
"6018403",371836,2025-10-15 13:51:53,33.4806137084961,-7.53662204742432,"Male"
"6018403",371836,2025-10-15 14:01:01,33.4805755615234,-7.53656005859375,"Male"
"6018403",371836,2025-10-15 14:11:01,33.4805870056152,-7.53662967681885,"Male"
"6018403",371836,2025-10-15 14:21:02,33.4806022644043,-7.53670692443848,"Male"
"6018403",371836,2025-10-15 14:31:01,33.4806709289551,-7.53681516647339,"Male"
"6018403",371836,2025-10-15 14:41:07,33.4799842834473,-7.53760242462158,"Male"
"6018403",371836,2025-10-15 14:51:04,33.4793243408203,-7.54000282287598,"Male"
"6018403",371836,2025-10-15 15:01:15,33.4792556762695,-7.53989219665527,"Male"
"6018403",371836,2025-10-15 15:11:35,33.4793167114258,-7.54001903533935,"Male"
"6018403",371836,2025-10-15 15:21:01,33.4793319702148,-7.54003620147705,"Male"
"6018403",371836,2025-10-15 15:31:03,33.4803924560547,-7.53790426254272,"Male"
"6018403",371836,2025-10-15 15:41:01,33.4805068969727,-7.5379114151001,"Male"
"6018403",371836,2025-10-15 15:51:07,33.4804191589355,-7.53784847259521,"Male"
"6018403",371836,2025-10-15 16:01:06,33.4804191589355,-7.53799867630005,"Male"
"6018403",371836,2025-10-15 16:11:02,33.4805679321289,-7.53806018829346,"Male"
"6018403",371836,2025-10-15 16:21:06,33.4793281555176,-7.54057216644287,"Male"
"6018403",371836,2025-10-15 16:31:08,33.4795379638672,-7.54088497161865,"Male"
"6018403",371836,2025-10-15 16:41:10,33.4794692993164,-7.54081392288208,"Male"
"6018403",371836,2025-10-15 16:51:18,33.4796142578125,-7.54091215133667,"Male"
"6018403",371836,2025-10-15 17:01:09,33.4809532165527,-7.53746128082275,"Male"
"6018403",371836,2025-10-15 17:11:13,33.4809761047363,-7.53762531280518,"Male"
"6018403",371836,2025-10-15 17:21:04,33.480884552002,-7.5376558303833,"Male"
"6018403",371836,2025-10-15 17:31:06,33.4812164306641,-7.53749942779541,"Male"
"6018403",371836,2025-10-15 17:41:33,33.4836845397949,-7.53980350494385,"Male"
"6018403",371836,2025-10-15 17:51:01,33.5193099975586,-7.57536172866821,"Male"
"6018403",371836,2025-10-15 18:01:02,33.572868347168,-7.59361839294434,"Male"
"6018403",371836,2025-10-15 18:11:14,33.5998382568359,-7.60618782043457,"Male"
"6018403",371836,2025-10-15 18:21:14,33.6000061035156,-7.60607051849365,"Male"
"6018403",371836,2025-10-15 18:31:09,33.6006011962891,-7.6064567565918,"Male"
"6018403",371836,2025-10-15 18:41:13,33.6004180908203,-7.60635566711426,"Male"
"6018403",371836,2025-10-15 18:51:14,33.6004257202148,-7.60645580291748,"Male"
"6018403",371836,2025-10-15 19:01:03,33.6004638671875,-7.60645151138306,"Male"
"6018403",371836,2025-10-15 19:11:02,33.6004219055176,-7.60633993148804,"Male"
"6018403",371836,2025-10-15 19:21:09,33.6002960205078,-7.60645580291748,"Male"
"6018403",371836,2025-10-15 19:31:09,33.6001586914062,-7.60645389556885,"Male"
"6018403",371836,2025-10-15 19:41:09,33.600040435791,-7.60565519332886,"Male"
"6018403",371836,2025-10-15 19:51:16,33.5992889404297,-7.60507345199585,"Male"
"6018403",371836,2025-10-15 20:01:35,33.6000061035156,-7.60611152648926,"Male"
"6018403",371836,2025-10-15 20:11:15,33.5998878479004,-7.60669231414795,"Male"
"6018403",371836,2025-10-15 20:21:04,33.6000213623047,-7.60610961914062,"Male"
"6018403",371836,2025-10-15 20:31:02,33.6001434326172,-7.60621881484985,"Male"
"6018403",371836,2025-10-15 20:41:09,33.5998802185059,-7.60616159439087,"Male"
"6018403",371836,2025-10-15 20:51:35,33.5999755859375,-7.6062126159668,"Male"
"6018403",371836,2025-10-15 21:01:01,33.5999145507812,-7.60624074935913,"Male"
"6018403",371836,2025-10-15 21:11:02,33.5998840332031,-7.60612964630127,"Male"
"6018403",371836,2025-10-15 21:21:01,33.5998878479004,-7.60627031326294,"Male"
"6018403",371836,2025-10-15 21:31:01,33.5998420715332,-7.60622596740723,"Male"
"6018403",371836,2025-10-15 21:41:02,33.5999946594238,-7.60623025894165,"Male"
"6018403",371836,2025-10-15 21:51:02,33.5998191833496,-7.6060380935669,"Male"
"6018403",371836,2025-10-15 22:01:04,33.599739074707,-7.60614109039307,"Male"
"6018403",371836,2025-10-15 22:11:07,33.6000175476074,-7.60633230209351,"Male"
"6018403",371836,2025-10-15 22:21:02,33.6001777648926,-7.60657691955566,"Male"
"6018403",371836,2025-10-15 22:31:04,33.6005096435547,-7.60701513290405,"Male"
"6018403",371836,2025-10-15 22:41:06,33.5999565124512,-7.60646152496338,"Male"
"6018403",371836,2025-10-15 22:51:09,33.5997848510742,-7.60624742507935,"Male"
"6018403",371836,2025-10-15 23:01:03,33.6001014709473,-7.60659694671631,"Male"
"6018403",371836,2025-10-15 23:11:14,33.5999565124512,-7.60624980926514,"Male"
"6018403",371836,2025-10-15 23:21:06,33.6001129150391,-7.60647296905518,"Male"
"6018403",371836,2025-10-15 23:31:14,33.6000366210938,-7.60624313354492,"Male"
"6018403",371836,2025-10-15 23:41:01,33.599739074707,-7.60577392578125,"Male"
"6018403",371836,2025-10-15 23:51:04,33.5999412536621,-7.60613250732422,"Male"
"6018403",371836,2025-10-16 00:01:09,33.6000442504883,-7.60623216629028,"Male"
"6018403",371836,2025-10-16 00:11:12,33.5999908447266,-7.60583877563477,"Male"
"6018403",371836,2025-10-16 00:21:35,33.599967956543,-7.60620975494385,"Male"
"6018403",371836,2025-10-16 00:31:01,33.600040435791,-7.60616207122803,"Male"
"6018403",371836,2025-10-16 00:41:01,33.5999717712402,-7.60624408721924,"Male"
"6018403",371836,2025-10-16 00:51:01,33.5999908447266,-7.60630798339844,"Male"
"6018403",371836,2025-10-16 01:01:03,33.60009765625,-7.60629224777222,"Male"
"6018403",371836,2025-10-16 01:11:03,33.600040435791,-7.606369972229,"Male"
"6018403",371836,2025-10-16 01:21:04,33.5998840332031,-7.60623550415039,"Male"
"6018403",371836,2025-10-16 01:31:02,33.5998573303223,-7.60610818862915,"Male"
"6018403",371836,2025-10-16 01:41:02,33.5999984741211,-7.60626935958862,"Male"
"6018403",371836,2025-10-16 01:51:05,33.6000823974609,-7.60627937316895,"Male"
"6018403",371836,2025-10-16 02:01:18,33.5999946594238,-7.60626983642578,"Male"
"6018403",371836,2025-10-16 02:11:04,33.599983215332,-7.60631084442139,"Male"
"6018403",371836,2025-10-16 02:21:02,33.5998497009277,-7.60667276382446,"Male"
"6018403",371836,2025-10-16 02:31:03,33.5999221801758,-7.6069860458374,"Male"
"6018403",371836,2025-10-16 02:41:04,33.6000747680664,-7.60649728775024,"Male"
"6018403",371836,2025-10-16 02:51:09,33.5994186401367,-7.60787868499756,"Male"
"6018403",371836,2025-10-16 03:01:14,33.5999794006348,-7.60634517669678,"Male"
"6018403",371836,2025-10-16 03:11:31,33.5999603271484,-7.60628032684326,"Male"
"6018403",371836,2025-10-16 03:21:03,33.5998954772949,-7.60565280914307,"Male"
"6018403",371836,2025-10-16 03:31:35,33.6000289916992,-7.60621929168701,"Male"
"6018403",371836,2025-10-16 03:41:01,33.600025177002,-7.60625743865967,"Male"
"6018403",371836,2025-10-16 03:51:04,33.6000709533691,-7.60643100738525,"Male"
"6018403",371836,2025-10-16 04:01:06,33.6000823974609,-7.60635471343994,"Male"
"6018403",371836,2025-10-16 04:11:02,33.600154876709,-7.60675525665283,"Male"
"6018403",371836,2025-10-16 04:21:03,33.6001586914062,-7.60639524459839,"Male"
"6018403",371836,2025-10-16 04:31:05,33.6004981994629,-7.60653591156006,"Male"
"6018403",371836,2025-10-16 04:41:06,33.600170135498,-7.60617017745972,"Male"
"6018403",371836,2025-10-16 04:51:13,33.599853515625,-7.60620164871216,"Male"
"6018403",371836,2025-10-16 05:01:35,33.6000099182129,-7.60621023178101,"Male"
"6018403",371836,2025-10-16 05:11:02,33.6000556945801,-7.60614109039307,"Male"
"6018403",371836,2025-10-16 05:21:03,33.5999946594238,-7.60621070861816,"Male"
"6018403",371836,2025-10-16 05:31:03,33.5999641418457,-7.60625171661377,"Male"
"6018403",371836,2025-10-16 05:41:04,33.5992584228516,-7.60653162002563,"Male"
"6018403",371836,2025-10-16 05:51:03,33.5995597839355,-7.60646867752075,"Male"
"6018403",371836,2025-10-16 06:01:03,33.6003150939941,-7.60581684112549,"Male"
"6018403",371836,2025-10-16 06:11:02,33.6000061035156,-7.60608768463135,"Male"
"6018403",371836,2025-10-16 06:21:14,33.5999031066895,-7.6062822341919,"Male"
"6018403",371836,2025-10-16 06:31:19,33.599910736084,-7.6062707901001,"Male"
"6018403",371836,2025-10-16 06:41:35,33.5876541137695,-7.61867427825928,"Male"
"6018403",371836,2025-10-16 06:51:02,33.5877723693848,-7.61873388290405,"Male"
"6018403",371836,2025-10-16 07:01:02,33.58740234375,-7.61849069595337,"Male"
"6018403",371836,2025-10-16 07:11:03,33.5882263183594,-7.61877822875977,"Male"
"6018403",371836,2025-10-16 07:21:03,33.5881652832031,-7.61878108978271,"Male"
"6018403",371836,2025-10-16 07:31:06,33.5886077880859,-7.61923503875732,"Male"
"6018403",371836,2025-10-16 07:41:20,33.5881233215332,-7.61872148513794,"Male"
"6018403",371836,2025-10-16 07:51:13,33.5880889892578,-7.61865949630737,"Male"
"6018403",371836,2025-10-16 08:01:35,33.588207244873,-7.61878061294556,"Male"
"6018403",371836,2025-10-16 08:11:06,33.5882225036621,-7.61869764328003,"Male"
"6018403",371836,2025-10-16 08:21:03,33.5885734558105,-7.61743783950806,"Male"
"6018403",371836,2025-10-16 08:31:06,33.5881538391113,-7.61869716644287,"Male"
"6018403",371836,2025-10-16 08:41:05,33.5883674621582,-7.61812114715576,"Male"
"6018403",371836,2025-10-16 08:51:04,33.5882453918457,-7.61862277984619,"Male"
"6018403",371836,2025-10-16 09:01:06,33.5881805419922,-7.61872482299805,"Male"
"6018403",371836,2025-10-16 09:11:14,33.5881843566895,-7.61867761611938,"Male"
"6018403",371836,2025-10-16 09:41:14,33.5882453918457,-7.61879205703735,"Male"
"6018403",371836,2025-10-16 10:11:02,33.5909729003906,-7.56257295608521,"Male"
"6018403",371836,2025-10-16 10:41:45,33.5932006835938,-7.56014060974121,"Male"
"6018403",371836,2025-10-16 11:11:07,33.5929870605469,-7.56012296676636,"Male"
"6018403",371836,2025-10-16 11:41:44,33.5930976867676,-7.56000661849976,"Male"
"6018403",371836,2025-10-16 12:11:13,33.5930023193359,-7.56001138687134,"Male"
"6018403",371836,2025-10-16 12:41:35,33.593074798584,-7.56011199951172,"Male"
"6018403",371836,2025-10-16 13:11:01,33.5930595397949,-7.55990314483643,"Male"
"6018403",371836,2025-10-16 13:41:18,33.4803009033203,-7.53693342208862,"Male"
"6018403",371836,2025-10-16 14:11:33,33.4795074462891,-7.53715705871582,"Male"
"6018403",371836,2025-10-16 14:41:02,33.4795455932617,-7.5371241569519,"Male"
"6018403",371836,2025-10-16 15:11:02,33.4790229797363,-7.54098892211914,"Male"
"6018403",371836,2025-10-16 15:41:35,33.478401184082,-7.54167175292969,"Male"
"6018403",371836,2025-10-16 16:11:14,33.4808006286621,-7.53700542449951,"Male"
"6018403",371836,2025-10-16 16:41:09,33.480281829834,-7.53738212585449,"Male"
"6018403",371836,2025-10-16 17:11:15,33.480281829834,-7.53749465942383,"Male"
"6018403",371836,2025-10-16 17:41:35,33.5315971374512,-7.62607955932617,"Male"
"6018403",371836,2025-10-16 18:11:03,33.596851348877,-7.60687255859375,"Male"
"6018403",371836,2025-10-16 18:41:04,33.599925994873,-7.60625457763672,"Male"
"6018403",371836,2025-10-16 19:11:10,33.6000289916992,-7.6062707901001,"Male"
"6018403",371836,2025-10-16 19:41:09,33.5999794006348,-7.60633182525635,"Male"
"6018403",371836,2025-10-16 20:11:35,33.6001014709473,-7.60605144500732,"Male"
"6018403",371836,2025-10-16 20:41:02,33.6020240783691,-7.60633420944214,"Male"
"6018403",371836,2025-10-16 21:11:04,33.6022529602051,-7.60620832443237,"Male"
"6018403",371836,2025-10-16 21:41:03,33.6018486022949,-7.60631847381592,"Male"
"6018403",371836,2025-10-16 22:11:35,33.6018257141113,-7.60643911361694,"Male"
"6018403",371836,2025-10-16 22:41:01,33.601921081543,-7.60650253295898,"Male"
"6018403",371836,2025-10-16 23:11:02,33.6019554138184,-7.60657215118408,"Male"
"6018403",371836,2025-10-16 23:41:12,33.6001205444336,-7.60647249221802,"Male"
"6018403",371836,2025-10-17 00:11:09,33.6000862121582,-7.60651874542236,"Male"
"6018403",371836,2025-10-17 00:41:35,33.6001625061035,-7.60644912719727,"Male"
"6018403",371836,2025-10-17 01:11:11,33.5995559692383,-7.60611343383789,"Male"
"6018403",371836,2025-10-17 01:41:14,33.6000785827637,-7.60675048828125,"Male"
"6018403",371836,2025-10-17 02:11:09,33.5998649597168,-7.60649919509888,"Male"
"6018403",371836,2025-10-17 02:41:35,33.5998916625977,-7.60641431808472,"Male"
"6018403",371836,2025-10-17 03:11:09,33.5998573303223,-7.60646295547485,"Male"
"6018403",371836,2025-10-17 03:41:03,33.5999565124512,-7.60636806488037,"Male"
"6018403",371836,2025-10-17 04:11:35,33.5998497009277,-7.60638046264648,"Male"
"6018403",371836,2025-10-17 04:41:05,33.5999603271484,-7.60623598098755,"Male"
"6018403",371836,2025-10-17 05:11:02,33.6001319885254,-7.60629320144653,"Male"
"6018403",371836,2025-10-17 05:41:12,33.6002578735352,-7.60622882843018,"Male"
"6018403",371836,2025-10-17 06:11:51,33.600025177002,-7.60623025894165,"Male"
"6018403",371836,2025-10-17 06:41:01,33.6006546020508,-7.66794586181641,"Male"
"6018403",371836,2025-10-17 07:11:35,33.5940933227539,-7.63220548629761,"Male"
"6018403",371836,2025-10-17 07:41:01,33.5940780639648,-7.63226985931396,"Male"
"6018403",371836,2025-10-17 08:11:05,33.5941543579102,-7.63237333297729,"Male"
"6018403",371836,2025-10-17 08:41:12,33.5940093994141,-7.63223075866699,"Male"
"6018403",371836,2025-10-17 09:11:05,33.5943794250488,-7.63282346725464,"Male"
"6018403",371836,2025-10-17 09:41:09,33.587776184082,-7.61427879333496,"Male"
"6018403",371836,2025-10-17 10:11:11,33.5877914428711,-7.61455059051514,"Male"
"6018403",371836,2025-10-17 10:41:04,33.5913391113281,-7.61299467086792,"Male"
"6018403",371836,2025-10-17 11:11:35,33.479377746582,-7.54041433334351,"Male"
"6018403",371836,2025-10-17 11:21:02,33.4793434143066,-7.54048204421997,"Male"
"6018403",371836,2025-10-17 11:31:01,33.4793548583984,-7.54046773910522,"Male"
"6018403",371836,2025-10-17 11:41:01,33.4793739318848,-7.54042434692383,"Male"
"6018403",371836,2025-10-17 11:51:02,33.4795455932617,-7.540283203125,"Male"
"6018403",371836,2025-10-17 12:01:09,33.479434967041,-7.54031801223755,"Male"
"6018403",371836,2025-10-17 12:11:12,33.4793472290039,-7.54015970230103,"Male"
"6018403",371836,2025-10-17 12:21:42,33.479377746582,-7.5404200553894,"Male"
"6018403",371836,2025-10-17 12:31:07,33.4794692993164,-7.54034185409546,"Male"
"6018403",371836,2025-10-17 12:41:13,33.4795074462891,-7.54025888442993,"Male"
"6018403",371836,2025-10-17 12:51:35,33.4794006347656,-7.54047346115112,"Male"
"6018403",371836,2025-10-17 13:01:09,33.4795532226562,-7.54043388366699,"Male"
"6018403",371836,2025-10-17 13:11:22,33.479305267334,-7.54048681259155,"Male"
"6018403",371836,2025-10-17 13:21:14,33.4795417785645,-7.54085493087769,"Male"
"6018403",371836,2025-10-17 13:31:10,33.4795608520508,-7.54092311859131,"Male"
"6018403",371836,2025-10-17 13:41:14,33.4796333312988,-7.5409083366394,"Male"
"6018403",371836,2025-10-17 13:51:12,33.4793815612793,-7.54087352752685,"Male"
"6018403",371836,2025-10-17 14:01:09,33.4797973632812,-7.53915119171143,"Male"
"6018403",371836,2025-10-17 14:11:09,33.4785995483398,-7.53929662704468,"Male"
"6018403",371836,2025-10-17 14:21:09,33.4794616699219,-7.5408239364624,"Male"
"6018403",371836,2025-10-17 14:31:35,33.4795455932617,-7.54079532623291,"Male"
"6018403",371836,2025-10-17 14:41:01,33.4795608520508,-7.54076242446899,"Male"
"6018403",371836,2025-10-17 14:51:01,33.4795417785645,-7.54077196121216,"Male"
"6018403",371836,2025-10-17 15:01:03,33.4795265197754,-7.54082679748535,"Male"
"6018403",371836,2025-10-17 15:11:03,33.4793472290039,-7.54087972640991,"Male"
"6018403",371836,2025-10-17 15:21:15,33.4795875549316,-7.54076433181763,"Male"
"6018403",371836,2025-10-17 15:31:10,33.4796943664551,-7.54072713851929,"Male"
"6018403",371836,2025-10-17 15:41:04,33.4797439575195,-7.54074668884277,"Male"
"6018403",371836,2025-10-17 15:51:02,33.4786491394043,-7.54163646697998,"Male"
"6018403",371836,2025-10-17 16:01:14,33.4791870117188,-7.54220247268677,"Male"
"6018403",371836,2025-10-17 16:11:13,33.4792861938477,-7.54223108291626,"Male"
"6018403",371836,2025-10-17 16:21:35,33.4789848327637,-7.5419225692749,"Male"
"6018403",371836,2025-10-17 16:31:06,33.4792594909668,-7.54180765151978,"Male"
"6018403",371836,2025-10-17 16:41:01,33.4916534423828,-7.56878042221069,"Male"
"6018403",371836,2025-10-17 16:51:02,33.5066261291504,-7.61884737014771,"Male"
"6018403",371836,2025-10-17 17:01:04,33.5441780090332,-7.64339637756348,"Male"
"6018403",371836,2025-10-17 17:11:06,33.5573654174805,-7.67186260223389,"Male"
"6018403",371836,2025-10-17 17:21:11,33.5826568603516,-7.64235401153565,"Male"
"6018403",371836,2025-10-17 17:31:09,33.5947151184082,-7.6215763092041,"Male"
"6018403",371836,2025-10-17 17:41:15,33.5947494506836,-7.62164878845215,"Male"
"6018403",371836,2025-10-17 17:51:04,33.594612121582,-7.62146854400635,"Male"
"6018403",371836,2025-10-17 18:01:23,33.5946617126465,-7.62152290344238,"Male"
"6018403",371836,2025-10-17 18:11:08,33.6002616882324,-7.60638332366943,"Male"
"6018403",371836,2025-10-17 18:21:25,33.6001205444336,-7.60629177093506,"Male"
"6018403",371836,2025-10-17 18:31:14,33.6001319885254,-7.60652923583984,"Male"
"6018403",371836,2025-10-17 18:41:14,33.6001739501953,-7.60647773742676,"Male"
"6018403",371836,2025-10-17 18:51:10,33.6002883911133,-7.60633516311646,"Male"
"6018403",371836,2025-10-17 19:01:10,33.6000823974609,-7.60642004013062,"Male"
"6018403",371836,2025-10-17 19:11:02,33.6000785827637,-7.60644626617432,"Male"
"6018403",371836,2025-10-17 19:21:09,33.6003913879395,-7.60644721984863,"Male"
"6018403",371836,2025-10-17 19:31:12,33.6011009216309,-7.60584497451782,"Male"
"6018403",371836,2025-10-17 19:41:13,33.6010246276855,-7.60576248168945,"Male"
"6018403",371836,2025-10-17 19:51:35,33.6009750366211,-7.60570764541626,"Male"
"6018403",371836,2025-10-17 20:01:09,33.6003837585449,-7.60654783248901,"Male"
"6018403",371836,2025-10-17 20:11:04,33.6002960205078,-7.60651636123657,"Male"
"6018403",371836,2025-10-17 20:21:09,33.6001853942871,-7.60644912719727,"Male"
"6018403",371836,2025-10-17 20:31:12,33.6003875732422,-7.60638856887817,"Male"
"6018403",371836,2025-10-17 20:41:03,33.600154876709,-7.60676670074463,"Male"
"6018403",371836,2025-10-17 20:51:05,33.6002883911133,-7.60664463043213,"Male"
"6018403",371836,2025-10-17 21:01:06,33.6002731323242,-7.60661935806274,"Male"
"6018403",371836,2025-10-17 21:11:09,33.6002006530762,-7.60663938522339,"Male"
"6018403",371836,2025-10-17 21:21:10,33.600227355957,-7.60669088363647,"Male"
"6018403",371836,2025-10-17 21:31:09,33.6001510620117,-7.60665988922119,"Male"
"6018403",371836,2025-10-17 21:41:14,33.6001815795898,-7.60648012161255,"Male"
"6018403",371836,2025-10-17 21:51:06,33.6002960205078,-7.60624074935913,"Male"
"6018403",371836,2025-10-17 22:01:12,33.600399017334,-7.6063404083252,"Male"
"6018403",371836,2025-10-17 22:11:09,33.6002655029297,-7.606520652771,"Male"
"6018403",371836,2025-10-17 22:21:09,33.6004180908203,-7.60652923583984,"Male"
"6018403",371836,2025-10-17 22:31:14,33.6003189086914,-7.60638427734375,"Male"
"6018403",371836,2025-10-17 22:41:34,33.6003799438477,-7.60643482208252,"Male"
"6018403",371836,2025-10-17 22:51:04,33.6002311706543,-7.60633087158203,"Male"
"6018403",371836,2025-10-17 23:01:02,33.6002082824707,-7.60637760162354,"Male"
"6018403",371836,2025-10-17 23:11:03,33.6003456115723,-7.60648059844971,"Male"
"6018403",371836,2025-10-17 23:21:06,33.6003074645996,-7.60647630691528,"Male"
"6018403",371836,2025-10-17 23:31:06,33.6003799438477,-7.60634851455688,"Male"
"6018403",371836,2025-10-17 23:41:09,33.6003341674805,-7.6064043045044,"Male"
"6018403",371836,2025-10-17 23:51:09,33.6003265380859,-7.60647487640381,"Male"
"6018403",371836,2025-10-18 00:01:12,33.6002006530762,-7.60631990432739,"Male"
"6018403",371836,2025-10-18 00:11:35,33.6002998352051,-7.6063404083252,"Male"
"6018403",371836,2025-10-18 00:21:03,33.6003494262695,-7.6064920425415,"Male"
"6018403",371836,2025-10-18 00:31:09,33.600284576416,-7.60640811920166,"Male"
"6018403",371836,2025-10-18 00:41:09,33.6003570556641,-7.60642862319946,"Male"
"6018403",371836,2025-10-18 00:51:09,33.6003227233887,-7.60639905929565,"Male"
"6018403",371836,2025-10-18 01:01:10,33.6002922058105,-7.60643100738525,"Male"
"6018403",371836,2025-10-18 01:11:09,33.6002235412598,-7.60636377334595,"Male"
"6018403",371836,2025-10-18 01:21:12,33.6003227233887,-7.60642051696777,"Male"
"6018403",371836,2025-10-18 01:31:09,33.6002883911133,-7.60650777816772,"Male"
"6018403",371836,2025-10-18 01:41:18,33.6002082824707,-7.60647296905518,"Male"
"6018403",371836,2025-10-18 01:51:35,33.600284576416,-7.60648012161255,"Male"
"6018403",371836,2025-10-18 02:01:01,33.6002807617188,-7.60647583007812,"Male"
"6018403",371836,2025-10-18 02:11:02,33.6000518798828,-7.60663366317749,"Male"
"6018403",371836,2025-10-18 02:21:02,33.6001663208008,-7.60641098022461,"Male"
"6018403",371836,2025-10-18 02:31:01,33.6003036499023,-7.6063346862793,"Male"
"6018403",371836,2025-10-18 02:41:03,33.6002883911133,-7.60647296905518,"Male"
"6018403",371836,2025-10-18 02:51:01,33.6002540588379,-7.60654449462891,"Male"
"6018403",371836,2025-10-18 03:01:02,33.6002731323242,-7.60655784606934,"Male"
"6018403",371836,2025-10-18 03:11:01,33.6004028320312,-7.60660076141357,"Male"
"6018403",371836,2025-10-18 03:21:44,33.6002922058105,-7.6065092086792,"Male"
"6018403",371836,2025-10-18 03:31:06,33.6003074645996,-7.60648584365845,"Male"
"6018403",371836,2025-10-18 03:41:06,33.6003837585449,-7.60652494430542,"Male"
"6018403",371836,2025-10-18 03:51:16,33.6002426147461,-7.60653400421143,"Male"
"6018403",371836,2025-10-18 04:01:35,33.6003494262695,-7.60654497146606,"Male"
"6018403",371836,2025-10-18 04:11:12,33.6003684997559,-7.60653162002563,"Male"
"6018403",371836,2025-10-18 04:21:04,33.6003112792969,-7.60652351379395,"Male"
"6018403",371836,2025-10-18 04:31:11,33.6003723144531,-7.60652828216553,"Male"
"6018403",371836,2025-10-18 04:41:12,33.6002731323242,-7.60671663284302,"Male"
"6018403",371836,2025-10-18 04:51:35,33.6003227233887,-7.60644721984863,"Male"
"6018403",371836,2025-10-18 05:01:02,33.6002922058105,-7.60641002655029,"Male"
"6018403",371836,2025-10-18 05:11:06,33.6008224487305,-7.60616111755371,"Male"
"6018403",371836,2025-10-18 05:21:01,33.5958290100098,-7.61640739440918,"Male"
"6018403",371836,2025-10-18 05:31:09,33.6012001037598,-7.60827589035034,"Male"
"6018403",371836,2025-10-18 05:41:03,33.6009559631348,-7.60857486724854,"Male"
"6018403",371836,2025-10-18 05:51:14,33.6011352539062,-7.60837078094482,"Male"
"6018403",371836,2025-10-18 06:21:02,33.6012153625488,-7.60822582244873,"Male"
"6018403",371836,2025-10-18 06:51:13,33.5940322875977,-7.63228845596313,"Male"
"6018403",371836,2025-10-18 07:21:12,33.5942764282227,-7.63246965408325,"Male"
"6018403",371836,2025-10-18 07:51:15,33.5940704345703,-7.63229036331177,"Male"
"6018403",371836,2025-10-18 08:21:10,33.5940742492676,-7.63232374191284,"Male"
"6018403",371836,2025-10-18 08:51:16,33.5940246582031,-7.63239479064941,"Male"
"6018403",371836,2025-10-18 09:21:35,33.5940017700195,-7.63245391845703,"Male"
"6018403",371836,2025-10-18 09:51:35,33.5940208435059,-7.63232564926147,"Male"
"6018403",371836,2025-10-18 10:21:01,33.5941123962402,-7.63241767883301,"Male"
"6018403",371836,2025-10-18 10:51:03,33.5936660766602,-7.63187170028687,"Male"
"6018403",371836,2025-10-18 11:21:02,33.5940780639648,-7.63235950469971,"Male"
"6018403",371836,2025-10-18 11:51:09,33.5941505432129,-7.63222789764404,"Male"
"6018403",371836,2025-10-18 12:21:11,33.5491256713867,-7.5946102142334,"Male"
"6018403",371836,2025-10-18 12:51:14,33.4789695739746,-7.54115152359009,"Male"
"6018403",371836,2025-10-18 13:21:35,33.4790687561035,-7.5409345626831,"Male"
"6018403",371836,2025-10-18 13:51:06,33.4785537719727,-7.53921031951904,"Male"
"6018403",371836,2025-10-18 14:21:04,33.4794769287109,-7.5409631729126,"Male"
"6018403",371836,2025-10-18 14:51:09,33.4794616699219,-7.54092025756836,"Male"
"6018403",371836,2025-10-18 15:21:15,33.479434967041,-7.54099750518799,"Male"
"6018403",371836,2025-10-18 15:51:15,33.4794235229492,-7.54125785827637,"Male"
"6018403",371836,2025-10-18 16:21:09,33.4792785644531,-7.54171562194824,"Male"
"6018403",371836,2025-10-18 16:51:35,33.4792709350586,-7.54159116744995,"Male"
"6018403",371836,2025-10-18 17:21:02,33.5134124755859,-7.62220191955566,"Male"
"6018403",371836,2025-10-18 17:31:07,33.5428314208984,-7.63286828994751,"Male"
"6018403",371836,2025-10-18 17:41:09,33.5429725646973,-7.63252353668213,"Male"
"6018403",371836,2025-10-18 17:51:04,33.5446128845215,-7.63401317596435,"Male"
"6018403",371836,2025-10-18 18:01:14,33.5812835693359,-7.63019180297852,"Male"
"6018403",371836,2025-10-18 18:11:35,33.5956878662109,-7.61422538757324,"Male"
"6018403",371836,2025-10-18 18:21:07,33.6010627746582,-7.60726499557495,"Male"
"6018403",371836,2025-10-18 18:31:07,33.6010818481445,-7.60745811462402,"Male"
"6018403",371836,2025-10-18 18:41:12,33.6010131835938,-7.60719013214111,"Male"
"6018403",371836,2025-10-18 18:51:35,33.6009941101074,-7.60719776153565,"Male"
"6018403",371836,2025-10-18 19:01:02,33.6010284423828,-7.60729837417603,"Male"
"6018403",371836,2025-10-18 19:11:03,33.6010818481445,-7.60728454589844,"Male"
"6018403",371836,2025-10-18 19:21:02,33.6013221740723,-7.60719108581543,"Male"
"6018403",371836,2025-10-18 19:31:01,33.6013946533203,-7.60708999633789,"Male"
"6018403",371836,2025-10-18 19:41:05,33.6011238098145,-7.60733366012573,"Male"
"6018403",371836,2025-10-18 19:51:02,33.6014289855957,-7.60700225830078,"Male"
"6018403",371836,2025-10-18 20:01:01,33.6019554138184,-7.60666179656982,"Male"
"6018403",371836,2025-10-18 20:11:01,33.6019325256348,-7.6066575050354,"Male"
"6018403",371836,2025-10-18 20:21:03,33.6019439697266,-7.60662269592285,"Male"
"6018403",371836,2025-10-18 20:31:03,33.6018981933594,-7.60670518875122,"Male"
"6018403",371836,2025-10-18 20:41:03,33.6018867492676,-7.60675621032715,"Male"
"6018403",371836,2025-10-18 20:51:10,33.6020355224609,-7.60649585723877,"Male"
"6018403",371836,2025-10-18 21:01:03,33.602180480957,-7.6059832572937,"Male"
"6018403",371836,2025-10-18 21:11:01,33.6019515991211,-7.60617923736572,"Male"
"6018403",371836,2025-10-18 21:21:04,33.6015663146973,-7.60627126693726,"Male"
"6018403",371836,2025-10-18 21:31:01,33.6022453308105,-7.60623836517334,"Male"
"6018403",371836,2025-10-18 21:41:05,33.6018104553223,-7.60616874694824,"Male"
"6018403",371836,2025-10-18 21:51:35,33.6018562316895,-7.60630512237549,"Male"
"6018403",371836,2025-10-18 22:01:02,33.6021003723145,-7.60650396347046,"Male"
"6018403",371836,2025-10-18 22:11:02,33.6022567749023,-7.6065878868103,"Male"
"6018403",371836,2025-10-18 22:21:02,33.602165222168,-7.60650539398193,"Male"
"6018403",371836,2025-10-18 22:31:02,33.601978302002,-7.60637283325195,"Male"
"6018403",371836,2025-10-18 22:41:04,33.6019439697266,-7.60624980926514,"Male"
"6018403",371836,2025-10-18 22:51:08,33.6019325256348,-7.60622644424438,"Male"
"6018403",371836,2025-10-18 23:01:12,33.6020088195801,-7.60628652572632,"Male"
"6018403",371836,2025-10-18 23:11:13,33.6019058227539,-7.60614013671875,"Male"
"6018403",371836,2025-10-18 23:21:09,33.6020126342773,-7.60619878768921,"Male"
"6018403",371836,2025-10-18 23:31:09,33.6019439697266,-7.60600280761719,"Male"
"6018403",371836,2025-10-18 23:41:09,33.6019058227539,-7.60600423812866,"Male"
"6018403",371836,2025-10-18 23:51:15,33.6020431518555,-7.60586833953857,"Male"
"6018403",371836,2025-10-19 00:02:05,33.6019134521484,-7.60632276535034,"Male"
"6018403",371836,2025-10-19 00:11:02,33.6019859313965,-7.60639572143555,"Male"
"6018403",371836,2025-10-19 00:21:02,33.6019897460938,-7.60637474060059,"Male"
"6018403",371836,2025-10-19 00:31:01,33.6019287109375,-7.60637712478638,"Male"
"6018403",371836,2025-10-19 00:41:02,33.6018829345703,-7.60630750656128,"Male"
"6018403",371836,2025-10-19 00:51:01,33.6020469665527,-7.60650491714478,"Male"
"6018403",371836,2025-10-19 01:01:12,33.6016654968262,-7.6062707901001,"Male"
"6018403",371836,2025-10-19 01:11:04,33.6018676757812,-7.60615062713623,"Male"
"6018403",371836,2025-10-19 01:21:04,33.6019706726074,-7.60631084442139,"Male"
"6018403",371836,2025-10-19 01:31:04,33.6020393371582,-7.60636901855469,"Male"
"6018403",371836,2025-10-19 01:41:14,33.6020889282227,-7.60652446746826,"Male"
"6018403",371836,2025-10-19 01:51:06,33.6020660400391,-7.60633611679077,"Male"
"6018403",371836,2025-10-19 02:01:35,33.601879119873,-7.60634469985962,"Male"
"6018403",371836,2025-10-19 02:11:02,33.6022682189941,-7.60615110397339,"Male"
"6018403",371836,2025-10-19 02:21:01,33.6019020080566,-7.60636234283447,"Male"
"6018403",371836,2025-10-19 02:31:08,33.6018753051758,-7.60626125335693,"Male"
"6018403",371836,2025-10-19 02:41:01,33.6018524169922,-7.60632705688477,"Male"
"6018403",371836,2025-10-19 02:51:02,33.6017990112305,-7.60625267028809,"Male"
"6018403",371836,2025-10-19 03:01:02,33.6019287109375,-7.60629606246948,"Male"
"6018403",371836,2025-10-19 03:11:04,33.6019020080566,-7.60624122619629,"Male"
"6018403",371836,2025-10-19 03:21:09,33.6019592285156,-7.60618877410889,"Male"
"6018403",371836,2025-10-19 03:31:08,33.6019096374512,-7.60629177093506,"Male"
"6018403",371836,2025-10-19 03:41:15,33.601749420166,-7.60660123825073,"Male"
"6018403",371836,2025-10-19 03:51:07,33.6016693115234,-7.60455751419067,"Male"
"6018403",371836,2025-10-19 04:01:01,33.6022720336914,-7.60672664642334,"Male"
"6018403",371836,2025-10-19 04:11:14,33.601921081543,-7.60628318786621,"Male"
"6018403",371836,2025-10-19 04:21:03,33.6018524169922,-7.60612201690674,"Male"
"6018403",371836,2025-10-19 04:31:02,33.6019744873047,-7.60583734512329,"Male"
"6018403",371836,2025-10-19 04:41:06,33.6019477844238,-7.60599088668823,"Male"
"6018403",371836,2025-10-19 04:51:35,33.6020774841309,-7.60620164871216,"Male"
"6018403",371836,2025-10-19 05:01:02,33.6020698547363,-7.60608577728271,"Male"
"6018403",371836,2025-10-19 05:11:06,33.6018028259277,-7.60622549057007,"Male"
"6018403",371836,2025-10-19 05:21:14,33.6018676757812,-7.60624313354492,"Male"
"6018403",371836,2025-10-19 05:31:03,33.6016540527344,-7.60647773742676,"Male"
"6018403",371836,2025-10-19 05:41:08,33.6018676757812,-7.60628509521484,"Male"
"6018403",371836,2025-10-19 05:51:09,33.6017837524414,-7.60644721984863,"Male"
"6018403",371836,2025-10-19 06:01:14,33.6018829345703,-7.60622596740723,"Male"
"6018403",371836,2025-10-19 06:11:14,33.6018714904785,-7.60642528533935,"Male"
"6018403",371836,2025-10-19 06:21:01,33.5952110290527,-7.66217136383057,"Male"
"6018403",371836,2025-10-19 06:31:03,33.5876846313477,-7.7021336555481,"Male"
"6018403",371836,2025-10-19 06:41:02,33.587703704834,-7.66457986831665,"Male"
"6018403",371836,2025-10-19 06:51:18,33.5940933227539,-7.64064311981201,"Male"
"6018403",371836,2025-10-19 07:01:42,33.5941581726074,-7.64069700241089,"Male"
"6018403",371836,2025-10-19 07:11:04,33.5942649841309,-7.640793800354,"Male"
"6018403",371836,2025-10-19 07:21:10,33.594108581543,-7.64065647125244,"Male"
"6018403",371836,2025-10-19 07:31:14,33.5940589904785,-7.64046478271484,"Male"
"6018403",371836,2025-10-19 07:41:10,33.59423828125,-7.64077663421631,"Male"
"6018403",371836,2025-10-19 07:51:26,33.5932273864746,-7.63930320739746,"Male"
"6018403",371836,2025-10-19 08:21:14,33.5938491821289,-7.63812923431396,"Male"
"6018403",371836,2025-10-19 08:51:16,33.5911254882812,-7.63632678985596,"Male"
"6018403",371836,2025-10-19 09:21:34,33.5915603637695,-7.63665246963501,"Male"
"6018403",371836,2025-10-19 09:51:22,33.5583076477051,-7.6049976348877,"Male"
"6018403",371836,2025-10-19 10:21:35,33.5333251953125,-7.57053232192993,"Male"
"6018403",371836,2025-10-19 10:51:11,33.5334320068359,-7.57054710388184,"Male"
"6018403",371836,2025-10-19 11:21:44,33.5335121154785,-7.57051467895508,"Male"
"6018403",371836,2025-10-19 11:51:14,33.533561706543,-7.57039451599121,"Male"
"6018403",371836,2025-10-19 12:21:14,33.5336456298828,-7.57062673568726,"Male"
"6018403",371836,2025-10-19 12:51:35,33.5188865661621,-7.56113338470459,"Male"
"6018403",371836,2025-10-19 13:21:07,33.4793090820312,-7.54022121429443,"Male"
"6018403",371836,2025-10-19 13:51:14,33.4797286987305,-7.53956985473633,"Male"
"6018403",371836,2025-10-19 14:21:09,33.4799423217773,-7.53947925567627,"Male"
"6018403",371836,2025-10-19 14:51:35,33.4797401428223,-7.54051113128662,"Male"
"6018403",371836,2025-10-19 15:21:09,33.4799880981445,-7.54052686691284,"Male"
"6018403",371836,2025-10-19 15:51:06,33.479907989502,-7.54053211212158,"Male"
"6018403",371836,2025-10-19 16:21:06,33.4799613952637,-7.54062557220459,"Male"
"6018403",371836,2025-10-19 16:51:34,33.4802017211914,-7.54065322875977,"Male"
"6018403",371836,2025-10-19 17:21:14,33.4798431396484,-7.54001665115356,"Male"
"6018403",371836,2025-10-19 17:31:09,33.4854583740234,-7.54605484008789,"Male"
"6018403",371836,2025-10-19 17:41:10,33.4917221069336,-7.60698127746582,"Male"
"6018403",371836,2025-10-19 17:51:14,33.5415420532227,-7.62390089035034,"Male"
"6018403",371836,2025-10-19 18:01:14,33.5968360900879,-7.60849714279175,"Male"
"6018403",371836,2025-10-19 18:11:09,33.6001205444336,-7.60644865036011,"Male"
"6018403",371836,2025-10-19 18:21:09,33.6001396179199,-7.6066255569458,"Male"
"6018403",371836,2025-10-19 18:31:12,33.6001396179199,-7.60636043548584,"Male"
"6018403",371836,2025-10-19 18:41:12,33.6001205444336,-7.60634613037109,"Male"
"6018403",371836,2025-10-19 18:51:35,33.600040435791,-7.60643672943115,"Male"
"6018403",371836,2025-10-19 19:01:10,33.6001663208008,-7.6064043045044,"Male"
"6018403",371836,2025-10-19 19:11:07,33.5999183654785,-7.6064772605896,"Male"
"6018403",371836,2025-10-19 19:21:12,33.6002922058105,-7.60640573501587,"Male"
"6018403",371836,2025-10-19 19:31:44,33.6001472473145,-7.60647344589233,"Male"
"6018403",371836,2025-10-19 19:41:02,33.6018905639648,-7.60636568069458,"Male"
"6018403",371836,2025-10-19 19:51:09,33.601879119873,-7.60651779174805,"Male"
"6018403",371836,2025-10-19 20:01:06,33.6018486022949,-7.60643196105957,"Male"
"6018403",371836,2025-10-19 20:11:06,33.6018218994141,-7.60631227493286,"Male"
"6018403",371836,2025-10-19 20:21:12,33.6019401550293,-7.60647678375244,"Male"
"6018403",371836,2025-10-19 20:31:35,33.6018676757812,-7.60640096664429,"Male"
"6018403",371836,2025-10-19 20:41:03,33.6018600463867,-7.60650157928467,"Male"
"6018403",371836,2025-10-19 20:51:02,33.6018447875977,-7.60640811920166,"Male"
"6018403",371836,2025-10-19 21:01:04,33.6016616821289,-7.6064658164978,"Male"
"6018403",371836,2025-10-19 21:11:04,33.601936340332,-7.60637092590332,"Male"
"6018403",371836,2025-10-19 21:21:02,33.6016044616699,-7.60644865036011,"Male"
"6018403",371836,2025-10-19 21:31:03,33.6017608642578,-7.60631275177002,"Male"
"6018403",371836,2025-10-19 21:41:02,33.6019134521484,-7.60652685165405,"Male"
"6018403",371836,2025-10-19 21:51:09,33.6017684936523,-7.60641479492188,"Male"
"6018403",371836,2025-10-19 22:01:14,33.6018257141113,-7.60638952255249,"Male"
"6018403",371836,2025-10-19 22:11:10,33.6018218994141,-7.60643482208252,"Male"
"6018403",371836,2025-10-19 22:21:01,33.6019897460938,-7.60656833648682,"Male"
"6018403",371836,2025-10-19 22:31:13,33.6019325256348,-7.60635089874268,"Male"
"6018403",371836,2025-10-19 22:41:13,33.6019477844238,-7.60643291473389,"Male"
"6018403",371836,2025-10-19 22:51:35,33.6019668579102,-7.6064076423645,"Male"
"6018403",371836,2025-10-19 23:01:01,33.6019515991211,-7.60636281967163,"Male"
"6018403",371836,2025-10-19 23:11:01,33.6019325256348,-7.6063814163208,"Male"
"6018403",371836,2025-10-19 23:21:02,33.601936340332,-7.60618209838867,"Male"
"6018403",371836,2025-10-19 23:31:01,33.6019630432129,-7.6062970161438,"Male"
"6018403",371836,2025-10-19 23:41:03,33.6019477844238,-7.60636615753174,"Male"
"6018403",371836,2025-10-19 23:51:03,33.6018981933594,-7.60641479492188,"Male"
"6018403",371836,2025-10-20 00:01:06,33.601993560791,-7.60626411437988,"Male"
"6018403",371836,2025-10-20 00:11:02,33.601978302002,-7.60645151138306,"Male"
"6018403",371836,2025-10-20 00:21:01,33.6019058227539,-7.60637378692627,"Male"
"6018403",371836,2025-10-20 00:31:02,33.601863861084,-7.6065821647644,"Male"
"6018403",371836,2025-10-20 00:41:07,33.6019744873047,-7.60644292831421,"Male"
"6018403",371836,2025-10-20 00:51:07,33.6019744873047,-7.60623836517334,"Male"
"6018403",371836,2025-10-20 01:01:05,33.6020469665527,-7.60643577575684,"Male"
"6018403",371836,2025-10-20 01:11:35,33.6019058227539,-7.60641384124756,"Male"
"6018403",371836,2025-10-20 01:21:06,33.6018524169922,-7.60634136199951,"Male"
"6018403",371836,2025-10-20 01:31:01,33.6019134521484,-7.60615396499634,"Male"
"6018403",371836,2025-10-20 01:41:05,33.6019592285156,-7.6061635017395,"Male"
"6018403",371836,2025-10-20 01:51:07,33.6019897460938,-7.60588550567627,"Male"
"6018403",371836,2025-10-20 02:01:35,33.6018257141113,-7.60654830932617,"Male"
"6018403",371836,2025-10-20 02:11:06,33.6018562316895,-7.60646915435791,"Male"
"6018403",371836,2025-10-20 02:21:06,33.6016998291016,-7.60687494277954,"Male"
"6018403",371836,2025-10-20 02:31:09,33.6020660400391,-7.60595798492432,"Male"
"6018403",371836,2025-10-20 02:41:08,33.6019592285156,-7.60617637634277,"Male"
"6018403",371836,2025-10-20 02:51:14,33.6018562316895,-7.60664463043213,"Male"
"6018403",371836,2025-10-20 03:01:11,33.6019172668457,-7.60650157928467,"Male"
"6018403",371836,2025-10-20 03:11:07,33.6018028259277,-7.60645866394043,"Male"
"6018403",371836,2025-10-20 03:21:07,33.6018333435059,-7.60611724853516,"Male"
"6018403",371836,2025-10-20 03:31:07,33.6017723083496,-7.60590648651123,"Male"
"6018403",371836,2025-10-20 03:41:04,33.6020889282227,-7.60626125335693,"Male"
"6018403",371836,2025-10-20 03:51:14,33.6018943786621,-7.60623359680176,"Male"
"6018403",371836,2025-10-20 04:01:35,33.601863861084,-7.60618305206299,"Male"
"6018403",371836,2025-10-20 04:11:09,33.6019020080566,-7.60632514953613,"Male"
"6018403",371836,2025-10-20 04:21:11,33.6010894775391,-7.6035737991333,"Male"
"6018403",371836,2025-10-20 04:31:09,33.6023483276367,-7.60759115219116,"Male"
"6018403",371836,2025-10-20 04:41:11,33.6027336120605,-7.60772132873535,"Male"
"6018403",371836,2025-10-20 04:51:35,33.6019058227539,-7.60637378692627,"Male"
"6018403",371836,2025-10-20 05:01:02,33.6018676757812,-7.6063928604126,"Male"
"6018403",371836,2025-10-20 05:11:01,33.6018486022949,-7.6063756942749,"Male"
"6018403",371836,2025-10-20 05:21:07,33.6018753051758,-7.60636758804321,"Male"
"6018403",371836,2025-10-20 05:31:03,33.6018409729004,-7.60642051696777,"Male"
"6018403",371836,2025-10-20 05:41:01,33.6019515991211,-7.60603904724121,"Male"
"6018403",371836,2025-10-20 05:51:01,33.6019172668457,-7.60622692108154,"Male"
"6018403",371836,2025-10-20 06:01:02,33.6018753051758,-7.60606718063354,"Male"
"6018403",371836,2025-10-20 06:11:04,33.6018486022949,-7.60599756240845,"Male"
"6018403",371836,2025-10-20 06:21:05,33.6018142700195,-7.60652923583984,"Male"
"6018403",371836,2025-10-20 06:31:07,33.5972442626953,-7.61266231536865,"Male"
"6018403",371836,2025-10-20 06:41:09,33.5929107666016,-7.63789415359497,"Male"
"6018403",371836,2025-10-20 06:51:02,33.5937194824219,-7.6477746963501,"Male"
"6018403",371836,2025-10-20 07:01:18,33.5951805114746,-7.65223693847656,"Male"
"6018403",371836,2025-10-20 07:11:13,33.6045799255371,-7.66134929656982,"Male"
"6018403",371836,2025-10-20 07:21:08,33.604118347168,-7.66112995147705,"Male"
"6018403",371836,2025-10-20 07:31:09,33.5971794128418,-7.64065170288086,"Male"
"6018403",371836,2025-10-20 07:41:16,33.5971183776855,-7.64048719406128,"Male"
"6018403",371836,2025-10-20 07:51:33,33.5971755981445,-7.64064359664917,"Male"
"6018403",371836,2025-10-20 08:21:14,33.5971336364746,-7.64053535461426,"Male"
"6018403",371836,2025-10-20 08:51:35,33.5971794128418,-7.64060688018799,"Male"
"6018403",371836,2025-10-20 09:21:09,33.5970764160156,-7.64074754714966,"Male"
"6018403",371836,2025-10-20 09:51:03,33.5971450805664,-7.64065980911255,"Male"
"6018403",371836,2025-10-20 10:21:08,33.5968742370605,-7.6408748626709,"Male"
"6018403",371836,2025-10-20 10:51:09,33.5971183776855,-7.64068651199341,"Male"
"6018403",371836,2025-10-20 11:21:07,33.5991134643555,-7.62604331970215,"Male"
"6018403",371836,2025-10-20 11:51:14,33.6189002990723,-7.62540340423584,"Male"
"6018403",371836,2025-10-20 12:21:11,33.6065902709961,-7.62782907485962,"Male"
"6018403",371836,2025-10-20 12:51:44,33.606517791748,-7.62745523452759,"Male"
"6018403",371836,2025-10-20 13:21:02,33.5936164855957,-7.62243843078613,"Male"
"6018403",371836,2025-10-20 13:51:35,33.480037689209,-7.54025602340698,"Male"
"6018403",371836,2025-10-20 14:21:35,33.4793090820312,-7.53994846343994,"Male"
"6018403",371836,2025-10-20 14:51:03,33.4798774719238,-7.53996801376343,"Male"
"6018403",371836,2025-10-20 15:21:02,33.4799308776855,-7.53992557525635,"Male"
"6018403",371836,2025-10-20 15:51:06,33.4798049926758,-7.53989028930664,"Male"
"6018403",371836,2025-10-20 16:22:12,33.4799690246582,-7.53982162475586,"Male"
"6018403",371836,2025-10-20 16:51:15,33.4803199768066,-7.54105854034424,"Male"
"6018403",371836,2025-10-20 17:21:06,33.4825477600098,-7.53784942626953,"Male"
"6018403",371836,2025-10-20 17:51:35,33.4995346069336,-7.55128765106201,"Male"
"6018403",371836,2025-10-20 18:21:35,33.6018218994141,-7.6062273979187,"Male"
"6018403",371836,2025-10-20 18:51:03,33.6019096374512,-7.60629558563232,"Male"
"6018403",371836,2025-10-20 19:21:02,33.6020126342773,-7.60622215270996,"Male"
"6018403",371836,2025-10-20 19:51:03,33.6020355224609,-7.60612726211548,"Male"
"6018403",371836,2025-10-20 20:21:06,33.6018486022949,-7.60605812072754,"Male"
"6018403",371836,2025-10-20 20:51:36,33.6018562316895,-7.60631656646729,"Male"
"6018403",371836,2025-10-20 21:21:01,33.6018753051758,-7.60631656646729,"Male"
"6018403",371836,2025-10-20 21:51:02,33.602783203125,-7.60717344284058,"Male"
"6018403",371836,2025-10-20 22:21:03,33.602180480957,-7.6065616607666,"Male"
"6018403",371836,2025-10-20 22:51:35,33.6018943786621,-7.60628604888916,"Male"
"6018403",371836,2025-10-20 23:21:14,33.6018447875977,-7.60618782043457,"Male"
"6018403",371836,2025-10-20 23:51:14,33.6022567749023,-7.60628700256348,"Male"
"6018403",371836,2025-10-21 00:21:14,33.6003303527832,-7.60652160644531,"Male"
"6018403",371836,2025-10-21 00:51:40,33.6003837585449,-7.60668659210205,"Male"
"6018403",371836,2025-10-21 01:21:01,33.6003723144531,-7.60674715042114,"Male"
"6018403",371836,2025-10-21 01:51:14,33.6014213562012,-7.60578632354736,"Male"
"6018403",371836,2025-10-21 02:21:08,33.6011047363281,-7.60718631744385,"Male"
"6018403",371836,2025-10-21 02:51:35,33.6012268066406,-7.60679388046265,"Male"
"6018403",371836,2025-10-21 03:21:10,33.6010665893555,-7.60710096359253,"Male"
"6018403",371836,2025-10-21 03:51:14,33.6010284423828,-7.60713624954224,"Male"
"6018403",371836,2025-10-21 04:21:09,33.6010246276855,-7.60696506500244,"Male"
"6018403",371836,2025-10-21 04:51:15,33.6011734008789,-7.60710430145264,"Male"
"6018403",371836,2025-10-21 05:21:35,33.6009635925293,-7.60719299316406,"Male"
"6018403",371836,2025-10-21 05:51:03,33.6006317138672,-7.60747957229614,"Male"
"6018403",371836,2025-10-21 06:21:14,33.6010322570801,-7.60710620880127,"Male"
"6018403",371836,2025-10-21 06:52:26,33.597412109375,-7.63985300064087,"Male"
"6018403",371836,2025-10-21 07:21:35,33.5974884033203,-7.63990545272827,"Male"
"6018403",371836,2025-10-21 07:51:01,33.5877227783203,-7.6143856048584,"Male"
"6018403",371836,2025-10-21 08:21:03,33.5876693725586,-7.61417198181152,"Male"
"6018403",371836,2025-10-21 08:51:35,33.5878486633301,-7.61439943313599,"Male"
"6018403",371836,2025-10-21 09:21:02,33.5878143310547,-7.61448240280151,"Male"
"6018403",371836,2025-10-21 09:51:02,33.5879936218262,-7.61441707611084,"Male"
"6018403",371836,2025-10-21 10:21:08,33.587776184082,-7.61440849304199,"Male"
"6018403",371836,2025-10-21 10:51:04,33.5797500610352,-7.58481216430664,"Male"
"6018403",371836,2025-10-21 11:21:06,33.5796928405762,-7.58486652374268,"Male"
"6018403",371836,2025-10-21 11:51:06,33.5796928405762,-7.5847110748291,"Male"
"6018403",371836,2025-10-21 12:22:05,33.5798263549805,-7.58472633361816,"Male"
"6018403",371836,2025-10-21 12:51:03,33.5799293518066,-7.58445739746094,"Male"
"6018403",371836,2025-10-21 13:21:13,33.5799217224121,-7.58453559875488,"Male"
"6018403",371836,2025-10-21 13:51:24,33.5798759460449,-7.58455610275269,"Male"
"6018403",371836,2025-10-21 14:21:35,33.579891204834,-7.58458709716797,"Male"
"6018403",371836,2025-10-21 14:51:03,33.5798721313477,-7.584557056427,"Male"
"6018403",371836,2025-10-21 15:21:04,33.5799331665039,-7.58456802368164,"Male"
"6018403",371836,2025-10-21 15:51:19,33.5800018310547,-7.58455562591553,"Male"
"6018403",371836,2025-10-21 16:21:14,33.5438461303711,-7.55923414230347,"Male"
"6018403",371836,2025-10-21 16:51:35,33.5473442077637,-7.55404758453369,"Male"
"6018403",371836,2025-10-21 17:21:02,33.4783821105957,-7.54007387161255,"Male"
"6018403",371836,2025-10-21 17:51:02,33.5048522949219,-7.61721992492676,"Male"
"6018403",371836,2025-10-21 18:21:13,33.601993560791,-7.60683917999268,"Male"
"6018403",371836,2025-10-21 18:51:35,33.6019592285156,-7.60652256011963,"Male"
"6018403",371836,2025-10-21 19:21:02,33.6020164489746,-7.60640573501587,"Male"
"6018403",371836,2025-10-21 19:51:04,33.6020431518555,-7.60632181167603,"Male"
"6018403",371836,2025-10-21 20:21:06,33.6018104553223,-7.60632085800171,"Male"
"6018403",371836,2025-10-21 20:51:02,33.6019439697266,-7.60625123977661,"Male"
"6018403",371836,2025-10-21 21:21:05,33.601993560791,-7.60638666152954,"Male"
"6018403",371836,2025-10-21 21:51:10,33.6018524169922,-7.60628843307495,"Male"
"6018403",371836,2025-10-21 22:21:35,33.6019477844238,-7.60636043548584,"Male"
"6018403",371836,2025-10-21 22:51:02,33.6019287109375,-7.60633611679077,"Male"
"6018403",371836,2025-10-21 23:21:04,33.6019287109375,-7.6063871383667,"Male"
"6018403",371836,2025-10-21 23:51:06,33.6018943786621,-7.60637521743774,"Male"
"6018403",371836,2025-10-22 00:21:11,33.6017799377441,-7.606369972229,"Male"
"6018403",371836,2025-10-22 00:51:14,33.6019630432129,-7.60637855529785,"Male"
"6018403",371836,2025-10-22 01:21:09,33.6019134521484,-7.60638999938965,"Male"
"6018403",371836,2025-10-22 01:51:35,33.6018829345703,-7.60627746582031,"Male"
"6018403",371836,2025-10-22 02:21:15,33.6037139892578,-7.60188579559326,"Male"
"6018403",371836,2025-10-22 02:51:35,33.6019973754883,-7.60640001296997,"Male"
"6018403",371836,2025-10-22 03:21:02,33.6018753051758,-7.60662317276001,"Male"
"6018403",371836,2025-10-22 03:51:03,33.6017646789551,-7.60610580444336,"Male"
"6018403",371836,2025-10-22 04:21:35,33.6018829345703,-7.60625553131104,"Male"
"6018403",371836,2025-10-22 04:51:05,33.6018447875977,-7.60635614395142,"Male"
"6018403",371836,2025-10-22 05:21:05,33.6019248962402,-7.60625171661377,"Male"
"6018403",371836,2025-10-22 05:51:08,33.6019744873047,-7.6063289642334,"Male"
"6018403",371836,2025-10-22 06:21:02,33.6017532348633,-7.6063175201416,"Male"
"6018403",371836,2025-10-22 06:51:07,33.5998191833496,-7.60633945465088,"Male"
"6018403",371836,2025-10-22 07:21:03,33.5922088623047,-7.63643455505371,"Male"
"6018403",371836,2025-10-22 07:51:14,33.5941467285156,-7.63751602172852,"Male"
"6018403",371836,2025-10-22 08:23:23,33.5943183898926,-7.63746738433838,"Male"
"6018403",371836,2025-10-22 08:51:02,33.5943489074707,-7.63739728927612,"Male"
"6018403",371836,2025-10-22 09:21:06,33.5827598571777,-7.61585283279419,"Male"
"6018403",371836,2025-10-22 09:51:03,33.5826034545898,-7.61586380004883,"Male"
"6018403",371836,2025-10-22 10:21:14,33.5827980041504,-7.61589050292969,"Male"
"6018403",371836,2025-10-22 10:51:14,33.5586891174316,-7.57525300979614,"Male"
"6018403",371836,2025-10-22 11:21:07,33.5585250854492,-7.57514667510986,"Male"
"6018403",371836,2025-10-22 11:51:35,33.5537757873535,-7.55943250656128,"Male"
"6018403",371836,2025-10-22 12:21:35,33.4830169677734,-7.5361852645874,"Male"
"6018403",371836,2025-10-22 12:51:02,33.4824256896973,-7.53643798828125,"Male"
"6018403",371836,2025-10-22 13:21:06,33.4794311523438,-7.53920745849609,"Male"
"6018403",371836,2025-10-22 13:51:07,33.4792060852051,-7.53906059265137,"Male"
"6018403",371836,2025-10-22 14:21:18,33.4801330566406,-7.53862333297729,"Male"
"6018403",371836,2025-10-22 14:51:09,33.4807434082031,-7.53617906570435,"Male"
"6018403",371836,2025-10-22 15:21:35,33.4810752868652,-7.53638076782227,"Male"
"6018403",371836,2025-10-22 15:51:02,33.4810676574707,-7.53636455535889,"Male"
"6018403",371836,2025-10-22 16:21:03,33.472053527832,-7.46659517288208,"Male"
"6018403",371836,2025-10-22 16:31:02,33.468879699707,-7.41183042526245,"Male"
"6018403",371836,2025-10-22 16:41:04,33.4779624938965,-7.36906337738037,"Male"
"6018403",371836,2025-10-22 16:51:02,33.4947967529297,-7.33075141906738,"Male"
"6018403",371836,2025-10-22 17:01:04,33.4955825805664,-7.33127117156982,"Male"
"6018403",371836,2025-10-22 17:11:03,33.4917602539062,-7.37952041625977,"Male"
"6018403",371836,2025-10-22 17:21:04,33.4721717834473,-7.4394941329956,"Male"
"6018403",371836,2025-10-22 17:31:04,33.4707450866699,-7.50207853317261,"Male"
"6018403",371836,2025-10-22 17:41:06,33.4809226989746,-7.53726768493652,"Male"
"6018403",371836,2025-10-22 17:51:07,33.4818572998047,-7.5377721786499,"Male"
"6018403",371836,2025-10-22 18:01:04,33.4867553710938,-7.54764890670776,"Male"
"6018403",371836,2025-10-22 18:11:04,33.5146636962891,-7.5936336517334,"Male"
"6018403",371836,2025-10-22 18:21:04,33.5532531738281,-7.60782766342163,"Male"
"6018403",371836,2025-10-22 18:31:04,33.5958251953125,-7.60945749282837,"Male"
"6018403",371836,2025-10-22 18:41:08,33.6023139953613,-7.6066689491272,"Male"
"6018403",371836,2025-10-22 18:51:09,33.6026077270508,-7.60683965682983,"Male"
"6018403",371836,2025-10-22 19:01:09,33.6024932861328,-7.60639572143555,"Male"
"6018403",371836,2025-10-22 19:11:11,33.6023597717285,-7.60672092437744,"Male"
"6018403",371836,2025-10-22 19:21:08,33.6024208068848,-7.60664892196655,"Male"
"6018403",371836,2025-10-22 19:31:09,33.6024398803711,-7.60664129257202,"Male"
"6018403",371836,2025-10-22 19:41:09,33.6023750305176,-7.60654020309448,"Male"
"6018403",371836,2025-10-22 19:51:17,33.6022033691406,-7.60609865188599,"Male"
"6018403",371836,2025-10-22 20:01:13,33.6020545959473,-7.60632991790771,"Male"
"6018403",371836,2025-10-22 20:11:22,33.6021842956543,-7.60655784606934,"Male"
"6018403",371836,2025-10-22 20:21:32,33.6019096374512,-7.60629987716675,"Male"
"6018403",371836,2025-10-22 20:31:03,33.6022109985352,-7.60615921020508,"Male"
"6018403",371836,2025-10-22 20:41:07,33.6018562316895,-7.60627603530884,"Male"
"6018403",371836,2025-10-22 20:51:07,33.6020774841309,-7.60611581802368,"Male"
"6018403",371836,2025-10-22 21:01:04,33.601978302002,-7.6063346862793,"Male"
"6018403",371836,2025-10-22 21:11:06,33.6018486022949,-7.60644340515137,"Male"
"6018403",371836,2025-10-22 21:21:09,33.6020240783691,-7.60673427581787,"Male"
"6018403",371836,2025-10-22 21:31:06,33.6020126342773,-7.60660743713379,"Male"
"6018403",371836,2025-10-22 21:41:06,33.6020088195801,-7.60647249221802,"Male"
"6018403",371836,2025-10-22 21:51:09,33.6022186279297,-7.60649108886719,"Male"
"6018403",371836,2025-10-22 22:01:06,33.6019897460938,-7.60650968551636,"Male"
"6018403",371836,2025-10-22 22:11:09,33.6020927429199,-7.60626077651978,"Male"
"6018403",371836,2025-10-22 22:21:11,33.6019287109375,-7.60672473907471,"Male"
"6018403",371836,2025-10-22 22:31:08,33.6021118164062,-7.60676050186157,"Male"
"6018403",371836,2025-10-22 22:41:11,33.6021156311035,-7.60681533813477,"Male"
"6018403",371836,2025-10-22 22:51:06,33.6020584106445,-7.60669898986816,"Male"
"6018403",371836,2025-10-22 23:01:08,33.6021118164062,-7.60667943954468,"Male"
"6018403",371836,2025-10-22 23:11:07,33.6019744873047,-7.60644054412842,"Male"
"6018403",371836,2025-10-22 23:21:06,33.6016578674316,-7.60534763336182,"Male"
"6018403",371836,2025-10-22 23:31:14,33.6022033691406,-7.60675621032715,"Male"
"6018403",371836,2025-10-22 23:41:03,33.6022872924805,-7.60622119903565,"Male"
"6018403",371836,2025-10-22 23:51:04,33.6019897460938,-7.60593414306641,"Male"
"6018403",371836,2025-10-23 00:01:04,33.6018524169922,-7.60555982589722,"Male"
"6018403",371836,2025-10-23 00:11:04,33.6020393371582,-7.60579490661621,"Male"
"6018403",371836,2025-10-23 00:21:09,33.6020545959473,-7.60621976852417,"Male"
"6018403",371836,2025-10-23 00:31:08,33.6052093505859,-7.60667562484741,"Male"
"6018403",371836,2025-10-23 00:41:09,33.602352142334,-7.6062536239624,"Male"
"6018403",371836,2025-10-23 00:51:09,33.6021614074707,-7.60625410079956,"Male"
"6018403",371836,2025-10-23 01:01:15,33.6013336181641,-7.60655403137207,"Male"
"6018403",371836,2025-10-23 01:11:13,33.6012878417969,-7.60635185241699,"Male"
"6018403",371836,2025-10-23 01:21:10,33.6013374328613,-7.60646533966065,"Male"
"6018403",371836,2025-10-23 01:31:06,33.6011810302734,-7.60632371902466,"Male"
"6018403",371836,2025-10-23 01:41:08,33.6011352539062,-7.60650825500488,"Male"
"6018403",371836,2025-10-23 01:51:14,33.601619720459,-7.60697746276855,"Male"
"6018403",371836,2025-10-23 02:01:08,33.6016845703125,-7.60716342926025,"Male"
"6018403",371836,2025-10-23 02:11:35,33.6015357971191,-7.60631704330444,"Male"
"6018403",371836,2025-10-23 02:21:03,33.6017265319824,-7.60622406005859,"Male"
"6018403",371836,2025-10-23 02:31:03,33.6016807556152,-7.60590076446533,"Male"
"6018403",371836,2025-10-23 02:41:06,33.6016998291016,-7.60612726211548,"Male"
"6018403",371836,2025-10-23 02:51:35,33.6019096374512,-7.60604095458984,"Male"
"6018403",371836,2025-10-23 03:01:02,33.6019515991211,-7.60615730285645,"Male"
"6018403",371836,2025-10-23 03:11:02,33.601879119873,-7.60610818862915,"Male"
"6018403",371836,2025-10-23 03:21:03,33.6019287109375,-7.60609149932861,"Male"
"6018403",371836,2025-10-23 03:31:03,33.6019325256348,-7.6061372756958,"Male"
"6018403",371836,2025-10-23 03:41:14,33.6021537780762,-7.60604381561279,"Male"
"6018403",371836,2025-10-23 03:51:04,33.6017189025879,-7.6060962677002,"Male"
"6018403",371836,2025-10-23 04:01:03,33.6020317077637,-7.6060905456543,"Male"
"6018403",371836,2025-10-23 04:11:07,33.6017074584961,-7.60608863830566,"Male"
"6018403",371836,2025-10-23 04:21:03,33.6021499633789,-7.60593605041504,"Male"
"6018403",371836,2025-10-23 04:31:03,33.6021270751953,-7.60594034194946,"Male"
"6018403",371836,2025-10-23 04:41:04,33.6016693115234,-7.60601425170898,"Male"
"6018403",371836,2025-10-23 04:51:06,33.6015548706055,-7.60603094100952,"Male"
"6018403",371836,2025-10-23 05:01:07,33.6016159057617,-7.60586643218994,"Male"
"6018403",371836,2025-10-23 05:11:03,33.6017074584961,-7.60593271255493,"Male"
"6018403",371836,2025-10-23 05:21:03,33.6019172668457,-7.60669040679932,"Male"
"6018403",371836,2025-10-23 05:31:03,33.6016998291016,-7.60615682601929,"Male"
"6018403",371836,2025-10-23 05:41:04,33.6016845703125,-7.60574960708618,"Male"
"6018403",371836,2025-10-23 05:51:07,33.6017799377441,-7.60595273971558,"Male"
"6018403",371836,2025-10-23 06:01:09,33.6016006469727,-7.60587358474731,"Male"
"6018403",371836,2025-10-23 06:11:04,33.6017990112305,-7.60575675964355,"Male"
"6018403",371836,2025-10-23 06:21:06,33.6015853881836,-7.60583925247192,"Male"
"6018403",371836,2025-10-23 06:31:08,33.6015663146973,-7.60602617263794,"Male"
"6018403",371836,2025-10-23 06:41:03,33.6017074584961,-7.60598754882812,"Male"
"6018403",371836,2025-10-23 06:51:06,33.6017074584961,-7.60604047775269,"Male"
"6018403",371836,2025-10-23 07:01:03,33.5973052978516,-7.60966682434082,"Male"
"6018403",371836,2025-10-23 07:11:04,33.5932502746582,-7.61565494537354,"Male"
"6018403",371836,2025-10-23 07:21:06,33.5932998657227,-7.61557149887085,"Male"
"6018403",371836,2025-10-23 07:31:03,33.5936050415039,-7.61532306671143,"Male"
"6018403",371836,2025-10-23 07:41:04,33.5933570861816,-7.61580657958984,"Male"
"6018403",371836,2025-10-23 07:51:08,33.59375,-7.61513233184815,"Male"
"6018403",371836,2025-10-23 08:01:06,33.5935707092285,-7.61553621292114,"Male"
"6018403",371836,2025-10-23 08:11:05,33.59375,-7.61502504348755,"Male"
"6018403",371836,2025-10-23 08:21:04,33.5937347412109,-7.61520719528198,"Male"
"6018403",371836,2025-10-23 08:31:04,33.5934638977051,-7.61549758911133,"Male"
"6018403",371836,2025-10-23 08:41:03,33.5934982299805,-7.61554527282715,"Male"
"6018403",371836,2025-10-23 08:51:04,33.5934257507324,-7.6156063079834,"Male"
"6018403",371836,2025-10-23 09:01:04,33.5934181213379,-7.61564254760742,"Male"
"6018403",371836,2025-10-23 09:11:03,33.5934448242188,-7.61564922332764,"Male"
"6018403",371836,2025-10-23 09:21:04,33.5934448242188,-7.61554908752441,"Male"
"6018403",371836,2025-10-23 09:31:04,33.5933532714844,-7.61546802520752,"Male"
"6018403",371836,2025-10-23 09:41:04,33.5933303833008,-7.61554908752441,"Male"
"6018403",371836,2025-10-23 09:51:04,33.5932884216309,-7.6155743598938,"Male"
"6018403",371836,2025-10-23 10:01:04,33.5933380126953,-7.61553287506104,"Male"
"6018403",371836,2025-10-23 10:11:04,33.593318939209,-7.6155595779419,"Male"
"6018403",371836,2025-10-23 10:21:03,33.5935211181641,-7.61553573608398,"Male"
"6018403",371836,2025-10-23 10:31:03,33.5934906005859,-7.61551475524902,"Male"
"6018403",371836,2025-10-23 10:41:03,33.5934982299805,-7.61560010910034,"Male"
"6018403",371836,2025-10-23 10:51:03,33.5935440063477,-7.61553859710693,"Male"
"6018403",371836,2025-10-23 11:01:03,33.5934410095215,-7.61538982391357,"Male"
"6018403",371836,2025-10-23 11:11:04,33.5935516357422,-7.61553192138672,"Male"
"6018403",371836,2025-10-23 11:21:04,33.5934944152832,-7.61536026000977,"Male"
"6018403",371836,2025-10-23 11:31:03,33.5934677124023,-7.61542320251465,"Male"
"6018403",371836,2025-10-23 11:41:03,33.5934448242188,-7.61538553237915,"Male"
"6018403",371836,2025-10-23 11:51:04,33.5934982299805,-7.61541986465454,"Male"
"6018403",371836,2025-10-23 12:01:04,33.5936393737793,-7.61543893814087,"Male"
"6018403",371836,2025-10-23 12:11:04,33.5934715270996,-7.61548042297363,"Male"
"6018403",371836,2025-10-23 12:21:04,33.5933609008789,-7.61547470092773,"Male"
"6018403",371836,2025-10-23 12:31:04,33.5933380126953,-7.61540460586548,"Male"
"6018403",371836,2025-10-23 12:41:04,33.5933609008789,-7.61538791656494,"Male"
"6018403",371836,2025-10-23 12:51:04,33.5934028625488,-7.61511373519897,"Male"
"6018403",371836,2025-10-23 13:01:04,33.593334197998,-7.61543416976929,"Male"
"6018403",371836,2025-10-23 13:11:06,33.5933227539062,-7.61535739898682,"Male"
"6018403",371836,2025-10-23 13:21:03,33.5932922363281,-7.61539173126221,"Male"
"6018403",371836,2025-10-23 13:31:03,33.5933685302734,-7.61540651321411,"Male"
"6018403",371836,2025-10-23 13:41:07,33.5933990478516,-7.61530065536499,"Male"
"6018403",371836,2025-10-23 13:51:04,33.5933074951172,-7.61536550521851,"Male"
"6018403",371836,2025-10-23 14:01:03,33.5934104919434,-7.6152172088623,"Male"
"6018403",371836,2025-10-23 14:11:04,33.5933227539062,-7.61530113220215,"Male"
"6018403",371836,2025-10-23 14:21:06,33.593318939209,-7.61524152755737,"Male"
"6018403",371836,2025-10-23 14:31:06,33.5932502746582,-7.61524105072021,"Male"
"6018403",371836,2025-10-23 14:41:06,33.5601921081543,-7.59125328063965,"Male"
"6018403",371836,2025-10-23 14:51:06,33.5183868408203,-7.5564079284668,"Male"
"6018403",371836,2025-10-23 15:01:03,33.4811897277832,-7.53736591339111,"Male"
"6018403",371836,2025-10-23 15:11:04,33.4812278747559,-7.53740167617798,"Male"
"6018403",371836,2025-10-23 15:21:04,33.4811553955078,-7.53735780715942,"Male"
"6018403",371836,2025-10-23 15:31:04,33.4809494018555,-7.5379114151001,"Male"
"6018403",371836,2025-10-23 15:41:04,33.481029510498,-7.53794765472412,"Male"
"6018403",371836,2025-10-23 15:51:07,33.4809837341309,-7.53798818588257,"Male"
"6018403",371836,2025-10-23 16:01:04,33.4810600280762,-7.5378885269165,"Male"
"6018403",371836,2025-10-23 16:11:06,33.4811515808105,-7.53805065155029,"Male"
"6018403",371836,2025-10-23 16:21:08,33.4811820983887,-7.53798913955688,"Male"
"6018403",371836,2025-10-23 16:31:07,33.4810409545898,-7.53822469711304,"Male"
"6018403",371836,2025-10-23 16:41:07,33.4809837341309,-7.53824043273926,"Male"
"6018403",371836,2025-10-23 16:51:07,33.4810562133789,-7.53796195983887,"Male"
"6018403",371836,2025-10-23 17:01:11,33.4812927246094,-7.53754043579102,"Male"
"6018403",371836,2025-10-23 17:11:04,33.4812698364258,-7.53754234313965,"Male"
"6018403",371836,2025-10-23 17:21:03,33.4813919067383,-7.53715991973877,"Male"
"6018403",371836,2025-10-23 17:31:04,33.4814987182617,-7.53708744049072,"Male"
"6018403",371836,2025-10-23 17:41:07,33.4815673828125,-7.53701829910278,"Male"
"6018403",371836,2025-10-23 17:51:06,33.4808959960938,-7.53708791732788,"Male"
"6018403",371836,2025-10-23 18:01:04,33.4824676513672,-7.53722381591797,"Male"
"6018403",371836,2025-10-23 18:11:07,33.4984283447266,-7.55172681808472,"Male"
"6018403",371836,2025-10-23 18:21:06,33.5278739929199,-7.59832239151001,"Male"
"6018403",371836,2025-10-23 18:31:04,33.5678062438965,-7.61904430389404,"Male"
"6018403",371836,2025-10-23 18:41:03,33.6021270751953,-7.60655498504639,"Male"
"6018403",371836,2025-10-23 18:51:04,33.6020851135254,-7.606689453125,"Male"
"6018403",371836,2025-10-23 19:01:04,33.6022148132324,-7.60654497146606,"Male"
"6018403",371836,2025-10-23 19:11:04,33.6022262573242,-7.6064920425415,"Male"
"6018403",371836,2025-10-23 19:21:03,33.602294921875,-7.60645580291748,"Male"
"6018403",371836,2025-10-23 19:31:09,33.6022071838379,-7.6067099571228,"Male"
"6018403",371836,2025-10-23 19:41:04,33.6023445129395,-7.60655689239502,"Male"
"6018403",371836,2025-10-23 19:51:04,33.6022987365723,-7.60644817352295,"Male"
"6018403",371836,2025-10-23 20:01:04,33.6022415161133,-7.60647296905518,"Male"
"6018403",371836,2025-10-23 20:11:04,33.6017265319824,-7.6070146560669,"Male"
"6018403",371836,2025-10-23 20:21:03,33.6018447875977,-7.6072416305542,"Male"
"6018403",371836,2025-10-23 20:31:13,33.6019172668457,-7.60696458816528,"Male"
"6018403",371836,2025-10-23 20:41:05,33.6019668579102,-7.60649871826172,"Male"
"6018403",371836,2025-10-23 20:51:06,33.6021118164062,-7.60654449462891,"Male"
"6018403",371836,2025-10-23 21:01:09,33.6019630432129,-7.60638570785522,"Male"
"6018403",371836,2025-10-23 21:11:06,33.6019058227539,-7.60648155212402,"Male"
"6018403",371836,2025-10-23 21:21:34,33.6017532348633,-7.60614824295044,"Male"
"6018403",371836,2025-10-23 21:31:03,33.602352142334,-7.60628271102905,"Male"
"6018403",371836,2025-10-23 21:41:04,33.6019325256348,-7.60631036758423,"Male"
"6018403",371836,2025-10-23 21:51:03,33.6022872924805,-7.60625743865967,"Male"
"6018403",371836,2025-10-23 22:01:04,33.601921081543,-7.60617160797119,"Male"
"6018403",371836,2025-10-23 22:11:04,33.6022834777832,-7.60602235794067,"Male"
"6018403",371836,2025-10-23 22:21:04,33.6024208068848,-7.60595464706421,"Male"
"6018403",371836,2025-10-23 22:31:03,33.6023178100586,-7.60613870620728,"Male"
"6018403",371836,2025-10-23 22:41:03,33.6006507873535,-7.60646915435791,"Male"
"6018403",371836,2025-10-23 22:51:03,33.6003494262695,-7.60647201538086,"Male"
"6018403",371836,2025-10-23 23:01:03,33.6005363464355,-7.60653877258301,"Male"
"6018403",371836,2025-10-23 23:11:09,33.600528717041,-7.60638761520386,"Male"
"6018403",371836,2025-10-23 23:21:04,33.6020889282227,-7.60604858398438,"Male"
"6018403",371836,2025-10-23 23:31:04,33.6021575927734,-7.60604763031006,"Male"
"6018403",371836,2025-10-23 23:41:04,33.6021041870117,-7.60609817504883,"Male"
"6018403",371836,2025-10-23 23:51:04,33.6017913818359,-7.60621118545532,"Male"
"6018403",371836,2025-10-24 00:01:03,33.6023216247559,-7.60640287399292,"Male"
"6018403",371836,2025-10-24 00:11:06,33.6020393371582,-7.60599327087402,"Male"
"6018403",371836,2025-10-24 00:21:04,33.6022529602051,-7.60630226135254,"Male"
"6018403",371836,2025-10-24 00:31:05,33.6023101806641,-7.60596370697021,"Male"
"6018403",371836,2025-10-24 00:41:04,33.6017951965332,-7.60593032836914,"Male"
"6018403",371836,2025-10-24 00:51:04,33.6019439697266,-7.60605621337891,"Male"
"6018403",371836,2025-10-24 01:01:06,33.6021881103516,-7.60626363754272,"Male"
"6018403",371836,2025-10-24 01:11:08,33.6020164489746,-7.60588979721069,"Male"
"6018403",371836,2025-10-24 01:21:04,33.6019439697266,-7.60583209991455,"Male"
"6018403",371836,2025-10-24 01:31:04,33.6020355224609,-7.60586261749268,"Male"
"6018403",371836,2025-10-24 01:41:04,33.6018180847168,-7.60592365264893,"Male"
"6018403",371836,2025-10-24 01:51:04,33.6018409729004,-7.60594940185547,"Male"
"6018403",371836,2025-10-24 02:01:04,33.6018180847168,-7.60586309432983,"Male"
"6018403",371836,2025-10-24 02:11:04,33.6017875671387,-7.60612487792969,"Male"
"6018403",371836,2025-10-24 02:21:08,33.601936340332,-7.60582256317139,"Male"
"6018403",371836,2025-10-24 02:31:10,33.6020050048828,-7.60584115982056,"Male"
"6018403",371836,2025-10-24 02:41:03,33.6018524169922,-7.60639333724976,"Male"
"6018403",371836,2025-10-24 02:51:03,33.6018829345703,-7.60591316223145,"Male"
"6018403",371836,2025-10-24 03:01:06,33.6018409729004,-7.60582447052002,"Male"
"6018403",371836,2025-10-24 03:11:04,33.6018180847168,-7.60576581954956,"Male"
"6018403",371836,2025-10-24 03:21:06,33.6021156311035,-7.60578775405884,"Male"
"6018403",371836,2025-10-24 03:31:07,33.6021690368652,-7.60566282272339,"Male"
"6018403",371836,2025-10-24 03:41:06,33.601921081543,-7.60594177246094,"Male"
"6018403",371836,2025-10-24 03:51:06,33.6020851135254,-7.60590553283691,"Male"
"6018403",371836,2025-10-24 04:01:08,33.6020202636719,-7.60590744018555,"Male"
"6018403",371836,2025-10-24 04:11:10,33.6019325256348,-7.60594892501831,"Male"
"6018403",371836,2025-10-24 04:21:03,33.6018486022949,-7.60574007034302,"Male"
"6018403",371836,2025-10-24 04:31:09,33.601921081543,-7.60596990585327,"Male"
"6018403",371836,2025-10-24 04:41:04,33.601993560791,-7.60618305206299,"Male"
"6018403",371836,2025-10-24 04:51:08,33.601261138916,-7.60583639144897,"Male"
"6018403",371836,2025-10-24 05:01:10,33.6014060974121,-7.60610771179199,"Male"
"6018403",371836,2025-10-24 05:11:05,33.6009864807129,-7.60626697540283,"Male"
"6018403",371836,2025-10-24 05:21:08,33.6010856628418,-7.60633182525635,"Male"
"6018403",371836,2025-10-24 05:31:08,33.601146697998,-7.60617828369141,"Male"
"6018403",371836,2025-10-24 05:41:14,33.6016883850098,-7.60597133636475,"Male"
"6018403",371836,2025-10-24 05:51:09,33.6017303466797,-7.60586452484131,"Male"
"6018403",371836,2025-10-24 06:01:07,33.6014709472656,-7.605881690979,"Male"
"6018403",371836,2025-10-24 06:11:09,33.601146697998,-7.60575771331787,"Male"
"6018403",371836,2025-10-24 06:21:09,33.6016731262207,-7.60570573806763,"Male"
"6018403",371836,2025-10-24 06:31:12,33.601432800293,-7.61201286315918,"Male"
"6018403",371836,2025-10-24 06:41:12,33.6029014587402,-7.67230558395386,"Male"
"6018403",371836,2025-10-24 06:51:09,33.5993385314941,-7.65592908859253,"Male"
"6018403",371836,2025-10-24 07:01:10,33.5993919372559,-7.65584373474121,"Male"
"6018403",371836,2025-10-24 07:11:10,33.5955848693848,-7.64082431793213,"Male"
"6018403",371836,2025-10-24 07:21:11,33.5956611633301,-7.64061737060547,"Male"
"6018403",371836,2025-10-24 07:31:14,33.5956764221191,-7.64078426361084,"Male"
"6018403",371836,2025-10-24 07:41:08,33.5955619812012,-7.64067602157593,"Male"
"6018403",371836,2025-10-24 07:51:06,33.5931205749512,-7.63778638839722,"Male"
"6018403",371836,2025-10-24 08:01:09,33.5931854248047,-7.6377911567688,"Male"
"6018403",371836,2025-10-24 08:11:11,33.5933113098145,-7.63768291473389,"Male"
"6018403",371836,2025-10-24 08:21:35,33.5930709838867,-7.63765478134155,"Male"
"6018403",371836,2025-10-24 08:31:06,33.5926055908203,-7.63755226135254,"Male"
"6018403",371836,2025-10-24 08:41:06,33.5958709716797,-7.63690757751465,"Male"
"6018403",371836,2025-10-24 08:51:06,33.5958671569824,-7.63694763183594,"Male"
"6018403",371836,2025-10-24 09:01:04,33.5958251953125,-7.63686037063599,"Male"
"6018403",371836,2025-10-24 09:11:06,33.5873374938965,-7.61516666412354,"Male"
"6018403",371836,2025-10-24 09:21:09,33.5877990722656,-7.61442232131958,"Male"
"6018403",371836,2025-10-24 09:31:04,33.5882377624512,-7.61376142501831,"Male"
"6018403",371836,2025-10-24 09:41:07,33.5798568725586,-7.59495067596435,"Male"
"6018403",371836,2025-10-24 09:51:07,33.5802040100098,-7.59525728225708,"Male"
"6018403",371836,2025-10-24 10:01:09,33.5801391601562,-7.59516906738281,"Male"
"6018403",371836,2025-10-24 10:11:14,33.5800628662109,-7.59496307373047,"Male"
"6018403",371836,2025-10-24 10:21:03,33.5800743103027,-7.59507846832275,"Male"
"6018403",371836,2025-10-24 10:31:06,33.5800666809082,-7.59494781494141,"Male"
"6018403",371836,2025-10-24 10:41:08,33.579948425293,-7.59500932693481,"Male"
"6018403",371836,2025-10-24 10:51:12,33.5797958374023,-7.59460830688477,"Male"
"6018403",371836,2025-10-24 11:01:06,33.5799598693848,-7.59464406967163,"Male"
"6018403",371836,2025-10-24 11:11:07,33.5799522399902,-7.5946569442749,"Male"
"6018403",371836,2025-10-24 11:21:04,33.5800018310547,-7.59460783004761,"Male"
"6018403",371836,2025-10-24 11:31:04,33.5800170898438,-7.59468269348145,"Male"
"6018403",371836,2025-10-24 11:41:08,33.5800666809082,-7.59472846984863,"Male"
"6018403",371836,2025-10-24 11:51:20,33.5797157287598,-7.59452056884766,"Male"
"6018403",371836,2025-10-24 12:01:12,33.5797500610352,-7.59455728530884,"Male"
"6018403",371836,2025-10-24 12:11:12,33.5797004699707,-7.59449911117554,"Male"
"6018403",371836,2025-10-24 12:21:10,33.5796775817871,-7.5940055847168,"Male"
"6018403",371836,2025-10-24 12:31:19,33.579647064209,-7.59435415267944,"Male"
"6018403",371836,2025-10-24 12:41:19,33.5796051025391,-7.59435606002808,"Male"
"6018403",371836,2025-10-24 12:51:07,33.5460968017578,-7.57545757293701,"Male"
"6018403",371836,2025-10-24 13:01:07,33.4984359741211,-7.53840732574463,"Male"
"6018403",371836,2025-10-24 13:11:07,33.480037689209,-7.53722524642944,"Male"
"6018403",371836,2025-10-24 13:21:12,33.4799880981445,-7.53733348846435,"Male"
"6018403",371836,2025-10-24 13:31:09,33.4812774658203,-7.54110527038574,"Male"
"6018403",371836,2025-10-24 13:41:35,33.480354309082,-7.53763294219971,"Male"
"6018403",371836,2025-10-24 13:51:09,33.4804420471191,-7.5376443862915,"Male"
"6018403",371836,2025-10-24 14:01:07,33.4804649353027,-7.53771686553955,"Male"
"6018403",371836,2025-10-24 14:11:07,33.4804878234863,-7.53763151168823,"Male"
"6018403",371836,2025-10-24 14:21:06,33.4805183410645,-7.53760957717896,"Male"
"6018403",371836,2025-10-24 14:31:30,33.480411529541,-7.53767013549805,"Male"
"6018403",371836,2025-10-24 14:41:35,33.4803771972656,-7.53766870498657,"Male"
"6018403",371836,2025-10-24 14:51:07,33.4803199768066,-7.53769969940185,"Male"
"6018403",371836,2025-10-24 15:01:07,33.480339050293,-7.53770875930786,"Male"
"6018403",371836,2025-10-24 15:11:04,33.4799613952637,-7.53748512268066,"Male"
"6018403",371836,2025-10-24 15:21:06,33.4788589477539,-7.53934383392334,"Male"
"6018403",371836,2025-10-24 15:31:11,33.4797439575195,-7.53746271133423,"Male"
"6018403",371836,2025-10-24 15:41:04,33.4797630310059,-7.53740072250366,"Male"
"6018403",371836,2025-10-24 15:51:18,33.4796257019043,-7.53744173049927,"Male"
"6018403",371836,2025-10-24 16:01:21,33.4797439575195,-7.53736925125122,"Male"
"6018403",371836,2025-10-24 16:11:08,33.4795417785645,-7.53740692138672,"Male"
"6018403",371836,2025-10-24 16:21:06,33.4795722961426,-7.53741645812988,"Male"
"6018403",371836,2025-10-24 16:31:10,33.4795684814453,-7.53741931915283,"Male"
"6018403",371836,2025-10-24 16:41:10,33.4796524047852,-7.53739976882935,"Male"
"6018403",371836,2025-10-24 16:51:11,33.4797630310059,-7.53741979598999,"Male"
"6018403",371836,2025-10-24 17:01:09,33.4797515869141,-7.53754281997681,"Male"
"6018403",371836,2025-10-24 17:11:20,33.4796142578125,-7.53730821609497,"Male"
"6018403",371836,2025-10-24 17:21:09,33.4796943664551,-7.5371618270874,"Male"
"6018403",371836,2025-10-24 17:31:35,33.4801864624023,-7.5375165939331,"Male"
"6018403",371836,2025-10-24 17:41:09,33.4835166931152,-7.54493236541748,"Male"
"6018403",371836,2025-10-24 17:51:06,33.4852981567383,-7.60530233383179,"Male"
"6018403",371836,2025-10-24 18:01:04,33.51953125,-7.62565422058105,"Male"
"6018403",371836,2025-10-24 18:11:06,33.561336517334,-7.62372493743896,"Male"
"6018403",371836,2025-10-24 18:21:04,33.6020393371582,-7.60637617111206,"Male"
"6018403",371836,2025-10-24 18:31:03,33.6020965576172,-7.60636186599731,"Male"
"6018403",371836,2025-10-24 18:41:03,33.6021156311035,-7.6063437461853,"Male"
"6018403",371836,2025-10-24 18:51:03,33.6021423339844,-7.60641145706177,"Male"
"6018403",371836,2025-10-24 19:01:06,33.6024436950684,-7.60671281814575,"Male"
"6018403",371836,2025-10-24 19:11:04,33.6022300720215,-7.60650777816772,"Male"
"6018403",371836,2025-10-24 19:21:04,33.6021690368652,-7.60645532608032,"Male"
"6018403",371836,2025-10-24 19:31:03,33.6023063659668,-7.60613632202148,"Male"
"6018403",371836,2025-10-24 19:41:03,33.6026649475098,-7.60598468780518,"Male"
"6018403",371836,2025-10-24 19:51:03,33.6022567749023,-7.6062536239624,"Male"
"6018403",371836,2025-10-24 20:01:06,33.602165222168,-7.60646915435791,"Male"
"6018403",371836,2025-10-24 20:11:13,33.6020393371582,-7.60637378692627,"Male"
"6018403",371836,2025-10-24 20:21:04,33.6020584106445,-7.6064600944519,"Male"
"6018403",371836,2025-10-24 20:31:09,33.6021194458008,-7.6063346862793,"Male"
"6018403",371836,2025-10-24 20:41:06,33.601993560791,-7.60640716552734,"Male"
"6018403",371836,2025-10-24 20:51:06,33.6022262573242,-7.60632658004761,"Male"
"6018403",371836,2025-10-24 21:01:05,33.6020927429199,-7.60630655288696,"Male"
"6018403",371836,2025-10-24 21:11:10,33.6021995544434,-7.60622310638428,"Male"
"6018403",371836,2025-10-24 21:21:07,33.6018524169922,-7.60642528533935,"Male"
"6018403",371836,2025-10-24 21:31:04,33.602108001709,-7.60632753372192,"Male"
"6018403",371836,2025-10-24 21:41:12,33.602123260498,-7.60637617111206,"Male"
"6018403",371836,2025-10-24 21:51:04,33.6021156311035,-7.60621452331543,"Male"
"6018403",371836,2025-10-24 22:01:04,33.601978302002,-7.60611629486084,"Male"
"6018403",371836,2025-10-24 22:11:06,33.6021690368652,-7.60644578933716,"Male"
"6018403",371836,2025-10-24 22:21:04,33.6020927429199,-7.60642051696777,"Male"
"6018403",371836,2025-10-24 22:31:13,33.6020812988281,-7.60636615753174,"Male"
"6018403",371836,2025-10-24 22:41:06,33.6020889282227,-7.60629892349243,"Male"
"6018403",371836,2025-10-24 22:51:11,33.6021041870117,-7.606125831604,"Male"
"6018403",371836,2025-10-24 23:01:04,33.6019592285156,-7.60609436035156,"Male"
"6018403",371836,2025-10-24 23:11:04,33.6021537780762,-7.60623931884766,"Male"
"6018403",371836,2025-10-24 23:21:35,33.6020011901855,-7.60621166229248,"Male"
"6018403",371836,2025-10-24 23:31:02,33.601879119873,-7.60621118545532,"Male"
"6018403",371836,2025-10-24 23:41:02,33.601936340332,-7.60619068145752,"Male"
"6018403",371836,2025-10-24 23:51:02,33.6018524169922,-7.60622692108154,"Male"
"6018403",371836,2025-10-25 00:01:02,33.601921081543,-7.60632610321045,"Male"
"6018403",371836,2025-10-25 00:11:03,33.6018409729004,-7.60622072219849,"Male"
"6018403",371836,2025-10-25 00:21:03,33.6018447875977,-7.60625743865967,"Male"
"6018403",371836,2025-10-25 00:31:04,33.6019020080566,-7.60623979568481,"Male"
"6018403",371836,2025-10-25 00:41:04,33.6018524169922,-7.6062445640564,"Male"
"6018403",371836,2025-10-25 00:51:03,33.6019859313965,-7.60634803771973,"Male"
"6018403",371836,2025-10-25 01:01:04,33.6018524169922,-7.60622262954712,"Male"
"6018403",371836,2025-10-25 01:11:06,33.6018753051758,-7.60622262954712,"Male"
"6018403",371836,2025-10-25 01:21:03,33.6023254394531,-7.60622310638428,"Male"
"6018403",371836,2025-10-25 01:31:04,33.6019058227539,-7.60628414154053,"Male"
"6018403",371836,2025-10-25 01:41:04,33.6019058227539,-7.60623121261597,"Male"
"6018403",371836,2025-10-25 01:51:04,33.6020011901855,-7.60632228851318,"Male"
"6018403",371836,2025-10-25 02:01:07,33.6017799377441,-7.6064076423645,"Male"
"6018403",371836,2025-10-25 02:11:14,33.6019248962402,-7.60619163513184,"Male"
"6018403",371836,2025-10-25 02:21:06,33.6018447875977,-7.60640144348145,"Male"
"6018403",371836,2025-10-25 02:31:04,33.6019096374512,-7.60631942749023,"Male"
"6018403",371836,2025-10-25 02:41:06,33.6019172668457,-7.6063027381897,"Male"
"6018403",371836,2025-10-25 02:51:35,33.6019439697266,-7.60626554489136,"Male"
"6018403",371836,2025-10-25 03:01:06,33.6018562316895,-7.60616493225098,"Male"
"6018403",371836,2025-10-25 03:11:03,33.6018943786621,-7.60626411437988,"Male"
"6018403",371836,2025-10-25 03:21:06,33.6019325256348,-7.60641050338745,"Male"
"6018403",371836,2025-10-25 03:31:06,33.6018524169922,-7.60643577575684,"Male"
"6018403",371836,2025-10-25 03:41:04,33.6018943786621,-7.6065845489502,"Male"
"6018403",371836,2025-10-25 03:51:14,33.6017074584961,-7.60628318786621,"Male"
"6018403",371836,2025-10-25 04:01:03,33.6019973754883,-7.60574054718018,"Male"
"6018403",371836,2025-10-25 04:11:06,33.6019630432129,-7.60584306716919,"Male"
"6018403",371836,2025-10-25 04:21:04,33.6018943786621,-7.60596418380737,"Male"
"6018403",371836,2025-10-25 04:31:07,33.6018981933594,-7.60587549209595,"Male"
"6018403",371836,2025-10-25 04:41:06,33.6019592285156,-7.6058406829834,"Male"
"6018403",371836,2025-10-25 04:51:04,33.6018867492676,-7.60592222213745,"Male"
"6018403",371836,2025-10-25 05:01:04,33.6019058227539,-7.60579681396484,"Male"
"6018403",371836,2025-10-25 05:11:35,33.6018257141113,-7.60649347305298,"Male"
"6018403",371836,2025-10-25 05:21:02,33.6018447875977,-7.60623836517334,"Male"
"6018403",371836,2025-10-25 05:31:02,33.6019439697266,-7.606125831604,"Male"
"6018403",371836,2025-10-25 05:41:03,33.6018829345703,-7.60610389709473,"Male"
"6018403",371836,2025-10-25 05:51:04,33.6018104553223,-7.60619497299194,"Male"
"6018403",371836,2025-10-25 06:01:03,33.6019706726074,-7.60626029968262,"Male"
"6018403",371836,2025-10-25 06:11:07,33.6019668579102,-7.60621786117554,"Male"
"6018403",371836,2025-10-25 06:21:03,33.601749420166,-7.60616445541382,"Male"
"6018403",371836,2025-10-25 06:31:06,33.601936340332,-7.60618495941162,"Male"
"6018403",371836,2025-10-25 06:41:03,33.6018142700195,-7.60614395141602,"Male"
"6018403",371836,2025-10-25 06:51:06,33.5881576538086,-7.62518739700317,"Male"
"6018403",371836,2025-10-25 07:01:53,33.5817489624023,-7.65088415145874,"Male"
"6018403",371836,2025-10-25 07:11:06,33.5837135314941,-7.68442583084106,"Male"
"6018403",371836,2025-10-25 07:21:03,33.552864074707,-7.67303705215454,"Male"
"6018403",371836,2025-10-25 07:31:03,33.564567565918,-7.6419267654419,"Male"
"6018403",371836,2025-10-25 07:41:03,33.5670166015625,-7.63765335083008,"Male"
"6018403",371836,2025-10-25 07:51:14,33.5669746398926,-7.63662338256836,"Male"
"6018403",371836,2025-10-25 08:01:03,33.566967010498,-7.63683032989502,"Male"
"6018403",371836,2025-10-25 08:11:08,33.5702934265137,-7.63390731811523,"Male"
"6018403",371836,2025-10-25 08:21:06,33.5703277587891,-7.63388395309448,"Male"
"6018403",371836,2025-10-25 08:31:03,33.5702972412109,-7.63389682769775,"Male"
"6018403",371836,2025-10-25 08:41:06,33.5703163146973,-7.63397645950317,"Male"
"6018403",371836,2025-10-25 08:51:06,33.5703544616699,-7.63391780853271,"Male"
"6018403",371836,2025-10-25 09:01:04,33.5703277587891,-7.63395547866821,"Male"
"6018403",371836,2025-10-25 09:11:06,33.5703163146973,-7.63384389877319,"Male"
"6018403",371836,2025-10-25 09:21:04,33.5702934265137,-7.63383865356445,"Male"
"6018403",371836,2025-10-25 09:31:09,33.5702705383301,-7.63385963439941,"Male"
"6018403",371836,2025-10-25 09:41:04,33.5702667236328,-7.63384580612183,"Male"
"6018403",371836,2025-10-25 09:51:06,33.5702514648438,-7.63378524780273,"Male"
"6018403",371836,2025-10-25 10:01:04,33.5701789855957,-7.63372707366943,"Male"
"6018403",371836,2025-10-25 10:11:06,33.5703239440918,-7.63424587249756,"Male"
"6018403",371836,2025-10-25 10:21:07,33.5702247619629,-7.63400411605835,"Male"
"6018403",371836,2025-10-25 10:31:06,33.570442199707,-7.6340765953064,"Male"
"6018403",371836,2025-10-25 10:41:06,33.5704460144043,-7.63412380218506,"Male"
"6018403",371836,2025-10-25 10:51:07,33.5703926086426,-7.63416290283203,"Male"
"6018403",371836,2025-10-25 11:01:09,33.5705184936523,-7.63416624069214,"Male"
"6018403",371836,2025-10-25 11:11:04,33.5703582763672,-7.63423871994019,"Male"
"6018403",371836,2025-10-25 11:21:04,33.5445213317871,-7.61371850967407,"Male"
"6018403",371836,2025-10-25 11:31:04,33.5210266113281,-7.57676124572754,"Male"
"6018403",371836,2025-10-25 11:41:04,33.4877777099609,-7.54664325714111,"Male"
"6018403",371836,2025-10-25 11:51:04,33.4781684875488,-7.54327821731567,"Male"
"6018403",371836,2025-10-25 12:01:07,33.4776573181152,-7.54211902618408,"Male"
"6018403",371836,2025-10-25 12:11:06,33.477424621582,-7.54194736480713,"Male"
"6018403",371836,2025-10-25 12:21:04,33.4781303405762,-7.54213809967041,"Male"
"6018403",371836,2025-10-25 12:31:04,33.4774971008301,-7.54214859008789,"Male"
"6018403",371836,2025-10-25 12:41:03,33.4771919250488,-7.54219245910645,"Male"
"6018403",371836,2025-10-25 12:51:07,33.4779777526855,-7.54238891601562,"Male"
"6018403",371836,2025-10-25 13:01:06,33.4777603149414,-7.54214000701904,"Male"
"6018403",371836,2025-10-25 13:11:05,33.4778633117676,-7.5422191619873,"Male"
"6018403",371836,2025-10-25 13:21:04,33.4769096374512,-7.54005002975464,"Male"
"6018403",371836,2025-10-25 13:31:04,33.4775657653809,-7.54160690307617,"Male"
"6018403",371836,2025-10-25 13:41:03,33.4773330688477,-7.54176616668701,"Male"
"6018403",371836,2025-10-25 13:51:04,33.4779586791992,-7.5419864654541,"Male"
"6018403",371836,2025-10-25 14:01:04,33.4778480529785,-7.5419750213623,"Male"
"6018403",371836,2025-10-25 14:11:04,33.4778518676758,-7.54200744628906,"Male"
"6018403",371836,2025-10-25 14:21:06,33.4777603149414,-7.54214143753052,"Male"
"6018403",371836,2025-10-25 14:31:04,33.4776916503906,-7.5420184135437,"Male"
"6018403",371836,2025-10-25 14:41:06,33.4776611328125,-7.5419864654541,"Male"
"6018403",371836,2025-10-25 14:51:04,33.477970123291,-7.54199886322021,"Male"
"6018403",371836,2025-10-25 15:01:04,33.4780769348145,-7.54210948944092,"Male"
"6018403",371836,2025-10-25 15:11:04,33.4780082702637,-7.54199028015137,"Male"
"6018403",371836,2025-10-25 15:21:04,33.47802734375,-7.54204750061035,"Male"
"6018403",371836,2025-10-25 15:31:03,33.4780807495117,-7.54208087921143,"Male"
"6018403",371836,2025-10-25 15:41:08,33.4781723022461,-7.5422191619873,"Male"
"6018403",371836,2025-10-25 15:51:04,33.4786071777344,-7.54224348068237,"Male"
"6018403",371836,2025-10-25 16:01:09,33.4787826538086,-7.54229164123535,"Male"
"6018403",371836,2025-10-25 16:11:08,33.4787292480469,-7.54208660125732,"Male"
"6018403",371836,2025-10-25 16:21:09,33.4787368774414,-7.54213619232178,"Male"
"6018403",371836,2025-10-25 16:31:59,33.4808082580566,-7.54564905166626,"Male"
"6018403",371836,2025-10-25 16:41:02,33.4970245361328,-7.57631587982178,"Male"
"6018403",371836,2025-10-25 16:51:02,33.5264282226562,-7.62166595458984,"Male"
"6018403",371836,2025-10-25 17:01:04,33.5548477172852,-7.63228940963745,"Male"
"6018403",371836,2025-10-25 17:11:04,33.5556907653809,-7.63318014144897,"Male"
"6018403",371836,2025-10-25 17:21:09,33.556526184082,-7.63492918014526,"Male"
"6018403",371836,2025-10-25 17:31:06,33.5565414428711,-7.63480424880981,"Male"
"6018403",371836,2025-10-25 17:41:06,33.5565567016602,-7.63454532623291,"Male"
"6018403",371836,2025-10-25 17:51:44,33.5774078369141,-7.62570571899414,"Male"
"6018403",371836,2025-10-25 18:01:07,33.600700378418,-7.60661888122559,"Male"
"6018403",371836,2025-10-25 18:11:06,33.6007270812988,-7.60676717758179,"Male"
"6018403",371836,2025-10-25 18:21:04,33.6007270812988,-7.60670852661133,"Male"
"6018403",371836,2025-10-25 18:31:06,33.602222442627,-7.60665464401245,"Male"
"6018403",371836,2025-10-25 18:41:03,33.6023292541504,-7.60679197311401,"Male"
"6018403",371836,2025-10-25 18:51:04,33.6023101806641,-7.60673856735229,"Male"
"6018403",371836,2025-10-25 19:01:04,33.6022109985352,-7.6068058013916,"Male"
"6018403",371836,2025-10-25 19:11:04,33.6024284362793,-7.60681676864624,"Male"
"6018403",371836,2025-10-25 19:21:35,33.6021537780762,-7.60658359527588,"Male"
"6018403",371836,2025-10-25 19:31:04,33.6019248962402,-7.60630655288696,"Male"
"6018403",371836,2025-10-25 19:41:03,33.601921081543,-7.60621929168701,"Male"
"6018403",371836,2025-10-25 19:51:06,33.6020050048828,-7.60630941390991,"Male"
"6018403",371836,2025-10-25 20:01:07,33.6020431518555,-7.60649347305298,"Male"
"6018403",371836,2025-10-25 20:11:06,33.602123260498,-7.60642051696777,"Male"
"6018403",371836,2025-10-25 20:21:07,33.6018714904785,-7.60641574859619,"Male"
"6018403",371836,2025-10-25 20:31:12,33.6016654968262,-7.60623741149902,"Male"
"6018403",371836,2025-10-25 20:41:09,33.6020393371582,-7.60651683807373,"Male"
"6018403",371836,2025-10-25 20:51:03,33.6020355224609,-7.60646057128906,"Male"
"6018403",371836,2025-10-25 21:01:04,33.6017951965332,-7.60633897781372,"Male"
"6018403",371836,2025-10-25 21:11:03,33.6019096374512,-7.60635471343994,"Male"
"6018403",371836,2025-10-25 21:21:04,33.6019401550293,-7.60647344589233,"Male"
"6018403",371836,2025-10-25 21:31:04,33.6023178100586,-7.60659408569336,"Male"
"6018403",371836,2025-10-25 21:41:04,33.6020851135254,-7.60654211044312,"Male"
"6018403",371836,2025-10-25 21:51:04,33.6021003723145,-7.6064281463623,"Male"
"6018403",371836,2025-10-25 22:01:35,33.601921081543,-7.60635089874268,"Male"
"6018403",371836,2025-10-25 22:11:02,33.6019096374512,-7.60628366470337,"Male"
"6018403",371836,2025-10-25 22:21:03,33.6019821166992,-7.60642528533935,"Male"
"6018403",371836,2025-10-25 22:31:05,33.6019973754883,-7.60626745223999,"Male"
"6018403",371836,2025-10-25 22:41:04,33.6018829345703,-7.60638809204102,"Male"
"6018403",371836,2025-10-25 22:51:03,33.6019973754883,-7.60617542266846,"Male"
"6018403",371836,2025-10-25 23:01:04,33.6019859313965,-7.60620403289795,"Male"
"6018403",371836,2025-10-25 23:11:03,33.6019592285156,-7.60617589950562,"Male"
"6018403",371836,2025-10-25 23:21:03,33.6020278930664,-7.60608673095703,"Male"
"6018403",371836,2025-10-25 23:31:04,33.6020431518555,-7.60620260238647,"Male"
"6018403",371836,2025-10-25 23:41:03,33.601863861084,-7.60629749298096,"Male"
"6018403",371836,2025-10-25 23:51:02,33.6018714904785,-7.60627841949463,"Male"
"6018403",371836,2025-10-26 00:01:03,33.6017684936523,-7.6063289642334,"Male"
"6018403",371836,2025-10-26 00:11:04,33.6018676757812,-7.60639810562134,"Male"
"6018403",371836,2025-10-26 00:21:03,33.6019744873047,-7.60631847381592,"Male"
"6018403",371836,2025-10-26 00:31:03,33.6020278930664,-7.60631465911865,"Male"
"6018403",371836,2025-10-26 00:41:08,33.6021041870117,-7.60627555847168,"Male"
"6018403",371836,2025-10-26 00:51:03,33.6020393371582,-7.60665369033813,"Male"
"6018403",371836,2025-10-26 01:01:08,33.6018981933594,-7.6066484451294,"Male"
"6018403",371836,2025-10-26 01:11:06,33.6020774841309,-7.60660362243652,"Male"
"6018403",371836,2025-10-26 01:21:14,33.6019897460938,-7.60641288757324,"Male"
"6018403",371836,2025-10-26 01:31:03,33.60205078125,-7.60641765594482,"Male"
"6018403",371836,2025-10-26 01:41:04,33.6021270751953,-7.60641860961914,"Male"
"6018403",371836,2025-10-26 01:51:04,33.6025390625,-7.6058292388916,"Male"
"6018403",371836,2025-10-26 02:01:06,33.6020851135254,-7.60611724853516,"Male"
"6018403",371836,2025-10-26 02:11:04,33.6019973754883,-7.60615015029907,"Male"
"6018403",371836,2025-10-26 02:21:04,33.6020851135254,-7.60625982284546,"Male"
"6018403",371836,2025-10-26 02:31:04,33.6020736694336,-7.60631656646729,"Male"
"6018403",371836,2025-10-26 02:41:06,33.6020355224609,-7.60618686676025,"Male"
"6018403",371836,2025-10-26 02:51:06,33.602180480957,-7.60639238357544,"Male"
"6018403",371836,2025-10-26 03:01:06,33.6020660400391,-7.60615825653076,"Male"
"6018403",371836,2025-10-26 03:11:04,33.6020812988281,-7.60609912872315,"Male"
"6018403",371836,2025-10-26 03:21:04,33.6021385192871,-7.60615873336792,"Male"
"6018403",371836,2025-10-26 03:31:07,33.6020851135254,-7.60615062713623,"Male"
"6018403",371836,2025-10-26 03:41:04,33.602108001709,-7.60623502731323,"Male"
"6018403",371836,2025-10-26 03:51:06,33.6021575927734,-7.60600805282593,"Male"
"6018403",371836,2025-10-26 04:01:08,33.6024971008301,-7.60568046569824,"Male"
"6018403",371836,2025-10-26 04:11:08,33.602180480957,-7.60613632202148,"Male"
"6018403",371836,2025-10-26 04:21:08,33.6021957397461,-7.60621976852417,"Male"
"6018403",371836,2025-10-26 04:31:06,33.6020050048828,-7.60634088516235,"Male"
"6018403",371836,2025-10-26 04:41:07,33.6018371582031,-7.60641002655029,"Male"
"6018403",371836,2025-10-26 04:51:08,33.6022491455078,-7.60606336593628,"Male"
"6018403",371836,2025-10-26 05:01:04,33.601936340332,-7.60634231567383,"Male"
"6018403",371836,2025-10-26 05:11:03,33.6019630432129,-7.60637140274048,"Male"
"6018403",371836,2025-10-26 05:21:04,33.6019439697266,-7.60608530044556,"Male"
"6018403",371836,2025-10-26 05:31:04,33.6020317077637,-7.60619688034058,"Male"
"6018403",371836,2025-10-26 05:41:07,33.6019668579102,-7.60617923736572,"Male"
"6018403",371836,2025-10-26 05:51:04,33.6019630432129,-7.60604763031006,"Male"
"6018403",371836,2025-10-26 06:01:04,33.6019821166992,-7.6061053276062,"Male"
"6018403",371836,2025-10-26 06:11:08,33.6019744873047,-7.60610437393188,"Male"
"6018403",371836,2025-10-26 06:21:06,33.6024894714355,-7.60579299926758,"Male"
"6018403",371836,2025-10-26 06:31:07,33.6000099182129,-7.6062068939209,"Male"
"6018403",371836,2025-10-26 06:41:08,33.600040435791,-7.60614681243896,"Male"
"6018403",371836,2025-10-26 06:51:08,33.6001472473145,-7.60636281967163,"Male"
"6018403",371836,2025-10-26 07:01:14,33.6007766723633,-7.60585021972656,"Male"
"6018403",371836,2025-10-26 07:11:07,33.5933151245117,-7.6091685295105,"Male"
"6018403",371836,2025-10-26 07:21:07,33.5930976867676,-7.60898494720459,"Male"
"6018403",371836,2025-10-26 07:31:06,33.5933723449707,-7.60916328430176,"Male"
"6018403",371836,2025-10-26 07:41:03,33.5929489135742,-7.60896587371826,"Male"
"6018403",371836,2025-10-26 07:51:07,33.5929794311523,-7.60881614685059,"Male"
"6018403",371836,2025-10-26 08:01:10,33.5929908752441,-7.60894632339478,"Male"
"6018403",371836,2025-10-26 08:11:11,33.5928611755371,-7.60875225067139,"Male"
"6018403",371836,2025-10-26 08:21:08,33.5930862426758,-7.60911750793457,"Male"
"6018403",371836,2025-10-26 08:31:07,33.5928955078125,-7.608811378479,"Male"
"6018403",371836,2025-10-26 08:41:07,33.5928764343262,-7.6086835861206,"Male"
"6018403",371836,2025-10-26 08:51:16,33.5871772766113,-7.60996913909912,"Male"
"6018403",371836,2025-10-26 09:01:13,33.5873794555664,-7.61023139953613,"Male"
"6018403",371836,2025-10-26 09:11:06,33.5876121520996,-7.61034631729126,"Male"
"6018403",371836,2025-10-26 09:21:15,33.5874290466309,-7.6104621887207,"Male"
"6018403",371836,2025-10-26 09:31:10,33.5804748535156,-7.59520673751831,"Male"
"6018403",371836,2025-10-26 09:41:09,33.5803413391113,-7.59468364715576,"Male"
"6018403",371836,2025-10-26 09:51:31,33.580638885498,-7.59547805786133,"Male"
"6018403",371836,2025-10-26 10:21:03,33.5622711181641,-7.58030223846435,"Male"
"6018403",371836,2025-10-26 10:51:09,33.4785423278809,-7.54231691360474,"Male"
"6018403",371836,2025-10-26 11:21:04,33.4774208068848,-7.54027462005615,"Male"
"6018403",371836,2025-10-26 11:51:05,33.477481842041,-7.54151105880737,"Male"
"6018403",371836,2025-10-26 12:21:06,33.4774513244629,-7.54126167297363,"Male"
"6018403",371836,2025-10-26 12:51:14,33.478343963623,-7.54194974899292,"Male"
"6018403",371836,2025-10-26 13:21:35,33.4783821105957,-7.54161882400513,"Male"
"6018403",371836,2025-10-26 13:51:03,33.4776191711426,-7.54164886474609,"Male"
"6018403",371836,2025-10-26 14:21:03,33.477367401123,-7.54159784317017,"Male"
"6018403",371836,2025-10-26 14:51:03,33.4763412475586,-7.53769397735596,"Male"
"6018403",371836,2025-10-26 15:21:06,33.4775199890137,-7.53921985626221,"Male"
"6018403",371836,2025-10-26 15:51:04,33.4780578613281,-7.54203176498413,"Male"
"6018403",371836,2025-10-26 16:01:06,33.4790573120117,-7.54202270507812,"Male"
"6018403",371836,2025-10-26 16:11:19,33.4790267944336,-7.54190015792847,"Male"
"6018403",371836,2025-10-26 16:21:07,33.5099258422852,-7.56354522705078,"Male"
"6018403",371836,2025-10-26 16:31:13,33.5560874938965,-7.58378505706787,"Male"
"6018403",371836,2025-10-26 16:41:33,33.5815849304199,-7.59750413894653,"Male"
"6018403",371836,2025-10-26 16:51:07,33.5937919616699,-7.60208988189697,"Male"
"6018403",371836,2025-10-26 17:01:04,33.593864440918,-7.60205078125,"Male"
"6018403",371836,2025-10-26 17:11:12,33.5958557128906,-7.59875583648682,"Male"
"6018403",371836,2025-10-26 17:21:06,33.6009941101074,-7.60429763793945,"Male"
"6018403",371836,2025-10-26 17:31:07,33.600040435791,-7.6051983833313,"Male"
"6018403",371836,2025-10-26 17:41:07,33.6001281738281,-7.60512399673462,"Male"
"6018403",371836,2025-10-26 17:51:08,33.5999069213867,-7.60637092590332,"Male"
"6018403",371836,2025-10-26 18:01:35,33.5999221801758,-7.60635185241699,"Male"
"6018403",371836,2025-10-26 18:11:03,33.5999412536621,-7.6061224937439,"Male"
"6018403",371836,2025-10-26 18:21:02,33.5996932983398,-7.60620880126953,"Male"
"6018403",371836,2025-10-26 18:31:07,33.5998344421387,-7.60635709762573,"Male"
"6018403",371836,2025-10-26 18:41:04,33.600025177002,-7.6065239906311,"Male"
"6018403",371836,2025-10-26 18:51:03,33.6000518798828,-7.60651111602783,"Male"
"6018403",371836,2025-10-26 19:01:10,33.5999412536621,-7.60637998580933,"Male"
"6018403",371836,2025-10-26 19:11:04,33.5999984741211,-7.60641813278198,"Male"
"6018403",371836,2025-10-26 19:21:09,33.5999412536621,-7.60627222061157,"Male"
"6018403",371836,2025-10-26 19:31:06,33.5997924804688,-7.60613918304443,"Male"
"6018403",371836,2025-10-26 19:41:09,33.6019554138184,-7.60624122619629,"Male"
"6018403",371836,2025-10-26 19:51:08,33.6018486022949,-7.60608625411987,"Male"
"6018403",371836,2025-10-26 20:01:09,33.601879119873,-7.60613441467285,"Male"
"6018403",371836,2025-10-26 20:11:06,33.6018180847168,-7.60615873336792,"Male"
"6018403",371836,2025-10-26 20:21:10,33.6019592285156,-7.60629177093506,"Male"
"6018403",371836,2025-10-26 20:31:11,33.6019592285156,-7.60587978363037,"Male"
"6018403",371836,2025-10-26 20:41:33,33.6018714904785,-7.60628747940063,"Male"
"6018403",371836,2025-10-26 20:51:02,33.6018829345703,-7.60621118545532,"Male"
"6018403",371836,2025-10-26 21:01:03,33.6024589538574,-7.60633993148804,"Male"
"6018403",371836,2025-10-26 21:11:06,33.6025924682617,-7.60647249221802,"Male"
"6018403",371836,2025-10-26 21:21:07,33.6019325256348,-7.6062273979187,"Male"
"6018403",371836,2025-10-26 21:31:04,33.6018714904785,-7.60619068145752,"Male"
"6018403",371836,2025-10-26 21:41:03,33.601993560791,-7.60625982284546,"Male"
"6018403",371836,2025-10-26 21:51:06,33.6031837463379,-7.61135721206665,"Male"
"6018403",371836,2025-10-26 22:01:09,33.6021041870117,-7.60625123977661,"Male"
"6018403",371836,2025-10-26 22:11:08,33.6019821166992,-7.60632276535034,"Male"
"6018403",371836,2025-10-26 22:21:10,33.6020545959473,-7.60608196258545,"Male"
"6018403",371836,2025-10-26 22:31:04,33.6019248962402,-7.60613250732422,"Male"
"6018403",371836,2025-10-26 22:41:08,33.601863861084,-7.60600996017456,"Male"
"6018403",371836,2025-10-26 22:51:14,33.6019287109375,-7.60614109039307,"Male"
"6018403",371836,2025-10-26 23:01:07,33.601921081543,-7.60601997375488,"Male"
"6018403",371836,2025-10-26 23:11:09,33.6019973754883,-7.6058497428894,"Male"
"6018403",371836,2025-10-26 23:21:22,33.6020011901855,-7.60605430603027,"Male"
"6018403",371836,2025-10-26 23:31:35,33.6018447875977,-7.60616779327393,"Male"
"6018403",371836,2025-10-26 23:41:03,33.601921081543,-7.60605669021606,"Male"
"6018403",371836,2025-10-26 23:51:06,33.6019058227539,-7.6061372756958,"Male"
"6018403",371836,2025-10-27 00:01:08,33.6018562316895,-7.60619163513184,"Male"
"6018403",371836,2025-10-27 00:11:33,33.6018333435059,-7.60623455047607,"Male"
"6018403",371836,2025-10-27 00:21:11,33.6018257141113,-7.60615158081055,"Male"
"6018403",371836,2025-10-27 00:31:12,33.6017646789551,-7.60614728927612,"Male"
"6018403",371836,2025-10-27 00:41:06,33.6014938354492,-7.60623502731323,"Male"
"6018403",371836,2025-10-27 00:51:06,33.6019630432129,-7.60618352890015,"Male"
"6018403",371836,2025-10-27 01:01:14,33.6019058227539,-7.60636043548584,"Male"
"6018403",371836,2025-10-27 01:11:07,33.6015625,-7.6056981086731,"Male"
"6018403",371836,2025-10-27 01:21:12,33.5999450683594,-7.60691547393799,"Male"
"6018403",371836,2025-10-27 01:31:08,33.601863861084,-7.606285572052,"Male"
"6018403",371836,2025-10-27 01:41:12,33.6018028259277,-7.60625219345093,"Male"
"6018403",371836,2025-10-27 01:51:33,33.6019821166992,-7.60620975494385,"Male"
"6018403",371836,2025-10-27 02:01:07,33.601978302002,-7.60628414154053,"Male"
"6018403",371836,2025-10-27 02:11:06,33.601993560791,-7.60619926452637,"Male"
"6018403",371836,2025-10-27 02:21:07,33.6019706726074,-7.60619068145752,"Male"
"6018403",371836,2025-10-27 02:31:07,33.6019401550293,-7.6061863899231,"Male"
"6018403",371836,2025-10-27 02:41:06,33.6019592285156,-7.60632610321045,"Male"
"6018403",371836,2025-10-27 02:51:06,33.6020202636719,-7.60628128051758,"Male"
"6018403",371836,2025-10-27 03:01:09,33.6018714904785,-7.60616683959961,"Male"
"6018403",371836,2025-10-27 03:11:08,33.6019630432129,-7.60620832443237,"Male"
"6018403",371836,2025-10-27 03:21:11,33.6020278930664,-7.60635471343994,"Male"
"6018403",371836,2025-10-27 03:31:09,33.6020889282227,-7.60619163513184,"Male"
"6018403",371836,2025-10-27 03:41:10,33.6019287109375,-7.60592794418335,"Male"
"6018403",371836,2025-10-27 03:51:09,33.6017456054688,-7.60625648498535,"Male"
"6018403",371836,2025-10-27 04:01:07,33.6018562316895,-7.60620975494385,"Male"
"6018403",371836,2025-10-27 04:11:06,33.601921081543,-7.60620307922363,"Male"
"6018403",371836,2025-10-27 04:21:14,33.6019096374512,-7.6061544418335,"Male"
"6018403",371836,2025-10-27 04:31:06,33.6018829345703,-7.60610437393188,"Male"
"6018403",371836,2025-10-27 04:41:04,33.6019554138184,-7.60615348815918,"Male"
"6018403",371836,2025-10-27 04:51:14,33.6018981933594,-7.60612201690674,"Male"
"6018403",371836,2025-10-27 05:01:09,33.6019744873047,-7.60593128204346,"Male"
"6018403",371836,2025-10-27 05:11:09,33.5996704101562,-7.60649633407593,"Male"
"6018403",371836,2025-10-27 05:21:19,33.5996971130371,-7.6064305305481,"Male"
"6018403",371836,2025-10-27 05:31:35,33.5996971130371,-7.60639762878418,"Male"
"6018403",371836,2025-10-27 05:41:04,33.5997123718262,-7.60633134841919,"Male"
"6018403",371836,2025-10-27 05:51:07,33.5997009277344,-7.60638809204102,"Male"
"6018403",371836,2025-10-27 06:01:08,33.5997047424316,-7.60631561279297,"Male"
"6018403",371836,2025-10-27 06:11:04,33.5997085571289,-7.60620641708374,"Male"
"6018403",371836,2025-10-27 06:21:07,33.599681854248,-7.60640811920166,"Male"
"6018403",371836,2025-10-27 06:31:09,33.5997352600098,-7.60622596740723,"Male"
"6018403",371836,2025-10-27 06:41:35,33.5925903320312,-7.62880229949951,"Male"
"6018403",371836,2025-10-27 06:51:09,33.5929832458496,-7.63772439956665,"Male"
"6018403",371836,2025-10-27 07:01:08,33.6013412475586,-7.6604471206665,"Male"
"6018403",371836,2025-10-27 07:11:07,33.6002502441406,-7.66141319274902,"Male"
"6018403",371836,2025-10-27 07:21:07,33.5996894836426,-7.64736843109131,"Male"
"6018403",371836,2025-10-27 07:31:09,33.5996017456055,-7.64701557159424,"Male"
"6018403",371836,2025-10-27 07:41:10,33.5995330810547,-7.64690780639648,"Male"
"6018403",371836,2025-10-27 07:51:08,33.5945701599121,-7.64630794525146,"Male"
"6018403",371836,2025-10-27 08:01:14,33.5927619934082,-7.64334058761597,"Male"
"6018403",371836,2025-10-27 08:11:09,33.5927352905273,-7.64323234558105,"Male"
"6018403",371836,2025-10-27 08:21:20,33.5926971435547,-7.64302158355713,"Male"
"6018403",371836,2025-10-27 08:31:35,33.5927200317383,-7.64311933517456,"Male"
"6018403",371836,2025-10-27 09:01:10,33.5928955078125,-7.64330053329468,"Male"
"6018403",371836,2025-10-27 09:31:09,33.5867385864258,-7.61528587341309,"Male"
"6018403",371836,2025-10-27 10:01:14,33.5862464904785,-7.61558246612549,"Male"
"6018403",371836,2025-10-27 10:31:25,33.5883178710938,-7.60721302032471,"Male"
"6018403",371836,2025-10-27 11:01:14,33.5905685424805,-7.60861110687256,"Male"
"6018403",371836,2025-10-27 11:31:16,33.5902519226074,-7.60863590240479,"Male"
"6018403",371836,2025-10-27 12:01:35,33.5902900695801,-7.60838890075684,"Male"
"6018403",371836,2025-10-27 12:31:14,33.4786567687988,-7.53940296173096,"Male"
"6018403",371836,2025-10-27 13:01:12,33.4792861938477,-7.53898096084595,"Male"
"6018403",371836,2025-10-27 13:31:35,33.479377746582,-7.53918075561523,"Male"
"6018403",371836,2025-10-27 14:01:04,33.4795265197754,-7.53928279876709,"Male"
"6018403",371836,2025-10-27 14:31:05,33.4797630310059,-7.53987836837769,"Male"
"6018403",371836,2025-10-27 15:01:03,33.4791412353516,-7.53917217254639,"Male"
"6018403",371836,2025-10-27 15:11:12,33.4793128967285,-7.5391697883606,"Male"
"6018403",371836,2025-10-27 15:21:03,33.4799423217773,-7.54021835327148,"Male"
"6018403",371836,2025-10-27 15:31:05,33.4798545837402,-7.53765439987183,"Male"
"6018403",371836,2025-10-27 15:41:05,33.4784660339355,-7.53399276733398,"Male"
"6018403",371836,2025-10-27 15:51:35,33.4814453125,-7.5364236831665,"Male"
"6018403",371836,2025-10-27 16:01:03,33.4799652099609,-7.53622198104858,"Male"
"6018403",371836,2025-10-27 16:11:06,33.4800071716309,-7.53627967834473,"Male"
"6018403",371836,2025-10-27 16:21:05,33.4802284240723,-7.53656339645386,"Male"
"6018403",371836,2025-10-27 16:31:05,33.4802474975586,-7.53658771514893,"Male"
"6018403",371836,2025-10-27 16:41:32,33.4802131652832,-7.53652286529541,"Male"
"6018403",371836,2025-10-27 16:51:06,33.4801063537598,-7.53665399551392,"Male"
"6018403",371836,2025-10-27 17:01:03,33.4801177978516,-7.53672122955322,"Male"
"6018403",371836,2025-10-27 17:11:08,33.4800910949707,-7.53665685653687,"Male"
"6018403",371836,2025-10-27 17:21:03,33.480110168457,-7.53651809692383,"Male"
"6018403",371836,2025-10-27 17:31:03,33.4801559448242,-7.53650093078613,"Male"
"6018403",371836,2025-10-27 17:41:06,33.4807014465332,-7.53645944595337,"Male"
"6018403",371836,2025-10-27 17:51:03,33.4806480407715,-7.53657102584839,"Male"
"6018403",371836,2025-10-27 18:01:14,33.5198173522949,-7.57941722869873,"Male"
"6018403",371836,2025-10-27 18:11:02,33.5635566711426,-7.60516738891602,"Male"
"6018403",371836,2025-10-27 18:21:08,33.6018371582031,-7.60614538192749,"Male"
"6018403",371836,2025-10-27 18:31:12,33.6019744873047,-7.60616874694824,"Male"
"6018403",371836,2025-10-27 18:41:08,33.6018600463867,-7.60605812072754,"Male"
"6018403",371836,2025-10-27 18:51:14,33.6018714904785,-7.60611438751221,"Male"
"6018403",371836,2025-10-27 19:01:08,33.6023330688477,-7.60641717910767,"Male"
"6018403",371836,2025-10-27 19:11:09,33.6026191711426,-7.60666275024414,"Male"
"6018403",371836,2025-10-27 19:21:06,33.6017913818359,-7.6061372756958,"Male"
"6018403",371836,2025-10-27 19:31:08,33.6016960144043,-7.60622453689575,"Male"
"6018403",371836,2025-10-27 19:41:08,33.6020164489746,-7.60620975494385,"Male"
"6018403",371836,2025-10-27 19:51:14,33.6019554138184,-7.60617828369141,"Male"
"6018403",371836,2025-10-27 20:01:07,33.6016693115234,-7.60577964782715,"Male"
"6018403",371836,2025-10-27 20:11:09,33.6018753051758,-7.60615634918213,"Male"
"6018403",371836,2025-10-27 20:21:09,33.60205078125,-7.60608530044556,"Male"
"6018403",371836,2025-10-27 20:31:09,33.6022567749023,-7.60601234436035,"Male"
"6018403",371836,2025-10-27 20:41:22,33.6019973754883,-7.60621023178101,"Male"
"6018403",371836,2025-10-27 20:51:10,33.6020278930664,-7.60593271255493,"Male"
"6018403",371836,2025-10-27 21:01:10,33.6019897460938,-7.60579633712769,"Male"
"6018403",371836,2025-10-27 21:11:09,33.6020011901855,-7.60644435882568,"Male"
"6018403",371836,2025-10-27 21:21:08,33.6020965576172,-7.60591077804565,"Male"
"6018403",371836,2025-10-27 21:31:16,33.6020088195801,-7.60616254806519,"Male"
"6018403",371836,2025-10-27 21:41:09,33.6022720336914,-7.60619640350342,"Male"
"6018403",371836,2025-10-27 21:51:12,33.6024436950684,-7.60633611679077,"Male"
"6018403",371836,2025-10-27 22:01:35,33.6019439697266,-7.60591745376587,"Male"
"6018403",371836,2025-10-27 22:11:06,33.6019325256348,-7.60604381561279,"Male"
"6018403",371836,2025-10-27 22:21:08,33.6018981933594,-7.6058988571167,"Male"
"6018403",371836,2025-10-27 22:31:08,33.5999565124512,-7.6062650680542,"Male"
"6018403",371836,2025-10-27 22:41:07,33.5999717712402,-7.606276512146,"Male"
"6018403",371836,2025-10-27 22:51:08,33.6000328063965,-7.60628604888916,"Male"
"6018403",371836,2025-10-27 23:01:09,33.599910736084,-7.60640525817871,"Male"
"6018403",371836,2025-10-27 23:11:08,33.5999374389648,-7.60628890991211,"Male"
"6018403",371836,2025-10-27 23:21:09,33.599983215332,-7.6063289642334,"Male"
"6018403",371836,2025-10-27 23:31:10,33.5999984741211,-7.60619163513184,"Male"
"6018403",371836,2025-10-27 23:41:12,33.5999374389648,-7.60643815994263,"Male"
"6018403",371836,2025-10-27 23:51:10,33.6000022888184,-7.60609102249146,"Male"
"6018403",371836,2025-10-28 00:01:03,33.5999336242676,-7.60619831085205,"Male"
"6018403",371836,2025-10-28 00:11:08,33.599853515625,-7.60632371902466,"Male"
"6018403",371836,2025-10-28 00:21:08,33.5999565124512,-7.60608863830566,"Male"
"6018403",371836,2025-10-28 00:31:08,33.5999450683594,-7.6056752204895,"Male"
"6018403",371836,2025-10-28 00:41:09,33.599983215332,-7.60563135147095,"Male"
"6018403",371836,2025-10-28 00:51:14,33.5998840332031,-7.60648012161255,"Male"
"6018403",371836,2025-10-28 01:01:18,33.5997276306152,-7.60623788833618,"Male"
"6018403",371836,2025-10-28 01:11:08,33.5997734069824,-7.606201171875,"Male"
"6018403",371836,2025-10-28 01:21:08,33.5996398925781,-7.60608243942261,"Male"
"6018403",371836,2025-10-28 01:31:09,33.5997200012207,-7.60612201690674,"Male"
"6018403",371836,2025-10-28 01:41:08,33.5998687744141,-7.60641002655029,"Male"
"6018403",371836,2025-10-28 01:51:35,33.5999450683594,-7.60630798339844,"Male"
"6018403",371836,2025-10-28 02:01:02,33.5999298095703,-7.60619068145752,"Male"
"6018403",371836,2025-10-28 02:11:02,33.5999374389648,-7.60625314712524,"Male"
"6018403",371836,2025-10-28 02:21:02,33.5999069213867,-7.60639047622681,"Male"
"6018403",371836,2025-10-28 02:31:08,33.5999298095703,-7.60625267028809,"Male"
"6018403",371836,2025-10-28 02:41:05,33.5999717712402,-7.60641050338745,"Male"
"6018403",371836,2025-10-28 02:51:05,33.599925994873,-7.60623550415039,"Male"
"6018403",371836,2025-10-28 03:01:03,33.6000099182129,-7.60624074935913,"Male"
"6018403",371836,2025-10-28 03:11:03,33.599967956543,-7.6062126159668,"Male"
"6018403",371836,2025-10-28 03:21:06,33.600040435791,-7.60627460479736,"Male"
"6018403",371836,2025-10-28 03:31:03,33.5999221801758,-7.6063117980957,"Male"
"6018403",371836,2025-10-28 03:41:03,33.5998458862305,-7.60630035400391,"Male"
"6018403",371836,2025-10-28 03:51:06,33.599967956543,-7.6062159538269,"Male"
"6018403",371836,2025-10-28 04:01:35,33.5999565124512,-7.6062479019165,"Male"
"6018403",371836,2025-10-28 04:11:08,33.5998992919922,-7.60612726211548,"Male"
"6018403",371836,2025-10-28 04:21:08,33.5998954772949,-7.60623931884766,"Male"
"6018403",371836,2025-10-28 04:31:08,33.6000099182129,-7.60633659362793,"Male"
"6018403",371836,2025-10-28 04:41:07,33.599910736084,-7.60630798339844,"Male"
"6018403",371836,2025-10-28 04:51:07,33.6002578735352,-7.60608339309692,"Male"
"6018403",371836,2025-10-28 05:01:12,33.6000328063965,-7.60631847381592,"Male"
"6018403",371836,2025-10-28 05:11:09,33.5999488830566,-7.6062479019165,"Male"
"6018403",371836,2025-10-28 05:21:05,33.6002082824707,-7.60633993148804,"Male"
"6018403",371836,2025-10-28 05:31:07,33.5999374389648,-7.60632848739624,"Male"
"6018403",371836,2025-10-28 05:41:09,33.6000518798828,-7.60648727416992,"Male"
"6018403",371836,2025-10-28 05:51:10,33.5998458862305,-7.60640239715576,"Male"
"6018403",371836,2025-10-28 06:01:35,33.5998649597168,-7.60623216629028,"Male"
"6018403",371836,2025-10-28 06:11:06,33.5999412536621,-7.60626602172852,"Male"
"6018403",371836,2025-10-28 06:21:03,33.5998840332031,-7.60622215270996,"Male"
"6018403",371836,2025-10-28 06:31:05,33.6005554199219,-7.60715103149414,"Male"
"6018403",371836,2025-10-28 06:41:06,33.6004981994629,-7.60707473754883,"Male"
"6018403",371836,2025-10-28 06:51:12,33.5998191833496,-7.60620641708374,"Male"
"6018403",371836,2025-10-28 07:01:06,33.5990028381348,-7.64893341064453,"Male"
"6018403",371836,2025-10-28 07:11:04,33.6007194519043,-7.65804386138916,"Male"
"6018403",371836,2025-10-28 07:21:09,33.5941696166992,-7.63222932815552,"Male"
"6018403",371836,2025-10-28 07:31:14,33.5934181213379,-7.63241767883301,"Male"
"6018403",371836,2025-10-28 07:41:35,33.5940704345703,-7.63223457336426,"Male"
"6018403",371836,2025-10-28 07:51:06,33.5940856933594,-7.63229036331177,"Male"
"6018403",371836,2025-10-28 08:01:03,33.5940208435059,-7.63224458694458,"Male"
"6018403",371836,2025-10-28 08:11:06,33.594108581543,-7.63237285614014,"Male"
"6018403",371836,2025-10-28 08:21:03,33.5941581726074,-7.63231229782104,"Male"
"6018403",371836,2025-10-28 08:31:02,33.5941581726074,-7.63221263885498,"Male"
"6018403",371836,2025-10-28 08:41:02,33.5941429138184,-7.63225555419922,"Male"
"6018403",371836,2025-10-28 08:51:03,33.5941467285156,-7.63225507736206,"Male"
"6018403",371836,2025-10-28 09:01:02,33.5942039489746,-7.63232231140137,"Male"
"6018403",371836,2025-10-28 09:11:09,33.5940895080566,-7.63213968276978,"Male"
"6018403",371836,2025-10-28 09:21:03,33.5942115783691,-7.63244724273682,"Male"
"6018403",371836,2025-10-28 09:31:02,33.594165802002,-7.63234949111938,"Male"
"6018403",371836,2025-10-28 09:41:03,33.5942535400391,-7.63255167007446,"Male"
"6018403",371836,2025-10-28 09:51:09,33.594181060791,-7.63254070281982,"Male"
"6018403",371836,2025-10-28 10:01:14,33.5941276550293,-7.63229942321777,"Male"
"6018403",371836,2025-10-28 10:11:08,33.5938682556152,-7.63219261169434,"Male"
"6018403",371836,2025-10-28 10:21:15,33.594367980957,-7.6328272819519,"Male"
"6018403",371836,2025-10-28 10:31:06,33.5942192077637,-7.63235902786255,"Male"
"6018403",371836,2025-10-28 10:41:24,33.593936920166,-7.63210010528565,"Male"
"6018403",371836,2025-10-28 10:51:35,33.5940437316895,-7.6323037147522,"Male"
"6018403",371836,2025-10-28 11:01:02,33.595531463623,-7.63312911987305,"Male"
"6018403",371836,2025-10-28 11:11:03,33.5934448242188,-7.6154317855835,"Male"
"6018403",371836,2025-10-28 11:21:05,33.593433380127,-7.61544561386108,"Male"
"6018403",371836,2025-10-28 11:31:02,33.5933876037598,-7.6154317855835,"Male"
"6018403",371836,2025-10-28 11:41:02,33.5885963439941,-7.6202220916748,"Male"
"6018403",371836,2025-10-28 11:51:06,33.6163024902344,-7.61764097213745,"Male"
"6018403",371836,2025-10-28 12:01:37,33.608470916748,-7.61517000198364,"Male"
"6018403",371836,2025-10-28 12:11:14,33.6085548400879,-7.6153416633606,"Male"
"6018403",371836,2025-10-28 12:21:35,33.608570098877,-7.61523246765137,"Male"
"6018403",371836,2025-10-28 12:31:03,33.6085739135742,-7.61503601074219,"Male"
"6018403",371836,2025-10-28 12:41:03,33.6085052490234,-7.61532878875732,"Male"
"6018403",371836,2025-10-28 12:51:35,33.608642578125,-7.6154613494873,"Male"
"6018403",371836,2025-10-28 13:01:05,33.6086921691895,-7.61564302444458,"Male"
"6018403",371836,2025-10-28 13:11:05,33.6087379455566,-7.61580419540405,"Male"
"6018403",371836,2025-10-28 13:21:12,33.6085510253906,-7.61523914337158,"Male"
"6018403",371836,2025-10-28 13:31:09,33.6085548400879,-7.61517238616943,"Male"
"6018403",371836,2025-10-28 13:41:09,33.6085968017578,-7.61512851715088,"Male"
"6018403",371836,2025-10-28 13:51:35,33.6085662841797,-7.61515378952026,"Male"
"6018403",371836,2025-10-28 14:01:02,33.6085624694824,-7.61520481109619,"Male"
"6018403",371836,2025-10-28 14:11:03,33.608528137207,-7.61527729034424,"Male"
"6018403",371836,2025-10-28 14:21:49,33.6086044311523,-7.61525917053223,"Male"
"6018403",371836,2025-10-28 14:31:05,33.6038665771484,-7.61703300476074,"Male"
"6018403",371836,2025-10-28 14:41:08,33.597038269043,-7.61566877365112,"Male"
"6018403",371836,2025-10-28 14:51:07,33.5970840454102,-7.6157660484314,"Male"
"6018403",371836,2025-10-28 15:01:03,33.5970191955566,-7.61561346054077,"Male"
"6018403",371836,2025-10-28 15:11:06,33.5970649719238,-7.61560201644897,"Male"
"6018403",371836,2025-10-28 15:21:05,33.596996307373,-7.61571359634399,"Male"
"6018403",371836,2025-10-28 15:31:11,33.5970306396484,-7.61563110351562,"Male"
"6018403",371836,2025-10-28 15:41:08,33.5970039367676,-7.61561298370361,"Male"
"6018403",371836,2025-10-28 15:51:10,33.5969352722168,-7.61549615859985,"Male"
"6018403",371836,2025-10-28 16:01:08,33.5970077514648,-7.615562915802,"Male"
"6018403",371836,2025-10-28 16:11:13,33.5971260070801,-7.61564588546753,"Male"
"6018403",371836,2025-10-28 16:21:15,33.5971260070801,-7.61580753326416,"Male"
"6018403",371836,2025-10-28 16:31:35,33.5969467163086,-7.61566066741943,"Male"
"6018403",371836,2025-10-28 16:41:09,33.5968704223633,-7.61560487747192,"Male"
"6018403",371836,2025-10-28 16:51:14,33.5971450805664,-7.61608171463013,"Male"
"6018403",371836,2025-10-28 17:01:14,33.5969924926758,-7.61559581756592,"Male"
"6018403",371836,2025-10-28 17:11:08,33.5969848632812,-7.61540794372559,"Male"
"6018403",371836,2025-10-28 17:21:06,33.6007843017578,-7.6067361831665,"Male"
"6018403",371836,2025-10-28 17:31:13,33.6009941101074,-7.60582256317139,"Male"
"6018403",371836,2025-10-28 17:41:03,33.6009368896484,-7.60567378997803,"Male"
"6018403",371836,2025-10-28 17:51:09,33.6010055541992,-7.60568237304688,"Male"
"6018403",371836,2025-10-28 18:01:06,33.6010627746582,-7.60578012466431,"Male"
"6018403",371836,2025-10-28 18:11:08,33.6011772155762,-7.60580778121948,"Male"
"6018403",371836,2025-10-28 18:21:14,33.6012268066406,-7.60569667816162,"Male"
"6018403",371836,2025-10-28 18:31:31,33.6018028259277,-7.60619974136353,"Male"
"6018403",371836,2025-10-28 18:41:12,33.6017036437988,-7.6061577796936,"Male"
"6018403",371836,2025-10-28 18:51:08,33.601921081543,-7.60621738433838,"Male"
"6018403",371836,2025-10-28 19:01:02,33.6017761230469,-7.60617160797119,"Male"
"6018403",371836,2025-10-28 19:11:07,33.6017761230469,-7.60613822937012,"Male"
"6018403",371836,2025-10-28 19:21:08,33.6019477844238,-7.60618495941162,"Male"
"6018403",371836,2025-10-28 19:32:05,33.6018943786621,-7.60617065429688,"Male"
"6018403",371836,2025-10-28 19:41:08,33.6019096374512,-7.60613250732422,"Male"
"6018403",371836,2025-10-28 19:51:04,33.6019020080566,-7.60612392425537,"Male"
"6018403",371836,2025-10-28 20:01:02,33.6019439697266,-7.60624742507935,"Male"
"6018403",371836,2025-10-28 20:11:06,33.601863861084,-7.60624074935913,"Male"
"6018403",371836,2025-10-28 20:21:06,33.6019630432129,-7.60588026046753,"Male"
"6018403",371836,2025-10-28 20:31:05,33.601879119873,-7.60608005523682,"Male"
"6018403",371836,2025-10-28 20:41:14,33.6004524230957,-7.60670804977417,"Male"
"6018403",371836,2025-10-28 20:51:02,33.6005592346191,-7.60683584213257,"Male"
"6018403",371836,2025-10-28 21:01:04,33.6004257202148,-7.60667371749878,"Male"
"6018403",371836,2025-10-28 21:11:03,33.6005859375,-7.60674571990967,"Male"
"6018403",371836,2025-10-28 21:21:06,33.600643157959,-7.60686016082764,"Male"
"6018403",371836,2025-10-28 21:31:14,33.600284576416,-7.60658502578735,"Male"
"6018403",371836,2025-10-28 21:41:10,33.6006050109863,-7.60714435577393,"Male"
"6018403",371836,2025-10-28 21:51:12,33.600154876709,-7.6063494682312,"Male"
"6018403",371836,2025-10-28 22:01:07,33.6001853942871,-7.60636901855469,"Male"
"6018403",371836,2025-10-28 22:11:08,33.6002998352051,-7.60660934448242,"Male"
"6018403",371836,2025-10-28 22:21:35,33.6002998352051,-7.60642623901367,"Male"
"6018403",371836,2025-10-28 22:31:09,33.6002426147461,-7.60647296905518,"Male"
"6018403",371836,2025-10-28 22:41:04,33.6000099182129,-7.60666561126709,"Male"
"6018403",371836,2025-10-28 22:51:05,33.600212097168,-7.60659170150757,"Male"
"6018403",371836,2025-10-28 23:01:08,33.600154876709,-7.60664129257202,"Male"
"6018403",371836,2025-10-28 23:11:08,33.6002426147461,-7.60646629333496,"Male"
"6018403",371836,2025-10-28 23:21:08,33.6001586914062,-7.60653018951416,"Male"
"6018403",371836,2025-10-28 23:31:12,33.600227355957,-7.60644054412842,"Male"
"6018403",371836,2025-10-28 23:41:08,33.6002349853516,-7.60654544830322,"Male"
"6018403",371836,2025-10-28 23:51:08,33.6000366210938,-7.6070499420166,"Male"
"6018403",371836,2025-10-29 00:01:14,33.6001815795898,-7.60655832290649,"Male"
"6018403",371836,2025-10-29 00:31:14,33.6002349853516,-7.60670375823975,"Male"
"6018403",371836,2025-10-29 01:01:36,33.6005172729492,-7.6067419052124,"Male"
"6018403",371836,2025-10-29 01:31:14,33.6002082824707,-7.60676240921021,"Male"
"6018403",371836,2025-10-29 02:01:08,33.6001777648926,-7.60662221908569,"Male"
"6018403",371836,2025-10-29 02:31:35,33.5998573303223,-7.60652828216553,"Male"
"6018403",371836,2025-10-29 03:01:04,33.5999412536621,-7.60648965835571,"Male"
"6018403",371836,2025-10-29 03:31:04,33.601921081543,-7.60579872131348,"Male"
"6018403",371836,2025-10-29 04:01:14,33.6018714904785,-7.60580110549927,"Male"
"6018403",371836,2025-10-29 04:31:08,33.6018524169922,-7.60578727722168,"Male"
"6018403",371836,2025-10-29 05:01:35,33.6016960144043,-7.60592269897461,"Male"
"6018403",371836,2025-10-29 05:31:10,33.6016578674316,-7.60615062713623,"Male"
"6018403",371836,2025-10-29 06:01:09,33.6016731262207,-7.6060209274292,"Male"
"6018403",371836,2025-10-29 06:31:35,33.6016044616699,-7.60607576370239,"Male"
"6018403",371836,2025-10-29 07:01:13,33.6013145446777,-7.67171955108643,"Male"
"6018403",371836,2025-10-29 07:31:35,33.5931129455566,-7.63775396347046,"Male"
"6018403",371836,2025-10-29 08:01:03,33.5931282043457,-7.63769292831421,"Male"
"6018403",371836,2025-10-29 08:31:05,33.5832099914551,-7.63472747802734,"Male"
"6018403",371836,2025-10-29 09:01:04,33.543083190918,-7.60495710372925,"Male"
"6018403",371836,2025-10-29 09:31:06,33.5128288269043,-7.59452056884766,"Male"
"6018403",371836,2025-10-29 10:01:35,33.5128746032715,-7.59551286697388,"Male"
"6018403",371836,2025-10-29 10:31:35,33.5127029418945,-7.59529781341553,"Male"
"6018403",371836,2025-10-29 11:01:03,33.5126838684082,-7.59530305862427,"Male"
"6018403",371836,2025-10-29 11:31:05,33.5125312805176,-7.5952959060669,"Male"
"6018403",371836,2025-10-29 12:01:03,33.5120697021484,-7.5965690612793,"Male"
"6018403",371836,2025-10-29 12:31:35,33.5126571655273,-7.59639263153076,"Male"
"6018403",371836,2025-10-29 13:01:04,33.5126533508301,-7.59636497497559,"Male"
"6018403",371836,2025-10-29 13:31:06,33.5125617980957,-7.59614562988281,"Male"
"6018403",371836,2025-10-29 14:01:03,33.5118560791016,-7.59585666656494,"Male"
"6018403",371836,2025-10-29 14:31:15,33.5112419128418,-7.59605407714844,"Male"
"6018403",371836,2025-10-29 15:01:44,33.4732055664062,-7.54095315933228,"Male"
"6018403",371836,2025-10-29 15:31:10,33.4735717773438,-7.54138231277466,"Male"
"6018403",371836,2025-10-29 16:01:14,33.4737548828125,-7.54119729995728,"Male"
"6018403",371836,2025-10-29 16:31:15,33.4741172790527,-7.54126167297363,"Male"
"6018403",371836,2025-10-29 17:01:35,33.473804473877,-7.5417685508728,"Male"
"6018403",371836,2025-10-29 17:31:07,33.490364074707,-7.5524525642395,"Male"
"6018403",371836,2025-10-29 18:01:09,33.5505752563477,-7.5609655380249,"Male"
"6018403",371836,2025-10-29 18:31:33,33.6020011901855,-7.60565280914307,"Male"
"6018403",371836,2025-10-29 19:01:04,33.6018753051758,-7.60573863983154,"Male"
"6018403",371836,2025-10-29 19:31:03,33.6018409729004,-7.60570812225342,"Male"
"6018403",371836,2025-10-29 20:01:13,33.6016578674316,-7.60633373260498,"Male"
"6018403",371836,2025-10-29 20:31:08,33.6014938354492,-7.6064920425415,"Male"
"6018403",371836,2025-10-29 21:01:09,33.6015205383301,-7.60637712478638,"Male"
"6018403",371836,2025-10-29 21:31:36,33.6016654968262,-7.60635280609131,"Male"
"6018403",371836,2025-10-29 22:01:07,33.6017150878906,-7.60637474060059,"Male"
"6018403",371836,2025-10-29 22:31:03,33.6017684936523,-7.60653734207153,"Male"
"6018403",371836,2025-10-29 23:01:08,33.6016044616699,-7.60641717910767,"Male"
"6018403",371836,2025-10-29 23:31:14,33.6016464233398,-7.6063084602356,"Male"
"6018403",371836,2025-10-30 00:01:12,33.601619720459,-7.60635375976562,"Male"
"6018403",371836,2025-10-30 00:31:35,33.6005668640137,-7.60664939880371,"Male"
"6018403",371836,2025-10-30 01:01:36,33.6003494262695,-7.6067705154419,"Male"
"6018403",371836,2025-10-30 01:31:14,33.6005783081055,-7.60681247711182,"Male"
"6018403",371836,2025-10-30 02:01:35,33.6018486022949,-7.60596656799316,"Male"
"6018403",371836,2025-10-30 02:31:03,33.6018753051758,-7.605881690979,"Male"
"6018403",371836,2025-10-30 03:01:11,33.601806640625,-7.60601329803467,"Male"
"6018403",371836,2025-10-30 03:31:04,33.6018447875977,-7.60590839385986,"Male"
"6018403",371836,2025-10-30 04:01:10,33.6018676757812,-7.60596799850464,"Male"
"6018403",371836,2025-10-30 04:31:14,33.6023254394531,-7.60569381713867,"Male"
"6018403",371836,2025-10-30 05:01:32,33.6018409729004,-7.60588932037354,"Male"
"6018403",371836,2025-10-30 05:31:14,33.6018257141113,-7.60596704483032,"Male"
"6018403",371836,2025-10-30 06:01:09,33.6018104553223,-7.60585880279541,"Male"
"6018403",371836,2025-10-30 06:31:36,33.5997428894043,-7.60631418228149,"Male"
"6018403",371836,2025-10-30 07:01:17,33.5892219543457,-7.60730886459351,"Male"
"6018403",371836,2025-10-30 07:31:16,33.5892791748047,-7.60742139816284,"Male"
"6018403",371836,2025-10-30 08:01:36,33.5892372131348,-7.60736131668091,"Male"
"6018403",371836,2025-10-30 08:31:14,33.5893669128418,-7.60726928710938,"Male"
"6018403",371836,2025-10-30 09:01:10,33.528003692627,-7.61290073394775,"Male"
"6018403",371836,2025-10-30 09:31:09,33.5110054016113,-7.60308361053467,"Male"
"6018403",371836,2025-10-30 10:01:35,33.5258445739746,-7.57241773605347,"Male"
"6018403",371836,2025-10-30 10:31:09,33.4806976318359,-7.53654384613037,"Male"
"6018403",371836,2025-10-30 11:01:03,33.4795265197754,-7.53727865219116,"Male"
"6018403",371836,2025-10-30 11:31:03,33.4794425964355,-7.53732824325562,"Male"
"6018403",371836,2025-10-30 12:01:03,33.4793968200684,-7.53735017776489,"Male"
"6018403",371836,2025-10-30 12:31:07,33.479549407959,-7.53692722320557,"Male"
"6018403",371836,2025-10-30 13:01:14,33.4792022705078,-7.5369758605957,"Male"
"6018403",371836,2025-10-30 13:31:14,33.4789657592773,-7.53706741333008,"Male"
"6018403",371836,2025-10-30 14:01:04,33.4778823852539,-7.54191398620605,"Male"
"6018403",371836,2025-10-30 14:31:51,33.4779205322266,-7.54217576980591,"Male"
"6018403",371836,2025-10-30 15:01:04,33.4779319763184,-7.54214286804199,"Male"
"6018403",371836,2025-10-30 15:31:07,33.4780311584473,-7.54229927062988,"Male"
"6018403",371836,2025-10-30 16:01:06,33.4776992797852,-7.54176664352417,"Male"
"6018403",371836,2025-10-30 16:31:09,33.4777946472168,-7.54164123535156,"Male"
"6018403",371836,2025-10-30 17:01:11,33.5220642089844,-7.58322763442993,"Male"
"6018403",371836,2025-10-30 17:31:15,33.5970573425293,-7.61570882797241,"Male"
"6018403",371836,2025-10-30 18:01:09,33.5972290039062,-7.61587333679199,"Male"
"6018403",371836,2025-10-30 18:31:44,33.6019248962402,-7.60622024536133,"Male"
"6018403",371836,2025-10-30 19:01:09,33.601921081543,-7.60601711273193,"Male"
"6018403",371836,2025-10-30 19:31:15,33.6019592285156,-7.60606479644775,"Male"
"6018403",371836,2025-10-30 20:01:35,33.6019248962402,-7.60607004165649,"Male"
"6018403",371836,2025-10-30 20:31:06,33.6018905639648,-7.60583305358887,"Male"
"6018403",371836,2025-10-30 21:01:43,33.6018333435059,-7.606032371521,"Male"
"6018403",371836,2025-10-30 21:31:08,33.6016731262207,-7.60605525970459,"Male"
"6018403",371836,2025-10-30 22:01:15,33.6012725830078,-7.60606384277344,"Male"
"6018403",371836,2025-10-30 22:31:14,33.6019248962402,-7.60601043701172,"Male"
"6018403",371836,2025-10-30 23:01:09,33.601921081543,-7.60615158081055,"Male"
"6018403",371836,2025-10-30 23:31:35,33.6018180847168,-7.60606288909912,"Male"
"6018403",371836,2025-10-31 00:01:06,33.6017532348633,-7.60573530197144,"Male"
"6018403",371836,2025-10-31 00:31:05,33.6018867492676,-7.60551834106445,"Male"
"6018403",371836,2025-10-31 01:01:10,33.6022338867188,-7.60518264770508,"Male"
"6018403",371836,2025-10-31 01:31:06,33.601879119873,-7.60572910308838,"Male"
"6018403",371836,2025-10-31 02:01:35,33.6018562316895,-7.60549306869507,"Male"
"6018403",371836,2025-10-31 02:31:06,33.601692199707,-7.60566186904907,"Male"
"6018403",371836,2025-10-31 03:01:06,33.6018486022949,-7.6053352355957,"Male"
"6018403",371836,2025-10-31 03:31:13,33.5966300964355,-7.60838031768799,"Male"
"6018403",371836,2025-10-31 04:01:35,33.6018562316895,-7.60544919967651,"Male"
"6018403",371836,2025-10-31 04:31:03,33.6018028259277,-7.60561561584473,"Male"
"6018403",371836,2025-10-31 05:01:03,33.601936340332,-7.60547113418579,"Male"
"6018403",371836,2025-10-31 05:31:10,33.601806640625,-7.60556983947754,"Male"
"6018403",371836,2025-10-31 06:01:35,33.6017913818359,-7.60554504394531,"Male"
"6018403",371836,2025-10-31 06:31:03,33.6027641296387,-7.65331745147705,"Male"
"6018403",371836,2025-10-31 07:01:06,33.5957527160645,-7.64076566696167,"Male"
"6018403",371836,2025-10-31 07:31:14,33.5928993225098,-7.63776016235352,"Male"
"6018403",371836,2025-10-31 08:01:08,33.592945098877,-7.63763809204102,"Male"
"6018403",371836,2025-10-31 08:31:35,33.5548934936523,-7.62454080581665,"Male"
"6018403",371836,2025-10-31 09:01:09,33.536376953125,-7.61003923416138,"Male"
"6018403",371836,2025-10-31 09:31:06,33.5363731384277,-7.61005640029907,"Male"
"6018403",371836,2025-10-31 10:01:14,33.5569343566895,-7.61305904388428,"Male"
"6018403",371836,2025-10-31 10:31:04,33.5374908447266,-7.66029739379883,"Male"
"6018403",371836,2025-10-31 11:01:04,33.5399551391602,-7.59014558792114,"Male"
"6018403",371836,2025-10-31 11:11:04,33.5340728759766,-7.57036542892456,"Male"
"6018403",371836,2025-10-31 11:21:11,33.5281753540039,-7.55844020843506,"Male"
"6018403",371836,2025-10-31 11:31:09,33.5282173156738,-7.55828475952148,"Male"
"6018403",371836,2025-10-31 11:41:10,33.5282363891602,-7.55819463729858,"Male"
"6018403",371836,2025-10-31 11:51:06,33.5018043518066,-7.54854917526245,"Male"
"6018403",371836,2025-10-31 12:01:08,33.4781723022461,-7.53677892684937,"Male"
"6018403",371836,2025-10-31 12:11:10,33.4779663085938,-7.53688764572144,"Male"
"6018403",371836,2025-10-31 12:21:10,33.4789161682129,-7.53669881820679,"Male"
"6018403",371836,2025-10-31 12:31:16,33.4787178039551,-7.53647947311401,"Male"
"6018403",371836,2025-10-31 12:41:09,33.4786529541016,-7.53661346435547,"Male"
"6018403",371836,2025-10-31 12:51:35,33.4783706665039,-7.5418267250061,"Male"
"6018403",371836,2025-10-31 13:01:11,33.4783630371094,-7.5416464805603,"Male"
"6018403",371836,2025-10-31 13:11:09,33.4784507751465,-7.54182815551758,"Male"
"6018403",371836,2025-10-31 13:21:35,33.4784660339355,-7.54182529449463,"Male"
"6018403",371836,2025-10-31 13:31:06,33.4784736633301,-7.54184103012085,"Male"
"6018403",371836,2025-10-31 13:41:06,33.4784622192383,-7.54190349578857,"Male"
"6018403",371836,2025-10-31 13:51:06,33.4785003662109,-7.54196929931641,"Male"
"6018403",371836,2025-10-31 14:01:35,33.4784660339355,-7.54191446304321,"Male"
"6018403",371836,2025-10-31 14:11:03,33.4784812927246,-7.54188823699951,"Male"
"6018403",371836,2025-10-31 14:21:04,33.4785308837891,-7.54192733764648,"Male"
"6018403",371836,2025-10-31 14:31:06,33.4785308837891,-7.54186725616455,"Male"
"6018403",371836,2025-10-31 14:41:11,33.4790534973145,-7.54145860671997,"Male"
"6018403",371836,2025-10-31 14:51:04,33.4771041870117,-7.54017066955566,"Male"
"6018403",371836,2025-10-31 15:01:04,33.478343963623,-7.54151391983032,"Male"
"6018403",371836,2025-10-31 15:11:04,33.4773063659668,-7.54015922546387,"Male"
"6018403",371836,2025-10-31 15:21:05,33.4784774780273,-7.54168653488159,"Male"
"6018403",371836,2025-10-31 15:31:08,33.4788627624512,-7.54181051254272,"Male"
"6018403",371836,2025-10-31 15:41:09,33.4788665771484,-7.5418381690979,"Male"
"6018403",371836,2025-10-31 15:51:08,33.4794578552246,-7.54178524017334,"Male"
"6018403",371836,2025-10-31 16:01:08,33.4795837402344,-7.54173469543457,"Male"
"6018403",371836,2025-10-31 16:11:06,33.4794387817383,-7.54157066345215,"Male"
"6018403",371836,2025-10-31 16:21:07,33.4795036315918,-7.54165935516357,"Male"
"6018403",371836,2025-10-31 16:31:06,33.4796028137207,-7.54153394699097,"Male"
"6018403",371836,2025-10-31 16:41:06,33.479606628418,-7.54148292541504,"Male"
"6018403",371836,2025-10-31 16:51:04,33.4797897338867,-7.54126977920532,"Male"
"6018403",371836,2025-10-31 17:01:07,33.4844856262207,-7.59832668304443,"Male"
"6018403",371836,2025-10-31 17:11:06,33.5184135437012,-7.61539888381958,"Male"
"6018403",371836,2025-10-31 17:21:07,33.5602226257324,-7.63111686706543,"Male"
"6018403",371836,2025-10-31 17:31:11,33.5949554443359,-7.62169647216797,"Male"
"6018403",371836,2025-10-31 17:41:06,33.5951499938965,-7.62167739868164,"Male"
"6018403",371836,2025-10-31 17:51:06,33.5952415466309,-7.62182664871216,"Male"
"6018403",371836,2025-10-31 18:01:04,33.6023368835449,-7.6063027381897,"Male"
"6018403",371836,2025-10-31 18:11:04,33.6023979187012,-7.60622501373291,"Male"
"6018403",371836,2025-10-31 18:21:09,33.6023406982422,-7.6063175201416,"Male"
"6018403",371836,2025-10-31 18:31:07,33.6021690368652,-7.60645580291748,"Male"
"6018403",371836,2025-10-31 18:41:08,33.6022453308105,-7.60624647140503,"Male"
"6018403",371836,2025-10-31 18:51:07,33.602180480957,-7.60631370544434,"Male"
"6018403",371836,2025-10-31 19:01:09,33.6021690368652,-7.60630130767822,"Male"
"6018403",371836,2025-10-31 19:11:06,33.602123260498,-7.60630655288696,"Male"
"6018403",371836,2025-10-31 19:21:08,33.6021270751953,-7.60628366470337,"Male"
"6018403",371836,2025-10-31 19:31:06,33.6021118164062,-7.60629081726074,"Male"
"6018403",371836,2025-10-31 19:41:06,33.6020851135254,-7.60613965988159,"Male"
"6018403",371836,2025-10-31 19:51:08,33.6021575927734,-7.60618162155151,"Male"
"6018403",371836,2025-10-31 20:01:06,33.6021041870117,-7.60625791549683,"Male"
"6018403",371836,2025-10-31 20:11:06,33.6022033691406,-7.60628032684326,"Male"
"6018403",371836,2025-10-31 20:21:09,33.6020660400391,-7.60625648498535,"Male"
"6018403",371836,2025-10-31 20:31:07,33.6020050048828,-7.60616493225098,"Male"
"6018403",371836,2025-10-31 20:41:06,33.6022071838379,-7.60598754882812,"Male"
"6018403",371836,2025-10-31 20:51:06,33.6020126342773,-7.60587930679321,"Male"
"6018403",371836,2025-10-31 21:01:04,33.6019897460938,-7.60584831237793,"Male"
"6018403",371836,2025-10-31 21:11:07,33.6021156311035,-7.60588502883911,"Male"
"6018403",371836,2025-10-31 21:21:06,33.6022033691406,-7.60574722290039,"Male"
"6018403",371836,2025-10-31 21:31:08,33.6021270751953,-7.60554456710815,"Male"
"6018403",371836,2025-10-31 21:41:07,33.6025314331055,-7.60540246963501,"Male"
"6018403",371836,2025-10-31 21:51:06,33.6021728515625,-7.60551357269287,"Male"
"6018403",371836,2025-10-31 22:01:06,33.6022300720215,-7.60547685623169,"Male"
"6018403",371836,2025-10-31 22:11:07,33.6021385192871,-7.60549688339233,"Male"
"6018403",371836,2025-10-31 22:21:06,33.602367401123,-7.60529136657715,"Male"
"6018403",371836,2025-10-31 22:31:05,33.6019020080566,-7.6052656173706,"Male"
"6018403",371836,2025-10-31 22:41:07,33.6020278930664,-7.60503244400024,"Male"
"6018403",371836,2025-10-31 22:51:05,33.6019477844238,-7.60511541366577,"Male"
"6018403",371836,2025-10-31 23:01:04,33.601978302002,-7.60504913330078,"Male"
"6018403",371836,2025-10-31 23:11:07,33.6021728515625,-7.60502433776855,"Male"
"6018403",371836,2025-10-31 23:21:04,33.6021270751953,-7.60510540008545,"Male"
"6018403",371836,2025-10-31 23:31:04,33.6020889282227,-7.60517978668213,"Male"
"6018403",371836,2025-10-31 23:41:06,33.6020011901855,-7.60523843765259,"Male"
"6018403",371836,2025-10-31 23:51:04,33.6020736694336,-7.60510158538818,"Male"
"6018403",371836,2025-11-01 00:01:06,33.6020622253418,-7.60511493682861,"Male"
"6018403",371836,2025-11-01 00:11:04,33.6021461486816,-7.60506010055542,"Male"
"6018403",371836,2025-11-01 00:21:06,33.6021308898926,-7.60527038574219,"Male"
"6018403",371836,2025-11-01 00:31:06,33.6017417907715,-7.60535573959351,"Male"
"6018403",371836,2025-11-01 00:41:07,33.601390838623,-7.60531234741211,"Male"
"6018403",371836,2025-11-01 00:51:06,33.6016464233398,-7.60532665252685,"Male"
"6018403",371836,2025-11-01 01:01:05,33.6016311645508,-7.60599040985107,"Male"
"6018403",371836,2025-11-01 01:11:05,33.6017723083496,-7.60595893859863,"Male"
"6018403",371836,2025-11-01 01:21:07,33.6005172729492,-7.6065526008606,"Male"
"6018403",371836,2025-11-01 01:31:06,33.600513458252,-7.60655117034912,"Male"
"6018403",371836,2025-11-01 01:41:06,33.6004676818848,-7.60652208328247,"Male"
"6018403",371836,2025-11-01 01:51:05,33.6004905700684,-7.60642242431641,"Male"
"6018403",371836,2025-11-01 02:01:08,33.6004905700684,-7.60655975341797,"Male"
"6018403",371836,2025-11-01 02:11:04,33.6004981994629,-7.60686349868774,"Male"
"6018403",371836,2025-11-01 02:21:05,33.6006240844727,-7.60639524459839,"Male"
"6018403",371836,2025-11-01 02:31:07,33.6004943847656,-7.6065263748169,"Male"
"6018403",371836,2025-11-01 02:41:06,33.6005859375,-7.60656356811523,"Male"
"6018403",371836,2025-11-01 02:51:07,33.6005744934082,-7.60650205612183,"Male"
"6018403",371836,2025-11-01 03:01:08,33.6005973815918,-7.60638046264648,"Male"
"6018403",371836,2025-11-01 03:11:04,33.6007766723633,-7.60639667510986,"Male"
"6018403",371836,2025-11-01 03:21:04,33.6005668640137,-7.60653829574585,"Male"
"6018403",371836,2025-11-01 03:31:08,33.6006393432617,-7.60661649703979,"Male"
"6018403",371836,2025-11-01 03:41:06,33.6006355285645,-7.60642623901367,"Male"
"6018403",371836,2025-11-01 03:51:06,33.6006851196289,-7.60645389556885,"Male"
"6018403",371836,2025-11-01 04:01:06,33.600757598877,-7.60642051696777,"Male"
"6018403",371836,2025-11-01 04:11:06,33.6006889343262,-7.60637092590332,"Male"
"6018403",371836,2025-11-01 04:21:08,33.6003494262695,-7.60648727416992,"Male"
"6018403",371836,2025-11-01 04:31:08,33.6005020141602,-7.60633754730225,"Male"
"6018403",371836,2025-11-01 04:41:06,33.6005096435547,-7.60638666152954,"Male"
"6018403",371836,2025-11-01 04:51:06,33.6005172729492,-7.60639762878418,"Male"
"6018403",371836,2025-11-01 05:01:04,33.600528717041,-7.60643196105957,"Male"
"6018403",371836,2025-11-01 05:11:04,33.6004600524902,-7.6063871383667,"Male"
"6018403",371836,2025-11-01 05:21:06,33.6004028320312,-7.60635471343994,"Male"
"6018403",371836,2025-11-01 05:31:06,33.6005897521973,-7.60632371902466,"Male"
"6018403",371836,2025-11-01 05:41:04,33.600399017334,-7.60644865036011,"Male"
"6018403",371836,2025-11-01 05:51:09,33.6002578735352,-7.60653018951416,"Male"
"6018403",371836,2025-11-01 06:01:06,33.6003570556641,-7.60666227340698,"Male"
"6018403",371836,2025-11-01 06:11:05,33.600414276123,-7.60677194595337,"Male"
"6018403",371836,2025-11-01 06:21:06,33.6002883911133,-7.60678625106812,"Male"
"6018403",371836,2025-11-01 06:31:06,33.6006698608398,-7.60687160491943,"Male"
"6018403",371836,2025-11-01 06:41:05,33.6005249023438,-7.60673570632935,"Male"
"6018403",371836,2025-11-01 06:51:06,33.5903244018555,-7.61949872970581,"Male"
"6018403",371836,2025-11-01 07:01:04,33.5931053161621,-7.63789367675781,"Male"
"6018403",371836,2025-11-01 07:11:04,33.593204498291,-7.63764715194702,"Male"
"6018403",371836,2025-11-01 07:21:04,33.593132019043,-7.63762950897217,"Male"
"6018403",371836,2025-11-01 07:31:06,33.59326171875,-7.63781213760376,"Male"
"6018403",371836,2025-11-01 07:41:08,33.5932350158691,-7.63747406005859,"Male"
"6018403",371836,2025-11-01 07:51:07,33.5932006835938,-7.6375904083252,"Male"
"6018403",371836,2025-11-01 08:01:07,33.5931777954102,-7.63753747940063,"Male"
"6018403",371836,2025-11-01 08:11:09,33.5903930664062,-7.62583923339844,"Male"
"6018403",371836,2025-11-01 08:21:08,33.590518951416,-7.62665033340454,"Male"
"6018403",371836,2025-11-01 08:31:09,33.5904541015625,-7.62666416168213,"Male"
"6018403",371836,2025-11-01 08:41:09,33.5903625488281,-7.62659358978271,"Male"
"6018403",371836,2025-11-01 08:51:10,33.5903205871582,-7.62662315368652,"Male"
"6018403",371836,2025-11-01 09:01:09,33.5866661071777,-7.61353349685669,"Male"
"6018403",371836,2025-11-01 09:11:09,33.5865325927734,-7.61361360549927,"Male"
"6018403",371836,2025-11-01 09:21:08,33.5866317749023,-7.61400556564331,"Male"
"6018403",371836,2025-11-01 09:31:06,33.5867004394531,-7.61403894424438,"Male"
"6018403",371836,2025-11-01 09:41:06,33.5866394042969,-7.61390829086304,"Male"
"6018403",371836,2025-11-01 09:51:09,33.5865707397461,-7.61378812789917,"Male"
"6018403",371836,2025-11-01 10:01:06,33.5865859985352,-7.61394166946411,"Male"
"6018403",371836,2025-11-01 10:11:06,33.5866622924805,-7.61400318145752,"Male"
"6018403",371836,2025-11-01 10:21:04,33.5867080688477,-7.61390066146851,"Male"
"6018403",371836,2025-11-01 10:31:04,33.5866813659668,-7.61395692825317,"Male"
"6018403",371836,2025-11-01 10:41:04,33.5716438293457,-7.6093544960022,"Male"
"6018403",371836,2025-11-01 10:51:06,33.5703430175781,-7.60548400878906,"Male"
"6018403",371836,2025-11-01 11:01:09,33.5705451965332,-7.60540819168091,"Male"
"6018403",371836,2025-11-01 11:11:06,33.5699081420898,-7.60551357269287,"Male"
"6018403",371836,2025-11-01 11:21:06,33.56982421875,-7.60544776916504,"Male"
"6018403",371836,2025-11-01 11:31:08,33.5698738098145,-7.60546112060547,"Male"
"6018403",371836,2025-11-01 11:41:06,33.5697784423828,-7.60532522201538,"Male"
"6018403",371836,2025-11-01 11:51:06,33.5699996948242,-7.60520124435425,"Male"
"6018403",371836,2025-11-01 12:01:04,33.5698585510254,-7.60534954071045,"Male"
"6018403",371836,2025-11-01 12:11:04,33.5699653625488,-7.60495471954346,"Male"
"6018403",371836,2025-11-01 12:21:06,33.5700225830078,-7.60508346557617,"Male"
"6018403",371836,2025-11-01 12:31:09,33.5704154968262,-7.60504293441772,"Male"
"6018403",371836,2025-11-01 12:41:06,33.5702590942383,-7.60555744171143,"Male"
"6018403",371836,2025-11-01 12:51:06,33.5700302124023,-7.60521030426025,"Male"
"6018403",371836,2025-11-01 13:01:06,33.5700645446777,-7.60532569885254,"Male"
"6018403",371836,2025-11-01 13:11:06,33.5702247619629,-7.60538148880005,"Male"
"6018403",371836,2025-11-01 13:21:07,33.5702285766602,-7.60532140731812,"Male"
"6018403",371836,2025-11-01 13:31:09,33.5702819824219,-7.60519886016846,"Male"
"6018403",371836,2025-11-01 13:41:08,33.5317306518555,-7.57156324386597,"Male"
"6018403",371836,2025-11-01 13:51:07,33.4797401428223,-7.54076433181763,"Male"
"6018403",371836,2025-11-01 14:01:12,33.4795608520508,-7.54078054428101,"Male"
"6018403",371836,2025-11-01 14:11:13,33.4786148071289,-7.54140710830688,"Male"
"6018403",371836,2025-11-01 14:21:07,33.479621887207,-7.54135990142822,"Male"
"6018403",371836,2025-11-01 14:31:06,33.4794807434082,-7.54135322570801,"Male"
"6018403",371836,2025-11-01 14:41:04,33.4802360534668,-7.54065990447998,"Male"
"6018403",371836,2025-11-01 14:51:05,33.4797248840332,-7.54098463058472,"Male"
"6018403",371836,2025-11-01 15:01:11,33.479679107666,-7.54096603393555,"Male"
"6018403",371836,2025-11-01 15:11:15,33.4798355102539,-7.54098844528198,"Male"
"6018403",371836,2025-11-01 15:21:06,33.479808807373,-7.54106187820435,"Male"
"6018403",371836,2025-11-01 15:31:09,33.4798583984375,-7.54098558425903,"Male"
"6018403",371836,2025-11-01 15:41:06,33.4799385070801,-7.54107189178467,"Male"
"6018403",371836,2025-11-01 15:51:35,33.4798355102539,-7.54092121124268,"Male"
"6018403",371836,2025-11-01 16:01:04,33.4796180725098,-7.54114627838135,"Male"
"6018403",371836,2025-11-01 16:11:04,33.4789924621582,-7.54176568984985,"Male"
"6018403",371836,2025-11-01 16:21:10,33.4790344238281,-7.54160022735596,"Male"
"6018403",371836,2025-11-01 16:31:04,33.4789886474609,-7.54161262512207,"Male"
"6018403",371836,2025-11-01 16:41:07,33.4789695739746,-7.5415358543396,"Male"
"6018403",371836,2025-11-01 16:51:09,33.479175567627,-7.54148292541504,"Male"
"6018403",371836,2025-11-01 17:01:35,33.4790878295898,-7.54163122177124,"Male"
"6018403",371836,2025-11-01 17:11:06,33.4790725708008,-7.54173469543457,"Male"
"6018403",371836,2025-11-01 17:21:06,33.4929389953613,-7.5592794418335,"Male"
"6018403",371836,2025-11-01 17:31:09,33.5284309387207,-7.5915641784668,"Male"
"6018403",371836,2025-11-01 17:41:04,33.5737266540527,-7.6097822189331,"Male"
"6018403",371836,2025-11-01 17:51:13,33.6004600524902,-7.60649013519287,"Male"
"6018403",371836,2025-11-01 18:01:03,33.6004638671875,-7.60649347305298,"Male"
"6018403",371836,2025-11-01 18:11:10,33.6003150939941,-7.60630798339844,"Male"
"6018403",371836,2025-11-01 18:21:35,33.6001586914062,-7.60634803771973,"Male"
"6018403",371836,2025-11-01 18:31:08,33.6001510620117,-7.60649871826172,"Male"
"6018403",371836,2025-11-01 18:41:09,33.6002197265625,-7.60633707046509,"Male"
"6018403",371836,2025-11-01 18:51:08,33.6001319885254,-7.60618782043457,"Male"
"6018403",371836,2025-11-01 19:01:09,33.6001892089844,-7.6062421798706,"Male"
"6018403",371836,2025-11-01 19:11:09,33.601921081543,-7.60568046569824,"Male"
"6018403",371836,2025-11-01 19:21:09,33.6019439697266,-7.6057276725769,"Male"
"6018403",371836,2025-11-01 19:31:14,33.6018600463867,-7.60577774047852,"Male"
"6018403",371836,2025-11-01 19:41:09,33.6018676757812,-7.60570335388184,"Male"
"6018403",371836,2025-11-01 19:51:22,33.6017189025879,-7.60605144500732,"Male"
"6018403",371836,2025-11-01 20:01:13,33.6018104553223,-7.60575008392334,"Male"
"6018403",371836,2025-11-01 20:11:12,33.6018486022949,-7.60502624511719,"Male"
"6018403",371836,2025-11-01 20:21:12,33.6017951965332,-7.60549259185791,"Male"
"6018403",371836,2025-11-01 20:31:08,33.6021156311035,-7.60714101791382,"Male"
"6018403",371836,2025-11-01 20:41:11,33.6017112731934,-7.60578203201294,"Male"
"6018403",371836,2025-11-01 20:51:14,33.6022491455078,-7.60685539245605,"Male"
"6018403",371836,2025-11-01 21:01:08,33.6020278930664,-7.60627603530884,"Male"
"6018403",371836,2025-11-01 21:11:13,33.6020851135254,-7.60628890991211,"Male"
"6018403",371836,2025-11-01 21:21:12,33.6018409729004,-7.60582828521729,"Male"
"6018403",371836,2025-11-01 21:31:10,33.6017227172852,-7.60566711425781,"Male"
"6018403",371836,2025-11-01 21:41:09,33.6018409729004,-7.60565280914307,"Male"
"6018403",371836,2025-11-01 21:51:25,33.6018867492676,-7.60561370849609,"Male"
"6018403",371836,2025-11-01 22:01:12,33.6019477844238,-7.60591077804565,"Male"
"6018403",371836,2025-11-01 22:11:08,33.6018905639648,-7.60573196411133,"Male"
"6018403",371836,2025-11-01 22:21:14,33.6019020080566,-7.60549831390381,"Male"
"6018403",371836,2025-11-01 22:31:34,33.6018409729004,-7.60579013824463,"Male"
"6018403",371836,2025-11-01 22:41:04,33.6018447875977,-7.60570049285889,"Male"
"6018403",371836,2025-11-01 22:51:04,33.6017799377441,-7.60566806793213,"Male"
"6018403",371836,2025-11-01 23:01:04,33.601806640625,-7.60576295852661,"Male"
"6018403",371836,2025-11-01 23:11:07,33.6018142700195,-7.60585784912109,"Male"
"6018403",371836,2025-11-01 23:21:06,33.6018028259277,-7.60569286346435,"Male"
"6018403",371836,2025-11-01 23:31:07,33.6018142700195,-7.60571193695068,"Male"
"6018403",371836,2025-11-01 23:41:04,33.6019554138184,-7.60604095458984,"Male"
"6018403",371836,2025-11-01 23:51:07,33.6018371582031,-7.60582113265991,"Male"
"6018403",371836,2025-11-02 00:01:09,33.6018943786621,-7.60583066940308,"Male"
"6018403",371836,2025-11-02 00:11:09,33.6018142700195,-7.60585784912109,"Male"
"6018403",371836,2025-11-02 00:21:09,33.6019248962402,-7.60580730438232,"Male"
"6018403",371836,2025-11-02 00:31:04,33.6018142700195,-7.60597515106201,"Male"
"6018403",371836,2025-11-02 00:41:06,33.6014938354492,-7.60597324371338,"Male"
"6018403",371836,2025-11-02 00:51:06,33.6017875671387,-7.60578441619873,"Male"
"6018403",371836,2025-11-02 01:01:04,33.6017379760742,-7.60581684112549,"Male"
"6018403",371836,2025-11-02 01:11:06,33.6019973754883,-7.60582304000854,"Male"
"6018403",371836,2025-11-02 01:21:08,33.601879119873,-7.60580921173096,"Male"
"6018403",371836,2025-11-02 01:31:04,33.6017913818359,-7.60572957992554,"Male"
"6018403",371836,2025-11-02 01:41:07,33.6018943786621,-7.60549449920654,"Male"
"6018403",371836,2025-11-02 01:51:08,33.6018218994141,-7.60610485076904,"Male"
"6018403",371836,2025-11-02 02:01:06,33.6018028259277,-7.60594511032104,"Male"
"6018403",371836,2025-11-02 02:11:09,33.6018447875977,-7.60622930526733,"Male"
"6018403",371836,2025-11-02 02:21:14,33.6019058227539,-7.6055154800415,"Male"
"6018403",371836,2025-11-02 02:31:13,33.6019058227539,-7.60588455200195,"Male"
"6018403",371836,2025-11-02 02:41:10,33.6018218994141,-7.60557651519775,"Male"
"6018403",371836,2025-11-02 02:51:04,33.601921081543,-7.6060962677002,"Male"
"6018403",371836,2025-11-02 03:01:16,33.6018943786621,-7.60620021820068,"Male"
"6018403",371836,2025-11-02 03:11:15,33.6018905639648,-7.60587692260742,"Male"
"6018403",371836,2025-11-02 03:21:09,33.6008682250977,-7.60632133483887,"Male"
"6018403",371836,2025-11-02 03:31:14,33.6008224487305,-7.60626888275146,"Male"
"6018403",371836,2025-11-02 03:41:10,33.60009765625,-7.60600423812866,"Male"
"6018403",371836,2025-11-02 03:51:18,33.6000442504883,-7.60673904418945,"Male"
"6018403",371836,2025-11-02 04:01:10,33.6001167297363,-7.6069450378418,"Male"
"6018403",371836,2025-11-02 04:11:11,33.600341796875,-7.60662364959717,"Male"
"6018403",371836,2025-11-02 04:21:13,33.6002960205078,-7.60650491714478,"Male"
"6018403",371836,2025-11-02 04:31:35,33.6004028320312,-7.60648727416992,"Male"
"6018403",371836,2025-11-02 04:41:10,33.6003494262695,-7.60646152496338,"Male"
"6018403",371836,2025-11-02 04:51:09,33.600643157959,-7.60635709762573,"Male"
"6018403",371836,2025-11-02 05:01:35,33.6004104614258,-7.60658597946167,"Male"
"6018403",371836,2025-11-02 05:11:04,33.6004028320312,-7.60659694671631,"Male"
"6018403",371836,2025-11-02 05:21:06,33.6004791259766,-7.60668468475342,"Male"
"6018403",371836,2025-11-02 05:31:07,33.6002998352051,-7.60661697387695,"Male"
"6018403",371836,2025-11-02 05:41:08,33.6006164550781,-7.60669326782227,"Male"
"6018403",371836,2025-11-02 05:51:06,33.6004371643066,-7.60662364959717,"Male"
"6018403",371836,2025-11-02 06:01:07,33.6003952026367,-7.60640716552734,"Male"
"6018403",371836,2025-11-02 06:11:09,33.6018524169922,-7.60593509674072,"Male"
"6018403",371836,2025-11-02 06:21:10,33.6018142700195,-7.60602760314941,"Male"
"6018403",371836,2025-11-02 06:31:08,33.596305847168,-7.63618612289429,"Male"
"6018403",371836,2025-11-02 06:41:06,33.6041564941406,-7.67155075073242,"Male"
"6018403",371836,2025-11-02 06:51:09,33.5954627990723,-7.64149284362793,"Male"
"6018403",371836,2025-11-02 07:01:13,33.595344543457,-7.64134836196899,"Male"
"6018403",371836,2025-11-02 07:11:05,33.596851348877,-7.64031410217285,"Male"
"6018403",371836,2025-11-02 07:21:09,33.5965576171875,-7.64012432098389,"Male"
"6018403",371836,2025-11-02 07:31:09,33.596794128418,-7.64034128189087,"Male"
"6018403",371836,2025-11-02 07:41:06,33.5971336364746,-7.64065313339233,"Male"
"6018403",371836,2025-11-02 07:51:44,33.5971145629883,-7.64047241210938,"Male"
"6018403",371836,2025-11-02 08:01:14,33.5971374511719,-7.64041566848755,"Male"
"6018403",371836,2025-11-02 08:11:10,33.5969734191895,-7.64034414291382,"Male"
"6018403",371836,2025-11-02 08:21:08,33.597110748291,-7.64047527313232,"Male"
"6018403",371836,2025-11-02 08:31:12,33.5972595214844,-7.64056348800659,"Male"
"6018403",371836,2025-11-02 08:41:13,33.5970458984375,-7.64037799835205,"Male"
"6018403",371836,2025-11-02 08:51:14,33.5971527099609,-7.64042472839355,"Male"
"6018403",371836,2025-11-02 09:01:35,33.5971603393555,-7.64050579071045,"Male"
"6018403",371836,2025-11-02 09:11:08,33.5971221923828,-7.64049863815308,"Male"
"6018403",371836,2025-11-02 09:21:07,33.5971221923828,-7.64055776596069,"Male"
"6018403",371836,2025-11-02 09:31:07,33.5970764160156,-7.64067506790161,"Male"
"6018403",371836,2025-11-02 09:41:06,33.5972023010254,-7.64066219329834,"Male"
"6018403",371836,2025-11-02 09:51:06,33.5970840454102,-7.64043664932251,"Male"
"6018403",371836,2025-11-02 10:01:04,33.5971374511719,-7.64063405990601,"Male"
"6018403",371836,2025-11-02 10:11:04,33.5970916748047,-7.6406078338623,"Male"
"6018403",371836,2025-11-02 10:21:06,33.5971488952637,-7.64056825637817,"Male"
"6018403",371836,2025-11-02 10:31:06,33.596736907959,-7.64035129547119,"Male"
"6018403",371836,2025-11-02 10:41:10,33.5968475341797,-7.64045810699463,"Male"
"6018403",371836,2025-11-02 10:51:07,33.5969123840332,-7.64034509658813,"Male"
"6018403",371836,2025-11-02 11:01:04,33.5967788696289,-7.6402792930603,"Male"
"6018403",371836,2025-11-02 11:11:04,33.5968132019043,-7.64044380187988,"Male"
"6018403",371836,2025-11-02 11:21:03,33.5967674255371,-7.64023733139038,"Male"
"6018403",371836,2025-11-02 11:31:08,33.5969047546387,-7.64035892486572,"Male"
"6018403",371836,2025-11-02 11:41:09,33.5967483520508,-7.64008808135986,"Male"
"6018403",371836,2025-11-02 11:51:06,33.5967674255371,-7.63997459411621,"Male"
"6018403",371836,2025-11-02 12:01:04,33.5968055725098,-7.64015483856201,"Male"
"6018403",371836,2025-11-02 12:11:09,33.5967636108398,-7.64006948471069,"Male"
"6018403",371836,2025-11-02 12:21:09,33.5970458984375,-7.64031267166138,"Male"
"6018403",371836,2025-11-02 12:31:11,33.5966606140137,-7.6403112411499,"Male"
"6018403",371836,2025-11-02 12:41:09,33.596866607666,-7.64015960693359,"Male"
"6018403",371836,2025-11-02 12:51:17,33.5968246459961,-7.64052104949951,"Male"
"6018403",371836,2025-11-02 13:01:35,33.5969009399414,-7.64027881622315,"Male"
"6018403",371836,2025-11-02 13:11:07,33.5969924926758,-7.64030170440674,"Male"
"6018403",371836,2025-11-02 13:21:05,33.5967864990234,-7.64038181304932,"Male"
"6018403",371836,2025-11-02 13:31:04,33.5969161987305,-7.64034032821655,"Male"
"6018403",371836,2025-11-02 13:41:04,33.5968284606934,-7.64039707183838,"Male"
"6018403",371836,2025-11-02 13:51:05,33.5969352722168,-7.63996553421021,"Male"
"6018403",371836,2025-11-02 14:01:06,33.5968742370605,-7.64033317565918,"Male"
"6018403",371836,2025-11-02 14:11:05,33.5967597961426,-7.64022493362427,"Male"
"6018403",371836,2025-11-02 14:21:06,33.5968818664551,-7.64031553268433,"Male"
"6018403",371836,2025-11-02 14:31:04,33.5864677429199,-7.65264987945557,"Male"
"6018403",371836,2025-11-02 14:41:14,33.5549278259277,-7.67230367660522,"Male"
"6018403",371836,2025-11-02 14:51:06,33.564510345459,-7.67265033721924,"Male"
"6018403",371836,2025-11-02 15:01:04,33.5644493103027,-7.6727876663208,"Male"
"6018403",371836,2025-11-02 15:11:06,33.5643844604492,-7.67267608642578,"Male"
"6018403",371836,2025-11-02 15:21:35,33.5644950866699,-7.67283153533935,"Male"
"6018403",371836,2025-11-02 15:31:06,33.5680541992188,-7.66525268554688,"Male"
"6018403",371836,2025-11-02 15:41:03,33.5677375793457,-7.66582202911377,"Male"
"6018403",371836,2025-11-02 15:51:03,33.579719543457,-7.64164972305298,"Male"
"6018403",371836,2025-11-02 16:01:03,33.5829734802246,-7.6330418586731,"Male"
"6018403",371836,2025-11-02 16:11:04,33.5829429626465,-7.63296890258789,"Male"
"6018403",371836,2025-11-02 16:21:04,33.5829849243164,-7.63286638259888,"Male"
"6018403",371836,2025-11-02 16:31:07,33.5830421447754,-7.63279676437378,"Male"
"6018403",371836,2025-11-02 16:41:04,33.5829849243164,-7.63284206390381,"Male"
"6018403",371836,2025-11-02 16:51:04,33.5829925537109,-7.63277912139893,"Male"
"6018403",371836,2025-11-02 17:01:06,33.5830192565918,-7.63276433944702,"Male"
"6018403",371836,2025-11-02 17:11:04,33.5932121276855,-7.62291049957275,"Male"
"6018403",371836,2025-11-02 17:21:07,33.5949287414551,-7.60847568511963,"Male"
"6018403",371836,2025-11-02 17:31:04,33.5950889587402,-7.60866928100586,"Male"
"6018403",371836,2025-11-02 17:41:07,33.5947799682617,-7.60842084884644,"Male"
"6018403",371836,2025-11-02 17:51:14,33.5954170227051,-7.60894060134888,"Male"
"6018403",371836,2025-11-02 18:01:09,33.5951042175293,-7.60878992080688,"Male"
"6018403",371836,2025-11-02 18:11:15,33.6017532348633,-7.60590887069702,"Male"
"6018403",371836,2025-11-02 18:21:14,33.6019554138184,-7.60608959197998,"Male"
"6018403",371836,2025-11-02 18:31:08,33.6018829345703,-7.60603046417236,"Male"
"6018403",371836,2025-11-02 18:41:07,33.6014366149902,-7.60592365264893,"Male"
"6018403",371836,2025-11-02 18:51:14,33.6018867492676,-7.60600185394287,"Male"
"6018403",371836,2025-11-02 19:01:09,33.6019058227539,-7.60596942901611,"Male"
"6018403",371836,2025-11-02 19:11:13,33.601993560791,-7.60585689544678,"Male"
"6018403",371836,2025-11-02 19:21:10,33.6020164489746,-7.6059160232544,"Male"
"6018403",371836,2025-11-02 19:31:18,33.6022605895996,-7.60617160797119,"Male"
"6018403",371836,2025-11-02 19:41:31,33.6019020080566,-7.60614061355591,"Male"
"6018403",371836,2025-11-02 19:51:13,33.6013221740723,-7.60605335235596,"Male"
"6018403",371836,2025-11-02 20:01:09,33.602294921875,-7.60596609115601,"Male"
"6018403",371836,2025-11-02 20:11:07,33.602409362793,-7.60605430603027,"Male"
"6018403",371836,2025-11-02 20:21:06,33.6012382507324,-7.6071457862854,"Male"
"6018403",371836,2025-11-02 20:31:09,33.6014099121094,-7.60693645477295,"Male"
"6018403",371836,2025-11-02 20:41:07,33.6012268066406,-7.60703706741333,"Male"
"6018403",371836,2025-11-02 20:51:09,33.6019287109375,-7.60625886917114,"Male"
"6018403",371836,2025-11-02 21:01:07,33.6019287109375,-7.60625457763672,"Male"
"6018403",371836,2025-11-02 21:11:10,33.6018486022949,-7.60642337799072,"Male"
"6018403",371836,2025-11-02 21:21:08,33.6017227172852,-7.60623979568481,"Male"
"6018403",371836,2025-11-02 21:31:04,33.6015243530273,-7.60608434677124,"Male"
"6018403",371836,2025-11-02 21:41:06,33.6019134521484,-7.60648488998413,"Male"
"6018403",371836,2025-11-02 21:51:06,33.6022682189941,-7.60693502426147,"Male"
"6018403",371836,2025-11-02 22:01:07,33.6020011901855,-7.60667276382446,"Male"
"6018403",371836,2025-11-02 22:11:14,33.6017646789551,-7.60619640350342,"Male"
"6018403",371836,2025-11-02 22:21:04,33.6017799377441,-7.60628604888916,"Male"
"6018403",371836,2025-11-02 22:31:15,33.6018295288086,-7.60631656646729,"Male"
"6018403",371836,2025-11-02 22:41:06,33.6020774841309,-7.60648918151855,"Male"
"6018403",371836,2025-11-02 22:51:08,33.6019096374512,-7.60637426376343,"Male"
"6018403",371836,2025-11-02 23:01:25,33.6016693115234,-7.60613298416138,"Male"
"6018403",371836,2025-11-02 23:11:10,33.6017684936523,-7.60658645629883,"Male"
"6018403",371836,2025-11-02 23:21:10,33.6021118164062,-7.60637474060059,"Male"
"6018403",371836,2025-11-02 23:31:09,33.6018562316895,-7.60645771026611,"Male"
"6018403",371836,2025-11-02 23:41:07,33.6025085449219,-7.60668659210205,"Male"
"6018403",371836,2025-11-02 23:51:14,33.602165222168,-7.60598373413086,"Male"
"6018403",371836,2025-11-03 00:01:12,33.6021499633789,-7.60575103759766,"Male"
"6018403",371836,2025-11-03 00:11:35,33.6018867492676,-7.60630035400391,"Male"
"6018403",371836,2025-11-03 00:21:04,33.6019172668457,-7.60637807846069,"Male"
"6018403",371836,2025-11-03 00:31:04,33.60205078125,-7.60638475418091,"Male"
"6018403",371836,2025-11-03 00:41:04,33.6017456054688,-7.60644960403442,"Male"
"6018403",371836,2025-11-03 00:51:04,33.6019515991211,-7.60629844665527,"Male"
"6018403",371836,2025-11-03 01:01:06,33.6019248962402,-7.60636329650879,"Male"
"6018403",371836,2025-11-03 01:11:06,33.6018486022949,-7.60633754730225,"Male"
"6018403",371836,2025-11-03 01:21:09,33.6019821166992,-7.60628986358643,"Male"
"6018403",371836,2025-11-03 01:31:05,33.6019897460938,-7.60641193389893,"Male"
"6018403",371836,2025-11-03 01:41:14,33.6019058227539,-7.6063232421875,"Male"
"6018403",371836,2025-11-03 01:51:04,33.6019706726074,-7.60628080368042,"Male"
"6018403",371836,2025-11-03 02:01:08,33.6020202636719,-7.6061749458313,"Male"
"6018403",371836,2025-11-03 02:11:06,33.6016998291016,-7.60640478134155,"Male"
"6018403",371836,2025-11-03 02:21:07,33.602123260498,-7.60595846176147,"Male"
"6018403",371836,2025-11-03 02:31:14,33.6019973754883,-7.60606145858765,"Male"
"6018403",371836,2025-11-03 02:41:04,33.6018409729004,-7.6060357093811,"Male"
"6018403",371836,2025-11-03 02:51:07,33.6019134521484,-7.60599088668823,"Male"
"6018403",371836,2025-11-03 03:01:08,33.6020164489746,-7.60603332519531,"Male"
"6018403",371836,2025-11-03 03:11:10,33.6017990112305,-7.60568428039551,"Male"
"6018403",371836,2025-11-03 03:21:14,33.601879119873,-7.60625457763672,"Male"
"6018403",371836,2025-11-03 03:31:06,33.6022186279297,-7.60643339157104,"Male"
"6018403",371836,2025-11-03 03:41:10,33.6019668579102,-7.60583686828613,"Male"
"6018403",371836,2025-11-03 03:51:07,33.6018981933594,-7.60615015029907,"Male"
"6018403",371836,2025-11-03 04:01:04,33.601806640625,-7.60597085952759,"Male"
"6018403",371836,2025-11-03 04:11:06,33.6017532348633,-7.60598134994507,"Male"
"6018403",371836,2025-11-03 04:21:10,33.6018295288086,-7.60617542266846,"Male"
"6018403",371836,2025-11-03 04:31:14,33.6016502380371,-7.60535907745361,"Male"
"6018403",371836,2025-11-03 04:41:08,33.6017417907715,-7.60618257522583,"Male"
"6018403",371836,2025-11-03 04:51:35,33.6017723083496,-7.60625886917114,"Male"
"6018403",371836,2025-11-03 05:01:04,33.601863861084,-7.60626697540283,"Male"
"6018403",371836,2025-11-03 05:31:12,33.6020431518555,-7.60610008239746,"Male"
"6018403",371836,2025-11-03 06:01:21,33.6016426086426,-7.60615158081055,"Male"
"6018403",371836,2025-11-03 06:31:14,33.6018028259277,-7.60616445541382,"Male"
"6018403",371836,2025-11-03 07:01:06,33.5955085754395,-7.60865020751953,"Male"
"6018403",371836,2025-11-03 07:31:14,33.5955505371094,-7.60869073867798,"Male"
"6018403",371836,2025-11-03 08:01:35,33.5955848693848,-7.60871028900146,"Male"
"6018403",371836,2025-11-03 08:31:35,33.5955581665039,-7.60871410369873,"Male"
"6018403",371836,2025-11-03 09:01:09,33.5957069396973,-7.60858297348022,"Male"
"6018403",371836,2025-11-03 09:31:09,33.5584831237793,-7.5758056640625,"Male"
"6018403",371836,2025-11-03 10:01:24,33.5582885742188,-7.575608253479,"Male"
"6018403",371836,2025-11-03 10:31:14,33.5585594177246,-7.5758957862854,"Male"
"6018403",371836,2025-11-03 11:01:06,33.5584411621094,-7.57567977905273,"Male"
"6018403",371836,2025-11-03 11:31:35,33.5584907531738,-7.57559108734131,"Male"
"6018403",371836,2025-11-03 12:01:06,33.5584487915039,-7.57552671432495,"Male"
"6018403",371836,2025-11-03 12:31:23,33.4779205322266,-7.5412425994873,"Male"
"6018403",371836,2025-11-03 13:01:13,33.4789886474609,-7.53890705108643,"Male"
"6018403",371836,2025-11-03 13:31:28,33.4795150756836,-7.53986358642578,"Male"
"6018403",371836,2025-11-03 14:01:35,33.4794273376465,-7.53925132751465,"Male"
"6018403",371836,2025-11-03 14:31:04,33.4796905517578,-7.53955125808716,"Male"
"6018403",371836,2025-11-03 15:01:05,33.4786109924316,-7.54125261306763,"Male"
"6018403",371836,2025-11-03 15:31:12,33.4807434082031,-7.53797054290771,"Male"
"6018403",371836,2025-11-03 16:01:07,33.4809303283691,-7.53778696060181,"Male"
"6018403",371836,2025-11-03 16:31:35,33.4811859130859,-7.53748416900635,"Male"
"6018403",371836,2025-11-03 17:01:07,33.5527420043945,-7.57906484603882,"Male"
"6018403",371836,2025-11-03 17:31:09,33.5953636169434,-7.60844659805298,"Male"
"6018403",371836,2025-11-03 18:01:34,33.5957870483398,-7.60864925384521,"Male"
"6018403",371836,2025-11-03 18:31:04,33.6019630432129,-7.60625028610229,"Male"
"6018403",371836,2025-11-03 19:01:12,33.6019134521484,-7.60615015029907,"Male"
"6018403",371836,2025-11-03 19:31:35,33.6019515991211,-7.60622501373291,"Male"
"6018403",371836,2025-11-03 20:01:04,33.6017799377441,-7.60609149932861,"Male"
"6018403",371836,2025-11-03 20:31:08,33.6017761230469,-7.60605525970459,"Male"
"6018403",371836,2025-11-03 21:01:05,33.6022758483887,-7.6065526008606,"Male"
"6018403",371836,2025-11-03 21:31:04,33.6018676757812,-7.60613536834717,"Male"
"6018403",371836,2025-11-03 22:01:09,33.6018142700195,-7.60616207122803,"Male"
"6018403",371836,2025-11-03 22:31:09,33.6019287109375,-7.60612297058105,"Male"
"6018403",371836,2025-11-03 23:01:15,33.6019668579102,-7.60600709915161,"Male"
"6018403",371836,2025-11-03 23:31:20,33.6024017333984,-7.60615062713623,"Male"
"6018403",371836,2025-11-04 00:01:35,33.6017951965332,-7.60610342025757,"Male"
"6018403",371836,2025-11-04 00:31:09,33.6019020080566,-7.60596990585327,"Male"
"6018403",371836,2025-11-04 01:01:35,33.6019668579102,-7.6061806678772,"Male"
"6018403",371836,2025-11-04 01:31:08,33.6019058227539,-7.60629367828369,"Male"
"6018403",371836,2025-11-04 02:01:06,33.6019439697266,-7.60613298416138,"Male"
"6018403",371836,2025-11-04 02:31:04,33.6019897460938,-7.60614585876465,"Male"
"6018403",371836,2025-11-04 03:01:06,33.6019439697266,-7.6061110496521,"Male"
"6018403",371836,2025-11-04 03:31:09,33.6010055541992,-7.60548305511475,"Male"
"6018403",371836,2025-11-04 04:01:09,33.601146697998,-7.60597324371338,"Male"
"6018403",371836,2025-11-04 04:31:36,33.6018524169922,-7.60604858398438,"Male"
"6018403",371836,2025-11-04 05:01:35,33.6018714904785,-7.60608005523682,"Male"
"6018403",371836,2025-11-04 05:31:06,33.6018333435059,-7.60612821578979,"Male"
"6018403",371836,2025-11-04 06:02:05,33.6017227172852,-7.60604286193848,"Male"
"6018403",371836,2025-11-04 06:31:06,33.6018028259277,-7.60609817504883,"Male"
"6018403",371836,2025-11-04 07:01:06,33.5928840637207,-7.60887050628662,"Male"
"6018403",371836,2025-11-04 07:31:09,33.5929336547852,-7.60888242721558,"Male"
"6018403",371836,2025-11-04 08:01:09,33.5874900817871,-7.60939407348633,"Male"
"6018403",371836,2025-11-04 08:31:14,33.5874710083008,-7.60925102233887,"Male"
"6018403",371836,2025-11-04 09:01:14,33.5874366760254,-7.60935401916504,"Male"
"6018403",371836,2025-11-04 09:31:14,33.5874710083008,-7.60929870605469,"Male"
"6018403",371836,2025-11-04 10:01:35,33.5874366760254,-7.60927438735962,"Male"
"6018403",371836,2025-11-04 10:31:03,33.5874443054199,-7.60929298400879,"Male"
"6018403",371836,2025-11-04 11:01:15,33.5593872070312,-7.57353401184082,"Male"
"6018403",371836,2025-11-04 11:31:08,33.5593109130859,-7.57345914840698,"Male"
"6018403",371836,2025-11-04 12:01:35,33.5350189208984,-7.56227397918701,"Male"
"6018403",371836,2025-11-04 12:31:07,33.5315704345703,-7.56180191040039,"Male"
"6018403",371836,2025-11-04 13:01:07,33.4790000915527,-7.54245185852051,"Male"
"6018403",371836,2025-11-04 13:31:09,33.4773445129395,-7.53890752792358,"Male"
"6018403",371836,2025-11-04 14:01:17,33.4770469665527,-7.53911209106445,"Male"
"6018403",371836,2025-11-04 14:31:13,33.4778785705566,-7.54184293746948,"Male"
"6018403",371836,2025-11-04 15:01:09,33.4778327941895,-7.54168367385864,"Male"
"6018403",371836,2025-11-04 15:31:35,33.4785499572754,-7.54180240631104,"Male"
"6018403",371836,2025-11-04 16:01:35,33.4780387878418,-7.54163789749146,"Male"
"6018403",371836,2025-11-04 16:31:14,33.4795875549316,-7.54456806182861,"Male"
"6018403",371836,2025-11-04 17:01:35,33.5614128112793,-7.67115783691406,"Male"
"6018403",371836,2025-11-04 17:11:09,33.5608673095703,-7.66633081436157,"Male"
"6018403",371836,2025-11-04 17:21:07,33.5750617980957,-7.6524543762207,"Male"
"6018403",371836,2025-11-04 17:31:12,33.5948066711426,-7.62171745300293,"Male"
"6018403",371836,2025-11-04 17:41:07,33.5948257446289,-7.62188291549683,"Male"
"6018403",371836,2025-11-04 17:51:03,33.6003227233887,-7.60903787612915,"Male"
"6018403",371836,2025-11-04 18:01:34,33.600887298584,-7.60732746124268,"Male"
"6018403",371836,2025-11-04 18:11:03,33.6008071899414,-7.60727834701538,"Male"
"6018403",371836,2025-11-04 18:21:11,33.6004486083984,-7.60719776153565,"Male"
"6018403",371836,2025-11-04 18:31:09,33.601734161377,-7.60611963272095,"Male"
"6018403",371836,2025-11-04 18:41:09,33.6018447875977,-7.60597515106201,"Male"
"6018403",371836,2025-11-04 18:51:09,33.6018104553223,-7.60610198974609,"Male"
"6018403",371836,2025-11-04 19:01:09,33.6019287109375,-7.60601568222046,"Male"
"6018403",371836,2025-11-04 19:11:14,33.601863861084,-7.60599851608276,"Male"
"6018403",371836,2025-11-04 19:21:08,33.6018562316895,-7.60608911514282,"Male"
"6018403",371836,2025-11-04 19:31:09,33.6019020080566,-7.60599708557129,"Male"
"6018403",371836,2025-11-04 19:41:07,33.6020011901855,-7.6060676574707,"Male"
"6018403",371836,2025-11-04 19:51:15,33.6018447875977,-7.60591888427734,"Male"
"6018403",371836,2025-11-04 20:01:07,33.6019058227539,-7.6060848236084,"Male"
"6018403",371836,2025-11-04 20:11:10,33.6018028259277,-7.60595846176147,"Male"
"6018403",371836,2025-11-04 20:21:10,33.6019058227539,-7.60600709915161,"Male"
"6018403",371836,2025-11-04 20:31:11,33.601863861084,-7.60599040985107,"Male"
"6018403",371836,2025-11-04 20:41:15,33.601806640625,-7.60598993301392,"Male"
"6018403",371836,2025-11-04 20:51:35,33.6018295288086,-7.60599517822266,"Male"
"6018403",371836,2025-11-04 21:01:10,33.6018829345703,-7.60606336593628,"Male"
"6018403",371836,2025-11-04 21:11:04,33.6020088195801,-7.60631513595581,"Male"
"6018403",371836,2025-11-04 21:21:07,33.6016426086426,-7.60582113265991,"Male"
"6018403",371836,2025-11-04 21:31:09,33.6022033691406,-7.60624694824219,"Male"
"6018403",371836,2025-11-04 21:41:32,33.6016998291016,-7.60598468780518,"Male"
"6018403",371836,2025-11-04 21:51:06,33.6017379760742,-7.60597896575928,"Male"
"6018403",371836,2025-11-04 22:01:07,33.6020088195801,-7.60618305206299,"Male"
"6018403",371836,2025-11-04 22:11:06,33.6020431518555,-7.60602045059204,"Male"
"6018403",371836,2025-11-04 22:21:07,33.6018829345703,-7.60611867904663,"Male"
"6018403",371836,2025-11-04 22:31:09,33.601863861084,-7.60602426528931,"Male"
"6018403",371836,2025-11-04 22:41:04,33.6018333435059,-7.606041431427,"Male"
"6018403",371836,2025-11-04 22:51:11,33.6018142700195,-7.60595703125,"Male"
"6018403",371836,2025-11-04 23:01:09,33.6018295288086,-7.60604238510132,"Male"
"6018403",371836,2025-11-04 23:11:09,33.6018524169922,-7.60601568222046,"Male"
"6018403",371836,2025-11-04 23:21:09,33.6019325256348,-7.60606288909912,"Male"
"6018403",371836,2025-11-04 23:31:09,33.601921081543,-7.60578012466431,"Male"
"6018403",371836,2025-11-04 23:41:09,33.6019859313965,-7.60591840744019,"Male"
"6018403",371836,2025-11-04 23:51:15,33.6017417907715,-7.60638761520386,"Male"
"6018403",371836,2025-11-05 00:01:14,33.6018676757812,-7.6059513092041,"Male"
"6018403",371836,2025-11-05 00:11:09,33.6018943786621,-7.60555744171143,"Male"
"6018403",371836,2025-11-05 00:21:11,33.6018142700195,-7.60600280761719,"Male"
"6018403",371836,2025-11-05 00:31:09,33.6017990112305,-7.60593557357788,"Male"
"6018403",371836,2025-11-05 00:41:03,33.6015701293945,-7.6058292388916,"Male"
"6018403",371836,2025-11-05 00:51:35,33.6021919250488,-7.60595417022705,"Male"
"6018403",371836,2025-11-05 01:01:08,33.6023063659668,-7.60590791702271,"Male"
"6018403",371836,2025-11-05 01:11:07,33.6021614074707,-7.6060791015625,"Male"
"6018403",371836,2025-11-05 01:21:09,33.6022529602051,-7.60600662231445,"Male"
"6018403",371836,2025-11-05 01:31:09,33.6022262573242,-7.60597229003906,"Male"
"6018403",371836,2025-11-05 01:41:09,33.6022033691406,-7.60597133636475,"Male"
"6018403",371836,2025-11-05 01:51:14,33.6018981933594,-7.60603713989258,"Male"
"6018403",371836,2025-11-05 02:01:09,33.6019020080566,-7.60595607757568,"Male"
"6018403",371836,2025-11-05 02:11:09,33.6017112731934,-7.60600900650024,"Male"
"6018403",371836,2025-11-05 02:21:09,33.6016426086426,-7.606041431427,"Male"
"6018403",371836,2025-11-05 02:31:14,33.6017684936523,-7.60594987869263,"Male"
"6018403",371836,2025-11-05 02:41:35,33.601863861084,-7.60599565505981,"Male"
"6018403",371836,2025-11-05 02:51:03,33.6019592285156,-7.60600709915161,"Male"
"6018403",371836,2025-11-05 03:01:07,33.6017074584961,-7.60606098175049,"Male"
"6018403",371836,2025-11-05 03:11:06,33.6018295288086,-7.60588645935059,"Male"
"6018403",371836,2025-11-05 03:21:07,33.6002082824707,-7.60642719268799,"Male"
"6018403",371836,2025-11-05 03:31:35,33.6000709533691,-7.60640954971313,"Male"
"6018403",371836,2025-11-05 03:41:07,33.6000518798828,-7.60645198822021,"Male"
"6018403",371836,2025-11-05 03:51:04,33.6002044677734,-7.60636758804321,"Male"
"6018403",371836,2025-11-05 04:01:06,33.600170135498,-7.60635232925415,"Male"
"6018403",371836,2025-11-05 04:11:04,33.600170135498,-7.60634851455688,"Male"
"6018403",371836,2025-11-05 04:21:04,33.5998191833496,-7.60661649703979,"Male"
"6018403",371836,2025-11-05 04:31:06,33.6000213623047,-7.60639810562134,"Male"
"6018403",371836,2025-11-05 04:41:09,33.6000175476074,-7.60635614395142,"Male"
"6018403",371836,2025-11-05 04:51:12,33.5999794006348,-7.60646820068359,"Male"
"6018403",371836,2025-11-05 05:01:09,33.6000022888184,-7.6064715385437,"Male"
"6018403",371836,2025-11-05 05:11:10,33.5999069213867,-7.60622549057007,"Male"
"6018403",371836,2025-11-05 05:21:09,33.5998306274414,-7.60634136199951,"Male"
"6018403",371836,2025-11-05 05:31:10,33.6000785827637,-7.60661125183105,"Male"
"6018403",371836,2025-11-05 05:41:07,33.6000709533691,-7.60639381408691,"Male"
"6018403",371836,2025-11-05 05:51:07,33.6001052856445,-7.60648393630981,"Male"
"6018403",371836,2025-11-05 06:01:24,33.6000022888184,-7.60645198822021,"Male"
"6018403",371836,2025-11-05 06:11:07,33.5999717712402,-7.60637903213501,"Male"
"6018403",371836,2025-11-05 06:21:31,33.599983215332,-7.60641574859619,"Male"
"6018403",371836,2025-11-05 06:31:03,33.5999298095703,-7.60654067993164,"Male"
"6018403",371836,2025-11-05 07:01:06,33.6000442504883,-7.60643005371094,"Male"
"6018403",371836,2025-11-05 07:31:05,33.5928993225098,-7.6088228225708,"Male"
"6018403",371836,2025-11-05 08:01:06,33.5929946899414,-7.60885238647461,"Male"
"6018403",371836,2025-11-05 08:31:44,33.592845916748,-7.60845136642456,"Male"
"6018403",371836,2025-11-05 09:01:36,33.5929069519043,-7.60893154144287,"Male"
"6018403",371836,2025-11-05 09:31:06,33.592887878418,-7.60890483856201,"Male"
"6018403",371836,2025-11-05 10:01:03,33.5928230285645,-7.60889053344727,"Male"
"6018403",371836,2025-11-05 10:31:04,33.5928535461426,-7.60887336730957,"Male"
"6018403",371836,2025-11-05 11:01:03,33.5928840637207,-7.60869359970093,"Male"
"6018403",371836,2025-11-05 11:31:07,33.5594596862793,-7.57417821884155,"Male"
"6018403",371836,2025-11-05 12:01:35,33.5594863891602,-7.57429218292236,"Male"
"6018403",371836,2025-11-05 12:31:14,33.5509223937988,-7.58630418777466,"Male"
"6018403",371836,2025-11-05 13:01:35,33.5508766174316,-7.58633184432983,"Male"
"6018403",371836,2025-11-05 13:31:44,33.5509376525879,-7.58626842498779,"Male"
"6018403",371836,2025-11-05 14:01:35,33.5509567260742,-7.58635473251343,"Male"
"6018403",371836,2025-11-05 14:31:11,33.5509071350098,-7.58636379241943,"Male"
"6018403",371836,2025-11-05 15:01:12,33.4787063598633,-7.54234075546265,"Male"
"6018403",371836,2025-11-05 15:31:35,33.4784927368164,-7.54232788085938,"Male"
"6018403",371836,2025-11-05 16:01:20,33.4785690307617,-7.54238796234131,"Male"
"6018403",371836,2025-11-05 16:31:35,33.4782943725586,-7.54279518127441,"Male"
"6018403",371836,2025-11-05 17:01:05,33.4784851074219,-7.54138422012329,"Male"
"6018403",371836,2025-11-05 17:31:35,33.5385513305664,-7.5360517501831,"Male"
"6018403",371836,2025-11-05 18:02:14,33.6015968322754,-7.60610151290894,"Male"
"6018403",371836,2025-11-05 18:31:13,33.6016616821289,-7.60598611831665,"Male"
"6018403",371836,2025-11-05 19:01:07,33.6017799377441,-7.60620212554932,"Male"
"6018403",371836,2025-11-05 19:31:35,33.6016540527344,-7.60602378845215,"Male"
"6018403",371836,2025-11-05 20:01:06,33.6019744873047,-7.60695743560791,"Male"
"6018403",371836,2025-11-05 20:31:19,33.6021156311035,-7.60687255859375,"Male"
"6018403",371836,2025-11-05 21:01:23,33.6021347045898,-7.60635089874268,"Male"
"6018403",371836,2025-11-05 21:31:35,33.6019020080566,-7.6060791015625,"Male"
"6018403",371836,2025-11-05 22:01:05,33.6019172668457,-7.60605621337891,"Male"
"6018403",371836,2025-11-05 22:31:05,33.6019096374512,-7.60595035552979,"Male"
"6018403",371836,2025-11-05 23:01:06,33.601806640625,-7.60608673095703,"Male"
"6018403",371836,2025-11-05 23:31:10,33.6018829345703,-7.60620069503784,"Male"
"6018403",371836,2025-11-06 00:01:06,33.6018676757812,-7.60616159439087,"Male"
"6018403",371836,2025-11-06 00:31:09,33.6018295288086,-7.60621309280396,"Male"
"6018403",371836,2025-11-06 01:01:08,33.6017608642578,-7.6057767868042,"Male"
"6018403",371836,2025-11-06 01:31:07,33.6014938354492,-7.60572052001953,"Male"
"6018403",371836,2025-11-06 02:01:07,33.6018905639648,-7.60589981079102,"Male"
"6018403",371836,2025-11-06 02:31:09,33.6020088195801,-7.60579776763916,"Male"
"6018403",371836,2025-11-06 03:01:07,33.6021461486816,-7.60570096969604,"Male"
"6018403",371836,2025-11-06 03:31:16,33.6023635864258,-7.60569524765015,"Male"
"6018403",371836,2025-11-06 04:01:07,33.6017074584961,-7.60599851608276,"Male"
"6018403",371836,2025-11-06 04:31:15,33.601634979248,-7.60587739944458,"Male"
"6018403",371836,2025-11-06 05:01:35,33.6018486022949,-7.60605096817017,"Male"
"6018403",371836,2025-11-06 05:31:06,33.6018104553223,-7.60609436035156,"Male"
"6018403",371836,2025-11-06 06:01:05,33.6019058227539,-7.60608243942261,"Male"
"6018403",371836,2025-11-06 06:31:10,33.616756439209,-7.61617612838745,"Male"
"6018403",371836,2025-11-06 07:01:09,33.6004753112793,-7.60672664642334,"Male"
"6018403",371836,2025-11-06 07:31:09,33.5995330810547,-7.60581970214844,"Male"
"6018403",371836,2025-11-06 08:01:08,33.5997085571289,-7.60573577880859,"Male"
"6018403",371836,2025-11-06 08:31:07,33.5929298400879,-7.60878324508667,"Male"
"6018403",371836,2025-11-06 09:01:07,33.5928421020508,-7.60872936248779,"Male"
"6018403",371836,2025-11-06 09:31:05,33.5925445556641,-7.60824155807495,"Male"
"6018403",371836,2025-11-06 10:01:07,33.5928764343262,-7.60848331451416,"Male"
"6018403",371836,2025-11-06 10:31:05,33.5929565429688,-7.60877847671509,"Male"
"6018403",371836,2025-11-06 11:01:04,33.5928192138672,-7.60883045196533,"Male"
"6018403",371836,2025-11-06 11:31:05,33.5927467346191,-7.60898303985596,"Male"
"6018403",371836,2025-11-06 12:01:06,33.5929718017578,-7.60893964767456,"Male"
"6018403",371836,2025-11-06 12:31:05,33.5927505493164,-7.60868406295776,"Male"
"6018403",371836,2025-11-06 13:01:05,33.5928421020508,-7.60886192321777,"Male"
"6018403",371836,2025-11-06 13:31:05,33.5925674438477,-7.60874271392822,"Male"
"6018403",371836,2025-11-06 14:01:05,33.5884819030762,-7.60768413543701,"Male"
"6018403",371836,2025-11-06 14:31:07,33.4780616760254,-7.54114007949829,"Male"
"6018403",371836,2025-11-06 15:01:05,33.4783363342285,-7.53897285461426,"Male"
"6018403",371836,2025-11-06 15:31:05,33.4783248901367,-7.5411901473999,"Male"
"6018403",371836,2025-11-06 15:41:08,33.4784545898438,-7.54134035110474,"Male"
"6018403",371836,2025-11-06 15:51:08,33.4785499572754,-7.54123783111572,"Male"
"6018403",371836,2025-11-06 16:01:07,33.4783477783203,-7.54141187667847,"Male"
"6018403",371836,2025-11-06 16:11:08,33.4789352416992,-7.54062557220459,"Male"
"6018403",371836,2025-11-06 16:21:08,33.4787750244141,-7.54104423522949,"Male"
"6018403",371836,2025-11-06 16:31:06,33.47900390625,-7.54072761535645,"Male"
"6018403",371836,2025-11-06 16:41:09,33.4790000915527,-7.54080677032471,"Male"
"6018403",371836,2025-11-06 16:51:05,33.5012702941895,-7.56200551986694,"Male"
"6018403",371836,2025-11-06 17:01:05,33.5386276245117,-7.57644605636597,"Male"
"6018403",371836,2025-11-06 17:11:06,33.5539855957031,-7.59022521972656,"Male"
"6018403",371836,2025-11-06 17:21:05,33.5542335510254,-7.59052276611328,"Male"
"6018403",371836,2025-11-06 17:31:11,33.554256439209,-7.59048175811768,"Male"
"6018403",371836,2025-11-06 17:41:05,33.5546035766602,-7.59059619903565,"Male"
"6018403",371836,2025-11-06 17:51:09,33.5965003967285,-7.60740852355957,"Male"
"6018403",371836,2025-11-06 18:01:06,33.6021041870117,-7.60618591308594,"Male"
"6018403",371836,2025-11-06 18:11:06,33.6019859313965,-7.60628461837769,"Male"
"6018403",371836,2025-11-06 18:21:05,33.601978302002,-7.60632991790771,"Male"
"6018403",371836,2025-11-06 18:31:05,33.602123260498,-7.60619354248047,"Male"
"6018403",371836,2025-11-06 18:41:06,33.6021003723145,-7.60623264312744,"Male"
"6018403",371836,2025-11-06 18:51:05,33.6021118164062,-7.60619449615479,"Male"
"6018403",371836,2025-11-06 19:01:07,33.6019630432129,-7.60616588592529,"Male"
"6018403",371836,2025-11-06 19:11:04,33.6021575927734,-7.60615348815918,"Male"
"6018403",371836,2025-11-06 19:21:05,33.6021347045898,-7.60627460479736,"Male"
"6018403",371836,2025-11-06 19:31:09,33.601978302002,-7.6064453125,"Male"
"6018403",371836,2025-11-06 19:41:05,33.601993560791,-7.60627031326294,"Male"
"6018403",371836,2025-11-06 19:51:06,33.6020584106445,-7.60639047622681,"Male"
"6018403",371836,2025-11-06 20:01:05,33.6019134521484,-7.60624647140503,"Male"
"6018403",371836,2025-11-06 20:11:05,33.6018600463867,-7.60627365112305,"Male"
"6018403",371836,2025-11-06 20:21:05,33.6017761230469,-7.60638856887817,"Male"
"6018403",371836,2025-11-06 20:31:05,33.6020736694336,-7.60636949539185,"Male"
"6018403",371836,2025-11-06 20:41:04,33.6021308898926,-7.60642623901367,"Male"
"6018403",371836,2025-11-06 20:51:05,33.6018218994141,-7.60631036758423,"Male"
"6018403",371836,2025-11-06 21:01:06,33.6019439697266,-7.60557413101196,"Male"
"6018403",371836,2025-11-06 21:11:05,33.6019058227539,-7.60580587387085,"Male"
"6018403",371836,2025-11-06 21:21:05,33.6019401550293,-7.60573291778565,"Male"
"6018403",371836,2025-11-06 21:31:05,33.602180480957,-7.60560512542725,"Male"
"6018403",371836,2025-11-06 21:41:05,33.6020317077637,-7.60564088821411,"Male"
"6018403",371836,2025-11-06 21:51:06,33.6020355224609,-7.60557126998901,"Male"
"6018403",371836,2025-11-06 22:01:06,33.6021118164062,-7.60559844970703,"Male"
"6018403",371836,2025-11-06 22:11:06,33.6021423339844,-7.60556602478027,"Male"
"6018403",371836,2025-11-06 22:21:05,33.6021690368652,-7.60556888580322,"Male"
"6018403",371836,2025-11-06 22:31:05,33.6021537780762,-7.60560655593872,"Male"
"6018403",371836,2025-11-06 22:41:09,33.6022415161133,-7.60552453994751,"Male"
"6018403",371836,2025-11-06 22:51:07,33.6023101806641,-7.6054744720459,"Male"
"6018403",371836,2025-11-06 23:01:05,33.6023292541504,-7.60566520690918,"Male"
"6018403",371836,2025-11-06 23:11:07,33.6022109985352,-7.60549306869507,"Male"
"6018403",371836,2025-11-06 23:21:06,33.6022987365723,-7.60553550720215,"Male"
"6018403",371836,2025-11-06 23:31:07,33.602180480957,-7.60561037063599,"Male"
"6018403",371836,2025-11-06 23:41:08,33.6018867492676,-7.60563564300537,"Male"
"6018403",371836,2025-11-06 23:51:08,33.6020317077637,-7.60559749603271,"Male"
"6018403",371836,2025-11-07 00:01:09,33.6018829345703,-7.60556697845459,"Male"
"6018403",371836,2025-11-07 00:11:06,33.6017723083496,-7.60526371002197,"Male"
"6018403",371836,2025-11-07 00:21:06,33.6017227172852,-7.60529041290283,"Male"
"6018403",371836,2025-11-07 00:31:06,33.6017608642578,-7.60529232025146,"Male"
"6018403",371836,2025-11-07 00:41:06,33.6017456054688,-7.60529232025146,"Male"
"6018403",371836,2025-11-07 00:51:05,33.6018371582031,-7.60531330108643,"Male"
"6018403",371836,2025-11-07 01:01:06,33.6018676757812,-7.60527420043945,"Male"
"6018403",371836,2025-11-07 01:11:08,33.6018829345703,-7.60526514053345,"Male"
"6018403",371836,2025-11-07 01:21:08,33.6020278930664,-7.60512781143188,"Male"
"6018403",371836,2025-11-07 01:31:08,33.6021499633789,-7.6050500869751,"Male"
"6018403",371836,2025-11-07 01:41:06,33.6022262573242,-7.60504531860352,"Male"
"6018403",371836,2025-11-07 01:51:06,33.6022911071777,-7.60530424118042,"Male"
"6018403",371836,2025-11-07 02:01:12,33.6021537780762,-7.60496425628662,"Male"
"6018403",371836,2025-11-07 02:11:06,33.6021919250488,-7.60494565963745,"Male"
"6018403",371836,2025-11-07 02:21:06,33.6020736694336,-7.60519695281982,"Male"
"6018403",371836,2025-11-07 02:31:09,33.6021766662598,-7.6049633026123,"Male"
"6018403",371836,2025-11-07 02:41:20,33.6022415161133,-7.60493230819702,"Male"
"6018403",371836,2025-11-07 02:51:06,33.6021728515625,-7.6049542427063,"Male"
"6018403",371836,2025-11-07 03:01:06,33.6021919250488,-7.6049017906189,"Male"
"6018403",371836,2025-11-07 03:11:12,33.6021537780762,-7.60502910614014,"Male"
"6018403",371836,2025-11-07 03:21:12,33.6019973754883,-7.60516452789307,"Male"
"6018403",371836,2025-11-07 03:31:14,33.6021156311035,-7.60500431060791,"Male"
"6018403",371836,2025-11-07 03:41:07,33.6020164489746,-7.6054220199585,"Male"
"6018403",371836,2025-11-07 03:51:12,33.6023559570312,-7.60502767562866,"Male"
"6018403",371836,2025-11-07 04:01:08,33.602165222168,-7.60530948638916,"Male"
"6018403",371836,2025-11-07 04:11:13,33.6026039123535,-7.60499620437622,"Male"
"6018403",371836,2025-11-07 04:21:14,33.6026611328125,-7.60507583618164,"Male"
"6018403",371836,2025-11-07 04:31:35,33.6018867492676,-7.60528469085693,"Male"
"6018403",371836,2025-11-07 04:41:08,33.6018524169922,-7.60535335540771,"Male"
"6018403",371836,2025-11-07 04:51:09,33.6019401550293,-7.60521078109741,"Male"
"6018403",371836,2025-11-07 05:01:08,33.601863861084,-7.60514736175537,"Male"
"6018403",371836,2025-11-07 05:11:12,33.6018600463867,-7.60514736175537,"Male"
"6018403",371836,2025-11-07 05:21:12,33.6018905639648,-7.60515546798706,"Male"
"6018403",371836,2025-11-07 05:31:11,33.6018829345703,-7.60495471954346,"Male"
"6018403",371836,2025-11-07 05:41:08,33.6015510559082,-7.60490608215332,"Male"
"6018403",371836,2025-11-07 05:51:07,33.6015357971191,-7.60463571548462,"Male"
"6018403",371836,2025-11-07 06:01:14,33.6016731262207,-7.60484457015991,"Male"
"6018403",371836,2025-11-07 06:11:12,33.6018524169922,-7.60519599914551,"Male"
"6018403",371836,2025-11-07 06:21:15,33.6018600463867,-7.6048789024353,"Male"
"6018403",371836,2025-11-07 06:31:35,33.6017990112305,-7.60539150238037,"Male"
"6018403",371836,2025-11-07 06:41:04,33.6019020080566,-7.60534620285034,"Male"
"6018403",371836,2025-11-07 06:51:04,33.6020050048828,-7.60522031784058,"Male"
"6018403",371836,2025-11-07 07:01:03,33.5951690673828,-7.60851001739502,"Male"
"6018403",371836,2025-11-07 07:11:09,33.5930976867676,-7.60881519317627,"Male"
"6018403",371836,2025-11-07 07:21:06,33.592830657959,-7.60856056213379,"Male"
"6018403",371836,2025-11-07 07:31:09,33.5926933288574,-7.60889530181885,"Male"
"6018403",371836,2025-11-07 07:41:08,33.5927963256836,-7.60880470275879,"Male"
"6018403",371836,2025-11-07 07:51:05,33.5928001403809,-7.60888290405273,"Male"
"6018403",371836,2025-11-07 08:01:12,33.5928993225098,-7.6088399887085,"Male"
"6018403",371836,2025-11-07 08:11:05,33.5927658081055,-7.60888957977295,"Male"
"6018403",371836,2025-11-07 08:21:05,33.5928535461426,-7.60902690887451,"Male"
"6018403",371836,2025-11-07 08:31:05,33.592845916748,-7.60885334014893,"Male"
"6018403",371836,2025-11-07 08:41:04,33.5929107666016,-7.60889101028442,"Male"
"6018403",371836,2025-11-07 08:51:05,33.5928421020508,-7.60894584655762,"Male"
"6018403",371836,2025-11-07 09:01:09,33.5927848815918,-7.60885810852051,"Male"
"6018403",371836,2025-11-07 09:11:09,33.5929183959961,-7.6090202331543,"Male"
"6018403",371836,2025-11-07 09:21:04,33.5928688049316,-7.60894632339478,"Male"
"6018403",371836,2025-11-07 09:31:10,33.5930557250977,-7.6092939376831,"Male"
"6018403",371836,2025-11-07 09:41:35,33.592716217041,-7.60887384414673,"Male"
"6018403",371836,2025-11-07 09:51:05,33.5926780700684,-7.60878086090088,"Male"
"6018403",371836,2025-11-07 10:01:04,33.5927543640137,-7.6088056564331,"Male"
"6018403",371836,2025-11-07 10:11:05,33.592643737793,-7.60859870910645,"Male"
"6018403",371836,2025-11-07 10:21:04,33.5926971435547,-7.60871410369873,"Male"
"6018403",371836,2025-11-07 10:31:05,33.5926551818848,-7.60882043838501,"Male"
"6018403",371836,2025-11-07 10:41:06,33.5925025939941,-7.60822296142578,"Male"
"6018403",371836,2025-11-07 10:51:10,33.5927619934082,-7.60859060287476,"Male"
"6018403",371836,2025-11-07 11:01:20,33.5927238464355,-7.60877323150635,"Male"
"6018403",371836,2025-11-07 11:11:33,33.5926856994629,-7.60881328582764,"Male"
"6018403",371836,2025-11-07 11:21:04,33.5926742553711,-7.60890245437622,"Male"
"6018403",371836,2025-11-07 11:31:03,33.5927772521973,-7.60884666442871,"Male"
"6018403",371836,2025-11-07 11:41:05,33.5927696228027,-7.60886287689209,"Male"
"6018403",371836,2025-11-07 11:51:03,33.5842132568359,-7.60513591766357,"Male"
"6018403",371836,2025-11-07 12:01:05,33.5509452819824,-7.58612489700317,"Male"
"6018403",371836,2025-11-07 12:11:06,33.5510063171387,-7.58618259429932,"Male"
"6018403",371836,2025-11-07 12:21:04,33.5507774353027,-7.58585023880005,"Male"
"6018403",371836,2025-11-07 12:31:04,33.5506782531738,-7.5856122970581,"Male"
"6018403",371836,2025-11-07 12:41:05,33.5507316589355,-7.58568286895752,"Male"
"6018403",371836,2025-11-07 12:51:04,33.5508003234863,-7.58576488494873,"Male"
"6018403",371836,2025-11-07 13:01:11,33.5508346557617,-7.58580827713013,"Male"
"6018403",371836,2025-11-07 13:11:04,33.5381202697754,-7.57870054244995,"Male"
"6018403",371836,2025-11-07 13:21:06,33.4920310974121,-7.54361152648926,"Male"
"6018403",371836,2025-11-07 13:31:09,33.4779663085938,-7.54094791412354,"Male"
"6018403",371836,2025-11-07 13:41:07,33.4771270751953,-7.54034614562988,"Male"
"6018403",371836,2025-11-07 13:51:07,33.4782829284668,-7.53852128982544,"Male"
"6018403",371836,2025-11-07 14:01:22,33.4783134460449,-7.53869485855103,"Male"
"6018403",371836,2025-11-07 14:11:24,33.4782638549805,-7.53849697113037,"Male"
"6018403",371836,2025-11-07 14:21:10,33.478401184082,-7.5394287109375,"Male"
"6018403",371836,2025-11-07 14:31:34,33.4786949157715,-7.53922843933105,"Male"
"6018403",371836,2025-11-07 14:41:07,33.4788093566895,-7.53933095932007,"Male"
"6018403",371836,2025-11-07 14:51:06,33.4786796569824,-7.5393877029419,"Male"
"6018403",371836,2025-11-07 15:01:07,33.4789047241211,-7.53916454315185,"Male"
"6018403",371836,2025-11-07 15:11:10,33.4790344238281,-7.53922319412231,"Male"
"6018403",371836,2025-11-07 15:21:09,33.4789161682129,-7.53938674926758,"Male"
"6018403",371836,2025-11-07 15:31:07,33.4784240722656,-7.54130458831787,"Male"
"6018403",371836,2025-11-07 15:41:07,33.4783210754395,-7.54068756103516,"Male"
"6018403",371836,2025-11-07 15:51:19,33.4788093566895,-7.53948450088501,"Male"
"6018403",371836,2025-11-07 16:01:11,33.4787330627441,-7.53947067260742,"Male"
"6018403",371836,2025-11-07 16:11:09,33.4787521362305,-7.53957748413086,"Male"
"6018403",371836,2025-11-07 16:21:08,33.4788475036621,-7.53930568695068,"Male"
"6018403",371836,2025-11-07 16:31:11,33.4780158996582,-7.54116296768188,"Male"
"6018403",371836,2025-11-07 16:41:10,33.4780578613281,-7.54108619689941,"Male"
"6018403",371836,2025-11-07 16:51:13,33.4873466491699,-7.58370447158813,"Male"
"6018403",371836,2025-11-07 17:01:12,33.5045471191406,-7.63767290115356,"Male"
"6018403",371836,2025-11-07 17:11:08,33.5382308959961,-7.66492366790771,"Male"
"6018403",371836,2025-11-07 17:21:11,33.556526184082,-7.67277526855469,"Male"
"6018403",371836,2025-11-07 17:31:09,33.5717926025391,-7.65270137786865,"Male"
"6018403",371836,2025-11-07 17:41:13,33.5956687927246,-7.6105489730835,"Male"
"6018403",371836,2025-11-07 17:51:35,33.5958557128906,-7.60866546630859,"Male"
"6018403",371836,2025-11-07 18:01:05,33.595890045166,-7.60871505737305,"Male"
"6018403",371836,2025-11-07 18:11:06,33.5965957641602,-7.60786151885986,"Male"
"6018403",371836,2025-11-07 18:21:05,33.6019401550293,-7.60561180114746,"Male"
"6018403",371836,2025-11-07 18:31:06,33.6019515991211,-7.60568332672119,"Male"
"6018403",371836,2025-11-07 18:41:06,33.6020355224609,-7.60557460784912,"Male"
"6018403",371836,2025-11-07 18:51:09,33.6019325256348,-7.60557651519775,"Male"
"6018403",371836,2025-11-07 19:01:06,33.6020736694336,-7.60557842254639,"Male"
"6018403",371836,2025-11-07 19:11:13,33.6020240783691,-7.60554504394531,"Male"
"6018403",371836,2025-11-07 19:21:09,33.6022567749023,-7.60579824447632,"Male"
"6018403",371836,2025-11-07 19:31:35,33.601879119873,-7.60574245452881,"Male"
"6018403",371836,2025-11-07 19:41:05,33.601936340332,-7.60565042495728,"Male"
"6018403",371836,2025-11-07 19:51:04,33.6017837524414,-7.60576629638672,"Male"
"6018403",371836,2025-11-07 20:01:05,33.6018753051758,-7.60560894012451,"Male"
"6018403",371836,2025-11-07 20:11:04,33.6018218994141,-7.60567283630371,"Male"
"6018403",371836,2025-11-07 20:21:04,33.6018142700195,-7.6057653427124,"Male"
"6018403",371836,2025-11-07 20:31:04,33.6018829345703,-7.60568571090698,"Male"
"6018403",371836,2025-11-07 20:41:05,33.6019668579102,-7.60575866699219,"Male"
"6018403",371836,2025-11-07 20:51:07,33.6018142700195,-7.6056957244873,"Male"
"6018403",371836,2025-11-07 21:01:08,33.6017951965332,-7.6056981086731,"Male"
"6018403",371836,2025-11-07 21:11:05,33.6016502380371,-7.60581636428833,"Male"
"6018403",371836,2025-11-07 21:21:05,33.6019897460938,-7.60563230514526,"Male"
"6018403",371836,2025-11-07 21:31:04,33.6016540527344,-7.60563468933105,"Male"
"6018403",371836,2025-11-07 21:41:08,33.6020660400391,-7.60588693618774,"Male"
"6018403",371836,2025-11-07 21:51:05,33.6018562316895,-7.6056170463562,"Male"
"6018403",371836,2025-11-07 22:01:08,33.6020584106445,-7.60530042648315,"Male"
"6018403",371836,2025-11-07 22:11:05,33.6017761230469,-7.60546779632568,"Male"
"6018403",371836,2025-11-07 22:21:06,33.6017799377441,-7.60548973083496,"Male"
"6018403",371836,2025-11-07 22:31:05,33.6017456054688,-7.6054515838623,"Male"
"6018403",371836,2025-11-07 22:41:07,33.6019325256348,-7.60527181625366,"Male"
"6018403",371836,2025-11-07 22:51:06,33.6020011901855,-7.60560846328735,"Male"
"6018403",371836,2025-11-07 23:01:07,33.6019668579102,-7.60562896728516,"Male"
"6018403",371836,2025-11-07 23:11:06,33.6021575927734,-7.60583877563477,"Male"
"6018403",371836,2025-11-07 23:21:06,33.6022567749023,-7.60590076446533,"Male"
"6018403",371836,2025-11-07 23:31:19,33.6020469665527,-7.60563850402832,"Male"
"6018403",371836,2025-11-07 23:41:11,33.6020164489746,-7.6055006980896,"Male"
"6018403",371836,2025-11-07 23:51:08,33.6021537780762,-7.60561943054199,"Male"
"6018403",371836,2025-11-08 00:01:08,33.6019020080566,-7.6055588722229,"Male"
"6018403",371836,2025-11-08 00:11:35,33.6023902893066,-7.60574340820312,"Male"
"6018403",371836,2025-11-08 00:21:04,33.6019172668457,-7.60584259033203,"Male"
"6018403",371836,2025-11-08 00:31:04,33.6017837524414,-7.60587024688721,"Male"
"6018403",371836,2025-11-08 00:41:04,33.6016044616699,-7.60537528991699,"Male"
"6018403",371836,2025-11-08 00:51:04,33.6016464233398,-7.6051230430603,"Male"
"6018403",371836,2025-11-08 01:01:06,33.6017074584961,-7.60540723800659,"Male"
"6018403",371836,2025-11-08 01:11:12,33.6014022827148,-7.6053352355957,"Male"
"6018403",371836,2025-11-08 01:21:04,33.6015548706055,-7.60546875,"Male"
"6018403",371836,2025-11-08 01:31:07,33.6014976501465,-7.60547876358032,"Male"
"6018403",371836,2025-11-08 01:41:07,33.6015510559082,-7.60445976257324,"Male"
"6018403",371836,2025-11-08 01:51:04,33.6016731262207,-7.60539150238037,"Male"
"6018403",371836,2025-11-08 02:01:07,33.6016845703125,-7.60556316375732,"Male"
"6018403",371836,2025-11-08 02:11:12,33.601619720459,-7.60548448562622,"Male"
"6018403",371836,2025-11-08 02:21:08,33.6012687683105,-7.60520601272583,"Male"
"6018403",371836,2025-11-08 02:31:05,33.6017265319824,-7.60539436340332,"Male"
"6018403",371836,2025-11-08 02:41:06,33.6017379760742,-7.60544490814209,"Male"
"6018403",371836,2025-11-08 02:51:04,33.6014862060547,-7.60535860061646,"Male"
"6018403",371836,2025-11-08 03:01:14,33.6016807556152,-7.6054515838623,"Male"
"6018403",371836,2025-11-08 03:11:07,33.6017417907715,-7.60543870925903,"Male"
"6018403",371836,2025-11-08 03:21:07,33.6017379760742,-7.6054277420044,"Male"
"6018403",371836,2025-11-08 03:31:09,33.6019439697266,-7.60535335540771,"Male"
"6018403",371836,2025-11-08 03:41:35,33.6018257141113,-7.60535478591919,"Male"
"6018403",371836,2025-11-08 03:51:05,33.6015892028809,-7.60544776916504,"Male"
"6018403",371836,2025-11-08 04:01:06,33.6014862060547,-7.6055154800415,"Male"
"6018403",371836,2025-11-08 04:11:04,33.601692199707,-7.60540103912354,"Male"
"6018403",371836,2025-11-08 04:21:04,33.6014862060547,-7.60531949996948,"Male"
"6018403",371836,2025-11-08 04:31:05,33.6015625,-7.6052827835083,"Male"
"6018403",371836,2025-11-08 04:41:06,33.6014442443848,-7.60543823242188,"Male"
"6018403",371836,2025-11-08 04:51:05,33.6017036437988,-7.6055326461792,"Male"
"6018403",371836,2025-11-08 05:01:05,33.6015586853027,-7.60514307022095,"Male"
"6018403",371836,2025-11-08 05:11:08,33.6016273498535,-7.60546159744263,"Male"
"6018403",371836,2025-11-08 05:21:05,33.6017150878906,-7.60553455352783,"Male"
"6018403",371836,2025-11-08 05:31:05,33.6015853881836,-7.60525131225586,"Male"
"6018403",371836,2025-11-08 05:41:06,33.6015777587891,-7.60540676116943,"Male"
"6018403",371836,2025-11-08 05:51:10,33.6016578674316,-7.60532426834106,"Male"
"6018403",371836,2025-11-08 06:01:35,33.6016654968262,-7.60547637939453,"Male"
"6018403",371836,2025-11-08 06:11:05,33.6018142700195,-7.6055212020874,"Male"
"6018403",371836,2025-11-08 06:21:05,33.601806640625,-7.60546350479126,"Male"
"6018403",371836,2025-11-08 06:31:04,33.6017684936523,-7.60550498962402,"Male"
"6018403",371836,2025-11-08 06:41:04,33.6017570495605,-7.60549736022949,"Male"
"6018403",371836,2025-11-08 06:51:06,33.6015892028809,-7.60519361495972,"Male"
"6018403",371836,2025-11-08 07:01:06,33.6019134521484,-7.60551118850708,"Male"
"6018403",371836,2025-11-08 07:11:04,33.6018943786621,-7.60547065734863,"Male"
"6018403",371836,2025-11-08 07:21:08,33.6017990112305,-7.60586071014404,"Male"
"6018403",371836,2025-11-08 07:31:05,33.5958595275879,-7.60864019393921,"Male"
"6018403",371836,2025-11-08 07:41:35,33.5959014892578,-7.60852909088135,"Male"
"6018403",371836,2025-11-08 07:51:05,33.5958137512207,-7.60850095748901,"Male"
"6018403",371836,2025-11-08 08:01:04,33.5959625244141,-7.60889911651611,"Male"
"6018403",371836,2025-11-08 08:11:05,33.5957984924316,-7.60855054855347,"Male"
"6018403",371836,2025-11-08 08:21:04,33.5959129333496,-7.60889768600464,"Male"
"6018403",371836,2025-11-08 08:31:05,33.5956993103027,-7.60870933532715,"Male"
"6018403",371836,2025-11-08 08:41:09,33.5958251953125,-7.60856533050537,"Male"
"6018403",371836,2025-11-08 08:51:04,33.5957260131836,-7.6086106300354,"Male"
"6018403",371836,2025-11-08 09:01:05,33.5957183837891,-7.6086893081665,"Male"
"6018403",371836,2025-11-08 09:11:05,33.5957183837891,-7.60868644714355,"Male"
"6018403",371836,2025-11-08 09:21:06,33.5956954956055,-7.60863304138184,"Male"
"6018403",371836,2025-11-08 09:31:04,33.5958023071289,-7.60876560211182,"Male"
"6018403",371836,2025-11-08 09:41:06,33.5957527160645,-7.60867261886597,"Male"
"6018403",371836,2025-11-08 09:51:04,33.5957183837891,-7.60869550704956,"Male"
"6018403",371836,2025-11-08 10:01:06,33.5957489013672,-7.60865497589111,"Male"
"6018403",371836,2025-11-08 10:11:05,33.5957641601562,-7.60849094390869,"Male"
"6018403",371836,2025-11-08 10:21:05,33.5957641601562,-7.60861921310425,"Male"
"6018403",371836,2025-11-08 10:31:04,33.5958976745605,-7.60875701904297,"Male"
"6018403",371836,2025-11-08 10:41:06,33.595760345459,-7.60859489440918,"Male"
"6018403",371836,2025-11-08 10:51:07,33.5961265563965,-7.60826301574707,"Male"
"6018403",371836,2025-11-08 11:01:05,33.595630645752,-7.60869646072388,"Male"
"6018403",371836,2025-11-08 11:11:05,33.5958099365234,-7.60861206054688,"Male"
"6018403",371836,2025-11-08 11:21:07,33.595630645752,-7.60850286483765,"Male"
"6018403",371836,2025-11-08 11:31:06,33.5959434509277,-7.6084942817688,"Male"
"6018403",371836,2025-11-08 11:41:05,33.5958786010742,-7.60866260528565,"Male"
"6018403",371836,2025-11-08 11:51:05,33.5957984924316,-7.60846662521362,"Male"
"6018403",371836,2025-11-08 12:01:06,33.5960807800293,-7.60873603820801,"Male"
"6018403",371836,2025-11-08 12:11:10,33.5955963134766,-7.60840845108032,"Male"
"6018403",371836,2025-11-08 12:21:06,33.5958480834961,-7.60851383209229,"Male"
"6018403",371836,2025-11-08 12:31:07,33.595874786377,-7.60868120193481,"Male"
"6018403",371836,2025-11-08 12:41:08,33.5650634765625,-7.600257396698,"Male"
"6018403",371836,2025-11-08 12:51:10,33.5505065917969,-7.58507585525513,"Male"
"6018403",371836,2025-11-08 13:02:05,33.55078125,-7.58554410934448,"Male"
"6018403",371836,2025-11-08 13:11:06,33.5507164001465,-7.58578634262085,"Male"
"6018403",371836,2025-11-08 13:21:06,33.550724029541,-7.5855770111084,"Male"
"6018403",371836,2025-11-08 13:31:05,33.5506248474121,-7.5858416557312,"Male"
"6018403",371836,2025-11-08 13:41:06,33.5507354736328,-7.58568382263184,"Male"
"6018403",371836,2025-11-08 13:51:05,33.550594329834,-7.58574104309082,"Male"
"6018403",371836,2025-11-08 14:01:05,33.5506629943848,-7.58580589294434,"Male"
"6018403",371836,2025-11-08 14:11:04,33.5187072753906,-7.56994915008545,"Male"
"6018403",371836,2025-11-08 14:21:07,33.4781875610352,-7.54139232635498,"Male"
"6018403",371836,2025-11-08 14:31:05,33.478572845459,-7.54107761383057,"Male"
"6018403",371836,2025-11-08 14:41:08,33.478572845459,-7.53954648971558,"Male"
"6018403",371836,2025-11-08 14:51:07,33.4790115356445,-7.53933000564575,"Male"
"6018403",371836,2025-11-08 15:01:14,33.4791297912598,-7.53943014144897,"Male"
"6018403",371836,2025-11-08 15:11:07,33.477424621582,-7.54054975509644,"Male"
"6018403",371836,2025-11-08 15:21:06,33.4788284301758,-7.53984451293945,"Male"
"6018403",371836,2025-11-08 15:31:18,33.4790878295898,-7.53983545303345,"Male"
"6018403",371836,2025-11-08 15:41:10,33.4787368774414,-7.53957653045654,"Male"
"6018403",371836,2025-11-08 15:51:09,33.4788017272949,-7.53975057601929,"Male"
"6018403",371836,2025-11-08 16:01:06,33.4787254333496,-7.53931331634521,"Male"
"6018403",371836,2025-11-08 16:11:08,33.4793663024902,-7.53921508789062,"Male"
"6018403",371836,2025-11-08 16:21:09,33.4793090820312,-7.53891277313232,"Male"
"6018403",371836,2025-11-08 16:31:35,33.4784469604492,-7.54147577285767,"Male"
"6018403",371836,2025-11-08 16:41:07,33.4785995483398,-7.54108381271362,"Male"
"6018403",371836,2025-11-08 16:51:08,33.4791259765625,-7.5411057472229,"Male"
"6018403",371836,2025-11-08 17:01:05,33.5062713623047,-7.54763507843018,"Male"
"6018403",371836,2025-11-08 17:11:05,33.5382614135742,-7.57853078842163,"Male"
"6018403",371836,2025-11-08 17:21:08,33.5719566345215,-7.60712099075317,"Male"
"6018403",371836,2025-11-08 17:31:08,33.5955924987793,-7.60855960845947,"Male"
"6018403",371836,2025-11-08 17:41:13,33.5955657958984,-7.60862398147583,"Male"
"6018403",371836,2025-11-08 17:51:35,33.5954360961914,-7.60850763320923,"Male"
"6018403",371836,2025-11-08 18:01:13,33.6019134521484,-7.60574531555176,"Male"
"6018403",371836,2025-11-08 18:11:07,33.6019744873047,-7.60573530197144,"Male"
"6018403",371836,2025-11-08 18:21:08,33.6015319824219,-7.60651874542236,"Male"
"6018403",371836,2025-11-08 18:31:08,33.6018714904785,-7.60577440261841,"Male"
"6018403",371836,2025-11-08 18:41:08,33.6019058227539,-7.60575771331787,"Male"
"6018403",371836,2025-11-08 18:51:09,33.6018905639648,-7.60577392578125,"Male"
"6018403",371836,2025-11-08 19:01:07,33.6019325256348,-7.60570001602173,"Male"
"6018403",371836,2025-11-08 19:11:07,33.6022109985352,-7.60564184188843,"Male"
"6018403",371836,2025-11-08 19:21:08,33.6022148132324,-7.60569477081299,"Male"
"6018403",371836,2025-11-08 19:31:06,33.6018409729004,-7.60573482513428,"Male"
"6018403",371836,2025-11-08 19:41:06,33.6019554138184,-7.60578680038452,"Male"
"6018403",371836,2025-11-08 19:51:06,33.6021919250488,-7.60573434829712,"Male"
"6018403",371836,2025-11-08 20:01:06,33.601921081543,-7.60573291778565,"Male"
"6018403",371836,2025-11-08 20:11:07,33.6020240783691,-7.60559797286987,"Male"
"6018403",371836,2025-11-08 20:21:06,33.6019248962402,-7.60562324523926,"Male"
"6018403",371836,2025-11-08 20:31:05,33.6019515991211,-7.60578966140747,"Male"
"6018403",371836,2025-11-08 20:41:04,33.6024169921875,-7.60569190979004,"Male"
"6018403",371836,2025-11-08 20:51:07,33.6019859313965,-7.60574007034302,"Male"
"6018403",371836,2025-11-08 21:01:09,33.6022300720215,-7.60565090179443,"Male"
"6018403",371836,2025-11-08 21:11:09,33.6021995544434,-7.60557413101196,"Male"
"6018403",371836,2025-11-08 21:21:06,33.6025848388672,-7.60561847686768,"Male"
"6018403",371836,2025-11-08 21:31:06,33.6015739440918,-7.60565757751465,"Male"
"6018403",371836,2025-11-08 21:41:07,33.6015090942383,-7.60564088821411,"Male"
"6018403",371836,2025-11-08 21:51:07,33.6018562316895,-7.60574960708618,"Male"
"6018403",371836,2025-11-08 22:01:07,33.6022453308105,-7.6056342124939,"Male"
"6018403",371836,2025-11-08 22:11:06,33.6022529602051,-7.60561370849609,"Male"
"6018403",371836,2025-11-08 22:21:07,33.6022262573242,-7.60575771331787,"Male"
"6018403",371836,2025-11-08 22:31:07,33.6022529602051,-7.60548114776611,"Male"
"6018403",371836,2025-11-08 22:41:07,33.6020812988281,-7.60542488098145,"Male"
"6018403",371836,2025-11-08 22:51:07,33.601936340332,-7.60549783706665,"Male"
"6018403",371836,2025-11-08 23:01:13,33.6017951965332,-7.6054253578186,"Male"
"6018403",371836,2025-11-08 23:11:07,33.6018295288086,-7.60581350326538,"Male"
"6018403",371836,2025-11-08 23:21:05,33.6022415161133,-7.60610818862915,"Male"
"6018403",371836,2025-11-08 23:31:11,33.6018371582031,-7.60571527481079,"Male"
"6018403",371836,2025-11-08 23:41:12,33.6018028259277,-7.60562419891357,"Male"
"6018403",371836,2025-11-08 23:51:08,33.6021194458008,-7.60522699356079,"Male"
"6018403",371836,2025-11-09 00:01:08,33.6020660400391,-7.60513973236084,"Male"
"6018403",371836,2025-11-09 00:11:07,33.6019515991211,-7.60530090332031,"Male"
"6018403",371836,2025-11-09 00:21:06,33.6021003723145,-7.60515260696411,"Male"
"6018403",371836,2025-11-09 00:31:06,33.6021308898926,-7.60507965087891,"Male"
"6018403",371836,2025-11-09 00:41:08,33.6022415161133,-7.60521507263184,"Male"
"6018403",371836,2025-11-09 00:51:07,33.6023368835449,-7.6047158241272,"Male"
"6018403",371836,2025-11-09 01:01:07,33.6017417907715,-7.60551452636719,"Male"
"6018403",371836,2025-11-09 01:11:08,33.601749420166,-7.60549736022949,"Male"
"6018403",371836,2025-11-09 01:21:07,33.6016998291016,-7.60551452636719,"Male"
"6018403",371836,2025-11-09 01:31:08,33.6017036437988,-7.60564708709717,"Male"
"6018403",371836,2025-11-09 01:41:09,33.601734161377,-7.60569667816162,"Male"
"6018403",371836,2025-11-09 01:51:09,33.6017608642578,-7.60552978515625,"Male"
"6018403",371836,2025-11-09 02:01:09,33.6019287109375,-7.60532569885254,"Male"
"6018403",371836,2025-11-09 02:11:07,33.6020355224609,-7.60563373565674,"Male"
"6018403",371836,2025-11-09 02:21:06,33.6020660400391,-7.60557126998901,"Male"
"6018403",371836,2025-11-09 02:31:10,33.6020088195801,-7.60552549362183,"Male"
"6018403",371836,2025-11-09 02:41:10,33.6020584106445,-7.60559940338135,"Male"
"6018403",371836,2025-11-09 02:51:07,33.6020584106445,-7.60555839538574,"Male"
"6018403",371836,2025-11-09 03:01:05,33.6025199890137,-7.60553216934204,"Male"
"6018403",371836,2025-11-09 03:11:08,33.6022415161133,-7.60545492172241,"Male"
"6018403",371836,2025-11-09 03:21:07,33.6026420593262,-7.60543966293335,"Male"
"6018403",371836,2025-11-09 03:31:10,33.6018867492676,-7.60564661026001,"Male"
"6018403",371836,2025-11-09 03:41:07,33.6016006469727,-7.60563087463379,"Male"
"6018403",371836,2025-11-09 03:51:06,33.6015777587891,-7.60553646087646,"Male"
"6018403",371836,2025-11-09 04:01:06,33.6018867492676,-7.60575485229492,"Male"
"6018403",371836,2025-11-09 04:11:10,33.6017303466797,-7.60569095611572,"Male"
"6018403",371836,2025-11-09 04:21:12,33.6015663146973,-7.6055269241333,"Male"
"6018403",371836,2025-11-09 04:31:08,33.6016235351562,-7.60549163818359,"Male"
"6018403",371836,2025-11-09 04:41:08,33.6013679504395,-7.60538148880005,"Male"
"6018403",371836,2025-11-09 04:51:13,33.601921081543,-7.60511684417725,"Male"
"6018403",371836,2025-11-09 05:01:12,33.6018218994141,-7.60520172119141,"Male"
"6018403",371836,2025-11-09 05:11:17,33.6017646789551,-7.6048469543457,"Male"
"6018403",371836,2025-11-09 05:21:09,33.6017189025879,-7.60474538803101,"Male"
"6018403",371836,2025-11-09 05:31:13,33.6019897460938,-7.60557508468628,"Male"
"6018403",371836,2025-11-09 05:41:06,33.6018714904785,-7.60564422607422,"Male"
"6018403",371836,2025-11-09 05:51:08,33.6017036437988,-7.60545635223389,"Male"
"6018403",371836,2025-11-09 06:01:08,33.601978302002,-7.6054310798645,"Male"
"6018403",371836,2025-11-09 06:11:05,33.6020698547363,-7.60563802719116,"Male"
"6018403",371836,2025-11-09 06:21:05,33.6021728515625,-7.60574293136597,"Male"
"6018403",371836,2025-11-09 06:31:06,33.6020431518555,-7.60558938980103,"Male"
"6018403",371836,2025-11-09 06:41:06,33.6020469665527,-7.60560750961304,"Male"
"6018403",371836,2025-11-09 06:51:08,33.5931396484375,-7.60894727706909,"Male"
"6018403",371836,2025-11-09 07:01:15,33.5930290222168,-7.60888242721558,"Male"
"6018403",371836,2025-11-09 07:11:14,33.5929908752441,-7.60901737213135,"Male"
"6018403",371836,2025-11-09 07:21:08,33.5932197570801,-7.60899829864502,"Male"
"6018403",371836,2025-11-09 07:31:15,33.5931091308594,-7.60898876190185,"Male"
"6018403",371836,2025-11-09 07:41:11,33.5905685424805,-7.60863733291626,"Male"
"6018403",371836,2025-11-09 07:51:11,33.5904731750488,-7.60866260528565,"Male"
"6018403",371836,2025-11-09 08:01:11,33.590446472168,-7.60850524902344,"Male"
"6018403",371836,2025-11-09 08:11:07,33.590160369873,-7.60875463485718,"Male"
"6018403",371836,2025-11-09 08:21:09,33.5902633666992,-7.60841178894043,"Male"
"6018403",371836,2025-11-09 08:31:07,33.5902709960938,-7.60853099822998,"Male"
"6018403",371836,2025-11-09 08:41:07,33.5903015136719,-7.60821199417114,"Male"
"6018403",371836,2025-11-09 08:51:05,33.5906562805176,-7.60861015319824,"Male"
"6018403",371836,2025-11-09 09:01:05,33.5907020568848,-7.6086368560791,"Male"
"6018403",371836,2025-11-09 09:11:04,33.5907211303711,-7.60865068435669,"Male"
"6018403",371836,2025-11-09 09:21:07,33.5905380249023,-7.60842037200928,"Male"
"6018403",371836,2025-11-09 09:31:09,33.5905456542969,-7.60841512680054,"Male"
"6018403",371836,2025-11-09 09:41:05,33.5905570983887,-7.60838842391968,"Male"
"6018403",371836,2025-11-09 09:51:09,33.5903739929199,-7.60799503326416,"Male"
"6018403",371836,2025-11-09 10:01:09,33.5906562805176,-7.60848474502563,"Male"
"6018403",371836,2025-11-09 10:11:08,33.5903549194336,-7.6087474822998,"Male"
"6018403",371836,2025-11-09 10:21:07,33.5906562805176,-7.60863208770752,"Male"
"6018403",371836,2025-11-09 10:31:07,33.5905876159668,-7.60858535766602,"Male"
"6018403",371836,2025-11-09 10:41:07,33.5901641845703,-7.60845804214478,"Male"
"6018403",371836,2025-11-09 10:51:13,33.5901870727539,-7.6081919670105,"Male"
"6018403",371836,2025-11-09 11:01:13,33.5902938842773,-7.60825634002685,"Male"
"6018403",371836,2025-11-09 11:11:10,33.5903663635254,-7.60814619064331,"Male"
"6018403",371836,2025-11-09 11:21:09,33.5903930664062,-7.60824632644653,"Male"
"6018403",371836,2025-11-09 11:31:10,33.5904121398926,-7.60818815231323,"Male"
"6018403",371836,2025-11-09 11:41:13,33.5895309448242,-7.6069164276123,"Male"
"6018403",371836,2025-11-09 11:51:09,33.5895805358887,-7.6068959236145,"Male"
"6018403",371836,2025-11-09 12:01:09,33.5894317626953,-7.60686302185059,"Male"
"6018403",371836,2025-11-09 12:11:13,33.589427947998,-7.60684442520142,"Male"
"6018403",371836,2025-11-09 12:21:10,33.5748062133789,-7.59750652313232,"Male"
"6018403",371836,2025-11-09 12:31:10,33.5547561645508,-7.591392993927,"Male"
"6018403",371836,2025-11-09 12:41:10,33.5551223754883,-7.59119415283203,"Male"
"6018403",371836,2025-11-09 12:51:14,33.5548210144043,-7.59153985977173,"Male"
"6018403",371836,2025-11-09 13:01:14,33.5553092956543,-7.59148693084717,"Male"
"6018403",371836,2025-11-09 13:11:11,33.5547180175781,-7.59135913848877,"Male"
"6018403",371836,2025-11-09 13:21:12,33.5550537109375,-7.58992195129395,"Male"
"6018403",371836,2025-11-09 13:31:34,33.5552291870117,-7.58957576751709,"Male"
"6018403",371836,2025-11-09 13:41:07,33.5549011230469,-7.58972692489624,"Male"
"6018403",371836,2025-11-09 13:51:12,33.5550079345703,-7.58951473236084,"Male"
"6018403",371836,2025-11-09 14:01:12,33.5550155639648,-7.58970499038696,"Male"
"6018403",371836,2025-11-09 14:11:09,33.5549926757812,-7.58956003189087,"Male"
"6018403",371836,2025-11-09 14:21:26,33.5518035888672,-7.59049987792969,"Male"
"6018403",371836,2025-11-09 14:31:09,33.5113945007324,-7.57163906097412,"Male"
"6018403",371836,2025-11-09 14:41:08,33.4977760314941,-7.55977296829224,"Male"
"6018403",371836,2025-11-09 14:51:13,33.477653503418,-7.54158735275269,"Male"
"6018403",371836,2025-11-09 15:01:35,33.4780502319336,-7.5414228439331,"Male"
"6018403",371836,2025-11-09 15:11:04,33.4780349731445,-7.54145574569702,"Male"
"6018403",371836,2025-11-09 15:21:08,33.4773368835449,-7.54049015045166,"Male"
"6018403",371836,2025-11-09 15:31:05,33.4787864685059,-7.54155111312866,"Male"
"6018403",371836,2025-11-09 15:41:07,33.4792594909668,-7.54156589508057,"Male"
"6018403",371836,2025-11-09 15:51:14,33.4788284301758,-7.5406608581543,"Male"
"6018403",371836,2025-11-09 16:01:35,33.4792022705078,-7.5409893989563,"Male"
"6018403",371836,2025-11-09 16:11:06,33.4793586730957,-7.54098844528198,"Male"
"6018403",371836,2025-11-09 16:21:06,33.4794082641602,-7.54092693328857,"Male"
"6018403",371836,2025-11-09 16:31:08,33.4795951843262,-7.54075717926025,"Male"
"6018403",371836,2025-11-09 16:41:07,33.4793434143066,-7.54100227355957,"Male"
"6018403",371836,2025-11-09 16:51:08,33.4793167114258,-7.54104423522949,"Male"
"6018403",371836,2025-11-09 17:01:07,33.4794158935547,-7.54100036621094,"Male"
"6018403",371836,2025-11-09 17:11:06,33.4850730895996,-7.58342027664185,"Male"
"6018403",371836,2025-11-09 17:21:05,33.5096740722656,-7.62147903442383,"Male"
"6018403",371836,2025-11-09 17:31:05,33.5535697937012,-7.6311559677124,"Male"
"6018403",371836,2025-11-09 17:41:04,33.5961990356445,-7.60893440246582,"Male"
"6018403",371836,2025-11-09 17:51:13,33.6017265319824,-7.60621643066406,"Male"
"6018403",371836,2025-11-09 18:01:14,33.6018447875977,-7.60615396499634,"Male"
"6018403",371836,2025-11-09 18:11:35,33.6018867492676,-7.60604238510132,"Male"
"6018403",371836,2025-11-09 18:21:06,33.6019439697266,-7.60593175888062,"Male"
"6018403",371836,2025-11-09 18:31:06,33.6019172668457,-7.60592651367188,"Male"
"6018403",371836,2025-11-09 18:41:06,33.601879119873,-7.60591650009155,"Male"
"6018403",371836,2025-11-09 18:51:05,33.6019744873047,-7.60594654083252,"Male"
"6018403",371836,2025-11-09 19:01:05,33.601749420166,-7.60605335235596,"Male"
"6018403",371836,2025-11-09 19:11:05,33.602165222168,-7.60598945617676,"Male"
"6018403",371836,2025-11-09 19:21:05,33.6019287109375,-7.6060357093811,"Male"
"6018403",371836,2025-11-09 19:31:13,33.6018486022949,-7.60566425323486,"Male"
"6018403",371836,2025-11-09 19:41:08,33.6018829345703,-7.60592460632324,"Male"
"6018403",371836,2025-11-09 19:51:11,33.6018447875977,-7.60594272613525,"Male"
"6018403",371836,2025-11-09 20:01:05,33.6018943786621,-7.60586500167847,"Male"
"6018403",371836,2025-11-09 20:11:06,33.6019248962402,-7.60594129562378,"Male"
"6018403",371836,2025-11-09 20:21:13,33.6018600463867,-7.60585927963257,"Male"
"6018403",371836,2025-11-09 20:31:13,33.6018981933594,-7.60586309432983,"Male"
"6018403",371836,2025-11-09 20:41:07,33.6021461486816,-7.60628318786621,"Male"
"6018403",371836,2025-11-09 20:51:08,33.6020660400391,-7.60578966140747,"Male"
"6018403",371836,2025-11-09 21:01:07,33.6022109985352,-7.60591316223145,"Male"
"6018403",371836,2025-11-09 21:11:09,33.6018371582031,-7.6056318283081,"Male"
"6018403",371836,2025-11-09 21:21:07,33.6019172668457,-7.60590982437134,"Male"
"6018403",371836,2025-11-09 21:31:09,33.6018905639648,-7.60559701919556,"Male"
"6018403",371836,2025-11-09 21:41:10,33.601863861084,-7.60604000091553,"Male"
"6018403",371836,2025-11-09 21:51:08,33.6019439697266,-7.60559463500977,"Male"
"6018403",371836,2025-11-09 22:01:13,33.6027526855469,-7.60559034347534,"Male"
"6018403",371836,2025-11-09 22:11:32,33.6019401550293,-7.60587406158447,"Male"
"6018403",371836,2025-11-09 22:21:05,33.6018600463867,-7.60560464859009,"Male"
"6018403",371836,2025-11-09 22:31:05,33.6019477844238,-7.60567569732666,"Male"
"6018403",371836,2025-11-09 22:41:05,33.6020202636719,-7.6056227684021,"Male"
"6018403",371836,2025-11-09 22:51:05,33.6018714904785,-7.60576009750366,"Male"
"6018403",371836,2025-11-09 23:01:05,33.6019096374512,-7.60587167739868,"Male"
"6018403",371836,2025-11-09 23:11:05,33.6019401550293,-7.60583925247192,"Male"
"6018403",371836,2025-11-09 23:21:06,33.6019592285156,-7.60588121414185,"Male"
"6018403",371836,2025-11-09 23:31:09,33.6017570495605,-7.6056661605835,"Male"
"6018403",371836,2025-11-09 23:41:07,33.6018371582031,-7.60556221008301,"Male"
"6018403",371836,2025-11-09 23:51:09,33.6013946533203,-7.60566711425781,"Male"
"6018403",371836,2025-11-10 00:01:09,33.6018142700195,-7.60555839538574,"Male"
"6018403",371836,2025-11-10 00:11:06,33.6016616821289,-7.60568284988403,"Male"
"6018403",371836,2025-11-10 00:21:06,33.6018333435059,-7.60558414459229,"Male"
"6018403",371836,2025-11-10 00:31:06,33.6018371582031,-7.60554265975952,"Male"
"6018403",371836,2025-11-10 00:41:05,33.6020660400391,-7.60568189620972,"Male"
"6018403",371836,2025-11-10 00:51:06,33.6018753051758,-7.60549116134644,"Male"
"6018403",371836,2025-11-10 01:01:09,33.6018753051758,-7.60569190979004,"Male"
"6018403",371836,2025-11-10 01:11:35,33.6018524169922,-7.60551738739014,"Male"
"6018403",371836,2025-11-10 01:21:05,33.6019172668457,-7.60577297210693,"Male"
"6018403",371836,2025-11-10 01:31:10,33.6018867492676,-7.60544347763062,"Male"
"6018403",371836,2025-11-10 01:41:07,33.6021003723145,-7.60659313201904,"Male"
"6018403",371836,2025-11-10 01:51:11,33.6017990112305,-7.60536670684815,"Male"
"6018403",371836,2025-11-10 02:01:13,33.6019248962402,-7.60542011260986,"Male"
"6018403",371836,2025-11-10 02:11:08,33.6018905639648,-7.60542869567871,"Male"
"6018403",371836,2025-11-10 02:21:09,33.6018295288086,-7.60545444488525,"Male"
"6018403",371836,2025-11-10 02:31:35,33.6018142700195,-7.60550737380981,"Male"
"6018403",371836,2025-11-10 02:41:06,33.601634979248,-7.60567569732666,"Male"
"6018403",371836,2025-11-10 02:51:06,33.6019859313965,-7.60542869567871,"Male"
"6018403",371836,2025-11-10 03:01:05,33.6018371582031,-7.6054801940918,"Male"
"6018403",371836,2025-11-10 03:11:05,33.6018104553223,-7.60551738739014,"Male"
"6018403",371836,2025-11-10 03:21:05,33.6017112731934,-7.60556077957153,"Male"
"6018403",371836,2025-11-10 03:31:13,33.6010894775391,-7.60598659515381,"Male"
"6018403",371836,2025-11-10 03:41:06,33.6008415222168,-7.60575580596924,"Male"
"6018403",371836,2025-11-10 03:51:13,33.601692199707,-7.60553026199341,"Male"
"6018403",371836,2025-11-10 04:01:07,33.6017456054688,-7.60569381713867,"Male"
"6018403",371836,2025-11-10 04:11:05,33.6025009155273,-7.60481548309326,"Male"
"6018403",371836,2025-11-10 04:21:18,33.6019287109375,-7.60560846328735,"Male"
"6018403",371836,2025-11-10 04:31:06,33.6018295288086,-7.60556030273438,"Male"
"6018403",371836,2025-11-10 04:41:08,33.6016693115234,-7.60550355911255,"Male"
"6018403",371836,2025-11-10 04:51:08,33.6017646789551,-7.60546016693115,"Male"
"6018403",371836,2025-11-10 05:01:08,33.601734161377,-7.60532283782959,"Male"
"6018403",371836,2025-11-10 05:11:16,33.6017646789551,-7.60520076751709,"Male"
"6018403",371836,2025-11-10 05:21:32,33.6017723083496,-7.60538482666016,"Male"
"6018403",371836,2025-11-10 05:31:05,33.6017456054688,-7.60547113418579,"Male"
"6018403",371836,2025-11-10 05:41:05,33.6017265319824,-7.60547542572021,"Male"
"6018403",371836,2025-11-10 05:51:05,33.6018104553223,-7.60542488098145,"Male"
"6018403",371836,2025-11-10 06:01:05,33.601749420166,-7.60546922683716,"Male"
"6018403",371836,2025-11-10 06:11:05,33.6017799377441,-7.60546112060547,"Male"
"6018403",371836,2025-11-10 06:21:05,33.6016998291016,-7.60547065734863,"Male"
"6018403",371836,2025-11-10 06:31:07,33.6018409729004,-7.60535573959351,"Male"
"6018403",371836,2025-11-10 07:01:11,33.5996589660645,-7.6062593460083,"Male"
"6018403",371836,2025-11-10 07:31:09,33.5925140380859,-7.60885238647461,"Male"
"6018403",371836,2025-11-10 08:01:13,33.5916213989258,-7.60867261886597,"Male"
"6018403",371836,2025-11-10 08:31:17,33.5915489196777,-7.60862159729004,"Male"
"6018403",371836,2025-11-10 09:01:35,33.5915565490723,-7.60867071151733,"Male"
"6018403",371836,2025-11-10 09:31:05,33.5916595458984,-7.60881042480469,"Male"
"6018403",371836,2025-11-10 10:01:05,33.5950584411621,-7.60813570022583,"Male"
"6018403",371836,2025-11-10 10:31:14,33.5953521728516,-7.60869598388672,"Male"
"6018403",371836,2025-11-10 11:01:13,33.5952758789062,-7.60862064361572,"Male"
"6018403",371836,2025-11-10 11:31:34,33.5954360961914,-7.60884380340576,"Male"
"6018403",371836,2025-11-10 12:01:05,33.5954399108887,-7.60871124267578,"Male"
"6018403",371836,2025-11-10 12:31:06,33.5954170227051,-7.60869932174683,"Male"
"6018403",371836,2025-11-10 13:01:08,33.5953903198242,-7.60809850692749,"Male"
"6018403",371836,2025-11-10 13:31:24,33.5953483581543,-7.60832548141479,"Male"
"6018403",371836,2025-11-10 14:01:35,33.5953216552734,-7.60847616195679,"Male"
"6018403",371836,2025-11-10 14:31:06,33.5951385498047,-7.60892248153687,"Male"
"6018403",371836,2025-11-10 15:01:07,33.5955047607422,-7.60843563079834,"Male"
"6018403",371836,2025-11-10 15:31:12,33.572940826416,-7.64475011825562,"Male"
"6018403",371836,2025-11-10 16:01:35,33.5578842163086,-7.67508316040039,"Male"
"6018403",371836,2025-11-10 16:31:13,33.5747604370117,-7.63646173477173,"Male"
"6018403",371836,2025-11-10 17:01:35,33.5785217285156,-7.63539600372315,"Male"
"6018403",371836,2025-11-10 17:31:06,33.5783233642578,-7.63525819778442,"Male"
"6018403",371836,2025-11-10 18:01:06,33.5958595275879,-7.60858726501465,"Male"
"6018403",371836,2025-11-10 18:31:04,33.6018257141113,-7.60581684112549,"Male"
"6018403",371836,2025-11-10 19:01:10,33.6018142700195,-7.60585641860962,"Male"
"6018403",371836,2025-11-10 19:31:13,33.6019096374512,-7.60569286346435,"Male"
"6018403",371836,2025-11-10 20:01:17,33.6020774841309,-7.60608386993408,"Male"
"6018403",371836,2025-11-10 20:31:35,33.6019058227539,-7.60576152801514,"Male"
"6018403",371836,2025-11-10 21:01:05,33.6019859313965,-7.60554790496826,"Male"
"6018403",371836,2025-11-10 21:31:06,33.6019325256348,-7.60557651519775,"Male"
"6018403",371836,2025-11-10 22:01:10,33.6018409729004,-7.6056604385376,"Male"
"6018403",371836,2025-11-10 22:31:17,33.6019248962402,-7.60551643371582,"Male"
"6018403",371836,2025-11-10 23:01:10,33.6018943786621,-7.60549879074097,"Male"
"6018403",371836,2025-11-10 23:31:13,33.6019821166992,-7.60562992095947,"Male"
"6018403",371836,2025-11-11 00:01:35,33.6017951965332,-7.60560417175293,"Male"
"6018403",371836,2025-11-11 00:31:05,33.601936340332,-7.60615539550781,"Male"
"6018403",371836,2025-11-11 01:01:17,33.6018867492676,-7.60560846328735,"Male"
"6018403",371836,2025-11-11 01:31:35,33.6019096374512,-7.60572195053101,"Male"
"6018403",371836,2025-11-11 02:01:35,33.601921081543,-7.60546112060547,"Male"
"6018403",371836,2025-11-11 02:31:09,33.601921081543,-7.60536336898804,"Male"
"6018403",371836,2025-11-11 03:01:06,33.6018028259277,-7.60555839538574,"Male"
"6018403",371836,2025-11-11 03:31:08,33.6018600463867,-7.60556983947754,"Male"
"6018403",371836,2025-11-11 04:01:08,33.6018104553223,-7.60551071166992,"Male"
"6018403",371836,2025-11-11 04:31:06,33.6017189025879,-7.60555267333984,"Male"
"6018403",371836,2025-11-11 05:01:11,33.6017799377441,-7.60541725158691,"Male"
"6018403",371836,2025-11-11 05:31:11,33.6015548706055,-7.60524320602417,"Male"
"6018403",371836,2025-11-11 06:01:36,33.6018180847168,-7.60552597045898,"Male"
"6018403",371836,2025-11-11 06:31:05,33.6018409729004,-7.60546875,"Male"
"6018403",371836,2025-11-11 07:01:08,33.5955123901367,-7.60888195037842,"Male"
"6018403",371836,2025-11-11 07:31:06,33.5955543518066,-7.60874557495117,"Male"
"6018403",371836,2025-11-11 08:01:06,33.595588684082,-7.60874652862549,"Male"
"6018403",371836,2025-11-11 08:31:06,33.5956153869629,-7.60876226425171,"Male"
"6018403",371836,2025-11-11 09:01:14,33.5957107543945,-7.60891342163086,"Male"
"6018403",371836,2025-11-11 09:31:11,33.5810928344727,-7.59841680526733,"Male"
"6018403",371836,2025-11-11 10:01:35,33.5465354919434,-7.5721116065979,"Male"
"6018403",371836,2025-11-11 10:31:09,33.5462036132812,-7.57261180877685,"Male"
"6018403",371836,2025-11-11 11:01:06,33.5463676452637,-7.57238054275513,"Male"
"6018403",371836,2025-11-11 11:31:33,33.4788932800293,-7.54091501235962,"Male"
"6018403",371836,2025-11-11 12:01:13,33.4782180786133,-7.54137372970581,"Male"
"6018403",371836,2025-11-11 12:31:10,33.478199005127,-7.5413646697998,"Male"
"6018403",371836,2025-11-11 13:01:12,33.478458404541,-7.54138803482056,"Male"
"6018403",371836,2025-11-11 13:31:35,33.4792137145996,-7.54181385040283,"Male"
"6018403",371836,2025-11-11 14:01:44,33.4773788452148,-7.54100799560547,"Male"
"6018403",371836,2025-11-11 14:31:16,33.4790496826172,-7.54192686080933,"Male"
"6018403",371836,2025-11-11 15:01:53,33.4794540405273,-7.54186248779297,"Male"
"6018403",371836,2025-11-11 15:31:23,33.4789428710938,-7.54109954833984,"Male"
"6018403",371836,2025-11-11 16:01:35,33.4787483215332,-7.54113483428955,"Male"
"6018403",371836,2025-11-11 16:31:35,33.4794769287109,-7.54173469543457,"Male"
"6018403",371836,2025-11-11 17:01:04,33.4792518615723,-7.54166650772095,"Male"
"6018403",371836,2025-11-11 17:31:05,33.5576629638672,-7.57382488250732,"Male"
"6018403",371836,2025-11-11 18:01:34,33.6019973754883,-7.60655879974365,"Male"
"6018403",371836,2025-11-11 18:31:14,33.6016807556152,-7.60632276535034,"Male"
"6018403",371836,2025-11-11 19:01:09,33.6016654968262,-7.60635900497437,"Male"
"6018403",371836,2025-11-11 19:31:35,33.6016960144043,-7.60603523254395,"Male"
"6018403",371836,2025-11-11 20:01:14,33.6018867492676,-7.60686588287354,"Male"
"6018403",371836,2025-11-11 20:31:07,33.6014213562012,-7.6055908203125,"Male"
"6018403",371836,2025-11-11 21:01:14,33.6019973754883,-7.60587882995605,"Male"
"6018403",371836,2025-11-11 21:31:35,33.601863861084,-7.6061201095581,"Male"
"6018403",371836,2025-11-11 22:01:07,33.6018867492676,-7.60600423812866,"Male"
"6018403",371836,2025-11-11 22:31:04,33.6017112731934,-7.60617733001709,"Male"
"6018403",371836,2025-11-11 23:01:04,33.6018753051758,-7.60620927810669,"Male"
"6018403",371836,2025-11-11 23:31:13,33.6006088256836,-7.60699081420898,"Male"
"6018403",371836,2025-11-12 00:01:13,33.600643157959,-7.60707092285156,"Male"
"6018403",371836,2025-11-12 00:31:35,33.6006393432617,-7.6069860458374,"Male"
"6018403",371836,2025-11-12 01:01:04,33.6005783081055,-7.60705089569092,"Male"
"6018403",371836,2025-11-12 01:31:05,33.600700378418,-7.60692882537842,"Male"
"6018403",371836,2025-11-12 02:01:35,33.6006622314453,-7.60697317123413,"Male"
"6018403",371836,2025-11-12 02:31:05,33.6008720397949,-7.60703182220459,"Male"
"6018403",371836,2025-11-12 03:01:13,33.6006736755371,-7.60691928863525,"Male"
"6018403",371836,2025-11-12 03:31:22,33.6009941101074,-7.60685062408447,"Male"
"6018403",371836,2025-11-12 04:01:35,33.6006965637207,-7.6069917678833,"Male"
"6018403",371836,2025-11-12 04:31:06,33.6006469726562,-7.6071605682373,"Male"
"6018403",371836,2025-11-12 05:01:04,33.6003189086914,-7.60681629180908,"Male"
"6018403",371836,2025-11-12 05:31:04,33.6003074645996,-7.60689449310303,"Male"
"6018403",371836,2025-11-12 06:01:27,33.6006317138672,-7.60726451873779,"Male"
"6018403",371836,2025-11-12 06:31:35,33.6003303527832,-7.60682773590088,"Male"
"6018403",371836,2025-11-12 07:01:04,33.6055526733398,-7.65853595733643,"Male"
"6018403",371836,2025-11-12 07:31:13,33.5957069396973,-7.64162445068359,"Male"
"6018403",371836,2025-11-12 08:01:35,33.5892524719238,-7.63472175598145,"Male"
"6018403",371836,2025-11-12 08:31:13,33.5891990661621,-7.63464546203613,"Male"
"6018403",371836,2025-11-12 09:01:35,33.5892601013184,-7.63471078872681,"Male"
"6018403",371836,2025-11-12 09:31:06,33.5890693664551,-7.63444137573242,"Male"
"6018403",371836,2025-11-12 10:01:05,33.5609550476074,-7.61285591125488,"Male"
"6018403",371836,2025-11-12 10:31:13,33.5608444213867,-7.6128625869751,"Male"
"6018403",371836,2025-11-12 11:01:35,33.5608825683594,-7.61262226104736,"Male"
"6018403",371836,2025-11-12 11:31:06,33.51220703125,-7.5643515586853,"Male"
"6018403",371836,2025-11-12 12:01:06,33.4779281616211,-7.54125308990479,"Male"
"6018403",371836,2025-11-12 12:31:05,33.4777412414551,-7.5420503616333,"Male"
"6018403",371836,2025-11-12 13:01:35,33.4780769348145,-7.54212188720703,"Male"
"6018403",371836,2025-11-12 13:31:05,33.4781074523926,-7.54215097427368,"Male"
"6018403",371836,2025-11-12 14:01:35,33.4780883789062,-7.54215383529663,"Male"
"6018403",371836,2025-11-12 14:31:07,33.4781646728516,-7.54213333129883,"Male"
"6018403",371836,2025-11-12 15:01:07,33.4781799316406,-7.54219055175781,"Male"
"6018403",371836,2025-11-12 15:31:35,33.4789810180664,-7.54169416427612,"Male"
"6018403",371836,2025-11-12 16:02:05,33.4787292480469,-7.54221534729004,"Male"
"6018403",371836,2025-11-12 16:31:04,33.5099830627441,-7.55873584747315,"Male"
"6018403",371836,2025-11-12 17:01:14,33.5882034301758,-7.61489677429199,"Male"
"6018403",371836,2025-11-12 17:31:35,33.6016578674316,-7.60669803619385,"Male"
"6018403",371836,2025-11-12 18:01:07,33.6015625,-7.60646820068359,"Male"
"6018403",371836,2025-11-12 18:31:06,33.6014137268066,-7.60639715194702,"Male"
"6018403",371836,2025-11-12 19:01:09,33.6017189025879,-7.60620784759521,"Male"
"6018403",371836,2025-11-12 19:31:35,33.6017723083496,-7.60638523101807,"Male"
"6018403",371836,2025-11-12 20:01:14,33.6018753051758,-7.60627746582031,"Male"
"6018403",371836,2025-11-12 20:31:35,33.6017761230469,-7.60629463195801,"Male"
"6018403",371836,2025-11-12 21:01:04,33.6019248962402,-7.60623741149902,"Male"
"6018403",371836,2025-11-12 21:31:07,33.6018714904785,-7.60631990432739,"Male"
"6018403",371836,2025-11-12 22:01:18,33.601936340332,-7.60602569580078,"Male"
"6018403",371836,2025-11-12 22:31:14,33.6018218994141,-7.60635137557983,"Male"
"6018403",371836,2025-11-12 23:01:09,33.6019401550293,-7.60601615905762,"Male"
"6018403",371836,2025-11-12 23:31:35,33.6018943786621,-7.60583877563477,"Male"
"6018403",371836,2025-11-13 00:01:07,33.6018676757812,-7.60616779327393,"Male"
"6018403",371836,2025-11-13 00:31:08,33.6018142700195,-7.60616445541382,"Male"
"6018403",371836,2025-11-13 01:01:14,33.6020050048828,-7.60613632202148,"Male"
"6018403",371836,2025-11-13 01:31:11,33.6019401550293,-7.60598945617676,"Male"
"6018403",371836,2025-11-13 02:02:28,33.6004791259766,-7.60664176940918,"Male"
"6018403",371836,2025-11-13 02:31:05,33.6005325317383,-7.60683059692383,"Male"
"6018403",371836,2025-11-13 03:01:14,33.6007041931152,-7.60654211044312,"Male"
"6018403",371836,2025-11-13 03:31:35,33.600456237793,-7.60660552978516,"Male"
"6018403",371836,2025-11-13 04:01:06,33.6005172729492,-7.60661649703979,"Male"
"6018403",371836,2025-11-13 04:31:35,33.6004295349121,-7.6066107749939,"Male"
"6018403",371836,2025-11-13 05:01:34,33.6019172668457,-7.60579967498779,"Male"
"6018403",371836,2025-11-13 05:31:05,33.6018104553223,-7.60575771331787,"Male"
"6018403",371836,2025-11-13 06:01:06,33.6019439697266,-7.60594797134399,"Male"
"6018403",371836,2025-11-13 06:31:06,33.6017646789551,-7.6057276725769,"Male"
"6018403",371836,2025-11-13 07:31:39,33.5929718017578,-7.6356201171875,"Male"
"6018403",371836,2025-11-13 08:01:06,33.5928077697754,-7.63576889038086,"Male"
"6018403",371836,2025-11-13 08:31:35,33.5927696228027,-7.63576459884644,"Male"
"6018403",371836,2025-11-13 09:01:09,33.5927696228027,-7.63578653335571,"Male"
"6018403",371836,2025-11-13 09:31:09,33.5927276611328,-7.6357216835022,"Male"
"6018403",371836,2025-11-13 10:01:08,33.5926628112793,-7.63568687438965,"Male"
"6018403",371836,2025-11-13 10:31:07,33.5786819458008,-7.61478614807129,"Male"
"6018403",371836,2025-11-13 11:02:05,33.578727722168,-7.6150050163269,"Male"
"6018403",371836,2025-11-13 11:31:10,33.5282135009766,-7.58416080474854,"Male"
"6018403",371836,2025-11-13 12:01:35,33.5283813476562,-7.58421659469604,"Male"
"6018403",371836,2025-11-13 12:31:08,33.5282669067383,-7.58412504196167,"Male"
"6018403",371836,2025-11-13 13:01:05,33.5282974243164,-7.58394813537598,"Male"
"6018403",371836,2025-11-13 13:31:35,33.502815246582,-7.57031297683716,"Male"
"6018403",371836,2025-11-13 14:01:29,33.5027465820312,-7.57048034667969,"Male"
"6018403",371836,2025-11-13 14:31:44,33.5027313232422,-7.57057094573975,"Male"
"6018403",371836,2025-11-13 15:01:35,33.4865875244141,-7.54903364181519,"Male"
"6018403",371836,2025-11-13 15:31:07,33.4860382080078,-7.54824876785278,"Male"
"6018403",371836,2025-11-13 16:01:09,33.4857864379883,-7.54877090454102,"Male"
"6018403",371836,2025-11-13 16:31:09,33.4874382019043,-7.55080842971802,"Male"
"6018403",371836,2025-11-13 17:01:35,33.4874114990234,-7.55081796646118,"Male"
"6018403",371836,2025-11-13 17:31:07,33.4865341186523,-7.55176830291748,"Male"
"6018403",371836,2025-11-13 18:01:14,33.6016616821289,-7.60556745529175,"Male"
"6018403",371836,2025-11-13 18:31:08,33.6019706726074,-7.60564422607422,"Male"
"6018403",371836,2025-11-13 19:01:35,33.6019134521484,-7.6059684753418,"Male"
"6018403",371836,2025-11-13 19:31:06,33.6018753051758,-7.60511684417725,"Male"
"6018403",371836,2025-11-13 20:01:35,33.6019172668457,-7.60534524917603,"Male"
"6018403",371836,2025-11-13 20:31:04,33.6018943786621,-7.60532665252685,"Male"
"6018403",371836,2025-11-13 21:01:11,33.5973625183105,-7.60519075393677,"Male"
"6018403",371836,2025-11-13 21:31:04,33.5973701477051,-7.60509204864502,"Male"
"6018403",371836,2025-11-13 22:01:05,33.5978660583496,-7.60463619232178,"Male"
"6018403",371836,2025-11-13 22:31:35,33.5974311828613,-7.60520792007446,"Male"
"6018403",371836,2025-11-13 23:01:07,33.5973930358887,-7.60514783859253,"Male"
"6018403",371836,2025-11-13 23:31:12,33.5973091125488,-7.60482025146484,"Male"
"6018403",371836,2025-11-14 00:01:19,33.5972442626953,-7.60492372512817,"Male"
"6018403",371836,2025-11-14 00:31:35,33.5973815917969,-7.60518932342529,"Male"
"6018403",371836,2025-11-14 01:01:13,33.5972900390625,-7.6049976348877,"Male"
"6018403",371836,2025-11-14 01:32:05,33.5973472595215,-7.60525321960449,"Male"
"6018403",371836,2025-11-14 02:01:11,33.5973472595215,-7.60524463653565,"Male"
"6018403",371836,2025-11-14 02:31:12,33.5973205566406,-7.60520792007446,"Male"
"6018403",371836,2025-11-14 03:01:35,33.6004257202148,-7.60671854019165,"Male"
"6018403",371836,2025-11-14 03:31:35,33.6005897521973,-7.60670232772827,"Male"
"6018403",371836,2025-11-14 04:01:05,33.6005554199219,-7.60669612884521,"Male"
"6018403",371836,2025-11-14 04:31:06,33.6003952026367,-7.60665321350098,"Male"
"6018403",371836,2025-11-14 05:01:04,33.6004295349121,-7.60668849945068,"Male"
"6018403",371836,2025-11-14 05:31:17,33.5998878479004,-7.60644435882568,"Male"
"6018403",371836,2025-11-14 06:01:14,33.5998229980469,-7.60644817352295,"Male"
"6018403",371836,2025-11-14 06:31:10,33.5998077392578,-7.60628175735474,"Male"
"6018403",371836,2025-11-14 07:01:15,33.5995903015137,-7.60628032684326,"Male"
"6018403",371836,2025-11-14 07:32:03,33.5265045166016,-7.56913375854492,"Male"
"6018403",371836,2025-11-14 08:01:08,33.482048034668,-7.53892517089844,"Male"
"6018403",371836,2025-11-14 08:31:44,33.4737854003906,-7.54083633422852,"Male"
"6018403",371836,2025-11-14 09:01:07,33.4740219116211,-7.54153108596802,"Male"
"6018403",371836,2025-11-14 09:31:05,33.4739303588867,-7.54090785980225,"Male"
"6018403",371836,2025-11-14 10:01:07,33.4739379882812,-7.54122495651245,"Male"
"6018403",371836,2025-11-14 10:31:09,33.4766654968262,-7.54469108581543,"Male"
"6018403",371836,2025-11-14 11:01:35,33.4766578674316,-7.54473400115967,"Male"
"6018403",371836,2025-11-14 11:31:07,33.4763946533203,-7.54442882537842,"Male"
"6018403",371836,2025-11-14 12:01:35,33.4763450622559,-7.54427433013916,"Male"
"6018403",371836,2025-11-14 12:31:06,33.4765739440918,-7.54263114929199,"Male"
"6018403",371836,2025-11-14 13:01:51,33.4744338989258,-7.54040241241455,"Male"
"6018403",371836,2025-11-14 13:31:07,33.4774780273438,-7.54576730728149,"Male"
"6018403",371836,2025-11-14 14:01:32,33.4771461486816,-7.54553413391113,"Male"
"6018403",371836,2025-11-14 14:31:04,33.4770812988281,-7.54535675048828,"Male"
"6018403",371836,2025-11-14 15:01:07,33.4771728515625,-7.54558610916138,"Male"
"6018403",371836,2025-11-14 15:31:14,33.4774284362793,-7.54567813873291,"Male"
"6018403",371836,2025-11-14 16:01:15,33.4770545959473,-7.54556655883789,"Male"
"6018403",371836,2025-11-14 16:31:35,33.4770126342773,-7.54559707641602,"Male"
"6018403",371836,2025-11-14 17:01:06,33.4774475097656,-7.54635763168335,"Male"
"6018403",371836,2025-11-14 17:31:06,33.5951156616211,-7.59805488586426,"Male"
"6018403",371836,2025-11-14 18:01:09,33.6019172668457,-7.60634899139404,"Male"
"6018403",371836,2025-11-14 18:31:17,33.6020851135254,-7.60641288757324,"Male"
"6018403",371836,2025-11-14 19:01:14,33.6016426086426,-7.60650014877319,"Male"
"6018403",371836,2025-11-14 19:31:35,33.6016502380371,-7.60640239715576,"Male"
"6018403",371836,2025-11-14 20:01:35,33.6005935668945,-7.606689453125,"Male"
"6018403",371836,2025-11-14 20:31:07,33.6006393432617,-7.60662221908569,"Male"
"6018403",371836,2025-11-14 21:01:10,33.6016731262207,-7.60583972930908,"Male"
"6018403",371836,2025-11-14 21:31:14,33.6016883850098,-7.60586404800415,"Male"
"6018403",371836,2025-11-14 22:01:09,33.6016120910645,-7.60618352890015,"Male"
"6018403",371836,2025-11-14 22:31:35,33.6014671325684,-7.60585927963257,"Male"
"6018403",371836,2025-11-14 23:01:06,33.6003608703613,-7.60655784606934,"Male"
"6018403",371836,2025-11-14 23:31:09,33.6003036499023,-7.60652303695679,"Male"
"6018403",371836,2025-11-15 00:01:07,33.599983215332,-7.6067361831665,"Male"
"6018403",371836,2025-11-15 00:31:08,33.5999946594238,-7.60658073425293,"Male"
"6018403",371836,2025-11-15 01:01:35,33.5999794006348,-7.60660171508789,"Male"
"6018403",371836,2025-11-15 01:31:05,33.5999526977539,-7.60651779174805,"Male"
"6018403",371836,2025-11-15 02:01:08,33.5999794006348,-7.60650396347046,"Male"
"6018403",371836,2025-11-15 02:31:05,33.6003189086914,-7.60677862167358,"Male"
"6018403",371836,2025-11-15 03:01:13,33.6000785827637,-7.60651779174805,"Male"
"6018403",371836,2025-11-15 03:31:44,33.6000137329102,-7.60653352737427,"Male"
"6018403",371836,2025-11-15 04:01:06,33.5998840332031,-7.6065673828125,"Male"
"6018403",371836,2025-11-15 04:31:35,33.5999946594238,-7.60658311843872,"Male"
"6018403",371836,2025-11-15 05:01:09,33.5999908447266,-7.60650110244751,"Male"
"6018403",371836,2025-11-15 05:31:05,33.5999603271484,-7.60665559768677,"Male"
"6018403",371836,2025-11-15 06:01:35,33.5998458862305,-7.60643148422241,"Male"
"6018403",371836,2025-11-15 06:31:09,33.5999183654785,-7.60648012161255,"Male"
"6018403",371836,2025-11-15 07:01:09,33.5995941162109,-7.60601329803467,"Male"
"6018403",371836,2025-11-15 07:31:35,33.5998077392578,-7.60615110397339,"Male"
"6018403",371836,2025-11-15 08:01:05,33.5846405029297,-7.60180854797363,"Male"
"6018403",371836,2025-11-15 08:31:08,33.5843658447266,-7.60146236419678,"Male"
"6018403",371836,2025-11-15 09:01:35,33.5843734741211,-7.60154628753662,"Male"
"6018403",371836,2025-11-15 09:31:06,33.5414581298828,-7.58392286300659,"Male"
"6018403",371836,2025-11-15 10:01:06,33.512508392334,-7.59556770324707,"Male"
"6018403",371836,2025-11-15 10:31:44,33.4836311340332,-7.55708837509155,"Male"
"6018403",371836,2025-11-15 11:01:07,33.4784317016602,-7.54246091842651,"Male"
"6018403",371836,2025-11-15 11:31:53,33.4786148071289,-7.54245901107788,"Male"
"6018403",371836,2025-11-15 12:01:13,33.4787826538086,-7.54230785369873,"Male"
"6018403",371836,2025-11-15 12:31:09,33.4782028198242,-7.54233503341675,"Male"
"6018403",371836,2025-11-15 13:01:53,33.478099822998,-7.54229640960693,"Male"
"6018403",371836,2025-11-15 13:31:35,33.4788551330566,-7.54224061965942,"Male"
"6018403",371836,2025-11-15 14:01:07,33.4780960083008,-7.54193639755249,"Male"
"6018403",371836,2025-11-15 14:31:23,33.4784126281738,-7.5423378944397,"Male"
"6018403",371836,2025-11-15 15:01:35,33.4780464172363,-7.54196214675903,"Male"
"6018403",371836,2025-11-15 15:31:35,33.4776306152344,-7.54177951812744,"Male"
"6018403",371836,2025-11-15 16:01:09,33.4779777526855,-7.54214906692505,"Male"
"6018403",371836,2025-11-15 16:31:09,33.4783515930176,-7.5420298576355,"Male"
"6018403",371836,2025-11-15 17:01:14,33.5261840820312,-7.56329679489136,"Male"
"6018403",371836,2025-11-15 17:31:59,33.5976219177246,-7.60142612457275,"Male"
"6018403",371836,2025-11-15 18:01:11,33.6000366210938,-7.60161399841309,"Male"
"6018403",371836,2025-11-15 18:31:08,33.6016502380371,-7.60604953765869,"Male"
"6018403",371836,2025-11-15 19:01:05,33.6015319824219,-7.60566282272339,"Male"
"6018403",371836,2025-11-15 19:31:06,33.6014823913574,-7.6053524017334,"Male"
"6018403",371836,2025-11-15 20:01:37,33.6017723083496,-7.60595417022705,"Male"
"6018403",371836,2025-11-15 20:31:11,33.6015663146973,-7.60600614547729,"Male"
"6018403",371836,2025-11-15 21:01:05,33.601734161377,-7.60598850250244,"Male"
"6018403",371836,2025-11-15 21:31:05,33.6006507873535,-7.60651731491089,"Male"
"6018403",371836,2025-11-15 22:01:35,33.600830078125,-7.6067156791687,"Male"
"6018403",371836,2025-11-15 22:31:42,33.6007499694824,-7.60682106018066,"Male"
"6018403",371836,2025-11-15 23:01:07,33.6008338928223,-7.60681867599487,"Male"
"6018403",371836,2025-11-15 23:31:36,33.6006927490234,-7.6068115234375,"Male"
"6018403",371836,2025-11-16 00:01:07,33.6003570556641,-7.60669994354248,"Male"
"6018403",371836,2025-11-16 00:31:33,33.6004371643066,-7.60669088363647,"Male"
"6018403",371836,2025-11-16 01:01:11,33.6016845703125,-7.60614061355591,"Male"
"6018403",371836,2025-11-16 01:31:04,33.6149024963379,-7.6068115234375,"Male"
"6018403",371836,2025-11-16 02:01:06,33.6000938415527,-7.60154724121094,"Male"
"6018403",371836,2025-11-16 02:31:15,33.6002769470215,-7.60138130187988,"Male"
"6018403",371836,2025-11-16 03:01:13,33.5996551513672,-7.60159683227539,"Male"
"6018403",371836,2025-11-16 03:31:35,33.6000061035156,-7.60146284103394,"Male"
"6018403",371836,2025-11-16 04:01:06,33.5999526977539,-7.60291385650635,"Male"
"6018403",371836,2025-11-16 04:31:35,33.5999412536621,-7.602952003479,"Male"
"6018403",371836,2025-11-16 05:01:08,33.5999221801758,-7.60291337966919,"Male"
"6018403",371836,2025-11-16 05:31:19,33.5998611450195,-7.60287475585938,"Male"
"6018403",371836,2025-11-16 06:01:36,33.5999412536621,-7.60299682617188,"Male"
"6018403",371836,2025-11-16 06:31:14,33.6000137329102,-7.60304164886475,"Male"
"6018403",371836,2025-11-16 07:01:17,33.6001052856445,-7.60336589813232,"Male"
"6018403",371836,2025-11-16 07:31:35,33.5998687744141,-7.60299015045166,"Male"
"6018403",371836,2025-11-16 08:01:07,33.5877380371094,-7.60942602157593,"Male"
"6018403",371836,2025-11-16 08:31:18,33.5881462097168,-7.61170053482056,"Male"
"6018403",371836,2025-11-16 09:01:12,33.5880355834961,-7.61161041259766,"Male"
"6018403",371836,2025-11-16 09:31:19,33.5880393981934,-7.61161804199219,"Male"
"6018403",371836,2025-11-16 10:01:35,33.588077545166,-7.61164379119873,"Male"
"6018403",371836,2025-11-16 10:31:04,33.5880928039551,-7.61168193817139,"Male"
"6018403",371836,2025-11-16 11:01:07,33.5880546569824,-7.61163187026978,"Male"
"6018403",371836,2025-11-16 11:31:07,33.5880241394043,-7.61146450042725,"Male"
"6018403",371836,2025-11-16 12:01:44,33.5535926818848,-7.64814376831055,"Male"
"6018403",371836,2025-11-16 12:31:10,33.5692481994629,-7.67354249954224,"Male"
"6018403",371836,2025-11-16 13:01:44,33.5691528320312,-7.67358112335205,"Male"
"6018403",371836,2025-11-16 13:31:13,33.569149017334,-7.67364311218262,"Male"
"6018403",371836,2025-11-16 14:01:10,33.5795593261719,-7.63325834274292,"Male"
"6018403",371836,2025-11-16 14:31:14,33.5865020751953,-7.61174392700195,"Male"
"6018403",371836,2025-11-16 15:01:14,33.5866966247559,-7.61193132400513,"Male"
"6018403",371836,2025-11-16 15:31:35,33.586483001709,-7.61179828643799,"Male"
"6018403",371836,2025-11-16 16:01:35,33.5865173339844,-7.61171293258667,"Male"
"6018403",371836,2025-11-16 16:31:07,33.586498260498,-7.61173868179321,"Male"
"6018403",371836,2025-11-16 17:01:06,33.5929336547852,-7.61613655090332,"Male"
"6018403",371836,2025-11-16 17:31:11,33.5925216674805,-7.61397123336792,"Male"
"6018403",371836,2025-11-16 18:01:09,33.6016426086426,-7.60587692260742,"Male"
"6018403",371836,2025-11-16 18:31:35,33.6015777587891,-7.60605382919312,"Male"
"6018403",371836,2025-11-16 19:01:35,33.6016273498535,-7.60610961914062,"Male"
"6018403",371836,2025-11-16 19:31:09,33.6016273498535,-7.60606098175049,"Male"
"6018403",371836,2025-11-16 20:01:35,33.6016654968262,-7.6060152053833,"Male"
"6018403",371836,2025-11-16 20:31:10,33.601734161377,-7.60588455200195,"Male"
"6018403",371836,2025-11-16 21:01:04,33.6016426086426,-7.60594463348389,"Male"
"6018403",371836,2025-11-16 21:31:06,33.6019172668457,-7.60521745681763,"Male"
"6018403",371836,2025-11-16 22:01:06,33.6018829345703,-7.60527420043945,"Male"
"6018403",371836,2025-11-16 22:31:35,33.6018486022949,-7.60535049438477,"Male"
"6018403",371836,2025-11-16 23:01:36,33.6006202697754,-7.60657596588135,"Male"
"6018403",371836,2025-11-16 23:31:35,33.6006050109863,-7.60661125183105,"Male"
"6018403",371836,2025-11-17 00:01:07,33.6006698608398,-7.60667181015015,"Male"
"6018403",371836,2025-11-17 00:31:07,33.6001396179199,-7.60633087158203,"Male"
"6018403",371836,2025-11-17 01:01:13,33.6001930236816,-7.60629224777222,"Male"
"6018403",371836,2025-11-17 01:31:34,33.6004600524902,-7.6065559387207,"Male"
"6018403",371836,2025-11-17 02:01:07,33.5987167358398,-7.60577392578125,"Male"
"6018403",371836,2025-11-17 02:31:06,33.6001968383789,-7.6062126159668,"Male"
"6018403",371836,2025-11-17 03:01:06,33.6000175476074,-7.60628032684326,"Male"
"6018403",371836,2025-11-17 03:31:13,33.6000518798828,-7.60601139068604,"Male"
"6018403",371836,2025-11-17 04:01:13,33.6001777648926,-7.60632276535034,"Male"
"6018403",371836,2025-11-17 04:31:06,33.5999984741211,-7.60799074172974,"Male"
"6018403",371836,2025-11-17 05:01:07,33.6002502441406,-7.60751342773438,"Male"
"6018403",371836,2025-11-17 05:31:09,33.6002044677734,-7.60607719421387,"Male"
"6018403",371836,2025-11-17 06:01:08,33.600227355957,-7.60598182678223,"Male"
"6018403",371836,2025-11-17 06:31:13,33.6002426147461,-7.6061601638794,"Male"
"6018403",371836,2025-11-17 07:01:13,33.6001129150391,-7.60629081726074,"Male"
"6018403",371836,2025-11-17 07:31:08,33.5882568359375,-7.61147356033325,"Male"
"6018403",371836,2025-11-17 08:01:08,33.5881576538086,-7.61155986785889,"Male"
"6018403",371836,2025-11-17 08:31:07,33.583610534668,-7.61739492416382,"Male"
"6018403",371836,2025-11-17 09:01:07,33.5705146789551,-7.62100744247437,"Male"
"6018403",371836,2025-11-17 09:31:07,33.5705375671387,-7.62111949920654,"Male"
"6018403",371836,2025-11-17 10:01:07,33.5608558654785,-7.61260318756104,"Male"
"6018403",371836,2025-11-17 10:31:07,33.5608406066895,-7.61247444152832,"Male"
"6018403",371836,2025-11-17 11:01:07,33.5303230285645,-7.60002613067627,"Male"
"6018403",371836,2025-11-17 11:31:07,33.4777641296387,-7.54159307479858,"Male"
"6018403",371836,2025-11-17 12:01:10,33.4780082702637,-7.54196643829346,"Male"
"6018403",371836,2025-11-17 12:31:06,33.4777526855469,-7.54188060760498,"Male"
"6018403",371836,2025-11-17 13:01:06,33.4788703918457,-7.54090547561646,"Male"
"6018403",371836,2025-11-17 13:31:10,33.477855682373,-7.54195070266724,"Male"
"6018403",371836,2025-11-17 14:01:06,33.4784240722656,-7.54225921630859,"Male"
"6018403",371836,2025-11-17 14:31:06,33.4793701171875,-7.54205846786499,"Male"
"6018403",371836,2025-11-17 15:01:08,33.4922256469727,-7.3435263633728,"Male"
"6018403",371836,2025-11-17 15:31:05,33.5232124328613,-7.36113357543945,"Male"
"6018403",371836,2025-11-17 16:01:09,33.5850677490234,-7.4697003364563,"Male"
"6018403",371836,2025-11-17 16:31:08,33.5966453552246,-7.49532508850098,"Male"
"6018403",371836,2025-11-17 17:01:10,33.5971412658691,-7.49642467498779,"Male"
"6018403",371836,2025-11-17 17:31:09,33.5970993041992,-7.49657297134399,"Male"
"6018403",371836,2025-11-17 18:01:06,33.5990447998047,-7.59914779663086,"Male"
"6018403",371836,2025-11-17 18:31:07,33.5987319946289,-7.59956026077271,"Male"
"6018403",371836,2025-11-17 19:01:10,33.5986137390137,-7.59979820251465,"Male"
"6018403",371836,2025-11-17 19:31:08,33.5987892150879,-7.59982252120972,"Male"
"6018403",371836,2025-11-17 20:01:06,33.5988464355469,-7.59989929199219,"Male"
"6018403",371836,2025-11-17 20:31:05,33.5990943908691,-7.60005855560303,"Male"
"6018403",371836,2025-11-17 21:01:06,33.5990447998047,-7.59991359710693,"Male"
"6018403",371836,2025-11-17 21:31:07,33.5990409851074,-7.60007619857788,"Male"
"6018403",371836,2025-11-17 22:01:07,33.5990333557129,-7.60006523132324,"Male"
"6018403",371836,2025-11-17 22:31:09,33.5991592407227,-7.60000371932983,"Male"
"6018403",371836,2025-11-17 23:01:10,33.5985984802246,-7.60535144805908,"Male"
"6018403",371836,2025-11-17 23:31:11,33.5976638793945,-7.60527896881104,"Male"
"6018403",371836,2025-11-18 00:01:08,33.5977020263672,-7.60513401031494,"Male"
"6018403",371836,2025-11-18 00:31:09,33.5975914001465,-7.60508728027344,"Male"
"6018403",371836,2025-11-18 01:01:35,33.5974769592285,-7.60521650314331,"Male"
"6018403",371836,2025-11-18 01:31:07,33.5975036621094,-7.60512447357178,"Male"
"6018403",371836,2025-11-18 02:01:07,33.5976448059082,-7.60525703430176,"Male"
"6018403",371836,2025-11-18 02:31:05,33.5974044799805,-7.60550594329834,"Male"
"6018403",371836,2025-11-18 03:01:05,33.6002311706543,-7.60648918151855,"Male"
"6018403",371836,2025-11-18 03:31:06,33.5999488830566,-7.60653877258301,"Male"
"6018403",371836,2025-11-18 04:01:07,33.5995788574219,-7.60626888275146,"Male"
"6018403",371836,2025-11-18 04:31:05,33.5999221801758,-7.60633850097656,"Male"
"6018403",371836,2025-11-18 05:01:18,33.6000709533691,-7.60621404647827,"Male"
"6018403",371836,2025-11-18 05:31:32,33.6004257202148,-7.60648536682129,"Male"
"6018403",371836,2025-11-18 06:01:05,33.6000061035156,-7.60656309127808,"Male"
"6018403",371836,2025-11-18 06:31:07,33.5995101928711,-7.60591506958008,"Male"
"6018403",371836,2025-11-18 07:01:12,33.5997886657715,-7.60626935958862,"Male"
"6018403",371836,2025-11-18 07:31:12,33.5951690673828,-7.60851573944092,"Male"
"6018403",371836,2025-11-18 08:01:35,33.5952949523926,-7.60867881774902,"Male"
"6018403",371836,2025-11-18 08:31:06,33.5952949523926,-7.60870170593262,"Male"
"6018403",371836,2025-11-18 09:01:06,33.5951805114746,-7.60862112045288,"Male"
"6018403",371836,2025-11-18 09:31:08,33.5508766174316,-7.60029983520508,"Male"
"6018403",371836,2025-11-18 10:01:06,33.5509300231934,-7.60034990310669,"Male"
"6018403",371836,2025-11-18 10:31:06,33.5198287963867,-7.64236450195312,"Male"
"6018403",371836,2025-11-18 11:01:05,33.5283241271973,-7.6531195640564,"Male"
"6018403",371836,2025-11-18 11:31:06,33.5248260498047,-7.73968601226807,"Male"
"6018403",371836,2025-11-18 12:01:08,33.5532531738281,-7.68740606307983,"Male"
"6018403",371836,2025-11-18 12:31:11,33.5508804321289,-7.68908023834229,"Male"
"6018403",371836,2025-11-18 13:01:31,33.5504722595215,-7.68848991394043,"Male"
"6018403",371836,2025-11-18 13:31:08,33.5507850646973,-7.68792676925659,"Male"
"6018403",371836,2025-11-18 14:01:09,33.5508155822754,-7.68812990188599,"Male"
"6018403",371836,2025-11-18 14:31:07,33.5512466430664,-7.68844509124756,"Male"
"6018403",371836,2025-11-18 15:01:33,33.5508079528809,-7.68809127807617,"Male"
"6018403",371836,2025-11-18 15:31:10,33.5543441772461,-7.67313575744629,"Male"
"6018403",371836,2025-11-18 16:01:26,33.5825729370117,-7.63174057006836,"Male"
"6018403",371836,2025-11-18 16:31:26,33.5843048095703,-7.63323163986206,"Male"
"6018403",371836,2025-11-18 17:01:34,33.5843048095703,-7.63382053375244,"Male"
"6018403",371836,2025-11-18 17:31:35,33.5844116210938,-7.63383865356445,"Male"
"6018403",371836,2025-11-18 18:01:13,33.5969734191895,-7.60562419891357,"Male"
"6018403",371836,2025-11-18 18:31:13,33.6018562316895,-7.60531282424927,"Male"
"6018403",371836,2025-11-18 19:01:09,33.6017532348633,-7.60551595687866,"Male"
"6018403",371836,2025-11-18 19:31:08,33.6017189025879,-7.60551500320435,"Male"
"6018403",371836,2025-11-18 20:01:26,33.6020469665527,-7.6056022644043,"Male"
"6018403",371836,2025-11-18 20:31:10,33.6017303466797,-7.60571527481079,"Male"
"6018403",371836,2025-11-18 21:01:13,33.6021003723145,-7.6056752204895,"Male"
"6018403",371836,2025-11-18 21:31:13,33.6019706726074,-7.60561752319336,"Male"
"6018403",371836,2025-11-18 22:01:35,33.6016082763672,-7.6055965423584,"Male"
"6018403",371836,2025-11-18 22:31:06,33.6015014648438,-7.60540580749512,"Male"
"6018403",371836,2025-11-18 23:01:14,33.6006698608398,-7.60660648345947,"Male"
"6018403",371836,2025-11-18 23:31:08,33.6005592346191,-7.60647010803223,"Male"
"6018403",371836,2025-11-19 00:01:05,33.6003723144531,-7.60719203948975,"Male"
"6018403",371836,2025-11-19 00:31:11,33.6004486083984,-7.60672616958618,"Male"
"6018403",371836,2025-11-19 01:01:11,33.6005668640137,-7.60674953460693,"Male"
"6018403",371836,2025-11-19 01:31:35,33.6005516052246,-7.60644817352295,"Male"
"6018403",371836,2025-11-19 02:01:06,33.6004981994629,-7.60656452178955,"Male"
"6018403",371836,2025-11-19 02:31:07,33.6002960205078,-7.60669708251953,"Male"
"6018403",371836,2025-11-19 03:01:05,33.6001892089844,-7.60669326782227,"Male"
"6018403",371836,2025-11-19 03:31:06,33.6007385253906,-7.60650014877319,"Male"
"6018403",371836,2025-11-19 04:01:35,33.6004600524902,-7.6066951751709,"Male"
"6018403",371836,2025-11-19 04:31:07,33.6004219055176,-7.60669660568237,"Male"
"6018403",371836,2025-11-19 05:01:07,33.6000785827637,-7.60626649856567,"Male"
"6018403",371836,2025-11-19 05:31:06,33.6001129150391,-7.60607194900513,"Male"
"6018403",371836,2025-11-19 06:01:35,33.6003723144531,-7.60661220550537,"Male"
"6018403",371836,2025-11-19 06:31:06,33.6003875732422,-7.60660791397095,"Male"
"6018403",371836,2025-11-19 07:01:06,33.5999641418457,-7.60640001296997,"Male"
"6018403",371836,2025-11-19 07:31:07,33.5999336242676,-7.60640716552734,"Male"
"6018403",371836,2025-11-19 08:01:05,33.5308837890625,-7.61479759216309,"Male"
"6018403",371836,2025-11-19 08:31:36,33.5240707397461,-7.58370208740234,"Male"
"6018403",371836,2025-11-19 09:01:13,33.5198440551758,-7.5765061378479,"Male"
"6018403",371836,2025-11-19 09:31:05,33.4994621276855,-7.6093635559082,"Male"
"6018403",371836,2025-11-19 10:01:04,33.4874877929688,-7.56262683868408,"Male"
"6018403",371836,2025-11-19 10:31:35,33.477222442627,-7.54485988616943,"Male"
"6018403",371836,2025-11-19 11:01:04,33.4781074523926,-7.54299402236938,"Male"
"6018403",371836,2025-11-19 11:31:05,33.4782676696777,-7.54307651519775,"Male"
"6018403",371836,2025-11-19 12:01:12,33.4782867431641,-7.54289102554321,"Male"
"6018403",371836,2025-11-19 12:31:13,33.4789657592773,-7.54252433776855,"Male"
"6018403",371836,2025-11-19 13:01:35,33.4793128967285,-7.54150009155273,"Male"
"6018403",371836,2025-11-19 13:31:44,33.4786148071289,-7.54227590560913,"Male"
"6018403",371836,2025-11-19 14:01:41,33.4784698486328,-7.5421838760376,"Male"
"6018403",371836,2025-11-19 14:31:06,33.4792861938477,-7.54142951965332,"Male"
"6018403",371836,2025-11-19 15:01:13,33.4791107177734,-7.54179334640503,"Male"
"6018403",371836,2025-11-19 15:31:35,33.4793815612793,-7.54145812988281,"Male"
"6018403",371836,2025-11-19 16:01:07,33.4795951843262,-7.54016304016113,"Male"
"6018403",371836,2025-11-19 16:31:06,33.5291595458984,-7.59326219558716,"Male"
"6018403",371836,2025-11-19 17:01:08,33.5681076049805,-7.632887840271,"Male"
"6018403",371836,2025-11-19 17:31:11,33.5918197631836,-7.61110496520996,"Male"
"6018403",371836,2025-11-19 18:01:13,33.6012306213379,-7.60577583312988,"Male"
"6018403",371836,2025-11-19 18:31:17,33.6013031005859,-7.60563087463379,"Male"
"6018403",371836,2025-11-19 19:01:36,33.601261138916,-7.60606718063354,"Male"
"6018403",371836,2025-11-19 19:31:37,33.6012115478516,-7.60569953918457,"Male"
"6018403",371836,2025-11-19 20:01:13,33.6012191772461,-7.60577869415283,"Male"
"6018403",371836,2025-11-19 20:31:35,33.6011009216309,-7.60565567016602,"Male"
"6018403",371836,2025-11-19 21:01:04,33.6016845703125,-7.60535430908203,"Male"
"6018403",371836,2025-11-19 21:31:07,33.6016159057617,-7.6054220199585,"Male"
"6018403",371836,2025-11-19 22:01:35,33.6015510559082,-7.60527992248535,"Male"
"6018403",371836,2025-11-19 22:31:05,33.6016464233398,-7.60542678833008,"Male"
"6018403",371836,2025-11-19 23:01:07,33.6016426086426,-7.60543584823608,"Male"
"6018403",371836,2025-11-19 23:31:11,33.6015625,-7.60552072525024,"Male"
"6018403",371836,2025-11-20 00:01:06,33.6017456054688,-7.60537433624268,"Male"
"6018403",371836,2025-11-20 00:31:07,33.6016883850098,-7.60544967651367,"Male"
"6018403",371836,2025-11-20 01:01:10,33.6016883850098,-7.60538625717163,"Male"
"6018403",371836,2025-11-20 01:31:10,33.6016120910645,-7.60530519485474,"Male"
"6018403",371836,2025-11-20 02:01:08,33.6017837524414,-7.60545969009399,"Male"
"6018403",371836,2025-11-20 02:31:15,33.6019706726074,-7.60535287857056,"Male"
"6018403",371836,2025-11-20 03:01:08,33.6017379760742,-7.60538673400879,"Male"
"6018403",371836,2025-11-20 03:31:15,33.6016845703125,-7.60526084899902,"Male"
"6018403",371836,2025-11-20 04:01:35,33.6018371582031,-7.60540580749512,"Male"
"6018403",371836,2025-11-20 04:31:06,33.6020050048828,-7.60541248321533,"Male"
"6018403",371836,2025-11-20 05:01:06,33.6018218994141,-7.60537385940552,"Male"
"6018403",371836,2025-11-20 05:31:07,33.6017456054688,-7.60526895523071,"Male"
"6018403",371836,2025-11-20 06:01:07,33.602409362793,-7.60574340820312,"Male"
"6018403",371836,2025-11-20 06:31:06,33.6019515991211,-7.60529088973999,"Male"
"6018403",371836,2025-11-20 07:01:07,33.6020774841309,-7.60566568374634,"Male"
"6018403",371836,2025-11-20 07:31:10,33.5932426452637,-7.61002826690674,"Male"
"6018403",371836,2025-11-20 08:01:08,33.5929107666016,-7.60962438583374,"Male"
"6018403",371836,2025-11-20 08:31:07,33.5939331054688,-7.60836887359619,"Male"
"6018403",371836,2025-11-20 09:01:14,33.5923767089844,-7.6090898513794,"Male"
"6018403",371836,2025-11-20 09:31:06,33.5665550231934,-7.63143491744995,"Male"
"6018403",371836,2025-11-20 10:01:08,33.5174980163574,-7.65653419494629,"Male"
"6018403",371836,2025-11-20 10:31:13,33.5174827575684,-7.65637922286987,"Male"
"6018403",371836,2025-11-20 11:01:06,33.5175094604492,-7.65649032592773,"Male"
"6018403",371836,2025-11-20 11:31:07,33.5174865722656,-7.65635871887207,"Male"
"6018403",371836,2025-11-20 12:01:08,33.5176239013672,-7.65628862380981,"Male"
"6018403",371836,2025-11-20 12:31:07,33.5154266357422,-7.5911750793457,"Male"
"6018403",371836,2025-11-20 12:41:07,33.4813423156738,-7.54180812835693,"Male"
"6018403",371836,2025-11-20 12:51:07,33.4789733886719,-7.54187154769897,"Male"
"6018403",371836,2025-11-20 13:01:07,33.4787902832031,-7.54197454452515,"Male"
"6018403",371836,2025-11-20 13:11:06,33.4788284301758,-7.54189872741699,"Male"
"6018403",371836,2025-11-20 13:21:08,33.4792976379395,-7.54172849655151,"Male"
"6018403",371836,2025-11-20 13:31:06,33.4793739318848,-7.54194259643555,"Male"
"6018403",371836,2025-11-20 13:41:06,33.4793167114258,-7.54181957244873,"Male"
"6018403",371836,2025-11-20 13:51:10,33.4777297973633,-7.54089641571045,"Male"
"6018403",371836,2025-11-20 14:01:09,33.4788436889648,-7.54124593734741,"Male"
"6018403",371836,2025-11-20 14:11:10,33.478645324707,-7.54122447967529,"Male"
"6018403",371836,2025-11-20 14:21:08,33.479248046875,-7.54055404663086,"Male"
"6018403",371836,2025-11-20 14:31:10,33.4774932861328,-7.53829097747803,"Male"
"6018403",371836,2025-11-20 14:41:07,33.4782333374023,-7.53793716430664,"Male"
"6018403",371836,2025-11-20 14:51:19,33.4827919006348,-7.53978443145752,"Male"
"6018403",371836,2025-11-20 15:01:06,33.4806442260742,-7.53854322433472,"Male"
"6018403",371836,2025-11-20 15:11:12,33.4799690246582,-7.53956651687622,"Male"
"6018403",371836,2025-11-20 15:21:13,33.4800415039062,-7.53953981399536,"Male"
"6018403",371836,2025-11-20 15:31:13,33.4800758361816,-7.53964233398438,"Male"
"6018403",371836,2025-11-20 15:41:08,33.4801254272461,-7.54114198684692,"Male"
"6018403",371836,2025-11-20 15:51:07,33.4992141723633,-7.54840230941772,"Male"
"6018403",371836,2025-11-20 16:01:08,33.5162963867188,-7.59182167053223,"Male"
"6018403",371836,2025-11-20 16:11:07,33.5318183898926,-7.64737319946289,"Male"
"6018403",371836,2025-11-20 16:21:09,33.5550079345703,-7.67203712463379,"Male"
"6018403",371836,2025-11-20 16:31:08,33.5603179931641,-7.67323970794678,"Male"
"6018403",371836,2025-11-20 16:41:07,33.579517364502,-7.64811754226685,"Male"
"6018403",371836,2025-11-20 16:51:06,33.5822525024414,-7.64060592651367,"Male"
"6018403",371836,2025-11-20 17:01:06,33.5817718505859,-7.64019584655762,"Male"
"6018403",371836,2025-11-20 17:11:11,33.5816764831543,-7.63999652862549,"Male"
"6018403",371836,2025-11-20 17:21:05,33.5871315002441,-7.63461065292358,"Male"
"6018403",371836,2025-11-20 17:31:08,33.5875358581543,-7.63400793075562,"Male"
"6018403",371836,2025-11-20 17:41:06,33.5902709960938,-7.62969255447388,"Male"
"6018403",371836,2025-11-20 17:51:07,33.6017951965332,-7.60593318939209,"Male"
"6018403",371836,2025-11-20 18:01:10,33.6019248962402,-7.6058030128479,"Male"
"6018403",371836,2025-11-20 18:11:07,33.6019248962402,-7.60588264465332,"Male"
"6018403",371836,2025-11-20 18:21:06,33.6021347045898,-7.60587072372437,"Male"
"6018403",371836,2025-11-20 18:31:06,33.6018409729004,-7.60603427886963,"Male"
"6018403",371836,2025-11-20 18:41:10,33.6019096374512,-7.60559749603271,"Male"
"6018403",371836,2025-11-20 18:51:08,33.6019477844238,-7.60561180114746,"Male"
"6018403",371836,2025-11-20 19:01:11,33.6018943786621,-7.60557222366333,"Male"
"6018403",371836,2025-11-20 19:11:07,33.6020164489746,-7.60562419891357,"Male"
"6018403",371836,2025-11-20 19:21:08,33.6021537780762,-7.60519552230835,"Male"
"6018403",371836,2025-11-20 19:31:07,33.6020240783691,-7.60547924041748,"Male"
"6018403",371836,2025-11-20 19:41:07,33.601993560791,-7.6053056716919,"Male"
"6018403",371836,2025-11-20 19:51:07,33.6010971069336,-7.60546207427979,"Male"
"6018403",371836,2025-11-20 20:01:07,33.6011276245117,-7.60547256469727,"Male"
"6018403",371836,2025-11-20 20:11:07,33.6012077331543,-7.60541296005249,"Male"
"6018403",371836,2025-11-20 20:21:11,33.6012115478516,-7.60533332824707,"Male"
"6018403",371836,2025-11-20 20:31:07,33.6012420654297,-7.60554838180542,"Male"
"6018403",371836,2025-11-20 20:41:08,33.601993560791,-7.60527038574219,"Male"
"6018403",371836,2025-11-20 20:51:07,33.6021957397461,-7.60539722442627,"Male"
"6018403",371836,2025-11-20 21:01:07,33.6021766662598,-7.6054277420044,"Male"
"6018403",371836,2025-11-20 21:11:10,33.6021461486816,-7.60540246963501,"Male"
"6018403",371836,2025-11-20 21:21:07,33.6022567749023,-7.60559892654419,"Male"
"6018403",371836,2025-11-20 21:31:06,33.6022071838379,-7.60555839538574,"Male"
"6018403",371836,2025-11-20 21:41:10,33.6021995544434,-7.60545825958252,"Male"
"6018403",371836,2025-11-20 21:51:13,33.6022453308105,-7.60546112060547,"Male"
"6018403",371836,2025-11-20 22:01:07,33.602424621582,-7.60606145858765,"Male"
"6018403",371836,2025-11-20 22:11:10,33.6021575927734,-7.60524654388428,"Male"
"6018403",371836,2025-11-20 22:21:11,33.6022491455078,-7.60529899597168,"Male"
"6018403",371836,2025-11-20 22:31:15,33.6022109985352,-7.60499238967896,"Male"
"6018403",371836,2025-11-20 22:41:07,33.6022148132324,-7.60499000549316,"Male"
"6018403",371836,2025-11-20 22:51:11,33.602108001709,-7.60503005981445,"Male"
"6018403",371836,2025-11-20 23:01:13,33.601936340332,-7.60503387451172,"Male"
"6018403",371836,2025-11-20 23:11:09,33.6017456054688,-7.6051812171936,"Male"
"6018403",371836,2025-11-20 23:21:12,33.6017112731934,-7.60499095916748,"Male"
"6018403",371836,2025-11-20 23:31:12,33.6011962890625,-7.60465717315674,"Male"
"6018403",371836,2025-11-20 23:41:11,33.6011581420898,-7.60467481613159,"Male"
"6018403",371836,2025-11-20 23:51:13,33.6015014648438,-7.60496664047241,"Male"
"6018403",371836,2025-11-21 00:01:10,33.6014823913574,-7.60490036010742,"Male"
"6018403",371836,2025-11-21 00:11:13,33.6016426086426,-7.6050181388855,"Male"
"6018403",371836,2025-11-21 00:21:13,33.6017189025879,-7.60505628585815,"Male"
"6018403",371836,2025-11-21 00:31:13,33.6017570495605,-7.60500526428223,"Male"
"6018403",371836,2025-11-21 00:41:23,33.6017761230469,-7.60523843765259,"Male"
"6018403",371836,2025-11-21 00:51:17,33.6018447875977,-7.60525941848755,"Male"
"6018403",371836,2025-11-21 01:01:13,33.6018218994141,-7.60515880584717,"Male"
"6018403",371836,2025-11-21 01:11:13,33.6018104553223,-7.60521125793457,"Male"
"6018403",371836,2025-11-21 01:21:13,33.6017303466797,-7.60529136657715,"Male"
"6018403",371836,2025-11-21 01:31:07,33.6018676757812,-7.60535335540771,"Male"
"6018403",371836,2025-11-21 01:41:35,33.6018028259277,-7.60531139373779,"Male"
"6018403",371836,2025-11-21 01:51:05,33.601863861084,-7.60519456863403,"Male"
"6018403",371836,2025-11-21 02:01:06,33.6017532348633,-7.60507726669312,"Male"
"6018403",371836,2025-11-21 02:11:06,33.6017761230469,-7.60514640808105,"Male"
"6018403",371836,2025-11-21 02:21:05,33.6016006469727,-7.60507106781006,"Male"
"6018403",371836,2025-11-21 02:31:07,33.6017608642578,-7.60511159896851,"Male"
"6018403",371836,2025-11-21 02:41:13,33.6008338928223,-7.60647106170654,"Male"
"6018403",371836,2025-11-21 02:51:06,33.6009368896484,-7.60665988922119,"Male"
"6018403",371836,2025-11-21 03:01:14,33.6007385253906,-7.60651397705078,"Male"
"6018403",371836,2025-11-21 03:11:13,33.6007080078125,-7.60637474060059,"Male"
"6018403",371836,2025-11-21 03:21:11,33.6009750366211,-7.6065845489502,"Male"
"6018403",371836,2025-11-21 03:31:09,33.6009674072266,-7.60660934448242,"Male"
"6018403",371836,2025-11-21 03:41:12,33.6008644104004,-7.60642957687378,"Male"
"6018403",371836,2025-11-21 03:51:07,33.6005439758301,-7.60858297348022,"Male"
"6018403",371836,2025-11-21 04:01:08,33.6007347106934,-7.6066255569458,"Male"
"6018403",371836,2025-11-21 04:11:13,33.6007919311523,-7.60639476776123,"Male"
"6018403",371836,2025-11-21 04:21:13,33.6006889343262,-7.60671424865723,"Male"
"6018403",371836,2025-11-21 04:31:11,33.6007499694824,-7.60657024383545,"Male"
"6018403",371836,2025-11-21 04:41:07,33.600715637207,-7.6068925857544,"Male"
"6018403",371836,2025-11-21 04:51:12,33.6005859375,-7.60660076141357,"Male"
"6018403",371836,2025-11-21 05:01:31,33.6007957458496,-7.60681104660034,"Male"
"6018403",371836,2025-11-21 05:11:05,33.600757598877,-7.60688495635986,"Male"
"6018403",371836,2025-11-21 05:21:18,33.6007690429688,-7.60685443878174,"Male"
"6018403",371836,2025-11-21 05:31:07,33.6007804870605,-7.60671186447144,"Male"
"6018403",371836,2025-11-21 05:41:06,33.6006889343262,-7.60679864883423,"Male"
"6018403",371836,2025-11-21 05:51:07,33.6008186340332,-7.6069188117981,"Male"
"6018403",371836,2025-11-21 06:01:35,33.6007843017578,-7.60682487487793,"Male"
"6018403",371836,2025-11-21 06:11:04,33.6007118225098,-7.60686588287354,"Male"
"6018403",371836,2025-11-21 06:21:04,33.600830078125,-7.60676670074463,"Male"
"6018403",371836,2025-11-21 06:31:05,33.6008224487305,-7.60679006576538,"Male"
"6018403",371836,2025-11-21 06:41:07,33.6007843017578,-7.60689163208008,"Male"
"6018403",371836,2025-11-21 06:51:05,33.6007995605469,-7.60679149627685,"Male"
"6018403",371836,2025-11-21 07:01:08,33.6007423400879,-7.60685873031616,"Male"
"6018403",371836,2025-11-21 07:11:05,33.6008987426758,-7.60688829421997,"Male"
"6018403",371836,2025-11-21 07:21:04,33.6001281738281,-7.60655879974365,"Male"
"6018403",371836,2025-11-21 07:31:05,33.6000709533691,-7.60651159286499,"Male"
"6018403",371836,2025-11-21 07:41:08,33.6000900268555,-7.60659599304199,"Male"
"6018403",371836,2025-11-21 07:51:05,33.6000862121582,-7.60656929016113,"Male"
"6018403",371836,2025-11-21 08:01:05,33.5927925109863,-7.60877323150635,"Male"
"6018403",371836,2025-11-21 08:11:06,33.5929260253906,-7.60904502868652,"Male"
"6018403",371836,2025-11-21 08:21:10,33.5928192138672,-7.60885810852051,"Male"
"6018403",371836,2025-11-21 08:31:13,33.5928344726562,-7.60893583297729,"Male"
"6018403",371836,2025-11-21 08:41:06,33.5927200317383,-7.60878801345825,"Male"
"6018403",371836,2025-11-21 08:51:31,33.5927314758301,-7.60886764526367,"Male"
"6018403",371836,2025-11-21 09:01:04,33.5903549194336,-7.61094522476196,"Male"
"6018403",371836,2025-11-21 09:11:05,33.5902481079102,-7.61102628707886,"Male"
"6018403",371836,2025-11-21 09:21:04,33.5902366638184,-7.61100721359253,"Male"
"6018403",371836,2025-11-21 09:31:05,33.5902366638184,-7.61110782623291,"Male"
"6018403",371836,2025-11-21 09:41:05,33.5902214050293,-7.61108636856079,"Male"
"6018403",371836,2025-11-21 09:51:06,33.590274810791,-7.61096858978271,"Male"
"6018403",371836,2025-11-21 10:01:05,33.5903396606445,-7.61098003387451,"Male"
"6018403",371836,2025-11-21 10:11:04,33.5867805480957,-7.61083459854126,"Male"
"6018403",371836,2025-11-21 10:21:05,33.5868682861328,-7.61081838607788,"Male"
"6018403",371836,2025-11-21 10:31:07,33.584602355957,-7.61080265045166,"Male"
"6018403",371836,2025-11-21 10:41:05,33.5845108032227,-7.6107439994812,"Male"
"6018403",371836,2025-11-21 10:51:06,33.5846061706543,-7.61098003387451,"Male"
"6018403",371836,2025-11-21 11:01:05,33.5846405029297,-7.61081266403198,"Male"
"6018403",371836,2025-11-21 11:11:10,33.584716796875,-7.61078357696533,"Male"
"6018403",371836,2025-11-21 11:21:05,33.584602355957,-7.61087322235107,"Male"
"6018403",371836,2025-11-21 11:31:07,33.5845527648926,-7.61066913604736,"Male"
"6018403",371836,2025-11-21 11:41:05,33.5790176391602,-7.60569429397583,"Male"
"6018403",371836,2025-11-21 11:51:08,33.5497932434082,-7.59459781646729,"Male"
"6018403",371836,2025-11-21 12:01:07,33.5499534606934,-7.59498882293701,"Male"
"6018403",371836,2025-11-21 12:11:08,33.5499076843262,-7.59478282928467,"Male"
"6018403",371836,2025-11-21 12:21:13,33.550106048584,-7.59501314163208,"Male"
"6018403",371836,2025-11-21 12:31:08,33.5500183105469,-7.59488010406494,"Male"
"6018403",371836,2025-11-21 12:41:10,33.550048828125,-7.59478759765625,"Male"
"6018403",371836,2025-11-21 12:51:10,33.5499992370605,-7.59487867355347,"Male"
"6018403",371836,2025-11-21 13:01:22,33.5500030517578,-7.59483051300049,"Male"
"6018403",371836,2025-11-21 13:11:35,33.5498962402344,-7.59492206573486,"Male"
"6018403",371836,2025-11-21 13:21:04,33.5465812683105,-7.59375667572021,"Male"
"6018403",371836,2025-11-21 13:31:05,33.5175476074219,-7.57672500610352,"Male"
"6018403",371836,2025-11-21 13:41:06,33.4788627624512,-7.54217576980591,"Male"
"6018403",371836,2025-11-21 13:51:11,33.478946685791,-7.54170513153076,"Male"
"6018403",371836,2025-11-21 14:01:05,33.4794769287109,-7.54171180725098,"Male"
"6018403",371836,2025-11-21 14:11:06,33.4793586730957,-7.54152011871338,"Male"
"6018403",371836,2025-11-21 14:21:07,33.479419708252,-7.54162740707397,"Male"
"6018403",371836,2025-11-21 14:31:08,33.4794692993164,-7.54148006439209,"Male"
"6018403",371836,2025-11-21 14:41:14,33.4796714782715,-7.54170894622803,"Male"
"6018403",371836,2025-11-21 14:51:06,33.4799270629883,-7.54228019714355,"Male"
"6018403",371836,2025-11-21 15:01:40,33.4785842895508,-7.53769063949585,"Male"
"6018403",371836,2025-11-21 15:11:11,33.4792556762695,-7.53766012191772,"Male"
"6018403",371836,2025-11-21 15:21:35,33.4792251586914,-7.53770065307617,"Male"
"6018403",371836,2025-11-21 15:31:05,33.4792098999023,-7.53763008117676,"Male"
"6018403",371836,2025-11-21 15:41:05,33.4792404174805,-7.53775119781494,"Male"
"6018403",371836,2025-11-21 15:51:07,33.4792900085449,-7.53770017623901,"Male"
"6018403",371836,2025-11-21 16:01:07,33.4784317016602,-7.53989601135254,"Male"
"6018403",371836,2025-11-21 16:11:13,33.4782028198242,-7.5423321723938,"Male"
"6018403",371836,2025-11-21 16:21:06,33.4785842895508,-7.54032850265503,"Male"
"6018403",371836,2025-11-21 16:31:06,33.4785308837891,-7.54116010665894,"Male"
"6018403",371836,2025-11-21 16:41:08,33.478645324707,-7.54230213165283,"Male"
"6018403",371836,2025-11-21 16:51:06,33.5068283081055,-7.55477094650269,"Male"
"6018403",371836,2025-11-21 17:01:07,33.538387298584,-7.59376621246338,"Male"
"6018403",371836,2025-11-21 17:11:07,33.5659942626953,-7.64130115509033,"Male"
"6018403",371836,2025-11-21 17:21:07,33.601390838623,-7.67582416534424,"Male"
"6018403",371836,2025-11-21 17:31:08,33.5985717773438,-7.65323066711426,"Male"
"6018403",371836,2025-11-21 17:41:31,33.6000938415527,-7.60648345947266,"Male"
"6018403",371836,2025-11-21 17:51:05,33.6008987426758,-7.6057276725769,"Male"
"6018403",371836,2025-11-21 18:01:05,33.6010627746582,-7.60556125640869,"Male"
"6018403",371836,2025-11-21 18:11:05,33.6009902954102,-7.60568428039551,"Male"
"6018403",371836,2025-11-21 18:21:06,33.6009864807129,-7.60560321807861,"Male"
"6018403",371836,2025-11-21 18:31:05,33.6010093688965,-7.60575103759766,"Male"
"6018403",371836,2025-11-21 18:41:04,33.6018257141113,-7.60546970367432,"Male"
"6018403",371836,2025-11-21 18:51:06,33.6016998291016,-7.60557746887207,"Male"
"6018403",371836,2025-11-21 19:01:06,33.6018753051758,-7.60549736022949,"Male"
"6018403",371836,2025-11-21 19:11:05,33.6018714904785,-7.60536956787109,"Male"
"6018403",371836,2025-11-21 19:21:07,33.6017532348633,-7.60537719726562,"Male"
"6018403",371836,2025-11-21 19:31:05,33.6019859313965,-7.60559272766113,"Male"
"6018403",371836,2025-11-21 19:41:07,33.6012878417969,-7.60481834411621,"Male"
"6018403",371836,2025-11-21 19:51:10,33.6022872924805,-7.60576057434082,"Male"
"6018403",371836,2025-11-21 20:01:08,33.6017417907715,-7.60543060302734,"Male"
"6018403",371836,2025-11-21 20:11:07,33.6018295288086,-7.6053614616394,"Male"
"6018403",371836,2025-11-21 20:21:13,33.601993560791,-7.60560464859009,"Male"
"6018403",371836,2025-11-21 20:31:11,33.6019630432129,-7.60554265975952,"Male"
"6018403",371836,2025-11-21 20:41:11,33.6018943786621,-7.60529375076294,"Male"
"6018403",371836,2025-11-21 20:51:13,33.6018180847168,-7.60509634017944,"Male"
"6018403",371836,2025-11-21 21:01:13,33.6018943786621,-7.60522365570068,"Male"
"6018403",371836,2025-11-21 21:11:19,33.6020774841309,-7.60548114776611,"Male"
"6018403",371836,2025-11-21 21:21:20,33.6019630432129,-7.60523796081543,"Male"
"6018403",371836,2025-11-21 21:31:13,33.6019706726074,-7.60520839691162,"Male"
"6018403",371836,2025-11-21 21:41:11,33.6019973754883,-7.60515737533569,"Male"
"6018403",371836,2025-11-21 21:51:08,33.6022262573242,-7.60522603988647,"Male"
"6018403",371836,2025-11-21 22:01:13,33.6018371582031,-7.604820728302,"Male"
"6018403",371836,2025-11-21 22:11:07,33.6019897460938,-7.60523986816406,"Male"
"6018403",371836,2025-11-21 22:21:08,33.6019630432129,-7.60511016845703,"Male"
"6018403",371836,2025-11-21 22:31:06,33.6020126342773,-7.60538148880005,"Male"
"6018403",371836,2025-11-21 22:41:07,33.6020355224609,-7.60535907745361,"Male"
"6018403",371836,2025-11-21 22:51:08,33.6020317077637,-7.60519504547119,"Male"
"6018403",371836,2025-11-21 23:01:11,33.6021881103516,-7.60525465011597,"Male"
"6018403",371836,2025-11-21 23:11:07,33.6015548706055,-7.60518980026245,"Male"
"6018403",371836,2025-11-21 23:21:06,33.601245880127,-7.60516595840454,"Male"
"6018403",371836,2025-11-21 23:31:13,33.6028747558594,-7.6060733795166,"Male"
"6018403",371836,2025-11-21 23:41:13,33.6020927429199,-7.60562896728516,"Male"
"6018403",371836,2025-11-21 23:51:08,33.601936340332,-7.60562610626221,"Male"
"6018403",371836,2025-11-22 00:01:14,33.6009140014648,-7.60622882843018,"Male"
"6018403",371836,2025-11-22 00:11:07,33.6006202697754,-7.60703706741333,"Male"
"6018403",371836,2025-11-22 00:21:11,33.600887298584,-7.6068868637085,"Male"
"6018403",371836,2025-11-22 00:31:13,33.6003456115723,-7.60641288757324,"Male"
"6018403",371836,2025-11-22 00:41:35,33.6005210876465,-7.6066517829895,"Male"
"6018403",371836,2025-11-22 00:51:05,33.6006317138672,-7.60661649703979,"Male"
"6018403",371836,2025-11-22 01:01:05,33.6006126403809,-7.60664367675781,"Male"
"6018403",371836,2025-11-22 01:11:05,33.6005363464355,-7.60650491714478,"Male"
"6018403",371836,2025-11-22 01:21:04,33.6006469726562,-7.60674619674683,"Male"
"6018403",371836,2025-11-22 01:31:04,33.6005439758301,-7.60669612884521,"Male"
"6018403",371836,2025-11-22 01:41:05,33.6004371643066,-7.60656261444092,"Male"
"6018403",371836,2025-11-22 01:51:06,33.6006736755371,-7.60673522949219,"Male"
"6018403",371836,2025-11-22 02:01:05,33.6007194519043,-7.6066722869873,"Male"
"6018403",371836,2025-11-22 02:11:35,33.6006698608398,-7.60666227340698,"Male"
"6018403",371836,2025-11-22 02:21:05,33.6006660461426,-7.60665655136108,"Male"
"6018403",371836,2025-11-22 02:31:05,33.6005439758301,-7.60668611526489,"Male"
"6018403",371836,2025-11-22 02:41:04,33.600757598877,-7.60665416717529,"Male"
"6018403",371836,2025-11-22 02:51:06,33.6008033752441,-7.60660934448242,"Male"
"6018403",371836,2025-11-22 03:01:05,33.6007995605469,-7.60663795471191,"Male"
"6018403",371836,2025-11-22 03:11:05,33.6004524230957,-7.60664796829224,"Male"
"6018403",371836,2025-11-22 03:21:07,33.6004867553711,-7.60660743713379,"Male"
"6018403",371836,2025-11-22 03:31:06,33.6005859375,-7.60678339004517,"Male"
"6018403",371836,2025-11-22 03:41:05,33.6005897521973,-7.60674381256104,"Male"
"6018403",371836,2025-11-22 03:51:10,33.6006164550781,-7.60668754577637,"Male"
"6018403",371836,2025-11-22 04:01:06,33.6005783081055,-7.60697746276855,"Male"
"6018403",371836,2025-11-22 04:11:06,33.6006050109863,-7.6067795753479,"Male"
"6018403",371836,2025-11-22 04:21:05,33.6005249023438,-7.60664987564087,"Male"
"6018403",371836,2025-11-22 04:31:06,33.6005859375,-7.60678625106812,"Male"
"6018403",371836,2025-11-22 04:41:07,33.6005706787109,-7.60672855377197,"Male"
"6018403",371836,2025-11-22 04:51:06,33.6006126403809,-7.6067476272583,"Male"
"6018403",371836,2025-11-22 05:01:13,33.6004333496094,-7.6065993309021,"Male"
"6018403",371836,2025-11-22 05:11:08,33.6005744934082,-7.60655307769775,"Male"
"6018403",371836,2025-11-22 05:21:06,33.6006355285645,-7.60654020309448,"Male"
"6018403",371836,2025-11-22 05:31:06,33.6005935668945,-7.60660791397095,"Male"
"6018403",371836,2025-11-22 05:41:06,33.6005935668945,-7.6066837310791,"Male"
"6018403",371836,2025-11-22 05:51:06,33.6005592346191,-7.60670375823975,"Male"
"6018403",371836,2025-11-22 06:01:06,33.600658416748,-7.60648250579834,"Male"
"6018403",371836,2025-11-22 06:11:06,33.6007080078125,-7.60653305053711,"Male"
"6018403",371836,2025-11-22 06:21:07,33.6006774902344,-7.60659217834473,"Male"
"6018403",371836,2025-11-22 06:31:07,33.6020011901855,-7.60550308227539,"Male"
"6018403",371836,2025-11-22 06:41:07,33.601936340332,-7.60559225082397,"Male"
"6018403",371836,2025-11-22 06:51:07,33.6017532348633,-7.60538339614868,"Male"
"6018403",371836,2025-11-22 07:01:06,33.6018371582031,-7.6057333946228,"Male"
"6018403",371836,2025-11-22 07:11:07,33.5920028686523,-7.6173939704895,"Male"
"6018403",371836,2025-11-22 07:21:59,33.5887107849121,-7.61484909057617,"Male"
"6018403",371836,2025-11-22 07:31:06,33.5854225158691,-7.61112356185913,"Male"
"6018403",371836,2025-11-22 07:41:12,33.5855407714844,-7.61120557785034,"Male"
"6018403",371836,2025-11-22 07:51:06,33.5854606628418,-7.60877084732056,"Male"
"6018403",371836,2025-11-22 08:01:06,33.5855827331543,-7.60875797271729,"Male"
"6018403",371836,2025-11-22 08:11:06,33.5854759216309,-7.60882329940796,"Male"
"6018403",371836,2025-11-22 08:21:07,33.5855255126953,-7.60872554779053,"Male"
"6018403",371836,2025-11-22 08:31:06,33.585018157959,-7.60673093795776,"Male"
"6018403",371836,2025-11-22 08:41:06,33.5849533081055,-7.60780477523804,"Male"
"6018403",371836,2025-11-22 08:51:08,33.5848770141602,-7.60796546936035,"Male"
"6018403",371836,2025-11-22 09:01:06,33.5850257873535,-7.60774374008179,"Male"
"6018403",371836,2025-11-22 09:11:06,33.5847930908203,-7.6075234413147,"Male"
"6018403",371836,2025-11-22 09:21:05,33.5849456787109,-7.6077618598938,"Male"
"6018403",371836,2025-11-22 09:31:07,33.5848121643066,-7.60746717453003,"Male"
"6018403",371836,2025-11-22 09:41:06,33.5843276977539,-7.6015625,"Male"
"6018403",371836,2025-11-22 09:51:06,33.584300994873,-7.60152006149292,"Male"
"6018403",371836,2025-11-22 10:01:05,33.5843315124512,-7.60173797607422,"Male"
"6018403",371836,2025-11-22 10:11:06,33.5841064453125,-7.60159397125244,"Male"
"6018403",371836,2025-11-22 10:21:06,33.5841293334961,-7.60156297683716,"Male"
"6018403",371836,2025-11-22 10:31:05,33.5842437744141,-7.60156726837158,"Male"
"6018403",371836,2025-11-22 10:41:06,33.5839958190918,-7.60142660140991,"Male"
"6018403",371836,2025-11-22 10:51:05,33.584041595459,-7.60146713256836,"Male"
"6018403",371836,2025-11-22 11:21:12,33.5840606689453,-7.60147333145142,"Male"
"6018403",371836,2025-11-22 11:51:06,33.5844306945801,-7.60153961181641,"Male"
"6018403",371836,2025-11-22 12:21:10,33.5844535827637,-7.60119724273682,"Male"
"6018403",371836,2025-11-22 12:51:09,33.5843162536621,-7.60149192810059,"Male"
"6018403",371836,2025-11-22 13:21:10,33.5838813781738,-7.60127067565918,"Male"
"6018403",371836,2025-11-22 13:51:11,33.5842094421387,-7.60148525238037,"Male"
"6018403",371836,2025-11-22 14:21:08,33.584400177002,-7.60159206390381,"Male"
"6018403",371836,2025-11-22 14:51:07,33.584415435791,-7.60144233703613,"Male"
"6018403",371836,2025-11-22 15:21:07,33.5844306945801,-7.60117053985596,"Male"
"6018403",371836,2025-11-22 15:51:08,33.5843505859375,-7.60130977630615,"Male"
"6018403",371836,2025-11-22 16:21:07,33.5841369628906,-7.60118341445923,"Male"
"6018403",371836,2025-11-22 16:51:08,33.584716796875,-7.6014084815979,"Male"
"6018403",371836,2025-11-22 17:21:08,33.5844650268555,-7.60147285461426,"Male"
"6018403",371836,2025-11-22 17:51:06,33.597469329834,-7.60541915893555,"Male"
"6018403",371836,2025-11-22 18:21:35,33.601936340332,-7.60569667816162,"Male"
"6018403",371836,2025-11-22 18:51:07,33.6020736694336,-7.60594129562378,"Male"
"6018403",371836,2025-11-22 19:21:07,33.6018676757812,-7.60581636428833,"Male"
"6018403",371836,2025-11-22 19:51:06,33.6020889282227,-7.60561656951904,"Male"
"6018403",371836,2025-11-22 20:21:08,33.6021308898926,-7.60543251037598,"Male"
"6018403",371836,2025-11-22 20:51:06,33.6020202636719,-7.60534811019897,"Male"
"6018403",371836,2025-11-22 21:21:09,33.6021041870117,-7.60552501678467,"Male"
"6018403",371836,2025-11-22 21:51:07,33.6021575927734,-7.60502815246582,"Male"
"6018403",371836,2025-11-22 22:21:10,33.6020545959473,-7.60551643371582,"Male"
"6018403",371836,2025-11-22 22:51:11,33.6019058227539,-7.60541963577271,"Male"
"6018403",371836,2025-11-22 23:21:09,33.6018257141113,-7.60536289215088,"Male"
"6018403",371836,2025-11-22 23:51:08,33.6020240783691,-7.60544109344482,"Male"
"6018403",371836,2025-11-23 00:21:09,33.6017570495605,-7.60532712936401,"Male"
"6018403",371836,2025-11-23 00:51:19,33.6019172668457,-7.60532855987549,"Male"
"6018403",371836,2025-11-23 01:21:31,33.6018943786621,-7.60508632659912,"Male"
"6018403",371836,2025-11-23 01:51:07,33.6009101867676,-7.60329389572144,"Male"
"6018403",371836,2025-11-23 02:21:06,33.6006660461426,-7.60344362258911,"Male"
"6018403",371836,2025-11-23 02:51:07,33.6003684997559,-7.60345363616943,"Male"
"6018403",371836,2025-11-23 03:21:06,33.6006202697754,-7.60341691970825,"Male"
"6018403",371836,2025-11-23 03:51:13,33.6009063720703,-7.60366296768188,"Male"
"6018403",371836,2025-11-23 04:21:07,33.6006240844727,-7.60341691970825,"Male"
"6018403",371836,2025-11-23 04:51:27,33.6006011962891,-7.60320472717285,"Male"
"6018403",371836,2025-11-23 05:21:35,33.6009635925293,-7.60341739654541,"Male"
"6018403",371836,2025-11-23 05:51:10,33.6009330749512,-7.60346031188965,"Male"
"6018403",371836,2025-11-23 06:21:35,33.6009330749512,-7.60349750518799,"Male"
"6018403",371836,2025-11-23 06:51:04,33.6008529663086,-7.60353422164917,"Male"
"6018403",371836,2025-11-23 07:21:07,33.6009292602539,-7.60343933105469,"Male"
"6018403",371836,2025-11-23 07:51:06,33.5894393920898,-7.60363531112671,"Male"
"6018403",371836,2025-11-23 08:21:07,33.5832939147949,-7.60115480422974,"Male"
"6018403",371836,2025-11-23 08:51:06,33.583251953125,-7.60113430023193,"Male"
"6018403",371836,2025-11-23 09:21:06,33.5832061767578,-7.60112142562866,"Male"
"6018403",371836,2025-11-23 09:51:05,33.5831146240234,-7.60125494003296,"Male"
"6018403",371836,2025-11-23 10:21:06,33.5835037231445,-7.60089349746704,"Male"
"6018403",371836,2025-11-23 10:51:10,33.5832710266113,-7.60099172592163,"Male"
"6018403",371836,2025-11-23 11:21:35,33.5832405090332,-7.60107469558716,"Male"
"6018403",371836,2025-11-23 11:51:12,33.5831718444824,-7.60104084014893,"Male"
"6018403",371836,2025-11-23 12:21:17,33.5833473205566,-7.60113143920898,"Male"
"6018403",371836,2025-11-23 12:51:06,33.5832824707031,-7.60100746154785,"Male"
"6018403",371836,2025-11-23 13:21:10,33.583381652832,-7.6011643409729,"Male"
"6018403",371836,2025-11-23 13:51:13,33.5704078674316,-7.59808301925659,"Male"
"6018403",371836,2025-11-23 14:22:05,33.4782257080078,-7.54160499572754,"Male"
"6018403",371836,2025-11-23 14:51:06,33.4793014526367,-7.5418872833252,"Male"
"6018403",371836,2025-11-23 15:21:08,33.478271484375,-7.54129600524902,"Male"
"6018403",371836,2025-11-23 15:51:32,33.4790649414062,-7.54148292541504,"Male"
"6018403",371836,2025-11-23 16:21:16,33.4960594177246,-7.54064846038818,"Male"
"6018403",371836,2025-11-23 16:51:11,33.4961547851562,-7.54064893722534,"Male"
"6018403",371836,2025-11-23 17:21:13,33.4962005615234,-7.54069185256958,"Male"
"6018403",371836,2025-11-23 17:51:06,33.5879707336426,-7.60343074798584,"Male"
"6018403",371836,2025-11-23 18:21:15,33.6020164489746,-7.60587358474731,"Male"
"6018403",371836,2025-11-23 18:51:13,33.6019325256348,-7.60589838027954,"Male"
"6018403",371836,2025-11-23 19:21:08,33.6020088195801,-7.60549783706665,"Male"
"6018403",371836,2025-11-23 19:51:13,33.6023101806641,-7.60335683822632,"Male"
"6018403",371836,2025-11-23 20:21:34,33.6019134521484,-7.60595893859863,"Male"
"6018403",371836,2025-11-23 20:51:05,33.601806640625,-7.6052393913269,"Male"
"6018403",371836,2025-11-23 21:21:06,33.6009216308594,-7.60242414474487,"Male"
"6018403",371836,2025-11-23 21:51:08,33.6009979248047,-7.60238838195801,"Male"
"6018403",371836,2025-11-23 22:21:06,33.6012382507324,-7.60325765609741,"Male"
"6018403",371836,2025-11-23 22:51:06,33.6011276245117,-7.6029748916626,"Male"
"6018403",371836,2025-11-23 23:21:33,33.6001930236816,-7.60318231582642,"Male"
"6018403",371836,2025-11-23 23:51:04,33.6001052856445,-7.60327339172363,"Male"
"6018403",371836,2025-11-24 00:21:04,33.6001968383789,-7.60321092605591,"Male"
"6018403",371836,2025-11-24 00:51:05,33.6001815795898,-7.60284519195557,"Male"
"6018403",371836,2025-11-24 01:21:12,33.6002769470215,-7.60310316085815,"Male"
"6018403",371836,2025-11-24 01:51:07,33.600341796875,-7.60305976867676,"Male"
"6018403",371836,2025-11-24 02:21:13,33.600341796875,-7.60297918319702,"Male"
"6018403",371836,2025-11-24 02:51:13,33.6002807617188,-7.60311269760132,"Male"
"6018403",371836,2025-11-24 03:21:10,33.6001930236816,-7.60305690765381,"Male"
"6018403",371836,2025-11-24 03:51:16,33.6002006530762,-7.60325813293457,"Male"
"6018403",371836,2025-11-24 04:21:17,33.6001129150391,-7.60309457778931,"Male"
"6018403",371836,2025-11-24 04:51:17,33.6003074645996,-7.60330152511597,"Male"
"6018403",371836,2025-11-24 05:21:08,33.600269317627,-7.60349893569946,"Male"
"6018403",371836,2025-11-24 05:51:35,33.6002807617188,-7.60344362258911,"Male"
"6018403",371836,2025-11-24 06:21:05,33.6002197265625,-7.60385322570801,"Male"
"6018403",371836,2025-11-24 06:51:06,33.6134033203125,-7.63536071777344,"Male"
"6018403",371836,2025-11-24 07:21:12,33.6008949279785,-7.63343906402588,"Male"
"6018403",371836,2025-11-24 07:51:06,33.6008338928223,-7.63342094421387,"Male"
"6018403",371836,2025-11-24 08:21:08,33.6009483337402,-7.63364839553833,"Male"
"6018403",371836,2025-11-24 08:51:35,33.6008682250977,-7.63349342346191,"Male"
"6018403",371836,2025-11-24 09:21:10,33.6008567810059,-7.63362121582031,"Male"
"6018403",371836,2025-11-24 09:51:05,33.6002616882324,-7.6335768699646,"Male"
"6018403",371836,2025-11-24 10:21:10,33.6002655029297,-7.6335916519165,"Male"
"6018403",371836,2025-11-24 10:51:35,33.600227355957,-7.63365745544434,"Male"
"6018403",371836,2025-11-24 11:21:05,33.6002235412598,-7.63363313674927,"Male"
"6018403",371836,2025-11-24 11:51:05,33.6002235412598,-7.63358879089355,"Male"
"6018403",371836,2025-11-24 12:21:06,33.600284576416,-7.6336784362793,"Male"
"6018403",371836,2025-11-24 12:51:13,33.600902557373,-7.63360023498535,"Male"
"6018403",371836,2025-11-24 13:21:35,33.6001815795898,-7.63357543945312,"Male"
"6018403",371836,2025-11-24 13:51:06,33.6002082824707,-7.6336727142334,"Male"
"6018403",371836,2025-11-24 14:21:04,33.5079078674316,-7.55975198745728,"Male"
"6018403",371836,2025-11-24 14:51:06,33.4793243408203,-7.54047298431396,"Male"
"6018403",371836,2025-11-24 15:21:11,33.4793548583984,-7.5410213470459,"Male"
"6018403",371836,2025-11-24 15:51:08,33.4794807434082,-7.54098320007324,"Male"
"6018403",371836,2025-11-24 16:21:05,33.5216255187988,-7.62247133255005,"Male"
"6018403",371836,2025-11-24 16:51:08,33.5596504211426,-7.67301940917969,"Male"
"6018403",371836,2025-11-24 17:21:13,33.5942840576172,-7.62958288192749,"Male"
"6018403",371836,2025-11-24 17:51:08,33.5997009277344,-7.60675144195557,"Male"
"6018403",371836,2025-11-24 18:21:35,33.5996208190918,-7.60648679733276,"Male"
"6018403",371836,2025-11-24 18:51:06,33.5998191833496,-7.60673713684082,"Male"
"6018403",371836,2025-11-24 19:21:08,33.5998992919922,-7.60661888122559,"Male"
"6018403",371836,2025-11-24 19:51:11,33.6019248962402,-7.60568904876709,"Male"
"6018403",371836,2025-11-24 20:21:06,33.6002388000488,-7.60287189483643,"Male"
"6018403",371836,2025-11-24 20:51:06,33.6000862121582,-7.60383319854736,"Male"
"6018403",371836,2025-11-24 21:21:07,33.6006355285645,-7.60306739807129,"Male"
"6018403",371836,2025-11-24 21:51:08,33.6008605957031,-7.60318803787231,"Male"
"6018403",371836,2025-11-24 22:21:14,33.6015510559082,-7.60263824462891,"Male"
"6018403",371836,2025-11-24 22:51:15,33.6008491516113,-7.60288906097412,"Male"
"6018403",371836,2025-11-24 23:21:11,33.6003494262695,-7.60300588607788,"Male"
"6018403",371836,2025-11-24 23:51:15,33.600456237793,-7.60301113128662,"Male"
"6018403",371836,2025-11-25 00:21:21,33.600513458252,-7.60300922393799,"Male"
"6018403",371836,2025-11-25 00:51:35,33.6005744934082,-7.6032600402832,"Male"
"6018403",371836,2025-11-25 01:21:10,33.6004867553711,-7.6033673286438,"Male"
"6018403",371836,2025-11-25 01:51:13,33.6005935668945,-7.6033148765564,"Male"
"6018403",371836,2025-11-25 02:21:05,33.6005249023438,-7.60326528549194,"Male"
"6018403",371836,2025-11-25 02:51:10,33.6001815795898,-7.6032567024231,"Male"
"6018403",371836,2025-11-25 03:21:14,33.6004600524902,-7.60336112976074,"Male"
"6018403",371836,2025-11-25 03:51:08,33.6005821228027,-7.6032657623291,"Male"
"6018403",371836,2025-11-25 04:21:46,33.6005210876465,-7.60303163528442,"Male"
"6018403",371836,2025-11-25 04:51:35,33.6005706787109,-7.6032657623291,"Male"
"6018403",371836,2025-11-25 05:21:06,33.6003456115723,-7.60336780548096,"Male"
"6018403",371836,2025-11-25 05:51:07,33.6003837585449,-7.60299968719482,"Male"
"6018403",371836,2025-11-25 06:21:16,33.6004600524902,-7.60319805145264,"Male"
"6018403",371836,2025-11-25 06:51:35,33.6000328063965,-7.60640144348145,"Male"
"6018403",371836,2025-11-25 07:21:12,33.5998001098633,-7.606285572052,"Male"
"6018403",371836,2025-11-25 07:51:06,33.5998268127441,-7.60642051696777,"Male"
"6018403",371836,2025-11-25 08:21:50,33.5832214355469,-7.6013035774231,"Male"
"6018403",371836,2025-11-25 08:51:12,33.5827102661133,-7.60157155990601,"Male"
"6018403",371836,2025-11-25 09:21:13,33.5829925537109,-7.60142755508423,"Male"
"6018403",371836,2025-11-25 09:51:35,33.5830879211426,-7.60150575637817,"Male"
"6018403",371836,2025-11-25 10:21:05,33.5830879211426,-7.60151863098145,"Male"
"6018403",371836,2025-11-25 10:51:08,33.5830383300781,-7.60143661499023,"Male"
"6018403",371836,2025-11-25 11:21:15,33.5832481384277,-7.60105991363525,"Male"
"6018403",371836,2025-11-25 11:51:06,33.5826148986816,-7.59896755218506,"Male"
"6018403",371836,2025-11-25 12:21:35,33.5827102661133,-7.59917211532593,"Male"
"6018403",371836,2025-11-25 12:51:06,33.5827865600586,-7.59921884536743,"Male"
"6018403",371836,2025-11-25 13:21:12,33.5834770202637,-7.59950685501099,"Male"
"6018403",371836,2025-11-25 13:51:09,33.5833282470703,-7.60114765167236,"Male"
"6018403",371836,2025-11-25 14:21:35,33.5832099914551,-7.60112857818604,"Male"
"6018403",371836,2025-11-25 14:51:17,33.5832176208496,-7.60091209411621,"Male"
"6018403",371836,2025-11-25 15:21:06,33.5831451416016,-7.6009259223938,"Male"
"6018403",371836,2025-11-25 15:51:13,33.583137512207,-7.59994697570801,"Male"
"6018403",371836,2025-11-25 16:21:06,33.5421447753906,-7.58319139480591,"Male"
"6018403",371836,2025-11-25 16:51:44,33.5605506896973,-7.66607713699341,"Male"
"6018403",371836,2025-11-25 17:21:14,33.5757675170898,-7.6313304901123,"Male"
"6018403",371836,2025-11-25 17:51:35,33.601993560791,-7.60630416870117,"Male"
"6018403",371836,2025-11-25 18:21:13,33.6018829345703,-7.60628366470337,"Male"
"6018403",371836,2025-11-25 18:51:07,33.6016807556152,-7.60618925094604,"Male"
"6018403",371836,2025-11-25 19:21:08,33.6016654968262,-7.60619878768921,"Male"
"6018403",371836,2025-11-25 19:51:35,33.6018943786621,-7.60619068145752,"Male"
"6018403",371836,2025-11-25 20:21:31,33.6018867492676,-7.60552310943604,"Male"
"6018403",371836,2025-11-25 20:51:35,33.601879119873,-7.60549736022949,"Male"
"6018403",371836,2025-11-25 21:21:10,33.6018524169922,-7.60555982589722,"Male"
"6018403",371836,2025-11-25 21:51:06,33.6017951965332,-7.60538005828857,"Male"
"6018403",371836,2025-11-25 22:21:35,33.6018371582031,-7.60531091690063,"Male"
"6018403",371836,2025-11-25 22:51:06,33.6017608642578,-7.60520362854004,"Male"
"6018403",371836,2025-11-25 23:21:05,33.6018371582031,-7.60547065734863,"Male"
"6018403",371836,2025-11-25 23:51:08,33.601806640625,-7.60544872283935,"Male"
"6018403",371836,2025-11-26 00:21:35,33.6020889282227,-7.60524797439575,"Male"
"6018403",371836,2025-11-26 00:51:08,33.6019897460938,-7.60526132583618,"Male"
"6018403",371836,2025-11-26 01:21:07,33.6018295288086,-7.60544967651367,"Male"
"6018403",371836,2025-11-26 01:51:12,33.6017036437988,-7.60562133789062,"Male"
"6018403",371836,2025-11-26 02:21:35,33.6018180847168,-7.60538959503174,"Male"
"6018403",371836,2025-11-26 02:51:04,33.6018295288086,-7.60537433624268,"Male"
"6018403",371836,2025-11-26 03:21:06,33.6017799377441,-7.6055498123169,"Male"
"6018403",371836,2025-11-26 03:51:06,33.6018028259277,-7.60548305511475,"Male"
"6018403",371836,2025-11-26 04:21:04,33.6006622314453,-7.60341501235962,"Male"
"6018403",371836,2025-11-26 04:51:05,33.6006965637207,-7.60347557067871,"Male"
"6018403",371836,2025-11-26 05:21:35,33.600658416748,-7.60344886779785,"Male"
"6018403",371836,2025-11-26 05:51:04,33.6007347106934,-7.60348415374756,"Male"
"6018403",371836,2025-11-26 06:21:09,33.6006202697754,-7.60366678237915,"Male"
"6018403",371836,2025-11-26 06:51:12,33.6006507873535,-7.6036205291748,"Male"
"6018403",371836,2025-11-26 07:21:35,33.6007118225098,-7.60354328155518,"Male"
"6018403",371836,2025-11-26 07:51:07,33.5827026367188,-7.59915065765381,"Male"
"6018403",371836,2025-11-26 08:21:06,33.5827751159668,-7.59933567047119,"Male"
"6018403",371836,2025-11-26 08:51:08,33.5324630737305,-7.57566356658935,"Male"
"6018403",371836,2025-11-26 09:21:07,33.5325126647949,-7.57567310333252,"Male"
"6018403",371836,2025-11-26 09:51:12,33.4833297729492,-7.54529190063477,"Male"
"6018403",371836,2025-11-26 10:21:35,33.4803352355957,-7.54076147079468,"Male"
"6018403",371836,2025-11-26 10:51:06,33.4794807434082,-7.54086256027222,"Male"
"6018403",371836,2025-11-26 11:21:05,33.4779281616211,-7.5372428894043,"Male"
"6018403",371836,2025-11-26 11:51:10,33.4794120788574,-7.54035425186157,"Male"
"6018403",371836,2025-11-26 12:21:53,33.4789657592773,-7.539954662323,"Male"
"6018403",371836,2025-11-26 12:51:22,33.4947776794434,-7.53564405441284,"Male"
"6018403",371836,2025-11-26 13:21:30,33.4945526123047,-7.53519630432129,"Male"
"6018403",371836,2025-11-26 13:51:09,33.4950218200684,-7.53510093688965,"Male"
"6018403",371836,2025-11-26 14:21:05,33.4813194274902,-7.54306173324585,"Male"
"6018403",371836,2025-11-26 14:52:05,33.478702545166,-7.54051876068115,"Male"
"6018403",371836,2025-11-26 15:21:04,33.4879570007324,-7.55525779724121,"Male"
"6018403",371836,2025-11-26 15:51:06,33.5544738769531,-7.67194366455078,"Male"
"6018403",371836,2025-11-26 16:21:09,33.5934295654297,-7.6292200088501,"Male"
"6018403",371836,2025-11-26 16:31:10,33.5984115600586,-7.62794399261475,"Male"
"6018403",371836,2025-11-26 16:41:08,33.598388671875,-7.6279034614563,"Male"
"6018403",371836,2025-11-26 16:51:06,33.5987205505371,-7.62825632095337,"Male"
"6018403",371836,2025-11-26 17:01:08,33.5983467102051,-7.62786245346069,"Male"
"6018403",371836,2025-11-26 17:11:10,33.5979461669922,-7.61217498779297,"Male"
"6018403",371836,2025-11-26 17:21:07,33.6013298034668,-7.60588455200195,"Male"
"6018403",371836,2025-11-26 17:31:08,33.6017227172852,-7.60645151138306,"Male"
"6018403",371836,2025-11-26 17:41:13,33.6017646789551,-7.60647916793823,"Male"
"6018403",371836,2025-11-26 17:51:07,33.6016654968262,-7.60648727416992,"Male"
"6018403",371836,2025-11-26 18:01:35,33.6017074584961,-7.60633945465088,"Male"
"6018403",371836,2025-11-26 18:11:06,33.6017303466797,-7.60634517669678,"Male"
"6018403",371836,2025-11-26 18:21:10,33.6018371582031,-7.60610628128052,"Male"
"6018403",371836,2025-11-26 18:31:05,33.6019439697266,-7.60630655288696,"Male"
"6018403",371836,2025-11-26 18:41:06,33.6018867492676,-7.60613775253296,"Male"
"6018403",371836,2025-11-26 18:51:05,33.6020050048828,-7.60624027252197,"Male"
"6018403",371836,2025-11-26 19:01:09,33.6014175415039,-7.60530185699463,"Male"
"6018403",371836,2025-11-26 19:11:06,33.6020584106445,-7.60579538345337,"Male"
"6018403",371836,2025-11-26 19:21:05,33.6018486022949,-7.60577058792114,"Male"
"6018403",371836,2025-11-26 19:31:07,33.6018486022949,-7.60561752319336,"Male"
"6018403",371836,2025-11-26 19:41:07,33.6019821166992,-7.6057071685791,"Male"
"6018403",371836,2025-11-26 19:51:20,33.6013526916504,-7.60528612136841,"Male"
"6018403",371836,2025-11-26 20:01:35,33.601806640625,-7.60546875,"Male"
"6018403",371836,2025-11-26 20:11:07,33.6017951965332,-7.60547971725464,"Male"
"6018403",371836,2025-11-26 20:21:04,33.6019325256348,-7.60531330108643,"Male"
"6018403",371836,2025-11-26 20:31:04,33.6018142700195,-7.60537719726562,"Male"
"6018403",371836,2025-11-26 20:41:05,33.6018295288086,-7.60535764694214,"Male"
"6018403",371836,2025-11-26 20:51:06,33.601749420166,-7.60508918762207,"Male"
"6018403",371836,2025-11-26 21:01:07,33.6017913818359,-7.6051778793335,"Male"
"6018403",371836,2025-11-26 21:11:05,33.601448059082,-7.60486745834351,"Male"
"6018403",371836,2025-11-26 21:21:10,33.6010093688965,-7.60353374481201,"Male"
"6018403",371836,2025-11-26 21:31:13,33.6009941101074,-7.60356712341309,"Male"
"6018403",371836,2025-11-26 21:41:13,33.6009864807129,-7.6037859916687,"Male"
"6018403",371836,2025-11-26 21:51:06,33.6011619567871,-7.603844165802,"Male"
"6018403",371836,2025-11-26 22:01:06,33.6012344360352,-7.60385799407959,"Male"
"6018403",371836,2025-11-26 22:11:10,33.6009826660156,-7.60344076156616,"Male"
"6018403",371836,2025-11-26 22:21:05,33.6011047363281,-7.60356044769287,"Male"
"6018403",371836,2025-11-26 22:31:35,33.6010322570801,-7.60355186462402,"Male"
"6018403",371836,2025-11-26 22:41:05,33.6010055541992,-7.60346078872681,"Male"
"6018403",371836,2025-11-26 22:51:15,33.6009674072266,-7.60280179977417,"Male"
"6018403",371836,2025-11-26 23:01:08,33.6010551452637,-7.60368824005127,"Male"
"6018403",371836,2025-11-26 23:11:11,33.6010932922363,-7.60380220413208,"Male"
"6018403",371836,2025-11-26 23:21:10,33.600944519043,-7.60355949401855,"Male"
"6018403",371836,2025-11-26 23:31:35,33.6010322570801,-7.60366678237915,"Male"
"6018403",371836,2025-11-26 23:41:06,33.6010818481445,-7.60368013381958,"Male"
"6018403",371836,2025-11-26 23:51:05,33.6011848449707,-7.60357475280762,"Male"
"6018403",371836,2025-11-27 00:01:07,33.6009788513184,-7.60371351242065,"Male"
"6018403",371836,2025-11-27 00:11:07,33.6010322570801,-7.60373973846435,"Male"
"6018403",371836,2025-11-27 00:21:11,33.6009864807129,-7.60361480712891,"Male"
"6018403",371836,2025-11-27 00:31:12,33.6009979248047,-7.60350799560547,"Male"
"6018403",371836,2025-11-27 00:41:13,33.6010398864746,-7.60355472564697,"Male"
"6018403",371836,2025-11-27 00:51:26,33.6010475158691,-7.60361766815185,"Male"
"6018403",371836,2025-11-27 01:01:31,33.6056900024414,-7.60328674316406,"Male"
"6018403",371836,2025-11-27 01:11:14,33.6018447875977,-7.6064887046814,"Male"
"6018403",371836,2025-11-27 01:21:16,33.6019096374512,-7.60655879974365,"Male"
"6018403",371836,2025-11-27 01:31:07,33.601921081543,-7.6065616607666,"Male"
"6018403",371836,2025-11-27 01:41:14,33.6020622253418,-7.60647392272949,"Male"
"6018403",371836,2025-11-27 01:51:14,33.6020050048828,-7.60653924942017,"Male"
"6018403",371836,2025-11-27 02:01:35,33.6019554138184,-7.60644292831421,"Male"
"6018403",371836,2025-11-27 02:11:06,33.6020927429199,-7.60635185241699,"Male"
"6018403",371836,2025-11-27 02:21:10,33.6019134521484,-7.60644960403442,"Male"
"6018403",371836,2025-11-27 02:31:11,33.6017150878906,-7.60648012161255,"Male"
"6018403",371836,2025-11-27 02:41:06,33.6017112731934,-7.6064305305481,"Male"
"6018403",371836,2025-11-27 02:51:12,33.6018943786621,-7.60646152496338,"Male"
"6018403",371836,2025-11-27 03:01:14,33.6022415161133,-7.60566234588623,"Male"
"6018403",371836,2025-11-27 03:11:12,33.6019058227539,-7.60572004318237,"Male"
"6018403",371836,2025-11-27 03:21:30,33.6017608642578,-7.60553693771362,"Male"
"6018403",371836,2025-11-27 03:31:15,33.6019973754883,-7.60584735870361,"Male"
"6018403",371836,2025-11-27 03:41:06,33.6020431518555,-7.60584926605225,"Male"
"6018403",371836,2025-11-27 03:51:14,33.6020927429199,-7.60540103912354,"Male"
"6018403",371836,2025-11-27 04:02:05,33.6018295288086,-7.60579967498779,"Male"
"6018403",371836,2025-11-27 04:11:07,33.6018676757812,-7.60580158233643,"Male"
"6018403",371836,2025-11-27 04:21:07,33.6017913818359,-7.60574197769165,"Male"
"6018403",371836,2025-11-27 04:31:10,33.6018562316895,-7.60569620132446,"Male"
"6018403",371836,2025-11-27 04:41:08,33.6019172668457,-7.60603094100952,"Male"
"6018403",371836,2025-11-27 04:51:09,33.6017456054688,-7.60569715499878,"Male"
"6018403",371836,2025-11-27 05:01:06,33.6018714904785,-7.60581970214844,"Male"
"6018403",371836,2025-11-27 05:11:06,33.6019821166992,-7.60611963272095,"Male"
"6018403",371836,2025-11-27 05:21:04,33.6018371582031,-7.6058464050293,"Male"
"6018403",371836,2025-11-27 05:31:04,33.6018981933594,-7.60591745376587,"Male"
"6018403",371836,2025-11-27 05:41:06,33.6018676757812,-7.60581684112549,"Male"
"6018403",371836,2025-11-27 05:51:04,33.6018486022949,-7.60571050643921,"Male"
"6018403",371836,2025-11-27 06:01:05,33.6016044616699,-7.60547161102295,"Male"
"6018403",371836,2025-11-27 06:11:09,33.6018104553223,-7.60579776763916,"Male"
"6018403",371836,2025-11-27 06:21:08,33.6019439697266,-7.60598564147949,"Male"
"6018403",371836,2025-11-27 06:31:10,33.6018562316895,-7.60588550567627,"Male"
"6018403",371836,2025-11-27 06:41:06,33.6018257141113,-7.60582780838013,"Male"
"6018403",371836,2025-11-27 06:51:10,33.6019554138184,-7.60608530044556,"Male"
"6018403",371836,2025-11-27 07:01:09,33.6019248962402,-7.60605382919312,"Male"
"6018403",371836,2025-11-27 07:11:16,33.6020088195801,-7.60652351379395,"Male"
"6018403",371836,2025-11-27 07:21:31,33.5969314575195,-7.6336259841919,"Male"
"6018403",371836,2025-11-27 07:31:08,33.5977821350098,-7.63818502426147,"Male"
"6018403",371836,2025-11-27 07:41:12,33.5978393554688,-7.63816165924072,"Male"
"6018403",371836,2025-11-27 07:51:14,33.5977668762207,-7.63818407058716,"Male"
"6018403",371836,2025-11-27 08:01:13,33.5978050231934,-7.63828802108765,"Male"
"6018403",371836,2025-11-27 08:11:09,33.5977630615234,-7.63824033737183,"Male"
"6018403",371836,2025-11-27 08:21:09,33.597770690918,-7.63819885253906,"Male"
"6018403",371836,2025-11-27 08:31:27,33.5971221923828,-7.63827848434448,"Male"
"6018403",371836,2025-11-27 08:41:44,33.5977020263672,-7.63824462890625,"Male"
"6018403",371836,2025-11-27 08:51:08,33.597713470459,-7.63822031021118,"Male"
"6018403",371836,2025-11-27 09:01:06,33.5976600646973,-7.63826847076416,"Male"
"6018403",371836,2025-11-27 09:11:07,33.597728729248,-7.63815402984619,"Male"
"6018403",371836,2025-11-27 09:21:12,33.5978088378906,-7.63834476470947,"Male"
"6018403",371836,2025-11-27 09:31:11,33.5977478027344,-7.63812732696533,"Male"
"6018403",371836,2025-11-27 10:02:05,33.5978393554688,-7.63821935653687,"Male"
"6018403",371836,2025-11-27 10:31:35,33.5975570678711,-7.63739109039307,"Male"
"6018403",371836,2025-11-27 11:01:08,33.599063873291,-7.6369776725769,"Male"
"6018403",371836,2025-11-27 11:31:14,33.6002807617188,-7.63331937789917,"Male"
"6018403",371836,2025-11-27 12:01:10,33.6002960205078,-7.63338088989258,"Male"
"6018403",371836,2025-11-27 12:31:18,33.6004447937012,-7.63335371017456,"Male"
"6018403",371836,2025-11-27 13:01:35,33.6004676818848,-7.63336849212646,"Male"
"6018403",371836,2025-11-27 13:31:05,33.5707244873047,-7.6747932434082,"Male"
"6018403",371836,2025-11-27 14:01:13,33.5654945373535,-7.72750520706177,"Male"
"6018403",371836,2025-11-27 14:31:35,33.5653114318848,-7.72749090194702,"Male"
"6018403",371836,2025-11-27 15:01:27,33.5633277893066,-7.73306322097778,"Male"
"6018403",371836,2025-11-27 15:31:35,33.5035247802734,-7.85688591003418,"Male"
"6018403",371836,2025-11-27 16:01:35,33.4951171875,-7.8928165435791,"Male"
"6018403",371836,2025-11-27 16:31:35,33.4954643249512,-7.89174461364746,"Male"
"6018403",371836,2025-11-27 17:01:07,33.4967002868652,-7.89318561553955,"Male"
"6018403",371836,2025-11-27 17:31:13,33.4971656799316,-7.89317893981934,"Male"
"6018403",371836,2025-11-27 18:01:33,33.5589027404785,-7.97598886489868,"Male"
"6018403",371836,2025-11-27 18:31:05,33.5560722351074,-7.98584938049316,"Male"
"6018403",371836,2025-11-27 19:02:11,33.5636138916016,-7.94096946716309,"Male"
"6018403",371836,2025-11-27 19:31:11,33.5824356079102,-7.86185121536255,"Male"
"6018403",371836,2025-11-27 20:02:06,33.5994110107422,-7.74216842651367,"Male"
"6018403",371836,2025-11-27 20:31:13,33.5966644287109,-7.62625694274902,"Male"
"6018403",371836,2025-11-27 21:01:53,33.6017112731934,-7.60545349121094,"Male"
"6018403",371836,2025-11-27 21:31:13,33.6018714904785,-7.60541963577271,"Male"
"6018403",371836,2025-11-27 22:02:28,33.6007461547852,-7.60369873046875,"Male"
"6018403",371836,2025-11-27 22:31:10,33.6008529663086,-7.60335540771484,"Male"
"6018403",371836,2025-11-27 23:01:05,33.6007461547852,-7.6037917137146,"Male"
"6018403",371836,2025-11-27 23:31:35,33.6008148193359,-7.6037015914917,"Male"
"6018403",371836,2025-11-28 00:01:04,33.6008644104004,-7.60380792617798,"Male"
"6018403",371836,2025-11-28 00:31:08,33.6007881164551,-7.60374641418457,"Male"
"6018403",371836,2025-11-28 01:01:07,33.601016998291,-7.60409164428711,"Male"
"6018403",371836,2025-11-28 01:31:35,33.6007995605469,-7.60374069213867,"Male"
"6018403",371836,2025-11-28 02:01:09,33.6008071899414,-7.60364866256714,"Male"
"6018403",371836,2025-11-28 02:31:08,33.6007385253906,-7.6036810874939,"Male"
"6018403",371836,2025-11-28 03:01:05,33.600902557373,-7.60340785980225,"Male"
"6018403",371836,2025-11-28 03:31:07,33.6007881164551,-7.60341119766235,"Male"
"6018403",371836,2025-11-28 04:01:05,33.600772857666,-7.60361576080322,"Male"
"6018403",371836,2025-11-28 04:31:05,33.6052742004395,-7.60641670227051,"Male"
"6018403",371836,2025-11-28 05:01:06,33.601749420166,-7.60602760314941,"Male"
"6018403",371836,2025-11-28 05:31:05,33.6019287109375,-7.60626363754272,"Male"
"6018403",371836,2025-11-28 06:01:09,33.6019287109375,-7.60583305358887,"Male"
"6018403",371836,2025-11-28 06:31:35,33.601936340332,-7.60612392425537,"Male"
"6018403",371836,2025-11-28 07:01:05,33.6002159118652,-7.60651254653931,"Male"
"6018403",371836,2025-11-28 07:31:06,33.6000671386719,-7.60647916793823,"Male"
"6018403",371836,2025-11-28 08:01:06,33.6000633239746,-7.60630989074707,"Male"
"6018403",371836,2025-11-28 08:31:07,33.6000900268555,-7.60647869110107,"Male"
"6018403",371836,2025-11-28 09:01:06,33.5902481079102,-7.60219621658325,"Male"
"6018403",371836,2025-11-28 09:31:06,33.5901489257812,-7.60197973251343,"Male"
"6018403",371836,2025-11-28 10:01:05,33.5903701782227,-7.60206508636475,"Male"
"6018403",371836,2025-11-28 10:31:07,33.554801940918,-7.58830833435059,"Male"
"6018403",371836,2025-11-28 11:01:05,33.5549621582031,-7.58818006515503,"Male"
"6018403",371836,2025-11-28 11:31:12,33.5549049377441,-7.58834218978882,"Male"
"6018403",371836,2025-11-28 12:01:07,33.4792518615723,-7.54190254211426,"Male"
"6018403",371836,2025-11-28 12:31:05,33.4822845458984,-7.54327964782715,"Male"
"6018403",371836,2025-11-28 13:01:10,33.4797706604004,-7.54237461090088,"Male"
"6018403",371836,2025-11-28 13:31:07,33.4792900085449,-7.54191732406616,"Male"
"6018403",371836,2025-11-28 14:01:11,33.4800300598145,-7.54154777526855,"Male"
"6018403",371836,2025-11-28 14:31:10,33.4799919128418,-7.54135847091675,"Male"
"6018403",371836,2025-11-28 15:01:35,33.4798545837402,-7.5413646697998,"Male"
"6018403",371836,2025-11-28 15:31:07,33.4781684875488,-7.47551727294922,"Male"
"6018403",371836,2025-11-28 15:41:06,33.4819755554199,-7.4195613861084,"Male"
"6018403",371836,2025-11-28 15:51:04,33.4960174560547,-7.33728456497192,"Male"
"6018403",371836,2025-11-28 16:01:04,33.4989395141602,-7.33074283599854,"Male"
"6018403",371836,2025-11-28 16:11:05,33.5125465393066,-7.35322761535645,"Male"
"6018403",371836,2025-11-28 16:21:07,33.5395736694336,-7.40449333190918,"Male"
"6018403",371836,2025-11-28 16:31:05,33.5531768798828,-7.45515155792236,"Male"
"6018403",371836,2025-11-28 16:41:05,33.5833435058594,-7.49502897262573,"Male"
"6018403",371836,2025-11-28 16:51:05,33.5957221984863,-7.49617338180542,"Male"
"6018403",371836,2025-11-28 17:01:06,33.5959892272949,-7.49602842330933,"Male"
"6018403",371836,2025-11-28 17:11:06,33.5989952087402,-7.51626873016357,"Male"
"6018403",371836,2025-11-28 17:21:05,33.6003112792969,-7.5420560836792,"Male"
"6018403",371836,2025-11-28 17:31:06,33.602855682373,-7.60034942626953,"Male"
"6018403",371836,2025-11-28 17:41:06,33.6012115478516,-7.60742044448853,"Male"
"6018403",371836,2025-11-28 17:51:06,33.6011924743652,-7.60757255554199,"Male"
"6018403",371836,2025-11-28 18:01:06,33.601188659668,-7.60762977600098,"Male"
"6018403",371836,2025-11-28 18:11:06,33.6011123657227,-7.60722351074219,"Male"
"6018403",371836,2025-11-28 18:21:05,33.6012802124023,-7.60780715942383,"Male"
"6018403",371836,2025-11-28 18:31:06,33.6015205383301,-7.60747623443604,"Male"
"6018403",371836,2025-11-28 18:41:06,33.6019248962402,-7.60639190673828,"Male"
"6018403",371836,2025-11-28 18:51:05,33.601993560791,-7.60646295547485,"Male"
"6018403",371836,2025-11-28 19:01:06,33.6016616821289,-7.60560321807861,"Male"
"6018403",371836,2025-11-28 19:11:07,33.601734161377,-7.60557222366333,"Male"
"6018403",371836,2025-11-28 19:21:07,33.6017036437988,-7.60551309585571,"Male"
"6018403",371836,2025-11-28 19:31:05,33.6018218994141,-7.60549449920654,"Male"
"6018403",371836,2025-11-28 19:41:07,33.6018562316895,-7.60554933547974,"Male"
"6018403",371836,2025-11-28 19:51:07,33.6018371582031,-7.60541915893555,"Male"
"6018403",371836,2025-11-28 20:01:06,33.6018981933594,-7.60535526275635,"Male"
"6018403",371836,2025-11-28 20:11:06,33.6018867492676,-7.60530185699463,"Male"
"6018403",371836,2025-11-28 20:21:06,33.601921081543,-7.60523271560669,"Male"
"6018403",371836,2025-11-28 20:31:06,33.6019287109375,-7.60527038574219,"Male"
"6018403",371836,2025-11-28 20:41:06,33.6018486022949,-7.60543632507324,"Male"
"6018403",371836,2025-11-28 20:51:06,33.6018371582031,-7.6053638458252,"Male"
"6018403",371836,2025-11-28 21:01:07,33.6019248962402,-7.60594272613525,"Male"
"6018403",371836,2025-11-28 21:11:07,33.6020278930664,-7.60584402084351,"Male"
"6018403",371836,2025-11-28 21:21:07,33.6019020080566,-7.60607194900513,"Male"
"6018403",371836,2025-11-28 21:31:07,33.6021423339844,-7.60582733154297,"Male"
"6018403",371836,2025-11-28 21:41:06,33.6021690368652,-7.60584449768066,"Male"
"6018403",371836,2025-11-28 21:51:07,33.6020240783691,-7.60556507110596,"Male"
"6018403",371836,2025-11-28 22:01:07,33.6020812988281,-7.60534763336182,"Male"
"6018403",371836,2025-11-28 22:11:07,33.6020469665527,-7.60557746887207,"Male"
"6018403",371836,2025-11-28 22:21:07,33.6019859313965,-7.60536003112793,"Male"
"6018403",371836,2025-11-28 22:31:07,33.6021270751953,-7.60536479949951,"Male"
"6018403",371836,2025-11-28 22:41:07,33.6020812988281,-7.6053614616394,"Male"
"6018403",371836,2025-11-28 22:51:07,33.6019859313965,-7.60535335540771,"Male"
"6018403",371836,2025-11-28 23:01:07,33.6019172668457,-7.60543489456177,"Male"
"6018403",371836,2025-11-28 23:11:06,33.6018714904785,-7.60533905029297,"Male"
"6018403",371836,2025-11-28 23:21:07,33.6018295288086,-7.60527324676514,"Male"
"6018403",371836,2025-11-28 23:31:07,33.6017837524414,-7.60522651672363,"Male"
"6018403",371836,2025-11-28 23:41:06,33.6018028259277,-7.60527849197388,"Male"
"6018403",371836,2025-11-28 23:51:07,33.6018104553223,-7.6053295135498,"Male"
"6018403",371836,2025-11-29 00:01:06,33.6020126342773,-7.60502576828003,"Male"
"6018403",371836,2025-11-29 00:11:06,33.601936340332,-7.60516786575317,"Male"
"6018403",371836,2025-11-29 00:21:06,33.6020240783691,-7.60478734970093,"Male"
"6018403",371836,2025-11-29 00:31:07,33.6018981933594,-7.60530424118042,"Male"
"6018403",371836,2025-11-29 00:41:06,33.6017799377441,-7.60507822036743,"Male"
"6018403",371836,2025-11-29 00:51:06,33.6020355224609,-7.60537052154541,"Male"
"6018403",371836,2025-11-29 01:01:06,33.6019554138184,-7.60545063018799,"Male"
"6018403",371836,2025-11-29 01:11:12,33.6020126342773,-7.60558032989502,"Male"
"6018403",371836,2025-11-29 01:21:07,33.6020050048828,-7.60552787780762,"Male"
"6018403",371836,2025-11-29 01:31:07,33.6021385192871,-7.60517406463623,"Male"
"6018403",371836,2025-11-29 01:41:06,33.6020889282227,-7.60561466217041,"Male"
"6018403",371836,2025-11-29 01:51:07,33.6020545959473,-7.60540294647217,"Male"
"6018403",371836,2025-11-29 02:01:08,33.6021499633789,-7.60547494888306,"Male"
"6018403",371836,2025-11-29 02:11:08,33.6022071838379,-7.60549211502075,"Male"
"6018403",371836,2025-11-29 02:21:06,33.6021728515625,-7.60529041290283,"Male"
"6018403",371836,2025-11-29 02:31:06,33.602222442627,-7.60540056228638,"Male"
"6018403",371836,2025-11-29 02:41:06,33.601734161377,-7.60545539855957,"Male"
"6018403",371836,2025-11-29 02:51:06,33.6018295288086,-7.60534763336182,"Male"
"6018403",371836,2025-11-29 03:01:08,33.6017417907715,-7.60529804229736,"Male"
"6018403",371836,2025-11-29 03:11:06,33.6012191772461,-7.60533857345581,"Male"
"6018403",371836,2025-11-29 03:21:07,33.6013679504395,-7.60529088973999,"Male"
"6018403",371836,2025-11-29 03:31:07,33.6014633178711,-7.6052131652832,"Male"
"6018403",371836,2025-11-29 03:41:06,33.6014404296875,-7.6050820350647,"Male"
"6018403",371836,2025-11-29 03:51:08,33.6014251708984,-7.60502624511719,"Male"
"6018403",371836,2025-11-29 04:01:14,33.6013870239258,-7.60492944717407,"Male"
"6018403",371836,2025-11-29 04:11:35,33.6013717651367,-7.60497999191284,"Male"
"6018403",371836,2025-11-29 04:21:07,33.601734161377,-7.60538816452026,"Male"
"6018403",371836,2025-11-29 04:31:06,33.6018524169922,-7.60544013977051,"Male"
"6018403",371836,2025-11-29 04:41:05,33.6017799377441,-7.60539674758911,"Male"
"6018403",371836,2025-11-29 04:51:06,33.6018142700195,-7.60551071166992,"Male"
"6018403",371836,2025-11-29 05:01:06,33.6018218994141,-7.60540628433228,"Male"
"6018403",371836,2025-11-29 05:11:07,33.6017417907715,-7.60536098480225,"Male"
"6018403",371836,2025-11-29 05:21:06,33.6018447875977,-7.60549879074097,"Male"
"6018403",371836,2025-11-29 05:31:05,33.6017799377441,-7.60536623001099,"Male"
"6018403",371836,2025-11-29 05:41:06,33.6017875671387,-7.60540676116943,"Male"
"6018403",371836,2025-11-29 05:51:08,33.6020431518555,-7.60514640808105,"Male"
"6018403",371836,2025-11-29 06:01:07,33.6019325256348,-7.6055269241333,"Male"
"6018403",371836,2025-11-29 06:11:09,33.6018714904785,-7.60525989532471,"Male"
"6018403",371836,2025-11-29 06:21:06,33.6020660400391,-7.60551071166992,"Male"
"6018403",371836,2025-11-29 06:31:08,33.601879119873,-7.6054515838623,"Male"
"6018403",371836,2025-11-29 06:41:10,33.601921081543,-7.6053524017334,"Male"
"6018403",371836,2025-11-29 06:51:06,33.6017456054688,-7.60534191131592,"Male"
"6018403",371836,2025-11-29 07:01:10,33.6018409729004,-7.60527276992798,"Male"
"6018403",371836,2025-11-29 07:11:05,33.5998916625977,-7.60622358322144,"Male"
"6018403",371836,2025-11-29 07:21:06,33.5999336242676,-7.60621881484985,"Male"
"6018403",371836,2025-11-29 07:31:06,33.5998878479004,-7.60613250732422,"Male"
"6018403",371836,2025-11-29 07:41:06,33.5999565124512,-7.6062479019165,"Male"
"6018403",371836,2025-11-29 07:51:05,33.5995559692383,-7.60591697692871,"Male"
"6018403",371836,2025-11-29 08:01:06,33.5996971130371,-7.60613012313843,"Male"
"6018403",371836,2025-11-29 08:11:06,33.5995864868164,-7.60592603683472,"Male"
"6018403",371836,2025-11-29 08:21:06,33.599781036377,-7.60618114471435,"Male"
"6018403",371836,2025-11-29 08:31:08,33.5997581481934,-7.6059136390686,"Male"
"6018403",371836,2025-11-29 08:41:06,33.5997581481934,-7.60589694976807,"Male"
"6018403",371836,2025-11-29 08:51:07,33.5785064697266,-7.59945869445801,"Male"
"6018403",371836,2025-11-29 09:01:05,33.5648880004883,-7.60424757003784,"Male"
"6018403",371836,2025-11-29 09:11:05,33.5508346557617,-7.60018396377563,"Male"
"6018403",371836,2025-11-29 09:21:06,33.5509033203125,-7.60010623931885,"Male"
"6018403",371836,2025-11-29 09:31:05,33.5509300231934,-7.60011386871338,"Male"
"6018403",371836,2025-11-29 09:41:10,33.5508651733398,-7.59999942779541,"Male"
"6018403",371836,2025-11-29 09:51:08,33.5446510314941,-7.59081268310547,"Male"
"6018403",371836,2025-11-29 10:01:31,33.5443916320801,-7.59118747711182,"Male"
"6018403",371836,2025-11-29 10:11:06,33.5444488525391,-7.59133434295654,"Male"
"6018403",371836,2025-11-29 10:21:05,33.5446357727051,-7.59138107299805,"Male"
"6018403",371836,2025-11-29 10:31:05,33.5445976257324,-7.5913405418396,"Male"
"6018403",371836,2025-11-29 10:41:06,33.5445442199707,-7.59133768081665,"Male"
"6018403",371836,2025-11-29 10:51:06,33.5445289611816,-7.59135007858276,"Male"
"6018403",371836,2025-11-29 11:01:05,33.5445976257324,-7.59131717681885,"Male"
"6018403",371836,2025-11-29 11:11:05,33.5446968078613,-7.591233253479,"Male"
"6018403",371836,2025-11-29 11:21:05,33.544677734375,-7.5912561416626,"Male"
"6018403",371836,2025-11-29 11:31:05,33.5439262390137,-7.58935928344727,"Male"
"6018403",371836,2025-11-29 11:41:05,33.5287780761719,-7.58269453048706,"Male"
"6018403",371836,2025-11-29 11:51:05,33.4862365722656,-7.54110240936279,"Male"
"6018403",371836,2025-11-29 12:01:05,33.4793853759766,-7.5408730506897,"Male"
"6018403",371836,2025-11-29 12:11:08,33.4794273376465,-7.54123783111572,"Male"
"6018403",371836,2025-11-29 12:21:05,33.4797859191895,-7.54054641723633,"Male"
"6018403",371836,2025-11-29 12:31:05,33.4798469543457,-7.54062747955322,"Male"
"6018403",371836,2025-11-29 12:41:08,33.4799346923828,-7.54042339324951,"Male"
"6018403",371836,2025-11-29 12:51:08,33.4798545837402,-7.54051780700684,"Male"
"6018403",371836,2025-11-29 13:01:10,33.4798431396484,-7.54051780700684,"Male"
"6018403",371836,2025-11-29 13:11:10,33.4793090820312,-7.54160070419312,"Male"
"6018403",371836,2025-11-29 13:21:06,33.479808807373,-7.54097366333008,"Male"
"6018403",371836,2025-11-29 13:31:10,33.4801902770996,-7.54119968414307,"Male"
"6018403",371836,2025-11-29 13:41:13,33.4802017211914,-7.54124689102173,"Male"
"6018403",371836,2025-11-29 13:51:09,33.4801864624023,-7.54124641418457,"Male"
"6018403",371836,2025-11-29 14:01:12,33.4805030822754,-7.54121255874634,"Male"
"6018403",371836,2025-11-29 14:11:09,33.4805221557617,-7.54140472412109,"Male"
"6018403",371836,2025-11-29 14:21:16,33.4803886413574,-7.54129695892334,"Male"
"6018403",371836,2025-11-29 14:31:11,33.4802856445312,-7.54142904281616,"Male"
"6018403",371836,2025-11-29 14:41:13,33.4803924560547,-7.5413408279419,"Male"
"6018403",371836,2025-11-29 14:51:14,33.4798622131348,-7.54177951812744,"Male"
"6018403",371836,2025-11-29 15:01:11,33.4798469543457,-7.54178619384766,"Male"
"6018403",371836,2025-11-29 15:11:13,33.4798851013184,-7.54176425933838,"Male"
"6018403",371836,2025-11-29 15:21:12,33.4795455932617,-7.54202556610107,"Male"
"6018403",371836,2025-11-29 15:31:11,33.4796600341797,-7.54183149337769,"Male"
"6018403",371836,2025-11-29 15:41:19,33.4796524047852,-7.54190635681152,"Male"
"6018403",371836,2025-11-29 15:51:12,33.4795455932617,-7.54203462600708,"Male"
"6018403",371836,2025-11-29 16:01:10,33.4794731140137,-7.5418438911438,"Male"
"6018403",371836,2025-11-29 16:11:22,33.4790954589844,-7.54198551177979,"Male"
"6018403",371836,2025-11-29 16:21:10,33.4828338623047,-7.5573320388794,"Male"
"6018403",371836,2025-11-29 16:31:10,33.495906829834,-7.60798358917236,"Male"
"6018403",371836,2025-11-29 16:41:09,33.5288848876953,-7.62667083740234,"Male"
"6018403",371836,2025-11-29 16:51:32,33.5578079223633,-7.6252760887146,"Male"
"6018403",371836,2025-11-29 17:01:11,33.5656661987305,-7.62964916229248,"Male"
"6018403",371836,2025-11-29 17:11:10,33.5666961669922,-7.62977647781372,"Male"
"6018403",371836,2025-11-29 17:21:12,33.5661926269531,-7.62948131561279,"Male"
"6018403",371836,2025-11-29 17:31:05,33.5665283203125,-7.62981653213501,"Male"
"6018403",371836,2025-11-29 17:41:06,33.5663948059082,-7.62970876693726,"Male"
"6018403",371836,2025-11-29 17:51:06,33.5663795471191,-7.62979698181152,"Male"
"6018403",371836,2025-11-29 18:01:07,33.5661888122559,-7.62955713272095,"Male"
"6018403",371836,2025-11-29 18:11:06,33.575756072998,-7.62495040893555,"Male"
"6018403",371836,2025-11-29 18:21:35,33.601806640625,-7.60605382919312,"Male"
"6018403",371836,2025-11-29 18:31:05,33.6020431518555,-7.60647678375244,"Male"
"6018403",371836,2025-11-29 18:41:07,33.6019477844238,-7.60623598098755,"Male"
"6018403",371836,2025-11-29 18:51:12,33.6018218994141,-7.6061954498291,"Male"
"6018403",371836,2025-11-29 19:01:08,33.6018333435059,-7.60637807846069,"Male"
"6018403",371836,2025-11-29 19:11:09,33.6017417907715,-7.60655641555786,"Male"
"6018403",371836,2025-11-29 19:21:10,33.6017646789551,-7.6064510345459,"Male"
"6018403",371836,2025-11-29 19:31:09,33.6017799377441,-7.60638904571533,"Male"
"6018403",371836,2025-11-29 19:41:31,33.6018905639648,-7.60626268386841,"Male"
"6018403",371836,2025-11-29 19:51:07,33.601879119873,-7.60616779327393,"Male"
"6018403",371836,2025-11-29 20:01:07,33.6013832092285,-7.60597562789917,"Male"
"6018403",371836,2025-11-29 20:11:07,33.6019058227539,-7.6063175201416,"Male"
"6018403",371836,2025-11-29 20:21:05,33.6018943786621,-7.60633850097656,"Male"
"6018403",371836,2025-11-29 20:31:08,33.6018714904785,-7.60607814788818,"Male"
"6018403",371836,2025-11-29 20:41:09,33.601921081543,-7.60638046264648,"Male"
"6018403",371836,2025-11-29 20:51:07,33.601863861084,-7.60596513748169,"Male"
"6018403",371836,2025-11-29 21:01:05,33.6012306213379,-7.60599708557129,"Male"
"6018403",371836,2025-11-29 21:11:07,33.6008796691895,-7.60578870773315,"Male"
"6018403",371836,2025-11-29 21:21:05,33.6010208129883,-7.60597562789917,"Male"
"6018403",371836,2025-11-29 21:31:08,33.6009674072266,-7.60589647293091,"Male"
"6018403",371836,2025-11-29 21:41:12,33.6010398864746,-7.60559844970703,"Male"
"6018403",371836,2025-11-29 21:51:09,33.6008605957031,-7.60556650161743,"Male"
"6018403",371836,2025-11-29 22:01:10,33.601001739502,-7.60585021972656,"Male"
"6018403",371836,2025-11-29 22:11:06,33.6008911132812,-7.60542964935303,"Male"
"6018403",371836,2025-11-29 22:21:06,33.6009330749512,-7.60580492019653,"Male"
"6018403",371836,2025-11-29 22:31:11,33.6008911132812,-7.60557794570923,"Male"
"6018403",371836,2025-11-29 22:41:10,33.6008758544922,-7.60552835464478,"Male"
"6018403",371836,2025-11-29 22:51:13,33.6008644104004,-7.60545444488525,"Male"
"6018403",371836,2025-11-29 23:01:13,33.6009330749512,-7.60555505752563,"Male"
"6018403",371836,2025-11-29 23:11:15,33.6007385253906,-7.60530185699463,"Male"
"6018403",371836,2025-11-29 23:21:29,33.6008224487305,-7.60532331466675,"Male"
"6018403",371836,2025-11-29 23:31:34,33.6009864807129,-7.60564041137695,"Male"
"6018403",371836,2025-11-29 23:41:05,33.6009292602539,-7.60566997528076,"Male"
"6018403",371836,2025-11-29 23:51:06,33.6008987426758,-7.60565900802612,"Male"
"6018403",371836,2025-11-30 00:01:06,33.6009292602539,-7.60568141937256,"Male"
"6018403",371836,2025-11-30 00:11:07,33.6009368896484,-7.60567235946655,"Male"
"6018403",371836,2025-11-30 00:21:05,33.6009178161621,-7.60571479797363,"Male"
"6018403",371836,2025-11-30 00:31:05,33.6009254455566,-7.60557985305786,"Male"
"6018403",371836,2025-11-30 00:41:05,33.6008148193359,-7.60556840896606,"Male"
"6018403",371836,2025-11-30 00:51:07,33.6009559631348,-7.60579919815063,"Male"
"6018403",371836,2025-11-30 01:01:06,33.6009674072266,-7.60566091537476,"Male"
"6018403",371836,2025-11-30 01:11:06,33.6010437011719,-7.60567808151245,"Male"
"6018403",371836,2025-11-30 01:21:05,33.601131439209,-7.6055736541748,"Male"
"6018403",371836,2025-11-30 01:31:06,33.6010627746582,-7.60571098327637,"Male"
"6018403",371836,2025-11-30 01:41:07,33.6016464233398,-7.60525894165039,"Male"
"6018403",371836,2025-11-30 01:51:06,33.6015014648438,-7.60549926757812,"Male"
"6018403",371836,2025-11-30 02:01:05,33.6009979248047,-7.60571765899658,"Male"
"6018403",371836,2025-11-30 02:11:07,33.6011276245117,-7.60552501678467,"Male"
"6018403",371836,2025-11-30 02:21:09,33.6011734008789,-7.60548257827759,"Male"
"6018403",371836,2025-11-30 02:31:09,33.6011619567871,-7.60546255111694,"Male"
"6018403",371836,2025-11-30 02:41:06,33.6011695861816,-7.60564136505127,"Male"
"6018403",371836,2025-11-30 02:51:09,33.6012840270996,-7.60556840896606,"Male"
"6018403",371836,2025-11-30 03:01:09,33.601318359375,-7.60563993453979,"Male"
"6018403",371836,2025-11-30 03:11:13,33.6012268066406,-7.60559606552124,"Male"
"6018403",371836,2025-11-30 03:21:21,33.6006813049316,-7.60581541061401,"Male"
"6018403",371836,2025-11-30 03:31:13,33.6013221740723,-7.60532379150391,"Male"
"6018403",371836,2025-11-30 03:41:13,33.6014518737793,-7.60517597198486,"Male"
"6018403",371836,2025-11-30 03:51:14,33.6007919311523,-7.60545682907104,"Male"
"6018403",371836,2025-11-30 04:01:13,33.6020164489746,-7.60515689849854,"Male"
"6018403",371836,2025-11-30 04:11:13,33.6021041870117,-7.60496425628662,"Male"
"6018403",371836,2025-11-30 04:21:13,33.6018218994141,-7.60523700714111,"Male"
"6018403",371836,2025-11-30 04:31:09,33.6019668579102,-7.6050386428833,"Male"
"6018403",371836,2025-11-30 04:41:13,33.6020851135254,-7.60552358627319,"Male"
"6018403",371836,2025-11-30 04:51:09,33.6020088195801,-7.60599136352539,"Male"
"6018403",371836,2025-11-30 05:01:10,33.6018943786621,-7.60604572296143,"Male"
"6018403",371836,2025-11-30 05:11:19,33.6011962890625,-7.60588359832764,"Male"
"6018403",371836,2025-11-30 05:21:31,33.6011085510254,-7.60557270050049,"Male"
"6018403",371836,2025-11-30 05:31:06,33.6009368896484,-7.60582828521729,"Male"
"6018403",371836,2025-11-30 05:41:07,33.6009941101074,-7.60551595687866,"Male"
"6018403",371836,2025-11-30 05:51:06,33.6008148193359,-7.60531568527222,"Male"
"6018403",371836,2025-11-30 06:01:07,33.6010322570801,-7.60564231872559,"Male"
"6018403",371836,2025-11-30 06:11:07,33.6008796691895,-7.60542821884155,"Male"
"6018403",371836,2025-11-30 06:21:10,33.6009101867676,-7.60530138015747,"Male"
"6018403",371836,2025-11-30 06:31:07,33.5998764038086,-7.60618209838867,"Male"
"6018403",371836,2025-11-30 06:41:10,33.5998077392578,-7.60612678527832,"Male"
"6018403",371836,2025-11-30 06:51:35,33.5997734069824,-7.60625457763672,"Male"
"6018403",371836,2025-11-30 07:01:07,33.5998077392578,-7.60631465911865,"Male"
"6018403",371836,2025-11-30 07:11:06,33.5995178222656,-7.60617637634277,"Male"
"6018403",371836,2025-11-30 07:21:10,33.5996894836426,-7.60647201538086,"Male"
"6018403",371836,2025-11-30 07:31:07,33.5997467041016,-7.60670804977417,"Male"
"6018403",371836,2025-11-30 07:41:08,33.5996475219727,-7.60646486282349,"Male"
"6018403",371836,2025-11-30 07:51:08,33.5995750427246,-7.6061635017395,"Male"
"6018403",371836,2025-11-30 08:01:08,33.599925994873,-7.60719013214111,"Male"
"6018403",371836,2025-11-30 08:11:31,33.5993881225586,-7.60616827011108,"Male"
"6018403",371836,2025-11-30 08:21:11,33.599308013916,-7.60623788833618,"Male"
"6018403",371836,2025-11-30 08:31:05,33.5992813110352,-7.60586786270142,"Male"
"6018403",371836,2025-11-30 08:41:06,33.5992469787598,-7.605881690979,"Male"
"6018403",371836,2025-11-30 08:51:06,33.5992851257324,-7.60613822937012,"Male"
"6018403",371836,2025-11-30 09:01:07,33.599437713623,-7.60616540908813,"Male"
"6018403",371836,2025-11-30 09:11:09,33.5993804931641,-7.60589456558228,"Male"
"6018403",371836,2025-11-30 09:21:11,33.5992698669434,-7.60610389709473,"Male"
"6018403",371836,2025-11-30 09:31:13,33.5906143188477,-7.60221481323242,"Male"
"6018403",371836,2025-11-30 09:41:07,33.5659523010254,-7.59703350067139,"Male"
"6018403",371836,2025-11-30 09:51:08,33.5299682617188,-7.57075691223145,"Male"
"6018403",371836,2025-11-30 10:01:13,33.5253372192383,-7.56394100189209,"Male"
"6018403",371836,2025-11-30 10:11:13,33.5251541137695,-7.56405353546143,"Male"
"6018403",371836,2025-11-30 10:21:35,33.5251541137695,-7.56407690048218,"Male"
"6018403",371836,2025-11-30 10:31:06,33.525260925293,-7.56415748596191,"Male"
"6018403",371836,2025-11-30 10:41:05,33.5222206115723,-7.56088495254517,"Male"
"6018403",371836,2025-11-30 10:51:05,33.4917793273926,-7.54202699661255,"Male"
"6018403",371836,2025-11-30 11:01:12,33.4783935546875,-7.5428409576416,"Male"
"6018403",371836,2025-11-30 11:11:06,33.4784355163574,-7.5428524017334,"Male"
"6018403",371836,2025-11-30 11:21:07,33.4767875671387,-7.54523086547852,"Male"
"6018403",371836,2025-11-30 11:31:05,33.4771537780762,-7.54511213302612,"Male"
"6018403",371836,2025-11-30 11:41:05,33.4772453308105,-7.54719495773315,"Male"
"6018403",371836,2025-11-30 11:51:10,33.4776573181152,-7.54792594909668,"Male"
"6018403",371836,2025-11-30 12:01:06,33.4776344299316,-7.5480842590332,"Male"
"6018403",371836,2025-11-30 12:11:31,33.4777069091797,-7.54820203781128,"Male"
"6018403",371836,2025-11-30 12:21:06,33.4776878356934,-7.5482931137085,"Male"
"6018403",371836,2025-11-30 12:31:14,33.4777069091797,-7.54835653305054,"Male"
"6018403",371836,2025-11-30 12:41:05,33.4769592285156,-7.54886102676392,"Male"
"6018403",371836,2025-11-30 12:51:05,33.4766273498535,-7.54811477661133,"Male"
"6018403",371836,2025-11-30 13:01:07,33.4765357971191,-7.54485273361206,"Male"
"6018403",371836,2025-11-30 13:11:06,33.4767875671387,-7.54505157470703,"Male"
"6018403",371836,2025-11-30 13:21:15,33.4767951965332,-7.54515838623047,"Male"
"6018403",371836,2025-11-30 13:31:07,33.4768257141113,-7.54550457000732,"Male"
"6018403",371836,2025-11-30 13:41:08,33.4765357971191,-7.54577255249023,"Male"
"6018403",371836,2025-11-30 13:51:06,33.4769058227539,-7.54616498947144,"Male"
"6018403",371836,2025-11-30 14:01:06,33.4767723083496,-7.5460262298584,"Male"
"6018403",371836,2025-11-30 14:11:44,33.4848175048828,-7.52719163894653,"Male"
"6018403",371836,2025-11-30 14:21:31,33.4862022399902,-7.42389535903931,"Male"
"6018403",371836,2025-11-30 14:31:08,33.493293762207,-7.3342752456665,"Male"
"6018403",371836,2025-11-30 14:41:06,33.4930839538574,-7.33338737487793,"Male"
"6018403",371836,2025-11-30 14:51:05,33.4928703308105,-7.33467864990234,"Male"
"6018403",371836,2025-11-30 15:01:05,33.479663848877,-7.35440826416016,"Male"
"6018403",371836,2025-11-30 15:11:05,33.4678802490234,-7.37834930419922,"Male"
"6018403",371836,2025-11-30 15:21:05,33.4645729064941,-7.38077735900879,"Male"
"6018403",371836,2025-11-30 15:31:08,33.4647483825684,-7.38134670257568,"Male"
"6018403",371836,2025-11-30 15:41:04,33.4643211364746,-7.38165378570557,"Male"
"6018403",371836,2025-11-30 15:51:10,33.4644088745117,-7.3816876411438,"Male"
"6018403",371836,2025-11-30 16:01:06,33.464599609375,-7.38252925872803,"Male"
"6018403",371836,2025-11-30 16:11:44,33.4645957946777,-7.3825216293335,"Male"
"6018403",371836,2025-11-30 16:21:13,33.4649429321289,-7.38322830200195,"Male"
"6018403",371836,2025-11-30 16:31:07,33.4615592956543,-7.40980577468872,"Male"
"6018403",371836,2025-11-30 16:41:11,33.4614410400391,-7.40955686569214,"Male"
"6018403",371836,2025-11-30 16:51:11,33.4612579345703,-7.40958261489868,"Male"
"6018403",371836,2025-11-30 17:01:13,33.4612464904785,-7.40960264205933,"Male"
"6018403",371836,2025-11-30 17:11:11,33.4613761901855,-7.40982675552368,"Male"
"6018403",371836,2025-11-30 17:21:07,33.4615707397461,-7.40984964370728,"Male"
"6018403",371836,2025-11-30 17:31:07,33.4650573730469,-7.4158878326416,"Male"
"6018403",371836,2025-11-30 17:41:11,33.4835090637207,-7.44590330123901,"Male"
"6018403",371836,2025-11-30 17:51:23,33.5017700195312,-7.48044109344482,"Male"
"6018403",371836,2025-11-30 18:01:59,33.5196876525879,-7.5203161239624,"Male"
"6018403",371836,2025-11-30 18:11:05,33.5405693054199,-7.54989194869995,"Male"
"6018403",371836,2025-11-30 18:21:05,33.5672721862793,-7.57071495056152,"Male"
"6018403",371836,2025-11-30 18:31:06,33.5934143066406,-7.59587383270264,"Male"
"6018403",371836,2025-11-30 18:41:06,33.6016654968262,-7.60543584823608,"Male"
"6018403",371836,2025-11-30 18:51:05,33.6019897460938,-7.60362195968628,"Male"
"6018403",371836,2025-11-30 19:01:09,33.6023292541504,-7.60330772399902,"Male"
"6018403",371836,2025-11-30 19:11:33,33.6023025512695,-7.60312414169312,"Male"
"6018403",371836,2025-11-30 19:21:08,33.6025161743164,-7.60331630706787,"Male"
"6018403",371836,2025-11-30 19:31:08,33.6026420593262,-7.60341930389404,"Male"
"6018403",371836,2025-11-30 19:41:11,33.6023864746094,-7.60335493087769,"Male"
"6018403",371836,2025-11-30 19:51:07,33.6022834777832,-7.60317754745483,"Male"
"6018403",371836,2025-11-30 20:01:07,33.6023216247559,-7.60316562652588,"Male"
"6018403",371836,2025-11-30 20:11:08,33.6024017333984,-7.60318660736084,"Male"
"6018403",371836,2025-11-30 20:21:10,33.6025199890137,-7.60334300994873,"Male"
"6018403",371836,2025-11-30 20:31:07,33.6024742126465,-7.60357475280762,"Male"
"6018403",371836,2025-11-30 20:41:11,33.6025276184082,-7.60341453552246,"Male"
"6018403",371836,2025-11-30 20:51:33,33.6023864746094,-7.60319566726685,"Male"
"6018403",371836,2025-11-30 21:01:04,33.6023750305176,-7.60329246520996,"Male"
"6018403",371836,2025-11-30 21:11:08,33.6023788452148,-7.60319185256958,"Male"
"6018403",371836,2025-11-30 21:21:06,33.6022605895996,-7.60333776473999,"Male"
"6018403",371836,2025-11-30 21:31:05,33.6023864746094,-7.60334300994873,"Male"
"6018403",371836,2025-11-30 21:41:09,33.6024055480957,-7.60322237014771,"Male"
"6018403",371836,2025-11-30 22:11:09,33.6028251647949,-7.60397863388062,"Male"
"6018403",371836,2025-11-30 22:41:07,33.602897644043,-7.6038556098938,"Male"
"6018403",371836,2025-11-30 23:11:17,33.6029396057129,-7.60496854782104,"Male"
"6018403",371836,2025-11-30 23:41:35,33.6029891967773,-7.6049337387085,"Male"
"6018403",371836,2025-12-01 00:11:09,33.6032791137695,-7.60451889038086,"Male"
"6018403",371836,2025-12-01 00:41:04,33.6031074523926,-7.60468053817749,"Male"
"6018403",371836,2025-12-01 01:11:07,33.6030616760254,-7.60484409332275,"Male"
"6018403",371836,2025-12-01 01:41:04,33.6032409667969,-7.60477066040039,"Male"
"6018403",371836,2025-12-01 02:11:14,33.6032485961914,-7.6047215461731,"Male"
"6018403",371836,2025-12-01 02:41:07,33.6026000976562,-7.60456466674805,"Male"
"6018403",371836,2025-12-01 03:11:35,33.6016387939453,-7.60520839691162,"Male"
"6018403",371836,2025-12-01 03:41:14,33.600700378418,-7.60581159591675,"Male"
"6018403",371836,2025-12-01 04:11:35,33.6010360717773,-7.60572719573975,"Male"
"6018403",371836,2025-12-01 04:41:05,33.6010551452637,-7.60573291778565,"Male"
"6018403",371836,2025-12-01 05:11:05,33.6010589599609,-7.60578727722168,"Male"
"6018403",371836,2025-12-01 05:41:11,33.6003952026367,-7.60640716552734,"Male"
"6018403",371836,2025-12-01 06:11:08,33.6004486083984,-7.60666561126709,"Male"
"6018403",371836,2025-12-01 06:41:09,33.6005325317383,-7.60659027099609,"Male"
"6018403",371836,2025-12-01 07:11:14,33.600513458252,-7.60654973983765,"Male"
"6018403",371836,2025-12-01 07:41:34,33.5999221801758,-7.60637426376343,"Male"
"6018403",371836,2025-12-01 08:11:04,33.5999450683594,-7.60638999938965,"Male"
"6018403",371836,2025-12-01 08:41:06,33.599723815918,-7.6065263748169,"Male"
"6018403",371836,2025-12-01 09:11:05,33.5998420715332,-7.60644292831421,"Male"
"6018403",371836,2025-12-01 09:41:35,33.5999069213867,-7.6064453125,"Male"
"6018403",371836,2025-12-01 10:11:03,33.5998001098633,-7.60635900497437,"Male"
"6018403",371836,2025-12-01 10:41:06,33.5863304138184,-7.60123825073242,"Male"
"6018403",371836,2025-12-01 11:11:05,33.5862922668457,-7.60122203826904,"Male"
"6018403",371836,2025-12-01 11:41:08,33.5862884521484,-7.60122966766357,"Male"
"6018403",371836,2025-12-01 12:11:59,33.5861892700195,-7.60116100311279,"Male"
"6018403",371836,2025-12-01 12:41:35,33.5862503051758,-7.60119867324829,"Male"
"6018403",371836,2025-12-01 13:11:07,33.5862312316895,-7.60117340087891,"Male"
"6018403",371836,2025-12-01 13:41:06,33.5536804199219,-7.58509254455566,"Male"
"6018403",371836,2025-12-01 14:11:30,33.5423202514648,-7.58353996276855,"Male"
"6018403",371836,2025-12-01 14:41:35,33.4781227111816,-7.54149866104126,"Male"
"6018403",371836,2025-12-01 15:12:28,33.4789123535156,-7.54119968414307,"Male"
"6018403",371836,2025-12-01 15:41:37,33.4793319702148,-7.54203176498413,"Male"
"6018403",371836,2025-12-01 16:11:16,33.4791488647461,-7.54226112365723,"Male"
"6018403",371836,2025-12-01 16:41:35,33.4803314208984,-7.54055547714233,"Male"
"6018403",371836,2025-12-01 17:11:06,33.4802474975586,-7.54076957702637,"Male"
"6018403",371836,2025-12-01 17:41:08,33.5517883300781,-7.59638261795044,"Male"
"6018403",371836,2025-12-01 18:11:35,33.6012687683105,-7.60204458236694,"Male"
"6018403",371836,2025-12-01 18:41:07,33.6013412475586,-7.60208511352539,"Male"
"6018403",371836,2025-12-01 19:11:07,33.6013107299805,-7.60212230682373,"Male"
"6018403",371836,2025-12-01 19:41:35,33.6012382507324,-7.60195159912109,"Male"
"6018403",371836,2025-12-01 20:11:05,33.6013374328613,-7.60198307037354,"Male"
"6018403",371836,2025-12-01 20:41:07,33.6013412475586,-7.60191917419434,"Male"
"6018403",371836,2025-12-01 21:11:44,33.6041679382324,-7.6003246307373,"Male"
"6018403",371836,2025-12-01 21:41:08,33.6379432678223,-7.59765672683716,"Male"
"6018403",371836,2025-12-01 22:11:13,33.6097602844238,-7.6040472984314,"Male"
"6018403",371836,2025-12-01 22:41:40,33.6054382324219,-7.60601997375488,"Male"
"6018403",371836,2025-12-01 23:11:06,33.6042861938477,-7.6055383682251,"Male"
"6018403",371836,2025-12-01 23:41:09,33.6007080078125,-7.60365295410156,"Male"
"6018403",371836,2025-12-02 00:11:35,33.6009101867676,-7.60350227355957,"Male"
"6018403",371836,2025-12-02 00:41:03,33.6008758544922,-7.60354995727539,"Male"
"6018403",371836,2025-12-02 01:11:05,33.6009368896484,-7.6034984588623,"Male"
"6018403",371836,2025-12-02 01:41:06,33.6006774902344,-7.60657072067261,"Male"
"6018403",371836,2025-12-02 02:11:06,33.6004905700684,-7.60669708251953,"Male"
"6018403",371836,2025-12-02 02:41:15,33.6002349853516,-7.60692262649536,"Male"
"6018403",371836,2025-12-02 03:11:34,33.6003684997559,-7.60668849945068,"Male"
"6018403",371836,2025-12-02 03:41:04,33.6004066467285,-7.60663366317749,"Male"
"6018403",371836,2025-12-02 04:11:44,33.5994682312012,-7.60627460479736,"Male"
"6018403",371836,2025-12-02 04:41:04,33.5994873046875,-7.60613584518433,"Male"
"6018403",371836,2025-12-02 05:11:09,33.5993766784668,-7.6059627532959,"Male"
"6018403",371836,2025-12-02 05:41:47,33.599422454834,-7.60602712631226,"Male"
"6018403",371836,2025-12-02 06:11:35,33.599365234375,-7.60605669021606,"Male"
"6018403",371836,2025-12-02 06:41:07,33.6000022888184,-7.60633420944214,"Male"
"6018403",371836,2025-12-02 07:11:04,33.6000709533691,-7.60639381408691,"Male"
"6018403",371836,2025-12-02 07:41:09,33.5997047424316,-7.60618829727173,"Male"
"6018403",371836,2025-12-02 08:11:35,33.599925994873,-7.60630559921265,"Male"
"6018403",371836,2025-12-02 08:41:03,33.595573425293,-7.60432291030884,"Male"
"6018403",371836,2025-12-02 09:11:03,33.5844802856445,-7.60158729553223,"Male"
"6018403",371836,2025-12-02 09:41:03,33.5844688415527,-7.6017165184021,"Male"
"6018403",371836,2025-12-02 10:11:09,33.5844345092773,-7.60174655914307,"Male"
"6018403",371836,2025-12-02 10:41:35,33.5843734741211,-7.6015453338623,"Male"
"6018403",371836,2025-12-02 11:11:05,33.5842018127441,-7.60166788101196,"Male"
"6018403",371836,2025-12-02 11:41:03,33.5843276977539,-7.60158348083496,"Male"
"6018403",371836,2025-12-02 12:11:08,33.5446968078613,-7.58772659301758,"Male"
"6018403",371836,2025-12-02 12:41:07,33.5429306030273,-7.58347511291504,"Male"
"6018403",371836,2025-12-02 13:11:15,33.5430183410645,-7.5834846496582,"Male"
"6018403",371836,2025-12-02 13:41:08,33.5430374145508,-7.58355617523193,"Male"
"6018403",371836,2025-12-02 14:11:35,33.5430450439453,-7.5833911895752,"Male"
"6018403",371836,2025-12-02 14:42:28,33.5405235290527,-7.58291244506836,"Male"
"6018403",371836,2025-12-02 15:11:35,33.48779296875,-7.54647016525269,"Male"
"6018403",371836,2025-12-02 15:41:18,33.4787979125977,-7.542405128479,"Male"
"6018403",371836,2025-12-02 16:11:35,33.4772911071777,-7.54126596450806,"Male"
"6018403",371836,2025-12-02 16:41:12,33.5026245117188,-7.54172420501709,"Male"
"6018403",371836,2025-12-02 17:11:08,33.5195960998535,-7.54483604431152,"Male"
"6018403",371836,2025-12-02 17:41:12,33.6095771789551,-7.59431266784668,"Male"
"6018403",371836,2025-12-02 18:11:12,33.6022644042969,-7.60280513763428,"Male"
"6018403",371836,2025-12-02 18:41:35,33.6018142700195,-7.60564613342285,"Male"
"6018403",371836,2025-12-02 19:11:03,33.601146697998,-7.6066517829895,"Male"
"6018403",371836,2025-12-02 19:41:07,33.601432800293,-7.60205268859863,"Male"
"6018403",371836,2025-12-02 20:11:14,33.6016044616699,-7.60183525085449,"Male"
"6018403",371836,2025-12-02 20:41:35,33.6014595031738,-7.60215091705322,"Male"
"6018403",371836,2025-12-02 21:11:08,33.600902557373,-7.60353469848633,"Male"
"6018403",371836,2025-12-02 21:41:12,33.6009902954102,-7.60349225997925,"Male"
"6018403",371836,2025-12-02 22:11:35,33.6008758544922,-7.60351705551147,"Male"
"6018403",371836,2025-12-02 22:41:05,33.6005249023438,-7.60265159606934,"Male"
"6018403",371836,2025-12-02 23:11:05,33.601245880127,-7.60318183898926,"Male"
"6018403",371836,2025-12-02 23:41:35,33.6009979248047,-7.60353755950928,"Male"
"6018403",371836,2025-12-03 00:11:05,33.6009864807129,-7.60351943969727,"Male"
"6018403",371836,2025-12-03 00:41:06,33.6007957458496,-7.60350227355957,"Male"
"6018403",371836,2025-12-03 01:11:06,33.6028060913086,-7.60421180725098,"Male"
"6018403",371836,2025-12-03 01:41:34,33.6010704040527,-7.60345506668091,"Male"
"6018403",371836,2025-12-03 02:11:12,33.6009101867676,-7.60349035263062,"Male"
"6018403",371836,2025-12-03 02:41:34,33.6009483337402,-7.60263013839722,"Male"
"6018403",371836,2025-12-03 03:11:14,33.6008911132812,-7.60343980789185,"Male"
"6018403",371836,2025-12-03 03:41:35,33.6008682250977,-7.60348463058472,"Male"
"6018403",371836,2025-12-03 04:11:07,33.6010551452637,-7.60370635986328,"Male"
"6018403",371836,2025-12-03 04:41:04,33.6008758544922,-7.60350322723389,"Male"
"6018403",371836,2025-12-03 05:11:12,33.6005058288574,-7.6034836769104,"Male"
"6018403",371836,2025-12-03 05:41:44,33.6004219055176,-7.60333824157715,"Male"
"6018403",371836,2025-12-03 06:11:14,33.6008033752441,-7.60317611694336,"Male"
"6018403",371836,2025-12-03 06:42:28,33.6008148193359,-7.60404777526855,"Male"
"6018403",371836,2025-12-03 07:12:28,33.6153717041016,-7.6156702041626,"Male"
"6018403",371836,2025-12-03 07:41:35,33.6020889282227,-7.61377239227295,"Male"
"6018403",371836,2025-12-03 08:11:07,33.6020431518555,-7.61376857757568,"Male"
"6018403",371836,2025-12-03 08:41:35,33.5910339355469,-7.60560131072998,"Male"
"6018403",371836,2025-12-03 09:11:14,33.5470161437988,-7.58753871917725,"Male"
"6018403",371836,2025-12-03 09:41:12,33.5391540527344,-7.58086109161377,"Male"
"6018403",371836,2025-12-03 10:11:35,33.5323143005371,-7.57559633255005,"Male"
"6018403",371836,2025-12-03 10:41:11,33.5322914123535,-7.57562160491943,"Male"
"6018403",371836,2025-12-03 11:11:07,33.5322914123535,-7.5755033493042,"Male"
"6018403",371836,2025-12-03 11:41:07,33.5322113037109,-7.57528734207153,"Male"
"6018403",371836,2025-12-03 12:11:35,33.5322952270508,-7.57561063766479,"Male"
"6018403",371836,2025-12-03 12:41:05,33.5308227539062,-7.5700945854187,"Male"
"6018403",371836,2025-12-03 13:11:34,33.5307693481445,-7.56998443603516,"Male"
"6018403",371836,2025-12-03 13:41:03,33.5041770935059,-7.54709529876709,"Male"
"6018403",371836,2025-12-03 14:11:04,33.4783821105957,-7.54117488861084,"Male"
"6018403",371836,2025-12-03 14:41:03,33.4794235229492,-7.5419921875,"Male"
"6018403",371836,2025-12-03 15:11:20,33.4797859191895,-7.5420355796814,"Male"
"6018403",371836,2025-12-03 15:41:05,33.523754119873,-7.56660985946655,"Male"
"6018403",371836,2025-12-03 16:11:35,33.5626182556152,-7.57403039932251,"Male"
"6018403",371836,2025-12-03 16:41:06,33.5626258850098,-7.57391929626465,"Male"
"6018403",371836,2025-12-03 17:11:06,33.5906982421875,-7.59688711166382,"Male"
"6018403",371836,2025-12-03 17:41:35,33.5905342102051,-7.59708309173584,"Male"
"6018403",371836,2025-12-03 18:11:06,33.6005058288574,-7.60171413421631,"Male"
"6018403",371836,2025-12-03 18:41:07,33.6001434326172,-7.60247039794922,"Male"
"6018403",371836,2025-12-03 19:11:06,33.6004486083984,-7.60158157348633,"Male"
"6018403",371836,2025-12-03 19:41:07,33.6006813049316,-7.60168695449829,"Male"
"6018403",371836,2025-12-03 20:11:13,33.600887298584,-7.60348176956177,"Male"
"6018403",371836,2025-12-03 20:41:10,33.6009521484375,-7.60351991653442,"Male"
"6018403",371836,2025-12-03 21:11:05,33.6006011962891,-7.60317945480347,"Male"
"6018403",371836,2025-12-03 21:41:23,33.6003112792969,-7.6030068397522,"Male"
"6018403",371836,2025-12-03 22:11:32,33.6001625061035,-7.60299396514893,"Male"
"6018403",371836,2025-12-03 22:41:34,33.6002578735352,-7.60304069519043,"Male"
"6018403",371836,2025-12-03 23:11:04,33.6002388000488,-7.60308456420898,"Male"
"6018403",371836,2025-12-03 23:41:06,33.6004257202148,-7.6030969619751,"Male"
"6018403",371836,2025-12-04 00:11:07,33.6002578735352,-7.60294914245605,"Male"
"6018403",371836,2025-12-04 00:41:07,33.6003799438477,-7.60289430618286,"Male"
"6018403",371836,2025-12-04 01:11:35,33.6008338928223,-7.60353183746338,"Male"
"6018403",371836,2025-12-04 01:41:05,33.6005668640137,-7.603111743927,"Male"
"6018403",371836,2025-12-04 02:11:05,33.6005325317383,-7.60315895080566,"Male"
"6018403",371836,2025-12-04 02:41:05,33.6001319885254,-7.60313940048218,"Male"
"6018403",371836,2025-12-04 03:11:12,33.6005020141602,-7.60311269760132,"Male"
"6018403",371836,2025-12-04 03:41:12,33.600528717041,-7.60317277908325,"Male"
"6018403",371836,2025-12-04 04:11:06,33.6005363464355,-7.60314035415649,"Male"
"6018403",371836,2025-12-04 04:41:11,33.6000671386719,-7.60303401947021,"Male"
"6018403",371836,2025-12-04 05:11:09,33.600658416748,-7.60232305526733,"Male"
"6018403",371836,2025-12-04 05:41:13,33.6013450622559,-7.60267448425293,"Male"
"6018403",371836,2025-12-04 06:11:07,33.6008834838867,-7.60378313064575,"Male"
"6018403",371836,2025-12-04 06:41:07,33.6008491516113,-7.60326862335205,"Male"
"6018403",371836,2025-12-04 07:11:06,33.6009292602539,-7.6033878326416,"Male"
"6018403",371836,2025-12-04 07:41:06,33.6002998352051,-7.60290956497192,"Male"
"6018403",371836,2025-12-04 08:11:07,33.6009674072266,-7.6031174659729,"Male"
"6018403",371836,2025-12-04 08:41:07,33.5895195007324,-7.6046667098999,"Male"
"6018403",371836,2025-12-04 09:11:07,33.5894584655762,-7.60454702377319,"Male"
"6018403",371836,2025-12-04 09:41:05,33.5844573974609,-7.60216999053955,"Male"
"6018403",371836,2025-12-04 10:11:06,33.5818099975586,-7.59842538833618,"Male"
"6018403",371836,2025-12-04 10:41:11,33.5674362182617,-7.59887790679932,"Male"
"6018403",371836,2025-12-04 11:11:12,33.5531311035156,-7.59925031661987,"Male"
"6018403",371836,2025-12-04 11:41:09,33.5525970458984,-7.59940910339355,"Male"
"6018403",371836,2025-12-04 12:11:12,33.5528030395508,-7.59921503067017,"Male"
"6018403",371836,2025-12-04 12:41:18,33.5528945922852,-7.59919023513794,"Male"
"6018403",371836,2025-12-04 13:11:05,33.5530738830566,-7.59922885894775,"Male"
"6018403",371836,2025-12-04 13:41:07,33.5530853271484,-7.59919595718384,"Male"
"6018403",371836,2025-12-04 14:11:11,33.5450859069824,-7.59394359588623,"Male"
"6018403",371836,2025-12-04 14:41:13,33.4797172546387,-7.54152488708496,"Male"
"6018403",371836,2025-12-04 15:11:10,33.4796676635742,-7.54183578491211,"Male"
"6018403",371836,2025-12-04 15:41:09,33.4786949157715,-7.54095602035522,"Male"
"6018403",371836,2025-12-04 16:11:12,33.4803314208984,-7.54136610031128,"Male"
"6018403",371836,2025-12-04 16:41:12,33.4801216125488,-7.54058694839478,"Male"
"6018403",371836,2025-12-04 17:11:07,33.4788360595703,-7.54178047180176,"Male"
"6018403",371836,2025-12-04 17:41:07,33.5615921020508,-7.63378810882568,"Male"
"6018403",371836,2025-12-04 18:11:06,33.5999908447266,-7.60517597198486,"Male"
"6018403",371836,2025-12-04 18:41:07,33.6002044677734,-7.605224609375,"Male"
"6018403",371836,2025-12-04 19:11:05,33.6002464294434,-7.60527610778809,"Male"
"6018403",371836,2025-12-04 19:41:05,33.6002464294434,-7.60520315170288,"Male"
"6018403",371836,2025-12-04 20:11:07,33.6002578735352,-7.6050968170166,"Male"
"6227756",371834,2025-06-05 12:02:16,43.3592643737793,-8.84233093261719,"Unknown"
"6227756",371834,2025-06-05 12:06:48,43.3592147827148,-8.84236145019531,"Unknown"
"6227756",371834,2025-06-05 12:11:49,43.3592529296875,-8.84237957000732,"Unknown"
"6227756",371834,2025-06-05 12:16:47,43.3591728210449,-8.84220600128174,"Unknown"
"6227756",371834,2025-06-05 12:21:51,43.359203338623,-8.84235286712646,"Unknown"
"6227756",371834,2025-06-05 12:26:47,43.3592109680176,-8.84237003326416,"Unknown"
"6227756",371834,2025-06-05 12:31:49,43.359245300293,-8.84225273132324,"Unknown"
"6227756",371834,2025-06-05 12:38:08,43.3593482971191,-8.84209442138672,"Unknown"
"6227756",371834,2025-06-05 12:47:20,43.3593215942383,-8.84210300445557,"Unknown"
"6227756",371834,2025-06-05 12:52:13,43.359302520752,-8.84201526641846,"Unknown"
"6227756",371834,2025-06-05 13:02:14,43.3592720031738,-8.84204769134521,"Unknown"
"6227756",371834,2025-06-05 13:07:12,43.3592910766602,-8.84205341339111,"Unknown"
"6227756",371834,2025-06-05 13:13:08,43.359317779541,-8.84202098846436,"Unknown"
"6227756",371834,2025-06-05 13:16:49,43.3557548522949,-8.84632587432861,"Unknown"
"6227756",371834,2025-06-05 13:22:19,43.3337249755859,-8.84516525268555,"Unknown"
"6227756",371834,2025-06-05 13:26:44,43.3153610229492,-8.85561180114746,"Unknown"
"6227756",371834,2025-06-05 13:31:45,43.3142395019531,-8.85710144042969,"Unknown"
"6227756",371834,2025-06-05 13:36:45,43.3144073486328,-8.85684108734131,"Unknown"
"6227756",371834,2025-06-05 13:41:45,43.314380645752,-8.85679340362549,"Unknown"
"6227756",371834,2025-06-05 13:46:44,43.3142700195312,-8.85677433013916,"Unknown"
"6227756",371834,2025-06-05 13:51:45,43.3144989013672,-8.85665607452393,"Unknown"
"6227756",371834,2025-06-05 13:56:45,43.3138961791992,-8.85684680938721,"Unknown"
"6227756",371834,2025-06-05 14:02:00,43.3147811889648,-8.85696411132812,"Unknown"
"6227756",371834,2025-06-05 14:06:54,43.3151473999023,-8.85697460174561,"Unknown"
"6227756",371834,2025-06-05 14:12:07,43.3150787353516,-8.8568172454834,"Unknown"
"6227756",371834,2025-06-05 14:17:14,43.314453125,-8.85701560974121,"Unknown"
"6227756",371834,2025-06-05 14:21:48,43.3144912719727,-8.85714912414551,"Unknown"
"6227756",371834,2025-06-05 14:26:44,43.3143424987793,-8.85692310333252,"Unknown"
"6227756",371834,2025-06-05 14:31:47,43.3142585754395,-8.85695362091064,"Unknown"
"6227756",371834,2025-06-05 14:36:45,43.3144760131836,-8.85723781585693,"Unknown"
"6227756",371834,2025-06-05 14:41:48,43.314136505127,-8.85697746276855,"Unknown"
"6227756",371834,2025-06-05 14:46:52,43.3140640258789,-8.85706520080566,"Unknown"
"6227756",371834,2025-06-05 14:51:46,43.3141326904297,-8.85698223114014,"Unknown"
"6227756",371834,2025-06-05 14:56:52,43.3144302368164,-8.85691833496094,"Unknown"
"6227756",371834,2025-06-05 15:01:49,43.3144187927246,-8.85687828063965,"Unknown"
"6227756",371834,2025-06-05 15:06:49,43.3143653869629,-8.85695266723633,"Unknown"
"6227756",371834,2025-06-05 15:11:52,43.3143539428711,-8.8570499420166,"Unknown"
"6227756",371834,2025-06-05 15:16:48,43.3142852783203,-8.85702133178711,"Unknown"
"6227756",371834,2025-06-05 15:21:45,43.3142700195312,-8.85708332061768,"Unknown"
"6227756",371834,2025-06-05 15:26:47,43.3199920654297,-8.85405158996582,"Unknown"
"6227756",371834,2025-06-05 15:31:47,43.3549156188965,-8.84493637084961,"Unknown"
"6227756",371834,2025-06-05 15:36:58,43.3605041503906,-8.84180927276611,"Unknown"
"6227756",371834,2025-06-05 15:41:58,43.3604431152344,-8.84169864654541,"Unknown"
"6227756",371834,2025-06-05 15:46:58,43.3605728149414,-8.84187412261963,"Unknown"
"6227756",371834,2025-06-05 15:51:58,43.360523223877,-8.84180450439453,"Unknown"
"6227756",371834,2025-06-05 15:56:58,43.3605651855469,-8.84188652038574,"Unknown"
"6227756",371834,2025-06-05 16:02:14,43.3606033325195,-8.84189605712891,"Unknown"
"6227756",371834,2025-06-05 16:06:58,43.3605880737305,-8.84188938140869,"Unknown"
"6227756",371834,2025-06-05 16:12:00,43.3605842590332,-8.84192943572998,"Unknown"
"6227756",371834,2025-06-05 16:17:05,43.360523223877,-8.84173965454102,"Unknown"
"6227756",371834,2025-06-05 16:21:47,43.3604698181152,-8.84176349639893,"Unknown"
"6227756",371834,2025-06-05 16:26:48,43.3605499267578,-8.84210014343262,"Unknown"
"6227756",371834,2025-06-05 16:31:53,43.360481262207,-8.84178829193115,"Unknown"
"6227756",371834,2025-06-05 16:36:48,43.3607292175293,-8.84204292297363,"Unknown"
"6227756",371834,2025-06-05 16:42:00,43.3604774475098,-8.84179306030273,"Unknown"
"6227756",371834,2025-06-05 16:47:15,43.3605194091797,-8.84188270568848,"Unknown"
"6227756",371834,2025-06-05 16:52:15,43.3604850769043,-8.84184265136719,"Unknown"
"6227756",371834,2025-06-05 16:57:24,43.3604469299316,-8.84185028076172,"Unknown"
"6227756",371834,2025-06-05 17:01:46,43.3605422973633,-8.84177494049072,"Unknown"
"6227756",371834,2025-06-05 17:06:47,43.3605194091797,-8.84177494049072,"Unknown"
"6227756",371834,2025-06-05 17:11:54,43.3606452941895,-8.84158039093018,"Unknown"
"6227756",371834,2025-06-05 17:16:51,43.3605995178223,-8.84158229827881,"Unknown"
"6227756",371834,2025-06-05 17:21:52,43.3605575561523,-8.84155368804932,"Unknown"
"6227756",371834,2025-06-05 17:27:25,43.3605270385742,-8.84179782867432,"Unknown"
"6227756",371834,2025-06-05 17:32:14,43.3605041503906,-8.84174156188965,"Unknown"
"6227756",371834,2025-06-05 17:36:45,43.360538482666,-8.84166145324707,"Unknown"
"6227756",371834,2025-06-05 17:41:46,43.3605308532715,-8.84180355072021,"Unknown"
"6227756",371834,2025-06-05 17:46:48,43.3604888916016,-8.84170722961426,"Unknown"
"6227756",371834,2025-06-05 17:51:45,43.360538482666,-8.84171962738037,"Unknown"
"6227756",371834,2025-06-05 17:56:45,43.3605537414551,-8.84175586700439,"Unknown"
"6227756",371834,2025-06-05 18:01:45,43.3605766296387,-8.84178352355957,"Unknown"
"6227756",371834,2025-06-05 18:06:48,43.360538482666,-8.84173107147217,"Unknown"
"6227756",371834,2025-06-05 18:11:47,43.3605270385742,-8.84179973602295,"Unknown"
"6227756",371834,2025-06-05 18:16:48,43.3605575561523,-8.84177875518799,"Unknown"
"6227756",371834,2025-06-05 18:21:45,43.3605461120605,-8.84172248840332,"Unknown"
"6227756",371834,2025-06-05 18:26:45,43.3605651855469,-8.84173583984375,"Unknown"
"6227756",371834,2025-06-05 18:31:45,43.3606300354004,-8.84177875518799,"Unknown"
"6227756",371834,2025-06-05 18:36:46,43.3604850769043,-8.84177589416504,"Unknown"
"6227756",371834,2025-06-05 18:41:48,43.3605651855469,-8.84177875518799,"Unknown"
"6227756",371834,2025-06-05 18:46:48,43.3605918884277,-8.84179019927979,"Unknown"
"6227756",371834,2025-06-05 18:51:46,43.3604545593262,-8.84169292449951,"Unknown"
"6227756",371834,2025-06-05 18:56:49,43.3605499267578,-8.8417911529541,"Unknown"
"6227756",371834,2025-06-05 19:01:46,43.3606338500977,-8.84195232391357,"Unknown"
"6227756",371834,2025-06-05 19:06:47,43.3605461120605,-8.84183979034424,"Unknown"
"6227756",371834,2025-06-05 19:11:49,43.360538482666,-8.84172821044922,"Unknown"
"6227756",371834,2025-06-05 19:16:49,43.3604927062988,-8.84171676635742,"Unknown"
"6227756",371834,2025-06-05 19:21:51,43.3605194091797,-8.84179210662842,"Unknown"
"6227756",371834,2025-06-05 19:26:49,43.3605804443359,-8.84183883666992,"Unknown"
"6227756",371834,2025-06-05 19:31:54,43.3605995178223,-8.84179878234863,"Unknown"
"6227756",371834,2025-06-05 19:38:53,43.3606605529785,-8.84192085266113,"Unknown"
"6227756",371834,2025-06-05 19:43:44,43.3604698181152,-8.84172439575195,"Unknown"
"6227756",371834,2025-06-05 19:48:28,43.3604278564453,-8.84162712097168,"Unknown"
"6227756",371834,2025-06-05 19:53:31,43.360523223877,-8.841721534729,"Unknown"
"6227756",371834,2025-06-05 19:58:33,43.3604621887207,-8.84170722961426,"Unknown"
"6227756",371834,2025-06-05 20:03:34,43.3604431152344,-8.84169864654541,"Unknown"
"6227756",371834,2025-06-05 20:08:29,43.3605270385742,-8.84172248840332,"Unknown"
"6227756",371834,2025-06-05 20:13:33,43.3604621887207,-8.84169101715088,"Unknown"
"6227756",371834,2025-06-05 20:18:30,43.3606109619141,-8.8419361114502,"Unknown"
"6227756",371834,2025-06-05 20:23:33,43.3604698181152,-8.84159564971924,"Unknown"
"6227756",371834,2025-06-05 20:28:33,43.3604736328125,-8.84169864654541,"Unknown"
"6227756",371834,2025-06-05 20:33:37,43.3604545593262,-8.84159278869629,"Unknown"
"6227756",371834,2025-06-05 20:38:37,43.3604354858398,-8.84154415130615,"Unknown"
"6227756",371834,2025-06-05 20:43:41,43.360408782959,-8.84158229827881,"Unknown"
"6227756",371834,2025-06-05 20:48:40,43.360424041748,-8.84159278869629,"Unknown"
"6227756",371834,2025-06-05 20:53:31,43.3604278564453,-8.84178256988525,"Unknown"
"6227756",371834,2025-06-05 20:58:36,43.3604202270508,-8.8415699005127,"Unknown"
"6227756",371834,2025-06-05 21:03:33,43.3605766296387,-8.84168720245361,"Unknown"
"6227756",371834,2025-06-05 21:08:36,43.3605537414551,-8.84176445007324,"Unknown"
"6227756",371834,2025-06-05 21:13:50,43.3603363037109,-8.84200477600098,"Unknown"
"6227756",371834,2025-06-05 21:19:01,43.3605041503906,-8.84179973602295,"Unknown"
"6227756",371834,2025-06-05 21:23:30,43.3605995178223,-8.84189796447754,"Unknown"
"6227756",371834,2025-06-05 21:28:28,43.3607330322266,-8.84194469451904,"Unknown"
"6227756",371834,2025-06-05 21:33:34,43.3605728149414,-8.8418083190918,"Unknown"
"6227756",371834,2025-06-05 21:38:31,43.3604850769043,-8.84194946289062,"Unknown"
"6227756",371834,2025-06-05 21:43:28,43.3605575561523,-8.84174919128418,"Unknown"
"6227756",371834,2025-06-05 21:48:28,43.3605270385742,-8.84189319610596,"Unknown"
"6227756",371834,2025-06-05 21:53:28,43.3606948852539,-8.84188270568848,"Unknown"
"6227756",371834,2025-06-05 21:58:36,43.3604927062988,-8.84177589416504,"Unknown"
"6227756",371834,2025-06-05 22:03:28,43.3606796264648,-8.8418083190918,"Unknown"
"6227756",371834,2025-06-05 22:08:31,43.3603935241699,-8.84183979034424,"Unknown"
"6227756",371834,2025-06-05 22:13:33,43.3603057861328,-8.84189414978027,"Unknown"
"6227756",371834,2025-06-05 22:18:33,43.3602676391602,-8.84188652038574,"Unknown"
"6227756",371834,2025-06-05 22:23:30,43.360725402832,-8.84189319610596,"Unknown"
"6227756",371834,2025-06-05 22:28:30,43.36083984375,-8.84257793426514,"Unknown"
"6227756",371834,2025-06-05 22:33:34,43.3599395751953,-8.84184074401855,"Unknown"
"6227756",371834,2025-06-05 22:38:29,43.3602638244629,-8.84183502197266,"Unknown"
"6227756",371834,2025-06-05 22:43:35,43.3600616455078,-8.84161853790283,"Unknown"
"6227756",371834,2025-06-05 22:48:31,43.3600692749023,-8.84158992767334,"Unknown"
"6227756",371834,2025-06-05 22:53:36,43.3599967956543,-8.84151554107666,"Unknown"
"6227756",371834,2025-06-05 22:58:36,43.359992980957,-8.8414192199707,"Unknown"
"6227756",371834,2025-06-05 23:03:34,43.3599166870117,-8.84159564971924,"Unknown"
"6227756",371834,2025-06-05 23:08:36,43.3598747253418,-8.84148788452148,"Unknown"
"6227756",371834,2025-06-05 23:13:34,43.3598899841309,-8.84133529663086,"Unknown"
"6227756",371834,2025-06-05 23:18:30,43.3610420227051,-8.84234237670898,"Unknown"
"6227756",371834,2025-06-05 23:23:34,43.3601684570312,-8.84120941162109,"Unknown"
"6227756",371834,2025-06-05 23:28:30,43.3595314025879,-8.84103870391846,"Unknown"
"6227756",371834,2025-06-05 23:33:33,43.3599548339844,-8.84139251708984,"Unknown"
"6227756",371834,2025-06-05 23:38:33,43.3602867126465,-8.84127998352051,"Unknown"
"6227756",371834,2025-06-05 23:43:33,43.3606376647949,-8.84116077423096,"Unknown"
"6227756",371834,2025-06-05 23:48:36,43.3608169555664,-8.84096145629883,"Unknown"
"6227756",371834,2025-06-05 23:53:36,43.3607292175293,-8.84104537963867,"Unknown"
"6227756",371834,2025-06-05 23:58:44,43.3608512878418,-8.84102058410645,"Unknown"
"6227756",371834,2025-06-06 00:03:36,43.3606910705566,-8.84113788604736,"Unknown"
"6227756",371834,2025-06-06 00:08:36,43.3606491088867,-8.84117889404297,"Unknown"
"6227756",371834,2025-06-06 00:13:35,43.3606948852539,-8.84116172790527,"Unknown"
"6227756",371834,2025-06-06 00:18:36,43.3606567382812,-8.84119415283203,"Unknown"
"6227756",371834,2025-06-06 00:23:42,43.3605766296387,-8.84125900268555,"Unknown"
"6227756",371834,2025-06-06 00:28:47,43.3604125976562,-8.84111499786377,"Unknown"
"6227756",371834,2025-06-06 00:33:36,43.3604927062988,-8.84153652191162,"Unknown"
"6227756",371834,2025-06-06 00:38:36,43.3604202270508,-8.84142684936523,"Unknown"
"6227756",371834,2025-06-06 00:43:40,43.3604164123535,-8.84145069122314,"Unknown"
"6227756",371834,2025-06-06 00:48:48,43.3603973388672,-8.84161281585693,"Unknown"
"6227756",371834,2025-06-06 00:53:49,43.3603134155273,-8.84166526794434,"Unknown"
"6227756",371834,2025-06-06 00:58:39,43.3603248596191,-8.84167766571045,"Unknown"
"6227756",371834,2025-06-06 01:03:37,43.3603210449219,-8.84146213531494,"Unknown"
"6227756",371834,2025-06-06 01:08:36,43.3603630065918,-8.84151744842529,"Unknown"
"6227756",371834,2025-06-06 01:13:36,43.3602638244629,-8.84158992767334,"Unknown"
"6227756",371834,2025-06-06 01:18:40,43.3602256774902,-8.84168148040771,"Unknown"
"6227756",371834,2025-06-06 01:24:05,43.3607025146484,-8.84205436706543,"Unknown"
"6227756",371834,2025-06-06 01:28:30,43.3607063293457,-8.84212398529053,"Unknown"
"6227756",371834,2025-06-06 01:33:30,43.3605918884277,-8.8418436050415,"Unknown"
"6227756",371834,2025-06-06 01:38:35,43.3605155944824,-8.84174346923828,"Unknown"
"6227756",371834,2025-06-06 01:43:30,43.3605651855469,-8.84174537658691,"Unknown"
"6227756",371834,2025-06-06 01:48:35,43.3605804443359,-8.84168529510498,"Unknown"
"6227756",371834,2025-06-06 01:53:36,43.3604888916016,-8.84176635742188,"Unknown"
"6227756",371834,2025-06-06 01:58:36,43.3603935241699,-8.84179973602295,"Unknown"
"6227756",371834,2025-06-06 02:03:35,43.3604927062988,-8.84170150756836,"Unknown"
"6227756",371834,2025-06-06 02:09:51,43.3606185913086,-8.84168815612793,"Unknown"
"6227756",371834,2025-06-06 02:14:51,43.3606033325195,-8.84172058105469,"Unknown"
"6227756",371834,2025-06-06 02:19:35,43.3605422973633,-8.84170722961426,"Unknown"
"6227756",371834,2025-06-06 02:23:31,43.3605842590332,-8.84171867370605,"Unknown"
"6227756",371834,2025-06-06 02:28:31,43.3604888916016,-8.8416633605957,"Unknown"
"6227756",371834,2025-06-06 02:33:31,43.3606910705566,-8.84180355072021,"Unknown"
"6227756",371834,2025-06-06 02:38:30,43.3604927062988,-8.84166717529297,"Unknown"
"6227756",371834,2025-06-06 02:43:33,43.3605499267578,-8.84171485900879,"Unknown"
"6227756",371834,2025-06-06 02:48:44,43.3605575561523,-8.84170532226562,"Unknown"
"6227756",371834,2025-06-06 02:53:30,43.3605766296387,-8.84175682067871,"Unknown"
"6227756",371834,2025-06-06 02:58:34,43.3605804443359,-8.84172630310059,"Unknown"
"6227756",371834,2025-06-06 03:03:33,43.3605918884277,-8.84173488616943,"Unknown"
"6227756",371834,2025-06-06 03:08:31,43.3605422973633,-8.84170722961426,"Unknown"
"6227756",371834,2025-06-06 03:13:31,43.3605575561523,-8.84174060821533,"Unknown"
"6227756",371834,2025-06-06 03:18:28,43.360523223877,-8.84180450439453,"Unknown"
"6227756",371834,2025-06-06 03:23:30,43.3605651855469,-8.84172821044922,"Unknown"
"6227756",371834,2025-06-06 03:28:29,43.3606414794922,-8.84185123443604,"Unknown"
"6227756",371834,2025-06-06 03:33:36,43.3605613708496,-8.84172248840332,"Unknown"
"6227756",371834,2025-06-06 03:38:30,43.3607215881348,-8.84188365936279,"Unknown"
"6227756",371834,2025-06-06 03:43:33,43.3606491088867,-8.84177875518799,"Unknown"
"6227756",371834,2025-06-06 03:48:31,43.3605995178223,-8.84176540374756,"Unknown"
"6227756",371834,2025-06-06 03:53:31,43.3606758117676,-8.84183406829834,"Unknown"
"6227756",371834,2025-06-06 03:58:30,43.3606758117676,-8.84191799163818,"Unknown"
"6227756",371834,2025-06-06 04:03:30,43.3599662780762,-8.84120464324951,"Unknown"
"6227756",371834,2025-06-06 04:08:29,43.3602066040039,-8.84137153625488,"Unknown"
"6227756",371834,2025-06-06 04:13:30,43.3603248596191,-8.84152889251709,"Unknown"
"6227756",371834,2025-06-06 04:18:30,43.36083984375,-8.84204864501953,"Unknown"
"6227756",371834,2025-06-06 04:23:29,43.3608894348145,-8.84202289581299,"Unknown"
"6227756",371834,2025-06-06 04:28:28,43.3608741760254,-8.84205436706543,"Unknown"
"6227756",371834,2025-06-06 04:33:28,43.3608703613281,-8.84202861785889,"Unknown"
"6227756",371834,2025-06-06 04:38:29,43.3609199523926,-8.8420352935791,"Unknown"
"6227756",371834,2025-06-06 04:43:28,43.3608360290527,-8.84202194213867,"Unknown"
"6227756",371834,2025-06-06 04:48:29,43.3608283996582,-8.84200382232666,"Unknown"
"6227756",371834,2025-06-06 04:53:29,43.3605346679688,-8.84176921844482,"Unknown"
"6227756",371834,2025-06-06 04:58:29,43.3608818054199,-8.84192848205566,"Unknown"
"6227756",371834,2025-06-06 05:03:29,43.3609008789062,-8.84201145172119,"Unknown"
"6227756",371834,2025-06-06 05:08:28,43.3608551025391,-8.84198665618896,"Unknown"
"6227756",371834,2025-06-06 05:13:28,43.3608512878418,-8.84203910827637,"Unknown"
"6227756",371834,2025-06-06 05:18:28,43.3608894348145,-8.84198760986328,"Unknown"
"6227756",371834,2025-06-06 05:23:28,43.3607521057129,-8.84201717376709,"Unknown"
"6227756",371834,2025-06-06 05:28:28,43.3607444763184,-8.84201431274414,"Unknown"
"6227756",371834,2025-06-06 05:33:29,43.3606872558594,-8.84210777282715,"Unknown"
"6227756",371834,2025-06-06 05:38:28,43.3605842590332,-8.84212303161621,"Unknown"
"6227756",371834,2025-06-06 05:43:30,43.3605499267578,-8.84218215942383,"Unknown"
"6227756",371834,2025-06-06 05:48:30,43.3604927062988,-8.84215545654297,"Unknown"
"6227756",371834,2025-06-06 05:53:30,43.3608589172363,-8.84183502197266,"Unknown"
"6227756",371834,2025-06-06 05:58:34,43.3606071472168,-8.84201908111572,"Unknown"
"6227756",371834,2025-06-06 06:03:31,43.3608131408691,-8.84189414978027,"Unknown"
"6227756",371834,2025-06-06 06:08:29,43.3605422973633,-8.84197902679443,"Unknown"
"6227756",371834,2025-06-06 06:13:29,43.360652923584,-8.84195423126221,"Unknown"
"6227756",371834,2025-06-06 06:18:28,43.3606300354004,-8.84204578399658,"Unknown"
"6227756",371834,2025-06-06 06:23:29,43.3604927062988,-8.84200096130371,"Unknown"
"6227756",371834,2025-06-06 06:28:29,43.3605918884277,-8.84185314178467,"Unknown"
"6227756",371834,2025-06-06 06:33:28,43.3605842590332,-8.84180927276611,"Unknown"
"6227756",371834,2025-06-06 06:38:28,43.3603401184082,-8.8416109085083,"Unknown"
"6227756",371834,2025-06-06 06:43:29,43.3603820800781,-8.84194469451904,"Unknown"
"6227756",371834,2025-06-06 06:48:29,43.3603439331055,-8.84156322479248,"Unknown"
"6227756",371834,2025-06-06 06:53:28,43.3606033325195,-8.84188079833984,"Unknown"
"6227756",371834,2025-06-06 06:58:29,43.360481262207,-8.84157562255859,"Unknown"
"6227756",371834,2025-06-06 07:03:29,43.3603858947754,-8.841477394104,"Unknown"
"6227756",371834,2025-06-06 07:08:28,43.3606109619141,-8.84177303314209,"Unknown"
"6227756",371834,2025-06-06 07:13:28,43.3608779907227,-8.84176635742188,"Unknown"
"6227756",371834,2025-06-06 07:18:29,43.3612823486328,-8.8417387008667,"Unknown"
"6227756",371834,2025-06-06 07:23:29,43.3614234924316,-8.84193706512451,"Unknown"
"6227756",371834,2025-06-06 07:28:35,43.3609161376953,-8.84146213531494,"Unknown"
"6227756",371834,2025-06-06 07:33:29,43.3614692687988,-8.84214305877686,"Unknown"
"6227756",371834,2025-06-06 07:38:35,43.3608551025391,-8.84147071838379,"Unknown"
"6227756",371834,2025-06-06 07:43:31,43.3610725402832,-8.84187984466553,"Unknown"
"6227756",371834,2025-06-06 07:48:29,43.3608932495117,-8.84150409698486,"Unknown"
"6227756",371834,2025-06-06 07:53:30,43.3610305786133,-8.84173488616943,"Unknown"
"6227756",371834,2025-06-06 07:58:28,43.3610572814941,-8.84225940704346,"Unknown"
"6227756",371834,2025-06-06 08:03:28,43.3610610961914,-8.8436393737793,"Unknown"
"6227756",371834,2025-06-06 08:08:28,43.361141204834,-8.84152221679688,"Unknown"
"6227756",371834,2025-06-06 08:13:30,43.3609313964844,-8.84171772003174,"Unknown"
"6227756",371834,2025-06-06 08:18:30,43.3609237670898,-8.84177875518799,"Unknown"
"6227756",371834,2025-06-06 08:23:29,43.360767364502,-8.84171104431152,"Unknown"
"6227756",371834,2025-06-06 08:28:28,43.3608551025391,-8.84174633026123,"Unknown"
"6227756",371834,2025-06-06 08:33:28,43.36083984375,-8.84163379669189,"Unknown"
"6227756",371834,2025-06-06 08:38:28,43.3608169555664,-8.84165573120117,"Unknown"
"6227756",371834,2025-06-06 08:43:28,43.3608665466309,-8.84176158905029,"Unknown"
"6227756",371834,2025-06-06 08:48:29,43.3608818054199,-8.84200859069824,"Unknown"
"6227756",371834,2025-06-06 08:53:30,43.3609161376953,-8.84167289733887,"Unknown"
"6227756",371834,2025-06-06 08:58:29,43.3608283996582,-8.84193801879883,"Unknown"
"6227756",371834,2025-06-06 09:03:29,43.3608741760254,-8.84178638458252,"Unknown"
"6227756",371834,2025-06-06 09:08:28,43.3608474731445,-8.8416633605957,"Unknown"
"6227756",371834,2025-06-06 09:13:28,43.3608207702637,-8.84171199798584,"Unknown"
"6227756",371834,2025-06-06 09:18:29,43.3607788085938,-8.84168338775635,"Unknown"
"6227756",371834,2025-06-06 09:23:28,43.3601875305176,-8.841233253479,"Unknown"
"6227756",371834,2025-06-06 09:28:30,43.360538482666,-8.84211826324463,"Unknown"
"6227756",371834,2025-06-06 09:33:28,43.3612060546875,-8.84261512756348,"Unknown"
"6227756",371834,2025-06-06 09:38:29,43.3607368469238,-8.84131908416748,"Unknown"
"6227756",371834,2025-06-06 09:43:29,43.3608894348145,-8.84193420410156,"Unknown"
"6227756",371834,2025-06-06 09:48:29,43.3607215881348,-8.8412971496582,"Unknown"
"6227756",371834,2025-06-06 09:53:29,43.3606948852539,-8.84151268005371,"Unknown"
"6227756",371834,2025-06-06 09:58:29,43.3607635498047,-8.84164047241211,"Unknown"
"6227756",371834,2025-06-06 10:03:28,43.3605346679688,-8.84200954437256,"Unknown"
"6227756",371834,2025-06-06 10:08:29,43.3607864379883,-8.84124279022217,"Unknown"
"6227756",371834,2025-06-06 10:13:28,43.3607711791992,-8.84137058258057,"Unknown"
"6227756",371834,2025-06-06 10:18:30,43.3607330322266,-8.84169864654541,"Unknown"
"6227756",371834,2025-06-06 10:23:34,43.3606147766113,-8.84177398681641,"Unknown"
"6227756",371834,2025-06-06 10:28:34,43.3606834411621,-8.8417387008667,"Unknown"
"6227756",371834,2025-06-06 10:33:28,43.3609619140625,-8.84146976470947,"Unknown"
"6227756",371834,2025-06-06 10:38:29,43.3607864379883,-8.84182929992676,"Unknown"
"6227756",371834,2025-06-06 10:43:30,43.3609275817871,-8.84201145172119,"Unknown"
"6227756",371834,2025-06-06 10:48:30,43.3609848022461,-8.84201812744141,"Unknown"
"6227756",371834,2025-06-06 10:53:30,43.360954284668,-8.84199047088623,"Unknown"
"6227756",371834,2025-06-06 10:58:28,43.3608894348145,-8.84199714660645,"Unknown"
"6227756",371834,2025-06-06 11:03:29,43.3607635498047,-8.84179019927979,"Unknown"
"6227756",371834,2025-06-06 11:08:34,43.3607330322266,-8.84170246124268,"Unknown"
"6227756",371834,2025-06-06 11:13:28,43.3607978820801,-8.84165859222412,"Unknown"
"6227756",371834,2025-06-06 11:18:29,43.3607521057129,-8.84173011779785,"Unknown"
"6227756",371834,2025-06-06 11:23:29,43.3607749938965,-8.84176254272461,"Unknown"
"6227756",371834,2025-06-06 11:28:29,43.3608512878418,-8.84177494049072,"Unknown"
"6227756",371834,2025-06-06 11:33:28,43.3605194091797,-8.84148216247559,"Unknown"
"6227756",371834,2025-06-06 11:38:31,43.3606224060059,-8.84166717529297,"Unknown"
"6227756",371834,2025-06-06 11:43:29,43.3607749938965,-8.84159278869629,"Unknown"
"6227756",371834,2025-06-06 11:48:29,43.360782623291,-8.84164714813232,"Unknown"
"6227756",371834,2025-06-06 11:53:29,43.3607177734375,-8.84163188934326,"Unknown"
"6227756",371834,2025-06-06 11:58:29,43.3607902526855,-8.84168243408203,"Unknown"
"6227756",371834,2025-06-06 12:03:29,43.360767364502,-8.84173393249512,"Unknown"
"6227756",371834,2025-06-06 12:08:29,43.3607444763184,-8.84166145324707,"Unknown"
"6227756",371834,2025-06-06 12:13:30,43.3607559204102,-8.84171485900879,"Unknown"
"6227756",371834,2025-06-06 12:18:28,43.3607749938965,-8.84171772003174,"Unknown"
"6227756",371834,2025-06-06 12:23:30,43.3606567382812,-8.84165287017822,"Unknown"
"6227756",371834,2025-06-06 12:28:33,43.3605995178223,-8.84174823760986,"Unknown"
"6227756",371834,2025-06-06 12:33:30,43.3606758117676,-8.84193134307861,"Unknown"
"6227756",371834,2025-06-06 12:38:31,43.3606948852539,-8.84166812896729,"Unknown"
"6227756",371834,2025-06-06 12:43:33,43.3607025146484,-8.84175968170166,"Unknown"
"6227756",371834,2025-06-06 12:48:31,43.3606605529785,-8.84175205230713,"Unknown"
"6227756",371834,2025-06-06 12:53:30,43.3607063293457,-8.84202575683594,"Unknown"
"6227756",371834,2025-06-06 12:58:30,43.360668182373,-8.84182262420654,"Unknown"
"6227756",371834,2025-06-06 13:03:30,43.3606567382812,-8.84166717529297,"Unknown"
"6227756",371834,2025-06-06 13:08:30,43.3606872558594,-8.84193515777588,"Unknown"
"6227756",371834,2025-06-06 13:13:30,43.3606567382812,-8.84191417694092,"Unknown"
"6227756",371834,2025-06-06 13:18:29,43.3606109619141,-8.84178447723389,"Unknown"
"6227756",371834,2025-06-06 13:23:52,43.3606185913086,-8.84191703796387,"Unknown"
"6227756",371834,2025-06-06 13:29:14,43.3606414794922,-8.84165477752686,"Unknown"
"6227756",371834,2025-06-06 13:33:31,43.3606758117676,-8.84163188934326,"Unknown"
"6227756",371834,2025-06-06 13:38:30,43.3606567382812,-8.84156513214111,"Unknown"
"6227756",371834,2025-06-06 13:43:27,43.3607482910156,-8.84153652191162,"Unknown"
"6227756",371834,2025-06-06 13:48:33,43.3609085083008,-8.84163475036621,"Unknown"
"6227756",371834,2025-06-06 13:53:35,43.3608665466309,-8.84169006347656,"Unknown"
"6227756",371834,2025-06-06 13:58:36,43.3606262207031,-8.84168815612793,"Unknown"
"6227756",371834,2025-06-06 14:03:33,43.3608245849609,-8.84169769287109,"Unknown"
"6227756",371834,2025-06-06 14:08:34,43.360912322998,-8.84168529510498,"Unknown"
"6227756",371834,2025-06-06 14:13:29,43.3607711791992,-8.84193897247314,"Unknown"
"6227756",371834,2025-06-06 14:18:31,43.3608016967773,-8.8417797088623,"Unknown"
"6227756",371834,2025-06-06 14:23:33,43.3608207702637,-8.84186458587646,"Unknown"
"6227756",371834,2025-06-06 14:28:31,43.360782623291,-8.84196662902832,"Unknown"
"6227756",371834,2025-06-06 14:33:29,43.3606338500977,-8.84196662902832,"Unknown"
"6227756",371834,2025-06-06 14:38:35,43.3607559204102,-8.84180450439453,"Unknown"
"6227756",371834,2025-06-06 14:43:30,43.360668182373,-8.8417387008667,"Unknown"
"6227756",371834,2025-06-06 14:48:28,43.3663444519043,-8.848952293396,"Unknown"
"6227756",371834,2025-06-06 14:53:28,43.3923988342285,-8.87078094482422,"Unknown"
"6227756",371834,2025-06-06 14:58:28,43.4169540405273,-8.89382839202881,"Unknown"
"6227756",371834,2025-06-06 15:03:28,43.4282188415527,-8.89976787567139,"Unknown"
"6227756",371834,2025-06-06 15:08:28,43.4233245849609,-8.89219188690186,"Unknown"
"6227756",371834,2025-06-06 15:13:28,43.398998260498,-8.88015270233154,"Unknown"
"6227756",371834,2025-06-06 15:18:28,43.3749961853027,-8.86018371582031,"Unknown"
"6227756",371834,2025-06-06 15:23:29,43.3606719970703,-8.84195709228516,"Unknown"
"6227756",371834,2025-06-06 15:28:29,43.3606376647949,-8.84200000762939,"Unknown"
"6227756",371834,2025-06-06 15:33:28,43.3605651855469,-8.84195041656494,"Unknown"
"6227756",371834,2025-06-06 15:38:31,43.3606109619141,-8.84176921844482,"Unknown"
"6227756",371834,2025-06-06 15:43:28,43.3605575561523,-8.84188270568848,"Unknown"
"6227756",371834,2025-06-06 15:48:28,43.3605575561523,-8.84193515777588,"Unknown"
"6227756",371834,2025-06-06 15:53:31,43.3605003356934,-8.84189701080322,"Unknown"
"6227756",371834,2025-06-06 15:58:29,43.3604507446289,-8.84184646606445,"Unknown"
"6227756",371834,2025-06-06 16:03:28,43.3605728149414,-8.84193992614746,"Unknown"
"6227756",371834,2025-06-06 16:08:29,43.3606109619141,-8.84190368652344,"Unknown"
"6227756",371834,2025-06-06 16:13:28,43.3606338500977,-8.84218406677246,"Unknown"
"6227756",371834,2025-06-06 16:18:28,43.3606491088867,-8.84209632873535,"Unknown"
"6227756",371834,2025-06-06 16:23:30,43.3605041503906,-8.84209823608398,"Unknown"
"6227756",371834,2025-06-06 16:28:29,43.3881492614746,-8.82694721221924,"Unknown"
"6227756",371834,2025-06-06 16:33:28,43.4124908447266,-8.83511638641357,"Unknown"
"6227756",371834,2025-06-06 16:38:28,43.3974151611328,-8.83996772766113,"Unknown"
"6227756",371834,2025-06-06 16:43:28,43.3748016357422,-8.84105587005615,"Unknown"
"6227756",371834,2025-06-06 16:49:51,43.3607139587402,-8.84495735168457,"Unknown"
"6227756",371834,2025-06-06 16:53:32,43.3606834411621,-8.84194660186768,"Unknown"
"6227756",371834,2025-06-06 16:58:34,43.360668182373,-8.84189510345459,"Unknown"
"6227756",371834,2025-06-06 17:03:37,43.3608589172363,-8.84170341491699,"Unknown"
"6227756",371834,2025-06-06 17:08:29,43.3607902526855,-8.84185981750488,"Unknown"
"6227756",371834,2025-06-06 17:13:31,43.3607177734375,-8.84192943572998,"Unknown"
"6227756",371834,2025-06-06 17:18:29,43.3607139587402,-8.84185600280762,"Unknown"
"6227756",371834,2025-06-06 17:23:29,43.3606262207031,-8.84202003479004,"Unknown"
"6227756",371834,2025-06-06 17:28:30,43.3605880737305,-8.84202289581299,"Unknown"
"6227756",371834,2025-06-06 17:33:28,43.3605804443359,-8.84199523925781,"Unknown"
"6227756",371834,2025-06-06 17:38:28,43.3606491088867,-8.84207057952881,"Unknown"
"6227756",371834,2025-06-06 17:43:29,43.3606376647949,-8.84201908111572,"Unknown"
"6227756",371834,2025-06-06 17:48:30,43.3606796264648,-8.84206199645996,"Unknown"
"6227756",371834,2025-06-06 17:53:29,43.360652923584,-8.8420238494873,"Unknown"
"6227756",371834,2025-06-06 17:58:30,43.3607635498047,-8.84177303314209,"Unknown"
"6227756",371834,2025-06-06 18:03:28,43.3605651855469,-8.84192848205566,"Unknown"
"6227756",371834,2025-06-06 18:08:29,43.360595703125,-8.84188079833984,"Unknown"
"6227756",371834,2025-06-06 18:13:28,43.3606185913086,-8.8419017791748,"Unknown"
"6227756",371834,2025-06-06 18:18:29,43.3606452941895,-8.84200096130371,"Unknown"
"6227756",371834,2025-06-06 18:23:28,43.3606834411621,-8.84199333190918,"Unknown"
"6227756",371834,2025-06-06 18:28:29,43.3606986999512,-8.84195709228516,"Unknown"
"6227756",371834,2025-06-06 18:33:28,43.3606567382812,-8.8419361114502,"Unknown"
"6227756",371834,2025-06-06 18:38:29,43.3606605529785,-8.84191608428955,"Unknown"
"6227756",371834,2025-06-06 18:43:29,43.3606491088867,-8.84183692932129,"Unknown"
"6227756",371834,2025-06-06 18:48:29,43.3606758117676,-8.84180545806885,"Unknown"
"6227756",371834,2025-06-06 18:53:29,43.3606185913086,-8.84202575683594,"Unknown"
"6227756",371834,2025-06-06 18:58:29,43.3607063293457,-8.84184455871582,"Unknown"
"6227756",371834,2025-06-06 19:03:28,43.3606224060059,-8.84194660186768,"Unknown"
"6227756",371834,2025-06-06 19:08:29,43.3606109619141,-8.84199810028076,"Unknown"
"6227756",371834,2025-06-06 19:13:29,43.3607139587402,-8.8419303894043,"Unknown"
"6227756",371834,2025-06-06 19:18:29,43.3606986999512,-8.84180164337158,"Unknown"
"6227756",371834,2025-06-06 19:23:28,43.360725402832,-8.8418025970459,"Unknown"
"6227756",371834,2025-06-06 19:28:28,43.360668182373,-8.84176254272461,"Unknown"
"6227756",371834,2025-06-06 19:33:29,43.3607025146484,-8.84184074401855,"Unknown"
"6227756",371834,2025-06-06 19:38:28,43.3606491088867,-8.84172058105469,"Unknown"
"6227756",371834,2025-06-06 19:43:28,43.3607139587402,-8.84186935424805,"Unknown"
"6227756",371834,2025-06-06 19:48:29,43.3607177734375,-8.84183692932129,"Unknown"
"6227756",371834,2025-06-06 19:53:28,43.3606491088867,-8.84175777435303,"Unknown"
"6227756",371834,2025-06-06 19:58:28,43.3609161376953,-8.84212970733643,"Unknown"
"6227756",371834,2025-06-06 20:03:29,43.3606758117676,-8.84161853790283,"Unknown"
"6227756",371834,2025-06-06 20:08:36,43.3607177734375,-8.84187698364258,"Unknown"
"6227756",371834,2025-06-06 20:13:29,43.360538482666,-8.84153461456299,"Unknown"
"6227756",371834,2025-06-06 20:18:30,43.3605041503906,-8.84139823913574,"Unknown"
"6227756",371834,2025-06-06 20:23:30,43.3607940673828,-8.84171581268311,"Unknown"
"6227756",371834,2025-06-06 20:28:30,43.3604965209961,-8.84143352508545,"Unknown"
"6227756",371834,2025-06-06 20:33:30,43.3605575561523,-8.8414363861084,"Unknown"
"6227756",371834,2025-06-06 20:38:29,43.360538482666,-8.84135055541992,"Unknown"
"6227756",371834,2025-06-06 20:43:34,43.360710144043,-8.84178352355957,"Unknown"
"6227756",371834,2025-06-06 20:48:33,43.3607063293457,-8.84181499481201,"Unknown"
"6227756",371834,2025-06-06 20:53:30,43.3607711791992,-8.84179973602295,"Unknown"
"6227756",371834,2025-06-06 20:58:36,43.3607406616211,-8.841796875,"Unknown"
"6227756",371834,2025-06-06 21:03:33,43.360725402832,-8.84179973602295,"Unknown"
"6227756",371834,2025-06-06 21:08:36,43.360725402832,-8.8417797088623,"Unknown"
"6227756",371834,2025-06-06 21:13:30,43.3606262207031,-8.84194469451904,"Unknown"
"6227756",371834,2025-06-06 21:18:35,43.3607444763184,-8.8418140411377,"Unknown"
"6227756",371834,2025-06-06 21:23:33,43.3607749938965,-8.84180355072021,"Unknown"
"6227756",371834,2025-06-06 21:28:31,43.3607635498047,-8.84178733825684,"Unknown"
"6227756",371834,2025-06-06 21:33:30,43.3607063293457,-8.8418436050415,"Unknown"
"6227756",371834,2025-06-06 21:38:30,43.3607177734375,-8.84188938140869,"Unknown"
"6227756",371834,2025-06-06 21:43:29,43.3604164123535,-8.84183120727539,"Unknown"
"6227756",371834,2025-06-06 21:48:30,43.3603477478027,-8.84191417694092,"Unknown"
"6227756",371834,2025-06-06 21:53:29,43.3605117797852,-8.84192276000977,"Unknown"
"6227756",371834,2025-06-06 21:58:29,43.3603668212891,-8.84189796447754,"Unknown"
"6227756",371834,2025-06-06 22:03:29,43.3603172302246,-8.841796875,"Unknown"
"6227756",371834,2025-06-06 22:08:33,43.3608512878418,-8.84209632873535,"Unknown"
"6227756",371834,2025-06-06 22:13:35,43.3608818054199,-8.84195327758789,"Unknown"
"6227756",371834,2025-06-06 22:18:34,43.3609046936035,-8.84198474884033,"Unknown"
"6227756",371834,2025-06-06 22:23:34,43.3609237670898,-8.84197235107422,"Unknown"
"6227756",371834,2025-06-06 22:28:36,43.3609924316406,-8.84200191497803,"Unknown"
"6227756",371834,2025-06-06 22:33:36,43.3609275817871,-8.8420581817627,"Unknown"
"6227756",371834,2025-06-06 22:38:36,43.3609809875488,-8.84204387664795,"Unknown"
"6227756",371834,2025-06-06 22:43:36,43.3609771728516,-8.84205055236816,"Unknown"
"6227756",371834,2025-06-06 22:48:30,43.3607559204102,-8.84187316894531,"Unknown"
"6227756",371834,2025-06-06 22:53:30,43.3606719970703,-8.84186553955078,"Unknown"
"6227756",371834,2025-06-06 22:58:30,43.3606796264648,-8.84183216094971,"Unknown"
"6227756",371834,2025-06-06 23:03:29,43.3606414794922,-8.84187316894531,"Unknown"
"6227756",371834,2025-06-06 23:08:30,43.3605842590332,-8.84185600280762,"Unknown"
"6227756",371834,2025-06-06 23:13:30,43.3606300354004,-8.84167385101318,"Unknown"
"6227756",371834,2025-06-06 23:18:29,43.3606224060059,-8.84158420562744,"Unknown"
"6227756",371834,2025-06-06 23:23:29,43.3606185913086,-8.84167957305908,"Unknown"
"6227756",371834,2025-06-06 23:28:30,43.3605079650879,-8.84149932861328,"Unknown"
"6227756",371834,2025-06-06 23:33:33,43.3604164123535,-8.84176540374756,"Unknown"
"6227756",371834,2025-06-06 23:38:34,43.3603782653809,-8.84178924560547,"Unknown"
"6227756",371834,2025-06-06 23:43:33,43.3603591918945,-8.84152030944824,"Unknown"
"6227756",371834,2025-06-06 23:48:34,43.3602981567383,-8.8418607711792,"Unknown"
"6227756",371834,2025-06-06 23:53:31,43.3604850769043,-8.84157657623291,"Unknown"
"6227756",371834,2025-06-06 23:58:30,43.3605003356934,-8.84190559387207,"Unknown"
"6227756",371834,2025-06-07 00:03:30,43.3605613708496,-8.84187889099121,"Unknown"
"6227756",371834,2025-06-07 00:08:29,43.3605422973633,-8.84121513366699,"Unknown"
"6227756",371834,2025-06-07 00:13:30,43.3605461120605,-8.84141540527344,"Unknown"
"6227756",371834,2025-06-07 00:18:30,43.3605422973633,-8.84159469604492,"Unknown"
"6227756",371834,2025-06-07 00:23:29,43.3604202270508,-8.841965675354,"Unknown"
"6227756",371834,2025-06-07 00:28:29,43.3605422973633,-8.84175491333008,"Unknown"
"6227756",371834,2025-06-07 00:33:29,43.3607292175293,-8.84144306182861,"Unknown"
"6227756",371834,2025-06-07 00:38:29,43.3606262207031,-8.84180736541748,"Unknown"
"6227756",371834,2025-06-07 00:43:30,43.3606300354004,-8.84187984466553,"Unknown"
"6227756",371834,2025-06-07 00:48:31,43.3607063293457,-8.84184265136719,"Unknown"
"6227756",371834,2025-06-07 00:53:31,43.3607482910156,-8.84176349639893,"Unknown"
"6227756",371834,2025-06-07 00:58:29,43.3608016967773,-8.841796875,"Unknown"
"6227756",371834,2025-06-07 01:03:29,43.3609352111816,-8.84169769287109,"Unknown"
"6227756",371834,2025-06-07 01:08:29,43.36083984375,-8.84181213378906,"Unknown"
"6227756",371834,2025-06-07 01:13:29,43.3608512878418,-8.84186267852783,"Unknown"
"6227756",371834,2025-06-07 01:18:29,43.3608169555664,-8.84203910827637,"Unknown"
"6227756",371834,2025-06-07 01:23:29,43.3607482910156,-8.84213161468506,"Unknown"
"6227756",371834,2025-06-07 01:28:29,43.3608093261719,-8.84209632873535,"Unknown"
"6227756",371834,2025-06-07 01:33:29,43.3608131408691,-8.84218692779541,"Unknown"
"6227756",371834,2025-06-07 01:38:29,43.3608551025391,-8.84213733673096,"Unknown"
"6227756",371834,2025-06-07 01:43:30,43.3609924316406,-8.84247493743896,"Unknown"
"6227756",371834,2025-06-07 01:48:31,43.3608932495117,-8.84186744689941,"Unknown"
"6227756",371834,2025-06-07 01:53:31,43.3609771728516,-8.84190654754639,"Unknown"
"6227756",371834,2025-06-07 01:58:31,43.3607406616211,-8.8419942855835,"Unknown"
"6227756",371834,2025-06-07 02:03:31,43.360912322998,-8.84188747406006,"Unknown"
"6227756",371834,2025-06-07 02:08:31,43.3608512878418,-8.84189796447754,"Unknown"
"6227756",371834,2025-06-07 02:13:33,43.3608207702637,-8.84193134307861,"Unknown"
"6227756",371834,2025-06-07 02:18:33,43.3607368469238,-8.84196472167969,"Unknown"
"6227756",371834,2025-06-07 02:23:37,43.3610076904297,-8.84182739257812,"Unknown"
"6227756",371834,2025-06-07 02:28:44,43.3607521057129,-8.84196949005127,"Unknown"
"6227756",371834,2025-06-07 02:33:33,43.360668182373,-8.84197998046875,"Unknown"
"6227756",371834,2025-06-07 02:38:29,43.3609962463379,-8.84309864044189,"Unknown"
"6227756",371834,2025-06-07 02:43:31,43.3605842590332,-8.84206199645996,"Unknown"
"6227756",371834,2025-06-07 02:48:33,43.3605537414551,-8.84209823608398,"Unknown"
"6227756",371834,2025-06-07 02:53:40,43.3604469299316,-8.84193801879883,"Unknown"
"6227756",371834,2025-06-07 02:58:30,43.3607978820801,-8.8423318862915,"Unknown"
"6227756",371834,2025-06-07 03:03:30,43.360782623291,-8.84234142303467,"Unknown"
"6227756",371834,2025-06-07 03:08:31,43.3603858947754,-8.84134292602539,"Unknown"
"6227756",371834,2025-06-07 03:13:31,43.3605079650879,-8.84209251403809,"Unknown"
"6227756",371834,2025-06-07 03:18:34,43.3602600097656,-8.84110641479492,"Unknown"
"6227756",371834,2025-06-07 03:23:31,43.3605499267578,-8.84208583831787,"Unknown"
"6227756",371834,2025-06-07 03:28:30,43.360523223877,-8.84188938140869,"Unknown"
"6227756",371834,2025-06-07 03:33:30,43.3603363037109,-8.84175682067871,"Unknown"
"6227756",371834,2025-06-07 03:38:29,43.3602142333984,-8.84164333343506,"Unknown"
"6227756",371834,2025-06-07 03:43:30,43.3603668212891,-8.84178638458252,"Unknown"
"6227756",371834,2025-06-07 03:48:36,43.3606872558594,-8.84206390380859,"Unknown"
"6227756",371834,2025-06-07 03:53:36,43.3607215881348,-8.84206867218018,"Unknown"
"6227756",371834,2025-06-07 03:58:36,43.3607597351074,-8.84208011627197,"Unknown"
"6227756",371834,2025-06-07 04:03:36,43.3607711791992,-8.84205722808838,"Unknown"
"6227756",371834,2025-06-07 04:08:36,43.3607444763184,-8.84205436706543,"Unknown"
"6227756",371834,2025-06-07 04:13:43,43.3607559204102,-8.84197425842285,"Unknown"
"6227756",371834,2025-06-07 04:18:35,43.3603401184082,-8.84177017211914,"Unknown"
"6227756",371834,2025-06-07 04:23:44,43.3603973388672,-8.84180736541748,"Unknown"
"6227756",371834,2025-06-07 04:28:31,43.3603630065918,-8.84185886383057,"Unknown"
"6227756",371834,2025-06-07 04:33:31,43.3604202270508,-8.84178161621094,"Unknown"
"6227756",371834,2025-06-07 04:38:33,43.3604507446289,-8.8417329788208,"Unknown"
"6227756",371834,2025-06-07 04:43:31,43.3603210449219,-8.84186172485352,"Unknown"
"6227756",371834,2025-06-07 04:48:44,43.3603630065918,-8.84172630310059,"Unknown"
"6227756",371834,2025-06-07 04:53:36,43.3604049682617,-8.84220027923584,"Unknown"
"6227756",371834,2025-06-07 04:58:36,43.3602066040039,-8.84149551391602,"Unknown"
"6227756",371834,2025-06-07 05:03:33,43.3602676391602,-8.84160327911377,"Unknown"
"6227756",371834,2025-06-07 05:08:31,43.3603515625,-8.84163570404053,"Unknown"
"6227756",371834,2025-06-07 05:13:33,43.360523223877,-8.84149551391602,"Unknown"
"6227756",371834,2025-06-07 05:18:33,43.360710144043,-8.84164810180664,"Unknown"
"6227756",371834,2025-06-07 05:23:31,43.3600578308105,-8.84146690368652,"Unknown"
"6227756",371834,2025-06-07 05:28:30,43.3605995178223,-8.84168338775635,"Unknown"
"6227756",371834,2025-06-07 05:33:45,43.3607330322266,-8.84189319610596,"Unknown"
"6227756",371834,2025-06-07 05:38:37,43.3608474731445,-8.84212875366211,"Unknown"
"6227756",371834,2025-06-07 05:43:35,43.3607864379883,-8.84214019775391,"Unknown"
"6227756",371834,2025-06-07 05:48:41,43.3608245849609,-8.84217834472656,"Unknown"
"6227756",371834,2025-06-07 05:53:35,43.3606758117676,-8.84195232391357,"Unknown"
"6227756",371834,2025-06-07 05:58:43,43.3606986999512,-8.84171390533447,"Unknown"
"6227756",371834,2025-06-07 06:03:36,43.3605880737305,-8.84163761138916,"Unknown"
"6227756",371834,2025-06-07 06:08:36,43.3607139587402,-8.84164142608643,"Unknown"
"6227756",371834,2025-06-07 06:13:36,43.3605537414551,-8.84178352355957,"Unknown"
"6227756",371834,2025-06-07 06:18:36,43.3606224060059,-8.84165668487549,"Unknown"
"6227756",371834,2025-06-07 06:23:36,43.3605308532715,-8.84116554260254,"Unknown"
"6227756",371834,2025-06-07 06:28:42,43.3605194091797,-8.84188556671143,"Unknown"
"6227756",371834,2025-06-07 06:33:40,43.3606414794922,-8.84154796600342,"Unknown"
"6227756",371834,2025-06-07 06:38:36,43.3607482910156,-8.84163093566895,"Unknown"
"6227756",371834,2025-06-07 06:43:28,43.3604621887207,-8.84173107147217,"Unknown"
"6227756",371834,2025-06-07 06:48:42,43.3480796813965,-8.84781360626221,"Unknown"
"6227756",371834,2025-06-07 06:54:10,43.3221015930176,-8.85498237609863,"Unknown"
"6227756",371834,2025-06-07 06:58:34,43.3149375915527,-8.85708618164062,"Unknown"
"6227756",371834,2025-06-07 07:03:36,43.3147315979004,-8.85678100585938,"Unknown"
"6227756",371834,2025-06-07 07:08:36,43.3153762817383,-8.85737800598145,"Unknown"
"6227756",371834,2025-06-07 07:13:44,43.3154602050781,-8.85749244689941,"Unknown"
"6227756",371834,2025-06-07 07:18:30,43.3154716491699,-8.85743045806885,"Unknown"
"6227756",371834,2025-06-07 07:23:36,43.3139419555664,-8.85711669921875,"Unknown"
"6227756",371834,2025-06-07 07:28:33,43.3140258789062,-8.85733222961426,"Unknown"
"6227756",371834,2025-06-07 07:33:37,43.3452033996582,-8.84331607818604,"Unknown"
"6227756",371834,2025-06-07 07:38:29,43.3603515625,-8.84156799316406,"Unknown"
"6227756",371834,2025-06-07 07:43:31,43.3598861694336,-8.84187793731689,"Unknown"
"6227756",371834,2025-06-07 07:48:47,43.3601722717285,-8.84150123596191,"Unknown"
"6227756",371834,2025-06-07 07:54:05,43.3604774475098,-8.84198093414307,"Unknown"
"6227756",371834,2025-06-07 07:58:30,43.3603324890137,-8.84213256835938,"Unknown"
"6227756",371834,2025-06-07 08:03:37,43.3602027893066,-8.842209815979,"Unknown"
"6227756",371834,2025-06-07 08:08:28,43.3600654602051,-8.8424186706543,"Unknown"
"6227756",371834,2025-06-07 08:13:29,43.3600730895996,-8.84237384796143,"Unknown"
"6227756",371834,2025-06-07 08:18:28,43.3597450256348,-8.84272861480713,"Unknown"
"6227756",371834,2025-06-07 08:23:30,43.3595199584961,-8.8431339263916,"Unknown"
"6227756",371834,2025-06-07 08:28:29,43.3598823547363,-8.84268951416016,"Unknown"
"6227756",371834,2025-06-07 08:33:31,43.3598022460938,-8.84275531768799,"Unknown"
"6227756",371834,2025-06-07 08:38:30,43.3599586486816,-8.84257793426514,"Unknown"
"6227756",371834,2025-06-07 08:43:35,43.3599014282227,-8.84262466430664,"Unknown"
"6227756",371834,2025-06-07 08:48:34,43.3600616455078,-8.84238910675049,"Unknown"
"6227756",371834,2025-06-07 08:53:29,43.3599510192871,-8.84245014190674,"Unknown"
"6227756",371834,2025-06-07 08:58:31,43.3599700927734,-8.84243583679199,"Unknown"
"6227756",371834,2025-06-07 09:03:29,43.3600082397461,-8.84221649169922,"Unknown"
"6227756",371834,2025-06-07 09:08:29,43.3604621887207,-8.84212779998779,"Unknown"
"6227756",371834,2025-06-07 09:13:28,43.3604583740234,-8.84216499328613,"Unknown"
"6227756",371834,2025-06-07 09:18:31,43.3604393005371,-8.8420524597168,"Unknown"
"6227756",371834,2025-06-07 09:23:31,43.3604888916016,-8.84201049804688,"Unknown"
"6227756",371834,2025-06-07 09:28:29,43.3604583740234,-8.84211158752441,"Unknown"
"6227756",371834,2025-06-07 09:33:31,43.3604202270508,-8.8421106338501,"Unknown"
"6227756",371834,2025-06-07 09:38:30,43.3605194091797,-8.84186458587646,"Unknown"
"6227756",371834,2025-06-07 09:43:33,43.3606262207031,-8.84195899963379,"Unknown"
"6227756",371834,2025-06-07 09:48:32,43.3603286743164,-8.8416748046875,"Unknown"
"6227756",371834,2025-06-07 09:53:34,43.3606033325195,-8.84189033508301,"Unknown"
"6227756",371834,2025-06-07 09:58:30,43.3606872558594,-8.84162521362305,"Unknown"
"6227756",371834,2025-06-07 10:03:31,43.3608245849609,-8.84176540374756,"Unknown"
"6227756",371834,2025-06-07 10:08:36,43.3608932495117,-8.8417329788208,"Unknown"
"6227756",371834,2025-06-07 10:13:35,43.3609237670898,-8.84174728393555,"Unknown"
"6227756",371834,2025-06-07 10:18:36,43.3610343933105,-8.84179306030273,"Unknown"
"6227756",371834,2025-06-07 10:23:33,43.3610038757324,-8.84173107147217,"Unknown"
"6227756",371834,2025-06-07 10:28:36,43.3611831665039,-8.84176445007324,"Unknown"
"6227756",371834,2025-06-07 10:33:30,43.3611602783203,-8.841796875,"Unknown"
"6227756",371834,2025-06-07 10:38:36,43.3612976074219,-8.84177684783936,"Unknown"
"6227756",371834,2025-06-07 10:43:33,43.3612594604492,-8.84179592132568,"Unknown"
"6227756",371834,2025-06-07 10:48:35,43.3618431091309,-8.84220886230469,"Unknown"
"6227756",371834,2025-06-07 10:53:31,43.3617858886719,-8.84220600128174,"Unknown"
"6227756",371834,2025-06-07 10:58:30,43.3615570068359,-8.84249687194824,"Unknown"
"6227756",371834,2025-06-07 11:03:35,43.3616371154785,-8.84223556518555,"Unknown"
"6227756",371834,2025-06-07 11:08:36,43.3617897033691,-8.84222888946533,"Unknown"
"6227756",371834,2025-06-07 11:13:29,43.3611946105957,-8.84272766113281,"Unknown"
"6227756",371834,2025-06-07 11:18:34,43.3616180419922,-8.84222030639648,"Unknown"
"6227756",371834,2025-06-07 11:23:36,43.3615455627441,-8.84221363067627,"Unknown"
"6227756",371834,2025-06-07 11:28:36,43.3625068664551,-8.84188747406006,"Unknown"
"6227756",371834,2025-06-07 11:33:35,43.3615341186523,-8.84223556518555,"Unknown"
"6227756",371834,2025-06-07 11:38:29,43.3608703613281,-8.84150409698486,"Unknown"
"6227756",371834,2025-06-07 11:43:28,43.3725357055664,-8.83715343475342,"Unknown"
"6227756",371834,2025-06-07 11:48:28,43.3618431091309,-8.83396148681641,"Unknown"
"6227756",371834,2025-06-07 11:53:28,43.3606986999512,-8.84189033508301,"Unknown"
"6227756",371834,2025-06-07 11:58:29,43.3605041503906,-8.84206867218018,"Unknown"
"6227756",371834,2025-06-07 12:03:29,43.3602333068848,-8.84304332733154,"Unknown"
"6227756",371834,2025-06-07 12:08:33,43.3608779907227,-8.84220027923584,"Unknown"
"6227756",371834,2025-06-07 12:13:37,43.3608589172363,-8.84188079833984,"Unknown"
"6227756",371834,2025-06-07 12:18:34,43.3605499267578,-8.84118366241455,"Unknown"
"6227756",371834,2025-06-07 12:23:29,43.3611373901367,-8.84133338928223,"Unknown"
"6227756",371834,2025-06-07 12:28:29,43.3612251281738,-8.84150981903076,"Unknown"
"6227756",371834,2025-06-07 12:33:29,43.3610420227051,-8.84128761291504,"Unknown"
"6227756",371834,2025-06-07 12:38:29,43.3611030578613,-8.84142780303955,"Unknown"
"6227756",371834,2025-06-07 12:43:29,43.3610076904297,-8.84160804748535,"Unknown"
"6227756",371834,2025-06-07 12:48:29,43.3674392700195,-8.84016990661621,"Unknown"
"6227756",371834,2025-06-07 12:53:33,43.375057220459,-8.84302711486816,"Unknown"
"6227756",371834,2025-06-07 12:58:30,43.3621101379395,-8.83938407897949,"Unknown"
"6227756",371834,2025-06-07 13:03:30,43.357551574707,-8.84562683105469,"Unknown"
"6227756",371834,2025-06-07 13:08:30,43.3902626037598,-8.84908962249756,"Unknown"
"6227756",371834,2025-06-07 13:13:29,43.4233512878418,-8.86123275756836,"Unknown"
"6227756",371834,2025-06-07 13:18:30,43.456226348877,-8.86928367614746,"Unknown"
"6227756",371834,2025-06-07 13:23:29,43.4913520812988,-8.88153457641602,"Unknown"
"6227756",371834,2025-06-07 13:28:30,43.5287017822266,-8.89169597625732,"Unknown"
"6227756",371834,2025-06-07 13:33:33,43.5545883178711,-8.90088176727295,"Unknown"
"6227756",371834,2025-06-07 13:38:29,43.573600769043,-8.91508865356445,"Unknown"
"6227756",371834,2025-06-07 13:43:30,43.6017189025879,-8.93140888214111,"Unknown"
"6227756",371834,2025-06-07 13:48:29,43.610595703125,-8.95002269744873,"Unknown"
"6227756",371834,2025-06-07 13:53:29,43.608226776123,-8.94537448883057,"Unknown"
"6227756",371834,2025-06-07 13:58:31,43.6059074401855,-8.94090175628662,"Unknown"
"6227756",371834,2025-06-07 14:03:29,43.5907592773438,-8.93439197540283,"Unknown"
"6227756",371834,2025-06-07 14:08:29,43.5726585388184,-8.93286323547363,"Unknown"
"6227756",371834,2025-06-07 14:13:29,43.5520896911621,-8.93523979187012,"Unknown"
"6227756",371834,2025-06-07 14:18:30,43.530948638916,-8.93473148345947,"Unknown"
"6227756",371834,2025-06-07 14:23:29,43.5090751647949,-8.92936515808105,"Unknown"
"6227756",371834,2025-06-07 14:28:29,43.4890213012695,-8.92140007019043,"Unknown"
"6227756",371834,2025-06-07 14:33:29,43.4660377502441,-8.91847801208496,"Unknown"
"6227756",371834,2025-06-07 14:38:28,43.4426078796387,-8.91444778442383,"Unknown"
"6227756",371834,2025-06-07 14:43:29,43.419059753418,-8.90352725982666,"Unknown"
"6227756",371834,2025-06-07 14:48:29,43.3967094421387,-8.8845682144165,"Unknown"
"6227756",371834,2025-06-07 14:53:29,43.3744812011719,-8.85549926757812,"Unknown"
"6227756",371834,2025-06-07 14:58:29,43.3612365722656,-8.84257030487061,"Unknown"
"6227756",371834,2025-06-07 15:03:30,43.3609390258789,-8.84174156188965,"Unknown"
"6227756",371834,2025-06-07 15:08:34,43.3609313964844,-8.84171485900879,"Unknown"
"6227756",371834,2025-06-07 15:13:33,43.3609771728516,-8.84166717529297,"Unknown"
"6227756",371834,2025-06-07 15:18:39,43.361026763916,-8.84167385101318,"Unknown"
"6227756",371834,2025-06-07 15:23:33,43.3609008789062,-8.84153461456299,"Unknown"
"6227756",371834,2025-06-07 15:28:40,43.3607635498047,-8.84153747558594,"Unknown"
"6227756",371834,2025-06-07 15:33:40,43.3606910705566,-8.84160804748535,"Unknown"
"6227756",371834,2025-06-07 15:38:36,43.3606338500977,-8.84150505065918,"Unknown"
"6227756",371834,2025-06-07 15:43:36,43.3606605529785,-8.84159564971924,"Unknown"
"6227756",371834,2025-06-07 15:48:36,43.3606758117676,-8.8416223526001,"Unknown"
"6227756",371834,2025-06-07 15:53:30,43.3608703613281,-8.84198760986328,"Unknown"
"6227756",371834,2025-06-07 15:58:31,43.3606758117676,-8.84162521362305,"Unknown"
"6227756",371834,2025-06-07 16:03:30,43.3606643676758,-8.84149360656738,"Unknown"
"6227756",371834,2025-06-07 16:08:31,43.3607597351074,-8.84172058105469,"Unknown"
"6227756",371834,2025-06-07 16:13:31,43.3606986999512,-8.84176063537598,"Unknown"
"6227756",371834,2025-06-07 16:18:33,43.3608322143555,-8.84152889251709,"Unknown"
"6227756",371834,2025-06-07 16:23:36,43.3609237670898,-8.84114742279053,"Unknown"
"6227756",371834,2025-06-07 16:28:36,43.3609886169434,-8.84111881256104,"Unknown"
"6227756",371834,2025-06-07 16:33:36,43.3610000610352,-8.84116840362549,"Unknown"
"6227756",371834,2025-06-07 16:38:36,43.3610572814941,-8.8412971496582,"Unknown"
"6227756",371834,2025-06-07 16:43:36,43.3611183166504,-8.84138011932373,"Unknown"
"6227756",371834,2025-06-07 16:48:36,43.3612060546875,-8.84146404266357,"Unknown"
"6227756",371834,2025-06-07 16:53:37,43.361255645752,-8.84160995483398,"Unknown"
"6227756",371834,2025-06-07 16:58:36,43.3612899780273,-8.84181976318359,"Unknown"
"6227756",371834,2025-06-07 17:03:36,43.3613967895508,-8.8418436050415,"Unknown"
"6227756",371834,2025-06-07 17:08:43,43.3609428405762,-8.84171867370605,"Unknown"
"6227756",371834,2025-06-07 17:13:59,43.3607635498047,-8.84069728851318,"Unknown"
"6227756",371834,2025-06-07 17:18:28,43.360237121582,-8.84044647216797,"Unknown"
"6227756",371834,2025-06-07 17:23:36,43.3606796264648,-8.8413028717041,"Unknown"
"6227756",371834,2025-06-07 17:28:28,43.3603858947754,-8.84102439880371,"Unknown"
"6227756",371834,2025-06-07 17:33:31,43.3606109619141,-8.84128475189209,"Unknown"
"6227756",371834,2025-06-07 17:38:31,43.3606567382812,-8.84136772155762,"Unknown"
"6227756",371834,2025-06-07 17:43:29,43.3607559204102,-8.84150123596191,"Unknown"
"6227756",371834,2025-06-07 17:48:31,43.3607521057129,-8.84141254425049,"Unknown"
"6227756",371834,2025-06-07 17:53:31,43.3607635498047,-8.84134006500244,"Unknown"
"6227756",371834,2025-06-07 17:58:34,43.3607482910156,-8.84134292602539,"Unknown"
"6227756",371834,2025-06-07 18:03:29,43.3608055114746,-8.841477394104,"Unknown"
"6227756",371834,2025-06-07 18:08:33,43.3606605529785,-8.84196949005127,"Unknown"
"6227756",371834,2025-06-07 18:13:28,43.3612480163574,-8.83251190185547,"Unknown"
"6227756",371834,2025-06-07 18:18:34,43.3688697814941,-8.77694129943848,"Unknown"
"6227756",371834,2025-06-07 18:23:29,43.3624305725098,-8.71714782714844,"Unknown"
"6227756",371834,2025-06-07 18:28:33,43.365852355957,-8.69199275970459,"Unknown"
"6227756",371834,2025-06-07 18:33:36,43.3544464111328,-8.71213626861572,"Unknown"
"6227756",371834,2025-06-07 18:38:34,43.3356857299805,-8.70896625518799,"Unknown"
"6227756",371834,2025-06-07 18:43:34,43.3041076660156,-8.69943237304688,"Unknown"
"6227756",371834,2025-06-07 18:48:33,43.291618347168,-8.69614887237549,"Unknown"
"6227756",371834,2025-06-07 18:53:40,43.2916717529297,-8.69646739959717,"Unknown"
"6227756",371834,2025-06-07 18:58:39,43.2919540405273,-8.69723320007324,"Unknown"
"6227756",371834,2025-06-07 19:03:42,43.2904510498047,-8.70512962341309,"Unknown"
"6227756",371834,2025-06-07 19:08:28,43.2939109802246,-8.73242282867432,"Unknown"
"6227756",371834,2025-06-07 19:13:28,43.3017196655273,-8.76401042938232,"Unknown"
"6227756",371834,2025-06-07 19:18:28,43.3127021789551,-8.79537296295166,"Unknown"
"6227756",371834,2025-06-07 19:23:28,43.3240280151367,-8.80957889556885,"Unknown"
"6227756",371834,2025-06-07 19:28:28,43.3301734924316,-8.81394958496094,"Unknown"
"6227756",371834,2025-06-07 19:33:28,43.3547477722168,-8.83405780792236,"Unknown"
"6227756",371834,2025-06-07 19:38:30,43.3605918884277,-8.84147644042969,"Unknown"
"6227756",371834,2025-06-07 19:43:47,43.3604164123535,-8.84146022796631,"Unknown"
"6227756",371834,2025-06-07 19:48:44,43.360595703125,-8.8418140411377,"Unknown"
"6227756",371834,2025-06-07 19:53:35,43.3605918884277,-8.8418083190918,"Unknown"
"6227756",371834,2025-06-07 19:58:39,43.360710144043,-8.84177112579346,"Unknown"
"6227756",371834,2025-06-07 20:03:36,43.3606109619141,-8.84198093414307,"Unknown"
"6227756",371834,2025-06-07 20:08:36,43.3605499267578,-8.84184455871582,"Unknown"
"6227756",371834,2025-06-07 20:13:36,43.3605651855469,-8.8418083190918,"Unknown"
"6227756",371834,2025-06-07 20:18:59,43.360595703125,-8.84192085266113,"Unknown"
"6227756",371834,2025-06-07 20:23:39,43.360221862793,-8.84235668182373,"Unknown"
"6227756",371834,2025-06-07 20:28:44,43.3605461120605,-8.84186553955078,"Unknown"
"6227756",371834,2025-06-07 20:33:37,43.3605003356934,-8.84183788299561,"Unknown"
"6227756",371834,2025-06-07 20:38:36,43.3605575561523,-8.84177589416504,"Unknown"
"6227756",371834,2025-06-07 20:43:36,43.3604736328125,-8.84173488616943,"Unknown"
"6227756",371834,2025-06-07 20:48:59,43.3605422973633,-8.84181690216064,"Unknown"
"6227756",371834,2025-06-07 20:53:28,43.3619766235352,-8.84268665313721,"Unknown"
"6227756",371834,2025-06-07 20:58:30,43.3604927062988,-8.84193515777588,"Unknown"
"6227756",371834,2025-06-07 21:03:34,43.3605728149414,-8.84177494049072,"Unknown"
"6227756",371834,2025-06-07 21:08:29,43.3604965209961,-8.84184646606445,"Unknown"
"6227756",371834,2025-06-07 21:13:30,43.3604431152344,-8.8418607711792,"Unknown"
"6227756",371834,2025-06-07 21:18:34,43.3605270385742,-8.84189510345459,"Unknown"
"6227756",371834,2025-06-07 21:23:29,43.3604888916016,-8.84176731109619,"Unknown"
"6227756",371834,2025-06-07 21:28:29,43.3605194091797,-8.84173107147217,"Unknown"
"6227756",371834,2025-06-07 21:33:29,43.3605613708496,-8.8417387008667,"Unknown"
"6227756",371834,2025-06-07 21:38:30,43.3605651855469,-8.84178829193115,"Unknown"
"6227756",371834,2025-06-07 21:43:31,43.3604164123535,-8.84177112579346,"Unknown"
"6227756",371834,2025-06-07 21:48:29,43.360424041748,-8.84168815612793,"Unknown"
"6227756",371834,2025-06-07 21:53:28,43.3605537414551,-8.84183120727539,"Unknown"
"6227756",371834,2025-06-07 21:58:28,43.3605461120605,-8.84185791015625,"Unknown"
"6227756",371834,2025-06-07 22:03:29,43.3604469299316,-8.84169483184814,"Unknown"
"6227756",371834,2025-06-07 22:08:28,43.3604774475098,-8.84168815612793,"Unknown"
"6227756",371834,2025-06-07 22:13:28,43.3604888916016,-8.84160900115967,"Unknown"
"6227756",371834,2025-06-07 22:19:05,43.3605270385742,-8.84173965454102,"Unknown"
"6227756",371834,2025-06-07 22:23:29,43.3605422973633,-8.84173202514648,"Unknown"
"6227756",371834,2025-06-07 22:28:29,43.3605461120605,-8.84173202514648,"Unknown"
"6227756",371834,2025-06-07 22:33:29,43.3604888916016,-8.84168243408203,"Unknown"
"6227756",371834,2025-06-07 22:38:31,43.3605613708496,-8.8416109085083,"Unknown"
"6227756",371834,2025-06-07 22:43:28,43.3605155944824,-8.84160995483398,"Unknown"
"6227756",371834,2025-06-07 22:48:35,43.3605537414551,-8.84171962738037,"Unknown"
"6227756",371834,2025-06-07 22:53:29,43.3606910705566,-8.84178447723389,"Unknown"
"6227756",371834,2025-06-07 22:58:41,43.3605499267578,-8.84174728393555,"Unknown"
"6227756",371834,2025-06-07 23:03:29,43.3605575561523,-8.84171772003174,"Unknown"
"6227756",371834,2025-06-07 23:08:28,43.3605537414551,-8.84173583984375,"Unknown"
"6227756",371834,2025-06-07 23:13:29,43.3606224060059,-8.84178447723389,"Unknown"
"6227756",371834,2025-06-07 23:18:30,43.360538482666,-8.84178924560547,"Unknown"
"6227756",371834,2025-06-07 23:23:31,43.3606910705566,-8.84163379669189,"Unknown"
"6227756",371834,2025-06-07 23:28:29,43.3604698181152,-8.84136295318604,"Unknown"
"6227756",371834,2025-06-07 23:33:31,43.360710144043,-8.84163570404053,"Unknown"
"6227756",371834,2025-06-07 23:38:31,43.3607711791992,-8.84170055389404,"Unknown"
"6227756",371834,2025-06-07 23:43:32,43.3606719970703,-8.84171485900879,"Unknown"
"6227756",371834,2025-06-07 23:48:45,43.3603706359863,-8.84179782867432,"Unknown"
"6227756",371834,2025-06-07 23:53:36,43.3601226806641,-8.84183025360107,"Unknown"
"6227756",371834,2025-06-07 23:58:36,43.3605422973633,-8.8416748046875,"Unknown"
"6227756",371834,2025-06-08 00:03:34,43.360595703125,-8.84170436859131,"Unknown"
"6227756",371834,2025-06-08 00:08:37,43.3604698181152,-8.84170150756836,"Unknown"
"6227756",371834,2025-06-08 00:13:35,43.3603210449219,-8.84177589416504,"Unknown"
"6227756",371834,2025-06-08 00:18:36,43.3604850769043,-8.84169483184814,"Unknown"
"6227756",371834,2025-06-08 00:23:36,43.3604011535645,-8.84163856506348,"Unknown"
"6227756",371834,2025-06-08 00:28:35,43.3606109619141,-8.84168910980225,"Unknown"
"6227756",371834,2025-06-08 00:33:40,43.3606185913086,-8.84181022644043,"Unknown"
"6227756",371834,2025-06-08 00:38:33,43.3607368469238,-8.84165477752686,"Unknown"
"6227756",371834,2025-06-08 00:43:30,43.3604927062988,-8.841721534729,"Unknown"
"6227756",371834,2025-06-08 00:48:33,43.3607864379883,-8.8415994644165,"Unknown"
"6227756",371834,2025-06-08 00:53:33,43.3604850769043,-8.84167671203613,"Unknown"
"6227756",371834,2025-06-08 00:58:31,43.3599967956543,-8.84199523925781,"Unknown"
"6227756",371834,2025-06-08 01:03:34,43.3605003356934,-8.84179592132568,"Unknown"
"6227756",371834,2025-06-08 01:08:33,43.3605461120605,-8.84182167053223,"Unknown"
"6227756",371834,2025-06-08 01:13:32,43.360466003418,-8.84174919128418,"Unknown"
"6227756",371834,2025-06-08 01:18:34,43.3605995178223,-8.84183597564697,"Unknown"
"6227756",371834,2025-06-08 01:23:38,43.3605537414551,-8.84179401397705,"Unknown"
"6227756",371834,2025-06-08 01:28:35,43.3605041503906,-8.84169006347656,"Unknown"
"6227756",371834,2025-06-08 01:33:44,43.360466003418,-8.84175109863281,"Unknown"
"6227756",371834,2025-06-08 01:38:36,43.3606033325195,-8.84178352355957,"Unknown"
"6227756",371834,2025-06-08 01:43:58,43.3606414794922,-8.84185218811035,"Unknown"
"6227756",371834,2025-06-08 01:48:30,43.360408782959,-8.84155654907227,"Unknown"
"6227756",371834,2025-06-08 01:53:39,43.3610343933105,-8.84203815460205,"Unknown"
"6227756",371834,2025-06-08 01:58:36,43.360538482666,-8.84182357788086,"Unknown"
"6227756",371834,2025-06-08 02:03:36,43.3606376647949,-8.84198951721191,"Unknown"
"6227756",371834,2025-06-08 02:08:36,43.3607482910156,-8.84211540222168,"Unknown"
"6227756",371834,2025-06-08 02:13:36,43.3607063293457,-8.84195804595947,"Unknown"
"6227756",371834,2025-06-08 02:18:39,43.3607406616211,-8.84197998046875,"Unknown"
"6227756",371834,2025-06-08 02:23:36,43.3607215881348,-8.84194564819336,"Unknown"
"6227756",371834,2025-06-08 02:28:36,43.360767364502,-8.84207439422607,"Unknown"
"6227756",371834,2025-06-08 02:34:02,43.360523223877,-8.84169292449951,"Unknown"
"6227756",371834,2025-06-08 02:38:28,43.3605422973633,-8.84165668487549,"Unknown"
"6227756",371834,2025-06-08 02:43:28,43.3605461120605,-8.84172534942627,"Unknown"
"6227756",371834,2025-06-08 02:48:28,43.3605155944824,-8.84174537658691,"Unknown"
"6227756",371834,2025-06-08 02:53:28,43.360481262207,-8.84165954589844,"Unknown"
"6227756",371834,2025-06-08 02:58:29,43.360595703125,-8.84169578552246,"Unknown"
"6227756",371834,2025-06-08 03:03:28,43.3605155944824,-8.84171295166016,"Unknown"
"6227756",371834,2025-06-08 03:08:27,43.3605690002441,-8.84168148040771,"Unknown"
"6227756",371834,2025-06-08 03:13:27,43.3605995178223,-8.84163951873779,"Unknown"
"6227756",371834,2025-06-08 03:18:28,43.3605880737305,-8.84165382385254,"Unknown"
"6227756",371834,2025-06-08 03:23:28,43.3605346679688,-8.84169387817383,"Unknown"
"6227756",371834,2025-06-08 03:28:28,43.3604545593262,-8.84163951873779,"Unknown"
"6227756",371834,2025-06-08 03:33:28,43.3605194091797,-8.84164905548096,"Unknown"
"6227756",371834,2025-06-08 03:38:28,43.3604965209961,-8.84166812896729,"Unknown"
"6227756",371834,2025-06-08 03:43:37,43.3606376647949,-8.8415470123291,"Unknown"
"6227756",371834,2025-06-08 03:48:35,43.3606796264648,-8.84183979034424,"Unknown"
"6227756",371834,2025-06-08 03:53:28,43.3606185913086,-8.84177780151367,"Unknown"
"6227756",371834,2025-06-08 03:58:28,43.3606262207031,-8.84185028076172,"Unknown"
"6227756",371834,2025-06-08 04:03:28,43.3605880737305,-8.84188270568848,"Unknown"
"6227756",371834,2025-06-08 04:08:28,43.3605690002441,-8.84183216094971,"Unknown"
"6227756",371834,2025-06-08 04:13:29,43.3604965209961,-8.84189033508301,"Unknown"
"6227756",371834,2025-06-08 04:18:34,43.3608589172363,-8.84144020080566,"Unknown"
"6227756",371834,2025-06-08 04:23:29,43.3608322143555,-8.84142208099365,"Unknown"
"6227756",371834,2025-06-08 04:28:31,43.3608703613281,-8.84178352355957,"Unknown"
"6227756",371834,2025-06-08 04:33:28,43.3604278564453,-8.84156036376953,"Unknown"
"6227756",371834,2025-06-08 04:38:29,43.3603973388672,-8.84159851074219,"Unknown"
"6227756",371834,2025-06-08 04:43:36,43.3607063293457,-8.84198474884033,"Unknown"
"6227756",371834,2025-06-08 04:48:30,43.3607635498047,-8.84196758270264,"Unknown"
"6227756",371834,2025-06-08 04:53:34,43.3607330322266,-8.84195137023926,"Unknown"
"6227756",371834,2025-06-08 04:58:30,43.3606376647949,-8.84180736541748,"Unknown"
"6227756",371834,2025-06-08 05:03:34,43.3607063293457,-8.84182834625244,"Unknown"
"6227756",371834,2025-06-08 05:08:39,43.3606071472168,-8.84192180633545,"Unknown"
"6227756",371834,2025-06-08 05:13:39,43.3605651855469,-8.84193706512451,"Unknown"
"6227756",371834,2025-06-08 05:18:29,43.3605766296387,-8.84208297729492,"Unknown"
"6227756",371834,2025-06-08 05:23:35,43.3605880737305,-8.84187889099121,"Unknown"
"6227756",371834,2025-06-08 05:28:29,43.3604888916016,-8.84171581268311,"Unknown"
"6227756",371834,2025-06-08 05:33:36,43.3605194091797,-8.84181690216064,"Unknown"
"6227756",371834,2025-06-08 05:38:36,43.3605499267578,-8.84181499481201,"Unknown"
"6227756",371834,2025-06-08 05:43:34,43.3605422973633,-8.84186267852783,"Unknown"
"6227756",371834,2025-06-08 05:48:36,43.360538482666,-8.84183979034424,"Unknown"
"6227756",371834,2025-06-08 05:53:59,43.3605461120605,-8.84178638458252,"Unknown"
"6227756",371834,2025-06-08 05:58:28,43.3605117797852,-8.84170722961426,"Unknown"
"6227756",371834,2025-06-08 06:03:31,43.3605270385742,-8.84173679351807,"Unknown"
"6227756",371834,2025-06-08 06:08:28,43.3605079650879,-8.84163284301758,"Unknown"
"6227756",371834,2025-06-08 06:13:30,43.3604927062988,-8.84174919128418,"Unknown"
"6227756",371834,2025-06-08 06:18:30,43.3605422973633,-8.84170150756836,"Unknown"
"6227756",371834,2025-06-08 06:23:33,43.360538482666,-8.84171676635742,"Unknown"
"6227756",371834,2025-06-08 06:28:28,43.3603858947754,-8.84172916412354,"Unknown"
"6227756",371834,2025-06-08 06:33:29,43.3604354858398,-8.84170055389404,"Unknown"
"6227756",371834,2025-06-08 06:38:28,43.3609771728516,-8.84175109863281,"Unknown"
"6227756",371834,2025-06-08 06:43:28,43.3762702941895,-8.83696460723877,"Unknown"
"6227756",371834,2025-06-08 06:48:33,43.3612060546875,-8.84242153167725,"Unknown"
"6227756",371834,2025-06-08 06:53:28,43.3604164123535,-8.84160614013672,"Unknown"
"6227756",371834,2025-06-08 06:58:28,43.3604316711426,-8.84152793884277,"Unknown"
"6227756",371834,2025-06-08 07:03:28,43.3607902526855,-8.84146595001221,"Unknown"
"6227756",371834,2025-06-08 07:08:34,43.3607368469238,-8.84165573120117,"Unknown"
"6227756",371834,2025-06-08 07:13:30,43.3608245849609,-8.84154319763184,"Unknown"
"6227756",371834,2025-06-08 07:18:30,43.3609085083008,-8.84151840209961,"Unknown"
"6227756",371834,2025-06-08 07:23:36,43.3608436584473,-8.84170818328857,"Unknown"
"6227756",371834,2025-06-08 07:28:59,43.3606338500977,-8.84169483184814,"Unknown"
"6227756",371834,2025-06-08 07:33:29,43.3608283996582,-8.84176254272461,"Unknown"
"6227756",371834,2025-06-08 07:38:30,43.3606758117676,-8.84197425842285,"Unknown"
"6227756",371834,2025-06-08 07:43:31,43.357967376709,-8.83386993408203,"Unknown"
"6227756",371834,2025-06-08 07:48:33,43.3606109619141,-8.84163093566895,"Unknown"
"6227756",371834,2025-06-08 07:53:46,43.3667907714844,-8.83295345306396,"Unknown"
"6227756",371834,2025-06-08 07:58:44,43.3611793518066,-8.84134674072266,"Unknown"
"6227756",371834,2025-06-08 08:03:40,43.368034362793,-8.83355045318604,"Unknown"
"6227756",371834,2025-06-08 08:08:39,43.3685302734375,-8.8319730758667,"Unknown"
"6227756",371834,2025-06-08 08:13:40,43.3599967956543,-8.84323596954346,"Unknown"
"6227756",371834,2025-06-08 08:18:45,43.3700103759766,-8.82597827911377,"Unknown"
"6227756",371834,2025-06-08 08:24:04,43.3605728149414,-8.84177303314209,"Unknown"
"6227756",371834,2025-06-08 08:28:27,43.3605346679688,-8.8417444229126,"Unknown"
"6227756",371834,2025-06-08 08:33:28,43.360538482666,-8.84173393249512,"Unknown"
"6227756",371834,2025-06-08 08:38:34,43.3604431152344,-8.84178161621094,"Unknown"
"6227756",371834,2025-06-08 08:43:36,43.3604469299316,-8.84174156188965,"Unknown"
"6227756",371834,2025-06-08 08:48:31,43.3605041503906,-8.8417501449585,"Unknown"
"6227756",371834,2025-06-08 08:53:29,43.3605308532715,-8.84181976318359,"Unknown"
"6227756",371834,2025-06-08 08:58:30,43.3608245849609,-8.84178638458252,"Unknown"
"6227756",371834,2025-06-08 09:03:33,43.3605003356934,-8.84186267852783,"Unknown"
"6227756",371834,2025-06-08 09:08:36,43.3604774475098,-8.84185695648193,"Unknown"
"6227756",371834,2025-06-08 09:13:35,43.3603324890137,-8.84186744689941,"Unknown"
"6227756",371834,2025-06-08 09:18:30,43.3605079650879,-8.84145164489746,"Unknown"
"6227756",371834,2025-06-08 09:23:34,43.3605194091797,-8.84181785583496,"Unknown"
"6227756",371834,2025-06-08 09:28:33,43.3605346679688,-8.84181785583496,"Unknown"
"6227756",371834,2025-06-08 09:33:33,43.3605308532715,-8.84189701080322,"Unknown"
"6227756",371834,2025-06-08 09:38:31,43.360595703125,-8.84161949157715,"Unknown"
"6227756",371834,2025-06-08 09:43:29,43.3605117797852,-8.84187316894531,"Unknown"
"6227756",371834,2025-06-08 09:48:29,43.3605537414551,-8.84182357788086,"Unknown"
"6227756",371834,2025-06-08 09:53:31,43.3603324890137,-8.84173393249512,"Unknown"
"6227756",371834,2025-06-08 09:58:28,43.3603782653809,-8.84172248840332,"Unknown"
"6227756",371834,2025-06-08 10:03:31,43.3605308532715,-8.84175777435303,"Unknown"
"6227756",371834,2025-06-08 10:08:31,43.3605308532715,-8.84183025360107,"Unknown"
"6227756",371834,2025-06-08 10:13:44,43.3604774475098,-8.84179496765137,"Unknown"
"6227756",371834,2025-06-08 10:18:31,43.3609275817871,-8.84179973602295,"Unknown"
"6227756",371834,2025-06-08 10:23:28,43.3616828918457,-8.83938312530518,"Unknown"
"6227756",371834,2025-06-08 10:28:28,43.3857650756836,-8.85140228271484,"Unknown"
"6227756",371834,2025-06-08 10:33:28,43.4078521728516,-8.87367057800293,"Unknown"
"6227756",371834,2025-06-08 10:38:28,43.431095123291,-8.89274883270264,"Unknown"
"6227756",371834,2025-06-08 10:43:28,43.455924987793,-8.91380214691162,"Unknown"
"6227756",371834,2025-06-08 10:48:28,43.4825630187988,-8.93044185638428,"Unknown"
"6227756",371834,2025-06-08 10:53:28,43.5101432800293,-8.94548034667969,"Unknown"
"6227756",371834,2025-06-08 10:58:28,43.5348663330078,-8.95658302307129,"Unknown"
"6227756",371834,2025-06-08 11:03:29,43.5586814880371,-8.96296501159668,"Unknown"
"6227756",371834,2025-06-08 11:08:28,43.5826988220215,-8.98049354553223,"Unknown"
"6227756",371834,2025-06-08 11:13:28,43.6063652038574,-8.9909553527832,"Unknown"
"6227756",371834,2025-06-08 11:18:31,43.627384185791,-8.9840784072876,"Unknown"
"6227756",371834,2025-06-08 11:23:29,43.6479530334473,-8.97286891937256,"Unknown"
"6227756",371834,2025-06-08 11:28:29,43.6656227111816,-8.95310592651367,"Unknown"
"6227756",371834,2025-06-08 11:33:30,43.6869010925293,-8.94900512695312,"Unknown"
"6227756",371834,2025-06-08 11:38:29,43.7008934020996,-8.9297571182251,"Unknown"
"6227756",371834,2025-06-08 11:43:29,43.7115440368652,-8.90150928497314,"Unknown"
"6227756",371834,2025-06-08 11:48:29,43.724925994873,-8.87815284729004,"Unknown"
"6227756",371834,2025-06-08 11:53:29,43.7345886230469,-8.85400676727295,"Unknown"
"6227756",371834,2025-06-08 11:58:29,43.7555999755859,-8.85309505462646,"Unknown"
"6227756",371834,2025-06-08 12:03:28,43.7472724914551,-8.82656860351562,"Unknown"
"6227756",371834,2025-06-08 12:08:29,43.7402038574219,-8.81284427642822,"Unknown"
"6227756",371834,2025-06-08 12:13:35,43.7334403991699,-8.80615901947021,"Unknown"
"6227756",371834,2025-06-08 12:18:29,43.7071189880371,-8.79489421844482,"Unknown"
"6227756",371834,2025-06-08 12:23:30,43.6734771728516,-8.81071853637695,"Unknown"
"6227756",371834,2025-06-08 12:28:36,43.673957824707,-8.8121280670166,"Unknown"
"6227756",371834,2025-06-08 12:33:28,43.6650161743164,-8.80476188659668,"Unknown"
"6227756",371834,2025-06-08 12:38:37,43.6273460388184,-8.79420757293701,"Unknown"
"6227756",371834,2025-06-08 12:43:29,43.5909614562988,-8.78258609771729,"Unknown"
"6227756",371834,2025-06-08 12:49:01,43.5389633178711,-8.77993106842041,"Unknown"
"6227756",371834,2025-06-08 12:53:28,43.4959678649902,-8.78313827514648,"Unknown"
"6227756",371834,2025-06-08 12:58:28,43.4489555358887,-8.80521202087402,"Unknown"
"6227756",371834,2025-06-08 13:03:28,43.3990440368652,-8.81997203826904,"Unknown"
"6227756",371834,2025-06-08 13:08:28,43.3622398376465,-8.84245586395264,"Unknown"
"6227756",371834,2025-06-08 13:13:36,43.3601036071777,-8.84163665771484,"Unknown"
"6227756",371834,2025-06-08 13:18:39,43.3606147766113,-8.84177398681641,"Unknown"
"6227756",371834,2025-06-08 13:23:33,43.3606300354004,-8.84273242950439,"Unknown"
"6227756",371834,2025-06-08 13:28:35,43.3605079650879,-8.84179210662842,"Unknown"
"6227756",371834,2025-06-08 13:33:30,43.3612976074219,-8.84244823455811,"Unknown"
"6227756",371834,2025-06-08 13:38:32,43.3629531860352,-8.84240913391113,"Unknown"
"6227756",371834,2025-06-08 13:43:29,43.362663269043,-8.84265041351318,"Unknown"
"6227756",371834,2025-06-08 13:48:45,43.3602256774902,-8.8417911529541,"Unknown"
"6227756",371834,2025-06-08 13:53:29,43.3612403869629,-8.84195041656494,"Unknown"
"6227756",371834,2025-06-08 13:58:31,43.3604278564453,-8.8417911529541,"Unknown"
"6227756",371834,2025-06-08 14:03:29,43.3608512878418,-8.8420467376709,"Unknown"
"6227756",371834,2025-06-08 14:08:30,43.3608055114746,-8.84171104431152,"Unknown"
"6227756",371834,2025-06-08 14:13:36,43.3606109619141,-8.841721534729,"Unknown"
"6227756",371834,2025-06-08 14:18:36,43.3605079650879,-8.84181976318359,"Unknown"
"6227756",371834,2025-06-08 14:23:35,43.3606300354004,-8.841721534729,"Unknown"
"6227756",371834,2025-06-08 14:28:34,43.3606109619141,-8.84172058105469,"Unknown"
"6227756",371834,2025-06-08 14:33:33,43.3606033325195,-8.8417444229126,"Unknown"
"6227756",371834,2025-06-08 14:38:33,43.3604202270508,-8.84181118011475,"Unknown"
"6227756",371834,2025-06-08 14:43:30,43.3606758117676,-8.84189510345459,"Unknown"
"6227756",371834,2025-06-08 14:48:36,43.3605461120605,-8.84171962738037,"Unknown"
"6227756",371834,2025-06-08 14:53:45,43.360595703125,-8.84175968170166,"Unknown"
"6227756",371834,2025-06-08 14:58:34,43.3606834411621,-8.84164428710938,"Unknown"
"6227756",371834,2025-06-08 15:03:34,43.3605575561523,-8.84175300598145,"Unknown"
"6227756",371834,2025-06-08 15:08:36,43.3605613708496,-8.84176254272461,"Unknown"
"6227756",371834,2025-06-08 15:13:59,43.3605079650879,-8.84181594848633,"Unknown"
"6227756",371834,2025-06-08 15:18:35,43.3604888916016,-8.84193325042725,"Unknown"
"6227756",371834,2025-06-08 15:23:34,43.360523223877,-8.84196090698242,"Unknown"
"6227756",371834,2025-06-08 15:28:37,43.3605804443359,-8.84202194213867,"Unknown"
"6227756",371834,2025-06-08 15:33:36,43.3605651855469,-8.84185600280762,"Unknown"
"6227756",371834,2025-06-08 15:38:29,43.360481262207,-8.84178829193115,"Unknown"
"6227756",371834,2025-06-08 15:43:30,43.3603744506836,-8.84179973602295,"Unknown"
"6227756",371834,2025-06-08 15:48:30,43.3603973388672,-8.8417797088623,"Unknown"
"6227756",371834,2025-06-08 15:53:30,43.3604583740234,-8.84170341491699,"Unknown"
"6227756",371834,2025-06-08 15:58:31,43.3604469299316,-8.84166812896729,"Unknown"
"6227756",371834,2025-06-08 16:03:32,43.360652923584,-8.84181690216064,"Unknown"
"6227756",371834,2025-06-08 16:08:48,43.3606300354004,-8.84189224243164,"Unknown"
"6227756",371834,2025-06-08 16:13:36,43.3607330322266,-8.84177875518799,"Unknown"
"6227756",371834,2025-06-08 16:18:35,43.360710144043,-8.84177684783936,"Unknown"
"6227756",371834,2025-06-08 16:23:36,43.3607292175293,-8.8415584564209,"Unknown"
"6227756",371834,2025-06-08 16:28:47,43.3606872558594,-8.84151268005371,"Unknown"
"6227756",371834,2025-06-08 16:33:31,43.3606872558594,-8.84140491485596,"Unknown"
"6227756",371834,2025-06-08 16:38:37,43.3606910705566,-8.84160995483398,"Unknown"
"6227756",371834,2025-06-08 16:43:35,43.3606719970703,-8.84166049957275,"Unknown"
"6227756",371834,2025-06-08 16:48:29,43.3605346679688,-8.84161567687988,"Unknown"
"6227756",371834,2025-06-08 16:53:34,43.360710144043,-8.84169864654541,"Unknown"
"6227756",371834,2025-06-08 16:58:35,43.3606147766113,-8.84204578399658,"Unknown"
"6227756",371834,2025-06-08 17:03:45,43.3606147766113,-8.84206295013428,"Unknown"
"6227756",371834,2025-06-08 17:08:32,43.3605537414551,-8.84199905395508,"Unknown"
"6227756",371834,2025-06-08 17:13:30,43.3606872558594,-8.84192180633545,"Unknown"
"6227756",371834,2025-06-08 17:18:30,43.3607406616211,-8.84197330474854,"Unknown"
"6227756",371834,2025-06-08 17:23:32,43.3605651855469,-8.84232902526855,"Unknown"
"6227756",371834,2025-06-08 17:28:34,43.3605728149414,-8.84196949005127,"Unknown"
"6227756",371834,2025-06-08 17:33:50,43.3606224060059,-8.84182071685791,"Unknown"
"6227756",371834,2025-06-08 17:38:35,43.3610382080078,-8.84570789337158,"Unknown"
"6227756",371834,2025-06-08 17:43:29,43.3646926879883,-8.846022605896,"Unknown"
"6227756",371834,2025-06-08 17:48:29,43.3613243103027,-8.84516429901123,"Unknown"
"6227756",371834,2025-06-08 17:53:34,43.3606910705566,-8.84125995635986,"Unknown"
"6227756",371834,2025-06-08 17:58:28,43.3611259460449,-8.84109401702881,"Unknown"
"6227756",371834,2025-06-08 18:03:32,43.3605880737305,-8.84220790863037,"Unknown"
"6227756",371834,2025-06-08 18:08:30,43.3610572814941,-8.84116363525391,"Unknown"
"6227756",371834,2025-06-08 18:13:30,43.3610572814941,-8.8412914276123,"Unknown"
"6227756",371834,2025-06-08 18:18:32,43.3610763549805,-8.84177112579346,"Unknown"
"6227756",371834,2025-06-08 18:23:29,43.3605728149414,-8.84211444854736,"Unknown"
"6227756",371834,2025-06-08 18:28:29,43.3607482910156,-8.84185218811035,"Unknown"
"6227756",371834,2025-06-08 18:33:29,43.3604774475098,-8.84187030792236,"Unknown"
"6227756",371834,2025-06-08 18:38:30,43.3606376647949,-8.84183406829834,"Unknown"
"6227756",371834,2025-06-08 18:43:29,43.3606452941895,-8.84177398681641,"Unknown"
"6227756",371834,2025-06-08 18:48:29,43.3607864379883,-8.84173488616943,"Unknown"
"6227756",371834,2025-06-08 18:53:29,43.3607139587402,-8.84179973602295,"Unknown"
"6227756",371834,2025-06-08 18:58:29,43.3609085083008,-8.84179019927979,"Unknown"
"6227756",371834,2025-06-08 19:03:32,43.3606147766113,-8.84168338775635,"Unknown"
"6227756",371834,2025-06-08 19:08:32,43.360668182373,-8.84172534942627,"Unknown"
"6227756",371834,2025-06-08 19:13:29,43.3606796264648,-8.84163761138916,"Unknown"
"6227756",371834,2025-06-08 19:18:29,43.3606758117676,-8.84171104431152,"Unknown"
"6227756",371834,2025-06-08 19:23:29,43.3606224060059,-8.84152030944824,"Unknown"
"6227756",371834,2025-06-08 19:28:29,43.3604927062988,-8.84212970733643,"Unknown"
"6227756",371834,2025-06-08 19:33:29,43.3606262207031,-8.84218311309814,"Unknown"
"6227756",371834,2025-06-08 19:38:31,43.3606758117676,-8.84196949005127,"Unknown"
"6227756",371834,2025-06-08 19:43:35,43.3607978820801,-8.84192943572998,"Unknown"
"6227756",371834,2025-06-08 19:48:32,43.3606338500977,-8.84210872650146,"Unknown"
"6227756",371834,2025-06-08 19:53:31,43.3603630065918,-8.8412389755249,"Unknown"
"6227756",371834,2025-06-08 19:58:30,43.3601188659668,-8.84146213531494,"Unknown"
"6227756",371834,2025-06-08 20:03:32,43.3607635498047,-8.84180545806885,"Unknown"
"6227756",371834,2025-06-08 20:08:37,43.3608207702637,-8.84178733825684,"Unknown"
"6227756",371834,2025-06-08 20:13:30,43.3606872558594,-8.84147262573242,"Unknown"
"6227756",371834,2025-06-08 20:18:31,43.3604736328125,-8.84167575836182,"Unknown"
"6227756",371834,2025-06-08 20:23:31,43.3605308532715,-8.84156227111816,"Unknown"
"6227756",371834,2025-06-08 20:28:31,43.3604545593262,-8.84162616729736,"Unknown"
"6227756",371834,2025-06-08 20:33:30,43.3605041503906,-8.84159564971924,"Unknown"
"6227756",371834,2025-06-08 20:38:30,43.3604965209961,-8.84156036376953,"Unknown"
"6227756",371834,2025-06-08 20:43:31,43.3605194091797,-8.8415699005127,"Unknown"
"6227756",371834,2025-06-08 20:48:30,43.3602752685547,-8.84121417999268,"Unknown"
"6227756",371834,2025-06-08 20:53:30,43.3603248596191,-8.84117698669434,"Unknown"
"6227756",371834,2025-06-08 20:58:29,43.3603897094727,-8.84123516082764,"Unknown"
"6227756",371834,2025-06-08 21:03:30,43.360408782959,-8.84121799468994,"Unknown"
"6227756",371834,2025-06-08 21:08:29,43.3606033325195,-8.84111976623535,"Unknown"
"6227756",371834,2025-06-08 21:13:30,43.3603134155273,-8.84096336364746,"Unknown"
"6227756",371834,2025-06-08 21:18:30,43.3604125976562,-8.84106349945068,"Unknown"
"6227756",371834,2025-06-08 21:23:30,43.3603134155273,-8.84121799468994,"Unknown"
"6227756",371834,2025-06-08 21:28:30,43.3601837158203,-8.84143447875977,"Unknown"
"6227756",371834,2025-06-08 21:34:05,43.3605804443359,-8.84160041809082,"Unknown"
"6227756",371834,2025-06-08 21:38:29,43.3605422973633,-8.84209156036377,"Unknown"
"6227756",371834,2025-06-08 21:43:29,43.360538482666,-8.84198379516602,"Unknown"
"6227756",371834,2025-06-08 21:48:29,43.3604736328125,-8.84192562103271,"Unknown"
"6227756",371834,2025-06-08 21:53:29,43.3605194091797,-8.84192562103271,"Unknown"
"6227756",371834,2025-06-08 21:58:29,43.3605728149414,-8.84150981903076,"Unknown"
"6227756",371834,2025-06-08 22:03:29,43.3606224060059,-8.84159851074219,"Unknown"
"6227756",371834,2025-06-08 22:08:29,43.3605766296387,-8.84169387817383,"Unknown"
"6227756",371834,2025-06-08 22:13:30,43.3605690002441,-8.84164237976074,"Unknown"
"6227756",371834,2025-06-08 22:18:28,43.3606300354004,-8.84160709381104,"Unknown"
"6227756",371834,2025-06-08 22:23:39,43.3606033325195,-8.84162616729736,"Unknown"
"6227756",371834,2025-06-08 22:28:30,43.3607063293457,-8.84135055541992,"Unknown"
"6227756",371834,2025-06-08 22:33:36,43.3608093261719,-8.84132385253906,"Unknown"
"6227756",371834,2025-06-08 22:38:30,43.3608016967773,-8.84131813049316,"Unknown"
"6227756",371834,2025-06-08 22:43:29,43.3605155944824,-8.8416051864624,"Unknown"
"6227756",371834,2025-06-08 22:48:36,43.3611068725586,-8.84203243255615,"Unknown"
"6227756",371834,2025-06-08 22:53:30,43.3705940246582,-8.84653854370117,"Unknown"
"6227756",371834,2025-06-08 22:59:05,43.3607292175293,-8.84175109863281,"Unknown"
"6227756",371834,2025-06-08 23:03:28,43.3607025146484,-8.84180068969727,"Unknown"
"6227756",371834,2025-06-08 23:08:29,43.3605575561523,-8.84171581268311,"Unknown"
"6227756",371834,2025-06-08 23:13:28,43.3605003356934,-8.84168529510498,"Unknown"
"6227756",371834,2025-06-08 23:18:29,43.3604888916016,-8.84168243408203,"Unknown"
"6227756",371834,2025-06-08 23:23:28,43.360523223877,-8.84173202514648,"Unknown"
"6227756",371834,2025-06-08 23:28:29,43.3605270385742,-8.84170818328857,"Unknown"
"6227756",371834,2025-06-08 23:33:29,43.3605918884277,-8.84177780151367,"Unknown"
"6227756",371834,2025-06-08 23:38:28,43.3605270385742,-8.84173107147217,"Unknown"
"6227756",371834,2025-06-08 23:43:36,43.3605461120605,-8.84180164337158,"Unknown"
"6227756",371834,2025-06-08 23:48:36,43.3608932495117,-8.84193515777588,"Unknown"
"6227756",371834,2025-06-08 23:53:28,43.3610076904297,-8.84241962432861,"Unknown"
"6227756",371834,2025-06-08 23:58:36,43.3606834411621,-8.84180545806885,"Unknown"
"6227756",371834,2025-06-09 00:03:36,43.3605728149414,-8.84180641174316,"Unknown"
"6227756",371834,2025-06-09 00:08:36,43.3609237670898,-8.84234619140625,"Unknown"
"6227756",371834,2025-06-09 00:13:37,43.360466003418,-8.8417444229126,"Unknown"
"6227756",371834,2025-06-09 00:18:35,43.3605537414551,-8.84178161621094,"Unknown"
"6227756",371834,2025-06-09 00:23:35,43.3607711791992,-8.8417797088623,"Unknown"
"6227756",371834,2025-06-09 00:28:35,43.3598136901855,-8.84164333343506,"Unknown"
"6227756",371834,2025-06-09 00:33:38,43.3643760681152,-8.85318279266357,"Unknown"
"6227756",371834,2025-06-09 00:39:43,43.3603172302246,-8.84160804748535,"Unknown"
"6227756",371834,2025-06-09 00:43:29,43.3606071472168,-8.84177398681641,"Unknown"
"6227756",371834,2025-06-09 00:48:28,43.3606109619141,-8.84178161621094,"Unknown"
"6227756",371834,2025-06-09 00:53:29,43.3605690002441,-8.84179401397705,"Unknown"
"6227756",371834,2025-06-09 00:58:29,43.3605422973633,-8.84174346923828,"Unknown"
"6227756",371834,2025-06-09 01:03:29,43.3606185913086,-8.84180641174316,"Unknown"
"6227756",371834,2025-06-09 01:08:28,43.3605766296387,-8.84183406829834,"Unknown"
"6227756",371834,2025-06-09 01:13:29,43.3605918884277,-8.8417797088623,"Unknown"
"6227756",371834,2025-06-09 01:18:29,43.360481262207,-8.84166240692139,"Unknown"
"6227756",371834,2025-06-09 01:23:29,43.3605651855469,-8.84184837341309,"Unknown"
"6227756",371834,2025-06-09 01:28:29,43.3606414794922,-8.84180545806885,"Unknown"
"6227756",371834,2025-06-09 01:33:29,43.3605880737305,-8.84187793731689,"Unknown"
"6227756",371834,2025-06-09 01:38:30,43.3605537414551,-8.84179878234863,"Unknown"
"6227756",371834,2025-06-09 01:43:29,43.360595703125,-8.84177780151367,"Unknown"
"6227756",371834,2025-06-09 01:48:29,43.3605880737305,-8.84176349639893,"Unknown"
"6227756",371834,2025-06-09 01:53:30,43.3605690002441,-8.84178256988525,"Unknown"
"6227756",371834,2025-06-09 01:58:30,43.360595703125,-8.84194278717041,"Unknown"
"6227756",371834,2025-06-09 02:03:29,43.3606567382812,-8.84182548522949,"Unknown"
"6227756",371834,2025-06-09 02:08:29,43.3607902526855,-8.84166049957275,"Unknown"
"6227756",371834,2025-06-09 02:13:30,43.3606910705566,-8.84175395965576,"Unknown"
"6227756",371834,2025-06-09 02:18:30,43.3607177734375,-8.84180927276611,"Unknown"
"6227756",371834,2025-06-09 02:23:32,43.3606796264648,-8.84165096282959,"Unknown"
"6227756",371834,2025-06-09 02:28:29,43.360725402832,-8.84170341491699,"Unknown"
"6227756",371834,2025-06-09 02:33:32,43.3606872558594,-8.84158515930176,"Unknown"
"6227756",371834,2025-06-09 02:38:29,43.3608856201172,-8.84172630310059,"Unknown"
"6227756",371834,2025-06-09 02:43:29,43.3608589172363,-8.84174060821533,"Unknown"
"6227756",371834,2025-06-09 02:48:30,43.360652923584,-8.84177494049072,"Unknown"
"6227756",371834,2025-06-09 02:53:30,43.3607559204102,-8.84172534942627,"Unknown"
"6227756",371834,2025-06-09 02:58:44,43.3607177734375,-8.84171390533447,"Unknown"
"6227756",371834,2025-06-09 03:03:32,43.3607406616211,-8.84178733825684,"Unknown"
"6227756",371834,2025-06-09 03:08:29,43.3607482910156,-8.84174919128418,"Unknown"
"6227756",371834,2025-06-09 03:13:29,43.3607063293457,-8.84172534942627,"Unknown"
"6227756",371834,2025-06-09 03:18:32,43.3607025146484,-8.84175395965576,"Unknown"
"6227756",371834,2025-06-09 03:23:30,43.3606300354004,-8.84170532226562,"Unknown"
"6227756",371834,2025-06-09 03:28:29,43.3607292175293,-8.84176731109619,"Unknown"
"6227756",371834,2025-06-09 03:33:29,43.3607025146484,-8.84185791015625,"Unknown"
"6227756",371834,2025-06-09 03:38:29,43.3606643676758,-8.84182167053223,"Unknown"
"6227756",371834,2025-06-09 03:43:29,43.360767364502,-8.84190082550049,"Unknown"
"6227756",371834,2025-06-09 03:48:29,43.3607139587402,-8.84199619293213,"Unknown"
"6227756",371834,2025-06-09 03:53:31,43.3607215881348,-8.84197807312012,"Unknown"
"6227756",371834,2025-06-09 03:58:30,43.3607902526855,-8.8419361114502,"Unknown"
"6227756",371834,2025-06-09 04:03:30,43.3606414794922,-8.84174156188965,"Unknown"
"6227756",371834,2025-06-09 04:08:30,43.3606719970703,-8.84161376953125,"Unknown"
"6227756",371834,2025-06-09 04:13:31,43.3606834411621,-8.84175682067871,"Unknown"
"6227756",371834,2025-06-09 04:18:36,43.3608169555664,-8.84196376800537,"Unknown"
"6227756",371834,2025-06-09 04:23:39,43.3608055114746,-8.84204864501953,"Unknown"
"6227756",371834,2025-06-09 04:28:45,43.3605918884277,-8.84180641174316,"Unknown"
"6227756",371834,2025-06-09 04:33:32,43.3606986999512,-8.84201049804688,"Unknown"
"6227756",371834,2025-06-09 04:38:37,43.3606948852539,-8.84190845489502,"Unknown"
"6227756",371834,2025-06-09 04:43:37,43.3606376647949,-8.84190464019775,"Unknown"
"6227756",371834,2025-06-09 04:48:38,43.3606262207031,-8.84186935424805,"Unknown"
"6227756",371834,2025-06-09 04:53:36,43.3605804443359,-8.84183311462402,"Unknown"
"6227756",371834,2025-06-09 04:58:37,43.3606109619141,-8.84179592132568,"Unknown"
"6227756",371834,2025-06-09 05:03:32,43.360523223877,-8.84181594848633,"Unknown"
"6227756",371834,2025-06-09 05:08:40,43.3605270385742,-8.84175586700439,"Unknown"
"6227756",371834,2025-06-09 05:13:37,43.3605537414551,-8.84171009063721,"Unknown"
"6227756",371834,2025-06-09 05:18:37,43.3605270385742,-8.84161567687988,"Unknown"
"6227756",371834,2025-06-09 05:23:32,43.3605499267578,-8.84168338775635,"Unknown"
"6227756",371834,2025-06-09 05:28:32,43.3605079650879,-8.84162616729736,"Unknown"
"6227756",371834,2025-06-09 05:33:32,43.3605308532715,-8.84163093566895,"Unknown"
"6227756",371834,2025-06-09 05:38:38,43.3605995178223,-8.84163284301758,"Unknown"
"6227756",371834,2025-06-09 05:43:37,43.360523223877,-8.84158611297607,"Unknown"
"6227756",371834,2025-06-09 05:48:41,43.3605728149414,-8.8416051864624,"Unknown"
"6227756",371834,2025-06-09 05:53:33,43.3605995178223,-8.84160804748535,"Unknown"
"6227756",371834,2025-06-09 05:58:29,43.360523223877,-8.84144306182861,"Unknown"
"6227756",371834,2025-06-09 06:03:29,43.3604888916016,-8.84127426147461,"Unknown"
"6227756",371834,2025-06-09 06:08:32,43.3607215881348,-8.84184741973877,"Unknown"
"6227756",371834,2025-06-09 06:13:34,43.360668182373,-8.84156608581543,"Unknown"
"6227756",371834,2025-06-09 06:18:33,43.3606300354004,-8.84177017211914,"Unknown"
"6227756",371834,2025-06-09 06:23:40,43.3605155944824,-8.84152984619141,"Unknown"
"6227756",371834,2025-06-09 06:28:37,43.3605461120605,-8.84154224395752,"Unknown"
"6227756",371834,2025-06-09 06:33:40,43.3605690002441,-8.84169292449951,"Unknown"
"6227756",371834,2025-06-09 06:38:50,43.3607521057129,-8.84209823608398,"Unknown"
"6227756",371834,2025-06-09 06:43:39,43.3606452941895,-8.84152984619141,"Unknown"
"6227756",371834,2025-06-09 06:48:55,43.3606414794922,-8.84201145172119,"Unknown"
"6227756",371834,2025-06-09 06:53:37,43.3605308532715,-8.84147167205811,"Unknown"
"6227756",371834,2025-06-09 06:58:37,43.3605880737305,-8.84209442138672,"Unknown"
"6227756",371834,2025-06-09 07:03:39,43.360954284668,-8.84209632873535,"Unknown"
"6227756",371834,2025-06-09 07:08:59,43.3604965209961,-8.84172916412354,"Unknown"
"6227756",371834,2025-06-09 07:13:36,43.3613586425781,-8.84293746948242,"Unknown"
"6227756",371834,2025-06-09 07:18:36,43.3584175109863,-8.81892967224121,"Unknown"
"6227756",371834,2025-06-09 07:23:37,43.3609809875488,-8.83717727661133,"Unknown"
"6227756",371834,2025-06-09 07:28:31,43.3573570251465,-8.83417129516602,"Unknown"
"6227756",371834,2025-06-09 07:33:43,43.3664207458496,-8.833984375,"Unknown"
"6227756",371834,2025-06-09 07:39:04,43.3605499267578,-8.84172248840332,"Unknown"
"6227756",371834,2025-06-09 07:43:28,43.3603744506836,-8.8414421081543,"Unknown"
"6227756",371834,2025-06-09 07:48:31,43.3575553894043,-8.83450603485107,"Unknown"
"6227756",371834,2025-06-09 07:53:37,43.360481262207,-8.8416805267334,"Unknown"
"6227756",371834,2025-06-09 07:58:38,43.3603973388672,-8.84159469604492,"Unknown"
"6227756",371834,2025-06-09 08:03:38,43.360538482666,-8.84171199798584,"Unknown"
"6227756",371834,2025-06-09 08:08:37,43.3437995910645,-8.82308578491211,"Unknown"
"6227756",371834,2025-06-09 08:13:36,43.3431510925293,-8.82128143310547,"Unknown"
"6227756",371834,2025-06-09 08:18:45,43.360523223877,-8.84178447723389,"Unknown"
"6227756",371834,2025-06-09 08:23:36,43.3605346679688,-8.84193420410156,"Unknown"
"6227756",371834,2025-06-09 08:28:30,43.3581809997559,-8.82856750488281,"Unknown"
"6227756",371834,2025-06-09 08:33:31,43.357837677002,-8.82512760162354,"Unknown"
"6227756",371834,2025-06-09 08:38:34,43.3604164123535,-8.84170436859131,"Unknown"
"6227756",371834,2025-06-09 08:43:38,43.3605461120605,-8.84155654907227,"Unknown"
"6227756",371834,2025-06-09 08:48:38,43.359733581543,-8.8058614730835,"Unknown"
"6227756",371834,2025-06-09 08:53:43,43.3586540222168,-8.80285549163818,"Unknown"
"6227756",371834,2025-06-09 08:58:35,43.3574752807617,-8.79897975921631,"Unknown"
"6227756",371834,2025-06-09 09:04:05,43.3605461120605,-8.84175109863281,"Unknown"
"6227756",371834,2025-06-09 09:08:29,43.3602714538574,-8.84175109863281,"Unknown"
"6227756",371834,2025-06-09 09:13:32,43.3606605529785,-8.84148597717285,"Unknown"
"6227756",371834,2025-06-09 09:18:29,43.3606300354004,-8.84164619445801,"Unknown"
"6227756",371834,2025-06-09 09:23:31,43.3605308532715,-8.84164237976074,"Unknown"
"6227756",371834,2025-06-09 09:28:30,43.3605422973633,-8.84173202514648,"Unknown"
"6227756",371834,2025-06-09 09:33:32,43.3604774475098,-8.84174060821533,"Unknown"
"6227756",371834,2025-06-09 09:38:32,43.3603858947754,-8.84175300598145,"Unknown"
"6227756",371834,2025-06-09 09:43:37,43.3604621887207,-8.84174823760986,"Unknown"
"6227756",371834,2025-06-09 09:48:43,43.3604583740234,-8.84175777435303,"Unknown"
"6227756",371834,2025-06-09 09:53:40,43.360523223877,-8.84180927276611,"Unknown"
"6227756",371834,2025-06-09 09:58:36,43.3605918884277,-8.8417854309082,"Unknown"
"6227756",371834,2025-06-09 10:03:31,43.3605003356934,-8.84188556671143,"Unknown"
"6227756",371834,2025-06-09 10:08:38,43.3603935241699,-8.84181308746338,"Unknown"
"6227756",371834,2025-06-09 10:13:44,43.3604583740234,-8.84180068969727,"Unknown"
"6227756",371834,2025-06-09 10:18:36,43.360481262207,-8.84180355072021,"Unknown"
"6227756",371834,2025-06-09 10:23:32,43.3605079650879,-8.84180355072021,"Unknown"
"6227756",371834,2025-06-09 10:28:35,43.3604049682617,-8.8417444229126,"Unknown"
"6227756",371834,2025-06-09 10:33:37,43.3604011535645,-8.8417501449585,"Unknown"
"6227756",371834,2025-06-09 10:38:49,43.3604469299316,-8.84179782867432,"Unknown"
"6227756",371834,2025-06-09 10:43:37,43.3605422973633,-8.84184741973877,"Unknown"
"6227756",371834,2025-06-09 10:48:35,43.3607177734375,-8.84177875518799,"Unknown"
"6227756",371834,2025-06-09 10:53:36,43.3605422973633,-8.84181690216064,"Unknown"
"6227756",371834,2025-06-09 10:58:37,43.3606414794922,-8.84177398681641,"Unknown"
"6227756",371834,2025-06-09 11:03:37,43.3606605529785,-8.84183311462402,"Unknown"
"6227756",371834,2025-06-09 11:08:37,43.3605537414551,-8.84175586700439,"Unknown"
"6227756",371834,2025-06-09 11:13:37,43.3605842590332,-8.84165668487549,"Unknown"
"6227756",371834,2025-06-09 11:18:51,43.361156463623,-8.84130668640137,"Unknown"
"6227756",371834,2025-06-09 11:23:43,43.3606491088867,-8.84209823608398,"Unknown"
"6227756",371834,2025-06-09 11:28:39,43.3607597351074,-8.84192657470703,"Unknown"
"6227756",371834,2025-06-09 11:33:46,43.3607940673828,-8.84188556671143,"Unknown"
"6227756",371834,2025-06-09 11:39:00,43.3607444763184,-8.84169387817383,"Unknown"
"6227756",371834,2025-06-09 11:43:43,43.3606948852539,-8.84165954589844,"Unknown"
"6227756",371834,2025-06-09 11:48:36,43.3606147766113,-8.84164905548096,"Unknown"
"6227756",371834,2025-06-09 11:53:36,43.3606147766113,-8.84169101715088,"Unknown"
"6227756",371834,2025-06-09 11:58:35,43.3605461120605,-8.84163761138916,"Unknown"
"6227756",371834,2025-06-09 12:03:37,43.3605651855469,-8.84160614013672,"Unknown"
"6227756",371834,2025-06-09 12:08:59,43.3605728149414,-8.84166812896729,"Unknown"
"6227756",371834,2025-06-09 12:13:37,43.3605194091797,-8.84178352355957,"Unknown"
"6227756",371834,2025-06-09 12:18:34,43.3603897094727,-8.84153842926025,"Unknown"
"6227756",371834,2025-06-09 12:23:31,43.3605461120605,-8.84196281433105,"Unknown"
"6227756",371834,2025-06-09 12:28:30,43.360652923584,-8.84188938140869,"Unknown"
"6227756",371834,2025-06-09 12:33:35,43.3607292175293,-8.84189224243164,"Unknown"
"6227756",371834,2025-06-09 12:38:37,43.3606338500977,-8.84187602996826,"Unknown"
"6227756",371834,2025-06-09 12:43:36,43.3606567382812,-8.84193515777588,"Unknown"
"6227756",371834,2025-06-09 12:48:32,43.3606605529785,-8.84199905395508,"Unknown"
"6227756",371834,2025-06-09 12:53:32,43.3605804443359,-8.84197521209717,"Unknown"
"6227756",371834,2025-06-09 12:59:05,43.3606300354004,-8.84166431427002,"Unknown"
"6227756",371834,2025-06-09 13:03:34,43.3606376647949,-8.84162425994873,"Unknown"
"6227756",371834,2025-06-09 13:08:28,43.3606109619141,-8.84161186218262,"Unknown"
"6227756",371834,2025-06-09 13:13:32,43.3607292175293,-8.841552734375,"Unknown"
"6227756",371834,2025-06-09 13:18:36,43.3606567382812,-8.84160804748535,"Unknown"
"6227756",371834,2025-06-09 13:23:41,43.3608131408691,-8.84151458740234,"Unknown"
"6227756",371834,2025-06-09 13:28:38,43.3606452941895,-8.84158611297607,"Unknown"
"6227756",371834,2025-06-09 13:33:35,43.3606452941895,-8.84162902832031,"Unknown"
"6227756",371834,2025-06-09 13:38:42,43.360725402832,-8.84170627593994,"Unknown"
"6227756",371834,2025-06-09 13:43:36,43.3606338500977,-8.84178447723389,"Unknown"
"6227756",371834,2025-06-09 13:48:37,43.3610305786133,-8.84172248840332,"Unknown"
"6227756",371834,2025-06-09 13:53:43,43.3607368469238,-8.84168338775635,"Unknown"
"6227756",371834,2025-06-09 13:58:32,43.3605155944824,-8.84150981903076,"Unknown"
"6227756",371834,2025-06-09 14:04:05,43.3605155944824,-8.84170818328857,"Unknown"
"6227756",371834,2025-06-09 14:08:35,43.3605346679688,-8.84185600280762,"Unknown"
"6227756",371834,2025-06-09 14:13:29,43.360408782959,-8.84179782867432,"Unknown"
"6227756",371834,2025-06-09 14:18:32,43.3605804443359,-8.84179210662842,"Unknown"
"6227756",371834,2025-06-09 14:23:32,43.3605461120605,-8.84165000915527,"Unknown"
"6227756",371834,2025-06-09 14:28:31,43.3604850769043,-8.84171199798584,"Unknown"
"6227756",371834,2025-06-09 14:33:29,43.3604278564453,-8.8420352935791,"Unknown"
"6227756",371834,2025-06-09 14:38:36,43.360481262207,-8.8416805267334,"Unknown"
"6227756",371834,2025-06-09 14:43:29,43.3605270385742,-8.8415355682373,"Unknown"
"6227756",371834,2025-06-09 14:48:37,43.360466003418,-8.84146118164062,"Unknown"
"6227756",371834,2025-06-09 14:53:36,43.3604545593262,-8.84158515930176,"Unknown"
"6227756",371834,2025-06-09 14:58:30,43.3605117797852,-8.84171390533447,"Unknown"
"6227756",371834,2025-06-09 15:03:37,43.3605003356934,-8.84162521362305,"Unknown"
"6227756",371834,2025-06-09 15:08:34,43.3606071472168,-8.84171485900879,"Unknown"
"6227756",371834,2025-06-09 15:13:30,43.360538482666,-8.84132289886475,"Unknown"
"6227756",371834,2025-06-09 15:18:36,43.3604545593262,-8.8415699005127,"Unknown"
"6227756",371834,2025-06-09 15:23:34,43.3604774475098,-8.84164524078369,"Unknown"
"6227756",371834,2025-06-09 15:28:34,43.3604965209961,-8.84157657623291,"Unknown"
"6227756",371834,2025-06-09 15:33:36,43.3604621887207,-8.84160804748535,"Unknown"
"6227756",371834,2025-06-09 15:38:36,43.3604888916016,-8.84161758422852,"Unknown"
"6227756",371834,2025-06-09 15:43:35,43.3604316711426,-8.84157848358154,"Unknown"
"6227756",371834,2025-06-09 15:48:40,43.3605804443359,-8.84162998199463,"Unknown"
"6227756",371834,2025-06-09 15:53:40,43.3607215881348,-8.84192276000977,"Unknown"
"6227756",371834,2025-06-09 15:58:38,43.3607864379883,-8.84198951721191,"Unknown"
"6227756",371834,2025-06-09 16:03:37,43.360668182373,-8.8418550491333,"Unknown"
"6227756",371834,2025-06-09 16:08:44,43.3609657287598,-8.84235000610352,"Unknown"
"6227756",371834,2025-06-09 16:13:37,43.3602714538574,-8.84129810333252,"Unknown"
"6227756",371834,2025-06-09 16:18:45,43.3606147766113,-8.84169292449951,"Unknown"
"6227756",371834,2025-06-09 16:23:33,43.3603591918945,-8.8399019241333,"Unknown"
"6227756",371834,2025-06-09 16:28:33,43.3603210449219,-8.83987140655518,"Unknown"
"6227756",371834,2025-06-09 16:33:39,43.3604393005371,-8.84062099456787,"Unknown"
"6227756",371834,2025-06-09 16:38:49,43.3604850769043,-8.84126758575439,"Unknown"
"6227756",371834,2025-06-09 16:43:47,43.3604431152344,-8.84158992767334,"Unknown"
"6227756",371834,2025-06-09 16:48:39,43.3605308532715,-8.84175682067871,"Unknown"
"6227756",371834,2025-06-09 16:53:39,43.3605499267578,-8.84177684783936,"Unknown"
"6227756",371834,2025-06-09 16:58:39,43.3600692749023,-8.84140586853027,"Unknown"
"6227756",371834,2025-06-09 17:03:42,43.3603820800781,-8.84133434295654,"Unknown"
"6227756",371834,2025-06-09 17:08:39,43.360179901123,-8.84121608734131,"Unknown"
"6227756",371834,2025-06-09 17:13:40,43.3602828979492,-8.84127902984619,"Unknown"
"6227756",371834,2025-06-09 17:18:39,43.3604583740234,-8.84164619445801,"Unknown"
"6227756",371834,2025-06-09 17:23:38,43.3603744506836,-8.84156799316406,"Unknown"
"6227756",371834,2025-06-09 17:28:39,43.3602828979492,-8.84165573120117,"Unknown"
"6227756",371834,2025-06-09 17:33:44,43.3604774475098,-8.84174633026123,"Unknown"
"6227756",371834,2025-06-09 17:38:39,43.3603897094727,-8.84164142608643,"Unknown"
"6227756",371834,2025-06-09 17:43:39,43.3605308532715,-8.84154891967773,"Unknown"
"6227756",371834,2025-06-09 17:48:39,43.3606109619141,-8.84142684936523,"Unknown"
"6227756",371834,2025-06-09 17:53:44,43.3605918884277,-8.8419361114502,"Unknown"
"6227756",371834,2025-06-09 17:58:40,43.3604698181152,-8.84177875518799,"Unknown"
"6227756",371834,2025-06-09 18:03:40,43.3606033325195,-8.8419189453125,"Unknown"
"6227756",371834,2025-06-09 18:08:33,43.3605499267578,-8.84199714660645,"Unknown"
"6227756",371834,2025-06-09 18:13:44,43.3605461120605,-8.84187889099121,"Unknown"
"6227756",371834,2025-06-09 18:18:39,43.3607215881348,-8.84208965301514,"Unknown"
"6227756",371834,2025-06-09 18:23:41,43.3609733581543,-8.84209823608398,"Unknown"
"6227756",371834,2025-06-09 18:28:48,43.3606185913086,-8.84202671051025,"Unknown"
"6227756",371834,2025-06-09 18:33:44,43.3604927062988,-8.84167957305908,"Unknown"
"6227756",371834,2025-06-09 18:38:41,43.3604278564453,-8.84183216094971,"Unknown"
"6227756",371834,2025-06-09 18:43:39,43.3604583740234,-8.84176635742188,"Unknown"
"6227756",371834,2025-06-09 18:48:39,43.360466003418,-8.8418140411377,"Unknown"
"6227756",371834,2025-06-09 18:53:45,43.3605003356934,-8.84193134307861,"Unknown"
"6227756",371834,2025-06-09 18:58:45,43.3604698181152,-8.84214115142822,"Unknown"
"6227756",371834,2025-06-09 19:04:05,43.3605041503906,-8.84179973602295,"Unknown"
"6227756",371834,2025-06-09 19:08:29,43.3605079650879,-8.84177112579346,"Unknown"
"6227756",371834,2025-06-09 19:13:29,43.3604965209961,-8.84184455871582,"Unknown"
"6227756",371834,2025-06-09 19:18:29,43.3605728149414,-8.84170436859131,"Unknown"
"6227756",371834,2025-06-09 19:23:29,43.3605270385742,-8.84181785583496,"Unknown"
"6227756",371834,2025-06-09 19:28:32,43.360595703125,-8.84171485900879,"Unknown"
"6227756",371834,2025-06-09 19:33:30,43.3649635314941,-8.84131240844727,"Unknown"
"6227756",371834,2025-06-09 19:38:30,43.3448715209961,-8.83518409729004,"Unknown"
"6227756",371834,2025-06-09 19:43:31,43.3276863098145,-8.82864093780518,"Unknown"
"6227756",371834,2025-06-09 19:48:32,43.328052520752,-8.82793426513672,"Unknown"
"6227756",371834,2025-06-09 19:53:31,43.3278656005859,-8.82773876190186,"Unknown"
"6227756",371834,2025-06-09 19:58:31,43.3195953369141,-8.83831977844238,"Unknown"
"6227756",371834,2025-06-09 20:03:37,43.315544128418,-8.84012031555176,"Unknown"
"6227756",371834,2025-06-09 20:08:30,43.3344306945801,-8.845383644104,"Unknown"
"6227756",371834,2025-06-09 20:13:30,43.3563652038574,-8.84637641906738,"Unknown"
"6227756",371834,2025-06-09 20:18:32,43.3603057861328,-8.8414421081543,"Unknown"
"6227756",371834,2025-06-09 20:23:32,43.3599891662598,-8.84088706970215,"Unknown"
"6227756",371834,2025-06-09 20:28:31,43.3600654602051,-8.8410120010376,"Unknown"
"6227756",371834,2025-06-09 20:33:34,43.3605461120605,-8.8418664932251,"Unknown"
"6227756",371834,2025-06-09 20:38:33,43.3603210449219,-8.84139537811279,"Unknown"
"6227756",371834,2025-06-09 20:43:34,43.3605270385742,-8.84189319610596,"Unknown"
"6227756",371834,2025-06-09 20:48:35,43.360424041748,-8.8416223526001,"Unknown"
"6227756",371834,2025-06-09 20:53:39,43.3605461120605,-8.84195041656494,"Unknown"
"6227756",371834,2025-06-09 20:58:39,43.3605766296387,-8.84185218811035,"Unknown"
"6227756",371834,2025-06-09 21:03:42,43.3605499267578,-8.84195995330811,"Unknown"
"6227756",371834,2025-06-09 21:08:36,43.360954284668,-8.84281921386719,"Unknown"
"6227756",371834,2025-06-09 21:13:42,43.3606224060059,-8.84188556671143,"Unknown"
"6227756",371834,2025-06-09 21:18:42,43.360595703125,-8.84197807312012,"Unknown"
"6227756",371834,2025-06-09 21:23:40,43.3605918884277,-8.84189510345459,"Unknown"
"6227756",371834,2025-06-09 21:28:41,43.3605842590332,-8.84198760986328,"Unknown"
"6227756",371834,2025-06-09 21:33:41,43.3605422973633,-8.84191703796387,"Unknown"
"6227756",371834,2025-06-09 21:38:43,43.3605308532715,-8.84196758270264,"Unknown"
"6227756",371834,2025-06-09 21:43:38,43.3605995178223,-8.8420238494873,"Unknown"
"6227756",371834,2025-06-09 21:48:42,43.360725402832,-8.84206199645996,"Unknown"
"6227756",371834,2025-06-09 21:53:43,43.3606491088867,-8.84193706512451,"Unknown"
"6227756",371834,2025-06-09 21:58:35,43.3607635498047,-8.84205436706543,"Unknown"
"6227756",371834,2025-06-09 22:03:42,43.3605918884277,-8.8419828414917,"Unknown"
"6227756",371834,2025-06-09 22:08:41,43.3605766296387,-8.84190940856934,"Unknown"
"6227756",371834,2025-06-09 22:13:48,43.3611946105957,-8.84196853637695,"Unknown"
"6227756",371834,2025-06-09 22:18:43,43.3628044128418,-8.84215641021729,"Unknown"
"6227756",371834,2025-06-09 22:23:44,43.3639945983887,-8.84251117706299,"Unknown"
"6227756",371834,2025-06-09 22:28:57,43.3667335510254,-8.84355163574219,"Unknown"
"6227756",371834,2025-06-09 22:33:49,43.3671569824219,-8.84402656555176,"Unknown"
"6227756",371834,2025-06-09 22:39:05,43.3605995178223,-8.84173965454102,"Unknown"
"6227756",371834,2025-06-09 22:43:33,43.3606376647949,-8.84180927276611,"Unknown"
"6227756",371834,2025-06-09 22:48:39,43.3604545593262,-8.84172344207764,"Unknown"
"6227756",371834,2025-06-09 22:53:32,43.3604469299316,-8.84156322479248,"Unknown"
"6227756",371834,2025-06-09 22:58:33,43.3605690002441,-8.84165954589844,"Unknown"
"6227756",371834,2025-06-09 23:03:43,43.3605766296387,-8.84174156188965,"Unknown"
"6227756",371834,2025-06-09 23:08:37,43.3605308532715,-8.84179306030273,"Unknown"
"6227756",371834,2025-06-09 23:13:39,43.3606300354004,-8.84178352355957,"Unknown"
"6227756",371834,2025-06-09 23:18:35,43.3606071472168,-8.84175109863281,"Unknown"
"6227756",371834,2025-06-09 23:23:44,43.3605766296387,-8.84162521362305,"Unknown"
"6227756",371834,2025-06-09 23:28:43,43.3607521057129,-8.84203624725342,"Unknown"
"6227756",371834,2025-06-09 23:33:49,43.3606491088867,-8.8417854309082,"Unknown"
"6227756",371834,2025-06-09 23:38:40,43.3605079650879,-8.84178352355957,"Unknown"
"6227756",371834,2025-06-09 23:43:44,43.3609428405762,-8.84154224395752,"Unknown"
"6227756",371834,2025-06-09 23:48:39,43.3610382080078,-8.84144878387451,"Unknown"
"6227756",371834,2025-06-09 23:53:36,43.3611679077148,-8.84152698516846,"Unknown"
"6227756",371834,2025-06-09 23:58:40,43.3609924316406,-8.84156608581543,"Unknown"
"6227756",371834,2025-06-10 00:04:04,43.3602828979492,-8.84154987335205,"Unknown"
"6227756",371834,2025-06-10 00:08:32,43.360279083252,-8.84145736694336,"Unknown"
"6227756",371834,2025-06-10 00:13:31,43.3602561950684,-8.84153366088867,"Unknown"
"6227756",371834,2025-06-10 00:18:31,43.3602561950684,-8.84149646759033,"Unknown"
"6227756",371834,2025-06-10 00:23:34,43.3603477478027,-8.84153366088867,"Unknown"
"6227756",371834,2025-06-10 00:28:36,43.3604125976562,-8.84122371673584,"Unknown"
"6227756",371834,2025-06-10 00:33:37,43.360538482666,-8.84082126617432,"Unknown"
"6227756",371834,2025-06-10 00:38:42,43.3605728149414,-8.84059238433838,"Unknown"
"6227756",371834,2025-06-10 00:43:39,43.3606109619141,-8.84067916870117,"Unknown"
"6227756",371834,2025-06-10 00:48:39,43.3606452941895,-8.84068393707275,"Unknown"
"6227756",371834,2025-06-10 00:53:42,43.3606491088867,-8.8407154083252,"Unknown"
"6227756",371834,2025-06-10 00:58:30,43.3602180480957,-8.84139060974121,"Unknown"
"6227756",371834,2025-06-10 01:03:31,43.360279083252,-8.84156227111816,"Unknown"
"6227756",371834,2025-06-10 01:08:32,43.3603057861328,-8.84176540374756,"Unknown"
"6227756",371834,2025-06-10 01:13:30,43.360294342041,-8.84161376953125,"Unknown"
"6227756",371834,2025-06-10 01:18:34,43.3603630065918,-8.84183406829834,"Unknown"
"6227756",371834,2025-06-10 01:23:33,43.3602714538574,-8.84171104431152,"Unknown"
"6227756",371834,2025-06-10 01:28:33,43.3606185913086,-8.84140300750732,"Unknown"
"6227756",371834,2025-06-10 01:33:30,43.3727951049805,-8.83660888671875,"Unknown"
"6227756",371834,2025-06-10 01:38:37,43.377742767334,-8.8443431854248,"Unknown"
"6227756",371834,2025-06-10 01:43:33,43.3655548095703,-8.84501457214355,"Unknown"
"6227756",371834,2025-06-10 01:48:47,43.3605499267578,-8.84171581268311,"Unknown"
"6227756",371834,2025-06-10 01:53:44,43.3606605529785,-8.84174060821533,"Unknown"
"6227756",371834,2025-06-10 01:58:30,43.3609237670898,-8.84185981750488,"Unknown"
"6227756",371834,2025-06-10 02:03:37,43.3609619140625,-8.84193229675293,"Unknown"
"6227756",371834,2025-06-10 02:08:34,43.3606796264648,-8.8419942855835,"Unknown"
"6227756",371834,2025-06-10 02:13:38,43.3608055114746,-8.84173488616943,"Unknown"
"6227756",371834,2025-06-10 02:18:37,43.3608589172363,-8.84196090698242,"Unknown"
"6227756",371834,2025-06-10 02:23:33,43.361083984375,-8.84185600280762,"Unknown"
"6227756",371834,2025-06-10 02:28:38,43.360954284668,-8.84218978881836,"Unknown"
"6227756",371834,2025-06-10 02:33:38,43.3604431152344,-8.84119606018066,"Unknown"
"6227756",371834,2025-06-10 02:38:38,43.3609580993652,-8.84256839752197,"Unknown"
"6227756",371834,2025-06-10 02:43:38,43.3606872558594,-8.84189033508301,"Unknown"
"6227756",371834,2025-06-10 02:48:44,43.3605499267578,-8.84179782867432,"Unknown"
"6227756",371834,2025-06-10 02:54:05,43.360538482666,-8.84172248840332,"Unknown"
"6227756",371834,2025-06-10 02:58:29,43.3605346679688,-8.84167671203613,"Unknown"
"6227756",371834,2025-06-10 03:03:29,43.3605499267578,-8.84174060821533,"Unknown"
"6227756",371834,2025-06-10 03:08:29,43.3605117797852,-8.84175300598145,"Unknown"
"6227756",371834,2025-06-10 03:13:30,43.360523223877,-8.84179878234863,"Unknown"
"6227756",371834,2025-06-10 03:18:30,43.3605270385742,-8.841796875,"Unknown"
"6227756",371834,2025-06-10 03:23:29,43.3605270385742,-8.8416576385498,"Unknown"
"6227756",371834,2025-06-10 03:28:30,43.3605270385742,-8.84178829193115,"Unknown"
"6227756",371834,2025-06-10 03:33:32,43.3605079650879,-8.84166431427002,"Unknown"
"6227756",371834,2025-06-10 03:38:30,43.3605308532715,-8.84176635742188,"Unknown"
"6227756",371834,2025-06-10 03:43:29,43.360466003418,-8.84170627593994,"Unknown"
"6227756",371834,2025-06-10 03:48:30,43.3605117797852,-8.84165668487549,"Unknown"
"6227756",371834,2025-06-10 03:53:30,43.3605079650879,-8.84164905548096,"Unknown"
"6227756",371834,2025-06-10 03:58:30,43.3605155944824,-8.84169483184814,"Unknown"
"6227756",371834,2025-06-10 04:03:32,43.360481262207,-8.84167957305908,"Unknown"
"6227756",371834,2025-06-10 04:08:30,43.3604888916016,-8.84164428710938,"Unknown"
"6227756",371834,2025-06-10 04:13:36,43.3607292175293,-8.84181594848633,"Unknown"
"6227756",371834,2025-06-10 04:18:30,43.3605079650879,-8.84170436859131,"Unknown"
"6227756",371834,2025-06-10 04:23:30,43.3604927062988,-8.84167671203613,"Unknown"
"6227756",371834,2025-06-10 04:28:30,43.3604850769043,-8.84169673919678,"Unknown"
"6227756",371834,2025-06-10 04:33:32,43.3602333068848,-8.84147262573242,"Unknown"
"6227756",371834,2025-06-10 04:38:42,43.3604965209961,-8.84174537658691,"Unknown"
"6227756",371834,2025-06-10 04:43:30,43.3603820800781,-8.84158325195312,"Unknown"
"6227756",371834,2025-06-10 04:48:30,43.3604278564453,-8.84183692932129,"Unknown"
"6227756",371834,2025-06-10 04:53:30,43.360668182373,-8.84194660186768,"Unknown"
"6227756",371834,2025-06-10 04:58:30,43.3606491088867,-8.84189987182617,"Unknown"
"6227756",371834,2025-06-10 05:03:34,43.3605613708496,-8.84180450439453,"Unknown"
"6227756",371834,2025-06-10 05:08:36,43.3605308532715,-8.84178924560547,"Unknown"
"6227756",371834,2025-06-10 05:13:30,43.3604469299316,-8.84176540374756,"Unknown"
"6227756",371834,2025-06-10 05:18:30,43.3604736328125,-8.84169578552246,"Unknown"
"6227756",371834,2025-06-10 05:23:33,43.3605079650879,-8.84179782867432,"Unknown"
"6227756",371834,2025-06-10 05:28:33,43.3605422973633,-8.84189414978027,"Unknown"
"6227756",371834,2025-06-10 05:33:44,43.3605003356934,-8.84178256988525,"Unknown"
"6227756",371834,2025-06-10 05:38:30,43.3605003356934,-8.84176731109619,"Unknown"
"6227756",371834,2025-06-10 05:43:30,43.3605155944824,-8.841721534729,"Unknown"
"6227756",371834,2025-06-10 05:48:30,43.3605155944824,-8.84184551239014,"Unknown"
"6227756",371834,2025-06-10 05:53:30,43.3604431152344,-8.84154987335205,"Unknown"
"6227756",371834,2025-06-10 05:58:30,43.3603134155273,-8.84131813049316,"Unknown"
"6227756",371834,2025-06-10 06:03:29,43.3603591918945,-8.84140682220459,"Unknown"
"6227756",371834,2025-06-10 06:08:29,43.3602867126465,-8.84117698669434,"Unknown"
"6227756",371834,2025-06-10 06:13:30,43.3604774475098,-8.84174537658691,"Unknown"
"6227756",371834,2025-06-10 06:18:29,43.3604202270508,-8.84151554107666,"Unknown"
"6227756",371834,2025-06-10 06:23:30,43.3604927062988,-8.84178066253662,"Unknown"
"6227756",371834,2025-06-10 06:28:31,43.3605308532715,-8.84186553955078,"Unknown"
"6227756",371834,2025-06-10 06:34:05,43.3604469299316,-8.84166049957275,"Unknown"
"6227756",371834,2025-06-10 06:38:34,43.3604393005371,-8.84161376953125,"Unknown"
"6227756",371834,2025-06-10 06:43:30,43.3599548339844,-8.84109497070312,"Unknown"
"6227756",371834,2025-06-10 06:48:30,43.360595703125,-8.84174060821533,"Unknown"
"6227756",371834,2025-06-10 06:53:30,43.3605346679688,-8.84161376953125,"Unknown"
"6227756",371834,2025-06-10 06:58:30,43.3604850769043,-8.84156608581543,"Unknown"
"6227756",371834,2025-06-10 07:03:32,43.3603286743164,-8.84137916564941,"Unknown"
"6227756",371834,2025-06-10 07:08:31,43.3604125976562,-8.84139728546143,"Unknown"
"6227756",371834,2025-06-10 07:13:31,43.3604774475098,-8.8416576385498,"Unknown"
"6227756",371834,2025-06-10 07:18:30,43.3605842590332,-8.84156608581543,"Unknown"
"6227756",371834,2025-06-10 07:23:38,43.3604698181152,-8.84181213378906,"Unknown"
"6227756",371834,2025-06-10 07:28:30,43.3605422973633,-8.84167003631592,"Unknown"
"6227756",371834,2025-06-10 07:33:37,43.3604621887207,-8.84176158905029,"Unknown"
"6227756",371834,2025-06-10 07:38:44,43.3604965209961,-8.84173107147217,"Unknown"
"6227756",371834,2025-06-10 07:43:37,43.3605537414551,-8.84168338775635,"Unknown"
"6227756",371834,2025-06-10 07:48:37,43.3605003356934,-8.84174251556396,"Unknown"
"6227756",371834,2025-06-10 07:53:31,43.3601226806641,-8.83858203887939,"Unknown"
"6227756",371834,2025-06-10 07:58:36,43.3605880737305,-8.84165573120117,"Unknown"
"6227756",371834,2025-06-10 08:03:37,43.3605766296387,-8.84171581268311,"Unknown"
"6227756",371834,2025-06-10 08:08:38,43.3605613708496,-8.84170722961426,"Unknown"
"6227756",371834,2025-06-10 08:13:38,43.3607597351074,-8.8412504196167,"Unknown"
"6227756",371834,2025-06-10 08:18:38,43.3606033325195,-8.84159088134766,"Unknown"
"6227756",371834,2025-06-10 08:23:40,43.3605880737305,-8.84153079986572,"Unknown"
"6227756",371834,2025-06-10 08:28:45,43.3603782653809,-8.8420238494873,"Unknown"
"6227756",371834,2025-06-10 08:34:14,43.3669471740723,-8.83319664001465,"Unknown"
"6227756",371834,2025-06-10 08:38:46,43.3645477294922,-8.8364086151123,"Unknown"
"6227756",371834,2025-06-10 08:43:42,43.3623962402344,-8.83932495117188,"Unknown"
"6227756",371834,2025-06-10 08:48:59,43.3623161315918,-8.8395357131958,"Unknown"
"6227756",371834,2025-06-10 08:54:04,43.3605308532715,-8.8416919708252,"Unknown"
"6227756",371834,2025-06-10 08:58:29,43.3605651855469,-8.84176349639893,"Unknown"
"6227756",371834,2025-06-10 09:03:30,43.360538482666,-8.84174823760986,"Unknown"
"6227756",371834,2025-06-10 09:08:29,43.3605194091797,-8.8417387008667,"Unknown"
"6227756",371834,2025-06-10 09:13:29,43.3605308532715,-8.84179973602295,"Unknown"
"6227756",371834,2025-06-10 09:18:29,43.3605003356934,-8.84171772003174,"Unknown"
"6227756",371834,2025-06-10 09:23:29,43.3604431152344,-8.84183025360107,"Unknown"
"6227756",371834,2025-06-10 09:28:30,43.3605079650879,-8.84177684783936,"Unknown"
"6227756",371834,2025-06-10 09:33:31,43.3604278564453,-8.84183025360107,"Unknown"
"6227756",371834,2025-06-10 09:38:31,43.3604202270508,-8.84183406829834,"Unknown"
"6227756",371834,2025-06-10 09:43:31,43.360523223877,-8.84183883666992,"Unknown"
"6227756",371834,2025-06-10 09:48:36,43.360466003418,-8.84180164337158,"Unknown"
"6227756",371834,2025-06-10 09:53:44,43.3604202270508,-8.84178256988525,"Unknown"
"6227756",371834,2025-06-10 09:59:01,43.3604736328125,-8.84178447723389,"Unknown"
"6227756",371834,2025-06-10 10:03:31,43.360481262207,-8.84185981750488,"Unknown"
"6227756",371834,2025-06-10 10:08:31,43.3602752685547,-8.84163570404053,"Unknown"
"6227756",371834,2025-06-10 10:13:32,43.3605003356934,-8.84181118011475,"Unknown"
"6227756",371834,2025-06-10 10:18:36,43.3604850769043,-8.84182167053223,"Unknown"
"6227756",371834,2025-06-10 10:23:33,43.3604698181152,-8.84183597564697,"Unknown"
"6227756",371834,2025-06-10 10:28:31,43.3605270385742,-8.84177112579346,"Unknown"
"6227756",371834,2025-06-10 10:33:30,43.3604469299316,-8.84155178070068,"Unknown"
"6227756",371834,2025-06-10 10:38:34,43.360652923584,-8.84190368652344,"Unknown"
"6227756",371834,2025-06-10 10:43:38,43.3605270385742,-8.84185028076172,"Unknown"
"6227756",371834,2025-06-10 10:49:13,43.3617973327637,-8.84462642669678,"Unknown"
"6227756",371834,2025-06-10 10:53:30,43.3617668151855,-8.84448337554932,"Unknown"
"6227756",371834,2025-06-10 10:58:32,43.3616561889648,-8.84478378295898,"Unknown"
"6227756",371834,2025-06-10 11:03:34,43.3617172241211,-8.84401607513428,"Unknown"
"6227756",371834,2025-06-10 11:08:34,43.3616409301758,-8.8438081741333,"Unknown"
"6227756",371834,2025-06-10 11:13:36,43.3616027832031,-8.84446334838867,"Unknown"
"6227756",371834,2025-06-10 11:18:37,43.3615989685059,-8.84403419494629,"Unknown"
"6227756",371834,2025-06-10 11:23:43,43.3615531921387,-8.84401607513428,"Unknown"
"6227756",371834,2025-06-10 11:28:29,43.3616027832031,-8.84399127960205,"Unknown"
"6227756",371834,2025-06-10 11:33:29,43.3617248535156,-8.84415054321289,"Unknown"
"6227756",371834,2025-06-10 11:38:29,43.3613700866699,-8.84388542175293,"Unknown"
"6227756",371834,2025-06-10 11:43:29,43.3615875244141,-8.84389877319336,"Unknown"
"6227756",371834,2025-06-10 11:48:44,43.3616752624512,-8.84398746490479,"Unknown"
"6227756",371834,2025-06-10 11:53:56,43.3616485595703,-8.84398460388184,"Unknown"
"6227756",371834,2025-06-10 11:58:39,43.3617095947266,-8.84392929077148,"Unknown"
"6227756",371834,2025-06-10 12:04:01,43.3615684509277,-8.84400367736816,"Unknown"
"6227756",371834,2025-06-10 12:08:29,43.3615570068359,-8.84403419494629,"Unknown"
"6227756",371834,2025-06-10 12:13:30,43.3615341186523,-8.84400463104248,"Unknown"
"6227756",371834,2025-06-10 12:18:29,43.3615951538086,-8.84395217895508,"Unknown"
"6227756",371834,2025-06-10 12:23:29,43.3614921569824,-8.84397602081299,"Unknown"
"6227756",371834,2025-06-10 12:28:29,43.3616027832031,-8.84392166137695,"Unknown"
"6227756",371834,2025-06-10 12:33:29,43.3615074157715,-8.8439884185791,"Unknown"
"6227756",371834,2025-06-10 12:38:29,43.3615837097168,-8.84393119812012,"Unknown"
"6227756",371834,2025-06-10 12:43:31,43.3615341186523,-8.84398365020752,"Unknown"
"6227756",371834,2025-06-10 12:48:32,43.3615112304688,-8.84411430358887,"Unknown"
"6227756",371834,2025-06-10 12:53:30,43.3615570068359,-8.8439359664917,"Unknown"
"6227756",371834,2025-06-10 12:58:30,43.3615951538086,-8.84404563903809,"Unknown"
"6227756",371834,2025-06-10 13:03:31,43.3617210388184,-8.84387493133545,"Unknown"
"6227756",371834,2025-06-10 13:08:30,43.3615112304688,-8.8441219329834,"Unknown"
"6227756",371834,2025-06-10 13:13:30,43.3616523742676,-8.84412670135498,"Unknown"
"6227756",371834,2025-06-10 13:18:31,43.3615684509277,-8.84397125244141,"Unknown"
"6227756",371834,2025-06-10 13:23:30,43.3617057800293,-8.84411239624023,"Unknown"
"6227756",371834,2025-06-10 13:29:42,43.3611755371094,-8.84417247772217,"Unknown"
"6227756",371834,2025-06-10 13:34:20,43.3613471984863,-8.84418392181396,"Unknown"
"6227756",371834,2025-06-10 13:39:53,43.3614501953125,-8.84400272369385,"Unknown"
"6227756",371834,2025-06-10 13:44:53,43.3613739013672,-8.84383964538574,"Unknown"
"6227756",371834,2025-06-10 13:49:53,43.3620567321777,-8.84342861175537,"Unknown"
"6227756",371834,2025-06-10 13:54:53,43.3624420166016,-8.8429536819458,"Unknown"
"6227756",371834,2025-06-10 14:08:30,43.3588562011719,-8.85133361816406,"Unknown"
"6227756",371834,2025-06-10 14:13:33,43.3385353088379,-8.86181735992432,"Unknown"
"6227756",371834,2025-06-10 14:18:30,43.3219413757324,-8.86312103271484,"Unknown"
"6227756",371834,2025-06-10 14:23:31,43.3141326904297,-8.85697650909424,"Unknown"
"6227756",371834,2025-06-10 14:28:31,43.3141975402832,-8.85701084136963,"Unknown"
"6227756",371834,2025-06-10 14:34:29,43.3139610290527,-8.85686302185059,"Unknown"
"6227756",371834,2025-06-10 14:38:29,43.3138008117676,-8.856858253479,"Unknown"
"6227756",371834,2025-06-10 14:43:29,43.3137817382812,-8.85682964324951,"Unknown"
"6227756",371834,2025-06-10 14:48:29,43.3138198852539,-8.85691070556641,"Unknown"
"6227756",371834,2025-06-10 14:53:29,43.3138008117676,-8.85679054260254,"Unknown"
"6227756",371834,2025-06-10 14:58:29,43.3138465881348,-8.85684871673584,"Unknown"
"6227756",371834,2025-06-10 15:03:30,43.3139038085938,-8.85685539245605,"Unknown"
"6227756",371834,2025-06-10 15:08:29,43.3138618469238,-8.85686779022217,"Unknown"
"6227756",371834,2025-06-10 15:13:37,43.3139686584473,-8.85672950744629,"Unknown"
"6227756",371834,2025-06-10 15:18:31,43.3139495849609,-8.85672473907471,"Unknown"
"6227756",371834,2025-06-10 15:23:29,43.3137855529785,-8.85689258575439,"Unknown"
"6227756",371834,2025-06-10 15:28:29,43.3138122558594,-8.85690975189209,"Unknown"
"6227756",371834,2025-06-10 15:33:29,43.3137702941895,-8.85690879821777,"Unknown"
"6227756",371834,2025-06-10 15:38:29,43.3138084411621,-8.85695838928223,"Unknown"
"6227756",371834,2025-06-10 15:43:29,43.3138656616211,-8.85701751708984,"Unknown"
"6227756",371834,2025-06-10 15:48:29,43.3138084411621,-8.85699367523193,"Unknown"
"6227756",371834,2025-06-10 15:53:29,43.3139915466309,-8.85719966888428,"Unknown"
"6227756",371834,2025-06-10 15:58:29,43.3139190673828,-8.85706520080566,"Unknown"
"6227756",371834,2025-06-10 16:03:29,43.3139190673828,-8.85710620880127,"Unknown"
"6227756",371834,2025-06-10 16:08:29,43.313892364502,-8.85708999633789,"Unknown"
"6227756",371834,2025-06-10 16:13:29,43.3138580322266,-8.85702991485596,"Unknown"
"6227756",371834,2025-06-10 16:18:29,43.313907623291,-8.85705471038818,"Unknown"
"6227756",371834,2025-06-10 16:23:31,43.3138465881348,-8.85699462890625,"Unknown"
"6227756",371834,2025-06-10 16:28:29,43.3139762878418,-8.85716533660889,"Unknown"
"6227756",371834,2025-06-10 16:33:31,43.314022064209,-8.85724353790283,"Unknown"
"6227756",371834,2025-06-10 16:38:30,43.3141326904297,-8.85704708099365,"Unknown"
"6227756",371834,2025-06-10 16:43:30,43.3141708374023,-8.85704898834229,"Unknown"
"6227756",371834,2025-06-10 16:48:30,43.314136505127,-8.85702419281006,"Unknown"
"6227756",371834,2025-06-10 16:53:30,43.3141326904297,-8.85708618164062,"Unknown"
"6227756",371834,2025-06-10 16:58:30,43.314136505127,-8.85707187652588,"Unknown"
"6227756",371834,2025-06-10 17:03:44,43.3140106201172,-8.85691738128662,"Unknown"
"6227756",371834,2025-06-10 17:08:29,43.313907623291,-8.8568172454834,"Unknown"
"6227756",371834,2025-06-10 17:13:32,43.3142166137695,-8.85744380950928,"Unknown"
"6227756",371834,2025-06-10 17:18:32,43.3140182495117,-8.85711097717285,"Unknown"
"6227756",371834,2025-06-10 17:23:30,43.3140716552734,-8.85732173919678,"Unknown"
"6227756",371834,2025-06-10 17:28:31,43.3139801025391,-8.85721874237061,"Unknown"
"6227756",371834,2025-06-10 17:33:33,43.3138656616211,-8.85699081420898,"Unknown"
"6227756",371834,2025-06-10 17:38:33,43.3138275146484,-8.85698127746582,"Unknown"
"6227756",371834,2025-06-10 17:43:34,43.3137855529785,-8.85695171356201,"Unknown"
"6227756",371834,2025-06-10 17:48:45,43.313777923584,-8.85691452026367,"Unknown"
"6227756",371834,2025-06-10 17:53:30,43.3135719299316,-8.85665225982666,"Unknown"
"6227756",371834,2025-06-10 17:58:32,43.3137359619141,-8.85717105865479,"Unknown"
"6227756",371834,2025-06-10 18:03:32,43.313533782959,-8.85664558410645,"Unknown"
"6227756",371834,2025-06-10 18:08:30,43.3135833740234,-8.8563871383667,"Unknown"
"6227756",371834,2025-06-10 18:13:32,43.3136367797852,-8.85665416717529,"Unknown"
"6227756",371834,2025-06-10 18:18:33,43.3137626647949,-8.8574914932251,"Unknown"
"6227756",371834,2025-06-10 18:23:38,43.313648223877,-8.8574686050415,"Unknown"
"6227756",371834,2025-06-10 18:28:31,43.3136863708496,-8.85755634307861,"Unknown"
"6227756",371834,2025-06-10 18:33:33,43.313591003418,-8.85737323760986,"Unknown"
"6227756",371834,2025-06-10 18:38:39,43.3136863708496,-8.85759162902832,"Unknown"
"6227756",371834,2025-06-10 18:43:39,43.3135833740234,-8.85743522644043,"Unknown"
"6227756",371834,2025-06-10 18:48:44,43.313648223877,-8.8575553894043,"Unknown"
"6227756",371834,2025-06-10 18:53:33,43.3152618408203,-8.85675525665283,"Unknown"
"6227756",371834,2025-06-10 18:58:32,43.3166275024414,-8.85810852050781,"Unknown"
"6227756",371834,2025-06-10 19:03:30,43.3165321350098,-8.8581428527832,"Unknown"
"6227756",371834,2025-06-10 19:09:05,43.3164672851562,-8.85817718505859,"Unknown"
"6227756",371834,2025-06-10 19:13:29,43.3165130615234,-8.85818481445312,"Unknown"
"6227756",371834,2025-06-10 19:18:29,43.3164749145508,-8.85821342468262,"Unknown"
"6227756",371834,2025-06-10 19:23:29,43.3164978027344,-8.85816860198975,"Unknown"
"6227756",371834,2025-06-10 19:28:29,43.31640625,-8.8579158782959,"Unknown"
"6227756",371834,2025-06-10 19:33:29,43.3159027099609,-8.8577356338501,"Unknown"
"6227756",371834,2025-06-10 19:38:29,43.3170928955078,-8.85902118682861,"Unknown"
"6227756",371834,2025-06-10 19:43:29,43.3197784423828,-8.84564113616943,"Unknown"
"6227756",371834,2025-06-10 19:48:29,43.3197860717773,-8.84564876556396,"Unknown"
"6227756",371834,2025-06-10 19:53:30,43.319766998291,-8.84563064575195,"Unknown"
"6227756",371834,2025-06-10 19:58:30,43.3197898864746,-8.84562587738037,"Unknown"
"6227756",371834,2025-06-10 20:03:30,43.3197479248047,-8.84562110900879,"Unknown"
"6227756",371834,2025-06-10 20:08:30,43.3197898864746,-8.845947265625,"Unknown"
"6227756",371834,2025-06-10 20:13:29,43.3198661804199,-8.84593105316162,"Unknown"
"6227756",371834,2025-06-10 20:18:30,43.3199615478516,-8.84617805480957,"Unknown"
"6227756",371834,2025-06-10 20:23:29,43.3200569152832,-8.84627342224121,"Unknown"
"6227756",371834,2025-06-10 20:28:29,43.320011138916,-8.84621524810791,"Unknown"
"6227756",371834,2025-06-10 20:33:30,43.3376693725586,-8.84713268280029,"Unknown"
"6227756",371834,2025-06-10 20:38:29,43.3606300354004,-8.8419246673584,"Unknown"
"6227756",371834,2025-06-10 20:43:30,43.3605499267578,-8.84194278717041,"Unknown"
"6227756",371834,2025-06-10 20:48:30,43.3604507446289,-8.8419713973999,"Unknown"
"6227756",371834,2025-06-10 20:53:30,43.3605270385742,-8.84199619293213,"Unknown"
"6227756",371834,2025-06-10 20:58:30,43.3604888916016,-8.84193801879883,"Unknown"
"6227756",371834,2025-06-10 21:03:30,43.3605461120605,-8.84196186065674,"Unknown"
"6227756",371834,2025-06-10 21:08:30,43.3605918884277,-8.84202098846436,"Unknown"
"6227756",371834,2025-06-10 21:13:29,43.3605117797852,-8.84207725524902,"Unknown"
"6227756",371834,2025-06-10 21:18:30,43.3606185913086,-8.84201145172119,"Unknown"
"6227756",371834,2025-06-10 21:23:30,43.3605003356934,-8.84199523925781,"Unknown"
"6227756",371834,2025-06-10 21:28:30,43.3605270385742,-8.84186553955078,"Unknown"
"6227756",371834,2025-06-10 21:33:33,43.3605346679688,-8.84202671051025,"Unknown"
"6227756",371834,2025-06-10 21:38:33,43.3610649108887,-8.84470367431641,"Unknown"
"6227756",371834,2025-06-10 21:43:34,43.3607406616211,-8.84235000610352,"Unknown"
"6227756",371834,2025-06-10 21:48:31,43.3606796264648,-8.84246444702148,"Unknown"
"6227756",371834,2025-06-10 21:53:39,43.3609199523926,-8.84248733520508,"Unknown"
"6227756",371834,2025-06-10 21:58:40,43.3609657287598,-8.84257030487061,"Unknown"
"6227756",371834,2025-06-10 22:03:31,43.3610763549805,-8.84257984161377,"Unknown"
"6227756",371834,2025-06-10 22:08:33,43.3601989746094,-8.84113597869873,"Unknown"
"6227756",371834,2025-06-10 22:13:29,43.3601226806641,-8.84087181091309,"Unknown"
"6227756",371834,2025-06-10 22:18:29,43.3601455688477,-8.84106063842773,"Unknown"
"6227756",371834,2025-06-10 22:23:29,43.3600196838379,-8.84076976776123,"Unknown"
"6227756",371834,2025-06-10 22:28:30,43.3600769042969,-8.84082698822021,"Unknown"
"6227756",371834,2025-06-10 22:33:32,43.3601226806641,-8.84096813201904,"Unknown"
"6227756",371834,2025-06-10 22:38:31,43.3601226806641,-8.84105587005615,"Unknown"
"6227756",371834,2025-06-10 22:43:44,43.3588752746582,-8.84732246398926,"Unknown"
"6227756",371834,2025-06-10 22:49:05,43.3589363098145,-8.84639167785645,"Unknown"
"6227756",371834,2025-06-10 22:53:29,43.3590049743652,-8.84635829925537,"Unknown"
"6227756",371834,2025-06-10 22:58:30,43.3589019775391,-8.84651565551758,"Unknown"
"6227756",371834,2025-06-10 23:03:29,43.358959197998,-8.84636211395264,"Unknown"
"6227756",371834,2025-06-10 23:08:29,43.3588638305664,-8.84656238555908,"Unknown"
"6227756",371834,2025-06-10 23:13:29,43.3589210510254,-8.84642505645752,"Unknown"
"6227756",371834,2025-06-10 23:18:29,43.3588218688965,-8.84657669067383,"Unknown"
"6227756",371834,2025-06-10 23:23:29,43.3588027954102,-8.84647178649902,"Unknown"
"6227756",371834,2025-06-10 23:28:30,43.3588027954102,-8.84653377532959,"Unknown"
"6227756",371834,2025-06-10 23:33:39,43.3588905334473,-8.84644794464111,"Unknown"
"6227756",371834,2025-06-10 23:38:31,43.3588562011719,-8.84647178649902,"Unknown"
"6227756",371834,2025-06-10 23:43:29,43.3589363098145,-8.84635925292969,"Unknown"
"6227756",371834,2025-06-10 23:48:30,43.3589057922363,-8.84643077850342,"Unknown"
"6227756",371834,2025-06-10 23:53:31,43.3588523864746,-8.84646129608154,"Unknown"
"6227756",371834,2025-06-10 23:58:38,43.3589401245117,-8.84641361236572,"Unknown"
"6227756",371834,2025-06-11 00:03:29,43.3588600158691,-8.84639549255371,"Unknown"
"6227756",371834,2025-06-11 00:08:36,43.3588905334473,-8.84640502929688,"Unknown"
"6227756",371834,2025-06-11 00:13:34,43.3590469360352,-8.84640502929688,"Unknown"
"6227756",371834,2025-06-11 00:18:42,43.3591690063477,-8.84633159637451,"Unknown"
"6227756",371834,2025-06-11 00:24:05,43.3589248657227,-8.84646034240723,"Unknown"
"6227756",371834,2025-06-11 00:28:29,43.3589630126953,-8.84635543823242,"Unknown"
"6227756",371834,2025-06-11 00:33:29,43.358959197998,-8.84644412994385,"Unknown"
"6227756",371834,2025-06-11 00:38:29,43.3589630126953,-8.84641647338867,"Unknown"
"6227756",371834,2025-06-11 00:43:29,43.3589477539062,-8.84650897979736,"Unknown"
"6227756",371834,2025-06-11 00:48:43,43.3589363098145,-8.84643173217773,"Unknown"
"6227756",371834,2025-06-11 00:53:29,43.3589477539062,-8.8464527130127,"Unknown"
"6227756",371834,2025-06-11 00:58:30,43.3589477539062,-8.84641456604004,"Unknown"
"6227756",371834,2025-06-11 01:03:31,43.3589668273926,-8.84647083282471,"Unknown"
"6227756",371834,2025-06-11 01:08:29,43.359001159668,-8.84638214111328,"Unknown"
"6227756",371834,2025-06-11 01:13:29,43.3589553833008,-8.8464469909668,"Unknown"
"6227756",371834,2025-06-11 01:18:30,43.3589363098145,-8.8464469909668,"Unknown"
"6227756",371834,2025-06-11 01:23:29,43.3589477539062,-8.84641075134277,"Unknown"
"6227756",371834,2025-06-11 01:28:32,43.3590431213379,-8.84632682800293,"Unknown"
"6227756",371834,2025-06-11 01:33:43,43.358943939209,-8.84659004211426,"Unknown"
"6227756",371834,2025-06-11 01:39:53,43.3590087890625,-8.84653568267822,"Unknown"
"6227756",371834,2025-06-11 01:43:45,43.3589859008789,-8.84654331207275,"Unknown"
"6227756",371834,2025-06-11 01:48:44,43.3589897155762,-8.84650897979736,"Unknown"
"6227756",371834,2025-06-11 01:53:33,43.3590240478516,-8.84653663635254,"Unknown"
"6227756",371834,2025-06-11 01:58:30,43.3589820861816,-8.84648418426514,"Unknown"
"6227756",371834,2025-06-11 02:03:32,43.3591270446777,-8.84646224975586,"Unknown"
"6227756",371834,2025-06-11 02:08:30,43.3590202331543,-8.84649181365967,"Unknown"
"6227756",371834,2025-06-11 02:13:29,43.3591041564941,-8.84651279449463,"Unknown"
"6227756",371834,2025-06-11 02:18:32,43.3591957092285,-8.84651947021484,"Unknown"
"6227756",371834,2025-06-11 02:23:33,43.3591918945312,-8.8464994430542,"Unknown"
"6227756",371834,2025-06-11 02:28:52,43.3589744567871,-8.84641551971436,"Unknown"
"6227756",371834,2025-06-11 02:33:48,43.3589477539062,-8.84654808044434,"Unknown"
"6227756",371834,2025-06-11 02:39:53,43.358943939209,-8.84638977050781,"Unknown"
"6227756",371834,2025-06-11 02:43:36,43.3589744567871,-8.84629440307617,"Unknown"
"6227756",371834,2025-06-11 02:49:53,43.3589363098145,-8.84635066986084,"Unknown"
"6227756",371834,2025-06-11 02:53:31,43.3589019775391,-8.84644222259521,"Unknown"
"6227756",371834,2025-06-11 02:58:31,43.3589401245117,-8.8463249206543,"Unknown"
"6227756",371834,2025-06-11 03:03:32,43.3589096069336,-8.84639167785645,"Unknown"
"6227756",371834,2025-06-11 03:08:31,43.3589134216309,-8.8463888168335,"Unknown"
"6227756",371834,2025-06-11 03:14:54,43.3589477539062,-8.84632587432861,"Unknown"
"6227756",371834,2025-06-11 03:18:29,43.3590126037598,-8.84622383117676,"Unknown"
"6227756",371834,2025-06-11 03:23:30,43.3589553833008,-8.84629917144775,"Unknown"
"6227756",371834,2025-06-11 03:28:29,43.3589820861816,-8.8463134765625,"Unknown"
"6227756",371834,2025-06-11 03:33:29,43.3590927124023,-8.84617042541504,"Unknown"
"6227756",371834,2025-06-11 03:38:29,43.359001159668,-8.84630584716797,"Unknown"
"6227756",371834,2025-06-11 03:43:29,43.3590660095215,-8.84626960754395,"Unknown"
"6227756",371834,2025-06-11 03:48:29,43.359001159668,-8.84633255004883,"Unknown"
"6227756",371834,2025-06-11 03:53:30,43.3591079711914,-8.84624862670898,"Unknown"
"6227756",371834,2025-06-11 03:58:30,43.359073638916,-8.84635925292969,"Unknown"
"6227756",371834,2025-06-11 04:03:30,43.359058380127,-8.84623527526855,"Unknown"
"6227756",371834,2025-06-11 04:08:30,43.3589630126953,-8.84646987915039,"Unknown"
"6227756",371834,2025-06-11 04:13:29,43.355525970459,-8.85162830352783,"Unknown"
"6227756",371834,2025-06-11 04:18:29,43.3301086425781,-8.86488342285156,"Unknown"
"6227756",371834,2025-06-11 04:23:30,43.314697265625,-8.85701465606689,"Unknown"
"6227756",371834,2025-06-11 04:28:30,43.3145523071289,-8.85684490203857,"Unknown"
"6227756",371834,2025-06-11 04:33:30,43.3146095275879,-8.85687446594238,"Unknown"
"6227756",371834,2025-06-11 04:38:30,43.3154830932617,-8.85750675201416,"Unknown"
"6227756",371834,2025-06-11 04:43:30,43.315486907959,-8.85756492614746,"Unknown"
"6227756",371834,2025-06-11 04:48:31,43.3156051635742,-8.85736560821533,"Unknown"
"6227756",371834,2025-06-11 04:53:30,43.3156318664551,-8.85758018493652,"Unknown"
"6227756",371834,2025-06-11 04:58:30,43.3155860900879,-8.85758495330811,"Unknown"
"6227756",371834,2025-06-11 05:03:29,43.3164176940918,-8.85801410675049,"Unknown"
"6227756",371834,2025-06-11 05:08:30,43.3138656616211,-8.85667133331299,"Unknown"
"6227756",371834,2025-06-11 05:13:30,43.3139152526855,-8.85687828063965,"Unknown"
"6227756",371834,2025-06-11 05:18:31,43.31396484375,-8.85682392120361,"Unknown"
"6227756",371834,2025-06-11 05:23:30,43.3139381408691,-8.85681533813477,"Unknown"
"6227756",371834,2025-06-11 05:28:32,43.31396484375,-8.85679817199707,"Unknown"
"6227756",371834,2025-06-11 05:33:31,43.3137664794922,-8.85703563690186,"Unknown"
"6227756",371834,2025-06-11 05:38:30,43.3153495788574,-8.85738086700439,"Unknown"
"6227756",371834,2025-06-11 05:43:30,43.3163528442383,-8.85831165313721,"Unknown"
"6227756",371834,2025-06-11 05:48:30,43.3161773681641,-8.85937404632568,"Unknown"
"6227756",371834,2025-06-11 05:53:30,43.3162803649902,-8.85939979553223,"Unknown"
"6227756",371834,2025-06-11 05:58:30,43.3152465820312,-8.85724639892578,"Unknown"
"6227756",371834,2025-06-11 06:03:30,43.3140525817871,-8.85696220397949,"Unknown"
"6227756",371834,2025-06-11 06:08:30,43.3140029907227,-8.85690307617188,"Unknown"
"6227756",371834,2025-06-11 06:13:30,43.3141098022461,-8.85703945159912,"Unknown"
"6227756",371834,2025-06-11 06:18:30,43.314037322998,-8.85691928863525,"Unknown"
"6227756",371834,2025-06-11 06:23:30,43.3140411376953,-8.85692024230957,"Unknown"
"6227756",371834,2025-06-11 06:28:31,43.3140144348145,-8.8569507598877,"Unknown"
"6227756",371834,2025-06-11 06:33:39,43.3138885498047,-8.85681819915771,"Unknown"
"6227756",371834,2025-06-11 06:38:31,43.3137588500977,-8.85678672790527,"Unknown"
"6227756",371834,2025-06-11 06:43:39,43.3138236999512,-8.85683631896973,"Unknown"
"6227756",371834,2025-06-11 06:48:44,43.3138847351074,-8.85678768157959,"Unknown"
"6227756",371834,2025-06-11 06:53:32,43.3138809204102,-8.85684108734131,"Unknown"
"6227756",371834,2025-06-11 06:58:29,43.3139915466309,-8.85682964324951,"Unknown"
"6227756",371834,2025-06-11 07:03:33,43.3139572143555,-8.85678672790527,"Unknown"
"6227756",371834,2025-06-11 07:08:30,43.313835144043,-8.85655212402344,"Unknown"
"6227756",371834,2025-06-11 07:13:33,43.3140449523926,-8.85668277740479,"Unknown"
"6227756",371834,2025-06-11 07:18:36,43.3140830993652,-8.85670185089111,"Unknown"
"6227756",371834,2025-06-11 07:23:30,43.3141212463379,-8.85659313201904,"Unknown"
"6227756",371834,2025-06-11 07:29:05,43.314136505127,-8.85694217681885,"Unknown"
"6227756",371834,2025-06-11 07:33:29,43.3143539428711,-8.85693264007568,"Unknown"
"6227756",371834,2025-06-11 07:38:30,43.3142242431641,-8.8568639755249,"Unknown"
"6227756",371834,2025-06-11 07:43:29,43.3141174316406,-8.85683250427246,"Unknown"
"6227756",371834,2025-06-11 07:53:30,43.3141555786133,-8.85677528381348,"Unknown"
"6227756",371834,2025-06-11 07:58:30,43.3140907287598,-8.85679912567139,"Unknown"
"6227756",371834,2025-06-11 08:03:29,43.3140754699707,-8.85683822631836,"Unknown"
"6227756",371834,2025-06-11 08:08:29,43.3141670227051,-8.85680866241455,"Unknown"
"6227756",371834,2025-06-11 08:13:29,43.3141021728516,-8.8568229675293,"Unknown"
"6227756",371834,2025-06-11 08:18:29,43.3139877319336,-8.85690975189209,"Unknown"
"6227756",371834,2025-06-11 08:23:29,43.3140830993652,-8.85683727264404,"Unknown"
"6227756",371834,2025-06-11 08:28:30,43.3142585754395,-8.85688972473145,"Unknown"
"6227756",371834,2025-06-11 08:33:29,43.3143882751465,-8.85685539245605,"Unknown"
"6227756",371834,2025-06-11 08:38:29,43.3143348693848,-8.85678577423096,"Unknown"
"6227756",371834,2025-06-11 08:43:29,43.3143920898438,-8.85690498352051,"Unknown"
"6227756",371834,2025-06-11 08:48:29,43.3143310546875,-8.85687160491943,"Unknown"
"6227756",371834,2025-06-11 08:53:29,43.3143157958984,-8.85686492919922,"Unknown"
"6227756",371834,2025-06-11 08:58:29,43.3141326904297,-8.85668754577637,"Unknown"
"6227756",371834,2025-06-11 09:03:29,43.3141288757324,-8.85670471191406,"Unknown"
"6227756",371834,2025-06-11 09:08:29,43.3140411376953,-8.85694408416748,"Unknown"
"6227756",371834,2025-06-11 09:13:29,43.3140144348145,-8.85701847076416,"Unknown"
"6227756",371834,2025-06-11 09:18:30,43.3139572143555,-8.85702896118164,"Unknown"
"6227756",371834,2025-06-11 09:23:30,43.3139190673828,-8.85713291168213,"Unknown"
"6227756",371834,2025-06-11 09:28:30,43.3138732910156,-8.85709095001221,"Unknown"
"6227756",371834,2025-06-11 09:33:30,43.3137397766113,-8.85704231262207,"Unknown"
"6227756",371834,2025-06-11 09:38:30,43.313835144043,-8.8570671081543,"Unknown"
"6227756",371834,2025-06-11 09:43:30,43.3136405944824,-8.85757732391357,"Unknown"
"6227756",371834,2025-06-11 09:48:30,43.3136405944824,-8.85760879516602,"Unknown"
"6227756",371834,2025-06-11 09:53:29,43.313606262207,-8.85755443572998,"Unknown"
"6227756",371834,2025-06-11 09:58:30,43.313591003418,-8.8574743270874,"Unknown"
"6227756",371834,2025-06-11 10:03:30,43.3137969970703,-8.85715579986572,"Unknown"
"6227756",371834,2025-06-11 10:08:30,43.3139953613281,-8.85706615447998,"Unknown"
"6227756",371834,2025-06-11 10:13:30,43.3139152526855,-8.85703468322754,"Unknown"
"6227756",371834,2025-06-11 10:18:30,43.3139572143555,-8.85723304748535,"Unknown"
"6227756",371834,2025-06-11 10:23:30,43.3138847351074,-8.85694599151611,"Unknown"
"6227756",371834,2025-06-11 10:28:30,43.3138656616211,-8.8569393157959,"Unknown"
"6227756",371834,2025-06-11 10:33:31,43.3139495849609,-8.85713958740234,"Unknown"
"6227756",371834,2025-06-11 10:38:32,43.3139266967773,-8.85668659210205,"Unknown"
"6227756",371834,2025-06-11 10:43:33,43.3167457580566,-8.85819244384766,"Unknown"
"6227756",371834,2025-06-11 10:48:39,43.3168563842773,-8.85834884643555,"Unknown"
"6227756",371834,2025-06-11 10:53:36,43.3157577514648,-8.8578634262085,"Unknown"
"6227756",371834,2025-06-11 10:58:38,43.315746307373,-8.85786628723145,"Unknown"
"6227756",371834,2025-06-11 11:03:40,43.3164482116699,-8.85855579376221,"Unknown"
"6227756",371834,2025-06-11 11:08:39,43.3165855407715,-8.85839557647705,"Unknown"
"6227756",371834,2025-06-11 11:13:42,43.3171195983887,-8.86479568481445,"Unknown"
"6227756",371834,2025-06-11 11:18:39,43.3123016357422,-8.8746337890625,"Unknown"
"6227756",371834,2025-06-11 11:23:39,43.3129501342773,-8.87338352203369,"Unknown"
"6227756",371834,2025-06-11 11:28:39,43.3129730224609,-8.87327575683594,"Unknown"
"6227756",371834,2025-06-11 11:33:44,43.3130645751953,-8.87363529205322,"Unknown"
"6227756",371834,2025-06-11 11:38:31,43.3127784729004,-8.87341117858887,"Unknown"
"6227756",371834,2025-06-11 11:43:30,43.3127555847168,-8.87341022491455,"Unknown"
"6227756",371834,2025-06-11 11:48:42,43.3125648498535,-8.87348175048828,"Unknown"
"6227756",371834,2025-06-11 11:53:33,43.3127479553223,-8.87351131439209,"Unknown"
"6227756",371834,2025-06-11 11:58:31,43.3142242431641,-8.87437438964844,"Unknown"
"6227756",371834,2025-06-11 12:03:39,43.3141555786133,-8.87451171875,"Unknown"
"6227756",371834,2025-06-11 12:08:39,43.3136100769043,-8.8736400604248,"Unknown"
"6227756",371834,2025-06-11 12:13:39,43.3139915466309,-8.85695743560791,"Unknown"
"6227756",371834,2025-06-11 12:18:39,43.3139801025391,-8.85693073272705,"Unknown"
"6227756",371834,2025-06-11 12:23:39,43.3138313293457,-8.85698699951172,"Unknown"
"6227756",371834,2025-06-11 12:28:40,43.3137245178223,-8.85696315765381,"Unknown"
"6227756",371834,2025-06-11 12:33:32,43.3141212463379,-8.857102394104,"Unknown"
"6227756",371834,2025-06-11 12:38:31,43.3142852783203,-8.8570556640625,"Unknown"
"6227756",371834,2025-06-11 12:43:37,43.3139495849609,-8.85700130462646,"Unknown"
"6227756",371834,2025-06-11 12:49:05,43.3139724731445,-8.85683727264404,"Unknown"
"6227756",371834,2025-06-11 12:53:30,43.3140411376953,-8.85693454742432,"Unknown"
"6227756",371834,2025-06-11 12:58:29,43.3139915466309,-8.85693168640137,"Unknown"
"6227756",371834,2025-06-11 13:03:31,43.3140258789062,-8.85695266723633,"Unknown"
"6227756",371834,2025-06-11 13:08:29,43.3139610290527,-8.85696697235107,"Unknown"
"6227756",371834,2025-06-11 13:13:30,43.3139991760254,-8.85697078704834,"Unknown"
"6227756",371834,2025-06-11 13:18:30,43.3138542175293,-8.8572359085083,"Unknown"
"6227756",371834,2025-06-11 13:23:32,43.3139114379883,-8.85723400115967,"Unknown"
"6227756",371834,2025-06-11 13:28:30,43.3139038085938,-8.8571949005127,"Unknown"
"6227756",371834,2025-06-11 13:33:30,43.3138542175293,-8.85716247558594,"Unknown"
"6227756",371834,2025-06-11 13:38:30,43.313835144043,-8.85753631591797,"Unknown"
"6227756",371834,2025-06-11 13:43:30,43.3136749267578,-8.85715198516846,"Unknown"
"6227756",371834,2025-06-11 13:48:30,43.3139152526855,-8.85714817047119,"Unknown"
"6227756",371834,2025-06-11 13:53:29,43.3139457702637,-8.85711574554443,"Unknown"
"6227756",371834,2025-06-11 13:58:30,43.31396484375,-8.85697555541992,"Unknown"
"6227756",371834,2025-06-11 14:03:31,43.3141937255859,-8.85662841796875,"Unknown"
"6227756",371834,2025-06-11 14:08:33,43.314094543457,-8.85659027099609,"Unknown"
"6227756",371834,2025-06-11 14:13:29,43.3156394958496,-8.84221744537354,"Unknown"
"6227756",371834,2025-06-11 14:18:30,43.3192138671875,-8.80968189239502,"Unknown"
"6227756",371834,2025-06-11 14:23:29,43.3089294433594,-8.79155731201172,"Unknown"
"6227756",371834,2025-06-11 14:33:29,43.3050117492676,-8.78831386566162,"Unknown"
"6227756",371834,2025-06-11 14:38:29,43.3050270080566,-8.78841400146484,"Unknown"
"6227756",371834,2025-06-11 14:43:36,43.305118560791,-8.78891563415527,"Unknown"
"6227756",371834,2025-06-11 14:48:44,43.304988861084,-8.78851127624512,"Unknown"
"6227756",371834,2025-06-11 14:53:41,43.3050727844238,-8.78860569000244,"Unknown"
"6227756",371834,2025-06-11 15:03:29,43.3003349304199,-8.77780723571777,"Unknown"
"6227756",371834,2025-06-11 15:08:29,43.2937850952148,-8.74902248382568,"Unknown"
"6227756",371834,2025-06-11 15:18:29,43.2939338684082,-8.71481227874756,"Unknown"
"6227756",371834,2025-06-11 15:23:29,43.2930755615234,-8.69957065582275,"Unknown"
"6227756",371834,2025-06-11 15:33:29,43.2915573120117,-8.69707202911377,"Unknown"
"6227756",371834,2025-06-11 15:38:30,43.2915725708008,-8.69710636138916,"Unknown"
"6227756",371834,2025-06-11 15:43:29,43.2917060852051,-8.69713878631592,"Unknown"
"6227756",371834,2025-06-11 15:48:44,43.2916603088379,-8.69708347320557,"Unknown"
"6227756",371834,2025-06-11 15:53:29,43.2916603088379,-8.69708824157715,"Unknown"
"6227756",371834,2025-06-11 16:03:39,43.291431427002,-8.69674777984619,"Unknown"
"6227756",371834,2025-06-11 16:13:29,43.2916679382324,-8.69658088684082,"Unknown"
"6227756",371834,2025-06-11 16:18:30,43.291820526123,-8.69693756103516,"Unknown"
"6227756",371834,2025-06-11 16:23:31,43.2912559509277,-8.6970272064209,"Unknown"
"6227756",371834,2025-06-11 16:28:29,43.2913856506348,-8.69668674468994,"Unknown"
"6227756",371834,2025-06-11 16:38:32,43.2913017272949,-8.69649410247803,"Unknown"
"6227756",371834,2025-06-11 16:43:29,43.2912826538086,-8.69663906097412,"Unknown"
"6227756",371834,2025-06-11 16:49:05,43.291675567627,-8.69713020324707,"Unknown"
"6227756",371834,2025-06-11 16:53:29,43.2916717529297,-8.69728851318359,"Unknown"
"6227756",371834,2025-06-11 17:03:29,43.2915725708008,-8.69711780548096,"Unknown"
"6227756",371834,2025-06-11 17:13:29,43.2917213439941,-8.69697570800781,"Unknown"
"6227756",371834,2025-06-11 17:23:29,43.2917251586914,-8.69709396362305,"Unknown"
"6227756",371834,2025-06-11 17:33:29,43.2916145324707,-8.69724941253662,"Unknown"
"6227756",371834,2025-06-11 17:43:29,43.2915573120117,-8.69710540771484,"Unknown"
"6227756",371834,2025-06-11 17:48:29,43.2915573120117,-8.6974401473999,"Unknown"
"6227756",371834,2025-06-11 17:58:29,43.291633605957,-8.69730281829834,"Unknown"
"6227756",371834,2025-06-11 18:08:29,43.2918968200684,-8.69681358337402,"Unknown"
"6227756",371834,2025-06-11 18:18:29,43.291877746582,-8.69696426391602,"Unknown"
"6227756",371834,2025-06-11 18:28:29,43.2919082641602,-8.69690418243408,"Unknown"
"6227756",371834,2025-06-11 18:38:29,43.291919708252,-8.69636249542236,"Unknown"
"6227756",371834,2025-06-11 18:48:29,43.2918968200684,-8.69664573669434,"Unknown"
"6227756",371834,2025-06-11 18:58:32,43.2921409606934,-8.69643115997314,"Unknown"
"6227756",371834,2025-06-11 19:08:37,43.2920722961426,-8.69640731811523,"Unknown"
"6227756",371834,2025-06-11 19:18:30,43.2918395996094,-8.69685363769531,"Unknown"
"6227756",371834,2025-06-11 19:29:05,43.291633605957,-8.69727039337158,"Unknown"
"6227756",371834,2025-06-11 19:38:29,43.2919044494629,-8.69768619537354,"Unknown"
"6227756",371834,2025-06-11 19:48:29,43.291934967041,-8.69773101806641,"Unknown"
"6227756",371834,2025-06-11 19:58:30,43.2919883728027,-8.69787788391113,"Unknown"
"6227756",371834,2025-06-11 20:08:39,43.292121887207,-8.69772911071777,"Unknown"
"6227756",371834,2025-06-11 20:18:38,43.2921333312988,-8.69776248931885,"Unknown"
"6227756",371834,2025-06-11 20:28:38,43.2923011779785,-8.69775009155273,"Unknown"
"6227756",371834,2025-06-11 20:38:44,43.2925071716309,-8.69794845581055,"Unknown"
"6227756",371834,2025-06-11 20:48:33,43.2924957275391,-8.69771194458008,"Unknown"
"6227756",371834,2025-06-11 20:58:30,43.292423248291,-8.69792652130127,"Unknown"
"6227756",371834,2025-06-11 21:08:32,43.2924919128418,-8.69791889190674,"Unknown"
"6227756",371834,2025-06-11 21:18:31,43.2923622131348,-8.6978235244751,"Unknown"
"6227756",371834,2025-06-11 21:28:36,43.2922096252441,-8.69765949249268,"Unknown"
"6227756",371834,2025-06-11 21:39:05,43.2920341491699,-8.69771575927734,"Unknown"
"6227756",371834,2025-06-11 21:48:29,43.2920227050781,-8.69774150848389,"Unknown"
"6227756",371834,2025-06-11 21:58:29,43.2920684814453,-8.69767570495605,"Unknown"
"6227756",371834,2025-06-11 22:08:29,43.2918472290039,-8.69767570495605,"Unknown"
"6227756",371834,2025-06-11 22:18:29,43.2918586730957,-8.69772434234619,"Unknown"
"6227756",371834,2025-06-11 22:28:29,43.2922706604004,-8.69777679443359,"Unknown"
"6227756",371834,2025-06-11 22:38:29,43.2923202514648,-8.69786548614502,"Unknown"
"6227756",371834,2025-06-11 22:48:29,43.292308807373,-8.69790744781494,"Unknown"
"6227756",371834,2025-06-11 22:58:30,43.2916564941406,-8.69719696044922,"Unknown"
"6227756",371834,2025-06-11 23:08:29,43.2920722961426,-8.69783687591553,"Unknown"
"6227756",371834,2025-06-11 23:18:30,43.2920837402344,-8.69778633117676,"Unknown"
"6227756",371834,2025-06-11 23:28:30,43.2923355102539,-8.69794940948486,"Unknown"
"6227756",371834,2025-06-11 23:38:30,43.2921524047852,-8.6977596282959,"Unknown"
"6227756",371834,2025-06-11 23:48:30,43.2923011779785,-8.69789028167725,"Unknown"
"6227756",371834,2025-06-11 23:58:31,43.2923278808594,-8.69783782958984,"Unknown"
"6227756",371834,2025-06-12 00:08:44,43.2922172546387,-8.69773578643799,"Unknown"
"6227756",371834,2025-06-12 00:18:30,43.2921752929688,-8.69773101806641,"Unknown"
"6227756",371834,2025-06-12 00:28:30,43.2921562194824,-8.69769954681396,"Unknown"
"6227756",371834,2025-06-12 00:38:29,43.2922821044922,-8.69792556762695,"Unknown"
"6227756",371834,2025-06-12 00:48:44,43.2921676635742,-8.69775676727295,"Unknown"
"6227756",371834,2025-06-12 00:58:30,43.2921752929688,-8.69777202606201,"Unknown"
"6227756",371834,2025-06-12 01:08:30,43.2919540405273,-8.69754981994629,"Unknown"
"6227756",371834,2025-06-12 01:18:31,43.2921714782715,-8.6977596282959,"Unknown"
"6227756",371834,2025-06-12 01:28:33,43.2922668457031,-8.69762897491455,"Unknown"
"6227756",371834,2025-06-12 01:38:30,43.2919960021973,-8.69754886627197,"Unknown"
"6227756",371834,2025-06-12 01:48:44,43.292064666748,-8.69774341583252,"Unknown"
"6227756",371834,2025-06-12 01:58:29,43.2918281555176,-8.69776916503906,"Unknown"
"6227756",371834,2025-06-12 02:08:29,43.2917137145996,-8.69762802124023,"Unknown"
"6227756",371834,2025-06-12 02:18:35,43.2918434143066,-8.69765090942383,"Unknown"
"6227756",371834,2025-06-12 02:28:29,43.2917442321777,-8.69766616821289,"Unknown"
"6227756",371834,2025-06-12 02:38:44,43.2918891906738,-8.69760036468506,"Unknown"
"6227756",371834,2025-06-12 02:48:31,43.2917823791504,-8.69759750366211,"Unknown"
"6227756",371834,2025-06-12 02:58:29,43.2917137145996,-8.69766235351562,"Unknown"
"6227756",371834,2025-06-12 03:08:30,43.2918434143066,-8.69757556915283,"Unknown"
"6227756",371834,2025-06-12 03:18:30,43.2918930053711,-8.69745635986328,"Unknown"
"6227756",371834,2025-06-12 03:28:29,43.2917442321777,-8.69751071929932,"Unknown"
"6227756",371834,2025-06-12 03:38:45,43.2916831970215,-8.69702053070068,"Unknown"
"6227756",371834,2025-06-12 03:48:35,43.2917404174805,-8.69696140289307,"Unknown"
"6227756",371834,2025-06-12 03:58:30,43.2917556762695,-8.69705867767334,"Unknown"
"6227756",371834,2025-06-12 04:08:35,43.2917442321777,-8.69730472564697,"Unknown"
"6227756",371834,2025-06-12 04:18:32,43.2916603088379,-8.69715690612793,"Unknown"
"6227756",371834,2025-06-12 04:28:35,43.291862487793,-8.69735336303711,"Unknown"
"6227756",371834,2025-06-12 04:39:06,43.2917404174805,-8.69765567779541,"Unknown"
"6227756",371834,2025-06-12 04:48:36,43.2916984558105,-8.69756126403809,"Unknown"
"6227756",371834,2025-06-12 04:58:33,43.2915954589844,-8.6973819732666,"Unknown"
"6227756",371834,2025-06-12 05:08:36,43.2914733886719,-8.69725894927979,"Unknown"
"6227756",371834,2025-06-12 05:18:32,43.2913627624512,-8.69649887084961,"Unknown"
"6227756",371834,2025-06-12 05:28:29,43.2914619445801,-8.6965389251709,"Unknown"
"6227756",371834,2025-06-12 05:38:35,43.2915725708008,-8.6970386505127,"Unknown"
"6227756",371834,2025-06-12 05:48:35,43.2915267944336,-8.69699764251709,"Unknown"
"6227756",371834,2025-06-12 05:58:36,43.2915267944336,-8.69711494445801,"Unknown"
"6227756",371834,2025-06-12 06:08:31,43.2915267944336,-8.69708919525146,"Unknown"
"6227756",371834,2025-06-12 06:18:30,43.2917327880859,-8.69739627838135,"Unknown"
"6227756",371834,2025-06-12 06:28:29,43.2917823791504,-8.69740962982178,"Unknown"
"6227756",371834,2025-06-12 06:38:29,43.2917861938477,-8.69733905792236,"Unknown"
"6227756",371834,2025-06-12 06:48:31,43.2919082641602,-8.69749164581299,"Unknown"
"6227756",371834,2025-06-12 06:58:43,43.2918434143066,-8.69727420806885,"Unknown"
"6227756",371834,2025-06-12 07:08:44,43.2925148010254,-8.69597434997559,"Unknown"
"6227756",371834,2025-06-12 07:18:31,43.2916107177734,-8.6966724395752,"Unknown"
"6227756",371834,2025-06-12 07:28:35,43.2916145324707,-8.69682216644287,"Unknown"
"6227756",371834,2025-06-12 07:39:05,43.2916221618652,-8.69674873352051,"Unknown"
"6227756",371834,2025-06-12 07:48:29,43.2949180603027,-8.68894290924072,"Unknown"
"6227756",371834,2025-06-12 07:58:29,43.294677734375,-8.6634521484375,"Unknown"
"6227756",371834,2025-06-12 08:08:29,43.2946357727051,-8.66348457336426,"Unknown"
"6227756",371834,2025-06-12 08:18:29,43.3083724975586,-8.63486289978027,"Unknown"
"6227756",371834,2025-06-12 08:28:29,43.308235168457,-8.63484477996826,"Unknown"
"6227756",371834,2025-06-12 08:38:29,43.3082237243652,-8.63478946685791,"Unknown"
"6227756",371834,2025-06-12 08:48:29,43.3081855773926,-8.63482666015625,"Unknown"
"6227756",371834,2025-06-12 08:58:29,43.308277130127,-8.63488483428955,"Unknown"
"6227756",371834,2025-06-12 09:08:29,43.3090171813965,-8.63508605957031,"Unknown"
"6227756",371834,2025-06-12 09:18:29,43.3096656799316,-8.63249206542969,"Unknown"
"6227756",371834,2025-06-12 09:28:32,43.3094139099121,-8.63243103027344,"Unknown"
"6227756",371834,2025-06-12 09:38:29,43.3094139099121,-8.63241100311279,"Unknown"
"6227756",371834,2025-06-12 09:48:30,43.3094444274902,-8.63241958618164,"Unknown"
"6227756",371834,2025-06-12 09:58:29,43.3096008300781,-8.63237762451172,"Unknown"
"6227756",371834,2025-06-12 10:08:32,43.3140296936035,-8.61047267913818,"Unknown"
"6227756",371834,2025-06-12 10:18:44,43.3139839172363,-8.61039924621582,"Unknown"
"6227756",371834,2025-06-12 10:28:38,43.3140449523926,-8.6105260848999,"Unknown"
"6227756",371834,2025-06-12 10:38:44,43.3139457702637,-8.61052703857422,"Unknown"
"6227756",371834,2025-06-12 10:48:37,43.3139266967773,-8.61066055297852,"Unknown"
"6227756",371834,2025-06-12 10:58:33,43.3192825317383,-8.59145545959473,"Unknown"
"6227756",371834,2025-06-12 11:08:32,43.3214225769043,-8.55181789398193,"Unknown"
"6227756",371834,2025-06-12 11:18:30,43.3272514343262,-8.49504470825195,"Unknown"
"6227756",371834,2025-06-12 11:28:37,43.326301574707,-8.49902057647705,"Unknown"
"6227756",371834,2025-06-12 11:39:05,43.3262176513672,-8.4989070892334,"Unknown"
"6227756",371834,2025-06-12 11:48:29,43.3226509094238,-8.50081348419189,"Unknown"
"6227756",371834,2025-06-12 11:58:29,43.322509765625,-8.50093078613281,"Unknown"
"6227756",371834,2025-06-12 12:08:30,43.3175086975098,-8.49678707122803,"Unknown"
"6227756",371834,2025-06-12 12:18:30,43.3176040649414,-8.49669361114502,"Unknown"
"6227756",371834,2025-06-12 12:23:36,43.3158149719238,-8.49518871307373,"Unknown"
"6227756",371834,2025-06-12 12:33:30,43.3158569335938,-8.49508571624756,"Unknown"
"6227756",371834,2025-06-12 12:43:39,43.3255577087402,-8.48349666595459,"Unknown"
"6227756",371834,2025-06-12 12:53:31,43.3308334350586,-8.49642086029053,"Unknown"
"6227756",371834,2025-06-12 13:03:32,43.3304748535156,-8.496506690979,"Unknown"
"6227756",371834,2025-06-12 13:13:30,43.3302764892578,-8.4960765838623,"Unknown"
"6227756",371834,2025-06-12 13:23:33,43.3315887451172,-8.49551486968994,"Unknown"
"6227756",371834,2025-06-12 13:33:42,43.3307304382324,-8.49636459350586,"Unknown"
"6227756",371834,2025-06-12 13:44:05,43.3296737670898,-8.49734020233154,"Unknown"
"6227756",371834,2025-06-12 13:53:30,43.3316192626953,-8.49558067321777,"Unknown"
"6227756",371834,2025-06-12 14:03:32,43.3315010070801,-8.49539375305176,"Unknown"
"6227756",371834,2025-06-12 14:13:38,43.3314018249512,-8.49561882019043,"Unknown"
"6227756",371834,2025-06-12 14:23:39,43.3312873840332,-8.49581623077393,"Unknown"
"6227756",371834,2025-06-12 14:33:55,43.3306159973145,-8.49622821807861,"Unknown"
"6227756",371834,2025-06-12 14:44:05,43.3308448791504,-8.49624156951904,"Unknown"
"6227756",371834,2025-06-12 14:53:29,43.3308029174805,-8.49618721008301,"Unknown"
"6227756",371834,2025-06-12 15:03:29,43.3318099975586,-8.49586868286133,"Unknown"
"6227756",371834,2025-06-12 15:13:30,43.3314247131348,-8.49565029144287,"Unknown"
"6227756",371834,2025-06-12 15:23:29,43.3310890197754,-8.49593830108643,"Unknown"
"6227756",371834,2025-06-12 15:33:31,43.334716796875,-8.49318790435791,"Unknown"
"6227756",371834,2025-06-12 15:43:41,43.3345375061035,-8.49216747283936,"Unknown"
"6227756",371834,2025-06-12 15:53:30,43.3303604125977,-8.48800849914551,"Unknown"
"6227756",371834,2025-06-12 16:03:30,43.3254127502441,-8.51119804382324,"Unknown"
"6227756",371834,2025-06-12 16:13:30,43.3254814147949,-8.5111083984375,"Unknown"
"6227756",371834,2025-06-12 16:23:31,43.3251342773438,-8.51086235046387,"Unknown"
"6227756",371834,2025-06-12 16:33:38,43.3254203796387,-8.51121711730957,"Unknown"
"6227756",371834,2025-06-12 16:43:30,43.3252563476562,-8.5111026763916,"Unknown"
"6227756",371834,2025-06-12 16:53:38,43.325382232666,-8.51109504699707,"Unknown"
"6227756",371834,2025-06-12 17:03:38,43.3264617919922,-8.50885772705078,"Unknown"
"6227756",371834,2025-06-12 17:13:44,43.3300476074219,-8.49703788757324,"Unknown"
"6227756",371834,2025-06-12 17:23:30,43.3302421569824,-8.49330615997314,"Unknown"
"6227756",371834,2025-06-12 17:33:30,43.3302688598633,-8.49330806732178,"Unknown"
"6227756",371834,2025-06-12 17:43:35,43.3302879333496,-8.49325942993164,"Unknown"
"6227756",371834,2025-06-12 17:54:05,43.3300170898438,-8.49355125427246,"Unknown"
"6227756",371834,2025-06-12 18:03:29,43.3299942016602,-8.49358367919922,"Unknown"
"6227756",371834,2025-06-12 18:13:29,43.324836730957,-8.49921703338623,"Unknown"
"6227756",371834,2025-06-12 18:23:29,43.3248519897461,-8.49912357330322,"Unknown"
"6227756",371834,2025-06-12 18:33:29,43.3249282836914,-8.49922561645508,"Unknown"
"6227756",371834,2025-06-12 18:43:29,43.3247833251953,-8.49915027618408,"Unknown"
"6227756",371834,2025-06-12 18:53:29,43.3253784179688,-8.49893283843994,"Unknown"
"6227756",371834,2025-06-12 19:03:30,43.3222427368164,-8.49775314331055,"Unknown"
"6227756",371834,2025-06-12 19:13:31,43.3222160339355,-8.49771881103516,"Unknown"
"6227756",371834,2025-06-12 19:23:31,43.3222160339355,-8.49778842926025,"Unknown"
"6227756",371834,2025-06-12 19:33:38,43.3221664428711,-8.49774360656738,"Unknown"
"6227756",371834,2025-06-12 19:43:38,43.3221321105957,-8.49777984619141,"Unknown"
"6227756",371834,2025-06-12 19:53:35,43.3224258422852,-8.49992084503174,"Unknown"
"6227756",371834,2025-06-12 20:03:30,43.3232078552246,-8.49995994567871,"Unknown"
"6227756",371834,2025-06-12 20:13:30,43.3232879638672,-8.5000524520874,"Unknown"
"6227756",371834,2025-06-12 20:23:30,43.3230285644531,-8.50008773803711,"Unknown"
"6227756",371834,2025-06-12 20:33:30,43.3236694335938,-8.49905109405518,"Unknown"
"6227756",371834,2025-06-12 20:43:30,43.3239974975586,-8.49899291992188,"Unknown"
"6227756",371834,2025-06-12 20:53:30,43.3249015808105,-8.49590396881104,"Unknown"
"6227756",371834,2025-06-12 21:03:30,43.3245849609375,-8.49630928039551,"Unknown"
"6227756",371834,2025-06-12 21:13:30,43.3248252868652,-8.4963903427124,"Unknown"
"6227756",371834,2025-06-12 21:23:50,43.3269195556641,-8.4970588684082,"Unknown"
"6227756",371834,2025-06-12 21:33:43,43.3277626037598,-8.49697589874268,"Unknown"
"6227756",371834,2025-06-12 21:43:40,43.3273658752441,-8.49660682678223,"Unknown"
"6227756",371834,2025-06-12 21:54:37,43.3276977539062,-8.49683856964111,"Unknown"
"6227756",371834,2025-06-12 22:04:16,43.327392578125,-8.49674701690674,"Unknown"
"6227756",371834,2025-06-12 22:14:14,43.3280220031738,-8.4970121383667,"Unknown"
"6227756",371834,2025-06-12 22:23:35,43.3282012939453,-8.49668884277344,"Unknown"
"6227756",371834,2025-06-12 22:33:37,43.3280792236328,-8.49693775177002,"Unknown"
"6227756",371834,2025-06-12 22:43:37,43.3279571533203,-8.4970064163208,"Unknown"
"6227756",371834,2025-06-12 22:53:34,43.3278961181641,-8.49695301055908,"Unknown"
"6227756",371834,2025-06-12 23:03:33,43.3275527954102,-8.49722290039062,"Unknown"
"6227756",371834,2025-06-12 23:13:31,43.3274841308594,-8.49744129180908,"Unknown"
"6227756",371834,2025-06-12 23:23:44,43.3273963928223,-8.49767303466797,"Unknown"
"6227756",371834,2025-06-12 23:33:35,43.3274612426758,-8.49771308898926,"Unknown"
"6227756",371834,2025-06-12 23:43:32,43.3274040222168,-8.49722385406494,"Unknown"
"6227756",371834,2025-06-12 23:54:03,43.3273963928223,-8.4972448348999,"Unknown"
"6227756",371834,2025-06-13 00:03:31,43.3274726867676,-8.49681949615479,"Unknown"
"6227756",371834,2025-06-13 00:13:31,43.327392578125,-8.4974365234375,"Unknown"
"6227756",371834,2025-06-13 00:24:03,43.3273887634277,-8.49696159362793,"Unknown"
"6227756",371834,2025-06-13 00:33:37,43.3274154663086,-8.49710369110107,"Unknown"
"6227756",371834,2025-06-13 00:43:40,43.3274841308594,-8.49720096588135,"Unknown"
"6227756",371834,2025-06-13 00:54:30,43.3274726867676,-8.49730491638184,"Unknown"
"6227756",371834,2025-06-13 01:03:45,43.3276977539062,-8.49799823760986,"Unknown"
"6227756",371834,2025-06-13 01:13:39,43.3277053833008,-8.49734020233154,"Unknown"
"6227756",371834,2025-06-13 01:24:23,43.3273506164551,-8.49714851379395,"Unknown"
"6227756",371834,2025-06-13 01:33:35,43.3272743225098,-8.4971923828125,"Unknown"
"6227756",371834,2025-06-13 01:43:38,43.3272857666016,-8.49709987640381,"Unknown"
"6227756",371834,2025-06-13 01:53:52,43.3274078369141,-8.49700927734375,"Unknown"
"6227756",371834,2025-06-13 02:03:35,43.3273582458496,-8.4971923828125,"Unknown"
"6227756",371834,2025-06-13 02:13:47,43.3273620605469,-8.49756717681885,"Unknown"
"6227756",371834,2025-06-13 02:23:33,43.3273887634277,-8.49717426300049,"Unknown"
"6227756",371834,2025-06-13 02:33:33,43.3274688720703,-8.497239112854,"Unknown"
"6227756",371834,2025-06-13 02:44:33,43.3274421691895,-8.49710845947266,"Unknown"
"6227756",371834,2025-06-13 02:53:37,43.3273849487305,-8.49697589874268,"Unknown"
"6227756",371834,2025-06-13 03:04:14,43.3274536132812,-8.49730682373047,"Unknown"
"6227756",371834,2025-06-13 03:14:04,43.3274612426758,-8.49709033966064,"Unknown"
"6227756",371834,2025-06-13 03:24:23,43.3274536132812,-8.4971923828125,"Unknown"
"6227756",371834,2025-06-13 03:33:53,43.327465057373,-8.4973258972168,"Unknown"
"6227756",371834,2025-06-13 03:43:41,43.3272705078125,-8.49716663360596,"Unknown"
"6227756",371834,2025-06-13 03:53:59,43.327335357666,-8.49728965759277,"Unknown"
"6227756",371834,2025-06-13 04:03:50,43.3274154663086,-8.49711227416992,"Unknown"
"6227756",371834,2025-06-13 04:13:37,43.3275489807129,-8.49718284606934,"Unknown"
"6227756",371834,2025-06-13 04:23:33,43.327392578125,-8.49717330932617,"Unknown"
"6227756",371834,2025-06-13 04:33:36,43.3272247314453,-8.49755764007568,"Unknown"
"6227756",371834,2025-06-13 04:43:42,43.3275985717773,-8.4973783493042,"Unknown"
"6227756",371834,2025-06-13 05:03:33,43.3274421691895,-8.49721050262451,"Unknown"
"6227756",371834,2025-06-13 05:13:30,43.3273506164551,-8.49705982208252,"Unknown"
"6227756",371834,2025-06-13 05:23:31,43.327449798584,-8.49732875823975,"Unknown"
"6227756",371834,2025-06-13 05:33:41,43.327449798584,-8.49726676940918,"Unknown"
"6227756",371834,2025-06-13 05:43:31,43.3274841308594,-8.49737453460693,"Unknown"
"6227756",371834,2025-06-13 05:53:33,43.3273658752441,-8.49710655212402,"Unknown"
"6227756",371834,2025-06-13 06:03:32,43.3275108337402,-8.49730968475342,"Unknown"
"6227756",371834,2025-06-13 06:13:31,43.3274040222168,-8.49716758728027,"Unknown"
"6227756",371834,2025-06-13 06:23:33,43.327465057373,-8.49730491638184,"Unknown"
"6227756",371834,2025-06-13 06:33:38,43.3274726867676,-8.49734973907471,"Unknown"
"6227756",371834,2025-06-13 06:43:31,43.3274574279785,-8.49712371826172,"Unknown"
"6227756",371834,2025-06-13 06:53:39,43.3273315429688,-8.49731826782227,"Unknown"
"6227756",371834,2025-06-13 07:03:31,43.3276176452637,-8.49734210968018,"Unknown"
"6227756",371834,2025-06-13 07:13:36,43.3274154663086,-8.49711322784424,"Unknown"
"6227756",371834,2025-06-13 07:23:38,43.3265151977539,-8.49574184417725,"Unknown"
"6227756",371834,2025-06-13 07:33:42,43.3272857666016,-8.49662017822266,"Unknown"
"6227756",371834,2025-06-13 07:43:38,43.3274230957031,-8.49669075012207,"Unknown"
"6227756",371834,2025-06-13 07:53:33,43.327709197998,-8.49679183959961,"Unknown"
"6227756",371834,2025-06-13 08:03:32,43.3276710510254,-8.49686622619629,"Unknown"
"6227756",371834,2025-06-13 08:13:31,43.3276062011719,-8.49708652496338,"Unknown"
"6227756",371834,2025-06-13 08:23:30,43.3275299072266,-8.4971170425415,"Unknown"
"6227756",371834,2025-06-13 08:33:30,43.3275299072266,-8.49722099304199,"Unknown"
"6227756",371834,2025-06-13 08:43:30,43.3275375366211,-8.49713325500488,"Unknown"
"6227756",371834,2025-06-13 08:53:35,43.3274688720703,-8.49716472625732,"Unknown"
"6227756",371834,2025-06-13 09:03:37,43.3272247314453,-8.49740505218506,"Unknown"
"6227756",371834,2025-06-13 09:13:32,43.3274803161621,-8.49727344512939,"Unknown"
"6227756",371834,2025-06-13 09:23:33,43.3273582458496,-8.49699592590332,"Unknown"
"6227756",371834,2025-06-13 09:33:32,43.3273963928223,-8.49684238433838,"Unknown"
"6227756",371834,2025-06-13 09:43:32,43.3271293640137,-8.49671363830566,"Unknown"
"6227756",371834,2025-06-13 09:53:33,43.3273468017578,-8.49713134765625,"Unknown"
"6227756",371834,2025-06-13 10:03:32,43.3273849487305,-8.49670696258545,"Unknown"
"6227756",371834,2025-06-13 10:13:36,43.3274917602539,-8.49698829650879,"Unknown"
"6227756",371834,2025-06-13 10:23:33,43.3274459838867,-8.49714374542236,"Unknown"
"6227756",371834,2025-06-13 10:33:31,43.3275566101074,-8.49751567840576,"Unknown"
"6227756",371834,2025-06-13 10:43:32,43.3275184631348,-8.49740505218506,"Unknown"
"6227756",371834,2025-06-13 10:53:30,43.327522277832,-8.49757385253906,"Unknown"
"6227756",371834,2025-06-13 11:03:31,43.3273162841797,-8.49763774871826,"Unknown"
"6227756",371834,2025-06-13 11:13:31,43.327522277832,-8.49763107299805,"Unknown"
"6227756",371834,2025-06-13 11:23:31,43.3274879455566,-8.49758338928223,"Unknown"
"6227756",371834,2025-06-13 11:33:31,43.3273658752441,-8.4976053237915,"Unknown"
"6227756",371834,2025-06-13 11:43:31,43.3275947570801,-8.49790477752686,"Unknown"
"6227756",371834,2025-06-13 11:53:32,43.3273773193359,-8.49720096588135,"Unknown"
"6227756",371834,2025-06-13 12:03:35,43.3275833129883,-8.49727439880371,"Unknown"
"6227756",371834,2025-06-13 12:13:35,43.3273963928223,-8.49702835083008,"Unknown"
"6227756",371834,2025-06-13 12:23:34,43.3274612426758,-8.49720191955566,"Unknown"
"6227756",371834,2025-06-13 12:33:33,43.3273162841797,-8.49737167358398,"Unknown"
"6227756",371834,2025-06-13 12:43:33,43.3274879455566,-8.49721145629883,"Unknown"
"6227756",371834,2025-06-13 12:53:32,43.3290710449219,-8.4967098236084,"Unknown"
"6227756",371834,2025-06-13 13:03:30,43.3307075500488,-8.49639129638672,"Unknown"
"6227756",371834,2025-06-13 13:13:31,43.3312530517578,-8.49596500396729,"Unknown"
"6227756",371834,2025-06-13 13:23:32,43.3314476013184,-8.49594211578369,"Unknown"
"6227756",371834,2025-06-13 13:33:31,43.3313407897949,-8.4959192276001,"Unknown"
"6227756",371834,2025-06-13 13:43:30,43.3313865661621,-8.49580669403076,"Unknown"
"6227756",371834,2025-06-13 13:53:33,43.3316268920898,-8.49562835693359,"Unknown"
"6227756",371834,2025-06-13 14:03:30,43.3312606811523,-8.49576187133789,"Unknown"
"6227756",371834,2025-06-13 14:13:31,43.3313751220703,-8.49563503265381,"Unknown"
"6227756",371834,2025-06-13 14:23:32,43.3313903808594,-8.49544525146484,"Unknown"
"6227756",371834,2025-06-13 14:33:31,43.3316116333008,-8.49547958374023,"Unknown"
"6227756",371834,2025-06-13 14:43:31,43.3313598632812,-8.49535465240479,"Unknown"
"6227756",371834,2025-06-13 14:53:31,43.3313293457031,-8.49533271789551,"Unknown"
"6227756",371834,2025-06-13 15:03:32,43.3316268920898,-8.49544048309326,"Unknown"
"6227756",371834,2025-06-13 15:13:32,43.3316116333008,-8.49544525146484,"Unknown"
"6227756",371834,2025-06-13 15:23:32,43.3316650390625,-8.49567031860352,"Unknown"
"6227756",371834,2025-06-13 15:33:32,43.3317451477051,-8.49570465087891,"Unknown"
"6227756",371834,2025-06-13 15:43:32,43.3313255310059,-8.49527168273926,"Unknown"
"6227756",371834,2025-06-13 15:53:31,43.3317756652832,-8.49557495117188,"Unknown"
"6227756",371834,2025-06-13 16:03:31,43.331615447998,-8.4955940246582,"Unknown"
"6227756",371834,2025-06-13 16:13:34,43.3316421508789,-8.49567127227783,"Unknown"
"6227756",371834,2025-06-13 16:23:32,43.3317031860352,-8.49562835693359,"Unknown"
"6227756",371834,2025-06-13 16:33:31,43.3318901062012,-8.49585723876953,"Unknown"
"6227756",371834,2025-06-13 16:43:32,43.3316650390625,-8.49558639526367,"Unknown"
"6227756",371834,2025-06-13 16:53:31,43.3312683105469,-8.49593830108643,"Unknown"
"6227756",371834,2025-06-13 17:03:33,43.3309211730957,-8.49631404876709,"Unknown"
"6227756",371834,2025-06-13 17:13:33,43.3290176391602,-8.49395179748535,"Unknown"
"6227756",371834,2025-06-13 17:23:36,43.3299026489258,-8.49706077575684,"Unknown"
"6227756",371834,2025-06-13 17:33:32,43.3298530578613,-8.49731540679932,"Unknown"
"6227756",371834,2025-06-13 17:43:32,43.329761505127,-8.49730777740479,"Unknown"
"6227756",371834,2025-06-13 17:53:32,43.329833984375,-8.49684429168701,"Unknown"
"6227756",371834,2025-06-13 18:03:36,43.3294448852539,-8.49687576293945,"Unknown"
"6227756",371834,2025-06-13 18:13:33,43.3290634155273,-8.49681186676025,"Unknown"
"6227756",371834,2025-06-13 18:23:33,43.3267974853516,-8.49430561065674,"Unknown"
"6227756",371834,2025-06-13 18:33:37,43.328125,-8.49715805053711,"Unknown"
"6227756",371834,2025-06-13 18:43:33,43.3267822265625,-8.49552249908447,"Unknown"
"6227756",371834,2025-06-13 18:53:32,43.3273391723633,-8.49605369567871,"Unknown"
"6227756",371834,2025-06-13 19:03:31,43.3281745910645,-8.49719333648682,"Unknown"
"6227756",371834,2025-06-13 19:13:33,43.3281860351562,-8.49698066711426,"Unknown"
"6227756",371834,2025-06-13 19:23:37,43.3284454345703,-8.49742412567139,"Unknown"
"6227756",371834,2025-06-13 19:33:36,43.3282775878906,-8.49693393707275,"Unknown"
"6227756",371834,2025-06-13 19:43:38,43.3280258178711,-8.49734973907471,"Unknown"
"6227756",371834,2025-06-13 19:53:33,43.328784942627,-8.49709224700928,"Unknown"
"6227756",371834,2025-06-13 20:03:32,43.327766418457,-8.49779224395752,"Unknown"
"6227756",371834,2025-06-13 20:13:39,43.3270149230957,-8.49852180480957,"Unknown"
"6227756",371834,2025-06-13 20:23:33,43.3274917602539,-8.49798011779785,"Unknown"
"6227756",371834,2025-06-13 20:33:31,43.3274078369141,-8.49795818328857,"Unknown"
"6227756",371834,2025-06-13 20:43:32,43.3274688720703,-8.4978609085083,"Unknown"
"6227756",371834,2025-06-13 20:53:32,43.3288192749023,-8.49717330932617,"Unknown"
"6227756",371834,2025-06-13 21:03:33,43.3279991149902,-8.49739837646484,"Unknown"
"6227756",371834,2025-06-13 21:13:32,43.3289642333984,-8.49708652496338,"Unknown"
"6227756",371834,2025-06-13 21:23:32,43.3283348083496,-8.49705410003662,"Unknown"
"6227756",371834,2025-06-13 21:33:33,43.3284034729004,-8.49691963195801,"Unknown"
"6227756",371834,2025-06-13 21:43:34,43.3286476135254,-8.49682426452637,"Unknown"
"6227756",371834,2025-06-13 21:53:36,43.3285331726074,-8.4968376159668,"Unknown"
"6227756",371834,2025-06-13 22:03:32,43.3281364440918,-8.49691867828369,"Unknown"
"6227756",371834,2025-06-13 22:13:32,43.3282928466797,-8.49677658081055,"Unknown"
"6227756",371834,2025-06-13 22:23:31,43.3289680480957,-8.49641513824463,"Unknown"
"6227756",371834,2025-06-13 22:33:32,43.3287315368652,-8.49623870849609,"Unknown"
"6227756",371834,2025-06-13 22:43:31,43.3283729553223,-8.4970531463623,"Unknown"
"6227756",371834,2025-06-13 22:53:31,43.3285369873047,-8.49673748016357,"Unknown"
"6227756",371834,2025-06-13 23:03:32,43.3283996582031,-8.49691390991211,"Unknown"
"6227756",371834,2025-06-13 23:13:32,43.3284950256348,-8.4968900680542,"Unknown"
"6227756",371834,2025-06-13 23:23:32,43.3284950256348,-8.49677467346191,"Unknown"
"6227756",371834,2025-06-13 23:33:32,43.3284568786621,-8.49695110321045,"Unknown"
"6227756",371834,2025-06-13 23:43:32,43.3284568786621,-8.49696445465088,"Unknown"
"6227756",371834,2025-06-13 23:53:32,43.3285217285156,-8.49701404571533,"Unknown"
"6227756",371834,2025-06-14 00:14:26,43.3287086486816,-8.49743938446045,"Unknown"
"6227756",371834,2025-06-14 00:34:03,43.3290863037109,-8.49754238128662,"Unknown"
"6227756",371834,2025-06-14 01:14:36,43.329891204834,-8.49830150604248,"Unknown"
"6227756",371834,2025-06-14 01:24:09,43.3297233581543,-8.4983024597168,"Unknown"
"6227756",371834,2025-06-14 01:34:54,43.3298606872559,-8.49826431274414,"Unknown"
"6227756",371834,2025-06-14 01:44:54,43.3299980163574,-8.49825859069824,"Unknown"
"6227756",371834,2025-06-14 01:54:54,43.3299217224121,-8.49827766418457,"Unknown"
"6227756",371834,2025-06-14 02:03:47,43.3297119140625,-8.49847316741943,"Unknown"
"6227756",371834,2025-06-14 02:14:27,43.3298873901367,-8.49850082397461,"Unknown"
"6227756",371834,2025-06-14 02:23:48,43.3298301696777,-8.49851894378662,"Unknown"
"6227756",371834,2025-06-14 02:33:42,43.3293571472168,-8.49854946136475,"Unknown"
"6227756",371834,2025-06-14 02:43:55,43.3299217224121,-8.49898147583008,"Unknown"
"6227756",371834,2025-06-14 02:53:55,43.3296051025391,-8.49823760986328,"Unknown"
"6227756",371834,2025-06-14 03:03:40,43.3295974731445,-8.49837875366211,"Unknown"
"6227756",371834,2025-06-14 03:13:43,43.3295631408691,-8.4982967376709,"Unknown"
"6227756",371834,2025-06-14 03:23:59,43.3296813964844,-8.49826335906982,"Unknown"
"6227756",371834,2025-06-14 03:34:01,43.3294792175293,-8.49822998046875,"Unknown"
"6227756",371834,2025-06-14 03:44:54,43.329402923584,-8.49843692779541,"Unknown"
"6227756",371834,2025-06-14 03:54:04,43.329662322998,-8.49845409393311,"Unknown"
"6227756",371834,2025-06-14 04:03:38,43.3297996520996,-8.49846839904785,"Unknown"
"6227756",371834,2025-06-14 04:13:51,43.3301010131836,-8.49860286712646,"Unknown"
"6227756",371834,2025-06-14 04:24:54,43.3295478820801,-8.49828243255615,"Unknown"
"6227756",371834,2025-06-14 04:34:54,43.3294563293457,-8.49825286865234,"Unknown"
"6227756",371834,2025-06-14 04:44:54,43.329460144043,-8.49828147888184,"Unknown"
"6227756",371834,2025-06-14 04:53:55,43.3296089172363,-8.4983434677124,"Unknown"
"6227756",371834,2025-06-14 05:04:31,43.3294410705566,-8.49814414978027,"Unknown"
"6227756",371834,2025-06-14 05:14:07,43.3295249938965,-8.49801349639893,"Unknown"
"6227756",371834,2025-06-14 05:23:56,43.3296051025391,-8.4988842010498,"Unknown"
"6227756",371834,2025-06-14 05:44:03,43.3296813964844,-8.49860382080078,"Unknown"
"6227756",371834,2025-06-14 05:53:51,43.3296165466309,-8.49845600128174,"Unknown"
"6227756",371834,2025-06-14 06:03:57,43.3294639587402,-8.49828624725342,"Unknown"
"6227756",371834,2025-06-14 06:13:57,43.3294372558594,-8.49821949005127,"Unknown"
"6227756",371834,2025-06-14 08:34:20,43.3299980163574,-8.49867343902588,"Unknown"
"6227756",371834,2025-06-14 08:44:05,43.3295249938965,-8.49838161468506,"Unknown"
"6227756",371834,2025-06-14 08:53:43,43.3294677734375,-8.49834060668945,"Unknown"
"6227756",371834,2025-06-14 09:03:41,43.3295097351074,-8.4984188079834,"Unknown"
"6227756",371834,2025-06-14 09:13:49,43.3294219970703,-8.49832534790039,"Unknown"
"6227756",371834,2025-06-14 09:23:55,43.3294219970703,-8.4979887008667,"Unknown"
"6227756",371834,2025-06-14 09:34:30,43.3294830322266,-8.49826908111572,"Unknown"
"6227756",371834,2025-06-14 09:43:43,43.3295288085938,-8.49829769134521,"Unknown"
"6227756",371834,2025-06-14 10:04:54,43.3294334411621,-8.49846458435059,"Unknown"
"6227756",371834,2025-06-14 10:14:54,43.3295478820801,-8.49830055236816,"Unknown"
"6227756",371834,2025-06-14 10:24:54,43.3296203613281,-8.49833869934082,"Unknown"
"6227756",371834,2025-06-14 10:33:44,43.3296165466309,-8.49894142150879,"Unknown"
"6227756",371834,2025-06-14 10:43:37,43.329532623291,-8.49800109863281,"Unknown"
"6227756",371834,2025-06-14 10:53:43,43.3295707702637,-8.49845600128174,"Unknown"
"6227756",371834,2025-06-14 11:03:47,43.3297386169434,-8.49818229675293,"Unknown"
"6227756",371834,2025-06-14 11:13:42,43.3296661376953,-8.49870491027832,"Unknown"
"6227756",371834,2025-06-14 11:23:42,43.3295211791992,-8.49825477600098,"Unknown"
"6227756",371834,2025-06-14 11:33:42,43.3296775817871,-8.49816036224365,"Unknown"
"6227756",371834,2025-06-14 11:43:43,43.3296661376953,-8.49820327758789,"Unknown"
"6227756",371834,2025-06-14 11:53:49,43.3295783996582,-8.49816226959229,"Unknown"
"6227756",371834,2025-06-14 12:04:28,43.3294639587402,-8.49806499481201,"Unknown"
"6227756",371834,2025-06-14 12:13:49,43.329460144043,-8.49826526641846,"Unknown"
"6227756",371834,2025-06-14 12:23:51,43.3295555114746,-8.49819469451904,"Unknown"
"6227756",371834,2025-06-14 12:34:15,43.329288482666,-8.49808597564697,"Unknown"
"6227756",371834,2025-06-14 13:24:35,43.3295707702637,-8.4982738494873,"Unknown"
"6227756",371834,2025-06-14 13:44:47,43.3291931152344,-8.49836540222168,"Unknown"
"6227756",371834,2025-06-14 14:03:57,43.329475402832,-8.49857711791992,"Unknown"
"6227756",371834,2025-06-14 14:14:35,43.3294792175293,-8.49821853637695,"Unknown"
"6227756",371834,2025-06-14 14:24:04,43.3295249938965,-8.49833106994629,"Unknown"
"6227756",371834,2025-06-14 14:33:53,43.3293571472168,-8.49800300598145,"Unknown"
"6227756",371834,2025-06-14 14:43:57,43.3295822143555,-8.49839401245117,"Unknown"
"6227756",371834,2025-06-14 14:53:58,43.3295364379883,-8.49829769134521,"Unknown"
"6227756",371834,2025-06-14 15:03:52,43.3297386169434,-8.49851036071777,"Unknown"
"6227756",371834,2025-06-14 18:44:54,43.3296127319336,-8.49834442138672,"Unknown"
"6227756",371834,2025-06-14 20:14:54,43.3296699523926,-8.49898052215576,"Unknown"
"6227756",371834,2025-06-14 20:44:30,43.329418182373,-8.49895477294922,"Unknown"
"6227756",371834,2025-06-14 21:14:06,43.3296318054199,-8.49825191497803,"Unknown"
"6227756",371834,2025-06-14 21:43:51,43.3295478820801,-8.49823951721191,"Unknown"
"6227756",371834,2025-06-14 22:43:54,43.3295059204102,-8.49789810180664,"Unknown"
"6227756",371834,2025-06-14 23:43:41,43.3295364379883,-8.49883079528809,"Unknown"
"6227756",371834,2025-06-15 00:13:36,43.3296089172363,-8.49881267547607,"Unknown"
"6227756",371834,2025-06-15 00:44:03,43.3296051025391,-8.49891185760498,"Unknown"
"6227756",371834,2025-06-15 01:13:34,43.3296089172363,-8.49896240234375,"Unknown"
"6227756",371834,2025-06-15 01:43:36,43.3296585083008,-8.4988842010498,"Unknown"
"6227756",371834,2025-06-15 02:13:36,43.3295974731445,-8.49870300292969,"Unknown"
"6227756",371834,2025-06-15 02:43:36,43.3297538757324,-8.49902057647705,"Unknown"
"6227756",371834,2025-06-15 03:13:33,43.3296127319336,-8.49903678894043,"Unknown"
"6227756",371834,2025-06-15 03:43:40,43.3294410705566,-8.49901294708252,"Unknown"
"6227756",371834,2025-06-15 04:13:34,43.3296127319336,-8.4990291595459,"Unknown"
"6227756",371834,2025-06-15 04:43:32,43.329517364502,-8.49895000457764,"Unknown"
"6227756",371834,2025-06-15 05:13:34,43.3295021057129,-8.49904918670654,"Unknown"
"6227756",371834,2025-06-15 05:43:45,43.3294715881348,-8.49873638153076,"Unknown"
"6227756",371834,2025-06-15 06:13:34,43.32958984375,-8.49863243103027,"Unknown"
"6227756",371834,2025-06-15 06:44:05,43.3294982910156,-8.49887084960938,"Unknown"
"6227756",371834,2025-06-15 07:13:43,43.3296051025391,-8.49881458282471,"Unknown"
"6227756",371834,2025-06-15 07:43:32,43.3293495178223,-8.49929714202881,"Unknown"
"6227756",371834,2025-06-15 08:13:42,43.3293800354004,-8.49909687042236,"Unknown"
"6227756",371834,2025-06-15 08:43:31,43.3296890258789,-8.49902820587158,"Unknown"
"6227756",371834,2025-06-15 09:13:33,43.3290977478027,-8.49902439117432,"Unknown"
"6227756",371834,2025-06-15 09:43:32,43.3291397094727,-8.49859046936035,"Unknown"
"6227756",371834,2025-06-15 10:13:34,43.3297348022461,-8.49901103973389,"Unknown"
"6227756",371834,2025-06-15 10:43:34,43.3298110961914,-8.49920463562012,"Unknown"
"6227756",371834,2025-06-15 11:13:39,43.3295478820801,-8.49909687042236,"Unknown"
"6227756",371834,2025-06-15 11:44:05,43.329532623291,-8.49886798858643,"Unknown"
"6227756",371834,2025-06-15 12:13:32,43.329532623291,-8.49880313873291,"Unknown"
"6227756",371834,2025-06-15 12:43:32,43.3294792175293,-8.49888706207275,"Unknown"
"6227756",371834,2025-06-15 13:14:05,43.3295478820801,-8.49887180328369,"Unknown"
"6227756",371834,2025-06-15 13:43:30,43.3294677734375,-8.49898719787598,"Unknown"
"6227756",371834,2025-06-15 14:13:34,43.32958984375,-8.49896144866943,"Unknown"
"6227756",371834,2025-06-15 14:43:33,43.3295783996582,-8.49891662597656,"Unknown"
"6227756",371834,2025-06-15 15:13:34,43.3294830322266,-8.49898052215576,"Unknown"
"6227756",371834,2025-06-15 15:43:34,43.3294296264648,-8.4988374710083,"Unknown"
"6227756",371834,2025-06-15 16:13:33,43.3294296264648,-8.49894905090332,"Unknown"
"6227756",371834,2025-06-15 16:43:34,43.3294296264648,-8.49888896942139,"Unknown"
"6227756",371834,2025-06-15 17:13:40,43.3297004699707,-8.49878692626953,"Unknown"
"6227756",371834,2025-06-15 17:43:43,43.3298225402832,-8.49884223937988,"Unknown"
"6227756",371834,2025-06-15 18:13:54,43.3299942016602,-8.49926471710205,"Unknown"
"6227756",371834,2025-06-15 18:44:05,43.329517364502,-8.49893379211426,"Unknown"
"6227756",371834,2025-06-15 19:13:32,43.3296165466309,-8.49909114837646,"Unknown"
"6227756",371834,2025-06-15 19:43:31,43.3295364379883,-8.4991340637207,"Unknown"
"6227756",371834,2025-06-15 20:13:32,43.3294830322266,-8.49936103820801,"Unknown"
"6227756",371834,2025-06-15 20:43:32,43.3294448852539,-8.49888229370117,"Unknown"
"6227756",371834,2025-06-15 21:13:35,43.3295860290527,-8.49927616119385,"Unknown"
"6227756",371834,2025-06-15 21:43:36,43.3310241699219,-8.49901294708252,"Unknown"
"6227756",371834,2025-06-15 22:13:36,43.3301200866699,-8.49955654144287,"Unknown"
"6227756",371834,2025-06-15 22:43:33,43.3292427062988,-8.49899482727051,"Unknown"
"6227756",371834,2025-06-15 23:13:32,43.3294982910156,-8.49882888793945,"Unknown"
"6227756",371834,2025-06-15 23:43:33,43.3294410705566,-8.49890422821045,"Unknown"
"6227756",371834,2025-06-16 00:13:37,43.3296813964844,-8.49899005889893,"Unknown"
"6227756",371834,2025-06-16 00:43:34,43.3298301696777,-8.49916744232178,"Unknown"
"6227756",371834,2025-06-16 01:14:05,43.3295669555664,-8.49895858764648,"Unknown"
"6227756",371834,2025-06-16 01:43:37,43.3295974731445,-8.49891662597656,"Unknown"
"6227756",371834,2025-06-16 02:13:31,43.3295783996582,-8.49896717071533,"Unknown"
"6227756",371834,2025-06-16 02:43:32,43.3296356201172,-8.49905681610107,"Unknown"
"6227756",371834,2025-06-16 03:13:39,43.3298873901367,-8.49928283691406,"Unknown"
"6227756",371834,2025-06-16 03:43:36,43.3297576904297,-8.49919319152832,"Unknown"
"6227756",371834,2025-06-16 04:13:33,43.3295249938965,-8.49898242950439,"Unknown"
"6227756",371834,2025-06-16 04:43:50,43.3295860290527,-8.49883937835693,"Unknown"
"6227756",371834,2025-06-16 05:14:00,43.3296432495117,-8.49860763549805,"Unknown"
"6227756",371834,2025-06-16 05:43:39,43.3291893005371,-8.49889469146729,"Unknown"
"6227756",371834,2025-06-16 06:13:59,43.3288612365723,-8.49870204925537,"Unknown"
"6227756",371834,2025-06-16 06:44:05,43.3294563293457,-8.4989128112793,"Unknown"
"6227756",371834,2025-06-16 07:13:30,43.3294372558594,-8.49892520904541,"Unknown"
"6227756",371834,2025-06-16 07:43:31,43.330135345459,-8.49883937835693,"Unknown"
"6227756",371834,2025-06-16 08:13:31,43.3294830322266,-8.4990758895874,"Unknown"
"6227756",371834,2025-06-16 08:43:33,43.3294258117676,-8.49914646148682,"Unknown"
"6227756",371834,2025-06-16 09:13:32,43.329402923584,-8.4990177154541,"Unknown"
"6227756",371834,2025-06-16 09:43:32,43.329044342041,-8.49822902679443,"Unknown"
"6227756",371834,2025-06-16 10:13:42,43.3297691345215,-8.49962615966797,"Unknown"
"6227756",371834,2025-06-16 10:43:38,43.3299598693848,-8.5,"Unknown"
"6227756",371834,2025-06-16 11:13:41,43.3285751342773,-8.49839210510254,"Unknown"
"6227756",371834,2025-06-16 11:44:05,43.3292999267578,-8.49901580810547,"Unknown"
"6227756",371834,2025-06-16 12:13:31,43.3296394348145,-8.49905014038086,"Unknown"
"6227756",371834,2025-06-16 12:43:33,43.3293800354004,-8.49892044067383,"Unknown"
"6227756",371834,2025-06-16 13:13:33,43.3298721313477,-8.49880027770996,"Unknown"
"6227756",371834,2025-06-16 13:43:43,43.3298988342285,-8.49892044067383,"Unknown"
"6227756",371834,2025-06-16 14:13:39,43.3301277160645,-8.49915885925293,"Unknown"
"6227756",371834,2025-06-16 14:44:05,43.329532623291,-8.49904251098633,"Unknown"
"6227756",371834,2025-06-16 15:13:32,43.3295249938965,-8.49911212921143,"Unknown"
"6227756",371834,2025-06-16 15:43:34,43.3294448852539,-8.49891948699951,"Unknown"
"6227756",371834,2025-06-16 16:13:34,43.3293533325195,-8.4989185333252,"Unknown"
"6227756",371834,2025-06-16 16:44:05,43.3294906616211,-8.4989767074585,"Unknown"
"6227756",371834,2025-06-16 17:13:30,43.3294982910156,-8.49895095825195,"Unknown"
"6227756",371834,2025-06-16 17:43:32,43.3295555114746,-8.49911594390869,"Unknown"
"6227756",371834,2025-06-16 18:13:33,43.3293190002441,-8.49873828887939,"Unknown"
"6227756",371834,2025-06-16 18:43:36,43.3298034667969,-8.49939727783203,"Unknown"
"6227756",371834,2025-06-16 19:13:34,43.3295402526855,-8.49910640716553,"Unknown"
"6227756",371834,2025-06-16 19:43:42,43.3297424316406,-8.49942779541016,"Unknown"
"6227756",371834,2025-06-16 20:13:32,43.3296737670898,-8.49932765960693,"Unknown"
"6227756",371834,2025-06-16 20:43:38,43.3296203613281,-8.49949741363525,"Unknown"
"6227756",371834,2025-06-16 21:13:43,43.3294830322266,-8.49907398223877,"Unknown"
"6227756",371834,2025-06-16 21:43:33,43.3293418884277,-8.49884128570557,"Unknown"
"6227756",371834,2025-06-16 22:13:44,43.330078125,-8.49906063079834,"Unknown"
"6227756",371834,2025-06-16 22:43:42,43.3294792175293,-8.49898719787598,"Unknown"
"6227756",371834,2025-06-16 23:13:42,43.3292503356934,-8.49880027770996,"Unknown"
"6227756",371834,2025-06-16 23:43:44,43.329475402832,-8.49890995025635,"Unknown"
"6227756",371834,2025-06-17 00:13:39,43.329418182373,-8.49877834320068,"Unknown"
"6227756",371834,2025-06-17 00:44:05,43.3294792175293,-8.49892234802246,"Unknown"
"6227756",371834,2025-06-17 01:13:31,43.3295478820801,-8.49901485443115,"Unknown"
"6227756",371834,2025-06-17 01:43:32,43.3296012878418,-8.49903011322021,"Unknown"
"6227756",371834,2025-06-17 02:13:31,43.3294219970703,-8.49910545349121,"Unknown"
"6227756",371834,2025-06-17 02:43:31,43.3296089172363,-8.49903202056885,"Unknown"
"6227756",371834,2025-06-17 03:13:44,43.329475402832,-8.49894714355469,"Unknown"
"6227756",371834,2025-06-17 03:43:31,43.3293418884277,-8.49878120422363,"Unknown"
"6227756",371834,2025-06-17 04:13:44,43.3292617797852,-8.4986629486084,"Unknown"
"6227756",371834,2025-06-17 04:44:05,43.3295097351074,-8.49898719787598,"Unknown"
"6227756",371834,2025-06-17 05:13:30,43.3295097351074,-8.49895095825195,"Unknown"
"6227756",371834,2025-06-17 05:43:30,43.3295631408691,-8.49899864196777,"Unknown"
"6227756",371834,2025-06-17 06:13:31,43.3295097351074,-8.49898719787598,"Unknown"
"6227756",371834,2025-06-17 06:43:39,43.3294982910156,-8.49902534484863,"Unknown"
"6227756",371834,2025-06-17 07:13:43,43.3294410705566,-8.49900245666504,"Unknown"
"6227756",371834,2025-06-17 07:43:37,43.3294486999512,-8.49913024902344,"Unknown"
"6227756",371834,2025-06-17 08:13:44,43.3295364379883,-8.49899482727051,"Unknown"
"6227756",371834,2025-06-17 08:43:38,43.3295135498047,-8.49883651733398,"Unknown"
"6227756",371834,2025-06-17 09:13:45,43.3294944763184,-8.49892044067383,"Unknown"
"6227756",371834,2025-06-17 09:43:40,43.3295707702637,-8.49897003173828,"Unknown"
"6227756",371834,2025-06-17 10:14:05,43.3294639587402,-8.49902820587158,"Unknown"
"6227756",371834,2025-06-17 10:43:30,43.3295097351074,-8.49895286560059,"Unknown"
"6227756",371834,2025-06-17 11:13:31,43.3295135498047,-8.49901676177979,"Unknown"
"6227756",371834,2025-06-17 11:43:31,43.3293571472168,-8.49887561798096,"Unknown"
"6227756",371834,2025-06-17 12:13:30,43.3295631408691,-8.49898242950439,"Unknown"
"6227756",371834,2025-06-17 12:23:32,43.3296890258789,-8.49914646148682,"Unknown"
"6227756",371834,2025-06-17 12:33:32,43.3297805786133,-8.49926567077637,"Unknown"
"6227756",371834,2025-06-17 12:43:44,43.3295135498047,-8.49897956848145,"Unknown"
"6227756",371834,2025-06-17 12:53:32,43.3294639587402,-8.49900722503662,"Unknown"
"6227756",371834,2025-06-17 13:03:33,43.3294792175293,-8.49897289276123,"Unknown"
"6227756",371834,2025-06-17 13:14:05,43.3295288085938,-8.49896335601807,"Unknown"
"6227756",371834,2025-06-17 13:23:31,43.3295440673828,-8.49890232086182,"Unknown"
"6227756",371834,2025-06-17 13:33:31,43.3298492431641,-8.49837589263916,"Unknown"
"6227756",371834,2025-06-17 13:43:36,43.3295097351074,-8.49897193908691,"Unknown"
"6227756",371834,2025-06-17 13:53:38,43.3295059204102,-8.49896621704102,"Unknown"
"6227756",371834,2025-06-17 14:03:32,43.3293685913086,-8.49918460845947,"Unknown"
"6227756",371834,2025-06-17 14:13:31,43.3293380737305,-8.4991979598999,"Unknown"
"6227756",371834,2025-06-17 14:23:31,43.3293685913086,-8.49912643432617,"Unknown"
"6227756",371834,2025-06-17 14:33:31,43.3293495178223,-8.49909496307373,"Unknown"
"6227756",371834,2025-06-17 14:43:44,43.3294830322266,-8.49903297424316,"Unknown"
"6227756",371834,2025-06-17 14:53:32,43.3294792175293,-8.49905395507812,"Unknown"
"6227756",371834,2025-06-17 15:03:32,43.3295135498047,-8.49897003173828,"Unknown"
"6227756",371834,2025-06-17 15:13:32,43.3294868469238,-8.49903869628906,"Unknown"
"6227756",371834,2025-06-17 15:23:32,43.3295097351074,-8.49901008605957,"Unknown"
"6227756",371834,2025-06-17 15:33:33,43.3293800354004,-8.49891948699951,"Unknown"
"6227756",371834,2025-06-17 15:43:43,43.3296203613281,-8.49908065795898,"Unknown"
"6227756",371834,2025-06-17 15:53:34,43.3294486999512,-8.49902725219727,"Unknown"
"6227756",371834,2025-06-17 16:03:32,43.3288764953613,-8.49848079681396,"Unknown"
"6227756",371834,2025-06-17 16:13:33,43.329402923584,-8.49885749816895,"Unknown"
"6227756",371834,2025-06-17 16:23:33,43.3293724060059,-8.49895000457764,"Unknown"
"6227756",371834,2025-06-17 16:33:45,43.3293914794922,-8.49860668182373,"Unknown"
"6227756",371834,2025-06-17 16:43:59,43.3293838500977,-8.49875831604004,"Unknown"
"6227756",371834,2025-06-17 16:53:39,43.3293800354004,-8.49873733520508,"Unknown"
"6227756",371834,2025-06-17 17:03:39,43.3294334411621,-8.49876117706299,"Unknown"
"6227756",371834,2025-06-17 17:13:39,43.329517364502,-8.49887752532959,"Unknown"
"6227756",371834,2025-06-17 17:23:39,43.3294677734375,-8.49878311157227,"Unknown"
"6227756",371834,2025-06-17 17:33:44,43.3295097351074,-8.49904346466064,"Unknown"
"6227756",371834,2025-06-17 17:43:51,43.3296203613281,-8.49915981292725,"Unknown"
"6227756",371834,2025-06-17 17:54:00,43.3298072814941,-8.4992733001709,"Unknown"
"6227756",371834,2025-06-17 18:04:06,43.3295211791992,-8.49898147583008,"Unknown"
"6227756",371834,2025-06-17 18:13:31,43.3295059204102,-8.49894523620605,"Unknown"
"6227756",371834,2025-06-17 18:23:31,43.329460144043,-8.49906826019287,"Unknown"
"6227756",371834,2025-06-17 18:33:31,43.3294792175293,-8.4990062713623,"Unknown"
"6227756",371834,2025-06-17 18:43:31,43.3295555114746,-8.49908256530762,"Unknown"
"6227756",371834,2025-06-17 18:53:31,43.3295783996582,-8.49904441833496,"Unknown"
"6227756",371834,2025-06-17 19:03:31,43.3296585083008,-8.49918174743652,"Unknown"
"6227756",371834,2025-06-17 19:13:32,43.3296318054199,-8.49917602539062,"Unknown"
"6227756",371834,2025-06-17 19:23:32,43.3295783996582,-8.49908638000488,"Unknown"
"6227756",371834,2025-06-17 19:33:33,43.3296813964844,-8.4993143081665,"Unknown"
"6227756",371834,2025-06-17 19:43:36,43.3295249938965,-8.49903297424316,"Unknown"
"6227756",371834,2025-06-17 19:53:39,43.3294639587402,-8.49904537200928,"Unknown"
"6227756",371834,2025-06-17 20:03:39,43.3294639587402,-8.49904441833496,"Unknown"
"6227756",371834,2025-06-17 20:13:39,43.3294906616211,-8.49911117553711,"Unknown"
"6227756",371834,2025-06-17 20:23:37,43.3295059204102,-8.49904918670654,"Unknown"
"6227756",371834,2025-06-17 20:33:36,43.3294906616211,-8.49912548065186,"Unknown"
"6227756",371834,2025-06-17 20:43:38,43.329517364502,-8.49918460845947,"Unknown"
"6227756",371834,2025-06-17 20:53:38,43.3294982910156,-8.49914836883545,"Unknown"
"6227756",371834,2025-06-17 21:03:39,43.3293952941895,-8.49882888793945,"Unknown"
"6227756",371834,2025-06-17 21:13:46,43.3293914794922,-8.49874496459961,"Unknown"
"6227756",371834,2025-06-17 21:23:38,43.3295707702637,-8.49918746948242,"Unknown"
"6227756",371834,2025-06-17 21:33:41,43.3296585083008,-8.49941349029541,"Unknown"
"6227756",371834,2025-06-17 21:43:39,43.329662322998,-8.49944591522217,"Unknown"
"6227756",371834,2025-06-17 21:53:39,43.3294982910156,-8.49901485443115,"Unknown"
"6227756",371834,2025-06-17 22:04:01,43.3294715881348,-8.49900913238525,"Unknown"
"6227756",371834,2025-06-17 22:13:31,43.3295288085938,-8.49912929534912,"Unknown"
"6227756",371834,2025-06-17 22:23:31,43.329532623291,-8.49901580810547,"Unknown"
"6227756",371834,2025-06-17 22:33:32,43.3295478820801,-8.49913024902344,"Unknown"
"6227756",371834,2025-06-17 22:43:32,43.3294448852539,-8.49905776977539,"Unknown"
"6227756",371834,2025-06-17 22:53:32,43.3294677734375,-8.49896621704102,"Unknown"
"6227756",371834,2025-06-17 23:03:32,43.3294105529785,-8.4990177154541,"Unknown"
"6227756",371834,2025-06-17 23:13:40,43.3294715881348,-8.49898910522461,"Unknown"
"6227756",371834,2025-06-17 23:23:33,43.3295059204102,-8.49906158447266,"Unknown"
"6227756",371834,2025-06-17 23:33:32,43.3294830322266,-8.49900436401367,"Unknown"
"6227756",371834,2025-06-17 23:43:32,43.3293380737305,-8.49898338317871,"Unknown"
"6227756",371834,2025-06-17 23:53:34,43.3294906616211,-8.49896812438965,"Unknown"
"6227756",371834,2025-06-18 00:03:45,43.3294410705566,-8.49890804290771,"Unknown"
"6227756",371834,2025-06-18 00:13:32,43.3296394348145,-8.49913024902344,"Unknown"
"6227756",371834,2025-06-18 00:23:33,43.3295478820801,-8.49919605255127,"Unknown"
"6227756",371834,2025-06-18 00:33:36,43.3294677734375,-8.49888324737549,"Unknown"
"6227756",371834,2025-06-18 00:43:39,43.3294677734375,-8.49879455566406,"Unknown"
"6227756",371834,2025-06-18 00:53:49,43.3284034729004,-8.49839305877686,"Unknown"
"6227756",371834,2025-06-18 01:03:40,43.3294067382812,-8.49887657165527,"Unknown"
"6227756",371834,2025-06-18 01:13:34,43.3295402526855,-8.49888324737549,"Unknown"
"6227756",371834,2025-06-18 01:23:36,43.3295211791992,-8.49891948699951,"Unknown"
"6227756",371834,2025-06-18 01:33:32,43.3287010192871,-8.49786567687988,"Unknown"
"6227756",371834,2025-06-18 01:43:36,43.3295288085938,-8.49883079528809,"Unknown"
"6227756",371834,2025-06-18 01:54:05,43.3294868469238,-8.4989595413208,"Unknown"
"6227756",371834,2025-06-18 02:03:31,43.329475402832,-8.49892425537109,"Unknown"
"6227756",371834,2025-06-18 02:13:31,43.3295021057129,-8.49889755249023,"Unknown"
"6227756",371834,2025-06-18 02:23:31,43.3294982910156,-8.49893665313721,"Unknown"
"6227756",371834,2025-06-18 02:33:31,43.3294906616211,-8.49894237518311,"Unknown"
"6227756",371834,2025-06-18 02:43:31,43.3294715881348,-8.49888801574707,"Unknown"
"6227756",371834,2025-06-18 02:53:31,43.3294792175293,-8.49896335601807,"Unknown"
"6227756",371834,2025-06-18 03:03:31,43.3294830322266,-8.49894237518311,"Unknown"
"6227756",371834,2025-06-18 03:13:31,43.3295097351074,-8.49897289276123,"Unknown"
"6227756",371834,2025-06-18 03:23:31,43.3294486999512,-8.49898147583008,"Unknown"
"6227756",371834,2025-06-18 03:33:44,43.329532623291,-8.49902057647705,"Unknown"
"6227756",371834,2025-06-18 03:43:31,43.3294944763184,-8.49901390075684,"Unknown"
"6227756",371834,2025-06-18 03:53:31,43.329345703125,-8.49904727935791,"Unknown"
"6227756",371834,2025-06-18 04:03:31,43.3293533325195,-8.49905395507812,"Unknown"
"6227756",371834,2025-06-18 04:13:33,43.3294143676758,-8.49905872344971,"Unknown"
"6227756",371834,2025-06-18 04:23:32,43.3295097351074,-8.49908351898193,"Unknown"
"6227756",371834,2025-06-18 04:33:45,43.3295440673828,-8.49895286560059,"Unknown"
"6227756",371834,2025-06-18 04:43:32,43.3295364379883,-8.49904727935791,"Unknown"
"6227756",371834,2025-06-18 04:53:32,43.3294868469238,-8.49905014038086,"Unknown"
"6227756",371834,2025-06-18 05:03:32,43.3294906616211,-8.49892616271973,"Unknown"
"6227756",371834,2025-06-18 05:13:32,43.329460144043,-8.49884986877441,"Unknown"
"6227756",371834,2025-06-18 05:23:32,43.3295402526855,-8.49880123138428,"Unknown"
"6227756",371834,2025-06-18 05:33:44,43.329517364502,-8.49894428253174,"Unknown"
"6227756",371834,2025-06-18 05:43:32,43.3294792175293,-8.4986400604248,"Unknown"
"6227756",371834,2025-06-18 05:53:32,43.329460144043,-8.4984302520752,"Unknown"
"6227756",371834,2025-06-18 06:03:44,43.3294563293457,-8.49891662597656,"Unknown"
"6227756",371834,2025-06-18 06:13:33,43.3294143676758,-8.49956130981445,"Unknown"
"6227756",371834,2025-06-18 06:23:34,43.3294868469238,-8.49883937835693,"Unknown"
"6227756",371834,2025-06-18 06:33:37,43.3294486999512,-8.49878597259521,"Unknown"
"6227756",371834,2025-06-18 06:43:41,43.3295516967773,-8.49888706207275,"Unknown"
"6227756",371834,2025-06-18 06:54:05,43.3294830322266,-8.49894905090332,"Unknown"
"6227756",371834,2025-06-18 07:03:31,43.3295249938965,-8.49894237518311,"Unknown"
"6227756",371834,2025-06-18 07:13:32,43.3295135498047,-8.49909114837646,"Unknown"
"6227756",371834,2025-06-18 07:23:31,43.3294715881348,-8.49906635284424,"Unknown"
"6227756",371834,2025-06-18 07:33:32,43.3293800354004,-8.49910545349121,"Unknown"
"6227756",371834,2025-06-18 07:43:32,43.3293609619141,-8.49908351898193,"Unknown"
"6227756",371834,2025-06-18 07:53:34,43.3294563293457,-8.49902534484863,"Unknown"
"6227756",371834,2025-06-18 08:03:34,43.3294219970703,-8.4989709854126,"Unknown"
"6227756",371834,2025-06-18 08:13:34,43.329460144043,-8.49898624420166,"Unknown"
"6227756",371834,2025-06-18 08:23:32,43.3293151855469,-8.49899864196777,"Unknown"
"6227756",371834,2025-06-18 08:28:32,43.3295211791992,-8.49921798706055,"Unknown"
"6227756",371834,2025-06-18 08:33:33,43.3293876647949,-8.49927997589111,"Unknown"
"6227756",371834,2025-06-18 08:38:33,43.3293914794922,-8.49929428100586,"Unknown"
"6227756",371834,2025-06-18 08:43:41,43.3294486999512,-8.49893760681152,"Unknown"
"6227756",371834,2025-06-18 08:48:39,43.3294334411621,-8.49885272979736,"Unknown"
"6227756",371834,2025-06-18 08:53:39,43.3294410705566,-8.4989652633667,"Unknown"
"6227756",371834,2025-06-18 08:58:59,43.3294525146484,-8.49893283843994,"Unknown"
"6227756",371834,2025-06-18 09:03:34,43.3294410705566,-8.49887561798096,"Unknown"
"6227756",371834,2025-06-18 09:08:34,43.3294410705566,-8.49889850616455,"Unknown"
"6227756",371834,2025-06-18 09:13:32,43.3294525146484,-8.49889373779297,"Unknown"
"6227756",371834,2025-06-18 09:19:05,43.3294715881348,-8.49897193908691,"Unknown"
"6227756",371834,2025-06-18 09:23:31,43.3294486999512,-8.49900913238525,"Unknown"
"6227756",371834,2025-06-18 09:28:31,43.329460144043,-8.49896907806396,"Unknown"
"6227756",371834,2025-06-18 09:33:31,43.3296051025391,-8.49917030334473,"Unknown"
"6227756",371834,2025-06-18 09:38:32,43.3294715881348,-8.49904632568359,"Unknown"
"6227756",371834,2025-06-18 09:43:32,43.3294906616211,-8.49914073944092,"Unknown"
"6227756",371834,2025-06-18 09:48:33,43.3294372558594,-8.49900722503662,"Unknown"
"6227756",371834,2025-06-18 09:53:37,43.3294296264648,-8.49903678894043,"Unknown"
"6227756",371834,2025-06-18 09:58:33,43.3294143676758,-8.49900722503662,"Unknown"
"6227756",371834,2025-06-18 10:03:37,43.329475402832,-8.4990930557251,"Unknown"
"6227756",371834,2025-06-18 10:08:42,43.3294563293457,-8.499098777771,"Unknown"
"6227756",371834,2025-06-18 10:13:31,43.3294868469238,-8.49912357330322,"Unknown"
"6227756",371834,2025-06-18 10:18:31,43.3294334411621,-8.49942207336426,"Unknown"
"6227756",371834,2025-06-18 10:23:31,43.3295059204102,-8.49918746948242,"Unknown"
"6227756",371834,2025-06-18 10:28:32,43.3294906616211,-8.49935722351074,"Unknown"
"6227756",371834,2025-06-18 10:33:32,43.3294372558594,-8.4994010925293,"Unknown"
"6227756",371834,2025-06-18 10:38:32,43.3294372558594,-8.49926662445068,"Unknown"
"6227756",371834,2025-06-18 10:43:33,43.3294525146484,-8.49931049346924,"Unknown"
"6227756",371834,2025-06-18 10:48:39,43.3294334411621,-8.49936103820801,"Unknown"
"6227756",371834,2025-06-18 10:53:41,43.3294982910156,-8.49919509887695,"Unknown"
"6227756",371834,2025-06-18 10:58:32,43.3295478820801,-8.49924945831299,"Unknown"
"6227756",371834,2025-06-18 11:03:32,43.3294868469238,-8.49924278259277,"Unknown"
"6227756",371834,2025-06-18 11:08:32,43.3294258117676,-8.49913311004639,"Unknown"
"6227756",371834,2025-06-18 11:13:32,43.3295097351074,-8.4991340637207,"Unknown"
"6227756",371834,2025-06-18 11:18:32,43.3294639587402,-8.49912166595459,"Unknown"
"6227756",371834,2025-06-18 11:23:32,43.3295288085938,-8.49922180175781,"Unknown"
"6227756",371834,2025-06-18 11:28:32,43.3295783996582,-8.49910163879395,"Unknown"
"6227756",371834,2025-06-18 11:33:34,43.3295097351074,-8.49923896789551,"Unknown"
"6227756",371834,2025-06-18 11:38:36,43.3295211791992,-8.49916553497314,"Unknown"
"6227756",371834,2025-06-18 11:43:43,43.3295440673828,-8.49920272827148,"Unknown"
"6227756",371834,2025-06-18 11:48:43,43.3295402526855,-8.49911022186279,"Unknown"
"6227756",371834,2025-06-18 11:53:32,43.3296394348145,-8.49904346466064,"Unknown"
"6227756",371834,2025-06-18 11:58:36,43.3296203613281,-8.4989070892334,"Unknown"
"6227756",371834,2025-06-18 12:03:41,43.329662322998,-8.4990816116333,"Unknown"
"6227756",371834,2025-06-18 12:08:36,43.3296127319336,-8.4988317489624,"Unknown"
"6227756",371834,2025-06-18 12:13:36,43.32958984375,-8.49886131286621,"Unknown"
"6227756",371834,2025-06-18 12:18:42,43.329532623291,-8.4989595413208,"Unknown"
"6227756",371834,2025-06-18 12:23:32,43.3296127319336,-8.49887084960938,"Unknown"
"6227756",371834,2025-06-18 12:28:36,43.3294868469238,-8.49891471862793,"Unknown"
"6227756",371834,2025-06-18 12:33:36,43.329460144043,-8.49905014038086,"Unknown"
"6227756",371834,2025-06-18 12:38:39,43.3295707702637,-8.49898052215576,"Unknown"
"6227756",371834,2025-06-18 12:43:38,43.3295211791992,-8.49887275695801,"Unknown"
"6227756",371834,2025-06-18 12:48:45,43.3295440673828,-8.49893093109131,"Unknown"
"6227756",371834,2025-06-18 12:53:39,43.3295822143555,-8.49892139434814,"Unknown"
"6227756",371834,2025-06-18 12:58:39,43.3295631408691,-8.49901485443115,"Unknown"
"6227756",371834,2025-06-18 13:03:39,43.3295440673828,-8.49885082244873,"Unknown"
"6227756",371834,2025-06-18 13:08:39,43.3295593261719,-8.49899291992188,"Unknown"
"6227756",371834,2025-06-18 13:13:39,43.3295783996582,-8.49902725219727,"Unknown"
"6227756",371834,2025-06-18 13:18:39,43.3295707702637,-8.49902439117432,"Unknown"
"6227756",371834,2025-06-18 13:23:39,43.3295707702637,-8.49908542633057,"Unknown"
"6227756",371834,2025-06-18 13:28:39,43.3295631408691,-8.49911785125732,"Unknown"
"6227756",371834,2025-06-18 13:33:39,43.32958984375,-8.49911117553711,"Unknown"
"6227756",371834,2025-06-18 13:39:05,43.3295707702637,-8.49902820587158,"Unknown"
"6227756",371834,2025-06-18 13:43:31,43.3296394348145,-8.49878883361816,"Unknown"
"6227756",371834,2025-06-18 13:48:31,43.32958984375,-8.4988489151001,"Unknown"
"6227756",371834,2025-06-18 13:53:31,43.3296279907227,-8.49875926971436,"Unknown"
"6227756",371834,2025-06-18 13:58:31,43.3297004699707,-8.49869918823242,"Unknown"
"6227756",371834,2025-06-18 14:03:31,43.3296546936035,-8.49879932403564,"Unknown"
"6227756",371834,2025-06-18 14:08:31,43.3296051025391,-8.49887752532959,"Unknown"
"6227756",371834,2025-06-18 14:13:31,43.3296051025391,-8.49888038635254,"Unknown"
"6227756",371834,2025-06-18 14:18:31,43.3295593261719,-8.49891185760498,"Unknown"
"6227756",371834,2025-06-18 14:23:31,43.3294868469238,-8.4990119934082,"Unknown"
"6227756",371834,2025-06-18 14:28:31,43.3294258117676,-8.49905300140381,"Unknown"
"6227756",371834,2025-06-18 14:33:31,43.3295555114746,-8.49896621704102,"Unknown"
"6227756",371834,2025-06-18 14:38:31,43.3294792175293,-8.4990177154541,"Unknown"
"6227756",371834,2025-06-18 14:43:31,43.3294410705566,-8.49902153015137,"Unknown"
"6227756",371834,2025-06-18 14:48:31,43.3294410705566,-8.49896717071533,"Unknown"
"6227756",371834,2025-06-18 14:53:31,43.3294143676758,-8.49898529052734,"Unknown"
"6227756",371834,2025-06-18 14:58:32,43.3294334411621,-8.49899291992188,"Unknown"
"6227756",371834,2025-06-18 15:03:31,43.3294830322266,-8.49904251098633,"Unknown"
"6227756",371834,2025-06-18 15:08:32,43.3294982910156,-8.49902534484863,"Unknown"
"6227756",371834,2025-06-18 15:13:31,43.3295097351074,-8.49900436401367,"Unknown"
"6227756",371834,2025-06-18 15:18:31,43.3295860290527,-8.49902629852295,"Unknown"
"6227756",371834,2025-06-18 15:23:31,43.3295478820801,-8.49905490875244,"Unknown"
"6227756",371834,2025-06-18 15:28:31,43.3294944763184,-8.49903011322021,"Unknown"
"6227756",371834,2025-06-18 15:33:32,43.3295135498047,-8.49898338317871,"Unknown"
"6227756",371834,2025-06-18 15:38:37,43.3294372558594,-8.49896335601807,"Unknown"
"6227756",371834,2025-06-18 15:43:44,43.3294906616211,-8.49901294708252,"Unknown"
"6227756",371834,2025-06-18 15:48:31,43.3294639587402,-8.49895572662354,"Unknown"
"6227756",371834,2025-06-18 15:53:31,43.3294296264648,-8.49886703491211,"Unknown"
"6227756",371834,2025-06-18 15:58:31,43.3294830322266,-8.49892997741699,"Unknown"
"6227756",371834,2025-06-18 16:03:31,43.3293914794922,-8.49887466430664,"Unknown"
"6227756",371834,2025-06-18 16:08:33,43.3295516967773,-8.49905872344971,"Unknown"
"6227756",371834,2025-06-18 16:13:33,43.329475402832,-8.49898147583008,"Unknown"
"6227756",371834,2025-06-18 16:18:37,43.3295059204102,-8.49899005889893,"Unknown"
"6227756",371834,2025-06-18 16:23:34,43.3295097351074,-8.4990406036377,"Unknown"
"6227756",371834,2025-06-18 16:28:43,43.3294906616211,-8.49897193908691,"Unknown"
"6227756",371834,2025-06-18 16:33:44,43.3294944763184,-8.4990062713623,"Unknown"
"6227756",371834,2025-06-18 16:38:40,43.3294296264648,-8.49888801574707,"Unknown"
"6227756",371834,2025-06-18 16:43:40,43.3295097351074,-8.49907398223877,"Unknown"
"6227756",371834,2025-06-18 16:49:05,43.3294525146484,-8.49900531768799,"Unknown"
"6227756",371834,2025-06-18 16:53:31,43.3294067382812,-8.49902248382568,"Unknown"
"6227756",371834,2025-06-18 16:58:31,43.329475402832,-8.49903011322021,"Unknown"
"6227756",371834,2025-06-18 17:03:31,43.3295555114746,-8.4989128112793,"Unknown"
"6227756",371834,2025-06-18 17:08:31,43.329475402832,-8.49894142150879,"Unknown"
"6227756",371834,2025-06-18 17:13:31,43.3294296264648,-8.49901390075684,"Unknown"
"6227756",371834,2025-06-18 17:18:31,43.329418182373,-8.49901962280273,"Unknown"
"6227756",371834,2025-06-18 17:23:31,43.3294792175293,-8.4989595413208,"Unknown"
"6227756",371834,2025-06-18 17:28:31,43.3294067382812,-8.49904632568359,"Unknown"
"6227756",371834,2025-06-18 17:33:31,43.329517364502,-8.49900054931641,"Unknown"
"6227756",371834,2025-06-18 17:38:31,43.3293228149414,-8.4990177154541,"Unknown"
"6227756",371834,2025-06-18 17:43:31,43.3296203613281,-8.49897480010986,"Unknown"
"6227756",371834,2025-06-18 17:48:31,43.3293800354004,-8.49898529052734,"Unknown"
"6227756",371834,2025-06-18 17:53:31,43.329418182373,-8.49903011322021,"Unknown"
"6227756",371834,2025-06-18 17:58:31,43.3293952941895,-8.49900054931641,"Unknown"
"6227756",371834,2025-06-18 18:03:39,43.3294639587402,-8.49899005889893,"Unknown"
"6227756",371834,2025-06-18 18:08:33,43.329647064209,-8.49905586242676,"Unknown"
"6227756",371834,2025-06-18 18:13:39,43.3294410705566,-8.49892997741699,"Unknown"
"6227756",371834,2025-06-18 18:18:32,43.3294715881348,-8.4990234375,"Unknown"
"6227756",371834,2025-06-18 18:23:39,43.329402923584,-8.49891185760498,"Unknown"
"6227756",371834,2025-06-18 18:28:36,43.329418182373,-8.49894523620605,"Unknown"
"6227756",371834,2025-06-18 18:33:33,43.3291778564453,-8.49864292144775,"Unknown"
"6227756",371834,2025-06-18 18:38:44,43.3294677734375,-8.49894905090332,"Unknown"
"6227756",371834,2025-06-18 18:43:31,43.3294677734375,-8.49902534484863,"Unknown"
"6227756",371834,2025-06-18 18:48:32,43.3295097351074,-8.49899101257324,"Unknown"
"6227756",371834,2025-06-18 18:53:31,43.3295021057129,-8.49902439117432,"Unknown"
"6227756",371834,2025-06-18 18:58:34,43.3294639587402,-8.49898624420166,"Unknown"
"6227756",371834,2025-06-18 19:03:32,43.3294448852539,-8.49889659881592,"Unknown"
"6227756",371834,2025-06-18 19:08:33,43.3295440673828,-8.49903678894043,"Unknown"
"6227756",371834,2025-06-18 19:13:36,43.329418182373,-8.49889755249023,"Unknown"
"6227756",371834,2025-06-18 19:18:32,43.329517364502,-8.49903583526611,"Unknown"
"6227756",371834,2025-06-18 19:23:31,43.3296127319336,-8.49919700622559,"Unknown"
"6227756",371834,2025-06-18 19:28:33,43.3295288085938,-8.49904537200928,"Unknown"
"6227756",371834,2025-06-18 19:33:45,43.3295021057129,-8.49904537200928,"Unknown"
"6227756",371834,2025-06-18 19:38:31,43.3295097351074,-8.49903774261475,"Unknown"
"6227756",371834,2025-06-18 19:43:32,43.3294868469238,-8.49899482727051,"Unknown"
"6227756",371834,2025-06-18 19:48:39,43.3295440673828,-8.4989709854126,"Unknown"
"6227756",371834,2025-06-18 19:53:36,43.329517364502,-8.49888706207275,"Unknown"
"6227756",371834,2025-06-18 19:58:38,43.3295440673828,-8.49901580810547,"Unknown"
"6227756",371834,2025-06-18 20:03:36,43.3296051025391,-8.49921035766602,"Unknown"
"6227756",371834,2025-06-18 20:08:39,43.3295593261719,-8.49900341033936,"Unknown"
"6227756",371834,2025-06-18 20:13:39,43.3295860290527,-8.49913120269775,"Unknown"
"6227756",371834,2025-06-18 20:18:44,43.329517364502,-8.49893283843994,"Unknown"
"6227756",371834,2025-06-18 20:23:32,43.3295021057129,-8.49893569946289,"Unknown"
"6227756",371834,2025-06-18 20:28:36,43.3293762207031,-8.49892711639404,"Unknown"
"6227756",371834,2025-06-18 20:33:39,43.3293266296387,-8.49888229370117,"Unknown"
"6227756",371834,2025-06-18 20:38:44,43.329402923584,-8.49896144866943,"Unknown"
"6227756",371834,2025-06-18 20:43:39,43.3294525146484,-8.49888038635254,"Unknown"
"6227756",371834,2025-06-18 20:49:05,43.3294296264648,-8.49898529052734,"Unknown"
"6227756",371834,2025-06-18 20:53:31,43.3294486999512,-8.49903106689453,"Unknown"
"6227756",371834,2025-06-18 20:58:31,43.3294334411621,-8.49897193908691,"Unknown"
"6227756",371834,2025-06-18 21:03:31,43.3294219970703,-8.49893569946289,"Unknown"
"6227756",371834,2025-06-18 21:08:31,43.3294830322266,-8.49897861480713,"Unknown"
"6227756",371834,2025-06-18 21:13:31,43.3294677734375,-8.49903964996338,"Unknown"
"6227756",371834,2025-06-18 21:18:31,43.3294906616211,-8.49902534484863,"Unknown"
"6227756",371834,2025-06-18 21:23:31,43.3294334411621,-8.49897193908691,"Unknown"
"6227756",371834,2025-06-18 21:28:31,43.329532623291,-8.49900722503662,"Unknown"
"6227756",371834,2025-06-18 21:33:31,43.3295669555664,-8.49904823303223,"Unknown"
"6227756",371834,2025-06-18 21:38:31,43.3295555114746,-8.49904251098633,"Unknown"
"6227756",371834,2025-06-18 21:43:31,43.3295135498047,-8.49901866912842,"Unknown"
"6227756",371834,2025-06-18 21:48:31,43.3294296264648,-8.49892997741699,"Unknown"
"6227756",371834,2025-06-18 21:53:32,43.3293075561523,-8.49879932403564,"Unknown"
"6227756",371834,2025-06-18 21:58:32,43.3294410705566,-8.49892807006836,"Unknown"
"6227756",371834,2025-06-18 22:03:32,43.3295707702637,-8.4991397857666,"Unknown"
"6227756",371834,2025-06-18 22:08:31,43.3293571472168,-8.49876880645752,"Unknown"
"6227756",371834,2025-06-18 22:13:32,43.3294715881348,-8.49903202056885,"Unknown"
"6227756",371834,2025-06-18 22:18:31,43.3294372558594,-8.4989070892334,"Unknown"
"6227756",371834,2025-06-18 22:23:39,43.3293533325195,-8.49902057647705,"Unknown"
"6227756",371834,2025-06-18 22:28:33,43.3295440673828,-8.49840927124023,"Unknown"
"6227756",371834,2025-06-18 22:33:33,43.3295021057129,-8.49899482727051,"Unknown"
"6227756",371834,2025-06-18 22:38:33,43.3294677734375,-8.49900341033936,"Unknown"
"6227756",371834,2025-06-18 22:43:32,43.3295478820801,-8.49893569946289,"Unknown"
"6227756",371834,2025-06-18 22:48:32,43.3295059204102,-8.49898338317871,"Unknown"
"6227756",371834,2025-06-18 22:53:32,43.3295059204102,-8.49900913238525,"Unknown"
"6227756",371834,2025-06-18 22:58:33,43.3293952941895,-8.49902439117432,"Unknown"
"6227756",371834,2025-06-18 23:03:32,43.329517364502,-8.49892616271973,"Unknown"
"6227756",371834,2025-06-18 23:08:33,43.3294334411621,-8.49892807006836,"Unknown"
"6227756",371834,2025-06-18 23:13:40,43.3295631408691,-8.49897289276123,"Unknown"
"6227756",371834,2025-06-18 23:18:34,43.3294258117676,-8.49897384643555,"Unknown"
"6227756",371834,2025-06-18 23:23:34,43.3294677734375,-8.49896621704102,"Unknown"
"6227756",371834,2025-06-18 23:28:31,43.3292922973633,-8.49922180175781,"Unknown"
"6227756",371834,2025-06-18 23:33:31,43.3290786743164,-8.49926662445068,"Unknown"
"6227756",371834,2025-06-18 23:38:33,43.3285942077637,-8.49960041046143,"Unknown"
"6227756",371834,2025-06-18 23:43:39,43.3295822143555,-8.49896907806396,"Unknown"
"6227756",371834,2025-06-18 23:48:44,43.3295059204102,-8.49898147583008,"Unknown"
"6227756",371834,2025-06-18 23:53:31,43.3295402526855,-8.49906253814697,"Unknown"
"6227756",371834,2025-06-18 23:58:31,43.3294410705566,-8.49904918670654,"Unknown"
"6227756",371834,2025-06-19 00:03:31,43.3295516967773,-8.49909400939941,"Unknown"
"6227756",371834,2025-06-19 00:08:31,43.3295860290527,-8.49894428253174,"Unknown"
"6227756",371834,2025-06-19 00:13:32,43.3295783996582,-8.49907112121582,"Unknown"
"6227756",371834,2025-06-19 00:18:31,43.3297004699707,-8.49886798858643,"Unknown"
"6227756",371834,2025-06-19 00:23:32,43.3297119140625,-8.49871253967285,"Unknown"
"6227756",371834,2025-06-19 00:28:39,43.3296127319336,-8.49900913238525,"Unknown"
"6227756",371834,2025-06-19 00:33:32,43.3293685913086,-8.49859809875488,"Unknown"
"6227756",371834,2025-06-19 00:38:39,43.3295860290527,-8.499192237854,"Unknown"
"6227756",371834,2025-06-19 00:43:34,43.329517364502,-8.49900054931641,"Unknown"
"6227756",371834,2025-06-19 00:48:45,43.3296279907227,-8.4987964630127,"Unknown"
"6227756",371834,2025-06-19 00:53:39,43.3295440673828,-8.49891185760498,"Unknown"
"6227756",371834,2025-06-19 00:58:39,43.3295936584473,-8.49901485443115,"Unknown"
"6227756",371834,2025-06-19 01:03:39,43.3293914794922,-8.49885559082031,"Unknown"
"6227756",371834,2025-06-19 01:08:39,43.3295097351074,-8.49893283843994,"Unknown"
"6227756",371834,2025-06-19 01:13:39,43.329231262207,-8.49863815307617,"Unknown"
"6227756",371834,2025-06-19 01:18:39,43.3294296264648,-8.49894046783447,"Unknown"
"6227756",371834,2025-06-19 01:23:39,43.3293228149414,-8.49877452850342,"Unknown"
"6227756",371834,2025-06-19 01:28:39,43.3292579650879,-8.49872493743896,"Unknown"
"6227756",371834,2025-06-19 01:33:39,43.3290100097656,-8.49851322174072,"Unknown"
"6227756",371834,2025-06-19 01:38:39,43.3292617797852,-8.49876022338867,"Unknown"
"6227756",371834,2025-06-19 01:43:39,43.3294258117676,-8.49900817871094,"Unknown"
"6227756",371834,2025-06-19 01:49:05,43.3294982910156,-8.49896717071533,"Unknown"
"6227756",371834,2025-06-19 01:53:31,43.329460144043,-8.49896335601807,"Unknown"
"6227756",371834,2025-06-19 01:58:31,43.3294677734375,-8.49891567230225,"Unknown"
"6227756",371834,2025-06-19 02:03:31,43.329517364502,-8.49896049499512,"Unknown"
"6227756",371834,2025-06-19 02:08:31,43.3295135498047,-8.49891567230225,"Unknown"
"6227756",371834,2025-06-19 02:13:31,43.3295135498047,-8.49891948699951,"Unknown"
"6227756",371834,2025-06-19 02:18:31,43.3294410705566,-8.49903297424316,"Unknown"
"6227756",371834,2025-06-19 02:23:31,43.3294868469238,-8.49904918670654,"Unknown"
"6227756",371834,2025-06-19 02:28:31,43.3295402526855,-8.49885749816895,"Unknown"
"6227756",371834,2025-06-19 02:33:31,43.3294906616211,-8.49892616271973,"Unknown"
"6227756",371834,2025-06-19 02:38:31,43.3295135498047,-8.49891567230225,"Unknown"
"6227756",371834,2025-06-19 02:43:31,43.3295097351074,-8.49894618988037,"Unknown"
"6227756",371834,2025-06-19 02:48:31,43.329475402832,-8.49899005889893,"Unknown"
"6227756",371834,2025-06-19 02:53:31,43.3294792175293,-8.49896144866943,"Unknown"
"6227756",371834,2025-06-19 02:58:31,43.3294563293457,-8.49899673461914,"Unknown"
"6227756",371834,2025-06-19 03:03:31,43.3295211791992,-8.4989538192749,"Unknown"
"6227756",371834,2025-06-19 03:08:31,43.3294792175293,-8.49897766113281,"Unknown"
"6227756",371834,2025-06-19 03:13:31,43.3294868469238,-8.49896430969238,"Unknown"
"6227756",371834,2025-06-19 03:18:31,43.3294830322266,-8.49891948699951,"Unknown"
"6227756",371834,2025-06-19 03:23:44,43.3294944763184,-8.49897956848145,"Unknown"
"6227756",371834,2025-06-19 03:28:31,43.329475402832,-8.49893283843994,"Unknown"
"6227756",371834,2025-06-19 03:33:31,43.3294868469238,-8.49894523620605,"Unknown"
"6227756",371834,2025-06-19 03:38:31,43.3294486999512,-8.49884510040283,"Unknown"
"6227756",371834,2025-06-19 03:43:31,43.3294906616211,-8.49892425537109,"Unknown"
"6227756",371834,2025-06-19 03:48:44,43.3295822143555,-8.49902820587158,"Unknown"
"6227756",371834,2025-06-19 03:53:31,43.3295211791992,-8.49896812438965,"Unknown"
"6227756",371834,2025-06-19 03:58:31,43.3295783996582,-8.49907112121582,"Unknown"
"6227756",371834,2025-06-19 04:03:32,43.3294830322266,-8.49899673461914,"Unknown"
"6227756",371834,2025-06-19 04:08:31,43.3295021057129,-8.49900913238525,"Unknown"
"6227756",371834,2025-06-19 04:13:31,43.3295097351074,-8.49908065795898,"Unknown"
"6227756",371834,2025-06-19 04:18:31,43.3295402526855,-8.49904537200928,"Unknown"
"6227756",371834,2025-06-19 04:23:32,43.3293838500977,-8.4988899230957,"Unknown"
"6227756",371834,2025-06-19 04:28:31,43.3294219970703,-8.49902725219727,"Unknown"
"6227756",371834,2025-06-19 04:33:32,43.3293914794922,-8.49860000610352,"Unknown"
"6227756",371834,2025-06-19 04:38:34,43.3293991088867,-8.49903106689453,"Unknown"
"6227756",371834,2025-06-19 04:43:36,43.3295021057129,-8.49899387359619,"Unknown"
"6227756",371834,2025-06-19 04:48:45,43.3294486999512,-8.49895191192627,"Unknown"
"6227756",371834,2025-06-19 04:53:37,43.3295631408691,-8.49896717071533,"Unknown"
"6227756",371834,2025-06-19 04:58:36,43.3295822143555,-8.49883079528809,"Unknown"
"6227756",371834,2025-06-19 05:03:32,43.329532623291,-8.49897766113281,"Unknown"
"6227756",371834,2025-06-19 05:08:33,43.3295402526855,-8.49899578094482,"Unknown"
"6227756",371834,2025-06-19 05:13:33,43.3295783996582,-8.49895668029785,"Unknown"
"6227756",371834,2025-06-19 05:18:32,43.3295135498047,-8.4987211227417,"Unknown"
"6227756",371834,2025-06-19 05:23:32,43.3295211791992,-8.4989185333252,"Unknown"
"6227756",371834,2025-06-19 05:28:32,43.3295097351074,-8.49869728088379,"Unknown"
"6227756",371834,2025-06-19 05:33:33,43.32958984375,-8.49885368347168,"Unknown"
"6227756",371834,2025-06-19 05:38:33,43.3295440673828,-8.4987096786499,"Unknown"
"6227756",371834,2025-06-19 05:43:45,43.3295097351074,-8.49864482879639,"Unknown"
"6227756",371834,2025-06-19 05:49:05,43.3295021057129,-8.49895000457764,"Unknown"
"6227756",371834,2025-06-19 05:53:31,43.3294906616211,-8.49897861480713,"Unknown"
"6227756",371834,2025-06-19 05:58:31,43.3295097351074,-8.49899387359619,"Unknown"
"6227756",371834,2025-06-19 06:03:31,43.3295059204102,-8.49899387359619,"Unknown"
"6227756",371834,2025-06-19 06:08:31,43.3294830322266,-8.49896717071533,"Unknown"
"6227756",371834,2025-06-19 06:13:31,43.3294677734375,-8.49894905090332,"Unknown"
"6227756",371834,2025-06-19 06:18:31,43.3294715881348,-8.49895668029785,"Unknown"
"6227756",371834,2025-06-19 06:23:31,43.3294105529785,-8.49887657165527,"Unknown"
"6227756",371834,2025-06-19 06:28:32,43.3294258117676,-8.49884700775146,"Unknown"
"6227756",371834,2025-06-19 06:33:32,43.329402923584,-8.49889755249023,"Unknown"
"6227756",371834,2025-06-19 06:38:39,43.3297309875488,-8.49880790710449,"Unknown"
"6227756",371834,2025-06-19 06:43:39,43.3297309875488,-8.49889087677002,"Unknown"
"6227756",371834,2025-06-19 06:48:41,43.3297805786133,-8.49892234802246,"Unknown"
"6227756",371834,2025-06-19 06:53:39,43.3298110961914,-8.49898052215576,"Unknown"
"6227756",371834,2025-06-19 06:58:39,43.3298759460449,-8.49907398223877,"Unknown"
"6227756",371834,2025-06-19 07:03:39,43.3298606872559,-8.49910926818848,"Unknown"
"6227756",371834,2025-06-19 07:08:43,43.3298721313477,-8.49917316436768,"Unknown"
"6227756",371834,2025-06-19 07:14:06,43.3298149108887,-8.49910163879395,"Unknown"
"6227756",371834,2025-06-19 07:18:32,43.3293380737305,-8.49935531616211,"Unknown"
"6227756",371834,2025-06-19 07:23:32,43.3292236328125,-8.49942016601562,"Unknown"
"6227756",371834,2025-06-19 07:28:32,43.3292427062988,-8.49931526184082,"Unknown"
"6227756",371834,2025-06-19 07:33:32,43.3291854858398,-8.4994535446167,"Unknown"
"6227756",371834,2025-06-19 07:38:32,43.3291435241699,-8.4994945526123,"Unknown"
"6227756",371834,2025-06-19 07:43:32,43.3291702270508,-8.49943351745605,"Unknown"
"6227756",371834,2025-06-19 07:48:32,43.3290481567383,-8.49943065643311,"Unknown"
"6227756",371834,2025-06-19 07:53:31,43.3292617797852,-8.49925422668457,"Unknown"
"6227756",371834,2025-06-19 07:58:32,43.329044342041,-8.49936676025391,"Unknown"
"6227756",371834,2025-06-19 08:03:31,43.3292427062988,-8.49923801422119,"Unknown"
"6227756",371834,2025-06-19 08:08:31,43.3291206359863,-8.49931621551514,"Unknown"
"6227756",371834,2025-06-19 08:13:31,43.3291397094727,-8.49928855895996,"Unknown"
"6227756",371834,2025-06-19 08:18:32,43.329231262207,-8.49920082092285,"Unknown"
"6227756",371834,2025-06-19 08:23:31,43.3291358947754,-8.49922561645508,"Unknown"
"6227756",371834,2025-06-19 08:28:31,43.3292007446289,-8.49923992156982,"Unknown"
"6227756",371834,2025-06-19 08:33:31,43.3292465209961,-8.49918556213379,"Unknown"
"6227756",371834,2025-06-19 08:38:31,43.3292961120605,-8.49915313720703,"Unknown"
"6227756",371834,2025-06-19 08:43:31,43.3292770385742,-8.49917316436768,"Unknown"
"6227756",371834,2025-06-19 08:48:31,43.3292808532715,-8.49912738800049,"Unknown"
"6227756",371834,2025-06-19 08:53:32,43.329288482666,-8.49916362762451,"Unknown"
"6227756",371834,2025-06-19 08:58:32,43.3293190002441,-8.49905967712402,"Unknown"
"6227756",371834,2025-06-19 09:03:32,43.3292846679688,-8.49912261962891,"Unknown"
"6227756",371834,2025-06-19 09:08:32,43.3292922973633,-8.49906444549561,"Unknown"
"6227756",371834,2025-06-19 09:13:33,43.3292846679688,-8.49905014038086,"Unknown"
"6227756",371834,2025-06-19 09:18:32,43.3291969299316,-8.49894237518311,"Unknown"
"6227756",371834,2025-06-19 09:23:33,43.329216003418,-8.49897003173828,"Unknown"
"6227756",371834,2025-06-19 09:28:34,43.3296661376953,-8.49949932098389,"Unknown"
"6227756",371834,2025-06-19 09:33:36,43.3296699523926,-8.49942970275879,"Unknown"
"6227756",371834,2025-06-19 09:38:37,43.3296051025391,-8.49950790405273,"Unknown"
"6227756",371834,2025-06-19 09:43:40,43.3288803100586,-8.49929618835449,"Unknown"
"6227756",371834,2025-06-19 09:48:34,43.3293571472168,-8.49907779693604,"Unknown"
"6227756",371834,2025-06-19 09:53:33,43.329704284668,-8.49937629699707,"Unknown"
"6227756",371834,2025-06-19 09:58:33,43.3296127319336,-8.49923801422119,"Unknown"
"6227756",371834,2025-06-19 10:03:32,43.3295593261719,-8.49914455413818,"Unknown"
"6227756",371834,2025-06-19 10:08:33,43.32958984375,-8.49917793273926,"Unknown"
"6227756",371834,2025-06-19 10:13:32,43.3292922973633,-8.49882030487061,"Unknown"
"6227756",371834,2025-06-19 10:18:32,43.3293838500977,-8.49897289276123,"Unknown"
"6227756",371834,2025-06-19 10:23:32,43.329418182373,-8.49889373779297,"Unknown"
"6227756",371834,2025-06-19 10:28:32,43.3293037414551,-8.49884223937988,"Unknown"
"6227756",371834,2025-06-19 10:33:45,43.3294906616211,-8.49901485443115,"Unknown"
"6227756",371834,2025-06-19 10:38:31,43.3294448852539,-8.49894714355469,"Unknown"
"6227756",371834,2025-06-19 10:43:38,43.329418182373,-8.49901485443115,"Unknown"
"6227756",371834,2025-06-19 10:48:31,43.3293685913086,-8.49905300140381,"Unknown"
"6227756",371834,2025-06-19 10:53:39,43.3295402526855,-8.49909400939941,"Unknown"
"6227756",371834,2025-06-19 10:58:39,43.3295402526855,-8.49908828735352,"Unknown"
"6227756",371834,2025-06-19 11:03:39,43.3294868469238,-8.49908256530762,"Unknown"
"6227756",371834,2025-06-19 11:08:39,43.3294982910156,-8.49898529052734,"Unknown"
"6227756",371834,2025-06-19 11:13:39,43.3295059204102,-8.49903678894043,"Unknown"
"6227756",371834,2025-06-19 11:18:39,43.3296203613281,-8.49910163879395,"Unknown"
"6227756",371834,2025-06-19 11:23:39,43.3296012878418,-8.49896621704102,"Unknown"
"6227756",371834,2025-06-19 11:28:39,43.3295402526855,-8.49907302856445,"Unknown"
"6227756",371834,2025-06-19 11:33:44,43.3295059204102,-8.49898910522461,"Unknown"
"6227756",371834,2025-06-19 11:38:50,43.3294830322266,-8.49912643432617,"Unknown"
"6227756",371834,2025-06-19 11:43:41,43.3296203613281,-8.49863147735596,"Unknown"
"6227756",371834,2025-06-19 11:49:05,43.3295211791992,-8.4990234375,"Unknown"
"6227756",371834,2025-06-19 11:53:31,43.3295555114746,-8.49901676177979,"Unknown"
"6227756",371834,2025-06-19 11:58:31,43.3295021057129,-8.49901294708252,"Unknown"
"6227756",371834,2025-06-19 12:03:31,43.329517364502,-8.49902248382568,"Unknown"
"6227756",371834,2025-06-19 12:08:31,43.3295478820801,-8.49901294708252,"Unknown"
"6227756",371834,2025-06-19 12:13:31,43.3295288085938,-8.49898910522461,"Unknown"
"6227756",371834,2025-06-19 12:18:31,43.3294868469238,-8.49903583526611,"Unknown"
"6227756",371834,2025-06-19 12:23:31,43.3295516967773,-8.49906635284424,"Unknown"
"6227756",371834,2025-06-19 12:28:31,43.329532623291,-8.49905776977539,"Unknown"
"6227756",371834,2025-06-19 12:33:31,43.3295783996582,-8.49905204772949,"Unknown"
"6227756",371834,2025-06-19 12:38:31,43.3297882080078,-8.49917030334473,"Unknown"
"6227756",371834,2025-06-19 12:43:32,43.3294982910156,-8.49898815155029,"Unknown"
"6227756",371834,2025-06-19 12:48:33,43.3295822143555,-8.49894523620605,"Unknown"
"6227756",371834,2025-06-19 12:53:33,43.3294410705566,-8.49896049499512,"Unknown"
"6227756",371834,2025-06-19 12:58:35,43.3293495178223,-8.49895095825195,"Unknown"
"6227756",371834,2025-06-19 13:03:44,43.3295364379883,-8.49893856048584,"Unknown"
"6227756",371834,2025-06-19 13:08:31,43.32958984375,-8.49896430969238,"Unknown"
"6227756",371834,2025-06-19 13:13:31,43.3295783996582,-8.49894142150879,"Unknown"
"6227756",371834,2025-06-19 13:18:32,43.3295135498047,-8.49892330169678,"Unknown"
"6227756",371834,2025-06-19 13:23:31,43.3295669555664,-8.49899101257324,"Unknown"
"6227756",371834,2025-06-19 13:28:35,43.3295135498047,-8.49894905090332,"Unknown"
"6227756",371834,2025-06-19 13:33:33,43.3295555114746,-8.49886989593506,"Unknown"
"6227756",371834,2025-06-19 13:38:33,43.3295707702637,-8.49877738952637,"Unknown"
"6227756",371834,2025-06-19 13:43:33,43.329460144043,-8.49898147583008,"Unknown"
"6227756",371834,2025-06-19 13:48:32,43.3293418884277,-8.49902820587158,"Unknown"
"6227756",371834,2025-06-19 13:53:55,43.3294334411621,-8.49891662597656,"Unknown"
"6227756",371834,2025-06-19 13:59:05,43.3294525146484,-8.49894905090332,"Unknown"
"6227756",371834,2025-06-19 14:03:31,43.3294372558594,-8.49905109405518,"Unknown"
"6227756",371834,2025-06-19 14:08:31,43.3294258117676,-8.4990758895874,"Unknown"
"6227756",371834,2025-06-19 14:13:31,43.3294105529785,-8.49908065795898,"Unknown"
"6227756",371834,2025-06-19 14:18:31,43.3294334411621,-8.49905967712402,"Unknown"
"6227756",371834,2025-06-19 14:23:31,43.3294258117676,-8.4990816116333,"Unknown"
"6227756",371834,2025-06-19 14:28:31,43.3294448852539,-8.49902153015137,"Unknown"
"6227756",371834,2025-06-19 14:33:31,43.329460144043,-8.49903297424316,"Unknown"
"6227756",371834,2025-06-19 14:38:31,43.3294334411621,-8.49900913238525,"Unknown"
"6227756",371834,2025-06-19 14:43:32,43.3295021057129,-8.49900150299072,"Unknown"
"6227756",371834,2025-06-19 14:48:32,43.3294830322266,-8.49902725219727,"Unknown"
"6227756",371834,2025-06-19 14:53:32,43.329475402832,-8.49907493591309,"Unknown"
"6227756",371834,2025-06-19 14:58:32,43.3294944763184,-8.49908065795898,"Unknown"
"6227756",371834,2025-06-19 15:03:32,43.3294792175293,-8.49901866912842,"Unknown"
"6227756",371834,2025-06-19 15:08:32,43.3294372558594,-8.49900817871094,"Unknown"
"6227756",371834,2025-06-19 15:13:32,43.3294105529785,-8.49905109405518,"Unknown"
"6227756",371834,2025-06-19 15:18:32,43.329475402832,-8.49907398223877,"Unknown"
"6227756",371834,2025-06-19 15:23:32,43.3295364379883,-8.49899673461914,"Unknown"
"6227756",371834,2025-06-19 15:28:32,43.3294982910156,-8.49902248382568,"Unknown"
"6227756",371834,2025-06-19 15:33:41,43.3294486999512,-8.49895858764648,"Unknown"
"6227756",371834,2025-06-19 15:38:32,43.3294906616211,-8.49900245666504,"Unknown"
"6227756",371834,2025-06-19 15:43:32,43.3294448852539,-8.49896335601807,"Unknown"
"6227756",371834,2025-06-19 15:48:32,43.3293266296387,-8.49883842468262,"Unknown"
"6227756",371834,2025-06-19 15:53:32,43.3294792175293,-8.49896621704102,"Unknown"
"6227756",371834,2025-06-19 15:58:32,43.3294868469238,-8.49898338317871,"Unknown"
"6227756",371834,2025-06-19 16:03:32,43.3294258117676,-8.49894428253174,"Unknown"
"6227756",371834,2025-06-19 16:08:34,43.3293418884277,-8.49886131286621,"Unknown"
"6227756",371834,2025-06-19 16:13:34,43.3293113708496,-8.49876976013184,"Unknown"
"6227756",371834,2025-06-19 16:18:33,43.3294067382812,-8.49885749816895,"Unknown"
"6227756",371834,2025-06-19 16:23:39,43.3294258117676,-8.49894046783447,"Unknown"
"6227756",371834,2025-06-19 16:28:34,43.3292846679688,-8.49875831604004,"Unknown"
"6227756",371834,2025-06-19 16:34:04,43.3294525146484,-8.49900245666504,"Unknown"
"6227756",371834,2025-06-19 16:38:32,43.3294715881348,-8.49902439117432,"Unknown"
"6227756",371834,2025-06-19 16:43:32,43.3294792175293,-8.49901676177979,"Unknown"
"6227756",371834,2025-06-19 16:48:32,43.3294677734375,-8.49901390075684,"Unknown"
"6227756",371834,2025-06-19 16:53:32,43.3294486999512,-8.49901866912842,"Unknown"
"6227756",371834,2025-06-19 16:58:32,43.3294334411621,-8.49906730651855,"Unknown"
"6227756",371834,2025-06-19 17:03:32,43.3294486999512,-8.49904823303223,"Unknown"
"6227756",371834,2025-06-19 17:08:32,43.3294258117676,-8.49902725219727,"Unknown"
"6227756",371834,2025-06-19 17:13:32,43.329475402832,-8.49900722503662,"Unknown"
"6227756",371834,2025-06-19 17:18:32,43.3294410705566,-8.49900817871094,"Unknown"
"6227756",371834,2025-06-19 17:23:33,43.3293838500977,-8.49894618988037,"Unknown"
"6227756",371834,2025-06-19 17:28:33,43.3294105529785,-8.49901580810547,"Unknown"
"6227756",371834,2025-06-19 17:33:34,43.3293876647949,-8.49895477294922,"Unknown"
"6227756",371834,2025-06-19 17:38:45,43.3295364379883,-8.49898910522461,"Unknown"
"6227756",371834,2025-06-19 17:43:33,43.3295440673828,-8.49895668029785,"Unknown"
"6227756",371834,2025-06-19 17:48:32,43.3295478820801,-8.4989652633667,"Unknown"
"6227756",371834,2025-06-19 17:53:33,43.3294639587402,-8.49915027618408,"Unknown"
"6227756",371834,2025-06-19 17:58:32,43.3295135498047,-8.49903774261475,"Unknown"
"6227756",371834,2025-06-19 18:03:33,43.3295402526855,-8.4990177154541,"Unknown"
"6227756",371834,2025-06-19 18:08:33,43.3295364379883,-8.49903297424316,"Unknown"
"6227756",371834,2025-06-19 18:13:32,43.3295097351074,-8.4990177154541,"Unknown"
"6227756",371834,2025-06-19 18:18:32,43.3294715881348,-8.49911308288574,"Unknown"
"6227756",371834,2025-06-19 18:23:33,43.3295021057129,-8.49909687042236,"Unknown"
"6227756",371834,2025-06-19 18:28:33,43.329517364502,-8.49898433685303,"Unknown"
"6227756",371834,2025-06-19 18:33:45,43.3294563293457,-8.49899005889893,"Unknown"
"6227756",371834,2025-06-19 18:38:33,43.3295478820801,-8.4990119934082,"Unknown"
"6227756",371834,2025-06-19 18:43:32,43.3294639587402,-8.49894046783447,"Unknown"
"6227756",371834,2025-06-19 18:48:32,43.3295059204102,-8.498948097229,"Unknown"
"6227756",371834,2025-06-19 18:53:33,43.3293876647949,-8.49896907806396,"Unknown"
"6227756",371834,2025-06-19 18:58:33,43.3294677734375,-8.49894237518311,"Unknown"
"6227756",371834,2025-06-19 19:03:33,43.3294982910156,-8.49903106689453,"Unknown"
"6227756",371834,2025-06-19 19:08:32,43.3294906616211,-8.4989709854126,"Unknown"
"6227756",371834,2025-06-19 19:13:34,43.3294868469238,-8.49878120422363,"Unknown"
"6227756",371834,2025-06-19 19:18:34,43.3295135498047,-8.49881649017334,"Unknown"
"6227756",371834,2025-06-19 19:23:37,43.3295097351074,-8.49887275695801,"Unknown"
"6227756",371834,2025-06-19 19:28:37,43.3295211791992,-8.49887847900391,"Unknown"
"6227756",371834,2025-06-19 19:33:45,43.3295288085938,-8.4989185333252,"Unknown"
"6227756",371834,2025-06-19 19:40:06,43.3295135498047,-8.49889087677002,"Unknown"
"6227756",371834,2025-06-19 19:45:15,43.3294448852539,-8.49888896942139,"Unknown"
"6227756",371834,2025-06-19 19:50:01,43.3296432495117,-8.49875164031982,"Unknown"
"6227756",371834,2025-06-19 19:55:01,43.3295059204102,-8.49880218505859,"Unknown"
"6227756",371834,2025-06-19 20:00:02,43.3293609619141,-8.49886703491211,"Unknown"
"6227756",371834,2025-06-19 20:05:14,43.3294639587402,-8.49884128570557,"Unknown"
"6227756",371834,2025-06-19 20:10:03,43.3293304443359,-8.49899482727051,"Unknown"
"6227756",371834,2025-06-19 20:15:00,43.3288345336914,-8.49990272521973,"Unknown"
"6227756",371834,2025-06-19 20:20:06,43.3294563293457,-8.49882698059082,"Unknown"
"6227756",371834,2025-06-19 20:25:10,43.3293762207031,-8.49885177612305,"Unknown"
"6227756",371834,2025-06-19 20:30:01,43.329273223877,-8.49941444396973,"Unknown"
"6227756",371834,2025-06-19 20:35:09,43.3294525146484,-8.49890041351318,"Unknown"
"6227756",371834,2025-06-19 20:40:00,43.3293380737305,-8.49925804138184,"Unknown"
"6227756",371834,2025-06-19 20:45:35,43.3294639587402,-8.49902057647705,"Unknown"
"6227756",371834,2025-06-19 20:49:59,43.329475402832,-8.49896240234375,"Unknown"
"6227756",371834,2025-06-19 20:54:59,43.3294639587402,-8.4989652633667,"Unknown"
"6227756",371834,2025-06-19 20:59:59,43.3294677734375,-8.49899482727051,"Unknown"
"6227756",371834,2025-06-19 21:04:59,43.3295555114746,-8.49904823303223,"Unknown"
"6227756",371834,2025-06-19 21:09:59,43.3294830322266,-8.49901103973389,"Unknown"
"6227756",371834,2025-06-19 21:14:59,43.329460144043,-8.4989709854126,"Unknown"
"6227756",371834,2025-06-19 21:20:00,43.329402923584,-8.49887084960938,"Unknown"
"6227756",371834,2025-06-19 21:25:00,43.3293571472168,-8.4988899230957,"Unknown"
"6227756",371834,2025-06-19 21:30:04,43.3294525146484,-8.49897193908691,"Unknown"
"6227756",371834,2025-06-19 21:35:00,43.3293685913086,-8.49889278411865,"Unknown"
"6227756",371834,2025-06-19 21:40:07,43.3294715881348,-8.49896907806396,"Unknown"
"6227756",371834,2025-06-19 21:44:59,43.3294525146484,-8.49893474578857,"Unknown"
"6227756",371834,2025-06-19 21:50:01,43.3293724060059,-8.49883651733398,"Unknown"
"6227756",371834,2025-06-19 21:55:00,43.3293418884277,-8.4987325668335,"Unknown"
"6227756",371834,2025-06-19 21:59:59,43.3294563293457,-8.49889087677002,"Unknown"
"6227756",371834,2025-06-19 22:04:59,43.3295707702637,-8.49910736083984,"Unknown"
"6227756",371834,2025-06-19 22:10:01,43.329517364502,-8.49906349182129,"Unknown"
"6227756",371834,2025-06-19 22:14:59,43.3295249938965,-8.49898719787598,"Unknown"
"6227756",371834,2025-06-19 22:20:02,43.329532623291,-8.49890995025635,"Unknown"
"6227756",371834,2025-06-19 22:25:01,43.3294448852539,-8.49887084960938,"Unknown"
"6227756",371834,2025-06-19 22:30:05,43.3294258117676,-8.4990119934082,"Unknown"
"6227756",371834,2025-06-19 22:35:00,43.3294410705566,-8.49879455566406,"Unknown"
"6227756",371834,2025-06-19 22:40:01,43.3295059204102,-8.49898147583008,"Unknown"
"6227756",371834,2025-06-19 22:45:00,43.3293876647949,-8.49901008605957,"Unknown"
"6227756",371834,2025-06-19 22:50:00,43.329402923584,-8.49903011322021,"Unknown"
"6227756",371834,2025-06-19 22:55:00,43.3295631408691,-8.49895858764648,"Unknown"
"6227756",371834,2025-06-19 23:00:02,43.3294982910156,-8.49903297424316,"Unknown"
"6227756",371834,2025-06-19 23:05:00,43.3293914794922,-8.49905014038086,"Unknown"
"6227756",371834,2025-06-19 23:10:02,43.3294410705566,-8.49899959564209,"Unknown"
"6227756",371834,2025-06-19 23:15:07,43.3296394348145,-8.49893760681152,"Unknown"
"6227756",371834,2025-06-19 23:20:06,43.3294486999512,-8.49901866912842,"Unknown"
"6227756",371834,2025-06-19 23:25:14,43.3295211791992,-8.49896621704102,"Unknown"
"6227756",371834,2025-06-19 23:29:59,43.3295516967773,-8.49904823303223,"Unknown"
"6227756",371834,2025-06-19 23:34:59,43.3295364379883,-8.49897480010986,"Unknown"
"6227756",371834,2025-06-19 23:39:59,43.329532623291,-8.4990062713623,"Unknown"
"6227756",371834,2025-06-19 23:44:59,43.3295593261719,-8.49891090393066,"Unknown"
"6227756",371834,2025-06-19 23:50:15,43.3295478820801,-8.49896144866943,"Unknown"
"6227756",371834,2025-06-19 23:54:59,43.3294830322266,-8.49895191192627,"Unknown"
"6227756",371834,2025-06-19 23:59:59,43.329517364502,-8.49905490875244,"Unknown"
"6227756",371834,2025-06-20 00:05:00,43.3295059204102,-8.4990291595459,"Unknown"
"6227756",371834,2025-06-20 00:10:00,43.3294792175293,-8.49900913238525,"Unknown"
"6227756",371834,2025-06-20 00:15:01,43.3294906616211,-8.49909496307373,"Unknown"
"6227756",371834,2025-06-20 00:20:03,43.3295555114746,-8.49917793273926,"Unknown"
"6227756",371834,2025-06-20 00:25:09,43.329460144043,-8.49901580810547,"Unknown"
"6227756",371834,2025-06-20 00:30:03,43.3292541503906,-8.49881935119629,"Unknown"
"6227756",371834,2025-06-20 00:35:14,43.3294525146484,-8.49901485443115,"Unknown"
"6227756",371834,2025-06-20 00:40:06,43.3295097351074,-8.49896335601807,"Unknown"
"6227756",371834,2025-06-20 00:45:06,43.3295059204102,-8.49899768829346,"Unknown"
"6227756",371834,2025-06-20 00:50:15,43.329517364502,-8.49904537200928,"Unknown"
"6227756",371834,2025-06-20 00:55:08,43.3295021057129,-8.4990291595459,"Unknown"
"6227756",371834,2025-06-20 01:00:11,43.3295211791992,-8.4990177154541,"Unknown"
"6227756",371834,2025-06-20 01:05:11,43.3294944763184,-8.49898052215576,"Unknown"
"6227756",371834,2025-06-20 01:10:11,43.3294792175293,-8.49894332885742,"Unknown"
"6227756",371834,2025-06-20 01:15:02,43.3298225402832,-8.49956035614014,"Unknown"
"6227756",371834,2025-06-20 01:20:07,43.3294677734375,-8.49889755249023,"Unknown"
"6227756",371834,2025-06-20 01:25:02,43.3293647766113,-8.49890422821045,"Unknown"
"6227756",371834,2025-06-20 01:30:06,43.3294410705566,-8.49903202056885,"Unknown"
"6227756",371834,2025-06-20 01:35:08,43.3294296264648,-8.49897956848145,"Unknown"
"6227756",371834,2025-06-20 01:40:07,43.3293762207031,-8.49903202056885,"Unknown"
"6227756",371834,2025-06-20 01:45:15,43.3293952941895,-8.49900913238525,"Unknown"
"6227756",371834,2025-06-20 01:50:02,43.3295974731445,-8.49882888793945,"Unknown"
"6227756",371834,2025-06-20 01:55:02,43.3295288085938,-8.49892425537109,"Unknown"
"6227756",371834,2025-06-20 02:00:05,43.3295097351074,-8.4989185333252,"Unknown"
"6227756",371834,2025-06-20 02:05:07,43.3295440673828,-8.49892520904541,"Unknown"
"6227756",371834,2025-06-20 02:10:14,43.3294410705566,-8.49893474578857,"Unknown"
"6227756",371834,2025-06-20 02:15:02,43.3294563293457,-8.49892711639404,"Unknown"
"6227756",371834,2025-06-20 02:20:00,43.3294372558594,-8.49894618988037,"Unknown"
"6227756",371834,2025-06-20 02:25:00,43.3291435241699,-8.49907112121582,"Unknown"
"6227756",371834,2025-06-20 02:30:02,43.3295211791992,-8.4989709854126,"Unknown"
"6227756",371834,2025-06-20 02:35:04,43.3294372558594,-8.49895477294922,"Unknown"
"6227756",371834,2025-06-20 02:40:06,43.3293571472168,-8.49896240234375,"Unknown"
"6227756",371834,2025-06-20 02:45:35,43.329460144043,-8.49904823303223,"Unknown"
"6227756",371834,2025-06-20 02:49:59,43.3295021057129,-8.49906349182129,"Unknown"
"6227756",371834,2025-06-20 02:54:59,43.3295745849609,-8.49901103973389,"Unknown"
"6227756",371834,2025-06-20 03:00:01,43.3294639587402,-8.49892902374268,"Unknown"
"6227756",371834,2025-06-20 03:04:59,43.3295059204102,-8.49889755249023,"Unknown"
"6227756",371834,2025-06-20 03:09:59,43.3294258117676,-8.49901580810547,"Unknown"
"6227756",371834,2025-06-20 03:14:59,43.3293228149414,-8.49888801574707,"Unknown"
"6227756",371834,2025-06-20 03:20:00,43.3292922973633,-8.49874877929688,"Unknown"
"6227756",371834,2025-06-20 03:25:04,43.3295059204102,-8.49896621704102,"Unknown"
"6227756",371834,2025-06-20 03:30:00,43.3295402526855,-8.49896717071533,"Unknown"
"6227756",371834,2025-06-20 03:35:00,43.3295097351074,-8.49907493591309,"Unknown"
"6227756",371834,2025-06-20 03:40:00,43.3294868469238,-8.49897575378418,"Unknown"
"6227756",371834,2025-06-20 03:45:00,43.3293609619141,-8.49885654449463,"Unknown"
"6227756",371834,2025-06-20 03:50:14,43.3295288085938,-8.49896144866943,"Unknown"
"6227756",371834,2025-06-20 03:54:59,43.3295860290527,-8.49891662597656,"Unknown"
"6227756",371834,2025-06-20 03:59:59,43.3295021057129,-8.49892139434814,"Unknown"
"6227756",371834,2025-06-20 04:04:59,43.3295364379883,-8.49888515472412,"Unknown"
"6227756",371834,2025-06-20 04:10:01,43.3296012878418,-8.49875068664551,"Unknown"
"6227756",371834,2025-06-20 04:15:02,43.3295631408691,-8.49879264831543,"Unknown"
"6227756",371834,2025-06-20 04:20:02,43.329647064209,-8.49866104125977,"Unknown"
"6227756",371834,2025-06-20 04:25:04,43.3295936584473,-8.49873542785645,"Unknown"
"6227756",371834,2025-06-20 04:30:02,43.3295135498047,-8.49884510040283,"Unknown"
"6227756",371834,2025-06-20 04:35:07,43.3296737670898,-8.49861145019531,"Unknown"
"6227756",371834,2025-06-20 04:40:05,43.3298034667969,-8.49827766418457,"Unknown"
"6227756",371834,2025-06-20 04:45:35,43.3294906616211,-8.49898242950439,"Unknown"
"6227756",371834,2025-06-20 04:49:59,43.3295516967773,-8.49896240234375,"Unknown"
"6227756",371834,2025-06-20 04:54:59,43.3294830322266,-8.49899387359619,"Unknown"
"6227756",371834,2025-06-20 04:59:59,43.3295097351074,-8.49895000457764,"Unknown"
"6227756",371834,2025-06-20 05:04:59,43.3294792175293,-8.49899768829346,"Unknown"
"6227756",371834,2025-06-20 05:09:59,43.3294982910156,-8.49895286560059,"Unknown"
"6227756",371834,2025-06-20 05:14:59,43.3294639587402,-8.49898242950439,"Unknown"
"6227756",371834,2025-06-20 05:19:59,43.3294448852539,-8.49901962280273,"Unknown"
"6227756",371834,2025-06-20 05:24:59,43.329475402832,-8.49898815155029,"Unknown"
"6227756",371834,2025-06-20 05:30:00,43.3294868469238,-8.4990119934082,"Unknown"
"6227756",371834,2025-06-20 05:34:59,43.3294830322266,-8.49898529052734,"Unknown"
"6227756",371834,2025-06-20 05:39:59,43.3294525146484,-8.49899864196777,"Unknown"
"6227756",371834,2025-06-20 05:44:59,43.3295745849609,-8.49901390075684,"Unknown"
"6227756",371834,2025-06-20 05:49:59,43.329460144043,-8.49900817871094,"Unknown"
"6227756",371834,2025-06-20 05:55:00,43.3294563293457,-8.49898052215576,"Unknown"
"6227756",371834,2025-06-20 06:00:01,43.3294830322266,-8.49900054931641,"Unknown"
"6227756",371834,2025-06-20 06:05:00,43.3295211791992,-8.49904537200928,"Unknown"
"6227756",371834,2025-06-20 06:10:01,43.3294334411621,-8.49900245666504,"Unknown"
"6227756",371834,2025-06-20 06:15:00,43.3294677734375,-8.49901676177979,"Unknown"
"6227756",371834,2025-06-20 06:20:07,43.3294830322266,-8.49898719787598,"Unknown"
"6227756",371834,2025-06-20 06:24:59,43.3294525146484,-8.49892616271973,"Unknown"
"6227756",371834,2025-06-20 06:30:06,43.3294639587402,-8.49898433685303,"Unknown"
"6227756",371834,2025-06-20 06:35:04,43.3294486999512,-8.49893951416016,"Unknown"
"6227756",371834,2025-06-20 06:40:08,43.3294715881348,-8.49892044067383,"Unknown"
"6227756",371834,2025-06-20 06:45:13,43.3295135498047,-8.49894142150879,"Unknown"
"6227756",371834,2025-06-20 06:49:59,43.329460144043,-8.49894905090332,"Unknown"
"6227756",371834,2025-06-20 06:55:00,43.3296203613281,-8.49918937683105,"Unknown"
"6227756",371834,2025-06-20 07:00:01,43.3295974731445,-8.49907398223877,"Unknown"
"6227756",371834,2025-06-20 07:05:09,43.3295211791992,-8.49899196624756,"Unknown"
"6227756",371834,2025-06-20 07:10:35,43.3295249938965,-8.49898338317871,"Unknown"
"6227756",371834,2025-06-20 07:14:59,43.329402923584,-8.4990291595459,"Unknown"
"6227756",371834,2025-06-20 07:19:59,43.3294944763184,-8.49899768829346,"Unknown"
"6227756",371834,2025-06-20 07:24:59,43.3293762207031,-8.4990816116333,"Unknown"
"6227756",371834,2025-06-20 07:29:59,43.3294486999512,-8.4990348815918,"Unknown"
"6227756",371834,2025-06-20 07:34:59,43.3294410705566,-8.49899387359619,"Unknown"
"6227756",371834,2025-06-20 07:39:59,43.3293685913086,-8.49906349182129,"Unknown"
"6227756",371834,2025-06-20 07:44:59,43.3294258117676,-8.49904251098633,"Unknown"
"6227756",371834,2025-06-20 07:49:59,43.3294143676758,-8.49904918670654,"Unknown"
"6227756",371834,2025-06-20 07:54:59,43.3293952941895,-8.49902057647705,"Unknown"
"6227756",371834,2025-06-20 07:59:59,43.3294410705566,-8.49901676177979,"Unknown"
"6227756",371834,2025-06-20 08:04:59,43.3294563293457,-8.49902248382568,"Unknown"
"6227756",371834,2025-06-20 08:09:59,43.3294639587402,-8.49899005889893,"Unknown"
"6227756",371834,2025-06-20 08:14:59,43.3294296264648,-8.49903202056885,"Unknown"
"6227756",371834,2025-06-20 08:19:59,43.3294792175293,-8.49900722503662,"Unknown"
"6227756",371834,2025-06-20 08:24:59,43.3295135498047,-8.49899482727051,"Unknown"
"6227756",371834,2025-06-20 08:29:59,43.3294982910156,-8.49898529052734,"Unknown"
"6227756",371834,2025-06-20 08:34:59,43.3295249938965,-8.49899101257324,"Unknown"
"6227756",371834,2025-06-20 08:40:08,43.3295440673828,-8.49896144866943,"Unknown"
"6227756",371834,2025-06-20 08:44:59,43.3295059204102,-8.49899291992188,"Unknown"
"6227756",371834,2025-06-20 08:49:59,43.3295249938965,-8.49899673461914,"Unknown"
"6227756",371834,2025-06-20 08:54:59,43.3294677734375,-8.49895095825195,"Unknown"
"6227756",371834,2025-06-20 08:59:59,43.3295745849609,-8.49893093109131,"Unknown"
"6227756",371834,2025-06-20 09:04:59,43.3295021057129,-8.4989709854126,"Unknown"
"6227756",371834,2025-06-20 09:10:00,43.3295402526855,-8.498948097229,"Unknown"
"6227756",371834,2025-06-20 09:15:00,43.3295707702637,-8.49898052215576,"Unknown"
"6227756",371834,2025-06-20 09:20:01,43.3296394348145,-8.4990177154541,"Unknown"
"6227756",371834,2025-06-20 09:25:01,43.3296165466309,-8.49906349182129,"Unknown"
"6227756",371834,2025-06-20 09:30:01,43.3294792175293,-8.49894046783447,"Unknown"
"6227756",371834,2025-06-20 09:35:02,43.329517364502,-8.49893188476562,"Unknown"
"6227756",371834,2025-06-20 09:40:03,43.3295059204102,-8.49900913238525,"Unknown"
"6227756",371834,2025-06-20 09:45:14,43.3295211791992,-8.49891567230225,"Unknown"
"6227756",371834,2025-06-20 09:49:59,43.3294143676758,-8.49887371063232,"Unknown"
"6227756",371834,2025-06-20 09:54:59,43.3296127319336,-8.49901008605957,"Unknown"
"6227756",371834,2025-06-20 09:59:59,43.329418182373,-8.49888038635254,"Unknown"
"6227756",371834,2025-06-20 10:04:59,43.3294906616211,-8.49890518188477,"Unknown"
"6227756",371834,2025-06-20 10:09:59,43.3295135498047,-8.49899673461914,"Unknown"
"6227756",371834,2025-06-20 10:15:02,43.329460144043,-8.4989128112793,"Unknown"
"6227756",371834,2025-06-20 10:20:00,43.3295364379883,-8.498948097229,"Unknown"
"6227756",371834,2025-06-20 10:24:59,43.3295822143555,-8.49900245666504,"Unknown"
"6227756",371834,2025-06-20 10:30:00,43.3295288085938,-8.49919891357422,"Unknown"
"6227756",371834,2025-06-20 10:35:15,43.329460144043,-8.4990119934082,"Unknown"
"6227756",371834,2025-06-20 10:40:02,43.3295211791992,-8.49916458129883,"Unknown"
"6227756",371834,2025-06-20 10:45:02,43.329517364502,-8.49905204772949,"Unknown"
"6227756",371834,2025-06-20 10:50:00,43.3295249938965,-8.49901390075684,"Unknown"
"6227756",371834,2025-06-20 10:55:02,43.3294944763184,-8.49915027618408,"Unknown"
"6227756",371834,2025-06-20 11:00:02,43.3294563293457,-8.49896144866943,"Unknown"
"6227756",371834,2025-06-20 11:05:01,43.3295288085938,-8.49902439117432,"Unknown"
"6227756",371834,2025-06-20 11:10:13,43.3295021057129,-8.49902153015137,"Unknown"
"6227756",371834,2025-06-20 11:15:05,43.3295135498047,-8.49899101257324,"Unknown"
"6227756",371834,2025-06-20 11:20:03,43.3295478820801,-8.49904251098633,"Unknown"
"6227756",371834,2025-06-20 11:25:04,43.3293380737305,-8.49899196624756,"Unknown"
"6227756",371834,2025-06-20 11:30:35,43.3295211791992,-8.49900436401367,"Unknown"
"6227756",371834,2025-06-20 11:34:59,43.3294982910156,-8.49901962280273,"Unknown"
"6227756",371834,2025-06-20 11:39:59,43.3295097351074,-8.49897003173828,"Unknown"
"6227756",371834,2025-06-20 11:44:59,43.329460144043,-8.49900150299072,"Unknown"
"6227756",371834,2025-06-20 11:49:59,43.3295631408691,-8.49898338317871,"Unknown"
"6227756",371834,2025-06-20 11:54:59,43.3295478820801,-8.49898147583008,"Unknown"
"6227756",371834,2025-06-20 11:59:59,43.3295288085938,-8.49897480010986,"Unknown"
"6227756",371834,2025-06-20 12:04:59,43.329532623291,-8.49903202056885,"Unknown"
"6227756",371834,2025-06-20 12:09:59,43.3295249938965,-8.49898529052734,"Unknown"
"6227756",371834,2025-06-20 12:14:59,43.329475402832,-8.49902534484863,"Unknown"
"6227756",371834,2025-06-20 12:19:59,43.3294982910156,-8.49904632568359,"Unknown"
"6227756",371834,2025-06-20 12:24:59,43.3295478820801,-8.49902057647705,"Unknown"
"6227756",371834,2025-06-20 12:29:59,43.3295707702637,-8.49902057647705,"Unknown"
"6227756",371834,2025-06-20 12:34:59,43.3294792175293,-8.49900531768799,"Unknown"
"6227756",371834,2025-06-20 12:39:59,43.3295593261719,-8.49907112121582,"Unknown"
"6227756",371834,2025-06-20 12:45:12,43.329517364502,-8.49897766113281,"Unknown"
"6227756",371834,2025-06-20 12:50:00,43.3294639587402,-8.49898624420166,"Unknown"
"6227756",371834,2025-06-20 12:55:01,43.3295097351074,-8.49900817871094,"Unknown"
"6227756",371834,2025-06-20 13:00:00,43.3289375305176,-8.49903297424316,"Unknown"
"6227756",371834,2025-06-20 13:05:02,43.3300094604492,-8.49883079528809,"Unknown"
"6227756",371834,2025-06-20 13:09:59,43.3298187255859,-8.49885177612305,"Unknown"
"6227756",371834,2025-06-20 13:15:07,43.3288421630859,-8.49912261962891,"Unknown"
"6227756",371834,2025-06-20 13:19:59,43.3290023803711,-8.49916744232178,"Unknown"
"6227756",371834,2025-06-20 13:25:03,43.3290977478027,-8.49915885925293,"Unknown"
"6227756",371834,2025-06-20 13:30:08,43.3293647766113,-8.49898338317871,"Unknown"
"6227756",371834,2025-06-20 13:35:14,43.3293647766113,-8.49899387359619,"Unknown"
"6227756",371834,2025-06-20 13:40:00,43.3293609619141,-8.49901294708252,"Unknown"
"6227756",371834,2025-06-20 13:45:01,43.3294868469238,-8.4990062713623,"Unknown"
"6227756",371834,2025-06-20 13:49:59,43.3294563293457,-8.49895858764648,"Unknown"
"6227756",371834,2025-06-20 13:54:59,43.3294792175293,-8.49901008605957,"Unknown"
"6227756",371834,2025-06-20 13:59:59,43.329460144043,-8.49898147583008,"Unknown"
"6227756",371834,2025-06-20 14:05:00,43.3295478820801,-8.49910736083984,"Unknown"
"6227756",371834,2025-06-20 14:09:59,43.3294830322266,-8.4991455078125,"Unknown"
"6227756",371834,2025-06-20 14:14:59,43.3293724060059,-8.49897575378418,"Unknown"
"6227756",371834,2025-06-20 14:20:00,43.329475402832,-8.4990177154541,"Unknown"
"6227756",371834,2025-06-20 14:25:02,43.3295364379883,-8.49909782409668,"Unknown"
"6227756",371834,2025-06-20 14:30:04,43.3294296264648,-8.49896717071533,"Unknown"
"6227756",371834,2025-06-20 14:35:15,43.3293991088867,-8.49895191192627,"Unknown"
"6227756",371834,2025-06-20 14:39:59,43.3294944763184,-8.49895572662354,"Unknown"
"6227756",371834,2025-06-20 14:45:00,43.3294677734375,-8.49899101257324,"Unknown"
"6227756",371834,2025-06-20 14:50:04,43.3294067382812,-8.49893283843994,"Unknown"
"6227756",371834,2025-06-20 14:55:09,43.3293952941895,-8.49890995025635,"Unknown"
"6227756",371834,2025-06-20 15:00:09,43.3292999267578,-8.49880695343018,"Unknown"
"6227756",371834,2025-06-20 15:05:12,43.3293609619141,-8.49883556365967,"Unknown"
"6227756",371834,2025-06-20 15:10:14,43.3294830322266,-8.49889087677002,"Unknown"
"6227756",371834,2025-06-20 15:14:59,43.3296203613281,-8.49908542633057,"Unknown"
"6227756",371834,2025-06-20 15:19:59,43.3295059204102,-8.49903106689453,"Unknown"
"6227756",371834,2025-06-20 15:25:00,43.3295631408691,-8.49906826019287,"Unknown"
"6227756",371834,2025-06-20 15:30:09,43.3293380737305,-8.49877738952637,"Unknown"
"6227756",371834,2025-06-20 15:35:00,43.3294296264648,-8.49894905090332,"Unknown"
"6227756",371834,2025-06-20 15:40:10,43.3294448852539,-8.49894905090332,"Unknown"
"6227756",371834,2025-06-20 15:45:08,43.3294792175293,-8.49895191192627,"Unknown"
"6227756",371834,2025-06-20 15:50:13,43.32958984375,-8.4990062713623,"Unknown"
"6227756",371834,2025-06-20 15:55:03,43.3294486999512,-8.49898147583008,"Unknown"
"6227756",371834,2025-06-20 16:00:14,43.3294334411621,-8.49900436401367,"Unknown"
"6227756",371834,2025-06-20 16:05:35,43.3294486999512,-8.49900054931641,"Unknown"
"6227756",371834,2025-06-20 16:09:59,43.3294906616211,-8.49903106689453,"Unknown"
"6227756",371834,2025-06-20 16:14:59,43.3295097351074,-8.49898433685303,"Unknown"
"6227756",371834,2025-06-20 16:19:59,43.3294830322266,-8.49905204772949,"Unknown"
"6227756",371834,2025-06-20 16:24:59,43.3294792175293,-8.49903964996338,"Unknown"
"6227756",371834,2025-06-20 16:29:59,43.3294486999512,-8.49908542633057,"Unknown"
"6227756",371834,2025-06-20 16:34:59,43.329517364502,-8.4990348815918,"Unknown"
"6227756",371834,2025-06-20 16:39:59,43.3294868469238,-8.49910068511963,"Unknown"
"6227756",371834,2025-06-20 16:44:59,43.3295288085938,-8.49914741516113,"Unknown"
"6227756",371834,2025-06-20 16:49:59,43.3294372558594,-8.49901866912842,"Unknown"
"6227756",371834,2025-06-20 16:54:59,43.3294372558594,-8.49905872344971,"Unknown"
"6227756",371834,2025-06-20 16:59:59,43.3294219970703,-8.49906444549561,"Unknown"
"6227756",371834,2025-06-20 17:05:01,43.3294486999512,-8.49905681610107,"Unknown"
"6227756",371834,2025-06-20 17:09:59,43.3295097351074,-8.499098777771,"Unknown"
"6227756",371834,2025-06-20 17:14:59,43.329460144043,-8.49903202056885,"Unknown"
"6227756",371834,2025-06-20 17:19:59,43.3294830322266,-8.49901962280273,"Unknown"
"6227756",371834,2025-06-20 17:24:59,43.3295097351074,-8.4990348815918,"Unknown"
"6227756",371834,2025-06-20 17:30:02,43.3294944763184,-8.49903297424316,"Unknown"
"6227756",371834,2025-06-20 17:35:14,43.3295059204102,-8.49907398223877,"Unknown"
"6227756",371834,2025-06-20 17:39:59,43.3293380737305,-8.49886131286621,"Unknown"
"6227756",371834,2025-06-20 17:44:59,43.3293838500977,-8.49885082244873,"Unknown"
"6227756",371834,2025-06-20 17:49:59,43.3294372558594,-8.49899291992188,"Unknown"
"6227756",371834,2025-06-20 17:54:59,43.3295097351074,-8.49893474578857,"Unknown"
"6227756",371834,2025-06-20 17:59:59,43.3295021057129,-8.49896430969238,"Unknown"
"6227756",371834,2025-06-20 18:04:59,43.3294258117676,-8.4989185333252,"Unknown"
"6227756",371834,2025-06-20 18:09:59,43.329517364502,-8.49897289276123,"Unknown"
"6227756",371834,2025-06-20 18:14:59,43.3295059204102,-8.49895095825195,"Unknown"
"6227756",371834,2025-06-20 18:20:00,43.3295936584473,-8.49905014038086,"Unknown"
"6227756",371834,2025-06-20 18:25:00,43.3295211791992,-8.49897003173828,"Unknown"
"6227756",371834,2025-06-20 18:30:00,43.3294410705566,-8.49891471862793,"Unknown"
"6227756",371834,2025-06-20 18:35:15,43.3293991088867,-8.49887275695801,"Unknown"
"6227756",371834,2025-06-20 18:39:59,43.3294372558594,-8.49890518188477,"Unknown"
"6227756",371834,2025-06-20 18:44:59,43.3296699523926,-8.49915409088135,"Unknown"
"6227756",371834,2025-06-20 18:49:59,43.3295707702637,-8.49910545349121,"Unknown"
"6227756",371834,2025-06-20 18:54:59,43.3295211791992,-8.4990291595459,"Unknown"
"6227756",371834,2025-06-20 18:59:59,43.3296089172363,-8.49923706054688,"Unknown"
"6227756",371834,2025-06-20 19:04:59,43.3295478820801,-8.49901962280273,"Unknown"
"6227756",371834,2025-06-20 19:09:59,43.3295669555664,-8.49913501739502,"Unknown"
"6227756",371834,2025-06-20 19:15:00,43.3295097351074,-8.49926662445068,"Unknown"
"6227756",371834,2025-06-20 19:20:03,43.3296279907227,-8.4993143081665,"Unknown"
"6227756",371834,2025-06-20 19:25:02,43.3294830322266,-8.49899578094482,"Unknown"
"6227756",371834,2025-06-20 19:30:11,43.3293800354004,-8.49889183044434,"Unknown"
"6227756",371834,2025-06-20 19:35:10,43.3293800354004,-8.49891567230225,"Unknown"
"6227756",371834,2025-06-20 19:40:07,43.3293418884277,-8.49892520904541,"Unknown"
"6227756",371834,2025-06-20 19:45:09,43.3293571472168,-8.49892711639404,"Unknown"
"6227756",371834,2025-06-20 19:50:14,43.3293342590332,-8.49910831451416,"Unknown"
"6227756",371834,2025-06-20 19:55:00,43.3288230895996,-8.50020122528076,"Unknown"
"6227756",371834,2025-06-20 20:00:09,43.3292655944824,-8.49908828735352,"Unknown"
"6227756",371834,2025-06-20 20:05:00,43.3295097351074,-8.49872779846191,"Unknown"
"6227756",371834,2025-06-20 20:10:09,43.3293418884277,-8.4991397857666,"Unknown"
"6227756",371834,2025-06-20 20:15:00,43.329273223877,-8.49923706054688,"Unknown"
"6227756",371834,2025-06-20 20:20:09,43.3292922973633,-8.49917793273926,"Unknown"
"6227756",371834,2025-06-20 20:25:01,43.3294639587402,-8.49890804290771,"Unknown"
"6227756",371834,2025-06-20 20:30:10,43.3294715881348,-8.49902248382568,"Unknown"
"6227756",371834,2025-06-20 20:35:00,43.3295822143555,-8.49881458282471,"Unknown"
"6227756",371834,2025-06-20 20:40:09,43.3294792175293,-8.49901485443115,"Unknown"
"6227756",371834,2025-06-20 20:45:04,43.3294525146484,-8.49900722503662,"Unknown"
"6227756",371834,2025-06-20 20:50:03,43.3293228149414,-8.49973011016846,"Unknown"
"6227756",371834,2025-06-20 20:55:03,43.3289833068848,-8.50144100189209,"Unknown"
"6227756",371834,2025-06-20 21:00:04,43.3295402526855,-8.4988956451416,"Unknown"
"6227756",371834,2025-06-20 21:05:06,43.3295516967773,-8.49894237518311,"Unknown"
"6227756",371834,2025-06-20 21:10:01,43.3293724060059,-8.50002479553223,"Unknown"
"6227756",371834,2025-06-20 21:15:35,43.3295211791992,-8.49899482727051,"Unknown"
"6227756",371834,2025-06-20 21:19:59,43.3295745849609,-8.4991340637207,"Unknown"
"6227756",371834,2025-06-20 21:24:59,43.329460144043,-8.49905681610107,"Unknown"
"6227756",371834,2025-06-20 21:29:59,43.3295936584473,-8.49915790557861,"Unknown"
"6227756",371834,2025-06-20 21:34:59,43.3295364379883,-8.49901008605957,"Unknown"
"6227756",371834,2025-06-20 21:39:59,43.3294944763184,-8.4989595413208,"Unknown"
"6227756",371834,2025-06-20 21:44:59,43.3296051025391,-8.49912929534912,"Unknown"
"6227756",371834,2025-06-20 21:49:59,43.3294982910156,-8.49894332885742,"Unknown"
"6227756",371834,2025-06-20 21:54:59,43.3295402526855,-8.49897956848145,"Unknown"
"6227756",371834,2025-06-20 22:00:00,43.329532623291,-8.49905776977539,"Unknown"
"6227756",371834,2025-06-20 22:05:00,43.3294677734375,-8.49906635284424,"Unknown"
"6227756",371834,2025-06-20 22:10:00,43.3295021057129,-8.49903583526611,"Unknown"
"6227756",371834,2025-06-20 22:14:59,43.3294677734375,-8.49923610687256,"Unknown"
"6227756",371834,2025-06-20 22:19:59,43.3294258117676,-8.49908351898193,"Unknown"
"6227756",371834,2025-06-20 22:24:59,43.3293724060059,-8.4990177154541,"Unknown"
"6227756",371834,2025-06-20 22:29:59,43.3294982910156,-8.49903392791748,"Unknown"
"6227756",371834,2025-06-20 22:34:59,43.3294296264648,-8.49898624420166,"Unknown"
"6227756",371834,2025-06-20 22:40:00,43.3294143676758,-8.49899768829346,"Unknown"
"6227756",371834,2025-06-20 22:44:59,43.3295021057129,-8.49901962280273,"Unknown"
"6227756",371834,2025-06-20 22:49:59,43.329517364502,-8.49894237518311,"Unknown"
"6227756",371834,2025-06-20 22:55:01,43.3294715881348,-8.4990291595459,"Unknown"
"6227756",371834,2025-06-20 23:00:01,43.3295936584473,-8.49904441833496,"Unknown"
"6227756",371834,2025-06-20 23:05:03,43.3294410705566,-8.49901294708252,"Unknown"
"6227756",371834,2025-06-20 23:10:03,43.329418182373,-8.49901294708252,"Unknown"
"6227756",371834,2025-06-20 23:15:14,43.3294448852539,-8.49899768829346,"Unknown"
"6227756",371834,2025-06-20 23:19:59,43.329517364502,-8.49898719787598,"Unknown"
"6227756",371834,2025-06-20 23:24:59,43.3294944763184,-8.4990406036377,"Unknown"
"6227756",371834,2025-06-20 23:29:59,43.3295059204102,-8.49901390075684,"Unknown"
"6227756",371834,2025-06-20 23:34:59,43.3294448852539,-8.498948097229,"Unknown"
"6227756",371834,2025-06-20 23:39:59,43.3294563293457,-8.49894714355469,"Unknown"
"6227756",371834,2025-06-20 23:44:59,43.3294677734375,-8.4990234375,"Unknown"
"6227756",371834,2025-06-20 23:50:02,43.3295707702637,-8.49900054931641,"Unknown"
"6227756",371834,2025-06-20 23:55:10,43.3294639587402,-8.49901962280273,"Unknown"
"6227756",371834,2025-06-21,43.3294334411621,-8.49903869628906,"Unknown"
"6227756",371834,2025-06-21 00:04:59,43.329475402832,-8.49902248382568,"Unknown"
"6227756",371834,2025-06-21 00:10:02,43.3295631408691,-8.49904537200928,"Unknown"
"6227756",371834,2025-06-21 00:15:02,43.3293571472168,-8.49904155731201,"Unknown"
"6227756",371834,2025-06-21 00:20:06,43.3293533325195,-8.49901103973389,"Unknown"
"6227756",371834,2025-06-21 00:25:04,43.3293876647949,-8.49899005889893,"Unknown"
"6227756",371834,2025-06-21 00:30:35,43.3294906616211,-8.49894332885742,"Unknown"
"6227756",371834,2025-06-21 00:34:59,43.3295745849609,-8.4989767074585,"Unknown"
"6227756",371834,2025-06-21 00:39:59,43.3295364379883,-8.49896144866943,"Unknown"
"6227756",371834,2025-06-21 00:44:59,43.3295211791992,-8.49900436401367,"Unknown"
"6227756",371834,2025-06-21 00:50:00,43.3295822143555,-8.49903392791748,"Unknown"
"6227756",371834,2025-06-21 00:55:00,43.3295936584473,-8.49906921386719,"Unknown"
"6227756",371834,2025-06-21 00:59:59,43.3295593261719,-8.49910354614258,"Unknown"
"6227756",371834,2025-06-21 01:05:02,43.3295555114746,-8.49899768829346,"Unknown"
"6227756",371834,2025-06-21 01:10:06,43.3294944763184,-8.49899005889893,"Unknown"
"6227756",371834,2025-06-21 01:15:02,43.3294830322266,-8.49887084960938,"Unknown"
"6227756",371834,2025-06-21 01:20:08,43.3295555114746,-8.49889850616455,"Unknown"
"6227756",371834,2025-06-21 01:25:02,43.329475402832,-8.49906063079834,"Unknown"
"6227756",371834,2025-06-21 01:30:12,43.3296241760254,-8.49893665313721,"Unknown"
"6227756",371834,2025-06-21 01:34:59,43.3296165466309,-8.4989595413208,"Unknown"
"6227756",371834,2025-06-21 01:39:59,43.3294792175293,-8.49900436401367,"Unknown"
"6227756",371834,2025-06-21 01:45:00,43.3299217224121,-8.49890995025635,"Unknown"
"6227756",371834,2025-06-21 01:49:59,43.3295402526855,-8.49904632568359,"Unknown"
"6227756",371834,2025-06-21 01:55:01,43.3296279907227,-8.49900150299072,"Unknown"
"6227756",371834,2025-06-21 02:00:03,43.3295669555664,-8.49901008605957,"Unknown"
"6227756",371834,2025-06-21 02:05:00,43.3296394348145,-8.4990873336792,"Unknown"
"6227756",371834,2025-06-21 02:10:00,43.3297805786133,-8.4990930557251,"Unknown"
"6227756",371834,2025-06-21 02:15:10,43.3295974731445,-8.49903297424316,"Unknown"
"6227756",371834,2025-06-21 02:20:02,43.3296890258789,-8.49900722503662,"Unknown"
"6227756",371834,2025-06-21 02:25:03,43.3295478820801,-8.49898910522461,"Unknown"
"6227756",371834,2025-06-21 02:30:03,43.3297080993652,-8.49909114837646,"Unknown"
"6227756",371834,2025-06-21 02:35:08,43.3295936584473,-8.49903202056885,"Unknown"
"6227756",371834,2025-06-21 02:40:03,43.3295364379883,-8.4990177154541,"Unknown"
"6227756",371834,2025-06-21 02:45:11,43.3295249938965,-8.4989767074585,"Unknown"
"6227756",371834,2025-06-21 02:50:03,43.3295822143555,-8.4990701675415,"Unknown"
"6227756",371834,2025-06-21 02:54:59,43.3296127319336,-8.49908638000488,"Unknown"
"6227756",371834,2025-06-21 03:00:10,43.3294792175293,-8.49897003173828,"Unknown"
"6227756",371834,2025-06-21 03:04:59,43.3294296264648,-8.49889755249023,"Unknown"
"6227756",371834,2025-06-21 03:10:00,43.3295211791992,-8.49898147583008,"Unknown"
"6227756",371834,2025-06-21 03:15:01,43.3293914794922,-8.49886798858643,"Unknown"
"6227756",371834,2025-06-21 03:20:00,43.3293266296387,-8.49886131286621,"Unknown"
"6227756",371834,2025-06-21 03:25:01,43.3294639587402,-8.49894428253174,"Unknown"
"6227756",371834,2025-06-21 03:30:06,43.3293533325195,-8.49882984161377,"Unknown"
"6227756",371834,2025-06-21 03:35:09,43.3294982910156,-8.49895286560059,"Unknown"
"6227756",371834,2025-06-21 03:40:02,43.3293495178223,-8.49887847900391,"Unknown"
"6227756",371834,2025-06-21 03:45:35,43.3295364379883,-8.49905109405518,"Unknown"
"6227756",371834,2025-06-21 03:49:59,43.3293228149414,-8.49885177612305,"Unknown"
"6227756",371834,2025-06-21 03:55:01,43.3292961120605,-8.49879741668701,"Unknown"
"6227756",371834,2025-06-21 04:00:02,43.3290634155273,-8.49857139587402,"Unknown"
"6227756",371834,2025-06-21 04:05:01,43.3295249938965,-8.4990406036377,"Unknown"
"6227756",371834,2025-06-21 04:10:02,43.3296508789062,-8.49926853179932,"Unknown"
"6227756",371834,2025-06-21 04:15:09,43.3296318054199,-8.49901103973389,"Unknown"
"6227756",371834,2025-06-21 04:20:00,43.329517364502,-8.49903774261475,"Unknown"
"6227756",371834,2025-06-21 04:25:09,43.3295364379883,-8.49904823303223,"Unknown"
"6227756",371834,2025-06-21 04:30:11,43.329517364502,-8.4990234375,"Unknown"
"6227756",371834,2025-06-21 04:35:00,43.3296165466309,-8.49930286407471,"Unknown"
"6227756",371834,2025-06-21 04:40:09,43.329475402832,-8.49901580810547,"Unknown"
"6227756",371834,2025-06-21 04:45:00,43.3296318054199,-8.49935245513916,"Unknown"
"6227756",371834,2025-06-21 04:50:09,43.329475402832,-8.49891948699951,"Unknown"
"6227756",371834,2025-06-21 04:55:09,43.329475402832,-8.49897384643555,"Unknown"
"6227756",371834,2025-06-21 05:00:09,43.3293952941895,-8.49873542785645,"Unknown"
"6227756",371834,2025-06-21 05:05:09,43.3294410705566,-8.49890327453613,"Unknown"
"6227756",371834,2025-06-21 05:10:16,43.3292694091797,-8.49830627441406,"Unknown"
"6227756",371834,2025-06-21 05:15:34,43.3294982910156,-8.49900245666504,"Unknown"
"6227756",371834,2025-06-21 05:19:59,43.3295097351074,-8.49901866912842,"Unknown"
"6227756",371834,2025-06-21 05:24:59,43.329517364502,-8.49903202056885,"Unknown"
"6227756",371834,2025-06-21 05:29:59,43.3295059204102,-8.49899864196777,"Unknown"
"6227756",371834,2025-06-21 05:34:59,43.3294868469238,-8.4990348815918,"Unknown"
"6227756",371834,2025-06-21 05:39:59,43.3294906616211,-8.49902248382568,"Unknown"
"6227756",371834,2025-06-21 05:44:59,43.3295021057129,-8.49904537200928,"Unknown"
"6227756",371834,2025-06-21 05:49:59,43.3294906616211,-8.49897766113281,"Unknown"
"6227756",371834,2025-06-21 05:54:59,43.3294944763184,-8.49903678894043,"Unknown"
"6227756",371834,2025-06-21 05:59:59,43.3295478820801,-8.49904918670654,"Unknown"
"6227756",371834,2025-06-21 06:04:59,43.329460144043,-8.49898338317871,"Unknown"
"6227756",371834,2025-06-21 06:09:59,43.3295745849609,-8.49908065795898,"Unknown"
"6227756",371834,2025-06-21 06:15:09,43.3294792175293,-8.49900436401367,"Unknown"
"6227756",371834,2025-06-21 06:19:59,43.3293838500977,-8.49892425537109,"Unknown"
"6227756",371834,2025-06-21 06:25:09,43.3294906616211,-8.4989652633667,"Unknown"
"6227756",371834,2025-06-21 06:30:01,43.3296699523926,-8.49915981292725,"Unknown"
"6227756",371834,2025-06-21 06:35:12,43.3295364379883,-8.49902057647705,"Unknown"
"6227756",371834,2025-06-21 06:39:59,43.329517364502,-8.49903202056885,"Unknown"
"6227756",371834,2025-06-21 06:44:59,43.329517364502,-8.49907970428467,"Unknown"
"6227756",371834,2025-06-21 06:49:59,43.3293724060059,-8.49887561798096,"Unknown"
"6227756",371834,2025-06-21 06:54:59,43.3293609619141,-8.49885082244873,"Unknown"
"6227756",371834,2025-06-21 07:00:01,43.3292961120605,-8.49867248535156,"Unknown"
"6227756",371834,2025-06-21 07:05:35,43.3294677734375,-8.49901294708252,"Unknown"
"6227756",371834,2025-06-21 07:09:59,43.3294639587402,-8.49900722503662,"Unknown"
"6227756",371834,2025-06-21 07:14:59,43.3295288085938,-8.49897384643555,"Unknown"
"6227756",371834,2025-06-21 07:19:59,43.3294448852539,-8.49901485443115,"Unknown"
"6227756",371834,2025-06-21 07:24:59,43.3294868469238,-8.49898624420166,"Unknown"
"6227756",371834,2025-06-21 07:29:59,43.329517364502,-8.4989767074585,"Unknown"
"6227756",371834,2025-06-21 07:34:59,43.3294296264648,-8.49901008605957,"Unknown"
"6227756",371834,2025-06-21 07:39:59,43.3295021057129,-8.49899864196777,"Unknown"
"6227756",371834,2025-06-21 07:44:59,43.3293838500977,-8.4990119934082,"Unknown"
"6227756",371834,2025-06-21 07:49:59,43.3294906616211,-8.49901008605957,"Unknown"
"6227756",371834,2025-06-21 07:54:59,43.3294830322266,-8.49896812438965,"Unknown"
"6227756",371834,2025-06-21 07:59:59,43.3294868469238,-8.49898052215576,"Unknown"
"6227756",371834,2025-06-21 08:04:59,43.3294906616211,-8.4989652633667,"Unknown"
"6227756",371834,2025-06-21 08:09:59,43.3295021057129,-8.49894714355469,"Unknown"
"6227756",371834,2025-06-21 08:14:59,43.3295059204102,-8.49896907806396,"Unknown"
"6227756",371834,2025-06-21 08:19:59,43.3294982910156,-8.49896717071533,"Unknown"
"6227756",371834,2025-06-21 08:24:59,43.3295364379883,-8.49894428253174,"Unknown"
"6227756",371834,2025-06-21 08:29:59,43.329532623291,-8.49897289276123,"Unknown"
"6227756",371834,2025-06-21 08:34:59,43.3294830322266,-8.49897861480713,"Unknown"
"6227756",371834,2025-06-21 08:39:59,43.3295555114746,-8.49889945983887,"Unknown"
"6227756",371834,2025-06-21 08:44:59,43.329532623291,-8.49900817871094,"Unknown"
"6227756",371834,2025-06-21 08:49:59,43.329460144043,-8.4990119934082,"Unknown"
"6227756",371834,2025-06-21 08:54:59,43.3295135498047,-8.49901008605957,"Unknown"
"6227756",371834,2025-06-21 08:59:59,43.3294830322266,-8.49899291992188,"Unknown"
"6227756",371834,2025-06-21 09:04:59,43.329517364502,-8.49890804290771,"Unknown"
"6227756",371834,2025-06-21 09:10:00,43.3296394348145,-8.49896907806396,"Unknown"
"6227756",371834,2025-06-21 09:14:59,43.3295745849609,-8.49887752532959,"Unknown"
"6227756",371834,2025-06-21 09:20:00,43.3295516967773,-8.49897480010986,"Unknown"
"6227756",371834,2025-06-21 09:25:00,43.3297119140625,-8.49913024902344,"Unknown"
"6227756",371834,2025-06-21 09:30:04,43.3294982910156,-8.49901008605957,"Unknown"
"6227756",371834,2025-06-21 09:35:02,43.3294143676758,-8.49888324737549,"Unknown"
"6227756",371834,2025-06-21 09:40:14,43.3294944763184,-8.4989767074585,"Unknown"
"6227756",371834,2025-06-21 09:45:01,43.3294944763184,-8.49891567230225,"Unknown"
"6227756",371834,2025-06-21 09:50:03,43.3294639587402,-8.49893665313721,"Unknown"
"6227756",371834,2025-06-21 09:55:09,43.3294563293457,-8.4990119934082,"Unknown"
"6227756",371834,2025-06-21 09:59:59,43.3294448852539,-8.49875259399414,"Unknown"
"6227756",371834,2025-06-21 10:04:59,43.3294944763184,-8.49902629852295,"Unknown"
"6227756",371834,2025-06-21 10:10:00,43.3294868469238,-8.4989128112793,"Unknown"
"6227756",371834,2025-06-21 10:14:59,43.3294296264648,-8.49901390075684,"Unknown"
"6227756",371834,2025-06-21 10:19:59,43.3294792175293,-8.49889087677002,"Unknown"
"6227756",371834,2025-06-21 10:24:59,43.3294563293457,-8.49909591674805,"Unknown"
"6227756",371834,2025-06-21 10:30:00,43.3294830322266,-8.49895763397217,"Unknown"
"6227756",371834,2025-06-21 10:35:15,43.3294906616211,-8.49904823303223,"Unknown"
"6227756",371834,2025-06-21 10:39:59,43.3294448852539,-8.49890041351318,"Unknown"
"6227756",371834,2025-06-21 10:45:03,43.3294486999512,-8.49895286560059,"Unknown"
"6227756",371834,2025-06-21 10:50:00,43.3294486999512,-8.49903583526611,"Unknown"
"6227756",371834,2025-06-21 10:55:02,43.3294372558594,-8.49897193908691,"Unknown"
"6227756",371834,2025-06-21 11:00:02,43.3294143676758,-8.4990930557251,"Unknown"
"6227756",371834,2025-06-21 11:05:15,43.3294067382812,-8.49961948394775,"Unknown"
"6227756",371834,2025-06-21 11:10:20,43.3293800354004,-8.49924087524414,"Unknown"
"6227756",371834,2025-06-21 11:15:33,43.329418182373,-8.4990406036377,"Unknown"
"6227756",371834,2025-06-21 11:19:59,43.3294448852539,-8.49899005889893,"Unknown"
"6227756",371834,2025-06-21 11:24:59,43.3294563293457,-8.49908924102783,"Unknown"
"6227756",371834,2025-06-21 11:29:59,43.3294906616211,-8.49902534484863,"Unknown"
"6227756",371834,2025-06-21 11:34:59,43.329460144043,-8.49908542633057,"Unknown"
"6227756",371834,2025-06-21 11:39:59,43.3294563293457,-8.49896240234375,"Unknown"
"6227756",371834,2025-06-21 11:44:59,43.3295211791992,-8.4989709854126,"Unknown"
"6227756",371834,2025-06-21 11:49:59,43.3295021057129,-8.49899196624756,"Unknown"
"6227756",371834,2025-06-21 11:54:59,43.3294715881348,-8.49895191192627,"Unknown"
"6227756",371834,2025-06-21 11:59:59,43.3294563293457,-8.49901866912842,"Unknown"
"6227756",371834,2025-06-21 12:04:59,43.3295211791992,-8.49895858764648,"Unknown"
"6227756",371834,2025-06-21 12:09:59,43.3295021057129,-8.49899291992188,"Unknown"
"6227756",371834,2025-06-21 12:15:00,43.3295288085938,-8.49898529052734,"Unknown"
"6227756",371834,2025-06-21 12:20:10,43.3295211791992,-8.49895668029785,"Unknown"
"6227756",371834,2025-06-21 12:24:59,43.329460144043,-8.49898815155029,"Unknown"
"6227756",371834,2025-06-21 12:30:00,43.3294792175293,-8.49897861480713,"Unknown"
"6227756",371834,2025-06-21 12:34:59,43.3295059204102,-8.49903106689453,"Unknown"
"6227756",371834,2025-06-21 12:39:59,43.329402923584,-8.49897193908691,"Unknown"
"6227756",371834,2025-06-21 12:44:59,43.3293113708496,-8.49897193908691,"Unknown"
"6227756",371834,2025-06-21 12:50:12,43.3294448852539,-8.49897575378418,"Unknown"
"6227756",371834,2025-06-21 12:55:15,43.3294830322266,-8.49895858764648,"Unknown"
"6227756",371834,2025-06-21 13:00:00,43.3294486999512,-8.49895572662354,"Unknown"
"6227756",371834,2025-06-21 13:04:59,43.3294525146484,-8.49895763397217,"Unknown"
"6227756",371834,2025-06-21 13:10:01,43.3293800354004,-8.49898624420166,"Unknown"
"6227756",371834,2025-06-21 13:15:00,43.3293952941895,-8.49905776977539,"Unknown"
"6227756",371834,2025-06-21 13:20:03,43.329273223877,-8.49905586242676,"Unknown"
"6227756",371834,2025-06-21 13:25:01,43.3293762207031,-8.49904346466064,"Unknown"
"6227756",371834,2025-06-21 13:29:59,43.3294448852539,-8.4990348815918,"Unknown"
"6227756",371834,2025-06-21 13:34:59,43.3292961120605,-8.4990701675415,"Unknown"
"6227756",371834,2025-06-21 13:39:59,43.3293418884277,-8.49899673461914,"Unknown"
"6227756",371834,2025-06-21 13:44:59,43.3294067382812,-8.49892997741699,"Unknown"
"6227756",371834,2025-06-21 13:49:59,43.3294906616211,-8.49897384643555,"Unknown"
"6227756",371834,2025-06-21 13:54:59,43.329460144043,-8.49894714355469,"Unknown"
"6227756",371834,2025-06-21 13:59:59,43.3294334411621,-8.49893665313721,"Unknown"
"6227756",371834,2025-06-21 14:05:00,43.3294563293457,-8.49901962280273,"Unknown"
"6227756",371834,2025-06-21 14:10:12,43.3294792175293,-8.49899673461914,"Unknown"
"6227756",371834,2025-06-21 14:14:59,43.3293991088867,-8.4990119934082,"Unknown"
"6227756",371834,2025-06-21 14:19:59,43.3294944763184,-8.49913024902344,"Unknown"
"6227756",371834,2025-06-21 14:25:00,43.3294982910156,-8.49912452697754,"Unknown"
"6227756",371834,2025-06-21 14:30:04,43.3294525146484,-8.49900245666504,"Unknown"
"6227756",371834,2025-06-21 14:35:09,43.329517364502,-8.49910354614258,"Unknown"
"6227756",371834,2025-06-21 14:40:02,43.3295402526855,-8.49913215637207,"Unknown"
"6227756",371834,2025-06-21 14:45:12,43.3295555114746,-8.49904823303223,"Unknown"
"6227756",371834,2025-06-21 14:50:00,43.3296966552734,-8.49954509735107,"Unknown"
"6227756",371834,2025-06-21 14:55:00,43.3296012878418,-8.49918460845947,"Unknown"
"6227756",371834,2025-06-21 15:00:00,43.3298797607422,-8.49955081939697,"Unknown"
"6227756",371834,2025-06-21 15:05:01,43.3303451538086,-8.50014686584473,"Unknown"
"6227756",371834,2025-06-21 15:10:07,43.329532623291,-8.49897575378418,"Unknown"
"6227756",371834,2025-06-21 15:15:09,43.3295516967773,-8.49887466430664,"Unknown"
"6227756",371834,2025-06-21 15:20:10,43.3293838500977,-8.49859619140625,"Unknown"
"6227756",371834,2025-06-21 15:25:09,43.3294334411621,-8.49897289276123,"Unknown"
"6227756",371834,2025-06-21 15:30:09,43.3293876647949,-8.49896621704102,"Unknown"
"6227756",371834,2025-06-21 15:35:09,43.3292198181152,-8.49882984161377,"Unknown"
"6227756",371834,2025-06-21 15:40:09,43.3293800354004,-8.49896907806396,"Unknown"
"6227756",371834,2025-06-21 15:45:15,43.3295097351074,-8.49885940551758,"Unknown"
"6227756",371834,2025-06-21 15:50:01,43.3293228149414,-8.4989185333252,"Unknown"
"6227756",371834,2025-06-21 15:55:02,43.3292655944824,-8.49898529052734,"Unknown"
"6227756",371834,2025-06-21 16:00:02,43.3293113708496,-8.49900150299072,"Unknown"
"6227756",371834,2025-06-21 16:05:06,43.329532623291,-8.49886703491211,"Unknown"
"6227756",371834,2025-06-21 16:10:03,43.3292083740234,-8.49879550933838,"Unknown"
"6227756",371834,2025-06-21 16:15:08,43.3293838500977,-8.49879550933838,"Unknown"
"6227756",371834,2025-06-21 16:20:07,43.3293495178223,-8.4988374710083,"Unknown"
"6227756",371834,2025-06-21 16:25:04,43.3293838500977,-8.49885368347168,"Unknown"
"6227756",371834,2025-06-21 16:30:00,43.3293190002441,-8.49865818023682,"Unknown"
"6227756",371834,2025-06-21 16:35:15,43.3294525146484,-8.49888038635254,"Unknown"
"6227756",371834,2025-06-21 16:40:00,43.3293647766113,-8.49882888793945,"Unknown"
"6227756",371834,2025-06-21 16:45:03,43.3293762207031,-8.49883079528809,"Unknown"
"6227756",371834,2025-06-21 16:50:03,43.3294372558594,-8.49889373779297,"Unknown"
"6227756",371834,2025-06-21 16:54:59,43.3294639587402,-8.49903202056885,"Unknown"
"6227756",371834,2025-06-21 17:00:02,43.3296737670898,-8.49913024902344,"Unknown"
"6227756",371834,2025-06-21 17:05:04,43.3293075561523,-8.49880886077881,"Unknown"
"6227756",371834,2025-06-21 17:10:02,43.3295097351074,-8.49891185760498,"Unknown"
"6227756",371834,2025-06-21 17:14:59,43.3293304443359,-8.49871063232422,"Unknown"
"6227756",371834,2025-06-21 17:20:00,43.3292999267578,-8.49876022338867,"Unknown"
"6227756",371834,2025-06-21 17:25:03,43.3294486999512,-8.4988260269165,"Unknown"
"6227756",371834,2025-06-21 17:30:12,43.3293609619141,-8.49884128570557,"Unknown"
"6227756",371834,2025-06-21 17:34:59,43.3295059204102,-8.4990177154541,"Unknown"
"6227756",371834,2025-06-21 17:39:59,43.3297309875488,-8.49934959411621,"Unknown"
"6227756",371834,2025-06-21 17:45:00,43.3292427062988,-8.49854373931885,"Unknown"
"6227756",371834,2025-06-21 17:50:02,43.3295211791992,-8.49901962280273,"Unknown"
"6227756",371834,2025-06-21 17:55:02,43.3294296264648,-8.4988431930542,"Unknown"
"6227756",371834,2025-06-21 18:00:00,43.3293914794922,-8.49867343902588,"Unknown"
"6227756",371834,2025-06-21 18:05:01,43.3294715881348,-8.49884128570557,"Unknown"
"6227756",371834,2025-06-21 18:10:02,43.329402923584,-8.49878883361816,"Unknown"
"6227756",371834,2025-06-21 18:15:11,43.3293914794922,-8.49878692626953,"Unknown"
"6227756",371834,2025-06-21 18:20:35,43.3294143676758,-8.49900531768799,"Unknown"
"6227756",371834,2025-06-21 18:24:59,43.3294792175293,-8.49902248382568,"Unknown"
"6227756",371834,2025-06-21 18:29:59,43.3294448852539,-8.49897384643555,"Unknown"
"6227756",371834,2025-06-21 18:34:59,43.3294448852539,-8.49892902374268,"Unknown"
"6227756",371834,2025-06-21 18:39:59,43.3294715881348,-8.49894142150879,"Unknown"
"6227756",371834,2025-06-21 18:44:59,43.3295021057129,-8.49903774261475,"Unknown"
"6227756",371834,2025-06-21 18:49:59,43.3295211791992,-8.49902629852295,"Unknown"
"6227756",371834,2025-06-21 18:54:59,43.3295364379883,-8.4990701675415,"Unknown"
"6227756",371834,2025-06-21 18:59:59,43.3294219970703,-8.49899482727051,"Unknown"
"6227756",371834,2025-06-21 19:04:59,43.32958984375,-8.49911212921143,"Unknown"
"6227756",371834,2025-06-21 19:10:00,43.32958984375,-8.49918842315674,"Unknown"
"6227756",371834,2025-06-21 19:15:00,43.329704284668,-8.49939155578613,"Unknown"
"6227756",371834,2025-06-21 19:20:03,43.3296356201172,-8.49927425384521,"Unknown"
"6227756",371834,2025-06-21 19:25:03,43.3296928405762,-8.49941349029541,"Unknown"
"6227756",371834,2025-06-21 19:30:09,43.3294830322266,-8.49901580810547,"Unknown"
"6227756",371834,2025-06-21 19:35:00,43.3295402526855,-8.49922180175781,"Unknown"
"6227756",371834,2025-06-21 19:40:09,43.3295059204102,-8.4990758895874,"Unknown"
"6227756",371834,2025-06-21 19:45:00,43.3294982910156,-8.49906349182129,"Unknown"
"6227756",371834,2025-06-21 19:50:09,43.329475402832,-8.49906539916992,"Unknown"
"6227756",371834,2025-06-21 19:55:01,43.3297080993652,-8.49957180023193,"Unknown"
"6227756",371834,2025-06-21 20:00:09,43.3294830322266,-8.4990348815918,"Unknown"
"6227756",371834,2025-06-21 20:05:03,43.3295707702637,-8.49932765960693,"Unknown"
"6227756",371834,2025-06-21 20:10:09,43.3294982910156,-8.49911403656006,"Unknown"
"6227756",371834,2025-06-21 20:15:03,43.330078125,-8.50057125091553,"Unknown"
"6227756",371834,2025-06-21 20:20:14,43.3294906616211,-8.49905872344971,"Unknown"
"6227756",371834,2025-06-21 20:24:59,43.3295211791992,-8.49914360046387,"Unknown"
"6227756",371834,2025-06-21 20:29:59,43.3295440673828,-8.49916553497314,"Unknown"
"6227756",371834,2025-06-21 20:35:00,43.3295288085938,-8.49917697906494,"Unknown"
"6227756",371834,2025-06-21 20:40:00,43.3295593261719,-8.49918079376221,"Unknown"
"6227756",371834,2025-06-21 20:44:59,43.3295555114746,-8.49917411804199,"Unknown"
"6227756",371834,2025-06-21 20:50:14,43.3294944763184,-8.49908447265625,"Unknown"
"6227756",371834,2025-06-21 20:54:59,43.3295478820801,-8.49909591674805,"Unknown"
"6227756",371834,2025-06-21 21:00:03,43.3295211791992,-8.49907970428467,"Unknown"
"6227756",371834,2025-06-21 21:05:02,43.3294830322266,-8.49903011322021,"Unknown"
"6227756",371834,2025-06-21 21:09:59,43.3295097351074,-8.49901580810547,"Unknown"
"6227756",371834,2025-06-21 21:15:19,43.3295288085938,-8.4990873336792,"Unknown"
"6227756",371834,2025-06-21 21:20:35,43.3294792175293,-8.49900436401367,"Unknown"
"6227756",371834,2025-06-21 21:24:59,43.3295288085938,-8.49906539916992,"Unknown"
"6227756",371834,2025-06-21 21:29:59,43.3295021057129,-8.49904155731201,"Unknown"
"6227756",371834,2025-06-21 21:34:59,43.3294448852539,-8.49896144866943,"Unknown"
"6227756",371834,2025-06-21 21:39:59,43.3294982910156,-8.49899673461914,"Unknown"
"6227756",371834,2025-06-21 21:44:59,43.329475402832,-8.49893474578857,"Unknown"
"6227756",371834,2025-06-21 21:49:59,43.3294677734375,-8.49893188476562,"Unknown"
"6227756",371834,2025-06-21 21:54:59,43.3294372558594,-8.4989128112793,"Unknown"
"6227756",371834,2025-06-21 21:59:59,43.3294677734375,-8.49898815155029,"Unknown"
"6227756",371834,2025-06-21 22:04:59,43.3295364379883,-8.49914741516113,"Unknown"
"6227756",371834,2025-06-21 22:10:00,43.3295097351074,-8.49900913238525,"Unknown"
"6227756",371834,2025-06-21 22:14:59,43.3294639587402,-8.49904632568359,"Unknown"
"6227756",371834,2025-06-21 22:19:59,43.3295631408691,-8.49913597106934,"Unknown"
"6227756",371834,2025-06-21 22:24:59,43.3295555114746,-8.49918556213379,"Unknown"
"6227756",371834,2025-06-21 22:29:59,43.3294715881348,-8.49904346466064,"Unknown"
"6227756",371834,2025-06-21 22:34:59,43.3295021057129,-8.49904251098633,"Unknown"
"6227756",371834,2025-06-21 22:39:59,43.3295211791992,-8.49903297424316,"Unknown"
"6227756",371834,2025-06-21 22:44:59,43.3294486999512,-8.498948097229,"Unknown"
"6227756",371834,2025-06-21 22:49:59,43.3295364379883,-8.49906444549561,"Unknown"
"6227756",371834,2025-06-21 22:54:59,43.3295288085938,-8.4990119934082,"Unknown"
"6227756",371834,2025-06-21 22:59:59,43.3294410705566,-8.49894905090332,"Unknown"
"6227756",371834,2025-06-21 23:04:59,43.3295593261719,-8.49909019470215,"Unknown"
"6227756",371834,2025-06-21 23:09:59,43.3295860290527,-8.4990930557251,"Unknown"
"6227756",371834,2025-06-21 23:14:59,43.3295555114746,-8.49905681610107,"Unknown"
"6227756",371834,2025-06-21 23:19:59,43.3296318054199,-8.49910163879395,"Unknown"
"6227756",371834,2025-06-21 23:24:59,43.32958984375,-8.49913883209229,"Unknown"
"6227756",371834,2025-06-21 23:29:59,43.3296012878418,-8.49909210205078,"Unknown"
"6227756",371834,2025-06-21 23:35:00,43.329647064209,-8.49914169311523,"Unknown"
"6227756",371834,2025-06-21 23:40:00,43.3295860290527,-8.49911975860596,"Unknown"
"6227756",371834,2025-06-21 23:45:03,43.3296813964844,-8.4991455078125,"Unknown"
"6227756",371834,2025-06-21 23:50:14,43.3294410705566,-8.49900436401367,"Unknown"
"6227756",371834,2025-06-21 23:55:03,43.3295288085938,-8.49905490875244,"Unknown"
"6227756",371834,2025-06-22 00:00:31,43.3294677734375,-8.49898242950439,"Unknown"
"6227756",371834,2025-06-22 00:04:59,43.3294944763184,-8.49897003173828,"Unknown"
"6227756",371834,2025-06-22 00:09:59,43.3295059204102,-8.49895477294922,"Unknown"
"6227756",371834,2025-06-22 00:14:59,43.3295135498047,-8.49896335601807,"Unknown"
"6227756",371834,2025-06-22 00:19:59,43.3295249938965,-8.49898052215576,"Unknown"
"6227756",371834,2025-06-22 00:24:59,43.3294830322266,-8.49896907806396,"Unknown"
"6227756",371834,2025-06-22 00:29:59,43.3295097351074,-8.49899673461914,"Unknown"
"6227756",371834,2025-06-22 00:34:59,43.3295135498047,-8.49894714355469,"Unknown"
"6227756",371834,2025-06-22 00:39:59,43.3295097351074,-8.49905872344971,"Unknown"
"6227756",371834,2025-06-22 00:45:01,43.3295402526855,-8.49894714355469,"Unknown"
"6227756",371834,2025-06-22 00:49:59,43.3294944763184,-8.49898338317871,"Unknown"
"6227756",371834,2025-06-22 00:55:00,43.3295097351074,-8.49886131286621,"Unknown"
"6227756",371834,2025-06-22 01:00:02,43.3294830322266,-8.49897289276123,"Unknown"
"6227756",371834,2025-06-22 01:05:02,43.3296279907227,-8.49910354614258,"Unknown"
"6227756",371834,2025-06-22 01:10:03,43.3324279785156,-8.5019063949585,"Unknown"
"6227756",371834,2025-06-22 01:15:03,43.3293075561523,-8.49881553649902,"Unknown"
"6227756",371834,2025-06-22 01:20:07,43.3293914794922,-8.49905490875244,"Unknown"
"6227756",371834,2025-06-22 01:25:42,43.3294219970703,-8.49891185760498,"Unknown"
"6227756",371834,2025-06-22 01:29:59,43.3294372558594,-8.49900817871094,"Unknown"
"6227756",371834,2025-06-22 01:34:59,43.3296966552734,-8.49892902374268,"Unknown"
"6227756",371834,2025-06-22 01:39:59,43.3295288085938,-8.49899959564209,"Unknown"
"6227756",371834,2025-06-22 01:44:59,43.3296051025391,-8.49897289276123,"Unknown"
"6227756",371834,2025-06-22 01:49:59,43.3296012878418,-8.49899768829346,"Unknown"
"6227756",371834,2025-06-22 01:55:00,43.3296203613281,-8.49899673461914,"Unknown"
"6227756",371834,2025-06-22 02:00:35,43.3295211791992,-8.49897384643555,"Unknown"
"6227756",371834,2025-06-22 02:04:59,43.3295059204102,-8.49897766113281,"Unknown"
"6227756",371834,2025-06-22 02:09:59,43.3295135498047,-8.49893474578857,"Unknown"
"6227756",371834,2025-06-22 02:14:59,43.3295021057129,-8.49900245666504,"Unknown"
"6227756",371834,2025-06-22 02:19:59,43.3294830322266,-8.49894905090332,"Unknown"
"6227756",371834,2025-06-22 02:24:59,43.3295364379883,-8.49894618988037,"Unknown"
"6227756",371834,2025-06-22 02:29:59,43.3295249938965,-8.49901485443115,"Unknown"
"6227756",371834,2025-06-22 02:34:59,43.3294715881348,-8.49895763397217,"Unknown"
"6227756",371834,2025-06-22 02:39:59,43.3294944763184,-8.49897193908691,"Unknown"
"6227756",371834,2025-06-22 02:44:59,43.3294830322266,-8.49897575378418,"Unknown"
"6227756",371834,2025-06-22 02:49:59,43.3295059204102,-8.49898719787598,"Unknown"
"6227756",371834,2025-06-22 02:54:59,43.3294677734375,-8.49902248382568,"Unknown"
"6227756",371834,2025-06-22 02:59:59,43.3294448852539,-8.49892616271973,"Unknown"
"6227756",371834,2025-06-22 03:05:13,43.3294868469238,-8.49899291992188,"Unknown"
"6227756",371834,2025-06-22 03:09:59,43.3295211791992,-8.49894237518311,"Unknown"
"6227756",371834,2025-06-22 03:14:59,43.3295249938965,-8.49896240234375,"Unknown"
"6227756",371834,2025-06-22 03:19:59,43.3294563293457,-8.49900341033936,"Unknown"
"6227756",371834,2025-06-22 03:24:59,43.3295631408691,-8.49900245666504,"Unknown"
"6227756",371834,2025-06-22 03:29:59,43.3296089172363,-8.49900722503662,"Unknown"
"6227756",371834,2025-06-22 03:34:59,43.3295440673828,-8.49902534484863,"Unknown"
"6227756",371834,2025-06-22 03:39:59,43.3295631408691,-8.49901294708252,"Unknown"
"6227756",371834,2025-06-22 03:44:59,43.3295440673828,-8.49905586242676,"Unknown"
"6227756",371834,2025-06-22 03:50:03,43.329662322998,-8.49910736083984,"Unknown"
"6227756",371834,2025-06-22 03:55:05,43.3296051025391,-8.49915218353271,"Unknown"
"6227756",371834,2025-06-22 04:00:14,43.32958984375,-8.49908638000488,"Unknown"
"6227756",371834,2025-06-22 04:05:01,43.3293571472168,-8.49876594543457,"Unknown"
"6227756",371834,2025-06-22 04:10:01,43.3294982910156,-8.49901390075684,"Unknown"
"6227756",371834,2025-06-22 04:15:08,43.3295822143555,-8.49900341033936,"Unknown"
"6227756",371834,2025-06-22 04:20:03,43.3295555114746,-8.49900817871094,"Unknown"
"6227756",371834,2025-06-22 04:25:00,43.3295059204102,-8.49900054931641,"Unknown"
"6227756",371834,2025-06-22 04:29:59,43.329719543457,-8.49963092803955,"Unknown"
"6227756",371834,2025-06-22 04:35:08,43.3295783996582,-8.49911117553711,"Unknown"
"6227756",371834,2025-06-22 04:40:08,43.3295097351074,-8.49906444549561,"Unknown"
"6227756",371834,2025-06-22 04:45:00,43.3295402526855,-8.49911689758301,"Unknown"
"6227756",371834,2025-06-22 04:50:14,43.3294563293457,-8.4991512298584,"Unknown"
"6227756",371834,2025-06-22 04:54:59,43.3294448852539,-8.49894523620605,"Unknown"
"6227756",371834,2025-06-22 05:00:00,43.3294868469238,-8.4989538192749,"Unknown"
"6227756",371834,2025-06-22 05:04:59,43.3295021057129,-8.49890613555908,"Unknown"
"6227756",371834,2025-06-22 05:09:59,43.3295288085938,-8.49905586242676,"Unknown"
"6227756",371834,2025-06-22 05:14:59,43.3294830322266,-8.49892330169678,"Unknown"
"6227756",371834,2025-06-22 05:19:59,43.3295516967773,-8.4990873336792,"Unknown"
"6227756",371834,2025-06-22 05:25:00,43.329460144043,-8.49885177612305,"Unknown"
"6227756",371834,2025-06-22 05:30:02,43.3294906616211,-8.49897766113281,"Unknown"
"6227756",371834,2025-06-22 05:35:06,43.329532623291,-8.49902248382568,"Unknown"
"6227756",371834,2025-06-22 05:40:35,43.329460144043,-8.49895286560059,"Unknown"
"6227756",371834,2025-06-22 05:44:59,43.3295135498047,-8.49902153015137,"Unknown"
"6227756",371834,2025-06-22 05:49:59,43.3294830322266,-8.4990177154541,"Unknown"
"6227756",371834,2025-06-22 05:54:59,43.3295593261719,-8.49904346466064,"Unknown"
"6227756",371834,2025-06-22 05:59:59,43.3295135498047,-8.49904441833496,"Unknown"
"6227756",371834,2025-06-22 06:04:59,43.3294715881348,-8.49901580810547,"Unknown"
"6227756",371834,2025-06-22 06:09:59,43.329517364502,-8.4990291595459,"Unknown"
"6227756",371834,2025-06-22 06:14:59,43.3293800354004,-8.49874019622803,"Unknown"
"6227756",371834,2025-06-22 06:19:59,43.3294677734375,-8.49895858764648,"Unknown"
"6227756",371834,2025-06-22 06:24:59,43.3294830322266,-8.49890804290771,"Unknown"
"6227756",371834,2025-06-22 06:29:59,43.3295288085938,-8.49903678894043,"Unknown"
"6227756",371834,2025-06-22 06:35:08,43.3294639587402,-8.49896049499512,"Unknown"
"6227756",371834,2025-06-22 06:40:06,43.3294448852539,-8.49895191192627,"Unknown"
"6227756",371834,2025-06-22 06:45:03,43.3294830322266,-8.49894618988037,"Unknown"
"6227756",371834,2025-06-22 06:50:01,43.3293647766113,-8.49882125854492,"Unknown"
"6227756",371834,2025-06-22 06:55:08,43.3294143676758,-8.49889659881592,"Unknown"
"6227756",371834,2025-06-22 07:00:14,43.3295059204102,-8.49895191192627,"Unknown"
"6227756",371834,2025-06-22 07:04:59,43.3294715881348,-8.49870777130127,"Unknown"
"6227756",371834,2025-06-22 07:09:59,43.3295440673828,-8.49910926818848,"Unknown"
"6227756",371834,2025-06-22 07:15:02,43.3295021057129,-8.49910163879395,"Unknown"
"6227756",371834,2025-06-22 07:20:03,43.3294982910156,-8.49888610839844,"Unknown"
"6227756",371834,2025-06-22 07:25:00,43.3294944763184,-8.49884700775146,"Unknown"
"6227756",371834,2025-06-22 07:30:05,43.3294830322266,-8.49891948699951,"Unknown"
"6227756",371834,2025-06-22 07:35:01,43.3294410705566,-8.49873065948486,"Unknown"
"6227756",371834,2025-06-22 07:40:08,43.3293952941895,-8.49885845184326,"Unknown"
"6227756",371834,2025-06-22 07:45:10,43.3294372558594,-8.49889945983887,"Unknown"
"6227756",371834,2025-06-22 07:50:01,43.3293571472168,-8.49859142303467,"Unknown"
"6227756",371834,2025-06-22 07:55:08,43.3293724060059,-8.49903392791748,"Unknown"
"6227756",371834,2025-06-22 08:00:08,43.3294296264648,-8.49904537200928,"Unknown"
"6227756",371834,2025-06-22 08:05:08,43.3294258117676,-8.49907207489014,"Unknown"
"6227756",371834,2025-06-22 08:10:08,43.3294105529785,-8.49907493591309,"Unknown"
"6227756",371834,2025-06-22 08:15:08,43.329475402832,-8.49910449981689,"Unknown"
"6227756",371834,2025-06-22 08:20:08,43.3294906616211,-8.49911308288574,"Unknown"
"6227756",371834,2025-06-22 08:25:08,43.3294715881348,-8.49908924102783,"Unknown"
"6227756",371834,2025-06-22 08:30:08,43.3295059204102,-8.49914836883545,"Unknown"
"6227756",371834,2025-06-22 08:35:17,43.3295211791992,-8.49912929534912,"Unknown"
"6227756",371834,2025-06-22 08:40:08,43.3295860290527,-8.4990873336792,"Unknown"
"6227756",371834,2025-06-22 08:45:08,43.3295936584473,-8.49911117553711,"Unknown"
"6227756",371834,2025-06-22 08:50:07,43.3295440673828,-8.4991569519043,"Unknown"
"6227756",371834,2025-06-22 08:55:08,43.3295288085938,-8.49914836883545,"Unknown"
"6227756",371834,2025-06-22 09:00:08,43.3296356201172,-8.49912452697754,"Unknown"
"6227756",371834,2025-06-22 09:05:08,43.3296165466309,-8.49913787841797,"Unknown"
"6227756",371834,2025-06-22 09:10:08,43.3296432495117,-8.49914455413818,"Unknown"
"6227756",371834,2025-06-22 09:15:08,43.3297653198242,-8.4990930557251,"Unknown"
"6227756",371834,2025-06-22 09:20:11,43.3294143676758,-8.49922847747803,"Unknown"
"6227756",371834,2025-06-22 09:25:03,43.3293800354004,-8.49928665161133,"Unknown"
"6227756",371834,2025-06-22 09:30:08,43.3293647766113,-8.49921321868896,"Unknown"
"6227756",371834,2025-06-22 09:35:08,43.3294792175293,-8.49942398071289,"Unknown"
"6227756",371834,2025-06-22 09:40:08,43.3294830322266,-8.49934577941895,"Unknown"
"6227756",371834,2025-06-22 09:45:14,43.3294486999512,-8.4990816116333,"Unknown"
"6227756",371834,2025-06-22 09:50:00,43.3294258117676,-8.4991512298584,"Unknown"
"6227756",371834,2025-06-22 09:55:01,43.329475402832,-8.49914932250977,"Unknown"
"6227756",371834,2025-06-22 10:00:08,43.329402923584,-8.49904727935791,"Unknown"
"6227756",371834,2025-06-22 10:05:02,43.3295211791992,-8.49889659881592,"Unknown"
"6227756",371834,2025-06-22 10:10:04,43.3298110961914,-8.49895095825195,"Unknown"
"6227756",371834,2025-06-22 10:15:02,43.329647064209,-8.49878311157227,"Unknown"
"6227756",371834,2025-06-22 10:20:02,43.3297538757324,-8.49899101257324,"Unknown"
"6227756",371834,2025-06-22 10:25:00,43.3286476135254,-8.49975776672363,"Unknown"
"6227756",371834,2025-06-22 10:30:14,43.3286170959473,-8.49977588653564,"Unknown"
"6227756",371834,2025-06-22 10:35:00,43.3285369873047,-8.49996948242188,"Unknown"
"6227756",371834,2025-06-22 10:40:00,43.3285293579102,-8.49989700317383,"Unknown"
"6227756",371834,2025-06-22 10:45:02,43.3286476135254,-8.49982166290283,"Unknown"
"6227756",371834,2025-06-22 10:50:09,43.3287353515625,-8.49974346160889,"Unknown"
"6227756",371834,2025-06-22 10:55:00,43.3284912109375,-8.50000762939453,"Unknown"
"6227756",371834,2025-06-22 11:00:09,43.3295593261719,-8.49898624420166,"Unknown"
"6227756",371834,2025-06-22 11:05:09,43.3297996520996,-8.49876117706299,"Unknown"
"6227756",371834,2025-06-22 11:10:01,43.3286018371582,-8.49990558624268,"Unknown"
"6227756",371834,2025-06-22 11:15:15,43.3296356201172,-8.49884605407715,"Unknown"
"6227756",371834,2025-06-22 11:20:00,43.3296890258789,-8.49893665313721,"Unknown"
"6227756",371834,2025-06-22 11:25:00,43.3296089172363,-8.49914455413818,"Unknown"
"6227756",371834,2025-06-22 11:30:00,43.3292121887207,-8.49987602233887,"Unknown"
"6227756",371834,2025-06-22 11:35:00,43.3294944763184,-8.49947166442871,"Unknown"
"6227756",371834,2025-06-22 11:40:07,43.329948425293,-8.49893283843994,"Unknown"
"6227756",371834,2025-06-22 11:45:15,43.3298263549805,-8.4988431930542,"Unknown"
"6227756",371834,2025-06-22 11:50:02,43.3299560546875,-8.49884128570557,"Unknown"
"6227756",371834,2025-06-22 11:55:01,43.3298110961914,-8.49919891357422,"Unknown"
"6227756",371834,2025-06-22 12:00:10,43.329906463623,-8.49894714355469,"Unknown"
"6227756",371834,2025-06-22 12:05:09,43.3298759460449,-8.49896907806396,"Unknown"
"6227756",371834,2025-06-22 12:10:09,43.3298416137695,-8.49892044067383,"Unknown"
"6227756",371834,2025-06-22 12:15:09,43.3298110961914,-8.49903678894043,"Unknown"
"6227756",371834,2025-06-22 12:20:09,43.3297920227051,-8.49893856048584,"Unknown"
"6227756",371834,2025-06-22 12:25:09,43.3295974731445,-8.49899578094482,"Unknown"
"6227756",371834,2025-06-22 12:30:09,43.3296279907227,-8.4989185333252,"Unknown"
"6227756",371834,2025-06-22 12:35:09,43.3295707702637,-8.49885559082031,"Unknown"
"6227756",371834,2025-06-22 12:40:10,43.3295288085938,-8.49904155731201,"Unknown"
"6227756",371834,2025-06-22 12:45:01,43.3296508789062,-8.49889087677002,"Unknown"
"6227756",371834,2025-06-22 12:50:02,43.3294906616211,-8.49932098388672,"Unknown"
"6227756",371834,2025-06-22 12:55:01,43.3294486999512,-8.49960041046143,"Unknown"
"6227756",371834,2025-06-22 13:00:01,43.3295364379883,-8.49952507019043,"Unknown"
"6227756",371834,2025-06-22 13:05:01,43.3294906616211,-8.49972248077393,"Unknown"
"6227756",371834,2025-06-22 13:10:02,43.3295669555664,-8.49988746643066,"Unknown"
"6227756",371834,2025-06-22 13:15:04,43.3296852111816,-8.49882793426514,"Unknown"
"6227756",371834,2025-06-22 13:20:01,43.3295478820801,-8.49996376037598,"Unknown"
"6227756",371834,2025-06-22 13:25:03,43.3297424316406,-8.49993801116943,"Unknown"
"6227756",371834,2025-06-22 13:30:14,43.3295478820801,-8.4990291595459,"Unknown"
"6227756",371834,2025-06-22 13:35:01,43.3296661376953,-8.49911022186279,"Unknown"
"6227756",371834,2025-06-22 13:40:01,43.3298301696777,-8.49881458282471,"Unknown"
"6227756",371834,2025-06-22 13:45:02,43.3296966552734,-8.49937534332275,"Unknown"
"6227756",371834,2025-06-22 13:50:01,43.3296394348145,-8.49941825866699,"Unknown"
"6227756",371834,2025-06-22 13:55:03,43.3297271728516,-8.49931907653809,"Unknown"
"6227756",371834,2025-06-22 14:00:01,43.3298606872559,-8.49898815155029,"Unknown"
"6227756",371834,2025-06-22 14:05:04,43.3301887512207,-8.49775981903076,"Unknown"
"6227756",371834,2025-06-22 14:10:01,43.3302536010742,-8.49715995788574,"Unknown"
"6227756",371834,2025-06-22 14:15:13,43.32958984375,-8.49881744384766,"Unknown"
"6227756",371834,2025-06-22 14:20:03,43.3295288085938,-8.49951457977295,"Unknown"
"6227756",371834,2025-06-22 14:25:01,43.3295249938965,-8.49917507171631,"Unknown"
"6227756",371834,2025-06-22 14:30:01,43.3293914794922,-8.49802207946777,"Unknown"
"6227756",371834,2025-06-22 14:35:01,43.3293075561523,-8.49842262268066,"Unknown"
"6227756",371834,2025-06-22 14:40:01,43.3293418884277,-8.49812602996826,"Unknown"
"6227756",371834,2025-06-22 14:45:10,43.3293914794922,-8.49923706054688,"Unknown"
"6227756",371834,2025-06-22 14:50:02,43.3294219970703,-8.49925708770752,"Unknown"
"6227756",371834,2025-06-22 14:55:03,43.3293113708496,-8.49875068664551,"Unknown"
"6227756",371834,2025-06-22 15:00:02,43.3294830322266,-8.49966335296631,"Unknown"
"6227756",371834,2025-06-22 15:05:03,43.3293571472168,-8.49917697906494,"Unknown"
"6227756",371834,2025-06-22 15:10:01,43.3294868469238,-8.50039958953857,"Unknown"
"6227756",371834,2025-06-22 15:15:01,43.3295745849609,-8.50070381164551,"Unknown"
"6227756",371834,2025-06-22 15:20:04,43.3292236328125,-8.49783039093018,"Unknown"
"6227756",371834,2025-06-22 15:25:06,43.3293685913086,-8.49889373779297,"Unknown"
"6227756",371834,2025-06-22 15:30:14,43.3293495178223,-8.49863147735596,"Unknown"
"6227756",371834,2025-06-22 15:35:07,43.3293724060059,-8.49882030487061,"Unknown"
"6227756",371834,2025-06-22 15:40:10,43.329418182373,-8.49896621704102,"Unknown"
"6227756",371834,2025-06-22 15:45:01,43.3291549682617,-8.49770545959473,"Unknown"
"6227756",371834,2025-06-22 15:50:09,43.3295135498047,-8.49904727935791,"Unknown"
"6227756",371834,2025-06-22 15:55:09,43.329475402832,-8.4990406036377,"Unknown"
"6227756",371834,2025-06-22 16:00:09,43.3294830322266,-8.49899673461914,"Unknown"
"6227756",371834,2025-06-22 16:05:09,43.329460144043,-8.4990177154541,"Unknown"
"6227756",371834,2025-06-22 16:10:08,43.3294410705566,-8.49896240234375,"Unknown"
"6227756",371834,2025-06-22 16:15:08,43.3294525146484,-8.49898815155029,"Unknown"
"6227756",371834,2025-06-22 16:20:08,43.3294906616211,-8.4989767074585,"Unknown"
"6227756",371834,2025-06-22 16:25:09,43.329517364502,-8.49906063079834,"Unknown"
"6227756",371834,2025-06-22 16:30:10,43.3294677734375,-8.49905014038086,"Unknown"
"6227756",371834,2025-06-22 16:35:10,43.3294639587402,-8.49902153015137,"Unknown"
"6227756",371834,2025-06-22 16:40:00,43.3294448852539,-8.49894332885742,"Unknown"
"6227756",371834,2025-06-22 16:45:03,43.3294258117676,-8.49898433685303,"Unknown"
"6227756",371834,2025-06-22 16:50:01,43.3294944763184,-8.49903392791748,"Unknown"
"6227756",371834,2025-06-22 16:55:00,43.3294563293457,-8.49898910522461,"Unknown"
"6227756",371834,2025-06-22 17:00:03,43.3294982910156,-8.4990119934082,"Unknown"
"6227756",371834,2025-06-22 17:05:01,43.3295593261719,-8.49905395507812,"Unknown"
"6227756",371834,2025-06-22 17:10:14,43.329460144043,-8.49904727935791,"Unknown"
"6227756",371834,2025-06-22 17:15:03,43.3294258117676,-8.49889850616455,"Unknown"
"6227756",371834,2025-06-22 17:20:03,43.3294448852539,-8.49888610839844,"Unknown"
"6227756",371834,2025-06-22 17:25:12,43.3295097351074,-8.49897575378418,"Unknown"
"6227756",371834,2025-06-22 17:30:00,43.3295860290527,-8.4988842010498,"Unknown"
"6227756",371834,2025-06-22 17:35:00,43.3297386169434,-8.49877738952637,"Unknown"
"6227756",371834,2025-06-22 17:40:00,43.3297080993652,-8.49873065948486,"Unknown"
"6227756",371834,2025-06-22 17:45:12,43.3295059204102,-8.49888801574707,"Unknown"
"6227756",371834,2025-06-22 17:50:01,43.3297309875488,-8.49879169464111,"Unknown"
"6227756",371834,2025-06-22 17:55:00,43.3297576904297,-8.49875640869141,"Unknown"
"6227756",371834,2025-06-22 18:00:00,43.3296661376953,-8.4988956451416,"Unknown"
"6227756",371834,2025-06-22 18:05:01,43.3296508789062,-8.49883937835693,"Unknown"
"6227756",371834,2025-06-22 18:10:00,43.3295021057129,-8.49897289276123,"Unknown"
"6227756",371834,2025-06-22 18:15:01,43.3296546936035,-8.4989185333252,"Unknown"
"6227756",371834,2025-06-22 18:20:00,43.329647064209,-8.4990291595459,"Unknown"
"6227756",371834,2025-06-22 18:25:01,43.3295936584473,-8.49893188476562,"Unknown"
"6227756",371834,2025-06-22 18:30:11,43.3295249938965,-8.49899578094482,"Unknown"
"6227756",371834,2025-06-22 18:35:02,43.3296165466309,-8.49899482727051,"Unknown"
"6227756",371834,2025-06-22 18:40:01,43.3295745849609,-8.49897193908691,"Unknown"
"6227756",371834,2025-06-22 18:45:06,43.3295745849609,-8.49895572662354,"Unknown"
"6227756",371834,2025-06-22 18:50:02,43.3297309875488,-8.49897861480713,"Unknown"
"6227756",371834,2025-06-22 18:55:04,43.3296928405762,-8.49903106689453,"Unknown"
"6227756",371834,2025-06-22 19:00:14,43.3294982910156,-8.49893569946289,"Unknown"
"6227756",371834,2025-06-22 19:05:01,43.3299255371094,-8.49921703338623,"Unknown"
"6227756",371834,2025-06-22 19:10:01,43.3294258117676,-8.49892425537109,"Unknown"
"6227756",371834,2025-06-22 19:15:03,43.3295631408691,-8.49911117553711,"Unknown"
"6227756",371834,2025-06-22 19:20:01,43.329662322998,-8.49909782409668,"Unknown"
"6227756",371834,2025-06-22 19:25:15,43.3294830322266,-8.49904155731201,"Unknown"
"6227756",371834,2025-06-22 19:30:02,43.3297653198242,-8.4988956451416,"Unknown"
"6227756",371834,2025-06-22 19:35:02,43.3294372558594,-8.49918746948242,"Unknown"
"6227756",371834,2025-06-22 19:40:03,43.3294448852539,-8.49906539916992,"Unknown"
"6227756",371834,2025-06-22 19:45:35,43.3294563293457,-8.49904632568359,"Unknown"
"6227756",371834,2025-06-22 19:50:00,43.3294334411621,-8.49903869628906,"Unknown"
"6227756",371834,2025-06-22 19:55:00,43.3294525146484,-8.49907875061035,"Unknown"
"6227756",371834,2025-06-22 20:00:00,43.3294563293457,-8.49905586242676,"Unknown"
"6227756",371834,2025-06-22 20:05:00,43.3294563293457,-8.4989767074585,"Unknown"
"6227756",371834,2025-06-22 20:10:00,43.329460144043,-8.49899864196777,"Unknown"
"6227756",371834,2025-06-22 20:15:00,43.329460144043,-8.49899768829346,"Unknown"
"6227756",371834,2025-06-22 20:20:00,43.3294792175293,-8.49896621704102,"Unknown"
"6227756",371834,2025-06-22 20:25:00,43.329460144043,-8.49898910522461,"Unknown"
"6227756",371834,2025-06-22 20:30:00,43.3294525146484,-8.49903011322021,"Unknown"
"6227756",371834,2025-06-22 20:35:00,43.3294677734375,-8.49898242950439,"Unknown"
"6227756",371834,2025-06-22 20:40:00,43.3294639587402,-8.49901580810547,"Unknown"
"6227756",371834,2025-06-22 20:45:00,43.3294143676758,-8.49899864196777,"Unknown"
"6227756",371834,2025-06-22 20:50:00,43.3294944763184,-8.49904918670654,"Unknown"
"6227756",371834,2025-06-22 20:55:00,43.3294639587402,-8.49900817871094,"Unknown"
"6227756",371834,2025-06-22 21:00:00,43.3294677734375,-8.4989595413208,"Unknown"
"6227756",371834,2025-06-22 21:05:00,43.3294639587402,-8.49899578094482,"Unknown"
"6227756",371834,2025-06-22 21:10:00,43.3294334411621,-8.49895000457764,"Unknown"
"6227756",371834,2025-06-22 21:15:00,43.3294372558594,-8.49893093109131,"Unknown"
"6227756",371834,2025-06-22 21:20:00,43.3294982910156,-8.49905681610107,"Unknown"
"6227756",371834,2025-06-22 21:25:00,43.3295135498047,-8.49903678894043,"Unknown"
"6227756",371834,2025-06-22 21:30:00,43.3293838500977,-8.49884510040283,"Unknown"
"6227756",371834,2025-06-22 21:35:02,43.3294525146484,-8.49893856048584,"Unknown"
"6227756",371834,2025-06-22 21:40:04,43.3294982910156,-8.4990348815918,"Unknown"
"6227756",371834,2025-06-22 21:45:11,43.3295364379883,-8.49904727935791,"Unknown"
"6227756",371834,2025-06-22 21:50:35,43.3294792175293,-8.49898338317871,"Unknown"
"6227756",371834,2025-06-22 21:55:01,43.3294486999512,-8.49893569946289,"Unknown"
"6227756",371834,2025-06-22 22:00:00,43.3294639587402,-8.49920463562012,"Unknown"
"6227756",371834,2025-06-22 22:05:01,43.3295249938965,-8.49910640716553,"Unknown"
"6227756",371834,2025-06-22 22:10:00,43.3294525146484,-8.49905395507812,"Unknown"
"6227756",371834,2025-06-22 22:15:00,43.3295555114746,-8.49899291992188,"Unknown"
"6227756",371834,2025-06-22 22:20:00,43.3295593261719,-8.49916553497314,"Unknown"
"6227756",371834,2025-06-22 22:25:00,43.3295211791992,-8.49898719787598,"Unknown"
"6227756",371834,2025-06-22 22:30:00,43.3295745849609,-8.4990701675415,"Unknown"
"6227756",371834,2025-06-22 22:35:00,43.329532623291,-8.49906349182129,"Unknown"
"6227756",371834,2025-06-22 22:40:00,43.3295783996582,-8.49903964996338,"Unknown"
"6227756",371834,2025-06-22 22:45:01,43.3296279907227,-8.49911403656006,"Unknown"
"6227756",371834,2025-06-22 22:50:02,43.3296279907227,-8.49911022186279,"Unknown"
"6227756",371834,2025-06-22 22:55:00,43.3295974731445,-8.49912452697754,"Unknown"
"6227756",371834,2025-06-22 23:00:01,43.3295707702637,-8.49910259246826,"Unknown"
"6227756",371834,2025-06-22 23:05:00,43.3296241760254,-8.49910163879395,"Unknown"
"6227756",371834,2025-06-22 23:10:01,43.329647064209,-8.4991626739502,"Unknown"
"6227756",371834,2025-06-22 23:15:01,43.3296699523926,-8.49914360046387,"Unknown"
"6227756",371834,2025-06-22 23:20:00,43.3296127319336,-8.49907875061035,"Unknown"
"6227756",371834,2025-06-22 23:25:01,43.3298072814941,-8.49924087524414,"Unknown"
"6227756",371834,2025-06-22 23:30:00,43.3297424316406,-8.49914646148682,"Unknown"
"6227756",371834,2025-06-22 23:35:03,43.329776763916,-8.49917221069336,"Unknown"
"6227756",371834,2025-06-22 23:40:04,43.3296318054199,-8.49912357330322,"Unknown"
"6227756",371834,2025-06-22 23:45:06,43.3295669555664,-8.4990406036377,"Unknown"
"6227756",371834,2025-06-22 23:50:15,43.3295593261719,-8.499098777771,"Unknown"
"6227756",371834,2025-06-22 23:55:35,43.3294486999512,-8.49894618988037,"Unknown"
"6227756",371834,2025-06-23,43.3294410705566,-8.49895191192627,"Unknown"
"6227756",371834,2025-06-23 00:05:00,43.3294830322266,-8.49896812438965,"Unknown"
"6227756",371834,2025-06-23 00:10:00,43.3294906616211,-8.49889659881592,"Unknown"
"6227756",371834,2025-06-23 00:15:00,43.3294334411621,-8.49895763397217,"Unknown"
"6227756",371834,2025-06-23 00:20:00,43.3294486999512,-8.49901866912842,"Unknown"
"6227756",371834,2025-06-23 00:25:00,43.3295021057129,-8.49891948699951,"Unknown"
"6227756",371834,2025-06-23 00:30:00,43.3295097351074,-8.4989767074585,"Unknown"
"6227756",371834,2025-06-23 00:35:00,43.3294792175293,-8.49895763397217,"Unknown"
"6227756",371834,2025-06-23 00:40:00,43.3294792175293,-8.49887847900391,"Unknown"
"6227756",371834,2025-06-23 00:45:01,43.3295516967773,-8.49890041351318,"Unknown"
"6227756",371834,2025-06-23 00:50:02,43.3295288085938,-8.49883556365967,"Unknown"
"6227756",371834,2025-06-23 00:55:06,43.3294639587402,-8.49896621704102,"Unknown"
"6227756",371834,2025-06-23 01:00:09,43.3295822143555,-8.49894332885742,"Unknown"
"6227756",371834,2025-06-23 01:05:06,43.3295783996582,-8.49888324737549,"Unknown"
"6227756",371834,2025-06-23 01:10:09,43.3295440673828,-8.49896717071533,"Unknown"
"6227756",371834,2025-06-23 01:15:03,43.3296051025391,-8.49883365631104,"Unknown"
"6227756",371834,2025-06-23 01:20:06,43.3297348022461,-8.49899864196777,"Unknown"
"6227756",371834,2025-06-23 01:25:14,43.329719543457,-8.49901866912842,"Unknown"
"6227756",371834,2025-06-23 01:30:01,43.3302230834961,-8.49897193908691,"Unknown"
"6227756",371834,2025-06-23 01:35:00,43.3295135498047,-8.49898719787598,"Unknown"
"6227756",371834,2025-06-23 01:40:00,43.3296394348145,-8.49902820587158,"Unknown"
"6227756",371834,2025-06-23 01:45:10,43.3296279907227,-8.4990062713623,"Unknown"
"6227756",371834,2025-06-23 01:50:00,43.3295021057129,-8.49903297424316,"Unknown"
"6227756",371834,2025-06-23 01:55:01,43.3296318054199,-8.49902153015137,"Unknown"
"6227756",371834,2025-06-23 02:00:00,43.3294563293457,-8.49899578094482,"Unknown"
"6227756",371834,2025-06-23 02:05:00,43.3295974731445,-8.49889183044434,"Unknown"
"6227756",371834,2025-06-23 02:10:00,43.3296127319336,-8.49903964996338,"Unknown"
"6227756",371834,2025-06-23 02:15:01,43.329402923584,-8.49904823303223,"Unknown"
"6227756",371834,2025-06-23 02:20:01,43.3294944763184,-8.49894237518311,"Unknown"
"6227756",371834,2025-06-23 02:25:00,43.3295631408691,-8.49899768829346,"Unknown"
"6227756",371834,2025-06-23 02:30:00,43.3296585083008,-8.49903297424316,"Unknown"
"6227756",371834,2025-06-23 02:35:35,43.3295402526855,-8.49897289276123,"Unknown"
"6227756",371834,2025-06-23 02:40:01,43.3296127319336,-8.49898815155029,"Unknown"
"6227756",371834,2025-06-23 02:45:02,43.3294982910156,-8.49888038635254,"Unknown"
"6227756",371834,2025-06-23 02:50:03,43.3295593261719,-8.4989767074585,"Unknown"
"6227756",371834,2025-06-23 02:55:06,43.3295593261719,-8.49896240234375,"Unknown"
"6227756",371834,2025-06-23 03:00:01,43.3297309875488,-8.49914741516113,"Unknown"
"6227756",371834,2025-06-23 03:05:09,43.3295364379883,-8.49897384643555,"Unknown"
"6227756",371834,2025-06-23 03:10:01,43.3296813964844,-8.49914073944092,"Unknown"
"6227756",371834,2025-06-23 03:15:08,43.3295440673828,-8.4990234375,"Unknown"
"6227756",371834,2025-06-23 03:20:04,43.3295288085938,-8.49906635284424,"Unknown"
"6227756",371834,2025-06-23 03:25:03,43.3295669555664,-8.49893951416016,"Unknown"
"6227756",371834,2025-06-23 03:30:02,43.3296432495117,-8.49905300140381,"Unknown"
"6227756",371834,2025-06-23 03:35:03,43.3293113708496,-8.49872779846191,"Unknown"
"6227756",371834,2025-06-23 03:40:04,43.3296089172363,-8.49897861480713,"Unknown"
"6227756",371834,2025-06-23 03:45:04,43.32958984375,-8.49893093109131,"Unknown"
"6227756",371834,2025-06-23 03:50:11,43.3294410705566,-8.49906063079834,"Unknown"
"6227756",371834,2025-06-23 03:55:01,43.3294944763184,-8.49893093109131,"Unknown"
"6227756",371834,2025-06-23 04:00:01,43.3294792175293,-8.49880695343018,"Unknown"
"6227756",371834,2025-06-23 04:05:09,43.3294105529785,-8.49929523468018,"Unknown"
"6227756",371834,2025-06-23 04:10:03,43.3292999267578,-8.49971103668213,"Unknown"
"6227756",371834,2025-06-23 04:15:14,43.3294944763184,-8.49904155731201,"Unknown"
"6227756",371834,2025-06-23 04:20:01,43.3295974731445,-8.49859714508057,"Unknown"
"6227756",371834,2025-06-23 04:25:04,43.3295402526855,-8.49892044067383,"Unknown"
"6227756",371834,2025-06-23 04:30:07,43.3295516967773,-8.49887084960938,"Unknown"
"6227756",371834,2025-06-23 04:35:06,43.3294258117676,-8.49901485443115,"Unknown"
"6227756",371834,2025-06-23 04:40:04,43.3301277160645,-8.49822998046875,"Unknown"
"6227756",371834,2025-06-23 04:45:11,43.3294372558594,-8.49903583526611,"Unknown"
"6227756",371834,2025-06-23 04:50:09,43.329647064209,-8.49882125854492,"Unknown"
"6227756",371834,2025-06-23 04:55:09,43.3295860290527,-8.49875926971436,"Unknown"
"6227756",371834,2025-06-23 05:00:09,43.3295478820801,-8.49880981445312,"Unknown"
"6227756",371834,2025-06-23 05:05:09,43.3295936584473,-8.49890327453613,"Unknown"
"6227756",371834,2025-06-23 05:10:09,43.3295707702637,-8.49913597106934,"Unknown"
"6227756",371834,2025-06-23 05:15:03,43.3296852111816,-8.49843215942383,"Unknown"
"6227756",371834,2025-06-23 05:20:09,43.3295021057129,-8.49900341033936,"Unknown"
"6227756",371834,2025-06-23 05:25:00,43.3295249938965,-8.49904346466064,"Unknown"
"6227756",371834,2025-06-23 05:30:14,43.3294677734375,-8.49900436401367,"Unknown"
"6227756",371834,2025-06-23 05:35:08,43.3295059204102,-8.49891376495361,"Unknown"
"6227756",371834,2025-06-23 05:40:09,43.3295059204102,-8.49907684326172,"Unknown"
"6227756",371834,2025-06-23 05:45:00,43.3294792175293,-8.49940490722656,"Unknown"
"6227756",371834,2025-06-23 05:50:09,43.3295288085938,-8.49895763397217,"Unknown"
"6227756",371834,2025-06-23 05:55:00,43.3294982910156,-8.49922847747803,"Unknown"
"6227756",371834,2025-06-23 06:00:04,43.3294982910156,-8.49898529052734,"Unknown"
"6227756",371834,2025-06-23 06:05:09,43.3294982910156,-8.49902248382568,"Unknown"
"6227756",371834,2025-06-23 06:10:03,43.3295211791992,-8.49917984008789,"Unknown"
"6227756",371834,2025-06-23 06:15:34,43.3295364379883,-8.49894714355469,"Unknown"
"6227756",371834,2025-06-23 06:20:01,43.3294334411621,-8.49899291992188,"Unknown"
"6227756",371834,2025-06-23 06:25:00,43.3295135498047,-8.49895191192627,"Unknown"
"6227756",371834,2025-06-23 06:30:00,43.3295097351074,-8.49896049499512,"Unknown"
"6227756",371834,2025-06-23 06:35:02,43.3294982910156,-8.49897480010986,"Unknown"
"6227756",371834,2025-06-23 06:40:00,43.329460144043,-8.49898815155029,"Unknown"
"6227756",371834,2025-06-23 06:45:02,43.3294639587402,-8.49895286560059,"Unknown"
"6227756",371834,2025-06-23 06:50:03,43.3294792175293,-8.49899387359619,"Unknown"
"6227756",371834,2025-06-23 06:55:13,43.3295288085938,-8.49897003173828,"Unknown"
"6227756",371834,2025-06-23 07:00:03,43.3294868469238,-8.49896335601807,"Unknown"
"6227756",371834,2025-06-23 07:05:03,43.3294334411621,-8.4989595413208,"Unknown"
"6227756",371834,2025-06-23 07:10:03,43.3294830322266,-8.49896144866943,"Unknown"
"6227756",371834,2025-06-23 07:15:04,43.3294677734375,-8.49895286560059,"Unknown"
"6227756",371834,2025-06-23 07:20:03,43.3294410705566,-8.49895477294922,"Unknown"
"6227756",371834,2025-06-23 07:25:03,43.3294486999512,-8.49895668029785,"Unknown"
"6227756",371834,2025-06-23 07:30:03,43.3293952941895,-8.49896144866943,"Unknown"
"6227756",371834,2025-06-23 07:35:14,43.329460144043,-8.49896240234375,"Unknown"
"6227756",371834,2025-06-23 07:40:00,43.3294563293457,-8.49896621704102,"Unknown"
"6227756",371834,2025-06-23 07:45:00,43.3293991088867,-8.49898433685303,"Unknown"
"6227756",371834,2025-06-23 07:50:00,43.3295097351074,-8.49897956848145,"Unknown"
"6227756",371834,2025-06-23 07:55:00,43.3293609619141,-8.49894237518311,"Unknown"
"6227756",371834,2025-06-23 08:00:00,43.329475402832,-8.49900436401367,"Unknown"
"6227756",371834,2025-06-23 08:05:00,43.3294563293457,-8.4989538192749,"Unknown"
"6227756",371834,2025-06-23 08:10:00,43.3293762207031,-8.49885177612305,"Unknown"
"6227756",371834,2025-06-23 08:15:01,43.3295021057129,-8.49896907806396,"Unknown"
"6227756",371834,2025-06-23 08:20:07,43.3294563293457,-8.49894046783447,"Unknown"
"6227756",371834,2025-06-23 08:25:04,43.3294372558594,-8.49894142150879,"Unknown"
"6227756",371834,2025-06-23 08:30:09,43.3294715881348,-8.49894523620605,"Unknown"
"6227756",371834,2025-06-23 08:35:10,43.329460144043,-8.49900245666504,"Unknown"
"6227756",371834,2025-06-23 08:40:09,43.3294677734375,-8.49886989593506,"Unknown"
"6227756",371834,2025-06-23 08:45:09,43.3294296264648,-8.49885654449463,"Unknown"
"6227756",371834,2025-06-23 08:50:10,43.3295593261719,-8.49921798706055,"Unknown"
"6227756",371834,2025-06-23 08:55:10,43.3294639587402,-8.49890327453613,"Unknown"
"6227756",371834,2025-06-23 09:00:14,43.3295402526855,-8.49944496154785,"Unknown"
"6227756",371834,2025-06-23 09:05:10,43.329475402832,-8.49896430969238,"Unknown"
"6227756",371834,2025-06-23 09:10:01,43.3294982910156,-8.49886989593506,"Unknown"
"6227756",371834,2025-06-23 09:15:01,43.3294258117676,-8.49905300140381,"Unknown"
"6227756",371834,2025-06-23 09:20:01,43.329475402832,-8.49895095825195,"Unknown"
"6227756",371834,2025-06-23 09:25:01,43.3293991088867,-8.49905872344971,"Unknown"
"6227756",371834,2025-06-23 09:30:01,43.3294944763184,-8.49901962280273,"Unknown"
"6227756",371834,2025-06-23 09:35:01,43.3292961120605,-8.49901962280273,"Unknown"
"6227756",371834,2025-06-23 09:40:02,43.3294105529785,-8.49899196624756,"Unknown"
"6227756",371834,2025-06-23 09:45:03,43.3295059204102,-8.49900150299072,"Unknown"
"6227756",371834,2025-06-23 09:50:35,43.3294563293457,-8.49902629852295,"Unknown"
"6227756",371834,2025-06-23 09:55:00,43.3295059204102,-8.49905872344971,"Unknown"
"6227756",371834,2025-06-23 10:00:00,43.3294525146484,-8.49910354614258,"Unknown"
"6227756",371834,2025-06-23 10:05:00,43.3294563293457,-8.49904823303223,"Unknown"
"6227756",371834,2025-06-23 10:10:00,43.3294563293457,-8.49914169311523,"Unknown"
"6227756",371834,2025-06-23 10:15:00,43.3295288085938,-8.49906253814697,"Unknown"
"6227756",371834,2025-06-23 10:20:00,43.3294639587402,-8.49905109405518,"Unknown"
"6227756",371834,2025-06-23 10:25:00,43.3295440673828,-8.49905109405518,"Unknown"
"6227756",371834,2025-06-23 10:30:00,43.3294830322266,-8.49905109405518,"Unknown"
"6227756",371834,2025-06-23 10:35:00,43.3295211791992,-8.49906921386719,"Unknown"
"6227756",371834,2025-06-23 10:40:00,43.3294982910156,-8.49906349182129,"Unknown"
"6227756",371834,2025-06-23 10:45:00,43.3295631408691,-8.49907684326172,"Unknown"
"6227756",371834,2025-06-23 10:50:00,43.3294830322266,-8.49908924102783,"Unknown"
"6227756",371834,2025-06-23 10:55:01,43.3295555114746,-8.49897289276123,"Unknown"
"6227756",371834,2025-06-23 11:00:01,43.3295593261719,-8.49899482727051,"Unknown"
"6227756",371834,2025-06-23 11:05:01,43.3294906616211,-8.49893951416016,"Unknown"
"6227756",371834,2025-06-23 11:10:01,43.3294868469238,-8.49896717071533,"Unknown"
"6227756",371834,2025-06-23 11:15:09,43.329517364502,-8.49898242950439,"Unknown"
"6227756",371834,2025-06-23 11:20:01,43.3295555114746,-8.49902629852295,"Unknown"
"6227756",371834,2025-06-23 11:25:09,43.3294944763184,-8.49884605407715,"Unknown"
"6227756",371834,2025-06-23 11:30:09,43.3295211791992,-8.49879741668701,"Unknown"
"6227756",371834,2025-06-23 11:35:06,43.3295059204102,-8.49878883361816,"Unknown"
"6227756",371834,2025-06-23 11:40:01,43.3301696777344,-8.50001525878906,"Unknown"
"6227756",371834,2025-06-23 11:45:09,43.3294982910156,-8.49891948699951,"Unknown"
"6227756",371834,2025-06-23 11:50:01,43.3293914794922,-8.49869537353516,"Unknown"
"6227756",371834,2025-06-23 11:55:01,43.329532623291,-8.49907302856445,"Unknown"
"6227756",371834,2025-06-23 12:00:01,43.3297805786133,-8.49932289123535,"Unknown"
"6227756",371834,2025-06-23 12:05:02,43.3297309875488,-8.49928379058838,"Unknown"
"6227756",371834,2025-06-23 12:10:03,43.3296127319336,-8.4991283416748,"Unknown"
"6227756",371834,2025-06-23 12:15:14,43.3294982910156,-8.49890422821045,"Unknown"
"6227756",371834,2025-06-23 12:20:00,43.3294906616211,-8.49907493591309,"Unknown"
"6227756",371834,2025-06-23 12:25:01,43.3295936584473,-8.49910640716553,"Unknown"
"6227756",371834,2025-06-23 12:30:02,43.3297271728516,-8.49873447418213,"Unknown"
"6227756",371834,2025-06-23 12:35:04,43.329719543457,-8.49854755401611,"Unknown"
"6227756",371834,2025-06-23 12:40:35,43.3295478820801,-8.49888229370117,"Unknown"
"6227756",371834,2025-06-23 12:45:00,43.3294677734375,-8.49888134002686,"Unknown"
"6227756",371834,2025-06-23 12:50:00,43.329475402832,-8.49898338317871,"Unknown"
"6227756",371834,2025-06-23 12:55:00,43.329517364502,-8.49892044067383,"Unknown"
"6227756",371834,2025-06-23 13:00:00,43.3295288085938,-8.49894714355469,"Unknown"
"6227756",371834,2025-06-23 13:05:01,43.3294296264648,-8.49907112121582,"Unknown"
"6227756",371834,2025-06-23 13:10:01,43.3292541503906,-8.49930763244629,"Unknown"
"6227756",371834,2025-06-23 13:15:00,43.3292388916016,-8.49942779541016,"Unknown"
"6227756",371834,2025-06-23 13:20:00,43.3293151855469,-8.49926853179932,"Unknown"
"6227756",371834,2025-06-23 13:25:00,43.3292846679688,-8.49925136566162,"Unknown"
"6227756",371834,2025-06-23 13:30:00,43.3293037414551,-8.49925994873047,"Unknown"
"6227756",371834,2025-06-23 13:35:09,43.3295135498047,-8.49899864196777,"Unknown"
"6227756",371834,2025-06-23 13:40:01,43.3294448852539,-8.49906635284424,"Unknown"
"6227756",371834,2025-06-23 13:45:09,43.3294677734375,-8.49900054931641,"Unknown"
"6227756",371834,2025-06-23 13:50:09,43.329475402832,-8.49900722503662,"Unknown"
"6227756",371834,2025-06-23 13:55:09,43.3294486999512,-8.49901580810547,"Unknown"
"6227756",371834,2025-06-23 14:00:09,43.3294639587402,-8.49903583526611,"Unknown"
"6227756",371834,2025-06-23 14:05:09,43.3294792175293,-8.49901294708252,"Unknown"
"6227756",371834,2025-06-23 14:10:11,43.3294334411621,-8.49900054931641,"Unknown"
"6227756",371834,2025-06-23 14:15:02,43.3294258117676,-8.49899482727051,"Unknown"
"6227756",371834,2025-06-23 14:20:02,43.3293876647949,-8.49898624420166,"Unknown"
"6227756",371834,2025-06-23 14:25:02,43.3295059204102,-8.49899482727051,"Unknown"
"6227756",371834,2025-06-23 14:30:02,43.3293266296387,-8.49894237518311,"Unknown"
"6227756",371834,2025-06-23 14:35:02,43.329418182373,-8.49898815155029,"Unknown"
"6227756",371834,2025-06-23 14:40:02,43.3294792175293,-8.49896430969238,"Unknown"
"6227756",371834,2025-06-23 14:45:02,43.3295555114746,-8.49903011322021,"Unknown"
"6227756",371834,2025-06-23 14:50:14,43.3294830322266,-8.49902439117432,"Unknown"
"6227756",371834,2025-06-23 14:55:02,43.3294639587402,-8.49898719787598,"Unknown"
"6227756",371834,2025-06-23 15:00:01,43.3295211791992,-8.49903297424316,"Unknown"
"6227756",371834,2025-06-23 15:05:01,43.3294563293457,-8.49898147583008,"Unknown"
"6227756",371834,2025-06-23 15:10:01,43.3293914794922,-8.4989767074585,"Unknown"
"6227756",371834,2025-06-23 15:15:01,43.3294982910156,-8.49903202056885,"Unknown"
"6227756",371834,2025-06-23 15:20:03,43.3294525146484,-8.49898624420166,"Unknown"
"6227756",371834,2025-06-23 15:25:03,43.3294868469238,-8.49901676177979,"Unknown"
"6227756",371834,2025-06-23 15:30:03,43.3294486999512,-8.49910449981689,"Unknown"
"6227756",371834,2025-06-23 15:35:01,43.3294792175293,-8.49904632568359,"Unknown"
"6227756",371834,2025-06-23 15:40:07,43.3294525146484,-8.49901485443115,"Unknown"
"6227756",371834,2025-06-23 15:45:11,43.3294944763184,-8.49906063079834,"Unknown"
"6227756",371834,2025-06-23 15:50:06,43.3293647766113,-8.49894332885742,"Unknown"
"6227756",371834,2025-06-23 15:55:06,43.3293037414551,-8.49898624420166,"Unknown"
"6227756",371834,2025-06-23 16:00:35,43.3294715881348,-8.49894142150879,"Unknown"
"6227756",371834,2025-06-23 16:05:01,43.3294334411621,-8.49898624420166,"Unknown"
"6227756",371834,2025-06-23 16:10:01,43.3295631408691,-8.498854637146,"Unknown"
"6227756",371834,2025-06-23 16:15:01,43.3295211791992,-8.49890232086182,"Unknown"
"6227756",371834,2025-06-23 16:20:01,43.3294906616211,-8.49894237518311,"Unknown"
"6227756",371834,2025-06-23 16:25:01,43.3295021057129,-8.49893665313721,"Unknown"
"6227756",371834,2025-06-23 16:30:01,43.3294944763184,-8.498948097229,"Unknown"
"6227756",371834,2025-06-23 16:35:01,43.3294982910156,-8.49896335601807,"Unknown"
"6227756",371834,2025-06-23 16:40:01,43.329517364502,-8.49888610839844,"Unknown"
"6227756",371834,2025-06-23 16:45:01,43.3295097351074,-8.49896430969238,"Unknown"
"6227756",371834,2025-06-23 16:50:01,43.329460144043,-8.49899578094482,"Unknown"
"6227756",371834,2025-06-23 16:55:01,43.3295021057129,-8.49898338317871,"Unknown"
"6227756",371834,2025-06-23 17:00:01,43.3294982910156,-8.49897861480713,"Unknown"
"6227756",371834,2025-06-23 17:05:02,43.3294639587402,-8.49897575378418,"Unknown"
"6227756",371834,2025-06-23 17:10:01,43.329460144043,-8.49900531768799,"Unknown"
"6227756",371834,2025-06-23 17:15:03,43.3294563293457,-8.49897766113281,"Unknown"
"6227756",371834,2025-06-23 17:20:14,43.3294639587402,-8.4989709854126,"Unknown"
"6227756",371834,2025-06-23 17:25:01,43.3292465209961,-8.49887561798096,"Unknown"
"6227756",371834,2025-06-23 17:30:01,43.3294982910156,-8.49889469146729,"Unknown"
"6227756",371834,2025-06-23 17:35:01,43.3293762207031,-8.49872875213623,"Unknown"
"6227756",371834,2025-06-23 17:40:01,43.3294067382812,-8.49886894226074,"Unknown"
"6227756",371834,2025-06-23 17:45:10,43.3294410705566,-8.49887180328369,"Unknown"
"6227756",371834,2025-06-23 17:50:01,43.329517364502,-8.49899482727051,"Unknown"
"6227756",371834,2025-06-23 17:55:01,43.3294563293457,-8.49890518188477,"Unknown"
"6227756",371834,2025-06-23 18:00:01,43.329517364502,-8.49895286560059,"Unknown"
"6227756",371834,2025-06-23 18:05:01,43.3294067382812,-8.49895572662354,"Unknown"
"6227756",371834,2025-06-23 18:10:01,43.329532623291,-8.49893569946289,"Unknown"
"6227756",371834,2025-06-23 18:15:01,43.3293647766113,-8.49893283843994,"Unknown"
"6227756",371834,2025-06-23 18:20:02,43.3294258117676,-8.49899005889893,"Unknown"
"6227756",371834,2025-06-23 18:25:01,43.3294639587402,-8.49913311004639,"Unknown"
"6227756",371834,2025-06-23 18:30:11,43.3295135498047,-8.49900531768799,"Unknown"
"6227756",371834,2025-06-23 18:35:03,43.3294143676758,-8.49895191192627,"Unknown"
"6227756",371834,2025-06-23 18:40:03,43.3294868469238,-8.49910163879395,"Unknown"
"6227756",371834,2025-06-23 18:45:02,43.3295288085938,-8.49911880493164,"Unknown"
"6227756",371834,2025-06-23 18:50:03,43.3295135498047,-8.49895858764648,"Unknown"
"6227756",371834,2025-06-23 18:55:08,43.3295745849609,-8.49898052215576,"Unknown"
"6227756",371834,2025-06-23 19:00:02,43.329517364502,-8.49906826019287,"Unknown"
"6227756",371834,2025-06-23 19:05:04,43.3294525146484,-8.49886894226074,"Unknown"
"6227756",371834,2025-06-23 19:10:03,43.3294868469238,-8.49862861633301,"Unknown"
"6227756",371834,2025-06-23 19:15:10,43.329475402832,-8.49881172180176,"Unknown"
"6227756",371834,2025-06-23 19:20:06,43.3294563293457,-8.49878978729248,"Unknown"
"6227756",371834,2025-06-23 19:25:06,43.3293495178223,-8.498703956604,"Unknown"
"6227756",371834,2025-06-23 19:30:35,43.3294639587402,-8.49902057647705,"Unknown"
"6227756",371834,2025-06-23 19:35:01,43.3294868469238,-8.49901580810547,"Unknown"
"6227756",371834,2025-06-23 19:40:01,43.3294677734375,-8.49903392791748,"Unknown"
"6227756",371834,2025-06-23 19:45:01,43.329460144043,-8.49904155731201,"Unknown"
"6227756",371834,2025-06-23 19:50:01,43.329475402832,-8.4989709854126,"Unknown"
"6227756",371834,2025-06-23 19:55:01,43.3294792175293,-8.49902820587158,"Unknown"
"6227756",371834,2025-06-23 20:00:01,43.3294563293457,-8.49901962280273,"Unknown"
"6227756",371834,2025-06-23 20:05:01,43.3294448852539,-8.49907302856445,"Unknown"
"6227756",371834,2025-06-23 20:10:01,43.3294448852539,-8.4990177154541,"Unknown"
"6227756",371834,2025-06-23 20:15:01,43.3294525146484,-8.4990234375,"Unknown"
"6227756",371834,2025-06-23 20:20:01,43.3294868469238,-8.49901008605957,"Unknown"
"6227756",371834,2025-06-23 20:25:01,43.3295211791992,-8.49900245666504,"Unknown"
"6227756",371834,2025-06-23 20:30:01,43.3294715881348,-8.4989709854126,"Unknown"
"6227756",371834,2025-06-23 20:35:01,43.3294486999512,-8.49898242950439,"Unknown"
"6227756",371834,2025-06-23 20:40:01,43.3294448852539,-8.49903106689453,"Unknown"
"6227756",371834,2025-06-23 20:45:01,43.3294334411621,-8.49899578094482,"Unknown"
"6227756",371834,2025-06-23 20:50:01,43.3294639587402,-8.49899291992188,"Unknown"
"6227756",371834,2025-06-23 20:55:01,43.329475402832,-8.49906063079834,"Unknown"
"6227756",371834,2025-06-23 21:00:01,43.3294372558594,-8.49900245666504,"Unknown"
"6227756",371834,2025-06-23 21:05:01,43.3294715881348,-8.49898052215576,"Unknown"
"6227756",371834,2025-06-23 21:10:01,43.3294372558594,-8.49893856048584,"Unknown"
"6227756",371834,2025-06-23 21:15:01,43.3294677734375,-8.49899959564209,"Unknown"
"6227756",371834,2025-06-23 21:20:01,43.3295593261719,-8.49906635284424,"Unknown"
"6227756",371834,2025-06-23 21:25:01,43.3295974731445,-8.49907493591309,"Unknown"
"6227756",371834,2025-06-23 21:30:01,43.3295478820801,-8.49902725219727,"Unknown"
"6227756",371834,2025-06-23 21:35:04,43.3294258117676,-8.49893283843994,"Unknown"
"6227756",371834,2025-06-23 21:40:35,43.3294677734375,-8.49895858764648,"Unknown"
"6227756",371834,2025-06-23 21:45:01,43.3294715881348,-8.49895668029785,"Unknown"
"6227756",371834,2025-06-23 21:50:01,43.3296089172363,-8.49927234649658,"Unknown"
"6227756",371834,2025-06-23 21:55:01,43.3295478820801,-8.49912548065186,"Unknown"
"6227756",371834,2025-06-23 22:00:01,43.3294525146484,-8.49904632568359,"Unknown"
"6227756",371834,2025-06-23 22:05:01,43.329517364502,-8.49908351898193,"Unknown"
"6227756",371834,2025-06-23 22:10:01,43.3294334411621,-8.499098777771,"Unknown"
"6227756",371834,2025-06-23 22:15:01,43.3295059204102,-8.49894142150879,"Unknown"
"6227756",371834,2025-06-23 22:20:01,43.3295631408691,-8.49914073944092,"Unknown"
"6227756",371834,2025-06-23 22:25:01,43.3295402526855,-8.4991512298584,"Unknown"
"6227756",371834,2025-06-23 22:30:01,43.329532623291,-8.4990406036377,"Unknown"
"6227756",371834,2025-06-23 22:35:01,43.3296012878418,-8.49914264678955,"Unknown"
"6227756",371834,2025-06-23 22:40:01,43.3295783996582,-8.49906349182129,"Unknown"
"6227756",371834,2025-06-23 22:45:02,43.3296432495117,-8.49912548065186,"Unknown"
"6227756",371834,2025-06-23 22:50:01,43.3296012878418,-8.49915981292725,"Unknown"
"6227756",371834,2025-06-23 22:55:02,43.3296394348145,-8.49910354614258,"Unknown"
"6227756",371834,2025-06-23 23:00:03,43.3296737670898,-8.49912261962891,"Unknown"
"6227756",371834,2025-06-23 23:05:01,43.3297157287598,-8.49916458129883,"Unknown"
"6227756",371834,2025-06-23 23:10:01,43.3296966552734,-8.49913883209229,"Unknown"
"6227756",371834,2025-06-23 23:15:01,43.3296241760254,-8.4991283416748,"Unknown"
"6227756",371834,2025-06-23 23:20:02,43.3297004699707,-8.4990873336792,"Unknown"
"6227756",371834,2025-06-23 23:25:01,43.3296585083008,-8.4991455078125,"Unknown"
"6227756",371834,2025-06-23 23:30:06,43.3295707702637,-8.49903964996338,"Unknown"
"6227756",371834,2025-06-23 23:35:06,43.3296241760254,-8.49908638000488,"Unknown"
"6227756",371834,2025-06-23 23:40:07,43.3296737670898,-8.49915218353271,"Unknown"
"6227756",371834,2025-06-23 23:45:18,43.329475402832,-8.49897575378418,"Unknown"
"6227756",371834,2025-06-23 23:50:11,43.329460144043,-8.49901866912842,"Unknown"
"6227756",371834,2025-06-23 23:55:14,43.3295135498047,-8.49891471862793,"Unknown"
"6227756",371834,2025-06-24 00:00:35,43.329475402832,-8.49898147583008,"Unknown"
"6227756",371834,2025-06-24 00:05:01,43.3294868469238,-8.49894046783447,"Unknown"
"6227756",371834,2025-06-24 00:10:01,43.329460144043,-8.49896144866943,"Unknown"
"6227756",371834,2025-06-24 00:15:02,43.3294906616211,-8.49897861480713,"Unknown"
"6227756",371834,2025-06-24 00:20:01,43.3294944763184,-8.49896717071533,"Unknown"
"6227756",371834,2025-06-24 00:25:01,43.3295707702637,-8.49898719787598,"Unknown"
"6227756",371834,2025-06-24 00:30:01,43.3294982910156,-8.49893093109131,"Unknown"
"6227756",371834,2025-06-24 00:35:02,43.3294944763184,-8.49888324737549,"Unknown"
"6227756",371834,2025-06-24 00:40:04,43.3295440673828,-8.49894046783447,"Unknown"
"6227756",371834,2025-06-24 00:45:02,43.3294868469238,-8.49890899658203,"Unknown"
"6227756",371834,2025-06-24 00:50:09,43.3294982910156,-8.4989709854126,"Unknown"
"6227756",371834,2025-06-24 00:55:04,43.3295707702637,-8.49893474578857,"Unknown"
"6227756",371834,2025-06-24 01:00:04,43.3295860290527,-8.49889755249023,"Unknown"
"6227756",371834,2025-06-24 01:05:09,43.3294677734375,-8.49895477294922,"Unknown"
"6227756",371834,2025-06-24 01:10:04,43.3295669555664,-8.49893188476562,"Unknown"
"6227756",371834,2025-06-24 01:15:02,43.329532623291,-8.49904251098633,"Unknown"
"6227756",371834,2025-06-24 01:20:03,43.3296241760254,-8.49891662597656,"Unknown"
"6227756",371834,2025-06-24 01:25:02,43.3295249938965,-8.49897289276123,"Unknown"
"6227756",371834,2025-06-24 01:30:02,43.3295478820801,-8.49904155731201,"Unknown"
"6227756",371834,2025-06-24 01:35:02,43.3294563293457,-8.49892044067383,"Unknown"
"6227756",371834,2025-06-24 01:40:02,43.329475402832,-8.4989070892334,"Unknown"
"6227756",371834,2025-06-24 01:45:02,43.3294982910156,-8.49899673461914,"Unknown"
"6227756",371834,2025-06-24 01:50:02,43.329460144043,-8.49899482727051,"Unknown"
"6227756",371834,2025-06-24 01:55:02,43.329460144043,-8.49892711639404,"Unknown"
"6227756",371834,2025-06-24 02:00:02,43.3295249938965,-8.49900341033936,"Unknown"
"6227756",371834,2025-06-24 02:05:02,43.3295783996582,-8.49905109405518,"Unknown"
"6227756",371834,2025-06-24 02:10:02,43.3296318054199,-8.49905776977539,"Unknown"
"6227756",371834,2025-06-24 02:15:02,43.3296165466309,-8.49906826019287,"Unknown"
"6227756",371834,2025-06-24 02:20:02,43.3295783996582,-8.49906730651855,"Unknown"
"6227756",371834,2025-06-24 02:25:02,43.3296585083008,-8.49911785125732,"Unknown"
"6227756",371834,2025-06-24 02:30:02,43.3296661376953,-8.49909782409668,"Unknown"
"6227756",371834,2025-06-24 02:35:02,43.3297882080078,-8.49922657012939,"Unknown"
"6227756",371834,2025-06-24 02:40:02,43.3298759460449,-8.49931335449219,"Unknown"
"6227756",371834,2025-06-24 02:45:02,43.3300170898438,-8.49942779541016,"Unknown"
"6227756",371834,2025-06-24 02:50:03,43.3302421569824,-8.49965190887451,"Unknown"
"6227756",371834,2025-06-24 02:55:03,43.330150604248,-8.49959468841553,"Unknown"
"6227756",371834,2025-06-24 03:00:03,43.3295707702637,-8.49905300140381,"Unknown"
"6227756",371834,2025-06-24 03:05:03,43.3294944763184,-8.49907398223877,"Unknown"
"6227756",371834,2025-06-24 03:10:07,43.3296699523926,-8.49918174743652,"Unknown"
"6227756",371834,2025-06-24 03:15:04,43.3294944763184,-8.49915409088135,"Unknown"
"6227756",371834,2025-06-24 03:20:02,43.3293876647949,-8.49894142150879,"Unknown"
"6227756",371834,2025-06-24 03:25:03,43.3293838500977,-8.49888515472412,"Unknown"
"6227756",371834,2025-06-24 03:30:02,43.3295822143555,-8.4989767074585,"Unknown"
"6227756",371834,2025-06-24 03:35:03,43.3293685913086,-8.49882221221924,"Unknown"
"6227756",371834,2025-06-24 03:40:06,43.3296051025391,-8.49914646148682,"Unknown"
"6227756",371834,2025-06-24 03:45:07,43.3296852111816,-8.49914073944092,"Unknown"
"6227756",371834,2025-06-24 03:50:08,43.3293228149414,-8.49909114837646,"Unknown"
"6227756",371834,2025-06-24 03:55:09,43.329174041748,-8.49912166595459,"Unknown"
"6227756",371834,2025-06-24 04:00:09,43.3292922973633,-8.4991455078125,"Unknown"
"6227756",371834,2025-06-24 04:05:08,43.3292655944824,-8.49913311004639,"Unknown"
"6227756",371834,2025-06-24 04:10:04,43.3290748596191,-8.49913311004639,"Unknown"
"6227756",371834,2025-06-24 04:15:03,43.3286819458008,-8.49822521209717,"Unknown"
"6227756",371834,2025-06-24 04:20:06,43.3289337158203,-8.49928379058838,"Unknown"
"6227756",371834,2025-06-24 04:25:04,43.3292655944824,-8.49912929534912,"Unknown"
"6227756",371834,2025-06-24 04:30:06,43.3291168212891,-8.4991340637207,"Unknown"
"6227756",371834,2025-06-24 04:35:03,43.3290328979492,-8.49861621856689,"Unknown"
"6227756",371834,2025-06-24 04:40:06,43.3291893005371,-8.49915981292725,"Unknown"
"6227756",371834,2025-06-24 04:45:06,43.3291778564453,-8.49932956695557,"Unknown"
"6227756",371834,2025-06-24 04:50:08,43.3293304443359,-8.49912738800049,"Unknown"
"6227756",371834,2025-06-24 04:55:06,43.3294906616211,-8.49906444549561,"Unknown"
"6227756",371834,2025-06-24 05:00:09,43.3293495178223,-8.49915218353271,"Unknown"
"6227756",371834,2025-06-24 05:05:09,43.3294105529785,-8.4991455078125,"Unknown"
"6227756",371834,2025-06-24 05:10:09,43.3294486999512,-8.49910545349121,"Unknown"
"6227756",371834,2025-06-24 05:15:09,43.3293838500977,-8.49922847747803,"Unknown"
"6227756",371834,2025-06-24 05:20:06,43.3294410705566,-8.4991569519043,"Unknown"
"6227756",371834,2025-06-24 05:25:09,43.3295478820801,-8.49892711639404,"Unknown"
"6227756",371834,2025-06-24 05:30:04,43.329517364502,-8.49897861480713,"Unknown"
"6227756",371834,2025-06-24 05:35:03,43.3295745849609,-8.49935245513916,"Unknown"
"6227756",371834,2025-06-24 05:40:08,43.3294639587402,-8.49902725219727,"Unknown"
"6227756",371834,2025-06-24 05:45:03,43.3294563293457,-8.49902629852295,"Unknown"
"6227756",371834,2025-06-24 05:50:02,43.3295249938965,-8.49904155731201,"Unknown"
"6227756",371834,2025-06-24 05:55:04,43.3294715881348,-8.49908256530762,"Unknown"
"6227756",371834,2025-06-24 06:00:03,43.3295516967773,-8.49903583526611,"Unknown"
"6227756",371834,2025-06-24 06:05:03,43.3295593261719,-8.49899959564209,"Unknown"
"6227756",371834,2025-06-24 06:10:03,43.3295745849609,-8.49898433685303,"Unknown"
"6227756",371834,2025-06-24 06:15:03,43.3295402526855,-8.49901485443115,"Unknown"
"6227756",371834,2025-06-24 06:20:06,43.3295516967773,-8.49898147583008,"Unknown"
"6227756",371834,2025-06-24 06:25:09,43.3295364379883,-8.49899578094482,"Unknown"
"6227756",371834,2025-06-24 06:30:09,43.3295097351074,-8.49898338317871,"Unknown"
"6227756",371834,2025-06-24 06:35:07,43.3295822143555,-8.49895095825195,"Unknown"
"6227756",371834,2025-06-24 06:40:08,43.3295211791992,-8.49897861480713,"Unknown"
"6227756",371834,2025-06-24 06:45:09,43.3296737670898,-8.49886703491211,"Unknown"
"6227756",371834,2025-06-24 06:50:13,43.3296508789062,-8.49887275695801,"Unknown"
"6227756",371834,2025-06-24 06:55:02,43.329704284668,-8.49885940551758,"Unknown"
"6227756",371834,2025-06-24 07:00:02,43.3296852111816,-8.49883079528809,"Unknown"
"6227756",371834,2025-06-24 07:05:02,43.3297080993652,-8.49881935119629,"Unknown"
"6227756",371834,2025-06-24 07:10:02,43.3296661376953,-8.49880695343018,"Unknown"
"6227756",371834,2025-06-24 07:15:02,43.3296852111816,-8.49878025054932,"Unknown"
"6227756",371834,2025-06-24 07:20:02,43.3296279907227,-8.49880886077881,"Unknown"
"6227756",371834,2025-06-24 07:25:02,43.3296051025391,-8.49880313873291,"Unknown"
"6227756",371834,2025-06-24 07:30:02,43.3295593261719,-8.49885368347168,"Unknown"
"6227756",371834,2025-06-24 07:35:02,43.3295974731445,-8.49879360198975,"Unknown"
"6227756",371834,2025-06-24 07:40:02,43.3295516967773,-8.4988317489624,"Unknown"
"6227756",371834,2025-06-24 07:45:03,43.3295478820801,-8.49890804290771,"Unknown"
"6227756",371834,2025-06-24 07:50:02,43.3294982910156,-8.4989013671875,"Unknown"
"6227756",371834,2025-06-24 07:55:02,43.3295822143555,-8.4989595413208,"Unknown"
"6227756",371834,2025-06-24 08:00:02,43.3295288085938,-8.49899291992188,"Unknown"
"6227756",371834,2025-06-24 08:05:02,43.3294792175293,-8.49908924102783,"Unknown"
"6227756",371834,2025-06-24 08:10:02,43.3295707702637,-8.4990406036377,"Unknown"
"6227756",371834,2025-06-24 08:15:02,43.3295211791992,-8.49903964996338,"Unknown"
"6227756",371834,2025-06-24 08:20:02,43.329517364502,-8.49902725219727,"Unknown"
"6227756",371834,2025-06-24 08:25:02,43.3295211791992,-8.49902725219727,"Unknown"
"6227756",371834,2025-06-24 08:30:02,43.329517364502,-8.49911689758301,"Unknown"
"6227756",371834,2025-06-24 08:35:02,43.3295135498047,-8.49908256530762,"Unknown"
"6227756",371834,2025-06-24 08:40:02,43.3295860290527,-8.49900341033936,"Unknown"
"6227756",371834,2025-06-24 08:45:02,43.329517364502,-8.49903869628906,"Unknown"
"6227756",371834,2025-06-24 08:50:02,43.3295059204102,-8.49897003173828,"Unknown"
"6227756",371834,2025-06-24 08:55:02,43.3294525146484,-8.49890899658203,"Unknown"
"6227756",371834,2025-06-24 09:00:02,43.3295555114746,-8.49896430969238,"Unknown"
"6227756",371834,2025-06-24 09:05:02,43.3295478820801,-8.49893856048584,"Unknown"
"6227756",371834,2025-06-24 09:10:02,43.3295707702637,-8.49896049499512,"Unknown"
"6227756",371834,2025-06-24 09:15:02,43.3295860290527,-8.4988317489624,"Unknown"
"6227756",371834,2025-06-24 09:20:03,43.3296165466309,-8.49898529052734,"Unknown"
"6227756",371834,2025-06-24 09:25:02,43.3296737670898,-8.49898624420166,"Unknown"
"6227756",371834,2025-06-24 09:30:02,43.3297538757324,-8.49900054931641,"Unknown"
"6227756",371834,2025-06-24 09:35:02,43.3297119140625,-8.49900913238525,"Unknown"
"6227756",371834,2025-06-24 09:40:02,43.3297920227051,-8.49902534484863,"Unknown"
"6227756",371834,2025-06-24 09:45:02,43.3297462463379,-8.49898147583008,"Unknown"
"6227756",371834,2025-06-24 09:50:02,43.3295364379883,-8.49892711639404,"Unknown"
"6227756",371834,2025-06-24 09:55:02,43.329761505127,-8.49900817871094,"Unknown"
"6227756",371834,2025-06-24 10:00:02,43.3295097351074,-8.49873161315918,"Unknown"
"6227756",371834,2025-06-24 10:05:02,43.3294830322266,-8.4986743927002,"Unknown"
"6227756",371834,2025-06-24 10:10:02,43.3295097351074,-8.49869155883789,"Unknown"
"6227756",371834,2025-06-24 10:15:02,43.3295288085938,-8.49868774414062,"Unknown"
"6227756",371834,2025-06-24 10:20:02,43.3295745849609,-8.49868202209473,"Unknown"
"6227756",371834,2025-06-24 10:25:02,43.3295822143555,-8.49871063232422,"Unknown"
"6227756",371834,2025-06-24 10:30:02,43.32958984375,-8.49868202209473,"Unknown"
"6227756",371834,2025-06-24 10:35:02,43.3296127319336,-8.49862670898438,"Unknown"
"6227756",371834,2025-06-24 10:40:02,43.3296508789062,-8.49857521057129,"Unknown"
"6227756",371834,2025-06-24 10:45:02,43.3295783996582,-8.49859428405762,"Unknown"
"6227756",371834,2025-06-24 10:50:02,43.3296813964844,-8.49859809875488,"Unknown"
"6227756",371834,2025-06-24 10:55:02,43.3296012878418,-8.49853324890137,"Unknown"
"6227756",371834,2025-06-24 11:00:02,43.3296089172363,-8.49853706359863,"Unknown"
"6227756",371834,2025-06-24 11:05:02,43.3295555114746,-8.49851512908936,"Unknown"
"6227756",371834,2025-06-24 11:10:02,43.3295822143555,-8.49855709075928,"Unknown"
"6227756",371834,2025-06-24 11:15:02,43.3295860290527,-8.49847316741943,"Unknown"
"6227756",371834,2025-06-24 11:20:02,43.3295783996582,-8.49848175048828,"Unknown"
"6227756",371834,2025-06-24 11:25:02,43.3296165466309,-8.49851703643799,"Unknown"
"6227756",371834,2025-06-24 11:30:02,43.3295936584473,-8.49853229522705,"Unknown"
"6227756",371834,2025-06-24 11:35:02,43.3296203613281,-8.49853229522705,"Unknown"
"6227756",371834,2025-06-24 11:40:02,43.3296508789062,-8.49856090545654,"Unknown"
"6227756",371834,2025-06-24 11:45:02,43.3296165466309,-8.49860000610352,"Unknown"
"6227756",371834,2025-06-24 11:50:02,43.3296318054199,-8.4985933303833,"Unknown"
"6227756",371834,2025-06-24 11:55:02,43.3296661376953,-8.49868297576904,"Unknown"
"6227756",371834,2025-06-24 12:00:02,43.329532623291,-8.49875259399414,"Unknown"
"6227756",371834,2025-06-24 12:05:03,43.3295860290527,-8.49879360198975,"Unknown"
"6227756",371834,2025-06-24 12:10:02,43.3296813964844,-8.49882125854492,"Unknown"
"6227756",371834,2025-06-24 12:15:02,43.3296089172363,-8.49879837036133,"Unknown"
"6227756",371834,2025-06-24 12:20:02,43.3296279907227,-8.49883556365967,"Unknown"
"6227756",371834,2025-06-24 12:25:03,43.3295822143555,-8.49883460998535,"Unknown"
"6227756",371834,2025-06-24 12:30:02,43.3292999267578,-8.49886322021484,"Unknown"
"6227756",371834,2025-06-24 12:35:02,43.3296432495117,-8.49886608123779,"Unknown"
"6227756",371834,2025-06-24 12:40:02,43.3296432495117,-8.49890327453613,"Unknown"
"6227756",371834,2025-06-24 12:45:02,43.3296432495117,-8.49892044067383,"Unknown"
"6227756",371834,2025-06-24 12:50:02,43.3296279907227,-8.49899101257324,"Unknown"
"6227756",371834,2025-06-24 12:55:02,43.3296394348145,-8.49894428253174,"Unknown"
"6227756",371834,2025-06-24 13:00:02,43.3296508789062,-8.49894523620605,"Unknown"
"6227756",371834,2025-06-24 13:05:03,43.3296813964844,-8.49886322021484,"Unknown"
"6227756",371834,2025-06-24 13:10:03,43.3298187255859,-8.4986572265625,"Unknown"
"6227756",371834,2025-06-24 13:15:03,43.3297309875488,-8.49887657165527,"Unknown"
"6227756",371834,2025-06-24 13:20:06,43.3296279907227,-8.49885654449463,"Unknown"
"6227756",371834,2025-06-24 13:25:02,43.3296203613281,-8.49889183044434,"Unknown"
"6227756",371834,2025-06-24 13:30:02,43.3292770385742,-8.4993896484375,"Unknown"
"6227756",371834,2025-06-24 13:35:02,43.329532623291,-8.49895572662354,"Unknown"
"6227756",371834,2025-06-24 13:40:02,43.329647064209,-8.4988956451416,"Unknown"
"6227756",371834,2025-06-24 13:45:02,43.3296241760254,-8.49884986877441,"Unknown"
"6227756",371834,2025-06-24 13:50:02,43.3296241760254,-8.49887180328369,"Unknown"
"6227756",371834,2025-06-24 13:55:02,43.3295936584473,-8.49889183044434,"Unknown"
"6227756",371834,2025-06-24 14:00:02,43.3296279907227,-8.49887943267822,"Unknown"
"6227756",371834,2025-06-24 14:05:02,43.3296356201172,-8.4988374710083,"Unknown"
"6227756",371834,2025-06-24 14:10:02,43.3296356201172,-8.49885845184326,"Unknown"
"6227756",371834,2025-06-24 14:15:02,43.3296089172363,-8.49886512756348,"Unknown"
"6227756",371834,2025-06-24 14:20:02,43.3295822143555,-8.49884033203125,"Unknown"
"6227756",371834,2025-06-24 14:25:02,43.3296051025391,-8.49887371063232,"Unknown"
"6227756",371834,2025-06-24 14:30:02,43.3295707702637,-8.49887752532959,"Unknown"
"6227756",371834,2025-06-24 14:35:02,43.3295822143555,-8.49885082244873,"Unknown"
"6227756",371834,2025-06-24 14:40:02,43.3295974731445,-8.4988317489624,"Unknown"
"6227756",371834,2025-06-24 14:45:02,43.3296051025391,-8.49888134002686,"Unknown"
"6227756",371834,2025-06-24 14:50:02,43.3296318054199,-8.49888706207275,"Unknown"
"6227756",371834,2025-06-24 14:55:02,43.3296546936035,-8.49888896942139,"Unknown"
"6227756",371834,2025-06-24 15:00:02,43.3296165466309,-8.49883365631104,"Unknown"
"6227756",371834,2025-06-24 15:05:02,43.3296890258789,-8.49891948699951,"Unknown"
"6227756",371834,2025-06-24 15:10:02,43.3295631408691,-8.49880409240723,"Unknown"
"6227756",371834,2025-06-24 15:15:02,43.3295555114746,-8.49889373779297,"Unknown"
"6227756",371834,2025-06-24 15:20:02,43.3295440673828,-8.49887943267822,"Unknown"
"6227756",371834,2025-06-24 15:25:02,43.3294792175293,-8.4987735748291,"Unknown"
"6227756",371834,2025-06-24 15:30:02,43.3294868469238,-8.4988431930542,"Unknown"
"6227756",371834,2025-06-24 15:35:02,43.3296394348145,-8.49872970581055,"Unknown"
"6227756",371834,2025-06-24 15:40:02,43.3293952941895,-8.49929428100586,"Unknown"
"6227756",371834,2025-06-24 15:45:02,43.3295745849609,-8.4989652633667,"Unknown"
"6227756",371834,2025-06-24 15:50:03,43.3297500610352,-8.49870777130127,"Unknown"
"6227756",371834,2025-06-24 15:55:02,43.3296203613281,-8.49891376495361,"Unknown"
"6227756",371834,2025-06-24 16:00:02,43.3295822143555,-8.4989013671875,"Unknown"
"6227756",371834,2025-06-24 16:05:02,43.3296394348145,-8.49886131286621,"Unknown"
"6227756",371834,2025-06-24 16:10:02,43.3296012878418,-8.49893569946289,"Unknown"
"6227756",371834,2025-06-24 16:15:02,43.3296127319336,-8.49890995025635,"Unknown"
"6227756",371834,2025-06-24 16:20:02,43.3297004699707,-8.49882030487061,"Unknown"
"6227756",371834,2025-06-24 16:25:03,43.3297271728516,-8.49880695343018,"Unknown"
"6227756",371834,2025-06-24 16:30:03,43.3297424316406,-8.49877452850342,"Unknown"
"6227756",371834,2025-06-24 16:35:03,43.3297157287598,-8.49878120422363,"Unknown"
"6227756",371834,2025-06-24 16:40:06,43.3297348022461,-8.49874782562256,"Unknown"
"6227756",371834,2025-06-24 16:45:03,43.3296928405762,-8.49877071380615,"Unknown"
"6227756",371834,2025-06-24 16:50:03,43.3297157287598,-8.49879169464111,"Unknown"
"6227756",371834,2025-06-24 16:55:03,43.3296318054199,-8.49878978729248,"Unknown"
"6227756",371834,2025-06-24 17:00:03,43.3296127319336,-8.49877166748047,"Unknown"
"6227756",371834,2025-06-24 17:05:06,43.3295707702637,-8.49880313873291,"Unknown"
"6227756",371834,2025-06-24 17:10:08,43.3294410705566,-8.49876594543457,"Unknown"
"6227756",371834,2025-06-24 17:15:08,43.3294410705566,-8.49872589111328,"Unknown"
"6227756",371834,2025-06-24 17:20:10,43.3294372558594,-8.49884223937988,"Unknown"
"6227756",371834,2025-06-24 17:25:03,43.3294486999512,-8.49897003173828,"Unknown"
"6227756",371834,2025-06-24 17:30:03,43.329460144043,-8.49899482727051,"Unknown"
"6227756",371834,2025-06-24 17:35:03,43.3294410705566,-8.49896430969238,"Unknown"
"6227756",371834,2025-06-24 17:40:03,43.3293991088867,-8.49892330169678,"Unknown"
"6227756",371834,2025-06-24 17:45:03,43.3294906616211,-8.49896812438965,"Unknown"
"6227756",371834,2025-06-24 17:50:06,43.3294486999512,-8.49886989593506,"Unknown"
"6227756",371834,2025-06-24 17:55:05,43.3294525146484,-8.49892997741699,"Unknown"
"6227756",371834,2025-06-24 18:00:03,43.3296966552734,-8.49906635284424,"Unknown"
"6227756",371834,2025-06-24 18:05:05,43.3297309875488,-8.49906826019287,"Unknown"
"6227756",371834,2025-06-24 18:10:05,43.3297691345215,-8.49907302856445,"Unknown"
"6227756",371834,2025-06-24 18:15:03,43.3296890258789,-8.49900245666504,"Unknown"
"6227756",371834,2025-06-24 18:20:03,43.3296775817871,-8.49903106689453,"Unknown"
"6227756",371834,2025-06-24 18:25:04,43.3298187255859,-8.49921226501465,"Unknown"
"6227756",371834,2025-06-24 18:30:05,43.3297996520996,-8.49916172027588,"Unknown"
"6227756",371834,2025-06-24 18:35:07,43.3296661376953,-8.49897193908691,"Unknown"
"6227756",371834,2025-06-24 18:40:04,43.3298492431641,-8.49908638000488,"Unknown"
"6227756",371834,2025-06-24 18:45:05,43.3297843933105,-8.49915504455566,"Unknown"
"6227756",371834,2025-06-24 18:50:04,43.3298034667969,-8.49921226501465,"Unknown"
"6227756",371834,2025-06-24 18:55:04,43.3298110961914,-8.49914360046387,"Unknown"
"6227756",371834,2025-06-24 19:00:03,43.3297729492188,-8.49913501739502,"Unknown"
"6227756",371834,2025-06-24 19:05:04,43.3297119140625,-8.49916934967041,"Unknown"
"6227756",371834,2025-06-24 19:10:04,43.3296966552734,-8.49905586242676,"Unknown"
"6227756",371834,2025-06-24 19:15:04,43.3296661376953,-8.49903106689453,"Unknown"
"6227756",371834,2025-06-24 19:20:04,43.3296432495117,-8.49898147583008,"Unknown"
"6227756",371834,2025-06-24 19:25:04,43.3293571472168,-8.49923515319824,"Unknown"
"6227756",371834,2025-06-24 19:30:04,43.3293762207031,-8.49927139282227,"Unknown"
"6227756",371834,2025-06-24 19:35:04,43.3296394348145,-8.49893569946289,"Unknown"
"6227756",371834,2025-06-24 19:40:05,43.3294715881348,-8.4991626739502,"Unknown"
"6227756",371834,2025-06-24 19:45:04,43.3295097351074,-8.49911785125732,"Unknown"
"6227756",371834,2025-06-24 19:50:04,43.3295249938965,-8.49907302856445,"Unknown"
"6227756",371834,2025-06-24 19:55:04,43.3296279907227,-8.49897956848145,"Unknown"
"6227756",371834,2025-06-24 20:00:05,43.3295860290527,-8.49903297424316,"Unknown"
"6227756",371834,2025-06-24 20:05:04,43.3295593261719,-8.49902439117432,"Unknown"
"6227756",371834,2025-06-24 20:10:05,43.3296089172363,-8.49896430969238,"Unknown"
"6227756",371834,2025-06-24 20:15:07,43.3295288085938,-8.49896049499512,"Unknown"
"6227756",371834,2025-06-24 20:20:03,43.3294525146484,-8.49896049499512,"Unknown"
"6227756",371834,2025-06-24 20:25:03,43.3294830322266,-8.4988899230957,"Unknown"
"6227756",371834,2025-06-24 20:30:03,43.3295707702637,-8.49884986877441,"Unknown"
"6227756",371834,2025-06-24 20:35:03,43.3294372558594,-8.49881935119629,"Unknown"
"6227756",371834,2025-06-24 20:40:03,43.3294982910156,-8.49880313873291,"Unknown"
"6227756",371834,2025-06-24 20:45:03,43.329460144043,-8.49875640869141,"Unknown"
"6227756",371834,2025-06-24 20:50:03,43.3294792175293,-8.49874496459961,"Unknown"
"6227756",371834,2025-06-24 20:55:03,43.3294677734375,-8.49872493743896,"Unknown"
"6227756",371834,2025-06-24 21:00:03,43.3294906616211,-8.4986515045166,"Unknown"
"6227756",371834,2025-06-24 21:05:03,43.3294982910156,-8.49858570098877,"Unknown"
"6227756",371834,2025-06-24 21:10:03,43.3295249938965,-8.49862670898438,"Unknown"
"6227756",371834,2025-06-24 21:15:03,43.3294944763184,-8.49861717224121,"Unknown"
"6227756",371834,2025-06-24 21:20:05,43.3295516967773,-8.49860000610352,"Unknown"
"6227756",371834,2025-06-24 21:25:03,43.3295707702637,-8.49857616424561,"Unknown"
"6227756",371834,2025-06-24 21:30:03,43.3295936584473,-8.49853897094727,"Unknown"
"6227756",371834,2025-06-24 21:35:03,43.3296127319336,-8.49856662750244,"Unknown"
"6227756",371834,2025-06-24 21:40:03,43.3296394348145,-8.49856376647949,"Unknown"
"6227756",371834,2025-06-24 21:45:03,43.329704284668,-8.49856281280518,"Unknown"
"6227756",371834,2025-06-24 21:50:03,43.3298301696777,-8.4985876083374,"Unknown"
"6227756",371834,2025-06-24 21:55:03,43.3297653198242,-8.4987850189209,"Unknown"
"6227756",371834,2025-06-24 22:00:03,43.329761505127,-8.4986400604248,"Unknown"
"6227756",371834,2025-06-24 22:05:03,43.3296165466309,-8.49858856201172,"Unknown"
"6227756",371834,2025-06-24 22:10:03,43.3296966552734,-8.49847507476807,"Unknown"
"6227756",371834,2025-06-24 22:15:03,43.329719543457,-8.49856567382812,"Unknown"
"6227756",371834,2025-06-24 22:20:03,43.3297805786133,-8.49865055084229,"Unknown"
"6227756",371834,2025-06-24 22:25:03,43.329704284668,-8.49863243103027,"Unknown"
"6227756",371834,2025-06-24 22:30:03,43.3297500610352,-8.49869441986084,"Unknown"
"6227756",371834,2025-06-24 22:35:03,43.3295288085938,-8.49878025054932,"Unknown"
"6227756",371834,2025-06-24 22:40:03,43.329532623291,-8.49884223937988,"Unknown"
"6227756",371834,2025-06-24 22:45:03,43.3295021057129,-8.49888801574707,"Unknown"
"6227756",371834,2025-06-24 22:50:03,43.3294486999512,-8.49889850616455,"Unknown"
"6227756",371834,2025-06-24 22:55:03,43.3293952941895,-8.4989538192749,"Unknown"
"6227756",371834,2025-06-24 23:00:03,43.329475402832,-8.4989128112793,"Unknown"
"6227756",371834,2025-06-24 23:05:03,43.3295135498047,-8.49889755249023,"Unknown"
"6227756",371834,2025-06-24 23:10:03,43.3295440673828,-8.49887752532959,"Unknown"
"6227756",371834,2025-06-24 23:15:03,43.3294830322266,-8.4989128112793,"Unknown"
"6227756",371834,2025-06-24 23:20:03,43.3295211791992,-8.49892616271973,"Unknown"
"6227756",371834,2025-06-24 23:25:03,43.3295097351074,-8.49889755249023,"Unknown"
"6227756",371834,2025-06-24 23:30:03,43.3294715881348,-8.49891471862793,"Unknown"
"6227756",371834,2025-06-24 23:35:03,43.3294448852539,-8.49887752532959,"Unknown"
"6227756",371834,2025-06-24 23:40:03,43.329460144043,-8.49886798858643,"Unknown"
"6227756",371834,2025-06-24 23:45:03,43.3295135498047,-8.49888324737549,"Unknown"
"6227756",371834,2025-06-24 23:50:03,43.3294906616211,-8.49886608123779,"Unknown"
"6227756",371834,2025-06-24 23:55:05,43.3295364379883,-8.49889945983887,"Unknown"
"6227756",371834,2025-06-25 00:00:05,43.3296394348145,-8.49894142150879,"Unknown"
"6227756",371834,2025-06-25 00:05:05,43.32958984375,-8.49893474578857,"Unknown"
"6227756",371834,2025-06-25 00:10:03,43.3296661376953,-8.4989128112793,"Unknown"
"6227756",371834,2025-06-25 00:15:03,43.3296775817871,-8.49892997741699,"Unknown"
"6227756",371834,2025-06-25 00:20:03,43.3296279907227,-8.49894142150879,"Unknown"
"6227756",371834,2025-06-25 00:25:03,43.3296813964844,-8.49895095825195,"Unknown"
"6227756",371834,2025-06-25 00:30:07,43.3296699523926,-8.49896144866943,"Unknown"
"6227756",371834,2025-06-25 00:35:03,43.3297119140625,-8.49894905090332,"Unknown"
"6227756",371834,2025-06-25 00:40:05,43.3296661376953,-8.49896621704102,"Unknown"
"6227756",371834,2025-06-25 00:45:08,43.3297348022461,-8.49895763397217,"Unknown"
"6227756",371834,2025-06-25 00:50:08,43.3297119140625,-8.49896049499512,"Unknown"
"6227756",371834,2025-06-25 00:55:08,43.3297576904297,-8.49893569946289,"Unknown"
"6227756",371834,2025-06-25 01:00:08,43.3296775817871,-8.49900913238525,"Unknown"
"6227756",371834,2025-06-25 01:05:10,43.3297576904297,-8.49889373779297,"Unknown"
"6227756",371834,2025-06-25 01:10:03,43.3295059204102,-8.49889755249023,"Unknown"
"6227756",371834,2025-06-25 01:15:03,43.3294677734375,-8.49889469146729,"Unknown"
"6227756",371834,2025-06-25 01:20:03,43.3295669555664,-8.49888706207275,"Unknown"
"6227756",371834,2025-06-25 01:25:02,43.3296546936035,-8.49889087677002,"Unknown"
"6227756",371834,2025-06-25 01:30:03,43.3293609619141,-8.49891662597656,"Unknown"
"6227756",371834,2025-06-25 01:35:03,43.3295135498047,-8.49893188476562,"Unknown"
"6227756",371834,2025-06-25 01:40:03,43.329532623291,-8.49888038635254,"Unknown"
"6227756",371834,2025-06-25 01:45:03,43.329475402832,-8.49898719787598,"Unknown"
"6227756",371834,2025-06-25 01:50:05,43.3294525146484,-8.4990062713623,"Unknown"
"6227756",371834,2025-06-25 01:55:05,43.3294563293457,-8.49904251098633,"Unknown"
"6227756",371834,2025-06-25 02:00:05,43.3294944763184,-8.49900054931641,"Unknown"
"6227756",371834,2025-06-25 02:05:05,43.3294639587402,-8.49899768829346,"Unknown"
"6227756",371834,2025-06-25 02:10:03,43.3294067382812,-8.49898910522461,"Unknown"
"6227756",371834,2025-06-25 02:15:03,43.329418182373,-8.49893569946289,"Unknown"
"6227756",371834,2025-06-25 02:20:03,43.3294067382812,-8.49902057647705,"Unknown"
"6227756",371834,2025-06-25 02:25:06,43.3294219970703,-8.4989709854126,"Unknown"
"6227756",371834,2025-06-25 02:30:09,43.3278465270996,-8.49745941162109,"Unknown"
"6227756",371834,2025-06-25 02:35:13,43.3295364379883,-8.49901580810547,"Unknown"
"6227756",371834,2025-06-25 02:40:03,43.3296127319336,-8.49903964996338,"Unknown"
"6227756",371834,2025-06-25 02:45:03,43.3295135498047,-8.49894046783447,"Unknown"
"6227756",371834,2025-06-25 02:50:04,43.329460144043,-8.49895763397217,"Unknown"
"6227756",371834,2025-06-25 02:55:03,43.3295669555664,-8.49894046783447,"Unknown"
"6227756",371834,2025-06-25 03:00:03,43.3295021057129,-8.49894618988037,"Unknown"
"6227756",371834,2025-06-25 03:05:03,43.329475402832,-8.49895095825195,"Unknown"
"6227756",371834,2025-06-25 03:10:03,43.3295402526855,-8.49897289276123,"Unknown"
"6227756",371834,2025-06-25 03:15:03,43.329517364502,-8.49898910522461,"Unknown"
"6227756",371834,2025-06-25 03:20:03,43.329704284668,-8.49884510040283,"Unknown"
"6227756",371834,2025-06-25 03:25:03,43.3297805786133,-8.4987621307373,"Unknown"
"6227756",371834,2025-06-25 03:30:07,43.3297920227051,-8.4995174407959,"Unknown"
"6227756",371834,2025-06-25 03:35:10,43.3296737670898,-8.49901008605957,"Unknown"
"6227756",371834,2025-06-25 03:40:07,43.3295021057129,-8.49889183044434,"Unknown"
"6227756",371834,2025-06-25 03:45:09,43.3296089172363,-8.49874114990234,"Unknown"
"6227756",371834,2025-06-25 03:50:35,43.3294525146484,-8.49901103973389,"Unknown"
"6227756",371834,2025-06-25 03:55:08,43.329475402832,-8.49898052215576,"Unknown"
"6227756",371834,2025-06-25 04:00:08,43.3293380737305,-8.49902439117432,"Unknown"
"6227756",371834,2025-06-25 04:05:08,43.3294830322266,-8.49900341033936,"Unknown"
"6227756",371834,2025-06-25 04:10:08,43.3294868469238,-8.49899101257324,"Unknown"
"6227756",371834,2025-06-25 04:15:08,43.3294448852539,-8.49897575378418,"Unknown"
"6227756",371834,2025-06-25 04:20:08,43.3294563293457,-8.49900436401367,"Unknown"
"6227756",371834,2025-06-25 04:25:08,43.3294219970703,-8.49898529052734,"Unknown"
"6227756",371834,2025-06-25 04:30:08,43.329402923584,-8.49898433685303,"Unknown"
"6227756",371834,2025-06-25 04:35:07,43.329418182373,-8.49893188476562,"Unknown"
"6227756",371834,2025-06-25 04:40:08,43.329475402832,-8.49889659881592,"Unknown"
"6227756",371834,2025-06-25 04:45:06,43.3294715881348,-8.49894618988037,"Unknown"
"6227756",371834,2025-06-25 04:50:08,43.3294830322266,-8.49890804290771,"Unknown"
"6227756",371834,2025-06-25 04:55:08,43.3293609619141,-8.49891090393066,"Unknown"
"6227756",371834,2025-06-25 05:00:08,43.3295021057129,-8.49896621704102,"Unknown"
"6227756",371834,2025-06-25 05:05:08,43.3295097351074,-8.49897384643555,"Unknown"
"6227756",371834,2025-06-25 05:10:06,43.3294486999512,-8.4989767074585,"Unknown"
"6227756",371834,2025-06-25 05:15:08,43.3293800354004,-8.49882698059082,"Unknown"
"6227756",371834,2025-06-25 05:20:08,43.3294830322266,-8.49892807006836,"Unknown"
"6227756",371834,2025-06-25 05:25:08,43.3294525146484,-8.49897193908691,"Unknown"
"6227756",371834,2025-06-25 05:30:07,43.3294868469238,-8.49894905090332,"Unknown"
"6227756",371834,2025-06-25 05:35:05,43.3294258117676,-8.49879932403564,"Unknown"
"6227756",371834,2025-06-25 05:40:06,43.3295097351074,-8.49893379211426,"Unknown"
"6227756",371834,2025-06-25 05:45:09,43.3294143676758,-8.49884033203125,"Unknown"
"6227756",371834,2025-06-25 05:50:08,43.3293952941895,-8.49896240234375,"Unknown"
"6227756",371834,2025-06-25 05:55:07,43.3293342590332,-8.49889469146729,"Unknown"
"6227756",371834,2025-06-25 06:00:09,43.3294410705566,-8.49895763397217,"Unknown"
"6227756",371834,2025-06-25 06:05:10,43.3293952941895,-8.49905490875244,"Unknown"
"6227756",371834,2025-06-25 06:10:03,43.3295097351074,-8.49891662597656,"Unknown"
"6227756",371834,2025-06-25 06:15:03,43.3294143676758,-8.49899959564209,"Unknown"
"6227756",371834,2025-06-25 06:20:05,43.3294830322266,-8.49885177612305,"Unknown"
"6227756",371834,2025-06-25 06:25:03,43.3294715881348,-8.49898529052734,"Unknown"
"6227756",371834,2025-06-25 06:30:03,43.3294677734375,-8.49893760681152,"Unknown"
"6227756",371834,2025-06-25 06:35:03,43.3294219970703,-8.4990348815918,"Unknown"
"6227756",371834,2025-06-25 06:40:03,43.3294639587402,-8.49904537200928,"Unknown"
"6227756",371834,2025-06-25 06:45:03,43.330436706543,-8.49989128112793,"Unknown"
"6227756",371834,2025-06-25 06:50:13,43.3295707702637,-8.49844932556152,"Unknown"
"6227756",371834,2025-06-25 06:55:03,43.3294792175293,-8.49835586547852,"Unknown"
"6227756",371834,2025-06-25 07:00:05,43.3295440673828,-8.49807357788086,"Unknown"
"6227756",371834,2025-06-25 07:05:07,43.3297348022461,-8.4980640411377,"Unknown"
"6227756",371834,2025-06-25 07:10:07,43.3299446105957,-8.49824619293213,"Unknown"
"6227756",371834,2025-06-25 07:15:06,43.3299179077148,-8.49803924560547,"Unknown"
"6227756",371834,2025-06-25 07:20:03,43.3298072814941,-8.49802112579346,"Unknown"
"6227756",371834,2025-06-25 07:25:16,43.3291358947754,-8.49711036682129,"Unknown"
"6227756",371834,2025-06-25 07:30:05,43.3295822143555,-8.4991569519043,"Unknown"
"6227756",371834,2025-06-25 07:35:07,43.3298454284668,-8.49990463256836,"Unknown"
"6227756",371834,2025-06-25 07:40:07,43.3299827575684,-8.50112342834473,"Unknown"
"6227756",371834,2025-06-25 07:45:10,43.3299865722656,-8.49937152862549,"Unknown"
"6227756",371834,2025-06-25 07:50:03,43.329761505127,-8.49945640563965,"Unknown"
"6227756",371834,2025-06-25 07:55:03,43.3295402526855,-8.49894142150879,"Unknown"
"6227756",371834,2025-06-25 08:00:03,43.3294448852539,-8.49885559082031,"Unknown"
"6227756",371834,2025-06-25 08:05:06,43.3294639587402,-8.49890804290771,"Unknown"
"6227756",371834,2025-06-25 08:10:03,43.3294448852539,-8.49882984161377,"Unknown"
"6227756",371834,2025-06-25 08:15:06,43.329345703125,-8.49875545501709,"Unknown"
"6227756",371834,2025-06-25 08:20:07,43.3291931152344,-8.49862289428711,"Unknown"
"6227756",371834,2025-06-25 08:25:06,43.3294639587402,-8.49875736236572,"Unknown"
"6227756",371834,2025-06-25 08:30:08,43.3296432495117,-8.49878025054932,"Unknown"
"6227756",371834,2025-06-25 08:35:14,43.329517364502,-8.49892139434814,"Unknown"
"6227756",371834,2025-06-25 08:40:08,43.3296661376953,-8.49895763397217,"Unknown"
"6227756",371834,2025-06-25 08:45:08,43.329647064209,-8.4989185333252,"Unknown"
"6227756",371834,2025-06-25 08:50:09,43.3297843933105,-8.49894046783447,"Unknown"
"6227756",371834,2025-06-25 08:55:08,43.3297080993652,-8.49906063079834,"Unknown"
"6227756",371834,2025-06-25 09:00:08,43.3297538757324,-8.4989185333252,"Unknown"
"6227756",371834,2025-06-25 09:05:08,43.3298110961914,-8.49898624420166,"Unknown"
"6227756",371834,2025-06-25 09:10:08,43.3299293518066,-8.49896049499512,"Unknown"
"6227756",371834,2025-06-25 09:15:08,43.3298034667969,-8.49881172180176,"Unknown"
"6227756",371834,2025-06-25 09:20:03,43.3299407958984,-8.4987621307373,"Unknown"
"6227756",371834,2025-06-25 09:25:03,43.3298683166504,-8.4988317489624,"Unknown"
"6227756",371834,2025-06-25 09:30:08,43.3299789428711,-8.49874114990234,"Unknown"
"6227756",371834,2025-06-25 09:35:14,43.3294715881348,-8.49833106994629,"Unknown"
"6227756",371834,2025-06-25 09:40:03,43.3295097351074,-8.49837684631348,"Unknown"
"6227756",371834,2025-06-25 09:45:03,43.3295745849609,-8.49831867218018,"Unknown"
"6227756",371834,2025-06-25 09:50:05,43.3296051025391,-8.4982795715332,"Unknown"
"6227756",371834,2025-06-25 09:55:05,43.3295974731445,-8.49893665313721,"Unknown"
"6227756",371834,2025-06-25 10:00:06,43.3298377990723,-8.4976224899292,"Unknown"
"6227756",371834,2025-06-25 10:05:06,43.3294906616211,-8.49962520599365,"Unknown"
"6227756",371834,2025-06-25 10:10:07,43.3289756774902,-8.50155735015869,"Unknown"
"6227756",371834,2025-06-25 10:15:11,43.3292922973633,-8.50046920776367,"Unknown"
"6227756",371834,2025-06-25 10:20:09,43.3291816711426,-8.50069236755371,"Unknown"
"6227756",371834,2025-06-25 10:25:10,43.3292388916016,-8.50052070617676,"Unknown"
"6227756",371834,2025-06-25 10:30:10,43.3292808532715,-8.50068283081055,"Unknown"
"6227756",371834,2025-06-25 10:35:08,43.3292655944824,-8.50009822845459,"Unknown"
"6227756",371834,2025-06-25 10:40:08,43.3291511535645,-8.50133800506592,"Unknown"
"6227756",371834,2025-06-25 10:45:10,43.3298759460449,-8.49847602844238,"Unknown"
"6227756",371834,2025-06-25 10:50:09,43.3296966552734,-8.49850177764893,"Unknown"
"6227756",371834,2025-06-25 10:55:08,43.3297119140625,-8.49953174591064,"Unknown"
"6227756",371834,2025-06-25 11:00:06,43.3296203613281,-8.49922561645508,"Unknown"
"6227756",371834,2025-06-25 11:05:05,43.3294677734375,-8.49864387512207,"Unknown"
"6227756",371834,2025-06-25 11:10:05,43.3293991088867,-8.49854564666748,"Unknown"
"6227756",371834,2025-06-25 11:15:06,43.3293724060059,-8.49829387664795,"Unknown"
"6227756",371834,2025-06-25 11:20:07,43.3293952941895,-8.49840068817139,"Unknown"
"6227756",371834,2025-06-25 11:25:07,43.3294982910156,-8.49837875366211,"Unknown"
"6227756",371834,2025-06-25 11:30:12,43.3293533325195,-8.49893760681152,"Unknown"
"6227756",371834,2025-06-25 11:35:02,43.3295631408691,-8.49861812591553,"Unknown"
"6227756",371834,2025-06-25 11:40:04,43.3294715881348,-8.49887752532959,"Unknown"
"6227756",371834,2025-06-25 11:45:03,43.329475402832,-8.49889183044434,"Unknown"
"6227756",371834,2025-06-25 11:50:03,43.3294677734375,-8.49889850616455,"Unknown"
"6227756",371834,2025-06-25 11:55:35,43.3294792175293,-8.49895095825195,"Unknown"
"6227756",371834,2025-06-25 12:00:02,43.3294868469238,-8.49902248382568,"Unknown"
"6227756",371834,2025-06-25 12:05:02,43.3294906616211,-8.49899768829346,"Unknown"
"6227756",371834,2025-06-25 12:10:03,43.3294410705566,-8.49899673461914,"Unknown"
"6227756",371834,2025-06-25 12:15:02,43.3294105529785,-8.49896717071533,"Unknown"
"6227756",371834,2025-06-25 12:20:02,43.3294830322266,-8.49894618988037,"Unknown"
"6227756",371834,2025-06-25 12:25:02,43.3294868469238,-8.49906158447266,"Unknown"
"6227756",371834,2025-06-25 12:30:03,43.3294677734375,-8.49893665313721,"Unknown"
"6227756",371834,2025-06-25 12:35:03,43.3292503356934,-8.49901103973389,"Unknown"
"6227756",371834,2025-06-25 12:40:03,43.3294525146484,-8.49896717071533,"Unknown"
"6227756",371834,2025-06-25 12:45:03,43.3294830322266,-8.4990348815918,"Unknown"
"6227756",371834,2025-06-25 12:50:03,43.3294219970703,-8.49900436401367,"Unknown"
"6227756",371834,2025-06-25 12:55:03,43.3293876647949,-8.49901390075684,"Unknown"
"6227756",371834,2025-06-25 13:00:03,43.3293876647949,-8.4990234375,"Unknown"
"6227756",371834,2025-06-25 13:05:03,43.3294792175293,-8.4990177154541,"Unknown"
"6227756",371834,2025-06-25 13:10:03,43.3294448852539,-8.49902629852295,"Unknown"
"6227756",371834,2025-06-25 13:15:03,43.329460144043,-8.49900913238525,"Unknown"
"6227756",371834,2025-06-25 13:20:03,43.3294219970703,-8.49907684326172,"Unknown"
"6227756",371834,2025-06-25 13:25:03,43.3295555114746,-8.49900054931641,"Unknown"
"6227756",371834,2025-06-25 13:30:03,43.3294525146484,-8.49901962280273,"Unknown"
"6227756",371834,2025-06-25 13:35:03,43.3294372558594,-8.49898242950439,"Unknown"
"6227756",371834,2025-06-25 13:40:03,43.3294486999512,-8.49903869628906,"Unknown"
"6227756",371834,2025-06-25 13:45:03,43.3294448852539,-8.49905872344971,"Unknown"
"6227756",371834,2025-06-25 13:50:03,43.3294792175293,-8.49900531768799,"Unknown"
"6227756",371834,2025-06-25 13:55:03,43.3294296264648,-8.49901294708252,"Unknown"
"6227756",371834,2025-06-25 14:00:05,43.3294410705566,-8.49908256530762,"Unknown"
"6227756",371834,2025-06-25 14:05:05,43.3294143676758,-8.49907779693604,"Unknown"
"6227756",371834,2025-06-25 14:10:09,43.3294715881348,-8.49899291992188,"Unknown"
"6227756",371834,2025-06-25 14:15:12,43.3294296264648,-8.49917984008789,"Unknown"
"6227756",371834,2025-06-25 14:20:06,43.3294372558594,-8.49916172027588,"Unknown"
"6227756",371834,2025-06-25 14:25:08,43.329460144043,-8.49910068511963,"Unknown"
"6227756",371834,2025-06-25 14:30:08,43.3294448852539,-8.49911689758301,"Unknown"
"6227756",371834,2025-06-25 14:35:07,43.3294830322266,-8.49902057647705,"Unknown"
"6227756",371834,2025-06-25 14:40:08,43.3294715881348,-8.49904823303223,"Unknown"
"6227756",371834,2025-06-25 14:45:10,43.3294715881348,-8.49910640716553,"Unknown"
"6227756",371834,2025-06-25 14:50:08,43.3294525146484,-8.49918460845947,"Unknown"
"6227756",371834,2025-06-25 14:55:14,43.3294830322266,-8.49918460845947,"Unknown"
"6227756",371834,2025-06-25 15:00:08,43.3294639587402,-8.49927234649658,"Unknown"
"6227756",371834,2025-06-25 15:05:08,43.3294830322266,-8.49921321868896,"Unknown"
"6227756",371834,2025-06-25 15:10:08,43.3294525146484,-8.49911117553711,"Unknown"
"6227756",371834,2025-06-25 15:15:12,43.3294639587402,-8.49933528900146,"Unknown"
"6227756",371834,2025-06-25 15:20:11,43.3294830322266,-8.49914360046387,"Unknown"
"6227756",371834,2025-06-25 15:25:16,43.3294906616211,-8.49919509887695,"Unknown"
"6227756",371834,2025-06-25 15:30:09,43.3294715881348,-8.4991512298584,"Unknown"
"6227756",371834,2025-06-25 15:35:30,43.3295593261719,-8.49925136566162,"Unknown"
"6227756",371834,2025-06-25 15:40:35,43.3294868469238,-8.49899005889893,"Unknown"
"6227756",371834,2025-06-25 15:45:02,43.3295135498047,-8.4989767074585,"Unknown"
"6227756",371834,2025-06-25 15:50:02,43.3295059204102,-8.49887943267822,"Unknown"
"6227756",371834,2025-06-25 15:55:02,43.329517364502,-8.49894905090332,"Unknown"
"6227756",371834,2025-06-25 16:00:02,43.329532623291,-8.49904251098633,"Unknown"
"6227756",371834,2025-06-25 16:05:02,43.329475402832,-8.49901962280273,"Unknown"
"6227756",371834,2025-06-25 16:10:02,43.3294792175293,-8.49896240234375,"Unknown"
"6227756",371834,2025-06-25 16:15:02,43.3294944763184,-8.49899196624756,"Unknown"
"6227756",371834,2025-06-25 16:20:02,43.3295478820801,-8.49893283843994,"Unknown"
"6227756",371834,2025-06-25 16:25:02,43.3295288085938,-8.49898052215576,"Unknown"
"6227756",371834,2025-06-25 16:30:02,43.3295059204102,-8.49895763397217,"Unknown"
"6227756",371834,2025-06-25 16:35:02,43.3294982910156,-8.49903011322021,"Unknown"
"6227756",371834,2025-06-25 16:40:03,43.3294334411621,-8.49901485443115,"Unknown"
"6227756",371834,2025-06-25 16:45:03,43.3294334411621,-8.49893760681152,"Unknown"
"6227756",371834,2025-06-25 16:50:02,43.3295669555664,-8.49896240234375,"Unknown"
"6227756",371834,2025-06-25 16:55:04,43.3294296264648,-8.49897766113281,"Unknown"
"6227756",371834,2025-06-25 17:00:03,43.3294868469238,-8.49899578094482,"Unknown"
"6227756",371834,2025-06-25 17:05:04,43.329475402832,-8.49900245666504,"Unknown"
"6227756",371834,2025-06-25 17:10:05,43.3295135498047,-8.49916362762451,"Unknown"
"6227756",371834,2025-06-25 17:15:03,43.3294410705566,-8.49903964996338,"Unknown"
"6227756",371834,2025-06-25 17:20:03,43.329517364502,-8.49900341033936,"Unknown"
"6227756",371834,2025-06-25 17:25:03,43.3295059204102,-8.49899101257324,"Unknown"
"6227756",371834,2025-06-25 17:30:04,43.3294525146484,-8.49898529052734,"Unknown"
"6227756",371834,2025-06-25 17:35:03,43.3295364379883,-8.49905490875244,"Unknown"
"6227756",371834,2025-06-25 17:40:03,43.329402923584,-8.49894237518311,"Unknown"
"6227756",371834,2025-06-25 17:45:03,43.3295783996582,-8.4991283416748,"Unknown"
"6227756",371834,2025-06-25 17:50:04,43.329418182373,-8.49888324737549,"Unknown"
"6227756",371834,2025-06-25 17:55:06,43.3294334411621,-8.49901962280273,"Unknown"
"6227756",371834,2025-06-25 18:00:10,43.3294372558594,-8.49899291992188,"Unknown"
"6227756",371834,2025-06-25 18:05:10,43.3293914794922,-8.49890422821045,"Unknown"
"6227756",371834,2025-06-25 18:10:14,43.3293342590332,-8.49876499176025,"Unknown"
"6227756",371834,2025-06-25 18:15:09,43.3293762207031,-8.49879169464111,"Unknown"
"6227756",371834,2025-06-25 18:20:16,43.3296394348145,-8.49917602539062,"Unknown"
"6227756",371834,2025-06-25 18:25:12,43.3296279907227,-8.49904537200928,"Unknown"
"6227756",371834,2025-06-25 18:30:15,43.3296012878418,-8.49884033203125,"Unknown"
"6227756",371834,2025-06-25 18:35:07,43.3294677734375,-8.49890232086182,"Unknown"
"6227756",371834,2025-06-25 18:40:11,43.3296546936035,-8.49914264678955,"Unknown"
"6227756",371834,2025-06-25 18:45:08,43.3297538757324,-8.49949550628662,"Unknown"
"6227756",371834,2025-06-25 18:50:08,43.3297004699707,-8.49936676025391,"Unknown"
"6227756",371834,2025-06-25 18:55:09,43.3295059204102,-8.49919509887695,"Unknown"
"6227756",371834,2025-06-25 19:00:10,43.3295211791992,-8.49933242797852,"Unknown"
"6227756",371834,2025-06-25 19:05:08,43.3295745849609,-8.49935722351074,"Unknown"
"6227756",371834,2025-06-25 19:10:05,43.3294067382812,-8.49904918670654,"Unknown"
"6227756",371834,2025-06-25 19:15:18,43.3295631408691,-8.49912357330322,"Unknown"
"6227756",371834,2025-06-25 19:20:23,43.3295593261719,-8.49915504455566,"Unknown"
"6227756",371834,2025-06-25 19:25:27,43.3295593261719,-8.49909687042236,"Unknown"
"6227756",371834,2025-06-25 19:30:30,43.3295555114746,-8.49911785125732,"Unknown"
"6227756",371834,2025-06-25 19:35:31,43.3295440673828,-8.49903297424316,"Unknown"
"6227756",371834,2025-06-25 19:40:02,43.329475402832,-8.49903106689453,"Unknown"
"6227756",371834,2025-06-25 19:45:02,43.3295249938965,-8.49895668029785,"Unknown"
"6227756",371834,2025-06-25 19:50:02,43.3294296264648,-8.49901103973389,"Unknown"
"6227756",371834,2025-06-25 19:55:02,43.3294563293457,-8.49899673461914,"Unknown"
"6227756",371834,2025-06-25 20:00:02,43.3294296264648,-8.49902057647705,"Unknown"
"6227756",371834,2025-06-25 20:05:02,43.3294334411621,-8.49901485443115,"Unknown"
"6227756",371834,2025-06-25 20:10:02,43.3294334411621,-8.49901962280273,"Unknown"
"6227756",371834,2025-06-25 20:15:02,43.3294639587402,-8.49898242950439,"Unknown"
"6227756",371834,2025-06-25 20:20:02,43.3294525146484,-8.49901676177979,"Unknown"
"6227756",371834,2025-06-25 20:25:02,43.3294448852539,-8.49899005889893,"Unknown"
"6227756",371834,2025-06-25 20:30:02,43.3294830322266,-8.49899005889893,"Unknown"
"6227756",371834,2025-06-25 20:35:03,43.3294372558594,-8.49900150299072,"Unknown"
"6227756",371834,2025-06-25 20:40:03,43.3295211791992,-8.49898433685303,"Unknown"
"6227756",371834,2025-06-25 20:45:03,43.3294258117676,-8.49901485443115,"Unknown"
"6227756",371834,2025-06-25 20:50:03,43.3294258117676,-8.49899387359619,"Unknown"
"6227756",371834,2025-06-25 20:55:03,43.3294486999512,-8.49896049499512,"Unknown"
"6227756",371834,2025-06-25 21:00:03,43.3294448852539,-8.49895477294922,"Unknown"
"6227756",371834,2025-06-25 21:05:03,43.3294944763184,-8.49896049499512,"Unknown"
"6227756",371834,2025-06-25 21:10:03,43.3295097351074,-8.49899864196777,"Unknown"
"6227756",371834,2025-06-25 21:15:03,43.329517364502,-8.49897384643555,"Unknown"
"6227756",371834,2025-06-25 21:20:03,43.3294410705566,-8.49892807006836,"Unknown"
"6227756",371834,2025-06-25 21:25:03,43.3294715881348,-8.49895286560059,"Unknown"
"6227756",371834,2025-06-25 21:30:03,43.3294677734375,-8.49894046783447,"Unknown"
"6227756",371834,2025-06-25 21:35:03,43.3294525146484,-8.49895763397217,"Unknown"
"6227756",371834,2025-06-25 21:40:03,43.3294372558594,-8.49896049499512,"Unknown"
"6227756",371834,2025-06-25 21:45:03,43.3295059204102,-8.49897861480713,"Unknown"
"6227756",371834,2025-06-25 21:50:03,43.329460144043,-8.49895095825195,"Unknown"
"6227756",371834,2025-06-25 21:55:03,43.3294486999512,-8.49887275695801,"Unknown"
"6227756",371834,2025-06-25 22:00:05,43.3295059204102,-8.49896240234375,"Unknown"
"6227756",371834,2025-06-25 22:05:05,43.3295135498047,-8.49876880645752,"Unknown"
"6227756",371834,2025-06-25 22:10:03,43.329460144043,-8.49888706207275,"Unknown"
"6227756",371834,2025-06-25 22:15:03,43.3295097351074,-8.49894237518311,"Unknown"
"6227756",371834,2025-06-25 22:20:05,43.3294944763184,-8.49890995025635,"Unknown"
"6227756",371834,2025-06-25 22:25:05,43.329517364502,-8.49890518188477,"Unknown"
"6227756",371834,2025-06-25 22:30:05,43.3294906616211,-8.49896717071533,"Unknown"
"6227756",371834,2025-06-25 22:35:05,43.3295288085938,-8.49892902374268,"Unknown"
"6227756",371834,2025-06-25 22:40:05,43.3295631408691,-8.49888134002686,"Unknown"
"6227756",371834,2025-06-25 22:45:08,43.3296012878418,-8.4985990524292,"Unknown"
"6227756",371834,2025-06-25 22:50:08,43.3295707702637,-8.49872398376465,"Unknown"
"6227756",371834,2025-06-25 22:55:13,43.3296279907227,-8.49881172180176,"Unknown"
"6227756",371834,2025-06-25 23:00:08,43.32958984375,-8.49864196777344,"Unknown"
"6227756",371834,2025-06-25 23:05:08,43.3296051025391,-8.4986457824707,"Unknown"
"6227756",371834,2025-06-25 23:10:08,43.3296051025391,-8.49885845184326,"Unknown"
"6227756",371834,2025-06-25 23:15:08,43.3296127319336,-8.49911975860596,"Unknown"
"6227756",371834,2025-06-25 23:20:08,43.3295402526855,-8.49878406524658,"Unknown"
"6227756",371834,2025-06-25 23:25:08,43.3295555114746,-8.49896430969238,"Unknown"
"6227756",371834,2025-06-25 23:30:10,43.3294105529785,-8.49911594390869,"Unknown"
"6227756",371834,2025-06-25 23:35:08,43.3295593261719,-8.49878883361816,"Unknown"
"6227756",371834,2025-06-25 23:40:08,43.3295783996582,-8.4988431930542,"Unknown"
"6227756",371834,2025-06-25 23:45:11,43.3294868469238,-8.49893760681152,"Unknown"
"6227756",371834,2025-06-25 23:50:08,43.3294143676758,-8.4988489151001,"Unknown"
"6227756",371834,2025-06-25 23:55:07,43.3294486999512,-8.49879455566406,"Unknown"
"6227756",371834,2025-06-26 00:00:06,43.329460144043,-8.49875831604004,"Unknown"
"6227756",371834,2025-06-26 00:05:08,43.3294677734375,-8.49904727935791,"Unknown"
"6227756",371834,2025-06-26 00:10:06,43.3294906616211,-8.49889469146729,"Unknown"
"6227756",371834,2025-06-26 00:15:14,43.3292427062988,-8.49880504608154,"Unknown"
"6227756",371834,2025-06-26 00:20:08,43.3292007446289,-8.49880218505859,"Unknown"
"6227756",371834,2025-06-26 00:25:08,43.3290367126465,-8.49882698059082,"Unknown"
"6227756",371834,2025-06-26 00:30:33,43.3294143676758,-8.49903106689453,"Unknown"
"6227756",371834,2025-06-26 00:35:07,43.3294372558594,-8.49895477294922,"Unknown"
"6227756",371834,2025-06-26 00:40:03,43.3295936584473,-8.49891471862793,"Unknown"
"6227756",371834,2025-06-26 00:45:07,43.3295402526855,-8.49896335601807,"Unknown"
"6227756",371834,2025-06-26 00:50:07,43.3295516967773,-8.49896335601807,"Unknown"
"6227756",371834,2025-06-26 00:55:06,43.3295669555664,-8.49892520904541,"Unknown"
"6227756",371834,2025-06-26 01:00:08,43.3296051025391,-8.49891090393066,"Unknown"
"6227756",371834,2025-06-26 01:05:05,43.3296165466309,-8.49892711639404,"Unknown"
"6227756",371834,2025-06-26 01:10:03,43.329662322998,-8.49892425537109,"Unknown"
"6227756",371834,2025-06-26 01:15:03,43.3296318054199,-8.49891376495361,"Unknown"
"6227756",371834,2025-06-26 01:20:08,43.329532623291,-8.49892711639404,"Unknown"
"6227756",371834,2025-06-26 01:25:03,43.3295097351074,-8.49889373779297,"Unknown"
"6227756",371834,2025-06-26 01:30:03,43.3295593261719,-8.4988899230957,"Unknown"
"6227756",371834,2025-06-26 01:35:03,43.3295364379883,-8.49894523620605,"Unknown"
"6227756",371834,2025-06-26 01:40:03,43.3295669555664,-8.49893283843994,"Unknown"
"6227756",371834,2025-06-26 01:45:03,43.3295021057129,-8.49897480010986,"Unknown"
"6227756",371834,2025-06-26 01:50:03,43.3295364379883,-8.49895000457764,"Unknown"
"6227756",371834,2025-06-26 01:55:03,43.329517364502,-8.49895572662354,"Unknown"
"6227756",371834,2025-06-26 02:00:03,43.3295097351074,-8.49893569946289,"Unknown"
"6227756",371834,2025-06-26 02:05:03,43.3294830322266,-8.49892902374268,"Unknown"
"6227756",371834,2025-06-26 02:10:06,43.3295364379883,-8.49897480010986,"Unknown"
"6227756",371834,2025-06-26 02:15:03,43.329517364502,-8.49897956848145,"Unknown"
"6227756",371834,2025-06-26 02:20:05,43.3294715881348,-8.49892616271973,"Unknown"
"6227756",371834,2025-06-26 02:25:11,43.329418182373,-8.4988489151001,"Unknown"
"6227756",371834,2025-06-26 02:30:03,43.3293952941895,-8.49884223937988,"Unknown"
"6227756",371834,2025-06-26 02:35:06,43.3293991088867,-8.4988956451416,"Unknown"
"6227756",371834,2025-06-26 02:40:06,43.3294944763184,-8.49884796142578,"Unknown"
"6227756",371834,2025-06-26 02:45:14,43.3295555114746,-8.49893665313721,"Unknown"
"6227756",371834,2025-06-26 02:50:06,43.32958984375,-8.49883937835693,"Unknown"
"6227756",371834,2025-06-26 02:55:06,43.3296279907227,-8.49883079528809,"Unknown"
"6227756",371834,2025-06-26 03:00:08,43.3295440673828,-8.49888896942139,"Unknown"
"6227756",371834,2025-06-26 03:05:05,43.3296241760254,-8.49887371063232,"Unknown"
"6227756",371834,2025-06-26 03:10:06,43.3296127319336,-8.49890422821045,"Unknown"
"6227756",371834,2025-06-26 03:15:06,43.3296661376953,-8.49874973297119,"Unknown"
"6227756",371834,2025-06-26 03:20:06,43.3296203613281,-8.49878406524658,"Unknown"
"6227756",371834,2025-06-26 03:25:07,43.3296699523926,-8.4987678527832,"Unknown"
"6227756",371834,2025-06-26 03:30:08,43.3293342590332,-8.49890327453613,"Unknown"
"6227756",371834,2025-06-26 03:35:16,43.3294982910156,-8.49892234802246,"Unknown"
"6227756",371834,2025-06-26 03:40:14,43.3295974731445,-8.49877452850342,"Unknown"
"6227756",371834,2025-06-26 03:45:35,43.3294982910156,-8.49898147583008,"Unknown"
"6227756",371834,2025-06-26 03:50:02,43.3294219970703,-8.4991979598999,"Unknown"
"6227756",371834,2025-06-26 03:55:03,43.3295516967773,-8.49900817871094,"Unknown"
"6227756",371834,2025-06-26 04:00:03,43.3295478820801,-8.4990348815918,"Unknown"
"6227756",371834,2025-06-26 04:05:02,43.3294868469238,-8.49910545349121,"Unknown"
"6227756",371834,2025-06-26 04:10:03,43.329460144043,-8.49909210205078,"Unknown"
"6227756",371834,2025-06-26 04:15:03,43.3295249938965,-8.49905872344971,"Unknown"
"6227756",371834,2025-06-26 04:20:03,43.3295669555664,-8.49900817871094,"Unknown"
"6227756",371834,2025-06-26 04:25:03,43.3295097351074,-8.4990177154541,"Unknown"
"6227756",371834,2025-06-26 04:30:03,43.3295135498047,-8.49909210205078,"Unknown"
"6227756",371834,2025-06-26 04:35:03,43.3294982910156,-8.49905395507812,"Unknown"
"6227756",371834,2025-06-26 04:40:03,43.3295249938965,-8.49906921386719,"Unknown"
"6227756",371834,2025-06-26 04:45:03,43.3294906616211,-8.49904346466064,"Unknown"
"6227756",371834,2025-06-26 04:50:03,43.3295135498047,-8.49904155731201,"Unknown"
"6227756",371834,2025-06-26 04:55:03,43.3294296264648,-8.49897289276123,"Unknown"
"6227756",371834,2025-06-26 05:00:03,43.3294715881348,-8.49906349182129,"Unknown"
"6227756",371834,2025-06-26 05:05:03,43.3294982910156,-8.4990758895874,"Unknown"
"6227756",371834,2025-06-26 05:10:03,43.3294486999512,-8.49900531768799,"Unknown"
"6227756",371834,2025-06-26 05:15:03,43.3294715881348,-8.49901962280273,"Unknown"
"6227756",371834,2025-06-26 05:20:03,43.3294906616211,-8.49906444549561,"Unknown"
"6227756",371834,2025-06-26 05:25:03,43.3294639587402,-8.49899291992188,"Unknown"
"6227756",371834,2025-06-26 05:30:03,43.3294486999512,-8.49902629852295,"Unknown"
"6227756",371834,2025-06-26 05:35:05,43.3296241760254,-8.49926662445068,"Unknown"
"6227756",371834,2025-06-26 05:40:08,43.329288482666,-8.4989185333252,"Unknown"
"6227756",371834,2025-06-26 05:45:11,43.3294792175293,-8.49910640716553,"Unknown"
"6227756",371834,2025-06-26 05:50:05,43.3294219970703,-8.49904632568359,"Unknown"
"6227756",371834,2025-06-26 05:55:03,43.3295059204102,-8.49907112121582,"Unknown"
"6227756",371834,2025-06-26 06:00:05,43.3294486999512,-8.49903774261475,"Unknown"
"6227756",371834,2025-06-26 06:05:06,43.3295021057129,-8.49911594390869,"Unknown"
"6227756",371834,2025-06-26 06:10:07,43.3294639587402,-8.49799346923828,"Unknown"
"6227756",371834,2025-06-26 06:15:10,43.3295211791992,-8.49911117553711,"Unknown"
"6227756",371834,2025-06-26 06:20:09,43.3295669555664,-8.49910736083984,"Unknown"
"6227756",371834,2025-06-26 06:25:11,43.3295745849609,-8.49918365478516,"Unknown"
"6227756",371834,2025-06-26 06:30:07,43.3294830322266,-8.49861145019531,"Unknown"
"6227756",371834,2025-06-26 06:35:08,43.3295974731445,-8.4989128112793,"Unknown"
"6227756",371834,2025-06-26 06:40:08,43.3294639587402,-8.49885368347168,"Unknown"
"6227756",371834,2025-06-26 06:45:17,43.3295021057129,-8.49884033203125,"Unknown"
"6227756",371834,2025-06-26 06:50:35,43.3295249938965,-8.4989652633667,"Unknown"
"6227756",371834,2025-06-26 06:55:02,43.329517364502,-8.49900245666504,"Unknown"
"6227756",371834,2025-06-26 07:00:02,43.3294639587402,-8.49900054931641,"Unknown"
"6227756",371834,2025-06-26 07:05:02,43.3295021057129,-8.49895572662354,"Unknown"
"6227756",371834,2025-06-26 07:10:02,43.3294639587402,-8.49898147583008,"Unknown"
"6227756",371834,2025-06-26 07:15:02,43.329402923584,-8.49906349182129,"Unknown"
"6227756",371834,2025-06-26 07:20:02,43.3294677734375,-8.49901962280273,"Unknown"
"6227756",371834,2025-06-26 07:25:02,43.3294563293457,-8.49899482727051,"Unknown"
"6227756",371834,2025-06-26 07:30:02,43.3294792175293,-8.49897480010986,"Unknown"
"6227756",371834,2025-06-26 07:35:02,43.3294525146484,-8.49896907806396,"Unknown"
"6227756",371834,2025-06-26 07:40:36,43.3295059204102,-8.49897956848145,"Unknown"
"6227756",371834,2025-06-26 07:45:02,43.329517364502,-8.49892330169678,"Unknown"
"6227756",371834,2025-06-26 07:50:02,43.3294868469238,-8.49896812438965,"Unknown"
"6227756",371834,2025-06-26 07:55:02,43.3295059204102,-8.49896717071533,"Unknown"
"6227756",371834,2025-06-26 08:00:02,43.3294677734375,-8.49893379211426,"Unknown"
"6227756",371834,2025-06-26 08:05:02,43.3294677734375,-8.49897480010986,"Unknown"
"6227756",371834,2025-06-26 08:10:02,43.3294982910156,-8.49893569946289,"Unknown"
"6227756",371834,2025-06-26 08:15:02,43.3295288085938,-8.49897193908691,"Unknown"
"6227756",371834,2025-06-26 08:20:02,43.3294563293457,-8.49897193908691,"Unknown"
"6227756",371834,2025-06-26 08:25:02,43.3294677734375,-8.49894332885742,"Unknown"
"6227756",371834,2025-06-26 08:30:02,43.329532623291,-8.4989767074585,"Unknown"
"6227756",371834,2025-06-26 08:35:02,43.3295097351074,-8.49898529052734,"Unknown"
"6227756",371834,2025-06-26 08:40:02,43.3294868469238,-8.49899768829346,"Unknown"
"6227756",371834,2025-06-26 08:45:02,43.3294677734375,-8.49899387359619,"Unknown"
"6227756",371834,2025-06-26 08:50:02,43.3295097351074,-8.49896430969238,"Unknown"
"6227756",371834,2025-06-26 08:55:05,43.3295249938965,-8.49903202056885,"Unknown"
"6227756",371834,2025-06-26 09:00:04,43.3294486999512,-8.49895858764648,"Unknown"
"6227756",371834,2025-06-26 09:05:04,43.3295555114746,-8.49913215637207,"Unknown"
"6227756",371834,2025-06-26 09:10:06,43.329418182373,-8.49894905090332,"Unknown"
"6227756",371834,2025-06-26 09:15:10,43.3294410705566,-8.49896335601807,"Unknown"
"6227756",371834,2025-06-26 09:20:35,43.3295135498047,-8.49900913238525,"Unknown"
"6227756",371834,2025-06-26 09:25:05,43.3294982910156,-8.49919986724854,"Unknown"
"6227756",371834,2025-06-26 09:30:04,43.3294525146484,-8.49907493591309,"Unknown"
"6227756",371834,2025-06-26 09:35:12,43.3294296264648,-8.49910259246826,"Unknown"
"6227756",371834,2025-06-26 09:40:03,43.3294830322266,-8.49903106689453,"Unknown"
"6227756",371834,2025-06-26 09:45:03,43.3294372558594,-8.49912452697754,"Unknown"
"6227756",371834,2025-06-26 09:50:03,43.3294334411621,-8.49913501739502,"Unknown"
"6227756",371834,2025-06-26 09:55:03,43.3294334411621,-8.4991340637207,"Unknown"
"6227756",371834,2025-06-26 10:00:05,43.3294715881348,-8.49909210205078,"Unknown"
"6227756",371834,2025-06-26 10:05:05,43.329475402832,-8.49909973144531,"Unknown"
"6227756",371834,2025-06-26 10:10:05,43.3294906616211,-8.49913692474365,"Unknown"
"6227756",371834,2025-06-26 10:15:05,43.3294982910156,-8.4991283416748,"Unknown"
"6227756",371834,2025-06-26 10:20:08,43.3295631408691,-8.49912261962891,"Unknown"
"6227756",371834,2025-06-26 10:25:05,43.3295555114746,-8.49910831451416,"Unknown"
"6227756",371834,2025-06-26 10:30:12,43.3295707702637,-8.49903583526611,"Unknown"
"6227756",371834,2025-06-26 10:35:05,43.3295707702637,-8.49901390075684,"Unknown"
"6227756",371834,2025-06-26 10:40:10,43.3295745849609,-8.49912071228027,"Unknown"
"6227756",371834,2025-06-26 10:45:10,43.3296546936035,-8.49896717071533,"Unknown"
"6227756",371834,2025-06-26 10:50:11,43.3296127319336,-8.49902725219727,"Unknown"
"6227756",371834,2025-06-26 10:55:11,43.3296241760254,-8.49912643432617,"Unknown"
"6227756",371834,2025-06-26 11:00:35,43.3296051025391,-8.49900722503662,"Unknown"
"6227756",371834,2025-06-26 11:05:02,43.329662322998,-8.49883842468262,"Unknown"
"6227756",371834,2025-06-26 11:10:13,43.3297729492188,-8.4989013671875,"Unknown"
"6227756",371834,2025-06-26 11:15:02,43.3295440673828,-8.49895858764648,"Unknown"
"6227756",371834,2025-06-26 11:20:08,43.3298034667969,-8.49889850616455,"Unknown"
"6227756",371834,2025-06-26 11:25:03,43.3298110961914,-8.49888896942139,"Unknown"
"6227756",371834,2025-06-26 11:30:03,43.3299980163574,-8.49896430969238,"Unknown"
"6227756",371834,2025-06-26 11:35:05,43.3297882080078,-8.49893665313721,"Unknown"
"6227756",371834,2025-06-26 11:40:03,43.3296737670898,-8.4989595413208,"Unknown"
"6227756",371834,2025-06-26 11:45:05,43.3301277160645,-8.49912261962891,"Unknown"
"6227756",371834,2025-06-26 11:50:17,43.3301315307617,-8.49889087677002,"Unknown"
"6227756",371834,2025-06-26 11:55:06,43.3301582336426,-8.49884414672852,"Unknown"
"6227756",371834,2025-06-26 12:00:08,43.3300628662109,-8.4989070892334,"Unknown"
"6227756",371834,2025-06-26 12:05:13,43.3300971984863,-8.49892330169678,"Unknown"
"6227756",371834,2025-06-26 12:10:15,43.330135345459,-8.498948097229,"Unknown"
"6227756",371834,2025-06-26 12:15:14,43.3293952941895,-8.4987211227417,"Unknown"
"6227756",371834,2025-06-26 12:20:11,43.3292655944824,-8.49862670898438,"Unknown"
"6227756",371834,2025-06-26 12:25:20,43.329833984375,-8.49882984161377,"Unknown"
"6227756",371834,2025-06-26 12:30:47,43.3302192687988,-8.49880218505859,"Unknown"
"6227756",371834,2025-06-26 12:35:35,43.329029083252,-8.49904632568359,"Unknown"
"6227756",371834,2025-06-26 12:40:02,43.3292617797852,-8.49947261810303,"Unknown"
"6227756",371834,2025-06-26 12:45:04,43.3295516967773,-8.49889755249023,"Unknown"
"6227756",371834,2025-06-26 12:50:04,43.3295516967773,-8.49875736236572,"Unknown"
"6227756",371834,2025-06-26 12:55:04,43.3295707702637,-8.49884414672852,"Unknown"
"6227756",371834,2025-06-26 13:00:07,43.3295555114746,-8.49887657165527,"Unknown"
"6227756",371834,2025-06-26 13:05:09,43.3295516967773,-8.49892997741699,"Unknown"
"6227756",371834,2025-06-26 13:10:09,43.3295440673828,-8.4989013671875,"Unknown"
"6227756",371834,2025-06-26 13:15:06,43.3295135498047,-8.49895286560059,"Unknown"
"6227756",371834,2025-06-26 13:20:04,43.3294448852539,-8.4990348815918,"Unknown"
"6227756",371834,2025-06-26 13:25:04,43.3294219970703,-8.49904918670654,"Unknown"
"6227756",371834,2025-06-26 13:30:03,43.3295631408691,-8.49890804290771,"Unknown"
"6227756",371834,2025-06-26 13:35:04,43.3294982910156,-8.49902153015137,"Unknown"
"6227756",371834,2025-06-26 13:40:04,43.3295211791992,-8.49889755249023,"Unknown"
"6227756",371834,2025-06-26 13:45:03,43.3295478820801,-8.49890613555908,"Unknown"
"6227756",371834,2025-06-26 13:50:04,43.3295440673828,-8.49891376495361,"Unknown"
"6227756",371834,2025-06-26 13:55:04,43.3295097351074,-8.49897480010986,"Unknown"
"6227756",371834,2025-06-26 14:00:13,43.3294525146484,-8.49900817871094,"Unknown"
"6227756",371834,2025-06-26 14:05:03,43.3294296264648,-8.49902820587158,"Unknown"
"6227756",371834,2025-06-26 14:10:03,43.3294830322266,-8.49901485443115,"Unknown"
"6227756",371834,2025-06-26 14:15:03,43.3294830322266,-8.49900436401367,"Unknown"
"6227756",371834,2025-06-26 14:20:03,43.3294982910156,-8.49899768829346,"Unknown"
"6227756",371834,2025-06-26 14:25:03,43.3294906616211,-8.49897003173828,"Unknown"
"6227756",371834,2025-06-26 14:30:03,43.3294639587402,-8.49891376495361,"Unknown"
"6227756",371834,2025-06-26 14:35:14,43.3294677734375,-8.49900722503662,"Unknown"
"6227756",371834,2025-06-26 14:40:14,43.3294906616211,-8.49899196624756,"Unknown"
"6227756",371834,2025-06-26 14:45:14,43.3294639587402,-8.49900436401367,"Unknown"
"6227756",371834,2025-06-26 14:50:15,43.3294944763184,-8.49901962280273,"Unknown"
"6227756",371834,2025-06-26 14:55:15,43.329517364502,-8.49903297424316,"Unknown"
"6227756",371834,2025-06-26 15:00:16,43.3295402526855,-8.4990177154541,"Unknown"
"6227756",371834,2025-06-26 15:05:15,43.3294906616211,-8.49903964996338,"Unknown"
"6227756",371834,2025-06-26 15:10:35,43.3295021057129,-8.49899482727051,"Unknown"
"6227756",371834,2025-06-26 15:15:04,43.3295478820801,-8.49904823303223,"Unknown"
"6227756",371834,2025-06-26 15:20:12,43.32958984375,-8.49901676177979,"Unknown"
"6227756",371834,2025-06-26 15:25:03,43.3295402526855,-8.49903392791748,"Unknown"
"6227756",371834,2025-06-26 15:30:12,43.3295135498047,-8.49899387359619,"Unknown"
"6227756",371834,2025-06-26 15:35:05,43.3295249938965,-8.4990177154541,"Unknown"
"6227756",371834,2025-06-26 15:40:10,43.3295707702637,-8.4990234375,"Unknown"
"6227756",371834,2025-06-26 15:45:07,43.3295516967773,-8.49901390075684,"Unknown"
"6227756",371834,2025-06-26 15:50:06,43.3295440673828,-8.49901962280273,"Unknown"
"6227756",371834,2025-06-26 15:55:05,43.3295478820801,-8.49897480010986,"Unknown"
"6227756",371834,2025-06-26 16:00:13,43.3295288085938,-8.49900150299072,"Unknown"
"6227756",371834,2025-06-26 16:05:10,43.3295364379883,-8.49899673461914,"Unknown"
"6227756",371834,2025-06-26 16:10:07,43.3295249938965,-8.49888896942139,"Unknown"
"6227756",371834,2025-06-26 16:15:35,43.3295135498047,-8.49902534484863,"Unknown"
"6227756",371834,2025-06-26 16:20:06,43.3297004699707,-8.49944591522217,"Unknown"
"6227756",371834,2025-06-26 16:25:09,43.3295211791992,-8.49901962280273,"Unknown"
"6227756",371834,2025-06-26 16:30:08,43.3295135498047,-8.49897193908691,"Unknown"
"6227756",371834,2025-06-26 16:35:07,43.3296890258789,-8.49937629699707,"Unknown"
"6227756",371834,2025-06-26 16:40:06,43.3296775817871,-8.49928760528564,"Unknown"
"6227756",371834,2025-06-26 16:45:06,43.3294448852539,-8.49886512756348,"Unknown"
"6227756",371834,2025-06-26 16:50:06,43.3296394348145,-8.49935054779053,"Unknown"
"6227756",371834,2025-06-26 16:55:07,43.3293380737305,-8.49874305725098,"Unknown"
"6227756",371834,2025-06-26 17:00:07,43.3294792175293,-8.49899768829346,"Unknown"
"6227756",371834,2025-06-26 17:05:09,43.3295288085938,-8.49901390075684,"Unknown"
"6227756",371834,2025-06-26 17:10:12,43.3295135498047,-8.4990291595459,"Unknown"
"6227756",371834,2025-06-26 17:15:09,43.3294906616211,-8.49895763397217,"Unknown"
"6227756",371834,2025-06-26 17:20:13,43.3294677734375,-8.49893951416016,"Unknown"
"6227756",371834,2025-06-26 17:25:13,43.3294868469238,-8.49899005889893,"Unknown"
"6227756",371834,2025-06-26 17:30:09,43.3295249938965,-8.49908065795898,"Unknown"
"6227756",371834,2025-06-26 17:35:09,43.3294105529785,-8.49880313873291,"Unknown"
"6227756",371834,2025-06-26 17:40:05,43.329475402832,-8.49890899658203,"Unknown"
"6227756",371834,2025-06-26 17:45:06,43.329475402832,-8.49899673461914,"Unknown"
"6227756",371834,2025-06-26 17:50:06,43.3293876647949,-8.49885940551758,"Unknown"
"6227756",371834,2025-06-26 17:55:12,43.3293495178223,-8.49876022338867,"Unknown"
"6227756",371834,2025-06-26 18:00:15,43.3293914794922,-8.49885368347168,"Unknown"
"6227756",371834,2025-06-26 18:05:12,43.3293724060059,-8.49879455566406,"Unknown"
"6227756",371834,2025-06-26 18:10:19,43.3294906616211,-8.49901390075684,"Unknown"
"6227756",371834,2025-06-26 18:15:09,43.32958984375,-8.4991569519043,"Unknown"
"6227756",371834,2025-06-26 18:20:08,43.3296203613281,-8.49906539916992,"Unknown"
"6227756",371834,2025-06-26 18:25:08,43.3296165466309,-8.49912261962891,"Unknown"
"6227756",371834,2025-06-26 18:30:06,43.3296165466309,-8.49909496307373,"Unknown"
"6227756",371834,2025-06-26 18:35:07,43.329662322998,-8.49912738800049,"Unknown"
"6227756",371834,2025-06-26 18:40:08,43.3297424316406,-8.49916839599609,"Unknown"
"6227756",371834,2025-06-26 18:45:08,43.3298149108887,-8.4991512298584,"Unknown"
"6227756",371834,2025-06-26 18:50:06,43.329719543457,-8.4992208480835,"Unknown"
"6227756",371834,2025-06-26 18:55:10,43.3295097351074,-8.49919700622559,"Unknown"
"6227756",371834,2025-06-26 19:00:08,43.3294868469238,-8.4992036819458,"Unknown"
"6227756",371834,2025-06-26 19:05:06,43.3293266296387,-8.49930191040039,"Unknown"
"6227756",371834,2025-06-26 19:10:09,43.3295288085938,-8.49911308288574,"Unknown"
"6227756",371834,2025-06-26 19:15:09,43.3293991088867,-8.4992151260376,"Unknown"
"6227756",371834,2025-06-26 19:20:09,43.3294258117676,-8.49921798706055,"Unknown"
"6227756",371834,2025-06-26 19:25:09,43.3293724060059,-8.49918460845947,"Unknown"
"6227756",371834,2025-06-26 19:30:09,43.3294334411621,-8.49915313720703,"Unknown"
"6227756",371834,2025-06-26 19:35:09,43.3293838500977,-8.49916934967041,"Unknown"
"6227756",371834,2025-06-26 19:40:09,43.3294258117676,-8.4990758895874,"Unknown"
"6227756",371834,2025-06-26 19:45:09,43.3294143676758,-8.49909114837646,"Unknown"
"6227756",371834,2025-06-26 19:50:09,43.3294677734375,-8.49904918670654,"Unknown"
"6227756",371834,2025-06-26 19:55:10,43.3294677734375,-8.4990291595459,"Unknown"
"6227756",371834,2025-06-26 20:00:09,43.3294410705566,-8.49898529052734,"Unknown"
"6227756",371834,2025-06-26 20:05:09,43.329475402832,-8.49897384643555,"Unknown"
"6227756",371834,2025-06-26 20:10:12,43.329460144043,-8.49891471862793,"Unknown"
"6227756",371834,2025-06-26 20:15:07,43.3294448852539,-8.49893188476562,"Unknown"
"6227756",371834,2025-06-26 20:20:06,43.3294639587402,-8.49888515472412,"Unknown"
"6227756",371834,2025-06-26 20:25:09,43.3293838500977,-8.49887657165527,"Unknown"
"6227756",371834,2025-06-26 20:30:09,43.3293724060059,-8.49878978729248,"Unknown"
"6227756",371834,2025-06-26 20:35:09,43.3293380737305,-8.49876403808594,"Unknown"
"6227756",371834,2025-06-26 20:40:09,43.3293342590332,-8.49874877929688,"Unknown"
"6227756",371834,2025-06-26 20:45:35,43.3295402526855,-8.4990119934082,"Unknown"
"6227756",371834,2025-06-26 20:50:03,43.3294715881348,-8.49905395507812,"Unknown"
"6227756",371834,2025-06-26 20:55:03,43.3295745849609,-8.49912071228027,"Unknown"
"6227756",371834,2025-06-26 21:00:03,43.3294410705566,-8.49903106689453,"Unknown"
"6227756",371834,2025-06-26 21:05:03,43.3295822143555,-8.49905490875244,"Unknown"
"6227756",371834,2025-06-26 21:10:03,43.3295936584473,-8.4991569519043,"Unknown"
"6227756",371834,2025-06-26 21:15:03,43.3295822143555,-8.49913883209229,"Unknown"
"6227756",371834,2025-06-26 21:20:04,43.3294563293457,-8.49894523620605,"Unknown"
"6227756",371834,2025-06-26 21:25:04,43.3294830322266,-8.49900817871094,"Unknown"
"6227756",371834,2025-06-26 21:30:03,43.3294982910156,-8.49900913238525,"Unknown"
"6227756",371834,2025-06-26 21:35:04,43.3294677734375,-8.49896240234375,"Unknown"
"6227756",371834,2025-06-26 21:40:04,43.3294486999512,-8.49896430969238,"Unknown"
"6227756",371834,2025-06-26 21:45:04,43.329475402832,-8.49896907806396,"Unknown"
"6227756",371834,2025-06-26 21:50:06,43.3294410705566,-8.49898338317871,"Unknown"
"6227756",371834,2025-06-26 21:55:07,43.3293304443359,-8.4989128112793,"Unknown"
"6227756",371834,2025-06-26 22:00:04,43.329288482666,-8.49892520904541,"Unknown"
"6227756",371834,2025-06-26 22:05:06,43.3291625976562,-8.49885845184326,"Unknown"
"6227756",371834,2025-06-26 22:10:06,43.3292808532715,-8.49886322021484,"Unknown"
"6227756",371834,2025-06-26 22:15:06,43.3292655944824,-8.49888610839844,"Unknown"
"6227756",371834,2025-06-26 22:20:06,43.3292770385742,-8.49883937835693,"Unknown"
"6227756",371834,2025-06-26 22:25:04,43.3294486999512,-8.49895572662354,"Unknown"
"6227756",371834,2025-06-26 22:30:06,43.329216003418,-8.49882221221924,"Unknown"
"6227756",371834,2025-06-26 22:35:07,43.3290939331055,-8.49886322021484,"Unknown"
"6227756",371834,2025-06-26 22:40:08,43.3292198181152,-8.49879455566406,"Unknown"
"6227756",371834,2025-06-26 22:45:09,43.3291511535645,-8.49882507324219,"Unknown"
"6227756",371834,2025-06-26 22:50:10,43.3291893005371,-8.4987907409668,"Unknown"
"6227756",371834,2025-06-26 22:55:06,43.3291778564453,-8.4987850189209,"Unknown"
"6227756",371834,2025-06-26 23:00:06,43.3291664123535,-8.49875545501709,"Unknown"
"6227756",371834,2025-06-26 23:05:07,43.3291130065918,-8.498703956604,"Unknown"
"6227756",371834,2025-06-26 23:10:09,43.3291320800781,-8.49870586395264,"Unknown"
"6227756",371834,2025-06-26 23:15:06,43.3292503356934,-8.49869728088379,"Unknown"
"6227756",371834,2025-06-26 23:20:09,43.3291816711426,-8.49869918823242,"Unknown"
"6227756",371834,2025-06-26 23:25:09,43.3292655944824,-8.49871635437012,"Unknown"
"6227756",371834,2025-06-26 23:30:09,43.3292770385742,-8.49866580963135,"Unknown"
"6227756",371834,2025-06-26 23:35:09,43.3294677734375,-8.49871826171875,"Unknown"
"6227756",371834,2025-06-26 23:40:09,43.3293914794922,-8.49873924255371,"Unknown"
"6227756",371834,2025-06-26 23:45:15,43.3295555114746,-8.49874496459961,"Unknown"
"6227756",371834,2025-06-26 23:50:06,43.3295021057129,-8.49880504608154,"Unknown"
"6227756",371834,2025-06-26 23:55:09,43.3295822143555,-8.49878311157227,"Unknown"
"6227756",371834,2025-06-27 00:00:07,43.3295440673828,-8.49881362915039,"Unknown"
"6227756",371834,2025-06-27 00:05:09,43.3294906616211,-8.49876594543457,"Unknown"
"6227756",371834,2025-06-27 00:10:09,43.329460144043,-8.49876117706299,"Unknown"
"6227756",371834,2025-06-27 00:15:09,43.3295669555664,-8.49894237518311,"Unknown"
"6227756",371834,2025-06-27 00:20:09,43.3296089172363,-8.49888610839844,"Unknown"
"6227756",371834,2025-06-27 00:25:11,43.329761505127,-8.49905014038086,"Unknown"
"6227756",371834,2025-06-27 00:30:45,43.3296318054199,-8.49894237518311,"Unknown"
"6227756",371834,2025-06-27 00:35:08,43.3297309875488,-8.49896335601807,"Unknown"
"6227756",371834,2025-06-27 00:40:07,43.3296585083008,-8.49900722503662,"Unknown"
"6227756",371834,2025-06-27 00:45:04,43.3297271728516,-8.49900054931641,"Unknown"
"6227756",371834,2025-06-27 00:50:07,43.3295783996582,-8.49900054931641,"Unknown"
"6227756",371834,2025-06-27 00:55:08,43.3296241760254,-8.49897289276123,"Unknown"
"6227756",371834,2025-06-27 01:00:13,43.329647064209,-8.49902820587158,"Unknown"
"6227756",371834,2025-06-27 01:05:35,43.3295249938965,-8.49895572662354,"Unknown"
"6227756",371834,2025-06-27 01:10:03,43.3295021057129,-8.49894332885742,"Unknown"
"6227756",371834,2025-06-27 01:15:03,43.329460144043,-8.49902248382568,"Unknown"
"6227756",371834,2025-06-27 01:20:03,43.3294982910156,-8.49892807006836,"Unknown"
"6227756",371834,2025-06-27 01:25:03,43.3294906616211,-8.49896430969238,"Unknown"
"6227756",371834,2025-06-27 01:30:03,43.3294677734375,-8.49895858764648,"Unknown"
"6227756",371834,2025-06-27 01:35:03,43.3294677734375,-8.49894332885742,"Unknown"
"6227756",371834,2025-06-27 01:40:03,43.3294830322266,-8.49898910522461,"Unknown"
"6227756",371834,2025-06-27 01:45:03,43.3294944763184,-8.49896907806396,"Unknown"
"6227756",371834,2025-06-27 01:50:03,43.3294830322266,-8.49893188476562,"Unknown"
"6227756",371834,2025-06-27 01:55:03,43.329475402832,-8.49909973144531,"Unknown"
"6227756",371834,2025-06-27 02:00:03,43.329517364502,-8.49894046783447,"Unknown"
"6227756",371834,2025-06-27 02:05:03,43.3294868469238,-8.49892711639404,"Unknown"
"6227756",371834,2025-06-27 02:10:03,43.3294525146484,-8.49900531768799,"Unknown"
"6227756",371834,2025-06-27 02:15:03,43.3294563293457,-8.49898719787598,"Unknown"
"6227756",371834,2025-06-27 02:20:03,43.3294944763184,-8.49895191192627,"Unknown"
"6227756",371834,2025-06-27 02:25:03,43.329532623291,-8.49896812438965,"Unknown"
"6227756",371834,2025-06-27 02:30:03,43.3294486999512,-8.49897003173828,"Unknown"
"6227756",371834,2025-06-27 02:35:03,43.3294677734375,-8.49903583526611,"Unknown"
"6227756",371834,2025-06-27 02:40:03,43.3294677734375,-8.49897003173828,"Unknown"
"6227756",371834,2025-06-27 02:45:03,43.3294296264648,-8.49902725219727,"Unknown"
"6227756",371834,2025-06-27 02:50:35,43.3294639587402,-8.49899196624756,"Unknown"
"6227756",371834,2025-06-27 02:55:11,43.3295288085938,-8.49902725219727,"Unknown"
"6227756",371834,2025-06-27 03:00:04,43.3294944763184,-8.49892616271973,"Unknown"
"6227756",371834,2025-06-27 03:05:06,43.3293190002441,-8.49897289276123,"Unknown"
"6227756",371834,2025-06-27 03:10:04,43.3294677734375,-8.498948097229,"Unknown"
"6227756",371834,2025-06-27 03:15:05,43.3295288085938,-8.49899864196777,"Unknown"
"6227756",371834,2025-06-27 03:20:07,43.3293495178223,-8.49891471862793,"Unknown"
"6227756",371834,2025-06-27 03:25:07,43.3295555114746,-8.49909782409668,"Unknown"
"6227756",371834,2025-06-27 03:30:04,43.3295059204102,-8.49907112121582,"Unknown"
"6227756",371834,2025-06-27 03:35:06,43.329532623291,-8.49914741516113,"Unknown"
"6227756",371834,2025-06-27 03:40:13,43.3295059204102,-8.49901962280273,"Unknown"
"6227756",371834,2025-06-27 03:45:06,43.3294982910156,-8.49908065795898,"Unknown"
"6227756",371834,2025-06-27 03:50:05,43.329532623291,-8.49905681610107,"Unknown"
"6227756",371834,2025-06-27 03:55:04,43.3294982910156,-8.49904537200928,"Unknown"
"6227756",371834,2025-06-27 04:00:04,43.3295478820801,-8.4990177154541,"Unknown"
"6227756",371834,2025-06-27 04:05:04,43.3294944763184,-8.49906063079834,"Unknown"
"6227756",371834,2025-06-27 04:10:04,43.3295364379883,-8.49901866912842,"Unknown"
"6227756",371834,2025-06-27 04:15:04,43.3294868469238,-8.49906158447266,"Unknown"
"6227756",371834,2025-06-27 04:20:04,43.3294982910156,-8.49907684326172,"Unknown"
"6227756",371834,2025-06-27 04:25:04,43.3296165466309,-8.4990348815918,"Unknown"
"6227756",371834,2025-06-27 04:30:04,43.3297004699707,-8.499098777771,"Unknown"
"6227756",371834,2025-06-27 04:35:04,43.3297271728516,-8.4990291595459,"Unknown"
"6227756",371834,2025-06-27 04:40:04,43.3297080993652,-8.49908542633057,"Unknown"
"6227756",371834,2025-06-27 04:45:04,43.3297080993652,-8.49905967712402,"Unknown"
"6227756",371834,2025-06-27 04:50:04,43.3296890258789,-8.49905681610107,"Unknown"
"6227756",371834,2025-06-27 04:55:04,43.3296775817871,-8.49908256530762,"Unknown"
"6227756",371834,2025-06-27 05:00:04,43.3296089172363,-8.49903297424316,"Unknown"
"6227756",371834,2025-06-27 05:05:04,43.3296356201172,-8.49897480010986,"Unknown"
"6227756",371834,2025-06-27 05:10:04,43.3296051025391,-8.49901866912842,"Unknown"
"6227756",371834,2025-06-27 05:15:04,43.3296241760254,-8.49899578094482,"Unknown"
"6227756",371834,2025-06-27 05:20:04,43.3294486999512,-8.4990119934082,"Unknown"
"6227756",371834,2025-06-27 05:25:04,43.3294334411621,-8.49898815155029,"Unknown"
"6227756",371834,2025-06-27 05:30:05,43.3294448852539,-8.49911403656006,"Unknown"
"6227756",371834,2025-06-27 05:35:05,43.3295288085938,-8.49904441833496,"Unknown"
"6227756",371834,2025-06-27 05:40:04,43.3295135498047,-8.4990873336792,"Unknown"
"6227756",371834,2025-06-27 05:45:05,43.3294219970703,-8.49905872344971,"Unknown"
"6227756",371834,2025-06-27 05:50:05,43.3294982910156,-8.49906539916992,"Unknown"
"6227756",371834,2025-06-27 05:55:05,43.3292770385742,-8.49913120269775,"Unknown"
"6227756",371834,2025-06-27 06:00:05,43.329475402832,-8.49901008605957,"Unknown"
"6227756",371834,2025-06-27 06:05:04,43.3294677734375,-8.4990234375,"Unknown"
"6227756",371834,2025-06-27 06:10:04,43.3295097351074,-8.49899005889893,"Unknown"
"6227756",371834,2025-06-27 06:15:04,43.3295097351074,-8.4989652633667,"Unknown"
"6227756",371834,2025-06-27 06:20:05,43.3295021057129,-8.4989538192749,"Unknown"
"6227756",371834,2025-06-27 06:25:04,43.3294868469238,-8.4987850189209,"Unknown"
"6227756",371834,2025-06-27 06:30:07,43.3294410705566,-8.49891376495361,"Unknown"
"6227756",371834,2025-06-27 06:35:05,43.3298568725586,-8.49887466430664,"Unknown"
"6227756",371834,2025-06-27 06:40:05,43.3302001953125,-8.49886894226074,"Unknown"
"6227756",371834,2025-06-27 06:45:05,43.330078125,-8.49872589111328,"Unknown"
"6227756",371834,2025-06-27 06:50:05,43.3300971984863,-8.49889183044434,"Unknown"
"6227756",371834,2025-06-27 06:55:05,43.3300361633301,-8.49895572662354,"Unknown"
"6227756",371834,2025-06-27 07:00:05,43.3300247192383,-8.49895572662354,"Unknown"
"6227756",371834,2025-06-27 07:05:05,43.3298759460449,-8.49900817871094,"Unknown"
"6227756",371834,2025-06-27 07:10:06,43.3298530578613,-8.49904441833496,"Unknown"
"6227756",371834,2025-06-27 07:15:07,43.3298721313477,-8.4990291595459,"Unknown"
"6227756",371834,2025-06-27 07:20:05,43.3297576904297,-8.49908924102783,"Unknown"
"6227756",371834,2025-06-27 07:25:04,43.329704284668,-8.49912643432617,"Unknown"
"6227756",371834,2025-06-27 07:30:04,43.3297233581543,-8.49906826019287,"Unknown"
"6227756",371834,2025-06-27 07:35:05,43.329704284668,-8.49906539916992,"Unknown"
"6227756",371834,2025-06-27 07:40:05,43.3296241760254,-8.49895668029785,"Unknown"
"6227756",371834,2025-06-27 07:45:06,43.329662322998,-8.49901390075684,"Unknown"
"6227756",371834,2025-06-27 07:50:06,43.329647064209,-8.49910354614258,"Unknown"
"6227756",371834,2025-06-27 07:55:04,43.32958984375,-8.49912452697754,"Unknown"
"6227756",371834,2025-06-27 08:00:04,43.3296127319336,-8.49910449981689,"Unknown"
"6227756",371834,2025-06-27 08:05:04,43.3295745849609,-8.49915409088135,"Unknown"
"6227756",371834,2025-06-27 08:10:04,43.3295822143555,-8.49913501739502,"Unknown"
"6227756",371834,2025-06-27 08:15:04,43.3295402526855,-8.49912452697754,"Unknown"
"6227756",371834,2025-06-27 08:20:04,43.3295440673828,-8.49913597106934,"Unknown"
"6227756",371834,2025-06-27 08:25:06,43.3295822143555,-8.49918746948242,"Unknown"
"6227756",371834,2025-06-27 08:30:06,43.3296127319336,-8.49917316436768,"Unknown"
"6227756",371834,2025-06-27 08:35:06,43.3296356201172,-8.49918270111084,"Unknown"
"6227756",371834,2025-06-27 08:40:04,43.329647064209,-8.49912738800049,"Unknown"
"6227756",371834,2025-06-27 08:45:04,43.3297004699707,-8.49914360046387,"Unknown"
"6227756",371834,2025-06-27 08:50:06,43.3297119140625,-8.49917030334473,"Unknown"
"6227756",371834,2025-06-27 08:55:06,43.3297576904297,-8.4991455078125,"Unknown"
"6227756",371834,2025-06-27 09:00:06,43.329761505127,-8.49916648864746,"Unknown"
"6227756",371834,2025-06-27 09:05:08,43.3299102783203,-8.49919605255127,"Unknown"
"6227756",371834,2025-06-27 09:10:09,43.3298988342285,-8.4992036819458,"Unknown"
"6227756",371834,2025-06-27 09:15:07,43.3299522399902,-8.49917793273926,"Unknown"
"6227756",371834,2025-06-27 09:20:07,43.3299522399902,-8.49916076660156,"Unknown"
"6227756",371834,2025-06-27 09:25:10,43.3300666809082,-8.49901008605957,"Unknown"
"6227756",371834,2025-06-27 09:30:07,43.3301582336426,-8.49903106689453,"Unknown"
"6227756",371834,2025-06-27 09:35:07,43.329662322998,-8.49889755249023,"Unknown"
"6227756",371834,2025-06-27 09:40:06,43.3298759460449,-8.49896240234375,"Unknown"
"6227756",371834,2025-06-27 09:45:08,43.3298301696777,-8.49884796142578,"Unknown"
"6227756",371834,2025-06-27 09:50:08,43.3297386169434,-8.49884414672852,"Unknown"
"6227756",371834,2025-06-27 09:55:07,43.329833984375,-8.49882125854492,"Unknown"
"6227756",371834,2025-06-27 10:00:06,43.3295555114746,-8.49891948699951,"Unknown"
"6227756",371834,2025-06-27 10:05:06,43.3295822143555,-8.49891376495361,"Unknown"
"6227756",371834,2025-06-27 10:10:05,43.3297233581543,-8.4990348815918,"Unknown"
"6227756",371834,2025-06-27 10:15:06,43.3295707702637,-8.4989128112793,"Unknown"
"6227756",371834,2025-06-27 10:20:05,43.3289413452148,-8.49898624420166,"Unknown"
"6227756",371834,2025-06-27 10:25:05,43.3298149108887,-8.49900436401367,"Unknown"
"6227756",371834,2025-06-27 10:30:05,43.3297424316406,-8.49887084960938,"Unknown"
"6227756",371834,2025-06-27 10:35:05,43.329345703125,-8.49878787994385,"Unknown"
"6227756",371834,2025-06-27 10:40:05,43.3291854858398,-8.49868679046631,"Unknown"
"6227756",371834,2025-06-27 10:45:05,43.3294677734375,-8.49870872497559,"Unknown"
"6227756",371834,2025-06-27 10:50:05,43.329517364502,-8.49870872497559,"Unknown"
"6227756",371834,2025-06-27 10:55:05,43.3294944763184,-8.4986743927002,"Unknown"
"6227756",371834,2025-06-27 11:00:05,43.3295555114746,-8.49861431121826,"Unknown"
"6227756",371834,2025-06-27 11:05:05,43.3295593261719,-8.49866676330566,"Unknown"
"6227756",371834,2025-06-27 11:10:05,43.3295707702637,-8.49867725372314,"Unknown"
"6227756",371834,2025-06-27 11:15:05,43.3295555114746,-8.49871635437012,"Unknown"
"6227756",371834,2025-06-27 11:20:04,43.32958984375,-8.49874305725098,"Unknown"
"6227756",371834,2025-06-27 11:25:04,43.3295440673828,-8.49875640869141,"Unknown"
"6227756",371834,2025-06-27 11:30:04,43.3296508789062,-8.49873542785645,"Unknown"
"6227756",371834,2025-06-27 11:35:04,43.3296127319336,-8.49876880645752,"Unknown"
"6227756",371834,2025-06-27 11:40:04,43.3295707702637,-8.49885940551758,"Unknown"
"6227756",371834,2025-06-27 11:45:04,43.3295021057129,-8.49887752532959,"Unknown"
"6227756",371834,2025-06-27 11:50:04,43.3295707702637,-8.4988842010498,"Unknown"
"6227756",371834,2025-06-27 11:55:04,43.3297004699707,-8.49893760681152,"Unknown"
"6227756",371834,2025-06-27 12:00:04,43.3297500610352,-8.49890422821045,"Unknown"
"6227756",371834,2025-06-27 12:05:04,43.3297729492188,-8.49890518188477,"Unknown"
"6227756",371834,2025-06-27 12:10:04,43.3298377990723,-8.49891757965088,"Unknown"
"6227756",371834,2025-06-27 12:15:06,43.3296966552734,-8.49896144866943,"Unknown"
"6227756",371834,2025-06-27 12:20:05,43.3295440673828,-8.49895572662354,"Unknown"
"6227756",371834,2025-06-27 12:25:05,43.3295974731445,-8.49900150299072,"Unknown"
"6227756",371834,2025-06-27 12:30:04,43.3295783996582,-8.49902153015137,"Unknown"
"6227756",371834,2025-06-27 12:35:05,43.3295822143555,-8.49903202056885,"Unknown"
"6227756",371834,2025-06-27 12:40:05,43.3296318054199,-8.49901103973389,"Unknown"
"6227756",371834,2025-06-27 12:45:06,43.32958984375,-8.49900817871094,"Unknown"
"6227756",371834,2025-06-27 12:50:05,43.3296890258789,-8.49883460998535,"Unknown"
"6227756",371834,2025-06-27 12:55:07,43.3297080993652,-8.49893569946289,"Unknown"
"6227756",371834,2025-06-27 13:00:06,43.329704284668,-8.49888801574707,"Unknown"
"6227756",371834,2025-06-27 13:05:06,43.3295440673828,-8.49920082092285,"Unknown"
"6227756",371834,2025-06-27 13:10:09,43.3297233581543,-8.49894618988037,"Unknown"
"6227756",371834,2025-06-27 13:15:05,43.3297538757324,-8.49884223937988,"Unknown"
"6227756",371834,2025-06-27 13:20:05,43.3298187255859,-8.49881362915039,"Unknown"
"6227756",371834,2025-06-27 13:25:05,43.3296585083008,-8.49905490875244,"Unknown"
"6227756",371834,2025-06-27 13:30:05,43.329719543457,-8.49888324737549,"Unknown"
"6227756",371834,2025-06-27 13:35:05,43.3297309875488,-8.49895668029785,"Unknown"
"6227756",371834,2025-06-27 13:40:04,43.3297386169434,-8.49895572662354,"Unknown"
"6227756",371834,2025-06-27 13:45:05,43.3297309875488,-8.49899291992188,"Unknown"
"6227756",371834,2025-06-27 13:50:05,43.3296699523926,-8.49910068511963,"Unknown"
"6227756",371834,2025-06-27 13:55:05,43.329704284668,-8.49898624420166,"Unknown"
"6227756",371834,2025-06-27 14:00:05,43.3296699523926,-8.49904441833496,"Unknown"
"6227756",371834,2025-06-27 14:05:05,43.3296241760254,-8.49911785125732,"Unknown"
"6227756",371834,2025-06-27 14:10:05,43.329647064209,-8.49911499023438,"Unknown"
"6227756",371834,2025-06-27 14:15:04,43.3296699523926,-8.49909019470215,"Unknown"
"6227756",371834,2025-06-27 14:20:04,43.3296699523926,-8.49911689758301,"Unknown"
"6227756",371834,2025-06-27 14:25:04,43.3296279907227,-8.49911689758301,"Unknown"
"6227756",371834,2025-06-27 14:30:06,43.3295860290527,-8.49899101257324,"Unknown"
"6227756",371834,2025-06-27 14:35:04,43.3296585083008,-8.49921226501465,"Unknown"
"6227756",371834,2025-06-27 14:40:04,43.3296279907227,-8.49917221069336,"Unknown"
"6227756",371834,2025-06-27 14:45:04,43.3295021057129,-8.49903869628906,"Unknown"
"6227756",371834,2025-06-27 14:50:04,43.3295745849609,-8.49918842315674,"Unknown"
"6227756",371834,2025-06-27 14:55:06,43.3294715881348,-8.49900245666504,"Unknown"
"6227756",371834,2025-06-27 15:00:05,43.3295936584473,-8.49921703338623,"Unknown"
"6227756",371834,2025-06-27 15:05:06,43.3293876647949,-8.49905490875244,"Unknown"
"6227756",371834,2025-06-27 15:10:15,43.329345703125,-8.49895000457764,"Unknown"
"6227756",371834,2025-06-27 15:15:05,43.3294830322266,-8.49917507171631,"Unknown"
"6227756",371834,2025-06-27 15:20:07,43.32958984375,-8.49919700622559,"Unknown"
"6227756",371834,2025-06-27 15:25:07,43.329532623291,-8.49922370910645,"Unknown"
"6227756",371834,2025-06-27 15:30:05,43.3294982910156,-8.4990930557251,"Unknown"
"6227756",371834,2025-06-27 15:35:09,43.3295097351074,-8.49916648864746,"Unknown"
"6227756",371834,2025-06-27 15:40:28,43.3295974731445,-8.49917030334473,"Unknown"
"6227756",371834,2025-06-27 15:45:11,43.329761505127,-8.49924182891846,"Unknown"
"6227756",371834,2025-06-27 15:50:09,43.3297157287598,-8.49923515319824,"Unknown"
"6227756",371834,2025-06-27 15:55:07,43.329704284668,-8.49924564361572,"Unknown"
"6227756",371834,2025-06-27 16:00:08,43.3296928405762,-8.49919986724854,"Unknown"
"6227756",371834,2025-06-27 16:05:07,43.3296737670898,-8.49916839599609,"Unknown"
"6227756",371834,2025-06-27 16:10:08,43.3296546936035,-8.49917221069336,"Unknown"
"6227756",371834,2025-06-27 16:15:07,43.3297080993652,-8.49911022186279,"Unknown"
"6227756",371834,2025-06-27 16:20:10,43.3296813964844,-8.49911689758301,"Unknown"
"6227756",371834,2025-06-27 16:25:06,43.3296852111816,-8.49907970428467,"Unknown"
"6227756",371834,2025-06-27 16:30:06,43.3296585083008,-8.49911499023438,"Unknown"
"6227756",371834,2025-06-27 16:35:05,43.3296890258789,-8.49903774261475,"Unknown"
"6227756",371834,2025-06-27 16:40:08,43.329704284668,-8.49899578094482,"Unknown"
"6227756",371834,2025-06-27 16:45:06,43.3296890258789,-8.49903774261475,"Unknown"
"6227756",371834,2025-06-27 16:50:06,43.3296775817871,-8.49898624420166,"Unknown"
"6227756",371834,2025-06-27 16:55:06,43.329704284668,-8.49899864196777,"Unknown"
"6227756",371834,2025-06-27 17:00:05,43.3296966552734,-8.49896335601807,"Unknown"
"6227756",371834,2025-06-27 17:05:06,43.329704284668,-8.49899101257324,"Unknown"
"6227756",371834,2025-06-27 17:10:06,43.329704284668,-8.49898910522461,"Unknown"
"6227756",371834,2025-06-27 17:15:06,43.3296661376953,-8.49892330169678,"Unknown"
"6227756",371834,2025-06-27 17:20:06,43.3296852111816,-8.49893283843994,"Unknown"
"6227756",371834,2025-06-27 17:25:05,43.3297233581543,-8.49905776977539,"Unknown"
"6227756",371834,2025-06-27 17:30:06,43.3296699523926,-8.49887275695801,"Unknown"
"6227756",371834,2025-06-27 17:35:04,43.3297004699707,-8.49895763397217,"Unknown"
"6227756",371834,2025-06-27 17:40:06,43.3297004699707,-8.49894142150879,"Unknown"
"6227756",371834,2025-06-27 17:45:06,43.3296737670898,-8.49892139434814,"Unknown"
"6227756",371834,2025-06-27 17:50:06,43.329704284668,-8.49892711639404,"Unknown"
"6227756",371834,2025-06-27 17:55:06,43.3296699523926,-8.49895668029785,"Unknown"
"6227756",371834,2025-06-27 18:00:09,43.3297348022461,-8.49895000457764,"Unknown"
"6227756",371834,2025-06-27 18:05:10,43.3298416137695,-8.49888324737549,"Unknown"
"6227756",371834,2025-06-27 18:10:33,43.3296241760254,-8.49891376495361,"Unknown"
"6227756",371834,2025-06-27 18:15:06,43.3295402526855,-8.49894046783447,"Unknown"
"6227756",371834,2025-06-27 18:20:06,43.329662322998,-8.49885654449463,"Unknown"
"6227756",371834,2025-06-27 18:25:07,43.3294868469238,-8.49898719787598,"Unknown"
"6227756",371834,2025-06-27 18:30:06,43.3295135498047,-8.49900531768799,"Unknown"
"6227756",371834,2025-06-27 18:35:04,43.3295936584473,-8.4990816116333,"Unknown"
"6227756",371834,2025-06-27 18:40:04,43.3296737670898,-8.49916934967041,"Unknown"
"6227756",371834,2025-06-27 18:45:06,43.3295745849609,-8.49910545349121,"Unknown"
"6227756",371834,2025-06-27 18:50:35,43.3295021057129,-8.49917411804199,"Unknown"
"6227756",371834,2025-06-27 18:55:03,43.3294677734375,-8.49906349182129,"Unknown"
"6227756",371834,2025-06-27 19:00:03,43.329475402832,-8.49904727935791,"Unknown"
"6227756",371834,2025-06-27 19:05:04,43.3295211791992,-8.49907875061035,"Unknown"
"6227756",371834,2025-06-27 19:10:04,43.3295516967773,-8.49904441833496,"Unknown"
"6227756",371834,2025-06-27 19:15:04,43.3295135498047,-8.49901676177979,"Unknown"
"6227756",371834,2025-06-27 19:20:04,43.3295211791992,-8.49901866912842,"Unknown"
"6227756",371834,2025-06-27 19:25:04,43.3295211791992,-8.49904823303223,"Unknown"
"6227756",371834,2025-06-27 19:30:04,43.3295249938965,-8.49904823303223,"Unknown"
"6227756",371834,2025-06-27 19:35:04,43.3295021057129,-8.49900531768799,"Unknown"
"6227756",371834,2025-06-27 19:40:04,43.3294944763184,-8.49906444549561,"Unknown"
"6227756",371834,2025-06-27 19:45:04,43.3295288085938,-8.49905681610107,"Unknown"
"6227756",371834,2025-06-27 19:50:04,43.3295059204102,-8.4990816116333,"Unknown"
"6227756",371834,2025-06-27 19:55:04,43.3294334411621,-8.49906158447266,"Unknown"
"6227756",371834,2025-06-27 20:00:04,43.3294639587402,-8.4990816116333,"Unknown"
"6227756",371834,2025-06-27 20:05:04,43.3295021057129,-8.49917507171631,"Unknown"
"6227756",371834,2025-06-27 20:10:04,43.3294982910156,-8.4992094039917,"Unknown"
"6227756",371834,2025-06-27 20:15:04,43.3294906616211,-8.49918365478516,"Unknown"
"6227756",371834,2025-06-27 20:20:04,43.3294944763184,-8.49908542633057,"Unknown"
"6227756",371834,2025-06-27 20:25:04,43.3294792175293,-8.49917697906494,"Unknown"
"6227756",371834,2025-06-27 20:30:04,43.3295707702637,-8.49925994873047,"Unknown"
"6227756",371834,2025-06-27 20:35:04,43.3295745849609,-8.4992618560791,"Unknown"
"6227756",371834,2025-06-27 20:40:04,43.3296012878418,-8.49927997589111,"Unknown"
"6227756",371834,2025-06-27 20:45:04,43.32958984375,-8.49925899505615,"Unknown"
"6227756",371834,2025-06-27 20:50:04,43.329647064209,-8.49930667877197,"Unknown"
"6227756",371834,2025-06-27 20:55:04,43.3296203613281,-8.49927806854248,"Unknown"
"6227756",371834,2025-06-27 21:00:04,43.3296508789062,-8.49930381774902,"Unknown"
"6227756",371834,2025-06-27 21:05:04,43.3296089172363,-8.4992561340332,"Unknown"
"6227756",371834,2025-06-27 21:10:04,43.329662322998,-8.49929332733154,"Unknown"
"6227756",371834,2025-06-27 21:15:04,43.3296318054199,-8.49929046630859,"Unknown"
"6227756",371834,2025-06-27 21:20:04,43.3296508789062,-8.49928188323975,"Unknown"
"6227756",371834,2025-06-27 21:25:04,43.3296012878418,-8.49926376342773,"Unknown"
"6227756",371834,2025-06-27 21:30:04,43.3296127319336,-8.49929904937744,"Unknown"
"6227756",371834,2025-06-27 21:35:04,43.3295440673828,-8.49925899505615,"Unknown"
"6227756",371834,2025-06-27 21:40:04,43.3296127319336,-8.4991455078125,"Unknown"
"6227756",371834,2025-06-27 21:45:04,43.3296928405762,-8.49917984008789,"Unknown"
"6227756",371834,2025-06-27 21:50:09,43.3296661376953,-8.49918746948242,"Unknown"
"6227756",371834,2025-06-27 21:55:04,43.3296890258789,-8.49915409088135,"Unknown"
"6227756",371834,2025-06-27 22:00:07,43.3296203613281,-8.49919509887695,"Unknown"
"6227756",371834,2025-06-27 22:05:04,43.3296775817871,-8.49915981292725,"Unknown"
"6227756",371834,2025-06-27 22:10:04,43.3296432495117,-8.49914073944092,"Unknown"
"6227756",371834,2025-06-27 22:15:04,43.3296852111816,-8.49911499023438,"Unknown"
"6227756",371834,2025-06-27 22:20:04,43.3296928405762,-8.49901580810547,"Unknown"
"6227756",371834,2025-06-27 22:25:04,43.3296966552734,-8.49910736083984,"Unknown"
"6227756",371834,2025-06-27 22:30:04,43.3297004699707,-8.49911594390869,"Unknown"
"6227756",371834,2025-06-27 22:35:04,43.3296699523926,-8.49908447265625,"Unknown"
"6227756",371834,2025-06-27 22:40:04,43.3297271728516,-8.4991512298584,"Unknown"
"6227756",371834,2025-06-27 22:45:04,43.3297271728516,-8.49916076660156,"Unknown"
"6227756",371834,2025-06-27 22:50:06,43.3296928405762,-8.49909496307373,"Unknown"
"6227756",371834,2025-06-27 22:55:04,43.3297309875488,-8.49911022186279,"Unknown"
"6227756",371834,2025-06-27 23:00:06,43.3297080993652,-8.49909591674805,"Unknown"
"6227756",371834,2025-06-27 23:05:06,43.3296394348145,-8.49904537200928,"Unknown"
"6227756",371834,2025-06-27 23:10:04,43.3294563293457,-8.49891948699951,"Unknown"
"6227756",371834,2025-06-27 23:15:06,43.3294944763184,-8.49897575378418,"Unknown"
"6227756",371834,2025-06-27 23:20:06,43.3295021057129,-8.49897766113281,"Unknown"
"6227756",371834,2025-06-27 23:25:06,43.3294715881348,-8.49892616271973,"Unknown"
"6227756",371834,2025-06-27 23:30:06,43.3295249938965,-8.49900436401367,"Unknown"
"6227756",371834,2025-06-27 23:35:06,43.3295211791992,-8.49899482727051,"Unknown"
"6227756",371834,2025-06-27 23:40:06,43.3295021057129,-8.49898910522461,"Unknown"
"6227756",371834,2025-06-27 23:45:06,43.3295211791992,-8.49898433685303,"Unknown"
"6227756",371834,2025-06-27 23:50:07,43.3295516967773,-8.49904441833496,"Unknown"
"6227756",371834,2025-06-27 23:55:06,43.3295402526855,-8.4990177154541,"Unknown"
"6227756",371834,2025-06-28 00:00:09,43.3295402526855,-8.49910545349121,"Unknown"
"6227756",371834,2025-06-28 00:05:09,43.3295555114746,-8.49914741516113,"Unknown"
"6227756",371834,2025-06-28 00:10:09,43.3295745849609,-8.49919319152832,"Unknown"
"6227756",371834,2025-06-28 00:15:09,43.3296203613281,-8.49915599822998,"Unknown"
"6227756",371834,2025-06-28 00:20:09,43.3296737670898,-8.49917125701904,"Unknown"
"6227756",371834,2025-06-28 00:25:09,43.3297309875488,-8.49917316436768,"Unknown"
"6227756",371834,2025-06-28 00:30:09,43.3297386169434,-8.49917602539062,"Unknown"
"6227756",371834,2025-06-28 00:35:09,43.3297958374023,-8.49914932250977,"Unknown"
"6227756",371834,2025-06-28 00:40:09,43.3298187255859,-8.49911403656006,"Unknown"
"6227756",371834,2025-06-28 00:45:08,43.3297843933105,-8.49914360046387,"Unknown"
"6227756",371834,2025-06-28 00:50:07,43.329833984375,-8.49912261962891,"Unknown"
"6227756",371834,2025-06-28 00:55:08,43.3298263549805,-8.49912738800049,"Unknown"
"6227756",371834,2025-06-28 01:00:06,43.3297805786133,-8.49913120269775,"Unknown"
"6227756",371834,2025-06-28 01:05:05,43.329704284668,-8.49924945831299,"Unknown"
"6227756",371834,2025-06-28 01:10:05,43.3296852111816,-8.49933242797852,"Unknown"
"6227756",371834,2025-06-28 01:15:07,43.329776763916,-8.49912261962891,"Unknown"
"6227756",371834,2025-06-28 01:20:05,43.3297157287598,-8.4992618560791,"Unknown"
"6227756",371834,2025-06-28 01:25:04,43.3297233581543,-8.49925136566162,"Unknown"
"6227756",371834,2025-06-28 01:30:05,43.3296737670898,-8.49929046630859,"Unknown"
"6227756",371834,2025-06-28 01:35:04,43.3297157287598,-8.4992733001709,"Unknown"
"6227756",371834,2025-06-28 01:40:04,43.3296813964844,-8.49932193756104,"Unknown"
"6227756",371834,2025-06-28 01:45:05,43.3296432495117,-8.49926948547363,"Unknown"
"6227756",371834,2025-06-28 01:50:05,43.3297309875488,-8.49933624267578,"Unknown"
"6227756",371834,2025-06-28 01:55:05,43.3296813964844,-8.49931240081787,"Unknown"
"6227756",371834,2025-06-28 02:00:05,43.3297080993652,-8.49931907653809,"Unknown"
"6227756",371834,2025-06-28 02:05:05,43.3297233581543,-8.49926471710205,"Unknown"
"6227756",371834,2025-06-28 02:10:05,43.3297080993652,-8.49931049346924,"Unknown"
"6227756",371834,2025-06-28 02:15:05,43.3297500610352,-8.499342918396,"Unknown"
"6227756",371834,2025-06-28 02:20:05,43.3296813964844,-8.49925994873047,"Unknown"
"6227756",371834,2025-06-28 02:25:05,43.329647064209,-8.49923706054688,"Unknown"
"6227756",371834,2025-06-28 02:30:05,43.329662322998,-8.49923229217529,"Unknown"
"6227756",371834,2025-06-28 02:35:04,43.329662322998,-8.49922275543213,"Unknown"
"6227756",371834,2025-06-28 02:40:04,43.3296737670898,-8.49925231933594,"Unknown"
"6227756",371834,2025-06-28 02:45:04,43.3296089172363,-8.49918365478516,"Unknown"
"6227756",371834,2025-06-28 02:50:04,43.3295936584473,-8.49913883209229,"Unknown"
"6227756",371834,2025-06-28 02:55:04,43.3295783996582,-8.49910640716553,"Unknown"
"6227756",371834,2025-06-28 03:00:05,43.3297271728516,-8.49928665161133,"Unknown"
"6227756",371834,2025-06-28 03:05:05,43.3297729492188,-8.49930191040039,"Unknown"
"6227756",371834,2025-06-28 03:10:05,43.3296661376953,-8.49919605255127,"Unknown"
"6227756",371834,2025-06-28 03:15:05,43.329532623291,-8.4990291595459,"Unknown"
"6227756",371834,2025-06-28 03:20:10,43.3293495178223,-8.4988431930542,"Unknown"
"6227756",371834,2025-06-28 03:25:09,43.3298530578613,-8.49928379058838,"Unknown"
"6227756",371834,2025-06-28 03:30:10,43.329906463623,-8.49925231933594,"Unknown"
"6227756",371834,2025-06-28 03:35:04,43.3297843933105,-8.49929523468018,"Unknown"
"6227756",371834,2025-06-28 03:40:06,43.3296241760254,-8.49925804138184,"Unknown"
"6227756",371834,2025-06-28 03:45:04,43.3295097351074,-8.49928092956543,"Unknown"
"6227756",371834,2025-06-28 03:50:06,43.329475402832,-8.49926948547363,"Unknown"
"6227756",371834,2025-06-28 03:55:04,43.3295097351074,-8.49902534484863,"Unknown"
"6227756",371834,2025-06-28 04:00:05,43.3295974731445,-8.49915409088135,"Unknown"
"6227756",371834,2025-06-28 04:05:05,43.3295135498047,-8.49909687042236,"Unknown"
"6227756",371834,2025-06-28 04:10:04,43.3296203613281,-8.49912452697754,"Unknown"
"6227756",371834,2025-06-28 04:15:06,43.3297233581543,-8.49925899505615,"Unknown"
"6227756",371834,2025-06-28 04:20:12,43.3295593261719,-8.49877738952637,"Unknown"
"6227756",371834,2025-06-28 04:25:12,43.3295669555664,-8.49874210357666,"Unknown"
"6227756",371834,2025-06-28 04:30:07,43.3295745849609,-8.4987678527832,"Unknown"
"6227756",371834,2025-06-28 04:35:10,43.3296279907227,-8.49877452850342,"Unknown"
"6227756",371834,2025-06-28 04:40:15,43.3295402526855,-8.49857616424561,"Unknown"
"6227756",371834,2025-06-28 04:45:15,43.3294982910156,-8.49839496612549,"Unknown"
"6227756",371834,2025-06-28 04:50:12,43.329475402832,-8.49841499328613,"Unknown"
"6227756",371834,2025-06-28 04:55:22,43.3295364379883,-8.49855613708496,"Unknown"
"6227756",371834,2025-06-28 05:00:26,43.3295974731445,-8.49873352050781,"Unknown"
"6227756",371834,2025-06-28 05:05:18,43.3294563293457,-8.49833679199219,"Unknown"
"6227756",371834,2025-06-28 05:10:15,43.3293647766113,-8.49808025360107,"Unknown"
"6227756",371834,2025-06-28 05:15:13,43.3293609619141,-8.49808979034424,"Unknown"
"6227756",371834,2025-06-28 05:20:12,43.3293991088867,-8.49815940856934,"Unknown"
"6227756",371834,2025-06-28 05:25:16,43.3293800354004,-8.49817657470703,"Unknown"
"6227756",371834,2025-06-28 05:30:19,43.3293571472168,-8.49801349639893,"Unknown"
"6227756",371834,2025-06-28 05:35:26,43.329418182373,-8.49823665618896,"Unknown"
"6227756",371834,2025-06-28 05:40:27,43.3295097351074,-8.49793720245361,"Unknown"
"6227756",371834,2025-06-28 05:45:31,43.329532623291,-8.49873638153076,"Unknown"
"6227756",371834,2025-06-28 05:50:03,43.3295860290527,-8.49907493591309,"Unknown"
"6227756",371834,2025-06-28 05:55:04,43.3295860290527,-8.49906635284424,"Unknown"
"6227756",371834,2025-06-28 06:00:04,43.329761505127,-8.49928379058838,"Unknown"
"6227756",371834,2025-06-28 06:05:04,43.3296508789062,-8.49921798706055,"Unknown"
"6227756",371834,2025-06-28 06:10:04,43.3296012878418,-8.4991569519043,"Unknown"
"6227756",371834,2025-06-28 06:15:04,43.3296775817871,-8.49924850463867,"Unknown"
"6227756",371834,2025-06-28 06:20:04,43.3297119140625,-8.49940204620361,"Unknown"
"6227756",371834,2025-06-28 06:25:04,43.3295783996582,-8.49910068511963,"Unknown"
"6227756",371834,2025-06-28 06:30:05,43.3295593261719,-8.49911689758301,"Unknown"
"6227756",371834,2025-06-28 06:35:10,43.329517364502,-8.49897480010986,"Unknown"
"6227756",371834,2025-06-28 06:40:04,43.3295097351074,-8.49889373779297,"Unknown"
"6227756",371834,2025-06-28 06:45:06,43.3295707702637,-8.4990234375,"Unknown"
"6227756",371834,2025-06-28 06:50:06,43.3295135498047,-8.49904441833496,"Unknown"
"6227756",371834,2025-06-28 06:55:06,43.3294715881348,-8.49866008758545,"Unknown"
"6227756",371834,2025-06-28 07:00:06,43.3294792175293,-8.49869823455811,"Unknown"
"6227756",371834,2025-06-28 07:05:07,43.3295249938965,-8.49893856048584,"Unknown"
"6227756",371834,2025-06-28 07:10:04,43.32958984375,-8.49919700622559,"Unknown"
"6227756",371834,2025-06-28 07:15:07,43.3295021057129,-8.49891948699951,"Unknown"
"6227756",371834,2025-06-28 07:20:04,43.3295364379883,-8.49904346466064,"Unknown"
"6227756",371834,2025-06-28 07:25:04,43.329517364502,-8.49898242950439,"Unknown"
"6227756",371834,2025-06-28 07:30:04,43.3295364379883,-8.49895572662354,"Unknown"
"6227756",371834,2025-06-28 07:35:04,43.3296089172363,-8.49919891357422,"Unknown"
"6227756",371834,2025-06-28 07:40:04,43.3296699523926,-8.49936866760254,"Unknown"
"6227756",371834,2025-06-28 07:45:06,43.3294486999512,-8.49886512756348,"Unknown"
"6227756",371834,2025-06-28 07:50:06,43.3295021057129,-8.49895477294922,"Unknown"
"6227756",371834,2025-06-28 07:55:06,43.3295707702637,-8.49903869628906,"Unknown"
"6227756",371834,2025-06-28 08:00:17,43.3294296264648,-8.4990234375,"Unknown"
"6227756",371834,2025-06-28 08:05:06,43.329345703125,-8.49890422821045,"Unknown"
"6227756",371834,2025-06-28 08:10:09,43.3295021057129,-8.49886226654053,"Unknown"
"6227756",371834,2025-06-28 08:15:10,43.3294219970703,-8.49916934967041,"Unknown"
"6227756",371834,2025-06-28 08:20:12,43.329418182373,-8.49906921386719,"Unknown"
"6227756",371834,2025-06-28 08:25:29,43.3294677734375,-8.49892520904541,"Unknown"
"6227756",371834,2025-06-28 08:30:13,43.3295783996582,-8.49865818023682,"Unknown"
"6227756",371834,2025-06-28 08:35:35,43.3294563293457,-8.49897861480713,"Unknown"
"6227756",371834,2025-06-28 08:40:03,43.3294372558594,-8.49902153015137,"Unknown"
"6227756",371834,2025-06-28 08:45:03,43.3294715881348,-8.49907970428467,"Unknown"
"6227756",371834,2025-06-28 08:50:03,43.3294448852539,-8.49906730651855,"Unknown"
"6227756",371834,2025-06-28 08:55:03,43.3293762207031,-8.49910068511963,"Unknown"
"6227756",371834,2025-06-28 09:00:04,43.3293228149414,-8.4990177154541,"Unknown"
"6227756",371834,2025-06-28 09:05:04,43.3292427062988,-8.49907493591309,"Unknown"
"6227756",371834,2025-06-28 09:10:07,43.3295555114746,-8.49905967712402,"Unknown"
"6227756",371834,2025-06-28 09:15:12,43.3296165466309,-8.49909400939941,"Unknown"
"6227756",371834,2025-06-28 09:20:04,43.3297004699707,-8.49907779693604,"Unknown"
"6227756",371834,2025-06-28 09:25:06,43.329418182373,-8.49911117553711,"Unknown"
"6227756",371834,2025-06-28 09:30:04,43.3295707702637,-8.49913692474365,"Unknown"
"6227756",371834,2025-06-28 09:35:04,43.3291625976562,-8.49912071228027,"Unknown"
"6227756",371834,2025-06-28 09:40:05,43.3292770385742,-8.49906826019287,"Unknown"
"6227756",371834,2025-06-28 09:45:04,43.3292045593262,-8.49907302856445,"Unknown"
"6227756",371834,2025-06-28 09:50:10,43.3293342590332,-8.4988899230957,"Unknown"
"6227756",371834,2025-06-28 09:55:04,43.3292083740234,-8.49892997741699,"Unknown"
"6227756",371834,2025-06-28 10:00:04,43.3293228149414,-8.4988317489624,"Unknown"
"6227756",371834,2025-06-28 10:05:04,43.3293800354004,-8.49885082244873,"Unknown"
"6227756",371834,2025-06-28 10:10:04,43.329460144043,-8.49887371063232,"Unknown"
"6227756",371834,2025-06-28 10:15:04,43.3295021057129,-8.49875354766846,"Unknown"
"6227756",371834,2025-06-28 10:20:04,43.3294334411621,-8.49878692626953,"Unknown"
"6227756",371834,2025-06-28 10:25:04,43.3294830322266,-8.49862289428711,"Unknown"
"6227756",371834,2025-06-28 10:30:04,43.3294830322266,-8.49860286712646,"Unknown"
"6227756",371834,2025-06-28 10:35:04,43.3294982910156,-8.49858951568604,"Unknown"
"6227756",371834,2025-06-28 10:40:04,43.329273223877,-8.49837970733643,"Unknown"
"6227756",371834,2025-06-28 10:45:04,43.3294258117676,-8.49839210510254,"Unknown"
"6227756",371834,2025-06-28 10:50:04,43.3293762207031,-8.4983434677124,"Unknown"
"6227756",371834,2025-06-28 10:55:04,43.3291625976562,-8.49814987182617,"Unknown"
"6227756",371834,2025-06-28 11:00:04,43.3290939331055,-8.49814987182617,"Unknown"
"6227756",371834,2025-06-28 11:05:04,43.3290100097656,-8.49803733825684,"Unknown"
"6227756",371834,2025-06-28 11:10:05,43.3290977478027,-8.49796581268311,"Unknown"
"6227756",371834,2025-06-28 11:15:06,43.3291969299316,-8.49813556671143,"Unknown"
"6227756",371834,2025-06-28 11:20:04,43.3291206359863,-8.49800491333008,"Unknown"
"6227756",371834,2025-06-28 11:25:04,43.3291320800781,-8.49802875518799,"Unknown"
"6227756",371834,2025-06-28 11:30:04,43.3293380737305,-8.49881267547607,"Unknown"
"6227756",371834,2025-06-28 11:35:04,43.3291320800781,-8.4980001449585,"Unknown"
"6227756",371834,2025-06-28 11:40:04,43.3290176391602,-8.49789333343506,"Unknown"
"6227756",371834,2025-06-28 11:45:06,43.328857421875,-8.49780178070068,"Unknown"
"6227756",371834,2025-06-28 11:50:05,43.329963684082,-8.49876976013184,"Unknown"
"6227756",371834,2025-06-28 11:55:07,43.3298606872559,-8.49871349334717,"Unknown"
"6227756",371834,2025-06-28 12:00:12,43.3299369812012,-8.49875831604004,"Unknown"
"6227756",371834,2025-06-28 12:05:12,43.3298988342285,-8.4987735748291,"Unknown"
"6227756",371834,2025-06-28 12:10:10,43.3298797607422,-8.49877548217773,"Unknown"
"6227756",371834,2025-06-28 12:15:09,43.3297805786133,-8.49877166748047,"Unknown"
"6227756",371834,2025-06-28 12:20:09,43.329761505127,-8.49878787994385,"Unknown"
"6227756",371834,2025-06-28 12:25:09,43.3297309875488,-8.49879264831543,"Unknown"
"6227756",371834,2025-06-28 12:30:09,43.3298072814941,-8.49882125854492,"Unknown"
"6227756",371834,2025-06-28 12:35:10,43.3296661376953,-8.49881649017334,"Unknown"
"6227756",371834,2025-06-28 12:40:09,43.3296546936035,-8.49889659881592,"Unknown"
"6227756",371834,2025-06-28 12:45:18,43.3296661376953,-8.49887466430664,"Unknown"
"6227756",371834,2025-06-28 12:50:09,43.3297119140625,-8.49889945983887,"Unknown"
"6227756",371834,2025-06-28 12:55:10,43.329044342041,-8.49880599975586,"Unknown"
"6227756",371834,2025-06-28 13:00:09,43.3297576904297,-8.49902439117432,"Unknown"
"6227756",371834,2025-06-28 13:05:10,43.3293418884277,-8.49930858612061,"Unknown"
"6227756",371834,2025-06-28 13:10:07,43.3295288085938,-8.49943256378174,"Unknown"
"6227756",371834,2025-06-28 13:15:08,43.3296203613281,-8.49952793121338,"Unknown"
"6227756",371834,2025-06-28 13:20:11,43.3292121887207,-8.49929904937744,"Unknown"
"6227756",371834,2025-06-28 13:25:08,43.3296928405762,-8.49961853027344,"Unknown"
"6227756",371834,2025-06-28 13:30:09,43.3292388916016,-8.49948787689209,"Unknown"
"6227756",371834,2025-06-28 13:35:12,43.3292121887207,-8.49943351745605,"Unknown"
"6227756",371834,2025-06-28 13:40:11,43.3296699523926,-8.4996452331543,"Unknown"
"6227756",371834,2025-06-28 13:45:11,43.3297462463379,-8.49972724914551,"Unknown"
"6227756",371834,2025-06-28 13:50:10,43.3296890258789,-8.49974536895752,"Unknown"
"6227756",371834,2025-06-28 13:55:23,43.3293609619141,-8.49996471405029,"Unknown"
"6227756",371834,2025-06-28 14:00:09,43.3293190002441,-8.4997615814209,"Unknown"
"6227756",371834,2025-06-28 14:05:12,43.3293876647949,-8.49996948242188,"Unknown"
"6227756",371834,2025-06-28 14:10:09,43.3293800354004,-8.50001621246338,"Unknown"
"6227756",371834,2025-06-28 14:15:12,43.329418182373,-8.50014591217041,"Unknown"
"6227756",371834,2025-06-28 14:20:09,43.3293380737305,-8.50016403198242,"Unknown"
"6227756",371834,2025-06-28 14:25:12,43.3293647766113,-8.50026893615723,"Unknown"
"6227756",371834,2025-06-28 14:30:10,43.3292846679688,-8.50044059753418,"Unknown"
"6227756",371834,2025-06-28 14:35:13,43.329273223877,-8.50053024291992,"Unknown"
"6227756",371834,2025-06-28 14:40:12,43.329402923584,-8.50010871887207,"Unknown"
"6227756",371834,2025-06-28 14:45:34,43.3292579650879,-8.49898052215576,"Unknown"
"6227756",371834,2025-06-28 14:50:03,43.3289756774902,-8.49868106842041,"Unknown"
"6227756",371834,2025-06-28 14:55:03,43.3291244506836,-8.49870014190674,"Unknown"
"6227756",371834,2025-06-28 15:00:04,43.329418182373,-8.49880790710449,"Unknown"
"6227756",371834,2025-06-28 15:05:05,43.3294563293457,-8.49884796142578,"Unknown"
"6227756",371834,2025-06-28 15:10:05,43.3294868469238,-8.49880409240723,"Unknown"
"6227756",371834,2025-06-28 15:15:05,43.3294982910156,-8.49888801574707,"Unknown"
"6227756",371834,2025-06-28 15:20:03,43.3295555114746,-8.49892997741699,"Unknown"
"6227756",371834,2025-06-28 15:25:05,43.3296585083008,-8.49890899658203,"Unknown"
"6227756",371834,2025-06-28 15:30:06,43.3297729492188,-8.49899291992188,"Unknown"
"6227756",371834,2025-06-28 15:35:05,43.3297996520996,-8.49899291992188,"Unknown"
"6227756",371834,2025-06-28 15:40:05,43.3297729492188,-8.49896717071533,"Unknown"
"6227756",371834,2025-06-28 15:45:05,43.3296661376953,-8.49901676177979,"Unknown"
"6227756",371834,2025-06-28 15:50:05,43.3296928405762,-8.49897289276123,"Unknown"
"6227756",371834,2025-06-28 15:55:05,43.3296012878418,-8.4990062713623,"Unknown"
"6227756",371834,2025-06-28 16:00:05,43.3296928405762,-8.49896812438965,"Unknown"
"6227756",371834,2025-06-28 16:05:05,43.3296089172363,-8.49903583526611,"Unknown"
"6227756",371834,2025-06-28 16:10:05,43.3295288085938,-8.49904537200928,"Unknown"
"6227756",371834,2025-06-28 16:15:05,43.3294792175293,-8.49909114837646,"Unknown"
"6227756",371834,2025-06-28 16:20:05,43.3295783996582,-8.49911117553711,"Unknown"
"6227756",371834,2025-06-28 16:25:05,43.3296127319336,-8.49912261962891,"Unknown"
"6227756",371834,2025-06-28 16:30:05,43.3295860290527,-8.49912548065186,"Unknown"
"6227756",371834,2025-06-28 16:35:05,43.3296012878418,-8.4990873336792,"Unknown"
"6227756",371834,2025-06-28 16:40:05,43.3295631408691,-8.49914646148682,"Unknown"
"6227756",371834,2025-06-28 16:45:05,43.3295593261719,-8.49914646148682,"Unknown"
"6227756",371834,2025-06-28 16:50:05,43.3295593261719,-8.49912929534912,"Unknown"
"6227756",371834,2025-06-28 16:55:05,43.3295516967773,-8.49916362762451,"Unknown"
"6227756",371834,2025-06-28 17:00:05,43.3295288085938,-8.49914836883545,"Unknown"
"6227756",371834,2025-06-28 17:05:05,43.3295364379883,-8.49912357330322,"Unknown"
"6227756",371834,2025-06-28 17:10:05,43.3295822143555,-8.49912643432617,"Unknown"
"6227756",371834,2025-06-28 17:15:05,43.3295707702637,-8.49915409088135,"Unknown"
"6227756",371834,2025-06-28 17:20:05,43.3295669555664,-8.49913215637207,"Unknown"
"6227756",371834,2025-06-28 17:25:05,43.3296012878418,-8.49917411804199,"Unknown"
"6227756",371834,2025-06-28 17:30:05,43.3296241760254,-8.49917697906494,"Unknown"
"6227756",371834,2025-06-28 17:35:05,43.3296279907227,-8.49918651580811,"Unknown"
"6227756",371834,2025-06-28 17:40:05,43.3296813964844,-8.49919986724854,"Unknown"
"6227756",371834,2025-06-28 17:45:05,43.3296089172363,-8.49920177459717,"Unknown"
"6227756",371834,2025-06-28 17:50:05,43.3296241760254,-8.49917602539062,"Unknown"
"6227756",371834,2025-06-28 17:55:05,43.3296737670898,-8.4991512298584,"Unknown"
"6227756",371834,2025-06-28 18:00:05,43.329704284668,-8.49917411804199,"Unknown"
"6227756",371834,2025-06-28 18:05:05,43.3297576904297,-8.49919700622559,"Unknown"
"6227756",371834,2025-06-28 18:10:05,43.329776763916,-8.49916458129883,"Unknown"
"6227756",371834,2025-06-28 18:15:05,43.3297500610352,-8.49911880493164,"Unknown"
"6227756",371834,2025-06-28 18:20:05,43.3297920227051,-8.49923229217529,"Unknown"
"6227756",371834,2025-06-28 18:25:05,43.3297653198242,-8.49915409088135,"Unknown"
"6227756",371834,2025-06-28 18:30:05,43.3297538757324,-8.49911880493164,"Unknown"
"6227756",371834,2025-06-28 18:35:05,43.3299217224121,-8.49927139282227,"Unknown"
"6227756",371834,2025-06-28 18:40:05,43.3299026489258,-8.49928569793701,"Unknown"
"6227756",371834,2025-06-28 18:45:05,43.3297576904297,-8.49917030334473,"Unknown"
"6227756",371834,2025-06-28 18:50:05,43.3297080993652,-8.49917602539062,"Unknown"
"6227756",371834,2025-06-28 18:55:05,43.3297882080078,-8.49926280975342,"Unknown"
"6227756",371834,2025-06-28 19:00:06,43.3298759460449,-8.49931716918945,"Unknown"
"6227756",371834,2025-06-28 19:05:06,43.3295440673828,-8.49890613555908,"Unknown"
"6227756",371834,2025-06-28 19:10:06,43.3294486999512,-8.49894905090332,"Unknown"
"6227756",371834,2025-06-28 19:15:06,43.329460144043,-8.49884128570557,"Unknown"
"6227756",371834,2025-06-28 19:20:06,43.3294677734375,-8.49886512756348,"Unknown"
"6227756",371834,2025-06-28 19:25:06,43.3295936584473,-8.49907398223877,"Unknown"
"6227756",371834,2025-06-28 19:30:06,43.32958984375,-8.49909591674805,"Unknown"
"6227756",371834,2025-06-28 19:35:06,43.3295097351074,-8.49878311157227,"Unknown"
"6227756",371834,2025-06-28 19:40:06,43.3295783996582,-8.49874496459961,"Unknown"
"6227756",371834,2025-06-28 19:45:06,43.3295402526855,-8.49868679046631,"Unknown"
"6227756",371834,2025-06-28 19:50:05,43.3295478820801,-8.49871730804443,"Unknown"
"6227756",371834,2025-06-28 19:55:06,43.32958984375,-8.49872779846191,"Unknown"
"6227756",371834,2025-06-28 20:00:05,43.3295669555664,-8.49864864349365,"Unknown"
"6227756",371834,2025-06-28 20:05:05,43.3294944763184,-8.49860668182373,"Unknown"
"6227756",371834,2025-06-28 20:10:05,43.3295783996582,-8.49859619140625,"Unknown"
"6227756",371834,2025-06-28 20:15:05,43.3295593261719,-8.49855041503906,"Unknown"
"6227756",371834,2025-06-28 20:20:05,43.3294105529785,-8.49853229522705,"Unknown"
"6227756",371834,2025-06-28 20:25:06,43.3294258117676,-8.4985876083374,"Unknown"
"6227756",371834,2025-06-28 20:30:06,43.329460144043,-8.49854850769043,"Unknown"
"6227756",371834,2025-06-28 20:35:06,43.3295059204102,-8.49853515625,"Unknown"
"6227756",371834,2025-06-28 20:40:06,43.3295593261719,-8.49845886230469,"Unknown"
"6227756",371834,2025-06-28 20:45:06,43.3295936584473,-8.49850654602051,"Unknown"
"6227756",371834,2025-06-28 20:50:06,43.3296165466309,-8.49841499328613,"Unknown"
"6227756",371834,2025-06-28 20:55:07,43.3296318054199,-8.4984188079834,"Unknown"
"6227756",371834,2025-06-28 21:00:06,43.3296852111816,-8.49838161468506,"Unknown"
"6227756",371834,2025-06-28 21:05:06,43.3297386169434,-8.49843215942383,"Unknown"
"6227756",371834,2025-06-28 21:10:06,43.329761505127,-8.49844741821289,"Unknown"
"6227756",371834,2025-06-28 21:15:06,43.3297920227051,-8.498459815979,"Unknown"
"6227756",371834,2025-06-28 21:20:06,43.3298072814941,-8.49847316741943,"Unknown"
"6227756",371834,2025-06-28 21:25:06,43.3298301696777,-8.49848461151123,"Unknown"
"6227756",371834,2025-06-28 21:30:06,43.3298683166504,-8.49847030639648,"Unknown"
"6227756",371834,2025-06-28 21:35:08,43.3300132751465,-8.49852561950684,"Unknown"
"6227756",371834,2025-06-28 21:40:08,43.3298034667969,-8.49850273132324,"Unknown"
"6227756",371834,2025-06-28 21:45:06,43.3296585083008,-8.4985237121582,"Unknown"
"6227756",371834,2025-06-28 21:50:06,43.3297576904297,-8.49840641021729,"Unknown"
"6227756",371834,2025-06-28 21:55:06,43.3296051025391,-8.49857330322266,"Unknown"
"6227756",371834,2025-06-28 22:00:06,43.3296051025391,-8.49858570098877,"Unknown"
"6227756",371834,2025-06-28 22:05:06,43.329647064209,-8.49853801727295,"Unknown"
"6227756",371834,2025-06-28 22:10:06,43.3296279907227,-8.49860668182373,"Unknown"
"6227756",371834,2025-06-28 22:15:06,43.3295822143555,-8.49870586395264,"Unknown"
"6227756",371834,2025-06-28 22:20:06,43.3296356201172,-8.49874496459961,"Unknown"
"6227756",371834,2025-06-28 22:25:07,43.3292579650879,-8.49908542633057,"Unknown"
"6227756",371834,2025-06-28 22:30:08,43.3292579650879,-8.49907779693604,"Unknown"
"6227756",371834,2025-06-28 22:35:08,43.3292922973633,-8.49907684326172,"Unknown"
"6227756",371834,2025-06-28 22:40:08,43.3293685913086,-8.49910449981689,"Unknown"
"6227756",371834,2025-06-28 22:45:08,43.3293228149414,-8.49916362762451,"Unknown"
"6227756",371834,2025-06-28 22:50:07,43.3293991088867,-8.49904823303223,"Unknown"
"6227756",371834,2025-06-28 22:55:07,43.3294067382812,-8.49910068511963,"Unknown"
"6227756",371834,2025-06-28 23:00:10,43.3293724060059,-8.49921226501465,"Unknown"
"6227756",371834,2025-06-28 23:05:13,43.3294372558594,-8.49904537200928,"Unknown"
"6227756",371834,2025-06-28 23:10:08,43.3294105529785,-8.4991397857666,"Unknown"
"6227756",371834,2025-06-28 23:15:08,43.3294830322266,-8.49906444549561,"Unknown"
"6227756",371834,2025-06-28 23:20:27,43.3294792175293,-8.49885654449463,"Unknown"
"6227756",371834,2025-06-28 23:25:19,43.3294982910156,-8.49888706207275,"Unknown"
"6227756",371834,2025-06-28 23:30:31,43.329475402832,-8.49888801574707,"Unknown"
"6227756",371834,2025-06-28 23:35:03,43.3294715881348,-8.49898624420166,"Unknown"
"6227756",371834,2025-06-28 23:40:03,43.329475402832,-8.49893188476562,"Unknown"
"6227756",371834,2025-06-28 23:45:03,43.3294639587402,-8.49901390075684,"Unknown"
"6227756",371834,2025-06-28 23:50:03,43.329517364502,-8.49898433685303,"Unknown"
"6227756",371834,2025-06-28 23:55:03,43.3294906616211,-8.49895286560059,"Unknown"
"6227756",371834,2025-06-29 00:00:03,43.3294906616211,-8.49897384643555,"Unknown"
"6227756",371834,2025-06-29 00:05:03,43.329532623291,-8.49895858764648,"Unknown"
"6227756",371834,2025-06-29 00:10:03,43.3295249938965,-8.49893665313721,"Unknown"
"6227756",371834,2025-06-29 00:15:03,43.3295059204102,-8.49901676177979,"Unknown"
"6227756",371834,2025-06-29 00:20:03,43.3295059204102,-8.49886703491211,"Unknown"
"6227756",371834,2025-06-29 00:25:04,43.3295860290527,-8.49900817871094,"Unknown"
"6227756",371834,2025-06-29 00:30:03,43.32958984375,-8.49905109405518,"Unknown"
"6227756",371834,2025-06-29 00:35:04,43.3295249938965,-8.49893093109131,"Unknown"
"6227756",371834,2025-06-29 00:40:06,43.3295555114746,-8.49893188476562,"Unknown"
"6227756",371834,2025-06-29 00:45:04,43.3295860290527,-8.49902534484863,"Unknown"
"6227756",371834,2025-06-29 00:50:04,43.3295974731445,-8.49899673461914,"Unknown"
"6227756",371834,2025-06-29 00:55:04,43.3296203613281,-8.49868392944336,"Unknown"
"6227756",371834,2025-06-29 01:00:04,43.3296279907227,-8.49875259399414,"Unknown"
"6227756",371834,2025-06-29 01:05:04,43.3296394348145,-8.49878787994385,"Unknown"
"6227756",371834,2025-06-29 01:10:04,43.3297424316406,-8.49876117706299,"Unknown"
"6227756",371834,2025-06-29 01:15:04,43.3295593261719,-8.49912548065186,"Unknown"
"6227756",371834,2025-06-29 01:20:04,43.3296890258789,-8.49887561798096,"Unknown"
"6227756",371834,2025-06-29 01:25:04,43.329532623291,-8.49888801574707,"Unknown"
"6227756",371834,2025-06-29 01:30:05,43.3294715881348,-8.49894237518311,"Unknown"
"6227756",371834,2025-06-29 01:35:04,43.3294219970703,-8.49891757965088,"Unknown"
"6227756",371834,2025-06-29 01:40:04,43.3293952941895,-8.49888324737549,"Unknown"
"6227756",371834,2025-06-29 01:45:04,43.3296394348145,-8.49899101257324,"Unknown"
"6227756",371834,2025-06-29 01:50:05,43.3295021057129,-8.49893856048584,"Unknown"
"6227756",371834,2025-06-29 01:55:04,43.3294792175293,-8.49894237518311,"Unknown"
"6227756",371834,2025-06-29 02:00:04,43.3294715881348,-8.49895191192627,"Unknown"
"6227756",371834,2025-06-29 02:05:04,43.3295059204102,-8.49895858764648,"Unknown"
"6227756",371834,2025-06-29 02:10:04,43.3295059204102,-8.49897003173828,"Unknown"
"6227756",371834,2025-06-29 02:15:04,43.3294486999512,-8.49892520904541,"Unknown"
"6227756",371834,2025-06-29 02:20:04,43.3295021057129,-8.498948097229,"Unknown"
"6227756",371834,2025-06-29 02:25:04,43.3294982910156,-8.49899291992188,"Unknown"
"6227756",371834,2025-06-29 02:30:05,43.3294410705566,-8.49894905090332,"Unknown"
"6227756",371834,2025-06-29 02:35:04,43.3294868469238,-8.49898719787598,"Unknown"
"6227756",371834,2025-06-29 02:40:04,43.3293418884277,-8.49887561798096,"Unknown"
"6227756",371834,2025-06-29 02:45:04,43.3294219970703,-8.49893951416016,"Unknown"
"6227756",371834,2025-06-29 02:50:04,43.3294410705566,-8.49897956848145,"Unknown"
"6227756",371834,2025-06-29 02:55:04,43.3293647766113,-8.49892044067383,"Unknown"
"6227756",371834,2025-06-29 03:00:04,43.3293685913086,-8.49894905090332,"Unknown"
"6227756",371834,2025-06-29 03:05:05,43.329517364502,-8.49904441833496,"Unknown"
"6227756",371834,2025-06-29 03:10:05,43.3294486999512,-8.4989767074585,"Unknown"
"6227756",371834,2025-06-29 03:15:06,43.3294639587402,-8.49897384643555,"Unknown"
"6227756",371834,2025-06-29 03:20:09,43.3294982910156,-8.49908828735352,"Unknown"
"6227756",371834,2025-06-29 03:25:12,43.3294639587402,-8.49910163879395,"Unknown"
"6227756",371834,2025-06-29 03:30:10,43.3293991088867,-8.49908542633057,"Unknown"
"6227756",371834,2025-06-29 03:35:35,43.3294258117676,-8.49906635284424,"Unknown"
"6227756",371834,2025-06-29 03:40:04,43.3295516967773,-8.49898338317871,"Unknown"
"6227756",371834,2025-06-29 03:45:04,43.3295097351074,-8.49912738800049,"Unknown"
"6227756",371834,2025-06-29 03:50:04,43.3295593261719,-8.49905967712402,"Unknown"
"6227756",371834,2025-06-29 03:55:04,43.3295097351074,-8.49905872344971,"Unknown"
"6227756",371834,2025-06-29 04:00:04,43.3295288085938,-8.4990701675415,"Unknown"
"6227756",371834,2025-06-29 04:05:04,43.3295059204102,-8.49909400939941,"Unknown"
"6227756",371834,2025-06-29 04:10:04,43.3295059204102,-8.49906730651855,"Unknown"
"6227756",371834,2025-06-29 04:15:04,43.3294982910156,-8.49908351898193,"Unknown"
"6227756",371834,2025-06-29 04:20:04,43.3295135498047,-8.49902725219727,"Unknown"
"6227756",371834,2025-06-29 04:25:04,43.3294830322266,-8.49903583526611,"Unknown"
"6227756",371834,2025-06-29 04:30:04,43.3295059204102,-8.49904441833496,"Unknown"
"6227756",371834,2025-06-29 04:35:04,43.3295059204102,-8.49903106689453,"Unknown"
"6227756",371834,2025-06-29 04:40:04,43.329475402832,-8.49897003173828,"Unknown"
"6227756",371834,2025-06-29 04:45:04,43.3294410705566,-8.49894618988037,"Unknown"
"6227756",371834,2025-06-29 04:50:04,43.329475402832,-8.49894905090332,"Unknown"
"6227756",371834,2025-06-29 04:55:04,43.3294334411621,-8.4989013671875,"Unknown"
"6227756",371834,2025-06-29 05:00:04,43.3294448852539,-8.49890995025635,"Unknown"
"6227756",371834,2025-06-29 05:05:04,43.329418182373,-8.49887657165527,"Unknown"
"6227756",371834,2025-06-29 05:10:04,43.3293762207031,-8.49882507324219,"Unknown"
"6227756",371834,2025-06-29 05:15:04,43.3294143676758,-8.49888801574707,"Unknown"
"6227756",371834,2025-06-29 05:20:04,43.3292922973633,-8.49874019622803,"Unknown"
"6227756",371834,2025-06-29 05:25:35,43.3294105529785,-8.49886226654053,"Unknown"
"6227756",371834,2025-06-29 05:30:03,43.3294715881348,-8.49902153015137,"Unknown"
"6227756",371834,2025-06-29 05:35:03,43.3293914794922,-8.49890995025635,"Unknown"
"6227756",371834,2025-06-29 05:40:03,43.3295135498047,-8.49903297424316,"Unknown"
"6227756",371834,2025-06-29 05:45:03,43.3296051025391,-8.49908638000488,"Unknown"
"6227756",371834,2025-06-29 05:50:03,43.3295860290527,-8.49902248382568,"Unknown"
"6227756",371834,2025-06-29 05:55:03,43.3296928405762,-8.49913597106934,"Unknown"
"6227756",371834,2025-06-29 06:00:04,43.329719543457,-8.4992561340332,"Unknown"
"6227756",371834,2025-06-29 06:05:06,43.3257484436035,-8.49274349212646,"Unknown"
"6227756",371834,2025-06-29 06:10:05,43.3263359069824,-8.4934778213501,"Unknown"
"6227756",371834,2025-06-29 06:15:06,43.3262100219727,-8.49248790740967,"Unknown"
"6227756",371834,2025-06-29 06:20:07,43.32958984375,-8.49899864196777,"Unknown"
"6227756",371834,2025-06-29 06:25:05,43.3275680541992,-8.49063777923584,"Unknown"
"6227756",371834,2025-06-29 06:30:05,43.32666015625,-8.49137783050537,"Unknown"
"6227756",371834,2025-06-29 06:35:11,43.32958984375,-8.4989070892334,"Unknown"
"6227756",371834,2025-06-29 06:40:05,43.3272552490234,-8.49027633666992,"Unknown"
"6227756",371834,2025-06-29 06:45:06,43.327220916748,-8.48988056182861,"Unknown"
"6227756",371834,2025-06-29 06:50:06,43.3271598815918,-8.48927402496338,"Unknown"
"6227756",371834,2025-06-29 06:55:08,43.3280487060547,-8.48739719390869,"Unknown"
"6227756",371834,2025-06-29 07:00:12,43.3297882080078,-8.49870681762695,"Unknown"
"6227756",371834,2025-06-29 07:05:10,43.3296737670898,-8.49868106842041,"Unknown"
"6227756",371834,2025-06-29 07:10:13,43.3296394348145,-8.49866962432861,"Unknown"
"6227756",371834,2025-06-29 07:15:35,43.3295440673828,-8.4989013671875,"Unknown"
"6227756",371834,2025-06-29 07:20:03,43.3295021057129,-8.49897384643555,"Unknown"
"6227756",371834,2025-06-29 07:25:03,43.3294944763184,-8.49898719787598,"Unknown"
"6227756",371834,2025-06-29 07:30:03,43.329517364502,-8.49896812438965,"Unknown"
"6227756",371834,2025-06-29 07:35:03,43.3294639587402,-8.49902725219727,"Unknown"
"6227756",371834,2025-06-29 07:40:03,43.3295021057129,-8.49896717071533,"Unknown"
"6227756",371834,2025-06-29 07:45:03,43.329460144043,-8.49904632568359,"Unknown"
"6227756",371834,2025-06-29 07:50:03,43.3295364379883,-8.49899101257324,"Unknown"
"6227756",371834,2025-06-29 07:55:03,43.329517364502,-8.4989709854126,"Unknown"
"6227756",371834,2025-06-29 08:00:03,43.3294715881348,-8.49905490875244,"Unknown"
"6227756",371834,2025-06-29 08:05:03,43.3295364379883,-8.49899387359619,"Unknown"
"6227756",371834,2025-06-29 08:10:03,43.3294486999512,-8.49900245666504,"Unknown"
"6227756",371834,2025-06-29 08:15:04,43.3294334411621,-8.49901390075684,"Unknown"
"6227756",371834,2025-06-29 08:20:04,43.3294067382812,-8.4990234375,"Unknown"
"6227756",371834,2025-06-29 08:25:04,43.3293380737305,-8.49909973144531,"Unknown"
"6227756",371834,2025-06-29 08:30:04,43.3293609619141,-8.49905586242676,"Unknown"
"6227756",371834,2025-06-29 08:35:04,43.3293876647949,-8.49908256530762,"Unknown"
"6227756",371834,2025-06-29 08:40:04,43.3293724060059,-8.49905967712402,"Unknown"
"6227756",371834,2025-06-29 08:45:04,43.3293838500977,-8.49906444549561,"Unknown"
"6227756",371834,2025-06-29 08:50:04,43.3294677734375,-8.49898242950439,"Unknown"
"6227756",371834,2025-06-29 08:55:04,43.3293876647949,-8.49901294708252,"Unknown"
"6227756",371834,2025-06-29 09:00:05,43.3293991088867,-8.49901103973389,"Unknown"
"6227756",371834,2025-06-29 09:05:06,43.3293724060059,-8.49908447265625,"Unknown"
"6227756",371834,2025-06-29 09:10:04,43.3294906616211,-8.49901580810547,"Unknown"
"6227756",371834,2025-06-29 09:15:06,43.3295135498047,-8.49907112121582,"Unknown"
"6227756",371834,2025-06-29 09:20:11,43.3295211791992,-8.49909114837646,"Unknown"
"6227756",371834,2025-06-29 09:25:05,43.3295745849609,-8.49908924102783,"Unknown"
"6227756",371834,2025-06-29 09:30:05,43.3295097351074,-8.49936580657959,"Unknown"
"6227756",371834,2025-06-29 09:35:06,43.3294334411621,-8.49908542633057,"Unknown"
"6227756",371834,2025-06-29 09:40:06,43.3294715881348,-8.49911594390869,"Unknown"
"6227756",371834,2025-06-29 09:45:05,43.3294219970703,-8.49916934967041,"Unknown"
"6227756",371834,2025-06-29 09:50:09,43.3296241760254,-8.49915218353271,"Unknown"
"6227756",371834,2025-06-29 09:55:05,43.3295822143555,-8.49870204925537,"Unknown"
"6227756",371834,2025-06-29 10:00:04,43.3294944763184,-8.49880123138428,"Unknown"
"6227756",371834,2025-06-29 10:05:05,43.3294296264648,-8.49910354614258,"Unknown"
"6227756",371834,2025-06-29 10:10:05,43.3294944763184,-8.4989128112793,"Unknown"
"6227756",371834,2025-06-29 10:15:05,43.3294868469238,-8.49893188476562,"Unknown"
"6227756",371834,2025-06-29 10:20:06,43.329517364502,-8.49887084960938,"Unknown"
"6227756",371834,2025-06-29 10:25:05,43.3294792175293,-8.49882888793945,"Unknown"
"6227756",371834,2025-06-29 10:30:05,43.3294944763184,-8.49875450134277,"Unknown"
"6227756",371834,2025-06-29 10:35:04,43.3294906616211,-8.49876117706299,"Unknown"
"6227756",371834,2025-06-29 10:40:05,43.3294525146484,-8.49873447418213,"Unknown"
"6227756",371834,2025-06-29 10:45:05,43.3294563293457,-8.49866771697998,"Unknown"
"6227756",371834,2025-06-29 10:50:06,43.3292961120605,-8.49880981445312,"Unknown"
"6227756",371834,2025-06-29 10:55:35,43.3294143676758,-8.49903678894043,"Unknown"
"6227756",371834,2025-06-29 11:00:03,43.3295288085938,-8.49900722503662,"Unknown"
"6227756",371834,2025-06-29 11:05:03,43.3295211791992,-8.49896049499512,"Unknown"
"6227756",371834,2025-06-29 11:10:03,43.3295021057129,-8.49900054931641,"Unknown"
"6227756",371834,2025-06-29 11:15:03,43.3294944763184,-8.49899673461914,"Unknown"
"6227756",371834,2025-06-29 11:20:03,43.329517364502,-8.49898147583008,"Unknown"
"6227756",371834,2025-06-29 11:25:03,43.3295288085938,-8.49901390075684,"Unknown"
"6227756",371834,2025-06-29 11:30:03,43.3295593261719,-8.49901676177979,"Unknown"
"6227756",371834,2025-06-29 11:35:03,43.3295059204102,-8.4990348815918,"Unknown"
"6227756",371834,2025-06-29 11:40:05,43.3295097351074,-8.49900531768799,"Unknown"
"6227756",371834,2025-06-29 11:45:03,43.3295707702637,-8.4989767074585,"Unknown"
"6227756",371834,2025-06-29 11:50:05,43.3295440673828,-8.49903774261475,"Unknown"
"6227756",371834,2025-06-29 11:55:13,43.329532623291,-8.49901008605957,"Unknown"
"6227756",371834,2025-06-29 12:00:04,43.3295249938965,-8.49898147583008,"Unknown"
"6227756",371834,2025-06-29 12:05:05,43.329517364502,-8.4990062713623,"Unknown"
"6227756",371834,2025-06-29 12:10:05,43.3295555114746,-8.49897289276123,"Unknown"
"6227756",371834,2025-06-29 12:15:05,43.3295135498047,-8.49897289276123,"Unknown"
"6227756",371834,2025-06-29 12:20:04,43.3295822143555,-8.49899387359619,"Unknown"
"6227756",371834,2025-06-29 12:25:04,43.3295974731445,-8.49896430969238,"Unknown"
"6227756",371834,2025-06-29 12:30:04,43.3295631408691,-8.49898147583008,"Unknown"
"6227756",371834,2025-06-29 12:35:04,43.3295707702637,-8.49896812438965,"Unknown"
"6227756",371834,2025-06-29 12:40:04,43.3295364379883,-8.4990062713623,"Unknown"
"6227756",371834,2025-06-29 12:45:04,43.3294448852539,-8.49906826019287,"Unknown"
"6227756",371834,2025-06-29 12:50:06,43.3295936584473,-8.4989595413208,"Unknown"
"6227756",371834,2025-06-29 12:55:04,43.3294105529785,-8.49916362762451,"Unknown"
"6227756",371834,2025-06-29 13:00:06,43.3296661376953,-8.49895286560059,"Unknown"
"6227756",371834,2025-06-29 13:05:06,43.32958984375,-8.49898624420166,"Unknown"
"6227756",371834,2025-06-29 13:10:06,43.32958984375,-8.49893665313721,"Unknown"
"6227756",371834,2025-06-29 13:15:06,43.32958984375,-8.49896240234375,"Unknown"
"6227756",371834,2025-06-29 13:20:06,43.3295974731445,-8.49893474578857,"Unknown"
"6227756",371834,2025-06-29 13:25:06,43.329647064209,-8.49898433685303,"Unknown"
"6227756",371834,2025-06-29 13:30:06,43.3295822143555,-8.49889278411865,"Unknown"
"6227756",371834,2025-06-29 13:35:06,43.3296890258789,-8.49918270111084,"Unknown"
"6227756",371834,2025-06-29 13:40:06,43.3295097351074,-8.49896335601807,"Unknown"
"6227756",371834,2025-06-29 13:45:06,43.3294982910156,-8.49892616271973,"Unknown"
"6227756",371834,2025-06-29 13:50:06,43.3294563293457,-8.49895000457764,"Unknown"
"6227756",371834,2025-06-29 13:55:06,43.329475402832,-8.49891090393066,"Unknown"
"6227756",371834,2025-06-29 14:00:06,43.3294410705566,-8.49892520904541,"Unknown"
"6227756",371834,2025-06-29 14:05:06,43.3294334411621,-8.49889183044434,"Unknown"
"6227756",371834,2025-06-29 14:10:06,43.3294296264648,-8.49891090393066,"Unknown"
"6227756",371834,2025-06-29 14:15:06,43.3294105529785,-8.49887847900391,"Unknown"
"6227756",371834,2025-06-29 14:20:06,43.329418182373,-8.49887943267822,"Unknown"
"6227756",371834,2025-06-29 14:25:06,43.3293571472168,-8.49882793426514,"Unknown"
"6227756",371834,2025-06-29 14:30:06,43.3294258117676,-8.49882316589355,"Unknown"
"6227756",371834,2025-06-29 14:35:06,43.3294334411621,-8.49883556365967,"Unknown"
"6227756",371834,2025-06-29 14:40:06,43.3294296264648,-8.49882411956787,"Unknown"
"6227756",371834,2025-06-29 14:45:06,43.3294219970703,-8.49879550933838,"Unknown"
"6227756",371834,2025-06-29 14:50:08,43.329402923584,-8.49878787994385,"Unknown"
"6227756",371834,2025-06-29 14:55:07,43.3293952941895,-8.4987964630127,"Unknown"
"6227756",371834,2025-06-29 15:00:07,43.3294067382812,-8.49877262115479,"Unknown"
"6227756",371834,2025-06-29 15:05:07,43.3294410705566,-8.49880218505859,"Unknown"
"6227756",371834,2025-06-29 15:10:07,43.3294334411621,-8.49878025054932,"Unknown"
"6227756",371834,2025-06-29 15:15:07,43.3299598693848,-8.49915218353271,"Unknown"
"6227756",371834,2025-06-29 15:20:14,43.329273223877,-8.49864768981934,"Unknown"
"6227756",371834,2025-06-29 15:25:07,43.3300704956055,-8.49949836730957,"Unknown"
"6227756",371834,2025-06-29 15:30:07,43.3301086425781,-8.49947834014893,"Unknown"
"6227756",371834,2025-06-29 15:35:07,43.3301048278809,-8.49958229064941,"Unknown"
"6227756",371834,2025-06-29 15:40:06,43.3301429748535,-8.49946308135986,"Unknown"
"6227756",371834,2025-06-29 15:45:06,43.3301315307617,-8.49959659576416,"Unknown"
"6227756",371834,2025-06-29 15:50:07,43.3301277160645,-8.4996166229248,"Unknown"
"6227756",371834,2025-06-29 15:55:07,43.3300971984863,-8.49967861175537,"Unknown"
"6227756",371834,2025-06-29 16:00:07,43.3301315307617,-8.49968147277832,"Unknown"
"6227756",371834,2025-06-29 16:05:07,43.3301086425781,-8.49975395202637,"Unknown"
"6227756",371834,2025-06-29 16:10:07,43.3301391601562,-8.49984741210938,"Unknown"
"6227756",371834,2025-06-29 16:15:07,43.3301239013672,-8.4998140335083,"Unknown"
"6227756",371834,2025-06-29 16:20:07,43.330150604248,-8.49986267089844,"Unknown"
"6227756",371834,2025-06-29 16:25:07,43.3300704956055,-8.49988842010498,"Unknown"
"6227756",371834,2025-06-29 16:30:08,43.3301277160645,-8.49995517730713,"Unknown"
"6227756",371834,2025-06-29 16:35:07,43.3301048278809,-8.4999885559082,"Unknown"
"6227756",371834,2025-06-29 16:40:07,43.3301391601562,-8.50006484985352,"Unknown"
"6227756",371834,2025-06-29 16:45:08,43.3301467895508,-8.50009632110596,"Unknown"
"6227756",371834,2025-06-29 16:50:07,43.3302116394043,-8.50029373168945,"Unknown"
"6227756",371834,2025-06-29 16:55:07,43.3300247192383,-8.499924659729,"Unknown"
"6227756",371834,2025-06-29 17:00:08,43.3301086425781,-8.5001277923584,"Unknown"
"6227756",371834,2025-06-29 17:05:07,43.3295860290527,-8.49906444549561,"Unknown"
"6227756",371834,2025-06-29 17:10:08,43.3298187255859,-8.49954414367676,"Unknown"
"6227756",371834,2025-06-29 17:15:07,43.3294372558594,-8.49868202209473,"Unknown"
"6227756",371834,2025-06-29 17:20:12,43.3295783996582,-8.4990062713623,"Unknown"
"6227756",371834,2025-06-29 17:25:06,43.3295440673828,-8.49895286560059,"Unknown"
"6227756",371834,2025-06-29 17:30:07,43.3295516967773,-8.4989538192749,"Unknown"
"6227756",371834,2025-06-29 17:35:06,43.3296699523926,-8.49901390075684,"Unknown"
"6227756",371834,2025-06-29 17:40:06,43.3295936584473,-8.4990119934082,"Unknown"
"6227756",371834,2025-06-29 17:45:14,43.3291625976562,-8.4990062713623,"Unknown"
"6227756",371834,2025-06-29 17:50:07,43.3296089172363,-8.49901580810547,"Unknown"
"6227756",371834,2025-06-29 17:55:09,43.3293800354004,-8.49906349182129,"Unknown"
"6227756",371834,2025-06-29 18:00:10,43.3292655944824,-8.49905586242676,"Unknown"
"6227756",371834,2025-06-29 18:05:12,43.3295402526855,-8.49898719787598,"Unknown"
"6227756",371834,2025-06-29 18:10:13,43.329273223877,-8.49904632568359,"Unknown"
"6227756",371834,2025-06-29 18:15:09,43.3292999267578,-8.49903964996338,"Unknown"
"6227756",371834,2025-06-29 18:20:09,43.3294372558594,-8.49899959564209,"Unknown"
"6227756",371834,2025-06-29 18:25:10,43.3293991088867,-8.49896144866943,"Unknown"
"6227756",371834,2025-06-29 18:30:08,43.3301963806152,-8.49878311157227,"Unknown"
"6227756",371834,2025-06-29 18:35:08,43.3300399780273,-8.49879741668701,"Unknown"
"6227756",371834,2025-06-29 18:40:12,43.3302001953125,-8.49881744384766,"Unknown"
"6227756",371834,2025-06-29 18:45:06,43.3299140930176,-8.49930095672607,"Unknown"
"6227756",371834,2025-06-29 18:50:08,43.3303985595703,-8.4988431930542,"Unknown"
"6227756",371834,2025-06-29 18:55:07,43.330394744873,-8.49887943267822,"Unknown"
"6227756",371834,2025-06-29 19:00:07,43.330020904541,-8.49893283843994,"Unknown"
"6227756",371834,2025-06-29 19:05:07,43.3300628662109,-8.49892520904541,"Unknown"
"6227756",371834,2025-06-29 19:10:06,43.3299293518066,-8.49883270263672,"Unknown"
"6227756",371834,2025-06-29 19:15:08,43.3300094604492,-8.49913024902344,"Unknown"
"6227756",371834,2025-06-29 19:20:09,43.3300247192383,-8.49911975860596,"Unknown"
"6227756",371834,2025-06-29 19:25:06,43.3297157287598,-8.49896812438965,"Unknown"
"6227756",371834,2025-06-29 19:30:08,43.3297691345215,-8.49883365631104,"Unknown"
"6227756",371834,2025-06-29 19:35:07,43.3296546936035,-8.49906253814697,"Unknown"
"6227756",371834,2025-06-29 19:40:08,43.3291778564453,-8.49936676025391,"Unknown"
"6227756",371834,2025-06-29 19:45:08,43.3290824890137,-8.49942779541016,"Unknown"
"6227756",371834,2025-06-29 19:55:08,43.3295364379883,-8.49915218353271,"Unknown"
"6227756",371834,2025-06-29 20:00:07,43.3295593261719,-8.49931240081787,"Unknown"
"6227756",371834,2025-06-29 20:05:09,43.3296890258789,-8.49922752380371,"Unknown"
"6227756",371834,2025-06-29 20:15:13,43.3296508789062,-8.49918174743652,"Unknown"
"6227756",371834,2025-06-29 20:25:13,43.3299789428711,-8.49890041351318,"Unknown"
"6227756",371834,2025-06-29 20:35:09,43.3295669555664,-8.49899578094482,"Unknown"
"6227756",371834,2025-06-29 20:40:35,43.3294792175293,-8.49898147583008,"Unknown"
"6227756",371834,2025-06-29 20:50:04,43.3294525146484,-8.49896812438965,"Unknown"
"6227756",371834,2025-06-29 21:00:03,43.3295059204102,-8.49897003173828,"Unknown"
"6227756",371834,2025-06-29 21:05:04,43.3295059204102,-8.49896335601807,"Unknown"
"6227756",371834,2025-06-29 21:15:04,43.3295669555664,-8.4990701675415,"Unknown"
"6227756",371834,2025-06-29 21:25:04,43.3295669555664,-8.49904155731201,"Unknown"
"6227756",371834,2025-06-29 21:35:05,43.3294410705566,-8.49909400939941,"Unknown"
"6227756",371834,2025-06-29 21:45:05,43.3294715881348,-8.49899864196777,"Unknown"
"6227756",371834,2025-06-29 21:55:05,43.329475402832,-8.49901676177979,"Unknown"
"6227756",371834,2025-06-29 22:05:05,43.3294448852539,-8.49896812438965,"Unknown"
"6227756",371834,2025-06-29 22:15:05,43.3295516967773,-8.49899768829346,"Unknown"
"6227756",371834,2025-06-29 22:25:05,43.3295021057129,-8.49905395507812,"Unknown"
"6227756",371834,2025-06-29 22:35:05,43.3294906616211,-8.49898815155029,"Unknown"
"6227756",371834,2025-06-29 22:45:05,43.329517364502,-8.49897384643555,"Unknown"
"6227756",371834,2025-06-29 22:55:05,43.3295822143555,-8.49897766113281,"Unknown"
"6227756",371834,2025-06-29 23:05:20,43.329418182373,-8.49880313873291,"Unknown"
"6227756",371834,2025-06-29 23:15:35,43.329418182373,-8.49885559082031,"Unknown"
"6227756",371834,2025-06-29 23:25:04,43.3294677734375,-8.49893760681152,"Unknown"
"6227756",371834,2025-06-29 23:35:04,43.3294448852539,-8.49901676177979,"Unknown"
"6227756",371834,2025-06-29 23:45:04,43.3295135498047,-8.49902534484863,"Unknown"
"6227756",371834,2025-06-29 23:55:04,43.3294830322266,-8.49906063079834,"Unknown"
"6227756",371834,2025-06-30 00:05:04,43.329517364502,-8.49894142150879,"Unknown"
"6227756",371834,2025-06-30 00:15:04,43.3295745849609,-8.49906635284424,"Unknown"
"6227756",371834,2025-06-30 00:25:44,43.3295211791992,-8.49898433685303,"Unknown"
"6227756",371834,2025-06-30 00:35:06,43.3294944763184,-8.49906539916992,"Unknown"
"6227756",371834,2025-06-30 00:45:14,43.3295707702637,-8.49893093109131,"Unknown"
"6227756",371834,2025-06-30 00:55:06,43.3296051025391,-8.49894905090332,"Unknown"
"6227756",371834,2025-06-30 01:05:06,43.32958984375,-8.49894237518311,"Unknown"
"6227756",371834,2025-06-30 01:15:05,43.3296089172363,-8.49899387359619,"Unknown"
"6227756",371834,2025-06-30 01:25:05,43.3297576904297,-8.49905109405518,"Unknown"
"6227756",371834,2025-06-30 01:35:06,43.3296737670898,-8.49905776977539,"Unknown"
"6227756",371834,2025-06-30 01:45:06,43.3297309875488,-8.49911212921143,"Unknown"
"6227756",371834,2025-06-30 01:55:05,43.3296585083008,-8.49911308288574,"Unknown"
"6227756",371834,2025-06-30 02:05:06,43.3296890258789,-8.49915313720703,"Unknown"
"6227756",371834,2025-06-30 02:15:05,43.3296432495117,-8.49905776977539,"Unknown"
"6227756",371834,2025-06-30 02:25:06,43.3297309875488,-8.49919891357422,"Unknown"
"6227756",371834,2025-06-30 02:35:06,43.3297309875488,-8.49917888641357,"Unknown"
"6227756",371834,2025-06-30 02:45:06,43.3297271728516,-8.49916744232178,"Unknown"
"6227756",371834,2025-06-30 02:55:07,43.3297157287598,-8.4991569519043,"Unknown"
"6227756",371834,2025-06-30 03:05:09,43.3296775817871,-8.49919319152832,"Unknown"
"6227756",371834,2025-06-30 03:15:13,43.3296966552734,-8.49918651580811,"Unknown"
"6227756",371834,2025-06-30 03:25:13,43.3297882080078,-8.49930953979492,"Unknown"
"6227756",371834,2025-06-30 03:35:13,43.3299102783203,-8.49913787841797,"Unknown"
"6227756",371834,2025-06-30 03:45:07,43.3298568725586,-8.4991340637207,"Unknown"
"6227756",371834,2025-06-30 03:55:06,43.329776763916,-8.49912929534912,"Unknown"
"6227756",371834,2025-06-30 04:05:08,43.3297958374023,-8.4990701675415,"Unknown"
"6227756",371834,2025-06-30 04:15:07,43.3296089172363,-8.49919891357422,"Unknown"
"6227756",371834,2025-06-30 04:25:06,43.3296813964844,-8.49909782409668,"Unknown"
"6227756",371834,2025-06-30 04:35:06,43.3295478820801,-8.4984130859375,"Unknown"
"6227756",371834,2025-06-30 04:45:06,43.3298301696777,-8.49907112121582,"Unknown"
"6227756",371834,2025-06-30 04:55:06,43.3297920227051,-8.49907207489014,"Unknown"
"6227756",371834,2025-06-30 05:05:06,43.3297996520996,-8.49896812438965,"Unknown"
"6227756",371834,2025-06-30 05:15:06,43.3298072814941,-8.49899387359619,"Unknown"
"6227756",371834,2025-06-30 05:25:06,43.3298187255859,-8.49894332885742,"Unknown"
"6227756",371834,2025-06-30 05:35:07,43.329761505127,-8.49885845184326,"Unknown"
"6227756",371834,2025-06-30 05:45:06,43.3297882080078,-8.49882793426514,"Unknown"
"6227756",371834,2025-06-30 05:55:06,43.3296966552734,-8.49881362915039,"Unknown"
"6227756",371834,2025-06-30 06:05:06,43.3297233581543,-8.49878025054932,"Unknown"
"6227756",371834,2025-06-30 06:15:06,43.3299293518066,-8.49889373779297,"Unknown"
"6227756",371834,2025-06-30 06:25:08,43.329906463623,-8.49885845184326,"Unknown"
"6227756",371834,2025-06-30 06:35:06,43.3298149108887,-8.49907493591309,"Unknown"
"6227756",371834,2025-06-30 06:45:07,43.329704284668,-8.49904346466064,"Unknown"
"6227756",371834,2025-06-30 06:55:06,43.3296661376953,-8.49907207489014,"Unknown"
"6227756",371834,2025-06-30 07:05:06,43.3295211791992,-8.49913024902344,"Unknown"
"6227756",371834,2025-06-30 07:15:06,43.3296051025391,-8.49915027618408,"Unknown"
"6227756",371834,2025-06-30 07:25:07,43.3295707702637,-8.49911212921143,"Unknown"
"6227756",371834,2025-06-30 07:35:06,43.3296127319336,-8.49911403656006,"Unknown"
"6227756",371834,2025-06-30 07:45:06,43.3296051025391,-8.49908351898193,"Unknown"
"6227756",371834,2025-06-30 07:55:06,43.3296012878418,-8.49902439117432,"Unknown"
"6227756",371834,2025-06-30 08:05:06,43.3295974731445,-8.49895286560059,"Unknown"
"6227756",371834,2025-06-30 08:15:05,43.329517364502,-8.49886512756348,"Unknown"
"6227756",371834,2025-06-30 08:25:05,43.3296165466309,-8.49883460998535,"Unknown"
"6227756",371834,2025-06-30 08:35:06,43.3296051025391,-8.49882221221924,"Unknown"
"6227756",371834,2025-06-30 08:45:08,43.3299903869629,-8.49900531768799,"Unknown"
"6227756",371834,2025-06-30 08:55:08,43.3297882080078,-8.49889659881592,"Unknown"
"6227756",371834,2025-06-30 09:05:10,43.3298034667969,-8.49894237518311,"Unknown"
"6227756",371834,2025-06-30 09:15:07,43.3299674987793,-8.49871921539307,"Unknown"
"6227756",371834,2025-06-30 09:25:09,43.3299942016602,-8.49846839904785,"Unknown"
"6227756",371834,2025-06-30 09:35:09,43.3297233581543,-8.49850368499756,"Unknown"
"6227756",371834,2025-06-30 09:45:07,43.3297500610352,-8.49872398376465,"Unknown"
"6227756",371834,2025-06-30 09:55:06,43.3296432495117,-8.49867916107178,"Unknown"
"6227756",371834,2025-06-30 10:05:06,43.3296165466309,-8.49869728088379,"Unknown"
"6227756",371834,2025-06-30 10:15:05,43.3296241760254,-8.49866676330566,"Unknown"
"6227756",371834,2025-06-30 10:25:06,43.3296318054199,-8.49862003326416,"Unknown"
"6227756",371834,2025-06-30 10:35:07,43.3296394348145,-8.49857807159424,"Unknown"
"6227756",371834,2025-06-30 10:45:07,43.3295974731445,-8.49863243103027,"Unknown"
"6227756",371834,2025-06-30 10:55:06,43.3295974731445,-8.4986572265625,"Unknown"
"6227756",371834,2025-06-30 11:05:06,43.3296279907227,-8.49866771697998,"Unknown"
"6227756",371834,2025-06-30 11:15:06,43.3296699523926,-8.49867820739746,"Unknown"
"6227756",371834,2025-06-30 11:25:07,43.3296775817871,-8.49872398376465,"Unknown"
"6227756",371834,2025-06-30 11:35:07,43.3298606872559,-8.49878311157227,"Unknown"
"6227756",371834,2025-06-30 11:45:07,43.3298835754395,-8.49883079528809,"Unknown"
"6227756",371834,2025-06-30 11:55:07,43.329891204834,-8.49883270263672,"Unknown"
"6227756",371834,2025-06-30 12:05:08,43.3296432495117,-8.49897193908691,"Unknown"
"6227756",371834,2025-06-30 12:15:08,43.3297004699707,-8.49898338317871,"Unknown"
"6227756",371834,2025-06-30 12:25:10,43.3292198181152,-8.49907112121582,"Unknown"
"6227756",371834,2025-06-30 12:35:08,43.3285942077637,-8.4991283416748,"Unknown"
"6227756",371834,2025-06-30 12:45:09,43.3294448852539,-8.4990291595459,"Unknown"
"6227756",371834,2025-06-30 12:55:10,43.329833984375,-8.49903106689453,"Unknown"
"6227756",371834,2025-06-30 13:05:08,43.3297729492188,-8.49909782409668,"Unknown"
"6227756",371834,2025-06-30 13:15:10,43.329475402832,-8.49895095825195,"Unknown"
"6227756",371834,2025-06-30 13:25:09,43.3297843933105,-8.49903583526611,"Unknown"
"6227756",371834,2025-06-30 13:35:11,43.3295249938965,-8.49892044067383,"Unknown"
"6227756",371834,2025-06-30 13:45:21,43.3291511535645,-8.49834728240967,"Unknown"
"6227756",371834,2025-06-30 13:55:12,43.3283729553223,-8.4976110458374,"Unknown"
"6227756",371834,2025-06-30 14:05:35,43.3295249938965,-8.49892234802246,"Unknown"
"6227756",371834,2025-06-30 14:15:04,43.3294792175293,-8.49896049499512,"Unknown"
"6227756",371834,2025-06-30 14:25:04,43.3294792175293,-8.49895858764648,"Unknown"
"6227756",371834,2025-06-30 14:35:04,43.3294868469238,-8.49893379211426,"Unknown"
"6227756",371834,2025-06-30 14:45:04,43.3294525146484,-8.49890995025635,"Unknown"
"6227756",371834,2025-06-30 14:55:04,43.3295021057129,-8.49896144866943,"Unknown"
"6227756",371834,2025-06-30 15:05:07,43.329460144043,-8.4989595413208,"Unknown"
"6227756",371834,2025-06-30 15:10:06,43.3294563293457,-8.4989185333252,"Unknown"
"6227756",371834,2025-06-30 15:15:08,43.3294868469238,-8.49898433685303,"Unknown"
"6227756",371834,2025-06-30 15:20:14,43.3294525146484,-8.49896717071533,"Unknown"
"6227756",371834,2025-06-30 15:25:11,43.3295745849609,-8.49903392791748,"Unknown"
"6227756",371834,2025-06-30 15:30:08,43.3296127319336,-8.49909114837646,"Unknown"
"6227756",371834,2025-06-30 15:35:11,43.3296508789062,-8.49909496307373,"Unknown"
"6227756",371834,2025-06-30 15:45:11,43.3295364379883,-8.49904251098633,"Unknown"
"6227756",371834,2025-06-30 15:55:15,43.3296089172363,-8.49909591674805,"Unknown"
"6227756",371834,2025-06-30 16:05:09,43.3295555114746,-8.49908065795898,"Unknown"
"6227756",371834,2025-06-30 16:15:09,43.3295021057129,-8.49900054931641,"Unknown"
"6227756",371834,2025-06-30 16:25:09,43.3295135498047,-8.49902534484863,"Unknown"
"6227756",371834,2025-06-30 16:35:11,43.32958984375,-8.49916648864746,"Unknown"
"6227756",371834,2025-06-30 16:45:09,43.3295974731445,-8.49927234649658,"Unknown"
"6227756",371834,2025-06-30 16:55:09,43.3296966552734,-8.49948883056641,"Unknown"
"6227756",371834,2025-06-30 17:05:09,43.329647064209,-8.499342918396,"Unknown"
"6227756",371834,2025-06-30 17:15:11,43.3296966552734,-8.49939346313477,"Unknown"
"6227756",371834,2025-06-30 17:25:11,43.3296852111816,-8.49935245513916,"Unknown"
"6227756",371834,2025-06-30 17:35:13,43.3298377990723,-8.4996280670166,"Unknown"
"6227756",371834,2025-06-30 17:45:35,43.3294982910156,-8.49901294708252,"Unknown"
"6227756",371834,2025-06-30 17:55:04,43.3294982910156,-8.49897861480713,"Unknown"
"6227756",371834,2025-06-30 18:05:04,43.3294448852539,-8.49892902374268,"Unknown"
"6227756",371834,2025-06-30 18:15:04,43.3294639587402,-8.49898242950439,"Unknown"
"6227756",371834,2025-06-30 18:25:06,43.3296356201172,-8.49915790557861,"Unknown"
"6227756",371834,2025-06-30 18:35:06,43.3295783996582,-8.49901676177979,"Unknown"
"6227756",371834,2025-06-30 18:45:06,43.3295097351074,-8.49900531768799,"Unknown"
"6227756",371834,2025-06-30 18:55:06,43.3295135498047,-8.49905395507812,"Unknown"
"6227756",371834,2025-06-30 19:05:05,43.3295478820801,-8.49919605255127,"Unknown"
"6227756",371834,2025-06-30 19:15:05,43.3295249938965,-8.49912738800049,"Unknown"
"6227756",371834,2025-06-30 19:25:06,43.3295059204102,-8.49900817871094,"Unknown"
"6227756",371834,2025-06-30 19:35:05,43.3295745849609,-8.49891185760498,"Unknown"
"6227756",371834,2025-06-30 19:45:05,43.3294868469238,-8.49885368347168,"Unknown"
"6227756",371834,2025-06-30 19:55:05,43.3294677734375,-8.4988317489624,"Unknown"
"6227756",371834,2025-06-30 20:05:05,43.3294677734375,-8.4993724822998,"Unknown"
"6227756",371834,2025-06-30 20:15:05,43.3296852111816,-8.49985504150391,"Unknown"
"6227756",371834,2025-06-30 20:25:12,43.3295631408691,-8.49887847900391,"Unknown"
"6227756",371834,2025-06-30 20:35:05,43.3295211791992,-8.50051403045654,"Unknown"
"6227756",371834,2025-06-30 20:45:13,43.3304023742676,-8.50005626678467,"Unknown"
"6227756",371834,2025-06-30 20:55:12,43.3311996459961,-8.50191020965576,"Unknown"
"6227756",371834,2025-06-30 21:05:18,43.330997467041,-8.50188159942627,"Unknown"
"6227756",371834,2025-06-30 21:15:14,43.3311386108398,-8.502516746521,"Unknown"
"6227756",371834,2025-06-30 21:25:16,43.3306312561035,-8.50160694122314,"Unknown"
"6227756",371834,2025-06-30 21:35:26,43.3298568725586,-8.50327301025391,"Unknown"
"6227756",371834,2025-06-30 21:45:25,43.3299179077148,-8.50277900695801,"Unknown"
"6227756",371834,2025-06-30 21:55:16,43.3298683166504,-8.50282859802246,"Unknown"
"6227756",371834,2025-06-30 22:05:37,43.329475402832,-8.49897861480713,"Unknown"
"6227756",371834,2025-06-30 22:15:04,43.3294372558594,-8.49896717071533,"Unknown"
"6227756",371834,2025-06-30 22:25:04,43.3294334411621,-8.49892234802246,"Unknown"
"6227756",371834,2025-06-30 22:35:04,43.3294525146484,-8.49896907806396,"Unknown"
"6227756",371834,2025-06-30 22:45:05,43.3294448852539,-8.49892902374268,"Unknown"
"6227756",371834,2025-06-30 22:55:05,43.3294563293457,-8.49893760681152,"Unknown"
"6227756",371834,2025-06-30 23:05:05,43.3294639587402,-8.49897956848145,"Unknown"
"6227756",371834,2025-06-30 23:15:05,43.3294868469238,-8.49889945983887,"Unknown"
"6227756",371834,2025-06-30 23:25:05,43.3294715881348,-8.49893856048584,"Unknown"
"6227756",371834,2025-06-30 23:35:05,43.3294639587402,-8.49904632568359,"Unknown"
"6227756",371834,2025-06-30 23:45:06,43.3293609619141,-8.49889183044434,"Unknown"
"6227756",371834,2025-06-30 23:55:35,43.3294944763184,-8.49900150299072,"Unknown"
"6227756",371834,2025-07-01 00:05:09,43.3295097351074,-8.49897384643555,"Unknown"
"6227756",371834,2025-07-01 00:15:06,43.3296279907227,-8.49899959564209,"Unknown"
"6227756",371834,2025-07-01 00:25:09,43.3295822143555,-8.498948097229,"Unknown"
"6227756",371834,2025-07-01 00:35:09,43.329647064209,-8.49897861480713,"Unknown"
"6227756",371834,2025-07-01 00:45:10,43.3296203613281,-8.49893093109131,"Unknown"
"6227756",371834,2025-07-01 00:55:08,43.3296318054199,-8.49895191192627,"Unknown"
"6227756",371834,2025-07-01 01:05:14,43.3295211791992,-8.49885940551758,"Unknown"
"6227756",371834,2025-07-01 01:15:13,43.3296203613281,-8.49900150299072,"Unknown"
"6227756",371834,2025-07-01 01:25:11,43.3296089172363,-8.49917793273926,"Unknown"
"6227756",371834,2025-07-01 01:35:14,43.3296508789062,-8.49922466278076,"Unknown"
"6227756",371834,2025-07-01 01:45:13,43.3296394348145,-8.49925422668457,"Unknown"
"6227756",371834,2025-07-01 01:55:35,43.3295097351074,-8.49897861480713,"Unknown"
"6227756",371834,2025-07-01 02:05:04,43.3294334411621,-8.49894237518311,"Unknown"
"6227756",371834,2025-07-01 02:15:04,43.3294792175293,-8.4989538192749,"Unknown"
"6227756",371834,2025-07-01 02:25:04,43.3295516967773,-8.49895000457764,"Unknown"
"6227756",371834,2025-07-01 02:35:04,43.3295478820801,-8.49900817871094,"Unknown"
"6227756",371834,2025-07-01 02:45:04,43.3294372558594,-8.49892425537109,"Unknown"
"6227756",371834,2025-07-01 02:55:05,43.3295211791992,-8.49905300140381,"Unknown"
"6227756",371834,2025-07-01 03:05:08,43.3294830322266,-8.49900817871094,"Unknown"
"6227756",371834,2025-07-01 03:15:13,43.3295135498047,-8.49905586242676,"Unknown"
"6227756",371834,2025-07-01 03:25:07,43.3295822143555,-8.49908828735352,"Unknown"
"6227756",371834,2025-07-01 03:35:35,43.329460144043,-8.49900722503662,"Unknown"
"6227756",371834,2025-07-01 03:45:04,43.3294563293457,-8.49898719787598,"Unknown"
"6227756",371834,2025-07-01 03:55:05,43.3294410705566,-8.49899482727051,"Unknown"
"6227756",371834,2025-07-01 04:05:05,43.3294677734375,-8.49893569946289,"Unknown"
"6227756",371834,2025-07-01 04:15:05,43.3294486999512,-8.49893951416016,"Unknown"
"6227756",371834,2025-07-01 04:25:05,43.329460144043,-8.4989709854126,"Unknown"
"6227756",371834,2025-07-01 04:35:05,43.3294296264648,-8.49888134002686,"Unknown"
"6227756",371834,2025-07-01 04:45:05,43.3294372558594,-8.49892139434814,"Unknown"
"6227756",371834,2025-07-01 04:55:05,43.3294372558594,-8.49905681610107,"Unknown"
"6227756",371834,2025-07-01 05:05:05,43.3294372558594,-8.49903297424316,"Unknown"
"6227756",371834,2025-07-01 05:15:05,43.3293151855469,-8.4990816116333,"Unknown"
"6227756",371834,2025-07-01 05:25:05,43.3292846679688,-8.4989013671875,"Unknown"
"6227756",371834,2025-07-01 05:35:11,43.3292999267578,-8.49872016906738,"Unknown"
"6227756",371834,2025-07-01 05:45:12,43.3293952941895,-8.49876403808594,"Unknown"
"6227756",371834,2025-07-01 05:55:32,43.3295211791992,-8.49894046783447,"Unknown"
"6227756",371834,2025-07-01 06:05:06,43.3295135498047,-8.4989538192749,"Unknown"
"6227756",371834,2025-07-01 06:15:04,43.3295478820801,-8.49894905090332,"Unknown"
"6227756",371834,2025-07-01 06:25:06,43.3295936584473,-8.49891185760498,"Unknown"
"6227756",371834,2025-07-01 06:35:06,43.3295402526855,-8.49888610839844,"Unknown"
"6227756",371834,2025-07-01 06:45:05,43.3295745849609,-8.49888896942139,"Unknown"
"6227756",371834,2025-07-01 06:55:05,43.3296127319336,-8.49884128570557,"Unknown"
"6227756",371834,2025-07-01 07:05:05,43.329647064209,-8.49885368347168,"Unknown"
"6227756",371834,2025-07-01 07:15:06,43.3296241760254,-8.49890804290771,"Unknown"
"6227756",371834,2025-07-01 07:25:05,43.3296012878418,-8.4989013671875,"Unknown"
"6227756",371834,2025-07-01 07:35:05,43.3296318054199,-8.49891090393066,"Unknown"
"6227756",371834,2025-07-01 07:45:08,43.329460144043,-8.49889469146729,"Unknown"
"6227756",371834,2025-07-01 07:55:06,43.3294143676758,-8.49878692626953,"Unknown"
"6227756",371834,2025-07-01 08:05:07,43.3294486999512,-8.4987964630127,"Unknown"
"6227756",371834,2025-07-01 08:15:08,43.3294639587402,-8.4987907409668,"Unknown"
"6227756",371834,2025-07-01 08:25:10,43.3294639587402,-8.49876689910889,"Unknown"
"6227756",371834,2025-07-01 08:35:11,43.3294639587402,-8.49883365631104,"Unknown"
"6227756",371834,2025-07-01 08:45:08,43.3294868469238,-8.49889183044434,"Unknown"
"6227756",371834,2025-07-01 08:55:12,43.3294906616211,-8.49896907806396,"Unknown"
"6227756",371834,2025-07-01 09:05:19,43.3295288085938,-8.49860095977783,"Unknown"
"6227756",371834,2025-07-01 09:15:35,43.3295135498047,-8.49904346466064,"Unknown"
"6227756",371834,2025-07-01 09:25:05,43.3295059204102,-8.4990291595459,"Unknown"
"6227756",371834,2025-07-01 09:35:05,43.329647064209,-8.49900245666504,"Unknown"
"6227756",371834,2025-07-01 09:45:05,43.3295402526855,-8.49898815155029,"Unknown"
"6227756",371834,2025-07-01 09:55:06,43.3295402526855,-8.49902534484863,"Unknown"
"6227756",371834,2025-07-01 10:05:05,43.3295249938965,-8.49900531768799,"Unknown"
"6227756",371834,2025-07-01 10:15:06,43.3295288085938,-8.49894905090332,"Unknown"
"6227756",371834,2025-07-01 10:25:06,43.329517364502,-8.49901676177979,"Unknown"
"6227756",371834,2025-07-01 10:35:08,43.329517364502,-8.49892997741699,"Unknown"
"6227756",371834,2025-07-01 10:45:09,43.3295516967773,-8.49894905090332,"Unknown"
"6227756",371834,2025-07-01 10:55:09,43.3295555114746,-8.49885272979736,"Unknown"
"6227756",371834,2025-07-01 11:05:09,43.3294906616211,-8.49887561798096,"Unknown"
"6227756",371834,2025-07-01 11:15:09,43.3295097351074,-8.49887275695801,"Unknown"
"6227756",371834,2025-07-01 11:25:06,43.3294944763184,-8.49889850616455,"Unknown"
"6227756",371834,2025-07-01 11:35:06,43.3294258117676,-8.49896907806396,"Unknown"
"6227756",371834,2025-07-01 11:45:12,43.3295440673828,-8.49887847900391,"Unknown"
"6227756",371834,2025-07-01 11:55:09,43.3295783996582,-8.49884033203125,"Unknown"
"6227756",371834,2025-07-01 12:05:10,43.3294677734375,-8.49889278411865,"Unknown"
"6227756",371834,2025-07-01 12:15:10,43.3295631408691,-8.49913120269775,"Unknown"
"6227756",371834,2025-07-01 12:25:09,43.3296394348145,-8.49926280975342,"Unknown"
"6227756",371834,2025-07-01 12:35:19,43.3295021057129,-8.49893188476562,"Unknown"
"6227756",371834,2025-07-01 12:45:11,43.3294906616211,-8.49885654449463,"Unknown"
"6227756",371834,2025-07-01 12:55:12,43.3294868469238,-8.49883651733398,"Unknown"
"6227756",371834,2025-07-01 13:05:12,43.3295555114746,-8.49880504608154,"Unknown"
"6227756",371834,2025-07-01 13:15:12,43.3295822143555,-8.49872493743896,"Unknown"
"6227756",371834,2025-07-01 13:25:31,43.329517364502,-8.49899959564209,"Unknown"
"6227756",371834,2025-07-01 13:35:03,43.3295021057129,-8.49897575378418,"Unknown"
"6227756",371834,2025-07-01 13:45:04,43.3294944763184,-8.49897193908691,"Unknown"
"6227756",371834,2025-07-01 13:55:04,43.3294982910156,-8.49899673461914,"Unknown"
"6227756",371834,2025-07-01 14:05:06,43.3294906616211,-8.49896144866943,"Unknown"
"6227756",371834,2025-07-01 14:15:06,43.3295059204102,-8.49899959564209,"Unknown"
"6227756",371834,2025-07-01 14:25:04,43.3294563293457,-8.49894332885742,"Unknown"
"6227756",371834,2025-07-01 14:35:04,43.3294677734375,-8.49898433685303,"Unknown"
"6227756",371834,2025-07-01 14:45:06,43.3294715881348,-8.49896335601807,"Unknown"
"6227756",371834,2025-07-01 14:55:08,43.329460144043,-8.49892711639404,"Unknown"
"6227756",371834,2025-07-01 15:05:07,43.3294982910156,-8.49899387359619,"Unknown"
"6227756",371834,2025-07-01 15:15:06,43.3296318054199,-8.49912071228027,"Unknown"
"6227756",371834,2025-07-01 15:25:06,43.3296356201172,-8.49915409088135,"Unknown"
"6227756",371834,2025-07-01 15:35:07,43.3296356201172,-8.49918460845947,"Unknown"
"6227756",371834,2025-07-01 15:45:09,43.3295860290527,-8.49910068511963,"Unknown"
"6227756",371834,2025-07-01 15:55:35,43.3295211791992,-8.49900436401367,"Unknown"
"6227756",371834,2025-07-01 16:05:04,43.3295059204102,-8.49901008605957,"Unknown"
"6227756",371834,2025-07-01 16:15:04,43.3295097351074,-8.49896907806396,"Unknown"
"6227756",371834,2025-07-01 16:25:04,43.329532623291,-8.49900150299072,"Unknown"
"6227756",371834,2025-07-01 16:35:04,43.3295135498047,-8.49896144866943,"Unknown"
"6227756",371834,2025-07-01 16:45:04,43.3295135498047,-8.49894523620605,"Unknown"
"6227756",371834,2025-07-01 16:55:04,43.329475402832,-8.49894905090332,"Unknown"
"6227756",371834,2025-07-01 17:05:04,43.3294792175293,-8.49897003173828,"Unknown"
"6227756",371834,2025-07-01 17:15:04,43.3296051025391,-8.49905776977539,"Unknown"
"6227756",371834,2025-07-01 17:25:05,43.3296508789062,-8.49912643432617,"Unknown"
"6227756",371834,2025-07-01 17:35:12,43.3294563293457,-8.49890518188477,"Unknown"
"6227756",371834,2025-07-01 17:45:15,43.3293685913086,-8.49886417388916,"Unknown"
"6227756",371834,2025-07-01 17:55:25,43.3293991088867,-8.49885940551758,"Unknown"
"6227756",371834,2025-07-01 18:05:18,43.3295593261719,-8.49905014038086,"Unknown"
"6227756",371834,2025-07-01 18:15:18,43.3295364379883,-8.4990816116333,"Unknown"
"6227756",371834,2025-07-01 18:25:35,43.3296546936035,-8.49927711486816,"Unknown"
"6227756",371834,2025-07-01 18:35:33,43.3295097351074,-8.4990234375,"Unknown"
"6227756",371834,2025-07-01 18:45:04,43.3294715881348,-8.49906253814697,"Unknown"
"6227756",371834,2025-07-01 18:55:05,43.3294906616211,-8.49896430969238,"Unknown"
"6227756",371834,2025-07-01 19:05:05,43.3295364379883,-8.49893856048584,"Unknown"
"6227756",371834,2025-07-01 19:15:05,43.3294982910156,-8.49896717071533,"Unknown"
"6227756",371834,2025-07-01 19:25:11,43.3295860290527,-8.49895286560059,"Unknown"
"6227756",371834,2025-07-01 19:35:14,43.3295707702637,-8.49897956848145,"Unknown"
"6227756",371834,2025-07-01 19:45:14,43.3295135498047,-8.49897861480713,"Unknown"
"6227756",371834,2025-07-01 19:55:12,43.3293876647949,-8.49905776977539,"Unknown"
"6227756",371834,2025-07-01 20:05:35,43.3294792175293,-8.49897289276123,"Unknown"
"6227756",371834,2025-07-01 20:15:04,43.329475402832,-8.4990291595459,"Unknown"
"6227756",371834,2025-07-01 20:25:04,43.3295021057129,-8.49903106689453,"Unknown"
"6227756",371834,2025-07-01 20:35:04,43.3294906616211,-8.49895000457764,"Unknown"
"6227756",371834,2025-07-01 20:45:04,43.3294944763184,-8.49898910522461,"Unknown"
"6227756",371834,2025-07-01 20:55:04,43.3296203613281,-8.49919605255127,"Unknown"
"6227756",371834,2025-07-01 21:05:04,43.3295059204102,-8.49903297424316,"Unknown"
"6227756",371834,2025-07-01 21:15:06,43.3294868469238,-8.49892520904541,"Unknown"
"6227756",371834,2025-07-01 21:25:04,43.329532623291,-8.4990291595459,"Unknown"
"6227756",371834,2025-07-01 21:35:05,43.3295097351074,-8.49901866912842,"Unknown"
"6227756",371834,2025-07-01 21:45:04,43.3294448852539,-8.49903964996338,"Unknown"
"6227756",371834,2025-07-01 21:55:04,43.3294486999512,-8.49896430969238,"Unknown"
"6227756",371834,2025-07-01 22:05:06,43.3294334411621,-8.49896144866943,"Unknown"
"6227756",371834,2025-07-01 22:15:05,43.3294982910156,-8.49894618988037,"Unknown"
"6227756",371834,2025-07-01 22:25:06,43.3294639587402,-8.49898242950439,"Unknown"
"6227756",371834,2025-07-01 22:35:05,43.3294410705566,-8.49897384643555,"Unknown"
"6227756",371834,2025-07-01 22:45:06,43.3294296264648,-8.49892044067383,"Unknown"
"6227756",371834,2025-07-01 22:55:08,43.3295021057129,-8.49901390075684,"Unknown"
"6227756",371834,2025-07-01 23:05:09,43.3295249938965,-8.49897956848145,"Unknown"
"6227756",371834,2025-07-01 23:15:14,43.3294219970703,-8.4991626739502,"Unknown"
"6227756",371834,2025-07-01 23:25:14,43.3295059204102,-8.49912643432617,"Unknown"
"6227756",371834,2025-07-01 23:35:15,43.3294792175293,-8.49910068511963,"Unknown"
"6227756",371834,2025-07-01 23:45:11,43.3294944763184,-8.49935913085938,"Unknown"
"6227756",371834,2025-07-01 23:55:35,43.3295021057129,-8.49895286560059,"Unknown"
"6227756",371834,2025-07-02 00:05:04,43.3295059204102,-8.49893379211426,"Unknown"
"6227756",371834,2025-07-02 00:15:04,43.3295364379883,-8.49891090393066,"Unknown"
"6227756",371834,2025-07-02 00:25:08,43.3296203613281,-8.49891471862793,"Unknown"
"6227756",371834,2025-07-02 00:35:10,43.3295669555664,-8.49894142150879,"Unknown"
"6227756",371834,2025-07-02 00:45:10,43.3297462463379,-8.4990291595459,"Unknown"
"6227756",371834,2025-07-02 00:55:09,43.3296165466309,-8.49894428253174,"Unknown"
"6227756",371834,2025-07-02 01:05:11,43.3294830322266,-8.49877452850342,"Unknown"
"6227756",371834,2025-07-02 01:15:09,43.3293533325195,-8.49862384796143,"Unknown"
"6227756",371834,2025-07-02 01:25:10,43.3294792175293,-8.49908828735352,"Unknown"
"6227756",371834,2025-07-02 01:35:08,43.3294639587402,-8.49909019470215,"Unknown"
"6227756",371834,2025-07-02 01:45:13,43.3298454284668,-8.49949645996094,"Unknown"
"6227756",371834,2025-07-02 01:55:14,43.329418182373,-8.49954605102539,"Unknown"
"6227756",371834,2025-07-02 02:05:35,43.3294715881348,-8.49895000457764,"Unknown"
"6227756",371834,2025-07-02 02:15:04,43.3295059204102,-8.49902439117432,"Unknown"
"6227756",371834,2025-07-02 02:25:04,43.3294982910156,-8.49898815155029,"Unknown"
"6227756",371834,2025-07-02 02:35:04,43.3294944763184,-8.49895668029785,"Unknown"
"6227756",371834,2025-07-02 02:45:04,43.3294906616211,-8.49892044067383,"Unknown"
"6227756",371834,2025-07-02 02:55:05,43.3295097351074,-8.4989538192749,"Unknown"
"6227756",371834,2025-07-02 03:05:11,43.329418182373,-8.49901008605957,"Unknown"
"6227756",371834,2025-07-02 03:15:13,43.3295249938965,-8.49899578094482,"Unknown"
"6227756",371834,2025-07-02 03:25:06,43.3295516967773,-8.49909210205078,"Unknown"
"6227756",371834,2025-07-02 03:35:05,43.3295860290527,-8.49925899505615,"Unknown"
"6227756",371834,2025-07-02 03:45:06,43.3296051025391,-8.49936389923096,"Unknown"
"6227756",371834,2025-07-02 03:55:07,43.3295822143555,-8.4993839263916,"Unknown"
"6227756",371834,2025-07-02 04:05:19,43.3287773132324,-8.49589538574219,"Unknown"
"6227756",371834,2025-07-02 04:15:09,43.3297080993652,-8.4997615814209,"Unknown"
"6227756",371834,2025-07-02 04:25:09,43.3296546936035,-8.49947834014893,"Unknown"
"6227756",371834,2025-07-02 04:35:09,43.3296012878418,-8.49936771392822,"Unknown"
"6227756",371834,2025-07-02 04:45:14,43.3295936584473,-8.49931144714355,"Unknown"
"6227756",371834,2025-07-02 04:55:09,43.3295707702637,-8.49925899505615,"Unknown"
"6227756",371834,2025-07-02 05:05:35,43.329475402832,-8.49906253814697,"Unknown"
"6227756",371834,2025-07-02 05:15:04,43.3294792175293,-8.4989652633667,"Unknown"
"6227756",371834,2025-07-02 05:25:04,43.3294906616211,-8.49894523620605,"Unknown"
"6227756",371834,2025-07-02 05:35:04,43.3294715881348,-8.49896240234375,"Unknown"
"6227756",371834,2025-07-02 05:45:05,43.3295669555664,-8.49910068511963,"Unknown"
"6227756",371834,2025-07-02 05:55:05,43.3296661376953,-8.49923038482666,"Unknown"
"6227756",371834,2025-07-02 06:05:05,43.3297729492188,-8.49957942962646,"Unknown"
"6227756",371834,2025-07-02 06:15:06,43.3298835754395,-8.49992752075195,"Unknown"
"6227756",371834,2025-07-02 06:25:13,43.3295707702637,-8.49894428253174,"Unknown"
"6227756",371834,2025-07-02 06:35:09,43.3295364379883,-8.49891376495361,"Unknown"
"6227756",371834,2025-07-02 06:45:08,43.3294486999512,-8.49905681610107,"Unknown"
"6227756",371834,2025-07-02 06:55:06,43.3292465209961,-8.49757385253906,"Unknown"
"6227756",371834,2025-07-02 07:05:07,43.3292427062988,-8.49759006500244,"Unknown"
"6227756",371834,2025-07-02 07:15:13,43.329517364502,-8.4992036819458,"Unknown"
"6227756",371834,2025-07-02 07:25:13,43.3294906616211,-8.49919986724854,"Unknown"
"6227756",371834,2025-07-02 07:35:10,43.329460144043,-8.49918174743652,"Unknown"
"6227756",371834,2025-07-02 07:45:13,43.3294448852539,-8.49926090240479,"Unknown"
"6227756",371834,2025-07-02 07:55:13,43.3294486999512,-8.49915504455566,"Unknown"
"6227756",371834,2025-07-02 08:05:13,43.3292655944824,-8.4993896484375,"Unknown"
"6227756",371834,2025-07-02 08:15:23,43.3292579650879,-8.49931526184082,"Unknown"
"6227756",371834,2025-07-02 08:25:18,43.3291625976562,-8.49925327301025,"Unknown"
"6227756",371834,2025-07-02 08:35:29,43.3291358947754,-8.4992151260376,"Unknown"
"6227756",371834,2025-07-02 08:45:44,43.3294334411621,-8.49899387359619,"Unknown"
"6227756",371834,2025-07-02 08:55:07,43.3294486999512,-8.49897861480713,"Unknown"
"6227756",371834,2025-07-02 09:05:05,43.3293838500977,-8.49899387359619,"Unknown"
"6227756",371834,2025-07-02 09:15:06,43.3293952941895,-8.49898529052734,"Unknown"
"6227756",371834,2025-07-02 09:25:04,43.3293571472168,-8.49896240234375,"Unknown"
"6227756",371834,2025-07-02 09:35:36,43.3297004699707,-8.49898815155029,"Unknown"
"6227756",371834,2025-07-02 09:45:06,43.3295135498047,-8.49906921386719,"Unknown"
"6227756",371834,2025-07-02 09:55:05,43.3294715881348,-8.49899196624756,"Unknown"
"6227756",371834,2025-07-02 10:05:11,43.3296127319336,-8.49894523620605,"Unknown"
"6227756",371834,2025-07-02 10:15:13,43.3295211791992,-8.49905395507812,"Unknown"
"6227756",371834,2025-07-02 10:25:35,43.329517364502,-8.49901103973389,"Unknown"
"6227756",371834,2025-07-02 10:35:04,43.3295288085938,-8.49903583526611,"Unknown"
"6227756",371834,2025-07-02 10:45:04,43.3294982910156,-8.49900341033936,"Unknown"
"6227756",371834,2025-07-02 10:55:04,43.3295249938965,-8.49901866912842,"Unknown"
"6227756",371834,2025-07-02 11:05:03,43.3294906616211,-8.49896144866943,"Unknown"
"6227756",371834,2025-07-02 11:15:03,43.3295707702637,-8.49898338317871,"Unknown"
"6227756",371834,2025-07-02 11:25:04,43.3294982910156,-8.49895286560059,"Unknown"
"6227756",371834,2025-07-02 11:35:04,43.3295021057129,-8.4989767074585,"Unknown"
"6227756",371834,2025-07-02 11:45:06,43.329460144043,-8.49895858764648,"Unknown"
"6227756",371834,2025-07-02 11:55:10,43.3295135498047,-8.49896430969238,"Unknown"
"6227756",371834,2025-07-02 12:05:04,43.329532623291,-8.49898052215576,"Unknown"
"6227756",371834,2025-07-02 12:15:06,43.3295707702637,-8.49900150299072,"Unknown"
"6227756",371834,2025-07-02 12:25:04,43.3294525146484,-8.49895858764648,"Unknown"
"6227756",371834,2025-07-02 12:35:04,43.329402923584,-8.49896430969238,"Unknown"
"6227756",371834,2025-07-02 12:45:14,43.3294715881348,-8.4990119934082,"Unknown"
"6227756",371834,2025-07-02 12:55:06,43.3294410705566,-8.49892616271973,"Unknown"
"6227756",371834,2025-07-02 13:05:07,43.3295402526855,-8.49896717071533,"Unknown"
"6227756",371834,2025-07-02 13:15:06,43.3295249938965,-8.49893760681152,"Unknown"
"6227756",371834,2025-07-02 13:25:06,43.3295097351074,-8.49884510040283,"Unknown"
"6227756",371834,2025-07-02 13:35:15,43.3295593261719,-8.49892616271973,"Unknown"
"6227756",371834,2025-07-02 13:45:35,43.3294677734375,-8.49896717071533,"Unknown"
"6227756",371834,2025-07-02 13:55:04,43.329475402832,-8.49897861480713,"Unknown"
"6227756",371834,2025-07-02 14:05:04,43.329475402832,-8.49901580810547,"Unknown"
"6227756",371834,2025-07-02 14:15:06,43.3294486999512,-8.49904346466064,"Unknown"
"6227756",371834,2025-07-02 14:25:04,43.3294830322266,-8.49896717071533,"Unknown"
"6227756",371834,2025-07-02 14:35:04,43.3294486999512,-8.49883270263672,"Unknown"
"6227756",371834,2025-07-02 14:45:35,43.3294715881348,-8.49894714355469,"Unknown"
"6227756",371834,2025-07-02 14:55:04,43.3294677734375,-8.49892330169678,"Unknown"
"6227756",371834,2025-07-02 15:05:05,43.329475402832,-8.49892902374268,"Unknown"
"6227756",371834,2025-07-02 15:15:07,43.3295021057129,-8.4989652633667,"Unknown"
"6227756",371834,2025-07-02 15:25:12,43.3295249938965,-8.49898242950439,"Unknown"
"6227756",371834,2025-07-02 15:35:12,43.3295288085938,-8.49897575378418,"Unknown"
"6227756",371834,2025-07-02 15:45:07,43.3295211791992,-8.49899196624756,"Unknown"
"6227756",371834,2025-07-02 15:55:35,43.3295097351074,-8.49899959564209,"Unknown"
"6227756",371834,2025-07-02 16:05:04,43.3295135498047,-8.49897480010986,"Unknown"
"6227756",371834,2025-07-02 16:15:04,43.3295059204102,-8.49895572662354,"Unknown"
"6227756",371834,2025-07-02 16:25:04,43.3294715881348,-8.49892902374268,"Unknown"
"6227756",371834,2025-07-02 16:35:04,43.3294906616211,-8.49898433685303,"Unknown"
"6227756",371834,2025-07-02 16:45:04,43.3295669555664,-8.4989538192749,"Unknown"
"6227756",371834,2025-07-02 16:55:04,43.3295402526855,-8.4989595413208,"Unknown"
"6227756",371834,2025-07-02 17:05:04,43.3296051025391,-8.49906349182129,"Unknown"
"6227756",371834,2025-07-02 17:15:05,43.3295669555664,-8.49904346466064,"Unknown"
"6227756",371834,2025-07-02 17:25:06,43.3295974731445,-8.49904632568359,"Unknown"
"6227756",371834,2025-07-02 17:35:11,43.3294258117676,-8.49887943267822,"Unknown"
"6227756",371834,2025-07-02 17:45:15,43.3294143676758,-8.49889183044434,"Unknown"
"6227756",371834,2025-07-02 17:55:35,43.3294944763184,-8.49898719787598,"Unknown"
"6227756",371834,2025-07-02 18:05:04,43.3295364379883,-8.49903869628906,"Unknown"
"6227756",371834,2025-07-02 18:15:04,43.3295364379883,-8.49906158447266,"Unknown"
"6227756",371834,2025-07-02 18:25:05,43.3295707702637,-8.49912166595459,"Unknown"
"6227756",371834,2025-07-02 18:35:08,43.3295097351074,-8.49902725219727,"Unknown"
"6227756",371834,2025-07-02 18:45:13,43.3294906616211,-8.49903392791748,"Unknown"
"6227756",371834,2025-07-02 18:55:13,43.3295478820801,-8.4990406036377,"Unknown"
"6227756",371834,2025-07-02 19:05:12,43.3295516967773,-8.49902057647705,"Unknown"
"6227756",371834,2025-07-02 19:15:13,43.3295516967773,-8.49901103973389,"Unknown"
"6227756",371834,2025-07-02 19:25:13,43.3295555114746,-8.49891567230225,"Unknown"
"6227756",371834,2025-07-02 19:35:15,43.3294448852539,-8.49871349334717,"Unknown"
"6227756",371834,2025-07-02 19:45:22,43.3294334411621,-8.49871444702148,"Unknown"
"6227756",371834,2025-07-02 19:55:35,43.3294868469238,-8.49900531768799,"Unknown"
"6227756",371834,2025-07-02 20:05:04,43.3294448852539,-8.49900722503662,"Unknown"
"6227756",371834,2025-07-02 20:15:04,43.329460144043,-8.49901008605957,"Unknown"
"6227756",371834,2025-07-02 20:25:04,43.329460144043,-8.49907684326172,"Unknown"
"6227756",371834,2025-07-02 20:35:04,43.329475402832,-8.49903011322021,"Unknown"
"6227756",371834,2025-07-02 20:45:04,43.3294715881348,-8.49893951416016,"Unknown"
"6227756",371834,2025-07-02 20:55:06,43.3295097351074,-8.4989538192749,"Unknown"
"6227756",371834,2025-07-02 21:05:08,43.3295021057129,-8.49899005889893,"Unknown"
"6227756",371834,2025-07-02 21:15:09,43.3295021057129,-8.49899005889893,"Unknown"
"6227756",371834,2025-07-02 21:25:09,43.3295364379883,-8.49897575378418,"Unknown"
"6227756",371834,2025-07-02 21:35:14,43.32958984375,-8.49900817871094,"Unknown"
"6227756",371834,2025-07-02 21:45:09,43.3295631408691,-8.49899578094482,"Unknown"
"6227756",371834,2025-07-02 21:55:07,43.3295631408691,-8.49903964996338,"Unknown"
"6227756",371834,2025-07-02 22:05:35,43.329460144043,-8.49897289276123,"Unknown"
"6227756",371834,2025-07-02 22:15:04,43.3294372558594,-8.49899387359619,"Unknown"
"6227756",371834,2025-07-02 22:25:06,43.3294486999512,-8.49896144866943,"Unknown"
"6227756",371834,2025-07-02 22:35:04,43.3294639587402,-8.49895572662354,"Unknown"
"6227756",371834,2025-07-02 22:45:04,43.3294448852539,-8.49896144866943,"Unknown"
"6227756",371834,2025-07-02 22:55:04,43.3294334411621,-8.49900722503662,"Unknown"
"6227756",371834,2025-07-02 23:05:04,43.3294944763184,-8.49894332885742,"Unknown"
"6227756",371834,2025-07-02 23:15:04,43.3294677734375,-8.4989652633667,"Unknown"
"6227756",371834,2025-07-02 23:25:07,43.3293113708496,-8.49886417388916,"Unknown"
"6227756",371834,2025-07-02 23:35:14,43.3293952941895,-8.49899864196777,"Unknown"
"6227756",371834,2025-07-02 23:45:08,43.3293685913086,-8.49900722503662,"Unknown"
"6227756",371834,2025-07-02 23:55:09,43.3293609619141,-8.49902439117432,"Unknown"
"6227756",371834,2025-07-03 00:05:09,43.3293037414551,-8.49906253814697,"Unknown"
"6227756",371834,2025-07-03 00:15:09,43.3292045593262,-8.49915504455566,"Unknown"
"6227756",371834,2025-07-03 00:25:09,43.329158782959,-8.49918174743652,"Unknown"
"6227756",371834,2025-07-03 00:35:35,43.3294486999512,-8.49906826019287,"Unknown"
"6227756",371834,2025-07-03 00:45:09,43.3295059204102,-8.49897575378418,"Unknown"
"6227756",371834,2025-07-03 00:55:09,43.3294715881348,-8.49904537200928,"Unknown"
"6227756",371834,2025-07-03 01:05:09,43.3295135498047,-8.49893283843994,"Unknown"
"6227756",371834,2025-07-03 01:15:09,43.3294944763184,-8.49898624420166,"Unknown"
"6227756",371834,2025-07-03 01:25:09,43.3295021057129,-8.49894618988037,"Unknown"
"6227756",371834,2025-07-03 01:35:09,43.3295021057129,-8.49897289276123,"Unknown"
"6227756",371834,2025-07-03 01:45:09,43.3294906616211,-8.4989652633667,"Unknown"
"6227756",371834,2025-07-03 01:55:09,43.3294830322266,-8.49897766113281,"Unknown"
"6227756",371834,2025-07-03 02:05:14,43.3295707702637,-8.49886894226074,"Unknown"
"6227756",371834,2025-07-03 02:15:06,43.3295135498047,-8.49890041351318,"Unknown"
"6227756",371834,2025-07-03 02:25:04,43.3295745849609,-8.49887466430664,"Unknown"
"6227756",371834,2025-07-03 02:35:04,43.3295783996582,-8.4989652633667,"Unknown"
"6227756",371834,2025-07-03 02:45:35,43.3294868469238,-8.49901580810547,"Unknown"
"6227756",371834,2025-07-03 02:55:06,43.3294982910156,-8.49900817871094,"Unknown"
"6227756",371834,2025-07-03 03:05:06,43.3294982910156,-8.49895095825195,"Unknown"
"6227756",371834,2025-07-03 03:15:06,43.3294677734375,-8.49900913238525,"Unknown"
"6227756",371834,2025-07-03 03:25:19,43.329475402832,-8.49897480010986,"Unknown"
"6227756",371834,2025-07-03 03:35:09,43.3294830322266,-8.4989652633667,"Unknown"
"6227756",371834,2025-07-03 03:45:11,43.3294525146484,-8.49894237518311,"Unknown"
"6227756",371834,2025-07-03 03:55:09,43.329460144043,-8.49893665313721,"Unknown"
"6227756",371834,2025-07-03 04:05:12,43.3294486999512,-8.49890518188477,"Unknown"
"6227756",371834,2025-07-03 04:15:09,43.329418182373,-8.49885940551758,"Unknown"
"6227756",371834,2025-07-03 04:25:09,43.3293800354004,-8.49873924255371,"Unknown"
"6227756",371834,2025-07-03 04:35:13,43.3292999267578,-8.49862861633301,"Unknown"
"6227756",371834,2025-07-03 04:45:35,43.3294334411621,-8.49901294708252,"Unknown"
"6227756",371834,2025-07-03 04:55:04,43.3294486999512,-8.49891471862793,"Unknown"
"6227756",371834,2025-07-03 05:05:04,43.3294410705566,-8.49895286560059,"Unknown"
"6227756",371834,2025-07-03 05:15:04,43.3294677734375,-8.49892139434814,"Unknown"
"6227756",371834,2025-07-03 05:25:04,43.3294715881348,-8.49889087677002,"Unknown"
"6227756",371834,2025-07-03 05:35:04,43.3296813964844,-8.49919319152832,"Unknown"
"6227756",371834,2025-07-03 05:45:05,43.3296890258789,-8.49918937683105,"Unknown"
"6227756",371834,2025-07-03 05:55:05,43.3297348022461,-8.49936389923096,"Unknown"
"6227756",371834,2025-07-03 06:05:06,43.3298263549805,-8.49969577789307,"Unknown"
"6227756",371834,2025-07-03 06:15:11,43.3294944763184,-8.49894905090332,"Unknown"
"6227756",371834,2025-07-03 06:25:15,43.3295745849609,-8.49893760681152,"Unknown"
"6227756",371834,2025-07-03 06:35:21,43.3295631408691,-8.49886322021484,"Unknown"
"6227756",371834,2025-07-03 06:45:22,43.3295249938965,-8.49886989593506,"Unknown"
"6227756",371834,2025-07-03 06:55:35,43.3294563293457,-8.49894523620605,"Unknown"
"6227756",371834,2025-07-03 07:05:04,43.3294563293457,-8.49901962280273,"Unknown"
"6227756",371834,2025-07-03 07:15:04,43.3294639587402,-8.49897956848145,"Unknown"
"6227756",371834,2025-07-03 07:25:04,43.3294067382812,-8.49889278411865,"Unknown"
"6227756",371834,2025-07-03 07:35:04,43.3293876647949,-8.49885368347168,"Unknown"
"6227756",371834,2025-07-03 07:45:05,43.329418182373,-8.49894905090332,"Unknown"
"6227756",371834,2025-07-03 07:55:05,43.3294334411621,-8.49892425537109,"Unknown"
"6227756",371834,2025-07-03 08:05:05,43.3295135498047,-8.49902534484863,"Unknown"
"6227756",371834,2025-07-03 08:15:05,43.329418182373,-8.49889850616455,"Unknown"
"6227756",371834,2025-07-03 08:25:05,43.3294105529785,-8.4988956451416,"Unknown"
"6227756",371834,2025-07-03 08:35:06,43.3293724060059,-8.49869918823242,"Unknown"
"6227756",371834,2025-07-03 08:45:13,43.3295936584473,-8.49900913238525,"Unknown"
"6227756",371834,2025-07-03 08:55:13,43.329517364502,-8.49906826019287,"Unknown"
"6227756",371834,2025-07-03 09:05:15,43.3296661376953,-8.49899578094482,"Unknown"
"6227756",371834,2025-07-03 09:15:35,43.3295593261719,-8.49908256530762,"Unknown"
"6227756",371834,2025-07-03 09:25:04,43.3295631408691,-8.49905300140381,"Unknown"
"6227756",371834,2025-07-03 09:35:06,43.3295974731445,-8.49905776977539,"Unknown"
"6227756",371834,2025-07-03 09:45:06,43.3295745849609,-8.49886608123779,"Unknown"
"6227756",371834,2025-07-03 09:55:12,43.3295516967773,-8.49903011322021,"Unknown"
"6227756",371834,2025-07-03 10:05:12,43.3295211791992,-8.49902629852295,"Unknown"
"6227756",371834,2025-07-03 10:15:08,43.3295707702637,-8.49897384643555,"Unknown"
"6227756",371834,2025-07-03 10:25:08,43.3295364379883,-8.49897384643555,"Unknown"
"6227756",371834,2025-07-03 10:35:11,43.3295860290527,-8.49890518188477,"Unknown"
"6227756",371834,2025-07-03 10:45:14,43.3294563293457,-8.49905776977539,"Unknown"
"6227756",371834,2025-07-03 10:55:06,43.329475402832,-8.49904346466064,"Unknown"
"6227756",371834,2025-07-03 11:05:04,43.3295288085938,-8.49899291992188,"Unknown"
"6227756",371834,2025-07-03 11:15:04,43.3295593261719,-8.49897384643555,"Unknown"
"6227756",371834,2025-07-03 11:25:06,43.3294334411621,-8.49895286560059,"Unknown"
"6227756",371834,2025-07-03 11:35:14,43.3295097351074,-8.49901390075684,"Unknown"
"6227756",371834,2025-07-03 11:45:07,43.3293266296387,-8.49900531768799,"Unknown"
"6227756",371834,2025-07-03 11:55:11,43.3294143676758,-8.49894046783447,"Unknown"
"6227756",371834,2025-07-03 12:05:35,43.3294868469238,-8.49900150299072,"Unknown"
"6227756",371834,2025-07-03 12:15:04,43.3295135498047,-8.49897193908691,"Unknown"
"6227756",371834,2025-07-03 12:25:04,43.3295059204102,-8.49893665313721,"Unknown"
"6227756",371834,2025-07-03 12:35:04,43.3294525146484,-8.4990234375,"Unknown"
"6227756",371834,2025-07-03 12:45:04,43.3294792175293,-8.49899101257324,"Unknown"
"6227756",371834,2025-07-03 12:55:04,43.329460144043,-8.4990348815918,"Unknown"
"6227756",371834,2025-07-03 13:05:04,43.329517364502,-8.498948097229,"Unknown"
"6227756",371834,2025-07-03 13:15:04,43.3294715881348,-8.49901390075684,"Unknown"
"6227756",371834,2025-07-03 13:25:04,43.3295288085938,-8.49899864196777,"Unknown"
"6227756",371834,2025-07-03 13:35:04,43.3294525146484,-8.49898815155029,"Unknown"
"6227756",371834,2025-07-03 13:45:04,43.3294219970703,-8.49891376495361,"Unknown"
"6227756",371834,2025-07-03 13:55:04,43.3294296264648,-8.49894523620605,"Unknown"
"6227756",371834,2025-07-03 14:05:05,43.3293800354004,-8.49888134002686,"Unknown"
"6227756",371834,2025-07-03 14:15:05,43.3293914794922,-8.49891567230225,"Unknown"
"6227756",371834,2025-07-03 14:25:06,43.3296241760254,-8.49912738800049,"Unknown"
"6227756",371834,2025-07-03 14:35:20,43.3295822143555,-8.49905681610107,"Unknown"
"6227756",371834,2025-07-03 14:45:35,43.3294868469238,-8.49899578094482,"Unknown"
"6227756",371834,2025-07-03 14:55:04,43.3295097351074,-8.49896049499512,"Unknown"
"6227756",371834,2025-07-03 15:05:06,43.3295783996582,-8.49907684326172,"Unknown"
"6227756",371834,2025-07-03 15:15:09,43.3295211791992,-8.49899578094482,"Unknown"
"6227756",371834,2025-07-03 15:25:12,43.3295478820801,-8.49902153015137,"Unknown"
"6227756",371834,2025-07-03 15:35:12,43.3295440673828,-8.49899673461914,"Unknown"
"6227756",371834,2025-07-03 15:45:12,43.3294334411621,-8.49893760681152,"Unknown"
"6227756",371834,2025-07-03 15:55:35,43.3295059204102,-8.49898910522461,"Unknown"
"6227756",371834,2025-07-03 16:05:04,43.329517364502,-8.49891185760498,"Unknown"
"6227756",371834,2025-07-03 16:15:04,43.3294677734375,-8.49895191192627,"Unknown"
"6227756",371834,2025-07-03 16:25:04,43.3294982910156,-8.49896717071533,"Unknown"
"6227756",371834,2025-07-03 16:55:04,43.329517364502,-8.49901103973389,"Unknown"
"6227756",371834,2025-07-03 17:25:05,43.3293266296387,-8.49880790710449,"Unknown"
"6227756",371834,2025-07-03 17:55:35,43.3295021057129,-8.4990062713623,"Unknown"
"6227756",371834,2025-07-03 18:25:06,43.3297309875488,-8.49940967559814,"Unknown"
"6227756",371834,2025-07-03 18:55:12,43.3294944763184,-8.49911022186279,"Unknown"
"6227756",371834,2025-07-03 19:25:09,43.3294334411621,-8.49886226654053,"Unknown"
"6227756",371834,2025-07-03 19:55:35,43.3294906616211,-8.49900054931641,"Unknown"
"6227756",371834,2025-07-03 20:25:04,43.3295097351074,-8.49905014038086,"Unknown"
"6227756",371834,2025-07-03 20:55:06,43.3295440673828,-8.49890899658203,"Unknown"
"6227756",371834,2025-07-03 21:25:14,43.329475402832,-8.4989709854126,"Unknown"
"6227756",371834,2025-07-03 21:55:27,43.3296089172363,-8.49900341033936,"Unknown"
"6227756",371834,2025-07-03 22:25:35,43.3294677734375,-8.49897575378418,"Unknown"
"6227756",371834,2025-07-03 22:55:04,43.3294296264648,-8.49896621704102,"Unknown"
"6227756",371834,2025-07-03 23:25:06,43.329418182373,-8.49890995025635,"Unknown"
"6227756",371834,2025-07-03 23:55:07,43.3296051025391,-8.49903392791748,"Unknown"
"6227756",371834,2025-07-04 00:25:12,43.3297233581543,-8.49894428253174,"Unknown"
"6227756",371834,2025-07-04 00:55:15,43.3295478820801,-8.49884128570557,"Unknown"
"6227756",371834,2025-07-04 01:25:09,43.3295135498047,-8.49880599975586,"Unknown"
"6227756",371834,2025-07-04 01:55:35,43.3294258117676,-8.49902725219727,"Unknown"
"6227756",371834,2025-07-04 02:25:44,43.3294715881348,-8.49901008605957,"Unknown"
"6227756",371834,2025-07-04 02:55:13,43.3297462463379,-8.49904441833496,"Unknown"
"6227756",371834,2025-07-04 03:25:35,43.3294868469238,-8.49894523620605,"Unknown"
"6227756",371834,2025-07-04 03:55:04,43.3294715881348,-8.49896335601807,"Unknown"
"6227756",371834,2025-07-04 04:25:04,43.3294906616211,-8.49888038635254,"Unknown"
"6227756",371834,2025-07-04 04:55:35,43.3294906616211,-8.49893188476562,"Unknown"
"6227756",371834,2025-07-04 05:25:35,43.3295402526855,-8.49900531768799,"Unknown"
"6227756",371834,2025-07-04 05:55:05,43.3296585083008,-8.49923610687256,"Unknown"
"6227756",371834,2025-07-04 06:25:17,43.3295516967773,-8.49893569946289,"Unknown"
"6227756",371834,2025-07-04 06:55:35,43.3294715881348,-8.49897193908691,"Unknown"
"6227756",371834,2025-07-04 07:25:04,43.329475402832,-8.49899959564209,"Unknown"
"6227756",371834,2025-07-04 07:55:04,43.3294906616211,-8.49900245666504,"Unknown"
"6227756",371834,2025-07-04 08:25:05,43.3294792175293,-8.49900054931641,"Unknown"
"6227756",371834,2025-07-04 08:55:09,43.3295440673828,-8.49911594390869,"Unknown"
"6227756",371834,2025-07-04 09:25:35,43.3295860290527,-8.49906253814697,"Unknown"
"6227756",371834,2025-07-04 09:55:12,43.3295364379883,-8.4990177154541,"Unknown"
"6227756",371834,2025-07-04 10:25:07,43.3294830322266,-8.49904346466064,"Unknown"
"6227756",371834,2025-07-04 10:55:35,43.3295249938965,-8.49902534484863,"Unknown"
"6227756",371834,2025-07-04 11:25:04,43.329475402832,-8.49890995025635,"Unknown"
"6227756",371834,2025-07-04 11:55:11,43.3294944763184,-8.49903011322021,"Unknown"
"6227756",371834,2025-07-04 12:25:35,43.3294715881348,-8.49903774261475,"Unknown"
"6227756",371834,2025-07-04 12:55:04,43.3295097351074,-8.49901008605957,"Unknown"
"6227756",371834,2025-07-04 13:25:04,43.3294410705566,-8.49899578094482,"Unknown"
"6227756",371834,2025-07-04 13:55:04,43.3293495178223,-8.49890422821045,"Unknown"
"6227756",371834,2025-07-04 14:25:59,43.3294677734375,-8.49899005889893,"Unknown"
"6227756",371834,2025-07-04 14:55:06,43.3294792175293,-8.49899864196777,"Unknown"
"6227756",371834,2025-07-04 15:25:09,43.3295211791992,-8.49900341033936,"Unknown"
"6227756",371834,2025-07-04 15:55:32,43.3295097351074,-8.49901866912842,"Unknown"
"6227756",371834,2025-07-04 16:25:04,43.329475402832,-8.49901008605957,"Unknown"
"6227756",371834,2025-07-04 16:55:04,43.3294906616211,-8.49899196624756,"Unknown"
"6227756",371834,2025-07-04 17:25:04,43.3295593261719,-8.49898052215576,"Unknown"
"6227756",371834,2025-07-04 17:55:35,43.3295249938965,-8.49905681610107,"Unknown"
"6227756",371834,2025-07-04 18:25:11,43.3295059204102,-8.49904823303223,"Unknown"
"6227756",371834,2025-07-04 18:55:35,43.329460144043,-8.49903774261475,"Unknown"
"6227756",371834,2025-07-04 19:25:04,43.3294906616211,-8.49905014038086,"Unknown"
"6227756",371834,2025-07-04 19:55:07,43.3294715881348,-8.49903392791748,"Unknown"
"6227756",371834,2025-07-04 20:25:04,43.3295021057129,-8.49901103973389,"Unknown"
"6227756",371834,2025-07-04 20:55:08,43.3295440673828,-8.49909782409668,"Unknown"
"6227756",371834,2025-07-04 21:25:15,43.3294258117676,-8.49902629852295,"Unknown"
"6227756",371834,2025-07-04 21:55:18,43.3294906616211,-8.49907684326172,"Unknown"
"6227756",371834,2025-07-04 22:25:35,43.329475402832,-8.49899101257324,"Unknown"
"6227756",371834,2025-07-04 22:55:04,43.3294296264648,-8.49893665313721,"Unknown"
"6227756",371834,2025-07-04 23:25:07,43.3295707702637,-8.49899673461914,"Unknown"
"6227756",371834,2025-07-04 23:55:09,43.3296241760254,-8.49899482727051,"Unknown"
"6227756",371834,2025-07-05 00:25:09,43.32958984375,-8.49889755249023,"Unknown"
"6227756",371834,2025-07-05 00:55:35,43.3295478820801,-8.49893856048584,"Unknown"
"6227756",371834,2025-07-05 01:25:04,43.3294677734375,-8.49896335601807,"Unknown"
"6227756",371834,2025-07-05 01:55:04,43.3294868469238,-8.49895763397217,"Unknown"
"6227756",371834,2025-07-05 02:25:35,43.3294944763184,-8.49895572662354,"Unknown"
"6227756",371834,2025-07-05 02:55:05,43.3296546936035,-8.49910068511963,"Unknown"
"6227756",371834,2025-07-05 03:25:35,43.3294715881348,-8.49896717071533,"Unknown"
"6227756",371834,2025-07-05 03:55:04,43.3294715881348,-8.49889850616455,"Unknown"
"6227756",371834,2025-07-05 04:25:04,43.329460144043,-8.49877643585205,"Unknown"
"6227756",371834,2025-07-05 04:55:35,43.3294563293457,-8.49896144866943,"Unknown"
"6227756",371834,2025-07-05 05:25:12,43.3295059204102,-8.49897575378418,"Unknown"
"6227756",371834,2025-07-05 05:55:35,43.3295478820801,-8.49903869628906,"Unknown"
"6227756",371834,2025-07-05 06:25:35,43.329532623291,-8.4989538192749,"Unknown"
"6227756",371834,2025-07-05 06:55:04,43.3295478820801,-8.49895858764648,"Unknown"
"6227756",371834,2025-07-05 07:25:04,43.3295631408691,-8.4989652633667,"Unknown"
"6227756",371834,2025-07-05 07:55:04,43.3294639587402,-8.49900150299072,"Unknown"
"6227756",371834,2025-07-05 08:25:05,43.3294677734375,-8.49900150299072,"Unknown"
"6227756",371834,2025-07-05 08:55:44,43.3295097351074,-8.49903678894043,"Unknown"
"6227756",371834,2025-07-05 09:25:04,43.3294944763184,-8.49904823303223,"Unknown"
"6227756",371834,2025-07-05 09:55:07,43.3295211791992,-8.49901866912842,"Unknown"
"6227756",371834,2025-07-05 10:25:09,43.3295135498047,-8.49898815155029,"Unknown"
"6227756",371834,2025-07-05 10:55:35,43.3295478820801,-8.49895000457764,"Unknown"
"6227756",371834,2025-07-05 11:25:05,43.3295059204102,-8.49895286560059,"Unknown"
"6227756",371834,2025-07-05 11:55:44,43.3295669555664,-8.49894237518311,"Unknown"
"6227756",371834,2025-07-05 12:25:04,43.329704284668,-8.49903774261475,"Unknown"
"6227756",371834,2025-07-05 12:55:11,43.3294258117676,-8.49896621704102,"Unknown"
"6227756",371834,2025-07-05 13:25:12,43.3293342590332,-8.49883270263672,"Unknown"
"6227756",371834,2025-07-05 13:55:35,43.3294639587402,-8.49896240234375,"Unknown"
"6227756",371834,2025-07-05 14:25:04,43.3294639587402,-8.49893474578857,"Unknown"
"6227756",371834,2025-07-05 14:55:06,43.3295288085938,-8.49896144866943,"Unknown"
"6227756",371834,2025-07-05 15:25:11,43.3295288085938,-8.49899387359619,"Unknown"
"6227756",371834,2025-07-05 15:55:35,43.3295211791992,-8.49898338317871,"Unknown"
"6227756",371834,2025-07-05 16:25:04,43.3294944763184,-8.49894523620605,"Unknown"
"6227756",371834,2025-07-05 16:55:05,43.3295249938965,-8.49893951416016,"Unknown"
"6227756",371834,2025-07-05 17:25:05,43.3295288085938,-8.49908256530762,"Unknown"
"6227756",371834,2025-07-05 17:55:35,43.3294830322266,-8.49903583526611,"Unknown"
"6227756",371834,2025-07-05 18:25:35,43.3294944763184,-8.49899196624756,"Unknown"
"6227756",371834,2025-07-05 18:55:06,43.3295288085938,-8.498948097229,"Unknown"
"6227756",371834,2025-07-05 19:25:04,43.3294372558594,-8.49897193908691,"Unknown"
"6227756",371834,2025-07-05 19:55:06,43.3294677734375,-8.49899673461914,"Unknown"
"6227756",371834,2025-07-05 20:25:08,43.329475402832,-8.49893665313721,"Unknown"
"6227756",371834,2025-07-05 20:55:14,43.3294792175293,-8.49889755249023,"Unknown"
"6227756",371834,2025-07-05 21:25:14,43.3294448852539,-8.49911880493164,"Unknown"
"6227756",371834,2025-07-05 21:55:35,43.329475402832,-8.49895572662354,"Unknown"
"6227756",371834,2025-07-05 22:25:05,43.3294715881348,-8.49895191192627,"Unknown"
"6227756",371834,2025-07-05 22:55:05,43.3294448852539,-8.4989652633667,"Unknown"
"6227756",371834,2025-07-05 23:25:09,43.3295402526855,-8.4989595413208,"Unknown"
"6227756",371834,2025-07-05 23:55:35,43.3297271728516,-8.49896907806396,"Unknown"
"6227756",371834,2025-07-06 00:25:10,43.3296890258789,-8.49895095825195,"Unknown"
"6227756",371834,2025-07-06 00:55:35,43.3294792175293,-8.49900913238525,"Unknown"
"6227756",371834,2025-07-06 01:25:08,43.3294715881348,-8.4990406036377,"Unknown"
"6227756",371834,2025-07-06 01:55:35,43.329460144043,-8.49901008605957,"Unknown"
"6227756",371834,2025-07-06 02:25:12,43.3294715881348,-8.49897861480713,"Unknown"
"6227756",371834,2025-07-06 02:55:09,43.3294143676758,-8.49893856048584,"Unknown"
"6227756",371834,2025-07-06 03:25:35,43.3294868469238,-8.49896812438965,"Unknown"
"6227756",371834,2025-07-06 03:55:04,43.3294563293457,-8.49896812438965,"Unknown"
"6227756",371834,2025-07-06 04:25:04,43.3294792175293,-8.49892616271973,"Unknown"
"6227756",371834,2025-07-06 04:55:14,43.3294372558594,-8.49891662597656,"Unknown"
"6227756",371834,2025-07-06 05:25:35,43.3296279907227,-8.498948097229,"Unknown"
"6227756",371834,2025-07-06 05:55:10,43.3295631408691,-8.49899864196777,"Unknown"
"6227756",371834,2025-07-06 06:25:15,43.3295440673828,-8.49891948699951,"Unknown"
"6227756",371834,2025-07-06 06:55:35,43.329460144043,-8.4989767074585,"Unknown"
"6227756",371834,2025-07-06 07:25:04,43.329460144043,-8.49899673461914,"Unknown"
"6227756",371834,2025-07-06 07:55:04,43.329460144043,-8.4990177154541,"Unknown"
"6227756",371834,2025-07-06 08:25:05,43.3293685913086,-8.49888706207275,"Unknown"
"6227756",371834,2025-07-06 08:55:35,43.3296318054199,-8.49910926818848,"Unknown"
"6227756",371834,2025-07-06 09:25:08,43.3295936584473,-8.4990873336792,"Unknown"
"6227756",371834,2025-07-06 09:55:08,43.3295516967773,-8.49898242950439,"Unknown"
"6227756",371834,2025-07-06 10:25:16,43.3295021057129,-8.49900817871094,"Unknown"
"6227756",371834,2025-07-06 10:55:35,43.3295097351074,-8.49900054931641,"Unknown"
"6227756",371834,2025-07-06 11:25:07,43.3295936584473,-8.49901390075684,"Unknown"
"6227756",371834,2025-07-06 11:55:35,43.3295135498047,-8.49899005889893,"Unknown"
"6227756",371834,2025-07-06 12:25:06,43.3293685913086,-8.49890422821045,"Unknown"
"6227756",371834,2025-07-06 12:55:14,43.3294563293457,-8.49899196624756,"Unknown"
"6227756",371834,2025-07-06 13:25:12,43.3295249938965,-8.49907207489014,"Unknown"
"6227756",371834,2025-07-06 13:55:35,43.3294792175293,-8.49899768829346,"Unknown"
"6227756",371834,2025-07-06 14:25:05,43.329475402832,-8.49894428253174,"Unknown"
"6227756",371834,2025-07-06 14:55:07,43.3295211791992,-8.49899768829346,"Unknown"
"6227756",371834,2025-07-06 15:25:08,43.3295593261719,-8.49905872344971,"Unknown"
"6227756",371834,2025-07-06 15:55:35,43.3294982910156,-8.4990062713623,"Unknown"
"6227756",371834,2025-07-06 16:25:05,43.3294944763184,-8.49896240234375,"Unknown"
"6227756",371834,2025-07-06 16:55:05,43.3294563293457,-8.49898147583008,"Unknown"
"6227756",371834,2025-07-06 17:25:14,43.3294486999512,-8.49886703491211,"Unknown"
"6227756",371834,2025-07-06 17:55:35,43.3294486999512,-8.49896049499512,"Unknown"
"6227756",371834,2025-07-06 18:25:09,43.3294334411621,-8.4990291595459,"Unknown"
"6227756",371834,2025-07-06 18:55:08,43.3294792175293,-8.49902629852295,"Unknown"
"6227756",371834,2025-07-06 19:25:12,43.3294677734375,-8.49905300140381,"Unknown"
"6227756",371834,2025-07-06 19:55:35,43.3294830322266,-8.49903583526611,"Unknown"
"6227756",371834,2025-07-06 20:25:05,43.3294944763184,-8.49903392791748,"Unknown"
"6227756",371834,2025-07-06 20:55:08,43.3295440673828,-8.49897766113281,"Unknown"
"6227756",371834,2025-07-06 21:25:14,43.3295249938965,-8.49898433685303,"Unknown"
"6227756",371834,2025-07-06 21:55:18,43.3295402526855,-8.49912166595459,"Unknown"
"6227756",371834,2025-07-06 22:25:35,43.3294639587402,-8.49895668029785,"Unknown"
"6227756",371834,2025-07-06 22:55:05,43.3294525146484,-8.49893760681152,"Unknown"
"6227756",371834,2025-07-06 23:25:06,43.3295288085938,-8.49897384643555,"Unknown"
"6227756",371834,2025-07-06 23:55:06,43.3294677734375,-8.49898910522461,"Unknown"
"6227756",371834,2025-07-07 00:25:35,43.3295516967773,-8.49892616271973,"Unknown"
"6227756",371834,2025-07-07 00:55:05,43.329517364502,-8.49896335601807,"Unknown"
"6227756",371834,2025-07-07 01:25:05,43.3294830322266,-8.49894714355469,"Unknown"
"6227756",371834,2025-07-07 01:55:05,43.329460144043,-8.49895763397217,"Unknown"
"6227756",371834,2025-07-07 02:25:35,43.3295097351074,-8.49897193908691,"Unknown"
"6227756",371834,2025-07-07 02:55:09,43.3295707702637,-8.49910545349121,"Unknown"
"6227756",371834,2025-07-07 03:25:35,43.3294792175293,-8.49896144866943,"Unknown"
"6227756",371834,2025-07-07 03:55:04,43.3294677734375,-8.49898719787598,"Unknown"
"6227756",371834,2025-07-07 04:25:04,43.3294639587402,-8.49899291992188,"Unknown"
"6227756",371834,2025-07-07 04:55:06,43.329475402832,-8.49892902374268,"Unknown"
"6227756",371834,2025-07-07 05:25:13,43.3295211791992,-8.49899291992188,"Unknown"
"6227756",371834,2025-07-07 05:55:35,43.3295211791992,-8.49898815155029,"Unknown"
"6227756",371834,2025-07-07 06:25:04,43.3295249938965,-8.49896812438965,"Unknown"
"6227756",371834,2025-07-07 06:55:04,43.3294677734375,-8.49890995025635,"Unknown"
"6227756",371834,2025-07-07 07:25:15,43.3293647766113,-8.49892520904541,"Unknown"
"6227756",371834,2025-07-07 07:55:21,43.3294143676758,-8.49897384643555,"Unknown"
"6227756",371834,2025-07-07 08:25:35,43.3295021057129,-8.49902725219727,"Unknown"
"6227756",371834,2025-07-07 08:55:07,43.3295211791992,-8.49903869628906,"Unknown"
"6227756",371834,2025-07-07 09:25:12,43.3295593261719,-8.49904155731201,"Unknown"
"6227756",371834,2025-07-07 09:55:12,43.3296051025391,-8.49903678894043,"Unknown"
"6227756",371834,2025-07-07 10:25:35,43.3295097351074,-8.49902248382568,"Unknown"
"6227756",371834,2025-07-07 10:55:05,43.3295059204102,-8.49899101257324,"Unknown"
"6227756",371834,2025-07-07 11:25:04,43.3293724060059,-8.4988956451416,"Unknown"
"6227756",371834,2025-07-07 11:55:35,43.3295669555664,-8.4989595413208,"Unknown"
"6227756",371834,2025-07-07 12:25:05,43.3293495178223,-8.49901676177979,"Unknown"
"6227756",371834,2025-07-07 12:55:06,43.3294486999512,-8.49901008605957,"Unknown"
"6227756",371834,2025-07-07 13:25:21,43.3294372558594,-8.49899864196777,"Unknown"
"6227756",371834,2025-07-07 13:55:27,43.3294143676758,-8.4989128112793,"Unknown"
"6227756",371834,2025-07-07 14:25:35,43.3294792175293,-8.49900531768799,"Unknown"
"6227756",371834,2025-07-07 14:55:06,43.3294677734375,-8.49894618988037,"Unknown"
"6227756",371834,2025-07-07 15:25:08,43.3295288085938,-8.49894618988037,"Unknown"
"6227756",371834,2025-07-07 15:55:24,43.3296203613281,-8.49880981445312,"Unknown"
"6227756",371834,2025-07-07 16:25:35,43.3295059204102,-8.49901103973389,"Unknown"
"6227756",371834,2025-07-07 16:55:05,43.3295440673828,-8.49904251098633,"Unknown"
"6227756",371834,2025-07-07 17:25:05,43.3295288085938,-8.49903106689453,"Unknown"
"6227756",371834,2025-07-07 17:55:05,43.3295707702637,-8.49909973144531,"Unknown"
"6227756",371834,2025-07-07 18:25:08,43.3294868469238,-8.49902439117432,"Unknown"
"6227756",371834,2025-07-07 18:55:35,43.3294830322266,-8.49901103973389,"Unknown"
"6227756",371834,2025-07-07 19:25:05,43.329475402832,-8.49901485443115,"Unknown"
"6227756",371834,2025-07-07 19:55:05,43.3294830322266,-8.49897861480713,"Unknown"
"6227756",371834,2025-07-07 20:25:06,43.3295288085938,-8.49899291992188,"Unknown"
"6227756",371834,2025-07-07 20:55:35,43.3295288085938,-8.49897003173828,"Unknown"
"6227756",371834,2025-07-07 21:25:05,43.3294410705566,-8.49899387359619,"Unknown"
"6227756",371834,2025-07-07 21:55:07,43.329460144043,-8.49894523620605,"Unknown"
"6227756",371834,2025-07-07 22:25:35,43.3294906616211,-8.49897956848145,"Unknown"
"6227756",371834,2025-07-07 22:55:05,43.3294639587402,-8.4990119934082,"Unknown"
"6227756",371834,2025-07-07 23:25:35,43.3295021057129,-8.4989595413208,"Unknown"
"6227756",371834,2025-07-07 23:55:06,43.3295021057129,-8.49892139434814,"Unknown"
"6227756",371834,2025-07-08 00:25:10,43.3295822143555,-8.49897289276123,"Unknown"
"6227756",371834,2025-07-08 00:55:05,43.3295860290527,-8.49900817871094,"Unknown"
"6227756",371834,2025-07-08 01:25:06,43.3295593261719,-8.49900245666504,"Unknown"
"6227756",371834,2025-07-08 01:55:35,43.3295211791992,-8.49899101257324,"Unknown"
"6227756",371834,2025-07-08 02:25:07,43.3294792175293,-8.49892997741699,"Unknown"
"6227756",371834,2025-07-08 02:55:10,43.3295059204102,-8.49907970428467,"Unknown"
"6227756",371834,2025-07-08 03:25:35,43.3294563293457,-8.49897766113281,"Unknown"
"6227756",371834,2025-07-08 03:55:05,43.3294563293457,-8.49901485443115,"Unknown"
"6227756",371834,2025-07-08 04:25:05,43.3294525146484,-8.49899387359619,"Unknown"
"6227756",371834,2025-07-08 04:55:06,43.3294296264648,-8.49894523620605,"Unknown"
"6227756",371834,2025-07-08 05:25:10,43.3295364379883,-8.49900913238525,"Unknown"
"6227756",371834,2025-07-08 05:55:35,43.3295135498047,-8.49898433685303,"Unknown"
"6227756",371834,2025-07-08 06:25:05,43.3294868469238,-8.49895858764648,"Unknown"
"6227756",371834,2025-07-08 06:55:05,43.3294677734375,-8.49895191192627,"Unknown"
"6227756",371834,2025-07-08 07:25:13,43.3295440673828,-8.49893474578857,"Unknown"
"6227756",371834,2025-07-08 07:55:22,43.3294296264648,-8.49898529052734,"Unknown"
"6227756",371834,2025-07-08 08:25:35,43.3295555114746,-8.49904537200928,"Unknown"
"6227756",371834,2025-07-08 08:55:10,43.3295364379883,-8.49901962280273,"Unknown"
"6227756",371834,2025-07-08 09:25:21,43.3295211791992,-8.49902439117432,"Unknown"
"6227756",371834,2025-07-08 09:55:13,43.3295249938965,-8.49898624420166,"Unknown"
"6227756",371834,2025-07-08 10:25:35,43.3295059204102,-8.49902057647705,"Unknown"
"6227756",371834,2025-07-08 10:55:05,43.3295211791992,-8.49894237518311,"Unknown"
"6227756",371834,2025-07-08 11:25:20,43.3295593261719,-8.49894428253174,"Unknown"
"6227756",371834,2025-07-08 11:55:45,43.3297271728516,-8.49892139434814,"Unknown"
"6227756",371834,2025-07-08 12:25:06,43.3293075561523,-8.49915790557861,"Unknown"
"6227756",371834,2025-07-08 12:55:35,43.3294563293457,-8.49898624420166,"Unknown"
"6227756",371834,2025-07-08 13:25:05,43.3294830322266,-8.49897861480713,"Unknown"
"6227756",371834,2025-07-08 13:55:05,43.3294944763184,-8.49903106689453,"Unknown"
"6227756",371834,2025-07-08 14:25:06,43.3294334411621,-8.49890899658203,"Unknown"
"6227756",371834,2025-07-08 14:55:35,43.3294944763184,-8.4989767074585,"Unknown"
"6227756",371834,2025-07-08 15:25:05,43.3294525146484,-8.49903011322021,"Unknown"
"6227756",371834,2025-07-08 15:55:05,43.3294906616211,-8.49898910522461,"Unknown"
"6227756",371834,2025-07-08 16:25:05,43.3294372558594,-8.49897384643555,"Unknown"
"6227756",371834,2025-07-08 16:55:06,43.329475402832,-8.4989595413208,"Unknown"
"6227756",371834,2025-07-08 17:25:35,43.3294944763184,-8.49897193908691,"Unknown"
"6227756",371834,2025-07-08 17:55:06,43.3294563293457,-8.49887180328369,"Unknown"
"6227756",371834,2025-07-08 18:25:08,43.3292922973633,-8.49857902526855,"Unknown"
"6227756",371834,2025-07-08 18:55:11,43.3291778564453,-8.49854564666748,"Unknown"
"6227756",371834,2025-07-08 19:25:35,43.3294677734375,-8.49897861480713,"Unknown"
"6227756",371834,2025-07-08 19:55:05,43.3294906616211,-8.49903297424316,"Unknown"
"6227756",371834,2025-07-08 20:25:05,43.329532623291,-8.49905300140381,"Unknown"
"6227756",371834,2025-07-08 20:55:07,43.3294830322266,-8.49891185760498,"Unknown"
"6227756",371834,2025-07-08 21:25:06,43.3295211791992,-8.49903774261475,"Unknown"
"6227756",371834,2025-07-08 21:55:09,43.329517364502,-8.49900722503662,"Unknown"
"6227756",371834,2025-07-08 22:25:35,43.3294944763184,-8.49894046783447,"Unknown"
"6227756",371834,2025-07-08 22:55:05,43.3294410705566,-8.49896144866943,"Unknown"
"6227756",371834,2025-07-08 23:25:06,43.3294296264648,-8.49891185760498,"Unknown"
"6227756",371834,2025-07-08 23:55:07,43.3295745849609,-8.49899291992188,"Unknown"
"6227756",371834,2025-07-09 00:25:35,43.3295097351074,-8.49894523620605,"Unknown"
"6227756",371834,2025-07-09 00:55:05,43.3295631408691,-8.49881553649902,"Unknown"
"6227756",371834,2025-07-09 01:25:05,43.3295135498047,-8.49894332885742,"Unknown"
"6227756",371834,2025-07-09 01:55:44,43.3294372558594,-8.49901962280273,"Unknown"
"6227756",371834,2025-07-09 02:25:06,43.3291778564453,-8.49895763397217,"Unknown"
"6227756",371834,2025-07-09 02:56:14,43.3295249938965,-8.49901580810547,"Unknown"
"6227756",371834,2025-07-09 03:25:10,43.329460144043,-8.49893569946289,"Unknown"
"6227756",371834,2025-07-09 03:55:18,43.329517364502,-8.49908351898193,"Unknown"
"6227756",371834,2025-07-09 04:25:35,43.3294830322266,-8.4989652633667,"Unknown"
"6227756",371834,2025-07-09 04:55:08,43.3295249938965,-8.49895763397217,"Unknown"
"6227756",371834,2025-07-09 05:25:08,43.3294944763184,-8.49895572662354,"Unknown"
"6227756",371834,2025-07-09 05:55:44,43.3294486999512,-8.49893951416016,"Unknown"
"6227756",371834,2025-07-09 06:25:09,43.3293342590332,-8.49896144866943,"Unknown"
"6227756",371834,2025-07-09 06:55:18,43.3295097351074,-8.49897956848145,"Unknown"
"6227756",371834,2025-07-09 07:25:18,43.3294677734375,-8.49896430969238,"Unknown"
"6227756",371834,2025-07-09 07:55:35,43.3294792175293,-8.49900817871094,"Unknown"
"6227756",371834,2025-07-09 08:25:08,43.3295631408691,-8.49925136566162,"Unknown"
"6227756",371834,2025-07-09 08:55:09,43.3294639587402,-8.49896430969238,"Unknown"
"6227756",371834,2025-07-09 09:25:18,43.3294830322266,-8.49899959564209,"Unknown"
"6227756",371834,2025-07-09 09:55:17,43.3295135498047,-8.4990177154541,"Unknown"
"6227756",371834,2025-07-09 10:25:35,43.3295135498047,-8.49901008605957,"Unknown"
"6227756",371834,2025-07-09 10:55:05,43.3294486999512,-8.4989652633667,"Unknown"
"6227756",371834,2025-07-09 11:25:19,43.32958984375,-8.49906635284424,"Unknown"
"6227756",371834,2025-07-09 11:55:44,43.3294067382812,-8.49909496307373,"Unknown"
"6227756",371834,2025-07-09 12:25:35,43.3295059204102,-8.49900436401367,"Unknown"
"6227756",371834,2025-07-09 12:55:05,43.3294296264648,-8.49906063079834,"Unknown"
"6227756",371834,2025-07-09 13:25:05,43.3294830322266,-8.49899673461914,"Unknown"
"6227756",371834,2025-07-09 13:55:05,43.3294639587402,-8.49900341033936,"Unknown"
"6227756",371834,2025-07-09 14:25:08,43.3294563293457,-8.49892807006836,"Unknown"
"6227756",371834,2025-07-09 14:55:12,43.3293724060059,-8.49880599975586,"Unknown"
"6227756",371834,2025-07-09 15:25:35,43.329517364502,-8.49897289276123,"Unknown"
"6227756",371834,2025-07-09 15:55:05,43.3295059204102,-8.49895858764648,"Unknown"
"6227756",371834,2025-07-09 16:25:05,43.3295288085938,-8.4989709854126,"Unknown"
"6227756",371834,2025-07-09 16:55:06,43.3296318054199,-8.49912071228027,"Unknown"
"6227756",371834,2025-07-09 17:25:08,43.3294944763184,-8.49899768829346,"Unknown"
"6227756",371834,2025-07-09 17:55:06,43.3295555114746,-8.49910068511963,"Unknown"
"6227756",371834,2025-07-09 18:25:35,43.3295211791992,-8.4990758895874,"Unknown"
"6227756",371834,2025-07-09 18:55:05,43.329517364502,-8.49890232086182,"Unknown"
"6227756",371834,2025-07-09 19:25:05,43.3295059204102,-8.49898815155029,"Unknown"
"6227756",371834,2025-07-09 19:55:05,43.3295249938965,-8.49906349182129,"Unknown"
"6227756",371834,2025-07-09 20:25:10,43.3295402526855,-8.4991626739502,"Unknown"
"6227756",371834,2025-07-09 20:55:35,43.3294830322266,-8.49897384643555,"Unknown"
"6227756",371834,2025-07-09 21:25:05,43.3294258117676,-8.49903202056885,"Unknown"
"6227756",371834,2025-07-09 21:55:05,43.3294525146484,-8.49899482727051,"Unknown"
"6227756",371834,2025-07-09 22:25:06,43.3294372558594,-8.49904918670654,"Unknown"
"6227756",371834,2025-07-09 22:55:06,43.329475402832,-8.49906635284424,"Unknown"
"6227756",371834,2025-07-09 23:25:35,43.3294982910156,-8.49903774261475,"Unknown"
"6227756",371834,2025-07-09 23:55:35,43.3295822143555,-8.49892997741699,"Unknown"
"6227756",371834,2025-07-10 00:25:35,43.3295249938965,-8.49899101257324,"Unknown"
"6227756",371834,2025-07-10 00:55:05,43.3294944763184,-8.49896907806396,"Unknown"
"6227756",371834,2025-07-10 01:25:05,43.3294906616211,-8.49893283843994,"Unknown"
"6227756",371834,2025-07-10 01:55:35,43.3295021057129,-8.49902057647705,"Unknown"
"6227756",371834,2025-07-10 02:25:07,43.3296279907227,-8.49916458129883,"Unknown"
"6227756",371834,2025-07-10 02:55:10,43.329719543457,-8.49920749664307,"Unknown"
"6227756",371834,2025-07-10 03:25:35,43.3294868469238,-8.49898147583008,"Unknown"
"6227756",371834,2025-07-10 03:55:05,43.3294525146484,-8.49898052215576,"Unknown"
"6227756",371834,2025-07-10 04:25:05,43.3294219970703,-8.49901294708252,"Unknown"
"6227756",371834,2025-07-10 04:55:07,43.3293533325195,-8.4988489151001,"Unknown"
"6227756",371834,2025-07-10 05:25:09,43.3293037414551,-8.49856281280518,"Unknown"
"6227756",371834,2025-07-10 05:55:35,43.3295440673828,-8.49899291992188,"Unknown"
"6227756",371834,2025-07-10 06:25:05,43.3295440673828,-8.49895572662354,"Unknown"
"6227756",371834,2025-07-10 06:55:05,43.3295555114746,-8.49891757965088,"Unknown"
"6227756",371834,2025-07-10 07:25:10,43.3294334411621,-8.4989767074585,"Unknown"
"6227756",371834,2025-07-10 07:55:35,43.329475402832,-8.4990062713623,"Unknown"
"6227756",371834,2025-07-10 08:25:19,43.3295211791992,-8.49905776977539,"Unknown"
"6227756",371834,2025-07-10 08:55:31,43.3295860290527,-8.49906539916992,"Unknown"
"6227756",371834,2025-07-10 09:25:14,43.3295364379883,-8.49903869628906,"Unknown"
"6227756",371834,2025-07-10 09:55:06,43.3295669555664,-8.4992208480835,"Unknown"
"6227756",371834,2025-07-10 10:25:27,43.3295707702637,-8.49898338317871,"Unknown"
"6227756",371834,2025-07-10 10:55:35,43.3295440673828,-8.49902534484863,"Unknown"
"6227756",371834,2025-07-10 11:25:08,43.329704284668,-8.49917411804199,"Unknown"
"6227756",371834,2025-07-10 11:55:44,43.3294715881348,-8.49908351898193,"Unknown"
"6227756",371834,2025-07-10 12:25:07,43.3294258117676,-8.49901676177979,"Unknown"
"6227756",371834,2025-07-10 12:55:20,43.3295021057129,-8.49906539916992,"Unknown"
"6227756",371834,2025-07-10 13:25:35,43.3294715881348,-8.49899768829346,"Unknown"
"6227756",371834,2025-07-10 13:55:06,43.3294868469238,-8.49901866912842,"Unknown"
"6227756",371834,2025-07-10 14:25:06,43.3295783996582,-8.49906158447266,"Unknown"
"6227756",371834,2025-07-10 14:55:35,43.3294792175293,-8.49894523620605,"Unknown"
"6227756",371834,2025-07-10 15:25:35,43.3294906616211,-8.49897003173828,"Unknown"
"6227756",371834,2025-07-10 15:55:06,43.3294982910156,-8.49898529052734,"Unknown"
"6227756",371834,2025-07-10 16:25:06,43.329475402832,-8.49896049499512,"Unknown"
"6227756",371834,2025-07-10 16:55:08,43.3295783996582,-8.49904823303223,"Unknown"
"6227756",371834,2025-07-10 17:25:08,43.3294410705566,-8.49890327453613,"Unknown"
"6227756",371834,2025-07-10 17:55:09,43.3295516967773,-8.49905300140381,"Unknown"
"6227756",371834,2025-07-10 18:25:35,43.3295211791992,-8.49908924102783,"Unknown"
"6227756",371834,2025-07-10 18:55:06,43.3294525146484,-8.49905776977539,"Unknown"
"6227756",371834,2025-07-10 19:25:07,43.3294372558594,-8.4989595413208,"Unknown"
"6227756",371834,2025-07-10 19:55:07,43.3294982910156,-8.49889659881592,"Unknown"
"6227756",371834,2025-07-10 20:25:07,43.3294067382812,-8.49874401092529,"Unknown"
"6227756",371834,2025-07-10 20:55:13,43.3293914794922,-8.49876403808594,"Unknown"
"6227756",371834,2025-07-10 21:25:10,43.3294715881348,-8.49871063232422,"Unknown"
"6227756",371834,2025-07-10 21:55:10,43.3294868469238,-8.49873447418213,"Unknown"
"6227756",371834,2025-07-10 22:25:10,43.3294143676758,-8.49873733520508,"Unknown"
"6227756",371834,2025-07-10 22:55:19,43.3296089172363,-8.4988899230957,"Unknown"
"6227756",371834,2025-07-10 23:25:35,43.3295745849609,-8.49893474578857,"Unknown"
"6227756",371834,2025-07-10 23:55:10,43.3295745849609,-8.4990873336792,"Unknown"
"6227756",371834,2025-07-11 00:25:10,43.3295478820801,-8.49895286560059,"Unknown"
"6227756",371834,2025-07-11 00:55:07,43.3295478820801,-8.49895000457764,"Unknown"
"6227756",371834,2025-07-11 01:25:29,43.3295249938965,-8.49899578094482,"Unknown"
"6227756",371834,2025-07-11 01:55:35,43.3294982910156,-8.49899387359619,"Unknown"
"6227756",371834,2025-07-11 02:25:07,43.3296585083008,-8.4991512298584,"Unknown"
"6227756",371834,2025-07-11 02:55:07,43.3296012878418,-8.49902725219727,"Unknown"
"6227756",371834,2025-07-11 03:25:07,43.3295288085938,-8.49915218353271,"Unknown"
"6227756",371834,2025-07-11 03:55:07,43.3295021057129,-8.49896049499512,"Unknown"
"6227756",371834,2025-07-11 04:25:07,43.3294868469238,-8.49898815155029,"Unknown"
"6227756",371834,2025-07-11 04:55:08,43.3295822143555,-8.49886894226074,"Unknown"
"6227756",371834,2025-07-11 05:25:08,43.3298072814941,-8.49902629852295,"Unknown"
"6227756",371834,2025-07-11 05:55:08,43.3299026489258,-8.49898910522461,"Unknown"
"6227756",371834,2025-07-11 06:25:08,43.3295631408691,-8.49912738800049,"Unknown"
"6227756",371834,2025-07-11 06:55:08,43.3294715881348,-8.49913215637207,"Unknown"
"6227756",371834,2025-07-11 07:25:08,43.329517364502,-8.49903106689453,"Unknown"
"6227756",371834,2025-07-11 07:55:09,43.3297309875488,-8.49913501739502,"Unknown"
"6227756",371834,2025-07-11 08:25:16,43.329532623291,-8.49889183044434,"Unknown"
"6227756",371834,2025-07-11 08:55:08,43.3295135498047,-8.49882698059082,"Unknown"
"6227756",371834,2025-07-11 09:25:08,43.3296241760254,-8.49873447418213,"Unknown"
"6227756",371834,2025-07-11 09:55:08,43.3297500610352,-8.49868583679199,"Unknown"
"6227756",371834,2025-07-11 10:25:08,43.3297233581543,-8.49875736236572,"Unknown"
"6227756",371834,2025-07-11 10:55:08,43.3300476074219,-8.49905204772949,"Unknown"
"6227756",371834,2025-07-11 11:25:08,43.3295097351074,-8.49891471862793,"Unknown"
"6227756",371834,2025-07-11 11:55:09,43.3294067382812,-8.49919986724854,"Unknown"
"6227756",371834,2025-07-11 12:25:09,43.330436706543,-8.49770545959473,"Unknown"
"6227756",371834,2025-07-11 12:55:08,43.3299255371094,-8.49874019622803,"Unknown"
"6227756",371834,2025-07-11 13:25:08,43.329761505127,-8.49902057647705,"Unknown"
"6227756",371834,2025-07-11 13:55:07,43.3297271728516,-8.49896717071533,"Unknown"
"6227756",371834,2025-07-11 14:25:07,43.3296203613281,-8.49893283843994,"Unknown"
"6227756",371834,2025-07-11 14:55:08,43.3296775817871,-8.49909019470215,"Unknown"
"6227756",371834,2025-07-11 15:25:08,43.3298225402832,-8.49897956848145,"Unknown"
"6227756",371834,2025-07-11 15:55:08,43.3298377990723,-8.49905681610107,"Unknown"
"6227756",371834,2025-07-11 16:25:08,43.3297424316406,-8.4990234375,"Unknown"
"6227756",371834,2025-07-11 16:55:08,43.3296890258789,-8.49900245666504,"Unknown"
"6227756",371834,2025-07-11 17:25:08,43.3295974731445,-8.49887180328369,"Unknown"
"6227756",371834,2025-07-11 17:55:08,43.3299102783203,-8.49931335449219,"Unknown"
"6227756",371834,2025-07-11 18:25:08,43.3297653198242,-8.49882888793945,"Unknown"
"6227756",371834,2025-07-11 18:55:08,43.329647064209,-8.49884796142578,"Unknown"
"6227756",371834,2025-07-11 19:25:08,43.3295364379883,-8.49871063232422,"Unknown"
"6227756",371834,2025-07-11 19:55:08,43.3291206359863,-8.49833965301514,"Unknown"
"6227756",371834,2025-07-11 20:25:10,43.3300476074219,-8.49910545349121,"Unknown"
"6227756",371834,2025-07-11 20:55:09,43.3295555114746,-8.4990291595459,"Unknown"
"6227756",371834,2025-07-11 21:25:10,43.3296394348145,-8.49876308441162,"Unknown"
"6227756",371834,2025-07-11 21:55:08,43.3295974731445,-8.49874973297119,"Unknown"
"6227756",371834,2025-07-11 22:25:08,43.3298072814941,-8.49883079528809,"Unknown"
"6227756",371834,2025-07-11 22:55:08,43.3298225402832,-8.49900341033936,"Unknown"
"6227756",371834,2025-07-11 23:25:08,43.3300552368164,-8.49922561645508,"Unknown"
"6227756",371834,2025-07-11 23:55:10,43.3299751281738,-8.49964714050293,"Unknown"
"6227756",371834,2025-07-12 00:25:09,43.3295745849609,-8.49944019317627,"Unknown"
"6227756",371834,2025-07-12 00:55:09,43.3298606872559,-8.49930000305176,"Unknown"
"6227756",371834,2025-07-12 01:25:08,43.3295745849609,-8.49916934967041,"Unknown"
"6227756",371834,2025-07-12 01:55:08,43.3296890258789,-8.49915504455566,"Unknown"
"6227756",371834,2025-07-12 02:25:10,43.3303337097168,-8.49970531463623,"Unknown"
"6227756",371834,2025-07-12 02:55:09,43.3298187255859,-8.49921131134033,"Unknown"
"6227756",371834,2025-07-12 03:25:08,43.3297157287598,-8.49914741516113,"Unknown"
"6227756",371834,2025-07-12 03:55:08,43.3297004699707,-8.49899387359619,"Unknown"
"6227756",371834,2025-07-12 04:25:14,43.3294219970703,-8.49847984313965,"Unknown"
"6227756",371834,2025-07-12 04:55:13,43.3284378051758,-8.496657371521,"Unknown"
"6227756",371834,2025-07-12 05:25:21,43.3305625915527,-8.49998664855957,"Unknown"
"6227756",371834,2025-07-12 05:55:11,43.3301086425781,-8.49870014190674,"Unknown"
"6227756",371834,2025-07-12 07:55:35,43.329475402832,-8.49892902374268,"Unknown"
"6227756",371834,2025-07-12 09:55:09,43.3294792175293,-8.49880218505859,"Unknown"
"6227756",371834,2025-07-12 11:55:35,43.3295288085938,-8.49896240234375,"Unknown"
"6227756",371834,2025-07-12 13:55:07,43.3295211791992,-8.49904727935791,"Unknown"
"6227756",371834,2025-07-12 15:55:35,43.329517364502,-8.49904823303223,"Unknown"
"6227756",371834,2025-07-12 17:55:07,43.3297729492188,-8.49946784973145,"Unknown"
"6227756",371834,2025-07-12 19:55:24,43.3294563293457,-8.49883079528809,"Unknown"
"6227756",371834,2025-07-12 21:55:09,43.3294868469238,-8.49886798858643,"Unknown"
"6227756",371834,2025-07-12 23:55:35,43.3294944763184,-8.4989709854126,"Unknown"
"6227756",371834,2025-07-13 01:55:07,43.3294792175293,-8.49894142150879,"Unknown"
"6227756",371834,2025-07-13 03:55:19,43.3298187255859,-8.4989767074585,"Unknown"
"6227756",371834,2025-07-13 05:55:10,43.3315391540527,-8.49784755706787,"Unknown"
"6227756",371834,2025-07-13 07:55:09,43.32958984375,-8.49883270263672,"Unknown"
"6227756",371834,2025-07-13 09:55:08,43.3296279907227,-8.49921131134033,"Unknown"
"6227756",371834,2025-07-13 11:55:08,43.3295631408691,-8.49908256530762,"Unknown"
"6227756",371834,2025-07-13 13:55:08,43.3293914794922,-8.49879455566406,"Unknown"
"6227756",371834,2025-07-13 15:55:08,43.329460144043,-8.49909114837646,"Unknown"
"6227756",371834,2025-07-13 17:55:16,43.329948425293,-8.49934005737305,"Unknown"
"6227756",371834,2025-07-13 19:55:35,43.3295021057129,-8.49896144866943,"Unknown"
"6227756",371834,2025-07-13 21:55:07,43.3295288085938,-8.4990234375,"Unknown"
"6227756",371834,2025-07-13 23:55:20,43.3218231201172,-8.49670505523682,"Unknown"
"6227756",371834,2025-07-14 01:56:05,43.3293418884277,-8.49906921386719,"Unknown"
"6227756",371834,2025-07-14 03:55:31,43.3294868469238,-8.49895858764648,"Unknown"
"6227756",371834,2025-07-14 05:55:35,43.3295211791992,-8.49896812438965,"Unknown"
"6227756",371834,2025-07-14 07:55:10,43.3294792175293,-8.49895000457764,"Unknown"
"6227756",371834,2025-07-14 09:55:35,43.329532623291,-8.49892711639404,"Unknown"
"6227756",371834,2025-07-14 11:55:09,43.3292274475098,-8.49904823303223,"Unknown"
"6227756",371834,2025-07-14 13:55:35,43.3294906616211,-8.49896430969238,"Unknown"
"6227756",371834,2025-07-14 15:55:17,43.3295936584473,-8.49924087524414,"Unknown"
"6227756",371834,2025-07-14 17:55:35,43.3294715881348,-8.49901866912842,"Unknown"
"6227756",371834,2025-07-14 19:55:07,43.3294258117676,-8.49892902374268,"Unknown"
"6227756",371834,2025-07-14 21:55:35,43.3294868469238,-8.49895763397217,"Unknown"
"6227756",371834,2025-07-14 23:55:35,43.3294982910156,-8.49897384643555,"Unknown"
"6227756",371834,2025-07-15 01:55:09,43.3296394348145,-8.49904346466064,"Unknown"
"6227756",371834,2025-07-15 03:55:36,43.3294486999512,-8.49899578094482,"Unknown"
"6227756",371834,2025-07-15 05:55:34,43.3295249938965,-8.4989709854126,"Unknown"
"6227756",371834,2025-07-15 07:55:35,43.3295135498047,-8.49903392791748,"Unknown"
"6227756",371834,2025-07-15 09:55:35,43.3295211791992,-8.49901485443115,"Unknown"
"6227756",371834,2025-07-15 11:55:08,43.3292694091797,-8.49906539916992,"Unknown"
"6227756",371834,2025-07-15 13:55:35,43.3294944763184,-8.49890899658203,"Unknown"
"6227756",371834,2025-07-15 15:55:19,43.3296051025391,-8.49925708770752,"Unknown"
"6227756",371834,2025-07-15 17:55:35,43.3294639587402,-8.49903774261475,"Unknown"
"6227756",371834,2025-07-15 19:55:18,43.3295364379883,-8.49905776977539,"Unknown"
"6227756",371834,2025-07-15 21:55:36,43.3294639587402,-8.49925422668457,"Unknown"
"6227756",371834,2025-07-15 23:55:16,43.3295745849609,-8.49891185760498,"Unknown"
"6227756",371834,2025-07-16 01:55:36,43.3294982910156,-8.49896240234375,"Unknown"
"6227756",371834,2025-07-16 03:55:35,43.3294525146484,-8.49901103973389,"Unknown"
"6227756",371834,2025-07-16 05:55:35,43.3295249938965,-8.49895668029785,"Unknown"
"6227756",371834,2025-07-16 07:55:36,43.3298492431641,-8.49917697906494,"Unknown"
"6227756",371834,2025-07-16 09:55:35,43.3295249938965,-8.4989595413208,"Unknown"
"6227756",371834,2025-07-16 11:55:35,43.3294677734375,-8.49904632568359,"Unknown"
"6227756",371834,2025-07-16 13:55:09,43.3294486999512,-8.49894714355469,"Unknown"
"6227756",371834,2025-07-16 15:55:35,43.329532623291,-8.49895858764648,"Unknown"
"6227756",371834,2025-07-16 17:55:08,43.3294372558594,-8.49898529052734,"Unknown"
"6227756",371834,2025-07-16 19:55:36,43.3295021057129,-8.49887275695801,"Unknown"
"6227756",371834,2025-07-16 21:55:36,43.3294563293457,-8.49900150299072,"Unknown"
"6227756",371834,2025-07-16 23:55:35,43.3295135498047,-8.49887752532959,"Unknown"
"6227756",371834,2025-07-17 01:55:35,43.3295288085938,-8.49898338317871,"Unknown"
"6227756",371834,2025-07-17 03:55:35,43.329460144043,-8.49895000457764,"Unknown"
"6227756",371834,2025-07-17 05:55:35,43.3295097351074,-8.49895858764648,"Unknown"
"6227756",371834,2025-07-17 07:55:44,43.329517364502,-8.49904823303223,"Unknown"
"6227756",371834,2025-07-17 09:55:35,43.3295097351074,-8.49901008605957,"Unknown"
"6227756",371834,2025-07-17 11:55:35,43.3294792175293,-8.49903964996338,"Unknown"
"6227756",371834,2025-07-17 13:55:12,43.3295249938965,-8.49903011322021,"Unknown"
"6227756",371834,2025-07-17 15:55:35,43.3295402526855,-8.49898147583008,"Unknown"
"6227756",371834,2025-07-17 17:55:08,43.3293380737305,-8.49882698059082,"Unknown"
"6227756",371834,2025-07-17 19:55:36,43.3295555114746,-8.49897193908691,"Unknown"
"6227756",371834,2025-07-17 21:55:35,43.3294715881348,-8.49897956848145,"Unknown"
"6227756",371834,2025-07-17 23:55:35,43.3294906616211,-8.49893188476562,"Unknown"
"6227756",371834,2025-07-18 01:55:35,43.3294792175293,-8.49901485443115,"Unknown"
"6227756",371834,2025-07-18 03:55:35,43.3294525146484,-8.49902057647705,"Unknown"
"6227756",371834,2025-07-18 05:55:35,43.3295021057129,-8.49899673461914,"Unknown"
"6227756",371834,2025-07-18 07:55:18,43.3298034667969,-8.49914073944092,"Unknown"
"6227756",371834,2025-07-18 09:55:36,43.3295097351074,-8.49901008605957,"Unknown"
"6227756",371834,2025-07-18 11:55:35,43.3294944763184,-8.49900245666504,"Unknown"
"6227756",371834,2025-07-18 13:55:20,43.329460144043,-8.49894332885742,"Unknown"
"6227756",371834,2025-07-18 15:55:36,43.329475402832,-8.4989538192749,"Unknown"
"6227756",371834,2025-07-18 17:55:35,43.329532623291,-8.49890804290771,"Unknown"
"6227756",371834,2025-07-18 19:55:35,43.3294792175293,-8.49892807006836,"Unknown"
"6227756",371834,2025-07-18 21:55:20,43.3294143676758,-8.49904727935791,"Unknown"
"6227756",371834,2025-07-18 23:55:37,43.329532623291,-8.49888229370117,"Unknown"
"6227756",371834,2025-07-19 01:55:44,43.3295860290527,-8.49894905090332,"Unknown"
"6227756",371834,2025-07-19 03:55:35,43.3294868469238,-8.49894332885742,"Unknown"
"6227756",371834,2025-07-19 05:55:35,43.3295402526855,-8.49904537200928,"Unknown"
"6227756",371834,2025-07-19 07:55:37,43.3297233581543,-8.499192237854,"Unknown"
"6227756",371834,2025-07-19 09:55:35,43.3295440673828,-8.49898338317871,"Unknown"
"6227756",371834,2025-07-19 11:55:35,43.3294868469238,-8.49898529052734,"Unknown"
"6227756",371834,2025-07-19 13:55:18,43.3294792175293,-8.49894046783447,"Unknown"
"6227756",371834,2025-07-19 15:55:35,43.3295288085938,-8.4989767074585,"Unknown"
"6227756",371834,2025-07-19 17:55:09,43.3293190002441,-8.49875926971436,"Unknown"
"6227756",371834,2025-07-19 19:55:35,43.3295211791992,-8.49898719787598,"Unknown"
"6227756",371834,2025-07-19 21:55:35,43.3294677734375,-8.49893569946289,"Unknown"
"6227756",371834,2025-07-19 23:55:35,43.3295021057129,-8.49892616271973,"Unknown"
"6227756",371834,2025-07-20 01:55:44,43.3295249938965,-8.4989538192749,"Unknown"
"6227756",371834,2025-07-20 03:55:35,43.3294944763184,-8.49895095825195,"Unknown"
"6227756",371834,2025-07-20 05:55:35,43.3295097351074,-8.49899101257324,"Unknown"
"6227756",371834,2025-07-20 07:56:15,43.3294258117676,-8.49901390075684,"Unknown"
"6227756",371834,2025-07-20 09:55:35,43.3295288085938,-8.49899673461914,"Unknown"
"6227756",371834,2025-07-20 11:55:13,43.3293724060059,-8.49900341033936,"Unknown"
"6227756",371834,2025-07-20 13:55:35,43.3294944763184,-8.49900341033936,"Unknown"
"6227756",371834,2025-07-20 15:55:09,43.3295364379883,-8.49899578094482,"Unknown"
"6227756",371834,2025-07-20 17:55:35,43.3294715881348,-8.49902820587158,"Unknown"
"6227756",371834,2025-07-20 19:55:35,43.3294906616211,-8.49896621704102,"Unknown"
"6227756",371834,2025-07-20 21:55:35,43.3294792175293,-8.49901390075684,"Unknown"
"6227756",371834,2025-07-20 23:55:35,43.3295059204102,-8.49895477294922,"Unknown"
"6227756",371834,2025-07-21 01:55:44,43.329460144043,-8.49911022186279,"Unknown"
"6227756",371834,2025-07-21 03:55:35,43.3294982910156,-8.49898147583008,"Unknown"
"6227756",371834,2025-07-21 05:55:35,43.3294677734375,-8.49898719787598,"Unknown"
"6227756",371834,2025-07-21 07:55:44,43.329532623291,-8.49906063079834,"Unknown"
"6227756",371834,2025-07-21 09:55:35,43.3296127319336,-8.49938011169434,"Unknown"
"6227756",371834,2025-07-21 11:55:35,43.329475402832,-8.4990177154541,"Unknown"
"6227756",371834,2025-07-21 13:55:35,43.3294830322266,-8.49896812438965,"Unknown"
"6227756",371834,2025-07-21 15:55:35,43.3295059204102,-8.49901008605957,"Unknown"
"6227756",371834,2025-07-21 17:55:18,43.329517364502,-8.49912548065186,"Unknown"
"6227756",371834,2025-07-21 19:55:35,43.329517364502,-8.4989652633667,"Unknown"
"6227756",371834,2025-07-21 21:55:35,43.3294906616211,-8.49896335601807,"Unknown"
"6227756",371834,2025-07-21 23:55:35,43.3294982910156,-8.49895858764648,"Unknown"
"6227756",371834,2025-07-22 01:55:35,43.3295059204102,-8.49894332885742,"Unknown"
"6227756",371834,2025-07-22 03:55:35,43.3295059204102,-8.49897193908691,"Unknown"
"6227756",371834,2025-07-22 05:55:35,43.3294639587402,-8.49902820587158,"Unknown"
"6227756",371834,2025-07-22 07:56:14,43.3295631408691,-8.4990816116333,"Unknown"
"6227756",371834,2025-07-22 09:55:35,43.3295402526855,-8.49896717071533,"Unknown"
"6227756",371834,2025-07-22 11:55:15,43.329475402832,-8.49892711639404,"Unknown"
"6227756",371834,2025-07-22 13:55:35,43.3295021057129,-8.49899864196777,"Unknown"
"6227756",371834,2025-07-22 15:55:08,43.3295402526855,-8.49903774261475,"Unknown"
"6227756",371834,2025-07-22 17:55:35,43.3294906616211,-8.4990062713623,"Unknown"
"6227756",371834,2025-07-22 19:55:35,43.3294944763184,-8.49897956848145,"Unknown"
"6227756",371834,2025-07-22 21:55:35,43.329475402832,-8.4990234375,"Unknown"
"6227756",371834,2025-07-22 23:55:35,43.3295021057129,-8.49896335601807,"Unknown"
"6227756",371834,2025-07-23 01:55:35,43.3294906616211,-8.49897289276123,"Unknown"
"6227756",371834,2025-07-23 03:55:35,43.3294639587402,-8.49897193908691,"Unknown"
"6227756",371834,2025-07-23 05:55:35,43.3294792175293,-8.49900436401367,"Unknown"
"6227756",371834,2025-07-23 07:56:15,43.3295097351074,-8.49906158447266,"Unknown"
"6227756",371834,2025-07-23 09:55:35,43.3295402526855,-8.49897766113281,"Unknown"
"6227756",371834,2025-07-23 11:55:35,43.3294830322266,-8.49904251098633,"Unknown"
"6227756",371834,2025-07-23 13:55:35,43.3294792175293,-8.49897956848145,"Unknown"
"6227756",371834,2025-07-23 15:55:11,43.3293838500977,-8.49890232086182,"Unknown"
"6227756",371834,2025-07-23 17:55:35,43.3294639587402,-8.4990348815918,"Unknown"
"6227756",371834,2025-07-23 19:55:35,43.3294830322266,-8.49896335601807,"Unknown"
"6227756",371834,2025-07-23 21:55:44,43.3295593261719,-8.49859523773193,"Unknown"
"6227756",371834,2025-07-23 23:55:35,43.3294792175293,-8.49902820587158,"Unknown"
"6227756",371834,2025-07-24 01:55:35,43.3294639587402,-8.49897003173828,"Unknown"
"6227756",371834,2025-07-24 03:55:35,43.3294906616211,-8.49901676177979,"Unknown"
"6227756",371834,2025-07-24 05:55:35,43.3294792175293,-8.49897575378418,"Unknown"
"6227756",371834,2025-07-24 07:55:44,43.3294410705566,-8.49902534484863,"Unknown"
"6227756",371834,2025-07-24 09:55:35,43.3295288085938,-8.49895191192627,"Unknown"
"6227756",371834,2025-07-24 11:55:44,43.3294830322266,-8.49899959564209,"Unknown"
"6227756",371834,2025-07-24 13:55:49,43.3295021057129,-8.49904441833496,"Unknown"
"6227756",371834,2025-07-24 15:55:10,43.3295822143555,-8.4990291595459,"Unknown"
"6227756",371834,2025-07-24 17:55:35,43.3294944763184,-8.49905776977539,"Unknown"
"6227756",371834,2025-07-24 19:55:19,43.3294715881348,-8.4989538192749,"Unknown"
"6227756",371834,2025-07-24 21:55:35,43.3295059204102,-8.49901294708252,"Unknown"
"6227756",371834,2025-07-24 23:55:19,43.3295707702637,-8.49902725219727,"Unknown"
"6227756",371834,2025-07-25 01:55:35,43.3294830322266,-8.4989767074585,"Unknown"
"6227756",371834,2025-07-25 03:55:13,43.3297653198242,-8.49911308288574,"Unknown"
"6227756",371834,2025-07-25 05:55:11,43.3291168212891,-8.4992847442627,"Unknown"
"6227756",371834,2025-07-25 07:55:13,43.3293075561523,-8.49925804138184,"Unknown"
"6227756",371834,2025-07-25 09:55:16,43.3297462463379,-8.49882411956787,"Unknown"
"6227756",371834,2025-07-25 11:55:17,43.3296241760254,-8.49899291992188,"Unknown"
"6227756",371834,2025-07-25 13:55:15,43.3297538757324,-8.49899768829346,"Unknown"
"6227756",371834,2025-07-25 15:55:18,43.3296432495117,-8.49893188476562,"Unknown"
"6227756",371834,2025-07-25 17:55:16,43.3298530578613,-8.49942207336426,"Unknown"
"6227756",371834,2025-07-25 20:02:34,43.3293495178223,-8.49908065795898,"Unknown"
"6227756",371834,2025-07-25 22:03:53,43.3299674987793,-8.4992036819458,"Unknown"
"6227756",371834,2025-07-26 00:45:01,43.329532623291,-8.49895763397217,"Unknown"
"6227756",371834,2025-07-26 02:58:50,43.3296775817871,-8.49929618835449,"Unknown"
"6227756",371834,2025-07-26 07:14:08,43.3299179077148,-8.49904251098633,"Unknown"
"6227756",371834,2025-08-09 08:26:36,43.3295402526855,-8.49901008605957,"Unknown"
"6227756",371834,2025-08-09 10:26:36,43.3294105529785,-8.49900817871094,"Unknown"
"6227756",371834,2025-08-09 12:26:35,43.3294944763184,-8.49899387359619,"Unknown"
"6227756",371834,2025-08-09 14:26:35,43.3294906616211,-8.49900913238525,"Unknown"
"6227756",371834,2025-08-09 14:56:04,43.3295669555664,-8.49908256530762,"Unknown"
"6227756",371834,2025-08-09 15:26:04,43.3294982910156,-8.49910545349121,"Unknown"
"6227756",371834,2025-08-09 15:56:05,43.3295402526855,-8.49920463562012,"Unknown"
"6227756",371834,2025-08-09 16:26:05,43.3294677734375,-8.49928379058838,"Unknown"
"6227756",371834,2025-08-09 16:56:06,43.3295021057129,-8.49925708770752,"Unknown"
"6227756",371834,2025-08-09 17:26:07,43.3295059204102,-8.49909210205078,"Unknown"
"6227756",371834,2025-08-09 17:56:35,43.3294677734375,-8.49898719787598,"Unknown"
"6227756",371834,2025-08-09 18:26:06,43.329532623291,-8.49899482727051,"Unknown"
"6227756",371834,2025-08-09 18:56:05,43.3294143676758,-8.4990119934082,"Unknown"
"6227756",371834,2025-08-09 19:26:04,43.3294906616211,-8.49902057647705,"Unknown"
"6227756",371834,2025-08-09 19:56:04,43.3294296264648,-8.49896621704102,"Unknown"
"6227756",371834,2025-08-09 20:26:20,43.3293762207031,-8.49893283843994,"Unknown"
"6227756",371834,2025-08-09 20:56:15,43.3293113708496,-8.49912452697754,"Unknown"
"6227756",371834,2025-08-09 21:26:35,43.3294677734375,-8.49883651733398,"Unknown"
"6227756",371834,2025-08-09 21:56:07,43.3295669555664,-8.49897480010986,"Unknown"
"6227756",371834,2025-08-09 22:26:06,43.3296356201172,-8.49900054931641,"Unknown"
"6227756",371834,2025-08-09 22:56:06,43.3296928405762,-8.49911499023438,"Unknown"
"6227756",371834,2025-08-09 23:26:35,43.3295059204102,-8.49898815155029,"Unknown"
"6227756",371834,2025-08-09 23:56:04,43.3294334411621,-8.49894046783447,"Unknown"
"6227756",371834,2025-08-10 00:26:07,43.3294219970703,-8.49892616271973,"Unknown"
"6227756",371834,2025-08-10 00:56:11,43.3295249938965,-8.49902725219727,"Unknown"
"6227756",371834,2025-08-10 01:26:08,43.3294410705566,-8.49888038635254,"Unknown"
"6227756",371834,2025-08-10 01:56:08,43.329402923584,-8.4988317489624,"Unknown"
"6227756",371834,2025-08-10 02:26:25,43.3294677734375,-8.49890422821045,"Unknown"
"6227756",371834,2025-08-10 02:56:35,43.3295402526855,-8.49889373779297,"Unknown"
"6227756",371834,2025-08-10 03:26:15,43.3294906616211,-8.49860954284668,"Unknown"
"6227756",371834,2025-08-10 03:56:12,43.3296394348145,-8.49886226654053,"Unknown"
"6227756",371834,2025-08-10 04:26:07,43.329891204834,-8.49933528900146,"Unknown"
"6227756",371834,2025-08-10 04:56:13,43.3297233581543,-8.49896717071533,"Unknown"
"6227756",371834,2025-08-10 05:26:13,43.3292274475098,-8.49885082244873,"Unknown"
"6227756",371834,2025-08-10 05:56:23,43.3284301757812,-8.49819278717041,"Unknown"
"6227756",371834,2025-08-10 06:26:22,43.3292121887207,-8.4990291595459,"Unknown"
"6227756",371834,2025-08-10 06:56:10,43.3294525146484,-8.49876403808594,"Unknown"
"6227756",371834,2025-08-10 07:26:07,43.3296279907227,-8.49868869781494,"Unknown"
"6227756",371834,2025-08-10 07:56:07,43.3294677734375,-8.49869346618652,"Unknown"
"6227756",371834,2025-08-10 08:26:07,43.3297500610352,-8.49872970581055,"Unknown"
"6227756",371834,2025-08-10 08:56:07,43.3297424316406,-8.49890995025635,"Unknown"
"6227756",371834,2025-08-10 09:26:13,43.3294792175293,-8.49888610839844,"Unknown"
"6227756",371834,2025-08-10 09:56:07,43.3308868408203,-8.49835109710693,"Unknown"
"6227756",371834,2025-08-10 10:26:08,43.3295288085938,-8.49906063079834,"Unknown"
"6227756",371834,2025-08-10 10:56:07,43.3296661376953,-8.49898910522461,"Unknown"
"6227756",371834,2025-08-10 11:26:09,43.3297080993652,-8.4989652633667,"Unknown"
"6227756",371834,2025-08-10 11:56:12,43.3297157287598,-8.49902629852295,"Unknown"
"6227756",371834,2025-08-10 12:06:07,43.3296508789062,-8.49906921386719,"Unknown"
"6227756",371834,2025-08-10 12:16:35,43.3295593261719,-8.49907112121582,"Unknown"
"6227756",371834,2025-08-10 12:26:05,43.3294906616211,-8.49903202056885,"Unknown"
"6227756",371834,2025-08-10 12:36:05,43.3295021057129,-8.49905300140381,"Unknown"
"6227756",371834,2025-08-10 12:46:05,43.3294868469238,-8.49902439117432,"Unknown"
"6227756",371834,2025-08-10 12:56:05,43.3295021057129,-8.49905300140381,"Unknown"
"6227756",371834,2025-08-10 13:06:05,43.3295555114746,-8.49900531768799,"Unknown"
"6227756",371834,2025-08-10 13:16:05,43.3295516967773,-8.49904632568359,"Unknown"
"6227756",371834,2025-08-10 13:26:05,43.3295364379883,-8.4990758895874,"Unknown"
"6227756",371834,2025-08-10 13:36:05,43.329517364502,-8.49904155731201,"Unknown"
"6227756",371834,2025-08-10 13:46:05,43.3295593261719,-8.49910926818848,"Unknown"
"6227756",371834,2025-08-10 13:56:05,43.3295631408691,-8.49915981292725,"Unknown"
"6227756",371834,2025-08-10 14:06:05,43.3294639587402,-8.49905586242676,"Unknown"
"6227756",371834,2025-08-10 14:16:05,43.3295783996582,-8.49914169311523,"Unknown"
"6227756",371834,2025-08-10 14:26:05,43.3295974731445,-8.49916362762451,"Unknown"
"6227756",371834,2025-08-10 14:36:05,43.3296165466309,-8.49913787841797,"Unknown"
"6227756",371834,2025-08-10 14:46:05,43.3295745849609,-8.49907779693604,"Unknown"
"6227756",371834,2025-08-10 14:56:05,43.3295822143555,-8.49909210205078,"Unknown"
"6227756",371834,2025-08-10 15:06:06,43.3295783996582,-8.49910259246826,"Unknown"
"6227756",371834,2025-08-10 15:16:05,43.3296089172363,-8.4991569519043,"Unknown"
"6227756",371834,2025-08-10 15:26:06,43.3296012878418,-8.49912929534912,"Unknown"
"6227756",371834,2025-08-10 15:36:07,43.3296699523926,-8.49918270111084,"Unknown"
"6227756",371834,2025-08-10 15:46:06,43.3296585083008,-8.49922561645508,"Unknown"
"6227756",371834,2025-08-10 15:56:06,43.3297958374023,-8.49924373626709,"Unknown"
"6227756",371834,2025-08-10 16:06:06,43.3296737670898,-8.49934387207031,"Unknown"
"6227756",371834,2025-08-10 16:16:06,43.3297843933105,-8.4992504119873,"Unknown"
"6227756",371834,2025-08-10 16:26:06,43.3297653198242,-8.49927234649658,"Unknown"
"6227756",371834,2025-08-10 16:36:06,43.3297958374023,-8.4992094039917,"Unknown"
"6227756",371834,2025-08-10 16:46:06,43.3298721313477,-8.49889373779297,"Unknown"
"6227756",371834,2025-08-10 16:56:06,43.329833984375,-8.49907493591309,"Unknown"
"6227756",371834,2025-08-10 17:06:06,43.3298721313477,-8.49890422821045,"Unknown"
"6227756",371834,2025-08-10 17:16:06,43.3298454284668,-8.49892902374268,"Unknown"
"6227756",371834,2025-08-10 17:26:06,43.3297843933105,-8.49891948699951,"Unknown"
"6227756",371834,2025-08-10 17:36:06,43.3297271728516,-8.49878120422363,"Unknown"
"6227756",371834,2025-08-10 17:46:06,43.3297882080078,-8.49893093109131,"Unknown"
"6227756",371834,2025-08-10 17:56:06,43.329833984375,-8.49900436401367,"Unknown"
"6227756",371834,2025-08-10 18:06:06,43.3299102783203,-8.49910926818848,"Unknown"
"6227756",371834,2025-08-10 18:16:06,43.329906463623,-8.49908065795898,"Unknown"
"6227756",371834,2025-08-10 18:26:07,43.329776763916,-8.49874973297119,"Unknown"
"6227756",371834,2025-08-10 18:36:06,43.3300476074219,-8.49876403808594,"Unknown"
"6227756",371834,2025-08-10 18:46:06,43.3299140930176,-8.49890232086182,"Unknown"
"6227756",371834,2025-08-10 18:56:07,43.3300018310547,-8.49876022338867,"Unknown"
"6227756",371834,2025-08-10 19:06:06,43.3294372558594,-8.49897193908691,"Unknown"
"6227756",371834,2025-08-10 19:16:06,43.329460144043,-8.49891757965088,"Unknown"
"6227756",371834,2025-08-10 19:26:06,43.3295135498047,-8.49888610839844,"Unknown"
"6227756",371834,2025-08-10 19:36:06,43.3294982910156,-8.49884414672852,"Unknown"
"6227756",371834,2025-08-10 19:46:06,43.32958984375,-8.49885940551758,"Unknown"
"6227756",371834,2025-08-10 19:56:06,43.3294868469238,-8.49887084960938,"Unknown"
"6227756",371834,2025-08-10 20:06:05,43.3295555114746,-8.49883079528809,"Unknown"
"6227756",371834,2025-08-10 20:16:06,43.3295364379883,-8.49898433685303,"Unknown"
"6227756",371834,2025-08-10 20:26:06,43.3296432495117,-8.49902725219727,"Unknown"
"6227756",371834,2025-08-10 20:36:06,43.3296012878418,-8.4989767074585,"Unknown"
"6227756",371834,2025-08-10 20:46:06,43.3296546936035,-8.49902439117432,"Unknown"
"6227756",371834,2025-08-10 20:56:07,43.3296928405762,-8.49908924102783,"Unknown"
"6227756",371834,2025-08-10 21:06:07,43.3297386169434,-8.49916934967041,"Unknown"
"6227756",371834,2025-08-10 21:16:07,43.3296890258789,-8.49917697906494,"Unknown"
"6227756",371834,2025-08-10 21:26:08,43.3296012878418,-8.49906158447266,"Unknown"
"6227756",371834,2025-08-10 21:36:08,43.3295669555664,-8.49908828735352,"Unknown"
"6227756",371834,2025-08-10 21:46:10,43.329475402832,-8.49904823303223,"Unknown"
"6227756",371834,2025-08-10 21:56:18,43.3294258117676,-8.4991340637207,"Unknown"
"6227756",371834,2025-08-10 22:06:13,43.3320617675781,-8.49171161651611,"Unknown"
"6227756",371834,2025-08-10 22:16:12,43.3294944763184,-8.49922370910645,"Unknown"
"6227756",371834,2025-08-10 22:26:07,43.3293838500977,-8.49915885925293,"Unknown"
"6227756",371834,2025-08-10 22:36:35,43.3295097351074,-8.49898529052734,"Unknown"
"6227756",371834,2025-08-10 22:46:04,43.3295211791992,-8.49899101257324,"Unknown"
"6227756",371834,2025-08-10 22:56:04,43.329475402832,-8.49895858764648,"Unknown"
"6227756",371834,2025-08-10 23:06:04,43.3294830322266,-8.49899196624756,"Unknown"
"6227756",371834,2025-08-10 23:16:04,43.329517364502,-8.49900245666504,"Unknown"
"6227756",371834,2025-08-10 23:26:04,43.3294448852539,-8.49898242950439,"Unknown"
"6227756",371834,2025-08-10 23:36:05,43.329475402832,-8.49897956848145,"Unknown"
"6227756",371834,2025-08-10 23:46:05,43.3294372558594,-8.49896144866943,"Unknown"
"6227756",371834,2025-08-10 23:56:05,43.329418182373,-8.49889469146729,"Unknown"
"6227756",371834,2025-08-11 00:06:05,43.3294448852539,-8.49896335601807,"Unknown"
"6227756",371834,2025-08-11 00:16:06,43.3294067382812,-8.49888706207275,"Unknown"
"6227756",371834,2025-08-11 00:26:11,43.3295478820801,-8.49912643432617,"Unknown"
"6227756",371834,2025-08-11 00:36:19,43.3302459716797,-8.49965476989746,"Unknown"
"6227756",371834,2025-08-11 00:46:19,43.3296661376953,-8.49914455413818,"Unknown"
"6227756",371834,2025-08-11 00:56:18,43.3295860290527,-8.49918556213379,"Unknown"
"6227756",371834,2025-08-11 01:06:18,43.3297500610352,-8.49976825714111,"Unknown"
"6227756",371834,2025-08-11 01:16:18,43.3295745849609,-8.49936866760254,"Unknown"
"6227756",371834,2025-08-11 01:26:09,43.3295440673828,-8.49913883209229,"Unknown"
"6227756",371834,2025-08-11 01:36:09,43.3295593261719,-8.49923133850098,"Unknown"
"6227756",371834,2025-08-11 01:46:07,43.3294982910156,-8.49906635284424,"Unknown"
"6227756",371834,2025-08-11 01:56:07,43.3295211791992,-8.49897003173828,"Unknown"
"6227756",371834,2025-08-11 02:06:09,43.3294448852539,-8.49892234802246,"Unknown"
"6227756",371834,2025-08-11 02:16:16,43.3294296264648,-8.49896240234375,"Unknown"
"6227756",371834,2025-08-11 02:26:08,43.3285102844238,-8.50119781494141,"Unknown"
"6227756",371834,2025-08-11 02:36:33,43.327564239502,-8.49965381622314,"Unknown"
"6227756",371834,2025-08-11 02:46:04,43.3295097351074,-8.49892807006836,"Unknown"
"6227756",371834,2025-08-11 02:56:04,43.3295288085938,-8.4989767074585,"Unknown"
"6227756",371834,2025-08-11 03:06:06,43.3295631408691,-8.49903678894043,"Unknown"
"6227756",371834,2025-08-11 03:16:04,43.329532623291,-8.49913120269775,"Unknown"
"6227756",371834,2025-08-11 03:26:05,43.329532623291,-8.49907779693604,"Unknown"
"6227756",371834,2025-08-11 03:36:10,43.3295478820801,-8.49899482727051,"Unknown"
"6227756",371834,2025-08-11 03:46:05,43.3295936584473,-8.49776840209961,"Unknown"
"6227756",371834,2025-08-11 03:56:06,43.3295936584473,-8.49764060974121,"Unknown"
"6227756",371834,2025-08-11 04:06:06,43.3295211791992,-8.49750137329102,"Unknown"
"6227756",371834,2025-08-11 04:16:06,43.3295097351074,-8.49748039245605,"Unknown"
"6227756",371834,2025-08-11 04:26:06,43.329460144043,-8.4975528717041,"Unknown"
"6227756",371834,2025-08-11 04:36:13,43.3297920227051,-8.49956035614014,"Unknown"
"6227756",371834,2025-08-11 04:46:07,43.3298492431641,-8.49989128112793,"Unknown"
"6227756",371834,2025-08-11 04:56:07,43.3299026489258,-8.50019264221191,"Unknown"
"6227756",371834,2025-08-11 05:06:10,43.3296394348145,-8.49993419647217,"Unknown"
"6227756",371834,2025-08-11 05:16:35,43.3294906616211,-8.49904537200928,"Unknown"
"6227756",371834,2025-08-11 05:26:04,43.3294258117676,-8.49901008605957,"Unknown"
"6227756",371834,2025-08-11 05:36:06,43.3293991088867,-8.49902153015137,"Unknown"
"6227756",371834,2025-08-11 05:46:05,43.329418182373,-8.49907970428467,"Unknown"
"6227756",371834,2025-08-11 05:56:07,43.3294486999512,-8.49899959564209,"Unknown"
"6227756",371834,2025-08-11 06:06:05,43.3295440673828,-8.49916839599609,"Unknown"
"6227756",371834,2025-08-11 06:16:06,43.3294639587402,-8.49912071228027,"Unknown"
"6227756",371834,2025-08-11 06:26:12,43.3295059204102,-8.49907112121582,"Unknown"
"6227756",371834,2025-08-11 06:36:05,43.3294792175293,-8.49924659729004,"Unknown"
"6227756",371834,2025-08-11 06:46:05,43.3294639587402,-8.49922847747803,"Unknown"
"6227756",371834,2025-08-11 06:56:05,43.3294830322266,-8.49905586242676,"Unknown"
"6227756",371834,2025-08-11 07:06:05,43.3294448852539,-8.49910068511963,"Unknown"
"6227756",371834,2025-08-11 07:16:05,43.3294296264648,-8.49919033050537,"Unknown"
"6227756",371834,2025-08-11 07:26:05,43.3294448852539,-8.49900722503662,"Unknown"
"6227756",371834,2025-08-11 07:36:05,43.3294677734375,-8.49874687194824,"Unknown"
"6227756",371834,2025-08-11 07:46:05,43.329475402832,-8.49875736236572,"Unknown"
"6227756",371834,2025-08-11 07:56:07,43.3296241760254,-8.49927806854248,"Unknown"
"6227756",371834,2025-08-11 08:06:13,43.3294296264648,-8.4992151260376,"Unknown"
"6227756",371834,2025-08-11 08:16:12,43.3293685913086,-8.49910449981689,"Unknown"
"6227756",371834,2025-08-11 08:26:20,43.3293495178223,-8.4990291595459,"Unknown"
"6227756",371834,2025-08-11 08:36:14,43.3294296264648,-8.49911117553711,"Unknown"
"6227756",371834,2025-08-11 08:46:35,43.3294219970703,-8.49899482727051,"Unknown"
"6227756",371834,2025-08-11 08:56:05,43.3295555114746,-8.49905014038086,"Unknown"
"6227756",371834,2025-08-11 09:06:06,43.3298988342285,-8.49941062927246,"Unknown"
"6227756",371834,2025-08-11 09:16:05,43.3298606872559,-8.49947643280029,"Unknown"
"6227756",371834,2025-08-11 09:26:05,43.3290481567383,-8.49917697906494,"Unknown"
"6227756",371834,2025-08-11 09:36:05,43.3287239074707,-8.49899101257324,"Unknown"
"6227756",371834,2025-08-11 09:46:05,43.328971862793,-8.49916744232178,"Unknown"
"6227756",371834,2025-08-11 09:56:05,43.3290634155273,-8.49912548065186,"Unknown"
"6227756",371834,2025-08-11 10:06:06,43.3292427062988,-8.49891471862793,"Unknown"
"6227756",371834,2025-08-11 10:16:05,43.3293113708496,-8.49886417388916,"Unknown"
"6227756",371834,2025-08-11 10:26:05,43.3293533325195,-8.49882316589355,"Unknown"
"6227756",371834,2025-08-11 10:36:05,43.3293724060059,-8.49887180328369,"Unknown"
"6227756",371834,2025-08-11 10:46:05,43.3293151855469,-8.49883937835693,"Unknown"
"6227756",371834,2025-08-11 10:56:05,43.3296012878418,-8.4992036819458,"Unknown"
"6227756",371834,2025-08-11 11:06:05,43.3294677734375,-8.49896812438965,"Unknown"
"6227756",371834,2025-08-11 11:16:05,43.3294982910156,-8.49904727935791,"Unknown"
"6227756",371834,2025-08-11 11:26:05,43.3295669555664,-8.49912071228027,"Unknown"
"6227756",371834,2025-08-11 11:36:05,43.3296127319336,-8.49916553497314,"Unknown"
"6227756",371834,2025-08-11 11:46:05,43.3296089172363,-8.4991569519043,"Unknown"
"6227756",371834,2025-08-11 11:56:05,43.3297157287598,-8.49928092956543,"Unknown"
"6227756",371834,2025-08-11 12:06:05,43.3291702270508,-8.49883365631104,"Unknown"
"6227756",371834,2025-08-11 12:16:06,43.3292388916016,-8.49899768829346,"Unknown"
"6227756",371834,2025-08-11 12:26:06,43.3292541503906,-8.49898433685303,"Unknown"
"6227756",371834,2025-08-11 12:36:06,43.3293304443359,-8.49914932250977,"Unknown"
"6227756",371834,2025-08-11 12:46:06,43.3293609619141,-8.49914073944092,"Unknown"
"6227756",371834,2025-08-11 12:56:06,43.3292808532715,-8.49914264678955,"Unknown"
"6227756",371834,2025-08-11 13:06:16,43.3298568725586,-8.49813175201416,"Unknown"
"6227756",371834,2025-08-11 13:16:35,43.3295021057129,-8.49901008605957,"Unknown"
"6227756",371834,2025-08-11 13:26:04,43.3294944763184,-8.49899578094482,"Unknown"
"6227756",371834,2025-08-11 13:36:04,43.3294868469238,-8.49895477294922,"Unknown"
"6227756",371834,2025-08-11 13:46:05,43.329475402832,-8.49899864196777,"Unknown"
"6227756",371834,2025-08-11 13:56:05,43.3294792175293,-8.49898624420166,"Unknown"
"6227756",371834,2025-08-11 14:06:05,43.3294639587402,-8.49897384643555,"Unknown"
"6227756",371834,2025-08-11 14:16:05,43.3294639587402,-8.49899578094482,"Unknown"
"6227756",371834,2025-08-11 14:26:05,43.3294830322266,-8.49902057647705,"Unknown"
"6227756",371834,2025-08-11 14:36:05,43.3294830322266,-8.4990062713623,"Unknown"
"6227756",371834,2025-08-11 14:46:12,43.3294563293457,-8.49897480010986,"Unknown"
"6227756",371834,2025-08-11 14:56:12,43.3295211791992,-8.49905681610107,"Unknown"
"6227756",371834,2025-08-11 15:06:35,43.3294868469238,-8.4990119934082,"Unknown"
"6227756",371834,2025-08-11 15:16:04,43.3295631408691,-8.49911594390869,"Unknown"
"6227756",371834,2025-08-11 15:26:04,43.3295936584473,-8.49925231933594,"Unknown"
"6227756",371834,2025-08-11 15:36:06,43.3295745849609,-8.49916553497314,"Unknown"
"6227756",371834,2025-08-11 15:46:06,43.3295402526855,-8.49922657012939,"Unknown"
"6227756",371834,2025-08-11 15:56:06,43.3295440673828,-8.49921321868896,"Unknown"
"6227756",371834,2025-08-11 16:06:08,43.3295097351074,-8.49922847747803,"Unknown"
"6227756",371834,2025-08-11 16:16:06,43.3295669555664,-8.49923992156982,"Unknown"
"6227756",371834,2025-08-11 16:26:06,43.3295364379883,-8.49927139282227,"Unknown"
"6227756",371834,2025-08-11 16:36:06,43.3295478820801,-8.49925899505615,"Unknown"
"6227756",371834,2025-08-11 16:46:06,43.3296127319336,-8.4992618560791,"Unknown"
"6227756",371834,2025-08-11 16:56:06,43.3293113708496,-8.49890422821045,"Unknown"
"6227756",371834,2025-08-11 17:06:06,43.3295402526855,-8.49935913085938,"Unknown"
"6227756",371834,2025-08-11 17:16:06,43.3295745849609,-8.49936008453369,"Unknown"
"6227756",371834,2025-08-11 17:26:06,43.3292617797852,-8.49902057647705,"Unknown"
"6227756",371834,2025-08-11 17:36:06,43.3290824890137,-8.49875354766846,"Unknown"
"6227756",371834,2025-08-11 17:46:06,43.3290328979492,-8.49871921539307,"Unknown"
"6227756",371834,2025-08-11 17:56:06,43.3293075561523,-8.49860572814941,"Unknown"
"6227756",371834,2025-08-11 18:06:07,43.3291931152344,-8.49861335754395,"Unknown"
"6227756",371834,2025-08-11 18:16:07,43.3290138244629,-8.49866962432861,"Unknown"
"6227756",371834,2025-08-11 18:26:13,43.3293151855469,-8.49874973297119,"Unknown"
"6227756",371834,2025-08-11 18:36:06,43.3298072814941,-8.49820995330811,"Unknown"
"6227756",371834,2025-08-11 18:46:06,43.3302612304688,-8.49758815765381,"Unknown"
"6227756",371834,2025-08-11 18:56:07,43.3304634094238,-8.49819755554199,"Unknown"
"6227756",371834,2025-08-11 19:06:07,43.3303756713867,-8.49836158752441,"Unknown"
"6227756",371834,2025-08-11 19:16:07,43.3300819396973,-8.4983959197998,"Unknown"
"6227756",371834,2025-08-11 19:26:06,43.3299522399902,-8.49847888946533,"Unknown"
"6227756",371834,2025-08-11 19:36:06,43.3298492431641,-8.49854373931885,"Unknown"
"6227756",371834,2025-08-11 19:46:06,43.329776763916,-8.49858856201172,"Unknown"
"6227756",371834,2025-08-11 19:56:07,43.3296852111816,-8.4985523223877,"Unknown"
"6227756",371834,2025-08-11 20:06:07,43.3296241760254,-8.49857711791992,"Unknown"
"6227756",371834,2025-08-11 20:16:12,43.3295555114746,-8.49872016906738,"Unknown"
"6227756",371834,2025-08-11 20:26:08,43.3297271728516,-8.49894142150879,"Unknown"
"6227756",371834,2025-08-11 20:36:23,43.3293800354004,-8.49862384796143,"Unknown"
"6227756",371834,2025-08-11 20:46:31,43.329719543457,-8.49900150299072,"Unknown"
"6227756",371834,2025-08-11 20:56:05,43.3295211791992,-8.49902820587158,"Unknown"
"6227756",371834,2025-08-11 21:06:05,43.32958984375,-8.49906158447266,"Unknown"
"6227756",371834,2025-08-11 21:16:06,43.3295211791992,-8.49899005889893,"Unknown"
"6227756",371834,2025-08-11 21:26:06,43.3296127319336,-8.49910545349121,"Unknown"
"6227756",371834,2025-08-11 21:36:12,43.3294715881348,-8.49899101257324,"Unknown"
"6227756",371834,2025-08-11 21:46:06,43.3295555114746,-8.49875354766846,"Unknown"
"6227756",371834,2025-08-11 21:56:07,43.3297691345215,-8.49887657165527,"Unknown"
"6227756",371834,2025-08-11 22:06:07,43.3298034667969,-8.49908351898193,"Unknown"
"6227756",371834,2025-08-11 22:16:06,43.3297462463379,-8.49884128570557,"Unknown"
"6227756",371834,2025-08-11 22:26:05,43.3297424316406,-8.49910545349121,"Unknown"
"6227756",371834,2025-08-11 22:36:05,43.3296775817871,-8.49908638000488,"Unknown"
"6227756",371834,2025-08-11 22:46:06,43.3298377990723,-8.49929332733154,"Unknown"
"6227756",371834,2025-08-11 22:56:07,43.3298835754395,-8.4993257522583,"Unknown"
"6227756",371834,2025-08-11 23:06:09,43.3296318054199,-8.49909114837646,"Unknown"
"6227756",371834,2025-08-11 23:16:07,43.3296699523926,-8.49909687042236,"Unknown"
"6227756",371834,2025-08-11 23:26:07,43.3285675048828,-8.49814701080322,"Unknown"
"6227756",371834,2025-08-11 23:36:08,43.3296432495117,-8.49908828735352,"Unknown"
"6227756",371834,2025-08-11 23:46:09,43.329647064209,-8.49911880493164,"Unknown"
"6227756",371834,2025-08-11 23:56:05,43.3294525146484,-8.49893856048584,"Unknown"
"6227756",371834,2025-08-12 00:06:07,43.3288154602051,-8.49843215942383,"Unknown"
"6227756",371834,2025-08-12 00:16:07,43.3290557861328,-8.49858951568604,"Unknown"
"6227756",371834,2025-08-12 00:26:10,43.3296089172363,-8.49910449981689,"Unknown"
"6227756",371834,2025-08-12 00:36:38,43.3295021057129,-8.49902153015137,"Unknown"
"6227756",371834,2025-08-12 00:46:10,43.3294715881348,-8.49899673461914,"Unknown"
"6227756",371834,2025-08-12 00:56:09,43.3300895690918,-8.50061511993408,"Unknown"
"6227756",371834,2025-08-12 01:06:07,43.3298530578613,-8.50005722045898,"Unknown"
"6227756",371834,2025-08-12 01:16:06,43.3297538757324,-8.4997730255127,"Unknown"
"6227756",371834,2025-08-12 01:26:07,43.3296775817871,-8.49956226348877,"Unknown"
"6227756",371834,2025-08-12 01:36:07,43.3297157287598,-8.49958610534668,"Unknown"
"6227756",371834,2025-08-12 01:46:07,43.3296775817871,-8.49953937530518,"Unknown"
"6227756",371834,2025-08-12 01:56:07,43.3296051025391,-8.4993953704834,"Unknown"
"6227756",371834,2025-08-12 02:06:07,43.3296089172363,-8.49938774108887,"Unknown"
"6227756",371834,2025-08-12 02:16:07,43.3295936584473,-8.49931716918945,"Unknown"
"6227756",371834,2025-08-12 02:26:07,43.329662322998,-8.49939155578613,"Unknown"
"6227756",371834,2025-08-12 02:36:06,43.3296203613281,-8.49928569793701,"Unknown"
"6227756",371834,2025-08-12 02:46:09,43.3296508789062,-8.499267578125,"Unknown"
"6227756",371834,2025-08-12 02:56:07,43.3296127319336,-8.49908638000488,"Unknown"
"6227756",371834,2025-08-12 03:06:06,43.3296661376953,-8.49924373626709,"Unknown"
"6227756",371834,2025-08-12 03:16:07,43.3300476074219,-8.49920082092285,"Unknown"
"6227756",371834,2025-08-12 03:26:10,43.3295745849609,-8.49923324584961,"Unknown"
"6227756",371834,2025-08-12 03:36:07,43.3299369812012,-8.4992036819458,"Unknown"
"6227756",371834,2025-08-12 03:46:07,43.3299255371094,-8.49921417236328,"Unknown"
"6227756",371834,2025-08-12 03:56:07,43.3298530578613,-8.49922943115234,"Unknown"
"6227756",371834,2025-08-12 04:06:07,43.3297500610352,-8.49930953979492,"Unknown"
"6227756",371834,2025-08-12 04:16:06,43.3297462463379,-8.49928379058838,"Unknown"
"6227756",371834,2025-08-12 04:26:07,43.3295745849609,-8.49916648864746,"Unknown"
"6227756",371834,2025-08-12 04:36:07,43.3294906616211,-8.49939441680908,"Unknown"
"6227756",371834,2025-08-12 04:46:08,43.3292388916016,-8.49867725372314,"Unknown"
"6227756",371834,2025-08-12 04:56:07,43.3295822143555,-8.49930953979492,"Unknown"
"6227756",371834,2025-08-12 05:06:07,43.3296051025391,-8.49909687042236,"Unknown"
"6227756",371834,2025-08-12 05:16:08,43.3295097351074,-8.49906253814697,"Unknown"
"6227756",371834,2025-08-12 05:26:08,43.3295516967773,-8.49921131134033,"Unknown"
"6227756",371834,2025-08-12 05:36:07,43.3296203613281,-8.49912643432617,"Unknown"
"6227756",371834,2025-08-12 05:46:09,43.329402923584,-8.49882125854492,"Unknown"
"6227756",371834,2025-08-12 05:56:07,43.3298416137695,-8.49934387207031,"Unknown"
"6227756",371834,2025-08-12 06:06:07,43.3298263549805,-8.49917888641357,"Unknown"
"6227756",371834,2025-08-12 06:16:07,43.3299598693848,-8.49939918518066,"Unknown"
"6227756",371834,2025-08-12 06:26:07,43.3299255371094,-8.49940586090088,"Unknown"
"6227756",371834,2025-08-12 06:36:07,43.3299026489258,-8.49942207336426,"Unknown"
"6227756",371834,2025-08-12 06:46:07,43.3298950195312,-8.49935913085938,"Unknown"
"6227756",371834,2025-08-12 06:56:07,43.3298225402832,-8.49881839752197,"Unknown"
"6227756",371834,2025-08-12 07:06:07,43.3296890258789,-8.49887847900391,"Unknown"
"6227756",371834,2025-08-12 07:16:07,43.3297080993652,-8.49892902374268,"Unknown"
"6227756",371834,2025-08-12 07:26:07,43.3297119140625,-8.4987964630127,"Unknown"
"6227756",371834,2025-08-12 07:36:07,43.3296279907227,-8.49872493743896,"Unknown"
"6227756",371834,2025-08-12 07:46:07,43.3296661376953,-8.49860668182373,"Unknown"
"6227756",371834,2025-08-12 07:56:07,43.3296966552734,-8.49873638153076,"Unknown"
"6227756",371834,2025-08-12 08:06:07,43.3296585083008,-8.49869251251221,"Unknown"
"6227756",371834,2025-08-12 08:16:07,43.3296508789062,-8.49877166748047,"Unknown"
"6227756",371834,2025-08-12 08:26:06,43.3296546936035,-8.49882698059082,"Unknown"
"6227756",371834,2025-08-12 08:36:07,43.3296546936035,-8.49892139434814,"Unknown"
"6227756",371834,2025-08-12 08:46:07,43.3297271728516,-8.49899387359619,"Unknown"
"6227756",371834,2025-08-12 08:56:07,43.3298263549805,-8.49910545349121,"Unknown"
"6227756",371834,2025-08-12 09:06:07,43.3297119140625,-8.49909687042236,"Unknown"
"6227756",371834,2025-08-12 09:16:07,43.3296966552734,-8.49904441833496,"Unknown"
"6227756",371834,2025-08-12 09:26:07,43.3290863037109,-8.49909210205078,"Unknown"
"6227756",371834,2025-08-12 09:36:08,43.3292922973633,-8.49904251098633,"Unknown"
"6227756",371834,2025-08-12 09:46:07,43.3292198181152,-8.49912738800049,"Unknown"
"6227756",371834,2025-08-12 09:56:07,43.3294296264648,-8.49872398376465,"Unknown"
"6227756",371834,2025-08-12 10:06:07,43.3294982910156,-8.49879360198975,"Unknown"
"6227756",371834,2025-08-12 10:16:07,43.3294906616211,-8.49883651733398,"Unknown"
"6227756",371834,2025-08-12 10:26:07,43.3295440673828,-8.4988317489624,"Unknown"
"6227756",371834,2025-08-12 10:36:07,43.3295555114746,-8.49887943267822,"Unknown"
"6227756",371834,2025-08-12 10:46:06,43.3295707702637,-8.49897956848145,"Unknown"
"6227756",371834,2025-08-12 10:56:07,43.3296012878418,-8.49894046783447,"Unknown"
"6227756",371834,2025-08-12 11:06:07,43.3296775817871,-8.49901485443115,"Unknown"
"6227756",371834,2025-08-12 11:16:07,43.3297233581543,-8.49909210205078,"Unknown"
"6227756",371834,2025-08-12 11:26:06,43.3297462463379,-8.4991626739502,"Unknown"
"6227756",371834,2025-08-12 11:36:35,43.3295669555664,-8.4990291595459,"Unknown"
"6227756",371834,2025-08-12 11:46:05,43.3294639587402,-8.4990291595459,"Unknown"
"6227756",371834,2025-08-12 11:56:05,43.3294715881348,-8.49900531768799,"Unknown"
"6227756",371834,2025-08-12 12:06:05,43.3294906616211,-8.49904441833496,"Unknown"
"6227756",371834,2025-08-12 12:16:06,43.329475402832,-8.49898624420166,"Unknown"
"6227756",371834,2025-08-12 12:26:06,43.3295249938965,-8.49906730651855,"Unknown"
"6227756",371834,2025-08-12 12:36:06,43.3295021057129,-8.4990701675415,"Unknown"
"6227756",371834,2025-08-12 12:46:06,43.3295593261719,-8.49911880493164,"Unknown"
"6227756",371834,2025-08-12 12:56:06,43.3295745849609,-8.49914264678955,"Unknown"
"6227756",371834,2025-08-12 13:06:06,43.3295021057129,-8.49918651580811,"Unknown"
"6227756",371834,2025-08-12 13:16:06,43.3295440673828,-8.49914455413818,"Unknown"
"6227756",371834,2025-08-12 13:26:06,43.3295783996582,-8.4991283416748,"Unknown"
"6227756",371834,2025-08-12 13:36:06,43.3295288085938,-8.49911022186279,"Unknown"
"6227756",371834,2025-08-12 13:46:06,43.3295135498047,-8.49906539916992,"Unknown"
"6227756",371834,2025-08-12 13:56:06,43.3295745849609,-8.49911785125732,"Unknown"
"6227756",371834,2025-08-12 14:06:06,43.3296279907227,-8.49921321868896,"Unknown"
"6227756",371834,2025-08-12 14:16:06,43.3297004699707,-8.49919700622559,"Unknown"
"6227756",371834,2025-08-12 14:26:06,43.3296966552734,-8.49918079376221,"Unknown"
"6227756",371834,2025-08-12 14:36:06,43.3297080993652,-8.49919700622559,"Unknown"
"6227756",371834,2025-08-12 14:46:06,43.329704284668,-8.49916934967041,"Unknown"
"6227756",371834,2025-08-12 14:56:07,43.3296775817871,-8.49910354614258,"Unknown"
"6227756",371834,2025-08-12 15:06:07,43.3297348022461,-8.49916934967041,"Unknown"
"6227756",371834,2025-08-12 15:16:07,43.3297462463379,-8.49915409088135,"Unknown"
"6227756",371834,2025-08-12 15:26:08,43.3297653198242,-8.49915504455566,"Unknown"
"6227756",371834,2025-08-12 15:36:07,43.329833984375,-8.49930191040039,"Unknown"
"6227756",371834,2025-08-12 15:46:08,43.3299331665039,-8.49925327301025,"Unknown"
"6227756",371834,2025-08-12 15:56:35,43.3298034667969,-8.49905014038086,"Unknown"
"6227756",371834,2025-08-12 16:06:05,43.3294563293457,-8.4990873336792,"Unknown"
"6227756",371834,2025-08-12 16:16:06,43.329460144043,-8.49907302856445,"Unknown"
"6227756",371834,2025-08-12 16:26:06,43.3295288085938,-8.49905586242676,"Unknown"
"6227756",371834,2025-08-12 16:36:06,43.3295059204102,-8.49903583526611,"Unknown"
"6227756",371834,2025-08-12 16:46:06,43.3295059204102,-8.49905300140381,"Unknown"
"6227756",371834,2025-08-12 16:56:06,43.3294906616211,-8.4990816116333,"Unknown"
"6227756",371834,2025-08-12 17:06:06,43.3294143676758,-8.49913024902344,"Unknown"
"6227756",371834,2025-08-12 17:16:06,43.3293533325195,-8.49902248382568,"Unknown"
"6227756",371834,2025-08-12 17:26:06,43.3292617797852,-8.49893951416016,"Unknown"
"6227756",371834,2025-08-12 17:36:06,43.3293266296387,-8.49881839752197,"Unknown"
"6227756",371834,2025-08-12 17:46:06,43.328914642334,-8.49880886077881,"Unknown"
"6227756",371834,2025-08-12 17:56:06,43.3286437988281,-8.49818515777588,"Unknown"
"6227756",371834,2025-08-12 18:06:06,43.3284797668457,-8.49767112731934,"Unknown"
"6227756",371834,2025-08-12 18:16:06,43.3292579650879,-8.49865245819092,"Unknown"
"6227756",371834,2025-08-12 18:26:06,43.329662322998,-8.49841022491455,"Unknown"
"6227756",371834,2025-08-12 18:36:07,43.3306617736816,-8.49783611297607,"Unknown"
"6227756",371834,2025-08-12 18:46:08,43.3300399780273,-8.49830341339111,"Unknown"
"6227756",371834,2025-08-12 18:56:07,43.3294715881348,-8.49841690063477,"Unknown"
"6227756",371834,2025-08-12 19:06:06,43.329345703125,-8.49848175048828,"Unknown"
"6227756",371834,2025-08-12 19:16:06,43.3293037414551,-8.49860668182373,"Unknown"
"6227756",371834,2025-08-12 19:26:06,43.329273223877,-8.49863719940186,"Unknown"
"6227756",371834,2025-08-12 19:36:07,43.3292579650879,-8.49860858917236,"Unknown"
"6227756",371834,2025-08-12 19:46:07,43.3293151855469,-8.49868583679199,"Unknown"
"6227756",371834,2025-08-12 19:56:06,43.3293609619141,-8.49874019622803,"Unknown"
"6227756",371834,2025-08-12 20:06:07,43.3293113708496,-8.49880027770996,"Unknown"
"6227756",371834,2025-08-12 20:16:07,43.329288482666,-8.49885272979736,"Unknown"
"6227756",371834,2025-08-12 20:26:07,43.3292770385742,-8.49883651733398,"Unknown"
"6227756",371834,2025-08-12 20:36:07,43.3292198181152,-8.49879550933838,"Unknown"
"6227756",371834,2025-08-12 20:46:08,43.328483581543,-8.49847888946533,"Unknown"
"6227756",371834,2025-08-12 20:56:18,43.3294677734375,-8.49898242950439,"Unknown"
"6227756",371834,2025-08-12 21:06:08,43.329948425293,-8.49935436248779,"Unknown"
"6227756",371834,2025-08-12 21:16:08,43.3300285339355,-8.49947547912598,"Unknown"
"6227756",371834,2025-08-12 21:26:08,43.3300285339355,-8.49949169158936,"Unknown"
"6227756",371834,2025-08-12 21:36:11,43.3298606872559,-8.49957847595215,"Unknown"
"6227756",371834,2025-08-12 21:46:17,43.3295707702637,-8.49896430969238,"Unknown"
"6227756",371834,2025-08-12 21:56:10,43.3294792175293,-8.49870491027832,"Unknown"
"6227756",371834,2025-08-12 22:06:08,43.3295059204102,-8.49859428405762,"Unknown"
"6227756",371834,2025-08-12 22:16:07,43.3295059204102,-8.49858379364014,"Unknown"
"6227756",371834,2025-08-12 22:26:07,43.3294448852539,-8.49872970581055,"Unknown"
"6227756",371834,2025-08-12 22:36:07,43.3294410705566,-8.49872493743896,"Unknown"
"6227756",371834,2025-08-12 22:46:08,43.3294219970703,-8.49882507324219,"Unknown"
"6227756",371834,2025-08-12 22:56:07,43.329345703125,-8.49895763397217,"Unknown"
"6227756",371834,2025-08-12 23:06:07,43.3291091918945,-8.49893856048584,"Unknown"
"6227756",371834,2025-08-12 23:16:08,43.3291435241699,-8.49893474578857,"Unknown"
"6227756",371834,2025-08-12 23:26:07,43.3290100097656,-8.49879932403564,"Unknown"
"6227756",371834,2025-08-12 23:36:07,43.3290710449219,-8.49880886077881,"Unknown"
"6227756",371834,2025-08-12 23:46:07,43.3291931152344,-8.49880027770996,"Unknown"
"6227756",371834,2025-08-12 23:56:07,43.3292465209961,-8.49882793426514,"Unknown"
"6227756",371834,2025-08-13 00:06:07,43.3293800354004,-8.49897575378418,"Unknown"
"6227756",371834,2025-08-13 00:16:08,43.3296966552734,-8.49924850463867,"Unknown"
"6227756",371834,2025-08-13 00:26:11,43.3296775817871,-8.49922466278076,"Unknown"
"6227756",371834,2025-08-13 00:36:35,43.3295860290527,-8.4990234375,"Unknown"
"6227756",371834,2025-08-13 00:46:09,43.3295707702637,-8.49919319152832,"Unknown"
"6227756",371834,2025-08-13 00:56:11,43.3294677734375,-8.49896717071533,"Unknown"
"6227756",371834,2025-08-13 01:06:10,43.3294639587402,-8.49896240234375,"Unknown"
"6227756",371834,2025-08-13 01:16:07,43.3294448852539,-8.49890327453613,"Unknown"
"6227756",371834,2025-08-13 01:26:11,43.3297653198242,-8.49977874755859,"Unknown"
"6227756",371834,2025-08-13 01:36:08,43.3294067382812,-8.49887275695801,"Unknown"
"6227756",371834,2025-08-13 01:46:08,43.3294792175293,-8.49908447265625,"Unknown"
"6227756",371834,2025-08-13 01:56:10,43.3293647766113,-8.49884128570557,"Unknown"
"6227756",371834,2025-08-13 02:06:08,43.329532623291,-8.49917411804199,"Unknown"
"6227756",371834,2025-08-13 02:16:08,43.3293762207031,-8.49883365631104,"Unknown"
"6227756",371834,2025-08-13 02:26:07,43.3296699523926,-8.49927234649658,"Unknown"
"6227756",371834,2025-08-13 02:36:10,43.3299179077148,-8.49982929229736,"Unknown"
"6227756",371834,2025-08-13 02:46:09,43.3297348022461,-8.49950885772705,"Unknown"
"6227756",371834,2025-08-13 02:56:10,43.3297080993652,-8.49950408935547,"Unknown"
"6227756",371834,2025-08-13 03:06:10,43.3296699523926,-8.49944686889648,"Unknown"
"6227756",371834,2025-08-13 03:16:13,43.3306541442871,-8.49926090240479,"Unknown"
"6227756",371834,2025-08-13 03:26:25,43.3291893005371,-8.49898242950439,"Unknown"
"6227756",371834,2025-08-13 03:36:09,43.330322265625,-8.49922275543213,"Unknown"
"6227756",371834,2025-08-13 03:46:09,43.3304862976074,-8.49935436248779,"Unknown"
"6227756",371834,2025-08-13 03:56:09,43.3303718566895,-8.49934387207031,"Unknown"
"6227756",371834,2025-08-13 04:06:11,43.3302192687988,-8.4993839263916,"Unknown"
"6227756",371834,2025-08-13 04:16:09,43.3300628662109,-8.49881172180176,"Unknown"
"6227756",371834,2025-08-13 04:26:10,43.3300437927246,-8.49885940551758,"Unknown"
"6227756",371834,2025-08-13 04:36:10,43.3301124572754,-8.49958992004395,"Unknown"
"6227756",371834,2025-08-13 04:46:35,43.3295631408691,-8.49901580810547,"Unknown"
"6227756",371834,2025-08-13 04:56:06,43.3295783996582,-8.49936962127686,"Unknown"
"6227756",371834,2025-08-13 05:06:06,43.329460144043,-8.49906444549561,"Unknown"
"6227756",371834,2025-08-13 05:16:06,43.329418182373,-8.49910545349121,"Unknown"
"6227756",371834,2025-08-13 05:26:06,43.3293800354004,-8.49894237518311,"Unknown"
"6227756",371834,2025-08-13 05:36:06,43.329345703125,-8.49882316589355,"Unknown"
"6227756",371834,2025-08-13 05:46:07,43.3293685913086,-8.49858283996582,"Unknown"
"6227756",371834,2025-08-13 05:56:06,43.3290710449219,-8.49753570556641,"Unknown"
"6227756",371834,2025-08-13 06:06:10,43.3299713134766,-8.49893856048584,"Unknown"
"6227756",371834,2025-08-13 06:16:06,43.3302917480469,-8.49912548065186,"Unknown"
"6227756",371834,2025-08-13 06:26:06,43.3302726745605,-8.49908542633057,"Unknown"
"6227756",371834,2025-08-13 06:36:06,43.3303527832031,-8.49868869781494,"Unknown"
"6227756",371834,2025-08-13 06:46:06,43.3304290771484,-8.49820041656494,"Unknown"
"6227756",371834,2025-08-13 06:56:06,43.3303909301758,-8.4982213973999,"Unknown"
"6227756",371834,2025-08-13 07:06:06,43.330249786377,-8.4984302520752,"Unknown"
"6227756",371834,2025-08-13 07:16:06,43.3302192687988,-8.49842834472656,"Unknown"
"6227756",371834,2025-08-13 07:26:06,43.3302421569824,-8.49822521209717,"Unknown"
"6227756",371834,2025-08-13 07:36:07,43.3298645019531,-8.49850845336914,"Unknown"
"6227756",371834,2025-08-13 07:46:07,43.3296737670898,-8.49842929840088,"Unknown"
"6227756",371834,2025-08-13 07:56:07,43.3293991088867,-8.49823570251465,"Unknown"
"6227756",371834,2025-08-13 08:06:16,43.3295593261719,-8.49847412109375,"Unknown"
"6227756",371834,2025-08-13 08:16:34,43.3295631408691,-8.49880313873291,"Unknown"
"6227756",371834,2025-08-13 08:26:05,43.3295478820801,-8.49902534484863,"Unknown"
"6227756",371834,2025-08-13 08:36:05,43.3295593261719,-8.4990816116333,"Unknown"
"6227756",371834,2025-08-13 08:46:06,43.3295745849609,-8.49904441833496,"Unknown"
"6227756",371834,2025-08-13 08:56:06,43.3295364379883,-8.49906635284424,"Unknown"
"6227756",371834,2025-08-13 09:06:06,43.3296241760254,-8.49908351898193,"Unknown"
"6227756",371834,2025-08-13 09:16:06,43.3297157287598,-8.49910926818848,"Unknown"
"6227756",371834,2025-08-13 09:26:07,43.3293190002441,-8.49901962280273,"Unknown"
"6227756",371834,2025-08-13 09:36:06,43.3293991088867,-8.49905872344971,"Unknown"
"6227756",371834,2025-08-13 09:46:07,43.3294448852539,-8.49899959564209,"Unknown"
"6227756",371834,2025-08-13 09:56:06,43.329475402832,-8.49900913238525,"Unknown"
"6227756",371834,2025-08-13 10:06:06,43.3294296264648,-8.49897384643555,"Unknown"
"6227756",371834,2025-08-13 10:16:06,43.329402923584,-8.49900913238525,"Unknown"
"6227756",371834,2025-08-13 10:26:06,43.3295059204102,-8.49899291992188,"Unknown"
"6227756",371834,2025-08-13 10:36:06,43.3294906616211,-8.49905395507812,"Unknown"
"6227756",371834,2025-08-13 10:46:06,43.329517364502,-8.49905681610107,"Unknown"
"6227756",371834,2025-08-13 10:56:06,43.3295097351074,-8.49904632568359,"Unknown"
"6227756",371834,2025-08-13 11:06:06,43.329475402832,-8.49905300140381,"Unknown"
"6227756",371834,2025-08-13 11:16:06,43.3294563293457,-8.4990234375,"Unknown"
"6227756",371834,2025-08-13 11:26:06,43.3294906616211,-8.49907779693604,"Unknown"
"6227756",371834,2025-08-13 11:36:06,43.329517364502,-8.49906539916992,"Unknown"
"6227756",371834,2025-08-13 11:46:06,43.3296165466309,-8.4991397857666,"Unknown"
"6227756",371834,2025-08-13 11:56:07,43.3295860290527,-8.49915599822998,"Unknown"
"6227756",371834,2025-08-13 12:06:07,43.3296165466309,-8.49914455413818,"Unknown"
"6227756",371834,2025-08-13 12:16:07,43.3296318054199,-8.49914836883545,"Unknown"
"6227756",371834,2025-08-13 12:26:07,43.3296661376953,-8.49916362762451,"Unknown"
"6227756",371834,2025-08-13 12:36:07,43.3295402526855,-8.49904441833496,"Unknown"
"6227756",371834,2025-08-13 12:46:07,43.329719543457,-8.49871635437012,"Unknown"
"6227756",371834,2025-08-13 12:56:07,43.3295974731445,-8.49887084960938,"Unknown"
"6227756",371834,2025-08-13 13:06:07,43.3299255371094,-8.49848365783691,"Unknown"
"6227756",371834,2025-08-13 13:16:07,43.3296737670898,-8.49886608123779,"Unknown"
"6227756",371834,2025-08-13 13:26:07,43.3296585083008,-8.4989185333252,"Unknown"
"6227756",371834,2025-08-13 13:36:07,43.3296546936035,-8.49905872344971,"Unknown"
"6227756",371834,2025-08-13 13:46:07,43.32958984375,-8.49906444549561,"Unknown"
"6227756",371834,2025-08-13 13:56:08,43.3296585083008,-8.49909591674805,"Unknown"
"6227756",371834,2025-08-13 14:06:15,43.3295440673828,-8.49901390075684,"Unknown"
"6227756",371834,2025-08-13 14:16:07,43.3297233581543,-8.49918174743652,"Unknown"
"6227756",371834,2025-08-13 14:26:16,43.3296508789062,-8.49913597106934,"Unknown"
"6227756",371834,2025-08-13 14:36:18,43.3296203613281,-8.49914169311523,"Unknown"
"6227756",371834,2025-08-13 14:46:18,43.3296394348145,-8.49928951263428,"Unknown"
"6227756",371834,2025-08-13 14:56:18,43.3296890258789,-8.49922180175781,"Unknown"
"6227756",371834,2025-08-13 15:06:18,43.3297653198242,-8.49931621551514,"Unknown"
"6227756",371834,2025-08-13 15:16:18,43.3298034667969,-8.49935913085938,"Unknown"
"6227756",371834,2025-08-13 15:26:07,43.3297386169434,-8.49940586090088,"Unknown"
"6227756",371834,2025-08-13 15:36:09,43.3297309875488,-8.49933052062988,"Unknown"
"6227756",371834,2025-08-13 15:46:08,43.3296928405762,-8.49939727783203,"Unknown"
"6227756",371834,2025-08-13 15:56:18,43.3297958374023,-8.49929237365723,"Unknown"
"6227756",371834,2025-08-13 16:06:18,43.3297538757324,-8.49930191040039,"Unknown"
"6227756",371834,2025-08-13 16:16:18,43.3298034667969,-8.49928665161133,"Unknown"
"6227756",371834,2025-08-13 16:26:18,43.3298568725586,-8.49923038482666,"Unknown"
"6227756",371834,2025-08-13 16:36:31,43.3297653198242,-8.4992094039917,"Unknown"
"6227756",371834,2025-08-13 16:46:08,43.3285636901855,-8.49958324432373,"Unknown"
"6227756",371834,2025-08-13 16:56:08,43.3295555114746,-8.49915218353271,"Unknown"
"6227756",371834,2025-08-13 17:06:13,43.3297882080078,-8.4991340637207,"Unknown"
"6227756",371834,2025-08-13 17:16:11,43.3299827575684,-8.49913311004639,"Unknown"
"6227756",371834,2025-08-13 17:26:10,43.329891204834,-8.49908447265625,"Unknown"
"6227756",371834,2025-08-13 17:36:11,43.3298759460449,-8.49910068511963,"Unknown"
"6227756",371834,2025-08-13 17:46:10,43.3296928405762,-8.49894523620605,"Unknown"
"6227756",371834,2025-08-13 17:56:12,43.329517364502,-8.49866390228271,"Unknown"
"6227756",371834,2025-08-13 18:06:35,43.3296546936035,-8.49892139434814,"Unknown"
"6227756",371834,2025-08-13 18:16:05,43.3295059204102,-8.498948097229,"Unknown"
"6227756",371834,2025-08-13 18:26:05,43.3294525146484,-8.49897384643555,"Unknown"
"6227756",371834,2025-08-13 18:36:05,43.3293952941895,-8.49900245666504,"Unknown"
"6227756",371834,2025-08-13 18:46:05,43.3294067382812,-8.49900817871094,"Unknown"
"6227756",371834,2025-08-13 18:56:06,43.3294792175293,-8.49900436401367,"Unknown"
"6227756",371834,2025-08-13 19:06:06,43.3294792175293,-8.49895763397217,"Unknown"
"6227756",371834,2025-08-13 19:16:06,43.329460144043,-8.49899578094482,"Unknown"
"6227756",371834,2025-08-13 19:26:06,43.3294525146484,-8.49903011322021,"Unknown"
"6227756",371834,2025-08-13 19:36:06,43.3294525146484,-8.49901676177979,"Unknown"
"6227756",371834,2025-08-13 19:46:06,43.329402923584,-8.49897480010986,"Unknown"
"6227756",371834,2025-08-13 19:56:06,43.3293609619141,-8.4989538192749,"Unknown"
"6227756",371834,2025-08-13 20:06:06,43.3294830322266,-8.49895668029785,"Unknown"
"6227756",371834,2025-08-13 20:16:07,43.3293685913086,-8.49898338317871,"Unknown"
"6227756",371834,2025-08-13 20:26:10,43.3299865722656,-8.4996395111084,"Unknown"
"6227756",371834,2025-08-13 20:36:11,43.3295669555664,-8.49920177459717,"Unknown"
"6227756",371834,2025-08-13 20:46:19,43.329662322998,-8.49951839447021,"Unknown"
"6227756",371834,2025-08-13 20:56:18,43.3298988342285,-8.49960136413574,"Unknown"
"6227756",371834,2025-08-13 21:06:17,43.3297462463379,-8.49941349029541,"Unknown"
"6227756",371834,2025-08-13 21:16:35,43.3294792175293,-8.49911880493164,"Unknown"
"6227756",371834,2025-08-13 21:26:06,43.3295593261719,-8.49910736083984,"Unknown"
"6227756",371834,2025-08-13 21:36:07,43.3295440673828,-8.4991397857666,"Unknown"
"6227756",371834,2025-08-13 21:46:07,43.3295478820801,-8.49911975860596,"Unknown"
"6227756",371834,2025-08-13 21:56:07,43.3293991088867,-8.49882793426514,"Unknown"
"6227756",371834,2025-08-13 22:06:06,43.3293762207031,-8.49899291992188,"Unknown"
"6227756",371834,2025-08-13 22:16:06,43.3293495178223,-8.49898529052734,"Unknown"
"6227756",371834,2025-08-13 22:26:06,43.3295631408691,-8.49921226501465,"Unknown"
"6227756",371834,2025-08-13 22:36:06,43.3293037414551,-8.49886894226074,"Unknown"
"6227756",371834,2025-08-13 22:46:06,43.329288482666,-8.49886798858643,"Unknown"
"6227756",371834,2025-08-13 22:56:06,43.329418182373,-8.49890613555908,"Unknown"
"6227756",371834,2025-08-13 23:06:06,43.3294448852539,-8.49893760681152,"Unknown"
"6227756",371834,2025-08-13 23:16:06,43.329460144043,-8.49893569946289,"Unknown"
"6227756",371834,2025-08-13 23:26:06,43.3294486999512,-8.4989185333252,"Unknown"
"6227756",371834,2025-08-13 23:36:06,43.3294639587402,-8.498948097229,"Unknown"
"6227756",371834,2025-08-13 23:46:06,43.329475402832,-8.4989538192749,"Unknown"
"6227756",371834,2025-08-13 23:56:06,43.3295249938965,-8.49899291992188,"Unknown"
"6227756",371834,2025-08-14 00:06:06,43.329662322998,-8.49908828735352,"Unknown"
"6227756",371834,2025-08-14 00:16:08,43.3300666809082,-8.49943923950195,"Unknown"
"6227756",371834,2025-08-14 00:26:23,43.3298110961914,-8.49911403656006,"Unknown"
"6227756",371834,2025-08-14 00:36:06,43.3296813964844,-8.49921035766602,"Unknown"
"6227756",371834,2025-08-14 00:46:07,43.3296585083008,-8.49916744232178,"Unknown"
"6227756",371834,2025-08-14 00:56:08,43.3295745849609,-8.49906826019287,"Unknown"
"6227756",371834,2025-08-14 01:06:08,43.3295364379883,-8.49906539916992,"Unknown"
"6227756",371834,2025-08-14 01:16:08,43.3297424316406,-8.49928665161133,"Unknown"
"6227756",371834,2025-08-14 01:26:07,43.3294334411621,-8.49892139434814,"Unknown"
"6227756",371834,2025-08-14 01:36:08,43.3295135498047,-8.49949932098389,"Unknown"
"6227756",371834,2025-08-14 01:46:12,43.3293190002441,-8.49886989593506,"Unknown"
"6227756",371834,2025-08-14 01:56:12,43.3298454284668,-8.4991626739502,"Unknown"
"6227756",371834,2025-08-14 02:06:08,43.3292388916016,-8.49889850616455,"Unknown"
"6227756",371834,2025-08-14 02:16:13,43.3295440673828,-8.49899005889893,"Unknown"
"6227756",371834,2025-08-14 02:26:15,43.3292808532715,-8.49868392944336,"Unknown"
"6227756",371834,2025-08-14 02:36:16,43.3295555114746,-8.49892234802246,"Unknown"
"6227756",371834,2025-08-14 02:46:15,43.3295745849609,-8.49891185760498,"Unknown"
"6227756",371834,2025-08-14 02:56:17,43.3296089172363,-8.49903202056885,"Unknown"
"6227756",371834,2025-08-14 03:06:13,43.3298759460449,-8.49918460845947,"Unknown"
"6227756",371834,2025-08-14 03:16:31,43.3297309875488,-8.49896812438965,"Unknown"
"6227756",371834,2025-08-14 03:26:06,43.3294982910156,-8.49894714355469,"Unknown"
"6227756",371834,2025-08-14 03:36:05,43.329662322998,-8.49900913238525,"Unknown"
"6227756",371834,2025-08-14 03:46:05,43.3296203613281,-8.49904155731201,"Unknown"
"6227756",371834,2025-08-14 03:56:06,43.3294715881348,-8.49901103973389,"Unknown"
"6227756",371834,2025-08-14 04:06:06,43.3296318054199,-8.49910831451416,"Unknown"
"6227756",371834,2025-08-14 04:16:06,43.3296852111816,-8.49912929534912,"Unknown"
"6227756",371834,2025-08-14 04:26:06,43.3296356201172,-8.4991340637207,"Unknown"
"6227756",371834,2025-08-14 04:36:06,43.3295974731445,-8.49917697906494,"Unknown"
"6227756",371834,2025-08-14 04:46:06,43.3296203613281,-8.49915790557861,"Unknown"
"6227756",371834,2025-08-14 04:56:06,43.3296089172363,-8.49922561645508,"Unknown"
"6227756",371834,2025-08-14 05:06:08,43.3296394348145,-8.49914169311523,"Unknown"
"6227756",371834,2025-08-14 05:16:07,43.3295783996582,-8.49914836883545,"Unknown"
"6227756",371834,2025-08-14 05:26:07,43.3294830322266,-8.49916172027588,"Unknown"
"6227756",371834,2025-08-14 05:36:35,43.329475402832,-8.49901294708252,"Unknown"
"6227756",371834,2025-08-14 05:46:08,43.3294944763184,-8.49897956848145,"Unknown"
"6227756",371834,2025-08-14 05:56:07,43.3295059204102,-8.49909591674805,"Unknown"
"6227756",371834,2025-08-14 06:06:11,43.3295021057129,-8.49900817871094,"Unknown"
"6227756",371834,2025-08-14 06:16:07,43.3294868469238,-8.49906539916992,"Unknown"
"6227756",371834,2025-08-14 06:26:07,43.3294525146484,-8.49900150299072,"Unknown"
"6227756",371834,2025-08-14 06:36:06,43.3294334411621,-8.49902439117432,"Unknown"
"6227756",371834,2025-08-14 06:46:06,43.3294372558594,-8.49890613555908,"Unknown"
"6227756",371834,2025-08-14 06:56:07,43.3294868469238,-8.49882984161377,"Unknown"
"6227756",371834,2025-08-14 07:06:07,43.3294830322266,-8.4988317489624,"Unknown"
"6227756",371834,2025-08-14 07:16:07,43.3294715881348,-8.49884605407715,"Unknown"
"6227756",371834,2025-08-14 07:26:06,43.3294868469238,-8.49880409240723,"Unknown"
"6227756",371834,2025-08-14 07:36:06,43.3295631408691,-8.4987268447876,"Unknown"
"6227756",371834,2025-08-14 07:46:09,43.3295707702637,-8.49876594543457,"Unknown"
"6227756",371834,2025-08-14 07:56:35,43.3295249938965,-8.4989070892334,"Unknown"
"6227756",371834,2025-08-14 08:06:06,43.3294906616211,-8.4989595413208,"Unknown"
"6227756",371834,2025-08-14 08:16:05,43.3294944763184,-8.49897956848145,"Unknown"
"6227756",371834,2025-08-14 08:26:05,43.3294982910156,-8.49902820587158,"Unknown"
"6227756",371834,2025-08-14 08:36:05,43.3294258117676,-8.49892520904541,"Unknown"
"6227756",371834,2025-08-14 08:46:05,43.3292961120605,-8.49886035919189,"Unknown"
"6227756",371834,2025-08-14 08:56:07,43.3294105529785,-8.49890422821045,"Unknown"
"6227756",371834,2025-08-14 09:06:07,43.3294715881348,-8.49894714355469,"Unknown"
"6227756",371834,2025-08-14 09:16:07,43.3293266296387,-8.49898719787598,"Unknown"
"6227756",371834,2025-08-14 09:26:09,43.3292808532715,-8.49899578094482,"Unknown"
"6227756",371834,2025-08-14 09:36:18,43.329273223877,-8.49902820587158,"Unknown"
"6227756",371834,2025-08-14 09:46:16,43.3295669555664,-8.49896240234375,"Unknown"
"6227756",371834,2025-08-14 09:56:06,43.3294410705566,-8.49894714355469,"Unknown"
"6227756",371834,2025-08-14 10:06:06,43.3294372558594,-8.49901103973389,"Unknown"
"6227756",371834,2025-08-14 10:16:07,43.3294677734375,-8.49903583526611,"Unknown"
"6227756",371834,2025-08-14 10:26:07,43.3294944763184,-8.49912166595459,"Unknown"
"6227756",371834,2025-08-14 10:36:08,43.329475402832,-8.49905872344971,"Unknown"
"6227756",371834,2025-08-14 10:46:08,43.3295097351074,-8.49909496307373,"Unknown"
"6227756",371834,2025-08-14 10:56:08,43.32958984375,-8.49921226501465,"Unknown"
"6227756",371834,2025-08-14 11:06:07,43.329532623291,-8.49918460845947,"Unknown"
"6227756",371834,2025-08-14 11:16:09,43.3295478820801,-8.49918842315674,"Unknown"
"6227756",371834,2025-08-14 11:26:12,43.3295097351074,-8.49913215637207,"Unknown"
"6227756",371834,2025-08-14 11:36:21,43.3294448852539,-8.49909210205078,"Unknown"
"6227756",371834,2025-08-14 11:46:35,43.329475402832,-8.49897480010986,"Unknown"
"6227756",371834,2025-08-14 11:56:05,43.3294219970703,-8.49889183044434,"Unknown"
"6227756",371834,2025-08-14 12:06:06,43.3294906616211,-8.49905204772949,"Unknown"
"6227756",371834,2025-08-14 12:16:06,43.3295249938965,-8.49904251098633,"Unknown"
"6227756",371834,2025-08-14 12:26:06,43.3295059204102,-8.49905586242676,"Unknown"
"6227756",371834,2025-08-14 12:36:06,43.3294982910156,-8.49901676177979,"Unknown"
"6227756",371834,2025-08-14 12:46:06,43.3295097351074,-8.49901294708252,"Unknown"
"6227756",371834,2025-08-14 12:56:06,43.3295211791992,-8.49894523620605,"Unknown"
"6227756",371834,2025-08-14 13:06:06,43.3294944763184,-8.49903774261475,"Unknown"
"6227756",371834,2025-08-14 13:16:06,43.3294982910156,-8.49899578094482,"Unknown"
"6227756",371834,2025-08-14 13:26:06,43.3294906616211,-8.49908638000488,"Unknown"
"6227756",371834,2025-08-14 13:36:06,43.3294868469238,-8.49908447265625,"Unknown"
"6227756",371834,2025-08-14 13:46:06,43.3294410705566,-8.49908447265625,"Unknown"
"6227756",371834,2025-08-14 13:56:07,43.3294258117676,-8.49910640716553,"Unknown"
"6227756",371834,2025-08-14 14:06:07,43.3294448852539,-8.49911212921143,"Unknown"
"6227756",371834,2025-08-14 14:16:24,43.3294830322266,-8.49901866912842,"Unknown"
"6227756",371834,2025-08-14 14:26:11,43.3294906616211,-8.49910163879395,"Unknown"
"6227756",371834,2025-08-14 14:36:19,43.3291053771973,-8.49856472015381,"Unknown"
"6227756",371834,2025-08-14 14:46:35,43.3295097351074,-8.49898815155029,"Unknown"
"6227756",371834,2025-08-14 14:56:05,43.3294792175293,-8.49903011322021,"Unknown"
"6227756",371834,2025-08-14 15:06:05,43.3295288085938,-8.4990701675415,"Unknown"
"6227756",371834,2025-08-14 15:16:06,43.3295936584473,-8.49923896789551,"Unknown"
"6227756",371834,2025-08-14 15:26:06,43.3295440673828,-8.49925804138184,"Unknown"
"6227756",371834,2025-08-14 15:36:06,43.3295097351074,-8.49948787689209,"Unknown"
"6227756",371834,2025-08-14 15:46:06,43.3294944763184,-8.49948406219482,"Unknown"
"6227756",371834,2025-08-14 15:56:07,43.329402923584,-8.49957847595215,"Unknown"
"6227756",371834,2025-08-14 16:06:07,43.3294143676758,-8.49955272674561,"Unknown"
"6227756",371834,2025-08-14 16:16:07,43.3294868469238,-8.49945068359375,"Unknown"
"6227756",371834,2025-08-14 16:26:07,43.329475402832,-8.49945545196533,"Unknown"
"6227756",371834,2025-08-14 16:36:07,43.3294982910156,-8.49936580657959,"Unknown"
"6227756",371834,2025-08-14 16:46:07,43.3294944763184,-8.49922370910645,"Unknown"
"6227756",371834,2025-08-14 16:56:07,43.3294982910156,-8.49927997589111,"Unknown"
"6227756",371834,2025-08-14 17:06:07,43.3295097351074,-8.49900054931641,"Unknown"
"6227756",371834,2025-08-14 17:16:07,43.329475402832,-8.49892044067383,"Unknown"
"6227756",371834,2025-08-14 17:26:07,43.3292236328125,-8.49843215942383,"Unknown"
"6227756",371834,2025-08-14 17:36:35,43.3294067382812,-8.49877738952637,"Unknown"
"6227756",371834,2025-08-14 17:46:07,43.3295135498047,-8.49894332885742,"Unknown"
"6227756",371834,2025-08-14 17:56:07,43.3294639587402,-8.498948097229,"Unknown"
"6227756",371834,2025-08-14 18:06:09,43.3294486999512,-8.49892616271973,"Unknown"
"6227756",371834,2025-08-14 18:16:07,43.3294143676758,-8.49784469604492,"Unknown"
"6227756",371834,2025-08-14 18:26:07,43.3294334411621,-8.49889183044434,"Unknown"
"6227756",371834,2025-08-14 18:36:07,43.3293533325195,-8.49895000457764,"Unknown"
"6227756",371834,2025-08-14 18:46:07,43.3296966552734,-8.4992094039917,"Unknown"
"6227756",371834,2025-08-14 18:56:07,43.3292274475098,-8.4989538192749,"Unknown"
"6227756",371834,2025-08-14 19:06:07,43.3292999267578,-8.49892044067383,"Unknown"
"6227756",371834,2025-08-14 19:16:07,43.3292770385742,-8.4988431930542,"Unknown"
"6227756",371834,2025-08-14 19:26:07,43.329288482666,-8.49880886077881,"Unknown"
"6227756",371834,2025-08-14 19:36:07,43.3292541503906,-8.49882411956787,"Unknown"
"6227756",371834,2025-08-14 19:46:07,43.3292350769043,-8.49886417388916,"Unknown"
"6227756",371834,2025-08-14 19:56:07,43.3291893005371,-8.49898624420166,"Unknown"
"6227756",371834,2025-08-14 20:06:07,43.3293190002441,-8.49882030487061,"Unknown"
"6227756",371834,2025-08-14 20:16:07,43.3293113708496,-8.49889278411865,"Unknown"
"6227756",371834,2025-08-14 20:26:07,43.3293037414551,-8.49883651733398,"Unknown"
"6227756",371834,2025-08-14 20:36:08,43.3293037414551,-8.49898624420166,"Unknown"
"6227756",371834,2025-08-14 20:46:08,43.3293113708496,-8.49900245666504,"Unknown"
"6227756",371834,2025-08-14 20:56:08,43.3293762207031,-8.49903869628906,"Unknown"
"6227756",371834,2025-08-14 21:06:08,43.3294219970703,-8.49906826019287,"Unknown"
"6227756",371834,2025-08-14 21:16:19,43.3293724060059,-8.49906158447266,"Unknown"
"6227756",371834,2025-08-14 21:26:14,43.3293151855469,-8.49921321868896,"Unknown"
"6227756",371834,2025-08-14 21:36:12,43.3296508789062,-8.49899578094482,"Unknown"
"6227756",371834,2025-08-14 21:46:13,43.3291854858398,-8.49976062774658,"Unknown"
"6227756",371834,2025-08-14 21:56:11,43.3292388916016,-8.49952125549316,"Unknown"
"6227756",371834,2025-08-14 22:06:35,43.329460144043,-8.49903011322021,"Unknown"
"6227756",371834,2025-08-14 22:16:07,43.3295593261719,-8.49899482727051,"Unknown"
"6227756",371834,2025-08-14 22:26:07,43.3292274475098,-8.49893093109131,"Unknown"
"6227756",371834,2025-08-14 22:36:07,43.32958984375,-8.49909114837646,"Unknown"
"6227756",371834,2025-08-14 22:46:07,43.3295822143555,-8.49908256530762,"Unknown"
"6227756",371834,2025-08-14 22:56:07,43.3295211791992,-8.4990062713623,"Unknown"
"6227756",371834,2025-08-14 23:06:08,43.3297996520996,-8.49924278259277,"Unknown"
"6227756",371834,2025-08-14 23:16:19,43.3295097351074,-8.49898910522461,"Unknown"
"6227756",371834,2025-08-14 23:26:09,43.329044342041,-8.4985523223877,"Unknown"
"6227756",371834,2025-08-14 23:36:07,43.3290481567383,-8.49858570098877,"Unknown"
"6227756",371834,2025-08-14 23:46:07,43.3293571472168,-8.49886894226074,"Unknown"
"6227756",371834,2025-08-14 23:56:13,43.3295364379883,-8.49906826019287,"Unknown"
"6227756",371834,2025-08-15 00:06:14,43.3297157287598,-8.49919509887695,"Unknown"
"6227756",371834,2025-08-15 00:16:27,43.3302726745605,-8.49955177307129,"Unknown"
"6227756",371834,2025-08-15 00:26:43,43.3294906616211,-8.49896907806396,"Unknown"
"6227756",371834,2025-08-15 00:36:06,43.3295402526855,-8.49913120269775,"Unknown"
"6227756",371834,2025-08-15 00:46:07,43.3295402526855,-8.49931144714355,"Unknown"
"6227756",371834,2025-08-15 00:56:07,43.329517364502,-8.49924564361572,"Unknown"
"6227756",371834,2025-08-15 01:06:07,43.3295211791992,-8.49937057495117,"Unknown"
"6227756",371834,2025-08-15 01:16:07,43.3294715881348,-8.49920558929443,"Unknown"
"6227756",371834,2025-08-15 01:26:07,43.329532623291,-8.49920082092285,"Unknown"
"6227756",371834,2025-08-15 01:36:07,43.3294563293457,-8.49913883209229,"Unknown"
"6227756",371834,2025-08-15 01:46:07,43.3294334411621,-8.49906921386719,"Unknown"
"6227756",371834,2025-08-15 01:56:07,43.3293190002441,-8.49893951416016,"Unknown"
"6227756",371834,2025-08-15 02:06:07,43.3293228149414,-8.49893283843994,"Unknown"
"6227756",371834,2025-08-15 02:16:07,43.3295478820801,-8.49913597106934,"Unknown"
"6227756",371834,2025-08-15 02:26:07,43.3296012878418,-8.49911880493164,"Unknown"
"6227756",371834,2025-08-15 02:36:07,43.32958984375,-8.49912071228027,"Unknown"
"6227756",371834,2025-08-15 02:46:07,43.3296699523926,-8.49912929534912,"Unknown"
"6227756",371834,2025-08-15 02:56:13,43.3297386169434,-8.49921417236328,"Unknown"
"6227756",371834,2025-08-15 03:06:07,43.3299560546875,-8.49905681610107,"Unknown"
"6227756",371834,2025-08-15 03:16:07,43.3298530578613,-8.49905872344971,"Unknown"
"6227756",371834,2025-08-15 03:26:07,43.3300018310547,-8.499098777771,"Unknown"
"6227756",371834,2025-08-15 03:36:07,43.3299865722656,-8.49909496307373,"Unknown"
"6227756",371834,2025-08-15 03:46:07,43.330020904541,-8.49908351898193,"Unknown"
"6227756",371834,2025-08-15 03:56:07,43.3300132751465,-8.49904155731201,"Unknown"
"6227756",371834,2025-08-15 04:06:07,43.3298530578613,-8.49933433532715,"Unknown"
"6227756",371834,2025-08-15 04:16:08,43.3296699523926,-8.49897003173828,"Unknown"
"6227756",371834,2025-08-15 04:26:08,43.3297348022461,-8.49943256378174,"Unknown"
"6227756",371834,2025-08-15 04:36:09,43.3298072814941,-8.4994068145752,"Unknown"
"6227756",371834,2025-08-15 04:46:09,43.3298492431641,-8.49943256378174,"Unknown"
"6227756",371834,2025-08-15 04:56:08,43.3297882080078,-8.4994010925293,"Unknown"
"6227756",371834,2025-08-15 05:06:10,43.3297500610352,-8.49944686889648,"Unknown"
"6227756",371834,2025-08-15 05:16:09,43.3298873901367,-8.49928188323975,"Unknown"
"6227756",371834,2025-08-15 05:26:08,43.3298454284668,-8.49916076660156,"Unknown"
"6227756",371834,2025-08-15 05:36:13,43.329833984375,-8.4990234375,"Unknown"
"6227756",371834,2025-08-15 05:46:08,43.3288459777832,-8.49916744232178,"Unknown"
"6227756",371834,2025-08-15 05:56:11,43.3280982971191,-8.49923992156982,"Unknown"
"6227756",371834,2025-08-15 06:06:35,43.3298377990723,-8.49904441833496,"Unknown"
"6227756",371834,2025-08-15 06:16:06,43.3294830322266,-8.49902820587158,"Unknown"
"6227756",371834,2025-08-15 06:26:06,43.3294868469238,-8.49901962280273,"Unknown"
"6227756",371834,2025-08-15 06:36:06,43.3294830322266,-8.49900722503662,"Unknown"
"6227756",371834,2025-08-15 06:46:07,43.3295478820801,-8.49906826019287,"Unknown"
"6227756",371834,2025-08-15 06:56:07,43.3295516967773,-8.49898242950439,"Unknown"
"6227756",371834,2025-08-15 07:06:07,43.3295555114746,-8.49900531768799,"Unknown"
"6227756",371834,2025-08-15 07:16:07,43.3295669555664,-8.49905204772949,"Unknown"
"6227756",371834,2025-08-15 07:26:07,43.32958984375,-8.49906349182129,"Unknown"
"6227756",371834,2025-08-15 07:36:08,43.329662322998,-8.49917507171631,"Unknown"
"6227756",371834,2025-08-15 07:46:07,43.3296165466309,-8.49910926818848,"Unknown"
"6227756",371834,2025-08-15 07:56:08,43.3296699523926,-8.49908924102783,"Unknown"
"6227756",371834,2025-08-15 08:06:08,43.3296012878418,-8.49923992156982,"Unknown"
"6227756",371834,2025-08-15 08:16:08,43.3296318054199,-8.49923801422119,"Unknown"
"6227756",371834,2025-08-15 08:26:13,43.3295936584473,-8.49916648864746,"Unknown"
"6227756",371834,2025-08-15 08:36:14,43.3297271728516,-8.49860382080078,"Unknown"
"6227756",371834,2025-08-15 08:46:12,43.3295860290527,-8.49905204772949,"Unknown"
"6227756",371834,2025-08-15 08:56:10,43.32958984375,-8.49872779846191,"Unknown"
"6227756",371834,2025-08-15 09:06:35,43.3294486999512,-8.4989709854126,"Unknown"
"6227756",371834,2025-08-15 09:16:19,43.3295555114746,-8.49892139434814,"Unknown"
"6227756",371834,2025-08-15 09:26:14,43.3293228149414,-8.4990348815918,"Unknown"
"6227756",371834,2025-08-15 09:36:10,43.3291969299316,-8.49905776977539,"Unknown"
"6227756",371834,2025-08-15 09:46:08,43.3293952941895,-8.49900054931641,"Unknown"
"6227756",371834,2025-08-15 09:56:13,43.3293914794922,-8.49902153015137,"Unknown"
"6227756",371834,2025-08-15 10:06:11,43.3294792175293,-8.49897575378418,"Unknown"
"6227756",371834,2025-08-15 10:16:09,43.3294486999512,-8.49896430969238,"Unknown"
"6227756",371834,2025-08-15 10:26:09,43.3295021057129,-8.49926280975342,"Unknown"
"6227756",371834,2025-08-15 10:36:22,43.3295593261719,-8.49907302856445,"Unknown"
"6227756",371834,2025-08-15 10:46:35,43.3294715881348,-8.49900054931641,"Unknown"
"6227756",371834,2025-08-15 10:56:06,43.329460144043,-8.49900150299072,"Unknown"
"6227756",371834,2025-08-15 11:06:06,43.329460144043,-8.49900531768799,"Unknown"
"6227756",371834,2025-08-15 11:16:06,43.329475402832,-8.49896717071533,"Unknown"
"6227756",371834,2025-08-15 11:26:06,43.3294982910156,-8.49904823303223,"Unknown"
"6227756",371834,2025-08-15 11:36:07,43.3294868469238,-8.49905014038086,"Unknown"
"6227756",371834,2025-08-15 11:46:06,43.3294677734375,-8.49904441833496,"Unknown"
"6227756",371834,2025-08-15 11:56:09,43.3294982910156,-8.49901962280273,"Unknown"
"6227756",371834,2025-08-15 12:06:07,43.3295478820801,-8.49905014038086,"Unknown"
"6227756",371834,2025-08-15 12:16:07,43.3294525146484,-8.49895572662354,"Unknown"
"6227756",371834,2025-08-15 12:26:08,43.3295745849609,-8.49907493591309,"Unknown"
"6227756",371834,2025-08-15 12:36:13,43.3294639587402,-8.49896812438965,"Unknown"
"6227756",371834,2025-08-15 12:46:11,43.3294830322266,-8.49903202056885,"Unknown"
"6227756",371834,2025-08-15 12:56:35,43.3294830322266,-8.49902248382568,"Unknown"
"6227756",371834,2025-08-15 13:06:06,43.3294296264648,-8.49904727935791,"Unknown"
"6227756",371834,2025-08-15 13:16:06,43.3294906616211,-8.4990062713623,"Unknown"
"6227756",371834,2025-08-15 13:26:06,43.3294525146484,-8.49902248382568,"Unknown"
"6227756",371834,2025-08-15 13:36:07,43.3293533325195,-8.4989538192749,"Unknown"
"6227756",371834,2025-08-15 13:46:08,43.3292465209961,-8.49879932403564,"Unknown"
"6227756",371834,2025-08-15 13:56:08,43.3291549682617,-8.49863529205322,"Unknown"
"6227756",371834,2025-08-15 14:06:17,43.3294563293457,-8.49903678894043,"Unknown"
"6227756",371834,2025-08-15 14:16:18,43.3293991088867,-8.49898719787598,"Unknown"
"6227756",371834,2025-08-15 14:26:35,43.3294715881348,-8.49909687042236,"Unknown"
"6227756",371834,2025-08-15 14:36:06,43.3295288085938,-8.49899864196777,"Unknown"
"6227756",371834,2025-08-15 14:46:07,43.3294639587402,-8.49901866912842,"Unknown"
"6227756",371834,2025-08-15 14:56:07,43.3295593261719,-8.49911594390869,"Unknown"
"6227756",371834,2025-08-15 15:06:07,43.329647064209,-8.49920654296875,"Unknown"
"6227756",371834,2025-08-15 15:16:08,43.3296241760254,-8.49925422668457,"Unknown"
"6227756",371834,2025-08-15 15:26:08,43.3297233581543,-8.49954795837402,"Unknown"
"6227756",371834,2025-08-15 15:36:11,43.3295822143555,-8.49927711486816,"Unknown"
"6227756",371834,2025-08-15 15:46:11,43.3294372558594,-8.49912166595459,"Unknown"
"6227756",371834,2025-08-15 15:56:11,43.3298492431641,-8.49947071075439,"Unknown"
"6227756",371834,2025-08-15 16:06:11,43.3295249938965,-8.49944019317627,"Unknown"
"6227756",371834,2025-08-15 16:16:09,43.3293724060059,-8.49888229370117,"Unknown"
"6227756",371834,2025-08-15 16:26:09,43.329216003418,-8.49847793579102,"Unknown"
"6227756",371834,2025-08-15 16:36:12,43.3292808532715,-8.49874687194824,"Unknown"
"6227756",371834,2025-08-15 16:46:18,43.3291625976562,-8.49915599822998,"Unknown"
"6227756",371834,2025-08-15 16:56:31,43.3294563293457,-8.49899387359619,"Unknown"
"6227756",371834,2025-08-15 17:06:08,43.3294563293457,-8.49898147583008,"Unknown"
"6227756",371834,2025-08-15 17:16:08,43.3294563293457,-8.49900531768799,"Unknown"
"6227756",371834,2025-08-15 17:26:08,43.3294143676758,-8.49901294708252,"Unknown"
"6227756",371834,2025-08-15 17:36:08,43.3294677734375,-8.49902057647705,"Unknown"
"6227756",371834,2025-08-15 17:46:09,43.3294563293457,-8.49907112121582,"Unknown"
"6227756",371834,2025-08-15 17:56:11,43.3297004699707,-8.49923419952393,"Unknown"
"6227756",371834,2025-08-15 18:06:18,43.3294258117676,-8.49896621704102,"Unknown"
"6227756",371834,2025-08-15 18:16:35,43.3294792175293,-8.49898624420166,"Unknown"
"6227756",371834,2025-08-15 18:26:09,43.3294906616211,-8.498779296875,"Unknown"
"6227756",371834,2025-08-15 18:36:08,43.3294830322266,-8.49877262115479,"Unknown"
"6227756",371834,2025-08-15 18:46:08,43.3295364379883,-8.49923038482666,"Unknown"
"6227756",371834,2025-08-15 18:56:08,43.3295555114746,-8.49935054779053,"Unknown"
"6227756",371834,2025-08-15 19:06:08,43.3295669555664,-8.49897289276123,"Unknown"
"6227756",371834,2025-08-15 19:16:09,43.3295593261719,-8.49918079376221,"Unknown"
"6227756",371834,2025-08-15 19:26:08,43.3295516967773,-8.49909019470215,"Unknown"
"6227756",371834,2025-08-15 19:36:09,43.3296165466309,-8.49902057647705,"Unknown"
"6227756",371834,2025-08-15 19:46:10,43.3296661376953,-8.49901962280273,"Unknown"
"6227756",371834,2025-08-15 19:56:35,43.3294792175293,-8.49899387359619,"Unknown"
"6227756",371834,2025-08-15 20:06:07,43.329460144043,-8.4989595413208,"Unknown"
"6227756",371834,2025-08-15 20:16:08,43.3294525146484,-8.49896621704102,"Unknown"
"6227756",371834,2025-08-15 20:26:08,43.3294448852539,-8.4989538192749,"Unknown"
"6227756",371834,2025-08-15 20:36:08,43.3296546936035,-8.49905204772949,"Unknown"
"6227756",371834,2025-08-15 20:46:08,43.3295593261719,-8.49902153015137,"Unknown"
"6227756",371834,2025-08-15 20:56:09,43.3295631408691,-8.49901390075684,"Unknown"
"6227756",371834,2025-08-15 21:06:08,43.3296051025391,-8.49898433685303,"Unknown"
"6227756",371834,2025-08-15 21:16:10,43.3295555114746,-8.49900531768799,"Unknown"
"6227756",371834,2025-08-15 21:26:08,43.3295097351074,-8.4989595413208,"Unknown"
"6227756",371834,2025-08-15 21:36:10,43.3292694091797,-8.49935150146484,"Unknown"
"6227756",371834,2025-08-15 21:46:16,43.3296661376953,-8.49896335601807,"Unknown"
"6227756",371834,2025-08-15 21:56:35,43.3295402526855,-8.49897003173828,"Unknown"
"6227756",371834,2025-08-15 22:06:07,43.3295135498047,-8.49890327453613,"Unknown"
"6227756",371834,2025-08-15 22:16:07,43.3295249938965,-8.49895286560059,"Unknown"
"6227756",371834,2025-08-15 22:26:07,43.329475402832,-8.49894523620605,"Unknown"
"6227756",371834,2025-08-15 22:36:07,43.3296318054199,-8.49864959716797,"Unknown"
"6227756",371834,2025-08-15 22:46:08,43.3295249938965,-8.4989652633667,"Unknown"
"6227756",371834,2025-08-15 22:56:08,43.3295021057129,-8.49894237518311,"Unknown"
"6227756",371834,2025-08-15 23:06:08,43.3295364379883,-8.49895763397217,"Unknown"
"6227756",371834,2025-08-15 23:16:08,43.3295593261719,-8.49897384643555,"Unknown"
"6227756",371834,2025-08-15 23:26:08,43.3295707702637,-8.49899387359619,"Unknown"
"6227756",371834,2025-08-15 23:36:08,43.3295822143555,-8.49897861480713,"Unknown"
"6227756",371834,2025-08-15 23:46:09,43.3297691345215,-8.49915885925293,"Unknown"
"6227756",371834,2025-08-15 23:56:28,43.3295669555664,-8.49903297424316,"Unknown"
"6227756",371834,2025-08-16 00:06:35,43.3294639587402,-8.49898815155029,"Unknown"
"6227756",371834,2025-08-16 00:16:12,43.3296394348145,-8.49920463562012,"Unknown"
"6227756",371834,2025-08-16 00:26:16,43.3295059204102,-8.49898338317871,"Unknown"
"6227756",371834,2025-08-16 00:36:16,43.329460144043,-8.49895763397217,"Unknown"
"6227756",371834,2025-08-16 00:46:18,43.3294067382812,-8.49893665313721,"Unknown"
"6227756",371834,2025-08-16 00:56:18,43.3294258117676,-8.49892139434814,"Unknown"
"6227756",371834,2025-08-16 01:06:20,43.3294334411621,-8.49897480010986,"Unknown"
"6227756",371834,2025-08-16 01:16:23,43.3293571472168,-8.49897193908691,"Unknown"
"6227756",371834,2025-08-16 01:26:35,43.3293838500977,-8.4990930557251,"Unknown"
"6227756",371834,2025-08-16 01:36:07,43.3293952941895,-8.49907207489014,"Unknown"
"6227756",371834,2025-08-16 01:46:07,43.3293571472168,-8.49902629852295,"Unknown"
"6227756",371834,2025-08-16 01:56:07,43.3294525146484,-8.49895763397217,"Unknown"
"6227756",371834,2025-08-16 02:06:18,43.329460144043,-8.49892044067383,"Unknown"
"6227756",371834,2025-08-16 02:16:18,43.3295249938965,-8.49892234802246,"Unknown"
"6227756",371834,2025-08-16 02:26:18,43.3295211791992,-8.49898338317871,"Unknown"
"6227756",371834,2025-08-16 02:36:18,43.3295249938965,-8.4989538192749,"Unknown"
"6227756",371834,2025-08-16 02:46:18,43.3295288085938,-8.49896621704102,"Unknown"
"6227756",371834,2025-08-16 02:56:18,43.3295555114746,-8.49907398223877,"Unknown"
"6227756",371834,2025-08-16 03:06:13,43.3295402526855,-8.49901485443115,"Unknown"
"6227756",371834,2025-08-16 03:16:15,43.3295516967773,-8.49904632568359,"Unknown"
"6227756",371834,2025-08-16 03:26:18,43.3295249938965,-8.49900436401367,"Unknown"
"6227756",371834,2025-08-16 03:36:27,43.3297080993652,-8.49941825866699,"Unknown"
"6227756",371834,2025-08-16 03:46:29,43.3295593261719,-8.49914836883545,"Unknown"
"6227756",371834,2025-08-16 03:56:20,43.3294715881348,-8.49905586242676,"Unknown"
"6227756",371834,2025-08-16 04:06:35,43.3294677734375,-8.49897766113281,"Unknown"
"6227756",371834,2025-08-16 04:16:07,43.3294410705566,-8.49900436401367,"Unknown"
"6227756",371834,2025-08-16 04:26:07,43.3295135498047,-8.49899864196777,"Unknown"
"6227756",371834,2025-08-16 04:36:07,43.3294715881348,-8.49901962280273,"Unknown"
"6227756",371834,2025-08-16 04:46:07,43.3295021057129,-8.4990177154541,"Unknown"
"6227756",371834,2025-08-16 04:56:07,43.3294830322266,-8.49899959564209,"Unknown"
"6227756",371834,2025-08-16 05:06:07,43.3294258117676,-8.499098777771,"Unknown"
"6227756",371834,2025-08-16 05:16:09,43.3294219970703,-8.49901485443115,"Unknown"
"6227756",371834,2025-08-16 05:26:08,43.3294219970703,-8.49907207489014,"Unknown"
"6227756",371834,2025-08-16 05:36:09,43.3294258117676,-8.49897193908691,"Unknown"
"6227756",371834,2025-08-16 05:46:09,43.3293762207031,-8.49898624420166,"Unknown"
"6227756",371834,2025-08-16 05:56:10,43.3294906616211,-8.4992561340332,"Unknown"
"6227756",371834,2025-08-16 06:06:10,43.3294982910156,-8.49917602539062,"Unknown"
"6227756",371834,2025-08-16 06:16:10,43.329460144043,-8.49924564361572,"Unknown"
"6227756",371834,2025-08-16 06:26:09,43.3295440673828,-8.49875354766846,"Unknown"
"6227756",371834,2025-08-16 06:36:11,43.3294868469238,-8.49900150299072,"Unknown"
"6227756",371834,2025-08-16 06:46:18,43.3294486999512,-8.49926471710205,"Unknown"
"6227756",371834,2025-08-16 06:56:18,43.3293113708496,-8.50053310394287,"Unknown"
"6227756",371834,2025-08-16 07:06:19,43.3294639587402,-8.49931049346924,"Unknown"
"6227756",371834,2025-08-16 07:16:35,43.3294982910156,-8.49902057647705,"Unknown"
"6227756",371834,2025-08-16 07:26:07,43.329532623291,-8.49895286560059,"Unknown"
"6227756",371834,2025-08-16 07:36:07,43.3294677734375,-8.49908256530762,"Unknown"
"6227756",371834,2025-08-16 07:46:08,43.3296089172363,-8.4989652633667,"Unknown"
"6227756",371834,2025-08-16 07:56:07,43.3295021057129,-8.49900436401367,"Unknown"
"6227756",371834,2025-08-16 08:06:07,43.329475402832,-8.49907112121582,"Unknown"
"6227756",371834,2025-08-16 08:16:07,43.3295059204102,-8.49907398223877,"Unknown"
"6227756",371834,2025-08-16 08:26:07,43.3295059204102,-8.49909973144531,"Unknown"
"6227756",371834,2025-08-16 08:36:07,43.3294677734375,-8.49886989593506,"Unknown"
"6227756",371834,2025-08-16 08:46:18,43.3294334411621,-8.49891757965088,"Unknown"
"6227756",371834,2025-08-16 08:56:12,43.3295364379883,-8.49900531768799,"Unknown"
"6227756",371834,2025-08-16 09:06:44,43.3295097351074,-8.49880981445312,"Unknown"
"6227756",371834,2025-08-16 09:16:07,43.3293228149414,-8.49884414672852,"Unknown"
"6227756",371834,2025-08-16 09:26:07,43.3295021057129,-8.49893951416016,"Unknown"
"6227756",371834,2025-08-16 09:36:08,43.3294143676758,-8.49896812438965,"Unknown"
"6227756",371834,2025-08-16 09:46:35,43.3294486999512,-8.4990062713623,"Unknown"
"6227756",371834,2025-08-16 09:56:07,43.3293952941895,-8.49903678894043,"Unknown"
"6227756",371834,2025-08-16 10:06:07,43.3294296264648,-8.49909687042236,"Unknown"
"6227756",371834,2025-08-16 10:16:08,43.3294830322266,-8.49869346618652,"Unknown"
"6227756",371834,2025-08-16 10:26:07,43.3294830322266,-8.49897289276123,"Unknown"
"6227756",371834,2025-08-16 10:36:07,43.3294486999512,-8.49900913238525,"Unknown"
"6227756",371834,2025-08-16 10:46:07,43.3294143676758,-8.49899387359619,"Unknown"
"6227756",371834,2025-08-16 10:56:07,43.3294372558594,-8.49900150299072,"Unknown"
"6227756",371834,2025-08-16 11:06:35,43.3294639587402,-8.49906730651855,"Unknown"
"6227756",371834,2025-08-16 11:16:07,43.3294486999512,-8.49903583526611,"Unknown"
"6227756",371834,2025-08-16 11:26:07,43.3294906616211,-8.49905681610107,"Unknown"
"6227756",371834,2025-08-16 11:36:07,43.3294258117676,-8.49909019470215,"Unknown"
"6227756",371834,2025-08-16 11:46:10,43.3293914794922,-8.49902725219727,"Unknown"
"6227756",371834,2025-08-16 11:56:13,43.329402923584,-8.49900436401367,"Unknown"
"6227756",371834,2025-08-16 12:06:34,43.3294639587402,-8.49901390075684,"Unknown"
"6227756",371834,2025-08-16 12:16:08,43.3295783996582,-8.49906349182129,"Unknown"
"6227756",371834,2025-08-16 12:26:09,43.3295669555664,-8.49910640716553,"Unknown"
"6227756",371834,2025-08-16 12:36:11,43.3295745849609,-8.49911975860596,"Unknown"
"6227756",371834,2025-08-16 12:46:18,43.3294906616211,-8.49897575378418,"Unknown"
"6227756",371834,2025-08-16 12:56:18,43.3295211791992,-8.49905776977539,"Unknown"
"6227756",371834,2025-08-16 13:06:18,43.3294792175293,-8.49901676177979,"Unknown"
"6227756",371834,2025-08-16 13:16:18,43.3295288085938,-8.49903011322021,"Unknown"
"6227756",371834,2025-08-16 13:26:18,43.3295097351074,-8.49906253814697,"Unknown"
"6227756",371834,2025-08-16 13:36:18,43.3294715881348,-8.49907970428467,"Unknown"
"6227756",371834,2025-08-16 13:46:18,43.3294830322266,-8.49904441833496,"Unknown"
"6227756",371834,2025-08-16 13:56:18,43.3294944763184,-8.49904727935791,"Unknown"
"6227756",371834,2025-08-16 14:06:35,43.3295021057129,-8.49903392791748,"Unknown"
"6227756",371834,2025-08-16 14:16:07,43.3295288085938,-8.49909782409668,"Unknown"
"6227756",371834,2025-08-16 14:26:07,43.3296966552734,-8.49926376342773,"Unknown"
"6227756",371834,2025-08-16 14:36:16,43.3295402526855,-8.49905204772949,"Unknown"
"6227756",371834,2025-08-16 14:46:12,43.3295516967773,-8.49907684326172,"Unknown"
"6227756",371834,2025-08-16 14:56:08,43.3296051025391,-8.49913120269775,"Unknown"
"6227756",371834,2025-08-16 15:06:07,43.3295669555664,-8.49918079376221,"Unknown"
"6227756",371834,2025-08-16 15:16:12,43.3276901245117,-8.49576568603516,"Unknown"
"6227756",371834,2025-08-16 15:26:19,43.3294639587402,-8.49902248382568,"Unknown"
"6227756",371834,2025-08-16 15:36:12,43.3290252685547,-8.49816131591797,"Unknown"
"6227756",371834,2025-08-16 15:46:35,43.329460144043,-8.49903202056885,"Unknown"
"6227756",371834,2025-08-16 15:56:09,43.3293876647949,-8.49907875061035,"Unknown"
"6227756",371834,2025-08-16 16:06:09,43.3294486999512,-8.49922180175781,"Unknown"
"6227756",371834,2025-08-16 16:16:09,43.3294334411621,-8.49905967712402,"Unknown"
"6227756",371834,2025-08-16 16:26:09,43.3293800354004,-8.4990930557251,"Unknown"
"6227756",371834,2025-08-16 16:36:09,43.329418182373,-8.49905395507812,"Unknown"
"6227756",371834,2025-08-16 16:46:09,43.3294868469238,-8.49904632568359,"Unknown"
"6227756",371834,2025-08-16 16:56:08,43.3294830322266,-8.49898052215576,"Unknown"
"6227756",371834,2025-08-16 17:06:09,43.3294563293457,-8.49901866912842,"Unknown"
"6227756",371834,2025-08-16 17:16:09,43.329475402832,-8.49899482727051,"Unknown"
"6227756",371834,2025-08-16 17:26:09,43.3295288085938,-8.49907302856445,"Unknown"
"6227756",371834,2025-08-16 17:36:10,43.3293762207031,-8.4988899230957,"Unknown"
"6227756",371834,2025-08-16 17:46:12,43.329948425293,-8.49962711334229,"Unknown"
"6227756",371834,2025-08-16 17:56:31,43.3294410705566,-8.4989767074585,"Unknown"
"6227756",371834,2025-08-16 18:06:19,43.3294105529785,-8.49897766113281,"Unknown"
"6227756",371834,2025-08-16 18:16:09,43.3294639587402,-8.49896144866943,"Unknown"
"6227756",371834,2025-08-16 18:26:10,43.3294296264648,-8.4993314743042,"Unknown"
"6227756",371834,2025-08-16 18:36:08,43.3292770385742,-8.50044345855713,"Unknown"
"6227756",371834,2025-08-16 18:46:10,43.3294982910156,-8.49941062927246,"Unknown"
"6227756",371834,2025-08-16 18:56:09,43.329475402832,-8.49909782409668,"Unknown"
"6227756",371834,2025-08-16 19:06:10,43.3294982910156,-8.49894142150879,"Unknown"
"6227756",371834,2025-08-16 19:16:10,43.3295783996582,-8.49892616271973,"Unknown"
"6227756",371834,2025-08-16 19:26:35,43.3294830322266,-8.49899101257324,"Unknown"
"6227756",371834,2025-08-16 19:36:08,43.3293571472168,-8.49894905090332,"Unknown"
"6227756",371834,2025-08-16 19:46:08,43.3293266296387,-8.49884128570557,"Unknown"
"6227756",371834,2025-08-16 19:56:08,43.3293151855469,-8.49882125854492,"Unknown"
"6227756",371834,2025-08-16 20:06:35,43.3294486999512,-8.49892902374268,"Unknown"
"6227756",371834,2025-08-16 20:16:09,43.3293914794922,-8.4989013671875,"Unknown"
"6227756",371834,2025-08-16 20:26:08,43.3294639587402,-8.49900341033936,"Unknown"
"6227756",371834,2025-08-16 20:36:10,43.3296203613281,-8.49903297424316,"Unknown"
"6227756",371834,2025-08-16 20:46:09,43.329662322998,-8.49906253814697,"Unknown"
"6227756",371834,2025-08-16 20:56:44,43.3295707702637,-8.49899482727051,"Unknown"
"6227756",371834,2025-08-16 21:06:08,43.3294982910156,-8.49892997741699,"Unknown"
"6227756",371834,2025-08-16 21:16:08,43.3295745849609,-8.49899291992188,"Unknown"
"6227756",371834,2025-08-16 21:26:09,43.3296928405762,-8.49895095825195,"Unknown"
"6227756",371834,2025-08-16 21:36:08,43.3298835754395,-8.49909114837646,"Unknown"
"6227756",371834,2025-08-16 21:46:35,43.329517364502,-8.49897384643555,"Unknown"
"6227756",371834,2025-08-16 21:56:08,43.3295516967773,-8.49901962280273,"Unknown"
"6227756",371834,2025-08-16 22:06:08,43.3294830322266,-8.49892425537109,"Unknown"
"6227756",371834,2025-08-16 22:16:08,43.329475402832,-8.498948097229,"Unknown"
"6227756",371834,2025-08-16 22:26:08,43.3294982910156,-8.49897480010986,"Unknown"
"6227756",371834,2025-08-16 22:36:08,43.3294715881348,-8.49899387359619,"Unknown"
"6227756",371834,2025-08-16 22:46:09,43.3294944763184,-8.49895572662354,"Unknown"
"6227756",371834,2025-08-16 22:56:08,43.3294639587402,-8.49893665313721,"Unknown"
"6227756",371834,2025-08-16 23:06:08,43.3295593261719,-8.49899482727051,"Unknown"
"6227756",371834,2025-08-16 23:16:08,43.3295288085938,-8.4989538192749,"Unknown"
"6227756",371834,2025-08-16 23:26:35,43.3294982910156,-8.49896621704102,"Unknown"
"6227756",371834,2025-08-16 23:36:09,43.3295936584473,-8.49909591674805,"Unknown"
"6227756",371834,2025-08-16 23:46:09,43.3296775817871,-8.4991340637207,"Unknown"
"6227756",371834,2025-08-16 23:56:09,43.3298301696777,-8.49929428100586,"Unknown"
"6227756",371834,2025-08-17 00:06:10,43.329662322998,-8.49901390075684,"Unknown"
"6227756",371834,2025-08-17 00:16:34,43.3295402526855,-8.49899768829346,"Unknown"
"6227756",371834,2025-08-17 00:26:26,43.3295593261719,-8.49899101257324,"Unknown"
"6227756",371834,2025-08-17 00:36:20,43.3295135498047,-8.49895000457764,"Unknown"
"6227756",371834,2025-08-17 00:46:21,43.3295059204102,-8.49895572662354,"Unknown"
"6227756",371834,2025-08-17 00:56:22,43.329475402832,-8.49868965148926,"Unknown"
"6227756",371834,2025-08-17 01:06:22,43.3293838500977,-8.49891090393066,"Unknown"
"6227756",371834,2025-08-17 01:16:29,43.3293914794922,-8.4990291595459,"Unknown"
"6227756",371834,2025-08-17 01:26:35,43.3294143676758,-8.49902057647705,"Unknown"
"6227756",371834,2025-08-17 01:36:08,43.3294944763184,-8.49897480010986,"Unknown"
"6227756",371834,2025-08-17 01:46:09,43.3293571472168,-8.49899578094482,"Unknown"
"6227756",371834,2025-08-17 01:56:08,43.3295478820801,-8.49893951416016,"Unknown"
"6227756",371834,2025-08-17 02:06:08,43.3295097351074,-8.49896812438965,"Unknown"
"6227756",371834,2025-08-17 02:16:08,43.3296165466309,-8.49892044067383,"Unknown"
"6227756",371834,2025-08-17 02:26:08,43.3296318054199,-8.49903583526611,"Unknown"
"6227756",371834,2025-08-17 02:36:09,43.3295974731445,-8.49909114837646,"Unknown"
"6227756",371834,2025-08-17 02:46:11,43.3296279907227,-8.49912166595459,"Unknown"
"6227756",371834,2025-08-17 02:56:17,43.3294410705566,-8.49892044067383,"Unknown"
"6227756",371834,2025-08-17 03:06:19,43.3295021057129,-8.4989538192749,"Unknown"
"6227756",371834,2025-08-17 03:16:27,43.329647064209,-8.49897003173828,"Unknown"
"6227756",371834,2025-08-17 03:26:35,43.3295516967773,-8.49893474578857,"Unknown"
"6227756",371834,2025-08-17 03:36:08,43.3294792175293,-8.49898815155029,"Unknown"
"6227756",371834,2025-08-17 03:46:09,43.3294639587402,-8.49900817871094,"Unknown"
"6227756",371834,2025-08-17 03:56:08,43.3294639587402,-8.49894142150879,"Unknown"
"6227756",371834,2025-08-17 04:06:09,43.3294830322266,-8.49898433685303,"Unknown"
"6227756",371834,2025-08-17 04:16:23,43.3290901184082,-8.49898433685303,"Unknown"
"6227756",371834,2025-08-17 04:26:09,43.3294868469238,-8.49902534484863,"Unknown"
"6227756",371834,2025-08-17 04:36:12,43.3294334411621,-8.49888229370117,"Unknown"
"6227756",371834,2025-08-17 04:46:19,43.3294525146484,-8.49909687042236,"Unknown"
"6227756",371834,2025-08-17 04:56:35,43.329475402832,-8.49903202056885,"Unknown"
"6227756",371834,2025-08-17 05:06:13,43.3295669555664,-8.49899959564209,"Unknown"
"6227756",371834,2025-08-17 05:16:17,43.3295860290527,-8.49915218353271,"Unknown"
"6227756",371834,2025-08-17 05:26:19,43.3296432495117,-8.49924182891846,"Unknown"
"6227756",371834,2025-08-17 05:36:35,43.3295249938965,-8.49909210205078,"Unknown"
"6227756",371834,2025-08-17 05:46:10,43.3298187255859,-8.49904346466064,"Unknown"
"6227756",371834,2025-08-17 05:56:21,43.329174041748,-8.4988489151001,"Unknown"
"6227756",371834,2025-08-17 06:06:35,43.329532623291,-8.49906063079834,"Unknown"
"6227756",371834,2025-08-17 06:16:09,43.3294868469238,-8.49935054779053,"Unknown"
"6227756",371834,2025-08-17 06:26:11,43.329475402832,-8.49959945678711,"Unknown"
"6227756",371834,2025-08-17 06:36:19,43.3294563293457,-8.49900245666504,"Unknown"
"6227756",371834,2025-08-17 06:46:19,43.3295059204102,-8.49902057647705,"Unknown"
"6227756",371834,2025-08-17 06:56:19,43.3294982910156,-8.49901390075684,"Unknown"
"6227756",371834,2025-08-17 07:06:18,43.3294677734375,-8.49897861480713,"Unknown"
"6227756",371834,2025-08-17 07:16:13,43.3294715881348,-8.49853324890137,"Unknown"
"6227756",371834,2025-08-17 07:26:16,43.3295249938965,-8.49898910522461,"Unknown"
"6227756",371834,2025-08-17 07:36:25,43.3298072814941,-8.49888515472412,"Unknown"
"6227756",371834,2025-08-17 07:46:35,43.3295440673828,-8.4989595413208,"Unknown"
"6227756",371834,2025-08-17 07:56:09,43.3297576904297,-8.49868202209473,"Unknown"
"6227756",371834,2025-08-17 08:06:35,43.3295288085938,-8.4989767074585,"Unknown"
"6227756",371834,2025-08-17 08:16:44,43.3295135498047,-8.49895572662354,"Unknown"
"6227756",371834,2025-08-17 08:26:10,43.3295364379883,-8.49897861480713,"Unknown"
"6227756",371834,2025-08-17 08:36:09,43.3294334411621,-8.49896049499512,"Unknown"
"6227756",371834,2025-08-17 08:46:35,43.3294372558594,-8.49894237518311,"Unknown"
"6227756",371834,2025-08-17 08:56:09,43.3296165466309,-8.49892234802246,"Unknown"
"6227756",371834,2025-08-17 09:06:11,43.3294868469238,-8.49892139434814,"Unknown"
"6227756",371834,2025-08-17 09:16:17,43.3295135498047,-8.4988489151001,"Unknown"
"6227756",371834,2025-08-17 09:26:18,43.3295707702637,-8.49895191192627,"Unknown"
"6227756",371834,2025-08-17 09:36:19,43.32958984375,-8.49890232086182,"Unknown"
"6227756",371834,2025-08-17 09:46:33,43.3295516967773,-8.49900913238525,"Unknown"
"6227756",371834,2025-08-17 09:56:12,43.3293800354004,-8.49901962280273,"Unknown"
"6227756",371834,2025-08-17 10:06:35,43.3295021057129,-8.49900054931641,"Unknown"
"6227756",371834,2025-08-17 10:16:08,43.3294525146484,-8.49892616271973,"Unknown"
"6227756",371834,2025-08-17 10:26:08,43.3294486999512,-8.49902820587158,"Unknown"
"6227756",371834,2025-08-17 10:36:08,43.329418182373,-8.4990348815918,"Unknown"
"6227756",371834,2025-08-17 10:46:08,43.329460144043,-8.49904155731201,"Unknown"
"6227756",371834,2025-08-17 10:56:08,43.3295211791992,-8.4989595413208,"Unknown"
"6227756",371834,2025-08-17 11:06:08,43.3294525146484,-8.49901962280273,"Unknown"
"6227756",371834,2025-08-17 11:16:08,43.3294296264648,-8.49900722503662,"Unknown"
"6227756",371834,2025-08-17 11:26:09,43.3293418884277,-8.49900722503662,"Unknown"
"6227756",371834,2025-08-17 11:36:44,43.3294219970703,-8.49901103973389,"Unknown"
"6227756",371834,2025-08-17 11:46:08,43.3294067382812,-8.49891471862793,"Unknown"
"6227756",371834,2025-08-17 11:56:10,43.329532623291,-8.49898624420166,"Unknown"
"6227756",371834,2025-08-17 12:06:35,43.3294830322266,-8.49901008605957,"Unknown"
"6227756",371834,2025-08-17 12:16:08,43.3294334411621,-8.49896621704102,"Unknown"
"6227756",371834,2025-08-17 12:26:09,43.329532623291,-8.49906539916992,"Unknown"
"6227756",371834,2025-08-17 12:36:11,43.3286514282227,-8.49816417694092,"Unknown"
"6227756",371834,2025-08-17 12:46:44,43.3294792175293,-8.49900341033936,"Unknown"
"6227756",371834,2025-08-17 12:56:09,43.3297309875488,-8.49958801269531,"Unknown"
"6227756",371834,2025-08-17 13:06:08,43.3294677734375,-8.49896335601807,"Unknown"
"6227756",371834,2025-08-17 13:16:08,43.3294944763184,-8.49890327453613,"Unknown"
"6227756",371834,2025-08-17 13:26:09,43.3294906616211,-8.49897384643555,"Unknown"
"6227756",371834,2025-08-17 13:36:18,43.3294830322266,-8.49915313720703,"Unknown"
"6227756",371834,2025-08-17 13:46:18,43.3295364379883,-8.49921226501465,"Unknown"
"6227756",371834,2025-08-17 13:56:18,43.3297805786133,-8.49987411499023,"Unknown"
"6227756",371834,2025-08-17 14:06:35,43.3294982910156,-8.49900436401367,"Unknown"
"6227756",371834,2025-08-17 14:16:08,43.329517364502,-8.49905586242676,"Unknown"
"6227756",371834,2025-08-17 14:26:08,43.3295516967773,-8.49906635284424,"Unknown"
"6227756",371834,2025-08-17 14:36:08,43.3295402526855,-8.49908542633057,"Unknown"
"6227756",371834,2025-08-17 14:46:08,43.3295631408691,-8.49909782409668,"Unknown"
"6227756",371834,2025-08-17 14:56:08,43.3295478820801,-8.49911403656006,"Unknown"
"6227756",371834,2025-08-17 15:06:08,43.3296241760254,-8.49921035766602,"Unknown"
"6227756",371834,2025-08-17 15:16:09,43.3295783996582,-8.49916744232178,"Unknown"
"6227756",371834,2025-08-17 15:26:11,43.3295478820801,-8.49919605255127,"Unknown"
"6227756",371834,2025-08-17 15:36:12,43.3297424316406,-8.49977207183838,"Unknown"
"6227756",371834,2025-08-17 15:46:16,43.329475402832,-8.4990291595459,"Unknown"
"6227756",371834,2025-08-17 15:56:15,43.3295364379883,-8.49888706207275,"Unknown"
"6227756",371834,2025-08-17 16:06:10,43.329460144043,-8.49910831451416,"Unknown"
"6227756",371834,2025-08-17 16:16:09,43.3294067382812,-8.49912071228027,"Unknown"
"6227756",371834,2025-08-17 16:26:13,43.329475402832,-8.49916934967041,"Unknown"
"6227756",371834,2025-08-17 16:36:13,43.329475402832,-8.49911022186279,"Unknown"
"6227756",371834,2025-08-17 16:46:35,43.329460144043,-8.49897480010986,"Unknown"
"6227756",371834,2025-08-17 16:56:08,43.329418182373,-8.49893379211426,"Unknown"
"6227756",371834,2025-08-17 17:06:08,43.3294715881348,-8.49901676177979,"Unknown"
"6227756",371834,2025-08-17 17:16:08,43.3294792175293,-8.49899101257324,"Unknown"
"6227756",371834,2025-08-17 17:26:10,43.3294906616211,-8.49905872344971,"Unknown"
"6227756",371834,2025-08-17 17:36:17,43.3293685913086,-8.49889755249023,"Unknown"
"6227756",371834,2025-08-17 17:46:12,43.3295478820801,-8.49909973144531,"Unknown"
"6227756",371834,2025-08-17 17:56:13,43.3294639587402,-8.49900817871094,"Unknown"
"6227756",371834,2025-08-17 18:06:44,43.3294563293457,-8.49896430969238,"Unknown"
"6227756",371834,2025-08-17 18:16:08,43.3293418884277,-8.49898433685303,"Unknown"
"6227756",371834,2025-08-17 18:26:09,43.3296203613281,-8.49880981445312,"Unknown"
"6227756",371834,2025-08-17 18:36:09,43.3296318054199,-8.49918365478516,"Unknown"
"6227756",371834,2025-08-17 18:46:19,43.3294830322266,-8.49901676177979,"Unknown"
"6227756",371834,2025-08-17 18:56:19,43.3294906616211,-8.49899482727051,"Unknown"
"6227756",371834,2025-08-17 19:06:20,43.3295249938965,-8.49907875061035,"Unknown"
"6227756",371834,2025-08-17 19:16:20,43.3296012878418,-8.49904632568359,"Unknown"
"6227756",371834,2025-08-17 19:26:35,43.329475402832,-8.49894332885742,"Unknown"
"6227756",371834,2025-08-17 19:36:08,43.3294830322266,-8.49899196624756,"Unknown"
"6227756",371834,2025-08-17 19:46:08,43.3294868469238,-8.49900722503662,"Unknown"
"6227756",371834,2025-08-17 19:56:08,43.3294677734375,-8.49892520904541,"Unknown"
"6227756",371834,2025-08-17 20:06:09,43.3293762207031,-8.49889469146729,"Unknown"
"6227756",371834,2025-08-17 20:16:08,43.3295097351074,-8.49894905090332,"Unknown"
"6227756",371834,2025-08-17 20:26:11,43.3295288085938,-8.4989709854126,"Unknown"
"6227756",371834,2025-08-17 20:36:11,43.329475402832,-8.49894618988037,"Unknown"
"6227756",371834,2025-08-17 20:46:21,43.3291854858398,-8.49877548217773,"Unknown"
"6227756",371834,2025-08-17 20:56:19,43.3296089172363,-8.4990406036377,"Unknown"
"6227756",371834,2025-08-17 21:06:20,43.32958984375,-8.4990348815918,"Unknown"
"6227756",371834,2025-08-17 21:16:21,43.3295783996582,-8.49902057647705,"Unknown"
"6227756",371834,2025-08-17 21:26:30,43.3296394348145,-8.49902153015137,"Unknown"
"6227756",371834,2025-08-17 21:36:35,43.3296089172363,-8.49894523620605,"Unknown"
"6227756",371834,2025-08-17 21:46:35,43.3295097351074,-8.49894618988037,"Unknown"
"6227756",371834,2025-08-17 21:56:08,43.329532623291,-8.49894237518311,"Unknown"
"6227756",371834,2025-08-17 22:06:08,43.329460144043,-8.49895286560059,"Unknown"
"6227756",371834,2025-08-17 22:16:08,43.3294677734375,-8.49897003173828,"Unknown"
"6227756",371834,2025-08-17 22:26:08,43.329475402832,-8.49890518188477,"Unknown"
"6227756",371834,2025-08-17 22:36:08,43.329475402832,-8.49895095825195,"Unknown"
"6227756",371834,2025-08-17 22:46:08,43.3294868469238,-8.49894428253174,"Unknown"
"6227756",371834,2025-08-17 22:56:08,43.3295021057129,-8.49899768829346,"Unknown"
"6227756",371834,2025-08-17 23:06:08,43.329532623291,-8.49898433685303,"Unknown"
"6227756",371834,2025-08-17 23:16:35,43.3295135498047,-8.49898242950439,"Unknown"
"6227756",371834,2025-08-17 23:26:08,43.3294715881348,-8.49896335601807,"Unknown"
"6227756",371834,2025-08-17 23:36:08,43.3296127319336,-8.49909400939941,"Unknown"
"6227756",371834,2025-08-17 23:46:09,43.3296737670898,-8.49916172027588,"Unknown"
"6227756",371834,2025-08-17 23:56:10,43.3295936584473,-8.49910163879395,"Unknown"
"6227756",371834,2025-08-18 00:06:11,43.3294105529785,-8.49871921539307,"Unknown"
"6227756",371834,2025-08-18 00:16:44,43.3294906616211,-8.49898815155029,"Unknown"
"6227756",371834,2025-08-18 00:26:08,43.3295021057129,-8.49894523620605,"Unknown"
"6227756",371834,2025-08-18 00:36:10,43.3294448852539,-8.49898910522461,"Unknown"
"6227756",371834,2025-08-18 00:46:35,43.3294792175293,-8.49888610839844,"Unknown"
"6227756",371834,2025-08-18 00:56:08,43.3294563293457,-8.4988431930542,"Unknown"
"6227756",371834,2025-08-18 01:06:08,43.3294982910156,-8.49876403808594,"Unknown"
"6227756",371834,2025-08-18 01:16:08,43.3294830322266,-8.49861431121826,"Unknown"
"6227756",371834,2025-08-18 01:26:10,43.3294334411621,-8.49878978729248,"Unknown"
"6227756",371834,2025-08-18 01:36:10,43.3294677734375,-8.49862861633301,"Unknown"
"6227756",371834,2025-08-18 01:46:09,43.3294525146484,-8.49826240539551,"Unknown"
"6227756",371834,2025-08-18 01:56:35,43.3294448852539,-8.49893951416016,"Unknown"
"6227756",371834,2025-08-18 02:06:08,43.3295936584473,-8.49887847900391,"Unknown"
"6227756",371834,2025-08-18 02:16:08,43.3294944763184,-8.49901580810547,"Unknown"
"6227756",371834,2025-08-18 02:26:08,43.3295936584473,-8.49901390075684,"Unknown"
"6227756",371834,2025-08-18 02:36:09,43.3295211791992,-8.49902248382568,"Unknown"
"6227756",371834,2025-08-18 02:46:11,43.3295249938965,-8.49898052215576,"Unknown"
"6227756",371834,2025-08-18 02:56:18,43.3294334411621,-8.49895572662354,"Unknown"
"6227756",371834,2025-08-18 03:06:18,43.3294944763184,-8.49895858764648,"Unknown"
"6227756",371834,2025-08-18 03:16:29,43.3295745849609,-8.4989013671875,"Unknown"
"6227756",371834,2025-08-18 03:26:35,43.3295021057129,-8.49892807006836,"Unknown"
"6227756",371834,2025-08-18 03:36:08,43.3294830322266,-8.4989767074585,"Unknown"
"6227756",371834,2025-08-18 03:46:08,43.3295097351074,-8.49897956848145,"Unknown"
"6227756",371834,2025-08-18 03:56:08,43.3294296264648,-8.4990348815918,"Unknown"
"6227756",371834,2025-08-18 04:06:08,43.3294677734375,-8.49896049499512,"Unknown"
"6227756",371834,2025-08-18 04:16:08,43.3295402526855,-8.49891090393066,"Unknown"
"6227756",371834,2025-08-18 04:26:08,43.3295249938965,-8.49897575378418,"Unknown"
"6227756",371834,2025-08-18 04:36:08,43.329402923584,-8.49906158447266,"Unknown"
"6227756",371834,2025-08-18 04:46:08,43.3294830322266,-8.49899291992188,"Unknown"
"6227756",371834,2025-08-18 04:56:10,43.3294143676758,-8.4990234375,"Unknown"
"6227756",371834,2025-08-18 05:06:09,43.3294486999512,-8.49898147583008,"Unknown"
"6227756",371834,2025-08-18 05:16:11,43.3294677734375,-8.49904727935791,"Unknown"
"6227756",371834,2025-08-18 05:26:12,43.3294906616211,-8.49900531768799,"Unknown"
"6227756",371834,2025-08-18 05:36:35,43.3295402526855,-8.49906158447266,"Unknown"
"6227756",371834,2025-08-18 05:46:09,43.3298187255859,-8.49900817871094,"Unknown"
"6227756",371834,2025-08-18 05:56:41,43.3295631408691,-8.49908256530762,"Unknown"
"6227756",371834,2025-08-18 06:06:08,43.3295478820801,-8.4990177154541,"Unknown"
"6227756",371834,2025-08-18 06:16:09,43.3294563293457,-8.49903964996338,"Unknown"
"6227756",371834,2025-08-18 06:26:08,43.3294830322266,-8.49901580810547,"Unknown"
"6227756",371834,2025-08-18 06:36:09,43.3296356201172,-8.49904823303223,"Unknown"
"6227756",371834,2025-08-18 06:46:19,43.329662322998,-8.49912166595459,"Unknown"
"6227756",371834,2025-08-18 06:56:20,43.3296775817871,-8.49903869628906,"Unknown"
"6227756",371834,2025-08-18 07:06:22,43.3297538757324,-8.49905395507812,"Unknown"
"6227756",371834,2025-08-18 07:16:24,43.329761505127,-8.49901962280273,"Unknown"
"6227756",371834,2025-08-18 07:26:28,43.3297882080078,-8.49900341033936,"Unknown"
"6227756",371834,2025-08-18 07:36:35,43.3295707702637,-8.49895286560059,"Unknown"
"6227756",371834,2025-08-18 07:46:09,43.3297805786133,-8.49863529205322,"Unknown"
"6227756",371834,2025-08-18 07:56:08,43.3299369812012,-8.49845695495605,"Unknown"
"6227756",371834,2025-08-18 08:06:44,43.3295593261719,-8.49900722503662,"Unknown"
"6227756",371834,2025-08-18 08:16:08,43.3296394348145,-8.49887084960938,"Unknown"
"6227756",371834,2025-08-18 08:26:10,43.329532623291,-8.49908447265625,"Unknown"
"6227756",371834,2025-08-18 08:36:08,43.3291130065918,-8.49952697753906,"Unknown"
"6227756",371834,2025-08-18 08:46:35,43.3294525146484,-8.4989709854126,"Unknown"
"6227756",371834,2025-08-18 08:56:09,43.3293151855469,-8.49906730651855,"Unknown"
"6227756",371834,2025-08-18 09:06:09,43.3295288085938,-8.4990406036377,"Unknown"
"6227756",371834,2025-08-18 09:16:08,43.329216003418,-8.4989538192749,"Unknown"
"6227756",371834,2025-08-18 09:26:10,43.3293533325195,-8.49895000457764,"Unknown"
"6227756",371834,2025-08-18 09:36:10,43.3294258117676,-8.49899291992188,"Unknown"
"6227756",371834,2025-08-18 09:46:11,43.329475402832,-8.49892997741699,"Unknown"
"6227756",371834,2025-08-18 09:56:15,43.3294372558594,-8.49899291992188,"Unknown"
"6227756",371834,2025-08-18 10:06:35,43.3294448852539,-8.49899101257324,"Unknown"
"6227756",371834,2025-08-18 10:16:08,43.329475402832,-8.49900436401367,"Unknown"
"6227756",371834,2025-08-18 10:26:08,43.329475402832,-8.4990234375,"Unknown"
"6227756",371834,2025-08-18 10:36:08,43.3295097351074,-8.49906826019287,"Unknown"
"6227756",371834,2025-08-18 10:46:08,43.3294639587402,-8.49899768829346,"Unknown"
"6227756",371834,2025-08-18 10:56:08,43.3294219970703,-8.49902057647705,"Unknown"
"6227756",371834,2025-08-18 11:06:08,43.3294792175293,-8.49898910522461,"Unknown"
"6227756",371834,2025-08-18 11:16:08,43.3295059204102,-8.49907112121582,"Unknown"
"6227756",371834,2025-08-18 11:26:08,43.3295211791992,-8.49904632568359,"Unknown"
"6227756",371834,2025-08-18 11:36:09,43.3294448852539,-8.49900341033936,"Unknown"
"6227756",371834,2025-08-18 11:46:44,43.3294448852539,-8.4990062713623,"Unknown"
"6227756",371834,2025-08-18 11:56:10,43.3295555114746,-8.49909687042236,"Unknown"
"6227756",371834,2025-08-18 12:06:35,43.3294677734375,-8.49903964996338,"Unknown"
"6227756",371834,2025-08-18 12:16:10,43.3294982910156,-8.49902725219727,"Unknown"
"6227756",371834,2025-08-18 12:26:10,43.3295135498047,-8.49899387359619,"Unknown"
"6227756",371834,2025-08-18 12:36:44,43.3295059204102,-8.49898338317871,"Unknown"
"6227756",371834,2025-08-18 12:46:10,43.3295097351074,-8.49899959564209,"Unknown"
"6227756",371834,2025-08-18 12:56:16,43.3295288085938,-8.49900436401367,"Unknown"
"6227756",371834,2025-08-18 13:06:10,43.3292617797852,-8.49841690063477,"Unknown"
"6227756",371834,2025-08-18 13:16:09,43.3292274475098,-8.49842357635498,"Unknown"
"6227756",371834,2025-08-18 13:26:09,43.329345703125,-8.49871349334717,"Unknown"
"6227756",371834,2025-08-18 13:36:18,43.3294868469238,-8.4991283416748,"Unknown"
"6227756",371834,2025-08-18 13:46:18,43.3294525146484,-8.49896430969238,"Unknown"
"6227756",371834,2025-08-18 13:56:35,43.3294944763184,-8.4990291595459,"Unknown"
"6227756",371834,2025-08-18 14:06:08,43.329517364502,-8.4990177154541,"Unknown"
"6227756",371834,2025-08-18 14:16:08,43.3295402526855,-8.49907302856445,"Unknown"
"6227756",371834,2025-08-18 14:26:08,43.3295860290527,-8.49916839599609,"Unknown"
"6227756",371834,2025-08-18 14:36:08,43.3295745849609,-8.4990816116333,"Unknown"
"6227756",371834,2025-08-18 14:46:08,43.3295097351074,-8.49904155731201,"Unknown"
"6227756",371834,2025-08-18 14:56:08,43.3295669555664,-8.49913501739502,"Unknown"
"6227756",371834,2025-08-18 15:06:09,43.3296356201172,-8.49941253662109,"Unknown"
"6227756",371834,2025-08-18 15:16:10,43.3296203613281,-8.4992733001709,"Unknown"
"6227756",371834,2025-08-18 15:26:10,43.3293647766113,-8.49887847900391,"Unknown"
"6227756",371834,2025-08-18 15:36:17,43.3294296264648,-8.49904251098633,"Unknown"
"6227756",371834,2025-08-18 15:46:12,43.329719543457,-8.50012969970703,"Unknown"
"6227756",371834,2025-08-18 15:56:11,43.3296165466309,-8.49962711334229,"Unknown"
"6227756",371834,2025-08-18 16:06:11,43.3302383422852,-8.50216674804688,"Unknown"
"6227756",371834,2025-08-18 16:16:17,43.3294410705566,-8.4991340637207,"Unknown"
"6227756",371834,2025-08-18 16:26:15,43.3294105529785,-8.49895095825195,"Unknown"
"6227756",371834,2025-08-18 16:36:16,43.3293914794922,-8.49890899658203,"Unknown"
"6227756",371834,2025-08-18 16:46:35,43.3294868469238,-8.49896430969238,"Unknown"
"6227756",371834,2025-08-18 16:56:09,43.3293075561523,-8.49903869628906,"Unknown"
"6227756",371834,2025-08-18 17:06:09,43.3294410705566,-8.49895858764648,"Unknown"
"6227756",371834,2025-08-18 17:16:09,43.329460144043,-8.49900722503662,"Unknown"
"6227756",371834,2025-08-18 17:26:10,43.3296127319336,-8.49904632568359,"Unknown"
"6227756",371834,2025-08-18 17:36:10,43.3295707702637,-8.49911117553711,"Unknown"
"6227756",371834,2025-08-18 17:46:12,43.3295249938965,-8.49903583526611,"Unknown"
"6227756",371834,2025-08-18 17:56:16,43.3294830322266,-8.49899291992188,"Unknown"
"6227756",371834,2025-08-18 18:06:44,43.3294868469238,-8.49899768829346,"Unknown"
"6227756",371834,2025-08-18 18:16:08,43.3294944763184,-8.4992504119873,"Unknown"
"6227756",371834,2025-08-18 18:26:09,43.3294334411621,-8.499098777771,"Unknown"
"6227756",371834,2025-08-18 18:36:08,43.329475402832,-8.49909973144531,"Unknown"
"6227756",371834,2025-08-18 18:46:09,43.3294334411621,-8.49902057647705,"Unknown"
"6227756",371834,2025-08-18 18:56:09,43.329517364502,-8.49899291992188,"Unknown"
"6227756",371834,2025-08-18 19:06:12,43.3294982910156,-8.49900245666504,"Unknown"
"6227756",371834,2025-08-18 19:16:36,43.3294372558594,-8.49897575378418,"Unknown"
"6227756",371834,2025-08-18 19:26:09,43.3294219970703,-8.49900245666504,"Unknown"
"6227756",371834,2025-08-18 19:36:09,43.3293991088867,-8.49898338317871,"Unknown"
"6227756",371834,2025-08-18 19:46:13,43.3294067382812,-8.498948097229,"Unknown"
"6227756",371834,2025-08-18 19:56:19,43.3294906616211,-8.49899196624756,"Unknown"
"6227756",371834,2025-08-18 20:06:16,43.3294067382812,-8.49892425537109,"Unknown"
"6227756",371834,2025-08-18 20:16:16,43.329475402832,-8.49899196624756,"Unknown"
"6227756",371834,2025-08-18 20:26:19,43.3293914794922,-8.49893951416016,"Unknown"
"6227756",371834,2025-08-18 20:36:25,43.3296432495117,-8.49904918670654,"Unknown"
"6227756",371834,2025-08-18 20:46:31,43.3294296264648,-8.49890804290771,"Unknown"
"6227756",371834,2025-08-18 20:56:09,43.3295783996582,-8.49905395507812,"Unknown"
"6227756",371834,2025-08-18 21:06:11,43.3296241760254,-8.49917984008789,"Unknown"
"6227756",371834,2025-08-18 21:16:11,43.329704284668,-8.49910545349121,"Unknown"
"6227756",371834,2025-08-18 21:26:14,43.3293876647949,-8.49900150299072,"Unknown"
"6227756",371834,2025-08-18 21:36:42,43.3295402526855,-8.49897480010986,"Unknown"
"6227756",371834,2025-08-18 21:46:09,43.3297004699707,-8.49913311004639,"Unknown"
"6227756",371834,2025-08-18 21:56:10,43.3297576904297,-8.49921321868896,"Unknown"
"6227756",371834,2025-08-18 22:06:11,43.3295249938965,-8.49904251098633,"Unknown"
"6227756",371834,2025-08-18 22:16:11,43.3294296264648,-8.49896621704102,"Unknown"
"6227756",371834,2025-08-18 22:26:10,43.3294563293457,-8.49901294708252,"Unknown"
"6227756",371834,2025-08-18 22:36:35,43.3295249938965,-8.49900150299072,"Unknown"
"6227756",371834,2025-08-18 22:46:19,43.3295097351074,-8.49896430969238,"Unknown"
"6227756",371834,2025-08-18 22:56:19,43.329517364502,-8.49897766113281,"Unknown"
"6227756",371834,2025-08-18 23:06:19,43.3294830322266,-8.49900245666504,"Unknown"
"6227756",371834,2025-08-18 23:16:19,43.3295288085938,-8.49901008605957,"Unknown"
"6227756",371834,2025-08-18 23:26:19,43.3295288085938,-8.49897861480713,"Unknown"
"6227756",371834,2025-08-18 23:36:19,43.3294944763184,-8.49901580810547,"Unknown"
"6227756",371834,2025-08-18 23:46:19,43.3294792175293,-8.49898529052734,"Unknown"
"6227756",371834,2025-08-18 23:56:17,43.3295059204102,-8.49896144866943,"Unknown"
"6227756",371834,2025-08-19 00:06:43,43.3295593261719,-8.49905109405518,"Unknown"
"6227756",371834,2025-08-19 00:16:19,43.3294715881348,-8.49903297424316,"Unknown"
"6227756",371834,2025-08-19 00:26:19,43.3295249938965,-8.49899768829346,"Unknown"
"6227756",371834,2025-08-19 00:36:19,43.3294792175293,-8.49894523620605,"Unknown"
"6227756",371834,2025-08-19 00:46:35,43.3294715881348,-8.49890041351318,"Unknown"
"6227756",371834,2025-08-19 00:56:09,43.3294639587402,-8.49879932403564,"Unknown"
"6227756",371834,2025-08-19 01:06:09,43.3294830322266,-8.49856472015381,"Unknown"
"6227756",371834,2025-08-19 01:16:08,43.3295593261719,-8.49860191345215,"Unknown"
"6227756",371834,2025-08-19 01:26:08,43.3294639587402,-8.49844455718994,"Unknown"
"6227756",371834,2025-08-19 01:36:09,43.3294792175293,-8.49822616577148,"Unknown"
"6227756",371834,2025-08-19 01:46:35,43.3294219970703,-8.49893093109131,"Unknown"
"6227756",371834,2025-08-19 01:56:09,43.329418182373,-8.4989070892334,"Unknown"
"6227756",371834,2025-08-19 02:06:10,43.3292617797852,-8.4987907409668,"Unknown"
"6227756",371834,2025-08-19 02:16:10,43.3292922973633,-8.49878406524658,"Unknown"
"6227756",371834,2025-08-19 02:26:19,43.3294982910156,-8.49894523620605,"Unknown"
"6227756",371834,2025-08-19 02:36:10,43.3296661376953,-8.49918651580811,"Unknown"
"6227756",371834,2025-08-19 02:46:16,43.3295059204102,-8.49893760681152,"Unknown"
"6227756",371834,2025-08-19 02:56:16,43.329532623291,-8.49894046783447,"Unknown"
"6227756",371834,2025-08-19 03:06:21,43.3295097351074,-8.49899768829346,"Unknown"
"6227756",371834,2025-08-19 03:16:35,43.3295249938965,-8.49897193908691,"Unknown"
"6227756",371834,2025-08-19 03:26:09,43.329517364502,-8.49898052215576,"Unknown"
"6227756",371834,2025-08-19 03:36:09,43.3294792175293,-8.49897289276123,"Unknown"
"6227756",371834,2025-08-19 03:46:14,43.3294410705566,-8.49893379211426,"Unknown"
"6227756",371834,2025-08-19 03:56:09,43.3295059204102,-8.49897193908691,"Unknown"
"6227756",371834,2025-08-19 04:06:09,43.3294792175293,-8.49900054931641,"Unknown"
"6227756",371834,2025-08-19 04:16:09,43.3294525146484,-8.49904346466064,"Unknown"
"6227756",371834,2025-08-19 04:26:09,43.3294563293457,-8.49902534484863,"Unknown"
"6227756",371834,2025-08-19 04:36:10,43.329719543457,-8.49877166748047,"Unknown"
"6227756",371834,2025-08-19 04:46:09,43.3295364379883,-8.4989128112793,"Unknown"
"6227756",371834,2025-08-19 04:56:10,43.3294906616211,-8.49902439117432,"Unknown"
"6227756",371834,2025-08-19 05:06:11,43.3295516967773,-8.49897766113281,"Unknown"
"6227756",371834,2025-08-19 05:16:14,43.3294448852539,-8.49902629852295,"Unknown"
"6227756",371834,2025-08-19 05:26:35,43.3295249938965,-8.4990177154541,"Unknown"
"6227756",371834,2025-08-19 05:36:10,43.3293914794922,-8.49924945831299,"Unknown"
"6227756",371834,2025-08-19 05:46:12,43.3297348022461,-8.49895191192627,"Unknown"
"6227756",371834,2025-08-19 05:56:10,43.3296661376953,-8.4990062713623,"Unknown"
"6227756",371834,2025-08-19 06:06:35,43.3295364379883,-8.49906158447266,"Unknown"
"6227756",371834,2025-08-19 06:16:10,43.3295097351074,-8.49972820281982,"Unknown"
"6227756",371834,2025-08-19 06:26:17,43.3295288085938,-8.49900913238525,"Unknown"
"6227756",371834,2025-08-19 06:36:19,43.3295402526855,-8.49900150299072,"Unknown"
"6227756",371834,2025-08-19 06:46:19,43.3295555114746,-8.49899864196777,"Unknown"
"6227756",371834,2025-08-19 06:56:19,43.3295555114746,-8.49897861480713,"Unknown"
"6227756",371834,2025-08-19 07:06:17,43.3295440673828,-8.49898147583008,"Unknown"
"6227756",371834,2025-08-19 07:16:14,43.3295516967773,-8.49900722503662,"Unknown"
"6227756",371834,2025-08-19 07:26:32,43.3295593261719,-8.49895763397217,"Unknown"
"6227756",371834,2025-08-19 07:36:09,43.3297882080078,-8.49868869781494,"Unknown"
"6227756",371834,2025-08-19 07:46:09,43.3299369812012,-8.49843120574951,"Unknown"
"6227756",371834,2025-08-19 07:56:11,43.329948425293,-8.49858093261719,"Unknown"
"6227756",371834,2025-08-19 08:06:35,43.3295059204102,-8.49899768829346,"Unknown"
"6227756",371834,2025-08-19 08:16:09,43.3294982910156,-8.49901676177979,"Unknown"
"6227756",371834,2025-08-19 08:26:10,43.329288482666,-8.49886989593506,"Unknown"
"6227756",371834,2025-08-19 08:36:13,43.3293037414551,-8.49887371063232,"Unknown"
"6227756",371834,2025-08-19 08:46:11,43.3296318054199,-8.49911594390869,"Unknown"
"6227756",371834,2025-08-19 08:56:35,43.3294715881348,-8.4990348815918,"Unknown"
"6227756",371834,2025-08-19 09:06:10,43.3293304443359,-8.49900054931641,"Unknown"
"6227756",371834,2025-08-19 09:16:10,43.3294486999512,-8.49904918670654,"Unknown"
"6227756",371834,2025-08-19 09:26:09,43.3293609619141,-8.49898529052734,"Unknown"
"6227756",371834,2025-08-19 09:36:12,43.3296699523926,-8.49900913238525,"Unknown"
"6227756",371834,2025-08-19 09:46:14,43.3294906616211,-8.49904441833496,"Unknown"
"6227756",371834,2025-08-19 09:56:16,43.3295059204102,-8.4990062713623,"Unknown"
"6227756",371834,2025-08-19 10:06:35,43.329475402832,-8.4990062713623,"Unknown"
"6227756",371834,2025-08-19 10:16:09,43.3294486999512,-8.4989595413208,"Unknown"
"6227756",371834,2025-08-19 10:26:09,43.3294486999512,-8.49902248382568,"Unknown"
"6227756",371834,2025-08-19 10:36:09,43.3294944763184,-8.49902820587158,"Unknown"
"6227756",371834,2025-08-19 10:46:09,43.329475402832,-8.49900245666504,"Unknown"
"6227756",371834,2025-08-19 10:56:09,43.329418182373,-8.49899673461914,"Unknown"
"6227756",371834,2025-08-19 11:06:09,43.3294639587402,-8.49896049499512,"Unknown"
"6227756",371834,2025-08-19 11:16:09,43.3294792175293,-8.49893856048584,"Unknown"
"6227756",371834,2025-08-19 11:26:09,43.3293266296387,-8.4989070892334,"Unknown"
"6227756",371834,2025-08-19 11:36:10,43.3294143676758,-8.49892044067383,"Unknown"
"6227756",371834,2025-08-19 11:46:35,43.3294868469238,-8.49897003173828,"Unknown"
"6227756",371834,2025-08-19 11:56:16,43.3294906616211,-8.49903202056885,"Unknown"
"6227756",371834,2025-08-19 12:06:35,43.3294792175293,-8.49903106689453,"Unknown"
"6227756",371834,2025-08-19 12:16:10,43.3297157287598,-8.49914455413818,"Unknown"
"6227756",371834,2025-08-19 12:26:12,43.3297348022461,-8.49945449829102,"Unknown"
"6227756",371834,2025-08-19 12:36:35,43.3294944763184,-8.49900436401367,"Unknown"
"6227756",371834,2025-08-19 12:46:09,43.3294944763184,-8.49895191192627,"Unknown"
"6227756",371834,2025-08-19 12:56:09,43.3294296264648,-8.49900722503662,"Unknown"
"6227756",371834,2025-08-19 13:06:09,43.3294677734375,-8.49899673461914,"Unknown"
"6227756",371834,2025-08-19 13:16:09,43.3294486999512,-8.49901962280273,"Unknown"
"6227756",371834,2025-08-19 13:26:09,43.3294830322266,-8.49893283843994,"Unknown"
"6227756",371834,2025-08-19 13:36:09,43.3295097351074,-8.49897766113281,"Unknown"
"6227756",371834,2025-08-19 13:46:11,43.3294525146484,-8.49902248382568,"Unknown"
"6227756",371834,2025-08-19 13:56:10,43.3294868469238,-8.49899291992188,"Unknown"
"6227756",371834,2025-08-19 14:06:12,43.3293380737305,-8.4989128112793,"Unknown"
"6227756",371834,2025-08-19 14:16:19,43.3294982910156,-8.49899196624756,"Unknown"
"6227756",371834,2025-08-19 14:26:35,43.3295097351074,-8.4990119934082,"Unknown"
"6227756",371834,2025-08-19 14:36:09,43.3297538757324,-8.49945259094238,"Unknown"
"6227756",371834,2025-08-19 14:46:09,43.3295745849609,-8.4991512298584,"Unknown"
"6227756",371834,2025-08-19 14:56:10,43.3295402526855,-8.49911403656006,"Unknown"
"6227756",371834,2025-08-19 15:06:11,43.3296585083008,-8.49935722351074,"Unknown"
"6227756",371834,2025-08-19 15:16:14,43.3294334411621,-8.49898815155029,"Unknown"
"6227756",371834,2025-08-19 15:26:14,43.3294372558594,-8.49902439117432,"Unknown"
"6227756",371834,2025-08-19 15:36:14,43.3294410705566,-8.49906063079834,"Unknown"
"6227756",371834,2025-08-19 15:46:13,43.329418182373,-8.49903678894043,"Unknown"
"6227756",371834,2025-08-19 15:56:12,43.3294715881348,-8.49911022186279,"Unknown"
"6227756",371834,2025-08-19 16:06:11,43.3294677734375,-8.49923038482666,"Unknown"
"6227756",371834,2025-08-19 16:16:12,43.3294677734375,-8.4992618560791,"Unknown"
"6227756",371834,2025-08-19 16:26:13,43.3294448852539,-8.49917602539062,"Unknown"
"6227756",371834,2025-08-19 16:36:35,43.3294410705566,-8.49895668029785,"Unknown"
"6227756",371834,2025-08-19 16:46:10,43.3293914794922,-8.49896812438965,"Unknown"
"6227756",371834,2025-08-19 16:56:10,43.3294258117676,-8.49893569946289,"Unknown"
"6227756",371834,2025-08-19 17:06:11,43.3295021057129,-8.49901103973389,"Unknown"
"6227756",371834,2025-08-19 17:16:11,43.3293571472168,-8.4988899230957,"Unknown"
"6227756",371834,2025-08-19 17:26:15,43.3294410705566,-8.49893093109131,"Unknown"
"6227756",371834,2025-08-19 17:36:15,43.329418182373,-8.49893093109131,"Unknown"
"6227756",371834,2025-08-19 17:46:15,43.3294334411621,-8.49891567230225,"Unknown"
"6227756",371834,2025-08-19 17:56:27,43.3292350769043,-8.4989595413208,"Unknown"
"6227756",371834,2025-08-19 18:06:35,43.3294525146484,-8.49898338317871,"Unknown"
"6227756",371834,2025-08-19 18:16:11,43.3292999267578,-8.49889659881592,"Unknown"
"6227756",371834,2025-08-19 18:26:11,43.329418182373,-8.49896621704102,"Unknown"
"6227756",371834,2025-08-19 18:36:21,43.3294296264648,-8.4990177154541,"Unknown"
"6227756",371834,2025-08-19 18:46:21,43.3294334411621,-8.49899864196777,"Unknown"
"6227756",371834,2025-08-19 18:56:22,43.3294944763184,-8.49896717071533,"Unknown"
"6227756",371834,2025-08-19 19:06:23,43.3295097351074,-8.49900245666504,"Unknown"
"6227756",371834,2025-08-19 19:16:35,43.3294372558594,-8.49899387359619,"Unknown"
"6227756",371834,2025-08-19 19:26:10,43.3295097351074,-8.49901390075684,"Unknown"
"6227756",371834,2025-08-19 19:36:15,43.3293685913086,-8.49889850616455,"Unknown"
"6227756",371834,2025-08-19 19:46:59,43.3294563293457,-8.49895668029785,"Unknown"
"6227756",371834,2025-08-19 19:56:20,43.3294258117676,-8.49896049499512,"Unknown"
"6227756",371834,2025-08-19 20:06:21,43.329418182373,-8.49891948699951,"Unknown"
"6227756",371834,2025-08-19 20:16:23,43.3294677734375,-8.49898338317871,"Unknown"
"6227756",371834,2025-08-19 20:26:22,43.3294410705566,-8.49895668029785,"Unknown"
"6227756",371834,2025-08-19 20:36:23,43.3295936584473,-8.49903106689453,"Unknown"
"6227756",371834,2025-08-19 20:46:31,43.3295021057129,-8.49896717071533,"Unknown"
"6227756",371834,2025-08-19 20:56:32,43.3295631408691,-8.49900531768799,"Unknown"
"6227756",371834,2025-08-19 21:06:35,43.3295745849609,-8.49903106689453,"Unknown"
"6227756",371834,2025-08-19 21:16:37,43.3295021057129,-8.49908447265625,"Unknown"
"6227756",371834,2025-08-19 21:26:53,43.3296737670898,-8.49898052215576,"Unknown"
"6227756",371834,2025-08-19 21:36:20,43.3297729492188,-8.49904346466064,"Unknown"
"6227756",371834,2025-08-19 21:46:44,43.3295555114746,-8.49897861480713,"Unknown"
"6227756",371834,2025-08-19 21:56:20,43.3292770385742,-8.49877834320068,"Unknown"
"6227756",371834,2025-08-19 22:06:21,43.3292083740234,-8.4986400604248,"Unknown"
"6227756",371834,2025-08-19 22:16:21,43.329174041748,-8.49870681762695,"Unknown"
"6227756",371834,2025-08-19 22:26:21,43.3293342590332,-8.49883651733398,"Unknown"
"6227756",371834,2025-08-19 22:36:53,43.329475402832,-8.49896240234375,"Unknown"
"6227756",371834,2025-08-19 22:46:30,43.3295059204102,-8.49898719787598,"Unknown"
"6227756",371834,2025-08-19 22:56:30,43.3295059204102,-8.49899959564209,"Unknown"
"6227756",371834,2025-08-19 23:06:30,43.3295059204102,-8.49899387359619,"Unknown"
"6227756",371834,2025-08-19 23:16:30,43.3295364379883,-8.49903011322021,"Unknown"
"6227756",371834,2025-08-19 23:26:30,43.3295402526855,-8.49903678894043,"Unknown"
"6227756",371834,2025-08-19 23:36:44,43.3295555114746,-8.49902725219727,"Unknown"
"6227756",371834,2025-08-19 23:46:30,43.3295478820801,-8.49904632568359,"Unknown"
"6227756",371834,2025-08-19 23:56:30,43.3296318054199,-8.49904251098633,"Unknown"
"6227756",371834,2025-08-20 00:06:59,43.3295822143555,-8.49898624420166,"Unknown"
"6227756",371834,2025-08-20 00:16:20,43.3295478820801,-8.49907112121582,"Unknown"
"6227756",371834,2025-08-20 00:26:20,43.3296775817871,-8.49960994720459,"Unknown"
"6227756",371834,2025-08-20 00:36:25,43.329460144043,-8.49895477294922,"Unknown"
"6227756",371834,2025-08-20 00:46:30,43.3294258117676,-8.49890232086182,"Unknown"
"6227756",371834,2025-08-20 00:56:30,43.3294219970703,-8.49879932403564,"Unknown"
"6227756",371834,2025-08-20 01:06:30,43.3293952941895,-8.49884986877441,"Unknown"
"6227756",371834,2025-08-20 01:16:30,43.3291702270508,-8.49813938140869,"Unknown"
"6227756",371834,2025-08-20 01:26:44,43.3294448852539,-8.49899291992188,"Unknown"
"6227756",371834,2025-08-20 01:36:20,43.3294410705566,-8.49903583526611,"Unknown"
"6227756",371834,2025-08-20 01:46:30,43.3298034667969,-8.49977493286133,"Unknown"
"6227756",371834,2025-08-20 01:56:30,43.3295555114746,-8.49919700622559,"Unknown"
"6227756",371834,2025-08-20 02:06:30,43.3295364379883,-8.49915790557861,"Unknown"
"6227756",371834,2025-08-20 02:16:44,43.32958984375,-8.49917411804199,"Unknown"
"6227756",371834,2025-08-20 02:26:21,43.3294067382812,-8.4990701675415,"Unknown"
"6227756",371834,2025-08-20 02:36:21,43.3294525146484,-8.49898147583008,"Unknown"
"6227756",371834,2025-08-20 02:46:45,43.3294677734375,-8.49909782409668,"Unknown"
"6227756",371834,2025-08-20 02:56:25,43.3294830322266,-8.49907970428467,"Unknown"
"6227756",371834,2025-08-20 03:06:27,43.3295593261719,-8.49928379058838,"Unknown"
"6227756",371834,2025-08-20 03:16:22,43.3294868469238,-8.49893283843994,"Unknown"
"6227756",371834,2025-08-20 03:26:45,43.3294448852539,-8.49899387359619,"Unknown"
"6227756",371834,2025-08-20 03:36:22,43.3292388916016,-8.49848747253418,"Unknown"
"6227756",371834,2025-08-20 03:46:45,43.3295249938965,-8.49902534484863,"Unknown"
"6227756",371834,2025-08-20 03:56:21,43.3296852111816,-8.49941444396973,"Unknown"
"6227756",371834,2025-08-20 04:06:24,43.329906463623,-8.49988174438477,"Unknown"
"6227756",371834,2025-08-20 04:16:44,43.329475402832,-8.49886512756348,"Unknown"
"6227756",371834,2025-08-20 04:26:21,43.3294715881348,-8.49885749816895,"Unknown"
"6227756",371834,2025-08-20 04:36:22,43.3297576904297,-8.49950408935547,"Unknown"
"6227756",371834,2025-08-20 04:46:44,43.329517364502,-8.49902057647705,"Unknown"
"6227756",371834,2025-08-20 04:56:23,43.3300361633301,-8.4996452331543,"Unknown"
"6227756",371834,2025-08-20 05:06:22,43.3296012878418,-8.49915027618408,"Unknown"
"6227756",371834,2025-08-20 05:16:33,43.3295288085938,-8.49904155731201,"Unknown"
"6227756",371834,2025-08-20 05:26:30,43.3296012878418,-8.49915981292725,"Unknown"
"6227756",371834,2025-08-20 05:36:44,43.3297882080078,-8.49926948547363,"Unknown"
"6227756",371834,2025-08-20 05:46:44,43.3297576904297,-8.49923133850098,"Unknown"
"6227756",371834,2025-08-20 05:56:21,43.3299293518066,-8.49925899505615,"Unknown"
"6227756",371834,2025-08-20 06:06:28,43.3296203613281,-8.49911022186279,"Unknown"
"6227756",371834,2025-08-20 06:16:30,43.3296356201172,-8.49909687042236,"Unknown"
"6227756",371834,2025-08-20 06:26:31,43.3294868469238,-8.49918937683105,"Unknown"
"6227756",371834,2025-08-20 06:36:46,43.3295021057129,-8.49920558929443,"Unknown"
"6227756",371834,2025-08-20 06:46:31,43.3295249938965,-8.49918270111084,"Unknown"
"6227756",371834,2025-08-20 06:56:53,43.3294219970703,-8.49914741516113,"Unknown"
"6227756",371834,2025-08-20 07:06:22,43.3293037414551,-8.4994592666626,"Unknown"
"6227756",371834,2025-08-20 07:16:25,43.3294906616211,-8.49905204772949,"Unknown"
"6227756",371834,2025-08-20 07:26:22,43.329776763916,-8.49829578399658,"Unknown"
"6227756",371834,2025-08-20 07:36:24,43.3296699523926,-8.49854469299316,"Unknown"
"6227756",371834,2025-08-20 07:46:44,43.3294982910156,-8.49897289276123,"Unknown"
"6227756",371834,2025-08-20 07:56:20,43.3294906616211,-8.49899768829346,"Unknown"
"6227756",371834,2025-08-20 08:06:21,43.329029083252,-8.49936199188232,"Unknown"
"6227756",371834,2025-08-20 08:16:21,43.32958984375,-8.49898147583008,"Unknown"
"6227756",371834,2025-08-20 08:26:24,43.3296737670898,-8.49886322021484,"Unknown"
"6227756",371834,2025-08-20 08:36:53,43.3295288085938,-8.49895572662354,"Unknown"
"6227756",371834,2025-08-20 08:46:28,43.3294296264648,-8.49900150299072,"Unknown"
"6227756",371834,2025-08-20 08:56:28,43.3294830322266,-8.49901580810547,"Unknown"
"6227756",371834,2025-08-20 09:06:30,43.3294982910156,-8.49893760681152,"Unknown"
"6227756",371834,2025-08-20 09:16:30,43.3296203613281,-8.49889469146729,"Unknown"
"6227756",371834,2025-08-20 09:26:30,43.3295211791992,-8.49897384643555,"Unknown"
"6227756",371834,2025-08-20 09:36:59,43.3294372558594,-8.49903106689453,"Unknown"
"6227756",371834,2025-08-20 09:46:20,43.3294143676758,-8.49900436401367,"Unknown"
"6227756",371834,2025-08-20 09:56:21,43.3294677734375,-8.49901294708252,"Unknown"
"6227756",371834,2025-08-20 10:06:22,43.3295860290527,-8.49916744232178,"Unknown"
"6227756",371834,2025-08-20 10:16:24,43.3294868469238,-8.4990234375,"Unknown"
"6227756",371834,2025-08-20 10:26:25,43.3294792175293,-8.49899482727051,"Unknown"
"6227756",371834,2025-08-20 10:36:41,43.3294525146484,-8.4990119934082,"Unknown"
"6227756",371834,2025-08-20 10:46:22,43.3294105529785,-8.49897575378418,"Unknown"
"6227756",371834,2025-08-20 10:56:21,43.3294334411621,-8.49895286560059,"Unknown"
"6227756",371834,2025-08-20 11:06:21,43.3294639587402,-8.49898624420166,"Unknown"
"6227756",371834,2025-08-20 11:16:29,43.3294372558594,-8.49900054931641,"Unknown"
"6227756",371834,2025-08-20 11:26:53,43.3294677734375,-8.49899291992188,"Unknown"
"6227756",371834,2025-08-20 11:36:30,43.329460144043,-8.49894714355469,"Unknown"
"6227756",371834,2025-08-20 11:46:33,43.3294792175293,-8.49900531768799,"Unknown"
"6227756",371834,2025-08-20 11:56:35,43.3294906616211,-8.4990062713623,"Unknown"
"6227756",371834,2025-08-20 12:06:44,43.3294944763184,-8.4990062713623,"Unknown"
"6227756",371834,2025-08-20 12:16:21,43.3296432495117,-8.49909210205078,"Unknown"
"6227756",371834,2025-08-20 12:26:21,43.3296279907227,-8.49916362762451,"Unknown"
"6227756",371834,2025-08-20 12:36:59,43.3294944763184,-8.4990062713623,"Unknown"
"6227756",371834,2025-08-20 12:46:20,43.3294868469238,-8.49895858764648,"Unknown"
"6227756",371834,2025-08-20 12:56:20,43.3294944763184,-8.49897003173828,"Unknown"
"6227756",371834,2025-08-20 13:06:20,43.3294525146484,-8.49899578094482,"Unknown"
"6227756",371834,2025-08-20 13:16:20,43.3293838500977,-8.49895286560059,"Unknown"
"6227756",371834,2025-08-20 13:26:21,43.3294296264648,-8.49898719787598,"Unknown"
"6227756",371834,2025-08-20 13:36:21,43.3294639587402,-8.49906158447266,"Unknown"
"6227756",371834,2025-08-20 13:46:21,43.3294143676758,-8.4989709854126,"Unknown"
"6227756",371834,2025-08-20 13:56:22,43.3295478820801,-8.49903202056885,"Unknown"
"6227756",371834,2025-08-20 14:06:30,43.3294982910156,-8.49899673461914,"Unknown"
"6227756",371834,2025-08-20 14:16:44,43.3294486999512,-8.4989709854126,"Unknown"
"6227756",371834,2025-08-20 14:26:20,43.329460144043,-8.49893569946289,"Unknown"
"6227756",371834,2025-08-20 14:36:20,43.3294563293457,-8.49900722503662,"Unknown"
"6227756",371834,2025-08-20 14:46:44,43.3294677734375,-8.49897861480713,"Unknown"
"6227756",371834,2025-08-20 14:56:20,43.3293609619141,-8.49890327453613,"Unknown"
"6227756",371834,2025-08-20 15:06:22,43.3294372558594,-8.49901008605957,"Unknown"
"6227756",371834,2025-08-20 15:16:21,43.3294258117676,-8.4989595413208,"Unknown"
"6227756",371834,2025-08-20 15:26:25,43.329517364502,-8.49898815155029,"Unknown"
"6227756",371834,2025-08-20 15:36:45,43.3295440673828,-8.49893093109131,"Unknown"
"6227756",371834,2025-08-20 15:46:25,43.3294982910156,-8.49895286560059,"Unknown"
"6227756",371834,2025-08-20 15:56:33,43.3295249938965,-8.49900531768799,"Unknown"
"6227756",371834,2025-08-20 16:06:28,43.329517364502,-8.49885749816895,"Unknown"
"6227756",371834,2025-08-20 16:16:28,43.3295936584473,-8.49918365478516,"Unknown"
"6227756",371834,2025-08-20 16:26:34,43.3298645019531,-8.49931716918945,"Unknown"
"6227756",371834,2025-08-20 16:36:53,43.3294944763184,-8.49904346466064,"Unknown"
"6227756",371834,2025-08-20 16:46:20,43.3294258117676,-8.49891948699951,"Unknown"
"6227756",371834,2025-08-20 16:56:20,43.3295211791992,-8.49898147583008,"Unknown"
"6227756",371834,2025-08-20 17:06:20,43.3294830322266,-8.4990758895874,"Unknown"
"6227756",371834,2025-08-20 17:16:21,43.3294258117676,-8.49897384643555,"Unknown"
"6227756",371834,2025-08-20 17:26:24,43.3293495178223,-8.49876308441162,"Unknown"
"6227756",371834,2025-08-20 17:36:44,43.3295211791992,-8.49896907806396,"Unknown"
"6227756",371834,2025-08-20 17:46:20,43.3295669555664,-8.4990873336792,"Unknown"
"6227756",371834,2025-08-20 17:56:25,43.3295593261719,-8.49894237518311,"Unknown"
"6227756",371834,2025-08-20 18:06:25,43.329418182373,-8.49895095825195,"Unknown"
"6227756",371834,2025-08-20 18:16:22,43.3294944763184,-8.49852561950684,"Unknown"
"6227756",371834,2025-08-20 18:26:29,43.3296432495117,-8.49870300292969,"Unknown"
"6227756",371834,2025-08-20 18:36:44,43.329647064209,-8.49859619140625,"Unknown"
"6227756",371834,2025-08-20 18:46:30,43.3297271728516,-8.49825859069824,"Unknown"
"6227756",371834,2025-08-20 18:56:31,43.3297386169434,-8.49804782867432,"Unknown"
"6227756",371834,2025-08-20 19:06:53,43.3294067382812,-8.49897003173828,"Unknown"
"6227756",371834,2025-08-20 19:16:24,43.3307037353516,-8.49899101257324,"Unknown"
"6227756",371834,2025-08-20 19:26:22,43.3296394348145,-8.49901008605957,"Unknown"
"6227756",371834,2025-08-20 19:36:27,43.3295288085938,-8.49902629852295,"Unknown"
"6227756",371834,2025-08-20 19:46:45,43.3293075561523,-8.49885749816895,"Unknown"
"6227756",371834,2025-08-20 19:56:20,43.329231262207,-8.49875736236572,"Unknown"
"6227756",371834,2025-08-20 20:06:20,43.3290328979492,-8.49861717224121,"Unknown"
"6227756",371834,2025-08-20 20:16:22,43.3292503356934,-8.49874210357666,"Unknown"
"6227756",371834,2025-08-20 20:26:24,43.3290863037109,-8.4985179901123,"Unknown"
"6227756",371834,2025-08-20 20:36:45,43.3294105529785,-8.49935626983643,"Unknown"
"6227756",371834,2025-08-20 20:46:21,43.3290977478027,-8.49817562103271,"Unknown"
"6227756",371834,2025-08-20 20:56:21,43.3290176391602,-8.49811744689941,"Unknown"
"6227756",371834,2025-08-20 21:06:24,43.3290023803711,-8.49835205078125,"Unknown"
"6227756",371834,2025-08-20 21:16:25,43.3296012878418,-8.49879360198975,"Unknown"
"6227756",371834,2025-08-20 21:26:32,43.3293685913086,-8.49860668182373,"Unknown"
"6227756",371834,2025-08-20 21:36:53,43.3296012878418,-8.49899101257324,"Unknown"
"6227756",371834,2025-08-20 21:46:20,43.3292655944824,-8.49867534637451,"Unknown"
"6227756",371834,2025-08-20 21:56:20,43.3294639587402,-8.49892997741699,"Unknown"
"6227756",371834,2025-08-20 22:06:21,43.329273223877,-8.49873828887939,"Unknown"
"6227756",371834,2025-08-20 22:16:21,43.3296203613281,-8.49904537200928,"Unknown"
"6227756",371834,2025-08-20 22:26:21,43.3294944763184,-8.49892711639404,"Unknown"
"6227756",371834,2025-08-20 22:36:45,43.3295822143555,-8.49897289276123,"Unknown"
"6227756",371834,2025-08-20 22:46:20,43.329532623291,-8.49895000457764,"Unknown"
"6227756",371834,2025-08-20 22:56:20,43.3295097351074,-8.49899291992188,"Unknown"
"6227756",371834,2025-08-20 23:06:20,43.329776763916,-8.49913692474365,"Unknown"
"6227756",371834,2025-08-20 23:16:21,43.3303146362305,-8.4994535446167,"Unknown"
"6227756",371834,2025-08-20 23:26:24,43.3285865783691,-8.49843215942383,"Unknown"
"6227756",371834,2025-08-20 23:36:45,43.3295745849609,-8.49889755249023,"Unknown"
"6227756",371834,2025-08-20 23:46:21,43.3294906616211,-8.49892997741699,"Unknown"
"6227756",371834,2025-08-20 23:56:22,43.3293876647949,-8.49910449981689,"Unknown"
"6227756",371834,2025-08-21 00:06:30,43.3294677734375,-8.49899864196777,"Unknown"
"6227756",371834,2025-08-21 00:16:30,43.329418182373,-8.49900150299072,"Unknown"
"6227756",371834,2025-08-21 00:26:30,43.3293533325195,-8.49903202056885,"Unknown"
"6227756",371834,2025-08-21 00:36:59,43.3294067382812,-8.49903869628906,"Unknown"
"6227756",371834,2025-08-21 00:46:20,43.3294448852539,-8.49892902374268,"Unknown"
"6227756",371834,2025-08-21 00:56:20,43.329402923584,-8.49901294708252,"Unknown"
"6227756",371834,2025-08-21 01:06:20,43.3294563293457,-8.49898529052734,"Unknown"
"6227756",371834,2025-08-21 01:16:20,43.3294219970703,-8.49900436401367,"Unknown"
"6227756",371834,2025-08-21 01:26:20,43.3293991088867,-8.49898052215576,"Unknown"
"6227756",371834,2025-08-21 01:36:20,43.3294715881348,-8.49903583526611,"Unknown"
"6227756",371834,2025-08-21 01:46:20,43.3294143676758,-8.49896144866943,"Unknown"
"6227756",371834,2025-08-21 01:56:20,43.3293647766113,-8.49888229370117,"Unknown"
"6227756",371834,2025-08-21 02:06:21,43.3294067382812,-8.49895095825195,"Unknown"
"6227756",371834,2025-08-21 02:16:30,43.3294525146484,-8.49903583526611,"Unknown"
"6227756",371834,2025-08-21 02:26:21,43.3296890258789,-8.49921894073486,"Unknown"
"6227756",371834,2025-08-21 02:36:24,43.3295822143555,-8.49916458129883,"Unknown"
"6227756",371834,2025-08-21 02:46:44,43.3295097351074,-8.49900913238525,"Unknown"
"6227756",371834,2025-08-21 02:56:27,43.3295211791992,-8.49888038635254,"Unknown"
"6227756",371834,2025-08-21 03:06:30,43.3295135498047,-8.49890518188477,"Unknown"
"6227756",371834,2025-08-21 03:16:30,43.3294715881348,-8.49875736236572,"Unknown"
"6227756",371834,2025-08-21 03:26:28,43.3294868469238,-8.49908256530762,"Unknown"
"6227756",371834,2025-08-21 03:36:44,43.3295021057129,-8.49890041351318,"Unknown"
"6227756",371834,2025-08-21 03:46:24,43.3295936584473,-8.49932765960693,"Unknown"
"6227756",371834,2025-08-21 03:56:24,43.3294639587402,-8.49856281280518,"Unknown"
"6227756",371834,2025-08-21 04:06:25,43.3294486999512,-8.49877643585205,"Unknown"
"6227756",371834,2025-08-21 04:16:44,43.3294944763184,-8.49904537200928,"Unknown"
"6227756",371834,2025-08-21 04:26:23,43.3296203613281,-8.4992036819458,"Unknown"
"6227756",371834,2025-08-21 04:36:44,43.3295631408691,-8.49909019470215,"Unknown"
"6227756",371834,2025-08-21 04:46:21,43.3294296264648,-8.49889945983887,"Unknown"
"6227756",371834,2025-08-21 04:56:25,43.3292007446289,-8.49868869781494,"Unknown"
"6227756",371834,2025-08-21 05:06:25,43.329761505127,-8.49937534332275,"Unknown"
"6227756",371834,2025-08-21 05:16:30,43.3296241760254,-8.49923229217529,"Unknown"
"6227756",371834,2025-08-21 05:26:53,43.3295288085938,-8.49910926818848,"Unknown"
"6227756",371834,2025-08-21 05:37:05,43.3294525146484,-8.49901962280273,"Unknown"
"6227756",371834,2025-08-21 05:46:20,43.3295631408691,-8.49916934967041,"Unknown"
"6227756",371834,2025-08-21 05:56:21,43.3295097351074,-8.49942588806152,"Unknown"
"6227756",371834,2025-08-21 06:06:21,43.3294792175293,-8.49922561645508,"Unknown"
"6227756",371834,2025-08-21 06:16:23,43.3294525146484,-8.50005722045898,"Unknown"
"6227756",371834,2025-08-21 06:26:30,43.3295059204102,-8.49902057647705,"Unknown"
"6227756",371834,2025-08-21 06:36:28,43.3294982910156,-8.4990177154541,"Unknown"
"6227756",371834,2025-08-21 06:46:22,43.329475402832,-8.49823760986328,"Unknown"
"6227756",371834,2025-08-21 06:56:21,43.3294296264648,-8.49875068664551,"Unknown"
"6227756",371834,2025-08-21 07:06:22,43.3294219970703,-8.49840927124023,"Unknown"
"6227756",371834,2025-08-21 07:16:28,43.3295822143555,-8.49888706207275,"Unknown"
"6227756",371834,2025-08-21 07:26:43,43.3293609619141,-8.49891567230225,"Unknown"
"6227756",371834,2025-08-21 07:36:53,43.3295631408691,-8.49894428253174,"Unknown"
"6227756",371834,2025-08-21 07:46:59,43.3294792175293,-8.49898815155029,"Unknown"
"6227756",371834,2025-08-21 07:56:20,43.3294677734375,-8.49903297424316,"Unknown"
"6227756",371834,2025-08-21 08:06:20,43.3295097351074,-8.49904918670654,"Unknown"
"6227756",371834,2025-08-21 08:16:20,43.3295097351074,-8.49897480010986,"Unknown"
"6227756",371834,2025-08-21 08:26:25,43.3296012878418,-8.49894428253174,"Unknown"
"6227756",371834,2025-08-21 08:36:22,43.3293838500977,-8.49892234802246,"Unknown"
"6227756",371834,2025-08-21 08:47:05,43.329517364502,-8.49895286560059,"Unknown"
"6227756",371834,2025-08-21 08:56:21,43.3293113708496,-8.49897480010986,"Unknown"
"6227756",371834,2025-08-21 09:06:21,43.3293151855469,-8.4989595413208,"Unknown"
"6227756",371834,2025-08-21 09:16:20,43.3292999267578,-8.49892902374268,"Unknown"
"6227756",371834,2025-08-21 09:26:22,43.3294677734375,-8.49899196624756,"Unknown"
"6227756",371834,2025-08-21 09:36:20,43.3293952941895,-8.49881839752197,"Unknown"
"6227756",371834,2025-08-21 09:46:21,43.329475402832,-8.49900817871094,"Unknown"
"6227756",371834,2025-08-21 09:56:30,43.3295402526855,-8.49900245666504,"Unknown"
"6227756",371834,2025-08-21 10:06:20,43.3294296264648,-8.49894237518311,"Unknown"
"6227756",371834,2025-08-21 10:16:24,43.3294868469238,-8.49902725219727,"Unknown"
"6227756",371834,2025-08-21 10:26:44,43.3295555114746,-8.49905109405518,"Unknown"
"6227756",371834,2025-08-21 10:36:37,43.3293991088867,-8.49889469146729,"Unknown"
"6227756",371834,2025-08-21 10:47:05,43.329475402832,-8.49900436401367,"Unknown"
"6227756",371834,2025-08-21 10:56:20,43.3294639587402,-8.49900817871094,"Unknown"
"6227756",371834,2025-08-21 11:06:20,43.3295097351074,-8.4990119934082,"Unknown"
"6227756",371834,2025-08-21 11:16:20,43.3295440673828,-8.49898910522461,"Unknown"
"6227756",371834,2025-08-21 11:26:21,43.3295669555664,-8.4990234375,"Unknown"
"6227756",371834,2025-08-21 11:36:44,43.3294639587402,-8.4990177154541,"Unknown"
"6227756",371834,2025-08-21 11:46:21,43.3294448852539,-8.49893856048584,"Unknown"
"6227756",371834,2025-08-21 11:56:42,43.3295707702637,-8.49907779693604,"Unknown"
"6227756",371834,2025-08-21 12:06:22,43.3297309875488,-8.49939632415771,"Unknown"
"6227756",371834,2025-08-21 12:16:23,43.329517364502,-8.49911308288574,"Unknown"
"6227756",371834,2025-08-21 12:26:56,43.3295021057129,-8.49907493591309,"Unknown"
"6227756",371834,2025-08-21 12:36:20,43.3294906616211,-8.49902153015137,"Unknown"
"6227756",371834,2025-08-21 12:46:20,43.329532623291,-8.49899005889893,"Unknown"
"6227756",371834,2025-08-21 12:56:20,43.3296051025391,-8.49904727935791,"Unknown"
"6227756",371834,2025-08-21 13:06:20,43.3294868469238,-8.49899482727051,"Unknown"
"6227756",371834,2025-08-21 13:16:20,43.3294792175293,-8.49902439117432,"Unknown"
"6227756",371834,2025-08-21 13:26:21,43.3294486999512,-8.49898910522461,"Unknown"
"6227756",371834,2025-08-21 13:36:21,43.3295402526855,-8.49904823303223,"Unknown"
"6227756",371834,2025-08-21 13:46:22,43.3294639587402,-8.49896812438965,"Unknown"
"6227756",371834,2025-08-21 13:56:22,43.3294944763184,-8.49898147583008,"Unknown"
"6227756",371834,2025-08-21 14:06:44,43.3294906616211,-8.49899291992188,"Unknown"
"6227756",371834,2025-08-21 14:16:20,43.329517364502,-8.49901390075684,"Unknown"
"6227756",371834,2025-08-21 14:26:20,43.3296051025391,-8.4990930557251,"Unknown"
"6227756",371834,2025-08-21 14:36:20,43.3295593261719,-8.49901008605957,"Unknown"
"6227756",371834,2025-08-21 14:46:25,43.3297576904297,-8.49945068359375,"Unknown"
"6227756",371834,2025-08-21 14:56:30,43.329761505127,-8.49949359893799,"Unknown"
"6227756",371834,2025-08-21 15:06:30,43.3297500610352,-8.49953746795654,"Unknown"
"6227756",371834,2025-08-21 15:16:30,43.3297386169434,-8.49958992004395,"Unknown"
"6227756",371834,2025-08-21 15:26:36,43.3297233581543,-8.49977779388428,"Unknown"
"6227756",371834,2025-08-21 15:36:44,43.3296051025391,-8.49901580810547,"Unknown"
"6227756",371834,2025-08-21 15:46:22,43.3294258117676,-8.49928569793701,"Unknown"
"6227756",371834,2025-08-21 15:56:22,43.3294906616211,-8.49898719787598,"Unknown"
"6227756",371834,2025-08-21 16:06:25,43.3294715881348,-8.49916076660156,"Unknown"
"6227756",371834,2025-08-21 16:16:24,43.3294372558594,-8.49913311004639,"Unknown"
"6227756",371834,2025-08-21 16:26:40,43.3294258117676,-8.49903964996338,"Unknown"
"6227756",371834,2025-08-21 16:36:33,43.3295364379883,-8.49879264831543,"Unknown"
"6227756",371834,2025-08-21 16:46:54,43.3292961120605,-8.49846076965332,"Unknown"
"6227756",371834,2025-08-21 16:56:31,43.3294410705566,-8.49891948699951,"Unknown"
"6227756",371834,2025-08-21 17:06:31,43.3294067382812,-8.49894905090332,"Unknown"
"6227756",371834,2025-08-21 17:16:31,43.3294105529785,-8.49892902374268,"Unknown"
"6227756",371834,2025-08-21 17:26:29,43.3294219970703,-8.49891185760498,"Unknown"
"6227756",371834,2025-08-21 17:36:31,43.3293075561523,-8.49881267547607,"Unknown"
"6227756",371834,2025-08-21 17:46:44,43.3293342590332,-8.498854637146,"Unknown"
"6227756",371834,2025-08-21 17:56:23,43.3293533325195,-8.49887561798096,"Unknown"
"6227756",371834,2025-08-21 18:06:23,43.3293647766113,-8.49894237518311,"Unknown"
"6227756",371834,2025-08-21 18:16:24,43.3295440673828,-8.49898338317871,"Unknown"
"6227756",371834,2025-08-21 18:26:24,43.3295288085938,-8.49898624420166,"Unknown"
"6227756",371834,2025-08-21 18:36:44,43.329402923584,-8.49891757965088,"Unknown"
"6227756",371834,2025-08-21 18:46:23,43.3293800354004,-8.49897766113281,"Unknown"
"6227756",371834,2025-08-21 18:56:24,43.3292198181152,-8.49890327453613,"Unknown"
"6227756",371834,2025-08-21 19:06:29,43.3293685913086,-8.49889945983887,"Unknown"
"6227756",371834,2025-08-21 19:16:28,43.3292274475098,-8.49884986877441,"Unknown"
"6227756",371834,2025-08-21 19:26:25,43.3300132751465,-8.49863338470459,"Unknown"
"6227756",371834,2025-08-21 19:36:44,43.3294410705566,-8.49878787994385,"Unknown"
"6227756",371834,2025-08-21 19:46:23,43.3295974731445,-8.49867820739746,"Unknown"
"6227756",371834,2025-08-21 19:56:23,43.3294715881348,-8.49860763549805,"Unknown"
"6227756",371834,2025-08-21 20:06:23,43.3294219970703,-8.49843502044678,"Unknown"
"6227756",371834,2025-08-21 20:16:24,43.3295440673828,-8.49882507324219,"Unknown"
"6227756",371834,2025-08-21 20:26:25,43.3294906616211,-8.49880981445312,"Unknown"
"6227756",371834,2025-08-21 20:36:45,43.329402923584,-8.49884796142578,"Unknown"
"6227756",371834,2025-08-21 20:46:32,43.3294334411621,-8.49886417388916,"Unknown"
"6227756",371834,2025-08-21 20:56:24,43.3295478820801,-8.49895763397217,"Unknown"
"6227756",371834,2025-08-21 21:06:24,43.3295707702637,-8.49886894226074,"Unknown"
"6227756",371834,2025-08-21 21:16:25,43.3294715881348,-8.49892711639404,"Unknown"
"6227756",371834,2025-08-21 21:26:23,43.3295211791992,-8.49896430969238,"Unknown"
"6227756",371834,2025-08-21 21:36:44,43.3294677734375,-8.49890232086182,"Unknown"
"6227756",371834,2025-08-21 21:46:23,43.3293380737305,-8.49880027770996,"Unknown"
"6227756",371834,2025-08-21 21:56:23,43.3293533325195,-8.49879360198975,"Unknown"
"6227756",371834,2025-08-21 22:06:23,43.3296089172363,-8.49896812438965,"Unknown"
"6227756",371834,2025-08-21 22:16:24,43.329532623291,-8.4989128112793,"Unknown"
"6227756",371834,2025-08-21 22:26:26,43.329647064209,-8.49893188476562,"Unknown"
"6227756",371834,2025-08-21 22:36:45,43.3296089172363,-8.49898242950439,"Unknown"
"6227756",371834,2025-08-21 22:46:28,43.3297080993652,-8.49896812438965,"Unknown"
"6227756",371834,2025-08-21 22:56:31,43.3297653198242,-8.49889850616455,"Unknown"
"6227756",371834,2025-08-21 23:06:30,43.3295516967773,-8.49911689758301,"Unknown"
"6227756",371834,2025-08-21 23:16:41,43.3295860290527,-8.49942302703857,"Unknown"
"6227756",371834,2025-08-21 23:26:24,43.3296089172363,-8.49983882904053,"Unknown"
"6227756",371834,2025-08-21 23:36:31,43.329532623291,-8.49890232086182,"Unknown"
"6227756",371834,2025-08-21 23:46:45,43.3294944763184,-8.49880599975586,"Unknown"
"6227756",371834,2025-08-21 23:56:36,43.3294067382812,-8.49904918670654,"Unknown"
"6227756",371834,2025-08-22 00:06:44,43.3294258117676,-8.49904441833496,"Unknown"
"6227756",371834,2025-08-22 00:16:31,43.3293800354004,-8.4990758895874,"Unknown"
"6227756",371834,2025-08-22 00:26:31,43.3295097351074,-8.4989070892334,"Unknown"
"6227756",371834,2025-08-22 00:36:31,43.3293838500977,-8.49911022186279,"Unknown"
"6227756",371834,2025-08-22 00:46:45,43.3295249938965,-8.49897193908691,"Unknown"
"6227756",371834,2025-08-22 00:56:31,43.3295440673828,-8.49892616271973,"Unknown"
"6227756",371834,2025-08-22 01:06:31,43.3296051025391,-8.49844837188721,"Unknown"
"6227756",371834,2025-08-22 01:16:53,43.3295135498047,-8.4988899230957,"Unknown"
"6227756",371834,2025-08-22 01:26:31,43.3295211791992,-8.49892044067383,"Unknown"
"6227756",371834,2025-08-22 01:36:31,43.3295211791992,-8.4988899230957,"Unknown"
"6227756",371834,2025-08-22 01:46:45,43.3295021057129,-8.49889183044434,"Unknown"
"6227756",371834,2025-08-22 01:56:31,43.3294486999512,-8.4988489151001,"Unknown"
"6227756",371834,2025-08-22 02:06:31,43.3294868469238,-8.4989128112793,"Unknown"
"6227756",371834,2025-08-22 02:16:31,43.3293991088867,-8.49904155731201,"Unknown"
"6227756",371834,2025-08-22 02:26:32,43.3293685913086,-8.49933242797852,"Unknown"
"6227756",371834,2025-08-22 02:36:45,43.3294563293457,-8.49911022186279,"Unknown"
"6227756",371834,2025-08-22 02:46:31,43.329475402832,-8.49889945983887,"Unknown"
"6227756",371834,2025-08-22 02:56:31,43.3294639587402,-8.49912738800049,"Unknown"
"6227756",371834,2025-08-22 03:06:33,43.3294868469238,-8.49960422515869,"Unknown"
"6227756",371834,2025-08-22 03:17:03,43.3294296264648,-8.49904537200928,"Unknown"
"6227756",371834,2025-08-22 03:26:22,43.3294372558594,-8.49899959564209,"Unknown"
"6227756",371834,2025-08-22 03:36:22,43.3294982910156,-8.49898147583008,"Unknown"
"6227756",371834,2025-08-22 03:46:23,43.3294410705566,-8.49907112121582,"Unknown"
"6227756",371834,2025-08-22 03:56:23,43.3293762207031,-8.4990701675415,"Unknown"
"6227756",371834,2025-08-22 04:06:23,43.3293724060059,-8.49905586242676,"Unknown"
"6227756",371834,2025-08-22 04:16:23,43.3294105529785,-8.49904727935791,"Unknown"
"6227756",371834,2025-08-22 04:26:23,43.3294296264648,-8.49905300140381,"Unknown"
"6227756",371834,2025-08-22 04:36:23,43.3294258117676,-8.49908542633057,"Unknown"
"6227756",371834,2025-08-22 04:46:23,43.3294334411621,-8.49902248382568,"Unknown"
"6227756",371834,2025-08-22 04:56:23,43.3294448852539,-8.49896812438965,"Unknown"
"6227756",371834,2025-08-22 05:06:23,43.3291969299316,-8.49917030334473,"Unknown"
"6227756",371834,2025-08-22 05:16:26,43.3297424316406,-8.49920177459717,"Unknown"
"6227756",371834,2025-08-22 05:26:23,43.329044342041,-8.49919509887695,"Unknown"
"6227756",371834,2025-08-22 05:36:24,43.3291969299316,-8.49932098388672,"Unknown"
"6227756",371834,2025-08-22 05:46:23,43.3292083740234,-8.49922275543213,"Unknown"
"6227756",371834,2025-08-22 05:56:24,43.3293304443359,-8.49917697906494,"Unknown"
"6227756",371834,2025-08-22 06:06:24,43.3294715881348,-8.49900722503662,"Unknown"
"6227756",371834,2025-08-22 06:16:23,43.3293914794922,-8.49893283843994,"Unknown"
"6227756",371834,2025-08-22 06:26:30,43.329475402832,-8.49891662597656,"Unknown"
"6227756",371834,2025-08-22 06:36:23,43.3295364379883,-8.49879837036133,"Unknown"
"6227756",371834,2025-08-22 06:46:23,43.3295288085938,-8.49882316589355,"Unknown"
"6227756",371834,2025-08-22 06:56:24,43.3296356201172,-8.49869060516357,"Unknown"
"6227756",371834,2025-08-22 07:06:23,43.3296661376953,-8.49865341186523,"Unknown"
"6227756",371834,2025-08-22 07:16:24,43.3297882080078,-8.49858474731445,"Unknown"
"6227756",371834,2025-08-22 07:26:24,43.3297805786133,-8.49854850769043,"Unknown"
"6227756",371834,2025-08-22 07:36:25,43.3297691345215,-8.49860572814941,"Unknown"
"6227756",371834,2025-08-22 07:46:24,43.3297309875488,-8.49858665466309,"Unknown"
"6227756",371834,2025-08-22 07:56:24,43.3296737670898,-8.49861431121826,"Unknown"
"6227756",371834,2025-08-22 08:06:25,43.3297958374023,-8.49874401092529,"Unknown"
"6227756",371834,2025-08-22 08:16:25,43.3297958374023,-8.49879741668701,"Unknown"
"6227756",371834,2025-08-22 08:26:36,43.329948425293,-8.4988956451416,"Unknown"
"6227756",371834,2025-08-22 08:36:29,43.3300094604492,-8.49888324737549,"Unknown"
"6227756",371834,2025-08-22 08:46:59,43.3297080993652,-8.49893951416016,"Unknown"
"6227756",371834,2025-08-22 08:56:22,43.3294792175293,-8.49895286560059,"Unknown"
"6227756",371834,2025-08-22 09:06:22,43.3293609619141,-8.49892234802246,"Unknown"
"6227756",371834,2025-08-22 09:16:22,43.3294715881348,-8.49896812438965,"Unknown"
"6227756",371834,2025-08-22 09:26:23,43.3293342590332,-8.49892902374268,"Unknown"
"6227756",371834,2025-08-22 09:36:23,43.329460144043,-8.49892616271973,"Unknown"
"6227756",371834,2025-08-22 09:46:23,43.3295135498047,-8.49908351898193,"Unknown"
"6227756",371834,2025-08-22 09:56:23,43.3295135498047,-8.49909019470215,"Unknown"
"6227756",371834,2025-08-22 10:06:23,43.3294830322266,-8.49908542633057,"Unknown"
"6227756",371834,2025-08-22 10:16:23,43.3295211791992,-8.49908542633057,"Unknown"
"6227756",371834,2025-08-22 10:26:23,43.3295021057129,-8.49903964996338,"Unknown"
"6227756",371834,2025-08-22 10:36:23,43.3295211791992,-8.49909687042236,"Unknown"
"6227756",371834,2025-08-22 10:46:23,43.3294982910156,-8.49908828735352,"Unknown"
"6227756",371834,2025-08-22 10:56:23,43.3295021057129,-8.49907779693604,"Unknown"
"6227756",371834,2025-08-22 11:06:23,43.3295516967773,-8.49911785125732,"Unknown"
"6227756",371834,2025-08-22 11:16:23,43.3294639587402,-8.49903869628906,"Unknown"
"6227756",371834,2025-08-22 11:26:24,43.3292427062988,-8.4988956451416,"Unknown"
"6227756",371834,2025-08-22 11:36:26,43.3295669555664,-8.49912261962891,"Unknown"
"6227756",371834,2025-08-22 11:46:24,43.3292846679688,-8.49889659881592,"Unknown"
"6227756",371834,2025-08-22 11:56:26,43.329662322998,-8.49911403656006,"Unknown"
"6227756",371834,2025-08-22 12:06:24,43.3296394348145,-8.49900531768799,"Unknown"
"6227756",371834,2025-08-22 12:16:24,43.32958984375,-8.4989652633667,"Unknown"
"6227756",371834,2025-08-22 12:26:31,43.329662322998,-8.4988842010498,"Unknown"
"6227756",371834,2025-08-22 12:36:44,43.3296318054199,-8.49896812438965,"Unknown"
"6227756",371834,2025-08-22 12:46:26,43.3296585083008,-8.49900054931641,"Unknown"
"6227756",371834,2025-08-22 12:56:24,43.329647064209,-8.49901008605957,"Unknown"
"6227756",371834,2025-08-22 13:06:24,43.3296432495117,-8.49902725219727,"Unknown"
"6227756",371834,2025-08-22 13:16:25,43.329704284668,-8.49921798706055,"Unknown"
"6227756",371834,2025-08-22 13:26:26,43.3296585083008,-8.49906444549561,"Unknown"
"6227756",371834,2025-08-22 13:36:44,43.3295860290527,-8.49899196624756,"Unknown"
"6227756",371834,2025-08-22 13:46:23,43.3296775817871,-8.49908828735352,"Unknown"
"6227756",371834,2025-08-22 13:56:23,43.3295707702637,-8.49898529052734,"Unknown"
"6227756",371834,2025-08-22 14:06:23,43.3292503356934,-8.49876308441162,"Unknown"
"6227756",371834,2025-08-22 14:16:23,43.3294639587402,-8.49888324737549,"Unknown"
"6227756",371834,2025-08-22 14:26:27,43.3296241760254,-8.49903011322021,"Unknown"
"6227756",371834,2025-08-22 14:36:36,43.3300552368164,-8.49964332580566,"Unknown"
"6227756",371834,2025-08-22 14:46:36,43.3299026489258,-8.49940967559814,"Unknown"
"6227756",371834,2025-08-22 14:56:36,43.3295974731445,-8.49923419952393,"Unknown"
"6227756",371834,2025-08-22 15:06:45,43.3295936584473,-8.49886703491211,"Unknown"
"6227756",371834,2025-08-22 15:16:23,43.32958984375,-8.49895191192627,"Unknown"
"6227756",371834,2025-08-22 15:26:23,43.3295211791992,-8.49895572662354,"Unknown"
"6227756",371834,2025-08-22 15:36:27,43.3296852111816,-8.49880504608154,"Unknown"
"6227756",371834,2025-08-22 15:46:30,43.3297119140625,-8.49884796142578,"Unknown"
"6227756",371834,2025-08-22 15:56:35,43.3296012878418,-8.49890232086182,"Unknown"
"6227756",371834,2025-08-22 16:06:30,43.3295631408691,-8.49894905090332,"Unknown"
"6227756",371834,2025-08-22 16:16:31,43.329460144043,-8.49890995025635,"Unknown"
"6227756",371834,2025-08-22 16:26:29,43.3294448852539,-8.49925518035889,"Unknown"
"6227756",371834,2025-08-22 16:36:29,43.3296089172363,-8.49945735931396,"Unknown"
"6227756",371834,2025-08-22 16:46:27,43.3288459777832,-8.4983377456665,"Unknown"
"6227756",371834,2025-08-22 16:56:30,43.3288841247559,-8.49851322174072,"Unknown"
"6227756",371834,2025-08-22 17:06:30,43.3289031982422,-8.49861717224121,"Unknown"
"6227756",371834,2025-08-22 17:16:30,43.328971862793,-8.49869918823242,"Unknown"
"6227756",371834,2025-08-22 17:26:24,43.3288993835449,-8.49891376495361,"Unknown"
"6227756",371834,2025-08-22 17:36:27,43.3291168212891,-8.49861335754395,"Unknown"
"6227756",371834,2025-08-22 17:46:26,43.3280868530273,-8.49917507171631,"Unknown"
"6227756",371834,2025-08-22 17:56:30,43.3295860290527,-8.49822235107422,"Unknown"
"6227756",371834,2025-08-22 18:06:24,43.329906463623,-8.49825668334961,"Unknown"
"6227756",371834,2025-08-22 18:16:24,43.3299255371094,-8.49838161468506,"Unknown"
"6227756",371834,2025-08-22 18:26:24,43.329963684082,-8.49851417541504,"Unknown"
"6227756",371834,2025-08-22 18:36:25,43.3300170898438,-8.49853038787842,"Unknown"
"6227756",371834,2025-08-22 18:46:25,43.3298416137695,-8.49866104125977,"Unknown"
"6227756",371834,2025-08-22 18:56:24,43.329719543457,-8.49866676330566,"Unknown"
"6227756",371834,2025-08-22 19:06:25,43.3296737670898,-8.49870681762695,"Unknown"
"6227756",371834,2025-08-22 19:16:25,43.32958984375,-8.49874401092529,"Unknown"
"6227756",371834,2025-08-22 19:26:25,43.3296012878418,-8.49875736236572,"Unknown"
"6227756",371834,2025-08-22 19:36:27,43.3295440673828,-8.49875354766846,"Unknown"
"6227756",371834,2025-08-22 19:46:24,43.3296394348145,-8.4988260269165,"Unknown"
"6227756",371834,2025-08-22 19:56:27,43.3295211791992,-8.49875450134277,"Unknown"
"6227756",371834,2025-08-22 20:06:27,43.3294830322266,-8.4987678527832,"Unknown"
"6227756",371834,2025-08-22 20:16:29,43.3295402526855,-8.49882888793945,"Unknown"
"6227756",371834,2025-08-22 20:26:44,43.3294525146484,-8.49882316589355,"Unknown"
"6227756",371834,2025-08-22 20:36:23,43.3293418884277,-8.49869537353516,"Unknown"
"6227756",371834,2025-08-22 20:46:33,43.3295440673828,-8.49888038635254,"Unknown"
"6227756",371834,2025-08-22 20:56:44,43.3296699523926,-8.49900531768799,"Unknown"
"6227756",371834,2025-08-22 21:06:25,43.3294906616211,-8.49909019470215,"Unknown"
"6227756",371834,2025-08-22 21:16:30,43.3295783996582,-8.49908256530762,"Unknown"
"6227756",371834,2025-08-22 21:26:25,43.3295707702637,-8.49925231933594,"Unknown"
"6227756",371834,2025-08-22 21:36:30,43.3296546936035,-8.4987735748291,"Unknown"
"6227756",371834,2025-08-22 21:46:44,43.3295860290527,-8.49896907806396,"Unknown"
"6227756",371834,2025-08-22 21:56:22,43.3293190002441,-8.49904537200928,"Unknown"
"6227756",371834,2025-08-22 22:06:23,43.3296661376953,-8.49888515472412,"Unknown"
"6227756",371834,2025-08-22 22:16:23,43.3296051025391,-8.49897861480713,"Unknown"
"6227756",371834,2025-08-22 22:26:23,43.3290252685547,-8.49929237365723,"Unknown"
"6227756",371834,2025-08-22 22:36:33,43.3295783996582,-8.49882888793945,"Unknown"
"6227756",371834,2025-08-22 22:46:44,43.3295135498047,-8.49887561798096,"Unknown"
"6227756",371834,2025-08-22 22:56:23,43.3296890258789,-8.49897003173828,"Unknown"
"6227756",371834,2025-08-22 23:06:23,43.3296051025391,-8.49887561798096,"Unknown"
"6227756",371834,2025-08-22 23:16:23,43.3296127319336,-8.49887371063232,"Unknown"
"6227756",371834,2025-08-22 23:26:24,43.3295593261719,-8.49877834320068,"Unknown"
"6227756",371834,2025-08-22 23:36:44,43.3294906616211,-8.49901103973389,"Unknown"
"6227756",371834,2025-08-22 23:46:23,43.3298187255859,-8.49825477600098,"Unknown"
"6227756",371834,2025-08-22 23:56:23,43.3294143676758,-8.49934101104736,"Unknown"
"6227756",371834,2025-08-23 00:06:23,43.3292388916016,-8.49977874755859,"Unknown"
"6227756",371834,2025-08-23 00:16:24,43.3291358947754,-8.49983692169189,"Unknown"
"6227756",371834,2025-08-23 00:26:24,43.3293876647949,-8.49941730499268,"Unknown"
"6227756",371834,2025-08-23 00:36:45,43.3296203613281,-8.49905395507812,"Unknown"
"6227756",371834,2025-08-23 00:46:24,43.3293037414551,-8.49934387207031,"Unknown"
"6227756",371834,2025-08-23 00:56:24,43.3294715881348,-8.49913883209229,"Unknown"
"6227756",371834,2025-08-23 01:06:23,43.3295364379883,-8.49894523620605,"Unknown"
"6227756",371834,2025-08-23 01:16:23,43.3294639587402,-8.49900531768799,"Unknown"
"6227756",371834,2025-08-23 01:26:23,43.3294563293457,-8.49887180328369,"Unknown"
"6227756",371834,2025-08-23 01:36:24,43.3298225402832,-8.49889183044434,"Unknown"
"6227756",371834,2025-08-23 01:46:24,43.3301696777344,-8.4989128112793,"Unknown"
"6227756",371834,2025-08-23 01:56:24,43.3301696777344,-8.4989652633667,"Unknown"
"6227756",371834,2025-08-23 02:06:24,43.3300628662109,-8.49894618988037,"Unknown"
"6227756",371834,2025-08-23 02:16:27,43.3297271728516,-8.49887371063232,"Unknown"
"6227756",371834,2025-08-23 02:26:25,43.3298149108887,-8.49883937835693,"Unknown"
"6227756",371834,2025-08-23 02:36:27,43.3297653198242,-8.4987907409668,"Unknown"
"6227756",371834,2025-08-23 02:46:27,43.3298873901367,-8.49859428405762,"Unknown"
"6227756",371834,2025-08-23 02:56:27,43.3298454284668,-8.49853229522705,"Unknown"
"6227756",371834,2025-08-23 03:06:24,43.3297729492188,-8.4985466003418,"Unknown"
"6227756",371834,2025-08-23 03:16:25,43.3298377990723,-8.49822330474854,"Unknown"
"6227756",371834,2025-08-23 03:26:27,43.3298835754395,-8.49825954437256,"Unknown"
"6227756",371834,2025-08-23 03:36:25,43.3299560546875,-8.49805450439453,"Unknown"
"6227756",371834,2025-08-23 03:46:25,43.3298492431641,-8.49833106994629,"Unknown"
"6227756",371834,2025-08-23 03:56:27,43.3298149108887,-8.49858665466309,"Unknown"
"6227756",371834,2025-08-23 04:06:25,43.3296852111816,-8.49985218048096,"Unknown"
"6227756",371834,2025-08-23 04:16:30,43.3297386169434,-8.49943161010742,"Unknown"
"6227756",371834,2025-08-23 04:26:30,43.3297348022461,-8.49929809570312,"Unknown"
"6227756",371834,2025-08-23 04:36:28,43.3297653198242,-8.49893665313721,"Unknown"
"6227756",371834,2025-08-23 04:46:25,43.3297119140625,-8.49890899658203,"Unknown"
"6227756",371834,2025-08-23 04:56:27,43.3297386169434,-8.49891471862793,"Unknown"
"6227756",371834,2025-08-23 05:06:25,43.3297843933105,-8.49897384643555,"Unknown"
"6227756",371834,2025-08-23 05:16:33,43.3297348022461,-8.4990930557251,"Unknown"
"6227756",371834,2025-08-23 05:26:30,43.3297080993652,-8.49908065795898,"Unknown"
"6227756",371834,2025-08-23 05:36:46,43.3300399780273,-8.49945449829102,"Unknown"
"6227756",371834,2025-08-23 05:46:35,43.3298072814941,-8.49915409088135,"Unknown"
"6227756",371834,2025-08-23 05:56:39,43.3296737670898,-8.49915027618408,"Unknown"
"6227756",371834,2025-08-23 06:06:34,43.3296890258789,-8.4990701675415,"Unknown"
"6227756",371834,2025-08-23 06:16:29,43.3296813964844,-8.49910163879395,"Unknown"
"6227756",371834,2025-08-23 06:26:30,43.3296890258789,-8.49902534484863,"Unknown"
"6227756",371834,2025-08-23 06:36:30,43.3297271728516,-8.49907302856445,"Unknown"
"6227756",371834,2025-08-23 06:46:30,43.329704284668,-8.49892997741699,"Unknown"
"6227756",371834,2025-08-23 06:56:32,43.3296279907227,-8.49852085113525,"Unknown"
"6227756",371834,2025-08-23 07:06:30,43.3296394348145,-8.49848365783691,"Unknown"
"6227756",371834,2025-08-23 07:16:35,43.3296051025391,-8.49841213226318,"Unknown"
"6227756",371834,2025-08-23 07:26:52,43.3296852111816,-8.49969005584717,"Unknown"
"6227756",371834,2025-08-23 07:36:31,43.3298377990723,-8.50034618377686,"Unknown"
"6227756",371834,2025-08-23 07:46:32,43.3289260864258,-8.49646663665771,"Unknown"
"6227756",371834,2025-08-23 07:56:30,43.3292198181152,-8.497802734375,"Unknown"
"6227756",371834,2025-08-23 08:06:28,43.3293304443359,-8.49834823608398,"Unknown"
"6227756",371834,2025-08-23 08:16:25,43.3293113708496,-8.49863147735596,"Unknown"
"6227756",371834,2025-08-23 08:26:28,43.3294410705566,-8.49867725372314,"Unknown"
"6227756",371834,2025-08-23 08:36:30,43.3294525146484,-8.49874305725098,"Unknown"
"6227756",371834,2025-08-23 08:46:28,43.3294677734375,-8.49882411956787,"Unknown"
"6227756",371834,2025-08-23 08:56:28,43.3294677734375,-8.49885177612305,"Unknown"
"6227756",371834,2025-08-23 09:06:24,43.3292579650879,-8.49875926971436,"Unknown"
"6227756",371834,2025-08-23 09:16:25,43.3293533325195,-8.49892139434814,"Unknown"
"6227756",371834,2025-08-23 09:26:25,43.3293876647949,-8.49889183044434,"Unknown"
"6227756",371834,2025-08-23 09:36:25,43.329460144043,-8.49891567230225,"Unknown"
"6227756",371834,2025-08-23 09:46:25,43.3294372558594,-8.49889850616455,"Unknown"
"6227756",371834,2025-08-23 09:56:25,43.3294677734375,-8.49891185760498,"Unknown"
"6227756",371834,2025-08-23 10:06:27,43.329460144043,-8.49892711639404,"Unknown"
"6227756",371834,2025-08-23 10:16:27,43.3296203613281,-8.49923324584961,"Unknown"
"6227756",371834,2025-08-23 10:26:26,43.329647064209,-8.49927043914795,"Unknown"
"6227756",371834,2025-08-23 10:36:28,43.3296012878418,-8.49915790557861,"Unknown"
"6227756",371834,2025-08-23 10:46:34,43.3294677734375,-8.49901103973389,"Unknown"
"6227756",371834,2025-08-23 10:56:34,43.32958984375,-8.49910831451416,"Unknown"
"6227756",371834,2025-08-23 11:06:40,43.3293228149414,-8.49883270263672,"Unknown"
"6227756",371834,2025-08-23 11:16:34,43.3293647766113,-8.49893188476562,"Unknown"
"6227756",371834,2025-08-23 11:26:27,43.3300285339355,-8.4994945526123,"Unknown"
"6227756",371834,2025-08-23 11:36:36,43.3297386169434,-8.49918556213379,"Unknown"
"6227756",371834,2025-08-23 11:46:44,43.3296279907227,-8.499098777771,"Unknown"
"6227756",371834,2025-08-23 11:56:25,43.3295936584473,-8.49912452697754,"Unknown"
"6227756",371834,2025-08-23 12:06:27,43.3297080993652,-8.499098777771,"Unknown"
"6227756",371834,2025-08-23 12:16:37,43.3296585083008,-8.49935245513916,"Unknown"
"6227756",371834,2025-08-23 12:26:34,43.3294944763184,-8.49912643432617,"Unknown"
"6227756",371834,2025-08-23 12:36:44,43.3294105529785,-8.4989013671875,"Unknown"
"6227756",371834,2025-08-23 12:46:27,43.3297500610352,-8.49938011169434,"Unknown"
"6227756",371834,2025-08-23 12:56:36,43.3292388916016,-8.49859428405762,"Unknown"
"6227756",371834,2025-08-23 13:06:36,43.329029083252,-8.49839210510254,"Unknown"
"6227756",371834,2025-08-23 13:16:36,43.3293495178223,-8.49882316589355,"Unknown"
"6227756",371834,2025-08-23 13:26:44,43.3293952941895,-8.49892330169678,"Unknown"
"6227756",371834,2025-08-23 13:36:36,43.3294105529785,-8.49896430969238,"Unknown"
"6227756",371834,2025-08-23 13:46:44,43.329402923584,-8.49898242950439,"Unknown"
"6227756",371834,2025-08-23 13:56:24,43.3296012878418,-8.49901294708252,"Unknown"
"6227756",371834,2025-08-23 14:06:24,43.3296241760254,-8.49907684326172,"Unknown"
"6227756",371834,2025-08-23 14:16:27,43.3295059204102,-8.49902629852295,"Unknown"
"6227756",371834,2025-08-23 14:26:25,43.3297882080078,-8.49912548065186,"Unknown"
"6227756",371834,2025-08-23 14:36:47,43.3293151855469,-8.49918746948242,"Unknown"
"6227756",371834,2025-08-23 14:46:55,43.3295288085938,-8.49915885925293,"Unknown"
"6227756",371834,2025-08-23 14:56:23,43.329475402832,-8.49901962280273,"Unknown"
"6227756",371834,2025-08-23 15:06:23,43.3294944763184,-8.498948097229,"Unknown"
"6227756",371834,2025-08-23 15:16:25,43.3294792175293,-8.499098777771,"Unknown"
"6227756",371834,2025-08-23 15:26:24,43.3294105529785,-8.49897289276123,"Unknown"
"6227756",371834,2025-08-23 15:36:44,43.3292350769043,-8.49962043762207,"Unknown"
"6227756",371834,2025-08-23 15:46:24,43.329345703125,-8.4993371963501,"Unknown"
"6227756",371834,2025-08-23 15:56:25,43.3293037414551,-8.49972724914551,"Unknown"
"6227756",371834,2025-08-23 16:06:26,43.3292846679688,-8.49941539764404,"Unknown"
"6227756",371834,2025-08-23 16:16:36,43.3294525146484,-8.49912357330322,"Unknown"
"6227756",371834,2025-08-23 16:26:37,43.3295135498047,-8.49947643280029,"Unknown"
"6227756",371834,2025-08-23 16:36:48,43.3300323486328,-8.49898910522461,"Unknown"
"6227756",371834,2025-08-23 16:46:35,43.3298950195312,-8.49864387512207,"Unknown"
"6227756",371834,2025-08-23 16:56:28,43.3292350769043,-8.50082111358643,"Unknown"
"6227756",371834,2025-08-23 17:06:29,43.3294219970703,-8.50012111663818,"Unknown"
"6227756",371834,2025-08-23 17:16:29,43.3292579650879,-8.50108432769775,"Unknown"
"6227756",371834,2025-08-23 17:26:29,43.3295631408691,-8.49893283843994,"Unknown"
"6227756",371834,2025-08-23 17:36:44,43.3296241760254,-8.49913024902344,"Unknown"
"6227756",371834,2025-08-23 17:46:26,43.3295249938965,-8.4990119934082,"Unknown"
"6227756",371834,2025-08-23 17:56:24,43.3295135498047,-8.4990758895874,"Unknown"
"6227756",371834,2025-08-23 18:06:24,43.3296089172363,-8.49894523620605,"Unknown"
"6227756",371834,2025-08-23 18:16:24,43.3295593261719,-8.49892330169678,"Unknown"
"6227756",371834,2025-08-23 18:26:24,43.3293914794922,-8.49905967712402,"Unknown"
"6227756",371834,2025-08-23 18:36:30,43.3297843933105,-8.49856185913086,"Unknown"
"6227756",371834,2025-08-23 18:46:40,43.3297271728516,-8.49914932250977,"Unknown"
"6227756",371834,2025-08-23 18:56:36,43.3297386169434,-8.49913883209229,"Unknown"
"6227756",371834,2025-08-23 19:06:36,43.3297386169434,-8.49928951263428,"Unknown"
"6227756",371834,2025-08-23 19:16:36,43.3303031921387,-8.49899673461914,"Unknown"
"6227756",371834,2025-08-23 19:26:44,43.3297462463379,-8.49925327301025,"Unknown"
"6227756",371834,2025-08-23 19:36:28,43.3297424316406,-8.49922561645508,"Unknown"
"6227756",371834,2025-08-23 19:46:44,43.3297538757324,-8.49915218353271,"Unknown"
"6227756",371834,2025-08-23 19:56:30,43.3295478820801,-8.49917125701904,"Unknown"
"6227756",371834,2025-08-23 20:06:59,43.3294792175293,-8.49897384643555,"Unknown"
"6227756",371834,2025-08-23 20:16:23,43.3295707702637,-8.49904346466064,"Unknown"
"6227756",371834,2025-08-23 20:26:23,43.3296890258789,-8.49913120269775,"Unknown"
"6227756",371834,2025-08-23 20:36:23,43.3296127319336,-8.49899959564209,"Unknown"
"6227756",371834,2025-08-23 20:46:36,43.3295555114746,-8.49896717071533,"Unknown"
"6227756",371834,2025-08-23 20:56:27,43.3295631408691,-8.49897575378418,"Unknown"
"6227756",371834,2025-08-23 21:06:42,43.3295211791992,-8.49894714355469,"Unknown"
"6227756",371834,2025-08-23 21:16:23,43.3295631408691,-8.49894237518311,"Unknown"
"6227756",371834,2025-08-23 21:26:23,43.3295707702637,-8.49896049499512,"Unknown"
"6227756",371834,2025-08-23 21:36:23,43.329532623291,-8.49897289276123,"Unknown"
"6227756",371834,2025-08-23 21:46:44,43.3295822143555,-8.49895286560059,"Unknown"
"6227756",371834,2025-08-23 21:56:23,43.3297462463379,-8.49911117553711,"Unknown"
"6227756",371834,2025-08-23 22:06:23,43.3296203613281,-8.49901008605957,"Unknown"
"6227756",371834,2025-08-23 22:16:25,43.3295745849609,-8.49892425537109,"Unknown"
"6227756",371834,2025-08-23 22:26:27,43.3294296264648,-8.49881267547607,"Unknown"
"6227756",371834,2025-08-23 22:36:44,43.3295974731445,-8.49897384643555,"Unknown"
"6227756",371834,2025-08-23 22:46:26,43.3294868469238,-8.49902534484863,"Unknown"
"6227756",371834,2025-08-23 22:56:29,43.3300590515137,-8.49903964996338,"Unknown"
"6227756",371834,2025-08-23 23:06:58,43.3295288085938,-8.49931335449219,"Unknown"
"6227756",371834,2025-08-23 23:16:26,43.3294525146484,-8.49894905090332,"Unknown"
"6227756",371834,2025-08-23 23:26:26,43.3293609619141,-8.49887847900391,"Unknown"
"6227756",371834,2025-08-23 23:36:56,43.3294448852539,-8.49894237518311,"Unknown"
"6227756",371834,2025-08-23 23:46:24,43.3294868469238,-8.49914264678955,"Unknown"
"6227756",371834,2025-08-23 23:56:26,43.3294067382812,-8.4990816116333,"Unknown"
"6227756",371834,2025-08-24 00:06:26,43.3294448852539,-8.49889659881592,"Unknown"
"6227756",371834,2025-08-24 00:16:27,43.3295059204102,-8.49909782409668,"Unknown"
"6227756",371834,2025-08-24 00:26:33,43.3293762207031,-8.49887943267822,"Unknown"
"6227756",371834,2025-08-24 00:36:47,43.3292350769043,-8.49908065795898,"Unknown"
"6227756",371834,2025-08-24 00:46:42,43.3293380737305,-8.49903678894043,"Unknown"
"6227756",371834,2025-08-24 00:56:45,43.3294372558594,-8.49914836883545,"Unknown"
"6227756",371834,2025-08-24 01:06:59,43.3294219970703,-8.49895858764648,"Unknown"
"6227756",371834,2025-08-24 01:16:23,43.3294715881348,-8.49898529052734,"Unknown"
"6227756",371834,2025-08-24 01:26:23,43.3294372558594,-8.49901103973389,"Unknown"
"6227756",371834,2025-08-24 01:36:23,43.3294525146484,-8.49902534484863,"Unknown"
"6227756",371834,2025-08-24 01:46:24,43.3295097351074,-8.49899578094482,"Unknown"
"6227756",371834,2025-08-24 01:56:23,43.3295745849609,-8.49905967712402,"Unknown"
"6227756",371834,2025-08-24 02:06:23,43.3297500610352,-8.49921131134033,"Unknown"
"6227756",371834,2025-08-24 02:16:25,43.3297348022461,-8.49939060211182,"Unknown"
"6227756",371834,2025-08-24 02:26:25,43.329647064209,-8.49923133850098,"Unknown"
"6227756",371834,2025-08-24 02:36:28,43.3296279907227,-8.49924182891846,"Unknown"
"6227756",371834,2025-08-24 02:46:25,43.3296394348145,-8.49906063079834,"Unknown"
"6227756",371834,2025-08-24 02:56:26,43.3296279907227,-8.49905300140381,"Unknown"
"6227756",371834,2025-08-24 03:06:24,43.3296432495117,-8.49909400939941,"Unknown"
"6227756",371834,2025-08-24 03:16:28,43.329662322998,-8.49889183044434,"Unknown"
"6227756",371834,2025-08-24 03:26:59,43.3296966552734,-8.4990234375,"Unknown"
"6227756",371834,2025-08-24 03:36:25,43.3294715881348,-8.49895858764648,"Unknown"
"6227756",371834,2025-08-24 03:46:24,43.329460144043,-8.49899101257324,"Unknown"
"6227756",371834,2025-08-24 03:56:24,43.3293991088867,-8.49898338317871,"Unknown"
"6227756",371834,2025-08-24 04:06:24,43.3294410705566,-8.49902248382568,"Unknown"
"6227756",371834,2025-08-24 04:16:24,43.3294715881348,-8.49898147583008,"Unknown"
"6227756",371834,2025-08-24 04:26:24,43.3294296264648,-8.49897575378418,"Unknown"
"6227756",371834,2025-08-24 04:36:26,43.3295211791992,-8.49900913238525,"Unknown"
"6227756",371834,2025-08-24 04:46:24,43.3295478820801,-8.4990758895874,"Unknown"
"6227756",371834,2025-08-24 04:56:26,43.3296699523926,-8.49922180175781,"Unknown"
"6227756",371834,2025-08-24 05:06:25,43.3294677734375,-8.49911975860596,"Unknown"
"6227756",371834,2025-08-24 05:16:26,43.3294258117676,-8.49916362762451,"Unknown"
"6227756",371834,2025-08-24 05:26:28,43.3295021057129,-8.49900722503662,"Unknown"
"6227756",371834,2025-08-24 05:36:30,43.3294410705566,-8.49882984161377,"Unknown"
"6227756",371834,2025-08-24 05:46:27,43.3294715881348,-8.49876689910889,"Unknown"
"6227756",371834,2025-08-24 05:56:26,43.329475402832,-8.49875354766846,"Unknown"
"6227756",371834,2025-08-24 06:06:27,43.3294906616211,-8.49867534637451,"Unknown"
"6227756",371834,2025-08-24 06:16:25,43.3294715881348,-8.49862861633301,"Unknown"
"6227756",371834,2025-08-24 06:26:25,43.3295021057129,-8.49860858917236,"Unknown"
"6227756",371834,2025-08-24 06:36:25,43.3294906616211,-8.49861145019531,"Unknown"
"6227756",371834,2025-08-24 06:46:25,43.3295478820801,-8.49856185913086,"Unknown"
"6227756",371834,2025-08-24 06:56:27,43.3294563293457,-8.4985466003418,"Unknown"
"6227756",371834,2025-08-24 07:06:45,43.3281669616699,-8.49834251403809,"Unknown"
"6227756",371834,2025-08-24 07:16:44,43.3283615112305,-8.49827766418457,"Unknown"
"6227756",371834,2025-08-24 07:26:45,43.3286552429199,-8.49826240539551,"Unknown"
"6227756",371834,2025-08-24 07:36:59,43.3296585083008,-8.49883556365967,"Unknown"
"6227756",371834,2025-08-24 07:46:27,43.3295249938965,-8.49902820587158,"Unknown"
"6227756",371834,2025-08-24 07:56:25,43.3296051025391,-8.49913787841797,"Unknown"
"6227756",371834,2025-08-24 08:06:25,43.3293266296387,-8.49886226654053,"Unknown"
"6227756",371834,2025-08-24 08:16:25,43.3293304443359,-8.49888801574707,"Unknown"
"6227756",371834,2025-08-24 08:26:25,43.3292846679688,-8.49884986877441,"Unknown"
"6227756",371834,2025-08-24 08:36:26,43.3290557861328,-8.49889087677002,"Unknown"
"6227756",371834,2025-08-24 08:46:29,43.3288841247559,-8.49890613555908,"Unknown"
"6227756",371834,2025-08-24 08:56:44,43.3298072814941,-8.49871826171875,"Unknown"
"6227756",371834,2025-08-24 09:06:26,43.3314247131348,-8.49675178527832,"Unknown"
"6227756",371834,2025-08-24 09:16:25,43.3309860229492,-8.49689388275146,"Unknown"
"6227756",371834,2025-08-24 09:26:25,43.3306694030762,-8.49710369110107,"Unknown"
"6227756",371834,2025-08-24 09:36:27,43.330436706543,-8.49729251861572,"Unknown"
"6227756",371834,2025-08-24 09:46:33,43.3310737609863,-8.49890995025635,"Unknown"
"6227756",371834,2025-08-24 09:56:27,43.3300094604492,-8.4979076385498,"Unknown"
"6227756",371834,2025-08-24 10:06:27,43.3298988342285,-8.49794578552246,"Unknown"
"6227756",371834,2025-08-24 10:16:27,43.329948425293,-8.49844932556152,"Unknown"
"6227756",371834,2025-08-24 10:26:28,43.3312835693359,-8.50145721435547,"Unknown"
"6227756",371834,2025-08-24 10:36:27,43.3312683105469,-8.50130558013916,"Unknown"
"6227756",371834,2025-08-24 10:46:38,43.3308906555176,-8.50024795532227,"Unknown"
"6227756",371834,2025-08-24 10:56:26,43.3310775756836,-8.50087070465088,"Unknown"
"6227756",371834,2025-08-24 11:06:38,43.3293762207031,-8.49905586242676,"Unknown"
"6227756",371834,2025-08-24 11:16:44,43.3294334411621,-8.49886417388916,"Unknown"
"6227756",371834,2025-08-24 11:26:59,43.3294715881348,-8.49891948699951,"Unknown"
"6227756",371834,2025-08-24 11:36:24,43.3295593261719,-8.49899673461914,"Unknown"
"6227756",371834,2025-08-24 11:46:25,43.3295211791992,-8.49901676177979,"Unknown"
"6227756",371834,2025-08-24 11:56:25,43.329517364502,-8.49902725219727,"Unknown"
"6227756",371834,2025-08-24 12:06:25,43.3294830322266,-8.49907493591309,"Unknown"
"6227756",371834,2025-08-24 12:16:37,43.3295211791992,-8.49903964996338,"Unknown"
"6227756",371834,2025-08-24 12:26:25,43.3295440673828,-8.49901580810547,"Unknown"
"6227756",371834,2025-08-24 12:36:26,43.3294486999512,-8.49903774261475,"Unknown"
"6227756",371834,2025-08-24 12:46:25,43.3294639587402,-8.49902534484863,"Unknown"
"6227756",371834,2025-08-24 12:56:28,43.3294715881348,-8.4990119934082,"Unknown"
"6227756",371834,2025-08-24 13:06:44,43.3294105529785,-8.49898529052734,"Unknown"
"6227756",371834,2025-08-24 13:16:25,43.3292922973633,-8.4989595413208,"Unknown"
"6227756",371834,2025-08-24 13:26:24,43.3293266296387,-8.49889755249023,"Unknown"
"6227756",371834,2025-08-24 13:36:25,43.329174041748,-8.4987211227417,"Unknown"
"6227756",371834,2025-08-24 13:46:44,43.3294944763184,-8.4990348815918,"Unknown"
"6227756",371834,2025-08-24 13:56:25,43.3293991088867,-8.49892616271973,"Unknown"
"6227756",371834,2025-08-24 14:06:25,43.3293991088867,-8.49889945983887,"Unknown"
"6227756",371834,2025-08-24 14:16:31,43.3293609619141,-8.49892616271973,"Unknown"
"6227756",371834,2025-08-24 14:26:28,43.3295516967773,-8.49906158447266,"Unknown"
"6227756",371834,2025-08-24 14:36:48,43.3288993835449,-8.49922466278076,"Unknown"
"6227756",371834,2025-08-24 14:46:49,43.3287162780762,-8.49922466278076,"Unknown"
"6227756",371834,2025-08-24 14:56:59,43.3295059204102,-8.49901294708252,"Unknown"
"6227756",371834,2025-08-24 15:06:24,43.3294143676758,-8.49908924102783,"Unknown"
"6227756",371834,2025-08-24 15:16:24,43.329475402832,-8.49903106689453,"Unknown"
"6227756",371834,2025-08-24 15:26:23,43.3295059204102,-8.49898815155029,"Unknown"
"6227756",371834,2025-08-24 15:36:25,43.3295059204102,-8.49897193908691,"Unknown"
"6227756",371834,2025-08-24 15:46:24,43.3294372558594,-8.49893569946289,"Unknown"
"6227756",371834,2025-08-24 15:56:24,43.3295249938965,-8.49890518188477,"Unknown"
"6227756",371834,2025-08-24 16:06:25,43.329460144043,-8.49903297424316,"Unknown"
"6227756",371834,2025-08-24 16:16:24,43.3294906616211,-8.49894714355469,"Unknown"
"6227756",371834,2025-08-24 16:26:24,43.3294868469238,-8.49893188476562,"Unknown"
"6227756",371834,2025-08-24 16:36:24,43.3294792175293,-8.49891948699951,"Unknown"
"6227756",371834,2025-08-24 16:46:24,43.3294677734375,-8.49893951416016,"Unknown"
"6227756",371834,2025-08-24 16:56:24,43.3295783996582,-8.49909210205078,"Unknown"
"6227756",371834,2025-08-24 17:06:27,43.3298149108887,-8.49933052062988,"Unknown"
"6227756",371834,2025-08-24 17:16:27,43.32958984375,-8.49904632568359,"Unknown"
"6227756",371834,2025-08-24 17:26:27,43.3297271728516,-8.49933433532715,"Unknown"
"6227756",371834,2025-08-24 17:36:41,43.3294982910156,-8.49871349334717,"Unknown"
"6227756",371834,2025-08-24 17:46:26,43.3295974731445,-8.49874591827393,"Unknown"
"6227756",371834,2025-08-24 17:56:26,43.3295822143555,-8.49870300292969,"Unknown"
"6227756",371834,2025-08-24 18:06:26,43.3294944763184,-8.49873065948486,"Unknown"
"6227756",371834,2025-08-24 18:16:26,43.3294792175293,-8.49879932403564,"Unknown"
"6227756",371834,2025-08-24 18:26:26,43.3293952941895,-8.49871063232422,"Unknown"
"6227756",371834,2025-08-24 18:36:27,43.3294410705566,-8.49872493743896,"Unknown"
"6227756",371834,2025-08-24 18:46:27,43.3293113708496,-8.49873447418213,"Unknown"
"6227756",371834,2025-08-24 18:56:29,43.3287773132324,-8.49878215789795,"Unknown"
"6227756",371834,2025-08-24 19:06:31,43.3294067382812,-8.49869728088379,"Unknown"
"6227756",371834,2025-08-24 19:16:30,43.3292770385742,-8.49870204925537,"Unknown"
"6227756",371834,2025-08-24 19:26:27,43.3296241760254,-8.49872970581055,"Unknown"
"6227756",371834,2025-08-24 19:36:28,43.3297996520996,-8.49881935119629,"Unknown"
"6227756",371834,2025-08-24 19:46:37,43.3292350769043,-8.49860668182373,"Unknown"
"6227756",371834,2025-08-24 19:56:45,43.3294677734375,-8.498854637146,"Unknown"
"6227756",371834,2025-08-24 20:06:26,43.3294830322266,-8.49893093109131,"Unknown"
"6227756",371834,2025-08-24 20:16:26,43.3295364379883,-8.4989767074585,"Unknown"
"6227756",371834,2025-08-24 20:26:28,43.329719543457,-8.49917221069336,"Unknown"
"6227756",371834,2025-08-24 20:36:27,43.3296432495117,-8.4990930557251,"Unknown"
"6227756",371834,2025-08-24 20:46:45,43.3298835754395,-8.49917793273926,"Unknown"
"6227756",371834,2025-08-24 20:56:27,43.3299140930176,-8.49914169311523,"Unknown"
"6227756",371834,2025-08-24 21:06:59,43.3296737670898,-8.4990291595459,"Unknown"
"6227756",371834,2025-08-24 21:16:25,43.3295631408691,-8.4988374710083,"Unknown"
"6227756",371834,2025-08-24 21:26:26,43.3296394348145,-8.4989013671875,"Unknown"
"6227756",371834,2025-08-24 21:36:25,43.3293113708496,-8.49872398376465,"Unknown"
"6227756",371834,2025-08-24 21:46:45,43.3294868469238,-8.49891948699951,"Unknown"
"6227756",371834,2025-08-24 21:56:25,43.3292274475098,-8.49874973297119,"Unknown"
"6227756",371834,2025-08-24 22:06:26,43.3269157409668,-8.49769115447998,"Unknown"
"6227756",371834,2025-08-24 22:16:31,43.3228302001953,-8.49106216430664,"Unknown"
"6227756",371834,2025-08-24 22:26:36,43.3344955444336,-8.49152088165283,"Unknown"
"6227756",371834,2025-08-24 22:36:45,43.3296775817871,-8.49818325042725,"Unknown"
"6227756",371834,2025-08-24 22:46:29,43.3286819458008,-8.49471855163574,"Unknown"
"6227756",371834,2025-08-24 22:56:36,43.3306121826172,-8.49558162689209,"Unknown"
"6227756",371834,2025-08-24 23:06:27,43.3274536132812,-8.49412631988525,"Unknown"
"6227756",371834,2025-08-24 23:16:32,43.3284530639648,-8.49417686462402,"Unknown"
"6227756",371834,2025-08-24 23:26:37,43.331356048584,-8.48747158050537,"Unknown"
"6227756",371834,2025-08-24 23:36:29,43.3327980041504,-8.49232482910156,"Unknown"
"6227756",371834,2025-08-24 23:46:37,43.3351669311523,-8.48913764953613,"Unknown"
"6227756",371834,2025-08-24 23:56:59,43.3296356201172,-8.49892902374268,"Unknown"
"6227756",371834,2025-08-25 00:06:27,43.3295402526855,-8.49929809570312,"Unknown"
"6227756",371834,2025-08-25 00:16:26,43.3295936584473,-8.49929523468018,"Unknown"
"6227756",371834,2025-08-25 00:26:26,43.3295745849609,-8.49926471710205,"Unknown"
"6227756",371834,2025-08-25 00:36:26,43.329532623291,-8.49930191040039,"Unknown"
"6227756",371834,2025-08-25 00:46:26,43.3295478820801,-8.49927520751953,"Unknown"
"6227756",371834,2025-08-25 00:56:26,43.3295097351074,-8.49918651580811,"Unknown"
"6227756",371834,2025-08-25 01:06:26,43.3295021057129,-8.49912738800049,"Unknown"
"6227756",371834,2025-08-25 01:16:26,43.3295097351074,-8.49912643432617,"Unknown"
"6227756",371834,2025-08-25 01:26:26,43.3295478820801,-8.49914741516113,"Unknown"
"6227756",371834,2025-08-25 01:36:26,43.3295516967773,-8.49909591674805,"Unknown"
"6227756",371834,2025-08-25 01:46:26,43.3296318054199,-8.49914169311523,"Unknown"
"6227756",371834,2025-08-25 01:56:26,43.3296203613281,-8.49906063079834,"Unknown"
"6227756",371834,2025-08-25 02:06:27,43.3301124572754,-8.49902820587158,"Unknown"
"6227756",371834,2025-08-25 02:16:27,43.3301544189453,-8.49935245513916,"Unknown"
"6227756",371834,2025-08-25 02:26:28,43.3299217224121,-8.49893283843994,"Unknown"
"6227756",371834,2025-08-25 02:36:28,43.329963684082,-8.49872398376465,"Unknown"
"6227756",371834,2025-08-25 02:46:28,43.3301963806152,-8.49848747253418,"Unknown"
"6227756",371834,2025-08-25 02:56:28,43.3301811218262,-8.49833011627197,"Unknown"
"6227756",371834,2025-08-25 03:06:28,43.3302345275879,-8.49814605712891,"Unknown"
"6227756",371834,2025-08-25 03:16:29,43.330207824707,-8.4980001449585,"Unknown"
"6227756",371834,2025-08-25 03:26:29,43.3298721313477,-8.49945831298828,"Unknown"
"6227756",371834,2025-08-25 03:36:27,43.3298034667969,-8.49949550628662,"Unknown"
"6227756",371834,2025-08-25 03:46:27,43.3298645019531,-8.49948120117188,"Unknown"
"6227756",371834,2025-08-25 03:56:27,43.3298835754395,-8.49953269958496,"Unknown"
"6227756",371834,2025-08-25 04:06:27,43.3299217224121,-8.49961757659912,"Unknown"
"6227756",371834,2025-08-25 04:16:27,43.3298759460449,-8.49949645996094,"Unknown"
"6227756",371834,2025-08-25 04:26:35,43.3297500610352,-8.49929141998291,"Unknown"
"6227756",371834,2025-08-25 04:36:59,43.329704284668,-8.49914073944092,"Unknown"
"6227756",371834,2025-08-25 04:46:25,43.3294410705566,-8.49909687042236,"Unknown"
"6227756",371834,2025-08-25 04:56:25,43.3295135498047,-8.49924468994141,"Unknown"
"6227756",371834,2025-08-25 05:06:25,43.3294715881348,-8.4990348815918,"Unknown"
"6227756",371834,2025-08-25 05:16:27,43.3294715881348,-8.49919414520264,"Unknown"
"6227756",371834,2025-08-25 05:26:25,43.3295211791992,-8.49907684326172,"Unknown"
"6227756",371834,2025-08-25 05:36:25,43.3295021057129,-8.49919414520264,"Unknown"
"6227756",371834,2025-08-25 05:46:26,43.3295249938965,-8.49906349182129,"Unknown"
"6227756",371834,2025-08-25 05:56:26,43.3295211791992,-8.49898815155029,"Unknown"
"6227756",371834,2025-08-25 06:06:26,43.3294677734375,-8.49899101257324,"Unknown"
"6227756",371834,2025-08-25 06:16:26,43.329475402832,-8.49896621704102,"Unknown"
"6227756",371834,2025-08-25 06:26:26,43.3294944763184,-8.49885845184326,"Unknown"
"6227756",371834,2025-08-25 06:36:26,43.3295135498047,-8.49898147583008,"Unknown"
"6227756",371834,2025-08-25 06:46:26,43.3294830322266,-8.49888896942139,"Unknown"
"6227756",371834,2025-08-25 06:56:28,43.3294639587402,-8.49878120422363,"Unknown"
"6227756",371834,2025-08-25 07:06:44,43.3295822143555,-8.49892234802246,"Unknown"
"6227756",371834,2025-08-25 07:16:28,43.3297958374023,-8.49922943115234,"Unknown"
"6227756",371834,2025-08-25 07:26:27,43.3295745849609,-8.49898815155029,"Unknown"
"6227756",371834,2025-08-25 07:36:26,43.3295249938965,-8.49900531768799,"Unknown"
"6227756",371834,2025-08-25 07:46:36,43.3299255371094,-8.49857711791992,"Unknown"
"6227756",371834,2025-08-25 07:56:44,43.3295745849609,-8.49889945983887,"Unknown"
"6227756",371834,2025-08-25 08:06:27,43.3294906616211,-8.4989652633667,"Unknown"
"6227756",371834,2025-08-25 08:16:30,43.3293151855469,-8.49923324584961,"Unknown"
"6227756",371834,2025-08-25 08:26:31,43.3294868469238,-8.4989128112793,"Unknown"
"6227756",371834,2025-08-25 08:36:34,43.3294334411621,-8.49914741516113,"Unknown"
"6227756",371834,2025-08-25 08:46:44,43.3295631408691,-8.49907398223877,"Unknown"
"6227756",371834,2025-08-25 08:56:36,43.329532623291,-8.49905300140381,"Unknown"
"6227756",371834,2025-08-25 09:06:27,43.3304977416992,-8.49423313140869,"Unknown"
"6227756",371834,2025-08-25 09:16:28,43.3302803039551,-8.49414443969727,"Unknown"
"6227756",371834,2025-08-25 09:26:41,43.3297424316406,-8.49884414672852,"Unknown"
"6227756",371834,2025-08-25 09:36:27,43.3299789428711,-8.49356269836426,"Unknown"
"6227756",371834,2025-08-25 09:46:44,43.329475402832,-8.49894428253174,"Unknown"
"6227756",371834,2025-08-25 09:56:26,43.3306655883789,-8.49492073059082,"Unknown"
"6227756",371834,2025-08-25 10:06:29,43.3295478820801,-8.49885272979736,"Unknown"
"6227756",371834,2025-08-25 10:16:31,43.329418182373,-8.49850749969482,"Unknown"
"6227756",371834,2025-08-25 10:26:29,43.3294715881348,-8.4985523223877,"Unknown"
"6227756",371834,2025-08-25 10:36:56,43.3294448852539,-8.49899291992188,"Unknown"
"6227756",371834,2025-08-25 10:46:25,43.3294410705566,-8.49900531768799,"Unknown"
"6227756",371834,2025-08-25 10:56:27,43.3294639587402,-8.49962902069092,"Unknown"
"6227756",371834,2025-08-25 11:06:28,43.3294525146484,-8.49893188476562,"Unknown"
"6227756",371834,2025-08-25 11:16:28,43.3294639587402,-8.49887943267822,"Unknown"
"6227756",371834,2025-08-25 11:26:26,43.329662322998,-8.49912643432617,"Unknown"
"6227756",371834,2025-08-25 11:36:44,43.3294830322266,-8.49899387359619,"Unknown"
"6227756",371834,2025-08-25 11:46:25,43.3293609619141,-8.49880504608154,"Unknown"
"6227756",371834,2025-08-25 11:56:27,43.3295135498047,-8.49909782409668,"Unknown"
"6227756",371834,2025-08-25 12:06:26,43.3296241760254,-8.49925136566162,"Unknown"
"6227756",371834,2025-08-25 12:16:29,43.3295135498047,-8.49911117553711,"Unknown"
"6227756",371834,2025-08-25 12:26:30,43.3294677734375,-8.4989013671875,"Unknown"
"6227756",371834,2025-08-25 12:36:44,43.3294334411621,-8.49902153015137,"Unknown"
"6227756",371834,2025-08-25 12:46:29,43.3293914794922,-8.49895095825195,"Unknown"
"6227756",371834,2025-08-25 12:56:36,43.3295440673828,-8.49915409088135,"Unknown"
"6227756",371834,2025-08-25 13:06:42,43.329460144043,-8.49912548065186,"Unknown"
"6227756",371834,2025-08-25 13:17:05,43.3295021057129,-8.49904632568359,"Unknown"
"6227756",371834,2025-08-25 13:26:25,43.329460144043,-8.49895477294922,"Unknown"
"6227756",371834,2025-08-25 13:36:25,43.3294944763184,-8.49904441833496,"Unknown"
"6227756",371834,2025-08-25 13:46:25,43.3294486999512,-8.49898910522461,"Unknown"
"6227756",371834,2025-08-25 13:56:25,43.3295135498047,-8.49906826019287,"Unknown"
"6227756",371834,2025-08-25 14:06:25,43.3294944763184,-8.49901390075684,"Unknown"
"6227756",371834,2025-08-25 14:16:25,43.3295288085938,-8.49907493591309,"Unknown"
"6227756",371834,2025-08-25 14:26:26,43.329475402832,-8.49899101257324,"Unknown"
"6227756",371834,2025-08-25 14:36:27,43.3295478820801,-8.49905109405518,"Unknown"
"6227756",371834,2025-08-25 14:46:26,43.3295097351074,-8.49906730651855,"Unknown"
"6227756",371834,2025-08-25 14:56:27,43.3295249938965,-8.49908542633057,"Unknown"
"6227756",371834,2025-08-25 15:06:30,43.3295478820801,-8.49910354614258,"Unknown"
"6227756",371834,2025-08-25 15:16:35,43.329475402832,-8.49896240234375,"Unknown"
"6227756",371834,2025-08-25 15:26:40,43.3294563293457,-8.49898815155029,"Unknown"
"6227756",371834,2025-08-25 15:36:28,43.3295745849609,-8.49868679046631,"Unknown"
"6227756",371834,2025-08-25 15:46:30,43.3294715881348,-8.49849033355713,"Unknown"
"6227756",371834,2025-08-25 15:56:38,43.329460144043,-8.49897575378418,"Unknown"
"6227756",371834,2025-08-25 16:06:35,43.3294219970703,-8.49880504608154,"Unknown"
"6227756",371834,2025-08-25 16:16:42,43.329460144043,-8.49899196624756,"Unknown"
"6227756",371834,2025-08-25 16:27:10,43.3295936584473,-8.49887752532959,"Unknown"
"6227756",371834,2025-08-25 16:36:27,43.3295440673828,-8.49896049499512,"Unknown"
"6227756",371834,2025-08-25 16:46:26,43.3294525146484,-8.49897384643555,"Unknown"
"6227756",371834,2025-08-25 16:56:26,43.329517364502,-8.4990119934082,"Unknown"
"6227756",371834,2025-08-25 17:06:33,43.3295211791992,-8.49899673461914,"Unknown"
"6227756",371834,2025-08-25 17:16:31,43.3295669555664,-8.49895477294922,"Unknown"
"6227756",371834,2025-08-25 17:26:34,43.329475402832,-8.49898338317871,"Unknown"
"6227756",371834,2025-08-25 17:36:31,43.3295745849609,-8.49894714355469,"Unknown"
"6227756",371834,2025-08-25 17:46:41,43.3295631408691,-8.49900817871094,"Unknown"
"6227756",371834,2025-08-25 17:56:26,43.3294792175293,-8.49917697906494,"Unknown"
"6227756",371834,2025-08-25 18:06:27,43.3295707702637,-8.49909973144531,"Unknown"
"6227756",371834,2025-08-25 18:16:26,43.3296775817871,-8.49913597106934,"Unknown"
"6227756",371834,2025-08-25 18:26:27,43.3296279907227,-8.4990291595459,"Unknown"
"6227756",371834,2025-08-25 18:36:46,43.3291244506836,-8.49891567230225,"Unknown"
"6227756",371834,2025-08-25 18:46:28,43.3284454345703,-8.49883365631104,"Unknown"
"6227756",371834,2025-08-25 18:56:37,43.3290634155273,-8.49893665313721,"Unknown"
"6227756",371834,2025-08-25 19:06:26,43.329948425293,-8.4992036819458,"Unknown"
"6227756",371834,2025-08-25 19:16:27,43.3285675048828,-8.49880409240723,"Unknown"
"6227756",371834,2025-08-25 19:26:28,43.3292121887207,-8.49900722503662,"Unknown"
"6227756",371834,2025-08-25 19:36:44,43.3295440673828,-8.49897289276123,"Unknown"
"6227756",371834,2025-08-25 19:46:26,43.3295288085938,-8.49899578094482,"Unknown"
"6227756",371834,2025-08-25 19:56:28,43.3296012878418,-8.49899482727051,"Unknown"
"6227756",371834,2025-08-25 20:06:26,43.3296089172363,-8.49896717071533,"Unknown"
"6227756",371834,2025-08-25 20:16:31,43.3295555114746,-8.49896049499512,"Unknown"
"6227756",371834,2025-08-25 20:26:36,43.3295097351074,-8.4989652633667,"Unknown"
"6227756",371834,2025-08-25 20:36:58,43.3294219970703,-8.49892520904541,"Unknown"
"6227756",371834,2025-08-25 20:46:36,43.329402923584,-8.49893760681152,"Unknown"
"6227756",371834,2025-08-25 20:56:37,43.3294830322266,-8.49894142150879,"Unknown"
"6227756",371834,2025-08-25 21:06:44,43.3294525146484,-8.498948097229,"Unknown"
"6227756",371834,2025-08-25 21:16:28,43.3238487243652,-8.49501132965088,"Unknown"
"6227756",371834,2025-08-25 21:26:36,43.3213043212891,-8.4937629699707,"Unknown"
"6227756",371834,2025-08-25 21:36:30,43.3221282958984,-8.4947624206543,"Unknown"
"6227756",371834,2025-08-25 21:47:00,43.3295402526855,-8.49898719787598,"Unknown"
"6227756",371834,2025-08-25 21:56:25,43.3295135498047,-8.49900150299072,"Unknown"
"6227756",371834,2025-08-25 22:06:26,43.3294944763184,-8.49898242950439,"Unknown"
"6227756",371834,2025-08-25 22:16:27,43.3295288085938,-8.49899864196777,"Unknown"
"6227756",371834,2025-08-25 22:26:27,43.3294258117676,-8.49892616271973,"Unknown"
"6227756",371834,2025-08-25 22:36:26,43.3292617797852,-8.49889183044434,"Unknown"
"6227756",371834,2025-08-25 22:46:26,43.3292198181152,-8.49885368347168,"Unknown"
"6227756",371834,2025-08-25 22:56:26,43.3291358947754,-8.49877262115479,"Unknown"
"6227756",371834,2025-08-25 23:06:37,43.3295402526855,-8.4990119934082,"Unknown"
"6227756",371834,2025-08-25 23:16:37,43.3295974731445,-8.49905014038086,"Unknown"
"6227756",371834,2025-08-25 23:26:43,43.3305435180664,-8.49989128112793,"Unknown"
"6227756",371834,2025-08-25 23:36:48,43.3298072814941,-8.49935150146484,"Unknown"
"6227756",371834,2025-08-25 23:46:59,43.3296279907227,-8.49906253814697,"Unknown"
"6227756",371834,2025-08-25 23:56:36,43.3295783996582,-8.49891567230225,"Unknown"
"6227756",371834,2025-08-26 00:06:37,43.3295059204102,-8.49920654296875,"Unknown"
"6227756",371834,2025-08-26 00:16:43,43.3295249938965,-8.49925327301025,"Unknown"
"6227756",371834,2025-08-26 00:26:52,43.3295288085938,-8.49937725067139,"Unknown"
"6227756",371834,2025-08-26 00:36:58,43.329418182373,-8.49901485443115,"Unknown"
"6227756",371834,2025-08-26 00:46:25,43.3293800354004,-8.49901390075684,"Unknown"
"6227756",371834,2025-08-26 00:56:25,43.329402923584,-8.49900722503662,"Unknown"
"6227756",371834,2025-08-26 01:06:26,43.3293380737305,-8.49900817871094,"Unknown"
"6227756",371834,2025-08-26 01:16:26,43.3293685913086,-8.49896240234375,"Unknown"
"6227756",371834,2025-08-26 01:26:26,43.3293190002441,-8.49892997741699,"Unknown"
"6227756",371834,2025-08-26 01:36:26,43.329231262207,-8.49884510040283,"Unknown"
"6227756",371834,2025-08-26 01:46:28,43.3290634155273,-8.49867248535156,"Unknown"
"6227756",371834,2025-08-26 01:56:36,43.3294982910156,-8.49899578094482,"Unknown"
"6227756",371834,2025-08-26 02:06:28,43.329517364502,-8.49902629852295,"Unknown"
"6227756",371834,2025-08-26 02:16:27,43.3295516967773,-8.49908447265625,"Unknown"
"6227756",371834,2025-08-26 02:26:29,43.3295364379883,-8.49906539916992,"Unknown"
"6227756",371834,2025-08-26 02:36:34,43.3295440673828,-8.49899196624756,"Unknown"
"6227756",371834,2025-08-26 02:46:59,43.3295249938965,-8.49890518188477,"Unknown"
"6227756",371834,2025-08-26 02:56:25,43.3295440673828,-8.49886322021484,"Unknown"
"6227756",371834,2025-08-26 03:06:25,43.3295402526855,-8.49893188476562,"Unknown"
"6227756",371834,2025-08-26 03:16:25,43.3295135498047,-8.49878120422363,"Unknown"
"6227756",371834,2025-08-26 03:26:26,43.329460144043,-8.49891662597656,"Unknown"
"6227756",371834,2025-08-26 03:36:26,43.3294868469238,-8.49886035919189,"Unknown"
"6227756",371834,2025-08-26 03:46:26,43.3294715881348,-8.4990062713623,"Unknown"
"6227756",371834,2025-08-26 03:56:28,43.329460144043,-8.4992561340332,"Unknown"
"6227756",371834,2025-08-26 04:06:27,43.3294792175293,-8.49890995025635,"Unknown"
"6227756",371834,2025-08-26 04:16:29,43.3295059204102,-8.49899578094482,"Unknown"
"6227756",371834,2025-08-26 04:26:29,43.3294868469238,-8.49897861480713,"Unknown"
"6227756",371834,2025-08-26 04:36:31,43.3294906616211,-8.49904537200928,"Unknown"
"6227756",371834,2025-08-26 04:46:31,43.3295974731445,-8.49920845031738,"Unknown"
"6227756",371834,2025-08-26 04:56:36,43.3296775817871,-8.49940586090088,"Unknown"
"6227756",371834,2025-08-26 05:06:44,43.3294334411621,-8.49905014038086,"Unknown"
"6227756",371834,2025-08-26 05:16:25,43.3294639587402,-8.49897766113281,"Unknown"
"6227756",371834,2025-08-26 05:26:26,43.3294525146484,-8.49892044067383,"Unknown"
"6227756",371834,2025-08-26 05:36:25,43.3294906616211,-8.49892616271973,"Unknown"
"6227756",371834,2025-08-26 05:46:44,43.3294868469238,-8.49902820587158,"Unknown"
"6227756",371834,2025-08-26 05:56:26,43.3293952941895,-8.49883842468262,"Unknown"
"6227756",371834,2025-08-26 06:06:26,43.329475402832,-8.49898052215576,"Unknown"
"6227756",371834,2025-08-26 06:16:26,43.3294715881348,-8.49901580810547,"Unknown"
"6227756",371834,2025-08-26 06:26:26,43.3293838500977,-8.49869060516357,"Unknown"
"6227756",371834,2025-08-26 06:36:44,43.3294448852539,-8.49899864196777,"Unknown"
"6227756",371834,2025-08-26 06:46:27,43.3293495178223,-8.4988899230957,"Unknown"
"6227756",371834,2025-08-26 06:56:28,43.3296585083008,-8.4988956451416,"Unknown"
"6227756",371834,2025-08-26 07:06:37,43.3298492431641,-8.49899482727051,"Unknown"
"6227756",371834,2025-08-26 07:16:33,43.3296585083008,-8.499098777771,"Unknown"
"6227756",371834,2025-08-26 07:27:23,43.3295974731445,-8.49897289276123,"Unknown"
"6227756",371834,2025-08-26 07:36:25,43.3294868469238,-8.49907493591309,"Unknown"
"6227756",371834,2025-08-26 07:46:36,43.3295211791992,-8.49897003173828,"Unknown"
"6227756",371834,2025-08-26 07:56:33,43.329475402832,-8.49894046783447,"Unknown"
"6227756",371834,2025-08-26 08:06:36,43.3295249938965,-8.49899673461914,"Unknown"
"6227756",371834,2025-08-26 08:16:37,43.3295059204102,-8.49894905090332,"Unknown"
"6227756",371834,2025-08-26 08:26:34,43.3296241760254,-8.49895286560059,"Unknown"
"6227756",371834,2025-08-26 08:36:43,43.3292541503906,-8.49905395507812,"Unknown"
"6227756",371834,2025-08-26 08:46:26,43.3294143676758,-8.49911212921143,"Unknown"
"6227756",371834,2025-08-26 08:56:36,43.3293266296387,-8.49896717071533,"Unknown"
"6227756",371834,2025-08-26 09:06:29,43.3292236328125,-8.49901866912842,"Unknown"
"6227756",371834,2025-08-26 09:16:39,43.329418182373,-8.49867248535156,"Unknown"
"6227756",371834,2025-08-26 09:26:35,43.3294219970703,-8.49887657165527,"Unknown"
"6227756",371834,2025-08-26 09:36:47,43.329418182373,-8.49844264984131,"Unknown"
"6227756",371834,2025-08-26 09:46:29,43.3303070068359,-8.49795150756836,"Unknown"
"6227756",371834,2025-08-26 09:56:46,43.3295783996582,-8.4985818862915,"Unknown"
"6227756",371834,2025-08-26 10:06:59,43.3294830322266,-8.49902725219727,"Unknown"
"6227756",371834,2025-08-26 10:16:25,43.3294715881348,-8.49895763397217,"Unknown"
"6227756",371834,2025-08-26 10:26:25,43.3295059204102,-8.49903964996338,"Unknown"
"6227756",371834,2025-08-26 10:36:25,43.3295631408691,-8.4990406036377,"Unknown"
"6227756",371834,2025-08-26 10:46:28,43.3296241760254,-8.49915313720703,"Unknown"
"6227756",371834,2025-08-26 10:56:37,43.3295936584473,-8.49909591674805,"Unknown"
"6227756",371834,2025-08-26 11:06:44,43.329719543457,-8.49928569793701,"Unknown"
"6227756",371834,2025-08-26 11:16:28,43.3296928405762,-8.49925708770752,"Unknown"
"6227756",371834,2025-08-26 11:26:26,43.3295669555664,-8.49920845031738,"Unknown"
"6227756",371834,2025-08-26 11:36:26,43.3295097351074,-8.4990119934082,"Unknown"
"6227756",371834,2025-08-26 11:46:46,43.3294334411621,-8.49891090393066,"Unknown"
"6227756",371834,2025-08-26 11:56:38,43.3293876647949,-8.49883270263672,"Unknown"
"6227756",371834,2025-08-26 12:06:56,43.3294982910156,-8.49900722503662,"Unknown"
"6227756",371834,2025-08-26 12:16:26,43.3295974731445,-8.49886226654053,"Unknown"
"6227756",371834,2025-08-26 12:26:26,43.3295364379883,-8.49898147583008,"Unknown"
"6227756",371834,2025-08-26 12:36:25,43.3294906616211,-8.49892807006836,"Unknown"
"6227756",371834,2025-08-26 12:46:36,43.3294105529785,-8.49903964996338,"Unknown"
"6227756",371834,2025-08-26 12:56:44,43.3295593261719,-8.49893379211426,"Unknown"
"6227756",371834,2025-08-26 13:06:25,43.3296432495117,-8.49893856048584,"Unknown"
"6227756",371834,2025-08-26 13:16:39,43.3295211791992,-8.49895763397217,"Unknown"
"6227756",371834,2025-08-26 13:26:44,43.3295440673828,-8.49896812438965,"Unknown"
"6227756",371834,2025-08-26 13:36:25,43.3295364379883,-8.49902248382568,"Unknown"
"6227756",371834,2025-08-26 13:46:44,43.3295211791992,-8.49897861480713,"Unknown"
"6227756",371834,2025-08-26 13:56:25,43.3295440673828,-8.49892425537109,"Unknown"
"6227756",371834,2025-08-26 14:06:25,43.3291931152344,-8.49906921386719,"Unknown"
"6227756",371834,2025-08-26 14:16:34,43.3295097351074,-8.49892616271973,"Unknown"
"6227756",371834,2025-08-26 14:26:25,43.3294563293457,-8.49903964996338,"Unknown"
"6227756",371834,2025-08-26 14:36:44,43.3294258117676,-8.49897480010986,"Unknown"
"6227756",371834,2025-08-26 14:46:25,43.329418182373,-8.49893188476562,"Unknown"
"6227756",371834,2025-08-26 14:56:36,43.3293571472168,-8.49885368347168,"Unknown"
"6227756",371834,2025-08-26 15:06:25,43.3293151855469,-8.49876022338867,"Unknown"
"6227756",371834,2025-08-26 15:16:36,43.3294296264648,-8.49895858764648,"Unknown"
"6227756",371834,2025-08-26 15:26:36,43.3294334411621,-8.49886703491211,"Unknown"
"6227756",371834,2025-08-26 15:36:59,43.3294448852539,-8.49908065795898,"Unknown"
"6227756",371834,2025-08-26 15:46:26,43.3295593261719,-8.49875450134277,"Unknown"
"6227756",371834,2025-08-26 15:56:28,43.3297309875488,-8.49786949157715,"Unknown"
"6227756",371834,2025-08-26 16:06:56,43.3294143676758,-8.4989538192749,"Unknown"
"6227756",371834,2025-08-26 16:16:26,43.3295211791992,-8.49898338317871,"Unknown"
"6227756",371834,2025-08-26 16:26:26,43.3296890258789,-8.49918270111084,"Unknown"
"6227756",371834,2025-08-26 16:36:26,43.3298645019531,-8.49953746795654,"Unknown"
"6227756",371834,2025-08-26 16:46:37,43.3294486999512,-8.49885368347168,"Unknown"
"6227756",371834,2025-08-26 16:56:37,43.3294563293457,-8.4989538192749,"Unknown"
"6227756",371834,2025-08-26 17:06:37,43.3294334411621,-8.49892997741699,"Unknown"
"6227756",371834,2025-08-26 17:16:28,43.3294372558594,-8.49890804290771,"Unknown"
"6227756",371834,2025-08-26 17:26:30,43.3294486999512,-8.49886417388916,"Unknown"
"6227756",371834,2025-08-26 17:36:44,43.3294906616211,-8.49899768829346,"Unknown"
"6227756",371834,2025-08-26 17:46:27,43.3295288085938,-8.49896717071533,"Unknown"
"6227756",371834,2025-08-26 17:56:27,43.329532623291,-8.4990701675415,"Unknown"
"6227756",371834,2025-08-26 18:06:29,43.3295707702637,-8.4990348815918,"Unknown"
"6227756",371834,2025-08-26 18:16:29,43.329704284668,-8.49912548065186,"Unknown"
"6227756",371834,2025-08-26 18:26:37,43.3296127319336,-8.49899959564209,"Unknown"
"6227756",371834,2025-08-26 18:36:45,43.3296394348145,-8.49889469146729,"Unknown"
"6227756",371834,2025-08-26 18:46:38,43.3298797607422,-8.49825286865234,"Unknown"
"6227756",371834,2025-08-26 18:56:37,43.3297271728516,-8.498366355896,"Unknown"
"6227756",371834,2025-08-26 19:06:44,43.3295249938965,-8.49893379211426,"Unknown"
"6227756",371834,2025-08-26 19:16:38,43.3294830322266,-8.49890995025635,"Unknown"
"6227756",371834,2025-08-26 19:26:45,43.3293571472168,-8.49893379211426,"Unknown"
"6227756",371834,2025-08-26 19:36:37,43.3294105529785,-8.49891567230225,"Unknown"
"6227756",371834,2025-08-26 19:47:05,43.3294868469238,-8.498948097229,"Unknown"
"6227756",371834,2025-08-26 19:56:26,43.3295097351074,-8.49896621704102,"Unknown"
"6227756",371834,2025-08-26 20:06:26,43.3295631408691,-8.49902820587158,"Unknown"
"6227756",371834,2025-08-26 20:16:26,43.3295745849609,-8.49900245666504,"Unknown"
"6227756",371834,2025-08-26 20:26:27,43.3295822143555,-8.4990291595459,"Unknown"
"6227756",371834,2025-08-26 20:36:28,43.3295593261719,-8.49903774261475,"Unknown"
"6227756",371834,2025-08-26 20:46:28,43.3295974731445,-8.49916934967041,"Unknown"
"6227756",371834,2025-08-26 20:56:30,43.3294944763184,-8.49894428253174,"Unknown"
"6227756",371834,2025-08-26 21:06:41,43.3295516967773,-8.49898052215576,"Unknown"
"6227756",371834,2025-08-26 21:16:26,43.329517364502,-8.49898433685303,"Unknown"
"6227756",371834,2025-08-26 21:26:26,43.329418182373,-8.49895095825195,"Unknown"
"6227756",371834,2025-08-26 21:36:27,43.3292846679688,-8.49889755249023,"Unknown"
"6227756",371834,2025-08-26 21:46:42,43.3294105529785,-8.49891376495361,"Unknown"
"6227756",371834,2025-08-26 21:56:27,43.3295097351074,-8.49898815155029,"Unknown"
"6227756",371834,2025-08-26 22:06:31,43.3293037414551,-8.49883079528809,"Unknown"
"6227756",371834,2025-08-26 22:16:31,43.3294258117676,-8.49890995025635,"Unknown"
"6227756",371834,2025-08-26 22:26:31,43.3292083740234,-8.49869823455811,"Unknown"
"6227756",371834,2025-08-26 22:36:45,43.3293571472168,-8.49882793426514,"Unknown"
"6227756",371834,2025-08-26 22:46:59,43.3295288085938,-8.49891662597656,"Unknown"
"6227756",371834,2025-08-26 22:56:26,43.3294486999512,-8.4989070892334,"Unknown"
"6227756",371834,2025-08-26 23:06:27,43.3294258117676,-8.4988431930542,"Unknown"
"6227756",371834,2025-08-26 23:16:34,43.3295211791992,-8.4988899230957,"Unknown"
"6227756",371834,2025-08-26 23:26:38,43.3295440673828,-8.49896717071533,"Unknown"
"6227756",371834,2025-08-26 23:36:44,43.3294715881348,-8.49901676177979,"Unknown"
"6227756",371834,2025-08-26 23:46:27,43.3295364379883,-8.49908828735352,"Unknown"
"6227756",371834,2025-08-26 23:56:27,43.3296051025391,-8.49880027770996,"Unknown"
"6227756",371834,2025-08-27 00:06:32,43.3293380737305,-8.499267578125,"Unknown"
"6227756",371834,2025-08-27 00:16:37,43.329402923584,-8.49914073944092,"Unknown"
"6227756",371834,2025-08-27 00:26:37,43.329460144043,-8.49913311004639,"Unknown"
"6227756",371834,2025-08-27 00:37:05,43.3294830322266,-8.49902725219727,"Unknown"
"6227756",371834,2025-08-27 00:46:26,43.3294830322266,-8.49903202056885,"Unknown"
"6227756",371834,2025-08-27 00:56:26,43.3294982910156,-8.49897193908691,"Unknown"
"6227756",371834,2025-08-27 01:06:26,43.3294105529785,-8.49897956848145,"Unknown"
"6227756",371834,2025-08-27 01:16:26,43.329402923584,-8.49903678894043,"Unknown"
"6227756",371834,2025-08-27 01:26:27,43.3293571472168,-8.49891090393066,"Unknown"
"6227756",371834,2025-08-27 01:36:26,43.329402923584,-8.49892711639404,"Unknown"
"6227756",371834,2025-08-27 01:46:29,43.3297653198242,-8.49934101104736,"Unknown"
"6227756",371834,2025-08-27 01:56:29,43.3297882080078,-8.49928951263428,"Unknown"
"6227756",371834,2025-08-27 02:06:27,43.3296432495117,-8.49928855895996,"Unknown"
"6227756",371834,2025-08-27 02:16:44,43.3295021057129,-8.49898815155029,"Unknown"
"6227756",371834,2025-08-27 02:26:28,43.3297462463379,-8.49962902069092,"Unknown"
"6227756",371834,2025-08-27 02:36:30,43.3297157287598,-8.4997730255127,"Unknown"
"6227756",371834,2025-08-27 02:46:45,43.3295097351074,-8.49896812438965,"Unknown"
"6227756",371834,2025-08-27 02:56:29,43.3290138244629,-8.49611473083496,"Unknown"
"6227756",371834,2025-08-27 03:06:42,43.3291625976562,-8.49757862091064,"Unknown"
"6227756",371834,2025-08-27 03:16:29,43.3294906616211,-8.49906444549561,"Unknown"
"6227756",371834,2025-08-27 03:26:30,43.3296432495117,-8.49997138977051,"Unknown"
"6227756",371834,2025-08-27 03:36:35,43.3294639587402,-8.4990406036377,"Unknown"
"6227756",371834,2025-08-27 03:46:45,43.3294372558594,-8.49899005889893,"Unknown"
"6227756",371834,2025-08-27 03:56:31,43.3293228149414,-8.49873542785645,"Unknown"
"6227756",371834,2025-08-27 04:06:31,43.3293685913086,-8.49883842468262,"Unknown"
"6227756",371834,2025-08-27 04:16:27,43.329402923584,-8.49927425384521,"Unknown"
"6227756",371834,2025-08-27 04:26:44,43.3293876647949,-8.4989595413208,"Unknown"
"6227756",371834,2025-08-27 04:36:29,43.3295745849609,-8.49916362762451,"Unknown"
"6227756",371834,2025-08-27 04:46:45,43.3294067382812,-8.49895286560059,"Unknown"
"6227756",371834,2025-08-27 04:56:44,43.3293762207031,-8.49894332885742,"Unknown"
"6227756",371834,2025-08-27 05:06:26,43.3294868469238,-8.49894905090332,"Unknown"
"6227756",371834,2025-08-27 05:16:27,43.329418182373,-8.49898242950439,"Unknown"
"6227756",371834,2025-08-27 05:26:27,43.329418182373,-8.49890995025635,"Unknown"
"6227756",371834,2025-08-27 05:36:28,43.3294715881348,-8.49896907806396,"Unknown"
"6227756",371834,2025-08-27 05:46:45,43.3295135498047,-8.49903869628906,"Unknown"
"6227756",371834,2025-08-27 05:56:27,43.3295860290527,-8.49902153015137,"Unknown"
"6227756",371834,2025-08-27 06:06:26,43.3295211791992,-8.49898624420166,"Unknown"
"6227756",371834,2025-08-27 06:16:29,43.3295860290527,-8.49893951416016,"Unknown"
"6227756",371834,2025-08-27 06:26:28,43.3298187255859,-8.49884128570557,"Unknown"
"6227756",371834,2025-08-27 06:37:05,43.3294982910156,-8.49900341033936,"Unknown"
"6227756",371834,2025-08-27 06:46:26,43.3295097351074,-8.49905586242676,"Unknown"
"6227756",371834,2025-08-27 06:56:26,43.3294372558594,-8.49894237518311,"Unknown"
"6227756",371834,2025-08-27 07:06:26,43.3295249938965,-8.49895477294922,"Unknown"
"6227756",371834,2025-08-27 07:16:26,43.3294563293457,-8.49904823303223,"Unknown"
"6227756",371834,2025-08-27 07:26:26,43.3294410705566,-8.49900817871094,"Unknown"
"6227756",371834,2025-08-27 07:36:26,43.3294868469238,-8.49903106689453,"Unknown"
"6227756",371834,2025-08-27 07:46:28,43.3295211791992,-8.49896812438965,"Unknown"
"6227756",371834,2025-08-27 07:56:26,43.329475402832,-8.49907493591309,"Unknown"
"6227756",371834,2025-08-27 08:06:28,43.3295555114746,-8.49907207489014,"Unknown"
"6227756",371834,2025-08-27 08:16:28,43.3292541503906,-8.49883270263672,"Unknown"
"6227756",371834,2025-08-27 08:26:59,43.3294067382812,-8.49898719787598,"Unknown"
"6227756",371834,2025-08-27 08:36:26,43.3295059204102,-8.498948097229,"Unknown"
"6227756",371834,2025-08-27 08:46:27,43.329475402832,-8.49894523620605,"Unknown"
"6227756",371834,2025-08-27 08:56:28,43.329475402832,-8.49901580810547,"Unknown"
"6227756",371834,2025-08-27 09:06:28,43.3295249938965,-8.49892234802246,"Unknown"
"6227756",371834,2025-08-27 09:16:30,43.3293838500977,-8.4991283416748,"Unknown"
"6227756",371834,2025-08-27 09:26:26,43.3294105529785,-8.499098777771,"Unknown"
"6227756",371834,2025-08-27 09:36:26,43.3293647766113,-8.49914264678955,"Unknown"
"6227756",371834,2025-08-27 09:46:29,43.3295097351074,-8.49897384643555,"Unknown"
"6227756",371834,2025-08-27 09:56:26,43.3294219970703,-8.49903297424316,"Unknown"
"6227756",371834,2025-08-27 10:06:26,43.3295059204102,-8.49899482727051,"Unknown"
"6227756",371834,2025-08-27 10:16:38,43.3294563293457,-8.49903202056885,"Unknown"
"6227756",371834,2025-08-27 10:26:44,43.3294906616211,-8.49901676177979,"Unknown"
"6227756",371834,2025-08-27 10:36:27,43.3294334411621,-8.49901962280273,"Unknown"
"6227756",371834,2025-08-27 10:46:44,43.3295593261719,-8.49906730651855,"Unknown"
"6227756",371834,2025-08-27 10:57:05,43.3294906616211,-8.49900436401367,"Unknown"
"6227756",371834,2025-08-27 11:06:26,43.3295211791992,-8.4990816116333,"Unknown"
"6227756",371834,2025-08-27 11:16:26,43.3295669555664,-8.49914836883545,"Unknown"
"6227756",371834,2025-08-27 11:26:27,43.3296089172363,-8.49915790557861,"Unknown"
"6227756",371834,2025-08-27 11:36:27,43.329517364502,-8.49904823303223,"Unknown"
"6227756",371834,2025-08-27 11:46:29,43.3294982910156,-8.49902725219727,"Unknown"
"6227756",371834,2025-08-27 11:56:36,43.3294982910156,-8.49901294708252,"Unknown"
"6227756",371834,2025-08-27 12:06:45,43.3295402526855,-8.49902439117432,"Unknown"
"6227756",371834,2025-08-27 12:16:28,43.3294448852539,-8.4990291595459,"Unknown"
"6227756",371834,2025-08-27 12:26:28,43.329517364502,-8.49905490875244,"Unknown"
"6227756",371834,2025-08-27 12:36:32,43.3293228149414,-8.49895286560059,"Unknown"
"6227756",371834,2025-08-27 12:46:45,43.3293266296387,-8.49893665313721,"Unknown"
"6227756",371834,2025-08-27 12:56:34,43.3295135498047,-8.49893093109131,"Unknown"
"6227756",371834,2025-08-27 13:06:31,43.3293762207031,-8.49897861480713,"Unknown"
"6227756",371834,2025-08-27 13:16:31,43.3293075561523,-8.49889945983887,"Unknown"
"6227756",371834,2025-08-27 13:26:27,43.3295783996582,-8.49909973144531,"Unknown"
"6227756",371834,2025-08-27 13:36:45,43.3294067382812,-8.49893569946289,"Unknown"
"6227756",371834,2025-08-27 13:46:27,43.3294715881348,-8.49896621704102,"Unknown"
"6227756",371834,2025-08-27 13:56:28,43.329402923584,-8.49895763397217,"Unknown"
"6227756",371834,2025-08-27 14:06:28,43.3294830322266,-8.49899101257324,"Unknown"
"6227756",371834,2025-08-27 14:16:28,43.3294525146484,-8.49899005889893,"Unknown"
"6227756",371834,2025-08-27 14:26:28,43.3295097351074,-8.49899482727051,"Unknown"
"6227756",371834,2025-08-27 14:36:45,43.3291397094727,-8.49909973144531,"Unknown"
"6227756",371834,2025-08-27 14:46:37,43.3286743164062,-8.49917221069336,"Unknown"
"6227756",371834,2025-08-27 14:56:31,43.3305015563965,-8.49882888793945,"Unknown"
"6227756",371834,2025-08-27 15:06:37,43.3298149108887,-8.49890613555908,"Unknown"
"6227756",371834,2025-08-27 15:16:59,43.3297576904297,-8.49853706359863,"Unknown"
"6227756",371834,2025-08-27 15:26:47,43.3294372558594,-8.49958229064941,"Unknown"
"6227756",371834,2025-08-27 15:36:37,43.329532623291,-8.49919700622559,"Unknown"
"6227756",371834,2025-08-27 15:46:45,43.3295021057129,-8.49898815155029,"Unknown"
"6227756",371834,2025-08-27 15:56:27,43.3295364379883,-8.4985294342041,"Unknown"
"6227756",371834,2025-08-27 16:06:31,43.329647064209,-8.49828720092773,"Unknown"
"6227756",371834,2025-08-27 16:16:32,43.3295478820801,-8.49915885925293,"Unknown"
"6227756",371834,2025-08-27 16:26:32,43.3296241760254,-8.49921226501465,"Unknown"
"6227756",371834,2025-08-27 16:36:45,43.329402923584,-8.49888706207275,"Unknown"
"6227756",371834,2025-08-27 16:46:31,43.3297386169434,-8.49925518035889,"Unknown"
"6227756",371834,2025-08-27 16:56:29,43.3298149108887,-8.49949359893799,"Unknown"
"6227756",371834,2025-08-27 17:06:29,43.329647064209,-8.49937438964844,"Unknown"
"6227756",371834,2025-08-27 17:16:32,43.32958984375,-8.49921417236328,"Unknown"
"6227756",371834,2025-08-27 17:26:56,43.3295707702637,-8.49898815155029,"Unknown"
"6227756",371834,2025-08-27 17:36:29,43.3295745849609,-8.49903392791748,"Unknown"
"6227756",371834,2025-08-27 17:47:05,43.3294830322266,-8.49897193908691,"Unknown"
"6227756",371834,2025-08-27 17:56:28,43.3294715881348,-8.49896240234375,"Unknown"
"6227756",371834,2025-08-27 18:06:28,43.3294372558594,-8.49902725219727,"Unknown"
"6227756",371834,2025-08-27 18:16:28,43.3293952941895,-8.49901294708252,"Unknown"
"6227756",371834,2025-08-27 18:26:28,43.3294639587402,-8.49900054931641,"Unknown"
"6227756",371834,2025-08-27 18:36:28,43.3294715881348,-8.49900817871094,"Unknown"
"6227756",371834,2025-08-27 18:46:28,43.3294563293457,-8.49900341033936,"Unknown"
"6227756",371834,2025-08-27 18:56:28,43.3294715881348,-8.49898719787598,"Unknown"
"6227756",371834,2025-08-27 19:06:28,43.329517364502,-8.49903106689453,"Unknown"
"6227756",371834,2025-08-27 19:16:28,43.3293380737305,-8.49896335601807,"Unknown"
"6227756",371834,2025-08-27 19:26:34,43.3293800354004,-8.4988489151001,"Unknown"
"6227756",371834,2025-08-27 19:36:32,43.3296012878418,-8.49901580810547,"Unknown"
"6227756",371834,2025-08-27 19:46:40,43.3297233581543,-8.49930191040039,"Unknown"
"6227756",371834,2025-08-27 19:56:44,43.3294372558594,-8.49897003173828,"Unknown"
"6227756",371834,2025-08-27 20:06:37,43.3292694091797,-8.49938106536865,"Unknown"
"6227756",371834,2025-08-27 20:16:38,43.329288482666,-8.49922561645508,"Unknown"
"6227756",371834,2025-08-27 20:26:37,43.3295440673828,-8.49853229522705,"Unknown"
"6227756",371834,2025-08-27 20:37:05,43.3295211791992,-8.498948097229,"Unknown"
"6227756",371834,2025-08-27 20:46:36,43.3296394348145,-8.49892997741699,"Unknown"
"6227756",371834,2025-08-27 20:56:44,43.3297080993652,-8.49897956848145,"Unknown"
"6227756",371834,2025-08-27 21:06:28,43.3296356201172,-8.49904441833496,"Unknown"
"6227756",371834,2025-08-27 21:16:29,43.3297157287598,-8.49910259246826,"Unknown"
"6227756",371834,2025-08-27 21:26:29,43.3297309875488,-8.49910259246826,"Unknown"
"6227756",371834,2025-08-27 21:36:30,43.3297805786133,-8.49916934967041,"Unknown"
"6227756",371834,2025-08-27 21:46:44,43.3295707702637,-8.49900817871094,"Unknown"
"6227756",371834,2025-08-27 21:56:29,43.3296165466309,-8.49911689758301,"Unknown"
"6227756",371834,2025-08-27 22:06:31,43.3296508789062,-8.4991397857666,"Unknown"
"6227756",371834,2025-08-27 22:16:29,43.329647064209,-8.49911403656006,"Unknown"
"6227756",371834,2025-08-27 22:26:37,43.3296546936035,-8.49912166595459,"Unknown"
"6227756",371834,2025-08-27 22:36:45,43.3295974731445,-8.49906253814697,"Unknown"
"6227756",371834,2025-08-27 22:46:37,43.3295021057129,-8.49900722503662,"Unknown"
"6227756",371834,2025-08-27 22:56:37,43.3297309875488,-8.49917888641357,"Unknown"
"6227756",371834,2025-08-27 23:06:39,43.3304901123047,-8.49985027313232,"Unknown"
"6227756",371834,2025-08-27 23:16:59,43.3293609619141,-8.49899864196777,"Unknown"
"6227756",371834,2025-08-27 23:26:30,43.3292579650879,-8.49901103973389,"Unknown"
"6227756",371834,2025-08-27 23:36:29,43.329273223877,-8.49903678894043,"Unknown"
"6227756",371834,2025-08-27 23:47:14,43.3294715881348,-8.49899005889893,"Unknown"
"6227756",371834,2025-08-27 23:56:29,43.329345703125,-8.49851894378662,"Unknown"
"6227756",371834,2025-08-28 00:06:29,43.3295097351074,-8.49900054931641,"Unknown"
"6227756",371834,2025-08-28 00:16:30,43.3295516967773,-8.49910831451416,"Unknown"
"6227756",371834,2025-08-28 00:26:31,43.329517364502,-8.49916648864746,"Unknown"
"6227756",371834,2025-08-28 00:36:44,43.3294906616211,-8.4988260269165,"Unknown"
"6227756",371834,2025-08-28 00:46:29,43.3294715881348,-8.49890232086182,"Unknown"
"6227756",371834,2025-08-28 00:56:30,43.3294982910156,-8.49902629852295,"Unknown"
"6227756",371834,2025-08-28 01:06:32,43.3294067382812,-8.4987735748291,"Unknown"
"6227756",371834,2025-08-28 01:16:44,43.3294639587402,-8.49898529052734,"Unknown"
"6227756",371834,2025-08-28 01:26:37,43.324520111084,-8.49232769012451,"Unknown"
"6227756",371834,2025-08-28 01:36:30,43.3290481567383,-8.49839496612549,"Unknown"
"6227756",371834,2025-08-28 01:46:45,43.3294715881348,-8.49902439117432,"Unknown"
"6227756",371834,2025-08-28 01:56:32,43.3294563293457,-8.49905967712402,"Unknown"
"6227756",371834,2025-08-28 02:06:32,43.329475402832,-8.49897193908691,"Unknown"
"6227756",371834,2025-08-28 02:16:39,43.3294715881348,-8.49900054931641,"Unknown"
"6227756",371834,2025-08-28 02:26:49,43.3294448852539,-8.4996919631958,"Unknown"
"6227756",371834,2025-08-28 02:37:05,43.3294219970703,-8.49899196624756,"Unknown"
"6227756",371834,2025-08-28 02:46:28,43.3295402526855,-8.49894046783447,"Unknown"
"6227756",371834,2025-08-28 02:56:28,43.3294792175293,-8.49894523620605,"Unknown"
"6227756",371834,2025-08-28 03:06:28,43.3294105529785,-8.49894142150879,"Unknown"
"6227756",371834,2025-08-28 03:16:29,43.329418182373,-8.49897861480713,"Unknown"
"6227756",371834,2025-08-28 03:26:28,43.3294143676758,-8.49896430969238,"Unknown"
"6227756",371834,2025-08-28 03:36:30,43.3294258117676,-8.49896240234375,"Unknown"
"6227756",371834,2025-08-28 03:46:31,43.3293724060059,-8.49893474578857,"Unknown"
"6227756",371834,2025-08-28 03:56:37,43.3293762207031,-8.49897289276123,"Unknown"
"6227756",371834,2025-08-28 04:06:37,43.3293952941895,-8.49899387359619,"Unknown"
"6227756",371834,2025-08-28 04:16:35,43.3294563293457,-8.49896907806396,"Unknown"
"6227756",371834,2025-08-28 04:26:36,43.3294258117676,-8.49894142150879,"Unknown"
"6227756",371834,2025-08-28 04:36:44,43.3294792175293,-8.49898910522461,"Unknown"
"6227756",371834,2025-08-28 04:46:31,43.3295936584473,-8.49905014038086,"Unknown"
"6227756",371834,2025-08-28 04:56:30,43.3297119140625,-8.49921989440918,"Unknown"
"6227756",371834,2025-08-28 05:06:31,43.3294639587402,-8.49895572662354,"Unknown"
"6227756",371834,2025-08-28 05:16:36,43.3293190002441,-8.49882030487061,"Unknown"
"6227756",371834,2025-08-28 05:26:37,43.3293571472168,-8.4988842010498,"Unknown"
"6227756",371834,2025-08-28 05:36:45,43.3295822143555,-8.49866580963135,"Unknown"
"6227756",371834,2025-08-28 05:46:30,43.3293952941895,-8.49916744232178,"Unknown"
"6227756",371834,2025-08-28 05:56:29,43.3291702270508,-8.49941825866699,"Unknown"
"6227756",371834,2025-08-28 06:06:59,43.3295478820801,-8.49898529052734,"Unknown"
"6227756",371834,2025-08-28 06:16:37,43.3297080993652,-8.49878025054932,"Unknown"
"6227756",371834,2025-08-28 06:26:38,43.329475402832,-8.49902534484863,"Unknown"
"6227756",371834,2025-08-28 06:36:30,43.329288482666,-8.49938011169434,"Unknown"
"6227756",371834,2025-08-28 06:47:05,43.329532623291,-8.49902248382568,"Unknown"
"6227756",371834,2025-08-28 06:56:28,43.3295211791992,-8.49903392791748,"Unknown"
"6227756",371834,2025-08-28 07:06:28,43.3294258117676,-8.49900436401367,"Unknown"
"6227756",371834,2025-08-28 07:16:28,43.3294982910156,-8.4990234375,"Unknown"
"6227756",371834,2025-08-28 07:26:28,43.3294677734375,-8.49905586242676,"Unknown"
"6227756",371834,2025-08-28 07:36:28,43.329517364502,-8.49904823303223,"Unknown"
"6227756",371834,2025-08-28 07:46:30,43.3295211791992,-8.49909019470215,"Unknown"
"6227756",371834,2025-08-28 07:56:30,43.3295097351074,-8.4990701675415,"Unknown"
"6227756",371834,2025-08-28 08:06:32,43.3295097351074,-8.49895191192627,"Unknown"
"6227756",371834,2025-08-28 08:16:44,43.3293151855469,-8.49898147583008,"Unknown"
"6227756",371834,2025-08-28 08:26:31,43.3295974731445,-8.49899673461914,"Unknown"
"6227756",371834,2025-08-28 08:36:40,43.3301773071289,-8.4987907409668,"Unknown"
"6227756",371834,2025-08-28 08:46:31,43.3290901184082,-8.49914741516113,"Unknown"
"6227756",371834,2025-08-28 08:56:32,43.3295593261719,-8.49893760681152,"Unknown"
"6227756",371834,2025-08-28 09:06:31,43.329402923584,-8.49903678894043,"Unknown"
"6227756",371834,2025-08-28 09:16:37,43.3295288085938,-8.49894142150879,"Unknown"
"6227756",371834,2025-08-28 09:27:05,43.3295211791992,-8.49898719787598,"Unknown"
"6227756",371834,2025-08-28 09:36:28,43.3295135498047,-8.49904155731201,"Unknown"
"6227756",371834,2025-08-28 09:46:28,43.3294639587402,-8.49901962280273,"Unknown"
"6227756",371834,2025-08-28 09:56:28,43.3294525146484,-8.49899482727051,"Unknown"
"6227756",371834,2025-08-28 10:06:28,43.3294296264648,-8.49896240234375,"Unknown"
"6227756",371834,2025-08-28 10:16:28,43.3294677734375,-8.49903678894043,"Unknown"
"6227756",371834,2025-08-28 10:26:29,43.3294410705566,-8.49901103973389,"Unknown"
"6227756",371834,2025-08-28 10:36:29,43.3295288085938,-8.49906253814697,"Unknown"
"6227756",371834,2025-08-28 10:46:31,43.3293952941895,-8.49896335601807,"Unknown"
"6227756",371834,2025-08-28 10:57:05,43.3294715881348,-8.49897193908691,"Unknown"
"6227756",371834,2025-08-28 11:06:29,43.3294486999512,-8.49893379211426,"Unknown"
"6227756",371834,2025-08-28 11:16:28,43.3295707702637,-8.49911880493164,"Unknown"
"6227756",371834,2025-08-28 11:26:28,43.3294982910156,-8.49911594390869,"Unknown"
"6227756",371834,2025-08-28 11:36:29,43.3295440673828,-8.49917030334473,"Unknown"
"6227756",371834,2025-08-28 11:46:31,43.3296432495117,-8.49925422668457,"Unknown"
"6227756",371834,2025-08-28 11:56:44,43.3294372558594,-8.49899959564209,"Unknown"
"6227756",371834,2025-08-28 12:06:29,43.3296279907227,-8.4994068145752,"Unknown"
"6227756",371834,2025-08-28 12:16:29,43.3295974731445,-8.49942111968994,"Unknown"
"6227756",371834,2025-08-28 12:26:29,43.3296394348145,-8.4992847442627,"Unknown"
"6227756",371834,2025-08-28 12:36:29,43.3292617797852,-8.49873161315918,"Unknown"
"6227756",371834,2025-08-28 12:46:45,43.3294105529785,-8.49897861480713,"Unknown"
"6227756",371834,2025-08-28 12:56:30,43.3293914794922,-8.49906349182129,"Unknown"
"6227756",371834,2025-08-28 13:06:31,43.3292694091797,-8.49880027770996,"Unknown"
"6227756",371834,2025-08-28 13:16:30,43.3292808532715,-8.49864959716797,"Unknown"
"6227756",371834,2025-08-28 13:26:32,43.3295059204102,-8.4990062713623,"Unknown"
"6227756",371834,2025-08-28 13:36:59,43.3295021057129,-8.49907207489014,"Unknown"
"6227756",371834,2025-08-28 13:46:28,43.3295936584473,-8.49924087524414,"Unknown"
"6227756",371834,2025-08-28 13:56:28,43.3296165466309,-8.49918556213379,"Unknown"
"6227756",371834,2025-08-28 14:06:29,43.3296852111816,-8.49917221069336,"Unknown"
"6227756",371834,2025-08-28 14:16:33,43.3295440673828,-8.49897575378418,"Unknown"
"6227756",371834,2025-08-28 14:26:33,43.3295555114746,-8.49946212768555,"Unknown"
"6227756",371834,2025-08-28 14:36:40,43.3304481506348,-8.49887752532959,"Unknown"
"6227756",371834,2025-08-28 14:46:29,43.330394744873,-8.49911499023438,"Unknown"
"6227756",371834,2025-08-28 14:56:36,43.3314056396484,-8.49828338623047,"Unknown"
"6227756",371834,2025-08-28 15:07:06,43.3294830322266,-8.49904632568359,"Unknown"
"6227756",371834,2025-08-28 15:16:28,43.3294372558594,-8.49912548065186,"Unknown"
"6227756",371834,2025-08-28 15:26:28,43.3294486999512,-8.49905681610107,"Unknown"
"6227756",371834,2025-08-28 15:36:28,43.3295021057129,-8.49899482727051,"Unknown"
"6227756",371834,2025-08-28 15:46:28,43.329418182373,-8.49905395507812,"Unknown"
"6227756",371834,2025-08-28 15:56:28,43.329475402832,-8.49898815155029,"Unknown"
"6227756",371834,2025-08-28 16:06:28,43.3294563293457,-8.49904251098633,"Unknown"
"6227756",371834,2025-08-28 16:16:28,43.329460144043,-8.49899864196777,"Unknown"
"6227756",371834,2025-08-28 16:26:28,43.3294868469238,-8.49898719787598,"Unknown"
"6227756",371834,2025-08-28 16:36:28,43.3294334411621,-8.49896144866943,"Unknown"
"6227756",371834,2025-08-28 16:46:28,43.3295478820801,-8.49895095825195,"Unknown"
"6227756",371834,2025-08-28 16:56:29,43.3296012878418,-8.4990406036377,"Unknown"
"6227756",371834,2025-08-28 17:06:44,43.3294792175293,-8.49895477294922,"Unknown"
"6227756",371834,2025-08-28 17:16:30,43.3295288085938,-8.49898910522461,"Unknown"
"6227756",371834,2025-08-28 17:26:44,43.3294982910156,-8.49886322021484,"Unknown"
"6227756",371834,2025-08-28 17:36:29,43.3294525146484,-8.49885082244873,"Unknown"
"6227756",371834,2025-08-28 17:46:59,43.3294944763184,-8.49893951416016,"Unknown"
"6227756",371834,2025-08-28 17:56:29,43.3295555114746,-8.49867153167725,"Unknown"
"6227756",371834,2025-08-28 18:06:29,43.3294105529785,-8.49922466278076,"Unknown"
"6227756",371834,2025-08-28 18:16:30,43.3294792175293,-8.49883460998535,"Unknown"
"6227756",371834,2025-08-28 18:26:33,43.3294486999512,-8.49895763397217,"Unknown"
"6227756",371834,2025-08-28 18:36:39,43.3295059204102,-8.49843597412109,"Unknown"
"6227756",371834,2025-08-28 18:46:44,43.3294525146484,-8.49908638000488,"Unknown"
"6227756",371834,2025-08-28 18:56:31,43.3294982910156,-8.49910068511963,"Unknown"
"6227756",371834,2025-08-28 19:06:36,43.3295211791992,-8.49900245666504,"Unknown"
"6227756",371834,2025-08-28 19:16:44,43.3294219970703,-8.49905490875244,"Unknown"
"6227756",371834,2025-08-28 19:26:37,43.3289680480957,-8.49758148193359,"Unknown"
"6227756",371834,2025-08-28 19:36:36,43.3290824890137,-8.49816703796387,"Unknown"
"6227756",371834,2025-08-28 19:46:45,43.3293800354004,-8.4991455078125,"Unknown"
"6227756",371834,2025-08-28 19:56:36,43.329345703125,-8.49935436248779,"Unknown"
"6227756",371834,2025-08-28 20:06:36,43.329402923584,-8.49957370758057,"Unknown"
"6227756",371834,2025-08-28 20:16:38,43.3295516967773,-8.50153636932373,"Unknown"
"6227756",371834,2025-08-28 20:26:36,43.3292541503906,-8.49656295776367,"Unknown"
"6227756",371834,2025-08-28 20:37:05,43.32958984375,-8.49897384643555,"Unknown"
"6227756",371834,2025-08-28 20:46:28,43.3295593261719,-8.49891757965088,"Unknown"
"6227756",371834,2025-08-28 20:56:28,43.3297119140625,-8.49906635284424,"Unknown"
"6227756",371834,2025-08-28 21:06:28,43.3297309875488,-8.49916362762451,"Unknown"
"6227756",371834,2025-08-28 21:16:28,43.3298034667969,-8.49919509887695,"Unknown"
"6227756",371834,2025-08-28 21:26:28,43.3301734924316,-8.49957942962646,"Unknown"
"6227756",371834,2025-08-28 21:36:29,43.3297271728516,-8.49917411804199,"Unknown"
"6227756",371834,2025-08-28 21:46:30,43.3297119140625,-8.49916648864746,"Unknown"
"6227756",371834,2025-08-28 21:56:31,43.329532623291,-8.49900245666504,"Unknown"
"6227756",371834,2025-08-28 22:06:44,43.3295402526855,-8.49899768829346,"Unknown"
"6227756",371834,2025-08-28 22:16:28,43.3292808532715,-8.49881172180176,"Unknown"
"6227756",371834,2025-08-28 22:26:28,43.329517364502,-8.49901103973389,"Unknown"
"6227756",371834,2025-08-28 22:36:28,43.3294563293457,-8.49896049499512,"Unknown"
"6227756",371834,2025-08-28 22:46:44,43.329475402832,-8.49895286560059,"Unknown"
"6227756",371834,2025-08-28 22:56:28,43.3291473388672,-8.49870109558105,"Unknown"
"6227756",371834,2025-08-28 23:06:29,43.3292274475098,-8.49872016906738,"Unknown"
"6227756",371834,2025-08-28 23:16:29,43.3289260864258,-8.49844360351562,"Unknown"
"6227756",371834,2025-08-28 23:26:44,43.3294219970703,-8.49902153015137,"Unknown"
"6227756",371834,2025-08-28 23:36:28,43.3295288085938,-8.4992618560791,"Unknown"
"6227756",371834,2025-08-28 23:46:45,43.3293685913086,-8.49899673461914,"Unknown"
"6227756",371834,2025-08-28 23:56:31,43.3293418884277,-8.49913692474365,"Unknown"
"6227756",371834,2025-08-29 00:06:36,43.329158782959,-8.49894142150879,"Unknown"
"6227756",371834,2025-08-29 00:16:29,43.3291053771973,-8.49894046783447,"Unknown"
"6227756",371834,2025-08-29 00:26:33,43.3291664123535,-8.49942207336426,"Unknown"
"6227756",371834,2025-08-29 00:36:47,43.3294296264648,-8.49921607971191,"Unknown"
"6227756",371834,2025-08-29 00:46:35,43.3294105529785,-8.49909496307373,"Unknown"
"6227756",371834,2025-08-29 00:57:04,43.3293952941895,-8.49898338317871,"Unknown"
"6227756",371834,2025-08-29 01:06:29,43.3295021057129,-8.49905300140381,"Unknown"
"6227756",371834,2025-08-29 01:16:28,43.3295402526855,-8.49901676177979,"Unknown"
"6227756",371834,2025-08-29 01:26:29,43.3295021057129,-8.49900817871094,"Unknown"
"6227756",371834,2025-08-29 01:36:29,43.3294296264648,-8.4989013671875,"Unknown"
"6227756",371834,2025-08-29 01:46:36,43.3294448852539,-8.49887943267822,"Unknown"
"6227756",371834,2025-08-29 01:56:45,43.3295211791992,-8.49881362915039,"Unknown"
"6227756",371834,2025-08-29 02:06:36,43.3294830322266,-8.49854373931885,"Unknown"
"6227756",371834,2025-08-29 02:16:36,43.3295059204102,-8.49875831604004,"Unknown"
"6227756",371834,2025-08-29 02:26:36,43.3293952941895,-8.49870777130127,"Unknown"
"6227756",371834,2025-08-29 02:36:40,43.3292808532715,-8.49872589111328,"Unknown"
"6227756",371834,2025-08-29 02:47:05,43.3294830322266,-8.49901962280273,"Unknown"
"6227756",371834,2025-08-29 02:56:28,43.3295135498047,-8.49900341033936,"Unknown"
"6227756",371834,2025-08-29 03:06:28,43.3293838500977,-8.49908065795898,"Unknown"
"6227756",371834,2025-08-29 03:16:28,43.329460144043,-8.49900817871094,"Unknown"
"6227756",371834,2025-08-29 03:26:28,43.3293876647949,-8.4990758895874,"Unknown"
"6227756",371834,2025-08-29 03:36:29,43.3293533325195,-8.49914455413818,"Unknown"
"6227756",371834,2025-08-29 03:46:29,43.3294525146484,-8.49905300140381,"Unknown"
"6227756",371834,2025-08-29 03:56:29,43.3294067382812,-8.49910449981689,"Unknown"
"6227756",371834,2025-08-29 04:06:29,43.3293952941895,-8.49910068511963,"Unknown"
"6227756",371834,2025-08-29 04:16:30,43.3293266296387,-8.49917125701904,"Unknown"
"6227756",371834,2025-08-29 04:26:30,43.3294067382812,-8.49913311004639,"Unknown"
"6227756",371834,2025-08-29 04:36:29,43.3292121887207,-8.49918556213379,"Unknown"
"6227756",371834,2025-08-29 04:46:30,43.3294143676758,-8.4991283416748,"Unknown"
"6227756",371834,2025-08-29 04:56:31,43.329662322998,-8.49915790557861,"Unknown"
"6227756",371834,2025-08-29 05:06:44,43.3295364379883,-8.49905586242676,"Unknown"
"6227756",371834,2025-08-29 05:16:29,43.3294410705566,-8.49893951416016,"Unknown"
"6227756",371834,2025-08-29 05:26:29,43.3295745849609,-8.49882316589355,"Unknown"
"6227756",371834,2025-08-29 05:36:31,43.3294563293457,-8.49904918670654,"Unknown"
"6227756",371834,2025-08-29 05:46:34,43.3296089172363,-8.49913787841797,"Unknown"
"6227756",371834,2025-08-29 05:56:31,43.3296203613281,-8.49909210205078,"Unknown"
"6227756",371834,2025-08-29 06:06:35,43.32958984375,-8.49896717071533,"Unknown"
"6227756",371834,2025-08-29 06:16:30,43.329517364502,-8.49976634979248,"Unknown"
"6227756",371834,2025-08-29 06:26:31,43.3296661376953,-8.49907493591309,"Unknown"
"6227756",371834,2025-08-29 06:36:31,43.3297576904297,-8.49905967712402,"Unknown"
"6227756",371834,2025-08-29 06:46:38,43.3297691345215,-8.49914646148682,"Unknown"
"6227756",371834,2025-08-29 06:56:44,43.3300819396973,-8.49925994873047,"Unknown"
"6227756",371834,2025-08-29 07:06:36,43.3299980163574,-8.49926376342773,"Unknown"
"6227756",371834,2025-08-29 07:16:31,43.3299407958984,-8.49915981292725,"Unknown"
"6227756",371834,2025-08-29 07:26:39,43.3298759460449,-8.49898052215576,"Unknown"
"6227756",371834,2025-08-29 07:36:34,43.3297958374023,-8.49887275695801,"Unknown"
"6227756",371834,2025-08-29 07:46:59,43.3299255371094,-8.49906158447266,"Unknown"
"6227756",371834,2025-08-29 07:56:29,43.3304443359375,-8.49922180175781,"Unknown"
"6227756",371834,2025-08-29 08:06:33,43.3296928405762,-8.4990348815918,"Unknown"
"6227756",371834,2025-08-29 08:16:31,43.3297462463379,-8.49902725219727,"Unknown"
"6227756",371834,2025-08-29 08:26:48,43.3330459594727,-8.49732971191406,"Unknown"
"6227756",371834,2025-08-29 08:36:46,43.3296012878418,-8.49904155731201,"Unknown"
"6227756",371834,2025-08-29 08:46:31,43.3296737670898,-8.49883079528809,"Unknown"
"6227756",371834,2025-08-29 08:56:59,43.3296203613281,-8.49895858764648,"Unknown"
"6227756",371834,2025-08-29 09:06:29,43.3295936584473,-8.49891757965088,"Unknown"
"6227756",371834,2025-08-29 09:16:30,43.3297386169434,-8.49873447418213,"Unknown"
"6227756",371834,2025-08-29 09:26:30,43.3297080993652,-8.49881649017334,"Unknown"
"6227756",371834,2025-08-29 09:36:30,43.329963684082,-8.49852275848389,"Unknown"
"6227756",371834,2025-08-29 09:46:36,43.3296737670898,-8.49898719787598,"Unknown"
"6227756",371834,2025-08-29 09:56:36,43.329719543457,-8.49902248382568,"Unknown"
"6227756",371834,2025-08-29 10:06:36,43.3297500610352,-8.49904346466064,"Unknown"
"6227756",371834,2025-08-29 10:16:39,43.329891204834,-8.49915313720703,"Unknown"
"6227756",371834,2025-08-29 10:26:41,43.329776763916,-8.49914264678955,"Unknown"
"6227756",371834,2025-08-29 10:36:29,43.3301391601562,-8.49935150146484,"Unknown"
"6227756",371834,2025-08-29 10:47:05,43.3294296264648,-8.49896049499512,"Unknown"
"6227756",371834,2025-08-29 10:56:28,43.3294677734375,-8.49898910522461,"Unknown"
"6227756",371834,2025-08-29 11:06:29,43.329517364502,-8.4990119934082,"Unknown"
"6227756",371834,2025-08-29 11:16:28,43.3295555114746,-8.49904632568359,"Unknown"
"6227756",371834,2025-08-29 11:26:28,43.3295211791992,-8.49901485443115,"Unknown"
"6227756",371834,2025-08-29 11:36:33,43.329517364502,-8.49898338317871,"Unknown"
"6227756",371834,2025-08-29 11:46:33,43.3295288085938,-8.49905395507812,"Unknown"
"6227756",371834,2025-08-29 11:56:44,43.3295249938965,-8.49903869628906,"Unknown"
"6227756",371834,2025-08-29 12:06:36,43.3295440673828,-8.49905681610107,"Unknown"
"6227756",371834,2025-08-29 12:16:36,43.3295707702637,-8.49904537200928,"Unknown"
"6227756",371834,2025-08-29 12:26:36,43.3294677734375,-8.49903106689453,"Unknown"
"6227756",371834,2025-08-29 12:37:05,43.329475402832,-8.49904823303223,"Unknown"
"6227756",371834,2025-08-29 12:46:36,43.3295478820801,-8.49894046783447,"Unknown"
"6227756",371834,2025-08-29 12:56:36,43.3294448852539,-8.49904537200928,"Unknown"
"6227756",371834,2025-08-29 13:06:39,43.3296012878418,-8.49936008453369,"Unknown"
"6227756",371834,2025-08-29 13:16:44,43.3294677734375,-8.49896717071533,"Unknown"
"6227756",371834,2025-08-29 13:26:34,43.329460144043,-8.49900817871094,"Unknown"
"6227756",371834,2025-08-29 13:36:31,43.3295021057129,-8.4990119934082,"Unknown"
"6227756",371834,2025-08-29 13:46:45,43.3294486999512,-8.49893093109131,"Unknown"
"6227756",371834,2025-08-29 13:56:28,43.3294868469238,-8.49888896942139,"Unknown"
"6227756",371834,2025-08-29 14:06:31,43.3294830322266,-8.49899578094482,"Unknown"
"6227756",371834,2025-08-29 14:16:30,43.3295135498047,-8.498854637146,"Unknown"
"6227756",371834,2025-08-29 14:26:39,43.3282432556152,-8.49902057647705,"Unknown"
"6227756",371834,2025-08-29 14:36:46,43.3295745849609,-8.49894332885742,"Unknown"
"6227756",371834,2025-08-29 14:46:38,43.3295822143555,-8.49901103973389,"Unknown"
"6227756",371834,2025-08-29 14:56:35,43.32958984375,-8.49910736083984,"Unknown"
"6227756",371834,2025-08-29 15:06:37,43.3295974731445,-8.49917602539062,"Unknown"
"6227756",371834,2025-08-29 15:16:59,43.3294410705566,-8.49911022186279,"Unknown"
"6227756",371834,2025-08-29 15:27:05,43.3294868469238,-8.49903106689453,"Unknown"
"6227756",371834,2025-08-29 15:36:28,43.3295211791992,-8.49894428253174,"Unknown"
"6227756",371834,2025-08-29 15:46:28,43.3294830322266,-8.49901103973389,"Unknown"
"6227756",371834,2025-08-29 15:56:28,43.3294982910156,-8.49901485443115,"Unknown"
"6227756",371834,2025-08-29 16:06:28,43.3294868469238,-8.49897575378418,"Unknown"
"6227756",371834,2025-08-29 16:16:28,43.3294792175293,-8.49900341033936,"Unknown"
"6227756",371834,2025-08-29 16:26:28,43.3294830322266,-8.49897003173828,"Unknown"
"6227756",371834,2025-08-29 16:36:29,43.3294944763184,-8.49901008605957,"Unknown"
"6227756",371834,2025-08-29 16:46:38,43.3295478820801,-8.49896430969238,"Unknown"
"6227756",371834,2025-08-29 16:57:05,43.3295516967773,-8.49894332885742,"Unknown"
"6227756",371834,2025-08-29 17:06:37,43.329475402832,-8.49896621704102,"Unknown"
"6227756",371834,2025-08-29 17:16:29,43.3295288085938,-8.49921894073486,"Unknown"
"6227756",371834,2025-08-29 17:26:28,43.3295631408691,-8.49897480010986,"Unknown"
"6227756",371834,2025-08-29 17:36:28,43.3294563293457,-8.49893188476562,"Unknown"
"6227756",371834,2025-08-29 17:46:28,43.3294944763184,-8.49903869628906,"Unknown"
"6227756",371834,2025-08-29 17:56:28,43.3294563293457,-8.49904632568359,"Unknown"
"6227756",371834,2025-08-29 18:06:28,43.3294639587402,-8.49901294708252,"Unknown"
"6227756",371834,2025-08-29 18:16:28,43.3294639587402,-8.49895286560059,"Unknown"
"6227756",371834,2025-08-29 18:26:28,43.3294410705566,-8.4990119934082,"Unknown"
"6227756",371834,2025-08-29 18:36:28,43.3295059204102,-8.49903964996338,"Unknown"
"6227756",371834,2025-08-29 18:46:29,43.3295249938965,-8.49905776977539,"Unknown"
"6227756",371834,2025-08-29 18:56:30,43.3294830322266,-8.4990291595459,"Unknown"
"6227756",371834,2025-08-29 19:06:43,43.3295516967773,-8.49902629852295,"Unknown"
"6227756",371834,2025-08-29 19:16:28,43.329891204834,-8.49888038635254,"Unknown"
"6227756",371834,2025-08-29 19:27:05,43.3295516967773,-8.49900341033936,"Unknown"
"6227756",371834,2025-08-29 19:36:28,43.3295669555664,-8.49901390075684,"Unknown"
"6227756",371834,2025-08-29 19:46:31,43.3296165466309,-8.49903774261475,"Unknown"
"6227756",371834,2025-08-29 19:56:44,43.3295516967773,-8.49897384643555,"Unknown"
"6227756",371834,2025-08-29 20:06:29,43.3296127319336,-8.49901676177979,"Unknown"
"6227756",371834,2025-08-29 20:16:28,43.3298377990723,-8.49885845184326,"Unknown"
"6227756",371834,2025-08-29 20:26:29,43.3294792175293,-8.49917411804199,"Unknown"
"6227756",371834,2025-08-29 20:36:29,43.3295135498047,-8.49900341033936,"Unknown"
"6227756",371834,2025-08-29 20:46:44,43.3296127319336,-8.49900054931641,"Unknown"
"6227756",371834,2025-08-29 20:56:29,43.3296356201172,-8.49914264678955,"Unknown"
"6227756",371834,2025-08-29 21:06:29,43.3300666809082,-8.49967479705811,"Unknown"
"6227756",371834,2025-08-29 21:16:36,43.3298645019531,-8.4993782043457,"Unknown"
"6227756",371834,2025-08-29 21:26:31,43.3299140930176,-8.49940586090088,"Unknown"
"6227756",371834,2025-08-29 21:36:45,43.3296318054199,-8.49897480010986,"Unknown"
"6227756",371834,2025-08-29 21:46:29,43.3296928405762,-8.49882316589355,"Unknown"
"6227756",371834,2025-08-29 21:56:30,43.3297729492188,-8.49882030487061,"Unknown"
"6227756",371834,2025-08-29 22:07:05,43.3295516967773,-8.49898815155029,"Unknown"
"6227756",371834,2025-08-29 22:16:28,43.329647064209,-8.49898624420166,"Unknown"
"6227756",371834,2025-08-29 22:26:28,43.3296051025391,-8.49905586242676,"Unknown"
"6227756",371834,2025-08-29 22:36:29,43.3296546936035,-8.49911689758301,"Unknown"
"6227756",371834,2025-08-29 22:46:30,43.3295021057129,-8.49896430969238,"Unknown"
"6227756",371834,2025-08-29 22:56:31,43.3295478820801,-8.49902629852295,"Unknown"
"6227756",371834,2025-08-29 23:06:34,43.3293838500977,-8.49899005889893,"Unknown"
"6227756",371834,2025-08-29 23:16:34,43.3294296264648,-8.4990348815918,"Unknown"
"6227756",371834,2025-08-29 23:26:44,43.3294334411621,-8.49900817871094,"Unknown"
"6227756",371834,2025-08-29 23:36:28,43.3294563293457,-8.49886989593506,"Unknown"
"6227756",371834,2025-08-29 23:46:44,43.3294296264648,-8.49892044067383,"Unknown"
"6227756",371834,2025-08-29 23:56:33,43.3295097351074,-8.49922561645508,"Unknown"
"6227756",371834,2025-08-30 00:06:36,43.3296051025391,-8.49927806854248,"Unknown"
"6227756",371834,2025-08-30 00:16:37,43.3293876647949,-8.49891185760498,"Unknown"
"6227756",371834,2025-08-30 00:26:38,43.3294563293457,-8.49899196624756,"Unknown"
"6227756",371834,2025-08-30 00:36:44,43.3294792175293,-8.49899864196777,"Unknown"
"6227756",371834,2025-08-30 00:46:31,43.3294715881348,-8.49914073944092,"Unknown"
"6227756",371834,2025-08-30 00:56:29,43.3294906616211,-8.49911880493164,"Unknown"
"6227756",371834,2025-08-30 01:06:34,43.3295555114746,-8.49936199188232,"Unknown"
"6227756",371834,2025-08-30 01:16:33,43.329475402832,-8.49910545349121,"Unknown"
"6227756",371834,2025-08-30 01:26:34,43.3294219970703,-8.4990758895874,"Unknown"
"6227756",371834,2025-08-30 01:36:59,43.3293304443359,-8.49923419952393,"Unknown"
"6227756",371834,2025-08-30 01:46:33,43.3294639587402,-8.49899482727051,"Unknown"
"6227756",371834,2025-08-30 01:56:51,43.3293685913086,-8.4988899230957,"Unknown"
"6227756",371834,2025-08-30 02:06:39,43.3293800354004,-8.49906635284424,"Unknown"
"6227756",371834,2025-08-30 02:17:05,43.3295135498047,-8.49897766113281,"Unknown"
"6227756",371834,2025-08-30 02:26:28,43.3295555114746,-8.49889278411865,"Unknown"
"6227756",371834,2025-08-30 02:36:34,43.3294944763184,-8.49890422821045,"Unknown"
"6227756",371834,2025-08-30 02:46:31,43.3295135498047,-8.4989185333252,"Unknown"
"6227756",371834,2025-08-30 02:56:29,43.3294563293457,-8.49892234802246,"Unknown"
"6227756",371834,2025-08-30 03:06:28,43.3295021057129,-8.49891090393066,"Unknown"
"6227756",371834,2025-08-30 03:16:29,43.3295021057129,-8.498854637146,"Unknown"
"6227756",371834,2025-08-30 03:26:30,43.3295936584473,-8.4989652633667,"Unknown"
"6227756",371834,2025-08-30 03:36:44,43.3294486999512,-8.49893474578857,"Unknown"
"6227756",371834,2025-08-30 03:46:35,43.3294067382812,-8.49892616271973,"Unknown"
"6227756",371834,2025-08-30 03:56:40,43.329345703125,-8.49844169616699,"Unknown"
"6227756",371834,2025-08-30 04:06:45,43.3292846679688,-8.49831008911133,"Unknown"
"6227756",371834,2025-08-30 04:17:05,43.3294105529785,-8.49894142150879,"Unknown"
"6227756",371834,2025-08-30 04:26:29,43.329532623291,-8.49926471710205,"Unknown"
"6227756",371834,2025-08-30 04:36:30,43.3295478820801,-8.49918174743652,"Unknown"
"6227756",371834,2025-08-30 04:46:29,43.3294677734375,-8.49909114837646,"Unknown"
"6227756",371834,2025-08-30 04:56:33,43.3297996520996,-8.499192237854,"Unknown"
"6227756",371834,2025-08-30 05:06:44,43.3295249938965,-8.4990291595459,"Unknown"
"6227756",371834,2025-08-30 05:16:29,43.3297004699707,-8.4991283416748,"Unknown"
"6227756",371834,2025-08-30 05:26:29,43.329647064209,-8.49920272827148,"Unknown"
"6227756",371834,2025-08-30 05:36:35,43.3295822143555,-8.49902153015137,"Unknown"
"6227756",371834,2025-08-30 05:46:44,43.3295822143555,-8.49902439117432,"Unknown"
"6227756",371834,2025-08-30 05:56:30,43.3295440673828,-8.4995174407959,"Unknown"
"6227756",371834,2025-08-30 06:06:33,43.3295097351074,-8.49903011322021,"Unknown"
"6227756",371834,2025-08-30 06:16:34,43.3296394348145,-8.4990291595459,"Unknown"
"6227756",371834,2025-08-30 06:26:35,43.3295097351074,-8.49903392791748,"Unknown"
"6227756",371834,2025-08-30 06:36:37,43.3295211791992,-8.49889087677002,"Unknown"
"6227756",371834,2025-08-30 06:46:37,43.3296089172363,-8.49903583526611,"Unknown"
"6227756",371834,2025-08-30 06:57:05,43.329532623291,-8.49895858764648,"Unknown"
"6227756",371834,2025-08-30 07:06:29,43.3294944763184,-8.49895095825195,"Unknown"
"6227756",371834,2025-08-30 07:16:28,43.329532623291,-8.49886322021484,"Unknown"
"6227756",371834,2025-08-30 07:26:44,43.3295936584473,-8.49898052215576,"Unknown"
"6227756",371834,2025-08-30 07:36:44,43.3296089172363,-8.49897003173828,"Unknown"
"6227756",371834,2025-08-30 07:46:33,43.32958984375,-8.49893474578857,"Unknown"
"6227756",371834,2025-08-30 07:56:29,43.3296775817871,-8.49911880493164,"Unknown"
"6227756",371834,2025-08-30 08:06:33,43.329532623291,-8.49893856048584,"Unknown"
"6227756",371834,2025-08-30 08:16:29,43.3287811279297,-8.4990406036377,"Unknown"
"6227756",371834,2025-08-30 08:26:33,43.329044342041,-8.49919414520264,"Unknown"
"6227756",371834,2025-08-30 08:36:44,43.329475402832,-8.49891757965088,"Unknown"
"6227756",371834,2025-08-30 08:46:29,43.3296203613281,-8.49790382385254,"Unknown"
"6227756",371834,2025-08-30 08:56:30,43.3293037414551,-8.49903964996338,"Unknown"
"6227756",371834,2025-08-30 09:06:30,43.3294715881348,-8.49815082550049,"Unknown"
"6227756",371834,2025-08-30 09:16:35,43.3294830322266,-8.49813556671143,"Unknown"
"6227756",371834,2025-08-30 09:26:31,43.3294067382812,-8.49807834625244,"Unknown"
"6227756",371834,2025-08-30 09:36:45,43.3292846679688,-8.49897575378418,"Unknown"
"6227756",371834,2025-08-30 09:46:36,43.3294067382812,-8.49891376495361,"Unknown"
"6227756",371834,2025-08-30 09:56:37,43.3292541503906,-8.49899864196777,"Unknown"
"6227756",371834,2025-08-30 10:06:36,43.3294258117676,-8.49922943115234,"Unknown"
"6227756",371834,2025-08-30 10:16:37,43.3294639587402,-8.4990177154541,"Unknown"
"6227756",371834,2025-08-30 10:26:59,43.3291625976562,-8.49884986877441,"Unknown"
"6227756",371834,2025-08-30 10:36:36,43.3289527893066,-8.49867820739746,"Unknown"
"6227756",371834,2025-08-30 10:47:05,43.3294830322266,-8.49900150299072,"Unknown"
"6227756",371834,2025-08-30 10:56:28,43.3295631408691,-8.4991512298584,"Unknown"
"6227756",371834,2025-08-30 11:06:28,43.3294677734375,-8.49895000457764,"Unknown"
"6227756",371834,2025-08-30 11:16:28,43.3294525146484,-8.49896430969238,"Unknown"
"6227756",371834,2025-08-30 11:26:31,43.3295059204102,-8.49904346466064,"Unknown"
"6227756",371834,2025-08-30 11:36:31,43.3295478820801,-8.49903774261475,"Unknown"
"6227756",371834,2025-08-30 11:46:44,43.3295135498047,-8.49901008605957,"Unknown"
"6227756",371834,2025-08-30 11:56:30,43.329647064209,-8.49928188323975,"Unknown"
"6227756",371834,2025-08-30 12:06:29,43.3296737670898,-8.49937057495117,"Unknown"
"6227756",371834,2025-08-30 12:16:29,43.3293113708496,-8.49860954284668,"Unknown"
"6227756",371834,2025-08-30 12:26:29,43.329475402832,-8.49887180328369,"Unknown"
"6227756",371834,2025-08-30 12:36:45,43.3294258117676,-8.49878406524658,"Unknown"
"6227756",371834,2025-08-30 12:46:28,43.3293609619141,-8.49872207641602,"Unknown"
"6227756",371834,2025-08-30 12:56:29,43.3295745849609,-8.49905586242676,"Unknown"
"6227756",371834,2025-08-30 13:06:31,43.3294563293457,-8.49887657165527,"Unknown"
"6227756",371834,2025-08-30 13:16:33,43.3294906616211,-8.49901580810547,"Unknown"
"6227756",371834,2025-08-30 13:26:29,43.3285484313965,-8.49762439727783,"Unknown"
"6227756",371834,2025-08-30 13:36:45,43.3295021057129,-8.49899387359619,"Unknown"
"6227756",371834,2025-08-30 13:46:28,43.3304786682129,-8.49987983703613,"Unknown"
"6227756",371834,2025-08-30 13:56:28,43.329402923584,-8.49894618988037,"Unknown"
"6227756",371834,2025-08-30 14:06:30,43.3291206359863,-8.498779296875,"Unknown"
"6227756",371834,2025-08-30 14:16:36,43.3286628723145,-8.49924278259277,"Unknown"
"6227756",371834,2025-08-30 14:26:59,43.3293571472168,-8.4989652633667,"Unknown"
"6227756",371834,2025-08-30 14:36:38,43.3286743164062,-8.49905872344971,"Unknown"
"6227756",371834,2025-08-30 14:47:05,43.3294105529785,-8.49898338317871,"Unknown"
"6227756",371834,2025-08-30 14:56:28,43.3294372558594,-8.49899387359619,"Unknown"
"6227756",371834,2025-08-30 15:06:28,43.3294448852539,-8.49902725219727,"Unknown"
"6227756",371834,2025-08-30 15:16:28,43.3294448852539,-8.49901580810547,"Unknown"
"6227756",371834,2025-08-30 15:26:28,43.3294982910156,-8.49908351898193,"Unknown"
"6227756",371834,2025-08-30 15:36:28,43.3294525146484,-8.49898719787598,"Unknown"
"6227756",371834,2025-08-30 15:46:28,43.3294944763184,-8.49903297424316,"Unknown"
"6227756",371834,2025-08-30 15:56:28,43.3295097351074,-8.49898433685303,"Unknown"
"6227756",371834,2025-08-30 16:06:28,43.3294372558594,-8.49901485443115,"Unknown"
"6227756",371834,2025-08-30 16:16:28,43.329475402832,-8.4990348815918,"Unknown"
"6227756",371834,2025-08-30 16:26:28,43.3294906616211,-8.49905586242676,"Unknown"
"6227756",371834,2025-08-30 16:36:30,43.3295021057129,-8.49900436401367,"Unknown"
"6227756",371834,2025-08-30 16:46:36,43.3294715881348,-8.49894142150879,"Unknown"
"6227756",371834,2025-08-30 16:56:46,43.3293991088867,-8.49892139434814,"Unknown"
"6227756",371834,2025-08-30 17:06:30,43.3299560546875,-8.49974346160889,"Unknown"
"6227756",371834,2025-08-30 17:16:44,43.3294715881348,-8.49894237518311,"Unknown"
"6227756",371834,2025-08-30 17:26:29,43.3294563293457,-8.49903583526611,"Unknown"
"6227756",371834,2025-08-30 17:36:30,43.3295707702637,-8.49880218505859,"Unknown"
"6227756",371834,2025-08-30 17:46:45,43.3295783996582,-8.49882316589355,"Unknown"
"6227756",371834,2025-08-30 17:56:29,43.3296508789062,-8.49880409240723,"Unknown"
"6227756",371834,2025-08-30 18:06:29,43.329647064209,-8.49837398529053,"Unknown"
"6227756",371834,2025-08-30 18:16:33,43.32958984375,-8.49874782562256,"Unknown"
"6227756",371834,2025-08-30 18:26:36,43.3296203613281,-8.49903583526611,"Unknown"
"6227756",371834,2025-08-30 18:36:46,43.3301391601562,-8.49951076507568,"Unknown"
"6227756",371834,2025-08-30 18:46:30,43.3282699584961,-8.49978828430176,"Unknown"
"6227756",371834,2025-08-30 18:56:36,43.3295059204102,-8.49896717071533,"Unknown"
"6227756",371834,2025-08-30 19:06:36,43.3294410705566,-8.49880504608154,"Unknown"
"6227756",371834,2025-08-30 19:16:36,43.3294105529785,-8.49887847900391,"Unknown"
"6227756",371834,2025-08-30 19:26:49,43.3295249938965,-8.49901866912842,"Unknown"
"6227756",371834,2025-08-30 19:36:36,43.3294982910156,-8.49899578094482,"Unknown"
"6227756",371834,2025-08-30 19:47:04,43.3294982910156,-8.4990234375,"Unknown"
"6227756",371834,2025-08-30 19:56:28,43.3295478820801,-8.49902153015137,"Unknown"
"6227756",371834,2025-08-30 20:06:28,43.3295516967773,-8.49899291992188,"Unknown"
"6227756",371834,2025-08-30 20:16:29,43.329532623291,-8.49884128570557,"Unknown"
"6227756",371834,2025-08-30 20:26:29,43.3295593261719,-8.49899959564209,"Unknown"
"6227756",371834,2025-08-30 20:36:34,43.3295745849609,-8.49892520904541,"Unknown"
"6227756",371834,2025-08-30 20:46:44,43.3295745849609,-8.49897480010986,"Unknown"
"6227756",371834,2025-08-30 20:56:28,43.3295211791992,-8.49908256530762,"Unknown"
"6227756",371834,2025-08-30 21:06:28,43.3294792175293,-8.49918079376221,"Unknown"
"6227756",371834,2025-08-30 21:16:29,43.3295936584473,-8.49918460845947,"Unknown"
"6227756",371834,2025-08-30 21:26:28,43.3293533325195,-8.49900436401367,"Unknown"
"6227756",371834,2025-08-30 21:36:29,43.3294982910156,-8.49893951416016,"Unknown"
"6227756",371834,2025-08-30 21:46:30,43.3295669555664,-8.49904918670654,"Unknown"
"6227756",371834,2025-08-30 21:56:45,43.3293418884277,-8.49886512756348,"Unknown"
"6227756",371834,2025-08-30 22:06:35,43.3294715881348,-8.49895477294922,"Unknown"
"6227756",371834,2025-08-30 22:16:35,43.3295249938965,-8.49898242950439,"Unknown"
"6227756",371834,2025-08-30 22:26:37,43.3290939331055,-8.49860572814941,"Unknown"
"6227756",371834,2025-08-30 22:36:36,43.3292007446289,-8.49868679046631,"Unknown"
"6227756",371834,2025-08-30 22:46:45,43.3296051025391,-8.49903297424316,"Unknown"
"6227756",371834,2025-08-30 22:56:28,43.3295516967773,-8.49903583526611,"Unknown"
"6227756",371834,2025-08-30 23:06:31,43.3296203613281,-8.49905109405518,"Unknown"
"6227756",371834,2025-08-30 23:17:00,43.32958984375,-8.49900436401367,"Unknown"
"6227756",371834,2025-08-30 23:26:28,43.3294982910156,-8.4992847442627,"Unknown"
"6227756",371834,2025-08-30 23:36:34,43.3294563293457,-8.49914264678955,"Unknown"
"6227756",371834,2025-08-30 23:47:05,43.3294563293457,-8.49902629852295,"Unknown"
"6227756",371834,2025-08-30 23:56:29,43.3294906616211,-8.49899768829346,"Unknown"
"6227756",371834,2025-08-31 00:06:29,43.3292999267578,-8.49859428405762,"Unknown"
"6227756",371834,2025-08-31 00:16:29,43.3294372558594,-8.49870586395264,"Unknown"
"6227756",371834,2025-08-31 00:26:29,43.3293151855469,-8.49847412109375,"Unknown"
"6227756",371834,2025-08-31 00:36:45,43.3293952941895,-8.49885845184326,"Unknown"
"6227756",371834,2025-08-31 00:46:28,43.3294219970703,-8.49885368347168,"Unknown"
"6227756",371834,2025-08-31 00:56:34,43.3294715881348,-8.49902057647705,"Unknown"
"6227756",371834,2025-08-31 01:06:28,43.3293800354004,-8.49889373779297,"Unknown"
"6227756",371834,2025-08-31 01:16:34,43.3294105529785,-8.4989070892334,"Unknown"
"6227756",371834,2025-08-31 01:26:36,43.3293418884277,-8.4988260269165,"Unknown"
"6227756",371834,2025-08-31 01:36:45,43.3295783996582,-8.49921894073486,"Unknown"
"6227756",371834,2025-08-31 01:46:30,43.3294639587402,-8.49899959564209,"Unknown"
"6227756",371834,2025-08-31 01:56:59,43.3295478820801,-8.49885177612305,"Unknown"
"6227756",371834,2025-08-31 02:07:05,43.3295402526855,-8.49897289276123,"Unknown"
"6227756",371834,2025-08-31 02:16:28,43.3295822143555,-8.4988956451416,"Unknown"
"6227756",371834,2025-08-31 02:26:28,43.3295135498047,-8.49894046783447,"Unknown"
"6227756",371834,2025-08-31 02:36:28,43.3294677734375,-8.49897956848145,"Unknown"
"6227756",371834,2025-08-31 02:46:28,43.3294830322266,-8.49895763397217,"Unknown"
"6227756",371834,2025-08-31 02:56:29,43.3294067382812,-8.49900245666504,"Unknown"
"6227756",371834,2025-08-31 03:06:29,43.3294677734375,-8.49899768829346,"Unknown"
"6227756",371834,2025-08-31 03:16:28,43.3294715881348,-8.49900054931641,"Unknown"
"6227756",371834,2025-08-31 03:26:28,43.3294067382812,-8.49890327453613,"Unknown"
"6227756",371834,2025-08-31 03:36:31,43.3293800354004,-8.49895286560059,"Unknown"
"6227756",371834,2025-08-31 03:46:35,43.3294219970703,-8.49895763397217,"Unknown"
"6227756",371834,2025-08-31 03:56:36,43.3293800354004,-8.49897861480713,"Unknown"
"6227756",371834,2025-08-31 04:06:36,43.3293838500977,-8.4990177154541,"Unknown"
"6227756",371834,2025-08-31 04:16:36,43.3294639587402,-8.49896621704102,"Unknown"
"6227756",371834,2025-08-31 04:26:36,43.3293685913086,-8.49906826019287,"Unknown"
"6227756",371834,2025-08-31 04:36:42,43.3294639587402,-8.49904537200928,"Unknown"
"6227756",371834,2025-08-31 04:46:33,43.3296546936035,-8.49911975860596,"Unknown"
"6227756",371834,2025-08-31 04:56:43,43.3292922973633,-8.49900054931641,"Unknown"
"6227756",371834,2025-08-31 05:06:54,43.3293876647949,-8.49901485443115,"Unknown"
"6227756",371834,2025-08-31 05:17:05,43.3295402526855,-8.49903774261475,"Unknown"
"6227756",371834,2025-08-31 05:26:28,43.329532623291,-8.49898433685303,"Unknown"
"6227756",371834,2025-08-31 05:36:28,43.3296127319336,-8.49896240234375,"Unknown"
"6227756",371834,2025-08-31 05:46:28,43.3295478820801,-8.49896717071533,"Unknown"
"6227756",371834,2025-08-31 05:56:29,43.3295555114746,-8.49903774261475,"Unknown"
"6227756",371834,2025-08-31 06:06:28,43.3295707702637,-8.49907207489014,"Unknown"
"6227756",371834,2025-08-31 06:16:29,43.3294639587402,-8.49900817871094,"Unknown"
"6227756",371834,2025-08-31 06:26:30,43.3295974731445,-8.49906539916992,"Unknown"
"6227756",371834,2025-08-31 06:36:31,43.3295669555664,-8.49890613555908,"Unknown"
"6227756",371834,2025-08-31 06:46:40,43.329402923584,-8.4989128112793,"Unknown"
"6227756",371834,2025-08-31 06:56:30,43.3292808532715,-8.49837970733643,"Unknown"
"6227756",371834,2025-08-31 07:06:29,43.329460144043,-8.4987907409668,"Unknown"
"6227756",371834,2025-08-31 07:16:40,43.3293647766113,-8.49899291992188,"Unknown"
"6227756",371834,2025-08-31 07:27:05,43.3293914794922,-8.4989767074585,"Unknown"
"6227756",371834,2025-08-31 07:36:28,43.3294296264648,-8.49899768829346,"Unknown"
"6227756",371834,2025-08-31 07:46:31,43.3294677734375,-8.49898052215576,"Unknown"
"6227756",371834,2025-08-31 07:56:31,43.3293952941895,-8.49895477294922,"Unknown"
"6227756",371834,2025-08-31 08:07:05,43.3294677734375,-8.49896049499512,"Unknown"
"6227756",371834,2025-08-31 08:16:28,43.3293914794922,-8.49896907806396,"Unknown"
"6227756",371834,2025-08-31 08:26:30,43.3294105529785,-8.49898815155029,"Unknown"
"6227756",371834,2025-08-31 08:36:30,43.3293418884277,-8.49903964996338,"Unknown"
"6227756",371834,2025-08-31 08:46:44,43.3293037414551,-8.49908638000488,"Unknown"
"6227756",371834,2025-08-31 08:56:36,43.3293685913086,-8.49904155731201,"Unknown"
"6227756",371834,2025-08-31 09:06:34,43.3293838500977,-8.49909496307373,"Unknown"
"6227756",371834,2025-08-31 09:16:36,43.3293952941895,-8.4990873336792,"Unknown"
"6227756",371834,2025-08-31 09:26:42,43.3293838500977,-8.49920654296875,"Unknown"
"6227756",371834,2025-08-31 09:36:40,43.3293991088867,-8.49891567230225,"Unknown"
"6227756",371834,2025-08-31 09:46:29,43.3294258117676,-8.49927139282227,"Unknown"
"6227756",371834,2025-08-31 09:56:31,43.3294448852539,-8.49893760681152,"Unknown"
"6227756",371834,2025-08-31 10:06:59,43.3292503356934,-8.49857139587402,"Unknown"
"6227756",371834,2025-08-31 10:16:36,43.3291053771973,-8.49856662750244,"Unknown"
"6227756",371834,2025-08-31 10:27:05,43.3294486999512,-8.49896144866943,"Unknown"
"6227756",371834,2025-08-31 10:36:28,43.3295745849609,-8.49910926818848,"Unknown"
"6227756",371834,2025-08-31 10:46:28,43.3295021057129,-8.49904918670654,"Unknown"
"6227756",371834,2025-08-31 10:56:28,43.3294258117676,-8.49892234802246,"Unknown"
"6227756",371834,2025-08-31 11:06:28,43.3295059204102,-8.49902534484863,"Unknown"
"6227756",371834,2025-08-31 11:16:28,43.3295631408691,-8.49908638000488,"Unknown"
"6227756",371834,2025-08-31 11:26:30,43.3295516967773,-8.49905872344971,"Unknown"
"6227756",371834,2025-08-31 11:36:31,43.3295097351074,-8.49902725219727,"Unknown"
"6227756",371834,2025-08-31 11:46:44,43.3295440673828,-8.49899196624756,"Unknown"
"6227756",371834,2025-08-31 11:56:28,43.329704284668,-8.4993200302124,"Unknown"
"6227756",371834,2025-08-31 12:06:29,43.3300170898438,-8.49990558624268,"Unknown"
"6227756",371834,2025-08-31 12:16:29,43.3295555114746,-8.49911785125732,"Unknown"
"6227756",371834,2025-08-31 12:26:28,43.3296051025391,-8.49917030334473,"Unknown"
"6227756",371834,2025-08-31 12:36:45,43.3294219970703,-8.498948097229,"Unknown"
"6227756",371834,2025-08-31 12:46:28,43.3294792175293,-8.49903774261475,"Unknown"
"6227756",371834,2025-08-31 12:56:29,43.3293113708496,-8.49885082244873,"Unknown"
"6227756",371834,2025-08-31 13:06:28,43.3291893005371,-8.49878311157227,"Unknown"
"6227756",371834,2025-08-31 13:16:29,43.3293190002441,-8.49889278411865,"Unknown"
"6227756",371834,2025-08-31 13:26:34,43.3293151855469,-8.49883842468262,"Unknown"
"6227756",371834,2025-08-31 13:36:59,43.3295021057129,-8.49906349182129,"Unknown"
"6227756",371834,2025-08-31 13:46:36,43.3295059204102,-8.49903964996338,"Unknown"
"6227756",371834,2025-08-31 13:56:36,43.3294982910156,-8.49902248382568,"Unknown"
"6227756",371834,2025-08-31 14:06:28,43.3293266296387,-8.49887180328369,"Unknown"
"6227756",371834,2025-08-31 14:16:50,43.3290061950684,-8.499098777771,"Unknown"
"6227756",371834,2025-08-31 14:26:36,43.3288345336914,-8.49914073944092,"Unknown"
"6227756",371834,2025-08-31 14:36:34,43.3288841247559,-8.499098777771,"Unknown"
"6227756",371834,2025-08-31 14:47:03,43.329532623291,-8.49896240234375,"Unknown"
"6227756",371834,2025-08-31 14:56:28,43.3294219970703,-8.49904823303223,"Unknown"
"6227756",371834,2025-08-31 15:06:28,43.3294258117676,-8.49907207489014,"Unknown"
"6227756",371834,2025-08-31 15:16:28,43.3294486999512,-8.49910354614258,"Unknown"
"6227756",371834,2025-08-31 15:26:28,43.3294982910156,-8.49901962280273,"Unknown"
"6227756",371834,2025-08-31 15:36:28,43.3294372558594,-8.49902439117432,"Unknown"
"6227756",371834,2025-08-31 15:46:28,43.3294525146484,-8.49900722503662,"Unknown"
"6227756",371834,2025-08-31 15:56:28,43.3294334411621,-8.49900531768799,"Unknown"
"6227756",371834,2025-08-31 16:06:38,43.3294219970703,-8.49899673461914,"Unknown"
"6227756",371834,2025-08-31 16:16:28,43.3294677734375,-8.49908256530762,"Unknown"
"6227756",371834,2025-08-31 16:26:28,43.3294639587402,-8.49903106689453,"Unknown"
"6227756",371834,2025-08-31 16:36:32,43.3291435241699,-8.49862480163574,"Unknown"
"6227756",371834,2025-08-31 16:46:44,43.3295555114746,-8.49902534484863,"Unknown"
"6227756",371834,2025-08-31 16:56:29,43.3295860290527,-8.49921989440918,"Unknown"
"6227756",371834,2025-08-31 17:06:30,43.3295097351074,-8.49896144866943,"Unknown"
"6227756",371834,2025-08-31 17:16:30,43.329460144043,-8.49912071228027,"Unknown"
"6227756",371834,2025-08-31 17:26:34,43.329517364502,-8.49893474578857,"Unknown"
"6227756",371834,2025-08-31 17:36:45,43.329475402832,-8.4990291595459,"Unknown"
"6227756",371834,2025-08-31 17:46:32,43.3295021057129,-8.4988899230957,"Unknown"
"6227756",371834,2025-08-31 17:56:30,43.3294525146484,-8.49899005889893,"Unknown"
"6227756",371834,2025-08-31 18:06:30,43.3294944763184,-8.49912071228027,"Unknown"
"6227756",371834,2025-08-31 18:16:34,43.3294868469238,-8.49901580810547,"Unknown"
"6227756",371834,2025-08-31 18:26:39,43.3295249938965,-8.49897480010986,"Unknown"
"6227756",371834,2025-08-31 18:37:05,43.3295097351074,-8.49896621704102,"Unknown"
"6227756",371834,2025-08-31 18:46:40,43.3294868469238,-8.49896240234375,"Unknown"
"6227756",371834,2025-08-31 18:56:31,43.3295974731445,-8.49908256530762,"Unknown"
"6227756",371834,2025-08-31 19:06:37,43.3294677734375,-8.49888706207275,"Unknown"
"6227756",371834,2025-08-31 19:17:05,43.329532623291,-8.49900054931641,"Unknown"
"6227756",371834,2025-08-31 19:26:31,43.3295822143555,-8.49904251098633,"Unknown"
"6227756",371834,2025-08-31 19:36:30,43.3296279907227,-8.49905204772949,"Unknown"
"6227756",371834,2025-08-31 19:46:36,43.3294944763184,-8.4989767074585,"Unknown"
"6227756",371834,2025-08-31 19:56:44,43.3294982910156,-8.49896812438965,"Unknown"
"6227756",371834,2025-08-31 20:06:30,43.3295631408691,-8.49900436401367,"Unknown"
"6227756",371834,2025-08-31 20:16:30,43.3295745849609,-8.49895000457764,"Unknown"
"6227756",371834,2025-08-31 20:26:32,43.3294219970703,-8.49882698059082,"Unknown"
"6227756",371834,2025-08-31 20:36:32,43.3293380737305,-8.49882316589355,"Unknown"
"6227756",371834,2025-08-31 20:46:45,43.3294677734375,-8.49884414672852,"Unknown"
"6227756",371834,2025-08-31 20:56:31,43.3298721313477,-8.49928092956543,"Unknown"
"6227756",371834,2025-08-31 21:06:32,43.3295783996582,-8.49891948699951,"Unknown"
"6227756",371834,2025-08-31 21:16:32,43.3294219970703,-8.49874496459961,"Unknown"
"6227756",371834,2025-08-31 21:26:32,43.3295059204102,-8.49886131286621,"Unknown"
"6227756",371834,2025-08-31 21:37:05,43.3295097351074,-8.49896812438965,"Unknown"
"6227756",371834,2025-08-31 21:46:30,43.3294639587402,-8.49900913238525,"Unknown"
"6227756",371834,2025-08-31 21:56:30,43.3295135498047,-8.49900436401367,"Unknown"
"6227756",371834,2025-08-31 22:06:30,43.3295555114746,-8.49903392791748,"Unknown"
"6227756",371834,2025-08-31 22:16:30,43.3296165466309,-8.49907112121582,"Unknown"
"6227756",371834,2025-08-31 22:26:30,43.3295936584473,-8.49905204772949,"Unknown"
"6227756",371834,2025-08-31 22:36:30,43.3294525146484,-8.4989185333252,"Unknown"
"6227756",371834,2025-08-31 22:46:31,43.3295478820801,-8.49905586242676,"Unknown"
"6227756",371834,2025-08-31 22:56:43,43.3295097351074,-8.49895477294922,"Unknown"
"6227756",371834,2025-08-31 23:06:33,43.3295097351074,-8.49894428253174,"Unknown"
"6227756",371834,2025-08-31 23:16:32,43.3294410705566,-8.49892234802246,"Unknown"
"6227756",371834,2025-08-31 23:26:32,43.3294410705566,-8.49884986877441,"Unknown"
"6227756",371834,2025-08-31 23:36:35,43.3294334411621,-8.49884796142578,"Unknown"
"6227756",371834,2025-08-31 23:46:45,43.3294715881348,-8.49896717071533,"Unknown"
"6227756",371834,2025-08-31 23:56:39,43.3294219970703,-8.49887561798096,"Unknown"
"6227756",371834,2025-09-01 00:06:49,43.3294906616211,-8.49894618988037,"Unknown"
"6227756",371834,2025-09-01 00:16:46,43.3294219970703,-8.49982643127441,"Unknown"
"6227756",371834,2025-09-01 00:26:38,43.3295631408691,-8.49934482574463,"Unknown"
"6227756",371834,2025-09-01 00:37:05,43.329532623291,-8.49896144866943,"Unknown"
"6227756",371834,2025-09-01 00:46:30,43.3294792175293,-8.49898624420166,"Unknown"
"6227756",371834,2025-09-01 00:56:30,43.3295936584473,-8.49897766113281,"Unknown"
"6227756",371834,2025-09-01 01:06:30,43.329517364502,-8.4990119934082,"Unknown"
"6227756",371834,2025-09-01 01:16:30,43.3295669555664,-8.49898529052734,"Unknown"
"6227756",371834,2025-09-01 01:26:30,43.3294830322266,-8.49888134002686,"Unknown"
"6227756",371834,2025-09-01 01:36:31,43.3296241760254,-8.49910736083984,"Unknown"
"6227756",371834,2025-09-01 01:46:32,43.3296203613281,-8.49917221069336,"Unknown"
"6227756",371834,2025-09-01 01:56:32,43.3296661376953,-8.49937438964844,"Unknown"
"6227756",371834,2025-09-01 02:06:37,43.3294830322266,-8.49898719787598,"Unknown"
"6227756",371834,2025-09-01 02:16:39,43.3295593261719,-8.49894428253174,"Unknown"
"6227756",371834,2025-09-01 02:26:39,43.3295593261719,-8.49891185760498,"Unknown"
"6227756",371834,2025-09-01 02:36:39,43.3295593261719,-8.4989070892334,"Unknown"
"6227756",371834,2025-09-01 02:46:39,43.3295021057129,-8.49893474578857,"Unknown"
"6227756",371834,2025-09-01 02:56:39,43.3295135498047,-8.49882507324219,"Unknown"
"6227756",371834,2025-09-01 03:06:42,43.3294410705566,-8.49886608123779,"Unknown"
"6227756",371834,2025-09-01 03:16:39,43.329460144043,-8.49883556365967,"Unknown"
"6227756",371834,2025-09-01 03:26:39,43.3294639587402,-8.49884605407715,"Unknown"
"6227756",371834,2025-09-01 03:36:39,43.3294143676758,-8.49884796142578,"Unknown"
"6227756",371834,2025-09-01 03:46:45,43.3294334411621,-8.49879360198975,"Unknown"
"6227756",371834,2025-09-01 03:56:39,43.3294525146484,-8.49884605407715,"Unknown"
"6227756",371834,2025-09-01 04:06:44,43.3283843994141,-8.49809837341309,"Unknown"
"6227756",371834,2025-09-01 04:17:06,43.3294677734375,-8.49900913238525,"Unknown"
"6227756",371834,2025-09-01 04:26:30,43.3292999267578,-8.49913597106934,"Unknown"
"6227756",371834,2025-09-01 04:36:31,43.329475402832,-8.49909687042236,"Unknown"
"6227756",371834,2025-09-01 04:46:32,43.3295135498047,-8.49916076660156,"Unknown"
"6227756",371834,2025-09-01 04:56:44,43.3295745849609,-8.49906444549561,"Unknown"
"6227756",371834,2025-09-01 05:06:30,43.3294525146484,-8.49918937683105,"Unknown"
"6227756",371834,2025-09-01 05:16:32,43.3290672302246,-8.50054264068604,"Unknown"
"6227756",371834,2025-09-01 05:26:31,43.3293914794922,-8.49979305267334,"Unknown"
"6227756",371834,2025-09-01 05:36:39,43.3295135498047,-8.49903392791748,"Unknown"
"6227756",371834,2025-09-01 05:46:42,43.3295707702637,-8.49904251098633,"Unknown"
"6227756",371834,2025-09-01 05:56:39,43.3295249938965,-8.49900722503662,"Unknown"
"6227756",371834,2025-09-01 06:06:37,43.3295745849609,-8.49903011322021,"Unknown"
"6227756",371834,2025-09-01 06:16:39,43.3295135498047,-8.49905967712402,"Unknown"
"6227756",371834,2025-09-01 06:26:37,43.3294525146484,-8.4990701675415,"Unknown"
"6227756",371834,2025-09-01 06:36:34,43.3295364379883,-8.49898624420166,"Unknown"
"6227756",371834,2025-09-01 06:46:44,43.3303871154785,-8.49923419952393,"Unknown"
"6227756",371834,2025-09-01 06:56:36,43.329460144043,-8.49897193908691,"Unknown"
"6227756",371834,2025-09-01 07:06:34,43.3293190002441,-8.49888134002686,"Unknown"
"6227756",371834,2025-09-01 07:16:37,43.3292770385742,-8.49886989593506,"Unknown"
"6227756",371834,2025-09-01 07:27:05,43.3294944763184,-8.4989709854126,"Unknown"
"6227756",371834,2025-09-01 07:37:05,43.32958984375,-8.49893856048584,"Unknown"
"6227756",371834,2025-09-01 07:46:35,43.329517364502,-8.49897861480713,"Unknown"
"6227756",371834,2025-09-01 07:56:36,43.3296546936035,-8.49898529052734,"Unknown"
"6227756",371834,2025-09-01 08:07:05,43.3295021057129,-8.49895191192627,"Unknown"
"6227756",371834,2025-09-01 08:16:46,43.3297958374023,-8.49876308441162,"Unknown"
"6227756",371834,2025-09-01 08:26:47,43.3295211791992,-8.49897575378418,"Unknown"
"6227756",371834,2025-09-01 08:36:44,43.3295021057129,-8.49896335601807,"Unknown"
"6227756",371834,2025-09-01 08:46:33,43.3293151855469,-8.49950790405273,"Unknown"
"6227756",371834,2025-09-01 08:56:31,43.3292274475098,-8.49965286254883,"Unknown"
"6227756",371834,2025-09-01 09:06:33,43.3294372558594,-8.49927425384521,"Unknown"
"6227756",371834,2025-09-01 09:16:32,43.3292274475098,-8.49967098236084,"Unknown"
"6227756",371834,2025-09-01 09:26:31,43.3294563293457,-8.49926280975342,"Unknown"
"6227756",371834,2025-09-01 09:36:45,43.329704284668,-8.49912452697754,"Unknown"
"6227756",371834,2025-09-01 09:46:32,43.3295249938965,-8.49901485443115,"Unknown"
"6227756",371834,2025-09-01 09:56:32,43.3296051025391,-8.49915218353271,"Unknown"
"6227756",371834,2025-09-01 10:06:36,43.3293495178223,-8.49890041351318,"Unknown"
"6227756",371834,2025-09-01 10:16:38,43.3295593261719,-8.49905014038086,"Unknown"
"6227756",371834,2025-09-01 10:26:39,43.329647064209,-8.49909496307373,"Unknown"
"6227756",371834,2025-09-01 10:37:05,43.3294563293457,-8.49897289276123,"Unknown"
"6227756",371834,2025-09-01 10:46:31,43.3294715881348,-8.49899673461914,"Unknown"
"6227756",371834,2025-09-01 10:56:31,43.3295593261719,-8.49913883209229,"Unknown"
"6227756",371834,2025-09-01 11:06:31,43.3294715881348,-8.4990348815918,"Unknown"
"6227756",371834,2025-09-01 11:16:31,43.3294906616211,-8.49888896942139,"Unknown"
"6227756",371834,2025-09-01 11:26:33,43.3294334411621,-8.49897480010986,"Unknown"
"6227756",371834,2025-09-01 11:36:34,43.3295631408691,-8.49904632568359,"Unknown"
"6227756",371834,2025-09-01 11:46:44,43.3294868469238,-8.49899482727051,"Unknown"
"6227756",371834,2025-09-01 11:56:33,43.3295249938965,-8.4990701675415,"Unknown"
"6227756",371834,2025-09-01 12:06:33,43.329906463623,-8.49989700317383,"Unknown"
"6227756",371834,2025-09-01 12:16:32,43.3298301696777,-8.49963855743408,"Unknown"
"6227756",371834,2025-09-01 12:26:31,43.3292961120605,-8.49856948852539,"Unknown"
"6227756",371834,2025-09-01 12:36:45,43.3295402526855,-8.49915409088135,"Unknown"
"6227756",371834,2025-09-01 12:46:33,43.3294868469238,-8.49896144866943,"Unknown"
"6227756",371834,2025-09-01 12:56:33,43.3296089172363,-8.49924850463867,"Unknown"
"6227756",371834,2025-09-01 13:06:33,43.3296737670898,-8.49918365478516,"Unknown"
"6227756",371834,2025-09-01 13:16:38,43.3294715881348,-8.49897003173828,"Unknown"
"6227756",371834,2025-09-01 13:26:44,43.329402923584,-8.498854637146,"Unknown"
"6227756",371834,2025-09-01 13:36:39,43.3293800354004,-8.49882698059082,"Unknown"
"6227756",371834,2025-09-01 13:46:45,43.3293113708496,-8.49902534484863,"Unknown"
"6227756",371834,2025-09-01 13:56:32,43.3293075561523,-8.49894905090332,"Unknown"
"6227756",371834,2025-09-01 14:06:36,43.3293113708496,-8.49904918670654,"Unknown"
"6227756",371834,2025-09-01 14:17:05,43.3294639587402,-8.49898624420166,"Unknown"
"6227756",371834,2025-09-01 14:26:32,43.3296508789062,-8.49874305725098,"Unknown"
"6227756",371834,2025-09-01 14:36:32,43.3296279907227,-8.49876689910889,"Unknown"
"6227756",371834,2025-09-01 14:46:33,43.329475402832,-8.49898910522461,"Unknown"
"6227756",371834,2025-09-01 14:56:33,43.3294334411621,-8.49908542633057,"Unknown"
"6227756",371834,2025-09-01 15:06:35,43.3293609619141,-8.49940872192383,"Unknown"
"6227756",371834,2025-09-01 15:16:42,43.3294372558594,-8.49920463562012,"Unknown"
"6227756",371834,2025-09-01 15:26:32,43.3295860290527,-8.49867248535156,"Unknown"
"6227756",371834,2025-09-01 15:36:36,43.3294563293457,-8.49904441833496,"Unknown"
"6227756",371834,2025-09-01 15:47:05,43.3294830322266,-8.49897861480713,"Unknown"
"6227756",371834,2025-09-01 15:56:32,43.3294448852539,-8.49898815155029,"Unknown"
"6227756",371834,2025-09-01 16:06:32,43.3295211791992,-8.49904441833496,"Unknown"
"6227756",371834,2025-09-01 16:16:32,43.3294563293457,-8.49901390075684,"Unknown"
"6227756",371834,2025-09-01 16:26:33,43.3295478820801,-8.49905681610107,"Unknown"
"6227756",371834,2025-09-01 16:36:32,43.3295288085938,-8.49908638000488,"Unknown"
"6227756",371834,2025-09-01 16:46:32,43.3294906616211,-8.49898147583008,"Unknown"
"6227756",371834,2025-09-01 16:56:37,43.3294525146484,-8.49894332885742,"Unknown"
"6227756",371834,2025-09-01 17:06:43,43.329532623291,-8.49895286560059,"Unknown"
"6227756",371834,2025-09-01 17:16:33,43.3295669555664,-8.49861812591553,"Unknown"
"6227756",371834,2025-09-01 17:26:33,43.329517364502,-8.49882698059082,"Unknown"
"6227756",371834,2025-09-01 17:36:34,43.3295516967773,-8.49886226654053,"Unknown"
"6227756",371834,2025-09-01 17:46:34,43.3294982910156,-8.49892330169678,"Unknown"
"6227756",371834,2025-09-01 17:56:34,43.3295860290527,-8.49851608276367,"Unknown"
"6227756",371834,2025-09-01 18:06:36,43.3295021057129,-8.49882125854492,"Unknown"
"6227756",371834,2025-09-01 18:17:05,43.329475402832,-8.49899005889893,"Unknown"
"6227756",371834,2025-09-01 18:26:33,43.3294334411621,-8.49900054931641,"Unknown"
"6227756",371834,2025-09-01 18:36:34,43.329475402832,-8.49898815155029,"Unknown"
"6227756",371834,2025-09-01 18:46:37,43.3294906616211,-8.49896812438965,"Unknown"
"6227756",371834,2025-09-01 18:56:39,43.3294868469238,-8.49898433685303,"Unknown"
"6227756",371834,2025-09-01 19:06:39,43.3294525146484,-8.49896621704102,"Unknown"
"6227756",371834,2025-09-01 19:16:41,43.329402923584,-8.49888229370117,"Unknown"
"6227756",371834,2025-09-01 19:27:01,43.3294715881348,-8.49895191192627,"Unknown"
"6227756",371834,2025-09-01 19:36:37,43.3296394348145,-8.49904727935791,"Unknown"
"6227756",371834,2025-09-01 19:46:44,43.3295059204102,-8.49894618988037,"Unknown"
"6227756",371834,2025-09-01 19:56:36,43.3297729492188,-8.49915599822998,"Unknown"
"6227756",371834,2025-09-01 20:06:44,43.3296127319336,-8.4990291595459,"Unknown"
"6227756",371834,2025-09-01 20:16:34,43.3296508789062,-8.49898338317871,"Unknown"
"6227756",371834,2025-09-01 20:26:41,43.3297805786133,-8.4990701675415,"Unknown"
"6227756",371834,2025-09-01 20:37:05,43.3296012878418,-8.498948097229,"Unknown"
"6227756",371834,2025-09-01 20:46:33,43.3295631408691,-8.49915313720703,"Unknown"
"6227756",371834,2025-09-01 20:56:33,43.3296356201172,-8.49924373626709,"Unknown"
"6227756",371834,2025-09-01 21:06:36,43.32958984375,-8.4989538192749,"Unknown"
"6227756",371834,2025-09-01 21:16:36,43.3295478820801,-8.49896621704102,"Unknown"
"6227756",371834,2025-09-01 21:26:39,43.3295097351074,-8.49899673461914,"Unknown"
"6227756",371834,2025-09-01 21:36:41,43.3295974731445,-8.49896717071533,"Unknown"
"6227756",371834,2025-09-01 21:46:39,43.3295402526855,-8.49901962280273,"Unknown"
"6227756",371834,2025-09-01 21:57:05,43.3294830322266,-8.49901866912842,"Unknown"
"6227756",371834,2025-09-01 22:06:33,43.3294906616211,-8.49895572662354,"Unknown"
"6227756",371834,2025-09-01 22:16:33,43.3295021057129,-8.49896621704102,"Unknown"
"6227756",371834,2025-09-01 22:26:33,43.3294639587402,-8.49892997741699,"Unknown"
"6227756",371834,2025-09-01 22:36:33,43.3295135498047,-8.49894905090332,"Unknown"
"6227756",371834,2025-09-01 22:46:34,43.3295822143555,-8.49903202056885,"Unknown"
"6227756",371834,2025-09-01 22:56:35,43.3296394348145,-8.49903202056885,"Unknown"
"6227756",371834,2025-09-01 23:06:37,43.3294677734375,-8.49902820587158,"Unknown"
"6227756",371834,2025-09-01 23:17:44,43.3295555114746,-8.49903964996338,"Unknown"
"6227756",371834,2025-09-01 23:26:40,43.3295288085938,-8.49904441833496,"Unknown"
"6227756",371834,2025-09-01 23:36:39,43.3294868469238,-8.49897956848145,"Unknown"
"6227756",371834,2025-09-01 23:46:39,43.3295135498047,-8.49896621704102,"Unknown"
"6227756",371834,2025-09-01 23:56:42,43.3295097351074,-8.4989709854126,"Unknown"
"6227756",371834,2025-09-02 00:06:39,43.329460144043,-8.49886226654053,"Unknown"
"6227756",371834,2025-09-02 00:16:44,43.3294105529785,-8.4987096786499,"Unknown"
"6227756",371834,2025-09-02 00:26:58,43.3293609619141,-8.4986572265625,"Unknown"
"6227756",371834,2025-09-02 00:36:40,43.3294486999512,-8.49888038635254,"Unknown"
"6227756",371834,2025-09-02 00:47:05,43.3294410705566,-8.49895858764648,"Unknown"
"6227756",371834,2025-09-02 00:56:33,43.3296089172363,-8.49925899505615,"Unknown"
"6227756",371834,2025-09-02 01:06:33,43.3296051025391,-8.49917984008789,"Unknown"
"6227756",371834,2025-09-02 01:16:33,43.329704284668,-8.49933624267578,"Unknown"
"6227756",371834,2025-09-02 01:26:34,43.3294830322266,-8.4989538192749,"Unknown"
"6227756",371834,2025-09-02 01:36:34,43.3295021057129,-8.49897766113281,"Unknown"
"6227756",371834,2025-09-02 01:46:37,43.3295745849609,-8.49896240234375,"Unknown"
"6227756",371834,2025-09-02 01:56:44,43.3295669555664,-8.4989128112793,"Unknown"
"6227756",371834,2025-09-02 02:06:39,43.32958984375,-8.49897480010986,"Unknown"
"6227756",371834,2025-09-02 02:16:39,43.3296012878418,-8.49886608123779,"Unknown"
"6227756",371834,2025-09-02 02:26:39,43.3295860290527,-8.49886894226074,"Unknown"
"6227756",371834,2025-09-02 02:36:39,43.3295516967773,-8.49878025054932,"Unknown"
"6227756",371834,2025-09-02 02:46:44,43.3293991088867,-8.49886226654053,"Unknown"
"6227756",371834,2025-09-02 02:56:39,43.3294410705566,-8.49884986877441,"Unknown"
"6227756",371834,2025-09-02 03:06:39,43.3294334411621,-8.49884510040283,"Unknown"
"6227756",371834,2025-09-02 03:16:42,43.3294486999512,-8.49884033203125,"Unknown"
"6227756",371834,2025-09-02 03:26:39,43.3292350769043,-8.4984188079834,"Unknown"
"6227756",371834,2025-09-02 03:36:44,43.3298492431641,-8.49897193908691,"Unknown"
"6227756",371834,2025-09-02 03:46:39,43.3290977478027,-8.49878120422363,"Unknown"
"6227756",371834,2025-09-02 03:56:42,43.3289489746094,-8.49862194061279,"Unknown"
"6227756",371834,2025-09-02 04:06:41,43.328914642334,-8.49857997894287,"Unknown"
"6227756",371834,2025-09-02 04:16:47,43.3291397094727,-8.49875068664551,"Unknown"
"6227756",371834,2025-09-02 04:26:44,43.3291320800781,-8.49872779846191,"Unknown"
"6227756",371834,2025-09-02 04:37:05,43.3293266296387,-8.49896717071533,"Unknown"
"6227756",371834,2025-09-02 04:46:44,43.3293991088867,-8.4989652633667,"Unknown"
"6227756",371834,2025-09-02 04:56:39,43.3294334411621,-8.49900436401367,"Unknown"
"6227756",371834,2025-09-02 05:06:38,43.3293800354004,-8.49900436401367,"Unknown"
"6227756",371834,2025-09-02 05:16:38,43.3293342590332,-8.49904441833496,"Unknown"
"6227756",371834,2025-09-02 05:26:45,43.3293342590332,-8.49911308288574,"Unknown"
"6227756",371834,2025-09-02 05:37:05,43.3295440673828,-8.49901390075684,"Unknown"
"6227756",371834,2025-09-02 05:46:33,43.3295288085938,-8.49902820587158,"Unknown"
"6227756",371834,2025-09-02 05:56:33,43.3295593261719,-8.49900531768799,"Unknown"
"6227756",371834,2025-09-02 06:06:33,43.3295211791992,-8.49900245666504,"Unknown"
"6227756",371834,2025-09-02 06:16:33,43.3295402526855,-8.49900054931641,"Unknown"
"6227756",371834,2025-09-02 06:26:33,43.3295288085938,-8.49896335601807,"Unknown"
"6227756",371834,2025-09-02 06:36:35,43.3294334411621,-8.49901676177979,"Unknown"
"6227756",371834,2025-09-02 06:46:35,43.329418182373,-8.49901103973389,"Unknown"
"6227756",371834,2025-09-02 06:56:36,43.3294372558594,-8.49898433685303,"Unknown"
"6227756",371834,2025-09-02 07:06:37,43.3294792175293,-8.49898910522461,"Unknown"
"6227756",371834,2025-09-02 07:16:44,43.3294296264648,-8.49897289276123,"Unknown"
"6227756",371834,2025-09-02 07:26:33,43.3294143676758,-8.49895191192627,"Unknown"
"6227756",371834,2025-09-02 07:36:35,43.3294258117676,-8.49896812438965,"Unknown"
"6227756",371834,2025-09-02 07:46:37,43.3294258117676,-8.4990119934082,"Unknown"
"6227756",371834,2025-09-02 07:57:05,43.3294334411621,-8.49900436401367,"Unknown"
"6227756",371834,2025-09-02 08:06:38,43.3294792175293,-8.49900531768799,"Unknown"
"6227756",371834,2025-09-02 08:16:42,43.3297348022461,-8.49886131286621,"Unknown"
"6227756",371834,2025-09-02 08:27:05,43.3295860290527,-8.49896907806396,"Unknown"
"6227756",371834,2025-09-02 08:36:37,43.3296546936035,-8.49886703491211,"Unknown"
"6227756",371834,2025-09-02 08:46:44,43.3295059204102,-8.49899291992188,"Unknown"
"6227756",371834,2025-09-02 08:56:35,43.3295974731445,-8.49892520904541,"Unknown"
"6227756",371834,2025-09-02 09:06:35,43.3295440673828,-8.49894332885742,"Unknown"
"6227756",371834,2025-09-02 09:16:35,43.3295555114746,-8.49901390075684,"Unknown"
"6227756",371834,2025-09-02 09:26:39,43.3296012878418,-8.49904251098633,"Unknown"
"6227756",371834,2025-09-02 09:37:05,43.3294868469238,-8.49902248382568,"Unknown"
"6227756",371834,2025-09-02 09:46:33,43.3295021057129,-8.49896717071533,"Unknown"
"6227756",371834,2025-09-02 09:56:33,43.3294830322266,-8.49901294708252,"Unknown"
"6227756",371834,2025-09-02 10:06:33,43.3294792175293,-8.49899482727051,"Unknown"
"6227756",371834,2025-09-02 10:16:33,43.3294982910156,-8.49899482727051,"Unknown"
"6227756",371834,2025-09-02 10:26:35,43.329532623291,-8.49893665313721,"Unknown"
"6227756",371834,2025-09-02 10:37:05,43.329517364502,-8.49899864196777,"Unknown"
"6227756",371834,2025-09-02 10:46:33,43.3295669555664,-8.49898052215576,"Unknown"
"6227756",371834,2025-09-02 10:56:35,43.3295669555664,-8.49898910522461,"Unknown"
"6227756",371834,2025-09-02 11:06:35,43.3295402526855,-8.49900817871094,"Unknown"
"6227756",371834,2025-09-02 11:16:34,43.32958984375,-8.49909591674805,"Unknown"
"6227756",371834,2025-09-02 11:26:36,43.3295211791992,-8.49894618988037,"Unknown"
"6227756",371834,2025-09-02 11:36:44,43.3295021057129,-8.4990234375,"Unknown"
"6227756",371834,2025-09-02 11:46:38,43.3295021057129,-8.49900913238525,"Unknown"
"6227756",371834,2025-09-02 11:56:42,43.3295097351074,-8.49907493591309,"Unknown"
"6227756",371834,2025-09-02 12:06:39,43.3295555114746,-8.49907779693604,"Unknown"
"6227756",371834,2025-09-02 12:16:38,43.3295593261719,-8.49896144866943,"Unknown"
"6227756",371834,2025-09-02 12:26:40,43.3296127319336,-8.49933242797852,"Unknown"
"6227756",371834,2025-09-02 12:37:05,43.3294906616211,-8.49898719787598,"Unknown"
"6227756",371834,2025-09-02 12:46:33,43.3294105529785,-8.49900054931641,"Unknown"
"6227756",371834,2025-09-02 12:56:33,43.3294715881348,-8.49897193908691,"Unknown"
"6227756",371834,2025-09-02 13:06:35,43.3294334411621,-8.49893283843994,"Unknown"
"6227756",371834,2025-09-02 13:16:38,43.3294830322266,-8.49896621704102,"Unknown"
"6227756",371834,2025-09-02 13:26:38,43.3295135498047,-8.49897575378418,"Unknown"
"6227756",371834,2025-09-02 13:36:36,43.3294982910156,-8.4989652633667,"Unknown"
"6227756",371834,2025-09-02 13:46:37,43.3295135498047,-8.49898719787598,"Unknown"
"6227756",371834,2025-09-02 13:56:37,43.3295249938965,-8.49899768829346,"Unknown"
"6227756",371834,2025-09-02 14:06:39,43.3294525146484,-8.49899673461914,"Unknown"
"6227756",371834,2025-09-02 14:16:44,43.329475402832,-8.49901485443115,"Unknown"
"6227756",371834,2025-09-02 14:26:38,43.3294906616211,-8.49899768829346,"Unknown"
"6227756",371834,2025-09-02 14:37:05,43.3294906616211,-8.49900341033936,"Unknown"
"6227756",371834,2025-09-02 14:46:33,43.3294982910156,-8.49898052215576,"Unknown"
"6227756",371834,2025-09-02 14:56:33,43.329460144043,-8.49901008605957,"Unknown"
"6227756",371834,2025-09-02 15:06:33,43.3294868469238,-8.49906158447266,"Unknown"
"6227756",371834,2025-09-02 15:16:34,43.3294906616211,-8.49898910522461,"Unknown"
"6227756",371834,2025-09-02 15:26:34,43.3294677734375,-8.49900817871094,"Unknown"
"6227756",371834,2025-09-02 15:36:34,43.3295211791992,-8.49904155731201,"Unknown"
"6227756",371834,2025-09-02 15:46:34,43.3294868469238,-8.49899864196777,"Unknown"
"6227756",371834,2025-09-02 15:56:34,43.3294944763184,-8.49903297424316,"Unknown"
"6227756",371834,2025-09-02 16:06:34,43.3295097351074,-8.49897861480713,"Unknown"
"6227756",371834,2025-09-02 16:16:34,43.3294486999512,-8.49903297424316,"Unknown"
"6227756",371834,2025-09-02 16:26:37,43.3294372558594,-8.49897480010986,"Unknown"
"6227756",371834,2025-09-02 16:36:45,43.3294868469238,-8.49898433685303,"Unknown"
"6227756",371834,2025-09-02 16:46:39,43.3294639587402,-8.49893760681152,"Unknown"
"6227756",371834,2025-09-02 16:57:05,43.3295059204102,-8.4989652633667,"Unknown"
"6227756",371834,2025-09-02 17:06:36,43.3295593261719,-8.4989538192749,"Unknown"
"6227756",371834,2025-09-02 17:16:35,43.3294868469238,-8.4990873336792,"Unknown"
"6227756",371834,2025-09-02 17:26:34,43.3295364379883,-8.49913024902344,"Unknown"
"6227756",371834,2025-09-02 17:36:34,43.3295631408691,-8.49911785125732,"Unknown"
"6227756",371834,2025-09-02 17:46:34,43.3295478820801,-8.49905014038086,"Unknown"
"6227756",371834,2025-09-02 17:56:36,43.3295974731445,-8.49907684326172,"Unknown"
"6227756",371834,2025-09-02 18:06:37,43.3295097351074,-8.49901866912842,"Unknown"
"6227756",371834,2025-09-02 18:16:43,43.3294296264648,-8.4990062713623,"Unknown"
"6227756",371834,2025-09-02 18:26:49,43.329460144043,-8.49901676177979,"Unknown"
"6227756",371834,2025-09-02 18:36:58,43.3294219970703,-8.4990406036377,"Unknown"
"6227756",371834,2025-09-02 18:46:41,43.3293190002441,-8.49896812438965,"Unknown"
"6227756",371834,2025-09-02 18:57:06,43.3294677734375,-8.49894142150879,"Unknown"
"6227756",371834,2025-09-02 19:06:34,43.3295021057129,-8.498948097229,"Unknown"
"6227756",371834,2025-09-02 19:16:34,43.3295211791992,-8.49897003173828,"Unknown"
"6227756",371834,2025-09-02 19:26:34,43.3294677734375,-8.49887371063232,"Unknown"
"6227756",371834,2025-09-02 19:36:34,43.3294906616211,-8.49891662597656,"Unknown"
"6227756",371834,2025-09-02 19:46:34,43.3295783996582,-8.49891090393066,"Unknown"
"6227756",371834,2025-09-02 19:56:34,43.329475402832,-8.49895286560059,"Unknown"
"6227756",371834,2025-09-02 20:06:49,43.3295822143555,-8.49893283843994,"Unknown"
"6227756",371834,2025-09-02 20:16:39,43.3295707702637,-8.49893665313721,"Unknown"
"6227756",371834,2025-09-02 20:26:56,43.3296737670898,-8.49895191192627,"Unknown"
"6227756",371834,2025-09-02 20:37:05,43.3295669555664,-8.49894618988037,"Unknown"
"6227756",371834,2025-09-02 20:46:34,43.3295097351074,-8.49893760681152,"Unknown"
"6227756",371834,2025-09-02 20:56:34,43.329517364502,-8.49892044067383,"Unknown"
"6227756",371834,2025-09-02 21:06:34,43.329475402832,-8.49894046783447,"Unknown"
"6227756",371834,2025-09-02 21:16:36,43.3295135498047,-8.49892234802246,"Unknown"
"6227756",371834,2025-09-02 21:26:34,43.3295097351074,-8.498948097229,"Unknown"
"6227756",371834,2025-09-02 21:36:34,43.3295059204102,-8.49898433685303,"Unknown"
"6227756",371834,2025-09-02 21:46:34,43.3295021057129,-8.49900531768799,"Unknown"
"6227756",371834,2025-09-02 21:56:34,43.3295021057129,-8.49900531768799,"Unknown"
"6227756",371834,2025-09-02 22:06:34,43.3295249938965,-8.4989709854126,"Unknown"
"6227756",371834,2025-09-02 22:16:34,43.3295745849609,-8.49902248382568,"Unknown"
"6227756",371834,2025-09-02 22:26:34,43.3295783996582,-8.49895477294922,"Unknown"
"6227756",371834,2025-09-02 22:36:36,43.3295974731445,-8.49900913238525,"Unknown"
"6227756",371834,2025-09-02 22:46:36,43.3295059204102,-8.49891757965088,"Unknown"
"6227756",371834,2025-09-02 22:56:39,43.3296699523926,-8.4990873336792,"Unknown"
"6227756",371834,2025-09-02 23:07:05,43.3295440673828,-8.49901485443115,"Unknown"
"6227756",371834,2025-09-02 23:17:05,43.3294982910156,-8.49899768829346,"Unknown"
"6227756",371834,2025-09-02 23:26:39,43.3295516967773,-8.49897480010986,"Unknown"
"6227756",371834,2025-09-02 23:36:43,43.3295021057129,-8.49887180328369,"Unknown"
"6227756",371834,2025-09-02 23:46:39,43.3295059204102,-8.49887561798096,"Unknown"
"6227756",371834,2025-09-02 23:56:39,43.3294334411621,-8.49877834320068,"Unknown"
"6227756",371834,2025-09-03 00:06:44,43.3293609619141,-8.49846935272217,"Unknown"
"6227756",371834,2025-09-03 00:17:01,43.329460144043,-8.49893093109131,"Unknown"
"6227756",371834,2025-09-03 00:26:34,43.3294448852539,-8.49899196624756,"Unknown"
"6227756",371834,2025-09-03 00:36:34,43.3294525146484,-8.49895763397217,"Unknown"
"6227756",371834,2025-09-03 00:46:34,43.3294715881348,-8.49900150299072,"Unknown"
"6227756",371834,2025-09-03 00:56:34,43.3294868469238,-8.49895286560059,"Unknown"
"6227756",371834,2025-09-03 01:06:36,43.329532623291,-8.49895477294922,"Unknown"
"6227756",371834,2025-09-03 01:16:39,43.3295555114746,-8.49898433685303,"Unknown"
"6227756",371834,2025-09-03 01:26:39,43.3295860290527,-8.49895477294922,"Unknown"
"6227756",371834,2025-09-03 01:36:37,43.3295402526855,-8.49905204772949,"Unknown"
"6227756",371834,2025-09-03 01:46:40,43.3295631408691,-8.4990119934082,"Unknown"
"6227756",371834,2025-09-03 01:56:36,43.3295593261719,-8.49893856048584,"Unknown"
"6227756",371834,2025-09-03 02:06:39,43.3295516967773,-8.49899482727051,"Unknown"
"6227756",371834,2025-09-03 02:16:38,43.3296012878418,-8.49899005889893,"Unknown"
"6227756",371834,2025-09-03 02:26:39,43.3295478820801,-8.49916839599609,"Unknown"
"6227756",371834,2025-09-03 02:37:05,43.3295440673828,-8.49886608123779,"Unknown"
"6227756",371834,2025-09-03 02:46:34,43.3295631408691,-8.49890613555908,"Unknown"
"6227756",371834,2025-09-03 02:56:36,43.3295097351074,-8.49890899658203,"Unknown"
"6227756",371834,2025-09-03 03:06:34,43.3295249938965,-8.49895000457764,"Unknown"
"6227756",371834,2025-09-03 03:16:34,43.3294906616211,-8.49904441833496,"Unknown"
"6227756",371834,2025-09-03 03:26:37,43.3294792175293,-8.49901008605957,"Unknown"
"6227756",371834,2025-09-03 03:36:44,43.3294944763184,-8.49893856048584,"Unknown"
"6227756",371834,2025-09-03 03:46:36,43.3294868469238,-8.49886894226074,"Unknown"
"6227756",371834,2025-09-03 03:56:37,43.3294906616211,-8.49889850616455,"Unknown"
"6227756",371834,2025-09-03 04:06:43,43.329517364502,-8.49900913238525,"Unknown"
"6227756",371834,2025-09-03 04:16:34,43.3296966552734,-8.49889183044434,"Unknown"
"6227756",371834,2025-09-03 04:26:34,43.3295097351074,-8.49892616271973,"Unknown"
"6227756",371834,2025-09-03 04:36:36,43.3294410705566,-8.49902820587158,"Unknown"
"6227756",371834,2025-09-03 04:47:14,43.3295097351074,-8.49902534484863,"Unknown"
"6227756",371834,2025-09-03 04:56:34,43.329475402832,-8.49899578094482,"Unknown"
"6227756",371834,2025-09-03 05:06:34,43.3294944763184,-8.49900913238525,"Unknown"
"6227756",371834,2025-09-03 05:16:34,43.3294486999512,-8.49905776977539,"Unknown"
"6227756",371834,2025-09-03 05:26:34,43.3295707702637,-8.49902820587158,"Unknown"
"6227756",371834,2025-09-03 05:36:40,43.3294868469238,-8.4989767074585,"Unknown"
"6227756",371834,2025-09-03 05:46:34,43.3294906616211,-8.49902820587158,"Unknown"
"6227756",371834,2025-09-03 05:56:34,43.3294067382812,-8.49892330169678,"Unknown"
"6227756",371834,2025-09-03 06:06:37,43.3294715881348,-8.49901390075684,"Unknown"
"6227756",371834,2025-09-03 06:17:04,43.3294906616211,-8.49900150299072,"Unknown"
"6227756",371834,2025-09-03 06:26:34,43.3295478820801,-8.49904251098633,"Unknown"
"6227756",371834,2025-09-03 06:36:34,43.3295402526855,-8.49899101257324,"Unknown"
"6227756",371834,2025-09-03 06:46:34,43.329532623291,-8.4989652633667,"Unknown"
"6227756",371834,2025-09-03 06:56:36,43.3295593261719,-8.49896049499512,"Unknown"
"6227756",371834,2025-09-03 07:06:36,43.3295021057129,-8.49899673461914,"Unknown"
"6227756",371834,2025-09-03 07:16:41,43.329532623291,-8.4989595413208,"Unknown"
"6227756",371834,2025-09-03 07:26:34,43.3294944763184,-8.49893569946289,"Unknown"
"6227756",371834,2025-09-03 07:36:36,43.3294906616211,-8.49894142150879,"Unknown"
"6227756",371834,2025-09-03 07:46:37,43.3294830322266,-8.49895095825195,"Unknown"
"6227756",371834,2025-09-03 07:56:44,43.3293991088867,-8.49899482727051,"Unknown"
"6227756",371834,2025-09-03 08:06:42,43.3294258117676,-8.49898624420166,"Unknown"
"6227756",371834,2025-09-03 08:16:39,43.3294715881348,-8.4990291595459,"Unknown"
"6227756",371834,2025-09-03 08:26:39,43.3292083740234,-8.49909210205078,"Unknown"
"6227756",371834,2025-09-03 08:36:39,43.3292045593262,-8.49904441833496,"Unknown"
"6227756",371834,2025-09-03 08:47:05,43.3294906616211,-8.4990062713623,"Unknown"
"6227756",371834,2025-09-03 08:56:34,43.3294448852539,-8.49906444549561,"Unknown"
"6227756",371834,2025-09-03 09:06:34,43.3294792175293,-8.49903774261475,"Unknown"
"6227756",371834,2025-09-03 09:16:34,43.3294944763184,-8.49900817871094,"Unknown"
"6227756",371834,2025-09-03 09:26:34,43.3295669555664,-8.49901676177979,"Unknown"
"6227756",371834,2025-09-03 09:36:34,43.3295364379883,-8.49906730651855,"Unknown"
"6227756",371834,2025-09-03 09:46:35,43.3295936584473,-8.49908447265625,"Unknown"
"6227756",371834,2025-09-03 09:56:35,43.3296394348145,-8.49913692474365,"Unknown"
"6227756",371834,2025-09-03 10:07:05,43.3294830322266,-8.49901103973389,"Unknown"
"6227756",371834,2025-09-03 10:16:34,43.3294334411621,-8.49897861480713,"Unknown"
"6227756",371834,2025-09-03 10:27:03,43.329460144043,-8.49898719787598,"Unknown"
"6227756",371834,2025-09-03 10:36:34,43.3295249938965,-8.49907970428467,"Unknown"
"6227756",371834,2025-09-03 10:46:34,43.329532623291,-8.49906826019287,"Unknown"
"6227756",371834,2025-09-03 10:56:36,43.3294944763184,-8.49902057647705,"Unknown"
"6227756",371834,2025-09-03 11:06:36,43.329460144043,-8.49901866912842,"Unknown"
"6227756",371834,2025-09-03 11:16:36,43.3295364379883,-8.49899387359619,"Unknown"
"6227756",371834,2025-09-03 11:26:39,43.3295249938965,-8.49899196624756,"Unknown"
"6227756",371834,2025-09-03 11:36:44,43.3295059204102,-8.49902725219727,"Unknown"
"6227756",371834,2025-09-03 11:46:39,43.3294944763184,-8.49904823303223,"Unknown"
"6227756",371834,2025-09-03 11:56:39,43.329517364502,-8.49903106689453,"Unknown"
"6227756",371834,2025-09-03 12:06:39,43.3295097351074,-8.49904727935791,"Unknown"
"6227756",371834,2025-09-03 12:16:40,43.3294448852539,-8.49887752532959,"Unknown"
"6227756",371834,2025-09-03 12:26:39,43.3294639587402,-8.49903011322021,"Unknown"
"6227756",371834,2025-09-03 12:37:05,43.3294830322266,-8.49900913238525,"Unknown"
"6227756",371834,2025-09-03 12:46:34,43.329517364502,-8.49901962280273,"Unknown"
"6227756",371834,2025-09-03 12:56:34,43.3295211791992,-8.49901294708252,"Unknown"
"6227756",371834,2025-09-03 13:06:34,43.3294906616211,-8.49899387359619,"Unknown"
"6227756",371834,2025-09-03 13:16:34,43.3295249938965,-8.49896812438965,"Unknown"
"6227756",371834,2025-09-03 13:26:34,43.3295249938965,-8.49901962280273,"Unknown"
"6227756",371834,2025-09-03 13:36:34,43.3295707702637,-8.49906158447266,"Unknown"
"6227756",371834,2025-09-03 13:46:34,43.3295097351074,-8.49896907806396,"Unknown"
"6227756",371834,2025-09-03 13:56:34,43.3295059204102,-8.49900817871094,"Unknown"
"6227756",371834,2025-09-03 14:06:38,43.3294563293457,-8.49901008605957,"Unknown"
"6227756",371834,2025-09-03 14:16:39,43.3294372558594,-8.49901962280273,"Unknown"
"6227756",371834,2025-09-03 14:27:05,43.329475402832,-8.49903964996338,"Unknown"
"6227756",371834,2025-09-03 14:36:34,43.3293685913086,-8.49898242950439,"Unknown"
"6227756",371834,2025-09-03 14:46:34,43.329517364502,-8.4989652633667,"Unknown"
"6227756",371834,2025-09-03 14:56:34,43.3294448852539,-8.49901485443115,"Unknown"
"6227756",371834,2025-09-03 15:06:34,43.3294792175293,-8.49899482727051,"Unknown"
"6227756",371834,2025-09-03 15:16:34,43.3294792175293,-8.49900245666504,"Unknown"
"6227756",371834,2025-09-03 15:26:34,43.3294677734375,-8.49899673461914,"Unknown"
"6227756",371834,2025-09-03 15:36:34,43.3294563293457,-8.49899673461914,"Unknown"
"6227756",371834,2025-09-03 15:46:34,43.3294448852539,-8.49903392791748,"Unknown"
"6227756",371834,2025-09-03 15:56:34,43.3294143676758,-8.4989652633667,"Unknown"
"6227756",371834,2025-09-03 16:06:34,43.3293991088867,-8.49896812438965,"Unknown"
"6227756",371834,2025-09-03 16:16:34,43.3296165466309,-8.49908256530762,"Unknown"
"6227756",371834,2025-09-03 16:26:43,43.3294868469238,-8.49902820587158,"Unknown"
"6227756",371834,2025-09-03 16:37:05,43.3294868469238,-8.49897480010986,"Unknown"
"6227756",371834,2025-09-03 16:46:34,43.3295402526855,-8.49905586242676,"Unknown"
"6227756",371834,2025-09-03 16:56:35,43.3294868469238,-8.49910068511963,"Unknown"
"6227756",371834,2025-09-03 17:06:34,43.3294219970703,-8.4992208480835,"Unknown"
"6227756",371834,2025-09-03 17:16:34,43.329460144043,-8.49900817871094,"Unknown"
"6227756",371834,2025-09-03 17:26:34,43.3294410705566,-8.49897193908691,"Unknown"
"6227756",371834,2025-09-03 17:36:34,43.3294143676758,-8.49896812438965,"Unknown"
"6227756",371834,2025-09-03 17:46:34,43.3294448852539,-8.49892234802246,"Unknown"
"6227756",371834,2025-09-03 17:56:36,43.3294410705566,-8.49897766113281,"Unknown"
"6227756",371834,2025-09-03 18:06:34,43.329460144043,-8.49898433685303,"Unknown"
"6227756",371834,2025-09-03 18:16:34,43.3294868469238,-8.49897766113281,"Unknown"
"6227756",371834,2025-09-03 18:26:34,43.329460144043,-8.49899673461914,"Unknown"
"6227756",371834,2025-09-03 18:36:36,43.3295249938965,-8.49907302856445,"Unknown"
"6227756",371834,2025-09-03 18:46:41,43.3293838500977,-8.49906730651855,"Unknown"
"6227756",371834,2025-09-03 18:56:44,43.329517364502,-8.49902153015137,"Unknown"
"6227756",371834,2025-09-03 19:06:42,43.3294830322266,-8.49911117553711,"Unknown"
"6227756",371834,2025-09-03 19:16:52,43.3294715881348,-8.4988317489624,"Unknown"
"6227756",371834,2025-09-03 19:27:00,43.3294525146484,-8.49941444396973,"Unknown"
"6227756",371834,2025-09-03 19:36:44,43.329460144043,-8.49899578094482,"Unknown"
"6227756",371834,2025-09-03 19:47:15,43.329532623291,-8.49892902374268,"Unknown"
"6227756",371834,2025-09-03 19:56:37,43.329517364502,-8.49897766113281,"Unknown"
"6227756",371834,2025-09-03 20:06:36,43.3296012878418,-8.49902820587158,"Unknown"
"6227756",371834,2025-09-03 20:16:36,43.3296737670898,-8.49908351898193,"Unknown"
"6227756",371834,2025-09-03 20:26:34,43.3297004699707,-8.4993314743042,"Unknown"
"6227756",371834,2025-09-03 20:37:05,43.3295059204102,-8.49893379211426,"Unknown"
"6227756",371834,2025-09-03 20:46:34,43.3294525146484,-8.49894046783447,"Unknown"
"6227756",371834,2025-09-03 20:56:34,43.3294792175293,-8.49893665313721,"Unknown"
"6227756",371834,2025-09-03 21:06:34,43.3294944763184,-8.49892807006836,"Unknown"
"6227756",371834,2025-09-03 21:16:34,43.3294792175293,-8.49898052215576,"Unknown"
"6227756",371834,2025-09-03 21:26:34,43.3294868469238,-8.49895000457764,"Unknown"
"6227756",371834,2025-09-03 21:36:36,43.3294868469238,-8.49897289276123,"Unknown"
"6227756",371834,2025-09-03 21:46:34,43.3294486999512,-8.4989652633667,"Unknown"
"6227756",371834,2025-09-03 21:56:34,43.3295211791992,-8.49898815155029,"Unknown"
"6227756",371834,2025-09-03 22:07:05,43.3294982910156,-8.49899482727051,"Unknown"
"6227756",371834,2025-09-03 22:16:34,43.3295364379883,-8.49901866912842,"Unknown"
"6227756",371834,2025-09-03 22:26:34,43.3295135498047,-8.49903392791748,"Unknown"
"6227756",371834,2025-09-03 22:36:36,43.3294944763184,-8.49896430969238,"Unknown"
"6227756",371834,2025-09-03 22:46:39,43.3295249938965,-8.49901580810547,"Unknown"
"6227756",371834,2025-09-03 22:56:38,43.329475402832,-8.49900531768799,"Unknown"
"6227756",371834,2025-09-03 23:06:44,43.3294868469238,-8.49903106689453,"Unknown"
"6227756",371834,2025-09-03 23:16:34,43.3295135498047,-8.49905967712402,"Unknown"
"6227756",371834,2025-09-03 23:26:36,43.329475402832,-8.49901962280273,"Unknown"
"6227756",371834,2025-09-03 23:36:34,43.3295135498047,-8.49915981292725,"Unknown"
"6227756",371834,2025-09-03 23:46:44,43.3294563293457,-8.49886417388916,"Unknown"
"6227756",371834,2025-09-03 23:56:40,43.329460144043,-8.49889278411865,"Unknown"
"6227756",371834,2025-09-04 00:07:05,43.3294677734375,-8.49898529052734,"Unknown"
"6227756",371834,2025-09-04 00:16:34,43.3294715881348,-8.4989595413208,"Unknown"
"6227756",371834,2025-09-04 00:26:34,43.3294105529785,-8.49900531768799,"Unknown"
"6227756",371834,2025-09-04 00:36:34,43.3294296264648,-8.49895477294922,"Unknown"
"6227756",371834,2025-09-04 00:46:34,43.3294448852539,-8.49893760681152,"Unknown"
"6227756",371834,2025-09-04 00:56:36,43.3294639587402,-8.49896907806396,"Unknown"
"6227756",371834,2025-09-04 01:06:36,43.3295097351074,-8.49893569946289,"Unknown"
"6227756",371834,2025-09-04 01:16:40,43.3295593261719,-8.49896812438965,"Unknown"
"6227756",371834,2025-09-04 01:26:36,43.3294792175293,-8.49898910522461,"Unknown"
"6227756",371834,2025-09-04 01:36:36,43.3295021057129,-8.49901485443115,"Unknown"
"6227756",371834,2025-09-04 01:46:44,43.3295364379883,-8.49905300140381,"Unknown"
"6227756",371834,2025-09-04 01:56:39,43.329517364502,-8.49902153015137,"Unknown"
"6227756",371834,2025-09-04 02:06:39,43.3295593261719,-8.49896907806396,"Unknown"
"6227756",371834,2025-09-04 02:16:39,43.329517364502,-8.49886989593506,"Unknown"
"6227756",371834,2025-09-04 02:26:39,43.3294525146484,-8.49898910522461,"Unknown"
"6227756",371834,2025-09-04 02:36:45,43.3294906616211,-8.49905681610107,"Unknown"
"6227756",371834,2025-09-04 02:46:39,43.3295135498047,-8.49902725219727,"Unknown"
"6227756",371834,2025-09-04 02:56:39,43.3294525146484,-8.49899387359619,"Unknown"
"6227756",371834,2025-09-04 03:06:39,43.3294639587402,-8.49901294708252,"Unknown"
"6227756",371834,2025-09-04 03:16:39,43.3294906616211,-8.49911022186279,"Unknown"
"6227756",371834,2025-09-04 03:26:39,43.3296737670898,-8.49920654296875,"Unknown"
"6227756",371834,2025-09-04 03:36:45,43.3292465209961,-8.49894237518311,"Unknown"
"6227756",371834,2025-09-04 03:47:05,43.3294372558594,-8.49903202056885,"Unknown"
"6227756",371834,2025-09-04 03:56:34,43.3294868469238,-8.49903392791748,"Unknown"
"6227756",371834,2025-09-04 04:06:34,43.329402923584,-8.49900054931641,"Unknown"
"6227756",371834,2025-09-04 04:16:39,43.329460144043,-8.49902534484863,"Unknown"
"6227756",371834,2025-09-04 04:26:38,43.3295211791992,-8.49905395507812,"Unknown"
"6227756",371834,2025-09-04 04:36:39,43.3294258117676,-8.49906826019287,"Unknown"
"6227756",371834,2025-09-04 04:46:44,43.3294563293457,-8.49908256530762,"Unknown"
"6227756",371834,2025-09-04 04:56:39,43.3294563293457,-8.49912357330322,"Unknown"
"6227756",371834,2025-09-04 05:06:39,43.329517364502,-8.49898052215576,"Unknown"
"6227756",371834,2025-09-04 05:16:39,43.3294334411621,-8.49919605255127,"Unknown"
"6227756",371834,2025-09-04 05:26:40,43.3294639587402,-8.49913311004639,"Unknown"
"6227756",371834,2025-09-04 05:37:05,43.3295097351074,-8.49902248382568,"Unknown"
"6227756",371834,2025-09-04 05:46:34,43.3295059204102,-8.49901103973389,"Unknown"
"6227756",371834,2025-09-04 05:56:36,43.3294639587402,-8.49902248382568,"Unknown"
"6227756",371834,2025-09-04 06:06:34,43.3294334411621,-8.4989709854126,"Unknown"
"6227756",371834,2025-09-04 06:16:36,43.3293991088867,-8.49898529052734,"Unknown"
"6227756",371834,2025-09-04 06:26:34,43.3295555114746,-8.49902057647705,"Unknown"
"6227756",371834,2025-09-04 06:36:36,43.3295478820801,-8.49898719787598,"Unknown"
"6227756",371834,2025-09-04 06:46:37,43.3294715881348,-8.49900436401367,"Unknown"
"6227756",371834,2025-09-04 06:56:39,43.3294448852539,-8.49901676177979,"Unknown"
"6227756",371834,2025-09-04 07:06:44,43.3294944763184,-8.4990177154541,"Unknown"
"6227756",371834,2025-09-04 07:16:37,43.3295745849609,-8.4990758895874,"Unknown"
"6227756",371834,2025-09-04 07:26:36,43.3295631408691,-8.49903583526611,"Unknown"
"6227756",371834,2025-09-04 07:38:05,43.3295288085938,-8.49895000457764,"Unknown"
"6227756",371834,2025-09-04 07:46:34,43.3294944763184,-8.49898242950439,"Unknown"
"6227756",371834,2025-09-04 07:56:36,43.3294219970703,-8.49897766113281,"Unknown"
"6227756",371834,2025-09-04 08:06:37,43.3294067382812,-8.49903011322021,"Unknown"
"6227756",371834,2025-09-04 08:16:36,43.3293876647949,-8.49899482727051,"Unknown"
"6227756",371834,2025-09-04 08:26:34,43.3294639587402,-8.49903297424316,"Unknown"
"6227756",371834,2025-09-04 08:36:44,43.3294296264648,-8.49900913238525,"Unknown"
"6227756",371834,2025-09-04 08:46:34,43.3294715881348,-8.49901390075684,"Unknown"
"6227756",371834,2025-09-04 08:56:34,43.3294715881348,-8.49901676177979,"Unknown"
"6227756",371834,2025-09-04 09:06:34,43.3295097351074,-8.49904727935791,"Unknown"
"6227756",371834,2025-09-04 09:16:34,43.3294143676758,-8.49897289276123,"Unknown"
"6227756",371834,2025-09-04 09:26:36,43.329475402832,-8.49901390075684,"Unknown"
"6227756",371834,2025-09-04 09:36:44,43.3294334411621,-8.4989709854126,"Unknown"
"6227756",371834,2025-09-04 09:46:36,43.329216003418,-8.49872016906738,"Unknown"
"6227756",371834,2025-09-04 09:56:37,43.3304595947266,-8.50011539459229,"Unknown"
"6227756",371834,2025-09-04 10:06:39,43.3297271728516,-8.49930191040039,"Unknown"
"6227756",371834,2025-09-04 10:16:39,43.329662322998,-8.49919319152832,"Unknown"
"6227756",371834,2025-09-04 10:26:39,43.3295974731445,-8.49917888641357,"Unknown"
"6227756",371834,2025-09-04 10:37:05,43.3294868469238,-8.49902248382568,"Unknown"
"6227756",371834,2025-09-04 10:46:36,43.3295097351074,-8.49897003173828,"Unknown"
"6227756",371834,2025-09-04 10:56:34,43.3295135498047,-8.49904441833496,"Unknown"
"6227756",371834,2025-09-04 11:06:36,43.329517364502,-8.4990234375,"Unknown"
"6227756",371834,2025-09-04 11:16:37,43.3294677734375,-8.49901676177979,"Unknown"
"6227756",371834,2025-09-04 11:27:05,43.3295021057129,-8.49903869628906,"Unknown"
"6227756",371834,2025-09-04 11:36:35,43.3294982910156,-8.49896144866943,"Unknown"
"6227756",371834,2025-09-04 11:46:35,43.3294792175293,-8.49898719787598,"Unknown"
"6227756",371834,2025-09-04 11:56:35,43.3294868469238,-8.49899196624756,"Unknown"
"6227756",371834,2025-09-04 12:06:35,43.3295478820801,-8.49898433685303,"Unknown"
"6227756",371834,2025-09-04 12:16:35,43.3295211791992,-8.49898719787598,"Unknown"
"6227756",371834,2025-09-04 12:26:36,43.3294258117676,-8.49900531768799,"Unknown"
"6227756",371834,2025-09-04 12:36:36,43.3293685913086,-8.49891185760498,"Unknown"
"6227756",371834,2025-09-04 12:46:36,43.3295211791992,-8.49904251098633,"Unknown"
"6227756",371834,2025-09-04 12:56:39,43.3295402526855,-8.49904727935791,"Unknown"
"6227756",371834,2025-09-04 13:06:50,43.3293800354004,-8.498854637146,"Unknown"
"6227756",371834,2025-09-04 13:17:05,43.3294944763184,-8.49900436401367,"Unknown"
"6227756",371834,2025-09-04 13:26:35,43.3295516967773,-8.499098777771,"Unknown"
"6227756",371834,2025-09-04 13:36:35,43.3295974731445,-8.49910545349121,"Unknown"
"6227756",371834,2025-09-04 13:46:35,43.3295211791992,-8.4990701675415,"Unknown"
"6227756",371834,2025-09-04 13:56:36,43.3296051025391,-8.49916458129883,"Unknown"
"6227756",371834,2025-09-04 14:06:36,43.3295822143555,-8.49919891357422,"Unknown"
"6227756",371834,2025-09-04 14:16:36,43.3295402526855,-8.49926090240479,"Unknown"
"6227756",371834,2025-09-04 14:26:36,43.3295097351074,-8.49930381774902,"Unknown"
"6227756",371834,2025-09-04 14:36:36,43.329475402832,-8.49932098388672,"Unknown"
"6227756",371834,2025-09-04 14:46:36,43.3294334411621,-8.49934768676758,"Unknown"
"6227756",371834,2025-09-04 14:56:36,43.3295249938965,-8.49927806854248,"Unknown"
"6227756",371834,2025-09-04 15:06:36,43.3296012878418,-8.49939918518066,"Unknown"
"6227756",371834,2025-09-04 15:16:37,43.3295211791992,-8.49935722351074,"Unknown"
"6227756",371834,2025-09-04 15:26:36,43.3295364379883,-8.49926090240479,"Unknown"
"6227756",371834,2025-09-04 15:36:37,43.3295364379883,-8.49929809570312,"Unknown"
"6227756",371834,2025-09-04 15:46:55,43.329517364502,-8.49911212921143,"Unknown"
"6227756",371834,2025-09-04 15:57:05,43.3294944763184,-8.49899291992188,"Unknown"
"6227756",371834,2025-09-04 16:06:35,43.3295516967773,-8.49906063079834,"Unknown"
"6227756",371834,2025-09-04 16:16:35,43.3294982910156,-8.49899291992188,"Unknown"
"6227756",371834,2025-09-04 16:26:35,43.3295974731445,-8.49916172027588,"Unknown"
"6227756",371834,2025-09-04 16:36:43,43.3294868469238,-8.49894905090332,"Unknown"
"6227756",371834,2025-09-04 16:46:36,43.3294715881348,-8.49896907806396,"Unknown"
"6227756",371834,2025-09-04 16:56:36,43.3295783996582,-8.49890518188477,"Unknown"
"6227756",371834,2025-09-04 17:06:36,43.3295783996582,-8.49896907806396,"Unknown"
"6227756",371834,2025-09-04 17:16:36,43.3293685913086,-8.4990234375,"Unknown"
"6227756",371834,2025-09-04 17:26:36,43.3293952941895,-8.49899291992188,"Unknown"
"6227756",371834,2025-09-04 17:36:36,43.329418182373,-8.49898433685303,"Unknown"
"6227756",371834,2025-09-04 17:46:36,43.3295249938965,-8.49904441833496,"Unknown"
"6227756",371834,2025-09-04 17:56:36,43.3292503356934,-8.49879360198975,"Unknown"
"6227756",371834,2025-09-04 18:06:37,43.3294944763184,-8.49899578094482,"Unknown"
"6227756",371834,2025-09-04 18:16:36,43.3294334411621,-8.49897193908691,"Unknown"
"6227756",371834,2025-09-04 18:26:38,43.3294677734375,-8.49904441833496,"Unknown"
"6227756",371834,2025-09-04 18:36:39,43.3294715881348,-8.49903774261475,"Unknown"
"6227756",371834,2025-09-04 18:47:05,43.3294525146484,-8.49890422821045,"Unknown"
"6227756",371834,2025-09-04 18:56:35,43.329517364502,-8.49893093109131,"Unknown"
"6227756",371834,2025-09-04 19:06:35,43.3295097351074,-8.49898242950439,"Unknown"
"6227756",371834,2025-09-04 19:16:35,43.3295402526855,-8.498948097229,"Unknown"
"6227756",371834,2025-09-04 19:26:35,43.3295440673828,-8.49896144866943,"Unknown"
"6227756",371834,2025-09-04 19:36:36,43.3296356201172,-8.49903011322021,"Unknown"
"6227756",371834,2025-09-04 19:46:38,43.3297538757324,-8.49909973144531,"Unknown"
"6227756",371834,2025-09-04 19:56:48,43.3294944763184,-8.4990234375,"Unknown"
"6227756",371834,2025-09-04 20:06:37,43.3296051025391,-8.49901485443115,"Unknown"
"6227756",371834,2025-09-04 20:16:48,43.3294715881348,-8.49906063079834,"Unknown"
"6227756",371834,2025-09-04 20:26:48,43.3295249938965,-8.49905681610107,"Unknown"
"6227756",371834,2025-09-04 20:36:39,43.3294486999512,-8.49893188476562,"Unknown"
"6227756",371834,2025-09-04 20:46:48,43.3296012878418,-8.4990234375,"Unknown"
"6227756",371834,2025-09-04 20:56:49,43.3296241760254,-8.49903774261475,"Unknown"
"6227756",371834,2025-09-04 21:06:48,43.3296127319336,-8.49895095825195,"Unknown"
"6227756",371834,2025-09-04 21:16:48,43.3294677734375,-8.49891090393066,"Unknown"
"6227756",371834,2025-09-04 21:26:48,43.3296508789062,-8.49911022186279,"Unknown"
"6227756",371834,2025-09-04 21:37:05,43.3294677734375,-8.49897766113281,"Unknown"
"6227756",371834,2025-09-04 21:46:48,43.3294830322266,-8.49899482727051,"Unknown"
"6227756",371834,2025-09-04 21:56:48,43.3294792175293,-8.49897003173828,"Unknown"
"6227756",371834,2025-09-04 22:06:48,43.3295402526855,-8.4990348815918,"Unknown"
"6227756",371834,2025-09-04 22:16:48,43.3295249938965,-8.49902629852295,"Unknown"
"6227756",371834,2025-09-04 22:26:41,43.3295249938965,-8.49902725219727,"Unknown"
"6227756",371834,2025-09-04 22:36:43,43.3295478820801,-8.49904632568359,"Unknown"
"6227756",371834,2025-09-04 22:46:53,43.3294906616211,-8.49901485443115,"Unknown"
"6227756",371834,2025-09-04 22:57:07,43.3294944763184,-8.49902534484863,"Unknown"
"6227756",371834,2025-09-04 23:06:43,43.3295021057129,-8.49906158447266,"Unknown"
"6227756",371834,2025-09-04 23:17:00,43.3294906616211,-8.4990119934082,"Unknown"
"6227756",371834,2025-09-04 23:26:37,43.3295211791992,-8.4991455078125,"Unknown"
"6227756",371834,2025-09-04 23:36:40,43.3295631408691,-8.49916744232178,"Unknown"
"6227756",371834,2025-09-04 23:46:39,43.3294906616211,-8.49899291992188,"Unknown"
"6227756",371834,2025-09-04 23:56:39,43.3294906616211,-8.49905300140381,"Unknown"
"6227756",371834,2025-09-05 00:06:40,43.3294982910156,-8.49904823303223,"Unknown"
"6227756",371834,2025-09-05 00:16:48,43.3294296264648,-8.4989767074585,"Unknown"
"6227756",371834,2025-09-05 00:26:48,43.3294944763184,-8.49905967712402,"Unknown"
"6227756",371834,2025-09-05 00:36:45,43.3295402526855,-8.49917030334473,"Unknown"
"6227756",371834,2025-09-05 00:46:55,43.3295097351074,-8.49896335601807,"Unknown"
"6227756",371834,2025-09-05 00:56:55,43.3295059204102,-8.49887943267822,"Unknown"
"6227756",371834,2025-09-05 01:07:05,43.3294410705566,-8.49909210205078,"Unknown"
"6227756",371834,2025-09-05 01:17:05,43.3295135498047,-8.49895858764648,"Unknown"
"6227756",371834,2025-09-05 01:26:35,43.3295707702637,-8.49897193908691,"Unknown"
"6227756",371834,2025-09-05 01:37:05,43.3295745849609,-8.49896144866943,"Unknown"
"6227756",371834,2025-09-05 01:46:35,43.3296089172363,-8.498779296875,"Unknown"
"6227756",371834,2025-09-05 01:56:35,43.3296432495117,-8.49861717224121,"Unknown"
"6227756",371834,2025-09-05 02:06:36,43.3296241760254,-8.49854850769043,"Unknown"
"6227756",371834,2025-09-05 02:16:36,43.3296012878418,-8.49853610992432,"Unknown"
"6227756",371834,2025-09-05 02:26:36,43.3295555114746,-8.4984016418457,"Unknown"
"6227756",371834,2025-09-05 02:36:36,43.3296318054199,-8.49880599975586,"Unknown"
"6227756",371834,2025-09-05 02:46:36,43.3295745849609,-8.49893760681152,"Unknown"
"6227756",371834,2025-09-05 02:56:36,43.3296051025391,-8.49889373779297,"Unknown"
"6227756",371834,2025-09-05 03:06:37,43.3298988342285,-8.49878311157227,"Unknown"
"6227756",371834,2025-09-05 03:16:38,43.3297348022461,-8.49896144866943,"Unknown"
"6227756",371834,2025-09-05 03:26:39,43.3296356201172,-8.49891948699951,"Unknown"
"6227756",371834,2025-09-05 03:36:48,43.3295364379883,-8.49904441833496,"Unknown"
"6227756",371834,2025-09-05 03:46:48,43.3294868469238,-8.4990234375,"Unknown"
"6227756",371834,2025-09-05 03:56:41,43.3266563415527,-8.49802684783936,"Unknown"
"6227756",371834,2025-09-05 04:06:39,43.3278198242188,-8.49790191650391,"Unknown"
"6227756",371834,2025-09-05 04:16:40,43.3296165466309,-8.4991512298584,"Unknown"
"6227756",371834,2025-09-05 04:26:38,43.3296356201172,-8.49913024902344,"Unknown"
"6227756",371834,2025-09-05 04:36:51,43.3295478820801,-8.49912738800049,"Unknown"
"6227756",371834,2025-09-05 04:46:40,43.3296966552734,-8.49900245666504,"Unknown"
"6227756",371834,2025-09-05 04:56:37,43.3301277160645,-8.4979076385498,"Unknown"
"6227756",371834,2025-09-05 05:06:37,43.3294334411621,-8.49862766265869,"Unknown"
"6227756",371834,2025-09-05 05:16:36,43.3299140930176,-8.49830722808838,"Unknown"
"6227756",371834,2025-09-05 05:26:37,43.3291206359863,-8.49884033203125,"Unknown"
"6227756",371834,2025-09-05 05:36:37,43.329174041748,-8.49878883361816,"Unknown"
"6227756",371834,2025-09-05 05:46:36,43.3292427062988,-8.49882984161377,"Unknown"
"6227756",371834,2025-09-05 05:56:36,43.3293075561523,-8.49884700775146,"Unknown"
"6227756",371834,2025-09-05 06:06:39,43.3295211791992,-8.49874210357666,"Unknown"
"6227756",371834,2025-09-05 06:16:37,43.3296661376953,-8.49867916107178,"Unknown"
"6227756",371834,2025-09-05 06:26:39,43.3297309875488,-8.49869060516357,"Unknown"
"6227756",371834,2025-09-05 06:36:39,43.3296775817871,-8.498779296875,"Unknown"
"6227756",371834,2025-09-05 06:46:37,43.3296966552734,-8.4988489151001,"Unknown"
"6227756",371834,2025-09-05 06:56:37,43.3296813964844,-8.49893093109131,"Unknown"
"6227756",371834,2025-09-05 07:06:37,43.3295097351074,-8.49879741668701,"Unknown"
"6227756",371834,2025-09-05 07:16:37,43.3293800354004,-8.49873352050781,"Unknown"
"6227756",371834,2025-09-05 07:26:39,43.329174041748,-8.49850559234619,"Unknown"
"6227756",371834,2025-09-05 07:36:38,43.3288612365723,-8.49840831756592,"Unknown"
"6227756",371834,2025-09-05 07:46:38,43.3294296264648,-8.49871444702148,"Unknown"
"6227756",371834,2025-09-05 07:56:37,43.3293304443359,-8.49886989593506,"Unknown"
"6227756",371834,2025-09-05 08:06:37,43.3293647766113,-8.49882888793945,"Unknown"
"6227756",371834,2025-09-05 08:16:37,43.3292121887207,-8.49918556213379,"Unknown"
"6227756",371834,2025-09-05 08:26:37,43.3294372558594,-8.49877452850342,"Unknown"
"6227756",371834,2025-09-05 08:36:37,43.3295249938965,-8.49882793426514,"Unknown"
"6227756",371834,2025-09-05 08:46:37,43.3295593261719,-8.49885749816895,"Unknown"
"6227756",371834,2025-09-05 08:56:37,43.3294982910156,-8.49889755249023,"Unknown"
"6227756",371834,2025-09-05 09:06:36,43.3295249938965,-8.49891757965088,"Unknown"
"6227756",371834,2025-09-05 09:16:37,43.3295211791992,-8.49897193908691,"Unknown"
"6227756",371834,2025-09-05 09:26:36,43.3295135498047,-8.49899482727051,"Unknown"
"6227756",371834,2025-09-05 09:36:37,43.3294868469238,-8.4990291595459,"Unknown"
"6227756",371834,2025-09-05 09:46:36,43.3294639587402,-8.49905395507812,"Unknown"
"6227756",371834,2025-09-05 09:56:36,43.329460144043,-8.49902153015137,"Unknown"
"6227756",371834,2025-09-05 10:06:36,43.3293838500977,-8.49894237518311,"Unknown"
"6227756",371834,2025-09-05 10:16:36,43.3293342590332,-8.49890327453613,"Unknown"
"6227756",371834,2025-09-05 10:26:36,43.3291320800781,-8.49878406524658,"Unknown"
"6227756",371834,2025-09-05 10:36:37,43.3292083740234,-8.4987850189209,"Unknown"
"6227756",371834,2025-09-05 10:46:36,43.3290672302246,-8.49872779846191,"Unknown"
"6227756",371834,2025-09-05 10:56:37,43.3293800354004,-8.4990758895874,"Unknown"
"6227756",371834,2025-09-05 11:06:36,43.3293685913086,-8.49907684326172,"Unknown"
"6227756",371834,2025-09-05 11:16:36,43.3294334411621,-8.49911689758301,"Unknown"
"6227756",371834,2025-09-05 11:26:37,43.3294219970703,-8.49910354614258,"Unknown"
"6227756",371834,2025-09-05 11:36:37,43.3295097351074,-8.49890518188477,"Unknown"
"6227756",371834,2025-09-05 11:46:37,43.3295631408691,-8.498854637146,"Unknown"
"6227756",371834,2025-09-05 11:56:37,43.3295745849609,-8.49890995025635,"Unknown"
"6227756",371834,2025-09-05 12:06:37,43.3295822143555,-8.4988431930542,"Unknown"
"6227756",371834,2025-09-05 12:16:37,43.329517364502,-8.49876880645752,"Unknown"
"6227756",371834,2025-09-05 12:26:37,43.32958984375,-8.49881744384766,"Unknown"
"6227756",371834,2025-09-05 12:36:37,43.3296089172363,-8.49881553649902,"Unknown"
"6227756",371834,2025-09-05 12:46:37,43.329647064209,-8.49885368347168,"Unknown"
"6227756",371834,2025-09-05 12:56:37,43.3296318054199,-8.49882507324219,"Unknown"
"6227756",371834,2025-09-05 13:06:37,43.3297729492188,-8.49898624420166,"Unknown"
"6227756",371834,2025-09-05 13:16:37,43.3297348022461,-8.49895858764648,"Unknown"
"6227756",371834,2025-09-05 13:26:37,43.3297576904297,-8.49900913238525,"Unknown"
"6227756",371834,2025-09-05 13:36:37,43.3297500610352,-8.49904823303223,"Unknown"
"6227756",371834,2025-09-05 13:46:38,43.329963684082,-8.49941921234131,"Unknown"
"6227756",371834,2025-09-05 13:56:37,43.3298873901367,-8.49935054779053,"Unknown"
"6227756",371834,2025-09-05 14:06:38,43.3298492431641,-8.49932479858398,"Unknown"
"6227756",371834,2025-09-05 14:16:36,43.3298301696777,-8.49922657012939,"Unknown"
"6227756",371834,2025-09-05 14:26:37,43.3297653198242,-8.49927043914795,"Unknown"
"6227756",371834,2025-09-05 14:36:37,43.3294677734375,-8.5000524520874,"Unknown"
"6227756",371834,2025-09-05 14:46:37,43.3296546936035,-8.499342918396,"Unknown"
"6227756",371834,2025-09-05 14:56:37,43.3297271728516,-8.49904632568359,"Unknown"
"6227756",371834,2025-09-05 15:06:37,43.329719543457,-8.49897575378418,"Unknown"
"6227756",371834,2025-09-05 15:16:37,43.3295288085938,-8.4991397857666,"Unknown"
"6227756",371834,2025-09-05 15:26:38,43.3296356201172,-8.49897575378418,"Unknown"
"6227756",371834,2025-09-05 15:36:37,43.329475402832,-8.49890327453613,"Unknown"
"6227756",371834,2025-09-05 15:46:37,43.329475402832,-8.49883556365967,"Unknown"
"6227756",371834,2025-09-05 15:56:37,43.3293914794922,-8.49869537353516,"Unknown"
"6227756",371834,2025-09-05 16:06:37,43.3293838500977,-8.49851322174072,"Unknown"
"6227756",371834,2025-09-05 16:16:37,43.3294105529785,-8.49845123291016,"Unknown"
"6227756",371834,2025-09-05 16:26:36,43.3291168212891,-8.49780464172363,"Unknown"
"6227756",371834,2025-09-05 16:36:38,43.3297157287598,-8.49871253967285,"Unknown"
"6227756",371834,2025-09-05 16:46:37,43.3298225402832,-8.49875736236572,"Unknown"
"6227756",371834,2025-09-05 16:56:37,43.3300857543945,-8.4984769821167,"Unknown"
"6227756",371834,2025-09-05 17:06:37,43.3303985595703,-8.4984769821167,"Unknown"
"6227756",371834,2025-09-05 17:16:36,43.330150604248,-8.4985876083374,"Unknown"
"6227756",371834,2025-09-05 17:26:36,43.3300704956055,-8.49844837188721,"Unknown"
"6227756",371834,2025-09-05 17:36:36,43.3299789428711,-8.49847030639648,"Unknown"
"6227756",371834,2025-09-05 17:46:36,43.3298950195312,-8.49848937988281,"Unknown"
"6227756",371834,2025-09-05 17:56:37,43.3297958374023,-8.49857711791992,"Unknown"
"6227756",371834,2025-09-05 18:06:37,43.3295860290527,-8.49852085113525,"Unknown"
"6227756",371834,2025-09-05 18:16:36,43.3295097351074,-8.49851036071777,"Unknown"
"6227756",371834,2025-09-05 18:26:36,43.3295211791992,-8.49855327606201,"Unknown"
"6227756",371834,2025-09-05 18:36:36,43.3296737670898,-8.4987096786499,"Unknown"
"6227756",371834,2025-09-05 18:46:36,43.3295822143555,-8.49864768981934,"Unknown"
"6227756",371834,2025-09-05 18:56:36,43.3296089172363,-8.49868106842041,"Unknown"
"6227756",371834,2025-09-05 19:06:36,43.3296012878418,-8.49874401092529,"Unknown"
"6227756",371834,2025-09-05 19:16:42,43.329647064209,-8.49889087677002,"Unknown"
"6227756",371834,2025-09-05 19:26:48,43.3295783996582,-8.49878406524658,"Unknown"
"6227756",371834,2025-09-05 19:36:37,43.3301239013672,-8.49949836730957,"Unknown"
"6227756",371834,2025-09-05 19:46:43,43.3292503356934,-8.49889755249023,"Unknown"
"6227756",371834,2025-09-05 19:56:40,43.3303489685059,-8.49955558776855,"Unknown"
"6227756",371834,2025-09-05 20:06:48,43.3297805786133,-8.49851417541504,"Unknown"
"6227756",371834,2025-09-05 20:16:40,43.3293380737305,-8.4986629486084,"Unknown"
"6227756",371834,2025-09-05 20:26:37,43.3294143676758,-8.4986457824707,"Unknown"
"6227756",371834,2025-09-05 20:36:37,43.3293838500977,-8.49864768981934,"Unknown"
"6227756",371834,2025-09-05 20:46:37,43.329345703125,-8.4986515045166,"Unknown"
"6227756",371834,2025-09-05 20:56:36,43.3293914794922,-8.49854373931885,"Unknown"
"6227756",371834,2025-09-05 21:06:37,43.3294334411621,-8.49880790710449,"Unknown"
"6227756",371834,2025-09-05 21:16:36,43.3294982910156,-8.498948097229,"Unknown"
"6227756",371834,2025-09-05 21:26:36,43.3293380737305,-8.49888324737549,"Unknown"
"6227756",371834,2025-09-05 21:36:36,43.3293724060059,-8.49880599975586,"Unknown"
"6227756",371834,2025-09-05 21:46:36,43.3293304443359,-8.49874114990234,"Unknown"
"6227756",371834,2025-09-05 21:56:36,43.3293838500977,-8.49868965148926,"Unknown"
"6227756",371834,2025-09-05 22:06:36,43.3294677734375,-8.49871158599854,"Unknown"
"6227756",371834,2025-09-05 22:16:37,43.3295822143555,-8.49874210357666,"Unknown"
"6227756",371834,2025-09-05 22:26:37,43.3297920227051,-8.49904155731201,"Unknown"
"6227756",371834,2025-09-05 22:36:38,43.3311500549316,-8.50033473968506,"Unknown"
"6227756",371834,2025-09-05 22:46:38,43.3305168151855,-8.49984645843506,"Unknown"
"6227756",371834,2025-09-05 22:56:48,43.3297805786133,-8.49915885925293,"Unknown"
"6227756",371834,2025-09-05 23:06:37,43.3296318054199,-8.4993143081665,"Unknown"
"6227756",371834,2025-09-05 23:16:37,43.3295555114746,-8.49945735931396,"Unknown"
"6227756",371834,2025-09-05 23:26:37,43.3295249938965,-8.49948310852051,"Unknown"
"6227756",371834,2025-09-05 23:36:37,43.329475402832,-8.49947834014893,"Unknown"
"6227756",371834,2025-09-05 23:46:38,43.3294677734375,-8.49943828582764,"Unknown"
"6227756",371834,2025-09-05 23:56:39,43.3294448852539,-8.49924850463867,"Unknown"
"6227756",371834,2025-09-06 00:06:37,43.3293991088867,-8.49916934967041,"Unknown"
"6227756",371834,2025-09-06 00:16:37,43.3293762207031,-8.49905490875244,"Unknown"
"6227756",371834,2025-09-06 00:26:37,43.3293418884277,-8.49892520904541,"Unknown"
"6227756",371834,2025-09-06 00:36:37,43.329216003418,-8.49872589111328,"Unknown"
"6227756",371834,2025-09-06 00:46:38,43.3294868469238,-8.4988489151001,"Unknown"
"6227756",371834,2025-09-06 00:56:37,43.3296852111816,-8.4990348815918,"Unknown"
"6227756",371834,2025-09-06 01:06:37,43.3297500610352,-8.49905300140381,"Unknown"
"6227756",371834,2025-09-06 01:16:37,43.3298416137695,-8.49903583526611,"Unknown"
"6227756",371834,2025-09-06 01:26:37,43.3298149108887,-8.49903774261475,"Unknown"
"6227756",371834,2025-09-06 01:36:37,43.3299674987793,-8.49896621704102,"Unknown"
"6227756",371834,2025-09-06 01:46:48,43.3300094604492,-8.49882125854492,"Unknown"
"6227756",371834,2025-09-06 01:56:37,43.3302040100098,-8.49850082397461,"Unknown"
"6227756",371834,2025-09-06 02:06:37,43.3300361633301,-8.49825000762939,"Unknown"
"6227756",371834,2025-09-06 02:16:37,43.3300361633301,-8.49816989898682,"Unknown"
"6227756",371834,2025-09-06 02:26:38,43.3299980163574,-8.49798393249512,"Unknown"
"6227756",371834,2025-09-06 02:36:37,43.3299789428711,-8.49792766571045,"Unknown"
"6227756",371834,2025-09-06 02:46:37,43.3299713134766,-8.49791526794434,"Unknown"
"6227756",371834,2025-09-06 02:56:40,43.3304138183594,-8.49823570251465,"Unknown"
"6227756",371834,2025-09-06 03:06:42,43.3305625915527,-8.49837970733643,"Unknown"
"6227756",371834,2025-09-06 03:16:51,43.3307266235352,-8.49762630462646,"Unknown"
"6227756",371834,2025-09-06 03:26:52,43.3303756713867,-8.49872207641602,"Unknown"
"6227756",371834,2025-09-06 03:37:05,43.3296890258789,-8.4990348815918,"Unknown"
"6227756",371834,2025-09-06 03:46:35,43.3294105529785,-8.49905014038086,"Unknown"
"6227756",371834,2025-09-06 03:56:36,43.3294448852539,-8.49903392791748,"Unknown"
"6227756",371834,2025-09-06 04:06:36,43.3295364379883,-8.49916934967041,"Unknown"
"6227756",371834,2025-09-06 04:16:37,43.3295364379883,-8.49913120269775,"Unknown"
"6227756",371834,2025-09-06 04:26:37,43.3295021057129,-8.49911308288574,"Unknown"
"6227756",371834,2025-09-06 04:36:36,43.3295059204102,-8.49919509887695,"Unknown"
"6227756",371834,2025-09-06 04:46:36,43.3294372558594,-8.49917125701904,"Unknown"
"6227756",371834,2025-09-06 04:56:36,43.3294486999512,-8.49905586242676,"Unknown"
"6227756",371834,2025-09-06 05:06:36,43.3294258117676,-8.49929714202881,"Unknown"
"6227756",371834,2025-09-06 05:16:36,43.3294830322266,-8.49911975860596,"Unknown"
"6227756",371834,2025-09-06 05:26:36,43.329460144043,-8.49916458129883,"Unknown"
"6227756",371834,2025-09-06 05:36:36,43.3294792175293,-8.49914264678955,"Unknown"
"6227756",371834,2025-09-06 05:46:37,43.3294982910156,-8.4990758895874,"Unknown"
"6227756",371834,2025-09-06 05:56:36,43.3295555114746,-8.4986572265625,"Unknown"
"6227756",371834,2025-09-06 06:06:55,43.3295593261719,-8.49851322174072,"Unknown"
"6227756",371834,2025-09-06 06:17:05,43.3295402526855,-8.49902248382568,"Unknown"
"6227756",371834,2025-09-06 06:26:35,43.329532623291,-8.49903106689453,"Unknown"
"6227756",371834,2025-09-06 06:36:35,43.329532623291,-8.4990348815918,"Unknown"
"6227756",371834,2025-09-06 06:46:35,43.3295059204102,-8.49906730651855,"Unknown"
"6227756",371834,2025-09-06 06:56:35,43.3295745849609,-8.49911308288574,"Unknown"
"6227756",371834,2025-09-06 07:06:35,43.3295440673828,-8.49901103973389,"Unknown"
"6227756",371834,2025-09-06 07:16:35,43.3293952941895,-8.49886322021484,"Unknown"
"6227756",371834,2025-09-06 07:26:36,43.3296966552734,-8.49910736083984,"Unknown"
"6227756",371834,2025-09-06 07:36:36,43.3295936584473,-8.49892520904541,"Unknown"
"6227756",371834,2025-09-06 07:46:39,43.3293952941895,-8.49898338317871,"Unknown"
"6227756",371834,2025-09-06 07:56:39,43.3294410705566,-8.49899959564209,"Unknown"
"6227756",371834,2025-09-06 08:06:38,43.3290367126465,-8.49904632568359,"Unknown"
"6227756",371834,2025-09-06 08:16:36,43.3297958374023,-8.49873065948486,"Unknown"
"6227756",371834,2025-09-06 08:26:36,43.3294067382812,-8.49905490875244,"Unknown"
"6227756",371834,2025-09-06 08:36:38,43.3294906616211,-8.49909591674805,"Unknown"
"6227756",371834,2025-09-06 08:46:36,43.3294219970703,-8.49906539916992,"Unknown"
"6227756",371834,2025-09-06 08:56:37,43.3295364379883,-8.49916076660156,"Unknown"
"6227756",371834,2025-09-06 09:06:37,43.3294715881348,-8.49908447265625,"Unknown"
"6227756",371834,2025-09-06 09:16:37,43.3294334411621,-8.49899673461914,"Unknown"
"6227756",371834,2025-09-06 09:26:38,43.3294563293457,-8.49901676177979,"Unknown"
"6227756",371834,2025-09-06 09:36:38,43.329402923584,-8.49893188476562,"Unknown"
"6227756",371834,2025-09-06 09:46:40,43.3293685913086,-8.49886512756348,"Unknown"
"6227756",371834,2025-09-06 09:56:39,43.3293418884277,-8.49885368347168,"Unknown"
"6227756",371834,2025-09-06 10:07:03,43.3294563293457,-8.49899196624756,"Unknown"
"6227756",371834,2025-09-06 10:16:35,43.329475402832,-8.49901580810547,"Unknown"
"6227756",371834,2025-09-06 10:26:35,43.3294792175293,-8.49897861480713,"Unknown"
"6227756",371834,2025-09-06 10:36:35,43.3294563293457,-8.49898052215576,"Unknown"
"6227756",371834,2025-09-06 10:46:35,43.3295745849609,-8.49909019470215,"Unknown"
"6227756",371834,2025-09-06 10:56:36,43.3295097351074,-8.49903392791748,"Unknown"
"6227756",371834,2025-09-06 11:06:39,43.3295936584473,-8.49924468994141,"Unknown"
"6227756",371834,2025-09-06 11:16:38,43.329460144043,-8.49899387359619,"Unknown"
"6227756",371834,2025-09-06 11:26:48,43.3294792175293,-8.49901008605957,"Unknown"
"6227756",371834,2025-09-06 11:36:47,43.3295288085938,-8.49905586242676,"Unknown"
"6227756",371834,2025-09-06 11:46:48,43.3295249938965,-8.49907970428467,"Unknown"
"6227756",371834,2025-09-06 11:56:46,43.329532623291,-8.49906826019287,"Unknown"
"6227756",371834,2025-09-06 12:06:51,43.3294868469238,-8.49897193908691,"Unknown"
"6227756",371834,2025-09-06 12:16:52,43.3295288085938,-8.49912452697754,"Unknown"
"6227756",371834,2025-09-06 12:27:05,43.3295135498047,-8.49902725219727,"Unknown"
"6227756",371834,2025-09-06 12:36:35,43.3294944763184,-8.49902725219727,"Unknown"
"6227756",371834,2025-09-06 12:46:35,43.3295021057129,-8.49901676177979,"Unknown"
"6227756",371834,2025-09-06 12:56:35,43.3294944763184,-8.49903011322021,"Unknown"
"6227756",371834,2025-09-06 13:06:35,43.3295402526855,-8.49905776977539,"Unknown"
"6227756",371834,2025-09-06 13:16:35,43.3295211791992,-8.49906826019287,"Unknown"
"6227756",371834,2025-09-06 13:26:35,43.3295402526855,-8.49908065795898,"Unknown"
"6227756",371834,2025-09-06 13:36:35,43.3295402526855,-8.49906921386719,"Unknown"
"6227756",371834,2025-09-06 13:46:35,43.3296699523926,-8.49929428100586,"Unknown"
"6227756",371834,2025-09-06 13:56:36,43.3295745849609,-8.49918460845947,"Unknown"
"6227756",371834,2025-09-06 14:06:36,43.3295478820801,-8.49917888641357,"Unknown"
"6227756",371834,2025-09-06 14:16:36,43.3295097351074,-8.49919986724854,"Unknown"
"6227756",371834,2025-09-06 14:26:37,43.329532623291,-8.49924659729004,"Unknown"
"6227756",371834,2025-09-06 14:36:36,43.3294677734375,-8.49936485290527,"Unknown"
"6227756",371834,2025-09-06 14:46:37,43.329517364502,-8.49932193756104,"Unknown"
"6227756",371834,2025-09-06 14:56:37,43.3295364379883,-8.49935817718506,"Unknown"
"6227756",371834,2025-09-06 15:06:37,43.329517364502,-8.49922466278076,"Unknown"
"6227756",371834,2025-09-06 15:16:37,43.32958984375,-8.49965763092041,"Unknown"
"6227756",371834,2025-09-06 15:26:37,43.3295860290527,-8.49944019317627,"Unknown"
"6227756",371834,2025-09-06 15:36:37,43.329517364502,-8.49911880493164,"Unknown"
"6227756",371834,2025-09-06 15:46:37,43.3294219970703,-8.49881935119629,"Unknown"
"6227756",371834,2025-09-06 15:56:37,43.3293304443359,-8.49850654602051,"Unknown"
"6227756",371834,2025-09-06 16:06:40,43.3294219970703,-8.49875736236572,"Unknown"
"6227756",371834,2025-09-06 16:16:38,43.329517364502,-8.49895763397217,"Unknown"
"6227756",371834,2025-09-06 16:26:43,43.3294830322266,-8.49870681762695,"Unknown"
"6227756",371834,2025-09-06 16:36:40,43.3295822143555,-8.49877262115479,"Unknown"
"6227756",371834,2025-09-06 16:46:40,43.3297805786133,-8.4982738494873,"Unknown"
"6227756",371834,2025-09-06 16:56:41,43.3298721313477,-8.49808883666992,"Unknown"
"6227756",371834,2025-09-06 17:06:42,43.3296813964844,-8.49839115142822,"Unknown"
"6227756",371834,2025-09-06 17:16:38,43.3296356201172,-8.49850654602051,"Unknown"
"6227756",371834,2025-09-06 17:26:39,43.3296775817871,-8.49841213226318,"Unknown"
"6227756",371834,2025-09-06 17:36:38,43.3295211791992,-8.49861621856689,"Unknown"
"6227756",371834,2025-09-06 17:46:40,43.3295783996582,-8.4985933303833,"Unknown"
"6227756",371834,2025-09-06 17:56:40,43.3295059204102,-8.49885177612305,"Unknown"
"6227756",371834,2025-09-06 18:06:41,43.3295936584473,-8.49877071380615,"Unknown"
"6227756",371834,2025-09-06 18:16:41,43.3293762207031,-8.49887847900391,"Unknown"
"6227756",371834,2025-09-06 18:26:42,43.3291091918945,-8.49905681610107,"Unknown"
"6227756",371834,2025-09-06 18:37:05,43.3294296264648,-8.49891757965088,"Unknown"
"6227756",371834,2025-09-06 18:46:36,43.3294563293457,-8.4989767074585,"Unknown"
"6227756",371834,2025-09-06 18:56:36,43.3294486999512,-8.49896812438965,"Unknown"
"6227756",371834,2025-09-06 19:06:36,43.3294563293457,-8.49890804290771,"Unknown"
"6227756",371834,2025-09-06 19:16:36,43.3295249938965,-8.49896430969238,"Unknown"
"6227756",371834,2025-09-06 19:26:36,43.3292388916016,-8.49866199493408,"Unknown"
"6227756",371834,2025-09-06 19:36:37,43.3295936584473,-8.49905586242676,"Unknown"
"6227756",371834,2025-09-06 19:46:38,43.3297309875488,-8.49916076660156,"Unknown"
"6227756",371834,2025-09-06 19:56:39,43.3294982910156,-8.49896240234375,"Unknown"
"6227756",371834,2025-09-06 20:06:52,43.3293113708496,-8.49909019470215,"Unknown"
"6227756",371834,2025-09-06 20:16:49,43.3295288085938,-8.49897766113281,"Unknown"
"6227756",371834,2025-09-06 20:26:44,43.3295783996582,-8.49896144866943,"Unknown"
"6227756",371834,2025-09-06 20:36:42,43.3292961120605,-8.49890327453613,"Unknown"
"6227756",371834,2025-09-06 20:46:42,43.3293380737305,-8.49891471862793,"Unknown"
"6227756",371834,2025-09-06 20:56:42,43.3295021057129,-8.49897575378418,"Unknown"
"6227756",371834,2025-09-06 21:06:47,43.3296356201172,-8.49905586242676,"Unknown"
"6227756",371834,2025-09-06 21:16:48,43.3296356201172,-8.49908256530762,"Unknown"
"6227756",371834,2025-09-06 21:27:05,43.329460144043,-8.49897003173828,"Unknown"
"6227756",371834,2025-09-06 21:36:36,43.3294525146484,-8.49899291992188,"Unknown"
"6227756",371834,2025-09-06 21:46:36,43.3294563293457,-8.49897480010986,"Unknown"
"6227756",371834,2025-09-06 21:56:36,43.3293991088867,-8.49887943267822,"Unknown"
"6227756",371834,2025-09-06 22:06:36,43.3295822143555,-8.49911785125732,"Unknown"
"6227756",371834,2025-09-06 22:16:37,43.3294105529785,-8.49893093109131,"Unknown"
"6227756",371834,2025-09-06 22:26:40,43.3294334411621,-8.49896717071533,"Unknown"
"6227756",371834,2025-09-06 22:36:38,43.3297576904297,-8.49940490722656,"Unknown"
"6227756",371834,2025-09-06 22:46:51,43.3294334411621,-8.49900436401367,"Unknown"
"6227756",371834,2025-09-06 22:56:48,43.3294639587402,-8.49902439117432,"Unknown"
"6227756",371834,2025-09-06 23:06:49,43.329517364502,-8.4990234375,"Unknown"
"6227756",371834,2025-09-06 23:16:41,43.3294792175293,-8.49903202056885,"Unknown"
"6227756",371834,2025-09-06 23:26:49,43.3294448852539,-8.49887657165527,"Unknown"
"6227756",371834,2025-09-06 23:36:49,43.3295059204102,-8.49909782409668,"Unknown"
"6227756",371834,2025-09-06 23:46:49,43.3295822143555,-8.49927711486816,"Unknown"
"6227756",371834,2025-09-06 23:56:39,43.32958984375,-8.49933624267578,"Unknown"
"6227756",371834,2025-09-07 00:06:40,43.3297462463379,-8.49978542327881,"Unknown"
"6227756",371834,2025-09-07 00:16:41,43.3297958374023,-8.49977111816406,"Unknown"
"6227756",371834,2025-09-07 00:26:44,43.3295822143555,-8.4993953704834,"Unknown"
"6227756",371834,2025-09-07 00:36:40,43.3297882080078,-8.49932861328125,"Unknown"
"6227756",371834,2025-09-07 00:46:39,43.3297500610352,-8.49915313720703,"Unknown"
"6227756",371834,2025-09-07 00:56:39,43.3297958374023,-8.49914073944092,"Unknown"
"6227756",371834,2025-09-07 01:06:39,43.3298263549805,-8.49918556213379,"Unknown"
"6227756",371834,2025-09-07 01:16:39,43.3299446105957,-8.49910354614258,"Unknown"
"6227756",371834,2025-09-07 01:26:54,43.3300170898438,-8.49915790557861,"Unknown"
"6227756",371834,2025-09-07 01:36:54,43.329891204834,-8.49915790557861,"Unknown"
"6227756",371834,2025-09-07 01:47:02,43.3300704956055,-8.4990873336792,"Unknown"
"6227756",371834,2025-09-07 01:56:37,43.3295631408691,-8.49914169311523,"Unknown"
"6227756",371834,2025-09-07 02:06:38,43.3292503356934,-8.49937915802002,"Unknown"
"6227756",371834,2025-09-07 02:16:40,43.3292922973633,-8.49941730499268,"Unknown"
"6227756",371834,2025-09-07 02:26:47,43.3298187255859,-8.49905204772949,"Unknown"
"6227756",371834,2025-09-07 02:36:38,43.3289909362793,-8.49969959259033,"Unknown"
"6227756",371834,2025-09-07 02:46:37,43.3291397094727,-8.49961280822754,"Unknown"
"6227756",371834,2025-09-07 02:56:36,43.329216003418,-8.49954891204834,"Unknown"
"6227756",371834,2025-09-07 03:06:39,43.3293190002441,-8.49950504302979,"Unknown"
"6227756",371834,2025-09-07 03:16:40,43.3294448852539,-8.49933052062988,"Unknown"
"6227756",371834,2025-09-07 03:26:37,43.3295478820801,-8.49925994873047,"Unknown"
"6227756",371834,2025-09-07 03:36:40,43.3295822143555,-8.49922180175781,"Unknown"
"6227756",371834,2025-09-07 03:47:05,43.3295364379883,-8.49911594390869,"Unknown"
"6227756",371834,2025-09-07 03:56:37,43.3294715881348,-8.49912452697754,"Unknown"
"6227756",371834,2025-09-07 04:06:38,43.3294639587402,-8.499098777771,"Unknown"
"6227756",371834,2025-09-07 04:16:38,43.3294486999512,-8.49908256530762,"Unknown"
"6227756",371834,2025-09-07 04:26:42,43.329418182373,-8.49912643432617,"Unknown"
"6227756",371834,2025-09-07 04:36:44,43.3294906616211,-8.49910545349121,"Unknown"
"6227756",371834,2025-09-07 04:46:38,43.3294219970703,-8.499267578125,"Unknown"
"6227756",371834,2025-09-07 04:56:37,43.3294563293457,-8.49918460845947,"Unknown"
"6227756",371834,2025-09-07 05:06:38,43.3294296264648,-8.49926376342773,"Unknown"
"6227756",371834,2025-09-07 05:16:39,43.329460144043,-8.49927997589111,"Unknown"
"6227756",371834,2025-09-07 05:26:41,43.3295211791992,-8.49921607971191,"Unknown"
"6227756",371834,2025-09-07 05:37:05,43.329460144043,-8.49873828887939,"Unknown"
"6227756",371834,2025-09-07 05:46:36,43.3294830322266,-8.49900436401367,"Unknown"
"6227756",371834,2025-09-07 05:56:36,43.3294944763184,-8.49908638000488,"Unknown"
"6227756",371834,2025-09-07 06:06:35,43.3292579650879,-8.49909400939941,"Unknown"
"6227756",371834,2025-09-07 06:16:36,43.329460144043,-8.49901485443115,"Unknown"
"6227756",371834,2025-09-07 06:26:36,43.3294715881348,-8.49911022186279,"Unknown"
"6227756",371834,2025-09-07 06:36:39,43.3294906616211,-8.49899578094482,"Unknown"
"6227756",371834,2025-09-07 06:46:37,43.3295402526855,-8.49902725219727,"Unknown"
"6227756",371834,2025-09-07 06:56:37,43.3295364379883,-8.49899768829346,"Unknown"
"6227756",371834,2025-09-07 07:06:37,43.3294448852539,-8.49890232086182,"Unknown"
"6227756",371834,2025-09-07 07:16:41,43.3294792175293,-8.49888324737549,"Unknown"
"6227756",371834,2025-09-07 07:26:37,43.3295097351074,-8.49903392791748,"Unknown"
"6227756",371834,2025-09-07 07:36:40,43.3292465209961,-8.4988899230957,"Unknown"
"6227756",371834,2025-09-07 07:46:39,43.3288459777832,-8.49888801574707,"Unknown"
"6227756",371834,2025-09-07 07:56:41,43.329273223877,-8.49905395507812,"Unknown"
"6227756",371834,2025-09-07 08:06:41,43.329345703125,-8.49902153015137,"Unknown"
"6227756",371834,2025-09-07 08:17:05,43.3293533325195,-8.4989709854126,"Unknown"
"6227756",371834,2025-09-07 08:26:37,43.3294105529785,-8.49897480010986,"Unknown"
"6227756",371834,2025-09-07 08:36:37,43.3295364379883,-8.49896717071533,"Unknown"
"6227756",371834,2025-09-07 08:46:37,43.3295097351074,-8.49895095825195,"Unknown"
"6227756",371834,2025-09-07 08:56:37,43.3296279907227,-8.49899482727051,"Unknown"
"6227756",371834,2025-09-07 09:06:37,43.3295478820801,-8.49899864196777,"Unknown"
"6227756",371834,2025-09-07 09:16:37,43.3295478820801,-8.49905586242676,"Unknown"
"6227756",371834,2025-09-07 09:26:37,43.3295440673828,-8.49901580810547,"Unknown"
"6227756",371834,2025-09-07 09:36:37,43.3295059204102,-8.49907207489014,"Unknown"
"6227756",371834,2025-09-07 09:46:37,43.3294448852539,-8.4990119934082,"Unknown"
"6227756",371834,2025-09-07 09:57:05,43.3293304443359,-8.49891090393066,"Unknown"
"6227756",371834,2025-09-07 10:06:36,43.3294410705566,-8.49893760681152,"Unknown"
"6227756",371834,2025-09-07 10:16:36,43.3295249938965,-8.49903583526611,"Unknown"
"6227756",371834,2025-09-07 10:26:37,43.3295364379883,-8.49910449981689,"Unknown"
"6227756",371834,2025-09-07 10:36:39,43.3294067382812,-8.49887466430664,"Unknown"
"6227756",371834,2025-09-07 10:46:40,43.3294334411621,-8.49897289276123,"Unknown"
"6227756",371834,2025-09-07 10:56:39,43.3294792175293,-8.49901866912842,"Unknown"
"6227756",371834,2025-09-07 11:06:38,43.3294792175293,-8.4990758895874,"Unknown"
"6227756",371834,2025-09-07 11:16:38,43.329475402832,-8.49904346466064,"Unknown"
"6227756",371834,2025-09-07 11:26:38,43.3294830322266,-8.49899673461914,"Unknown"
"6227756",371834,2025-09-07 11:36:38,43.3295097351074,-8.49897575378418,"Unknown"
"6227756",371834,2025-09-07 11:46:38,43.3295021057129,-8.49902820587158,"Unknown"
"6227756",371834,2025-09-07 11:56:39,43.3294372558594,-8.49897289276123,"Unknown"
"6227756",371834,2025-09-07 12:06:39,43.3294105529785,-8.4989652633667,"Unknown"
"6227756",371834,2025-09-07 12:16:39,43.3294525146484,-8.49899101257324,"Unknown"
"6227756",371834,2025-09-07 12:26:39,43.3295021057129,-8.49897003173828,"Unknown"
"6227756",371834,2025-09-07 12:36:40,43.3294715881348,-8.49898242950439,"Unknown"
"6227756",371834,2025-09-07 12:46:57,43.3293724060059,-8.49887752532959,"Unknown"
"6227756",371834,2025-09-07 12:57:06,43.3295211791992,-8.49896812438965,"Unknown"
"6227756",371834,2025-09-07 13:06:37,43.3295211791992,-8.4991512298584,"Unknown"
"6227756",371834,2025-09-07 13:16:37,43.3295249938965,-8.49918174743652,"Unknown"
"6227756",371834,2025-09-07 13:26:37,43.3294982910156,-8.49887847900391,"Unknown"
"6227756",371834,2025-09-07 13:36:36,43.3295783996582,-8.49941158294678,"Unknown"
"6227756",371834,2025-09-07 13:46:38,43.3295059204102,-8.49916172027588,"Unknown"
"6227756",371834,2025-09-07 13:56:38,43.3294830322266,-8.49917984008789,"Unknown"
"6227756",371834,2025-09-07 14:06:38,43.3294944763184,-8.4992151260376,"Unknown"
"6227756",371834,2025-09-07 14:16:38,43.3294868469238,-8.49912548065186,"Unknown"
"6227756",371834,2025-09-07 14:26:38,43.3295135498047,-8.49911403656006,"Unknown"
"6227756",371834,2025-09-07 14:36:38,43.3294906616211,-8.49918174743652,"Unknown"
"6227756",371834,2025-09-07 14:46:38,43.3295440673828,-8.4992208480835,"Unknown"
"6227756",371834,2025-09-07 14:56:38,43.329517364502,-8.49906635284424,"Unknown"
"6227756",371834,2025-09-07 15:06:39,43.3295021057129,-8.49895286560059,"Unknown"
"6227756",371834,2025-09-07 15:16:39,43.3294906616211,-8.49881076812744,"Unknown"
"6227756",371834,2025-09-07 15:26:41,43.3295021057129,-8.49889183044434,"Unknown"
"6227756",371834,2025-09-07 15:36:39,43.3294334411621,-8.49891948699951,"Unknown"
"6227756",371834,2025-09-07 15:46:38,43.3293838500977,-8.49892234802246,"Unknown"
"6227756",371834,2025-09-07 15:56:38,43.3291435241699,-8.49866676330566,"Unknown"
"6227756",371834,2025-09-07 16:06:38,43.3290061950684,-8.49837207794189,"Unknown"
"6227756",371834,2025-09-07 16:16:40,43.3294830322266,-8.49882888793945,"Unknown"
"6227756",371834,2025-09-07 16:26:41,43.3296432495117,-8.49856567382812,"Unknown"
"6227756",371834,2025-09-07 16:36:40,43.3304824829102,-8.49796772003174,"Unknown"
"6227756",371834,2025-09-07 16:46:39,43.330207824707,-8.49817752838135,"Unknown"
"6227756",371834,2025-09-07 16:56:40,43.3303642272949,-8.49818420410156,"Unknown"
"6227756",371834,2025-09-07 17:06:39,43.3300819396973,-8.49832248687744,"Unknown"
"6227756",371834,2025-09-07 17:16:40,43.3301277160645,-8.49839019775391,"Unknown"
"6227756",371834,2025-09-07 17:26:39,43.3300628662109,-8.49846935272217,"Unknown"
"6227756",371834,2025-09-07 17:36:39,43.3306999206543,-8.49808120727539,"Unknown"
"6227756",371834,2025-09-07 17:46:39,43.3294639587402,-8.4987735748291,"Unknown"
"6227756",371834,2025-09-07 17:56:38,43.3301010131836,-8.49853515625,"Unknown"
"6227756",371834,2025-09-07 18:06:50,43.3292617797852,-8.49875926971436,"Unknown"
"6227756",371834,2025-09-07 18:16:50,43.3292617797852,-8.49875354766846,"Unknown"
"6227756",371834,2025-09-07 18:26:43,43.329345703125,-8.4986515045166,"Unknown"
"6227756",371834,2025-09-07 18:36:43,43.3294677734375,-8.4986515045166,"Unknown"
"6227756",371834,2025-09-07 18:46:47,43.329216003418,-8.49842834472656,"Unknown"
"6227756",371834,2025-09-07 18:56:49,43.3285942077637,-8.49805068969727,"Unknown"
"6227756",371834,2025-09-07 19:06:55,43.330638885498,-8.49943733215332,"Unknown"
"6227756",371834,2025-09-07 19:17:05,43.3294830322266,-8.49890518188477,"Unknown"
"6227756",371834,2025-09-07 19:26:38,43.3295211791992,-8.49901962280273,"Unknown"
"6227756",371834,2025-09-07 19:36:39,43.3295745849609,-8.49902439117432,"Unknown"
"6227756",371834,2025-09-07 19:46:46,43.3295745849609,-8.49898910522461,"Unknown"
"6227756",371834,2025-09-07 19:56:40,43.3297538757324,-8.4977502822876,"Unknown"
"6227756",371834,2025-09-07 20:06:41,43.329761505127,-8.49884986877441,"Unknown"
"6227756",371834,2025-09-07 20:16:39,43.329719543457,-8.49918842315674,"Unknown"
"6227756",371834,2025-09-07 20:26:39,43.329776763916,-8.49906158447266,"Unknown"
"6227756",371834,2025-09-07 20:36:39,43.3297462463379,-8.49912357330322,"Unknown"
"6227756",371834,2025-09-07 20:46:39,43.3297233581543,-8.49910163879395,"Unknown"
"6227756",371834,2025-09-07 20:56:39,43.3297386169434,-8.49913883209229,"Unknown"
"6227756",371834,2025-09-07 21:06:39,43.3297309875488,-8.4991340637207,"Unknown"
"6227756",371834,2025-09-07 21:16:39,43.3297386169434,-8.49913692474365,"Unknown"
"6227756",371834,2025-09-07 21:26:39,43.329776763916,-8.49919319152832,"Unknown"
"6227756",371834,2025-09-07 21:36:39,43.3297271728516,-8.49912452697754,"Unknown"
"6227756",371834,2025-09-07 21:46:39,43.3297920227051,-8.49916362762451,"Unknown"
"6227756",371834,2025-09-07 21:57:05,43.3297691345215,-8.49920654296875,"Unknown"
"6227756",371834,2025-09-07 22:06:38,43.329532623291,-8.49898719787598,"Unknown"
"6227756",371834,2025-09-07 22:16:38,43.3295783996582,-8.49908447265625,"Unknown"
"6227756",371834,2025-09-07 22:26:39,43.3296928405762,-8.49921703338623,"Unknown"
"6227756",371834,2025-09-07 22:36:43,43.3297080993652,-8.49923515319824,"Unknown"
"6227756",371834,2025-09-07 22:46:55,43.3295593261719,-8.49901676177979,"Unknown"
"6227756",371834,2025-09-07 22:56:44,43.3294868469238,-8.49897289276123,"Unknown"
"6227756",371834,2025-09-07 23:06:46,43.3294982910156,-8.49896335601807,"Unknown"
"6227756",371834,2025-09-07 23:16:49,43.3294715881348,-8.49893379211426,"Unknown"
"6227756",371834,2025-09-07 23:26:43,43.32958984375,-8.49919986724854,"Unknown"
"6227756",371834,2025-09-07 23:36:49,43.3294258117676,-8.49880313873291,"Unknown"
"6227756",371834,2025-09-07 23:46:44,43.3294677734375,-8.49908924102783,"Unknown"
"6227756",371834,2025-09-07 23:56:40,43.3297157287598,-8.49959373474121,"Unknown"
"6227756",371834,2025-09-08 00:06:39,43.3296318054199,-8.49939060211182,"Unknown"
"6227756",371834,2025-09-08 00:16:40,43.3294715881348,-8.49910068511963,"Unknown"
"6227756",371834,2025-09-08 00:26:42,43.3295516967773,-8.49921035766602,"Unknown"
"6227756",371834,2025-09-08 00:36:41,43.3296661376953,-8.49933528900146,"Unknown"
"6227756",371834,2025-09-08 00:46:41,43.3296585083008,-8.49921321868896,"Unknown"
"6227756",371834,2025-09-08 00:56:40,43.329704284668,-8.49918746948242,"Unknown"
"6227756",371834,2025-09-08 01:06:40,43.329704284668,-8.49917507171631,"Unknown"
"6227756",371834,2025-09-08 01:16:41,43.3297653198242,-8.49917030334473,"Unknown"
"6227756",371834,2025-09-08 01:26:49,43.3300666809082,-8.49891185760498,"Unknown"
"6227756",371834,2025-09-08 01:36:54,43.3300437927246,-8.49893856048584,"Unknown"
"6227756",371834,2025-09-08 01:46:40,43.3300476074219,-8.49885654449463,"Unknown"
"6227756",371834,2025-09-08 01:56:40,43.3300857543945,-8.4988842010498,"Unknown"
"6227756",371834,2025-09-08 02:06:46,43.3299217224121,-8.49905586242676,"Unknown"
"6227756",371834,2025-09-08 02:16:49,43.3300743103027,-8.49890232086182,"Unknown"
"6227756",371834,2025-09-08 02:26:41,43.3290939331055,-8.49960517883301,"Unknown"
"6227756",371834,2025-09-08 02:36:39,43.3293800354004,-8.49946308135986,"Unknown"
"6227756",371834,2025-09-08 02:46:39,43.329345703125,-8.49949073791504,"Unknown"
"6227756",371834,2025-09-08 02:56:42,43.329460144043,-8.49941921234131,"Unknown"
"6227756",371834,2025-09-08 03:06:41,43.3294906616211,-8.49936771392822,"Unknown"
"6227756",371834,2025-09-08 03:16:41,43.3295860290527,-8.49931621551514,"Unknown"
"6227756",371834,2025-09-08 03:26:42,43.3296279907227,-8.49931907653809,"Unknown"
"6227756",371834,2025-09-08 03:36:50,43.3296585083008,-8.4992733001709,"Unknown"
"6227756",371834,2025-09-08 03:46:40,43.3298568725586,-8.4992504119873,"Unknown"
"6227756",371834,2025-09-08 03:56:41,43.3301315307617,-8.49934768676758,"Unknown"
"6227756",371834,2025-09-08 04:06:41,43.3301963806152,-8.49914646148682,"Unknown"
"6227756",371834,2025-09-08 04:16:44,43.3300704956055,-8.49917697906494,"Unknown"
"6227756",371834,2025-09-08 04:26:41,43.3300247192383,-8.49902820587158,"Unknown"
"6227756",371834,2025-09-08 04:36:39,43.3300361633301,-8.49897480010986,"Unknown"
"6227756",371834,2025-09-08 04:46:40,43.329948425293,-8.49897193908691,"Unknown"
"6227756",371834,2025-09-08 04:56:40,43.329948425293,-8.49894523620605,"Unknown"
"6227756",371834,2025-09-08 05:06:39,43.3298950195312,-8.4986515045166,"Unknown"
"6227756",371834,2025-09-08 05:16:39,43.3298683166504,-8.49867916107178,"Unknown"
"6227756",371834,2025-09-08 05:26:39,43.329891204834,-8.49867057800293,"Unknown"
"6227756",371834,2025-09-08 05:36:39,43.3298416137695,-8.49862098693848,"Unknown"
"6227756",371834,2025-09-08 05:46:39,43.3298416137695,-8.49868583679199,"Unknown"
"6227756",371834,2025-09-08 05:56:40,43.329475402832,-8.49844741821289,"Unknown"
"6227756",371834,2025-09-08 06:06:43,43.3292198181152,-8.49833965301514,"Unknown"
"6227756",371834,2025-09-08 06:16:42,43.3292770385742,-8.49831390380859,"Unknown"
"6227756",371834,2025-09-08 06:26:46,43.3298225402832,-8.49878692626953,"Unknown"
"6227756",371834,2025-09-08 06:36:52,43.3298034667969,-8.49884986877441,"Unknown"
"6227756",371834,2025-09-08 06:46:41,43.3302726745605,-8.49905776977539,"Unknown"
"6227756",371834,2025-09-08 06:56:41,43.3302116394043,-8.49910354614258,"Unknown"
"6227756",371834,2025-09-08 07:06:41,43.3302230834961,-8.49921035766602,"Unknown"
"6227756",371834,2025-09-08 07:16:44,43.3300476074219,-8.49914455413818,"Unknown"
"6227756",371834,2025-09-08 07:26:47,43.3299522399902,-8.49914836883545,"Unknown"
"6227756",371834,2025-09-08 07:37:05,43.3294105529785,-8.49907779693604,"Unknown"
"6227756",371834,2025-09-08 07:46:39,43.3294372558594,-8.49901485443115,"Unknown"
"6227756",371834,2025-09-08 07:56:39,43.3294334411621,-8.4990119934082,"Unknown"
"6227756",371834,2025-09-08 08:06:42,43.3295555114746,-8.49901485443115,"Unknown"
"6227756",371834,2025-09-08 08:16:43,43.3293991088867,-8.49897480010986,"Unknown"
"6227756",371834,2025-09-08 08:26:44,43.3295440673828,-8.49897480010986,"Unknown"
"6227756",371834,2025-09-08 08:36:44,43.3295631408691,-8.49898052215576,"Unknown"
"6227756",371834,2025-09-08 08:46:44,43.3294372558594,-8.49900245666504,"Unknown"
"6227756",371834,2025-09-08 08:56:44,43.329460144043,-8.49901390075684,"Unknown"
"6227756",371834,2025-09-08 09:07:05,43.329475402832,-8.49902057647705,"Unknown"
"6227756",371834,2025-09-08 09:16:38,43.3294639587402,-8.49903774261475,"Unknown"
"6227756",371834,2025-09-08 09:26:38,43.3294639587402,-8.49904727935791,"Unknown"
"6227756",371834,2025-09-08 09:36:38,43.3294792175293,-8.49903106689453,"Unknown"
"6227756",371834,2025-09-08 09:46:38,43.3295097351074,-8.49905872344971,"Unknown"
"6227756",371834,2025-09-08 09:56:38,43.3295135498047,-8.49902153015137,"Unknown"
"6227756",371834,2025-09-08 10:06:39,43.3294982910156,-8.49910163879395,"Unknown"
"6227756",371834,2025-09-08 10:16:40,43.3295059204102,-8.49902629852295,"Unknown"
"6227756",371834,2025-09-08 10:26:40,43.3295516967773,-8.49912452697754,"Unknown"
"6227756",371834,2025-09-08 10:36:39,43.329475402832,-8.49903106689453,"Unknown"
"6227756",371834,2025-09-08 10:46:39,43.3293342590332,-8.49880790710449,"Unknown"
"6227756",371834,2025-09-08 10:56:39,43.3292846679688,-8.49877738952637,"Unknown"
"6227756",371834,2025-09-08 11:06:49,43.3293228149414,-8.49875068664551,"Unknown"
"6227756",371834,2025-09-08 11:17:05,43.3294982910156,-8.49901866912842,"Unknown"
"6227756",371834,2025-09-08 11:26:38,43.3295288085938,-8.49892044067383,"Unknown"
"6227756",371834,2025-09-08 11:36:38,43.329517364502,-8.49893569946289,"Unknown"
"6227756",371834,2025-09-08 11:46:38,43.3294563293457,-8.49896621704102,"Unknown"
"6227756",371834,2025-09-08 11:56:38,43.329532623291,-8.49896240234375,"Unknown"
"6227756",371834,2025-09-08 12:06:38,43.3294944763184,-8.49902057647705,"Unknown"
"6227756",371834,2025-09-08 12:16:38,43.3295211791992,-8.49900722503662,"Unknown"
"6227756",371834,2025-09-08 12:26:39,43.3293228149414,-8.49891471862793,"Unknown"
"6227756",371834,2025-09-08 12:36:42,43.3294486999512,-8.49894905090332,"Unknown"
"6227756",371834,2025-09-08 12:46:44,43.3294258117676,-8.49890232086182,"Unknown"
"6227756",371834,2025-09-08 12:57:05,43.3295059204102,-8.49898815155029,"Unknown"
"6227756",371834,2025-09-08 13:06:38,43.3295059204102,-8.49903106689453,"Unknown"
"6227756",371834,2025-09-08 13:16:38,43.3295440673828,-8.49907112121582,"Unknown"
"6227756",371834,2025-09-08 13:26:38,43.3296279907227,-8.49921798706055,"Unknown"
"6227756",371834,2025-09-08 13:36:38,43.3296012878418,-8.499192237854,"Unknown"
"6227756",371834,2025-09-08 13:46:39,43.32958984375,-8.49913692474365,"Unknown"
"6227756",371834,2025-09-08 13:56:39,43.3295860290527,-8.49922847747803,"Unknown"
"6227756",371834,2025-09-08 14:06:39,43.3295707702637,-8.49922561645508,"Unknown"
"6227756",371834,2025-09-08 14:16:39,43.3294830322266,-8.4992847442627,"Unknown"
"6227756",371834,2025-09-08 14:26:39,43.3295593261719,-8.49921989440918,"Unknown"
"6227756",371834,2025-09-08 14:36:39,43.3295783996582,-8.49916744232178,"Unknown"
"6227756",371834,2025-09-08 14:46:39,43.3295555114746,-8.4991283416748,"Unknown"
"6227756",371834,2025-09-08 14:56:40,43.3294982910156,-8.49926280975342,"Unknown"
"6227756",371834,2025-09-08 15:06:39,43.3295211791992,-8.49921607971191,"Unknown"
"6227756",371834,2025-09-08 15:16:48,43.329475402832,-8.4990234375,"Unknown"
"6227756",371834,2025-09-08 15:26:40,43.3294105529785,-8.49882125854492,"Unknown"
"6227756",371834,2025-09-08 15:36:40,43.329273223877,-8.49855804443359,"Unknown"
"6227756",371834,2025-09-08 15:46:41,43.3291244506836,-8.49839401245117,"Unknown"
"6227756",371834,2025-09-08 15:57:01,43.3294677734375,-8.49890041351318,"Unknown"
"6227756",371834,2025-09-08 16:06:38,43.3295516967773,-8.49906921386719,"Unknown"
"6227756",371834,2025-09-08 16:16:38,43.329662322998,-8.49930858612061,"Unknown"
"6227756",371834,2025-09-08 16:26:39,43.3294677734375,-8.49889755249023,"Unknown"
"6227756",371834,2025-09-08 16:36:39,43.3295059204102,-8.49923038482666,"Unknown"
"6227756",371834,2025-09-08 16:46:39,43.3295288085938,-8.49911022186279,"Unknown"
"6227756",371834,2025-09-08 16:56:39,43.3294525146484,-8.49895477294922,"Unknown"
"6227756",371834,2025-09-08 17:06:39,43.3294410705566,-8.4990406036377,"Unknown"
"6227756",371834,2025-09-08 17:16:39,43.3294792175293,-8.49900817871094,"Unknown"
"6227756",371834,2025-09-08 17:26:38,43.3295097351074,-8.49907207489014,"Unknown"
"6227756",371834,2025-09-08 17:36:39,43.3295669555664,-8.49906730651855,"Unknown"
"6227756",371834,2025-09-08 17:46:39,43.3294982910156,-8.49902820587158,"Unknown"
"6227756",371834,2025-09-08 17:56:39,43.329475402832,-8.49900722503662,"Unknown"
"6227756",371834,2025-09-08 18:06:39,43.3297996520996,-8.49930763244629,"Unknown"
"6227756",371834,2025-09-08 18:16:40,43.3298110961914,-8.49925804138184,"Unknown"
"6227756",371834,2025-09-08 18:27:05,43.3294677734375,-8.49896240234375,"Unknown"
"6227756",371834,2025-09-08 18:36:38,43.329517364502,-8.49899005889893,"Unknown"
"6227756",371834,2025-09-08 18:46:38,43.3295516967773,-8.49898624420166,"Unknown"
"6227756",371834,2025-09-08 18:56:38,43.3294830322266,-8.49896430969238,"Unknown"
"6227756",371834,2025-09-08 19:06:38,43.3295707702637,-8.49901103973389,"Unknown"
"6227756",371834,2025-09-08 19:16:39,43.3295593261719,-8.49897003173828,"Unknown"
"6227756",371834,2025-09-08 19:26:40,43.3296089172363,-8.49902820587158,"Unknown"
"6227756",371834,2025-09-08 19:36:48,43.329517364502,-8.49892997741699,"Unknown"
"6227756",371834,2025-09-08 19:46:41,43.3290939331055,-8.49858570098877,"Unknown"
"6227756",371834,2025-09-08 19:56:47,43.3292007446289,-8.49903011322021,"Unknown"
"6227756",371834,2025-09-08 20:07:05,43.3294715881348,-8.49899768829346,"Unknown"
"6227756",371834,2025-09-08 20:16:38,43.3295097351074,-8.49896240234375,"Unknown"
"6227756",371834,2025-09-08 20:26:38,43.3294906616211,-8.49897384643555,"Unknown"
"6227756",371834,2025-09-08 20:36:39,43.329460144043,-8.49899101257324,"Unknown"
"6227756",371834,2025-09-08 20:46:40,43.3294525146484,-8.49897861480713,"Unknown"
"6227756",371834,2025-09-08 20:56:38,43.3294677734375,-8.49898242950439,"Unknown"
"6227756",371834,2025-09-08 21:06:39,43.329517364502,-8.49901103973389,"Unknown"
"6227756",371834,2025-09-08 21:16:38,43.3294868469238,-8.49896049499512,"Unknown"
"6227756",371834,2025-09-08 21:26:38,43.3294448852539,-8.49901485443115,"Unknown"
"6227756",371834,2025-09-08 21:37:05,43.3295021057129,-8.49903583526611,"Unknown"
"6227756",371834,2025-09-08 21:46:38,43.3294868469238,-8.49899959564209,"Unknown"
"6227756",371834,2025-09-08 21:56:38,43.3294830322266,-8.49897480010986,"Unknown"
"6227756",371834,2025-09-08 22:06:38,43.3293266296387,-8.49882030487061,"Unknown"
"6227756",371834,2025-09-08 22:16:40,43.329475402832,-8.49900054931641,"Unknown"
"6227756",371834,2025-09-08 22:26:41,43.3296432495117,-8.49922847747803,"Unknown"
"6227756",371834,2025-09-08 22:36:40,43.329475402832,-8.49900817871094,"Unknown"
"6227756",371834,2025-09-08 22:46:52,43.3295059204102,-8.49904727935791,"Unknown"
"6227756",371834,2025-09-08 22:56:48,43.3295211791992,-8.49899005889893,"Unknown"
"6227756",371834,2025-09-08 23:06:48,43.3294944763184,-8.49900436401367,"Unknown"
"6227756",371834,2025-09-08 23:16:48,43.3294715881348,-8.49887180328369,"Unknown"
"6227756",371834,2025-09-08 23:26:48,43.3294372558594,-8.49885082244873,"Unknown"
"6227756",371834,2025-09-08 23:36:48,43.3293914794922,-8.49869346618652,"Unknown"
"6227756",371834,2025-09-08 23:46:50,43.3293876647949,-8.49869728088379,"Unknown"
"6227756",371834,2025-09-08 23:56:53,43.3294677734375,-8.49889850616455,"Unknown"
"6227756",371834,2025-09-09 00:07:05,43.3294486999512,-8.49893283843994,"Unknown"
"6227756",371834,2025-09-09 00:16:38,43.3293800354004,-8.4988842010498,"Unknown"
"6227756",371834,2025-09-09 00:26:38,43.3294067382812,-8.49885559082031,"Unknown"
"6227756",371834,2025-09-09 00:36:38,43.3293609619141,-8.49888229370117,"Unknown"
"6227756",371834,2025-09-09 00:46:39,43.3294143676758,-8.49884700775146,"Unknown"
"6227756",371834,2025-09-09 00:56:48,43.3295555114746,-8.49895286560059,"Unknown"
"6227756",371834,2025-09-09 01:06:41,43.3295440673828,-8.4988956451416,"Unknown"
"6227756",371834,2025-09-09 01:16:42,43.3295364379883,-8.49884605407715,"Unknown"
"6227756",371834,2025-09-09 01:26:45,43.3295936584473,-8.49899196624756,"Unknown"
"6227756",371834,2025-09-09 01:36:57,43.32958984375,-8.49893569946289,"Unknown"
"6227756",371834,2025-09-09 01:46:56,43.3294868469238,-8.49896144866943,"Unknown"
"6227756",371834,2025-09-09 01:56:52,43.329460144043,-8.49920558929443,"Unknown"
"6227756",371834,2025-09-09 02:07:01,43.3294906616211,-8.49896621704102,"Unknown"
"6227756",371834,2025-09-09 02:16:38,43.3294639587402,-8.49898433685303,"Unknown"
"6227756",371834,2025-09-09 02:26:39,43.329460144043,-8.49898338317871,"Unknown"
"6227756",371834,2025-09-09 02:36:39,43.3294525146484,-8.49900531768799,"Unknown"
"6227756",371834,2025-09-09 02:46:39,43.3295745849609,-8.49892234802246,"Unknown"
"6227756",371834,2025-09-09 02:56:39,43.3293724060059,-8.49909210205078,"Unknown"
"6227756",371834,2025-09-09 03:06:46,43.3295402526855,-8.49892807006836,"Unknown"
"6227756",371834,2025-09-09 03:16:48,43.3295440673828,-8.49899387359619,"Unknown"
"6227756",371834,2025-09-09 03:27:05,43.3294792175293,-8.49899101257324,"Unknown"
"6227756",371834,2025-09-09 03:36:38,43.3295364379883,-8.49897956848145,"Unknown"
"6227756",371834,2025-09-09 03:46:39,43.3294639587402,-8.4990119934082,"Unknown"
"6227756",371834,2025-09-09 03:56:39,43.3295364379883,-8.4991569519043,"Unknown"
"6227756",371834,2025-09-09 04:06:39,43.329475402832,-8.49904537200928,"Unknown"
"6227756",371834,2025-09-09 04:16:40,43.3295364379883,-8.49946403503418,"Unknown"
"6227756",371834,2025-09-09 04:27:05,43.3295402526855,-8.49906253814697,"Unknown"
"6227756",371834,2025-09-09 04:36:38,43.329532623291,-8.49904632568359,"Unknown"
"6227756",371834,2025-09-09 04:46:38,43.3296585083008,-8.49906826019287,"Unknown"
"6227756",371834,2025-09-09 04:56:38,43.3295135498047,-8.49900817871094,"Unknown"
"6227756",371834,2025-09-09 05:06:38,43.3295974731445,-8.49899578094482,"Unknown"
"6227756",371834,2025-09-09 05:16:38,43.3295364379883,-8.49902725219727,"Unknown"
"6227756",371834,2025-09-09 05:26:38,43.3295211791992,-8.49905872344971,"Unknown"
"6227756",371834,2025-09-09 05:36:38,43.3295555114746,-8.49911499023438,"Unknown"
"6227756",371834,2025-09-09 05:46:39,43.3295860290527,-8.49909782409668,"Unknown"
"6227756",371834,2025-09-09 05:56:42,43.3295593261719,-8.49896907806396,"Unknown"
"6227756",371834,2025-09-09 06:06:56,43.3295059204102,-8.49895477294922,"Unknown"
"6227756",371834,2025-09-09 06:16:50,43.3294906616211,-8.49898052215576,"Unknown"
"6227756",371834,2025-09-09 06:27:07,43.3294868469238,-8.49894428253174,"Unknown"
"6227756",371834,2025-09-09 06:37:04,43.329532623291,-8.49901294708252,"Unknown"
"6227756",371834,2025-09-09 06:46:38,43.3295135498047,-8.4990406036377,"Unknown"
"6227756",371834,2025-09-09 06:56:38,43.3294639587402,-8.49898719787598,"Unknown"
"6227756",371834,2025-09-09 07:06:41,43.3296432495117,-8.49906158447266,"Unknown"
"6227756",371834,2025-09-09 07:16:45,43.3295516967773,-8.49900245666504,"Unknown"
"6227756",371834,2025-09-09 07:26:39,43.3295936584473,-8.49905109405518,"Unknown"
"6227756",371834,2025-09-09 07:36:48,43.3294372558594,-8.49896144866943,"Unknown"
"6227756",371834,2025-09-09 07:47:05,43.3294944763184,-8.4989538192749,"Unknown"
"6227756",371834,2025-09-09 07:56:42,43.3295631408691,-8.49888134002686,"Unknown"
"6227756",371834,2025-09-09 08:06:48,43.3294296264648,-8.49904346466064,"Unknown"
"6227756",371834,2025-09-09 08:16:48,43.3294448852539,-8.49900722503662,"Unknown"
"6227756",371834,2025-09-09 08:26:48,43.3294830322266,-8.49900436401367,"Unknown"
"6227756",371834,2025-09-09 08:37:05,43.3294830322266,-8.49901676177979,"Unknown"
"6227756",371834,2025-09-09 08:46:38,43.3294258117676,-8.49905681610107,"Unknown"
"6227756",371834,2025-09-09 08:56:38,43.329418182373,-8.4990758895874,"Unknown"
"6227756",371834,2025-09-09 09:06:38,43.3294563293457,-8.49899387359619,"Unknown"
"6227756",371834,2025-09-09 09:16:38,43.3294525146484,-8.49898719787598,"Unknown"
"6227756",371834,2025-09-09 09:26:38,43.3294906616211,-8.49898624420166,"Unknown"
"6227756",371834,2025-09-09 09:36:38,43.3294677734375,-8.49897766113281,"Unknown"
"6227756",371834,2025-09-09 09:46:38,43.3294143676758,-8.49899005889893,"Unknown"
"6227756",371834,2025-09-09 09:56:42,43.3294982910156,-8.49902153015137,"Unknown"
"6227756",371834,2025-09-09 10:06:41,43.3294563293457,-8.49898529052734,"Unknown"
"6227756",371834,2025-09-09 10:16:39,43.3294296264648,-8.49895858764648,"Unknown"
"6227756",371834,2025-09-09 10:26:39,43.3295974731445,-8.49909973144531,"Unknown"
"6227756",371834,2025-09-09 10:36:40,43.3294410705566,-8.49892997741699,"Unknown"
"6227756",371834,2025-09-09 10:46:40,43.3295669555664,-8.49913787841797,"Unknown"
"6227756",371834,2025-09-09 10:56:49,43.3295707702637,-8.49913215637207,"Unknown"
"6227756",371834,2025-09-09 11:07:05,43.3294830322266,-8.49899959564209,"Unknown"
"6227756",371834,2025-09-09 11:16:38,43.3294868469238,-8.4990119934082,"Unknown"
"6227756",371834,2025-09-09 11:26:38,43.3294792175293,-8.49898719787598,"Unknown"
"6227756",371834,2025-09-09 11:36:39,43.3294982910156,-8.49904632568359,"Unknown"
"6227756",371834,2025-09-09 11:46:38,43.3294677734375,-8.49896144866943,"Unknown"
"6227756",371834,2025-09-09 11:56:38,43.3294830322266,-8.49898338317871,"Unknown"
"6227756",371834,2025-09-09 12:06:38,43.3294715881348,-8.49897193908691,"Unknown"
"6227756",371834,2025-09-09 12:16:38,43.3294677734375,-8.49901103973389,"Unknown"
"6227756",371834,2025-09-09 12:26:38,43.3295135498047,-8.49899768829346,"Unknown"
"6227756",371834,2025-09-09 12:36:38,43.329460144043,-8.49900436401367,"Unknown"
"6227756",371834,2025-09-09 12:46:57,43.3294563293457,-8.4989652633667,"Unknown"
"6227756",371834,2025-09-09 12:57:05,43.3294868469238,-8.49899578094482,"Unknown"
"6227756",371834,2025-09-09 13:06:38,43.3295478820801,-8.49910545349121,"Unknown"
"6227756",371834,2025-09-09 13:16:39,43.329460144043,-8.4989709854126,"Unknown"
"6227756",371834,2025-09-09 13:26:39,43.3294372558594,-8.49887943267822,"Unknown"
"6227756",371834,2025-09-09 13:36:39,43.3294296264648,-8.49884796142578,"Unknown"
"6227756",371834,2025-09-09 13:46:40,43.3295669555664,-8.49910640716553,"Unknown"
"6227756",371834,2025-09-09 13:56:40,43.329517364502,-8.49895858764648,"Unknown"
"6227756",371834,2025-09-09 14:06:48,43.329460144043,-8.49906730651855,"Unknown"
"6227756",371834,2025-09-09 14:17:05,43.3294715881348,-8.49903774261475,"Unknown"
"6227756",371834,2025-09-09 14:26:38,43.3294525146484,-8.49906349182129,"Unknown"
"6227756",371834,2025-09-09 14:36:38,43.329475402832,-8.49900722503662,"Unknown"
"6227756",371834,2025-09-09 14:46:38,43.3294639587402,-8.49901676177979,"Unknown"
"6227756",371834,2025-09-09 14:56:38,43.3293838500977,-8.49900817871094,"Unknown"
"6227756",371834,2025-09-09 15:06:38,43.3294792175293,-8.4989709854126,"Unknown"
"6227756",371834,2025-09-09 15:16:38,43.3294525146484,-8.49899101257324,"Unknown"
"6227756",371834,2025-09-09 15:26:38,43.3294105529785,-8.4990291595459,"Unknown"
"6227756",371834,2025-09-09 15:36:38,43.3294448852539,-8.49896907806396,"Unknown"
"6227756",371834,2025-09-09 15:46:38,43.3294258117676,-8.49900436401367,"Unknown"
"6227756",371834,2025-09-09 15:56:41,43.3291969299316,-8.49863624572754,"Unknown"
"6227756",371834,2025-09-09 16:06:51,43.329418182373,-8.49898242950439,"Unknown"
"6227756",371834,2025-09-09 16:16:46,43.3294830322266,-8.49932670593262,"Unknown"
"6227756",371834,2025-09-09 16:26:46,43.3294372558594,-8.49904155731201,"Unknown"
"6227756",371834,2025-09-09 16:37:05,43.3295860290527,-8.49895000457764,"Unknown"
"6227756",371834,2025-09-09 16:46:39,43.3295516967773,-8.49904823303223,"Unknown"
"6227756",371834,2025-09-09 16:56:38,43.3295249938965,-8.49904155731201,"Unknown"
"6227756",371834,2025-09-09 17:06:38,43.3294868469238,-8.49898338317871,"Unknown"
"6227756",371834,2025-09-09 17:16:38,43.3293495178223,-8.49901866912842,"Unknown"
"6227756",371834,2025-09-09 17:26:40,43.3293533325195,-8.49890232086182,"Unknown"
"6227756",371834,2025-09-09 17:36:40,43.3295745849609,-8.49911117553711,"Unknown"
"6227756",371834,2025-09-09 17:46:41,43.3295783996582,-8.49906063079834,"Unknown"
"6227756",371834,2025-09-09 17:56:42,43.3295516967773,-8.49906444549561,"Unknown"
"6227756",371834,2025-09-09 18:06:50,43.3294219970703,-8.49895095825195,"Unknown"
"6227756",371834,2025-09-09 18:16:42,43.3295555114746,-8.49904727935791,"Unknown"
"6227756",371834,2025-09-09 18:27:05,43.3294715881348,-8.49897766113281,"Unknown"
"6227756",371834,2025-09-09 18:36:46,43.3294830322266,-8.49895668029785,"Unknown"
"6227756",371834,2025-09-09 18:46:47,43.3293914794922,-8.49889278411865,"Unknown"
"6227756",371834,2025-09-09 18:56:58,43.3294410705566,-8.49892520904541,"Unknown"
"6227756",371834,2025-09-09 19:06:47,43.3293647766113,-8.49888801574707,"Unknown"
"6227756",371834,2025-09-09 19:16:48,43.3294830322266,-8.49893856048584,"Unknown"
"6227756",371834,2025-09-09 19:27:05,43.3295288085938,-8.4989709854126,"Unknown"
"6227756",371834,2025-09-09 19:36:45,43.3294486999512,-8.4990234375,"Unknown"
"6227756",371834,2025-09-09 19:46:41,43.329345703125,-8.49874305725098,"Unknown"
"6227756",371834,2025-09-09 19:56:47,43.3292617797852,-8.49913692474365,"Unknown"
"6227756",371834,2025-09-09 20:07:15,43.3291282653809,-8.49911022186279,"Unknown"
"6227756",371834,2025-09-09 20:16:40,43.3293724060059,-8.49897289276123,"Unknown"
"6227756",371834,2025-09-09 20:26:41,43.3291931152344,-8.49895095825195,"Unknown"
"6227756",371834,2025-09-09 20:36:41,43.3292465209961,-8.49905586242676,"Unknown"
"6227756",371834,2025-09-09 20:47:05,43.3294944763184,-8.49896335601807,"Unknown"
"6227756",371834,2025-09-09 20:56:39,43.3294639587402,-8.49897861480713,"Unknown"
"6227756",371834,2025-09-09 21:06:39,43.3295097351074,-8.49900913238525,"Unknown"
"6227756",371834,2025-09-09 21:16:39,43.3294868469238,-8.49898242950439,"Unknown"
"6227756",371834,2025-09-09 21:26:39,43.329475402832,-8.49895668029785,"Unknown"
"6227756",371834,2025-09-09 21:36:39,43.3294944763184,-8.49898433685303,"Unknown"
"6227756",371834,2025-09-09 21:46:40,43.329532623291,-8.49902725219727,"Unknown"
"6227756",371834,2025-09-09 21:56:39,43.3294906616211,-8.4989709854126,"Unknown"
"6227756",371834,2025-09-09 22:06:40,43.3294677734375,-8.4989767074585,"Unknown"
"6227756",371834,2025-09-09 22:16:45,43.3294105529785,-8.49892711639404,"Unknown"
"6227756",371834,2025-09-09 22:26:42,43.3295097351074,-8.49899578094482,"Unknown"
"6227756",371834,2025-09-09 22:37:03,43.3294906616211,-8.49899291992188,"Unknown"
"6227756",371834,2025-09-09 22:47:23,43.3295860290527,-8.49902629852295,"Unknown"
"6227756",371834,2025-09-09 22:56:39,43.3297424316406,-8.49956607818604,"Unknown"
"6227756",371834,2025-09-09 23:06:48,43.3294982910156,-8.49892139434814,"Unknown"
"6227756",371834,2025-09-09 23:16:41,43.3291435241699,-8.49802207946777,"Unknown"
"6227756",371834,2025-09-09 23:26:40,43.3293342590332,-8.49861335754395,"Unknown"
"6227756",371834,2025-09-09 23:36:48,43.3293571472168,-8.49849224090576,"Unknown"
"6227756",371834,2025-09-09 23:46:48,43.329216003418,-8.49818706512451,"Unknown"
"6227756",371834,2025-09-09 23:57:05,43.3294372558594,-8.49895572662354,"Unknown"
"6227756",371834,2025-09-10 00:06:39,43.3295593261719,-8.49910736083984,"Unknown"
"6227756",371834,2025-09-10 00:16:39,43.32958984375,-8.49917316436768,"Unknown"
"6227756",371834,2025-09-10 00:26:39,43.329662322998,-8.49930191040039,"Unknown"
"6227756",371834,2025-09-10 00:36:39,43.3297119140625,-8.49925518035889,"Unknown"
"6227756",371834,2025-09-10 00:46:39,43.3296127319336,-8.49916458129883,"Unknown"
"6227756",371834,2025-09-10 00:56:41,43.3296585083008,-8.49915409088135,"Unknown"
"6227756",371834,2025-09-10 01:06:42,43.329906463623,-8.49955749511719,"Unknown"
"6227756",371834,2025-09-10 01:17:05,43.3295135498047,-8.49900054931641,"Unknown"
"6227756",371834,2025-09-10 01:26:39,43.3295555114746,-8.49893188476562,"Unknown"
"6227756",371834,2025-09-10 01:36:39,43.3295631408691,-8.49887752532959,"Unknown"
"6227756",371834,2025-09-10 01:46:39,43.3295097351074,-8.49886894226074,"Unknown"
"6227756",371834,2025-09-10 01:56:43,43.3294906616211,-8.49895668029785,"Unknown"
"6227756",371834,2025-09-10 02:06:43,43.3295516967773,-8.49889087677002,"Unknown"
"6227756",371834,2025-09-10 02:16:45,43.3294906616211,-8.4989595413208,"Unknown"
"6227756",371834,2025-09-10 02:26:43,43.3294563293457,-8.49890804290771,"Unknown"
"6227756",371834,2025-09-10 02:36:46,43.3293991088867,-8.49900150299072,"Unknown"
"6227756",371834,2025-09-10 02:47:05,43.3295059204102,-8.49896335601807,"Unknown"
"6227756",371834,2025-09-10 02:56:39,43.3295211791992,-8.49900436401367,"Unknown"
"6227756",371834,2025-09-10 03:06:39,43.3295059204102,-8.49895477294922,"Unknown"
"6227756",371834,2025-09-10 03:16:39,43.3295211791992,-8.49897193908691,"Unknown"
"6227756",371834,2025-09-10 03:26:41,43.3295097351074,-8.49897766113281,"Unknown"
"6227756",371834,2025-09-10 03:36:41,43.3294944763184,-8.49896144866943,"Unknown"
"6227756",371834,2025-09-10 03:46:43,43.3294296264648,-8.4990062713623,"Unknown"
"6227756",371834,2025-09-10 03:56:41,43.3295936584473,-8.49911880493164,"Unknown"
"6227756",371834,2025-09-10 04:06:43,43.3294639587402,-8.49906158447266,"Unknown"
"6227756",371834,2025-09-10 04:16:43,43.3294525146484,-8.49905014038086,"Unknown"
"6227756",371834,2025-09-10 04:27:05,43.3295059204102,-8.49906635284424,"Unknown"
"6227756",371834,2025-09-10 04:36:39,43.3294982910156,-8.49907493591309,"Unknown"
"6227756",371834,2025-09-10 04:46:39,43.3295135498047,-8.49899864196777,"Unknown"
"6227756",371834,2025-09-10 04:56:39,43.3294830322266,-8.49904823303223,"Unknown"
"6227756",371834,2025-09-10 05:06:39,43.3294982910156,-8.49907112121582,"Unknown"
"6227756",371834,2025-09-10 05:16:39,43.3295860290527,-8.49906826019287,"Unknown"
"6227756",371834,2025-09-10 05:26:39,43.3294486999512,-8.49893665313721,"Unknown"
"6227756",371834,2025-09-10 05:36:40,43.3294525146484,-8.49899768829346,"Unknown"
"6227756",371834,2025-09-10 05:46:41,43.329532623291,-8.49906921386719,"Unknown"
"6227756",371834,2025-09-10 05:56:43,43.3294906616211,-8.49903106689453,"Unknown"
"6227756",371834,2025-09-10 06:06:45,43.3293991088867,-8.4989652633667,"Unknown"
"6227756",371834,2025-09-10 06:17:26,43.3294448852539,-8.49903202056885,"Unknown"
"6227756",371834,2025-09-10 06:26:39,43.3294830322266,-8.498948097229,"Unknown"
"6227756",371834,2025-09-10 06:36:40,43.3294143676758,-8.49893283843994,"Unknown"
"6227756",371834,2025-09-10 06:47:14,43.3294715881348,-8.49900436401367,"Unknown"
"6227756",371834,2025-09-10 06:56:39,43.3295516967773,-8.49908256530762,"Unknown"
"6227756",371834,2025-09-10 07:06:43,43.3294944763184,-8.49900436401367,"Unknown"
"6227756",371834,2025-09-10 07:16:43,43.3294563293457,-8.4990119934082,"Unknown"
"6227756",371834,2025-09-10 07:26:47,43.3288040161133,-8.49898242950439,"Unknown"
"6227756",371834,2025-09-10 07:37:05,43.3293685913086,-8.49922752380371,"Unknown"
"6227756",371834,2025-09-10 07:47:14,43.3295936584473,-8.49886226654053,"Unknown"
"6227756",371834,2025-09-10 07:56:42,43.3296394348145,-8.49914741516113,"Unknown"
"6227756",371834,2025-09-10 08:06:43,43.3295745849609,-8.49895095825195,"Unknown"
"6227756",371834,2025-09-10 08:16:48,43.3296051025391,-8.49892520904541,"Unknown"
"6227756",371834,2025-09-10 08:27:05,43.3295707702637,-8.49897289276123,"Unknown"
"6227756",371834,2025-09-10 08:36:43,43.3295059204102,-8.49898147583008,"Unknown"
"6227756",371834,2025-09-10 08:46:40,43.3293418884277,-8.49903774261475,"Unknown"
"6227756",371834,2025-09-10 08:56:40,43.3294639587402,-8.49898719787598,"Unknown"
"6227756",371834,2025-09-10 09:06:39,43.329418182373,-8.4990119934082,"Unknown"
"6227756",371834,2025-09-10 09:16:39,43.3294334411621,-8.49897766113281,"Unknown"
"6227756",371834,2025-09-10 09:26:41,43.329475402832,-8.49898529052734,"Unknown"
"6227756",371834,2025-09-10 09:36:41,43.329418182373,-8.49891376495361,"Unknown"
"6227756",371834,2025-09-10 09:46:40,43.329418182373,-8.49890899658203,"Unknown"
"6227756",371834,2025-09-10 09:57:05,43.3294944763184,-8.49900722503662,"Unknown"
"6227756",371834,2025-09-10 10:06:39,43.3295249938965,-8.49907398223877,"Unknown"
"6227756",371834,2025-09-10 10:16:40,43.3294486999512,-8.49898719787598,"Unknown"
"6227756",371834,2025-09-10 10:26:39,43.3295211791992,-8.49908351898193,"Unknown"
"6227756",371834,2025-09-10 10:36:43,43.3295059204102,-8.49904251098633,"Unknown"
"6227756",371834,2025-09-10 10:46:43,43.3295059204102,-8.49900913238525,"Unknown"
"6227756",371834,2025-09-10 10:56:43,43.3294792175293,-8.49896812438965,"Unknown"
"6227756",371834,2025-09-10 11:07:14,43.3295021057129,-8.49904632568359,"Unknown"
"6227756",371834,2025-09-10 11:16:39,43.3294830322266,-8.4989070892334,"Unknown"
"6227756",371834,2025-09-10 11:26:39,43.3295059204102,-8.49909019470215,"Unknown"
"6227756",371834,2025-09-10 11:36:40,43.3294525146484,-8.49905681610107,"Unknown"
"6227756",371834,2025-09-10 11:47:05,43.3295021057129,-8.49899101257324,"Unknown"
"6227756",371834,2025-09-10 11:56:48,43.3294792175293,-8.49897193908691,"Unknown"
"6227756",371834,2025-09-10 12:07:05,43.3294868469238,-8.4990062713623,"Unknown"
"6227756",371834,2025-09-10 12:16:39,43.329460144043,-8.49898147583008,"Unknown"
"6227756",371834,2025-09-10 12:26:39,43.3293190002441,-8.49894428253174,"Unknown"
"6227756",371834,2025-09-10 12:36:40,43.3294715881348,-8.49904537200928,"Unknown"
"6227756",371834,2025-09-10 12:46:48,43.3293876647949,-8.49900817871094,"Unknown"
"6227756",371834,2025-09-10 12:56:45,43.3294563293457,-8.49896335601807,"Unknown"
"6227756",371834,2025-09-10 13:06:42,43.3296699523926,-8.4993257522583,"Unknown"
"6227756",371834,2025-09-10 13:16:41,43.3296318054199,-8.49927711486816,"Unknown"
"6227756",371834,2025-09-10 13:26:41,43.3295860290527,-8.49938011169434,"Unknown"
"6227756",371834,2025-09-10 13:37:01,43.329475402832,-8.49903964996338,"Unknown"
"6227756",371834,2025-09-10 13:46:39,43.3294296264648,-8.49918460845947,"Unknown"
"6227756",371834,2025-09-10 13:56:39,43.3293952941895,-8.49921321868896,"Unknown"
"6227756",371834,2025-09-10 14:06:40,43.3294906616211,-8.49910163879395,"Unknown"
"6227756",371834,2025-09-10 14:16:40,43.3294448852539,-8.49906253814697,"Unknown"
"6227756",371834,2025-09-10 14:26:40,43.3294563293457,-8.49912261962891,"Unknown"
"6227756",371834,2025-09-10 14:36:40,43.3294906616211,-8.49913120269775,"Unknown"
"6227756",371834,2025-09-10 14:46:40,43.3294525146484,-8.49885368347168,"Unknown"
"6227756",371834,2025-09-10 14:56:41,43.3294906616211,-8.4989013671875,"Unknown"
"6227756",371834,2025-09-10 15:06:40,43.3294830322266,-8.49899482727051,"Unknown"
"6227756",371834,2025-09-10 15:17:05,43.3294563293457,-8.49898719787598,"Unknown"
"6227756",371834,2025-09-10 15:26:39,43.3294410705566,-8.4990062713623,"Unknown"
"6227756",371834,2025-09-10 15:36:39,43.3294715881348,-8.49901008605957,"Unknown"
"6227756",371834,2025-09-10 15:46:39,43.3294868469238,-8.49900150299072,"Unknown"
"6227756",371834,2025-09-10 15:56:40,43.3295555114746,-8.49909114837646,"Unknown"
"6227756",371834,2025-09-10 16:06:39,43.3296241760254,-8.49920463562012,"Unknown"
"6227756",371834,2025-09-10 16:16:39,43.3295707702637,-8.49910354614258,"Unknown"
"6227756",371834,2025-09-10 16:26:47,43.3293647766113,-8.49890422821045,"Unknown"
"6227756",371834,2025-09-10 16:36:47,43.3294944763184,-8.498948097229,"Unknown"
"6227756",371834,2025-09-10 16:46:42,43.3294296264648,-8.49947261810303,"Unknown"
"6227756",371834,2025-09-10 16:56:43,43.3295021057129,-8.4988431930542,"Unknown"
"6227756",371834,2025-09-10 17:06:45,43.3294792175293,-8.49891376495361,"Unknown"
"6227756",371834,2025-09-10 17:16:55,43.3294906616211,-8.49887466430664,"Unknown"
"6227756",371834,2025-09-10 17:27:03,43.329460144043,-8.49895572662354,"Unknown"
"6227756",371834,2025-09-10 17:36:39,43.329418182373,-8.49898529052734,"Unknown"
"6227756",371834,2025-09-10 17:46:39,43.3294639587402,-8.49899864196777,"Unknown"
"6227756",371834,2025-09-10 17:56:39,43.3294525146484,-8.49898242950439,"Unknown"
"6227756",371834,2025-09-10 18:06:39,43.3294372558594,-8.49896335601807,"Unknown"
"6227756",371834,2025-09-10 18:16:39,43.3294486999512,-8.49899482727051,"Unknown"
"6227756",371834,2025-09-10 18:26:39,43.329402923584,-8.49892711639404,"Unknown"
"6227756",371834,2025-09-10 18:36:40,43.3294677734375,-8.4989595413208,"Unknown"
"6227756",371834,2025-09-10 18:46:42,43.3293647766113,-8.49890232086182,"Unknown"
"6227756",371834,2025-09-10 18:56:46,43.329460144043,-8.49895668029785,"Unknown"
"6227756",371834,2025-09-10 19:06:45,43.3295364379883,-8.49895668029785,"Unknown"
"6227756",371834,2025-09-10 19:16:47,43.3294486999512,-8.4988956451416,"Unknown"
"6227756",371834,2025-09-10 19:26:52,43.3295135498047,-8.49893474578857,"Unknown"
"6227756",371834,2025-09-10 19:36:52,43.3294830322266,-8.49893665313721,"Unknown"
"6227756",371834,2025-09-10 19:47:01,43.3294448852539,-8.49891948699951,"Unknown"
"6227756",371834,2025-09-10 19:57:10,43.3295364379883,-8.49895477294922,"Unknown"
"6227756",371834,2025-09-10 20:06:43,43.3295593261719,-8.49897384643555,"Unknown"
"6227756",371834,2025-09-10 20:16:40,43.3290939331055,-8.49852085113525,"Unknown"
"6227756",371834,2025-09-10 20:26:43,43.3294296264648,-8.4989185333252,"Unknown"
"6227756",371834,2025-09-10 20:36:43,43.3295135498047,-8.49895858764648,"Unknown"
"6227756",371834,2025-09-10 20:47:05,43.3294982910156,-8.49899196624756,"Unknown"
"6227756",371834,2025-09-10 20:56:39,43.3294830322266,-8.49901485443115,"Unknown"
"6227756",371834,2025-09-10 21:06:39,43.329475402832,-8.49899101257324,"Unknown"
"6227756",371834,2025-09-10 21:16:39,43.3294563293457,-8.49904251098633,"Unknown"
"6227756",371834,2025-09-10 21:26:39,43.329532623291,-8.49904537200928,"Unknown"
"6227756",371834,2025-09-10 21:36:45,43.3294982910156,-8.49901866912842,"Unknown"
"6227756",371834,2025-09-10 21:46:39,43.3294944763184,-8.49900054931641,"Unknown"
"6227756",371834,2025-09-10 21:56:40,43.3292083740234,-8.49867916107178,"Unknown"
"6227756",371834,2025-09-10 22:07:05,43.3295211791992,-8.49903774261475,"Unknown"
"6227756",371834,2025-09-10 22:16:43,43.3294982910156,-8.49901103973389,"Unknown"
"6227756",371834,2025-09-10 22:26:41,43.3295783996582,-8.49911499023438,"Unknown"
"6227756",371834,2025-09-10 22:37:14,43.3294067382812,-8.49900531768799,"Unknown"
"6227756",371834,2025-09-10 22:46:39,43.3294906616211,-8.49899387359619,"Unknown"
"6227756",371834,2025-09-10 22:56:40,43.3294944763184,-8.49901103973389,"Unknown"
"6227756",371834,2025-09-10 23:06:40,43.3294792175293,-8.49897575378418,"Unknown"
"6227756",371834,2025-09-10 23:16:43,43.3294677734375,-8.49896240234375,"Unknown"
"6227756",371834,2025-09-10 23:26:50,43.3294334411621,-8.49898815155029,"Unknown"
"6227756",371834,2025-09-10 23:37:14,43.3295860290527,-8.49909019470215,"Unknown"
"6227756",371834,2025-09-10 23:46:40,43.3296585083008,-8.49939918518066,"Unknown"
"6227756",371834,2025-09-10 23:57:05,43.3296012878418,-8.49906158447266,"Unknown"
"6227756",371834,2025-09-11 00:06:40,43.3300018310547,-8.49938869476318,"Unknown"
"6227756",371834,2025-09-11 00:16:40,43.3304290771484,-8.49976348876953,"Unknown"
"6227756",371834,2025-09-11 00:26:40,43.3297080993652,-8.49919414520264,"Unknown"
"6227756",371834,2025-09-11 00:36:49,43.3294563293457,-8.49896430969238,"Unknown"
"6227756",371834,2025-09-11 00:46:48,43.3294563293457,-8.49892330169678,"Unknown"
"6227756",371834,2025-09-11 00:56:48,43.3294448852539,-8.49892044067383,"Unknown"
"6227756",371834,2025-09-11 01:06:48,43.3294067382812,-8.49894142150879,"Unknown"
"6227756",371834,2025-09-11 01:16:50,43.3294677734375,-8.49895286560059,"Unknown"
"6227756",371834,2025-09-11 01:27:19,43.3295249938965,-8.49898433685303,"Unknown"
"6227756",371834,2025-09-11 01:36:39,43.3295593261719,-8.498948097229,"Unknown"
"6227756",371834,2025-09-11 01:46:39,43.329460144043,-8.49892139434814,"Unknown"
"6227756",371834,2025-09-11 01:56:39,43.3294792175293,-8.49900245666504,"Unknown"
"6227756",371834,2025-09-11 02:06:39,43.3295288085938,-8.49895668029785,"Unknown"
"6227756",371834,2025-09-11 02:16:39,43.3294563293457,-8.49892520904541,"Unknown"
"6227756",371834,2025-09-11 02:26:40,43.3295021057129,-8.4989595413208,"Unknown"
"6227756",371834,2025-09-11 02:36:39,43.3294372558594,-8.49886322021484,"Unknown"
"6227756",371834,2025-09-11 02:46:41,43.3293228149414,-8.49890422821045,"Unknown"
"6227756",371834,2025-09-11 02:56:43,43.3294982910156,-8.49932384490967,"Unknown"
"6227756",371834,2025-09-11 03:06:48,43.329460144043,-8.4990119934082,"Unknown"
"6227756",371834,2025-09-11 03:17:05,43.3294639587402,-8.49902153015137,"Unknown"
"6227756",371834,2025-09-11 03:26:39,43.3294448852539,-8.49904918670654,"Unknown"
"6227756",371834,2025-09-11 03:36:41,43.3294258117676,-8.4990062713623,"Unknown"
"6227756",371834,2025-09-11 03:46:40,43.3293190002441,-8.49869537353516,"Unknown"
"6227756",371834,2025-09-11 03:56:57,43.3294830322266,-8.49908638000488,"Unknown"
"6227756",371834,2025-09-11 04:07:05,43.329532623291,-8.49907970428467,"Unknown"
"6227756",371834,2025-09-11 04:16:39,43.3294830322266,-8.49897289276123,"Unknown"
"6227756",371834,2025-09-11 04:26:39,43.3294525146484,-8.49907112121582,"Unknown"
"6227756",371834,2025-09-11 04:36:39,43.3295021057129,-8.49900722503662,"Unknown"
"6227756",371834,2025-09-11 04:46:39,43.3295135498047,-8.49896812438965,"Unknown"
"6227756",371834,2025-09-11 04:56:39,43.3294715881348,-8.49902439117432,"Unknown"
"6227756",371834,2025-09-11 05:06:39,43.3294486999512,-8.49899291992188,"Unknown"
"6227756",371834,2025-09-11 05:16:39,43.329475402832,-8.49900245666504,"Unknown"
"6227756",371834,2025-09-11 05:26:39,43.3295440673828,-8.49900341033936,"Unknown"
"6227756",371834,2025-09-11 05:36:40,43.3294830322266,-8.4990234375,"Unknown"
"6227756",371834,2025-09-11 05:46:42,43.32958984375,-8.49904823303223,"Unknown"
"6227756",371834,2025-09-11 05:56:45,43.3296165466309,-8.49895286560059,"Unknown"
"6227756",371834,2025-09-11 06:07:05,43.3295440673828,-8.49901676177979,"Unknown"
"6227756",371834,2025-09-11 06:16:39,43.3295364379883,-8.49901866912842,"Unknown"
"6227756",371834,2025-09-11 06:26:39,43.3295402526855,-8.49911022186279,"Unknown"
"6227756",371834,2025-09-11 06:36:39,43.3294982910156,-8.49901962280273,"Unknown"
"6227756",371834,2025-09-11 06:46:40,43.3295059204102,-8.49899864196777,"Unknown"
"6227756",371834,2025-09-11 06:56:41,43.3293991088867,-8.49891376495361,"Unknown"
"6227756",371834,2025-09-11 07:06:42,43.3296012878418,-8.4990701675415,"Unknown"
"6227756",371834,2025-09-11 07:17:05,43.3295364379883,-8.4989013671875,"Unknown"
"6227756",371834,2025-09-11 07:26:40,43.3295440673828,-8.49886894226074,"Unknown"
"6227756",371834,2025-09-11 07:36:41,43.3294639587402,-8.4989767074585,"Unknown"
"6227756",371834,2025-09-11 07:46:40,43.3294563293457,-8.4988899230957,"Unknown"
"6227756",371834,2025-09-11 07:56:43,43.3294258117676,-8.49906826019287,"Unknown"
"6227756",371834,2025-09-11 08:06:43,43.329517364502,-8.49895858764648,"Unknown"
"6227756",371834,2025-09-11 08:17:05,43.329402923584,-8.4990291595459,"Unknown"
"6227756",371834,2025-09-11 08:26:40,43.3294906616211,-8.49906635284424,"Unknown"
"6227756",371834,2025-09-11 08:36:39,43.3294258117676,-8.4990701675415,"Unknown"
"6227756",371834,2025-09-11 08:46:39,43.3295021057129,-8.49905681610107,"Unknown"
"6227756",371834,2025-09-11 08:56:41,43.3295021057129,-8.49917984008789,"Unknown"
"6227756",371834,2025-09-11 09:06:39,43.3294105529785,-8.49895191192627,"Unknown"
"6227756",371834,2025-09-11 09:16:40,43.3293609619141,-8.49885940551758,"Unknown"
"6227756",371834,2025-09-11 09:26:40,43.3294105529785,-8.49899864196777,"Unknown"
"6227756",371834,2025-09-11 09:36:40,43.3292541503906,-8.49885749816895,"Unknown"
"6227756",371834,2025-09-11 09:46:47,43.3295669555664,-8.49908065795898,"Unknown"
"6227756",371834,2025-09-11 09:57:14,43.3294677734375,-8.49899482727051,"Unknown"
"6227756",371834,2025-09-11 10:06:39,43.329418182373,-8.49900436401367,"Unknown"
"6227756",371834,2025-09-11 10:16:40,43.3294639587402,-8.49909782409668,"Unknown"
"6227756",371834,2025-09-11 10:26:39,43.3293037414551,-8.49893665313721,"Unknown"
"6227756",371834,2025-09-11 10:36:41,43.329029083252,-8.49855899810791,"Unknown"
"6227756",371834,2025-09-11 10:46:43,43.3296241760254,-8.49914836883545,"Unknown"
"6227756",371834,2025-09-11 10:56:48,43.3295745849609,-8.49916553497314,"Unknown"
"6227756",371834,2025-09-11 11:07:05,43.3295135498047,-8.4990234375,"Unknown"
"6227756",371834,2025-09-11 11:16:47,43.3294868469238,-8.49900913238525,"Unknown"
"6227756",371834,2025-09-11 11:26:46,43.3294715881348,-8.49902820587158,"Unknown"
"6227756",371834,2025-09-11 11:36:43,43.329460144043,-8.49899864196777,"Unknown"
"6227756",371834,2025-09-11 11:46:47,43.3294906616211,-8.49898242950439,"Unknown"
"6227756",371834,2025-09-11 11:56:48,43.3294906616211,-8.49910545349121,"Unknown"
"6227756",371834,2025-09-11 12:07:05,43.3294792175293,-8.49900436401367,"Unknown"
"6227756",371834,2025-09-11 12:16:39,43.3294410705566,-8.49891948699951,"Unknown"
"6227756",371834,2025-09-11 12:26:39,43.3293304443359,-8.4988431930542,"Unknown"
"6227756",371834,2025-09-11 12:36:42,43.3290557861328,-8.49865913391113,"Unknown"
"6227756",371834,2025-09-11 12:46:48,43.3295097351074,-8.49900054931641,"Unknown"
"6227756",371834,2025-09-11 12:56:41,43.3296546936035,-8.49923515319824,"Unknown"
"6227756",371834,2025-09-11 13:06:41,43.3296813964844,-8.49917316436768,"Unknown"
"6227756",371834,2025-09-11 13:16:42,43.3295440673828,-8.4990873336792,"Unknown"
"6227756",371834,2025-09-11 13:26:46,43.3294906616211,-8.49902153015137,"Unknown"
"6227756",371834,2025-09-11 13:36:45,43.3294715881348,-8.49896907806396,"Unknown"
"6227756",371834,2025-09-11 13:47:05,43.3294868469238,-8.49898147583008,"Unknown"
"6227756",371834,2025-09-11 13:56:39,43.3295822143555,-8.49897956848145,"Unknown"
"6227756",371834,2025-09-11 14:06:40,43.3295021057129,-8.498948097229,"Unknown"
"6227756",371834,2025-09-11 14:16:40,43.3294334411621,-8.49905490875244,"Unknown"
"6227756",371834,2025-09-11 14:26:43,43.3294639587402,-8.49903678894043,"Unknown"
"6227756",371834,2025-09-11 14:36:47,43.3295059204102,-8.49897956848145,"Unknown"
"6227756",371834,2025-09-11 14:46:42,43.329345703125,-8.49904537200928,"Unknown"
"6227756",371834,2025-09-11 14:56:48,43.329517364502,-8.49897289276123,"Unknown"
"6227756",371834,2025-09-11 15:07:05,43.3295059204102,-8.49898719787598,"Unknown"
"6227756",371834,2025-09-11 15:16:39,43.3293609619141,-8.49899005889893,"Unknown"
"6227756",371834,2025-09-11 15:26:40,43.3294410705566,-8.49898529052734,"Unknown"
"6227756",371834,2025-09-11 15:36:39,43.3295516967773,-8.49902439117432,"Unknown"
"6227756",371834,2025-09-11 15:46:39,43.3293876647949,-8.49893569946289,"Unknown"
"6227756",371834,2025-09-11 15:56:39,43.3295860290527,-8.49911594390869,"Unknown"
"6227756",371834,2025-09-11 16:06:51,43.329532623291,-8.4989538192749,"Unknown"
"6227756",371834,2025-09-11 16:16:41,43.3294105529785,-8.49883365631104,"Unknown"
"6227756",371834,2025-09-11 16:26:56,43.329517364502,-8.49892902374268,"Unknown"
"6227756",371834,2025-09-11 16:36:41,43.3295478820801,-8.49949836730957,"Unknown"
"6227756",371834,2025-09-11 16:46:43,43.3295288085938,-8.49893665313721,"Unknown"
"6227756",371834,2025-09-11 16:56:45,43.3295021057129,-8.49898242950439,"Unknown"
"6227756",371834,2025-09-11 17:06:46,43.3294792175293,-8.49902629852295,"Unknown"
"6227756",371834,2025-09-11 17:16:58,43.3294715881348,-8.49909973144531,"Unknown"
"6227756",371834,2025-09-11 17:26:48,43.3294258117676,-8.49924468994141,"Unknown"
"6227756",371834,2025-09-11 17:37:05,43.3294944763184,-8.49898624420166,"Unknown"
"6227756",371834,2025-09-11 17:46:40,43.3294296264648,-8.49896907806396,"Unknown"
"6227756",371834,2025-09-11 17:56:40,43.3294105529785,-8.49896812438965,"Unknown"
"6227756",371834,2025-09-11 18:06:43,43.3294677734375,-8.49895191192627,"Unknown"
"6227756",371834,2025-09-11 18:16:48,43.3294563293457,-8.4989538192749,"Unknown"
"6227756",371834,2025-09-11 18:26:46,43.3294792175293,-8.49895668029785,"Unknown"
"6227756",371834,2025-09-11 18:36:46,43.3294906616211,-8.49899101257324,"Unknown"
"6227756",371834,2025-09-11 18:46:47,43.3294830322266,-8.49896049499512,"Unknown"
"6227756",371834,2025-09-11 18:56:42,43.3294219970703,-8.49892997741699,"Unknown"
"6227756",371834,2025-09-11 19:06:52,43.3294792175293,-8.49893951416016,"Unknown"
"6227756",371834,2025-09-11 19:17:05,43.329475402832,-8.49894618988037,"Unknown"
"6227756",371834,2025-09-11 19:26:42,43.3295402526855,-8.49901962280273,"Unknown"
"6227756",371834,2025-09-11 19:36:45,43.329532623291,-8.49891185760498,"Unknown"
"6227756",371834,2025-09-11 19:47:08,43.3295135498047,-8.49888706207275,"Unknown"
"6227756",371834,2025-09-11 19:57:14,43.3294410705566,-8.49896621704102,"Unknown"
"6227756",371834,2025-09-11 20:06:41,43.3296356201172,-8.49910926818848,"Unknown"
"6227756",371834,2025-09-11 20:16:41,43.3294525146484,-8.49903297424316,"Unknown"
"6227756",371834,2025-09-11 20:26:40,43.3294868469238,-8.49911022186279,"Unknown"
"6227756",371834,2025-09-11 20:36:40,43.3295402526855,-8.49912452697754,"Unknown"
"6227756",371834,2025-09-11 20:47:05,43.3294868469238,-8.49898624420166,"Unknown"
"6227756",371834,2025-09-11 20:56:40,43.3294677734375,-8.49897003173828,"Unknown"
"6227756",371834,2025-09-11 21:06:41,43.3294448852539,-8.49897384643555,"Unknown"
"6227756",371834,2025-09-11 21:16:40,43.3294448852539,-8.49894714355469,"Unknown"
"6227756",371834,2025-09-11 21:26:40,43.3295021057129,-8.49898338317871,"Unknown"
"6227756",371834,2025-09-11 21:36:40,43.3294563293457,-8.49892997741699,"Unknown"
"6227756",371834,2025-09-11 21:46:40,43.3294563293457,-8.49898624420166,"Unknown"
"6227756",371834,2025-09-11 21:56:40,43.3294296264648,-8.49892234802246,"Unknown"
"6227756",371834,2025-09-11 22:06:40,43.329475402832,-8.4989595413208,"Unknown"
"6227756",371834,2025-09-11 22:16:48,43.3295669555664,-8.49908542633057,"Unknown"
"6227756",371834,2025-09-11 22:26:48,43.3295249938965,-8.49909210205078,"Unknown"
"6227756",371834,2025-09-11 22:37:14,43.3295860290527,-8.49899864196777,"Unknown"
"6227756",371834,2025-09-11 22:46:40,43.3295974731445,-8.49920082092285,"Unknown"
"6227756",371834,2025-09-11 22:56:41,43.3294982910156,-8.49902725219727,"Unknown"
"6227756",371834,2025-09-11 23:06:47,43.3295021057129,-8.49899291992188,"Unknown"
"6227756",371834,2025-09-11 23:16:41,43.3294448852539,-8.49897766113281,"Unknown"
"6227756",371834,2025-09-11 23:26:46,43.329517364502,-8.49908065795898,"Unknown"
"6227756",371834,2025-09-11 23:37:05,43.3295555114746,-8.49901485443115,"Unknown"
"6227756",371834,2025-09-11 23:46:46,43.3294715881348,-8.49905300140381,"Unknown"
"6227756",371834,2025-09-11 23:56:47,43.3293876647949,-8.49898815155029,"Unknown"
"6227756",371834,2025-09-12 00:06:48,43.3294067382812,-8.49905776977539,"Unknown"
"6227756",371834,2025-09-12 00:16:48,43.329475402832,-8.49910831451416,"Unknown"
"6227756",371834,2025-09-12 00:27:05,43.3294677734375,-8.49896621704102,"Unknown"
"6227756",371834,2025-09-12 00:36:42,43.329761505127,-8.49945259094238,"Unknown"
"6227756",371834,2025-09-12 00:46:48,43.3294868469238,-8.49894523620605,"Unknown"
"6227756",371834,2025-09-12 00:56:48,43.3294868469238,-8.4989709854126,"Unknown"
"6227756",371834,2025-09-12 01:07:05,43.3293724060059,-8.49894714355469,"Unknown"
"6227756",371834,2025-09-12 01:16:41,43.3294906616211,-8.49893951416016,"Unknown"
"6227756",371834,2025-09-12 01:27:11,43.329475402832,-8.4989538192749,"Unknown"
"6227756",371834,2025-09-12 01:36:51,43.329460144043,-8.49893856048584,"Unknown"
"6227756",371834,2025-09-12 01:47:05,43.3295249938965,-8.49892425537109,"Unknown"
"6227756",371834,2025-09-12 01:56:40,43.3294944763184,-8.49895477294922,"Unknown"
"6227756",371834,2025-09-12 02:06:40,43.3294105529785,-8.49900341033936,"Unknown"
"6227756",371834,2025-09-12 02:16:40,43.3294944763184,-8.49888896942139,"Unknown"
"6227756",371834,2025-09-12 02:26:41,43.3294448852539,-8.49921607971191,"Unknown"
"6227756",371834,2025-09-12 02:36:40,43.3295364379883,-8.49859809875488,"Unknown"
"6227756",371834,2025-09-12 02:47:05,43.3295211791992,-8.49900245666504,"Unknown"
"6227756",371834,2025-09-12 02:56:46,43.3294982910156,-8.49900341033936,"Unknown"
"6227756",371834,2025-09-12 03:06:40,43.3294944763184,-8.49906730651855,"Unknown"
"6227756",371834,2025-09-12 03:16:49,43.3294563293457,-8.49902439117432,"Unknown"
"6227756",371834,2025-09-12 03:26:53,43.3294639587402,-8.49899673461914,"Unknown"
"6227756",371834,2025-09-12 03:37:05,43.3294677734375,-8.49901485443115,"Unknown"
"6227756",371834,2025-09-12 03:46:40,43.329402923584,-8.49899959564209,"Unknown"
"6227756",371834,2025-09-12 03:56:40,43.3295059204102,-8.49896335601807,"Unknown"
"6227756",371834,2025-09-12 04:06:42,43.3293800354004,-8.49911499023438,"Unknown"
"6227756",371834,2025-09-12 04:16:40,43.3295402526855,-8.49940967559814,"Unknown"
"6227756",371834,2025-09-12 04:26:41,43.3294792175293,-8.4991979598999,"Unknown"
"6227756",371834,2025-09-12 04:36:42,43.3295288085938,-8.49907493591309,"Unknown"
"6227756",371834,2025-09-12 04:46:48,43.3295288085938,-8.49904251098633,"Unknown"
"6227756",371834,2025-09-12 04:56:48,43.3295631408691,-8.49901390075684,"Unknown"
"6227756",371834,2025-09-12 05:06:48,43.3295516967773,-8.4990119934082,"Unknown"
"6227756",371834,2025-09-12 05:16:48,43.3295593261719,-8.49897003173828,"Unknown"
"6227756",371834,2025-09-12 05:26:48,43.3295021057129,-8.49895858764648,"Unknown"
"6227756",371834,2025-09-12 05:36:47,43.3294448852539,-8.49892997741699,"Unknown"
"6227756",371834,2025-09-12 05:46:46,43.3295211791992,-8.49891948699951,"Unknown"
"6227756",371834,2025-09-12 05:57:05,43.3294639587402,-8.49902629852295,"Unknown"
"6227756",371834,2025-09-12 06:06:46,43.3294715881348,-8.4990406036377,"Unknown"
"6227756",371834,2025-09-12 06:16:43,43.3295211791992,-8.49900150299072,"Unknown"
"6227756",371834,2025-09-12 06:27:14,43.3295478820801,-8.49904155731201,"Unknown"
"6227756",371834,2025-09-12 06:36:40,43.3295097351074,-8.49905395507812,"Unknown"
"6227756",371834,2025-09-12 06:46:41,43.3294296264648,-8.49897766113281,"Unknown"
"6227756",371834,2025-09-12 06:56:41,43.3292694091797,-8.49875068664551,"Unknown"
"6227756",371834,2025-09-12 07:06:46,43.3293876647949,-8.49895286560059,"Unknown"
"6227756",371834,2025-09-12 07:17:05,43.3294639587402,-8.4990348815918,"Unknown"
"6227756",371834,2025-09-12 07:26:48,43.3293609619141,-8.4990758895874,"Unknown"
"6227756",371834,2025-09-12 07:36:50,43.3292198181152,-8.49921321868896,"Unknown"
"6227756",371834,2025-09-12 07:47:05,43.3294525146484,-8.49902629852295,"Unknown"
"6227756",371834,2025-09-12 07:56:42,43.3294448852539,-8.49896335601807,"Unknown"
"6227756",371834,2025-09-12 08:07:05,43.3294296264648,-8.4990291595459,"Unknown"
"6227756",371834,2025-09-12 08:16:40,43.3294944763184,-8.49904441833496,"Unknown"
"6227756",371834,2025-09-12 08:26:40,43.3294944763184,-8.49903202056885,"Unknown"
"6227756",371834,2025-09-12 08:37:05,43.3294792175293,-8.49903202056885,"Unknown"
"6227756",371834,2025-09-12 08:46:40,43.3294868469238,-8.49903011322021,"Unknown"
"6227756",371834,2025-09-12 08:56:40,43.3294868469238,-8.49901962280273,"Unknown"
"6227756",371834,2025-09-12 09:06:40,43.329475402832,-8.49902057647705,"Unknown"
"6227756",371834,2025-09-12 09:16:40,43.3294982910156,-8.49905395507812,"Unknown"
"6227756",371834,2025-09-12 09:26:40,43.329475402832,-8.49902153015137,"Unknown"
"6227756",371834,2025-09-12 09:36:40,43.329517364502,-8.49907302856445,"Unknown"
"6227756",371834,2025-09-12 09:46:49,43.3295669555664,-8.49907684326172,"Unknown"
"6227756",371834,2025-09-12 09:57:05,43.3294639587402,-8.49901294708252,"Unknown"
"6227756",371834,2025-09-12 10:06:40,43.3294715881348,-8.4989709854126,"Unknown"
"6227756",371834,2025-09-12 10:16:40,43.3295135498047,-8.49905014038086,"Unknown"
"6227756",371834,2025-09-12 10:26:40,43.3295211791992,-8.49905490875244,"Unknown"
"6227756",371834,2025-09-12 10:36:42,43.3294410705566,-8.49897956848145,"Unknown"
"6227756",371834,2025-09-12 10:46:46,43.3294525146484,-8.4990348815918,"Unknown"
"6227756",371834,2025-09-12 10:57:14,43.3296165466309,-8.49905204772949,"Unknown"
"6227756",371834,2025-09-12 11:06:45,43.3295288085938,-8.4990177154541,"Unknown"
"6227756",371834,2025-09-12 11:16:40,43.3295822143555,-8.49911689758301,"Unknown"
"6227756",371834,2025-09-12 11:26:43,43.3295745849609,-8.49904346466064,"Unknown"
"6227756",371834,2025-09-12 11:36:43,43.3296051025391,-8.49903774261475,"Unknown"
"6227756",371834,2025-09-12 11:47:05,43.3294792175293,-8.49901485443115,"Unknown"
"6227756",371834,2025-09-12 11:56:40,43.3294067382812,-8.49898910522461,"Unknown"
"6227756",371834,2025-09-12 12:06:40,43.3294563293457,-8.49896049499512,"Unknown"
"6227756",371834,2025-09-12 12:16:40,43.3293876647949,-8.49899005889893,"Unknown"
"6227756",371834,2025-09-12 12:26:41,43.3295783996582,-8.49906635284424,"Unknown"
"6227756",371834,2025-09-12 12:36:54,43.3295097351074,-8.49898433685303,"Unknown"
"6227756",371834,2025-09-12 12:46:47,43.3295211791992,-8.49899482727051,"Unknown"
"6227756",371834,2025-09-12 12:56:42,43.3294372558594,-8.49887180328369,"Unknown"
"6227756",371834,2025-09-12 13:06:42,43.3295745849609,-8.4990348815918,"Unknown"
"6227756",371834,2025-09-12 13:16:42,43.329517364502,-8.49900817871094,"Unknown"
"6227756",371834,2025-09-12 13:26:54,43.329517364502,-8.4989709854126,"Unknown"
"6227756",371834,2025-09-12 13:37:05,43.3295097351074,-8.49897766113281,"Unknown"
"6227756",371834,2025-09-12 13:46:40,43.3295135498047,-8.49893379211426,"Unknown"
"6227756",371834,2025-09-12 13:56:40,43.3294143676758,-8.49906349182129,"Unknown"
"6227756",371834,2025-09-12 14:06:40,43.3294868469238,-8.49904251098633,"Unknown"
"6227756",371834,2025-09-12 14:16:40,43.3294830322266,-8.49904632568359,"Unknown"
"6227756",371834,2025-09-12 14:26:40,43.329475402832,-8.49894905090332,"Unknown"
"6227756",371834,2025-09-12 14:36:40,43.3293991088867,-8.49904918670654,"Unknown"
"6227756",371834,2025-09-12 14:46:41,43.3294906616211,-8.49904441833496,"Unknown"
"6227756",371834,2025-09-12 14:56:42,43.3294792175293,-8.49905204772949,"Unknown"
"6227756",371834,2025-09-12 15:06:51,43.3294525146484,-8.49903583526611,"Unknown"
"6227756",371834,2025-09-12 15:16:51,43.3294448852539,-8.49903106689453,"Unknown"
"6227756",371834,2025-09-12 15:26:56,43.3294219970703,-8.49903106689453,"Unknown"
"6227756",371834,2025-09-12 15:36:52,43.3294448852539,-8.49904632568359,"Unknown"
"6227756",371834,2025-09-12 15:47:05,43.3294982910156,-8.49898624420166,"Unknown"
"6227756",371834,2025-09-12 15:56:40,43.3295249938965,-8.49920463562012,"Unknown"
"6227756",371834,2025-09-12 16:07:05,43.3295440673828,-8.49897003173828,"Unknown"
"6227756",371834,2025-09-12 16:16:42,43.3295516967773,-8.49904346466064,"Unknown"
"6227756",371834,2025-09-12 16:26:41,43.3294525146484,-8.49907112121582,"Unknown"
"6227756",371834,2025-09-12 16:36:41,43.3295822143555,-8.49902629852295,"Unknown"
"6227756",371834,2025-09-12 16:46:41,43.3295516967773,-8.49916076660156,"Unknown"
"6227756",371834,2025-09-12 16:56:41,43.3296661376953,-8.49912548065186,"Unknown"
"6227756",371834,2025-09-12 17:06:41,43.3296394348145,-8.4991340637207,"Unknown"
"6227756",371834,2025-09-12 17:16:41,43.3296852111816,-8.49916839599609,"Unknown"
"6227756",371834,2025-09-12 17:26:42,43.3297271728516,-8.49916172027588,"Unknown"
"6227756",371834,2025-09-12 17:37:05,43.3294486999512,-8.49897480010986,"Unknown"
"6227756",371834,2025-09-12 17:46:41,43.3294410705566,-8.4989709854126,"Unknown"
"6227756",371834,2025-09-12 17:56:40,43.3293724060059,-8.49895477294922,"Unknown"
"6227756",371834,2025-09-12 18:06:43,43.3292961120605,-8.49894714355469,"Unknown"
"6227756",371834,2025-09-12 18:16:48,43.3293876647949,-8.49893856048584,"Unknown"
"6227756",371834,2025-09-12 18:26:52,43.3293800354004,-8.49899196624756,"Unknown"
"6227756",371834,2025-09-12 18:36:53,43.3294105529785,-8.49891471862793,"Unknown"
"6227756",371834,2025-09-12 18:46:57,43.3293724060059,-8.49892330169678,"Unknown"
"6227756",371834,2025-09-12 18:57:01,43.3294258117676,-8.49893093109131,"Unknown"
"6227756",371834,2025-09-12 19:06:40,43.3295936584473,-8.49905586242676,"Unknown"
"6227756",371834,2025-09-12 19:16:43,43.3294906616211,-8.49897766113281,"Unknown"
"6227756",371834,2025-09-12 19:26:42,43.3295478820801,-8.49899768829346,"Unknown"
"6227756",371834,2025-09-12 19:36:46,43.3295211791992,-8.49897956848145,"Unknown"
"6227756",371834,2025-09-12 19:47:05,43.3295516967773,-8.49900531768799,"Unknown"
"6227756",371834,2025-09-12 19:57:05,43.329532623291,-8.4989709854126,"Unknown"
"6227756",371834,2025-09-12 20:07:05,43.3295211791992,-8.49896335601807,"Unknown"
"6227756",371834,2025-09-12 20:16:40,43.3294715881348,-8.498948097229,"Unknown"
"6227756",371834,2025-09-12 20:26:40,43.3295021057129,-8.4989709854126,"Unknown"
"6227756",371834,2025-09-12 20:36:40,43.3294792175293,-8.4990062713623,"Unknown"
"6227756",371834,2025-09-12 20:46:40,43.329460144043,-8.49897956848145,"Unknown"
"6227756",371834,2025-09-12 20:56:40,43.3294334411621,-8.49898147583008,"Unknown"
"6227756",371834,2025-09-12 21:06:40,43.3294525146484,-8.49897480010986,"Unknown"
"6227756",371834,2025-09-12 21:16:40,43.329460144043,-8.49897003173828,"Unknown"
"6227756",371834,2025-09-12 21:26:40,43.329418182373,-8.49891090393066,"Unknown"
"6227756",371834,2025-09-12 21:36:40,43.329418182373,-8.49893188476562,"Unknown"
"6227756",371834,2025-09-12 21:46:40,43.3295135498047,-8.49902153015137,"Unknown"
"6227756",371834,2025-09-12 21:56:42,43.329418182373,-8.49889850616455,"Unknown"
"6227756",371834,2025-09-12 22:06:45,43.3295135498047,-8.49900817871094,"Unknown"
"6227756",371834,2025-09-12 22:16:42,43.3295135498047,-8.49899578094482,"Unknown"
"6227756",371834,2025-09-12 22:27:14,43.3295593261719,-8.49904155731201,"Unknown"
"6227756",371834,2025-09-12 22:36:40,43.3295707702637,-8.49909973144531,"Unknown"
"6227756",371834,2025-09-12 22:47:05,43.329475402832,-8.4989595413208,"Unknown"
"6227756",371834,2025-09-12 22:56:48,43.3294525146484,-8.4988899230957,"Unknown"
"6227756",371834,2025-09-12 23:06:55,43.3294639587402,-8.49886226654053,"Unknown"
"6227756",371834,2025-09-12 23:16:54,43.3294563293457,-8.49881839752197,"Unknown"
"6227756",371834,2025-09-12 23:26:48,43.3293418884277,-8.49846076965332,"Unknown"
"6227756",371834,2025-09-12 23:37:14,43.3294334411621,-8.49902534484863,"Unknown"
"6227756",371834,2025-09-12 23:46:40,43.3293800354004,-8.49893760681152,"Unknown"
"6227756",371834,2025-09-12 23:56:45,43.3294334411621,-8.49898242950439,"Unknown"
"6227756",371834,2025-09-13 00:06:45,43.3294105529785,-8.49889850616455,"Unknown"
"6227756",371834,2025-09-13 00:16:46,43.3293037414551,-8.49874687194824,"Unknown"
"6227756",371834,2025-09-13 00:26:42,43.3292961120605,-8.4987154006958,"Unknown"
"6227756",371834,2025-09-13 00:37:05,43.3294258117676,-8.49897480010986,"Unknown"
"6227756",371834,2025-09-13 00:46:49,43.3294448852539,-8.49900722503662,"Unknown"
"6227756",371834,2025-09-13 00:56:48,43.329418182373,-8.49899482727051,"Unknown"
"6227756",371834,2025-09-13 01:07:14,43.3293838500977,-8.49908065795898,"Unknown"
"6227756",371834,2025-09-13 01:16:47,43.3295211791992,-8.4989070892334,"Unknown"
"6227756",371834,2025-09-13 01:27:05,43.3295211791992,-8.49897193908691,"Unknown"
"6227756",371834,2025-09-13 01:36:41,43.3296165466309,-8.49901390075684,"Unknown"
"6227756",371834,2025-09-13 01:46:40,43.3295631408691,-8.49892711639404,"Unknown"
"6227756",371834,2025-09-13 01:57:05,43.3294982910156,-8.49894237518311,"Unknown"
"6227756",371834,2025-09-13 02:06:40,43.329460144043,-8.49897480010986,"Unknown"
"6227756",371834,2025-09-13 02:16:40,43.3294792175293,-8.49899101257324,"Unknown"
"6227756",371834,2025-09-13 02:26:40,43.3294563293457,-8.49900436401367,"Unknown"
"6227756",371834,2025-09-13 02:36:40,43.3294868469238,-8.49898242950439,"Unknown"
"6227756",371834,2025-09-13 02:46:40,43.3294563293457,-8.49899005889893,"Unknown"
"6227756",371834,2025-09-13 02:56:40,43.329475402832,-8.49895095825195,"Unknown"
"6227756",371834,2025-09-13 03:06:40,43.3294563293457,-8.49902057647705,"Unknown"
"6227756",371834,2025-09-13 03:16:40,43.3294982910156,-8.49901294708252,"Unknown"
"6227756",371834,2025-09-13 03:26:42,43.3293495178223,-8.4990816116333,"Unknown"
"6227756",371834,2025-09-13 03:36:42,43.3294982910156,-8.49903297424316,"Unknown"
"6227756",371834,2025-09-13 03:47:05,43.3294944763184,-8.49903011322021,"Unknown"
"6227756",371834,2025-09-13 03:56:42,43.3294906616211,-8.49905300140381,"Unknown"
"6227756",371834,2025-09-13 04:06:40,43.3293876647949,-8.49907493591309,"Unknown"
"6227756",371834,2025-09-13 04:16:42,43.3295249938965,-8.49897956848145,"Unknown"
"6227756",371834,2025-09-13 04:26:41,43.3295135498047,-8.49908638000488,"Unknown"
"6227756",371834,2025-09-13 04:36:41,43.32958984375,-8.49903011322021,"Unknown"
"6227756",371834,2025-09-13 04:46:41,43.3295783996582,-8.49903106689453,"Unknown"
"6227756",371834,2025-09-13 04:56:41,43.32958984375,-8.49904632568359,"Unknown"
"6227756",371834,2025-09-13 05:06:41,43.32958984375,-8.49905109405518,"Unknown"
"6227756",371834,2025-09-13 05:16:41,43.3296661376953,-8.49906921386719,"Unknown"
"6227756",371834,2025-09-13 05:26:42,43.3297348022461,-8.49921226501465,"Unknown"
"6227756",371834,2025-09-13 05:36:43,43.3298072814941,-8.49907112121582,"Unknown"
"6227756",371834,2025-09-13 05:46:50,43.3298416137695,-8.49896049499512,"Unknown"
"6227756",371834,2025-09-13 05:56:53,43.3298225402832,-8.49887084960938,"Unknown"
"6227756",371834,2025-09-13 06:07:14,43.3294334411621,-8.49900722503662,"Unknown"
"6227756",371834,2025-09-13 06:16:42,43.3292961120605,-8.49900054931641,"Unknown"
"6227756",371834,2025-09-13 06:26:41,43.3293838500977,-8.4990062713623,"Unknown"
"6227756",371834,2025-09-13 06:36:42,43.329475402832,-8.4990062713623,"Unknown"
"6227756",371834,2025-09-13 06:46:59,43.3294639587402,-8.49896430969238,"Unknown"
"6227756",371834,2025-09-13 06:57:03,43.3294830322266,-8.49896240234375,"Unknown"
"6227756",371834,2025-09-13 07:06:43,43.3293914794922,-8.49893474578857,"Unknown"
"6227756",371834,2025-09-13 07:17:14,43.329418182373,-8.49900722503662,"Unknown"
"6227756",371834,2025-09-13 07:26:44,43.3295402526855,-8.49899864196777,"Unknown"
"6227756",371834,2025-09-13 07:36:47,43.3293800354004,-8.49895191192627,"Unknown"
"6227756",371834,2025-09-13 07:47:05,43.3295097351074,-8.49899673461914,"Unknown"
"6227756",371834,2025-09-13 07:56:42,43.3295135498047,-8.49897956848145,"Unknown"
"6227756",371834,2025-09-13 08:06:42,43.3295021057129,-8.49900913238525,"Unknown"
"6227756",371834,2025-09-13 08:16:42,43.3294563293457,-8.49905681610107,"Unknown"
"6227756",371834,2025-09-13 08:26:42,43.3294906616211,-8.49899673461914,"Unknown"
"6227756",371834,2025-09-13 08:36:43,43.3294906616211,-8.4990119934082,"Unknown"
"6227756",371834,2025-09-13 08:46:42,43.3294868469238,-8.49901962280273,"Unknown"
"6227756",371834,2025-09-13 08:56:43,43.3295135498047,-8.49902153015137,"Unknown"
"6227756",371834,2025-09-13 09:06:43,43.3295478820801,-8.4990177154541,"Unknown"
"6227756",371834,2025-09-13 09:16:44,43.3295364379883,-8.49903774261475,"Unknown"
"6227756",371834,2025-09-13 09:26:43,43.329532623291,-8.49906921386719,"Unknown"
"6227756",371834,2025-09-13 09:36:46,43.3295097351074,-8.49902248382568,"Unknown"
"6227756",371834,2025-09-13 09:47:06,43.3294715881348,-8.49898147583008,"Unknown"
"6227756",371834,2025-09-13 09:56:41,43.3296394348145,-8.49917030334473,"Unknown"
"6227756",371834,2025-09-13 10:06:42,43.3293190002441,-8.49875926971436,"Unknown"
"6227756",371834,2025-09-13 10:16:49,43.3294944763184,-8.49898910522461,"Unknown"
"6227756",371834,2025-09-13 10:26:49,43.329517364502,-8.49903869628906,"Unknown"
"6227756",371834,2025-09-13 10:36:49,43.3295135498047,-8.49903583526611,"Unknown"
"6227756",371834,2025-09-13 10:46:55,43.3295631408691,-8.49909496307373,"Unknown"
"6227756",371834,2025-09-13 10:57:05,43.3295059204102,-8.49903106689453,"Unknown"
"6227756",371834,2025-09-13 11:06:49,43.329532623291,-8.49902629852295,"Unknown"
"6227756",371834,2025-09-13 11:16:49,43.329517364502,-8.49904346466064,"Unknown"
"6227756",371834,2025-09-13 11:26:48,43.3295364379883,-8.49900150299072,"Unknown"
"6227756",371834,2025-09-13 11:36:52,43.3295135498047,-8.49903297424316,"Unknown"
"6227756",371834,2025-09-13 11:47:05,43.329517364502,-8.49899768829346,"Unknown"
"6227756",371834,2025-09-13 11:56:41,43.3295097351074,-8.49900245666504,"Unknown"
"6227756",371834,2025-09-13 12:06:49,43.3294906616211,-8.49900817871094,"Unknown"
"6227756",371834,2025-09-13 12:16:46,43.3295059204102,-8.49897003173828,"Unknown"
"6227756",371834,2025-09-13 12:26:48,43.3298721313477,-8.49917507171631,"Unknown"
"6227756",371834,2025-09-13 12:36:52,43.3295021057129,-8.49897480010986,"Unknown"
"6227756",371834,2025-09-13 12:46:52,43.3294982910156,-8.4989767074585,"Unknown"
"6227756",371834,2025-09-13 12:56:56,43.329532623291,-8.49896621704102,"Unknown"
"6227756",371834,2025-09-13 13:06:53,43.3295059204102,-8.49898242950439,"Unknown"
"6227756",371834,2025-09-13 13:16:58,43.3295211791992,-8.49897480010986,"Unknown"
"6227756",371834,2025-09-13 13:26:55,43.3295021057129,-8.49894332885742,"Unknown"
"6227756",371834,2025-09-13 13:37:05,43.3295059204102,-8.49897766113281,"Unknown"
"6227756",371834,2025-09-13 13:46:41,43.3295021057129,-8.49898052215576,"Unknown"
"6227756",371834,2025-09-13 13:56:41,43.3295211791992,-8.49903202056885,"Unknown"
"6227756",371834,2025-09-13 14:06:41,43.3294372558594,-8.4990234375,"Unknown"
"6227756",371834,2025-09-13 14:16:41,43.329475402832,-8.49902153015137,"Unknown"
"6227756",371834,2025-09-13 14:26:42,43.3294639587402,-8.49901676177979,"Unknown"
"6227756",371834,2025-09-13 14:36:43,43.3293571472168,-8.49905967712402,"Unknown"
"6227756",371834,2025-09-13 14:46:43,43.3294067382812,-8.49902439117432,"Unknown"
"6227756",371834,2025-09-13 14:57:05,43.3294715881348,-8.49901485443115,"Unknown"
"6227756",371834,2025-09-13 15:06:41,43.3294906616211,-8.49899578094482,"Unknown"
"6227756",371834,2025-09-13 15:16:41,43.3295249938965,-8.49900436401367,"Unknown"
"6227756",371834,2025-09-13 15:26:41,43.3294525146484,-8.49896049499512,"Unknown"
"6227756",371834,2025-09-13 15:36:41,43.3294715881348,-8.49894142150879,"Unknown"
"6227756",371834,2025-09-13 15:46:41,43.3295822143555,-8.49908828735352,"Unknown"
"6227756",371834,2025-09-13 15:56:41,43.3293113708496,-8.49874114990234,"Unknown"
"6227756",371834,2025-09-13 16:07:05,43.3294868469238,-8.49896430969238,"Unknown"
"6227756",371834,2025-09-13 16:16:47,43.3295249938965,-8.49906921386719,"Unknown"
"6227756",371834,2025-09-13 16:27:14,43.3294868469238,-8.49895477294922,"Unknown"
"6227756",371834,2025-09-13 16:36:42,43.3295707702637,-8.49918937683105,"Unknown"
"6227756",371834,2025-09-13 16:46:46,43.3293075561523,-8.49898147583008,"Unknown"
"6227756",371834,2025-09-13 16:56:43,43.3293304443359,-8.49884033203125,"Unknown"
"6227756",371834,2025-09-13 17:06:43,43.3294258117676,-8.49897861480713,"Unknown"
"6227756",371834,2025-09-13 17:16:44,43.3294486999512,-8.49894905090332,"Unknown"
"6227756",371834,2025-09-13 17:26:57,43.3294258117676,-8.49896907806396,"Unknown"
"6227756",371834,2025-09-13 17:36:56,43.3294067382812,-8.49896430969238,"Unknown"
"6227756",371834,2025-09-13 17:46:53,43.3293952941895,-8.49891471862793,"Unknown"
"6227756",371834,2025-09-13 17:56:54,43.3294219970703,-8.49893283843994,"Unknown"
"6227756",371834,2025-09-13 18:07:05,43.3294525146484,-8.49895286560059,"Unknown"
"6227756",371834,2025-09-13 18:16:42,43.3295631408691,-8.49901580810547,"Unknown"
"6227756",371834,2025-09-13 18:26:43,43.3294486999512,-8.49892997741699,"Unknown"
"6227756",371834,2025-09-13 18:36:47,43.3292961120605,-8.49886894226074,"Unknown"
"6227756",371834,2025-09-13 18:46:45,43.3293800354004,-8.49889945983887,"Unknown"
"6227756",371834,2025-09-13 18:56:51,43.3295288085938,-8.49896335601807,"Unknown"
"6227756",371834,2025-09-13 19:06:56,43.3295707702637,-8.49898910522461,"Unknown"
"6227756",371834,2025-09-13 19:16:56,43.3295364379883,-8.49900817871094,"Unknown"
"6227756",371834,2025-09-13 19:26:56,43.3295288085938,-8.4990062713623,"Unknown"
"6227756",371834,2025-09-13 19:36:56,43.3295822143555,-8.49901580810547,"Unknown"
"6227756",371834,2025-09-13 19:47:15,43.32958984375,-8.49896240234375,"Unknown"
"6227756",371834,2025-09-13 19:56:47,43.3292846679688,-8.49889850616455,"Unknown"
"6227756",371834,2025-09-13 20:06:47,43.3286247253418,-8.49863147735596,"Unknown"
"6227756",371834,2025-09-13 20:16:45,43.3296127319336,-8.49902725219727,"Unknown"
"6227756",371834,2025-09-13 20:26:43,43.3295440673828,-8.49908351898193,"Unknown"
"6227756",371834,2025-09-13 20:37:05,43.3294868469238,-8.49902534484863,"Unknown"
"6227756",371834,2025-09-13 20:46:41,43.3294792175293,-8.49898433685303,"Unknown"
"6227756",371834,2025-09-13 20:56:41,43.3294982910156,-8.49898719787598,"Unknown"
"6227756",371834,2025-09-13 21:06:41,43.3294410705566,-8.49895191192627,"Unknown"
"6227756",371834,2025-09-13 21:16:41,43.3294143676758,-8.49893951416016,"Unknown"
"6227756",371834,2025-09-13 21:26:41,43.3294067382812,-8.49893856048584,"Unknown"
"6227756",371834,2025-09-13 21:36:41,43.329402923584,-8.49889659881592,"Unknown"
"6227756",371834,2025-09-13 21:46:42,43.329402923584,-8.4989128112793,"Unknown"
"6227756",371834,2025-09-13 21:56:42,43.3295059204102,-8.49900150299072,"Unknown"
"6227756",371834,2025-09-13 22:06:50,43.3296165466309,-8.49912929534912,"Unknown"
"6227756",371834,2025-09-13 22:16:45,43.3294258117676,-8.498948097229,"Unknown"
"6227756",371834,2025-09-13 22:27:12,43.3294486999512,-8.49902725219727,"Unknown"
"6227756",371834,2025-09-13 22:36:41,43.3294486999512,-8.49911689758301,"Unknown"
"6227756",371834,2025-09-13 22:47:14,43.3294830322266,-8.49903678894043,"Unknown"
"6227756",371834,2025-09-13 22:56:42,43.329517364502,-8.4990758895874,"Unknown"
"6227756",371834,2025-09-13 23:06:44,43.3295288085938,-8.49904632568359,"Unknown"
"6227756",371834,2025-09-13 23:16:41,43.3294982910156,-8.49902248382568,"Unknown"
"6227756",371834,2025-09-13 23:26:50,43.3295440673828,-8.49910068511963,"Unknown"
"6227756",371834,2025-09-13 23:37:05,43.3295669555664,-8.49903964996338,"Unknown"
"6227756",371834,2025-09-13 23:47:07,43.3296127319336,-8.49906349182129,"Unknown"
"6227756",371834,2025-09-13 23:57:14,43.3295631408691,-8.49902534484863,"Unknown"
"6227756",371834,2025-09-14 00:06:44,43.3295631408691,-8.49910068511963,"Unknown"
"6227756",371834,2025-09-14 00:16:45,43.3295364379883,-8.4990348815918,"Unknown"
"6227756",371834,2025-09-14 00:26:45,43.3297309875488,-8.49924087524414,"Unknown"
"6227756",371834,2025-09-14 00:36:49,43.3294448852539,-8.49897384643555,"Unknown"
"6227756",371834,2025-09-14 00:46:57,43.3294448852539,-8.49900341033936,"Unknown"
"6227756",371834,2025-09-14 00:57:05,43.3293991088867,-8.49894428253174,"Unknown"
"6227756",371834,2025-09-14 01:06:43,43.3294792175293,-8.4989767074585,"Unknown"
"6227756",371834,2025-09-14 01:16:48,43.329402923584,-8.49899005889893,"Unknown"
"6227756",371834,2025-09-14 01:27:05,43.3295097351074,-8.49893188476562,"Unknown"
"6227756",371834,2025-09-14 01:36:44,43.3293952941895,-8.49900913238525,"Unknown"
"6227756",371834,2025-09-14 01:46:41,43.3293876647949,-8.49894046783447,"Unknown"
"6227756",371834,2025-09-14 01:56:41,43.3294410705566,-8.49889183044434,"Unknown"
"6227756",371834,2025-09-14 02:06:41,43.3294982910156,-8.49895477294922,"Unknown"
"6227756",371834,2025-09-14 02:16:42,43.3294143676758,-8.49923515319824,"Unknown"
"6227756",371834,2025-09-14 02:26:42,43.3295135498047,-8.49928283691406,"Unknown"
"6227756",371834,2025-09-14 02:36:42,43.3294639587402,-8.49921703338623,"Unknown"
"6227756",371834,2025-09-14 02:46:42,43.3294792175293,-8.49924278259277,"Unknown"
"6227756",371834,2025-09-14 02:56:42,43.3294525146484,-8.49922466278076,"Unknown"
"6227756",371834,2025-09-14 03:06:42,43.3296012878418,-8.49929428100586,"Unknown"
"6227756",371834,2025-09-14 03:16:42,43.3296051025391,-8.49936199188232,"Unknown"
"6227756",371834,2025-09-14 03:26:43,43.3295860290527,-8.49933815002441,"Unknown"
"6227756",371834,2025-09-14 03:36:42,43.3296699523926,-8.49929332733154,"Unknown"
"6227756",371834,2025-09-14 03:46:47,43.3297538757324,-8.49922752380371,"Unknown"
"6227756",371834,2025-09-14 03:56:46,43.3298835754395,-8.49921417236328,"Unknown"
"6227756",371834,2025-09-14 04:07:05,43.3295402526855,-8.49904441833496,"Unknown"
"6227756",371834,2025-09-14 04:16:41,43.3294906616211,-8.49898529052734,"Unknown"
"6227756",371834,2025-09-14 04:26:41,43.3294525146484,-8.49905776977539,"Unknown"
"6227756",371834,2025-09-14 04:36:41,43.3294639587402,-8.49904251098633,"Unknown"
"6227756",371834,2025-09-14 04:46:41,43.3295669555664,-8.49907112121582,"Unknown"
"6227756",371834,2025-09-14 04:56:41,43.3294944763184,-8.49901580810547,"Unknown"
"6227756",371834,2025-09-14 05:06:42,43.3295364379883,-8.4990406036377,"Unknown"
"6227756",371834,2025-09-14 05:16:42,43.3295059204102,-8.49903583526611,"Unknown"
"6227756",371834,2025-09-14 05:26:43,43.329662322998,-8.49914169311523,"Unknown"
"6227756",371834,2025-09-14 05:37:05,43.3295021057129,-8.49900817871094,"Unknown"
"6227756",371834,2025-09-14 05:46:41,43.3294982910156,-8.49904441833496,"Unknown"
"6227756",371834,2025-09-14 05:56:41,43.3294677734375,-8.49899196624756,"Unknown"
"6227756",371834,2025-09-14 06:06:41,43.3295021057129,-8.49904918670654,"Unknown"
"6227756",371834,2025-09-14 06:16:41,43.3294563293457,-8.49902534484863,"Unknown"
"6227756",371834,2025-09-14 06:26:41,43.3294982910156,-8.49904727935791,"Unknown"
"6227756",371834,2025-09-14 06:36:41,43.3294525146484,-8.49900913238525,"Unknown"
"6227756",371834,2025-09-14 06:46:44,43.3294982910156,-8.49897766113281,"Unknown"
"6227756",371834,2025-09-14 06:56:54,43.3294448852539,-8.49895668029785,"Unknown"
"6227756",371834,2025-09-14 07:07:05,43.3295249938965,-8.49895286560059,"Unknown"
"6227756",371834,2025-09-14 07:16:43,43.3300170898438,-8.4989652633667,"Unknown"
"6227756",371834,2025-09-14 07:26:49,43.3295211791992,-8.49896717071533,"Unknown"
"6227756",371834,2025-09-14 07:36:44,43.3294868469238,-8.49899291992188,"Unknown"
"6227756",371834,2025-09-14 07:46:43,43.3292770385742,-8.49904155731201,"Unknown"
"6227756",371834,2025-09-14 07:57:23,43.3294715881348,-8.49901485443115,"Unknown"
"6227756",371834,2025-09-14 08:06:41,43.3295135498047,-8.49896049499512,"Unknown"
"6227756",371834,2025-09-14 08:16:41,43.3295135498047,-8.49900054931641,"Unknown"
"6227756",371834,2025-09-14 08:26:41,43.3294830322266,-8.4990177154541,"Unknown"
"6227756",371834,2025-09-14 08:36:41,43.3295478820801,-8.49897861480713,"Unknown"
"6227756",371834,2025-09-14 08:46:41,43.3294982910156,-8.49899768829346,"Unknown"
"6227756",371834,2025-09-14 08:56:41,43.3294639587402,-8.49901294708252,"Unknown"
"6227756",371834,2025-09-14 09:06:41,43.3294944763184,-8.49903964996338,"Unknown"
"6227756",371834,2025-09-14 09:16:41,43.3295059204102,-8.49897766113281,"Unknown"
"6227756",371834,2025-09-14 09:26:42,43.3295059204102,-8.4990348815918,"Unknown"
"6227756",371834,2025-09-14 09:36:43,43.3294944763184,-8.49903106689453,"Unknown"
"6227756",371834,2025-09-14 09:47:05,43.3294830322266,-8.49898338317871,"Unknown"
"6227756",371834,2025-09-14 09:56:41,43.3293952941895,-8.49887561798096,"Unknown"
"6227756",371834,2025-09-14 10:06:43,43.3294563293457,-8.49888896942139,"Unknown"
"6227756",371834,2025-09-14 10:16:55,43.3294906616211,-8.49904727935791,"Unknown"
"6227756",371834,2025-09-14 10:26:49,43.3295021057129,-8.49905109405518,"Unknown"
"6227756",371834,2025-09-14 10:36:49,43.3295021057129,-8.49900817871094,"Unknown"
"6227756",371834,2025-09-14 10:47:05,43.3294868469238,-8.4990291595459,"Unknown"
"6227756",371834,2025-09-14 10:56:59,43.3294639587402,-8.49905395507812,"Unknown"
"6227756",371834,2025-09-14 11:06:49,43.3294944763184,-8.49900436401367,"Unknown"
"6227756",371834,2025-09-14 11:16:55,43.3295135498047,-8.49899196624756,"Unknown"
"6227756",371834,2025-09-14 11:26:49,43.3294906616211,-8.49900436401367,"Unknown"
"6227756",371834,2025-09-14 11:37:05,43.3294982910156,-8.49900245666504,"Unknown"
"6227756",371834,2025-09-14 11:46:42,43.3294944763184,-8.49896621704102,"Unknown"
"6227756",371834,2025-09-14 11:56:42,43.3294105529785,-8.49910068511963,"Unknown"
"6227756",371834,2025-09-14 12:06:55,43.3294792175293,-8.49898338317871,"Unknown"
"6227756",371834,2025-09-14 12:16:55,43.3294677734375,-8.49899101257324,"Unknown"
"6227756",371834,2025-09-14 12:26:55,43.3294792175293,-8.49899673461914,"Unknown"
"6227756",371834,2025-09-14 12:36:56,43.3294944763184,-8.49897861480713,"Unknown"
"6227756",371834,2025-09-14 12:46:56,43.3294982910156,-8.49898815155029,"Unknown"
"6227756",371834,2025-09-14 12:56:57,43.3294982910156,-8.4989767074585,"Unknown"
"6227756",371834,2025-09-14 13:06:57,43.3294868469238,-8.49898910522461,"Unknown"
"6227756",371834,2025-09-14 13:16:48,43.3294944763184,-8.49894618988037,"Unknown"
"6227756",371834,2025-09-14 13:27:05,43.329517364502,-8.49898338317871,"Unknown"
"6227756",371834,2025-09-14 13:36:42,43.3293685913086,-8.49913787841797,"Unknown"
"6227756",371834,2025-09-14 13:46:42,43.3295021057129,-8.49898624420166,"Unknown"
"6227756",371834,2025-09-14 13:56:42,43.3294715881348,-8.49905395507812,"Unknown"
"6227756",371834,2025-09-14 14:06:42,43.3294792175293,-8.49904727935791,"Unknown"
"6227756",371834,2025-09-14 14:16:42,43.3294677734375,-8.49906826019287,"Unknown"
"6227756",371834,2025-09-14 14:26:42,43.329475402832,-8.49900436401367,"Unknown"
"6227756",371834,2025-09-14 14:36:42,43.3294448852539,-8.49900436401367,"Unknown"
"6227756",371834,2025-09-14 14:46:42,43.3294410705566,-8.49904346466064,"Unknown"
"6227756",371834,2025-09-14 14:56:42,43.3295059204102,-8.49900054931641,"Unknown"
"6227756",371834,2025-09-14 15:06:42,43.3295021057129,-8.49895000457764,"Unknown"
"6227756",371834,2025-09-14 15:16:42,43.3294448852539,-8.49899005889893,"Unknown"
"6227756",371834,2025-09-14 15:26:42,43.3294296264648,-8.49894905090332,"Unknown"
"6227756",371834,2025-09-14 15:36:45,43.329647064209,-8.49913787841797,"Unknown"
"6227756",371834,2025-09-14 15:47:05,43.329532623291,-8.49897861480713,"Unknown"
"6227756",371834,2025-09-14 15:56:42,43.3294563293457,-8.49889850616455,"Unknown"
"6227756",371834,2025-09-14 16:06:43,43.3294792175293,-8.49917793273926,"Unknown"
"6227756",371834,2025-09-14 16:16:42,43.329460144043,-8.49916744232178,"Unknown"
"6227756",371834,2025-09-14 16:26:42,43.3294982910156,-8.49928379058838,"Unknown"
"6227756",371834,2025-09-14 16:36:42,43.3295669555664,-8.4991397857666,"Unknown"
"6227756",371834,2025-09-14 16:46:42,43.3294868469238,-8.49900817871094,"Unknown"
"6227756",371834,2025-09-14 16:56:42,43.3295936584473,-8.49905967712402,"Unknown"
"6227756",371834,2025-09-14 17:06:43,43.3294982910156,-8.49902153015137,"Unknown"
"6227756",371834,2025-09-14 17:16:42,43.3294830322266,-8.49906635284424,"Unknown"
"6227756",371834,2025-09-14 17:26:42,43.3294525146484,-8.49905586242676,"Unknown"
"6227756",371834,2025-09-14 17:36:43,43.3294906616211,-8.4990177154541,"Unknown"
"6227756",371834,2025-09-14 17:46:45,43.3296127319336,-8.49908447265625,"Unknown"
"6227756",371834,2025-09-14 17:57:05,43.3294334411621,-8.49897766113281,"Unknown"
"6227756",371834,2025-09-14 18:06:42,43.3295288085938,-8.49898338317871,"Unknown"
"6227756",371834,2025-09-14 18:16:43,43.3292579650879,-8.49884796142578,"Unknown"
"6227756",371834,2025-09-14 18:26:43,43.3293228149414,-8.49888134002686,"Unknown"
"6227756",371834,2025-09-14 18:36:55,43.3295097351074,-8.49900531768799,"Unknown"
"6227756",371834,2025-09-14 18:46:46,43.3294334411621,-8.49896430969238,"Unknown"
"6227756",371834,2025-09-14 18:56:48,43.3294525146484,-8.49893379211426,"Unknown"
"6227756",371834,2025-09-14 19:06:57,43.3296051025391,-8.49899387359619,"Unknown"
"6227756",371834,2025-09-14 19:17:05,43.3295593261719,-8.4987268447876,"Unknown"
"6227756",371834,2025-09-14 19:26:46,43.328929901123,-8.49931907653809,"Unknown"
"6227756",371834,2025-09-14 19:37:04,43.3295059204102,-8.49896049499512,"Unknown"
"6227756",371834,2025-09-14 19:46:42,43.3294296264648,-8.49909210205078,"Unknown"
"6227756",371834,2025-09-14 19:56:42,43.3295097351074,-8.49904441833496,"Unknown"
"6227756",371834,2025-09-14 20:07:05,43.3294563293457,-8.49900054931641,"Unknown"
"6227756",371834,2025-09-14 20:16:42,43.3294677734375,-8.49897956848145,"Unknown"
"6227756",371834,2025-09-14 20:26:42,43.3294448852539,-8.49900054931641,"Unknown"
"6227756",371834,2025-09-14 20:36:42,43.3294334411621,-8.49908065795898,"Unknown"
"6227756",371834,2025-09-14 20:46:42,43.3294868469238,-8.49898815155029,"Unknown"
"6227756",371834,2025-09-14 20:56:42,43.3294868469238,-8.49906635284424,"Unknown"
"6227756",371834,2025-09-14 21:06:42,43.3294486999512,-8.49900531768799,"Unknown"
"6227756",371834,2025-09-14 21:17:05,43.3294143676758,-8.49906921386719,"Unknown"
"6227756",371834,2025-09-14 21:26:42,43.3294448852539,-8.498948097229,"Unknown"
"6227756",371834,2025-09-14 21:36:42,43.3294677734375,-8.49905681610107,"Unknown"
"6227756",371834,2025-09-14 21:46:43,43.3296394348145,-8.49915599822998,"Unknown"
"6227756",371834,2025-09-14 21:56:46,43.329174041748,-8.49870491027832,"Unknown"
"6227756",371834,2025-09-14 22:06:53,43.3295288085938,-8.49903869628906,"Unknown"
"6227756",371834,2025-09-14 22:16:56,43.3293380737305,-8.49900817871094,"Unknown"
"6227756",371834,2025-09-14 22:27:14,43.3294868469238,-8.49898147583008,"Unknown"
"6227756",371834,2025-09-14 22:36:43,43.329460144043,-8.49886894226074,"Unknown"
"6227756",371834,2025-09-14 22:47:14,43.3295097351074,-8.49899291992188,"Unknown"
"6227756",371834,2025-09-14 22:56:43,43.3296394348145,-8.49929141998291,"Unknown"
"6227756",371834,2025-09-14 23:06:43,43.3296394348145,-8.49916839599609,"Unknown"
"6227756",371834,2025-09-14 23:16:44,43.3303642272949,-8.50051498413086,"Unknown"
"6227756",371834,2025-09-14 23:26:56,43.3296089172363,-8.49896144866943,"Unknown"
"6227756",371834,2025-09-14 23:37:05,43.3296737670898,-8.49905300140381,"Unknown"
"6227756",371834,2025-09-14 23:47:12,43.329532623291,-8.49892997741699,"Unknown"
"6227756",371834,2025-09-14 23:56:56,43.3295288085938,-8.49892616271973,"Unknown"
"6227756",371834,2025-09-15 00:08:05,43.3294296264648,-8.49899864196777,"Unknown"
"6227756",371834,2025-09-15 00:16:42,43.3294830322266,-8.49899101257324,"Unknown"
"6227756",371834,2025-09-15 00:26:42,43.3294258117676,-8.49900150299072,"Unknown"
"6227756",371834,2025-09-15 00:36:42,43.3295669555664,-8.49900150299072,"Unknown"
"6227756",371834,2025-09-15 00:46:42,43.3295249938965,-8.49904727935791,"Unknown"
"6227756",371834,2025-09-15 00:56:42,43.3294792175293,-8.4990119934082,"Unknown"
"6227756",371834,2025-09-15 01:06:42,43.3295440673828,-8.49898719787598,"Unknown"
"6227756",371834,2025-09-15 01:16:42,43.3295707702637,-8.49895095825195,"Unknown"
"6227756",371834,2025-09-15 01:26:42,43.3295249938965,-8.49892234802246,"Unknown"
"6227756",371834,2025-09-15 01:36:42,43.3295211791992,-8.49897575378418,"Unknown"
"6227756",371834,2025-09-15 01:46:42,43.3295249938965,-8.49896430969238,"Unknown"
"6227756",371834,2025-09-15 01:56:42,43.3295211791992,-8.49882793426514,"Unknown"
"6227756",371834,2025-09-15 02:06:42,43.3295097351074,-8.49887084960938,"Unknown"
"6227756",371834,2025-09-15 02:16:44,43.3295021057129,-8.49877452850342,"Unknown"
"6227756",371834,2025-09-15 02:26:43,43.3293342590332,-8.49864196777344,"Unknown"
"6227756",371834,2025-09-15 02:37:05,43.3294792175293,-8.49902153015137,"Unknown"
"6227756",371834,2025-09-15 02:46:42,43.3295059204102,-8.49905776977539,"Unknown"
"6227756",371834,2025-09-15 02:56:42,43.3295059204102,-8.49905967712402,"Unknown"
"6227756",371834,2025-09-15 03:06:42,43.3294868469238,-8.49903297424316,"Unknown"
"6227756",371834,2025-09-15 03:16:43,43.3295364379883,-8.49906444549561,"Unknown"
"6227756",371834,2025-09-15 03:26:43,43.329532623291,-8.49908828735352,"Unknown"
"6227756",371834,2025-09-15 03:36:46,43.3295478820801,-8.49911403656006,"Unknown"
"6227756",371834,2025-09-15 03:46:53,43.3294563293457,-8.49906539916992,"Unknown"
"6227756",371834,2025-09-15 03:56:48,43.327751159668,-8.49563121795654,"Unknown"
"6227756",371834,2025-09-15 04:06:46,43.3294639587402,-8.49916076660156,"Unknown"
"6227756",371834,2025-09-15 04:17:05,43.3295021057129,-8.49904632568359,"Unknown"
"6227756",371834,2025-09-15 04:26:42,43.3294639587402,-8.49904632568359,"Unknown"
"6227756",371834,2025-09-15 04:36:42,43.3296241760254,-8.49898052215576,"Unknown"
"6227756",371834,2025-09-15 04:46:42,43.3295249938965,-8.49898529052734,"Unknown"
"6227756",371834,2025-09-15 04:56:42,43.3294944763184,-8.49901103973389,"Unknown"
"6227756",371834,2025-09-15 05:06:42,43.3295364379883,-8.4989070892334,"Unknown"
"6227756",371834,2025-09-15 05:16:42,43.329517364502,-8.49889755249023,"Unknown"
"6227756",371834,2025-09-15 05:26:44,43.3295707702637,-8.49905776977539,"Unknown"
"6227756",371834,2025-09-15 05:36:43,43.3293418884277,-8.49868202209473,"Unknown"
"6227756",371834,2025-09-15 05:46:55,43.3294715881348,-8.49893188476562,"Unknown"
"6227756",371834,2025-09-15 05:56:48,43.3295593261719,-8.49894237518311,"Unknown"
"6227756",371834,2025-09-15 06:07:05,43.3295097351074,-8.49896049499512,"Unknown"
"6227756",371834,2025-09-15 06:16:42,43.3295860290527,-8.49910736083984,"Unknown"
"6227756",371834,2025-09-15 06:27:14,43.3294563293457,-8.49904632568359,"Unknown"
"6227756",371834,2025-09-15 06:36:55,43.3293304443359,-8.49910736083984,"Unknown"
"6227756",371834,2025-09-15 06:47:09,43.329402923584,-8.49907398223877,"Unknown"
"6227756",371834,2025-09-15 06:57:05,43.3295288085938,-8.49898910522461,"Unknown"
"6227756",371834,2025-09-15 07:06:42,43.3295516967773,-8.49896621704102,"Unknown"
"6227756",371834,2025-09-15 07:16:44,43.3295249938965,-8.49899196624756,"Unknown"
"6227756",371834,2025-09-15 07:26:46,43.3295440673828,-8.49896049499512,"Unknown"
"6227756",371834,2025-09-15 07:36:50,43.3295135498047,-8.4990119934082,"Unknown"
"6227756",371834,2025-09-15 07:47:04,43.3295249938965,-8.49896717071533,"Unknown"
"6227756",371834,2025-09-15 07:56:55,43.329517364502,-8.49895477294922,"Unknown"
"6227756",371834,2025-09-15 08:06:55,43.3295478820801,-8.49898624420166,"Unknown"
"6227756",371834,2025-09-15 08:16:55,43.3295555114746,-8.49898433685303,"Unknown"
"6227756",371834,2025-09-15 08:27:05,43.3294906616211,-8.49902057647705,"Unknown"
"6227756",371834,2025-09-15 08:36:42,43.3294944763184,-8.49899578094482,"Unknown"
"6227756",371834,2025-09-15 08:46:42,43.3294830322266,-8.49901390075684,"Unknown"
"6227756",371834,2025-09-15 08:56:42,43.3294906616211,-8.49899959564209,"Unknown"
"6227756",371834,2025-09-15 09:06:42,43.3294906616211,-8.49903869628906,"Unknown"
"6227756",371834,2025-09-15 09:16:42,43.3294715881348,-8.49905395507812,"Unknown"
"6227756",371834,2025-09-15 09:26:42,43.3294982910156,-8.49902248382568,"Unknown"
"6227756",371834,2025-09-15 09:36:45,43.3294792175293,-8.49897480010986,"Unknown"
"6227756",371834,2025-09-15 09:47:05,43.3294792175293,-8.4990062713623,"Unknown"
"6227756",371834,2025-09-15 09:56:43,43.3294067382812,-8.49895763397217,"Unknown"
"6227756",371834,2025-09-15 10:06:45,43.3292427062988,-8.49860191345215,"Unknown"
"6227756",371834,2025-09-15 10:16:55,43.3295135498047,-8.49905586242676,"Unknown"
"6227756",371834,2025-09-15 10:26:55,43.3295249938965,-8.49902534484863,"Unknown"
"6227756",371834,2025-09-15 10:36:55,43.3295822143555,-8.49906444549561,"Unknown"
"6227756",371834,2025-09-15 10:47:05,43.329532623291,-8.49905300140381,"Unknown"
"6227756",371834,2025-09-15 10:56:55,43.3295478820801,-8.49903869628906,"Unknown"
"6227756",371834,2025-09-15 11:06:54,43.3295288085938,-8.49901008605957,"Unknown"
"6227756",371834,2025-09-15 11:16:47,43.3296546936035,-8.4992208480835,"Unknown"
"6227756",371834,2025-09-15 11:26:47,43.3295440673828,-8.49891185760498,"Unknown"
"6227756",371834,2025-09-15 11:37:05,43.3294868469238,-8.49901390075684,"Unknown"
"6227756",371834,2025-09-15 11:46:42,43.329532623291,-8.49906539916992,"Unknown"
"6227756",371834,2025-09-15 11:56:42,43.3295440673828,-8.49901485443115,"Unknown"
"6227756",371834,2025-09-15 12:06:42,43.3295478820801,-8.49903774261475,"Unknown"
"6227756",371834,2025-09-15 12:16:42,43.3295288085938,-8.4990291595459,"Unknown"
"6227756",371834,2025-09-15 12:26:42,43.3295631408691,-8.49907398223877,"Unknown"
"6227756",371834,2025-09-15 12:36:42,43.3295822143555,-8.49903964996338,"Unknown"
"6227756",371834,2025-09-15 12:46:42,43.3295783996582,-8.49907970428467,"Unknown"
"6227756",371834,2025-09-15 12:56:42,43.3295631408691,-8.49909400939941,"Unknown"
"6227756",371834,2025-09-15 13:06:43,43.329719543457,-8.49939727783203,"Unknown"
"6227756",371834,2025-09-15 13:16:45,43.3300933837891,-8.50007820129395,"Unknown"
"6227756",371834,2025-09-15 13:26:54,43.3295097351074,-8.49900817871094,"Unknown"
"6227756",371834,2025-09-15 13:37:05,43.3294906616211,-8.49899578094482,"Unknown"
"6227756",371834,2025-09-15 13:46:42,43.3294792175293,-8.49902820587158,"Unknown"
"6227756",371834,2025-09-15 13:56:42,43.3294868469238,-8.49903011322021,"Unknown"
"6227756",371834,2025-09-15 14:06:42,43.3294677734375,-8.49905872344971,"Unknown"
"6227756",371834,2025-09-15 14:16:42,43.3294906616211,-8.49902439117432,"Unknown"
"6227756",371834,2025-09-15 14:26:42,43.329460144043,-8.49904727935791,"Unknown"
"6227756",371834,2025-09-15 14:36:42,43.329460144043,-8.4990406036377,"Unknown"
"6227756",371834,2025-09-15 14:46:42,43.329475402832,-8.49903011322021,"Unknown"
"6227756",371834,2025-09-15 14:56:43,43.3294143676758,-8.49897956848145,"Unknown"
"6227756",371834,2025-09-15 15:07:05,43.3295135498047,-8.49898815155029,"Unknown"
"6227756",371834,2025-09-15 15:16:42,43.3295059204102,-8.49902057647705,"Unknown"
"6227756",371834,2025-09-15 15:26:42,43.3294563293457,-8.49907207489014,"Unknown"
"6227756",371834,2025-09-15 15:36:42,43.3295059204102,-8.49902439117432,"Unknown"
"6227756",371834,2025-09-15 15:46:42,43.3296051025391,-8.49923896789551,"Unknown"
"6227756",371834,2025-09-15 15:56:42,43.3295021057129,-8.49892616271973,"Unknown"
"6227756",371834,2025-09-15 16:06:42,43.3295097351074,-8.49895572662354,"Unknown"
"6227756",371834,2025-09-15 16:16:42,43.3294982910156,-8.49914264678955,"Unknown"
"6227756",371834,2025-09-15 16:26:42,43.3295021057129,-8.49905490875244,"Unknown"
"6227756",371834,2025-09-15 16:36:42,43.329475402832,-8.49893474578857,"Unknown"
"6227756",371834,2025-09-15 16:46:42,43.3295059204102,-8.49904537200928,"Unknown"
"6227756",371834,2025-09-15 16:56:43,43.3295288085938,-8.49902629852295,"Unknown"
"6227756",371834,2025-09-15 17:06:42,43.3294868469238,-8.49896907806396,"Unknown"
"6227756",371834,2025-09-15 17:16:42,43.3295631408691,-8.49903392791748,"Unknown"
"6227756",371834,2025-09-15 17:26:55,43.3294906616211,-8.4990062713623,"Unknown"
"6227756",371834,2025-09-15 17:36:43,43.3295402526855,-8.49901580810547,"Unknown"
"6227756",371834,2025-09-15 17:46:44,43.3295021057129,-8.49903774261475,"Unknown"
"6227756",371834,2025-09-15 17:56:55,43.3294372558594,-8.49897193908691,"Unknown"
"6227756",371834,2025-09-15 18:07:05,43.3294677734375,-8.49894618988037,"Unknown"
"6227756",371834,2025-09-15 18:16:43,43.3292579650879,-8.49888706207275,"Unknown"
"6227756",371834,2025-09-15 18:26:43,43.3294868469238,-8.49886798858643,"Unknown"
"6227756",371834,2025-09-15 18:36:45,43.3293380737305,-8.49884510040283,"Unknown"
"6227756",371834,2025-09-15 18:46:47,43.329345703125,-8.49875736236572,"Unknown"
"6227756",371834,2025-09-15 18:56:52,43.3295593261719,-8.49898147583008,"Unknown"
"6227756",371834,2025-09-15 19:06:55,43.329517364502,-8.4990406036377,"Unknown"
"6227756",371834,2025-09-15 19:17:05,43.3296127319336,-8.49894618988037,"Unknown"
"6227756",371834,2025-09-15 19:26:55,43.3292694091797,-8.49936771392822,"Unknown"
"6227756",371834,2025-09-15 19:37:05,43.329475402832,-8.49897289276123,"Unknown"
"6227756",371834,2025-09-15 19:46:42,43.3296432495117,-8.49875640869141,"Unknown"
"6227756",371834,2025-09-15 19:56:42,43.329647064209,-8.49866104125977,"Unknown"
"6227756",371834,2025-09-15 20:06:54,43.3294792175293,-8.49901485443115,"Unknown"
"6227756",371834,2025-09-15 20:17:05,43.3295555114746,-8.49887847900391,"Unknown"
"6227756",371834,2025-09-15 20:26:43,43.3295135498047,-8.49892330169678,"Unknown"
"6227756",371834,2025-09-15 20:36:43,43.3294372558594,-8.499098777771,"Unknown"
"6227756",371834,2025-09-15 20:46:43,43.3296356201172,-8.4988431930542,"Unknown"
"6227756",371834,2025-09-15 20:56:45,43.3294982910156,-8.49896907806396,"Unknown"
"6227756",371834,2025-09-15 21:06:48,43.3295211791992,-8.49894332885742,"Unknown"
"6227756",371834,2025-09-15 21:17:05,43.3294906616211,-8.49898815155029,"Unknown"
"6227756",371834,2025-09-15 21:26:42,43.3295059204102,-8.4989709854126,"Unknown"
"6227756",371834,2025-09-15 21:36:42,43.3294906616211,-8.49896049499512,"Unknown"
"6227756",371834,2025-09-15 21:46:43,43.3294677734375,-8.49899387359619,"Unknown"
"6227756",371834,2025-09-15 21:56:43,43.3292045593262,-8.4987096786499,"Unknown"
"6227756",371834,2025-09-15 22:06:43,43.3294448852539,-8.49896049499512,"Unknown"
"6227756",371834,2025-09-15 22:17:09,43.3295211791992,-8.49902629852295,"Unknown"
"6227756",371834,2025-09-15 22:27:15,43.329475402832,-8.49903106689453,"Unknown"
"6227756",371834,2025-09-15 22:36:43,43.3295516967773,-8.4991455078125,"Unknown"
"6227756",371834,2025-09-15 22:47:05,43.3295021057129,-8.4989070892334,"Unknown"
"6227756",371834,2025-09-15 22:56:42,43.3295860290527,-8.49861335754395,"Unknown"
"6227756",371834,2025-09-15 23:06:43,43.3296394348145,-8.49905204772949,"Unknown"
"6227756",371834,2025-09-15 23:16:45,43.3296737670898,-8.49920177459717,"Unknown"
"6227756",371834,2025-09-15 23:26:47,43.3296775817871,-8.49904346466064,"Unknown"
"6227756",371834,2025-09-15 23:37:05,43.3297348022461,-8.49911212921143,"Unknown"
"6227756",371834,2025-09-15 23:46:43,43.329776763916,-8.4991397857666,"Unknown"
"6227756",371834,2025-09-15 23:56:44,43.3298988342285,-8.49925136566162,"Unknown"
"6227756",371834,2025-09-16 00:07:14,43.3295211791992,-8.49895668029785,"Unknown"
"6227756",371834,2025-09-16 00:16:42,43.329662322998,-8.49916362762451,"Unknown"
"6227756",371834,2025-09-16 00:26:42,43.3297080993652,-8.49908638000488,"Unknown"
"6227756",371834,2025-09-16 00:36:42,43.3296356201172,-8.49927711486816,"Unknown"
"6227756",371834,2025-09-16 00:46:57,43.3296318054199,-8.49899864196777,"Unknown"
"6227756",371834,2025-09-16 00:56:44,43.3296318054199,-8.49899959564209,"Unknown"
"6227756",371834,2025-09-16 01:06:43,43.3297996520996,-8.49901485443115,"Unknown"
"6227756",371834,2025-09-16 01:16:43,43.3297080993652,-8.49900531768799,"Unknown"
"6227756",371834,2025-09-16 01:26:43,43.3297462463379,-8.49892139434814,"Unknown"
"6227756",371834,2025-09-16 01:36:43,43.3296966552734,-8.49903106689453,"Unknown"
"6227756",371834,2025-09-16 01:46:43,43.3297309875488,-8.49902153015137,"Unknown"
"6227756",371834,2025-09-16 01:56:43,43.3297576904297,-8.49911212921143,"Unknown"
"6227756",371834,2025-09-16 02:06:43,43.3296699523926,-8.49916839599609,"Unknown"
"6227756",371834,2025-09-16 02:16:43,43.3297309875488,-8.49923038482666,"Unknown"
"6227756",371834,2025-09-16 02:26:43,43.3297348022461,-8.49918365478516,"Unknown"
"6227756",371834,2025-09-16 02:36:43,43.3297157287598,-8.4992504119873,"Unknown"
"6227756",371834,2025-09-16 02:46:43,43.3297424316406,-8.49925708770752,"Unknown"
"6227756",371834,2025-09-16 02:56:43,43.329719543457,-8.49921035766602,"Unknown"
"6227756",371834,2025-09-16 03:06:51,43.3295631408691,-8.49910545349121,"Unknown"
"6227756",371834,2025-09-16 03:16:44,43.329662322998,-8.49917507171631,"Unknown"
"6227756",371834,2025-09-16 03:26:44,43.3296928405762,-8.49922561645508,"Unknown"
"6227756",371834,2025-09-16 03:36:45,43.3295783996582,-8.49905014038086,"Unknown"
"6227756",371834,2025-09-16 03:47:02,43.329647064209,-8.49907112121582,"Unknown"
"6227756",371834,2025-09-16 03:56:42,43.3295669555664,-8.49896049499512,"Unknown"
"6227756",371834,2025-09-16 04:06:43,43.3295402526855,-8.49903583526611,"Unknown"
"6227756",371834,2025-09-16 04:16:43,43.3295288085938,-8.4990291595459,"Unknown"
"6227756",371834,2025-09-16 04:26:43,43.3294486999512,-8.49899005889893,"Unknown"
"6227756",371834,2025-09-16 04:36:43,43.3294830322266,-8.49887180328369,"Unknown"
"6227756",371834,2025-09-16 04:46:43,43.329460144043,-8.49892234802246,"Unknown"
"6227756",371834,2025-09-16 04:56:43,43.32958984375,-8.49871253967285,"Unknown"
"6227756",371834,2025-09-16 05:06:43,43.3294830322266,-8.49874114990234,"Unknown"
"6227756",371834,2025-09-16 05:16:43,43.329345703125,-8.49860095977783,"Unknown"
"6227756",371834,2025-09-16 05:26:43,43.3294258117676,-8.49870204925537,"Unknown"
"6227756",371834,2025-09-16 05:36:43,43.3292198181152,-8.49845600128174,"Unknown"
"6227756",371834,2025-09-16 05:46:45,43.3291435241699,-8.49833297729492,"Unknown"
"6227756",371834,2025-09-16 05:56:43,43.329158782959,-8.49836349487305,"Unknown"
"6227756",371834,2025-09-16 06:06:43,43.3291244506836,-8.49834251403809,"Unknown"
"6227756",371834,2025-09-16 06:16:43,43.3291969299316,-8.49848175048828,"Unknown"
"6227756",371834,2025-09-16 06:26:46,43.3295288085938,-8.49870777130127,"Unknown"
"6227756",371834,2025-09-16 06:36:45,43.329532623291,-8.49894714355469,"Unknown"
"6227756",371834,2025-09-16 06:46:43,43.3295669555664,-8.49893856048584,"Unknown"
"6227756",371834,2025-09-16 06:56:44,43.3295288085938,-8.49899864196777,"Unknown"
"6227756",371834,2025-09-16 07:06:45,43.3295211791992,-8.49890995025635,"Unknown"
"6227756",371834,2025-09-16 07:16:45,43.3294792175293,-8.49898433685303,"Unknown"
"6227756",371834,2025-09-16 07:26:43,43.3296356201172,-8.49881267547607,"Unknown"
"6227756",371834,2025-09-16 07:36:43,43.3298225402832,-8.49866962432861,"Unknown"
"6227756",371834,2025-09-16 07:46:43,43.3298149108887,-8.49871063232422,"Unknown"
"6227756",371834,2025-09-16 07:56:43,43.3298950195312,-8.49875545501709,"Unknown"
"6227756",371834,2025-09-16 08:06:43,43.3296813964844,-8.4989538192749,"Unknown"
"6227756",371834,2025-09-16 08:16:44,43.3297271728516,-8.49892044067383,"Unknown"
"6227756",371834,2025-09-16 08:26:44,43.3297424316406,-8.49893093109131,"Unknown"
"6227756",371834,2025-09-16 08:36:44,43.3297805786133,-8.49898815155029,"Unknown"
"6227756",371834,2025-09-16 08:46:44,43.3297386169434,-8.49896144866943,"Unknown"
"6227756",371834,2025-09-16 08:56:44,43.3296813964844,-8.49902820587158,"Unknown"
"6227756",371834,2025-09-16 09:06:44,43.3296279907227,-8.49903869628906,"Unknown"
"6227756",371834,2025-09-16 09:16:43,43.3296852111816,-8.49907493591309,"Unknown"
"6227756",371834,2025-09-16 09:26:43,43.3297157287598,-8.49907112121582,"Unknown"
"6227756",371834,2025-09-16 09:36:43,43.3297691345215,-8.49917316436768,"Unknown"
"6227756",371834,2025-09-16 09:46:44,43.3290214538574,-8.49811935424805,"Unknown"
"6227756",371834,2025-09-16 09:56:43,43.329532623291,-8.49890422821045,"Unknown"
"6227756",371834,2025-09-16 10:06:43,43.329532623291,-8.49885082244873,"Unknown"
"6227756",371834,2025-09-16 10:16:43,43.3295593261719,-8.49881649017334,"Unknown"
"6227756",371834,2025-09-16 10:26:43,43.3296127319336,-8.49878883361816,"Unknown"
"6227756",371834,2025-09-16 10:36:43,43.3296165466309,-8.49874782562256,"Unknown"
"6227756",371834,2025-09-16 10:46:43,43.3295745849609,-8.49882221221924,"Unknown"
"6227756",371834,2025-09-16 10:56:43,43.3298149108887,-8.49868297576904,"Unknown"
"6227756",371834,2025-09-16 11:06:43,43.3298645019531,-8.49872779846191,"Unknown"
"6227756",371834,2025-09-16 11:16:43,43.3298797607422,-8.49877834320068,"Unknown"
"6227756",371834,2025-09-16 11:26:43,43.3299026489258,-8.49884605407715,"Unknown"
"6227756",371834,2025-09-16 11:36:44,43.3298797607422,-8.49890422821045,"Unknown"
"6227756",371834,2025-09-16 11:46:44,43.3298187255859,-8.49891948699951,"Unknown"
"6227756",371834,2025-09-16 11:56:44,43.3298568725586,-8.49898624420166,"Unknown"
"6227756",371834,2025-09-16 12:06:44,43.3298034667969,-8.4989652633667,"Unknown"
"6227756",371834,2025-09-16 12:16:43,43.3298225402832,-8.49895572662354,"Unknown"
"6227756",371834,2025-09-16 12:26:43,43.3297653198242,-8.49893474578857,"Unknown"
"6227756",371834,2025-09-16 12:36:43,43.3296890258789,-8.49889755249023,"Unknown"
"6227756",371834,2025-09-16 12:46:43,43.3299102783203,-8.49914836883545,"Unknown"
"6227756",371834,2025-09-16 12:56:43,43.3297424316406,-8.49915504455566,"Unknown"
"6227756",371834,2025-09-16 13:06:43,43.3297538757324,-8.49915981292725,"Unknown"
"6227756",371834,2025-09-16 13:16:43,43.3297576904297,-8.49919605255127,"Unknown"
"6227756",371834,2025-09-16 13:26:43,43.3296813964844,-8.49908065795898,"Unknown"
"6227756",371834,2025-09-16 13:36:43,43.3298187255859,-8.49885654449463,"Unknown"
"6227756",371834,2025-09-16 13:46:44,43.3298187255859,-8.49881553649902,"Unknown"
"6227756",371834,2025-09-16 13:56:43,43.3297805786133,-8.49879169464111,"Unknown"
"6227756",371834,2025-09-16 14:06:43,43.3298225402832,-8.49880123138428,"Unknown"
"6227756",371834,2025-09-16 14:16:43,43.3298034667969,-8.49881076812744,"Unknown"
"6227756",371834,2025-09-16 14:26:43,43.329776763916,-8.49877452850342,"Unknown"
"6227756",371834,2025-09-16 14:36:43,43.3297653198242,-8.4988431930542,"Unknown"
"6227756",371834,2025-09-16 14:46:43,43.3297576904297,-8.49884033203125,"Unknown"
"6227756",371834,2025-09-16 14:56:43,43.3294677734375,-8.49890613555908,"Unknown"
"6227756",371834,2025-09-16 15:06:43,43.3296012878418,-8.49879169464111,"Unknown"
"6227756",371834,2025-09-16 15:16:43,43.3295516967773,-8.49876976013184,"Unknown"
"6227756",371834,2025-09-16 15:26:43,43.3295936584473,-8.49873638153076,"Unknown"
"6227756",371834,2025-09-16 15:36:44,43.3294982910156,-8.4986686706543,"Unknown"
"6227756",371834,2025-09-16 15:46:44,43.3294982910156,-8.49866962432861,"Unknown"
"6227756",371834,2025-09-16 15:56:44,43.3299751281738,-8.4993257522583,"Unknown"
"6227756",371834,2025-09-16 16:06:43,43.3295288085938,-8.49909973144531,"Unknown"
"6227756",371834,2025-09-16 16:16:43,43.3294296264648,-8.49917984008789,"Unknown"
"6227756",371834,2025-09-16 16:26:44,43.3294982910156,-8.49915218353271,"Unknown"
"6227756",371834,2025-09-16 16:36:43,43.3293075561523,-8.49909591674805,"Unknown"
"6227756",371834,2025-09-16 16:46:43,43.3293342590332,-8.49900245666504,"Unknown"
"6227756",371834,2025-09-16 16:56:43,43.3295211791992,-8.49886512756348,"Unknown"
"6227756",371834,2025-09-16 17:06:44,43.3294944763184,-8.4987735748291,"Unknown"
"6227756",371834,2025-09-16 17:16:43,43.3294296264648,-8.498854637146,"Unknown"
"6227756",371834,2025-09-16 17:26:43,43.3294105529785,-8.4987964630127,"Unknown"
"6227756",371834,2025-09-16 17:36:43,43.3293762207031,-8.49878692626953,"Unknown"
"6227756",371834,2025-09-16 17:46:43,43.3293533325195,-8.49879360198975,"Unknown"
"6227756",371834,2025-09-16 17:56:43,43.3293075561523,-8.49870491027832,"Unknown"
"6227756",371834,2025-09-16 18:06:43,43.3292579650879,-8.49868202209473,"Unknown"
"6227756",371834,2025-09-16 18:16:43,43.3292503356934,-8.4986686706543,"Unknown"
"6227756",371834,2025-09-16 18:26:43,43.3292579650879,-8.4986629486084,"Unknown"
"6227756",371834,2025-09-16 18:36:43,43.3287315368652,-8.49822998046875,"Unknown"
"6227756",371834,2025-09-16 18:46:43,43.3287734985352,-8.49814033508301,"Unknown"
"6227756",371834,2025-09-16 18:56:46,43.3282890319824,-8.49772834777832,"Unknown"
"6227756",371834,2025-09-16 19:06:45,43.3280754089355,-8.49737358093262,"Unknown"
"6227756",371834,2025-09-16 19:16:45,43.3277969360352,-8.49680995941162,"Unknown"
"6227756",371834,2025-09-16 19:26:48,43.3304328918457,-8.49779987335205,"Unknown"
"6227756",371834,2025-09-16 19:36:44,43.3303260803223,-8.49807834625244,"Unknown"
"6227756",371834,2025-09-16 19:46:45,43.330135345459,-8.49838542938232,"Unknown"
"6227756",371834,2025-09-16 19:56:43,43.3299674987793,-8.49862194061279,"Unknown"
"6227756",371834,2025-09-16 20:06:43,43.329833984375,-8.49878025054932,"Unknown"
"6227756",371834,2025-09-16 20:16:43,43.3298225402832,-8.49885559082031,"Unknown"
"6227756",371834,2025-09-16 20:26:43,43.3297805786133,-8.49899387359619,"Unknown"
"6227756",371834,2025-09-16 20:36:43,43.3297119140625,-8.49909400939941,"Unknown"
"6227756",371834,2025-09-16 20:46:43,43.3296928405762,-8.49911117553711,"Unknown"
"6227756",371834,2025-09-16 20:56:43,43.3297080993652,-8.49917316436768,"Unknown"
"6227756",371834,2025-09-16 21:06:43,43.3296661376953,-8.49912643432617,"Unknown"
"6227756",371834,2025-09-16 21:16:43,43.3296699523926,-8.49916744232178,"Unknown"
"6227756",371834,2025-09-16 21:26:43,43.3297386169434,-8.49931812286377,"Unknown"
"6227756",371834,2025-09-16 21:36:44,43.3299179077148,-8.4995288848877,"Unknown"
"6227756",371834,2025-09-16 21:46:45,43.329833984375,-8.49942588806152,"Unknown"
"6227756",371834,2025-09-16 21:56:44,43.3299140930176,-8.4994478225708,"Unknown"
"6227756",371834,2025-09-16 22:06:44,43.3299179077148,-8.49941253662109,"Unknown"
"6227756",371834,2025-09-16 22:16:44,43.3297157287598,-8.49941539764404,"Unknown"
"6227756",371834,2025-09-16 22:26:47,43.3298759460449,-8.49932670593262,"Unknown"
"6227756",371834,2025-09-16 22:36:47,43.3298454284668,-8.49938774108887,"Unknown"
"6227756",371834,2025-09-16 22:46:44,43.3298187255859,-8.49929714202881,"Unknown"
"6227756",371834,2025-09-16 22:56:45,43.3298110961914,-8.49918079376221,"Unknown"
"6227756",371834,2025-09-16 23:06:45,43.3297653198242,-8.49918460845947,"Unknown"
"6227756",371834,2025-09-16 23:16:43,43.3298110961914,-8.49918365478516,"Unknown"
"6227756",371834,2025-09-16 23:26:43,43.3297500610352,-8.49905300140381,"Unknown"
"6227756",371834,2025-09-16 23:36:43,43.3297309875488,-8.49899578094482,"Unknown"
"6227756",371834,2025-09-16 23:46:44,43.329662322998,-8.49894618988037,"Unknown"
"6227756",371834,2025-09-16 23:56:44,43.3296546936035,-8.49890327453613,"Unknown"
"6227756",371834,2025-09-17 00:06:44,43.3296928405762,-8.4988899230957,"Unknown"
"6227756",371834,2025-09-17 00:16:44,43.3297691345215,-8.49885082244873,"Unknown"
"6227756",371834,2025-09-17 00:26:44,43.3297843933105,-8.49883079528809,"Unknown"
"6227756",371834,2025-09-17 00:36:48,43.3298110961914,-8.49881362915039,"Unknown"
"6227756",371834,2025-09-17 00:46:44,43.329761505127,-8.49880027770996,"Unknown"
"6227756",371834,2025-09-17 00:56:44,43.3296318054199,-8.49870777130127,"Unknown"
"6227756",371834,2025-09-17 01:06:48,43.3293952941895,-8.49851894378662,"Unknown"
"6227756",371834,2025-09-17 01:16:52,43.3298454284668,-8.49856758117676,"Unknown"
"6227756",371834,2025-09-17 01:26:49,43.3299179077148,-8.49853324890137,"Unknown"
"6227756",371834,2025-09-17 01:36:48,43.329833984375,-8.49847412109375,"Unknown"
"6227756",371834,2025-09-17 01:46:44,43.3308296203613,-8.49914264678955,"Unknown"
"6227756",371834,2025-09-17 01:56:44,43.3307342529297,-8.49918365478516,"Unknown"
"6227756",371834,2025-09-17 02:06:48,43.3297424316406,-8.49939346313477,"Unknown"
"6227756",371834,2025-09-17 02:16:48,43.3297424316406,-8.4994068145752,"Unknown"
"6227756",371834,2025-09-17 02:26:54,43.3295745849609,-8.49941921234131,"Unknown"
"6227756",371834,2025-09-17 02:37:05,43.3294334411621,-8.49909591674805,"Unknown"
"6227756",371834,2025-09-17 02:46:43,43.3294639587402,-8.4990119934082,"Unknown"
"6227756",371834,2025-09-17 02:56:42,43.3294639587402,-8.49903678894043,"Unknown"
"6227756",371834,2025-09-17 03:06:42,43.3295021057129,-8.49905586242676,"Unknown"
"6227756",371834,2025-09-17 03:16:43,43.3295288085938,-8.49905204772949,"Unknown"
"6227756",371834,2025-09-17 03:26:43,43.3297348022461,-8.49930191040039,"Unknown"
"6227756",371834,2025-09-17 03:36:51,43.3294982910156,-8.49906158447266,"Unknown"
"6227756",371834,2025-09-17 03:46:45,43.3294143676758,-8.49901008605957,"Unknown"
"6227756",371834,2025-09-17 03:56:43,43.3294792175293,-8.49924945831299,"Unknown"
"6227756",371834,2025-09-17 04:06:43,43.3294868469238,-8.49923419952393,"Unknown"
"6227756",371834,2025-09-17 04:16:43,43.3294677734375,-8.49920272827148,"Unknown"
"6227756",371834,2025-09-17 04:26:43,43.3294830322266,-8.49920558929443,"Unknown"
"6227756",371834,2025-09-17 04:36:43,43.329475402832,-8.49920082092285,"Unknown"
"6227756",371834,2025-09-17 04:46:43,43.329475402832,-8.49916458129883,"Unknown"
"6227756",371834,2025-09-17 04:56:43,43.3294715881348,-8.49914264678955,"Unknown"
"6227756",371834,2025-09-17 05:06:43,43.3295135498047,-8.49904727935791,"Unknown"
"6227756",371834,2025-09-17 05:16:43,43.3293914794922,-8.49892616271973,"Unknown"
"6227756",371834,2025-09-17 05:26:48,43.329044342041,-8.49823951721191,"Unknown"
"6227756",371834,2025-09-17 05:36:54,43.329647064209,-8.49927139282227,"Unknown"
"6227756",371834,2025-09-17 05:46:54,43.3296737670898,-8.49932765960693,"Unknown"
"6227756",371834,2025-09-17 05:56:54,43.329761505127,-8.49933433532715,"Unknown"
"6227756",371834,2025-09-17 06:06:45,43.3295097351074,-8.49901390075684,"Unknown"
"6227756",371834,2025-09-17 06:16:48,43.3301544189453,-8.49878406524658,"Unknown"
"6227756",371834,2025-09-17 06:26:49,43.3302154541016,-8.49883270263672,"Unknown"
"6227756",371834,2025-09-17 06:37:05,43.3295669555664,-8.49896907806396,"Unknown"
"6227756",371834,2025-09-17 06:46:43,43.3298072814941,-8.49898052215576,"Unknown"
"6227756",371834,2025-09-17 06:56:43,43.3298492431641,-8.49885940551758,"Unknown"
"6227756",371834,2025-09-17 07:06:43,43.3292846679688,-8.49893856048584,"Unknown"
"6227756",371834,2025-09-17 07:16:47,43.3290634155273,-8.49909400939941,"Unknown"
"6227756",371834,2025-09-17 07:26:48,43.3287239074707,-8.49940776824951,"Unknown"
"6227756",371834,2025-09-17 07:36:54,43.3294906616211,-8.49892139434814,"Unknown"
"6227756",371834,2025-09-17 07:46:43,43.3296394348145,-8.49834060668945,"Unknown"
"6227756",371834,2025-09-17 07:56:45,43.3295478820801,-8.49827671051025,"Unknown"
"6227756",371834,2025-09-17 08:06:53,43.3294486999512,-8.49912548065186,"Unknown"
"6227756",371834,2025-09-17 08:16:49,43.3294448852539,-8.49908256530762,"Unknown"
"6227756",371834,2025-09-17 08:26:57,43.3294486999512,-8.49914741516113,"Unknown"
"6227756",371834,2025-09-17 08:37:05,43.3294715881348,-8.49899864196777,"Unknown"
"6227756",371834,2025-09-17 08:46:42,43.3295059204102,-8.49907875061035,"Unknown"
"6227756",371834,2025-09-17 08:56:42,43.3294944763184,-8.4990873336792,"Unknown"
"6227756",371834,2025-09-17 09:06:43,43.3294982910156,-8.49903583526611,"Unknown"
"6227756",371834,2025-09-17 09:16:42,43.3294906616211,-8.49905586242676,"Unknown"
"6227756",371834,2025-09-17 09:26:43,43.3294868469238,-8.49901580810547,"Unknown"
"6227756",371834,2025-09-17 09:36:43,43.3294715881348,-8.49903964996338,"Unknown"
"6227756",371834,2025-09-17 09:46:43,43.3294563293457,-8.49897575378418,"Unknown"
"6227756",371834,2025-09-17 09:56:43,43.329460144043,-8.49903964996338,"Unknown"
"6227756",371834,2025-09-17 10:06:43,43.3296089172363,-8.4991455078125,"Unknown"
"6227756",371834,2025-09-17 10:16:43,43.3297309875488,-8.49931716918945,"Unknown"
"6227756",371834,2025-09-17 10:26:47,43.3295211791992,-8.49911499023438,"Unknown"
"6227756",371834,2025-09-17 10:36:46,43.3295631408691,-8.4991512298584,"Unknown"
"6227756",371834,2025-09-17 10:47:05,43.3294830322266,-8.49900913238525,"Unknown"
"6227756",371834,2025-09-17 10:56:42,43.3294982910156,-8.49901008605957,"Unknown"
"6227756",371834,2025-09-17 11:06:42,43.3295135498047,-8.49896240234375,"Unknown"
"6227756",371834,2025-09-17 11:16:42,43.3295097351074,-8.49902820587158,"Unknown"
"6227756",371834,2025-09-17 11:26:43,43.3294906616211,-8.49901580810547,"Unknown"
"6227756",371834,2025-09-17 11:36:42,43.3295097351074,-8.49900341033936,"Unknown"
"6227756",371834,2025-09-17 11:46:43,43.3295402526855,-8.49903106689453,"Unknown"
"6227756",371834,2025-09-17 11:56:43,43.3295097351074,-8.49897956848145,"Unknown"
"6227756",371834,2025-09-17 12:06:43,43.329532623291,-8.49905586242676,"Unknown"
"6227756",371834,2025-09-17 12:16:43,43.3295288085938,-8.49905395507812,"Unknown"
"6227756",371834,2025-09-17 12:26:43,43.3295021057129,-8.49898719787598,"Unknown"
"6227756",371834,2025-09-17 12:36:43,43.3295135498047,-8.49900817871094,"Unknown"
"6227756",371834,2025-09-17 12:46:43,43.3296775817871,-8.49922847747803,"Unknown"
"6227756",371834,2025-09-17 12:56:43,43.3296737670898,-8.49932479858398,"Unknown"
"6227756",371834,2025-09-17 13:06:44,43.3296890258789,-8.49941825866699,"Unknown"
"6227756",371834,2025-09-17 13:16:43,43.3294296264648,-8.49887561798096,"Unknown"
"6227756",371834,2025-09-17 13:26:43,43.3293991088867,-8.49870109558105,"Unknown"
"6227756",371834,2025-09-17 13:36:43,43.3295707702637,-8.49947357177734,"Unknown"
"6227756",371834,2025-09-17 13:46:44,43.3296012878418,-8.49950504302979,"Unknown"
"6227756",371834,2025-09-17 13:56:44,43.3294792175293,-8.49913787841797,"Unknown"
"6227756",371834,2025-09-17 14:06:44,43.3295059204102,-8.49933528900146,"Unknown"
"6227756",371834,2025-09-17 14:16:45,43.3295631408691,-8.4995641708374,"Unknown"
"6227756",371834,2025-09-17 14:26:45,43.3294792175293,-8.49911117553711,"Unknown"
"6227756",371834,2025-09-17 14:36:47,43.3294792175293,-8.49907684326172,"Unknown"
"6227756",371834,2025-09-17 14:46:45,43.3294448852539,-8.49895191192627,"Unknown"
"6227756",371834,2025-09-17 14:56:48,43.3294372558594,-8.49912548065186,"Unknown"
"6227756",371834,2025-09-17 15:06:46,43.3294563293457,-8.49901580810547,"Unknown"
"6227756",371834,2025-09-17 15:17:02,43.3295021057129,-8.49904346466064,"Unknown"
"6227756",371834,2025-09-17 15:26:42,43.32958984375,-8.49910259246826,"Unknown"
"6227756",371834,2025-09-17 15:36:42,43.3295516967773,-8.499098777771,"Unknown"
"6227756",371834,2025-09-17 15:46:42,43.3295021057129,-8.49898147583008,"Unknown"
"6227756",371834,2025-09-17 15:56:43,43.3294868469238,-8.49907302856445,"Unknown"
"6227756",371834,2025-09-17 16:06:43,43.329475402832,-8.49900913238525,"Unknown"
"6227756",371834,2025-09-17 16:16:43,43.3294868469238,-8.49898242950439,"Unknown"
"6227756",371834,2025-09-17 16:26:43,43.3294525146484,-8.49902153015137,"Unknown"
"6227756",371834,2025-09-17 16:36:43,43.3294982910156,-8.4989652633667,"Unknown"
"6227756",371834,2025-09-17 16:46:43,43.3293266296387,-8.49906444549561,"Unknown"
"6227756",371834,2025-09-17 16:56:43,43.3294792175293,-8.49890804290771,"Unknown"
"6227756",371834,2025-09-17 17:06:43,43.329418182373,-8.49900913238525,"Unknown"
"6227756",371834,2025-09-17 17:16:43,43.329460144043,-8.49897003173828,"Unknown"
"6227756",371834,2025-09-17 17:26:43,43.3294944763184,-8.49895000457764,"Unknown"
"6227756",371834,2025-09-17 17:36:43,43.3293952941895,-8.49893188476562,"Unknown"
"6227756",371834,2025-09-17 17:46:43,43.3299217224121,-8.49892234802246,"Unknown"
"6227756",371834,2025-09-17 17:56:43,43.3299407958984,-8.49895858764648,"Unknown"
"6227756",371834,2025-09-17 18:06:44,43.3297538757324,-8.49887084960938,"Unknown"
"6227756",371834,2025-09-17 18:16:45,43.3295249938965,-8.49885082244873,"Unknown"
"6227756",371834,2025-09-17 18:26:44,43.329402923584,-8.49883270263672,"Unknown"
"6227756",371834,2025-09-17 18:36:51,43.3293609619141,-8.49877166748047,"Unknown"
"6227756",371834,2025-09-17 18:47:02,43.3296432495117,-8.49899482727051,"Unknown"
"6227756",371834,2025-09-17 18:56:44,43.3296585083008,-8.49902534484863,"Unknown"
"6227756",371834,2025-09-17 19:06:58,43.3295707702637,-8.49897193908691,"Unknown"
"6227756",371834,2025-09-17 19:17:05,43.3295059204102,-8.498948097229,"Unknown"
"6227756",371834,2025-09-17 19:26:43,43.3294944763184,-8.49895477294922,"Unknown"
"6227756",371834,2025-09-17 19:36:43,43.3294563293457,-8.4990348815918,"Unknown"
"6227756",371834,2025-09-17 19:46:43,43.3294219970703,-8.49897384643555,"Unknown"
"6227756",371834,2025-09-17 19:56:43,43.329475402832,-8.49892711639404,"Unknown"
"6227756",371834,2025-09-17 20:06:43,43.329532623291,-8.49894046783447,"Unknown"
"6227756",371834,2025-09-17 20:16:43,43.329532623291,-8.49898529052734,"Unknown"
"6227756",371834,2025-09-17 20:26:43,43.329532623291,-8.49899768829346,"Unknown"
"6227756",371834,2025-09-17 20:36:43,43.3294830322266,-8.49897480010986,"Unknown"
"6227756",371834,2025-09-17 20:46:43,43.3294372558594,-8.49893283843994,"Unknown"
"6227756",371834,2025-09-17 20:56:43,43.329475402832,-8.49895668029785,"Unknown"
"6227756",371834,2025-09-17 21:07:05,43.3295059204102,-8.49899387359619,"Unknown"
"6227756",371834,2025-09-17 21:16:42,43.3295516967773,-8.49900722503662,"Unknown"
"6227756",371834,2025-09-17 21:26:42,43.3295249938965,-8.49900436401367,"Unknown"
"6227756",371834,2025-09-17 21:36:43,43.3296203613281,-8.49913692474365,"Unknown"
"6227756",371834,2025-09-17 21:46:43,43.329216003418,-8.49880027770996,"Unknown"
"6227756",371834,2025-09-17 21:56:43,43.329532623291,-8.4990406036377,"Unknown"
"6227756",371834,2025-09-17 22:06:54,43.3295440673828,-8.49896907806396,"Unknown"
"6227756",371834,2025-09-17 22:16:48,43.3295211791992,-8.49903869628906,"Unknown"
"6227756",371834,2025-09-17 22:26:49,43.3294982910156,-8.49892616271973,"Unknown"
"6227756",371834,2025-09-17 22:36:49,43.3295021057129,-8.49884223937988,"Unknown"
"6227756",371834,2025-09-17 22:46:46,43.3294410705566,-8.49861812591553,"Unknown"
"6227756",371834,2025-09-17 22:56:56,43.3294486999512,-8.49879837036133,"Unknown"
"6227756",371834,2025-09-17 23:06:43,43.3297958374023,-8.4996509552002,"Unknown"
"6227756",371834,2025-09-17 23:16:43,43.3296508789062,-8.49943065643311,"Unknown"
"6227756",371834,2025-09-17 23:26:43,43.3297462463379,-8.49948787689209,"Unknown"
"6227756",371834,2025-09-17 23:36:43,43.329719543457,-8.49939060211182,"Unknown"
"6227756",371834,2025-09-17 23:46:43,43.3295860290527,-8.49916076660156,"Unknown"
"6227756",371834,2025-09-17 23:57:05,43.3294944763184,-8.49909210205078,"Unknown"
"6227756",371834,2025-09-18 00:06:43,43.3294715881348,-8.49909400939941,"Unknown"
"6227756",371834,2025-09-18 00:16:43,43.3294944763184,-8.49908924102783,"Unknown"
"6227756",371834,2025-09-18 00:26:43,43.3296012878418,-8.49905681610107,"Unknown"
"6227756",371834,2025-09-18 00:36:43,43.3296432495117,-8.49910354614258,"Unknown"
"6227756",371834,2025-09-18 00:46:43,43.3297309875488,-8.49911880493164,"Unknown"
"6227756",371834,2025-09-18 00:56:43,43.3296432495117,-8.49909687042236,"Unknown"
"6227756",371834,2025-09-18 01:06:44,43.3300666809082,-8.49897003173828,"Unknown"
"6227756",371834,2025-09-18 01:16:44,43.329963684082,-8.49875545501709,"Unknown"
"6227756",371834,2025-09-18 01:26:43,43.329906463623,-8.49901962280273,"Unknown"
"6227756",371834,2025-09-18 01:36:43,43.3298149108887,-8.49906063079834,"Unknown"
"6227756",371834,2025-09-18 01:46:48,43.3295021057129,-8.49940013885498,"Unknown"
"6227756",371834,2025-09-18 01:56:43,43.329460144043,-8.49951839447021,"Unknown"
"6227756",371834,2025-09-18 02:06:43,43.3295555114746,-8.49953937530518,"Unknown"
"6227756",371834,2025-09-18 02:16:43,43.329418182373,-8.4995584487915,"Unknown"
"6227756",371834,2025-09-18 02:26:43,43.3294830322266,-8.49960708618164,"Unknown"
"6227756",371834,2025-09-18 02:36:43,43.3294525146484,-8.49958324432373,"Unknown"
"6227756",371834,2025-09-18 02:46:44,43.3292846679688,-8.49936199188232,"Unknown"
"6227756",371834,2025-09-18 02:56:45,43.3294143676758,-8.49930763244629,"Unknown"
"6227756",371834,2025-09-18 03:06:45,43.3294448852539,-8.49909496307373,"Unknown"
"6227756",371834,2025-09-18 03:16:45,43.3297691345215,-8.49947643280029,"Unknown"
"6227756",371834,2025-09-18 03:26:44,43.3297729492188,-8.49924564361572,"Unknown"
"6227756",371834,2025-09-18 03:36:46,43.329833984375,-8.49924182891846,"Unknown"
"6227756",371834,2025-09-18 03:46:44,43.3298149108887,-8.49922370910645,"Unknown"
"6227756",371834,2025-09-18 03:56:43,43.3297996520996,-8.49928569793701,"Unknown"
"6227756",371834,2025-09-18 04:06:45,43.3297424316406,-8.49903106689453,"Unknown"
"6227756",371834,2025-09-18 04:16:44,43.3297462463379,-8.49928569793701,"Unknown"
"6227756",371834,2025-09-18 04:26:44,43.3296012878418,-8.49903297424316,"Unknown"
"6227756",371834,2025-09-18 04:36:43,43.3297119140625,-8.49925994873047,"Unknown"
"6227756",371834,2025-09-18 04:46:44,43.3295974731445,-8.49888801574707,"Unknown"
"6227756",371834,2025-09-18 04:56:44,43.3296051025391,-8.49887180328369,"Unknown"
"6227756",371834,2025-09-18 05:06:44,43.3295669555664,-8.49877738952637,"Unknown"
"6227756",371834,2025-09-18 05:16:45,43.3296508789062,-8.49876117706299,"Unknown"
"6227756",371834,2025-09-18 05:26:46,43.3295745849609,-8.49874973297119,"Unknown"
"6227756",371834,2025-09-18 05:36:44,43.3296165466309,-8.49872589111328,"Unknown"
"6227756",371834,2025-09-18 05:46:45,43.3296203613281,-8.49883079528809,"Unknown"
"6227756",371834,2025-09-18 05:56:45,43.3296356201172,-8.49885368347168,"Unknown"
"6227756",371834,2025-09-18 06:06:45,43.3296852111816,-8.49885368347168,"Unknown"
"6227756",371834,2025-09-18 06:16:44,43.3296699523926,-8.49915409088135,"Unknown"
"6227756",371834,2025-09-18 06:26:43,43.3298530578613,-8.49921989440918,"Unknown"
"6227756",371834,2025-09-18 06:36:47,43.3300552368164,-8.49918651580811,"Unknown"
"6227756",371834,2025-09-18 06:46:47,43.3300132751465,-8.49916744232178,"Unknown"
"6227756",371834,2025-09-18 06:56:46,43.3299446105957,-8.499098777771,"Unknown"
"6227756",371834,2025-09-18 07:06:46,43.3298759460449,-8.49906253814697,"Unknown"
"6227756",371834,2025-09-18 07:17:05,43.329460144043,-8.49895668029785,"Unknown"
"6227756",371834,2025-09-18 07:26:44,43.3295707702637,-8.49890804290771,"Unknown"
"6227756",371834,2025-09-18 07:37:05,43.3295402526855,-8.49896621704102,"Unknown"
"6227756",371834,2025-09-18 07:46:55,43.329532623291,-8.4989767074585,"Unknown"
"6227756",371834,2025-09-18 07:56:55,43.329532623291,-8.49897956848145,"Unknown"
"6227756",371834,2025-09-18 08:06:55,43.3295135498047,-8.49899864196777,"Unknown"
"6227756",371834,2025-09-18 08:17:05,43.3295211791992,-8.49901580810547,"Unknown"
"6227756",371834,2025-09-18 08:26:43,43.3294868469238,-8.49901390075684,"Unknown"
"6227756",371834,2025-09-18 08:36:43,43.3294486999512,-8.4990291595459,"Unknown"
"6227756",371834,2025-09-18 08:46:43,43.3295440673828,-8.49914741516113,"Unknown"
"6227756",371834,2025-09-18 08:56:43,43.3294448852539,-8.49904727935791,"Unknown"
"6227756",371834,2025-09-18 09:06:42,43.3294067382812,-8.49895763397217,"Unknown"
"6227756",371834,2025-09-18 09:16:43,43.3294715881348,-8.4990291595459,"Unknown"
"6227756",371834,2025-09-18 09:27:14,43.3294258117676,-8.49897956848145,"Unknown"
"6227756",371834,2025-09-18 09:36:43,43.3294067382812,-8.49892234802246,"Unknown"
"6227756",371834,2025-09-18 09:47:14,43.3294448852539,-8.49899291992188,"Unknown"
"6227756",371834,2025-09-18 09:56:43,43.329532623291,-8.49905490875244,"Unknown"
"6227756",371834,2025-09-18 10:06:43,43.329475402832,-8.49903964996338,"Unknown"
"6227756",371834,2025-09-18 10:16:43,43.3294830322266,-8.49910163879395,"Unknown"
"6227756",371834,2025-09-18 10:26:43,43.3293266296387,-8.4987907409668,"Unknown"
"6227756",371834,2025-09-18 10:37:15,43.3294906616211,-8.49904251098633,"Unknown"
"6227756",371834,2025-09-18 10:46:47,43.3294296264648,-8.49897480010986,"Unknown"
"6227756",371834,2025-09-18 10:56:45,43.3295211791992,-8.49908542633057,"Unknown"
"6227756",371834,2025-09-18 11:06:45,43.3294105529785,-8.49891662597656,"Unknown"
"6227756",371834,2025-09-18 11:16:47,43.3294944763184,-8.49896717071533,"Unknown"
"6227756",371834,2025-09-18 11:26:58,43.3292617797852,-8.4987964630127,"Unknown"
"6227756",371834,2025-09-18 11:37:06,43.3295021057129,-8.49905776977539,"Unknown"
"6227756",371834,2025-09-18 11:46:43,43.3295440673828,-8.49889469146729,"Unknown"
"6227756",371834,2025-09-18 11:56:43,43.3295555114746,-8.49902629852295,"Unknown"
"6227756",371834,2025-09-18 12:06:44,43.3295288085938,-8.49901866912842,"Unknown"
"6227756",371834,2025-09-18 12:16:44,43.3294906616211,-8.49908447265625,"Unknown"
"6227756",371834,2025-09-18 12:26:44,43.3294410705566,-8.49901294708252,"Unknown"
"6227756",371834,2025-09-18 12:36:45,43.3295249938965,-8.49910926818848,"Unknown"
"6227756",371834,2025-09-18 12:46:45,43.3295783996582,-8.4991283416748,"Unknown"
"6227756",371834,2025-09-18 12:57:05,43.3294906616211,-8.49905395507812,"Unknown"
"6227756",371834,2025-09-18 13:06:43,43.3292694091797,-8.49911689758301,"Unknown"
"6227756",371834,2025-09-18 13:16:43,43.3293838500977,-8.49907779693604,"Unknown"
"6227756",371834,2025-09-18 13:26:43,43.3293914794922,-8.49898910522461,"Unknown"
"6227756",371834,2025-09-18 13:36:44,43.3294410705566,-8.49897384643555,"Unknown"
"6227756",371834,2025-09-18 13:46:59,43.3294334411621,-8.49887847900391,"Unknown"
"6227756",371834,2025-09-18 13:57:05,43.3294486999512,-8.49896621704102,"Unknown"
"6227756",371834,2025-09-18 14:06:43,43.3295021057129,-8.49899482727051,"Unknown"
"6227756",371834,2025-09-18 14:16:44,43.3294296264648,-8.49890899658203,"Unknown"
"6227756",371834,2025-09-18 14:27:14,43.3294486999512,-8.49900531768799,"Unknown"
"6227756",371834,2025-09-18 14:36:43,43.329418182373,-8.49889183044434,"Unknown"
"6227756",371834,2025-09-18 14:47:14,43.3294830322266,-8.49901676177979,"Unknown"
"6227756",371834,2025-09-18 14:56:43,43.3294372558594,-8.49887466430664,"Unknown"
"6227756",371834,2025-09-18 15:06:48,43.3294410705566,-8.49899864196777,"Unknown"
"6227756",371834,2025-09-18 15:16:46,43.3295135498047,-8.4990873336792,"Unknown"
"6227756",371834,2025-09-18 15:26:46,43.329402923584,-8.49894237518311,"Unknown"
"6227756",371834,2025-09-18 15:37:14,43.3294448852539,-8.49893856048584,"Unknown"
"6227756",371834,2025-09-18 15:46:43,43.3292579650879,-8.49890613555908,"Unknown"
"6227756",371834,2025-09-18 15:56:43,43.3292655944824,-8.49895858764648,"Unknown"
"6227756",371834,2025-09-18 16:06:45,43.3287353515625,-8.4985990524292,"Unknown"
"6227756",371834,2025-09-18 16:16:44,43.3294105529785,-8.49896335601807,"Unknown"
"6227756",371834,2025-09-18 16:26:45,43.329833984375,-8.49886894226074,"Unknown"
"6227756",371834,2025-09-18 16:37:05,43.3294868469238,-8.49886322021484,"Unknown"
"6227756",371834,2025-09-18 16:46:44,43.3295402526855,-8.4986515045166,"Unknown"
"6227756",371834,2025-09-18 16:56:46,43.3295440673828,-8.49860382080078,"Unknown"
"6227756",371834,2025-09-18 17:06:49,43.3294563293457,-8.4989128112793,"Unknown"
"6227756",371834,2025-09-18 17:16:55,43.3294372558594,-8.49855613708496,"Unknown"
"6227756",371834,2025-09-18 17:26:56,43.3294830322266,-8.4988956451416,"Unknown"
"6227756",371834,2025-09-18 17:37:05,43.3294715881348,-8.49893569946289,"Unknown"
"6227756",371834,2025-09-18 17:46:43,43.3294906616211,-8.49898815155029,"Unknown"
"6227756",371834,2025-09-18 17:56:43,43.3294830322266,-8.49893856048584,"Unknown"
"6227756",371834,2025-09-18 18:06:43,43.329460144043,-8.49901866912842,"Unknown"
"6227756",371834,2025-09-18 18:16:43,43.3294486999512,-8.49894523620605,"Unknown"
"6227756",371834,2025-09-18 18:26:47,43.3294105529785,-8.49886798858643,"Unknown"
"6227756",371834,2025-09-18 18:36:48,43.3295440673828,-8.49897766113281,"Unknown"
"6227756",371834,2025-09-18 18:46:47,43.3296394348145,-8.4990930557251,"Unknown"
"6227756",371834,2025-09-18 18:56:49,43.3295440673828,-8.49899482727051,"Unknown"
"6227756",371834,2025-09-18 19:07:03,43.3297119140625,-8.49891090393066,"Unknown"
"6227756",371834,2025-09-18 19:16:52,43.3295364379883,-8.49896049499512,"Unknown"
"6227756",371834,2025-09-18 19:27:14,43.3295822143555,-8.49893760681152,"Unknown"
"6227756",371834,2025-09-18 19:36:43,43.3296890258789,-8.49897003173828,"Unknown"
"6227756",371834,2025-09-18 19:47:05,43.3294525146484,-8.4990177154541,"Unknown"
"6227756",371834,2025-09-18 19:56:43,43.3294525146484,-8.49905776977539,"Unknown"
"6227756",371834,2025-09-18 20:06:43,43.3295669555664,-8.49898433685303,"Unknown"
"6227756",371834,2025-09-18 20:16:43,43.3295364379883,-8.49891376495361,"Unknown"
"6227756",371834,2025-09-18 20:26:43,43.3294715881348,-8.49903202056885,"Unknown"
"6227756",371834,2025-09-18 20:36:43,43.329532623291,-8.49893665313721,"Unknown"
"6227756",371834,2025-09-18 20:47:05,43.3294868469238,-8.49895668029785,"Unknown"
"6227756",371834,2025-09-18 20:56:43,43.3295059204102,-8.49895191192627,"Unknown"
"6227756",371834,2025-09-18 21:06:43,43.3296318054199,-8.49903678894043,"Unknown"
"6227756",371834,2025-09-18 21:16:43,43.3295822143555,-8.49901294708252,"Unknown"
"6227756",371834,2025-09-18 21:26:45,43.3295402526855,-8.49903106689453,"Unknown"
"6227756",371834,2025-09-18 21:36:49,43.3296813964844,-8.49910926818848,"Unknown"
"6227756",371834,2025-09-18 21:46:49,43.3293304443359,-8.49878787994385,"Unknown"
"6227756",371834,2025-09-18 21:56:52,43.3292999267578,-8.49883651733398,"Unknown"
"6227756",371834,2025-09-18 22:06:48,43.3294296264648,-8.49895668029785,"Unknown"
"6227756",371834,2025-09-18 22:16:55,43.3294715881348,-8.49902725219727,"Unknown"
"6227756",371834,2025-09-18 22:27:03,43.3294334411621,-8.49896907806396,"Unknown"
"6227756",371834,2025-09-18 22:37:14,43.3294677734375,-8.49893188476562,"Unknown"
"6227756",371834,2025-09-18 22:46:43,43.3293838500977,-8.4989070892334,"Unknown"
"6227756",371834,2025-09-18 22:56:43,43.3295936584473,-8.49896049499512,"Unknown"
"6227756",371834,2025-09-18 23:06:43,43.3295440673828,-8.49888134002686,"Unknown"
"6227756",371834,2025-09-18 23:16:43,43.3294410705566,-8.49868392944336,"Unknown"
"6227756",371834,2025-09-18 23:26:45,43.3294677734375,-8.49883079528809,"Unknown"
"6227756",371834,2025-09-18 23:36:55,43.3297348022461,-8.4989013671875,"Unknown"
"6227756",371834,2025-09-18 23:47:05,43.3294143676758,-8.49901008605957,"Unknown"
"6227756",371834,2025-09-18 23:56:43,43.3295440673828,-8.49900436401367,"Unknown"
"6227756",371834,2025-09-19 00:06:43,43.3294448852539,-8.49900341033936,"Unknown"
"6227756",371834,2025-09-19 00:16:43,43.3295669555664,-8.49897003173828,"Unknown"
"6227756",371834,2025-09-19 00:26:43,43.3295211791992,-8.49897003173828,"Unknown"
"6227756",371834,2025-09-19 00:36:44,43.3295822143555,-8.49898338317871,"Unknown"
"6227756",371834,2025-09-19 00:46:43,43.3295135498047,-8.4989595413208,"Unknown"
"6227756",371834,2025-09-19 00:56:44,43.3295783996582,-8.49897956848145,"Unknown"
"6227756",371834,2025-09-19 01:06:44,43.3296051025391,-8.49874305725098,"Unknown"
"6227756",371834,2025-09-19 01:16:44,43.3295707702637,-8.49871349334717,"Unknown"
"6227756",371834,2025-09-19 01:26:44,43.3295936584473,-8.49891185760498,"Unknown"
"6227756",371834,2025-09-19 01:36:44,43.3295745849609,-8.49911308288574,"Unknown"
"6227756",371834,2025-09-19 01:46:44,43.3295936584473,-8.49918079376221,"Unknown"
"6227756",371834,2025-09-19 01:56:44,43.3295936584473,-8.49917888641357,"Unknown"
"6227756",371834,2025-09-19 02:06:44,43.3296012878418,-8.49923610687256,"Unknown"
"6227756",371834,2025-09-19 02:16:45,43.329963684082,-8.49916648864746,"Unknown"
"6227756",371834,2025-09-19 02:27:12,43.3294219970703,-8.49907970428467,"Unknown"
"6227756",371834,2025-09-19 02:36:43,43.3294219970703,-8.49910163879395,"Unknown"
"6227756",371834,2025-09-19 02:46:55,43.3294563293457,-8.49912357330322,"Unknown"
"6227756",371834,2025-09-19 02:56:55,43.32958984375,-8.49915027618408,"Unknown"
"6227756",371834,2025-09-19 03:06:55,43.3292350769043,-8.49899768829346,"Unknown"
"6227756",371834,2025-09-19 03:16:45,43.3297004699707,-8.49907302856445,"Unknown"
"6227756",371834,2025-09-19 03:26:45,43.3294868469238,-8.49902725219727,"Unknown"
"6227756",371834,2025-09-19 03:36:45,43.3294525146484,-8.49905014038086,"Unknown"
"6227756",371834,2025-09-19 03:46:45,43.329418182373,-8.49905109405518,"Unknown"
"6227756",371834,2025-09-19 03:56:45,43.3293914794922,-8.49902439117432,"Unknown"
"6227756",371834,2025-09-19 04:06:45,43.3294982910156,-8.49916744232178,"Unknown"
"6227756",371834,2025-09-19 04:16:45,43.3293991088867,-8.49898719787598,"Unknown"
"6227756",371834,2025-09-19 04:26:44,43.3293991088867,-8.49902057647705,"Unknown"
"6227756",371834,2025-09-19 04:36:45,43.3293342590332,-8.49885082244873,"Unknown"
"6227756",371834,2025-09-19 04:46:44,43.3293952941895,-8.49892807006836,"Unknown"
"6227756",371834,2025-09-19 04:56:44,43.3293685913086,-8.49877548217773,"Unknown"
"6227756",371834,2025-09-19 05:06:45,43.329345703125,-8.49870777130127,"Unknown"
"6227756",371834,2025-09-19 05:16:45,43.3295631408691,-8.4985933303833,"Unknown"
"6227756",371834,2025-09-19 05:26:45,43.3294258117676,-8.49865913391113,"Unknown"
"6227756",371834,2025-09-19 05:36:45,43.3294105529785,-8.49862194061279,"Unknown"
"6227756",371834,2025-09-19 05:46:44,43.3294906616211,-8.49871730804443,"Unknown"
"6227756",371834,2025-09-19 05:56:45,43.3295783996582,-8.49880599975586,"Unknown"
"6227756",371834,2025-09-19 06:06:45,43.3295669555664,-8.49876499176025,"Unknown"
"6227756",371834,2025-09-19 06:16:45,43.3295631408691,-8.49893951416016,"Unknown"
"6227756",371834,2025-09-19 06:26:45,43.329418182373,-8.49882221221924,"Unknown"
"6227756",371834,2025-09-19 06:36:45,43.3293762207031,-8.49885749816895,"Unknown"
"6227756",371834,2025-09-19 06:46:45,43.3292770385742,-8.49890518188477,"Unknown"
"6227756",371834,2025-09-19 06:56:46,43.329273223877,-8.49896335601807,"Unknown"
"6227756",371834,2025-09-19 07:06:45,43.3293228149414,-8.49890613555908,"Unknown"
"6227756",371834,2025-09-19 07:16:45,43.3293724060059,-8.4987964630127,"Unknown"
"6227756",371834,2025-09-19 07:26:45,43.3292350769043,-8.49896240234375,"Unknown"
"6227756",371834,2025-09-19 07:36:45,43.3295631408691,-8.49867820739746,"Unknown"
"6227756",371834,2025-09-19 07:46:45,43.3295249938965,-8.49872493743896,"Unknown"
"6227756",371834,2025-09-19 07:56:45,43.3295021057129,-8.4987850189209,"Unknown"
"6227756",371834,2025-09-19 08:06:45,43.3294334411621,-8.4988842010498,"Unknown"
"6227756",371834,2025-09-19 08:16:45,43.3290710449219,-8.49888896942139,"Unknown"
"6227756",371834,2025-09-19 08:26:46,43.329418182373,-8.49889659881592,"Unknown"
"6227756",371834,2025-09-19 08:36:46,43.3294448852539,-8.4989538192749,"Unknown"
"6227756",371834,2025-09-19 08:46:46,43.3290596008301,-8.49874114990234,"Unknown"
"6227756",371834,2025-09-19 08:56:46,43.3293914794922,-8.49896240234375,"Unknown"
"6227756",371834,2025-09-19 09:06:46,43.3294372558594,-8.49901580810547,"Unknown"
"6227756",371834,2025-09-19 09:16:47,43.3294258117676,-8.49898529052734,"Unknown"
"6227756",371834,2025-09-19 09:26:46,43.3293647766113,-8.49890804290771,"Unknown"
"6227756",371834,2025-09-19 09:36:47,43.3293571472168,-8.49888324737549,"Unknown"
"6227756",371834,2025-09-19 09:46:47,43.3294448852539,-8.49892902374268,"Unknown"
"6227756",371834,2025-09-19 09:56:47,43.32958984375,-8.49904251098633,"Unknown"
"6227756",371834,2025-09-19 10:06:47,43.3295135498047,-8.49897003173828,"Unknown"
"6227756",371834,2025-09-19 10:16:48,43.3293266296387,-8.49873447418213,"Unknown"
"6227756",371834,2025-09-19 10:26:56,43.3292045593262,-8.49839210510254,"Unknown"
"6227756",371834,2025-09-19 10:36:58,43.3295631408691,-8.49842929840088,"Unknown"
"6227756",371834,2025-09-19 10:46:53,43.3296852111816,-8.49871730804443,"Unknown"
"6227756",371834,2025-09-19 10:56:47,43.3305206298828,-8.49784564971924,"Unknown"
"6227756",371834,2025-09-19 11:06:49,43.329948425293,-8.49857425689697,"Unknown"
"6227756",371834,2025-09-19 11:16:49,43.3295135498047,-8.49892139434814,"Unknown"
"6227756",371834,2025-09-19 11:26:49,43.3293876647949,-8.49892997741699,"Unknown"
"6227756",371834,2025-09-19 11:36:45,43.3295364379883,-8.49893379211426,"Unknown"
"6227756",371834,2025-09-19 11:46:45,43.3295402526855,-8.49890613555908,"Unknown"
"6227756",371834,2025-09-19 11:56:45,43.3294334411621,-8.49884223937988,"Unknown"
"6227756",371834,2025-09-19 12:06:46,43.3295135498047,-8.49885559082031,"Unknown"
"6227756",371834,2025-09-19 12:16:45,43.3294143676758,-8.49876594543457,"Unknown"
"6227756",371834,2025-09-19 12:26:45,43.3294105529785,-8.49878978729248,"Unknown"
"6227756",371834,2025-09-19 12:36:46,43.3298492431641,-8.4991397857666,"Unknown"
"6227756",371834,2025-09-19 12:46:45,43.3298873901367,-8.49921607971191,"Unknown"
"6227756",371834,2025-09-19 12:56:45,43.3301734924316,-8.49914646148682,"Unknown"
"6227756",371834,2025-09-19 13:06:45,43.330135345459,-8.499192237854,"Unknown"
"6227756",371834,2025-09-19 13:16:45,43.330150604248,-8.49914169311523,"Unknown"
"6227756",371834,2025-09-19 13:26:45,43.3299026489258,-8.49916458129883,"Unknown"
"6227756",371834,2025-09-19 13:36:46,43.3296165466309,-8.49957942962646,"Unknown"
"6227756",371834,2025-09-19 13:46:56,43.3297309875488,-8.49920654296875,"Unknown"
"6227756",371834,2025-09-19 13:56:45,43.3296356201172,-8.49950885772705,"Unknown"
"6227756",371834,2025-09-19 14:06:46,43.3296966552734,-8.49951076507568,"Unknown"
"6227756",371834,2025-09-19 14:16:46,43.3296813964844,-8.49950504302979,"Unknown"
"6227756",371834,2025-09-19 14:26:47,43.3297233581543,-8.49929809570312,"Unknown"
"6227756",371834,2025-09-19 14:36:45,43.3297119140625,-8.49887180328369,"Unknown"
"6227756",371834,2025-09-19 14:46:45,43.3297500610352,-8.49900817871094,"Unknown"
"6227756",371834,2025-09-19 14:56:45,43.3294067382812,-8.49913501739502,"Unknown"
"6227756",371834,2025-09-19 15:06:45,43.3296508789062,-8.49886703491211,"Unknown"
"6227756",371834,2025-09-19 15:16:45,43.3297080993652,-8.49893760681152,"Unknown"
"6227756",371834,2025-09-19 15:26:45,43.3295440673828,-8.49886131286621,"Unknown"
"6227756",371834,2025-09-19 15:36:45,43.3296585083008,-8.49893569946289,"Unknown"
"6227756",371834,2025-09-19 15:46:45,43.3296890258789,-8.49895095825195,"Unknown"
"6227756",371834,2025-09-19 15:56:45,43.3293228149414,-8.49923515319824,"Unknown"
"6227756",371834,2025-09-19 16:06:45,43.3293266296387,-8.4992561340332,"Unknown"
"6227756",371834,2025-09-19 16:16:45,43.3293609619141,-8.49926376342773,"Unknown"
"6227756",371834,2025-09-19 16:26:45,43.3292922973633,-8.49907207489014,"Unknown"
"6227756",371834,2025-09-19 16:36:45,43.3293228149414,-8.49900722503662,"Unknown"
"6227756",371834,2025-09-19 16:46:47,43.3295745849609,-8.49912357330322,"Unknown"
"6227756",371834,2025-09-19 16:56:45,43.3293991088867,-8.49886322021484,"Unknown"
"6227756",371834,2025-09-19 17:06:45,43.3296928405762,-8.49870014190674,"Unknown"
"6227756",371834,2025-09-19 17:16:45,43.3297119140625,-8.49878692626953,"Unknown"
"6227756",371834,2025-09-19 17:26:45,43.329662322998,-8.49882411956787,"Unknown"
"6227756",371834,2025-09-19 17:36:45,43.3297233581543,-8.49880790710449,"Unknown"
"6227756",371834,2025-09-19 17:46:45,43.3296966552734,-8.49887657165527,"Unknown"
"6227756",371834,2025-09-19 17:56:45,43.3297233581543,-8.49888610839844,"Unknown"
"6227756",371834,2025-09-19 18:06:45,43.3295440673828,-8.49860954284668,"Unknown"
"6227756",371834,2025-09-19 18:16:45,43.3297729492188,-8.49887275695801,"Unknown"
"6227756",371834,2025-09-19 18:26:45,43.3296699523926,-8.49897861480713,"Unknown"
"6227756",371834,2025-09-19 18:36:47,43.3293876647949,-8.49849700927734,"Unknown"
"6227756",371834,2025-09-19 18:47:04,43.32958984375,-8.49893093109131,"Unknown"
"6227756",371834,2025-09-19 18:56:44,43.3296089172363,-8.49898719787598,"Unknown"
"6227756",371834,2025-09-19 19:06:44,43.3295402526855,-8.49911594390869,"Unknown"
"6227756",371834,2025-09-19 19:16:44,43.3295593261719,-8.49918174743652,"Unknown"
"6227756",371834,2025-09-19 19:26:44,43.3296279907227,-8.49901962280273,"Unknown"
"6227756",371834,2025-09-19 19:36:44,43.32958984375,-8.49908828735352,"Unknown"
"6227756",371834,2025-09-19 19:46:44,43.32958984375,-8.49906444549561,"Unknown"
"6227756",371834,2025-09-19 19:56:44,43.3295707702637,-8.49907302856445,"Unknown"
"6227756",371834,2025-09-19 20:06:44,43.32958984375,-8.49907875061035,"Unknown"
"6227756",371834,2025-09-19 20:16:44,43.3296127319336,-8.49908924102783,"Unknown"
"6227756",371834,2025-09-19 20:26:44,43.3296432495117,-8.49911594390869,"Unknown"
"6227756",371834,2025-09-19 20:36:44,43.3296546936035,-8.49921417236328,"Unknown"
"6227756",371834,2025-09-19 20:46:44,43.3296356201172,-8.49906921386719,"Unknown"
"6227756",371834,2025-09-19 20:56:44,43.3296508789062,-8.49912166595459,"Unknown"
"6227756",371834,2025-09-19 21:06:44,43.3298606872559,-8.49927806854248,"Unknown"
"6227756",371834,2025-09-19 21:16:44,43.3298110961914,-8.49933528900146,"Unknown"
"6227756",371834,2025-09-19 21:26:45,43.3301696777344,-8.4996395111084,"Unknown"
"6227756",371834,2025-09-19 21:36:46,43.3302116394043,-8.49957180023193,"Unknown"
"6227756",371834,2025-09-19 21:46:46,43.330436706543,-8.49980068206787,"Unknown"
"6227756",371834,2025-09-19 21:56:47,43.3298835754395,-8.49911022186279,"Unknown"
"6227756",371834,2025-09-19 22:06:45,43.3298263549805,-8.4991397857666,"Unknown"
"6227756",371834,2025-09-19 22:16:45,43.3297233581543,-8.49917697906494,"Unknown"
"6227756",371834,2025-09-19 22:26:45,43.3297462463379,-8.49916172027588,"Unknown"
"6227756",371834,2025-09-19 22:36:45,43.329647064209,-8.49907875061035,"Unknown"
"6227756",371834,2025-09-19 22:46:45,43.3296699523926,-8.49912071228027,"Unknown"
"6227756",371834,2025-09-19 22:56:45,43.329662322998,-8.49906158447266,"Unknown"
"6227756",371834,2025-09-19 23:06:45,43.329647064209,-8.49911403656006,"Unknown"
"6227756",371834,2025-09-19 23:16:45,43.3296165466309,-8.49902248382568,"Unknown"
"6227756",371834,2025-09-19 23:26:45,43.3295669555664,-8.49896144866943,"Unknown"
"6227756",371834,2025-09-19 23:36:45,43.3296241760254,-8.49888229370117,"Unknown"
"6227756",371834,2025-09-19 23:46:45,43.3298034667969,-8.4990701675415,"Unknown"
"6227756",371834,2025-09-19 23:56:45,43.329761505127,-8.4990119934082,"Unknown"
"6227756",371834,2025-09-20 00:06:46,43.3298492431641,-8.49901676177979,"Unknown"
"6227756",371834,2025-09-20 00:16:46,43.3299026489258,-8.49897384643555,"Unknown"
"6227756",371834,2025-09-20 00:26:46,43.329906463623,-8.49895477294922,"Unknown"
"6227756",371834,2025-09-20 00:36:45,43.3299369812012,-8.49891090393066,"Unknown"
"6227756",371834,2025-09-20 00:46:46,43.3298950195312,-8.4988842010498,"Unknown"
"6227756",371834,2025-09-20 00:56:46,43.3299217224121,-8.4988489151001,"Unknown"
"6227756",371834,2025-09-20 01:06:46,43.3299255371094,-8.49873924255371,"Unknown"
"6227756",371834,2025-09-20 01:16:46,43.3299331665039,-8.49855709075928,"Unknown"
"6227756",371834,2025-09-20 01:26:47,43.3299102783203,-8.49837493896484,"Unknown"
"6227756",371834,2025-09-20 01:36:54,43.3299522399902,-8.49854850769043,"Unknown"
"6227756",371834,2025-09-20 01:46:48,43.329891204834,-8.49786472320557,"Unknown"
"6227756",371834,2025-09-20 01:56:48,43.3299255371094,-8.49793243408203,"Unknown"
"6227756",371834,2025-09-20 02:06:48,43.3298454284668,-8.4972038269043,"Unknown"
"6227756",371834,2025-09-20 02:16:59,43.3301429748535,-8.49892139434814,"Unknown"
"6227756",371834,2025-09-20 02:26:48,43.3297691345215,-8.49680995941162,"Unknown"
"6227756",371834,2025-09-20 02:36:54,43.3301849365234,-8.49900531768799,"Unknown"
"6227756",371834,2025-09-20 02:46:56,43.3301315307617,-8.49910354614258,"Unknown"
"6227756",371834,2025-09-20 02:57:05,43.3296585083008,-8.49897861480713,"Unknown"
"6227756",371834,2025-09-20 03:06:43,43.3295516967773,-8.49909400939941,"Unknown"
"6227756",371834,2025-09-20 03:16:44,43.3296394348145,-8.49915981292725,"Unknown"
"6227756",371834,2025-09-20 03:26:43,43.3295211791992,-8.49913883209229,"Unknown"
"6227756",371834,2025-09-20 03:36:44,43.3294982910156,-8.49910736083984,"Unknown"
"6227756",371834,2025-09-20 03:46:43,43.329532623291,-8.49922752380371,"Unknown"
"6227756",371834,2025-09-20 03:56:44,43.329517364502,-8.49907779693604,"Unknown"
"6227756",371834,2025-09-20 04:06:44,43.3295135498047,-8.49912738800049,"Unknown"
"6227756",371834,2025-09-20 04:16:44,43.3295440673828,-8.49906158447266,"Unknown"
"6227756",371834,2025-09-20 04:26:44,43.3295021057129,-8.49903678894043,"Unknown"
"6227756",371834,2025-09-20 04:36:44,43.329475402832,-8.4989652633667,"Unknown"
"6227756",371834,2025-09-20 04:46:44,43.329532623291,-8.49899101257324,"Unknown"
"6227756",371834,2025-09-20 04:56:44,43.3294944763184,-8.49891090393066,"Unknown"
"6227756",371834,2025-09-20 05:06:45,43.3294067382812,-8.49872207641602,"Unknown"
"6227756",371834,2025-09-20 05:16:49,43.3295478820801,-8.49899005889893,"Unknown"
"6227756",371834,2025-09-20 05:26:49,43.3295745849609,-8.49894905090332,"Unknown"
"6227756",371834,2025-09-20 05:36:53,43.3295822143555,-8.49891567230225,"Unknown"
"6227756",371834,2025-09-20 05:46:48,43.329517364502,-8.49874496459961,"Unknown"
"6227756",371834,2025-09-20 05:56:44,43.3296012878418,-8.4990119934082,"Unknown"
"6227756",371834,2025-09-20 06:06:46,43.3297424316406,-8.49925422668457,"Unknown"
"6227756",371834,2025-09-20 06:17:03,43.3295783996582,-8.4989767074585,"Unknown"
"6227756",371834,2025-09-20 06:26:56,43.3295288085938,-8.49900913238525,"Unknown"
"6227756",371834,2025-09-20 06:37:04,43.3295135498047,-8.49900531768799,"Unknown"
"6227756",371834,2025-09-20 06:46:44,43.3294982910156,-8.49903774261475,"Unknown"
"6227756",371834,2025-09-20 06:56:44,43.329460144043,-8.49907779693604,"Unknown"
"6227756",371834,2025-09-20 07:06:46,43.3292045593262,-8.49921607971191,"Unknown"
"6227756",371834,2025-09-20 07:16:48,43.3288154602051,-8.49924373626709,"Unknown"
"6227756",371834,2025-09-20 07:26:45,43.3294830322266,-8.49905681610107,"Unknown"
"6227756",371834,2025-09-20 07:36:44,43.3295021057129,-8.49906730651855,"Unknown"
"6227756",371834,2025-09-20 07:46:44,43.3296966552734,-8.49915885925293,"Unknown"
"6227756",371834,2025-09-20 07:56:44,43.3296394348145,-8.49914932250977,"Unknown"
"6227756",371834,2025-09-20 08:06:51,43.329418182373,-8.49895191192627,"Unknown"
"6227756",371834,2025-09-20 08:16:59,43.3289184570312,-8.49848747253418,"Unknown"
"6227756",371834,2025-09-20 08:27:05,43.3294944763184,-8.4990291595459,"Unknown"
"6227756",371834,2025-09-20 08:36:43,43.3294448852539,-8.4990348815918,"Unknown"
"6227756",371834,2025-09-20 08:46:43,43.3294296264648,-8.49899864196777,"Unknown"
"6227756",371834,2025-09-20 08:56:43,43.3294486999512,-8.49898910522461,"Unknown"
"6227756",371834,2025-09-20 09:06:44,43.3295402526855,-8.49907875061035,"Unknown"
"6227756",371834,2025-09-20 09:16:44,43.3294868469238,-8.49903106689453,"Unknown"
"6227756",371834,2025-09-20 09:26:44,43.3296508789062,-8.4991569519043,"Unknown"
"6227756",371834,2025-09-20 09:36:45,43.3291473388672,-8.4985876083374,"Unknown"
"6227756",371834,2025-09-20 09:46:44,43.3293075561523,-8.49882888793945,"Unknown"
"6227756",371834,2025-09-20 09:56:44,43.3293342590332,-8.49885272979736,"Unknown"
"6227756",371834,2025-09-20 10:06:44,43.3292236328125,-8.49868583679199,"Unknown"
"6227756",371834,2025-09-20 10:17:02,43.3294944763184,-8.49904918670654,"Unknown"
"6227756",371834,2025-09-20 10:26:54,43.3295516967773,-8.49907398223877,"Unknown"
"6227756",371834,2025-09-20 10:36:47,43.3297653198242,-8.49965190887451,"Unknown"
"6227756",371834,2025-09-20 10:46:46,43.3297080993652,-8.49947166442871,"Unknown"
"6227756",371834,2025-09-20 10:56:45,43.3295707702637,-8.49925327301025,"Unknown"
"6227756",371834,2025-09-20 11:06:45,43.3295249938965,-8.49910831451416,"Unknown"
"6227756",371834,2025-09-20 11:16:52,43.3295097351074,-8.49901580810547,"Unknown"
"6227756",371834,2025-09-20 11:26:54,43.3295021057129,-8.49900245666504,"Unknown"
"6227756",371834,2025-09-20 11:37:02,43.3294982910156,-8.49901676177979,"Unknown"
"6227756",371834,2025-09-20 11:46:44,43.3294677734375,-8.49900722503662,"Unknown"
"6227756",371834,2025-09-20 11:56:44,43.3295288085938,-8.49907493591309,"Unknown"
"6227756",371834,2025-09-20 12:06:47,43.3293266296387,-8.49888801574707,"Unknown"
"6227756",371834,2025-09-20 12:16:45,43.3294906616211,-8.49901962280273,"Unknown"
"6227756",371834,2025-09-20 12:26:45,43.329662322998,-8.49918174743652,"Unknown"
"6227756",371834,2025-09-20 12:36:44,43.3296585083008,-8.49920177459717,"Unknown"
"6227756",371834,2025-09-20 12:46:44,43.3296165466309,-8.49920177459717,"Unknown"
"6227756",371834,2025-09-20 12:56:44,43.3296089172363,-8.49919891357422,"Unknown"
"6227756",371834,2025-09-20 13:06:44,43.3296089172363,-8.49914455413818,"Unknown"
"6227756",371834,2025-09-20 13:16:44,43.3295593261719,-8.49912166595459,"Unknown"
"6227756",371834,2025-09-20 13:26:44,43.3295669555664,-8.49925422668457,"Unknown"
"6227756",371834,2025-09-20 13:36:44,43.3295288085938,-8.49933338165283,"Unknown"
"6227756",371834,2025-09-20 13:46:44,43.3294944763184,-8.49937343597412,"Unknown"
"6227756",371834,2025-09-20 13:56:45,43.3294906616211,-8.49951076507568,"Unknown"
"6227756",371834,2025-09-20 14:06:48,43.3298683166504,-8.50002384185791,"Unknown"
"6227756",371834,2025-09-20 14:16:46,43.3294792175293,-8.49945068359375,"Unknown"
"6227756",371834,2025-09-20 14:26:46,43.3294563293457,-8.49936580657959,"Unknown"
"6227756",371834,2025-09-20 14:36:46,43.329418182373,-8.49920558929443,"Unknown"
"6227756",371834,2025-09-20 14:46:47,43.3293876647949,-8.49909591674805,"Unknown"
"6227756",371834,2025-09-20 14:56:47,43.3294563293457,-8.49903774261475,"Unknown"
"6227756",371834,2025-09-20 15:06:48,43.3294410705566,-8.49891471862793,"Unknown"
"6227756",371834,2025-09-20 15:16:51,43.3295631408691,-8.49908542633057,"Unknown"
"6227756",371834,2025-09-20 15:26:49,43.3296012878418,-8.49920749664307,"Unknown"
"6227756",371834,2025-09-20 15:36:48,43.3295745849609,-8.49891185760498,"Unknown"
"6227756",371834,2025-09-20 15:46:49,43.3297157287598,-8.49921703338623,"Unknown"
"6227756",371834,2025-09-20 15:56:51,43.3296966552734,-8.49944972991943,"Unknown"
"6227756",371834,2025-09-20 16:06:49,43.3298568725586,-8.49903678894043,"Unknown"
"6227756",371834,2025-09-20 16:16:47,43.3295402526855,-8.49887180328369,"Unknown"
"6227756",371834,2025-09-20 16:26:46,43.3296051025391,-8.49882316589355,"Unknown"
"6227756",371834,2025-09-20 16:36:54,43.3298873901367,-8.4987096786499,"Unknown"
"6227756",371834,2025-09-20 16:46:54,43.3298301696777,-8.49871635437012,"Unknown"
"6227756",371834,2025-09-20 16:56:45,43.3292808532715,-8.49894714355469,"Unknown"
"6227756",371834,2025-09-20 17:06:45,43.3294830322266,-8.49884700775146,"Unknown"
"6227756",371834,2025-09-20 17:16:45,43.3293533325195,-8.49887561798096,"Unknown"
"6227756",371834,2025-09-20 17:26:45,43.3294296264648,-8.49885845184326,"Unknown"
"6227756",371834,2025-09-20 17:36:47,43.3293571472168,-8.49879264831543,"Unknown"
"6227756",371834,2025-09-20 17:46:46,43.3293724060059,-8.49879455566406,"Unknown"
"6227756",371834,2025-09-20 17:56:46,43.329402923584,-8.49873065948486,"Unknown"
"6227756",371834,2025-09-20 18:06:48,43.3293609619141,-8.4986515045166,"Unknown"
"6227756",371834,2025-09-20 18:16:48,43.3291816711426,-8.49855995178223,"Unknown"
"6227756",371834,2025-09-20 18:26:52,43.3291282653809,-8.49846458435059,"Unknown"
"6227756",371834,2025-09-20 18:36:51,43.3291320800781,-8.49861335754395,"Unknown"
"6227756",371834,2025-09-20 18:46:55,43.3292198181152,-8.49868297576904,"Unknown"
"6227756",371834,2025-09-20 18:56:52,43.3292236328125,-8.49890327453613,"Unknown"
"6227756",371834,2025-09-20 19:06:47,43.3292961120605,-8.49878692626953,"Unknown"
"6227756",371834,2025-09-20 19:16:55,43.3293876647949,-8.49875736236572,"Unknown"
"6227756",371834,2025-09-20 19:26:53,43.3292617797852,-8.49883556365967,"Unknown"
"6227756",371834,2025-09-20 19:36:47,43.3292274475098,-8.49886131286621,"Unknown"
"6227756",371834,2025-09-20 19:47:05,43.3294982910156,-8.49898242950439,"Unknown"
"6227756",371834,2025-09-20 19:56:43,43.329475402832,-8.49894618988037,"Unknown"
"6227756",371834,2025-09-20 20:06:43,43.329517364502,-8.49892520904541,"Unknown"
"6227756",371834,2025-09-20 20:16:43,43.3294906616211,-8.49899101257324,"Unknown"
"6227756",371834,2025-09-20 20:26:43,43.3295021057129,-8.49901962280273,"Unknown"
"6227756",371834,2025-09-20 20:36:44,43.3295249938965,-8.4990062713623,"Unknown"
"6227756",371834,2025-09-20 20:46:44,43.3294486999512,-8.49894523620605,"Unknown"
"6227756",371834,2025-09-20 20:56:44,43.3294830322266,-8.49897766113281,"Unknown"
"6227756",371834,2025-09-20 21:06:44,43.3294830322266,-8.4989652633667,"Unknown"
"6227756",371834,2025-09-20 21:16:44,43.329418182373,-8.49889087677002,"Unknown"
"6227756",371834,2025-09-20 21:26:44,43.3292999267578,-8.4988260269165,"Unknown"
"6227756",371834,2025-09-20 21:36:54,43.3298416137695,-8.49925518035889,"Unknown"
"6227756",371834,2025-09-20 21:46:44,43.3297424316406,-8.49917507171631,"Unknown"
"6227756",371834,2025-09-20 21:56:49,43.3296508789062,-8.49944400787354,"Unknown"
"6227756",371834,2025-09-20 22:06:47,43.3295974731445,-8.49927711486816,"Unknown"
"6227756",371834,2025-09-20 22:16:48,43.3291549682617,-8.49811840057373,"Unknown"
"6227756",371834,2025-09-20 22:26:48,43.329345703125,-8.49869441986084,"Unknown"
"6227756",371834,2025-09-20 22:36:49,43.3294525146484,-8.49896049499512,"Unknown"
"6227756",371834,2025-09-20 22:46:49,43.3294868469238,-8.49900722503662,"Unknown"
"6227756",371834,2025-09-20 22:56:47,43.3290863037109,-8.498610496521,"Unknown"
"6227756",371834,2025-09-20 23:06:47,43.329174041748,-8.49887752532959,"Unknown"
"6227756",371834,2025-09-20 23:16:53,43.3291015625,-8.49894523620605,"Unknown"
"6227756",371834,2025-09-20 23:26:54,43.3292808532715,-8.49923610687256,"Unknown"
"6227756",371834,2025-09-20 23:36:57,43.3294410705566,-8.4992618560791,"Unknown"
"6227756",371834,2025-09-20 23:46:57,43.3294944763184,-8.49938869476318,"Unknown"
"6227756",371834,2025-09-20 23:57:05,43.329460144043,-8.49909782409668,"Unknown"
"6227756",371834,2025-09-21 00:06:43,43.3294677734375,-8.49897766113281,"Unknown"
"6227756",371834,2025-09-21 00:16:43,43.3295822143555,-8.49900722503662,"Unknown"
"6227756",371834,2025-09-21 00:26:43,43.3295783996582,-8.4990234375,"Unknown"
"6227756",371834,2025-09-21 00:36:43,43.3295440673828,-8.4989767074585,"Unknown"
"6227756",371834,2025-09-21 00:46:44,43.3295440673828,-8.49905776977539,"Unknown"
"6227756",371834,2025-09-21 00:56:44,43.3296012878418,-8.4989185333252,"Unknown"
"6227756",371834,2025-09-21 01:06:44,43.3295860290527,-8.49911117553711,"Unknown"
"6227756",371834,2025-09-21 01:16:44,43.3296012878418,-8.49912261962891,"Unknown"
"6227756",371834,2025-09-21 01:26:44,43.3295402526855,-8.49909782409668,"Unknown"
"6227756",371834,2025-09-21 01:36:44,43.3295860290527,-8.49917125701904,"Unknown"
"6227756",371834,2025-09-21 01:46:44,43.3295707702637,-8.49912643432617,"Unknown"
"6227756",371834,2025-09-21 01:56:44,43.3295631408691,-8.4991455078125,"Unknown"
"6227756",371834,2025-09-21 02:06:44,43.3294830322266,-8.49913311004639,"Unknown"
"6227756",371834,2025-09-21 02:16:44,43.3295555114746,-8.49918365478516,"Unknown"
"6227756",371834,2025-09-21 02:26:45,43.3295516967773,-8.49918270111084,"Unknown"
"6227756",371834,2025-09-21 02:36:45,43.3295974731445,-8.49913215637207,"Unknown"
"6227756",371834,2025-09-21 02:46:45,43.3295669555664,-8.49903297424316,"Unknown"
"6227756",371834,2025-09-21 02:57:05,43.3295402526855,-8.4990234375,"Unknown"
"6227756",371834,2025-09-21 03:06:43,43.3295478820801,-8.49895858764648,"Unknown"
"6227756",371834,2025-09-21 03:16:44,43.3297691345215,-8.49927711486816,"Unknown"
"6227756",371834,2025-09-21 03:26:44,43.3295059204102,-8.49919033050537,"Unknown"
"6227756",371834,2025-09-21 03:36:44,43.3294906616211,-8.49914836883545,"Unknown"
"6227756",371834,2025-09-21 03:46:44,43.3295745849609,-8.49916744232178,"Unknown"
"6227756",371834,2025-09-21 03:56:44,43.3292236328125,-8.49916553497314,"Unknown"
"6227756",371834,2025-09-21 04:06:44,43.329532623291,-8.49905967712402,"Unknown"
"6227756",371834,2025-09-21 04:16:44,43.3295555114746,-8.49902153015137,"Unknown"
"6227756",371834,2025-09-21 04:26:44,43.3295555114746,-8.49897384643555,"Unknown"
"6227756",371834,2025-09-21 04:36:44,43.329761505127,-8.49797821044922,"Unknown"
"6227756",371834,2025-09-21 04:46:44,43.3295059204102,-8.49855041503906,"Unknown"
"6227756",371834,2025-09-21 04:56:44,43.329475402832,-8.49847030639648,"Unknown"
"6227756",371834,2025-09-21 05:06:44,43.3294944763184,-8.49851703643799,"Unknown"
"6227756",371834,2025-09-21 05:16:44,43.3295440673828,-8.49846458435059,"Unknown"
"6227756",371834,2025-09-21 05:26:44,43.3295288085938,-8.49858570098877,"Unknown"
"6227756",371834,2025-09-21 05:36:44,43.3295822143555,-8.49858856201172,"Unknown"
"6227756",371834,2025-09-21 05:46:45,43.3296089172363,-8.49867153167725,"Unknown"
"6227756",371834,2025-09-21 05:56:45,43.3295936584473,-8.49890995025635,"Unknown"
"6227756",371834,2025-09-21 06:06:44,43.329532623291,-8.49892902374268,"Unknown"
"6227756",371834,2025-09-21 06:16:45,43.3295440673828,-8.49892997741699,"Unknown"
"6227756",371834,2025-09-21 06:26:46,43.3295059204102,-8.49900054931641,"Unknown"
"6227756",371834,2025-09-21 06:36:44,43.3295593261719,-8.49895858764648,"Unknown"
"6227756",371834,2025-09-21 06:46:44,43.3292388916016,-8.49930763244629,"Unknown"
"6227756",371834,2025-09-21 06:56:45,43.3292503356934,-8.49928283691406,"Unknown"
"6227756",371834,2025-09-21 07:06:45,43.329345703125,-8.49910259246826,"Unknown"
"6227756",371834,2025-09-21 07:16:44,43.3294372558594,-8.49899768829346,"Unknown"
"6227756",371834,2025-09-21 07:26:45,43.329345703125,-8.49907207489014,"Unknown"
"6227756",371834,2025-09-21 07:36:44,43.3293418884277,-8.49903106689453,"Unknown"
"6227756",371834,2025-09-21 07:46:45,43.3294715881348,-8.49882316589355,"Unknown"
"6227756",371834,2025-09-21 07:56:44,43.3294296264648,-8.49902439117432,"Unknown"
"6227756",371834,2025-09-21 08:06:46,43.3294105529785,-8.49899864196777,"Unknown"
"6227756",371834,2025-09-21 08:16:45,43.3294448852539,-8.49899864196777,"Unknown"
"6227756",371834,2025-09-21 08:26:45,43.329460144043,-8.49898719787598,"Unknown"
"6227756",371834,2025-09-21 08:36:46,43.3294296264648,-8.49900150299072,"Unknown"
"6227756",371834,2025-09-21 08:46:45,43.329418182373,-8.49897766113281,"Unknown"
"6227756",371834,2025-09-21 08:56:45,43.3294296264648,-8.49892807006836,"Unknown"
"6227756",371834,2025-09-21 09:06:46,43.3294334411621,-8.49894428253174,"Unknown"
"6227756",371834,2025-09-21 09:16:45,43.3295211791992,-8.4989767074585,"Unknown"
"6227756",371834,2025-09-21 09:26:46,43.329475402832,-8.49895095825195,"Unknown"
"6227756",371834,2025-09-21 09:36:45,43.3292999267578,-8.4987621307373,"Unknown"
"6227756",371834,2025-09-21 09:46:45,43.3292694091797,-8.49872589111328,"Unknown"
"6227756",371834,2025-09-21 09:56:45,43.329273223877,-8.49868869781494,"Unknown"
"6227756",371834,2025-09-21 10:06:45,43.3293380737305,-8.49869060516357,"Unknown"
"6227756",371834,2025-09-21 10:16:45,43.3293838500977,-8.49866008758545,"Unknown"
"6227756",371834,2025-09-21 10:26:46,43.3293800354004,-8.49848175048828,"Unknown"
"6227756",371834,2025-09-21 10:36:45,43.3292922973633,-8.49875640869141,"Unknown"
"6227756",371834,2025-09-21 10:46:46,43.3293075561523,-8.4987154006958,"Unknown"
"6227756",371834,2025-09-21 10:56:46,43.3293571472168,-8.49864387512207,"Unknown"
"6227756",371834,2025-09-21 11:06:46,43.3293037414551,-8.49860095977783,"Unknown"
"6227756",371834,2025-09-21 11:17:05,43.329532623291,-8.4988842010498,"Unknown"
"6227756",371834,2025-09-21 11:26:44,43.329517364502,-8.49898433685303,"Unknown"
"6227756",371834,2025-09-21 11:36:44,43.3295135498047,-8.49905776977539,"Unknown"
"6227756",371834,2025-09-21 11:46:44,43.3295440673828,-8.49902439117432,"Unknown"
"6227756",371834,2025-09-21 11:56:44,43.3295364379883,-8.49906158447266,"Unknown"
"6227756",371834,2025-09-21 12:06:44,43.3295707702637,-8.49905490875244,"Unknown"
"6227756",371834,2025-09-21 12:16:44,43.3296127319336,-8.49912261962891,"Unknown"
"6227756",371834,2025-09-21 12:26:44,43.329761505127,-8.49929141998291,"Unknown"
"6227756",371834,2025-09-21 12:36:43,43.3297996520996,-8.49929809570312,"Unknown"
"6227756",371834,2025-09-21 12:46:43,43.329761505127,-8.49930763244629,"Unknown"
"6227756",371834,2025-09-21 12:56:44,43.3297309875488,-8.4993200302124,"Unknown"
"6227756",371834,2025-09-21 13:06:44,43.3296394348145,-8.49928855895996,"Unknown"
"6227756",371834,2025-09-21 13:16:44,43.3295822143555,-8.49930477142334,"Unknown"
"6227756",371834,2025-09-21 13:26:55,43.3296852111816,-8.49909496307373,"Unknown"
"6227756",371834,2025-09-21 13:36:52,43.3295593261719,-8.49903297424316,"Unknown"
"6227756",371834,2025-09-21 13:47:05,43.3295097351074,-8.49914073944092,"Unknown"
"6227756",371834,2025-09-21 13:56:44,43.3294715881348,-8.49901962280273,"Unknown"
"6227756",371834,2025-09-21 14:06:43,43.3294677734375,-8.49899864196777,"Unknown"
"6227756",371834,2025-09-21 14:16:43,43.3294677734375,-8.49897861480713,"Unknown"
"6227756",371834,2025-09-21 14:26:44,43.3294944763184,-8.49898815155029,"Unknown"
"6227756",371834,2025-09-21 14:36:45,43.3294792175293,-8.49946022033691,"Unknown"
"6227756",371834,2025-09-21 14:46:44,43.3294715881348,-8.49896049499512,"Unknown"
"6227756",371834,2025-09-21 14:56:43,43.3295745849609,-8.49892807006836,"Unknown"
"6227756",371834,2025-09-21 15:06:51,43.3294982910156,-8.49894046783447,"Unknown"
"6227756",371834,2025-09-21 15:16:46,43.3283309936523,-8.49974155426025,"Unknown"
"6227756",371834,2025-09-21 15:26:53,43.3295059204102,-8.49889373779297,"Unknown"
"6227756",371834,2025-09-21 15:36:54,43.3295745849609,-8.49896335601807,"Unknown"
"6227756",371834,2025-09-21 15:46:55,43.3296356201172,-8.49933338165283,"Unknown"
"6227756",371834,2025-09-21 15:56:46,43.3388328552246,-8.50413799285889,"Unknown"
"6227756",371834,2025-09-21 16:06:46,43.3390197753906,-8.50577735900879,"Unknown"
"6227756",371834,2025-09-21 16:16:55,43.3293228149414,-8.49894237518311,"Unknown"
"6227756",371834,2025-09-21 16:26:55,43.3292808532715,-8.49893188476562,"Unknown"
"6227756",371834,2025-09-21 16:36:55,43.3292427062988,-8.49892139434814,"Unknown"
"6227756",371834,2025-09-21 16:46:55,43.3293724060059,-8.49885082244873,"Unknown"
"6227756",371834,2025-09-21 16:57:08,43.3293800354004,-8.49885272979736,"Unknown"
"6227756",371834,2025-09-21 17:06:50,43.3293685913086,-8.49878597259521,"Unknown"
"6227756",371834,2025-09-21 17:17:15,43.3294410705566,-8.498854637146,"Unknown"
"6227756",371834,2025-09-21 17:26:43,43.3294219970703,-8.49880123138428,"Unknown"
"6227756",371834,2025-09-21 17:36:43,43.3294143676758,-8.49897193908691,"Unknown"
"6227756",371834,2025-09-21 17:46:44,43.3294677734375,-8.49889373779297,"Unknown"
"6227756",371834,2025-09-21 17:56:49,43.3292922973633,-8.49873828887939,"Unknown"
"6227756",371834,2025-09-21 18:06:52,43.3289756774902,-8.49855709075928,"Unknown"
"6227756",371834,2025-09-21 18:16:56,43.3187789916992,-8.49228858947754,"Unknown"
"6227756",371834,2025-09-21 18:27:03,43.3295135498047,-8.49891567230225,"Unknown"
"6227756",371834,2025-09-21 18:36:56,43.329517364502,-8.49895572662354,"Unknown"
"6227756",371834,2025-09-21 18:46:55,43.3296012878418,-8.49895286560059,"Unknown"
"6227756",371834,2025-09-21 18:56:47,43.3294525146484,-8.49903869628906,"Unknown"
"6227756",371834,2025-09-21 19:06:45,43.3295860290527,-8.49901962280273,"Unknown"
"6227756",371834,2025-09-21 19:16:48,43.32958984375,-8.49897384643555,"Unknown"
"6227756",371834,2025-09-21 19:26:45,43.3296775817871,-8.49898815155029,"Unknown"
"6227756",371834,2025-09-21 19:36:44,43.3295021057129,-8.49894905090332,"Unknown"
"6227756",371834,2025-09-21 19:46:44,43.32958984375,-8.49898719787598,"Unknown"
"6227756",371834,2025-09-21 19:56:44,43.3297119140625,-8.49918556213379,"Unknown"
"6227756",371834,2025-09-21 20:06:44,43.3296546936035,-8.49903964996338,"Unknown"
"6227756",371834,2025-09-21 20:16:44,43.3298301696777,-8.49923992156982,"Unknown"
"6227756",371834,2025-09-21 20:26:48,43.3298797607422,-8.49929618835449,"Unknown"
"6227756",371834,2025-09-21 20:37:04,43.3295745849609,-8.49898624420166,"Unknown"
"6227756",371834,2025-09-21 20:46:45,43.3293075561523,-8.49880504608154,"Unknown"
"6227756",371834,2025-09-21 20:56:46,43.3291168212891,-8.49861621856689,"Unknown"
"6227756",371834,2025-09-21 21:06:46,43.3293495178223,-8.4988374710083,"Unknown"
"6227756",371834,2025-09-21 21:16:46,43.3295440673828,-8.49901390075684,"Unknown"
"6227756",371834,2025-09-21 21:26:51,43.3294906616211,-8.49901676177979,"Unknown"
"6227756",371834,2025-09-21 21:36:46,43.3298187255859,-8.49928665161133,"Unknown"
"6227756",371834,2025-09-21 21:46:48,43.3296775817871,-8.49917697906494,"Unknown"
"6227756",371834,2025-09-21 21:57:03,43.3294830322266,-8.49904632568359,"Unknown"
"6227756",371834,2025-09-21 22:06:43,43.3295097351074,-8.49898529052734,"Unknown"
"6227756",371834,2025-09-21 22:16:43,43.3294868469238,-8.49895095825195,"Unknown"
"6227756",371834,2025-09-21 22:26:44,43.3294792175293,-8.49895000457764,"Unknown"
"6227756",371834,2025-09-21 22:36:55,43.3294868469238,-8.49898338317871,"Unknown"
"6227756",371834,2025-09-21 22:46:55,43.3294715881348,-8.49857711791992,"Unknown"
"6227756",371834,2025-09-21 22:56:43,43.3294944763184,-8.49899864196777,"Unknown"
"6227756",371834,2025-09-21 23:06:45,43.3294830322266,-8.49894618988037,"Unknown"
"6227756",371834,2025-09-21 23:16:48,43.3293418884277,-8.49836349487305,"Unknown"
"6227756",371834,2025-09-21 23:26:45,43.3293495178223,-8.4983549118042,"Unknown"
"6227756",371834,2025-09-21 23:36:56,43.328556060791,-8.49755191802979,"Unknown"
"6227756",371834,2025-09-21 23:46:53,43.3284149169922,-8.4973611831665,"Unknown"
"6227756",371834,2025-09-21 23:57:05,43.3294525146484,-8.49896621704102,"Unknown"
"6227756",371834,2025-09-22 00:06:43,43.3295249938965,-8.49899005889893,"Unknown"
"6227756",371834,2025-09-22 00:16:43,43.3295593261719,-8.49902534484863,"Unknown"
"6227756",371834,2025-09-22 00:26:43,43.3295440673828,-8.49897480010986,"Unknown"
"6227756",371834,2025-09-22 00:36:44,43.3297805786133,-8.49897861480713,"Unknown"
"6227756",371834,2025-09-22 00:46:44,43.3298301696777,-8.49902534484863,"Unknown"
"6227756",371834,2025-09-22 00:56:44,43.329704284668,-8.49901485443115,"Unknown"
"6227756",371834,2025-09-22 01:06:44,43.3295097351074,-8.49922943115234,"Unknown"
"6227756",371834,2025-09-22 01:16:44,43.3296089172363,-8.49914169311523,"Unknown"
"6227756",371834,2025-09-22 01:26:44,43.3295211791992,-8.49931144714355,"Unknown"
"6227756",371834,2025-09-22 01:36:44,43.3295249938965,-8.49929618835449,"Unknown"
"6227756",371834,2025-09-22 01:46:44,43.3295059204102,-8.49928092956543,"Unknown"
"6227756",371834,2025-09-22 01:56:44,43.3295288085938,-8.49922561645508,"Unknown"
"6227756",371834,2025-09-22 02:06:44,43.3295097351074,-8.49928760528564,"Unknown"
"6227756",371834,2025-09-22 02:16:44,43.3295059204102,-8.49928092956543,"Unknown"
"6227756",371834,2025-09-22 02:26:44,43.3295288085938,-8.49928379058838,"Unknown"
"6227756",371834,2025-09-22 02:36:44,43.3294906616211,-8.49915504455566,"Unknown"
"6227756",371834,2025-09-22 02:46:45,43.3295707702637,-8.49913787841797,"Unknown"
"6227756",371834,2025-09-22 02:56:45,43.3293952941895,-8.49891185760498,"Unknown"
"6227756",371834,2025-09-22 03:06:46,43.3294258117676,-8.49882221221924,"Unknown"
"6227756",371834,2025-09-22 03:16:49,43.3296241760254,-8.49917030334473,"Unknown"
"6227756",371834,2025-09-22 03:26:48,43.3298835754395,-8.49933624267578,"Unknown"
"6227756",371834,2025-09-22 03:36:56,43.3298606872559,-8.49921226501465,"Unknown"
"6227756",371834,2025-09-22 03:46:58,43.3298454284668,-8.49915409088135,"Unknown"
"6227756",371834,2025-09-22 03:56:52,43.3298034667969,-8.49902439117432,"Unknown"
"6227756",371834,2025-09-22 04:06:51,43.3319435119629,-8.49613285064697,"Unknown"
"6227756",371834,2025-09-22 04:17:02,43.3319244384766,-8.49386310577393,"Unknown"
"6227756",371834,2025-09-22 04:26:54,43.3296737670898,-8.49835681915283,"Unknown"
"6227756",371834,2025-09-22 04:36:55,43.3296737670898,-8.49827861785889,"Unknown"
"6227756",371834,2025-09-22 04:47:05,43.3295440673828,-8.49904918670654,"Unknown"
"6227756",371834,2025-09-22 04:56:44,43.3295440673828,-8.49905967712402,"Unknown"
"6227756",371834,2025-09-22 05:06:43,43.3294792175293,-8.498854637146,"Unknown"
"6227756",371834,2025-09-22 05:16:44,43.3294906616211,-8.49890327453613,"Unknown"
"6227756",371834,2025-09-22 05:26:44,43.3294486999512,-8.49886989593506,"Unknown"
"6227756",371834,2025-09-22 05:36:44,43.3294715881348,-8.49882411956787,"Unknown"
"6227756",371834,2025-09-22 05:46:44,43.3294944763184,-8.49894046783447,"Unknown"
"6227756",371834,2025-09-22 05:56:48,43.3294677734375,-8.49890041351318,"Unknown"
"6227756",371834,2025-09-22 06:06:45,43.3294525146484,-8.49908924102783,"Unknown"
"6227756",371834,2025-09-22 06:16:47,43.329402923584,-8.49893283843994,"Unknown"
"6227756",371834,2025-09-22 06:27:05,43.3294525146484,-8.49897575378418,"Unknown"
"6227756",371834,2025-09-22 06:36:44,43.3295211791992,-8.49899864196777,"Unknown"
"6227756",371834,2025-09-22 06:46:46,43.3299293518066,-8.49892330169678,"Unknown"
"6227756",371834,2025-09-22 06:56:54,43.329475402832,-8.49898624420166,"Unknown"
"6227756",371834,2025-09-22 07:06:45,43.3293762207031,-8.49900436401367,"Unknown"
"6227756",371834,2025-09-22 07:16:46,43.3292770385742,-8.49912452697754,"Unknown"
"6227756",371834,2025-09-22 07:26:54,43.329402923584,-8.4990406036377,"Unknown"
"6227756",371834,2025-09-22 07:36:48,43.3293533325195,-8.4990816116333,"Unknown"
"6227756",371834,2025-09-22 07:46:45,43.3293418884277,-8.49927234649658,"Unknown"
"6227756",371834,2025-09-22 07:56:45,43.3294372558594,-8.49922180175781,"Unknown"
"6227756",371834,2025-09-22 08:06:51,43.3294677734375,-8.49902820587158,"Unknown"
"6227756",371834,2025-09-22 08:16:54,43.3291091918945,-8.49875259399414,"Unknown"
"6227756",371834,2025-09-22 08:26:51,43.3291778564453,-8.49874114990234,"Unknown"
"6227756",371834,2025-09-22 08:37:01,43.3293991088867,-8.4990062713623,"Unknown"
"6227756",371834,2025-09-22 08:46:45,43.3294143676758,-8.49902629852295,"Unknown"
"6227756",371834,2025-09-22 08:56:45,43.3295783996582,-8.49913024902344,"Unknown"
"6227756",371834,2025-09-22 09:06:46,43.3288955688477,-8.49857521057129,"Unknown"
"6227756",371834,2025-09-22 09:17:05,43.3294944763184,-8.49900436401367,"Unknown"
"6227756",371834,2025-09-22 09:26:43,43.3294792175293,-8.49900341033936,"Unknown"
"6227756",371834,2025-09-22 09:36:44,43.3296127319336,-8.49918460845947,"Unknown"
"6227756",371834,2025-09-22 09:46:44,43.3294944763184,-8.49904632568359,"Unknown"
"6227756",371834,2025-09-22 09:56:44,43.329719543457,-8.49936580657959,"Unknown"
"6227756",371834,2025-09-22 10:06:45,43.3295135498047,-8.4990758895874,"Unknown"
"6227756",371834,2025-09-22 10:16:47,43.3295631408691,-8.4991569519043,"Unknown"
"6227756",371834,2025-09-22 10:26:54,43.3295288085938,-8.49902725219727,"Unknown"
"6227756",371834,2025-09-22 10:36:54,43.3295135498047,-8.49905967712402,"Unknown"
"6227756",371834,2025-09-22 10:46:54,43.3295059204102,-8.49898815155029,"Unknown"
"6227756",371834,2025-09-22 10:56:55,43.3295249938965,-8.49910831451416,"Unknown"
"6227756",371834,2025-09-22 11:07:00,43.3295860290527,-8.49923801422119,"Unknown"
"6227756",371834,2025-09-22 11:17:05,43.3294944763184,-8.49899578094482,"Unknown"
"6227756",371834,2025-09-22 11:26:43,43.3294868469238,-8.49896717071533,"Unknown"
"6227756",371834,2025-09-22 11:36:43,43.3295440673828,-8.4990234375,"Unknown"
"6227756",371834,2025-09-22 11:46:43,43.3295555114746,-8.49904346466064,"Unknown"
"6227756",371834,2025-09-22 11:56:46,43.3295135498047,-8.49904346466064,"Unknown"
"6227756",371834,2025-09-22 12:06:51,43.329517364502,-8.4990406036377,"Unknown"
"6227756",371834,2025-09-22 12:16:54,43.329460144043,-8.49896812438965,"Unknown"
"6227756",371834,2025-09-22 12:26:54,43.3295097351074,-8.49899291992188,"Unknown"
"6227756",371834,2025-09-22 12:37:14,43.3294944763184,-8.49903202056885,"Unknown"
"6227756",371834,2025-09-22 12:46:43,43.3295021057129,-8.49897956848145,"Unknown"
"6227756",371834,2025-09-22 12:56:43,43.3295364379883,-8.49897480010986,"Unknown"
"6227756",371834,2025-09-22 13:06:43,43.329517364502,-8.49900341033936,"Unknown"
"6227756",371834,2025-09-22 13:16:44,43.3294830322266,-8.49890327453613,"Unknown"
"6227756",371834,2025-09-22 13:26:48,43.3302841186523,-8.49673938751221,"Unknown"
"6227756",371834,2025-09-22 13:37:05,43.3294525146484,-8.49903297424316,"Unknown"
"6227756",371834,2025-09-22 13:46:43,43.3293952941895,-8.49905490875244,"Unknown"
"6227756",371834,2025-09-22 13:56:43,43.3294143676758,-8.49906921386719,"Unknown"
"6227756",371834,2025-09-22 14:06:46,43.3294906616211,-8.49899673461914,"Unknown"
"6227756",371834,2025-09-22 14:16:53,43.3294563293457,-8.4990234375,"Unknown"
"6227756",371834,2025-09-22 14:26:52,43.3295021057129,-8.49900436401367,"Unknown"
"6227756",371834,2025-09-22 14:36:49,43.3295059204102,-8.4990177154541,"Unknown"
"6227756",371834,2025-09-22 14:46:48,43.3273887634277,-8.49853706359863,"Unknown"
"6227756",371834,2025-09-22 14:56:54,43.3295364379883,-8.49897861480713,"Unknown"
"6227756",371834,2025-09-22 15:06:54,43.3295593261719,-8.4989595413208,"Unknown"
"6227756",371834,2025-09-22 15:17:02,43.3295288085938,-8.49897766113281,"Unknown"
"6227756",371834,2025-09-22 15:26:43,43.3294944763184,-8.49898910522461,"Unknown"
"6227756",371834,2025-09-22 15:36:43,43.3295211791992,-8.49898910522461,"Unknown"
"6227756",371834,2025-09-22 15:46:44,43.3293266296387,-8.49907302856445,"Unknown"
"6227756",371834,2025-09-22 15:56:44,43.3295516967773,-8.49900054931641,"Unknown"
"6227756",371834,2025-09-22 16:06:44,43.3294982910156,-8.49898338317871,"Unknown"
"6227756",371834,2025-09-22 16:16:44,43.329418182373,-8.49904346466064,"Unknown"
"6227756",371834,2025-09-22 16:26:44,43.3294563293457,-8.49904632568359,"Unknown"
"6227756",371834,2025-09-22 16:36:45,43.3292465209961,-8.49894618988037,"Unknown"
"6227756",371834,2025-09-22 16:46:44,43.3295631408691,-8.49902439117432,"Unknown"
"6227756",371834,2025-09-22 16:56:44,43.3296279907227,-8.49906158447266,"Unknown"
"6227756",371834,2025-09-22 17:06:44,43.3297843933105,-8.49906539916992,"Unknown"
"6227756",371834,2025-09-22 17:16:44,43.3296585083008,-8.49906921386719,"Unknown"
"6227756",371834,2025-09-22 17:26:45,43.3296508789062,-8.49905109405518,"Unknown"
"6227756",371834,2025-09-22 17:36:46,43.3296203613281,-8.4990177154541,"Unknown"
"6227756",371834,2025-09-22 17:46:55,43.3295707702637,-8.49884605407715,"Unknown"
"6227756",371834,2025-09-22 17:56:57,43.3294563293457,-8.49890518188477,"Unknown"
"6227756",371834,2025-09-22 18:06:52,43.3290328979492,-8.49892330169678,"Unknown"
"6227756",371834,2025-09-22 18:17:05,43.3295211791992,-8.49896144866943,"Unknown"
"6227756",371834,2025-09-22 18:26:43,43.3295783996582,-8.49905014038086,"Unknown"
"6227756",371834,2025-09-22 18:36:52,43.3294982910156,-8.49894332885742,"Unknown"
"6227756",371834,2025-09-22 18:46:49,43.3295707702637,-8.49889278411865,"Unknown"
"6227756",371834,2025-09-22 18:56:46,43.3295249938965,-8.49899387359619,"Unknown"
"6227756",371834,2025-09-22 19:06:45,43.3296356201172,-8.49903392791748,"Unknown"
"6227756",371834,2025-09-22 19:17:03,43.3295669555664,-8.49896907806396,"Unknown"
"6227756",371834,2025-09-22 19:26:43,43.3295364379883,-8.49899387359619,"Unknown"
"6227756",371834,2025-09-22 19:36:44,43.3294410705566,-8.49893093109131,"Unknown"
"6227756",371834,2025-09-22 20:07:05,43.329517364502,-8.49898529052734,"Unknown"
"6227756",371834,2025-09-22 20:36:43,43.3294410705566,-8.49894714355469,"Unknown"
"6227756",371834,2025-09-22 21:06:45,43.3294448852539,-8.49890327453613,"Unknown"
"6227756",371834,2025-09-22 21:36:54,43.3294639587402,-8.49895286560059,"Unknown"
"6227756",371834,2025-09-22 22:07:05,43.3294677734375,-8.49895858764648,"Unknown"
"6227756",371834,2025-09-22 22:36:43,43.3296012878418,-8.49928188323975,"Unknown"
"6227756",371834,2025-09-22 23:07:05,43.3294715881348,-8.49893569946289,"Unknown"
"6227756",371834,2025-09-22 23:36:47,43.3295822143555,-8.49889278411865,"Unknown"
"6227756",371834,2025-09-23 00:07:14,43.3295288085938,-8.49897766113281,"Unknown"
"6227756",371834,2025-09-23 00:36:44,43.3295822143555,-8.49902057647705,"Unknown"
"6227756",371834,2025-09-23 01:06:44,43.3295555114746,-8.49909782409668,"Unknown"
"6227756",371834,2025-09-23 01:36:44,43.3295783996582,-8.49923324584961,"Unknown"
"6227756",371834,2025-09-23 02:06:52,43.3294639587402,-8.499831199646,"Unknown"
"6227756",371834,2025-09-23 02:36:55,43.3293533325195,-8.49939155578613,"Unknown"
"6227756",371834,2025-09-23 03:06:55,43.3295059204102,-8.49909591674805,"Unknown"
"6227756",371834,2025-09-23 03:36:57,43.3297500610352,-8.49918270111084,"Unknown"
"6227756",371834,2025-09-23 04:07:05,43.3295211791992,-8.49891662597656,"Unknown"
"6227756",371834,2025-09-23 04:36:43,43.329475402832,-8.49889183044434,"Unknown"
"6227756",371834,2025-09-23 05:06:44,43.3294486999512,-8.49871826171875,"Unknown"
"6227756",371834,2025-09-23 05:36:44,43.329475402832,-8.49878692626953,"Unknown"
"6227756",371834,2025-09-23 06:06:45,43.3293685913086,-8.49892711639404,"Unknown"
"6227756",371834,2025-09-23 06:36:55,43.3294334411621,-8.49888038635254,"Unknown"
"6227756",371834,2025-09-23 07:07:05,43.3294677734375,-8.49897289276123,"Unknown"
"6227756",371834,2025-09-23 07:36:44,43.3293571472168,-8.49897766113281,"Unknown"
"6227756",371834,2025-09-23 08:06:43,43.329475402832,-8.49903964996338,"Unknown"
"6227756",371834,2025-09-23 08:36:43,43.3294219970703,-8.49897193908691,"Unknown"
"6227756",371834,2025-09-23 09:06:45,43.3295631408691,-8.49907875061035,"Unknown"
"6227756",371834,2025-09-23 09:37:05,43.3294944763184,-8.49900436401367,"Unknown"
"6227756",371834,2025-09-23 10:06:43,43.3295288085938,-8.49895000457764,"Unknown"
"6227756",371834,2025-09-23 10:36:43,43.3295211791992,-8.49898529052734,"Unknown"
"6227756",371834,2025-09-23 11:06:43,43.3294944763184,-8.49896335601807,"Unknown"
"6227756",371834,2025-09-23 11:36:45,43.329288482666,-8.49890518188477,"Unknown"
"6227756",371834,2025-09-23 12:06:57,43.3297309875488,-8.4992790222168,"Unknown"
"6227756",371834,2025-09-23 12:36:46,43.3296813964844,-8.49931621551514,"Unknown"
"6227756",371834,2025-09-23 13:06:47,43.3295974731445,-8.49919509887695,"Unknown"
"6227756",371834,2025-09-23 13:37:05,43.3295211791992,-8.49904632568359,"Unknown"
"6227756",371834,2025-09-23 14:06:44,43.3294410705566,-8.4990119934082,"Unknown"
"6227756",371834,2025-09-23 14:36:44,43.3294830322266,-8.4990119934082,"Unknown"
"6227756",371834,2025-09-23 15:06:55,43.329475402832,-8.49896240234375,"Unknown"
"6227756",371834,2025-09-23 15:36:53,43.3294563293457,-8.49886798858643,"Unknown"
"6227756",371834,2025-09-23 16:06:55,43.3296546936035,-8.49842071533203,"Unknown"
"6227756",371834,2025-09-23 16:37:14,43.3294906616211,-8.4989595413208,"Unknown"
"6227756",371834,2025-09-23 17:06:45,43.3295288085938,-8.49874591827393,"Unknown"
"6227756",371834,2025-09-23 17:37:06,43.3294944763184,-8.49891471862793,"Unknown"
"6227756",371834,2025-09-23 18:06:45,43.3295478820801,-8.49898624420166,"Unknown"
"6227756",371834,2025-09-23 18:37:14,43.329517364502,-8.49904537200928,"Unknown"
"6227756",371834,2025-09-23 19:06:45,43.329647064209,-8.49904155731201,"Unknown"
"6227756",371834,2025-09-23 19:37:06,43.3295516967773,-8.49898147583008,"Unknown"
"6227756",371834,2025-09-23 20:06:44,43.3296432495117,-8.49914169311523,"Unknown"
"6227756",371834,2025-09-23 20:36:53,43.3295097351074,-8.49896144866943,"Unknown"
"6227756",371834,2025-09-23 21:06:49,43.328971862793,-8.49831295013428,"Unknown"
"6227756",371834,2025-09-23 21:36:57,43.3289108276367,-8.49826908111572,"Unknown"
"6227756",371834,2025-09-23 22:07:14,43.3294410705566,-8.49902057647705,"Unknown"
"6227756",371834,2025-09-23 22:36:48,43.3297271728516,-8.49910926818848,"Unknown"
"6227756",371834,2025-09-23 23:07:05,43.3294105529785,-8.49899864196777,"Unknown"
"6227756",371834,2025-09-23 23:36:44,43.3293991088867,-8.49895000457764,"Unknown"
"6227756",371834,2025-09-24 00:06:47,43.3296127319336,-8.49911308288574,"Unknown"
"6227756",371834,2025-09-24 00:36:55,43.3295249938965,-8.49917125701904,"Unknown"
"6227756",371834,2025-09-24 01:07:05,43.3295211791992,-8.49894905090332,"Unknown"
"6227756",371834,2025-09-24 01:36:45,43.3295555114746,-8.498948097229,"Unknown"
"6227756",371834,2025-09-24 02:06:44,43.3296775817871,-8.49887752532959,"Unknown"
"6227756",371834,2025-09-24 02:36:46,43.3295707702637,-8.49906635284424,"Unknown"
"6227756",371834,2025-09-24 03:06:54,43.3296966552734,-8.49917602539062,"Unknown"
"6227756",371834,2025-09-24 03:36:55,43.3295440673828,-8.49884128570557,"Unknown"
"6227756",371834,2025-09-24 04:07:05,43.3294830322266,-8.49897766113281,"Unknown"
"6227756",371834,2025-09-24 04:36:44,43.3295364379883,-8.49901580810547,"Unknown"
"6227756",371834,2025-09-24 05:06:56,43.3295211791992,-8.4990701675415,"Unknown"
"6227756",371834,2025-09-24 05:37:05,43.3295707702637,-8.49899578094482,"Unknown"
"6227756",371834,2025-09-24 06:07:14,43.3294830322266,-8.49896049499512,"Unknown"
"6227756",371834,2025-09-24 06:36:45,43.3294258117676,-8.49901866912842,"Unknown"
"6227756",371834,2025-09-24 07:07:05,43.3294944763184,-8.49899768829346,"Unknown"
"6227756",371834,2025-09-24 07:36:44,43.3293876647949,-8.49907684326172,"Unknown"
"6227756",371834,2025-09-24 08:06:44,43.3293533325195,-8.49895668029785,"Unknown"
"6227756",371834,2025-09-24 08:36:45,43.3294219970703,-8.49899196624756,"Unknown"
"6227756",371834,2025-09-24 09:06:56,43.3295097351074,-8.49902248382568,"Unknown"
"6227756",371834,2025-09-24 09:37:16,43.3294944763184,-8.49893474578857,"Unknown"
"6227756",371834,2025-09-24 10:07:15,43.3295593261719,-8.49892902374268,"Unknown"
"6227756",371834,2025-09-24 10:37:23,43.3294868469238,-8.49895477294922,"Unknown"
"6227756",371834,2025-09-24 11:06:44,43.3295707702637,-8.49907684326172,"Unknown"
"6227756",371834,2025-09-24 11:37:05,43.3295021057129,-8.49905395507812,"Unknown"
"6227756",371834,2025-09-24 12:06:44,43.3295135498047,-8.49915218353271,"Unknown"
"6227756",371834,2025-09-24 12:36:45,43.3295860290527,-8.49932289123535,"Unknown"
"6227756",371834,2025-09-24 13:06:46,43.3294830322266,-8.4991569519043,"Unknown"
"6227756",371834,2025-09-24 13:36:54,43.329460144043,-8.49909400939941,"Unknown"
"6227756",371834,2025-09-24 14:07:05,43.3294677734375,-8.49900054931641,"Unknown"
"6227756",371834,2025-09-24 14:36:44,43.3294563293457,-8.49899005889893,"Unknown"
"6227756",371834,2025-09-24 15:06:45,43.3295478820801,-8.49892330169678,"Unknown"
"6227756",371834,2025-09-24 15:37:05,43.3296127319336,-8.49897861480713,"Unknown"
"6227756",371834,2025-09-24 16:07:05,43.3295478820801,-8.49900054931641,"Unknown"
"6227756",371834,2025-09-24 16:37:07,43.3295135498047,-8.49899101257324,"Unknown"
"6227756",371834,2025-09-24 17:06:58,43.3294258117676,-8.49898242950439,"Unknown"
"6227756",371834,2025-09-24 17:37:05,43.3294792175293,-8.49893379211426,"Unknown"
"6227756",371834,2025-09-24 18:07:14,43.3294410705566,-8.49906349182129,"Unknown"
"6227756",371834,2025-09-24 18:36:45,43.3294372558594,-8.49879264831543,"Unknown"
"6227756",371834,2025-09-24 19:07:15,43.3296012878418,-8.49894237518311,"Unknown"
"6227756",371834,2025-09-24 19:36:45,43.329460144043,-8.49894142150879,"Unknown"
"6227756",371834,2025-09-24 20:07:05,43.3294944763184,-8.49905872344971,"Unknown"
"6227756",371834,2025-09-24 20:37:05,43.3295249938965,-8.49911403656006,"Unknown"
"6227756",371834,2025-09-24 21:06:54,43.3294944763184,-8.4990119934082,"Unknown"
"6227756",371834,2025-09-24 21:36:53,43.3295364379883,-8.49899959564209,"Unknown"
"6227756",371834,2025-09-24 22:07:05,43.3294982910156,-8.4989767074585,"Unknown"
"6227756",371834,2025-09-24 22:37:05,43.3294677734375,-8.49898052215576,"Unknown"
"6227756",371834,2025-09-24 23:07:05,43.3294563293457,-8.49899578094482,"Unknown"
"6227756",371834,2025-09-24 23:36:48,43.329517364502,-8.49903297424316,"Unknown"
"6227756",371834,2025-09-25 00:06:54,43.329475402832,-8.49893665313721,"Unknown"
"6227756",371834,2025-09-25 00:37:05,43.3295211791992,-8.49898052215576,"Unknown"
"6227756",371834,2025-09-25 01:07:14,43.3295059204102,-8.49893665313721,"Unknown"
"6227756",371834,2025-09-25 01:36:44,43.3295249938965,-8.49899291992188,"Unknown"
"6227756",371834,2025-09-25 02:07:05,43.3294982910156,-8.49903297424316,"Unknown"
"6227756",371834,2025-09-25 02:36:55,43.3295211791992,-8.49904632568359,"Unknown"
"6227756",371834,2025-09-25 03:07:05,43.3294639587402,-8.49902153015137,"Unknown"
"6227756",371834,2025-09-25 03:37:14,43.3295249938965,-8.49904346466064,"Unknown"
"6227756",371834,2025-09-25 04:06:45,43.3297271728516,-8.49903869628906,"Unknown"
"6227756",371834,2025-09-25 04:37:14,43.3294792175293,-8.49900722503662,"Unknown"
"6227756",371834,2025-09-25 05:06:45,43.3294372558594,-8.49901485443115,"Unknown"
"6227756",371834,2025-09-25 05:37:14,43.3294372558594,-8.49898433685303,"Unknown"
"6227756",371834,2025-09-25 06:07:14,43.3294410705566,-8.4990119934082,"Unknown"
"6227756",371834,2025-09-25 06:36:44,43.3294715881348,-8.49906444549561,"Unknown"
"6227756",371834,2025-09-25 07:07:14,43.3294906616211,-8.49900341033936,"Unknown"
"6227756",371834,2025-09-25 07:36:47,43.32958984375,-8.49861812591553,"Unknown"
"6227756",371834,2025-09-25 08:07:23,43.3295402526855,-8.49907112121582,"Unknown"
"6227756",371834,2025-09-25 08:36:44,43.3294677734375,-8.49902248382568,"Unknown"
"6227756",371834,2025-09-25 09:07:14,43.3295555114746,-8.49908351898193,"Unknown"
"6227756",371834,2025-09-25 09:36:54,43.329776763916,-8.49907112121582,"Unknown"
"6227756",371834,2025-09-25 10:07:23,43.3294944763184,-8.4989709854126,"Unknown"
"6227756",371834,2025-09-25 10:36:44,43.3295211791992,-8.49897575378418,"Unknown"
"6227756",371834,2025-09-25 11:06:45,43.3295021057129,-8.49901103973389,"Unknown"
"6227756",371834,2025-09-25 11:36:44,43.3295440673828,-8.49907207489014,"Unknown"
"6227756",371834,2025-09-25 12:07:05,43.3294830322266,-8.4990062713623,"Unknown"
"6227756",371834,2025-09-25 12:36:54,43.3295059204102,-8.49901485443115,"Unknown"
"6227756",371834,2025-09-25 13:07:05,43.3295059204102,-8.49899482727051,"Unknown"
"6227756",371834,2025-09-25 13:36:54,43.3294677734375,-8.49902629852295,"Unknown"
"6227756",371834,2025-09-25 14:07:15,43.3294677734375,-8.49902820587158,"Unknown"
"6227756",371834,2025-09-25 14:36:44,43.3294906616211,-8.4987964630127,"Unknown"
"6227756",371834,2025-09-25 15:07:15,43.3294715881348,-8.49897956848145,"Unknown"
"6227756",371834,2025-09-25 15:36:54,43.3295478820801,-8.49900722503662,"Unknown"
"6227756",371834,2025-09-25 16:07:15,43.3294334411621,-8.49896812438965,"Unknown"
"6227756",371834,2025-09-25 16:36:54,43.3293304443359,-8.49874877929688,"Unknown"
"6227756",371834,2025-09-25 17:07:14,43.3294868469238,-8.49899101257324,"Unknown"
"6227756",371834,2025-09-25 17:36:44,43.3295021057129,-8.49895095825195,"Unknown"
"6227756",371834,2025-09-25 18:07:15,43.3295593261719,-8.49919605255127,"Unknown"
"6227756",371834,2025-09-25 18:36:47,43.3295364379883,-8.49915313720703,"Unknown"
"6227756",371834,2025-09-25 19:07:15,43.3296394348145,-8.49901390075684,"Unknown"
"6227756",371834,2025-09-25 19:36:54,43.3295593261719,-8.49900913238525,"Unknown"
"6227756",371834,2025-09-25 20:07:14,43.3294486999512,-8.4990758895874,"Unknown"
"6227756",371834,2025-09-25 20:36:49,43.3295593261719,-8.49891376495361,"Unknown"
"6227756",371834,2025-09-25 21:07:44,43.3295249938965,-8.49897003173828,"Unknown"
"6227756",371834,2025-09-25 21:37:15,43.329517364502,-8.4990758895874,"Unknown"
"6227756",371834,2025-09-25 22:07:01,43.3284759521484,-8.49948787689209,"Unknown"
"6227756",371834,2025-09-25 22:37:15,43.3294677734375,-8.49912261962891,"Unknown"
"6227756",371834,2025-09-25 23:07:07,43.3295440673828,-8.49804401397705,"Unknown"
"6227756",371834,2025-09-25 23:37:23,43.3294830322266,-8.49898815155029,"Unknown"
"6227756",371834,2025-09-26 00:06:54,43.3295135498047,-8.49888324737549,"Unknown"
"6227756",371834,2025-09-26 00:37:14,43.3294830322266,-8.498948097229,"Unknown"
"6227756",371834,2025-09-26 01:07:14,43.3294639587402,-8.49893951416016,"Unknown"
"6227756",371834,2025-09-26 01:36:46,43.3294563293457,-8.49888324737549,"Unknown"
"6227756",371834,2025-09-26 02:07:14,43.3294639587402,-8.49899864196777,"Unknown"
"6227756",371834,2025-09-26 02:36:49,43.3293914794922,-8.49887371063232,"Unknown"
"6227756",371834,2025-09-26 03:07:14,43.3294715881348,-8.49905872344971,"Unknown"
"6227756",371834,2025-09-26 03:36:47,43.3293762207031,-8.49905109405518,"Unknown"
"6227756",371834,2025-09-26 04:07:14,43.3294486999512,-8.49894714355469,"Unknown"
"6227756",371834,2025-09-26 04:36:48,43.3294410705566,-8.49896621704102,"Unknown"
"6227756",371834,2025-09-26 05:07:14,43.3295135498047,-8.49899578094482,"Unknown"
"6227756",371834,2025-09-26 05:36:56,43.3297500610352,-8.49768257141113,"Unknown"
"6227756",371834,2025-09-26 06:07:23,43.3295745849609,-8.49899673461914,"Unknown"
"6227756",371834,2025-09-26 06:36:45,43.3295707702637,-8.49896907806396,"Unknown"
"6227756",371834,2025-09-26 07:07:14,43.329532623291,-8.49896430969238,"Unknown"
"6227756",371834,2025-09-26 07:36:46,43.3295135498047,-8.49915790557861,"Unknown"
"6227756",371834,2025-09-26 08:06:55,43.3293495178223,-8.49899482727051,"Unknown"
"6227756",371834,2025-09-26 08:37:05,43.3294410705566,-8.49900913238525,"Unknown"
"6227756",371834,2025-09-26 09:07:15,43.3291664123535,-8.49865913391113,"Unknown"
"6227756",371834,2025-09-26 09:36:47,43.3297424316406,-8.499342918396,"Unknown"
"6227756",371834,2025-09-26 10:07:23,43.3294677734375,-8.49903106689453,"Unknown"
"6227756",371834,2025-09-26 10:36:47,43.3295097351074,-8.49907970428467,"Unknown"
"6227756",371834,2025-09-26 11:07:05,43.3295135498047,-8.49901866912842,"Unknown"
"6227756",371834,2025-09-26 11:36:52,43.3294868469238,-8.49905300140381,"Unknown"
"6227756",371834,2025-09-26 12:06:55,43.3294982910156,-8.49905395507812,"Unknown"
"6227756",371834,2025-09-26 12:37:05,43.3294258117676,-8.49927043914795,"Unknown"
"6227756",371834,2025-09-26 13:07:15,43.3294792175293,-8.49898242950439,"Unknown"
"6227756",371834,2025-09-26 13:36:55,43.3295364379883,-8.49898052215576,"Unknown"
"6227756",371834,2025-09-26 14:07:15,43.3294715881348,-8.49900817871094,"Unknown"
"6227756",371834,2025-09-26 14:36:55,43.329460144043,-8.49888896942139,"Unknown"
"6227756",371834,2025-09-26 15:07:23,43.3294982910156,-8.49897193908691,"Unknown"
"6227756",371834,2025-09-26 15:36:47,43.3295974731445,-8.49918174743652,"Unknown"
"6227756",371834,2025-09-26 16:07:02,43.329475402832,-8.49898529052734,"Unknown"
"6227756",371834,2025-09-26 16:37:14,43.3295288085938,-8.49893474578857,"Unknown"
"6227756",371834,2025-09-26 17:06:46,43.3296241760254,-8.49912357330322,"Unknown"
"6227756",371834,2025-09-26 17:37:15,43.3295860290527,-8.49898147583008,"Unknown"
"6227756",371834,2025-09-26 18:06:48,43.3294906616211,-8.49893569946289,"Unknown"
"6227756",371834,2025-09-26 18:37:15,43.3296813964844,-8.49901866912842,"Unknown"
"6227756",371834,2025-09-26 19:07:03,43.3295135498047,-8.49891662597656,"Unknown"
"6227756",371834,2025-09-26 19:37:15,43.3295364379883,-8.49898433685303,"Unknown"
"6227756",371834,2025-09-26 20:06:45,43.3295783996582,-8.49911689758301,"Unknown"
"6227756",371834,2025-09-26 20:37:23,43.3295097351074,-8.49901294708252,"Unknown"
"6227756",371834,2025-09-26 21:06:46,43.3295707702637,-8.49896812438965,"Unknown"
"6227756",371834,2025-09-26 21:37:15,43.3294639587402,-8.4989013671875,"Unknown"
"6227756",371834,2025-09-26 22:06:58,43.3295516967773,-8.49910163879395,"Unknown"
"6227756",371834,2025-09-26 22:37:15,43.3294944763184,-8.49878787994385,"Unknown"
"6227756",371834,2025-09-26 23:06:54,43.3295631408691,-8.49912357330322,"Unknown"
"6227756",371834,2025-09-26 23:37:15,43.3295364379883,-8.49906158447266,"Unknown"
"6227756",371834,2025-09-27 00:06:51,43.3295249938965,-8.49868583679199,"Unknown"
"6227756",371834,2025-09-27 00:37:23,43.3294792175293,-8.49893474578857,"Unknown"
"6227756",371834,2025-09-27 01:06:45,43.3293991088867,-8.49901103973389,"Unknown"
"6227756",371834,2025-09-27 01:36:45,43.3294067382812,-8.49891185760498,"Unknown"
"6227756",371834,2025-09-27 02:06:55,43.3294677734375,-8.49897956848145,"Unknown"
"6227756",371834,2025-09-27 02:37:05,43.3294944763184,-8.49898147583008,"Unknown"
"6227756",371834,2025-09-27 03:07:14,43.3294868469238,-8.49899101257324,"Unknown"
"6227756",371834,2025-09-27 03:36:46,43.3295364379883,-8.49912071228027,"Unknown"
"6227756",371834,2025-09-27 04:07:23,43.3295097351074,-8.49899578094482,"Unknown"
"6227756",371834,2025-09-27 04:36:45,43.3295288085938,-8.49905490875244,"Unknown"
"6227756",371834,2025-09-27 05:06:45,43.3294677734375,-8.49898529052734,"Unknown"
"6227756",371834,2025-09-27 05:37:14,43.3295669555664,-8.49903202056885,"Unknown"
"6227756",371834,2025-09-27 06:06:46,43.3295211791992,-8.49906349182129,"Unknown"
"6227756",371834,2025-09-27 06:37:15,43.3293685913086,-8.49877166748047,"Unknown"
"6227756",371834,2025-09-27 07:07:05,43.329418182373,-8.49901294708252,"Unknown"
"6227756",371834,2025-09-27 07:36:52,43.3294563293457,-8.49898529052734,"Unknown"
"6227756",371834,2025-09-27 08:07:14,43.3294448852539,-8.49899387359619,"Unknown"
"6227756",371834,2025-09-27 08:36:58,43.3293190002441,-8.49895763397217,"Unknown"
"6227756",371834,2025-09-27 09:07:15,43.3294982910156,-8.49899291992188,"Unknown"
"6227756",371834,2025-09-27 09:36:46,43.3294105529785,-8.49895000457764,"Unknown"
"6227756",371834,2025-09-27 10:07:23,43.3294258117676,-8.49905109405518,"Unknown"
"6227756",371834,2025-09-27 10:36:55,43.3296775817871,-8.49853324890137,"Unknown"
"6227756",371834,2025-09-27 11:07:29,43.3294982910156,-8.49903774261475,"Unknown"
"6227756",371834,2025-09-27 11:36:45,43.3295440673828,-8.49905776977539,"Unknown"
"6227756",371834,2025-09-27 12:06:45,43.3295936584473,-8.49917125701904,"Unknown"
"6227756",371834,2025-09-27 12:36:47,43.3295211791992,-8.49903297424316,"Unknown"
"6227756",371834,2025-09-27 13:06:49,43.3294486999512,-8.49909591674805,"Unknown"
"6227756",371834,2025-09-27 13:36:48,43.329460144043,-8.49920082092285,"Unknown"
"6227756",371834,2025-09-27 14:07:06,43.3294830322266,-8.4990234375,"Unknown"
"6227756",371834,2025-09-27 14:37:02,43.3294677734375,-8.49895668029785,"Unknown"
"6227756",371834,2025-09-27 15:07:23,43.3295059204102,-8.49888515472412,"Unknown"
"6227756",371834,2025-09-27 15:36:54,43.329662322998,-8.49893951416016,"Unknown"
"6227756",371834,2025-09-27 16:07:15,43.3295288085938,-8.49895572662354,"Unknown"
"6227756",371834,2025-09-27 16:36:46,43.3295555114746,-8.49891471862793,"Unknown"
"6227756",371834,2025-09-27 17:07:05,43.329475402832,-8.49894237518311,"Unknown"
"6227756",371834,2025-09-27 17:37:15,43.3295059204102,-8.49903678894043,"Unknown"
"6227756",371834,2025-09-27 18:06:49,43.329418182373,-8.49909114837646,"Unknown"
"6227756",371834,2025-09-27 18:37:15,43.3294258117676,-8.49894714355469,"Unknown"
"6227756",371834,2025-09-27 19:07:05,43.3295364379883,-8.49911689758301,"Unknown"
"6227756",371834,2025-09-27 19:37:15,43.3294677734375,-8.49897003173828,"Unknown"
"6227756",371834,2025-09-27 20:06:54,43.3294639587402,-8.4990758895874,"Unknown"
"6227756",371834,2025-09-27 20:37:23,43.3295249938965,-8.49899959564209,"Unknown"
"6227756",371834,2025-09-27 21:06:48,43.3295097351074,-8.49901580810547,"Unknown"
"6227756",371834,2025-09-27 21:37:15,43.3294982910156,-8.49904823303223,"Unknown"
"6227756",371834,2025-09-27 22:06:52,43.329532623291,-8.49908065795898,"Unknown"
"6227756",371834,2025-09-27 22:37:15,43.3295478820801,-8.49916934967041,"Unknown"
"6227756",371834,2025-09-27 23:07:23,43.3294982910156,-8.49899959564209,"Unknown"
"6227756",371834,2025-09-27 23:36:46,43.3293304443359,-8.49884986877441,"Unknown"
"6227756",371834,2025-09-28 00:07:14,43.329475402832,-8.49899196624756,"Unknown"
"6227756",371834,2025-09-28 00:37:05,43.3295288085938,-8.49924373626709,"Unknown"
"6227756",371834,2025-09-28 01:07:23,43.3294982910156,-8.49895000457764,"Unknown"
"6227756",371834,2025-09-28 01:36:45,43.329460144043,-8.49905395507812,"Unknown"
"6227756",371834,2025-09-28 02:06:45,43.3295707702637,-8.49897575378418,"Unknown"
"6227756",371834,2025-09-28 02:36:46,43.3295593261719,-8.49907493591309,"Unknown"
"6227756",371834,2025-09-28 03:07:14,43.3295059204102,-8.498948097229,"Unknown"
"6227756",371834,2025-09-28 03:36:45,43.3295402526855,-8.49895000457764,"Unknown"
"6227756",371834,2025-09-28 04:07:14,43.3294944763184,-8.4989595413208,"Unknown"
"6227756",371834,2025-09-28 04:37:16,43.3294868469238,-8.49905586242676,"Unknown"
"6227756",371834,2025-09-28 05:07:23,43.329532623291,-8.49899768829346,"Unknown"
"6227756",371834,2025-09-28 05:36:45,43.3294715881348,-8.4990177154541,"Unknown"
"6227756",371834,2025-09-28 06:07:35,43.3295783996582,-8.49894332885742,"Unknown"
"6227756",371834,2025-09-28 06:36:54,43.3294715881348,-8.49900150299072,"Unknown"
"6227756",371834,2025-09-28 07:06:46,43.329460144043,-8.49895858764648,"Unknown"
"6227756",371834,2025-09-28 07:36:54,43.3295364379883,-8.49907493591309,"Unknown"
"6227756",371834,2025-09-28 08:07:05,43.3294258117676,-8.49897289276123,"Unknown"
"6227756",371834,2025-09-28 08:36:54,43.3295593261719,-8.49912166595459,"Unknown"
"6227756",371834,2025-09-28 09:07:16,43.3294868469238,-8.49906063079834,"Unknown"
"6227756",371834,2025-09-28 09:36:54,43.329532623291,-8.49910354614258,"Unknown"
"6227756",371834,2025-09-28 10:07:29,43.3295516967773,-8.4990062713623,"Unknown"
"6227756",371834,2025-09-28 10:36:45,43.3294944763184,-8.49892807006836,"Unknown"
"6227756",371834,2025-09-28 11:06:46,43.3294792175293,-8.4990348815918,"Unknown"
"6227756",371834,2025-09-28 11:37:05,43.329460144043,-8.49900341033936,"Unknown"
"6227756",371834,2025-09-28 12:06:45,43.329475402832,-8.49897956848145,"Unknown"
"6227756",371834,2025-09-28 12:37:14,43.3294830322266,-8.49896049499512,"Unknown"
"6227756",371834,2025-09-28 12:46:49,43.3294715881348,-8.49892616271973,"Unknown"
"6227756",371834,2025-09-28 12:56:45,43.3295478820801,-8.49879932403564,"Unknown"
"6227756",371834,2025-09-28 13:06:48,43.3295516967773,-8.49903297424316,"Unknown"
"6227756",371834,2025-09-28 13:16:49,43.3295631408691,-8.49861145019531,"Unknown"
"6227756",371834,2025-09-28 13:27:04,43.3294944763184,-8.49900436401367,"Unknown"
"6227756",371834,2025-09-28 13:36:54,43.3295097351074,-8.49899005889893,"Unknown"
"6227756",371834,2025-09-28 13:46:54,43.3294525146484,-8.49908924102783,"Unknown"
"6227756",371834,2025-09-28 13:57:15,43.3294372558594,-8.49908542633057,"Unknown"
"6227756",371834,2025-09-28 14:06:47,43.3294486999512,-8.49898433685303,"Unknown"
"6227756",371834,2025-09-28 14:16:53,43.3294486999512,-8.49910926818848,"Unknown"
"6227756",371834,2025-09-28 14:26:47,43.3296051025391,-8.49852752685547,"Unknown"
"6227756",371834,2025-09-28 14:36:52,43.3294372558594,-8.49903202056885,"Unknown"
"6227756",371834,2025-09-28 14:47:15,43.329418182373,-8.498948097229,"Unknown"
"6227756",371834,2025-09-28 14:56:54,43.3294563293457,-8.49897193908691,"Unknown"
"6227756",371834,2025-09-28 15:06:54,43.3293800354004,-8.4989709854126,"Unknown"
"6227756",371834,2025-09-28 15:17:14,43.3294982910156,-8.49900531768799,"Unknown"
"6227756",371834,2025-09-28 15:26:48,43.3294944763184,-8.49861431121826,"Unknown"
"6227756",371834,2025-09-28 15:36:54,43.3294525146484,-8.49883460998535,"Unknown"
"6227756",371834,2025-09-28 15:47:23,43.3294563293457,-8.49893379211426,"Unknown"
"6227756",371834,2025-09-28 15:56:45,43.3294830322266,-8.49903392791748,"Unknown"
"6227756",371834,2025-09-28 16:06:45,43.3294563293457,-8.49897384643555,"Unknown"
"6227756",371834,2025-09-28 16:16:45,43.3294372558594,-8.49899291992188,"Unknown"
"6227756",371834,2025-09-28 16:26:45,43.329418182373,-8.49899196624756,"Unknown"
"6227756",371834,2025-09-28 16:36:45,43.3294334411621,-8.49899768829346,"Unknown"
"6227756",371834,2025-09-28 16:46:46,43.3294372558594,-8.4989709854126,"Unknown"
"6227756",371834,2025-09-28 16:56:47,43.3295059204102,-8.4989709854126,"Unknown"
"6227756",371834,2025-09-28 17:06:52,43.3294448852539,-8.49896812438965,"Unknown"
"6227756",371834,2025-09-28 17:16:53,43.3294639587402,-8.49896717071533,"Unknown"
"6227756",371834,2025-09-28 17:26:53,43.3294792175293,-8.49897193908691,"Unknown"
"6227756",371834,2025-09-28 17:36:53,43.3294525146484,-8.49895000457764,"Unknown"
"6227756",371834,2025-09-28 17:46:49,43.3294677734375,-8.49896812438965,"Unknown"
"6227756",371834,2025-09-28 17:56:49,43.3295288085938,-8.49893569946289,"Unknown"
"6227756",371834,2025-09-28 18:06:57,43.3295364379883,-8.49901485443115,"Unknown"
"6227756",371834,2025-09-28 18:17:05,43.3295440673828,-8.4989767074585,"Unknown"
"6227756",371834,2025-09-28 18:26:53,43.3296051025391,-8.49889945983887,"Unknown"
"6227756",371834,2025-09-28 18:37:18,43.3296165466309,-8.49893188476562,"Unknown"
"6227756",371834,2025-09-28 18:47:14,43.3295402526855,-8.49896907806396,"Unknown"
"6227756",371834,2025-09-28 18:56:56,43.3295440673828,-8.49875354766846,"Unknown"
"6227756",371834,2025-09-28 19:06:54,43.3295211791992,-8.49893856048584,"Unknown"
"6227756",371834,2025-09-28 19:16:54,43.329475402832,-8.4989767074585,"Unknown"
"6227756",371834,2025-09-28 19:26:54,43.3295364379883,-8.49895763397217,"Unknown"
"6227756",371834,2025-09-28 19:37:15,43.3295135498047,-8.49893665313721,"Unknown"
"6227756",371834,2025-09-28 19:46:48,43.3290061950684,-8.49932765960693,"Unknown"
"6227756",371834,2025-09-28 19:56:51,43.3294334411621,-8.49898338317871,"Unknown"
"6227756",371834,2025-09-28 20:06:51,43.3288764953613,-8.49919700622559,"Unknown"
"6227756",371834,2025-09-28 20:16:54,43.3287582397461,-8.49925994873047,"Unknown"
"6227756",371834,2025-09-28 20:26:57,43.3269958496094,-8.49925136566162,"Unknown"
"6227756",371834,2025-09-28 20:37:15,43.3295211791992,-8.49910736083984,"Unknown"
"6227756",371834,2025-09-28 20:46:45,43.3295478820801,-8.49912071228027,"Unknown"
"6227756",371834,2025-09-28 20:56:51,43.32958984375,-8.49904632568359,"Unknown"
"6227756",371834,2025-09-28 21:06:54,43.3295822143555,-8.49930858612061,"Unknown"
"6227756",371834,2025-09-28 21:17:29,43.3295822143555,-8.49909591674805,"Unknown"
"6227756",371834,2025-09-28 21:26:45,43.3295707702637,-8.49909496307373,"Unknown"
"6227756",371834,2025-09-28 21:36:46,43.3297348022461,-8.49962520599365,"Unknown"
"6227756",371834,2025-09-28 21:46:54,43.3295059204102,-8.49891662597656,"Unknown"
"6227756",371834,2025-09-28 21:56:54,43.3294639587402,-8.49886703491211,"Unknown"
"6227756",371834,2025-09-28 22:06:54,43.3294525146484,-8.4987907409668,"Unknown"
"6227756",371834,2025-09-28 22:17:14,43.3293609619141,-8.49859714508057,"Unknown"
"6227756",371834,2025-09-28 22:26:46,43.3293991088867,-8.49872493743896,"Unknown"
"6227756",371834,2025-09-28 22:36:47,43.3292999267578,-8.49847412109375,"Unknown"
"6227756",371834,2025-09-28 22:47:14,43.3293991088867,-8.49897480010986,"Unknown"
"6227756",371834,2025-09-28 22:56:45,43.3293914794922,-8.49884033203125,"Unknown"
"6227756",371834,2025-09-28 23:06:46,43.3293876647949,-8.49888706207275,"Unknown"
"6227756",371834,2025-09-28 23:16:46,43.3293724060059,-8.49878406524658,"Unknown"
"6227756",371834,2025-09-28 23:26:51,43.3294296264648,-8.49906158447266,"Unknown"
"6227756",371834,2025-09-28 23:37:15,43.3294563293457,-8.49905967712402,"Unknown"
"6227756",371834,2025-09-28 23:46:55,43.3295135498047,-8.4991626739502,"Unknown"
"6227756",371834,2025-09-28 23:57:35,43.3295135498047,-8.49904537200928,"Unknown"
"6227756",371834,2025-09-29 00:06:54,43.3295211791992,-8.49906444549561,"Unknown"
"6227756",371834,2025-09-29 00:17:24,43.3295059204102,-8.49938678741455,"Unknown"
"6227756",371834,2025-09-29 00:27:05,43.3295669555664,-8.4990119934082,"Unknown"
"6227756",371834,2025-09-29 00:36:45,43.3295135498047,-8.49904727935791,"Unknown"
"6227756",371834,2025-09-29 00:46:46,43.3296051025391,-8.49912261962891,"Unknown"
"6227756",371834,2025-09-29 00:57:14,43.3295288085938,-8.49896812438965,"Unknown"
"6227756",371834,2025-09-29 01:06:46,43.3295440673828,-8.49891185760498,"Unknown"
"6227756",371834,2025-09-29 01:16:45,43.3294639587402,-8.49888324737549,"Unknown"
"6227756",371834,2025-09-29 01:26:45,43.329517364502,-8.49902820587158,"Unknown"
"6227756",371834,2025-09-29 01:36:45,43.3295936584473,-8.49891185760498,"Unknown"
"6227756",371834,2025-09-29 01:47:14,43.3294639587402,-8.49906158447266,"Unknown"
"6227756",371834,2025-09-29 01:56:45,43.3294563293457,-8.49885845184326,"Unknown"
"6227756",371834,2025-09-29 02:06:48,43.3294982910156,-8.49906539916992,"Unknown"
"6227756",371834,2025-09-29 02:16:46,43.3294334411621,-8.49892520904541,"Unknown"
"6227756",371834,2025-09-29 02:26:49,43.3294868469238,-8.49893188476562,"Unknown"
"6227756",371834,2025-09-29 02:37:23,43.3295402526855,-8.49904823303223,"Unknown"
"6227756",371834,2025-09-29 02:46:48,43.3294792175293,-8.49909687042236,"Unknown"
"6227756",371834,2025-09-29 02:56:52,43.3294372558594,-8.49902820587158,"Unknown"
"6227756",371834,2025-09-29 03:06:52,43.3294639587402,-8.49903678894043,"Unknown"
"6227756",371834,2025-09-29 03:16:54,43.3295402526855,-8.49900913238525,"Unknown"
"6227756",371834,2025-09-29 03:26:54,43.3295364379883,-8.49903011322021,"Unknown"
"6227756",371834,2025-09-29 03:36:52,43.3294868469238,-8.49900913238525,"Unknown"
"6227756",371834,2025-09-29 03:46:52,43.3295249938965,-8.49899101257324,"Unknown"
"6227756",371834,2025-09-29 03:56:52,43.329532623291,-8.49900150299072,"Unknown"
"6227756",371834,2025-09-29 04:06:53,43.3295631408691,-8.49898433685303,"Unknown"
"6227756",371834,2025-09-29 04:16:51,43.3295288085938,-8.49899864196777,"Unknown"
"6227756",371834,2025-09-29 04:26:53,43.3294143676758,-8.49900245666504,"Unknown"
"6227756",371834,2025-09-29 04:37:35,43.3295249938965,-8.49898624420166,"Unknown"
"6227756",371834,2025-09-29 04:46:45,43.3297080993652,-8.4990291595459,"Unknown"
"6227756",371834,2025-09-29 04:56:45,43.3295593261719,-8.49905586242676,"Unknown"
"6227756",371834,2025-09-29 05:06:45,43.3295440673828,-8.49895858764648,"Unknown"
"6227756",371834,2025-09-29 05:16:46,43.3295135498047,-8.49905776977539,"Unknown"
"6227756",371834,2025-09-29 05:27:14,43.3294448852539,-8.49897575378418,"Unknown"
"6227756",371834,2025-09-29 05:36:46,43.3295135498047,-8.49890613555908,"Unknown"
"6227756",371834,2025-09-29 05:46:51,43.3294982910156,-8.49892616271973,"Unknown"
"6227756",371834,2025-09-29 05:57:14,43.3294448852539,-8.49894046783447,"Unknown"
"6227756",371834,2025-09-29 06:06:54,43.3295097351074,-8.49895477294922,"Unknown"
"6227756",371834,2025-09-29 06:16:54,43.3292083740234,-8.49906539916992,"Unknown"
"6227756",371834,2025-09-29 06:26:54,43.3288116455078,-8.49911880493164,"Unknown"
"6227756",371834,2025-09-29 06:37:24,43.3294143676758,-8.49897575378418,"Unknown"
"6227756",371834,2025-09-29 06:46:54,43.3294296264648,-8.49903964996338,"Unknown"
"6227756",371834,2025-09-29 06:56:54,43.3294563293457,-8.49899291992188,"Unknown"
"6227756",371834,2025-09-29 07:07:09,43.3293991088867,-8.49904918670654,"Unknown"
"6227756",371834,2025-09-29 07:17:14,43.3295516967773,-8.49891948699951,"Unknown"
"6227756",371834,2025-09-29 07:26:46,43.3295021057129,-8.49858093261719,"Unknown"
"6227756",371834,2025-09-29 07:36:52,43.3295478820801,-8.49891757965088,"Unknown"
"6227756",371834,2025-09-29 07:47:23,43.3293800354004,-8.499192237854,"Unknown"
"6227756",371834,2025-09-29 07:56:45,43.3294105529785,-8.49917221069336,"Unknown"
"6227756",371834,2025-09-29 08:06:46,43.3293685913086,-8.4991283416748,"Unknown"
"6227756",371834,2025-09-29 08:16:45,43.3293876647949,-8.49913787841797,"Unknown"
"6227756",371834,2025-09-29 08:26:47,43.3293571472168,-8.49908065795898,"Unknown"
"6227756",371834,2025-09-29 08:36:52,43.3294830322266,-8.49891567230225,"Unknown"
"6227756",371834,2025-09-29 08:47:14,43.3294792175293,-8.49909687042236,"Unknown"
"6227756",371834,2025-09-29 08:56:47,43.3294677734375,-8.49921607971191,"Unknown"
"6227756",371834,2025-09-29 09:07:14,43.329460144043,-8.49894332885742,"Unknown"
"6227756",371834,2025-09-29 09:16:48,43.3292007446289,-8.49857616424561,"Unknown"
"6227756",371834,2025-09-29 09:26:46,43.3294868469238,-8.49905967712402,"Unknown"
"6227756",371834,2025-09-29 09:36:47,43.3293266296387,-8.49878597259521,"Unknown"
"6227756",371834,2025-09-29 09:47:15,43.3294258117676,-8.49894428253174,"Unknown"
"6227756",371834,2025-09-29 09:56:48,43.3299713134766,-8.5001745223999,"Unknown"
"6227756",371834,2025-09-29 10:06:47,43.329833984375,-8.49983882904053,"Unknown"
"6227756",371834,2025-09-29 10:16:47,43.329833984375,-8.49980926513672,"Unknown"
"6227756",371834,2025-09-29 10:26:49,43.3292465209961,-8.49860191345215,"Unknown"
"6227756",371834,2025-09-29 10:37:15,43.3294372558594,-8.49911880493164,"Unknown"
"6227756",371834,2025-09-29 10:46:46,43.3299369812012,-8.49966526031494,"Unknown"
"6227756",371834,2025-09-29 10:56:47,43.3298835754395,-8.49953365325928,"Unknown"
"6227756",371834,2025-09-29 11:06:51,43.3294715881348,-8.49894046783447,"Unknown"
"6227756",371834,2025-09-29 11:16:52,43.3293952941895,-8.49908065795898,"Unknown"
"6227756",371834,2025-09-29 11:26:54,43.3294143676758,-8.49898815155029,"Unknown"
"6227756",371834,2025-09-29 11:37:15,43.3295288085938,-8.49902725219727,"Unknown"
"6227756",371834,2025-09-29 11:46:53,43.3296699523926,-8.49906826019287,"Unknown"
"6227756",371834,2025-09-29 11:57:23,43.3295249938965,-8.49908351898193,"Unknown"
"6227756",371834,2025-09-29 12:06:45,43.3294067382812,-8.49891948699951,"Unknown"
"6227756",371834,2025-09-29 12:16:46,43.3293228149414,-8.49912548065186,"Unknown"
"6227756",371834,2025-09-29 12:26:46,43.3294906616211,-8.49892139434814,"Unknown"
"6227756",371834,2025-09-29 12:36:48,43.3294830322266,-8.49887084960938,"Unknown"
"6227756",371834,2025-09-29 12:47:14,43.3292503356934,-8.49924850463867,"Unknown"
"6227756",371834,2025-09-29 12:56:54,43.3293685913086,-8.49912548065186,"Unknown"
"6227756",371834,2025-09-29 13:06:54,43.3294525146484,-8.49905681610107,"Unknown"
"6227756",371834,2025-09-29 13:16:54,43.3294448852539,-8.49907398223877,"Unknown"
"6227756",371834,2025-09-29 13:26:54,43.329460144043,-8.49904727935791,"Unknown"
"6227756",371834,2025-09-29 13:37:14,43.3294792175293,-8.49902534484863,"Unknown"
"6227756",371834,2025-09-29 13:46:45,43.3294906616211,-8.49911403656006,"Unknown"
"6227756",371834,2025-09-29 13:56:46,43.3295021057129,-8.49896144866943,"Unknown"
"6227756",371834,2025-09-29 14:06:47,43.3295516967773,-8.49917888641357,"Unknown"
"6227756",371834,2025-09-29 14:16:45,43.329532623291,-8.49903774261475,"Unknown"
"6227756",371834,2025-09-29 14:26:47,43.3295783996582,-8.50013256072998,"Unknown"
"6227756",371834,2025-09-29 14:37:15,43.3295021057129,-8.49896430969238,"Unknown"
"6227756",371834,2025-09-29 14:46:46,43.329532623291,-8.49892807006836,"Unknown"
"6227756",371834,2025-09-29 14:56:53,43.3295631408691,-8.4988374710083,"Unknown"
"6227756",371834,2025-09-29 15:06:49,43.3295631408691,-8.49888801574707,"Unknown"
"6227756",371834,2025-09-29 15:16:48,43.3294982910156,-8.49861240386963,"Unknown"
"6227756",371834,2025-09-29 15:26:48,43.3295364379883,-8.49834823608398,"Unknown"
"6227756",371834,2025-09-29 15:36:52,43.3297500610352,-8.49866008758545,"Unknown"
"6227756",371834,2025-09-29 15:46:49,43.3298263549805,-8.49860382080078,"Unknown"
"6227756",371834,2025-09-29 15:56:47,43.3298263549805,-8.49851322174072,"Unknown"
"6227756",371834,2025-09-29 16:06:51,43.3297729492188,-8.49847793579102,"Unknown"
"6227756",371834,2025-09-29 16:16:49,43.3296699523926,-8.49854469299316,"Unknown"
"6227756",371834,2025-09-29 16:26:48,43.3298530578613,-8.49866008758545,"Unknown"
"6227756",371834,2025-09-29 16:36:47,43.329761505127,-8.49870491027832,"Unknown"
"6227756",371834,2025-09-29 16:46:52,43.3294143676758,-8.498779296875,"Unknown"
"6227756",371834,2025-09-29 16:56:47,43.3297348022461,-8.49868679046631,"Unknown"
"6227756",371834,2025-09-29 17:06:47,43.3298110961914,-8.49877643585205,"Unknown"
"6227756",371834,2025-09-29 17:16:49,43.3294639587402,-8.49870204925537,"Unknown"
"6227756",371834,2025-09-29 17:26:54,43.329475402832,-8.49875926971436,"Unknown"
"6227756",371834,2025-09-29 17:36:54,43.3294486999512,-8.49860668182373,"Unknown"
"6227756",371834,2025-09-29 17:46:54,43.3294525146484,-8.49872779846191,"Unknown"
"6227756",371834,2025-09-29 17:56:54,43.3294105529785,-8.49873542785645,"Unknown"
"6227756",371834,2025-09-29 18:06:59,43.329475402832,-8.49875354766846,"Unknown"
"6227756",371834,2025-09-29 18:16:54,43.3294639587402,-8.49878120422363,"Unknown"
"6227756",371834,2025-09-29 18:26:54,43.3294258117676,-8.49879360198975,"Unknown"
"6227756",371834,2025-09-29 18:36:56,43.3295364379883,-8.49882411956787,"Unknown"
"6227756",371834,2025-09-29 18:46:54,43.3295402526855,-8.49886512756348,"Unknown"
"6227756",371834,2025-09-29 18:56:58,43.3294830322266,-8.49900054931641,"Unknown"
"6227756",371834,2025-09-29 19:06:57,43.3294868469238,-8.49875164031982,"Unknown"
"6227756",371834,2025-09-29 19:16:56,43.3294906616211,-8.49894905090332,"Unknown"
"6227756",371834,2025-09-29 19:26:53,43.3296432495117,-8.49882698059082,"Unknown"
"6227756",371834,2025-09-29 19:36:54,43.3295288085938,-8.49893760681152,"Unknown"
"6227756",371834,2025-09-29 19:46:52,43.3294792175293,-8.49891567230225,"Unknown"
"6227756",371834,2025-09-29 19:56:48,43.3292770385742,-8.49885940551758,"Unknown"
"6227756",371834,2025-09-29 20:06:51,43.3294334411621,-8.49894428253174,"Unknown"
"6227756",371834,2025-09-29 20:16:52,43.329460144043,-8.4989767074585,"Unknown"
"6227756",371834,2025-09-29 20:26:48,43.3291702270508,-8.49857997894287,"Unknown"
"6227756",371834,2025-09-29 20:36:52,43.3295822143555,-8.49894714355469,"Unknown"
"6227756",371834,2025-09-29 20:46:51,43.3295745849609,-8.49902820587158,"Unknown"
"6227756",371834,2025-09-29 20:56:53,43.3297309875488,-8.49896049499512,"Unknown"
"6227756",371834,2025-09-29 21:06:52,43.3293495178223,-8.49925994873047,"Unknown"
"6227756",371834,2025-09-29 21:16:53,43.3295860290527,-8.49926280975342,"Unknown"
"6227756",371834,2025-09-29 21:26:49,43.3296051025391,-8.49923324584961,"Unknown"
"6227756",371834,2025-09-29 21:36:49,43.3295516967773,-8.49922657012939,"Unknown"
"6227756",371834,2025-09-29 21:46:48,43.3298263549805,-8.49897766113281,"Unknown"
"6227756",371834,2025-09-29 21:56:48,43.3297080993652,-8.49908828735352,"Unknown"
"6227756",371834,2025-09-29 22:06:55,43.3296241760254,-8.49920177459717,"Unknown"
"6227756",371834,2025-09-29 22:16:54,43.3296356201172,-8.49920558929443,"Unknown"
"6227756",371834,2025-09-29 22:26:53,43.3296737670898,-8.49915218353271,"Unknown"
"6227756",371834,2025-09-29 22:36:52,43.3295822143555,-8.49916553497314,"Unknown"
"6227756",371834,2025-09-29 22:46:53,43.3296813964844,-8.49911880493164,"Unknown"
"6227756",371834,2025-09-29 22:56:52,43.3295669555664,-8.49908256530762,"Unknown"
"6227756",371834,2025-09-29 23:06:56,43.3297386169434,-8.49898910522461,"Unknown"
"6227756",371834,2025-09-29 23:17:01,43.3296775817871,-8.49900436401367,"Unknown"
"6227756",371834,2025-09-29 23:27:02,43.3298072814941,-8.49901866912842,"Unknown"
"6227756",371834,2025-09-29 23:37:14,43.3297958374023,-8.49883651733398,"Unknown"
"6227756",371834,2025-09-29 23:46:47,43.3302955627441,-8.50006771087646,"Unknown"
"6227756",371834,2025-09-29 23:56:47,43.3301849365234,-8.49986362457275,"Unknown"
"6227756",371834,2025-09-30 00:06:46,43.3299255371094,-8.49946784973145,"Unknown"
"6227756",371834,2025-09-30 00:16:46,43.3297386169434,-8.49876689910889,"Unknown"
"6227756",371834,2025-09-30 00:26:46,43.3296890258789,-8.49870204925537,"Unknown"
"6227756",371834,2025-09-30 00:36:46,43.3297386169434,-8.49870109558105,"Unknown"
"6227756",371834,2025-09-30 00:46:46,43.3297271728516,-8.49871253967285,"Unknown"
"6227756",371834,2025-09-30 00:56:47,43.3296318054199,-8.4988260269165,"Unknown"
"6227756",371834,2025-09-30 01:06:47,43.3295364379883,-8.49895477294922,"Unknown"
"6227756",371834,2025-09-30 01:16:46,43.3294944763184,-8.49903774261475,"Unknown"
"6227756",371834,2025-09-30 01:26:46,43.3290328979492,-8.49914836883545,"Unknown"
"6227756",371834,2025-09-30 01:36:47,43.3284339904785,-8.49917221069336,"Unknown"
"6227756",371834,2025-09-30 01:46:47,43.327953338623,-8.49902725219727,"Unknown"
"6227756",371834,2025-09-30 01:56:48,43.3285636901855,-8.4988431930542,"Unknown"
"6227756",371834,2025-09-30 02:06:49,43.3294258117676,-8.49903202056885,"Unknown"
"6227756",371834,2025-09-30 02:16:51,43.3295364379883,-8.49903678894043,"Unknown"
"6227756",371834,2025-09-30 02:26:53,43.3295555114746,-8.49905872344971,"Unknown"
"6227756",371834,2025-09-30 02:36:49,43.3295288085938,-8.49904823303223,"Unknown"
"6227756",371834,2025-09-30 02:46:51,43.3296318054199,-8.49905300140381,"Unknown"
"6227756",371834,2025-09-30 02:56:47,43.3295555114746,-8.49909687042236,"Unknown"
"6227756",371834,2025-09-30 03:06:47,43.329174041748,-8.4991569519043,"Unknown"
"6227756",371834,2025-09-30 03:16:47,43.3291053771973,-8.49911212921143,"Unknown"
"6227756",371834,2025-09-30 03:26:48,43.3292083740234,-8.50063800811768,"Unknown"
"6227756",371834,2025-09-30 03:36:48,43.329288482666,-8.49890232086182,"Unknown"
"6227756",371834,2025-09-30 03:46:51,43.3293533325195,-8.49884414672852,"Unknown"
"6227756",371834,2025-09-30 03:56:49,43.3293533325195,-8.49888801574707,"Unknown"
"6227756",371834,2025-09-30 04:06:48,43.3291015625,-8.49862384796143,"Unknown"
"6227756",371834,2025-09-30 04:16:48,43.3290634155273,-8.49850749969482,"Unknown"
"6227756",371834,2025-09-30 04:26:48,43.3289108276367,-8.49840068817139,"Unknown"
"6227756",371834,2025-09-30 04:36:48,43.3289604187012,-8.49839687347412,"Unknown"
"6227756",371834,2025-09-30 04:46:51,43.3290176391602,-8.49924564361572,"Unknown"
"6227756",371834,2025-09-30 04:56:48,43.3290252685547,-8.49876976013184,"Unknown"
"6227756",371834,2025-09-30 05:06:48,43.3289680480957,-8.49878406524658,"Unknown"
"6227756",371834,2025-09-30 05:16:51,43.3293685913086,-8.49901866912842,"Unknown"
"6227756",371834,2025-09-30 05:26:54,43.3295211791992,-8.49901008605957,"Unknown"
"6227756",371834,2025-09-30 05:36:49,43.3294525146484,-8.49911403656006,"Unknown"
"6227756",371834,2025-09-30 05:46:55,43.3293914794922,-8.49908638000488,"Unknown"
"6227756",371834,2025-09-30 05:56:50,43.3290596008301,-8.49904823303223,"Unknown"
"6227756",371834,2025-09-30 06:06:54,43.3293991088867,-8.49905109405518,"Unknown"
"6227756",371834,2025-09-30 06:17:00,43.3293113708496,-8.49908638000488,"Unknown"
"6227756",371834,2025-09-30 06:26:55,43.3297424316406,-8.49882030487061,"Unknown"
"6227756",371834,2025-09-30 06:36:54,43.329963684082,-8.4985179901123,"Unknown"
"6227756",371834,2025-09-30 06:46:48,43.330078125,-8.49815940856934,"Unknown"
"6227756",371834,2025-09-30 06:56:48,43.3298988342285,-8.49860858917236,"Unknown"
"6227756",371834,2025-09-30 07:06:47,43.3298988342285,-8.49862194061279,"Unknown"
"6227756",371834,2025-09-30 07:16:49,43.3298530578613,-8.49873828887939,"Unknown"
"6227756",371834,2025-09-30 07:26:52,43.3297805786133,-8.49891185760498,"Unknown"
"6227756",371834,2025-09-30 07:36:54,43.3291931152344,-8.49977016448975,"Unknown"
"6227756",371834,2025-09-30 07:46:49,43.329647064209,-8.49909687042236,"Unknown"
"6227756",371834,2025-09-30 07:56:48,43.3298606872559,-8.49886703491211,"Unknown"
"6227756",371834,2025-09-30 08:06:47,43.3298454284668,-8.49895572662354,"Unknown"
"6227756",371834,2025-09-30 08:16:48,43.3298110961914,-8.49895668029785,"Unknown"
"6227756",371834,2025-09-30 08:26:49,43.3293762207031,-8.49902534484863,"Unknown"
"6227756",371834,2025-09-30 08:36:52,43.3293418884277,-8.49949741363525,"Unknown"
"6227756",371834,2025-09-30 08:46:52,43.3293037414551,-8.49943161010742,"Unknown"
"6227756",371834,2025-09-30 08:56:47,43.3289909362793,-8.49877262115479,"Unknown"
"6227756",371834,2025-09-30 09:06:48,43.3288154602051,-8.49807071685791,"Unknown"
"6227756",371834,2025-09-30 09:16:51,43.3295478820801,-8.49885082244873,"Unknown"
"6227756",371834,2025-09-30 09:26:52,43.3296241760254,-8.49884510040283,"Unknown"
"6227756",371834,2025-09-30 09:36:52,43.3296699523926,-8.49887943267822,"Unknown"
"6227756",371834,2025-09-30 09:46:54,43.3296775817871,-8.49886608123779,"Unknown"
"6227756",371834,2025-09-30 09:56:54,43.329704284668,-8.49896430969238,"Unknown"
"6227756",371834,2025-09-30 10:06:54,43.3297691345215,-8.49902057647705,"Unknown"
"6227756",371834,2025-09-30 10:16:48,43.329833984375,-8.49925231933594,"Unknown"
"6227756",371834,2025-09-30 10:26:47,43.3300323486328,-8.49949836730957,"Unknown"
"6227756",371834,2025-09-30 10:36:46,43.3298797607422,-8.49933528900146,"Unknown"
"6227756",371834,2025-09-30 10:46:47,43.3296356201172,-8.49899291992188,"Unknown"
"6227756",371834,2025-09-30 10:56:47,43.3296546936035,-8.49890804290771,"Unknown"
"6227756",371834,2025-09-30 11:06:46,43.3296661376953,-8.49895858764648,"Unknown"
"6227756",371834,2025-09-30 11:16:54,43.329460144043,-8.49873161315918,"Unknown"
"6227756",371834,2025-09-30 11:26:49,43.3294143676758,-8.49878311157227,"Unknown"
"6227756",371834,2025-09-30 11:36:55,43.3294296264648,-8.49869441986084,"Unknown"
"6227756",371834,2025-09-30 11:46:47,43.3295745849609,-8.49923992156982,"Unknown"
"6227756",371834,2025-09-30 11:56:48,43.3295021057129,-8.49929141998291,"Unknown"
"6227756",371834,2025-09-30 12:06:48,43.3292922973633,-8.49932861328125,"Unknown"
"6227756",371834,2025-09-30 12:16:48,43.3298797607422,-8.49912738800049,"Unknown"
"6227756",371834,2025-09-30 12:26:51,43.3292503356934,-8.499587059021,"Unknown"
"6227756",371834,2025-09-30 12:36:48,43.3297119140625,-8.49923992156982,"Unknown"
"6227756",371834,2025-09-30 12:46:49,43.3290596008301,-8.49977493286133,"Unknown"
"6227756",371834,2025-09-30 12:56:48,43.3293647766113,-8.49956512451172,"Unknown"
"6227756",371834,2025-09-30 13:06:52,43.329345703125,-8.49950313568115,"Unknown"
"6227756",371834,2025-09-30 13:16:47,43.3294563293457,-8.49937343597412,"Unknown"
"6227756",371834,2025-09-30 13:26:47,43.329460144043,-8.49931144714355,"Unknown"
"6227756",371834,2025-09-30 13:36:47,43.3296051025391,-8.49919509887695,"Unknown"
"6227756",371834,2025-09-30 13:46:47,43.3294410705566,-8.49909687042236,"Unknown"
"6227756",371834,2025-09-30 13:56:48,43.3293838500977,-8.49895763397217,"Unknown"
"6227756",371834,2025-09-30 14:06:48,43.3293952941895,-8.4988260269165,"Unknown"
"6227756",371834,2025-09-30 14:16:47,43.3294677734375,-8.49880504608154,"Unknown"
"6227756",371834,2025-09-30 14:26:47,43.3294296264648,-8.49872875213623,"Unknown"
"6227756",371834,2025-09-30 14:36:48,43.3294334411621,-8.49859523773193,"Unknown"
"6227756",371834,2025-09-30 14:46:49,43.3298263549805,-8.49896430969238,"Unknown"
"6227756",371834,2025-09-30 14:56:49,43.3298797607422,-8.49899768829346,"Unknown"
"6227756",371834,2025-09-30 15:07:09,43.3304100036621,-8.49831867218018,"Unknown"
"6227756",371834,2025-09-30 15:16:52,43.3301391601562,-8.49857521057129,"Unknown"
"6227756",371834,2025-09-30 15:26:58,43.3301086425781,-8.49850463867188,"Unknown"
"6227756",371834,2025-09-30 15:36:52,43.330207824707,-8.49855518341064,"Unknown"
"6227756",371834,2025-09-30 15:47:03,43.3295745849609,-8.49879360198975,"Unknown"
"6227756",371834,2025-09-30 15:56:49,43.3299942016602,-8.49772167205811,"Unknown"
"6227756",371834,2025-09-30 16:06:47,43.3294792175293,-8.49892711639404,"Unknown"
"6227756",371834,2025-09-30 16:16:49,43.3294792175293,-8.498948097229,"Unknown"
"6227756",371834,2025-09-30 16:26:47,43.329402923584,-8.49894714355469,"Unknown"
"6227756",371834,2025-09-30 16:36:47,43.3296051025391,-8.49884796142578,"Unknown"
"6227756",371834,2025-09-30 16:46:52,43.3295516967773,-8.49889945983887,"Unknown"
"6227756",371834,2025-09-30 16:56:46,43.3295974731445,-8.49894618988037,"Unknown"
"6227756",371834,2025-09-30 17:06:46,43.3298950195312,-8.49904918670654,"Unknown"
"6227756",371834,2025-09-30 17:16:49,43.3294792175293,-8.4989013671875,"Unknown"
"6227756",371834,2025-09-30 17:26:49,43.3295211791992,-8.49884128570557,"Unknown"
"6227756",371834,2025-09-30 17:37:05,43.3294944763184,-8.49900531768799,"Unknown"
"6227756",371834,2025-09-30 17:46:47,43.3295936584473,-8.49897861480713,"Unknown"
"6227756",371834,2025-09-30 17:56:47,43.3296051025391,-8.49903297424316,"Unknown"
"6227756",371834,2025-09-30 18:06:54,43.3292770385742,-8.49910736083984,"Unknown"
"6227756",371834,2025-09-30 18:16:54,43.3291931152344,-8.49911689758301,"Unknown"
"6227756",371834,2025-09-30 18:26:56,43.3294105529785,-8.49899864196777,"Unknown"
"6227756",371834,2025-09-30 18:37:05,43.3295707702637,-8.49894714355469,"Unknown"
"6227756",371834,2025-09-30 18:46:55,43.3295478820801,-8.49898815155029,"Unknown"
"6227756",371834,2025-09-30 18:56:56,43.3295059204102,-8.49898910522461,"Unknown"
"6227756",371834,2025-09-30 19:06:47,43.329402923584,-8.49875736236572,"Unknown"
"6227756",371834,2025-09-30 19:16:51,43.3295364379883,-8.4989538192749,"Unknown"
"6227756",371834,2025-09-30 19:26:49,43.3295249938965,-8.49893379211426,"Unknown"
"6227756",371834,2025-09-30 19:36:53,43.329517364502,-8.4989070892334,"Unknown"
"6227756",371834,2025-09-30 19:46:57,43.3296241760254,-8.49912643432617,"Unknown"
"6227756",371834,2025-09-30 19:56:54,43.3296775817871,-8.49912357330322,"Unknown"
"6227756",371834,2025-09-30 20:06:59,43.3297119140625,-8.49915885925293,"Unknown"
"6227756",371834,2025-09-30 20:16:53,43.3297576904297,-8.49916744232178,"Unknown"
"6227756",371834,2025-09-30 20:26:51,43.3297996520996,-8.49906635284424,"Unknown"
"6227756",371834,2025-09-30 20:36:51,43.3298606872559,-8.49910354614258,"Unknown"
"6227756",371834,2025-09-30 20:46:53,43.3299942016602,-8.49908447265625,"Unknown"
"6227756",371834,2025-09-30 20:57:01,43.3297233581543,-8.49913692474365,"Unknown"
"6227756",371834,2025-09-30 21:06:54,43.3296432495117,-8.49918937683105,"Unknown"
"6227756",371834,2025-09-30 21:16:53,43.329647064209,-8.49921703338623,"Unknown"
"6227756",371834,2025-09-30 21:26:57,43.3296356201172,-8.49925708770752,"Unknown"
"6227756",371834,2025-09-30 21:36:53,43.3295707702637,-8.49918460845947,"Unknown"
"6227756",371834,2025-09-30 21:46:54,43.32958984375,-8.49920558929443,"Unknown"
"6227756",371834,2025-09-30 21:56:54,43.3295669555664,-8.49917888641357,"Unknown"
"6227756",371834,2025-09-30 22:06:54,43.3295631408691,-8.49925136566162,"Unknown"
"6227756",371834,2025-09-30 22:16:54,43.3295364379883,-8.49901676177979,"Unknown"
"6227756",371834,2025-09-30 22:26:54,43.3294982910156,-8.49897384643555,"Unknown"
"6227756",371834,2025-09-30 22:36:54,43.3295478820801,-8.49898910522461,"Unknown"
"6227756",371834,2025-09-30 22:46:54,43.3294982910156,-8.49894332885742,"Unknown"
"6227756",371834,2025-09-30 22:56:54,43.3295440673828,-8.49892234802246,"Unknown"
"6227756",371834,2025-09-30 23:06:54,43.3295288085938,-8.49898433685303,"Unknown"
"6227756",371834,2025-09-30 23:17:14,43.3295364379883,-8.49897384643555,"Unknown"
"6227756",371834,2025-09-30 23:26:54,43.3294639587402,-8.49899768829346,"Unknown"
"6227756",371834,2025-09-30 23:37:01,43.3293380737305,-8.49912452697754,"Unknown"
"6227756",371834,2025-09-30 23:47:15,43.3296356201172,-8.49900531768799,"Unknown"
"6227756",371834,2025-09-30 23:56:59,43.3295059204102,-8.49907207489014,"Unknown"
"6227756",371834,2025-10-01 00:07:05,43.3294448852539,-8.49911308288574,"Unknown"
"6227756",371834,2025-10-01 00:16:49,43.3293533325195,-8.49916458129883,"Unknown"
"6227756",371834,2025-10-01 00:26:48,43.329891204834,-8.49860668182373,"Unknown"
"6227756",371834,2025-10-01 00:37:05,43.3293228149414,-8.4991569519043,"Unknown"
"6227756",371834,2025-10-01 00:46:47,43.3291893005371,-8.4991979598999,"Unknown"
"6227756",371834,2025-10-01 00:56:47,43.3294372558594,-8.49901390075684,"Unknown"
"6227756",371834,2025-10-01 01:06:47,43.329402923584,-8.49906826019287,"Unknown"
"6227756",371834,2025-10-01 01:16:47,43.3294486999512,-8.49900150299072,"Unknown"
"6227756",371834,2025-10-01 01:26:47,43.3294982910156,-8.49899482727051,"Unknown"
"6227756",371834,2025-10-01 01:36:48,43.3295288085938,-8.49896240234375,"Unknown"
"6227756",371834,2025-10-01 01:46:49,43.3294067382812,-8.49900817871094,"Unknown"
"6227756",371834,2025-10-01 01:56:53,43.3294258117676,-8.4990177154541,"Unknown"
"6227756",371834,2025-10-01 02:06:55,43.3293533325195,-8.49897766113281,"Unknown"
"6227756",371834,2025-10-01 02:17:14,43.3294639587402,-8.49899864196777,"Unknown"
"6227756",371834,2025-10-01 02:26:55,43.3294715881348,-8.49899673461914,"Unknown"
"6227756",371834,2025-10-01 02:36:50,43.329517364502,-8.49894905090332,"Unknown"
"6227756",371834,2025-10-01 02:47:05,43.3294258117676,-8.49903011322021,"Unknown"
"6227756",371834,2025-10-01 02:56:56,43.3296089172363,-8.49909400939941,"Unknown"
"6227756",371834,2025-10-01 03:06:48,43.3295478820801,-8.49913883209229,"Unknown"
"6227756",371834,2025-10-01 03:16:49,43.3295783996582,-8.49905967712402,"Unknown"
"6227756",371834,2025-10-01 03:26:52,43.3296089172363,-8.49903964996338,"Unknown"
"6227756",371834,2025-10-01 03:36:55,43.3295593261719,-8.49899864196777,"Unknown"
"6227756",371834,2025-10-01 03:46:47,43.3295021057129,-8.49898815155029,"Unknown"
"6227756",371834,2025-10-01 03:56:53,43.3295440673828,-8.49900436401367,"Unknown"
"6227756",371834,2025-10-01 04:06:49,43.3295097351074,-8.4989767074585,"Unknown"
"6227756",371834,2025-10-01 04:16:48,43.3294982910156,-8.49876499176025,"Unknown"
"6227756",371834,2025-10-01 04:26:55,43.3295631408691,-8.49900245666504,"Unknown"
"6227756",371834,2025-10-01 04:36:55,43.3294296264648,-8.49896240234375,"Unknown"
"6227756",371834,2025-10-01 04:46:55,43.3295288085938,-8.49893951416016,"Unknown"
"6227756",371834,2025-10-01 04:56:56,43.3295288085938,-8.49890422821045,"Unknown"
"6227756",371834,2025-10-01 05:06:53,43.3295555114746,-8.4988260269165,"Unknown"
"6227756",371834,2025-10-01 05:16:57,43.3294868469238,-8.49899196624756,"Unknown"
"6227756",371834,2025-10-01 05:27:23,43.3295059204102,-8.49896335601807,"Unknown"
"6227756",371834,2025-10-01 05:36:46,43.3297500610352,-8.49896430969238,"Unknown"
"6227756",371834,2025-10-01 05:46:47,43.3297576904297,-8.49899959564209,"Unknown"
"6227756",371834,2025-10-01 05:56:47,43.329662322998,-8.49901485443115,"Unknown"
"6227756",371834,2025-10-01 06:06:47,43.3294067382812,-8.49896240234375,"Unknown"
"6227756",371834,2025-10-01 06:16:48,43.3295593261719,-8.49904537200928,"Unknown"
"6227756",371834,2025-10-01 06:26:47,43.329532623291,-8.49903297424316,"Unknown"
"6227756",371834,2025-10-01 06:36:47,43.3293800354004,-8.49893283843994,"Unknown"
"6227756",371834,2025-10-01 06:46:47,43.3294944763184,-8.49909210205078,"Unknown"
"6227756",371834,2025-10-01 06:56:47,43.3294486999512,-8.49894618988037,"Unknown"
"6227756",371834,2025-10-01 07:06:48,43.3295860290527,-8.49920749664307,"Unknown"
"6227756",371834,2025-10-01 07:16:49,43.3295593261719,-8.49910545349121,"Unknown"
"6227756",371834,2025-10-01 07:26:48,43.3295097351074,-8.49909210205078,"Unknown"
"6227756",371834,2025-10-01 07:36:50,43.329517364502,-8.49905872344971,"Unknown"
"6227756",371834,2025-10-01 07:46:52,43.3297958374023,-8.49934387207031,"Unknown"
"6227756",371834,2025-10-01 07:56:53,43.3294296264648,-8.49899291992188,"Unknown"
"6227756",371834,2025-10-01 08:06:54,43.3294067382812,-8.49892807006836,"Unknown"
"6227756",371834,2025-10-01 08:16:55,43.3294563293457,-8.49895858764648,"Unknown"
"6227756",371834,2025-10-01 08:27:14,43.3294105529785,-8.49897956848145,"Unknown"
"6227756",371834,2025-10-01 08:36:49,43.3297996520996,-8.49925518035889,"Unknown"
"6227756",371834,2025-10-01 08:47:14,43.3295249938965,-8.49909019470215,"Unknown"
"6227756",371834,2025-10-01 08:56:49,43.3294486999512,-8.49904251098633,"Unknown"
"6227756",371834,2025-10-01 09:06:52,43.3295593261719,-8.49895191192627,"Unknown"
"6227756",371834,2025-10-01 09:16:50,43.3295364379883,-8.49901866912842,"Unknown"
"6227756",371834,2025-10-01 09:26:50,43.3294296264648,-8.49892616271973,"Unknown"
"6227756",371834,2025-10-01 09:37:14,43.329517364502,-8.49915981292725,"Unknown"
"6227756",371834,2025-10-01 09:46:55,43.3294868469238,-8.49907970428467,"Unknown"
"6227756",371834,2025-10-01 09:56:55,43.3297080993652,-8.49896907806396,"Unknown"
"6227756",371834,2025-10-01 10:06:55,43.3295364379883,-8.49911403656006,"Unknown"
"6227756",371834,2025-10-01 10:16:53,43.329517364502,-8.4990119934082,"Unknown"
"6227756",371834,2025-10-01 10:26:55,43.329647064209,-8.49927043914795,"Unknown"
"6227756",371834,2025-10-01 10:37:05,43.3294715881348,-8.49929523468018,"Unknown"
"6227756",371834,2025-10-01 10:46:53,43.3295135498047,-8.49901962280273,"Unknown"
"6227756",371834,2025-10-01 10:56:52,43.329517364502,-8.49906158447266,"Unknown"
"6227756",371834,2025-10-01 11:07:03,43.3294868469238,-8.49909687042236,"Unknown"
"6227756",371834,2025-10-01 11:17:14,43.3296241760254,-8.49889373779297,"Unknown"
"6227756",371834,2025-10-01 11:26:48,43.3296737670898,-8.49885177612305,"Unknown"
"6227756",371834,2025-10-01 11:36:50,43.3295974731445,-8.49890804290771,"Unknown"
"6227756",371834,2025-10-01 11:47:23,43.3296890258789,-8.49869441986084,"Unknown"
"6227756",371834,2025-10-01 11:56:49,43.3298835754395,-8.49864959716797,"Unknown"
"6227756",371834,2025-10-01 12:06:56,43.3299713134766,-8.49890899658203,"Unknown"
"6227756",371834,2025-10-01 12:17:01,43.3299407958984,-8.49899196624756,"Unknown"
"6227756",371834,2025-10-01 12:26:49,43.3300247192383,-8.49930286407471,"Unknown"
"6227756",371834,2025-10-01 12:36:48,43.3286514282227,-8.50060749053955,"Unknown"
"6227756",371834,2025-10-01 12:47:23,43.3296318054199,-8.4992504119873,"Unknown"
"6227756",371834,2025-10-01 12:56:47,43.3293952941895,-8.49907302856445,"Unknown"
"6227756",371834,2025-10-01 13:06:47,43.3294334411621,-8.49908256530762,"Unknown"
"6227756",371834,2025-10-01 13:16:47,43.3294448852539,-8.49903678894043,"Unknown"
"6227756",371834,2025-10-01 13:26:47,43.3294715881348,-8.49903392791748,"Unknown"
"6227756",371834,2025-10-01 13:36:47,43.3295211791992,-8.49900817871094,"Unknown"
"6227756",371834,2025-10-01 13:46:47,43.3294639587402,-8.4990758895874,"Unknown"
"6227756",371834,2025-10-01 13:56:48,43.329460144043,-8.49906444549561,"Unknown"
"6227756",371834,2025-10-01 14:06:48,43.3293838500977,-8.4990348815918,"Unknown"
"6227756",371834,2025-10-01 14:16:48,43.3293304443359,-8.49898624420166,"Unknown"
"6227756",371834,2025-10-01 14:26:53,43.3293647766113,-8.49897193908691,"Unknown"
"6227756",371834,2025-10-01 14:36:48,43.3295021057129,-8.49906539916992,"Unknown"
"6227756",371834,2025-10-01 14:46:49,43.3294258117676,-8.49898815155029,"Unknown"
"6227756",371834,2025-10-01 14:56:49,43.3295745849609,-8.4992504119873,"Unknown"
"6227756",371834,2025-10-01 15:06:51,43.3294410705566,-8.49942588806152,"Unknown"
"6227756",371834,2025-10-01 15:16:53,43.3295783996582,-8.4990348815918,"Unknown"
"6227756",371834,2025-10-01 15:26:57,43.3296279907227,-8.49923324584961,"Unknown"
"6227756",371834,2025-10-01 15:36:54,43.3298988342285,-8.4984073638916,"Unknown"
"6227756",371834,2025-10-01 15:46:50,43.3297386169434,-8.49871253967285,"Unknown"
"6227756",371834,2025-10-01 15:56:51,43.3296165466309,-8.49860286712646,"Unknown"
"6227756",371834,2025-10-01 16:06:50,43.3296508789062,-8.498779296875,"Unknown"
"6227756",371834,2025-10-01 16:16:51,43.3295593261719,-8.49868679046631,"Unknown"
"6227756",371834,2025-10-01 16:26:50,43.3296279907227,-8.49871921539307,"Unknown"
"6227756",371834,2025-10-01 16:36:50,43.3294830322266,-8.49876499176025,"Unknown"
"6227756",371834,2025-10-01 16:46:50,43.3295783996582,-8.49880313873291,"Unknown"
"6227756",371834,2025-10-01 16:56:49,43.3294944763184,-8.49882888793945,"Unknown"
"6227756",371834,2025-10-01 17:06:51,43.3295364379883,-8.49885940551758,"Unknown"
"6227756",371834,2025-10-01 17:17:08,43.3294105529785,-8.49880981445312,"Unknown"
"6227756",371834,2025-10-01 17:26:54,43.3295860290527,-8.49887561798096,"Unknown"
"6227756",371834,2025-10-01 17:36:54,43.3296012878418,-8.49893951416016,"Unknown"
"6227756",371834,2025-10-01 17:47:00,43.3295211791992,-8.4989128112793,"Unknown"
"6227756",371834,2025-10-01 17:56:58,43.3294792175293,-8.49892711639404,"Unknown"
"6227756",371834,2025-10-01 18:06:52,43.3293991088867,-8.49901294708252,"Unknown"
"6227756",371834,2025-10-01 18:16:51,43.3294334411621,-8.49903106689453,"Unknown"
"6227756",371834,2025-10-01 18:27:00,43.3295021057129,-8.49903297424316,"Unknown"
"6227756",371834,2025-10-01 18:37:00,43.3294296264648,-8.49912643432617,"Unknown"
"6227756",371834,2025-10-01 18:46:54,43.3292083740234,-8.49950504302979,"Unknown"
"6227756",371834,2025-10-01 18:57:00,43.329402923584,-8.4991397857666,"Unknown"
"6227756",371834,2025-10-01 19:07:10,43.3293800354004,-8.49913024902344,"Unknown"
"6227756",371834,2025-10-01 19:16:50,43.3294372558594,-8.49898910522461,"Unknown"
"6227756",371834,2025-10-01 19:26:49,43.3293609619141,-8.49909591674805,"Unknown"
"6227756",371834,2025-10-01 19:36:48,43.3293571472168,-8.49913024902344,"Unknown"
"6227756",371834,2025-10-01 19:47:23,43.3294219970703,-8.4990291595459,"Unknown"
"6227756",371834,2025-10-01 19:56:47,43.3294639587402,-8.49901103973389,"Unknown"
"6227756",371834,2025-10-01 20:06:47,43.3294677734375,-8.4989538192749,"Unknown"
"6227756",371834,2025-10-01 20:16:47,43.3294334411621,-8.49894714355469,"Unknown"
"6227756",371834,2025-10-01 20:26:48,43.3294715881348,-8.49896907806396,"Unknown"
"6227756",371834,2025-10-01 20:36:48,43.3297004699707,-8.49917316436768,"Unknown"
"6227756",371834,2025-10-01 20:46:49,43.3298110961914,-8.4992847442627,"Unknown"
"6227756",371834,2025-10-01 20:56:48,43.3299255371094,-8.49953746795654,"Unknown"
"6227756",371834,2025-10-01 21:06:52,43.3295936584473,-8.49912548065186,"Unknown"
"6227756",371834,2025-10-01 21:16:53,43.3295211791992,-8.49900722503662,"Unknown"
"6227756",371834,2025-10-01 21:26:50,43.3295974731445,-8.49925136566162,"Unknown"
"6227756",371834,2025-10-01 21:36:50,43.3295402526855,-8.49922370910645,"Unknown"
"6227756",371834,2025-10-01 21:46:49,43.3295974731445,-8.49934387207031,"Unknown"
"6227756",371834,2025-10-01 21:56:49,43.32958984375,-8.49917697906494,"Unknown"
"6227756",371834,2025-10-01 22:07:14,43.3294639587402,-8.49902153015137,"Unknown"
"6227756",371834,2025-10-01 22:16:48,43.3295593261719,-8.49914455413818,"Unknown"
"6227756",371834,2025-10-01 22:26:49,43.3294944763184,-8.49893569946289,"Unknown"
"6227756",371834,2025-10-01 22:36:49,43.3293685913086,-8.498779296875,"Unknown"
"6227756",371834,2025-10-01 22:46:49,43.3295707702637,-8.49911499023438,"Unknown"
"6227756",371834,2025-10-01 22:56:49,43.3295288085938,-8.49896430969238,"Unknown"
"6227756",371834,2025-10-01 23:07:14,43.3295364379883,-8.49888896942139,"Unknown"
"6227756",371834,2025-10-01 23:16:49,43.3295288085938,-8.4987325668335,"Unknown"
"6227756",371834,2025-10-01 23:27:02,43.3295860290527,-8.4988956451416,"Unknown"
"6227756",371834,2025-10-01 23:36:51,43.3296699523926,-8.49863529205322,"Unknown"
"6227756",371834,2025-10-01 23:46:58,43.3298950195312,-8.49847984313965,"Unknown"
"6227756",371834,2025-10-01 23:56:52,43.330150604248,-8.49877548217773,"Unknown"
"6227756",371834,2025-10-02 00:07:23,43.329517364502,-8.49903106689453,"Unknown"
"6227756",371834,2025-10-02 00:16:48,43.3295249938965,-8.49899959564209,"Unknown"
"6227756",371834,2025-10-02 00:26:48,43.3295288085938,-8.49898624420166,"Unknown"
"6227756",371834,2025-10-02 00:36:48,43.3294448852539,-8.49900150299072,"Unknown"
"6227756",371834,2025-10-02 00:46:47,43.3294944763184,-8.49897193908691,"Unknown"
"6227756",371834,2025-10-02 00:56:47,43.3294486999512,-8.4990291595459,"Unknown"
"6227756",371834,2025-10-02 01:06:48,43.3293762207031,-8.49909114837646,"Unknown"
"6227756",371834,2025-10-02 01:16:48,43.3292045593262,-8.49919319152832,"Unknown"
"6227756",371834,2025-10-02 01:26:48,43.329402923584,-8.49909973144531,"Unknown"
"6227756",371834,2025-10-02 01:36:48,43.3293914794922,-8.499098777771,"Unknown"
"6227756",371834,2025-10-02 01:46:48,43.3293914794922,-8.49908638000488,"Unknown"
"6227756",371834,2025-10-02 01:56:48,43.3293609619141,-8.49907779693604,"Unknown"
"6227756",371834,2025-10-02 02:06:48,43.3293724060059,-8.49899482727051,"Unknown"
"6227756",371834,2025-10-02 02:16:49,43.3293380737305,-8.49898529052734,"Unknown"
"6227756",371834,2025-10-02 02:26:49,43.3295707702637,-8.49923896789551,"Unknown"
"6227756",371834,2025-10-02 02:37:01,43.3295288085938,-8.49901580810547,"Unknown"
"6227756",371834,2025-10-02 02:46:48,43.3294715881348,-8.49912071228027,"Unknown"
"6227756",371834,2025-10-02 02:56:54,43.3296508789062,-8.49922943115234,"Unknown"
"6227756",371834,2025-10-02 03:06:48,43.3295974731445,-8.49928188323975,"Unknown"
"6227756",371834,2025-10-02 03:16:49,43.3295745849609,-8.49908638000488,"Unknown"
"6227756",371834,2025-10-02 03:26:48,43.3294334411621,-8.49913501739502,"Unknown"
"6227756",371834,2025-10-02 03:36:50,43.3294563293457,-8.49893474578857,"Unknown"
"6227756",371834,2025-10-02 03:46:49,43.3293724060059,-8.49887752532959,"Unknown"
"6227756",371834,2025-10-02 03:56:49,43.3293914794922,-8.49895477294922,"Unknown"
"6227756",371834,2025-10-02 04:06:49,43.3294677734375,-8.49812602996826,"Unknown"
"6227756",371834,2025-10-02 04:16:51,43.3293495178223,-8.4983606338501,"Unknown"
"6227756",371834,2025-10-02 04:26:52,43.3291397094727,-8.49847316741943,"Unknown"
"6227756",371834,2025-10-02 04:36:51,43.3291473388672,-8.49884128570557,"Unknown"
"6227756",371834,2025-10-02 04:46:50,43.329044342041,-8.4989070892334,"Unknown"
"6227756",371834,2025-10-02 04:56:49,43.3290939331055,-8.49914169311523,"Unknown"
"6227756",371834,2025-10-02 05:06:49,43.3289031982422,-8.49918842315674,"Unknown"
"6227756",371834,2025-10-02 05:17:00,43.3296012878418,-8.49916172027588,"Unknown"
"6227756",371834,2025-10-02 05:26:53,43.3291206359863,-8.49924755096436,"Unknown"
"6227756",371834,2025-10-02 05:37:04,43.3293647766113,-8.49922561645508,"Unknown"
"6227756",371834,2025-10-02 05:47:13,43.329418182373,-8.49917125701904,"Unknown"
"6227756",371834,2025-10-02 05:56:53,43.3293418884277,-8.49916744232178,"Unknown"
"6227756",371834,2025-10-02 06:06:49,43.3293800354004,-8.49917411804199,"Unknown"
"6227756",371834,2025-10-02 06:16:49,43.329475402832,-8.49890232086182,"Unknown"
"6227756",371834,2025-10-02 06:26:48,43.3295669555664,-8.49894428253174,"Unknown"
"6227756",371834,2025-10-02 06:37:01,43.3292694091797,-8.49895477294922,"Unknown"
"6227756",371834,2025-10-02 06:47:00,43.3295097351074,-8.49877643585205,"Unknown"
"6227756",371834,2025-10-02 06:57:13,43.3291893005371,-8.49894046783447,"Unknown"
"6227756",371834,2025-10-02 07:06:49,43.329174041748,-8.4988956451416,"Unknown"
"6227756",371834,2025-10-02 07:16:49,43.3290939331055,-8.49874782562256,"Unknown"
"6227756",371834,2025-10-02 07:26:49,43.329174041748,-8.4988374710083,"Unknown"
"6227756",371834,2025-10-02 07:37:23,43.329460144043,-8.49913501739502,"Unknown"
"6227756",371834,2025-10-02 07:47:03,43.3294715881348,-8.49915218353271,"Unknown"
"6227756",371834,2025-10-02 07:56:47,43.3295822143555,-8.49926948547363,"Unknown"
"6227756",371834,2025-10-02 08:06:48,43.3293266296387,-8.49854278564453,"Unknown"
"6227756",371834,2025-10-02 08:16:47,43.3297080993652,-8.49960708618164,"Unknown"
"6227756",371834,2025-10-02 08:26:47,43.329662322998,-8.49934864044189,"Unknown"
"6227756",371834,2025-10-02 08:37:14,43.3295211791992,-8.49895858764648,"Unknown"
"6227756",371834,2025-10-02 08:46:48,43.3294982910156,-8.49900531768799,"Unknown"
"6227756",371834,2025-10-02 08:56:51,43.3296051025391,-8.49910926818848,"Unknown"
"6227756",371834,2025-10-02 09:07:00,43.3288536071777,-8.49812316894531,"Unknown"
"6227756",371834,2025-10-02 09:16:57,43.3295860290527,-8.49911022186279,"Unknown"
"6227756",371834,2025-10-02 09:27:14,43.3293151855469,-8.49871635437012,"Unknown"
"6227756",371834,2025-10-02 09:37:18,43.3293418884277,-8.49869918823242,"Unknown"
"6227756",371834,2025-10-02 09:47:00,43.3294525146484,-8.49884605407715,"Unknown"
"6227756",371834,2025-10-02 09:57:00,43.329402923584,-8.49881649017334,"Unknown"
"6227756",371834,2025-10-02 10:07:00,43.3294219970703,-8.49886131286621,"Unknown"
"6227756",371834,2025-10-02 10:17:23,43.3294448852539,-8.49886989593506,"Unknown"
"6227756",371834,2025-10-02 10:27:00,43.3294448852539,-8.49891567230225,"Unknown"
"6227756",371834,2025-10-02 10:37:00,43.329517364502,-8.49889755249023,"Unknown"
"6227756",371834,2025-10-02 10:47:02,43.3295478820801,-8.49896907806396,"Unknown"
"6227756",371834,2025-10-02 10:57:06,43.32958984375,-8.49897003173828,"Unknown"
"6227756",371834,2025-10-02 11:07:10,43.3295669555664,-8.49900531768799,"Unknown"
"6227756",371834,2025-10-02 11:17:00,43.3296241760254,-8.49894523620605,"Unknown"
"6227756",371834,2025-10-02 11:37:23,43.3295211791992,-8.49897956848145,"Unknown"
"6227756",371834,2025-10-02 11:46:47,43.3294296264648,-8.49897193908691,"Unknown"
"6227756",371834,2025-10-02 11:56:48,43.3295249938965,-8.49908065795898,"Unknown"
"6227756",371834,2025-10-02 12:06:48,43.3295478820801,-8.49899005889893,"Unknown"
"6227756",371834,2025-10-02 12:16:49,43.3293190002441,-8.4988899230957,"Unknown"
"6227756",371834,2025-10-02 12:26:49,43.3294715881348,-8.49895191192627,"Unknown"
"6227756",371834,2025-10-02 12:36:52,43.3295135498047,-8.49909782409668,"Unknown"
"6227756",371834,2025-10-02 12:46:53,43.3295478820801,-8.4993724822998,"Unknown"
"6227756",371834,2025-10-02 12:56:57,43.329460144043,-8.49911975860596,"Unknown"
"6227756",371834,2025-10-02 13:06:55,43.3294563293457,-8.49907302856445,"Unknown"
"6227756",371834,2025-10-02 13:16:53,43.3296394348145,-8.49952030181885,"Unknown"
"6227756",371834,2025-10-02 13:27:01,43.3295211791992,-8.49919414520264,"Unknown"
"6227756",371834,2025-10-02 13:37:14,43.3294944763184,-8.49902725219727,"Unknown"
"6227756",371834,2025-10-02 13:46:47,43.3294410705566,-8.49895858764648,"Unknown"
"6227756",371834,2025-10-02 13:56:48,43.3294410705566,-8.49890518188477,"Unknown"
"6227756",371834,2025-10-02 14:06:47,43.3294906616211,-8.4990701675415,"Unknown"
"6227756",371834,2025-10-02 14:16:48,43.3295478820801,-8.4991512298584,"Unknown"
"6227756",371834,2025-10-02 14:26:48,43.3294677734375,-8.49918174743652,"Unknown"
"6227756",371834,2025-10-02 14:37:15,43.3295822143555,-8.4991512298584,"Unknown"
"6227756",371834,2025-10-02 14:46:48,43.3296127319336,-8.4991626739502,"Unknown"
"6227756",371834,2025-10-02 14:56:59,43.3296775817871,-8.49900817871094,"Unknown"
"6227756",371834,2025-10-02 15:06:58,43.3296318054199,-8.49887275695801,"Unknown"
"6227756",371834,2025-10-02 15:17:06,43.3295593261719,-8.49829292297363,"Unknown"
"6227756",371834,2025-10-02 15:27:14,43.3295249938965,-8.49905586242676,"Unknown"
"6227756",371834,2025-10-02 15:37:01,43.3295059204102,-8.49902534484863,"Unknown"
"6227756",371834,2025-10-02 15:47:15,43.3295440673828,-8.49918556213379,"Unknown"
"6227756",371834,2025-10-02 15:57:00,43.3295936584473,-8.49898338317871,"Unknown"
"6227756",371834,2025-10-02 16:07:23,43.3294830322266,-8.4989767074585,"Unknown"
"6227756",371834,2025-10-02 16:16:47,43.3295021057129,-8.49902248382568,"Unknown"
"6227756",371834,2025-10-02 16:26:49,43.329475402832,-8.49892807006836,"Unknown"
"6227756",371834,2025-10-02 16:36:50,43.3294372558594,-8.49892997741699,"Unknown"
"6227756",371834,2025-10-02 16:47:00,43.329460144043,-8.49895477294922,"Unknown"
"6227756",371834,2025-10-02 16:57:29,43.3294982910156,-8.49897480010986,"Unknown"
"6227756",371834,2025-10-02 17:06:49,43.3294715881348,-8.49898338317871,"Unknown"
"6227756",371834,2025-10-02 17:16:50,43.3294410705566,-8.49893951416016,"Unknown"
"6227756",371834,2025-10-02 17:27:35,43.329517364502,-8.49899101257324,"Unknown"
"6227756",371834,2025-10-02 17:36:47,43.3294868469238,-8.49904918670654,"Unknown"
"6227756",371834,2025-10-02 17:46:48,43.3294868469238,-8.4989013671875,"Unknown"
"6227756",371834,2025-10-02 17:56:51,43.3295288085938,-8.49900245666504,"Unknown"
"6227756",371834,2025-10-02 18:06:52,43.3296356201172,-8.49906635284424,"Unknown"
"6227756",371834,2025-10-02 18:16:50,43.3294715881348,-8.49899101257324,"Unknown"
"6227756",371834,2025-10-02 18:27:08,43.3295860290527,-8.49894332885742,"Unknown"
"6227756",371834,2025-10-02 18:36:57,43.3294906616211,-8.49895286560059,"Unknown"
"6227756",371834,2025-10-02 18:46:49,43.3295593261719,-8.49906730651855,"Unknown"
"6227756",371834,2025-10-02 18:56:47,43.3296012878418,-8.49904727935791,"Unknown"
"6227756",371834,2025-10-02 19:06:47,43.3297958374023,-8.49918556213379,"Unknown"
"6227756",371834,2025-10-02 19:16:49,43.3295288085938,-8.49900150299072,"Unknown"
"6227756",371834,2025-10-02 19:26:51,43.3295822143555,-8.49905681610107,"Unknown"
"6227756",371834,2025-10-02 19:37:00,43.3295478820801,-8.49898719787598,"Unknown"
"6227756",371834,2025-10-02 19:47:23,43.3295059204102,-8.49897384643555,"Unknown"
"6227756",371834,2025-10-02 19:56:48,43.3294906616211,-8.49892616271973,"Unknown"
"6227756",371834,2025-10-02 20:06:50,43.3294219970703,-8.49894237518311,"Unknown"
"6227756",371834,2025-10-02 20:16:50,43.3294486999512,-8.49895000457764,"Unknown"
"6227756",371834,2025-10-02 20:26:50,43.329402923584,-8.49880313873291,"Unknown"
"6227756",371834,2025-10-02 20:37:06,43.3295059204102,-8.49893760681152,"Unknown"
"6227756",371834,2025-10-02 20:47:02,43.3297996520996,-8.49919605255127,"Unknown"
"6227756",371834,2025-10-02 20:57:00,43.3293762207031,-8.49872875213623,"Unknown"
"6227756",371834,2025-10-02 21:06:57,43.3295249938965,-8.49897384643555,"Unknown"
"6227756",371834,2025-10-02 21:17:05,43.329460144043,-8.49897480010986,"Unknown"
"6227756",371834,2025-10-02 21:27:08,43.3294677734375,-8.49891376495361,"Unknown"
"6227756",371834,2025-10-02 21:37:11,43.329517364502,-8.49901485443115,"Unknown"
"6227756",371834,2025-10-02 21:47:00,43.3295631408691,-8.49903964996338,"Unknown"
"6227756",371834,2025-10-02 21:57:01,43.3295593261719,-8.49907970428467,"Unknown"
"6227756",371834,2025-10-02 22:06:47,43.3295783996582,-8.49902534484863,"Unknown"
"6227756",371834,2025-10-02 22:16:50,43.3297004699707,-8.49914932250977,"Unknown"
"6227756",371834,2025-10-02 22:27:01,43.3298835754395,-8.49945831298828,"Unknown"
"6227756",371834,2025-10-02 22:37:00,43.3293762207031,-8.49873447418213,"Unknown"
"6227756",371834,2025-10-02 22:47:14,43.3294830322266,-8.49881839752197,"Unknown"
"6227756",371834,2025-10-02 22:56:55,43.3295059204102,-8.49891376495361,"Unknown"
"6227756",371834,2025-10-02 23:07:35,43.3295021057129,-8.49901390075684,"Unknown"
"6227756",371834,2025-10-02 23:16:47,43.3295402526855,-8.49889755249023,"Unknown"
"6227756",371834,2025-10-02 23:26:47,43.3295059204102,-8.49892807006836,"Unknown"
"6227756",371834,2025-10-02 23:36:47,43.3294982910156,-8.49896430969238,"Unknown"
"6227756",371834,2025-10-02 23:46:47,43.3295783996582,-8.49890518188477,"Unknown"
"6227756",371834,2025-10-02 23:56:47,43.3295211791992,-8.49889087677002,"Unknown"
"6227756",371834,2025-10-03 00:06:48,43.3297424316406,-8.4989013671875,"Unknown"
"6227756",371834,2025-10-03 00:16:48,43.3296356201172,-8.49895095825195,"Unknown"
"6227756",371834,2025-10-03 00:26:48,43.3296508789062,-8.49897861480713,"Unknown"
"6227756",371834,2025-10-03 00:36:48,43.3296432495117,-8.49898529052734,"Unknown"
"6227756",371834,2025-10-03 00:46:48,43.3296699523926,-8.49897480010986,"Unknown"
"6227756",371834,2025-10-03 00:56:48,43.3296279907227,-8.49899864196777,"Unknown"
"6227756",371834,2025-10-03 01:06:48,43.3295936584473,-8.49906826019287,"Unknown"
"6227756",371834,2025-10-03 01:16:48,43.3295974731445,-8.49908065795898,"Unknown"
"6227756",371834,2025-10-03 01:26:50,43.3295631408691,-8.49914169311523,"Unknown"
"6227756",371834,2025-10-03 01:36:50,43.3295783996582,-8.49906158447266,"Unknown"
"6227756",371834,2025-10-03 01:46:49,43.3295021057129,-8.49907493591309,"Unknown"
"6227756",371834,2025-10-03 01:56:50,43.3295860290527,-8.49904727935791,"Unknown"
"6227756",371834,2025-10-03 02:06:50,43.3295783996582,-8.49905204772949,"Unknown"
"6227756",371834,2025-10-03 02:16:51,43.3293800354004,-8.49878883361816,"Unknown"
"6227756",371834,2025-10-03 02:26:55,43.3294868469238,-8.49896907806396,"Unknown"
"6227756",371834,2025-10-03 02:37:07,43.3296737670898,-8.49898719787598,"Unknown"
"6227756",371834,2025-10-03 02:47:13,43.3295669555664,-8.49908351898193,"Unknown"
"6227756",371834,2025-10-03 02:56:50,43.3296699523926,-8.49908256530762,"Unknown"
"6227756",371834,2025-10-03 03:06:49,43.3295936584473,-8.49914073944092,"Unknown"
"6227756",371834,2025-10-03 03:17:00,43.3297309875488,-8.49923324584961,"Unknown"
"6227756",371834,2025-10-03 03:26:51,43.3296432495117,-8.49920558929443,"Unknown"
"6227756",371834,2025-10-03 03:37:18,43.3296241760254,-8.49967193603516,"Unknown"
"6227756",371834,2025-10-03 03:46:50,43.3297538757324,-8.50047016143799,"Unknown"
"6227756",371834,2025-10-03 03:57:03,43.3299713134766,-8.49977684020996,"Unknown"
"6227756",371834,2025-10-03 04:06:50,43.3296928405762,-8.49889469146729,"Unknown"
"6227756",371834,2025-10-03 04:17:08,43.3282890319824,-8.49442291259766,"Unknown"
"6227756",371834,2025-10-03 04:27:14,43.3293762207031,-8.49922275543213,"Unknown"
"6227756",371834,2025-10-03 04:36:59,43.3295288085938,-8.49890899658203,"Unknown"
"6227756",371834,2025-10-03 04:47:23,43.3295097351074,-8.49898624420166,"Unknown"
"6227756",371834,2025-10-03 04:56:47,43.329517364502,-8.49893188476562,"Unknown"
"6227756",371834,2025-10-03 05:06:49,43.3295097351074,-8.49900150299072,"Unknown"
"6227756",371834,2025-10-03 05:16:49,43.3296165466309,-8.49902629852295,"Unknown"
"6227756",371834,2025-10-03 05:27:00,43.3294906616211,-8.49898815155029,"Unknown"
"6227756",371834,2025-10-03 05:36:49,43.3295745849609,-8.49897575378418,"Unknown"
"6227756",371834,2025-10-03 05:46:49,43.3295440673828,-8.49900913238525,"Unknown"
"6227756",371834,2025-10-03 05:56:48,43.3294944763184,-8.49901866912842,"Unknown"
"6227756",371834,2025-10-03 06:06:51,43.3295364379883,-8.49903964996338,"Unknown"
"6227756",371834,2025-10-03 06:16:50,43.3296737670898,-8.49884414672852,"Unknown"
"6227756",371834,2025-10-03 06:26:49,43.3297843933105,-8.49871826171875,"Unknown"
"6227756",371834,2025-10-03 06:36:50,43.3297729492188,-8.49871635437012,"Unknown"
"6227756",371834,2025-10-03 06:46:50,43.3297843933105,-8.49871826171875,"Unknown"
"6227756",371834,2025-10-03 06:56:51,43.329891204834,-8.4983491897583,"Unknown"
"6227756",371834,2025-10-03 07:06:50,43.3297157287598,-8.49886131286621,"Unknown"
"6227756",371834,2025-10-03 07:16:49,43.3297004699707,-8.49886035919189,"Unknown"
"6227756",371834,2025-10-03 07:26:49,43.3297309875488,-8.49885082244873,"Unknown"
"6227756",371834,2025-10-03 07:36:49,43.3296356201172,-8.49893283843994,"Unknown"
"6227756",371834,2025-10-03 07:46:49,43.3296356201172,-8.49897956848145,"Unknown"
"6227756",371834,2025-10-03 07:56:49,43.3296737670898,-8.49896144866943,"Unknown"
"6227756",371834,2025-10-03 08:06:48,43.3295860290527,-8.49895763397217,"Unknown"
"6227756",371834,2025-10-03 08:16:51,43.3297958374023,-8.49924087524414,"Unknown"
"6227756",371834,2025-10-03 08:26:51,43.3296508789062,-8.49908351898193,"Unknown"
"6227756",371834,2025-10-03 08:36:50,43.3298187255859,-8.49930381774902,"Unknown"
"6227756",371834,2025-10-03 08:46:49,43.3294105529785,-8.49883937835693,"Unknown"
"6227756",371834,2025-10-03 08:56:49,43.3294906616211,-8.4988899230957,"Unknown"
"6227756",371834,2025-10-03 09:06:49,43.329532623291,-8.4987964630127,"Unknown"
"6227756",371834,2025-10-03 09:16:49,43.3295249938965,-8.49886417388916,"Unknown"
"6227756",371834,2025-10-03 09:26:49,43.3294410705566,-8.49898147583008,"Unknown"
"6227756",371834,2025-10-03 09:36:50,43.3296203613281,-8.4988489151001,"Unknown"
"6227756",371834,2025-10-03 09:46:50,43.3296775817871,-8.49890518188477,"Unknown"
"6227756",371834,2025-10-03 09:56:50,43.3297348022461,-8.49889945983887,"Unknown"
"6227756",371834,2025-10-03 10:06:48,43.3296737670898,-8.49901294708252,"Unknown"
"6227756",371834,2025-10-03 10:16:48,43.3297119140625,-8.49902248382568,"Unknown"
"6227756",371834,2025-10-03 10:26:48,43.3296852111816,-8.49903011322021,"Unknown"
"6227756",371834,2025-10-03 10:36:48,43.3296699523926,-8.49913597106934,"Unknown"
"6227756",371834,2025-10-03 10:46:48,43.3296928405762,-8.49918079376221,"Unknown"
"6227756",371834,2025-10-03 10:56:48,43.329662322998,-8.49918270111084,"Unknown"
"6227756",371834,2025-10-03 11:06:49,43.3295822143555,-8.49915885925293,"Unknown"
"6227756",371834,2025-10-03 11:16:49,43.3296012878418,-8.49923610687256,"Unknown"
"6227756",371834,2025-10-03 11:26:49,43.3295364379883,-8.49926948547363,"Unknown"
"6227756",371834,2025-10-03 11:36:49,43.3295211791992,-8.49922847747803,"Unknown"
"6227756",371834,2025-10-03 11:46:49,43.329460144043,-8.49922561645508,"Unknown"
"6227756",371834,2025-10-03 11:56:49,43.3295364379883,-8.49920177459717,"Unknown"
"6227756",371834,2025-10-03 12:06:49,43.329532623291,-8.49923133850098,"Unknown"
"6227756",371834,2025-10-03 12:16:49,43.3296165466309,-8.49920082092285,"Unknown"
"6227756",371834,2025-10-03 12:26:48,43.3297576904297,-8.49913024902344,"Unknown"
"6227756",371834,2025-10-03 12:36:49,43.329761505127,-8.49913215637207,"Unknown"
"6227756",371834,2025-10-03 12:46:49,43.3297309875488,-8.49916076660156,"Unknown"
"6227756",371834,2025-10-03 12:56:49,43.3296890258789,-8.49903106689453,"Unknown"
"6227756",371834,2025-10-03 13:06:49,43.3297386169434,-8.49908447265625,"Unknown"
"6227756",371834,2025-10-03 13:16:49,43.3296585083008,-8.49908256530762,"Unknown"
"6227756",371834,2025-10-03 13:26:49,43.3294372558594,-8.49916458129883,"Unknown"
"6227756",371834,2025-10-03 13:36:49,43.3293495178223,-8.49913215637207,"Unknown"
"6227756",371834,2025-10-03 13:46:49,43.329158782959,-8.49906539916992,"Unknown"
"6227756",371834,2025-10-03 13:56:49,43.3292274475098,-8.49904632568359,"Unknown"
"6227756",371834,2025-10-03 14:06:49,43.3290977478027,-8.49875164031982,"Unknown"
"6227756",371834,2025-10-03 14:16:49,43.3291397094727,-8.49869251251221,"Unknown"
"6227756",371834,2025-10-03 14:26:49,43.3290023803711,-8.49848556518555,"Unknown"
"6227756",371834,2025-10-03 14:36:49,43.3288078308105,-8.49799728393555,"Unknown"
"6227756",371834,2025-10-03 14:46:49,43.3288154602051,-8.49784851074219,"Unknown"
"6227756",371834,2025-10-03 14:56:50,43.3300514221191,-8.49739646911621,"Unknown"
"6227756",371834,2025-10-03 15:06:49,43.3297882080078,-8.49792957305908,"Unknown"
"6227756",371834,2025-10-03 15:16:49,43.3296699523926,-8.49817371368408,"Unknown"
"6227756",371834,2025-10-03 15:26:50,43.3295364379883,-8.49831199645996,"Unknown"
"6227756",371834,2025-10-03 15:36:49,43.3295021057129,-8.49842643737793,"Unknown"
"6227756",371834,2025-10-03 15:46:49,43.3294639587402,-8.49856281280518,"Unknown"
"6227756",371834,2025-10-03 15:56:49,43.3294486999512,-8.49868583679199,"Unknown"
"6227756",371834,2025-10-03 16:06:49,43.3294563293457,-8.49855804443359,"Unknown"
"6227756",371834,2025-10-03 16:16:50,43.3294105529785,-8.49875164031982,"Unknown"
"6227756",371834,2025-10-03 16:27:00,43.3295288085938,-8.49870586395264,"Unknown"
"6227756",371834,2025-10-03 16:37:00,43.3294448852539,-8.4988374710083,"Unknown"
"6227756",371834,2025-10-03 16:47:12,43.3294792175293,-8.49879550933838,"Unknown"
"6227756",371834,2025-10-03 16:57:00,43.3294334411621,-8.49884033203125,"Unknown"
"6227756",371834,2025-10-03 17:07:04,43.3294563293457,-8.49885559082031,"Unknown"
"6227756",371834,2025-10-03 17:17:13,43.3294868469238,-8.49888038635254,"Unknown"
"6227756",371834,2025-10-03 17:27:23,43.3295364379883,-8.49898910522461,"Unknown"
"6227756",371834,2025-10-03 17:36:48,43.3295631408691,-8.49897003173828,"Unknown"
"6227756",371834,2025-10-03 17:46:49,43.3295631408691,-8.4989709854126,"Unknown"
"6227756",371834,2025-10-03 17:56:50,43.3295135498047,-8.49898147583008,"Unknown"
"6227756",371834,2025-10-03 18:06:50,43.3296279907227,-8.4989070892334,"Unknown"
"6227756",371834,2025-10-03 18:16:48,43.3295593261719,-8.49897575378418,"Unknown"
"6227756",371834,2025-10-03 18:26:48,43.3296241760254,-8.49896812438965,"Unknown"
"6227756",371834,2025-10-03 18:36:48,43.3296012878418,-8.49901008605957,"Unknown"
"6227756",371834,2025-10-03 18:46:48,43.3296012878418,-8.49897766113281,"Unknown"
"6227756",371834,2025-10-03 18:56:48,43.3295555114746,-8.49904537200928,"Unknown"
"6227756",371834,2025-10-03 19:06:48,43.3295822143555,-8.49901008605957,"Unknown"
"6227756",371834,2025-10-03 19:16:48,43.329532623291,-8.49901390075684,"Unknown"
"6227756",371834,2025-10-03 19:26:48,43.329532623291,-8.49901962280273,"Unknown"
"6227756",371834,2025-10-03 19:36:48,43.3294906616211,-8.49889850616455,"Unknown"
"6227756",371834,2025-10-03 19:46:48,43.3294830322266,-8.49891471862793,"Unknown"
"6227756",371834,2025-10-03 19:56:50,43.3294525146484,-8.49885749816895,"Unknown"
"6227756",371834,2025-10-03 20:06:49,43.3294486999512,-8.49887275695801,"Unknown"
"6227756",371834,2025-10-03 20:16:49,43.3295936584473,-8.49897384643555,"Unknown"
"6227756",371834,2025-10-03 20:26:49,43.3297386169434,-8.49897003173828,"Unknown"
"6227756",371834,2025-10-03 20:37:01,43.3296775817871,-8.49906826019287,"Unknown"
"6227756",371834,2025-10-03 20:46:53,43.3300933837891,-8.49953842163086,"Unknown"
"6227756",371834,2025-10-03 20:56:54,43.3297462463379,-8.49908351898193,"Unknown"
"6227756",371834,2025-10-03 21:06:49,43.3297691345215,-8.49912738800049,"Unknown"
"6227756",371834,2025-10-03 21:16:50,43.3297157287598,-8.49917316436768,"Unknown"
"6227756",371834,2025-10-03 21:26:48,43.3296890258789,-8.49922180175781,"Unknown"
"6227756",371834,2025-10-03 21:36:49,43.3297157287598,-8.49914169311523,"Unknown"
"6227756",371834,2025-10-03 21:46:49,43.329662322998,-8.49918270111084,"Unknown"
"6227756",371834,2025-10-03 21:56:49,43.3296737670898,-8.49912548065186,"Unknown"
"6227756",371834,2025-10-03 22:06:49,43.3296356201172,-8.49918556213379,"Unknown"
"6227756",371834,2025-10-03 22:16:49,43.329647064209,-8.4991283416748,"Unknown"
"6227756",371834,2025-10-03 22:26:49,43.3296394348145,-8.4991512298584,"Unknown"
"6227756",371834,2025-10-03 22:36:49,43.3297157287598,-8.49915885925293,"Unknown"
"6227756",371834,2025-10-03 22:46:50,43.3303871154785,-8.49880504608154,"Unknown"
"6227756",371834,2025-10-03 22:56:52,43.3302993774414,-8.4984655380249,"Unknown"
"6227756",371834,2025-10-03 23:06:54,43.3302345275879,-8.49858570098877,"Unknown"
"6227756",371834,2025-10-03 23:17:14,43.3297729492188,-8.49898433685303,"Unknown"
"6227756",371834,2025-10-03 23:26:48,43.3297576904297,-8.49883460998535,"Unknown"
"6227756",371834,2025-10-03 23:36:51,43.3298454284668,-8.49873733520508,"Unknown"
"6227756",371834,2025-10-03 23:46:49,43.3299560546875,-8.49871730804443,"Unknown"
"6227756",371834,2025-10-03 23:56:49,43.3299865722656,-8.49866008758545,"Unknown"
"6227756",371834,2025-10-04 00:06:49,43.3299598693848,-8.49863815307617,"Unknown"
"6227756",371834,2025-10-04 00:16:49,43.3300399780273,-8.4986572265625,"Unknown"
"6227756",371834,2025-10-04 00:26:49,43.3299713134766,-8.49862289428711,"Unknown"
"6227756",371834,2025-10-04 00:36:49,43.3299713134766,-8.49863719940186,"Unknown"
"6227756",371834,2025-10-04 00:46:49,43.3300590515137,-8.49858951568604,"Unknown"
"6227756",371834,2025-10-04 00:56:49,43.3295135498047,-8.49910926818848,"Unknown"
"6227756",371834,2025-10-04 01:06:49,43.3292846679688,-8.49921989440918,"Unknown"
"6227756",371834,2025-10-04 01:16:49,43.3296508789062,-8.49912452697754,"Unknown"
"6227756",371834,2025-10-04 01:26:49,43.3296585083008,-8.49913120269775,"Unknown"
"6227756",371834,2025-10-04 01:36:52,43.3296852111816,-8.49912166595459,"Unknown"
"6227756",371834,2025-10-04 01:46:51,43.3296394348145,-8.49912929534912,"Unknown"
"6227756",371834,2025-10-04 01:56:50,43.3298645019531,-8.49926376342773,"Unknown"
"6227756",371834,2025-10-04 02:06:57,43.3298645019531,-8.4990816116333,"Unknown"
"6227756",371834,2025-10-04 02:16:51,43.3301200866699,-8.49963665008545,"Unknown"
"6227756",371834,2025-10-04 02:26:52,43.3298568725586,-8.49926471710205,"Unknown"
"6227756",371834,2025-10-04 02:36:53,43.3297462463379,-8.49916934967041,"Unknown"
"6227756",371834,2025-10-04 02:46:52,43.3295440673828,-8.49915504455566,"Unknown"
"6227756",371834,2025-10-04 02:56:50,43.3289070129395,-8.49982166290283,"Unknown"
"6227756",371834,2025-10-04 03:06:49,43.3289222717285,-8.49919414520264,"Unknown"
"6227756",371834,2025-10-04 03:16:50,43.3290672302246,-8.50336360931396,"Unknown"
"6227756",371834,2025-10-04 03:26:50,43.3290519714355,-8.49862575531006,"Unknown"
"6227756",371834,2025-10-04 03:36:49,43.3293571472168,-8.49863529205322,"Unknown"
"6227756",371834,2025-10-04 03:46:49,43.3295211791992,-8.4986686706543,"Unknown"
"6227756",371834,2025-10-04 03:56:50,43.328971862793,-8.49835300445557,"Unknown"
"6227756",371834,2025-10-04 04:06:50,43.3288383483887,-8.49817085266113,"Unknown"
"6227756",371834,2025-10-04 04:16:49,43.3289794921875,-8.49834060668945,"Unknown"
"6227756",371834,2025-10-04 04:26:50,43.3287239074707,-8.49849128723145,"Unknown"
"6227756",371834,2025-10-04 04:36:49,43.3287391662598,-8.49870109558105,"Unknown"
"6227756",371834,2025-10-04 04:46:49,43.3288459777832,-8.49881267547607,"Unknown"
"6227756",371834,2025-10-04 04:56:50,43.328685760498,-8.49878883361816,"Unknown"
"6227756",371834,2025-10-04 05:06:58,43.3293418884277,-8.49917507171631,"Unknown"
"6227756",371834,2025-10-04 05:16:54,43.3290405273438,-8.49921894073486,"Unknown"
"6227756",371834,2025-10-04 05:26:52,43.3290710449219,-8.49929237365723,"Unknown"
"6227756",371834,2025-10-04 05:36:52,43.3290863037109,-8.49921607971191,"Unknown"
"6227756",371834,2025-10-04 05:46:53,43.3288421630859,-8.49925899505615,"Unknown"
"6227756",371834,2025-10-04 05:56:54,43.328498840332,-8.49936008453369,"Unknown"
"6227756",371834,2025-10-04 06:07:14,43.329662322998,-8.49910926818848,"Unknown"
"6227756",371834,2025-10-04 06:16:52,43.3295707702637,-8.49906253814697,"Unknown"
"6227756",371834,2025-10-04 06:26:51,43.3296241760254,-8.49905490875244,"Unknown"
"6227756",371834,2025-10-04 06:37:14,43.329662322998,-8.49917221069336,"Unknown"
"6227756",371834,2025-10-04 06:47:03,43.3296775817871,-8.499267578125,"Unknown"
"6227756",371834,2025-10-04 06:57:05,43.3296394348145,-8.49917030334473,"Unknown"
"6227756",371834,2025-10-04 07:07:14,43.3297004699707,-8.49922561645508,"Unknown"
"6227756",371834,2025-10-04 07:17:09,43.3295707702637,-8.49910163879395,"Unknown"
"6227756",371834,2025-10-04 07:27:22,43.329475402832,-8.49901294708252,"Unknown"
"6227756",371834,2025-10-04 07:36:47,43.329475402832,-8.498948097229,"Unknown"
"6227756",371834,2025-10-04 07:46:47,43.3294563293457,-8.49904823303223,"Unknown"
"6227756",371834,2025-10-04 07:56:47,43.3294715881348,-8.49902629852295,"Unknown"
"6227756",371834,2025-10-04 08:06:47,43.3294715881348,-8.49898815155029,"Unknown"
"6227756",371834,2025-10-04 08:16:49,43.3295631408691,-8.49919128417969,"Unknown"
"6227756",371834,2025-10-04 08:26:51,43.3294868469238,-8.4992208480835,"Unknown"
"6227756",371834,2025-10-04 08:36:51,43.329475402832,-8.49913120269775,"Unknown"
"6227756",371834,2025-10-04 08:47:10,43.329288482666,-8.49877548217773,"Unknown"
"6227756",371834,2025-10-04 08:57:07,43.3293304443359,-8.49878978729248,"Unknown"
"6227756",371834,2025-10-04 09:07:14,43.329517364502,-8.49904727935791,"Unknown"
"6227756",371834,2025-10-04 09:16:59,43.3295364379883,-8.49916744232178,"Unknown"
"6227756",371834,2025-10-04 09:27:01,43.3294639587402,-8.49907112121582,"Unknown"
"6227756",371834,2025-10-04 09:37:00,43.329532623291,-8.49903583526611,"Unknown"
"6227756",371834,2025-10-04 09:47:14,43.3295516967773,-8.49914646148682,"Unknown"
"6227756",371834,2025-10-04 09:56:57,43.3296165466309,-8.49921321868896,"Unknown"
"6227756",371834,2025-10-04 10:06:54,43.3295974731445,-8.49919891357422,"Unknown"
"6227756",371834,2025-10-04 10:16:54,43.3295211791992,-8.49899005889893,"Unknown"
"6227756",371834,2025-10-04 10:26:58,43.3295478820801,-8.49917030334473,"Unknown"
"6227756",371834,2025-10-04 10:37:14,43.3295211791992,-8.4991340637207,"Unknown"
"6227756",371834,2025-10-04 10:47:01,43.3295783996582,-8.49909400939941,"Unknown"
"6227756",371834,2025-10-04 10:56:54,43.3295745849609,-8.49907875061035,"Unknown"
"6227756",371834,2025-10-04 11:07:21,43.3295745849609,-8.49897766113281,"Unknown"
"6227756",371834,2025-10-04 11:17:23,43.3295059204102,-8.49902629852295,"Unknown"
"6227756",371834,2025-10-04 11:26:48,43.3295669555664,-8.49901485443115,"Unknown"
"6227756",371834,2025-10-04 11:36:48,43.3296318054199,-8.49915027618408,"Unknown"
"6227756",371834,2025-10-04 11:46:49,43.3294067382812,-8.49885940551758,"Unknown"
"6227756",371834,2025-10-04 11:56:51,43.3296432495117,-8.49922943115234,"Unknown"
"6227756",371834,2025-10-04 12:06:53,43.3293914794922,-8.49937534332275,"Unknown"
"6227756",371834,2025-10-04 12:16:58,43.3293876647949,-8.49919128417969,"Unknown"
"6227756",371834,2025-10-04 12:26:50,43.3294715881348,-8.4995059967041,"Unknown"
"6227756",371834,2025-10-04 12:36:49,43.3295707702637,-8.49923515319824,"Unknown"
"6227756",371834,2025-10-04 12:46:49,43.3294906616211,-8.49914646148682,"Unknown"
"6227756",371834,2025-10-04 12:56:50,43.3295478820801,-8.49967861175537,"Unknown"
"6227756",371834,2025-10-04 13:06:52,43.3295783996582,-8.49981689453125,"Unknown"
"6227756",371834,2025-10-04 13:16:50,43.3295860290527,-8.50018310546875,"Unknown"
"6227756",371834,2025-10-04 13:26:52,43.3295021057129,-8.49920272827148,"Unknown"
"6227756",371834,2025-10-04 13:36:53,43.3295402526855,-8.49918937683105,"Unknown"
"6227756",371834,2025-10-04 13:47:00,43.3295860290527,-8.4992561340332,"Unknown"
"6227756",371834,2025-10-04 13:56:50,43.3293533325195,-8.49882507324219,"Unknown"
"6227756",371834,2025-10-04 14:06:54,43.3290367126465,-8.49837207794189,"Unknown"
"6227756",371834,2025-10-04 14:16:52,43.3293762207031,-8.49855709075928,"Unknown"
"6227756",371834,2025-10-04 14:26:52,43.3292808532715,-8.49817848205566,"Unknown"
"6227756",371834,2025-10-04 14:37:00,43.329833984375,-8.49899291992188,"Unknown"
"6227756",371834,2025-10-04 14:46:57,43.3297882080078,-8.49889373779297,"Unknown"
"6227756",371834,2025-10-04 14:56:53,43.330135345459,-8.49848079681396,"Unknown"
"6227756",371834,2025-10-04 15:07:00,43.3293266296387,-8.49821662902832,"Unknown"
"6227756",371834,2025-10-04 15:16:54,43.3302459716797,-8.49529361724854,"Unknown"
"6227756",371834,2025-10-04 15:26:53,43.3302307128906,-8.49542045593262,"Unknown"
"6227756",371834,2025-10-04 15:36:54,43.3300552368164,-8.49614715576172,"Unknown"
"6227756",371834,2025-10-04 15:47:00,43.3292999267578,-8.49859714508057,"Unknown"
"6227756",371834,2025-10-04 15:56:51,43.3298225402832,-8.49703311920166,"Unknown"
"6227756",371834,2025-10-04 16:06:51,43.3293685913086,-8.49856090545654,"Unknown"
"6227756",371834,2025-10-04 16:16:49,43.3294143676758,-8.49862575531006,"Unknown"
"6227756",371834,2025-10-04 16:26:50,43.329418182373,-8.4987211227417,"Unknown"
"6227756",371834,2025-10-04 16:36:51,43.3295288085938,-8.49879264831543,"Unknown"
"6227756",371834,2025-10-04 16:46:54,43.3298759460449,-8.4987850189209,"Unknown"
"6227756",371834,2025-10-04 16:56:53,43.3300323486328,-8.49892520904541,"Unknown"
"6227756",371834,2025-10-04 17:06:51,43.3296813964844,-8.49891567230225,"Unknown"
"6227756",371834,2025-10-04 17:16:58,43.3297348022461,-8.49901294708252,"Unknown"
"6227756",371834,2025-10-04 17:26:51,43.3295783996582,-8.49904441833496,"Unknown"
"6227756",371834,2025-10-04 17:36:53,43.329704284668,-8.4990348815918,"Unknown"
"6227756",371834,2025-10-04 17:47:02,43.3295783996582,-8.49904727935791,"Unknown"
"6227756",371834,2025-10-04 17:56:53,43.3296127319336,-8.49903392791748,"Unknown"
"6227756",371834,2025-10-04 18:07:00,43.3297309875488,-8.49905014038086,"Unknown"
"6227756",371834,2025-10-04 18:17:12,43.3296356201172,-8.49904155731201,"Unknown"
"6227756",371834,2025-10-04 18:26:54,43.329719543457,-8.49917984008789,"Unknown"
"6227756",371834,2025-10-04 18:36:54,43.3297309875488,-8.4990930557251,"Unknown"
"6227756",371834,2025-10-04 18:46:55,43.3297424316406,-8.49918937683105,"Unknown"
"6227756",371834,2025-10-04 18:57:00,43.3297386169434,-8.49887657165527,"Unknown"
"6227756",371834,2025-10-04 19:07:06,43.3297691345215,-8.49868106842041,"Unknown"
"6227756",371834,2025-10-04 19:16:57,43.3297576904297,-8.49891757965088,"Unknown"
"6227756",371834,2025-10-04 19:27:12,43.3296356201172,-8.49905967712402,"Unknown"
"6227756",371834,2025-10-04 19:36:58,43.3296203613281,-8.49908638000488,"Unknown"
"6227756",371834,2025-10-04 19:47:14,43.3294792175293,-8.49908256530762,"Unknown"
"6227756",371834,2025-10-04 19:56:51,43.3292121887207,-8.49907970428467,"Unknown"
"6227756",371834,2025-10-04 20:06:54,43.3293914794922,-8.49904632568359,"Unknown"
"6227756",371834,2025-10-04 20:17:03,43.3293342590332,-8.49883365631104,"Unknown"
"6227756",371834,2025-10-04 20:26:55,43.3294677734375,-8.49884986877441,"Unknown"
"6227756",371834,2025-10-04 20:37:14,43.3294906616211,-8.49899291992188,"Unknown"
"6227756",371834,2025-10-04 20:46:54,43.3296852111816,-8.498854637146,"Unknown"
"6227756",371834,2025-10-04 20:56:59,43.3294372558594,-8.49894046783447,"Unknown"
"6227756",371834,2025-10-04 21:07:01,43.3294677734375,-8.49886989593506,"Unknown"
"6227756",371834,2025-10-04 21:16:57,43.3295097351074,-8.49882221221924,"Unknown"
"6227756",371834,2025-10-04 21:27:01,43.3296661376953,-8.49888706207275,"Unknown"
"6227756",371834,2025-10-04 21:37:14,43.3294525146484,-8.4988489151001,"Unknown"
"6227756",371834,2025-10-04 21:47:01,43.3295364379883,-8.49897575378418,"Unknown"
"6227756",371834,2025-10-04 21:57:02,43.3296508789062,-8.49886512756348,"Unknown"
"6227756",371834,2025-10-04 22:06:58,43.3295974731445,-8.49895095825195,"Unknown"
"6227756",371834,2025-10-04 22:17:07,43.3297729492188,-8.49896621704102,"Unknown"
"6227756",371834,2025-10-04 22:27:13,43.3295669555664,-8.49888134002686,"Unknown"
"6227756",371834,2025-10-04 22:37:23,43.329517364502,-8.49892997741699,"Unknown"
"6227756",371834,2025-10-04 22:46:47,43.3295249938965,-8.49885940551758,"Unknown"
"6227756",371834,2025-10-04 22:56:50,43.3293800354004,-8.49862098693848,"Unknown"
"6227756",371834,2025-10-04 23:06:51,43.3294982910156,-8.49868202209473,"Unknown"
"6227756",371834,2025-10-04 23:16:53,43.329460144043,-8.49873733520508,"Unknown"
"6227756",371834,2025-10-04 23:26:57,43.3295745849609,-8.49895668029785,"Unknown"
"6227756",371834,2025-10-04 23:36:53,43.3295707702637,-8.49904823303223,"Unknown"
"6227756",371834,2025-10-04 23:46:54,43.3297080993652,-8.4993724822998,"Unknown"
"6227756",371834,2025-10-04 23:56:49,43.3296356201172,-8.49923801422119,"Unknown"
"6227756",371834,2025-10-05 00:06:48,43.3296432495117,-8.49922561645508,"Unknown"
"6227756",371834,2025-10-05 00:16:48,43.3296546936035,-8.49910068511963,"Unknown"
"6227756",371834,2025-10-05 00:26:48,43.3296279907227,-8.49926090240479,"Unknown"
"6227756",371834,2025-10-05 00:36:49,43.3296165466309,-8.49917888641357,"Unknown"
"6227756",371834,2025-10-05 00:46:50,43.3296546936035,-8.49901962280273,"Unknown"
"6227756",371834,2025-10-05 00:56:50,43.3295707702637,-8.49929809570312,"Unknown"
"6227756",371834,2025-10-05 01:06:54,43.3295974731445,-8.49928760528564,"Unknown"
"6227756",371834,2025-10-05 01:16:53,43.3296432495117,-8.49916458129883,"Unknown"
"6227756",371834,2025-10-05 01:26:57,43.3294906616211,-8.49955081939697,"Unknown"
"6227756",371834,2025-10-05 01:37:12,43.3292427062988,-8.49896717071533,"Unknown"
"6227756",371834,2025-10-05 01:47:01,43.3295097351074,-8.49904155731201,"Unknown"
"6227756",371834,2025-10-05 01:56:51,43.3293190002441,-8.49880218505859,"Unknown"
"6227756",371834,2025-10-05 02:07:00,43.3297653198242,-8.4992790222168,"Unknown"
"6227756",371834,2025-10-05 02:16:51,43.330493927002,-8.49999523162842,"Unknown"
"6227756",371834,2025-10-05 02:26:51,43.3301429748535,-8.49965953826904,"Unknown"
"6227756",371834,2025-10-05 02:37:07,43.3300399780273,-8.4987735748291,"Unknown"
"6227756",371834,2025-10-05 02:47:06,43.3300247192383,-8.49869441986084,"Unknown"
"6227756",371834,2025-10-05 02:57:05,43.330150604248,-8.49865436553955,"Unknown"
"6227756",371834,2025-10-05 03:07:03,43.3301963806152,-8.49846076965332,"Unknown"
"6227756",371834,2025-10-05 03:17:10,43.3299598693848,-8.49883651733398,"Unknown"
"6227756",371834,2025-10-05 03:26:50,43.3300933837891,-8.49946689605713,"Unknown"
"6227756",371834,2025-10-05 03:36:49,43.3301467895508,-8.49918651580811,"Unknown"
"6227756",371834,2025-10-05 03:47:23,43.3297424316406,-8.49864673614502,"Unknown"
"6227756",371834,2025-10-05 03:56:48,43.3295593261719,-8.4988899230957,"Unknown"
"6227756",371834,2025-10-05 04:06:49,43.3295440673828,-8.49896621704102,"Unknown"
"6227756",371834,2025-10-05 04:16:48,43.329761505127,-8.49900054931641,"Unknown"
"6227756",371834,2025-10-05 04:26:49,43.3297462463379,-8.49905014038086,"Unknown"
"6227756",371834,2025-10-05 04:36:47,43.3297309875488,-8.49902153015137,"Unknown"
"6227756",371834,2025-10-05 04:46:50,43.3293190002441,-8.49886608123779,"Unknown"
"6227756",371834,2025-10-05 04:56:52,43.3296318054199,-8.49899673461914,"Unknown"
"6227756",371834,2025-10-05 05:06:50,43.329273223877,-8.49894332885742,"Unknown"
"6227756",371834,2025-10-05 05:16:51,43.329273223877,-8.49892902374268,"Unknown"
"6227756",371834,2025-10-05 05:26:51,43.3296165466309,-8.49894332885742,"Unknown"
"6227756",371834,2025-10-05 05:36:50,43.3295402526855,-8.49896335601807,"Unknown"
"6227756",371834,2025-10-05 05:46:49,43.3295593261719,-8.49887657165527,"Unknown"
"6227756",371834,2025-10-05 05:56:54,43.3295669555664,-8.49890804290771,"Unknown"
"6227756",371834,2025-10-05 06:06:54,43.3295593261719,-8.49892997741699,"Unknown"
"6227756",371834,2025-10-05 06:17:23,43.3295059204102,-8.49893569946289,"Unknown"
"6227756",371834,2025-10-05 06:26:49,43.3294906616211,-8.49907398223877,"Unknown"
"6227756",371834,2025-10-05 06:36:50,43.3294105529785,-8.4990701675415,"Unknown"
"6227756",371834,2025-10-05 06:47:11,43.3294448852539,-8.49902153015137,"Unknown"
"6227756",371834,2025-10-05 06:56:49,43.3293724060059,-8.499098777771,"Unknown"
"6227756",371834,2025-10-05 07:06:49,43.3294219970703,-8.49900341033936,"Unknown"
"6227756",371834,2025-10-05 07:16:51,43.3295478820801,-8.49907398223877,"Unknown"
"6227756",371834,2025-10-05 07:26:51,43.3294792175293,-8.49904632568359,"Unknown"
"6227756",371834,2025-10-05 07:36:55,43.3285598754883,-8.49869823455811,"Unknown"
"6227756",371834,2025-10-05 07:46:51,43.3289566040039,-8.49873733520508,"Unknown"
"6227756",371834,2025-10-05 07:56:50,43.3291091918945,-8.49867343902588,"Unknown"
"6227756",371834,2025-10-05 08:06:55,43.329402923584,-8.49903202056885,"Unknown"
"6227756",371834,2025-10-05 08:17:01,43.3292083740234,-8.49866199493408,"Unknown"
"6227756",371834,2025-10-05 08:26:58,43.3292427062988,-8.4986572265625,"Unknown"
"6227756",371834,2025-10-05 08:36:52,43.3283538818359,-8.4973726272583,"Unknown"
"6227756",371834,2025-10-05 08:46:52,43.3282508850098,-8.49717044830322,"Unknown"
"6227756",371834,2025-10-05 08:56:52,43.328296661377,-8.49713134765625,"Unknown"
"6227756",371834,2025-10-05 09:07:11,43.3293685913086,-8.49894618988037,"Unknown"
"6227756",371834,2025-10-05 09:16:54,43.3295516967773,-8.49907684326172,"Unknown"
"6227756",371834,2025-10-05 09:27:01,43.3294334411621,-8.49897575378418,"Unknown"
"6227756",371834,2025-10-05 09:36:52,43.3296165466309,-8.49917697906494,"Unknown"
"6227756",371834,2025-10-05 09:46:55,43.3295364379883,-8.49930000305176,"Unknown"
"6227756",371834,2025-10-05 09:57:05,43.3295440673828,-8.49940872192383,"Unknown"
"6227756",371834,2025-10-05 10:07:23,43.3295822143555,-8.49905300140381,"Unknown"
"6227756",371834,2025-10-05 10:16:48,43.3295135498047,-8.49895763397217,"Unknown"
"6227756",371834,2025-10-05 10:26:48,43.3295059204102,-8.49896144866943,"Unknown"
"6227756",371834,2025-10-05 10:36:48,43.3295135498047,-8.49900913238525,"Unknown"
"6227756",371834,2025-10-05 10:46:48,43.329517364502,-8.49906539916992,"Unknown"
"6227756",371834,2025-10-05 10:56:49,43.3295555114746,-8.49903011322021,"Unknown"
"6227756",371834,2025-10-05 11:06:49,43.3294830322266,-8.49902248382568,"Unknown"
"6227756",371834,2025-10-05 11:16:49,43.3294982910156,-8.49892520904541,"Unknown"
"6227756",371834,2025-10-05 11:26:48,43.3295745849609,-8.49911689758301,"Unknown"
"6227756",371834,2025-10-05 11:36:49,43.3294906616211,-8.49902057647705,"Unknown"
"6227756",371834,2025-10-05 11:46:49,43.3295555114746,-8.49909400939941,"Unknown"
"6227756",371834,2025-10-05 11:56:49,43.3295097351074,-8.49908542633057,"Unknown"
"6227756",371834,2025-10-05 12:06:49,43.3295783996582,-8.49913883209229,"Unknown"
"6227756",371834,2025-10-05 12:16:51,43.3295211791992,-8.49916648864746,"Unknown"
"6227756",371834,2025-10-05 12:27:14,43.3295707702637,-8.49922752380371,"Unknown"
"6227756",371834,2025-10-05 12:36:53,43.3295021057129,-8.49928188323975,"Unknown"
"6227756",371834,2025-10-05 12:47:23,43.3294830322266,-8.49909687042236,"Unknown"
"6227756",371834,2025-10-05 12:56:49,43.3294715881348,-8.49904537200928,"Unknown"
"6227756",371834,2025-10-05 13:06:49,43.3294639587402,-8.49906635284424,"Unknown"
"6227756",371834,2025-10-05 13:16:49,43.3294677734375,-8.49909591674805,"Unknown"
"6227756",371834,2025-10-05 13:26:49,43.3294830322266,-8.49903869628906,"Unknown"
"6227756",371834,2025-10-05 13:36:49,43.3294944763184,-8.49899291992188,"Unknown"
"6227756",371834,2025-10-05 13:46:49,43.3295211791992,-8.49899196624756,"Unknown"
"6227756",371834,2025-10-05 13:56:49,43.3293228149414,-8.49887466430664,"Unknown"
"6227756",371834,2025-10-05 14:06:52,43.3296318054199,-8.49901962280273,"Unknown"
"6227756",371834,2025-10-05 14:17:23,43.3295249938965,-8.49896907806396,"Unknown"
"6227756",371834,2025-10-05 14:26:48,43.3294830322266,-8.49901103973389,"Unknown"
"6227756",371834,2025-10-05 14:36:49,43.3295478820801,-8.49901676177979,"Unknown"
"6227756",371834,2025-10-05 14:46:50,43.3295211791992,-8.49931335449219,"Unknown"
"6227756",371834,2025-10-05 14:56:48,43.3295631408691,-8.49903678894043,"Unknown"
"6227756",371834,2025-10-05 15:06:49,43.3295707702637,-8.49912929534912,"Unknown"
"6227756",371834,2025-10-05 15:16:49,43.3295249938965,-8.49907970428467,"Unknown"
"6227756",371834,2025-10-05 15:26:49,43.3294486999512,-8.49906063079834,"Unknown"
"6227756",371834,2025-10-05 15:36:49,43.3295211791992,-8.49905204772949,"Unknown"
"6227756",371834,2025-10-05 15:46:49,43.3294982910156,-8.4990234375,"Unknown"
"6227756",371834,2025-10-05 15:56:49,43.3294982910156,-8.49906158447266,"Unknown"
"6227756",371834,2025-10-05 16:06:49,43.3294067382812,-8.49901485443115,"Unknown"
"6227756",371834,2025-10-05 16:16:52,43.3294982910156,-8.49898529052734,"Unknown"
"6227756",371834,2025-10-05 16:26:52,43.3295478820801,-8.49893093109131,"Unknown"
"6227756",371834,2025-10-05 16:36:53,43.3298034667969,-8.49890518188477,"Unknown"
"6227756",371834,2025-10-05 16:46:51,43.3297119140625,-8.49893474578857,"Unknown"
"6227756",371834,2025-10-05 16:56:53,43.3295669555664,-8.49885272979736,"Unknown"
"6227756",371834,2025-10-05 17:06:54,43.3295288085938,-8.49890327453613,"Unknown"
"6227756",371834,2025-10-05 17:17:00,43.3295631408691,-8.49894714355469,"Unknown"
"6227756",371834,2025-10-05 17:27:14,43.3296051025391,-8.49901866912842,"Unknown"
"6227756",371834,2025-10-05 17:36:50,43.3295783996582,-8.49924564361572,"Unknown"
"6227756",371834,2025-10-05 17:47:14,43.3295402526855,-8.4991569519043,"Unknown"
"6227756",371834,2025-10-05 17:56:52,43.3294296264648,-8.49908065795898,"Unknown"
"6227756",371834,2025-10-05 18:07:00,43.3294296264648,-8.49914741516113,"Unknown"
"6227756",371834,2025-10-05 18:17:02,43.3294067382812,-8.49911308288574,"Unknown"
"6227756",371834,2025-10-05 18:26:53,43.3294830322266,-8.49920654296875,"Unknown"
"6227756",371834,2025-10-05 18:37:06,43.3298721313477,-8.49668216705322,"Unknown"
"6227756",371834,2025-10-05 18:47:02,43.3296279907227,-8.49844646453857,"Unknown"
"6227756",371834,2025-10-05 18:57:14,43.3293571472168,-8.49897384643555,"Unknown"
"6227756",371834,2025-10-05 19:06:50,43.329460144043,-8.49892139434814,"Unknown"
"6227756",371834,2025-10-05 19:16:50,43.3294868469238,-8.49896621704102,"Unknown"
"6227756",371834,2025-10-05 19:26:52,43.3294982910156,-8.49891185760498,"Unknown"
"6227756",371834,2025-10-05 19:47:07,43.3294563293457,-8.49881553649902,"Unknown"
"6227756",371834,2025-10-05 19:57:16,43.3295249938965,-8.49909591674805,"Unknown"
"6227756",371834,2025-10-05 20:07:37,43.3295097351074,-8.4990234375,"Unknown"
"6227756",371834,2025-10-05 20:17:28,43.3274765014648,-8.49835777282715,"Unknown"
"6227756",371834,2025-10-05 20:27:00,43.3294982910156,-8.49896621704102,"Unknown"
"6227756",371834,2025-10-05 20:37:48,43.3292198181152,-8.49895191192627,"Unknown"
"6227756",371834,2025-10-05 20:47:18,43.3294830322266,-8.49898529052734,"Unknown"
"6227756",371834,2025-10-05 20:57:03,43.3295860290527,-8.49905300140381,"Unknown"
"6227756",371834,2025-10-05 21:07:03,43.3295707702637,-8.49910163879395,"Unknown"
"6227756",371834,2025-10-05 21:17:03,43.3295440673828,-8.49919414520264,"Unknown"
"6227756",371834,2025-10-05 21:27:03,43.3295288085938,-8.49911308288574,"Unknown"
"6227756",371834,2025-10-05 21:37:03,43.3295440673828,-8.49909591674805,"Unknown"
"6227756",371834,2025-10-05 21:57:02,43.3294334411621,-8.49902057647705,"Unknown"
"6227756",371834,2025-10-05 22:07:02,43.3294525146484,-8.49895286560059,"Unknown"
"6227756",371834,2025-10-05 22:17:03,43.3295059204102,-8.4989767074585,"Unknown"
"6227756",371834,2025-10-05 22:27:03,43.3294219970703,-8.498948097229,"Unknown"
"6227756",371834,2025-10-05 22:37:11,43.3294486999512,-8.49901580810547,"Unknown"
"6227756",371834,2025-10-05 22:47:05,43.3295364379883,-8.49901294708252,"Unknown"
"6227756",371834,2025-10-05 22:57:07,43.3295822143555,-8.49900531768799,"Unknown"
"6227756",371834,2025-10-05 23:07:13,43.3294830322266,-8.49901103973389,"Unknown"
"6227756",371834,2025-10-05 23:17:03,43.3295021057129,-8.49905586242676,"Unknown"
"6227756",371834,2025-10-05 23:27:05,43.3295822143555,-8.49899482727051,"Unknown"
"6227756",371834,2025-10-05 23:37:04,43.3295288085938,-8.49902248382568,"Unknown"
"6227756",371834,2025-10-05 23:47:00,43.3295860290527,-8.49837684631348,"Unknown"
"6227756",371834,2025-10-05 23:56:45,43.329532623291,-8.49903106689453,"Unknown"
"6227756",371834,2025-10-06 00:06:37,43.3295402526855,-8.49877071380615,"Unknown"
"6227756",371834,2025-10-06 00:16:37,43.3296890258789,-8.49889087677002,"Unknown"
"6227756",371834,2025-10-06 00:26:37,43.3296356201172,-8.49885272979736,"Unknown"
"6227756",371834,2025-10-06 00:36:36,43.3296813964844,-8.49895095825195,"Unknown"
"6227756",371834,2025-10-06 00:46:36,43.3295097351074,-8.49905109405518,"Unknown"
"6227756",371834,2025-10-06 00:56:37,43.3295249938965,-8.49904823303223,"Unknown"
"6227756",371834,2025-10-06 01:06:47,43.3295478820801,-8.49901580810547,"Unknown"
"6227756",371834,2025-10-06 01:17:27,43.3296585083008,-8.49923801422119,"Unknown"
"6227756",371834,2025-10-06 01:27:31,43.3280982971191,-8.49835872650146,"Unknown"
"6227756",371834,2025-10-06 01:36:51,43.3305397033691,-8.49946117401123,"Unknown"
"6227756",371834,2025-10-06 01:46:48,43.3300857543945,-8.49931240081787,"Unknown"
"6227756",371834,2025-10-06 01:56:37,43.3299446105957,-8.49934768676758,"Unknown"
"6227756",371834,2025-10-06 02:07:38,43.3294830322266,-8.49901485443115,"Unknown"
"6227756",371834,2025-10-06 02:17:07,43.3293533325195,-8.49893188476562,"Unknown"
"6227756",371834,2025-10-06 02:27:14,43.3293838500977,-8.49906063079834,"Unknown"
"6227756",371834,2025-10-06 02:37:16,43.3311347961426,-8.49915504455566,"Unknown"
"6227756",371834,2025-10-06 02:47:16,43.329273223877,-8.49905681610107,"Unknown"
"6227756",371834,2025-10-06 02:57:00,43.3294219970703,-8.4990291595459,"Unknown"
"6227756",371834,2025-10-06 03:07:23,43.3295059204102,-8.49915409088135,"Unknown"
"6227756",371834,2025-10-06 03:17:14,43.3126907348633,-8.5257043838501,"Unknown"
"6227756",371834,2025-10-06 03:37:02,43.32958984375,-8.49887275695801,"Unknown"
"6227756",371834,2025-10-06 03:47:02,43.3295097351074,-8.49887084960938,"Unknown"
"6227756",371834,2025-10-06 03:57:02,43.3295211791992,-8.4989709854126,"Unknown"
"6227756",371834,2025-10-06 04:07:02,43.3295631408691,-8.49891376495361,"Unknown"
"6227756",371834,2025-10-06 04:17:02,43.3295288085938,-8.49893856048584,"Unknown"
"6227756",371834,2025-10-06 04:27:03,43.329532623291,-8.49896335601807,"Unknown"
"6227756",371834,2025-10-06 04:37:03,43.3294944763184,-8.49898624420166,"Unknown"
"6227756",371834,2025-10-06 04:47:03,43.3295097351074,-8.49902439117432,"Unknown"
"6227756",371834,2025-10-06 04:57:06,43.3295631408691,-8.49901390075684,"Unknown"
"6227756",371834,2025-10-06 05:07:09,43.3293876647949,-8.49894237518311,"Unknown"
"6227756",371834,2025-10-06 05:17:05,43.3296241760254,-8.49896144866943,"Unknown"
"6227756",371834,2025-10-06 05:27:05,43.3296699523926,-8.49898529052734,"Unknown"
"6227756",371834,2025-10-06 05:37:07,43.3295631408691,-8.49897861480713,"Unknown"
"6227756",371834,2025-10-06 05:47:08,43.3296813964844,-8.4989595413208,"Unknown"
"6227756",371834,2025-10-06 05:57:14,43.3283081054688,-8.49922752380371,"Unknown"
"6227756",371834,2025-10-06 06:07:08,43.3288650512695,-8.49923038482666,"Unknown"
"6227756",371834,2025-10-06 06:17:04,43.3288955688477,-8.49921703338623,"Unknown"
"6227756",371834,2025-10-06 06:27:14,43.3291130065918,-8.49855041503906,"Unknown"
"6227756",371834,2025-10-06 06:37:14,43.3291130065918,-8.49849319458008,"Unknown"
"6227756",371834,2025-10-06 06:47:14,43.3291473388672,-8.49837493896484,"Unknown"
"6227756",371834,2025-10-06 06:57:14,43.329158782959,-8.4982738494873,"Unknown"
"6227756",371834,2025-10-06 07:07:14,43.3291435241699,-8.49823760986328,"Unknown"
"6227756",371834,2025-10-06 07:17:15,43.3290824890137,-8.49825382232666,"Unknown"
"6227756",371834,2025-10-06 07:27:19,43.3290786743164,-8.49820804595947,"Unknown"
"6227756",371834,2025-10-06 07:47:08,43.3294410705566,-8.49897480010986,"Unknown"
"6227756",371834,2025-10-06 07:56:41,43.3294486999512,-8.4990119934082,"Unknown"
"6227756",371834,2025-10-06 08:06:34,43.3295021057129,-8.49903774261475,"Unknown"
"6227756",371834,2025-10-06 08:16:36,43.3295211791992,-8.49896812438965,"Unknown"
"6227756",371834,2025-10-06 08:26:45,43.2740287780762,-8.49076843261719,"Unknown"
"6227756",371834,2025-10-06 08:36:37,43.3296051025391,-8.49904632568359,"Unknown"
"6227756",371834,2025-10-06 08:46:36,43.3297233581543,-8.49923610687256,"Unknown"
"6227756",371834,2025-10-06 08:56:37,43.329517364502,-8.49892711639404,"Unknown"
"6227756",371834,2025-10-06 09:06:35,43.3294944763184,-8.49901103973389,"Unknown"
"6227756",371834,2025-10-06 09:16:37,43.3295059204102,-8.49902725219727,"Unknown"
"6227756",371834,2025-10-06 09:26:46,43.3295249938965,-8.49902439117432,"Unknown"
"6227756",371834,2025-10-06 09:36:35,43.3295593261719,-8.49899291992188,"Unknown"
"6227756",371834,2025-10-06 09:46:36,43.3294982910156,-8.49900913238525,"Unknown"
"6227756",371834,2025-10-06 09:56:35,43.329460144043,-8.49898433685303,"Unknown"
"6227756",371834,2025-10-06 10:06:35,43.3294868469238,-8.49897956848145,"Unknown"
"6227756",371834,2025-10-06 10:16:35,43.3295364379883,-8.49904823303223,"Unknown"
"6227756",371834,2025-10-06 10:26:36,43.329460144043,-8.49898529052734,"Unknown"
"6227756",371834,2025-10-06 10:36:38,43.3294906616211,-8.49909400939941,"Unknown"
"6227756",371834,2025-10-06 10:46:36,43.3294525146484,-8.49902153015137,"Unknown"
"6227756",371834,2025-10-06 10:56:46,43.329532623291,-8.49909114837646,"Unknown"
"6227756",371834,2025-10-06 11:06:46,43.3295021057129,-8.49912548065186,"Unknown"
"6227756",371834,2025-10-06 11:16:46,43.3294296264648,-8.49909782409668,"Unknown"
"6227756",371834,2025-10-06 11:26:46,43.3295516967773,-8.49913215637207,"Unknown"
"6227756",371834,2025-10-06 11:36:43,43.3294715881348,-8.49905204772949,"Unknown"
"6227756",371834,2025-10-06 11:46:39,43.3294677734375,-8.49933528900146,"Unknown"
"6227756",371834,2025-10-06 11:56:37,43.329532623291,-8.49930381774902,"Unknown"
"6227756",371834,2025-10-06 12:06:45,43.3296890258789,-8.4992094039917,"Unknown"
"6227756",371834,2025-10-06 12:16:36,43.3293113708496,-8.49948120117188,"Unknown"
"6227756",371834,2025-10-06 12:26:36,43.3293342590332,-8.49947071075439,"Unknown"
"6227756",371834,2025-10-06 12:36:36,43.3292770385742,-8.49936866760254,"Unknown"
"6227756",371834,2025-10-06 12:46:38,43.3293533325195,-8.49929332733154,"Unknown"
"6227756",371834,2025-10-06 12:56:38,43.329288482666,-8.49931716918945,"Unknown"
"6227756",371834,2025-10-06 13:06:39,43.3293952941895,-8.49919319152832,"Unknown"
"6227756",371834,2025-10-06 13:16:36,43.3294563293457,-8.49911499023438,"Unknown"
"6227756",371834,2025-10-06 13:26:36,43.3294944763184,-8.49906539916992,"Unknown"
"6227756",371834,2025-10-06 13:36:36,43.329288482666,-8.49899673461914,"Unknown"
"6227756",371834,2025-10-06 13:46:36,43.3292274475098,-8.4989013671875,"Unknown"
"6227756",371834,2025-10-06 13:56:36,43.3292770385742,-8.49895477294922,"Unknown"
"6227756",371834,2025-10-06 14:06:37,43.3291778564453,-8.49869823455811,"Unknown"
"6227756",371834,2025-10-06 14:16:36,43.3291168212891,-8.49848556518555,"Unknown"
"6227756",371834,2025-10-06 14:26:37,43.3291206359863,-8.49831771850586,"Unknown"
"6227756",371834,2025-10-06 14:36:37,43.3289527893066,-8.49782371520996,"Unknown"
"6227756",371834,2025-10-06 14:46:37,43.3291168212891,-8.49788761138916,"Unknown"
"6227756",371834,2025-10-06 14:57:24,43.329460144043,-8.49890518188477,"Unknown"
"6227756",371834,2025-10-06 15:07:50,43.3295097351074,-8.49893188476562,"Unknown"
"6227756",371834,2025-10-06 15:17:18,43.3294982910156,-8.49892425537109,"Unknown"
"6227756",371834,2025-10-06 15:27:22,43.3294715881348,-8.49897766113281,"Unknown"
"6227756",371834,2025-10-06 15:36:52,43.3294372558594,-8.49897766113281,"Unknown"
"6227756",371834,2025-10-06 15:46:34,43.3294410705566,-8.4989652633667,"Unknown"
"6227756",371834,2025-10-06 15:56:34,43.3294563293457,-8.49900913238525,"Unknown"
"6227756",371834,2025-10-06 16:06:34,43.3294410705566,-8.4990234375,"Unknown"
"6227756",371834,2025-10-06 16:16:35,43.329418182373,-8.49897480010986,"Unknown"
"6227756",371834,2025-10-06 16:26:35,43.3294296264648,-8.49902629852295,"Unknown"
"6227756",371834,2025-10-06 16:36:35,43.3294372558594,-8.49911212921143,"Unknown"
"6227756",371834,2025-10-06 16:46:37,43.3293647766113,-8.49896621704102,"Unknown"
"6227756",371834,2025-10-06 16:56:40,43.3293571472168,-8.4987154006958,"Unknown"
"6227756",371834,2025-10-06 17:06:46,43.3293876647949,-8.4990406036377,"Unknown"
"6227756",371834,2025-10-06 17:16:40,43.3294906616211,-8.49896049499512,"Unknown"
"6227756",371834,2025-10-06 17:26:46,43.3290176391602,-8.49903392791748,"Unknown"
"6227756",371834,2025-10-06 17:36:46,43.3290328979492,-8.49909973144531,"Unknown"
"6227756",371834,2025-10-06 17:46:46,43.3290214538574,-8.49919891357422,"Unknown"
"6227756",371834,2025-10-06 17:56:46,43.3290481567383,-8.49917411804199,"Unknown"
"6227756",371834,2025-10-06 18:07:29,43.3293342590332,-8.49875926971436,"Unknown"
"6227756",371834,2025-10-06 18:17:52,43.3293647766113,-8.498854637146,"Unknown"
"6227756",371834,2025-10-06 18:27:41,43.3295021057129,-8.49889850616455,"Unknown"
"6227756",371834,2025-10-06 18:37:16,43.3313903808594,-8.49678230285645,"Unknown"
"6227756",371834,2025-10-06 18:47:14,43.3295745849609,-8.49897956848145,"Unknown"
"6227756",371834,2025-10-06 18:57:18,43.3295059204102,-8.49896240234375,"Unknown"
"6227756",371834,2025-10-06 19:07:14,43.3295097351074,-8.49885749816895,"Unknown"
"6227756",371834,2025-10-06 19:17:14,43.3292617797852,-8.49837779998779,"Unknown"
"6227756",371834,2025-10-06 19:57:19,43.329517364502,-8.4990406036377,"Unknown"
"6227756",371834,2025-10-06 20:17:16,43.3295097351074,-8.49902057647705,"Unknown"
"6227756",371834,2025-10-06 20:27:17,43.3294486999512,-8.49906635284424,"Unknown"
"6227756",371834,2025-10-06 20:37:12,43.3294906616211,-8.49901390075684,"Unknown"
"6227756",371834,2025-10-06 20:47:04,43.329029083252,-8.49876117706299,"Unknown"
"6227756",371834,2025-10-06 21:06:53,43.3295059204102,-8.49895095825195,"Unknown"
"6227756",371834,2025-10-06 21:27:20,43.3295860290527,-8.49937343597412,"Unknown"
"6227756",371834,2025-10-06 21:37:27,43.3294677734375,-8.49903297424316,"Unknown"
"6227756",371834,2025-10-06 21:47:14,43.3294410705566,-8.49904155731201,"Unknown"
"6227756",371834,2025-10-06 21:57:21,43.3294448852539,-8.49899578094482,"Unknown"
"6227756",371834,2025-10-06 22:06:59,43.3295745849609,-8.49975872039795,"Unknown"
"6227756",371834,2025-10-06 22:17:21,43.3312721252441,-8.50410175323486,"Unknown"
"6227756",371834,2025-10-06 22:27:35,43.3295516967773,-8.49904251098633,"Unknown"
"6227756",371834,2025-10-06 22:37:15,43.329288482666,-8.49880790710449,"Unknown"
"6227756",371834,2025-10-06 22:47:06,43.3295822143555,-8.49896907806396,"Unknown"
"6227756",371834,2025-10-06 22:57:09,43.3302726745605,-8.50005912780762,"Unknown"
"6227756",371834,2025-10-06 23:07:08,43.3355445861816,-8.51095390319824,"Unknown"
"6227756",371834,2025-10-06 23:17:09,43.3358955383301,-8.51533222198486,"Unknown"
"6227756",371834,2025-10-06 23:27:15,43.3296012878418,-8.49923419952393,"Unknown"
"6227756",371834,2025-10-06 23:37:15,43.3295440673828,-8.49917697906494,"Unknown"
"6227756",371834,2025-10-06 23:47:15,43.3295516967773,-8.49911308288574,"Unknown"
"6227756",371834,2025-10-06 23:57:42,43.3294830322266,-8.49899864196777,"Unknown"
"6227756",371834,2025-10-07 00:06:50,43.329647064209,-8.4989652633667,"Unknown"
"6227756",371834,2025-10-07 00:17:27,43.3295860290527,-8.4989595413208,"Unknown"
"6227756",371834,2025-10-07 00:37:06,43.3294715881348,-8.49900054931641,"Unknown"
"6227756",371834,2025-10-07 00:47:02,43.3294830322266,-8.49894523620605,"Unknown"
"6227756",371834,2025-10-07 00:57:03,43.3295097351074,-8.49896240234375,"Unknown"
"6227756",371834,2025-10-07 01:07:03,43.3295059204102,-8.49896717071533,"Unknown"
"6227756",371834,2025-10-07 01:17:03,43.3294677734375,-8.49902439117432,"Unknown"
"6227756",371834,2025-10-07 01:27:05,43.3293609619141,-8.49899959564209,"Unknown"
"6227756",371834,2025-10-07 01:37:03,43.3294258117676,-8.49899196624756,"Unknown"
"6227756",371834,2025-10-07 01:47:03,43.3295059204102,-8.49900245666504,"Unknown"
"6227756",371834,2025-10-07 01:57:14,43.3294334411621,-8.49903106689453,"Unknown"
"6227756",371834,2025-10-07 02:07:09,43.329517364502,-8.49903011322021,"Unknown"
"6227756",371834,2025-10-07 02:17:14,43.3294830322266,-8.49906444549561,"Unknown"
"6227756",371834,2025-10-07 02:27:11,43.3294486999512,-8.49917984008789,"Unknown"
"6227756",371834,2025-10-07 02:37:35,43.3294486999512,-8.49913597106934,"Unknown"
"6227756",371834,2025-10-07 02:47:15,43.3294334411621,-8.49921798706055,"Unknown"
"6227756",371834,2025-10-07 02:57:14,43.3295021057129,-8.49911689758301,"Unknown"
"6227756",371834,2025-10-07 03:07:07,43.329460144043,-8.49909496307373,"Unknown"
"6227756",371834,2025-10-07 03:17:07,43.3299446105957,-8.4956521987915,"Unknown"
"6227756",371834,2025-10-07 03:27:09,43.3295364379883,-8.49893760681152,"Unknown"
"6227756",371834,2025-10-07 03:37:05,43.3295745849609,-8.49799728393555,"Unknown"
"6227756",371834,2025-10-07 03:47:05,43.3295249938965,-8.49850654602051,"Unknown"
"6227756",371834,2025-10-07 03:57:11,43.3295021057129,-8.49879837036133,"Unknown"
"6227756",371834,2025-10-07 04:07:13,43.3295021057129,-8.49871349334717,"Unknown"
"6227756",371834,2025-10-07 04:17:14,43.3294639587402,-8.4987325668335,"Unknown"
"6227756",371834,2025-10-07 04:27:12,43.3295059204102,-8.49871063232422,"Unknown"
"6227756",371834,2025-10-07 04:37:09,43.3294830322266,-8.49872970581055,"Unknown"
"6227756",371834,2025-10-07 04:47:22,43.329517364502,-8.49870872497559,"Unknown"
"6227756",371834,2025-10-07 04:57:25,43.3295707702637,-8.49874114990234,"Unknown"
"6227756",371834,2025-10-07 05:07:16,43.3295478820801,-8.49870777130127,"Unknown"
"6227756",371834,2025-10-07 05:17:38,43.3296012878418,-8.4989128112793,"Unknown"
"6227756",371834,2025-10-07 05:27:14,43.3295707702637,-8.49889850616455,"Unknown"
"6227756",371834,2025-10-07 05:37:15,43.3295135498047,-8.4989652633667,"Unknown"
"6227756",371834,2025-10-07 05:47:04,43.3291130065918,-8.49897003173828,"Unknown"
"6227756",371834,2025-10-07 05:57:08,43.3290939331055,-8.49886608123779,"Unknown"
"6227756",371834,2025-10-07 06:07:05,43.3291130065918,-8.49875831604004,"Unknown"
"6227756",371834,2025-10-07 06:17:04,43.3293342590332,-8.49898338317871,"Unknown"
"6227756",371834,2025-10-07 06:27:05,43.3293571472168,-8.49900913238525,"Unknown"
"6227756",371834,2025-10-07 06:37:04,43.3293151855469,-8.49890804290771,"Unknown"
"6227756",371834,2025-10-07 06:47:07,43.3291549682617,-8.49863910675049,"Unknown"
"6227756",371834,2025-10-07 06:57:06,43.3294525146484,-8.49907302856445,"Unknown"
"6227756",371834,2025-10-07 07:07:08,43.3293800354004,-8.49890041351318,"Unknown"
"6227756",371834,2025-10-07 07:17:08,43.329216003418,-8.49874305725098,"Unknown"
"6227756",371834,2025-10-07 07:27:06,43.3294105529785,-8.49888134002686,"Unknown"
"6227756",371834,2025-10-07 07:37:05,43.3292427062988,-8.49871253967285,"Unknown"
"6227756",371834,2025-10-07 07:47:06,43.3293991088867,-8.49886035919189,"Unknown"
"6227756",371834,2025-10-07 07:57:08,43.3294639587402,-8.49884605407715,"Unknown"
"6227756",371834,2025-10-07 08:07:06,43.3295249938965,-8.49900054931641,"Unknown"
"6227756",371834,2025-10-07 08:17:30,43.3302383422852,-8.49805641174316,"Unknown"
"6227756",371834,2025-10-07 08:27:24,43.3293724060059,-8.49889659881592,"Unknown"
"6227756",371834,2025-10-07 08:37:00,43.3290023803711,-8.49877738952637,"Unknown"
"6227756",371834,2025-10-07 08:46:57,43.3293952941895,-8.49880981445312,"Unknown"
"6227756",371834,2025-10-07 08:57:23,43.3293838500977,-8.49888706207275,"Unknown"
"6227756",371834,2025-10-07 09:17:43,43.3294868469238,-8.4990062713623,"Unknown"
"6227756",371834,2025-10-07 09:27:17,43.3294792175293,-8.49901580810547,"Unknown"
"6227756",371834,2025-10-07 09:37:20,43.3295097351074,-8.49900245666504,"Unknown"
"6227756",371834,2025-10-07 09:47:21,43.3294868469238,-8.4990234375,"Unknown"
"6227756",371834,2025-10-07 09:56:59,43.3295249938965,-8.49896144866943,"Unknown"
"6227756",371834,2025-10-07 10:07:22,43.3295478820801,-8.49897193908691,"Unknown"
"6227756",371834,2025-10-07 10:17:15,43.329475402832,-8.49899101257324,"Unknown"
"6227756",371834,2025-10-07 10:27:03,43.3294868469238,-8.49896335601807,"Unknown"
"6227756",371834,2025-10-07 10:37:03,43.3295211791992,-8.4989652633667,"Unknown"
"6227756",371834,2025-10-07 10:47:04,43.3295097351074,-8.49893760681152,"Unknown"
"6227756",371834,2025-10-07 10:57:14,43.3294715881348,-8.49897766113281,"Unknown"
"6227756",371834,2025-10-07 11:07:20,43.329704284668,-8.49917984008789,"Unknown"
"6227756",371834,2025-10-07 11:17:37,43.3295288085938,-8.4989709854126,"Unknown"
"6227756",371834,2025-10-07 11:46:35,43.3294639587402,-8.49885654449463,"Unknown"
"6227756",371834,2025-10-07 11:56:36,43.3294906616211,-8.49900913238525,"Unknown"
"6227756",371834,2025-10-07 12:06:37,43.3295860290527,-8.49906921386719,"Unknown"
"6227756",371834,2025-10-07 12:16:38,43.3295440673828,-8.49905490875244,"Unknown"
"6227756",371834,2025-10-07 12:26:41,43.3294563293457,-8.49903964996338,"Unknown"
"6227756",371834,2025-10-07 12:36:54,43.3287582397461,-8.49966812133789,"Unknown"
"6227756",371834,2025-10-07 12:46:28,43.3293266296387,-8.49909114837646,"Unknown"
"6227756",371834,2025-10-07 12:56:17,43.3294105529785,-8.49914455413818,"Unknown"
"6227756",371834,2025-10-07 13:06:22,43.3294334411621,-8.49902248382568,"Unknown"
"6227756",371834,2025-10-07 13:17:35,43.3296775817871,-8.49872207641602,"Unknown"
"6227756",371834,2025-10-07 13:27:19,43.3295745849609,-8.49899959564209,"Unknown"
"6227756",371834,2025-10-07 13:37:19,43.3295059204102,-8.49899101257324,"Unknown"
"6227756",371834,2025-10-07 13:47:19,43.3294982910156,-8.49897384643555,"Unknown"
"6227756",371834,2025-10-07 13:57:19,43.3295516967773,-8.49909973144531,"Unknown"
"6227756",371834,2025-10-07 14:07:19,43.3295059204102,-8.49897575378418,"Unknown"
"6227756",371834,2025-10-07 14:17:20,43.3296318054199,-8.49910831451416,"Unknown"
"6227756",371834,2025-10-07 14:27:20,43.3292999267578,-8.49878883361816,"Unknown"
"6227756",371834,2025-10-07 14:37:23,43.3295059204102,-8.49898052215576,"Unknown"
"6227756",371834,2025-10-07 14:47:24,43.329517364502,-8.49912166595459,"Unknown"
"6227756",371834,2025-10-07 14:57:39,43.3294944763184,-8.49904632568359,"Unknown"
"6227756",371834,2025-10-07 15:06:43,43.3295402526855,-8.49874591827393,"Unknown"
"6227756",371834,2025-10-07 15:16:41,43.3302345275879,-8.50047397613525,"Unknown"
"6227756",371834,2025-10-07 15:27:14,43.3296813964844,-8.49847602844238,"Unknown"
"6227756",371834,2025-10-07 15:37:53,43.3321990966797,-8.49981117248535,"Unknown"
"6227756",371834,2025-10-07 15:46:50,43.3294677734375,-8.49885940551758,"Unknown"
"6227756",371834,2025-10-07 15:56:29,43.3294372558594,-8.49900531768799,"Unknown"
"6227756",371834,2025-10-07 16:06:26,43.3294334411621,-8.49899673461914,"Unknown"
"6227756",371834,2025-10-07 16:16:45,43.3293724060059,-8.49872589111328,"Unknown"
"6227756",371834,2025-10-07 16:26:27,43.3294448852539,-8.4990119934082,"Unknown"
"6227756",371834,2025-10-07 16:36:17,43.3294792175293,-8.498948097229,"Unknown"
"6227756",371834,2025-10-07 16:46:19,43.3294067382812,-8.49909114837646,"Unknown"
"6227756",371834,2025-10-07 16:56:21,43.3294563293457,-8.49930763244629,"Unknown"
"6227756",371834,2025-10-07 17:06:50,43.329174041748,-8.49910259246826,"Unknown"
"6227756",371834,2025-10-07 17:17:39,43.3291130065918,-8.49918460845947,"Unknown"
"6227756",371834,2025-10-07 17:28:09,42.7446823120117,-8.45245838165283,"Unknown"
"6227756",371834,2025-10-07 17:36:52,43.3291816711426,-8.49905204772949,"Unknown"
"6227756",371834,2025-10-07 17:47:42,43.3296203613281,-8.49901580810547,"Unknown"
"6227756",371834,2025-10-07 17:57:32,43.3295135498047,-8.498948097229,"Unknown"
"6227756",371834,2025-10-07 18:07:55,43.329174041748,-8.49919986724854,"Unknown"
"6227756",371834,2025-10-07 18:17:32,43.3295593261719,-8.49899005889893,"Unknown"
"6227756",371834,2025-10-07 18:27:28,43.329532623291,-8.49898719787598,"Unknown"
"6227756",371834,2025-10-07 18:37:19,43.3297920227051,-8.49920558929443,"Unknown"
"6227756",371834,2025-10-07 18:47:20,43.3296051025391,-8.49907779693604,"Unknown"
"6227756",371834,2025-10-07 18:57:21,43.3296775817871,-8.49913692474365,"Unknown"
"6227756",371834,2025-10-07 19:07:21,43.3296585083008,-8.49914073944092,"Unknown"
"6227756",371834,2025-10-07 19:17:33,43.3294868469238,-8.49902057647705,"Unknown"
"6227756",371834,2025-10-07 19:26:55,43.3295288085938,-8.49903202056885,"Unknown"
"6227756",371834,2025-10-07 19:36:34,43.3293075561523,-8.49904155731201,"Unknown"
"6227756",371834,2025-10-07 19:47:45,43.3284149169922,-8.49854183197021,"Unknown"
"6227756",371834,2025-10-07 19:58:43,43.3296127319336,-8.49899387359619,"Unknown"
"6227756",371834,2025-10-07 20:07:33,43.3294944763184,-8.49903297424316,"Unknown"
"6227756",371834,2025-10-07 20:17:33,43.3294906616211,-8.49900913238525,"Unknown"
"6227756",371834,2025-10-07 20:27:34,43.3295402526855,-8.49899482727051,"Unknown"
"6227756",371834,2025-10-07 20:36:44,43.3295364379883,-8.49898719787598,"Unknown"
"6227756",371834,2025-10-07 20:47:44,43.3293991088867,-8.49890327453613,"Unknown"
"6227756",371834,2025-10-07 20:56:42,43.329532623291,-8.49896430969238,"Unknown"
"6227756",371834,2025-10-07 21:06:49,43.3294563293457,-8.49892520904541,"Unknown"
"6227756",371834,2025-10-07 21:17:40,43.3295211791992,-8.4987211227417,"Unknown"
"6227756",371834,2025-10-07 21:26:39,43.329517364502,-8.49936962127686,"Unknown"
"6227756",371834,2025-10-07 21:38:16,43.3294525146484,-8.49899005889893,"Unknown"
"6227756",371834,2025-10-07 21:47:19,43.3296012878418,-8.49927711486816,"Unknown"
"6227756",371834,2025-10-07 21:57:21,43.3297004699707,-8.49934482574463,"Unknown"
"6227756",371834,2025-10-07 22:07:20,43.3295974731445,-8.49925136566162,"Unknown"
"6227756",371834,2025-10-07 22:17:19,43.3295364379883,-8.49916458129883,"Unknown"
"6227756",371834,2025-10-07 22:27:21,43.3295631408691,-8.49911403656006,"Unknown"
"6227756",371834,2025-10-07 22:37:29,43.3294982910156,-8.49908542633057,"Unknown"
"6227756",371834,2025-10-07 22:47:28,43.3295211791992,-8.49907207489014,"Unknown"
"6227756",371834,2025-10-07 22:57:45,43.32958984375,-8.49895477294922,"Unknown"
"6227756",371834,2025-10-07 23:07:40,43.3270950317383,-8.50033855438232,"Unknown"
"6227756",371834,2025-10-07 23:17:54,43.3297538757324,-8.49915409088135,"Unknown"
"6227756",371834,2025-10-07 23:27:21,43.3297080993652,-8.49928665161133,"Unknown"
"6227756",371834,2025-10-07 23:37:23,43.3297729492188,-8.49925899505615,"Unknown"
"6227756",371834,2025-10-07 23:47:26,43.329891204834,-8.49892807006836,"Unknown"
"6227756",371834,2025-10-07 23:57:54,43.3294944763184,-8.49885845184326,"Unknown"
"6227756",371834,2025-10-08 00:07:25,43.3295135498047,-8.49910736083984,"Unknown"
"6227756",371834,2025-10-08 00:17:32,43.3295097351074,-8.49897956848145,"Unknown"
"6227756",371834,2025-10-08 00:27:24,43.3295745849609,-8.49916744232178,"Unknown"
"6227756",371834,2025-10-08 00:37:24,43.3297882080078,-8.49908638000488,"Unknown"
"6227756",371834,2025-10-08 00:47:26,43.3295707702637,-8.49902820587158,"Unknown"
"6227756",371834,2025-10-08 00:57:37,43.3296852111816,-8.49879741668701,"Unknown"
"6227756",371834,2025-10-08 01:07:31,43.3296203613281,-8.4987678527832,"Unknown"
"6227756",371834,2025-10-08 01:17:54,43.3302001953125,-8.49940490722656,"Unknown"
"6227756",371834,2025-10-08 01:27:39,43.3299980163574,-8.49923896789551,"Unknown"
"6227756",371834,2025-10-08 01:37:34,43.3299980163574,-8.49920272827148,"Unknown"
"6227756",371834,2025-10-08 01:47:34,43.329948425293,-8.49919891357422,"Unknown"
"6227756",371834,2025-10-08 01:57:45,43.3299598693848,-8.49917697906494,"Unknown"
"6227756",371834,2025-10-08 02:07:10,43.3291130065918,-8.49903392791748,"Unknown"
"6227756",371834,2025-10-08 02:17:46,43.3295478820801,-8.49904155731201,"Unknown"
"6227756",371834,2025-10-08 02:37:26,43.3288612365723,-8.49899959564209,"Unknown"
"6227756",371834,2025-10-08 02:47:23,43.3296203613281,-8.49901485443115,"Unknown"
"6227756",371834,2025-10-08 02:57:20,43.3295288085938,-8.4990234375,"Unknown"
"6227756",371834,2025-10-08 03:07:52,43.3293037414551,-8.49904155731201,"Unknown"
"6227756",371834,2025-10-08 03:16:46,43.3295860290527,-8.49894046783447,"Unknown"
"6227756",371834,2025-10-08 03:27:22,43.3296966552734,-8.49886608123779,"Unknown"
"6227756",371834,2025-10-08 03:36:52,43.3295516967773,-8.49897193908691,"Unknown"
"6227756",371834,2025-10-08 03:46:38,43.3295745849609,-8.49892520904541,"Unknown"
"6227756",371834,2025-10-08 03:56:47,43.3294296264648,-8.49910259246826,"Unknown"
"6227756",371834,2025-10-08 04:06:36,43.3295249938965,-8.49895095825195,"Unknown"
"6227756",371834,2025-10-08 04:16:37,43.3295135498047,-8.49888229370117,"Unknown"
"6227756",371834,2025-10-08 04:26:36,43.3295249938965,-8.49883460998535,"Unknown"
"6227756",371834,2025-10-08 04:36:36,43.3295135498047,-8.49881553649902,"Unknown"
"6227756",371834,2025-10-08 04:46:52,43.3296432495117,-8.49892044067383,"Unknown"
"6227756",371834,2025-10-08 04:56:39,43.329288482666,-8.4989013671875,"Unknown"
"6227756",371834,2025-10-08 05:06:52,43.3295364379883,-8.49894142150879,"Unknown"
"6227756",371834,2025-10-08 05:17:03,43.3296051025391,-8.49880409240723,"Unknown"
"6227756",371834,2025-10-08 05:37:39,43.329517364502,-8.49910068511963,"Unknown"
"6227756",371834,2025-10-08 05:46:50,43.3294868469238,-8.49896144866943,"Unknown"
"6227756",371834,2025-10-08 05:56:34,43.3262062072754,-8.50097179412842,"Unknown"
"6227756",371834,2025-10-08 06:06:36,43.3294906616211,-8.49900054931641,"Unknown"
"6227756",371834,2025-10-08 06:16:40,43.3294143676758,-8.4990234375,"Unknown"
"6227756",371834,2025-10-08 06:26:35,43.3293838500977,-8.49903964996338,"Unknown"
"6227756",371834,2025-10-08 06:36:36,43.3294219970703,-8.49899291992188,"Unknown"
"6227756",371834,2025-10-08 06:46:36,43.3294143676758,-8.49900054931641,"Unknown"
"6227756",371834,2025-10-08 06:56:35,43.3294296264648,-8.49903964996338,"Unknown"
"6227756",371834,2025-10-08 07:06:36,43.3294372558594,-8.49898529052734,"Unknown"
"6227756",371834,2025-10-08 07:16:36,43.3294372558594,-8.49898910522461,"Unknown"
"6227756",371834,2025-10-08 07:26:36,43.3294868469238,-8.49898242950439,"Unknown"
"6227756",371834,2025-10-08 07:36:36,43.329532623291,-8.49902820587158,"Unknown"
"6227756",371834,2025-10-08 07:46:36,43.3296279907227,-8.49909591674805,"Unknown"
"6227756",371834,2025-10-08 07:56:38,43.3295059204102,-8.49902248382568,"Unknown"
"6227756",371834,2025-10-08 08:07:28,43.3293952941895,-8.49889373779297,"Unknown"
"6227756",371834,2025-10-08 08:16:49,43.3581008911133,-8.51779365539551,"Unknown"
"6227756",371834,2025-10-08 08:27:05,43.3031921386719,-8.46202659606934,"Unknown"
"6227756",371834,2025-10-08 08:38:10,43.3294906616211,-8.49899864196777,"Unknown"
"6227756",371834,2025-10-08 08:47:12,43.3294486999512,-8.49906921386719,"Unknown"
"6227756",371834,2025-10-08 08:57:04,43.329475402832,-8.49900245666504,"Unknown"
"6227756",371834,2025-10-08 09:07:12,43.329517364502,-8.49898242950439,"Unknown"
"6227756",371834,2025-10-08 09:17:15,43.3294868469238,-8.49898529052734,"Unknown"
"6227756",371834,2025-10-08 09:27:04,43.3294944763184,-8.49894714355469,"Unknown"
"6227756",371834,2025-10-08 09:37:03,43.3295288085938,-8.4989595413208,"Unknown"
"6227756",371834,2025-10-08 09:47:03,43.3294639587402,-8.49902534484863,"Unknown"
"6227756",371834,2025-10-08 09:57:04,43.329532623291,-8.49898433685303,"Unknown"
"6227756",371834,2025-10-08 10:07:03,43.3294639587402,-8.49896240234375,"Unknown"
"6227756",371834,2025-10-08 10:17:05,43.3294219970703,-8.49899005889893,"Unknown"
"6227756",371834,2025-10-08 10:27:05,43.3295402526855,-8.49899673461914,"Unknown"
"6227756",371834,2025-10-08 10:37:05,43.3294258117676,-8.49890899658203,"Unknown"
"6227756",371834,2025-10-08 10:47:08,43.3293876647949,-8.49888896942139,"Unknown"
"6227756",371834,2025-10-08 10:57:13,43.3297348022461,-8.49921989440918,"Unknown"
"6227756",371834,2025-10-08 11:07:01,43.329475402832,-8.49899959564209,"Unknown"
"6227756",371834,2025-10-08 11:17:33,43.2722473144531,-8.41722965240479,"Unknown"
"6227756",371834,2025-10-08 11:27:14,43.3101081848145,-8.46747779846191,"Unknown"
"6227756",371834,2025-10-08 11:36:55,43.3295936584473,-8.49911117553711,"Unknown"
"6227756",371834,2025-10-08 11:47:02,43.3300857543945,-8.50009441375732,"Unknown"
"6227756",371834,2025-10-08 11:57:25,43.329704284668,-8.49938678741455,"Unknown"
"6227756",371834,2025-10-08 12:07:17,43.3294830322266,-8.49902820587158,"Unknown"
"6227756",371834,2025-10-08 12:17:51,43.3294639587402,-8.49903297424316,"Unknown"
"6227756",371834,2025-10-08 12:27:04,43.3610649108887,-8.48175621032715,"Unknown"
"6227756",371834,2025-10-08 12:37:19,43.3294525146484,-8.49903678894043,"Unknown"
"6227756",371834,2025-10-08 12:47:12,43.3294448852539,-8.4990234375,"Unknown"
"6227756",371834,2025-10-08 12:57:03,43.3294258117676,-8.49903869628906,"Unknown"
"6227756",371834,2025-10-08 13:07:03,43.3294715881348,-8.49903774261475,"Unknown"
"6227756",371834,2025-10-08 13:17:03,43.3294258117676,-8.49907493591309,"Unknown"
"6227756",371834,2025-10-08 13:27:04,43.3294219970703,-8.49910640716553,"Unknown"
"6227756",371834,2025-10-08 13:37:03,43.3294525146484,-8.49915409088135,"Unknown"
"6227756",371834,2025-10-08 13:47:05,43.3293571472168,-8.49908256530762,"Unknown"
"6227756",371834,2025-10-08 13:57:05,43.3294448852539,-8.49913311004639,"Unknown"
"6227756",371834,2025-10-08 14:07:00,43.3294105529785,-8.49889087677002,"Unknown"
"6227756",371834,2025-10-08 14:16:48,43.3195381164551,-8.56149196624756,"Unknown"
"6227756",371834,2025-10-08 14:27:48,43.3295097351074,-8.49900245666504,"Unknown"
"6227756",371834,2025-10-08 14:36:52,43.3293609619141,-8.49900913238525,"Unknown"
"6227756",371834,2025-10-08 14:47:45,43.3295021057129,-8.49899673461914,"Unknown"
"6227756",371834,2025-10-08 14:56:51,43.3295021057129,-8.49900341033936,"Unknown"
"6227756",371834,2025-10-08 15:06:36,43.3294792175293,-8.49899768829346,"Unknown"
"6227756",371834,2025-10-08 15:17:06,43.3294639587402,-8.49898433685303,"Unknown"
"6227756",371834,2025-10-08 15:26:40,43.3294830322266,-8.49896812438965,"Unknown"
"6227756",371834,2025-10-08 15:37:40,43.3294792175293,-8.49895572662354,"Unknown"
"6227756",371834,2025-10-08 15:46:56,43.3293952941895,-8.49895000457764,"Unknown"
"6227756",371834,2025-10-08 15:56:42,43.3293609619141,-8.4990119934082,"Unknown"
"6227756",371834,2025-10-08 16:07:42,43.3294792175293,-8.4990873336792,"Unknown"
"6227756",371834,2025-10-08 16:16:38,43.3294830322266,-8.49902248382568,"Unknown"
"6227756",371834,2025-10-08 16:27:27,43.3293266296387,-8.49901485443115,"Unknown"
"6227756",371834,2025-10-08 16:37:23,43.3295059204102,-8.49902725219727,"Unknown"
"6227756",371834,2025-10-08 16:47:14,43.3294296264648,-8.49918937683105,"Unknown"
"6227756",371834,2025-10-08 16:56:51,43.3293380737305,-8.49894618988037,"Unknown"
"6227756",371834,2025-10-08 17:08:01,43.329418182373,-8.49895477294922,"Unknown"
"6227756",371834,2025-10-08 17:16:41,43.3294868469238,-8.49892139434814,"Unknown"
"6227756",371834,2025-10-08 17:26:47,43.329418182373,-8.49899578094482,"Unknown"
"6227756",371834,2025-10-08 17:37:32,43.3294525146484,-8.49898242950439,"Unknown"
"6227756",371834,2025-10-08 17:46:51,43.329517364502,-8.49896049499512,"Unknown"
"6227756",371834,2025-10-08 18:06:42,43.3295059204102,-8.49897480010986,"Unknown"
"6227756",371834,2025-10-08 18:17:27,43.3295288085938,-8.49896430969238,"Unknown"
"6227756",371834,2025-10-08 18:27:26,43.329517364502,-8.4989767074585,"Unknown"
"6227756",371834,2025-10-08 18:37:13,43.3294944763184,-8.49900341033936,"Unknown"
"6227756",371834,2025-10-08 18:47:12,43.329475402832,-8.49901390075684,"Unknown"
"6227756",371834,2025-10-08 18:57:12,43.3294906616211,-8.49896621704102,"Unknown"
"6227756",371834,2025-10-08 19:07:12,43.3295097351074,-8.49893093109131,"Unknown"
"6227756",371834,2025-10-08 19:17:12,43.3295021057129,-8.49901866912842,"Unknown"
"6227756",371834,2025-10-08 19:27:12,43.3294639587402,-8.49897575378418,"Unknown"
"6227756",371834,2025-10-08 19:37:15,43.3294677734375,-8.49894905090332,"Unknown"
"6227756",371834,2025-10-08 19:47:57,43.3294944763184,-8.49888610839844,"Unknown"
"6227756",371834,2025-10-08 19:57:28,43.3294639587402,-8.49889945983887,"Unknown"
"6227756",371834,2025-10-08 20:07:32,43.3294830322266,-8.49893474578857,"Unknown"
"6227756",371834,2025-10-08 20:28:00,43.3300247192383,-8.49942016601562,"Unknown"
"6227756",371834,2025-10-08 20:37:30,43.3295249938965,-8.49897003173828,"Unknown"
"6227756",371834,2025-10-08 20:48:39,43.3294563293457,-8.49897861480713,"Unknown"
"6227756",371834,2025-10-08 20:57:28,43.3295135498047,-8.49890613555908,"Unknown"
"6227756",371834,2025-10-08 21:07:28,43.3294868469238,-8.49882793426514,"Unknown"
"6227756",371834,2025-10-08 21:17:28,43.3294448852539,-8.49887847900391,"Unknown"
"6227756",371834,2025-10-08 21:27:28,43.3294486999512,-8.49889469146729,"Unknown"
"6227756",371834,2025-10-08 21:37:28,43.3294486999512,-8.49911975860596,"Unknown"
"6227756",371834,2025-10-08 21:47:29,43.3294448852539,-8.49865913391113,"Unknown"
"6227756",371834,2025-10-08 21:57:29,43.3294372558594,-8.49873352050781,"Unknown"
"6227756",371834,2025-10-08 22:07:40,43.3294143676758,-8.49896717071533,"Unknown"
"6227756",371834,2025-10-08 22:17:31,43.3294639587402,-8.49878978729248,"Unknown"
"6227756",371834,2025-10-08 22:27:31,43.3293914794922,-8.49881839752197,"Unknown"
"6227756",371834,2025-10-08 22:37:31,43.3293876647949,-8.4987735748291,"Unknown"
"6227756",371834,2025-10-08 22:47:37,43.3296089172363,-8.49919319152832,"Unknown"
"6227756",371834,2025-10-08 22:56:41,43.3295669555664,-8.49918746948242,"Unknown"
"6227756",371834,2025-10-08 23:06:56,43.3294982910156,-8.49903583526611,"Unknown"
"6227756",371834,2025-10-08 23:16:10,43.3294372558594,-8.49897384643555,"Unknown"
"6227756",371834,2025-10-08 23:26:10,43.329532623291,-8.49898433685303,"Unknown"
"6227756",371834,2025-10-08 23:36:11,43.3295288085938,-8.49882793426514,"Unknown"
"6227756",371834,2025-10-08 23:46:11,43.329532623291,-8.4989185333252,"Unknown"
"6227756",371834,2025-10-08 23:56:11,43.3295783996582,-8.49886035919189,"Unknown"
"6227756",371834,2025-10-09 00:06:12,43.3296089172363,-8.498854637146,"Unknown"
"6227756",371834,2025-10-09 00:16:12,43.329532623291,-8.49876880645752,"Unknown"
"6227756",371834,2025-10-09 00:26:13,43.3296127319336,-8.4987907409668,"Unknown"
"6227756",371834,2025-10-09 00:36:15,43.3295440673828,-8.49885082244873,"Unknown"
"6227756",371834,2025-10-09 00:46:39,43.3294258117676,-8.49889183044434,"Unknown"
"6227756",371834,2025-10-09 00:56:41,43.329460144043,-8.49897384643555,"Unknown"
"6227756",371834,2025-10-09 01:07:49,43.3293304443359,-8.49899578094482,"Unknown"
"6227756",371834,2025-10-09 01:16:47,43.5417747497559,-8.99449443817139,"Unknown"
"6227756",371834,2025-10-09 01:26:25,43.3277893066406,-8.49926471710205,"Unknown"
"6227756",371834,2025-10-09 01:37:43,43.3296356201172,-8.49913120269775,"Unknown"
"6227756",371834,2025-10-09 01:47:40,43.3295021057129,-8.49905681610107,"Unknown"
"6227756",371834,2025-10-09 01:57:33,43.3294677734375,-8.49908542633057,"Unknown"
"6227756",371834,2025-10-09 02:06:34,43.3278465270996,-8.49902534484863,"Unknown"
"6227756",371834,2025-10-09 02:16:44,43.3293876647949,-8.49899291992188,"Unknown"
"6227756",371834,2025-10-09 02:28:13,43.3285980224609,-8.49864292144775,"Unknown"
"6227756",371834,2025-10-09 02:36:58,43.3295211791992,-8.49917316436768,"Unknown"
"6227756",371834,2025-10-09 02:46:12,43.3295211791992,-8.49933052062988,"Unknown"
"6227756",371834,2025-10-09 02:56:21,43.3295478820801,-8.49901866912842,"Unknown"
"6227756",371834,2025-10-09 03:06:22,43.3295631408691,-8.4990062713623,"Unknown"
"6227756",371834,2025-10-09 03:16:22,43.329517364502,-8.49898910522461,"Unknown"
"6227756",371834,2025-10-09 03:26:21,43.3295059204102,-8.4990234375,"Unknown"
"6227756",371834,2025-10-09 03:36:15,43.3294296264648,-8.49834442138672,"Unknown"
"6227756",371834,2025-10-09 03:46:15,43.3292846679688,-8.49828243255615,"Unknown"
"6227756",371834,2025-10-09 03:57:51,43.329517364502,-8.49904441833496,"Unknown"
"6227756",371834,2025-10-09 04:08:04,43.3295288085938,-8.49898719787598,"Unknown"
"6227756",371834,2025-10-09 04:17:28,43.329517364502,-8.49896717071533,"Unknown"
"6227756",371834,2025-10-09 04:27:28,43.3295402526855,-8.49905014038086,"Unknown"
"6227756",371834,2025-10-09 04:37:28,43.3295211791992,-8.49901294708252,"Unknown"
"6227756",371834,2025-10-09 04:47:28,43.3294792175293,-8.49886703491211,"Unknown"
"6227756",371834,2025-10-09 04:57:28,43.3294906616211,-8.498854637146,"Unknown"
"6227756",371834,2025-10-09 05:06:40,43.3294677734375,-8.49891948699951,"Unknown"
"6227756",371834,2025-10-09 05:17:57,43.329475402832,-8.49889278411865,"Unknown"
"6227756",371834,2025-10-09 05:26:38,43.3293914794922,-8.49885272979736,"Unknown"
"6227756",371834,2025-10-09 05:36:34,43.3287506103516,-8.49912452697754,"Unknown"
"6227756",371834,2025-10-09 05:46:30,43.3286743164062,-8.49907970428467,"Unknown"
"6227756",371834,2025-10-09 05:57:47,43.3286514282227,-8.49906730651855,"Unknown"
"6227756",371834,2025-10-09 06:07:58,43.329418182373,-8.49902534484863,"Unknown"
"6227756",371834,2025-10-09 06:17:33,43.329273223877,-8.49877834320068,"Unknown"
"6227756",371834,2025-10-09 06:27:34,43.329460144043,-8.49898719787598,"Unknown"
"6227756",371834,2025-10-09 06:36:25,43.3290901184082,-8.49890995025635,"Unknown"
"6227756",371834,2025-10-09 06:46:11,43.3295249938965,-8.49909019470215,"Unknown"
"6227756",371834,2025-10-09 06:56:13,43.3294105529785,-8.49896240234375,"Unknown"
"6227756",371834,2025-10-09 07:06:21,43.3294715881348,-8.49896335601807,"Unknown"
"6227756",371834,2025-10-09 07:17:15,43.3292808532715,-8.49891376495361,"Unknown"
"6227756",371834,2025-10-09 07:26:09,43.329475402832,-8.49903202056885,"Unknown"
"6227756",371834,2025-10-09 07:36:24,43.329460144043,-8.49900817871094,"Unknown"
"6227756",371834,2025-10-09 07:46:10,43.3294715881348,-8.4990119934082,"Unknown"
"6227756",371834,2025-10-09 07:56:11,43.3294715881348,-8.49901390075684,"Unknown"
"6227756",371834,2025-10-09 08:06:12,43.329517364502,-8.49907875061035,"Unknown"
"6227756",371834,2025-10-09 08:16:12,43.329532623291,-8.4990348815918,"Unknown"
"6227756",371834,2025-10-09 08:26:28,43.3294143676758,-8.49893093109131,"Unknown"
"6227756",371834,2025-10-09 08:36:42,43.329460144043,-8.49902248382568,"Unknown"
"6227756",371834,2025-10-09 08:46:49,43.3294830322266,-8.49899673461914,"Unknown"
"6227756",371834,2025-10-09 08:56:49,43.3294258117676,-8.49903011322021,"Unknown"
"6227756",371834,2025-10-09 09:06:49,43.329418182373,-8.49902534484863,"Unknown"
"6227756",371834,2025-10-09 09:16:49,43.3294639587402,-8.49894237518311,"Unknown"
"6227756",371834,2025-10-09 09:26:49,43.329460144043,-8.49893379211426,"Unknown"
"6227756",371834,2025-10-09 09:36:49,43.329460144043,-8.49898338317871,"Unknown"
"6227756",371834,2025-10-09 09:46:51,43.329532623291,-8.49898052215576,"Unknown"
"6227756",371834,2025-10-09 09:56:51,43.3295783996582,-8.49902534484863,"Unknown"
"6227756",371834,2025-10-09 10:06:51,43.3296203613281,-8.49900817871094,"Unknown"
"6227756",371834,2025-10-09 10:16:50,43.3295364379883,-8.49903202056885,"Unknown"
"6227756",371834,2025-10-09 10:26:50,43.3295440673828,-8.4990816116333,"Unknown"
"6227756",371834,2025-10-09 10:36:52,43.3296737670898,-8.499267578125,"Unknown"
"6227756",371834,2025-10-09 10:47:02,43.3295288085938,-8.49898433685303,"Unknown"
"6227756",371834,2025-10-09 10:57:17,43.3295097351074,-8.49895286560059,"Unknown"
"6227756",371834,2025-10-09 11:06:59,43.3295440673828,-8.49894237518311,"Unknown"
"6227756",371834,2025-10-09 11:16:50,43.3297119140625,-8.49892044067383,"Unknown"
"6227756",371834,2025-10-09 11:26:50,43.3294906616211,-8.49889469146729,"Unknown"
"6227756",371834,2025-10-09 11:36:52,43.3296394348145,-8.49895095825195,"Unknown"
"6227756",371834,2025-10-09 11:47:16,43.3294677734375,-8.49893951416016,"Unknown"
"6227756",371834,2025-10-09 11:56:50,43.3294219970703,-8.49861526489258,"Unknown"
"6227756",371834,2025-10-09 12:06:53,43.329532623291,-8.49894523620605,"Unknown"
"6227756",371834,2025-10-09 12:16:54,43.3294372558594,-8.49887943267822,"Unknown"
"6227756",371834,2025-10-09 12:26:58,43.3295707702637,-8.4988842010498,"Unknown"
"6227756",371834,2025-10-09 12:37:15,43.3294067382812,-8.49899768829346,"Unknown"
"6227756",371834,2025-10-09 12:46:54,43.3295097351074,-8.49926853179932,"Unknown"
"6227756",371834,2025-10-09 12:56:55,43.3294639587402,-8.49901485443115,"Unknown"
"6227756",371834,2025-10-09 13:06:59,43.3292770385742,-8.49912548065186,"Unknown"
"6227756",371834,2025-10-09 13:17:01,43.3293075561523,-8.49925804138184,"Unknown"
"6227756",371834,2025-10-09 13:27:01,43.3296775817871,-8.49876976013184,"Unknown"
"6227756",371834,2025-10-09 13:37:23,43.3295021057129,-8.49905395507812,"Unknown"
"6227756",371834,2025-10-09 13:47:01,43.3294906616211,-8.49898338317871,"Unknown"
"6227756",371834,2025-10-09 13:57:01,43.329517364502,-8.49904441833496,"Unknown"
"6227756",371834,2025-10-09 14:07:01,43.3294677734375,-8.49899673461914,"Unknown"
"6227756",371834,2025-10-09 14:17:01,43.3295288085938,-8.49904441833496,"Unknown"
"6227756",371834,2025-10-09 14:27:14,43.3294906616211,-8.49903297424316,"Unknown"
"6227756",371834,2025-10-09 14:36:51,43.3294868469238,-8.49888324737549,"Unknown"
"6227756",371834,2025-10-09 14:47:15,43.3294677734375,-8.49908065795898,"Unknown"
"6227756",371834,2025-10-09 14:56:53,43.3295478820801,-8.49922561645508,"Unknown"
"6227756",371834,2025-10-09 15:07:01,43.3295478820801,-8.49900436401367,"Unknown"
"6227756",371834,2025-10-09 15:17:01,43.329532623291,-8.49901390075684,"Unknown"
"6227756",371834,2025-10-09 15:27:01,43.3295211791992,-8.49899101257324,"Unknown"
"6227756",371834,2025-10-09 15:37:15,43.3294410705566,-8.49913597106934,"Unknown"
"6227756",371834,2025-10-09 15:47:01,43.3295631408691,-8.49881649017334,"Unknown"
"6227756",371834,2025-10-09 15:56:55,43.329532623291,-8.49857330322266,"Unknown"
"6227756",371834,2025-10-09 16:07:23,43.3294334411621,-8.49898719787598,"Unknown"
"6227756",371834,2025-10-09 16:16:50,43.3295440673828,-8.49889183044434,"Unknown"
"6227756",371834,2025-10-09 16:26:49,43.3295135498047,-8.49900436401367,"Unknown"
"6227756",371834,2025-10-09 16:36:52,43.3295440673828,-8.49903869628906,"Unknown"
"6227756",371834,2025-10-09 16:47:14,43.3295707702637,-8.49906444549561,"Unknown"
"6227756",371834,2025-10-09 16:56:49,43.3295288085938,-8.49940967559814,"Unknown"
"6227756",371834,2025-10-09 17:06:49,43.3296012878418,-8.49942207336426,"Unknown"
"6227756",371834,2025-10-09 17:16:50,43.32958984375,-8.49938583374023,"Unknown"
"6227756",371834,2025-10-09 17:26:51,43.3295631408691,-8.49934196472168,"Unknown"
"6227756",371834,2025-10-09 17:37:15,43.3295288085938,-8.49897384643555,"Unknown"
"6227756",371834,2025-10-09 17:46:54,43.3297233581543,-8.49928092956543,"Unknown"
"6227756",371834,2025-10-09 17:56:52,43.3294105529785,-8.4986629486084,"Unknown"
"6227756",371834,2025-10-09 18:07:23,43.3295211791992,-8.49893283843994,"Unknown"
"6227756",371834,2025-10-09 18:16:49,43.329475402832,-8.49893474578857,"Unknown"
"6227756",371834,2025-10-09 18:26:49,43.3295135498047,-8.49894332885742,"Unknown"
"6227756",371834,2025-10-09 18:36:49,43.329460144043,-8.49898338317871,"Unknown"
"6227756",371834,2025-10-09 18:46:49,43.3294563293457,-8.49899768829346,"Unknown"
"6227756",371834,2025-10-09 18:56:49,43.329475402832,-8.49893856048584,"Unknown"
"6227756",371834,2025-10-09 19:06:49,43.3295059204102,-8.49896144866943,"Unknown"
"6227756",371834,2025-10-09 19:16:49,43.3294639587402,-8.49894332885742,"Unknown"
"6227756",371834,2025-10-09 19:26:49,43.3294296264648,-8.49892330169678,"Unknown"
"6227756",371834,2025-10-09 19:37:14,43.3294982910156,-8.49899482727051,"Unknown"
"6227756",371834,2025-10-09 19:47:29,43.3294830322266,-8.49901103973389,"Unknown"
"6227756",371834,2025-10-09 19:56:49,43.3295364379883,-8.49905872344971,"Unknown"
"6227756",371834,2025-10-09 20:06:50,43.3295555114746,-8.49911880493164,"Unknown"
"6227756",371834,2025-10-09 20:16:51,43.3296852111816,-8.49925327301025,"Unknown"
"6227756",371834,2025-10-09 20:26:51,43.3297500610352,-8.49936485290527,"Unknown"
"6227756",371834,2025-10-09 20:36:56,43.3294982910156,-8.49899196624756,"Unknown"
"6227756",371834,2025-10-09 20:47:14,43.3295402526855,-8.49895858764648,"Unknown"
"6227756",371834,2025-10-09 20:57:01,43.3295402526855,-8.4989652633667,"Unknown"
"6227756",371834,2025-10-09 21:07:01,43.3294830322266,-8.49892902374268,"Unknown"
"6227756",371834,2025-10-09 21:17:01,43.3294639587402,-8.49878787994385,"Unknown"
"6227756",371834,2025-10-09 21:27:01,43.3293952941895,-8.49869251251221,"Unknown"
"6227756",371834,2025-10-09 21:37:04,43.3292274475098,-8.49803256988525,"Unknown"
"6227756",371834,2025-10-09 21:47:24,43.3294563293457,-8.49897956848145,"Unknown"
"6227756",371834,2025-10-09 21:56:50,43.3295631408691,-8.49906635284424,"Unknown"
"6227756",371834,2025-10-09 22:06:50,43.329517364502,-8.49910640716553,"Unknown"
"6227756",371834,2025-10-09 22:16:51,43.3296394348145,-8.49919319152832,"Unknown"
"6227756",371834,2025-10-09 22:27:01,43.3294868469238,-8.49898719787598,"Unknown"
"6227756",371834,2025-10-09 22:37:06,43.3294715881348,-8.49912643432617,"Unknown"
"6227756",371834,2025-10-09 22:47:28,43.3295402526855,-8.49899196624756,"Unknown"
"6227756",371834,2025-10-09 22:56:50,43.3295249938965,-8.49897384643555,"Unknown"
"6227756",371834,2025-10-09 23:06:49,43.3296241760254,-8.49909782409668,"Unknown"
"6227756",371834,2025-10-09 23:16:51,43.3297805786133,-8.49947643280029,"Unknown"
"6227756",371834,2025-10-09 23:26:56,43.3297462463379,-8.49902820587158,"Unknown"
"6227756",371834,2025-10-09 23:37:14,43.3297958374023,-8.49895095825195,"Unknown"
"6227756",371834,2025-10-09 23:46:54,43.329402923584,-8.497239112854,"Unknown"
"6227756",371834,2025-10-09 23:56:56,43.3295707702637,-8.49885272979736,"Unknown"
"6227756",371834,2025-10-10 00:07:14,43.3294258117676,-8.49899291992188,"Unknown"
"6227756",371834,2025-10-10 00:16:51,43.329475402832,-8.49889755249023,"Unknown"
"6227756",371834,2025-10-10 00:26:54,43.3295440673828,-8.49947547912598,"Unknown"
"6227756",371834,2025-10-10 00:36:55,43.32958984375,-8.49943256378174,"Unknown"
"6227756",371834,2025-10-10 00:47:15,43.3294868469238,-8.49942588806152,"Unknown"
"6227756",371834,2025-10-10 00:56:52,43.3293495178223,-8.49895668029785,"Unknown"
"6227756",371834,2025-10-10 01:06:52,43.3290939331055,-8.498779296875,"Unknown"
"6227756",371834,2025-10-10 01:16:53,43.3289413452148,-8.49868202209473,"Unknown"
"6227756",371834,2025-10-10 01:26:54,43.3287582397461,-8.49839115142822,"Unknown"
"6227756",371834,2025-10-10 01:37:15,43.3291168212891,-8.49864387512207,"Unknown"
"6227756",371834,2025-10-10 01:47:00,43.3295593261719,-8.49895286560059,"Unknown"
"6227756",371834,2025-10-10 01:57:08,43.3289794921875,-8.49846267700195,"Unknown"
"6227756",371834,2025-10-10 02:07:14,43.3295021057129,-8.49910163879395,"Unknown"
"6227756",371834,2025-10-10 02:17:01,43.3294410705566,-8.49899959564209,"Unknown"
"6227756",371834,2025-10-10 02:26:52,43.329402923584,-8.49896907806396,"Unknown"
"6227756",371834,2025-10-10 02:37:23,43.3294563293457,-8.49898910522461,"Unknown"
"6227756",371834,2025-10-10 02:46:49,43.329460144043,-8.49900436401367,"Unknown"
"6227756",371834,2025-10-10 02:56:52,43.3295593261719,-8.49903297424316,"Unknown"
"6227756",371834,2025-10-10 03:06:52,43.329402923584,-8.49900436401367,"Unknown"
"6227756",371834,2025-10-10 03:16:54,43.3293495178223,-8.49876022338867,"Unknown"
"6227756",371834,2025-10-10 03:27:01,43.3294410705566,-8.49895095825195,"Unknown"
"6227756",371834,2025-10-10 03:37:02,43.3294868469238,-8.49891090393066,"Unknown"
"6227756",371834,2025-10-10 03:47:14,43.329475402832,-8.49891662597656,"Unknown"
"6227756",371834,2025-10-10 03:57:27,43.3295135498047,-8.49893093109131,"Unknown"
"6227756",371834,2025-10-10 04:06:49,43.3295364379883,-8.4989128112793,"Unknown"
"6227756",371834,2025-10-10 04:16:49,43.3295974731445,-8.49895477294922,"Unknown"
"6227756",371834,2025-10-10 04:26:50,43.3296012878418,-8.49889945983887,"Unknown"
"6227756",371834,2025-10-10 04:36:51,43.3293151855469,-8.49890422821045,"Unknown"
"6227756",371834,2025-10-10 04:47:08,43.3294563293457,-8.49895668029785,"Unknown"
"6227756",371834,2025-10-10 04:57:14,43.3294982910156,-8.49896240234375,"Unknown"
"6227756",371834,2025-10-10 05:06:50,43.329475402832,-8.49889755249023,"Unknown"
"6227756",371834,2025-10-10 05:16:49,43.329517364502,-8.49901962280273,"Unknown"
"6227756",371834,2025-10-10 05:26:49,43.3294868469238,-8.49902820587158,"Unknown"
"6227756",371834,2025-10-10 05:36:50,43.3294830322266,-8.49917316436768,"Unknown"
"6227756",371834,2025-10-10 05:47:14,43.3294563293457,-8.49901485443115,"Unknown"
"6227756",371834,2025-10-10 05:56:50,43.329402923584,-8.49899482727051,"Unknown"
"6227756",371834,2025-10-10 06:06:52,43.3294448852539,-8.49901103973389,"Unknown"
"6227756",371834,2025-10-10 06:17:10,43.3294448852539,-8.49900817871094,"Unknown"
"6227756",371834,2025-10-10 06:26:51,43.3293762207031,-8.49903202056885,"Unknown"
"6227756",371834,2025-10-10 06:36:53,43.3294258117676,-8.49909210205078,"Unknown"
"6227756",371834,2025-10-10 06:47:15,43.3297882080078,-8.49921321868896,"Unknown"
"6227756",371834,2025-10-10 06:56:53,43.3295211791992,-8.4990177154541,"Unknown"
"6227756",371834,2025-10-10 07:06:54,43.3294830322266,-8.49907302856445,"Unknown"
"6227756",371834,2025-10-10 07:16:54,43.329532623291,-8.49905872344971,"Unknown"
"6227756",371834,2025-10-10 07:26:52,43.3293685913086,-8.49905681610107,"Unknown"
"6227756",371834,2025-10-10 07:37:15,43.3294906616211,-8.49903106689453,"Unknown"
"6227756",371834,2025-10-10 07:47:23,43.3295288085938,-8.49906158447266,"Unknown"
"6227756",371834,2025-10-10 07:56:53,43.329532623291,-8.49935913085938,"Unknown"
"6227756",371834,2025-10-10 08:07:00,43.3295288085938,-8.49902248382568,"Unknown"
"6227756",371834,2025-10-10 08:17:00,43.3295516967773,-8.49892234802246,"Unknown"
"6227756",371834,2025-10-10 08:27:00,43.3295135498047,-8.49894905090332,"Unknown"
"6227756",371834,2025-10-10 08:37:15,43.32958984375,-8.49885368347168,"Unknown"
"6227756",371834,2025-10-10 08:47:23,43.3296089172363,-8.49884700775146,"Unknown"
"6227756",371834,2025-10-10 08:56:49,43.3295478820801,-8.49895763397217,"Unknown"
"6227756",371834,2025-10-10 09:06:50,43.3295974731445,-8.49886608123779,"Unknown"
"6227756",371834,2025-10-10 09:16:49,43.3296432495117,-8.49884796142578,"Unknown"
"6227756",371834,2025-10-10 09:26:49,43.3296165466309,-8.49885368347168,"Unknown"
"6227756",371834,2025-10-10 09:37:14,43.3295211791992,-8.49896907806396,"Unknown"
"6227756",371834,2025-10-10 09:46:53,43.3296165466309,-8.49894332885742,"Unknown"
"6227756",371834,2025-10-10 09:56:57,43.3294906616211,-8.49901962280273,"Unknown"
"6227756",371834,2025-10-10 10:06:53,43.3297386169434,-8.49900531768799,"Unknown"
"6227756",371834,2025-10-10 10:16:53,43.3296508789062,-8.49907398223877,"Unknown"
"6227756",371834,2025-10-10 10:26:51,43.3300857543945,-8.49925327301025,"Unknown"
"6227756",371834,2025-10-10 10:37:14,43.3294715881348,-8.49904441833496,"Unknown"
"6227756",371834,2025-10-10 10:47:00,43.329418182373,-8.49893760681152,"Unknown"
"6227756",371834,2025-10-10 10:57:00,43.3295860290527,-8.49906730651855,"Unknown"
"6227756",371834,2025-10-10 11:07:00,43.3295974731445,-8.49908542633057,"Unknown"
"6227756",371834,2025-10-10 11:16:59,43.3294792175293,-8.49893760681152,"Unknown"
"6227756",371834,2025-10-10 11:26:54,43.3295822143555,-8.49909687042236,"Unknown"
"6227756",371834,2025-10-10 11:37:14,43.329532623291,-8.49905967712402,"Unknown"
"6227756",371834,2025-10-10 11:46:51,43.3297157287598,-8.49936389923096,"Unknown"
"6227756",371834,2025-10-10 11:56:51,43.3294486999512,-8.49884223937988,"Unknown"
"6227756",371834,2025-10-10 12:06:52,43.3293914794922,-8.49897766113281,"Unknown"
"6227756",371834,2025-10-10 12:16:53,43.3295211791992,-8.49909114837646,"Unknown"
"6227756",371834,2025-10-10 12:26:53,43.3295478820801,-8.49918937683105,"Unknown"
"6227756",371834,2025-10-10 12:37:15,43.3294219970703,-8.49914073944092,"Unknown"
"6227756",371834,2025-10-10 12:47:11,43.3294639587402,-8.49904441833496,"Unknown"
"6227756",371834,2025-10-10 12:56:57,43.3294715881348,-8.49900341033936,"Unknown"
"6227756",371834,2025-10-10 13:06:53,43.3295631408691,-8.49897003173828,"Unknown"
"6227756",371834,2025-10-10 13:16:53,43.3294258117676,-8.49947643280029,"Unknown"
"6227756",371834,2025-10-10 13:26:53,43.329402923584,-8.50010395050049,"Unknown"
"6227756",371834,2025-10-10 13:37:23,43.329475402832,-8.49902439117432,"Unknown"
"6227756",371834,2025-10-10 13:46:49,43.3294525146484,-8.49899959564209,"Unknown"
"6227756",371834,2025-10-10 13:56:49,43.3295555114746,-8.49902057647705,"Unknown"
"6227756",371834,2025-10-10 14:06:51,43.3295974731445,-8.49901008605957,"Unknown"
"6227756",371834,2025-10-10 14:17:00,43.329517364502,-8.49906158447266,"Unknown"
"6227756",371834,2025-10-10 14:26:52,43.3294944763184,-8.49859523773193,"Unknown"
"6227756",371834,2025-10-10 14:37:15,43.3295631408691,-8.49905776977539,"Unknown"
"6227756",371834,2025-10-10 14:46:49,43.3295059204102,-8.49921035766602,"Unknown"
"6227756",371834,2025-10-10 14:56:53,43.3295822143555,-8.49840450286865,"Unknown"
"6227756",371834,2025-10-10 15:07:23,43.3294982910156,-8.49898529052734,"Unknown"
"6227756",371834,2025-10-10 15:16:49,43.329532623291,-8.49889183044434,"Unknown"
"6227756",371834,2025-10-10 15:26:51,43.3295135498047,-8.49870491027832,"Unknown"
"6227756",371834,2025-10-10 15:36:49,43.3294525146484,-8.49885177612305,"Unknown"
"6227756",371834,2025-10-10 15:47:14,43.3295135498047,-8.4989128112793,"Unknown"
"6227756",371834,2025-10-10 15:56:49,43.3295059204102,-8.49904441833496,"Unknown"
"6227756",371834,2025-10-10 16:06:53,43.3295059204102,-8.49882030487061,"Unknown"
"6227756",371834,2025-10-10 16:16:53,43.3295516967773,-8.49901103973389,"Unknown"
"6227756",371834,2025-10-10 16:26:54,43.3294792175293,-8.49897289276123,"Unknown"
"6227756",371834,2025-10-10 16:37:23,43.3295440673828,-8.49890327453613,"Unknown"
"6227756",371834,2025-10-10 16:46:52,43.3295135498047,-8.49892520904541,"Unknown"
"6227756",371834,2025-10-10 16:57:01,43.3294830322266,-8.4987964630127,"Unknown"
"6227756",371834,2025-10-10 17:07:59,43.3295135498047,-8.49895668029785,"Unknown"
"6227756",371834,2025-10-10 17:16:51,43.3295822143555,-8.49905872344971,"Unknown"
"6227756",371834,2025-10-10 17:26:52,43.3295021057129,-8.49887657165527,"Unknown"
"6227756",371834,2025-10-10 17:36:51,43.3296318054199,-8.49899482727051,"Unknown"
"6227756",371834,2025-10-10 17:46:52,43.3296585083008,-8.49871921539307,"Unknown"
"6227756",371834,2025-10-10 17:57:14,43.3296508789062,-8.49893093109131,"Unknown"
"6227756",371834,2025-10-10 18:06:52,43.3296051025391,-8.49893093109131,"Unknown"
"6227756",371834,2025-10-10 18:16:49,43.3296279907227,-8.49905490875244,"Unknown"
"6227756",371834,2025-10-10 18:26:49,43.3295021057129,-8.49892997741699,"Unknown"
"6227756",371834,2025-10-10 18:36:50,43.32958984375,-8.49899864196777,"Unknown"
"6227756",371834,2025-10-10 18:46:51,43.3294486999512,-8.49894618988037,"Unknown"
"6227756",371834,2025-10-10 18:56:50,43.3293418884277,-8.49887847900391,"Unknown"
"6227756",371834,2025-10-10 19:06:59,43.3296394348145,-8.49909400939941,"Unknown"
"6227756",371834,2025-10-10 19:17:23,43.3294792175293,-8.49897766113281,"Unknown"
"6227756",371834,2025-10-10 19:26:50,43.3294410705566,-8.49889183044434,"Unknown"
"6227756",371834,2025-10-10 19:36:53,43.3294486999512,-8.49887847900391,"Unknown"
"6227756",371834,2025-10-10 19:47:14,43.3294677734375,-8.49899482727051,"Unknown"
"6227756",371834,2025-10-10 19:56:50,43.3295021057129,-8.49900722503662,"Unknown"
"6227756",371834,2025-10-10 20:06:53,43.3290023803711,-8.49853801727295,"Unknown"
"6227756",371834,2025-10-10 20:17:35,43.3294715881348,-8.49898529052734,"Unknown"
"6227756",371834,2025-10-10 20:26:52,43.3296394348145,-8.49917602539062,"Unknown"
"6227756",371834,2025-10-10 20:37:14,43.3295288085938,-8.49902820587158,"Unknown"
"6227756",371834,2025-10-10 20:46:53,43.3295211791992,-8.49900054931641,"Unknown"
"6227756",371834,2025-10-10 20:56:55,43.3295021057129,-8.49893951416016,"Unknown"
"6227756",371834,2025-10-10 21:06:57,43.3294525146484,-8.49897003173828,"Unknown"
"6227756",371834,2025-10-10 21:17:00,43.3294639587402,-8.49884796142578,"Unknown"
"6227756",371834,2025-10-10 21:27:00,43.3294067382812,-8.49868965148926,"Unknown"
"6227756",371834,2025-10-10 21:37:11,43.3291702270508,-8.49789047241211,"Unknown"
"6227756",371834,2025-10-10 21:47:23,43.329460144043,-8.49899673461914,"Unknown"
"6227756",371834,2025-10-10 21:56:50,43.3296127319336,-8.49927520751953,"Unknown"
"6227756",371834,2025-10-10 22:06:50,43.3295516967773,-8.49920749664307,"Unknown"
"6227756",371834,2025-10-10 22:16:51,43.3295402526855,-8.49909591674805,"Unknown"
"6227756",371834,2025-10-10 22:27:00,43.3294906616211,-8.49904441833496,"Unknown"
"6227756",371834,2025-10-10 22:36:58,43.3294639587402,-8.49906349182129,"Unknown"
"6227756",371834,2025-10-10 22:47:03,43.3295021057129,-8.49901676177979,"Unknown"
"6227756",371834,2025-10-10 22:57:14,43.3294563293457,-8.49910926818848,"Unknown"
"6227756",371834,2025-10-10 23:06:49,43.3295135498047,-8.4989013671875,"Unknown"
"6227756",371834,2025-10-10 23:16:50,43.3294868469238,-8.49948406219482,"Unknown"
"6227756",371834,2025-10-10 23:26:55,43.3294830322266,-8.4990816116333,"Unknown"
"6227756",371834,2025-10-10 23:37:23,43.329460144043,-8.49909782409668,"Unknown"
"6227756",371834,2025-10-10 23:46:54,43.32958984375,-8.49955272674561,"Unknown"
"6227756",371834,2025-10-10 23:56:55,43.3296737670898,-8.49977779388428,"Unknown"
"6227756",371834,2025-10-11 00:07:02,43.3294067382812,-8.49882030487061,"Unknown"
"6227756",371834,2025-10-11 00:16:59,43.3293418884277,-8.49868202209473,"Unknown"
"6227756",371834,2025-10-11 00:27:03,43.3296165466309,-8.49915599822998,"Unknown"
"6227756",371834,2025-10-11 00:37:15,43.3294410705566,-8.49898433685303,"Unknown"
"6227756",371834,2025-10-11 00:46:50,43.3293533325195,-8.4988899230957,"Unknown"
"6227756",371834,2025-10-11 00:56:49,43.3295593261719,-8.49892139434814,"Unknown"
"6227756",371834,2025-10-11 01:06:50,43.3293113708496,-8.49873733520508,"Unknown"
"6227756",371834,2025-10-11 01:16:50,43.3292770385742,-8.49860572814941,"Unknown"
"6227756",371834,2025-10-11 01:27:23,43.3295860290527,-8.49904918670654,"Unknown"
"6227756",371834,2025-10-11 01:36:50,43.3293762207031,-8.49861431121826,"Unknown"
"6227756",371834,2025-10-11 01:47:15,43.3297538757324,-8.49921035766602,"Unknown"
"6227756",371834,2025-10-11 01:57:04,43.3302268981934,-8.499680519104,"Unknown"
"6227756",371834,2025-10-11 02:07:29,43.3294906616211,-8.49905586242676,"Unknown"
"6227756",371834,2025-10-11 02:16:50,43.329475402832,-8.4992151260376,"Unknown"
"6227756",371834,2025-10-11 02:26:50,43.3295822143555,-8.49905490875244,"Unknown"
"6227756",371834,2025-10-11 02:36:51,43.3295135498047,-8.49932289123535,"Unknown"
"6227756",371834,2025-10-11 02:46:54,43.3296432495117,-8.49807262420654,"Unknown"
"6227756",371834,2025-10-11 02:57:00,43.3295936584473,-8.49896812438965,"Unknown"
"6227756",371834,2025-10-11 03:07:00,43.3295593261719,-8.49900436401367,"Unknown"
"6227756",371834,2025-10-11 03:16:57,43.3295936584473,-8.4989709854126,"Unknown"
"6227756",371834,2025-10-11 03:26:52,43.3295745849609,-8.49911022186279,"Unknown"
"6227756",371834,2025-10-11 03:36:53,43.3296737670898,-8.49941062927246,"Unknown"
"6227756",371834,2025-10-11 03:47:29,43.3294677734375,-8.49902534484863,"Unknown"
"6227756",371834,2025-10-11 03:56:49,43.3295288085938,-8.49885749816895,"Unknown"
"6227756",371834,2025-10-11 04:06:49,43.3295402526855,-8.49886798858643,"Unknown"
"6227756",371834,2025-10-11 04:16:49,43.329517364502,-8.49887371063232,"Unknown"
"6227756",371834,2025-10-11 04:26:49,43.329475402832,-8.49896812438965,"Unknown"
"6227756",371834,2025-10-11 04:37:14,43.3294982910156,-8.49896430969238,"Unknown"
"6227756",371834,2025-10-11 04:46:49,43.329475402832,-8.49892616271973,"Unknown"
"6227756",371834,2025-10-11 04:56:50,43.3293876647949,-8.49895191192627,"Unknown"
"6227756",371834,2025-10-11 05:06:49,43.3293991088867,-8.4990348815918,"Unknown"
"6227756",371834,2025-10-11 05:16:52,43.329833984375,-8.49875164031982,"Unknown"
"6227756",371834,2025-10-11 05:26:54,43.3294143676758,-8.49901103973389,"Unknown"
"6227756",371834,2025-10-11 05:37:14,43.329475402832,-8.49897480010986,"Unknown"
"6227756",371834,2025-10-11 05:46:52,43.329532623291,-8.49892234802246,"Unknown"
"6227756",371834,2025-10-11 05:56:52,43.3295822143555,-8.49895858764648,"Unknown"
"6227756",371834,2025-10-11 06:07:14,43.329517364502,-8.4989128112793,"Unknown"
"6227756",371834,2025-10-11 06:16:53,43.3296203613281,-8.49853897094727,"Unknown"
"6227756",371834,2025-10-11 06:26:55,43.3295516967773,-8.49885654449463,"Unknown"
"6227756",371834,2025-10-11 06:37:00,43.3295593261719,-8.49884510040283,"Unknown"
"6227756",371834,2025-10-11 06:47:15,43.3294639587402,-8.49887657165527,"Unknown"
"6227756",371834,2025-10-11 06:57:23,43.3294639587402,-8.49895858764648,"Unknown"
"6227756",371834,2025-10-11 07:06:49,43.3295288085938,-8.49904632568359,"Unknown"
"6227756",371834,2025-10-11 07:16:50,43.330135345459,-8.49983406066895,"Unknown"
"6227756",371834,2025-10-11 07:27:16,43.3301544189453,-8.4997673034668,"Unknown"
"6227756",371834,2025-10-11 07:37:09,43.3297309875488,-8.49923992156982,"Unknown"
"6227756",371834,2025-10-11 07:47:14,43.3296661376953,-8.49916553497314,"Unknown"
"6227756",371834,2025-10-11 07:57:12,43.3295631408691,-8.49894618988037,"Unknown"
"6227756",371834,2025-10-11 08:07:23,43.3295288085938,-8.49889087677002,"Unknown"
"6227756",371834,2025-10-11 08:16:54,43.3294906616211,-8.49874305725098,"Unknown"
"6227756",371834,2025-10-11 08:27:23,43.3295364379883,-8.49892425537109,"Unknown"
"6227756",371834,2025-10-11 08:36:49,43.32958984375,-8.49883270263672,"Unknown"
"6227756",371834,2025-10-11 08:47:14,43.3295516967773,-8.49892520904541,"Unknown"
"6227756",371834,2025-10-11 08:56:49,43.3295669555664,-8.49890518188477,"Unknown"
"6227756",371834,2025-10-11 09:06:50,43.3296508789062,-8.4988317489624,"Unknown"
"6227756",371834,2025-10-11 09:16:49,43.3294563293457,-8.49895668029785,"Unknown"
"6227756",371834,2025-10-11 09:26:51,43.3295593261719,-8.4989185333252,"Unknown"
"6227756",371834,2025-10-11 09:37:15,43.3295059204102,-8.49899768829346,"Unknown"
"6227756",371834,2025-10-11 09:46:49,43.3296241760254,-8.49895000457764,"Unknown"
"6227756",371834,2025-10-11 09:56:50,43.3293800354004,-8.49900341033936,"Unknown"
"6227756",371834,2025-10-11 10:06:53,43.3295593261719,-8.49900054931641,"Unknown"
"6227756",371834,2025-10-11 10:16:53,43.32958984375,-8.49904251098633,"Unknown"
"6227756",371834,2025-10-11 10:26:57,43.3294219970703,-8.49893951416016,"Unknown"
"6227756",371834,2025-10-11 10:37:23,43.3294868469238,-8.49898719787598,"Unknown"
"6227756",371834,2025-10-11 10:47:00,43.3294792175293,-8.49895191192627,"Unknown"
"6227756",371834,2025-10-11 10:57:00,43.3294868469238,-8.49896812438965,"Unknown"
"6227756",371834,2025-10-11 11:07:00,43.3294906616211,-8.49898052215576,"Unknown"
"6227756",371834,2025-10-11 11:16:58,43.3294982910156,-8.49900245666504,"Unknown"
"6227756",371834,2025-10-11 11:26:54,43.3293685913086,-8.49879264831543,"Unknown"
"6227756",371834,2025-10-11 11:37:14,43.3295135498047,-8.49897861480713,"Unknown"
"6227756",371834,2025-10-11 11:46:50,43.3293609619141,-8.49883079528809,"Unknown"
"6227756",371834,2025-10-11 11:56:50,43.3294563293457,-8.49888896942139,"Unknown"
"6227756",371834,2025-10-11 12:06:51,43.3306159973145,-8.49975681304932,"Unknown"
"6227756",371834,2025-10-11 12:16:53,43.3292846679688,-8.49875736236572,"Unknown"
"6227756",371834,2025-10-11 12:26:52,43.3293952941895,-8.49893283843994,"Unknown"
"6227756",371834,2025-10-11 12:37:23,43.3295021057129,-8.49900817871094,"Unknown"
"6227756",371834,2025-10-11 12:46:49,43.3295555114746,-8.49899959564209,"Unknown"
"6227756",371834,2025-10-11 12:56:49,43.3294792175293,-8.49898815155029,"Unknown"
"6227756",371834,2025-10-11 13:06:49,43.3294906616211,-8.49898338317871,"Unknown"
"6227756",371834,2025-10-11 13:16:49,43.3294525146484,-8.49902725219727,"Unknown"
"6227756",371834,2025-10-11 13:26:49,43.3295822143555,-8.49897861480713,"Unknown"
"6227756",371834,2025-10-11 13:36:49,43.3294372558594,-8.49897289276123,"Unknown"
"6227756",371834,2025-10-11 13:46:49,43.3295097351074,-8.49897861480713,"Unknown"
"6227756",371834,2025-10-11 13:56:57,43.3295097351074,-8.49904155731201,"Unknown"
"6227756",371834,2025-10-11 14:06:52,43.3291893005371,-8.49867820739746,"Unknown"
"6227756",371834,2025-10-11 14:16:54,43.3295822143555,-8.49905872344971,"Unknown"
"6227756",371834,2025-10-11 14:27:14,43.3295288085938,-8.49900150299072,"Unknown"
"6227756",371834,2025-10-11 14:37:06,43.3294868469238,-8.49870300292969,"Unknown"
"6227756",371834,2025-10-11 14:47:23,43.3295249938965,-8.49896144866943,"Unknown"
"6227756",371834,2025-10-11 14:56:53,43.3295707702637,-8.49872398376465,"Unknown"
"6227756",371834,2025-10-11 15:06:52,43.3292465209961,-8.49941253662109,"Unknown"
"6227756",371834,2025-10-11 15:16:55,43.3294639587402,-8.4989128112793,"Unknown"
"6227756",371834,2025-10-11 15:26:52,43.3293685913086,-8.49906158447266,"Unknown"
"6227756",371834,2025-10-11 15:37:14,43.3294067382812,-8.49895000457764,"Unknown"
"6227756",371834,2025-10-11 15:47:00,43.3296432495117,-8.4988260269165,"Unknown"
"6227756",371834,2025-10-11 15:57:00,43.3293533325195,-8.49910831451416,"Unknown"
"6227756",371834,2025-10-11 16:07:23,43.329532623291,-8.49889755249023,"Unknown"
"6227756",371834,2025-10-11 16:16:49,43.3295593261719,-8.49892711639404,"Unknown"
"6227756",371834,2025-10-11 16:26:51,43.3295402526855,-8.4989595413208,"Unknown"
"6227756",371834,2025-10-11 16:36:53,43.3295059204102,-8.49889755249023,"Unknown"
"6227756",371834,2025-10-11 16:46:53,43.3295249938965,-8.49893474578857,"Unknown"
"6227756",371834,2025-10-11 16:57:35,43.3295402526855,-8.4989595413208,"Unknown"
"6227756",371834,2025-10-11 17:06:50,43.3295936584473,-8.49906921386719,"Unknown"
"6227756",371834,2025-10-11 17:18:14,43.3295516967773,-8.49896430969238,"Unknown"
"6227756",371834,2025-10-11 17:28:14,43.3295555114746,-8.49893665313721,"Unknown"
"6227756",371834,2025-10-11 17:36:54,43.3296127319336,-8.49890232086182,"Unknown"
"6227756",371834,2025-10-11 17:47:12,43.3296661376953,-8.49892330169678,"Unknown"
"6227756",371834,2025-10-11 17:57:00,43.3296165466309,-8.49895572662354,"Unknown"
"6227756",371834,2025-10-11 18:06:54,43.3295631408691,-8.49900436401367,"Unknown"
"6227756",371834,2025-10-11 18:16:49,43.3295555114746,-8.49897003173828,"Unknown"
"6227756",371834,2025-10-11 18:26:50,43.329719543457,-8.49909591674805,"Unknown"
"6227756",371834,2025-10-11 18:36:51,43.3295631408691,-8.49901390075684,"Unknown"
"6227756",371834,2025-10-11 18:46:50,43.3296852111816,-8.49913597106934,"Unknown"
"6227756",371834,2025-10-11 18:56:51,43.3294143676758,-8.49896430969238,"Unknown"
"6227756",371834,2025-10-11 19:07:23,43.3294868469238,-8.49899005889893,"Unknown"
"6227756",371834,2025-10-11 19:16:49,43.3294868469238,-8.49889469146729,"Unknown"
"6227756",371834,2025-10-11 19:26:49,43.3295059204102,-8.49897003173828,"Unknown"
"6227756",371834,2025-10-11 19:36:52,43.3294563293457,-8.49889659881592,"Unknown"
"6227756",371834,2025-10-11 19:47:14,43.3295288085938,-8.49905014038086,"Unknown"
"6227756",371834,2025-10-11 19:56:50,43.3295593261719,-8.49898052215576,"Unknown"
"6227756",371834,2025-10-11 20:06:50,43.3294830322266,-8.49912357330322,"Unknown"
"6227756",371834,2025-10-11 20:16:54,43.3297157287598,-8.49901485443115,"Unknown"
"6227756",371834,2025-10-11 20:26:57,43.32958984375,-8.49906063079834,"Unknown"
"6227756",371834,2025-10-11 20:37:14,43.3294715881348,-8.49904346466064,"Unknown"
"6227756",371834,2025-10-11 20:46:49,43.3294830322266,-8.49900436401367,"Unknown"
"6227756",371834,2025-10-11 20:56:50,43.3295211791992,-8.49893188476562,"Unknown"
"6227756",371834,2025-10-11 21:06:50,43.3295249938965,-8.49902629852295,"Unknown"
"6227756",371834,2025-10-11 21:16:51,43.3294830322266,-8.499098777771,"Unknown"
"6227756",371834,2025-10-11 21:26:50,43.3295364379883,-8.49913883209229,"Unknown"
"6227756",371834,2025-10-11 21:37:15,43.3294906616211,-8.49894714355469,"Unknown"
"6227756",371834,2025-10-11 21:46:51,43.3295288085938,-8.49906921386719,"Unknown"
"6227756",371834,2025-10-11 21:57:14,43.3295059204102,-8.49898242950439,"Unknown"
"6227756",371834,2025-10-11 22:06:53,43.3296165466309,-8.49913883209229,"Unknown"
"6227756",371834,2025-10-11 22:16:54,43.329761505127,-8.499755859375,"Unknown"
"6227756",371834,2025-10-11 22:27:20,43.3294486999512,-8.49888134002686,"Unknown"
"6227756",371834,2025-10-11 22:37:29,43.3295516967773,-8.49911975860596,"Unknown"
"6227756",371834,2025-10-11 22:46:50,43.3295707702637,-8.49892711639404,"Unknown"
"6227756",371834,2025-10-11 22:56:50,43.3295516967773,-8.49894142150879,"Unknown"
"6227756",371834,2025-10-11 23:06:51,43.3295440673828,-8.49910640716553,"Unknown"
"6227756",371834,2025-10-11 23:16:50,43.3294906616211,-8.49886989593506,"Unknown"
"6227756",371834,2025-10-11 23:26:50,43.3296318054199,-8.49943542480469,"Unknown"
"6227756",371834,2025-10-11 23:36:56,43.3295364379883,-8.49886035919189,"Unknown"
"6227756",371834,2025-10-11 23:46:56,43.3295440673828,-8.49883079528809,"Unknown"
"6227756",371834,2025-10-11 23:57:00,43.3295364379883,-8.49878787994385,"Unknown"
"6227756",371834,2025-10-12 00:07:01,43.3295516967773,-8.4985466003418,"Unknown"
"6227756",371834,2025-10-12 00:17:01,43.329532623291,-8.4985933303833,"Unknown"
"6227756",371834,2025-10-12 00:27:14,43.3294982910156,-8.49898147583008,"Unknown"
"6227756",371834,2025-10-12 00:37:01,43.3296012878418,-8.49881267547607,"Unknown"
"6227756",371834,2025-10-12 00:47:24,43.3294334411621,-8.49899196624756,"Unknown"
"6227756",371834,2025-10-12 00:56:51,43.3294792175293,-8.49901962280273,"Unknown"
"6227756",371834,2025-10-12 01:06:50,43.3295249938965,-8.49900913238525,"Unknown"
"6227756",371834,2025-10-12 01:16:50,43.3294792175293,-8.49907970428467,"Unknown"
"6227756",371834,2025-10-12 01:26:52,43.3295707702637,-8.49912166595459,"Unknown"
"6227756",371834,2025-10-12 01:36:52,43.3294868469238,-8.49905681610107,"Unknown"
"6227756",371834,2025-10-12 01:46:56,43.3294296264648,-8.49902439117432,"Unknown"
"6227756",371834,2025-10-12 01:56:58,43.3295478820801,-8.49904537200928,"Unknown"
"6227756",371834,2025-10-12 02:06:54,43.3295249938965,-8.49918746948242,"Unknown"
"6227756",371834,2025-10-12 02:17:14,43.3294715881348,-8.49918842315674,"Unknown"
"6227756",371834,2025-10-12 02:27:01,43.3294906616211,-8.49918174743652,"Unknown"
"6227756",371834,2025-10-12 02:37:02,43.3294868469238,-8.49941539764404,"Unknown"
"6227756",371834,2025-10-12 02:47:23,43.3294868469238,-8.49896621704102,"Unknown"
"6227756",371834,2025-10-12 02:56:52,43.3295059204102,-8.4990816116333,"Unknown"
"6227756",371834,2025-10-12 03:06:52,43.3296699523926,-8.49880313873291,"Unknown"
"6227756",371834,2025-10-12 03:16:53,43.3295669555664,-8.49892425537109,"Unknown"
"6227756",371834,2025-10-12 03:26:55,43.3295364379883,-8.49905204772949,"Unknown"
"6227756",371834,2025-10-12 03:37:15,43.3294868469238,-8.49893951416016,"Unknown"
"6227756",371834,2025-10-12 03:46:51,43.3287734985352,-8.49958419799805,"Unknown"
"6227756",371834,2025-10-12 03:56:55,43.3293838500977,-8.49910163879395,"Unknown"
"6227756",371834,2025-10-12 04:06:53,43.330135345459,-8.49842834472656,"Unknown"
"6227756",371834,2025-10-12 04:17:02,43.3295059204102,-8.49899864196777,"Unknown"
"6227756",371834,2025-10-12 04:26:56,43.3294143676758,-8.49910259246826,"Unknown"
"6227756",371834,2025-10-12 04:37:15,43.3294448852539,-8.49886703491211,"Unknown"
"6227756",371834,2025-10-12 04:47:09,43.3296394348145,-8.49892044067383,"Unknown"
"6227756",371834,2025-10-12 04:57:20,43.3296546936035,-8.49894428253174,"Unknown"
"6227756",371834,2025-10-12 05:06:51,43.3296699523926,-8.49907493591309,"Unknown"
"6227756",371834,2025-10-12 05:16:53,43.3296737670898,-8.49900722503662,"Unknown"
"6227756",371834,2025-10-12 05:26:54,43.3296813964844,-8.49904727935791,"Unknown"
"6227756",371834,2025-10-12 05:36:58,43.3296737670898,-8.49899673461914,"Unknown"
"6227756",371834,2025-10-12 05:47:15,43.329647064209,-8.49896717071533,"Unknown"
"6227756",371834,2025-10-12 05:56:53,43.3296775817871,-8.49897193908691,"Unknown"
"6227756",371834,2025-10-12 06:06:55,43.3294906616211,-8.49908828735352,"Unknown"
"6227756",371834,2025-10-12 06:17:07,43.3297386169434,-8.49900722503662,"Unknown"
"6227756",371834,2025-10-12 06:27:14,43.3295860290527,-8.49905872344971,"Unknown"
"6227756",371834,2025-10-12 06:37:01,43.3295822143555,-8.49902820587158,"Unknown"
"6227756",371834,2025-10-12 06:47:23,43.3294525146484,-8.4989595413208,"Unknown"
"6227756",371834,2025-10-12 06:56:50,43.3294296264648,-8.4989767074585,"Unknown"
"6227756",371834,2025-10-12 07:06:52,43.3294525146484,-8.49893379211426,"Unknown"
"6227756",371834,2025-10-12 07:17:23,43.3294639587402,-8.49900531768799,"Unknown"
"6227756",371834,2025-10-12 07:26:51,43.3294677734375,-8.49898338317871,"Unknown"
"6227756",371834,2025-10-12 07:36:53,43.3294334411621,-8.49894046783447,"Unknown"
"6227756",371834,2025-10-12 07:47:15,43.3294715881348,-8.49902820587158,"Unknown"
"6227756",371834,2025-10-12 07:56:50,43.3295478820801,-8.49917125701904,"Unknown"
"6227756",371834,2025-10-12 08:06:53,43.3294486999512,-8.49888324737549,"Unknown"
"6227756",371834,2025-10-12 08:17:18,43.3294868469238,-8.49904155731201,"Unknown"
"6227756",371834,2025-10-12 08:26:55,43.3295288085938,-8.49932479858398,"Unknown"
"6227756",371834,2025-10-12 08:36:54,43.3295059204102,-8.49938774108887,"Unknown"
"6227756",371834,2025-10-12 08:47:15,43.3295669555664,-8.49917697906494,"Unknown"
"6227756",371834,2025-10-12 08:56:52,43.3295478820801,-8.49912357330322,"Unknown"
"6227756",371834,2025-10-12 09:07:01,43.3295593261719,-8.49911308288574,"Unknown"
"6227756",371834,2025-10-12 09:16:52,43.3295440673828,-8.4991512298584,"Unknown"
"6227756",371834,2025-10-12 09:26:53,43.3296203613281,-8.49910545349121,"Unknown"
"6227756",371834,2025-10-12 09:36:53,43.329460144043,-8.49916934967041,"Unknown"
"6227756",371834,2025-10-12 09:46:53,43.3300170898438,-8.49896430969238,"Unknown"
"6227756",371834,2025-10-12 09:56:54,43.3313102722168,-8.4990406036377,"Unknown"
"6227756",371834,2025-10-12 10:06:59,43.329460144043,-8.49901294708252,"Unknown"
"6227756",371834,2025-10-12 10:16:53,43.3299026489258,-8.49917125701904,"Unknown"
"6227756",371834,2025-10-12 10:26:53,43.3295974731445,-8.49907684326172,"Unknown"
"6227756",371834,2025-10-12 10:37:01,43.3294334411621,-8.49881267547607,"Unknown"
"6227756",371834,2025-10-12 10:47:02,43.3294715881348,-8.49874687194824,"Unknown"
"6227756",371834,2025-10-12 10:56:53,43.3295936584473,-8.49887847900391,"Unknown"
"6227756",371834,2025-10-12 11:06:54,43.3295593261719,-8.49899291992188,"Unknown"
"6227756",371834,2025-10-12 11:16:51,43.3295822143555,-8.49887657165527,"Unknown"
"6227756",371834,2025-10-12 11:26:52,43.3295783996582,-8.49909782409668,"Unknown"
"6227756",371834,2025-10-12 11:36:51,43.3295288085938,-8.49904155731201,"Unknown"
"6227756",371834,2025-10-12 11:46:51,43.3295936584473,-8.4991455078125,"Unknown"
"6227756",371834,2025-10-12 11:56:52,43.3297309875488,-8.49907493591309,"Unknown"
"6227756",371834,2025-10-12 12:07:01,43.3296318054199,-8.49913120269775,"Unknown"
"6227756",371834,2025-10-12 12:16:52,43.3356857299805,-8.50330066680908,"Unknown"
"6227756",371834,2025-10-12 12:26:58,43.3292961120605,-8.49943828582764,"Unknown"
"6227756",371834,2025-10-12 12:36:51,43.334587097168,-8.50552177429199,"Unknown"
"6227756",371834,2025-10-12 12:46:57,43.3294677734375,-8.49930381774902,"Unknown"
"6227756",371834,2025-10-12 12:56:53,43.3296546936035,-8.49915218353271,"Unknown"
"6227756",371834,2025-10-12 13:06:54,43.329647064209,-8.49914264678955,"Unknown"
"6227756",371834,2025-10-12 13:17:01,43.3295059204102,-8.49904537200928,"Unknown"
"6227756",371834,2025-10-12 13:27:05,43.3294982910156,-8.49908828735352,"Unknown"
"6227756",371834,2025-10-12 13:36:57,43.3295707702637,-8.49906539916992,"Unknown"
"6227756",371834,2025-10-12 13:46:53,43.3298110961914,-8.49926090240479,"Unknown"
"6227756",371834,2025-10-12 13:56:53,43.3297271728516,-8.49926280975342,"Unknown"
"6227756",371834,2025-10-12 14:06:53,43.3296966552734,-8.49916458129883,"Unknown"
"6227756",371834,2025-10-12 14:17:06,43.3297233581543,-8.49910449981689,"Unknown"
"6227756",371834,2025-10-12 14:26:54,43.3293914794922,-8.49945163726807,"Unknown"
"6227756",371834,2025-10-12 14:36:55,43.3295402526855,-8.49880123138428,"Unknown"
"6227756",371834,2025-10-12 14:46:51,43.3298950195312,-8.49736976623535,"Unknown"
"6227756",371834,2025-10-12 14:56:52,43.3298416137695,-8.49758148193359,"Unknown"
"6227756",371834,2025-10-12 15:06:52,43.3297157287598,-8.49785995483398,"Unknown"
"6227756",371834,2025-10-12 15:17:03,43.329475402832,-8.49884605407715,"Unknown"
"6227756",371834,2025-10-12 15:26:52,43.3296012878418,-8.49835777282715,"Unknown"
"6227756",371834,2025-10-12 15:36:53,43.329517364502,-8.49875354766846,"Unknown"
"6227756",371834,2025-10-12 15:46:52,43.3294830322266,-8.49891471862793,"Unknown"
"6227756",371834,2025-10-12 15:56:51,43.3294563293457,-8.49893665313721,"Unknown"
"6227756",371834,2025-10-12 16:06:52,43.3293724060059,-8.49917411804199,"Unknown"
"6227756",371834,2025-10-12 16:16:51,43.329345703125,-8.49912929534912,"Unknown"
"6227756",371834,2025-10-12 16:26:51,43.3293914794922,-8.49916362762451,"Unknown"
"6227756",371834,2025-10-12 16:36:57,43.3292617797852,-8.49885368347168,"Unknown"
"6227756",371834,2025-10-12 16:47:00,43.3291664123535,-8.49883365631104,"Unknown"
"6227756",371834,2025-10-12 16:57:00,43.3291244506836,-8.49891185760498,"Unknown"
"6227756",371834,2025-10-12 17:06:54,43.3288536071777,-8.49876880645752,"Unknown"
"6227756",371834,2025-10-12 17:16:54,43.3287315368652,-8.49879837036133,"Unknown"
"6227756",371834,2025-10-12 17:26:54,43.3284759521484,-8.49888229370117,"Unknown"
"6227756",371834,2025-10-12 17:37:07,43.3292350769043,-8.49901580810547,"Unknown"
"6227756",371834,2025-10-12 17:47:00,43.329345703125,-8.49898147583008,"Unknown"
"6227756",371834,2025-10-12 17:56:54,43.3295860290527,-8.49863052368164,"Unknown"
"6227756",371834,2025-10-12 18:06:55,43.3294944763184,-8.49871826171875,"Unknown"
"6227756",371834,2025-10-12 18:16:53,43.3295364379883,-8.49870586395264,"Unknown"
"6227756",371834,2025-10-12 18:26:52,43.329704284668,-8.49885177612305,"Unknown"
"6227756",371834,2025-10-12 18:36:52,43.3297309875488,-8.49895095825195,"Unknown"
"6227756",371834,2025-10-12 18:46:53,43.3296966552734,-8.49905967712402,"Unknown"
"6227756",371834,2025-10-12 18:57:00,43.3297309875488,-8.49901390075684,"Unknown"
"6227756",371834,2025-10-12 19:06:59,43.3297691345215,-8.49921798706055,"Unknown"
"6227756",371834,2025-10-12 19:17:00,43.3244514465332,-8.4928560256958,"Unknown"
"6227756",371834,2025-10-12 19:26:59,43.3240013122559,-8.49215221405029,"Unknown"
"6227756",371834,2025-10-12 19:37:00,43.3248710632324,-8.49286556243896,"Unknown"
"6227756",371834,2025-10-12 19:47:05,43.3250999450684,-8.49364376068115,"Unknown"
"6227756",371834,2025-10-12 19:56:59,43.3245849609375,-8.49501419067383,"Unknown"
"6227756",371834,2025-10-12 20:07:04,43.3124389648438,-8.4967737197876,"Unknown"
"6227756",371834,2025-10-12 20:16:59,43.3105430603027,-8.49767780303955,"Unknown"
"6227756",371834,2025-10-12 20:27:00,43.3089942932129,-8.4975528717041,"Unknown"
"6227756",371834,2025-10-12 20:37:14,43.3308868408203,-8.49275493621826,"Unknown"
"6227756",371834,2025-10-12 20:47:23,43.3294830322266,-8.49899291992188,"Unknown"
"6227756",371834,2025-10-12 20:56:51,43.3295097351074,-8.49899291992188,"Unknown"
"6227756",371834,2025-10-12 21:06:51,43.3294525146484,-8.49898910522461,"Unknown"
"6227756",371834,2025-10-12 21:16:51,43.3295021057129,-8.49893760681152,"Unknown"
"6227756",371834,2025-10-12 21:26:50,43.3294944763184,-8.49891090393066,"Unknown"
"6227756",371834,2025-10-12 21:36:51,43.3294906616211,-8.49899864196777,"Unknown"
"6227756",371834,2025-10-12 21:46:52,43.3294525146484,-8.49896049499512,"Unknown"
"6227756",371834,2025-10-12 21:56:51,43.333179473877,-8.49670791625977,"Unknown"
"6227756",371834,2025-10-12 22:06:52,43.3293914794922,-8.4989767074585,"Unknown"
"6227756",371834,2025-10-12 22:16:54,43.3294296264648,-8.49899673461914,"Unknown"
"6227756",371834,2025-10-12 22:27:00,43.3298225402832,-8.49885749816895,"Unknown"
"6227756",371834,2025-10-12 22:37:02,43.329517364502,-8.49893951416016,"Unknown"
"6227756",371834,2025-10-12 22:47:00,43.3295211791992,-8.49900913238525,"Unknown"
"6227756",371834,2025-10-12 22:57:03,43.3295097351074,-8.49903202056885,"Unknown"
"6227756",371834,2025-10-12 23:07:14,43.3295135498047,-8.49902534484863,"Unknown"
"6227756",371834,2025-10-12 23:16:54,43.3295211791992,-8.49901676177979,"Unknown"
"6227756",371834,2025-10-12 23:26:52,43.329517364502,-8.49864292144775,"Unknown"
"6227756",371834,2025-10-12 23:36:53,43.3295059204102,-8.4987850189209,"Unknown"
"6227756",371834,2025-10-12 23:46:52,43.3294334411621,-8.49890899658203,"Unknown"
"6227756",371834,2025-10-12 23:56:55,43.3295440673828,-8.49928092956543,"Unknown"
"6227756",371834,2025-10-13 00:06:51,43.3293151855469,-8.49912738800049,"Unknown"
"6227756",371834,2025-10-13 00:16:51,43.3289680480957,-8.49944114685059,"Unknown"
"6227756",371834,2025-10-13 00:26:51,43.3291206359863,-8.49934577941895,"Unknown"
"6227756",371834,2025-10-13 00:36:51,43.3288650512695,-8.49946308135986,"Unknown"
"6227756",371834,2025-10-13 00:46:53,43.3290977478027,-8.49948883056641,"Unknown"
"6227756",371834,2025-10-13 00:57:01,43.3296432495117,-8.49988842010498,"Unknown"
"6227756",371834,2025-10-13 01:06:54,43.3294448852539,-8.49961376190186,"Unknown"
"6227756",371834,2025-10-13 01:16:51,43.3294296264648,-8.49954128265381,"Unknown"
"6227756",371834,2025-10-13 01:26:54,43.3295402526855,-8.49956607818604,"Unknown"
"6227756",371834,2025-10-13 01:36:55,43.329776763916,-8.49940776824951,"Unknown"
"6227756",371834,2025-10-13 01:46:53,43.3293685913086,-8.49912929534912,"Unknown"
"6227756",371834,2025-10-13 01:57:02,43.3294219970703,-8.49903583526611,"Unknown"
"6227756",371834,2025-10-13 02:07:06,43.3290748596191,-8.49881649017334,"Unknown"
"6227756",371834,2025-10-13 02:17:00,43.3293190002441,-8.49885845184326,"Unknown"
"6227756",371834,2025-10-13 02:27:00,43.329418182373,-8.49885749816895,"Unknown"
"6227756",371834,2025-10-13 02:36:57,43.329475402832,-8.49888515472412,"Unknown"
"6227756",371834,2025-10-13 02:46:58,43.3295249938965,-8.49885272979736,"Unknown"
"6227756",371834,2025-10-13 02:56:55,43.3295288085938,-8.49884700775146,"Unknown"
"6227756",371834,2025-10-13 03:06:53,43.3293075561523,-8.49874019622803,"Unknown"
"6227756",371834,2025-10-13 03:16:53,43.3293495178223,-8.49866199493408,"Unknown"
"6227756",371834,2025-10-13 03:26:54,43.3290977478027,-8.49849891662598,"Unknown"
"6227756",371834,2025-10-13 03:37:14,43.3295631408691,-8.498854637146,"Unknown"
"6227756",371834,2025-10-13 03:46:56,43.3224449157715,-8.49937438964844,"Unknown"
"6227756",371834,2025-10-13 03:56:51,43.3296737670898,-8.49920082092285,"Unknown"
"6227756",371834,2025-10-13 04:07:00,43.3297119140625,-8.49918460845947,"Unknown"
"6227756",371834,2025-10-13 04:16:59,43.3297729492188,-8.49922370910645,"Unknown"
"6227756",371834,2025-10-13 04:26:57,43.3299140930176,-8.49918460845947,"Unknown"
"6227756",371834,2025-10-13 04:37:14,43.3296279907227,-8.49911117553711,"Unknown"
"6227756",371834,2025-10-13 04:46:51,43.3303184509277,-8.49891757965088,"Unknown"
"6227756",371834,2025-10-13 04:56:54,43.3307228088379,-8.49872589111328,"Unknown"
"6227756",371834,2025-10-13 05:06:55,43.3296852111816,-8.4991626739502,"Unknown"
"6227756",371834,2025-10-13 05:16:54,43.3300094604492,-8.49919128417969,"Unknown"
"6227756",371834,2025-10-13 05:26:52,43.3296699523926,-8.4993782043457,"Unknown"
"6227756",371834,2025-10-13 05:37:00,43.3294639587402,-8.4994068145752,"Unknown"
"6227756",371834,2025-10-13 05:47:00,43.3294448852539,-8.49935340881348,"Unknown"
"6227756",371834,2025-10-13 05:57:00,43.3290863037109,-8.49950408935547,"Unknown"
"6227756",371834,2025-10-13 06:07:11,43.3295021057129,-8.49909496307373,"Unknown"
"6227756",371834,2025-10-13 06:17:00,43.3294906616211,-8.49902629852295,"Unknown"
"6227756",371834,2025-10-13 06:26:56,43.329475402832,-8.49901008605957,"Unknown"
"6227756",371834,2025-10-13 06:37:00,43.3294868469238,-8.49879550933838,"Unknown"
"6227756",371834,2025-10-13 06:47:11,43.3293685913086,-8.49888134002686,"Unknown"
"6227756",371834,2025-10-13 06:57:00,43.3293609619141,-8.49888229370117,"Unknown"
"6227756",371834,2025-10-13 07:07:00,43.3293800354004,-8.49888324737549,"Unknown"
"6227756",371834,2025-10-13 07:17:00,43.3293876647949,-8.49886512756348,"Unknown"
"6227756",371834,2025-10-13 07:27:00,43.3294258117676,-8.49886131286621,"Unknown"
"6227756",371834,2025-10-13 07:37:15,43.3296241760254,-8.49910736083984,"Unknown"
"6227756",371834,2025-10-13 07:47:00,43.3296394348145,-8.49910926818848,"Unknown"
"6227756",371834,2025-10-13 07:56:52,43.3297576904297,-8.49922370910645,"Unknown"
"6227756",371834,2025-10-13 08:06:53,43.3295211791992,-8.49958992004395,"Unknown"
"6227756",371834,2025-10-13 08:17:00,43.3298568725586,-8.49898338317871,"Unknown"
"6227756",371834,2025-10-13 08:26:51,43.3298530578613,-8.49910163879395,"Unknown"
"6227756",371834,2025-10-13 08:37:14,43.3297691345215,-8.49908065795898,"Unknown"
"6227756",371834,2025-10-13 08:47:00,43.3297920227051,-8.49909019470215,"Unknown"
"6227756",371834,2025-10-13 08:57:00,43.3297805786133,-8.49901103973389,"Unknown"
"6227756",371834,2025-10-13 09:07:00,43.3296546936035,-8.49910926818848,"Unknown"
"6227756",371834,2025-10-13 09:16:52,43.330135345459,-8.49934482574463,"Unknown"
"6227756",371834,2025-10-13 09:26:51,43.3298454284668,-8.49899768829346,"Unknown"
"6227756",371834,2025-10-13 09:37:00,43.329647064209,-8.49905776977539,"Unknown"
"6227756",371834,2025-10-13 09:47:00,43.3296699523926,-8.49899864196777,"Unknown"
"6227756",371834,2025-10-13 09:57:01,43.3296089172363,-8.49893474578857,"Unknown"
"6227756",371834,2025-10-13 10:07:01,43.3296165466309,-8.49888896942139,"Unknown"
"6227756",371834,2025-10-13 10:17:14,43.3295860290527,-8.49881267547607,"Unknown"
"6227756",371834,2025-10-13 10:27:01,43.3297309875488,-8.49885749816895,"Unknown"
"6227756",371834,2025-10-13 10:37:01,43.3298187255859,-8.49884986877441,"Unknown"
"6227756",371834,2025-10-13 10:47:14,43.3298072814941,-8.49895668029785,"Unknown"
"6227756",371834,2025-10-13 10:56:51,43.3298950195312,-8.49868106842041,"Unknown"
"6227756",371834,2025-10-13 11:06:54,43.329833984375,-8.49868869781494,"Unknown"
"6227756",371834,2025-10-13 11:17:01,43.3299598693848,-8.49942779541016,"Unknown"
"6227756",371834,2025-10-13 11:26:52,43.3300590515137,-8.49899196624756,"Unknown"
"6227756",371834,2025-10-13 11:37:02,43.3305130004883,-8.49989223480225,"Unknown"
"6227756",371834,2025-10-13 11:47:12,43.3301277160645,-8.49972248077393,"Unknown"
"6227756",371834,2025-10-13 11:56:57,43.3300704956055,-8.49795246124268,"Unknown"
"6227756",371834,2025-10-13 12:07:05,43.3295516967773,-8.4992151260376,"Unknown"
"6227756",371834,2025-10-13 12:16:57,43.32958984375,-8.49918746948242,"Unknown"
"6227756",371834,2025-10-13 12:27:04,43.3294067382812,-8.49936962127686,"Unknown"
"6227756",371834,2025-10-13 12:37:23,43.3294486999512,-8.49907779693604,"Unknown"
"6227756",371834,2025-10-13 12:46:51,43.3295021057129,-8.49899768829346,"Unknown"
"6227756",371834,2025-10-13 12:56:51,43.3294944763184,-8.49899959564209,"Unknown"
"6227756",371834,2025-10-13 13:06:52,43.3295211791992,-8.49902725219727,"Unknown"
"6227756",371834,2025-10-13 13:16:52,43.3295440673828,-8.49904441833496,"Unknown"
"6227756",371834,2025-10-13 13:26:53,43.3297119140625,-8.49914455413818,"Unknown"
"6227756",371834,2025-10-13 13:36:53,43.3295440673828,-8.49904823303223,"Unknown"
"6227756",371834,2025-10-13 13:46:54,43.3295669555664,-8.49913120269775,"Unknown"
"6227756",371834,2025-10-13 13:56:53,43.3293724060059,-8.49891376495361,"Unknown"
"6227756",371834,2025-10-13 14:06:53,43.3295440673828,-8.49901962280273,"Unknown"
"6227756",371834,2025-10-13 14:17:04,43.3295097351074,-8.49901103973389,"Unknown"
"6227756",371834,2025-10-13 14:27:23,43.3295440673828,-8.49908542633057,"Unknown"
"6227756",371834,2025-10-13 14:37:13,43.3294792175293,-8.49896907806396,"Unknown"
"6227756",371834,2025-10-13 14:47:21,43.329475402832,-8.49893283843994,"Unknown"
"6227756",371834,2025-10-13 14:56:51,43.3294372558594,-8.49906539916992,"Unknown"
"6227756",371834,2025-10-13 15:06:53,43.3294525146484,-8.4990119934082,"Unknown"
"6227756",371834,2025-10-13 15:16:54,43.3294563293457,-8.49896907806396,"Unknown"
"6227756",371834,2025-10-13 15:26:54,43.3294677734375,-8.49889183044434,"Unknown"
"6227756",371834,2025-10-13 15:36:54,43.3294410705566,-8.49904441833496,"Unknown"
"6227756",371834,2025-10-13 15:46:53,43.329418182373,-8.49899959564209,"Unknown"
"6227756",371834,2025-10-13 15:56:57,43.3294410705566,-8.49898815155029,"Unknown"
"6227756",371834,2025-10-13 16:06:52,43.3293685913086,-8.49924659729004,"Unknown"
"6227756",371834,2025-10-13 16:16:52,43.3294639587402,-8.49918460845947,"Unknown"
"6227756",371834,2025-10-13 16:26:55,43.3293495178223,-8.49899291992188,"Unknown"
"6227756",371834,2025-10-13 16:36:59,43.329475402832,-8.49902820587158,"Unknown"
"6227756",371834,2025-10-13 16:46:59,43.3292655944824,-8.49902534484863,"Unknown"
"6227756",371834,2025-10-13 16:57:14,43.3294944763184,-8.49901962280273,"Unknown"
"6227756",371834,2025-10-13 17:06:53,43.3295059204102,-8.49903869628906,"Unknown"
"6227756",371834,2025-10-13 17:16:57,43.3293495178223,-8.49895191192627,"Unknown"
"6227756",371834,2025-10-13 17:26:52,43.3298873901367,-8.49899673461914,"Unknown"
"6227756",371834,2025-10-13 17:36:54,43.3292465209961,-8.49896621704102,"Unknown"
"6227756",371834,2025-10-13 17:47:14,43.3293609619141,-8.49879169464111,"Unknown"
"6227756",371834,2025-10-13 17:56:52,43.3295211791992,-8.49887466430664,"Unknown"
"6227756",371834,2025-10-13 18:06:52,43.3293342590332,-8.49878025054932,"Unknown"
"6227756",371834,2025-10-13 18:16:52,43.3294982910156,-8.49884510040283,"Unknown"
"6227756",371834,2025-10-13 18:26:52,43.3293571472168,-8.49881744384766,"Unknown"
"6227756",371834,2025-10-13 18:37:08,43.3296279907227,-8.49856472015381,"Unknown"
"6227756",371834,2025-10-13 18:47:08,43.3297958374023,-8.49870014190674,"Unknown"
"6227756",371834,2025-10-13 18:57:14,43.3293609619141,-8.49881935119629,"Unknown"
"6227756",371834,2025-10-13 19:06:59,43.3290939331055,-8.49884605407715,"Unknown"
"6227756",371834,2025-10-13 19:17:14,43.3293685913086,-8.49879741668701,"Unknown"
"6227756",371834,2025-10-13 19:26:53,43.3294525146484,-8.49873924255371,"Unknown"
"6227756",371834,2025-10-13 19:36:55,43.3294486999512,-8.49860382080078,"Unknown"
"6227756",371834,2025-10-13 19:47:14,43.3294372558594,-8.49869441986084,"Unknown"
"6227756",371834,2025-10-13 19:57:02,43.3294639587402,-8.49883556365967,"Unknown"
"6227756",371834,2025-10-13 20:06:54,43.3296661376953,-8.4985818862915,"Unknown"
"6227756",371834,2025-10-13 20:16:55,43.329704284668,-8.49905872344971,"Unknown"
"6227756",371834,2025-10-13 20:26:55,43.3296737670898,-8.49920177459717,"Unknown"
"6227756",371834,2025-10-13 20:36:57,43.3294906616211,-8.49942111968994,"Unknown"
"6227756",371834,2025-10-13 20:46:57,43.3293914794922,-8.4995002746582,"Unknown"
"6227756",371834,2025-10-13 20:56:57,43.329288482666,-8.49964141845703,"Unknown"
"6227756",371834,2025-10-13 21:06:59,43.3291931152344,-8.49971580505371,"Unknown"
"6227756",371834,2025-10-13 21:17:00,43.3291091918945,-8.49975681304932,"Unknown"
"6227756",371834,2025-10-13 21:26:55,43.3290710449219,-8.49972915649414,"Unknown"
"6227756",371834,2025-10-13 21:36:57,43.3290405273438,-8.49971008300781,"Unknown"
"6227756",371834,2025-10-13 21:46:55,43.3290710449219,-8.49953460693359,"Unknown"
"6227756",371834,2025-10-13 21:56:57,43.329158782959,-8.4993314743042,"Unknown"
"6227756",371834,2025-10-13 22:06:59,43.3292007446289,-8.49919128417969,"Unknown"
"6227756",371834,2025-10-13 22:17:00,43.3293380737305,-8.49904727935791,"Unknown"
"6227756",371834,2025-10-13 22:27:08,43.3304481506348,-8.49869155883789,"Unknown"
"6227756",371834,2025-10-13 22:37:35,43.3295402526855,-8.49896335601807,"Unknown"
"6227756",371834,2025-10-13 22:46:53,43.3295669555664,-8.49891567230225,"Unknown"
"6227756",371834,2025-10-13 22:56:51,43.329532623291,-8.4989070892334,"Unknown"
"6227756",371834,2025-10-13 23:06:52,43.3295478820801,-8.49885940551758,"Unknown"
"6227756",371834,2025-10-13 23:16:52,43.3295631408691,-8.49890041351318,"Unknown"
"6227756",371834,2025-10-13 23:26:52,43.3296394348145,-8.49880981445312,"Unknown"
"6227756",371834,2025-10-13 23:36:52,43.3295783996582,-8.49884605407715,"Unknown"
"6227756",371834,2025-10-13 23:46:52,43.3296432495117,-8.49885845184326,"Unknown"
"6227756",371834,2025-10-13 23:56:52,43.3295440673828,-8.49882698059082,"Unknown"
"6227756",371834,2025-10-14 00:06:53,43.3296012878418,-8.49879932403564,"Unknown"
"6227756",371834,2025-10-14 00:16:52,43.3295707702637,-8.49889183044434,"Unknown"
"6227756",371834,2025-10-14 00:26:54,43.3295402526855,-8.49896812438965,"Unknown"
"6227756",371834,2025-10-14 00:36:59,43.3295211791992,-8.49948120117188,"Unknown"
"6227756",371834,2025-10-14 00:46:53,43.3295440673828,-8.49915885925293,"Unknown"
"6227756",371834,2025-10-14 00:56:58,43.3295211791992,-8.49933052062988,"Unknown"
"6227756",371834,2025-10-14 01:06:54,43.3295860290527,-8.49918365478516,"Unknown"
"6227756",371834,2025-10-14 01:17:23,43.329475402832,-8.49905395507812,"Unknown"
"6227756",371834,2025-10-14 01:26:53,43.3294715881348,-8.49898529052734,"Unknown"
"6227756",371834,2025-10-14 01:36:54,43.3294105529785,-8.49899387359619,"Unknown"
"6227756",371834,2025-10-14 01:46:57,43.3294563293457,-8.49905681610107,"Unknown"
"6227756",371834,2025-10-14 01:56:53,43.3296089172363,-8.49940299987793,"Unknown"
"6227756",371834,2025-10-14 02:06:57,43.3295021057129,-8.49908065795898,"Unknown"
"6227756",371834,2025-10-14 02:17:14,43.3294715881348,-8.49907875061035,"Unknown"
"6227756",371834,2025-10-14 02:26:52,43.3294143676758,-8.49916172027588,"Unknown"
"6227756",371834,2025-10-14 02:36:54,43.3295669555664,-8.49908065795898,"Unknown"
"6227756",371834,2025-10-14 02:47:14,43.3295936584473,-8.4989652633667,"Unknown"
"6227756",371834,2025-10-14 02:56:57,43.329532623291,-8.4990062713623,"Unknown"
"6227756",371834,2025-10-14 03:06:55,43.3295974731445,-8.4988260269165,"Unknown"
"6227756",371834,2025-10-14 03:16:54,43.3296089172363,-8.49882221221924,"Unknown"
"6227756",371834,2025-10-14 03:26:59,43.3295288085938,-8.49889278411865,"Unknown"
"6227756",371834,2025-10-14 03:37:23,43.3295364379883,-8.49892616271973,"Unknown"
"6227756",371834,2025-10-14 03:46:51,43.3295593261719,-8.49885177612305,"Unknown"
"6227756",371834,2025-10-14 03:56:51,43.3295593261719,-8.4990119934082,"Unknown"
"6227756",371834,2025-10-14 04:06:51,43.3295211791992,-8.49899673461914,"Unknown"
"6227756",371834,2025-10-14 04:16:51,43.3294944763184,-8.49900722503662,"Unknown"
"6227756",371834,2025-10-14 04:26:54,43.3295707702637,-8.49901866912842,"Unknown"
"6227756",371834,2025-10-14 04:37:00,43.3294525146484,-8.49899101257324,"Unknown"
"6227756",371834,2025-10-14 04:47:01,43.3294715881348,-8.49907779693604,"Unknown"
"6227756",371834,2025-10-14 04:57:14,43.3292617797852,-8.49911308288574,"Unknown"
"6227756",371834,2025-10-14 05:06:52,43.329288482666,-8.49923706054688,"Unknown"
"6227756",371834,2025-10-14 05:16:59,43.329475402832,-8.49899196624756,"Unknown"
"6227756",371834,2025-10-14 05:27:00,43.3294906616211,-8.49897956848145,"Unknown"
"6227756",371834,2025-10-14 05:36:58,43.3295021057129,-8.4990234375,"Unknown"
"6227756",371834,2025-10-14 05:46:57,43.329475402832,-8.49900341033936,"Unknown"
"6227756",371834,2025-10-14 05:57:00,43.3298797607422,-8.49888038635254,"Unknown"
"6227756",371834,2025-10-14 06:07:14,43.3293304443359,-8.4990234375,"Unknown"
"6227756",371834,2025-10-14 06:17:10,43.3296775817871,-8.49889469146729,"Unknown"
"6227756",371834,2025-10-14 06:27:13,43.329891204834,-8.49885368347168,"Unknown"
"6227756",371834,2025-10-14 06:37:23,43.3294563293457,-8.49895572662354,"Unknown"
"6227756",371834,2025-10-14 06:46:53,43.329460144043,-8.49884796142578,"Unknown"
"6227756",371834,2025-10-14 06:56:54,43.3296928405762,-8.49890422821045,"Unknown"
"6227756",371834,2025-10-14 07:06:54,43.3294334411621,-8.49877071380615,"Unknown"
"6227756",371834,2025-10-14 07:17:00,43.3280029296875,-8.49554443359375,"Unknown"
"6227756",371834,2025-10-14 07:27:01,43.3297233581543,-8.49963474273682,"Unknown"
"6227756",371834,2025-10-14 07:37:15,43.3295364379883,-8.498854637146,"Unknown"
"6227756",371834,2025-10-14 07:47:21,43.3295822143555,-8.49901485443115,"Unknown"
"6227756",371834,2025-10-14 07:56:54,43.3298645019531,-8.49938297271729,"Unknown"
"6227756",371834,2025-10-14 08:06:57,43.3297805786133,-8.49910354614258,"Unknown"
"6227756",371834,2025-10-14 08:17:06,43.329719543457,-8.49893283843994,"Unknown"
"6227756",371834,2025-10-14 08:27:01,43.3296356201172,-8.49915981292725,"Unknown"
"6227756",371834,2025-10-14 08:37:29,43.3295478820801,-8.49893951416016,"Unknown"
"6227756",371834,2025-10-14 08:46:51,43.3294677734375,-8.49897861480713,"Unknown"
"6227756",371834,2025-10-14 08:56:51,43.329460144043,-8.49900341033936,"Unknown"
"6227756",371834,2025-10-14 09:06:51,43.3294830322266,-8.49901294708252,"Unknown"
"6227756",371834,2025-10-14 09:16:51,43.3295135498047,-8.49894428253174,"Unknown"
"6227756",371834,2025-10-14 09:26:52,43.3294906616211,-8.49896907806396,"Unknown"
"6227756",371834,2025-10-14 09:36:52,43.3295249938965,-8.49896430969238,"Unknown"
"6227756",371834,2025-10-14 09:46:53,43.3295211791992,-8.49894905090332,"Unknown"
"6227756",371834,2025-10-14 09:56:52,43.3295249938965,-8.49906063079834,"Unknown"
"6227756",371834,2025-10-14 10:06:53,43.3295402526855,-8.49902248382568,"Unknown"
"6227756",371834,2025-10-14 10:16:53,43.3296012878418,-8.49904727935791,"Unknown"
"6227756",371834,2025-10-14 10:26:54,43.3296279907227,-8.49911022186279,"Unknown"
"6227756",371834,2025-10-14 10:37:14,43.3293571472168,-8.49892902374268,"Unknown"
"6227756",371834,2025-10-14 10:46:58,43.329231262207,-8.49861145019531,"Unknown"
"6227756",371834,2025-10-14 10:56:55,43.328498840332,-8.49756240844727,"Unknown"
"6227756",371834,2025-10-14 11:06:59,43.3295860290527,-8.4991512298584,"Unknown"
"6227756",371834,2025-10-14 11:16:54,43.3294105529785,-8.49887180328369,"Unknown"
"6227756",371834,2025-10-14 11:26:54,43.3293151855469,-8.49865245819092,"Unknown"
"6227756",371834,2025-10-14 11:36:54,43.3295593261719,-8.49920654296875,"Unknown"
"6227756",371834,2025-10-14 11:47:23,43.3295288085938,-8.49907493591309,"Unknown"
"6227756",371834,2025-10-14 11:56:51,43.3294677734375,-8.49902153015137,"Unknown"
"6227756",371834,2025-10-14 12:06:52,43.3294715881348,-8.49896717071533,"Unknown"
"6227756",371834,2025-10-14 12:16:51,43.3294868469238,-8.49894618988037,"Unknown"
"6227756",371834,2025-10-14 12:26:51,43.329418182373,-8.49904155731201,"Unknown"
"6227756",371834,2025-10-14 12:36:51,43.329418182373,-8.49903011322021,"Unknown"
"6227756",371834,2025-10-14 12:46:51,43.3295783996582,-8.49892234802246,"Unknown"
"6227756",371834,2025-10-14 12:56:52,43.3294677734375,-8.49903678894043,"Unknown"
"6227756",371834,2025-10-14 13:06:52,43.3294830322266,-8.49900913238525,"Unknown"
"6227756",371834,2025-10-14 13:16:52,43.3294944763184,-8.49900722503662,"Unknown"
"6227756",371834,2025-10-14 13:26:52,43.3294486999512,-8.49901676177979,"Unknown"
"6227756",371834,2025-10-14 13:36:52,43.3294830322266,-8.49905586242676,"Unknown"
"6227756",371834,2025-10-14 13:46:53,43.3296394348145,-8.49911785125732,"Unknown"
"6227756",371834,2025-10-14 13:56:53,43.3295783996582,-8.49915409088135,"Unknown"
"6227756",371834,2025-10-14 14:07:05,43.3294296264648,-8.4990234375,"Unknown"
"6227756",371834,2025-10-14 14:16:54,43.3291397094727,-8.50005912780762,"Unknown"
"6227756",371834,2025-10-14 14:26:55,43.3294410705566,-8.49882316589355,"Unknown"
"6227756",371834,2025-10-14 14:36:55,43.329418182373,-8.49866962432861,"Unknown"
"6227756",371834,2025-10-14 14:46:55,43.3294410705566,-8.49855422973633,"Unknown"
"6227756",371834,2025-10-14 14:56:52,43.3296928405762,-8.4979419708252,"Unknown"
"6227756",371834,2025-10-14 15:07:23,43.329460144043,-8.49893093109131,"Unknown"
"6227756",371834,2025-10-14 15:16:52,43.3294334411621,-8.49903869628906,"Unknown"
"6227756",371834,2025-10-14 15:26:52,43.329402923584,-8.4990234375,"Unknown"
"6227756",371834,2025-10-14 15:36:55,43.3294639587402,-8.49899673461914,"Unknown"
"6227756",371834,2025-10-14 15:47:00,43.3294525146484,-8.49909973144531,"Unknown"
"6227756",371834,2025-10-14 15:57:00,43.3294372558594,-8.49908351898193,"Unknown"
"6227756",371834,2025-10-14 16:07:00,43.3294906616211,-8.49906444549561,"Unknown"
"6227756",371834,2025-10-14 16:17:00,43.329517364502,-8.49908638000488,"Unknown"
"6227756",371834,2025-10-14 16:27:01,43.3295478820801,-8.49903297424316,"Unknown"
"6227756",371834,2025-10-14 16:37:14,43.3293838500977,-8.49902820587158,"Unknown"
"6227756",371834,2025-10-14 16:47:00,43.3293838500977,-8.49900817871094,"Unknown"
"6227756",371834,2025-10-14 16:57:00,43.3293762207031,-8.49901294708252,"Unknown"
"6227756",371834,2025-10-14 17:07:00,43.3292541503906,-8.49897384643555,"Unknown"
"6227756",371834,2025-10-14 17:17:01,43.3293037414551,-8.49905681610107,"Unknown"
"6227756",371834,2025-10-14 17:27:08,43.3291778564453,-8.49914741516113,"Unknown"
"6227756",371834,2025-10-14 17:37:14,43.3294258117676,-8.49897193908691,"Unknown"
"6227756",371834,2025-10-14 17:46:55,43.3294792175293,-8.49894237518311,"Unknown"
"6227756",371834,2025-10-14 17:56:55,43.3294258117676,-8.49906253814697,"Unknown"
"6227756",371834,2025-10-14 18:07:00,43.3294715881348,-8.49904441833496,"Unknown"
"6227756",371834,2025-10-14 18:16:54,43.3297729492188,-8.49871921539307,"Unknown"
"6227756",371834,2025-10-14 18:26:54,43.3300933837891,-8.4985523223877,"Unknown"
"6227756",371834,2025-10-14 18:37:14,43.3294944763184,-8.49901962280273,"Unknown"
"6227756",371834,2025-10-14 18:46:54,43.3296928405762,-8.4988260269165,"Unknown"
"6227756",371834,2025-10-14 18:56:55,43.3294868469238,-8.49900341033936,"Unknown"
"6227756",371834,2025-10-14 19:07:03,43.3293380737305,-8.49889183044434,"Unknown"
"6227756",371834,2025-10-14 19:17:01,43.329288482666,-8.49879741668701,"Unknown"
"6227756",371834,2025-10-14 19:27:01,43.329475402832,-8.49890613555908,"Unknown"
"6227756",371834,2025-10-14 19:37:14,43.329475402832,-8.49891567230225,"Unknown"
"6227756",371834,2025-10-14 19:47:23,43.329475402832,-8.49905490875244,"Unknown"
"6227756",371834,2025-10-14 19:56:52,43.3295707702637,-8.4990291595459,"Unknown"
"6227756",371834,2025-10-14 20:06:53,43.3293914794922,-8.49911594390869,"Unknown"
"6227756",371834,2025-10-14 20:16:54,43.3293609619141,-8.49898433685303,"Unknown"
"6227756",371834,2025-10-14 20:26:55,43.329662322998,-8.49909019470215,"Unknown"
"6227756",371834,2025-10-14 20:36:52,43.3295936584473,-8.49942016601562,"Unknown"
"6227756",371834,2025-10-14 20:46:54,43.3296051025391,-8.49942111968994,"Unknown"
"6227756",371834,2025-10-14 20:56:55,43.3299865722656,-8.50048065185547,"Unknown"
"6227756",371834,2025-10-14 21:06:57,43.3297805786133,-8.4999885559082,"Unknown"
"6227756",371834,2025-10-14 21:16:59,43.3297386169434,-8.49970054626465,"Unknown"
"6227756",371834,2025-10-14 21:26:59,43.3297309875488,-8.49946308135986,"Unknown"
"6227756",371834,2025-10-14 21:37:21,43.3294715881348,-8.49902629852295,"Unknown"
"6227756",371834,2025-10-14 21:46:59,43.3294639587402,-8.49899005889893,"Unknown"
"6227756",371834,2025-10-14 21:56:54,43.3299446105957,-8.49960231781006,"Unknown"
"6227756",371834,2025-10-14 22:07:14,43.3288421630859,-8.49906921386719,"Unknown"
"6227756",371834,2025-10-14 22:17:00,43.3286094665527,-8.49898910522461,"Unknown"
"6227756",371834,2025-10-14 22:27:02,43.3285102844238,-8.49871063232422,"Unknown"
"6227756",371834,2025-10-14 22:37:06,43.3240242004395,-8.49903297424316,"Unknown"
"6227756",371834,2025-10-14 22:48:05,43.3295249938965,-8.49899196624756,"Unknown"
"6227756",371834,2025-10-14 22:56:51,43.3294715881348,-8.49897861480713,"Unknown"
"6227756",371834,2025-10-14 23:06:51,43.329532623291,-8.49895477294922,"Unknown"
"6227756",371834,2025-10-14 23:16:52,43.3296394348145,-8.49885272979736,"Unknown"
"6227756",371834,2025-10-14 23:26:52,43.3296546936035,-8.49885272979736,"Unknown"
"6227756",371834,2025-10-14 23:36:52,43.3297691345215,-8.49880886077881,"Unknown"
"6227756",371834,2025-10-14 23:46:52,43.3295783996582,-8.49884033203125,"Unknown"
"6227756",371834,2025-10-14 23:56:52,43.3296203613281,-8.49888038635254,"Unknown"
"6227756",371834,2025-10-15 00:06:52,43.329662322998,-8.4986629486084,"Unknown"
"6227756",371834,2025-10-15 00:16:52,43.3296051025391,-8.49883079528809,"Unknown"
"6227756",371834,2025-10-15 00:27:11,43.3295211791992,-8.49938201904297,"Unknown"
"6227756",371834,2025-10-15 00:37:23,43.3294944763184,-8.49908638000488,"Unknown"
"6227756",371834,2025-10-15 00:46:51,43.3294792175293,-8.49901103973389,"Unknown"
"6227756",371834,2025-10-15 00:56:51,43.3295707702637,-8.49914836883545,"Unknown"
"6227756",371834,2025-10-15 01:06:53,43.3296012878418,-8.49909591674805,"Unknown"
"6227756",371834,2025-10-15 01:16:53,43.3294715881348,-8.49904727935791,"Unknown"
"6227756",371834,2025-10-15 01:26:58,43.3294563293457,-8.49903964996338,"Unknown"
"6227756",371834,2025-10-15 01:36:57,43.3294677734375,-8.4990816116333,"Unknown"
"6227756",371834,2025-10-15 01:46:58,43.3294372558594,-8.49905967712402,"Unknown"
"6227756",371834,2025-10-15 01:56:59,43.329517364502,-8.49902820587158,"Unknown"
"6227756",371834,2025-10-15 02:07:23,43.3294639587402,-8.49899578094482,"Unknown"
"6227756",371834,2025-10-15 02:17:01,43.3295097351074,-8.49901676177979,"Unknown"
"6227756",371834,2025-10-15 02:27:01,43.3294792175293,-8.49900054931641,"Unknown"
"6227756",371834,2025-10-15 02:37:01,43.3294868469238,-8.49900245666504,"Unknown"
"6227756",371834,2025-10-15 02:47:01,43.3294715881348,-8.49905109405518,"Unknown"
"6227756",371834,2025-10-15 02:57:01,43.3296089172363,-8.49902248382568,"Unknown"
"6227756",371834,2025-10-15 03:07:01,43.3296241760254,-8.49900531768799,"Unknown"
"6227756",371834,2025-10-15 03:17:01,43.3294868469238,-8.49894905090332,"Unknown"
"6227756",371834,2025-10-15 03:27:15,43.3294105529785,-8.49908256530762,"Unknown"
"6227756",371834,2025-10-15 03:37:01,43.3294448852539,-8.49892139434814,"Unknown"
"6227756",371834,2025-10-15 03:47:15,43.3294525146484,-8.49893093109131,"Unknown"
"6227756",371834,2025-10-15 03:57:01,43.3295593261719,-8.49889850616455,"Unknown"
"6227756",371834,2025-10-15 04:07:01,43.3294334411621,-8.4990119934082,"Unknown"
"6227756",371834,2025-10-15 04:17:01,43.3294639587402,-8.49897480010986,"Unknown"
"6227756",371834,2025-10-15 04:27:01,43.3296279907227,-8.49887371063232,"Unknown"
"6227756",371834,2025-10-15 04:37:15,43.3295860290527,-8.49897766113281,"Unknown"
"6227756",371834,2025-10-15 04:47:01,43.3296279907227,-8.49883937835693,"Unknown"
"6227756",371834,2025-10-15 04:57:01,43.3297462463379,-8.498779296875,"Unknown"
"6227756",371834,2025-10-15 05:07:02,43.3298568725586,-8.49874687194824,"Unknown"
"6227756",371834,2025-10-15 05:17:02,43.3296966552734,-8.49874973297119,"Unknown"
"6227756",371834,2025-10-15 05:27:23,43.3302307128906,-8.49887466430664,"Unknown"
"6227756",371834,2025-10-15 05:37:00,43.3299102783203,-8.49892902374268,"Unknown"
"6227756",371834,2025-10-15 05:47:07,43.3299522399902,-8.49891567230225,"Unknown"
"6227756",371834,2025-10-15 05:57:14,43.3297309875488,-8.49896430969238,"Unknown"
"6227756",371834,2025-10-15 06:07:01,43.3298797607422,-8.49892902374268,"Unknown"
"6227756",371834,2025-10-15 06:17:09,43.3296661376953,-8.49899482727051,"Unknown"
"6227756",371834,2025-10-15 06:27:23,43.3293609619141,-8.49911499023438,"Unknown"
"6227756",371834,2025-10-15 06:37:01,43.329418182373,-8.49910259246826,"Unknown"
"6227756",371834,2025-10-15 06:47:03,43.3294677734375,-8.49909114837646,"Unknown"
"6227756",371834,2025-10-15 06:57:03,43.3294982910156,-8.49910926818848,"Unknown"
"6227756",371834,2025-10-15 07:07:14,43.3295288085938,-8.49907875061035,"Unknown"
"6227756",371834,2025-10-15 07:17:01,43.3295402526855,-8.49914360046387,"Unknown"
"6227756",371834,2025-10-15 07:27:01,43.3296775817871,-8.49909591674805,"Unknown"
"6227756",371834,2025-10-15 07:37:35,43.3294563293457,-8.49917697906494,"Unknown"
"6227756",371834,2025-10-15 07:46:54,43.3292961120605,-8.49910354614258,"Unknown"
"6227756",371834,2025-10-15 07:56:55,43.3295288085938,-8.49909019470215,"Unknown"
"6227756",371834,2025-10-15 08:06:59,43.3294639587402,-8.49907779693604,"Unknown"
"6227756",371834,2025-10-15 08:16:56,43.3294906616211,-8.49903011322021,"Unknown"
"6227756",371834,2025-10-15 08:26:54,43.330207824707,-8.50042819976807,"Unknown"
"6227756",371834,2025-10-15 08:36:59,43.3295097351074,-8.49901294708252,"Unknown"
"6227756",371834,2025-10-15 08:47:14,43.3294715881348,-8.49897956848145,"Unknown"
"6227756",371834,2025-10-15 08:57:01,43.3294639587402,-8.49905014038086,"Unknown"
"6227756",371834,2025-10-15 09:07:01,43.3295249938965,-8.49904251098633,"Unknown"
"6227756",371834,2025-10-15 09:17:01,43.3295364379883,-8.49919891357422,"Unknown"
"6227756",371834,2025-10-15 09:27:01,43.3295516967773,-8.49913787841797,"Unknown"
"6227756",371834,2025-10-15 09:37:23,43.3294982910156,-8.49900436401367,"Unknown"
"6227756",371834,2025-10-15 09:46:55,43.3295402526855,-8.49898433685303,"Unknown"
"6227756",371834,2025-10-15 09:56:54,43.3296241760254,-8.49898052215576,"Unknown"
"6227756",371834,2025-10-15 10:06:53,43.329532623291,-8.49906253814697,"Unknown"
"6227756",371834,2025-10-15 10:16:54,43.3293914794922,-8.49892616271973,"Unknown"
"6227756",371834,2025-10-15 10:27:01,43.3294792175293,-8.49900054931641,"Unknown"
"6227756",371834,2025-10-15 10:37:01,43.329460144043,-8.49897861480713,"Unknown"
"6227756",371834,2025-10-15 10:47:02,43.329475402832,-8.49896717071533,"Unknown"
"6227756",371834,2025-10-15 10:57:00,43.3295097351074,-8.49900341033936,"Unknown"
"6227756",371834,2025-10-15 11:06:58,43.3295135498047,-8.49892711639404,"Unknown"
"6227756",371834,2025-10-15 11:16:55,43.3290634155273,-8.49834632873535,"Unknown"
"6227756",371834,2025-10-15 11:26:55,43.3295936584473,-8.49925136566162,"Unknown"
"6227756",371834,2025-10-15 11:36:54,43.3294219970703,-8.49884128570557,"Unknown"
"6227756",371834,2025-10-15 11:46:54,43.3295402526855,-8.49898910522461,"Unknown"
"6227756",371834,2025-10-15 11:56:55,43.3295059204102,-8.49885272979736,"Unknown"
"6227756",371834,2025-10-15 12:06:55,43.3295669555664,-8.49910831451416,"Unknown"
"6227756",371834,2025-10-15 12:17:04,43.3295555114746,-8.49900531768799,"Unknown"
"6227756",371834,2025-10-15 12:27:11,43.3294792175293,-8.49909496307373,"Unknown"
"6227756",371834,2025-10-15 12:36:55,43.3301773071289,-8.49885940551758,"Unknown"
"6227756",371834,2025-10-15 12:47:14,43.3294715881348,-8.49911880493164,"Unknown"
"6227756",371834,2025-10-15 12:56:58,43.3295021057129,-8.49916172027588,"Unknown"
"6227756",371834,2025-10-15 13:06:58,43.329532623291,-8.49890041351318,"Unknown"
"6227756",371834,2025-10-15 13:16:59,43.3295402526855,-8.49907207489014,"Unknown"
"6227756",371834,2025-10-15 13:26:59,43.3295516967773,-8.49895477294922,"Unknown"
"6227756",371834,2025-10-15 13:37:16,43.3294525146484,-8.49902725219727,"Unknown"
"6227756",371834,2025-10-15 13:47:02,43.3294830322266,-8.49896049499512,"Unknown"
"6227756",371834,2025-10-15 13:57:14,43.3295097351074,-8.49873733520508,"Unknown"
"6227756",371834,2025-10-15 14:07:23,43.3294792175293,-8.49889850616455,"Unknown"
"6227756",371834,2025-10-15 14:16:53,43.3296279907227,-8.49923801422119,"Unknown"
"6227756",371834,2025-10-15 14:26:54,43.3295097351074,-8.49889373779297,"Unknown"
"6227756",371834,2025-10-15 14:36:56,43.3294486999512,-8.49883651733398,"Unknown"
"6227756",371834,2025-10-15 14:47:14,43.329704284668,-8.49872493743896,"Unknown"
"6227756",371834,2025-10-15 14:57:10,43.3294410705566,-8.49882984161377,"Unknown"
"6227756",371834,2025-10-15 15:07:01,43.3294639587402,-8.4987964630127,"Unknown"
"6227756",371834,2025-10-15 15:17:07,43.3294410705566,-8.49885177612305,"Unknown"
"6227756",371834,2025-10-15 15:27:07,43.3294372558594,-8.49882793426514,"Unknown"
"6227756",371834,2025-10-15 15:37:05,43.3294372558594,-8.49895095825195,"Unknown"
"6227756",371834,2025-10-15 15:47:29,43.3294372558594,-8.49897289276123,"Unknown"
"6227756",371834,2025-10-15 15:56:53,43.329460144043,-8.49901390075684,"Unknown"
"6227756",371834,2025-10-15 16:06:53,43.329460144043,-8.49897956848145,"Unknown"
"6227756",371834,2025-10-15 16:16:53,43.3295211791992,-8.49899482727051,"Unknown"
"6227756",371834,2025-10-15 16:26:53,43.3295135498047,-8.49903106689453,"Unknown"
"6227756",371834,2025-10-15 16:36:53,43.3295707702637,-8.49904537200928,"Unknown"
"6227756",371834,2025-10-15 16:46:53,43.3295440673828,-8.49901485443115,"Unknown"
"6227756",371834,2025-10-15 16:56:56,43.3296241760254,-8.49910259246826,"Unknown"
"6227756",371834,2025-10-15 17:07:14,43.3295745849609,-8.49892997741699,"Unknown"
"6227756",371834,2025-10-15 17:16:53,43.3294792175293,-8.49901580810547,"Unknown"
"6227756",371834,2025-10-15 17:26:53,43.3296508789062,-8.49922275543213,"Unknown"
"6227756",371834,2025-10-15 17:36:53,43.3296089172363,-8.4990930557251,"Unknown"
"6227756",371834,2025-10-15 17:47:14,43.3295249938965,-8.49896240234375,"Unknown"
"6227756",371834,2025-10-15 17:56:53,43.32958984375,-8.49901485443115,"Unknown"
"6227756",371834,2025-10-15 18:06:53,43.3295364379883,-8.49901962280273,"Unknown"
"6227756",371834,2025-10-15 18:16:53,43.3294792175293,-8.49904155731201,"Unknown"
"6227756",371834,2025-10-15 18:26:53,43.3295822143555,-8.49898433685303,"Unknown"
"6227756",371834,2025-10-15 18:37:14,43.3294944763184,-8.49898242950439,"Unknown"
"6227756",371834,2025-10-15 18:46:53,43.3293304443359,-8.49885749816895,"Unknown"
"6227756",371834,2025-10-15 18:56:59,43.3294868469238,-8.49897766113281,"Unknown"
"6227756",371834,2025-10-15 19:06:56,43.3295822143555,-8.49897193908691,"Unknown"
"6227756",371834,2025-10-15 19:16:56,43.3295860290527,-8.49903583526611,"Unknown"
"6227756",371834,2025-10-15 19:27:08,43.3298263549805,-8.49922370910645,"Unknown"
"6227756",371834,2025-10-15 19:37:29,43.3294525146484,-8.49897766113281,"Unknown"
"6227756",371834,2025-10-15 19:47:07,43.329418182373,-8.49900722503662,"Unknown"
"6227756",371834,2025-10-15 19:57:08,43.3294639587402,-8.49896907806396,"Unknown"
"6227756",371834,2025-10-15 20:07:04,43.3296890258789,-8.49915885925293,"Unknown"
"6227756",371834,2025-10-15 20:17:01,43.3297004699707,-8.49926567077637,"Unknown"
"6227756",371834,2025-10-15 20:27:07,43.3297576904297,-8.49915599822998,"Unknown"
"6227756",371834,2025-10-15 20:37:09,43.3297348022461,-8.49898529052734,"Unknown"
"6227756",371834,2025-10-15 20:47:09,43.3296775817871,-8.49841022491455,"Unknown"
"6227756",371834,2025-10-15 20:57:29,43.3294525146484,-8.4989595413208,"Unknown"
"6227756",371834,2025-10-15 21:06:53,43.3294410705566,-8.49897289276123,"Unknown"
"6227756",371834,2025-10-15 21:16:53,43.3294906616211,-8.49896621704102,"Unknown"
"6227756",371834,2025-10-15 21:26:53,43.3294715881348,-8.49899005889893,"Unknown"
"6227756",371834,2025-10-15 21:36:53,43.3295402526855,-8.49892997741699,"Unknown"
"6227756",371834,2025-10-15 21:46:56,43.3294448852539,-8.49894714355469,"Unknown"
"6227756",371834,2025-10-15 21:56:55,43.3294410705566,-8.49893474578857,"Unknown"
"6227756",371834,2025-10-15 22:07:51,43.3295097351074,-8.49898052215576,"Unknown"
"6227756",371834,2025-10-15 22:16:53,43.3296432495117,-8.49900245666504,"Unknown"
"6227756",371834,2025-10-15 22:26:53,43.3296508789062,-8.4990816116333,"Unknown"
"6227756",371834,2025-10-15 22:36:53,43.329719543457,-8.49931335449219,"Unknown"
"6227756",371834,2025-10-15 22:46:54,43.3298530578613,-8.49956321716309,"Unknown"
"6227756",371834,2025-10-15 22:56:54,43.3298225402832,-8.49958801269531,"Unknown"
"6227756",371834,2025-10-15 23:06:58,43.3296432495117,-8.49930858612061,"Unknown"
"6227756",371834,2025-10-15 23:16:58,43.3295974731445,-8.49919891357422,"Unknown"
"6227756",371834,2025-10-15 23:26:58,43.3296089172363,-8.49911022186279,"Unknown"
"6227756",371834,2025-10-15 23:37:01,43.3295021057129,-8.49889469146729,"Unknown"
"6227756",371834,2025-10-15 23:47:04,43.3295249938965,-8.4988317489624,"Unknown"
"6227756",371834,2025-10-15 23:57:04,43.3295097351074,-8.49875450134277,"Unknown"
"6227756",371834,2025-10-16 00:07:17,43.3294563293457,-8.49892616271973,"Unknown"
"6227756",371834,2025-10-16 00:17:27,43.3294906616211,-8.4989538192749,"Unknown"
"6227756",371834,2025-10-16 00:27:05,43.3295021057129,-8.49898719787598,"Unknown"
"6227756",371834,2025-10-16 00:36:55,43.329517364502,-8.49894714355469,"Unknown"
"6227756",371834,2025-10-16 00:46:54,43.3295707702637,-8.49898529052734,"Unknown"
"6227756",371834,2025-10-16 00:56:55,43.3295135498047,-8.4989709854126,"Unknown"
"6227756",371834,2025-10-16 01:06:56,43.3296775817871,-8.4990119934082,"Unknown"
"6227756",371834,2025-10-16 01:16:57,43.3297576904297,-8.49907493591309,"Unknown"
"6227756",371834,2025-10-16 01:26:56,43.3295822143555,-8.49894142150879,"Unknown"
"6227756",371834,2025-10-16 01:36:58,43.3299217224121,-8.49933433532715,"Unknown"
"6227756",371834,2025-10-16 01:47:06,43.329460144043,-8.49899578094482,"Unknown"
"6227756",371834,2025-10-16 01:57:14,43.3295097351074,-8.49891376495361,"Unknown"
"6227756",371834,2025-10-16 02:06:56,43.3295745849609,-8.49889945983887,"Unknown"
"6227756",371834,2025-10-16 02:16:56,43.3295059204102,-8.49895477294922,"Unknown"
"6227756",371834,2025-10-16 02:27:05,43.3295555114746,-8.49896144866943,"Unknown"
"6227756",371834,2025-10-16 02:36:55,43.3295783996582,-8.49899196624756,"Unknown"
"6227756",371834,2025-10-16 02:47:14,43.3295211791992,-8.49900722503662,"Unknown"
"6227756",371834,2025-10-16 02:56:55,43.3295440673828,-8.49894332885742,"Unknown"
"6227756",371834,2025-10-16 03:06:56,43.3295822143555,-8.49932193756104,"Unknown"
"6227756",371834,2025-10-16 03:16:57,43.3294792175293,-8.49924755096436,"Unknown"
"6227756",371834,2025-10-16 03:27:15,43.3287582397461,-8.49952507019043,"Unknown"
"6227756",371834,2025-10-16 03:37:17,43.3292388916016,-8.49905490875244,"Unknown"
"6227756",371834,2025-10-16 03:47:21,43.3292961120605,-8.4990291595459,"Unknown"
"6227756",371834,2025-10-16 03:57:29,43.3295097351074,-8.49898815155029,"Unknown"
"6227756",371834,2025-10-16 04:06:54,43.3295211791992,-8.49909210205078,"Unknown"
"6227756",371834,2025-10-16 04:16:53,43.3294715881348,-8.4988842010498,"Unknown"
"6227756",371834,2025-10-16 04:26:54,43.3291625976562,-8.49826335906982,"Unknown"
"6227756",371834,2025-10-16 04:37:14,43.3295211791992,-8.49891471862793,"Unknown"
"6227756",371834,2025-10-16 04:46:54,43.3298492431641,-8.49923133850098,"Unknown"
"6227756",371834,2025-10-16 04:56:55,43.3295860290527,-8.49893951416016,"Unknown"
"6227756",371834,2025-10-16 05:06:55,43.3294906616211,-8.4988489151001,"Unknown"
"6227756",371834,2025-10-16 05:16:56,43.329288482666,-8.49890232086182,"Unknown"
"6227756",371834,2025-10-16 05:26:56,43.3297119140625,-8.49886703491211,"Unknown"
"6227756",371834,2025-10-16 05:37:14,43.3294868469238,-8.49900054931641,"Unknown"
"6227756",371834,2025-10-16 05:46:54,43.3293495178223,-8.49892616271973,"Unknown"
"6227756",371834,2025-10-16 05:56:53,43.3293228149414,-8.49884986877441,"Unknown"
"6227756",371834,2025-10-16 06:06:55,43.329345703125,-8.49888706207275,"Unknown"
"6227756",371834,2025-10-16 06:16:54,43.3293952941895,-8.49897193908691,"Unknown"
"6227756",371834,2025-10-16 06:26:56,43.3294982910156,-8.49901962280273,"Unknown"
"6227756",371834,2025-10-16 06:37:15,43.3293952941895,-8.4989185333252,"Unknown"
"6227756",371834,2025-10-16 06:47:06,43.3294258117676,-8.49895095825195,"Unknown"
"6227756",371834,2025-10-16 06:57:06,43.3294372558594,-8.49895763397217,"Unknown"
"6227756",371834,2025-10-16 07:07:06,43.3293762207031,-8.49892711639404,"Unknown"
"6227756",371834,2025-10-16 07:17:06,43.329345703125,-8.49879550933838,"Unknown"
"6227756",371834,2025-10-16 07:27:13,43.3294448852539,-8.49895000457764,"Unknown"
"6227756",371834,2025-10-16 07:37:44,43.3294830322266,-8.49902534484863,"Unknown"
"6227756",371834,2025-10-16 07:46:55,43.3293151855469,-8.49893093109131,"Unknown"
"6227756",371834,2025-10-16 07:56:54,43.3294372558594,-8.49892616271973,"Unknown"
"6227756",371834,2025-10-16 08:07:06,43.329460144043,-8.49899291992188,"Unknown"
"6227756",371834,2025-10-16 08:17:06,43.3294906616211,-8.49893379211426,"Unknown"
"6227756",371834,2025-10-16 08:27:01,43.3295059204102,-8.4990348815918,"Unknown"
"6227756",371834,2025-10-16 08:37:14,43.3294486999512,-8.49898338317871,"Unknown"
"6227756",371834,2025-10-16 08:46:57,43.3294792175293,-8.4990348815918,"Unknown"
"6227756",371834,2025-10-16 08:56:55,43.3295402526855,-8.49913501739502,"Unknown"
"6227756",371834,2025-10-16 09:06:55,43.3293991088867,-8.49892902374268,"Unknown"
"6227756",371834,2025-10-16 09:16:57,43.3293113708496,-8.49860858917236,"Unknown"
"6227756",371834,2025-10-16 09:26:55,43.3295745849609,-8.49918270111084,"Unknown"
"6227756",371834,2025-10-16 09:37:29,43.3295097351074,-8.49903011322021,"Unknown"
"6227756",371834,2025-10-16 09:46:55,43.3295669555664,-8.49896621704102,"Unknown"
"6227756",371834,2025-10-16 09:56:54,43.3294830322266,-8.49900913238525,"Unknown"
"6227756",371834,2025-10-16 10:06:55,43.3295783996582,-8.4990177154541,"Unknown"
"6227756",371834,2025-10-16 10:16:55,43.3295745849609,-8.49902248382568,"Unknown"
"6227756",371834,2025-10-16 10:27:06,43.3294830322266,-8.49904632568359,"Unknown"
"6227756",371834,2025-10-16 10:36:59,43.3295097351074,-8.49904441833496,"Unknown"
"6227756",371834,2025-10-16 10:47:08,43.3294792175293,-8.49909687042236,"Unknown"
"6227756",371834,2025-10-16 10:57:08,43.3294677734375,-8.49910259246826,"Unknown"
"6227756",371834,2025-10-16 11:07:15,43.3294830322266,-8.49908351898193,"Unknown"
"6227756",371834,2025-10-16 11:16:54,43.3294143676758,-8.49915981292725,"Unknown"
"6227756",371834,2025-10-16 11:26:54,43.3293762207031,-8.49911022186279,"Unknown"
"6227756",371834,2025-10-16 11:36:58,43.3294448852539,-8.49911880493164,"Unknown"
"6227756",371834,2025-10-16 11:47:29,43.3294792175293,-8.49904251098633,"Unknown"
"6227756",371834,2025-10-16 11:56:53,43.3295402526855,-8.49898147583008,"Unknown"
"6227756",371834,2025-10-16 12:06:53,43.3294982910156,-8.49901866912842,"Unknown"
"6227756",371834,2025-10-16 12:16:53,43.3294296264648,-8.49902725219727,"Unknown"
"6227756",371834,2025-10-16 12:26:53,43.3294296264648,-8.49900150299072,"Unknown"
"6227756",371834,2025-10-16 12:36:53,43.3294258117676,-8.49897289276123,"Unknown"
"6227756",371834,2025-10-16 12:46:53,43.3293952941895,-8.49895286560059,"Unknown"
"6227756",371834,2025-10-16 12:56:58,43.3293724060059,-8.49894428253174,"Unknown"
"6227756",371834,2025-10-16 13:06:54,43.3293685913086,-8.49896812438965,"Unknown"
"6227756",371834,2025-10-16 13:17:03,43.329460144043,-8.49897289276123,"Unknown"
"6227756",371834,2025-10-16 13:27:07,43.3295021057129,-8.49897766113281,"Unknown"
"6227756",371834,2025-10-16 13:37:06,43.3296089172363,-8.49889278411865,"Unknown"
"6227756",371834,2025-10-16 13:46:57,43.3295211791992,-8.49907779693604,"Unknown"
"6227756",371834,2025-10-16 13:57:04,43.3296318054199,-8.49885940551758,"Unknown"
"6227756",371834,2025-10-16 14:06:57,43.3294944763184,-8.49907779693604,"Unknown"
"6227756",371834,2025-10-16 14:17:14,43.329402923584,-8.49909114837646,"Unknown"
"6227756",371834,2025-10-16 14:26:54,43.3293380737305,-8.49930381774902,"Unknown"
"6227756",371834,2025-10-16 14:36:58,43.3292922973633,-8.49911117553711,"Unknown"
"6227756",371834,2025-10-16 14:47:14,43.3293800354004,-8.49928569793701,"Unknown"
"6227756",371834,2025-10-16 14:56:56,43.3293762207031,-8.49942874908447,"Unknown"
"6227756",371834,2025-10-16 15:06:55,43.3293533325195,-8.49924182891846,"Unknown"
"6227756",371834,2025-10-16 15:16:55,43.3290824890137,-8.49955654144287,"Unknown"
"6227756",371834,2025-10-16 15:26:56,43.3295135498047,-8.49968719482422,"Unknown"
"6227756",371834,2025-10-16 15:37:15,43.3295135498047,-8.49906921386719,"Unknown"
"6227756",371834,2025-10-16 15:46:54,43.329532623291,-8.49891185760498,"Unknown"
"6227756",371834,2025-10-16 15:56:56,43.3296890258789,-8.4994592666626,"Unknown"
"6227756",371834,2025-10-16 16:06:56,43.3295555114746,-8.49889373779297,"Unknown"
"6227756",371834,2025-10-16 16:26:59,43.3298835754395,-8.49967479705811,"Unknown"
"6227756",371834,2025-10-16 16:37:14,43.3295783996582,-8.49896049499512,"Unknown"
"6227756",371834,2025-10-16 16:46:55,43.3296279907227,-8.4990816116333,"Unknown"
"6227756",371834,2025-10-16 16:56:57,43.329532623291,-8.49899482727051,"Unknown"
"6227756",371834,2025-10-16 17:06:56,43.3295936584473,-8.49911022186279,"Unknown"
"6227756",371834,2025-10-16 17:17:06,43.3295288085938,-8.49894714355469,"Unknown"
"6227756",371834,2025-10-16 17:26:55,43.32958984375,-8.49897956848145,"Unknown"
"6227756",371834,2025-10-16 17:37:06,43.329517364502,-8.49887657165527,"Unknown"
"6227756",371834,2025-10-16 17:47:06,43.3295783996582,-8.49900150299072,"Unknown"
"6227756",371834,2025-10-16 17:57:06,43.3296241760254,-8.49898529052734,"Unknown"
"6227756",371834,2025-10-16 18:07:06,43.3294105529785,-8.49849224090576,"Unknown"
"6227756",371834,2025-10-16 18:17:14,43.3295669555664,-8.4989128112793,"Unknown"
"6227756",371834,2025-10-16 18:26:54,43.3293800354004,-8.49875545501709,"Unknown"
"6227756",371834,2025-10-16 18:36:55,43.3295822143555,-8.4988842010498,"Unknown"
"6227756",371834,2025-10-16 18:47:29,43.3294868469238,-8.49896717071533,"Unknown"
"6227756",371834,2025-10-16 18:56:53,43.3294906616211,-8.49893760681152,"Unknown"
"6227756",371834,2025-10-16 19:06:54,43.329460144043,-8.4989070892334,"Unknown"
"6227756",371834,2025-10-16 19:16:56,43.329475402832,-8.49890804290771,"Unknown"
"6227756",371834,2025-10-16 19:26:56,43.3294944763184,-8.49898624420166,"Unknown"
"6227756",371834,2025-10-16 19:36:56,43.3293991088867,-8.49877834320068,"Unknown"
"6227756",371834,2025-10-16 19:47:01,43.329891204834,-8.49932098388672,"Unknown"
"6227756",371834,2025-10-16 19:57:00,43.3294868469238,-8.49899291992188,"Unknown"
"6227756",371834,2025-10-16 20:07:14,43.3294982910156,-8.49901103973389,"Unknown"
"6227756",371834,2025-10-16 20:17:06,43.3295211791992,-8.49901103973389,"Unknown"
"6227756",371834,2025-10-16 20:27:06,43.3294715881348,-8.49902820587158,"Unknown"
"6227756",371834,2025-10-16 20:37:06,43.3295783996582,-8.49908065795898,"Unknown"
"6227756",371834,2025-10-16 20:47:35,43.3294525146484,-8.49894618988037,"Unknown"
"6227756",371834,2025-10-16 20:56:54,43.329460144043,-8.49899959564209,"Unknown"
"6227756",371834,2025-10-16 21:06:53,43.3294372558594,-8.49902153015137,"Unknown"
"6227756",371834,2025-10-16 21:16:53,43.3294906616211,-8.49897193908691,"Unknown"
"6227756",371834,2025-10-16 21:26:54,43.3294219970703,-8.49902820587158,"Unknown"
"6227756",371834,2025-10-16 21:36:53,43.3294448852539,-8.4989652633667,"Unknown"
"6227756",371834,2025-10-16 21:46:53,43.3295402526855,-8.49900054931641,"Unknown"
"6227756",371834,2025-10-16 21:56:55,43.3293533325195,-8.49894332885742,"Unknown"
"6227756",371834,2025-10-16 22:06:58,43.3294143676758,-8.49888515472412,"Unknown"
"6227756",371834,2025-10-16 22:17:06,43.3295364379883,-8.49896907806396,"Unknown"
"6227756",371834,2025-10-16 22:27:06,43.329532623291,-8.49898529052734,"Unknown"
"6227756",371834,2025-10-16 22:36:58,43.3294715881348,-8.4988899230957,"Unknown"
"6227756",371834,2025-10-16 22:47:14,43.329532623291,-8.49899768829346,"Unknown"
"6227756",371834,2025-10-16 22:56:54,43.3296203613281,-8.49931621551514,"Unknown"
"6227756",371834,2025-10-16 23:07:06,43.3296432495117,-8.49835586547852,"Unknown"
"6227756",371834,2025-10-16 23:17:21,43.3295364379883,-8.49855709075928,"Unknown"
"6227756",371834,2025-10-16 23:27:08,43.3295097351074,-8.49908924102783,"Unknown"
"6227756",371834,2025-10-16 23:37:00,43.3295516967773,-8.49899959564209,"Unknown"
"6227756",371834,2025-10-16 23:47:15,43.3295059204102,-8.49889278411865,"Unknown"
"6227756",371834,2025-10-16 23:56:59,43.3297653198242,-8.49977779388428,"Unknown"
"6227756",371834,2025-10-17 00:06:57,43.3295516967773,-8.49869823455811,"Unknown"
"6227756",371834,2025-10-17 00:16:59,43.3296394348145,-8.49908542633057,"Unknown"
"6227756",371834,2025-10-17 00:27:29,43.3293762207031,-8.49886512756348,"Unknown"
"6227756",371834,2025-10-17 00:36:57,43.3295669555664,-8.49871921539307,"Unknown"
"6227756",371834,2025-10-17 00:47:15,43.3293228149414,-8.49868106842041,"Unknown"
"6227756",371834,2025-10-17 00:56:57,43.329704284668,-8.4986400604248,"Unknown"
"6227756",371834,2025-10-17 01:06:59,43.3296279907227,-8.49905204772949,"Unknown"
"6227756",371834,2025-10-17 01:17:06,43.329460144043,-8.49894237518311,"Unknown"
"6227756",371834,2025-10-17 01:27:08,43.3295021057129,-8.4990930557251,"Unknown"
"6227756",371834,2025-10-17 01:37:11,43.3295631408691,-8.49925231933594,"Unknown"
"6227756",371834,2025-10-17 01:47:05,43.3294296264648,-8.49898719787598,"Unknown"
"6227756",371834,2025-10-17 01:56:56,43.3300018310547,-8.49838542938232,"Unknown"
"6227756",371834,2025-10-17 02:06:57,43.3301696777344,-8.4983959197998,"Unknown"
"6227756",371834,2025-10-17 02:16:56,43.3298454284668,-8.4985933303833,"Unknown"
"6227756",371834,2025-10-17 02:26:56,43.3300094604492,-8.49851512908936,"Unknown"
"6227756",371834,2025-10-17 02:37:30,43.3295135498047,-8.49903106689453,"Unknown"
"6227756",371834,2025-10-17 02:46:54,43.3295021057129,-8.49911880493164,"Unknown"
"6227756",371834,2025-10-17 02:56:54,43.3295211791992,-8.49897384643555,"Unknown"
"6227756",371834,2025-10-17 03:06:54,43.3295669555664,-8.49907112121582,"Unknown"
"6227756",371834,2025-10-17 03:16:54,43.329647064209,-8.49909114837646,"Unknown"
"6227756",371834,2025-10-17 03:26:55,43.3298187255859,-8.49921417236328,"Unknown"
"6227756",371834,2025-10-17 03:36:54,43.3297500610352,-8.49925708770752,"Unknown"
"6227756",371834,2025-10-17 03:46:53,43.3296585083008,-8.49929809570312,"Unknown"
"6227756",371834,2025-10-17 03:56:54,43.3297462463379,-8.49920272827148,"Unknown"
"6227756",371834,2025-10-17 04:06:55,43.3296089172363,-8.49904346466064,"Unknown"
"6227756",371834,2025-10-17 04:16:57,43.3295707702637,-8.49896717071533,"Unknown"
"6227756",371834,2025-10-17 04:26:58,43.3297653198242,-8.49896717071533,"Unknown"
"6227756",371834,2025-10-17 04:36:56,43.3304100036621,-8.4990348815918,"Unknown"
"6227756",371834,2025-10-17 04:46:56,43.3300170898438,-8.49896717071533,"Unknown"
"6227756",371834,2025-10-17 04:57:04,43.3293151855469,-8.49888134002686,"Unknown"
"6227756",371834,2025-10-17 05:06:56,43.329963684082,-8.49896621704102,"Unknown"
"6227756",371834,2025-10-17 05:16:58,43.3300514221191,-8.49915313720703,"Unknown"
"6227756",371834,2025-10-17 05:27:10,43.3294830322266,-8.49881935119629,"Unknown"
"6227756",371834,2025-10-17 05:36:57,43.3294792175293,-8.49888229370117,"Unknown"
"6227756",371834,2025-10-17 05:47:06,43.3294372558594,-8.49887752532959,"Unknown"
"6227756",371834,2025-10-17 05:57:06,43.3294067382812,-8.49892234802246,"Unknown"
"6227756",371834,2025-10-17 06:07:08,43.329345703125,-8.49897766113281,"Unknown"
"6227756",371834,2025-10-17 06:16:58,43.3298721313477,-8.49933910369873,"Unknown"
"6227756",371834,2025-10-17 06:26:59,43.3294906616211,-8.49918460845947,"Unknown"
"6227756",371834,2025-10-17 06:36:57,43.3294639587402,-8.49910068511963,"Unknown"
"6227756",371834,2025-10-17 06:46:57,43.329418182373,-8.49912452697754,"Unknown"
"6227756",371834,2025-10-17 06:56:55,43.3294525146484,-8.49916362762451,"Unknown"
"6227756",371834,2025-10-17 07:06:57,43.3292808532715,-8.49912261962891,"Unknown"
"6227756",371834,2025-10-17 07:16:56,43.3289947509766,-8.49910926818848,"Unknown"
"6227756",371834,2025-10-17 07:27:13,43.3293151855469,-8.49946689605713,"Unknown"
"6227756",371834,2025-10-17 07:36:58,43.3285446166992,-8.49960231781006,"Unknown"
"6227756",371834,2025-10-17 07:47:36,43.3294982910156,-8.49898910522461,"Unknown"
"6227756",371834,2025-10-17 07:56:53,43.3294868469238,-8.49902153015137,"Unknown"
"6227756",371834,2025-10-17 08:06:53,43.3295059204102,-8.49895858764648,"Unknown"
"6227756",371834,2025-10-17 08:16:53,43.3294944763184,-8.49900150299072,"Unknown"
"6227756",371834,2025-10-17 08:26:53,43.3294410705566,-8.49898529052734,"Unknown"
"6227756",371834,2025-10-17 08:36:53,43.3294792175293,-8.4989767074585,"Unknown"
"6227756",371834,2025-10-17 08:46:53,43.3295516967773,-8.49897480010986,"Unknown"
"6227756",371834,2025-10-17 08:56:54,43.3295364379883,-8.49896049499512,"Unknown"
"6227756",371834,2025-10-17 09:06:54,43.3295860290527,-8.49899291992188,"Unknown"
"6227756",371834,2025-10-17 09:16:54,43.3295478820801,-8.49898910522461,"Unknown"
"6227756",371834,2025-10-17 09:26:54,43.3295974731445,-8.49897289276123,"Unknown"
"6227756",371834,2025-10-17 09:36:54,43.3296585083008,-8.49897766113281,"Unknown"
"6227756",371834,2025-10-17 09:46:54,43.3295707702637,-8.49903297424316,"Unknown"
"6227756",371834,2025-10-17 09:56:54,43.3295631408691,-8.49908924102783,"Unknown"
"6227756",371834,2025-10-17 10:06:54,43.3295593261719,-8.4990291595459,"Unknown"
"6227756",371834,2025-10-17 10:16:54,43.3294639587402,-8.49897861480713,"Unknown"
"6227756",371834,2025-10-17 10:26:55,43.3294715881348,-8.49900436401367,"Unknown"
"6227756",371834,2025-10-17 10:36:54,43.3294105529785,-8.49892711639404,"Unknown"
"6227756",371834,2025-10-17 10:46:54,43.3296127319336,-8.49913024902344,"Unknown"
"6227756",371834,2025-10-17 10:56:55,43.3294982910156,-8.49911212921143,"Unknown"
"6227756",371834,2025-10-17 11:06:55,43.3295936584473,-8.49906635284424,"Unknown"
"6227756",371834,2025-10-17 11:16:56,43.3296775817871,-8.49909496307373,"Unknown"
"6227756",371834,2025-10-17 11:26:55,43.3296813964844,-8.49898433685303,"Unknown"
"6227756",371834,2025-10-17 11:36:56,43.3299255371094,-8.49859523773193,"Unknown"
"6227756",371834,2025-10-17 11:46:56,43.3297920227051,-8.49869441986084,"Unknown"
"6227756",371834,2025-10-17 11:56:55,43.3297882080078,-8.4987964630127,"Unknown"
"6227756",371834,2025-10-17 12:06:57,43.3296813964844,-8.49881076812744,"Unknown"
"6227756",371834,2025-10-17 12:16:55,43.3296508789062,-8.49885559082031,"Unknown"
"6227756",371834,2025-10-17 12:26:57,43.3295249938965,-8.49894142150879,"Unknown"
"6227756",371834,2025-10-17 12:36:57,43.3295516967773,-8.49910926818848,"Unknown"
"6227756",371834,2025-10-17 12:46:57,43.3293800354004,-8.49890613555908,"Unknown"
"6227756",371834,2025-10-17 12:56:56,43.3292503356934,-8.49885368347168,"Unknown"
"6227756",371834,2025-10-17 13:06:56,43.329288482666,-8.49882030487061,"Unknown"
"6227756",371834,2025-10-17 13:16:57,43.3292465209961,-8.49871444702148,"Unknown"
"6227756",371834,2025-10-17 13:27:00,43.3292427062988,-8.49857330322266,"Unknown"
"6227756",371834,2025-10-17 13:36:59,43.3295593261719,-8.49912166595459,"Unknown"
"6227756",371834,2025-10-17 13:47:06,43.3296546936035,-8.49923229217529,"Unknown"
"6227756",371834,2025-10-17 13:57:06,43.3295860290527,-8.4990758895874,"Unknown"
"6227756",371834,2025-10-17 14:07:00,43.3293914794922,-8.49919891357422,"Unknown"
"6227756",371834,2025-10-17 14:16:58,43.3294448852539,-8.49906826019287,"Unknown"
"6227756",371834,2025-10-17 14:27:00,43.3294486999512,-8.49890804290771,"Unknown"
"6227756",371834,2025-10-17 14:36:58,43.3294410705566,-8.49884414672852,"Unknown"
"6227756",371834,2025-10-17 14:46:58,43.3294563293457,-8.49880790710449,"Unknown"
"6227756",371834,2025-10-17 14:56:57,43.3294105529785,-8.49885940551758,"Unknown"
"6227756",371834,2025-10-17 15:06:59,43.3294486999512,-8.49871349334717,"Unknown"
"6227756",371834,2025-10-17 15:16:57,43.3293075561523,-8.49893283843994,"Unknown"
"6227756",371834,2025-10-17 15:26:57,43.3293952941895,-8.4987964630127,"Unknown"
"6227756",371834,2025-10-17 15:36:56,43.3293151855469,-8.49882984161377,"Unknown"
"6227756",371834,2025-10-17 15:46:56,43.3289909362793,-8.49854946136475,"Unknown"
"6227756",371834,2025-10-17 15:56:56,43.3290252685547,-8.49860286712646,"Unknown"
"6227756",371834,2025-10-17 16:06:56,43.3289337158203,-8.49864387512207,"Unknown"
"6227756",371834,2025-10-17 16:16:56,43.3288803100586,-8.49861240386963,"Unknown"
"6227756",371834,2025-10-17 16:26:58,43.3289184570312,-8.49875926971436,"Unknown"
"6227756",371834,2025-10-17 16:36:56,43.328987121582,-8.49873733520508,"Unknown"
"6227756",371834,2025-10-17 16:46:57,43.3291320800781,-8.49874019622803,"Unknown"
"6227756",371834,2025-10-17 16:57:03,43.3289413452148,-8.49921131134033,"Unknown"
"6227756",371834,2025-10-17 17:06:57,43.329158782959,-8.49900341033936,"Unknown"
"6227756",371834,2025-10-17 17:16:57,43.329647064209,-8.49876403808594,"Unknown"
"6227756",371834,2025-10-17 17:26:57,43.3297538757324,-8.49857521057129,"Unknown"
"6227756",371834,2025-10-17 17:36:57,43.3297691345215,-8.4986686706543,"Unknown"
"6227756",371834,2025-10-17 17:46:57,43.3296508789062,-8.49881935119629,"Unknown"
"6227756",371834,2025-10-17 17:56:57,43.3296012878418,-8.49893283843994,"Unknown"
"6227756",371834,2025-10-17 18:06:57,43.3296279907227,-8.49902534484863,"Unknown"
"6227756",371834,2025-10-17 18:16:57,43.3296661376953,-8.49901676177979,"Unknown"
"6227756",371834,2025-10-17 18:26:57,43.3296585083008,-8.49905014038086,"Unknown"
"6227756",371834,2025-10-17 18:36:57,43.3295364379883,-8.49897766113281,"Unknown"
"6227756",371834,2025-10-17 18:46:57,43.3295783996582,-8.49912261962891,"Unknown"
"6227756",371834,2025-10-17 18:56:57,43.3294982910156,-8.4990758895874,"Unknown"
"6227756",371834,2025-10-17 19:06:57,43.3294830322266,-8.4990873336792,"Unknown"
"6227756",371834,2025-10-17 19:16:57,43.329460144043,-8.49905967712402,"Unknown"
"6227756",371834,2025-10-17 19:26:57,43.3294105529785,-8.4988431930542,"Unknown"
"6227756",371834,2025-10-17 19:36:58,43.3294486999512,-8.4989538192749,"Unknown"
"6227756",371834,2025-10-17 19:47:00,43.330020904541,-8.49940204620361,"Unknown"
"6227756",371834,2025-10-17 19:56:59,43.3296775817871,-8.49919605255127,"Unknown"
"6227756",371834,2025-10-17 20:06:59,43.3298606872559,-8.49927711486816,"Unknown"
"6227756",371834,2025-10-17 20:16:59,43.3298377990723,-8.49904727935791,"Unknown"
"6227756",371834,2025-10-17 20:26:57,43.3297157287598,-8.49924468994141,"Unknown"
"6227756",371834,2025-10-17 20:36:57,43.3297271728516,-8.49915885925293,"Unknown"
"6227756",371834,2025-10-17 20:46:57,43.3297538757324,-8.49905490875244,"Unknown"
"6227756",371834,2025-10-17 20:56:57,43.3296852111816,-8.49925804138184,"Unknown"
"6227756",371834,2025-10-17 21:06:57,43.3296852111816,-8.49915885925293,"Unknown"
"6227756",371834,2025-10-17 21:16:57,43.3296928405762,-8.49917030334473,"Unknown"
"6227756",371834,2025-10-17 21:26:57,43.32958984375,-8.49906826019287,"Unknown"
"6227756",371834,2025-10-17 21:36:57,43.329532623291,-8.49908542633057,"Unknown"
"6227756",371834,2025-10-17 21:47:00,43.3294563293457,-8.49898052215576,"Unknown"
"6227756",371834,2025-10-17 21:57:01,43.3297805786133,-8.49908924102783,"Unknown"
"6227756",371834,2025-10-17 22:07:03,43.3297882080078,-8.49911022186279,"Unknown"
"6227756",371834,2025-10-17 22:17:03,43.3298721313477,-8.49904823303223,"Unknown"
"6227756",371834,2025-10-17 22:26:58,43.3303260803223,-8.49944591522217,"Unknown"
"6227756",371834,2025-10-17 22:37:01,43.3299179077148,-8.4989128112793,"Unknown"
"6227756",371834,2025-10-17 22:47:03,43.3298377990723,-8.4987907409668,"Unknown"
"6227756",371834,2025-10-17 22:57:00,43.329963684082,-8.49869537353516,"Unknown"
"6227756",371834,2025-10-17 23:06:58,43.3300285339355,-8.49864292144775,"Unknown"
"6227756",371834,2025-10-17 23:16:58,43.3300285339355,-8.49864292144775,"Unknown"
"6227756",371834,2025-10-17 23:26:58,43.3299522399902,-8.49856567382812,"Unknown"
"6227756",371834,2025-10-17 23:36:58,43.330020904541,-8.49860382080078,"Unknown"
"6227756",371834,2025-10-17 23:46:58,43.3296508789062,-8.49891948699951,"Unknown"
"6227756",371834,2025-10-17 23:56:58,43.3295021057129,-8.4990291595459,"Unknown"
"6227756",371834,2025-10-18 00:06:58,43.3294410705566,-8.49907302856445,"Unknown"
"6227756",371834,2025-10-18 00:16:58,43.3293228149414,-8.49918079376221,"Unknown"
"6227756",371834,2025-10-18 00:26:58,43.3293266296387,-8.49911594390869,"Unknown"
"6227756",371834,2025-10-18 00:36:59,43.329402923584,-8.49910831451416,"Unknown"
"6227756",371834,2025-10-18 00:46:57,43.3293685913086,-8.4990348815918,"Unknown"
"6227756",371834,2025-10-18 00:56:58,43.3295555114746,-8.49904823303223,"Unknown"
"6227756",371834,2025-10-18 01:06:59,43.3295707702637,-8.49904155731201,"Unknown"
"6227756",371834,2025-10-18 01:16:59,43.330020904541,-8.49938106536865,"Unknown"
"6227756",371834,2025-10-18 01:26:59,43.3297653198242,-8.499098777771,"Unknown"
"6227756",371834,2025-10-18 01:37:03,43.3298301696777,-8.49913692474365,"Unknown"
"6227756",371834,2025-10-18 01:47:05,43.3297157287598,-8.49904441833496,"Unknown"
"6227756",371834,2025-10-18 01:56:58,43.3293190002441,-8.49923133850098,"Unknown"
"6227756",371834,2025-10-18 02:06:57,43.3292083740234,-8.499192237854,"Unknown"
"6227756",371834,2025-10-18 02:16:58,43.3292961120605,-8.49909400939941,"Unknown"
"6227756",371834,2025-10-18 02:26:58,43.329460144043,-8.49904823303223,"Unknown"
"6227756",371834,2025-10-18 02:36:57,43.329460144043,-8.4988842010498,"Unknown"
"6227756",371834,2025-10-18 02:46:57,43.3294792175293,-8.49878883361816,"Unknown"
"6227756",371834,2025-10-18 02:56:57,43.3295631408691,-8.49876403808594,"Unknown"
"6227756",371834,2025-10-18 03:06:57,43.3292770385742,-8.49868106842041,"Unknown"
"6227756",371834,2025-10-18 03:16:58,43.3292617797852,-8.49867820739746,"Unknown"
"6227756",371834,2025-10-18 03:26:57,43.3293266296387,-8.49860095977783,"Unknown"
"6227756",371834,2025-10-18 03:36:59,43.3293800354004,-8.49852848052979,"Unknown"
"6227756",371834,2025-10-18 03:46:58,43.3294410705566,-8.49932193756104,"Unknown"
"6227756",371834,2025-10-18 03:57:00,43.3294448852539,-8.4987211227417,"Unknown"
"6227756",371834,2025-10-18 04:07:01,43.3296966552734,-8.49896240234375,"Unknown"
"6227756",371834,2025-10-18 04:17:00,43.3302383422852,-8.49938106536865,"Unknown"
"6227756",371834,2025-10-18 04:27:03,43.3294944763184,-8.49916076660156,"Unknown"
"6227756",371834,2025-10-18 04:37:04,43.3295097351074,-8.49912738800049,"Unknown"
"6227756",371834,2025-10-18 04:47:05,43.3295936584473,-8.49918365478516,"Unknown"
"6227756",371834,2025-10-18 04:57:06,43.3296089172363,-8.49912738800049,"Unknown"
"6227756",371834,2025-10-18 05:07:06,43.3295822143555,-8.4990758895874,"Unknown"
"6227756",371834,2025-10-18 05:16:58,43.329704284668,-8.49886798858643,"Unknown"
"6227756",371834,2025-10-18 05:26:58,43.3297157287598,-8.49876976013184,"Unknown"
"6227756",371834,2025-10-18 05:36:59,43.3296203613281,-8.49892711639404,"Unknown"
"6227756",371834,2025-10-18 05:46:59,43.329517364502,-8.49911594390869,"Unknown"
"6227756",371834,2025-10-18 05:56:59,43.3296089172363,-8.49883556365967,"Unknown"
"6227756",371834,2025-10-18 06:07:06,43.329704284668,-8.49857711791992,"Unknown"
"6227756",371834,2025-10-18 06:17:01,43.329662322998,-8.49862003326416,"Unknown"
"6227756",371834,2025-10-18 06:26:58,43.3295860290527,-8.49897384643555,"Unknown"
"6227756",371834,2025-10-18 06:36:59,43.3295936584473,-8.49892330169678,"Unknown"
"6227756",371834,2025-10-18 06:47:06,43.3296890258789,-8.49847793579102,"Unknown"
"6227756",371834,2025-10-18 06:57:00,43.3296356201172,-8.49878025054932,"Unknown"
"6227756",371834,2025-10-18 07:07:03,43.3296813964844,-8.49846363067627,"Unknown"
"6227756",371834,2025-10-18 07:17:14,43.3297691345215,-8.4984769821167,"Unknown"
"6227756",371834,2025-10-18 07:26:58,43.3297080993652,-8.49835109710693,"Unknown"
"6227756",371834,2025-10-18 07:36:57,43.329662322998,-8.4986047744751,"Unknown"
"6227756",371834,2025-10-18 07:47:03,43.3296508789062,-8.49862861633301,"Unknown"
"6227756",371834,2025-10-18 07:57:05,43.3297462463379,-8.49882888793945,"Unknown"
"6227756",371834,2025-10-18 08:07:06,43.3296852111816,-8.49887847900391,"Unknown"
"6227756",371834,2025-10-18 08:17:06,43.329647064209,-8.49890232086182,"Unknown"
"6227756",371834,2025-10-18 08:27:06,43.3296089172363,-8.49879837036133,"Unknown"
"6227756",371834,2025-10-18 08:37:08,43.3296127319336,-8.49897956848145,"Unknown"
"6227756",371834,2025-10-18 08:47:06,43.32958984375,-8.49897575378418,"Unknown"
"6227756",371834,2025-10-18 08:57:06,43.3295860290527,-8.49898719787598,"Unknown"
"6227756",371834,2025-10-18 09:07:14,43.3294830322266,-8.4988956451416,"Unknown"
"6227756",371834,2025-10-18 09:16:56,43.3295211791992,-8.49891376495361,"Unknown"
"6227756",371834,2025-10-18 09:26:56,43.3296127319336,-8.4989538192749,"Unknown"
"6227756",371834,2025-10-18 09:37:01,43.3295249938965,-8.4988956451416,"Unknown"
"6227756",371834,2025-10-18 09:47:14,43.3294715881348,-8.49884605407715,"Unknown"
"6227756",371834,2025-10-18 09:57:01,43.3294906616211,-8.49885940551758,"Unknown"
"6227756",371834,2025-10-18 10:07:29,43.3295288085938,-8.49894618988037,"Unknown"
"6227756",371834,2025-10-18 10:16:55,43.3295822143555,-8.49903583526611,"Unknown"
"6227756",371834,2025-10-18 10:26:55,43.3295402526855,-8.49906730651855,"Unknown"
"6227756",371834,2025-10-18 10:36:56,43.329475402832,-8.49900531768799,"Unknown"
"6227756",371834,2025-10-18 10:46:56,43.329532623291,-8.49904918670654,"Unknown"
"6227756",371834,2025-10-18 10:56:57,43.3295631408691,-8.49912452697754,"Unknown"
"6227756",371834,2025-10-18 11:06:57,43.329532623291,-8.49911594390869,"Unknown"
"6227756",371834,2025-10-18 11:16:57,43.3295021057129,-8.49911499023438,"Unknown"
"6227756",371834,2025-10-18 11:26:57,43.329517364502,-8.49918174743652,"Unknown"
"6227756",371834,2025-10-18 11:36:57,43.3294982910156,-8.49912929534912,"Unknown"
"6227756",371834,2025-10-18 11:46:57,43.329517364502,-8.49903392791748,"Unknown"
"6227756",371834,2025-10-18 11:56:57,43.3294715881348,-8.49910259246826,"Unknown"
"6227756",371834,2025-10-18 12:06:58,43.3294982910156,-8.4991626739502,"Unknown"
"6227756",371834,2025-10-18 12:16:58,43.3294639587402,-8.49898433685303,"Unknown"
"6227756",371834,2025-10-18 12:26:58,43.329460144043,-8.4989070892334,"Unknown"
"6227756",371834,2025-10-18 12:37:05,43.3294296264648,-8.4988374710083,"Unknown"
"6227756",371834,2025-10-18 12:47:00,43.3293914794922,-8.49874591827393,"Unknown"
"6227756",371834,2025-10-18 12:57:01,43.3292770385742,-8.49884414672852,"Unknown"
"6227756",371834,2025-10-18 13:07:06,43.3291015625,-8.49813842773438,"Unknown"
"6227756",371834,2025-10-18 13:17:13,43.3295707702637,-8.49897861480713,"Unknown"
"6227756",371834,2025-10-18 13:26:58,43.3296051025391,-8.4988899230957,"Unknown"
"6227756",371834,2025-10-18 13:36:59,43.329647064209,-8.49902629852295,"Unknown"
"6227756",371834,2025-10-18 13:47:29,43.3296165466309,-8.49896240234375,"Unknown"
"6227756",371834,2025-10-18 13:56:58,43.3295516967773,-8.49889087677002,"Unknown"
"6227756",371834,2025-10-18 14:07:07,43.3295364379883,-8.49888896942139,"Unknown"
"6227756",371834,2025-10-18 14:17:06,43.329460144043,-8.49894046783447,"Unknown"
"6227756",371834,2025-10-18 14:27:07,43.3295974731445,-8.49873542785645,"Unknown"
"6227756",371834,2025-10-18 14:37:14,43.3294525146484,-8.49892902374268,"Unknown"
"6227756",371834,2025-10-18 14:46:59,43.3295059204102,-8.49949169158936,"Unknown"
"6227756",371834,2025-10-18 14:56:59,43.3295364379883,-8.49917602539062,"Unknown"
"6227756",371834,2025-10-18 15:06:58,43.3295135498047,-8.49898624420166,"Unknown"
"6227756",371834,2025-10-18 15:16:58,43.3295211791992,-8.49905586242676,"Unknown"
"6227756",371834,2025-10-18 15:26:58,43.3293991088867,-8.49887561798096,"Unknown"
"6227756",371834,2025-10-18 15:37:14,43.3294143676758,-8.49918556213379,"Unknown"
"6227756",371834,2025-10-18 15:47:07,43.3294715881348,-8.49844264984131,"Unknown"
"6227756",371834,2025-10-18 15:57:17,43.3293914794922,-8.49901580810547,"Unknown"
"6227756",371834,2025-10-18 16:07:15,43.329460144043,-8.49909591674805,"Unknown"
"6227756",371834,2025-10-18 16:17:07,43.3292999267578,-8.49891567230225,"Unknown"
"6227756",371834,2025-10-18 16:27:16,43.3292007446289,-8.49885559082031,"Unknown"
"6227756",371834,2025-10-18 16:37:07,43.3290367126465,-8.49880504608154,"Unknown"
"6227756",371834,2025-10-18 16:47:14,43.3286666870117,-8.49906253814697,"Unknown"
"6227756",371834,2025-10-18 16:57:12,43.330394744873,-8.49858093261719,"Unknown"
"6227756",371834,2025-10-18 17:07:09,43.3297157287598,-8.49884033203125,"Unknown"
"6227756",371834,2025-10-18 17:17:14,43.329517364502,-8.4987325668335,"Unknown"
"6227756",371834,2025-10-18 17:27:08,43.3294830322266,-8.49890804290771,"Unknown"
"6227756",371834,2025-10-18 17:37:08,43.3295135498047,-8.49890899658203,"Unknown"
"6227756",371834,2025-10-18 17:47:17,43.3295059204102,-8.49890613555908,"Unknown"
"6227756",371834,2025-10-18 17:57:02,43.3294105529785,-8.4988842010498,"Unknown"
"6227756",371834,2025-10-18 18:07:07,43.3295402526855,-8.49899387359619,"Unknown"
"6227756",371834,2025-10-18 18:17:07,43.32958984375,-8.4990119934082,"Unknown"
"6227756",371834,2025-10-18 18:27:07,43.329460144043,-8.49891471862793,"Unknown"
"6227756",371834,2025-10-18 18:37:29,43.3295059204102,-8.49893379211426,"Unknown"
"6227756",371834,2025-10-18 18:46:56,43.3295097351074,-8.49903869628906,"Unknown"
"6227756",371834,2025-10-18 18:56:56,43.3295440673828,-8.498948097229,"Unknown"
"6227756",371834,2025-10-18 19:06:56,43.3295478820801,-8.49895477294922,"Unknown"
"6227756",371834,2025-10-18 19:16:56,43.3294944763184,-8.49890232086182,"Unknown"
"6227756",371834,2025-10-18 19:26:57,43.3293685913086,-8.49892616271973,"Unknown"
"6227756",371834,2025-10-18 19:37:07,43.3295402526855,-8.49898338317871,"Unknown"
"6227756",371834,2025-10-18 19:46:59,43.3294906616211,-8.49896907806396,"Unknown"
"6227756",371834,2025-10-18 19:56:59,43.3295364379883,-8.49907112121582,"Unknown"
"6227756",371834,2025-10-18 20:07:02,43.329460144043,-8.49904346466064,"Unknown"
"6227756",371834,2025-10-18 20:17:07,43.3295059204102,-8.49905490875244,"Unknown"
"6227756",371834,2025-10-18 20:27:04,43.3294830322266,-8.49893569946289,"Unknown"
"6227756",371834,2025-10-18 20:37:00,43.3295440673828,-8.49924278259277,"Unknown"
"6227756",371834,2025-10-18 20:47:01,43.3296546936035,-8.49946212768555,"Unknown"
"6227756",371834,2025-10-18 20:57:08,43.3294334411621,-8.49894523620605,"Unknown"
"6227756",371834,2025-10-18 21:07:11,43.3294982910156,-8.49909019470215,"Unknown"
"6227756",371834,2025-10-18 21:16:57,43.3295936584473,-8.49926376342773,"Unknown"
"6227756",371834,2025-10-18 21:26:59,43.3296089172363,-8.49916076660156,"Unknown"
"6227756",371834,2025-10-18 21:36:59,43.3295059204102,-8.49883842468262,"Unknown"
"6227756",371834,2025-10-18 21:47:14,43.3296051025391,-8.4992790222168,"Unknown"
"6227756",371834,2025-10-18 21:57:07,43.3294868469238,-8.49901676177979,"Unknown"
"6227756",371834,2025-10-18 22:07:29,43.3294830322266,-8.49904823303223,"Unknown"
"6227756",371834,2025-10-18 22:16:56,43.3295516967773,-8.4990348815918,"Unknown"
"6227756",371834,2025-10-18 22:26:56,43.3294906616211,-8.49906444549561,"Unknown"
"6227756",371834,2025-10-18 22:36:56,43.3294830322266,-8.49897956848145,"Unknown"
"6227756",371834,2025-10-18 22:46:59,43.3295936584473,-8.49920177459717,"Unknown"
"6227756",371834,2025-10-18 22:57:07,43.3295440673828,-8.49887561798096,"Unknown"
"6227756",371834,2025-10-18 23:07:06,43.3295860290527,-8.49888324737549,"Unknown"
"6227756",371834,2025-10-18 23:17:02,43.3294906616211,-8.49899387359619,"Unknown"
"6227756",371834,2025-10-18 23:27:02,43.3295478820801,-8.49892807006836,"Unknown"
"6227756",371834,2025-10-18 23:37:00,43.32958984375,-8.4989128112793,"Unknown"
"6227756",371834,2025-10-18 23:46:59,43.3296051025391,-8.49884223937988,"Unknown"
"6227756",371834,2025-10-18 23:56:59,43.3295555114746,-8.4989709854126,"Unknown"
"6227756",371834,2025-10-19 00:07:04,43.3294448852539,-8.49885177612305,"Unknown"
"6227756",371834,2025-10-19 00:17:04,43.3293800354004,-8.49893665313721,"Unknown"
"6227756",371834,2025-10-19 00:27:12,43.3295364379883,-8.49890995025635,"Unknown"
"6227756",371834,2025-10-19 00:37:08,43.3296318054199,-8.49889945983887,"Unknown"
"6227756",371834,2025-10-19 00:47:14,43.3295593261719,-8.4989709854126,"Unknown"
"6227756",371834,2025-10-19 00:57:09,43.3296127319336,-8.49880313873291,"Unknown"
"6227756",371834,2025-10-19 01:07:07,43.3293952941895,-8.49889373779297,"Unknown"
"6227756",371834,2025-10-19 01:17:06,43.3293647766113,-8.49892425537109,"Unknown"
"6227756",371834,2025-10-19 01:27:08,43.3297653198242,-8.49872398376465,"Unknown"
"6227756",371834,2025-10-19 01:37:17,43.3294563293457,-8.4989070892334,"Unknown"
"6227756",371834,2025-10-19 01:47:35,43.3294486999512,-8.49898338317871,"Unknown"
"6227756",371834,2025-10-19 01:56:59,43.3294830322266,-8.49973392486572,"Unknown"
"6227756",371834,2025-10-19 02:06:59,43.3293380737305,-8.49921226501465,"Unknown"
"6227756",371834,2025-10-19 02:16:58,43.3294639587402,-8.49984836578369,"Unknown"
"6227756",371834,2025-10-19 02:27:01,43.329475402832,-8.50006771087646,"Unknown"
"6227756",371834,2025-10-19 02:37:05,43.3294944763184,-8.49895763397217,"Unknown"
"6227756",371834,2025-10-19 02:46:59,43.3295288085938,-8.49855327606201,"Unknown"
"6227756",371834,2025-10-19 02:57:14,43.3295745849609,-8.49890613555908,"Unknown"
"6227756",371834,2025-10-19 03:06:59,43.3294563293457,-8.49863433837891,"Unknown"
"6227756",371834,2025-10-19 03:17:08,43.329532623291,-8.49888801574707,"Unknown"
"6227756",371834,2025-10-19 03:27:29,43.3295364379883,-8.49895000457764,"Unknown"
"6227756",371834,2025-10-19 03:36:56,43.3293876647949,-8.49897289276123,"Unknown"
"6227756",371834,2025-10-19 03:46:56,43.3295211791992,-8.49902057647705,"Unknown"
"6227756",371834,2025-10-19 03:57:05,43.3294448852539,-8.49893760681152,"Unknown"
"6227756",371834,2025-10-19 04:07:07,43.3294830322266,-8.49895763397217,"Unknown"
"6227756",371834,2025-10-19 04:17:05,43.3294219970703,-8.49899005889893,"Unknown"
"6227756",371834,2025-10-19 04:27:08,43.3293991088867,-8.49899005889893,"Unknown"
"6227756",371834,2025-10-19 04:37:18,43.3294639587402,-8.49899768829346,"Unknown"
"6227756",371834,2025-10-19 04:47:29,43.329532623291,-8.498948097229,"Unknown"
"6227756",371834,2025-10-19 04:56:57,43.3294410705566,-8.49906444549561,"Unknown"
"6227756",371834,2025-10-19 05:06:58,43.3296241760254,-8.49886703491211,"Unknown"
"6227756",371834,2025-10-19 05:16:59,43.3296775817871,-8.4987850189209,"Unknown"
"6227756",371834,2025-10-19 05:26:59,43.3296890258789,-8.49883937835693,"Unknown"
"6227756",371834,2025-10-19 05:36:59,43.329776763916,-8.49887084960938,"Unknown"
"6227756",371834,2025-10-19 05:46:59,43.3297653198242,-8.49888324737549,"Unknown"
"6227756",371834,2025-10-19 05:57:07,43.3294525146484,-8.49895000457764,"Unknown"
"6227756",371834,2025-10-19 06:07:06,43.3294906616211,-8.4989709854126,"Unknown"
"6227756",371834,2025-10-19 06:17:01,43.329647064209,-8.49903106689453,"Unknown"
"6227756",371834,2025-10-19 06:27:00,43.3296813964844,-8.49909591674805,"Unknown"
"6227756",371834,2025-10-19 06:36:59,43.329833984375,-8.49916744232178,"Unknown"
"6227756",371834,2025-10-19 06:47:04,43.329418182373,-8.49890613555908,"Unknown"
"6227756",371834,2025-10-19 06:57:00,43.3295440673828,-8.49907302856445,"Unknown"
"6227756",371834,2025-10-19 07:07:00,43.3295555114746,-8.49909973144531,"Unknown"
"6227756",371834,2025-10-19 07:17:01,43.3293876647949,-8.49890804290771,"Unknown"
"6227756",371834,2025-10-19 07:27:07,43.3292388916016,-8.49864864349365,"Unknown"
"6227756",371834,2025-10-19 07:37:07,43.3293075561523,-8.498703956604,"Unknown"
"6227756",371834,2025-10-19 07:47:07,43.3294677734375,-8.49890899658203,"Unknown"
"6227756",371834,2025-10-19 07:57:00,43.3295135498047,-8.49897193908691,"Unknown"
"6227756",371834,2025-10-19 08:07:04,43.3295288085938,-8.49891662597656,"Unknown"
"6227756",371834,2025-10-19 08:17:07,43.3295288085938,-8.49896335601807,"Unknown"
"6227756",371834,2025-10-19 08:27:07,43.3295860290527,-8.49887275695801,"Unknown"
"6227756",371834,2025-10-19 08:37:07,43.329776763916,-8.49867534637451,"Unknown"
"6227756",371834,2025-10-19 08:47:19,43.3300628662109,-8.49848079681396,"Unknown"
"6227756",371834,2025-10-19 08:57:18,43.3287620544434,-8.49943065643311,"Unknown"
"6227756",371834,2025-10-19 09:07:21,43.3291931152344,-8.49910449981689,"Unknown"
"6227756",371834,2025-10-19 09:17:14,43.3291435241699,-8.49900817871094,"Unknown"
"6227756",371834,2025-10-19 09:27:07,43.3291320800781,-8.4987096786499,"Unknown"
"6227756",371834,2025-10-19 09:37:26,43.3293075561523,-8.49936199188232,"Unknown"
"6227756",371834,2025-10-19 09:46:58,43.3294219970703,-8.49948215484619,"Unknown"
"6227756",371834,2025-10-19 09:56:59,43.3293952941895,-8.49904346466064,"Unknown"
"6227756",371834,2025-10-19 10:07:00,43.3294486999512,-8.4988956451416,"Unknown"
"6227756",371834,2025-10-19 10:16:59,43.3293952941895,-8.49878215789795,"Unknown"
"6227756",371834,2025-10-19 10:26:58,43.3294105529785,-8.49873733520508,"Unknown"
"6227756",371834,2025-10-19 10:36:58,43.3291473388672,-8.49837017059326,"Unknown"
"6227756",371834,2025-10-19 10:47:00,43.3296661376953,-8.49916744232178,"Unknown"
"6227756",371834,2025-10-19 10:56:59,43.3296432495117,-8.49915790557861,"Unknown"
"6227756",371834,2025-10-19 11:06:57,43.329647064209,-8.4991340637207,"Unknown"
"6227756",371834,2025-10-19 11:16:58,43.3295860290527,-8.49921989440918,"Unknown"
"6227756",371834,2025-10-19 11:27:06,43.3295631408691,-8.49912929534912,"Unknown"
"6227756",371834,2025-10-19 11:37:00,43.3295783996582,-8.49923610687256,"Unknown"
"6227756",371834,2025-10-19 11:47:15,43.3296318054199,-8.51346588134766,"Unknown"
"6227756",371834,2025-10-19 11:57:13,43.3298950195312,-8.51435375213623,"Unknown"
"6227756",371834,2025-10-19 12:07:14,43.3295860290527,-8.49901866912842,"Unknown"
"6227756",371834,2025-10-19 12:17:10,43.3316345214844,-8.51430416107178,"Unknown"
"6227756",371834,2025-10-19 12:27:06,43.3294372558594,-8.49887752532959,"Unknown"
"6227756",371834,2025-10-19 12:37:11,43.3293571472168,-8.49881839752197,"Unknown"
"6227756",371834,2025-10-19 12:47:06,43.3295135498047,-8.49891567230225,"Unknown"
"6227756",371834,2025-10-19 12:57:10,43.3294677734375,-8.49886226654053,"Unknown"
"6227756",371834,2025-10-19 13:07:07,43.3295211791992,-8.49885177612305,"Unknown"
"6227756",371834,2025-10-19 13:17:07,43.3296165466309,-8.49888801574707,"Unknown"
"6227756",371834,2025-10-19 13:27:13,43.3291091918945,-8.49920177459717,"Unknown"
"6227756",371834,2025-10-19 13:37:06,43.3295364379883,-8.49895191192627,"Unknown"
"6227756",371834,2025-10-19 13:47:22,43.3296966552734,-8.49885082244873,"Unknown"
"6227756",371834,2025-10-19 13:57:04,43.3297805786133,-8.49887943267822,"Unknown"
"6227756",371834,2025-10-19 14:07:07,43.3296699523926,-8.49874591827393,"Unknown"
"6227756",371834,2025-10-19 14:17:01,43.3297843933105,-8.49868202209473,"Unknown"
"6227756",371834,2025-10-19 14:27:01,43.3297538757324,-8.49868774414062,"Unknown"
"6227756",371834,2025-10-19 14:37:29,43.3294982910156,-8.49887466430664,"Unknown"
"6227756",371834,2025-10-19 14:46:57,43.3294563293457,-8.49888801574707,"Unknown"
"6227756",371834,2025-10-19 14:56:57,43.3294830322266,-8.49882888793945,"Unknown"
"6227756",371834,2025-10-19 15:06:56,43.3294525146484,-8.49895095825195,"Unknown"
"6227756",371834,2025-10-19 15:16:58,43.329460144043,-8.49889278411865,"Unknown"
"6227756",371834,2025-10-19 15:26:58,43.3294067382812,-8.49892711639404,"Unknown"
"6227756",371834,2025-10-19 15:36:57,43.3294372558594,-8.49891662597656,"Unknown"
"6227756",371834,2025-10-19 15:46:58,43.3294448852539,-8.49894523620605,"Unknown"
"6227756",371834,2025-10-19 15:57:02,43.3294448852539,-8.49894046783447,"Unknown"
"6227756",371834,2025-10-19 16:07:14,43.3295135498047,-8.49892139434814,"Unknown"
"6227756",371834,2025-10-19 16:17:07,43.3295669555664,-8.49894332885742,"Unknown"
"6227756",371834,2025-10-19 16:27:07,43.3296699523926,-8.49896430969238,"Unknown"
"6227756",371834,2025-10-19 16:37:00,43.3297920227051,-8.49907684326172,"Unknown"
"6227756",371834,2025-10-19 16:47:18,43.3295249938965,-8.49895191192627,"Unknown"
"6227756",371834,2025-10-19 16:57:02,43.3296318054199,-8.49893283843994,"Unknown"
"6227756",371834,2025-10-19 17:07:07,43.32958984375,-8.49892330169678,"Unknown"
"6227756",371834,2025-10-19 17:17:29,43.3296165466309,-8.49886035919189,"Unknown"
"6227756",371834,2025-10-19 17:26:58,43.3295822143555,-8.49896812438965,"Unknown"
"6227756",371834,2025-10-19 17:36:58,43.3295440673828,-8.49902439117432,"Unknown"
"6227756",371834,2025-10-19 17:46:57,43.3295860290527,-8.49902057647705,"Unknown"
"6227756",371834,2025-10-19 17:56:58,43.3295364379883,-8.49902820587158,"Unknown"
"6227756",371834,2025-10-19 18:06:58,43.3295364379883,-8.49902057647705,"Unknown"
"6227756",371834,2025-10-19 18:16:57,43.3295249938965,-8.49906730651855,"Unknown"
"6227756",371834,2025-10-19 18:26:57,43.3294715881348,-8.49897575378418,"Unknown"
"6227756",371834,2025-10-19 18:36:59,43.329517364502,-8.49891567230225,"Unknown"
"6227756",371834,2025-10-19 18:46:59,43.3294258117676,-8.49889850616455,"Unknown"
"6227756",371834,2025-10-19 18:56:58,43.329833984375,-8.49906253814697,"Unknown"
"6227756",371834,2025-10-19 19:06:58,43.3328895568848,-8.50138092041016,"Unknown"
"6227756",371834,2025-10-19 19:17:15,43.3296279907227,-8.49887561798096,"Unknown"
"6227756",371834,2025-10-19 19:27:06,43.3296318054199,-8.49891757965088,"Unknown"
"6227756",371834,2025-10-19 19:37:06,43.3296051025391,-8.49887752532959,"Unknown"
"6227756",371834,2025-10-19 19:47:15,43.3295249938965,-8.49899482727051,"Unknown"
"6227756",371834,2025-10-19 19:58:16,43.329647064209,-8.4990406036377,"Unknown"
"6227756",371834,2025-10-19 20:07:00,43.3263359069824,-8.48998832702637,"Unknown"
"6227756",371834,2025-10-19 20:16:59,43.3249092102051,-8.48964309692383,"Unknown"
"6227756",371834,2025-10-19 20:27:01,43.3255882263184,-8.49343967437744,"Unknown"
"6227756",371834,2025-10-19 20:37:00,43.3294677734375,-8.49899291992188,"Unknown"
"6227756",371834,2025-10-19 20:47:29,43.3294639587402,-8.49898338317871,"Unknown"
"6227756",371834,2025-10-19 20:56:56,43.3295097351074,-8.49897289276123,"Unknown"
"6227756",371834,2025-10-19 21:06:56,43.3295059204102,-8.49896049499512,"Unknown"
"6227756",371834,2025-10-19 21:16:56,43.329418182373,-8.49893760681152,"Unknown"
"6227756",371834,2025-10-19 21:26:56,43.3294944763184,-8.49890613555908,"Unknown"
"6227756",371834,2025-10-19 21:36:58,43.3293991088867,-8.49893856048584,"Unknown"
"6227756",371834,2025-10-19 21:46:57,43.3292846679688,-8.49884986877441,"Unknown"
"6227756",371834,2025-10-19 21:56:59,43.3291702270508,-8.49877548217773,"Unknown"
"6227756",371834,2025-10-19 22:07:02,43.3294944763184,-8.49905204772949,"Unknown"
"6227756",371834,2025-10-19 22:17:01,43.3293991088867,-8.49891090393066,"Unknown"
"6227756",371834,2025-10-19 22:27:00,43.3296127319336,-8.49903774261475,"Unknown"
"6227756",371834,2025-10-19 22:36:58,43.3295059204102,-8.49904251098633,"Unknown"
"6227756",371834,2025-10-19 22:47:08,43.3295478820801,-8.49906539916992,"Unknown"
"6227756",371834,2025-10-19 22:56:58,43.3295669555664,-8.49913024902344,"Unknown"
"6227756",371834,2025-10-19 23:06:59,43.3296203613281,-8.49911594390869,"Unknown"
"6227756",371834,2025-10-19 23:16:58,43.3296051025391,-8.49911689758301,"Unknown"
"6227756",371834,2025-10-19 23:26:59,43.3295631408691,-8.49910545349121,"Unknown"
"6227756",371834,2025-10-19 23:36:59,43.3296775817871,-8.49904251098633,"Unknown"
"6227756",371834,2025-10-19 23:47:01,43.3294715881348,-8.49920654296875,"Unknown"
"6227756",371834,2025-10-19 23:56:59,43.3294486999512,-8.49928951263428,"Unknown"
"6227756",371834,2025-10-20 00:06:59,43.3268928527832,-8.49995994567871,"Unknown"
"6227756",371834,2025-10-20 00:16:59,43.3295364379883,-8.49917507171631,"Unknown"
"6227756",371834,2025-10-20 00:27:00,43.3297576904297,-8.4992504119873,"Unknown"
"6227756",371834,2025-10-20 00:37:00,43.3294105529785,-8.499098777771,"Unknown"
"6227756",371834,2025-10-20 00:47:06,43.3292655944824,-8.49915981292725,"Unknown"
"6227756",371834,2025-10-20 00:57:10,43.3293762207031,-8.49896144866943,"Unknown"
"6227756",371834,2025-10-20 01:07:04,43.3294525146484,-8.49884986877441,"Unknown"
"6227756",371834,2025-10-20 01:16:59,43.330249786377,-8.50005531311035,"Unknown"
"6227756",371834,2025-10-20 01:27:33,43.3294830322266,-8.49899578094482,"Unknown"
"6227756",371834,2025-10-20 01:37:04,43.3294258117676,-8.49896430969238,"Unknown"
"6227756",371834,2025-10-20 01:46:59,43.3292427062988,-8.4998664855957,"Unknown"
"6227756",371834,2025-10-20 01:56:58,43.3292846679688,-8.499680519104,"Unknown"
"6227756",371834,2025-10-20 02:06:59,43.3294868469238,-8.49905300140381,"Unknown"
"6227756",371834,2025-10-20 02:16:59,43.3294105529785,-8.49902057647705,"Unknown"
"6227756",371834,2025-10-20 02:26:57,43.3294715881348,-8.49881458282471,"Unknown"
"6227756",371834,2025-10-20 02:36:59,43.3295783996582,-8.49880218505859,"Unknown"
"6227756",371834,2025-10-20 02:46:58,43.3294906616211,-8.49879837036133,"Unknown"
"6227756",371834,2025-10-20 02:56:58,43.3296203613281,-8.49886894226074,"Unknown"
"6227756",371834,2025-10-20 03:06:59,43.3294830322266,-8.49889659881592,"Unknown"
"6227756",371834,2025-10-20 03:17:00,43.3293228149414,-8.49866676330566,"Unknown"
"6227756",371834,2025-10-20 03:26:59,43.3294372558594,-8.49875164031982,"Unknown"
"6227756",371834,2025-10-20 03:37:10,43.3296051025391,-8.49888229370117,"Unknown"
"6227756",371834,2025-10-20 03:47:00,43.3293914794922,-8.49884128570557,"Unknown"
"6227756",371834,2025-10-20 03:57:06,43.3296241760254,-8.49894237518311,"Unknown"
"6227756",371834,2025-10-20 04:07:04,43.3296051025391,-8.49890327453613,"Unknown"
"6227756",371834,2025-10-20 04:17:04,43.3295021057129,-8.49902629852295,"Unknown"
"6227756",371834,2025-10-20 04:27:01,43.3295021057129,-8.49924182891846,"Unknown"
"6227756",371834,2025-10-20 04:37:02,43.3296394348145,-8.49900722503662,"Unknown"
"6227756",371834,2025-10-20 04:47:00,43.3295059204102,-8.49920654296875,"Unknown"
"6227756",371834,2025-10-20 04:57:04,43.3298110961914,-8.4987268447876,"Unknown"
"6227756",371834,2025-10-20 05:07:29,43.3297271728516,-8.49879741668701,"Unknown"
"6227756",371834,2025-10-20 05:17:01,43.3296966552734,-8.49881649017334,"Unknown"
"6227756",371834,2025-10-20 05:27:01,43.3297462463379,-8.49884414672852,"Unknown"
"6227756",371834,2025-10-20 05:37:00,43.3297271728516,-8.49882793426514,"Unknown"
"6227756",371834,2025-10-20 05:47:00,43.329776763916,-8.49886894226074,"Unknown"
"6227756",371834,2025-10-20 05:57:02,43.3294105529785,-8.49899196624756,"Unknown"
"6227756",371834,2025-10-20 06:07:09,43.3295669555664,-8.49880123138428,"Unknown"
"6227756",371834,2025-10-20 06:17:05,43.3295478820801,-8.49887275695801,"Unknown"
"6227756",371834,2025-10-20 06:27:06,43.3295669555664,-8.49890995025635,"Unknown"
"6227756",371834,2025-10-20 06:37:05,43.3295631408691,-8.49892616271973,"Unknown"
"6227756",371834,2025-10-20 06:47:07,43.3296585083008,-8.49891471862793,"Unknown"
"6227756",371834,2025-10-20 06:57:07,43.3298721313477,-8.49912452697754,"Unknown"
"6227756",371834,2025-10-20 07:07:12,43.3292770385742,-8.49883842468262,"Unknown"
"6227756",371834,2025-10-20 07:17:25,43.3294944763184,-8.49899387359619,"Unknown"
"6227756",371834,2025-10-20 07:27:07,43.3294410705566,-8.49904823303223,"Unknown"
"6227756",371834,2025-10-20 07:37:07,43.3294372558594,-8.49901390075684,"Unknown"
"6227756",371834,2025-10-20 07:47:29,43.3295440673828,-8.49902725219727,"Unknown"
"6227756",371834,2025-10-20 07:57:07,43.3294906616211,-8.4989709854126,"Unknown"
"6227756",371834,2025-10-20 08:07:07,43.3295822143555,-8.49902629852295,"Unknown"
"6227756",371834,2025-10-20 08:17:07,43.3294639587402,-8.49906635284424,"Unknown"
"6227756",371834,2025-10-20 08:27:11,43.3288345336914,-8.49899005889893,"Unknown"
"6227756",371834,2025-10-20 08:37:31,43.3294944763184,-8.49902248382568,"Unknown"
"6227756",371834,2025-10-20 08:46:56,43.3295097351074,-8.49899387359619,"Unknown"
"6227756",371834,2025-10-20 08:56:56,43.3294906616211,-8.49900245666504,"Unknown"
"6227756",371834,2025-10-20 09:06:58,43.3294715881348,-8.49895286560059,"Unknown"
"6227756",371834,2025-10-20 09:16:57,43.3294067382812,-8.49885749816895,"Unknown"
"6227756",371834,2025-10-20 09:26:59,43.3296051025391,-8.49881935119629,"Unknown"
"6227756",371834,2025-10-20 09:36:58,43.3294830322266,-8.49898624420166,"Unknown"
"6227756",371834,2025-10-20 09:46:58,43.3295135498047,-8.49900245666504,"Unknown"
"6227756",371834,2025-10-20 09:57:04,43.329475402832,-8.49900817871094,"Unknown"
"6227756",371834,2025-10-20 10:07:05,43.3295097351074,-8.49909687042236,"Unknown"
"6227756",371834,2025-10-20 10:17:04,43.329532623291,-8.49906635284424,"Unknown"
"6227756",371834,2025-10-20 10:27:02,43.3295555114746,-8.49903583526611,"Unknown"
"6227756",371834,2025-10-20 10:36:59,43.3295822143555,-8.49906826019287,"Unknown"
"6227756",371834,2025-10-20 10:46:57,43.3296051025391,-8.49919128417969,"Unknown"
"6227756",371834,2025-10-20 10:56:58,43.3296051025391,-8.49909114837646,"Unknown"
"6227756",371834,2025-10-20 11:06:57,43.3295135498047,-8.49907112121582,"Unknown"
"6227756",371834,2025-10-20 11:17:00,43.3295440673828,-8.49907207489014,"Unknown"
"6227756",371834,2025-10-20 11:27:06,43.329231262207,-8.50244426727295,"Unknown"
"6227756",371834,2025-10-20 11:37:06,43.3295516967773,-8.49995136260986,"Unknown"
"6227756",371834,2025-10-20 11:47:08,43.3296165466309,-8.50005626678467,"Unknown"
"6227756",371834,2025-10-20 11:57:15,43.3293571472168,-8.49896144866943,"Unknown"
"6227756",371834,2025-10-20 12:07:00,43.3294410705566,-8.49901962280273,"Unknown"
"6227756",371834,2025-10-20 12:17:08,43.3302230834961,-8.49976444244385,"Unknown"
"6227756",371834,2025-10-20 12:27:24,43.3288993835449,-8.49840259552002,"Unknown"
"6227756",371834,2025-10-20 12:37:29,43.3294906616211,-8.4990406036377,"Unknown"
"6227756",371834,2025-10-20 12:46:58,43.3292846679688,-8.49953651428223,"Unknown"
"6227756",371834,2025-10-20 12:57:06,43.3296051025391,-8.49907302856445,"Unknown"
"6227756",371834,2025-10-20 13:06:59,43.3296051025391,-8.49913883209229,"Unknown"
"6227756",371834,2025-10-20 13:16:58,43.3296356201172,-8.4991283416748,"Unknown"
"6227756",371834,2025-10-20 13:27:04,43.3295478820801,-8.49900817871094,"Unknown"
"6227756",371834,2025-10-20 13:37:08,43.3296699523926,-8.4992847442627,"Unknown"
"6227756",371834,2025-10-20 13:47:07,43.3298072814941,-8.49975967407227,"Unknown"
"6227756",371834,2025-10-20 13:57:11,43.3295783996582,-8.49950122833252,"Unknown"
"6227756",371834,2025-10-20 14:07:14,43.3294563293457,-8.49896621704102,"Unknown"
"6227756",371834,2025-10-20 14:17:02,43.3294715881348,-8.49877452850342,"Unknown"
"6227756",371834,2025-10-20 14:27:07,43.329532623291,-8.49889469146729,"Unknown"
"6227756",371834,2025-10-20 14:37:07,43.3294906616211,-8.4988956451416,"Unknown"
"6227756",371834,2025-10-20 14:47:29,43.3294448852539,-8.4989652633667,"Unknown"
"6227756",371834,2025-10-20 14:56:58,43.3294258117676,-8.49899387359619,"Unknown"
"6227756",371834,2025-10-20 15:06:57,43.3294677734375,-8.4988489151001,"Unknown"
"6227756",371834,2025-10-20 15:16:58,43.329418182373,-8.49898529052734,"Unknown"
"6227756",371834,2025-10-20 15:26:59,43.3294677734375,-8.49889087677002,"Unknown"
"6227756",371834,2025-10-20 15:36:57,43.3295097351074,-8.49880027770996,"Unknown"
"6227756",371834,2025-10-20 15:46:59,43.3294410705566,-8.49880695343018,"Unknown"
"6227756",371834,2025-10-20 15:56:59,43.3294143676758,-8.49879932403564,"Unknown"
"6227756",371834,2025-10-20 16:07:14,43.3293609619141,-8.49900436401367,"Unknown"
"6227756",371834,2025-10-20 16:16:58,43.3293304443359,-8.49897575378418,"Unknown"
"6227756",371834,2025-10-20 16:26:59,43.3284454345703,-8.49808406829834,"Unknown"
"6227756",371834,2025-10-20 16:37:06,43.3288269042969,-8.49920272827148,"Unknown"
"6227756",371834,2025-10-20 16:47:27,43.3289108276367,-8.49929809570312,"Unknown"
"6227756",371834,2025-10-20 16:57:35,43.3296051025391,-8.49893760681152,"Unknown"
"6227756",371834,2025-10-20 17:07:00,43.3296279907227,-8.49919033050537,"Unknown"
"6227756",371834,2025-10-20 17:16:58,43.3294677734375,-8.49917793273926,"Unknown"
"6227756",371834,2025-10-20 17:26:57,43.3294868469238,-8.49916648864746,"Unknown"
"6227756",371834,2025-10-20 17:36:57,43.3294792175293,-8.49902057647705,"Unknown"
"6227756",371834,2025-10-20 17:46:58,43.329475402832,-8.49904155731201,"Unknown"
"6227756",371834,2025-10-20 17:56:58,43.3294639587402,-8.49898147583008,"Unknown"
"6227756",371834,2025-10-20 18:06:58,43.3296585083008,-8.49909210205078,"Unknown"
"6227756",371834,2025-10-20 18:16:58,43.3295478820801,-8.49905490875244,"Unknown"
"6227756",371834,2025-10-20 18:27:10,43.3290710449219,-8.49859809875488,"Unknown"
"6227756",371834,2025-10-20 18:37:29,43.3295021057129,-8.49888896942139,"Unknown"
"6227756",371834,2025-10-20 18:46:56,43.3294563293457,-8.49904727935791,"Unknown"
"6227756",371834,2025-10-20 18:56:57,43.3296318054199,-8.49915885925293,"Unknown"
"6227756",371834,2025-10-20 19:06:57,43.3294715881348,-8.49889373779297,"Unknown"
"6227756",371834,2025-10-20 19:17:04,43.3294830322266,-8.49900913238525,"Unknown"
"6227756",371834,2025-10-20 19:27:05,43.3294906616211,-8.49903202056885,"Unknown"
"6227756",371834,2025-10-20 19:37:06,43.3294677734375,-8.4990291595459,"Unknown"
"6227756",371834,2025-10-20 19:47:14,43.3293838500977,-8.49910259246826,"Unknown"
"6227756",371834,2025-10-20 19:57:35,43.3294486999512,-8.4990062713623,"Unknown"
"6227756",371834,2025-10-20 20:06:57,43.329460144043,-8.49891662597656,"Unknown"
"6227756",371834,2025-10-20 20:16:56,43.3294410705566,-8.4991397857666,"Unknown"
"6227756",371834,2025-10-20 20:26:56,43.3294525146484,-8.49927234649658,"Unknown"
"6227756",371834,2025-10-20 20:36:56,43.3294372558594,-8.49956607818604,"Unknown"
"6227756",371834,2025-10-20 20:46:57,43.329517364502,-8.49978542327881,"Unknown"
"6227756",371834,2025-10-20 20:57:06,43.3294944763184,-8.49894714355469,"Unknown"
"6227756",371834,2025-10-20 21:07:03,43.3294868469238,-8.49907398223877,"Unknown"
"6227756",371834,2025-10-20 21:16:59,43.329532623291,-8.49933338165283,"Unknown"
"6227756",371834,2025-10-20 21:27:00,43.3294944763184,-8.49928283691406,"Unknown"
"6227756",371834,2025-10-20 21:37:06,43.3294105529785,-8.49886322021484,"Unknown"
"6227756",371834,2025-10-20 21:47:06,43.3293190002441,-8.4987621307373,"Unknown"
"6227756",371834,2025-10-20 21:57:09,43.3315162658691,-8.50203323364258,"Unknown"
"6227756",371834,2025-10-20 22:07:35,43.3295059204102,-8.49897003173828,"Unknown"
"6227756",371834,2025-10-20 22:16:57,43.3296279907227,-8.49918174743652,"Unknown"
"6227756",371834,2025-10-20 22:26:58,43.329776763916,-8.49956893920898,"Unknown"
"6227756",371834,2025-10-20 22:37:01,43.32958984375,-8.49917697906494,"Unknown"
"6227756",371834,2025-10-20 22:47:06,43.3295440673828,-8.4989767074585,"Unknown"
"6227756",371834,2025-10-20 22:57:14,43.3293838500977,-8.49907302856445,"Unknown"
"6227756",371834,2025-10-20 23:07:01,43.3295249938965,-8.49887371063232,"Unknown"
"6227756",371834,2025-10-20 23:17:05,43.3295936584473,-8.49868202209473,"Unknown"
"6227756",371834,2025-10-20 23:27:06,43.3294677734375,-8.49883079528809,"Unknown"
"6227756",371834,2025-10-20 23:37:06,43.3295249938965,-8.498703956604,"Unknown"
"6227756",371834,2025-10-20 23:47:10,43.3293762207031,-8.49915504455566,"Unknown"
"6227756",371834,2025-10-20 23:57:00,43.3294563293457,-8.49889945983887,"Unknown"
"6227756",371834,2025-10-21 00:07:07,43.3293800354004,-8.49935626983643,"Unknown"
"6227756",371834,2025-10-21 00:17:05,43.3293762207031,-8.49915790557861,"Unknown"
"6227756",371834,2025-10-21 00:27:06,43.329402923584,-8.49888229370117,"Unknown"
"6227756",371834,2025-10-21 00:37:35,43.3294334411621,-8.49900817871094,"Unknown"
"6227756",371834,2025-10-21 00:46:59,43.3292808532715,-8.49893951416016,"Unknown"
"6227756",371834,2025-10-21 00:56:59,43.3289070129395,-8.49859142303467,"Unknown"
"6227756",371834,2025-10-21 01:07:00,43.3293037414551,-8.49885749816895,"Unknown"
"6227756",371834,2025-10-21 01:17:13,43.3294639587402,-8.49903392791748,"Unknown"
"6227756",371834,2025-10-21 01:27:03,43.3294639587402,-8.49905014038086,"Unknown"
"6227756",371834,2025-10-21 01:36:59,43.3295669555664,-8.49958610534668,"Unknown"
"6227756",371834,2025-10-21 01:46:58,43.3296852111816,-8.50045013427734,"Unknown"
"6227756",371834,2025-10-21 01:57:00,43.3295669555664,-8.49921417236328,"Unknown"
"6227756",371834,2025-10-21 02:07:06,43.3294525146484,-8.49908542633057,"Unknown"
"6227756",371834,2025-10-21 02:17:08,43.3294334411621,-8.49920177459717,"Unknown"
"6227756",371834,2025-10-21 02:27:13,43.3294486999512,-8.49946403503418,"Unknown"
"6227756",371834,2025-10-21 02:37:07,43.3294868469238,-8.49917316436768,"Unknown"
"6227756",371834,2025-10-21 02:47:23,43.329517364502,-8.49900722503662,"Unknown"
"6227756",371834,2025-10-21 02:57:28,43.3295097351074,-8.49901866912842,"Unknown"
"6227756",371834,2025-10-21 03:07:10,43.3295135498047,-8.49898338317871,"Unknown"
"6227756",371834,2025-10-21 03:16:56,43.3297538757324,-8.49907302856445,"Unknown"
"6227756",371834,2025-10-21 03:26:58,43.3294677734375,-8.49888896942139,"Unknown"
"6227756",371834,2025-10-21 03:36:58,43.3296203613281,-8.49903964996338,"Unknown"
"6227756",371834,2025-10-21 03:47:04,43.3295822143555,-8.49883556365967,"Unknown"
"6227756",371834,2025-10-21 03:57:06,43.3294486999512,-8.4988956451416,"Unknown"
"6227756",371834,2025-10-21 04:07:03,43.3293190002441,-8.49903869628906,"Unknown"
"6227756",371834,2025-10-21 04:17:01,43.3293800354004,-8.49892234802246,"Unknown"
"6227756",371834,2025-10-21 04:27:00,43.3293838500977,-8.49912929534912,"Unknown"
"6227756",371834,2025-10-21 04:37:06,43.3286743164062,-8.49918270111084,"Unknown"
"6227756",371834,2025-10-21 04:47:26,43.329475402832,-8.49897384643555,"Unknown"
"6227756",371834,2025-10-21 04:57:06,43.3292427062988,-8.49925804138184,"Unknown"
"6227756",371834,2025-10-21 05:07:05,43.32958984375,-8.49896335601807,"Unknown"
"6227756",371834,2025-10-21 05:17:00,43.3287353515625,-8.50056076049805,"Unknown"
"6227756",371834,2025-10-21 05:27:00,43.3290519714355,-8.49984455108643,"Unknown"
"6227756",371834,2025-10-21 05:37:00,43.3291320800781,-8.49965000152588,"Unknown"
"6227756",371834,2025-10-21 05:47:04,43.3296127319336,-8.4986515045166,"Unknown"
"6227756",371834,2025-10-21 05:57:06,43.3298187255859,-8.49829006195068,"Unknown"
"6227756",371834,2025-10-21 06:07:06,43.3308372497559,-8.49661254882812,"Unknown"
"6227756",371834,2025-10-21 06:17:03,43.3287811279297,-8.49988269805908,"Unknown"
"6227756",371834,2025-10-21 06:27:05,43.3290634155273,-8.49939823150635,"Unknown"
"6227756",371834,2025-10-21 06:37:01,43.3291244506836,-8.49928760528564,"Unknown"
"6227756",371834,2025-10-21 06:46:59,43.3295402526855,-8.49877452850342,"Unknown"
"6227756",371834,2025-10-21 06:57:29,43.3292922973633,-8.49906444549561,"Unknown"
"6227756",371834,2025-10-21 07:07:04,43.3294372558594,-8.49857997894287,"Unknown"
"6227756",371834,2025-10-21 07:17:14,43.3295021057129,-8.49880695343018,"Unknown"
"6227756",371834,2025-10-21 07:27:06,43.3294944763184,-8.49889278411865,"Unknown"
"6227756",371834,2025-10-21 07:37:14,43.3296165466309,-8.49896049499512,"Unknown"
"6227756",371834,2025-10-21 07:47:29,43.3295555114746,-8.49895763397217,"Unknown"
"6227756",371834,2025-10-21 07:57:05,43.3295745849609,-8.49896430969238,"Unknown"
"6227756",371834,2025-10-21 08:07:00,43.3297309875488,-8.49928092956543,"Unknown"
"6227756",371834,2025-10-21 08:17:05,43.3295707702637,-8.49898815155029,"Unknown"
"6227756",371834,2025-10-21 08:27:04,43.3294906616211,-8.49902248382568,"Unknown"
"6227756",371834,2025-10-21 08:37:00,43.329776763916,-8.49971294403076,"Unknown"
"6227756",371834,2025-10-21 08:47:06,43.329517364502,-8.49903297424316,"Unknown"
"6227756",371834,2025-10-21 08:57:04,43.3295211791992,-8.49899482727051,"Unknown"
"6227756",371834,2025-10-21 09:07:01,43.3295440673828,-8.49902248382568,"Unknown"
"6227756",371834,2025-10-21 09:17:04,43.3295860290527,-8.49918079376221,"Unknown"
"6227756",371834,2025-10-21 09:27:04,43.3294372558594,-8.49882698059082,"Unknown"
"6227756",371834,2025-10-21 09:37:14,43.3295440673828,-8.49901676177979,"Unknown"
"6227756",371834,2025-10-21 09:47:00,43.3290061950684,-8.49839210510254,"Unknown"
"6227756",371834,2025-10-21 09:57:06,43.3295516967773,-8.49906063079834,"Unknown"
"6227756",371834,2025-10-21 10:07:04,43.3296241760254,-8.49927520751953,"Unknown"
"6227756",371834,2025-10-21 10:17:07,43.3305435180664,-8.50034046173096,"Unknown"
"6227756",371834,2025-10-21 10:27:35,43.3294639587402,-8.49901103973389,"Unknown"
"6227756",371834,2025-10-21 10:36:58,43.3292617797852,-8.49865245819092,"Unknown"
"6227756",371834,2025-10-21 10:46:59,43.3294448852539,-8.49893379211426,"Unknown"
"6227756",371834,2025-10-21 10:56:59,43.3294105529785,-8.49882698059082,"Unknown"
"6227756",371834,2025-10-21 11:07:00,43.329402923584,-8.4989013671875,"Unknown"
"6227756",371834,2025-10-21 11:17:03,43.329517364502,-8.49900341033936,"Unknown"
"6227756",371834,2025-10-21 11:27:03,43.329402923584,-8.49955368041992,"Unknown"
"6227756",371834,2025-10-21 11:37:05,43.3294334411621,-8.50012969970703,"Unknown"
"6227756",371834,2025-10-21 11:47:20,43.3283004760742,-8.50741577148438,"Unknown"
"6227756",371834,2025-10-21 11:57:29,43.3294715881348,-8.49906730651855,"Unknown"
"6227756",371834,2025-10-21 12:07:06,43.3295059204102,-8.4990701675415,"Unknown"
"6227756",371834,2025-10-21 12:17:22,43.329475402832,-8.49901676177979,"Unknown"
"6227756",371834,2025-10-21 12:27:36,43.3294715881348,-8.49905014038086,"Unknown"
"6227756",371834,2025-10-21 12:37:01,43.3294715881348,-8.49898815155029,"Unknown"
"6227756",371834,2025-10-21 12:47:06,43.3295059204102,-8.4990062713623,"Unknown"
"6227756",371834,2025-10-21 12:57:01,43.329475402832,-8.49903297424316,"Unknown"
"6227756",371834,2025-10-21 13:07:06,43.3294792175293,-8.49896430969238,"Unknown"
"6227756",371834,2025-10-21 13:16:59,43.3293037414551,-8.49874401092529,"Unknown"
"6227756",371834,2025-10-21 13:27:05,43.3294982910156,-8.49894332885742,"Unknown"
"6227756",371834,2025-10-21 13:37:03,43.3297386169434,-8.49889373779297,"Unknown"
"6227756",371834,2025-10-21 13:47:00,43.3296966552734,-8.49917984008789,"Unknown"
"6227756",371834,2025-10-21 13:57:00,43.3295631408691,-8.49964427947998,"Unknown"
"6227756",371834,2025-10-21 14:07:29,43.3294410705566,-8.49900054931641,"Unknown"
"6227756",371834,2025-10-21 14:16:57,43.3294563293457,-8.49904346466064,"Unknown"
"6227756",371834,2025-10-21 14:26:57,43.3295249938965,-8.498948097229,"Unknown"
"6227756",371834,2025-10-21 14:36:59,43.3294258117676,-8.49901103973389,"Unknown"
"6227756",371834,2025-10-21 14:46:59,43.3294715881348,-8.49902820587158,"Unknown"
"6227756",371834,2025-10-21 14:56:59,43.3296012878418,-8.49902725219727,"Unknown"
"6227756",371834,2025-10-21 15:07:00,43.3295669555664,-8.49901676177979,"Unknown"
"6227756",371834,2025-10-21 15:17:05,43.3294448852539,-8.49899673461914,"Unknown"
"6227756",371834,2025-10-21 15:27:07,43.329418182373,-8.4990177154541,"Unknown"
"6227756",371834,2025-10-21 15:37:07,43.3294792175293,-8.49897003173828,"Unknown"
"6227756",371834,2025-10-21 15:47:34,43.3294639587402,-8.4989538192749,"Unknown"
"6227756",371834,2025-10-21 15:56:56,43.3294830322266,-8.49898624420166,"Unknown"
"6227756",371834,2025-10-21 16:06:56,43.3295211791992,-8.49903297424316,"Unknown"
"6227756",371834,2025-10-21 16:16:59,43.3296318054199,-8.4990291595459,"Unknown"
"6227756",371834,2025-10-21 16:27:11,43.3295097351074,-8.49903583526611,"Unknown"
"6227756",371834,2025-10-21 16:37:20,43.3294868469238,-8.49886417388916,"Unknown"
"6227756",371834,2025-10-21 16:47:03,43.3294830322266,-8.4988317489624,"Unknown"
"6227756",371834,2025-10-21 16:57:09,43.3296508789062,-8.49883842468262,"Unknown"
"6227756",371834,2025-10-21 17:07:03,43.329662322998,-8.49892616271973,"Unknown"
"6227756",371834,2025-10-21 17:17:00,43.3295478820801,-8.49900150299072,"Unknown"
"6227756",371834,2025-10-21 17:27:00,43.3296241760254,-8.49922847747803,"Unknown"
"6227756",371834,2025-10-21 17:37:01,43.3293571472168,-8.49889183044434,"Unknown"
"6227756",371834,2025-10-21 17:47:04,43.3294639587402,-8.49897575378418,"Unknown"
"6227756",371834,2025-10-21 17:57:04,43.3295707702637,-8.49896240234375,"Unknown"
"6227756",371834,2025-10-21 18:07:06,43.3295745849609,-8.49903202056885,"Unknown"
"6227756",371834,2025-10-21 18:17:29,43.329517364502,-8.49895095825195,"Unknown"
"6227756",371834,2025-10-21 18:27:34,43.3295364379883,-8.49888610839844,"Unknown"
"6227756",371834,2025-10-21 18:36:57,43.3295211791992,-8.49904632568359,"Unknown"
"6227756",371834,2025-10-21 18:46:59,43.3296165466309,-8.49913883209229,"Unknown"
"6227756",371834,2025-10-21 18:57:01,43.3295669555664,-8.49900341033936,"Unknown"
"6227756",371834,2025-10-21 19:06:59,43.3307037353516,-8.5023078918457,"Unknown"
"6227756",371834,2025-10-21 19:17:13,43.3291625976562,-8.49883079528809,"Unknown"
"6227756",371834,2025-10-21 19:27:13,43.329288482666,-8.49871635437012,"Unknown"
"6227756",371834,2025-10-21 19:37:13,43.3254318237305,-8.4948673248291,"Unknown"
"6227756",371834,2025-10-21 19:47:06,43.3291893005371,-8.49864959716797,"Unknown"
"6227756",371834,2025-10-21 19:57:07,43.3292007446289,-8.49869823455811,"Unknown"
"6227756",371834,2025-10-21 20:07:35,43.3294868469238,-8.49893569946289,"Unknown"
"6227756",371834,2025-10-21 20:16:57,43.3294868469238,-8.4989013671875,"Unknown"
"6227756",371834,2025-10-21 20:26:56,43.3294486999512,-8.50001335144043,"Unknown"
"6227756",371834,2025-10-21 20:36:58,43.3295211791992,-8.50223541259766,"Unknown"
"6227756",371834,2025-10-21 20:46:59,43.3294639587402,-8.49899387359619,"Unknown"
"6227756",371834,2025-10-21 20:57:03,43.3294906616211,-8.49905300140381,"Unknown"
"6227756",371834,2025-10-21 21:07:14,43.3295135498047,-8.4990177154541,"Unknown"
"6227756",371834,2025-10-21 21:16:56,43.3295936584473,-8.49937057495117,"Unknown"
"6227756",371834,2025-10-21 21:27:04,43.3294868469238,-8.49901008605957,"Unknown"
"6227756",371834,2025-10-21 21:37:01,43.3308410644531,-8.5002384185791,"Unknown"
"6227756",371834,2025-10-21 21:47:07,43.3297424316406,-8.49981117248535,"Unknown"
"6227756",371834,2025-10-21 21:57:07,43.3299255371094,-8.50050449371338,"Unknown"
"6227756",371834,2025-10-21 22:07:14,43.3295402526855,-8.49887084960938,"Unknown"
"6227756",371834,2025-10-21 22:16:59,43.329460144043,-8.49899005889893,"Unknown"
"6227756",371834,2025-10-21 22:27:01,43.329517364502,-8.49888706207275,"Unknown"
"6227756",371834,2025-10-21 22:37:29,43.3294830322266,-8.49895286560059,"Unknown"
"6227756",371834,2025-10-21 22:46:57,43.3294906616211,-8.49893665313721,"Unknown"
"6227756",371834,2025-10-21 22:56:58,43.3294258117676,-8.49883937835693,"Unknown"
"6227756",371834,2025-10-21 23:07:00,43.3293952941895,-8.49874019622803,"Unknown"
"6227756",371834,2025-10-21 23:16:59,43.3294219970703,-8.49878692626953,"Unknown"
"6227756",371834,2025-10-21 23:26:59,43.3294067382812,-8.49880981445312,"Unknown"
"6227756",371834,2025-10-21 23:37:03,43.3295288085938,-8.49877262115479,"Unknown"
"6227756",371834,2025-10-21 23:47:07,43.3294982910156,-8.4986743927002,"Unknown"
"6227756",371834,2025-10-21 23:57:11,43.3295249938965,-8.49873733520508,"Unknown"
"6227756",371834,2025-10-22 00:07:29,43.3295021057129,-8.49898624420166,"Unknown"
"6227756",371834,2025-10-22 00:17:04,43.3294868469238,-8.49895191192627,"Unknown"
"6227756",371834,2025-10-22 00:27:06,43.3295478820801,-8.49899196624756,"Unknown"
"6227756",371834,2025-10-22 00:37:06,43.329517364502,-8.49905586242676,"Unknown"
"6227756",371834,2025-10-22 00:47:35,43.3295516967773,-8.49906349182129,"Unknown"
"6227756",371834,2025-10-22 00:57:06,43.3294944763184,-8.49906063079834,"Unknown"
"6227756",371834,2025-10-22 01:07:15,43.3295516967773,-8.4990816116333,"Unknown"
"6227756",371834,2025-10-22 01:17:35,43.329704284668,-8.49915313720703,"Unknown"
"6227756",371834,2025-10-22 01:27:06,43.3294906616211,-8.49903106689453,"Unknown"
"6227756",371834,2025-10-22 01:37:06,43.3294982910156,-8.49907875061035,"Unknown"
"6227756",371834,2025-10-22 01:47:06,43.3295669555664,-8.49907207489014,"Unknown"
"6227756",371834,2025-10-22 01:57:06,43.3296089172363,-8.49905776977539,"Unknown"
"6227756",371834,2025-10-22 02:07:14,43.3295402526855,-8.49905300140381,"Unknown"
"6227756",371834,2025-10-22 02:17:06,43.329532623291,-8.49902820587158,"Unknown"
"6227756",371834,2025-10-22 02:27:06,43.3295669555664,-8.49902439117432,"Unknown"
"6227756",371834,2025-10-22 02:37:06,43.3295669555664,-8.49903678894043,"Unknown"
"6227756",371834,2025-10-22 02:47:10,43.3295974731445,-8.4989538192749,"Unknown"
"6227756",371834,2025-10-22 02:57:10,43.3295936584473,-8.49893093109131,"Unknown"
"6227756",371834,2025-10-22 03:07:10,43.3294525146484,-8.49894237518311,"Unknown"
"6227756",371834,2025-10-22 03:17:35,43.3295936584473,-8.49893856048584,"Unknown"
"6227756",371834,2025-10-22 03:26:58,43.3298072814941,-8.49907302856445,"Unknown"
"6227756",371834,2025-10-22 03:36:58,43.3301887512207,-8.49928855895996,"Unknown"
"6227756",371834,2025-10-22 03:47:05,43.3294715881348,-8.49884033203125,"Unknown"
"6227756",371834,2025-10-22 03:57:06,43.3293952941895,-8.49890899658203,"Unknown"
"6227756",371834,2025-10-22 04:07:09,43.3294906616211,-8.49887752532959,"Unknown"
"6227756",371834,2025-10-22 04:16:57,43.3295364379883,-8.49890422821045,"Unknown"
"6227756",371834,2025-10-22 04:27:01,43.3298187255859,-8.49876499176025,"Unknown"
"6227756",371834,2025-10-22 04:37:01,43.3297271728516,-8.49883842468262,"Unknown"
"6227756",371834,2025-10-22 04:47:17,43.3297996520996,-8.4988260269165,"Unknown"
"6227756",371834,2025-10-22 04:57:10,43.3297348022461,-8.4986743927002,"Unknown"
"6227756",371834,2025-10-22 05:07:09,43.3296775817871,-8.49898624420166,"Unknown"
"6227756",371834,2025-10-22 05:17:08,43.3292388916016,-8.49879837036133,"Unknown"
"6227756",371834,2025-10-22 05:27:12,43.329418182373,-8.4987211227417,"Unknown"
"6227756",371834,2025-10-22 05:37:35,43.3294677734375,-8.49896240234375,"Unknown"
"6227756",371834,2025-10-22 05:46:56,43.3294677734375,-8.49901103973389,"Unknown"
"6227756",371834,2025-10-22 05:56:56,43.3294563293457,-8.49907302856445,"Unknown"
"6227756",371834,2025-10-22 06:06:56,43.3295822143555,-8.49898624420166,"Unknown"
"6227756",371834,2025-10-22 06:16:56,43.3295516967773,-8.49907493591309,"Unknown"
"6227756",371834,2025-10-22 06:27:00,43.3295478820801,-8.49897956848145,"Unknown"
"6227756",371834,2025-10-22 06:36:58,43.3295478820801,-8.49906826019287,"Unknown"
"6227756",371834,2025-10-22 06:46:58,43.3295669555664,-8.49906349182129,"Unknown"
"6227756",371834,2025-10-22 06:57:14,43.3294830322266,-8.49898052215576,"Unknown"
"6227756",371834,2025-10-22 07:07:01,43.329460144043,-8.49894714355469,"Unknown"
"6227756",371834,2025-10-22 07:16:56,43.3296012878418,-8.4991397857666,"Unknown"
"6227756",371834,2025-10-22 07:26:59,43.3294982910156,-8.49904251098633,"Unknown"
"6227756",371834,2025-10-22 07:36:58,43.3296699523926,-8.49917602539062,"Unknown"
"6227756",371834,2025-10-22 07:47:14,43.3295440673828,-8.49909973144531,"Unknown"
"6227756",371834,2025-10-22 07:57:04,43.3295364379883,-8.49905395507812,"Unknown"
"6227756",371834,2025-10-22 08:07:04,43.3295783996582,-8.49908924102783,"Unknown"
"6227756",371834,2025-10-22 08:17:06,43.3295555114746,-8.49913215637207,"Unknown"
"6227756",371834,2025-10-22 08:27:06,43.3295669555664,-8.49915790557861,"Unknown"
"6227756",371834,2025-10-22 08:37:15,43.3295211791992,-8.49903106689453,"Unknown"
"6227756",371834,2025-10-22 08:47:03,43.3294372558594,-8.49897289276123,"Unknown"
"6227756",371834,2025-10-22 08:57:04,43.3294448852539,-8.49946117401123,"Unknown"
"6227756",371834,2025-10-22 09:07:06,43.329532623291,-8.49971199035645,"Unknown"
"6227756",371834,2025-10-22 09:17:27,43.3294486999512,-8.49900341033936,"Unknown"
"6227756",371834,2025-10-22 09:27:00,43.3296203613281,-8.49921321868896,"Unknown"
"6227756",371834,2025-10-22 09:37:00,43.329216003418,-8.49890995025635,"Unknown"
"6227756",371834,2025-10-22 09:47:05,43.3294715881348,-8.49886512756348,"Unknown"
"6227756",371834,2025-10-22 09:57:06,43.3294830322266,-8.49887180328369,"Unknown"
"6227756",371834,2025-10-22 10:07:35,43.3294525146484,-8.49916362762451,"Unknown"
"6227756",371834,2025-10-22 10:16:57,43.3294525146484,-8.49905490875244,"Unknown"
"6227756",371834,2025-10-22 10:26:57,43.3294906616211,-8.49928283691406,"Unknown"
"6227756",371834,2025-10-22 10:36:57,43.3295936584473,-8.49930000305176,"Unknown"
"6227756",371834,2025-10-22 10:46:58,43.3295783996582,-8.49930191040039,"Unknown"
"6227756",371834,2025-10-22 10:56:58,43.329532623291,-8.49910163879395,"Unknown"
"6227756",371834,2025-10-22 11:06:58,43.3292045593262,-8.49843788146973,"Unknown"
"6227756",371834,2025-10-22 11:16:57,43.3294334411621,-8.49891185760498,"Unknown"
"6227756",371834,2025-10-22 11:26:58,43.329517364502,-8.49913692474365,"Unknown"
"6227756",371834,2025-10-22 11:36:57,43.3294258117676,-8.49896240234375,"Unknown"
"6227756",371834,2025-10-22 11:46:57,43.3295097351074,-8.49901580810547,"Unknown"
"6227756",371834,2025-10-22 11:56:57,43.3294486999512,-8.49898242950439,"Unknown"
"6227756",371834,2025-10-22 12:06:58,43.329418182373,-8.4988489151001,"Unknown"
"6227756",371834,2025-10-22 12:17:29,43.329475402832,-8.49896812438965,"Unknown"
"6227756",371834,2025-10-22 12:26:56,43.3294410705566,-8.49895095825195,"Unknown"
"6227756",371834,2025-10-22 12:36:57,43.329517364502,-8.49900245666504,"Unknown"
"6227756",371834,2025-10-22 12:47:00,43.329418182373,-8.49887752532959,"Unknown"
"6227756",371834,2025-10-22 12:57:00,43.3294944763184,-8.49891662597656,"Unknown"
"6227756",371834,2025-10-22 13:07:03,43.329517364502,-8.49890232086182,"Unknown"
"6227756",371834,2025-10-22 13:17:44,43.3296928405762,-8.49892711639404,"Unknown"
"6227756",371834,2025-10-22 13:27:01,43.3295440673828,-8.49900436401367,"Unknown"
"6227756",371834,2025-10-22 13:36:58,43.329402923584,-8.49868774414062,"Unknown"
"6227756",371834,2025-10-22 13:47:15,43.3294105529785,-8.49909210205078,"Unknown"
"6227756",371834,2025-10-22 13:57:06,43.329532623291,-8.49897861480713,"Unknown"
"6227756",371834,2025-10-22 14:07:06,43.3294486999512,-8.49906921386719,"Unknown"
"6227756",371834,2025-10-22 14:17:06,43.329460144043,-8.49905967712402,"Unknown"
"6227756",371834,2025-10-22 14:27:06,43.3295478820801,-8.49889755249023,"Unknown"
"6227756",371834,2025-10-22 14:37:16,43.3294372558594,-8.49908256530762,"Unknown"
"6227756",371834,2025-10-22 14:47:01,43.3294258117676,-8.49913787841797,"Unknown"
"6227756",371834,2025-10-22 14:56:59,43.3294715881348,-8.49948120117188,"Unknown"
"6227756",371834,2025-10-22 15:07:01,43.3293952941895,-8.49906063079834,"Unknown"
"6227756",371834,2025-10-22 15:17:09,43.329402923584,-8.49886894226074,"Unknown"
"6227756",371834,2025-10-22 15:27:14,43.3293914794922,-8.49900150299072,"Unknown"
"6227756",371834,2025-10-22 15:37:35,43.329418182373,-8.49901103973389,"Unknown"
"6227756",371834,2025-10-22 15:46:58,43.3293991088867,-8.4990291595459,"Unknown"
"6227756",371834,2025-10-22 15:56:58,43.3293075561523,-8.49896907806396,"Unknown"
"6227756",371834,2025-10-22 16:06:58,43.3289680480957,-8.49881362915039,"Unknown"
"6227756",371834,2025-10-22 16:16:59,43.3291473388672,-8.49889183044434,"Unknown"
"6227756",371834,2025-10-22 16:26:59,43.3292541503906,-8.4991283416748,"Unknown"
"6227756",371834,2025-10-22 16:37:14,43.32958984375,-8.49892234802246,"Unknown"
"6227756",371834,2025-10-22 16:46:59,43.3295478820801,-8.49898242950439,"Unknown"
"6227756",371834,2025-10-22 16:57:06,43.3295936584473,-8.49895286560059,"Unknown"
"6227756",371834,2025-10-22 17:07:04,43.3296012878418,-8.49894714355469,"Unknown"
"6227756",371834,2025-10-22 17:17:06,43.3295936584473,-8.4989595413208,"Unknown"
"6227756",371834,2025-10-22 17:27:06,43.3293724060059,-8.49886035919189,"Unknown"
"6227756",371834,2025-10-22 17:37:29,43.3295211791992,-8.49896907806396,"Unknown"
"6227756",371834,2025-10-22 17:47:06,43.329532623291,-8.4990234375,"Unknown"
"6227756",371834,2025-10-22 17:57:06,43.3295249938965,-8.49898624420166,"Unknown"
"6227756",371834,2025-10-22 18:07:06,43.3295631408691,-8.49904251098633,"Unknown"
"6227756",371834,2025-10-22 18:17:06,43.3295745849609,-8.49899291992188,"Unknown"
"6227756",371834,2025-10-22 18:27:14,43.3293075561523,-8.49870872497559,"Unknown"
"6227756",371834,2025-10-22 18:36:59,43.3294410705566,-8.49885845184326,"Unknown"
"6227756",371834,2025-10-22 18:47:15,43.3295555114746,-8.49899291992188,"Unknown"
"6227756",371834,2025-10-22 18:57:01,43.3295860290527,-8.49903011322021,"Unknown"
"6227756",371834,2025-10-22 19:07:01,43.3295936584473,-8.49894237518311,"Unknown"
"6227756",371834,2025-10-22 19:17:05,43.32958984375,-8.49899482727051,"Unknown"
"6227756",371834,2025-10-22 19:27:17,43.3295021057129,-8.49937438964844,"Unknown"
"6227756",371834,2025-10-22 19:37:14,43.3295555114746,-8.49905300140381,"Unknown"
"6227756",371834,2025-10-22 19:47:10,43.3296279907227,-8.49890327453613,"Unknown"
"6227756",371834,2025-10-22 19:57:14,43.3303680419922,-8.49841403961182,"Unknown"
"6227756",371834,2025-10-22 20:07:14,43.329460144043,-8.49932098388672,"Unknown"
"6227756",371834,2025-10-22 20:17:35,43.3297843933105,-8.49803924560547,"Unknown"
"6227756",371834,2025-10-22 20:27:06,43.3294525146484,-8.49843120574951,"Unknown"
"6227756",371834,2025-10-22 20:37:35,43.3293647766113,-8.4986047744751,"Unknown"
"6227756",371834,2025-10-22 20:47:35,43.3294067382812,-8.49898910522461,"Unknown"
"6227756",371834,2025-10-22 20:56:59,43.3296546936035,-8.49934864044189,"Unknown"
"6227756",371834,2025-10-22 21:06:59,43.3296127319336,-8.49917697906494,"Unknown"
"6227756",371834,2025-10-22 21:17:00,43.329662322998,-8.49929523468018,"Unknown"
"6227756",371834,2025-10-22 21:27:04,43.3294868469238,-8.49901485443115,"Unknown"
"6227756",371834,2025-10-22 21:37:07,43.3294982910156,-8.49897384643555,"Unknown"
"6227756",371834,2025-10-22 21:47:10,43.3294830322266,-8.49899196624756,"Unknown"
"6227756",371834,2025-10-22 21:57:04,43.329460144043,-8.49886894226074,"Unknown"
"6227756",371834,2025-10-22 22:07:04,43.329460144043,-8.49910259246826,"Unknown"
"6227756",371834,2025-10-22 22:17:06,43.3294868469238,-8.49894046783447,"Unknown"
"6227756",371834,2025-10-22 22:27:07,43.3295974731445,-8.49901580810547,"Unknown"
"6227756",371834,2025-10-22 22:37:59,43.3295593261719,-8.49894523620605,"Unknown"
"6227756",371834,2025-10-22 22:47:00,43.3294334411621,-8.4986457824707,"Unknown"
"6227756",371834,2025-10-22 22:57:01,43.3295364379883,-8.49893665313721,"Unknown"
"6227756",371834,2025-10-22 23:07:01,43.329532623291,-8.49894618988037,"Unknown"
"6227756",371834,2025-10-22 23:17:01,43.3295211791992,-8.49893093109131,"Unknown"
"6227756",371834,2025-10-22 23:27:03,43.3294982910156,-8.49893569946289,"Unknown"
"6227756",371834,2025-10-22 23:37:01,43.3294830322266,-8.49893474578857,"Unknown"
"6227756",371834,2025-10-22 23:47:00,43.3294525146484,-8.49893188476562,"Unknown"
"6227756",371834,2025-10-22 23:57:07,43.329475402832,-8.49892997741699,"Unknown"
"6227756",371834,2025-10-23 00:07:06,43.329460144043,-8.49892139434814,"Unknown"
"6227756",371834,2025-10-23 00:17:09,43.3294677734375,-8.49896812438965,"Unknown"
"6227756",371834,2025-10-23 00:27:44,43.3294906616211,-8.49897384643555,"Unknown"
"6227756",371834,2025-10-23 00:36:59,43.3292808532715,-8.49906253814697,"Unknown"
"6227756",371834,2025-10-23 00:47:30,43.3295249938965,-8.49904251098633,"Unknown"
"6227756",371834,2025-10-23 00:57:01,43.329532623291,-8.49902153015137,"Unknown"
"6227756",371834,2025-10-23 01:07:04,43.3295288085938,-8.4990406036377,"Unknown"
"6227756",371834,2025-10-23 01:17:07,43.3294143676758,-8.49907398223877,"Unknown"
"6227756",371834,2025-10-23 01:27:15,43.329418182373,-8.4990291595459,"Unknown"
"6227756",371834,2025-10-23 01:37:29,43.3294525146484,-8.49906539916992,"Unknown"
"6227756",371834,2025-10-23 01:46:58,43.3294448852539,-8.50025844573975,"Unknown"
"6227756",371834,2025-10-23 01:57:00,43.3294792175293,-8.49932289123535,"Unknown"
"6227756",371834,2025-10-23 02:07:06,43.3294830322266,-8.49903106689453,"Unknown"
"6227756",371834,2025-10-23 02:17:06,43.3295402526855,-8.4989767074585,"Unknown"
"6227756",371834,2025-10-23 02:27:06,43.329517364502,-8.49900341033936,"Unknown"
"6227756",371834,2025-10-23 02:37:01,43.3295364379883,-8.49894618988037,"Unknown"
"6227756",371834,2025-10-23 02:47:04,43.3295516967773,-8.4988899230957,"Unknown"
"6227756",371834,2025-10-23 02:57:16,43.3296318054199,-8.49885177612305,"Unknown"
"6227756",371834,2025-10-23 03:07:35,43.3295516967773,-8.49890041351318,"Unknown"
"6227756",371834,2025-10-23 03:16:57,43.3295021057129,-8.49899673461914,"Unknown"
"6227756",371834,2025-10-23 03:26:58,43.3295288085938,-8.49892044067383,"Unknown"
"6227756",371834,2025-10-23 03:36:58,43.3295478820801,-8.49897575378418,"Unknown"
"6227756",371834,2025-10-23 03:47:14,43.3295249938965,-8.49893188476562,"Unknown"
"6227756",371834,2025-10-23 03:56:57,43.3295707702637,-8.4989128112793,"Unknown"
"6227756",371834,2025-10-23 04:06:58,43.3295059204102,-8.49887275695801,"Unknown"
"6227756",371834,2025-10-23 04:17:01,43.3295516967773,-8.49899768829346,"Unknown"
"6227756",371834,2025-10-23 04:27:04,43.3296012878418,-8.49893856048584,"Unknown"
"6227756",371834,2025-10-23 04:37:35,43.329532623291,-8.49896621704102,"Unknown"
"6227756",371834,2025-10-23 04:46:57,43.3293914794922,-8.4991455078125,"Unknown"
"6227756",371834,2025-10-23 04:56:57,43.3295631408691,-8.49892044067383,"Unknown"
"6227756",371834,2025-10-23 05:06:57,43.3293724060059,-8.4991340637207,"Unknown"
"6227756",371834,2025-10-23 05:16:58,43.3294296264648,-8.49904251098633,"Unknown"
"6227756",371834,2025-10-23 05:26:57,43.3294258117676,-8.49907779693604,"Unknown"
"6227756",371834,2025-10-23 05:36:57,43.3294639587402,-8.49898433685303,"Unknown"
"6227756",371834,2025-10-23 05:46:59,43.3293952941895,-8.49892520904541,"Unknown"
"6227756",371834,2025-10-23 05:56:57,43.3293304443359,-8.49894523620605,"Unknown"
"6227756",371834,2025-10-23 06:07:14,43.32958984375,-8.49908447265625,"Unknown"
"6227756",371834,2025-10-23 06:16:58,43.3295249938965,-8.49903392791748,"Unknown"
"6227756",371834,2025-10-23 06:27:01,43.3296127319336,-8.49898242950439,"Unknown"
"6227756",371834,2025-10-23 06:36:59,43.3295135498047,-8.49897480010986,"Unknown"
"6227756",371834,2025-10-23 06:47:14,43.3295211791992,-8.49902439117432,"Unknown"
"6227756",371834,2025-10-23 06:57:06,43.3295745849609,-8.49906253814697,"Unknown"
"6227756",371834,2025-10-23 07:07:06,43.3296852111816,-8.49916648864746,"Unknown"
"6227756",371834,2025-10-23 07:17:09,43.3297538757324,-8.49917793273926,"Unknown"
"6227756",371834,2025-10-23 07:27:14,43.3294448852539,-8.49896621704102,"Unknown"
"6227756",371834,2025-10-23 07:37:05,43.3293342590332,-8.49886226654053,"Unknown"
"6227756",371834,2025-10-23 07:47:15,43.3294563293457,-8.49891376495361,"Unknown"
"6227756",371834,2025-10-23 07:57:06,43.3294067382812,-8.49868297576904,"Unknown"
"6227756",371834,2025-10-23 08:07:29,43.3294639587402,-8.49900436401367,"Unknown"
"6227756",371834,2025-10-23 08:17:06,43.329402923584,-8.49906730651855,"Unknown"
"6227756",371834,2025-10-23 08:27:06,43.3293838500977,-8.4991283416748,"Unknown"
"6227756",371834,2025-10-23 08:37:06,43.3294334411621,-8.49909114837646,"Unknown"
"6227756",371834,2025-10-23 08:47:35,43.3295059204102,-8.49900245666504,"Unknown"
"6227756",371834,2025-10-23 08:56:58,43.3295021057129,-8.49902534484863,"Unknown"
"6227756",371834,2025-10-23 09:06:57,43.3295135498047,-8.49891376495361,"Unknown"
"6227756",371834,2025-10-23 09:16:57,43.3295059204102,-8.49897193908691,"Unknown"
"6227756",371834,2025-10-23 09:26:57,43.3294792175293,-8.49896621704102,"Unknown"
"6227756",371834,2025-10-23 09:36:57,43.3294868469238,-8.49907779693604,"Unknown"
"6227756",371834,2025-10-23 09:46:59,43.3295822143555,-8.49908256530762,"Unknown"
"6227756",371834,2025-10-23 09:57:14,43.3295707702637,-8.49906253814697,"Unknown"
"6227756",371834,2025-10-23 10:06:58,43.3295135498047,-8.49905300140381,"Unknown"
"6227756",371834,2025-10-23 10:16:58,43.3297691345215,-8.49930763244629,"Unknown"
"6227756",371834,2025-10-23 10:26:58,43.3294944763184,-8.49902248382568,"Unknown"
"6227756",371834,2025-10-23 10:37:05,43.3297996520996,-8.49943923950195,"Unknown"
"6227756",371834,2025-10-23 10:47:14,43.3294830322266,-8.49901390075684,"Unknown"
"6227756",371834,2025-10-23 10:56:59,43.3295593261719,-8.49920272827148,"Unknown"
"6227756",371834,2025-10-23 11:06:58,43.3293418884277,-8.49835968017578,"Unknown"
"6227756",371834,2025-10-23 11:17:00,43.3294563293457,-8.49888134002686,"Unknown"
"6227756",371834,2025-10-23 11:26:58,43.3291206359863,-8.4976634979248,"Unknown"
"6227756",371834,2025-10-23 11:37:14,43.3294639587402,-8.49897956848145,"Unknown"
"6227756",371834,2025-10-23 11:46:58,43.3294525146484,-8.49893951416016,"Unknown"
"6227756",371834,2025-10-23 11:57:01,43.3294219970703,-8.498854637146,"Unknown"
"6227756",371834,2025-10-23 12:07:05,43.3294563293457,-8.49898433685303,"Unknown"
"6227756",371834,2025-10-23 12:17:06,43.3295593261719,-8.4993839263916,"Unknown"
"6227756",371834,2025-10-23 12:27:06,43.3296089172363,-8.49929618835449,"Unknown"
"6227756",371834,2025-10-23 12:37:29,43.3294525146484,-8.49903297424316,"Unknown"
"6227756",371834,2025-10-23 12:47:01,43.3295059204102,-8.49897766113281,"Unknown"
"6227756",371834,2025-10-23 12:57:05,43.3293991088867,-8.49881458282471,"Unknown"
"6227756",371834,2025-10-23 13:07:06,43.3293876647949,-8.49895858764648,"Unknown"
"6227756",371834,2025-10-23 13:17:06,43.3293914794922,-8.49893951416016,"Unknown"
"6227756",371834,2025-10-23 13:27:06,43.329532623291,-8.49899959564209,"Unknown"
"6227756",371834,2025-10-23 13:37:15,43.3294868469238,-8.49891662597656,"Unknown"
"6227756",371834,2025-10-23 13:46:58,43.3295059204102,-8.49893665313721,"Unknown"
"6227756",371834,2025-10-23 13:57:01,43.3294639587402,-8.49892902374268,"Unknown"
"6227756",371834,2025-10-23 14:07:06,43.3294105529785,-8.49882888793945,"Unknown"
"6227756",371834,2025-10-23 14:17:06,43.3293533325195,-8.49894714355469,"Unknown"
"6227756",371834,2025-10-23 14:27:06,43.3294792175293,-8.4988899230957,"Unknown"
"6227756",371834,2025-10-23 14:37:29,43.3294143676758,-8.49896907806396,"Unknown"
"6227756",371834,2025-10-23 14:47:06,43.3294372558594,-8.49892711639404,"Unknown"
"6227756",371834,2025-10-23 14:56:58,43.3294792175293,-8.49890899658203,"Unknown"
"6227756",371834,2025-10-23 15:07:06,43.3294258117676,-8.49899387359619,"Unknown"
"6227756",371834,2025-10-23 15:17:09,43.3292694091797,-8.49918556213379,"Unknown"
"6227756",371834,2025-10-23 15:27:14,43.329418182373,-8.4990062713623,"Unknown"
"6227756",371834,2025-10-23 15:37:03,43.3294677734375,-8.49886894226074,"Unknown"
"6227756",371834,2025-10-23 15:47:18,43.329345703125,-8.49896812438965,"Unknown"
"6227756",371834,2025-10-23 15:57:29,43.3294410705566,-8.49899196624756,"Unknown"
"6227756",371834,2025-10-23 16:07:35,43.3295440673828,-8.49906921386719,"Unknown"
"6227756",371834,2025-10-23 16:16:58,43.3293914794922,-8.49884986877441,"Unknown"
"6227756",371834,2025-10-23 16:27:00,43.3290748596191,-8.49859046936035,"Unknown"
"6227756",371834,2025-10-23 16:36:58,43.3294372558594,-8.49889945983887,"Unknown"
"6227756",371834,2025-10-23 16:47:15,43.3296089172363,-8.49893951416016,"Unknown"
"6227756",371834,2025-10-23 16:56:58,43.3293113708496,-8.49876880645752,"Unknown"
"6227756",371834,2025-10-23 17:07:06,43.3295555114746,-8.4990119934082,"Unknown"
"6227756",371834,2025-10-23 17:17:06,43.3297348022461,-8.4989538192749,"Unknown"
"6227756",371834,2025-10-23 17:27:06,43.3297271728516,-8.49903392791748,"Unknown"
"6227756",371834,2025-10-23 17:37:15,43.3295135498047,-8.49897003173828,"Unknown"
"6227756",371834,2025-10-23 17:47:01,43.3295211791992,-8.49887466430664,"Unknown"
"6227756",371834,2025-10-23 17:57:01,43.3294792175293,-8.49894237518311,"Unknown"
"6227756",371834,2025-10-23 18:07:05,43.3295211791992,-8.49893283843994,"Unknown"
"6227756",371834,2025-10-23 18:17:06,43.3292961120605,-8.4990816116333,"Unknown"
"6227756",371834,2025-10-23 18:27:06,43.3292465209961,-8.49906349182129,"Unknown"
"6227756",371834,2025-10-23 18:37:35,43.3294868469238,-8.49901866912842,"Unknown"
"6227756",371834,2025-10-23 18:46:57,43.3294219970703,-8.49893951416016,"Unknown"
"6227756",371834,2025-10-23 18:56:57,43.3294868469238,-8.49899482727051,"Unknown"
"6227756",371834,2025-10-23 19:06:59,43.3297576904297,-8.49927520751953,"Unknown"
"6227756",371834,2025-10-23 19:17:01,43.3296051025391,-8.49898719787598,"Unknown"
"6227756",371834,2025-10-23 19:27:00,43.3293724060059,-8.49859809875488,"Unknown"
"6227756",371834,2025-10-23 19:37:03,43.3294830322266,-8.4990119934082,"Unknown"
"6227756",371834,2025-10-23 19:47:14,43.3294906616211,-8.49904155731201,"Unknown"
"6227756",371834,2025-10-23 19:56:57,43.3295555114746,-8.49916458129883,"Unknown"
"6227756",371834,2025-10-23 20:06:59,43.3295288085938,-8.49899673461914,"Unknown"
"6227756",371834,2025-10-23 20:17:00,43.329402923584,-8.49864292144775,"Unknown"
"6227756",371834,2025-10-23 20:27:03,43.3295288085938,-8.49898815155029,"Unknown"
"6227756",371834,2025-10-23 20:37:14,43.3294944763184,-8.49903011322021,"Unknown"
"6227756",371834,2025-10-23 20:47:03,43.3294715881348,-8.49889373779297,"Unknown"
"6227756",371834,2025-10-23 20:57:06,43.3294486999512,-8.49893093109131,"Unknown"
"6227756",371834,2025-10-23 21:07:06,43.3294219970703,-8.49869346618652,"Unknown"
"6227756",371834,2025-10-23 21:17:06,43.3295211791992,-8.49913120269775,"Unknown"
"6227756",371834,2025-10-23 21:27:35,43.3294715881348,-8.49898815155029,"Unknown"
"6227756",371834,2025-10-23 21:36:58,43.3297462463379,-8.49906349182129,"Unknown"
"6227756",371834,2025-10-23 21:46:57,43.3296508789062,-8.49902153015137,"Unknown"
"6227756",371834,2025-10-23 21:56:57,43.3297386169434,-8.49922370910645,"Unknown"
"6227756",371834,2025-10-23 22:06:58,43.3296852111816,-8.49915504455566,"Unknown"
"6227756",371834,2025-10-23 22:16:58,43.3297271728516,-8.49943542480469,"Unknown"
"6227756",371834,2025-10-23 22:27:03,43.3294563293457,-8.49901580810547,"Unknown"
"6227756",371834,2025-10-23 22:37:06,43.329532623291,-8.49898433685303,"Unknown"
"6227756",371834,2025-10-23 22:47:06,43.3295593261719,-8.49891757965088,"Unknown"
"6227756",371834,2025-10-23 22:57:06,43.3295211791992,-8.49890613555908,"Unknown"
"6227756",371834,2025-10-23 23:07:06,43.3295021057129,-8.49885940551758,"Unknown"
"6227756",371834,2025-10-23 23:17:06,43.3295097351074,-8.49884033203125,"Unknown"
"6227756",371834,2025-10-23 23:27:06,43.3295249938965,-8.49867248535156,"Unknown"
"6227756",371834,2025-10-23 23:37:29,43.3294830322266,-8.49886131286621,"Unknown"
"6227756",371834,2025-10-23 23:47:03,43.329460144043,-8.49927616119385,"Unknown"
"6227756",371834,2025-10-23 23:57:35,43.3294448852539,-8.49901866912842,"Unknown"
"6227756",371834,2025-10-24 00:06:57,43.3294906616211,-8.49903202056885,"Unknown"
"6227756",371834,2025-10-24 00:16:57,43.3295059204102,-8.49900150299072,"Unknown"
"6227756",371834,2025-10-24 00:26:58,43.3295288085938,-8.49905014038086,"Unknown"
"6227756",371834,2025-10-24 00:36:57,43.3294296264648,-8.49898147583008,"Unknown"
"6227756",371834,2025-10-24 00:46:59,43.3294906616211,-8.49895763397217,"Unknown"
"6227756",371834,2025-10-24 00:57:00,43.3293838500977,-8.49889945983887,"Unknown"
"6227756",371834,2025-10-24 01:07:01,43.3295440673828,-8.49909114837646,"Unknown"
"6227756",371834,2025-10-24 01:17:14,43.32958984375,-8.49907207489014,"Unknown"
"6227756",371834,2025-10-24 01:26:58,43.329776763916,-8.49912929534912,"Unknown"
"6227756",371834,2025-10-24 01:36:58,43.329833984375,-8.49913215637207,"Unknown"
"6227756",371834,2025-10-24 01:47:14,43.3296508789062,-8.49900436401367,"Unknown"
"6227756",371834,2025-10-24 01:57:06,43.3295440673828,-8.49899196624756,"Unknown"
"6227756",371834,2025-10-24 02:07:06,43.3295974731445,-8.49900436401367,"Unknown"
"6227756",371834,2025-10-24 02:17:06,43.3294677734375,-8.49922466278076,"Unknown"
"6227756",371834,2025-10-24 02:27:06,43.3295402526855,-8.49899864196777,"Unknown"
"6227756",371834,2025-10-24 02:37:15,43.3295440673828,-8.49915027618408,"Unknown"
"6227756",371834,2025-10-24 02:46:59,43.3295974731445,-8.49907779693604,"Unknown"
"6227756",371834,2025-10-24 02:57:07,43.32958984375,-8.4989185333252,"Unknown"
"6227756",371834,2025-10-24 03:07:29,43.3294868469238,-8.49915409088135,"Unknown"
"6227756",371834,2025-10-24 03:17:03,43.3292922973633,-8.49938201904297,"Unknown"
"6227756",371834,2025-10-24 03:27:03,43.3294677734375,-8.49925518035889,"Unknown"
"6227756",371834,2025-10-24 03:37:11,43.3296928405762,-8.49922847747803,"Unknown"
"6227756",371834,2025-10-24 03:47:15,43.3298034667969,-8.49904823303223,"Unknown"
"6227756",371834,2025-10-24 03:57:14,43.3296279907227,-8.49915409088135,"Unknown"
"6227756",371834,2025-10-24 04:07:35,43.3295555114746,-8.49905395507812,"Unknown"
"6227756",371834,2025-10-24 04:16:58,43.3297920227051,-8.49905490875244,"Unknown"
"6227756",371834,2025-10-24 04:27:01,43.329532623291,-8.49901962280273,"Unknown"
"6227756",371834,2025-10-24 04:37:01,43.3297882080078,-8.49882221221924,"Unknown"
"6227756",371834,2025-10-24 04:47:14,43.3296432495117,-8.49881553649902,"Unknown"
"6227756",371834,2025-10-24 04:57:06,43.3290405273438,-8.49927043914795,"Unknown"
"6227756",371834,2025-10-24 05:07:14,43.3294067382812,-8.49905109405518,"Unknown"
"6227756",371834,2025-10-24 05:17:31,43.329402923584,-8.49904346466064,"Unknown"
"6227756",371834,2025-10-24 05:26:57,43.3293685913086,-8.49906539916992,"Unknown"
"6227756",371834,2025-10-24 05:36:57,43.3295021057129,-8.49903774261475,"Unknown"
"6227756",371834,2025-10-24 05:46:57,43.3294143676758,-8.49904251098633,"Unknown"
"6227756",371834,2025-10-24 05:56:57,43.3294410705566,-8.49896621704102,"Unknown"
"6227756",371834,2025-10-24 06:06:58,43.3294525146484,-8.49897766113281,"Unknown"
"6227756",371834,2025-10-24 06:16:59,43.329517364502,-8.49904823303223,"Unknown"
"6227756",371834,2025-10-24 06:26:58,43.3294830322266,-8.49903392791748,"Unknown"
"6227756",371834,2025-10-24 06:36:58,43.3295593261719,-8.49913120269775,"Unknown"
"6227756",371834,2025-10-24 06:46:59,43.3296661376953,-8.49917602539062,"Unknown"
"6227756",371834,2025-10-24 06:57:03,43.3292961120605,-8.49882507324219,"Unknown"
"6227756",371834,2025-10-24 07:07:10,43.3298416137695,-8.49936294555664,"Unknown"
"6227756",371834,2025-10-24 07:17:07,43.3296089172363,-8.49913120269775,"Unknown"
"6227756",371834,2025-10-24 07:27:03,43.329402923584,-8.49892330169678,"Unknown"
"6227756",371834,2025-10-24 07:37:14,43.3295364379883,-8.49909400939941,"Unknown"
"6227756",371834,2025-10-24 07:47:04,43.3293418884277,-8.49884033203125,"Unknown"
"6227756",371834,2025-10-24 07:57:14,43.3294906616211,-8.49891376495361,"Unknown"
"6227756",371834,2025-10-24 08:07:06,43.3294105529785,-8.49905300140381,"Unknown"
"6227756",371834,2025-10-24 08:17:06,43.3294715881348,-8.49904346466064,"Unknown"
"6227756",371834,2025-10-24 08:27:06,43.3293762207031,-8.49950981140137,"Unknown"
"6227756",371834,2025-10-24 08:37:29,43.3294410705566,-8.49905776977539,"Unknown"
"6227756",371834,2025-10-24 08:47:34,43.3295211791992,-8.49898433685303,"Unknown"
"6227756",371834,2025-10-24 08:56:57,43.329517364502,-8.49895286560059,"Unknown"
"6227756",371834,2025-10-24 09:06:57,43.3295135498047,-8.49901390075684,"Unknown"
"6227756",371834,2025-10-24 09:16:57,43.329517364502,-8.49901866912842,"Unknown"
"6227756",371834,2025-10-24 09:26:57,43.32958984375,-8.49893283843994,"Unknown"
"6227756",371834,2025-10-24 09:36:58,43.3295249938965,-8.49905014038086,"Unknown"
"6227756",371834,2025-10-24 09:47:04,43.3295516967773,-8.49896430969238,"Unknown"
"6227756",371834,2025-10-24 09:56:57,43.3295707702637,-8.49908065795898,"Unknown"
"6227756",371834,2025-10-24 10:06:59,43.3297119140625,-8.49907302856445,"Unknown"
"6227756",371834,2025-10-24 10:16:57,43.3296241760254,-8.49911117553711,"Unknown"
"6227756",371834,2025-10-24 10:26:58,43.3295707702637,-8.49914073944092,"Unknown"
"6227756",371834,2025-10-24 10:37:00,43.3293914794922,-8.49890613555908,"Unknown"
"6227756",371834,2025-10-24 10:47:00,43.3295822143555,-8.4992504119873,"Unknown"
"6227756",371834,2025-10-24 10:57:14,43.3295021057129,-8.49904823303223,"Unknown"
"6227756",371834,2025-10-24 11:06:57,43.3295402526855,-8.49919033050537,"Unknown"
"6227756",371834,2025-10-24 11:16:58,43.3295211791992,-8.49913120269775,"Unknown"
"6227756",371834,2025-10-24 11:26:58,43.3295478820801,-8.49925804138184,"Unknown"
"6227756",371834,2025-10-24 11:36:59,43.3295249938965,-8.49911594390869,"Unknown"
"6227756",371834,2025-10-24 11:47:14,43.3294639587402,-8.49895763397217,"Unknown"
"6227756",371834,2025-10-24 11:57:04,43.3294410705566,-8.49898338317871,"Unknown"
"6227756",371834,2025-10-24 12:07:04,43.329475402832,-8.49896907806396,"Unknown"
"6227756",371834,2025-10-24 12:16:59,43.3293495178223,-8.49874401092529,"Unknown"
"6227756",371834,2025-10-24 12:26:59,43.3294525146484,-8.4990291595459,"Unknown"
"6227756",371834,2025-10-24 12:37:14,43.3295364379883,-8.49879264831543,"Unknown"
"6227756",371834,2025-10-24 12:47:14,43.3294982910156,-8.49875926971436,"Unknown"
"6227756",371834,2025-10-24 12:57:07,43.3297271728516,-8.49787330627441,"Unknown"
"6227756",371834,2025-10-24 13:07:13,43.3294715881348,-8.49882984161377,"Unknown"
"6227756",371834,2025-10-24 13:16:59,43.3295669555664,-8.49874782562256,"Unknown"
"6227756",371834,2025-10-24 13:27:06,43.3294639587402,-8.49883460998535,"Unknown"
"6227756",371834,2025-10-24 13:37:06,43.3294563293457,-8.49900531768799,"Unknown"
"6227756",371834,2025-10-24 13:47:14,43.3294105529785,-8.4990816116333,"Unknown"
"6227756",371834,2025-10-24 13:57:05,43.3293571472168,-8.49901580810547,"Unknown"
"6227756",371834,2025-10-24 14:07:35,43.329418182373,-8.49900054931641,"Unknown"
"6227756",371834,2025-10-24 14:16:58,43.3293342590332,-8.49901580810547,"Unknown"
"6227756",371834,2025-10-24 14:26:58,43.3292388916016,-8.4990177154541,"Unknown"
"6227756",371834,2025-10-24 14:36:59,43.3292770385742,-8.49902725219727,"Unknown"
"6227756",371834,2025-10-24 14:47:00,43.3295364379883,-8.49908447265625,"Unknown"
"6227756",371834,2025-10-24 14:56:59,43.3295516967773,-8.49907779693604,"Unknown"
"6227756",371834,2025-10-24 15:07:00,43.3295516967773,-8.4990701675415,"Unknown"
"6227756",371834,2025-10-24 15:17:06,43.3293952941895,-8.49907398223877,"Unknown"
"6227756",371834,2025-10-24 15:27:05,43.3295249938965,-8.49886322021484,"Unknown"
"6227756",371834,2025-10-24 15:37:09,43.3292922973633,-8.49909973144531,"Unknown"
"6227756",371834,2025-10-24 15:47:14,43.3296279907227,-8.49890518188477,"Unknown"
"6227756",371834,2025-10-24 15:56:59,43.3294868469238,-8.49880218505859,"Unknown"
"6227756",371834,2025-10-24 16:06:58,43.329532623291,-8.49886798858643,"Unknown"
"6227756",371834,2025-10-24 16:17:04,43.3295440673828,-8.49881362915039,"Unknown"
"6227756",371834,2025-10-24 16:27:06,43.3296279907227,-8.49891376495361,"Unknown"
"6227756",371834,2025-10-24 16:37:44,43.3295707702637,-8.49895858764648,"Unknown"
"6227756",371834,2025-10-24 16:46:59,43.3296966552734,-8.49913215637207,"Unknown"
"6227756",371834,2025-10-24 16:57:03,43.3295936584473,-8.49893665313721,"Unknown"
"6227756",371834,2025-10-24 17:07:00,43.3295402526855,-8.49917316436768,"Unknown"
"6227756",371834,2025-10-24 17:17:06,43.3295974731445,-8.49902725219727,"Unknown"
"6227756",371834,2025-10-24 17:27:14,43.3294792175293,-8.49898719787598,"Unknown"
"6227756",371834,2025-10-24 17:37:06,43.329402923584,-8.49895763397217,"Unknown"
"6227756",371834,2025-10-24 17:47:14,43.3304557800293,-8.49937629699707,"Unknown"
"6227756",371834,2025-10-24 17:57:35,43.3294830322266,-8.49902153015137,"Unknown"
"6227756",371834,2025-10-24 18:06:58,43.329460144043,-8.49892807006836,"Unknown"
"6227756",371834,2025-10-24 18:16:58,43.3295211791992,-8.4989595413208,"Unknown"
"6227756",371834,2025-10-24 18:26:58,43.3294982910156,-8.49893665313721,"Unknown"
"6227756",371834,2025-10-24 18:36:58,43.329418182373,-8.49893474578857,"Unknown"
"6227756",371834,2025-10-24 18:47:14,43.3294906616211,-8.49901008605957,"Unknown"
"6227756",371834,2025-10-24 18:56:58,43.3293380737305,-8.49876976013184,"Unknown"
"6227756",371834,2025-10-24 19:07:06,43.3294982910156,-8.49906349182129,"Unknown"
"6227756",371834,2025-10-24 19:17:04,43.3295936584473,-8.49908256530762,"Unknown"
"6227756",371834,2025-10-24 19:27:03,43.3294906616211,-8.49892711639404,"Unknown"
"6227756",371834,2025-10-24 19:37:44,43.3295097351074,-8.49902820587158,"Unknown"
"6227756",371834,2025-10-24 19:47:06,43.329517364502,-8.49898338317871,"Unknown"
"6227756",371834,2025-10-24 19:57:06,43.3295097351074,-8.49904918670654,"Unknown"
"6227756",371834,2025-10-24 20:07:06,43.3294906616211,-8.4989767074585,"Unknown"
"6227756",371834,2025-10-24 20:17:06,43.329517364502,-8.49901580810547,"Unknown"
"6227756",371834,2025-10-24 20:27:06,43.3295059204102,-8.4988956451416,"Unknown"
"6227756",371834,2025-10-24 20:37:14,43.3295211791992,-8.49901390075684,"Unknown"
"6227756",371834,2025-10-24 20:47:08,43.3295555114746,-8.49890804290771,"Unknown"
"6227756",371834,2025-10-24 20:57:35,43.3294944763184,-8.49900054931641,"Unknown"
"6227756",371834,2025-10-24 21:06:58,43.3292541503906,-8.49904823303223,"Unknown"
"6227756",371834,2025-10-24 21:16:59,43.3294715881348,-8.4989652633667,"Unknown"
"6227756",371834,2025-10-24 21:27:00,43.3295669555664,-8.49899959564209,"Unknown"
"6227756",371834,2025-10-24 21:37:07,43.3270988464355,-8.50607967376709,"Unknown"
"6227756",371834,2025-10-24 21:47:06,43.329517364502,-8.49903106689453,"Unknown"
"6227756",371834,2025-10-24 21:57:06,43.329517364502,-8.49895191192627,"Unknown"
"6227756",371834,2025-10-24 22:07:35,43.329532623291,-8.49901962280273,"Unknown"
"6227756",371834,2025-10-24 22:16:59,43.3297348022461,-8.49925422668457,"Unknown"
"6227756",371834,2025-10-24 22:27:01,43.3295402526855,-8.49886989593506,"Unknown"
"6227756",371834,2025-10-24 22:37:05,43.3295783996582,-8.49892234802246,"Unknown"
"6227756",371834,2025-10-24 22:47:06,43.3295211791992,-8.49889373779297,"Unknown"
"6227756",371834,2025-10-24 22:57:05,43.3295478820801,-8.49877452850342,"Unknown"
"6227756",371834,2025-10-24 23:07:06,43.3295097351074,-8.49881839752197,"Unknown"
"6227756",371834,2025-10-24 23:17:06,43.3295440673828,-8.49883270263672,"Unknown"
"6227756",371834,2025-10-24 23:27:14,43.3295021057129,-8.49869728088379,"Unknown"
"6227756",371834,2025-10-24 23:37:04,43.3294677734375,-8.498779296875,"Unknown"
"6227756",371834,2025-10-24 23:47:14,43.3295059204102,-8.49859428405762,"Unknown"
"6227756",371834,2025-10-24 23:57:06,43.329418182373,-8.49838161468506,"Unknown"
"6227756",371834,2025-10-25 00:07:08,43.3294105529785,-8.49779510498047,"Unknown"
"6227756",371834,2025-10-25 00:17:35,43.3288230895996,-8.49812698364258,"Unknown"
"6227756",371834,2025-10-25 00:27:35,43.3294258117676,-8.49899768829346,"Unknown"
"6227756",371834,2025-10-25 00:37:00,43.3292083740234,-8.49884986877441,"Unknown"
"6227756",371834,2025-10-25 00:47:03,43.3292655944824,-8.4990406036377,"Unknown"
"6227756",371834,2025-10-25 00:57:06,43.3294677734375,-8.49904251098633,"Unknown"
"6227756",371834,2025-10-25 01:07:14,43.3293876647949,-8.49906063079834,"Unknown"
"6227756",371834,2025-10-25 01:16:59,43.3295516967773,-8.49921035766602,"Unknown"
"6227756",371834,2025-10-25 01:27:00,43.3294792175293,-8.49987316131592,"Unknown"
"6227756",371834,2025-10-25 01:37:01,43.3292922973633,-8.49790573120117,"Unknown"
"6227756",371834,2025-10-25 01:47:04,43.3293991088867,-8.49926376342773,"Unknown"
"6227756",371834,2025-10-25 01:57:14,43.3294715881348,-8.49906730651855,"Unknown"
"6227756",371834,2025-10-25 02:06:59,43.3295593261719,-8.4991397857666,"Unknown"
"6227756",371834,2025-10-25 02:16:59,43.3294334411621,-8.49907684326172,"Unknown"
"6227756",371834,2025-10-25 02:26:59,43.3294563293457,-8.49909210205078,"Unknown"
"6227756",371834,2025-10-25 02:37:06,43.3295783996582,-8.49903964996338,"Unknown"
"6227756",371834,2025-10-25 02:47:35,43.3294906616211,-8.49902629852295,"Unknown"
"6227756",371834,2025-10-25 02:56:58,43.3294715881348,-8.49901676177979,"Unknown"
"6227756",371834,2025-10-25 03:06:58,43.3295516967773,-8.49890041351318,"Unknown"
"6227756",371834,2025-10-25 03:16:58,43.3295707702637,-8.49889659881592,"Unknown"
"6227756",371834,2025-10-25 03:26:59,43.3295631408691,-8.4990291595459,"Unknown"
"6227756",371834,2025-10-25 03:37:14,43.3294906616211,-8.49889945983887,"Unknown"
"6227756",371834,2025-10-25 03:46:59,43.3294525146484,-8.49890327453613,"Unknown"
"6227756",371834,2025-10-25 03:57:04,43.3295822143555,-8.49895095825195,"Unknown"
"6227756",371834,2025-10-25 04:07:01,43.3294906616211,-8.49896812438965,"Unknown"
"6227756",371834,2025-10-25 04:17:05,43.3291358947754,-8.49886417388916,"Unknown"
"6227756",371834,2025-10-25 04:27:03,43.3294448852539,-8.49890995025635,"Unknown"
"6227756",371834,2025-10-25 04:37:14,43.3295783996582,-8.49891757965088,"Unknown"
"6227756",371834,2025-10-25 04:47:08,43.3292770385742,-8.4989767074585,"Unknown"
"6227756",371834,2025-10-25 04:57:06,43.3290328979492,-8.49920749664307,"Unknown"
"6227756",371834,2025-10-25 05:07:36,43.3294486999512,-8.49899578094482,"Unknown"
"6227756",371834,2025-10-25 05:16:58,43.3294525146484,-8.49894714355469,"Unknown"
"6227756",371834,2025-10-25 05:26:58,43.3293685913086,-8.49898052215576,"Unknown"
"6227756",371834,2025-10-25 05:36:58,43.3294563293457,-8.49896621704102,"Unknown"
"6227756",371834,2025-10-25 05:46:58,43.3294525146484,-8.49898433685303,"Unknown"
"6227756",371834,2025-10-25 05:57:00,43.3294372558594,-8.4989652633667,"Unknown"
"6227756",371834,2025-10-25 06:07:01,43.3296508789062,-8.49921894073486,"Unknown"
"6227756",371834,2025-10-25 06:17:00,43.3294982910156,-8.49894905090332,"Unknown"
"6227756",371834,2025-10-25 06:27:00,43.3294677734375,-8.49897003173828,"Unknown"
"6227756",371834,2025-10-25 06:37:03,43.3295249938965,-8.49900245666504,"Unknown"
"6227756",371834,2025-10-25 06:47:01,43.3297119140625,-8.49915504455566,"Unknown"
"6227756",371834,2025-10-25 06:57:21,43.3297691345215,-8.49923419952393,"Unknown"
"6227756",371834,2025-10-25 07:07:05,43.3295440673828,-8.49902820587158,"Unknown"
"6227756",371834,2025-10-25 07:17:04,43.3296928405762,-8.49930763244629,"Unknown"
"6227756",371834,2025-10-25 07:27:01,43.3293571472168,-8.4989013671875,"Unknown"
"6227756",371834,2025-10-25 07:37:14,43.3295669555664,-8.49909210205078,"Unknown"
"6227756",371834,2025-10-25 07:47:04,43.3294944763184,-8.49907112121582,"Unknown"
"6227756",371834,2025-10-25 07:57:06,43.3295249938965,-8.49899959564209,"Unknown"
"6227756",371834,2025-10-25 08:07:06,43.329460144043,-8.49893283843994,"Unknown"
"6227756",371834,2025-10-25 08:17:08,43.3294906616211,-8.49898624420166,"Unknown"
"6227756",371834,2025-10-25 08:27:08,43.329517364502,-8.4989652633667,"Unknown"
"6227756",371834,2025-10-25 08:37:36,43.329517364502,-8.49897575378418,"Unknown"
"6227756",371834,2025-10-25 08:46:59,43.3295402526855,-8.4989767074585,"Unknown"
"6227756",371834,2025-10-25 08:56:59,43.3294792175293,-8.49896812438965,"Unknown"
"6227756",371834,2025-10-25 09:06:59,43.329460144043,-8.49906921386719,"Unknown"
"6227756",371834,2025-10-25 09:16:59,43.329475402832,-8.49903869628906,"Unknown"
"6227756",371834,2025-10-25 09:26:59,43.3295288085938,-8.4989013671875,"Unknown"
"6227756",371834,2025-10-25 09:37:00,43.3295364379883,-8.49907684326172,"Unknown"
"6227756",371834,2025-10-25 09:47:14,43.3294982910156,-8.49899291992188,"Unknown"
"6227756",371834,2025-10-25 09:56:58,43.3295783996582,-8.49914169311523,"Unknown"
"6227756",371834,2025-10-25 10:06:59,43.3296813964844,-8.49919891357422,"Unknown"
"6227756",371834,2025-10-25 10:17:00,43.3295211791992,-8.49900531768799,"Unknown"
"6227756",371834,2025-10-25 10:27:02,43.3297157287598,-8.49941062927246,"Unknown"
"6227756",371834,2025-10-25 10:37:14,43.3290748596191,-8.49820327758789,"Unknown"
"6227756",371834,2025-10-25 10:47:02,43.3291511535645,-8.49846649169922,"Unknown"
"6227756",371834,2025-10-25 10:57:01,43.3295478820801,-8.49914455413818,"Unknown"
"6227756",371834,2025-10-25 11:07:01,43.3293342590332,-8.49868679046631,"Unknown"
"6227756",371834,2025-10-25 11:17:01,43.3293571472168,-8.49878311157227,"Unknown"
"6227756",371834,2025-10-25 11:27:14,43.3294830322266,-8.49901962280273,"Unknown"
"6227756",371834,2025-10-25 11:37:01,43.3294372558594,-8.49901103973389,"Unknown"
"6227756",371834,2025-10-25 11:47:14,43.3293304443359,-8.49859619140625,"Unknown"
"6227756",371834,2025-10-25 11:57:06,43.3296051025391,-8.49943161010742,"Unknown"
"6227756",371834,2025-10-25 12:07:35,43.3294639587402,-8.49904727935791,"Unknown"
"6227756",371834,2025-10-25 12:16:59,43.3294448852539,-8.49896430969238,"Unknown"
"6227756",371834,2025-10-25 12:26:59,43.329418182373,-8.49900722503662,"Unknown"
"6227756",371834,2025-10-25 12:37:00,43.3294486999512,-8.49900913238525,"Unknown"
"6227756",371834,2025-10-25 12:46:59,43.3294982910156,-8.49901390075684,"Unknown"
"6227756",371834,2025-10-25 12:57:02,43.3294868469238,-8.49884986877441,"Unknown"
"6227756",371834,2025-10-25 13:07:14,43.329475402832,-8.49900054931641,"Unknown"
"6227756",371834,2025-10-25 13:16:59,43.3296508789062,-8.49915409088135,"Unknown"
"6227756",371834,2025-10-25 13:27:04,43.3294067382812,-8.49897575378418,"Unknown"
"6227756",371834,2025-10-25 13:37:05,43.3294868469238,-8.49889850616455,"Unknown"
"6227756",371834,2025-10-25 13:47:35,43.3294792175293,-8.49895000457764,"Unknown"
"6227756",371834,2025-10-25 13:56:59,43.3294830322266,-8.49901580810547,"Unknown"
"6227756",371834,2025-10-25 14:06:59,43.3294639587402,-8.49904441833496,"Unknown"
"6227756",371834,2025-10-25 14:17:00,43.3294677734375,-8.49905109405518,"Unknown"
"6227756",371834,2025-10-25 14:27:00,43.3295440673828,-8.4990119934082,"Unknown"
"6227756",371834,2025-10-25 14:37:01,43.3294639587402,-8.49898815155029,"Unknown"
"6227756",371834,2025-10-25 14:47:00,43.3294715881348,-8.49900722503662,"Unknown"
"6227756",371834,2025-10-25 14:57:00,43.3294525146484,-8.49892234802246,"Unknown"
"6227756",371834,2025-10-25 15:07:06,43.3294448852539,-8.49899959564209,"Unknown"
"6227756",371834,2025-10-25 15:17:06,43.3293876647949,-8.49905395507812,"Unknown"
"6227756",371834,2025-10-25 15:27:07,43.3294944763184,-8.4988431930542,"Unknown"
"6227756",371834,2025-10-25 15:37:07,43.329517364502,-8.498854637146,"Unknown"
"6227756",371834,2025-10-25 15:47:18,43.3294372558594,-8.4990234375,"Unknown"
"6227756",371834,2025-10-25 15:57:08,43.3295097351074,-8.49891662597656,"Unknown"
"6227756",371834,2025-10-25 16:07:17,43.3295249938965,-8.49894237518311,"Unknown"
"6227756",371834,2025-10-25 16:17:35,43.3294410705566,-8.49902153015137,"Unknown"
"6227756",371834,2025-10-25 16:27:02,43.3295974731445,-8.49895095825195,"Unknown"
"6227756",371834,2025-10-25 16:37:00,43.3294563293457,-8.49897956848145,"Unknown"
"6227756",371834,2025-10-25 16:47:44,43.329647064209,-8.49899196624756,"Unknown"
"6227756",371834,2025-10-25 16:57:04,43.3295707702637,-8.49887657165527,"Unknown"
"6227756",371834,2025-10-25 17:06:59,43.3296813964844,-8.49913501739502,"Unknown"
"6227756",371834,2025-10-25 17:17:00,43.3295593261719,-8.49904918670654,"Unknown"
"6227756",371834,2025-10-25 17:27:00,43.3294906616211,-8.49894046783447,"Unknown"
"6227756",371834,2025-10-25 17:37:00,43.3296356201172,-8.49914646148682,"Unknown"
"6227756",371834,2025-10-25 17:47:01,43.3296966552734,-8.49914646148682,"Unknown"
"6227756",371834,2025-10-25 17:57:05,43.329517364502,-8.49900817871094,"Unknown"
"6227756",371834,2025-10-25 18:07:14,43.329532623291,-8.49897575378418,"Unknown"
"6227756",371834,2025-10-25 18:17:07,43.3296012878418,-8.49904918670654,"Unknown"
"6227756",371834,2025-10-25 18:27:07,43.3296775817871,-8.49906063079834,"Unknown"
"6227756",371834,2025-10-25 18:37:07,43.3296127319336,-8.49908065795898,"Unknown"
"6227756",371834,2025-10-25 18:47:14,43.3297424316406,-8.49915981292725,"Unknown"
"6227756",371834,2025-10-25 18:57:07,43.3297386169434,-8.49913692474365,"Unknown"
"6227756",371834,2025-10-25 19:07:08,43.3296165466309,-8.49912548065186,"Unknown"
"6227756",371834,2025-10-25 19:17:43,43.329532623291,-8.49902248382568,"Unknown"
"6227756",371834,2025-10-25 19:27:20,43.3295135498047,-8.4990291595459,"Unknown"
"6227756",371834,2025-10-25 19:37:05,43.3295364379883,-8.4990873336792,"Unknown"
"6227756",371834,2025-10-25 19:47:44,43.3295288085938,-8.49913787841797,"Unknown"
"6227756",371834,2025-10-25 19:56:59,43.329460144043,-8.49900341033936,"Unknown"
"6227756",371834,2025-10-25 20:06:59,43.329460144043,-8.49899387359619,"Unknown"
"6227756",371834,2025-10-25 20:17:01,43.3294982910156,-8.49904823303223,"Unknown"
"6227756",371834,2025-10-25 20:27:00,43.3295516967773,-8.4990177154541,"Unknown"
"6227756",371834,2025-10-25 20:37:35,43.3294525146484,-8.49898910522461,"Unknown"
"6227756",371834,2025-10-25 20:46:59,43.3295135498047,-8.49894046783447,"Unknown"
"6227756",371834,2025-10-25 20:57:00,43.329475402832,-8.49894428253174,"Unknown"
"6227756",371834,2025-10-25 21:07:00,43.3294258117676,-8.49888801574707,"Unknown"
"6227756",371834,2025-10-25 21:17:01,43.3294105529785,-8.49896907806396,"Unknown"
"6227756",371834,2025-10-25 21:27:07,43.3292694091797,-8.49906349182129,"Unknown"
"6227756",371834,2025-10-25 21:37:14,43.3295249938965,-8.49896240234375,"Unknown"
"6227756",371834,2025-10-25 21:47:00,43.3296661376953,-8.49944877624512,"Unknown"
"6227756",371834,2025-10-25 21:57:02,43.3295249938965,-8.49897480010986,"Unknown"
"6227756",371834,2025-10-25 22:07:09,43.3296585083008,-8.49874019622803,"Unknown"
"6227756",371834,2025-10-25 22:17:07,43.32958984375,-8.49884510040283,"Unknown"
"6227756",371834,2025-10-25 22:27:19,43.3295860290527,-8.49817180633545,"Unknown"
"6227756",371834,2025-10-25 22:37:32,43.3295593261719,-8.49892616271973,"Unknown"
"6227756",371834,2025-10-25 22:47:00,43.3295097351074,-8.49897861480713,"Unknown"
"6227756",371834,2025-10-25 22:56:59,43.3295135498047,-8.49897384643555,"Unknown"
"6227756",371834,2025-10-25 23:07:00,43.3295288085938,-8.49896049499512,"Unknown"
"6227756",371834,2025-10-25 23:16:59,43.3295402526855,-8.49895668029785,"Unknown"
"6227756",371834,2025-10-25 23:26:59,43.3294486999512,-8.49892520904541,"Unknown"
"6227756",371834,2025-10-25 23:36:59,43.3294715881348,-8.49897289276123,"Unknown"
"6227756",371834,2025-10-25 23:46:59,43.3294944763184,-8.49901390075684,"Unknown"
"6227756",371834,2025-10-25 23:56:59,43.329460144043,-8.49898433685303,"Unknown"
"6227756",371834,2025-10-26 00:06:59,43.3294525146484,-8.49898338317871,"Unknown"
"6227756",371834,2025-10-26 00:17:00,43.3294906616211,-8.49893474578857,"Unknown"
"6227756",371834,2025-10-26 00:27:00,43.329418182373,-8.49891090393066,"Unknown"
"6227756",371834,2025-10-26 00:37:01,43.3294982910156,-8.49902153015137,"Unknown"
"6227756",371834,2025-10-26 00:47:14,43.3295021057129,-8.49901676177979,"Unknown"
"6227756",371834,2025-10-26 00:57:02,43.329345703125,-8.49894714355469,"Unknown"
"6227756",371834,2025-10-26 01:07:00,43.3295631408691,-8.49882411956787,"Unknown"
"6227756",371834,2025-10-26 01:17:00,43.3295211791992,-8.49902820587158,"Unknown"
"6227756",371834,2025-10-26 01:27:00,43.329475402832,-8.49892807006836,"Unknown"
"6227756",371834,2025-10-26 01:37:15,43.3295021057129,-8.49899578094482,"Unknown"
"6227756",371834,2025-10-26 01:47:09,43.3294792175293,-8.49895191192627,"Unknown"
"6227756",371834,2025-10-26 01:57:09,43.3294982910156,-8.498948097229,"Unknown"
"6227756",371834,2025-10-26 02:07:09,43.3295249938965,-8.49896621704102,"Unknown"
"6227756",371834,2025-10-26 02:17:09,43.3294715881348,-8.49898719787598,"Unknown"
"6227756",371834,2025-10-26 02:27:09,43.3295516967773,-8.49875736236572,"Unknown"
"6227756",371834,2025-10-26 02:37:15,43.3294715881348,-8.49890041351318,"Unknown"
"6227756",371834,2025-10-26 02:47:06,43.3295822143555,-8.4988899230957,"Unknown"
"6227756",371834,2025-10-26 02:57:35,43.3294563293457,-8.49900531768799,"Unknown"
"6227756",371834,2025-10-26 03:07:08,43.3295059204102,-8.49901103973389,"Unknown"
"6227756",371834,2025-10-26 03:17:06,43.3295593261719,-8.49901008605957,"Unknown"
"6227756",371834,2025-10-26 03:27:02,43.3295021057129,-8.49903106689453,"Unknown"
"6227756",371834,2025-10-26 03:37:11,43.329460144043,-8.49897956848145,"Unknown"
"6227756",371834,2025-10-26 03:47:35,43.3294944763184,-8.49896335601807,"Unknown"
"6227756",371834,2025-10-26 03:56:59,43.329460144043,-8.4989538192749,"Unknown"
"6227756",371834,2025-10-26 04:07:00,43.3295745849609,-8.4990062713623,"Unknown"
"6227756",371834,2025-10-26 04:17:01,43.329460144043,-8.49899101257324,"Unknown"
"6227756",371834,2025-10-26 04:27:00,43.3294868469238,-8.49897766113281,"Unknown"
"6227756",371834,2025-10-26 04:37:14,43.3294105529785,-8.49901390075684,"Unknown"
"6227756",371834,2025-10-26 04:47:00,43.3294067382812,-8.49890232086182,"Unknown"
"6227756",371834,2025-10-26 04:57:01,43.329345703125,-8.4989013671875,"Unknown"
"6227756",371834,2025-10-26 05:07:00,43.3294296264648,-8.49898338317871,"Unknown"
"6227756",371834,2025-10-26 05:17:00,43.3293380737305,-8.49891471862793,"Unknown"
"6227756",371834,2025-10-26 05:27:02,43.3293304443359,-8.49881458282471,"Unknown"
"6227756",371834,2025-10-26 05:37:01,43.3294982910156,-8.49905395507812,"Unknown"
"6227756",371834,2025-10-26 05:47:09,43.3294486999512,-8.49899482727051,"Unknown"
"6227756",371834,2025-10-26 05:57:09,43.329475402832,-8.49903964996338,"Unknown"
"6227756",371834,2025-10-26 06:07:14,43.3295021057129,-8.49906635284424,"Unknown"
"6227756",371834,2025-10-26 06:17:01,43.3297080993652,-8.49924564361572,"Unknown"
"6227756",371834,2025-10-26 06:27:02,43.3294258117676,-8.49891185760498,"Unknown"
"6227756",371834,2025-10-26 06:37:00,43.3295555114746,-8.49909400939941,"Unknown"
"6227756",371834,2025-10-26 06:47:15,43.3294982910156,-8.49895286560059,"Unknown"
"6227756",371834,2025-10-26 06:57:09,43.3295249938965,-8.49902057647705,"Unknown"
"6227756",371834,2025-10-26 07:07:10,43.329460144043,-8.4988260269165,"Unknown"
"6227756",371834,2025-10-26 07:17:08,43.3294677734375,-8.49892616271973,"Unknown"
"6227756",371834,2025-10-26 07:27:35,43.3295516967773,-8.49891090393066,"Unknown"
"6227756",371834,2025-10-26 07:37:00,43.3294868469238,-8.4989538192749,"Unknown"
"6227756",371834,2025-10-26 07:46:59,43.3294258117676,-8.49903774261475,"Unknown"
"6227756",371834,2025-10-26 07:57:00,43.329517364502,-8.4990177154541,"Unknown"
"6227756",371834,2025-10-26 08:06:59,43.3294639587402,-8.49901294708252,"Unknown"
"6227756",371834,2025-10-26 08:16:59,43.3295249938965,-8.49893283843994,"Unknown"
"6227756",371834,2025-10-26 08:27:00,43.3295402526855,-8.49899005889893,"Unknown"
"6227756",371834,2025-10-26 08:37:00,43.329460144043,-8.49895763397217,"Unknown"
"6227756",371834,2025-10-26 08:46:59,43.3294563293457,-8.4990348815918,"Unknown"
"6227756",371834,2025-10-26 08:57:00,43.3295097351074,-8.49898338317871,"Unknown"
"6227756",371834,2025-10-26 09:07:01,43.3295822143555,-8.49899864196777,"Unknown"
"6227756",371834,2025-10-26 09:17:02,43.3296127319336,-8.4990291595459,"Unknown"
"6227756",371834,2025-10-26 09:27:02,43.3295288085938,-8.49897480010986,"Unknown"
"6227756",371834,2025-10-26 09:37:15,43.3294830322266,-8.49901676177979,"Unknown"
"6227756",371834,2025-10-26 09:47:09,43.3294792175293,-8.49900150299072,"Unknown"
"6227756",371834,2025-10-26 09:57:04,43.3294792175293,-8.49900531768799,"Unknown"
"6227756",371834,2025-10-26 10:07:09,43.3295478820801,-8.4990758895874,"Unknown"
"6227756",371834,2025-10-26 10:17:09,43.3294868469238,-8.49900817871094,"Unknown"
"6227756",371834,2025-10-26 10:27:09,43.3294334411621,-8.49897956848145,"Unknown"
"6227756",371834,2025-10-26 10:37:15,43.3294258117676,-8.49896430969238,"Unknown"
"6227756",371834,2025-10-26 10:47:00,43.3294639587402,-8.49908351898193,"Unknown"
"6227756",371834,2025-10-26 10:57:03,43.329460144043,-8.49904632568359,"Unknown"
"6227756",371834,2025-10-26 11:07:04,43.3295822143555,-8.49839210510254,"Unknown"
"6227756",371834,2025-10-26 11:17:07,43.3295516967773,-8.49869823455811,"Unknown"
"6227756",371834,2025-10-26 11:27:35,43.329402923584,-8.49903106689453,"Unknown"
"6227756",371834,2025-10-26 11:36:59,43.329402923584,-8.49902534484863,"Unknown"
"6227756",371834,2025-10-26 11:46:59,43.3295059204102,-8.49901008605957,"Unknown"
"6227756",371834,2025-10-26 11:56:59,43.3295135498047,-8.49901580810547,"Unknown"
"6227756",371834,2025-10-26 12:06:59,43.3295249938965,-8.49900054931641,"Unknown"
"6227756",371834,2025-10-26 12:16:59,43.3294944763184,-8.4990291595459,"Unknown"
"6227756",371834,2025-10-26 12:26:59,43.3294982910156,-8.49893856048584,"Unknown"
"6227756",371834,2025-10-26 12:37:00,43.3294639587402,-8.49898433685303,"Unknown"
"6227756",371834,2025-10-26 12:47:00,43.3296585083008,-8.49914073944092,"Unknown"
"6227756",371834,2025-10-26 12:57:14,43.329517364502,-8.49898529052734,"Unknown"
"6227756",371834,2025-10-26 13:07:00,43.3295745849609,-8.4990234375,"Unknown"
"6227756",371834,2025-10-26 13:17:02,43.3294334411621,-8.49936389923096,"Unknown"
"6227756",371834,2025-10-26 13:27:03,43.3295669555664,-8.49895572662354,"Unknown"
"6227756",371834,2025-10-26 13:37:02,43.3296127319336,-8.49885749816895,"Unknown"
"6227756",371834,2025-10-26 13:47:14,43.3294830322266,-8.49899196624756,"Unknown"
"6227756",371834,2025-10-26 13:57:03,43.3294563293457,-8.49879741668701,"Unknown"
"6227756",371834,2025-10-26 14:07:02,43.3294563293457,-8.4991340637207,"Unknown"
"6227756",371834,2025-10-26 14:17:09,43.3294677734375,-8.49904918670654,"Unknown"
"6227756",371834,2025-10-26 14:27:09,43.3294448852539,-8.498948097229,"Unknown"
"6227756",371834,2025-10-26 14:37:15,43.3295211791992,-8.49904346466064,"Unknown"
"6227756",371834,2025-10-26 14:47:09,43.3294830322266,-8.49893379211426,"Unknown"
"6227756",371834,2025-10-26 14:57:10,43.3293571472168,-8.49875926971436,"Unknown"
"6227756",371834,2025-10-26 15:07:35,43.3294982910156,-8.49899673461914,"Unknown"
"6227756",371834,2025-10-26 15:17:00,43.3294258117676,-8.49900150299072,"Unknown"
"6227756",371834,2025-10-26 15:27:00,43.3295097351074,-8.49894332885742,"Unknown"
"6227756",371834,2025-10-26 15:37:00,43.3295783996582,-8.49905300140381,"Unknown"
"6227756",371834,2025-10-26 15:47:00,43.32958984375,-8.49910831451416,"Unknown"
"6227756",371834,2025-10-26 15:57:00,43.329532623291,-8.49907875061035,"Unknown"
"6227756",371834,2025-10-26 16:07:00,43.3295021057129,-8.49901866912842,"Unknown"
"6227756",371834,2025-10-26 16:17:14,43.3295288085938,-8.49898147583008,"Unknown"
"6227756",371834,2025-10-26 16:27:01,43.3296127319336,-8.49896812438965,"Unknown"
"6227756",371834,2025-10-26 16:37:02,43.3295440673828,-8.49914073944092,"Unknown"
"6227756",371834,2025-10-26 16:47:32,43.3295478820801,-8.49895763397217,"Unknown"
"6227756",371834,2025-10-26 16:57:00,43.3294830322266,-8.49901580810547,"Unknown"
"6227756",371834,2025-10-26 17:07:00,43.3295135498047,-8.49893569946289,"Unknown"
"6227756",371834,2025-10-26 17:17:00,43.329532623291,-8.49891471862793,"Unknown"
"6227756",371834,2025-10-26 17:27:00,43.3294982910156,-8.49896812438965,"Unknown"
"6227756",371834,2025-10-26 17:37:00,43.3294982910156,-8.49898338317871,"Unknown"
"6227756",371834,2025-10-26 17:47:00,43.3294792175293,-8.49893951416016,"Unknown"
"6227756",371834,2025-10-26 17:57:00,43.3294982910156,-8.49895858764648,"Unknown"
"6227756",371834,2025-10-26 18:07:00,43.3294830322266,-8.49895572662354,"Unknown"
"6227756",371834,2025-10-26 18:17:00,43.3294410705566,-8.49894618988037,"Unknown"
"6227756",371834,2025-10-26 18:27:01,43.3294639587402,-8.49890995025635,"Unknown"
"6227756",371834,2025-10-26 18:37:14,43.3294677734375,-8.49895572662354,"Unknown"
"6227756",371834,2025-10-26 18:47:01,43.3293342590332,-8.49882698059082,"Unknown"
"6227756",371834,2025-10-26 18:57:05,43.3293533325195,-8.49864673614502,"Unknown"
"6227756",371834,2025-10-26 19:07:09,43.3295440673828,-8.49901103973389,"Unknown"
"6227756",371834,2025-10-26 19:17:07,43.3294639587402,-8.4989652633667,"Unknown"
"6227756",371834,2025-10-26 19:27:14,43.3295402526855,-8.4990291595459,"Unknown"
"6227756",371834,2025-10-26 19:37:03,43.3295631408691,-8.4989595413208,"Unknown"
"6227756",371834,2025-10-26 19:47:15,43.3294982910156,-8.49898719787598,"Unknown"
"6227756",371834,2025-10-26 19:57:01,43.3295783996582,-8.49895286560059,"Unknown"
"6227756",371834,2025-10-26 20:07:35,43.3295097351074,-8.49897861480713,"Unknown"
"6227756",371834,2025-10-26 20:17:00,43.3294944763184,-8.49894523620605,"Unknown"
"6227756",371834,2025-10-26 20:27:01,43.3294715881348,-8.49888134002686,"Unknown"
"6227756",371834,2025-10-26 20:37:00,43.3294868469238,-8.49898815155029,"Unknown"
"6227756",371834,2025-10-26 20:47:01,43.3294982910156,-8.49834156036377,"Unknown"
"6227756",371834,2025-10-26 20:57:01,43.3294296264648,-8.49804306030273,"Unknown"
"6227756",371834,2025-10-26 21:07:14,43.3294296264648,-8.49897956848145,"Unknown"
"6227756",371834,2025-10-26 21:17:02,43.3294868469238,-8.49892807006836,"Unknown"
"6227756",371834,2025-10-26 21:27:02,43.3290367126465,-8.49864864349365,"Unknown"
"6227756",371834,2025-10-26 21:37:03,43.3290367126465,-8.49843502044678,"Unknown"
"6227756",371834,2025-10-26 21:47:15,43.3294982910156,-8.49899005889893,"Unknown"
"6227756",371834,2025-10-26 21:57:00,43.3294410705566,-8.49882221221924,"Unknown"
"6227756",371834,2025-10-26 22:07:01,43.3294715881348,-8.49882507324219,"Unknown"
"6227756",371834,2025-10-26 22:17:02,43.3294372558594,-8.49889755249023,"Unknown"
"6227756",371834,2025-10-26 22:27:09,43.3294715881348,-8.49934577941895,"Unknown"
"6227756",371834,2025-10-26 22:37:15,43.3294982910156,-8.49952411651611,"Unknown"
"6227756",371834,2025-10-26 22:47:09,43.3295021057129,-8.499587059021,"Unknown"
"6227756",371834,2025-10-26 22:57:10,43.3295555114746,-8.49987506866455,"Unknown"
"6227756",371834,2025-10-26 23:07:14,43.3295860290527,-8.49914360046387,"Unknown"
"6227756",371834,2025-10-26 23:17:07,43.329719543457,-8.49973392486572,"Unknown"
"6227756",371834,2025-10-26 23:27:01,43.3293991088867,-8.49872970581055,"Unknown"
"6227756",371834,2025-10-26 23:37:08,43.32958984375,-8.49887657165527,"Unknown"
"6227756",371834,2025-10-26 23:47:21,43.3295059204102,-8.49902057647705,"Unknown"
"6227756",371834,2025-10-26 23:57:12,43.3294219970703,-8.49885654449463,"Unknown"
"6227756",371834,2025-10-27 00:07:35,43.3294906616211,-8.49899196624756,"Unknown"
"6227756",371834,2025-10-27 00:17:00,43.3295745849609,-8.49909687042236,"Unknown"
"6227756",371834,2025-10-27 00:27:01,43.3299255371094,-8.49929714202881,"Unknown"
"6227756",371834,2025-10-27 00:37:03,43.3299598693848,-8.49946689605713,"Unknown"
"6227756",371834,2025-10-27 00:47:03,43.3286514282227,-8.49791526794434,"Unknown"
"6227756",371834,2025-10-27 00:57:14,43.329460144043,-8.49905967712402,"Unknown"
"6227756",371834,2025-10-27 01:07:01,43.3296127319336,-8.49947452545166,"Unknown"
"6227756",371834,2025-10-27 01:17:01,43.3296241760254,-8.49989891052246,"Unknown"
"6227756",371834,2025-10-27 01:27:06,43.3295059204102,-8.49903106689453,"Unknown"
"6227756",371834,2025-10-27 01:37:00,43.3294868469238,-8.49893379211426,"Unknown"
"6227756",371834,2025-10-27 01:47:09,43.3295402526855,-8.49907493591309,"Unknown"
"6227756",371834,2025-10-27 01:57:14,43.3294639587402,-8.49923515319824,"Unknown"
"6227756",371834,2025-10-27 02:07:01,43.3295440673828,-8.49904727935791,"Unknown"
"6227756",371834,2025-10-27 02:17:01,43.3295402526855,-8.49912738800049,"Unknown"
"6227756",371834,2025-10-27 02:27:01,43.3294219970703,-8.49933815002441,"Unknown"
"6227756",371834,2025-10-27 02:37:07,43.3294868469238,-8.49926948547363,"Unknown"
"6227756",371834,2025-10-27 02:47:35,43.3295135498047,-8.49893569946289,"Unknown"
"6227756",371834,2025-10-27 02:57:00,43.3295249938965,-8.49895477294922,"Unknown"
"6227756",371834,2025-10-27 03:07:00,43.3295097351074,-8.49890995025635,"Unknown"
"6227756",371834,2025-10-27 03:17:00,43.3295249938965,-8.49890804290771,"Unknown"
"6227756",371834,2025-10-27 03:27:01,43.3295288085938,-8.49903392791748,"Unknown"
"6227756",371834,2025-10-27 03:37:04,43.3295288085938,-8.4989652633667,"Unknown"
"6227756",371834,2025-10-27 03:47:04,43.3294792175293,-8.49896812438965,"Unknown"
"6227756",371834,2025-10-27 03:57:13,43.3294792175293,-8.49893760681152,"Unknown"
"6227756",371834,2025-10-27 04:07:01,43.3294906616211,-8.49896240234375,"Unknown"
"6227756",371834,2025-10-27 04:17:02,43.3289794921875,-8.49919414520264,"Unknown"
"6227756",371834,2025-10-27 04:27:03,43.3292427062988,-8.4990816116333,"Unknown"
"6227756",371834,2025-10-27 04:37:04,43.3295059204102,-8.49900054931641,"Unknown"
"6227756",371834,2025-10-27 04:47:14,43.3294715881348,-8.49910354614258,"Unknown"
"6227756",371834,2025-10-27 04:57:02,43.3295021057129,-8.49891185760498,"Unknown"
"6227756",371834,2025-10-27 05:07:02,43.3294982910156,-8.49864482879639,"Unknown"
"6227756",371834,2025-10-27 05:17:35,43.3295097351074,-8.49897575378418,"Unknown"
"6227756",371834,2025-10-27 05:27:00,43.3294372558594,-8.49901866912842,"Unknown"
"6227756",371834,2025-10-27 05:37:00,43.3294639587402,-8.49904727935791,"Unknown"
"6227756",371834,2025-10-27 05:47:00,43.3294868469238,-8.49898529052734,"Unknown"
"6227756",371834,2025-10-27 05:57:00,43.329475402832,-8.49897575378418,"Unknown"
"6227756",371834,2025-10-27 06:07:00,43.3295097351074,-8.4990348815918,"Unknown"
"6227756",371834,2025-10-27 06:17:00,43.3294792175293,-8.49901676177979,"Unknown"
"6227756",371834,2025-10-27 06:27:00,43.3295059204102,-8.49898529052734,"Unknown"
"6227756",371834,2025-10-27 06:37:00,43.3294830322266,-8.49902153015137,"Unknown"
"6227756",371834,2025-10-27 06:47:01,43.3294448852539,-8.49891471862793,"Unknown"
"6227756",371834,2025-10-27 06:57:03,43.3294410705566,-8.49890518188477,"Unknown"
"6227756",371834,2025-10-27 07:07:02,43.3292961120605,-8.49881362915039,"Unknown"
"6227756",371834,2025-10-27 07:17:14,43.3292388916016,-8.49874877929688,"Unknown"
"6227756",371834,2025-10-27 07:27:06,43.3293800354004,-8.49881649017334,"Unknown"
"6227756",371834,2025-10-27 07:37:05,43.329402923584,-8.49883842468262,"Unknown"
"6227756",371834,2025-10-27 07:47:14,43.3294944763184,-8.49898147583008,"Unknown"
"6227756",371834,2025-10-27 07:57:08,43.3294830322266,-8.49893188476562,"Unknown"
"6227756",371834,2025-10-27 08:07:08,43.3294525146484,-8.49896144866943,"Unknown"
"6227756",371834,2025-10-27 08:17:08,43.3295631408691,-8.49898719787598,"Unknown"
"6227756",371834,2025-10-27 08:27:08,43.3294486999512,-8.49890804290771,"Unknown"
"6227756",371834,2025-10-27 08:37:35,43.329517364502,-8.49902057647705,"Unknown"
"6227756",371834,2025-10-27 08:47:02,43.3296813964844,-8.49915313720703,"Unknown"
"6227756",371834,2025-10-27 08:57:01,43.3298416137695,-8.49942874908447,"Unknown"
"6227756",371834,2025-10-27 09:07:02,43.3296127319336,-8.49908256530762,"Unknown"
"6227756",371834,2025-10-27 09:17:14,43.3294677734375,-8.49887561798096,"Unknown"
"6227756",371834,2025-10-27 09:27:01,43.3294830322266,-8.49887084960938,"Unknown"
"6227756",371834,2025-10-27 09:37:02,43.3294982910156,-8.4988899230957,"Unknown"
"6227756",371834,2025-10-27 09:47:08,43.3294906616211,-8.49891662597656,"Unknown"
"6227756",371834,2025-10-27 09:57:14,43.3295059204102,-8.49892520904541,"Unknown"
"6227756",371834,2025-10-27 10:07:07,43.329532623291,-8.49892711639404,"Unknown"
"6227756",371834,2025-10-27 10:17:09,43.3296279907227,-8.49883270263672,"Unknown"
"6227756",371834,2025-10-27 10:27:09,43.3296585083008,-8.49879837036133,"Unknown"
"6227756",371834,2025-10-27 10:37:08,43.3295783996582,-8.49882698059082,"Unknown"
"6227756",371834,2025-10-27 10:47:14,43.3293838500977,-8.49913024902344,"Unknown"
"6227756",371834,2025-10-27 10:57:05,43.3294258117676,-8.49903202056885,"Unknown"
"6227756",371834,2025-10-27 11:07:02,43.3295631408691,-8.49882698059082,"Unknown"
"6227756",371834,2025-10-27 11:17:05,43.3293991088867,-8.49898433685303,"Unknown"
"6227756",371834,2025-10-27 11:27:05,43.3294143676758,-8.49892520904541,"Unknown"
"6227756",371834,2025-10-27 11:37:36,43.3294830322266,-8.49899005889893,"Unknown"
"6227756",371834,2025-10-27 11:47:00,43.3294944763184,-8.49900436401367,"Unknown"
"6227756",371834,2025-10-27 11:57:00,43.3295211791992,-8.49898815155029,"Unknown"
"6227756",371834,2025-10-27 12:07:00,43.329460144043,-8.49901103973389,"Unknown"
"6227756",371834,2025-10-27 12:17:00,43.3294715881348,-8.49900245666504,"Unknown"
"6227756",371834,2025-10-27 12:27:00,43.3295249938965,-8.49901103973389,"Unknown"
"6227756",371834,2025-10-27 12:37:00,43.3294448852539,-8.49894046783447,"Unknown"
"6227756",371834,2025-10-27 12:47:00,43.3293533325195,-8.49894905090332,"Unknown"
"6227756",371834,2025-10-27 12:57:01,43.3295478820801,-8.49917125701904,"Unknown"
"6227756",371834,2025-10-27 13:07:03,43.3295288085938,-8.49910736083984,"Unknown"
"6227756",371834,2025-10-27 13:17:35,43.3294944763184,-8.49899387359619,"Unknown"
"6227756",371834,2025-10-27 13:27:03,43.3296279907227,-8.49841403961182,"Unknown"
"6227756",371834,2025-10-27 13:37:02,43.329475402832,-8.49982452392578,"Unknown"
"6227756",371834,2025-10-27 13:47:03,43.3296432495117,-8.49797439575195,"Unknown"
"6227756",371834,2025-10-27 13:57:01,43.3291168212891,-8.50250911712646,"Unknown"
"6227756",371834,2025-10-27 14:07:01,43.3295555114746,-8.49898624420166,"Unknown"
"6227756",371834,2025-10-27 14:17:12,43.3295402526855,-8.49903964996338,"Unknown"
"6227756",371834,2025-10-27 14:27:10,43.3296051025391,-8.49894332885742,"Unknown"
"6227756",371834,2025-10-27 14:37:02,43.3295364379883,-8.49900913238525,"Unknown"
"6227756",371834,2025-10-27 14:47:14,43.3294830322266,-8.49903106689453,"Unknown"
"6227756",371834,2025-10-27 14:57:29,43.3292083740234,-8.49911117553711,"Unknown"
"6227756",371834,2025-10-27 15:07:35,43.3294677734375,-8.49904251098633,"Unknown"
"6227756",371834,2025-10-27 15:17:00,43.3294944763184,-8.49907302856445,"Unknown"
"6227756",371834,2025-10-27 15:27:00,43.3295097351074,-8.49903678894043,"Unknown"
"6227756",371834,2025-10-27 15:37:00,43.329475402832,-8.49902248382568,"Unknown"
"6227756",371834,2025-10-27 15:47:00,43.3296165466309,-8.49908638000488,"Unknown"
"6227756",371834,2025-10-27 15:57:00,43.3295707702637,-8.49909019470215,"Unknown"
"6227756",371834,2025-10-27 16:07:14,43.3295249938965,-8.49897480010986,"Unknown"
"6227756",371834,2025-10-27 16:17:02,43.3295783996582,-8.49905300140381,"Unknown"
"6227756",371834,2025-10-27 16:27:00,43.3295783996582,-8.4989538192749,"Unknown"
"6227756",371834,2025-10-27 16:37:02,43.3296012878418,-8.49878883361816,"Unknown"
"6227756",371834,2025-10-27 16:47:27,43.3296661376953,-8.4989538192749,"Unknown"
"6227756",371834,2025-10-27 16:57:14,43.329662322998,-8.49899959564209,"Unknown"
"6227756",371834,2025-10-27 17:07:00,43.3294448852539,-8.49904251098633,"Unknown"
"6227756",371834,2025-10-27 17:17:00,43.3296737670898,-8.49897861480713,"Unknown"
"6227756",371834,2025-10-27 17:27:02,43.3295478820801,-8.49889945983887,"Unknown"
"6227756",371834,2025-10-27 17:37:01,43.3295669555664,-8.49903869628906,"Unknown"
"6227756",371834,2025-10-27 17:47:01,43.3296890258789,-8.49910259246826,"Unknown"
"6227756",371834,2025-10-27 17:57:14,43.3296165466309,-8.49910163879395,"Unknown"
"6227756",371834,2025-10-27 18:07:10,43.3295745849609,-8.49901390075684,"Unknown"
"6227756",371834,2025-10-27 18:17:00,43.3295707702637,-8.49904346466064,"Unknown"
"6227756",371834,2025-10-27 18:27:01,43.329532623291,-8.49895572662354,"Unknown"
"6227756",371834,2025-10-27 18:37:01,43.3295707702637,-8.49900054931641,"Unknown"
"6227756",371834,2025-10-27 18:47:14,43.3295516967773,-8.49902534484863,"Unknown"
"6227756",371834,2025-10-27 18:57:03,43.3296127319336,-8.49896144866943,"Unknown"
"6227756",371834,2025-10-27 19:07:02,43.3295440673828,-8.49902248382568,"Unknown"
"6227756",371834,2025-10-27 19:17:09,43.3296737670898,-8.49899101257324,"Unknown"
"6227756",371834,2025-10-27 19:27:35,43.3295516967773,-8.49911308288574,"Unknown"
"6227756",371834,2025-10-27 19:37:04,43.3296127319336,-8.49914646148682,"Unknown"
"6227756",371834,2025-10-27 19:47:15,43.3294448852539,-8.49899959564209,"Unknown"
"6227756",371834,2025-10-27 19:57:01,43.3294868469238,-8.49891090393066,"Unknown"
"6227756",371834,2025-10-27 20:07:02,43.3294944763184,-8.49901294708252,"Unknown"
"6227756",371834,2025-10-27 20:17:02,43.3294639587402,-8.49906635284424,"Unknown"
"6227756",371834,2025-10-27 20:27:02,43.3294906616211,-8.49905586242676,"Unknown"
"6227756",371834,2025-10-27 20:37:15,43.3294868469238,-8.49869346618652,"Unknown"
"6227756",371834,2025-10-27 20:47:01,43.3294219970703,-8.49858856201172,"Unknown"
"6227756",371834,2025-10-27 20:57:04,43.3297920227051,-8.49574279785156,"Unknown"
"6227756",371834,2025-10-27 21:07:04,43.3296318054199,-8.49674510955811,"Unknown"
"6227756",371834,2025-10-27 21:17:13,43.3294563293457,-8.49882698059082,"Unknown"
"6227756",371834,2025-10-27 21:27:07,43.3294944763184,-8.49892330169678,"Unknown"
"6227756",371834,2025-10-27 21:37:09,43.3299827575684,-8.49901103973389,"Unknown"
"6227756",371834,2025-10-27 21:47:35,43.329517364502,-8.49893474578857,"Unknown"
"6227756",371834,2025-10-27 21:57:01,43.3295249938965,-8.49897766113281,"Unknown"
"6227756",371834,2025-10-27 22:07:01,43.3295288085938,-8.49893569946289,"Unknown"
"6227756",371834,2025-10-27 22:17:01,43.3295097351074,-8.49891567230225,"Unknown"
"6227756",371834,2025-10-27 22:27:01,43.3294944763184,-8.49889850616455,"Unknown"
"6227756",371834,2025-10-27 22:37:02,43.3295211791992,-8.49883651733398,"Unknown"
"6227756",371834,2025-10-27 22:47:02,43.3295783996582,-8.49889850616455,"Unknown"
"6227756",371834,2025-10-27 22:57:02,43.329532623291,-8.49876689910889,"Unknown"
"6227756",371834,2025-10-27 23:07:02,43.3294677734375,-8.49876594543457,"Unknown"
"6227756",371834,2025-10-27 23:17:03,43.329517364502,-8.49870586395264,"Unknown"
"6227756",371834,2025-10-27 23:27:14,43.3295097351074,-8.49886512756348,"Unknown"
"6227756",371834,2025-10-27 23:37:09,43.3294563293457,-8.49896621704102,"Unknown"
"6227756",371834,2025-10-27 23:47:14,43.3295097351074,-8.49899864196777,"Unknown"
"6227756",371834,2025-10-27 23:57:06,43.3295593261719,-8.49914741516113,"Unknown"
"6227756",371834,2025-10-28 00:07:06,43.3294906616211,-8.49895000457764,"Unknown"
"6227756",371834,2025-10-28 00:17:16,43.3293838500977,-8.49881649017334,"Unknown"
"6227756",371834,2025-10-28 00:27:06,43.3293762207031,-8.49895095825195,"Unknown"
"6227756",371834,2025-10-28 00:37:30,43.3294639587402,-8.49954128265381,"Unknown"
"6227756",371834,2025-10-28 00:47:12,43.3294639587402,-8.49934101104736,"Unknown"
"6227756",371834,2025-10-28 00:57:11,43.3293762207031,-8.49913692474365,"Unknown"
"6227756",371834,2025-10-28 01:07:35,43.3293876647949,-8.49899768829346,"Unknown"
"6227756",371834,2025-10-28 01:17:01,43.3295593261719,-8.49921417236328,"Unknown"
"6227756",371834,2025-10-28 01:27:01,43.3294715881348,-8.49921321868896,"Unknown"
"6227756",371834,2025-10-28 01:37:02,43.3295097351074,-8.49917316436768,"Unknown"
"6227756",371834,2025-10-28 01:47:09,43.3295516967773,-8.49900531768799,"Unknown"
"6227756",371834,2025-10-28 01:57:09,43.3294982910156,-8.4990234375,"Unknown"
"6227756",371834,2025-10-28 02:07:08,43.3295288085938,-8.49899196624756,"Unknown"
"6227756",371834,2025-10-28 02:17:09,43.3295364379883,-8.49898242950439,"Unknown"
"6227756",371834,2025-10-28 02:27:08,43.3295516967773,-8.49892711639404,"Unknown"
"6227756",371834,2025-10-28 02:37:10,43.3293838500977,-8.49914455413818,"Unknown"
"6227756",371834,2025-10-28 02:47:06,43.3295974731445,-8.49887084960938,"Unknown"
"6227756",371834,2025-10-28 02:57:06,43.3296127319336,-8.49891757965088,"Unknown"
"6227756",371834,2025-10-28 03:07:06,43.3295669555664,-8.49902725219727,"Unknown"
"6227756",371834,2025-10-28 03:17:11,43.3294525146484,-8.4990119934082,"Unknown"
"6227756",371834,2025-10-28 03:27:12,43.329460144043,-8.49890518188477,"Unknown"
"6227756",371834,2025-10-28 03:37:14,43.3295364379883,-8.49888706207275,"Unknown"
"6227756",371834,2025-10-28 03:47:16,43.3295059204102,-8.49889087677002,"Unknown"
"6227756",371834,2025-10-28 03:57:35,43.3295135498047,-8.49895858764648,"Unknown"
"6227756",371834,2025-10-28 04:07:02,43.3296012878418,-8.49890995025635,"Unknown"
"6227756",371834,2025-10-28 04:17:01,43.3295745849609,-8.49904251098633,"Unknown"
"6227756",371834,2025-10-28 04:27:03,43.3295669555664,-8.49900054931641,"Unknown"
"6227756",371834,2025-10-28 04:37:02,43.3296012878418,-8.4989709854126,"Unknown"
"6227756",371834,2025-10-28 04:47:09,43.3293991088867,-8.49905490875244,"Unknown"
"6227756",371834,2025-10-28 04:57:14,43.3296165466309,-8.4990234375,"Unknown"
"6227756",371834,2025-10-28 05:07:09,43.3295783996582,-8.49898338317871,"Unknown"
"6227756",371834,2025-10-28 05:17:09,43.3295593261719,-8.49900341033936,"Unknown"
"6227756",371834,2025-10-28 05:27:06,43.3296356201172,-8.4990873336792,"Unknown"
"6227756",371834,2025-10-28 05:37:07,43.32958984375,-8.49908447265625,"Unknown"
"6227756",371834,2025-10-28 05:47:14,43.3297386169434,-8.49915885925293,"Unknown"
"6227756",371834,2025-10-28 05:57:32,43.3295021057129,-8.49898815155029,"Unknown"
"6227756",371834,2025-10-28 06:07:02,43.3295478820801,-8.49899768829346,"Unknown"
"6227756",371834,2025-10-28 06:17:01,43.3294448852539,-8.49899959564209,"Unknown"
"6227756",371834,2025-10-28 06:27:02,43.3296775817871,-8.49925231933594,"Unknown"
"6227756",371834,2025-10-28 06:37:03,43.3293304443359,-8.49884033203125,"Unknown"
"6227756",371834,2025-10-28 06:47:15,43.3297004699707,-8.4992504119873,"Unknown"
"6227756",371834,2025-10-28 06:57:06,43.3289833068848,-8.49838256835938,"Unknown"
"6227756",371834,2025-10-28 07:07:09,43.3296928405762,-8.4993782043457,"Unknown"
"6227756",371834,2025-10-28 07:17:11,43.3293952941895,-8.4989013671875,"Unknown"
"6227756",371834,2025-10-28 07:27:32,43.3295249938965,-8.49898052215576,"Unknown"
"6227756",371834,2025-10-28 07:37:01,43.3294715881348,-8.49899387359619,"Unknown"
"6227756",371834,2025-10-28 07:47:01,43.3294563293457,-8.49900531768799,"Unknown"
"6227756",371834,2025-10-28 07:57:01,43.3294906616211,-8.4989595413208,"Unknown"
"6227756",371834,2025-10-28 08:07:01,43.3295097351074,-8.49895668029785,"Unknown"
"6227756",371834,2025-10-28 08:17:01,43.3295135498047,-8.49896907806396,"Unknown"
"6227756",371834,2025-10-28 08:27:02,43.329532623291,-8.49896049499512,"Unknown"
"6227756",371834,2025-10-28 08:37:02,43.3295364379883,-8.49896621704102,"Unknown"
"6227756",371834,2025-10-28 08:47:01,43.3296051025391,-8.4989652633667,"Unknown"
"6227756",371834,2025-10-28 08:57:01,43.3296661376953,-8.49906063079834,"Unknown"
"6227756",371834,2025-10-28 09:07:03,43.3296546936035,-8.49902248382568,"Unknown"
"6227756",371834,2025-10-28 09:17:02,43.3296546936035,-8.49911117553711,"Unknown"
"6227756",371834,2025-10-28 09:27:14,43.3294486999512,-8.498948097229,"Unknown"
"6227756",371834,2025-10-28 09:37:09,43.3301200866699,-8.49959945678711,"Unknown"
"6227756",371834,2025-10-28 09:47:35,43.3294906616211,-8.49900436401367,"Unknown"
"6227756",371834,2025-10-28 09:57:01,43.3296051025391,-8.4991340637207,"Unknown"
"6227756",371834,2025-10-28 10:07:02,43.3296318054199,-8.49922657012939,"Unknown"
"6227756",371834,2025-10-28 10:17:02,43.3295478820801,-8.49911689758301,"Unknown"
"6227756",371834,2025-10-28 10:27:01,43.3295440673828,-8.49914169311523,"Unknown"
"6227756",371834,2025-10-28 10:37:06,43.3294486999512,-8.49906635284424,"Unknown"
"6227756",371834,2025-10-28 10:47:07,43.329475402832,-8.49905967712402,"Unknown"
"6227756",371834,2025-10-28 10:57:09,43.3294219970703,-8.4990930557251,"Unknown"
"6227756",371834,2025-10-28 11:07:12,43.3294258117676,-8.49909210205078,"Unknown"
"6227756",371834,2025-10-28 11:17:09,43.3294792175293,-8.49905490875244,"Unknown"
"6227756",371834,2025-10-28 11:27:09,43.3294486999512,-8.49902820587158,"Unknown"
"6227756",371834,2025-10-28 11:37:13,43.3294639587402,-8.49898529052734,"Unknown"
"6227756",371834,2025-10-28 11:47:08,43.3294410705566,-8.49897766113281,"Unknown"
"6227756",371834,2025-10-28 11:57:35,43.3294525146484,-8.49900245666504,"Unknown"
"6227756",371834,2025-10-28 12:07:01,43.3294906616211,-8.4990234375,"Unknown"
"6227756",371834,2025-10-28 12:17:01,43.3294486999512,-8.49896907806396,"Unknown"
"6227756",371834,2025-10-28 12:27:01,43.3294944763184,-8.49901390075684,"Unknown"
"6227756",371834,2025-10-28 12:37:01,43.3294372558594,-8.49896240234375,"Unknown"
"6227756",371834,2025-10-28 12:47:02,43.3293647766113,-8.49886226654053,"Unknown"
"6227756",371834,2025-10-28 12:57:02,43.329402923584,-8.49895858764648,"Unknown"
"6227756",371834,2025-10-28 13:07:04,43.3293800354004,-8.49892997741699,"Unknown"
"6227756",371834,2025-10-28 13:17:05,43.3297462463379,-8.49960708618164,"Unknown"
"6227756",371834,2025-10-28 13:27:06,43.3294982910156,-8.49791431427002,"Unknown"
"6227756",371834,2025-10-28 13:37:10,43.3295097351074,-8.49900341033936,"Unknown"
"6227756",371834,2025-10-28 13:47:12,43.3293533325195,-8.49899864196777,"Unknown"
"6227756",371834,2025-10-28 13:57:04,43.3294563293457,-8.4968729019165,"Unknown"
"6227756",371834,2025-10-28 14:07:22,43.3292427062988,-8.49893379211426,"Unknown"
"6227756",371834,2025-10-28 14:17:35,43.3294372558594,-8.49897861480713,"Unknown"
"6227756",371834,2025-10-28 14:27:01,43.3293991088867,-8.49898529052734,"Unknown"
"6227756",371834,2025-10-28 14:37:01,43.3294448852539,-8.49896430969238,"Unknown"
"6227756",371834,2025-10-28 14:47:01,43.3294410705566,-8.49901390075684,"Unknown"
"6227756",371834,2025-10-28 14:57:01,43.3294410705566,-8.49909782409668,"Unknown"
"6227756",371834,2025-10-28 15:07:03,43.3294792175293,-8.49934768676758,"Unknown"
"6227756",371834,2025-10-28 15:17:14,43.3293685913086,-8.49884796142578,"Unknown"
"6227756",371834,2025-10-28 15:27:07,43.3293037414551,-8.49884986877441,"Unknown"
"6227756",371834,2025-10-28 15:37:35,43.3295059204102,-8.49900531768799,"Unknown"
"6227756",371834,2025-10-28 15:47:33,43.329475402832,-8.49894332885742,"Unknown"
"6227756",371834,2025-10-28 15:57:02,43.32958984375,-8.49903392791748,"Unknown"
"6227756",371834,2025-10-28 16:07:03,43.3295822143555,-8.49895858764648,"Unknown"
"6227756",371834,2025-10-28 16:17:04,43.3294868469238,-8.49887275695801,"Unknown"
"6227756",371834,2025-10-28 16:27:14,43.3295936584473,-8.49889278411865,"Unknown"
"6227756",371834,2025-10-28 16:37:02,43.329345703125,-8.49951553344727,"Unknown"
"6227756",371834,2025-10-28 16:47:14,43.3295631408691,-8.49895763397217,"Unknown"
"6227756",371834,2025-10-28 16:57:02,43.3296241760254,-8.49903106689453,"Unknown"
"6227756",371834,2025-10-28 17:07:02,43.3296165466309,-8.49903583526611,"Unknown"
"6227756",371834,2025-10-28 17:17:02,43.3296852111816,-8.49909019470215,"Unknown"
"6227756",371834,2025-10-28 17:27:03,43.3296813964844,-8.49906539916992,"Unknown"
"6227756",371834,2025-10-28 17:37:06,43.3295745849609,-8.49900341033936,"Unknown"
"6227756",371834,2025-10-28 17:47:09,43.3290596008301,-8.49858665466309,"Unknown"
"6227756",371834,2025-10-28 17:57:16,43.3297004699707,-8.49910736083984,"Unknown"
"6227756",371834,2025-10-28 18:07:14,43.3294410705566,-8.49896335601807,"Unknown"
"6227756",371834,2025-10-28 18:17:04,43.3290328979492,-8.4985179901123,"Unknown"
"6227756",371834,2025-10-28 18:27:03,43.3291435241699,-8.49860763549805,"Unknown"
"6227756",371834,2025-10-28 18:37:04,43.3292846679688,-8.49876880645752,"Unknown"
"6227756",371834,2025-10-28 18:47:15,43.3294372558594,-8.49913692474365,"Unknown"
"6227756",371834,2025-10-28 18:57:07,43.3293685913086,-8.49858570098877,"Unknown"
"6227756",371834,2025-10-28 19:07:14,43.3294944763184,-8.49874019622803,"Unknown"
"6227756",371834,2025-10-28 19:17:35,43.3294258117676,-8.49895668029785,"Unknown"
"6227756",371834,2025-10-28 19:27:08,43.3296928405762,-8.49894523620605,"Unknown"
"6227756",371834,2025-10-28 19:37:13,43.3294944763184,-8.49911880493164,"Unknown"
"6227756",371834,2025-10-28 19:47:35,43.3297080993652,-8.49838733673096,"Unknown"
"6227756",371834,2025-10-28 19:57:10,43.3294792175293,-8.49880504608154,"Unknown"
"6227756",371834,2025-10-28 20:07:44,43.3294105529785,-8.49893188476562,"Unknown"
"6227756",371834,2025-10-28 20:17:08,43.3293952941895,-8.49894523620605,"Unknown"
"6227756",371834,2025-10-28 20:27:05,43.3293609619141,-8.49902439117432,"Unknown"
"6227756",371834,2025-10-28 20:37:02,43.3292465209961,-8.49914264678955,"Unknown"
"6227756",371834,2025-10-28 20:47:14,43.3294715881348,-8.49895095825195,"Unknown"
"6227756",371834,2025-10-28 20:57:02,43.3292922973633,-8.49892139434814,"Unknown"
"6227756",371834,2025-10-28 21:07:09,43.3296127319336,-8.49893188476562,"Unknown"
"6227756",371834,2025-10-28 21:17:09,43.3295860290527,-8.4990234375,"Unknown"
"6227756",371834,2025-10-28 21:27:09,43.3295440673828,-8.49905204772949,"Unknown"
"6227756",371834,2025-10-28 21:37:15,43.3295860290527,-8.49899387359619,"Unknown"
"6227756",371834,2025-10-28 21:47:02,43.3294410705566,-8.49882221221924,"Unknown"
"6227756",371834,2025-10-28 21:57:03,43.3299560546875,-8.50021457672119,"Unknown"
"6227756",371834,2025-10-28 22:07:08,43.3296966552734,-8.49948883056641,"Unknown"
"6227756",371834,2025-10-28 22:17:35,43.3296165466309,-8.49894142150879,"Unknown"
"6227756",371834,2025-10-28 22:27:02,43.3295707702637,-8.49893665313721,"Unknown"
"6227756",371834,2025-10-28 22:37:01,43.3295211791992,-8.49891185760498,"Unknown"
"6227756",371834,2025-10-28 22:47:03,43.3295974731445,-8.49888706207275,"Unknown"
"6227756",371834,2025-10-28 22:57:02,43.3295364379883,-8.49897003173828,"Unknown"
"6227756",371834,2025-10-28 23:07:04,43.3296394348145,-8.4989128112793,"Unknown"
"6227756",371834,2025-10-28 23:17:02,43.3295974731445,-8.49890232086182,"Unknown"
"6227756",371834,2025-10-28 23:27:11,43.329647064209,-8.49888038635254,"Unknown"
"6227756",371834,2025-10-28 23:37:09,43.3295822143555,-8.49894714355469,"Unknown"
"6227756",371834,2025-10-28 23:47:17,43.3295669555664,-8.49892807006836,"Unknown"
"6227756",371834,2025-10-28 23:57:35,43.3294105529785,-8.49901962280273,"Unknown"
"6227756",371834,2025-10-29 00:07:01,43.3296928405762,-8.49905109405518,"Unknown"
"6227756",371834,2025-10-29 00:17:03,43.3293762207031,-8.49897193908691,"Unknown"
"6227756",371834,2025-10-29 00:27:03,43.3294219970703,-8.4989652633667,"Unknown"
"6227756",371834,2025-10-29 00:37:04,43.3294868469238,-8.49909400939941,"Unknown"
"6227756",371834,2025-10-29 00:47:09,43.3294982910156,-8.49910545349121,"Unknown"
"6227756",371834,2025-10-29 00:57:11,43.329517364502,-8.49905300140381,"Unknown"
"6227756",371834,2025-10-29 01:07:09,43.3294677734375,-8.49907684326172,"Unknown"
"6227756",371834,2025-10-29 01:17:09,43.3294982910156,-8.49916744232178,"Unknown"
"6227756",371834,2025-10-29 01:27:09,43.3294944763184,-8.499098777771,"Unknown"
"6227756",371834,2025-10-29 01:37:09,43.3295364379883,-8.49906826019287,"Unknown"
"6227756",371834,2025-10-29 01:47:35,43.3294944763184,-8.49899482727051,"Unknown"
"6227756",371834,2025-10-29 01:57:05,43.3295249938965,-8.49831581115723,"Unknown"
"6227756",371834,2025-10-29 02:07:02,43.3294906616211,-8.49892711639404,"Unknown"
"6227756",371834,2025-10-29 02:17:03,43.3295669555664,-8.49929237365723,"Unknown"
"6227756",371834,2025-10-29 02:27:05,43.3296585083008,-8.49954128265381,"Unknown"
"6227756",371834,2025-10-29 02:37:35,43.3295135498047,-8.4990177154541,"Unknown"
"6227756",371834,2025-10-29 02:47:01,43.3295516967773,-8.49903964996338,"Unknown"
"6227756",371834,2025-10-29 02:57:01,43.3294944763184,-8.49902534484863,"Unknown"
"6227756",371834,2025-10-29 03:07:01,43.3295097351074,-8.49888324737549,"Unknown"
"6227756",371834,2025-10-29 03:17:03,43.3294944763184,-8.49895668029785,"Unknown"
"6227756",371834,2025-10-29 03:27:03,43.3295059204102,-8.49901676177979,"Unknown"
"6227756",371834,2025-10-29 03:37:06,43.3292770385742,-8.49891662597656,"Unknown"
"6227756",371834,2025-10-29 03:47:07,43.3294143676758,-8.49897003173828,"Unknown"
"6227756",371834,2025-10-29 03:57:07,43.3293342590332,-8.49896144866943,"Unknown"
"6227756",371834,2025-10-29 04:07:14,43.3294143676758,-8.49908542633057,"Unknown"
"6227756",371834,2025-10-29 04:17:24,43.3290977478027,-8.49900531768799,"Unknown"
"6227756",371834,2025-10-29 04:27:35,43.3295135498047,-8.49894714355469,"Unknown"
"6227756",371834,2025-10-29 04:37:09,43.3295669555664,-8.49877834320068,"Unknown"
"6227756",371834,2025-10-29 04:47:04,43.3296279907227,-8.49878597259521,"Unknown"
"6227756",371834,2025-10-29 04:57:14,43.329475402832,-8.49900436401367,"Unknown"
"6227756",371834,2025-10-29 05:07:05,43.3295364379883,-8.49892330169678,"Unknown"
"6227756",371834,2025-10-29 05:17:03,43.3295783996582,-8.49885177612305,"Unknown"
"6227756",371834,2025-10-29 05:27:03,43.3295211791992,-8.49891757965088,"Unknown"
"6227756",371834,2025-10-29 05:37:03,43.3295974731445,-8.49898052215576,"Unknown"
"6227756",371834,2025-10-29 05:47:27,43.3294944763184,-8.49900341033936,"Unknown"
"6227756",371834,2025-10-29 05:57:21,43.3295822143555,-8.4990406036377,"Unknown"
"6227756",371834,2025-10-29 06:07:35,43.3294525146484,-8.49901008605957,"Unknown"
"6227756",371834,2025-10-29 06:17:02,43.3295021057129,-8.49899673461914,"Unknown"
"6227756",371834,2025-10-29 06:27:01,43.3293914794922,-8.49888706207275,"Unknown"
"6227756",371834,2025-10-29 06:37:02,43.3295478820801,-8.49903392791748,"Unknown"
"6227756",371834,2025-10-29 06:47:06,43.3295211791992,-8.49904346466064,"Unknown"
"6227756",371834,2025-10-29 06:57:06,43.3294639587402,-8.49892902374268,"Unknown"
"6227756",371834,2025-10-29 07:07:14,43.3294410705566,-8.49902248382568,"Unknown"
"6227756",371834,2025-10-29 07:17:07,43.3295783996582,-8.499098777771,"Unknown"
"6227756",371834,2025-10-29 07:27:09,43.3293991088867,-8.49883460998535,"Unknown"
"6227756",371834,2025-10-29 07:37:13,43.3295783996582,-8.49903297424316,"Unknown"
"6227756",371834,2025-10-29 07:47:35,43.3294982910156,-8.49901390075684,"Unknown"
"6227756",371834,2025-10-29 07:57:06,43.3294868469238,-8.49899387359619,"Unknown"
"6227756",371834,2025-10-29 08:07:06,43.3298377990723,-8.49992370605469,"Unknown"
"6227756",371834,2025-10-29 08:17:09,43.3294944763184,-8.49904441833496,"Unknown"
"6227756",371834,2025-10-29 08:27:09,43.3295211791992,-8.49903678894043,"Unknown"
"6227756",371834,2025-10-29 08:37:09,43.3295059204102,-8.49888038635254,"Unknown"
"6227756",371834,2025-10-29 08:47:09,43.329532623291,-8.49898242950439,"Unknown"
"6227756",371834,2025-10-29 08:57:09,43.3292922973633,-8.49843788146973,"Unknown"
"6227756",371834,2025-10-29 09:07:14,43.3297386169434,-8.49945449829102,"Unknown"
"6227756",371834,2025-10-29 09:17:15,43.3290596008301,-8.49814319610596,"Unknown"
"6227756",371834,2025-10-29 09:27:23,43.3292655944824,-8.49868202209473,"Unknown"
"6227756",371834,2025-10-29 09:37:14,43.3294219970703,-8.49887943267822,"Unknown"
"6227756",371834,2025-10-29 09:47:14,43.3295135498047,-8.49884796142578,"Unknown"
"6227756",371834,2025-10-29 09:57:24,43.3293151855469,-8.49877452850342,"Unknown"
"6227756",371834,2025-10-29 10:07:13,43.3295707702637,-8.49919033050537,"Unknown"
"6227756",371834,2025-10-29 10:17:35,43.3294792175293,-8.49900436401367,"Unknown"
"6227756",371834,2025-10-29 10:27:06,43.3294486999512,-8.49893665313721,"Unknown"
"6227756",371834,2025-10-29 10:37:05,43.329532623291,-8.49908638000488,"Unknown"
"6227756",371834,2025-10-29 10:47:09,43.3295364379883,-8.4989767074585,"Unknown"
"6227756",371834,2025-10-29 10:57:16,43.3295135498047,-8.49893760681152,"Unknown"
"6227756",371834,2025-10-29 11:07:26,43.329517364502,-8.49890041351318,"Unknown"
"6227756",371834,2025-10-29 11:17:35,43.329475402832,-8.49897003173828,"Unknown"
"6227756",371834,2025-10-29 11:27:02,43.3294792175293,-8.4990234375,"Unknown"
"6227756",371834,2025-10-29 11:37:04,43.3294715881348,-8.49895763397217,"Unknown"
"6227756",371834,2025-10-29 11:47:02,43.3294639587402,-8.49902248382568,"Unknown"
"6227756",371834,2025-10-29 11:57:02,43.3294563293457,-8.49903964996338,"Unknown"
"6227756",371834,2025-10-29 12:07:02,43.3295288085938,-8.49897480010986,"Unknown"
"6227756",371834,2025-10-29 12:17:03,43.3294639587402,-8.49898719787598,"Unknown"
"6227756",371834,2025-10-29 12:27:04,43.32958984375,-8.49896240234375,"Unknown"
"6227756",371834,2025-10-29 12:37:06,43.3295402526855,-8.49899196624756,"Unknown"
"6227756",371834,2025-10-29 12:47:04,43.3296279907227,-8.49907207489014,"Unknown"
"6227756",371834,2025-10-29 12:57:06,43.3293075561523,-8.49868869781494,"Unknown"
"6227756",371834,2025-10-29 13:07:29,43.3295021057129,-8.49906635284424,"Unknown"
"6227756",371834,2025-10-29 13:17:35,43.3295021057129,-8.49897289276123,"Unknown"
"6227756",371834,2025-10-29 13:27:09,43.3295249938965,-8.49896430969238,"Unknown"
"6227756",371834,2025-10-29 13:37:03,43.3295021057129,-8.49882793426514,"Unknown"
"6227756",371834,2025-10-29 13:47:03,43.3294563293457,-8.49892807006836,"Unknown"
"6227756",371834,2025-10-29 13:57:03,43.3295707702637,-8.49892711639404,"Unknown"
"6227756",371834,2025-10-29 14:07:04,43.3295135498047,-8.49898052215576,"Unknown"
"6227756",371834,2025-10-29 14:17:03,43.3294982910156,-8.49915981292725,"Unknown"
"6227756",371834,2025-10-29 14:27:33,43.3294525146484,-8.49900817871094,"Unknown"
"6227756",371834,2025-10-29 14:37:01,43.3294563293457,-8.49900436401367,"Unknown"
"6227756",371834,2025-10-29 14:47:01,43.3293991088867,-8.49907875061035,"Unknown"
"6227756",371834,2025-10-29 14:57:03,43.329402923584,-8.49902153015137,"Unknown"
"6227756",371834,2025-10-29 15:07:09,43.3294143676758,-8.49902534484863,"Unknown"
"6227756",371834,2025-10-29 15:17:04,43.3293952941895,-8.49902820587158,"Unknown"
"6227756",371834,2025-10-29 15:27:14,43.3294868469238,-8.49904632568359,"Unknown"
"6227756",371834,2025-10-29 15:37:04,43.3295097351074,-8.49901962280273,"Unknown"
"6227756",371834,2025-10-29 15:47:44,43.3294792175293,-8.49901866912842,"Unknown"
"6227756",371834,2025-10-29 15:57:03,43.3291816711426,-8.49902820587158,"Unknown"
"6227756",371834,2025-10-29 16:07:04,43.329402923584,-8.49898910522461,"Unknown"
"6227756",371834,2025-10-29 16:17:06,43.3293724060059,-8.49901390075684,"Unknown"
"6227756",371834,2025-10-29 16:27:08,43.3293838500977,-8.49898338317871,"Unknown"
"6227756",371834,2025-10-29 16:37:14,43.3294067382812,-8.4989538192749,"Unknown"
"6227756",371834,2025-10-29 16:47:02,43.329418182373,-8.49892807006836,"Unknown"
"6227756",371834,2025-10-29 16:57:03,43.3294296264648,-8.49891471862793,"Unknown"
"6227756",371834,2025-10-29 17:07:02,43.3295249938965,-8.49904537200928,"Unknown"
"6227756",371834,2025-10-29 17:17:02,43.3294830322266,-8.49887084960938,"Unknown"
"6227756",371834,2025-10-29 17:27:07,43.3294143676758,-8.49891185760498,"Unknown"
"6227756",371834,2025-10-29 17:37:11,43.3294105529785,-8.49892520904541,"Unknown"
"6227756",371834,2025-10-29 17:47:14,43.3294677734375,-8.49889755249023,"Unknown"
"6227756",371834,2025-10-29 17:57:09,43.3295402526855,-8.4988317489624,"Unknown"
"6227756",371834,2025-10-29 18:07:22,43.3294677734375,-8.49894237518311,"Unknown"
"6227756",371834,2025-10-29 18:17:17,43.329402923584,-8.49893188476562,"Unknown"
"6227756",371834,2025-10-29 18:27:12,43.3293228149414,-8.4989185333252,"Unknown"
"6227756",371834,2025-10-29 18:37:12,43.3294372558594,-8.49887180328369,"Unknown"
"6227756",371834,2025-10-29 18:47:35,43.3295021057129,-8.49894332885742,"Unknown"
"6227756",371834,2025-10-29 18:57:09,43.3294982910156,-8.49892234802246,"Unknown"
"6227756",371834,2025-10-29 19:07:06,43.3295021057129,-8.49901676177979,"Unknown"
"6227756",371834,2025-10-29 19:17:14,43.3296508789062,-8.49908828735352,"Unknown"
"6227756",371834,2025-10-29 19:27:01,43.3294830322266,-8.49912929534912,"Unknown"
"6227756",371834,2025-10-29 19:37:02,43.3296089172363,-8.49925708770752,"Unknown"
"6227756",371834,2025-10-29 19:47:12,43.3295288085938,-8.49890518188477,"Unknown"
"6227756",371834,2025-10-29 19:57:09,43.3294334411621,-8.4987678527832,"Unknown"
"6227756",371834,2025-10-29 20:07:09,43.3293876647949,-8.49863529205322,"Unknown"
"6227756",371834,2025-10-29 20:17:14,43.3295440673828,-8.49922657012939,"Unknown"
"6227756",371834,2025-10-29 20:27:02,43.3295974731445,-8.49941825866699,"Unknown"
"6227756",371834,2025-10-29 20:37:04,43.3296775817871,-8.49957656860352,"Unknown"
"6227756",371834,2025-10-29 20:47:14,43.3296279907227,-8.49941825866699,"Unknown"
"6227756",371834,2025-10-29 20:57:14,43.329418182373,-8.4988956451416,"Unknown"
"6227756",371834,2025-10-29 21:07:06,43.3294334411621,-8.49886703491211,"Unknown"
"6227756",371834,2025-10-29 21:17:09,43.3294677734375,-8.49897480010986,"Unknown"
"6227756",371834,2025-10-29 21:27:07,43.3294372558594,-8.4987096786499,"Unknown"
"6227756",371834,2025-10-29 21:37:06,43.3295364379883,-8.49875068664551,"Unknown"
"6227756",371834,2025-10-29 21:47:35,43.3294448852539,-8.49896144866943,"Unknown"
"6227756",371834,2025-10-29 21:57:02,43.3293991088867,-8.49890327453613,"Unknown"
"6227756",371834,2025-10-29 22:07:06,43.3294563293457,-8.49893474578857,"Unknown"
"6227756",371834,2025-10-29 22:17:09,43.3294143676758,-8.49900341033936,"Unknown"
"6227756",371834,2025-10-29 22:27:10,43.3294296264648,-8.49912929534912,"Unknown"
"6227756",371834,2025-10-29 22:37:10,43.3295097351074,-8.49917030334473,"Unknown"
"6227756",371834,2025-10-29 22:47:09,43.3294792175293,-8.49897766113281,"Unknown"
"6227756",371834,2025-10-29 22:57:07,43.3294715881348,-8.49909210205078,"Unknown"
"6227756",371834,2025-10-29 23:07:09,43.3294982910156,-8.49896430969238,"Unknown"
"6227756",371834,2025-10-29 23:17:09,43.3293533325195,-8.49919128417969,"Unknown"
"6227756",371834,2025-10-29 23:27:10,43.3296356201172,-8.49842739105225,"Unknown"
"6227756",371834,2025-10-29 23:37:21,43.3295745849609,-8.49881649017334,"Unknown"
"6227756",371834,2025-10-29 23:47:35,43.3294143676758,-8.49897289276123,"Unknown"
"6227756",371834,2025-10-29 23:57:02,43.3293647766113,-8.4989595413208,"Unknown"
"6227756",371834,2025-10-30 00:07:02,43.3294486999512,-8.49899196624756,"Unknown"
"6227756",371834,2025-10-30 00:17:03,43.3294868469238,-8.49900245666504,"Unknown"
"6227756",371834,2025-10-30 00:27:03,43.3294639587402,-8.49899196624756,"Unknown"
"6227756",371834,2025-10-30 00:37:16,43.3294410705566,-8.49903106689453,"Unknown"
"6227756",371834,2025-10-30 00:47:09,43.3293876647949,-8.49902534484863,"Unknown"
"6227756",371834,2025-10-30 00:57:09,43.3293991088867,-8.49904155731201,"Unknown"
"6227756",371834,2025-10-30 01:07:09,43.3294868469238,-8.49921321868896,"Unknown"
"6227756",371834,2025-10-30 01:17:35,43.329460144043,-8.49901103973389,"Unknown"
"6227756",371834,2025-10-30 01:27:02,43.3295860290527,-8.49938774108887,"Unknown"
"6227756",371834,2025-10-30 01:37:09,43.3295936584473,-8.49903106689453,"Unknown"
"6227756",371834,2025-10-30 01:47:08,43.3295860290527,-8.49901866912842,"Unknown"
"6227756",371834,2025-10-30 01:57:08,43.3295516967773,-8.4990119934082,"Unknown"
"6227756",371834,2025-10-30 02:07:09,43.3295707702637,-8.49895763397217,"Unknown"
"6227756",371834,2025-10-30 02:17:12,43.3294944763184,-8.49899196624756,"Unknown"
"6227756",371834,2025-10-30 02:27:18,43.3295211791992,-8.49905681610107,"Unknown"
"6227756",371834,2025-10-30 02:37:35,43.3295021057129,-8.49900150299072,"Unknown"
"6227756",371834,2025-10-30 02:47:02,43.3294219970703,-8.49886226654053,"Unknown"
"6227756",371834,2025-10-30 02:57:02,43.3295555114746,-8.49888896942139,"Unknown"
"6227756",371834,2025-10-30 03:07:03,43.3295135498047,-8.4990234375,"Unknown"
"6227756",371834,2025-10-30 03:17:07,43.3294792175293,-8.49892616271973,"Unknown"
"6227756",371834,2025-10-30 03:27:05,43.329532623291,-8.4989709854126,"Unknown"
"6227756",371834,2025-10-30 03:37:02,43.329460144043,-8.49905395507812,"Unknown"
"6227756",371834,2025-10-30 03:47:07,43.3293724060059,-8.49894332885742,"Unknown"
"6227756",371834,2025-10-30 03:57:49,43.3295097351074,-8.49897480010986,"Unknown"
"6227756",371834,2025-10-30 04:07:12,43.3294563293457,-8.49917507171631,"Unknown"
"6227756",371834,2025-10-30 04:17:17,43.3301963806152,-8.4976692199707,"Unknown"
"6227756",371834,2025-10-30 04:27:35,43.3294105529785,-8.49901580810547,"Unknown"
"6227756",371834,2025-10-30 04:37:19,43.3295860290527,-8.49892330169678,"Unknown"
"6227756",371834,2025-10-30 04:47:35,43.3292503356934,-8.49907493591309,"Unknown"
"6227756",371834,2025-10-30 04:57:03,43.3293876647949,-8.49887943267822,"Unknown"
"6227756",371834,2025-10-30 05:07:05,43.3293991088867,-8.49886417388916,"Unknown"
"6227756",371834,2025-10-30 05:17:05,43.3294448852539,-8.49876976013184,"Unknown"
"6227756",371834,2025-10-30 05:27:02,43.3295478820801,-8.49889469146729,"Unknown"
"6227756",371834,2025-10-30 05:37:35,43.3294639587402,-8.49904537200928,"Unknown"
"6227756",371834,2025-10-30 05:47:01,43.3294792175293,-8.49905490875244,"Unknown"
"6227756",371834,2025-10-30 05:57:03,43.3294448852539,-8.49902534484863,"Unknown"
"6227756",371834,2025-10-30 06:07:05,43.3294258117676,-8.49893856048584,"Unknown"
"6227756",371834,2025-10-30 06:17:03,43.3294563293457,-8.49899482727051,"Unknown"
"6227756",371834,2025-10-30 06:27:02,43.3295249938965,-8.49899864196777,"Unknown"
"6227756",371834,2025-10-30 06:37:03,43.3294639587402,-8.49897289276123,"Unknown"
"6227756",371834,2025-10-30 06:47:14,43.329517364502,-8.49902248382568,"Unknown"
"6227756",371834,2025-10-30 06:57:08,43.329460144043,-8.49911880493164,"Unknown"
"6227756",371834,2025-10-30 07:07:05,43.3294944763184,-8.49910736083984,"Unknown"
"6227756",371834,2025-10-30 07:17:08,43.3295211791992,-8.49903202056885,"Unknown"
"6227756",371834,2025-10-30 07:27:08,43.3294715881348,-8.49895572662354,"Unknown"
"6227756",371834,2025-10-30 07:37:36,43.3295097351074,-8.49897956848145,"Unknown"
"6227756",371834,2025-10-30 07:47:01,43.3294639587402,-8.49902534484863,"Unknown"
"6227756",371834,2025-10-30 07:57:01,43.3295211791992,-8.49902725219727,"Unknown"
"6227756",371834,2025-10-30 08:07:01,43.3294792175293,-8.49897289276123,"Unknown"
"6227756",371834,2025-10-30 08:17:01,43.3294525146484,-8.49906444549561,"Unknown"
"6227756",371834,2025-10-30 08:27:01,43.3295059204102,-8.49896430969238,"Unknown"
"6227756",371834,2025-10-30 08:37:03,43.3294830322266,-8.49899864196777,"Unknown"
"6227756",371834,2025-10-30 08:47:03,43.3294830322266,-8.49895000457764,"Unknown"
"6227756",371834,2025-10-30 08:57:03,43.3294868469238,-8.49899005889893,"Unknown"
"6227756",371834,2025-10-30 09:07:03,43.3296966552734,-8.4991283416748,"Unknown"
"6227756",371834,2025-10-30 09:17:09,43.3294296264648,-8.49890995025635,"Unknown"
"6227756",371834,2025-10-30 09:27:14,43.3294258117676,-8.49893379211426,"Unknown"
"6227756",371834,2025-10-30 09:37:06,43.3293838500977,-8.49888038635254,"Unknown"
"6227756",371834,2025-10-30 09:47:35,43.3294944763184,-8.49898910522461,"Unknown"
"6227756",371834,2025-10-30 09:57:07,43.3294944763184,-8.49901485443115,"Unknown"
"6227756",371834,2025-10-30 10:07:07,43.3291244506836,-8.498366355896,"Unknown"
"6227756",371834,2025-10-30 10:17:35,43.3294868469238,-8.49900531768799,"Unknown"
"6227756",371834,2025-10-30 10:27:01,43.3294868469238,-8.49892616271973,"Unknown"
"6227756",371834,2025-10-30 10:37:01,43.3294448852539,-8.49896907806396,"Unknown"
"6227756",371834,2025-10-30 10:47:01,43.3295249938965,-8.49890995025635,"Unknown"
"6227756",371834,2025-10-30 10:57:02,43.3294563293457,-8.49899196624756,"Unknown"
"6227756",371834,2025-10-30 11:07:02,43.3294563293457,-8.49887752532959,"Unknown"
"6227756",371834,2025-10-30 11:17:01,43.3294677734375,-8.49879550933838,"Unknown"
"6227756",371834,2025-10-30 11:27:02,43.3294334411621,-8.49881744384766,"Unknown"
"6227756",371834,2025-10-30 11:37:03,43.3294944763184,-8.49881744384766,"Unknown"
"6227756",371834,2025-10-30 11:47:10,43.3294563293457,-8.4989652633667,"Unknown"
"6227756",371834,2025-10-30 11:57:35,43.3294830322266,-8.49899291992188,"Unknown"
"6227756",371834,2025-10-30 12:07:01,43.3294944763184,-8.4989767074585,"Unknown"
"6227756",371834,2025-10-30 12:17:02,43.329231262207,-8.49884796142578,"Unknown"
"6227756",371834,2025-10-30 12:27:01,43.3293571472168,-8.49889850616455,"Unknown"
"6227756",371834,2025-10-30 12:37:02,43.3296966552734,-8.49918746948242,"Unknown"
"6227756",371834,2025-10-30 12:47:02,43.3293838500977,-8.49890518188477,"Unknown"
"6227756",371834,2025-10-30 12:57:13,43.3294677734375,-8.49897003173828,"Unknown"
"6227756",371834,2025-10-30 13:07:02,43.3295669555664,-8.49889469146729,"Unknown"
"6227756",371834,2025-10-30 13:17:02,43.3293914794922,-8.49906253814697,"Unknown"
"6227756",371834,2025-10-30 13:27:03,43.3294448852539,-8.49898529052734,"Unknown"
"6227756",371834,2025-10-30 13:37:03,43.3295059204102,-8.49879455566406,"Unknown"
"6227756",371834,2025-10-30 13:47:02,43.3294410705566,-8.49931049346924,"Unknown"
"6227756",371834,2025-10-30 13:57:04,43.3299674987793,-8.4950647354126,"Unknown"
"6227756",371834,2025-10-30 14:07:02,43.3294830322266,-8.49931907653809,"Unknown"
"6227756",371834,2025-10-30 14:17:12,43.3294982910156,-8.49897480010986,"Unknown"
"6227756",371834,2025-10-30 14:27:05,43.3295478820801,-8.49893188476562,"Unknown"
"6227756",371834,2025-10-30 14:37:05,43.3295707702637,-8.4989538192749,"Unknown"
"6227756",371834,2025-10-30 14:47:35,43.3294715881348,-8.4990177154541,"Unknown"
"6227756",371834,2025-10-30 14:57:01,43.3295135498047,-8.49893665313721,"Unknown"
"6227756",371834,2025-10-30 15:07:01,43.3295631408691,-8.49908924102783,"Unknown"
"6227756",371834,2025-10-30 15:17:01,43.329532623291,-8.49905204772949,"Unknown"
"6227756",371834,2025-10-30 15:27:01,43.3295745849609,-8.49894142150879,"Unknown"
"6227756",371834,2025-10-30 15:37:01,43.329532623291,-8.4990930557251,"Unknown"
"6227756",371834,2025-10-30 15:47:03,43.3295211791992,-8.49897766113281,"Unknown"
"6227756",371834,2025-10-30 15:57:14,43.3295478820801,-8.49894046783447,"Unknown"
"6227756",371834,2025-10-30 16:07:03,43.329662322998,-8.49887657165527,"Unknown"
"6227756",371834,2025-10-30 16:17:07,43.3296279907227,-8.49892044067383,"Unknown"
"6227756",371834,2025-10-30 16:27:05,43.3295745849609,-8.49895477294922,"Unknown"
"6227756",371834,2025-10-30 16:37:13,43.329517364502,-8.4989538192749,"Unknown"
"6227756",371834,2025-10-30 16:47:02,43.3296089172363,-8.49901485443115,"Unknown"
"6227756",371834,2025-10-30 16:57:02,43.3296966552734,-8.49906444549561,"Unknown"
"6227756",371834,2025-10-30 17:07:01,43.3295288085938,-8.49907875061035,"Unknown"
"6227756",371834,2025-10-30 17:17:06,43.3296356201172,-8.49894714355469,"Unknown"
"6227756",371834,2025-10-30 17:27:01,43.3296356201172,-8.49913215637207,"Unknown"
"6227756",371834,2025-10-30 17:37:06,43.3295211791992,-8.49898815155029,"Unknown"
"6227756",371834,2025-10-30 17:47:14,43.3296394348145,-8.49905490875244,"Unknown"
"6227756",371834,2025-10-30 17:57:08,43.3297882080078,-8.49923229217529,"Unknown"
"6227756",371834,2025-10-30 18:07:08,43.3296432495117,-8.49907875061035,"Unknown"
"6227756",371834,2025-10-30 18:17:08,43.3296432495117,-8.49904537200928,"Unknown"
"6227756",371834,2025-10-30 18:27:08,43.3292846679688,-8.49863338470459,"Unknown"
"6227756",371834,2025-10-30 18:37:18,43.32958984375,-8.49906921386719,"Unknown"
"6227756",371834,2025-10-30 18:47:35,43.3295364379883,-8.49893856048584,"Unknown"
"6227756",371834,2025-10-30 18:57:08,43.329532623291,-8.49895477294922,"Unknown"
"6227756",371834,2025-10-30 19:07:08,43.3295249938965,-8.49890613555908,"Unknown"
"6227756",371834,2025-10-30 19:17:08,43.3295516967773,-8.49901962280273,"Unknown"
"6227756",371834,2025-10-30 19:27:09,43.3295478820801,-8.49896621704102,"Unknown"
"6227756",371834,2025-10-30 19:37:12,43.3294868469238,-8.49892997741699,"Unknown"
"6227756",371834,2025-10-30 19:47:02,43.3295745849609,-8.49918746948242,"Unknown"
"6227756",371834,2025-10-30 19:57:01,43.3295364379883,-8.49893379211426,"Unknown"
"6227756",371834,2025-10-30 20:07:01,43.3295288085938,-8.49891662597656,"Unknown"
"6227756",371834,2025-10-30 20:17:01,43.3295822143555,-8.49897861480713,"Unknown"
"6227756",371834,2025-10-30 20:27:08,43.3294067382812,-8.4989070892334,"Unknown"
"6227756",371834,2025-10-30 20:37:35,43.329460144043,-8.49899291992188,"Unknown"
"6227756",371834,2025-10-30 20:47:02,43.3294677734375,-8.49907207489014,"Unknown"
"6227756",371834,2025-10-30 20:57:04,43.3294219970703,-8.4988842010498,"Unknown"
"6227756",371834,2025-10-30 21:07:05,43.3294868469238,-8.49906539916992,"Unknown"
"6227756",371834,2025-10-30 21:17:04,43.3295402526855,-8.49903774261475,"Unknown"
"6227756",371834,2025-10-30 21:27:03,43.3295593261719,-8.49904727935791,"Unknown"
"6227756",371834,2025-10-30 21:37:04,43.3295478820801,-8.49904918670654,"Unknown"
"6227756",371834,2025-10-30 21:47:04,43.3294677734375,-8.49897193908691,"Unknown"
"6227756",371834,2025-10-30 21:57:04,43.3295555114746,-8.49907970428467,"Unknown"
"6227756",371834,2025-10-30 22:07:04,43.3296012878418,-8.49861526489258,"Unknown"
"6227756",371834,2025-10-30 22:17:04,43.329662322998,-8.49892616271973,"Unknown"
"6227756",371834,2025-10-30 22:27:03,43.3295936584473,-8.49885177612305,"Unknown"
"6227756",371834,2025-10-30 22:37:04,43.3296165466309,-8.49885368347168,"Unknown"
"6227756",371834,2025-10-30 22:47:03,43.3297691345215,-8.49884796142578,"Unknown"
"6227756",371834,2025-10-30 22:57:04,43.3298377990723,-8.49878883361816,"Unknown"
"6227756",371834,2025-10-30 23:07:05,43.3297843933105,-8.49889183044434,"Unknown"
"6227756",371834,2025-10-30 23:17:13,43.3299865722656,-8.49897289276123,"Unknown"
"6227756",371834,2025-10-30 23:27:15,43.3298034667969,-8.49902153015137,"Unknown"
"6227756",371834,2025-10-30 23:37:22,43.3290557861328,-8.49863052368164,"Unknown"
"6227756",371834,2025-10-30 23:47:13,43.3293952941895,-8.49859619140625,"Unknown"
"6227756",371834,2025-10-30 23:57:13,43.3293685913086,-8.49848651885986,"Unknown"
"6227756",371834,2025-10-31 00:07:11,43.329475402832,-8.49882125854492,"Unknown"
"6227756",371834,2025-10-31 00:17:07,43.3294258117676,-8.49880790710449,"Unknown"
"6227756",371834,2025-10-31 00:27:11,43.32958984375,-8.49902725219727,"Unknown"
"6227756",371834,2025-10-31 00:37:30,43.329475402832,-8.49877548217773,"Unknown"
"6227756",371834,2025-10-31 00:47:41,43.3294563293457,-8.49903011322021,"Unknown"
"6227756",371834,2025-10-31 00:57:06,43.3294105529785,-8.49897861480713,"Unknown"
"6227756",371834,2025-10-31 01:07:04,43.3292846679688,-8.50008869171143,"Unknown"
"6227756",371834,2025-10-31 01:17:05,43.3293647766113,-8.49895286560059,"Unknown"
"6227756",371834,2025-10-31 01:27:04,43.3295135498047,-8.49888515472412,"Unknown"
"6227756",371834,2025-10-31 01:37:08,43.3292694091797,-8.49879169464111,"Unknown"
"6227756",371834,2025-10-31 01:47:05,43.3296356201172,-8.49866199493408,"Unknown"
"6227756",371834,2025-10-31 01:57:06,43.3295211791992,-8.49891185760498,"Unknown"
"6227756",371834,2025-10-31 02:07:05,43.3296699523926,-8.49896717071533,"Unknown"
"6227756",371834,2025-10-31 02:17:06,43.3294830322266,-8.49874973297119,"Unknown"
"6227756",371834,2025-10-31 02:27:04,43.3295364379883,-8.49871253967285,"Unknown"
"6227756",371834,2025-10-31 02:37:04,43.3294143676758,-8.49875545501709,"Unknown"
"6227756",371834,2025-10-31 02:47:04,43.3296318054199,-8.49872970581055,"Unknown"
"6227756",371834,2025-10-31 02:57:04,43.3295364379883,-8.49883460998535,"Unknown"
"6227756",371834,2025-10-31 03:07:06,43.3293380737305,-8.49860095977783,"Unknown"
"6227756",371834,2025-10-31 03:17:14,43.3295364379883,-8.49883556365967,"Unknown"
"6227756",371834,2025-10-31 03:27:11,43.3293762207031,-8.49862670898438,"Unknown"
"6227756",371834,2025-10-31 03:37:09,43.3294677734375,-8.49891948699951,"Unknown"
"6227756",371834,2025-10-31 03:47:13,43.3296432495117,-8.49878978729248,"Unknown"
"6227756",371834,2025-10-31 03:57:15,43.3294372558594,-8.49886512756348,"Unknown"
"6227756",371834,2025-10-31 04:07:24,43.329044342041,-8.4989709854126,"Unknown"
"6227756",371834,2025-10-31 04:17:19,43.3294486999512,-8.49898624420166,"Unknown"
"6227756",371834,2025-10-31 04:27:12,43.3295097351074,-8.49860095977783,"Unknown"
"6227756",371834,2025-10-31 04:37:16,43.3297119140625,-8.49897575378418,"Unknown"
"6227756",371834,2025-10-31 04:47:13,43.3296966552734,-8.49866104125977,"Unknown"
"6227756",371834,2025-10-31 04:57:13,43.329647064209,-8.4987325668335,"Unknown"
"6227756",371834,2025-10-31 05:07:11,43.3294982910156,-8.49902153015137,"Unknown"
"6227756",371834,2025-10-31 05:17:37,43.3298149108887,-8.49836826324463,"Unknown"
"6227756",371834,2025-10-31 05:27:36,43.3293151855469,-8.49925231933594,"Unknown"
"6227756",371834,2025-10-31 05:37:04,43.3295364379883,-8.4989013671875,"Unknown"
"6227756",371834,2025-10-31 05:47:04,43.329833984375,-8.49845695495605,"Unknown"
"6227756",371834,2025-10-31 05:57:06,43.3294944763184,-8.4989709854126,"Unknown"
"6227756",371834,2025-10-31 06:07:06,43.3294372558594,-8.49901676177979,"Unknown"
"6227756",371834,2025-10-31 06:17:04,43.3294792175293,-8.49906444549561,"Unknown"
"6227756",371834,2025-10-31 06:27:06,43.329402923584,-8.49896335601807,"Unknown"
"6227756",371834,2025-10-31 06:37:11,43.3293418884277,-8.49908351898193,"Unknown"
"6227756",371834,2025-10-31 06:47:06,43.3290367126465,-8.49896907806396,"Unknown"
"6227756",371834,2025-10-31 06:57:05,43.329418182373,-8.49901390075684,"Unknown"
"6227756",371834,2025-10-31 07:07:05,43.3294372558594,-8.49903964996338,"Unknown"
"6227756",371834,2025-10-31 07:17:05,43.3295135498047,-8.49900817871094,"Unknown"
"6227756",371834,2025-10-31 07:27:04,43.329532623291,-8.49897384643555,"Unknown"
"6227756",371834,2025-10-31 07:37:04,43.3295783996582,-8.49898624420166,"Unknown"
"6227756",371834,2025-10-31 07:47:04,43.3294830322266,-8.49908924102783,"Unknown"
"6227756",371834,2025-10-31 07:57:04,43.329517364502,-8.49907684326172,"Unknown"
"6227756",371834,2025-10-31 08:07:08,43.3295783996582,-8.4991397857666,"Unknown"
"6227756",371834,2025-10-31 08:17:06,43.3295860290527,-8.49911975860596,"Unknown"
"6227756",371834,2025-10-31 08:27:06,43.3295974731445,-8.4991569519043,"Unknown"
"6227756",371834,2025-10-31 08:37:07,43.3295211791992,-8.4990291595459,"Unknown"
"6227756",371834,2025-10-31 08:47:08,43.3295097351074,-8.49913501739502,"Unknown"
"6227756",371834,2025-10-31 08:57:04,43.3294677734375,-8.49924373626709,"Unknown"
"6227756",371834,2025-10-31 09:07:04,43.3294448852539,-8.49915790557861,"Unknown"
"6227756",371834,2025-10-31 09:17:06,43.3294448852539,-8.49916648864746,"Unknown"
"6227756",371834,2025-10-31 09:27:05,43.3293800354004,-8.49897575378418,"Unknown"
"6227756",371834,2025-10-31 09:37:06,43.3293762207031,-8.49894237518311,"Unknown"
"6227756",371834,2025-10-31 09:47:05,43.3293037414551,-8.49880123138428,"Unknown"
"6227756",371834,2025-10-31 09:57:06,43.3295059204102,-8.49907302856445,"Unknown"
"6227756",371834,2025-10-31 10:07:08,43.3294525146484,-8.4990348815918,"Unknown"
"6227756",371834,2025-10-31 10:17:04,43.3295516967773,-8.49909496307373,"Unknown"
"6227756",371834,2025-10-31 10:27:04,43.3295478820801,-8.49908447265625,"Unknown"
"6227756",371834,2025-10-31 10:37:04,43.3293952941895,-8.49924373626709,"Unknown"
"6227756",371834,2025-10-31 10:47:06,43.3292083740234,-8.49931049346924,"Unknown"
"6227756",371834,2025-10-31 10:57:04,43.3294296264648,-8.4991340637207,"Unknown"
"6227756",371834,2025-10-31 11:07:07,43.3293266296387,-8.49914741516113,"Unknown"
"6227756",371834,2025-10-31 11:17:04,43.3293533325195,-8.49917030334473,"Unknown"
"6227756",371834,2025-10-31 11:27:04,43.3292541503906,-8.49909400939941,"Unknown"
"6227756",371834,2025-10-31 11:37:04,43.3293113708496,-8.49905109405518,"Unknown"
"6227756",371834,2025-10-31 11:47:04,43.3292846679688,-8.49909400939941,"Unknown"
"6227756",371834,2025-10-31 11:57:04,43.3293151855469,-8.49896049499512,"Unknown"
"6227756",371834,2025-10-31 12:07:04,43.3292617797852,-8.49895477294922,"Unknown"
"6227756",371834,2025-10-31 12:17:04,43.3291816711426,-8.49872589111328,"Unknown"
"6227756",371834,2025-10-31 12:27:06,43.3292121887207,-8.49868679046631,"Unknown"
"6227756",371834,2025-10-31 12:37:06,43.3291625976562,-8.49855899810791,"Unknown"
"6227756",371834,2025-10-31 12:47:06,43.3292121887207,-8.49855422973633,"Unknown"
"6227756",371834,2025-10-31 12:57:07,43.3296966552734,-8.49794673919678,"Unknown"
"6227756",371834,2025-10-31 13:07:06,43.3297004699707,-8.49850940704346,"Unknown"
"6227756",371834,2025-10-31 13:17:06,43.3297004699707,-8.49859046936035,"Unknown"
"6227756",371834,2025-10-31 13:27:06,43.3295249938965,-8.49885272979736,"Unknown"
"6227756",371834,2025-10-31 13:37:06,43.3295249938965,-8.4988431930542,"Unknown"
"6227756",371834,2025-10-31 13:47:06,43.3295211791992,-8.49889469146729,"Unknown"
"6227756",371834,2025-10-31 13:57:04,43.3295249938965,-8.49878883361816,"Unknown"
"6227756",371834,2025-10-31 14:07:04,43.3295059204102,-8.49885272979736,"Unknown"
"6227756",371834,2025-10-31 14:17:04,43.3294677734375,-8.49888515472412,"Unknown"
"6227756",371834,2025-10-31 14:27:04,43.3294219970703,-8.49896049499512,"Unknown"
"6227756",371834,2025-10-31 14:37:05,43.3295135498047,-8.49891471862793,"Unknown"
"6227756",371834,2025-10-31 14:47:04,43.3295669555664,-8.4988489151001,"Unknown"
"6227756",371834,2025-10-31 14:57:04,43.329532623291,-8.49884510040283,"Unknown"
"6227756",371834,2025-10-31 15:07:05,43.3296356201172,-8.49894046783447,"Unknown"
"6227756",371834,2025-10-31 15:17:04,43.32958984375,-8.49896430969238,"Unknown"
"6227756",371834,2025-10-31 15:27:04,43.3297653198242,-8.49932479858398,"Unknown"
"6227756",371834,2025-10-31 15:37:05,43.3297004699707,-8.49903964996338,"Unknown"
"6227756",371834,2025-10-31 15:47:05,43.3297576904297,-8.49913024902344,"Unknown"
"6227756",371834,2025-10-31 15:57:13,43.3297729492188,-8.49864292144775,"Unknown"
"6227756",371834,2025-10-31 16:07:09,43.3294372558594,-8.49877452850342,"Unknown"
"6227756",371834,2025-10-31 16:17:07,43.3296699523926,-8.49871635437012,"Unknown"
"6227756",371834,2025-10-31 16:27:04,43.3295516967773,-8.49875736236572,"Unknown"
"6227756",371834,2025-10-31 16:37:04,43.3295516967773,-8.49869251251221,"Unknown"
"6227756",371834,2025-10-31 16:47:04,43.3295021057129,-8.4987735748291,"Unknown"
"6227756",371834,2025-10-31 16:57:05,43.3294715881348,-8.49878406524658,"Unknown"
"6227756",371834,2025-10-31 17:07:04,43.329475402832,-8.4988431930542,"Unknown"
"6227756",371834,2025-10-31 17:17:04,43.329475402832,-8.49878215789795,"Unknown"
"6227756",371834,2025-10-31 17:27:04,43.3294486999512,-8.4987325668335,"Unknown"
"6227756",371834,2025-10-31 17:37:04,43.3294792175293,-8.49880790710449,"Unknown"
"6227756",371834,2025-10-31 17:47:05,43.329719543457,-8.49907970428467,"Unknown"
"6227756",371834,2025-10-31 17:57:05,43.3294486999512,-8.49889850616455,"Unknown"
"6227756",371834,2025-10-31 18:07:04,43.3295288085938,-8.49886512756348,"Unknown"
"6227756",371834,2025-10-31 18:17:05,43.3295249938965,-8.49859142303467,"Unknown"
"6227756",371834,2025-10-31 18:27:05,43.3294906616211,-8.49846076965332,"Unknown"
"6227756",371834,2025-10-31 18:37:06,43.3296661376953,-8.49863529205322,"Unknown"
"6227756",371834,2025-10-31 18:47:10,43.3297271728516,-8.49886798858643,"Unknown"
"6227756",371834,2025-10-31 18:57:11,43.3297386169434,-8.49886417388916,"Unknown"
"6227756",371834,2025-10-31 19:07:09,43.3297119140625,-8.49891090393066,"Unknown"
"6227756",371834,2025-10-31 19:17:06,43.3298377990723,-8.49904537200928,"Unknown"
"6227756",371834,2025-10-31 19:27:11,43.3298454284668,-8.4990291595459,"Unknown"
"6227756",371834,2025-10-31 19:37:04,43.3297958374023,-8.49889945983887,"Unknown"
"6227756",371834,2025-10-31 19:47:04,43.3296775817871,-8.49924278259277,"Unknown"
"6227756",371834,2025-10-31 19:57:04,43.3296661376953,-8.49922752380371,"Unknown"
"6227756",371834,2025-10-31 20:07:04,43.3296966552734,-8.49925327301025,"Unknown"
"6227756",371834,2025-10-31 20:17:04,43.3296508789062,-8.49909210205078,"Unknown"
"6227756",371834,2025-10-31 20:27:04,43.329647064209,-8.49915790557861,"Unknown"
"6227756",371834,2025-10-31 20:37:04,43.3294906616211,-8.49901008605957,"Unknown"
"6227756",371834,2025-10-31 20:47:10,43.3295402526855,-8.49901103973389,"Unknown"
"6227756",371834,2025-10-31 20:57:13,43.3296508789062,-8.49894142150879,"Unknown"
"6227756",371834,2025-10-31 21:07:10,43.3296051025391,-8.49899387359619,"Unknown"
"6227756",371834,2025-10-31 21:17:14,43.3296089172363,-8.49903011322021,"Unknown"
"6227756",371834,2025-10-31 21:27:11,43.329761505127,-8.49906921386719,"Unknown"
"6227756",371834,2025-10-31 21:37:07,43.3298835754395,-8.49884033203125,"Unknown"
"6227756",371834,2025-10-31 21:47:07,43.3298759460449,-8.49870014190674,"Unknown"
"6227756",371834,2025-10-31 21:57:11,43.3298835754395,-8.49892520904541,"Unknown"
"6227756",371834,2025-10-31 22:07:09,43.3298873901367,-8.49885082244873,"Unknown"
"6227756",371834,2025-10-31 22:17:12,43.3299407958984,-8.49894618988037,"Unknown"
"6227756",371834,2025-10-31 22:27:12,43.3299179077148,-8.49887371063232,"Unknown"
"6227756",371834,2025-10-31 22:37:08,43.3299713134766,-8.49881458282471,"Unknown"
"6227756",371834,2025-10-31 22:47:07,43.3299369812012,-8.49885368347168,"Unknown"
"6227756",371834,2025-10-31 22:57:06,43.3298950195312,-8.4989070892334,"Unknown"
"6227756",371834,2025-10-31 23:07:11,43.3297958374023,-8.49907207489014,"Unknown"
"6227756",371834,2025-10-31 23:17:09,43.3298797607422,-8.49913787841797,"Unknown"
"6227756",371834,2025-10-31 23:27:10,43.3296394348145,-8.49916839599609,"Unknown"
"6227756",371834,2025-10-31 23:37:10,43.3296051025391,-8.49924087524414,"Unknown"
"6227756",371834,2025-10-31 23:47:11,43.329647064209,-8.49912071228027,"Unknown"
"6227756",371834,2025-10-31 23:57:13,43.3296279907227,-8.49921417236328,"Unknown"
"6227756",371834,2025-11-01 00:07:15,43.329719543457,-8.4992561340332,"Unknown"
"6227756",371834,2025-11-01 00:17:13,43.3292274475098,-8.49905204772949,"Unknown"
"6227756",371834,2025-11-01 00:27:20,43.3294525146484,-8.49900817871094,"Unknown"
"6227756",371834,2025-11-01 00:37:13,43.3293991088867,-8.49889183044434,"Unknown"
"6227756",371834,2025-11-01 00:47:18,43.3299255371094,-8.49911117553711,"Unknown"
"6227756",371834,2025-11-01 00:57:07,43.3302307128906,-8.49862098693848,"Unknown"
"6227756",371834,2025-11-01 01:07:10,43.3297462463379,-8.49885177612305,"Unknown"
"6227756",371834,2025-11-01 01:17:07,43.3298149108887,-8.4987211227417,"Unknown"
"6227756",371834,2025-11-01 01:27:10,43.3297500610352,-8.49875545501709,"Unknown"
"6227756",371834,2025-11-01 01:37:04,43.3298263549805,-8.4986686706543,"Unknown"
"6227756",371834,2025-11-01 01:47:04,43.3298301696777,-8.49865436553955,"Unknown"
"6227756",371834,2025-11-01 01:57:06,43.3297424316406,-8.49862289428711,"Unknown"
"6227756",371834,2025-11-01 02:07:09,43.3296813964844,-8.49867630004883,"Unknown"
"6227756",371834,2025-11-01 02:17:05,43.3295097351074,-8.49801731109619,"Unknown"
"6227756",371834,2025-11-01 02:27:13,43.3296737670898,-8.49876403808594,"Unknown"
"6227756",371834,2025-11-01 02:37:09,43.3296852111816,-8.49867630004883,"Unknown"
"6227756",371834,2025-11-01 02:47:21,43.3295707702637,-8.49896049499512,"Unknown"
"6227756",371834,2025-11-01 02:57:12,43.329517364502,-8.49903392791748,"Unknown"
"6227756",371834,2025-11-01 03:07:13,43.3295745849609,-8.49897766113281,"Unknown"
"6227756",371834,2025-11-01 03:17:13,43.330883026123,-8.49833488464355,"Unknown"
"6227756",371834,2025-11-01 03:27:29,43.3305587768555,-8.49843883514404,"Unknown"
"6227756",371834,2025-11-01 03:37:10,43.3304595947266,-8.49852848052979,"Unknown"
"6227756",371834,2025-11-01 03:47:09,43.3303985595703,-8.49844932556152,"Unknown"
"6227756",371834,2025-11-01 03:57:10,43.3297157287598,-8.49858570098877,"Unknown"
"6227756",371834,2025-11-01 04:07:10,43.3302268981934,-8.49852752685547,"Unknown"
"6227756",371834,2025-11-01 04:17:09,43.3298377990723,-8.4986515045166,"Unknown"
"6227756",371834,2025-11-01 04:27:08,43.329704284668,-8.49878692626953,"Unknown"
"6227756",371834,2025-11-01 04:37:08,43.3296928405762,-8.49879837036133,"Unknown"
"6227756",371834,2025-11-01 04:47:08,43.3297119140625,-8.49866104125977,"Unknown"
"6227756",371834,2025-11-01 04:57:06,43.329776763916,-8.49848747253418,"Unknown"
"6227756",371834,2025-11-01 05:07:07,43.3298568725586,-8.49838256835938,"Unknown"
"6227756",371834,2025-11-01 05:17:06,43.3299942016602,-8.49807357788086,"Unknown"
"6227756",371834,2025-11-01 05:27:07,43.3297119140625,-8.49862194061279,"Unknown"
"6227756",371834,2025-11-01 05:37:08,43.3293190002441,-8.49908638000488,"Unknown"
"6227756",371834,2025-11-01 05:47:07,43.3296165466309,-8.49876499176025,"Unknown"
"6227756",371834,2025-11-01 05:57:07,43.3295059204102,-8.49893760681152,"Unknown"
"6227756",371834,2025-11-01 06:07:07,43.3295440673828,-8.49884414672852,"Unknown"
"6227756",371834,2025-11-01 06:17:09,43.3294982910156,-8.49895286560059,"Unknown"
"6227756",371834,2025-11-01 06:27:12,43.3294982910156,-8.49899482727051,"Unknown"
"6227756",371834,2025-11-01 06:37:09,43.329761505127,-8.49872016906738,"Unknown"
"6227756",371834,2025-11-01 06:47:35,43.3294906616211,-8.49897956848145,"Unknown"
"6227756",371834,2025-11-01 06:57:05,43.3296661376953,-8.49915885925293,"Unknown"
"6227756",371834,2025-11-01 07:07:07,43.3292999267578,-8.49871444702148,"Unknown"
"6227756",371834,2025-11-01 07:17:06,43.3297271728516,-8.49947452545166,"Unknown"
"6227756",371834,2025-11-01 07:27:07,43.3296890258789,-8.49949645996094,"Unknown"
"6227756",371834,2025-11-01 07:37:11,43.3295478820801,-8.49895572662354,"Unknown"
"6227756",371834,2025-11-01 07:47:13,43.3294906616211,-8.49903011322021,"Unknown"
"6227756",371834,2025-11-01 07:57:10,43.3295364379883,-8.49898719787598,"Unknown"
"6227756",371834,2025-11-01 08:07:11,43.3295135498047,-8.49898624420166,"Unknown"
"6227756",371834,2025-11-01 08:17:10,43.3294868469238,-8.4989709854126,"Unknown"
"6227756",371834,2025-11-01 08:27:10,43.3294830322266,-8.4990234375,"Unknown"
"6227756",371834,2025-11-01 08:37:08,43.3295364379883,-8.49897575378418,"Unknown"
"6227756",371834,2025-11-01 08:47:10,43.3295249938965,-8.49914264678955,"Unknown"
"6227756",371834,2025-11-01 08:57:23,43.3295135498047,-8.49903964996338,"Unknown"
"6227756",371834,2025-11-01 09:07:35,43.3294944763184,-8.49901866912842,"Unknown"
"6227756",371834,2025-11-01 09:17:02,43.3294639587402,-8.49899387359619,"Unknown"
"6227756",371834,2025-11-01 09:27:04,43.3295097351074,-8.49912071228027,"Unknown"
"6227756",371834,2025-11-01 09:37:02,43.3295211791992,-8.49909782409668,"Unknown"
"6227756",371834,2025-11-01 09:47:03,43.3294372558594,-8.49906444549561,"Unknown"
"6227756",371834,2025-11-01 09:57:04,43.3296508789062,-8.49923324584961,"Unknown"
"6227756",371834,2025-11-01 10:07:04,43.3293151855469,-8.49847412109375,"Unknown"
"6227756",371834,2025-11-01 10:17:04,43.3292350769043,-8.49851512908936,"Unknown"
"6227756",371834,2025-11-01 10:27:04,43.3293533325195,-8.49879550933838,"Unknown"
"6227756",371834,2025-11-01 10:37:04,43.3294334411621,-8.49873352050781,"Unknown"
"6227756",371834,2025-11-01 10:47:04,43.3294105529785,-8.49885272979736,"Unknown"
"6227756",371834,2025-11-01 10:57:05,43.3293762207031,-8.49886608123779,"Unknown"
"6227756",371834,2025-11-01 11:07:07,43.3293418884277,-8.49868583679199,"Unknown"
"6227756",371834,2025-11-01 11:17:07,43.329460144043,-8.49892616271973,"Unknown"
"6227756",371834,2025-11-01 11:27:06,43.3294448852539,-8.49870300292969,"Unknown"
"6227756",371834,2025-11-01 11:37:06,43.3294868469238,-8.49910926818848,"Unknown"
"6227756",371834,2025-11-01 11:47:32,43.3294677734375,-8.49900722503662,"Unknown"
"6227756",371834,2025-11-01 11:57:03,43.3294944763184,-8.49900436401367,"Unknown"
"6227756",371834,2025-11-01 12:07:03,43.329532623291,-8.49898147583008,"Unknown"
"6227756",371834,2025-11-01 12:17:04,43.3295097351074,-8.49903774261475,"Unknown"
"6227756",371834,2025-11-01 12:27:03,43.3295555114746,-8.49906635284424,"Unknown"
"6227756",371834,2025-11-01 12:37:03,43.3295135498047,-8.49900054931641,"Unknown"
"6227756",371834,2025-11-01 12:47:06,43.3295783996582,-8.49901294708252,"Unknown"
"6227756",371834,2025-11-01 12:57:05,43.3294639587402,-8.49907112121582,"Unknown"
"6227756",371834,2025-11-01 13:07:05,43.329273223877,-8.49912452697754,"Unknown"
"6227756",371834,2025-11-01 13:17:05,43.3294143676758,-8.49899101257324,"Unknown"
"6227756",371834,2025-11-01 13:27:04,43.3294258117676,-8.49892234802246,"Unknown"
"6227756",371834,2025-11-01 13:37:04,43.3294334411621,-8.49899005889893,"Unknown"
"6227756",371834,2025-11-01 13:47:05,43.3296241760254,-8.4991283416748,"Unknown"
"6227756",371834,2025-11-01 13:57:11,43.3294296264648,-8.49899005889893,"Unknown"
"6227756",371834,2025-11-01 14:07:04,43.3294982910156,-8.49900913238525,"Unknown"
"6227756",371834,2025-11-01 14:17:04,43.3294296264648,-8.49897289276123,"Unknown"
"6227756",371834,2025-11-01 14:27:06,43.3296585083008,-8.49900817871094,"Unknown"
"6227756",371834,2025-11-01 14:37:08,43.3295249938965,-8.49895286560059,"Unknown"
"6227756",371834,2025-11-01 14:47:05,43.3296928405762,-8.49898338317871,"Unknown"
"6227756",371834,2025-11-01 14:57:08,43.329418182373,-8.498948097229,"Unknown"
"6227756",371834,2025-11-01 15:07:06,43.3297882080078,-8.49898910522461,"Unknown"
"6227756",371834,2025-11-01 15:17:25,43.3295936584473,-8.499098777771,"Unknown"
"6227756",371834,2025-11-01 15:27:35,43.3295555114746,-8.49897289276123,"Unknown"
"6227756",371834,2025-11-01 15:37:04,43.3295135498047,-8.49900436401367,"Unknown"
"6227756",371834,2025-11-01 15:47:06,43.3295288085938,-8.49892520904541,"Unknown"
"6227756",371834,2025-11-01 15:57:07,43.3295593261719,-8.49917125701904,"Unknown"
"6227756",371834,2025-11-01 16:07:05,43.3297157287598,-8.49922943115234,"Unknown"
"6227756",371834,2025-11-01 16:17:07,43.3297271728516,-8.4991569519043,"Unknown"
"6227756",371834,2025-11-01 16:27:14,43.3297348022461,-8.49896144866943,"Unknown"
"6227756",371834,2025-11-01 16:37:05,43.329460144043,-8.49940395355225,"Unknown"
"6227756",371834,2025-11-01 16:47:06,43.3295059204102,-8.49925327301025,"Unknown"
"6227756",371834,2025-11-01 16:57:13,43.3294906616211,-8.49896621704102,"Unknown"
"6227756",371834,2025-11-01 17:07:06,43.3297843933105,-8.49914836883545,"Unknown"
"6227756",371834,2025-11-01 17:17:15,43.3295936584473,-8.49899959564209,"Unknown"
"6227756",371834,2025-11-01 17:27:10,43.3297348022461,-8.49914455413818,"Unknown"
"6227756",371834,2025-11-01 17:37:25,43.3296737670898,-8.49911785125732,"Unknown"
"6227756",371834,2025-11-01 17:47:18,43.3295745849609,-8.49899673461914,"Unknown"
"6227756",371834,2025-11-01 17:57:13,43.3298759460449,-8.49932098388672,"Unknown"
"6227756",371834,2025-11-01 18:07:14,43.3296051025391,-8.49903774261475,"Unknown"
"6227756",371834,2025-11-01 18:17:13,43.3300018310547,-8.4994592666626,"Unknown"
"6227756",371834,2025-11-01 18:27:15,43.3296585083008,-8.49910068511963,"Unknown"
"6227756",371834,2025-11-01 18:37:11,43.3297233581543,-8.4991397857666,"Unknown"
"6227756",371834,2025-11-01 18:47:13,43.3294715881348,-8.49902439117432,"Unknown"
"6227756",371834,2025-11-01 18:57:34,43.3296051025391,-8.49889373779297,"Unknown"
"6227756",371834,2025-11-01 19:07:10,43.3293571472168,-8.49891090393066,"Unknown"
"6227756",371834,2025-11-01 19:17:05,43.3296051025391,-8.49934387207031,"Unknown"
"6227756",371834,2025-11-01 19:27:07,43.3294677734375,-8.49888134002686,"Unknown"
"6227756",371834,2025-11-01 19:37:12,43.329475402832,-8.49889755249023,"Unknown"
"6227756",371834,2025-11-01 19:47:09,43.3294563293457,-8.49894332885742,"Unknown"
"6227756",371834,2025-11-01 19:57:06,43.329647064209,-8.49921226501465,"Unknown"
"6227756",371834,2025-11-01 20:07:06,43.3295135498047,-8.49903106689453,"Unknown"
"6227756",371834,2025-11-01 20:17:07,43.329475402832,-8.49895286560059,"Unknown"
"6227756",371834,2025-11-01 20:27:05,43.3295707702637,-8.49904727935791,"Unknown"
"6227756",371834,2025-11-01 20:37:05,43.3295593261719,-8.49903011322021,"Unknown"
"6227756",371834,2025-11-01 20:47:10,43.3295288085938,-8.49911594390869,"Unknown"
"6227756",371834,2025-11-01 20:57:12,43.3296089172363,-8.49924182891846,"Unknown"
"6227756",371834,2025-11-01 21:07:12,43.3295059204102,-8.49914741516113,"Unknown"
"6227756",371834,2025-11-01 21:17:12,43.3297576904297,-8.49934959411621,"Unknown"
"6227756",371834,2025-11-01 21:27:12,43.32958984375,-8.49920463562012,"Unknown"
"6227756",371834,2025-11-01 21:37:14,43.3294486999512,-8.49901962280273,"Unknown"
"6227756",371834,2025-11-01 21:47:32,43.3295288085938,-8.49897289276123,"Unknown"
"6227756",371834,2025-11-01 21:57:07,43.3295669555664,-8.49893379211426,"Unknown"
"6227756",371834,2025-11-01 22:07:06,43.3295516967773,-8.49891471862793,"Unknown"
"6227756",371834,2025-11-01 22:17:08,43.3295478820801,-8.49892616271973,"Unknown"
"6227756",371834,2025-11-01 22:27:09,43.3295516967773,-8.49894428253174,"Unknown"
"6227756",371834,2025-11-01 22:37:06,43.3294906616211,-8.49880027770996,"Unknown"
"6227756",371834,2025-11-01 22:47:06,43.3293952941895,-8.49874210357666,"Unknown"
"6227756",371834,2025-11-01 22:57:06,43.3294715881348,-8.49886322021484,"Unknown"
"6227756",371834,2025-11-01 23:07:06,43.3292770385742,-8.49858665466309,"Unknown"
"6227756",371834,2025-11-01 23:17:09,43.329475402832,-8.49886894226074,"Unknown"
"6227756",371834,2025-11-01 23:27:12,43.3295059204102,-8.49887561798096,"Unknown"
"6227756",371834,2025-11-01 23:37:09,43.3295364379883,-8.49894428253174,"Unknown"
"6227756",371834,2025-11-01 23:47:11,43.3295593261719,-8.49885940551758,"Unknown"
"6227756",371834,2025-11-01 23:57:09,43.3295783996582,-8.49890899658203,"Unknown"
"6227756",371834,2025-11-02 00:07:09,43.3295783996582,-8.4989538192749,"Unknown"
"6227756",371834,2025-11-02 00:17:11,43.3295288085938,-8.49899005889893,"Unknown"
"6227756",371834,2025-11-02 00:27:35,43.3296890258789,-8.49910068511963,"Unknown"
"6227756",371834,2025-11-02 00:37:08,43.3296928405762,-8.49912929534912,"Unknown"
"6227756",371834,2025-11-02 00:47:06,43.3295249938965,-8.4990406036377,"Unknown"
"6227756",371834,2025-11-02 00:57:09,43.3295402526855,-8.49904441833496,"Unknown"
"6227756",371834,2025-11-02 01:07:04,43.3294982910156,-8.4990348815918,"Unknown"
"6227756",371834,2025-11-02 01:17:09,43.329532623291,-8.49905014038086,"Unknown"
"6227756",371834,2025-11-02 01:27:06,43.3295211791992,-8.49904823303223,"Unknown"
"6227756",371834,2025-11-02 01:37:04,43.3295440673828,-8.49905490875244,"Unknown"
"6227756",371834,2025-11-02 01:47:04,43.329517364502,-8.49904441833496,"Unknown"
"6227756",371834,2025-11-02 01:57:06,43.3295059204102,-8.49895286560059,"Unknown"
"6227756",371834,2025-11-02 02:07:35,43.3295211791992,-8.4989767074585,"Unknown"
"6227756",371834,2025-11-02 02:17:03,43.3295097351074,-8.49889469146729,"Unknown"
"6227756",371834,2025-11-02 02:27:03,43.3295669555664,-8.49893760681152,"Unknown"
"6227756",371834,2025-11-02 02:37:03,43.3295249938965,-8.49903011322021,"Unknown"
"6227756",371834,2025-11-02 02:47:03,43.3295860290527,-8.49895191192627,"Unknown"
"6227756",371834,2025-11-02 02:57:03,43.3295059204102,-8.49899482727051,"Unknown"
"6227756",371834,2025-11-02 03:07:03,43.3295364379883,-8.49896717071533,"Unknown"
"6227756",371834,2025-11-02 03:17:04,43.3294677734375,-8.4989767074585,"Unknown"
"6227756",371834,2025-11-02 03:27:07,43.3294143676758,-8.49893569946289,"Unknown"
"6227756",371834,2025-11-02 03:37:07,43.3295440673828,-8.49894237518311,"Unknown"
"6227756",371834,2025-11-02 03:47:04,43.3295936584473,-8.49893379211426,"Unknown"
"6227756",371834,2025-11-02 03:57:04,43.3295288085938,-8.49894905090332,"Unknown"
"6227756",371834,2025-11-02 04:07:04,43.3293342590332,-8.49923419952393,"Unknown"
"6227756",371834,2025-11-02 04:17:05,43.3294258117676,-8.49909687042236,"Unknown"
"6227756",371834,2025-11-02 04:27:05,43.3294715881348,-8.49906921386719,"Unknown"
"6227756",371834,2025-11-02 04:37:05,43.3294868469238,-8.49908065795898,"Unknown"
"6227756",371834,2025-11-02 04:47:05,43.329517364502,-8.49903392791748,"Unknown"
"6227756",371834,2025-11-02 04:57:06,43.3294410705566,-8.4989709854126,"Unknown"
"6227756",371834,2025-11-02 05:07:04,43.3295707702637,-8.49912738800049,"Unknown"
"6227756",371834,2025-11-02 05:17:04,43.3295631408691,-8.49899291992188,"Unknown"
"6227756",371834,2025-11-02 05:27:05,43.3296241760254,-8.49904155731201,"Unknown"
"6227756",371834,2025-11-02 05:37:04,43.3296127319336,-8.4990930557251,"Unknown"
"6227756",371834,2025-11-02 05:47:05,43.3296737670898,-8.49894618988037,"Unknown"
"6227756",371834,2025-11-02 05:57:04,43.3296585083008,-8.49908638000488,"Unknown"
"6227756",371834,2025-11-02 06:07:05,43.3296699523926,-8.4989070892334,"Unknown"
"6227756",371834,2025-11-02 06:17:06,43.3297653198242,-8.49906063079834,"Unknown"
"6227756",371834,2025-11-02 06:27:06,43.3297004699707,-8.49896144866943,"Unknown"
"6227756",371834,2025-11-02 06:37:06,43.3296432495117,-8.49876403808594,"Unknown"
"6227756",371834,2025-11-02 06:47:07,43.3295249938965,-8.49864864349365,"Unknown"
"6227756",371834,2025-11-02 06:57:09,43.32958984375,-8.4988317489624,"Unknown"
"6227756",371834,2025-11-02 07:07:12,43.3297500610352,-8.49880409240723,"Unknown"
"6227756",371834,2025-11-02 07:17:11,43.3296737670898,-8.49883460998535,"Unknown"
"6227756",371834,2025-11-02 07:27:12,43.3296432495117,-8.49880790710449,"Unknown"
"6227756",371834,2025-11-02 07:37:12,43.3296127319336,-8.49887847900391,"Unknown"
"6227756",371834,2025-11-02 07:47:12,43.3296165466309,-8.49888801574707,"Unknown"
"6227756",371834,2025-11-02 07:57:09,43.3295745849609,-8.49899101257324,"Unknown"
"6227756",371834,2025-11-02 08:07:12,43.3295555114746,-8.49897384643555,"Unknown"
"6227756",371834,2025-11-02 08:17:06,43.3302917480469,-8.50027084350586,"Unknown"
"6227756",371834,2025-11-02 08:27:07,43.3295478820801,-8.49893856048584,"Unknown"
"6227756",371834,2025-11-02 08:37:09,43.3295364379883,-8.49899864196777,"Unknown"
"6227756",371834,2025-11-02 08:47:05,43.3297653198242,-8.49941349029541,"Unknown"
"6227756",371834,2025-11-02 08:57:05,43.3299026489258,-8.49963569641113,"Unknown"
"6227756",371834,2025-11-02 09:07:05,43.3297653198242,-8.49942016601562,"Unknown"
"6227756",371834,2025-11-02 09:17:09,43.3293876647949,-8.49877834320068,"Unknown"
"6227756",371834,2025-11-02 09:27:07,43.3293800354004,-8.4987964630127,"Unknown"
"6227756",371834,2025-11-02 09:37:21,43.3296585083008,-8.49806308746338,"Unknown"
"6227756",371834,2025-11-02 09:47:06,43.3297882080078,-8.4986515045166,"Unknown"
"6227756",371834,2025-11-02 09:57:10,43.3296127319336,-8.49841785430908,"Unknown"
"6227756",371834,2025-11-02 10:07:20,43.3293800354004,-8.49893474578857,"Unknown"
"6227756",371834,2025-11-02 10:17:09,43.3293418884277,-8.49903678894043,"Unknown"
"6227756",371834,2025-11-02 10:27:09,43.3294143676758,-8.49900245666504,"Unknown"
"6227756",371834,2025-11-02 10:37:35,43.3294448852539,-8.49899673461914,"Unknown"
"6227756",371834,2025-11-02 10:47:03,43.3294143676758,-8.49903106689453,"Unknown"
"6227756",371834,2025-11-02 10:57:04,43.3294830322266,-8.49899291992188,"Unknown"
"6227756",371834,2025-11-02 11:07:03,43.3294525146484,-8.49900913238525,"Unknown"
"6227756",371834,2025-11-02 11:17:03,43.3295135498047,-8.49898147583008,"Unknown"
"6227756",371834,2025-11-02 11:27:03,43.3294448852539,-8.49899291992188,"Unknown"
"6227756",371834,2025-11-02 11:37:03,43.3294525146484,-8.49898242950439,"Unknown"
"6227756",371834,2025-11-02 11:47:03,43.3295783996582,-8.49900054931641,"Unknown"
"6227756",371834,2025-11-02 11:57:04,43.329532623291,-8.49899005889893,"Unknown"
"6227756",371834,2025-11-02 12:07:04,43.3296279907227,-8.49898624420166,"Unknown"
"6227756",371834,2025-11-02 12:17:04,43.3295669555664,-8.49900722503662,"Unknown"
"6227756",371834,2025-11-02 12:27:04,43.3295364379883,-8.49903964996338,"Unknown"
"6227756",371834,2025-11-02 12:37:07,43.3294982910156,-8.49884033203125,"Unknown"
"6227756",371834,2025-11-02 12:47:04,43.3296585083008,-8.49906539916992,"Unknown"
"6227756",371834,2025-11-02 12:57:05,43.3294525146484,-8.49895572662354,"Unknown"
"6227756",371834,2025-11-02 13:07:04,43.3294906616211,-8.49900245666504,"Unknown"
"6227756",371834,2025-11-02 13:17:05,43.3294448852539,-8.49884605407715,"Unknown"
"6227756",371834,2025-11-02 13:27:04,43.329418182373,-8.49912738800049,"Unknown"
"6227756",371834,2025-11-02 13:37:05,43.3294448852539,-8.49888610839844,"Unknown"
"6227756",371834,2025-11-02 13:47:05,43.3294296264648,-8.49892044067383,"Unknown"
"6227756",371834,2025-11-02 13:57:04,43.3294258117676,-8.49893188476562,"Unknown"
"6227756",371834,2025-11-02 14:07:04,43.3294639587402,-8.49886226654053,"Unknown"
"6227756",371834,2025-11-02 14:17:04,43.3293991088867,-8.49893474578857,"Unknown"
"6227756",371834,2025-11-02 14:27:05,43.3294792175293,-8.49889659881592,"Unknown"
"6227756",371834,2025-11-02 14:37:05,43.3294982910156,-8.49889087677002,"Unknown"
"6227756",371834,2025-11-02 14:47:05,43.3294715881348,-8.49883937835693,"Unknown"
"6227756",371834,2025-11-02 14:57:06,43.3294830322266,-8.49884033203125,"Unknown"
"6227756",371834,2025-11-02 15:07:09,43.3295745849609,-8.49876403808594,"Unknown"
"6227756",371834,2025-11-02 15:17:09,43.3295974731445,-8.49882221221924,"Unknown"
"6227756",371834,2025-11-02 15:27:19,43.3294105529785,-8.4987211227417,"Unknown"
"6227756",371834,2025-11-02 15:37:11,43.329418182373,-8.49870109558105,"Unknown"
"6227756",371834,2025-11-02 15:47:06,43.3294525146484,-8.49874591827393,"Unknown"
"6227756",371834,2025-11-02 15:57:09,43.3293762207031,-8.49873352050781,"Unknown"
"6227756",371834,2025-11-02 16:07:12,43.3295707702637,-8.49861621856689,"Unknown"
"6227756",371834,2025-11-02 16:17:07,43.3295402526855,-8.49860858917236,"Unknown"
"6227756",371834,2025-11-02 16:27:06,43.3294486999512,-8.49878978729248,"Unknown"
"6227756",371834,2025-11-02 16:37:06,43.3294105529785,-8.49892711639404,"Unknown"
"6227756",371834,2025-11-02 16:47:07,43.3295288085938,-8.4985466003418,"Unknown"
"6227756",371834,2025-11-02 16:57:07,43.3295402526855,-8.49847507476807,"Unknown"
"6227756",371834,2025-11-02 17:07:07,43.3295631408691,-8.4984130859375,"Unknown"
"6227756",371834,2025-11-02 17:17:07,43.3295097351074,-8.4987096786499,"Unknown"
"6227756",371834,2025-11-02 17:27:06,43.3292503356934,-8.49918556213379,"Unknown"
"6227756",371834,2025-11-02 17:37:06,43.3293190002441,-8.49907684326172,"Unknown"
"6227756",371834,2025-11-02 17:47:06,43.3293647766113,-8.49909019470215,"Unknown"
"6227756",371834,2025-11-02 17:57:07,43.3294448852539,-8.49894905090332,"Unknown"
"6227756",371834,2025-11-02 18:07:05,43.3295249938965,-8.4984884262085,"Unknown"
"6227756",371834,2025-11-02 18:17:06,43.3293952941895,-8.49822044372559,"Unknown"
"6227756",371834,2025-11-02 18:27:07,43.3297004699707,-8.49889373779297,"Unknown"
"6227756",371834,2025-11-02 18:37:12,43.3297500610352,-8.4989652633667,"Unknown"
"6227756",371834,2025-11-02 18:47:11,43.3299865722656,-8.4990234375,"Unknown"
"6227756",371834,2025-11-02 18:57:07,43.3299598693848,-8.49907970428467,"Unknown"
"6227756",371834,2025-11-02 19:07:06,43.3298072814941,-8.4995584487915,"Unknown"
"6227756",371834,2025-11-02 19:17:06,43.329776763916,-8.49928569793701,"Unknown"
"6227756",371834,2025-11-02 19:27:05,43.3299331665039,-8.49909687042236,"Unknown"
"6227756",371834,2025-11-02 19:37:09,43.3298149108887,-8.49916553497314,"Unknown"
"6227756",371834,2025-11-02 19:47:06,43.3297157287598,-8.49928188323975,"Unknown"
"6227756",371834,2025-11-02 19:57:05,43.329475402832,-8.49889945983887,"Unknown"
"6227756",371834,2025-11-02 20:07:06,43.3296699523926,-8.49921321868896,"Unknown"
"6227756",371834,2025-11-02 20:17:05,43.3296737670898,-8.49915409088135,"Unknown"
"6227756",371834,2025-11-02 20:27:05,43.3296089172363,-8.49912452697754,"Unknown"
"6227756",371834,2025-11-02 20:37:06,43.3295745849609,-8.49896144866943,"Unknown"
"6227756",371834,2025-11-02 20:47:09,43.3296852111816,-8.49904155731201,"Unknown"
"6227756",371834,2025-11-02 20:57:06,43.3297157287598,-8.4989767074585,"Unknown"
"6227756",371834,2025-11-02 21:07:06,43.3298301696777,-8.49894618988037,"Unknown"
"6227756",371834,2025-11-02 21:17:07,43.3296775817871,-8.49890327453613,"Unknown"
"6227756",371834,2025-11-02 21:27:06,43.3299255371094,-8.49895668029785,"Unknown"
"6227756",371834,2025-11-02 21:37:07,43.3297958374023,-8.49887847900391,"Unknown"
"6227756",371834,2025-11-02 21:47:06,43.3300437927246,-8.49872016906738,"Unknown"
"6227756",371834,2025-11-02 21:57:07,43.3299713134766,-8.49871730804443,"Unknown"
"6227756",371834,2025-11-02 22:07:07,43.330005645752,-8.49866008758545,"Unknown"
"6227756",371834,2025-11-02 22:17:06,43.3299713134766,-8.49863052368164,"Unknown"
"6227756",371834,2025-11-02 22:27:06,43.3299674987793,-8.49863815307617,"Unknown"
"6227756",371834,2025-11-02 22:37:06,43.3299827575684,-8.49862289428711,"Unknown"
"6227756",371834,2025-11-02 22:47:06,43.3299331665039,-8.4986572265625,"Unknown"
"6227756",371834,2025-11-02 22:57:06,43.3299102783203,-8.4987621307373,"Unknown"
"6227756",371834,2025-11-02 23:07:06,43.3297348022461,-8.49892902374268,"Unknown"
"6227756",371834,2025-11-02 23:17:06,43.3296546936035,-8.49902629852295,"Unknown"
"6227756",371834,2025-11-02 23:27:07,43.3295936584473,-8.49910640716553,"Unknown"
"6227756",371834,2025-11-02 23:37:08,43.3295745849609,-8.49910545349121,"Unknown"
"6227756",371834,2025-11-02 23:47:09,43.3295822143555,-8.49910259246826,"Unknown"
"6227756",371834,2025-11-02 23:57:10,43.329402923584,-8.49905586242676,"Unknown"
"6227756",371834,2025-11-03 00:07:06,43.3294219970703,-8.49893951416016,"Unknown"
"6227756",371834,2025-11-03 00:17:09,43.3295555114746,-8.49906730651855,"Unknown"
"6227756",371834,2025-11-03 00:27:06,43.3296051025391,-8.49897480010986,"Unknown"
"6227756",371834,2025-11-03 00:37:06,43.3296737670898,-8.49897766113281,"Unknown"
"6227756",371834,2025-11-03 00:47:07,43.3296356201172,-8.49894523620605,"Unknown"
"6227756",371834,2025-11-03 00:57:08,43.3296394348145,-8.49892902374268,"Unknown"
"6227756",371834,2025-11-03 01:07:09,43.3295974731445,-8.49881076812744,"Unknown"
"6227756",371834,2025-11-03 01:17:09,43.3296051025391,-8.49887752532959,"Unknown"
"6227756",371834,2025-11-03 01:27:09,43.3295822143555,-8.49885272979736,"Unknown"
"6227756",371834,2025-11-03 01:37:07,43.3295021057129,-8.49892997741699,"Unknown"
"6227756",371834,2025-11-03 01:47:06,43.3295364379883,-8.49890518188477,"Unknown"
"6227756",371834,2025-11-03 01:57:05,43.3295707702637,-8.49879455566406,"Unknown"
"6227756",371834,2025-11-03 02:07:35,43.3295516967773,-8.49893569946289,"Unknown"
"6227756",371834,2025-11-03 02:17:03,43.3295249938965,-8.49895191192627,"Unknown"
"6227756",371834,2025-11-03 02:27:03,43.3295288085938,-8.49894905090332,"Unknown"
"6227756",371834,2025-11-03 02:37:03,43.3295288085938,-8.49896049499512,"Unknown"
"6227756",371834,2025-11-03 02:47:03,43.3294944763184,-8.4990291595459,"Unknown"
"6227756",371834,2025-11-03 02:57:03,43.3294792175293,-8.49892902374268,"Unknown"
"6227756",371834,2025-11-03 03:07:03,43.3295440673828,-8.49908828735352,"Unknown"
"6227756",371834,2025-11-03 03:17:06,43.3295860290527,-8.49894332885742,"Unknown"
"6227756",371834,2025-11-03 03:27:04,43.3295478820801,-8.49890613555908,"Unknown"
"6227756",371834,2025-11-03 03:37:04,43.329460144043,-8.4988431930542,"Unknown"
"6227756",371834,2025-11-03 03:47:06,43.3299369812012,-8.49888896942139,"Unknown"
"6227756",371834,2025-11-03 03:57:21,43.3299865722656,-8.4988374710083,"Unknown"
"6227756",371834,2025-11-03 04:07:09,43.329288482666,-8.49896717071533,"Unknown"
"6227756",371834,2025-11-03 04:17:09,43.3293190002441,-8.49900913238525,"Unknown"
"6227756",371834,2025-11-03 04:27:06,43.3293647766113,-8.49904823303223,"Unknown"
"6227756",371834,2025-11-03 04:37:05,43.3292388916016,-8.49899578094482,"Unknown"
"6227756",371834,2025-11-03 04:47:05,43.3294830322266,-8.4990234375,"Unknown"
"6227756",371834,2025-11-03 04:57:05,43.3293762207031,-8.49900054931641,"Unknown"
"6227756",371834,2025-11-03 05:07:07,43.3294067382812,-8.49896144866943,"Unknown"
"6227756",371834,2025-11-03 05:17:10,43.3294334411621,-8.49902439117432,"Unknown"
"6227756",371834,2025-11-03 05:27:06,43.3294372558594,-8.49900245666504,"Unknown"
"6227756",371834,2025-11-03 05:37:10,43.3293838500977,-8.4988374710083,"Unknown"
"6227756",371834,2025-11-03 05:47:09,43.3293952941895,-8.49893379211426,"Unknown"
"6227756",371834,2025-11-03 05:57:12,43.3294410705566,-8.49891948699951,"Unknown"
"6227756",371834,2025-11-03 06:07:27,43.3293533325195,-8.49888229370117,"Unknown"
"6227756",371834,2025-11-03 06:17:35,43.3294792175293,-8.49900436401367,"Unknown"
"6227756",371834,2025-11-03 06:27:03,43.3292694091797,-8.4987096786499,"Unknown"
"6227756",371834,2025-11-03 06:37:06,43.3294219970703,-8.49887943267822,"Unknown"
"6227756",371834,2025-11-03 06:47:07,43.3295059204102,-8.49903678894043,"Unknown"
"6227756",371834,2025-11-03 06:57:12,43.3295097351074,-8.49893569946289,"Unknown"
"6227756",371834,2025-11-03 07:07:09,43.3294906616211,-8.49899864196777,"Unknown"
"6227756",371834,2025-11-03 07:17:12,43.3294143676758,-8.49897480010986,"Unknown"
"6227756",371834,2025-11-03 07:27:12,43.3295249938965,-8.49903297424316,"Unknown"
"6227756",371834,2025-11-03 07:37:12,43.3295364379883,-8.49903297424316,"Unknown"
"6227756",371834,2025-11-03 07:47:12,43.3295249938965,-8.49905681610107,"Unknown"
"6227756",371834,2025-11-03 07:57:12,43.3295631408691,-8.49914836883545,"Unknown"
"6227756",371834,2025-11-03 08:07:12,43.3295555114746,-8.49904918670654,"Unknown"
"6227756",371834,2025-11-03 08:17:12,43.32958984375,-8.49907302856445,"Unknown"
"6227756",371834,2025-11-03 08:27:13,43.3295822143555,-8.49905490875244,"Unknown"
"6227756",371834,2025-11-03 08:37:20,43.3295478820801,-8.49909973144531,"Unknown"
"6227756",371834,2025-11-03 08:47:30,43.329532623291,-8.49899959564209,"Unknown"
"6227756",371834,2025-11-03 08:57:35,43.3294639587402,-8.4990177154541,"Unknown"
"6227756",371834,2025-11-03 09:07:03,43.3295516967773,-8.49899673461914,"Unknown"
"6227756",371834,2025-11-03 09:17:03,43.3295669555664,-8.49905014038086,"Unknown"
"6227756",371834,2025-11-03 09:27:03,43.3295936584473,-8.49909496307373,"Unknown"
"6227756",371834,2025-11-03 09:37:03,43.3295097351074,-8.49905967712402,"Unknown"
"6227756",371834,2025-11-03 09:47:04,43.3297424316406,-8.49938583374023,"Unknown"
"6227756",371834,2025-11-03 09:57:04,43.3296356201172,-8.49931240081787,"Unknown"
"6227756",371834,2025-11-03 10:07:05,43.3292236328125,-8.49854850769043,"Unknown"
"6227756",371834,2025-11-03 10:17:04,43.3295440673828,-8.49904918670654,"Unknown"
"6227756",371834,2025-11-03 10:27:04,43.329517364502,-8.49911403656006,"Unknown"
"6227756",371834,2025-11-03 10:37:04,43.3295135498047,-8.49905014038086,"Unknown"
"6227756",371834,2025-11-03 10:47:04,43.3294906616211,-8.49909400939941,"Unknown"
"6227756",371834,2025-11-03 10:57:04,43.3294906616211,-8.49901962280273,"Unknown"
"6227756",371834,2025-11-03 11:07:04,43.329460144043,-8.49894046783447,"Unknown"
"6227756",371834,2025-11-03 11:17:04,43.3294258117676,-8.498854637146,"Unknown"
"6227756",371834,2025-11-03 11:27:06,43.3294296264648,-8.4988899230957,"Unknown"
"6227756",371834,2025-11-03 11:37:06,43.3294296264648,-8.49876880645752,"Unknown"
"6227756",371834,2025-11-03 11:47:06,43.3294067382812,-8.49880599975586,"Unknown"
"6227756",371834,2025-11-03 11:57:10,43.3293037414551,-8.4985933303833,"Unknown"
"6227756",371834,2025-11-03 12:07:12,43.3290634155273,-8.49811363220215,"Unknown"
"6227756",371834,2025-11-03 12:17:25,43.3288764953613,-8.49766159057617,"Unknown"
"6227756",371834,2025-11-03 12:27:32,43.3295478820801,-8.49882411956787,"Unknown"
"6227756",371834,2025-11-03 12:37:06,43.3295364379883,-8.4989709854126,"Unknown"
"6227756",371834,2025-11-03 12:47:06,43.3294830322266,-8.49893283843994,"Unknown"
"6227756",371834,2025-11-03 12:57:05,43.3295478820801,-8.49912452697754,"Unknown"
"6227756",371834,2025-11-03 13:07:04,43.3294563293457,-8.49911594390869,"Unknown"
"6227756",371834,2025-11-03 13:17:04,43.3295593261719,-8.49910354614258,"Unknown"
"6227756",371834,2025-11-03 13:27:04,43.3294563293457,-8.49905300140381,"Unknown"
"6227756",371834,2025-11-03 13:37:04,43.3295440673828,-8.49910354614258,"Unknown"
"6227756",371834,2025-11-03 13:47:11,43.3294715881348,-8.498948097229,"Unknown"
"6227756",371834,2025-11-03 13:57:04,43.3295516967773,-8.49916076660156,"Unknown"
"6227756",371834,2025-11-03 14:07:05,43.3295478820801,-8.49904918670654,"Unknown"
"6227756",371834,2025-11-03 14:17:05,43.3294982910156,-8.49902725219727,"Unknown"
"6227756",371834,2025-11-03 14:27:15,43.3294715881348,-8.49898052215576,"Unknown"
"6227756",371834,2025-11-03 14:37:10,43.3293952941895,-8.4990701675415,"Unknown"
"6227756",371834,2025-11-03 14:47:34,43.3294486999512,-8.49897289276123,"Unknown"
"6227756",371834,2025-11-03 14:57:03,43.3294830322266,-8.49904537200928,"Unknown"
"6227756",371834,2025-11-03 15:07:03,43.3294944763184,-8.49899578094482,"Unknown"
"6227756",371834,2025-11-03 15:17:03,43.3295707702637,-8.49895858764648,"Unknown"
"6227756",371834,2025-11-03 15:27:03,43.3295516967773,-8.49897003173828,"Unknown"
"6227756",371834,2025-11-03 15:37:04,43.3295974731445,-8.49907970428467,"Unknown"
"6227756",371834,2025-11-03 15:47:11,43.3295440673828,-8.49892711639404,"Unknown"
"6227756",371834,2025-11-03 15:57:09,43.3295860290527,-8.49892616271973,"Unknown"
"6227756",371834,2025-11-03 16:07:06,43.329532623291,-8.49901485443115,"Unknown"
"6227756",371834,2025-11-03 16:17:10,43.329532623291,-8.49896240234375,"Unknown"
"6227756",371834,2025-11-03 16:27:06,43.3295631408691,-8.49910449981689,"Unknown"
"6227756",371834,2025-11-03 16:37:19,43.3296585083008,-8.49901580810547,"Unknown"
"6227756",371834,2025-11-03 16:47:07,43.3297004699707,-8.4990406036377,"Unknown"
"6227756",371834,2025-11-03 16:57:05,43.3297080993652,-8.49905872344971,"Unknown"
"6227756",371834,2025-11-03 17:07:05,43.3296241760254,-8.49902439117432,"Unknown"
"6227756",371834,2025-11-03 17:17:05,43.3297424316406,-8.49917984008789,"Unknown"
"6227756",371834,2025-11-03 17:27:33,43.3294715881348,-8.49894046783447,"Unknown"
"6227756",371834,2025-11-03 17:37:03,43.3294372558594,-8.49893951416016,"Unknown"
"6227756",371834,2025-11-03 17:47:03,43.3294639587402,-8.49883937835693,"Unknown"
"6227756",371834,2025-11-03 17:57:04,43.3294525146484,-8.4989185333252,"Unknown"
"6227756",371834,2025-11-03 18:07:03,43.3294982910156,-8.49908256530762,"Unknown"
"6227756",371834,2025-11-03 18:17:04,43.3293647766113,-8.49885749816895,"Unknown"
"6227756",371834,2025-11-03 18:27:12,43.3294906616211,-8.49901485443115,"Unknown"
"6227756",371834,2025-11-03 18:37:09,43.3295059204102,-8.49901294708252,"Unknown"
"6227756",371834,2025-11-03 18:47:07,43.3294906616211,-8.4989767074585,"Unknown"
"6227756",371834,2025-11-03 18:57:34,43.3295249938965,-8.49898910522461,"Unknown"
"6227756",371834,2025-11-03 19:07:08,43.3295402526855,-8.49898242950439,"Unknown"
"6227756",371834,2025-11-03 19:17:10,43.329517364502,-8.49892616271973,"Unknown"
"6227756",371834,2025-11-03 19:27:08,43.3294944763184,-8.49886417388916,"Unknown"
"6227756",371834,2025-11-03 19:37:07,43.3294563293457,-8.49877262115479,"Unknown"
"6227756",371834,2025-11-03 19:47:09,43.3293800354004,-8.49860572814941,"Unknown"
"6227756",371834,2025-11-03 19:57:10,43.329345703125,-8.49860668182373,"Unknown"
"6227756",371834,2025-11-03 20:07:11,43.3295516967773,-8.49924659729004,"Unknown"
"6227756",371834,2025-11-03 20:17:25,43.3295707702637,-8.49926376342773,"Unknown"
"6227756",371834,2025-11-03 20:27:07,43.3295211791992,-8.49908638000488,"Unknown"
"6227756",371834,2025-11-03 20:37:10,43.3295783996582,-8.49913215637207,"Unknown"
"6227756",371834,2025-11-03 20:47:35,43.3295478820801,-8.49896144866943,"Unknown"
"6227756",371834,2025-11-03 20:57:03,43.3296089172363,-8.49904251098633,"Unknown"
"6227756",371834,2025-11-03 21:07:05,43.32958984375,-8.49899005889893,"Unknown"
"6227756",371834,2025-11-03 21:17:04,43.3295516967773,-8.49897956848145,"Unknown"
"6227756",371834,2025-11-03 21:27:04,43.3295478820801,-8.49897193908691,"Unknown"
"6227756",371834,2025-11-03 21:37:08,43.3295822143555,-8.49892807006836,"Unknown"
"6227756",371834,2025-11-03 21:47:07,43.3295631408691,-8.4989595413208,"Unknown"
"6227756",371834,2025-11-03 21:57:05,43.3295745849609,-8.49892997741699,"Unknown"
"6227756",371834,2025-11-03 22:07:04,43.3295936584473,-8.49894046783447,"Unknown"
"6227756",371834,2025-11-03 22:17:06,43.3296394348145,-8.49890518188477,"Unknown"
"6227756",371834,2025-11-03 22:27:14,43.32958984375,-8.49893188476562,"Unknown"
"6227756",371834,2025-11-03 22:37:06,43.3295059204102,-8.49886226654053,"Unknown"
"6227756",371834,2025-11-03 22:47:06,43.3295440673828,-8.49910449981689,"Unknown"
"6227756",371834,2025-11-03 22:57:06,43.329475402832,-8.49906158447266,"Unknown"
"6227756",371834,2025-11-03 23:07:09,43.3294830322266,-8.49895000457764,"Unknown"
"6227756",371834,2025-11-03 23:17:08,43.329475402832,-8.49923801422119,"Unknown"
"6227756",371834,2025-11-03 23:27:07,43.3293762207031,-8.49929237365723,"Unknown"
"6227756",371834,2025-11-03 23:37:06,43.3296241760254,-8.49899768829346,"Unknown"
"6227756",371834,2025-11-03 23:47:11,43.3294067382812,-8.49926090240479,"Unknown"
"6227756",371834,2025-11-03 23:57:35,43.3294410705566,-8.49899864196777,"Unknown"
"6227756",371834,2025-11-04 00:07:07,43.3294105529785,-8.49902820587158,"Unknown"
"6227756",371834,2025-11-04 00:17:08,43.3294525146484,-8.49908351898193,"Unknown"
"6227756",371834,2025-11-04 00:27:10,43.3295288085938,-8.49906539916992,"Unknown"
"6227756",371834,2025-11-04 00:37:12,43.3295059204102,-8.4990406036377,"Unknown"
"6227756",371834,2025-11-04 00:47:10,43.3296089172363,-8.49903583526611,"Unknown"
"6227756",371834,2025-11-04 00:57:08,43.3294982910156,-8.49903202056885,"Unknown"
"6227756",371834,2025-11-04 01:07:08,43.329532623291,-8.49911499023438,"Unknown"
"6227756",371834,2025-11-04 01:17:08,43.3294486999512,-8.49918270111084,"Unknown"
"6227756",371834,2025-11-04 01:27:10,43.329475402832,-8.49924659729004,"Unknown"
"6227756",371834,2025-11-04 01:37:09,43.3295860290527,-8.49905109405518,"Unknown"
"6227756",371834,2025-11-04 01:47:10,43.3295593261719,-8.49880123138428,"Unknown"
"6227756",371834,2025-11-04 01:57:32,43.3295364379883,-8.49898338317871,"Unknown"
"6227756",371834,2025-11-04 02:07:03,43.3294830322266,-8.49900150299072,"Unknown"
"6227756",371834,2025-11-04 02:17:04,43.3295402526855,-8.49892044067383,"Unknown"
"6227756",371834,2025-11-04 02:27:03,43.3295440673828,-8.49899101257324,"Unknown"
"6227756",371834,2025-11-04 02:37:05,43.3294944763184,-8.49894714355469,"Unknown"
"6227756",371834,2025-11-04 02:47:03,43.3294677734375,-8.49894428253174,"Unknown"
"6227756",371834,2025-11-04 02:57:03,43.3295135498047,-8.4990119934082,"Unknown"
"6227756",371834,2025-11-04 03:07:05,43.329475402832,-8.49896049499512,"Unknown"
"6227756",371834,2025-11-04 03:17:05,43.3296699523926,-8.49912071228027,"Unknown"
"6227756",371834,2025-11-04 03:27:05,43.3296813964844,-8.4990234375,"Unknown"
"6227756",371834,2025-11-04 03:37:09,43.3296089172363,-8.49891471862793,"Unknown"
"6227756",371834,2025-11-04 03:47:12,43.3294830322266,-8.49896621704102,"Unknown"
"6227756",371834,2025-11-04 03:57:35,43.3294677734375,-8.49904823303223,"Unknown"
"6227756",371834,2025-11-04 04:07:23,43.3293914794922,-8.4990758895874,"Unknown"
"6227756",371834,2025-11-04 04:17:09,43.3295516967773,-8.49914646148682,"Unknown"
"6227756",371834,2025-11-04 04:27:18,43.3294792175293,-8.49900054931641,"Unknown"
"6227756",371834,2025-11-04 04:37:10,43.3293495178223,-8.4990348815918,"Unknown"
"6227756",371834,2025-11-04 04:47:07,43.3293952941895,-8.49899005889893,"Unknown"
"6227756",371834,2025-11-04 04:57:11,43.3293609619141,-8.49897956848145,"Unknown"
"6227756",371834,2025-11-04 05:07:09,43.3295288085938,-8.49918937683105,"Unknown"
"6227756",371834,2025-11-04 05:17:12,43.3293533325195,-8.49901485443115,"Unknown"
"6227756",371834,2025-11-04 05:27:10,43.3293190002441,-8.49890899658203,"Unknown"
"6227756",371834,2025-11-04 05:37:26,43.3292694091797,-8.4988956451416,"Unknown"
"6227756",371834,2025-11-04 05:47:31,43.3294143676758,-8.49899482727051,"Unknown"
"6227756",371834,2025-11-04 05:57:04,43.3294792175293,-8.49902248382568,"Unknown"
"6227756",371834,2025-11-04 06:07:04,43.3294639587402,-8.49898815155029,"Unknown"
"6227756",371834,2025-11-04 06:17:03,43.3294372558594,-8.49892997741699,"Unknown"
"6227756",371834,2025-11-04 06:27:05,43.3294830322266,-8.49901008605957,"Unknown"
"6227756",371834,2025-11-04 06:37:06,43.329418182373,-8.49887752532959,"Unknown"
"6227756",371834,2025-11-04 06:47:05,43.3295059204102,-8.4991340637207,"Unknown"
"6227756",371834,2025-11-04 06:57:04,43.3295364379883,-8.49899291992188,"Unknown"
"6227756",371834,2025-11-04 07:07:04,43.3293685913086,-8.49895000457764,"Unknown"
"6227756",371834,2025-11-04 07:17:04,43.3294792175293,-8.49911975860596,"Unknown"
"6227756",371834,2025-11-04 07:27:05,43.3294906616211,-8.49893760681152,"Unknown"
"6227756",371834,2025-11-04 07:37:06,43.3294944763184,-8.49899101257324,"Unknown"
"6227756",371834,2025-11-04 07:47:04,43.3295059204102,-8.49904155731201,"Unknown"
"6227756",371834,2025-11-04 07:57:07,43.3294296264648,-8.49910259246826,"Unknown"
"6227756",371834,2025-11-04 08:07:12,43.3294906616211,-8.49898433685303,"Unknown"
"6227756",371834,2025-11-04 08:17:12,43.3294334411621,-8.49891471862793,"Unknown"
"6227756",371834,2025-11-04 08:27:12,43.3294296264648,-8.49885749816895,"Unknown"
"6227756",371834,2025-11-04 08:37:15,43.3294143676758,-8.4988899230957,"Unknown"
"6227756",371834,2025-11-04 08:47:24,43.3293342590332,-8.49874591827393,"Unknown"
"6227756",371834,2025-11-04 08:57:35,43.3295097351074,-8.49890804290771,"Unknown"
"6227756",371834,2025-11-04 09:07:04,43.3295249938965,-8.49899005889893,"Unknown"
"6227756",371834,2025-11-04 09:17:03,43.3295669555664,-8.49913692474365,"Unknown"
"6227756",371834,2025-11-04 09:27:04,43.329517364502,-8.49905109405518,"Unknown"
"6227756",371834,2025-11-04 09:37:05,43.3295707702637,-8.49927043914795,"Unknown"
"6227756",371834,2025-11-04 09:47:05,43.3294792175293,-8.49909687042236,"Unknown"
"6227756",371834,2025-11-04 09:57:05,43.3294830322266,-8.49903678894043,"Unknown"
"6227756",371834,2025-11-04 10:07:05,43.329517364502,-8.49898242950439,"Unknown"
"6227756",371834,2025-11-04 10:17:05,43.3295211791992,-8.49905681610107,"Unknown"
"6227756",371834,2025-11-04 10:27:04,43.3294792175293,-8.49903392791748,"Unknown"
"6227756",371834,2025-11-04 10:37:05,43.3295021057129,-8.49887275695801,"Unknown"
"6227756",371834,2025-11-04 10:47:05,43.3294792175293,-8.4989070892334,"Unknown"
"6227756",371834,2025-11-04 10:57:04,43.3295097351074,-8.498948097229,"Unknown"
"6227756",371834,2025-11-04 11:07:05,43.3295097351074,-8.49908256530762,"Unknown"
"6227756",371834,2025-11-04 11:17:06,43.3294486999512,-8.49888706207275,"Unknown"
"6227756",371834,2025-11-04 11:27:06,43.3294525146484,-8.49894142150879,"Unknown"
"6227756",371834,2025-11-04 11:37:09,43.329460144043,-8.4989185333252,"Unknown"
"6227756",371834,2025-11-04 11:47:07,43.3294219970703,-8.49888038635254,"Unknown"
"6227756",371834,2025-11-04 11:57:09,43.3294258117676,-8.49892997741699,"Unknown"
"6227756",371834,2025-11-04 12:07:09,43.3294639587402,-8.49890327453613,"Unknown"
"6227756",371834,2025-11-04 12:17:09,43.3294563293457,-8.49880599975586,"Unknown"
"6227756",371834,2025-11-04 12:27:12,43.3295364379883,-8.49893379211426,"Unknown"
"6227756",371834,2025-11-04 12:37:18,43.3295860290527,-8.49913597106934,"Unknown"
"6227756",371834,2025-11-04 12:47:10,43.329662322998,-8.49859237670898,"Unknown"
"6227756",371834,2025-11-04 12:57:10,43.3296089172363,-8.4985876083374,"Unknown"
"6227756",371834,2025-11-04 13:07:09,43.3297424316406,-8.49851131439209,"Unknown"
"6227756",371834,2025-11-04 13:17:35,43.3295249938965,-8.49888038635254,"Unknown"
"6227756",371834,2025-11-04 13:27:04,43.3293685913086,-8.4989767074585,"Unknown"
"6227756",371834,2025-11-04 13:37:05,43.329460144043,-8.49906063079834,"Unknown"
"6227756",371834,2025-11-04 13:47:04,43.3292961120605,-8.49902153015137,"Unknown"
"6227756",371834,2025-11-04 13:57:07,43.3293952941895,-8.49898910522461,"Unknown"
"6227756",371834,2025-11-04 14:07:05,43.3292922973633,-8.49895191192627,"Unknown"
"6227756",371834,2025-11-04 14:17:06,43.3296241760254,-8.49899291992188,"Unknown"
"6227756",371834,2025-11-04 14:27:05,43.3296737670898,-8.49902153015137,"Unknown"
"6227756",371834,2025-11-04 14:37:04,43.3296356201172,-8.49899959564209,"Unknown"
"6227756",371834,2025-11-04 14:47:08,43.3293647766113,-8.49892425537109,"Unknown"
"6227756",371834,2025-11-04 14:57:07,43.3290519714355,-8.4987678527832,"Unknown"
"6227756",371834,2025-11-04 15:07:13,43.3291320800781,-8.49874496459961,"Unknown"
"6227756",371834,2025-11-04 15:17:15,43.3291435241699,-8.49870586395264,"Unknown"
"6227756",371834,2025-11-04 15:27:35,43.3292617797852,-8.49871444702148,"Unknown"
"6227756",371834,2025-11-04 15:37:07,43.3294906616211,-8.49884128570557,"Unknown"
"6227756",371834,2025-11-04 15:47:20,43.3294944763184,-8.49897193908691,"Unknown"
"6227756",371834,2025-11-04 15:57:16,43.3295478820801,-8.49887657165527,"Unknown"
"6227756",371834,2025-11-04 16:07:53,43.329719543457,-8.49898624420166,"Unknown"
"6227756",371834,2025-11-04 16:17:12,43.3296012878418,-8.49894523620605,"Unknown"
"6227756",371834,2025-11-04 16:27:13,43.3294792175293,-8.49895763397217,"Unknown"
"6227756",371834,2025-11-04 16:37:09,43.3294410705566,-8.49892807006836,"Unknown"
"6227756",371834,2025-11-04 16:47:14,43.3294639587402,-8.4989013671875,"Unknown"
"6227756",371834,2025-11-04 16:57:35,43.3294525146484,-8.49899482727051,"Unknown"
"6227756",371834,2025-11-04 17:07:04,43.3294486999512,-8.49904823303223,"Unknown"
"6227756",371834,2025-11-04 17:17:04,43.3295211791992,-8.49888324737549,"Unknown"
"6227756",371834,2025-11-04 17:27:05,43.3294563293457,-8.49893569946289,"Unknown"
"6227756",371834,2025-11-04 17:37:05,43.3294563293457,-8.49887180328369,"Unknown"
"6227756",371834,2025-11-04 17:47:05,43.3294143676758,-8.49890327453613,"Unknown"
"6227756",371834,2025-11-04 17:57:06,43.3295402526855,-8.49895668029785,"Unknown"
"6227756",371834,2025-11-04 18:07:14,43.3296012878418,-8.49904155731201,"Unknown"
"6227756",371834,2025-11-04 18:17:07,43.329345703125,-8.49878597259521,"Unknown"
"6227756",371834,2025-11-04 18:27:10,43.3297424316406,-8.49919414520264,"Unknown"
"6227756",371834,2025-11-04 18:37:09,43.3295936584473,-8.4990177154541,"Unknown"
"6227756",371834,2025-11-04 18:47:08,43.3296127319336,-8.49902629852295,"Unknown"
"6227756",371834,2025-11-04 18:57:06,43.3295059204102,-8.49911880493164,"Unknown"
"6227756",371834,2025-11-04 19:07:09,43.3296585083008,-8.49914169311523,"Unknown"
"6227756",371834,2025-11-04 19:17:07,43.3296241760254,-8.49917125701904,"Unknown"
"6227756",371834,2025-11-04 19:27:28,43.3296966552734,-8.49922561645508,"Unknown"
"6227756",371834,2025-11-04 19:37:35,43.3296127319336,-8.49921894073486,"Unknown"
"6227756",371834,2025-11-04 19:47:04,43.3295021057129,-8.49901485443115,"Unknown"
"6227756",371834,2025-11-04 19:57:04,43.3294372558594,-8.4989595413208,"Unknown"
"6227756",371834,2025-11-04 20:07:05,43.3294334411621,-8.4989185333252,"Unknown"
"6227756",371834,2025-11-04 20:17:09,43.3294868469238,-8.49899005889893,"Unknown"
"6227756",371834,2025-11-04 20:27:07,43.329460144043,-8.49900913238525,"Unknown"
"6227756",371834,2025-11-04 20:37:10,43.3294334411621,-8.4989767074585,"Unknown"
"6227756",371834,2025-11-04 20:47:34,43.3294982910156,-8.49897861480713,"Unknown"
"6227756",371834,2025-11-04 20:57:15,43.3295135498047,-8.49897861480713,"Unknown"
"6227756",371834,2025-11-04 21:07:14,43.3295402526855,-8.49899482727051,"Unknown"
"6227756",371834,2025-11-04 21:17:10,43.3295707702637,-8.49900245666504,"Unknown"
"6227756",371834,2025-11-04 21:27:10,43.3295783996582,-8.49895095825195,"Unknown"
"6227756",371834,2025-11-04 21:37:07,43.3295669555664,-8.49897956848145,"Unknown"
"6227756",371834,2025-11-04 21:47:05,43.329532623291,-8.49888706207275,"Unknown"
"6227756",371834,2025-11-04 21:57:05,43.3295249938965,-8.49894428253174,"Unknown"
"6227756",371834,2025-11-04 22:07:06,43.3295288085938,-8.49892330169678,"Unknown"
"6227756",371834,2025-11-04 22:17:06,43.329517364502,-8.49898338317871,"Unknown"
"6227756",371834,2025-11-04 22:27:06,43.3295249938965,-8.49897289276123,"Unknown"
"6227756",371834,2025-11-04 22:37:07,43.3295402526855,-8.49914169311523,"Unknown"
"6227756",371834,2025-11-04 22:47:07,43.3295822143555,-8.4992504119873,"Unknown"
"6227756",371834,2025-11-04 22:57:09,43.3295745849609,-8.49916648864746,"Unknown"
"6227756",371834,2025-11-04 23:07:10,43.3295860290527,-8.49917316436768,"Unknown"
"6227756",371834,2025-11-04 23:17:10,43.3296279907227,-8.49894237518311,"Unknown"
"6227756",371834,2025-11-04 23:27:09,43.3298377990723,-8.49896144866943,"Unknown"
"6227756",371834,2025-11-04 23:37:13,43.3299865722656,-8.49920272827148,"Unknown"
"6227756",371834,2025-11-04 23:47:35,43.3299865722656,-8.49922752380371,"Unknown"
"6227756",371834,2025-11-04 23:57:09,43.3299522399902,-8.49919319152832,"Unknown"
"6227756",371834,2025-11-05 00:07:12,43.3294105529785,-8.49905967712402,"Unknown"
"6227756",371834,2025-11-05 00:17:07,43.3294296264648,-8.49907875061035,"Unknown"
"6227756",371834,2025-11-05 00:27:09,43.3293228149414,-8.49895668029785,"Unknown"
"6227756",371834,2025-11-05 00:37:09,43.3294677734375,-8.49883270263672,"Unknown"
"6227756",371834,2025-11-05 00:47:10,43.3295059204102,-8.49874687194824,"Unknown"
"6227756",371834,2025-11-05 00:57:07,43.3295288085938,-8.49871349334717,"Unknown"
"6227756",371834,2025-11-05 01:07:07,43.3293838500977,-8.49873924255371,"Unknown"
"6227756",371834,2025-11-05 01:17:09,43.3294563293457,-8.49871826171875,"Unknown"
"6227756",371834,2025-11-05 01:27:06,43.32958984375,-8.49890232086182,"Unknown"
"6227756",371834,2025-11-05 01:37:05,43.3295555114746,-8.49891471862793,"Unknown"
"6227756",371834,2025-11-05 01:47:06,43.3295860290527,-8.49881935119629,"Unknown"
"6227756",371834,2025-11-05 01:57:07,43.3297729492188,-8.49877262115479,"Unknown"
"6227756",371834,2025-11-05 02:07:13,43.3296394348145,-8.49854373931885,"Unknown"
"6227756",371834,2025-11-05 02:17:13,43.3292846679688,-8.49779415130615,"Unknown"
"6227756",371834,2025-11-05 02:27:33,43.3305397033691,-8.4997444152832,"Unknown"
"6227756",371834,2025-11-05 02:37:04,43.3295669555664,-8.49908065795898,"Unknown"
"6227756",371834,2025-11-05 02:47:04,43.3295097351074,-8.49893951416016,"Unknown"
"6227756",371834,2025-11-05 02:57:04,43.3294372558594,-8.49892616271973,"Unknown"
"6227756",371834,2025-11-05 03:07:04,43.3295745849609,-8.4989013671875,"Unknown"
"6227756",371834,2025-11-05 03:17:07,43.3294944763184,-8.49892139434814,"Unknown"
"6227756",371834,2025-11-05 03:27:05,43.3296432495117,-8.49907684326172,"Unknown"
"6227756",371834,2025-11-05 03:37:05,43.3296852111816,-8.49898624420166,"Unknown"
"6227756",371834,2025-11-05 03:47:07,43.3296699523926,-8.49900913238525,"Unknown"
"6227756",371834,2025-11-05 03:57:05,43.3296394348145,-8.49898910522461,"Unknown"
"6227756",371834,2025-11-05 04:07:56,43.3294906616211,-8.49899864196777,"Unknown"
"6227756",371834,2025-11-05 04:17:04,43.3295440673828,-8.49898052215576,"Unknown"
"6227756",371834,2025-11-05 04:27:04,43.3294448852539,-8.49899482727051,"Unknown"
"6227756",371834,2025-11-05 04:37:04,43.3294296264648,-8.49903678894043,"Unknown"
"6227756",371834,2025-11-05 04:47:05,43.3294334411621,-8.49902534484863,"Unknown"
"6227756",371834,2025-11-05 04:57:08,43.3293952941895,-8.49898052215576,"Unknown"
"6227756",371834,2025-11-05 05:07:06,43.3293876647949,-8.49896430969238,"Unknown"
"6227756",371834,2025-11-05 05:17:06,43.3292961120605,-8.49881649017334,"Unknown"
"6227756",371834,2025-11-05 05:27:08,43.3294334411621,-8.49896621704102,"Unknown"
"6227756",371834,2025-11-05 05:37:07,43.3293380737305,-8.49884605407715,"Unknown"
"6227756",371834,2025-11-05 05:47:07,43.3293113708496,-8.49884605407715,"Unknown"
"6227756",371834,2025-11-05 05:57:08,43.3295402526855,-8.49906158447266,"Unknown"
"6227756",371834,2025-11-05 06:07:35,43.3294715881348,-8.49900245666504,"Unknown"
"6227756",371834,2025-11-05 06:17:13,43.3294868469238,-8.49900054931641,"Unknown"
"6227756",371834,2025-11-05 06:27:13,43.3294906616211,-8.49901676177979,"Unknown"
"6227756",371834,2025-11-05 06:37:35,43.3294906616211,-8.49899387359619,"Unknown"
"6227756",371834,2025-11-05 06:47:04,43.3294982910156,-8.49896335601807,"Unknown"
"6227756",371834,2025-11-05 06:57:13,43.329475402832,-8.49901580810547,"Unknown"
"6227756",371834,2025-11-05 07:07:07,43.3294563293457,-8.49898529052734,"Unknown"
"6227756",371834,2025-11-05 07:17:04,43.3294448852539,-8.4990062713623,"Unknown"
"6227756",371834,2025-11-05 07:27:04,43.3294868469238,-8.4989652633667,"Unknown"
"6227756",371834,2025-11-05 07:37:04,43.3294868469238,-8.49897956848145,"Unknown"
"6227756",371834,2025-11-05 07:47:04,43.3295211791992,-8.49896812438965,"Unknown"
"6227756",371834,2025-11-05 07:57:04,43.329517364502,-8.49893188476562,"Unknown"
"6227756",371834,2025-11-05 08:07:04,43.3294448852539,-8.49899196624756,"Unknown"
"6227756",371834,2025-11-05 08:17:07,43.3294334411621,-8.4988317489624,"Unknown"
"6227756",371834,2025-11-05 08:27:08,43.3293952941895,-8.49872779846191,"Unknown"
"6227756",371834,2025-11-05 08:37:12,43.329475402832,-8.49897861480713,"Unknown"
"6227756",371834,2025-11-05 08:47:14,43.3292236328125,-8.49853038787842,"Unknown"
"6227756",371834,2025-11-05 08:57:09,43.3294410705566,-8.49892902374268,"Unknown"
"6227756",371834,2025-11-05 09:07:13,43.3292465209961,-8.49865055084229,"Unknown"
"6227756",371834,2025-11-05 09:17:13,43.3296813964844,-8.49927139282227,"Unknown"
"6227756",371834,2025-11-05 09:27:35,43.3294982910156,-8.49899482727051,"Unknown"
"6227756",371834,2025-11-05 09:37:13,43.329532623291,-8.49901008605957,"Unknown"
"6227756",371834,2025-11-05 09:47:07,43.3295364379883,-8.49912452697754,"Unknown"
"6227756",371834,2025-11-05 09:57:07,43.3295364379883,-8.49908828735352,"Unknown"
"6227756",371834,2025-11-05 10:07:05,43.3295021057129,-8.49908447265625,"Unknown"
"6227756",371834,2025-11-05 10:17:06,43.3295364379883,-8.49910163879395,"Unknown"
"6227756",371834,2025-11-05 10:27:06,43.3295097351074,-8.4988956451416,"Unknown"
"6227756",371834,2025-11-05 10:37:10,43.3295631408691,-8.49916172027588,"Unknown"
"6227756",371834,2025-11-05 10:47:11,43.3294372558594,-8.4989013671875,"Unknown"
"6227756",371834,2025-11-05 10:57:15,43.3294792175293,-8.49893188476562,"Unknown"
"6227756",371834,2025-11-05 11:07:14,43.3293533325195,-8.49878311157227,"Unknown"
"6227756",371834,2025-11-05 11:17:35,43.329475402832,-8.49891471862793,"Unknown"
"6227756",371834,2025-11-05 11:27:13,43.3294944763184,-8.49894237518311,"Unknown"
"6227756",371834,2025-11-05 11:37:13,43.3295555114746,-8.49910068511963,"Unknown"
"6227756",371834,2025-11-05 11:47:11,43.3293571472168,-8.49867534637451,"Unknown"
"6227756",371834,2025-11-05 11:57:16,43.3293762207031,-8.49859428405762,"Unknown"
"6227756",371834,2025-11-05 12:07:35,43.3294944763184,-8.4989767074585,"Unknown"
"6227756",371834,2025-11-05 12:17:10,43.3293228149414,-8.49862766265869,"Unknown"
"6227756",371834,2025-11-05 12:27:15,43.3293762207031,-8.49879550933838,"Unknown"
"6227756",371834,2025-11-05 12:37:14,43.3295516967773,-8.49910831451416,"Unknown"
"6227756",371834,2025-11-05 12:47:16,43.3293838500977,-8.49886703491211,"Unknown"
"6227756",371834,2025-11-05 12:57:14,43.3295745849609,-8.49943828582764,"Unknown"
"6227756",371834,2025-11-05 13:07:18,43.3294334411621,-8.49882411956787,"Unknown"
"6227756",371834,2025-11-05 13:17:16,43.3294486999512,-8.49919128417969,"Unknown"
"6227756",371834,2025-11-05 13:27:14,43.3295364379883,-8.49881267547607,"Unknown"
"6227756",371834,2025-11-05 13:37:18,43.3297576904297,-8.49827575683594,"Unknown"
"6227756",371834,2025-11-05 13:47:35,43.3294486999512,-8.49894237518311,"Unknown"
"6227756",371834,2025-11-05 13:57:04,43.3294448852539,-8.4988956451416,"Unknown"
"6227756",371834,2025-11-05 14:07:05,43.3294372558594,-8.49894523620605,"Unknown"
"6227756",371834,2025-11-05 14:17:05,43.3294258117676,-8.49891471862793,"Unknown"
"6227756",371834,2025-11-05 14:27:05,43.329418182373,-8.49886417388916,"Unknown"
"6227756",371834,2025-11-05 14:37:04,43.3294258117676,-8.49893283843994,"Unknown"
"6227756",371834,2025-11-05 14:47:07,43.3294258117676,-8.49886131286621,"Unknown"
"6227756",371834,2025-11-05 14:57:10,43.3294715881348,-8.49889945983887,"Unknown"
"6227756",371834,2025-11-05 15:07:17,43.3295440673828,-8.49895286560059,"Unknown"
"6227756",371834,2025-11-05 15:17:35,43.329517364502,-8.49892997741699,"Unknown"
"6227756",371834,2025-11-05 15:27:05,43.3295059204102,-8.49889945983887,"Unknown"
"6227756",371834,2025-11-05 15:37:10,43.3295478820801,-8.49889373779297,"Unknown"
"6227756",371834,2025-11-05 15:47:08,43.3295288085938,-8.49890899658203,"Unknown"
"6227756",371834,2025-11-05 15:57:08,43.3295707702637,-8.49886703491211,"Unknown"
"6227756",371834,2025-11-05 16:07:11,43.3296241760254,-8.49891567230225,"Unknown"
"6227756",371834,2025-11-05 16:17:35,43.3295021057129,-8.49895668029785,"Unknown"
"6227756",371834,2025-11-05 16:27:04,43.3294372558594,-8.49899101257324,"Unknown"
"6227756",371834,2025-11-05 16:37:04,43.3294639587402,-8.49893951416016,"Unknown"
"6227756",371834,2025-11-05 16:47:04,43.3294868469238,-8.49894714355469,"Unknown"
"6227756",371834,2025-11-05 16:57:04,43.3294944763184,-8.4989595413208,"Unknown"
"6227756",371834,2025-11-05 17:07:05,43.3294792175293,-8.49885940551758,"Unknown"
"6227756",371834,2025-11-05 17:17:04,43.3295249938965,-8.49895668029785,"Unknown"
"6227756",371834,2025-11-05 17:27:05,43.3294906616211,-8.49887084960938,"Unknown"
"6227756",371834,2025-11-05 17:37:06,43.3294830322266,-8.49889183044434,"Unknown"
"6227756",371834,2025-11-05 17:47:35,43.3294982910156,-8.49902439117432,"Unknown"
"6227756",371834,2025-11-05 17:57:06,43.3294448852539,-8.49899959564209,"Unknown"
"6227756",371834,2025-11-05 18:07:05,43.3294410705566,-8.49897575378418,"Unknown"
"6227756",371834,2025-11-05 18:17:10,43.3294448852539,-8.4990234375,"Unknown"
"6227756",371834,2025-11-05 18:27:09,43.3293952941895,-8.49899482727051,"Unknown"
"6227756",371834,2025-11-05 18:37:09,43.3294944763184,-8.49905586242676,"Unknown"
"6227756",371834,2025-11-05 18:47:09,43.3295249938965,-8.49901294708252,"Unknown"
"6227756",371834,2025-11-05 18:57:35,43.3294563293457,-8.49897575378418,"Unknown"
"6227756",371834,2025-11-05 19:07:04,43.3294448852539,-8.49887943267822,"Unknown"
"6227756",371834,2025-11-05 19:17:04,43.329475402832,-8.49891567230225,"Unknown"
"6227756",371834,2025-11-05 19:27:04,43.329475402832,-8.49883556365967,"Unknown"
"6227756",371834,2025-11-05 19:37:05,43.3294639587402,-8.49880313873291,"Unknown"
"6227756",371834,2025-11-05 19:47:04,43.3294677734375,-8.49901866912842,"Unknown"
"6227756",371834,2025-11-05 19:57:06,43.3294219970703,-8.49853897094727,"Unknown"
"6227756",371834,2025-11-05 20:07:06,43.3293914794922,-8.49885749816895,"Unknown"
"6227756",371834,2025-11-05 20:17:06,43.3294868469238,-8.4989538192749,"Unknown"
"6227756",371834,2025-11-05 20:27:14,43.3293876647949,-8.49875545501709,"Unknown"
"6227756",371834,2025-11-05 20:37:35,43.3294563293457,-8.49892902374268,"Unknown"
"6227756",371834,2025-11-05 20:47:06,43.3296432495117,-8.49870777130127,"Unknown"
"6227756",371834,2025-11-05 20:57:05,43.3296890258789,-8.49899673461914,"Unknown"
"6227756",371834,2025-11-05 21:07:05,43.3298072814941,-8.49943828582764,"Unknown"
"6227756",371834,2025-11-05 21:17:05,43.3298301696777,-8.49955368041992,"Unknown"
"6227756",371834,2025-11-05 21:27:07,43.3296966552734,-8.49937915802002,"Unknown"
"6227756",371834,2025-11-05 21:37:13,43.3295555114746,-8.49896049499512,"Unknown"
"6227756",371834,2025-11-05 21:47:09,43.3295211791992,-8.49893856048584,"Unknown"
"6227756",371834,2025-11-05 21:57:10,43.3295364379883,-8.49893283843994,"Unknown"
"6227756",371834,2025-11-05 22:07:11,43.329517364502,-8.4988374710083,"Unknown"
"6227756",371834,2025-11-05 22:17:09,43.3295097351074,-8.49881935119629,"Unknown"
"6227756",371834,2025-11-05 22:27:13,43.3295402526855,-8.49870491027832,"Unknown"
"6227756",371834,2025-11-05 22:37:13,43.3295021057129,-8.49863243103027,"Unknown"
"6227756",371834,2025-11-05 22:47:09,43.3294525146484,-8.49876976013184,"Unknown"
"6227756",371834,2025-11-05 22:57:22,43.3294639587402,-8.49837303161621,"Unknown"
"6227756",371834,2025-11-05 23:07:30,43.3294372558594,-8.49892234802246,"Unknown"
"6227756",371834,2025-11-05 23:17:18,43.3294372558594,-8.49878883361816,"Unknown"
"6227756",371834,2025-11-05 23:27:35,43.3293685913086,-8.49903106689453,"Unknown"
"6227756",371834,2025-11-05 23:37:06,43.3292922973633,-8.49925708770752,"Unknown"
"6227756",371834,2025-11-05 23:47:11,43.3286323547363,-8.49913787841797,"Unknown"
"6227756",371834,2025-11-05 23:57:13,43.328556060791,-8.49904632568359,"Unknown"
"6227756",371834,2025-11-06 00:07:21,43.3294868469238,-8.49899387359619,"Unknown"
"6227756",371834,2025-11-06 00:17:16,43.3307266235352,-8.49884033203125,"Unknown"
"6227756",371834,2025-11-06 00:27:31,43.329833984375,-8.49893569946289,"Unknown"
"6227756",371834,2025-11-06 00:37:13,43.3295593261719,-8.49873542785645,"Unknown"
"6227756",371834,2025-11-06 00:47:13,43.3295478820801,-8.49864482879639,"Unknown"
"6227756",371834,2025-11-06 00:57:13,43.3295745849609,-8.49857616424561,"Unknown"
"6227756",371834,2025-11-06 01:07:13,43.3296585083008,-8.4986400604248,"Unknown"
"6227756",371834,2025-11-06 01:17:19,43.3296356201172,-8.4986400604248,"Unknown"
"6227756",371834,2025-11-06 01:27:13,43.3296318054199,-8.49850654602051,"Unknown"
"6227756",371834,2025-11-06 01:37:13,43.3295783996582,-8.49860572814941,"Unknown"
"6227756",371834,2025-11-06 01:47:12,43.3295707702637,-8.49853992462158,"Unknown"
"6227756",371834,2025-11-06 01:57:13,43.3295555114746,-8.49861717224121,"Unknown"
"6227756",371834,2025-11-06 02:07:18,43.3296546936035,-8.49871063232422,"Unknown"
"6227756",371834,2025-11-06 02:17:20,43.3295669555664,-8.49897384643555,"Unknown"
"6227756",371834,2025-11-06 02:27:15,43.3297386169434,-8.49876308441162,"Unknown"
"6227756",371834,2025-11-06 02:37:15,43.3296089172363,-8.49901676177979,"Unknown"
"6227756",371834,2025-11-06 02:47:35,43.3295478820801,-8.49893474578857,"Unknown"
"6227756",371834,2025-11-06 02:57:07,43.3295211791992,-8.49896430969238,"Unknown"
"6227756",371834,2025-11-06 03:07:07,43.3294448852539,-8.49886703491211,"Unknown"
"6227756",371834,2025-11-06 03:17:07,43.3294906616211,-8.49890232086182,"Unknown"
"6227756",371834,2025-11-06 03:27:09,43.3295555114746,-8.49893283843994,"Unknown"
"6227756",371834,2025-11-06 03:37:12,43.3297424316406,-8.49880981445312,"Unknown"
"6227756",371834,2025-11-06 03:47:13,43.3298454284668,-8.49884700775146,"Unknown"
"6227756",371834,2025-11-06 03:57:13,43.3288612365723,-8.49904441833496,"Unknown"
"6227756",371834,2025-11-06 04:08:28,43.3293609619141,-8.49896144866943,"Unknown"
"6227756",371834,2025-11-06 04:17:12,43.3293800354004,-8.49898815155029,"Unknown"
"6227756",371834,2025-11-06 04:27:07,43.3293724060059,-8.49906063079834,"Unknown"
"6227756",371834,2025-11-06 04:37:09,43.3294219970703,-8.49902248382568,"Unknown"
"6227756",371834,2025-11-06 04:47:09,43.329460144043,-8.49896907806396,"Unknown"
"6227756",371834,2025-11-06 04:57:12,43.3293991088867,-8.49898719787598,"Unknown"
"6227756",371834,2025-11-06 05:07:12,43.329517364502,-8.49907779693604,"Unknown"
"6227756",371834,2025-11-06 05:17:35,43.3294334411621,-8.49897956848145,"Unknown"
"6227756",371834,2025-11-06 05:27:05,43.3298187255859,-8.4992208480835,"Unknown"
"6227756",371834,2025-11-06 05:37:06,43.3293724060059,-8.49887466430664,"Unknown"
"6227756",371834,2025-11-06 05:47:06,43.3292274475098,-8.49876308441162,"Unknown"
"6227756",371834,2025-11-06 05:57:07,43.3292694091797,-8.49883365631104,"Unknown"
"6227756",371834,2025-11-06 06:07:14,43.3297424316406,-8.4991979598999,"Unknown"
"6227756",371834,2025-11-06 06:17:12,43.3297576904297,-8.49932861328125,"Unknown"
"6227756",371834,2025-11-06 06:27:21,43.329418182373,-8.49894905090332,"Unknown"
"6227756",371834,2025-11-06 06:37:13,43.3290939331055,-8.49846744537354,"Unknown"
"6227756",371834,2025-11-06 06:47:13,43.3290176391602,-8.49846267700195,"Unknown"
"6227756",371834,2025-11-06 06:57:21,43.3296546936035,-8.49903297424316,"Unknown"
"6227756",371834,2025-11-06 07:07:35,43.3295059204102,-8.49898147583008,"Unknown"
"6227756",371834,2025-11-06 07:17:04,43.3294868469238,-8.4990291595459,"Unknown"
"6227756",371834,2025-11-06 07:27:04,43.3295402526855,-8.49900531768799,"Unknown"
"6227756",371834,2025-11-06 07:37:04,43.329517364502,-8.49892997741699,"Unknown"
"6227756",371834,2025-11-06 07:47:06,43.3294944763184,-8.4989652633667,"Unknown"
"6227756",371834,2025-11-06 07:57:06,43.3294868469238,-8.49891471862793,"Unknown"
"6227756",371834,2025-11-06 08:07:06,43.3295478820801,-8.49891662597656,"Unknown"
"6227756",371834,2025-11-06 08:17:05,43.3295440673828,-8.49888229370117,"Unknown"
"6227756",371834,2025-11-06 08:27:07,43.3294639587402,-8.49891757965088,"Unknown"
"6227756",371834,2025-11-06 08:37:06,43.3295097351074,-8.49905967712402,"Unknown"
"6227756",371834,2025-11-06 08:47:11,43.3293991088867,-8.49880695343018,"Unknown"
"6227756",371834,2025-11-06 08:57:07,43.3294677734375,-8.4989070892334,"Unknown"
"6227756",371834,2025-11-06 09:07:13,43.329532623291,-8.49898910522461,"Unknown"
"6227756",371834,2025-11-06 09:17:11,43.3278656005859,-8.49676036834717,"Unknown"
"6227756",371834,2025-11-06 09:27:25,43.3291854858398,-8.49859523773193,"Unknown"
"6227756",371834,2025-11-06 09:37:35,43.3295097351074,-8.49901962280273,"Unknown"
"6227756",371834,2025-11-06 09:47:05,43.3295059204102,-8.49902629852295,"Unknown"
"6227756",371834,2025-11-06 09:57:06,43.3295669555664,-8.49909591674805,"Unknown"
"6227756",371834,2025-11-06 10:07:06,43.3295288085938,-8.49909210205078,"Unknown"
"6227756",371834,2025-11-06 10:17:07,43.3295097351074,-8.49856948852539,"Unknown"
"6227756",371834,2025-11-06 10:27:06,43.3295822143555,-8.49861717224121,"Unknown"
"6227756",371834,2025-11-06 10:37:10,43.3295059204102,-8.49880504608154,"Unknown"
"6227756",371834,2025-11-06 10:47:12,43.3293762207031,-8.49871158599854,"Unknown"
"6227756",371834,2025-11-06 10:57:15,43.3294334411621,-8.49854278564453,"Unknown"
"6227756",371834,2025-11-06 11:07:12,43.3293533325195,-8.49905300140381,"Unknown"
"6227756",371834,2025-11-06 11:17:14,43.3289642333984,-8.49823474884033,"Unknown"
"6227756",371834,2025-11-06 11:27:14,43.3292007446289,-8.49857711791992,"Unknown"
"6227756",371834,2025-11-06 11:37:14,43.3292617797852,-8.49857807159424,"Unknown"
"6227756",371834,2025-11-06 11:47:20,43.3304672241211,-8.50085830688477,"Unknown"
"6227756",371834,2025-11-06 11:57:35,43.3294486999512,-8.49889469146729,"Unknown"
"6227756",371834,2025-11-06 12:07:10,43.3288078308105,-8.49771595001221,"Unknown"
"6227756",371834,2025-11-06 12:17:37,43.3294448852539,-8.49890327453613,"Unknown"
"6227756",371834,2025-11-06 12:27:20,43.3294639587402,-8.49890804290771,"Unknown"
"6227756",371834,2025-11-06 12:37:38,43.3295555114746,-8.49896049499512,"Unknown"
"6227756",371834,2025-11-06 12:47:31,43.3291397094727,-8.49895286560059,"Unknown"
"6227756",371834,2025-11-06 12:57:10,43.3293800354004,-8.49897575378418,"Unknown"
"6227756",371834,2025-11-06 13:07:07,43.329402923584,-8.49895572662354,"Unknown"
"6227756",371834,2025-11-06 13:17:09,43.3294448852539,-8.49894332885742,"Unknown"
"6227756",371834,2025-11-06 13:27:05,43.3294143676758,-8.49895763397217,"Unknown"
"6227756",371834,2025-11-06 13:37:06,43.3296890258789,-8.49930763244629,"Unknown"
"6227756",371834,2025-11-06 13:47:05,43.3295631408691,-8.4990816116333,"Unknown"
"6227756",371834,2025-11-06 13:57:06,43.3299980163574,-8.49946403503418,"Unknown"
"6227756",371834,2025-11-06 14:07:07,43.329475402832,-8.49900150299072,"Unknown"
"6227756",371834,2025-11-06 14:17:09,43.329402923584,-8.49905300140381,"Unknown"
"6227756",371834,2025-11-06 14:27:35,43.3294830322266,-8.49897956848145,"Unknown"
"6227756",371834,2025-11-06 14:37:07,43.3294448852539,-8.49892616271973,"Unknown"
"6227756",371834,2025-11-06 14:47:07,43.3294258117676,-8.49893856048584,"Unknown"
"6227756",371834,2025-11-06 14:57:09,43.3295364379883,-8.49893379211426,"Unknown"
"6227756",371834,2025-11-06 15:07:12,43.329460144043,-8.4989709854126,"Unknown"
"6227756",371834,2025-11-06 15:17:10,43.3294296264648,-8.4989709854126,"Unknown"
"6227756",371834,2025-11-06 15:27:12,43.3294715881348,-8.49897384643555,"Unknown"
"6227756",371834,2025-11-06 15:37:16,43.3294067382812,-8.49893188476562,"Unknown"
"6227756",371834,2025-11-06 15:47:12,43.3295211791992,-8.49893379211426,"Unknown"
"6227756",371834,2025-11-06 15:57:28,43.3294525146484,-8.49900436401367,"Unknown"
"6227756",371834,2025-11-06 16:07:36,43.3295402526855,-8.49893569946289,"Unknown"
"6227756",371834,2025-11-06 16:17:04,43.3294372558594,-8.49902057647705,"Unknown"
"6227756",371834,2025-11-06 16:27:04,43.329517364502,-8.49896144866943,"Unknown"
"6227756",371834,2025-11-06 16:37:04,43.3295059204102,-8.49895668029785,"Unknown"
"6227756",371834,2025-11-06 16:47:04,43.3294868469238,-8.49895095825195,"Unknown"
"6227756",371834,2025-11-06 16:57:04,43.3295249938965,-8.49890995025635,"Unknown"
"6227756",371834,2025-11-06 17:07:04,43.3294486999512,-8.49899864196777,"Unknown"
"6227756",371834,2025-11-06 17:17:04,43.3295288085938,-8.49893569946289,"Unknown"
"6227756",371834,2025-11-06 17:27:04,43.329460144043,-8.49893379211426,"Unknown"
"6227756",371834,2025-11-06 17:37:05,43.329418182373,-8.49893760681152,"Unknown"
"6227756",371834,2025-11-06 17:47:35,43.3294868469238,-8.49896240234375,"Unknown"
"6227756",371834,2025-11-06 17:57:09,43.3295593261719,-8.49905109405518,"Unknown"
"6227756",371834,2025-11-06 18:07:09,43.3295936584473,-8.49910545349121,"Unknown"
"6227756",371834,2025-11-06 18:17:12,43.3295288085938,-8.49905109405518,"Unknown"
"6227756",371834,2025-11-06 18:27:10,43.3295440673828,-8.49900531768799,"Unknown"
"6227756",371834,2025-11-06 18:37:12,43.3294525146484,-8.4988956451416,"Unknown"
"6227756",371834,2025-11-06 18:47:14,43.3294677734375,-8.49903392791748,"Unknown"
"6227756",371834,2025-11-06 18:57:09,43.3295059204102,-8.49896717071533,"Unknown"
"6227756",371834,2025-11-06 19:07:09,43.329475402832,-8.49899196624756,"Unknown"
"6227756",371834,2025-11-06 19:17:14,43.3295516967773,-8.49915599822998,"Unknown"
"6227756",371834,2025-11-06 19:27:08,43.3295631408691,-8.49928188323975,"Unknown"
"6227756",371834,2025-11-06 19:37:15,43.3295440673828,-8.49905395507812,"Unknown"
"6227756",371834,2025-11-06 19:47:35,43.3295249938965,-8.49902534484863,"Unknown"
"6227756",371834,2025-11-06 19:57:04,43.3294448852539,-8.49892520904541,"Unknown"
"6227756",371834,2025-11-06 20:07:05,43.3296508789062,-8.49904727935791,"Unknown"
"6227756",371834,2025-11-06 20:17:05,43.3296585083008,-8.49927234649658,"Unknown"
"6227756",371834,2025-11-06 20:27:06,43.3296279907227,-8.49924373626709,"Unknown"
"6227756",371834,2025-11-06 20:37:35,43.3294448852539,-8.49892902374268,"Unknown"
"6227756",371834,2025-11-06 20:47:05,43.3295097351074,-8.49891376495361,"Unknown"
"6227756",371834,2025-11-06 20:57:10,43.3294105529785,-8.49894714355469,"Unknown"
"6227756",371834,2025-11-06 21:07:12,43.3293113708496,-8.49895668029785,"Unknown"
"6227756",371834,2025-11-06 21:17:12,43.3294334411621,-8.49896049499512,"Unknown"
"6227756",371834,2025-11-06 21:27:09,43.3294830322266,-8.49894618988037,"Unknown"
"6227756",371834,2025-11-06 21:37:17,43.3293838500977,-8.49891948699951,"Unknown"
"6227756",371834,2025-11-06 21:47:14,43.3293342590332,-8.49892902374268,"Unknown"
"6227756",371834,2025-11-06 21:57:16,43.3294143676758,-8.49893951416016,"Unknown"
"6227756",371834,2025-11-06 22:07:15,43.3294219970703,-8.49893283843994,"Unknown"
"6227756",371834,2025-11-06 22:17:12,43.3294067382812,-8.49890804290771,"Unknown"
"6227756",371834,2025-11-06 22:27:35,43.3294258117676,-8.49904155731201,"Unknown"
"6227756",371834,2025-11-06 22:37:05,43.329517364502,-8.49892520904541,"Unknown"
"6227756",371834,2025-11-06 22:47:04,43.3295593261719,-8.49891185760498,"Unknown"
"6227756",371834,2025-11-06 22:57:05,43.3295745849609,-8.49892807006836,"Unknown"
"6227756",371834,2025-11-06 23:07:06,43.3296165466309,-8.49888324737549,"Unknown"
"6227756",371834,2025-11-06 23:17:10,43.3295402526855,-8.49896812438965,"Unknown"
"6227756",371834,2025-11-06 23:27:06,43.3297119140625,-8.49909591674805,"Unknown"
"6227756",371834,2025-11-06 23:37:09,43.3298110961914,-8.49895763397217,"Unknown"
"6227756",371834,2025-11-06 23:47:09,43.3295745849609,-8.49874877929688,"Unknown"
"6227756",371834,2025-11-06 23:57:14,43.3295860290527,-8.49896049499512,"Unknown"
"6227756",371834,2025-11-07 00:07:14,43.3296318054199,-8.49916648864746,"Unknown"
"6227756",371834,2025-11-07 00:17:19,43.3295021057129,-8.49902725219727,"Unknown"
"6227756",371834,2025-11-07 00:27:53,43.3294830322266,-8.49900436401367,"Unknown"
"6227756",371834,2025-11-07 00:37:18,43.3295288085938,-8.49906253814697,"Unknown"
"6227756",371834,2025-11-07 00:47:12,43.329532623291,-8.4990234375,"Unknown"
"6227756",371834,2025-11-07 00:57:12,43.329532623291,-8.49901294708252,"Unknown"
"6227756",371834,2025-11-07 01:07:12,43.3295745849609,-8.49893569946289,"Unknown"
"6227756",371834,2025-11-07 01:17:12,43.3296356201172,-8.49897003173828,"Unknown"
"6227756",371834,2025-11-07 01:27:12,43.3296051025391,-8.49895858764648,"Unknown"
"6227756",371834,2025-11-07 01:37:35,43.3294906616211,-8.49902248382568,"Unknown"
"6227756",371834,2025-11-07 01:47:04,43.3294944763184,-8.49898529052734,"Unknown"
"6227756",371834,2025-11-07 01:57:05,43.3294830322266,-8.49905872344971,"Unknown"
"6227756",371834,2025-11-07 02:07:05,43.3295021057129,-8.49900341033936,"Unknown"
"6227756",371834,2025-11-07 02:17:07,43.3295097351074,-8.49899673461914,"Unknown"
"6227756",371834,2025-11-07 02:27:07,43.3295402526855,-8.49895858764648,"Unknown"
"6227756",371834,2025-11-07 02:37:10,43.3295364379883,-8.49901580810547,"Unknown"
"6227756",371834,2025-11-07 02:47:35,43.3294944763184,-8.49895572662354,"Unknown"
"6227756",371834,2025-11-07 02:57:13,43.3294868469238,-8.49894905090332,"Unknown"
"6227756",371834,2025-11-07 03:07:10,43.3295097351074,-8.49897193908691,"Unknown"
"6227756",371834,2025-11-07 03:17:20,43.3295288085938,-8.49888324737549,"Unknown"
"6227756",371834,2025-11-07 03:27:35,43.3295631408691,-8.4988899230957,"Unknown"
"6227756",371834,2025-11-07 03:37:09,43.3294906616211,-8.49890327453613,"Unknown"
"6227756",371834,2025-11-07 03:48:14,43.3294486999512,-8.49896144866943,"Unknown"
"6227756",371834,2025-11-07 03:57:10,43.3293914794922,-8.49896621704102,"Unknown"
"6227756",371834,2025-11-07 04:07:44,43.3294219970703,-8.49906253814697,"Unknown"
"6227756",371834,2025-11-07 04:17:12,43.3294868469238,-8.49907112121582,"Unknown"
"6227756",371834,2025-11-07 04:27:12,43.3294067382812,-8.49901866912842,"Unknown"
"6227756",371834,2025-11-07 04:37:12,43.3295516967773,-8.49906349182129,"Unknown"
"6227756",371834,2025-11-07 04:47:35,43.3295097351074,-8.49902057647705,"Unknown"
"6227756",371834,2025-11-07 04:57:04,43.3295059204102,-8.49905300140381,"Unknown"
"6227756",371834,2025-11-07 05:07:06,43.3294448852539,-8.49899578094482,"Unknown"
"6227756",371834,2025-11-07 05:17:04,43.329475402832,-8.49902153015137,"Unknown"
"6227756",371834,2025-11-07 05:27:05,43.3296585083008,-8.49905490875244,"Unknown"
"6227756",371834,2025-11-07 05:37:05,43.3295059204102,-8.49893951416016,"Unknown"
"6227756",371834,2025-11-07 05:47:06,43.329418182373,-8.49899101257324,"Unknown"
"6227756",371834,2025-11-07 05:57:08,43.3295021057129,-8.4990406036377,"Unknown"
"6227756",371834,2025-11-07 06:07:35,43.329460144043,-8.49893379211426,"Unknown"
"6227756",371834,2025-11-07 06:17:10,43.3294563293457,-8.49901008605957,"Unknown"
"6227756",371834,2025-11-07 06:27:12,43.329517364502,-8.49895763397217,"Unknown"
"6227756",371834,2025-11-07 06:37:35,43.3294830322266,-8.49903869628906,"Unknown"
"6227756",371834,2025-11-07 06:47:16,43.3294982910156,-8.49893665313721,"Unknown"
"6227756",371834,2025-11-07 06:57:12,43.3295402526855,-8.49900817871094,"Unknown"
"6227756",371834,2025-11-07 07:07:12,43.3294296264648,-8.49902439117432,"Unknown"
"6227756",371834,2025-11-07 07:17:12,43.329460144043,-8.49901390075684,"Unknown"
"6227756",371834,2025-11-07 07:27:12,43.329460144043,-8.49897861480713,"Unknown"
"6227756",371834,2025-11-07 07:37:13,43.3295211791992,-8.49901676177979,"Unknown"
"6227756",371834,2025-11-07 07:47:12,43.3295059204102,-8.49904441833496,"Unknown"
"6227756",371834,2025-11-07 07:57:12,43.3295135498047,-8.49908542633057,"Unknown"
"6227756",371834,2025-11-07 08:07:12,43.3295288085938,-8.49902439117432,"Unknown"
"6227756",371834,2025-11-07 08:17:35,43.3294792175293,-8.49897289276123,"Unknown"
"6227756",371834,2025-11-07 08:27:05,43.3296279907227,-8.49921417236328,"Unknown"
"6227756",371834,2025-11-07 08:37:05,43.3295516967773,-8.49898624420166,"Unknown"
"6227756",371834,2025-11-07 08:47:12,43.329475402832,-8.49901676177979,"Unknown"
"6227756",371834,2025-11-07 08:57:12,43.3295021057129,-8.49897003173828,"Unknown"
"6227756",371834,2025-11-07 09:07:10,43.3295021057129,-8.49899482727051,"Unknown"
"6227756",371834,2025-11-07 09:17:14,43.329532623291,-8.49869441986084,"Unknown"
"6227756",371834,2025-11-07 09:27:12,43.3295555114746,-8.4989070892334,"Unknown"
"6227756",371834,2025-11-07 09:37:35,43.3295211791992,-8.49903774261475,"Unknown"
"6227756",371834,2025-11-07 09:47:07,43.3294868469238,-8.49903202056885,"Unknown"
"6227756",371834,2025-11-07 09:57:07,43.3294906616211,-8.49899291992188,"Unknown"
"6227756",371834,2025-11-07 10:07:06,43.3295631408691,-8.49929332733154,"Unknown"
"6227756",371834,2025-11-07 10:17:06,43.3294525146484,-8.49854564666748,"Unknown"
"6227756",371834,2025-11-07 10:27:07,43.3294982910156,-8.49897289276123,"Unknown"
"6227756",371834,2025-11-07 10:37:09,43.3294715881348,-8.49845409393311,"Unknown"
"6227756",371834,2025-11-07 10:47:10,43.3294677734375,-8.49893093109131,"Unknown"
"6227756",371834,2025-11-07 10:57:12,43.3294715881348,-8.49895000457764,"Unknown"
"6227756",371834,2025-11-07 11:07:09,43.3294372558594,-8.4989013671875,"Unknown"
"6227756",371834,2025-11-07 11:17:13,43.3295822143555,-8.4992618560791,"Unknown"
"6227756",371834,2025-11-07 11:27:12,43.3292846679688,-8.49869537353516,"Unknown"
"6227756",371834,2025-11-07 11:37:37,43.3294715881348,-8.49905681610107,"Unknown"
"6227756",371834,2025-11-07 11:47:09,43.3294715881348,-8.49898338317871,"Unknown"
"6227756",371834,2025-11-07 11:57:09,43.3294868469238,-8.49895000457764,"Unknown"
"6227756",371834,2025-11-07 12:07:12,43.3294830322266,-8.4989595413208,"Unknown"
"6227756",371834,2025-11-07 12:17:18,43.3294944763184,-8.49896621704102,"Unknown"
"6227756",371834,2025-11-07 12:27:35,43.3292121887207,-8.49903869628906,"Unknown"
"6227756",371834,2025-11-07 12:37:06,43.3293075561523,-8.4995002746582,"Unknown"
"6227756",371834,2025-11-07 12:47:09,43.3293914794922,-8.4989538192749,"Unknown"
"6227756",371834,2025-11-07 12:57:07,43.3294410705566,-8.49897766113281,"Unknown"
"6227756",371834,2025-11-07 13:07:07,43.3296203613281,-8.49897575378418,"Unknown"
"6227756",371834,2025-11-07 13:17:07,43.3293952941895,-8.49898433685303,"Unknown"
"6227756",371834,2025-11-07 13:27:10,43.329532623291,-8.49895858764648,"Unknown"
"6227756",371834,2025-11-07 13:37:14,43.3295555114746,-8.49900722503662,"Unknown"
"6227756",371834,2025-11-07 13:47:09,43.3296127319336,-8.49897003173828,"Unknown"
"6227756",371834,2025-11-07 13:57:18,43.3295974731445,-8.4989652633667,"Unknown"
"6227756",371834,2025-11-07 14:07:35,43.3294677734375,-8.49899005889893,"Unknown"
"6227756",371834,2025-11-07 14:17:04,43.3295440673828,-8.49889373779297,"Unknown"
"6227756",371834,2025-11-07 14:27:04,43.3295097351074,-8.4989070892334,"Unknown"
"6227756",371834,2025-11-07 14:37:10,43.329418182373,-8.49887084960938,"Unknown"
"6227756",371834,2025-11-07 14:47:09,43.3294525146484,-8.49884510040283,"Unknown"
"6227756",371834,2025-11-07 14:57:15,43.3294105529785,-8.49859046936035,"Unknown"
"6227756",371834,2025-11-07 15:08:02,43.3294944763184,-8.49842643737793,"Unknown"
"6227756",371834,2025-11-07 15:17:14,43.3294982910156,-8.4988260269165,"Unknown"
"6227756",371834,2025-11-07 15:27:44,43.3294792175293,-8.49888324737549,"Unknown"
"6227756",371834,2025-11-07 15:37:10,43.3294525146484,-8.49888801574707,"Unknown"
"6227756",371834,2025-11-07 15:47:44,43.3294868469238,-8.49892807006836,"Unknown"
"6227756",371834,2025-11-07 15:57:07,43.3293418884277,-8.4988431930542,"Unknown"
"6227756",371834,2025-11-07 16:07:08,43.3290939331055,-8.49874973297119,"Unknown"
"6227756",371834,2025-11-07 16:17:08,43.3292236328125,-8.49881362915039,"Unknown"
"6227756",371834,2025-11-07 16:27:09,43.3293952941895,-8.49886608123779,"Unknown"
"6227756",371834,2025-11-07 16:37:35,43.3294677734375,-8.49898433685303,"Unknown"
"6227756",371834,2025-11-07 16:47:04,43.3294563293457,-8.49895000457764,"Unknown"
"6227756",371834,2025-11-07 16:57:04,43.3294830322266,-8.49893283843994,"Unknown"
"6227756",371834,2025-11-07 17:07:04,43.3294372558594,-8.49886226654053,"Unknown"
"6227756",371834,2025-11-07 17:17:05,43.3294296264648,-8.49890041351318,"Unknown"
"6227756",371834,2025-11-07 17:27:07,43.3293800354004,-8.49897480010986,"Unknown"
"6227756",371834,2025-11-07 17:37:09,43.3292999267578,-8.4987964630127,"Unknown"
"6227756",371834,2025-11-07 17:47:51,43.3294715881348,-8.49897956848145,"Unknown"
"6227756",371834,2025-11-07 17:57:09,43.3295059204102,-8.49893283843994,"Unknown"
"6227756",371834,2025-11-07 18:07:12,43.3292274475098,-8.4987735748291,"Unknown"
"6227756",371834,2025-11-07 18:17:29,43.3294868469238,-8.49896717071533,"Unknown"
"6227756",371834,2025-11-07 18:27:44,43.329460144043,-8.4989070892334,"Unknown"
"6227756",371834,2025-11-07 18:37:07,43.3295707702637,-8.498948097229,"Unknown"
"6227756",371834,2025-11-07 18:47:45,43.3294143676758,-8.49891090393066,"Unknown"
"6227756",371834,2025-11-07 18:57:12,43.329402923584,-8.49882507324219,"Unknown"
"6227756",371834,2025-11-07 19:07:09,43.329418182373,-8.49888134002686,"Unknown"
"6227756",371834,2025-11-07 19:17:11,43.3295936584473,-8.49932289123535,"Unknown"
"6227756",371834,2025-11-07 19:27:35,43.329460144043,-8.49895668029785,"Unknown"
"6227756",371834,2025-11-07 19:37:04,43.3294486999512,-8.49896717071533,"Unknown"
"6227756",371834,2025-11-07 19:47:05,43.3294410705566,-8.49891662597656,"Unknown"
"6227756",371834,2025-11-07 19:57:04,43.329418182373,-8.49891662597656,"Unknown"
"6227756",371834,2025-11-07 20:07:04,43.3293914794922,-8.4989128112793,"Unknown"
"6227756",371834,2025-11-07 20:17:06,43.3295593261719,-8.4991455078125,"Unknown"
"6227756",371834,2025-11-07 20:27:06,43.3292922973633,-8.49892616271973,"Unknown"
"6227756",371834,2025-11-07 20:37:11,43.3294906616211,-8.4989595413208,"Unknown"
"6227756",371834,2025-11-07 20:47:12,43.3295364379883,-8.4988489151001,"Unknown"
"6227756",371834,2025-11-07 20:57:13,43.3295059204102,-8.49898910522461,"Unknown"
"6227756",371834,2025-11-07 21:07:35,43.3295249938965,-8.49898338317871,"Unknown"
"6227756",371834,2025-11-07 21:17:05,43.3297348022461,-8.49953842163086,"Unknown"
"6227756",371834,2025-11-07 21:27:11,43.3295059204102,-8.49893474578857,"Unknown"
"6227756",371834,2025-11-07 21:37:12,43.3295478820801,-8.49893760681152,"Unknown"
"6227756",371834,2025-11-07 21:47:12,43.3295059204102,-8.49895668029785,"Unknown"
"6227756",371834,2025-11-07 21:57:12,43.3295249938965,-8.49886322021484,"Unknown"
"6227756",371834,2025-11-07 22:07:12,43.3294982910156,-8.49891948699951,"Unknown"
"6227756",371834,2025-11-07 22:17:25,43.3295059204102,-8.49880409240723,"Unknown"
"6227756",371834,2025-11-07 22:27:14,43.3295097351074,-8.49870300292969,"Unknown"
"6227756",371834,2025-11-07 22:37:12,43.3295059204102,-8.49849796295166,"Unknown"
"6227756",371834,2025-11-07 22:47:35,43.3295135498047,-8.49896621704102,"Unknown"
"6227756",371834,2025-11-07 22:57:06,43.3294792175293,-8.49905204772949,"Unknown"
"6227756",371834,2025-11-07 23:07:10,43.3295288085938,-8.49893093109131,"Unknown"
"6227756",371834,2025-11-07 23:17:44,43.3294143676758,-8.49909210205078,"Unknown"
"6227756",371834,2025-11-07 23:27:09,43.3294792175293,-8.49899101257324,"Unknown"
"6227756",371834,2025-11-07 23:37:12,43.3293304443359,-8.49903297424316,"Unknown"
"6227756",371834,2025-11-07 23:47:35,43.3292846679688,-8.49899864196777,"Unknown"
"6227756",371834,2025-11-07 23:57:16,43.3295631408691,-8.49905109405518,"Unknown"
"6227756",371834,2025-11-08 00:08:29,43.3295555114746,-8.49904823303223,"Unknown"
"6227756",371834,2025-11-08 00:18:29,43.3295669555664,-8.49906158447266,"Unknown"
"6227756",371834,2025-11-08 00:27:05,43.3294677734375,-8.49948406219482,"Unknown"
"6227756",371834,2025-11-08 00:37:06,43.3294563293457,-8.49871349334717,"Unknown"
"6227756",371834,2025-11-08 00:47:07,43.3294906616211,-8.49898052215576,"Unknown"
"6227756",371834,2025-11-08 00:57:12,43.3294906616211,-8.49898815155029,"Unknown"
"6227756",371834,2025-11-08 01:07:09,43.3295135498047,-8.49901580810547,"Unknown"
"6227756",371834,2025-11-08 01:17:10,43.3295936584473,-8.49895095825195,"Unknown"
"6227756",371834,2025-11-08 01:27:06,43.3294792175293,-8.49873161315918,"Unknown"
"6227756",371834,2025-11-08 01:37:08,43.3294944763184,-8.49876403808594,"Unknown"
"6227756",371834,2025-11-08 01:47:12,43.3295211791992,-8.49908065795898,"Unknown"
"6227756",371834,2025-11-08 01:57:30,43.3296241760254,-8.4989767074585,"Unknown"
"6227756",371834,2025-11-08 02:07:35,43.3294982910156,-8.49899387359619,"Unknown"
"6227756",371834,2025-11-08 02:17:05,43.329517364502,-8.49885845184326,"Unknown"
"6227756",371834,2025-11-08 02:27:04,43.3295135498047,-8.49891376495361,"Unknown"
"6227756",371834,2025-11-08 02:37:05,43.3295135498047,-8.49896240234375,"Unknown"
"6227756",371834,2025-11-08 02:47:04,43.3294906616211,-8.49893760681152,"Unknown"
"6227756",371834,2025-11-08 02:57:08,43.3295288085938,-8.4990234375,"Unknown"
"6227756",371834,2025-11-08 03:07:16,43.3294715881348,-8.49892234802246,"Unknown"
"6227756",371834,2025-11-08 03:17:08,43.3294448852539,-8.49897861480713,"Unknown"
"6227756",371834,2025-11-08 03:27:35,43.3295822143555,-8.49892616271973,"Unknown"
"6227756",371834,2025-11-08 03:37:06,43.3297843933105,-8.49877262115479,"Unknown"
"6227756",371834,2025-11-08 03:47:14,43.3296432495117,-8.49886035919189,"Unknown"
"6227756",371834,2025-11-08 03:57:10,43.3292427062988,-8.49917316436768,"Unknown"
"6227756",371834,2025-11-08 04:07:09,43.329532623291,-8.49899482727051,"Unknown"
"6227756",371834,2025-11-08 04:17:11,43.329475402832,-8.49898242950439,"Unknown"
"6227756",371834,2025-11-08 04:27:10,43.3296394348145,-8.49901390075684,"Unknown"
"6227756",371834,2025-11-08 04:37:09,43.329402923584,-8.49896335601807,"Unknown"
"6227756",371834,2025-11-08 04:47:10,43.3294258117676,-8.49895668029785,"Unknown"
"6227756",371834,2025-11-08 04:57:18,43.3294486999512,-8.49899101257324,"Unknown"
"6227756",371834,2025-11-08 05:07:11,43.3294258117676,-8.49897384643555,"Unknown"
"6227756",371834,2025-11-08 05:17:14,43.3292694091797,-8.49878883361816,"Unknown"
"6227756",371834,2025-11-08 05:27:09,43.329402923584,-8.49888038635254,"Unknown"
"6227756",371834,2025-11-08 05:37:10,43.3293380737305,-8.49882030487061,"Unknown"
"6227756",371834,2025-11-08 05:47:35,43.3294525146484,-8.49892425537109,"Unknown"
"6227756",371834,2025-11-08 05:57:06,43.3294792175293,-8.498948097229,"Unknown"
"6227756",371834,2025-11-08 06:07:05,43.329460144043,-8.49886894226074,"Unknown"
"6227756",371834,2025-11-08 06:17:05,43.329532623291,-8.49909400939941,"Unknown"
"6227756",371834,2025-11-08 06:27:08,43.3294944763184,-8.49899578094482,"Unknown"
"6227756",371834,2025-11-08 06:37:12,43.3294982910156,-8.49897766113281,"Unknown"
"6227756",371834,2025-11-08 06:47:08,43.3295288085938,-8.49903202056885,"Unknown"
"6227756",371834,2025-11-08 06:57:12,43.3294906616211,-8.49896430969238,"Unknown"
"6227756",371834,2025-11-08 07:07:14,43.3294296264648,-8.49901676177979,"Unknown"
"6227756",371834,2025-11-08 07:17:12,43.3295211791992,-8.49902439117432,"Unknown"
"6227756",371834,2025-11-08 07:27:12,43.3295402526855,-8.49900341033936,"Unknown"
"6227756",371834,2025-11-08 07:37:12,43.3294944763184,-8.49898147583008,"Unknown"
"6227756",371834,2025-11-08 07:47:35,43.3295021057129,-8.49892902374268,"Unknown"
"6227756",371834,2025-11-08 07:57:05,43.3295288085938,-8.4990062713623,"Unknown"
"6227756",371834,2025-11-08 08:07:06,43.3295478820801,-8.49900913238525,"Unknown"
"6227756",371834,2025-11-08 08:17:07,43.3294372558594,-8.49886703491211,"Unknown"
"6227756",371834,2025-11-08 08:27:07,43.3294982910156,-8.49904155731201,"Unknown"
"6227756",371834,2025-11-08 08:37:15,43.3294448852539,-8.49894618988037,"Unknown"
"6227756",371834,2025-11-08 08:47:14,43.3293952941895,-8.4989013671875,"Unknown"
"6227756",371834,2025-11-08 08:57:35,43.3294906616211,-8.49897861480713,"Unknown"
"6227756",371834,2025-11-08 09:07:08,43.3296661376953,-8.49923324584961,"Unknown"
"6227756",371834,2025-11-08 09:17:12,43.3294715881348,-8.49898910522461,"Unknown"
"6227756",371834,2025-11-08 09:27:09,43.3295097351074,-8.49905109405518,"Unknown"
"6227756",371834,2025-11-08 09:37:44,43.3295021057129,-8.49904251098633,"Unknown"
"6227756",371834,2025-11-08 09:47:06,43.3295745849609,-8.49901390075684,"Unknown"
"6227756",371834,2025-11-08 09:57:05,43.3294792175293,-8.49903774261475,"Unknown"
"6227756",371834,2025-11-08 10:07:07,43.3295211791992,-8.49910736083984,"Unknown"
"6227756",371834,2025-11-08 10:17:07,43.3295059204102,-8.49913597106934,"Unknown"
"6227756",371834,2025-11-08 10:27:05,43.3297500610352,-8.49829769134521,"Unknown"
"6227756",371834,2025-11-08 10:37:35,43.3294906616211,-8.49898338317871,"Unknown"
"6227756",371834,2025-11-08 10:47:05,43.3294143676758,-8.49909782409668,"Unknown"
"6227756",371834,2025-11-08 10:57:05,43.3294715881348,-8.49891662597656,"Unknown"
"6227756",371834,2025-11-08 11:07:06,43.3294868469238,-8.49892807006836,"Unknown"
"6227756",371834,2025-11-08 11:17:04,43.3294410705566,-8.49906063079834,"Unknown"
"6227756",371834,2025-11-08 11:27:06,43.3294219970703,-8.49891948699951,"Unknown"
"6227756",371834,2025-11-08 11:37:09,43.329532623291,-8.49893856048584,"Unknown"
"6227756",371834,2025-11-08 11:47:10,43.3293724060059,-8.49892711639404,"Unknown"
"6227756",371834,2025-11-08 11:57:10,43.3294982910156,-8.49897575378418,"Unknown"
"6227756",371834,2025-11-08 12:07:07,43.329460144043,-8.49901485443115,"Unknown"
"6227756",371834,2025-11-08 12:17:09,43.3294448852539,-8.49901485443115,"Unknown"
"6227756",371834,2025-11-08 12:27:44,43.3293495178223,-8.49900913238525,"Unknown"
"6227756",371834,2025-11-08 12:37:06,43.3295097351074,-8.4985179901123,"Unknown"
"6227756",371834,2025-11-08 12:47:35,43.3294944763184,-8.49898338317871,"Unknown"
"6227756",371834,2025-11-08 12:57:04,43.3294715881348,-8.49899005889893,"Unknown"
"6227756",371834,2025-11-08 13:07:05,43.3295364379883,-8.49897003173828,"Unknown"
"6227756",371834,2025-11-08 13:17:05,43.3294486999512,-8.49899578094482,"Unknown"
"6227756",371834,2025-11-08 13:27:05,43.3293914794922,-8.49902439117432,"Unknown"
"6227756",371834,2025-11-08 13:37:04,43.3294639587402,-8.49901008605957,"Unknown"
"6227756",371834,2025-11-08 13:47:04,43.3294258117676,-8.49899673461914,"Unknown"
"6227756",371834,2025-11-08 13:57:09,43.3294448852539,-8.49898052215576,"Unknown"
"6227756",371834,2025-11-08 14:07:11,43.3294067382812,-8.49906635284424,"Unknown"
"6227756",371834,2025-11-08 14:17:35,43.3294143676758,-8.49903869628906,"Unknown"
"6227756",371834,2025-11-08 14:27:10,43.3294334411621,-8.49891090393066,"Unknown"
"6227756",371834,2025-11-08 14:37:09,43.3294067382812,-8.49899673461914,"Unknown"
"6227756",371834,2025-11-08 14:47:12,43.3294639587402,-8.49884796142578,"Unknown"
"6227756",371834,2025-11-08 14:57:12,43.3294639587402,-8.49882411956787,"Unknown"
"6227756",371834,2025-11-08 15:07:44,43.3293571472168,-8.50008869171143,"Unknown"
"6227756",371834,2025-11-08 15:17:13,43.3291931152344,-8.49984264373779,"Unknown"
"6227756",371834,2025-11-08 15:27:12,43.3296318054199,-8.49891090393066,"Unknown"
"6227756",371834,2025-11-08 15:37:12,43.3297996520996,-8.49863433837891,"Unknown"
"6227756",371834,2025-11-08 15:48:14,43.3296127319336,-8.49895572662354,"Unknown"
"6227756",371834,2025-11-08 15:57:09,43.3295631408691,-8.4989185333252,"Unknown"
"6227756",371834,2025-11-08 16:07:10,43.3296127319336,-8.49900245666504,"Unknown"
"6227756",371834,2025-11-08 16:17:35,43.3295593261719,-8.49897193908691,"Unknown"
"6227756",371834,2025-11-08 16:27:05,43.3294982910156,-8.49893093109131,"Unknown"
"6227756",371834,2025-11-08 16:37:05,43.3294830322266,-8.49889850616455,"Unknown"
"6227756",371834,2025-11-08 16:47:05,43.3294715881348,-8.49898529052734,"Unknown"
"6227756",371834,2025-11-08 16:57:06,43.3295097351074,-8.49895763397217,"Unknown"
"6227756",371834,2025-11-08 17:07:05,43.3294868469238,-8.49898338317871,"Unknown"
"6227756",371834,2025-11-08 17:17:05,43.3295097351074,-8.49894428253174,"Unknown"
"6227756",371834,2025-11-08 17:27:05,43.3294906616211,-8.4989128112793,"Unknown"
"6227756",371834,2025-11-08 17:37:44,43.3295288085938,-8.49898719787598,"Unknown"
"6227756",371834,2025-11-08 17:47:06,43.329402923584,-8.49889373779297,"Unknown"
"6227756",371834,2025-11-08 17:57:06,43.3294219970703,-8.49892902374268,"Unknown"
"6227756",371834,2025-11-08 18:07:12,43.3299140930176,-8.49954223632812,"Unknown"
"6227756",371834,2025-11-08 18:17:13,43.3295631408691,-8.49893188476562,"Unknown"
"6227756",371834,2025-11-08 18:27:26,43.3294105529785,-8.49885654449463,"Unknown"
"6227756",371834,2025-11-08 18:37:44,43.3295631408691,-8.49901485443115,"Unknown"
"6227756",371834,2025-11-08 18:47:05,43.3297309875488,-8.49912738800049,"Unknown"
"6227756",371834,2025-11-08 18:57:05,43.3295211791992,-8.49903392791748,"Unknown"
"6227756",371834,2025-11-08 19:07:06,43.3294105529785,-8.49898815155029,"Unknown"
"6227756",371834,2025-11-08 19:17:09,43.3293914794922,-8.49869346618652,"Unknown"
"6227756",371834,2025-11-08 19:27:11,43.3294715881348,-8.49897193908691,"Unknown"
"6227756",371834,2025-11-08 19:37:35,43.3294868469238,-8.49901008605957,"Unknown"
"6227756",371834,2025-11-08 19:47:19,43.3294792175293,-8.49897003173828,"Unknown"
"6227756",371834,2025-11-08 19:57:13,43.3294792175293,-8.49898529052734,"Unknown"
"6227756",371834,2025-11-08 20:07:13,43.3294982910156,-8.4988956451416,"Unknown"
"6227756",371834,2025-11-08 20:17:18,43.3294715881348,-8.49897003173828,"Unknown"
"6227756",371834,2025-11-08 20:27:35,43.3294830322266,-8.49904441833496,"Unknown"
"6227756",371834,2025-11-08 20:37:09,43.329402923584,-8.49895095825195,"Unknown"
"6227756",371834,2025-11-08 20:47:19,43.3294944763184,-8.49900817871094,"Unknown"
"6227756",371834,2025-11-08 20:57:08,43.3297119140625,-8.49924182891846,"Unknown"
"6227756",371834,2025-11-08 21:07:44,43.3295288085938,-8.49902248382568,"Unknown"
"6227756",371834,2025-11-08 21:17:07,43.3296890258789,-8.49946403503418,"Unknown"
"6227756",371834,2025-11-08 21:27:13,43.3296394348145,-8.49938106536865,"Unknown"
"6227756",371834,2025-11-08 21:37:19,43.3295364379883,-8.4988899230957,"Unknown"
"6227756",371834,2025-11-08 21:47:35,43.3295211791992,-8.49893951416016,"Unknown"
"6227756",371834,2025-11-08 21:57:12,43.3295288085938,-8.4989652633667,"Unknown"
"6227756",371834,2025-11-08 22:07:05,43.3295364379883,-8.49891948699951,"Unknown"
"6227756",371834,2025-11-08 22:17:08,43.3294792175293,-8.4989709854126,"Unknown"
"6227756",371834,2025-11-08 22:27:06,43.3295097351074,-8.49891662597656,"Unknown"
"6227756",371834,2025-11-08 22:37:05,43.329460144043,-8.49908351898193,"Unknown"
"6227756",371834,2025-11-08 22:47:14,43.3293991088867,-8.49902820587158,"Unknown"
"6227756",371834,2025-11-08 22:57:10,43.3294525146484,-8.49899291992188,"Unknown"
"6227756",371834,2025-11-08 23:07:11,43.3296165466309,-8.49897384643555,"Unknown"
"6227756",371834,2025-11-08 23:17:15,43.3295249938965,-8.498948097229,"Unknown"
"6227756",371834,2025-11-08 23:27:21,43.3294372558594,-8.49894046783447,"Unknown"
"6227756",371834,2025-11-08 23:37:13,43.3295097351074,-8.49898338317871,"Unknown"
"6227756",371834,2025-11-08 23:47:10,43.3294372558594,-8.49890804290771,"Unknown"
"6227756",371834,2025-11-08 23:57:44,43.329532623291,-8.4990291595459,"Unknown"
"6227756",371834,2025-11-09 00:07:07,43.3296318054199,-8.49951839447021,"Unknown"
"6227756",371834,2025-11-09 00:17:06,43.3296051025391,-8.49936771392822,"Unknown"
"6227756",371834,2025-11-09 00:27:06,43.3295745849609,-8.49936008453369,"Unknown"
"6227756",371834,2025-11-09 00:37:08,43.3296546936035,-8.49921131134033,"Unknown"
"6227756",371834,2025-11-09 00:47:13,43.3296318054199,-8.49904251098633,"Unknown"
"6227756",371834,2025-11-09 00:57:20,43.3296813964844,-8.49908447265625,"Unknown"
"6227756",371834,2025-11-09 01:07:21,43.3297233581543,-8.49907302856445,"Unknown"
"6227756",371834,2025-11-09 01:17:13,43.3297805786133,-8.49904537200928,"Unknown"
"6227756",371834,2025-11-09 01:27:21,43.3297843933105,-8.49903202056885,"Unknown"
"6227756",371834,2025-11-09 01:37:21,43.3298683166504,-8.49901962280273,"Unknown"
"6227756",371834,2025-11-09 01:47:35,43.3297729492188,-8.49900245666504,"Unknown"
"6227756",371834,2025-11-09 01:57:06,43.3298187255859,-8.49909114837646,"Unknown"
"6227756",371834,2025-11-09 02:07:35,43.329517364502,-8.49895572662354,"Unknown"
"6227756",371834,2025-11-09 02:17:05,43.3295135498047,-8.49902725219727,"Unknown"
"6227756",371834,2025-11-09 02:27:05,43.3293991088867,-8.49893379211426,"Unknown"
"6227756",371834,2025-11-09 02:37:06,43.3294448852539,-8.49892520904541,"Unknown"
"6227756",371834,2025-11-09 02:47:07,43.329345703125,-8.49892616271973,"Unknown"
"6227756",371834,2025-11-09 02:57:08,43.3293800354004,-8.49905300140381,"Unknown"
"6227756",371834,2025-11-09 03:07:19,43.329475402832,-8.4991340637207,"Unknown"
"6227756",371834,2025-11-09 03:17:35,43.3294792175293,-8.49906539916992,"Unknown"
"6227756",371834,2025-11-09 03:27:06,43.3294448852539,-8.49909019470215,"Unknown"
"6227756",371834,2025-11-09 03:37:06,43.3295249938965,-8.49899673461914,"Unknown"
"6227756",371834,2025-11-09 03:47:05,43.3294486999512,-8.49913692474365,"Unknown"
"6227756",371834,2025-11-09 03:57:06,43.3295059204102,-8.4990062713623,"Unknown"
"6227756",371834,2025-11-09 04:07:06,43.3293876647949,-8.49900436401367,"Unknown"
"6227756",371834,2025-11-09 04:17:06,43.3294219970703,-8.49895572662354,"Unknown"
"6227756",371834,2025-11-09 04:27:07,43.3294334411621,-8.49890804290771,"Unknown"
"6227756",371834,2025-11-09 04:37:08,43.3294219970703,-8.49890995025635,"Unknown"
"6227756",371834,2025-11-09 04:47:07,43.3294944763184,-8.49893188476562,"Unknown"
"6227756",371834,2025-11-09 04:57:08,43.3293914794922,-8.49882888793945,"Unknown"
"6227756",371834,2025-11-09 05:07:09,43.3294219970703,-8.49880218505859,"Unknown"
"6227756",371834,2025-11-09 05:17:08,43.3294982910156,-8.49884223937988,"Unknown"
"6227756",371834,2025-11-09 05:27:09,43.3294486999512,-8.49892902374268,"Unknown"
"6227756",371834,2025-11-09 05:37:10,43.3296051025391,-8.49907207489014,"Unknown"
"6227756",371834,2025-11-09 05:47:35,43.3294410705566,-8.49899578094482,"Unknown"
"6227756",371834,2025-11-09 05:57:07,43.3295021057129,-8.4990234375,"Unknown"
"6227756",371834,2025-11-09 06:07:09,43.3295402526855,-8.49912261962891,"Unknown"
"6227756",371834,2025-11-09 06:17:09,43.3294410705566,-8.49893379211426,"Unknown"
"6227756",371834,2025-11-09 06:27:08,43.3295364379883,-8.49914073944092,"Unknown"
"6227756",371834,2025-11-09 06:37:12,43.3295364379883,-8.4991283416748,"Unknown"
"6227756",371834,2025-11-09 06:47:13,43.3294715881348,-8.49910163879395,"Unknown"
"6227756",371834,2025-11-09 06:57:20,43.329460144043,-8.49903583526611,"Unknown"
"6227756",371834,2025-11-09 07:07:35,43.329532623291,-8.49899482727051,"Unknown"
"6227756",371834,2025-11-09 07:17:07,43.3295402526855,-8.49893856048584,"Unknown"
"6227756",371834,2025-11-09 07:27:08,43.3294792175293,-8.49899768829346,"Unknown"
"6227756",371834,2025-11-09 07:37:44,43.3294868469238,-8.49902439117432,"Unknown"
"6227756",371834,2025-11-09 07:47:05,43.3295211791992,-8.49893856048584,"Unknown"
"6227756",371834,2025-11-09 07:57:06,43.3293418884277,-8.49899101257324,"Unknown"
"6227756",371834,2025-11-09 08:07:06,43.3294792175293,-8.49903869628906,"Unknown"
"6227756",371834,2025-11-09 08:17:09,43.3291854858398,-8.4988956451416,"Unknown"
"6227756",371834,2025-11-09 08:27:10,43.3294448852539,-8.4989652633667,"Unknown"
"6227756",371834,2025-11-09 08:37:35,43.3294982910156,-8.49901008605957,"Unknown"
"6227756",371834,2025-11-09 08:47:05,43.3295631408691,-8.49913597106934,"Unknown"
"6227756",371834,2025-11-09 08:57:06,43.3295707702637,-8.499192237854,"Unknown"
"6227756",371834,2025-11-09 09:07:05,43.329532623291,-8.49915504455566,"Unknown"
"6227756",371834,2025-11-09 09:17:05,43.3294830322266,-8.4990930557251,"Unknown"
"6227756",371834,2025-11-09 09:27:06,43.3295936584473,-8.49936008453369,"Unknown"
"6227756",371834,2025-11-09 09:37:07,43.329704284668,-8.49953746795654,"Unknown"
"6227756",371834,2025-11-09 09:47:07,43.3294296264648,-8.49901103973389,"Unknown"
"6227756",371834,2025-11-09 09:57:07,43.3293685913086,-8.49887084960938,"Unknown"
"6227756",371834,2025-11-09 10:07:07,43.3293266296387,-8.4986686706543,"Unknown"
"6227756",371834,2025-11-09 10:17:07,43.3292655944824,-8.49857711791992,"Unknown"
"6227756",371834,2025-11-09 10:27:08,43.3295707702637,-8.49940299987793,"Unknown"
"6227756",371834,2025-11-09 10:37:10,43.3295669555664,-8.49940872192383,"Unknown"
"6227756",371834,2025-11-09 10:47:20,43.3295059204102,-8.49930191040039,"Unknown"
"6227756",371834,2025-11-09 10:57:33,43.3294715881348,-8.49903011322021,"Unknown"
"6227756",371834,2025-11-09 11:07:05,43.3294830322266,-8.49898719787598,"Unknown"
"6227756",371834,2025-11-09 11:17:05,43.3294486999512,-8.49898338317871,"Unknown"
"6227756",371834,2025-11-09 11:27:05,43.3293991088867,-8.49888229370117,"Unknown"
"6227756",371834,2025-11-09 11:37:07,43.3293952941895,-8.49894046783447,"Unknown"
"6227756",371834,2025-11-09 11:47:08,43.329532623291,-8.49907302856445,"Unknown"
"6227756",371834,2025-11-09 11:57:40,43.3294563293457,-8.49885749816895,"Unknown"
"6227756",371834,2025-11-09 12:07:05,43.3294906616211,-8.49907398223877,"Unknown"
"6227756",371834,2025-11-09 12:17:06,43.3292922973633,-8.49909973144531,"Unknown"
"6227756",371834,2025-11-09 12:27:06,43.329517364502,-8.4993314743042,"Unknown"
"6227756",371834,2025-11-09 12:37:06,43.3293991088867,-8.49924564361572,"Unknown"
"6227756",371834,2025-11-09 12:47:35,43.3294525146484,-8.49899101257324,"Unknown"
"6227756",371834,2025-11-09 12:57:05,43.3294143676758,-8.49900245666504,"Unknown"
"6227756",371834,2025-11-09 13:07:05,43.3294296264648,-8.49905395507812,"Unknown"
"6227756",371834,2025-11-09 13:17:05,43.3294906616211,-8.49898624420166,"Unknown"
"6227756",371834,2025-11-09 13:27:05,43.3294525146484,-8.49900245666504,"Unknown"
"6227756",371834,2025-11-09 13:37:05,43.3294105529785,-8.49902153015137,"Unknown"
"6227756",371834,2025-11-09 13:47:05,43.3294372558594,-8.4990177154541,"Unknown"
"6227756",371834,2025-11-09 13:57:06,43.3294448852539,-8.49894428253174,"Unknown"
"6227756",371834,2025-11-09 14:07:06,43.3294448852539,-8.49888515472412,"Unknown"
"6227756",371834,2025-11-09 14:17:05,43.3294258117676,-8.49900817871094,"Unknown"
"6227756",371834,2025-11-09 14:27:12,43.3294219970703,-8.49903964996338,"Unknown"
"6227756",371834,2025-11-09 14:37:30,43.3294143676758,-8.49900436401367,"Unknown"
"6227756",371834,2025-11-09 14:47:10,43.3294258117676,-8.49909019470215,"Unknown"
"6227756",371834,2025-11-09 14:57:35,43.3294944763184,-8.49899768829346,"Unknown"
"6227756",371834,2025-11-09 15:07:08,43.3295288085938,-8.49909019470215,"Unknown"
"6227756",371834,2025-11-09 15:17:44,43.3295516967773,-8.49894332885742,"Unknown"
"6227756",371834,2025-11-09 15:27:05,43.3295669555664,-8.49904823303223,"Unknown"
"6227756",371834,2025-11-09 15:37:07,43.3295555114746,-8.49886894226074,"Unknown"
"6227756",371834,2025-11-09 15:47:44,43.3295707702637,-8.49892616271973,"Unknown"
"6227756",371834,2025-11-09 15:57:07,43.329532623291,-8.49898719787598,"Unknown"
"6227756",371834,2025-11-09 16:07:07,43.3295936584473,-8.49902534484863,"Unknown"
"6227756",371834,2025-11-09 16:17:06,43.3295440673828,-8.4989652633667,"Unknown"
"6227756",371834,2025-11-09 16:27:07,43.3296051025391,-8.49899005889893,"Unknown"
"6227756",371834,2025-11-09 16:37:35,43.3294868469238,-8.4990119934082,"Unknown"
"6227756",371834,2025-11-09 16:47:05,43.3294715881348,-8.49895668029785,"Unknown"
"6227756",371834,2025-11-09 16:57:05,43.3294868469238,-8.49893474578857,"Unknown"
"6227756",371834,2025-11-09 17:07:05,43.329475402832,-8.49893569946289,"Unknown"
"6227756",371834,2025-11-09 17:17:05,43.3294868469238,-8.49892807006836,"Unknown"
"6227756",371834,2025-11-09 17:27:05,43.3293914794922,-8.49885177612305,"Unknown"
"6227756",371834,2025-11-09 17:37:35,43.3294868469238,-8.49900913238525,"Unknown"
"6227756",371834,2025-11-09 17:47:06,43.329647064209,-8.49904727935791,"Unknown"
"6227756",371834,2025-11-09 17:57:06,43.3295860290527,-8.49913501739502,"Unknown"
"6227756",371834,2025-11-09 18:07:08,43.3299102783203,-8.49947166442871,"Unknown"
"6227756",371834,2025-11-09 18:17:09,43.3295440673828,-8.49904823303223,"Unknown"
"6227756",371834,2025-11-09 18:27:12,43.3295097351074,-8.49900817871094,"Unknown"
"6227756",371834,2025-11-09 18:37:44,43.3295097351074,-8.49895763397217,"Unknown"
"6227756",371834,2025-11-09 18:47:09,43.3295059204102,-8.49908924102783,"Unknown"
"6227756",371834,2025-11-09 18:57:07,43.3294906616211,-8.49894905090332,"Unknown"
"6227756",371834,2025-11-09 19:07:06,43.3295669555664,-8.49908351898193,"Unknown"
"6227756",371834,2025-11-09 19:17:06,43.3295288085938,-8.4990406036377,"Unknown"
"6227756",371834,2025-11-09 19:27:06,43.3297500610352,-8.49941825866699,"Unknown"
"6227756",371834,2025-11-09 19:37:35,43.3294258117676,-8.49899673461914,"Unknown"
"6227756",371834,2025-11-09 19:47:05,43.3294067382812,-8.49899864196777,"Unknown"
"6227756",371834,2025-11-09 19:57:05,43.3295135498047,-8.49895095825195,"Unknown"
"6227756",371834,2025-11-09 20:07:05,43.3294639587402,-8.49901103973389,"Unknown"
"6227756",371834,2025-11-09 20:17:07,43.3294715881348,-8.49901008605957,"Unknown"
"6227756",371834,2025-11-09 20:27:07,43.3293418884277,-8.49885082244873,"Unknown"
"6227756",371834,2025-11-09 20:37:18,43.3295021057129,-8.49902534484863,"Unknown"
"6227756",371834,2025-11-09 20:47:19,43.3295059204102,-8.49902629852295,"Unknown"
"6227756",371834,2025-11-09 20:57:35,43.3295478820801,-8.49897289276123,"Unknown"
"6227756",371834,2025-11-09 21:07:15,43.3294792175293,-8.49896907806396,"Unknown"
"6227756",371834,2025-11-09 21:17:18,43.3294715881348,-8.49893283843994,"Unknown"
"6227756",371834,2025-11-09 21:27:30,43.3295974731445,-8.49897384643555,"Unknown"
"6227756",371834,2025-11-09 21:37:19,43.3295860290527,-8.49891757965088,"Unknown"
"6227756",371834,2025-11-09 21:47:35,43.3294982910156,-8.49896335601807,"Unknown"
"6227756",371834,2025-11-09 21:57:05,43.3294944763184,-8.49894332885742,"Unknown"
"6227756",371834,2025-11-09 22:07:06,43.3293838500977,-8.49905395507812,"Unknown"
"6227756",371834,2025-11-09 22:17:07,43.3294448852539,-8.49900341033936,"Unknown"
"6227756",371834,2025-11-09 22:27:06,43.3294410705566,-8.49897956848145,"Unknown"
"6227756",371834,2025-11-09 22:37:05,43.3294258117676,-8.49907970428467,"Unknown"
"6227756",371834,2025-11-09 22:47:07,43.3294677734375,-8.49902820587158,"Unknown"
"6227756",371834,2025-11-09 22:57:06,43.3294639587402,-8.49902725219727,"Unknown"
"6227756",371834,2025-11-09 23:07:06,43.3295402526855,-8.49894237518311,"Unknown"
"6227756",371834,2025-11-09 23:17:06,43.3296127319336,-8.4989595413208,"Unknown"
"6227756",371834,2025-11-09 23:27:09,43.3296775817871,-8.49901008605957,"Unknown"
"6227756",371834,2025-11-09 23:37:10,43.3296279907227,-8.4990119934082,"Unknown"
"6227756",371834,2025-11-09 23:47:17,43.3294296264648,-8.49896430969238,"Unknown"
"6227756",371834,2025-11-09 23:57:44,43.329517364502,-8.4990406036377,"Unknown"
"6227756",371834,2025-11-10 00:07:06,43.3295364379883,-8.49917888641357,"Unknown"
"6227756",371834,2025-11-10 00:17:06,43.3295249938965,-8.49918079376221,"Unknown"
"6227756",371834,2025-11-10 00:27:07,43.3295249938965,-8.49920272827148,"Unknown"
"6227756",371834,2025-11-10 00:37:06,43.3295097351074,-8.49919319152832,"Unknown"
"6227756",371834,2025-11-10 00:47:18,43.3295669555664,-8.49905014038086,"Unknown"
"6227756",371834,2025-11-10 00:57:18,43.3295631408691,-8.49903678894043,"Unknown"
"6227756",371834,2025-11-10 01:07:19,43.3295974731445,-8.49905300140381,"Unknown"
"6227756",371834,2025-11-10 01:17:20,43.3296890258789,-8.49902057647705,"Unknown"
"6227756",371834,2025-11-10 01:27:19,43.3296928405762,-8.498948097229,"Unknown"
"6227756",371834,2025-11-10 01:37:12,43.3296775817871,-8.49899291992188,"Unknown"
"6227756",371834,2025-11-10 01:47:35,43.3295288085938,-8.49898910522461,"Unknown"
"6227756",371834,2025-11-10 01:57:05,43.329532623291,-8.49896907806396,"Unknown"
"6227756",371834,2025-11-10 02:07:05,43.3295631408691,-8.49901294708252,"Unknown"
"6227756",371834,2025-11-10 02:17:05,43.329475402832,-8.49891090393066,"Unknown"
"6227756",371834,2025-11-10 02:27:05,43.3295631408691,-8.49908256530762,"Unknown"
"6227756",371834,2025-11-10 02:37:05,43.3294448852539,-8.49900245666504,"Unknown"
"6227756",371834,2025-11-10 02:47:07,43.3294219970703,-8.49893856048584,"Unknown"
"6227756",371834,2025-11-10 02:57:08,43.3294868469238,-8.49907398223877,"Unknown"
"6227756",371834,2025-11-10 03:07:08,43.3294944763184,-8.49903678894043,"Unknown"
"6227756",371834,2025-11-10 03:17:53,43.3294868469238,-8.4990291595459,"Unknown"
"6227756",371834,2025-11-10 03:27:09,43.3288192749023,-8.49882030487061,"Unknown"
"6227756",371834,2025-11-10 03:37:39,43.3293914794922,-8.49903011322021,"Unknown"
"6227756",371834,2025-11-10 03:47:42,43.3295021057129,-8.49908351898193,"Unknown"
"6227756",371834,2025-11-10 03:57:06,43.32958984375,-8.49918556213379,"Unknown"
"6227756",371834,2025-11-10 04:07:10,43.3294830322266,-8.49905204772949,"Unknown"
"6227756",371834,2025-11-10 04:17:16,43.3294105529785,-8.49888515472412,"Unknown"
"6227756",371834,2025-11-10 04:27:12,43.3294410705566,-8.49892330169678,"Unknown"
"6227756",371834,2025-11-10 04:37:19,43.3295440673828,-8.49902439117432,"Unknown"
"6227756",371834,2025-11-10 04:47:35,43.3294982910156,-8.49900913238525,"Unknown"
"6227756",371834,2025-11-10 04:57:05,43.329517364502,-8.49898529052734,"Unknown"
"6227756",371834,2025-11-10 05:07:05,43.3294868469238,-8.49901866912842,"Unknown"
"6227756",371834,2025-11-10 05:17:05,43.3295402526855,-8.4990177154541,"Unknown"
"6227756",371834,2025-11-10 05:27:05,43.3294219970703,-8.49900341033936,"Unknown"
"6227756",371834,2025-11-10 05:37:07,43.3294982910156,-8.49892044067383,"Unknown"
"6227756",371834,2025-11-10 05:47:07,43.3295059204102,-8.49911594390869,"Unknown"
"6227756",371834,2025-11-10 05:57:09,43.3294944763184,-8.49904727935791,"Unknown"
"6227756",371834,2025-11-10 06:07:35,43.3294715881348,-8.49895000457764,"Unknown"
"6227756",371834,2025-11-10 06:17:09,43.3292121887207,-8.49868297576904,"Unknown"
"6227756",371834,2025-11-10 06:27:18,43.3294944763184,-8.49899864196777,"Unknown"
"6227756",371834,2025-11-10 06:37:15,43.3294715881348,-8.49900722503662,"Unknown"
"6227756",371834,2025-11-10 06:47:11,43.3295402526855,-8.49913215637207,"Unknown"
"6227756",371834,2025-11-10 06:57:35,43.3295021057129,-8.49901866912842,"Unknown"
"6227756",371834,2025-11-10 07:07:05,43.3295059204102,-8.49892902374268,"Unknown"
"6227756",371834,2025-11-10 07:17:05,43.3295135498047,-8.49900150299072,"Unknown"
"6227756",371834,2025-11-10 07:27:06,43.3294792175293,-8.49899673461914,"Unknown"
"6227756",371834,2025-11-10 07:37:05,43.3294677734375,-8.49900531768799,"Unknown"
"6227756",371834,2025-11-10 07:47:05,43.329532623291,-8.49900913238525,"Unknown"
"6227756",371834,2025-11-10 07:57:05,43.329532623291,-8.4990234375,"Unknown"
"6227756",371834,2025-11-10 08:07:07,43.3294563293457,-8.49896144866943,"Unknown"
"6227756",371834,2025-11-10 08:17:07,43.329460144043,-8.49895000457764,"Unknown"
"6227756",371834,2025-11-10 08:27:09,43.3295402526855,-8.49900150299072,"Unknown"
"6227756",371834,2025-11-10 08:37:12,43.3295059204102,-8.49893760681152,"Unknown"
"6227756",371834,2025-11-10 08:47:35,43.3294677734375,-8.4990234375,"Unknown"
"6227756",371834,2025-11-10 08:57:07,43.3298263549805,-8.49937343597412,"Unknown"
"6227756",371834,2025-11-10 09:07:15,43.3294830322266,-8.49896335601807,"Unknown"
"6227756",371834,2025-11-10 09:17:16,43.3294792175293,-8.49896430969238,"Unknown"
"6227756",371834,2025-11-10 09:27:10,43.3295822143555,-8.49920082092285,"Unknown"
"6227756",371834,2025-11-10 09:37:35,43.3294677734375,-8.49898147583008,"Unknown"
"6227756",371834,2025-11-10 09:47:06,43.3295288085938,-8.49910068511963,"Unknown"
"6227756",371834,2025-11-10 09:57:06,43.3294372558594,-8.49901294708252,"Unknown"
"6227756",371834,2025-11-10 10:07:06,43.3294906616211,-8.49907493591309,"Unknown"
"6227756",371834,2025-11-10 10:17:07,43.3294715881348,-8.4990062713623,"Unknown"
"6227756",371834,2025-11-10 10:27:07,43.3295288085938,-8.49923992156982,"Unknown"
"6227756",371834,2025-11-10 10:37:08,43.329475402832,-8.49901008605957,"Unknown"
"6227756",371834,2025-11-10 10:47:07,43.3296051025391,-8.49938774108887,"Unknown"
"6227756",371834,2025-11-10 10:57:07,43.3294448852539,-8.49895286560059,"Unknown"
"6227756",371834,2025-11-10 11:07:11,43.3294906616211,-8.49908828735352,"Unknown"
"6227756",371834,2025-11-10 11:17:15,43.3294868469238,-8.49894237518311,"Unknown"
"6227756",371834,2025-11-10 11:27:18,43.3294868469238,-8.49896049499512,"Unknown"
"6227756",371834,2025-11-10 11:37:12,43.329475402832,-8.49898719787598,"Unknown"
"6227756",371834,2025-11-10 11:47:44,43.3294448852539,-8.49902534484863,"Unknown"
"6227756",371834,2025-11-10 11:57:06,43.3291206359863,-8.4985466003418,"Unknown"
"6227756",371834,2025-11-10 12:07:07,43.3300552368164,-8.499436378479,"Unknown"
"6227756",371834,2025-11-10 12:17:35,43.3295364379883,-8.49900436401367,"Unknown"
"6227756",371834,2025-11-10 12:27:06,43.3295745849609,-8.49921607971191,"Unknown"
"6227756",371834,2025-11-10 12:37:08,43.3293762207031,-8.49883365631104,"Unknown"
"6227756",371834,2025-11-10 12:47:07,43.3295249938965,-8.49915218353271,"Unknown"
"6227756",371834,2025-11-10 12:57:07,43.3295364379883,-8.49938488006592,"Unknown"
"6227756",371834,2025-11-10 13:07:08,43.3294563293457,-8.49762535095215,"Unknown"
"6227756",371834,2025-11-10 13:17:19,43.3293609619141,-8.49898529052734,"Unknown"
"6227756",371834,2025-11-10 13:27:35,43.3293533325195,-8.49900817871094,"Unknown"
"6227756",371834,2025-11-10 13:37:07,43.3293991088867,-8.49906063079834,"Unknown"
"6227756",371834,2025-11-10 13:47:08,43.3294067382812,-8.49901485443115,"Unknown"
"6227756",371834,2025-11-10 13:57:08,43.3293418884277,-8.49904537200928,"Unknown"
"6227756",371834,2025-11-10 14:07:35,43.3294563293457,-8.49897956848145,"Unknown"
"6227756",371834,2025-11-10 14:17:06,43.3294715881348,-8.49893569946289,"Unknown"
"6227756",371834,2025-11-10 14:27:05,43.3294715881348,-8.49895286560059,"Unknown"
"6227756",371834,2025-11-10 14:37:05,43.3294448852539,-8.49890422821045,"Unknown"
"6227756",371834,2025-11-10 14:47:05,43.3295097351074,-8.49887752532959,"Unknown"
"6227756",371834,2025-11-10 14:57:06,43.3294906616211,-8.49901294708252,"Unknown"
"6227756",371834,2025-11-10 15:07:08,43.3295097351074,-8.49899005889893,"Unknown"
"6227756",371834,2025-11-10 15:17:11,43.3295555114746,-8.49896430969238,"Unknown"
"6227756",371834,2025-11-10 15:27:11,43.3298873901367,-8.49932098388672,"Unknown"
"6227756",371834,2025-11-10 15:37:11,43.3294105529785,-8.49881935119629,"Unknown"
"6227756",371834,2025-11-10 15:47:35,43.3294639587402,-8.49902439117432,"Unknown"
"6227756",371834,2025-11-10 15:57:06,43.3294639587402,-8.49897384643555,"Unknown"
"6227756",371834,2025-11-10 16:07:05,43.3294372558594,-8.49906635284424,"Unknown"
"6227756",371834,2025-11-10 16:17:05,43.3294868469238,-8.49896812438965,"Unknown"
"6227756",371834,2025-11-10 16:27:06,43.3294525146484,-8.49901676177979,"Unknown"
"6227756",371834,2025-11-10 16:37:05,43.3294105529785,-8.49906444549561,"Unknown"
"6227756",371834,2025-11-10 16:47:06,43.3294525146484,-8.4990177154541,"Unknown"
"6227756",371834,2025-11-10 16:57:05,43.3294525146484,-8.4989709854126,"Unknown"
"6227756",371834,2025-11-10 17:07:05,43.329475402832,-8.49899101257324,"Unknown"
"6227756",371834,2025-11-10 17:17:35,43.3295135498047,-8.49897766113281,"Unknown"
"6227756",371834,2025-11-10 17:27:05,43.3294792175293,-8.49900054931641,"Unknown"
"6227756",371834,2025-11-10 17:37:05,43.3295097351074,-8.49898529052734,"Unknown"
"6227756",371834,2025-11-10 17:47:06,43.3296241760254,-8.49906826019287,"Unknown"
"6227756",371834,2025-11-10 17:57:10,43.329647064209,-8.49915027618408,"Unknown"
"6227756",371834,2025-11-10 18:07:08,43.3293571472168,-8.49894142150879,"Unknown"
"6227756",371834,2025-11-10 18:17:10,43.3293342590332,-8.49896240234375,"Unknown"
"6227756",371834,2025-11-10 18:27:11,43.3295478820801,-8.49898624420166,"Unknown"
"6227756",371834,2025-11-10 18:37:35,43.3295135498047,-8.49898242950439,"Unknown"
"6227756",371834,2025-11-10 18:47:08,43.3294792175293,-8.49895572662354,"Unknown"
"6227756",371834,2025-11-10 18:57:08,43.3294944763184,-8.498703956604,"Unknown"
"6227756",371834,2025-11-10 19:07:09,43.3295555114746,-8.49887275695801,"Unknown"
"6227756",371834,2025-11-10 19:17:12,43.3295135498047,-8.49873065948486,"Unknown"
"6227756",371834,2025-11-10 19:27:19,43.3295974731445,-8.49898338317871,"Unknown"
"6227756",371834,2025-11-10 19:37:25,43.3296203613281,-8.49902820587158,"Unknown"
"6227756",371834,2025-11-10 19:47:35,43.3294296264648,-8.49897384643555,"Unknown"
"6227756",371834,2025-11-10 19:57:05,43.3294563293457,-8.49896621704102,"Unknown"
"6227756",371834,2025-11-10 20:07:18,43.3294715881348,-8.49894428253174,"Unknown"
"6227756",371834,2025-11-10 20:17:18,43.3294944763184,-8.4988899230957,"Unknown"
"6227756",371834,2025-11-10 20:27:18,43.3295059204102,-8.49895000457764,"Unknown"
"6227756",371834,2025-11-10 20:37:19,43.3295593261719,-8.49892711639404,"Unknown"
"6227756",371834,2025-11-10 20:47:11,43.3295288085938,-8.49894428253174,"Unknown"
"6227756",371834,2025-11-10 20:57:35,43.3295516967773,-8.49897575378418,"Unknown"
"6227756",371834,2025-11-10 21:07:07,43.3296089172363,-8.4990873336792,"Unknown"
"6227756",371834,2025-11-10 21:17:12,43.3297500610352,-8.49967765808105,"Unknown"
"6227756",371834,2025-11-10 21:27:18,43.3295402526855,-8.49893665313721,"Unknown"
"6227756",371834,2025-11-10 21:37:11,43.3295288085938,-8.49888706207275,"Unknown"
"6227756",371834,2025-11-10 21:47:18,43.3295021057129,-8.49885272979736,"Unknown"
"6227756",371834,2025-11-10 21:57:18,43.3295135498047,-8.49878787994385,"Unknown"
"6227756",371834,2025-11-10 22:07:18,43.3295021057129,-8.49886798858643,"Unknown"
"6227756",371834,2025-11-10 22:17:35,43.3294868469238,-8.49897480010986,"Unknown"
"6227756",371834,2025-11-10 22:27:05,43.329517364502,-8.49893283843994,"Unknown"
"6227756",371834,2025-11-10 22:37:05,43.3294982910156,-8.4989767074585,"Unknown"
"6227756",371834,2025-11-10 22:47:05,43.329460144043,-8.49895858764648,"Unknown"
"6227756",371834,2025-11-10 22:57:06,43.3294830322266,-8.49900150299072,"Unknown"
"6227756",371834,2025-11-10 23:07:05,43.3295097351074,-8.49903202056885,"Unknown"
"6227756",371834,2025-11-10 23:17:05,43.3294944763184,-8.49897193908691,"Unknown"
"6227756",371834,2025-11-10 23:27:06,43.329532623291,-8.49900913238525,"Unknown"
"6227756",371834,2025-11-10 23:37:09,43.3297004699707,-8.49914264678955,"Unknown"
"6227756",371834,2025-11-10 23:47:09,43.3295249938965,-8.49907684326172,"Unknown"
"6227756",371834,2025-11-10 23:57:12,43.3293609619141,-8.49886226654053,"Unknown"
"6227756",371834,2025-11-11 00:07:44,43.3295555114746,-8.49902439117432,"Unknown"
"6227756",371834,2025-11-11 00:17:06,43.3295631408691,-8.49901294708252,"Unknown"
"6227756",371834,2025-11-11 00:27:06,43.3295783996582,-8.49900054931641,"Unknown"
"6227756",371834,2025-11-11 00:37:08,43.3295783996582,-8.49918651580811,"Unknown"
"6227756",371834,2025-11-11 00:47:18,43.3295440673828,-8.4990348815918,"Unknown"
"6227756",371834,2025-11-11 00:57:18,43.3295364379883,-8.49901485443115,"Unknown"
"6227756",371834,2025-11-11 01:07:18,43.3295249938965,-8.49899959564209,"Unknown"
"6227756",371834,2025-11-11 01:17:13,43.3294944763184,-8.49898815155029,"Unknown"
"6227756",371834,2025-11-11 01:27:12,43.3295440673828,-8.49908447265625,"Unknown"
"6227756",371834,2025-11-11 01:37:20,43.3295593261719,-8.49898338317871,"Unknown"
"6227756",371834,2025-11-11 01:47:35,43.3294982910156,-8.49896430969238,"Unknown"
"6227756",371834,2025-11-11 01:57:05,43.3295707702637,-8.49900150299072,"Unknown"
"6227756",371834,2025-11-11 02:07:05,43.3294410705566,-8.49885272979736,"Unknown"
"6227756",371834,2025-11-11 02:17:06,43.3293952941895,-8.49893665313721,"Unknown"
"6227756",371834,2025-11-11 02:27:06,43.3292846679688,-8.4988260269165,"Unknown"
"6227756",371834,2025-11-11 02:37:07,43.329402923584,-8.49895858764648,"Unknown"
"6227756",371834,2025-11-11 02:47:08,43.3294296264648,-8.49885654449463,"Unknown"
"6227756",371834,2025-11-11 02:57:09,43.3293075561523,-8.49896240234375,"Unknown"
"6227756",371834,2025-11-11 03:07:33,43.3294715881348,-8.49894237518311,"Unknown"
"6227756",371834,2025-11-11 03:17:06,43.3296012878418,-8.49901390075684,"Unknown"
"6227756",371834,2025-11-11 03:27:11,43.329418182373,-8.49891757965088,"Unknown"
"6227756",371834,2025-11-11 03:37:11,43.3295211791992,-8.49907302856445,"Unknown"
"6227756",371834,2025-11-11 03:47:08,43.3295745849609,-8.49896430969238,"Unknown"
"6227756",371834,2025-11-11 03:57:35,43.329460144043,-8.49898529052734,"Unknown"
"6227756",371834,2025-11-11 04:07:05,43.3294448852539,-8.49903774261475,"Unknown"
"6227756",371834,2025-11-11 04:17:05,43.3294525146484,-8.49904251098633,"Unknown"
"6227756",371834,2025-11-11 04:27:05,43.3294525146484,-8.49899291992188,"Unknown"
"6227756",371834,2025-11-11 04:37:05,43.3294334411621,-8.49900722503662,"Unknown"
"6227756",371834,2025-11-11 04:47:05,43.3294410705566,-8.49896621704102,"Unknown"
"6227756",371834,2025-11-11 04:57:05,43.3294296264648,-8.49899005889893,"Unknown"
"6227756",371834,2025-11-11 05:07:05,43.3294639587402,-8.49900436401367,"Unknown"
"6227756",371834,2025-11-11 05:17:06,43.3294677734375,-8.4990119934082,"Unknown"
"6227756",371834,2025-11-11 05:27:06,43.3294715881348,-8.49899291992188,"Unknown"
"6227756",371834,2025-11-11 05:37:07,43.3296661376953,-8.49911880493164,"Unknown"
"6227756",371834,2025-11-11 05:47:07,43.3298187255859,-8.49913311004639,"Unknown"
"6227756",371834,2025-11-11 05:57:35,43.3294868469238,-8.4989185333252,"Unknown"
"6227756",371834,2025-11-11 06:07:18,43.3294868469238,-8.49900245666504,"Unknown"
"6227756",371834,2025-11-11 06:17:11,43.3296089172363,-8.49911117553711,"Unknown"
"6227756",371834,2025-11-11 06:27:27,43.3295402526855,-8.49887466430664,"Unknown"
"6227756",371834,2025-11-11 06:37:15,43.3294639587402,-8.49912738800049,"Unknown"
"6227756",371834,2025-11-11 06:47:35,43.3295516967773,-8.49894618988037,"Unknown"
"6227756",371834,2025-11-11 06:57:05,43.3295707702637,-8.49890232086182,"Unknown"
"6227756",371834,2025-11-11 07:07:05,43.329662322998,-8.49885940551758,"Unknown"
"6227756",371834,2025-11-11 07:17:05,43.3296928405762,-8.49878311157227,"Unknown"
"6227756",371834,2025-11-11 07:27:05,43.3296699523926,-8.49883079528809,"Unknown"
"6227756",371834,2025-11-11 07:37:06,43.3298034667969,-8.49882221221924,"Unknown"
"6227756",371834,2025-11-11 07:47:06,43.3298759460449,-8.49887561798096,"Unknown"
"6227756",371834,2025-11-11 07:57:06,43.3298530578613,-8.4989013671875,"Unknown"
"6227756",371834,2025-11-11 08:07:35,43.3294944763184,-8.49898147583008,"Unknown"
"6227756",371834,2025-11-11 08:17:09,43.329475402832,-8.49903583526611,"Unknown"
"6227756",371834,2025-11-11 08:27:17,43.3294296264648,-8.49901008605957,"Unknown"
"6227756",371834,2025-11-11 08:37:18,43.3294868469238,-8.49894714355469,"Unknown"
"6227756",371834,2025-11-11 08:47:18,43.3294715881348,-8.4990062713623,"Unknown"
"6227756",371834,2025-11-11 08:57:18,43.3294906616211,-8.49899959564209,"Unknown"
"6227756",371834,2025-11-11 09:07:07,43.3294906616211,-8.49904251098633,"Unknown"
"6227756",371834,2025-11-11 09:17:07,43.3295288085938,-8.49915504455566,"Unknown"
"6227756",371834,2025-11-11 09:27:07,43.3295440673828,-8.49903869628906,"Unknown"
"6227756",371834,2025-11-11 09:37:06,43.3295021057129,-8.49898815155029,"Unknown"
"6227756",371834,2025-11-11 09:47:07,43.3295631408691,-8.49888610839844,"Unknown"
"6227756",371834,2025-11-11 09:57:07,43.3295288085938,-8.49893093109131,"Unknown"
"6227756",371834,2025-11-11 10:07:07,43.3295440673828,-8.49893093109131,"Unknown"
"6227756",371834,2025-11-11 10:17:07,43.3295059204102,-8.49906539916992,"Unknown"
"6227756",371834,2025-11-11 10:27:35,43.3294639587402,-8.49906349182129,"Unknown"
"6227756",371834,2025-11-11 10:37:05,43.3295021057129,-8.49895191192627,"Unknown"
"6227756",371834,2025-11-11 10:47:05,43.3294258117676,-8.49899387359619,"Unknown"
"6227756",371834,2025-11-11 10:57:05,43.3294677734375,-8.49900913238525,"Unknown"
"6227756",371834,2025-11-11 11:07:06,43.3295059204102,-8.49905681610107,"Unknown"
"6227756",371834,2025-11-11 11:17:05,43.3295440673828,-8.49903869628906,"Unknown"
"6227756",371834,2025-11-11 11:27:06,43.3297309875488,-8.49911403656006,"Unknown"
"6227756",371834,2025-11-11 11:37:05,43.3295783996582,-8.49906539916992,"Unknown"
"6227756",371834,2025-11-11 11:47:35,43.3294868469238,-8.49897766113281,"Unknown"
"6227756",371834,2025-11-11 11:57:06,43.3292388916016,-8.49864673614502,"Unknown"
"6227756",371834,2025-11-11 12:07:07,43.329532623291,-8.49917793273926,"Unknown"
"6227756",371834,2025-11-11 12:17:06,43.329345703125,-8.49895572662354,"Unknown"
"6227756",371834,2025-11-11 12:27:06,43.3294982910156,-8.49950885772705,"Unknown"
"6227756",371834,2025-11-11 12:37:07,43.3293876647949,-8.49906921386719,"Unknown"
"6227756",371834,2025-11-11 12:47:06,43.3295631408691,-8.49870681762695,"Unknown"
"6227756",371834,2025-11-11 12:57:07,43.3293037414551,-8.50049209594727,"Unknown"
"6227756",371834,2025-11-11 13:07:07,43.3296775817871,-8.49764442443848,"Unknown"
"6227756",371834,2025-11-11 13:17:06,43.3295402526855,-8.49898147583008,"Unknown"
"6227756",371834,2025-11-11 13:27:08,43.3294792175293,-8.49897289276123,"Unknown"
"6227756",371834,2025-11-11 13:37:07,43.3295021057129,-8.49901580810547,"Unknown"
"6227756",371834,2025-11-11 13:47:07,43.3294639587402,-8.49897861480713,"Unknown"
"6227756",371834,2025-11-11 13:57:35,43.3294792175293,-8.4989595413208,"Unknown"
"6227756",371834,2025-11-11 14:07:05,43.3294982910156,-8.49897289276123,"Unknown"
"6227756",371834,2025-11-11 14:17:07,43.3295097351074,-8.49898338317871,"Unknown"
"6227756",371834,2025-11-11 14:27:08,43.3294715881348,-8.49888134002686,"Unknown"
"6227756",371834,2025-11-11 14:37:05,43.3294563293457,-8.49903964996338,"Unknown"
"6227756",371834,2025-11-11 14:47:08,43.3295249938965,-8.49904632568359,"Unknown"
"6227756",371834,2025-11-11 14:57:15,43.3294715881348,-8.49892234802246,"Unknown"
"6227756",371834,2025-11-11 15:07:44,43.3295135498047,-8.4990234375,"Unknown"
"6227756",371834,2025-11-11 15:17:06,43.3296356201172,-8.49910354614258,"Unknown"
"6227756",371834,2025-11-11 15:27:06,43.3293495178223,-8.4987850189209,"Unknown"
"6227756",371834,2025-11-11 15:37:09,43.329475402832,-8.49898624420166,"Unknown"
"6227756",371834,2025-11-11 15:47:35,43.3294944763184,-8.49898529052734,"Unknown"
"6227756",371834,2025-11-11 15:57:05,43.3294258117676,-8.49906921386719,"Unknown"
"6227756",371834,2025-11-11 16:07:06,43.329517364502,-8.4989013671875,"Unknown"
"6227756",371834,2025-11-11 16:17:08,43.3295631408691,-8.49900245666504,"Unknown"
"6227756",371834,2025-11-11 16:27:08,43.3294410705566,-8.49903583526611,"Unknown"
"6227756",371834,2025-11-11 16:37:08,43.329475402832,-8.4989185333252,"Unknown"
"6227756",371834,2025-11-11 16:47:35,43.3294944763184,-8.49895668029785,"Unknown"
"6227756",371834,2025-11-11 16:57:07,43.3294982910156,-8.4989538192749,"Unknown"
"6227756",371834,2025-11-11 17:07:05,43.3294715881348,-8.49898529052734,"Unknown"
"6227756",371834,2025-11-11 17:17:06,43.3294525146484,-8.49887561798096,"Unknown"
"6227756",371834,2025-11-11 17:27:35,43.329532623291,-8.49893665313721,"Unknown"
"6227756",371834,2025-11-11 17:37:06,43.3296203613281,-8.49908351898193,"Unknown"
"6227756",371834,2025-11-11 17:47:08,43.329517364502,-8.49897575378418,"Unknown"
"6227756",371834,2025-11-11 17:57:13,43.3295478820801,-8.49898624420166,"Unknown"
"6227756",371834,2025-11-11 18:07:35,43.3295059204102,-8.49901294708252,"Unknown"
"6227756",371834,2025-11-11 18:17:10,43.329517364502,-8.49894905090332,"Unknown"
"6227756",371834,2025-11-11 18:27:44,43.3294143676758,-8.49892139434814,"Unknown"
"6227756",371834,2025-11-11 18:37:18,43.3294677734375,-8.49895858764648,"Unknown"
"6227756",371834,2025-11-11 18:47:35,43.3294944763184,-8.4989538192749,"Unknown"
"6227756",371834,2025-11-11 18:57:07,43.3294372558594,-8.49889659881592,"Unknown"
"6227756",371834,2025-11-11 19:07:27,43.3295059204102,-8.4993896484375,"Unknown"
"6227756",371834,2025-11-11 19:17:13,43.329475402832,-8.49924278259277,"Unknown"
"6227756",371834,2025-11-11 19:27:35,43.3293914794922,-8.49902725219727,"Unknown"
"6227756",371834,2025-11-11 19:37:05,43.3294372558594,-8.49894142150879,"Unknown"
"6227756",371834,2025-11-11 19:47:07,43.3294830322266,-8.49897575378418,"Unknown"
"6227756",371834,2025-11-11 19:57:08,43.3293914794922,-8.49892902374268,"Unknown"
"6227756",371834,2025-11-11 20:07:18,43.3295135498047,-8.49880981445312,"Unknown"
"6227756",371834,2025-11-11 20:17:18,43.3295745849609,-8.49879360198975,"Unknown"
"6227756",371834,2025-11-11 20:27:18,43.3295555114746,-8.49897193908691,"Unknown"
"6227756",371834,2025-11-11 20:37:18,43.3295555114746,-8.49902629852295,"Unknown"
"6227756",371834,2025-11-11 20:47:18,43.3296012878418,-8.49902534484863,"Unknown"
"6227756",371834,2025-11-11 20:57:44,43.329517364502,-8.49908542633057,"Unknown"
"6227756",371834,2025-11-11 21:07:08,43.3295669555664,-8.49903297424316,"Unknown"
"6227756",371834,2025-11-11 21:17:13,43.3295440673828,-8.49933242797852,"Unknown"
"6227756",371834,2025-11-11 21:27:19,43.3295593261719,-8.49923801422119,"Unknown"
"6227756",371834,2025-11-11 21:37:18,43.3295783996582,-8.49930286407471,"Unknown"
"6227756",371834,2025-11-11 21:47:35,43.3294906616211,-8.49899196624756,"Unknown"
"6227756",371834,2025-11-11 21:57:08,43.3294982910156,-8.49891376495361,"Unknown"
"6227756",371834,2025-11-11 22:07:08,43.3295288085938,-8.49889183044434,"Unknown"
"6227756",371834,2025-11-11 22:17:07,43.3294982910156,-8.49897003173828,"Unknown"
"6227756",371834,2025-11-11 22:27:06,43.3295097351074,-8.49896621704102,"Unknown"
"6227756",371834,2025-11-11 22:37:10,43.3295059204102,-8.49894332885742,"Unknown"
"6227756",371834,2025-11-11 22:47:08,43.3295669555664,-8.49898052215576,"Unknown"
"6227756",371834,2025-11-11 22:57:35,43.329475402832,-8.49900817871094,"Unknown"
"6227756",371834,2025-11-11 23:07:06,43.3294944763184,-8.49912166595459,"Unknown"
"6227756",371834,2025-11-11 23:17:09,43.3294067382812,-8.4987964630127,"Unknown"
"6227756",371834,2025-11-11 23:27:10,43.3295974731445,-8.49893379211426,"Unknown"
"6227756",371834,2025-11-11 23:37:12,43.3294258117676,-8.49872589111328,"Unknown"
"6227756",371834,2025-11-11 23:47:26,43.3292694091797,-8.49899673461914,"Unknown"
"6227756",371834,2025-11-11 23:57:34,43.3293685913086,-8.49903202056885,"Unknown"
"6227756",371834,2025-11-12 00:07:35,43.3294715881348,-8.49902725219727,"Unknown"
"6227756",371834,2025-11-12 00:17:10,43.3294868469238,-8.49935817718506,"Unknown"
"6227756",371834,2025-11-12 00:27:11,43.3294448852539,-8.50032424926758,"Unknown"
"6227756",371834,2025-11-12 00:37:19,43.3294296264648,-8.49901962280273,"Unknown"
"6227756",371834,2025-11-12 00:47:19,43.329475402832,-8.4990119934082,"Unknown"
"6227756",371834,2025-11-12 00:57:19,43.329532623291,-8.49899387359619,"Unknown"
"6227756",371834,2025-11-12 01:07:18,43.3295288085938,-8.49900531768799,"Unknown"
"6227756",371834,2025-11-12 01:17:18,43.3295288085938,-8.4989709854126,"Unknown"
"6227756",371834,2025-11-12 01:27:19,43.3295669555664,-8.49899673461914,"Unknown"
"6227756",371834,2025-11-12 01:37:30,43.3296165466309,-8.49890422821045,"Unknown"
"6227756",371834,2025-11-12 01:47:35,43.329532623291,-8.49899196624756,"Unknown"
"6227756",371834,2025-11-12 01:57:09,43.329647064209,-8.49904251098633,"Unknown"
"6227756",371834,2025-11-12 02:07:59,43.3295059204102,-8.49899101257324,"Unknown"
"6227756",371834,2025-11-12 02:17:08,43.329418182373,-8.4990406036377,"Unknown"
"6227756",371834,2025-11-12 02:27:09,43.3295478820801,-8.49914073944092,"Unknown"
"6227756",371834,2025-11-12 02:37:09,43.3294639587402,-8.49903202056885,"Unknown"
"6227756",371834,2025-11-12 02:47:11,43.3294372558594,-8.49906826019287,"Unknown"
"6227756",371834,2025-11-12 02:57:21,43.3292999267578,-8.49896049499512,"Unknown"
"6227756",371834,2025-11-12 03:08:05,43.3294486999512,-8.49897193908691,"Unknown"
"6227756",371834,2025-11-12 03:17:13,43.3294219970703,-8.49895477294922,"Unknown"
"6227756",371834,2025-11-12 03:27:15,43.3294677734375,-8.4989767074585,"Unknown"
"6227756",371834,2025-11-12 03:37:36,43.3296051025391,-8.49896335601807,"Unknown"
"6227756",371834,2025-11-12 03:47:20,43.3294792175293,-8.49905395507812,"Unknown"
"6227756",371834,2025-11-12 03:57:35,43.3294982910156,-8.49899673461914,"Unknown"
"6227756",371834,2025-11-12 04:07:07,43.3294982910156,-8.49906158447266,"Unknown"
"6227756",371834,2025-11-12 04:17:06,43.3296127319336,-8.49903678894043,"Unknown"
"6227756",371834,2025-11-12 04:27:05,43.3294410705566,-8.49908638000488,"Unknown"
"6227756",371834,2025-11-12 04:37:06,43.329475402832,-8.4990119934082,"Unknown"
"6227756",371834,2025-11-12 04:47:05,43.3294639587402,-8.49900531768799,"Unknown"
"6227756",371834,2025-11-12 04:57:06,43.3294067382812,-8.4989709854126,"Unknown"
"6227756",371834,2025-11-12 05:07:06,43.3294982910156,-8.49902820587158,"Unknown"
"6227756",371834,2025-11-12 05:17:07,43.3294677734375,-8.49898910522461,"Unknown"
"6227756",371834,2025-11-12 05:27:06,43.3294448852539,-8.49899959564209,"Unknown"
"6227756",371834,2025-11-12 05:37:08,43.3296089172363,-8.49915027618408,"Unknown"
"6227756",371834,2025-11-12 05:47:35,43.3294830322266,-8.49898719787598,"Unknown"
"6227756",371834,2025-11-12 05:57:10,43.3293609619141,-8.49892807006836,"Unknown"
"6227756",371834,2025-11-12 06:07:09,43.3297805786133,-8.49923229217529,"Unknown"
"6227756",371834,2025-11-12 06:17:16,43.3294982910156,-8.49903964996338,"Unknown"
"6227756",371834,2025-11-12 06:27:18,43.329517364502,-8.49902534484863,"Unknown"
"6227756",371834,2025-11-12 06:37:14,43.3295364379883,-8.49892234802246,"Unknown"
"6227756",371834,2025-11-12 06:47:30,43.3295936584473,-8.49897384643555,"Unknown"
"6227756",371834,2025-11-12 06:57:35,43.3295822143555,-8.49894046783447,"Unknown"
"6227756",371834,2025-11-12 07:07:06,43.3295707702637,-8.49888324737549,"Unknown"
"6227756",371834,2025-11-12 07:17:06,43.3297157287598,-8.49879550933838,"Unknown"
"6227756",371834,2025-11-12 07:27:06,43.3296508789062,-8.49886131286621,"Unknown"
"6227756",371834,2025-11-12 07:37:09,43.3298377990723,-8.49883460998535,"Unknown"
"6227756",371834,2025-11-12 07:47:09,43.3298416137695,-8.49889469146729,"Unknown"
"6227756",371834,2025-11-12 07:57:08,43.3296546936035,-8.49894523620605,"Unknown"
"6227756",371834,2025-11-12 08:07:35,43.3295135498047,-8.49895763397217,"Unknown"
"6227756",371834,2025-11-12 08:17:06,43.3295783996582,-8.49902820587158,"Unknown"
"6227756",371834,2025-11-12 08:27:07,43.3294525146484,-8.49894142150879,"Unknown"
"6227756",371834,2025-11-12 08:37:09,43.3295631408691,-8.49900150299072,"Unknown"
"6227756",371834,2025-11-12 08:47:08,43.329475402832,-8.49891185760498,"Unknown"
"6227756",371834,2025-11-12 08:57:07,43.3296279907227,-8.4991512298584,"Unknown"
"6227756",371834,2025-11-12 09:07:07,43.3296241760254,-8.49907112121582,"Unknown"
"6227756",371834,2025-11-12 09:17:09,43.3295822143555,-8.49915790557861,"Unknown"
"6227756",371834,2025-11-12 09:27:09,43.3295745849609,-8.49911880493164,"Unknown"
"6227756",371834,2025-11-12 09:37:08,43.3295555114746,-8.49914360046387,"Unknown"
"6227756",371834,2025-11-12 09:47:10,43.3295059204102,-8.49917888641357,"Unknown"
"6227756",371834,2025-11-12 09:57:09,43.3295478820801,-8.49923515319824,"Unknown"
"6227756",371834,2025-11-12 10:07:11,43.3295097351074,-8.49910354614258,"Unknown"
"6227756",371834,2025-11-12 10:17:12,43.3294715881348,-8.49905681610107,"Unknown"
"6227756",371834,2025-11-12 10:27:35,43.3294906616211,-8.49904441833496,"Unknown"
"6227756",371834,2025-11-12 10:37:08,43.3294410705566,-8.49896430969238,"Unknown"
"6227756",371834,2025-11-12 10:47:08,43.3295249938965,-8.49906253814697,"Unknown"
"6227756",371834,2025-11-12 10:57:09,43.3294715881348,-8.4990119934082,"Unknown"
"6227756",371834,2025-11-12 11:07:08,43.3294830322266,-8.49909210205078,"Unknown"
"6227756",371834,2025-11-12 11:17:09,43.3294982910156,-8.49888515472412,"Unknown"
"6227756",371834,2025-11-12 11:27:12,43.328987121582,-8.49835205078125,"Unknown"
"6227756",371834,2025-11-12 11:37:21,43.3293991088867,-8.49871826171875,"Unknown"
"6227756",371834,2025-11-12 11:47:53,43.329475402832,-8.49896335601807,"Unknown"
"6227756",371834,2025-11-12 11:57:07,43.3296661376953,-8.49923324584961,"Unknown"
"6227756",371834,2025-11-12 12:07:53,43.3295288085938,-8.49899387359619,"Unknown"
"6227756",371834,2025-11-12 12:17:12,43.3294525146484,-8.49928092956543,"Unknown"
"6227756",371834,2025-11-12 12:27:08,43.3294334411621,-8.49909973144531,"Unknown"
"6227756",371834,2025-11-12 12:37:09,43.3295593261719,-8.49924087524414,"Unknown"
"6227756",371834,2025-11-12 12:47:10,43.3294868469238,-8.49905872344971,"Unknown"
"6227756",371834,2025-11-12 12:57:09,43.3292198181152,-8.49884510040283,"Unknown"
"6227756",371834,2025-11-12 13:07:10,43.3294868469238,-8.4990062713623,"Unknown"
"6227756",371834,2025-11-12 13:17:16,43.3293838500977,-8.49903583526611,"Unknown"
"6227756",371834,2025-11-12 13:27:10,43.3294410705566,-8.49905586242676,"Unknown"
"6227756",371834,2025-11-12 13:37:10,43.329475402832,-8.49899578094482,"Unknown"
"6227756",371834,2025-11-12 13:47:11,43.3295593261719,-8.49902248382568,"Unknown"
"6227756",371834,2025-11-12 13:57:29,43.3293724060059,-8.49904537200928,"Unknown"
"6227756",371834,2025-11-12 14:07:35,43.3294296264648,-8.49900054931641,"Unknown"
"6227756",371834,2025-11-12 14:17:19,43.3292579650879,-8.49867534637451,"Unknown"
"6227756",371834,2025-11-12 14:27:28,43.3294944763184,-8.49896335601807,"Unknown"
"6227756",371834,2025-11-12 14:37:44,43.329475402832,-8.49889469146729,"Unknown"
"6227756",371834,2025-11-12 14:47:19,43.3294372558594,-8.49898624420166,"Unknown"
"6227756",371834,2025-11-12 14:57:19,43.3293228149414,-8.49905586242676,"Unknown"
"6227756",371834,2025-11-12 15:07:18,43.3298110961914,-8.49844360351562,"Unknown"
"6227756",371834,2025-11-12 15:17:16,43.3292541503906,-8.49905967712402,"Unknown"
"6227756",371834,2025-11-12 15:27:23,43.3295249938965,-8.4990119934082,"Unknown"
"6227756",371834,2025-11-12 15:38:05,43.3295593261719,-8.49892807006836,"Unknown"
"6227756",371834,2025-11-12 15:47:13,43.3295593261719,-8.49892997741699,"Unknown"
"6227756",371834,2025-11-12 15:57:10,43.3296508789062,-8.49901866912842,"Unknown"
"6227756",371834,2025-11-12 16:07:12,43.3296813964844,-8.4990291595459,"Unknown"
"6227756",371834,2025-11-12 16:17:16,43.3291206359863,-8.49870777130127,"Unknown"
"6227756",371834,2025-11-12 16:27:11,43.3295593261719,-8.49910259246826,"Unknown"
"6227756",371834,2025-11-12 16:37:20,43.3296585083008,-8.49910259246826,"Unknown"
"6227756",371834,2025-11-12 16:47:28,43.329704284668,-8.49915504455566,"Unknown"
"6227756",371834,2025-11-12 16:57:35,43.3294410705566,-8.49902629852295,"Unknown"
"6227756",371834,2025-11-12 17:07:09,43.3294677734375,-8.49893093109131,"Unknown"
"6227756",371834,2025-11-12 17:17:11,43.3293991088867,-8.49898147583008,"Unknown"
"6227756",371834,2025-11-12 17:27:10,43.3293800354004,-8.49890232086182,"Unknown"
"6227756",371834,2025-11-12 17:37:11,43.3295440673828,-8.49898624420166,"Unknown"
"6227756",371834,2025-11-12 17:47:17,43.3294982910156,-8.49893188476562,"Unknown"
"6227756",371834,2025-11-12 17:57:11,43.3294219970703,-8.49892139434814,"Unknown"
"6227756",371834,2025-11-12 18:07:12,43.3294944763184,-8.49899959564209,"Unknown"
"6227756",371834,2025-11-12 18:17:44,43.3295783996582,-8.49893379211426,"Unknown"
"6227756",371834,2025-11-12 18:27:59,43.3294258117676,-8.49894428253174,"Unknown"
"6227756",371834,2025-11-12 18:37:07,43.3294448852539,-8.49895668029785,"Unknown"
"6227756",371834,2025-11-12 18:47:06,43.3295249938965,-8.49878883361816,"Unknown"
"6227756",371834,2025-11-12 18:57:06,43.329475402832,-8.49879741668701,"Unknown"
"6227756",371834,2025-11-12 19:07:07,43.329402923584,-8.49891662597656,"Unknown"
"6227756",371834,2025-11-12 19:17:07,43.3294906616211,-8.49887847900391,"Unknown"
"6227756",371834,2025-11-12 19:27:09,43.3294715881348,-8.49884986877441,"Unknown"
"6227756",371834,2025-11-12 19:37:09,43.3294525146484,-8.49887084960938,"Unknown"
"6227756",371834,2025-11-12 19:47:35,43.329475402832,-8.4989538192749,"Unknown"
"6227756",371834,2025-11-12 19:57:07,43.3294677734375,-8.49900531768799,"Unknown"
"6227756",371834,2025-11-12 20:07:09,43.3293800354004,-8.49887943267822,"Unknown"
"6227756",371834,2025-11-12 20:17:16,43.3295135498047,-8.4989070892334,"Unknown"
"6227756",371834,2025-11-12 20:27:19,43.3294639587402,-8.49903106689453,"Unknown"
"6227756",371834,2025-11-12 20:37:19,43.32958984375,-8.49893856048584,"Unknown"
"6227756",371834,2025-11-12 20:47:35,43.3295440673828,-8.49897575378418,"Unknown"
"6227756",371834,2025-11-12 20:57:07,43.3295669555664,-8.49916458129883,"Unknown"
"6227756",371834,2025-11-12 21:07:12,43.3295669555664,-8.49908638000488,"Unknown"
"6227756",371834,2025-11-12 21:17:08,43.3295288085938,-8.49903869628906,"Unknown"
"6227756",371834,2025-11-12 21:27:07,43.3295822143555,-8.49885177612305,"Unknown"
"6227756",371834,2025-11-12 21:37:07,43.3295249938965,-8.49897575378418,"Unknown"
"6227756",371834,2025-11-12 21:47:07,43.3295364379883,-8.49909782409668,"Unknown"
"6227756",371834,2025-11-12 21:57:07,43.3295211791992,-8.49898338317871,"Unknown"
"6227756",371834,2025-11-12 22:07:10,43.3296508789062,-8.49883556365967,"Unknown"
"6227756",371834,2025-11-12 22:17:09,43.3295593261719,-8.49913883209229,"Unknown"
"6227756",371834,2025-11-12 22:27:14,43.3294906616211,-8.49947071075439,"Unknown"
"6227756",371834,2025-11-12 22:37:35,43.3295669555664,-8.49909687042236,"Unknown"
"6227756",371834,2025-11-12 22:47:07,43.3294258117676,-8.49905967712402,"Unknown"
"6227756",371834,2025-11-12 22:57:08,43.3288459777832,-8.49867343902588,"Unknown"
"6227756",371834,2025-11-12 23:07:08,43.3285064697266,-8.49861335754395,"Unknown"
"6227756",371834,2025-11-12 23:17:10,43.3289184570312,-8.49858283996582,"Unknown"
"6227756",371834,2025-11-12 23:27:18,43.3294219970703,-8.49907112121582,"Unknown"
"6227756",371834,2025-11-12 23:37:18,43.3294296264648,-8.49900913238525,"Unknown"
"6227756",371834,2025-11-12 23:47:45,43.3294677734375,-8.4990119934082,"Unknown"
"6227756",371834,2025-11-12 23:57:07,43.3295478820801,-8.49917697906494,"Unknown"
"6227756",371834,2025-11-13 00:07:06,43.3295021057129,-8.4990177154541,"Unknown"
"6227756",371834,2025-11-13 00:17:07,43.3296051025391,-8.49912548065186,"Unknown"
"6227756",371834,2025-11-13 00:27:09,43.3294792175293,-8.49908447265625,"Unknown"
"6227756",371834,2025-11-13 00:37:19,43.329532623291,-8.49905490875244,"Unknown"
"6227756",371834,2025-11-13 00:47:19,43.3295402526855,-8.49904346466064,"Unknown"
"6227756",371834,2025-11-13 00:57:19,43.3295288085938,-8.49901390075684,"Unknown"
"6227756",371834,2025-11-13 01:07:14,43.3295059204102,-8.49898338317871,"Unknown"
"6227756",371834,2025-11-13 01:17:12,43.3294944763184,-8.49879455566406,"Unknown"
"6227756",371834,2025-11-13 01:27:13,43.3296318054199,-8.49967002868652,"Unknown"
"6227756",371834,2025-11-13 01:37:16,43.3295135498047,-8.49896240234375,"Unknown"
"6227756",371834,2025-11-13 01:47:35,43.3295211791992,-8.49895191192627,"Unknown"
"6227756",371834,2025-11-13 01:57:07,43.3295135498047,-8.4989767074585,"Unknown"
"6227756",371834,2025-11-13 02:07:07,43.3295402526855,-8.49898433685303,"Unknown"
"6227756",371834,2025-11-13 02:17:06,43.3295516967773,-8.49898910522461,"Unknown"
"6227756",371834,2025-11-13 02:27:08,43.3294486999512,-8.49883651733398,"Unknown"
"6227756",371834,2025-11-13 02:37:08,43.3293685913086,-8.49889659881592,"Unknown"
"6227756",371834,2025-11-13 02:47:44,43.3295364379883,-8.49904346466064,"Unknown"
"6227756",371834,2025-11-13 02:57:11,43.3293914794922,-8.49886512756348,"Unknown"
"6227756",371834,2025-11-13 03:07:14,43.3295440673828,-8.49899673461914,"Unknown"
"6227756",371834,2025-11-13 03:17:16,43.3294334411621,-8.49909019470215,"Unknown"
"6227756",371834,2025-11-13 03:27:56,43.3292350769043,-8.49901103973389,"Unknown"
"6227756",371834,2025-11-13 03:37:20,43.3296241760254,-8.49916934967041,"Unknown"
"6227756",371834,2025-11-13 03:47:17,43.329719543457,-8.49918937683105,"Unknown"
"6227756",371834,2025-11-13 03:57:17,43.3298034667969,-8.49923992156982,"Unknown"
"6227756",371834,2025-11-13 04:07:44,43.3294372558594,-8.49901580810547,"Unknown"
"6227756",371834,2025-11-13 04:17:10,43.3293838500977,-8.49886608123779,"Unknown"
"6227756",371834,2025-11-13 04:27:10,43.3294639587402,-8.49899291992188,"Unknown"
"6227756",371834,2025-11-13 04:37:08,43.3294486999512,-8.4989767074585,"Unknown"
"6227756",371834,2025-11-13 04:47:21,43.329418182373,-8.49894332885742,"Unknown"
"6227756",371834,2025-11-13 04:57:21,43.329402923584,-8.49883556365967,"Unknown"
"6227756",371834,2025-11-13 05:07:53,43.329460144043,-8.49893665313721,"Unknown"
"6227756",371834,2025-11-13 05:17:07,43.3293342590332,-8.49894046783447,"Unknown"
"6227756",371834,2025-11-13 05:27:06,43.3293266296387,-8.49892520904541,"Unknown"
"6227756",371834,2025-11-13 05:37:11,43.3294830322266,-8.4990062713623,"Unknown"
"6227756",371834,2025-11-13 05:47:44,43.3293952941895,-8.4989128112793,"Unknown"
"6227756",371834,2025-11-13 05:57:13,43.3294563293457,-8.49899291992188,"Unknown"
"6227756",371834,2025-11-13 06:07:35,43.3294448852539,-8.49900341033936,"Unknown"
"6227756",371834,2025-11-13 06:17:09,43.3294639587402,-8.49900341033936,"Unknown"
"6227756",371834,2025-11-13 06:27:10,43.3294525146484,-8.49900817871094,"Unknown"
"6227756",371834,2025-11-13 06:37:09,43.3294334411621,-8.4989595413208,"Unknown"
"6227756",371834,2025-11-13 06:47:06,43.3295135498047,-8.49886512756348,"Unknown"
"6227756",371834,2025-11-13 06:57:07,43.3294410705566,-8.49893379211426,"Unknown"
"6227756",371834,2025-11-13 07:07:35,43.3294792175293,-8.49900341033936,"Unknown"
"6227756",371834,2025-11-13 07:17:06,43.329460144043,-8.49893093109131,"Unknown"
"6227756",371834,2025-11-13 07:27:08,43.3294792175293,-8.49890422821045,"Unknown"
"6227756",371834,2025-11-13 07:38:23,43.3295021057129,-8.49903106689453,"Unknown"
"6227756",371834,2025-11-13 07:47:06,43.3294982910156,-8.49896240234375,"Unknown"
"6227756",371834,2025-11-13 07:57:06,43.3295249938965,-8.49893093109131,"Unknown"
"6227756",371834,2025-11-13 08:07:06,43.3294906616211,-8.49899768829346,"Unknown"
"6227756",371834,2025-11-13 08:17:06,43.3294677734375,-8.49895095825195,"Unknown"
"6227756",371834,2025-11-13 08:27:08,43.3295478820801,-8.49888038635254,"Unknown"
"6227756",371834,2025-11-13 08:37:35,43.3294982910156,-8.49911499023438,"Unknown"
"6227756",371834,2025-11-13 08:47:07,43.3295135498047,-8.49915409088135,"Unknown"
"6227756",371834,2025-11-13 08:57:07,43.3294677734375,-8.49914455413818,"Unknown"
"6227756",371834,2025-11-13 09:07:07,43.3296394348145,-8.49936771392822,"Unknown"
"6227756",371834,2025-11-13 09:17:08,43.329460144043,-8.49905204772949,"Unknown"
"6227756",371834,2025-11-13 09:27:10,43.3293685913086,-8.49891471862793,"Unknown"
"6227756",371834,2025-11-13 09:37:08,43.3293876647949,-8.4989013671875,"Unknown"
"6227756",371834,2025-11-13 09:47:08,43.3295135498047,-8.49921226501465,"Unknown"
"6227756",371834,2025-11-13 09:57:08,43.3294105529785,-8.4987735748291,"Unknown"
"6227756",371834,2025-11-13 10:07:08,43.3294944763184,-8.49905490875244,"Unknown"
"6227756",371834,2025-11-13 10:17:08,43.3293991088867,-8.49899196624756,"Unknown"
"6227756",371834,2025-11-13 10:27:09,43.3293533325195,-8.49878311157227,"Unknown"
"6227756",371834,2025-11-13 10:37:11,43.3294219970703,-8.49901866912842,"Unknown"
"6227756",371834,2025-11-13 10:47:35,43.329475402832,-8.49906349182129,"Unknown"
"6227756",371834,2025-11-13 10:57:15,43.329460144043,-8.4990177154541,"Unknown"
"6227756",371834,2025-11-13 11:07:13,43.3294792175293,-8.49906444549561,"Unknown"
"6227756",371834,2025-11-13 11:17:18,43.3294639587402,-8.49920463562012,"Unknown"
"6227756",371834,2025-11-13 11:27:29,43.3294143676758,-8.49892711639404,"Unknown"
"6227756",371834,2025-11-13 11:37:44,43.3295249938965,-8.49903106689453,"Unknown"
"6227756",371834,2025-11-13 11:47:35,43.3295135498047,-8.49899005889893,"Unknown"
"6227756",371834,2025-11-13 11:57:09,43.3295440673828,-8.49914455413818,"Unknown"
"6227756",371834,2025-11-13 12:07:07,43.329273223877,-8.49911403656006,"Unknown"
"6227756",371834,2025-11-13 12:17:08,43.3294372558594,-8.49905872344971,"Unknown"
"6227756",371834,2025-11-13 12:27:11,43.3294105529785,-8.49907493591309,"Unknown"
"6227756",371834,2025-11-13 12:37:35,43.3294563293457,-8.49898052215576,"Unknown"
"6227756",371834,2025-11-13 12:47:06,43.3294563293457,-8.49894428253174,"Unknown"
"6227756",371834,2025-11-13 12:57:06,43.3297080993652,-8.50016212463379,"Unknown"
"6227756",371834,2025-11-13 13:07:07,43.3198204040527,-8.49948787689209,"Unknown"
"6227756",371834,2025-11-13 13:17:06,43.3156661987305,-8.48776817321777,"Unknown"
"6227756",371834,2025-11-13 13:27:06,43.2617034912109,-8.31873798370361,"Unknown"
"6227756",371834,2025-11-13 13:37:07,43.2394065856934,-8.25748729705811,"Unknown"
"6227756",371834,2025-11-13 13:47:07,43.1030158996582,-8.34877777099609,"Unknown"
"6227756",371834,2025-11-13 13:57:09,42.9711761474609,-8.45178985595703,"Unknown"
"6227756",371834,2025-11-13 14:07:10,42.8741073608398,-8.53707695007324,"Unknown"
"6227756",371834,2025-11-13 14:17:10,42.8748359680176,-8.5545597076416,"Unknown"
"7014851",371865,2025-06-05 09:49:45,43.3575553894043,-8.84514236450195,"Unknown"
"7014851",371865,2025-06-05 11:49:45,43.357593536377,-8.84503841400146,"Unknown"
"7014851",371865,2025-06-05 13:49:53,43.3574829101562,-8.84504795074463,"Unknown"
"7014851",371865,2025-06-05 15:50:29,43.3139266967773,-8.85696983337402,"Unknown"
"7014851",371865,2025-06-05 16:19:45,43.3143463134766,-8.85688400268555,"Unknown"
"7014851",371865,2025-06-05 16:49:44,43.3575553894043,-8.84479141235352,"Unknown"
"7014851",371865,2025-06-05 17:19:24,43.3574371337891,-8.84485149383545,"Unknown"
"7014851",371865,2025-06-05 17:49:45,43.3576622009277,-8.84505939483643,"Unknown"
"7014851",371865,2025-06-05 18:19:24,43.3574562072754,-8.84478569030762,"Unknown"
"7014851",371865,2025-06-05 18:49:50,43.357608795166,-8.84507179260254,"Unknown"
"7014851",371865,2025-06-05 19:19:17,43.357593536377,-8.84509468078613,"Unknown"
"7014851",371865,2025-06-05 19:49:44,43.3576469421387,-8.84513282775879,"Unknown"
"7014851",371865,2025-06-05 20:19:47,43.3581161499023,-8.84603500366211,"Unknown"
"7014851",371865,2025-06-05 20:49:45,43.3575668334961,-8.84492111206055,"Unknown"
"7014851",371865,2025-06-05 21:19:46,43.3575439453125,-8.84498023986816,"Unknown"
"7014851",371865,2025-06-05 21:49:46,43.3574981689453,-8.84492301940918,"Unknown"
"7014851",371865,2025-06-05 22:19:45,43.3574638366699,-8.84489345550537,"Unknown"
"7014851",371865,2025-06-05 22:50:05,43.3575325012207,-8.84491634368896,"Unknown"
"7014851",371865,2025-06-05 23:20:05,43.3575706481934,-8.84499549865723,"Unknown"
"7014851",371865,2025-06-05 23:49:45,43.3576431274414,-8.84500694274902,"Unknown"
"7014851",371865,2025-06-06 00:19:48,43.3574752807617,-8.84504222869873,"Unknown"
"7014851",371865,2025-06-06 00:49:55,43.3575325012207,-8.84501457214355,"Unknown"
"7014851",371865,2025-06-06 01:19:55,43.3575744628906,-8.84501838684082,"Unknown"
"7014851",371865,2025-06-06 01:49:55,43.3575439453125,-8.84498023986816,"Unknown"
"7014851",371865,2025-06-06 02:19:55,43.3574409484863,-8.8449239730835,"Unknown"
"7014851",371865,2025-06-06 02:50:05,43.3575592041016,-8.84502029418945,"Unknown"
"7014851",371865,2025-06-06 03:19:48,43.3576850891113,-8.84486484527588,"Unknown"
"7014851",371865,2025-06-06 03:49:45,43.357479095459,-8.84510135650635,"Unknown"
"7014851",371865,2025-06-06 04:19:45,43.3574829101562,-8.84501361846924,"Unknown"
"7014851",371865,2025-06-06 04:49:45,43.3578948974609,-8.84533214569092,"Unknown"
"7014851",371865,2025-06-06 05:19:46,43.3577690124512,-8.84543991088867,"Unknown"
"7014851",371865,2025-06-06 05:49:45,43.3576736450195,-8.84530544281006,"Unknown"
"7014851",371865,2025-06-06 06:19:45,43.3577995300293,-8.84557819366455,"Unknown"
"7014851",371865,2025-06-06 06:49:45,43.3577308654785,-8.84522533416748,"Unknown"
"7014851",371865,2025-06-06 07:19:45,43.3576431274414,-8.84417724609375,"Unknown"
"7014851",371865,2025-06-06 07:49:47,43.3579521179199,-8.8447093963623,"Unknown"
"7014851",371865,2025-06-06 08:19:48,43.3578262329102,-8.84516525268555,"Unknown"
"7014851",371865,2025-06-06 08:49:47,43.3576889038086,-8.84481048583984,"Unknown"
"7014851",371865,2025-06-06 09:19:48,43.3575630187988,-8.84513282775879,"Unknown"
"7014851",371865,2025-06-06 09:49:45,43.3574142456055,-8.84505367279053,"Unknown"
"7014851",371865,2025-06-06 10:19:46,43.3575553894043,-8.84488201141357,"Unknown"
"7014851",371865,2025-06-06 10:49:45,43.3576812744141,-8.84499740600586,"Unknown"
"7014851",371865,2025-06-06 11:19:54,43.3576812744141,-8.84529304504395,"Unknown"
"7014851",371865,2025-06-06 11:49:45,43.357494354248,-8.84501552581787,"Unknown"
"7014851",371865,2025-06-06 12:19:48,43.3569831848145,-8.84464168548584,"Unknown"
"7014851",371865,2025-06-06 12:50:15,43.3576164245605,-8.84494400024414,"Unknown"
"7014851",371865,2025-06-06 13:20:01,43.3577117919922,-8.84498691558838,"Unknown"
"7014851",371865,2025-06-06 13:49:44,43.3579483032227,-8.84501171112061,"Unknown"
"7014851",371865,2025-06-06 14:19:46,43.3576354980469,-8.84504508972168,"Unknown"
"7014851",371865,2025-06-06 14:49:44,43.3574447631836,-8.84509086608887,"Unknown"
"7014851",371865,2025-06-06 15:20:14,43.3577117919922,-8.84493446350098,"Unknown"
"7014851",371865,2025-06-06 15:49:51,43.3575859069824,-8.84496212005615,"Unknown"
"7014851",371865,2025-06-06 16:19:57,43.3575286865234,-8.84487438201904,"Unknown"
"7014851",371865,2025-06-06 16:29:52,43.3574981689453,-8.84541988372803,"Unknown"
"7014851",371865,2025-06-06 16:39:47,43.3566970825195,-8.84657287597656,"Unknown"
"7014851",371865,2025-06-06 16:49:52,43.3574638366699,-8.84547424316406,"Unknown"
"7014851",371865,2025-06-06 16:59:48,43.3555374145508,-8.84805107116699,"Unknown"
"7014851",371865,2025-06-06 17:09:54,43.357479095459,-8.8454704284668,"Unknown"
"7014851",371865,2025-06-06 17:19:59,43.3574905395508,-8.84544372558594,"Unknown"
"7014851",371865,2025-06-06 17:29:45,43.3578033447266,-8.84501361846924,"Unknown"
"7014851",371865,2025-06-06 17:39:46,43.3917083740234,-8.86960506439209,"Unknown"
"7014851",371865,2025-06-06 17:49:46,43.3915481567383,-8.87099266052246,"Unknown"
"7014851",371865,2025-06-06 17:59:50,43.357723236084,-8.84514999389648,"Unknown"
"7014851",371865,2025-06-06 18:09:49,43.3577728271484,-8.84521198272705,"Unknown"
"7014851",371865,2025-06-06 18:19:50,43.3572807312012,-8.84543228149414,"Unknown"
"7014851",371865,2025-06-06 18:29:45,43.3609352111816,-8.84920215606689,"Unknown"
"7014851",371865,2025-06-06 18:39:51,43.3571014404297,-8.85104179382324,"Unknown"
"7014851",371865,2025-06-06 18:49:48,43.357723236084,-8.84512615203857,"Unknown"
"7014851",371865,2025-06-06 18:59:45,43.3577003479004,-8.8452091217041,"Unknown"
"7014851",371865,2025-06-06 19:09:45,43.357292175293,-8.8460636138916,"Unknown"
"7014851",371865,2025-06-06 19:19:46,43.3580856323242,-8.84488296508789,"Unknown"
"7014851",371865,2025-06-06 19:29:46,43.358039855957,-8.84529399871826,"Unknown"
"7014851",371865,2025-06-06 19:39:45,43.3578186035156,-8.84545135498047,"Unknown"
"7014851",371865,2025-06-06 19:49:45,43.3577995300293,-8.8451566696167,"Unknown"
"7014851",371865,2025-06-06 19:59:45,43.3716583251953,-8.8781795501709,"Unknown"
"7014851",371865,2025-06-06 20:09:44,43.3840408325195,-8.89221572875977,"Unknown"
"7014851",371865,2025-06-06 20:19:45,43.35791015625,-8.84534454345703,"Unknown"
"7014851",371865,2025-06-06 20:29:45,43.3578758239746,-8.84535121917725,"Unknown"
"7014851",371865,2025-06-06 20:39:45,43.3578872680664,-8.84532070159912,"Unknown"
"7014851",371865,2025-06-06 20:49:45,43.3578338623047,-8.84536266326904,"Unknown"
"7014851",371865,2025-06-06 20:59:45,43.357852935791,-8.84534358978271,"Unknown"
"7014851",371865,2025-06-06 21:09:45,43.3578109741211,-8.84536266326904,"Unknown"
"7014851",371865,2025-06-06 21:19:45,43.357780456543,-8.84532356262207,"Unknown"
"7014851",371865,2025-06-06 21:29:44,43.357795715332,-8.84527969360352,"Unknown"
"7014851",371865,2025-06-06 21:39:44,43.3578224182129,-8.84525012969971,"Unknown"
"7014851",371865,2025-06-06 21:49:45,43.3578147888184,-8.84525012969971,"Unknown"
"7014851",371865,2025-06-06 21:59:45,43.3578262329102,-8.84521675109863,"Unknown"
"7014851",371865,2025-06-06 22:09:45,43.3578834533691,-8.84525108337402,"Unknown"
"7014851",371865,2025-06-06 22:19:48,43.3579750061035,-8.84524726867676,"Unknown"
"7014851",371865,2025-06-06 22:29:46,43.3579788208008,-8.84512138366699,"Unknown"
"7014851",371865,2025-06-06 22:39:47,43.3579559326172,-8.84517765045166,"Unknown"
"7014851",371865,2025-06-06 22:49:53,43.3579254150391,-8.84525775909424,"Unknown"
"7014851",371865,2025-06-06 22:59:58,43.3578338623047,-8.84503269195557,"Unknown"
"7014851",371865,2025-06-06 23:09:47,43.357738494873,-8.84491348266602,"Unknown"
"7014851",371865,2025-06-06 23:19:45,43.3577461242676,-8.84480571746826,"Unknown"
"7014851",371865,2025-06-06 23:29:44,43.3576011657715,-8.84500312805176,"Unknown"
"7014851",371865,2025-06-06 23:39:45,43.3577651977539,-8.84493160247803,"Unknown"
"7014851",371865,2025-06-06 23:49:44,43.3576812744141,-8.84506988525391,"Unknown"
"7014851",371865,2025-06-06 23:59:45,43.3577346801758,-8.84509944915771,"Unknown"
"7014851",371865,2025-06-07 00:09:44,43.3571815490723,-8.84545993804932,"Unknown"
"7014851",371865,2025-06-07 00:19:53,43.3576736450195,-8.84508800506592,"Unknown"
"7014851",371865,2025-06-07 00:29:45,43.3578796386719,-8.84546184539795,"Unknown"
"7014851",371865,2025-06-07 00:39:43,43.3579940795898,-8.84529495239258,"Unknown"
"7014851",371865,2025-06-07 00:49:43,43.3578834533691,-8.84521770477295,"Unknown"
"7014851",371865,2025-06-07 00:59:43,43.3579139709473,-8.8453483581543,"Unknown"
"7014851",371865,2025-06-07 01:09:43,43.3579025268555,-8.84546756744385,"Unknown"
"7014851",371865,2025-06-07 01:19:44,43.3578796386719,-8.84532356262207,"Unknown"
"7014851",371865,2025-06-07 01:29:54,43.3575744628906,-8.84553146362305,"Unknown"
"7014851",371865,2025-06-07 01:39:54,43.3575630187988,-8.845383644104,"Unknown"
"7014851",371865,2025-06-07 01:49:51,43.3577461242676,-8.84531784057617,"Unknown"
"7014851",371865,2025-06-07 01:59:49,43.3576049804688,-8.84544086456299,"Unknown"
"7014851",371865,2025-06-07 02:09:52,43.3575439453125,-8.84520530700684,"Unknown"
"7014851",371865,2025-06-07 02:19:49,43.3575706481934,-8.84510040283203,"Unknown"
"7014851",371865,2025-06-07 02:29:46,43.357593536377,-8.84507465362549,"Unknown"
"7014851",371865,2025-06-07 02:39:44,43.3574981689453,-8.84506416320801,"Unknown"
"7014851",371865,2025-06-07 02:49:45,43.3574600219727,-8.84499073028564,"Unknown"
"7014851",371865,2025-06-07 02:59:43,43.3575553894043,-8.84489345550537,"Unknown"
"7014851",371865,2025-06-07 03:09:44,43.3575210571289,-8.84487342834473,"Unknown"
"7014851",371865,2025-06-07 03:19:47,43.3575439453125,-8.84489059448242,"Unknown"
"7014851",371865,2025-06-07 03:29:48,43.3575248718262,-8.8448371887207,"Unknown"
"7014851",371865,2025-06-07 03:39:54,43.3575553894043,-8.84491157531738,"Unknown"
"7014851",371865,2025-06-07 03:49:54,43.3574752807617,-8.84484004974365,"Unknown"
"7014851",371865,2025-06-07 03:59:54,43.3574981689453,-8.84482479095459,"Unknown"
"7014851",371865,2025-06-07 04:09:54,43.3574867248535,-8.84478282928467,"Unknown"
"7014851",371865,2025-06-07 04:19:54,43.3575477600098,-8.84487342834473,"Unknown"
"7014851",371865,2025-06-07 04:29:49,43.3574714660645,-8.84468173980713,"Unknown"
"7014851",371865,2025-06-07 04:40:05,43.3576545715332,-8.84509086608887,"Unknown"
"7014851",371865,2025-06-07 04:49:47,43.3577308654785,-8.84524059295654,"Unknown"
"7014851",371865,2025-06-07 04:59:45,43.3578109741211,-8.84532928466797,"Unknown"
"7014851",371865,2025-06-07 05:09:47,43.357666015625,-8.84528636932373,"Unknown"
"7014851",371865,2025-06-07 05:19:49,43.357593536377,-8.84508514404297,"Unknown"
"7014851",371865,2025-06-07 05:29:49,43.3575630187988,-8.84493923187256,"Unknown"
"7014851",371865,2025-06-07 05:39:52,43.3576202392578,-8.84511470794678,"Unknown"
"7014851",371865,2025-06-07 05:49:52,43.3575477600098,-8.84501457214355,"Unknown"
"7014851",371865,2025-06-07 05:59:58,43.3577194213867,-8.84528827667236,"Unknown"
"7014851",371865,2025-06-07 06:10:03,43.3575859069824,-8.84506511688232,"Unknown"
"7014851",371865,2025-06-07 06:19:42,43.357551574707,-8.84506034851074,"Unknown"
"7014851",371865,2025-06-07 06:29:42,43.3575668334961,-8.84506511688232,"Unknown"
"7014851",371865,2025-06-07 06:39:43,43.3574676513672,-8.8449878692627,"Unknown"
"7014851",371865,2025-06-07 06:49:42,43.3567085266113,-8.84907722473145,"Unknown"
"7014851",371865,2025-06-07 06:59:43,43.3349266052246,-8.84854412078857,"Unknown"
"7014851",371865,2025-06-07 07:09:43,43.314998626709,-8.85708522796631,"Unknown"
"7014851",371865,2025-06-07 07:19:51,43.3148803710938,-8.85705280303955,"Unknown"
"7014851",371865,2025-06-07 07:29:43,43.3150634765625,-8.8573112487793,"Unknown"
"7014851",371865,2025-06-07 07:39:44,43.3151512145996,-8.85753726959229,"Unknown"
"7014851",371865,2025-06-07 07:49:46,43.357795715332,-8.84542369842529,"Unknown"
"7014851",371865,2025-06-07 07:59:43,43.357738494873,-8.84528827667236,"Unknown"
"7014851",371865,2025-06-07 08:09:45,43.3576927185059,-8.84512996673584,"Unknown"
"7014851",371865,2025-06-07 08:19:43,43.3577156066895,-8.84545040130615,"Unknown"
"7014851",371865,2025-06-07 08:29:44,43.3576202392578,-8.8454647064209,"Unknown"
"7014851",371865,2025-06-07 08:39:43,43.3576850891113,-8.84539604187012,"Unknown"
"7014851",371865,2025-06-07 08:49:43,43.3577156066895,-8.84549903869629,"Unknown"
"7014851",371865,2025-06-07 08:59:45,43.3576812744141,-8.84538650512695,"Unknown"
"7014851",371865,2025-06-07 09:09:43,43.3576736450195,-8.84524822235107,"Unknown"
"7014851",371865,2025-06-07 09:19:45,43.3577766418457,-8.84540462493896,"Unknown"
"7014851",371865,2025-06-07 09:29:44,43.3576812744141,-8.84541988372803,"Unknown"
"7014851",371865,2025-06-07 09:39:47,43.357177734375,-8.84503364562988,"Unknown"
"7014851",371865,2025-06-07 09:49:47,43.3571815490723,-8.84491539001465,"Unknown"
"7014851",371865,2025-06-07 09:59:48,43.3571128845215,-8.84473133087158,"Unknown"
"7014851",371865,2025-06-07 10:10:05,43.3574714660645,-8.84515953063965,"Unknown"
"7014851",371865,2025-06-07 10:19:43,43.3574180603027,-8.84492492675781,"Unknown"
"7014851",371865,2025-06-07 10:29:43,43.3575210571289,-8.84494495391846,"Unknown"
"7014851",371865,2025-06-07 10:39:54,43.3572120666504,-8.84542942047119,"Unknown"
"7014851",371865,2025-06-07 10:49:47,43.3571319580078,-8.84477519989014,"Unknown"
"7014851",371865,2025-06-07 10:59:45,43.3568954467773,-8.84366512298584,"Unknown"
"7014851",371865,2025-06-07 11:09:44,43.3570671081543,-8.84540557861328,"Unknown"
"7014851",371865,2025-06-07 11:19:44,43.357105255127,-8.84532642364502,"Unknown"
"7014851",371865,2025-06-07 11:29:44,43.3569946289062,-8.84536361694336,"Unknown"
"7014851",371865,2025-06-07 11:39:44,43.3570404052734,-8.84532165527344,"Unknown"
"7014851",371865,2025-06-07 11:49:44,43.3570442199707,-8.84531116485596,"Unknown"
"7014851",371865,2025-06-07 12:00:05,43.3575706481934,-8.84506797790527,"Unknown"
"7014851",371865,2025-06-07 12:09:42,43.3576240539551,-8.84509468078613,"Unknown"
"7014851",371865,2025-06-07 12:19:42,43.3576622009277,-8.84504985809326,"Unknown"
"7014851",371865,2025-06-07 12:29:42,43.3575706481934,-8.8450813293457,"Unknown"
"7014851",371865,2025-06-07 12:39:43,43.357593536377,-8.84499645233154,"Unknown"
"7014851",371865,2025-06-07 12:49:42,43.3576011657715,-8.84503936767578,"Unknown"
"7014851",371865,2025-06-07 12:59:42,43.3576431274414,-8.84500503540039,"Unknown"
"7014851",371865,2025-06-07 13:09:42,43.3577117919922,-8.84506416320801,"Unknown"
"7014851",371865,2025-06-07 13:19:42,43.3574752807617,-8.84550762176514,"Unknown"
"7014851",371865,2025-06-07 13:29:42,43.3575744628906,-8.84499454498291,"Unknown"
"7014851",371865,2025-06-07 13:39:43,43.3575439453125,-8.84496307373047,"Unknown"
"7014851",371865,2025-06-07 13:49:44,43.3575439453125,-8.84505271911621,"Unknown"
"7014851",371865,2025-06-07 13:59:43,43.3575439453125,-8.84492301940918,"Unknown"
"7014851",371865,2025-06-07 14:09:43,43.3574981689453,-8.84496974945068,"Unknown"
"7014851",371865,2025-06-07 14:14:43,43.3575134277344,-8.84497928619385,"Unknown"
"7014851",371865,2025-06-07 14:19:43,43.3575706481934,-8.84500026702881,"Unknown"
"7014851",371865,2025-06-07 14:29:44,43.3575706481934,-8.84503746032715,"Unknown"
"7014851",371865,2025-06-07 14:39:43,43.3576240539551,-8.84506607055664,"Unknown"
"7014851",371865,2025-06-07 14:49:43,43.3575592041016,-8.84500122070312,"Unknown"
"7014851",371865,2025-06-07 14:59:44,43.3575744628906,-8.84499359130859,"Unknown"
"7014851",371865,2025-06-07 15:09:44,43.3576278686523,-8.84520244598389,"Unknown"
"7014851",371865,2025-06-07 15:14:46,43.3575477600098,-8.8450870513916,"Unknown"
"7014851",371865,2025-06-07 15:19:46,43.3575248718262,-8.84509372711182,"Unknown"
"7014851",371865,2025-06-07 15:24:46,43.357421875,-8.84486389160156,"Unknown"
"7014851",371865,2025-06-07 15:29:47,43.3574409484863,-8.84496593475342,"Unknown"
"7014851",371865,2025-06-07 15:34:56,43.3575019836426,-8.84499645233154,"Unknown"
"7014851",371865,2025-06-07 15:39:47,43.3575744628906,-8.84506702423096,"Unknown"
"7014851",371865,2025-06-07 15:44:47,43.3575248718262,-8.84497547149658,"Unknown"
"7014851",371865,2025-06-07 15:49:49,43.3574028015137,-8.84489154815674,"Unknown"
"7014851",371865,2025-06-07 15:54:56,43.3575172424316,-8.84499740600586,"Unknown"
"7014851",371865,2025-06-07 15:59:58,43.3573265075684,-8.84479713439941,"Unknown"
"7014851",371865,2025-06-07 16:04:49,43.3577041625977,-8.84519195556641,"Unknown"
"7014851",371865,2025-06-07 16:10:05,43.3575553894043,-8.84505367279053,"Unknown"
"7014851",371865,2025-06-07 16:14:45,43.3576049804688,-8.84510231018066,"Unknown"
"7014851",371865,2025-06-07 16:19:46,43.3576202392578,-8.84508419036865,"Unknown"
"7014851",371865,2025-06-07 16:24:43,43.3577117919922,-8.84503746032715,"Unknown"
"7014851",371865,2025-06-07 16:29:43,43.3580169677734,-8.84478569030762,"Unknown"
"7014851",371865,2025-06-07 16:34:49,43.3578758239746,-8.84499454498291,"Unknown"
"7014851",371865,2025-06-07 16:39:43,43.3577690124512,-8.84511375427246,"Unknown"
"7014851",371865,2025-06-07 16:44:42,43.3578720092773,-8.84505271911621,"Unknown"
"7014851",371865,2025-06-07 16:49:42,43.3577919006348,-8.84511661529541,"Unknown"
"7014851",371865,2025-06-07 16:54:42,43.3578186035156,-8.84508514404297,"Unknown"
"7014851",371865,2025-06-07 16:59:42,43.3578758239746,-8.84504699707031,"Unknown"
"7014851",371865,2025-06-07 17:04:42,43.3578033447266,-8.84512233734131,"Unknown"
"7014851",371865,2025-06-07 17:09:42,43.3577842712402,-8.84515953063965,"Unknown"
"7014851",371865,2025-06-07 17:14:42,43.3577880859375,-8.84514999389648,"Unknown"
"7014851",371865,2025-06-07 17:19:42,43.3577651977539,-8.84519290924072,"Unknown"
"7014851",371865,2025-06-07 17:24:43,43.3577423095703,-8.84521484375,"Unknown"
"7014851",371865,2025-06-07 17:29:43,43.3575668334961,-8.8449592590332,"Unknown"
"7014851",371865,2025-06-07 17:34:47,43.3577308654785,-8.84524059295654,"Unknown"
"7014851",371865,2025-06-07 17:39:43,43.3576965332031,-8.84554290771484,"Unknown"
"7014851",371865,2025-06-07 17:44:43,43.3576545715332,-8.84551334381104,"Unknown"
"7014851",371865,2025-06-07 17:49:44,43.3576431274414,-8.84538650512695,"Unknown"
"7014851",371865,2025-06-07 17:54:43,43.3576774597168,-8.84529495239258,"Unknown"
"7014851",371865,2025-06-07 17:59:43,43.3576469421387,-8.84536838531494,"Unknown"
"7014851",371865,2025-06-07 18:04:48,43.3576545715332,-8.84532260894775,"Unknown"
"7014851",371865,2025-06-07 18:09:47,43.3576469421387,-8.84532451629639,"Unknown"
"7014851",371865,2025-06-07 18:14:48,43.357608795166,-8.84518146514893,"Unknown"
"7014851",371865,2025-06-07 18:19:44,43.3576889038086,-8.84532642364502,"Unknown"
"7014851",371865,2025-06-07 18:24:43,43.3576469421387,-8.84534454345703,"Unknown"
"7014851",371865,2025-06-07 18:29:44,43.3576622009277,-8.84530162811279,"Unknown"
"7014851",371865,2025-06-07 18:34:44,43.3576431274414,-8.84530162811279,"Unknown"
"7014851",371865,2025-06-07 18:39:43,43.3576354980469,-8.84528064727783,"Unknown"
"7014851",371865,2025-06-07 18:44:43,43.3576393127441,-8.84529781341553,"Unknown"
"7014851",371865,2025-06-07 18:49:44,43.3575744628906,-8.84512329101562,"Unknown"
"7014851",371865,2025-06-07 18:54:42,43.3576011657715,-8.84523677825928,"Unknown"
"7014851",371865,2025-06-07 18:59:46,43.357608795166,-8.84519100189209,"Unknown"
"7014851",371865,2025-06-07 19:04:44,43.3576049804688,-8.84521389007568,"Unknown"
"7014851",371865,2025-06-07 19:09:43,43.3576316833496,-8.84520816802979,"Unknown"
"7014851",371865,2025-06-07 19:14:43,43.3577537536621,-8.84535217285156,"Unknown"
"7014851",371865,2025-06-07 19:19:43,43.3576583862305,-8.84522438049316,"Unknown"
"7014851",371865,2025-06-07 19:24:43,43.3575592041016,-8.84511089324951,"Unknown"
"7014851",371865,2025-06-07 19:30:05,43.3575859069824,-8.8450403213501,"Unknown"
"7014851",371865,2025-06-07 19:34:51,43.357593536377,-8.8450403213501,"Unknown"
"7014851",371865,2025-06-07 19:39:43,43.3575592041016,-8.84505748748779,"Unknown"
"7014851",371865,2025-06-07 19:44:42,43.3575782775879,-8.84506225585938,"Unknown"
"7014851",371865,2025-06-07 19:50:42,43.357666015625,-8.84523296356201,"Unknown"
"7014851",371865,2025-06-07 19:55:41,43.3576774597168,-8.84510898590088,"Unknown"
"7014851",371865,2025-06-07 20:00:42,43.3578147888184,-8.84512901306152,"Unknown"
"7014851",371865,2025-06-07 20:05:42,43.3576965332031,-8.8451623916626,"Unknown"
"7014851",371865,2025-06-07 20:10:42,43.357608795166,-8.84517002105713,"Unknown"
"7014851",371865,2025-06-07 20:15:42,43.3576049804688,-8.84512710571289,"Unknown"
"7014851",371865,2025-06-07 20:20:42,43.3576774597168,-8.84516429901123,"Unknown"
"7014851",371865,2025-06-07 20:25:42,43.3576278686523,-8.84517097473145,"Unknown"
"7014851",371865,2025-06-07 20:30:42,43.357551574707,-8.84519672393799,"Unknown"
"7014851",371865,2025-06-07 20:35:47,43.3575706481934,-8.84509944915771,"Unknown"
"7014851",371865,2025-06-07 20:40:42,43.3575325012207,-8.84502124786377,"Unknown"
"7014851",371865,2025-06-07 20:45:42,43.3576240539551,-8.84506225585938,"Unknown"
"7014851",371865,2025-06-07 20:50:42,43.3575286865234,-8.84498405456543,"Unknown"
"7014851",371865,2025-06-07 20:55:42,43.3576126098633,-8.84505462646484,"Unknown"
"7014851",371865,2025-06-07 21:00:44,43.3575973510742,-8.84504890441895,"Unknown"
"7014851",371865,2025-06-07 21:05:42,43.3575706481934,-8.84495735168457,"Unknown"
"7014851",371865,2025-06-07 21:10:42,43.357608795166,-8.84500789642334,"Unknown"
"7014851",371865,2025-06-07 21:15:43,43.3575973510742,-8.84497547149658,"Unknown"
"7014851",371865,2025-06-07 21:20:42,43.3575630187988,-8.84498596191406,"Unknown"
"7014851",371865,2025-06-07 21:25:42,43.3575477600098,-8.8449182510376,"Unknown"
"7014851",371865,2025-06-07 21:30:42,43.3575553894043,-8.84491729736328,"Unknown"
"7014851",371865,2025-06-07 21:35:42,43.3575477600098,-8.84480285644531,"Unknown"
"7014851",371865,2025-06-07 21:40:43,43.3575477600098,-8.84489631652832,"Unknown"
"7014851",371865,2025-06-07 21:45:43,43.3575706481934,-8.84496593475342,"Unknown"
"7014851",371865,2025-06-07 21:50:42,43.3575325012207,-8.84494304656982,"Unknown"
"7014851",371865,2025-06-07 21:55:42,43.3575134277344,-8.84481811523438,"Unknown"
"7014851",371865,2025-06-07 22:00:42,43.3575172424316,-8.84488010406494,"Unknown"
"7014851",371865,2025-06-07 22:05:42,43.357551574707,-8.84478759765625,"Unknown"
"7014851",371865,2025-06-07 22:10:42,43.357551574707,-8.84482669830322,"Unknown"
"7014851",371865,2025-06-07 22:15:42,43.357608795166,-8.84477806091309,"Unknown"
"7014851",371865,2025-06-07 22:20:43,43.3576812744141,-8.84482860565186,"Unknown"
"7014851",371865,2025-06-07 22:25:47,43.3594741821289,-8.84995365142822,"Unknown"
"7014851",371865,2025-06-07 22:30:45,43.3588218688965,-8.84754657745361,"Unknown"
"7014851",371865,2025-06-07 22:35:43,43.3581924438477,-8.84442615509033,"Unknown"
"7014851",371865,2025-06-07 22:40:45,43.3580665588379,-8.84450054168701,"Unknown"
"7014851",371865,2025-06-07 22:45:55,43.3576164245605,-8.84379577636719,"Unknown"
"7014851",371865,2025-06-07 22:50:46,43.358528137207,-8.8451452255249,"Unknown"
"7014851",371865,2025-06-07 22:56:01,43.3579902648926,-8.84497356414795,"Unknown"
"7014851",371865,2025-06-07 23:00:42,43.3574333190918,-8.84456348419189,"Unknown"
"7014851",371865,2025-06-07 23:05:42,43.357723236084,-8.84512805938721,"Unknown"
"7014851",371865,2025-06-07 23:10:43,43.3577651977539,-8.84509563446045,"Unknown"
"7014851",371865,2025-06-07 23:15:42,43.3576240539551,-8.84517002105713,"Unknown"
"7014851",371865,2025-06-07 23:20:43,43.3576698303223,-8.84517669677734,"Unknown"
"7014851",371865,2025-06-07 23:25:43,43.3576393127441,-8.84515285491943,"Unknown"
"7014851",371865,2025-06-07 23:30:42,43.3576850891113,-8.84502601623535,"Unknown"
"7014851",371865,2025-06-07 23:35:43,43.357666015625,-8.84509372711182,"Unknown"
"7014851",371865,2025-06-07 23:40:42,43.3576164245605,-8.84497165679932,"Unknown"
"7014851",371865,2025-06-07 23:45:42,43.3575019836426,-8.84500694274902,"Unknown"
"7014851",371865,2025-06-07 23:50:43,43.3574104309082,-8.84506893157959,"Unknown"
"7014851",371865,2025-06-07 23:55:42,43.3574638366699,-8.84500980377197,"Unknown"
"7014851",371865,2025-06-08 00:00:42,43.3574295043945,-8.84504413604736,"Unknown"
"7014851",371865,2025-06-08 00:05:43,43.357364654541,-8.84503936767578,"Unknown"
"7014851",371865,2025-06-08 00:10:44,43.3573684692383,-8.84499549865723,"Unknown"
"7014851",371865,2025-06-08 00:15:43,43.3573532104492,-8.84500980377197,"Unknown"
"7014851",371865,2025-06-08 00:20:43,43.357421875,-8.84502983093262,"Unknown"
"7014851",371865,2025-06-08 00:25:43,43.3573608398438,-8.84496688842773,"Unknown"
"7014851",371865,2025-06-08 00:30:42,43.3574409484863,-8.84497261047363,"Unknown"
"7014851",371865,2025-06-08 00:35:42,43.3579292297363,-8.84495639801025,"Unknown"
"7014851",371865,2025-06-08 00:40:42,43.3573570251465,-8.84528064727783,"Unknown"
"7014851",371865,2025-06-08 00:45:42,43.3574562072754,-8.84501457214355,"Unknown"
"7014851",371865,2025-06-08 00:50:44,43.3575096130371,-8.84495067596436,"Unknown"
"7014851",371865,2025-06-08 00:55:44,43.357666015625,-8.8449649810791,"Unknown"
"7014851",371865,2025-06-08 01:00:44,43.3572578430176,-8.8447265625,"Unknown"
"7014851",371865,2025-06-08 01:05:44,43.3576240539551,-8.84502506256104,"Unknown"
"7014851",371865,2025-06-08 01:10:43,43.3575096130371,-8.84494590759277,"Unknown"
"7014851",371865,2025-06-08 01:15:44,43.3574104309082,-8.84481048583984,"Unknown"
"7014851",371865,2025-06-08 01:20:42,43.3576202392578,-8.84504413604736,"Unknown"
"7014851",371865,2025-06-08 01:25:44,43.3579025268555,-8.845383644104,"Unknown"
"7014851",371865,2025-06-08 01:30:44,43.3577423095703,-8.84507179260254,"Unknown"
"7014851",371865,2025-06-08 01:35:43,43.3576431274414,-8.84504699707031,"Unknown"
"7014851",371865,2025-06-08 01:40:43,43.3576622009277,-8.84508991241455,"Unknown"
"7014851",371865,2025-06-08 01:45:44,43.3576011657715,-8.8449182510376,"Unknown"
"7014851",371865,2025-06-08 01:50:45,43.3575744628906,-8.84496593475342,"Unknown"
"7014851",371865,2025-06-08 01:55:43,43.3576278686523,-8.84501266479492,"Unknown"
"7014851",371865,2025-06-08 02:00:45,43.3576965332031,-8.84512329101562,"Unknown"
"7014851",371865,2025-06-08 02:05:43,43.3576507568359,-8.84499835968018,"Unknown"
"7014851",371865,2025-06-08 02:10:44,43.3575401306152,-8.84487247467041,"Unknown"
"7014851",371865,2025-06-08 02:15:43,43.3577575683594,-8.8450403213501,"Unknown"
"7014851",371865,2025-06-08 02:20:43,43.3576126098633,-8.84491539001465,"Unknown"
"7014851",371865,2025-06-08 02:25:43,43.3577842712402,-8.84503841400146,"Unknown"
"7014851",371865,2025-06-08 02:30:43,43.3577003479004,-8.84499549865723,"Unknown"
"7014851",371865,2025-06-08 02:35:43,43.3576393127441,-8.84497928619385,"Unknown"
"7014851",371865,2025-06-08 02:40:44,43.3576126098633,-8.84498023986816,"Unknown"
"7014851",371865,2025-06-08 02:45:43,43.3576965332031,-8.84495067596436,"Unknown"
"7014851",371865,2025-06-08 02:50:43,43.3577079772949,-8.84498405456543,"Unknown"
"7014851",371865,2025-06-08 02:55:43,43.3577270507812,-8.84499073028564,"Unknown"
"7014851",371865,2025-06-08 03:00:43,43.3577728271484,-8.84504413604736,"Unknown"
"7014851",371865,2025-06-08 03:05:43,43.3577461242676,-8.84500885009766,"Unknown"
"7014851",371865,2025-06-08 03:10:42,43.3576889038086,-8.84505939483643,"Unknown"
"7014851",371865,2025-06-08 03:15:42,43.3577461242676,-8.84510231018066,"Unknown"
"7014851",371865,2025-06-08 03:20:42,43.3577346801758,-8.84512615203857,"Unknown"
"7014851",371865,2025-06-08 03:25:42,43.3577156066895,-8.84511089324951,"Unknown"
"7014851",371865,2025-06-08 03:30:44,43.3577423095703,-8.84512805938721,"Unknown"
"7014851",371865,2025-06-08 03:35:42,43.3576812744141,-8.84514141082764,"Unknown"
"7014851",371865,2025-06-08 03:40:43,43.3577194213867,-8.84520530700684,"Unknown"
"7014851",371865,2025-06-08 03:45:42,43.3608474731445,-8.84696578979492,"Unknown"
"7014851",371865,2025-06-08 03:50:42,43.3576583862305,-8.84614753723145,"Unknown"
"7014851",371865,2025-06-08 03:55:42,43.3756294250488,-8.85819721221924,"Unknown"
"7014851",371865,2025-06-08 04:00:42,43.3988838195801,-8.86512088775635,"Unknown"
"7014851",371865,2025-06-08 04:10:42,43.4314384460449,-8.89800548553467,"Unknown"
"7014851",371865,2025-06-08 04:20:42,43.4577178955078,-8.91401386260986,"Unknown"
"7014851",371865,2025-06-08 04:30:42,43.4931564331055,-8.93703365325928,"Unknown"
"7014851",371865,2025-06-08 04:40:43,43.5301170349121,-8.93802928924561,"Unknown"
"7014851",371865,2025-06-08 04:50:43,43.557445526123,-8.92853450775146,"Unknown"
"7014851",371865,2025-06-08 05:00:43,43.5825233459473,-8.87693500518799,"Unknown"
"7014851",371865,2025-06-08 05:10:44,43.6104774475098,-8.84043502807617,"Unknown"
"7014851",371865,2025-06-08 05:20:43,43.5447120666504,-8.83405303955078,"Unknown"
"7014851",371865,2025-06-08 05:25:43,43.5031356811523,-8.84056854248047,"Unknown"
"7014851",371865,2025-06-08 05:35:42,43.4257354736328,-8.86591148376465,"Unknown"
"7014851",371865,2025-06-08 05:45:43,43.357608795166,-8.84507942199707,"Unknown"
"7014851",371865,2025-06-08 05:55:43,43.3577117919922,-8.84510803222656,"Unknown"
"7014851",371865,2025-06-08 06:00:42,43.3577880859375,-8.84529113769531,"Unknown"
"7014851",371865,2025-06-08 06:10:43,43.3578300476074,-8.84540557861328,"Unknown"
"7014851",371865,2025-06-08 06:20:43,43.3577308654785,-8.84531116485596,"Unknown"
"7014851",371865,2025-06-08 06:25:43,43.3576736450195,-8.84513187408447,"Unknown"
"7014851",371865,2025-06-08 06:35:44,43.3576431274414,-8.84521484375,"Unknown"
"7014851",371865,2025-06-08 06:40:44,43.3576965332031,-8.84528541564941,"Unknown"
"7014851",371865,2025-06-08 06:45:44,43.3575973510742,-8.8451099395752,"Unknown"
"7014851",371865,2025-06-08 06:50:44,43.3478660583496,-8.84469032287598,"Unknown"
"7014851",371865,2025-06-08 06:55:43,43.3536186218262,-8.84113121032715,"Unknown"
"7014851",371865,2025-06-08 07:00:53,43.3577041625977,-8.8451509475708,"Unknown"
"7014851",371865,2025-06-08 07:05:44,43.3578300476074,-8.84523677825928,"Unknown"
"7014851",371865,2025-06-08 07:15:44,43.3578071594238,-8.84508800506592,"Unknown"
"7014851",371865,2025-06-08 07:20:47,43.3542137145996,-8.83943748474121,"Unknown"
"7014851",371865,2025-06-08 07:25:48,43.3576965332031,-8.84527206420898,"Unknown"
"7014851",371865,2025-06-08 07:30:42,43.358325958252,-8.8448371887207,"Unknown"
"7014851",371865,2025-06-08 07:35:53,43.3579025268555,-8.84488201141357,"Unknown"
"7014851",371865,2025-06-08 07:40:41,43.358097076416,-8.84500789642334,"Unknown"
"7014851",371865,2025-06-08 07:45:42,43.3581657409668,-8.84496212005615,"Unknown"
"7014851",371865,2025-06-08 07:50:42,43.3581199645996,-8.84494590759277,"Unknown"
"7014851",371865,2025-06-08 07:55:48,43.3577842712402,-8.84500026702881,"Unknown"
"7014851",371865,2025-06-08 08:00:48,43.357780456543,-8.84492492675781,"Unknown"
"7014851",371865,2025-06-08 08:05:41,43.3577995300293,-8.8449649810791,"Unknown"
"7014851",371865,2025-06-08 08:10:47,43.3575668334961,-8.84528255462646,"Unknown"
"7014851",371865,2025-06-08 08:15:42,43.3574409484863,-8.84542465209961,"Unknown"
"7014851",371865,2025-06-08 08:20:41,43.3574523925781,-8.84543991088867,"Unknown"
"7014851",371865,2025-06-08 08:25:44,43.3581581115723,-8.8467264175415,"Unknown"
"7014851",371865,2025-06-08 08:30:46,43.3577156066895,-8.84487438201904,"Unknown"
"7014851",371865,2025-06-08 08:35:44,43.3603019714355,-8.83093643188477,"Unknown"
"7014851",371865,2025-06-08 08:40:54,43.3576622009277,-8.84482860565186,"Unknown"
"7014851",371865,2025-06-08 08:45:43,43.3595085144043,-8.8317756652832,"Unknown"
"7014851",371865,2025-06-08 08:50:47,43.3580589294434,-8.84463787078857,"Unknown"
"7014851",371865,2025-06-08 08:55:42,43.3579902648926,-8.84470272064209,"Unknown"
"7014851",371865,2025-06-08 09:00:41,43.3573913574219,-8.84519386291504,"Unknown"
"7014851",371865,2025-06-08 09:05:54,43.357666015625,-8.84489822387695,"Unknown"
"7014851",371865,2025-06-08 09:10:43,43.3573799133301,-8.84514617919922,"Unknown"
"7014851",371865,2025-06-08 09:15:42,43.3574066162109,-8.84512996673584,"Unknown"
"7014851",371865,2025-06-08 09:20:43,43.3575096130371,-8.84512615203857,"Unknown"
"7014851",371865,2025-06-08 09:25:41,43.3574256896973,-8.84496402740479,"Unknown"
"7014851",371865,2025-06-08 09:30:47,43.357551574707,-8.84505939483643,"Unknown"
"7014851",371865,2025-06-08 09:35:43,43.3574638366699,-8.84498596191406,"Unknown"
"7014851",371865,2025-06-08 09:40:42,43.357364654541,-8.84480762481689,"Unknown"
"7014851",371865,2025-06-08 09:45:48,43.3575553894043,-8.84490776062012,"Unknown"
"7014851",371865,2025-06-08 09:50:41,43.3574752807617,-8.84472846984863,"Unknown"
"7014851",371865,2025-06-08 09:55:41,43.3575057983398,-8.84467315673828,"Unknown"
"7014851",371865,2025-06-08 10:00:41,43.3574867248535,-8.84468173980713,"Unknown"
"7014851",371865,2025-06-08 10:05:41,43.3575439453125,-8.84453773498535,"Unknown"
"7014851",371865,2025-06-08 10:10:41,43.3575286865234,-8.84455013275146,"Unknown"
"7014851",371865,2025-06-08 10:15:42,43.3575553894043,-8.84463405609131,"Unknown"
"7014851",371865,2025-06-08 10:20:43,43.3578681945801,-8.84497928619385,"Unknown"
"7014851",371865,2025-06-08 10:25:42,43.3575744628906,-8.84485530853271,"Unknown"
"7014851",371865,2025-06-08 10:30:42,43.3575477600098,-8.84488868713379,"Unknown"
"7014851",371865,2025-06-08 10:35:47,43.3584098815918,-8.84527969360352,"Unknown"
"7014851",371865,2025-06-08 10:40:41,43.3580589294434,-8.844895362854,"Unknown"
"7014851",371865,2025-06-08 10:45:48,43.3583831787109,-8.84531784057617,"Unknown"
"7014851",371865,2025-06-08 10:50:42,43.3610038757324,-8.8470401763916,"Unknown"
"7014851",371865,2025-06-08 10:55:42,43.3823165893555,-8.86838150024414,"Unknown"
"7014851",371865,2025-06-08 11:00:44,43.4058074951172,-8.88518714904785,"Unknown"
"7014851",371865,2025-06-08 11:05:42,43.4214553833008,-8.90205764770508,"Unknown"
"7014851",371865,2025-06-08 11:10:42,43.4294738769531,-8.91322708129883,"Unknown"
"7014851",371865,2025-06-08 11:15:43,43.4299240112305,-8.91728973388672,"Unknown"
"7014851",371865,2025-06-08 11:20:42,43.430549621582,-8.92013740539551,"Unknown"
"7014851",371865,2025-06-08 11:26:08,43.4298858642578,-8.92106437683105,"Unknown"
"7014851",371865,2025-06-08 11:30:42,43.4313735961914,-8.92591571807861,"Unknown"
"7014851",371865,2025-06-08 11:35:42,43.4256286621094,-8.93354892730713,"Unknown"
"7014851",371865,2025-06-08 11:40:47,43.4266586303711,-8.93670177459717,"Unknown"
"7014851",371865,2025-06-08 11:45:55,43.4269332885742,-8.93821048736572,"Unknown"
"7014851",371865,2025-06-08 11:50:41,43.4323348999023,-8.92842769622803,"Unknown"
"7014851",371865,2025-06-08 11:55:50,43.4326934814453,-8.92086410522461,"Unknown"
"7014851",371865,2025-06-08 12:00:50,43.4281387329102,-8.91941165924072,"Unknown"
"7014851",371865,2025-06-08 12:05:41,43.4080810546875,-8.9039249420166,"Unknown"
"7014851",371865,2025-06-08 12:10:55,43.4175910949707,-8.91687297821045,"Unknown"
"7014851",371865,2025-06-08 12:16:02,43.4183731079102,-8.91804695129395,"Unknown"
"7014851",371865,2025-06-08 12:20:56,43.4195404052734,-8.92470264434814,"Unknown"
"7014851",371865,2025-06-08 12:25:41,43.4136619567871,-8.91862297058105,"Unknown"
"7014851",371865,2025-06-08 12:30:53,43.3927192687988,-8.88518714904785,"Unknown"
"7014851",371865,2025-06-08 12:35:50,43.3684539794922,-8.85689449310303,"Unknown"
"7014851",371865,2025-06-08 12:40:52,43.3582458496094,-8.8452787399292,"Unknown"
"7014851",371865,2025-06-08 12:45:43,43.3580627441406,-8.84559440612793,"Unknown"
"7014851",371865,2025-06-08 12:50:57,43.3600769042969,-8.85133361816406,"Unknown"
"7014851",371865,2025-06-08 12:55:49,43.3579521179199,-8.84517383575439,"Unknown"
"7014851",371865,2025-06-08 13:00:46,43.3577117919922,-8.84513092041016,"Unknown"
"7014851",371865,2025-06-08 13:05:49,43.3576965332031,-8.84519672393799,"Unknown"
"7014851",371865,2025-06-08 13:10:49,43.3576316833496,-8.84521961212158,"Unknown"
"7014851",371865,2025-06-08 13:15:42,43.358039855957,-8.84577178955078,"Unknown"
"7014851",371865,2025-06-08 13:20:48,43.3576164245605,-8.84521484375,"Unknown"
"7014851",371865,2025-06-08 13:25:49,43.3576698303223,-8.84529495239258,"Unknown"
"7014851",371865,2025-06-08 13:30:49,43.3572616577148,-8.84566879272461,"Unknown"
"7014851",371865,2025-06-08 13:35:49,43.3576049804688,-8.84526634216309,"Unknown"
"7014851",371865,2025-06-08 13:40:53,43.3569297790527,-8.84567356109619,"Unknown"
"7014851",371865,2025-06-08 13:45:49,43.3573150634766,-8.84518432617188,"Unknown"
"7014851",371865,2025-06-08 13:50:52,43.3567581176758,-8.84566116333008,"Unknown"
"7014851",371865,2025-06-08 13:55:49,43.3570404052734,-8.8454122543335,"Unknown"
"7014851",371865,2025-06-08 14:00:47,43.3579521179199,-8.84580135345459,"Unknown"
"7014851",371865,2025-06-08 14:05:42,43.3577766418457,-8.84544372558594,"Unknown"
"7014851",371865,2025-06-08 14:10:45,43.3578605651855,-8.84534549713135,"Unknown"
"7014851",371865,2025-06-08 14:15:46,43.3580169677734,-8.84533786773682,"Unknown"
"7014851",371865,2025-06-08 14:20:53,43.3579635620117,-8.84496116638184,"Unknown"
"7014851",371865,2025-06-08 14:25:42,43.3576622009277,-8.84554576873779,"Unknown"
"7014851",371865,2025-06-08 14:30:42,43.3576583862305,-8.84555149078369,"Unknown"
"7014851",371865,2025-06-08 14:35:42,43.3579063415527,-8.84501075744629,"Unknown"
"7014851",371865,2025-06-08 14:40:43,43.3573226928711,-8.84525299072266,"Unknown"
"7014851",371865,2025-06-08 14:45:43,43.3577270507812,-8.84521961212158,"Unknown"
"7014851",371865,2025-06-08 14:51:18,43.3573150634766,-8.84737586975098,"Unknown"
"7014851",371865,2025-06-08 14:55:41,43.3576469421387,-8.84497261047363,"Unknown"
"7014851",371865,2025-06-08 15:00:41,43.3574867248535,-8.84532260894775,"Unknown"
"7014851",371865,2025-06-08 15:05:42,43.3579750061035,-8.84440326690674,"Unknown"
"7014851",371865,2025-06-08 15:10:42,43.3576202392578,-8.84506893157959,"Unknown"
"7014851",371865,2025-06-08 15:15:43,43.3578224182129,-8.8447847366333,"Unknown"
"7014851",371865,2025-06-08 15:20:51,43.3578605651855,-8.84468364715576,"Unknown"
"7014851",371865,2025-06-08 15:25:43,43.3577842712402,-8.84483051300049,"Unknown"
"7014851",371865,2025-06-08 15:30:45,43.3575439453125,-8.84521389007568,"Unknown"
"7014851",371865,2025-06-08 15:35:41,43.3576774597168,-8.84484195709229,"Unknown"
"7014851",371865,2025-06-08 15:40:42,43.3576622009277,-8.84469604492188,"Unknown"
"7014851",371865,2025-06-08 15:45:42,43.3576850891113,-8.84486389160156,"Unknown"
"7014851",371865,2025-06-08 15:50:41,43.3577499389648,-8.84481716156006,"Unknown"
"7014851",371865,2025-06-08 15:55:42,43.3577194213867,-8.84478282928467,"Unknown"
"7014851",371865,2025-06-08 16:00:41,43.3577728271484,-8.8448600769043,"Unknown"
"7014851",371865,2025-06-08 16:05:41,43.3578414916992,-8.84487724304199,"Unknown"
"7014851",371865,2025-06-08 16:10:41,43.3578300476074,-8.84486484527588,"Unknown"
"7014851",371865,2025-06-08 16:15:41,43.3578834533691,-8.84487724304199,"Unknown"
"7014851",371865,2025-06-08 16:20:41,43.3578605651855,-8.8449068069458,"Unknown"
"7014851",371865,2025-06-08 16:25:41,43.3578567504883,-8.84498977661133,"Unknown"
"7014851",371865,2025-06-08 16:30:41,43.3578338623047,-8.84517288208008,"Unknown"
"7014851",371865,2025-06-08 16:35:41,43.3578453063965,-8.84513282775879,"Unknown"
"7014851",371865,2025-06-08 16:40:42,43.3578224182129,-8.84518623352051,"Unknown"
"7014851",371865,2025-06-08 16:45:41,43.357852935791,-8.84514713287354,"Unknown"
"7014851",371865,2025-06-08 16:50:41,43.3578109741211,-8.84518337249756,"Unknown"
"7014851",371865,2025-06-08 16:55:41,43.357780456543,-8.84523582458496,"Unknown"
"7014851",371865,2025-06-08 17:00:43,43.3577919006348,-8.84518146514893,"Unknown"
"7014851",371865,2025-06-08 17:05:41,43.357852935791,-8.8451623916626,"Unknown"
"7014851",371865,2025-06-08 17:10:41,43.3578071594238,-8.84523582458496,"Unknown"
"7014851",371865,2025-06-08 17:15:41,43.3516883850098,-8.84738731384277,"Unknown"
"7014851",371865,2025-06-08 17:20:41,43.3142242431641,-8.85725402832031,"Unknown"
"7014851",371865,2025-06-08 17:25:41,43.3145561218262,-8.85712242126465,"Unknown"
"7014851",371865,2025-06-08 17:30:41,43.3145370483398,-8.85712718963623,"Unknown"
"7014851",371865,2025-06-08 17:35:41,43.3146781921387,-8.85706615447998,"Unknown"
"7014851",371865,2025-06-08 17:40:41,43.3300857543945,-8.84716415405273,"Unknown"
"7014851",371865,2025-06-08 17:45:41,43.345027923584,-8.83695602416992,"Unknown"
"7014851",371865,2025-06-08 17:50:41,43.3578109741211,-8.84520816802979,"Unknown"
"7014851",371865,2025-06-08 17:55:42,43.3578605651855,-8.84516048431396,"Unknown"
"7014851",371865,2025-06-08 18:00:41,43.3577308654785,-8.84527397155762,"Unknown"
"7014851",371865,2025-06-08 18:05:41,43.3578491210938,-8.8452205657959,"Unknown"
"7014851",371865,2025-06-08 18:10:41,43.3577995300293,-8.84523010253906,"Unknown"
"7014851",371865,2025-06-08 18:15:41,43.3578300476074,-8.84525299072266,"Unknown"
"7014851",371865,2025-06-08 18:20:42,43.3578643798828,-8.84514045715332,"Unknown"
"7014851",371865,2025-06-08 18:25:41,43.3578491210938,-8.84515476226807,"Unknown"
"7014851",371865,2025-06-08 18:30:41,43.3578834533691,-8.84518241882324,"Unknown"
"7014851",371865,2025-06-08 18:35:40,43.3578948974609,-8.84517002105713,"Unknown"
"7014851",371865,2025-06-08 18:40:41,43.3578186035156,-8.84524536132812,"Unknown"
"7014851",371865,2025-06-08 18:45:45,43.3579025268555,-8.84506702423096,"Unknown"
"7014851",371865,2025-06-08 18:50:41,43.3579025268555,-8.84511947631836,"Unknown"
"7014851",371865,2025-06-08 18:55:49,43.3579177856445,-8.84513378143311,"Unknown"
"7014851",371865,2025-06-08 19:00:41,43.3578987121582,-8.84516334533691,"Unknown"
"7014851",371865,2025-06-08 19:05:41,43.3579330444336,-8.84507751464844,"Unknown"
"7014851",371865,2025-06-08 19:10:42,43.3579254150391,-8.84503936767578,"Unknown"
"7014851",371865,2025-06-08 19:15:43,43.3577079772949,-8.84486675262451,"Unknown"
"7014851",371865,2025-06-08 19:20:42,43.3579597473145,-8.84516143798828,"Unknown"
"7014851",371865,2025-06-08 19:25:43,43.3578872680664,-8.84531497955322,"Unknown"
"7014851",371865,2025-06-08 19:30:45,43.3542709350586,-8.84368801116943,"Unknown"
"7014851",371865,2025-06-08 19:35:54,43.3580360412598,-8.84511184692383,"Unknown"
"7014851",371865,2025-06-08 19:40:47,43.3517150878906,-8.84486865997314,"Unknown"
"7014851",371865,2025-06-08 19:45:44,43.3577461242676,-8.84486293792725,"Unknown"
"7014851",371865,2025-06-08 19:53:20,43.3552093505859,-8.84162616729736,"Unknown"
"7014851",371865,2025-06-08 19:58:21,43.3549156188965,-8.84003353118896,"Unknown"
"7014851",371865,2025-06-08 20:03:30,43.3580780029297,-8.84466361999512,"Unknown"
"7014851",371865,2025-06-08 20:08:18,43.3577194213867,-8.84483623504639,"Unknown"
"7014851",371865,2025-06-08 20:13:20,43.3576164245605,-8.84488677978516,"Unknown"
"7014851",371865,2025-06-08 20:18:18,43.3577117919922,-8.84479331970215,"Unknown"
"7014851",371865,2025-06-08 20:23:19,43.357738494873,-8.84480285644531,"Unknown"
"7014851",371865,2025-06-08 20:28:18,43.3576927185059,-8.84478855133057,"Unknown"
"7014851",371865,2025-06-08 20:33:30,43.3575782775879,-8.84502696990967,"Unknown"
"7014851",371865,2025-06-08 20:38:30,43.3574142456055,-8.84510612487793,"Unknown"
"7014851",371865,2025-06-08 20:43:20,43.3576583862305,-8.84477138519287,"Unknown"
"7014851",371865,2025-06-08 20:48:30,43.3574523925781,-8.8450984954834,"Unknown"
"7014851",371865,2025-06-08 20:53:30,43.3574371337891,-8.84506893157959,"Unknown"
"7014851",371865,2025-06-08 20:58:30,43.3575859069824,-8.84496402740479,"Unknown"
"7014851",371865,2025-06-08 21:03:21,43.3775596618652,-8.82845211029053,"Unknown"
"7014851",371865,2025-06-08 21:08:18,43.3766174316406,-8.82965564727783,"Unknown"
"7014851",371865,2025-06-08 21:13:45,43.3577461242676,-8.84469032287598,"Unknown"
"7014851",371865,2025-06-08 21:18:19,43.3576354980469,-8.84473419189453,"Unknown"
"7014851",371865,2025-06-08 21:23:18,43.357666015625,-8.84473037719727,"Unknown"
"7014851",371865,2025-06-08 21:28:31,43.358226776123,-8.84415149688721,"Unknown"
"7014851",371865,2025-06-08 21:33:30,43.3578796386719,-8.84461307525635,"Unknown"
"7014851",371865,2025-06-08 21:38:18,43.3584594726562,-8.84713268280029,"Unknown"
"7014851",371865,2025-06-08 21:43:26,43.3581047058105,-8.84371089935303,"Unknown"
"7014851",371865,2025-06-08 21:48:51,43.3576354980469,-8.84476852416992,"Unknown"
"7014851",371865,2025-06-08 21:53:17,43.3580017089844,-8.84518814086914,"Unknown"
"7014851",371865,2025-06-08 21:58:18,43.3574371337891,-8.84450340270996,"Unknown"
"7014851",371865,2025-06-08 22:03:18,43.3574867248535,-8.84446334838867,"Unknown"
"7014851",371865,2025-06-08 22:08:18,43.3575897216797,-8.84536075592041,"Unknown"
"7014851",371865,2025-06-08 22:13:18,43.3574485778809,-8.84440040588379,"Unknown"
"7014851",371865,2025-06-08 22:18:17,43.3573150634766,-8.8443546295166,"Unknown"
"7014851",371865,2025-06-08 22:23:17,43.3566665649414,-8.8443431854248,"Unknown"
"7014851",371865,2025-06-08 22:28:18,43.3576049804688,-8.8449821472168,"Unknown"
"7014851",371865,2025-06-08 22:33:18,43.3576583862305,-8.84503841400146,"Unknown"
"7014851",371865,2025-06-08 22:38:17,43.3576164245605,-8.84502601623535,"Unknown"
"7014851",371865,2025-06-08 22:43:18,43.3575859069824,-8.84501647949219,"Unknown"
"7014851",371865,2025-06-08 22:48:18,43.3576736450195,-8.84516906738281,"Unknown"
"7014851",371865,2025-06-08 22:53:18,43.3575325012207,-8.84501552581787,"Unknown"
"7014851",371865,2025-06-08 22:58:17,43.3575782775879,-8.84505939483643,"Unknown"
"7014851",371865,2025-06-08 23:03:18,43.3576774597168,-8.84520149230957,"Unknown"
"7014851",371865,2025-06-08 23:08:17,43.3577423095703,-8.84545421600342,"Unknown"
"7014851",371865,2025-06-08 23:13:18,43.3576164245605,-8.84512710571289,"Unknown"
"7014851",371865,2025-06-08 23:18:24,43.357608795166,-8.84503555297852,"Unknown"
"7014851",371865,2025-06-08 23:23:19,43.3575668334961,-8.8450984954834,"Unknown"
"7014851",371865,2025-06-08 23:28:18,43.3574905395508,-8.84506893157959,"Unknown"
"7014851",371865,2025-06-08 23:33:18,43.357593536377,-8.84510612487793,"Unknown"
"7014851",371865,2025-06-08 23:38:19,43.3575973510742,-8.84506607055664,"Unknown"
"7014851",371865,2025-06-08 23:43:18,43.3575744628906,-8.84506607055664,"Unknown"
"7014851",371865,2025-06-08 23:48:18,43.3575668334961,-8.84506034851074,"Unknown"
"7014851",371865,2025-06-08 23:53:18,43.3575973510742,-8.84505558013916,"Unknown"
"7014851",371865,2025-06-08 23:58:19,43.3575439453125,-8.8451042175293,"Unknown"
"7014851",371865,2025-06-09 00:03:18,43.3575553894043,-8.84505558013916,"Unknown"
"7014851",371865,2025-06-09 00:08:18,43.3576354980469,-8.84506702423096,"Unknown"
"7014851",371865,2025-06-09 00:13:20,43.3572998046875,-8.8450813293457,"Unknown"
"7014851",371865,2025-06-09 00:18:21,43.3578834533691,-8.84507274627686,"Unknown"
"7014851",371865,2025-06-09 00:23:20,43.3578147888184,-8.84506797790527,"Unknown"
"7014851",371865,2025-06-09 00:28:23,43.3575973510742,-8.84503841400146,"Unknown"
"7014851",371865,2025-06-09 00:33:21,43.3577919006348,-8.84503746032715,"Unknown"
"7014851",371865,2025-06-09 00:38:20,43.3577308654785,-8.84505939483643,"Unknown"
"7014851",371865,2025-06-09 00:43:22,43.3575744628906,-8.84505653381348,"Unknown"
"7014851",371865,2025-06-09 00:48:20,43.357795715332,-8.84508991241455,"Unknown"
"7014851",371865,2025-06-09 00:53:21,43.357837677002,-8.84512901306152,"Unknown"
"7014851",371865,2025-06-09 00:58:19,43.358039855957,-8.84516334533691,"Unknown"
"7014851",371865,2025-06-09 01:03:18,43.3578834533691,-8.84513473510742,"Unknown"
"7014851",371865,2025-06-09 01:08:19,43.3579025268555,-8.84513473510742,"Unknown"
"7014851",371865,2025-06-09 01:13:20,43.3576240539551,-8.84508514404297,"Unknown"
"7014851",371865,2025-06-09 01:18:32,43.3576431274414,-8.84499835968018,"Unknown"
"7014851",371865,2025-06-09 01:23:35,43.3576545715332,-8.8451042175293,"Unknown"
"7014851",371865,2025-06-09 01:28:45,43.3575325012207,-8.84506893157959,"Unknown"
"7014851",371865,2025-06-09 01:33:42,43.3575096130371,-8.8451623916626,"Unknown"
"7014851",371865,2025-06-09 01:38:42,43.3574905395508,-8.84514617919922,"Unknown"
"7014851",371865,2025-06-09 01:43:27,43.3574409484863,-8.84520530700684,"Unknown"
"7014851",371865,2025-06-09 01:48:32,43.3576240539551,-8.84483528137207,"Unknown"
"7014851",371865,2025-06-09 01:53:51,43.357593536377,-8.84493350982666,"Unknown"
"7014851",371865,2025-06-09 01:58:16,43.3575744628906,-8.84499263763428,"Unknown"
"7014851",371865,2025-06-09 02:03:17,43.3575630187988,-8.84499740600586,"Unknown"
"7014851",371865,2025-06-09 02:08:18,43.3576011657715,-8.84497165679932,"Unknown"
"7014851",371865,2025-06-09 02:13:19,43.3576583862305,-8.84489059448242,"Unknown"
"7014851",371865,2025-06-09 02:18:16,43.357666015625,-8.84494209289551,"Unknown"
"7014851",371865,2025-06-09 02:23:18,43.3576469421387,-8.84498596191406,"Unknown"
"7014851",371865,2025-06-09 02:28:16,43.357593536377,-8.84500885009766,"Unknown"
"7014851",371865,2025-06-09 02:33:16,43.3576469421387,-8.84500408172607,"Unknown"
"7014851",371865,2025-06-09 02:38:17,43.3576240539551,-8.84492206573486,"Unknown"
"7014851",371865,2025-06-09 02:43:16,43.357666015625,-8.8449068069458,"Unknown"
"7014851",371865,2025-06-09 02:48:17,43.3576278686523,-8.84503746032715,"Unknown"
"7014851",371865,2025-06-09 02:53:17,43.3576202392578,-8.844970703125,"Unknown"
"7014851",371865,2025-06-09 02:58:17,43.3576240539551,-8.8449878692627,"Unknown"
"7014851",371865,2025-06-09 03:03:17,43.3575553894043,-8.84502983093262,"Unknown"
"7014851",371865,2025-06-09 03:08:17,43.3575477600098,-8.84493637084961,"Unknown"
"7014851",371865,2025-06-09 03:13:17,43.3576202392578,-8.84501361846924,"Unknown"
"7014851",371865,2025-06-09 03:18:16,43.3576049804688,-8.84503555297852,"Unknown"
"7014851",371865,2025-06-09 03:23:16,43.3575820922852,-8.84503364562988,"Unknown"
"7014851",371865,2025-06-09 03:28:18,43.3576240539551,-8.84496688842773,"Unknown"
"7014851",371865,2025-06-09 03:33:19,43.3576164245605,-8.84500026702881,"Unknown"
"7014851",371865,2025-06-09 03:38:17,43.3575973510742,-8.84505748748779,"Unknown"
"7014851",371865,2025-06-09 03:43:17,43.357608795166,-8.84491348266602,"Unknown"
"7014851",371865,2025-06-09 03:48:17,43.3576011657715,-8.84501361846924,"Unknown"
"7014851",371865,2025-06-09 03:53:17,43.3576469421387,-8.84502983093262,"Unknown"
"7014851",371865,2025-06-09 03:58:17,43.3574028015137,-8.84499549865723,"Unknown"
"7014851",371865,2025-06-09 04:03:17,43.3576469421387,-8.84511089324951,"Unknown"
"7014851",371865,2025-06-09 04:08:17,43.3576774597168,-8.84502506256104,"Unknown"
"7014851",371865,2025-06-09 04:13:17,43.3575859069824,-8.84491348266602,"Unknown"
"7014851",371865,2025-06-09 04:18:17,43.3608436584473,-8.84716415405273,"Unknown"
"7014851",371865,2025-06-09 04:23:17,43.3770141601562,-8.86276531219482,"Unknown"
"7014851",371865,2025-06-09 04:28:18,43.3954620361328,-8.86740684509277,"Unknown"
"7014851",371865,2025-06-09 04:33:20,43.411018371582,-8.85947227478027,"Unknown"
"7014851",371865,2025-06-09 04:38:38,43.4194793701172,-8.84635257720947,"Unknown"
"7014851",371865,2025-06-09 04:43:45,43.4303665161133,-8.83144950866699,"Unknown"
"7014851",371865,2025-06-09 04:48:55,43.4226531982422,-8.82951259613037,"Unknown"
"7014851",371865,2025-06-09 04:53:49,43.3831062316895,-8.83207893371582,"Unknown"
"7014851",371865,2025-06-09 04:58:54,43.3579063415527,-8.84526062011719,"Unknown"
"7014851",371865,2025-06-09 05:03:28,43.3578720092773,-8.8452205657959,"Unknown"
"7014851",371865,2025-06-09 05:08:21,43.3578872680664,-8.8452033996582,"Unknown"
"7014851",371865,2025-06-09 05:13:22,43.3578834533691,-8.84519195556641,"Unknown"
"7014851",371865,2025-06-09 05:18:22,43.3577499389648,-8.84515380859375,"Unknown"
"7014851",371865,2025-06-09 05:23:22,43.3577156066895,-8.84518623352051,"Unknown"
"7014851",371865,2025-06-09 05:28:41,43.357780456543,-8.84518909454346,"Unknown"
"7014851",371865,2025-06-09 05:33:20,43.3607406616211,-8.84679794311523,"Unknown"
"7014851",371865,2025-06-09 05:38:20,43.3726234436035,-8.86549949645996,"Unknown"
"7014851",371865,2025-06-09 05:43:18,43.357967376709,-8.84538269042969,"Unknown"
"7014851",371865,2025-06-09 05:48:37,43.3576622009277,-8.84507274627686,"Unknown"
"7014851",371865,2025-06-09 05:53:32,43.3576698303223,-8.84488677978516,"Unknown"
"7014851",371865,2025-06-09 05:58:17,43.3577423095703,-8.84510231018066,"Unknown"
"7014851",371865,2025-06-09 06:03:53,43.3575439453125,-8.84503650665283,"Unknown"
"7014851",371865,2025-06-09 06:08:17,43.3575782775879,-8.84504508972168,"Unknown"
"7014851",371865,2025-06-09 06:13:16,43.3732719421387,-8.85599994659424,"Unknown"
"7014851",371865,2025-06-09 06:18:16,43.3946380615234,-8.88052749633789,"Unknown"
"7014851",371865,2025-06-09 06:23:17,43.4150733947754,-8.9019603729248,"Unknown"
"7014851",371865,2025-06-09 06:28:17,43.4147338867188,-8.90425205230713,"Unknown"
"7014851",371865,2025-06-09 06:33:18,43.4142570495605,-8.90643405914307,"Unknown"
"7014851",371865,2025-06-09 06:38:20,43.4216041564941,-8.91353225708008,"Unknown"
"7014851",371865,2025-06-09 06:43:16,43.4164886474609,-8.90694808959961,"Unknown"
"7014851",371865,2025-06-09 06:48:19,43.3976249694824,-8.88867568969727,"Unknown"
"7014851",371865,2025-06-09 06:53:16,43.3801231384277,-8.86915874481201,"Unknown"
"7014851",371865,2025-06-09 06:58:22,43.368766784668,-8.86154651641846,"Unknown"
"7014851",371865,2025-06-09 07:03:23,43.3632507324219,-8.85990428924561,"Unknown"
"7014851",371865,2025-06-09 07:08:18,43.355037689209,-8.84814929962158,"Unknown"
"7014851",371865,2025-06-09 07:13:19,43.3531684875488,-8.84056949615479,"Unknown"
"7014851",371865,2025-06-09 07:18:24,43.3575859069824,-8.84501934051514,"Unknown"
"7014851",371865,2025-06-09 07:23:34,43.3432197570801,-8.82142543792725,"Unknown"
"7014851",371865,2025-06-09 07:28:18,43.3528938293457,-8.8402738571167,"Unknown"
"7014851",371865,2025-06-09 07:33:54,43.3575325012207,-8.84502601623535,"Unknown"
"7014851",371865,2025-06-09 07:38:16,43.3575401306152,-8.84501552581787,"Unknown"
"7014851",371865,2025-06-09 07:43:17,43.3575019836426,-8.8450984954834,"Unknown"
"7014851",371865,2025-06-09 07:48:16,43.3576393127441,-8.84502696990967,"Unknown"
"7014851",371865,2025-06-09 07:53:17,43.3575973510742,-8.84500312805176,"Unknown"
"7014851",371865,2025-06-09 07:58:17,43.3576278686523,-8.84501075744629,"Unknown"
"7014851",371865,2025-06-09 08:03:18,43.3575706481934,-8.84508609771729,"Unknown"
"7014851",371865,2025-06-09 08:08:17,43.3575325012207,-8.84501171112061,"Unknown"
"7014851",371865,2025-06-09 08:13:22,43.3576011657715,-8.84507465362549,"Unknown"
"7014851",371865,2025-06-09 08:18:18,43.3577728271484,-8.84506320953369,"Unknown"
"7014851",371865,2025-06-09 08:23:21,43.3576545715332,-8.84499835968018,"Unknown"
"7014851",371865,2025-06-09 08:28:19,43.3576164245605,-8.84506511688232,"Unknown"
"7014851",371865,2025-06-09 08:33:21,43.3576469421387,-8.84501457214355,"Unknown"
"7014851",371865,2025-06-09 08:38:19,43.3576812744141,-8.8449878692627,"Unknown"
"7014851",371865,2025-06-09 08:43:23,43.3576011657715,-8.84502506256104,"Unknown"
"7014851",371865,2025-06-09 08:48:23,43.3575706481934,-8.84500503540039,"Unknown"
"7014851",371865,2025-06-09 08:53:17,43.3576049804688,-8.84500980377197,"Unknown"
"7014851",371865,2025-06-09 08:58:25,43.3597030639648,-8.8467321395874,"Unknown"
"7014851",371865,2025-06-09 09:03:22,43.3735618591309,-8.8461856842041,"Unknown"
"7014851",371865,2025-06-09 09:08:17,43.3678703308105,-8.84097576141357,"Unknown"
"7014851",371865,2025-06-09 09:13:17,43.3648719787598,-8.84681510925293,"Unknown"
"7014851",371865,2025-06-09 09:18:18,43.3582153320312,-8.91271781921387,"Unknown"
"7014851",371865,2025-06-09 09:23:24,43.3466873168945,-8.93973255157471,"Unknown"
"7014851",371865,2025-06-09 09:28:24,43.3468208312988,-8.94013786315918,"Unknown"
"7014851",371865,2025-06-09 09:33:24,43.3473052978516,-8.94025039672852,"Unknown"
"7014851",371865,2025-06-09 09:38:24,43.3472061157227,-8.94015979766846,"Unknown"
"7014851",371865,2025-06-09 09:43:24,43.3467788696289,-8.94046115875244,"Unknown"
"7014851",371865,2025-06-09 09:48:24,43.3440132141113,-8.94281578063965,"Unknown"
"7014851",371865,2025-06-09 09:53:22,43.342399597168,-8.94570541381836,"Unknown"
"7014851",371865,2025-06-09 09:58:24,43.3417320251465,-8.94522190093994,"Unknown"
"7014851",371865,2025-06-09 10:04:05,43.3422164916992,-8.94528579711914,"Unknown"
"7014851",371865,2025-06-09 10:08:17,43.3429832458496,-8.94487762451172,"Unknown"
"7014851",371865,2025-06-09 10:13:17,43.337776184082,-8.93288040161133,"Unknown"
"7014851",371865,2025-06-09 10:18:17,43.3211975097656,-8.90878868103027,"Unknown"
"7014851",371865,2025-06-09 10:23:17,43.3199729919434,-8.88049030303955,"Unknown"
"7014851",371865,2025-06-09 10:28:19,43.3143653869629,-8.85677337646484,"Unknown"
"7014851",371865,2025-06-09 10:33:19,43.3144111633301,-8.85682392120361,"Unknown"
"7014851",371865,2025-06-09 10:38:19,43.314338684082,-8.85680198669434,"Unknown"
"7014851",371865,2025-06-09 10:43:17,43.3244934082031,-8.8488073348999,"Unknown"
"7014851",371865,2025-06-09 10:48:40,43.3459968566895,-8.83455371856689,"Unknown"
"7014851",371865,2025-06-09 10:53:25,43.3578796386719,-8.84532070159912,"Unknown"
"7014851",371865,2025-06-09 10:58:22,43.3576202392578,-8.84521675109863,"Unknown"
"7014851",371865,2025-06-09 11:03:25,43.3589973449707,-8.8446216583252,"Unknown"
"7014851",371865,2025-06-09 11:08:18,43.3584327697754,-8.84624481201172,"Unknown"
"7014851",371865,2025-06-09 11:13:22,43.3576698303223,-8.84533214569092,"Unknown"
"7014851",371865,2025-06-09 11:18:22,43.3575782775879,-8.84526062011719,"Unknown"
"7014851",371865,2025-06-09 11:23:26,43.357608795166,-8.84518146514893,"Unknown"
"7014851",371865,2025-06-09 11:28:33,43.357551574707,-8.84502792358398,"Unknown"
"7014851",371865,2025-06-09 11:33:24,43.3574600219727,-8.84505462646484,"Unknown"
"7014851",371865,2025-06-09 11:38:20,43.3575744628906,-8.84491539001465,"Unknown"
"7014851",371865,2025-06-09 11:43:25,43.3576507568359,-8.8447151184082,"Unknown"
"7014851",371865,2025-06-09 11:48:31,43.3576545715332,-8.8450174331665,"Unknown"
"7014851",371865,2025-06-09 11:53:30,43.3576202392578,-8.84503936767578,"Unknown"
"7014851",371865,2025-06-09 11:58:29,43.3575592041016,-8.84507083892822,"Unknown"
"7014851",371865,2025-06-09 12:03:35,43.3576126098633,-8.8450231552124,"Unknown"
"7014851",371865,2025-06-09 12:08:17,43.3575897216797,-8.84506034851074,"Unknown"
"7014851",371865,2025-06-09 12:13:30,43.3576049804688,-8.8449592590332,"Unknown"
"7014851",371865,2025-06-09 12:18:24,43.3575782775879,-8.84496593475342,"Unknown"
"7014851",371865,2025-06-09 12:23:24,43.357593536377,-8.84503269195557,"Unknown"
"7014851",371865,2025-06-09 12:28:24,43.3575744628906,-8.84498500823975,"Unknown"
"7014851",371865,2025-06-09 12:33:17,43.3575592041016,-8.84499835968018,"Unknown"
"7014851",371865,2025-06-09 12:38:25,43.3576202392578,-8.8449535369873,"Unknown"
"7014851",371865,2025-06-09 12:43:23,43.3576278686523,-8.84497928619385,"Unknown"
"7014851",371865,2025-06-09 12:48:24,43.3576812744141,-8.84503555297852,"Unknown"
"7014851",371865,2025-06-09 12:53:17,43.3575706481934,-8.84516525268555,"Unknown"
"7014851",371865,2025-06-09 12:58:21,43.3575973510742,-8.84504508972168,"Unknown"
"7014851",371865,2025-06-09 13:03:17,43.3574180603027,-8.84528255462646,"Unknown"
"7014851",371865,2025-06-09 13:08:17,43.3573455810547,-8.84528255462646,"Unknown"
"7014851",371865,2025-06-09 13:13:17,43.3576812744141,-8.84519481658936,"Unknown"
"7014851",371865,2025-06-09 13:18:18,43.3574981689453,-8.84518432617188,"Unknown"
"7014851",371865,2025-06-09 13:23:18,43.3575172424316,-8.84510612487793,"Unknown"
"7014851",371865,2025-06-09 13:28:18,43.3573226928711,-8.8452262878418,"Unknown"
"7014851",371865,2025-06-09 13:33:18,43.3577499389648,-8.84504890441895,"Unknown"
"7014851",371865,2025-06-09 13:38:20,43.3581275939941,-8.8449239730835,"Unknown"
"7014851",371865,2025-06-09 13:43:18,43.3581657409668,-8.84492206573486,"Unknown"
"7014851",371865,2025-06-09 13:48:17,43.3580093383789,-8.84497451782227,"Unknown"
"7014851",371865,2025-06-09 13:53:17,43.3579254150391,-8.84500026702881,"Unknown"
"7014851",371865,2025-06-09 13:58:18,43.3579444885254,-8.84494590759277,"Unknown"
"7014851",371865,2025-06-09 14:03:18,43.3579406738281,-8.84496307373047,"Unknown"
"7014851",371865,2025-06-09 14:08:18,43.3579444885254,-8.84495735168457,"Unknown"
"7014851",371865,2025-06-09 14:13:17,43.357780456543,-8.84499359130859,"Unknown"
"7014851",371865,2025-06-09 14:18:17,43.3575439453125,-8.84511470794678,"Unknown"
"7014851",371865,2025-06-09 14:23:18,43.357780456543,-8.84492111206055,"Unknown"
"7014851",371865,2025-06-09 14:28:19,43.3578071594238,-8.84489059448242,"Unknown"
"7014851",371865,2025-06-09 14:33:19,43.3577995300293,-8.84493446350098,"Unknown"
"7014851",371865,2025-06-09 14:38:25,43.3580169677734,-8.84485054016113,"Unknown"
"7014851",371865,2025-06-09 14:43:18,43.3594627380371,-8.84635639190674,"Unknown"
"7014851",371865,2025-06-09 14:48:39,43.372859954834,-8.85115718841553,"Unknown"
"7014851",371865,2025-06-09 14:53:21,43.3733558654785,-8.85141849517822,"Unknown"
"7014851",371865,2025-06-09 14:58:22,43.3670997619629,-8.84140300750732,"Unknown"
"7014851",371865,2025-06-09 15:03:18,43.364933013916,-8.84158897399902,"Unknown"
"7014851",371865,2025-06-09 15:08:35,43.3685722351074,-8.84138107299805,"Unknown"
"7014851",371865,2025-06-09 15:13:17,43.3895378112793,-8.84948825836182,"Unknown"
"7014851",371865,2025-06-09 15:18:17,43.4094314575195,-8.85454082489014,"Unknown"
"7014851",371865,2025-06-09 15:23:17,43.4243431091309,-8.8465690612793,"Unknown"
"7014851",371865,2025-06-09 15:28:18,43.4427108764648,-8.84842395782471,"Unknown"
"7014851",371865,2025-06-09 15:33:19,43.4644889831543,-8.8633337020874,"Unknown"
"7014851",371865,2025-06-09 15:38:17,43.4830169677734,-8.88757133483887,"Unknown"
"7014851",371865,2025-06-09 15:43:17,43.4998817443848,-8.91797733306885,"Unknown"
"7014851",371865,2025-06-09 15:48:17,43.5163497924805,-8.95364475250244,"Unknown"
"7014851",371865,2025-06-09 15:53:18,43.5337142944336,-8.98508834838867,"Unknown"
"7014851",371865,2025-06-09 15:58:18,43.5516357421875,-9.01028442382812,"Unknown"
"7014851",371865,2025-06-09 16:03:20,43.5483665466309,-8.99826526641846,"Unknown"
"7014851",371865,2025-06-09 16:08:18,43.5441284179688,-8.98432350158691,"Unknown"
"7014851",371865,2025-06-09 16:13:21,43.5398178100586,-8.97037792205811,"Unknown"
"7014851",371865,2025-06-09 16:18:19,43.5358924865723,-8.95770359039307,"Unknown"
"7014851",371865,2025-06-09 16:23:55,43.531192779541,-8.94094753265381,"Unknown"
"7014851",371865,2025-06-09 16:28:19,43.527717590332,-8.9285135269165,"Unknown"
"7014851",371865,2025-06-09 16:33:19,43.5239868164062,-8.91501617431641,"Unknown"
"7014851",371865,2025-06-09 16:38:24,43.5206642150879,-8.90585994720459,"Unknown"
"7014851",371865,2025-06-09 16:43:23,43.5012817382812,-8.89233684539795,"Unknown"
"7014851",371865,2025-06-09 16:48:22,43.4617691040039,-8.88029384613037,"Unknown"
"7014851",371865,2025-06-09 16:53:22,43.4240341186523,-8.86531925201416,"Unknown"
"7014851",371865,2025-06-09 16:58:34,43.3843841552734,-8.85076332092285,"Unknown"
"7014851",371865,2025-06-09 17:03:31,43.3577194213867,-8.84480667114258,"Unknown"
"7014851",371865,2025-06-09 17:08:19,43.3576927185059,-8.84493541717529,"Unknown"
"7014851",371865,2025-06-09 17:13:25,43.3577575683594,-8.84492111206055,"Unknown"
"7014851",371865,2025-06-09 17:18:19,43.3579521179199,-8.84457302093506,"Unknown"
"7014851",371865,2025-06-09 17:23:23,43.3577308654785,-8.84488677978516,"Unknown"
"7014851",371865,2025-06-09 17:28:18,43.3576507568359,-8.84504795074463,"Unknown"
"7014851",371865,2025-06-09 17:33:23,43.3577651977539,-8.84499073028564,"Unknown"
"7014851",371865,2025-06-09 17:38:18,43.3579025268555,-8.84485816955566,"Unknown"
"7014851",371865,2025-06-09 17:43:26,43.3575553894043,-8.84502410888672,"Unknown"
"7014851",371865,2025-06-09 17:48:22,43.3576469421387,-8.84491157531738,"Unknown"
"7014851",371865,2025-06-09 17:53:22,43.3575744628906,-8.8449535369873,"Unknown"
"7014851",371865,2025-06-09 17:58:18,43.3576889038086,-8.84484004974365,"Unknown"
"7014851",371865,2025-06-09 18:03:18,43.3576431274414,-8.84488105773926,"Unknown"
"7014851",371865,2025-06-09 18:08:17,43.3576354980469,-8.8448429107666,"Unknown"
"7014851",371865,2025-06-09 18:13:18,43.3574829101562,-8.84514808654785,"Unknown"
"7014851",371865,2025-06-09 18:18:17,43.3575706481934,-8.84497928619385,"Unknown"
"7014851",371865,2025-06-09 18:23:17,43.3575820922852,-8.845046043396,"Unknown"
"7014851",371865,2025-06-09 18:28:17,43.3575782775879,-8.84503078460693,"Unknown"
"7014851",371865,2025-06-09 18:33:18,43.3576507568359,-8.84487438201904,"Unknown"
"7014851",371865,2025-06-09 18:38:16,43.3576126098633,-8.84496784210205,"Unknown"
"7014851",371865,2025-06-09 18:43:23,43.3575630187988,-8.84501552581787,"Unknown"
"7014851",371865,2025-06-09 18:48:35,43.3575210571289,-8.84516334533691,"Unknown"
"7014851",371865,2025-06-09 18:53:18,43.3575973510742,-8.84510517120361,"Unknown"
"7014851",371865,2025-06-09 18:58:15,43.3576469421387,-8.84518718719482,"Unknown"
"7014851",371865,2025-06-09 19:03:15,43.3576202392578,-8.84507846832275,"Unknown"
"7014851",371865,2025-06-09 19:08:15,43.357593536377,-8.84518051147461,"Unknown"
"7014851",371865,2025-06-09 19:13:16,43.3575897216797,-8.84522819519043,"Unknown"
"7014851",371865,2025-06-09 19:18:15,43.3576316833496,-8.84521579742432,"Unknown"
"7014851",371865,2025-06-09 19:23:15,43.3575630187988,-8.84494590759277,"Unknown"
"7014851",371865,2025-06-09 19:28:15,43.3575592041016,-8.84507465362549,"Unknown"
"7014851",371865,2025-06-09 19:33:16,43.357666015625,-8.84512233734131,"Unknown"
"7014851",371865,2025-06-09 19:38:16,43.3576278686523,-8.84508037567139,"Unknown"
"7014851",371865,2025-06-09 19:43:16,43.3576126098633,-8.84508323669434,"Unknown"
"7014851",371865,2025-06-09 19:48:16,43.3575248718262,-8.84498023986816,"Unknown"
"7014851",371865,2025-06-09 19:53:17,43.3577499389648,-8.84519195556641,"Unknown"
"7014851",371865,2025-06-09 19:58:18,43.3571357727051,-8.8441858291626,"Unknown"
"7014851",371865,2025-06-09 20:03:16,43.3573760986328,-8.84475803375244,"Unknown"
"7014851",371865,2025-06-09 20:08:18,43.3567848205566,-8.84389686584473,"Unknown"
"7014851",371865,2025-06-09 20:13:18,43.3566474914551,-8.84320831298828,"Unknown"
"7014851",371865,2025-06-09 20:18:19,43.3566818237305,-8.84332942962646,"Unknown"
"7014851",371865,2025-06-09 20:23:19,43.3575782775879,-8.84498500823975,"Unknown"
"7014851",371865,2025-06-09 20:28:21,43.3576049804688,-8.84504985809326,"Unknown"
"7014851",371865,2025-06-09 20:33:17,43.3575401306152,-8.84492683410645,"Unknown"
"7014851",371865,2025-06-09 20:38:21,43.3576393127441,-8.84520530700684,"Unknown"
"7014851",371865,2025-06-09 20:43:21,43.357608795166,-8.84506416320801,"Unknown"
"7014851",371865,2025-06-09 20:48:19,43.3575325012207,-8.84496593475342,"Unknown"
"7014851",371865,2025-06-09 20:53:22,43.357608795166,-8.84512042999268,"Unknown"
"7014851",371865,2025-06-09 20:58:24,43.3575973510742,-8.84505939483643,"Unknown"
"7014851",371865,2025-06-09 21:03:30,43.3575630187988,-8.84474849700928,"Unknown"
"7014851",371865,2025-06-09 21:08:33,43.3575897216797,-8.84504318237305,"Unknown"
"7014851",371865,2025-06-09 21:13:16,43.3575668334961,-8.84505176544189,"Unknown"
"7014851",371865,2025-06-09 21:18:16,43.3575096130371,-8.84506893157959,"Unknown"
"7014851",371865,2025-06-09 21:23:16,43.3575897216797,-8.84510326385498,"Unknown"
"7014851",371865,2025-06-09 21:28:16,43.3575897216797,-8.84508514404297,"Unknown"
"7014851",371865,2025-06-09 21:33:16,43.357536315918,-8.84493446350098,"Unknown"
"7014851",371865,2025-06-09 21:38:15,43.357593536377,-8.84506320953369,"Unknown"
"7014851",371865,2025-06-09 21:43:16,43.3574371337891,-8.84495067596436,"Unknown"
"7014851",371865,2025-06-09 21:48:21,43.3576469421387,-8.84497928619385,"Unknown"
"7014851",371865,2025-06-09 21:53:16,43.3575706481934,-8.84505748748779,"Unknown"
"7014851",371865,2025-06-09 21:58:16,43.3575668334961,-8.84500598907471,"Unknown"
"7014851",371865,2025-06-09 22:03:18,43.3575859069824,-8.84482765197754,"Unknown"
"7014851",371865,2025-06-09 22:08:18,43.3575248718262,-8.84488010406494,"Unknown"
"7014851",371865,2025-06-09 22:13:25,43.3576278686523,-8.84494781494141,"Unknown"
"7014851",371865,2025-06-09 22:18:25,43.3576812744141,-8.8449239730835,"Unknown"
"7014851",371865,2025-06-09 22:23:24,43.3576774597168,-8.84490585327148,"Unknown"
"7014851",371865,2025-06-09 22:28:24,43.3578186035156,-8.84490299224854,"Unknown"
"7014851",371865,2025-06-09 22:33:24,43.3578720092773,-8.84485816955566,"Unknown"
"7014851",371865,2025-06-09 22:38:35,43.357723236084,-8.84486675262451,"Unknown"
"7014851",371865,2025-06-09 22:43:17,43.357780456543,-8.84491348266602,"Unknown"
"7014851",371865,2025-06-09 22:48:17,43.3577461242676,-8.84503936767578,"Unknown"
"7014851",371865,2025-06-09 22:53:17,43.3577270507812,-8.84503650665283,"Unknown"
"7014851",371865,2025-06-09 22:58:35,43.3576927185059,-8.84504890441895,"Unknown"
"7014851",371865,2025-06-09 23:03:16,43.3575706481934,-8.84497356414795,"Unknown"
"7014851",371865,2025-06-09 23:08:16,43.3575592041016,-8.84503364562988,"Unknown"
"7014851",371865,2025-06-09 23:13:15,43.3577156066895,-8.84494590759277,"Unknown"
"7014851",371865,2025-06-09 23:18:15,43.3575553894043,-8.84498310089111,"Unknown"
"7014851",371865,2025-06-09 23:23:16,43.3575897216797,-8.84499835968018,"Unknown"
"7014851",371865,2025-06-09 23:28:17,43.3575630187988,-8.8450756072998,"Unknown"
"7014851",371865,2025-06-09 23:33:16,43.3576126098633,-8.84505176544189,"Unknown"
"7014851",371865,2025-06-09 23:38:15,43.3575782775879,-8.84509181976318,"Unknown"
"7014851",371865,2025-06-09 23:43:16,43.3575973510742,-8.84498405456543,"Unknown"
"7014851",371865,2025-06-09 23:48:16,43.3576774597168,-8.84503269195557,"Unknown"
"7014851",371865,2025-06-09 23:53:16,43.3576354980469,-8.8450288772583,"Unknown"
"7014851",371865,2025-06-09 23:58:16,43.3576507568359,-8.84502029418945,"Unknown"
"7014851",371865,2025-06-10 00:03:15,43.3575859069824,-8.84496593475342,"Unknown"
"7014851",371865,2025-06-10 00:08:16,43.3575477600098,-8.84505748748779,"Unknown"
"7014851",371865,2025-06-10 00:13:16,43.3575286865234,-8.84508228302002,"Unknown"
"7014851",371865,2025-06-10 00:18:16,43.3575859069824,-8.84493255615234,"Unknown"
"7014851",371865,2025-06-10 00:23:15,43.3576278686523,-8.84502506256104,"Unknown"
"7014851",371865,2025-06-10 00:28:16,43.3575248718262,-8.84512138366699,"Unknown"
"7014851",371865,2025-06-10 00:33:16,43.3575592041016,-8.84504795074463,"Unknown"
"7014851",371865,2025-06-10 00:38:23,43.3576049804688,-8.84502696990967,"Unknown"
"7014851",371865,2025-06-10 00:43:35,43.3575096130371,-8.84501457214355,"Unknown"
"7014851",371865,2025-06-10 00:48:16,43.3574371337891,-8.84517669677734,"Unknown"
"7014851",371865,2025-06-10 00:53:21,43.3575592041016,-8.84506225585938,"Unknown"
"7014851",371865,2025-06-10 00:58:16,43.3575019836426,-8.84513473510742,"Unknown"
"7014851",371865,2025-06-10 01:03:16,43.3573455810547,-8.84526920318604,"Unknown"
"7014851",371865,2025-06-10 01:08:17,43.3572082519531,-8.84531688690186,"Unknown"
"7014851",371865,2025-06-10 01:13:18,43.3574676513672,-8.84520149230957,"Unknown"
"7014851",371865,2025-06-10 01:18:18,43.3573341369629,-8.84527111053467,"Unknown"
"7014851",371865,2025-06-10 01:23:19,43.3575401306152,-8.84503364562988,"Unknown"
"7014851",371865,2025-06-10 01:28:24,43.3575248718262,-8.84522819519043,"Unknown"
"7014851",371865,2025-06-10 01:33:22,43.3575592041016,-8.84524250030518,"Unknown"
"7014851",371865,2025-06-10 01:38:21,43.3574485778809,-8.84523677825928,"Unknown"
"7014851",371865,2025-06-10 01:43:22,43.3574485778809,-8.84518337249756,"Unknown"
"7014851",371865,2025-06-10 01:48:35,43.3575134277344,-8.84523868560791,"Unknown"
"7014851",371865,2025-06-10 01:53:17,43.3577766418457,-8.84535121917725,"Unknown"
"7014851",371865,2025-06-10 01:58:16,43.357795715332,-8.84533596038818,"Unknown"
"7014851",371865,2025-06-10 02:03:17,43.3577766418457,-8.84532070159912,"Unknown"
"7014851",371865,2025-06-10 02:08:15,43.3578681945801,-8.84537696838379,"Unknown"
"7014851",371865,2025-06-10 02:13:16,43.3578720092773,-8.84535789489746,"Unknown"
"7014851",371865,2025-06-10 02:18:19,43.3576469421387,-8.84509563446045,"Unknown"
"7014851",371865,2025-06-10 02:23:16,43.3576965332031,-8.84517955780029,"Unknown"
"7014851",371865,2025-06-10 02:28:19,43.3575782775879,-8.84507465362549,"Unknown"
"7014851",371865,2025-06-10 02:33:33,43.3576011657715,-8.84506988525391,"Unknown"
"7014851",371865,2025-06-10 02:38:17,43.3578987121582,-8.84524822235107,"Unknown"
"7014851",371865,2025-06-10 02:43:22,43.3575286865234,-8.84497737884521,"Unknown"
"7014851",371865,2025-06-10 02:48:17,43.3575325012207,-8.84497833251953,"Unknown"
"7014851",371865,2025-06-10 02:53:21,43.3575782775879,-8.84506130218506,"Unknown"
"7014851",371865,2025-06-10 02:58:44,43.3575286865234,-8.84506988525391,"Unknown"
"7014851",371865,2025-06-10 03:03:22,43.3575973510742,-8.8450870513916,"Unknown"
"7014851",371865,2025-06-10 03:08:21,43.357551574707,-8.84490203857422,"Unknown"
"7014851",371865,2025-06-10 03:13:19,43.3575668334961,-8.84511184692383,"Unknown"
"7014851",371865,2025-06-10 03:18:19,43.3575782775879,-8.84505462646484,"Unknown"
"7014851",371865,2025-06-10 03:23:18,43.357837677002,-8.84531593322754,"Unknown"
"7014851",371865,2025-06-10 03:28:24,43.3576431274414,-8.84504795074463,"Unknown"
"7014851",371865,2025-06-10 03:33:24,43.3576316833496,-8.84503841400146,"Unknown"
"7014851",371865,2025-06-10 03:38:18,43.3574256896973,-8.84478282928467,"Unknown"
"7014851",371865,2025-06-10 03:43:24,43.3576698303223,-8.84505271911621,"Unknown"
"7014851",371865,2025-06-10 03:48:18,43.3576698303223,-8.84509563446045,"Unknown"
"7014851",371865,2025-06-10 03:53:35,43.3576393127441,-8.84506130218506,"Unknown"
"7014851",371865,2025-06-10 03:58:15,43.3657989501953,-8.84889698028564,"Unknown"
"7014851",371865,2025-06-10 04:03:16,43.3842849731445,-8.85061550140381,"Unknown"
"7014851",371865,2025-06-10 04:08:16,43.3826293945312,-8.84846496582031,"Unknown"
"7014851",371865,2025-06-10 04:13:16,43.3631973266602,-8.85359668731689,"Unknown"
"7014851",371865,2025-06-10 04:18:16,43.3517684936523,-8.85482311248779,"Unknown"
"7014851",371865,2025-06-10 04:23:16,43.3572807312012,-8.84460258483887,"Unknown"
"7014851",371865,2025-06-10 04:28:16,43.3577270507812,-8.84488677978516,"Unknown"
"7014851",371865,2025-06-10 04:33:17,43.357364654541,-8.84438896179199,"Unknown"
"7014851",371865,2025-06-10 04:38:18,43.3577651977539,-8.84529304504395,"Unknown"
"7014851",371865,2025-06-10 04:43:18,43.3574676513672,-8.84497451782227,"Unknown"
"7014851",371865,2025-06-10 04:48:20,43.3574829101562,-8.84504127502441,"Unknown"
"7014851",371865,2025-06-10 04:53:17,43.3572044372559,-8.84476947784424,"Unknown"
"7014851",371865,2025-06-10 04:58:18,43.3570671081543,-8.84467029571533,"Unknown"
"7014851",371865,2025-06-10 05:03:18,43.3569145202637,-8.84453105926514,"Unknown"
"7014851",371865,2025-06-10 05:08:22,43.3574905395508,-8.84494781494141,"Unknown"
"7014851",371865,2025-06-10 05:13:18,43.3570518493652,-8.84408092498779,"Unknown"
"7014851",371865,2025-06-10 05:18:20,43.3572120666504,-8.84519672393799,"Unknown"
"7014851",371865,2025-06-10 05:23:19,43.3572235107422,-8.84464645385742,"Unknown"
"7014851",371865,2025-06-10 05:28:20,43.3575019836426,-8.84500217437744,"Unknown"
"7014851",371865,2025-06-10 05:33:19,43.3572387695312,-8.84472370147705,"Unknown"
"7014851",371865,2025-06-10 05:38:19,43.3572387695312,-8.84462356567383,"Unknown"
"7014851",371865,2025-06-10 05:43:18,43.3573913574219,-8.84468173980713,"Unknown"
"7014851",371865,2025-06-10 05:48:17,43.3571968078613,-8.84454250335693,"Unknown"
"7014851",371865,2025-06-10 05:53:18,43.3571281433105,-8.84449195861816,"Unknown"
"7014851",371865,2025-06-10 05:58:16,43.3608474731445,-8.8474235534668,"Unknown"
"7014851",371865,2025-06-10 06:03:18,43.3574485778809,-8.84484004974365,"Unknown"
"7014851",371865,2025-06-10 06:08:25,43.3504066467285,-8.88380146026611,"Unknown"
"7014851",371865,2025-06-10 06:13:17,43.347297668457,-8.86690425872803,"Unknown"
"7014851",371865,2025-06-10 06:18:18,43.3551445007324,-8.84801769256592,"Unknown"
"7014851",371865,2025-06-10 06:23:18,43.3571624755859,-8.84468460083008,"Unknown"
"7014851",371865,2025-06-10 06:28:18,43.3572235107422,-8.84474182128906,"Unknown"
"7014851",371865,2025-06-10 06:33:16,43.3602561950684,-8.84407329559326,"Unknown"
"7014851",371865,2025-06-10 06:38:16,43.3604507446289,-8.81759071350098,"Unknown"
"7014851",371865,2025-06-10 06:43:17,43.3512496948242,-8.79247570037842,"Unknown"
"7014851",371865,2025-06-10 06:48:23,43.339298248291,-8.80557060241699,"Unknown"
"7014851",371865,2025-06-10 06:53:21,43.3408279418945,-8.80587482452393,"Unknown"
"7014851",371865,2025-06-10 06:58:23,43.3422737121582,-8.80611228942871,"Unknown"
"7014851",371865,2025-06-10 07:03:23,43.3430519104004,-8.80659770965576,"Unknown"
"7014851",371865,2025-06-10 07:08:26,43.3437805175781,-8.80834770202637,"Unknown"
"7014851",371865,2025-06-10 07:13:25,43.3442459106445,-8.80991458892822,"Unknown"
"7014851",371865,2025-06-10 07:18:19,43.3430213928223,-8.80907821655273,"Unknown"
"7014851",371865,2025-06-10 07:23:35,43.3593788146973,-8.83662223815918,"Unknown"
"7014851",371865,2025-06-10 07:28:17,43.3576622009277,-8.84495830535889,"Unknown"
"7014851",371865,2025-06-10 07:33:44,43.3575553894043,-8.84494495391846,"Unknown"
"7014851",371865,2025-06-10 07:38:20,43.3574829101562,-8.84495162963867,"Unknown"
"7014851",371865,2025-06-10 07:43:28,43.3574829101562,-8.84487628936768,"Unknown"
"7014851",371865,2025-06-10 07:48:29,43.3575668334961,-8.84494018554688,"Unknown"
"7014851",371865,2025-06-10 07:53:27,43.3574409484863,-8.84486198425293,"Unknown"
"7014851",371865,2025-06-10 07:58:26,43.3573989868164,-8.84476089477539,"Unknown"
"7014851",371865,2025-06-10 08:03:32,43.3575096130371,-8.84502983093262,"Unknown"
"7014851",371865,2025-06-10 08:08:16,43.3575820922852,-8.84499454498291,"Unknown"
"7014851",371865,2025-06-10 08:13:16,43.3575744628906,-8.84496974945068,"Unknown"
"7014851",371865,2025-06-10 08:18:16,43.3575706481934,-8.84498310089111,"Unknown"
"7014851",371865,2025-06-10 08:23:16,43.3576240539551,-8.84510898590088,"Unknown"
"7014851",371865,2025-06-10 08:28:18,43.3575057983398,-8.84497547149658,"Unknown"
"7014851",371865,2025-06-10 08:33:16,43.3577346801758,-8.84508037567139,"Unknown"
"7014851",371865,2025-06-10 08:38:15,43.3614540100098,-8.84300231933594,"Unknown"
"7014851",371865,2025-06-10 08:43:15,43.3570709228516,-8.81504535675049,"Unknown"
"7014851",371865,2025-06-10 08:48:14,43.3564186096191,-8.78302478790283,"Unknown"
"7014851",371865,2025-06-10 08:53:15,43.366397857666,-8.77614402770996,"Unknown"
"7014851",371865,2025-06-10 08:58:15,43.3596458435059,-8.81612396240234,"Unknown"
"7014851",371865,2025-06-10 09:03:16,43.3600959777832,-8.81478595733643,"Unknown"
"7014851",371865,2025-06-10 09:08:16,43.3610382080078,-8.81439399719238,"Unknown"
"7014851",371865,2025-06-10 09:13:16,43.3621025085449,-8.81411361694336,"Unknown"
"7014851",371865,2025-06-10 09:18:16,43.3620338439941,-8.81466770172119,"Unknown"
"7014851",371865,2025-06-10 09:23:15,43.3607711791992,-8.83333396911621,"Unknown"
"7014851",371865,2025-06-10 09:28:17,43.357723236084,-8.8451042175293,"Unknown"
"7014851",371865,2025-06-10 09:33:18,43.3574752807617,-8.84507846832275,"Unknown"
"7014851",371865,2025-06-10 09:38:15,43.3604469299316,-8.84550952911377,"Unknown"
"7014851",371865,2025-06-10 09:43:15,43.3573837280273,-8.89198589324951,"Unknown"
"7014851",371865,2025-06-10 09:48:16,43.3410682678223,-8.92815685272217,"Unknown"
"7014851",371865,2025-06-10 09:53:16,43.3407592773438,-8.92794132232666,"Unknown"
"7014851",371865,2025-06-10 09:58:17,43.3402404785156,-8.9271354675293,"Unknown"
"7014851",371865,2025-06-10 10:03:16,43.3408012390137,-8.928297996521,"Unknown"
"7014851",371865,2025-06-10 10:08:15,43.346492767334,-8.93207931518555,"Unknown"
"7014851",371865,2025-06-10 10:13:19,43.3457260131836,-8.93730545043945,"Unknown"
"7014851",371865,2025-06-10 10:18:19,43.3467102050781,-8.94046688079834,"Unknown"
"7014851",371865,2025-06-10 10:23:16,43.3464241027832,-8.94005584716797,"Unknown"
"7014851",371865,2025-06-10 10:28:18,43.3483085632324,-8.93892478942871,"Unknown"
"7014851",371865,2025-06-10 10:33:24,43.3482818603516,-8.9381856918335,"Unknown"
"7014851",371865,2025-06-10 10:38:44,43.3472938537598,-8.9385347366333,"Unknown"
"7014851",371865,2025-06-10 10:43:19,43.3465614318848,-8.93847370147705,"Unknown"
"7014851",371865,2025-06-10 10:48:28,43.3480453491211,-8.93632221221924,"Unknown"
"7014851",371865,2025-06-10 10:53:18,43.3478775024414,-8.93360900878906,"Unknown"
"7014851",371865,2025-06-10 10:58:21,43.3630981445312,-8.93098163604736,"Unknown"
"7014851",371865,2025-06-10 11:03:24,43.3352203369141,-8.91958618164062,"Unknown"
"7014851",371865,2025-06-10 11:08:18,43.3270492553711,-8.89042472839355,"Unknown"
"7014851",371865,2025-06-10 11:13:35,43.3172760009766,-8.86188697814941,"Unknown"
"7014851",371865,2025-06-10 11:18:15,43.3190574645996,-8.83930015563965,"Unknown"
"7014851",371865,2025-06-10 11:23:15,43.313793182373,-8.85734367370605,"Unknown"
"7014851",371865,2025-06-10 11:28:15,43.3145179748535,-8.85737991333008,"Unknown"
"7014851",371865,2025-06-10 11:33:15,43.3152122497559,-8.84777641296387,"Unknown"
"7014851",371865,2025-06-10 11:38:15,43.3333129882812,-8.82884883880615,"Unknown"
"7014851",371865,2025-06-10 11:43:16,43.34423828125,-8.81453609466553,"Unknown"
"7014851",371865,2025-06-10 11:48:28,43.3558197021484,-8.84220027923584,"Unknown"
"7014851",371865,2025-06-10 11:53:27,43.3579177856445,-8.84488868713379,"Unknown"
"7014851",371865,2025-06-10 11:58:34,43.357593536377,-8.84492874145508,"Unknown"
"7014851",371865,2025-06-10 12:03:35,43.3575820922852,-8.84491539001465,"Unknown"
"7014851",371865,2025-06-10 12:08:15,43.3576698303223,-8.8448486328125,"Unknown"
"7014851",371865,2025-06-10 12:13:14,43.3575897216797,-8.84498405456543,"Unknown"
"7014851",371865,2025-06-10 12:18:14,43.3576202392578,-8.8449821472168,"Unknown"
"7014851",371865,2025-06-10 12:23:14,43.3575973510742,-8.84495830535889,"Unknown"
"7014851",371865,2025-06-10 12:28:14,43.3576354980469,-8.84507083892822,"Unknown"
"7014851",371865,2025-06-10 12:33:14,43.3576202392578,-8.84503555297852,"Unknown"
"7014851",371865,2025-06-10 12:38:16,43.3575820922852,-8.84505939483643,"Unknown"
"7014851",371865,2025-06-10 12:43:14,43.3576011657715,-8.84506034851074,"Unknown"
"7014851",371865,2025-06-10 12:48:14,43.3575973510742,-8.84494400024414,"Unknown"
"7014851",371865,2025-06-10 12:53:14,43.3576049804688,-8.84494972229004,"Unknown"
"7014851",371865,2025-06-10 12:58:14,43.357666015625,-8.84493541717529,"Unknown"
"7014851",371865,2025-06-10 13:03:17,43.357852935791,-8.84525299072266,"Unknown"
"7014851",371865,2025-06-10 13:08:15,43.3578491210938,-8.84524440765381,"Unknown"
"7014851",371865,2025-06-10 13:13:15,43.3578186035156,-8.84537220001221,"Unknown"
"7014851",371865,2025-06-10 13:18:17,43.358211517334,-8.84588623046875,"Unknown"
"7014851",371865,2025-06-10 13:23:16,43.3715400695801,-8.86616134643555,"Unknown"
"7014851",371865,2025-06-10 13:28:16,43.3400726318359,-8.87374973297119,"Unknown"
"7014851",371865,2025-06-10 13:33:15,43.3137741088867,-8.85683822631836,"Unknown"
"7014851",371865,2025-06-10 13:38:15,43.3141899108887,-8.86351680755615,"Unknown"
"7014851",371865,2025-06-10 13:43:15,43.2909164428711,-8.86941814422607,"Unknown"
"7014851",371865,2025-06-10 13:48:15,43.2908821105957,-8.87395191192627,"Unknown"
"7014851",371865,2025-06-10 13:53:15,43.3201370239258,-8.88512706756592,"Unknown"
"7014851",371865,2025-06-10 13:58:15,43.3399543762207,-8.91431045532227,"Unknown"
"7014851",371865,2025-06-10 14:03:15,43.3657112121582,-8.90958690643311,"Unknown"
"7014851",371865,2025-06-10 14:08:15,43.3907699584961,-8.91613674163818,"Unknown"
"7014851",371865,2025-06-10 14:13:15,43.3887939453125,-8.88628768920898,"Unknown"
"7014851",371865,2025-06-10 14:18:16,43.3602561950684,-8.84963989257812,"Unknown"
"7014851",371865,2025-06-10 14:23:16,43.3576583862305,-8.8449182510376,"Unknown"
"7014851",371865,2025-06-10 14:28:16,43.3574485778809,-8.84513473510742,"Unknown"
"7014851",371865,2025-06-10 14:33:16,43.3575553894043,-8.84506130218506,"Unknown"
"7014851",371865,2025-06-10 14:38:14,43.3575057983398,-8.84491443634033,"Unknown"
"7014851",371865,2025-06-10 14:43:17,43.3574867248535,-8.84518337249756,"Unknown"
"7014851",371865,2025-06-10 14:48:18,43.3575134277344,-8.84516143798828,"Unknown"
"7014851",371865,2025-06-10 14:53:15,43.3677253723145,-8.83533668518066,"Unknown"
"7014851",371865,2025-06-10 14:58:17,43.3679656982422,-8.83557319641113,"Unknown"
"7014851",371865,2025-06-10 15:03:18,43.3575592041016,-8.8451623916626,"Unknown"
"7014851",371865,2025-06-10 15:08:17,43.3574256896973,-8.845046043396,"Unknown"
"7014851",371865,2025-06-10 15:13:17,43.3577003479004,-8.84524822235107,"Unknown"
"7014851",371865,2025-06-10 15:18:18,43.3575744628906,-8.84509944915771,"Unknown"
"7014851",371865,2025-06-10 15:23:30,43.3576736450195,-8.8452091217041,"Unknown"
"7014851",371865,2025-06-10 15:28:24,43.3577270507812,-8.84510231018066,"Unknown"
"7014851",371865,2025-06-10 15:33:34,43.3575630187988,-8.8450403213501,"Unknown"
"7014851",371865,2025-06-10 15:38:18,43.3574905395508,-8.84530353546143,"Unknown"
"7014851",371865,2025-06-10 15:43:15,43.3576583862305,-8.84499740600586,"Unknown"
"7014851",371865,2025-06-10 15:48:16,43.3576049804688,-8.84506034851074,"Unknown"
"7014851",371865,2025-06-10 15:53:15,43.3575859069824,-8.84505844116211,"Unknown"
"7014851",371865,2025-06-10 15:58:16,43.357666015625,-8.84506416320801,"Unknown"
"7014851",371865,2025-06-10 16:03:18,43.3577499389648,-8.84472942352295,"Unknown"
"7014851",371865,2025-06-10 16:08:17,43.3577651977539,-8.84469223022461,"Unknown"
"7014851",371865,2025-06-10 16:13:17,43.3577842712402,-8.84468841552734,"Unknown"
"7014851",371865,2025-06-10 16:18:15,43.3573875427246,-8.84536552429199,"Unknown"
"7014851",371865,2025-06-10 16:23:17,43.3702735900879,-8.86045360565186,"Unknown"
"7014851",371865,2025-06-10 16:28:15,43.3862380981445,-8.89515399932861,"Unknown"
"7014851",371865,2025-06-10 16:33:17,43.3929023742676,-8.9390287399292,"Unknown"
"7014851",371865,2025-06-10 16:38:16,43.3919563293457,-8.95053386688232,"Unknown"
"7014851",371865,2025-06-10 16:43:35,43.394847869873,-8.94324970245361,"Unknown"
"7014851",371865,2025-06-10 16:48:18,43.3984069824219,-8.94028568267822,"Unknown"
"7014851",371865,2025-06-10 16:53:16,43.4032325744629,-8.93087387084961,"Unknown"
"7014851",371865,2025-06-10 16:58:15,43.4081230163574,-8.92433643341064,"Unknown"
"7014851",371865,2025-06-10 17:03:17,43.3966407775879,-8.8999490737915,"Unknown"
"7014851",371865,2025-06-10 17:08:16,43.3739471435547,-8.8652458190918,"Unknown"
"7014851",371865,2025-06-10 17:13:17,43.3580017089844,-8.84455108642578,"Unknown"
"7014851",371865,2025-06-10 17:18:15,43.3579368591309,-8.8449239730835,"Unknown"
"7014851",371865,2025-06-10 17:23:18,43.3577880859375,-8.84484386444092,"Unknown"
"7014851",371865,2025-06-10 17:28:16,43.3576011657715,-8.84510707855225,"Unknown"
"7014851",371865,2025-06-10 17:33:18,43.3576049804688,-8.84455680847168,"Unknown"
"7014851",371865,2025-06-10 17:38:18,43.3578071594238,-8.84572887420654,"Unknown"
"7014851",371865,2025-06-10 17:43:19,43.3581924438477,-8.84608173370361,"Unknown"
"7014851",371865,2025-06-10 17:48:44,43.3576049804688,-8.84475612640381,"Unknown"
"7014851",371865,2025-06-10 17:53:18,43.3575630187988,-8.84485054016113,"Unknown"
"7014851",371865,2025-06-10 17:58:21,43.3575706481934,-8.84484481811523,"Unknown"
"7014851",371865,2025-06-10 18:03:19,43.3575630187988,-8.84492206573486,"Unknown"
"7014851",371865,2025-06-10 18:08:18,43.3575172424316,-8.84489059448242,"Unknown"
"7014851",371865,2025-06-10 18:13:21,43.3575477600098,-8.84493255615234,"Unknown"
"7014851",371865,2025-06-10 18:18:17,43.357551574707,-8.84496212005615,"Unknown"
"7014851",371865,2025-06-10 18:23:23,43.3575973510742,-8.84548187255859,"Unknown"
"7014851",371865,2025-06-10 18:28:17,43.3575248718262,-8.84494972229004,"Unknown"
"7014851",371865,2025-06-10 18:33:19,43.3575477600098,-8.84509372711182,"Unknown"
"7014851",371865,2025-06-10 18:38:21,43.3575744628906,-8.84517097473145,"Unknown"
"7014851",371865,2025-06-10 18:43:21,43.3576278686523,-8.84516048431396,"Unknown"
"7014851",371865,2025-06-10 18:48:35,43.3575592041016,-8.84506797790527,"Unknown"
"7014851",371865,2025-06-10 18:53:16,43.357608795166,-8.84505271911621,"Unknown"
"7014851",371865,2025-06-10 18:58:15,43.3576354980469,-8.84507369995117,"Unknown"
"7014851",371865,2025-06-10 19:03:15,43.3576965332031,-8.84518051147461,"Unknown"
"7014851",371865,2025-06-10 19:08:16,43.3576278686523,-8.84509563446045,"Unknown"
"7014851",371865,2025-06-10 19:13:24,43.3575744628906,-8.84504222869873,"Unknown"
"7014851",371865,2025-06-10 19:18:16,43.3575973510742,-8.84506893157959,"Unknown"
"7014851",371865,2025-06-10 19:23:16,43.357536315918,-8.84499835968018,"Unknown"
"7014851",371865,2025-06-10 19:28:17,43.357551574707,-8.84505653381348,"Unknown"
"7014851",371865,2025-06-10 19:33:16,43.3575744628906,-8.84504318237305,"Unknown"
"7014851",371865,2025-06-10 19:38:16,43.3575134277344,-8.84505844116211,"Unknown"
"7014851",371865,2025-06-10 19:43:35,43.3576469421387,-8.84509944915771,"Unknown"
"7014851",371865,2025-06-10 19:48:19,43.3576850891113,-8.84508609771729,"Unknown"
"7014851",371865,2025-06-10 19:53:16,43.3575592041016,-8.84493827819824,"Unknown"
"7014851",371865,2025-06-10 19:58:19,43.3576278686523,-8.84506416320801,"Unknown"
"7014851",371865,2025-06-10 20:03:21,43.3575973510742,-8.84515380859375,"Unknown"
"7014851",371865,2025-06-10 20:08:25,43.3576774597168,-8.8451623916626,"Unknown"
"7014851",371865,2025-06-10 20:13:25,43.3575553894043,-8.84508228302002,"Unknown"
"7014851",371865,2025-06-10 20:18:26,43.3575706481934,-8.84496402740479,"Unknown"
"7014851",371865,2025-06-10 20:23:26,43.3575325012207,-8.84507465362549,"Unknown"
"7014851",371865,2025-06-10 20:28:25,43.3575096130371,-8.8450231552124,"Unknown"
"7014851",371865,2025-06-10 20:33:25,43.357551574707,-8.84506511688232,"Unknown"
"7014851",371865,2025-06-10 20:38:21,43.3576431274414,-8.84515953063965,"Unknown"
"7014851",371865,2025-06-10 20:43:25,43.3576011657715,-8.84501934051514,"Unknown"
"7014851",371865,2025-06-10 20:48:25,43.3575401306152,-8.84516525268555,"Unknown"
"7014851",371865,2025-06-10 20:53:26,43.3575553894043,-8.84503269195557,"Unknown"
"7014851",371865,2025-06-10 20:58:35,43.3575325012207,-8.8451042175293,"Unknown"
"7014851",371865,2025-06-10 21:03:18,43.3574447631836,-8.84500503540039,"Unknown"
"7014851",371865,2025-06-10 21:08:22,43.3574867248535,-8.84500503540039,"Unknown"
"7014851",371865,2025-06-10 21:13:17,43.3577537536621,-8.84490299224854,"Unknown"
"7014851",371865,2025-06-10 21:18:16,43.3575248718262,-8.84489917755127,"Unknown"
"7014851",371865,2025-06-10 21:23:15,43.3576126098633,-8.84502983093262,"Unknown"
"7014851",371865,2025-06-10 21:28:16,43.3576469421387,-8.84508514404297,"Unknown"
"7014851",371865,2025-06-10 21:33:16,43.3575782775879,-8.8450927734375,"Unknown"
"7014851",371865,2025-06-10 21:38:17,43.3576126098633,-8.8450174331665,"Unknown"
"7014851",371865,2025-06-10 21:43:18,43.3576507568359,-8.84501838684082,"Unknown"
"7014851",371865,2025-06-10 21:48:19,43.3576431274414,-8.8450231552124,"Unknown"
"7014851",371865,2025-06-10 21:53:21,43.3575553894043,-8.84506034851074,"Unknown"
"7014851",371865,2025-06-10 21:58:15,43.3574142456055,-8.84513854980469,"Unknown"
"7014851",371865,2025-06-10 22:03:18,43.3577041625977,-8.84502410888672,"Unknown"
"7014851",371865,2025-06-10 22:08:20,43.3576011657715,-8.84503173828125,"Unknown"
"7014851",371865,2025-06-10 22:13:15,43.3576316833496,-8.84496593475342,"Unknown"
"7014851",371865,2025-06-10 22:18:16,43.3575820922852,-8.84497261047363,"Unknown"
"7014851",371865,2025-06-10 22:23:18,43.3575401306152,-8.84494876861572,"Unknown"
"7014851",371865,2025-06-10 22:28:16,43.3576889038086,-8.84504795074463,"Unknown"
"7014851",371865,2025-06-10 22:33:16,43.3577308654785,-8.84505748748779,"Unknown"
"7014851",371865,2025-06-10 22:38:25,43.3576774597168,-8.844970703125,"Unknown"
"7014851",371865,2025-06-10 22:43:15,43.3575744628906,-8.8450288772583,"Unknown"
"7014851",371865,2025-06-10 22:48:32,43.3575477600098,-8.84508228302002,"Unknown"
"7014851",371865,2025-06-10 22:53:16,43.3575782775879,-8.84493350982666,"Unknown"
"7014851",371865,2025-06-10 22:58:15,43.357608795166,-8.84501075744629,"Unknown"
"7014851",371865,2025-06-10 23:03:16,43.3576164245605,-8.84509754180908,"Unknown"
"7014851",371865,2025-06-10 23:08:15,43.3575668334961,-8.84505081176758,"Unknown"
"7014851",371865,2025-06-10 23:13:16,43.3576126098633,-8.84497833251953,"Unknown"
"7014851",371865,2025-06-10 23:18:17,43.3577003479004,-8.84493827819824,"Unknown"
"7014851",371865,2025-06-10 23:23:18,43.3575897216797,-8.84500026702881,"Unknown"
"7014851",371865,2025-06-10 23:28:19,43.3576889038086,-8.8449821472168,"Unknown"
"7014851",371865,2025-06-10 23:33:17,43.3576316833496,-8.84510803222656,"Unknown"
"7014851",371865,2025-06-10 23:38:19,43.3576545715332,-8.8449764251709,"Unknown"
"7014851",371865,2025-06-10 23:43:20,43.3575859069824,-8.8450231552124,"Unknown"
"7014851",371865,2025-06-10 23:48:23,43.3576240539551,-8.84501457214355,"Unknown"
"7014851",371865,2025-06-10 23:53:23,43.357593536377,-8.84501266479492,"Unknown"
"7014851",371865,2025-06-10 23:58:25,43.3575859069824,-8.84505081176758,"Unknown"
"7014851",371865,2025-06-11 00:03:31,43.3575897216797,-8.84500503540039,"Unknown"
"7014851",371865,2025-06-11 00:08:16,43.3575286865234,-8.84504127502441,"Unknown"
"7014851",371865,2025-06-11 00:13:26,43.3575096130371,-8.84507751464844,"Unknown"
"7014851",371865,2025-06-11 00:18:16,43.3575859069824,-8.84506034851074,"Unknown"
"7014851",371865,2025-06-11 00:23:16,43.3576316833496,-8.84511089324951,"Unknown"
"7014851",371865,2025-06-11 00:28:17,43.3574676513672,-8.84496688842773,"Unknown"
"7014851",371865,2025-06-11 00:33:16,43.357479095459,-8.8449878692627,"Unknown"
"7014851",371865,2025-06-11 00:38:28,43.3575630187988,-8.84505081176758,"Unknown"
"7014851",371865,2025-06-11 00:43:35,43.3575859069824,-8.84502983093262,"Unknown"
"7014851",371865,2025-06-11 00:48:15,43.3576164245605,-8.84504985809326,"Unknown"
"7014851",371865,2025-06-11 00:53:15,43.357593536377,-8.84505462646484,"Unknown"
"7014851",371865,2025-06-11 00:58:15,43.3576202392578,-8.84501266479492,"Unknown"
"7014851",371865,2025-06-11 01:03:15,43.3576316833496,-8.84503936767578,"Unknown"
"7014851",371865,2025-06-11 01:08:16,43.3574333190918,-8.84517097473145,"Unknown"
"7014851",371865,2025-06-11 01:13:16,43.3571815490723,-8.84539127349854,"Unknown"
"7014851",371865,2025-06-11 01:18:17,43.3570442199707,-8.84547519683838,"Unknown"
"7014851",371865,2025-06-11 01:23:17,43.3570289611816,-8.84551620483398,"Unknown"
"7014851",371865,2025-06-11 01:28:17,43.357292175293,-8.84540367126465,"Unknown"
"7014851",371865,2025-06-11 01:33:20,43.3575744628906,-8.84510517120361,"Unknown"
"7014851",371865,2025-06-11 01:38:15,43.3576316833496,-8.84511661529541,"Unknown"
"7014851",371865,2025-06-11 01:43:23,43.3574028015137,-8.84538269042969,"Unknown"
"7014851",371865,2025-06-11 01:48:26,43.357666015625,-8.8449010848999,"Unknown"
"7014851",371865,2025-06-11 01:53:53,43.3576049804688,-8.84494495391846,"Unknown"
"7014851",371865,2025-06-11 01:58:18,43.3576393127441,-8.84496116638184,"Unknown"
"7014851",371865,2025-06-11 02:03:27,43.3576622009277,-8.84491443634033,"Unknown"
"7014851",371865,2025-06-11 02:08:15,43.3576431274414,-8.84492111206055,"Unknown"
"7014851",371865,2025-06-11 02:13:16,43.3576431274414,-8.84502506256104,"Unknown"
"7014851",371865,2025-06-11 02:18:17,43.3576164245605,-8.84499263763428,"Unknown"
"7014851",371865,2025-06-11 02:23:14,43.3576049804688,-8.84494495391846,"Unknown"
"7014851",371865,2025-06-11 02:28:14,43.3575859069824,-8.84499931335449,"Unknown"
"7014851",371865,2025-06-11 02:33:14,43.3575744628906,-8.84493732452393,"Unknown"
"7014851",371865,2025-06-11 02:38:14,43.3575668334961,-8.84502029418945,"Unknown"
"7014851",371865,2025-06-11 02:43:14,43.3575782775879,-8.84500503540039,"Unknown"
"7014851",371865,2025-06-11 02:48:14,43.3575744628906,-8.84500217437744,"Unknown"
"7014851",371865,2025-06-11 02:53:15,43.3575706481934,-8.84507942199707,"Unknown"
"7014851",371865,2025-06-11 02:58:18,43.3576011657715,-8.8449068069458,"Unknown"
"7014851",371865,2025-06-11 03:03:14,43.3576622009277,-8.84482669830322,"Unknown"
"7014851",371865,2025-06-11 03:08:14,43.3575744628906,-8.84501457214355,"Unknown"
"7014851",371865,2025-06-11 03:13:15,43.3575630187988,-8.84512901306152,"Unknown"
"7014851",371865,2025-06-11 03:18:17,43.3575782775879,-8.84495258331299,"Unknown"
"7014851",371865,2025-06-11 03:23:15,43.3575210571289,-8.84497547149658,"Unknown"
"7014851",371865,2025-06-11 03:28:16,43.3575744628906,-8.84496879577637,"Unknown"
"7014851",371865,2025-06-11 03:33:15,43.3575134277344,-8.844970703125,"Unknown"
"7014851",371865,2025-06-11 03:38:14,43.3575553894043,-8.84504222869873,"Unknown"
"7014851",371865,2025-06-11 03:43:14,43.3575782775879,-8.84488391876221,"Unknown"
"7014851",371865,2025-06-11 03:48:15,43.3574829101562,-8.84495258331299,"Unknown"
"7014851",371865,2025-06-11 03:53:14,43.3574867248535,-8.84485530853271,"Unknown"
"7014851",371865,2025-06-11 03:58:35,43.3577728271484,-8.84497833251953,"Unknown"
"7014851",371865,2025-06-11 04:03:19,43.357738494873,-8.84509658813477,"Unknown"
"7014851",371865,2025-06-11 04:08:18,43.3577613830566,-8.84503650665283,"Unknown"
"7014851",371865,2025-06-11 04:13:18,43.3577766418457,-8.84516143798828,"Unknown"
"7014851",371865,2025-06-11 04:18:18,43.3578224182129,-8.84507465362549,"Unknown"
"7014851",371865,2025-06-11 04:23:17,43.3578300476074,-8.84521007537842,"Unknown"
"7014851",371865,2025-06-11 04:28:17,43.357852935791,-8.84517574310303,"Unknown"
"7014851",371865,2025-06-11 04:33:17,43.3579063415527,-8.84519004821777,"Unknown"
"7014851",371865,2025-06-11 04:38:16,43.3578453063965,-8.84520149230957,"Unknown"
"7014851",371865,2025-06-11 04:43:24,43.3577194213867,-8.84506225585938,"Unknown"
"7014851",371865,2025-06-11 04:48:24,43.3575057983398,-8.8450345993042,"Unknown"
"7014851",371865,2025-06-11 04:53:23,43.3575859069824,-8.84516620635986,"Unknown"
"7014851",371865,2025-06-11 04:58:21,43.3577499389648,-8.84512519836426,"Unknown"
"7014851",371865,2025-06-11 05:03:22,43.3575744628906,-8.84501647949219,"Unknown"
"7014851",371865,2025-06-11 05:08:34,43.3575401306152,-8.84498119354248,"Unknown"
"7014851",371865,2025-06-11 05:13:17,43.3575630187988,-8.84501647949219,"Unknown"
"7014851",371865,2025-06-11 05:18:19,43.3575477600098,-8.84503841400146,"Unknown"
"7014851",371865,2025-06-11 05:23:22,43.3575859069824,-8.84500598907471,"Unknown"
"7014851",371865,2025-06-11 05:28:35,43.3575439453125,-8.84500885009766,"Unknown"
"7014851",371865,2025-06-11 05:33:17,43.3575286865234,-8.84510803222656,"Unknown"
"7014851",371865,2025-06-11 05:38:15,43.3575553894043,-8.84505271911621,"Unknown"
"7014851",371865,2025-06-11 05:43:15,43.3593940734863,-8.85573959350586,"Unknown"
"7014851",371865,2025-06-11 05:48:15,43.3582725524902,-8.85594272613525,"Unknown"
"7014851",371865,2025-06-11 05:53:15,43.3576545715332,-8.845046043396,"Unknown"
"7014851",371865,2025-06-11 05:58:16,43.3576316833496,-8.84495639801025,"Unknown"
"7014851",371865,2025-06-11 06:03:44,43.3618469238281,-8.84758758544922,"Unknown"
"7014851",371865,2025-06-11 06:08:18,43.3574829101562,-8.84494590759277,"Unknown"
"7014851",371865,2025-06-11 06:13:15,43.3575439453125,-8.84498310089111,"Unknown"
"7014851",371865,2025-06-11 06:18:17,43.357551574707,-8.84494304656982,"Unknown"
"7014851",371865,2025-06-11 06:23:15,43.3578224182129,-8.84485912322998,"Unknown"
"7014851",371865,2025-06-11 06:28:21,43.3576774597168,-8.84485149383545,"Unknown"
"7014851",371865,2025-06-11 06:33:21,43.3576736450195,-8.84491062164307,"Unknown"
"7014851",371865,2025-06-11 06:38:18,43.3580932617188,-8.84496974945068,"Unknown"
"7014851",371865,2025-06-11 06:43:24,43.374095916748,-8.85954093933105,"Unknown"
"7014851",371865,2025-06-11 06:48:33,43.3762168884277,-8.86917304992676,"Unknown"
"7014851",371865,2025-06-11 06:53:25,43.3747406005859,-8.86811542510986,"Unknown"
"7014851",371865,2025-06-11 06:58:25,43.3776206970215,-8.86919593811035,"Unknown"
"7014851",371865,2025-06-11 07:03:35,43.3722801208496,-8.88294696807861,"Unknown"
"7014851",371865,2025-06-11 07:08:16,43.3600997924805,-8.8483190536499,"Unknown"
"7014851",371865,2025-06-11 07:13:24,43.3579750061035,-8.84487056732178,"Unknown"
"7014851",371865,2025-06-11 07:18:33,43.3575630187988,-8.84496021270752,"Unknown"
"7014851",371865,2025-06-11 07:23:17,43.3576202392578,-8.84503269195557,"Unknown"
"7014851",371865,2025-06-11 07:28:18,43.3576431274414,-8.84492492675781,"Unknown"
"7014851",371865,2025-06-11 07:33:21,43.3577270507812,-8.8449821472168,"Unknown"
"7014851",371865,2025-06-11 07:38:17,43.3575973510742,-8.84499931335449,"Unknown"
"7014851",371865,2025-06-11 07:43:16,43.357738494873,-8.84501361846924,"Unknown"
"7014851",371865,2025-06-11 07:48:17,43.3577308654785,-8.84505748748779,"Unknown"
"7014851",371865,2025-06-11 07:53:44,43.357608795166,-8.84500503540039,"Unknown"
"7014851",371865,2025-06-11 07:58:16,43.3576316833496,-8.84503936767578,"Unknown"
"7014851",371865,2025-06-11 08:03:14,43.3576126098633,-8.84493637084961,"Unknown"
"7014851",371865,2025-06-11 08:08:18,43.357593536377,-8.84499740600586,"Unknown"
"7014851",371865,2025-06-11 08:13:17,43.3577156066895,-8.8450231552124,"Unknown"
"7014851",371865,2025-06-11 08:18:24,43.3576698303223,-8.84498310089111,"Unknown"
"7014851",371865,2025-06-11 08:23:18,43.3574867248535,-8.84496116638184,"Unknown"
"7014851",371865,2025-06-11 08:28:22,43.3577117919922,-8.84493732452393,"Unknown"
"7014851",371865,2025-06-11 08:33:15,43.3577041625977,-8.84502983093262,"Unknown"
"7014851",371865,2025-06-11 08:38:16,43.357780456543,-8.84500980377197,"Unknown"
"7014851",371865,2025-06-11 08:43:17,43.3578643798828,-8.84523582458496,"Unknown"
"7014851",371865,2025-06-11 08:48:35,43.357536315918,-8.84502124786377,"Unknown"
"7014851",371865,2025-06-11 08:53:15,43.3575134277344,-8.84501457214355,"Unknown"
"7014851",371865,2025-06-11 08:58:14,43.3575592041016,-8.84501934051514,"Unknown"
"7014851",371865,2025-06-11 09:03:14,43.3575668334961,-8.84500312805176,"Unknown"
"7014851",371865,2025-06-11 09:08:14,43.358959197998,-8.84540462493896,"Unknown"
"7014851",371865,2025-06-11 09:13:15,43.3649635314941,-8.87486267089844,"Unknown"
"7014851",371865,2025-06-11 09:18:15,43.3798637390137,-8.90837955474854,"Unknown"
"7014851",371865,2025-06-11 09:23:14,43.3794059753418,-8.92571353912354,"Unknown"
"7014851",371865,2025-06-11 09:28:14,43.4068756103516,-8.92360496520996,"Unknown"
"7014851",371865,2025-06-11 09:33:15,43.4100952148438,-8.92001914978027,"Unknown"
"7014851",371865,2025-06-11 09:38:15,43.413501739502,-8.91662502288818,"Unknown"
"7014851",371865,2025-06-11 09:43:15,43.4167633056641,-8.91366100311279,"Unknown"
"7014851",371865,2025-06-11 09:48:17,43.4195365905762,-8.91006374359131,"Unknown"
"7014851",371865,2025-06-11 09:53:16,43.4231910705566,-8.90499305725098,"Unknown"
"7014851",371865,2025-06-11 09:58:19,43.4274063110352,-8.90032482147217,"Unknown"
"7014851",371865,2025-06-11 10:03:19,43.4304237365723,-8.89761924743652,"Unknown"
"7014851",371865,2025-06-11 10:08:24,43.4336013793945,-8.89484882354736,"Unknown"
"7014851",371865,2025-06-11 10:13:16,43.438663482666,-8.89086437225342,"Unknown"
"7014851",371865,2025-06-11 10:18:21,43.4398918151855,-8.89057636260986,"Unknown"
"7014851",371865,2025-06-11 10:23:23,43.4382247924805,-8.89264488220215,"Unknown"
"7014851",371865,2025-06-11 10:28:16,43.4376487731934,-8.89128589630127,"Unknown"
"7014851",371865,2025-06-11 10:34:05,43.4407119750977,-8.89029502868652,"Unknown"
"7014851",371865,2025-06-11 10:39:38,43.4371604919434,-8.89113330841064,"Unknown"
"7014851",371865,2025-06-11 10:43:43,43.4514579772949,-8.90424251556396,"Unknown"
"7014851",371865,2025-06-11 10:48:14,43.4534111022949,-8.91447162628174,"Unknown"
"7014851",371865,2025-06-11 10:53:14,43.45068359375,-8.92282104492188,"Unknown"
"7014851",371865,2025-06-11 10:58:14,43.4493408203125,-8.92787933349609,"Unknown"
"7014851",371865,2025-06-11 11:03:14,43.4481735229492,-8.93111515045166,"Unknown"
"7014851",371865,2025-06-11 11:08:14,43.4444694519043,-8.93580341339111,"Unknown"
"7014851",371865,2025-06-11 11:13:14,43.4193229675293,-8.90767669677734,"Unknown"
"7014851",371865,2025-06-11 11:18:14,43.3890838623047,-8.87794399261475,"Unknown"
"7014851",371865,2025-06-11 11:23:14,43.3623695373535,-8.84852027893066,"Unknown"
"7014851",371865,2025-06-11 11:28:16,43.3574333190918,-8.84573173522949,"Unknown"
"7014851",371865,2025-06-11 11:33:17,43.3574981689453,-8.84573364257812,"Unknown"
"7014851",371865,2025-06-11 11:38:18,43.3575134277344,-8.8457727432251,"Unknown"
"7014851",371865,2025-06-11 11:43:35,43.3574485778809,-8.84513092041016,"Unknown"
"7014851",371865,2025-06-11 11:48:25,43.3574104309082,-8.84560680389404,"Unknown"
"7014851",371865,2025-06-11 11:53:15,43.3584785461426,-8.84588813781738,"Unknown"
"7014851",371865,2025-06-11 11:58:17,43.3576164245605,-8.84502792358398,"Unknown"
"7014851",371865,2025-06-11 12:03:19,43.3575744628906,-8.84507656097412,"Unknown"
"7014851",371865,2025-06-11 12:08:14,43.3575744628906,-8.84505844116211,"Unknown"
"7014851",371865,2025-06-11 12:13:14,43.3576011657715,-8.84503746032715,"Unknown"
"7014851",371865,2025-06-11 12:18:17,43.3575630187988,-8.84503936767578,"Unknown"
"7014851",371865,2025-06-11 12:23:26,43.3576164245605,-8.84505271911621,"Unknown"
"7014851",371865,2025-06-11 12:28:18,43.3575744628906,-8.84503078460693,"Unknown"
"7014851",371865,2025-06-11 12:33:18,43.3576469421387,-8.8452091217041,"Unknown"
"7014851",371865,2025-06-11 12:38:17,43.357551574707,-8.84505271911621,"Unknown"
"7014851",371865,2025-06-11 12:43:19,43.3575286865234,-8.84502124786377,"Unknown"
"7014851",371865,2025-06-11 12:48:17,43.357536315918,-8.84503936767578,"Unknown"
"7014851",371865,2025-06-11 12:53:26,43.3574485778809,-8.84502124786377,"Unknown"
"7014851",371865,2025-06-11 12:58:17,43.3575286865234,-8.84498882293701,"Unknown"
"7014851",371865,2025-06-11 13:03:18,43.357536315918,-8.84500885009766,"Unknown"
"7014851",371865,2025-06-11 13:08:15,43.3575897216797,-8.84502983093262,"Unknown"
"7014851",371865,2025-06-11 13:13:15,43.357608795166,-8.84505653381348,"Unknown"
"7014851",371865,2025-06-11 13:18:24,43.3575897216797,-8.84511947631836,"Unknown"
"7014851",371865,2025-06-11 13:23:15,43.3575477600098,-8.84510135650635,"Unknown"
"7014851",371865,2025-06-11 13:28:25,43.3575592041016,-8.84509468078613,"Unknown"
"7014851",371865,2025-06-11 13:33:18,43.371223449707,-8.86801719665527,"Unknown"
"7014851",371865,2025-06-11 13:38:24,43.3907508850098,-8.89150905609131,"Unknown"
"7014851",371865,2025-06-11 13:43:18,43.4046020507812,-8.92457008361816,"Unknown"
"7014851",371865,2025-06-11 13:48:59,43.4101486206055,-8.95857620239258,"Unknown"
"7014851",371865,2025-06-11 13:53:14,43.4027442932129,-8.97862148284912,"Unknown"
"7014851",371865,2025-06-11 13:58:16,43.383056640625,-8.99740505218506,"Unknown"
"7014851",371865,2025-06-11 14:04:05,43.3585395812988,-9.01637363433838,"Unknown"
"7014851",371865,2025-06-11 14:09:38,43.3440818786621,-9.01589393615723,"Unknown"
"7014851",371865,2025-06-11 14:13:44,43.3470497131348,-9.01293563842773,"Unknown"
"7014851",371865,2025-06-11 14:18:16,43.3488426208496,-9.01052761077881,"Unknown"
"7014851",371865,2025-06-11 14:23:20,43.3472633361816,-8.97702026367188,"Unknown"
"7014851",371865,2025-06-11 14:28:15,43.3458938598633,-8.92623519897461,"Unknown"
"7014851",371865,2025-06-11 14:33:18,43.3542938232422,-8.87033462524414,"Unknown"
"7014851",371865,2025-06-11 14:38:22,43.3575172424316,-8.84502506256104,"Unknown"
"7014851",371865,2025-06-11 14:43:35,43.357494354248,-8.84499263763428,"Unknown"
"7014851",371865,2025-06-11 14:48:15,43.3575096130371,-8.8451042175293,"Unknown"
"7014851",371865,2025-06-11 14:53:20,43.3573951721191,-8.84512615203857,"Unknown"
"7014851",371865,2025-06-11 14:58:18,43.3575325012207,-8.84506130218506,"Unknown"
"7014851",371865,2025-06-11 15:03:20,43.3575325012207,-8.84507369995117,"Unknown"
"7014851",371865,2025-06-11 15:08:18,43.3574295043945,-8.84502696990967,"Unknown"
"7014851",371865,2025-06-11 15:13:25,43.3575401306152,-8.84510040283203,"Unknown"
"7014851",371865,2025-06-11 15:18:41,43.3574104309082,-8.84503269195557,"Unknown"
"7014851",371865,2025-06-11 15:23:15,43.3575286865234,-8.84504985809326,"Unknown"
"7014851",371865,2025-06-11 15:28:15,43.3576698303223,-8.8452320098877,"Unknown"
"7014851",371865,2025-06-11 15:33:17,43.3574256896973,-8.84494590759277,"Unknown"
"7014851",371865,2025-06-11 15:38:16,43.3576965332031,-8.84517955780029,"Unknown"
"7014851",371865,2025-06-11 15:43:17,43.3575096130371,-8.84494304656982,"Unknown"
"7014851",371865,2025-06-11 15:48:18,43.357593536377,-8.84508800506592,"Unknown"
"7014851",371865,2025-06-11 15:53:17,43.3575401306152,-8.84495449066162,"Unknown"
"7014851",371865,2025-06-11 15:58:19,43.357250213623,-8.84482574462891,"Unknown"
"7014851",371865,2025-06-11 16:03:35,43.3575630187988,-8.84505939483643,"Unknown"
"7014851",371865,2025-06-11 16:08:20,43.3575592041016,-8.84501552581787,"Unknown"
"7014851",371865,2025-06-11 16:13:16,43.3575248718262,-8.84502029418945,"Unknown"
"7014851",371865,2025-06-11 16:18:17,43.3575057983398,-8.84502792358398,"Unknown"
"7014851",371865,2025-06-11 16:23:18,43.357536315918,-8.84508037567139,"Unknown"
"7014851",371865,2025-06-11 16:28:20,43.3575477600098,-8.84504318237305,"Unknown"
"7014851",371865,2025-06-11 16:33:18,43.3575630187988,-8.84501266479492,"Unknown"
"7014851",371865,2025-06-11 16:38:14,43.3575286865234,-8.84505653381348,"Unknown"
"7014851",371865,2025-06-11 16:43:15,43.3575859069824,-8.8449535369873,"Unknown"
"7014851",371865,2025-06-11 16:48:15,43.3575477600098,-8.84500980377197,"Unknown"
"7014851",371865,2025-06-11 16:53:16,43.3575248718262,-8.84499740600586,"Unknown"
"7014851",371865,2025-06-11 16:58:14,43.3575820922852,-8.84504318237305,"Unknown"
"7014851",371865,2025-06-11 17:03:25,43.3575630187988,-8.84506797790527,"Unknown"
"7014851",371865,2025-06-11 17:08:28,43.3575210571289,-8.84504985809326,"Unknown"
"7014851",371865,2025-06-11 17:13:28,43.357536315918,-8.84500789642334,"Unknown"
"7014851",371865,2025-06-11 17:18:26,43.3575134277344,-8.84507751464844,"Unknown"
"7014851",371865,2025-06-11 17:23:25,43.3575134277344,-8.84510231018066,"Unknown"
"7014851",371865,2025-06-11 17:28:26,43.3575592041016,-8.84500598907471,"Unknown"
"7014851",371865,2025-06-11 17:33:27,43.3575172424316,-8.8450345993042,"Unknown"
"7014851",371865,2025-06-11 17:38:26,43.3575172424316,-8.84510326385498,"Unknown"
"7014851",371865,2025-06-11 17:43:35,43.3575477600098,-8.84505558013916,"Unknown"
"7014851",371865,2025-06-11 17:48:28,43.3574447631836,-8.84498882293701,"Unknown"
"7014851",371865,2025-06-11 17:53:35,43.3576011657715,-8.84505844116211,"Unknown"
"7014851",371865,2025-06-11 17:58:14,43.3576583862305,-8.84508514404297,"Unknown"
"7014851",371865,2025-06-11 18:03:15,43.3575668334961,-8.84500980377197,"Unknown"
"7014851",371865,2025-06-11 18:08:14,43.3576393127441,-8.84492015838623,"Unknown"
"7014851",371865,2025-06-11 18:13:15,43.357608795166,-8.84502696990967,"Unknown"
"7014851",371865,2025-06-11 18:18:15,43.3575744628906,-8.84510517120361,"Unknown"
"7014851",371865,2025-06-11 18:23:15,43.3576240539551,-8.84503078460693,"Unknown"
"7014851",371865,2025-06-11 18:28:15,43.3575782775879,-8.84503936767578,"Unknown"
"7014851",371865,2025-06-11 18:33:14,43.3573684692383,-8.84517860412598,"Unknown"
"7014851",371865,2025-06-11 18:38:14,43.3492126464844,-8.84265327453613,"Unknown"
"7014851",371865,2025-06-11 18:43:13,43.3342208862305,-8.84768104553223,"Unknown"
"7014851",371865,2025-06-11 18:48:14,43.3224601745605,-8.85178756713867,"Unknown"
"7014851",371865,2025-06-11 18:53:14,43.316535949707,-8.85823726654053,"Unknown"
"7014851",371865,2025-06-11 18:58:13,43.3165397644043,-8.85814666748047,"Unknown"
"7014851",371865,2025-06-11 19:03:13,43.3561668395996,-8.84325122833252,"Unknown"
"7014851",371865,2025-06-11 19:08:19,43.3573455810547,-8.84465026855469,"Unknown"
"7014851",371865,2025-06-11 19:13:14,43.3574562072754,-8.84478569030762,"Unknown"
"7014851",371865,2025-06-11 19:18:16,43.3574905395508,-8.84479808807373,"Unknown"
"7014851",371865,2025-06-11 19:23:14,43.3574256896973,-8.84464836120605,"Unknown"
"7014851",371865,2025-06-11 19:28:19,43.3575553894043,-8.84498405456543,"Unknown"
"7014851",371865,2025-06-11 19:33:16,43.3573379516602,-8.84448623657227,"Unknown"
"7014851",371865,2025-06-11 19:38:21,43.3577079772949,-8.84520626068115,"Unknown"
"7014851",371865,2025-06-11 19:43:17,43.3576507568359,-8.84519004821777,"Unknown"
"7014851",371865,2025-06-11 19:48:19,43.3576126098633,-8.84508228302002,"Unknown"
"7014851",371865,2025-06-11 19:53:13,43.3575973510742,-8.84505558013916,"Unknown"
"7014851",371865,2025-06-11 19:58:18,43.3575325012207,-8.84498882293701,"Unknown"
"7014851",371865,2025-06-11 20:03:19,43.3576431274414,-8.84512329101562,"Unknown"
"7014851",371865,2025-06-11 20:08:14,43.3575401306152,-8.84500789642334,"Unknown"
"7014851",371865,2025-06-11 20:13:24,43.3576507568359,-8.8450813293457,"Unknown"
"7014851",371865,2025-06-11 20:18:18,43.3575019836426,-8.844895362854,"Unknown"
"7014851",371865,2025-06-11 20:23:24,43.357608795166,-8.84510707855225,"Unknown"
"7014851",371865,2025-06-11 20:28:17,43.357494354248,-8.84501457214355,"Unknown"
"7014851",371865,2025-06-11 20:33:25,43.3576507568359,-8.84509181976318,"Unknown"
"7014851",371865,2025-06-11 20:38:35,43.357608795166,-8.84500789642334,"Unknown"
"7014851",371865,2025-06-11 20:43:13,43.3576049804688,-8.84503841400146,"Unknown"
"7014851",371865,2025-06-11 20:48:13,43.3573379516602,-8.84523963928223,"Unknown"
"7014851",371865,2025-06-11 20:53:13,43.3575706481934,-8.84505271911621,"Unknown"
"7014851",371865,2025-06-11 20:58:15,43.3575782775879,-8.84505176544189,"Unknown"
"7014851",371865,2025-06-11 21:03:13,43.3575057983398,-8.84507846832275,"Unknown"
"7014851",371865,2025-06-11 21:08:13,43.3575630187988,-8.84506416320801,"Unknown"
"7014851",371865,2025-06-11 21:13:13,43.3575477600098,-8.84499549865723,"Unknown"
"7014851",371865,2025-06-11 21:18:16,43.357479095459,-8.84512042999268,"Unknown"
"7014851",371865,2025-06-11 21:23:14,43.3575286865234,-8.84510803222656,"Unknown"
"7014851",371865,2025-06-11 21:28:17,43.3575096130371,-8.84507083892822,"Unknown"
"7014851",371865,2025-06-11 21:33:17,43.357551574707,-8.8450927734375,"Unknown"
"7014851",371865,2025-06-11 21:38:15,43.3574180603027,-8.84512329101562,"Unknown"
"7014851",371865,2025-06-11 21:43:15,43.3575248718262,-8.84507942199707,"Unknown"
"7014851",371865,2025-06-11 21:48:18,43.3575668334961,-8.8451042175293,"Unknown"
"7014851",371865,2025-06-11 21:53:18,43.3573913574219,-8.84495449066162,"Unknown"
"7014851",371865,2025-06-11 21:58:14,43.357364654541,-8.84495067596436,"Unknown"
"7014851",371865,2025-06-11 22:03:36,43.3575820922852,-8.84504413604736,"Unknown"
"7014851",371865,2025-06-11 22:08:13,43.357536315918,-8.84500312805176,"Unknown"
"7014851",371865,2025-06-11 22:13:13,43.3575325012207,-8.8451623916626,"Unknown"
"7014851",371865,2025-06-11 22:18:23,43.3575477600098,-8.84503841400146,"Unknown"
"7014851",371865,2025-06-11 22:23:15,43.3575973510742,-8.84510231018066,"Unknown"
"7014851",371865,2025-06-11 22:28:14,43.357608795166,-8.8450403213501,"Unknown"
"7014851",371865,2025-06-11 22:33:17,43.3574295043945,-8.84488964080811,"Unknown"
"7014851",371865,2025-06-11 22:38:14,43.3575897216797,-8.8447380065918,"Unknown"
"7014851",371865,2025-06-11 22:43:17,43.3574256896973,-8.84478855133057,"Unknown"
"7014851",371865,2025-06-11 22:48:15,43.3575630187988,-8.84507179260254,"Unknown"
"7014851",371865,2025-06-11 22:53:21,43.3575897216797,-8.84505176544189,"Unknown"
"7014851",371865,2025-06-11 22:58:17,43.3576316833496,-8.84501075744629,"Unknown"
"7014851",371865,2025-06-11 23:03:16,43.3576011657715,-8.84522342681885,"Unknown"
"7014851",371865,2025-06-11 23:08:15,43.357494354248,-8.84514236450195,"Unknown"
"7014851",371865,2025-06-11 23:13:14,43.3575439453125,-8.84500217437744,"Unknown"
"7014851",371865,2025-06-11 23:18:13,43.3575859069824,-8.84510326385498,"Unknown"
"7014851",371865,2025-06-11 23:23:24,43.3575820922852,-8.84502410888672,"Unknown"
"7014851",371865,2025-06-11 23:28:13,43.3575820922852,-8.84506130218506,"Unknown"
"7014851",371865,2025-06-11 23:33:19,43.3575897216797,-8.84498500823975,"Unknown"
"7014851",371865,2025-06-11 23:38:22,43.357593536377,-8.84508514404297,"Unknown"
"7014851",371865,2025-06-11 23:43:17,43.3575859069824,-8.84499263763428,"Unknown"
"7014851",371865,2025-06-11 23:48:17,43.357593536377,-8.84503078460693,"Unknown"
"7014851",371865,2025-06-11 23:53:19,43.357608795166,-8.84490871429443,"Unknown"
"7014851",371865,2025-06-11 23:58:13,43.3575668334961,-8.84518909454346,"Unknown"
"7014851",371865,2025-06-12 00:03:17,43.3576278686523,-8.84514999389648,"Unknown"
"7014851",371865,2025-06-12 00:08:16,43.3575210571289,-8.84516048431396,"Unknown"
"7014851",371865,2025-06-12 00:13:17,43.3575592041016,-8.84511566162109,"Unknown"
"7014851",371865,2025-06-12 00:18:15,43.357608795166,-8.84514141082764,"Unknown"
"7014851",371865,2025-06-12 00:23:21,43.3576049804688,-8.84504127502441,"Unknown"
"7014851",371865,2025-06-12 00:28:21,43.3575477600098,-8.84506607055664,"Unknown"
"7014851",371865,2025-06-12 00:33:35,43.3575592041016,-8.8450174331665,"Unknown"
"7014851",371865,2025-06-12 00:38:13,43.3575668334961,-8.84498405456543,"Unknown"
"7014851",371865,2025-06-12 00:43:14,43.3575592041016,-8.84502601623535,"Unknown"
"7014851",371865,2025-06-12 00:48:13,43.3575706481934,-8.84507179260254,"Unknown"
"7014851",371865,2025-06-12 00:53:14,43.3575553894043,-8.84503650665283,"Unknown"
"7014851",371865,2025-06-12 00:58:15,43.3576011657715,-8.84508037567139,"Unknown"
"7014851",371865,2025-06-12 01:03:13,43.3575859069824,-8.84500789642334,"Unknown"
"7014851",371865,2025-06-12 01:08:13,43.357479095459,-8.84497737884521,"Unknown"
"7014851",371865,2025-06-12 01:13:14,43.357479095459,-8.8444356918335,"Unknown"
"7014851",371865,2025-06-12 01:18:14,43.3576164245605,-8.84502601623535,"Unknown"
"7014851",371865,2025-06-12 01:23:14,43.357852935791,-8.84531688690186,"Unknown"
"7014851",371865,2025-06-12 01:28:14,43.3575592041016,-8.8450231552124,"Unknown"
"7014851",371865,2025-06-12 01:33:14,43.3576393127441,-8.84504127502441,"Unknown"
"7014851",371865,2025-06-12 01:38:15,43.3577499389648,-8.84513473510742,"Unknown"
"7014851",371865,2025-06-12 01:43:16,43.3578605651855,-8.84534168243408,"Unknown"
"7014851",371865,2025-06-12 01:48:53,43.3575477600098,-8.84503746032715,"Unknown"
"7014851",371865,2025-06-12 01:53:16,43.3576240539551,-8.84499740600586,"Unknown"
"7014851",371865,2025-06-12 01:58:16,43.3576316833496,-8.84505558013916,"Unknown"
"7014851",371865,2025-06-12 02:03:15,43.3576126098633,-8.84509181976318,"Unknown"
"7014851",371865,2025-06-12 02:08:16,43.3576812744141,-8.84503555297852,"Unknown"
"7014851",371865,2025-06-12 02:13:16,43.357608795166,-8.84504699707031,"Unknown"
"7014851",371865,2025-06-12 02:18:36,43.3577308654785,-8.84500026702881,"Unknown"
"7014851",371865,2025-06-12 02:23:13,43.3576698303223,-8.84500312805176,"Unknown"
"7014851",371865,2025-06-12 02:28:14,43.357666015625,-8.84496116638184,"Unknown"
"7014851",371865,2025-06-12 02:33:44,43.3576049804688,-8.84500217437744,"Unknown"
"7014851",371865,2025-06-12 02:38:24,43.357551574707,-8.8450984954834,"Unknown"
"7014851",371865,2025-06-12 02:43:25,43.3575897216797,-8.84499740600586,"Unknown"
"7014851",371865,2025-06-12 02:48:25,43.3575668334961,-8.84504413604736,"Unknown"
"7014851",371865,2025-06-12 02:53:25,43.3575668334961,-8.84498119354248,"Unknown"
"7014851",371865,2025-06-12 02:58:15,43.3575553894043,-8.84498405456543,"Unknown"
"7014851",371865,2025-06-12 03:03:21,43.3575820922852,-8.84496879577637,"Unknown"
"7014851",371865,2025-06-12 03:08:53,43.3575820922852,-8.84499835968018,"Unknown"
"7014851",371865,2025-06-12 03:13:14,43.3576278686523,-8.84501361846924,"Unknown"
"7014851",371865,2025-06-12 03:18:15,43.3576393127441,-8.84510707855225,"Unknown"
"7014851",371865,2025-06-12 03:23:14,43.3576889038086,-8.84509181976318,"Unknown"
"7014851",371865,2025-06-12 03:28:14,43.3537559509277,-8.8192310333252,"Unknown"
"7014851",371865,2025-06-12 03:33:15,43.359073638916,-8.82135105133057,"Unknown"
"7014851",371865,2025-06-12 03:38:13,43.3667984008789,-8.8281307220459,"Unknown"
"7014851",371865,2025-06-12 03:43:18,43.3724212646484,-8.83309936523438,"Unknown"
"7014851",371865,2025-06-12 03:49:37,43.3614540100098,-8.84555053710938,"Unknown"
"7014851",371865,2025-06-12 03:53:44,43.3575820922852,-8.84497547149658,"Unknown"
"7014851",371865,2025-06-12 03:58:17,43.3576202392578,-8.84493923187256,"Unknown"
"7014851",371865,2025-06-12 04:03:13,43.3575782775879,-8.84497261047363,"Unknown"
"7014851",371865,2025-06-12 04:08:13,43.3575668334961,-8.84502792358398,"Unknown"
"7014851",371865,2025-06-12 04:13:16,43.3576202392578,-8.84507179260254,"Unknown"
"7014851",371865,2025-06-12 04:18:17,43.3576202392578,-8.84500789642334,"Unknown"
"7014851",371865,2025-06-12 04:23:21,43.3576736450195,-8.84495067596436,"Unknown"
"7014851",371865,2025-06-12 04:28:15,43.357723236084,-8.84514427185059,"Unknown"
"7014851",371865,2025-06-12 04:33:15,43.3576545715332,-8.84505081176758,"Unknown"
"7014851",371865,2025-06-12 04:38:17,43.3574028015137,-8.84507465362549,"Unknown"
"7014851",371865,2025-06-12 04:43:35,43.357551574707,-8.84502983093262,"Unknown"
"7014851",371865,2025-06-12 04:48:24,43.3575477600098,-8.8450927734375,"Unknown"
"7014851",371865,2025-06-12 04:53:13,43.3575210571289,-8.84519195556641,"Unknown"
"7014851",371865,2025-06-12 04:58:15,43.3576583862305,-8.84499359130859,"Unknown"
"7014851",371865,2025-06-12 05:03:16,43.3575973510742,-8.84505081176758,"Unknown"
"7014851",371865,2025-06-12 05:08:13,43.3575897216797,-8.84510231018066,"Unknown"
"7014851",371865,2025-06-12 05:13:13,43.3575210571289,-8.84514141082764,"Unknown"
"7014851",371865,2025-06-12 05:18:14,43.357608795166,-8.84497737884521,"Unknown"
"7014851",371865,2025-06-12 05:23:13,43.3576202392578,-8.84503650665283,"Unknown"
"7014851",371865,2025-06-12 05:28:15,43.3575286865234,-8.8451509475708,"Unknown"
"7014851",371865,2025-06-12 05:33:18,43.3575668334961,-8.84510326385498,"Unknown"
"7014851",371865,2025-06-12 05:38:14,43.3576202392578,-8.84511947631836,"Unknown"
"7014851",371865,2025-06-12 05:43:13,43.3575744628906,-8.84509372711182,"Unknown"
"7014851",371865,2025-06-12 05:48:14,43.3698081970215,-8.83011341094971,"Unknown"
"7014851",371865,2025-06-12 05:53:13,43.3573455810547,-8.80996704101562,"Unknown"
"7014851",371865,2025-06-12 05:58:17,43.3600311279297,-8.82179641723633,"Unknown"
"7014851",371865,2025-06-12 06:03:14,43.3594055175781,-8.82061672210693,"Unknown"
"7014851",371865,2025-06-12 06:08:13,43.3525772094727,-8.80970478057861,"Unknown"
"7014851",371865,2025-06-12 06:13:13,43.3520431518555,-8.80878353118896,"Unknown"
"7014851",371865,2025-06-12 06:18:17,43.3508338928223,-8.80803298950195,"Unknown"
"7014851",371865,2025-06-12 06:23:14,43.3605842590332,-8.80454254150391,"Unknown"
"7014851",371865,2025-06-12 06:28:13,43.3582229614258,-8.83884716033936,"Unknown"
"7014851",371865,2025-06-12 06:33:35,43.3575706481934,-8.84499740600586,"Unknown"
"7014851",371865,2025-06-12 06:38:13,43.3553199768066,-8.83853721618652,"Unknown"
"7014851",371865,2025-06-12 06:43:13,43.3576812744141,-8.79891967773438,"Unknown"
"7014851",371865,2025-06-12 06:48:16,43.3619995117188,-8.79133033752441,"Unknown"
"7014851",371865,2025-06-12 06:53:13,43.3609199523926,-8.78954219818115,"Unknown"
"7014851",371865,2025-06-12 06:58:14,43.3660125732422,-8.7856273651123,"Unknown"
"7014851",371865,2025-06-12 07:03:14,43.379020690918,-8.79593467712402,"Unknown"
"7014851",371865,2025-06-12 07:08:14,43.3673667907715,-8.82340049743652,"Unknown"
"7014851",371865,2025-06-12 07:13:15,43.3575134277344,-8.84476947784424,"Unknown"
"7014851",371865,2025-06-12 07:18:25,43.3576354980469,-8.8451042175293,"Unknown"
"7014851",371865,2025-06-12 07:23:35,43.3576278686523,-8.84499931335449,"Unknown"
"7014851",371865,2025-06-12 07:28:44,43.3575782775879,-8.84501457214355,"Unknown"
"7014851",371865,2025-06-12 07:33:18,43.3573303222656,-8.84509086608887,"Unknown"
"7014851",371865,2025-06-12 07:38:35,43.3575820922852,-8.84499931335449,"Unknown"
"7014851",371865,2025-06-12 07:43:14,43.3575057983398,-8.84502696990967,"Unknown"
"7014851",371865,2025-06-12 07:48:13,43.3575477600098,-8.84501266479492,"Unknown"
"7014851",371865,2025-06-12 07:53:53,43.357536315918,-8.84504890441895,"Unknown"
"7014851",371865,2025-06-12 07:58:29,43.3575096130371,-8.84489250183105,"Unknown"
"7014851",371865,2025-06-12 08:03:25,43.3575706481934,-8.84503364562988,"Unknown"
"7014851",371865,2025-06-12 08:08:23,43.3576011657715,-8.84501457214355,"Unknown"
"7014851",371865,2025-06-12 08:13:25,43.357608795166,-8.84505462646484,"Unknown"
"7014851",371865,2025-06-12 08:18:27,43.3575325012207,-8.84495830535889,"Unknown"
"7014851",371865,2025-06-12 08:23:23,43.3575134277344,-8.84503936767578,"Unknown"
"7014851",371865,2025-06-12 08:28:24,43.3575172424316,-8.84505653381348,"Unknown"
"7014851",371865,2025-06-12 08:33:26,43.3576431274414,-8.84471321105957,"Unknown"
"7014851",371865,2025-06-12 08:38:25,43.3575057983398,-8.84490585327148,"Unknown"
"7014851",371865,2025-06-12 08:43:26,43.3576583862305,-8.84510898590088,"Unknown"
"7014851",371865,2025-06-12 08:49:06,43.3576164245605,-8.84503936767578,"Unknown"
"7014851",371865,2025-06-12 08:53:13,43.357421875,-8.84517383575439,"Unknown"
"7014851",371865,2025-06-12 08:58:12,43.3573265075684,-8.84518718719482,"Unknown"
"7014851",371865,2025-06-12 09:03:12,43.3574066162109,-8.84516716003418,"Unknown"
"7014851",371865,2025-06-12 09:08:12,43.3574447631836,-8.84512424468994,"Unknown"
"7014851",371865,2025-06-12 09:13:13,43.3575172424316,-8.84500789642334,"Unknown"
"7014851",371865,2025-06-12 09:18:12,43.3575096130371,-8.84509944915771,"Unknown"
"7014851",371865,2025-06-12 09:23:12,43.357494354248,-8.84511947631836,"Unknown"
"7014851",371865,2025-06-12 09:28:13,43.3575973510742,-8.84506034851074,"Unknown"
"7014851",371865,2025-06-12 09:33:12,43.3575248718262,-8.84511375427246,"Unknown"
"7014851",371865,2025-06-12 09:38:14,43.3574256896973,-8.84506416320801,"Unknown"
"7014851",371865,2025-06-12 09:43:21,43.3573875427246,-8.84513664245605,"Unknown"
"7014851",371865,2025-06-12 09:48:12,43.3574371337891,-8.84494495391846,"Unknown"
"7014851",371865,2025-06-12 09:53:16,43.3575325012207,-8.8450927734375,"Unknown"
"7014851",371865,2025-06-12 09:58:18,43.357666015625,-8.84510898590088,"Unknown"
"7014851",371865,2025-06-12 10:03:22,43.3573837280273,-8.84494876861572,"Unknown"
"7014851",371865,2025-06-12 10:08:15,43.3575859069824,-8.84506988525391,"Unknown"
"7014851",371865,2025-06-12 10:13:12,43.3575439453125,-8.84502220153809,"Unknown"
"7014851",371865,2025-06-12 10:18:13,43.3574447631836,-8.84529113769531,"Unknown"
"7014851",371865,2025-06-12 10:23:14,43.3573608398438,-8.84473705291748,"Unknown"
"7014851",371865,2025-06-12 10:28:23,43.3576774597168,-8.84505271911621,"Unknown"
"7014851",371865,2025-06-12 10:33:35,43.3576431274414,-8.84506225585938,"Unknown"
"7014851",371865,2025-06-12 10:38:13,43.3576011657715,-8.84511280059814,"Unknown"
"7014851",371865,2025-06-12 10:43:12,43.3576164245605,-8.84525299072266,"Unknown"
"7014851",371865,2025-06-12 10:48:13,43.3575477600098,-8.84500789642334,"Unknown"
"7014851",371865,2025-06-12 10:53:13,43.3576965332031,-8.84502792358398,"Unknown"
"7014851",371865,2025-06-12 10:58:12,43.3576316833496,-8.84518146514893,"Unknown"
"7014851",371865,2025-06-12 11:03:12,43.3575248718262,-8.84516525268555,"Unknown"
"7014851",371865,2025-06-12 11:08:13,43.357666015625,-8.84505844116211,"Unknown"
"7014851",371865,2025-06-12 11:13:12,43.3576812744141,-8.8450231552124,"Unknown"
"7014851",371865,2025-06-12 11:18:12,43.3575820922852,-8.84502410888672,"Unknown"
"7014851",371865,2025-06-12 11:23:13,43.3576927185059,-8.84490585327148,"Unknown"
"7014851",371865,2025-06-12 11:28:15,43.3576278686523,-8.84503555297852,"Unknown"
"7014851",371865,2025-06-12 11:33:14,43.3576431274414,-8.84501934051514,"Unknown"
"7014851",371865,2025-06-12 11:38:15,43.3569068908691,-8.83343029022217,"Unknown"
"7014851",371865,2025-06-12 11:43:13,43.3860015869141,-8.86153411865234,"Unknown"
"7014851",371865,2025-06-12 11:48:12,43.419017791748,-8.88135719299316,"Unknown"
"7014851",371865,2025-06-12 11:53:12,43.4408836364746,-8.87980842590332,"Unknown"
"7014851",371865,2025-06-12 11:58:13,43.4421653747559,-8.87620258331299,"Unknown"
"7014851",371865,2025-06-12 12:03:13,43.4425773620605,-8.86453437805176,"Unknown"
"7014851",371865,2025-06-12 12:08:19,43.4422416687012,-8.85803508758545,"Unknown"
"7014851",371865,2025-06-12 12:13:13,43.4421539306641,-8.84903144836426,"Unknown"
"7014851",371865,2025-06-12 12:18:17,43.4418258666992,-8.84633922576904,"Unknown"
"7014851",371865,2025-06-12 12:23:19,43.4440307617188,-8.83601951599121,"Unknown"
"7014851",371865,2025-06-12 12:28:13,43.4303703308105,-8.83254241943359,"Unknown"
"7014851",371865,2025-06-12 12:33:13,43.4079818725586,-8.83587074279785,"Unknown"
"7014851",371865,2025-06-12 12:39:16,43.3918876647949,-8.84902381896973,"Unknown"
"7014851",371865,2025-06-12 12:44:36,43.372631072998,-8.83956432342529,"Unknown"
"7014851",371865,2025-06-12 12:48:44,43.3615303039551,-8.85013294219971,"Unknown"
"7014851",371865,2025-06-12 12:53:15,43.3579254150391,-8.84515953063965,"Unknown"
"7014851",371865,2025-06-12 12:58:40,43.3575248718262,-8.84502696990967,"Unknown"
"7014851",371865,2025-06-12 13:03:14,43.3566589355469,-8.85378837585449,"Unknown"
"7014851",371865,2025-06-12 13:08:13,43.3516273498535,-8.87585067749023,"Unknown"
"7014851",371865,2025-06-12 13:13:13,43.3590660095215,-8.84883403778076,"Unknown"
"7014851",371865,2025-06-12 13:18:14,43.3578453063965,-8.84467697143555,"Unknown"
"7014851",371865,2025-06-12 13:23:17,43.3575973510742,-8.84509086608887,"Unknown"
"7014851",371865,2025-06-12 13:28:19,43.357479095459,-8.84507274627686,"Unknown"
"7014851",371865,2025-06-12 13:33:35,43.357479095459,-8.84488487243652,"Unknown"
"7014851",371865,2025-06-12 13:38:16,43.3575172424316,-8.84492301940918,"Unknown"
"7014851",371865,2025-06-12 13:43:13,43.384334564209,-8.83928298950195,"Unknown"
"7014851",371865,2025-06-12 13:54:05,43.4092979431152,-8.86743450164795,"Unknown"
"7014851",371865,2025-06-12 13:58:13,43.411506652832,-8.89152526855469,"Unknown"
"7014851",371865,2025-06-12 14:03:13,43.4104194641113,-8.91943740844727,"Unknown"
"7014851",371865,2025-06-12 14:08:13,43.399169921875,-8.93930339813232,"Unknown"
"7014851",371865,2025-06-12 14:13:13,43.3843002319336,-8.94153594970703,"Unknown"
"7014851",371865,2025-06-12 14:18:59,43.3644332885742,-8.93989181518555,"Unknown"
"7014851",371865,2025-06-12 14:23:25,43.3535957336426,-8.95291328430176,"Unknown"
"7014851",371865,2025-06-12 14:29:36,43.3295516967773,-8.94793891906738,"Unknown"
"7014851",371865,2025-06-12 14:34:36,43.3076820373535,-8.93496799468994,"Unknown"
"7014851",371865,2025-06-12 14:39:05,43.2989120483398,-8.90881633758545,"Unknown"
"7014851",371865,2025-06-12 14:43:12,43.2970275878906,-8.9112548828125,"Unknown"
"7014851",371865,2025-06-12 14:48:13,43.2887420654297,-8.9317512512207,"Unknown"
"7014851",371865,2025-06-12 14:53:12,43.3133087158203,-8.92708683013916,"Unknown"
"7014851",371865,2025-06-12 14:58:12,43.3238792419434,-8.88350296020508,"Unknown"
"7014851",371865,2025-06-12 15:03:14,43.3142280578613,-8.85684490203857,"Unknown"
"7014851",371865,2025-06-12 15:08:12,43.3343162536621,-8.84549903869629,"Unknown"
"7014851",371865,2025-06-12 15:13:15,43.3575744628906,-8.84507274627686,"Unknown"
"7014851",371865,2025-06-12 15:18:16,43.3575553894043,-8.84507846832275,"Unknown"
"7014851",371865,2025-06-12 15:23:15,43.3571701049805,-8.84467220306396,"Unknown"
"7014851",371865,2025-06-12 15:28:16,43.3575210571289,-8.84495735168457,"Unknown"
"7014851",371865,2025-06-12 15:33:18,43.3576431274414,-8.84516716003418,"Unknown"
"7014851",371865,2025-06-12 15:38:13,43.3574676513672,-8.84500598907471,"Unknown"
"7014851",371865,2025-06-12 15:43:13,43.3573875427246,-8.84482860565186,"Unknown"
"7014851",371865,2025-06-12 15:48:14,43.3574447631836,-8.8449764251709,"Unknown"
"7014851",371865,2025-06-12 15:53:15,43.3574409484863,-8.84494781494141,"Unknown"
"7014851",371865,2025-06-12 15:58:31,43.3573913574219,-8.84506797790527,"Unknown"
"7014851",371865,2025-06-12 16:03:15,43.3575134277344,-8.8449535369873,"Unknown"
"7014851",371865,2025-06-12 16:08:15,43.3574562072754,-8.84492206573486,"Unknown"
"7014851",371865,2025-06-12 16:13:14,43.3574104309082,-8.8449239730835,"Unknown"
"7014851",371865,2025-06-12 16:18:13,43.3801231384277,-8.85147571563721,"Unknown"
"7014851",371865,2025-06-12 16:23:13,43.409481048584,-8.86077308654785,"Unknown"
"7014851",371865,2025-06-12 16:28:13,43.4326515197754,-8.88155651092529,"Unknown"
"7014851",371865,2025-06-12 16:33:13,43.4631690979004,-8.88780117034912,"Unknown"
"7014851",371865,2025-06-12 16:38:13,43.4943580627441,-8.89382266998291,"Unknown"
"7014851",371865,2025-06-12 16:43:13,43.5105972290039,-8.90964603424072,"Unknown"
"7014851",371865,2025-06-12 16:48:13,43.5301399230957,-8.93598365783691,"Unknown"
"7014851",371865,2025-06-12 16:53:13,43.5362663269043,-8.96435451507568,"Unknown"
"7014851",371865,2025-06-12 16:58:13,43.5473899841309,-8.98672008514404,"Unknown"
"7014851",371865,2025-06-12 17:03:14,43.5367240905762,-8.99565410614014,"Unknown"
"7014851",371865,2025-06-12 17:08:41,43.528694152832,-9.01449584960938,"Unknown"
"7014851",371865,2025-06-12 17:13:14,43.5137252807617,-8.99380779266357,"Unknown"
"7014851",371865,2025-06-12 17:18:25,43.4951438903809,-8.96000385284424,"Unknown"
"7014851",371865,2025-06-12 17:23:24,43.4790077209473,-8.92126178741455,"Unknown"
"7014851",371865,2025-06-12 17:28:25,43.4569206237793,-8.8982048034668,"Unknown"
"7014851",371865,2025-06-12 17:34:13,43.4286804199219,-8.87533473968506,"Unknown"
"7014851",371865,2025-06-12 17:38:15,43.4076118469238,-8.86320018768311,"Unknown"
"7014851",371865,2025-06-12 17:43:24,43.3799285888672,-8.85207748413086,"Unknown"
"7014851",371865,2025-06-12 17:48:24,43.3574981689453,-8.84493160247803,"Unknown"
"7014851",371865,2025-06-12 17:53:32,43.3574829101562,-8.84491157531738,"Unknown"
"7014851",371865,2025-06-12 17:58:35,43.357551574707,-8.84497737884521,"Unknown"
"7014851",371865,2025-06-12 18:03:19,43.3575325012207,-8.845046043396,"Unknown"
"7014851",371865,2025-06-12 18:08:24,43.3575096130371,-8.84501361846924,"Unknown"
"7014851",371865,2025-06-12 18:13:13,43.3577499389648,-8.84486484527588,"Unknown"
"7014851",371865,2025-06-12 18:18:18,43.3578300476074,-8.84484004974365,"Unknown"
"7014851",371865,2025-06-12 18:23:21,43.3575782775879,-8.8450927734375,"Unknown"
"7014851",371865,2025-06-12 18:28:14,43.3575401306152,-8.84503078460693,"Unknown"
"7014851",371865,2025-06-12 18:33:44,43.3575744628906,-8.8450174331665,"Unknown"
"7014851",371865,2025-06-12 18:38:13,43.3575592041016,-8.84500026702881,"Unknown"
"7014851",371865,2025-06-12 18:43:15,43.3575630187988,-8.84503078460693,"Unknown"
"7014851",371865,2025-06-12 18:48:13,43.3575210571289,-8.84497356414795,"Unknown"
"7014851",371865,2025-06-12 18:53:15,43.357536315918,-8.84507465362549,"Unknown"
"7014851",371865,2025-06-12 18:58:18,43.3575706481934,-8.84513568878174,"Unknown"
"7014851",371865,2025-06-12 19:03:15,43.3575668334961,-8.84524917602539,"Unknown"
"7014851",371865,2025-06-12 19:08:14,43.3575286865234,-8.84519004821777,"Unknown"
"7014851",371865,2025-06-12 19:13:14,43.3576202392578,-8.84504890441895,"Unknown"
"7014851",371865,2025-06-12 19:18:21,43.3574905395508,-8.84497165679932,"Unknown"
"7014851",371865,2025-06-12 19:23:14,43.3574714660645,-8.84532642364502,"Unknown"
"7014851",371865,2025-06-12 19:28:13,43.3574066162109,-8.84527111053467,"Unknown"
"7014851",371865,2025-06-12 19:33:15,43.3574829101562,-8.84536647796631,"Unknown"
"7014851",371865,2025-06-12 19:38:17,43.3573875427246,-8.84541034698486,"Unknown"
"7014851",371865,2025-06-12 19:43:25,43.3576812744141,-8.84509372711182,"Unknown"
"7014851",371865,2025-06-12 19:48:25,43.3576507568359,-8.84517669677734,"Unknown"
"7014851",371865,2025-06-12 19:53:25,43.3577079772949,-8.84506034851074,"Unknown"
"7014851",371865,2025-06-12 19:58:15,43.3576393127441,-8.84511470794678,"Unknown"
"7014851",371865,2025-06-12 20:03:13,43.3576393127441,-8.84506988525391,"Unknown"
"7014851",371865,2025-06-12 20:08:15,43.357593536377,-8.84512329101562,"Unknown"
"7014851",371865,2025-06-12 20:13:13,43.3575439453125,-8.84514999389648,"Unknown"
"7014851",371865,2025-06-12 20:18:25,43.3577575683594,-8.84501838684082,"Unknown"
"7014851",371865,2025-06-12 20:23:14,43.3592681884766,-8.84677505493164,"Unknown"
"7014851",371865,2025-06-12 20:28:26,43.3496780395508,-8.80536556243896,"Unknown"
"7014851",371865,2025-06-12 20:33:15,43.3397483825684,-8.78575134277344,"Unknown"
"7014851",371865,2025-06-12 20:38:25,43.3389472961426,-8.7858362197876,"Unknown"
"7014851",371865,2025-06-12 20:43:17,43.335823059082,-8.78649997711182,"Unknown"
"7014851",371865,2025-06-12 20:48:33,43.3513984680176,-8.81809902191162,"Unknown"
"7014851",371865,2025-06-12 20:53:14,43.3568534851074,-8.84590435028076,"Unknown"
"7014851",371865,2025-06-12 20:58:17,43.3574829101562,-8.84518527984619,"Unknown"
"7014851",371865,2025-06-12 21:03:13,43.3574485778809,-8.84489154815674,"Unknown"
"7014851",371865,2025-06-12 21:08:14,43.3575057983398,-8.84490013122559,"Unknown"
"7014851",371865,2025-06-12 21:13:16,43.3574867248535,-8.84478664398193,"Unknown"
"7014851",371865,2025-06-12 21:18:15,43.3575286865234,-8.84480381011963,"Unknown"
"7014851",371865,2025-06-12 21:23:20,43.3569488525391,-8.84477996826172,"Unknown"
"7014851",371865,2025-06-12 21:28:30,43.3567161560059,-8.8448429107666,"Unknown"
"7014851",371865,2025-06-12 21:33:14,43.3574905395508,-8.84474086761475,"Unknown"
"7014851",371865,2025-06-12 21:38:13,43.3579063415527,-8.84486389160156,"Unknown"
"7014851",371865,2025-06-12 21:43:25,43.3569412231445,-8.84420299530029,"Unknown"
"7014851",371865,2025-06-12 21:48:18,43.3576622009277,-8.8451566696167,"Unknown"
"7014851",371865,2025-06-12 21:53:16,43.3585090637207,-8.8455696105957,"Unknown"
"7014851",371865,2025-06-12 21:58:14,43.3580513000488,-8.84513568878174,"Unknown"
"7014851",371865,2025-06-12 22:03:20,43.3573036193848,-8.84485244750977,"Unknown"
"7014851",371865,2025-06-12 22:08:19,43.3576278686523,-8.84483814239502,"Unknown"
"7014851",371865,2025-06-12 22:13:13,43.3577003479004,-8.84473991394043,"Unknown"
"7014851",371865,2025-06-12 22:18:15,43.3576545715332,-8.84477519989014,"Unknown"
"7014851",371865,2025-06-12 22:23:15,43.3577308654785,-8.84477424621582,"Unknown"
"7014851",371865,2025-06-12 22:28:14,43.3577461242676,-8.84475517272949,"Unknown"
"7014851",371865,2025-06-12 22:33:15,43.3577499389648,-8.84478759765625,"Unknown"
"7014851",371865,2025-06-12 22:38:16,43.3577079772949,-8.8446741104126,"Unknown"
"7014851",371865,2025-06-12 22:43:17,43.3578567504883,-8.84488677978516,"Unknown"
"7014851",371865,2025-06-12 22:48:15,43.3576583862305,-8.84470176696777,"Unknown"
"7014851",371865,2025-06-12 22:53:16,43.3577079772949,-8.84472370147705,"Unknown"
"7014851",371865,2025-06-12 22:58:14,43.3576774597168,-8.84474086761475,"Unknown"
"7014851",371865,2025-06-12 23:03:14,43.3576393127441,-8.84472370147705,"Unknown"
"7014851",371865,2025-06-12 23:08:14,43.3576202392578,-8.84472465515137,"Unknown"
"7014851",371865,2025-06-12 23:13:14,43.3576049804688,-8.84468078613281,"Unknown"
"7014851",371865,2025-06-12 23:18:14,43.3576850891113,-8.84467506408691,"Unknown"
"7014851",371865,2025-06-12 23:23:14,43.3576202392578,-8.84471321105957,"Unknown"
"7014851",371865,2025-06-12 23:28:14,43.3576393127441,-8.8447093963623,"Unknown"
"7014851",371865,2025-06-12 23:33:14,43.3575553894043,-8.84468078613281,"Unknown"
"7014851",371865,2025-06-12 23:38:13,43.3576240539551,-8.84474086761475,"Unknown"
"7014851",371865,2025-06-12 23:43:13,43.3576011657715,-8.8447437286377,"Unknown"
"7014851",371865,2025-06-12 23:48:28,43.3575859069824,-8.84474563598633,"Unknown"
"7014851",371865,2025-06-12 23:53:14,43.3575210571289,-8.84472942352295,"Unknown"
"7014851",371865,2025-06-12 23:58:15,43.3575973510742,-8.84474182128906,"Unknown"
"7014851",371865,2025-06-13 00:03:15,43.3576164245605,-8.8447380065918,"Unknown"
"7014851",371865,2025-06-13 00:08:14,43.3576545715332,-8.84474182128906,"Unknown"
"7014851",371865,2025-06-13 00:13:13,43.3576965332031,-8.8448429107666,"Unknown"
"7014851",371865,2025-06-13 00:18:24,43.3577575683594,-8.84476947784424,"Unknown"
"7014851",371865,2025-06-13 00:23:18,43.3576736450195,-8.84484767913818,"Unknown"
"7014851",371865,2025-06-13 00:28:24,43.3577461242676,-8.84484195709229,"Unknown"
"7014851",371865,2025-06-13 00:33:24,43.3577728271484,-8.84490776062012,"Unknown"
"7014851",371865,2025-06-13 00:38:24,43.3576927185059,-8.84491157531738,"Unknown"
"7014851",371865,2025-06-13 00:43:24,43.3577270507812,-8.84492588043213,"Unknown"
"7014851",371865,2025-06-13 00:48:35,43.3575401306152,-8.84503269195557,"Unknown"
"7014851",371865,2025-06-13 00:53:11,43.3575553894043,-8.84502410888672,"Unknown"
"7014851",371865,2025-06-13 00:58:11,43.3574905395508,-8.84495449066162,"Unknown"
"7014851",371865,2025-06-13 01:03:11,43.3575820922852,-8.84498119354248,"Unknown"
"7014851",371865,2025-06-13 01:08:12,43.357536315918,-8.84496593475342,"Unknown"
"7014851",371865,2025-06-13 01:13:11,43.3575019836426,-8.84497547149658,"Unknown"
"7014851",371865,2025-06-13 01:18:12,43.3574638366699,-8.84488391876221,"Unknown"
"7014851",371865,2025-06-13 01:23:14,43.3574676513672,-8.84488487243652,"Unknown"
"7014851",371865,2025-06-13 01:28:13,43.3574829101562,-8.84487342834473,"Unknown"
"7014851",371865,2025-06-13 01:33:14,43.3575553894043,-8.84492588043213,"Unknown"
"7014851",371865,2025-06-13 01:38:15,43.3575630187988,-8.84495067596436,"Unknown"
"7014851",371865,2025-06-13 01:43:24,43.3576889038086,-8.84504985809326,"Unknown"
"7014851",371865,2025-06-13 01:48:19,43.3576545715332,-8.84504413604736,"Unknown"
"7014851",371865,2025-06-13 01:53:19,43.3577117919922,-8.84508228302002,"Unknown"
"7014851",371865,2025-06-13 01:58:19,43.3576316833496,-8.8450231552124,"Unknown"
"7014851",371865,2025-06-13 02:03:19,43.357593536377,-8.84507751464844,"Unknown"
"7014851",371865,2025-06-13 02:08:35,43.3575897216797,-8.8450403213501,"Unknown"
"7014851",371865,2025-06-13 02:13:11,43.3576278686523,-8.84499931335449,"Unknown"
"7014851",371865,2025-06-13 02:18:12,43.3575744628906,-8.8450756072998,"Unknown"
"7014851",371865,2025-06-13 02:23:11,43.3575782775879,-8.84505748748779,"Unknown"
"7014851",371865,2025-06-13 02:28:12,43.3575859069824,-8.84496879577637,"Unknown"
"7014851",371865,2025-06-13 02:33:12,43.3575859069824,-8.84492778778076,"Unknown"
"7014851",371865,2025-06-13 02:38:24,43.357608795166,-8.84497547149658,"Unknown"
"7014851",371865,2025-06-13 02:43:12,43.3576965332031,-8.84468746185303,"Unknown"
"7014851",371865,2025-06-13 02:48:21,43.3576354980469,-8.84486961364746,"Unknown"
"7014851",371865,2025-06-13 02:53:18,43.3575592041016,-8.84506702423096,"Unknown"
"7014851",371865,2025-06-13 02:58:19,43.3575630187988,-8.84504318237305,"Unknown"
"7014851",371865,2025-06-13 03:03:15,43.3576622009277,-8.84492683410645,"Unknown"
"7014851",371865,2025-06-13 03:08:32,43.3576698303223,-8.844801902771,"Unknown"
"7014851",371865,2025-06-13 03:13:19,43.3576622009277,-8.84494018554688,"Unknown"
"7014851",371865,2025-06-13 03:18:25,43.3576965332031,-8.84488964080811,"Unknown"
"7014851",371865,2025-06-13 03:23:26,43.3576583862305,-8.84489727020264,"Unknown"
"7014851",371865,2025-06-13 03:28:17,43.3565979003906,-8.84276008605957,"Unknown"
"7014851",371865,2025-06-13 03:33:14,43.3520278930664,-8.8134126663208,"Unknown"
"7014851",371865,2025-06-13 03:38:15,43.3528861999512,-8.79339027404785,"Unknown"
"7014851",371865,2025-06-13 03:43:23,43.3336563110352,-8.78892517089844,"Unknown"
"7014851",371865,2025-06-13 03:48:24,43.3312606811523,-8.78919506072998,"Unknown"
"7014851",371865,2025-06-13 03:53:24,43.3319702148438,-8.78972625732422,"Unknown"
"7014851",371865,2025-06-13 03:58:24,43.3222312927246,-8.7910795211792,"Unknown"
"7014851",371865,2025-06-13 04:03:24,43.3229827880859,-8.79099655151367,"Unknown"
"7014851",371865,2025-06-13 04:08:24,43.3246421813965,-8.79502868652344,"Unknown"
"7014851",371865,2025-06-13 04:13:13,43.3426628112793,-8.79504680633545,"Unknown"
"7014851",371865,2025-06-13 04:18:23,43.3705062866211,-8.78633785247803,"Unknown"
"7014851",371865,2025-06-13 04:23:13,43.368953704834,-8.8026008605957,"Unknown"
"7014851",371865,2025-06-13 04:28:12,43.3561859130859,-8.79728889465332,"Unknown"
"7014851",371865,2025-06-13 04:33:16,43.3548698425293,-8.79735088348389,"Unknown"
"7014851",371865,2025-06-13 04:38:24,43.3544921875,-8.79868316650391,"Unknown"
"7014851",371865,2025-06-13 04:43:16,43.3537330627441,-8.79925918579102,"Unknown"
"7014851",371865,2025-06-13 04:48:44,43.3527603149414,-8.79852199554443,"Unknown"
"7014851",371865,2025-06-13 04:53:15,43.3521499633789,-8.79852771759033,"Unknown"
"7014851",371865,2025-06-13 04:58:12,43.3518524169922,-8.79972839355469,"Unknown"
"7014851",371865,2025-06-13 05:03:15,43.3577117919922,-8.80405712127686,"Unknown"
"7014851",371865,2025-06-13 05:08:19,43.3580513000488,-8.84025478363037,"Unknown"
"7014851",371865,2025-06-13 05:13:14,43.357349395752,-8.84444427490234,"Unknown"
"7014851",371865,2025-06-13 05:18:12,43.3575782775879,-8.84518814086914,"Unknown"
"7014851",371865,2025-06-13 05:23:21,43.357349395752,-8.84502124786377,"Unknown"
"7014851",371865,2025-06-13 05:28:12,43.357048034668,-8.84512805938721,"Unknown"
"7014851",371865,2025-06-13 05:33:12,43.3573837280273,-8.84487247467041,"Unknown"
"7014851",371865,2025-06-13 05:38:16,43.3573837280273,-8.84462642669678,"Unknown"
"7014851",371865,2025-06-13 05:43:15,43.3575172424316,-8.84512233734131,"Unknown"
"7014851",371865,2025-06-13 05:48:13,43.357177734375,-8.84495544433594,"Unknown"
"7014851",371865,2025-06-13 05:53:12,43.3573532104492,-8.8448486328125,"Unknown"
"7014851",371865,2025-06-13 05:58:14,43.3571090698242,-8.8449010848999,"Unknown"
"7014851",371865,2025-06-13 06:03:12,43.3571472167969,-8.84483051300049,"Unknown"
"7014851",371865,2025-06-13 06:08:13,43.3573188781738,-8.84457588195801,"Unknown"
"7014851",371865,2025-06-13 06:13:14,43.3571968078613,-8.84454536437988,"Unknown"
"7014851",371865,2025-06-13 06:18:12,43.3572425842285,-8.84476470947266,"Unknown"
"7014851",371865,2025-06-13 06:23:13,43.3573341369629,-8.84465980529785,"Unknown"
"7014851",371865,2025-06-13 06:28:16,43.3573455810547,-8.84476184844971,"Unknown"
"7014851",371865,2025-06-13 06:33:16,43.3575477600098,-8.84494018554688,"Unknown"
"7014851",371865,2025-06-13 06:38:14,43.3573837280273,-8.84481239318848,"Unknown"
"7014851",371865,2025-06-13 06:43:13,43.3574371337891,-8.84517955780029,"Unknown"
"7014851",371865,2025-06-13 06:48:13,43.3807830810547,-8.84170246124268,"Unknown"
"7014851",371865,2025-06-13 06:53:15,43.3857269287109,-8.84031772613525,"Unknown"
"7014851",371865,2025-06-13 06:58:12,43.3854675292969,-8.84036827087402,"Unknown"
"7014851",371865,2025-06-13 07:03:13,43.3747062683105,-8.84855461120605,"Unknown"
"7014851",371865,2025-06-13 07:08:16,43.3862991333008,-8.83588218688965,"Unknown"
"7014851",371865,2025-06-13 07:13:19,43.3873252868652,-8.83460521697998,"Unknown"
"7014851",371865,2025-06-13 07:18:12,43.382495880127,-8.82967758178711,"Unknown"
"7014851",371865,2025-06-13 07:23:13,43.3764801025391,-8.85789203643799,"Unknown"
"7014851",371865,2025-06-13 07:28:13,43.3797225952148,-8.85634136199951,"Unknown"
"7014851",371865,2025-06-13 07:33:13,43.3811454772949,-8.85903453826904,"Unknown"
"7014851",371865,2025-06-13 07:38:15,43.3812713623047,-8.85930252075195,"Unknown"
"7014851",371865,2025-06-13 07:43:13,43.3768653869629,-8.84860801696777,"Unknown"
"7014851",371865,2025-06-13 07:48:13,43.3699645996094,-8.83897876739502,"Unknown"
"7014851",371865,2025-06-13 07:53:12,43.3629531860352,-8.82848739624023,"Unknown"
"7014851",371865,2025-06-13 07:58:13,43.3578948974609,-8.84520816802979,"Unknown"
"7014851",371865,2025-06-13 08:03:14,43.3571281433105,-8.84581756591797,"Unknown"
"7014851",371865,2025-06-13 08:08:16,43.3571510314941,-8.84550380706787,"Unknown"
"7014851",371865,2025-06-13 08:13:13,43.3704948425293,-8.85286426544189,"Unknown"
"7014851",371865,2025-06-13 08:18:13,43.3833694458008,-8.83633136749268,"Unknown"
"7014851",371865,2025-06-13 08:23:12,43.3786659240723,-8.82874298095703,"Unknown"
"7014851",371865,2025-06-13 08:28:13,43.3832702636719,-8.83767127990723,"Unknown"
"7014851",371865,2025-06-13 08:33:13,43.3837738037109,-8.83574485778809,"Unknown"
"7014851",371865,2025-06-13 08:38:13,43.3682632446289,-8.87252426147461,"Unknown"
"7014851",371865,2025-06-13 08:43:13,43.3485679626465,-8.87378311157227,"Unknown"
"7014851",371865,2025-06-13 08:48:15,43.3587379455566,-8.8460521697998,"Unknown"
"7014851",371865,2025-06-13 08:53:15,43.3572807312012,-8.84518241882324,"Unknown"
"7014851",371865,2025-06-13 08:58:15,43.3573608398438,-8.84511756896973,"Unknown"
"7014851",371865,2025-06-13 09:03:14,43.3574256896973,-8.84493064880371,"Unknown"
"7014851",371865,2025-06-13 09:08:14,43.357494354248,-8.84489059448242,"Unknown"
"7014851",371865,2025-06-13 09:13:14,43.3574829101562,-8.84481525421143,"Unknown"
"7014851",371865,2025-06-13 09:18:16,43.3576202392578,-8.84496021270752,"Unknown"
"7014851",371865,2025-06-13 09:23:14,43.3576850891113,-8.84463882446289,"Unknown"
"7014851",371865,2025-06-13 09:28:14,43.3577079772949,-8.84465503692627,"Unknown"
"7014851",371865,2025-06-13 09:33:14,43.357780456543,-8.84463119506836,"Unknown"
"7014851",371865,2025-06-13 09:38:13,43.3577728271484,-8.84471130371094,"Unknown"
"7014851",371865,2025-06-13 09:43:13,43.3577346801758,-8.84471607208252,"Unknown"
"7014851",371865,2025-06-13 09:48:14,43.357795715332,-8.84465885162354,"Unknown"
"7014851",371865,2025-06-13 09:53:13,43.3575019836426,-8.84459114074707,"Unknown"
"7014851",371865,2025-06-13 09:58:13,43.3578796386719,-8.84473419189453,"Unknown"
"7014851",371865,2025-06-13 10:03:13,43.3579177856445,-8.84468841552734,"Unknown"
"7014851",371865,2025-06-13 10:08:13,43.3578643798828,-8.84468841552734,"Unknown"
"7014851",371865,2025-06-13 10:13:14,43.3578071594238,-8.84465980529785,"Unknown"
"7014851",371865,2025-06-13 10:18:14,43.3579444885254,-8.84427261352539,"Unknown"
"7014851",371865,2025-06-13 10:23:14,43.3576545715332,-8.84516143798828,"Unknown"
"7014851",371865,2025-06-13 10:28:13,43.3576507568359,-8.84501457214355,"Unknown"
"7014851",371865,2025-06-13 10:33:13,43.3577270507812,-8.84507465362549,"Unknown"
"7014851",371865,2025-06-13 10:38:13,43.3577423095703,-8.84520816802979,"Unknown"
"7014851",371865,2025-06-13 10:43:14,43.357593536377,-8.8456974029541,"Unknown"
"7014851",371865,2025-06-13 10:48:15,43.357479095459,-8.84702110290527,"Unknown"
"7014851",371865,2025-06-13 10:53:15,43.357666015625,-8.84560585021973,"Unknown"
"7014851",371865,2025-06-13 10:58:12,43.357852935791,-8.84494686126709,"Unknown"
"7014851",371865,2025-06-13 11:03:16,43.3579902648926,-8.84481620788574,"Unknown"
"7014851",371865,2025-06-13 11:08:24,43.3580589294434,-8.84457397460938,"Unknown"
"7014851",371865,2025-06-13 11:13:14,43.3580017089844,-8.84465408325195,"Unknown"
"7014851",371865,2025-06-13 11:18:13,43.3580284118652,-8.84523296356201,"Unknown"
"7014851",371865,2025-06-13 11:23:14,43.358081817627,-8.8442211151123,"Unknown"
"7014851",371865,2025-06-13 11:28:13,43.3580551147461,-8.8442497253418,"Unknown"
"7014851",371865,2025-06-13 11:33:13,43.3580894470215,-8.84467887878418,"Unknown"
"7014851",371865,2025-06-13 11:38:13,43.3580131530762,-8.8448429107666,"Unknown"
"7014851",371865,2025-06-13 11:43:20,43.3579940795898,-8.84464454650879,"Unknown"
"7014851",371865,2025-06-13 11:48:13,43.3577537536621,-8.84518814086914,"Unknown"
"7014851",371865,2025-06-13 11:53:13,43.3580360412598,-8.8447322845459,"Unknown"
"7014851",371865,2025-06-13 11:58:13,43.3580169677734,-8.84493160247803,"Unknown"
"7014851",371865,2025-06-13 12:03:13,43.3581199645996,-8.84525775909424,"Unknown"
"7014851",371865,2025-06-13 12:08:13,43.3577117919922,-8.84515380859375,"Unknown"
"7014851",371865,2025-06-13 12:13:14,43.357738494873,-8.84524345397949,"Unknown"
"7014851",371865,2025-06-13 12:18:13,43.3577766418457,-8.84521579742432,"Unknown"
"7014851",371865,2025-06-13 12:23:13,43.3576202392578,-8.8451042175293,"Unknown"
"7014851",371865,2025-06-13 12:28:13,43.3576126098633,-8.84498405456543,"Unknown"
"7014851",371865,2025-06-13 12:33:13,43.3576011657715,-8.84511947631836,"Unknown"
"7014851",371865,2025-06-13 12:38:12,43.3575744628906,-8.84514713287354,"Unknown"
"7014851",371865,2025-06-13 12:43:13,43.3576126098633,-8.84519863128662,"Unknown"
"7014851",371865,2025-06-13 12:48:17,43.3577537536621,-8.84524536132812,"Unknown"
"7014851",371865,2025-06-13 12:53:13,43.3575820922852,-8.84518527984619,"Unknown"
"7014851",371865,2025-06-13 12:58:13,43.3576202392578,-8.84509944915771,"Unknown"
"7014851",371865,2025-06-13 13:03:13,43.3576049804688,-8.84521198272705,"Unknown"
"7014851",371865,2025-06-13 13:08:13,43.3576469421387,-8.84518814086914,"Unknown"
"7014851",371865,2025-06-13 13:13:13,43.3575706481934,-8.84518337249756,"Unknown"
"7014851",371865,2025-06-13 13:18:15,43.3576316833496,-8.84520816802979,"Unknown"
"7014851",371865,2025-06-13 13:23:12,43.3576164245605,-8.84518814086914,"Unknown"
"7014851",371865,2025-06-13 13:28:12,43.3576622009277,-8.84519958496094,"Unknown"
"7014851",371865,2025-06-13 13:33:12,43.3577194213867,-8.84511089324951,"Unknown"
"7014851",371865,2025-06-13 13:38:13,43.3578872680664,-8.84513759613037,"Unknown"
"7014851",371865,2025-06-13 13:43:12,43.3577575683594,-8.84511566162109,"Unknown"
"7014851",371865,2025-06-13 13:48:12,43.3577499389648,-8.84507846832275,"Unknown"
"7014851",371865,2025-06-13 13:53:12,43.3677139282227,-8.8588285446167,"Unknown"
"7014851",371865,2025-06-13 13:58:12,43.3687133789062,-8.88902759552002,"Unknown"
"7014851",371865,2025-06-13 14:03:12,43.3622207641602,-8.91720104217529,"Unknown"
"7014851",371865,2025-06-13 14:08:11,43.3454895019531,-8.93595027923584,"Unknown"
"7014851",371865,2025-06-13 14:13:11,43.3388442993164,-8.96225261688232,"Unknown"
"7014851",371865,2025-06-13 14:18:11,43.3231468200684,-8.97967910766602,"Unknown"
"7014851",371865,2025-06-13 14:23:11,43.3444557189941,-8.9912805557251,"Unknown"
"7014851",371865,2025-06-13 14:28:11,43.3532447814941,-9.00298595428467,"Unknown"
"7014851",371865,2025-06-13 14:33:11,43.3491325378418,-9.01533031463623,"Unknown"
"7014851",371865,2025-06-13 14:38:11,43.3514404296875,-9.00542831420898,"Unknown"
"7014851",371865,2025-06-13 14:43:11,43.3263473510742,-8.9649543762207,"Unknown"
"7014851",371865,2025-06-13 14:48:11,43.3381080627441,-8.95373916625977,"Unknown"
"7014851",371865,2025-06-13 14:53:11,43.3256607055664,-8.96540355682373,"Unknown"
"7014851",371865,2025-06-13 14:58:11,43.3296356201172,-8.96444225311279,"Unknown"
"7014851",371865,2025-06-13 15:03:11,43.3583488464355,-8.9572582244873,"Unknown"
"7014851",371865,2025-06-13 15:08:11,43.3722801208496,-8.97638511657715,"Unknown"
"7014851",371865,2025-06-13 15:13:11,43.3754081726074,-9.00917339324951,"Unknown"
"7014851",371865,2025-06-13 15:18:11,43.3783493041992,-9.03942584991455,"Unknown"
"7014851",371865,2025-06-13 15:23:12,43.3768997192383,-9.06196880340576,"Unknown"
"7014851",371865,2025-06-13 15:28:12,43.3775939941406,-9.08820819854736,"Unknown"
"7014851",371865,2025-06-13 15:33:11,43.4052391052246,-9.09511661529541,"Unknown"
"7014851",371865,2025-06-13 15:38:11,43.4262237548828,-9.07702350616455,"Unknown"
"7014851",371865,2025-06-13 15:43:14,43.4168853759766,-9.07394218444824,"Unknown"
"7014851",371865,2025-06-13 15:48:12,43.4047470092773,-9.06971740722656,"Unknown"
"7014851",371865,2025-06-13 15:53:11,43.3933982849121,-9.0649471282959,"Unknown"
"7014851",371865,2025-06-13 15:58:11,43.3815383911133,-9.06058216094971,"Unknown"
"7014851",371865,2025-06-13 16:03:11,43.3725166320801,-9.05587196350098,"Unknown"
"7014851",371865,2025-06-13 16:08:11,43.3600997924805,-9.05008602142334,"Unknown"
"7014851",371865,2025-06-13 16:13:11,43.3483734130859,-9.04459190368652,"Unknown"
"7014851",371865,2025-06-13 16:18:11,43.3424301147461,-9.00452041625977,"Unknown"
"7014851",371865,2025-06-13 16:23:11,43.3456993103027,-8.94729709625244,"Unknown"
"7014851",371865,2025-06-13 16:28:12,43.3527641296387,-8.88223171234131,"Unknown"
"7014851",371865,2025-06-13 16:33:12,43.3578338623047,-8.84509944915771,"Unknown"
"7014851",371865,2025-06-13 16:38:15,43.3578033447266,-8.84500694274902,"Unknown"
"7014851",371865,2025-06-13 16:43:24,43.3579444885254,-8.8450345993042,"Unknown"
"7014851",371865,2025-06-13 16:48:18,43.3581085205078,-8.84530448913574,"Unknown"
"7014851",371865,2025-06-13 16:53:14,43.3577461242676,-8.84471321105957,"Unknown"
"7014851",371865,2025-06-13 16:58:11,43.3575820922852,-8.84478664398193,"Unknown"
"7014851",371865,2025-06-13 17:03:16,43.3579750061035,-8.84518623352051,"Unknown"
"7014851",371865,2025-06-13 17:08:15,43.3580513000488,-8.84549045562744,"Unknown"
"7014851",371865,2025-06-13 17:13:18,43.3580894470215,-8.84542465209961,"Unknown"
"7014851",371865,2025-06-13 17:18:35,43.3576736450195,-8.84506130218506,"Unknown"
"7014851",371865,2025-06-13 17:23:11,43.3578796386719,-8.84479331970215,"Unknown"
"7014851",371865,2025-06-13 17:28:15,43.3575668334961,-8.84511470794678,"Unknown"
"7014851",371865,2025-06-13 17:33:13,43.3578987121582,-8.84510803222656,"Unknown"
"7014851",371865,2025-06-13 17:38:13,43.3576507568359,-8.84528827667236,"Unknown"
"7014851",371865,2025-06-13 17:43:11,43.3579368591309,-8.84497356414795,"Unknown"
"7014851",371865,2025-06-13 17:48:13,43.3581123352051,-8.84456825256348,"Unknown"
"7014851",371865,2025-06-13 17:53:12,43.3581695556641,-8.84492683410645,"Unknown"
"7014851",371865,2025-06-13 17:58:13,43.3577041625977,-8.84537696838379,"Unknown"
"7014851",371865,2025-06-13 18:03:11,43.3576126098633,-8.8447961807251,"Unknown"
"7014851",371865,2025-06-13 18:08:13,43.3577537536621,-8.84512710571289,"Unknown"
"7014851",371865,2025-06-13 18:13:11,43.3623352050781,-8.84906959533691,"Unknown"
"7014851",371865,2025-06-13 18:18:21,43.3892860412598,-8.87175846099854,"Unknown"
"7014851",371865,2025-06-13 18:23:11,43.4056091308594,-8.90246391296387,"Unknown"
"7014851",371865,2025-06-13 18:28:11,43.4348297119141,-8.92702293395996,"Unknown"
"7014851",371865,2025-06-13 18:33:16,43.4754600524902,-8.93807220458984,"Unknown"
"7014851",371865,2025-06-13 18:38:12,43.4958572387695,-8.96783351898193,"Unknown"
"7014851",371865,2025-06-13 18:43:11,43.513801574707,-8.9991455078125,"Unknown"
"7014851",371865,2025-06-13 18:48:11,43.5434761047363,-9.01500701904297,"Unknown"
"7014851",371865,2025-06-13 18:53:11,43.5456504821777,-9.01068687438965,"Unknown"
"7014851",371865,2025-06-13 18:58:11,43.5345573425293,-8.97486877441406,"Unknown"
"7014851",371865,2025-06-13 19:03:11,43.5133094787598,-8.96024131774902,"Unknown"
"7014851",371865,2025-06-13 19:08:11,43.4918022155762,-8.94237232208252,"Unknown"
"7014851",371865,2025-06-13 19:13:11,43.4695777893066,-8.92429447174072,"Unknown"
"7014851",371865,2025-06-13 19:18:11,43.4470634460449,-8.91037559509277,"Unknown"
"7014851",371865,2025-06-13 19:23:11,43.4239807128906,-8.89628410339355,"Unknown"
"7014851",371865,2025-06-13 19:28:11,43.4052963256836,-8.90022945404053,"Unknown"
"7014851",371865,2025-06-13 19:33:11,43.3842697143555,-8.87648391723633,"Unknown"
"7014851",371865,2025-06-13 19:38:11,43.3630218505859,-8.85091495513916,"Unknown"
"7014851",371865,2025-06-13 19:43:13,43.3577880859375,-8.84527206420898,"Unknown"
"7014851",371865,2025-06-13 19:48:11,43.3579864501953,-8.84521007537842,"Unknown"
"7014851",371865,2025-06-13 19:53:11,43.3572845458984,-8.84451484680176,"Unknown"
"7014851",371865,2025-06-13 19:58:11,43.3576736450195,-8.84522247314453,"Unknown"
"7014851",371865,2025-06-13 20:03:11,43.358211517334,-8.84495639801025,"Unknown"
"7014851",371865,2025-06-13 20:08:15,43.3577461242676,-8.84526824951172,"Unknown"
"7014851",371865,2025-06-13 20:13:11,43.357723236084,-8.84527397155762,"Unknown"
"7014851",371865,2025-06-13 20:18:12,43.3576583862305,-8.84525012969971,"Unknown"
"7014851",371865,2025-06-13 20:23:12,43.3571510314941,-8.84564685821533,"Unknown"
"7014851",371865,2025-06-13 20:28:13,43.3576011657715,-8.84527778625488,"Unknown"
"7014851",371865,2025-06-13 20:33:13,43.3575172424316,-8.84532833099365,"Unknown"
"7014851",371865,2025-06-13 20:38:15,43.3575439453125,-8.84516429901123,"Unknown"
"7014851",371865,2025-06-13 20:43:16,43.3575477600098,-8.84535121917725,"Unknown"
"7014851",371865,2025-06-13 20:48:12,43.3575134277344,-8.84524822235107,"Unknown"
"7014851",371865,2025-06-13 20:53:13,43.3573913574219,-8.84528064727783,"Unknown"
"7014851",371865,2025-06-13 20:58:12,43.3576316833496,-8.84503078460693,"Unknown"
"7014851",371865,2025-06-13 21:03:15,43.3574905395508,-8.84513092041016,"Unknown"
"7014851",371865,2025-06-13 21:08:18,43.3577575683594,-8.84506511688232,"Unknown"
"7014851",371865,2025-06-13 21:13:12,43.3575630187988,-8.84482097625732,"Unknown"
"7014851",371865,2025-06-13 21:18:12,43.357608795166,-8.84485149383545,"Unknown"
"7014851",371865,2025-06-13 21:23:12,43.3574714660645,-8.84477996826172,"Unknown"
"7014851",371865,2025-06-13 21:28:13,43.3578567504883,-8.84497547149658,"Unknown"
"7014851",371865,2025-06-13 21:33:13,43.3579750061035,-8.84496688842773,"Unknown"
"7014851",371865,2025-06-13 21:38:22,43.3579978942871,-8.84494304656982,"Unknown"
"7014851",371865,2025-06-13 21:43:12,43.3571853637695,-8.84422969818115,"Unknown"
"7014851",371865,2025-06-13 21:48:15,43.3581161499023,-8.84507083892822,"Unknown"
"7014851",371865,2025-06-13 21:53:19,43.3580665588379,-8.84501838684082,"Unknown"
"7014851",371865,2025-06-13 21:58:22,43.3580780029297,-8.84490966796875,"Unknown"
"7014851",371865,2025-06-13 22:03:19,43.3579025268555,-8.84539985656738,"Unknown"
"7014851",371865,2025-06-13 22:08:13,43.357852935791,-8.84545707702637,"Unknown"
"7014851",371865,2025-06-13 22:13:19,43.3575782775879,-8.84540939331055,"Unknown"
"7014851",371865,2025-06-13 22:18:13,43.3574981689453,-8.84529781341553,"Unknown"
"7014851",371865,2025-06-13 22:23:16,43.3578262329102,-8.84526920318604,"Unknown"
"7014851",371865,2025-06-13 22:28:12,43.3580322265625,-8.84526920318604,"Unknown"
"7014851",371865,2025-06-13 22:33:13,43.3582344055176,-8.84552478790283,"Unknown"
"7014851",371865,2025-06-13 22:38:12,43.3582191467285,-8.84547138214111,"Unknown"
"7014851",371865,2025-06-13 22:43:11,43.3581466674805,-8.84528255462646,"Unknown"
"7014851",371865,2025-06-13 22:48:12,43.3579711914062,-8.84525012969971,"Unknown"
"7014851",371865,2025-06-13 22:53:12,43.3579177856445,-8.84521865844727,"Unknown"
"7014851",371865,2025-06-13 22:58:12,43.3578987121582,-8.84493732452393,"Unknown"
"7014851",371865,2025-06-13 23:03:11,43.3578872680664,-8.84523868560791,"Unknown"
"7014851",371865,2025-06-13 23:08:12,43.3579292297363,-8.84531402587891,"Unknown"
"7014851",371865,2025-06-13 23:13:12,43.3578987121582,-8.84493923187256,"Unknown"
"7014851",371865,2025-06-13 23:18:11,43.3578720092773,-8.84524917602539,"Unknown"
"7014851",371865,2025-06-13 23:23:12,43.3579254150391,-8.84522914886475,"Unknown"
"7014851",371865,2025-06-13 23:28:12,43.3579444885254,-8.84496688842773,"Unknown"
"7014851",371865,2025-06-13 23:33:12,43.35791015625,-8.84477519989014,"Unknown"
"7014851",371865,2025-06-13 23:38:12,43.3579025268555,-8.84480762481689,"Unknown"
"7014851",371865,2025-06-13 23:43:12,43.3577117919922,-8.84499835968018,"Unknown"
"7014851",371865,2025-06-13 23:48:12,43.3577575683594,-8.84512329101562,"Unknown"
"7014851",371865,2025-06-13 23:53:11,43.3577346801758,-8.84510040283203,"Unknown"
"7014851",371865,2025-06-13 23:58:12,43.3577499389648,-8.84519386291504,"Unknown"
"7014851",371865,2025-06-14 00:03:11,43.3576965332031,-8.84503173828125,"Unknown"
"7014851",371865,2025-06-14 00:08:11,43.3577270507812,-8.84494590759277,"Unknown"
"7014851",371865,2025-06-14 00:13:11,43.3577461242676,-8.84497356414795,"Unknown"
"7014851",371865,2025-06-14 00:18:15,43.3577461242676,-8.84537887573242,"Unknown"
"7014851",371865,2025-06-14 00:23:12,43.3577537536621,-8.84540462493896,"Unknown"
"7014851",371865,2025-06-14 00:28:12,43.3578338623047,-8.84550857543945,"Unknown"
"7014851",371865,2025-06-14 00:33:11,43.3577117919922,-8.8452787399292,"Unknown"
"7014851",371865,2025-06-14 00:38:13,43.3578071594238,-8.84552764892578,"Unknown"
"7014851",371865,2025-06-14 00:43:12,43.3577651977539,-8.84546279907227,"Unknown"
"7014851",371865,2025-06-14 00:48:12,43.3578453063965,-8.84552955627441,"Unknown"
"7014851",371865,2025-06-14 00:53:11,43.3578681945801,-8.84565258026123,"Unknown"
"7014851",371865,2025-06-14 00:58:19,43.3578796386719,-8.84555530548096,"Unknown"
"7014851",371865,2025-06-14 01:03:16,43.3579063415527,-8.84560775756836,"Unknown"
"7014851",371865,2025-06-14 01:08:20,43.3578605651855,-8.84568500518799,"Unknown"
"7014851",371865,2025-06-14 01:13:16,43.3579063415527,-8.84560585021973,"Unknown"
"7014851",371865,2025-06-14 01:18:16,43.3578414916992,-8.84551620483398,"Unknown"
"7014851",371865,2025-06-14 01:23:12,43.3579177856445,-8.84580707550049,"Unknown"
"7014851",371865,2025-06-14 01:28:17,43.3578605651855,-8.84535503387451,"Unknown"
"7014851",371865,2025-06-14 01:33:18,43.3578681945801,-8.84519672393799,"Unknown"
"7014851",371865,2025-06-14 01:38:13,43.3576202392578,-8.84601211547852,"Unknown"
"7014851",371865,2025-06-14 01:43:11,43.3581161499023,-8.84460544586182,"Unknown"
"7014851",371865,2025-06-14 01:48:11,43.3580474853516,-8.84477806091309,"Unknown"
"7014851",371865,2025-06-14 01:53:11,43.358039855957,-8.84475708007812,"Unknown"
"7014851",371865,2025-06-14 01:58:13,43.3579978942871,-8.84477043151855,"Unknown"
"7014851",371865,2025-06-14 02:03:11,43.357982635498,-8.84473133087158,"Unknown"
"7014851",371865,2025-06-14 02:08:13,43.358024597168,-8.84482002258301,"Unknown"
"7014851",371865,2025-06-14 02:13:35,43.3576164245605,-8.84467792510986,"Unknown"
"7014851",371865,2025-06-14 02:18:11,43.3577651977539,-8.84505558013916,"Unknown"
"7014851",371865,2025-06-14 02:23:11,43.3577346801758,-8.84495544433594,"Unknown"
"7014851",371865,2025-06-14 02:28:11,43.357738494873,-8.84490871429443,"Unknown"
"7014851",371865,2025-06-14 02:33:11,43.3577728271484,-8.84501075744629,"Unknown"
"7014851",371865,2025-06-14 02:38:11,43.3577423095703,-8.84495449066162,"Unknown"
"7014851",371865,2025-06-14 02:43:11,43.3577613830566,-8.84490966796875,"Unknown"
"7014851",371865,2025-06-14 02:48:11,43.3577575683594,-8.84497165679932,"Unknown"
"7014851",371865,2025-06-14 02:53:11,43.3577651977539,-8.84484577178955,"Unknown"
"7014851",371865,2025-06-14 02:58:12,43.3577194213867,-8.84480857849121,"Unknown"
"7014851",371865,2025-06-14 03:03:11,43.3577003479004,-8.8449821472168,"Unknown"
"7014851",371865,2025-06-14 03:08:13,43.3577270507812,-8.84489440917969,"Unknown"
"7014851",371865,2025-06-14 03:13:18,43.3577499389648,-8.84505939483643,"Unknown"
"7014851",371865,2025-06-14 03:18:19,43.357723236084,-8.84498023986816,"Unknown"
"7014851",371865,2025-06-14 03:23:19,43.3577270507812,-8.84500789642334,"Unknown"
"7014851",371865,2025-06-14 03:28:19,43.357795715332,-8.84499931335449,"Unknown"
"7014851",371865,2025-06-14 03:33:19,43.3577461242676,-8.84492969512939,"Unknown"
"7014851",371865,2025-06-14 03:38:43,43.3577499389648,-8.84484767913818,"Unknown"
"7014851",371865,2025-06-14 03:43:12,43.3577194213867,-8.8448429107666,"Unknown"
"7014851",371865,2025-06-14 03:48:17,43.3577194213867,-8.84488391876221,"Unknown"
"7014851",371865,2025-06-14 03:53:11,43.3576354980469,-8.8449878692627,"Unknown"
"7014851",371865,2025-06-14 03:58:12,43.3577575683594,-8.84494495391846,"Unknown"
"7014851",371865,2025-06-14 04:03:13,43.3574867248535,-8.8454418182373,"Unknown"
"7014851",371865,2025-06-14 04:08:11,43.3575286865234,-8.84526443481445,"Unknown"
"7014851",371865,2025-06-14 04:13:12,43.3574905395508,-8.84536647796631,"Unknown"
"7014851",371865,2025-06-14 04:18:11,43.3573951721191,-8.84555339813232,"Unknown"
"7014851",371865,2025-06-14 04:23:12,43.3575592041016,-8.84510898590088,"Unknown"
"7014851",371865,2025-06-14 04:28:18,43.3575401306152,-8.84522151947021,"Unknown"
"7014851",371865,2025-06-14 04:33:14,43.3574333190918,-8.84505176544189,"Unknown"
"7014851",371865,2025-06-14 04:38:19,43.3573684692383,-8.84506702423096,"Unknown"
"7014851",371865,2025-06-14 04:43:43,43.357479095459,-8.84498500823975,"Unknown"
"7014851",371865,2025-06-14 04:48:20,43.3573760986328,-8.84496974945068,"Unknown"
"7014851",371865,2025-06-14 04:53:16,43.3574485778809,-8.84494590759277,"Unknown"
"7014851",371865,2025-06-14 04:58:18,43.3574447631836,-8.84480953216553,"Unknown"
"7014851",371865,2025-06-14 05:03:18,43.357421875,-8.84495544433594,"Unknown"
"7014851",371865,2025-06-14 05:08:19,43.3574028015137,-8.84500885009766,"Unknown"
"7014851",371865,2025-06-14 05:13:11,43.3573684692383,-8.84485912322998,"Unknown"
"7014851",371865,2025-06-14 05:18:18,43.3572273254395,-8.84455966949463,"Unknown"
"7014851",371865,2025-06-14 05:23:10,43.3574256896973,-8.84496307373047,"Unknown"
"7014851",371865,2025-06-14 05:28:10,43.3573570251465,-8.86117649078369,"Unknown"
"7014851",371865,2025-06-14 05:33:10,43.3536376953125,-8.88818168640137,"Unknown"
"7014851",371865,2025-06-14 05:38:18,43.3521308898926,-8.887282371521,"Unknown"
"7014851",371865,2025-06-14 05:43:12,43.3522415161133,-8.8867301940918,"Unknown"
"7014851",371865,2025-06-14 05:48:11,43.3542251586914,-8.88175773620605,"Unknown"
"7014851",371865,2025-06-14 05:53:13,43.3582038879395,-8.85466384887695,"Unknown"
"7014851",371865,2025-06-14 05:58:13,43.3574752807617,-8.84494972229004,"Unknown"
"7014851",371865,2025-06-14 06:03:24,43.357536315918,-8.84500980377197,"Unknown"
"7014851",371865,2025-06-14 06:08:11,43.3575706481934,-8.84502506256104,"Unknown"
"7014851",371865,2025-06-14 06:13:10,43.3575820922852,-8.84508991241455,"Unknown"
"7014851",371865,2025-06-14 06:18:11,43.3575477600098,-8.84502983093262,"Unknown"
"7014851",371865,2025-06-14 06:23:16,43.3575325012207,-8.84497356414795,"Unknown"
"7014851",371865,2025-06-14 06:28:17,43.3576240539551,-8.84513568878174,"Unknown"
"7014851",371865,2025-06-14 06:33:15,43.3576164245605,-8.84512901306152,"Unknown"
"7014851",371865,2025-06-14 06:38:19,43.3576507568359,-8.84521293640137,"Unknown"
"7014851",371865,2025-06-14 06:43:30,43.3575325012207,-8.8448600769043,"Unknown"
"7014851",371865,2025-06-14 06:48:27,43.3574981689453,-8.84478664398193,"Unknown"
"7014851",371865,2025-06-14 06:53:13,43.3574714660645,-8.84477806091309,"Unknown"
"7014851",371865,2025-06-14 06:58:13,43.3574371337891,-8.84471607208252,"Unknown"
"7014851",371865,2025-06-14 07:03:21,43.3575401306152,-8.84488487243652,"Unknown"
"7014851",371865,2025-06-14 07:09:05,43.3576164245605,-8.84501838684082,"Unknown"
"7014851",371865,2025-06-14 07:13:18,43.357666015625,-8.84501647949219,"Unknown"
"7014851",371865,2025-06-14 07:18:15,43.3576202392578,-8.84503173828125,"Unknown"
"7014851",371865,2025-06-14 07:23:18,43.357593536377,-8.84505844116211,"Unknown"
"7014851",371865,2025-06-14 07:28:19,43.3575248718262,-8.84511089324951,"Unknown"
"7014851",371865,2025-06-14 07:33:18,43.3576393127441,-8.84499931335449,"Unknown"
"7014851",371865,2025-06-14 07:38:18,43.357593536377,-8.84502506256104,"Unknown"
"7014851",371865,2025-06-14 07:43:18,43.3576278686523,-8.84500026702881,"Unknown"
"7014851",371865,2025-06-14 07:48:19,43.3575973510742,-8.84506511688232,"Unknown"
"7014851",371865,2025-06-14 07:53:18,43.3575820922852,-8.84504413604736,"Unknown"
"7014851",371865,2025-06-14 07:58:18,43.357608795166,-8.84494304656982,"Unknown"
"7014851",371865,2025-06-14 08:03:18,43.3590812683105,-8.86440849304199,"Unknown"
"7014851",371865,2025-06-14 08:08:18,43.3497085571289,-8.88066959381104,"Unknown"
"7014851",371865,2025-06-14 08:13:18,43.3604507446289,-8.9172306060791,"Unknown"
"7014851",371865,2025-06-14 08:18:18,43.3556480407715,-8.92975044250488,"Unknown"
"7014851",371865,2025-06-14 08:23:15,43.3680229187012,-8.92690086364746,"Unknown"
"7014851",371865,2025-06-14 08:28:10,43.3805084228516,-8.93550682067871,"Unknown"
"7014851",371865,2025-06-14 08:33:10,43.3711318969727,-8.91004753112793,"Unknown"
"7014851",371865,2025-06-14 08:38:18,43.3727645874023,-8.90817260742188,"Unknown"
"7014851",371865,2025-06-14 08:43:16,43.3783493041992,-8.90426635742188,"Unknown"
"7014851",371865,2025-06-14 08:48:13,43.3797073364258,-8.9146671295166,"Unknown"
"7014851",371865,2025-06-14 08:53:47,43.4014205932617,-8.93759727478027,"Unknown"
"7014851",371865,2025-06-14 08:58:11,43.4085540771484,-8.93616580963135,"Unknown"
"7014851",371865,2025-06-14 09:03:12,43.4085311889648,-8.93871307373047,"Unknown"
"7014851",371865,2025-06-14 09:08:11,43.4105110168457,-8.93775272369385,"Unknown"
"7014851",371865,2025-06-14 09:13:12,43.4110794067383,-8.93877410888672,"Unknown"
"7014851",371865,2025-06-14 09:18:10,43.4014015197754,-8.91147327423096,"Unknown"
"7014851",371865,2025-06-14 09:23:15,43.3876838684082,-8.87612533569336,"Unknown"
"7014851",371865,2025-06-14 09:28:10,43.3646125793457,-8.84829616546631,"Unknown"
"7014851",371865,2025-06-14 09:33:10,43.3574142456055,-8.84434509277344,"Unknown"
"7014851",371865,2025-06-14 09:38:12,43.3625946044922,-8.8326244354248,"Unknown"
"7014851",371865,2025-06-14 09:43:10,43.3664665222168,-8.78292274475098,"Unknown"
"7014851",371865,2025-06-14 09:48:11,43.3974914550781,-8.76837158203125,"Unknown"
"7014851",371865,2025-06-14 09:53:12,43.4241600036621,-8.77312850952148,"Unknown"
"7014851",371865,2025-06-14 09:58:10,43.4428291320801,-8.77924919128418,"Unknown"
"7014851",371865,2025-06-14 10:03:10,43.4750671386719,-8.78854560852051,"Unknown"
"7014851",371865,2025-06-14 10:08:18,43.5034980773926,-8.81224727630615,"Unknown"
"7014851",371865,2025-06-14 10:13:10,43.517879486084,-8.84535312652588,"Unknown"
"7014851",371865,2025-06-14 10:18:11,43.5262794494629,-8.87719440460205,"Unknown"
"7014851",371865,2025-06-14 10:23:12,43.540340423584,-8.9122257232666,"Unknown"
"7014851",371865,2025-06-14 10:28:17,43.5377807617188,-8.94809818267822,"Unknown"
"7014851",371865,2025-06-14 10:33:13,43.5364799499512,-8.9817590713501,"Unknown"
"7014851",371865,2025-06-14 10:38:35,43.5406761169434,-9.01473808288574,"Unknown"
"7014851",371865,2025-06-14 10:43:17,43.5397605895996,-9.04699039459229,"Unknown"
"7014851",371865,2025-06-14 10:48:19,43.5376129150391,-9.0710916519165,"Unknown"
"7014851",371865,2025-06-14 10:53:11,43.5424156188965,-9.09023666381836,"Unknown"
"7014851",371865,2025-06-14 10:58:19,43.5312271118164,-9.11971187591553,"Unknown"
"7014851",371865,2025-06-14 11:03:18,43.515941619873,-9.14190483093262,"Unknown"
"7014851",371865,2025-06-14 11:08:18,43.4985389709473,-9.16057586669922,"Unknown"
"7014851",371865,2025-06-14 11:13:19,43.4743804931641,-9.1627197265625,"Unknown"
"7014851",371865,2025-06-14 11:18:19,43.4457626342773,-9.1392068862915,"Unknown"
"7014851",371865,2025-06-14 11:23:19,43.4490737915039,-9.11489486694336,"Unknown"
"7014851",371865,2025-06-14 11:28:19,43.4767150878906,-9.12266159057617,"Unknown"
"7014851",371865,2025-06-14 11:33:25,43.4956359863281,-9.14277744293213,"Unknown"
"7014851",371865,2025-06-14 11:38:18,43.510009765625,-9.16534519195557,"Unknown"
"7014851",371865,2025-06-14 11:43:18,43.5261077880859,-9.19131851196289,"Unknown"
"7014851",371865,2025-06-14 11:48:19,43.5465316772461,-9.21539974212646,"Unknown"
"7014851",371865,2025-06-14 11:53:19,43.5589828491211,-9.23859977722168,"Unknown"
"7014851",371865,2025-06-14 11:58:19,43.5893249511719,-9.20864772796631,"Unknown"
"7014851",371865,2025-06-14 12:03:13,43.6140785217285,-9.17552852630615,"Unknown"
"7014851",371865,2025-06-14 12:08:35,43.6446571350098,-9.15528011322021,"Unknown"
"7014851",371865,2025-06-14 12:13:11,43.6741027832031,-9.12819862365723,"Unknown"
"7014851",371865,2025-06-14 12:18:19,43.7082977294922,-9.09481430053711,"Unknown"
"7014851",371865,2025-06-14 12:23:11,43.7232208251953,-9.08108425140381,"Unknown"
"7014851",371865,2025-06-14 12:28:11,43.7060089111328,-9.07301044464111,"Unknown"
"7014851",371865,2025-06-14 12:33:11,43.6784820556641,-9.05879592895508,"Unknown"
"7014851",371865,2025-06-14 12:38:11,43.6482200622559,-9.05313873291016,"Unknown"
"7014851",371865,2025-06-14 12:43:11,43.6178894042969,-9.05286884307861,"Unknown"
"7014851",371865,2025-06-14 12:48:11,43.5914459228516,-9.05788612365723,"Unknown"
"7014851",371865,2025-06-14 12:53:11,43.5773544311523,-9.08089733123779,"Unknown"
"7014851",371865,2025-06-14 12:58:11,43.5649719238281,-9.10896968841553,"Unknown"
"7014851",371865,2025-06-14 13:03:11,43.5528450012207,-9.12937164306641,"Unknown"
"7014851",371865,2025-06-14 13:08:11,43.5335426330566,-9.15544986724854,"Unknown"
"7014851",371865,2025-06-14 13:13:11,43.5221328735352,-9.17649555206299,"Unknown"
"7014851",371865,2025-06-14 13:18:11,43.4941024780273,-9.17875957489014,"Unknown"
"7014851",371865,2025-06-14 13:23:14,43.4869575500488,-9.18321800231934,"Unknown"
"7014851",371865,2025-06-14 13:28:11,43.4963722229004,-9.17757892608643,"Unknown"
"7014851",371865,2025-06-14 13:33:11,43.5007019042969,-9.16985702514648,"Unknown"
"7014851",371865,2025-06-14 13:38:12,43.5013198852539,-9.17036151885986,"Unknown"
"7014851",371865,2025-06-14 13:43:12,43.5068511962891,-9.16047859191895,"Unknown"
"7014851",371865,2025-06-14 13:48:11,43.5138664245605,-9.15602684020996,"Unknown"
"7014851",371865,2025-06-14 13:53:11,43.5201568603516,-9.14816951751709,"Unknown"
"7014851",371865,2025-06-14 13:58:11,43.5257797241211,-9.13521480560303,"Unknown"
"7014851",371865,2025-06-14 14:03:11,43.5307083129883,-9.12573146820068,"Unknown"
"7014851",371865,2025-06-14 14:08:11,43.5296440124512,-9.11053657531738,"Unknown"
"7014851",371865,2025-06-14 14:13:11,43.5258331298828,-9.08243083953857,"Unknown"
"7014851",371865,2025-06-14 14:18:12,43.5261116027832,-9.08172798156738,"Unknown"
"7014851",371865,2025-06-14 14:23:11,43.5233917236328,-9.07622337341309,"Unknown"
"7014851",371865,2025-06-14 14:28:11,43.5256652832031,-9.06350994110107,"Unknown"
"7014851",371865,2025-06-14 14:33:11,43.5140075683594,-9.03907775878906,"Unknown"
"7014851",371865,2025-06-14 14:38:12,43.4787139892578,-9.01545143127441,"Unknown"
"7014851",371865,2025-06-14 14:43:11,43.4471549987793,-8.97899627685547,"Unknown"
"7014851",371865,2025-06-14 14:48:12,43.4148864746094,-8.93946361541748,"Unknown"
"7014851",371865,2025-06-14 14:53:11,43.3840751647949,-8.89857959747314,"Unknown"
"7014851",371865,2025-06-14 14:58:15,43.3615417480469,-8.84828186035156,"Unknown"
"7014851",371865,2025-06-14 15:03:17,43.3574295043945,-8.84514904022217,"Unknown"
"7014851",371865,2025-06-14 15:08:13,43.3574371337891,-8.8449535369873,"Unknown"
"7014851",371865,2025-06-14 15:13:12,43.3575706481934,-8.84506511688232,"Unknown"
"7014851",371865,2025-06-14 15:18:13,43.3575744628906,-8.84495830535889,"Unknown"
"7014851",371865,2025-06-14 15:23:12,43.3575630187988,-8.84519863128662,"Unknown"
"7014851",371865,2025-06-14 15:28:13,43.3575325012207,-8.84496593475342,"Unknown"
"7014851",371865,2025-06-14 15:33:12,43.3575172424316,-8.84435749053955,"Unknown"
"7014851",371865,2025-06-14 15:38:13,43.3573532104492,-8.84497928619385,"Unknown"
"7014851",371865,2025-06-14 15:43:13,43.3574104309082,-8.84506034851074,"Unknown"
"7014851",371865,2025-06-14 15:48:12,43.357349395752,-8.84496879577637,"Unknown"
"7014851",371865,2025-06-14 15:53:12,43.3573188781738,-8.84499168395996,"Unknown"
"7014851",371865,2025-06-14 15:58:12,43.3572235107422,-8.84492588043213,"Unknown"
"7014851",371865,2025-06-14 16:03:12,43.3573226928711,-8.8449878692627,"Unknown"
"7014851",371865,2025-06-14 16:08:13,43.3573760986328,-8.84502029418945,"Unknown"
"7014851",371865,2025-06-14 16:13:12,43.3571853637695,-8.84486389160156,"Unknown"
"7014851",371865,2025-06-14 16:18:11,43.3573417663574,-8.84495258331299,"Unknown"
"7014851",371865,2025-06-14 16:23:11,43.3573341369629,-8.84496212005615,"Unknown"
"7014851",371865,2025-06-14 16:28:11,43.3573341369629,-8.84500217437744,"Unknown"
"7014851",371865,2025-06-14 16:33:12,43.3574600219727,-8.84511280059814,"Unknown"
"7014851",371865,2025-06-14 16:38:11,43.3574485778809,-8.84508609771729,"Unknown"
"7014851",371865,2025-06-14 16:43:11,43.357421875,-8.84512138366699,"Unknown"
"7014851",371865,2025-06-14 16:48:13,43.357479095459,-8.84518051147461,"Unknown"
"7014851",371865,2025-06-14 16:53:13,43.3574180603027,-8.84508895874023,"Unknown"
"7014851",371865,2025-06-14 16:58:12,43.3574333190918,-8.84510517120361,"Unknown"
"7014851",371865,2025-06-14 17:03:11,43.3574638366699,-8.845046043396,"Unknown"
"7014851",371865,2025-06-14 17:08:14,43.3574371337891,-8.84493827819824,"Unknown"
"7014851",371865,2025-06-14 17:13:13,43.3573722839355,-8.84506416320801,"Unknown"
"7014851",371865,2025-06-14 17:18:13,43.3573379516602,-8.84493827819824,"Unknown"
"7014851",371865,2025-06-14 17:23:14,43.3576698303223,-8.8447790145874,"Unknown"
"7014851",371865,2025-06-14 17:28:14,43.357608795166,-8.84463214874268,"Unknown"
"7014851",371865,2025-06-14 17:33:13,43.3575210571289,-8.84481334686279,"Unknown"
"7014851",371865,2025-06-14 17:38:12,43.3574752807617,-8.84475421905518,"Unknown"
"7014851",371865,2025-06-14 17:43:14,43.3577461242676,-8.84469223022461,"Unknown"
"7014851",371865,2025-06-14 17:48:13,43.3574638366699,-8.84466934204102,"Unknown"
"7014851",371865,2025-06-14 17:53:13,43.3573951721191,-8.84456443786621,"Unknown"
"7014851",371865,2025-06-14 17:58:14,43.3577346801758,-8.84516525268555,"Unknown"
"7014851",371865,2025-06-14 18:03:14,43.357666015625,-8.84497833251953,"Unknown"
"7014851",371865,2025-06-14 18:08:17,43.357666015625,-8.845046043396,"Unknown"
"7014851",371865,2025-06-14 18:13:17,43.3578071594238,-8.84510326385498,"Unknown"
"7014851",371865,2025-06-14 18:18:14,43.3575668334961,-8.84490966796875,"Unknown"
"7014851",371865,2025-06-14 18:23:14,43.3575477600098,-8.84475040435791,"Unknown"
"7014851",371865,2025-06-14 18:28:14,43.3576545715332,-8.84484386444092,"Unknown"
"7014851",371865,2025-06-14 18:33:17,43.3576812744141,-8.8449764251709,"Unknown"
"7014851",371865,2025-06-14 18:38:12,43.3573837280273,-8.84459686279297,"Unknown"
"7014851",371865,2025-06-14 18:43:20,43.3572082519531,-8.85260486602783,"Unknown"
"7014851",371865,2025-06-14 18:48:12,43.3574295043945,-8.85286903381348,"Unknown"
"7014851",371865,2025-06-14 18:53:13,43.358528137207,-8.84566974639893,"Unknown"
"7014851",371865,2025-06-14 18:58:18,43.3573188781738,-8.84457397460938,"Unknown"
"7014851",371865,2025-06-14 19:03:19,43.357608795166,-8.84492588043213,"Unknown"
"7014851",371865,2025-06-14 19:08:14,43.3578453063965,-8.84518718719482,"Unknown"
"7014851",371865,2025-06-14 19:13:16,43.3576812744141,-8.84522819519043,"Unknown"
"7014851",371865,2025-06-14 19:18:12,43.3580741882324,-8.84541511535645,"Unknown"
"7014851",371865,2025-06-14 19:23:14,43.3580627441406,-8.84567451477051,"Unknown"
"7014851",371865,2025-06-14 19:28:14,43.3582534790039,-8.84548187255859,"Unknown"
"7014851",371865,2025-06-14 19:33:14,43.3581619262695,-8.84538173675537,"Unknown"
"7014851",371865,2025-06-14 19:38:15,43.3581275939941,-8.84535980224609,"Unknown"
"7014851",371865,2025-06-14 19:43:12,43.364917755127,-8.84341239929199,"Unknown"
"7014851",371865,2025-06-14 19:48:19,43.3767967224121,-8.83021831512451,"Unknown"
"7014851",371865,2025-06-14 19:53:11,43.3821144104004,-8.83432006835938,"Unknown"
"7014851",371865,2025-06-14 19:58:12,43.3939895629883,-8.85241889953613,"Unknown"
"7014851",371865,2025-06-14 20:03:10,43.394115447998,-8.83778285980225,"Unknown"
"7014851",371865,2025-06-14 20:08:15,43.3935127258301,-8.83833885192871,"Unknown"
"7014851",371865,2025-06-14 20:13:20,43.3969764709473,-8.84241962432861,"Unknown"
"7014851",371865,2025-06-14 20:18:19,43.396167755127,-8.84334945678711,"Unknown"
"7014851",371865,2025-06-14 20:23:20,43.4117660522461,-8.83927726745605,"Unknown"
"7014851",371865,2025-06-14 20:28:42,43.4153633117676,-8.82827472686768,"Unknown"
"7014851",371865,2025-06-14 20:33:28,43.4109916687012,-8.83195400238037,"Unknown"
"7014851",371865,2025-06-14 20:38:24,43.4119415283203,-8.82227611541748,"Unknown"
"7014851",371865,2025-06-14 20:43:18,43.4086151123047,-8.81335544586182,"Unknown"
"7014851",371865,2025-06-14 20:48:12,43.4110488891602,-8.80736827850342,"Unknown"
"7014851",371865,2025-06-14 20:53:19,43.4126014709473,-8.80490875244141,"Unknown"
"7014851",371865,2025-06-14 20:58:17,43.4051246643066,-8.82943439483643,"Unknown"
"7014851",371865,2025-06-14 21:03:18,43.3674354553223,-8.84481143951416,"Unknown"
"7014851",371865,2025-06-14 21:08:31,43.3573989868164,-8.84518051147461,"Unknown"
"7014851",371865,2025-06-14 21:13:09,43.3575286865234,-8.84522247314453,"Unknown"
"7014851",371865,2025-06-14 21:18:10,43.357551574707,-8.84521484375,"Unknown"
"7014851",371865,2025-06-14 21:23:10,43.3577919006348,-8.84500122070312,"Unknown"
"7014851",371865,2025-06-14 21:28:10,43.3578758239746,-8.84496974945068,"Unknown"
"7014851",371865,2025-06-14 21:33:10,43.3578224182129,-8.84508800506592,"Unknown"
"7014851",371865,2025-06-14 21:38:10,43.35791015625,-8.84508895874023,"Unknown"
"7014851",371865,2025-06-14 21:43:12,43.3579254150391,-8.84527587890625,"Unknown"
"7014851",371865,2025-06-14 21:48:10,43.3575973510742,-8.84501647949219,"Unknown"
"7014851",371865,2025-06-14 21:53:13,43.3574676513672,-8.84483814239502,"Unknown"
"7014851",371865,2025-06-14 21:58:10,43.3575401306152,-8.84515953063965,"Unknown"
"7014851",371865,2025-06-14 22:03:09,43.3576011657715,-8.8452672958374,"Unknown"
"7014851",371865,2025-06-14 22:08:10,43.3578186035156,-8.84537506103516,"Unknown"
"7014851",371865,2025-06-14 22:13:09,43.3577537536621,-8.84518909454346,"Unknown"
"7014851",371865,2025-06-14 22:18:10,43.356761932373,-8.84423542022705,"Unknown"
"7014851",371865,2025-06-14 22:23:10,43.3573951721191,-8.84479713439941,"Unknown"
"7014851",371865,2025-06-14 22:28:10,43.3574180603027,-8.84463405609131,"Unknown"
"7014851",371865,2025-06-14 22:33:10,43.3570213317871,-8.8438720703125,"Unknown"
"7014851",371865,2025-06-14 22:38:18,43.357536315918,-8.84479522705078,"Unknown"
"7014851",371865,2025-06-14 22:43:10,43.3570098876953,-8.84406661987305,"Unknown"
"7014851",371865,2025-06-14 22:48:10,43.3569030761719,-8.843918800354,"Unknown"
"7014851",371865,2025-06-14 22:53:10,43.3581504821777,-8.84434223175049,"Unknown"
"7014851",371865,2025-06-14 22:58:11,43.3573150634766,-8.8440580368042,"Unknown"
"7014851",371865,2025-06-14 23:03:10,43.3578758239746,-8.84458160400391,"Unknown"
"7014851",371865,2025-06-14 23:08:10,43.3580131530762,-8.84459114074707,"Unknown"
"7014851",371865,2025-06-14 23:13:10,43.3581390380859,-8.84446620941162,"Unknown"
"7014851",371865,2025-06-14 23:18:12,43.3581085205078,-8.844651222229,"Unknown"
"7014851",371865,2025-06-14 23:23:10,43.3577995300293,-8.84467315673828,"Unknown"
"7014851",371865,2025-06-14 23:28:10,43.3578453063965,-8.84463405609131,"Unknown"
"7014851",371865,2025-06-14 23:33:11,43.3579597473145,-8.84472846984863,"Unknown"
"7014851",371865,2025-06-14 23:38:12,43.3598289489746,-8.84426784515381,"Unknown"
"7014851",371865,2025-06-14 23:43:15,43.3576774597168,-8.84476947784424,"Unknown"
"7014851",371865,2025-06-14 23:48:12,43.3586006164551,-8.8447322845459,"Unknown"
"7014851",371865,2025-06-14 23:53:10,43.3576316833496,-8.84485149383545,"Unknown"
"7014851",371865,2025-06-14 23:58:10,43.357738494873,-8.84503173828125,"Unknown"
"7014851",371865,2025-06-15 00:03:10,43.3576164245605,-8.84470462799072,"Unknown"
"7014851",371865,2025-06-15 00:08:10,43.3576011657715,-8.8448543548584,"Unknown"
"7014851",371865,2025-06-15 00:13:11,43.357608795166,-8.84490966796875,"Unknown"
"7014851",371865,2025-06-15 00:18:11,43.3577079772949,-8.84502029418945,"Unknown"
"7014851",371865,2025-06-15 00:23:10,43.3569145202637,-8.84486675262451,"Unknown"
"7014851",371865,2025-06-15 00:28:13,43.3576774597168,-8.84491443634033,"Unknown"
"7014851",371865,2025-06-15 00:33:11,43.3571395874023,-8.84480094909668,"Unknown"
"7014851",371865,2025-06-15 00:38:11,43.3575553894043,-8.84494113922119,"Unknown"
"7014851",371865,2025-06-15 00:43:11,43.3575782775879,-8.84495544433594,"Unknown"
"7014851",371865,2025-06-15 00:48:12,43.357608795166,-8.84497737884521,"Unknown"
"7014851",371865,2025-06-15 00:53:11,43.3578033447266,-8.84510803222656,"Unknown"
"7014851",371865,2025-06-15 00:58:21,43.3577423095703,-8.84499454498291,"Unknown"
"7014851",371865,2025-06-15 01:03:15,43.3576850891113,-8.84502983093262,"Unknown"
"7014851",371865,2025-06-15 01:08:12,43.3577308654785,-8.8450403213501,"Unknown"
"7014851",371865,2025-06-15 01:13:12,43.3577461242676,-8.84503555297852,"Unknown"
"7014851",371865,2025-06-15 01:18:11,43.3577156066895,-8.84505748748779,"Unknown"
"7014851",371865,2025-06-15 01:23:18,43.3578796386719,-8.84507369995117,"Unknown"
"7014851",371865,2025-06-15 01:28:17,43.3578414916992,-8.84516525268555,"Unknown"
"7014851",371865,2025-06-15 01:33:18,43.3578834533691,-8.84521198272705,"Unknown"
"7014851",371865,2025-06-15 01:38:20,43.3579406738281,-8.84521675109863,"Unknown"
"7014851",371865,2025-06-15 01:43:13,43.3580093383789,-8.84528827667236,"Unknown"
"7014851",371865,2025-06-15 01:48:13,43.3580169677734,-8.84523296356201,"Unknown"
"7014851",371865,2025-06-15 01:53:12,43.3576240539551,-8.84490203857422,"Unknown"
"7014851",371865,2025-06-15 01:58:12,43.3578414916992,-8.84504508972168,"Unknown"
"7014851",371865,2025-06-15 02:03:15,43.3584136962891,-8.84573936462402,"Unknown"
"7014851",371865,2025-06-15 02:08:13,43.3573341369629,-8.84451007843018,"Unknown"
"7014851",371865,2025-06-15 02:13:17,43.3578796386719,-8.844801902771,"Unknown"
"7014851",371865,2025-06-15 02:18:15,43.3575782775879,-8.8447904586792,"Unknown"
"7014851",371865,2025-06-15 02:23:18,43.3578491210938,-8.84475231170654,"Unknown"
"7014851",371865,2025-06-15 02:28:35,43.357837677002,-8.84475994110107,"Unknown"
"7014851",371865,2025-06-15 02:33:18,43.3570365905762,-8.84611511230469,"Unknown"
"7014851",371865,2025-06-15 02:38:12,43.3607406616211,-8.8467378616333,"Unknown"
"7014851",371865,2025-06-15 02:43:18,43.3576011657715,-8.84502983093262,"Unknown"
"7014851",371865,2025-06-15 02:48:10,43.3576240539551,-8.84501075744629,"Unknown"
"7014851",371865,2025-06-15 02:53:12,43.3576278686523,-8.84499835968018,"Unknown"
"7014851",371865,2025-06-15 02:58:10,43.3576431274414,-8.84492588043213,"Unknown"
"7014851",371865,2025-06-15 03:03:15,43.3576965332031,-8.84500408172607,"Unknown"
"7014851",371865,2025-06-15 03:08:13,43.3576965332031,-8.84494209289551,"Unknown"
"7014851",371865,2025-06-15 03:13:22,43.3576965332031,-8.84492111206055,"Unknown"
"7014851",371865,2025-06-15 03:18:18,43.3575325012207,-8.84492874145508,"Unknown"
"7014851",371865,2025-06-15 03:23:23,43.3578186035156,-8.84500217437744,"Unknown"
"7014851",371865,2025-06-15 03:28:22,43.3577079772949,-8.84500312805176,"Unknown"
"7014851",371865,2025-06-15 03:33:18,43.3577194213867,-8.8449764251709,"Unknown"
"7014851",371865,2025-06-15 03:38:44,43.3576431274414,-8.84492301940918,"Unknown"
"7014851",371865,2025-06-15 03:43:09,43.3575325012207,-8.84504795074463,"Unknown"
"7014851",371865,2025-06-15 03:48:12,43.3576812744141,-8.84494876861572,"Unknown"
"7014851",371865,2025-06-15 03:53:09,43.3576049804688,-8.84502029418945,"Unknown"
"7014851",371865,2025-06-15 03:58:12,43.35791015625,-8.84515953063965,"Unknown"
"7014851",371865,2025-06-15 04:03:15,43.3572044372559,-8.84534549713135,"Unknown"
"7014851",371865,2025-06-15 04:08:11,43.3572540283203,-8.84534072875977,"Unknown"
"7014851",371865,2025-06-15 04:13:10,43.3572578430176,-8.8456449508667,"Unknown"
"7014851",371865,2025-06-15 04:18:10,43.3572807312012,-8.8454418182373,"Unknown"
"7014851",371865,2025-06-15 04:23:12,43.3573341369629,-8.84554672241211,"Unknown"
"7014851",371865,2025-06-15 04:28:10,43.3572463989258,-8.84555244445801,"Unknown"
"7014851",371865,2025-06-15 04:33:11,43.3572807312012,-8.8453483581543,"Unknown"
"7014851",371865,2025-06-15 04:38:10,43.3573913574219,-8.84516906738281,"Unknown"
"7014851",371865,2025-06-15 04:43:12,43.3571929931641,-8.84548282623291,"Unknown"
"7014851",371865,2025-06-15 04:48:10,43.3572044372559,-8.84530925750732,"Unknown"
"7014851",371865,2025-06-15 04:53:10,43.3575782775879,-8.84507465362549,"Unknown"
"7014851",371865,2025-06-15 04:58:12,43.3574981689453,-8.84504890441895,"Unknown"
"7014851",371865,2025-06-15 05:03:12,43.3576393127441,-8.84499454498291,"Unknown"
"7014851",371865,2025-06-15 05:08:12,43.357608795166,-8.84496879577637,"Unknown"
"7014851",371865,2025-06-15 05:13:10,43.3575668334961,-8.84523582458496,"Unknown"
"7014851",371865,2025-06-15 05:18:10,43.3577575683594,-8.84538555145264,"Unknown"
"7014851",371865,2025-06-15 05:23:10,43.3577079772949,-8.84543609619141,"Unknown"
"7014851",371865,2025-06-15 05:28:10,43.3577728271484,-8.84537506103516,"Unknown"
"7014851",371865,2025-06-15 05:33:10,43.3576202392578,-8.84524536132812,"Unknown"
"7014851",371865,2025-06-15 05:38:10,43.3576316833496,-8.845290184021,"Unknown"
"7014851",371865,2025-06-15 05:43:10,43.3577690124512,-8.84526920318604,"Unknown"
"7014851",371865,2025-06-15 05:48:10,43.3577499389648,-8.84539604187012,"Unknown"
"7014851",371865,2025-06-15 05:53:10,43.3576622009277,-8.84522342681885,"Unknown"
"7014851",371865,2025-06-15 05:58:10,43.3569526672363,-8.84523582458496,"Unknown"
"7014851",371865,2025-06-15 06:03:11,43.3571968078613,-8.84418106079102,"Unknown"
"7014851",371865,2025-06-15 06:08:10,43.3576240539551,-8.84511470794678,"Unknown"
"7014851",371865,2025-06-15 06:13:10,43.3575553894043,-8.84498119354248,"Unknown"
"7014851",371865,2025-06-15 06:18:10,43.3576583862305,-8.84504508972168,"Unknown"
"7014851",371865,2025-06-15 06:23:10,43.3575897216797,-8.84496688842773,"Unknown"
"7014851",371865,2025-06-15 06:28:10,43.3576698303223,-8.84502029418945,"Unknown"
"7014851",371865,2025-06-15 06:33:10,43.3576736450195,-8.84502696990967,"Unknown"
"7014851",371865,2025-06-15 06:38:11,43.357666015625,-8.84501838684082,"Unknown"
"7014851",371865,2025-06-15 06:43:10,43.3576164245605,-8.84494876861572,"Unknown"
"7014851",371865,2025-06-15 06:48:10,43.3575897216797,-8.84500980377197,"Unknown"
"7014851",371865,2025-06-15 06:53:10,43.357593536377,-8.84503746032715,"Unknown"
"7014851",371865,2025-06-15 06:58:10,43.3576240539551,-8.84507465362549,"Unknown"
"7014851",371865,2025-06-15 07:03:16,43.3577651977539,-8.84502983093262,"Unknown"
"7014851",371865,2025-06-15 07:08:12,43.3577880859375,-8.8450231552124,"Unknown"
"7014851",371865,2025-06-15 07:13:11,43.3579254150391,-8.84505462646484,"Unknown"
"7014851",371865,2025-06-15 07:18:11,43.358154296875,-8.84499168395996,"Unknown"
"7014851",371865,2025-06-15 07:23:12,43.3582153320312,-8.84495258331299,"Unknown"
"7014851",371865,2025-06-15 07:28:11,43.3581390380859,-8.84495639801025,"Unknown"
"7014851",371865,2025-06-15 07:33:12,43.3581695556641,-8.84497928619385,"Unknown"
"7014851",371865,2025-06-15 07:38:35,43.3579330444336,-8.84496402740479,"Unknown"
"7014851",371865,2025-06-15 07:43:09,43.3575668334961,-8.84504127502441,"Unknown"
"7014851",371865,2025-06-15 07:48:09,43.3576049804688,-8.84508228302002,"Unknown"
"7014851",371865,2025-06-15 07:53:10,43.3576545715332,-8.84504318237305,"Unknown"
"7014851",371865,2025-06-15 07:58:10,43.357536315918,-8.8450756072998,"Unknown"
"7014851",371865,2025-06-15 08:03:09,43.3575630187988,-8.8451042175293,"Unknown"
"7014851",371865,2025-06-15 08:08:11,43.3575820922852,-8.84515762329102,"Unknown"
"7014851",371865,2025-06-15 08:13:10,43.3637733459473,-8.85049057006836,"Unknown"
"7014851",371865,2025-06-15 08:18:10,43.3646583557129,-8.83818912506104,"Unknown"
"7014851",371865,2025-06-15 08:23:10,43.3839111328125,-8.85508060455322,"Unknown"
"7014851",371865,2025-06-15 08:28:09,43.4014739990234,-8.84572982788086,"Unknown"
"7014851",371865,2025-06-15 08:33:09,43.4233169555664,-8.85396862030029,"Unknown"
"7014851",371865,2025-06-15 08:38:09,43.4278984069824,-8.86396884918213,"Unknown"
"7014851",371865,2025-06-15 08:43:10,43.435718536377,-8.88013648986816,"Unknown"
"7014851",371865,2025-06-15 08:48:10,43.4503211975098,-8.91463184356689,"Unknown"
"7014851",371865,2025-06-15 08:53:10,43.4601974487305,-8.95705509185791,"Unknown"
"7014851",371865,2025-06-15 08:58:10,43.4625396728516,-8.97128677368164,"Unknown"
"7014851",371865,2025-06-15 09:03:10,43.4751052856445,-9.00374031066895,"Unknown"
"7014851",371865,2025-06-15 09:08:10,43.4823341369629,-9.04683208465576,"Unknown"
"7014851",371865,2025-06-15 09:13:10,43.4921493530273,-9.08353328704834,"Unknown"
"7014851",371865,2025-06-15 09:18:10,43.5018463134766,-9.10773372650146,"Unknown"
"7014851",371865,2025-06-15 09:23:09,43.5132179260254,-9.10512256622314,"Unknown"
"7014851",371865,2025-06-15 09:28:10,43.5317687988281,-9.11162948608398,"Unknown"
"7014851",371865,2025-06-15 09:33:09,43.5384979248047,-9.11219882965088,"Unknown"
"7014851",371865,2025-06-15 09:38:10,43.5426368713379,-9.10470390319824,"Unknown"
"7014851",371865,2025-06-15 09:43:10,43.5383110046387,-9.07883167266846,"Unknown"
"7014851",371865,2025-06-15 09:48:10,43.5538139343262,-9.074782371521,"Unknown"
"7014851",371865,2025-06-15 09:53:09,43.5631675720215,-9.06650161743164,"Unknown"
"7014851",371865,2025-06-15 09:58:10,43.572093963623,-9.05338954925537,"Unknown"
"7014851",371865,2025-06-15 10:03:10,43.5851364135742,-9.04197311401367,"Unknown"
"7014851",371865,2025-06-15 10:08:10,43.5918464660645,-9.02717018127441,"Unknown"
"7014851",371865,2025-06-15 10:13:09,43.6052169799805,-9.02206516265869,"Unknown"
"7014851",371865,2025-06-15 10:18:10,43.6013832092285,-8.99575519561768,"Unknown"
"7014851",371865,2025-06-15 10:23:09,43.5986061096191,-8.97886562347412,"Unknown"
"7014851",371865,2025-06-15 10:28:09,43.6025466918945,-8.95601272583008,"Unknown"
"7014851",371865,2025-06-15 10:33:09,43.5765380859375,-8.94707202911377,"Unknown"
"7014851",371865,2025-06-15 10:38:09,43.5410957336426,-8.93265724182129,"Unknown"
"7014851",371865,2025-06-15 10:43:09,43.4980697631836,-8.9357385635376,"Unknown"
"7014851",371865,2025-06-15 10:48:10,43.4669151306152,-8.92234420776367,"Unknown"
"7014851",371865,2025-06-15 10:53:09,43.4399833679199,-8.9027099609375,"Unknown"
"7014851",371865,2025-06-15 10:58:09,43.4139099121094,-8.90805053710938,"Unknown"
"7014851",371865,2025-06-15 11:03:09,43.3943862915039,-8.94076728820801,"Unknown"
"7014851",371865,2025-06-15 11:08:09,43.3852691650391,-8.92136287689209,"Unknown"
"7014851",371865,2025-06-15 11:13:09,43.3737678527832,-8.89225292205811,"Unknown"
"7014851",371865,2025-06-15 11:18:09,43.364673614502,-8.86182308197021,"Unknown"
"7014851",371865,2025-06-15 11:23:12,43.3577117919922,-8.8449649810791,"Unknown"
"7014851",371865,2025-06-15 11:28:10,43.3575019836426,-8.84532451629639,"Unknown"
"7014851",371865,2025-06-15 11:33:10,43.3574638366699,-8.84528827667236,"Unknown"
"7014851",371865,2025-06-15 11:38:12,43.3574409484863,-8.84505081176758,"Unknown"
"7014851",371865,2025-06-15 11:43:11,43.3574447631836,-8.84557723999023,"Unknown"
"7014851",371865,2025-06-15 11:48:11,43.357479095459,-8.8455286026001,"Unknown"
"7014851",371865,2025-06-15 11:53:15,43.3576202392578,-8.84519100189209,"Unknown"
"7014851",371865,2025-06-15 11:58:12,43.3574295043945,-8.84500885009766,"Unknown"
"7014851",371865,2025-06-15 12:03:20,43.3575859069824,-8.84484481811523,"Unknown"
"7014851",371865,2025-06-15 12:08:35,43.3576240539551,-8.84489822387695,"Unknown"
"7014851",371865,2025-06-15 12:13:08,43.3576049804688,-8.84500217437744,"Unknown"
"7014851",371865,2025-06-15 12:18:08,43.3575668334961,-8.8450813293457,"Unknown"
"7014851",371865,2025-06-15 12:23:09,43.3575859069824,-8.84510040283203,"Unknown"
"7014851",371865,2025-06-15 12:28:13,43.3576393127441,-8.84502124786377,"Unknown"
"7014851",371865,2025-06-15 12:33:08,43.3576545715332,-8.84500598907471,"Unknown"
"7014851",371865,2025-06-15 12:38:09,43.3575096130371,-8.84512042999268,"Unknown"
"7014851",371865,2025-06-15 12:43:08,43.357723236084,-8.8449878692627,"Unknown"
"7014851",371865,2025-06-15 12:48:09,43.3575859069824,-8.84503173828125,"Unknown"
"7014851",371865,2025-06-15 12:53:10,43.3576011657715,-8.84518718719482,"Unknown"
"7014851",371865,2025-06-15 12:58:12,43.357536315918,-8.84514999389648,"Unknown"
"7014851",371865,2025-06-15 13:03:10,43.3575973510742,-8.84499835968018,"Unknown"
"7014851",371865,2025-06-15 13:08:09,43.3573532104492,-8.84519004821777,"Unknown"
"7014851",371865,2025-06-15 13:13:09,43.3575820922852,-8.84453964233398,"Unknown"
"7014851",371865,2025-06-15 13:18:09,43.3492736816406,-8.84474849700928,"Unknown"
"7014851",371865,2025-06-15 13:23:12,43.3140716552734,-8.8574104309082,"Unknown"
"7014851",371865,2025-06-15 13:28:09,43.3143043518066,-8.85663890838623,"Unknown"
"7014851",371865,2025-06-15 13:33:11,43.3146934509277,-8.85665798187256,"Unknown"
"7014851",371865,2025-06-15 13:38:17,43.3135986328125,-8.85685157775879,"Unknown"
"7014851",371865,2025-06-15 13:43:09,43.3245887756348,-8.84854793548584,"Unknown"
"7014851",371865,2025-06-15 13:48:09,43.344310760498,-8.83974456787109,"Unknown"
"7014851",371865,2025-06-15 13:53:09,43.3606605529785,-8.84729862213135,"Unknown"
"7014851",371865,2025-06-15 13:58:09,43.3572044372559,-8.84525775909424,"Unknown"
"7014851",371865,2025-06-15 14:03:11,43.3576164245605,-8.84505176544189,"Unknown"
"7014851",371865,2025-06-15 14:08:10,43.3576507568359,-8.84499073028564,"Unknown"
"7014851",371865,2025-06-15 14:13:11,43.3630714416504,-8.83992195129395,"Unknown"
"7014851",371865,2025-06-15 14:18:09,43.3801498413086,-8.86397647857666,"Unknown"
"7014851",371865,2025-06-15 14:23:09,43.3984031677246,-8.88666152954102,"Unknown"
"7014851",371865,2025-06-15 14:28:09,43.4140777587891,-8.91543292999268,"Unknown"
"7014851",371865,2025-06-15 14:33:09,43.4294662475586,-8.94672775268555,"Unknown"
"7014851",371865,2025-06-15 14:38:09,43.4437408447266,-8.9812650680542,"Unknown"
"7014851",371865,2025-06-15 14:43:09,43.4585456848145,-9.0127420425415,"Unknown"
"7014851",371865,2025-06-15 14:48:09,43.4703254699707,-9.0433292388916,"Unknown"
"7014851",371865,2025-06-15 14:53:09,43.4712677001953,-9.09881591796875,"Unknown"
"7014851",371865,2025-06-15 14:58:11,43.4833183288574,-9.1257905960083,"Unknown"
"7014851",371865,2025-06-15 15:03:10,43.4897613525391,-9.16800308227539,"Unknown"
"7014851",371865,2025-06-15 15:08:10,43.4985771179199,-9.18599414825439,"Unknown"
"7014851",371865,2025-06-15 15:13:09,43.511833190918,-9.19713592529297,"Unknown"
"7014851",371865,2025-06-15 15:18:10,43.5153198242188,-9.20965671539307,"Unknown"
"7014851",371865,2025-06-15 15:23:12,43.5130882263184,-9.19313430786133,"Unknown"
"7014851",371865,2025-06-15 15:28:12,43.5045204162598,-9.18034553527832,"Unknown"
"7014851",371865,2025-06-15 15:33:12,43.4660758972168,-9.17871952056885,"Unknown"
"7014851",371865,2025-06-15 15:38:10,43.4303169250488,-9.17074394226074,"Unknown"
"7014851",371865,2025-06-15 15:43:11,43.4149436950684,-9.14778709411621,"Unknown"
"7014851",371865,2025-06-15 15:48:12,43.3935661315918,-9.124436378479,"Unknown"
"7014851",371865,2025-06-15 15:53:11,43.369441986084,-9.10441207885742,"Unknown"
"7014851",371865,2025-06-15 15:58:11,43.3521003723145,-9.08011722564697,"Unknown"
"7014851",371865,2025-06-15 16:03:19,43.3405838012695,-9.05195331573486,"Unknown"
"7014851",371865,2025-06-15 16:08:12,43.3233413696289,-9.02510070800781,"Unknown"
"7014851",371865,2025-06-15 16:13:18,43.3030853271484,-8.99748706817627,"Unknown"
"7014851",371865,2025-06-15 16:18:19,43.2832984924316,-8.97417449951172,"Unknown"
"7014851",371865,2025-06-15 16:23:15,43.2905960083008,-8.94715023040771,"Unknown"
"7014851",371865,2025-06-15 16:28:22,43.2934074401855,-8.91842651367188,"Unknown"
"7014851",371865,2025-06-15 16:33:20,43.3137168884277,-8.9108304977417,"Unknown"
"7014851",371865,2025-06-15 16:38:16,43.3192253112793,-8.89488124847412,"Unknown"
"7014851",371865,2025-06-15 16:43:35,43.3216934204102,-8.86659622192383,"Unknown"
"7014851",371865,2025-06-15 16:48:17,43.3203163146973,-8.84908103942871,"Unknown"
"7014851",371865,2025-06-15 16:53:56,43.3451194763184,-8.84107494354248,"Unknown"
"7014851",371865,2025-06-15 16:58:53,43.3593444824219,-8.84866809844971,"Unknown"
"7014851",371865,2025-06-15 17:03:17,43.3581161499023,-8.84388637542725,"Unknown"
"7014851",371865,2025-06-15 17:08:35,43.3577423095703,-8.84487724304199,"Unknown"
"7014851",371865,2025-06-15 17:13:09,43.3576889038086,-8.84488773345947,"Unknown"
"7014851",371865,2025-06-15 17:18:09,43.3577308654785,-8.84488201141357,"Unknown"
"7014851",371865,2025-06-15 17:23:11,43.3577537536621,-8.84482192993164,"Unknown"
"7014851",371865,2025-06-15 17:28:09,43.3576889038086,-8.84492969512939,"Unknown"
"7014851",371865,2025-06-15 17:33:09,43.357723236084,-8.84486961364746,"Unknown"
"7014851",371865,2025-06-15 17:38:09,43.3576049804688,-8.84512042999268,"Unknown"
"7014851",371865,2025-06-15 17:43:09,43.3576393127441,-8.84500789642334,"Unknown"
"7014851",371865,2025-06-15 17:48:09,43.3576316833496,-8.84500312805176,"Unknown"
"7014851",371865,2025-06-15 17:53:09,43.3576622009277,-8.84485244750977,"Unknown"
"7014851",371865,2025-06-15 17:58:08,43.357723236084,-8.84501075744629,"Unknown"
"7014851",371865,2025-06-15 18:03:12,43.357536315918,-8.84526348114014,"Unknown"
"7014851",371865,2025-06-15 18:08:09,43.3577194213867,-8.84505367279053,"Unknown"
"7014851",371865,2025-06-15 18:13:08,43.3577156066895,-8.84505176544189,"Unknown"
"7014851",371865,2025-06-15 18:18:09,43.3575592041016,-8.84533023834229,"Unknown"
"7014851",371865,2025-06-15 18:23:09,43.3575744628906,-8.84506797790527,"Unknown"
"7014851",371865,2025-06-15 18:28:10,43.3576965332031,-8.84484100341797,"Unknown"
"7014851",371865,2025-06-15 18:33:12,43.3577156066895,-8.84491062164307,"Unknown"
"7014851",371865,2025-06-15 18:38:09,43.3575668334961,-8.84497356414795,"Unknown"
"7014851",371865,2025-06-15 18:43:19,43.3639373779297,-8.84257793426514,"Unknown"
"7014851",371865,2025-06-15 18:48:15,43.3644676208496,-8.83970832824707,"Unknown"
"7014851",371865,2025-06-15 18:53:13,43.3576202392578,-8.84508991241455,"Unknown"
"7014851",371865,2025-06-15 18:58:13,43.3577194213867,-8.84529876708984,"Unknown"
"7014851",371865,2025-06-15 19:03:16,43.3576622009277,-8.84519672393799,"Unknown"
"7014851",371865,2025-06-15 19:08:15,43.3576354980469,-8.8451623916626,"Unknown"
"7014851",371865,2025-06-15 19:13:09,43.3577919006348,-8.84519195556641,"Unknown"
"7014851",371865,2025-06-15 19:18:13,43.3577613830566,-8.84543132781982,"Unknown"
"7014851",371865,2025-06-15 19:23:35,43.3575325012207,-8.84521389007568,"Unknown"
"7014851",371865,2025-06-15 19:28:09,43.3576316833496,-8.84530162811279,"Unknown"
"7014851",371865,2025-06-15 19:33:09,43.3576812744141,-8.84526538848877,"Unknown"
"7014851",371865,2025-06-15 19:38:10,43.3575477600098,-8.84535312652588,"Unknown"
"7014851",371865,2025-06-15 19:43:10,43.3575553894043,-8.8453369140625,"Unknown"
"7014851",371865,2025-06-15 19:48:09,43.3575592041016,-8.84526920318604,"Unknown"
"7014851",371865,2025-06-15 19:53:09,43.3574485778809,-8.84535503387451,"Unknown"
"7014851",371865,2025-06-15 19:58:10,43.3574180603027,-8.84536075592041,"Unknown"
"7014851",371865,2025-06-15 20:03:12,43.3573951721191,-8.84542179107666,"Unknown"
"7014851",371865,2025-06-15 20:08:09,43.357536315918,-8.8452091217041,"Unknown"
"7014851",371865,2025-06-15 20:13:09,43.3576164245605,-8.84512996673584,"Unknown"
"7014851",371865,2025-06-15 20:18:10,43.3576202392578,-8.84510707855225,"Unknown"
"7014851",371865,2025-06-15 20:23:09,43.357723236084,-8.84500217437744,"Unknown"
"7014851",371865,2025-06-15 20:28:09,43.3577194213867,-8.84503078460693,"Unknown"
"7014851",371865,2025-06-15 20:33:10,43.3575286865234,-8.84508800506592,"Unknown"
"7014851",371865,2025-06-15 20:38:10,43.357536315918,-8.84506893157959,"Unknown"
"7014851",371865,2025-06-15 20:43:10,43.3575782775879,-8.84493160247803,"Unknown"
"7014851",371865,2025-06-15 20:48:09,43.3576354980469,-8.84487438201904,"Unknown"
"7014851",371865,2025-06-15 20:53:09,43.3576202392578,-8.84493827819824,"Unknown"
"7014851",371865,2025-06-15 20:58:10,43.3576126098633,-8.84495258331299,"Unknown"
"7014851",371865,2025-06-15 21:03:10,43.3576469421387,-8.84494495391846,"Unknown"
"7014851",371865,2025-06-15 21:08:09,43.3576698303223,-8.84492588043213,"Unknown"
"7014851",371865,2025-06-15 21:13:10,43.3576469421387,-8.84501266479492,"Unknown"
"7014851",371865,2025-06-15 21:18:10,43.3576431274414,-8.84483051300049,"Unknown"
"7014851",371865,2025-06-15 21:23:09,43.3574371337891,-8.84451484680176,"Unknown"
"7014851",371865,2025-06-15 21:28:09,43.3576202392578,-8.84488010406494,"Unknown"
"7014851",371865,2025-06-15 21:33:10,43.357536315918,-8.84486484527588,"Unknown"
"7014851",371865,2025-06-15 21:38:09,43.3575897216797,-8.84494686126709,"Unknown"
"7014851",371865,2025-06-15 21:43:09,43.3575630187988,-8.84491920471191,"Unknown"
"7014851",371865,2025-06-15 21:48:09,43.3575401306152,-8.84500694274902,"Unknown"
"7014851",371865,2025-06-15 21:53:09,43.3576049804688,-8.84498500823975,"Unknown"
"7014851",371865,2025-06-15 21:58:09,43.3576774597168,-8.84498119354248,"Unknown"
"7014851",371865,2025-06-15 22:03:09,43.3577346801758,-8.84484386444092,"Unknown"
"7014851",371865,2025-06-15 22:08:09,43.3579063415527,-8.84488773345947,"Unknown"
"7014851",371865,2025-06-15 22:13:10,43.3578186035156,-8.84509658813477,"Unknown"
"7014851",371865,2025-06-15 22:18:09,43.3576812744141,-8.84521293640137,"Unknown"
"7014851",371865,2025-06-15 22:23:35,43.3574523925781,-8.84484195709229,"Unknown"
"7014851",371865,2025-06-15 22:28:09,43.3577041625977,-8.84546566009521,"Unknown"
"7014851",371865,2025-06-15 22:33:09,43.3578796386719,-8.84531116485596,"Unknown"
"7014851",371865,2025-06-15 22:38:10,43.3578758239746,-8.84534072875977,"Unknown"
"7014851",371865,2025-06-15 22:43:09,43.3579635620117,-8.84530448913574,"Unknown"
"7014851",371865,2025-06-15 22:48:09,43.3580665588379,-8.84532260894775,"Unknown"
"7014851",371865,2025-06-15 22:53:10,43.3583869934082,-8.84510803222656,"Unknown"
"7014851",371865,2025-06-15 22:58:21,43.3570823669434,-8.84517669677734,"Unknown"
"7014851",371865,2025-06-15 23:03:11,43.3571586608887,-8.84517955780029,"Unknown"
"7014851",371865,2025-06-15 23:08:12,43.3583374023438,-8.84524536132812,"Unknown"
"7014851",371865,2025-06-15 23:13:11,43.3578681945801,-8.84520721435547,"Unknown"
"7014851",371865,2025-06-15 23:18:11,43.3578872680664,-8.84515571594238,"Unknown"
"7014851",371865,2025-06-15 23:23:12,43.357852935791,-8.84508609771729,"Unknown"
"7014851",371865,2025-06-15 23:28:17,43.357177734375,-8.84504508972168,"Unknown"
"7014851",371865,2025-06-15 23:33:11,43.3581390380859,-8.84511756896973,"Unknown"
"7014851",371865,2025-06-15 23:38:10,43.3578834533691,-8.84524250030518,"Unknown"
"7014851",371865,2025-06-15 23:43:35,43.3575897216797,-8.84450054168701,"Unknown"
"7014851",371865,2025-06-15 23:48:10,43.3575248718262,-8.84491157531738,"Unknown"
"7014851",371865,2025-06-15 23:53:10,43.3576507568359,-8.84499454498291,"Unknown"
"7014851",371865,2025-06-15 23:58:09,43.3577041625977,-8.84487819671631,"Unknown"
"7014851",371865,2025-06-16 00:03:13,43.3576469421387,-8.84477043151855,"Unknown"
"7014851",371865,2025-06-16 00:08:12,43.3575477600098,-8.84504318237305,"Unknown"
"7014851",371865,2025-06-16 00:13:12,43.3575286865234,-8.84508228302002,"Unknown"
"7014851",371865,2025-06-16 00:18:12,43.3576202392578,-8.84493732452393,"Unknown"
"7014851",371865,2025-06-16 00:23:14,43.3574676513672,-8.84520626068115,"Unknown"
"7014851",371865,2025-06-16 00:28:11,43.3576393127441,-8.84501838684082,"Unknown"
"7014851",371865,2025-06-16 00:33:12,43.357608795166,-8.84502220153809,"Unknown"
"7014851",371865,2025-06-16 00:38:11,43.3576965332031,-8.84492111206055,"Unknown"
"7014851",371865,2025-06-16 00:43:14,43.3575096130371,-8.84480094909668,"Unknown"
"7014851",371865,2025-06-16 00:48:11,43.3576126098633,-8.84486198425293,"Unknown"
"7014851",371865,2025-06-16 00:53:14,43.357421875,-8.84500694274902,"Unknown"
"7014851",371865,2025-06-16 00:58:10,43.3575706481934,-8.84501552581787,"Unknown"
"7014851",371865,2025-06-16 01:03:08,43.3575782775879,-8.84498882293701,"Unknown"
"7014851",371865,2025-06-16 01:08:08,43.3574867248535,-8.84496688842773,"Unknown"
"7014851",371865,2025-06-16 01:13:09,43.3577880859375,-8.84492206573486,"Unknown"
"7014851",371865,2025-06-16 01:18:09,43.3578720092773,-8.84496688842773,"Unknown"
"7014851",371865,2025-06-16 01:23:11,43.35791015625,-8.8449535369873,"Unknown"
"7014851",371865,2025-06-16 01:28:09,43.3578796386719,-8.84495639801025,"Unknown"
"7014851",371865,2025-06-16 01:33:08,43.3579292297363,-8.84488201141357,"Unknown"
"7014851",371865,2025-06-16 01:38:10,43.3579025268555,-8.84491443634033,"Unknown"
"7014851",371865,2025-06-16 01:43:08,43.3578987121582,-8.84487342834473,"Unknown"
"7014851",371865,2025-06-16 01:48:10,43.3578758239746,-8.84492111206055,"Unknown"
"7014851",371865,2025-06-16 01:53:10,43.3579292297363,-8.84495830535889,"Unknown"
"7014851",371865,2025-06-16 01:58:09,43.3578987121582,-8.84493160247803,"Unknown"
"7014851",371865,2025-06-16 02:03:10,43.3578605651855,-8.84501552581787,"Unknown"
"7014851",371865,2025-06-16 02:08:09,43.3577499389648,-8.84515857696533,"Unknown"
"7014851",371865,2025-06-16 02:13:11,43.3577499389648,-8.84511375427246,"Unknown"
"7014851",371865,2025-06-16 02:18:12,43.3578186035156,-8.84516334533691,"Unknown"
"7014851",371865,2025-06-16 02:23:18,43.3578262329102,-8.84509754180908,"Unknown"
"7014851",371865,2025-06-16 02:28:10,43.3606491088867,-8.84672260284424,"Unknown"
"7014851",371865,2025-06-16 02:33:08,43.3750457763672,-8.84502983093262,"Unknown"
"7014851",371865,2025-06-16 02:38:08,43.3750381469727,-8.84714221954346,"Unknown"
"7014851",371865,2025-06-16 02:43:08,43.3752632141113,-8.84925270080566,"Unknown"
"7014851",371865,2025-06-16 02:48:09,43.3749351501465,-8.85404968261719,"Unknown"
"7014851",371865,2025-06-16 02:53:10,43.3748779296875,-8.8554515838623,"Unknown"
"7014851",371865,2025-06-16 02:58:10,43.375129699707,-8.85609912872314,"Unknown"
"7014851",371865,2025-06-16 03:03:09,43.3786201477051,-8.85185432434082,"Unknown"
"7014851",371865,2025-06-16 03:08:09,43.3789825439453,-8.85454940795898,"Unknown"
"7014851",371865,2025-06-16 03:13:08,43.3961944580078,-8.86797046661377,"Unknown"
"7014851",371865,2025-06-16 03:18:08,43.4133834838867,-8.88510036468506,"Unknown"
"7014851",371865,2025-06-16 03:23:11,43.4301567077637,-8.9110164642334,"Unknown"
"7014851",371865,2025-06-16 03:28:08,43.4423980712891,-8.95112895965576,"Unknown"
"7014851",371865,2025-06-16 03:33:08,43.4552154541016,-8.99127960205078,"Unknown"
"7014851",371865,2025-06-16 03:38:08,43.4725723266602,-9.00207614898682,"Unknown"
"7014851",371865,2025-06-16 03:43:09,43.4872055053711,-9.00180149078369,"Unknown"
"7014851",371865,2025-06-16 03:48:09,43.5048446655273,-9.00905990600586,"Unknown"
"7014851",371865,2025-06-16 03:53:08,43.5234642028809,-9.02079105377197,"Unknown"
"7014851",371865,2025-06-16 03:58:10,43.5396194458008,-9.0222749710083,"Unknown"
"7014851",371865,2025-06-16 04:03:09,43.5554313659668,-9.02265548706055,"Unknown"
"7014851",371865,2025-06-16 04:09:23,43.5733222961426,-9.02114295959473,"Unknown"
"7014851",371865,2025-06-16 04:13:09,43.5813865661621,-9.01209354400635,"Unknown"
"7014851",371865,2025-06-16 04:28:08,43.6126098632812,-8.98686218261719,"Unknown"
"7014851",371865,2025-06-16 04:33:08,43.6031761169434,-8.9800853729248,"Unknown"
"7014851",371865,2025-06-16 04:38:08,43.5869903564453,-8.97278881072998,"Unknown"
"7014851",371865,2025-06-16 04:43:13,43.5859870910645,-8.96846103668213,"Unknown"
"7014851",371865,2025-06-16 04:48:15,43.5865097045898,-8.96990203857422,"Unknown"
"7014851",371865,2025-06-16 04:54:06,43.5870208740234,-8.9663257598877,"Unknown"
"7014851",371865,2025-06-16 04:58:10,43.5960083007812,-8.95764446258545,"Unknown"
"7014851",371865,2025-06-16 05:04:11,43.6021385192871,-8.95111465454102,"Unknown"
"7014851",371865,2025-06-16 05:08:36,43.6081161499023,-8.93616008758545,"Unknown"
"7014851",371865,2025-06-16 05:13:08,43.6071243286133,-8.92180156707764,"Unknown"
"7014851",371865,2025-06-16 05:18:08,43.6035842895508,-8.90757942199707,"Unknown"
"7014851",371865,2025-06-16 05:28:09,43.6214942932129,-8.90224361419678,"Unknown"
"7014851",371865,2025-06-16 05:33:08,43.6321640014648,-8.89864635467529,"Unknown"
"7014851",371865,2025-06-16 05:38:08,43.634449005127,-8.8920431137085,"Unknown"
"7014851",371865,2025-06-16 05:43:08,43.6346244812012,-8.88108539581299,"Unknown"
"7014851",371865,2025-06-16 05:48:09,43.626880645752,-8.86620712280273,"Unknown"
"7014851",371865,2025-06-16 05:53:08,43.629337310791,-8.85189056396484,"Unknown"
"7014851",371865,2025-06-16 05:58:08,43.6411018371582,-8.84285259246826,"Unknown"
"7014851",371865,2025-06-16 06:03:08,43.645580291748,-8.82973480224609,"Unknown"
"7014851",371865,2025-06-16 06:08:10,43.6545677185059,-8.81957721710205,"Unknown"
"7014851",371865,2025-06-16 06:13:08,43.6669120788574,-8.81143760681152,"Unknown"
"7014851",371865,2025-06-16 06:18:08,43.6792755126953,-8.80933284759521,"Unknown"
"7014851",371865,2025-06-16 06:23:08,43.6906814575195,-8.80493450164795,"Unknown"
"7014851",371865,2025-06-16 06:28:08,43.6951217651367,-8.79090309143066,"Unknown"
"7014851",371865,2025-06-16 06:33:08,43.7015838623047,-8.77608585357666,"Unknown"
"7014851",371865,2025-06-16 06:38:09,43.7111167907715,-8.76251602172852,"Unknown"
"7014851",371865,2025-06-16 06:43:08,43.7121620178223,-8.74462795257568,"Unknown"
"7014851",371865,2025-06-16 06:48:08,43.7152633666992,-8.72426795959473,"Unknown"
"7014851",371865,2025-06-16 06:53:11,43.7121849060059,-8.71996402740479,"Unknown"
"7014851",371865,2025-06-16 06:58:08,43.7048377990723,-8.72830390930176,"Unknown"
"7014851",371865,2025-06-16 07:03:09,43.7012748718262,-8.73322772979736,"Unknown"
"7014851",371865,2025-06-16 07:08:11,43.6987991333008,-8.7390308380127,"Unknown"
"7014851",371865,2025-06-16 07:13:12,43.6980895996094,-8.74117469787598,"Unknown"
"7014851",371865,2025-06-16 07:18:12,43.6935234069824,-8.75076103210449,"Unknown"
"7014851",371865,2025-06-16 07:23:11,43.6927070617676,-8.75308513641357,"Unknown"
"7014851",371865,2025-06-16 07:28:11,43.6842041015625,-8.7639217376709,"Unknown"
"7014851",371865,2025-06-16 07:33:11,43.6843490600586,-8.76779842376709,"Unknown"
"7014851",371865,2025-06-16 07:38:11,43.6803436279297,-8.77471828460693,"Unknown"
"7014851",371865,2025-06-16 07:43:11,43.6800804138184,-8.77689838409424,"Unknown"
"7014851",371865,2025-06-16 07:48:11,43.6726608276367,-8.78377723693848,"Unknown"
"7014851",371865,2025-06-16 07:54:33,43.6724014282227,-8.78672027587891,"Unknown"
"7014851",371865,2025-06-16 07:59:28,43.6675720214844,-8.80532646179199,"Unknown"
"7014851",371865,2025-06-16 08:04:27,43.6640739440918,-8.81535816192627,"Unknown"
"7014851",371865,2025-06-16 08:09:26,43.6558532714844,-8.86619472503662,"Unknown"
"7014851",371865,2025-06-16 08:14:29,43.650806427002,-8.92045974731445,"Unknown"
"7014851",371865,2025-06-16 08:19:27,43.6305389404297,-8.94977474212646,"Unknown"
"7014851",371865,2025-06-16 08:24:27,43.6159286499023,-8.97958564758301,"Unknown"
"7014851",371865,2025-06-16 08:29:27,43.5884552001953,-8.98690795898438,"Unknown"
"7014851",371865,2025-06-16 08:34:27,43.5581855773926,-8.98702812194824,"Unknown"
"7014851",371865,2025-06-16 08:39:29,43.5294723510742,-8.97921657562256,"Unknown"
"7014851",371865,2025-06-16 08:44:28,43.504222869873,-8.96821117401123,"Unknown"
"7014851",371865,2025-06-16 08:49:29,43.4844856262207,-8.94908428192139,"Unknown"
"7014851",371865,2025-06-16 08:54:28,43.4700317382812,-8.92717742919922,"Unknown"
"7014851",371865,2025-06-16 08:59:29,43.4503746032715,-8.90461921691895,"Unknown"
"7014851",371865,2025-06-16 09:04:48,43.4339904785156,-8.89219760894775,"Unknown"
"7014851",371865,2025-06-16 09:09:27,43.4141540527344,-8.8814754486084,"Unknown"
"7014851",371865,2025-06-16 09:14:56,43.3857803344727,-8.86211395263672,"Unknown"
"7014851",371865,2025-06-16 09:19:38,43.3637161254883,-8.85157489776611,"Unknown"
"7014851",371865,2025-06-16 09:24:52,43.3575401306152,-8.84505271911621,"Unknown"
"7014851",371865,2025-06-16 09:29:34,43.3574638366699,-8.84511089324951,"Unknown"
"7014851",371865,2025-06-16 09:34:57,43.3576049804688,-8.84496688842773,"Unknown"
"7014851",371865,2025-06-16 09:39:28,43.3574371337891,-8.84493446350098,"Unknown"
"7014851",371865,2025-06-16 09:44:28,43.3574600219727,-8.84496212005615,"Unknown"
"7014851",371865,2025-06-16 09:49:30,43.3576011657715,-8.84493446350098,"Unknown"
"7014851",371865,2025-06-16 09:54:30,43.3579940795898,-8.84508037567139,"Unknown"
"7014851",371865,2025-06-16 09:59:26,43.3578262329102,-8.84498500823975,"Unknown"
"7014851",371865,2025-06-16 10:04:31,43.3578071594238,-8.8450403213501,"Unknown"
"7014851",371865,2025-06-16 10:09:27,43.3577423095703,-8.84490489959717,"Unknown"
"7014851",371865,2025-06-16 10:14:30,43.35791015625,-8.84509658813477,"Unknown"
"7014851",371865,2025-06-16 10:19:26,43.3577613830566,-8.84517192840576,"Unknown"
"7014851",371865,2025-06-16 10:24:27,43.357666015625,-8.8449125289917,"Unknown"
"7014851",371865,2025-06-16 10:29:33,43.3576126098633,-8.8451099395752,"Unknown"
"7014851",371865,2025-06-16 10:34:28,43.3574867248535,-8.84513759613037,"Unknown"
"7014851",371865,2025-06-16 10:39:28,43.3575057983398,-8.84553623199463,"Unknown"
"7014851",371865,2025-06-16 10:44:29,43.3575668334961,-8.84464073181152,"Unknown"
"7014851",371865,2025-06-16 10:49:33,43.3574295043945,-8.84555721282959,"Unknown"
"7014851",371865,2025-06-16 10:54:29,43.357479095459,-8.84545803070068,"Unknown"
"7014851",371865,2025-06-16 10:59:26,43.3574256896973,-8.84551525115967,"Unknown"
"7014851",371865,2025-06-16 11:04:27,43.3573684692383,-8.8458137512207,"Unknown"
"7014851",371865,2025-06-16 11:09:26,43.3574981689453,-8.84534740447998,"Unknown"
"7014851",371865,2025-06-16 11:14:26,43.3574523925781,-8.84582138061523,"Unknown"
"7014851",371865,2025-06-16 11:19:26,43.3575172424316,-8.84480953216553,"Unknown"
"7014851",371865,2025-06-16 11:24:27,43.3574485778809,-8.84547328948975,"Unknown"
"7014851",371865,2025-06-16 11:29:28,43.3575401306152,-8.84540462493896,"Unknown"
"7014851",371865,2025-06-16 11:34:28,43.357536315918,-8.84484481811523,"Unknown"
"7014851",371865,2025-06-16 11:39:53,43.3576774597168,-8.8444128036499,"Unknown"
"7014851",371865,2025-06-16 11:44:36,43.3576889038086,-8.84363746643066,"Unknown"
"7014851",371865,2025-06-16 11:49:28,43.3576774597168,-8.84363460540771,"Unknown"
"7014851",371865,2025-06-16 11:54:43,43.3578338623047,-8.84482288360596,"Unknown"
"7014851",371865,2025-06-16 11:59:28,43.3578338623047,-8.84480667114258,"Unknown"
"7014851",371865,2025-06-16 12:04:31,43.3577728271484,-8.8446044921875,"Unknown"
"7014851",371865,2025-06-16 12:09:31,43.3577575683594,-8.84477424621582,"Unknown"
"7014851",371865,2025-06-16 12:14:31,43.3578720092773,-8.84472179412842,"Unknown"
"7014851",371865,2025-06-16 12:19:43,43.3577766418457,-8.84453678131104,"Unknown"
"7014851",371865,2025-06-16 12:24:26,43.3658180236816,-8.84504127502441,"Unknown"
"7014851",371865,2025-06-16 12:29:27,43.3855667114258,-8.86485767364502,"Unknown"
"7014851",371865,2025-06-16 12:34:29,43.4058876037598,-8.88603687286377,"Unknown"
"7014851",371865,2025-06-16 12:40:35,43.4272308349609,-8.9222354888916,"Unknown"
"7014851",371865,2025-06-16 12:44:26,43.4413986206055,-8.9317045211792,"Unknown"
"7014851",371865,2025-06-16 12:49:26,43.4606399536133,-8.94573593139648,"Unknown"
"7014851",371865,2025-06-16 12:54:31,43.480094909668,-8.96050071716309,"Unknown"
"7014851",371865,2025-06-16 13:04:31,43.5148162841797,-9.0171422958374,"Unknown"
"7014851",371865,2025-06-16 13:09:27,43.5123558044434,-9.082200050354,"Unknown"
"7014851",371865,2025-06-16 13:14:32,43.507755279541,-9.08687114715576,"Unknown"
"7014851",371865,2025-06-16 13:19:58,43.5039329528809,-9.09015560150146,"Unknown"
"7014851",371865,2025-06-16 13:24:39,43.5000419616699,-9.09720420837402,"Unknown"
"7014851",371865,2025-06-16 13:29:48,43.4962272644043,-9.10240077972412,"Unknown"
"7014851",371865,2025-06-16 13:34:50,43.495174407959,-9.10397148132324,"Unknown"
"7014851",371865,2025-06-16 13:39:51,43.4944343566895,-9.10498428344727,"Unknown"
"7014851",371865,2025-06-16 13:44:53,43.4939727783203,-9.10627365112305,"Unknown"
"7014851",371865,2025-06-16 13:49:28,43.4933624267578,-9.11040306091309,"Unknown"
"7014851",371865,2025-06-16 13:54:45,43.4747047424316,-9.13061428070068,"Unknown"
"7014851",371865,2025-06-16 13:59:53,43.4719085693359,-9.13629341125488,"Unknown"
"7014851",371865,2025-06-16 14:04:59,43.4673767089844,-9.14390563964844,"Unknown"
"7014851",371865,2025-06-16 14:09:37,43.4638710021973,-9.14896583557129,"Unknown"
"7014851",371865,2025-06-16 14:14:32,43.4608535766602,-9.15487861633301,"Unknown"
"7014851",371865,2025-06-16 14:19:38,43.4557495117188,-9.15951156616211,"Unknown"
"7014851",371865,2025-06-16 14:24:37,43.4542770385742,-9.16293239593506,"Unknown"
"7014851",371865,2025-06-16 14:34:26,43.4171371459961,-9.12578868865967,"Unknown"
"7014851",371865,2025-06-16 14:39:26,43.403434753418,-9.1110782623291,"Unknown"
"7014851",371865,2025-06-16 14:44:26,43.3808517456055,-9.08899116516113,"Unknown"
"7014851",371865,2025-06-16 14:49:26,43.3655319213867,-9.06287384033203,"Unknown"
"7014851",371865,2025-06-16 14:54:26,43.3512840270996,-9.03370189666748,"Unknown"
"7014851",371865,2025-06-16 14:59:26,43.3370780944824,-9.00507831573486,"Unknown"
"7014851",371865,2025-06-16 15:04:26,43.3293304443359,-8.97641468048096,"Unknown"
"7014851",371865,2025-06-16 15:09:25,43.3245887756348,-8.94543266296387,"Unknown"
"7014851",371865,2025-06-16 15:14:25,43.3184928894043,-8.91775417327881,"Unknown"
"7014851",371865,2025-06-16 15:19:38,43.3189697265625,-8.88992500305176,"Unknown"
"7014851",371865,2025-06-16 15:24:26,43.3254165649414,-8.8581600189209,"Unknown"
"7014851",371865,2025-06-16 15:29:37,43.3391456604004,-8.84594821929932,"Unknown"
"7014851",371865,2025-06-16 15:34:59,43.3575439453125,-8.84498977661133,"Unknown"
"7014851",371865,2025-06-16 15:39:25,43.3576011657715,-8.84505176544189,"Unknown"
"7014851",371865,2025-06-16 15:44:44,43.357593536377,-8.84511089324951,"Unknown"
"7014851",371865,2025-06-16 15:49:25,43.3577156066895,-8.84509944915771,"Unknown"
"7014851",371865,2025-06-16 15:54:29,43.3576583862305,-8.84513282775879,"Unknown"
"7014851",371865,2025-06-16 15:59:26,43.3575477600098,-8.84499454498291,"Unknown"
"7014851",371865,2025-06-16 16:04:27,43.357608795166,-8.84512519836426,"Unknown"
"7014851",371865,2025-06-16 16:09:26,43.357723236084,-8.84518718719482,"Unknown"
"7014851",371865,2025-06-16 16:14:25,43.357593536377,-8.84499740600586,"Unknown"
"7014851",371865,2025-06-16 16:19:24,43.3576545715332,-8.84510517120361,"Unknown"
"7014851",371865,2025-06-16 16:24:25,43.3578796386719,-8.84519100189209,"Unknown"
"7014851",371865,2025-06-16 16:29:25,43.3576850891113,-8.84508323669434,"Unknown"
"7014851",371865,2025-06-16 16:34:31,43.3579406738281,-8.84527587890625,"Unknown"
"7014851",371865,2025-06-16 16:39:29,43.3576965332031,-8.84527111053467,"Unknown"
"7014851",371865,2025-06-16 16:44:44,43.357593536377,-8.84500789642334,"Unknown"
"7014851",371865,2025-06-16 16:49:30,43.3578491210938,-8.84553050994873,"Unknown"
"7014851",371865,2025-06-16 16:54:36,43.3575477600098,-8.84500217437744,"Unknown"
"7014851",371865,2025-06-16 16:59:33,43.3575706481934,-8.84499931335449,"Unknown"
"7014851",371865,2025-06-16 17:04:28,43.3575859069824,-8.8450403213501,"Unknown"
"7014851",371865,2025-06-16 17:09:36,43.3582344055176,-8.84615421295166,"Unknown"
"7014851",371865,2025-06-16 17:14:31,43.3576774597168,-8.84513092041016,"Unknown"
"7014851",371865,2025-06-16 17:19:39,43.3575897216797,-8.84500312805176,"Unknown"
"7014851",371865,2025-06-16 17:24:36,43.3575286865234,-8.84509181976318,"Unknown"
"7014851",371865,2025-06-16 17:29:27,43.3581428527832,-8.8462495803833,"Unknown"
"7014851",371865,2025-06-16 17:34:59,43.3576507568359,-8.84502983093262,"Unknown"
"7014851",371865,2025-06-16 17:39:25,43.3576698303223,-8.84499263763428,"Unknown"
"7014851",371865,2025-06-16 17:44:25,43.3577041625977,-8.84508609771729,"Unknown"
"7014851",371865,2025-06-16 17:49:25,43.3577613830566,-8.84500789642334,"Unknown"
"7014851",371865,2025-06-16 17:54:25,43.3577117919922,-8.84500312805176,"Unknown"
"7014851",371865,2025-06-16 17:59:25,43.3578262329102,-8.84494876861572,"Unknown"
"7014851",371865,2025-06-16 18:04:25,43.3577308654785,-8.84502696990967,"Unknown"
"7014851",371865,2025-06-16 18:09:25,43.3578033447266,-8.84501647949219,"Unknown"
"7014851",371865,2025-06-16 18:14:24,43.3578224182129,-8.84510040283203,"Unknown"
"7014851",371865,2025-06-16 18:19:25,43.3578834533691,-8.8450345993042,"Unknown"
"7014851",371865,2025-06-16 18:24:25,43.3578643798828,-8.84496021270752,"Unknown"
"7014851",371865,2025-06-16 18:29:25,43.3577194213867,-8.84503173828125,"Unknown"
"7014851",371865,2025-06-16 18:34:25,43.3577499389648,-8.84508419036865,"Unknown"
"7014851",371865,2025-06-16 18:39:26,43.3576431274414,-8.8450403213501,"Unknown"
"7014851",371865,2025-06-16 18:44:25,43.357608795166,-8.84502506256104,"Unknown"
"7014851",371865,2025-06-16 18:49:28,43.3576965332031,-8.84508514404297,"Unknown"
"7014851",371865,2025-06-16 18:54:25,43.3576965332031,-8.84502696990967,"Unknown"
"7014851",371865,2025-06-16 18:59:26,43.3577613830566,-8.84525299072266,"Unknown"
"7014851",371865,2025-06-16 19:04:26,43.3576812744141,-8.84519004821777,"Unknown"
"7014851",371865,2025-06-16 19:09:27,43.3576202392578,-8.84519958496094,"Unknown"
"7014851",371865,2025-06-16 19:14:29,43.3578147888184,-8.84537506103516,"Unknown"
"7014851",371865,2025-06-16 19:19:29,43.3577613830566,-8.84532928466797,"Unknown"
"7014851",371865,2025-06-16 19:24:31,43.357608795166,-8.84504413604736,"Unknown"
"7014851",371865,2025-06-16 19:29:26,43.357494354248,-8.8449592590332,"Unknown"
"7014851",371865,2025-06-16 19:34:28,43.3578186035156,-8.84525871276855,"Unknown"
"7014851",371865,2025-06-16 19:39:29,43.3578071594238,-8.84535217285156,"Unknown"
"7014851",371865,2025-06-16 19:44:30,43.3579216003418,-8.84549427032471,"Unknown"
"7014851",371865,2025-06-16 19:49:31,43.3575210571289,-8.84487247467041,"Unknown"
"7014851",371865,2025-06-16 19:54:28,43.3577613830566,-8.8453197479248,"Unknown"
"7014851",371865,2025-06-16 19:59:33,43.3575744628906,-8.84496974945068,"Unknown"
"7014851",371865,2025-06-16 20:04:37,43.3575401306152,-8.84507942199707,"Unknown"
"7014851",371865,2025-06-16 20:09:44,43.3575439453125,-8.84510803222656,"Unknown"
"7014851",371865,2025-06-16 20:14:26,43.3575477600098,-8.84512615203857,"Unknown"
"7014851",371865,2025-06-16 20:19:26,43.3575096130371,-8.84502029418945,"Unknown"
"7014851",371865,2025-06-16 20:24:26,43.3575248718262,-8.84506702423096,"Unknown"
"7014851",371865,2025-06-16 20:29:29,43.3574104309082,-8.84488201141357,"Unknown"
"7014851",371865,2025-06-16 20:34:37,43.3577156066895,-8.84483909606934,"Unknown"
"7014851",371865,2025-06-16 20:39:36,43.3577423095703,-8.84481048583984,"Unknown"
"7014851",371865,2025-06-16 20:44:34,43.3575744628906,-8.84497165679932,"Unknown"
"7014851",371865,2025-06-16 20:49:44,43.3578567504883,-8.84483623504639,"Unknown"
"7014851",371865,2025-06-16 20:54:59,43.3576354980469,-8.84497451782227,"Unknown"
"7014851",371865,2025-06-16 20:59:25,43.3576240539551,-8.84498500823975,"Unknown"
"7014851",371865,2025-06-16 21:04:26,43.3611679077148,-8.84105491638184,"Unknown"
"7014851",371865,2025-06-16 21:09:28,43.359447479248,-8.83103466033936,"Unknown"
"7014851",371865,2025-06-16 21:14:27,43.3576049804688,-8.84508800506592,"Unknown"
"7014851",371865,2025-06-16 21:19:26,43.3575630187988,-8.84515571594238,"Unknown"
"7014851",371865,2025-06-16 21:24:25,43.3576889038086,-8.84508228302002,"Unknown"
"7014851",371865,2025-06-16 21:29:27,43.3576393127441,-8.84512042999268,"Unknown"
"7014851",371865,2025-06-16 21:34:26,43.3575630187988,-8.84518718719482,"Unknown"
"7014851",371865,2025-06-16 21:39:26,43.3576240539551,-8.8451566696167,"Unknown"
"7014851",371865,2025-06-16 21:44:26,43.3575706481934,-8.84511375427246,"Unknown"
"7014851",371865,2025-06-16 21:49:25,43.3575477600098,-8.84514427185059,"Unknown"
"7014851",371865,2025-06-16 21:54:26,43.357593536377,-8.84511947631836,"Unknown"
"7014851",371865,2025-06-16 21:59:26,43.3575782775879,-8.84517574310303,"Unknown"
"7014851",371865,2025-06-16 22:04:31,43.3574752807617,-8.84514904022217,"Unknown"
"7014851",371865,2025-06-16 22:09:28,43.3575668334961,-8.8451681137085,"Unknown"
"7014851",371865,2025-06-16 22:14:29,43.357608795166,-8.84514904022217,"Unknown"
"7014851",371865,2025-06-16 22:19:27,43.3575859069824,-8.84515380859375,"Unknown"
"7014851",371865,2025-06-16 22:24:26,43.3575592041016,-8.84517765045166,"Unknown"
"7014851",371865,2025-06-16 22:29:27,43.3576278686523,-8.84499359130859,"Unknown"
"7014851",371865,2025-06-16 22:34:36,43.3574447631836,-8.84491539001465,"Unknown"
"7014851",371865,2025-06-16 22:39:29,43.357723236084,-8.84540462493896,"Unknown"
"7014851",371865,2025-06-16 22:44:36,43.3575248718262,-8.84492492675781,"Unknown"
"7014851",371865,2025-06-16 22:49:26,43.3576545715332,-8.84526920318604,"Unknown"
"7014851",371865,2025-06-16 22:54:39,43.3575820922852,-8.8449592590332,"Unknown"
"7014851",371865,2025-06-16 22:59:36,43.357551574707,-8.84489917755127,"Unknown"
"7014851",371865,2025-06-16 23:04:36,43.3576393127441,-8.84485340118408,"Unknown"
"7014851",371865,2025-06-16 23:09:36,43.357536315918,-8.845046043396,"Unknown"
"7014851",371865,2025-06-16 23:14:36,43.3576011657715,-8.84499168395996,"Unknown"
"7014851",371865,2025-06-16 23:19:36,43.3575820922852,-8.84495067596436,"Unknown"
"7014851",371865,2025-06-16 23:24:36,43.3575973510742,-8.84493732452393,"Unknown"
"7014851",371865,2025-06-16 23:29:36,43.3575248718262,-8.84488868713379,"Unknown"
"7014851",371865,2025-06-16 23:34:37,43.3575973510742,-8.84491443634033,"Unknown"
"7014851",371865,2025-06-16 23:39:37,43.3575172424316,-8.84479808807373,"Unknown"
"7014851",371865,2025-06-16 23:44:36,43.357536315918,-8.84482192993164,"Unknown"
"7014851",371865,2025-06-16 23:49:36,43.3575973510742,-8.84495449066162,"Unknown"
"7014851",371865,2025-06-16 23:54:36,43.3575248718262,-8.84445095062256,"Unknown"
"7014851",371865,2025-06-16 23:59:36,43.3575897216797,-8.84486770629883,"Unknown"
"7014851",371865,2025-06-17 00:04:37,43.3575630187988,-8.84488105773926,"Unknown"
"7014851",371865,2025-06-17 00:09:35,43.357551574707,-8.84468746185303,"Unknown"
"7014851",371865,2025-06-17 00:14:57,43.3575592041016,-8.84501171112061,"Unknown"
"7014851",371865,2025-06-17 00:19:25,43.3575592041016,-8.84495449066162,"Unknown"
"7014851",371865,2025-06-17 00:24:26,43.3575248718262,-8.84491539001465,"Unknown"
"7014851",371865,2025-06-17 00:29:25,43.357551574707,-8.84499740600586,"Unknown"
"7014851",371865,2025-06-17 00:34:25,43.3575706481934,-8.844970703125,"Unknown"
"7014851",371865,2025-06-17 00:39:25,43.3575057983398,-8.84501171112061,"Unknown"
"7014851",371865,2025-06-17 00:44:25,43.3574752807617,-8.84502601623535,"Unknown"
"7014851",371865,2025-06-17 00:49:26,43.3575592041016,-8.84508895874023,"Unknown"
"7014851",371865,2025-06-17 00:54:33,43.3611221313477,-8.84466648101807,"Unknown"
"7014851",371865,2025-06-17 00:59:27,43.3576164245605,-8.84501266479492,"Unknown"
"7014851",371865,2025-06-17 01:04:26,43.3573989868164,-8.84506702423096,"Unknown"
"7014851",371865,2025-06-17 01:09:29,43.3575019836426,-8.84503078460693,"Unknown"
"7014851",371865,2025-06-17 01:14:27,43.3572425842285,-8.84514808654785,"Unknown"
"7014851",371865,2025-06-17 01:19:43,43.3575477600098,-8.84494972229004,"Unknown"
"7014851",371865,2025-06-17 01:24:26,43.3574447631836,-8.84483623504639,"Unknown"
"7014851",371865,2025-06-17 01:29:26,43.3581199645996,-8.84512329101562,"Unknown"
"7014851",371865,2025-06-17 01:34:31,43.3575325012207,-8.84491348266602,"Unknown"
"7014851",371865,2025-06-17 01:39:27,43.3575630187988,-8.84492111206055,"Unknown"
"7014851",371865,2025-06-17 01:44:30,43.3577194213867,-8.84497928619385,"Unknown"
"7014851",371865,2025-06-17 01:49:44,43.357608795166,-8.84502983093262,"Unknown"
"7014851",371865,2025-06-17 01:54:26,43.3575630187988,-8.84495258331299,"Unknown"
"7014851",371865,2025-06-17 01:59:26,43.3574180603027,-8.84474277496338,"Unknown"
"7014851",371865,2025-06-17 02:04:33,43.3576049804688,-8.84498119354248,"Unknown"
"7014851",371865,2025-06-17 02:09:31,43.3574409484863,-8.84487533569336,"Unknown"
"7014851",371865,2025-06-17 02:14:28,43.3574180603027,-8.84472751617432,"Unknown"
"7014851",371865,2025-06-17 02:19:26,43.3610229492188,-8.84245014190674,"Unknown"
"7014851",371865,2025-06-17 02:24:27,43.3806610107422,-8.84358024597168,"Unknown"
"7014851",371865,2025-06-17 02:29:27,43.4015846252441,-8.83526420593262,"Unknown"
"7014851",371865,2025-06-17 02:34:27,43.4229354858398,-8.82736873626709,"Unknown"
"7014851",371865,2025-06-17 02:39:27,43.4433708190918,-8.81802654266357,"Unknown"
"7014851",371865,2025-06-17 02:44:26,43.4631881713867,-8.81523323059082,"Unknown"
"7014851",371865,2025-06-17 02:50:13,43.4881553649902,-8.83789443969727,"Unknown"
"7014851",371865,2025-06-17 02:54:31,43.5069961547852,-8.85625553131104,"Unknown"
"7014851",371865,2025-06-17 02:59:30,43.5308494567871,-8.86672592163086,"Unknown"
"7014851",371865,2025-06-17 03:04:31,43.5366516113281,-8.8686637878418,"Unknown"
"7014851",371865,2025-06-17 03:09:56,43.557014465332,-8.88656425476074,"Unknown"
"7014851",371865,2025-06-17 03:14:30,43.5719604492188,-8.90128135681152,"Unknown"
"7014851",371865,2025-06-17 03:20:11,43.5892944335938,-8.93477344512939,"Unknown"
"7014851",371865,2025-06-17 03:24:45,43.5842361450195,-8.96031665802002,"Unknown"
"7014851",371865,2025-06-17 03:29:27,43.5857162475586,-8.95692443847656,"Unknown"
"7014851",371865,2025-06-17 03:34:29,43.5876541137695,-8.95678997039795,"Unknown"
"7014851",371865,2025-06-17 03:39:35,43.5882835388184,-8.95287418365479,"Unknown"
"7014851",371865,2025-06-17 03:44:37,43.5883941650391,-8.95385265350342,"Unknown"
"7014851",371865,2025-06-17 03:50:21,43.5875663757324,-8.95277881622314,"Unknown"
"7014851",371865,2025-06-17 03:54:30,43.5859336853027,-8.95656776428223,"Unknown"
"7014851",371865,2025-06-17 03:59:37,43.5851974487305,-8.95231151580811,"Unknown"
"7014851",371865,2025-06-17 04:04:28,43.5864295959473,-8.95524120330811,"Unknown"
"7014851",371865,2025-06-17 04:09:37,43.5861587524414,-8.95720863342285,"Unknown"
"7014851",371865,2025-06-17 04:14:31,43.5867195129395,-8.96065235137939,"Unknown"
"7014851",371865,2025-06-17 04:19:37,43.5859756469727,-8.96121788024902,"Unknown"
"7014851",371865,2025-06-17 04:24:30,43.5863037109375,-8.96386337280273,"Unknown"
"7014851",371865,2025-06-17 04:29:57,43.586109161377,-8.96610260009766,"Unknown"
"7014851",371865,2025-06-17 04:34:30,43.5857887268066,-8.97005844116211,"Unknown"
"7014851",371865,2025-06-17 04:39:26,43.5802307128906,-9.02390956878662,"Unknown"
"7014851",371865,2025-06-17 04:44:29,43.5610580444336,-9.09011363983154,"Unknown"
"7014851",371865,2025-06-17 04:49:27,43.5309371948242,-9.14084243774414,"Unknown"
"7014851",371865,2025-06-17 04:54:30,43.4840888977051,-9.17345142364502,"Unknown"
"7014851",371865,2025-06-17 05:00:36,43.4506454467773,-9.18480682373047,"Unknown"
"7014851",371865,2025-06-17 05:05:29,43.4496650695801,-9.16988945007324,"Unknown"
"7014851",371865,2025-06-17 05:09:30,43.4516143798828,-9.15398693084717,"Unknown"
"7014851",371865,2025-06-17 05:14:34,43.449951171875,-9.13947772979736,"Unknown"
"7014851",371865,2025-06-17 05:19:27,43.4529609680176,-9.11977291107178,"Unknown"
"7014851",371865,2025-06-17 05:24:34,43.4514007568359,-9.10224628448486,"Unknown"
"7014851",371865,2025-06-17 05:29:26,43.4405364990234,-9.08016490936279,"Unknown"
"7014851",371865,2025-06-17 05:34:26,43.4351921081543,-9.05946254730225,"Unknown"
"7014851",371865,2025-06-17 05:39:27,43.4347496032715,-9.03386211395264,"Unknown"
"7014851",371865,2025-06-17 05:44:26,43.4341659545898,-9.01144123077393,"Unknown"
"7014851",371865,2025-06-17 05:49:27,43.4277534484863,-8.98864269256592,"Unknown"
"7014851",371865,2025-06-17 05:54:26,43.416088104248,-8.96824264526367,"Unknown"
"7014851",371865,2025-06-17 05:59:27,43.4042167663574,-8.95606136322021,"Unknown"
"7014851",371865,2025-06-17 06:05:49,43.4190826416016,-8.93074321746826,"Unknown"
"7014851",371865,2025-06-17 06:10:49,43.4166603088379,-8.93676567077637,"Unknown"
"7014851",371865,2025-06-17 06:14:44,43.4151763916016,-8.93696022033691,"Unknown"
"7014851",371865,2025-06-17 06:19:32,43.4079284667969,-8.92905902862549,"Unknown"
"7014851",371865,2025-06-17 06:24:32,43.3947372436523,-8.89631366729736,"Unknown"
"7014851",371865,2025-06-17 06:29:36,43.3780860900879,-8.86397838592529,"Unknown"
"7014851",371865,2025-06-17 06:34:28,43.3576774597168,-8.84541702270508,"Unknown"
"7014851",371865,2025-06-17 06:39:38,43.3575859069824,-8.84498691558838,"Unknown"
"7014851",371865,2025-06-17 06:44:31,43.3575134277344,-8.8449592590332,"Unknown"
"7014851",371865,2025-06-17 06:49:59,43.3575668334961,-8.84498596191406,"Unknown"
"7014851",371865,2025-06-17 06:54:27,43.357608795166,-8.84501171112061,"Unknown"
"7014851",371865,2025-06-17 06:59:28,43.3576545715332,-8.84497261047363,"Unknown"
"7014851",371865,2025-06-17 07:04:27,43.3577041625977,-8.8449821472168,"Unknown"
"7014851",371865,2025-06-17 07:09:38,43.3577461242676,-8.84499454498291,"Unknown"
"7014851",371865,2025-06-17 07:14:44,43.3577651977539,-8.84498119354248,"Unknown"
"7014851",371865,2025-06-17 07:19:30,43.3579483032227,-8.84506225585938,"Unknown"
"7014851",371865,2025-06-17 07:24:31,43.3577346801758,-8.84494876861572,"Unknown"
"7014851",371865,2025-06-17 07:29:27,43.3577651977539,-8.84492874145508,"Unknown"
"7014851",371865,2025-06-17 07:34:26,43.3577842712402,-8.84495162963867,"Unknown"
"7014851",371865,2025-06-17 07:39:35,43.3573379516602,-8.84505939483643,"Unknown"
"7014851",371865,2025-06-17 07:44:31,43.3574295043945,-8.84502601623535,"Unknown"
"7014851",371865,2025-06-17 07:49:44,43.3576850891113,-8.84505081176758,"Unknown"
"7014851",371865,2025-06-17 07:54:56,43.357593536377,-8.84503746032715,"Unknown"
"7014851",371865,2025-06-17 07:59:25,43.3576202392578,-8.84502029418945,"Unknown"
"7014851",371865,2025-06-17 08:04:25,43.3575553894043,-8.84506130218506,"Unknown"
"7014851",371865,2025-06-17 08:09:24,43.3574523925781,-8.84512233734131,"Unknown"
"7014851",371865,2025-06-17 08:14:24,43.3575401306152,-8.84511089324951,"Unknown"
"7014851",371865,2025-06-17 08:19:26,43.3575248718262,-8.84505176544189,"Unknown"
"7014851",371865,2025-06-17 08:24:24,43.3575439453125,-8.84509563446045,"Unknown"
"7014851",371865,2025-06-17 08:29:24,43.3575248718262,-8.84510612487793,"Unknown"
"7014851",371865,2025-06-17 08:34:24,43.3575286865234,-8.84508037567139,"Unknown"
"7014851",371865,2025-06-17 08:39:24,43.3574829101562,-8.84509944915771,"Unknown"
"7014851",371865,2025-06-17 08:44:24,43.357479095459,-8.84515380859375,"Unknown"
"7014851",371865,2025-06-17 08:49:26,43.3574714660645,-8.84508323669434,"Unknown"
"7014851",371865,2025-06-17 08:54:27,43.3576698303223,-8.84500789642334,"Unknown"
"7014851",371865,2025-06-17 08:59:26,43.3575439453125,-8.84511566162109,"Unknown"
"7014851",371865,2025-06-17 09:04:26,43.3574829101562,-8.84513187408447,"Unknown"
"7014851",371865,2025-06-17 09:09:26,43.3576011657715,-8.84512424468994,"Unknown"
"7014851",371865,2025-06-17 09:14:30,43.3574600219727,-8.84510898590088,"Unknown"
"7014851",371865,2025-06-17 09:19:44,43.3575248718262,-8.84506797790527,"Unknown"
"7014851",371865,2025-06-17 09:24:24,43.3575477600098,-8.84504508972168,"Unknown"
"7014851",371865,2025-06-17 09:29:27,43.3575401306152,-8.84509372711182,"Unknown"
"7014851",371865,2025-06-17 09:34:28,43.357494354248,-8.84526062011719,"Unknown"
"7014851",371865,2025-06-17 09:39:31,43.3574905395508,-8.84508419036865,"Unknown"
"7014851",371865,2025-06-17 09:44:26,43.3575820922852,-8.84519386291504,"Unknown"
"7014851",371865,2025-06-17 09:49:29,43.3574523925781,-8.84503173828125,"Unknown"
"7014851",371865,2025-06-17 09:54:27,43.357738494873,-8.84515476226807,"Unknown"
"7014851",371865,2025-06-17 09:59:29,43.3576965332031,-8.84514808654785,"Unknown"
"7014851",371865,2025-06-17 10:04:25,43.357250213623,-8.84440803527832,"Unknown"
"7014851",371865,2025-06-17 10:09:27,43.3575706481934,-8.84548282623291,"Unknown"
"7014851",371865,2025-06-17 10:14:29,43.3577079772949,-8.84548091888428,"Unknown"
"7014851",371865,2025-06-17 10:19:27,43.3577270507812,-8.84554195404053,"Unknown"
"7014851",371865,2025-06-17 10:24:44,43.3576889038086,-8.84488582611084,"Unknown"
"7014851",371865,2025-06-17 10:29:33,43.3576927185059,-8.84491157531738,"Unknown"
"7014851",371865,2025-06-17 10:34:45,43.3576354980469,-8.84515190124512,"Unknown"
"7014851",371865,2025-06-17 10:39:29,43.3575897216797,-8.84520053863525,"Unknown"
"7014851",371865,2025-06-17 10:44:41,43.3576049804688,-8.84505271911621,"Unknown"
"7014851",371865,2025-06-17 10:49:59,43.3576126098633,-8.84497165679932,"Unknown"
"7014851",371865,2025-06-17 10:54:28,43.3575973510742,-8.84508609771729,"Unknown"
"7014851",371865,2025-06-17 10:59:25,43.3576316833496,-8.84498500823975,"Unknown"
"7014851",371865,2025-06-17 11:04:26,43.3576126098633,-8.84498882293701,"Unknown"
"7014851",371865,2025-06-17 11:09:25,43.3695411682129,-8.85844802856445,"Unknown"
"7014851",371865,2025-06-17 11:14:26,43.3743019104004,-8.8679084777832,"Unknown"
"7014851",371865,2025-06-17 11:19:25,43.3908462524414,-8.89356327056885,"Unknown"
"7014851",371865,2025-06-17 11:24:25,43.4059028625488,-8.93053722381592,"Unknown"
"7014851",371865,2025-06-17 11:29:25,43.4091110229492,-8.93429088592529,"Unknown"
"7014851",371865,2025-06-17 11:34:25,43.4096298217773,-8.9365062713623,"Unknown"
"7014851",371865,2025-06-17 11:39:26,43.4261093139648,-8.94184303283691,"Unknown"
"7014851",371865,2025-06-17 11:44:26,43.4367828369141,-8.94012641906738,"Unknown"
"7014851",371865,2025-06-17 11:49:25,43.4459571838379,-8.94299983978271,"Unknown"
"7014851",371865,2025-06-17 11:54:26,43.4505500793457,-8.95381736755371,"Unknown"
"7014851",371865,2025-06-17 11:59:25,43.4665908813477,-8.97821140289307,"Unknown"
"7014851",371865,2025-06-17 12:04:34,43.4812660217285,-8.99840545654297,"Unknown"
"7014851",371865,2025-06-17 12:09:35,43.4995994567871,-9.02119541168213,"Unknown"
"7014851",371865,2025-06-17 12:14:36,43.5177345275879,-9.02125072479248,"Unknown"
"7014851",371865,2025-06-17 12:19:26,43.5350303649902,-9.02105522155762,"Unknown"
"7014851",371865,2025-06-17 12:24:26,43.5521354675293,-9.02557754516602,"Unknown"
"7014851",371865,2025-06-17 12:29:26,43.5485534667969,-9.00149345397949,"Unknown"
"7014851",371865,2025-06-17 12:34:26,43.5456237792969,-8.97441673278809,"Unknown"
"7014851",371865,2025-06-17 12:39:27,43.550853729248,-8.95359230041504,"Unknown"
"7014851",371865,2025-06-17 12:44:36,43.5705528259277,-8.94705390930176,"Unknown"
"7014851",371865,2025-06-17 12:49:27,43.5856971740723,-8.9417839050293,"Unknown"
"7014851",371865,2025-06-17 12:54:28,43.5897254943848,-8.93782138824463,"Unknown"
"7014851",371865,2025-06-17 12:59:28,43.5956077575684,-8.91790103912354,"Unknown"
"7014851",371865,2025-06-17 13:04:45,43.6017303466797,-8.89760112762451,"Unknown"
"7014851",371865,2025-06-17 13:09:27,43.6099853515625,-8.88246631622314,"Unknown"
"7014851",371865,2025-06-17 13:14:28,43.6308517456055,-8.88309955596924,"Unknown"
"7014851",371865,2025-06-17 13:19:28,43.6499710083008,-8.87940502166748,"Unknown"
"7014851",371865,2025-06-17 13:24:39,43.6543197631836,-8.88526344299316,"Unknown"
"7014851",371865,2025-06-17 13:29:34,43.6505966186523,-8.8931188583374,"Unknown"
"7014851",371865,2025-06-17 13:34:27,43.6248054504395,-8.9388952255249,"Unknown"
"7014851",371865,2025-06-17 13:39:33,43.5763473510742,-8.97690010070801,"Unknown"
"7014851",371865,2025-06-17 13:44:37,43.5538063049316,-9.01534080505371,"Unknown"
"7014851",371865,2025-06-17 13:49:40,43.5540237426758,-9.01812267303467,"Unknown"
"7014851",371865,2025-06-17 13:54:37,43.5542869567871,-9.02063369750977,"Unknown"
"7014851",371865,2025-06-17 13:59:38,43.5497970581055,-9.03791904449463,"Unknown"
"7014851",371865,2025-06-17 14:04:51,43.5471801757812,-9.04488277435303,"Unknown"
"7014851",371865,2025-06-17 14:09:39,43.5478553771973,-9.04729080200195,"Unknown"
"7014851",371865,2025-06-17 14:14:40,43.5382690429688,-9.0568265914917,"Unknown"
"7014851",371865,2025-06-17 14:20:04,43.540340423584,-9.05206298828125,"Unknown"
"7014851",371865,2025-06-17 14:25:04,43.5370483398438,-9.03732204437256,"Unknown"
"7014851",371865,2025-06-17 14:29:41,43.5223808288574,-9.0698766708374,"Unknown"
"7014851",371865,2025-06-17 14:34:59,43.5222244262695,-9.07290649414062,"Unknown"
"7014851",371865,2025-06-17 14:39:28,43.5149955749512,-9.07872772216797,"Unknown"
"7014851",371865,2025-06-17 14:44:26,43.5088882446289,-9.0848274230957,"Unknown"
"7014851",371865,2025-06-17 14:49:29,43.5089492797852,-9.08743762969971,"Unknown"
"7014851",371865,2025-06-17 14:55:34,43.5009727478027,-9.09625244140625,"Unknown"
"7014851",371865,2025-06-17 14:59:27,43.5007591247559,-9.09798240661621,"Unknown"
"7014851",371865,2025-06-17 15:04:27,43.5008201599121,-9.10048007965088,"Unknown"
"7014851",371865,2025-06-17 15:09:26,43.4945449829102,-9.10720157623291,"Unknown"
"7014851",371865,2025-06-17 15:14:25,43.4952812194824,-9.10829162597656,"Unknown"
"7014851",371865,2025-06-17 15:19:25,43.4940910339355,-9.11036491394043,"Unknown"
"7014851",371865,2025-06-17 15:24:26,43.4940567016602,-9.10778999328613,"Unknown"
"7014851",371865,2025-06-17 15:29:25,43.495174407959,-9.11041927337646,"Unknown"
"7014851",371865,2025-06-17 15:34:26,43.4943733215332,-9.1079683303833,"Unknown"
"7014851",371865,2025-06-17 15:39:27,43.4943504333496,-9.10601806640625,"Unknown"
"7014851",371865,2025-06-17 15:44:28,43.4965438842773,-9.12173843383789,"Unknown"
"7014851",371865,2025-06-17 15:49:28,43.497184753418,-9.11954689025879,"Unknown"
"7014851",371865,2025-06-17 15:54:27,43.4923820495605,-9.0973596572876,"Unknown"
"7014851",371865,2025-06-17 15:59:28,43.4905052185059,-9.08393096923828,"Unknown"
"7014851",371865,2025-06-17 16:05:29,43.4876899719238,-9.06683540344238,"Unknown"
"7014851",371865,2025-06-17 16:09:27,43.4871788024902,-9.05771636962891,"Unknown"
"7014851",371865,2025-06-17 16:14:41,43.4847412109375,-9.04090976715088,"Unknown"
"7014851",371865,2025-06-17 16:19:26,43.4832382202148,-9.02705097198486,"Unknown"
"7014851",371865,2025-06-17 16:24:39,43.4808959960938,-9.01344680786133,"Unknown"
"7014851",371865,2025-06-17 16:29:35,43.4798889160156,-9.00133419036865,"Unknown"
"7014851",371865,2025-06-17 16:34:27,43.4757766723633,-8.98543167114258,"Unknown"
"7014851",371865,2025-06-17 16:40:06,43.4465217590332,-8.96542739868164,"Unknown"
"7014851",371865,2025-06-17 16:44:26,43.4249877929688,-8.94880676269531,"Unknown"
"7014851",371865,2025-06-17 16:49:36,43.4065628051758,-8.92761325836182,"Unknown"
"7014851",371865,2025-06-17 16:54:25,43.3966598510742,-8.91146469116211,"Unknown"
"7014851",371865,2025-06-17 16:59:37,43.3819198608398,-8.88434791564941,"Unknown"
"7014851",371865,2025-06-17 17:04:26,43.3666305541992,-8.85779762268066,"Unknown"
"7014851",371865,2025-06-17 17:09:37,43.3576507568359,-8.84512519836426,"Unknown"
"7014851",371865,2025-06-17 17:14:27,43.3576049804688,-8.84501457214355,"Unknown"
"7014851",371865,2025-06-17 17:19:41,43.3576011657715,-8.84509658813477,"Unknown"
"7014851",371865,2025-06-17 17:24:27,43.3577423095703,-8.84530735015869,"Unknown"
"7014851",371865,2025-06-17 17:29:28,43.3578910827637,-8.84585952758789,"Unknown"
"7014851",371865,2025-06-17 17:34:30,43.3576583862305,-8.84511661529541,"Unknown"
"7014851",371865,2025-06-17 17:39:29,43.3577461242676,-8.84537792205811,"Unknown"
"7014851",371865,2025-06-17 17:44:28,43.3580055236816,-8.84620094299316,"Unknown"
"7014851",371865,2025-06-17 17:49:38,43.3575477600098,-8.84489727020264,"Unknown"
"7014851",371865,2025-06-17 17:54:43,43.3576393127441,-8.84512710571289,"Unknown"
"7014851",371865,2025-06-17 17:59:41,43.3575477600098,-8.84518051147461,"Unknown"
"7014851",371865,2025-06-17 18:04:36,43.3576202392578,-8.84485340118408,"Unknown"
"7014851",371865,2025-06-17 18:09:26,43.357738494873,-8.84521007537842,"Unknown"
"7014851",371865,2025-06-17 18:14:32,43.3575019836426,-8.84492874145508,"Unknown"
"7014851",371865,2025-06-17 18:19:26,43.3576393127441,-8.84515571594238,"Unknown"
"7014851",371865,2025-06-17 18:24:29,43.3575325012207,-8.84496879577637,"Unknown"
"7014851",371865,2025-06-17 18:29:28,43.3573532104492,-8.84457588195801,"Unknown"
"7014851",371865,2025-06-17 18:34:31,43.3572883605957,-8.84453392028809,"Unknown"
"7014851",371865,2025-06-17 18:39:30,43.3576622009277,-8.84511756896973,"Unknown"
"7014851",371865,2025-06-17 18:44:32,43.3575019836426,-8.84478664398193,"Unknown"
"7014851",371865,2025-06-17 18:49:44,43.357593536377,-8.84501075744629,"Unknown"
"7014851",371865,2025-06-17 18:54:26,43.3575553894043,-8.84517192840576,"Unknown"
"7014851",371865,2025-06-17 18:59:25,43.3576011657715,-8.84506702423096,"Unknown"
"7014851",371865,2025-06-17 19:04:26,43.3576126098633,-8.84494018554688,"Unknown"
"7014851",371865,2025-06-17 19:09:37,43.3575477600098,-8.84506130218506,"Unknown"
"7014851",371865,2025-06-17 19:14:28,43.3576431274414,-8.84502983093262,"Unknown"
"7014851",371865,2025-06-17 19:19:37,43.3575820922852,-8.84507369995117,"Unknown"
"7014851",371865,2025-06-17 19:24:31,43.3576164245605,-8.8450403213501,"Unknown"
"7014851",371865,2025-06-17 19:29:35,43.3576812744141,-8.84495830535889,"Unknown"
"7014851",371865,2025-06-17 19:34:37,43.3576583862305,-8.84502410888672,"Unknown"
"7014851",371865,2025-06-17 19:39:40,43.3575325012207,-8.84518241882324,"Unknown"
"7014851",371865,2025-06-17 19:44:37,43.3577651977539,-8.84483814239502,"Unknown"
"7014851",371865,2025-06-17 19:49:37,43.3577308654785,-8.84492206573486,"Unknown"
"7014851",371865,2025-06-17 19:54:37,43.3577041625977,-8.84480094909668,"Unknown"
"7014851",371865,2025-06-17 19:59:38,43.3575744628906,-8.84495544433594,"Unknown"
"7014851",371865,2025-06-17 20:04:42,43.3576965332031,-8.84483051300049,"Unknown"
"7014851",371865,2025-06-17 20:09:42,43.357593536377,-8.84493255615234,"Unknown"
"7014851",371865,2025-06-17 20:14:38,43.3576126098633,-8.84486484527588,"Unknown"
"7014851",371865,2025-06-17 20:19:38,43.3576507568359,-8.84483432769775,"Unknown"
"7014851",371865,2025-06-17 20:24:55,43.3576393127441,-8.84484767913818,"Unknown"
"7014851",371865,2025-06-17 20:29:25,43.3577041625977,-8.84482097625732,"Unknown"
"7014851",371865,2025-06-17 20:34:25,43.3576965332031,-8.84485054016113,"Unknown"
"7014851",371865,2025-06-17 20:39:25,43.3575477600098,-8.84501838684082,"Unknown"
"7014851",371865,2025-06-17 20:44:25,43.357551574707,-8.84499359130859,"Unknown"
"7014851",371865,2025-06-17 20:49:27,43.3576240539551,-8.84498691558838,"Unknown"
"7014851",371865,2025-06-17 20:54:26,43.3575477600098,-8.84500980377197,"Unknown"
"7014851",371865,2025-06-17 20:59:25,43.3575439453125,-8.84505939483643,"Unknown"
"7014851",371865,2025-06-17 21:04:25,43.3576393127441,-8.84506607055664,"Unknown"
"7014851",371865,2025-06-17 21:09:25,43.3575439453125,-8.84511566162109,"Unknown"
"7014851",371865,2025-06-17 21:14:25,43.3576126098633,-8.8450288772583,"Unknown"
"7014851",371865,2025-06-17 21:19:44,43.3576431274414,-8.84501934051514,"Unknown"
"7014851",371865,2025-06-17 21:24:25,43.3576622009277,-8.8450288772583,"Unknown"
"7014851",371865,2025-06-17 21:29:25,43.3575325012207,-8.84501552581787,"Unknown"
"7014851",371865,2025-06-17 21:34:26,43.3577270507812,-8.84492111206055,"Unknown"
"7014851",371865,2025-06-17 21:39:44,43.3575820922852,-8.84494209289551,"Unknown"
"7014851",371865,2025-06-17 21:44:28,43.3574409484863,-8.84494686126709,"Unknown"
"7014851",371865,2025-06-17 21:49:29,43.3576507568359,-8.84487724304199,"Unknown"
"7014851",371865,2025-06-17 21:54:29,43.3575553894043,-8.84492206573486,"Unknown"
"7014851",371865,2025-06-17 21:59:25,43.357536315918,-8.84481716156006,"Unknown"
"7014851",371865,2025-06-17 22:04:27,43.3574447631836,-8.84483432769775,"Unknown"
"7014851",371865,2025-06-17 22:09:26,43.3573570251465,-8.84492206573486,"Unknown"
"7014851",371865,2025-06-17 22:14:26,43.3574562072754,-8.84490203857422,"Unknown"
"7014851",371865,2025-06-17 22:19:26,43.357479095459,-8.84504127502441,"Unknown"
"7014851",371865,2025-06-17 22:24:27,43.3575401306152,-8.84504318237305,"Unknown"
"7014851",371865,2025-06-17 22:29:28,43.357551574707,-8.84539699554443,"Unknown"
"7014851",371865,2025-06-17 22:34:44,43.3575820922852,-8.84490489959717,"Unknown"
"7014851",371865,2025-06-17 22:39:28,43.3575057983398,-8.84517574310303,"Unknown"
"7014851",371865,2025-06-17 22:44:29,43.3574600219727,-8.84511470794678,"Unknown"
"7014851",371865,2025-06-17 22:49:29,43.3575630187988,-8.84524631500244,"Unknown"
"7014851",371865,2025-06-17 22:54:30,43.3575401306152,-8.84557056427002,"Unknown"
"7014851",371865,2025-06-17 22:59:28,43.3576583862305,-8.84546661376953,"Unknown"
"7014851",371865,2025-06-17 23:04:28,43.3575439453125,-8.84540748596191,"Unknown"
"7014851",371865,2025-06-17 23:09:34,43.3576393127441,-8.84469699859619,"Unknown"
"7014851",371865,2025-06-17 23:14:28,43.3576850891113,-8.84471988677979,"Unknown"
"7014851",371865,2025-06-17 23:19:43,43.3575668334961,-8.84480381011963,"Unknown"
"7014851",371865,2025-06-17 23:24:28,43.3575286865234,-8.84486293792725,"Unknown"
"7014851",371865,2025-06-17 23:29:28,43.3575897216797,-8.84494590759277,"Unknown"
"7014851",371865,2025-06-17 23:34:38,43.3576812744141,-8.84462356567383,"Unknown"
"7014851",371865,2025-06-17 23:39:36,43.3576126098633,-8.8446626663208,"Unknown"
"7014851",371865,2025-06-17 23:44:28,43.3575553894043,-8.84471321105957,"Unknown"
"7014851",371865,2025-06-17 23:49:30,43.357494354248,-8.84457111358643,"Unknown"
"7014851",371865,2025-06-17 23:54:30,43.3576354980469,-8.84456253051758,"Unknown"
"7014851",371865,2025-06-17 23:59:44,43.3575592041016,-8.8451099395752,"Unknown"
"7014851",371865,2025-06-18 00:04:33,43.357494354248,-8.84498691558838,"Unknown"
"7014851",371865,2025-06-18 00:09:36,43.3575325012207,-8.84522151947021,"Unknown"
"7014851",371865,2025-06-18 00:14:34,43.3574752807617,-8.84522151947021,"Unknown"
"7014851",371865,2025-06-18 00:19:36,43.3574562072754,-8.84512329101562,"Unknown"
"7014851",371865,2025-06-18 00:24:36,43.357479095459,-8.84519481658936,"Unknown"
"7014851",371865,2025-06-18 00:29:36,43.3574714660645,-8.84517002105713,"Unknown"
"7014851",371865,2025-06-18 00:34:36,43.3574752807617,-8.8450174331665,"Unknown"
"7014851",371865,2025-06-18 00:39:37,43.357494354248,-8.84518051147461,"Unknown"
"7014851",371865,2025-06-18 00:44:37,43.3574447631836,-8.84524440765381,"Unknown"
"7014851",371865,2025-06-18 00:49:44,43.3576354980469,-8.84492206573486,"Unknown"
"7014851",371865,2025-06-18 00:54:50,43.357738494873,-8.84449291229248,"Unknown"
"7014851",371865,2025-06-18 00:59:44,43.3576278686523,-8.84535980224609,"Unknown"
"7014851",371865,2025-06-18 01:04:27,43.3569869995117,-8.84479236602783,"Unknown"
"7014851",371865,2025-06-18 01:09:27,43.3565483093262,-8.84451675415039,"Unknown"
"7014851",371865,2025-06-18 01:14:59,43.3576278686523,-8.84495067596436,"Unknown"
"7014851",371865,2025-06-18 01:19:24,43.3576507568359,-8.84503650665283,"Unknown"
"7014851",371865,2025-06-18 01:24:24,43.3576049804688,-8.84494781494141,"Unknown"
"7014851",371865,2025-06-18 01:29:24,43.3576278686523,-8.84498023986816,"Unknown"
"7014851",371865,2025-06-18 01:34:24,43.3575477600098,-8.84492015838623,"Unknown"
"7014851",371865,2025-06-18 01:39:24,43.3574981689453,-8.84492111206055,"Unknown"
"7014851",371865,2025-06-18 01:44:25,43.3576316833496,-8.84500789642334,"Unknown"
"7014851",371865,2025-06-18 01:49:27,43.3578872680664,-8.84507846832275,"Unknown"
"7014851",371865,2025-06-18 01:54:29,43.3577766418457,-8.84506320953369,"Unknown"
"7014851",371865,2025-06-18 01:59:25,43.3577651977539,-8.84506607055664,"Unknown"
"7014851",371865,2025-06-18 02:04:44,43.3576812744141,-8.84498023986816,"Unknown"
"7014851",371865,2025-06-18 02:09:24,43.3577117919922,-8.84501457214355,"Unknown"
"7014851",371865,2025-06-18 02:14:24,43.3577117919922,-8.84499931335449,"Unknown"
"7014851",371865,2025-06-18 02:19:25,43.3577308654785,-8.84500503540039,"Unknown"
"7014851",371865,2025-06-18 02:24:24,43.3576774597168,-8.84499454498291,"Unknown"
"7014851",371865,2025-06-18 02:29:24,43.3577690124512,-8.84497165679932,"Unknown"
"7014851",371865,2025-06-18 02:34:27,43.357723236084,-8.84514236450195,"Unknown"
"7014851",371865,2025-06-18 02:39:24,43.357723236084,-8.84506702423096,"Unknown"
"7014851",371865,2025-06-18 02:44:25,43.357723236084,-8.8451042175293,"Unknown"
"7014851",371865,2025-06-18 02:49:44,43.3576126098633,-8.84506797790527,"Unknown"
"7014851",371865,2025-06-18 02:54:28,43.357608795166,-8.84504413604736,"Unknown"
"7014851",371865,2025-06-18 02:59:24,43.3576545715332,-8.84508991241455,"Unknown"
"7014851",371865,2025-06-18 03:04:27,43.3576316833496,-8.84501361846924,"Unknown"
"7014851",371865,2025-06-18 03:09:25,43.3578033447266,-8.84525012969971,"Unknown"
"7014851",371865,2025-06-18 03:14:30,43.3576889038086,-8.84513664245605,"Unknown"
"7014851",371865,2025-06-18 03:19:44,43.3576622009277,-8.84509086608887,"Unknown"
"7014851",371865,2025-06-18 03:24:24,43.3576774597168,-8.84505653381348,"Unknown"
"7014851",371865,2025-06-18 03:29:24,43.3576889038086,-8.84511756896973,"Unknown"
"7014851",371865,2025-06-18 03:34:24,43.3575820922852,-8.84503555297852,"Unknown"
"7014851",371865,2025-06-18 03:39:29,43.3575630187988,-8.84501266479492,"Unknown"
"7014851",371865,2025-06-18 03:44:28,43.3576202392578,-8.84505367279053,"Unknown"
"7014851",371865,2025-06-18 03:49:44,43.3576164245605,-8.84502696990967,"Unknown"
"7014851",371865,2025-06-18 03:54:24,43.3574981689453,-8.84500694274902,"Unknown"
"7014851",371865,2025-06-18 03:59:28,43.3575325012207,-8.84500408172607,"Unknown"
"7014851",371865,2025-06-18 04:04:29,43.3579750061035,-8.84542274475098,"Unknown"
"7014851",371865,2025-06-18 04:09:36,43.3576393127441,-8.845139503479,"Unknown"
"7014851",371865,2025-06-18 04:14:36,43.3576774597168,-8.84515380859375,"Unknown"
"7014851",371865,2025-06-18 04:19:39,43.3575973510742,-8.8449764251709,"Unknown"
"7014851",371865,2025-06-18 04:24:30,43.3573799133301,-8.84503364562988,"Unknown"
"7014851",371865,2025-06-18 04:29:29,43.3573455810547,-8.84490585327148,"Unknown"
"7014851",371865,2025-06-18 04:34:36,43.3575668334961,-8.84510612487793,"Unknown"
"7014851",371865,2025-06-18 04:39:28,43.3574829101562,-8.84502696990967,"Unknown"
"7014851",371865,2025-06-18 04:44:36,43.3575057983398,-8.84512710571289,"Unknown"
"7014851",371865,2025-06-18 04:49:45,43.3575286865234,-8.84502601623535,"Unknown"
"7014851",371865,2025-06-18 04:54:55,43.3574714660645,-8.84511566162109,"Unknown"
"7014851",371865,2025-06-18 04:59:24,43.3575782775879,-8.84501647949219,"Unknown"
"7014851",371865,2025-06-18 05:04:26,43.3574867248535,-8.8450870513916,"Unknown"
"7014851",371865,2025-06-18 05:09:25,43.3576622009277,-8.84487342834473,"Unknown"
"7014851",371865,2025-06-18 05:14:25,43.3577041625977,-8.84502601623535,"Unknown"
"7014851",371865,2025-06-18 05:19:24,43.3576889038086,-8.84497356414795,"Unknown"
"7014851",371865,2025-06-18 05:24:24,43.3576622009277,-8.844970703125,"Unknown"
"7014851",371865,2025-06-18 05:29:26,43.357608795166,-8.84500312805176,"Unknown"
"7014851",371865,2025-06-18 05:34:24,43.3576354980469,-8.84496116638184,"Unknown"
"7014851",371865,2025-06-18 05:39:24,43.3577156066895,-8.84478282928467,"Unknown"
"7014851",371865,2025-06-18 05:44:24,43.357738494873,-8.84479427337646,"Unknown"
"7014851",371865,2025-06-18 05:49:24,43.3577842712402,-8.84467792510986,"Unknown"
"7014851",371865,2025-06-18 05:54:27,43.3578109741211,-8.84459018707275,"Unknown"
"7014851",371865,2025-06-18 05:59:41,43.3577194213867,-8.84512615203857,"Unknown"
"7014851",371865,2025-06-18 06:04:59,43.3576469421387,-8.84513473510742,"Unknown"
"7014851",371865,2025-06-18 06:09:24,43.3577461242676,-8.84513568878174,"Unknown"
"7014851",371865,2025-06-18 06:14:37,43.357837677002,-8.84515190124512,"Unknown"
"7014851",371865,2025-06-18 06:19:29,43.3577842712402,-8.84515953063965,"Unknown"
"7014851",371865,2025-06-18 06:24:59,43.3575553894043,-8.8449535369873,"Unknown"
"7014851",371865,2025-06-18 06:29:24,43.3578224182129,-8.84545230865479,"Unknown"
"7014851",371865,2025-06-18 06:34:30,43.3576316833496,-8.84506225585938,"Unknown"
"7014851",371865,2025-06-18 06:39:56,43.3575973510742,-8.844970703125,"Unknown"
"7014851",371865,2025-06-18 06:44:24,43.3577117919922,-8.84493255615234,"Unknown"
"7014851",371865,2025-06-18 06:50:04,43.3575782775879,-8.84499740600586,"Unknown"
"7014851",371865,2025-06-18 06:54:25,43.357536315918,-8.84505081176758,"Unknown"
"7014851",371865,2025-06-18 06:59:31,43.3661651611328,-8.86247825622559,"Unknown"
"7014851",371865,2025-06-18 07:05:14,43.3751754760742,-8.90961837768555,"Unknown"
"7014851",371865,2025-06-18 07:09:27,43.3806114196777,-8.94971084594727,"Unknown"
"7014851",371865,2025-06-18 07:14:27,43.3772735595703,-8.99464702606201,"Unknown"
"7014851",371865,2025-06-18 07:19:30,43.3765411376953,-9.00072860717773,"Unknown"
"7014851",371865,2025-06-18 07:24:26,43.3817253112793,-8.98060989379883,"Unknown"
"7014851",371865,2025-06-18 07:29:25,43.3927116394043,-8.95355892181396,"Unknown"
"7014851",371865,2025-06-18 07:34:24,43.381103515625,-8.95968818664551,"Unknown"
"7014851",371865,2025-06-18 07:39:25,43.3523406982422,-8.96656131744385,"Unknown"
"7014851",371865,2025-06-18 07:44:24,43.333065032959,-8.99314975738525,"Unknown"
"7014851",371865,2025-06-18 07:49:25,43.3295555114746,-9.039475440979,"Unknown"
"7014851",371865,2025-06-18 07:54:26,43.32958984375,-9.03880310058594,"Unknown"
"7014851",371865,2025-06-18 07:59:24,43.3441467285156,-9.02957534790039,"Unknown"
"7014851",371865,2025-06-18 08:04:26,43.3629837036133,-9.05074119567871,"Unknown"
"7014851",371865,2025-06-18 08:09:29,43.3631172180176,-9.05154323577881,"Unknown"
"7014851",371865,2025-06-18 08:14:25,43.3855209350586,-9.07280540466309,"Unknown"
"7014851",371865,2025-06-18 08:19:25,43.3822402954102,-9.12251091003418,"Unknown"
"7014851",371865,2025-06-18 08:24:25,43.3794136047363,-9.13286876678467,"Unknown"
"7014851",371865,2025-06-18 08:29:25,43.3788261413574,-9.13481903076172,"Unknown"
"7014851",371865,2025-06-18 08:34:25,43.3801956176758,-9.13984394073486,"Unknown"
"7014851",371865,2025-06-18 08:39:26,43.3849563598633,-9.14618968963623,"Unknown"
"7014851",371865,2025-06-18 08:44:26,43.385383605957,-9.14754676818848,"Unknown"
"7014851",371865,2025-06-18 08:49:26,43.399471282959,-9.13301658630371,"Unknown"
"7014851",371865,2025-06-18 08:54:26,43.4257125854492,-9.1209020614624,"Unknown"
"7014851",371865,2025-06-18 08:59:26,43.4219627380371,-9.11063194274902,"Unknown"
"7014851",371865,2025-06-18 09:04:27,43.4075660705566,-9.0814790725708,"Unknown"
"7014851",371865,2025-06-18 09:09:27,43.3932952880859,-9.04217433929443,"Unknown"
"7014851",371865,2025-06-18 09:14:27,43.3896141052246,-8.99555015563965,"Unknown"
"7014851",371865,2025-06-18 09:19:27,43.3871269226074,-8.95215892791748,"Unknown"
"7014851",371865,2025-06-18 09:24:27,43.3709983825684,-8.91421413421631,"Unknown"
"7014851",371865,2025-06-18 09:29:26,43.3570022583008,-8.87988185882568,"Unknown"
"7014851",371865,2025-06-18 09:34:28,43.3577003479004,-8.84555912017822,"Unknown"
"7014851",371865,2025-06-18 09:39:40,43.3577499389648,-8.84512329101562,"Unknown"
"7014851",371865,2025-06-18 09:44:25,43.3578414916992,-8.8455114364624,"Unknown"
"7014851",371865,2025-06-18 09:49:29,43.3577880859375,-8.84573078155518,"Unknown"
"7014851",371865,2025-06-18 09:54:30,43.3576889038086,-8.84536743164062,"Unknown"
"7014851",371865,2025-06-18 09:59:31,43.3575172424316,-8.84475517272949,"Unknown"
"7014851",371865,2025-06-18 10:04:51,43.3579025268555,-8.84505462646484,"Unknown"
"7014851",371865,2025-06-18 10:10:05,43.3576736450195,-8.84505176544189,"Unknown"
"7014851",371865,2025-06-18 10:14:25,43.3574829101562,-8.84516620635986,"Unknown"
"7014851",371865,2025-06-18 10:19:25,43.3576011657715,-8.84512901306152,"Unknown"
"7014851",371865,2025-06-18 10:24:25,43.357551574707,-8.84512710571289,"Unknown"
"7014851",371865,2025-06-18 10:29:26,43.3575477600098,-8.84502410888672,"Unknown"
"7014851",371865,2025-06-18 10:34:28,43.3574104309082,-8.84485912322998,"Unknown"
"7014851",371865,2025-06-18 10:39:27,43.3577537536621,-8.84509181976318,"Unknown"
"7014851",371865,2025-06-18 10:44:26,43.3575630187988,-8.84504508972168,"Unknown"
"7014851",371865,2025-06-18 10:49:44,43.3577537536621,-8.84508514404297,"Unknown"
"7014851",371865,2025-06-18 10:54:27,43.3575668334961,-8.84494304656982,"Unknown"
"7014851",371865,2025-06-18 10:59:25,43.3577690124512,-8.84517669677734,"Unknown"
"7014851",371865,2025-06-18 11:04:25,43.3578720092773,-8.84533596038818,"Unknown"
"7014851",371865,2025-06-18 11:09:30,43.3582954406738,-8.84567070007324,"Unknown"
"7014851",371865,2025-06-18 11:14:39,43.3576202392578,-8.84503841400146,"Unknown"
"7014851",371865,2025-06-18 11:19:25,43.3576889038086,-8.84515476226807,"Unknown"
"7014851",371865,2025-06-18 11:24:28,43.3576278686523,-8.84524822235107,"Unknown"
"7014851",371865,2025-06-18 11:29:28,43.3575973510742,-8.84497451782227,"Unknown"
"7014851",371865,2025-06-18 11:34:26,43.3576164245605,-8.84494113922119,"Unknown"
"7014851",371865,2025-06-18 11:39:32,43.3575439453125,-8.84490013122559,"Unknown"
"7014851",371865,2025-06-18 11:44:27,43.3575248718262,-8.84471702575684,"Unknown"
"7014851",371865,2025-06-18 11:49:44,43.3576202392578,-8.84507942199707,"Unknown"
"7014851",371865,2025-06-18 11:54:29,43.3570976257324,-8.84491634368896,"Unknown"
"7014851",371865,2025-06-18 11:59:28,43.3576278686523,-8.8453197479248,"Unknown"
"7014851",371865,2025-06-18 12:04:27,43.3576431274414,-8.8450984954834,"Unknown"
"7014851",371865,2025-06-18 12:09:27,43.357780456543,-8.84528923034668,"Unknown"
"7014851",371865,2025-06-18 12:14:31,43.3576545715332,-8.84498691558838,"Unknown"
"7014851",371865,2025-06-18 12:19:58,43.3575172424316,-8.84506320953369,"Unknown"
"7014851",371865,2025-06-18 12:24:24,43.3574180603027,-8.84504127502441,"Unknown"
"7014851",371865,2025-06-18 12:29:24,43.3575439453125,-8.84508609771729,"Unknown"
"7014851",371865,2025-06-18 12:34:24,43.3694839477539,-8.86509132385254,"Unknown"
"7014851",371865,2025-06-18 12:39:24,43.3842735290527,-8.9065990447998,"Unknown"
"7014851",371865,2025-06-18 12:44:24,43.4031295776367,-8.93562793731689,"Unknown"
"7014851",371865,2025-06-18 12:49:24,43.4145774841309,-8.94115924835205,"Unknown"
"7014851",371865,2025-06-18 12:54:25,43.417407989502,-8.93259429931641,"Unknown"
"7014851",371865,2025-06-18 12:59:25,43.4268226623535,-8.93256950378418,"Unknown"
"7014851",371865,2025-06-18 13:04:25,43.4477920532227,-8.95518589019775,"Unknown"
"7014851",371865,2025-06-18 13:09:25,43.4742584228516,-8.97212219238281,"Unknown"
"7014851",371865,2025-06-18 13:14:24,43.4991111755371,-8.99978065490723,"Unknown"
"7014851",371865,2025-06-18 13:19:25,43.5120315551758,-9.03164291381836,"Unknown"
"7014851",371865,2025-06-18 13:24:24,43.5157203674316,-9.04661464691162,"Unknown"
"7014851",371865,2025-06-18 13:29:25,43.5132331848145,-9.07011985778809,"Unknown"
"7014851",371865,2025-06-18 13:34:25,43.5109710693359,-9.10121536254883,"Unknown"
"7014851",371865,2025-06-18 13:39:25,43.5125389099121,-9.13466262817383,"Unknown"
"7014851",371865,2025-06-18 13:44:25,43.5143241882324,-9.14375972747803,"Unknown"
"7014851",371865,2025-06-18 13:49:26,43.5147476196289,-9.14316749572754,"Unknown"
"7014851",371865,2025-06-18 13:54:24,43.5146179199219,-9.14177703857422,"Unknown"
"7014851",371865,2025-06-18 13:59:25,43.5153045654297,-9.14363479614258,"Unknown"
"7014851",371865,2025-06-18 14:04:26,43.5152473449707,-9.14170742034912,"Unknown"
"7014851",371865,2025-06-18 14:09:23,43.503963470459,-9.143141746521,"Unknown"
"7014851",371865,2025-06-18 14:14:23,43.494815826416,-9.16476535797119,"Unknown"
"7014851",371865,2025-06-18 14:19:24,43.4768028259277,-9.16662693023682,"Unknown"
"7014851",371865,2025-06-18 14:24:24,43.4594268798828,-9.1519193649292,"Unknown"
"7014851",371865,2025-06-18 14:29:24,43.4403800964355,-9.13382148742676,"Unknown"
"7014851",371865,2025-06-18 14:34:24,43.4177780151367,-9.11906623840332,"Unknown"
"7014851",371865,2025-06-18 14:39:24,43.3950958251953,-9.10378551483154,"Unknown"
"7014851",371865,2025-06-18 14:44:25,43.3783950805664,-9.09478759765625,"Unknown"
"7014851",371865,2025-06-18 14:49:25,43.3595008850098,-9.05211067199707,"Unknown"
"7014851",371865,2025-06-18 14:54:24,43.3342361450195,-9.03770351409912,"Unknown"
"7014851",371865,2025-06-18 14:59:24,43.3099555969238,-9.044020652771,"Unknown"
"7014851",371865,2025-06-18 15:04:24,43.2745895385742,-9.02529239654541,"Unknown"
"7014851",371865,2025-06-18 15:09:23,43.2652702331543,-9.0159387588501,"Unknown"
"7014851",371865,2025-06-18 15:14:24,43.276741027832,-8.99922561645508,"Unknown"
"7014851",371865,2025-06-18 15:19:24,43.3011665344238,-8.98765659332275,"Unknown"
"7014851",371865,2025-06-18 15:24:24,43.3223114013672,-8.97658252716064,"Unknown"
"7014851",371865,2025-06-18 15:29:24,43.3258934020996,-8.94269371032715,"Unknown"
"7014851",371865,2025-06-18 15:34:24,43.3209419250488,-8.90849208831787,"Unknown"
"7014851",371865,2025-06-18 15:39:24,43.318229675293,-8.87377262115479,"Unknown"
"7014851",371865,2025-06-18 15:44:27,43.3137969970703,-8.85746002197266,"Unknown"
"7014851",371865,2025-06-18 15:49:33,43.3132629394531,-8.85703086853027,"Unknown"
"7014851",371865,2025-06-18 15:54:28,43.3257675170898,-8.85773658752441,"Unknown"
"7014851",371865,2025-06-18 15:59:33,43.3500747680664,-8.85078048706055,"Unknown"
"7014851",371865,2025-06-18 16:04:43,43.3575553894043,-8.84500122070312,"Unknown"
"7014851",371865,2025-06-18 16:09:24,43.3576049804688,-8.8450288772583,"Unknown"
"7014851",371865,2025-06-18 16:14:36,43.3575859069824,-8.84513759613037,"Unknown"
"7014851",371865,2025-06-18 16:19:25,43.3575782775879,-8.84511566162109,"Unknown"
"7014851",371865,2025-06-18 16:24:26,43.3577194213867,-8.84514713287354,"Unknown"
"7014851",371865,2025-06-18 16:29:28,43.3576011657715,-8.84507942199707,"Unknown"
"7014851",371865,2025-06-18 16:34:26,43.357551574707,-8.84495162963867,"Unknown"
"7014851",371865,2025-06-18 16:39:34,43.3574600219727,-8.84488487243652,"Unknown"
"7014851",371865,2025-06-18 16:44:30,43.357608795166,-8.8451042175293,"Unknown"
"7014851",371865,2025-06-18 16:49:59,43.3575668334961,-8.84507369995117,"Unknown"
"7014851",371865,2025-06-18 16:54:25,43.3574638366699,-8.8449182510376,"Unknown"
"7014851",371865,2025-06-18 16:59:25,43.3575057983398,-8.84514045715332,"Unknown"
"7014851",371865,2025-06-18 17:04:25,43.3575630187988,-8.84512424468994,"Unknown"
"7014851",371865,2025-06-18 17:09:25,43.3575592041016,-8.84512615203857,"Unknown"
"7014851",371865,2025-06-18 17:14:25,43.3575325012207,-8.84513473510742,"Unknown"
"7014851",371865,2025-06-18 17:19:24,43.3575439453125,-8.84512901306152,"Unknown"
"7014851",371865,2025-06-18 17:24:24,43.3575286865234,-8.84515571594238,"Unknown"
"7014851",371865,2025-06-18 17:29:25,43.357536315918,-8.84510898590088,"Unknown"
"7014851",371865,2025-06-18 17:34:24,43.3575553894043,-8.84522151947021,"Unknown"
"7014851",371865,2025-06-18 17:39:24,43.3575248718262,-8.8450984954834,"Unknown"
"7014851",371865,2025-06-18 17:44:25,43.357536315918,-8.84509754180908,"Unknown"
"7014851",371865,2025-06-18 17:49:24,43.3577995300293,-8.84627723693848,"Unknown"
"7014851",371865,2025-06-18 17:54:26,43.3574562072754,-8.84516048431396,"Unknown"
"7014851",371865,2025-06-18 17:59:25,43.3576126098633,-8.84510612487793,"Unknown"
"7014851",371865,2025-06-18 18:04:24,43.3685760498047,-8.84369564056396,"Unknown"
"7014851",371865,2025-06-18 18:09:25,43.3575859069824,-8.84508609771729,"Unknown"
"7014851",371865,2025-06-18 18:14:26,43.3578071594238,-8.84525394439697,"Unknown"
"7014851",371865,2025-06-18 18:19:27,43.357551574707,-8.84516143798828,"Unknown"
"7014851",371865,2025-06-18 18:24:26,43.363941192627,-8.85475730895996,"Unknown"
"7014851",371865,2025-06-18 18:29:24,43.3748359680176,-8.89486598968506,"Unknown"
"7014851",371865,2025-06-18 18:34:24,43.3924217224121,-8.92771053314209,"Unknown"
"7014851",371865,2025-06-18 18:39:24,43.4217529296875,-8.94855213165283,"Unknown"
"7014851",371865,2025-06-18 18:44:25,43.4459037780762,-8.97963237762451,"Unknown"
"7014851",371865,2025-06-18 18:49:24,43.4648895263672,-9.00781631469727,"Unknown"
"7014851",371865,2025-06-18 18:54:25,43.4883232116699,-9.03104400634766,"Unknown"
"7014851",371865,2025-06-18 18:59:24,43.5057983398438,-9.0578498840332,"Unknown"
"7014851",371865,2025-06-18 19:04:25,43.5310516357422,-9.08170127868652,"Unknown"
"7014851",371865,2025-06-18 19:10:35,43.5477523803711,-9.11482906341553,"Unknown"
"7014851",371865,2025-06-18 19:14:24,43.5535507202148,-9.10639953613281,"Unknown"
"7014851",371865,2025-06-18 19:19:27,43.5528755187988,-9.10662937164307,"Unknown"
"7014851",371865,2025-06-18 19:24:25,43.5576019287109,-9.0719690322876,"Unknown"
"7014851",371865,2025-06-18 19:29:24,43.5422706604004,-9.03232765197754,"Unknown"
"7014851",371865,2025-06-18 19:34:24,43.5151748657227,-9.0143346786499,"Unknown"
"7014851",371865,2025-06-18 19:40:02,43.485912322998,-8.98454189300537,"Unknown"
"7014851",371865,2025-06-18 19:44:23,43.4774551391602,-8.98615646362305,"Unknown"
"7014851",371865,2025-06-18 19:49:25,43.454761505127,-8.96556377410889,"Unknown"
"7014851",371865,2025-06-18 19:54:24,43.4308013916016,-8.93167591094971,"Unknown"
"7014851",371865,2025-06-18 19:59:27,43.4046401977539,-8.90199184417725,"Unknown"
"7014851",371865,2025-06-18 20:04:25,43.3820152282715,-8.88122081756592,"Unknown"
"7014851",371865,2025-06-18 20:09:25,43.3786354064941,-8.88839912414551,"Unknown"
"7014851",371865,2025-06-18 20:14:24,43.3780670166016,-8.88766384124756,"Unknown"
"7014851",371865,2025-06-18 20:19:31,43.3634300231934,-8.85615730285645,"Unknown"
"7014851",371865,2025-06-18 20:24:26,43.3575248718262,-8.84499931335449,"Unknown"
"7014851",371865,2025-06-18 20:29:41,43.3576126098633,-8.84492588043213,"Unknown"
"7014851",371865,2025-06-18 20:34:28,43.3579254150391,-8.84587955474854,"Unknown"
"7014851",371865,2025-06-18 20:39:29,43.3576049804688,-8.84508991241455,"Unknown"
"7014851",371865,2025-06-18 20:44:29,43.3575630187988,-8.84493446350098,"Unknown"
"7014851",371865,2025-06-18 20:49:45,43.3574905395508,-8.84500312805176,"Unknown"
"7014851",371865,2025-06-18 20:54:27,43.3575592041016,-8.84506034851074,"Unknown"
"7014851",371865,2025-06-18 20:59:37,43.3574562072754,-8.84474277496338,"Unknown"
"7014851",371865,2025-06-18 21:04:49,43.3574180603027,-8.84476947784424,"Unknown"
"7014851",371865,2025-06-18 21:09:36,43.3573570251465,-8.84468555450439,"Unknown"
"7014851",371865,2025-06-18 21:14:29,43.3577003479004,-8.84528255462646,"Unknown"
"7014851",371865,2025-06-18 21:19:44,43.3575744628906,-8.84481811523438,"Unknown"
"7014851",371865,2025-06-18 21:24:27,43.3575248718262,-8.84460544586182,"Unknown"
"7014851",371865,2025-06-18 21:29:29,43.3576202392578,-8.84477996826172,"Unknown"
"7014851",371865,2025-06-18 21:34:36,43.3575134277344,-8.84465217590332,"Unknown"
"7014851",371865,2025-06-18 21:39:30,43.3575744628906,-8.84478950500488,"Unknown"
"7014851",371865,2025-06-18 21:44:36,43.357479095459,-8.84431648254395,"Unknown"
"7014851",371865,2025-06-18 21:49:59,43.3575820922852,-8.8451042175293,"Unknown"
"7014851",371865,2025-06-18 21:54:23,43.3577270507812,-8.84527683258057,"Unknown"
"7014851",371865,2025-06-18 21:59:24,43.3575973510742,-8.8450403213501,"Unknown"
"7014851",371865,2025-06-18 22:04:27,43.3575897216797,-8.84506416320801,"Unknown"
"7014851",371865,2025-06-18 22:09:28,43.357593536377,-8.844970703125,"Unknown"
"7014851",371865,2025-06-18 22:14:30,43.3577041625977,-8.84524631500244,"Unknown"
"7014851",371865,2025-06-18 22:19:26,43.3574409484863,-8.84463691711426,"Unknown"
"7014851",371865,2025-06-18 22:24:29,43.3581237792969,-8.84675693511963,"Unknown"
"7014851",371865,2025-06-18 22:29:35,43.3576164245605,-8.8450984954834,"Unknown"
"7014851",371865,2025-06-18 22:34:23,43.357608795166,-8.84502410888672,"Unknown"
"7014851",371865,2025-06-18 22:39:24,43.357608795166,-8.8451042175293,"Unknown"
"7014851",371865,2025-06-18 22:44:24,43.3576278686523,-8.84502601623535,"Unknown"
"7014851",371865,2025-06-18 22:49:42,43.3576126098633,-8.84500885009766,"Unknown"
"7014851",371865,2025-06-18 22:54:25,43.3575820922852,-8.84509086608887,"Unknown"
"7014851",371865,2025-06-18 22:59:24,43.3575630187988,-8.84525203704834,"Unknown"
"7014851",371865,2025-06-18 23:04:23,43.3576431274414,-8.84522342681885,"Unknown"
"7014851",371865,2025-06-18 23:09:26,43.3575782775879,-8.84508514404297,"Unknown"
"7014851",371865,2025-06-18 23:14:23,43.357593536377,-8.84507942199707,"Unknown"
"7014851",371865,2025-06-18 23:19:27,43.3576622009277,-8.84505844116211,"Unknown"
"7014851",371865,2025-06-18 23:24:26,43.3576240539551,-8.84510898590088,"Unknown"
"7014851",371865,2025-06-18 23:29:27,43.3576011657715,-8.84505939483643,"Unknown"
"7014851",371865,2025-06-18 23:34:26,43.357608795166,-8.84511280059814,"Unknown"
"7014851",371865,2025-06-18 23:39:27,43.3575057983398,-8.84499931335449,"Unknown"
"7014851",371865,2025-06-18 23:44:29,43.3576164245605,-8.84511470794678,"Unknown"
"7014851",371865,2025-06-18 23:49:25,43.357593536377,-8.84509944915771,"Unknown"
"7014851",371865,2025-06-18 23:54:31,43.3576164245605,-8.84507942199707,"Unknown"
"7014851",371865,2025-06-18 23:59:38,43.3575897216797,-8.84505367279053,"Unknown"
"7014851",371865,2025-06-19 00:04:30,43.357608795166,-8.84512138366699,"Unknown"
"7014851",371865,2025-06-19 00:09:38,43.357593536377,-8.84507846832275,"Unknown"
"7014851",371865,2025-06-19 00:14:45,43.3575782775879,-8.8450813293457,"Unknown"
"7014851",371865,2025-06-19 00:19:44,43.3576164245605,-8.84508609771729,"Unknown"
"7014851",371865,2025-06-19 00:24:37,43.3576736450195,-8.84499359130859,"Unknown"
"7014851",371865,2025-06-19 00:29:37,43.3576812744141,-8.84496879577637,"Unknown"
"7014851",371865,2025-06-19 00:34:34,43.3577117919922,-8.84506893157959,"Unknown"
"7014851",371865,2025-06-19 00:39:31,43.3579139709473,-8.84521675109863,"Unknown"
"7014851",371865,2025-06-19 00:44:38,43.3576889038086,-8.8450756072998,"Unknown"
"7014851",371865,2025-06-19 00:49:59,43.3576011657715,-8.84490394592285,"Unknown"
"7014851",371865,2025-06-19 00:54:24,43.3576545715332,-8.84502029418945,"Unknown"
"7014851",371865,2025-06-19 00:59:24,43.3576278686523,-8.84496021270752,"Unknown"
"7014851",371865,2025-06-19 01:04:26,43.3580284118652,-8.84551906585693,"Unknown"
"7014851",371865,2025-06-19 01:09:24,43.3575668334961,-8.84497547149658,"Unknown"
"7014851",371865,2025-06-19 01:14:27,43.3575859069824,-8.84512138366699,"Unknown"
"7014851",371865,2025-06-19 01:19:26,43.3576164245605,-8.84505748748779,"Unknown"
"7014851",371865,2025-06-19 01:24:37,43.3577651977539,-8.84506320953369,"Unknown"
"7014851",371865,2025-06-19 01:29:37,43.3577117919922,-8.84502506256104,"Unknown"
"7014851",371865,2025-06-19 01:34:39,43.3577919006348,-8.84500503540039,"Unknown"
"7014851",371865,2025-06-19 01:39:28,43.357593536377,-8.8449821472168,"Unknown"
"7014851",371865,2025-06-19 01:44:37,43.3574676513672,-8.84487247467041,"Unknown"
"7014851",371865,2025-06-19 01:49:41,43.3576164245605,-8.84489154815674,"Unknown"
"7014851",371865,2025-06-19 01:54:23,43.3576354980469,-8.84506225585938,"Unknown"
"7014851",371865,2025-06-19 01:59:23,43.3577270507812,-8.84513568878174,"Unknown"
"7014851",371865,2025-06-19 02:04:24,43.3577346801758,-8.84506416320801,"Unknown"
"7014851",371865,2025-06-19 02:09:25,43.357536315918,-8.84492206573486,"Unknown"
"7014851",371865,2025-06-19 02:14:29,43.3575553894043,-8.8449764251709,"Unknown"
"7014851",371865,2025-06-19 02:19:27,43.3569602966309,-8.84462642669678,"Unknown"
"7014851",371865,2025-06-19 02:24:25,43.3570327758789,-8.84471035003662,"Unknown"
"7014851",371865,2025-06-19 02:29:30,43.3573265075684,-8.84481716156006,"Unknown"
"7014851",371865,2025-06-19 02:34:30,43.3579216003418,-8.84539222717285,"Unknown"
"7014851",371865,2025-06-19 02:39:26,43.3573455810547,-8.84487819671631,"Unknown"
"7014851",371865,2025-06-19 02:44:28,43.3573799133301,-8.84493064880371,"Unknown"
"7014851",371865,2025-06-19 02:49:45,43.3576583862305,-8.84505939483643,"Unknown"
"7014851",371865,2025-06-19 02:54:27,43.357551574707,-8.84504508972168,"Unknown"
"7014851",371865,2025-06-19 02:59:23,43.3575401306152,-8.84504127502441,"Unknown"
"7014851",371865,2025-06-19 03:04:29,43.3575286865234,-8.84499073028564,"Unknown"
"7014851",371865,2025-06-19 03:09:29,43.3575592041016,-8.84491729736328,"Unknown"
"7014851",371865,2025-06-19 03:14:34,43.3584861755371,-8.84657001495361,"Unknown"
"7014851",371865,2025-06-19 03:19:29,43.3575592041016,-8.84526634216309,"Unknown"
"7014851",371865,2025-06-19 03:24:56,43.3576011657715,-8.84508991241455,"Unknown"
"7014851",371865,2025-06-19 03:29:30,43.357723236084,-8.84512710571289,"Unknown"
"7014851",371865,2025-06-19 03:34:29,43.3575172424316,-8.84494781494141,"Unknown"
"7014851",371865,2025-06-19 03:39:28,43.3575782775879,-8.84500122070312,"Unknown"
"7014851",371865,2025-06-19 03:44:37,43.3574142456055,-8.84485912322998,"Unknown"
"7014851",371865,2025-06-19 03:49:44,43.3573722839355,-8.84480762481689,"Unknown"
"7014851",371865,2025-06-19 03:54:37,43.3572769165039,-8.84469223022461,"Unknown"
"7014851",371865,2025-06-19 03:59:42,43.3573379516602,-8.84479236602783,"Unknown"
"7014851",371865,2025-06-19 04:04:31,43.3573112487793,-8.8447732925415,"Unknown"
"7014851",371865,2025-06-19 04:09:37,43.3572044372559,-8.84469985961914,"Unknown"
"7014851",371865,2025-06-19 04:14:41,43.357006072998,-8.84445953369141,"Unknown"
"7014851",371865,2025-06-19 04:19:59,43.3575401306152,-8.84504222869873,"Unknown"
"7014851",371865,2025-06-19 04:24:31,43.357536315918,-8.84512138366699,"Unknown"
"7014851",371865,2025-06-19 04:29:30,43.3575668334961,-8.8452091217041,"Unknown"
"7014851",371865,2025-06-19 04:34:30,43.3573989868164,-8.84497737884521,"Unknown"
"7014851",371865,2025-06-19 04:39:37,43.3574066162109,-8.84496307373047,"Unknown"
"7014851",371865,2025-06-19 04:44:59,43.3574066162109,-8.84504318237305,"Unknown"
"7014851",371865,2025-06-19 04:50:47,43.3576164245605,-8.84508514404297,"Unknown"
"7014851",371865,2025-06-19 04:54:27,43.3574981689453,-8.84472179412842,"Unknown"
"7014851",371865,2025-06-19 04:59:25,43.3574028015137,-8.84487819671631,"Unknown"
"7014851",371865,2025-06-19 05:04:28,43.3576278686523,-8.84511470794678,"Unknown"
"7014851",371865,2025-06-19 05:09:26,43.3574409484863,-8.84472846984863,"Unknown"
"7014851",371865,2025-06-19 05:14:27,43.3574333190918,-8.84475421905518,"Unknown"
"7014851",371865,2025-06-19 05:19:23,43.3576011657715,-8.84507751464844,"Unknown"
"7014851",371865,2025-06-19 05:24:23,43.3574180603027,-8.84473514556885,"Unknown"
"7014851",371865,2025-06-19 05:29:25,43.3575439453125,-8.84500122070312,"Unknown"
"7014851",371865,2025-06-19 05:34:35,43.3575592041016,-8.84489154815674,"Unknown"
"7014851",371865,2025-06-19 05:39:23,43.358283996582,-8.84520626068115,"Unknown"
"7014851",371865,2025-06-19 05:44:23,43.3750305175781,-8.85825824737549,"Unknown"
"7014851",371865,2025-06-19 05:49:24,43.3972282409668,-8.88353729248047,"Unknown"
"7014851",371865,2025-06-19 05:54:24,43.4070053100586,-8.91551113128662,"Unknown"
"7014851",371865,2025-06-19 05:59:25,43.4079666137695,-8.92303466796875,"Unknown"
"7014851",371865,2025-06-19 06:04:24,43.4119644165039,-8.91863536834717,"Unknown"
"7014851",371865,2025-06-19 06:09:27,43.4154739379883,-8.91554641723633,"Unknown"
"7014851",371865,2025-06-19 06:14:35,43.4153137207031,-8.91547966003418,"Unknown"
"7014851",371865,2025-06-19 06:19:30,43.4023094177246,-8.88698196411133,"Unknown"
"7014851",371865,2025-06-19 06:24:44,43.37744140625,-8.85591983795166,"Unknown"
"7014851",371865,2025-06-19 06:30:07,43.3577346801758,-8.84535694122314,"Unknown"
"7014851",371865,2025-06-19 06:34:32,43.3577499389648,-8.84535217285156,"Unknown"
"7014851",371865,2025-06-19 06:39:30,43.357593536377,-8.84509944915771,"Unknown"
"7014851",371865,2025-06-19 06:44:27,43.3576011657715,-8.84509563446045,"Unknown"
"7014851",371865,2025-06-19 06:49:59,43.3576622009277,-8.84501838684082,"Unknown"
"7014851",371865,2025-06-19 06:54:52,43.3576583862305,-8.84498977661133,"Unknown"
"7014851",371865,2025-06-19 06:59:44,43.3576698303223,-8.84500122070312,"Unknown"
"7014851",371865,2025-06-19 07:04:30,43.3574676513672,-8.84520149230957,"Unknown"
"7014851",371865,2025-06-19 07:09:36,43.3576049804688,-8.84505748748779,"Unknown"
"7014851",371865,2025-06-19 07:14:30,43.3570213317871,-8.84519195556641,"Unknown"
"7014851",371865,2025-06-19 07:19:36,43.3576164245605,-8.84484767913818,"Unknown"
"7014851",371865,2025-06-19 07:24:36,43.3575859069824,-8.84508419036865,"Unknown"
"7014851",371865,2025-06-19 07:29:29,43.3574485778809,-8.8449010848999,"Unknown"
"7014851",371865,2025-06-19 07:34:29,43.3576850891113,-8.84484672546387,"Unknown"
"7014851",371865,2025-06-19 07:39:27,43.3577995300293,-8.84469318389893,"Unknown"
"7014851",371865,2025-06-19 07:44:28,43.357666015625,-8.84478282928467,"Unknown"
"7014851",371865,2025-06-19 07:49:35,43.3577880859375,-8.84468936920166,"Unknown"
"7014851",371865,2025-06-19 07:54:28,43.3577690124512,-8.8447732925415,"Unknown"
"7014851",371865,2025-06-19 07:59:24,43.3575592041016,-8.84475231170654,"Unknown"
"7014851",371865,2025-06-19 08:04:26,43.3576164245605,-8.84477996826172,"Unknown"
"7014851",371865,2025-06-19 08:09:23,43.357608795166,-8.84469413757324,"Unknown"
"7014851",371865,2025-06-19 08:14:25,43.3575210571289,-8.84479713439941,"Unknown"
"7014851",371865,2025-06-19 08:19:25,43.3576049804688,-8.84487247467041,"Unknown"
"7014851",371865,2025-06-19 08:24:24,43.3577079772949,-8.8448429107666,"Unknown"
"7014851",371865,2025-06-19 08:29:24,43.3577156066895,-8.84457302093506,"Unknown"
"7014851",371865,2025-06-19 08:34:34,43.3576316833496,-8.84497451782227,"Unknown"
"7014851",371865,2025-06-19 08:39:24,43.3575210571289,-8.84470176696777,"Unknown"
"7014851",371865,2025-06-19 08:44:27,43.3575782775879,-8.84490013122559,"Unknown"
"7014851",371865,2025-06-19 08:49:44,43.3575744628906,-8.84498977661133,"Unknown"
"7014851",371865,2025-06-19 08:54:23,43.357608795166,-8.84500026702881,"Unknown"
"7014851",371865,2025-06-19 08:59:25,43.3575401306152,-8.84499645233154,"Unknown"
"7014851",371865,2025-06-19 09:04:24,43.3575325012207,-8.84511470794678,"Unknown"
"7014851",371865,2025-06-19 09:09:23,43.3575859069824,-8.84508037567139,"Unknown"
"7014851",371865,2025-06-19 09:14:23,43.3575592041016,-8.8450174331665,"Unknown"
"7014851",371865,2025-06-19 09:19:23,43.3582992553711,-8.84588623046875,"Unknown"
"7014851",371865,2025-06-19 09:24:23,43.3249931335449,-8.84834766387939,"Unknown"
"7014851",371865,2025-06-19 09:29:25,43.314037322998,-8.85684013366699,"Unknown"
"7014851",371865,2025-06-19 09:34:27,43.314380645752,-8.85685348510742,"Unknown"
"7014851",371865,2025-06-19 09:39:25,43.314323425293,-8.85678195953369,"Unknown"
"7014851",371865,2025-06-19 09:44:25,43.3201866149902,-8.85496234893799,"Unknown"
"7014851",371865,2025-06-19 09:49:24,43.3510932922363,-8.83991432189941,"Unknown"
"7014851",371865,2025-06-19 09:54:29,43.3575820922852,-8.84491443634033,"Unknown"
"7014851",371865,2025-06-19 09:59:34,43.3574409484863,-8.84415817260742,"Unknown"
"7014851",371865,2025-06-19 10:04:31,43.3573036193848,-8.84406852722168,"Unknown"
"7014851",371865,2025-06-19 10:09:30,43.3574180603027,-8.84431838989258,"Unknown"
"7014851",371865,2025-06-19 10:14:44,43.3576736450195,-8.84499549865723,"Unknown"
"7014851",371865,2025-06-19 10:19:27,43.3578758239746,-8.84539413452148,"Unknown"
"7014851",371865,2025-06-19 10:24:24,43.3579978942871,-8.84524726867676,"Unknown"
"7014851",371865,2025-06-19 10:29:23,43.3578681945801,-8.84527492523193,"Unknown"
"7014851",371865,2025-06-19 10:34:23,43.3578834533691,-8.84520530700684,"Unknown"
"7014851",371865,2025-06-19 10:39:23,43.3577919006348,-8.84515190124512,"Unknown"
"7014851",371865,2025-06-19 10:44:23,43.3572883605957,-8.84489440917969,"Unknown"
"7014851",371865,2025-06-19 10:49:44,43.3575820922852,-8.84491729736328,"Unknown"
"7014851",371865,2025-06-19 10:54:25,43.3581199645996,-8.84546566009521,"Unknown"
"7014851",371865,2025-06-19 10:59:25,43.3575897216797,-8.84492683410645,"Unknown"
"7014851",371865,2025-06-19 11:04:30,43.3573379516602,-8.84457874298096,"Unknown"
"7014851",371865,2025-06-19 11:09:29,43.3572769165039,-8.84469413757324,"Unknown"
"7014851",371865,2025-06-19 11:14:25,43.3577651977539,-8.84513378143311,"Unknown"
"7014851",371865,2025-06-19 11:19:28,43.3575325012207,-8.84535789489746,"Unknown"
"7014851",371865,2025-06-19 11:24:26,43.3576889038086,-8.8450288772583,"Unknown"
"7014851",371865,2025-06-19 11:29:29,43.3575325012207,-8.84484767913818,"Unknown"
"7014851",371865,2025-06-19 11:34:29,43.3577041625977,-8.84514236450195,"Unknown"
"7014851",371865,2025-06-19 11:39:44,43.3575973510742,-8.84478282928467,"Unknown"
"7014851",371865,2025-06-19 11:44:27,43.3575553894043,-8.84493923187256,"Unknown"
"7014851",371865,2025-06-19 11:49:25,43.3576545715332,-8.84492683410645,"Unknown"
"7014851",371865,2025-06-19 11:54:27,43.3579254150391,-8.84504222869873,"Unknown"
"7014851",371865,2025-06-19 11:59:28,43.3575401306152,-8.84439563751221,"Unknown"
"7014851",371865,2025-06-19 12:04:41,43.3575973510742,-8.84495258331299,"Unknown"
"7014851",371865,2025-06-19 12:09:30,43.3580207824707,-8.84466075897217,"Unknown"
"7014851",371865,2025-06-19 12:14:27,43.3575439453125,-8.84494590759277,"Unknown"
"7014851",371865,2025-06-19 12:19:25,43.3576164245605,-8.84501361846924,"Unknown"
"7014851",371865,2025-06-19 12:24:28,43.3576354980469,-8.84487438201904,"Unknown"
"7014851",371865,2025-06-19 12:29:36,43.3577156066895,-8.84490299224854,"Unknown"
"7014851",371865,2025-06-19 12:34:26,43.3577613830566,-8.8449535369873,"Unknown"
"7014851",371865,2025-06-19 12:39:30,43.357666015625,-8.84494400024414,"Unknown"
"7014851",371865,2025-06-19 12:44:30,43.3575553894043,-8.84577560424805,"Unknown"
"7014851",371865,2025-06-19 12:50:46,43.3617858886719,-8.84862995147705,"Unknown"
"7014851",371865,2025-06-19 12:54:28,43.3667068481445,-8.85809898376465,"Unknown"
"7014851",371865,2025-06-19 12:59:42,43.3668212890625,-8.85945796966553,"Unknown"
"7014851",371865,2025-06-19 13:04:25,43.3663597106934,-8.86131858825684,"Unknown"
"7014851",371865,2025-06-19 13:09:25,43.3665542602539,-8.86289882659912,"Unknown"
"7014851",371865,2025-06-19 13:14:25,43.3668365478516,-8.86443996429443,"Unknown"
"7014851",371865,2025-06-19 13:19:23,43.3793487548828,-8.88248825073242,"Unknown"
"7014851",371865,2025-06-19 13:24:30,43.4040184020996,-8.90394115447998,"Unknown"
"7014851",371865,2025-06-19 13:29:23,43.4309844970703,-8.91434288024902,"Unknown"
"7014851",371865,2025-06-19 13:34:23,43.4492149353027,-8.93627166748047,"Unknown"
"7014851",371865,2025-06-19 13:39:30,43.4498596191406,-8.93653011322021,"Unknown"
"7014851",371865,2025-06-19 13:44:24,43.4710235595703,-8.95252895355225,"Unknown"
"7014851",371865,2025-06-19 13:49:23,43.4733657836914,-8.95649147033691,"Unknown"
"7014851",371865,2025-06-19 13:54:23,43.5045967102051,-8.94729900360107,"Unknown"
"7014851",371865,2025-06-19 13:59:24,43.5023880004883,-8.93471813201904,"Unknown"
"7014851",371865,2025-06-19 14:04:33,43.5017547607422,-8.93460750579834,"Unknown"
"7014851",371865,2025-06-19 14:09:26,43.5014533996582,-8.93564605712891,"Unknown"
"7014851",371865,2025-06-19 14:14:28,43.5009346008301,-8.93669986724854,"Unknown"
"7014851",371865,2025-06-19 14:19:28,43.5004539489746,-8.93792057037354,"Unknown"
"7014851",371865,2025-06-19 14:24:23,43.5150566101074,-8.94562339782715,"Unknown"
"7014851",371865,2025-06-19 14:29:23,43.5351066589355,-8.96882057189941,"Unknown"
"7014851",371865,2025-06-19 14:34:24,43.5558052062988,-8.99251556396484,"Unknown"
"7014851",371865,2025-06-19 14:39:25,43.5629463195801,-9.00994968414307,"Unknown"
"7014851",371865,2025-06-19 14:44:24,43.5662155151367,-9.03621196746826,"Unknown"
"7014851",371865,2025-06-19 14:49:23,43.5604553222656,-9.06595802307129,"Unknown"
"7014851",371865,2025-06-19 14:54:25,43.5522041320801,-9.07625484466553,"Unknown"
"7014851",371865,2025-06-19 14:59:27,43.559886932373,-9.0698127746582,"Unknown"
"7014851",371865,2025-06-19 15:04:28,43.5350227355957,-9.04548931121826,"Unknown"
"7014851",371865,2025-06-19 15:10:05,43.5281524658203,-9.0315408706665,"Unknown"
"7014851",371865,2025-06-19 15:15:23,43.5222969055176,-9.01081466674805,"Unknown"
"7014851",371865,2025-06-19 15:20:00,43.5175361633301,-8.99326133728027,"Unknown"
"7014851",371865,2025-06-19 15:24:27,43.5132865905762,-8.97890853881836,"Unknown"
"7014851",371865,2025-06-19 15:29:23,43.5100250244141,-8.96132183074951,"Unknown"
"7014851",371865,2025-06-19 15:34:25,43.506950378418,-8.95013427734375,"Unknown"
"7014851",371865,2025-06-19 15:39:24,43.5045852661133,-8.94275093078613,"Unknown"
"7014851",371865,2025-06-19 15:44:32,43.5040893554688,-8.9285831451416,"Unknown"
"7014851",371865,2025-06-19 15:49:27,43.5044937133789,-8.92298126220703,"Unknown"
"7014851",371865,2025-06-19 15:54:53,43.4991493225098,-8.92143440246582,"Unknown"
"7014851",371865,2025-06-19 15:59:23,43.4704513549805,-8.90838241577148,"Unknown"
"7014851",371865,2025-06-19 16:04:27,43.4376182556152,-8.8898344039917,"Unknown"
"7014851",371865,2025-06-19 16:09:24,43.4053916931152,-8.87044715881348,"Unknown"
"7014851",371865,2025-06-19 16:14:23,43.3722038269043,-8.85344219207764,"Unknown"
"7014851",371865,2025-06-19 16:19:28,43.357738494873,-8.84520721435547,"Unknown"
"7014851",371865,2025-06-19 16:24:53,43.357593536377,-8.8449649810791,"Unknown"
"7014851",371865,2025-06-19 16:29:28,43.3575210571289,-8.84500408172607,"Unknown"
"7014851",371865,2025-06-19 16:34:28,43.3575668334961,-8.84496688842773,"Unknown"
"7014851",371865,2025-06-19 16:39:24,43.3576278686523,-8.84502220153809,"Unknown"
"7014851",371865,2025-06-19 16:44:31,43.3575630187988,-8.84501266479492,"Unknown"
"7014851",371865,2025-06-19 16:49:25,43.3575286865234,-8.84501075744629,"Unknown"
"7014851",371865,2025-06-19 16:54:32,43.3576164245605,-8.84503841400146,"Unknown"
"7014851",371865,2025-06-19 16:59:28,43.3576126098633,-8.8450288772583,"Unknown"
"7014851",371865,2025-06-19 17:04:29,43.3576545715332,-8.84500694274902,"Unknown"
"7014851",371865,2025-06-19 17:09:29,43.3576278686523,-8.84505748748779,"Unknown"
"7014851",371865,2025-06-19 17:14:28,43.3576126098633,-8.8449764251709,"Unknown"
"7014851",371865,2025-06-19 17:19:32,43.3595275878906,-8.84620475769043,"Unknown"
"7014851",371865,2025-06-19 17:24:32,43.357593536377,-8.84491443634033,"Unknown"
"7014851",371865,2025-06-19 17:29:31,43.3576011657715,-8.84485912322998,"Unknown"
"7014851",371865,2025-06-19 17:34:26,43.3575439453125,-8.84483051300049,"Unknown"
"7014851",371865,2025-06-19 17:39:32,43.3575401306152,-8.8447093963623,"Unknown"
"7014851",371865,2025-06-19 17:44:31,43.3575553894043,-8.84482574462891,"Unknown"
"7014851",371865,2025-06-19 17:49:31,43.3575401306152,-8.84474754333496,"Unknown"
"7014851",371865,2025-06-19 17:54:31,43.3575172424316,-8.84483242034912,"Unknown"
"7014851",371865,2025-06-19 17:59:31,43.3575019836426,-8.8447904586792,"Unknown"
"7014851",371865,2025-06-19 18:04:35,43.3575668334961,-8.84489250183105,"Unknown"
"7014851",371865,2025-06-19 18:09:35,43.3575553894043,-8.84490203857422,"Unknown"
"7014851",371865,2025-06-19 18:14:35,43.357479095459,-8.84474563598633,"Unknown"
"7014851",371865,2025-06-19 18:19:43,43.3575973510742,-8.84493350982666,"Unknown"
"7014851",371865,2025-06-19 18:24:26,43.3576164245605,-8.8449182510376,"Unknown"
"7014851",371865,2025-06-19 18:29:24,43.3576469421387,-8.84509754180908,"Unknown"
"7014851",371865,2025-06-19 18:34:24,43.3576049804688,-8.84502983093262,"Unknown"
"7014851",371865,2025-06-19 18:39:25,43.3576393127441,-8.84493446350098,"Unknown"
"7014851",371865,2025-06-19 18:44:23,43.3575477600098,-8.84485626220703,"Unknown"
"7014851",371865,2025-06-19 18:49:44,43.3575477600098,-8.84499359130859,"Unknown"
"7014851",371865,2025-06-19 18:54:45,43.3575286865234,-8.84501171112061,"Unknown"
"7014851",371865,2025-06-19 18:59:24,43.3578109741211,-8.84514045715332,"Unknown"
"7014851",371865,2025-06-19 19:04:24,43.3573799133301,-8.84463119506836,"Unknown"
"7014851",371865,2025-06-19 19:09:33,43.3576736450195,-8.84505176544189,"Unknown"
"7014851",371865,2025-06-19 19:14:33,43.3583221435547,-8.84452438354492,"Unknown"
"7014851",371865,2025-06-19 19:19:44,43.3576469421387,-8.84485721588135,"Unknown"
"7014851",371865,2025-06-19 19:24:26,43.3576545715332,-8.84472942352295,"Unknown"
"7014851",371865,2025-06-19 19:29:31,43.3575668334961,-8.84479141235352,"Unknown"
"7014851",371865,2025-06-19 19:34:31,43.3575592041016,-8.84481239318848,"Unknown"
"7014851",371865,2025-06-19 19:39:31,43.3576469421387,-8.84478569030762,"Unknown"
"7014851",371865,2025-06-19 19:44:31,43.3576354980469,-8.84488105773926,"Unknown"
"7014851",371865,2025-06-19 19:49:59,43.3576049804688,-8.84499835968018,"Unknown"
"7014851",371865,2025-06-19 19:54:29,43.3577537536621,-8.84561157226562,"Unknown"
"7014851",371865,2025-06-19 19:59:37,43.3575897216797,-8.84505748748779,"Unknown"
"7014851",371865,2025-06-19 20:04:29,43.3577117919922,-8.84547424316406,"Unknown"
"7014851",371865,2025-06-19 20:09:29,43.3575744628906,-8.84503364562988,"Unknown"
"7014851",371865,2025-06-19 20:14:29,43.3575706481934,-8.84494495391846,"Unknown"
"7014851",371865,2025-06-19 20:19:34,43.357608795166,-8.84507369995117,"Unknown"
"7014851",371865,2025-06-19 20:24:32,43.3574752807617,-8.84464359283447,"Unknown"
"7014851",371865,2025-06-19 20:29:29,43.3576049804688,-8.84507465362549,"Unknown"
"7014851",371865,2025-06-19 20:34:42,43.3575782775879,-8.84499740600586,"Unknown"
"7014851",371865,2025-06-19 20:39:27,43.3577308654785,-8.84525108337402,"Unknown"
"7014851",371865,2025-06-19 20:44:26,43.3575973510742,-8.84505844116211,"Unknown"
"7014851",371865,2025-06-19 20:49:32,43.3576354980469,-8.84467029571533,"Unknown"
"7014851",371865,2025-06-19 20:54:27,43.3575286865234,-8.84508609771729,"Unknown"
"7014851",371865,2025-06-19 20:59:27,43.3575630187988,-8.84515190124512,"Unknown"
"7014851",371865,2025-06-19 21:04:31,43.3574485778809,-8.8445405960083,"Unknown"
"7014851",371865,2025-06-19 21:09:29,43.3575401306152,-8.84492015838623,"Unknown"
"7014851",371865,2025-06-19 21:14:26,43.3575401306152,-8.84485721588135,"Unknown"
"7014851",371865,2025-06-19 21:19:26,43.357551574707,-8.84505367279053,"Unknown"
"7014851",371865,2025-06-19 21:24:27,43.3575706481934,-8.84491729736328,"Unknown"
"7014851",371865,2025-06-19 21:29:26,43.3576965332031,-8.84514236450195,"Unknown"
"7014851",371865,2025-06-19 21:34:59,43.3575820922852,-8.84501647949219,"Unknown"
"7014851",371865,2025-06-19 21:39:30,43.3576240539551,-8.84508419036865,"Unknown"
"7014851",371865,2025-06-19 21:44:36,43.3576545715332,-8.84513854980469,"Unknown"
"7014851",371865,2025-06-19 21:49:30,43.3575782775879,-8.84513187408447,"Unknown"
"7014851",371865,2025-06-19 21:55:05,43.3576011657715,-8.84504795074463,"Unknown"
"7014851",371865,2025-06-19 21:59:28,43.3576164245605,-8.84510898590088,"Unknown"
"7014851",371865,2025-06-19 22:04:27,43.3576354980469,-8.84509563446045,"Unknown"
"7014851",371865,2025-06-19 22:09:36,43.357593536377,-8.84507656097412,"Unknown"
"7014851",371865,2025-06-19 22:14:26,43.3575210571289,-8.84480953216553,"Unknown"
"7014851",371865,2025-06-19 22:19:26,43.3575477600098,-8.8449182510376,"Unknown"
"7014851",371865,2025-06-19 22:24:28,43.3576393127441,-8.84511661529541,"Unknown"
"7014851",371865,2025-06-19 22:29:26,43.3575820922852,-8.84481716156006,"Unknown"
"7014851",371865,2025-06-19 22:34:26,43.3576049804688,-8.84499645233154,"Unknown"
"7014851",371865,2025-06-19 22:39:27,43.3576736450195,-8.8449821472168,"Unknown"
"7014851",371865,2025-06-19 22:44:27,43.3575897216797,-8.84492969512939,"Unknown"
"7014851",371865,2025-06-19 22:49:27,43.3576316833496,-8.84497451782227,"Unknown"
"7014851",371865,2025-06-19 22:54:44,43.3576774597168,-8.84505271911621,"Unknown"
"7014851",371865,2025-06-19 22:59:26,43.3575782775879,-8.84497833251953,"Unknown"
"7014851",371865,2025-06-19 23:04:29,43.3577194213867,-8.84507846832275,"Unknown"
"7014851",371865,2025-06-19 23:09:30,43.3576049804688,-8.84495639801025,"Unknown"
"7014851",371865,2025-06-19 23:14:31,43.3574829101562,-8.84484767913818,"Unknown"
"7014851",371865,2025-06-19 23:19:27,43.3576431274414,-8.84498596191406,"Unknown"
"7014851",371865,2025-06-19 23:24:27,43.3575859069824,-8.84482097625732,"Unknown"
"7014851",371865,2025-06-19 23:29:33,43.3576927185059,-8.84496784210205,"Unknown"
"7014851",371865,2025-06-19 23:34:40,43.3576850891113,-8.84495449066162,"Unknown"
"7014851",371865,2025-06-19 23:39:47,43.357593536377,-8.84503746032715,"Unknown"
"7014851",371865,2025-06-19 23:44:29,43.3576354980469,-8.84518623352051,"Unknown"
"7014851",371865,2025-06-19 23:49:28,43.3576583862305,-8.84512901306152,"Unknown"
"7014851",371865,2025-06-19 23:54:34,43.3576469421387,-8.84519863128662,"Unknown"
"7014851",371865,2025-06-19 23:59:36,43.3576927185059,-8.84486961364746,"Unknown"
"7014851",371865,2025-06-20 00:04:28,43.3575401306152,-8.84416198730469,"Unknown"
"7014851",371865,2025-06-20 00:09:27,43.357723236084,-8.84521293640137,"Unknown"
"7014851",371865,2025-06-20 00:14:35,43.3575820922852,-8.84475326538086,"Unknown"
"7014851",371865,2025-06-20 00:19:38,43.3576202392578,-8.84506130218506,"Unknown"
"7014851",371865,2025-06-20 00:24:29,43.3576431274414,-8.84506416320801,"Unknown"
"7014851",371865,2025-06-20 00:29:40,43.3576393127441,-8.84485912322998,"Unknown"
"7014851",371865,2025-06-20 00:34:43,43.3575592041016,-8.84483051300049,"Unknown"
"7014851",371865,2025-06-20 00:39:30,43.3575782775879,-8.84490394592285,"Unknown"
"7014851",371865,2025-06-20 00:44:29,43.3577651977539,-8.84511852264404,"Unknown"
"7014851",371865,2025-06-20 00:49:59,43.3576278686523,-8.84491348266602,"Unknown"
"7014851",371865,2025-06-20 00:54:29,43.3576889038086,-8.84507179260254,"Unknown"
"7014851",371865,2025-06-20 00:59:27,43.3576354980469,-8.84505462646484,"Unknown"
"7014851",371865,2025-06-20 01:04:28,43.3576889038086,-8.84520435333252,"Unknown"
"7014851",371865,2025-06-20 01:09:31,43.3576202392578,-8.8450231552124,"Unknown"
"7014851",371865,2025-06-20 01:14:27,43.3576354980469,-8.84506988525391,"Unknown"
"7014851",371865,2025-06-20 01:19:27,43.3576049804688,-8.84513378143311,"Unknown"
"7014851",371865,2025-06-20 01:24:27,43.3576316833496,-8.84510803222656,"Unknown"
"7014851",371865,2025-06-20 01:29:27,43.3576583862305,-8.84532451629639,"Unknown"
"7014851",371865,2025-06-20 01:34:42,43.3581161499023,-8.84477138519287,"Unknown"
"7014851",371865,2025-06-20 01:39:37,43.3574676513672,-8.84512042999268,"Unknown"
"7014851",371865,2025-06-20 01:44:30,43.3582191467285,-8.84650993347168,"Unknown"
"7014851",371865,2025-06-20 01:49:50,43.3577346801758,-8.84480953216553,"Unknown"
"7014851",371865,2025-06-20 01:54:36,43.3577117919922,-8.84477519989014,"Unknown"
"7014851",371865,2025-06-20 01:59:36,43.3576965332031,-8.84477233886719,"Unknown"
"7014851",371865,2025-06-20 02:04:45,43.357608795166,-8.8450231552124,"Unknown"
"7014851",371865,2025-06-20 02:09:36,43.3576202392578,-8.8450288772583,"Unknown"
"7014851",371865,2025-06-20 02:14:59,43.3576393127441,-8.84500598907471,"Unknown"
"7014851",371865,2025-06-20 02:19:27,43.3576316833496,-8.84499835968018,"Unknown"
"7014851",371865,2025-06-20 02:24:26,43.3576545715332,-8.84501552581787,"Unknown"
"7014851",371865,2025-06-20 02:29:27,43.3576278686523,-8.84496784210205,"Unknown"
"7014851",371865,2025-06-20 02:34:26,43.3576278686523,-8.84501075744629,"Unknown"
"7014851",371865,2025-06-20 02:39:26,43.3576469421387,-8.84502029418945,"Unknown"
"7014851",371865,2025-06-20 02:44:27,43.3576278686523,-8.84502410888672,"Unknown"
"7014851",371865,2025-06-20 02:49:29,43.3577842712402,-8.84514808654785,"Unknown"
"7014851",371865,2025-06-20 02:54:29,43.3577270507812,-8.84513092041016,"Unknown"
"7014851",371865,2025-06-20 02:59:36,43.3576774597168,-8.84507083892822,"Unknown"
"7014851",371865,2025-06-20 03:05:05,43.3576393127441,-8.84505462646484,"Unknown"
"7014851",371865,2025-06-20 03:09:26,43.3576431274414,-8.84503746032715,"Unknown"
"7014851",371865,2025-06-20 03:14:26,43.3575668334961,-8.8449764251709,"Unknown"
"7014851",371865,2025-06-20 03:19:26,43.3575630187988,-8.84498596191406,"Unknown"
"7014851",371865,2025-06-20 03:24:27,43.3575897216797,-8.8450174331665,"Unknown"
"7014851",371865,2025-06-20 03:29:26,43.3575744628906,-8.84499359130859,"Unknown"
"7014851",371865,2025-06-20 03:34:27,43.3575401306152,-8.8449592590332,"Unknown"
"7014851",371865,2025-06-20 03:39:26,43.3574066162109,-8.84480762481689,"Unknown"
"7014851",371865,2025-06-20 03:44:26,43.3576126098633,-8.84500980377197,"Unknown"
"7014851",371865,2025-06-20 03:49:27,43.3572273254395,-8.84468460083008,"Unknown"
"7014851",371865,2025-06-20 03:54:27,43.3575592041016,-8.8450403213501,"Unknown"
"7014851",371865,2025-06-20 03:59:35,43.3576698303223,-8.84502696990967,"Unknown"
"7014851",371865,2025-06-20 04:04:26,43.3576393127441,-8.84500122070312,"Unknown"
"7014851",371865,2025-06-20 04:09:47,43.3577194213867,-8.84520435333252,"Unknown"
"7014851",371865,2025-06-20 04:14:29,43.3574981689453,-8.84496021270752,"Unknown"
"7014851",371865,2025-06-20 04:19:26,43.3465957641602,-8.87097644805908,"Unknown"
"7014851",371865,2025-06-20 04:24:28,43.3419342041016,-8.89696788787842,"Unknown"
"7014851",371865,2025-06-20 04:29:28,43.3442535400391,-8.8841552734375,"Unknown"
"7014851",371865,2025-06-20 04:34:28,43.347053527832,-8.86392211914062,"Unknown"
"7014851",371865,2025-06-20 04:39:34,43.3490943908691,-8.84395599365234,"Unknown"
"7014851",371865,2025-06-20 04:44:30,43.3459129333496,-8.82685565948486,"Unknown"
"7014851",371865,2025-06-20 04:49:29,43.343578338623,-8.84555912017822,"Unknown"
"7014851",371865,2025-06-20 04:54:29,43.3367156982422,-8.87540054321289,"Unknown"
"7014851",371865,2025-06-20 04:59:30,43.3163986206055,-8.85775756835938,"Unknown"
"7014851",371865,2025-06-20 05:04:30,43.3141479492188,-8.85613441467285,"Unknown"
"7014851",371865,2025-06-20 05:09:30,43.3141212463379,-8.85616207122803,"Unknown"
"7014851",371865,2025-06-20 05:14:38,43.3143692016602,-8.85657691955566,"Unknown"
"7014851",371865,2025-06-20 05:19:31,43.3145065307617,-8.85686779022217,"Unknown"
"7014851",371865,2025-06-20 05:24:38,43.3165664672852,-8.85812091827393,"Unknown"
"7014851",371865,2025-06-20 05:29:38,43.316520690918,-8.85818290710449,"Unknown"
"7014851",371865,2025-06-20 05:34:39,43.3165626525879,-8.85823440551758,"Unknown"
"7014851",371865,2025-06-20 05:39:34,43.3165054321289,-8.85819244384766,"Unknown"
"7014851",371865,2025-06-20 05:44:44,43.3165969848633,-8.85844993591309,"Unknown"
"7014851",371865,2025-06-20 05:49:28,43.3329734802246,-8.86612033843994,"Unknown"
"7014851",371865,2025-06-20 05:54:28,43.337085723877,-8.89064598083496,"Unknown"
"7014851",371865,2025-06-20 05:59:27,43.3398590087891,-8.89142990112305,"Unknown"
"7014851",371865,2025-06-20 06:04:28,43.3421020507812,-8.89121150970459,"Unknown"
"7014851",371865,2025-06-20 06:09:26,43.3444061279297,-8.89514350891113,"Unknown"
"7014851",371865,2025-06-20 06:14:28,43.3388595581055,-8.88694667816162,"Unknown"
"7014851",371865,2025-06-20 06:19:36,43.3389282226562,-8.88955688476562,"Unknown"
"7014851",371865,2025-06-20 06:24:38,43.3433418273926,-8.88629150390625,"Unknown"
"7014851",371865,2025-06-20 06:29:39,43.3442420959473,-8.86479949951172,"Unknown"
"7014851",371865,2025-06-20 06:34:59,43.357063293457,-8.84497547149658,"Unknown"
"7014851",371865,2025-06-20 06:39:36,43.3576431274414,-8.84507751464844,"Unknown"
"7014851",371865,2025-06-20 06:44:59,43.3576583862305,-8.84498405456543,"Unknown"
"7014851",371865,2025-06-20 06:49:28,43.3575897216797,-8.84481906890869,"Unknown"
"7014851",371865,2025-06-20 06:54:57,43.357551574707,-8.84502029418945,"Unknown"
"7014851",371865,2025-06-20 06:59:26,43.3624534606934,-8.8506555557251,"Unknown"
"7014851",371865,2025-06-20 07:04:26,43.3805923461914,-8.88726806640625,"Unknown"
"7014851",371865,2025-06-20 07:09:26,43.3917045593262,-8.92071056365967,"Unknown"
"7014851",371865,2025-06-20 07:14:26,43.4041862487793,-8.95787525177002,"Unknown"
"7014851",371865,2025-06-20 07:19:26,43.4028511047363,-8.99873733520508,"Unknown"
"7014851",371865,2025-06-20 07:24:26,43.4045372009277,-9.0446605682373,"Unknown"
"7014851",371865,2025-06-20 07:29:27,43.419075012207,-9.07653141021729,"Unknown"
"7014851",371865,2025-06-20 07:34:27,43.4300727844238,-9.08794593811035,"Unknown"
"7014851",371865,2025-06-20 07:39:27,43.4197235107422,-9.04870700836182,"Unknown"
"7014851",371865,2025-06-20 07:44:26,43.4049263000488,-9.01098442077637,"Unknown"
"7014851",371865,2025-06-20 07:49:45,43.3928337097168,-8.96908092498779,"Unknown"
"7014851",371865,2025-06-20 07:54:30,43.3783760070801,-8.93376445770264,"Unknown"
"7014851",371865,2025-06-20 07:59:26,43.364803314209,-8.89657115936279,"Unknown"
"7014851",371865,2025-06-20 08:04:26,43.35888671875,-8.86185073852539,"Unknown"
"7014851",371865,2025-06-20 08:09:26,43.3576278686523,-8.84500217437744,"Unknown"
"7014851",371865,2025-06-20 08:14:32,43.3575553894043,-8.84519481658936,"Unknown"
"7014851",371865,2025-06-20 08:19:31,43.3576316833496,-8.84504699707031,"Unknown"
"7014851",371865,2025-06-20 08:24:30,43.3576126098633,-8.8450870513916,"Unknown"
"7014851",371865,2025-06-20 08:29:30,43.3575782775879,-8.84523010253906,"Unknown"
"7014851",371865,2025-06-20 08:34:32,43.3575706481934,-8.84507846832275,"Unknown"
"7014851",371865,2025-06-20 08:39:31,43.357551574707,-8.84516620635986,"Unknown"
"7014851",371865,2025-06-20 08:44:27,43.3576049804688,-8.84511661529541,"Unknown"
"7014851",371865,2025-06-20 08:49:29,43.3576049804688,-8.84521675109863,"Unknown"
"7014851",371865,2025-06-20 08:54:27,43.3576431274414,-8.84505081176758,"Unknown"
"7014851",371865,2025-06-20 08:59:28,43.3576507568359,-8.8454122543335,"Unknown"
"7014851",371865,2025-06-20 09:04:38,43.3575973510742,-8.84500503540039,"Unknown"
"7014851",371865,2025-06-20 09:09:34,43.3576507568359,-8.84518051147461,"Unknown"
"7014851",371865,2025-06-20 09:14:29,43.357608795166,-8.84559059143066,"Unknown"
"7014851",371865,2025-06-20 09:19:44,43.3575553894043,-8.84515857696533,"Unknown"
"7014851",371865,2025-06-20 09:24:28,43.3575859069824,-8.84505081176758,"Unknown"
"7014851",371865,2025-06-20 09:29:32,43.3576393127441,-8.8451976776123,"Unknown"
"7014851",371865,2025-06-20 09:34:27,43.357723236084,-8.84518432617188,"Unknown"
"7014851",371865,2025-06-20 09:39:27,43.3578300476074,-8.84524726867676,"Unknown"
"7014851",371865,2025-06-20 09:44:30,43.3576011657715,-8.84503364562988,"Unknown"
"7014851",371865,2025-06-20 09:49:55,43.3575820922852,-8.84546375274658,"Unknown"
"7014851",371865,2025-06-20 09:54:31,43.357666015625,-8.84513187408447,"Unknown"
"7014851",371865,2025-06-20 09:59:41,43.3575325012207,-8.84514331817627,"Unknown"
"7014851",371865,2025-06-20 10:04:34,43.3576850891113,-8.84552001953125,"Unknown"
"7014851",371865,2025-06-20 10:09:40,43.3574562072754,-8.84494304656982,"Unknown"
"7014851",371865,2025-06-20 10:14:27,43.3575668334961,-8.84514427185059,"Unknown"
"7014851",371865,2025-06-20 10:19:27,43.3575897216797,-8.84517860412598,"Unknown"
"7014851",371865,2025-06-20 10:24:28,43.3607025146484,-8.84704971313477,"Unknown"
"7014851",371865,2025-06-20 10:29:27,43.3715019226074,-8.87571048736572,"Unknown"
"7014851",371865,2025-06-20 10:34:27,43.3926239013672,-8.88967323303223,"Unknown"
"7014851",371865,2025-06-20 10:39:27,43.4185333251953,-8.89938640594482,"Unknown"
"7014851",371865,2025-06-20 10:44:27,43.4444122314453,-8.91186046600342,"Unknown"
"7014851",371865,2025-06-20 10:50:08,43.4691886901855,-8.94005012512207,"Unknown"
"7014851",371865,2025-06-20 10:54:38,43.4785346984863,-8.9696741104126,"Unknown"
"7014851",371865,2025-06-20 10:59:44,43.4885864257812,-9.00417137145996,"Unknown"
"7014851",371865,2025-06-20 11:04:30,43.4754867553711,-9.04796600341797,"Unknown"
"7014851",371865,2025-06-20 11:09:27,43.461009979248,-9.09353351593018,"Unknown"
"7014851",371865,2025-06-20 11:14:28,43.459602355957,-9.13651943206787,"Unknown"
"7014851",371865,2025-06-20 11:19:56,43.4831848144531,-9.16896629333496,"Unknown"
"7014851",371865,2025-06-20 11:24:26,43.4957046508789,-9.19164180755615,"Unknown"
"7014851",371865,2025-06-20 11:29:29,43.509334564209,-9.18055725097656,"Unknown"
"7014851",371865,2025-06-20 11:34:36,43.5323944091797,-9.15698337554932,"Unknown"
"7014851",371865,2025-06-20 11:39:36,43.5368309020996,-9.1456413269043,"Unknown"
"7014851",371865,2025-06-20 11:44:36,43.5360679626465,-9.14780712127686,"Unknown"
"7014851",371865,2025-06-20 11:49:44,43.5353965759277,-9.14962387084961,"Unknown"
"7014851",371865,2025-06-20 11:54:42,43.5340538024902,-9.15100383758545,"Unknown"
"7014851",371865,2025-06-20 11:59:44,43.5324401855469,-9.15262889862061,"Unknown"
"7014851",371865,2025-06-20 12:04:26,43.5309829711914,-9.15472412109375,"Unknown"
"7014851",371865,2025-06-20 12:09:44,43.5294952392578,-9.15667247772217,"Unknown"
"7014851",371865,2025-06-20 12:14:28,43.5283393859863,-9.15918159484863,"Unknown"
"7014851",371865,2025-06-20 12:19:37,43.5271644592285,-9.15775585174561,"Unknown"
"7014851",371865,2025-06-20 12:24:29,43.525016784668,-9.15693187713623,"Unknown"
"7014851",371865,2025-06-20 12:29:28,43.5248107910156,-9.15891933441162,"Unknown"
"7014851",371865,2025-06-20 12:34:30,43.5252227783203,-9.15977191925049,"Unknown"
"7014851",371865,2025-06-20 12:39:36,43.5245552062988,-9.15978622436523,"Unknown"
"7014851",371865,2025-06-20 12:44:27,43.5244903564453,-9.15969181060791,"Unknown"
"7014851",371865,2025-06-20 12:49:59,43.5241050720215,-9.15934658050537,"Unknown"
"7014851",371865,2025-06-20 12:54:25,43.5239715576172,-9.15936183929443,"Unknown"
"7014851",371865,2025-06-20 12:59:25,43.5236320495605,-9.15996837615967,"Unknown"
"7014851",371865,2025-06-20 13:04:25,43.5234489440918,-9.1602840423584,"Unknown"
"7014851",371865,2025-06-20 13:09:25,43.5232162475586,-9.16067314147949,"Unknown"
"7014851",371865,2025-06-20 13:14:25,43.5230674743652,-9.16107082366943,"Unknown"
"7014851",371865,2025-06-20 13:19:26,43.5132637023926,-9.15153884887695,"Unknown"
"7014851",371865,2025-06-20 13:24:27,43.5282135009766,-9.13749122619629,"Unknown"
"7014851",371865,2025-06-20 13:29:25,43.5309944152832,-9.13858222961426,"Unknown"
"7014851",371865,2025-06-20 13:34:29,43.5404014587402,-9.14131927490234,"Unknown"
"7014851",371865,2025-06-20 13:39:25,43.5385246276855,-9.13539505004883,"Unknown"
"7014851",371865,2025-06-20 13:44:26,43.5497932434082,-9.13613700866699,"Unknown"
"7014851",371865,2025-06-20 13:49:25,43.5505714416504,-9.13596153259277,"Unknown"
"7014851",371865,2025-06-20 13:54:26,43.5544891357422,-9.10656261444092,"Unknown"
"7014851",371865,2025-06-20 13:59:27,43.559383392334,-9.1038761138916,"Unknown"
"7014851",371865,2025-06-20 14:04:26,43.5653114318848,-9.08397483825684,"Unknown"
"7014851",371865,2025-06-20 14:09:27,43.5769538879395,-9.07185840606689,"Unknown"
"7014851",371865,2025-06-20 14:14:26,43.5850563049316,-9.06350326538086,"Unknown"
"7014851",371865,2025-06-20 14:19:25,43.5953826904297,-9.09529972076416,"Unknown"
"7014851",371865,2025-06-20 14:24:28,43.5741233825684,-9.08841419219971,"Unknown"
"7014851",371865,2025-06-20 14:29:28,43.5703277587891,-9.07241439819336,"Unknown"
"7014851",371865,2025-06-20 14:34:25,43.5452194213867,-9.04340171813965,"Unknown"
"7014851",371865,2025-06-20 14:39:25,43.5060958862305,-9.03221797943115,"Unknown"
"7014851",371865,2025-06-20 14:44:26,43.4686241149902,-9.0250129699707,"Unknown"
"7014851",371865,2025-06-20 14:49:26,43.4292640686035,-9.01221752166748,"Unknown"
"7014851",371865,2025-06-20 14:54:26,43.3933563232422,-8.98881816864014,"Unknown"
"7014851",371865,2025-06-20 14:59:26,43.3687210083008,-8.95256042480469,"Unknown"
"7014851",371865,2025-06-20 15:04:29,43.3624610900879,-8.92828273773193,"Unknown"
"7014851",371865,2025-06-20 15:09:26,43.3564109802246,-8.8837366104126,"Unknown"
"7014851",371865,2025-06-20 15:14:27,43.3573112487793,-8.84574222564697,"Unknown"
"7014851",371865,2025-06-20 15:19:29,43.3574066162109,-8.84489631652832,"Unknown"
"7014851",371865,2025-06-20 15:24:42,43.3575096130371,-8.84497833251953,"Unknown"
"7014851",371865,2025-06-20 15:29:25,43.3577499389648,-8.84505844116211,"Unknown"
"7014851",371865,2025-06-20 15:34:27,43.3575401306152,-8.84495258331299,"Unknown"
"7014851",371865,2025-06-20 15:39:36,43.357479095459,-8.84489917755127,"Unknown"
"7014851",371865,2025-06-20 15:44:33,43.3574829101562,-8.84491443634033,"Unknown"
"7014851",371865,2025-06-20 15:49:35,43.3574752807617,-8.84491920471191,"Unknown"
"7014851",371865,2025-06-20 15:54:30,43.3574523925781,-8.84487915039062,"Unknown"
"7014851",371865,2025-06-20 15:59:44,43.357608795166,-8.8450174331665,"Unknown"
"7014851",371865,2025-06-20 16:04:28,43.3576507568359,-8.84509563446045,"Unknown"
"7014851",371865,2025-06-20 16:09:30,43.3575325012207,-8.844895362854,"Unknown"
"7014851",371865,2025-06-20 16:14:44,43.3575668334961,-8.84491348266602,"Unknown"
"7014851",371865,2025-06-20 16:19:30,43.3576850891113,-8.84504413604736,"Unknown"
"7014851",371865,2025-06-20 16:24:29,43.3576049804688,-8.84495258331299,"Unknown"
"7014851",371865,2025-06-20 16:29:31,43.3575897216797,-8.84492301940918,"Unknown"
"7014851",371865,2025-06-20 16:34:28,43.3579177856445,-8.84532928466797,"Unknown"
"7014851",371865,2025-06-20 16:39:39,43.3574752807617,-8.84489631652832,"Unknown"
"7014851",371865,2025-06-20 16:44:37,43.3575820922852,-8.84490489959717,"Unknown"
"7014851",371865,2025-06-20 16:49:45,43.3576240539551,-8.84451770782471,"Unknown"
"7014851",371865,2025-06-20 16:54:44,43.3574485778809,-8.84480476379395,"Unknown"
"7014851",371865,2025-06-20 16:59:37,43.3578033447266,-8.84495162963867,"Unknown"
"7014851",371865,2025-06-20 17:04:30,43.3574752807617,-8.84496402740479,"Unknown"
"7014851",371865,2025-06-20 17:09:42,43.3576469421387,-8.84499835968018,"Unknown"
"7014851",371865,2025-06-20 17:14:36,43.3271636962891,-8.84920883178711,"Unknown"
"7014851",371865,2025-06-20 17:19:36,43.3139572143555,-8.85705280303955,"Unknown"
"7014851",371865,2025-06-20 17:25:04,43.3140106201172,-8.85680294036865,"Unknown"
"7014851",371865,2025-06-20 17:29:31,43.3193969726562,-8.8552713394165,"Unknown"
"7014851",371865,2025-06-20 17:34:59,43.3195724487305,-8.84639167785645,"Unknown"
"7014851",371865,2025-06-20 17:39:28,43.3194122314453,-8.84632968902588,"Unknown"
"7014851",371865,2025-06-20 17:44:26,43.3237152099609,-8.84905338287354,"Unknown"
"7014851",371865,2025-06-20 17:50:35,43.3569183349609,-8.846022605896,"Unknown"
"7014851",371865,2025-06-20 17:54:36,43.3576202392578,-8.84510135650635,"Unknown"
"7014851",371865,2025-06-20 17:59:28,43.3575439453125,-8.84506130218506,"Unknown"
"7014851",371865,2025-06-20 18:04:28,43.3574447631836,-8.84494018554688,"Unknown"
"7014851",371865,2025-06-20 18:09:34,43.3575706481934,-8.84503078460693,"Unknown"
"7014851",371865,2025-06-20 18:14:29,43.3575248718262,-8.84502792358398,"Unknown"
"7014851",371865,2025-06-20 18:19:27,43.3576240539551,-8.84505176544189,"Unknown"
"7014851",371865,2025-06-20 18:24:26,43.3576698303223,-8.84505844116211,"Unknown"
"7014851",371865,2025-06-20 18:29:36,43.3576278686523,-8.84495258331299,"Unknown"
"7014851",371865,2025-06-20 18:34:29,43.3575782775879,-8.84507751464844,"Unknown"
"7014851",371865,2025-06-20 18:39:27,43.3575210571289,-8.84501838684082,"Unknown"
"7014851",371865,2025-06-20 18:44:25,43.3576126098633,-8.84500980377197,"Unknown"
"7014851",371865,2025-06-20 18:49:26,43.3577117919922,-8.84524631500244,"Unknown"
"7014851",371865,2025-06-20 18:54:28,43.3575325012207,-8.84499359130859,"Unknown"
"7014851",371865,2025-06-20 18:59:30,43.357780456543,-8.84529209136963,"Unknown"
"7014851",371865,2025-06-20 19:04:28,43.3576774597168,-8.84531784057617,"Unknown"
"7014851",371865,2025-06-20 19:09:26,43.3576812744141,-8.84552192687988,"Unknown"
"7014851",371865,2025-06-20 19:14:50,43.3576545715332,-8.84530830383301,"Unknown"
"7014851",371865,2025-06-20 19:19:25,43.3576583862305,-8.84522724151611,"Unknown"
"7014851",371865,2025-06-20 19:24:28,43.3576774597168,-8.84521961212158,"Unknown"
"7014851",371865,2025-06-20 19:29:28,43.357494354248,-8.84476375579834,"Unknown"
"7014851",371865,2025-06-20 19:34:29,43.357593536377,-8.84512424468994,"Unknown"
"7014851",371865,2025-06-20 19:39:31,43.3576469421387,-8.8453254699707,"Unknown"
"7014851",371865,2025-06-20 19:44:27,43.3574600219727,-8.84489345550537,"Unknown"
"7014851",371865,2025-06-20 19:49:44,43.3576011657715,-8.84514331817627,"Unknown"
"7014851",371865,2025-06-20 19:54:30,43.357364654541,-8.84462928771973,"Unknown"
"7014851",371865,2025-06-20 19:59:31,43.3577346801758,-8.84535884857178,"Unknown"
"7014851",371865,2025-06-20 20:04:57,43.3575897216797,-8.8452205657959,"Unknown"
"7014851",371865,2025-06-20 20:09:25,43.3575553894043,-8.84508800506592,"Unknown"
"7014851",371865,2025-06-20 20:14:25,43.3576202392578,-8.84515953063965,"Unknown"
"7014851",371865,2025-06-20 20:19:26,43.3575859069824,-8.84525108337402,"Unknown"
"7014851",371865,2025-06-20 20:24:25,43.3576583862305,-8.84515285491943,"Unknown"
"7014851",371865,2025-06-20 20:29:25,43.3576850891113,-8.84531402587891,"Unknown"
"7014851",371865,2025-06-20 20:34:26,43.357608795166,-8.84528350830078,"Unknown"
"7014851",371865,2025-06-20 20:39:26,43.357551574707,-8.84505748748779,"Unknown"
"7014851",371865,2025-06-20 20:44:25,43.3576126098633,-8.84524631500244,"Unknown"
"7014851",371865,2025-06-20 20:49:44,43.3576698303223,-8.84502983093262,"Unknown"
"7014851",371865,2025-06-20 20:54:29,43.3576850891113,-8.84525585174561,"Unknown"
"7014851",371865,2025-06-20 20:59:29,43.3577423095703,-8.8453483581543,"Unknown"
"7014851",371865,2025-06-20 21:04:36,43.3576622009277,-8.84513092041016,"Unknown"
"7014851",371865,2025-06-20 21:09:30,43.3576469421387,-8.84521675109863,"Unknown"
"7014851",371865,2025-06-20 21:14:42,43.3576049804688,-8.84494876861572,"Unknown"
"7014851",371865,2025-06-20 21:19:29,43.3573188781738,-8.84473133087158,"Unknown"
"7014851",371865,2025-06-20 21:24:28,43.357608795166,-8.84503173828125,"Unknown"
"7014851",371865,2025-06-20 21:29:28,43.3576583862305,-8.84506797790527,"Unknown"
"7014851",371865,2025-06-20 21:34:47,43.3574104309082,-8.84485244750977,"Unknown"
"7014851",371865,2025-06-20 21:39:41,43.3574981689453,-8.84476947784424,"Unknown"
"7014851",371865,2025-06-20 21:44:38,43.3576507568359,-8.84502220153809,"Unknown"
"7014851",371865,2025-06-20 21:49:37,43.3575325012207,-8.84478282928467,"Unknown"
"7014851",371865,2025-06-20 21:54:59,43.357608795166,-8.84505653381348,"Unknown"
"7014851",371865,2025-06-20 21:59:26,43.357666015625,-8.84513568878174,"Unknown"
"7014851",371865,2025-06-20 22:04:36,43.3576202392578,-8.84503078460693,"Unknown"
"7014851",371865,2025-06-20 22:09:25,43.3575553894043,-8.84511280059814,"Unknown"
"7014851",371865,2025-06-20 22:14:26,43.3574867248535,-8.84523868560791,"Unknown"
"7014851",371865,2025-06-20 22:19:25,43.3575439453125,-8.84536838531494,"Unknown"
"7014851",371865,2025-06-20 22:24:25,43.3576202392578,-8.84523582458496,"Unknown"
"7014851",371865,2025-06-20 22:29:25,43.357536315918,-8.84522819519043,"Unknown"
"7014851",371865,2025-06-20 22:34:27,43.3576469421387,-8.84520721435547,"Unknown"
"7014851",371865,2025-06-20 22:39:25,43.3576545715332,-8.84518527984619,"Unknown"
"7014851",371865,2025-06-20 22:44:25,43.3575897216797,-8.84520530700684,"Unknown"
"7014851",371865,2025-06-20 22:49:25,43.3575668334961,-8.84515476226807,"Unknown"
"7014851",371865,2025-06-20 22:54:25,43.357551574707,-8.84516906738281,"Unknown"
"7014851",371865,2025-06-20 22:59:25,43.3575401306152,-8.84517478942871,"Unknown"
"7014851",371865,2025-06-20 23:04:25,43.3575401306152,-8.84515857696533,"Unknown"
"7014851",371865,2025-06-20 23:09:25,43.3575592041016,-8.84506702423096,"Unknown"
"7014851",371865,2025-06-20 23:14:27,43.3576011657715,-8.84512615203857,"Unknown"
"7014851",371865,2025-06-20 23:19:27,43.3575630187988,-8.84512233734131,"Unknown"
"7014851",371865,2025-06-20 23:24:28,43.357551574707,-8.8451099395752,"Unknown"
"7014851",371865,2025-06-20 23:29:28,43.357593536377,-8.84515953063965,"Unknown"
"7014851",371865,2025-06-20 23:34:27,43.3575477600098,-8.84532451629639,"Unknown"
"7014851",371865,2025-06-20 23:39:27,43.3575820922852,-8.84512042999268,"Unknown"
"7014851",371865,2025-06-20 23:44:27,43.357593536377,-8.84512329101562,"Unknown"
"7014851",371865,2025-06-20 23:49:28,43.3576202392578,-8.84513759613037,"Unknown"
"7014851",371865,2025-06-20 23:54:31,43.357608795166,-8.84511089324951,"Unknown"
"7014851",371865,2025-06-20 23:59:36,43.3574028015137,-8.84514236450195,"Unknown"
"7014851",371865,2025-06-21 00:04:36,43.3574180603027,-8.84517192840576,"Unknown"
"7014851",371865,2025-06-21 00:09:37,43.3577079772949,-8.84496307373047,"Unknown"
"7014851",371865,2025-06-21 00:14:59,43.3575248718262,-8.84506607055664,"Unknown"
"7014851",371865,2025-06-21 00:19:25,43.3575172424316,-8.8450870513916,"Unknown"
"7014851",371865,2025-06-21 00:24:26,43.357593536377,-8.84514331817627,"Unknown"
"7014851",371865,2025-06-21 00:29:26,43.3575210571289,-8.84504699707031,"Unknown"
"7014851",371865,2025-06-21 00:34:26,43.3575439453125,-8.84506034851074,"Unknown"
"7014851",371865,2025-06-21 00:39:26,43.3575744628906,-8.84512519836426,"Unknown"
"7014851",371865,2025-06-21 00:44:25,43.3575401306152,-8.84501171112061,"Unknown"
"7014851",371865,2025-06-21 00:49:26,43.3576698303223,-8.84493923187256,"Unknown"
"7014851",371865,2025-06-21 00:54:25,43.3576889038086,-8.84503078460693,"Unknown"
"7014851",371865,2025-06-21 00:59:26,43.3576431274414,-8.84507465362549,"Unknown"
"7014851",371865,2025-06-21 01:04:26,43.3576583862305,-8.84510135650635,"Unknown"
"7014851",371865,2025-06-21 01:09:28,43.3576240539551,-8.84507846832275,"Unknown"
"7014851",371865,2025-06-21 01:14:29,43.3575859069824,-8.84493350982666,"Unknown"
"7014851",371865,2025-06-21 01:19:45,43.3576202392578,-8.84500408172607,"Unknown"
"7014851",371865,2025-06-21 01:24:28,43.3575096130371,-8.84496021270752,"Unknown"
"7014851",371865,2025-06-21 01:29:34,43.3575744628906,-8.84507751464844,"Unknown"
"7014851",371865,2025-06-21 01:34:32,43.3576393127441,-8.84508991241455,"Unknown"
"7014851",371865,2025-06-21 01:39:32,43.357608795166,-8.84494972229004,"Unknown"
"7014851",371865,2025-06-21 01:44:41,43.3576316833496,-8.8450756072998,"Unknown"
"7014851",371865,2025-06-21 01:49:29,43.3577079772949,-8.84502029418945,"Unknown"
"7014851",371865,2025-06-21 01:54:32,43.3576011657715,-8.84504127502441,"Unknown"
"7014851",371865,2025-06-21 01:59:44,43.3575744628906,-8.84504795074463,"Unknown"
"7014851",371865,2025-06-21 02:05:05,43.3575973510742,-8.84505939483643,"Unknown"
"7014851",371865,2025-06-21 02:09:25,43.357738494873,-8.84505748748779,"Unknown"
"7014851",371865,2025-06-21 02:14:37,43.357593536377,-8.84507656097412,"Unknown"
"7014851",371865,2025-06-21 02:19:31,43.3575477600098,-8.84497261047363,"Unknown"
"7014851",371865,2025-06-21 02:24:37,43.3575782775879,-8.84502410888672,"Unknown"
"7014851",371865,2025-06-21 02:29:25,43.3576469421387,-8.84513092041016,"Unknown"
"7014851",371865,2025-06-21 02:34:37,43.357536315918,-8.8450174331665,"Unknown"
"7014851",371865,2025-06-21 02:40:29,43.3575477600098,-8.84507942199707,"Unknown"
"7014851",371865,2025-06-21 02:44:25,43.3575973510742,-8.84508609771729,"Unknown"
"7014851",371865,2025-06-21 02:49:25,43.357593536377,-8.84500885009766,"Unknown"
"7014851",371865,2025-06-21 02:54:25,43.3575553894043,-8.84504318237305,"Unknown"
"7014851",371865,2025-06-21 02:59:24,43.3576316833496,-8.8451566696167,"Unknown"
"7014851",371865,2025-06-21 03:04:26,43.357593536377,-8.8451042175293,"Unknown"
"7014851",371865,2025-06-21 03:09:26,43.3575096130371,-8.84491348266602,"Unknown"
"7014851",371865,2025-06-21 03:14:28,43.3576011657715,-8.84507369995117,"Unknown"
"7014851",371865,2025-06-21 03:19:26,43.357536315918,-8.84506988525391,"Unknown"
"7014851",371865,2025-06-21 03:24:26,43.3576736450195,-8.84508323669434,"Unknown"
"7014851",371865,2025-06-21 03:29:29,43.3578186035156,-8.84518623352051,"Unknown"
"7014851",371865,2025-06-21 03:34:27,43.3575668334961,-8.84510040283203,"Unknown"
"7014851",371865,2025-06-21 03:39:25,43.3573875427246,-8.8448486328125,"Unknown"
"7014851",371865,2025-06-21 03:44:31,43.3572120666504,-8.84469795227051,"Unknown"
"7014851",371865,2025-06-21 03:49:43,43.3575782775879,-8.84514617919922,"Unknown"
"7014851",371865,2025-06-21 03:54:29,43.3577537536621,-8.84505367279053,"Unknown"
"7014851",371865,2025-06-21 03:59:31,43.3576927185059,-8.84510231018066,"Unknown"
"7014851",371865,2025-06-21 04:04:36,43.3577079772949,-8.8450870513916,"Unknown"
"7014851",371865,2025-06-21 04:09:27,43.3573760986328,-8.84480094909668,"Unknown"
"7014851",371865,2025-06-21 04:14:28,43.3575592041016,-8.84498596191406,"Unknown"
"7014851",371865,2025-06-21 04:19:28,43.3576889038086,-8.84528541564941,"Unknown"
"7014851",371865,2025-06-21 04:24:29,43.3576164245605,-8.84519577026367,"Unknown"
"7014851",371865,2025-06-21 04:29:42,43.3576393127441,-8.84524631500244,"Unknown"
"7014851",371865,2025-06-21 04:34:28,43.3576278686523,-8.84513187408447,"Unknown"
"7014851",371865,2025-06-21 04:39:36,43.3576164245605,-8.84509372711182,"Unknown"
"7014851",371865,2025-06-21 04:44:29,43.3576202392578,-8.84507369995117,"Unknown"
"7014851",371865,2025-06-21 04:49:44,43.3575668334961,-8.8450231552124,"Unknown"
"7014851",371865,2025-06-21 04:54:36,43.3575401306152,-8.84492301940918,"Unknown"
"7014851",371865,2025-06-21 04:59:36,43.3575210571289,-8.8449182510376,"Unknown"
"7014851",371865,2025-06-21 05:04:36,43.357494354248,-8.84470558166504,"Unknown"
"7014851",371865,2025-06-21 05:09:44,43.357364654541,-8.84436321258545,"Unknown"
"7014851",371865,2025-06-21 05:14:41,43.3572845458984,-8.84424114227295,"Unknown"
"7014851",371865,2025-06-21 05:19:44,43.3576469421387,-8.84521007537842,"Unknown"
"7014851",371865,2025-06-21 05:24:28,43.3582191467285,-8.84646797180176,"Unknown"
"7014851",371865,2025-06-21 05:29:30,43.3576965332031,-8.84542846679688,"Unknown"
"7014851",371865,2025-06-21 05:34:36,43.3575744628906,-8.84515190124512,"Unknown"
"7014851",371865,2025-06-21 05:39:36,43.3575897216797,-8.84511280059814,"Unknown"
"7014851",371865,2025-06-21 05:44:35,43.3576240539551,-8.84519577026367,"Unknown"
"7014851",371865,2025-06-21 05:49:44,43.3577270507812,-8.84541988372803,"Unknown"
"7014851",371865,2025-06-21 05:54:28,43.357666015625,-8.84522438049316,"Unknown"
"7014851",371865,2025-06-21 05:59:44,43.3575401306152,-8.84497356414795,"Unknown"
"7014851",371865,2025-06-21 06:04:24,43.3575172424316,-8.84494972229004,"Unknown"
"7014851",371865,2025-06-21 06:09:25,43.3575325012207,-8.84498977661133,"Unknown"
"7014851",371865,2025-06-21 06:14:34,43.3576431274414,-8.84496402740479,"Unknown"
"7014851",371865,2025-06-21 06:19:33,43.3576202392578,-8.84527969360352,"Unknown"
"7014851",371865,2025-06-21 06:24:44,43.3576011657715,-8.84519195556641,"Unknown"
"7014851",371865,2025-06-21 06:29:28,43.3575668334961,-8.84515476226807,"Unknown"
"7014851",371865,2025-06-21 06:34:26,43.3575706481934,-8.84512138366699,"Unknown"
"7014851",371865,2025-06-21 06:39:29,43.3576240539551,-8.84513664245605,"Unknown"
"7014851",371865,2025-06-21 06:44:29,43.3578605651855,-8.84566497802734,"Unknown"
"7014851",371865,2025-06-21 06:49:59,43.3576545715332,-8.84519386291504,"Unknown"
"7014851",371865,2025-06-21 06:54:33,43.3576622009277,-8.84508895874023,"Unknown"
"7014851",371865,2025-06-21 06:59:28,43.3577079772949,-8.84516429901123,"Unknown"
"7014851",371865,2025-06-21 07:04:29,43.3574714660645,-8.84460639953613,"Unknown"
"7014851",371865,2025-06-21 07:09:27,43.3571662902832,-8.84539794921875,"Unknown"
"7014851",371865,2025-06-21 07:14:30,43.3574142456055,-8.84444808959961,"Unknown"
"7014851",371865,2025-06-21 07:20:04,43.3576164245605,-8.84505844116211,"Unknown"
"7014851",371865,2025-06-21 07:24:27,43.3576126098633,-8.84512519836426,"Unknown"
"7014851",371865,2025-06-21 07:29:27,43.3576812744141,-8.84511089324951,"Unknown"
"7014851",371865,2025-06-21 07:34:24,43.3576850891113,-8.84509944915771,"Unknown"
"7014851",371865,2025-06-21 07:39:24,43.3576316833496,-8.84513378143311,"Unknown"
"7014851",371865,2025-06-21 07:44:24,43.3577728271484,-8.84510231018066,"Unknown"
"7014851",371865,2025-06-21 07:49:26,43.3576126098633,-8.84514904022217,"Unknown"
"7014851",371865,2025-06-21 07:54:26,43.3577651977539,-8.84513092041016,"Unknown"
"7014851",371865,2025-06-21 07:59:29,43.3577766418457,-8.84519958496094,"Unknown"
"7014851",371865,2025-06-21 08:04:25,43.3581390380859,-8.84508228302002,"Unknown"
"7014851",371865,2025-06-21 08:09:25,43.3574867248535,-8.84516048431396,"Unknown"
"7014851",371865,2025-06-21 08:14:25,43.3576469421387,-8.84513759613037,"Unknown"
"7014851",371865,2025-06-21 08:19:26,43.3572959899902,-8.84517955780029,"Unknown"
"7014851",371865,2025-06-21 08:24:27,43.3577919006348,-8.84510040283203,"Unknown"
"7014851",371865,2025-06-21 08:29:28,43.3576850891113,-8.84513187408447,"Unknown"
"7014851",371865,2025-06-21 08:34:44,43.3575859069824,-8.84512233734131,"Unknown"
"7014851",371865,2025-06-21 08:39:28,43.3576774597168,-8.84515380859375,"Unknown"
"7014851",371865,2025-06-21 08:44:24,43.357593536377,-8.84517192840576,"Unknown"
"7014851",371865,2025-06-21 08:49:24,43.3575706481934,-8.84513568878174,"Unknown"
"7014851",371865,2025-06-21 08:54:25,43.357551574707,-8.84515190124512,"Unknown"
"7014851",371865,2025-06-21 08:59:24,43.3575401306152,-8.84515285491943,"Unknown"
"7014851",371865,2025-06-21 09:04:24,43.3575706481934,-8.84514427185059,"Unknown"
"7014851",371865,2025-06-21 09:09:24,43.3575706481934,-8.84507369995117,"Unknown"
"7014851",371865,2025-06-21 09:14:36,43.3576164245605,-8.84511661529541,"Unknown"
"7014851",371865,2025-06-21 09:19:25,43.3575706481934,-8.84511566162109,"Unknown"
"7014851",371865,2025-06-21 09:24:28,43.3575401306152,-8.845139503479,"Unknown"
"7014851",371865,2025-06-21 09:29:34,43.3576316833496,-8.84519577026367,"Unknown"
"7014851",371865,2025-06-21 09:34:59,43.3575057983398,-8.84508228302002,"Unknown"
"7014851",371865,2025-06-21 09:39:25,43.3555221557617,-8.87923049926758,"Unknown"
"7014851",371865,2025-06-21 09:44:25,43.3495445251465,-8.91546726226807,"Unknown"
"7014851",371865,2025-06-21 09:49:26,43.3393630981445,-8.93233585357666,"Unknown"
"7014851",371865,2025-06-21 09:55:03,43.335823059082,-8.9460563659668,"Unknown"
"7014851",371865,2025-06-21 09:59:34,43.3437690734863,-8.9225549697876,"Unknown"
"7014851",371865,2025-06-21 10:04:24,43.3466606140137,-8.92006492614746,"Unknown"
"7014851",371865,2025-06-21 10:09:24,43.3767395019531,-8.93062782287598,"Unknown"
"7014851",371865,2025-06-21 10:14:27,43.4007987976074,-8.9540433883667,"Unknown"
"7014851",371865,2025-06-21 10:19:27,43.4198532104492,-8.98580265045166,"Unknown"
"7014851",371865,2025-06-21 10:24:30,43.4382934570312,-9.01726913452148,"Unknown"
"7014851",371865,2025-06-21 10:29:36,43.4531326293945,-9.0513277053833,"Unknown"
"7014851",371865,2025-06-21 10:34:37,43.4717254638672,-9.08339977264404,"Unknown"
"7014851",371865,2025-06-21 10:39:36,43.4974060058594,-9.11004447937012,"Unknown"
"7014851",371865,2025-06-21 10:44:39,43.5064086914062,-9.14003562927246,"Unknown"
"7014851",371865,2025-06-21 10:49:46,43.5234107971191,-9.16363906860352,"Unknown"
"7014851",371865,2025-06-21 10:54:41,43.5341720581055,-9.19748687744141,"Unknown"
"7014851",371865,2025-06-21 10:59:36,43.5459671020508,-9.23227405548096,"Unknown"
"7014851",371865,2025-06-21 11:05:14,43.5509872436523,-9.24028491973877,"Unknown"
"7014851",371865,2025-06-21 11:09:39,43.5700035095215,-9.20970439910889,"Unknown"
"7014851",371865,2025-06-21 11:14:38,43.5925140380859,-9.16110134124756,"Unknown"
"7014851",371865,2025-06-21 11:19:35,43.5977821350098,-9.11586761474609,"Unknown"
"7014851",371865,2025-06-21 11:24:39,43.587100982666,-9.09191513061523,"Unknown"
"7014851",371865,2025-06-21 11:29:42,43.584587097168,-9.09487724304199,"Unknown"
"7014851",371865,2025-06-21 11:34:44,43.5845832824707,-9.09600257873535,"Unknown"
"7014851",371865,2025-06-21 11:39:36,43.5845832824707,-9.09719657897949,"Unknown"
"7014851",371865,2025-06-21 11:44:36,43.5846672058105,-9.09821891784668,"Unknown"
"7014851",371865,2025-06-21 11:49:43,43.5756340026855,-9.10874652862549,"Unknown"
"7014851",371865,2025-06-21 11:55:02,43.5700035095215,-9.1370325088501,"Unknown"
"7014851",371865,2025-06-21 11:59:35,43.5584869384766,-9.15268707275391,"Unknown"
"7014851",371865,2025-06-21 12:05:23,43.5429954528809,-9.1750955581665,"Unknown"
"7014851",371865,2025-06-21 12:09:24,43.5386924743652,-9.18490886688232,"Unknown"
"7014851",371865,2025-06-21 12:14:24,43.5294723510742,-9.2134313583374,"Unknown"
"7014851",371865,2025-06-21 12:19:24,43.5294227600098,-9.24283790588379,"Unknown"
"7014851",371865,2025-06-21 12:24:31,43.5284996032715,-9.25695991516113,"Unknown"
"7014851",371865,2025-06-21 12:30:35,43.5207138061523,-9.27062702178955,"Unknown"
"7014851",371865,2025-06-21 12:34:24,43.5215377807617,-9.29444885253906,"Unknown"
"7014851",371865,2025-06-21 12:39:24,43.5064392089844,-9.31233882904053,"Unknown"
"7014851",371865,2025-06-21 12:44:28,43.4868049621582,-9.31085395812988,"Unknown"
"7014851",371865,2025-06-21 12:49:26,43.478946685791,-9.29079055786133,"Unknown"
"7014851",371865,2025-06-21 12:54:25,43.4661026000977,-9.30936813354492,"Unknown"
"7014851",371865,2025-06-21 12:59:59,43.4463691711426,-9.31953430175781,"Unknown"
"7014851",371865,2025-06-21 13:04:27,43.4328422546387,-9.33496284484863,"Unknown"
"7014851",371865,2025-06-21 13:09:26,43.4162178039551,-9.34797382354736,"Unknown"
"7014851",371865,2025-06-21 13:14:27,43.4120445251465,-9.37591743469238,"Unknown"
"7014851",371865,2025-06-21 13:19:49,43.4084281921387,-9.41008758544922,"Unknown"
"7014851",371865,2025-06-21 13:24:42,43.4021644592285,-9.44045829772949,"Unknown"
"7014851",371865,2025-06-21 13:29:36,43.3922996520996,-9.44482421875,"Unknown"
"7014851",371865,2025-06-21 13:34:27,43.3779945373535,-9.46183967590332,"Unknown"
"7014851",371865,2025-06-21 13:39:37,43.3609046936035,-9.47196578979492,"Unknown"
"7014851",371865,2025-06-21 13:44:25,43.3489685058594,-9.49503803253174,"Unknown"
"7014851",371865,2025-06-21 13:50:25,43.330810546875,-9.5059871673584,"Unknown"
"7014851",371865,2025-06-21 13:54:27,43.330509185791,-9.5054874420166,"Unknown"
"7014851",371865,2025-06-21 13:59:27,43.3371162414551,-9.46707725524902,"Unknown"
"7014851",371865,2025-06-21 14:04:27,43.3552551269531,-9.41285037994385,"Unknown"
"7014851",371865,2025-06-21 14:09:38,43.3735046386719,-9.35366630554199,"Unknown"
"7014851",371865,2025-06-21 14:14:26,43.3812026977539,-9.29824829101562,"Unknown"
"7014851",371865,2025-06-21 14:19:27,43.3806762695312,-9.2447509765625,"Unknown"
"7014851",371865,2025-06-21 14:24:27,43.3821105957031,-9.19415378570557,"Unknown"
"7014851",371865,2025-06-21 14:29:26,43.3779487609863,-9.13337326049805,"Unknown"
"7014851",371865,2025-06-21 14:34:42,43.370433807373,-9.06636905670166,"Unknown"
"7014851",371865,2025-06-21 14:39:27,43.3587112426758,-9.00587749481201,"Unknown"
"7014851",371865,2025-06-21 14:44:25,43.3465385437012,-8.94120788574219,"Unknown"
"7014851",371865,2025-06-21 14:49:37,43.3391265869141,-8.87901401519775,"Unknown"
"7014851",371865,2025-06-21 14:54:28,43.3570861816406,-8.84542560577393,"Unknown"
"7014851",371865,2025-06-21 14:59:44,43.3575782775879,-8.84504222869873,"Unknown"
"7014851",371865,2025-06-21 15:04:26,43.3575592041016,-8.8450870513916,"Unknown"
"7014851",371865,2025-06-21 15:09:25,43.3577651977539,-8.84521770477295,"Unknown"
"7014851",371865,2025-06-21 15:14:26,43.3577461242676,-8.84520530700684,"Unknown"
"7014851",371865,2025-06-21 15:19:28,43.3578834533691,-8.845290184021,"Unknown"
"7014851",371865,2025-06-21 15:24:27,43.3578300476074,-8.84533500671387,"Unknown"
"7014851",371865,2025-06-21 15:29:31,43.3578948974609,-8.84535026550293,"Unknown"
"7014851",371865,2025-06-21 15:34:45,43.3575630187988,-8.84508228302002,"Unknown"
"7014851",371865,2025-06-21 15:39:26,43.3575782775879,-8.845046043396,"Unknown"
"7014851",371865,2025-06-21 15:44:29,43.3574714660645,-8.84505081176758,"Unknown"
"7014851",371865,2025-06-21 15:49:29,43.3575439453125,-8.8450927734375,"Unknown"
"7014851",371865,2025-06-21 15:54:34,43.3575019836426,-8.84502506256104,"Unknown"
"7014851",371865,2025-06-21 15:59:26,43.3574752807617,-8.84506511688232,"Unknown"
"7014851",371865,2025-06-21 16:04:28,43.3575248718262,-8.84498119354248,"Unknown"
"7014851",371865,2025-06-21 16:09:31,43.3575134277344,-8.84496021270752,"Unknown"
"7014851",371865,2025-06-21 16:14:41,43.3575553894043,-8.84499835968018,"Unknown"
"7014851",371865,2025-06-21 16:19:36,43.3573760986328,-8.84481334686279,"Unknown"
"7014851",371865,2025-06-21 16:24:37,43.3573722839355,-8.84477043151855,"Unknown"
"7014851",371865,2025-06-21 16:29:30,43.3572731018066,-8.84460353851318,"Unknown"
"7014851",371865,2025-06-21 16:34:28,43.3573951721191,-8.84478664398193,"Unknown"
"7014851",371865,2025-06-21 16:39:36,43.3573799133301,-8.84477710723877,"Unknown"
"7014851",371865,2025-06-21 16:44:30,43.3575134277344,-8.84498119354248,"Unknown"
"7014851",371865,2025-06-21 16:49:59,43.3576431274414,-8.84506034851074,"Unknown"
"7014851",371865,2025-06-21 16:54:25,43.3576278686523,-8.845139503479,"Unknown"
"7014851",371865,2025-06-21 16:59:27,43.3576545715332,-8.84498882293701,"Unknown"
"7014851",371865,2025-06-21 17:04:26,43.3576278686523,-8.8450345993042,"Unknown"
"7014851",371865,2025-06-21 17:09:26,43.3576164245605,-8.84500885009766,"Unknown"
"7014851",371865,2025-06-21 17:14:27,43.3576889038086,-8.84504699707031,"Unknown"
"7014851",371865,2025-06-21 17:19:28,43.3576698303223,-8.84494686126709,"Unknown"
"7014851",371865,2025-06-21 17:24:29,43.3576278686523,-8.84501457214355,"Unknown"
"7014851",371865,2025-06-21 17:29:28,43.3576164245605,-8.84504985809326,"Unknown"
"7014851",371865,2025-06-21 17:34:44,43.3576622009277,-8.84500408172607,"Unknown"
"7014851",371865,2025-06-21 17:39:26,43.3576545715332,-8.84500503540039,"Unknown"
"7014851",371865,2025-06-21 17:44:30,43.3577919006348,-8.844970703125,"Unknown"
"7014851",371865,2025-06-21 17:49:29,43.3577346801758,-8.84502696990967,"Unknown"
"7014851",371865,2025-06-21 17:54:26,43.3577156066895,-8.84493446350098,"Unknown"
"7014851",371865,2025-06-21 17:59:27,43.3577270507812,-8.84503841400146,"Unknown"
"7014851",371865,2025-06-21 18:04:37,43.3576545715332,-8.84506988525391,"Unknown"
"7014851",371865,2025-06-21 18:09:32,43.3576354980469,-8.8450813293457,"Unknown"
"7014851",371865,2025-06-21 18:14:27,43.3355598449707,-8.84864902496338,"Unknown"
"7014851",371865,2025-06-21 18:19:36,43.3143768310547,-8.85678958892822,"Unknown"
"7014851",371865,2025-06-21 18:24:29,43.3157081604004,-8.8541374206543,"Unknown"
"7014851",371865,2025-06-21 18:29:57,43.3143424987793,-8.85675621032715,"Unknown"
"7014851",371865,2025-06-21 18:34:25,43.3199844360352,-8.85651969909668,"Unknown"
"7014851",371865,2025-06-21 18:39:25,43.3457489013672,-8.83904647827148,"Unknown"
"7014851",371865,2025-06-21 18:44:29,43.3578605651855,-8.84537696838379,"Unknown"
"7014851",371865,2025-06-21 18:49:44,43.3576622009277,-8.84518527984619,"Unknown"
"7014851",371865,2025-06-21 18:54:28,43.3578224182129,-8.84514999389648,"Unknown"
"7014851",371865,2025-06-21 18:59:28,43.3575782775879,-8.84496021270752,"Unknown"
"7014851",371865,2025-06-21 19:04:29,43.3576545715332,-8.84512805938721,"Unknown"
"7014851",371865,2025-06-21 19:09:27,43.3576431274414,-8.84516716003418,"Unknown"
"7014851",371865,2025-06-21 19:14:32,43.35791015625,-8.84566688537598,"Unknown"
"7014851",371865,2025-06-21 19:19:32,43.3583908081055,-8.8466739654541,"Unknown"
"7014851",371865,2025-06-21 19:24:34,43.3586311340332,-8.84719753265381,"Unknown"
"7014851",371865,2025-06-21 19:29:44,43.3577041625977,-8.8453197479248,"Unknown"
"7014851",371865,2025-06-21 19:34:37,43.3577423095703,-8.84531879425049,"Unknown"
"7014851",371865,2025-06-21 19:39:49,43.3573875427246,-8.84451675415039,"Unknown"
"7014851",371865,2025-06-21 19:44:44,43.3576240539551,-8.84508514404297,"Unknown"
"7014851",371865,2025-06-21 19:49:25,43.3576545715332,-8.84519958496094,"Unknown"
"7014851",371865,2025-06-21 19:54:28,43.3574867248535,-8.84497928619385,"Unknown"
"7014851",371865,2025-06-21 19:59:26,43.3612976074219,-8.84635829925537,"Unknown"
"7014851",371865,2025-06-21 20:04:25,43.3685150146484,-8.82888507843018,"Unknown"
"7014851",371865,2025-06-21 20:09:25,43.3678321838379,-8.82844638824463,"Unknown"
"7014851",371865,2025-06-21 20:14:25,43.3671379089355,-8.82820796966553,"Unknown"
"7014851",371865,2025-06-21 20:19:25,43.3662338256836,-8.82631492614746,"Unknown"
"7014851",371865,2025-06-21 20:24:26,43.3650016784668,-8.82653713226318,"Unknown"
"7014851",371865,2025-06-21 20:29:29,43.3576507568359,-8.84534931182861,"Unknown"
"7014851",371865,2025-06-21 20:34:59,43.3576545715332,-8.84500217437744,"Unknown"
"7014851",371865,2025-06-21 20:39:26,43.3576011657715,-8.84512233734131,"Unknown"
"7014851",371865,2025-06-21 20:44:28,43.3576202392578,-8.84524154663086,"Unknown"
"7014851",371865,2025-06-21 20:49:26,43.3575592041016,-8.84514713287354,"Unknown"
"7014851",371865,2025-06-21 20:54:29,43.3575401306152,-8.84521865844727,"Unknown"
"7014851",371865,2025-06-21 20:59:34,43.357608795166,-8.84510135650635,"Unknown"
"7014851",371865,2025-06-21 21:04:26,43.3576469421387,-8.84513854980469,"Unknown"
"7014851",371865,2025-06-21 21:09:39,43.357608795166,-8.84509086608887,"Unknown"
"7014851",371865,2025-06-21 21:14:25,43.3576431274414,-8.84507751464844,"Unknown"
"7014851",371865,2025-06-21 21:19:28,43.3576469421387,-8.84510803222656,"Unknown"
"7014851",371865,2025-06-21 21:24:25,43.3576202392578,-8.84518146514893,"Unknown"
"7014851",371865,2025-06-21 21:29:28,43.357666015625,-8.84511184692383,"Unknown"
"7014851",371865,2025-06-21 21:34:44,43.357536315918,-8.84515953063965,"Unknown"
"7014851",371865,2025-06-21 21:39:25,43.3575668334961,-8.8450984954834,"Unknown"
"7014851",371865,2025-06-21 21:44:25,43.3576965332031,-8.84506797790527,"Unknown"
"7014851",371865,2025-06-21 21:49:26,43.3575706481934,-8.84515476226807,"Unknown"
"7014851",371865,2025-06-21 21:54:27,43.3577079772949,-8.84505462646484,"Unknown"
"7014851",371865,2025-06-21 21:59:29,43.3574905395508,-8.84509468078613,"Unknown"
"7014851",371865,2025-06-21 22:04:37,43.3578834533691,-8.84476089477539,"Unknown"
"7014851",371865,2025-06-21 22:09:38,43.3578453063965,-8.84484767913818,"Unknown"
"7014851",371865,2025-06-21 22:14:29,43.3583450317383,-8.84503078460693,"Unknown"
"7014851",371865,2025-06-21 22:19:59,43.3575668334961,-8.84508991241455,"Unknown"
"7014851",371865,2025-06-21 22:24:25,43.3575553894043,-8.8450870513916,"Unknown"
"7014851",371865,2025-06-21 22:29:25,43.3575706481934,-8.84512042999268,"Unknown"
"7014851",371865,2025-06-21 22:34:25,43.3576126098633,-8.84507846832275,"Unknown"
"7014851",371865,2025-06-21 22:39:25,43.3575668334961,-8.84508514404297,"Unknown"
"7014851",371865,2025-06-21 22:44:26,43.3575325012207,-8.8450927734375,"Unknown"
"7014851",371865,2025-06-21 22:49:25,43.357551574707,-8.84512901306152,"Unknown"
"7014851",371865,2025-06-21 22:54:25,43.3575592041016,-8.84506893157959,"Unknown"
"7014851",371865,2025-06-21 22:59:26,43.3575820922852,-8.84506702423096,"Unknown"
"7014851",371865,2025-06-21 23:04:26,43.3575553894043,-8.84508991241455,"Unknown"
"7014851",371865,2025-06-21 23:09:26,43.3576545715332,-8.84520435333252,"Unknown"
"7014851",371865,2025-06-21 23:14:25,43.3575477600098,-8.84505558013916,"Unknown"
"7014851",371865,2025-06-21 23:19:25,43.357536315918,-8.84508228302002,"Unknown"
"7014851",371865,2025-06-21 23:24:25,43.3575592041016,-8.84510040283203,"Unknown"
"7014851",371865,2025-06-21 23:29:25,43.3575439453125,-8.84509086608887,"Unknown"
"7014851",371865,2025-06-21 23:34:25,43.3575248718262,-8.84509658813477,"Unknown"
"7014851",371865,2025-06-21 23:39:25,43.3575439453125,-8.84509563446045,"Unknown"
"7014851",371865,2025-06-21 23:44:25,43.3575248718262,-8.84511756896973,"Unknown"
"7014851",371865,2025-06-21 23:49:25,43.357551574707,-8.84507179260254,"Unknown"
"7014851",371865,2025-06-21 23:54:25,43.3575706481934,-8.84509086608887,"Unknown"
"7014851",371865,2025-06-21 23:59:25,43.3575401306152,-8.84509658813477,"Unknown"
"7014851",371865,2025-06-22 00:04:25,43.3575172424316,-8.8451099395752,"Unknown"
"7014851",371865,2025-06-22 00:09:26,43.3575553894043,-8.84508419036865,"Unknown"
"7014851",371865,2025-06-22 00:14:28,43.3575210571289,-8.84521961212158,"Unknown"
"7014851",371865,2025-06-22 00:19:25,43.3575592041016,-8.84505271911621,"Unknown"
"7014851",371865,2025-06-22 00:24:26,43.3575325012207,-8.84507465362549,"Unknown"
"7014851",371865,2025-06-22 00:29:27,43.3575134277344,-8.84499359130859,"Unknown"
"7014851",371865,2025-06-22 00:34:27,43.3574028015137,-8.84496116638184,"Unknown"
"7014851",371865,2025-06-22 00:39:26,43.3575057983398,-8.84497833251953,"Unknown"
"7014851",371865,2025-06-22 00:44:28,43.3572387695312,-8.84478187561035,"Unknown"
"7014851",371865,2025-06-22 00:49:28,43.3576049804688,-8.84511375427246,"Unknown"
"7014851",371865,2025-06-22 00:54:27,43.3575401306152,-8.84497547149658,"Unknown"
"7014851",371865,2025-06-22 00:59:26,43.3575248718262,-8.84498405456543,"Unknown"
"7014851",371865,2025-06-22 01:04:27,43.3576164245605,-8.84509372711182,"Unknown"
"7014851",371865,2025-06-22 01:09:36,43.3576622009277,-8.84510898590088,"Unknown"
"7014851",371865,2025-06-22 01:14:39,43.3576240539551,-8.8450870513916,"Unknown"
"7014851",371865,2025-06-22 01:20:01,43.3575897216797,-8.84505462646484,"Unknown"
"7014851",371865,2025-06-22 01:24:33,43.3576278686523,-8.84506893157959,"Unknown"
"7014851",371865,2025-06-22 01:29:26,43.3576889038086,-8.8451099395752,"Unknown"
"7014851",371865,2025-06-22 01:34:59,43.3576202392578,-8.84511566162109,"Unknown"
"7014851",371865,2025-06-22 01:39:29,43.3576164245605,-8.84510803222656,"Unknown"
"7014851",371865,2025-06-22 01:44:36,43.3576202392578,-8.84505558013916,"Unknown"
"7014851",371865,2025-06-22 01:49:29,43.3576278686523,-8.84513568878174,"Unknown"
"7014851",371865,2025-06-22 01:54:28,43.3575820922852,-8.84511566162109,"Unknown"
"7014851",371865,2025-06-22 01:59:33,43.3576354980469,-8.84516716003418,"Unknown"
"7014851",371865,2025-06-22 02:05:05,43.357593536377,-8.84506225585938,"Unknown"
"7014851",371865,2025-06-22 02:09:26,43.3575592041016,-8.84509658813477,"Unknown"
"7014851",371865,2025-06-22 02:14:26,43.3575744628906,-8.84510707855225,"Unknown"
"7014851",371865,2025-06-22 02:19:25,43.3575630187988,-8.84504508972168,"Unknown"
"7014851",371865,2025-06-22 02:24:25,43.3575744628906,-8.84509658813477,"Unknown"
"7014851",371865,2025-06-22 02:29:25,43.3575782775879,-8.84505271911621,"Unknown"
"7014851",371865,2025-06-22 02:34:25,43.3576431274414,-8.84507369995117,"Unknown"
"7014851",371865,2025-06-22 02:39:26,43.3575325012207,-8.84501647949219,"Unknown"
"7014851",371865,2025-06-22 02:44:25,43.3575820922852,-8.84507179260254,"Unknown"
"7014851",371865,2025-06-22 02:49:25,43.3576049804688,-8.84511089324951,"Unknown"
"7014851",371865,2025-06-22 02:54:25,43.3576126098633,-8.84516429901123,"Unknown"
"7014851",371865,2025-06-22 02:59:25,43.3576202392578,-8.84510517120361,"Unknown"
"7014851",371865,2025-06-22 03:04:28,43.357593536377,-8.84511947631836,"Unknown"
"7014851",371865,2025-06-22 03:09:25,43.3576240539551,-8.84519386291504,"Unknown"
"7014851",371865,2025-06-22 03:14:26,43.3575859069824,-8.84510231018066,"Unknown"
"7014851",371865,2025-06-22 03:19:26,43.3576354980469,-8.84515380859375,"Unknown"
"7014851",371865,2025-06-22 03:24:44,43.3576354980469,-8.84511947631836,"Unknown"
"7014851",371865,2025-06-22 03:29:25,43.357666015625,-8.84519386291504,"Unknown"
"7014851",371865,2025-06-22 03:34:27,43.3576011657715,-8.84512996673584,"Unknown"
"7014851",371865,2025-06-22 03:39:25,43.3576354980469,-8.84507751464844,"Unknown"
"7014851",371865,2025-06-22 03:44:27,43.3577041625977,-8.84526062011719,"Unknown"
"7014851",371865,2025-06-22 03:49:29,43.3583068847656,-8.84599304199219,"Unknown"
"7014851",371865,2025-06-22 03:54:31,43.3577117919922,-8.84520721435547,"Unknown"
"7014851",371865,2025-06-22 03:59:44,43.3577079772949,-8.84521579742432,"Unknown"
"7014851",371865,2025-06-22 04:04:44,43.3576011657715,-8.84516906738281,"Unknown"
"7014851",371865,2025-06-22 04:09:30,43.3575592041016,-8.84506988525391,"Unknown"
"7014851",371865,2025-06-22 04:14:28,43.3575286865234,-8.84517765045166,"Unknown"
"7014851",371865,2025-06-22 04:19:28,43.3576126098633,-8.84519863128662,"Unknown"
"7014851",371865,2025-06-22 04:24:39,43.357551574707,-8.84517288208008,"Unknown"
"7014851",371865,2025-06-22 04:29:29,43.3575477600098,-8.84525871276855,"Unknown"
"7014851",371865,2025-06-22 04:34:26,43.3576507568359,-8.84532642364502,"Unknown"
"7014851",371865,2025-06-22 04:39:27,43.3575706481934,-8.84499454498291,"Unknown"
"7014851",371865,2025-06-22 04:44:31,43.3575668334961,-8.8452730178833,"Unknown"
"7014851",371865,2025-06-22 04:49:59,43.3576011657715,-8.84514904022217,"Unknown"
"7014851",371865,2025-06-22 04:54:28,43.3576698303223,-8.84519290924072,"Unknown"
"7014851",371865,2025-06-22 04:59:26,43.3575057983398,-8.84520244598389,"Unknown"
"7014851",371865,2025-06-22 05:04:25,43.3575592041016,-8.84512901306152,"Unknown"
"7014851",371865,2025-06-22 05:09:28,43.3576698303223,-8.84530162811279,"Unknown"
"7014851",371865,2025-06-22 05:14:26,43.3575782775879,-8.84513568878174,"Unknown"
"7014851",371865,2025-06-22 05:19:28,43.3575897216797,-8.84515571594238,"Unknown"
"7014851",371865,2025-06-22 05:24:29,43.3576202392578,-8.84522438049316,"Unknown"
"7014851",371865,2025-06-22 05:29:32,43.357593536377,-8.84507369995117,"Unknown"
"7014851",371865,2025-06-22 05:34:26,43.3576622009277,-8.84505939483643,"Unknown"
"7014851",371865,2025-06-22 05:39:31,43.3576164245605,-8.84512424468994,"Unknown"
"7014851",371865,2025-06-22 05:44:29,43.3575592041016,-8.84502124786377,"Unknown"
"7014851",371865,2025-06-22 05:49:27,43.3575820922852,-8.8451042175293,"Unknown"
"7014851",371865,2025-06-22 05:54:26,43.3575630187988,-8.84516048431396,"Unknown"
"7014851",371865,2025-06-22 05:59:28,43.3575706481934,-8.84506607055664,"Unknown"
"7014851",371865,2025-06-22 06:04:44,43.3576469421387,-8.84508800506592,"Unknown"
"7014851",371865,2025-06-22 06:09:59,43.3576011657715,-8.84510326385498,"Unknown"
"7014851",371865,2025-06-22 06:14:30,43.357608795166,-8.84510517120361,"Unknown"
"7014851",371865,2025-06-22 06:19:27,43.3576545715332,-8.84508323669434,"Unknown"
"7014851",371865,2025-06-22 06:24:31,43.3577003479004,-8.8452730178833,"Unknown"
"7014851",371865,2025-06-22 06:29:31,43.3574409484863,-8.84501171112061,"Unknown"
"7014851",371865,2025-06-22 06:34:29,43.3574523925781,-8.84502124786377,"Unknown"
"7014851",371865,2025-06-22 06:39:29,43.3574409484863,-8.84508514404297,"Unknown"
"7014851",371865,2025-06-22 06:44:43,43.3575782775879,-8.84505271911621,"Unknown"
"7014851",371865,2025-06-22 06:49:27,43.3575248718262,-8.84500598907471,"Unknown"
"7014851",371865,2025-06-22 06:54:35,43.3575706481934,-8.84502696990967,"Unknown"
"7014851",371865,2025-06-22 06:59:29,43.3576545715332,-8.84500598907471,"Unknown"
"7014851",371865,2025-06-22 07:04:35,43.3575668334961,-8.84503364562988,"Unknown"
"7014851",371865,2025-06-22 07:09:29,43.357608795166,-8.84529876708984,"Unknown"
"7014851",371865,2025-06-22 07:14:30,43.3599128723145,-8.84716320037842,"Unknown"
"7014851",371865,2025-06-22 07:19:43,43.3576126098633,-8.84507465362549,"Unknown"
"7014851",371865,2025-06-22 07:24:26,43.3576354980469,-8.84499835968018,"Unknown"
"7014851",371865,2025-06-22 07:29:29,43.3576393127441,-8.84502220153809,"Unknown"
"7014851",371865,2025-06-22 07:34:31,43.357551574707,-8.84514045715332,"Unknown"
"7014851",371865,2025-06-22 07:39:43,43.3576011657715,-8.84502029418945,"Unknown"
"7014851",371865,2025-06-22 07:44:29,43.3575477600098,-8.84500026702881,"Unknown"
"7014851",371865,2025-06-22 07:49:44,43.3575706481934,-8.84502410888672,"Unknown"
"7014851",371865,2025-06-22 07:54:25,43.3575477600098,-8.844970703125,"Unknown"
"7014851",371865,2025-06-22 07:59:25,43.3575630187988,-8.84501838684082,"Unknown"
"7014851",371865,2025-06-22 08:04:26,43.357494354248,-8.84475135803223,"Unknown"
"7014851",371865,2025-06-22 08:09:29,43.357421875,-8.8446569442749,"Unknown"
"7014851",371865,2025-06-22 08:14:34,43.3576545715332,-8.84591484069824,"Unknown"
"7014851",371865,2025-06-22 08:19:31,43.3576736450195,-8.84591388702393,"Unknown"
"7014851",371865,2025-06-22 08:24:42,43.3576889038086,-8.84498596191406,"Unknown"
"7014851",371865,2025-06-22 08:29:38,43.3576393127441,-8.84490299224854,"Unknown"
"7014851",371865,2025-06-22 08:34:38,43.3577041625977,-8.84521389007568,"Unknown"
"7014851",371865,2025-06-22 08:39:27,43.3573722839355,-8.84468364715576,"Unknown"
"7014851",371865,2025-06-22 08:44:32,43.3576393127441,-8.84507751464844,"Unknown"
"7014851",371865,2025-06-22 08:49:59,43.3575973510742,-8.84510231018066,"Unknown"
"7014851",371865,2025-06-22 08:54:25,43.3575973510742,-8.84504699707031,"Unknown"
"7014851",371865,2025-06-22 08:59:25,43.3575744628906,-8.84492778778076,"Unknown"
"7014851",371865,2025-06-22 09:04:26,43.3576278686523,-8.84506988525391,"Unknown"
"7014851",371865,2025-06-22 09:09:26,43.3574829101562,-8.84468078613281,"Unknown"
"7014851",371865,2025-06-22 09:14:37,43.3577194213867,-8.8452205657959,"Unknown"
"7014851",371865,2025-06-22 09:19:39,43.3749008178711,-8.84167861938477,"Unknown"
"7014851",371865,2025-06-22 09:24:44,43.3708114624023,-8.82476902008057,"Unknown"
"7014851",371865,2025-06-22 09:29:26,43.3676261901855,-8.81497383117676,"Unknown"
"7014851",371865,2025-06-22 09:34:36,43.3690032958984,-8.82849216461182,"Unknown"
"7014851",371865,2025-06-22 09:39:27,43.3579978942871,-8.83785152435303,"Unknown"
"7014851",371865,2025-06-22 09:44:37,43.3569564819336,-8.84106254577637,"Unknown"
"7014851",371865,2025-06-22 09:50:14,43.3554878234863,-8.84431076049805,"Unknown"
"7014851",371865,2025-06-22 09:54:36,43.3579406738281,-8.8453369140625,"Unknown"
"7014851",371865,2025-06-22 09:59:34,43.3579139709473,-8.84534454345703,"Unknown"
"7014851",371865,2025-06-22 10:05:00,43.3577766418457,-8.84533596038818,"Unknown"
"7014851",371865,2025-06-22 10:09:29,43.3576507568359,-8.84529685974121,"Unknown"
"7014851",371865,2025-06-22 10:14:59,43.3575668334961,-8.84510707855225,"Unknown"
"7014851",371865,2025-06-22 10:19:25,43.3576316833496,-8.84509372711182,"Unknown"
"7014851",371865,2025-06-22 10:24:28,43.3574981689453,-8.84510231018066,"Unknown"
"7014851",371865,2025-06-22 10:29:28,43.3578910827637,-8.84528923034668,"Unknown"
"7014851",371865,2025-06-22 10:34:27,43.3576126098633,-8.84499645233154,"Unknown"
"7014851",371865,2025-06-22 10:39:29,43.3577270507812,-8.84494209289551,"Unknown"
"7014851",371865,2025-06-22 10:44:27,43.3576965332031,-8.84512233734131,"Unknown"
"7014851",371865,2025-06-22 10:49:25,43.3575973510742,-8.84511947631836,"Unknown"
"7014851",371865,2025-06-22 10:54:26,43.3575553894043,-8.84491062164307,"Unknown"
"7014851",371865,2025-06-22 10:59:24,43.3574256896973,-8.84489917755127,"Unknown"
"7014851",371865,2025-06-22 11:04:27,43.3576354980469,-8.84503841400146,"Unknown"
"7014851",371865,2025-06-22 11:09:24,43.3575630187988,-8.84496593475342,"Unknown"
"7014851",371865,2025-06-22 11:14:44,43.3576431274414,-8.84506702423096,"Unknown"
"7014851",371865,2025-06-22 11:19:24,43.3576583862305,-8.84499168395996,"Unknown"
"7014851",371865,2025-06-22 11:24:24,43.3576889038086,-8.84501552581787,"Unknown"
"7014851",371865,2025-06-22 11:29:25,43.3575592041016,-8.84518527984619,"Unknown"
"7014851",371865,2025-06-22 11:34:25,43.3575630187988,-8.84506225585938,"Unknown"
"7014851",371865,2025-06-22 11:39:31,43.3575744628906,-8.84495639801025,"Unknown"
"7014851",371865,2025-06-22 11:45:05,43.3575706481934,-8.8450174331665,"Unknown"
"7014851",371865,2025-06-22 11:49:24,43.3575744628906,-8.8450288772583,"Unknown"
"7014851",371865,2025-06-22 11:54:24,43.357593536377,-8.84500598907471,"Unknown"
"7014851",371865,2025-06-22 11:59:25,43.3573799133301,-8.84497928619385,"Unknown"
"7014851",371865,2025-06-22 12:04:24,43.3576164245605,-8.84502029418945,"Unknown"
"7014851",371865,2025-06-22 12:09:24,43.3576240539551,-8.84503173828125,"Unknown"
"7014851",371865,2025-06-22 12:14:24,43.3575592041016,-8.84502410888672,"Unknown"
"7014851",371865,2025-06-22 12:19:24,43.3575592041016,-8.84505939483643,"Unknown"
"7014851",371865,2025-06-22 12:24:24,43.3574905395508,-8.84500408172607,"Unknown"
"7014851",371865,2025-06-22 12:29:24,43.3574981689453,-8.84500598907471,"Unknown"
"7014851",371865,2025-06-22 12:34:27,43.357551574707,-8.84501075744629,"Unknown"
"7014851",371865,2025-06-22 12:39:24,43.3575477600098,-8.84500694274902,"Unknown"
"7014851",371865,2025-06-22 12:44:24,43.3575286865234,-8.84501934051514,"Unknown"
"7014851",371865,2025-06-22 12:49:40,43.3605117797852,-8.84643173217773,"Unknown"
"7014851",371865,2025-06-22 12:54:28,43.3641929626465,-8.83728218078613,"Unknown"
"7014851",371865,2025-06-22 12:59:27,43.364429473877,-8.83758735656738,"Unknown"
"7014851",371865,2025-06-22 13:04:26,43.3639488220215,-8.84140205383301,"Unknown"
"7014851",371865,2025-06-22 13:09:37,43.3574523925781,-8.84500694274902,"Unknown"
"7014851",371865,2025-06-22 13:14:28,43.3576240539551,-8.84496974945068,"Unknown"
"7014851",371865,2025-06-22 13:19:28,43.3574295043945,-8.84499645233154,"Unknown"
"7014851",371865,2025-06-22 13:24:29,43.3575897216797,-8.84499454498291,"Unknown"
"7014851",371865,2025-06-22 13:29:27,43.3569831848145,-8.84514808654785,"Unknown"
"7014851",371865,2025-06-22 13:34:30,43.3574600219727,-8.84512424468994,"Unknown"
"7014851",371865,2025-06-22 13:39:27,43.3575248718262,-8.84502506256104,"Unknown"
"7014851",371865,2025-06-22 13:44:24,43.3575401306152,-8.84500217437744,"Unknown"
"7014851",371865,2025-06-22 13:49:28,43.3575477600098,-8.84509468078613,"Unknown"
"7014851",371865,2025-06-22 13:54:30,43.3576889038086,-8.84491443634033,"Unknown"
"7014851",371865,2025-06-22 13:59:25,43.3575210571289,-8.84515571594238,"Unknown"
"7014851",371865,2025-06-22 14:04:47,43.3575172424316,-8.84511280059814,"Unknown"
"7014851",371865,2025-06-22 14:09:31,43.3575897216797,-8.84513473510742,"Unknown"
"7014851",371865,2025-06-22 14:14:59,43.3575706481934,-8.84515380859375,"Unknown"
"7014851",371865,2025-06-22 14:19:27,43.357421875,-8.84510135650635,"Unknown"
"7014851",371865,2025-06-22 14:24:26,43.3588333129883,-8.84642791748047,"Unknown"
"7014851",371865,2025-06-22 14:29:24,43.3577346801758,-8.84540939331055,"Unknown"
"7014851",371865,2025-06-22 14:34:24,43.3575248718262,-8.8450870513916,"Unknown"
"7014851",371865,2025-06-22 14:39:26,43.357536315918,-8.84515857696533,"Unknown"
"7014851",371865,2025-06-22 14:44:26,43.3575592041016,-8.84527587890625,"Unknown"
"7014851",371865,2025-06-22 14:49:42,43.3574714660645,-8.84506130218506,"Unknown"
"7014851",371865,2025-06-22 14:54:27,43.357536315918,-8.84506034851074,"Unknown"
"7014851",371865,2025-06-22 14:59:28,43.3501853942871,-8.84506416320801,"Unknown"
"7014851",371865,2025-06-22 15:04:27,43.3506965637207,-8.84565734863281,"Unknown"
"7014851",371865,2025-06-22 15:09:27,43.351245880127,-8.8469409942627,"Unknown"
"7014851",371865,2025-06-22 15:14:27,43.3542098999023,-8.84260749816895,"Unknown"
"7014851",371865,2025-06-22 15:20:23,43.3606491088867,-8.84423160552979,"Unknown"
"7014851",371865,2025-06-22 15:24:38,43.3608245849609,-8.84419441223145,"Unknown"
"7014851",371865,2025-06-22 15:29:30,43.3574676513672,-8.8449764251709,"Unknown"
"7014851",371865,2025-06-22 15:34:28,43.3576240539551,-8.84553909301758,"Unknown"
"7014851",371865,2025-06-22 15:39:26,43.3531341552734,-8.85557842254639,"Unknown"
"7014851",371865,2025-06-22 15:44:30,43.3537902832031,-8.85635089874268,"Unknown"
"7014851",371865,2025-06-22 15:49:36,43.3531608581543,-8.85444736480713,"Unknown"
"7014851",371865,2025-06-22 15:54:34,43.3576126098633,-8.84543514251709,"Unknown"
"7014851",371865,2025-06-22 15:59:29,43.3575973510742,-8.84543991088867,"Unknown"
"7014851",371865,2025-06-22 16:04:59,43.3575477600098,-8.84503173828125,"Unknown"
"7014851",371865,2025-06-22 16:09:27,43.357723236084,-8.84501075744629,"Unknown"
"7014851",371865,2025-06-22 16:14:31,43.3575210571289,-8.8451509475708,"Unknown"
"7014851",371865,2025-06-22 16:19:25,43.3576202392578,-8.8449592590332,"Unknown"
"7014851",371865,2025-06-22 16:24:28,43.3575286865234,-8.8452262878418,"Unknown"
"7014851",371865,2025-06-22 16:29:24,43.3603019714355,-8.84544944763184,"Unknown"
"7014851",371865,2025-06-22 16:34:27,43.3538970947266,-8.83291053771973,"Unknown"
"7014851",371865,2025-06-22 16:39:25,43.360710144043,-8.86359024047852,"Unknown"
"7014851",371865,2025-06-22 16:44:24,43.3511848449707,-8.89214515686035,"Unknown"
"7014851",371865,2025-06-22 16:49:24,43.3669471740723,-8.916015625,"Unknown"
"7014851",371865,2025-06-22 16:54:24,43.3822593688965,-8.89241790771484,"Unknown"
"7014851",371865,2025-06-22 16:59:24,43.3871765136719,-8.88392162322998,"Unknown"
"7014851",371865,2025-06-22 17:04:25,43.385440826416,-8.88458442687988,"Unknown"
"7014851",371865,2025-06-22 17:09:26,43.3701171875,-8.86034488677979,"Unknown"
"7014851",371865,2025-06-22 17:15:08,43.3595733642578,-8.84679985046387,"Unknown"
"7014851",371865,2025-06-22 17:19:28,43.3576393127441,-8.84525012969971,"Unknown"
"7014851",371865,2025-06-22 17:24:46,43.357593536377,-8.84518241882324,"Unknown"
"7014851",371865,2025-06-22 17:29:26,43.3575782775879,-8.84505939483643,"Unknown"
"7014851",371865,2025-06-22 17:34:44,43.3576354980469,-8.84517669677734,"Unknown"
"7014851",371865,2025-06-22 17:39:30,43.3576316833496,-8.84523582458496,"Unknown"
"7014851",371865,2025-06-22 17:44:24,43.357494354248,-8.84502029418945,"Unknown"
"7014851",371865,2025-06-22 17:49:27,43.3576850891113,-8.84521770477295,"Unknown"
"7014851",371865,2025-06-22 17:54:25,43.3575630187988,-8.84514999389648,"Unknown"
"7014851",371865,2025-06-22 17:59:26,43.3576126098633,-8.84514045715332,"Unknown"
"7014851",371865,2025-06-22 18:04:25,43.3574829101562,-8.84506702423096,"Unknown"
"7014851",371865,2025-06-22 18:09:30,43.3575172424316,-8.84490013122559,"Unknown"
"7014851",371865,2025-06-22 18:14:25,43.3573837280273,-8.84516525268555,"Unknown"
"7014851",371865,2025-06-22 18:19:25,43.3575973510742,-8.84518337249756,"Unknown"
"7014851",371865,2025-06-22 18:24:24,43.3578109741211,-8.84559345245361,"Unknown"
"7014851",371865,2025-06-22 18:29:24,43.3575401306152,-8.84526443481445,"Unknown"
"7014851",371865,2025-06-22 18:34:44,43.3577270507812,-8.84531021118164,"Unknown"
"7014851",371865,2025-06-22 18:39:29,43.3682098388672,-8.84049987792969,"Unknown"
"7014851",371865,2025-06-22 18:44:25,43.3887214660645,-8.8441686630249,"Unknown"
"7014851",371865,2025-06-22 18:49:27,43.3903999328613,-8.84497737884521,"Unknown"
"7014851",371865,2025-06-22 18:54:26,43.3896598815918,-8.84587478637695,"Unknown"
"7014851",371865,2025-06-22 18:59:27,43.3842353820801,-8.84433746337891,"Unknown"
"7014851",371865,2025-06-22 19:04:45,43.3575592041016,-8.84500312805176,"Unknown"
"7014851",371865,2025-06-22 19:09:29,43.3576164245605,-8.84502696990967,"Unknown"
"7014851",371865,2025-06-22 19:14:25,43.3575859069824,-8.84500026702881,"Unknown"
"7014851",371865,2025-06-22 19:19:33,43.3575248718262,-8.84519004821777,"Unknown"
"7014851",371865,2025-06-22 19:24:27,43.3575248718262,-8.84487915039062,"Unknown"
"7014851",371865,2025-06-22 19:29:28,43.3576774597168,-8.84509086608887,"Unknown"
"7014851",371865,2025-06-22 19:34:46,43.3576126098633,-8.84509468078613,"Unknown"
"7014851",371865,2025-06-22 19:39:36,43.3576202392578,-8.84532833099365,"Unknown"
"7014851",371865,2025-06-22 19:44:29,43.3575668334961,-8.84504508972168,"Unknown"
"7014851",371865,2025-06-22 19:49:33,43.3575477600098,-8.84508228302002,"Unknown"
"7014851",371865,2025-06-22 19:54:42,43.3576011657715,-8.8450870513916,"Unknown"
"7014851",371865,2025-06-22 19:59:30,43.3575630187988,-8.84505081176758,"Unknown"
"7014851",371865,2025-06-22 20:04:33,43.3576583862305,-8.84498500823975,"Unknown"
"7014851",371865,2025-06-22 20:09:38,43.357780456543,-8.84505271911621,"Unknown"
"7014851",371865,2025-06-22 20:14:45,43.3576736450195,-8.84508800506592,"Unknown"
"7014851",371865,2025-06-22 20:19:59,43.3575820922852,-8.8450984954834,"Unknown"
"7014851",371865,2025-06-22 20:24:25,43.3575477600098,-8.8450288772583,"Unknown"
"7014851",371865,2025-06-22 20:29:26,43.3576850891113,-8.84536361694336,"Unknown"
"7014851",371865,2025-06-22 20:34:26,43.3576698303223,-8.84516429901123,"Unknown"
"7014851",371865,2025-06-22 20:39:31,43.3575286865234,-8.84503746032715,"Unknown"
"7014851",371865,2025-06-22 20:44:26,43.3575286865234,-8.84523582458496,"Unknown"
"7014851",371865,2025-06-22 20:49:31,43.3576049804688,-8.84504890441895,"Unknown"
"7014851",371865,2025-06-22 20:54:26,43.3576583862305,-8.845290184021,"Unknown"
"7014851",371865,2025-06-22 20:59:26,43.3576011657715,-8.84518527984619,"Unknown"
"7014851",371865,2025-06-22 21:04:28,43.3575401306152,-8.84496021270752,"Unknown"
"7014851",371865,2025-06-22 21:09:28,43.3576354980469,-8.8451509475708,"Unknown"
"7014851",371865,2025-06-22 21:14:27,43.3576889038086,-8.84524250030518,"Unknown"
"7014851",371865,2025-06-22 21:19:26,43.3576011657715,-8.84515190124512,"Unknown"
"7014851",371865,2025-06-22 21:24:27,43.3575248718262,-8.84489440917969,"Unknown"
"7014851",371865,2025-06-22 21:29:28,43.3576240539551,-8.84514999389648,"Unknown"
"7014851",371865,2025-06-22 21:34:27,43.3576354980469,-8.84520530700684,"Unknown"
"7014851",371865,2025-06-22 21:39:36,43.3574714660645,-8.84511852264404,"Unknown"
"7014851",371865,2025-06-22 21:44:26,43.3573760986328,-8.84503746032715,"Unknown"
"7014851",371865,2025-06-22 21:49:36,43.3575057983398,-8.84504985809326,"Unknown"
"7014851",371865,2025-06-22 21:54:28,43.3575096130371,-8.84506988525391,"Unknown"
"7014851",371865,2025-06-22 21:59:36,43.3575325012207,-8.8450927734375,"Unknown"
"7014851",371865,2025-06-22 22:04:30,43.3569717407227,-8.84464454650879,"Unknown"
"7014851",371865,2025-06-22 22:09:36,43.357479095459,-8.84509563446045,"Unknown"
"7014851",371865,2025-06-22 22:14:36,43.3574867248535,-8.84510612487793,"Unknown"
"7014851",371865,2025-06-22 22:19:36,43.3574829101562,-8.84508800506592,"Unknown"
"7014851",371865,2025-06-22 22:24:37,43.3574676513672,-8.84512042999268,"Unknown"
"7014851",371865,2025-06-22 22:29:36,43.3574600219727,-8.84515953063965,"Unknown"
"7014851",371865,2025-06-22 22:34:41,43.3574829101562,-8.84506416320801,"Unknown"
"7014851",371865,2025-06-22 22:39:31,43.3574523925781,-8.84511566162109,"Unknown"
"7014851",371865,2025-06-22 22:44:36,43.3574142456055,-8.84510898590088,"Unknown"
"7014851",371865,2025-06-22 22:49:34,43.3574256896973,-8.84511184692383,"Unknown"
"7014851",371865,2025-06-22 22:54:59,43.3575706481934,-8.8450870513916,"Unknown"
"7014851",371865,2025-06-22 22:59:26,43.3576164245605,-8.84509944915771,"Unknown"
"7014851",371865,2025-06-22 23:04:26,43.3576011657715,-8.84506511688232,"Unknown"
"7014851",371865,2025-06-22 23:09:26,43.3576011657715,-8.84512519836426,"Unknown"
"7014851",371865,2025-06-22 23:14:25,43.3575973510742,-8.84511375427246,"Unknown"
"7014851",371865,2025-06-22 23:19:26,43.3576393127441,-8.84510326385498,"Unknown"
"7014851",371865,2025-06-22 23:24:25,43.3575782775879,-8.84514427185059,"Unknown"
"7014851",371865,2025-06-22 23:29:25,43.3575820922852,-8.84512519836426,"Unknown"
"7014851",371865,2025-06-22 23:34:26,43.357608795166,-8.84507179260254,"Unknown"
"7014851",371865,2025-06-22 23:39:25,43.3575897216797,-8.84508800506592,"Unknown"
"7014851",371865,2025-06-22 23:44:26,43.3575973510742,-8.84510803222656,"Unknown"
"7014851",371865,2025-06-22 23:49:26,43.3575973510742,-8.84509754180908,"Unknown"
"7014851",371865,2025-06-22 23:54:25,43.3575630187988,-8.84512329101562,"Unknown"
"7014851",371865,2025-06-22 23:59:25,43.3576240539551,-8.84505748748779,"Unknown"
"7014851",371865,2025-06-23 00:04:25,43.3575973510742,-8.84516429901123,"Unknown"
"7014851",371865,2025-06-23 00:09:25,43.3576240539551,-8.84511566162109,"Unknown"
"7014851",371865,2025-06-23 00:14:26,43.3575859069824,-8.84513854980469,"Unknown"
"7014851",371865,2025-06-23 00:19:25,43.357593536377,-8.84512042999268,"Unknown"
"7014851",371865,2025-06-23 00:24:26,43.3576202392578,-8.84515380859375,"Unknown"
"7014851",371865,2025-06-23 00:29:25,43.357666015625,-8.84512233734131,"Unknown"
"7014851",371865,2025-06-23 00:34:26,43.3574981689453,-8.84510898590088,"Unknown"
"7014851",371865,2025-06-23 00:39:26,43.3575668334961,-8.84505462646484,"Unknown"
"7014851",371865,2025-06-23 00:44:26,43.3576126098633,-8.84516906738281,"Unknown"
"7014851",371865,2025-06-23 00:49:26,43.3577194213867,-8.84513378143311,"Unknown"
"7014851",371865,2025-06-23 00:54:26,43.3575782775879,-8.845139503479,"Unknown"
"7014851",371865,2025-06-23 00:59:28,43.3577079772949,-8.84514141082764,"Unknown"
"7014851",371865,2025-06-23 01:04:27,43.3577003479004,-8.84515285491943,"Unknown"
"7014851",371865,2025-06-23 01:09:28,43.3579444885254,-8.84513759613037,"Unknown"
"7014851",371865,2025-06-23 01:14:40,43.3576469421387,-8.845139503479,"Unknown"
"7014851",371865,2025-06-23 01:19:59,43.3576164245605,-8.84511375427246,"Unknown"
"7014851",371865,2025-06-23 01:24:25,43.357795715332,-8.84518337249756,"Unknown"
"7014851",371865,2025-06-23 01:29:26,43.3578758239746,-8.84521484375,"Unknown"
"7014851",371865,2025-06-23 01:34:25,43.3578414916992,-8.84529590606689,"Unknown"
"7014851",371865,2025-06-23 01:39:26,43.3578567504883,-8.84520721435547,"Unknown"
"7014851",371865,2025-06-23 01:44:26,43.3577423095703,-8.84521389007568,"Unknown"
"7014851",371865,2025-06-23 01:49:26,43.3577346801758,-8.8451452255249,"Unknown"
"7014851",371865,2025-06-23 01:54:27,43.3577003479004,-8.84517574310303,"Unknown"
"7014851",371865,2025-06-23 01:59:28,43.3576812744141,-8.8451042175293,"Unknown"
"7014851",371865,2025-06-23 02:04:44,43.357608795166,-8.8450984954834,"Unknown"
"7014851",371865,2025-06-23 02:09:28,43.3577041625977,-8.84513568878174,"Unknown"
"7014851",371865,2025-06-23 02:14:28,43.3576927185059,-8.84511756896973,"Unknown"
"7014851",371865,2025-06-23 02:19:29,43.3576507568359,-8.84506702423096,"Unknown"
"7014851",371865,2025-06-23 02:24:27,43.357738494873,-8.84512615203857,"Unknown"
"7014851",371865,2025-06-23 02:29:26,43.3570938110352,-8.84458923339844,"Unknown"
"7014851",371865,2025-06-23 02:34:28,43.3577537536621,-8.84518623352051,"Unknown"
"7014851",371865,2025-06-23 02:39:28,43.3578414916992,-8.8451452255249,"Unknown"
"7014851",371865,2025-06-23 02:44:37,43.3576698303223,-8.84517097473145,"Unknown"
"7014851",371865,2025-06-23 02:49:44,43.357666015625,-8.84513473510742,"Unknown"
"7014851",371865,2025-06-23 02:54:37,43.3577156066895,-8.84516906738281,"Unknown"
"7014851",371865,2025-06-23 02:59:37,43.3576889038086,-8.84513473510742,"Unknown"
"7014851",371865,2025-06-23 03:04:37,43.357738494873,-8.84519290924072,"Unknown"
"7014851",371865,2025-06-23 03:09:36,43.3577346801758,-8.84516048431396,"Unknown"
"7014851",371865,2025-06-23 03:14:37,43.3578109741211,-8.8452320098877,"Unknown"
"7014851",371865,2025-06-23 03:19:37,43.3577613830566,-8.84518051147461,"Unknown"
"7014851",371865,2025-06-23 03:24:36,43.3578033447266,-8.84522151947021,"Unknown"
"7014851",371865,2025-06-23 03:29:38,43.3578262329102,-8.84522342681885,"Unknown"
"7014851",371865,2025-06-23 03:34:38,43.357852935791,-8.84525108337402,"Unknown"
"7014851",371865,2025-06-23 03:39:59,43.3578147888184,-8.8451042175293,"Unknown"
"7014851",371865,2025-06-23 03:44:24,43.3577537536621,-8.84518337249756,"Unknown"
"7014851",371865,2025-06-23 03:49:24,43.3579444885254,-8.84525012969971,"Unknown"
"7014851",371865,2025-06-23 03:54:27,43.3578109741211,-8.84517574310303,"Unknown"
"7014851",371865,2025-06-23 03:59:36,43.3576278686523,-8.84506893157959,"Unknown"
"7014851",371865,2025-06-23 04:04:44,43.3577194213867,-8.84500789642334,"Unknown"
"7014851",371865,2025-06-23 04:09:25,43.3576316833496,-8.84499073028564,"Unknown"
"7014851",371865,2025-06-23 04:14:28,43.3577079772949,-8.84484672546387,"Unknown"
"7014851",371865,2025-06-23 04:19:29,43.357479095459,-8.84534454345703,"Unknown"
"7014851",371865,2025-06-23 04:24:28,43.3576583862305,-8.84502601623535,"Unknown"
"7014851",371865,2025-06-23 04:29:44,43.3576278686523,-8.84504222869873,"Unknown"
"7014851",371865,2025-06-23 04:34:35,43.3577880859375,-8.84497547149658,"Unknown"
"7014851",371865,2025-06-23 04:39:35,43.3577346801758,-8.84501171112061,"Unknown"
"7014851",371865,2025-06-23 04:44:44,43.3574981689453,-8.84508228302002,"Unknown"
"7014851",371865,2025-06-23 04:50:23,43.357593536377,-8.84505939483643,"Unknown"
"7014851",371865,2025-06-23 04:54:27,43.3619384765625,-8.84711360931396,"Unknown"
"7014851",371865,2025-06-23 04:59:24,43.3806076049805,-8.8541784286499,"Unknown"
"7014851",371865,2025-06-23 05:04:24,43.3965492248535,-8.86202049255371,"Unknown"
"7014851",371865,2025-06-23 05:09:24,43.4122428894043,-8.86519527435303,"Unknown"
"7014851",371865,2025-06-23 05:14:38,43.4311370849609,-8.86588382720947,"Unknown"
"7014851",371865,2025-06-23 05:19:26,43.4484176635742,-8.85426235198975,"Unknown"
"7014851",371865,2025-06-23 05:24:36,43.452766418457,-8.85818767547607,"Unknown"
"7014851",371865,2025-06-23 05:29:26,43.450798034668,-8.86321258544922,"Unknown"
"7014851",371865,2025-06-23 05:35:14,43.4385032653809,-8.85836410522461,"Unknown"
"7014851",371865,2025-06-23 05:39:29,43.3964424133301,-8.84922504425049,"Unknown"
"7014851",371865,2025-06-23 05:44:44,43.3576622009277,-8.84500026702881,"Unknown"
"7014851",371865,2025-06-23 05:49:28,43.3576011657715,-8.84525203704834,"Unknown"
"7014851",371865,2025-06-23 05:54:29,43.3575744628906,-8.84499740600586,"Unknown"
"7014851",371865,2025-06-23 05:59:33,43.3575439453125,-8.84508419036865,"Unknown"
"7014851",371865,2025-06-23 06:04:44,43.3576202392578,-8.84506130218506,"Unknown"
"7014851",371865,2025-06-23 06:09:26,43.357593536377,-8.84504222869873,"Unknown"
"7014851",371865,2025-06-23 06:14:31,43.3576431274414,-8.84512329101562,"Unknown"
"7014851",371865,2025-06-23 06:19:34,43.3576164245605,-8.8448486328125,"Unknown"
"7014851",371865,2025-06-23 06:24:36,43.3576812744141,-8.84538269042969,"Unknown"
"7014851",371865,2025-06-23 06:29:27,43.3576622009277,-8.84514045715332,"Unknown"
"7014851",371865,2025-06-23 06:34:59,43.357666015625,-8.84502506256104,"Unknown"
"7014851",371865,2025-06-23 06:39:25,43.3576889038086,-8.84500408172607,"Unknown"
"7014851",371865,2025-06-23 06:44:25,43.3577575683594,-8.84504222869873,"Unknown"
"7014851",371865,2025-06-23 06:49:27,43.3577537536621,-8.84508228302002,"Unknown"
"7014851",371865,2025-06-23 06:54:26,43.3578872680664,-8.84503269195557,"Unknown"
"7014851",371865,2025-06-23 06:59:26,43.357723236084,-8.84504508972168,"Unknown"
"7014851",371865,2025-06-23 07:04:57,43.3575820922852,-8.84512615203857,"Unknown"
"7014851",371865,2025-06-23 07:09:24,43.3577270507812,-8.84495735168457,"Unknown"
"7014851",371865,2025-06-23 07:14:25,43.3576354980469,-8.84491157531738,"Unknown"
"7014851",371865,2025-06-23 07:19:27,43.3576812744141,-8.84479999542236,"Unknown"
"7014851",371865,2025-06-23 07:24:25,43.3575897216797,-8.84511184692383,"Unknown"
"7014851",371865,2025-06-23 07:29:26,43.3575286865234,-8.84518718719482,"Unknown"
"7014851",371865,2025-06-23 07:34:25,43.3576126098633,-8.8448543548584,"Unknown"
"7014851",371865,2025-06-23 07:39:28,43.3575859069824,-8.84500503540039,"Unknown"
"7014851",371865,2025-06-23 07:44:28,43.3576469421387,-8.84482097625732,"Unknown"
"7014851",371865,2025-06-23 07:49:28,43.3575592041016,-8.84498882293701,"Unknown"
"7014851",371865,2025-06-23 07:54:31,43.3576545715332,-8.84484481811523,"Unknown"
"7014851",371865,2025-06-23 07:59:36,43.3576622009277,-8.84484004974365,"Unknown"
"7014851",371865,2025-06-23 08:04:59,43.3575744628906,-8.84505462646484,"Unknown"
"7014851",371865,2025-06-23 08:09:24,43.3575820922852,-8.84509181976318,"Unknown"
"7014851",371865,2025-06-23 08:14:24,43.3576011657715,-8.8450345993042,"Unknown"
"7014851",371865,2025-06-23 08:19:24,43.3576316833496,-8.84501361846924,"Unknown"
"7014851",371865,2025-06-23 08:24:24,43.3575134277344,-8.84508991241455,"Unknown"
"7014851",371865,2025-06-23 08:29:24,43.3576469421387,-8.84511852264404,"Unknown"
"7014851",371865,2025-06-23 08:34:24,43.3576126098633,-8.84512519836426,"Unknown"
"7014851",371865,2025-06-23 08:39:24,43.3576545715332,-8.84515380859375,"Unknown"
"7014851",371865,2025-06-23 08:44:24,43.3576240539551,-8.84514236450195,"Unknown"
"7014851",371865,2025-06-23 08:49:24,43.3575859069824,-8.84513854980469,"Unknown"
"7014851",371865,2025-06-23 08:54:24,43.3576049804688,-8.84514236450195,"Unknown"
"7014851",371865,2025-06-23 08:59:24,43.3576431274414,-8.84518814086914,"Unknown"
"7014851",371865,2025-06-23 09:04:24,43.3575973510742,-8.84504699707031,"Unknown"
"7014851",371865,2025-06-23 09:09:26,43.3576889038086,-8.8451976776123,"Unknown"
"7014851",371865,2025-06-23 09:14:25,43.3577575683594,-8.84508323669434,"Unknown"
"7014851",371865,2025-06-23 09:19:26,43.3577766418457,-8.84535884857178,"Unknown"
"7014851",371865,2025-06-23 09:24:24,43.3607521057129,-8.84778881072998,"Unknown"
"7014851",371865,2025-06-23 09:29:25,43.3712844848633,-8.85098171234131,"Unknown"
"7014851",371865,2025-06-23 09:34:25,43.3718185424805,-8.85054969787598,"Unknown"
"7014851",371865,2025-06-23 09:39:31,43.361328125,-8.84794521331787,"Unknown"
"7014851",371865,2025-06-23 09:44:25,43.3575019836426,-8.84497165679932,"Unknown"
"7014851",371865,2025-06-23 09:49:27,43.3576736450195,-8.84510707855225,"Unknown"
"7014851",371865,2025-06-23 09:54:38,43.3576240539551,-8.84512424468994,"Unknown"
"7014851",371865,2025-06-23 10:00:02,43.357780456543,-8.844970703125,"Unknown"
"7014851",371865,2025-06-23 10:04:30,43.3581771850586,-8.84506416320801,"Unknown"
"7014851",371865,2025-06-23 10:09:25,43.3575286865234,-8.84543323516846,"Unknown"
"7014851",371865,2025-06-23 10:14:30,43.357551574707,-8.84590911865234,"Unknown"
"7014851",371865,2025-06-23 10:19:31,43.3576316833496,-8.84516429901123,"Unknown"
"7014851",371865,2025-06-23 10:24:24,43.3576202392578,-8.84640693664551,"Unknown"
"7014851",371865,2025-06-23 10:29:29,43.3576164245605,-8.84598159790039,"Unknown"
"7014851",371865,2025-06-23 10:34:36,43.3576812744141,-8.84507465362549,"Unknown"
"7014851",371865,2025-06-23 10:39:28,43.3576774597168,-8.84517288208008,"Unknown"
"7014851",371865,2025-06-23 10:44:31,43.3576545715332,-8.84515190124512,"Unknown"
"7014851",371865,2025-06-23 10:49:26,43.3576774597168,-8.84512615203857,"Unknown"
"7014851",371865,2025-06-23 10:54:33,43.357666015625,-8.84521961212158,"Unknown"
"7014851",371865,2025-06-23 10:59:28,43.3575744628906,-8.84458446502686,"Unknown"
"7014851",371865,2025-06-23 11:04:27,43.3575401306152,-8.84475135803223,"Unknown"
"7014851",371865,2025-06-23 11:09:28,43.3573989868164,-8.84433650970459,"Unknown"
"7014851",371865,2025-06-23 11:14:27,43.3574752807617,-8.8447904586792,"Unknown"
"7014851",371865,2025-06-23 11:19:28,43.3575325012207,-8.84496402740479,"Unknown"
"7014851",371865,2025-06-23 11:24:44,43.3576774597168,-8.8450231552124,"Unknown"
"7014851",371865,2025-06-23 11:29:24,43.3576812744141,-8.84508609771729,"Unknown"
"7014851",371865,2025-06-23 11:34:25,43.3576965332031,-8.8450984954834,"Unknown"
"7014851",371865,2025-06-23 11:39:26,43.3577919006348,-8.84499645233154,"Unknown"
"7014851",371865,2025-06-23 11:44:24,43.357795715332,-8.84505939483643,"Unknown"
"7014851",371865,2025-06-23 11:49:39,43.357738494873,-8.84498119354248,"Unknown"
"7014851",371865,2025-06-23 11:54:38,43.3578033447266,-8.84429264068604,"Unknown"
"7014851",371865,2025-06-23 11:59:38,43.3577156066895,-8.84504413604736,"Unknown"
"7014851",371865,2025-06-23 12:04:58,43.3576011657715,-8.8451042175293,"Unknown"
"7014851",371865,2025-06-23 12:09:24,43.3575782775879,-8.84509181976318,"Unknown"
"7014851",371865,2025-06-23 12:14:25,43.3575630187988,-8.84508323669434,"Unknown"
"7014851",371865,2025-06-23 12:19:25,43.3575859069824,-8.84512996673584,"Unknown"
"7014851",371865,2025-06-23 12:24:25,43.3575859069824,-8.84511947631836,"Unknown"
"7014851",371865,2025-06-23 12:29:24,43.357536315918,-8.84508228302002,"Unknown"
"7014851",371865,2025-06-23 12:34:24,43.3575706481934,-8.84509658813477,"Unknown"
"7014851",371865,2025-06-23 12:39:25,43.3577194213867,-8.84499168395996,"Unknown"
"7014851",371865,2025-06-23 12:44:27,43.3576545715332,-8.8449878692627,"Unknown"
"7014851",371865,2025-06-23 12:49:24,43.357666015625,-8.84492492675781,"Unknown"
"7014851",371865,2025-06-23 12:54:24,43.3602676391602,-8.8465518951416,"Unknown"
"7014851",371865,2025-06-23 12:59:24,43.357494354248,-8.84532356262207,"Unknown"
"7014851",371865,2025-06-23 13:04:24,43.3574600219727,-8.84533882141113,"Unknown"
"7014851",371865,2025-06-23 13:09:24,43.3574638366699,-8.84531688690186,"Unknown"
"7014851",371865,2025-06-23 13:14:29,43.3574981689453,-8.84528923034668,"Unknown"
"7014851",371865,2025-06-23 13:19:24,43.3573799133301,-8.84532070159912,"Unknown"
"7014851",371865,2025-06-23 13:24:24,43.3574180603027,-8.84528923034668,"Unknown"
"7014851",371865,2025-06-23 13:29:24,43.3575401306152,-8.8451681137085,"Unknown"
"7014851",371865,2025-06-23 13:34:27,43.3576545715332,-8.84501838684082,"Unknown"
"7014851",371865,2025-06-23 13:39:24,43.3687438964844,-8.85131740570068,"Unknown"
"7014851",371865,2025-06-23 13:44:24,43.3898963928223,-8.85892009735107,"Unknown"
"7014851",371865,2025-06-23 13:49:24,43.4103736877441,-8.86649894714355,"Unknown"
"7014851",371865,2025-06-23 13:54:24,43.4305648803711,-8.87134647369385,"Unknown"
"7014851",371865,2025-06-23 13:59:24,43.446159362793,-8.87131786346436,"Unknown"
"7014851",371865,2025-06-23 14:04:36,43.4478759765625,-8.87265396118164,"Unknown"
"7014851",371865,2025-06-23 14:09:24,43.4458885192871,-8.87741756439209,"Unknown"
"7014851",371865,2025-06-23 14:14:24,43.4422302246094,-8.89142036437988,"Unknown"
"7014851",371865,2025-06-23 14:19:24,43.4501457214355,-8.91356658935547,"Unknown"
"7014851",371865,2025-06-23 14:24:24,43.4717140197754,-8.93902206420898,"Unknown"
"7014851",371865,2025-06-23 14:29:25,43.4922294616699,-8.95044708251953,"Unknown"
"7014851",371865,2025-06-23 14:34:24,43.4902572631836,-8.9389476776123,"Unknown"
"7014851",371865,2025-06-23 14:39:27,43.488941192627,-8.92900276184082,"Unknown"
"7014851",371865,2025-06-23 14:44:26,43.4865760803223,-8.91437435150146,"Unknown"
"7014851",371865,2025-06-23 14:49:26,43.4850578308105,-8.90369987487793,"Unknown"
"7014851",371865,2025-06-23 14:54:25,43.4841651916504,-8.89336013793945,"Unknown"
"7014851",371865,2025-06-23 14:59:27,43.4822311401367,-8.88227558135986,"Unknown"
"7014851",371865,2025-06-23 15:04:30,43.4802589416504,-8.86695194244385,"Unknown"
"7014851",371865,2025-06-23 15:09:28,43.4785118103027,-8.85424518585205,"Unknown"
"7014851",371865,2025-06-23 15:14:29,43.4771003723145,-8.84353446960449,"Unknown"
"7014851",371865,2025-06-23 15:19:26,43.4734725952148,-8.83215618133545,"Unknown"
"7014851",371865,2025-06-23 15:24:27,43.4729423522949,-8.82115173339844,"Unknown"
"7014851",371865,2025-06-23 15:29:41,43.4699020385742,-8.80165576934814,"Unknown"
"7014851",371865,2025-06-23 15:34:28,43.4671745300293,-8.78855895996094,"Unknown"
"7014851",371865,2025-06-23 15:39:29,43.4652137756348,-8.77531909942627,"Unknown"
"7014851",371865,2025-06-23 15:44:41,43.4621849060059,-8.76101112365723,"Unknown"
"7014851",371865,2025-06-23 15:50:14,43.4598731994629,-8.74648666381836,"Unknown"
"7014851",371865,2025-06-23 15:54:27,43.4416084289551,-8.75758647918701,"Unknown"
"7014851",371865,2025-06-23 15:59:37,43.4018440246582,-8.80242347717285,"Unknown"
"7014851",371865,2025-06-23 16:04:25,43.3816528320312,-8.82154750823975,"Unknown"
"7014851",371865,2025-06-23 16:09:30,43.3577651977539,-8.84503746032715,"Unknown"
"7014851",371865,2025-06-23 16:14:35,43.3574562072754,-8.84488487243652,"Unknown"
"7014851",371865,2025-06-23 16:19:38,43.3572845458984,-8.84457492828369,"Unknown"
"7014851",371865,2025-06-23 16:24:59,43.3576698303223,-8.84501266479492,"Unknown"
"7014851",371865,2025-06-23 16:29:24,43.357593536377,-8.84511470794678,"Unknown"
"7014851",371865,2025-06-23 16:34:24,43.3576354980469,-8.84503555297852,"Unknown"
"7014851",371865,2025-06-23 16:39:24,43.3576393127441,-8.84508037567139,"Unknown"
"7014851",371865,2025-06-23 16:44:24,43.3576278686523,-8.84504508972168,"Unknown"
"7014851",371865,2025-06-23 16:49:27,43.3576240539551,-8.84511947631836,"Unknown"
"7014851",371865,2025-06-23 16:54:26,43.357608795166,-8.84507656097412,"Unknown"
"7014851",371865,2025-06-23 16:59:32,43.3576469421387,-8.8450403213501,"Unknown"
"7014851",371865,2025-06-23 17:04:27,43.3576583862305,-8.84492206573486,"Unknown"
"7014851",371865,2025-06-23 17:09:26,43.3576202392578,-8.84506225585938,"Unknown"
"7014851",371865,2025-06-23 17:14:24,43.3576812744141,-8.84485054016113,"Unknown"
"7014851",371865,2025-06-23 17:19:25,43.3575668334961,-8.84504985809326,"Unknown"
"7014851",371865,2025-06-23 17:24:26,43.3576011657715,-8.84514713287354,"Unknown"
"7014851",371865,2025-06-23 17:29:26,43.3575820922852,-8.84512138366699,"Unknown"
"7014851",371865,2025-06-23 17:34:25,43.3576469421387,-8.84507274627686,"Unknown"
"7014851",371865,2025-06-23 17:39:24,43.3576850891113,-8.84510517120361,"Unknown"
"7014851",371865,2025-06-23 17:44:25,43.3576316833496,-8.84517002105713,"Unknown"
"7014851",371865,2025-06-23 17:49:28,43.3577194213867,-8.84525012969971,"Unknown"
"7014851",371865,2025-06-23 17:54:32,43.3576889038086,-8.84516906738281,"Unknown"
"7014851",371865,2025-06-23 17:59:24,43.3576736450195,-8.84510612487793,"Unknown"
"7014851",371865,2025-06-23 18:04:26,43.3576622009277,-8.84512901306152,"Unknown"
"7014851",371865,2025-06-23 18:09:26,43.3576850891113,-8.8452262878418,"Unknown"
"7014851",371865,2025-06-23 18:14:35,43.357593536377,-8.84521102905273,"Unknown"
"7014851",371865,2025-06-23 18:19:26,43.3575172424316,-8.84524345397949,"Unknown"
"7014851",371865,2025-06-23 18:24:44,43.3577270507812,-8.84523963928223,"Unknown"
"7014851",371865,2025-06-23 18:29:26,43.3577537536621,-8.84527492523193,"Unknown"
"7014851",371865,2025-06-23 18:34:27,43.3576049804688,-8.84507465362549,"Unknown"
"7014851",371865,2025-06-23 18:39:28,43.357593536377,-8.84523963928223,"Unknown"
"7014851",371865,2025-06-23 18:44:26,43.3578300476074,-8.84534358978271,"Unknown"
"7014851",371865,2025-06-23 18:49:44,43.3576622009277,-8.84514045715332,"Unknown"
"7014851",371865,2025-06-23 18:54:24,43.3576469421387,-8.84503841400146,"Unknown"
"7014851",371865,2025-06-23 18:59:25,43.357608795166,-8.84529781341553,"Unknown"
"7014851",371865,2025-06-23 19:04:25,43.3577728271484,-8.84553241729736,"Unknown"
"7014851",371865,2025-06-23 19:09:29,43.3576927185059,-8.84531307220459,"Unknown"
"7014851",371865,2025-06-23 19:14:16,43.3563995361328,-8.84074115753174,"Unknown"
"7014851",371865,2025-06-23 19:19:24,43.3575134277344,-8.84477233886719,"Unknown"
"7014851",371865,2025-06-23 19:24:37,43.3576202392578,-8.84516620635986,"Unknown"
"7014851",371865,2025-06-23 19:29:44,43.3576202392578,-8.84517192840576,"Unknown"
"7014851",371865,2025-06-23 19:34:29,43.3576354980469,-8.84526634216309,"Unknown"
"7014851",371865,2025-06-23 19:39:23,43.3576736450195,-8.84534454345703,"Unknown"
"7014851",371865,2025-06-23 19:44:28,43.3577003479004,-8.8453950881958,"Unknown"
"7014851",371865,2025-06-23 19:49:59,43.3575820922852,-8.84510135650635,"Unknown"
"7014851",371865,2025-06-23 19:54:24,43.3576812744141,-8.8449010848999,"Unknown"
"7014851",371865,2025-06-23 19:59:25,43.3575668334961,-8.84514236450195,"Unknown"
"7014851",371865,2025-06-23 20:04:27,43.3575439453125,-8.8451452255249,"Unknown"
"7014851",371865,2025-06-23 20:09:25,43.357593536377,-8.84510135650635,"Unknown"
"7014851",371865,2025-06-23 20:14:25,43.3576354980469,-8.84511947631836,"Unknown"
"7014851",371865,2025-06-23 20:19:25,43.3575325012207,-8.84519577026367,"Unknown"
"7014851",371865,2025-06-23 20:25:03,43.3617820739746,-8.84435558319092,"Unknown"
"7014851",371865,2025-06-23 20:29:26,43.3575477600098,-8.84514999389648,"Unknown"
"7014851",371865,2025-06-23 20:34:26,43.3576011657715,-8.84522438049316,"Unknown"
"7014851",371865,2025-06-23 20:39:27,43.3575592041016,-8.84518241882324,"Unknown"
"7014851",371865,2025-06-23 20:44:27,43.3575668334961,-8.84518051147461,"Unknown"
"7014851",371865,2025-06-23 20:49:28,43.357536315918,-8.84515476226807,"Unknown"
"7014851",371865,2025-06-23 20:54:25,43.3575096130371,-8.84511375427246,"Unknown"
"7014851",371865,2025-06-23 20:59:26,43.3574867248535,-8.84509944915771,"Unknown"
"7014851",371865,2025-06-23 21:04:26,43.3575019836426,-8.84517192840576,"Unknown"
"7014851",371865,2025-06-23 21:09:30,43.3575019836426,-8.84517669677734,"Unknown"
"7014851",371865,2025-06-23 21:14:38,43.3573875427246,-8.84517955780029,"Unknown"
"7014851",371865,2025-06-23 21:19:29,43.3573951721191,-8.84513568878174,"Unknown"
"7014851",371865,2025-06-23 21:24:58,43.357608795166,-8.84513854980469,"Unknown"
"7014851",371865,2025-06-23 21:29:27,43.3575973510742,-8.84508037567139,"Unknown"
"7014851",371865,2025-06-23 21:34:25,43.3575553894043,-8.8450927734375,"Unknown"
"7014851",371865,2025-06-23 21:39:23,43.357608795166,-8.8452730178833,"Unknown"
"7014851",371865,2025-06-23 21:44:26,43.3575401306152,-8.84507942199707,"Unknown"
"7014851",371865,2025-06-23 21:49:26,43.3575248718262,-8.84500312805176,"Unknown"
"7014851",371865,2025-06-23 21:54:24,43.357593536377,-8.8451099395752,"Unknown"
"7014851",371865,2025-06-23 21:59:26,43.3575553894043,-8.84515953063965,"Unknown"
"7014851",371865,2025-06-23 22:04:23,43.3576126098633,-8.84511947631836,"Unknown"
"7014851",371865,2025-06-23 22:09:23,43.3575134277344,-8.84507942199707,"Unknown"
"7014851",371865,2025-06-23 22:14:23,43.357593536377,-8.84511184692383,"Unknown"
"7014851",371865,2025-06-23 22:19:28,43.3576126098633,-8.84525966644287,"Unknown"
"7014851",371865,2025-06-23 22:24:23,43.3576164245605,-8.84463977813721,"Unknown"
"7014851",371865,2025-06-23 22:29:33,43.3576011657715,-8.84520149230957,"Unknown"
"7014851",371865,2025-06-23 22:34:26,43.3576469421387,-8.84514045715332,"Unknown"
"7014851",371865,2025-06-23 22:39:36,43.3576049804688,-8.84501266479492,"Unknown"
"7014851",371865,2025-06-23 22:44:25,43.3576354980469,-8.84510040283203,"Unknown"
"7014851",371865,2025-06-23 22:49:29,43.3576545715332,-8.8449182510376,"Unknown"
"7014851",371865,2025-06-23 22:54:56,43.3575553894043,-8.84513759613037,"Unknown"
"7014851",371865,2025-06-23 22:59:25,43.3575477600098,-8.84508991241455,"Unknown"
"7014851",371865,2025-06-23 23:04:23,43.3574981689453,-8.84517765045166,"Unknown"
"7014851",371865,2025-06-23 23:09:23,43.3575553894043,-8.84512042999268,"Unknown"
"7014851",371865,2025-06-23 23:14:24,43.357593536377,-8.84516429901123,"Unknown"
"7014851",371865,2025-06-23 23:19:26,43.3576545715332,-8.84509658813477,"Unknown"
"7014851",371865,2025-06-23 23:24:26,43.3576011657715,-8.84511470794678,"Unknown"
"7014851",371865,2025-06-23 23:29:23,43.3575401306152,-8.84517765045166,"Unknown"
"7014851",371865,2025-06-23 23:34:23,43.357551574707,-8.84518337249756,"Unknown"
"7014851",371865,2025-06-23 23:39:23,43.3575744628906,-8.84512138366699,"Unknown"
"7014851",371865,2025-06-23 23:44:27,43.3575668334961,-8.84512996673584,"Unknown"
"7014851",371865,2025-06-23 23:49:26,43.3575668334961,-8.84512042999268,"Unknown"
"7014851",371865,2025-06-23 23:54:24,43.3576354980469,-8.84507656097412,"Unknown"
"7014851",371865,2025-06-23 23:59:30,43.3575973510742,-8.84504795074463,"Unknown"
"7014851",371865,2025-06-24 00:04:59,43.3575325012207,-8.84506320953369,"Unknown"
"7014851",371865,2025-06-24 00:09:23,43.3575706481934,-8.84510040283203,"Unknown"
"7014851",371865,2025-06-24 00:14:23,43.3576011657715,-8.84506702423096,"Unknown"
"7014851",371865,2025-06-24 00:19:23,43.3576316833496,-8.84500122070312,"Unknown"
"7014851",371865,2025-06-24 00:24:23,43.3576354980469,-8.84505367279053,"Unknown"
"7014851",371865,2025-06-24 00:29:23,43.3576316833496,-8.84504508972168,"Unknown"
"7014851",371865,2025-06-24 00:34:23,43.357608795166,-8.84493541717529,"Unknown"
"7014851",371865,2025-06-24 00:39:23,43.3576393127441,-8.84502220153809,"Unknown"
"7014851",371865,2025-06-24 00:44:27,43.3576622009277,-8.84504318237305,"Unknown"
"7014851",371865,2025-06-24 00:49:44,43.3576278686523,-8.84502983093262,"Unknown"
"7014851",371865,2025-06-24 00:54:23,43.3575782775879,-8.84505939483643,"Unknown"
"7014851",371865,2025-06-24 00:59:23,43.3575973510742,-8.84499263763428,"Unknown"
"7014851",371865,2025-06-24 01:04:24,43.3575820922852,-8.84499263763428,"Unknown"
"7014851",371865,2025-06-24 01:09:24,43.3574676513672,-8.8450288772583,"Unknown"
"7014851",371865,2025-06-24 01:14:27,43.3577728271484,-8.84510803222656,"Unknown"
"7014851",371865,2025-06-24 01:19:25,43.3577346801758,-8.84511280059814,"Unknown"
"7014851",371865,2025-06-24 01:24:27,43.3575782775879,-8.84516716003418,"Unknown"
"7014851",371865,2025-06-24 01:29:23,43.3575477600098,-8.84516143798828,"Unknown"
"7014851",371865,2025-06-24 01:34:27,43.3576049804688,-8.84518337249756,"Unknown"
"7014851",371865,2025-06-24 01:39:26,43.357780456543,-8.84544277191162,"Unknown"
"7014851",371865,2025-06-24 01:44:26,43.3579635620117,-8.8454065322876,"Unknown"
"7014851",371865,2025-06-24 01:49:44,43.3578605651855,-8.8451976776123,"Unknown"
"7014851",371865,2025-06-24 01:54:27,43.3577651977539,-8.84522724151611,"Unknown"
"7014851",371865,2025-06-24 01:59:25,43.3580856323242,-8.84525108337402,"Unknown"
"7014851",371865,2025-06-24 02:04:55,43.3576583862305,-8.84511566162109,"Unknown"
"7014851",371865,2025-06-24 02:09:25,43.3576126098633,-8.84508037567139,"Unknown"
"7014851",371865,2025-06-24 02:14:24,43.3578491210938,-8.84525871276855,"Unknown"
"7014851",371865,2025-06-24 02:19:24,43.3576698303223,-8.84527683258057,"Unknown"
"7014851",371865,2025-06-24 02:24:25,43.3576698303223,-8.84521484375,"Unknown"
"7014851",371865,2025-06-24 02:29:23,43.357738494873,-8.84521484375,"Unknown"
"7014851",371865,2025-06-24 02:34:26,43.3577346801758,-8.84521770477295,"Unknown"
"7014851",371865,2025-06-24 02:39:27,43.3578186035156,-8.84531497955322,"Unknown"
"7014851",371865,2025-06-24 02:44:27,43.3578720092773,-8.84541320800781,"Unknown"
"7014851",371865,2025-06-24 02:49:44,43.3576545715332,-8.8451509475708,"Unknown"
"7014851",371865,2025-06-24 02:54:26,43.3576583862305,-8.84512329101562,"Unknown"
"7014851",371865,2025-06-24 02:59:23,43.3575744628906,-8.84508323669434,"Unknown"
"7014851",371865,2025-06-24 03:04:27,43.3577194213867,-8.84520721435547,"Unknown"
"7014851",371865,2025-06-24 03:09:38,43.3576354980469,-8.84519481658936,"Unknown"
"7014851",371865,2025-06-24 03:14:23,43.3575744628906,-8.84508895874023,"Unknown"
"7014851",371865,2025-06-24 03:19:26,43.3575706481934,-8.84509086608887,"Unknown"
"7014851",371865,2025-06-24 03:24:26,43.3576583862305,-8.8452033996582,"Unknown"
"7014851",371865,2025-06-24 03:29:26,43.3575897216797,-8.84511947631836,"Unknown"
"7014851",371865,2025-06-24 03:34:27,43.3576545715332,-8.84516620635986,"Unknown"
"7014851",371865,2025-06-24 03:39:25,43.3576126098633,-8.84513378143311,"Unknown"
"7014851",371865,2025-06-24 03:44:24,43.3578643798828,-8.84534358978271,"Unknown"
"7014851",371865,2025-06-24 03:49:59,43.3575553894043,-8.84508609771729,"Unknown"
"7014851",371865,2025-06-24 03:54:23,43.3574676513672,-8.84505367279053,"Unknown"
"7014851",371865,2025-06-24 03:59:29,43.3576393127441,-8.84524154663086,"Unknown"
"7014851",371865,2025-06-24 04:04:44,43.3575592041016,-8.84507179260254,"Unknown"
"7014851",371865,2025-06-24 04:09:23,43.3575973510742,-8.84503269195557,"Unknown"
"7014851",371865,2025-06-24 04:14:23,43.357666015625,-8.84512805938721,"Unknown"
"7014851",371865,2025-06-24 04:19:26,43.3575744628906,-8.84495830535889,"Unknown"
"7014851",371865,2025-06-24 04:24:26,43.3574714660645,-8.84503364562988,"Unknown"
"7014851",371865,2025-06-24 04:29:35,43.3576507568359,-8.84506893157959,"Unknown"
"7014851",371865,2025-06-24 04:34:29,43.3576850891113,-8.84522342681885,"Unknown"
"7014851",371865,2025-06-24 04:39:30,43.3575286865234,-8.8450870513916,"Unknown"
"7014851",371865,2025-06-24 04:44:31,43.3573036193848,-8.84507179260254,"Unknown"
"7014851",371865,2025-06-24 04:50:05,43.3576126098633,-8.8451509475708,"Unknown"
"7014851",371865,2025-06-24 04:54:23,43.357536315918,-8.84519100189209,"Unknown"
"7014851",371865,2025-06-24 04:59:26,43.3575706481934,-8.84518623352051,"Unknown"
"7014851",371865,2025-06-24 05:04:24,43.3576316833496,-8.84520816802979,"Unknown"
"7014851",371865,2025-06-24 05:09:27,43.3576126098633,-8.84514236450195,"Unknown"
"7014851",371865,2025-06-24 05:14:26,43.3576164245605,-8.84517097473145,"Unknown"
"7014851",371865,2025-06-24 05:19:26,43.3576011657715,-8.84512138366699,"Unknown"
"7014851",371865,2025-06-24 05:24:24,43.357593536377,-8.84523582458496,"Unknown"
"7014851",371865,2025-06-24 05:29:23,43.3576431274414,-8.84516429901123,"Unknown"
"7014851",371865,2025-06-24 05:34:27,43.3576850891113,-8.84524917602539,"Unknown"
"7014851",371865,2025-06-24 05:39:26,43.3574714660645,-8.84531402587891,"Unknown"
"7014851",371865,2025-06-24 05:44:23,43.3740005493164,-8.84883403778076,"Unknown"
"7014851",371865,2025-06-24 05:49:23,43.4025382995605,-8.83598327636719,"Unknown"
"7014851",371865,2025-06-24 05:54:23,43.4176940917969,-8.83565998077393,"Unknown"
"7014851",371865,2025-06-24 05:59:23,43.3888969421387,-8.8450345993042,"Unknown"
"7014851",371865,2025-06-24 06:04:23,43.3564987182617,-8.84669971466064,"Unknown"
"7014851",371865,2025-06-24 06:09:37,43.3571586608887,-8.84517574310303,"Unknown"
"7014851",371865,2025-06-24 06:14:27,43.3571624755859,-8.84517478942871,"Unknown"
"7014851",371865,2025-06-24 06:19:35,43.3571510314941,-8.84514236450195,"Unknown"
"7014851",371865,2025-06-24 06:24:37,43.3571624755859,-8.84512424468994,"Unknown"
"7014851",371865,2025-06-24 06:29:26,43.3571243286133,-8.84524059295654,"Unknown"
"7014851",371865,2025-06-24 06:34:24,43.3571128845215,-8.84523963928223,"Unknown"
"7014851",371865,2025-06-24 06:39:35,43.3575859069824,-8.84511852264404,"Unknown"
"7014851",371865,2025-06-24 06:44:44,43.3579368591309,-8.84526443481445,"Unknown"
"7014851",371865,2025-06-24 06:49:37,43.3580589294434,-8.84531021118164,"Unknown"
"7014851",371865,2025-06-24 06:54:37,43.3580627441406,-8.84526252746582,"Unknown"
"7014851",371865,2025-06-24 06:59:37,43.358211517334,-8.84492206573486,"Unknown"
"7014851",371865,2025-06-24 07:04:37,43.3578300476074,-8.84538269042969,"Unknown"
"7014851",371865,2025-06-24 07:09:37,43.3580551147461,-8.84504699707031,"Unknown"
"7014851",371865,2025-06-24 07:14:37,43.358081817627,-8.84500598907471,"Unknown"
"7014851",371865,2025-06-24 07:19:37,43.3574752807617,-8.84575271606445,"Unknown"
"7014851",371865,2025-06-24 07:24:37,43.3572845458984,-8.84589958190918,"Unknown"
"7014851",371865,2025-06-24 07:29:37,43.3568420410156,-8.84654998779297,"Unknown"
"7014851",371865,2025-06-24 07:34:41,43.3573989868164,-8.8457612991333,"Unknown"
"7014851",371865,2025-06-24 07:39:37,43.3576774597168,-8.8455810546875,"Unknown"
"7014851",371865,2025-06-24 07:44:26,43.3572540283203,-8.84604740142822,"Unknown"
"7014851",371865,2025-06-24 07:49:28,43.3577041625977,-8.84507274627686,"Unknown"
"7014851",371865,2025-06-24 07:54:26,43.3575325012207,-8.84536075592041,"Unknown"
"7014851",371865,2025-06-24 07:59:29,43.3575401306152,-8.84508323669434,"Unknown"
"7014851",371865,2025-06-24 08:04:26,43.3575706481934,-8.84515953063965,"Unknown"
"7014851",371865,2025-06-24 08:09:33,43.3573608398438,-8.84460926055908,"Unknown"
"7014851",371865,2025-06-24 08:14:29,43.3572082519531,-8.84434986114502,"Unknown"
"7014851",371865,2025-06-24 08:19:26,43.3593826293945,-8.84691429138184,"Unknown"
"7014851",371865,2025-06-24 08:24:32,43.3586311340332,-8.84638595581055,"Unknown"
"7014851",371865,2025-06-24 08:29:43,43.3578224182129,-8.84569263458252,"Unknown"
"7014851",371865,2025-06-24 08:34:43,43.3577537536621,-8.84547996520996,"Unknown"
"7014851",371865,2025-06-24 08:39:45,43.3577919006348,-8.84562587738037,"Unknown"
"7014851",371865,2025-06-24 08:44:49,43.3572158813477,-8.84468269348145,"Unknown"
"7014851",371865,2025-06-24 08:50:05,43.357608795166,-8.84516620635986,"Unknown"
"7014851",371865,2025-06-24 08:54:32,43.3576126098633,-8.84500026702881,"Unknown"
"7014851",371865,2025-06-24 08:59:26,43.3576240539551,-8.84512138366699,"Unknown"
"7014851",371865,2025-06-24 09:04:30,43.3575592041016,-8.845139503479,"Unknown"
"7014851",371865,2025-06-24 09:09:30,43.3575401306152,-8.84517574310303,"Unknown"
"7014851",371865,2025-06-24 09:14:27,43.3575172424316,-8.84493827819824,"Unknown"
"7014851",371865,2025-06-24 09:19:30,43.3575668334961,-8.84508800506592,"Unknown"
"7014851",371865,2025-06-24 09:24:26,43.3576316833496,-8.84507274627686,"Unknown"
"7014851",371865,2025-06-24 09:29:36,43.357666015625,-8.84511947631836,"Unknown"
"7014851",371865,2025-06-24 09:34:44,43.3576202392578,-8.84526920318604,"Unknown"
"7014851",371865,2025-06-24 09:39:25,43.3577194213867,-8.84530639648438,"Unknown"
"7014851",371865,2025-06-24 09:44:44,43.3576965332031,-8.84517383575439,"Unknown"
"7014851",371865,2025-06-24 09:49:37,43.3577995300293,-8.84546089172363,"Unknown"
"7014851",371865,2025-06-24 09:54:25,43.3578186035156,-8.84529495239258,"Unknown"
"7014851",371865,2025-06-24 09:59:25,43.3577117919922,-8.84516429901123,"Unknown"
"7014851",371865,2025-06-24 10:04:59,43.357608795166,-8.84514331817627,"Unknown"
"7014851",371865,2025-06-24 10:09:23,43.3573608398438,-8.84523391723633,"Unknown"
"7014851",371865,2025-06-24 10:14:28,43.3576469421387,-8.84495162963867,"Unknown"
"7014851",371865,2025-06-24 10:19:28,43.3576011657715,-8.84512901306152,"Unknown"
"7014851",371865,2025-06-24 10:24:25,43.3575439453125,-8.84552192687988,"Unknown"
"7014851",371865,2025-06-24 10:29:30,43.3575630187988,-8.84510803222656,"Unknown"
"7014851",371865,2025-06-24 10:34:27,43.3576469421387,-8.8447265625,"Unknown"
"7014851",371865,2025-06-24 10:39:31,43.3575782775879,-8.84504699707031,"Unknown"
"7014851",371865,2025-06-24 10:44:43,43.3575668334961,-8.84499073028564,"Unknown"
"7014851",371865,2025-06-24 10:49:29,43.3575744628906,-8.84460735321045,"Unknown"
"7014851",371865,2025-06-24 10:54:25,43.3581466674805,-8.84532833099365,"Unknown"
"7014851",371865,2025-06-24 10:59:25,43.3576469421387,-8.844557762146,"Unknown"
"7014851",371865,2025-06-24 11:04:26,43.3576316833496,-8.84506797790527,"Unknown"
"7014851",371865,2025-06-24 11:09:31,43.3575668334961,-8.84502124786377,"Unknown"
"7014851",371865,2025-06-24 11:14:30,43.3575706481934,-8.84502983093262,"Unknown"
"7014851",371865,2025-06-24 11:19:25,43.3575782775879,-8.84479999542236,"Unknown"
"7014851",371865,2025-06-24 11:24:25,43.3576316833496,-8.8450756072998,"Unknown"
"7014851",371865,2025-06-24 11:29:24,43.3574409484863,-8.84471321105957,"Unknown"
"7014851",371865,2025-06-24 11:34:30,43.3577117919922,-8.84511375427246,"Unknown"
"7014851",371865,2025-06-24 11:39:29,43.3573112487793,-8.84498691558838,"Unknown"
"7014851",371865,2025-06-24 11:44:34,43.357307434082,-8.84448719024658,"Unknown"
"7014851",371865,2025-06-24 11:49:59,43.3576393127441,-8.84506607055664,"Unknown"
"7014851",371865,2025-06-24 11:54:23,43.3575973510742,-8.8449821472168,"Unknown"
"7014851",371865,2025-06-24 11:59:23,43.3576698303223,-8.84525012969971,"Unknown"
"7014851",371865,2025-06-24 12:04:24,43.3576240539551,-8.84492206573486,"Unknown"
"7014851",371865,2025-06-24 12:09:24,43.3575706481934,-8.84493350982666,"Unknown"
"7014851",371865,2025-06-24 12:14:34,43.3575820922852,-8.84512424468994,"Unknown"
"7014851",371865,2025-06-24 12:19:22,43.3577041625977,-8.84510040283203,"Unknown"
"7014851",371865,2025-06-24 12:24:23,43.3577423095703,-8.84514904022217,"Unknown"
"7014851",371865,2025-06-24 12:29:26,43.357593536377,-8.84511184692383,"Unknown"
"7014851",371865,2025-06-24 12:34:25,43.3575210571289,-8.84518623352051,"Unknown"
"7014851",371865,2025-06-24 12:39:24,43.3576469421387,-8.84517765045166,"Unknown"
"7014851",371865,2025-06-24 12:44:24,43.3575859069824,-8.84520530700684,"Unknown"
"7014851",371865,2025-06-24 12:49:41,43.3575630187988,-8.84517860412598,"Unknown"
"7014851",371865,2025-06-24 12:54:28,43.3576736450195,-8.84515285491943,"Unknown"
"7014851",371865,2025-06-24 12:59:22,43.3579063415527,-8.84546756744385,"Unknown"
"7014851",371865,2025-06-24 13:04:22,43.3748550415039,-8.84111881256104,"Unknown"
"7014851",371865,2025-06-24 13:09:25,43.3749160766602,-8.84689235687256,"Unknown"
"7014851",371865,2025-06-24 13:14:22,43.3833961486816,-8.86769771575928,"Unknown"
"7014851",371865,2025-06-24 13:19:22,43.4025993347168,-8.88931274414062,"Unknown"
"7014851",371865,2025-06-24 13:24:22,43.4148216247559,-8.92183876037598,"Unknown"
"7014851",371865,2025-06-24 13:29:22,43.4253616333008,-8.95665073394775,"Unknown"
"7014851",371865,2025-06-24 13:34:22,43.4351234436035,-8.9913444519043,"Unknown"
"7014851",371865,2025-06-24 13:39:23,43.4562072753906,-9.019118309021,"Unknown"
"7014851",371865,2025-06-24 13:44:23,43.490364074707,-9.02242755889893,"Unknown"
"7014851",371865,2025-06-24 13:49:24,43.5229187011719,-8.98704433441162,"Unknown"
"7014851",371865,2025-06-24 13:54:24,43.5251808166504,-8.98165225982666,"Unknown"
"7014851",371865,2025-06-24 13:59:23,43.5283966064453,-8.97581672668457,"Unknown"
"7014851",371865,2025-06-24 14:05:43,43.5322074890137,-8.96830749511719,"Unknown"
"7014851",371865,2025-06-24 14:09:23,43.533763885498,-8.96322917938232,"Unknown"
"7014851",371865,2025-06-24 14:14:23,43.5365562438965,-8.9576473236084,"Unknown"
"7014851",371865,2025-06-24 14:20:11,43.5404052734375,-8.94844150543213,"Unknown"
"7014851",371865,2025-06-24 14:24:35,43.5428352355957,-8.94296455383301,"Unknown"
"7014851",371865,2025-06-24 14:30:22,43.5462760925293,-8.93518447875977,"Unknown"
"7014851",371865,2025-06-24 14:34:32,43.5486755371094,-8.93015193939209,"Unknown"
"7014851",371865,2025-06-24 14:40:47,43.5525054931641,-8.92257118225098,"Unknown"
"7014851",371865,2025-06-24 14:45:24,43.5543365478516,-8.91822052001953,"Unknown"
"7014851",371865,2025-06-24 14:49:28,43.5574722290039,-8.91000461578369,"Unknown"
"7014851",371865,2025-06-24 14:54:34,43.5595588684082,-8.90526580810547,"Unknown"
"7014851",371865,2025-06-24 14:59:35,43.5620155334473,-8.89923000335693,"Unknown"
"7014851",371865,2025-06-24 15:05:19,43.5802192687988,-8.9243803024292,"Unknown"
"7014851",371865,2025-06-24 15:09:27,43.5970001220703,-8.93997287750244,"Unknown"
"7014851",371865,2025-06-24 15:14:25,43.5970191955566,-8.93984794616699,"Unknown"
"7014851",371865,2025-06-24 15:19:24,43.5968933105469,-8.93954753875732,"Unknown"
"7014851",371865,2025-06-24 15:24:55,43.6003684997559,-8.93731498718262,"Unknown"
"7014851",371865,2025-06-24 15:29:22,43.6010971069336,-8.93691444396973,"Unknown"
"7014851",371865,2025-06-24 15:34:35,43.6012878417969,-8.9377326965332,"Unknown"
"7014851",371865,2025-06-24 15:39:34,43.5982780456543,-8.93675327301025,"Unknown"
"7014851",371865,2025-06-24 15:44:33,43.5887603759766,-8.91886138916016,"Unknown"
"7014851",371865,2025-06-24 15:49:30,43.5881385803223,-8.91864681243896,"Unknown"
"7014851",371865,2025-06-24 15:54:30,43.5873870849609,-8.91866779327393,"Unknown"
"7014851",371865,2025-06-24 15:59:30,43.5792617797852,-8.89437580108643,"Unknown"
"7014851",371865,2025-06-24 16:04:30,43.5740661621094,-8.88274097442627,"Unknown"
"7014851",371865,2025-06-24 16:09:44,43.5680160522461,-8.86476612091064,"Unknown"
"7014851",371865,2025-06-24 16:15:21,43.5615386962891,-8.84680652618408,"Unknown"
"7014851",371865,2025-06-24 16:19:27,43.5570945739746,-8.83383846282959,"Unknown"
"7014851",371865,2025-06-24 16:24:27,43.5514907836914,-8.82126712799072,"Unknown"
"7014851",371865,2025-06-24 16:29:24,43.5458793640137,-8.80201625823975,"Unknown"
"7014851",371865,2025-06-24 16:34:36,43.5420455932617,-8.79177474975586,"Unknown"
"7014851",371865,2025-06-24 16:39:27,43.5331878662109,-8.76867771148682,"Unknown"
"7014851",371865,2025-06-24 16:44:49,43.5281867980957,-8.75551986694336,"Unknown"
"7014851",371865,2025-06-24 16:49:24,43.5240936279297,-8.73595428466797,"Unknown"
"7014851",371865,2025-06-24 16:54:23,43.5198135375977,-8.71602249145508,"Unknown"
"7014851",371865,2025-06-24 16:59:30,43.5160255432129,-8.70553493499756,"Unknown"
"7014851",371865,2025-06-24 17:04:25,43.4959335327148,-8.72413349151611,"Unknown"
"7014851",371865,2025-06-24 17:09:28,43.4619979858398,-8.74888706207275,"Unknown"
"7014851",371865,2025-06-24 17:14:30,43.4321098327637,-8.76408958435059,"Unknown"
"7014851",371865,2025-06-24 17:19:30,43.4062614440918,-8.79051494598389,"Unknown"
"7014851",371865,2025-06-24 17:24:30,43.3788757324219,-8.80420684814453,"Unknown"
"7014851",371865,2025-06-24 17:29:29,43.3610610961914,-8.83608436584473,"Unknown"
"7014851",371865,2025-06-24 17:35:23,43.3576431274414,-8.84517097473145,"Unknown"
"7014851",371865,2025-06-24 17:39:23,43.3576278686523,-8.84515857696533,"Unknown"
"7014851",371865,2025-06-24 17:44:24,43.357666015625,-8.84516048431396,"Unknown"
"7014851",371865,2025-06-24 17:49:27,43.3575592041016,-8.84510040283203,"Unknown"
"7014851",371865,2025-06-24 17:54:25,43.3576202392578,-8.84514141082764,"Unknown"
"7014851",371865,2025-06-24 17:59:29,43.3576126098633,-8.84517002105713,"Unknown"
"7014851",371865,2025-06-24 18:04:22,43.3576202392578,-8.84512615203857,"Unknown"
"7014851",371865,2025-06-24 18:09:22,43.3577423095703,-8.84528541564941,"Unknown"
"7014851",371865,2025-06-24 18:14:27,43.3575782775879,-8.84519290924072,"Unknown"
"7014851",371865,2025-06-24 18:19:44,43.3575286865234,-8.84496116638184,"Unknown"
"7014851",371865,2025-06-24 18:24:24,43.3576507568359,-8.84523963928223,"Unknown"
"7014851",371865,2025-06-24 18:29:31,43.3575973510742,-8.84514141082764,"Unknown"
"7014851",371865,2025-06-24 18:34:28,43.3575210571289,-8.84512519836426,"Unknown"
"7014851",371865,2025-06-24 18:39:31,43.3575744628906,-8.84521198272705,"Unknown"
"7014851",371865,2025-06-24 18:44:25,43.357551574707,-8.8452844619751,"Unknown"
"7014851",371865,2025-06-24 18:49:31,43.3575325012207,-8.8451042175293,"Unknown"
"7014851",371865,2025-06-24 18:54:43,43.3575592041016,-8.84510803222656,"Unknown"
"7014851",371865,2025-06-24 18:59:27,43.357593536377,-8.84508800506592,"Unknown"
"7014851",371865,2025-06-24 19:04:28,43.3575820922852,-8.84517192840576,"Unknown"
"7014851",371865,2025-06-24 19:09:25,43.357551574707,-8.84513378143311,"Unknown"
"7014851",371865,2025-06-24 19:14:32,43.3576393127441,-8.8451681137085,"Unknown"
"7014851",371865,2025-06-24 19:19:27,43.3575859069824,-8.84517097473145,"Unknown"
"7014851",371865,2025-06-24 19:24:29,43.3575248718262,-8.84514236450195,"Unknown"
"7014851",371865,2025-06-24 19:29:28,43.3573188781738,-8.84514141082764,"Unknown"
"7014851",371865,2025-06-24 19:34:30,43.3574142456055,-8.84515571594238,"Unknown"
"7014851",371865,2025-06-24 19:39:41,43.3574714660645,-8.84505653381348,"Unknown"
"7014851",371865,2025-06-24 19:44:23,43.3575286865234,-8.84538078308105,"Unknown"
"7014851",371865,2025-06-24 19:49:30,43.3574905395508,-8.84496784210205,"Unknown"
"7014851",371865,2025-06-24 19:54:30,43.3575630187988,-8.84522819519043,"Unknown"
"7014851",371865,2025-06-24 20:00:35,43.3576011657715,-8.84516716003418,"Unknown"
"7014851",371865,2025-06-24 20:04:22,43.3575859069824,-8.84509563446045,"Unknown"
"7014851",371865,2025-06-24 20:09:22,43.3575630187988,-8.84508895874023,"Unknown"
"7014851",371865,2025-06-24 20:14:23,43.3576850891113,-8.84511566162109,"Unknown"
"7014851",371865,2025-06-24 20:19:23,43.3576431274414,-8.84505558013916,"Unknown"
"7014851",371865,2025-06-24 20:24:22,43.357593536377,-8.84512615203857,"Unknown"
"7014851",371865,2025-06-24 20:29:22,43.3576011657715,-8.84513282775879,"Unknown"
"7014851",371865,2025-06-24 20:34:22,43.3576507568359,-8.84510803222656,"Unknown"
"7014851",371865,2025-06-24 20:39:23,43.3576583862305,-8.84504127502441,"Unknown"
"7014851",371865,2025-06-24 20:44:22,43.3576469421387,-8.8450813293457,"Unknown"
"7014851",371865,2025-06-24 20:49:22,43.3575859069824,-8.84510612487793,"Unknown"
"7014851",371865,2025-06-24 20:54:22,43.3576431274414,-8.84525680541992,"Unknown"
"7014851",371865,2025-06-24 20:59:23,43.3576202392578,-8.8450813293457,"Unknown"
"7014851",371865,2025-06-24 21:04:22,43.3576240539551,-8.84512424468994,"Unknown"
"7014851",371865,2025-06-24 21:09:23,43.3576240539551,-8.8451042175293,"Unknown"
"7014851",371865,2025-06-24 21:14:22,43.3575973510742,-8.84512042999268,"Unknown"
"7014851",371865,2025-06-24 21:19:23,43.3576126098633,-8.84506416320801,"Unknown"
"7014851",371865,2025-06-24 21:24:23,43.3576126098633,-8.84507083892822,"Unknown"
"7014851",371865,2025-06-24 21:29:24,43.3576393127441,-8.84509658813477,"Unknown"
"7014851",371865,2025-06-24 21:34:24,43.3576278686523,-8.8451566696167,"Unknown"
"7014851",371865,2025-06-24 21:39:24,43.3576393127441,-8.84514617919922,"Unknown"
"7014851",371865,2025-06-24 21:44:23,43.3575820922852,-8.84509372711182,"Unknown"
"7014851",371865,2025-06-24 21:49:24,43.357593536377,-8.84525108337402,"Unknown"
"7014851",371865,2025-06-24 21:54:30,43.357593536377,-8.84503746032715,"Unknown"
"7014851",371865,2025-06-24 21:59:26,43.3576049804688,-8.84496593475342,"Unknown"
"7014851",371865,2025-06-24 22:04:25,43.3577346801758,-8.84517765045166,"Unknown"
"7014851",371865,2025-06-24 22:09:24,43.3574562072754,-8.84501552581787,"Unknown"
"7014851",371865,2025-06-24 22:14:24,43.3574485778809,-8.84504413604736,"Unknown"
"7014851",371865,2025-06-24 22:19:23,43.357666015625,-8.84515476226807,"Unknown"
"7014851",371865,2025-06-24 22:24:24,43.3575820922852,-8.84510612487793,"Unknown"
"7014851",371865,2025-06-24 22:29:24,43.3575973510742,-8.8452091217041,"Unknown"
"7014851",371865,2025-06-24 22:34:23,43.3575706481934,-8.84511184692383,"Unknown"
"7014851",371865,2025-06-24 22:39:26,43.3575859069824,-8.84504413604736,"Unknown"
"7014851",371865,2025-06-24 22:44:33,43.3575668334961,-8.84513664245605,"Unknown"
"7014851",371865,2025-06-24 22:49:31,43.3575859069824,-8.84504508972168,"Unknown"
"7014851",371865,2025-06-24 22:54:42,43.3576736450195,-8.84441375732422,"Unknown"
"7014851",371865,2025-06-24 22:59:25,43.3576774597168,-8.84440040588379,"Unknown"
"7014851",371865,2025-06-24 23:04:34,43.3576316833496,-8.84437942504883,"Unknown"
"7014851",371865,2025-06-24 23:09:30,43.3575668334961,-8.84532070159912,"Unknown"
"7014851",371865,2025-06-24 23:14:28,43.3575668334961,-8.84534740447998,"Unknown"
"7014851",371865,2025-06-24 23:19:31,43.3575630187988,-8.84533500671387,"Unknown"
"7014851",371865,2025-06-24 23:24:33,43.3576011657715,-8.84473896026611,"Unknown"
"7014851",371865,2025-06-24 23:29:25,43.357536315918,-8.84463882446289,"Unknown"
"7014851",371865,2025-06-24 23:34:32,43.3574600219727,-8.84496879577637,"Unknown"
"7014851",371865,2025-06-24 23:39:23,43.3576469421387,-8.84512424468994,"Unknown"
"7014851",371865,2025-06-24 23:44:29,43.3576965332031,-8.84536647796631,"Unknown"
"7014851",371865,2025-06-24 23:49:44,43.357723236084,-8.84546089172363,"Unknown"
"7014851",371865,2025-06-24 23:54:44,43.3576812744141,-8.84500980377197,"Unknown"
"7014851",371865,2025-06-24 23:59:26,43.357536315918,-8.84453392028809,"Unknown"
"7014851",371865,2025-06-25 00:04:31,43.3576393127441,-8.84469032287598,"Unknown"
"7014851",371865,2025-06-25 00:09:26,43.3575897216797,-8.8448543548584,"Unknown"
"7014851",371865,2025-06-25 00:14:30,43.3576049804688,-8.84482097625732,"Unknown"
"7014851",371865,2025-06-25 00:19:31,43.3575820922852,-8.84461212158203,"Unknown"
"7014851",371865,2025-06-25 00:24:23,43.3583221435547,-8.84602069854736,"Unknown"
"7014851",371865,2025-06-25 00:29:30,43.357536315918,-8.84495639801025,"Unknown"
"7014851",371865,2025-06-25 00:34:31,43.357536315918,-8.8449878692627,"Unknown"
"7014851",371865,2025-06-25 00:39:25,43.3576583862305,-8.84502220153809,"Unknown"
"7014851",371865,2025-06-25 00:44:31,43.3575630187988,-8.84500026702881,"Unknown"
"7014851",371865,2025-06-25 00:49:45,43.3575057983398,-8.84506130218506,"Unknown"
"7014851",371865,2025-06-25 00:54:22,43.3576011657715,-8.84508991241455,"Unknown"
"7014851",371865,2025-06-25 00:59:25,43.3575286865234,-8.84507751464844,"Unknown"
"7014851",371865,2025-06-25 01:04:29,43.3577117919922,-8.84528350830078,"Unknown"
"7014851",371865,2025-06-25 01:09:26,43.3574562072754,-8.84523487091064,"Unknown"
"7014851",371865,2025-06-25 01:14:32,43.3575248718262,-8.84516525268555,"Unknown"
"7014851",371865,2025-06-25 01:19:25,43.3574180603027,-8.84497356414795,"Unknown"
"7014851",371865,2025-06-25 01:24:28,43.3574447631836,-8.84506607055664,"Unknown"
"7014851",371865,2025-06-25 01:29:23,43.3576698303223,-8.84508419036865,"Unknown"
"7014851",371865,2025-06-25 01:34:24,43.3579788208008,-8.84549713134766,"Unknown"
"7014851",371865,2025-06-25 01:39:21,43.3576736450195,-8.84512233734131,"Unknown"
"7014851",371865,2025-06-25 01:44:28,43.3576354980469,-8.84511756896973,"Unknown"
"7014851",371865,2025-06-25 01:49:53,43.3576507568359,-8.84518623352051,"Unknown"
"7014851",371865,2025-06-25 01:54:21,43.3577194213867,-8.84521293640137,"Unknown"
"7014851",371865,2025-06-25 01:59:22,43.3577613830566,-8.84522914886475,"Unknown"
"7014851",371865,2025-06-25 02:04:44,43.3575973510742,-8.84508514404297,"Unknown"
"7014851",371865,2025-06-25 02:09:23,43.3574333190918,-8.8449535369873,"Unknown"
"7014851",371865,2025-06-25 02:14:28,43.3575973510742,-8.84506416320801,"Unknown"
"7014851",371865,2025-06-25 02:19:22,43.3576583862305,-8.84524726867676,"Unknown"
"7014851",371865,2025-06-25 02:24:21,43.3574371337891,-8.84506034851074,"Unknown"
"7014851",371865,2025-06-25 02:29:24,43.3575325012207,-8.84507274627686,"Unknown"
"7014851",371865,2025-06-25 02:34:25,43.3576469421387,-8.84519100189209,"Unknown"
"7014851",371865,2025-06-25 02:39:21,43.3576812744141,-8.84517765045166,"Unknown"
"7014851",371865,2025-06-25 02:44:21,43.357551574707,-8.84500885009766,"Unknown"
"7014851",371865,2025-06-25 02:49:44,43.3576126098633,-8.84510231018066,"Unknown"
"7014851",371865,2025-06-25 02:54:21,43.3576927185059,-8.84519577026367,"Unknown"
"7014851",371865,2025-06-25 02:59:21,43.3576583862305,-8.84510803222656,"Unknown"
"7014851",371865,2025-06-25 03:04:21,43.3576393127441,-8.84512138366699,"Unknown"
"7014851",371865,2025-06-25 03:09:21,43.3576316833496,-8.84509086608887,"Unknown"
"7014851",371865,2025-06-25 03:14:21,43.3576507568359,-8.84512901306152,"Unknown"
"7014851",371865,2025-06-25 03:19:21,43.3577079772949,-8.84519290924072,"Unknown"
"7014851",371865,2025-06-25 03:24:22,43.3576164245605,-8.84510517120361,"Unknown"
"7014851",371865,2025-06-25 03:29:24,43.3576049804688,-8.84515571594238,"Unknown"
"7014851",371865,2025-06-25 03:34:27,43.3576393127441,-8.84527206420898,"Unknown"
"7014851",371865,2025-06-25 03:39:21,43.3577194213867,-8.84525394439697,"Unknown"
"7014851",371865,2025-06-25 03:44:21,43.3577499389648,-8.84516620635986,"Unknown"
"7014851",371865,2025-06-25 03:49:43,43.3575096130371,-8.84509944915771,"Unknown"
"7014851",371865,2025-06-25 03:54:31,43.3578071594238,-8.84526252746582,"Unknown"
"7014851",371865,2025-06-25 03:59:27,43.3576164245605,-8.84517860412598,"Unknown"
"7014851",371865,2025-06-25 04:04:29,43.3575820922852,-8.84518241882324,"Unknown"
"7014851",371865,2025-06-25 04:09:25,43.3577461242676,-8.84526920318604,"Unknown"
"7014851",371865,2025-06-25 04:14:28,43.3575668334961,-8.84511280059814,"Unknown"
"7014851",371865,2025-06-25 04:19:31,43.3577728271484,-8.84520149230957,"Unknown"
"7014851",371865,2025-06-25 04:24:31,43.3576965332031,-8.84522533416748,"Unknown"
"7014851",371865,2025-06-25 04:29:43,43.3574638366699,-8.84517002105713,"Unknown"
"7014851",371865,2025-06-25 04:34:47,43.3574104309082,-8.84504222869873,"Unknown"
"7014851",371865,2025-06-25 04:39:35,43.3575439453125,-8.84514617919922,"Unknown"
"7014851",371865,2025-06-25 04:44:46,43.3574905395508,-8.84507751464844,"Unknown"
"7014851",371865,2025-06-25 04:49:53,43.3576202392578,-8.84507751464844,"Unknown"
"7014851",371865,2025-06-25 04:54:21,43.3575248718262,-8.84519195556641,"Unknown"
"7014851",371865,2025-06-25 04:59:22,43.3574638366699,-8.84507274627686,"Unknown"
"7014851",371865,2025-06-25 05:04:21,43.3575248718262,-8.84520435333252,"Unknown"
"7014851",371865,2025-06-25 05:09:22,43.3575859069824,-8.84506034851074,"Unknown"
"7014851",371865,2025-06-25 05:14:30,43.3576278686523,-8.84529113769531,"Unknown"
"7014851",371865,2025-06-25 05:19:24,43.3574409484863,-8.84448051452637,"Unknown"
"7014851",371865,2025-06-25 05:24:30,43.3575897216797,-8.84478759765625,"Unknown"
"7014851",371865,2025-06-25 05:29:25,43.3575401306152,-8.84468460083008,"Unknown"
"7014851",371865,2025-06-25 05:35:05,43.3576126098633,-8.84494495391846,"Unknown"
"7014851",371865,2025-06-25 05:39:21,43.357780456543,-8.84520721435547,"Unknown"
"7014851",371865,2025-06-25 05:44:29,43.3575134277344,-8.84513759613037,"Unknown"
"7014851",371865,2025-06-25 05:49:22,43.3575668334961,-8.84515285491943,"Unknown"
"7014851",371865,2025-06-25 05:54:25,43.357608795166,-8.84504795074463,"Unknown"
"7014851",371865,2025-06-25 05:59:23,43.3575782775879,-8.84510803222656,"Unknown"
"7014851",371865,2025-06-25 06:04:30,43.3575477600098,-8.84508323669434,"Unknown"
"7014851",371865,2025-06-25 06:09:21,43.327278137207,-8.85384559631348,"Unknown"
"7014851",371865,2025-06-25 06:14:30,43.3139915466309,-8.85697746276855,"Unknown"
"7014851",371865,2025-06-25 06:19:28,43.3142433166504,-8.8569164276123,"Unknown"
"7014851",371865,2025-06-25 06:24:30,43.3144187927246,-8.8567943572998,"Unknown"
"7014851",371865,2025-06-25 06:29:28,43.3143997192383,-8.85667705535889,"Unknown"
"7014851",371865,2025-06-25 06:34:25,43.3143692016602,-8.85672187805176,"Unknown"
"7014851",371865,2025-06-25 06:39:24,43.3140907287598,-8.85713863372803,"Unknown"
"7014851",371865,2025-06-25 06:44:31,43.3143882751465,-8.85671329498291,"Unknown"
"7014851",371865,2025-06-25 06:49:28,43.3142623901367,-8.85664558410645,"Unknown"
"7014851",371865,2025-06-25 06:54:25,43.3193855285645,-8.85747909545898,"Unknown"
"7014851",371865,2025-06-25 06:59:22,43.3549118041992,-8.84658622741699,"Unknown"
"7014851",371865,2025-06-25 07:04:33,43.3574523925781,-8.84482955932617,"Unknown"
"7014851",371865,2025-06-25 07:09:27,43.3574295043945,-8.84489727020264,"Unknown"
"7014851",371865,2025-06-25 07:14:31,43.3574447631836,-8.84482860565186,"Unknown"
"7014851",371865,2025-06-25 07:19:27,43.3574523925781,-8.84486484527588,"Unknown"
"7014851",371865,2025-06-25 07:24:24,43.3577995300293,-8.84575366973877,"Unknown"
"7014851",371865,2025-06-25 07:29:53,43.3575744628906,-8.84506607055664,"Unknown"
"7014851",371865,2025-06-25 07:34:22,43.3575477600098,-8.84518527984619,"Unknown"
"7014851",371865,2025-06-25 07:39:23,43.3575439453125,-8.84505176544189,"Unknown"
"7014851",371865,2025-06-25 07:44:28,43.3575744628906,-8.84505939483643,"Unknown"
"7014851",371865,2025-06-25 07:49:22,43.357551574707,-8.84503841400146,"Unknown"
"7014851",371865,2025-06-25 07:54:25,43.3575897216797,-8.84503746032715,"Unknown"
"7014851",371865,2025-06-25 07:59:22,43.3575553894043,-8.84496688842773,"Unknown"
"7014851",371865,2025-06-25 08:04:24,43.3576011657715,-8.84536933898926,"Unknown"
"7014851",371865,2025-06-25 08:09:23,43.3575172424316,-8.84500408172607,"Unknown"
"7014851",371865,2025-06-25 08:14:23,43.3575477600098,-8.8449125289917,"Unknown"
"7014851",371865,2025-06-25 08:19:22,43.3574371337891,-8.84499740600586,"Unknown"
"7014851",371865,2025-06-25 08:24:25,43.3574867248535,-8.84502506256104,"Unknown"
"7014851",371865,2025-06-25 08:29:24,43.3575019836426,-8.84502029418945,"Unknown"
"7014851",371865,2025-06-25 08:34:29,43.3574829101562,-8.84520435333252,"Unknown"
"7014851",371865,2025-06-25 08:39:32,43.3575477600098,-8.8452033996582,"Unknown"
"7014851",371865,2025-06-25 08:44:32,43.3575782775879,-8.84518241882324,"Unknown"
"7014851",371865,2025-06-25 08:49:32,43.3575019836426,-8.8452033996582,"Unknown"
"7014851",371865,2025-06-25 08:54:30,43.3575401306152,-8.84521102905273,"Unknown"
"7014851",371865,2025-06-25 08:59:38,43.3575897216797,-8.84506702423096,"Unknown"
"7014851",371865,2025-06-25 09:04:28,43.3575782775879,-8.84512901306152,"Unknown"
"7014851",371865,2025-06-25 09:09:28,43.3575477600098,-8.84511470794678,"Unknown"
"7014851",371865,2025-06-25 09:14:31,43.3575782775879,-8.84509086608887,"Unknown"
"7014851",371865,2025-06-25 09:19:31,43.357723236084,-8.84502029418945,"Unknown"
"7014851",371865,2025-06-25 09:24:32,43.3576278686523,-8.84510898590088,"Unknown"
"7014851",371865,2025-06-25 09:29:34,43.357479095459,-8.8453893661499,"Unknown"
"7014851",371865,2025-06-25 09:34:35,43.3577041625977,-8.84498500823975,"Unknown"
"7014851",371865,2025-06-25 09:39:44,43.3575592041016,-8.84550094604492,"Unknown"
"7014851",371865,2025-06-25 09:44:27,43.357551574707,-8.84536457061768,"Unknown"
"7014851",371865,2025-06-25 09:49:33,43.3574714660645,-8.84507083892822,"Unknown"
"7014851",371865,2025-06-25 09:54:53,43.3576278686523,-8.845139503479,"Unknown"
"7014851",371865,2025-06-25 09:59:22,43.3574829101562,-8.84524536132812,"Unknown"
"7014851",371865,2025-06-25 10:04:22,43.3574371337891,-8.84520149230957,"Unknown"
"7014851",371865,2025-06-25 10:09:28,43.357608795166,-8.84513378143311,"Unknown"
"7014851",371865,2025-06-25 10:14:25,43.357608795166,-8.84515857696533,"Unknown"
"7014851",371865,2025-06-25 10:19:24,43.3574066162109,-8.84520149230957,"Unknown"
"7014851",371865,2025-06-25 10:24:28,43.3576354980469,-8.84517955780029,"Unknown"
"7014851",371865,2025-06-25 10:29:27,43.3576431274414,-8.84523868560791,"Unknown"
"7014851",371865,2025-06-25 10:34:21,43.3576011657715,-8.84527587890625,"Unknown"
"7014851",371865,2025-06-25 10:39:29,43.3574981689453,-8.84497833251953,"Unknown"
"7014851",371865,2025-06-25 10:44:28,43.3575744628906,-8.8451509475708,"Unknown"
"7014851",371865,2025-06-25 10:49:44,43.3575172424316,-8.84508514404297,"Unknown"
"7014851",371865,2025-06-25 10:54:23,43.3574523925781,-8.84526538848877,"Unknown"
"7014851",371865,2025-06-25 10:59:21,43.3574981689453,-8.84512805938721,"Unknown"
"7014851",371865,2025-06-25 11:04:21,43.3575134277344,-8.84521389007568,"Unknown"
"7014851",371865,2025-06-25 11:09:21,43.3575820922852,-8.8452205657959,"Unknown"
"7014851",371865,2025-06-25 11:14:27,43.3576354980469,-8.84514141082764,"Unknown"
"7014851",371865,2025-06-25 11:19:27,43.3576622009277,-8.8451976776123,"Unknown"
"7014851",371865,2025-06-25 11:24:30,43.3576354980469,-8.84515953063965,"Unknown"
"7014851",371865,2025-06-25 11:29:30,43.3575706481934,-8.84519386291504,"Unknown"
"7014851",371865,2025-06-25 11:34:30,43.357608795166,-8.84516906738281,"Unknown"
"7014851",371865,2025-06-25 11:39:24,43.3575782775879,-8.84534358978271,"Unknown"
"7014851",371865,2025-06-25 11:44:25,43.3576545715332,-8.84517860412598,"Unknown"
"7014851",371865,2025-06-25 11:49:44,43.3576240539551,-8.84510231018066,"Unknown"
"7014851",371865,2025-06-25 11:54:30,43.3578491210938,-8.84507751464844,"Unknown"
"7014851",371865,2025-06-25 11:59:31,43.3576812744141,-8.84517860412598,"Unknown"
"7014851",371865,2025-06-25 12:04:35,43.3575172424316,-8.84480667114258,"Unknown"
"7014851",371865,2025-06-25 12:09:27,43.3574829101562,-8.84498310089111,"Unknown"
"7014851",371865,2025-06-25 12:14:24,43.3578147888184,-8.84460353851318,"Unknown"
"7014851",371865,2025-06-25 12:19:44,43.3574600219727,-8.84504318237305,"Unknown"
"7014851",371865,2025-06-25 12:24:21,43.3573913574219,-8.84518241882324,"Unknown"
"7014851",371865,2025-06-25 12:29:40,43.3586158752441,-8.8446798324585,"Unknown"
"7014851",371865,2025-06-25 12:34:53,43.357536315918,-8.84507083892822,"Unknown"
"7014851",371865,2025-06-25 12:39:23,43.357479095459,-8.84525203704834,"Unknown"
"7014851",371865,2025-06-25 12:44:26,43.3576774597168,-8.84506034851074,"Unknown"
"7014851",371865,2025-06-25 12:49:23,43.3574523925781,-8.84495067596436,"Unknown"
"7014851",371865,2025-06-25 12:54:24,43.3575019836426,-8.84497261047363,"Unknown"
"7014851",371865,2025-06-25 12:59:21,43.357666015625,-8.84501838684082,"Unknown"
"7014851",371865,2025-06-25 13:04:22,43.3576240539551,-8.84503746032715,"Unknown"
"7014851",371865,2025-06-25 13:09:24,43.3576354980469,-8.84498405456543,"Unknown"
"7014851",371865,2025-06-25 13:14:27,43.3575439453125,-8.84505748748779,"Unknown"
"7014851",371865,2025-06-25 13:19:23,43.3576736450195,-8.8450927734375,"Unknown"
"7014851",371865,2025-06-25 13:24:21,43.3575973510742,-8.84510326385498,"Unknown"
"7014851",371865,2025-06-25 13:29:21,43.3576202392578,-8.84511089324951,"Unknown"
"7014851",371865,2025-06-25 13:34:22,43.3578834533691,-8.84506511688232,"Unknown"
"7014851",371865,2025-06-25 13:39:21,43.3576393127441,-8.84521484375,"Unknown"
"7014851",371865,2025-06-25 13:44:23,43.3575973510742,-8.84508514404297,"Unknown"
"7014851",371865,2025-06-25 13:49:29,43.357494354248,-8.84513092041016,"Unknown"
"7014851",371865,2025-06-25 13:54:31,43.3575592041016,-8.845139503479,"Unknown"
"7014851",371865,2025-06-25 13:59:22,43.3574371337891,-8.84488296508789,"Unknown"
"7014851",371865,2025-06-25 14:04:45,43.3575973510742,-8.84513282775879,"Unknown"
"7014851",371865,2025-06-25 14:09:34,43.3575897216797,-8.84511756896973,"Unknown"
"7014851",371865,2025-06-25 14:14:40,43.357608795166,-8.8451099395752,"Unknown"
"7014851",371865,2025-06-25 14:19:30,43.3575096130371,-8.84503555297852,"Unknown"
"7014851",371865,2025-06-25 14:24:30,43.3579444885254,-8.84517002105713,"Unknown"
"7014851",371865,2025-06-25 14:29:30,43.3576164245605,-8.84517383575439,"Unknown"
"7014851",371865,2025-06-25 14:34:28,43.357666015625,-8.84535694122314,"Unknown"
"7014851",371865,2025-06-25 14:39:29,43.3577308654785,-8.84506702423096,"Unknown"
"7014851",371865,2025-06-25 14:44:53,43.3576240539551,-8.84507846832275,"Unknown"
"7014851",371865,2025-06-25 14:49:32,43.3575439453125,-8.84507179260254,"Unknown"
"7014851",371865,2025-06-25 14:54:44,43.3779907226562,-8.84546852111816,"Unknown"
"7014851",371865,2025-06-25 14:59:22,43.4042549133301,-8.85466384887695,"Unknown"
"7014851",371865,2025-06-25 15:04:27,43.4333992004395,-8.85861206054688,"Unknown"
"7014851",371865,2025-06-25 15:09:25,43.4568710327148,-8.87352180480957,"Unknown"
"7014851",371865,2025-06-25 15:14:26,43.4802780151367,-8.89047336578369,"Unknown"
"7014851",371865,2025-06-25 15:25:03,43.5334587097168,-8.92024707794189,"Unknown"
"7014851",371865,2025-06-25 15:30:32,43.5581169128418,-8.9404468536377,"Unknown"
"7014851",371865,2025-06-25 15:34:21,43.5746841430664,-8.9534969329834,"Unknown"
"7014851",371865,2025-06-25 15:39:22,43.5816764831543,-8.9614429473877,"Unknown"
"7014851",371865,2025-06-25 15:44:22,43.5807342529297,-8.96137237548828,"Unknown"
"7014851",371865,2025-06-25 15:49:22,43.5753402709961,-8.98777389526367,"Unknown"
"7014851",371865,2025-06-25 15:54:22,43.5690650939941,-9.01163196563721,"Unknown"
"7014851",371865,2025-06-25 15:59:22,43.5519485473633,-9.03105068206787,"Unknown"
"7014851",371865,2025-06-25 16:04:29,43.5382881164551,-9.04780673980713,"Unknown"
"7014851",371865,2025-06-25 16:09:25,43.5224151611328,-9.06684589385986,"Unknown"
"7014851",371865,2025-06-25 16:14:33,43.5044937133789,-9.09264945983887,"Unknown"
"7014851",371865,2025-06-25 16:19:30,43.4819869995117,-9.11064147949219,"Unknown"
"7014851",371865,2025-06-25 16:25:35,43.4548950195312,-9.10818195343018,"Unknown"
"7014851",371865,2025-06-25 16:29:21,43.441535949707,-9.10200691223145,"Unknown"
"7014851",371865,2025-06-25 16:34:25,43.4175415039062,-9.08585739135742,"Unknown"
"7014851",371865,2025-06-25 16:39:21,43.417236328125,-9.08621978759766,"Unknown"
"7014851",371865,2025-06-25 16:44:32,43.415843963623,-9.09444141387939,"Unknown"
"7014851",371865,2025-06-25 16:49:32,43.4225845336914,-9.12069416046143,"Unknown"
"7014851",371865,2025-06-25 16:54:53,43.4299659729004,-9.15241146087646,"Unknown"
"7014851",371865,2025-06-25 16:59:32,43.4276466369629,-9.18083381652832,"Unknown"
"7014851",371865,2025-06-25 17:04:23,43.4174003601074,-9.2076997756958,"Unknown"
"7014851",371865,2025-06-25 17:09:25,43.4055366516113,-9.22342014312744,"Unknown"
"7014851",371865,2025-06-25 17:14:32,43.4041442871094,-9.22439193725586,"Unknown"
"7014851",371865,2025-06-25 17:19:21,43.4027099609375,-9.22715759277344,"Unknown"
"7014851",371865,2025-06-25 17:24:44,43.4138526916504,-9.25674629211426,"Unknown"
"7014851",371865,2025-06-25 17:29:22,43.4294776916504,-9.27831840515137,"Unknown"
"7014851",371865,2025-06-25 17:34:22,43.4338836669922,-9.29678249359131,"Unknown"
"7014851",371865,2025-06-25 17:39:23,43.406379699707,-9.27387046813965,"Unknown"
"7014851",371865,2025-06-25 17:44:29,43.3852691650391,-9.26993846893311,"Unknown"
"7014851",371865,2025-06-25 17:50:15,43.3780174255371,-9.27670860290527,"Unknown"
"7014851",371865,2025-06-25 17:54:44,43.3758850097656,-9.28115463256836,"Unknown"
"7014851",371865,2025-06-25 17:59:25,43.3744201660156,-9.28331756591797,"Unknown"
"7014851",371865,2025-06-25 18:04:24,43.368522644043,-9.29444217681885,"Unknown"
"7014851",371865,2025-06-25 18:09:21,43.3650207519531,-9.30200862884521,"Unknown"
"7014851",371865,2025-06-25 18:14:24,43.3630447387695,-9.30575656890869,"Unknown"
"7014851",371865,2025-06-25 18:19:24,43.3643531799316,-9.30296039581299,"Unknown"
"7014851",371865,2025-06-25 18:24:24,43.3646049499512,-9.30161380767822,"Unknown"
"7014851",371865,2025-06-25 18:29:26,43.3632011413574,-9.30611801147461,"Unknown"
"7014851",371865,2025-06-25 18:34:32,43.3621139526367,-9.30864429473877,"Unknown"
"7014851",371865,2025-06-25 18:39:26,43.3614692687988,-9.31123352050781,"Unknown"
"7014851",371865,2025-06-25 18:44:28,43.3540229797363,-9.33202648162842,"Unknown"
"7014851",371865,2025-06-25 18:50:05,43.3425331115723,-9.35963535308838,"Unknown"
"7014851",371865,2025-06-25 18:54:22,43.337589263916,-9.37294387817383,"Unknown"
"7014851",371865,2025-06-25 18:59:23,43.3301391601562,-9.3968448638916,"Unknown"
"7014851",371865,2025-06-25 19:04:26,43.3250579833984,-9.41199111938477,"Unknown"
"7014851",371865,2025-06-25 19:09:23,43.317943572998,-9.43543243408203,"Unknown"
"7014851",371865,2025-06-25 19:14:24,43.3168296813965,-9.44081401824951,"Unknown"
"7014851",371865,2025-06-25 19:19:25,43.3192405700684,-9.43900871276855,"Unknown"
"7014851",371865,2025-06-25 19:24:24,43.3281440734863,-9.42425441741943,"Unknown"
"7014851",371865,2025-06-25 19:29:25,43.3296356201172,-9.42394733428955,"Unknown"
"7014851",371865,2025-06-25 19:34:27,43.3341217041016,-9.41596412658691,"Unknown"
"7014851",371865,2025-06-25 19:39:30,43.3344650268555,-9.4164342880249,"Unknown"
"7014851",371865,2025-06-25 19:44:53,43.3376388549805,-9.41058158874512,"Unknown"
"7014851",371865,2025-06-25 19:54:12,43.3418083190918,-9.40147399902344,"Unknown"
"7014851",371865,2025-06-25 19:59:11,43.3443450927734,-9.39803886413574,"Unknown"
"7014851",371865,2025-06-25 20:04:18,43.3472175598145,-9.39453220367432,"Unknown"
"7014851",371865,2025-06-25 20:09:18,43.3490104675293,-9.39114284515381,"Unknown"
"7014851",371865,2025-06-25 20:14:18,43.3493957519531,-9.39228343963623,"Unknown"
"7014851",371865,2025-06-25 20:19:24,43.3501396179199,-9.36183929443359,"Unknown"
"7014851",371865,2025-06-25 20:24:24,43.3425521850586,-9.31350994110107,"Unknown"
"7014851",371865,2025-06-25 20:29:16,43.3342208862305,-9.26615905761719,"Unknown"
"7014851",371865,2025-06-25 20:35:35,43.3238830566406,-9.20953369140625,"Unknown"
"7014851",371865,2025-06-25 20:40:35,43.3195838928223,-9.16178131103516,"Unknown"
"7014851",371865,2025-06-25 20:45:23,43.3202285766602,-9.11122035980225,"Unknown"
"7014851",371865,2025-06-25 20:49:10,43.3254737854004,-9.06936645507812,"Unknown"
"7014851",371865,2025-06-25 20:54:10,43.3332252502441,-9.0122537612915,"Unknown"
"7014851",371865,2025-06-25 20:59:10,43.3395614624023,-8.95469760894775,"Unknown"
"7014851",371865,2025-06-25 21:04:10,43.3478469848633,-8.89829540252686,"Unknown"
"7014851",371865,2025-06-25 21:09:13,43.3581886291504,-8.84542465209961,"Unknown"
"7014851",371865,2025-06-25 21:14:14,43.3575248718262,-8.84506702423096,"Unknown"
"7014851",371865,2025-06-25 21:19:13,43.3574485778809,-8.84504222869873,"Unknown"
"7014851",371865,2025-06-25 21:24:19,43.3575820922852,-8.84515285491943,"Unknown"
"7014851",371865,2025-06-25 21:29:16,43.3574752807617,-8.84494686126709,"Unknown"
"7014851",371865,2025-06-25 21:34:35,43.3575668334961,-8.8450813293457,"Unknown"
"7014851",371865,2025-06-25 21:39:14,43.3575897216797,-8.84505176544189,"Unknown"
"7014851",371865,2025-06-25 21:44:10,43.357593536377,-8.84506130218506,"Unknown"
"7014851",371865,2025-06-25 21:49:10,43.357608795166,-8.84510803222656,"Unknown"
"7014851",371865,2025-06-25 21:54:10,43.3576164245605,-8.84511756896973,"Unknown"
"7014851",371865,2025-06-25 21:59:10,43.3575897216797,-8.84511184692383,"Unknown"
"7014851",371865,2025-06-25 22:04:10,43.3575706481934,-8.84511184692383,"Unknown"
"7014851",371865,2025-06-25 22:09:10,43.3575820922852,-8.8450870513916,"Unknown"
"7014851",371865,2025-06-25 22:14:11,43.357593536377,-8.84510040283203,"Unknown"
"7014851",371865,2025-06-25 22:19:11,43.3575859069824,-8.84512901306152,"Unknown"
"7014851",371865,2025-06-25 22:24:11,43.3576774597168,-8.84512615203857,"Unknown"
"7014851",371865,2025-06-25 22:29:11,43.357608795166,-8.84506511688232,"Unknown"
"7014851",371865,2025-06-25 22:34:12,43.3576049804688,-8.84505462646484,"Unknown"
"7014851",371865,2025-06-25 22:39:12,43.3577880859375,-8.84514808654785,"Unknown"
"7014851",371865,2025-06-25 22:44:16,43.3575630187988,-8.84512996673584,"Unknown"
"7014851",371865,2025-06-25 22:49:11,43.3576011657715,-8.8452615737915,"Unknown"
"7014851",371865,2025-06-25 22:54:12,43.3576927185059,-8.84513759613037,"Unknown"
"7014851",371865,2025-06-25 22:59:11,43.3576202392578,-8.84512329101562,"Unknown"
"7014851",371865,2025-06-25 23:04:11,43.3576698303223,-8.8451566696167,"Unknown"
"7014851",371865,2025-06-25 23:09:13,43.3576622009277,-8.84507274627686,"Unknown"
"7014851",371865,2025-06-25 23:14:11,43.3576583862305,-8.84515285491943,"Unknown"
"7014851",371865,2025-06-25 23:19:18,43.3575553894043,-8.84511566162109,"Unknown"
"7014851",371865,2025-06-25 23:24:13,43.3575744628906,-8.84513568878174,"Unknown"
"7014851",371865,2025-06-25 23:29:12,43.3578643798828,-8.84514045715332,"Unknown"
"7014851",371865,2025-06-25 23:34:17,43.357593536377,-8.84512710571289,"Unknown"
"7014851",371865,2025-06-25 23:39:12,43.3575553894043,-8.84511947631836,"Unknown"
"7014851",371865,2025-06-25 23:44:15,43.357593536377,-8.84510231018066,"Unknown"
"7014851",371865,2025-06-25 23:49:15,43.357593536377,-8.84503936767578,"Unknown"
"7014851",371865,2025-06-25 23:54:13,43.3575782775879,-8.84511947631836,"Unknown"
"7014851",371865,2025-06-25 23:59:16,43.3576393127441,-8.8451509475708,"Unknown"
"7014851",371865,2025-06-26 00:04:11,43.3576011657715,-8.84519004821777,"Unknown"
"7014851",371865,2025-06-26 00:09:35,43.3576049804688,-8.8451042175293,"Unknown"
"7014851",371865,2025-06-26 00:14:10,43.3575706481934,-8.84508609771729,"Unknown"
"7014851",371865,2025-06-26 00:19:11,43.3576164245605,-8.84508895874023,"Unknown"
"7014851",371865,2025-06-26 00:24:11,43.3576393127441,-8.84500312805176,"Unknown"
"7014851",371865,2025-06-26 00:29:10,43.357666015625,-8.84502696990967,"Unknown"
"7014851",371865,2025-06-26 00:34:10,43.3575706481934,-8.84500789642334,"Unknown"
"7014851",371865,2025-06-26 00:39:11,43.3577156066895,-8.84501075744629,"Unknown"
"7014851",371865,2025-06-26 00:44:11,43.3577003479004,-8.84501171112061,"Unknown"
"7014851",371865,2025-06-26 00:49:26,43.3576202392578,-8.84498882293701,"Unknown"
"7014851",371865,2025-06-26 00:54:23,43.3576202392578,-8.84505081176758,"Unknown"
"7014851",371865,2025-06-26 00:59:13,43.3576736450195,-8.84508514404297,"Unknown"
"7014851",371865,2025-06-26 01:04:10,43.3577461242676,-8.84510135650635,"Unknown"
"7014851",371865,2025-06-26 01:09:10,43.3578643798828,-8.84515953063965,"Unknown"
"7014851",371865,2025-06-26 01:14:11,43.357837677002,-8.84521198272705,"Unknown"
"7014851",371865,2025-06-26 01:19:13,43.3578453063965,-8.84521102905273,"Unknown"
"7014851",371865,2025-06-26 01:24:35,43.3576889038086,-8.84506702423096,"Unknown"
"7014851",371865,2025-06-26 01:29:13,43.3579216003418,-8.84492111206055,"Unknown"
"7014851",371865,2025-06-26 01:34:11,43.3580131530762,-8.84499073028564,"Unknown"
"7014851",371865,2025-06-26 01:39:16,43.3576431274414,-8.8450403213501,"Unknown"
"7014851",371865,2025-06-26 01:44:11,43.3581390380859,-8.84515953063965,"Unknown"
"7014851",371865,2025-06-26 01:49:12,43.3581275939941,-8.84521961212158,"Unknown"
"7014851",371865,2025-06-26 01:54:12,43.3582038879395,-8.84531021118164,"Unknown"
"7014851",371865,2025-06-26 01:59:15,43.3576354980469,-8.84508419036865,"Unknown"
"7014851",371865,2025-06-26 02:04:35,43.3576049804688,-8.84511375427246,"Unknown"
"7014851",371865,2025-06-26 02:09:10,43.3575973510742,-8.84513759613037,"Unknown"
"7014851",371865,2025-06-26 02:14:11,43.3576736450195,-8.84516429901123,"Unknown"
"7014851",371865,2025-06-26 02:19:12,43.3576126098633,-8.84516143798828,"Unknown"
"7014851",371865,2025-06-26 02:24:10,43.3576278686523,-8.84515380859375,"Unknown"
"7014851",371865,2025-06-26 02:29:10,43.3575820922852,-8.84508895874023,"Unknown"
"7014851",371865,2025-06-26 02:34:10,43.3575592041016,-8.84507942199707,"Unknown"
"7014851",371865,2025-06-26 02:39:10,43.3576011657715,-8.84517288208008,"Unknown"
"7014851",371865,2025-06-26 02:44:10,43.357608795166,-8.84504985809326,"Unknown"
"7014851",371865,2025-06-26 02:49:11,43.3575172424316,-8.84499549865723,"Unknown"
"7014851",371865,2025-06-26 02:54:11,43.3575668334961,-8.84506225585938,"Unknown"
"7014851",371865,2025-06-26 02:59:13,43.3577003479004,-8.84517574310303,"Unknown"
"7014851",371865,2025-06-26 03:04:17,43.3576698303223,-8.84516906738281,"Unknown"
"7014851",371865,2025-06-26 03:09:14,43.3575210571289,-8.84500217437744,"Unknown"
"7014851",371865,2025-06-26 03:14:27,43.357738494873,-8.84515857696533,"Unknown"
"7014851",371865,2025-06-26 03:19:15,43.3577117919922,-8.84518337249756,"Unknown"
"7014851",371865,2025-06-26 03:24:16,43.3575897216797,-8.84507179260254,"Unknown"
"7014851",371865,2025-06-26 03:29:12,43.3575973510742,-8.84506988525391,"Unknown"
"7014851",371865,2025-06-26 03:34:22,43.3579292297363,-8.84542274475098,"Unknown"
"7014851",371865,2025-06-26 03:39:17,43.3576393127441,-8.84529399871826,"Unknown"
"7014851",371865,2025-06-26 03:44:35,43.3576583862305,-8.84509658813477,"Unknown"
"7014851",371865,2025-06-26 03:49:11,43.3576049804688,-8.84500503540039,"Unknown"
"7014851",371865,2025-06-26 03:54:11,43.357479095459,-8.84503841400146,"Unknown"
"7014851",371865,2025-06-26 03:59:11,43.3574447631836,-8.8450927734375,"Unknown"
"7014851",371865,2025-06-26 04:04:13,43.3574829101562,-8.84516620635986,"Unknown"
"7014851",371865,2025-06-26 04:09:12,43.3575477600098,-8.84509658813477,"Unknown"
"7014851",371865,2025-06-26 04:14:11,43.3576202392578,-8.84492778778076,"Unknown"
"7014851",371865,2025-06-26 04:19:15,43.3576240539551,-8.84514617919922,"Unknown"
"7014851",371865,2025-06-26 04:24:10,43.3576469421387,-8.84501457214355,"Unknown"
"7014851",371865,2025-06-26 04:29:18,43.3575782775879,-8.84503650665283,"Unknown"
"7014851",371865,2025-06-26 04:34:11,43.3575897216797,-8.84510135650635,"Unknown"
"7014851",371865,2025-06-26 04:39:15,43.357780456543,-8.84466361999512,"Unknown"
"7014851",371865,2025-06-26 04:44:17,43.357551574707,-8.84508514404297,"Unknown"
"7014851",371865,2025-06-26 04:49:13,43.3575592041016,-8.84487342834473,"Unknown"
"7014851",371865,2025-06-26 04:54:10,43.3575973510742,-8.84499835968018,"Unknown"
"7014851",371865,2025-06-26 04:59:10,43.3576316833496,-8.84509944915771,"Unknown"
"7014851",371865,2025-06-26 05:04:19,43.3574562072754,-8.8450403213501,"Unknown"
"7014851",371865,2025-06-26 05:09:15,43.3574905395508,-8.84482669830322,"Unknown"
"7014851",371865,2025-06-26 05:14:20,43.357593536377,-8.84506320953369,"Unknown"
"7014851",371865,2025-06-26 05:19:35,43.357608795166,-8.84501266479492,"Unknown"
"7014851",371865,2025-06-26 05:24:11,43.3575820922852,-8.84504413604736,"Unknown"
"7014851",371865,2025-06-26 05:29:11,43.357593536377,-8.84494972229004,"Unknown"
"7014851",371865,2025-06-26 05:34:10,43.3575782775879,-8.84494686126709,"Unknown"
"7014851",371865,2025-06-26 05:39:16,43.3577575683594,-8.84530544281006,"Unknown"
"7014851",371865,2025-06-26 05:44:13,43.3575668334961,-8.84530544281006,"Unknown"
"7014851",371865,2025-06-26 05:49:11,43.3578147888184,-8.84526824951172,"Unknown"
"7014851",371865,2025-06-26 05:54:13,43.3577499389648,-8.84520244598389,"Unknown"
"7014851",371865,2025-06-26 05:59:16,43.3576278686523,-8.84506416320801,"Unknown"
"7014851",371865,2025-06-26 06:04:13,43.3578491210938,-8.845290184021,"Unknown"
"7014851",371865,2025-06-26 06:09:16,43.3575897216797,-8.84509944915771,"Unknown"
"7014851",371865,2025-06-26 06:14:13,43.3567504882812,-8.84342479705811,"Unknown"
"7014851",371865,2025-06-26 06:19:19,43.3576622009277,-8.8451042175293,"Unknown"
"7014851",371865,2025-06-26 06:24:56,43.3576545715332,-8.84504890441895,"Unknown"
"7014851",371865,2025-06-26 06:29:16,43.3576850891113,-8.84488201141357,"Unknown"
"7014851",371865,2025-06-26 06:34:13,43.3575401306152,-8.84494113922119,"Unknown"
"7014851",371865,2025-06-26 06:39:19,43.3575401306152,-8.84507656097412,"Unknown"
"7014851",371865,2025-06-26 06:44:13,43.3576126098633,-8.84506225585938,"Unknown"
"7014851",371865,2025-06-26 06:49:19,43.3576049804688,-8.84499549865723,"Unknown"
"7014851",371865,2025-06-26 06:54:19,43.357608795166,-8.84519195556641,"Unknown"
"7014851",371865,2025-06-26 06:59:19,43.3575592041016,-8.84499645233154,"Unknown"
"7014851",371865,2025-06-26 07:04:21,43.3575057983398,-8.84501457214355,"Unknown"
"7014851",371865,2025-06-26 07:09:14,43.3574333190918,-8.84497737884521,"Unknown"
"7014851",371865,2025-06-26 07:14:13,43.357494354248,-8.84493732452393,"Unknown"
"7014851",371865,2025-06-26 07:19:19,43.3575439453125,-8.84507942199707,"Unknown"
"7014851",371865,2025-06-26 07:24:11,43.3575820922852,-8.84505844116211,"Unknown"
"7014851",371865,2025-06-26 07:29:35,43.3575706481934,-8.84509944915771,"Unknown"
"7014851",371865,2025-06-26 07:34:10,43.3577499389648,-8.84502220153809,"Unknown"
"7014851",371865,2025-06-26 07:39:10,43.3576240539551,-8.84506416320801,"Unknown"
"7014851",371865,2025-06-26 07:44:10,43.3575973510742,-8.84517288208008,"Unknown"
"7014851",371865,2025-06-26 07:49:53,43.3575820922852,-8.84508514404297,"Unknown"
"7014851",371865,2025-06-26 07:54:11,43.3576049804688,-8.84510517120361,"Unknown"
"7014851",371865,2025-06-26 07:59:12,43.357593536377,-8.84509468078613,"Unknown"
"7014851",371865,2025-06-26 08:04:12,43.3574829101562,-8.84520244598389,"Unknown"
"7014851",371865,2025-06-26 08:09:11,43.3575439453125,-8.84514904022217,"Unknown"
"7014851",371865,2025-06-26 08:14:12,43.3574180603027,-8.84524440765381,"Unknown"
"7014851",371865,2025-06-26 08:19:14,43.3574676513672,-8.84519863128662,"Unknown"
"7014851",371865,2025-06-26 08:24:18,43.3576622009277,-8.84505462646484,"Unknown"
"7014851",371865,2025-06-26 08:29:12,43.3579864501953,-8.84468936920166,"Unknown"
"7014851",371865,2025-06-26 08:34:12,43.3580551147461,-8.84467124938965,"Unknown"
"7014851",371865,2025-06-26 08:39:11,43.3576164245605,-8.84506225585938,"Unknown"
"7014851",371865,2025-06-26 08:44:12,43.3577537536621,-8.84486484527588,"Unknown"
"7014851",371865,2025-06-26 08:49:35,43.3575897216797,-8.84511852264404,"Unknown"
"7014851",371865,2025-06-26 08:54:11,43.3575973510742,-8.84509468078613,"Unknown"
"7014851",371865,2025-06-26 08:59:11,43.3576316833496,-8.84508991241455,"Unknown"
"7014851",371865,2025-06-26 09:04:44,43.3575897216797,-8.8450984954834,"Unknown"
"7014851",371865,2025-06-26 09:09:13,43.357593536377,-8.84686946868896,"Unknown"
"7014851",371865,2025-06-26 09:14:16,43.3577117919922,-8.84512138366699,"Unknown"
"7014851",371865,2025-06-26 09:19:12,43.3576583862305,-8.845139503479,"Unknown"
"7014851",371865,2025-06-26 09:24:11,43.3576354980469,-8.84510612487793,"Unknown"
"7014851",371865,2025-06-26 09:29:14,43.3576202392578,-8.84515571594238,"Unknown"
"7014851",371865,2025-06-26 09:34:12,43.3581962585449,-8.84492683410645,"Unknown"
"7014851",371865,2025-06-26 09:39:22,43.3578414916992,-8.84528827667236,"Unknown"
"7014851",371865,2025-06-26 09:44:11,43.3594284057617,-8.85621452331543,"Unknown"
"7014851",371865,2025-06-26 09:49:44,43.330493927002,-8.84519863128662,"Unknown"
"7014851",371865,2025-06-26 09:54:13,43.3145446777344,-8.85685443878174,"Unknown"
"7014851",371865,2025-06-26 09:59:12,43.3135833740234,-8.85764598846436,"Unknown"
"7014851",371865,2025-06-26 10:04:12,43.3137817382812,-8.85780620574951,"Unknown"
"7014851",371865,2025-06-26 10:09:11,43.3331642150879,-8.84570503234863,"Unknown"
"7014851",371865,2025-06-26 10:14:11,43.3573112487793,-8.84461879730225,"Unknown"
"7014851",371865,2025-06-26 10:19:13,43.3574523925781,-8.84511852264404,"Unknown"
"7014851",371865,2025-06-26 10:24:12,43.3575744628906,-8.84517383575439,"Unknown"
"7014851",371865,2025-06-26 10:29:15,43.357551574707,-8.84516048431396,"Unknown"
"7014851",371865,2025-06-26 10:34:10,43.3577041625977,-8.84542083740234,"Unknown"
"7014851",371865,2025-06-26 10:39:13,43.3576850891113,-8.84527015686035,"Unknown"
"7014851",371865,2025-06-26 10:44:11,43.3575401306152,-8.84511852264404,"Unknown"
"7014851",371865,2025-06-26 10:49:35,43.3576850891113,-8.84511852264404,"Unknown"
"7014851",371865,2025-06-26 10:54:11,43.3577346801758,-8.84507942199707,"Unknown"
"7014851",371865,2025-06-26 10:59:12,43.3577156066895,-8.8451566696167,"Unknown"
"7014851",371865,2025-06-26 11:04:42,43.3576011657715,-8.84510135650635,"Unknown"
"7014851",371865,2025-06-26 11:09:12,43.3575820922852,-8.84510326385498,"Unknown"
"7014851",371865,2025-06-26 11:14:12,43.3579902648926,-8.84529399871826,"Unknown"
"7014851",371865,2025-06-26 11:19:10,43.3574600219727,-8.84505748748779,"Unknown"
"7014851",371865,2025-06-26 11:24:19,43.3575897216797,-8.84511470794678,"Unknown"
"7014851",371865,2025-06-26 11:29:12,43.3577117919922,-8.84513378143311,"Unknown"
"7014851",371865,2025-06-26 11:34:13,43.3579902648926,-8.84539890289307,"Unknown"
"7014851",371865,2025-06-26 11:39:13,43.3579635620117,-8.845383644104,"Unknown"
"7014851",371865,2025-06-26 11:44:12,43.3577461242676,-8.84518814086914,"Unknown"
"7014851",371865,2025-06-26 11:49:16,43.3582191467285,-8.8455867767334,"Unknown"
"7014851",371865,2025-06-26 11:54:13,43.3577156066895,-8.84529685974121,"Unknown"
"7014851",371865,2025-06-26 11:59:21,43.3578987121582,-8.84535026550293,"Unknown"
"7014851",371865,2025-06-26 12:04:11,43.3575134277344,-8.84501552581787,"Unknown"
"7014851",371865,2025-06-26 12:09:11,43.3573760986328,-8.84489345550537,"Unknown"
"7014851",371865,2025-06-26 12:14:11,43.3578643798828,-8.84467792510986,"Unknown"
"7014851",371865,2025-06-26 12:19:14,43.3577270507812,-8.84528160095215,"Unknown"
"7014851",371865,2025-06-26 12:24:17,43.357421875,-8.84500503540039,"Unknown"
"7014851",371865,2025-06-26 12:29:11,43.3576164245605,-8.845046043396,"Unknown"
"7014851",371865,2025-06-26 12:34:25,43.3579216003418,-8.84492778778076,"Unknown"
"7014851",371865,2025-06-26 12:39:14,43.358226776123,-8.84502792358398,"Unknown"
"7014851",371865,2025-06-26 12:44:24,43.358024597168,-8.84496307373047,"Unknown"
"7014851",371865,2025-06-26 12:49:33,43.3576698303223,-8.84500598907471,"Unknown"
"7014851",371865,2025-06-26 12:54:15,43.3577270507812,-8.844895362854,"Unknown"
"7014851",371865,2025-06-26 12:59:22,43.3577499389648,-8.844895362854,"Unknown"
"7014851",371865,2025-06-26 13:04:14,43.3582077026367,-8.84492683410645,"Unknown"
"7014851",371865,2025-06-26 13:09:16,43.3580894470215,-8.84494400024414,"Unknown"
"7014851",371865,2025-06-26 13:14:17,43.3579330444336,-8.84497451782227,"Unknown"
"7014851",371865,2025-06-26 13:19:44,43.358154296875,-8.84491729736328,"Unknown"
"7014851",371865,2025-06-26 13:24:32,43.3575286865234,-8.84511470794678,"Unknown"
"7014851",371865,2025-06-26 13:29:11,43.3574066162109,-8.84511375427246,"Unknown"
"7014851",371865,2025-06-26 13:34:13,43.3575706481934,-8.8450870513916,"Unknown"
"7014851",371865,2025-06-26 13:39:11,43.3574028015137,-8.84508895874023,"Unknown"
"7014851",371865,2025-06-26 13:44:10,43.3575172424316,-8.84518432617188,"Unknown"
"7014851",371865,2025-06-26 13:49:13,43.357536315918,-8.84513759613037,"Unknown"
"7014851",371865,2025-06-26 13:54:11,43.3576126098633,-8.84518814086914,"Unknown"
"7014851",371865,2025-06-26 13:59:13,43.3578414916992,-8.84542083740234,"Unknown"
"7014851",371865,2025-06-26 14:04:15,43.3575019836426,-8.84519195556641,"Unknown"
"7014851",371865,2025-06-26 14:09:18,43.3574333190918,-8.84512710571289,"Unknown"
"7014851",371865,2025-06-26 14:14:24,43.3574905395508,-8.84501647949219,"Unknown"
"7014851",371865,2025-06-26 14:19:24,43.3574333190918,-8.84496402740479,"Unknown"
"7014851",371865,2025-06-26 14:24:18,43.3574752807617,-8.84494113922119,"Unknown"
"7014851",371865,2025-06-26 14:29:26,43.3574371337891,-8.84495067596436,"Unknown"
"7014851",371865,2025-06-26 14:34:21,43.3574714660645,-8.84489727020264,"Unknown"
"7014851",371865,2025-06-26 14:39:15,43.3577270507812,-8.84521865844727,"Unknown"
"7014851",371865,2025-06-26 14:44:16,43.357551574707,-8.84508419036865,"Unknown"
"7014851",371865,2025-06-26 14:49:16,43.3575134277344,-8.84512901306152,"Unknown"
"7014851",371865,2025-06-26 14:54:28,43.357608795166,-8.84481811523438,"Unknown"
"7014851",371865,2025-06-26 14:59:15,43.3575706481934,-8.84482860565186,"Unknown"
"7014851",371865,2025-06-26 15:04:11,43.3575286865234,-8.84501838684082,"Unknown"
"7014851",371865,2025-06-26 15:09:18,43.3575706481934,-8.84497261047363,"Unknown"
"7014851",371865,2025-06-26 15:14:24,43.3575744628906,-8.84492778778076,"Unknown"
"7014851",371865,2025-06-26 15:19:24,43.357551574707,-8.84493350982666,"Unknown"
"7014851",371865,2025-06-26 15:24:18,43.3575782775879,-8.8449821472168,"Unknown"
"7014851",371865,2025-06-26 15:29:18,43.3575325012207,-8.84496307373047,"Unknown"
"7014851",371865,2025-06-26 15:34:24,43.3578224182129,-8.84512233734131,"Unknown"
"7014851",371865,2025-06-26 15:39:24,43.3575019836426,-8.84517478942871,"Unknown"
"7014851",371865,2025-06-26 15:44:24,43.357666015625,-8.84508800506592,"Unknown"
"7014851",371865,2025-06-26 15:49:24,43.3575897216797,-8.84499549865723,"Unknown"
"7014851",371865,2025-06-26 15:54:35,43.3575668334961,-8.84506130218506,"Unknown"
"7014851",371865,2025-06-26 15:59:10,43.3572578430176,-8.8446044921875,"Unknown"
"7014851",371865,2025-06-26 16:04:10,43.3571395874023,-8.84438323974609,"Unknown"
"7014851",371865,2025-06-26 16:09:11,43.3571548461914,-8.8443489074707,"Unknown"
"7014851",371865,2025-06-26 16:14:18,43.3575553894043,-8.84491443634033,"Unknown"
"7014851",371865,2025-06-26 16:19:35,43.357593536377,-8.84501457214355,"Unknown"
"7014851",371865,2025-06-26 16:24:11,43.3575134277344,-8.84486961364746,"Unknown"
"7014851",371865,2025-06-26 16:29:11,43.3575973510742,-8.84504318237305,"Unknown"
"7014851",371865,2025-06-26 16:34:35,43.357608795166,-8.8450756072998,"Unknown"
"7014851",371865,2025-06-26 16:39:11,43.3576583862305,-8.84506225585938,"Unknown"
"7014851",371865,2025-06-26 16:44:10,43.3647079467773,-8.8298397064209,"Unknown"
"7014851",371865,2025-06-26 16:49:10,43.3671340942383,-8.83350086212158,"Unknown"
"7014851",371865,2025-06-26 16:54:15,43.3607444763184,-8.84421443939209,"Unknown"
"7014851",371865,2025-06-26 16:59:12,43.3576507568359,-8.84464073181152,"Unknown"
"7014851",371865,2025-06-26 17:04:11,43.357593536377,-8.84512901306152,"Unknown"
"7014851",371865,2025-06-26 17:09:15,43.3574676513672,-8.84507751464844,"Unknown"
"7014851",371865,2025-06-26 17:14:12,43.3576202392578,-8.84517669677734,"Unknown"
"7014851",371865,2025-06-26 17:19:14,43.3575859069824,-8.84518146514893,"Unknown"
"7014851",371865,2025-06-26 17:24:14,43.3575553894043,-8.84522151947021,"Unknown"
"7014851",371865,2025-06-26 17:29:15,43.3576393127441,-8.84519481658936,"Unknown"
"7014851",371865,2025-06-26 17:34:10,43.357608795166,-8.84513759613037,"Unknown"
"7014851",371865,2025-06-26 17:39:12,43.3576049804688,-8.84524250030518,"Unknown"
"7014851",371865,2025-06-26 17:44:14,43.3575668334961,-8.8451452255249,"Unknown"
"7014851",371865,2025-06-26 17:49:18,43.357593536377,-8.84505748748779,"Unknown"
"7014851",371865,2025-06-26 17:54:16,43.3575439453125,-8.84500789642334,"Unknown"
"7014851",371865,2025-06-26 17:59:10,43.3619575500488,-8.85041046142578,"Unknown"
"7014851",371865,2025-06-26 18:04:18,43.3715667724609,-8.88265991210938,"Unknown"
"7014851",371865,2025-06-26 18:09:11,43.3835182189941,-8.91533279418945,"Unknown"
"7014851",371865,2025-06-26 18:14:11,43.3782920837402,-8.94888591766357,"Unknown"
"7014851",371865,2025-06-26 18:19:11,43.3669204711914,-8.964280128479,"Unknown"
"7014851",371865,2025-06-26 18:24:11,43.3592491149902,-8.97018051147461,"Unknown"
"7014851",371865,2025-06-26 18:29:12,43.3396911621094,-8.98070621490479,"Unknown"
"7014851",371865,2025-06-26 18:34:12,43.3269348144531,-8.98896789550781,"Unknown"
"7014851",371865,2025-06-26 18:39:11,43.3273696899414,-9.01375770568848,"Unknown"
"7014851",371865,2025-06-26 18:44:12,43.3621520996094,-9.01092052459717,"Unknown"
"7014851",371865,2025-06-26 18:49:11,43.3896980285645,-9.01775169372559,"Unknown"
"7014851",371865,2025-06-26 18:54:11,43.4153060913086,-9.03058910369873,"Unknown"
"7014851",371865,2025-06-26 18:59:11,43.4368782043457,-9.04319381713867,"Unknown"
"7014851",371865,2025-06-26 19:04:12,43.45654296875,-9.06507396697998,"Unknown"
"7014851",371865,2025-06-26 19:09:16,43.471851348877,-9.09192752838135,"Unknown"
"7014851",371865,2025-06-26 19:14:15,43.4817276000977,-9.12044906616211,"Unknown"
"7014851",371865,2025-06-26 19:20:34,43.4853782653809,-9.1602668762207,"Unknown"
"7014851",371865,2025-06-26 19:24:10,43.4833450317383,-9.18228626251221,"Unknown"
"7014851",371865,2025-06-26 19:29:11,43.461009979248,-9.19017887115479,"Unknown"
"7014851",371865,2025-06-26 19:34:11,43.4402008056641,-9.20175552368164,"Unknown"
"7014851",371865,2025-06-26 19:39:15,43.4197387695312,-9.21952533721924,"Unknown"
"7014851",371865,2025-06-26 19:44:15,43.398494720459,-9.21858596801758,"Unknown"
"7014851",371865,2025-06-26 19:49:16,43.3856658935547,-9.17031955718994,"Unknown"
"7014851",371865,2025-06-26 19:54:17,43.3693542480469,-9.11858940124512,"Unknown"
"7014851",371865,2025-06-26 19:59:16,43.3564109802246,-9.06131744384766,"Unknown"
"7014851",371865,2025-06-26 20:04:12,43.3443984985352,-9.02133083343506,"Unknown"
"7014851",371865,2025-06-26 20:09:16,43.3382835388184,-8.96502494812012,"Unknown"
"7014851",371865,2025-06-26 20:14:12,43.3383598327637,-8.91277408599854,"Unknown"
"7014851",371865,2025-06-26 20:19:11,43.3480377197266,-8.87695503234863,"Unknown"
"7014851",371865,2025-06-26 20:24:11,43.3579902648926,-8.84523868560791,"Unknown"
"7014851",371865,2025-06-26 20:29:11,43.3576011657715,-8.84495735168457,"Unknown"
"7014851",371865,2025-06-26 20:34:15,43.357551574707,-8.84514045715332,"Unknown"
"7014851",371865,2025-06-26 20:39:12,43.3575172424316,-8.84496212005615,"Unknown"
"7014851",371865,2025-06-26 20:44:14,43.3575096130371,-8.84492206573486,"Unknown"
"7014851",371865,2025-06-26 20:49:14,43.3575172424316,-8.84497165679932,"Unknown"
"7014851",371865,2025-06-26 20:54:16,43.3574523925781,-8.84482860565186,"Unknown"
"7014851",371865,2025-06-26 20:59:12,43.3575019836426,-8.84489631652832,"Unknown"
"7014851",371865,2025-06-26 21:04:18,43.3574409484863,-8.84480667114258,"Unknown"
"7014851",371865,2025-06-26 21:09:15,43.3574523925781,-8.84480762481689,"Unknown"
"7014851",371865,2025-06-26 21:14:12,43.3574600219727,-8.84482002258301,"Unknown"
"7014851",371865,2025-06-26 21:19:16,43.3574371337891,-8.84475612640381,"Unknown"
"7014851",371865,2025-06-26 21:24:17,43.3574180603027,-8.84472370147705,"Unknown"
"7014851",371865,2025-06-26 21:29:12,43.3573379516602,-8.84463214874268,"Unknown"
"7014851",371865,2025-06-26 21:34:18,43.3573951721191,-8.8446683883667,"Unknown"
"7014851",371865,2025-06-26 21:39:18,43.3574333190918,-8.84464645385742,"Unknown"
"7014851",371865,2025-06-26 21:44:16,43.3573989868164,-8.84465599060059,"Unknown"
"7014851",371865,2025-06-26 21:49:11,43.3573875427246,-8.84460163116455,"Unknown"
"7014851",371865,2025-06-26 21:54:17,43.3574867248535,-8.84463977813721,"Unknown"
"7014851",371865,2025-06-26 21:59:16,43.3574523925781,-8.84456157684326,"Unknown"
"7014851",371865,2025-06-26 22:04:12,43.3574867248535,-8.8448314666748,"Unknown"
"7014851",371865,2025-06-26 22:09:12,43.357494354248,-8.84475898742676,"Unknown"
"7014851",371865,2025-06-26 22:14:13,43.3575286865234,-8.84464263916016,"Unknown"
"7014851",371865,2025-06-26 22:19:11,43.357494354248,-8.84478092193604,"Unknown"
"7014851",371865,2025-06-26 22:24:11,43.357593536377,-8.84473037719727,"Unknown"
"7014851",371865,2025-06-26 22:29:16,43.3576622009277,-8.84469985961914,"Unknown"
"7014851",371865,2025-06-26 22:34:18,43.3576774597168,-8.84476280212402,"Unknown"
"7014851",371865,2025-06-26 22:39:15,43.3578224182129,-8.84477233886719,"Unknown"
"7014851",371865,2025-06-26 22:44:22,43.3577613830566,-8.84472751617432,"Unknown"
"7014851",371865,2025-06-26 22:49:22,43.3577651977539,-8.84476184844971,"Unknown"
"7014851",371865,2025-06-26 22:54:23,43.3576889038086,-8.84476757049561,"Unknown"
"7014851",371865,2025-06-26 22:59:35,43.3575439453125,-8.84472846984863,"Unknown"
"7014851",371865,2025-06-26 23:04:12,43.3576049804688,-8.84471321105957,"Unknown"
"7014851",371865,2025-06-26 23:09:11,43.3575782775879,-8.8447093963623,"Unknown"
"7014851",371865,2025-06-26 23:14:11,43.3575706481934,-8.84472465515137,"Unknown"
"7014851",371865,2025-06-26 23:19:13,43.3576889038086,-8.84477138519287,"Unknown"
"7014851",371865,2025-06-26 23:24:15,43.3575553894043,-8.8446798324585,"Unknown"
"7014851",371865,2025-06-26 23:29:12,43.3576393127441,-8.8447093963623,"Unknown"
"7014851",371865,2025-06-26 23:34:11,43.3576622009277,-8.84474849700928,"Unknown"
"7014851",371865,2025-06-26 23:39:16,43.357593536377,-8.84484100341797,"Unknown"
"7014851",371865,2025-06-26 23:44:13,43.3576889038086,-8.84484767913818,"Unknown"
"7014851",371865,2025-06-26 23:49:14,43.3576889038086,-8.84513378143311,"Unknown"
"7014851",371865,2025-06-26 23:54:20,43.357593536377,-8.84508514404297,"Unknown"
"7014851",371865,2025-06-26 23:59:28,43.3574523925781,-8.8451509475708,"Unknown"
"7014851",371865,2025-06-27 00:04:35,43.3573722839355,-8.84519863128662,"Unknown"
"7014851",371865,2025-06-27 00:09:11,43.357307434082,-8.84541702270508,"Unknown"
"7014851",371865,2025-06-27 00:14:12,43.3575668334961,-8.84512805938721,"Unknown"
"7014851",371865,2025-06-27 00:19:10,43.3575325012207,-8.84508228302002,"Unknown"
"7014851",371865,2025-06-27 00:24:11,43.3575057983398,-8.8451099395752,"Unknown"
"7014851",371865,2025-06-27 00:29:11,43.3576316833496,-8.84501838684082,"Unknown"
"7014851",371865,2025-06-27 00:34:11,43.3576812744141,-8.84516143798828,"Unknown"
"7014851",371865,2025-06-27 00:39:11,43.3575820922852,-8.84513378143311,"Unknown"
"7014851",371865,2025-06-27 00:44:12,43.3575439453125,-8.84503841400146,"Unknown"
"7014851",371865,2025-06-27 00:49:18,43.3575630187988,-8.84508800506592,"Unknown"
"7014851",371865,2025-06-27 00:54:19,43.357608795166,-8.84509563446045,"Unknown"
"7014851",371865,2025-06-27 00:59:18,43.3575325012207,-8.8450288772583,"Unknown"
"7014851",371865,2025-06-27 01:04:21,43.3575286865234,-8.84511947631836,"Unknown"
"7014851",371865,2025-06-27 01:09:11,43.3578758239746,-8.84510898590088,"Unknown"
"7014851",371865,2025-06-27 01:14:22,43.3578796386719,-8.84501934051514,"Unknown"
"7014851",371865,2025-06-27 01:19:35,43.3576049804688,-8.84516429901123,"Unknown"
"7014851",371865,2025-06-27 01:24:10,43.3577003479004,-8.84503650665283,"Unknown"
"7014851",371865,2025-06-27 01:29:10,43.357608795166,-8.84508419036865,"Unknown"
"7014851",371865,2025-06-27 01:34:10,43.3576202392578,-8.84516334533691,"Unknown"
"7014851",371865,2025-06-27 01:39:11,43.3575553894043,-8.84509468078613,"Unknown"
"7014851",371865,2025-06-27 01:44:10,43.3576164245605,-8.84511852264404,"Unknown"
"7014851",371865,2025-06-27 01:49:11,43.3575744628906,-8.8451976776123,"Unknown"
"7014851",371865,2025-06-27 01:54:10,43.3575820922852,-8.84517383575439,"Unknown"
"7014851",371865,2025-06-27 01:59:12,43.3576011657715,-8.8450984954834,"Unknown"
"7014851",371865,2025-06-27 02:04:10,43.3576278686523,-8.84517478942871,"Unknown"
"7014851",371865,2025-06-27 02:09:14,43.3576011657715,-8.84521579742432,"Unknown"
"7014851",371865,2025-06-27 02:14:10,43.357608795166,-8.84508609771729,"Unknown"
"7014851",371865,2025-06-27 02:19:11,43.3575973510742,-8.84518623352051,"Unknown"
"7014851",371865,2025-06-27 02:24:11,43.3575973510742,-8.84508228302002,"Unknown"
"7014851",371865,2025-06-27 02:29:10,43.3576126098633,-8.84502124786377,"Unknown"
"7014851",371865,2025-06-27 02:34:11,43.3575820922852,-8.84508609771729,"Unknown"
"7014851",371865,2025-06-27 02:39:13,43.3576354980469,-8.84508514404297,"Unknown"
"7014851",371865,2025-06-27 02:44:12,43.3575401306152,-8.84506130218506,"Unknown"
"7014851",371865,2025-06-27 02:49:14,43.357666015625,-8.8450403213501,"Unknown"
"7014851",371865,2025-06-27 02:54:11,43.3575401306152,-8.84505367279053,"Unknown"
"7014851",371865,2025-06-27 02:59:17,43.3576583862305,-8.84504795074463,"Unknown"
"7014851",371865,2025-06-27 03:04:14,43.357723236084,-8.84517478942871,"Unknown"
"7014851",371865,2025-06-27 03:09:14,43.357723236084,-8.84503173828125,"Unknown"
"7014851",371865,2025-06-27 03:14:13,43.3577003479004,-8.84511566162109,"Unknown"
"7014851",371865,2025-06-27 03:19:35,43.3575706481934,-8.84506225585938,"Unknown"
"7014851",371865,2025-06-27 03:24:12,43.3576622009277,-8.84519672393799,"Unknown"
"7014851",371865,2025-06-27 03:29:10,43.3575019836426,-8.84502983093262,"Unknown"
"7014851",371865,2025-06-27 03:34:11,43.3576240539551,-8.84506416320801,"Unknown"
"7014851",371865,2025-06-27 03:39:10,43.357536315918,-8.84503650665283,"Unknown"
"7014851",371865,2025-06-27 03:44:10,43.3561515808105,-8.85085010528564,"Unknown"
"7014851",371865,2025-06-27 03:49:14,43.3575248718262,-8.84503078460693,"Unknown"
"7014851",371865,2025-06-27 03:54:09,43.357551574707,-8.84510803222656,"Unknown"
"7014851",371865,2025-06-27 03:59:11,43.3575286865234,-8.84515380859375,"Unknown"
"7014851",371865,2025-06-27 04:04:10,43.3575668334961,-8.84497261047363,"Unknown"
"7014851",371865,2025-06-27 04:09:09,43.3576011657715,-8.84499454498291,"Unknown"
"7014851",371865,2025-06-27 04:14:11,43.3576736450195,-8.84490203857422,"Unknown"
"7014851",371865,2025-06-27 04:19:15,43.3575668334961,-8.84499835968018,"Unknown"
"7014851",371865,2025-06-27 04:24:10,43.3554878234863,-8.85959911346436,"Unknown"
"7014851",371865,2025-06-27 04:29:10,43.3510589599609,-8.8744945526123,"Unknown"
"7014851",371865,2025-06-27 04:34:10,43.346809387207,-8.8757209777832,"Unknown"
"7014851",371865,2025-06-27 04:39:10,43.3537483215332,-8.87640285491943,"Unknown"
"7014851",371865,2025-06-27 04:44:10,43.3527793884277,-8.87472152709961,"Unknown"
"7014851",371865,2025-06-27 04:49:09,43.3564910888672,-8.87766742706299,"Unknown"
"7014851",371865,2025-06-27 04:54:10,43.3557434082031,-8.87745666503906,"Unknown"
"7014851",371865,2025-06-27 04:59:09,43.3563842773438,-8.87923526763916,"Unknown"
"7014851",371865,2025-06-27 05:04:10,43.3562240600586,-8.88099002838135,"Unknown"
"7014851",371865,2025-06-27 05:09:09,43.3542327880859,-8.88179016113281,"Unknown"
"7014851",371865,2025-06-27 05:14:10,43.3525924682617,-8.88005638122559,"Unknown"
"7014851",371865,2025-06-27 05:19:10,43.3557395935059,-8.87512016296387,"Unknown"
"7014851",371865,2025-06-27 05:24:10,43.3450736999512,-8.88029670715332,"Unknown"
"7014851",371865,2025-06-27 05:29:11,43.3446502685547,-8.88033866882324,"Unknown"
"7014851",371865,2025-06-27 05:34:10,43.3449287414551,-8.87952136993408,"Unknown"
"7014851",371865,2025-06-27 05:39:10,43.351734161377,-8.87892723083496,"Unknown"
"7014851",371865,2025-06-27 05:44:11,43.3525238037109,-8.87905120849609,"Unknown"
"7014851",371865,2025-06-27 05:49:10,43.3521156311035,-8.87963199615479,"Unknown"
"7014851",371865,2025-06-27 05:54:11,43.3517036437988,-8.8790864944458,"Unknown"
"7014851",371865,2025-06-27 05:59:10,43.3533172607422,-8.87638473510742,"Unknown"
"7014851",371865,2025-06-27 06:04:12,43.3533706665039,-8.87932300567627,"Unknown"
"7014851",371865,2025-06-27 06:09:10,43.3590469360352,-8.87969398498535,"Unknown"
"7014851",371865,2025-06-27 06:14:10,43.3533477783203,-8.8716516494751,"Unknown"
"7014851",371865,2025-06-27 06:19:10,43.3534355163574,-8.87303924560547,"Unknown"
"7014851",371865,2025-06-27 06:24:11,43.3572273254395,-8.85501575469971,"Unknown"
"7014851",371865,2025-06-27 06:29:13,43.3573989868164,-8.85575675964355,"Unknown"
"7014851",371865,2025-06-27 06:34:18,43.3577270507812,-8.84656524658203,"Unknown"
"7014851",371865,2025-06-27 06:39:15,43.3576126098633,-8.84553718566895,"Unknown"
"7014851",371865,2025-06-27 06:44:16,43.3576278686523,-8.84553050994873,"Unknown"
"7014851",371865,2025-06-27 06:49:11,43.3578987121582,-8.84547233581543,"Unknown"
"7014851",371865,2025-06-27 06:54:12,43.3578071594238,-8.84545993804932,"Unknown"
"7014851",371865,2025-06-27 06:59:11,43.3578186035156,-8.84546566009521,"Unknown"
"7014851",371865,2025-06-27 07:04:15,43.3576469421387,-8.84550666809082,"Unknown"
"7014851",371865,2025-06-27 07:09:10,43.357349395752,-8.84555053710938,"Unknown"
"7014851",371865,2025-06-27 07:14:13,43.3572883605957,-8.8453540802002,"Unknown"
"7014851",371865,2025-06-27 07:19:12,43.357006072998,-8.84593772888184,"Unknown"
"7014851",371865,2025-06-27 07:24:12,43.3572807312012,-8.84569454193115,"Unknown"
"7014851",371865,2025-06-27 07:29:11,43.3572883605957,-8.84560489654541,"Unknown"
"7014851",371865,2025-06-27 07:34:11,43.357307434082,-8.84553527832031,"Unknown"
"7014851",371865,2025-06-27 07:39:11,43.3572616577148,-8.84561347961426,"Unknown"
"7014851",371865,2025-06-27 07:44:12,43.3573722839355,-8.84542560577393,"Unknown"
"7014851",371865,2025-06-27 07:49:16,43.3573226928711,-8.84556293487549,"Unknown"
"7014851",371865,2025-06-27 07:54:12,43.3573951721191,-8.84498500823975,"Unknown"
"7014851",371865,2025-06-27 07:59:13,43.3573760986328,-8.84516906738281,"Unknown"
"7014851",371865,2025-06-27 08:04:17,43.3574523925781,-8.84517669677734,"Unknown"
"7014851",371865,2025-06-27 08:09:11,43.3574829101562,-8.84524726867676,"Unknown"
"7014851",371865,2025-06-27 08:14:13,43.3574485778809,-8.84503173828125,"Unknown"
"7014851",371865,2025-06-27 08:19:13,43.3574409484863,-8.84515380859375,"Unknown"
"7014851",371865,2025-06-27 08:24:11,43.3574104309082,-8.84519863128662,"Unknown"
"7014851",371865,2025-06-27 08:29:15,43.3574981689453,-8.84509658813477,"Unknown"
"7014851",371865,2025-06-27 08:34:11,43.3575592041016,-8.84504699707031,"Unknown"
"7014851",371865,2025-06-27 08:39:11,43.3575096130371,-8.84500026702881,"Unknown"
"7014851",371865,2025-06-27 08:44:13,43.3575439453125,-8.84505558013916,"Unknown"
"7014851",371865,2025-06-27 08:49:11,43.3575439453125,-8.84498596191406,"Unknown"
"7014851",371865,2025-06-27 08:54:12,43.3573837280273,-8.84498691558838,"Unknown"
"7014851",371865,2025-06-27 08:59:12,43.3572196960449,-8.84486675262451,"Unknown"
"7014851",371865,2025-06-27 09:04:33,43.3574600219727,-8.84493732452393,"Unknown"
"7014851",371865,2025-06-27 09:09:09,43.3575973510742,-8.84517860412598,"Unknown"
"7014851",371865,2025-06-27 09:14:10,43.357593536377,-8.845139503479,"Unknown"
"7014851",371865,2025-06-27 09:19:12,43.3575782775879,-8.84511661529541,"Unknown"
"7014851",371865,2025-06-27 09:24:10,43.357795715332,-8.84780883789062,"Unknown"
"7014851",371865,2025-06-27 09:29:15,43.3575706481934,-8.84509086608887,"Unknown"
"7014851",371865,2025-06-27 09:34:11,43.357421875,-8.8452672958374,"Unknown"
"7014851",371865,2025-06-27 09:39:11,43.357120513916,-8.84583854675293,"Unknown"
"7014851",371865,2025-06-27 09:44:11,43.3572463989258,-8.84530639648438,"Unknown"
"7014851",371865,2025-06-27 09:49:11,43.3573379516602,-8.84495544433594,"Unknown"
"7014851",371865,2025-06-27 09:54:10,43.3574409484863,-8.84504318237305,"Unknown"
"7014851",371865,2025-06-27 09:59:10,43.3573875427246,-8.8450345993042,"Unknown"
"7014851",371865,2025-06-27 10:04:10,43.3576316833496,-8.84483909606934,"Unknown"
"7014851",371865,2025-06-27 10:09:12,43.3573951721191,-8.84486675262451,"Unknown"
"7014851",371865,2025-06-27 10:14:12,43.3574447631836,-8.84503841400146,"Unknown"
"7014851",371865,2025-06-27 10:19:11,43.3574981689453,-8.84487056732178,"Unknown"
"7014851",371865,2025-06-27 10:24:12,43.357494354248,-8.84485912322998,"Unknown"
"7014851",371865,2025-06-27 10:29:11,43.3576278686523,-8.84453105926514,"Unknown"
"7014851",371865,2025-06-27 10:34:12,43.3576011657715,-8.84454154968262,"Unknown"
"7014851",371865,2025-06-27 10:39:11,43.3576507568359,-8.84459972381592,"Unknown"
"7014851",371865,2025-06-27 10:44:11,43.3576583862305,-8.84443664550781,"Unknown"
"7014851",371865,2025-06-27 10:49:11,43.3579025268555,-8.84415912628174,"Unknown"
"7014851",371865,2025-06-27 10:54:11,43.3578872680664,-8.84429359436035,"Unknown"
"7014851",371865,2025-06-27 10:59:15,43.357593536377,-8.84481430053711,"Unknown"
"7014851",371865,2025-06-27 11:04:11,43.3576431274414,-8.84459209442139,"Unknown"
"7014851",371865,2025-06-27 11:09:11,43.3576164245605,-8.84463691711426,"Unknown"
"7014851",371865,2025-06-27 11:14:11,43.3578567504883,-8.84462833404541,"Unknown"
"7014851",371865,2025-06-27 11:19:11,43.3576126098633,-8.84475708007812,"Unknown"
"7014851",371865,2025-06-27 11:24:11,43.3575820922852,-8.84487724304199,"Unknown"
"7014851",371865,2025-06-27 11:29:12,43.357593536377,-8.8445520401001,"Unknown"
"7014851",371865,2025-06-27 11:34:25,43.357738494873,-8.84474086761475,"Unknown"
"7014851",371865,2025-06-27 11:39:13,43.357723236084,-8.84497737884521,"Unknown"
"7014851",371865,2025-06-27 11:44:11,43.3575820922852,-8.84497261047363,"Unknown"
"7014851",371865,2025-06-27 11:49:10,43.3576164245605,-8.84496879577637,"Unknown"
"7014851",371865,2025-06-27 11:54:10,43.3577537536621,-8.84497165679932,"Unknown"
"7014851",371865,2025-06-27 11:59:10,43.3578948974609,-8.84499549865723,"Unknown"
"7014851",371865,2025-06-27 12:04:10,43.357780456543,-8.84493064880371,"Unknown"
"7014851",371865,2025-06-27 12:09:10,43.357723236084,-8.84507179260254,"Unknown"
"7014851",371865,2025-06-27 12:14:11,43.357837677002,-8.84500408172607,"Unknown"
"7014851",371865,2025-06-27 12:19:18,43.3577575683594,-8.84502410888672,"Unknown"
"7014851",371865,2025-06-27 12:24:11,43.3578758239746,-8.84500312805176,"Unknown"
"7014851",371865,2025-06-27 12:29:12,43.3577537536621,-8.84500885009766,"Unknown"
"7014851",371865,2025-06-27 12:34:10,43.3578109741211,-8.84498310089111,"Unknown"
"7014851",371865,2025-06-27 12:39:10,43.3578071594238,-8.84504699707031,"Unknown"
"7014851",371865,2025-06-27 12:44:10,43.3578071594238,-8.845139503479,"Unknown"
"7014851",371865,2025-06-27 12:49:11,43.3578720092773,-8.84508800506592,"Unknown"
"7014851",371865,2025-06-27 12:54:10,43.3578224182129,-8.84509086608887,"Unknown"
"7014851",371865,2025-06-27 12:59:10,43.3578834533691,-8.84509181976318,"Unknown"
"7014851",371865,2025-06-27 13:04:10,43.3579025268555,-8.84504795074463,"Unknown"
"7014851",371865,2025-06-27 13:09:10,43.3578567504883,-8.84510326385498,"Unknown"
"7014851",371865,2025-06-27 13:14:11,43.3578758239746,-8.8451452255249,"Unknown"
"7014851",371865,2025-06-27 13:19:10,43.3578224182129,-8.84514427185059,"Unknown"
"7014851",371865,2025-06-27 13:24:10,43.3578414916992,-8.84513664245605,"Unknown"
"7014851",371865,2025-06-27 13:29:10,43.3578071594238,-8.84512233734131,"Unknown"
"7014851",371865,2025-06-27 13:34:11,43.3577156066895,-8.84511184692383,"Unknown"
"7014851",371865,2025-06-27 13:39:10,43.3577041625977,-8.84520053863525,"Unknown"
"7014851",371865,2025-06-27 13:44:13,43.357795715332,-8.8449821472168,"Unknown"
"7014851",371865,2025-06-27 13:49:11,43.3576393127441,-8.8451976776123,"Unknown"
"7014851",371865,2025-06-27 13:54:10,43.3579483032227,-8.84506034851074,"Unknown"
"7014851",371865,2025-06-27 13:59:11,43.3578643798828,-8.84515380859375,"Unknown"
"7014851",371865,2025-06-27 14:04:11,43.3578414916992,-8.84532833099365,"Unknown"
"7014851",371865,2025-06-27 14:09:11,43.3578300476074,-8.84516429901123,"Unknown"
"7014851",371865,2025-06-27 14:14:12,43.3578796386719,-8.84514904022217,"Unknown"
"7014851",371865,2025-06-27 14:19:11,43.3578453063965,-8.84527492523193,"Unknown"
"7014851",371865,2025-06-27 14:24:11,43.3578147888184,-8.8451681137085,"Unknown"
"7014851",371865,2025-06-27 14:29:11,43.3575859069824,-8.84514617919922,"Unknown"
"7014851",371865,2025-06-27 14:34:11,43.3577995300293,-8.84527111053467,"Unknown"
"7014851",371865,2025-06-27 14:39:11,43.3577461242676,-8.84524726867676,"Unknown"
"7014851",371865,2025-06-27 14:44:11,43.3577728271484,-8.84530925750732,"Unknown"
"7014851",371865,2025-06-27 14:49:10,43.3578262329102,-8.84532260894775,"Unknown"
"7014851",371865,2025-06-27 14:54:11,43.3577995300293,-8.84527397155762,"Unknown"
"7014851",371865,2025-06-27 14:59:11,43.3577690124512,-8.8452672958374,"Unknown"
"7014851",371865,2025-06-27 15:04:11,43.3576965332031,-8.84520053863525,"Unknown"
"7014851",371865,2025-06-27 15:09:11,43.3580513000488,-8.84548091888428,"Unknown"
"7014851",371865,2025-06-27 15:14:11,43.3578186035156,-8.8454761505127,"Unknown"
"7014851",371865,2025-06-27 15:19:11,43.35693359375,-8.84461975097656,"Unknown"
"7014851",371865,2025-06-27 15:24:11,43.3576049804688,-8.84513473510742,"Unknown"
"7014851",371865,2025-06-27 15:29:11,43.3578071594238,-8.84544563293457,"Unknown"
"7014851",371865,2025-06-27 15:34:11,43.3577651977539,-8.84544658660889,"Unknown"
"7014851",371865,2025-06-27 15:39:10,43.3573570251465,-8.84397602081299,"Unknown"
"7014851",371865,2025-06-27 15:44:11,43.35302734375,-8.8535737991333,"Unknown"
"7014851",371865,2025-06-27 15:49:10,43.3595962524414,-8.89885807037354,"Unknown"
"7014851",371865,2025-06-27 15:54:11,43.3387145996094,-8.91816329956055,"Unknown"
"7014851",371865,2025-06-27 15:59:11,43.3570976257324,-8.94227886199951,"Unknown"
"7014851",371865,2025-06-27 16:04:10,43.3750267028809,-8.97340869903564,"Unknown"
"7014851",371865,2025-06-27 16:09:10,43.3919792175293,-9.0078182220459,"Unknown"
"7014851",371865,2025-06-27 16:14:10,43.4083023071289,-9.0265998840332,"Unknown"
"7014851",371865,2025-06-27 16:19:11,43.4046058654785,-9.02640342712402,"Unknown"
"7014851",371865,2025-06-27 16:24:10,43.3991050720215,-9.02811050415039,"Unknown"
"7014851",371865,2025-06-27 16:29:11,43.389461517334,-9.02826690673828,"Unknown"
"7014851",371865,2025-06-27 16:34:15,43.3891334533691,-9.02840805053711,"Unknown"
"7014851",371865,2025-06-27 16:39:13,43.3885231018066,-9.02867698669434,"Unknown"
"7014851",371865,2025-06-27 16:44:10,43.3797760009766,-9.02740955352783,"Unknown"
"7014851",371865,2025-06-27 16:49:12,43.3612823486328,-8.99709987640381,"Unknown"
"7014851",371865,2025-06-27 16:54:11,43.3504791259766,-8.95785331726074,"Unknown"
"7014851",371865,2025-06-27 16:59:11,43.3507499694824,-8.92287063598633,"Unknown"
"7014851",371865,2025-06-27 17:04:11,43.353816986084,-8.89156246185303,"Unknown"
"7014851",371865,2025-06-27 17:09:10,43.3589401245117,-8.85946369171143,"Unknown"
"7014851",371865,2025-06-27 17:14:11,43.3578300476074,-8.84520435333252,"Unknown"
"7014851",371865,2025-06-27 17:19:11,43.3579025268555,-8.84524917602539,"Unknown"
"7014851",371865,2025-06-27 17:24:11,43.3579406738281,-8.84534549713135,"Unknown"
"7014851",371865,2025-06-27 17:29:11,43.3580169677734,-8.84541034698486,"Unknown"
"7014851",371865,2025-06-27 17:34:10,43.3579406738281,-8.84525489807129,"Unknown"
"7014851",371865,2025-06-27 17:39:11,43.35791015625,-8.84527206420898,"Unknown"
"7014851",371865,2025-06-27 17:44:11,43.3579330444336,-8.84519290924072,"Unknown"
"7014851",371865,2025-06-27 17:49:11,43.3577613830566,-8.84509944915771,"Unknown"
"7014851",371865,2025-06-27 17:54:12,43.3581390380859,-8.84555053710938,"Unknown"
"7014851",371865,2025-06-27 17:59:12,43.3582801818848,-8.84565162658691,"Unknown"
"7014851",371865,2025-06-27 18:04:12,43.3581466674805,-8.84558200836182,"Unknown"
"7014851",371865,2025-06-27 18:09:12,43.3584518432617,-8.84539222717285,"Unknown"
"7014851",371865,2025-06-27 18:14:12,43.3580207824707,-8.84517669677734,"Unknown"
"7014851",371865,2025-06-27 18:19:12,43.3579597473145,-8.84537982940674,"Unknown"
"7014851",371865,2025-06-27 18:24:14,43.3580322265625,-8.84526348114014,"Unknown"
"7014851",371865,2025-06-27 18:29:11,43.3579521179199,-8.84525108337402,"Unknown"
"7014851",371865,2025-06-27 18:34:11,43.3579254150391,-8.84557342529297,"Unknown"
"7014851",371865,2025-06-27 18:39:13,43.3578453063965,-8.84518718719482,"Unknown"
"7014851",371865,2025-06-27 18:44:11,43.3581504821777,-8.84497833251953,"Unknown"
"7014851",371865,2025-06-27 18:49:14,43.3581352233887,-8.84500885009766,"Unknown"
"7014851",371865,2025-06-27 18:54:10,43.3581886291504,-8.84491443634033,"Unknown"
"7014851",371865,2025-06-27 18:59:13,43.3579750061035,-8.84504413604736,"Unknown"
"7014851",371865,2025-06-27 19:04:12,43.357982635498,-8.84503555297852,"Unknown"
"7014851",371865,2025-06-27 19:09:11,43.3576698303223,-8.8450288772583,"Unknown"
"7014851",371865,2025-06-27 19:14:11,43.3577041625977,-8.84511852264404,"Unknown"
"7014851",371865,2025-06-27 19:19:11,43.3578834533691,-8.84509372711182,"Unknown"
"7014851",371865,2025-06-27 19:24:10,43.3574638366699,-8.84508895874023,"Unknown"
"7014851",371865,2025-06-27 19:29:14,43.3579406738281,-8.84487438201904,"Unknown"
"7014851",371865,2025-06-27 19:34:10,43.3573265075684,-8.8445348739624,"Unknown"
"7014851",371865,2025-06-27 19:39:19,43.3574905395508,-8.84527492523193,"Unknown"
"7014851",371865,2025-06-27 19:44:10,43.3574104309082,-8.8436975479126,"Unknown"
"7014851",371865,2025-06-27 19:49:11,43.3576202392578,-8.84498023986816,"Unknown"
"7014851",371865,2025-06-27 19:54:11,43.3579940795898,-8.84489059448242,"Unknown"
"7014851",371865,2025-06-27 19:59:11,43.3572006225586,-8.84521579742432,"Unknown"
"7014851",371865,2025-06-27 20:04:11,43.3571319580078,-8.84532165527344,"Unknown"
"7014851",371865,2025-06-27 20:09:11,43.3572082519531,-8.84496307373047,"Unknown"
"7014851",371865,2025-06-27 20:14:10,43.3572654724121,-8.84514331817627,"Unknown"
"7014851",371865,2025-06-27 20:19:10,43.3572959899902,-8.84509086608887,"Unknown"
"7014851",371865,2025-06-27 20:24:10,43.357292175293,-8.84508037567139,"Unknown"
"7014851",371865,2025-06-27 20:29:11,43.3572235107422,-8.84519004821777,"Unknown"
"7014851",371865,2025-06-27 20:34:10,43.3573379516602,-8.84486961364746,"Unknown"
"7014851",371865,2025-06-27 20:39:10,43.3572387695312,-8.84511089324951,"Unknown"
"7014851",371865,2025-06-27 20:44:11,43.3574867248535,-8.84464931488037,"Unknown"
"7014851",371865,2025-06-27 20:49:10,43.3510208129883,-8.85646057128906,"Unknown"
"7014851",371865,2025-06-27 20:54:11,43.3525390625,-8.86244678497314,"Unknown"
"7014851",371865,2025-06-27 20:59:12,43.3591613769531,-8.84574604034424,"Unknown"
"7014851",371865,2025-06-27 21:04:11,43.3575096130371,-8.8446102142334,"Unknown"
"7014851",371865,2025-06-27 21:09:12,43.3573265075684,-8.84484195709229,"Unknown"
"7014851",371865,2025-06-27 21:14:11,43.3574142456055,-8.84451675415039,"Unknown"
"7014851",371865,2025-06-27 21:19:11,43.3578643798828,-8.84476470947266,"Unknown"
"7014851",371865,2025-06-27 21:24:13,43.3579063415527,-8.84518909454346,"Unknown"
"7014851",371865,2025-06-27 21:29:11,43.3578987121582,-8.8451042175293,"Unknown"
"7014851",371865,2025-06-27 21:34:11,43.3579063415527,-8.84518051147461,"Unknown"
"7014851",371865,2025-06-27 21:39:11,43.3579559326172,-8.84489440917969,"Unknown"
"7014851",371865,2025-06-27 21:44:11,43.3580131530762,-8.84508800506592,"Unknown"
"7014851",371865,2025-06-27 21:49:13,43.3578720092773,-8.84511566162109,"Unknown"
"7014851",371865,2025-06-27 21:54:11,43.3579788208008,-8.84505176544189,"Unknown"
"7014851",371865,2025-06-27 21:59:11,43.3578643798828,-8.84508895874023,"Unknown"
"7014851",371865,2025-06-27 22:04:11,43.3577613830566,-8.84507656097412,"Unknown"
"7014851",371865,2025-06-27 22:09:09,43.3577270507812,-8.8450927734375,"Unknown"
"7014851",371865,2025-06-27 22:14:09,43.3576736450195,-8.84511089324951,"Unknown"
"7014851",371865,2025-06-27 22:19:10,43.3576736450195,-8.84508228302002,"Unknown"
"7014851",371865,2025-06-27 22:24:10,43.3575668334961,-8.84510135650635,"Unknown"
"7014851",371865,2025-06-27 22:29:10,43.3575668334961,-8.84507083892822,"Unknown"
"7014851",371865,2025-06-27 22:34:10,43.3576164245605,-8.84507942199707,"Unknown"
"7014851",371865,2025-06-27 22:39:10,43.3576049804688,-8.84507179260254,"Unknown"
"7014851",371865,2025-06-27 22:44:10,43.3574981689453,-8.84503650665283,"Unknown"
"7014851",371865,2025-06-27 22:49:09,43.3576469421387,-8.84499073028564,"Unknown"
"7014851",371865,2025-06-27 22:54:10,43.3576316833496,-8.844970703125,"Unknown"
"7014851",371865,2025-06-27 22:59:09,43.3576164245605,-8.84506511688232,"Unknown"
"7014851",371865,2025-06-27 23:04:09,43.3576202392578,-8.84498977661133,"Unknown"
"7014851",371865,2025-06-27 23:09:09,43.3576202392578,-8.84503173828125,"Unknown"
"7014851",371865,2025-06-27 23:14:09,43.357608795166,-8.84507751464844,"Unknown"
"7014851",371865,2025-06-27 23:19:09,43.3575859069824,-8.84506893157959,"Unknown"
"7014851",371865,2025-06-27 23:24:10,43.357479095459,-8.84515953063965,"Unknown"
"7014851",371865,2025-06-27 23:29:10,43.357479095459,-8.84510517120361,"Unknown"
"7014851",371865,2025-06-27 23:34:10,43.3575859069824,-8.84504795074463,"Unknown"
"7014851",371865,2025-06-27 23:39:11,43.3576240539551,-8.84500408172607,"Unknown"
"7014851",371865,2025-06-27 23:44:10,43.3575134277344,-8.84503364562988,"Unknown"
"7014851",371865,2025-06-27 23:49:11,43.3575325012207,-8.84501838684082,"Unknown"
"7014851",371865,2025-06-27 23:54:09,43.357536315918,-8.84505367279053,"Unknown"
"7014851",371865,2025-06-27 23:59:09,43.3575286865234,-8.84506702423096,"Unknown"
"7014851",371865,2025-06-28 00:04:10,43.357551574707,-8.84506607055664,"Unknown"
"7014851",371865,2025-06-28 00:09:09,43.3574333190918,-8.84514904022217,"Unknown"
"7014851",371865,2025-06-28 00:14:09,43.3576202392578,-8.84507846832275,"Unknown"
"7014851",371865,2025-06-28 00:19:10,43.3576736450195,-8.8450927734375,"Unknown"
"7014851",371865,2025-06-28 00:24:11,43.3576278686523,-8.84515857696533,"Unknown"
"7014851",371865,2025-06-28 00:29:11,43.3576278686523,-8.84520435333252,"Unknown"
"7014851",371865,2025-06-28 00:34:12,43.3577575683594,-8.84517574310303,"Unknown"
"7014851",371865,2025-06-28 00:39:11,43.3577575683594,-8.84520530700684,"Unknown"
"7014851",371865,2025-06-28 00:44:11,43.3579177856445,-8.84520435333252,"Unknown"
"7014851",371865,2025-06-28 00:49:10,43.35791015625,-8.84522247314453,"Unknown"
"7014851",371865,2025-06-28 00:54:11,43.3579635620117,-8.84519195556641,"Unknown"
"7014851",371865,2025-06-28 00:59:11,43.3579292297363,-8.84517478942871,"Unknown"
"7014851",371865,2025-06-28 01:04:11,43.3579254150391,-8.84519290924072,"Unknown"
"7014851",371865,2025-06-28 01:09:10,43.3579521179199,-8.84517955780029,"Unknown"
"7014851",371865,2025-06-28 01:14:11,43.3579406738281,-8.84517192840576,"Unknown"
"7014851",371865,2025-06-28 01:19:11,43.3582038879395,-8.8444995880127,"Unknown"
"7014851",371865,2025-06-28 01:24:12,43.3581619262695,-8.8445873260498,"Unknown"
"7014851",371865,2025-06-28 01:29:12,43.3581504821777,-8.84462928771973,"Unknown"
"7014851",371865,2025-06-28 01:34:10,43.3582992553711,-8.84421634674072,"Unknown"
"7014851",371865,2025-06-28 01:39:10,43.3582382202148,-8.84432983398438,"Unknown"
"7014851",371865,2025-06-28 01:44:10,43.358268737793,-8.84430599212646,"Unknown"
"7014851",371865,2025-06-28 01:49:11,43.3583641052246,-8.84404945373535,"Unknown"
"7014851",371865,2025-06-28 01:54:12,43.3581771850586,-8.84448337554932,"Unknown"
"7014851",371865,2025-06-28 01:59:11,43.3582305908203,-8.84446334838867,"Unknown"
"7014851",371865,2025-06-28 02:04:11,43.3582725524902,-8.84432411193848,"Unknown"
"7014851",371865,2025-06-28 02:09:11,43.3581771850586,-8.84446907043457,"Unknown"
"7014851",371865,2025-06-28 02:14:10,43.3581962585449,-8.84441375732422,"Unknown"
"7014851",371865,2025-06-28 02:19:18,43.3580856323242,-8.84512996673584,"Unknown"
"7014851",371865,2025-06-28 02:24:16,43.3579444885254,-8.84513282775879,"Unknown"
"7014851",371865,2025-06-28 02:29:11,43.3581008911133,-8.84480667114258,"Unknown"
"7014851",371865,2025-06-28 02:34:35,43.3577308654785,-8.84499740600586,"Unknown"
"7014851",371865,2025-06-28 02:39:10,43.3578147888184,-8.845046043396,"Unknown"
"7014851",371865,2025-06-28 02:44:09,43.3578720092773,-8.84517765045166,"Unknown"
"7014851",371865,2025-06-28 02:49:09,43.3579788208008,-8.84504127502441,"Unknown"
"7014851",371865,2025-06-28 02:54:10,43.3577156066895,-8.84506893157959,"Unknown"
"7014851",371865,2025-06-28 02:59:09,43.3580627441406,-8.84496116638184,"Unknown"
"7014851",371865,2025-06-28 03:04:09,43.3579559326172,-8.84516525268555,"Unknown"
"7014851",371865,2025-06-28 03:09:09,43.3580665588379,-8.84495449066162,"Unknown"
"7014851",371865,2025-06-28 03:14:09,43.3579177856445,-8.8451042175293,"Unknown"
"7014851",371865,2025-06-28 03:19:09,43.3579559326172,-8.84521198272705,"Unknown"
"7014851",371865,2025-06-28 03:24:09,43.3580055236816,-8.84517765045166,"Unknown"
"7014851",371865,2025-06-28 03:29:09,43.3580055236816,-8.84515857696533,"Unknown"
"7014851",371865,2025-06-28 03:34:15,43.3578147888184,-8.84518718719482,"Unknown"
"7014851",371865,2025-06-28 03:39:13,43.357795715332,-8.8449182510376,"Unknown"
"7014851",371865,2025-06-28 03:44:12,43.3579063415527,-8.84494876861572,"Unknown"
"7014851",371865,2025-06-28 03:49:17,43.357536315918,-8.8452730178833,"Unknown"
"7014851",371865,2025-06-28 03:54:09,43.3576965332031,-8.84533214569092,"Unknown"
"7014851",371865,2025-06-28 03:59:12,43.3576927185059,-8.84528636932373,"Unknown"
"7014851",371865,2025-06-28 04:04:14,43.3574676513672,-8.84494400024414,"Unknown"
"7014851",371865,2025-06-28 04:09:09,43.357738494873,-8.84525108337402,"Unknown"
"7014851",371865,2025-06-28 04:14:11,43.3578147888184,-8.84535026550293,"Unknown"
"7014851",371865,2025-06-28 04:19:09,43.3577308654785,-8.84529113769531,"Unknown"
"7014851",371865,2025-06-28 04:24:09,43.3577575683594,-8.84519386291504,"Unknown"
"7014851",371865,2025-06-28 04:29:12,43.3578300476074,-8.84520244598389,"Unknown"
"7014851",371865,2025-06-28 04:34:09,43.3579063415527,-8.84509563446045,"Unknown"
"7014851",371865,2025-06-28 04:39:10,43.3573875427246,-8.85799694061279,"Unknown"
"7014851",371865,2025-06-28 04:44:10,43.3554534912109,-8.86581993103027,"Unknown"
"7014851",371865,2025-06-28 04:49:10,43.3555374145508,-8.86712074279785,"Unknown"
"7014851",371865,2025-06-28 04:54:10,43.3566665649414,-8.87051486968994,"Unknown"
"7014851",371865,2025-06-28 04:59:10,43.3573226928711,-8.85834121704102,"Unknown"
"7014851",371865,2025-06-28 05:05:32,43.357666015625,-8.84614849090576,"Unknown"
"7014851",371865,2025-06-28 05:09:10,43.3577079772949,-8.84504222869873,"Unknown"
"7014851",371865,2025-06-28 05:14:10,43.3576278686523,-8.84524822235107,"Unknown"
"7014851",371865,2025-06-28 05:19:18,43.357608795166,-8.84498023986816,"Unknown"
"7014851",371865,2025-06-28 05:24:13,43.357551574707,-8.8449764251709,"Unknown"
"7014851",371865,2025-06-28 05:29:09,43.3576316833496,-8.84479904174805,"Unknown"
"7014851",371865,2025-06-28 05:34:10,43.3576889038086,-8.84501457214355,"Unknown"
"7014851",371865,2025-06-28 05:39:09,43.3575897216797,-8.84488964080811,"Unknown"
"7014851",371865,2025-06-28 05:44:10,43.3576049804688,-8.84518909454346,"Unknown"
"7014851",371865,2025-06-28 05:49:11,43.3575630187988,-8.84495067596436,"Unknown"
"7014851",371865,2025-06-28 05:54:15,43.3575172424316,-8.84498977661133,"Unknown"
"7014851",371865,2025-06-28 05:59:11,43.357608795166,-8.84479522705078,"Unknown"
"7014851",371865,2025-06-28 06:04:09,43.3573455810547,-8.84403038024902,"Unknown"
"7014851",371865,2025-06-28 06:09:10,43.3575744628906,-8.84483242034912,"Unknown"
"7014851",371865,2025-06-28 06:14:08,43.3579444885254,-8.84437274932861,"Unknown"
"7014851",371865,2025-06-28 06:19:12,43.357666015625,-8.84463787078857,"Unknown"
"7014851",371865,2025-06-28 06:24:09,43.3574714660645,-8.8437967300415,"Unknown"
"7014851",371865,2025-06-28 06:29:10,43.3580284118652,-8.84485149383545,"Unknown"
"7014851",371865,2025-06-28 06:34:10,43.3580894470215,-8.84504413604736,"Unknown"
"7014851",371865,2025-06-28 06:39:10,43.3582000732422,-8.84503746032715,"Unknown"
"7014851",371865,2025-06-28 06:44:13,43.3583374023438,-8.84536075592041,"Unknown"
"7014851",371865,2025-06-28 06:49:11,43.3577156066895,-8.84442520141602,"Unknown"
"7014851",371865,2025-06-28 06:54:11,43.3576927185059,-8.84474086761475,"Unknown"
"7014851",371865,2025-06-28 06:59:12,43.3577270507812,-8.844407081604,"Unknown"
"7014851",371865,2025-06-28 07:04:11,43.3571891784668,-8.84566402435303,"Unknown"
"7014851",371865,2025-06-28 07:09:10,43.3578605651855,-8.84465026855469,"Unknown"
"7014851",371865,2025-06-28 07:14:11,43.3577728271484,-8.84475994110107,"Unknown"
"7014851",371865,2025-06-28 07:19:11,43.357982635498,-8.84435749053955,"Unknown"
"7014851",371865,2025-06-28 07:25:05,43.3576507568359,-8.84565448760986,"Unknown"
"7014851",371865,2025-06-28 07:29:09,43.3577079772949,-8.84558486938477,"Unknown"
"7014851",371865,2025-06-28 07:34:09,43.3575706481934,-8.84515380859375,"Unknown"
"7014851",371865,2025-06-28 07:39:09,43.3576011657715,-8.84507656097412,"Unknown"
"7014851",371865,2025-06-28 07:44:09,43.3576049804688,-8.84497356414795,"Unknown"
"7014851",371865,2025-06-28 07:49:10,43.3576698303223,-8.8451099395752,"Unknown"
"7014851",371865,2025-06-28 07:54:09,43.357494354248,-8.84501266479492,"Unknown"
"7014851",371865,2025-06-28 07:59:10,43.3575439453125,-8.84511089324951,"Unknown"
"7014851",371865,2025-06-28 08:04:09,43.3576622009277,-8.844895362854,"Unknown"
"7014851",371865,2025-06-28 08:09:09,43.3577728271484,-8.84489345550537,"Unknown"
"7014851",371865,2025-06-28 08:14:09,43.3576126098633,-8.84477043151855,"Unknown"
"7014851",371865,2025-06-28 08:19:09,43.3576622009277,-8.84471130371094,"Unknown"
"7014851",371865,2025-06-28 08:24:10,43.3575859069824,-8.84468460083008,"Unknown"
"7014851",371865,2025-06-28 08:29:09,43.3576278686523,-8.84471797943115,"Unknown"
"7014851",371865,2025-06-28 08:34:09,43.3576316833496,-8.84467697143555,"Unknown"
"7014851",371865,2025-06-28 08:39:09,43.3575820922852,-8.84469985961914,"Unknown"
"7014851",371865,2025-06-28 08:44:09,43.3575706481934,-8.84472274780273,"Unknown"
"7014851",371865,2025-06-28 08:49:09,43.3575668334961,-8.84470272064209,"Unknown"
"7014851",371865,2025-06-28 08:54:09,43.3576240539551,-8.844651222229,"Unknown"
"7014851",371865,2025-06-28 08:59:09,43.3576850891113,-8.84474658966064,"Unknown"
"7014851",371865,2025-06-28 09:04:17,43.3567962646484,-8.84445571899414,"Unknown"
"7014851",371865,2025-06-28 09:09:10,43.3576622009277,-8.84462642669678,"Unknown"
"7014851",371865,2025-06-28 09:14:10,43.3576927185059,-8.84454727172852,"Unknown"
"7014851",371865,2025-06-28 09:19:09,43.3577690124512,-8.84463214874268,"Unknown"
"7014851",371865,2025-06-28 09:24:10,43.3579063415527,-8.84471702575684,"Unknown"
"7014851",371865,2025-06-28 09:29:11,43.3577423095703,-8.84458065032959,"Unknown"
"7014851",371865,2025-06-28 09:34:15,43.3579711914062,-8.84514904022217,"Unknown"
"7014851",371865,2025-06-28 09:39:09,43.3579597473145,-8.84505939483643,"Unknown"
"7014851",371865,2025-06-28 09:44:09,43.3579063415527,-8.84476757049561,"Unknown"
"7014851",371865,2025-06-28 09:49:14,43.3580055236816,-8.84511184692383,"Unknown"
"7014851",371865,2025-06-28 09:54:09,43.3579711914062,-8.84521484375,"Unknown"
"7014851",371865,2025-06-28 09:59:22,43.3565711975098,-8.84556198120117,"Unknown"
"7014851",371865,2025-06-28 10:04:19,43.3579521179199,-8.84516620635986,"Unknown"
"7014851",371865,2025-06-28 10:09:19,43.3577003479004,-8.84530258178711,"Unknown"
"7014851",371865,2025-06-28 10:14:19,43.357982635498,-8.84517097473145,"Unknown"
"7014851",371865,2025-06-28 10:19:19,43.357723236084,-8.84532165527344,"Unknown"
"7014851",371865,2025-06-28 10:24:16,43.3579254150391,-8.84518527984619,"Unknown"
"7014851",371865,2025-06-28 10:29:19,43.3579444885254,-8.84522533416748,"Unknown"
"7014851",371865,2025-06-28 10:34:19,43.3578338623047,-8.84524726867676,"Unknown"
"7014851",371865,2025-06-28 10:39:18,43.3579368591309,-8.84516048431396,"Unknown"
"7014851",371865,2025-06-28 10:44:19,43.3579635620117,-8.84517192840576,"Unknown"
"7014851",371865,2025-06-28 10:49:19,43.3579406738281,-8.84505271911621,"Unknown"
"7014851",371865,2025-06-28 10:54:11,43.3579139709473,-8.84534931182861,"Unknown"
"7014851",371865,2025-06-28 10:59:22,43.3579483032227,-8.8451566696167,"Unknown"
"7014851",371865,2025-06-28 11:04:32,43.3576927185059,-8.84510803222656,"Unknown"
"7014851",371865,2025-06-28 11:09:08,43.3575782775879,-8.84531784057617,"Unknown"
"7014851",371865,2025-06-28 11:14:09,43.3576202392578,-8.84514236450195,"Unknown"
"7014851",371865,2025-06-28 11:19:08,43.3576583862305,-8.84516048431396,"Unknown"
"7014851",371865,2025-06-28 11:24:09,43.3576278686523,-8.84515476226807,"Unknown"
"7014851",371865,2025-06-28 11:29:09,43.3576431274414,-8.84516143798828,"Unknown"
"7014851",371865,2025-06-28 11:34:09,43.3576393127441,-8.84514808654785,"Unknown"
"7014851",371865,2025-06-28 11:39:09,43.3576698303223,-8.84509181976318,"Unknown"
"7014851",371865,2025-06-28 11:44:08,43.3576927185059,-8.84506416320801,"Unknown"
"7014851",371865,2025-06-28 11:49:09,43.3577690124512,-8.84523296356201,"Unknown"
"7014851",371865,2025-06-28 11:54:11,43.3575706481934,-8.84535026550293,"Unknown"
"7014851",371865,2025-06-28 11:59:16,43.3575401306152,-8.84537982940674,"Unknown"
"7014851",371865,2025-06-28 12:04:11,43.3578071594238,-8.84504795074463,"Unknown"
"7014851",371865,2025-06-28 12:09:10,43.357780456543,-8.84506988525391,"Unknown"
"7014851",371865,2025-06-28 12:14:09,43.3576202392578,-8.8450231552124,"Unknown"
"7014851",371865,2025-06-28 12:19:09,43.3576774597168,-8.84507751464844,"Unknown"
"7014851",371865,2025-06-28 12:24:10,43.3578758239746,-8.84505748748779,"Unknown"
"7014851",371865,2025-06-28 12:29:09,43.3578605651855,-8.84497261047363,"Unknown"
"7014851",371865,2025-06-28 12:34:12,43.3583297729492,-8.84487533569336,"Unknown"
"7014851",371865,2025-06-28 12:39:34,43.3604545593262,-8.84656715393066,"Unknown"
"7014851",371865,2025-06-28 12:44:09,43.3726844787598,-8.8539514541626,"Unknown"
"7014851",371865,2025-06-28 12:49:09,43.3736343383789,-8.85895347595215,"Unknown"
"7014851",371865,2025-06-28 12:54:09,43.3698310852051,-8.854905128479,"Unknown"
"7014851",371865,2025-06-28 12:59:09,43.3694305419922,-8.85037612915039,"Unknown"
"7014851",371865,2025-06-28 13:04:10,43.3694534301758,-8.85036277770996,"Unknown"
"7014851",371865,2025-06-28 13:09:10,43.369255065918,-8.83746814727783,"Unknown"
"7014851",371865,2025-06-28 13:14:12,43.3694496154785,-8.83137607574463,"Unknown"
"7014851",371865,2025-06-28 13:19:10,43.3675575256348,-8.82909679412842,"Unknown"
"7014851",371865,2025-06-28 13:24:11,43.3577194213867,-8.84518909454346,"Unknown"
"7014851",371865,2025-06-28 13:29:12,43.3576507568359,-8.84517765045166,"Unknown"
"7014851",371865,2025-06-28 13:34:12,43.3577079772949,-8.84517192840576,"Unknown"
"7014851",371865,2025-06-28 13:39:10,43.3576316833496,-8.84491157531738,"Unknown"
"7014851",371865,2025-06-28 13:44:10,43.3575782775879,-8.84504413604736,"Unknown"
"7014851",371865,2025-06-28 13:49:10,43.357608795166,-8.84509468078613,"Unknown"
"7014851",371865,2025-06-28 13:54:10,43.3579292297363,-8.84562587738037,"Unknown"
"7014851",371865,2025-06-28 13:59:10,43.3575668334961,-8.84513759613037,"Unknown"
"7014851",371865,2025-06-28 14:04:18,43.3575897216797,-8.84512233734131,"Unknown"
"7014851",371865,2025-06-28 14:09:12,43.3576545715332,-8.84519195556641,"Unknown"
"7014851",371865,2025-06-28 14:14:11,43.3575820922852,-8.84508323669434,"Unknown"
"7014851",371865,2025-06-28 14:19:11,43.3576202392578,-8.845139503479,"Unknown"
"7014851",371865,2025-06-28 14:24:13,43.3578071594238,-8.84521675109863,"Unknown"
"7014851",371865,2025-06-28 14:29:10,43.3574752807617,-8.84492588043213,"Unknown"
"7014851",371865,2025-06-28 14:34:09,43.3577690124512,-8.84519100189209,"Unknown"
"7014851",371865,2025-06-28 14:39:09,43.3577613830566,-8.84521484375,"Unknown"
"7014851",371865,2025-06-28 14:44:12,43.3575782775879,-8.84505367279053,"Unknown"
"7014851",371865,2025-06-28 14:49:10,43.3575897216797,-8.84502792358398,"Unknown"
"7014851",371865,2025-06-28 14:54:13,43.3579864501953,-8.84543704986572,"Unknown"
"7014851",371865,2025-06-28 14:59:24,43.3580207824707,-8.84539699554443,"Unknown"
"7014851",371865,2025-06-28 15:04:15,43.3574981689453,-8.84536457061768,"Unknown"
"7014851",371865,2025-06-28 15:09:13,43.3579254150391,-8.84542465209961,"Unknown"
"7014851",371865,2025-06-28 15:14:13,43.3578948974609,-8.84529972076416,"Unknown"
"7014851",371865,2025-06-28 15:19:12,43.3578414916992,-8.84533596038818,"Unknown"
"7014851",371865,2025-06-28 15:24:12,43.3577995300293,-8.84529685974121,"Unknown"
"7014851",371865,2025-06-28 15:29:16,43.3578300476074,-8.8452844619751,"Unknown"
"7014851",371865,2025-06-28 15:34:31,43.3584213256836,-8.84657859802246,"Unknown"
"7014851",371865,2025-06-28 15:39:20,43.3522911071777,-8.85161972045898,"Unknown"
"7014851",371865,2025-06-28 15:44:20,43.3309135437012,-8.85505390167236,"Unknown"
"7014851",371865,2025-06-28 15:49:13,43.3155250549316,-8.86080837249756,"Unknown"
"7014851",371865,2025-06-28 15:54:16,43.313777923584,-8.85746955871582,"Unknown"
"7014851",371865,2025-06-28 15:59:20,43.3141326904297,-8.85771751403809,"Unknown"
"7014851",371865,2025-06-28 16:04:21,43.314754486084,-8.85795593261719,"Unknown"
"7014851",371865,2025-06-28 16:09:16,43.3174095153809,-8.86443996429443,"Unknown"
"7014851",371865,2025-06-28 16:14:22,43.3158493041992,-8.86145305633545,"Unknown"
"7014851",371865,2025-06-28 16:19:44,43.3268585205078,-8.84840869903564,"Unknown"
"7014851",371865,2025-06-28 16:24:19,43.329833984375,-8.84724617004395,"Unknown"
"7014851",371865,2025-06-28 16:29:11,43.3513870239258,-8.84617328643799,"Unknown"
"7014851",371865,2025-06-28 16:34:18,43.3593559265137,-8.85389423370361,"Unknown"
"7014851",371865,2025-06-28 16:39:16,43.3579788208008,-8.84491729736328,"Unknown"
"7014851",371865,2025-06-28 16:44:22,43.358081817627,-8.84490871429443,"Unknown"
"7014851",371865,2025-06-28 16:49:35,43.3575592041016,-8.84500503540039,"Unknown"
"7014851",371865,2025-06-28 16:54:17,43.3577041625977,-8.84493637084961,"Unknown"
"7014851",371865,2025-06-28 16:59:17,43.3576354980469,-8.845046043396,"Unknown"
"7014851",371865,2025-06-28 17:04:18,43.3576545715332,-8.84510612487793,"Unknown"
"7014851",371865,2025-06-28 17:09:09,43.367805480957,-8.84123992919922,"Unknown"
"7014851",371865,2025-06-28 17:14:16,43.3598670959473,-8.84766960144043,"Unknown"
"7014851",371865,2025-06-28 17:19:18,43.357837677002,-8.84523963928223,"Unknown"
"7014851",371865,2025-06-28 17:24:30,43.3580932617188,-8.84540367126465,"Unknown"
"7014851",371865,2025-06-28 17:29:18,43.3581047058105,-8.84545230865479,"Unknown"
"7014851",371865,2025-06-28 17:34:31,43.3577766418457,-8.84523582458496,"Unknown"
"7014851",371865,2025-06-28 17:39:10,43.3579902648926,-8.84502792358398,"Unknown"
"7014851",371865,2025-06-28 17:44:09,43.3581161499023,-8.84514808654785,"Unknown"
"7014851",371865,2025-06-28 17:49:18,43.357593536377,-8.84512996673584,"Unknown"
"7014851",371865,2025-06-28 17:54:10,43.3576011657715,-8.84511947631836,"Unknown"
"7014851",371865,2025-06-28 17:59:09,43.3618202209473,-8.8362398147583,"Unknown"
"7014851",371865,2025-06-28 18:04:09,43.3595085144043,-8.81932830810547,"Unknown"
"7014851",371865,2025-06-28 18:09:09,43.3439178466797,-8.82515239715576,"Unknown"
"7014851",371865,2025-06-28 18:14:10,43.3455123901367,-8.83002376556396,"Unknown"
"7014851",371865,2025-06-28 18:19:09,43.351863861084,-8.83849143981934,"Unknown"
"7014851",371865,2025-06-28 18:24:12,43.3574371337891,-8.84466743469238,"Unknown"
"7014851",371865,2025-06-28 18:29:12,43.3579025268555,-8.84551906585693,"Unknown"
"7014851",371865,2025-06-28 18:34:18,43.3576889038086,-8.84514141082764,"Unknown"
"7014851",371865,2025-06-28 18:39:17,43.357666015625,-8.84507656097412,"Unknown"
"7014851",371865,2025-06-28 18:44:12,43.3575439453125,-8.84501457214355,"Unknown"
"7014851",371865,2025-06-28 18:49:13,43.3576507568359,-8.8451681137085,"Unknown"
"7014851",371865,2025-06-28 18:54:09,43.3576164245605,-8.84498119354248,"Unknown"
"7014851",371865,2025-06-28 18:59:12,43.3575973510742,-8.84499263763428,"Unknown"
"7014851",371865,2025-06-28 19:04:20,43.3577461242676,-8.8452615737915,"Unknown"
"7014851",371865,2025-06-28 19:09:16,43.3577117919922,-8.84520530700684,"Unknown"
"7014851",371865,2025-06-28 19:14:15,43.357780456543,-8.84522247314453,"Unknown"
"7014851",371865,2025-06-28 19:19:17,43.3577613830566,-8.84529495239258,"Unknown"
"7014851",371865,2025-06-28 19:24:17,43.3577880859375,-8.84511280059814,"Unknown"
"7014851",371865,2025-06-28 19:29:35,43.3576278686523,-8.84503269195557,"Unknown"
"7014851",371865,2025-06-28 19:34:09,43.3576164245605,-8.84505653381348,"Unknown"
"7014851",371865,2025-06-28 19:39:09,43.3577690124512,-8.84470081329346,"Unknown"
"7014851",371865,2025-06-28 19:44:09,43.3576278686523,-8.84500408172607,"Unknown"
"7014851",371865,2025-06-28 19:49:10,43.357738494873,-8.84504127502441,"Unknown"
"7014851",371865,2025-06-28 19:54:08,43.360481262207,-8.843430519104,"Unknown"
"7014851",371865,2025-06-28 19:59:08,43.3566551208496,-8.88234996795654,"Unknown"
"7014851",371865,2025-06-28 20:04:09,43.3627319335938,-8.86308670043945,"Unknown"
"7014851",371865,2025-06-28 20:09:08,43.3585968017578,-8.84667587280273,"Unknown"
"7014851",371865,2025-06-28 20:14:10,43.3576278686523,-8.84508514404297,"Unknown"
"7014851",371865,2025-06-28 20:19:09,43.3577613830566,-8.84525394439697,"Unknown"
"7014851",371865,2025-06-28 20:24:10,43.3576736450195,-8.84509181976318,"Unknown"
"7014851",371865,2025-06-28 20:29:09,43.3577156066895,-8.84513187408447,"Unknown"
"7014851",371865,2025-06-28 20:34:09,43.3576583862305,-8.84497928619385,"Unknown"
"7014851",371865,2025-06-28 20:39:10,43.3576278686523,-8.84495258331299,"Unknown"
"7014851",371865,2025-06-28 20:44:09,43.3576583862305,-8.84498310089111,"Unknown"
"7014851",371865,2025-06-28 20:49:10,43.357608795166,-8.84501838684082,"Unknown"
"7014851",371865,2025-06-28 20:54:10,43.3575706481934,-8.84505939483643,"Unknown"
"7014851",371865,2025-06-28 20:59:10,43.357666015625,-8.84501552581787,"Unknown"
"7014851",371865,2025-06-28 21:04:09,43.3576622009277,-8.84493732452393,"Unknown"
"7014851",371865,2025-06-28 21:09:09,43.3575248718262,-8.84496784210205,"Unknown"
"7014851",371865,2025-06-28 21:14:09,43.3576583862305,-8.84496212005615,"Unknown"
"7014851",371865,2025-06-28 21:19:09,43.3576393127441,-8.84492015838623,"Unknown"
"7014851",371865,2025-06-28 21:24:10,43.3576393127441,-8.84488677978516,"Unknown"
"7014851",371865,2025-06-28 21:29:16,43.3576354980469,-8.84512901306152,"Unknown"
"7014851",371865,2025-06-28 21:34:12,43.3578300476074,-8.84513473510742,"Unknown"
"7014851",371865,2025-06-28 21:39:17,43.3575820922852,-8.8450288772583,"Unknown"
"7014851",371865,2025-06-28 21:44:13,43.3576011657715,-8.84495544433594,"Unknown"
"7014851",371865,2025-06-28 21:49:13,43.3575744628906,-8.84504127502441,"Unknown"
"7014851",371865,2025-06-28 21:54:15,43.3575553894043,-8.84505367279053,"Unknown"
"7014851",371865,2025-06-28 21:59:13,43.3575592041016,-8.84505748748779,"Unknown"
"7014851",371865,2025-06-28 22:04:11,43.3575630187988,-8.84507751464844,"Unknown"
"7014851",371865,2025-06-28 22:09:16,43.3576393127441,-8.84511470794678,"Unknown"
"7014851",371865,2025-06-28 22:14:12,43.3575782775879,-8.8448371887207,"Unknown"
"7014851",371865,2025-06-28 22:19:21,43.3576393127441,-8.84492683410645,"Unknown"
"7014851",371865,2025-06-28 22:24:16,43.3576736450195,-8.84492301940918,"Unknown"
"7014851",371865,2025-06-28 22:29:34,43.3575973510742,-8.84511661529541,"Unknown"
"7014851",371865,2025-06-28 22:34:08,43.3575820922852,-8.84512042999268,"Unknown"
"7014851",371865,2025-06-28 22:39:08,43.3577079772949,-8.8450927734375,"Unknown"
"7014851",371865,2025-06-28 22:44:08,43.3576583862305,-8.84511852264404,"Unknown"
"7014851",371865,2025-06-28 22:49:09,43.357593536377,-8.84511661529541,"Unknown"
"7014851",371865,2025-06-28 22:54:09,43.3576240539551,-8.84512615203857,"Unknown"
"7014851",371865,2025-06-28 22:59:09,43.357608795166,-8.84511852264404,"Unknown"
"7014851",371865,2025-06-28 23:04:08,43.3576812744141,-8.84511280059814,"Unknown"
"7014851",371865,2025-06-28 23:09:09,43.3575782775879,-8.84509563446045,"Unknown"
"7014851",371865,2025-06-28 23:14:09,43.357608795166,-8.84513378143311,"Unknown"
"7014851",371865,2025-06-28 23:19:09,43.357551574707,-8.84513473510742,"Unknown"
"7014851",371865,2025-06-28 23:24:09,43.3576583862305,-8.84514331817627,"Unknown"
"7014851",371865,2025-06-28 23:29:09,43.3575668334961,-8.84512233734131,"Unknown"
"7014851",371865,2025-06-28 23:34:09,43.3576202392578,-8.84508323669434,"Unknown"
"7014851",371865,2025-06-28 23:39:10,43.3575592041016,-8.84514427185059,"Unknown"
"7014851",371865,2025-06-28 23:44:18,43.3578224182129,-8.84515857696533,"Unknown"
"7014851",371865,2025-06-28 23:49:09,43.3576126098633,-8.84517288208008,"Unknown"
"7014851",371865,2025-06-28 23:54:15,43.3577651977539,-8.84535980224609,"Unknown"
"7014851",371865,2025-06-28 23:59:15,43.3577461242676,-8.84531879425049,"Unknown"
"7014851",371865,2025-06-29 00:04:10,43.357250213623,-8.84513568878174,"Unknown"
"7014851",371865,2025-06-29 00:09:15,43.3575744628906,-8.84493446350098,"Unknown"
"7014851",371865,2025-06-29 00:14:13,43.3577880859375,-8.84490394592285,"Unknown"
"7014851",371865,2025-06-29 00:19:12,43.3573570251465,-8.8449010848999,"Unknown"
"7014851",371865,2025-06-29 00:24:26,43.3566703796387,-8.84537315368652,"Unknown"
"7014851",371865,2025-06-29 00:29:10,43.3575859069824,-8.8450288772583,"Unknown"
"7014851",371865,2025-06-29 00:34:11,43.3575325012207,-8.84509372711182,"Unknown"
"7014851",371865,2025-06-29 00:39:35,43.357593536377,-8.84513664245605,"Unknown"
"7014851",371865,2025-06-29 00:44:08,43.3575782775879,-8.8449878692627,"Unknown"
"7014851",371865,2025-06-29 00:49:09,43.3576202392578,-8.84505176544189,"Unknown"
"7014851",371865,2025-06-29 00:54:08,43.3576698303223,-8.8450927734375,"Unknown"
"7014851",371865,2025-06-29 00:59:09,43.3576278686523,-8.84504890441895,"Unknown"
"7014851",371865,2025-06-29 01:04:08,43.3576622009277,-8.84514427185059,"Unknown"
"7014851",371865,2025-06-29 01:09:11,43.3576545715332,-8.84503650665283,"Unknown"
"7014851",371865,2025-06-29 01:14:08,43.3576622009277,-8.84503555297852,"Unknown"
"7014851",371865,2025-06-29 01:19:09,43.3576927185059,-8.84499263763428,"Unknown"
"7014851",371865,2025-06-29 01:24:09,43.3576393127441,-8.84504699707031,"Unknown"
"7014851",371865,2025-06-29 01:29:08,43.3576393127441,-8.84511470794678,"Unknown"
"7014851",371865,2025-06-29 01:34:08,43.3576545715332,-8.84507179260254,"Unknown"
"7014851",371865,2025-06-29 01:39:09,43.3576507568359,-8.84509563446045,"Unknown"
"7014851",371865,2025-06-29 01:44:08,43.3576354980469,-8.84507465362549,"Unknown"
"7014851",371865,2025-06-29 01:49:08,43.3576126098633,-8.84503555297852,"Unknown"
"7014851",371865,2025-06-29 01:54:09,43.3577270507812,-8.84513092041016,"Unknown"
"7014851",371865,2025-06-29 01:59:09,43.3577003479004,-8.84518051147461,"Unknown"
"7014851",371865,2025-06-29 02:04:09,43.3576164245605,-8.84506893157959,"Unknown"
"7014851",371865,2025-06-29 02:09:08,43.3576469421387,-8.84513282775879,"Unknown"
"7014851",371865,2025-06-29 02:14:09,43.3576698303223,-8.8451509475708,"Unknown"
"7014851",371865,2025-06-29 02:19:09,43.3577079772949,-8.84516525268555,"Unknown"
"7014851",371865,2025-06-29 02:24:09,43.3576698303223,-8.84518814086914,"Unknown"
"7014851",371865,2025-06-29 02:29:09,43.3576545715332,-8.84514999389648,"Unknown"
"7014851",371865,2025-06-29 02:34:09,43.357723236084,-8.84522724151611,"Unknown"
"7014851",371865,2025-06-29 02:39:09,43.3577690124512,-8.84527111053467,"Unknown"
"7014851",371865,2025-06-29 02:44:11,43.357666015625,-8.84525203704834,"Unknown"
"7014851",371865,2025-06-29 02:49:10,43.3577003479004,-8.84522533416748,"Unknown"
"7014851",371865,2025-06-29 02:54:09,43.3578758239746,-8.84541797637939,"Unknown"
"7014851",371865,2025-06-29 02:59:09,43.3578300476074,-8.84534931182861,"Unknown"
"7014851",371865,2025-06-29 03:04:10,43.3578491210938,-8.84529399871826,"Unknown"
"7014851",371865,2025-06-29 03:09:10,43.3578414916992,-8.84525775909424,"Unknown"
"7014851",371865,2025-06-29 03:14:09,43.3578224182129,-8.8453311920166,"Unknown"
"7014851",371865,2025-06-29 03:19:11,43.3576240539551,-8.84510326385498,"Unknown"
"7014851",371865,2025-06-29 03:24:17,43.3577308654785,-8.8452091217041,"Unknown"
"7014851",371865,2025-06-29 03:29:19,43.3577079772949,-8.84516906738281,"Unknown"
"7014851",371865,2025-06-29 03:34:12,43.3577346801758,-8.84530735015869,"Unknown"
"7014851",371865,2025-06-29 03:39:11,43.3577346801758,-8.84529876708984,"Unknown"
"7014851",371865,2025-06-29 03:44:09,43.3521537780762,-8.86176776885986,"Unknown"
"7014851",371865,2025-06-29 03:49:10,43.3510589599609,-8.86244487762451,"Unknown"
"7014851",371865,2025-06-29 03:54:09,43.3489532470703,-8.8666353225708,"Unknown"
"7014851",371865,2025-06-29 03:59:09,43.3487777709961,-8.88210010528564,"Unknown"
"7014851",371865,2025-06-29 04:04:09,43.3380279541016,-8.88684368133545,"Unknown"
"7014851",371865,2025-06-29 04:09:09,43.3381805419922,-8.88797283172607,"Unknown"
"7014851",371865,2025-06-29 04:14:10,43.3385276794434,-8.88910865783691,"Unknown"
"7014851",371865,2025-06-29 04:19:10,43.3383750915527,-8.8904504776001,"Unknown"
"7014851",371865,2025-06-29 04:24:10,43.3563652038574,-8.88473033905029,"Unknown"
"7014851",371865,2025-06-29 04:29:09,43.3408737182617,-8.89340209960938,"Unknown"
"7014851",371865,2025-06-29 04:34:09,43.3330879211426,-8.904296875,"Unknown"
"7014851",371865,2025-06-29 04:39:10,43.3331756591797,-8.90545463562012,"Unknown"
"7014851",371865,2025-06-29 04:44:09,43.3332405090332,-8.90623188018799,"Unknown"
"7014851",371865,2025-06-29 04:49:09,43.3335456848145,-8.90715885162354,"Unknown"
"7014851",371865,2025-06-29 04:54:11,43.3332862854004,-8.90746593475342,"Unknown"
"7014851",371865,2025-06-29 04:59:19,43.3359985351562,-8.88522338867188,"Unknown"
"7014851",371865,2025-06-29 05:04:08,43.349250793457,-8.85606098175049,"Unknown"
"7014851",371865,2025-06-29 05:09:13,43.3572769165039,-8.84488391876221,"Unknown"
"7014851",371865,2025-06-29 05:14:10,43.3573684692383,-8.84489345550537,"Unknown"
"7014851",371865,2025-06-29 05:19:10,43.357364654541,-8.84473991394043,"Unknown"
"7014851",371865,2025-06-29 05:24:10,43.3574752807617,-8.84490203857422,"Unknown"
"7014851",371865,2025-06-29 05:29:10,43.3531799316406,-8.83868789672852,"Unknown"
"7014851",371865,2025-06-29 05:34:11,43.3529472351074,-8.83883953094482,"Unknown"
"7014851",371865,2025-06-29 05:39:16,43.3578681945801,-8.84511756896973,"Unknown"
"7014851",371865,2025-06-29 05:44:11,43.3523941040039,-8.83948040008545,"Unknown"
"7014851",371865,2025-06-29 05:49:13,43.3530006408691,-8.83819770812988,"Unknown"
"7014851",371865,2025-06-29 05:54:15,43.3441162109375,-8.84152030944824,"Unknown"
"7014851",371865,2025-06-29 05:59:13,43.3526306152344,-8.83869552612305,"Unknown"
"7014851",371865,2025-06-29 06:04:13,43.3525619506836,-8.83887481689453,"Unknown"
"7014851",371865,2025-06-29 06:09:10,43.3577537536621,-8.84518051147461,"Unknown"
"7014851",371865,2025-06-29 06:14:18,43.3578834533691,-8.84524345397949,"Unknown"
"7014851",371865,2025-06-29 06:19:12,43.3579597473145,-8.84520721435547,"Unknown"
"7014851",371865,2025-06-29 06:24:36,43.3599319458008,-8.84591674804688,"Unknown"
"7014851",371865,2025-06-29 06:29:11,43.3579444885254,-8.84508323669434,"Unknown"
"7014851",371865,2025-06-29 06:34:11,43.3578643798828,-8.84511852264404,"Unknown"
"7014851",371865,2025-06-29 06:39:08,43.357738494873,-8.84514713287354,"Unknown"
"7014851",371865,2025-06-29 06:44:09,43.3574447631836,-8.84525012969971,"Unknown"
"7014851",371865,2025-06-29 06:49:08,43.357837677002,-8.84524154663086,"Unknown"
"7014851",371865,2025-06-29 06:54:09,43.3574371337891,-8.84512138366699,"Unknown"
"7014851",371865,2025-06-29 06:59:09,43.357421875,-8.84554672241211,"Unknown"
"7014851",371865,2025-06-29 07:04:09,43.3575820922852,-8.8454475402832,"Unknown"
"7014851",371865,2025-06-29 07:09:08,43.357723236084,-8.84502983093262,"Unknown"
"7014851",371865,2025-06-29 07:14:09,43.3577880859375,-8.8452615737915,"Unknown"
"7014851",371865,2025-06-29 07:19:09,43.357551574707,-8.84524059295654,"Unknown"
"7014851",371865,2025-06-29 07:24:09,43.3577003479004,-8.845139503479,"Unknown"
"7014851",371865,2025-06-29 07:29:09,43.3577423095703,-8.84508609771729,"Unknown"
"7014851",371865,2025-06-29 07:34:09,43.3577842712402,-8.84504890441895,"Unknown"
"7014851",371865,2025-06-29 07:39:08,43.3577842712402,-8.8450756072998,"Unknown"
"7014851",371865,2025-06-29 07:44:09,43.3579177856445,-8.84532642364502,"Unknown"
"7014851",371865,2025-06-29 07:49:10,43.3577194213867,-8.84524917602539,"Unknown"
"7014851",371865,2025-06-29 07:54:09,43.3574981689453,-8.84488105773926,"Unknown"
"7014851",371865,2025-06-29 07:59:08,43.357421875,-8.84525012969971,"Unknown"
"7014851",371865,2025-06-29 08:04:09,43.3576431274414,-8.84511375427246,"Unknown"
"7014851",371865,2025-06-29 08:09:09,43.3577575683594,-8.84517288208008,"Unknown"
"7014851",371865,2025-06-29 08:14:08,43.3574638366699,-8.84496021270752,"Unknown"
"7014851",371865,2025-06-29 08:19:08,43.3573570251465,-8.84500503540039,"Unknown"
"7014851",371865,2025-06-29 08:24:09,43.3575477600098,-8.84499454498291,"Unknown"
"7014851",371865,2025-06-29 08:29:11,43.3574409484863,-8.84503650665283,"Unknown"
"7014851",371865,2025-06-29 08:34:08,43.3575782775879,-8.8450756072998,"Unknown"
"7014851",371865,2025-06-29 08:39:08,43.3575973510742,-8.84506797790527,"Unknown"
"7014851",371865,2025-06-29 08:44:08,43.3575439453125,-8.84505558013916,"Unknown"
"7014851",371865,2025-06-29 08:49:10,43.3573036193848,-8.84492015838623,"Unknown"
"7014851",371865,2025-06-29 08:54:11,43.3575134277344,-8.84492015838623,"Unknown"
"7014851",371865,2025-06-29 08:59:11,43.3575019836426,-8.84487342834473,"Unknown"
"7014851",371865,2025-06-29 09:04:10,43.3573455810547,-8.84480762481689,"Unknown"
"7014851",371865,2025-06-29 09:09:12,43.3576507568359,-8.84469318389893,"Unknown"
"7014851",371865,2025-06-29 09:14:08,43.362907409668,-8.86428737640381,"Unknown"
"7014851",371865,2025-06-29 09:19:09,43.355640411377,-8.89557361602783,"Unknown"
"7014851",371865,2025-06-29 09:24:09,43.3557357788086,-8.89605712890625,"Unknown"
"7014851",371865,2025-06-29 09:29:09,43.3465881347656,-8.91237926483154,"Unknown"
"7014851",371865,2025-06-29 09:34:08,43.3176689147949,-8.91464805603027,"Unknown"
"7014851",371865,2025-06-29 09:39:08,43.3208999633789,-8.90232276916504,"Unknown"
"7014851",371865,2025-06-29 09:44:10,43.3210411071777,-8.90235042572021,"Unknown"
"7014851",371865,2025-06-29 09:49:12,43.3210105895996,-8.90462303161621,"Unknown"
"7014851",371865,2025-06-29 09:54:12,43.3207321166992,-8.90306091308594,"Unknown"
"7014851",371865,2025-06-29 09:59:10,43.3211631774902,-8.90271854400635,"Unknown"
"7014851",371865,2025-06-29 10:04:10,43.3212089538574,-8.90177154541016,"Unknown"
"7014851",371865,2025-06-29 10:09:10,43.3211898803711,-8.90249347686768,"Unknown"
"7014851",371865,2025-06-29 10:14:10,43.3211898803711,-8.90206527709961,"Unknown"
"7014851",371865,2025-06-29 10:19:18,43.3212928771973,-8.9017333984375,"Unknown"
"7014851",371865,2025-06-29 10:24:16,43.3216667175293,-8.90207958221436,"Unknown"
"7014851",371865,2025-06-29 10:29:13,43.3216133117676,-8.90202903747559,"Unknown"
"7014851",371865,2025-06-29 10:34:18,43.3216323852539,-8.9020414352417,"Unknown"
"7014851",371865,2025-06-29 10:39:10,43.3215408325195,-8.90131568908691,"Unknown"
"7014851",371865,2025-06-29 10:44:18,43.3218078613281,-8.90191078186035,"Unknown"
"7014851",371865,2025-06-29 10:49:15,43.3217124938965,-8.90211868286133,"Unknown"
"7014851",371865,2025-06-29 10:54:12,43.3217163085938,-8.90301609039307,"Unknown"
"7014851",371865,2025-06-29 10:59:34,43.3213500976562,-8.90234375,"Unknown"
"7014851",371865,2025-06-29 11:04:10,43.3215980529785,-8.90278434753418,"Unknown"
"7014851",371865,2025-06-29 11:09:23,43.3213424682617,-8.90232276916504,"Unknown"
"7014851",371865,2025-06-29 11:14:23,43.3213386535645,-8.90228271484375,"Unknown"
"7014851",371865,2025-06-29 11:19:11,43.321533203125,-8.90279197692871,"Unknown"
"7014851",371865,2025-06-29 11:24:11,43.3214302062988,-8.90273952484131,"Unknown"
"7014851",371865,2025-06-29 11:29:13,43.3215522766113,-8.90220737457275,"Unknown"
"7014851",371865,2025-06-29 11:34:13,43.3214302062988,-8.90217113494873,"Unknown"
"7014851",371865,2025-06-29 11:39:11,43.3214645385742,-8.90234184265137,"Unknown"
"7014851",371865,2025-06-29 11:44:13,43.3213272094727,-8.90218830108643,"Unknown"
"7014851",371865,2025-06-29 11:50:07,43.3213119506836,-8.90218067169189,"Unknown"
"7014851",371865,2025-06-29 11:54:09,43.3210525512695,-8.90304565429688,"Unknown"
"7014851",371865,2025-06-29 11:59:12,43.3212547302246,-8.90220642089844,"Unknown"
"7014851",371865,2025-06-29 12:04:11,43.3213005065918,-8.90229225158691,"Unknown"
"7014851",371865,2025-06-29 12:09:11,43.3212623596191,-8.90246486663818,"Unknown"
"7014851",371865,2025-06-29 12:14:13,43.3216133117676,-8.90177440643311,"Unknown"
"7014851",371865,2025-06-29 12:19:08,43.3214530944824,-8.90220642089844,"Unknown"
"7014851",371865,2025-06-29 12:24:09,43.3213157653809,-8.90159320831299,"Unknown"
"7014851",371865,2025-06-29 12:29:18,43.3213958740234,-8.90149784088135,"Unknown"
"7014851",371865,2025-06-29 12:34:08,43.321533203125,-8.90124607086182,"Unknown"
"7014851",371865,2025-06-29 12:39:08,43.3214111328125,-8.90140628814697,"Unknown"
"7014851",371865,2025-06-29 12:44:10,43.3222846984863,-8.90224170684814,"Unknown"
"7014851",371865,2025-06-29 12:49:08,43.3213043212891,-8.90181255340576,"Unknown"
"7014851",371865,2025-06-29 12:54:08,43.321403503418,-8.90173435211182,"Unknown"
"7014851",371865,2025-06-29 12:59:08,43.3213157653809,-8.90176296234131,"Unknown"
"7014851",371865,2025-06-29 13:04:08,43.321403503418,-8.90161228179932,"Unknown"
"7014851",371865,2025-06-29 13:09:08,43.3214569091797,-8.90169525146484,"Unknown"
"7014851",371865,2025-06-29 13:14:08,43.3214149475098,-8.90177631378174,"Unknown"
"7014851",371865,2025-06-29 13:19:09,43.3214950561523,-8.90153789520264,"Unknown"
"7014851",371865,2025-06-29 13:24:09,43.3214836120605,-8.90150737762451,"Unknown"
"7014851",371865,2025-06-29 13:29:09,43.3214836120605,-8.90159130096436,"Unknown"
"7014851",371865,2025-06-29 13:34:08,43.3216361999512,-8.90146827697754,"Unknown"
"7014851",371865,2025-06-29 13:39:09,43.3213729858398,-8.90154647827148,"Unknown"
"7014851",371865,2025-06-29 13:44:08,43.3215675354004,-8.9017333984375,"Unknown"
"7014851",371865,2025-06-29 13:49:10,43.3216896057129,-8.90163421630859,"Unknown"
"7014851",371865,2025-06-29 13:54:09,43.3217353820801,-8.9013500213623,"Unknown"
"7014851",371865,2025-06-29 13:59:11,43.3214530944824,-8.90155792236328,"Unknown"
"7014851",371865,2025-06-29 14:04:12,43.3218803405762,-8.90137481689453,"Unknown"
"7014851",371865,2025-06-29 14:09:13,43.3216896057129,-8.90127086639404,"Unknown"
"7014851",371865,2025-06-29 14:14:09,43.3219375610352,-8.90182113647461,"Unknown"
"7014851",371865,2025-06-29 14:19:11,43.3216972351074,-8.90155124664307,"Unknown"
"7014851",371865,2025-06-29 14:24:09,43.3220443725586,-8.90171813964844,"Unknown"
"7014851",371865,2025-06-29 14:29:08,43.3219757080078,-8.90178394317627,"Unknown"
"7014851",371865,2025-06-29 14:34:09,43.3220291137695,-8.90188980102539,"Unknown"
"7014851",371865,2025-06-29 14:39:11,43.322452545166,-8.90159702301025,"Unknown"
"7014851",371865,2025-06-29 14:44:08,43.3365592956543,-8.87170219421387,"Unknown"
"7014851",371865,2025-06-29 14:49:08,43.3378982543945,-8.86486625671387,"Unknown"
"7014851",371865,2025-06-29 14:54:08,43.3512382507324,-8.83935546875,"Unknown"
"7014851",371865,2025-06-29 14:59:53,43.3577575683594,-8.84512329101562,"Unknown"
"7014851",371865,2025-06-29 15:04:09,43.3576889038086,-8.84507656097412,"Unknown"
"7014851",371865,2025-06-29 15:09:07,43.3576393127441,-8.84506988525391,"Unknown"
"7014851",371865,2025-06-29 15:14:09,43.3576927185059,-8.84505271911621,"Unknown"
"7014851",371865,2025-06-29 15:19:09,43.3576278686523,-8.84520053863525,"Unknown"
"7014851",371865,2025-06-29 15:24:09,43.3577117919922,-8.84513759613037,"Unknown"
"7014851",371865,2025-06-29 15:29:08,43.3577461242676,-8.84519195556641,"Unknown"
"7014851",371865,2025-06-29 15:34:08,43.3576812744141,-8.84513568878174,"Unknown"
"7014851",371865,2025-06-29 15:39:09,43.3577461242676,-8.84511184692383,"Unknown"
"7014851",371865,2025-06-29 15:44:08,43.3577499389648,-8.8451042175293,"Unknown"
"7014851",371865,2025-06-29 15:49:35,43.3577461242676,-8.84507465362549,"Unknown"
"7014851",371865,2025-06-29 15:54:09,43.3576011657715,-8.84507751464844,"Unknown"
"7014851",371865,2025-06-29 15:59:08,43.3576812744141,-8.8450927734375,"Unknown"
"7014851",371865,2025-06-29 16:04:08,43.3576736450195,-8.84506893157959,"Unknown"
"7014851",371865,2025-06-29 16:09:07,43.3576774597168,-8.84502792358398,"Unknown"
"7014851",371865,2025-06-29 16:14:08,43.3577308654785,-8.84500885009766,"Unknown"
"7014851",371865,2025-06-29 16:19:08,43.3574752807617,-8.84524250030518,"Unknown"
"7014851",371865,2025-06-29 16:24:10,43.3576202392578,-8.84511184692383,"Unknown"
"7014851",371865,2025-06-29 16:29:10,43.3576850891113,-8.84499740600586,"Unknown"
"7014851",371865,2025-06-29 16:34:07,43.3576393127441,-8.84503364562988,"Unknown"
"7014851",371865,2025-06-29 16:39:07,43.3575553894043,-8.84507274627686,"Unknown"
"7014851",371865,2025-06-29 16:44:09,43.3576354980469,-8.84505176544189,"Unknown"
"7014851",371865,2025-06-29 16:49:08,43.3576202392578,-8.84511852264404,"Unknown"
"7014851",371865,2025-06-29 16:54:09,43.3576202392578,-8.84503173828125,"Unknown"
"7014851",371865,2025-06-29 16:59:09,43.3576698303223,-8.84502983093262,"Unknown"
"7014851",371865,2025-06-29 17:04:09,43.3576469421387,-8.84518623352051,"Unknown"
"7014851",371865,2025-06-29 17:09:21,43.3576278686523,-8.8450174331665,"Unknown"
"7014851",371865,2025-06-29 17:14:10,43.357608795166,-8.84512805938721,"Unknown"
"7014851",371865,2025-06-29 17:19:09,43.3575057983398,-8.84512901306152,"Unknown"
"7014851",371865,2025-06-29 17:24:07,43.3575973510742,-8.84513378143311,"Unknown"
"7014851",371865,2025-06-29 17:29:08,43.3576850891113,-8.84477233886719,"Unknown"
"7014851",371865,2025-06-29 17:34:08,43.3521308898926,-8.84895038604736,"Unknown"
"7014851",371865,2025-06-29 17:39:08,43.3513259887695,-8.84882068634033,"Unknown"
"7014851",371865,2025-06-29 17:44:09,43.3539924621582,-8.850754737854,"Unknown"
"7014851",371865,2025-06-29 17:49:08,43.3549652099609,-8.8449125289917,"Unknown"
"7014851",371865,2025-06-29 17:54:10,43.3580932617188,-8.84539985656738,"Unknown"
"7014851",371865,2025-06-29 17:59:09,43.3582725524902,-8.84514236450195,"Unknown"
"7014851",371865,2025-06-29 18:04:09,43.358154296875,-8.84523868560791,"Unknown"
"7014851",371865,2025-06-29 18:09:09,43.3579292297363,-8.84542846679688,"Unknown"
"7014851",371865,2025-06-29 18:14:09,43.3579292297363,-8.84538555145264,"Unknown"
"7014851",371865,2025-06-29 18:19:10,43.3579635620117,-8.84537982940674,"Unknown"
"7014851",371865,2025-06-29 18:24:16,43.3577613830566,-8.84520530700684,"Unknown"
"7014851",371865,2025-06-29 18:29:10,43.3578109741211,-8.84536838531494,"Unknown"
"7014851",371865,2025-06-29 18:34:09,43.357421875,-8.84483242034912,"Unknown"
"7014851",371865,2025-06-29 18:39:10,43.3579444885254,-8.84529495239258,"Unknown"
"7014851",371865,2025-06-29 18:44:08,43.3575592041016,-8.84565353393555,"Unknown"
"7014851",371865,2025-06-29 18:49:08,43.3626365661621,-8.83698081970215,"Unknown"
"7014851",371865,2025-06-29 18:54:08,43.362060546875,-8.82586479187012,"Unknown"
"7014851",371865,2025-06-29 18:59:09,43.3643455505371,-8.8253116607666,"Unknown"
"7014851",371865,2025-06-29 19:04:08,43.3657989501953,-8.82625579833984,"Unknown"
"7014851",371865,2025-06-29 19:09:08,43.3675231933594,-8.85079383850098,"Unknown"
"7014851",371865,2025-06-29 19:14:08,43.3571166992188,-8.84567356109619,"Unknown"
"7014851",371865,2025-06-29 19:19:09,43.3574523925781,-8.84556007385254,"Unknown"
"7014851",371865,2025-06-29 19:24:09,43.358283996582,-8.84521961212158,"Unknown"
"7014851",371865,2025-06-29 19:29:09,43.3580551147461,-8.84478855133057,"Unknown"
"7014851",371865,2025-06-29 19:34:09,43.3581581115723,-8.8449010848999,"Unknown"
"7014851",371865,2025-06-29 19:39:11,43.3575820922852,-8.84532070159912,"Unknown"
"7014851",371865,2025-06-29 19:44:10,43.3578071594238,-8.84529209136963,"Unknown"
"7014851",371865,2025-06-29 19:49:09,43.3578186035156,-8.84534454345703,"Unknown"
"7014851",371865,2025-06-29 19:54:10,43.3578491210938,-8.84525394439697,"Unknown"
"7014851",371865,2025-06-29 19:59:10,43.3578910827637,-8.84513568878174,"Unknown"
"7014851",371865,2025-06-29 20:04:09,43.357795715332,-8.84521484375,"Unknown"
"7014851",371865,2025-06-29 20:09:09,43.3577499389648,-8.84527587890625,"Unknown"
"7014851",371865,2025-06-29 20:14:09,43.3577651977539,-8.84537220001221,"Unknown"
"7014851",371865,2025-06-29 20:19:11,43.3577270507812,-8.84533786773682,"Unknown"
"7014851",371865,2025-06-29 20:24:10,43.3577194213867,-8.84544563293457,"Unknown"
"7014851",371865,2025-06-29 20:29:09,43.3577575683594,-8.84517669677734,"Unknown"
"7014851",371865,2025-06-29 20:34:09,43.3577003479004,-8.84516334533691,"Unknown"
"7014851",371865,2025-06-29 20:39:09,43.3578643798828,-8.84624862670898,"Unknown"
"7014851",371865,2025-06-29 20:44:09,43.3575706481934,-8.84539222717285,"Unknown"
"7014851",371865,2025-06-29 20:49:08,43.3576889038086,-8.84515476226807,"Unknown"
"7014851",371865,2025-06-29 20:54:09,43.3578453063965,-8.84511852264404,"Unknown"
"7014851",371865,2025-06-29 20:59:09,43.357608795166,-8.84495735168457,"Unknown"
"7014851",371865,2025-06-29 21:04:09,43.3576812744141,-8.84489345550537,"Unknown"
"7014851",371865,2025-06-29 21:09:09,43.3585586547852,-8.84535217285156,"Unknown"
"7014851",371865,2025-06-29 21:14:12,43.3582344055176,-8.84504508972168,"Unknown"
"7014851",371865,2025-06-29 21:19:09,43.3585548400879,-8.84539318084717,"Unknown"
"7014851",371865,2025-06-29 21:24:09,43.3580436706543,-8.84631633758545,"Unknown"
"7014851",371865,2025-06-29 21:29:09,43.358814239502,-8.84555339813232,"Unknown"
"7014851",371865,2025-06-29 21:34:11,43.3590774536133,-8.84436893463135,"Unknown"
"7014851",371865,2025-06-29 21:39:09,43.3589782714844,-8.84395790100098,"Unknown"
"7014851",371865,2025-06-29 21:44:10,43.3590431213379,-8.8444938659668,"Unknown"
"7014851",371865,2025-06-29 21:49:17,43.3581657409668,-8.84442615509033,"Unknown"
"7014851",371865,2025-06-29 21:54:10,43.3591194152832,-8.84407711029053,"Unknown"
"7014851",371865,2025-06-29 21:59:10,43.3591003417969,-8.84431266784668,"Unknown"
"7014851",371865,2025-06-29 22:04:44,43.3575210571289,-8.84510803222656,"Unknown"
"7014851",371865,2025-06-29 22:09:07,43.3574523925781,-8.84519195556641,"Unknown"
"7014851",371865,2025-06-29 22:14:08,43.3574676513672,-8.84506797790527,"Unknown"
"7014851",371865,2025-06-29 22:19:08,43.3576316833496,-8.844970703125,"Unknown"
"7014851",371865,2025-06-29 22:24:08,43.3574066162109,-8.84508419036865,"Unknown"
"7014851",371865,2025-06-29 22:29:08,43.3573989868164,-8.84511280059814,"Unknown"
"7014851",371865,2025-06-29 22:34:08,43.3575096130371,-8.8450403213501,"Unknown"
"7014851",371865,2025-06-29 22:39:08,43.3574638366699,-8.84508991241455,"Unknown"
"7014851",371865,2025-06-29 22:44:08,43.3574485778809,-8.84506893157959,"Unknown"
"7014851",371865,2025-06-29 22:49:08,43.3574600219727,-8.84510803222656,"Unknown"
"7014851",371865,2025-06-29 22:54:08,43.3575019836426,-8.84509658813477,"Unknown"
"7014851",371865,2025-06-29 22:59:09,43.3574600219727,-8.84496021270752,"Unknown"
"7014851",371865,2025-06-29 23:04:08,43.3574676513672,-8.84512042999268,"Unknown"
"7014851",371865,2025-06-29 23:09:08,43.3575210571289,-8.84506797790527,"Unknown"
"7014851",371865,2025-06-29 23:14:08,43.3575134277344,-8.84494400024414,"Unknown"
"7014851",371865,2025-06-29 23:19:08,43.3575325012207,-8.84497165679932,"Unknown"
"7014851",371865,2025-06-29 23:24:09,43.3575820922852,-8.84493827819824,"Unknown"
"7014851",371865,2025-06-29 23:29:10,43.3576812744141,-8.84498977661133,"Unknown"
"7014851",371865,2025-06-29 23:34:10,43.3576698303223,-8.84495830535889,"Unknown"
"7014851",371865,2025-06-29 23:39:09,43.3577499389648,-8.84511089324951,"Unknown"
"7014851",371865,2025-06-29 23:44:08,43.3577079772949,-8.84492778778076,"Unknown"
"7014851",371865,2025-06-29 23:49:08,43.3577613830566,-8.84491920471191,"Unknown"
"7014851",371865,2025-06-29 23:54:08,43.357738494873,-8.84496402740479,"Unknown"
"7014851",371865,2025-06-29 23:59:09,43.3577728271484,-8.84499740600586,"Unknown"
"7014851",371865,2025-06-30 00:04:09,43.3579292297363,-8.84512042999268,"Unknown"
"7014851",371865,2025-06-30 00:09:08,43.3578071594238,-8.84504890441895,"Unknown"
"7014851",371865,2025-06-30 00:14:08,43.3577461242676,-8.84492588043213,"Unknown"
"7014851",371865,2025-06-30 00:19:08,43.3579025268555,-8.84512805938721,"Unknown"
"7014851",371865,2025-06-30 00:24:08,43.3578224182129,-8.84508800506592,"Unknown"
"7014851",371865,2025-06-30 00:29:08,43.3578491210938,-8.84514331817627,"Unknown"
"7014851",371865,2025-06-30 00:34:11,43.3577995300293,-8.84512805938721,"Unknown"
"7014851",371865,2025-06-30 00:39:09,43.3579216003418,-8.84526634216309,"Unknown"
"7014851",371865,2025-06-30 00:44:08,43.3578262329102,-8.84510135650635,"Unknown"
"7014851",371865,2025-06-30 00:49:08,43.3578186035156,-8.845139503479,"Unknown"
"7014851",371865,2025-06-30 00:54:10,43.3578224182129,-8.84513282775879,"Unknown"
"7014851",371865,2025-06-30 00:59:10,43.3578453063965,-8.84505558013916,"Unknown"
"7014851",371865,2025-06-30 01:04:10,43.3577499389648,-8.84517955780029,"Unknown"
"7014851",371865,2025-06-30 01:09:12,43.3575744628906,-8.84555530548096,"Unknown"
"7014851",371865,2025-06-30 01:14:09,43.3576583862305,-8.84561538696289,"Unknown"
"7014851",371865,2025-06-30 01:19:09,43.3576316833496,-8.84530448913574,"Unknown"
"7014851",371865,2025-06-30 01:24:09,43.3577690124512,-8.84512615203857,"Unknown"
"7014851",371865,2025-06-30 01:29:11,43.3577346801758,-8.845290184021,"Unknown"
"7014851",371865,2025-06-30 01:34:09,43.3577156066895,-8.84515285491943,"Unknown"
"7014851",371865,2025-06-30 01:39:08,43.3577423095703,-8.84520721435547,"Unknown"
"7014851",371865,2025-06-30 01:44:09,43.3577270507812,-8.84510707855225,"Unknown"
"7014851",371865,2025-06-30 01:49:09,43.3576812744141,-8.84517955780029,"Unknown"
"7014851",371865,2025-06-30 01:54:11,43.357795715332,-8.84490489959717,"Unknown"
"7014851",371865,2025-06-30 01:59:12,43.3577461242676,-8.84506893157959,"Unknown"
"7014851",371865,2025-06-30 02:04:11,43.3578033447266,-8.8450927734375,"Unknown"
"7014851",371865,2025-06-30 02:09:12,43.3577613830566,-8.84506320953369,"Unknown"
"7014851",371865,2025-06-30 02:14:14,43.3577995300293,-8.84515476226807,"Unknown"
"7014851",371865,2025-06-30 02:19:09,43.3577880859375,-8.84518814086914,"Unknown"
"7014851",371865,2025-06-30 02:24:18,43.3577461242676,-8.84514141082764,"Unknown"
"7014851",371865,2025-06-30 02:29:18,43.357738494873,-8.84519958496094,"Unknown"
"7014851",371865,2025-06-30 02:34:09,43.3578948974609,-8.8451623916626,"Unknown"
"7014851",371865,2025-06-30 02:39:10,43.3580055236816,-8.84477043151855,"Unknown"
"7014851",371865,2025-06-30 02:44:28,43.3576354980469,-8.84527111053467,"Unknown"
"7014851",371865,2025-06-30 02:49:12,43.3579788208008,-8.84495162963867,"Unknown"
"7014851",371865,2025-06-30 02:54:13,43.3578338623047,-8.84525585174561,"Unknown"
"7014851",371865,2025-06-30 02:59:12,43.3576545715332,-8.84550380706787,"Unknown"
"7014851",371865,2025-06-30 03:04:10,43.3579711914062,-8.84511280059814,"Unknown"
"7014851",371865,2025-06-30 03:09:09,43.3577880859375,-8.84519672393799,"Unknown"
"7014851",371865,2025-06-30 03:14:08,43.3577690124512,-8.84521293640137,"Unknown"
"7014851",371865,2025-06-30 03:19:09,43.3578643798828,-8.84525680541992,"Unknown"
"7014851",371865,2025-06-30 03:24:10,43.3577575683594,-8.84531688690186,"Unknown"
"7014851",371865,2025-06-30 03:29:44,43.3575668334961,-8.84510612487793,"Unknown"
"7014851",371865,2025-06-30 03:34:11,43.3576965332031,-8.84503841400146,"Unknown"
"7014851",371865,2025-06-30 03:39:08,43.3575668334961,-8.84499549865723,"Unknown"
"7014851",371865,2025-06-30 03:44:07,43.3577117919922,-8.84512519836426,"Unknown"
"7014851",371865,2025-06-30 03:49:13,43.3575401306152,-8.84500694274902,"Unknown"
"7014851",371865,2025-06-30 03:54:35,43.3576736450195,-8.84506034851074,"Unknown"
"7014851",371865,2025-06-30 03:59:09,43.3576126098633,-8.84521102905273,"Unknown"
"7014851",371865,2025-06-30 04:04:10,43.3576469421387,-8.84516525268555,"Unknown"
"7014851",371865,2025-06-30 04:09:11,43.3574562072754,-8.84550952911377,"Unknown"
"7014851",371865,2025-06-30 04:14:07,43.3547821044922,-8.86430835723877,"Unknown"
"7014851",371865,2025-06-30 04:19:07,43.3426895141602,-8.88795757293701,"Unknown"
"7014851",371865,2025-06-30 04:24:07,43.3335456848145,-8.92392730712891,"Unknown"
"7014851",371865,2025-06-30 04:29:07,43.3250885009766,-8.93100166320801,"Unknown"
"7014851",371865,2025-06-30 04:34:08,43.3190650939941,-8.94683074951172,"Unknown"
"7014851",371865,2025-06-30 04:39:07,43.3185768127441,-8.94864177703857,"Unknown"
"7014851",371865,2025-06-30 04:44:08,43.3181610107422,-8.94989013671875,"Unknown"
"7014851",371865,2025-06-30 04:49:07,43.3177909851074,-8.95108222961426,"Unknown"
"7014851",371865,2025-06-30 04:54:07,43.3173408508301,-8.95248126983643,"Unknown"
"7014851",371865,2025-06-30 04:59:07,43.3174667358398,-8.95342826843262,"Unknown"
"7014851",371865,2025-06-30 05:04:08,43.3178787231445,-8.95422458648682,"Unknown"
"7014851",371865,2025-06-30 05:09:07,43.317928314209,-8.95487213134766,"Unknown"
"7014851",371865,2025-06-30 05:14:07,43.3180198669434,-8.95535373687744,"Unknown"
"7014851",371865,2025-06-30 05:19:07,43.3185768127441,-8.95577049255371,"Unknown"
"7014851",371865,2025-06-30 05:24:07,43.3345718383789,-8.94220352172852,"Unknown"
"7014851",371865,2025-06-30 05:29:07,43.344108581543,-8.92121887207031,"Unknown"
"7014851",371865,2025-06-30 05:34:08,43.3658065795898,-8.91098976135254,"Unknown"
"7014851",371865,2025-06-30 05:39:07,43.3779487609863,-8.90607261657715,"Unknown"
"7014851",371865,2025-06-30 05:44:07,43.3771171569824,-8.91231822967529,"Unknown"
"7014851",371865,2025-06-30 05:49:07,43.3919219970703,-8.90785884857178,"Unknown"
"7014851",371865,2025-06-30 05:54:08,43.4156684875488,-8.88933944702148,"Unknown"
"7014851",371865,2025-06-30 05:59:08,43.4191093444824,-8.87433815002441,"Unknown"
"7014851",371865,2025-06-30 06:04:08,43.415168762207,-8.86802864074707,"Unknown"
"7014851",371865,2025-06-30 06:09:09,43.4129867553711,-8.86182975769043,"Unknown"
"7014851",371865,2025-06-30 06:14:11,43.4123878479004,-8.85959529876709,"Unknown"
"7014851",371865,2025-06-30 06:19:09,43.4121856689453,-8.86002922058105,"Unknown"
"7014851",371865,2025-06-30 06:24:09,43.4124755859375,-8.86044216156006,"Unknown"
"7014851",371865,2025-06-30 06:29:07,43.4112968444824,-8.85385417938232,"Unknown"
"7014851",371865,2025-06-30 06:34:09,43.4107666015625,-8.82522106170654,"Unknown"
"7014851",371865,2025-06-30 06:39:07,43.411319732666,-8.81739234924316,"Unknown"
"7014851",371865,2025-06-30 06:44:07,43.4111251831055,-8.81241321563721,"Unknown"
"7014851",371865,2025-06-30 06:49:09,43.4111785888672,-8.81146812438965,"Unknown"
"7014851",371865,2025-06-30 06:54:10,43.4122657775879,-8.79656791687012,"Unknown"
"7014851",371865,2025-06-30 06:59:20,43.4110450744629,-8.79772090911865,"Unknown"
"7014851",371865,2025-06-30 07:04:08,43.4125671386719,-8.7963695526123,"Unknown"
"7014851",371865,2025-06-30 07:09:09,43.4126243591309,-8.79598236083984,"Unknown"
"7014851",371865,2025-06-30 07:14:08,43.402587890625,-8.81920433044434,"Unknown"
"7014851",371865,2025-06-30 07:19:08,43.3732795715332,-8.84213256835938,"Unknown"
"7014851",371865,2025-06-30 07:24:20,43.3581848144531,-8.84494400024414,"Unknown"
"7014851",371865,2025-06-30 07:29:23,43.3578033447266,-8.84546375274658,"Unknown"
"7014851",371865,2025-06-30 07:34:08,43.3580513000488,-8.84488391876221,"Unknown"
"7014851",371865,2025-06-30 07:39:13,43.3580360412598,-8.84539127349854,"Unknown"
"7014851",371865,2025-06-30 07:44:11,43.3576431274414,-8.84442138671875,"Unknown"
"7014851",371865,2025-06-30 07:49:10,43.3579444885254,-8.84411716461182,"Unknown"
"7014851",371865,2025-06-30 07:54:08,43.3579711914062,-8.8448486328125,"Unknown"
"7014851",371865,2025-06-30 07:59:08,43.3578948974609,-8.84499740600586,"Unknown"
"7014851",371865,2025-06-30 08:04:29,43.3579521179199,-8.84496688842773,"Unknown"
"7014851",371865,2025-06-30 08:09:29,43.3579177856445,-8.84500980377197,"Unknown"
"7014851",371865,2025-06-30 08:14:33,43.357795715332,-8.84506225585938,"Unknown"
"7014851",371865,2025-06-30 08:19:07,43.3577461242676,-8.84496402740479,"Unknown"
"7014851",371865,2025-06-30 08:24:07,43.3577995300293,-8.84491348266602,"Unknown"
"7014851",371865,2025-06-30 08:29:07,43.3575477600098,-8.84516334533691,"Unknown"
"7014851",371865,2025-06-30 08:34:07,43.3576049804688,-8.84506607055664,"Unknown"
"7014851",371865,2025-06-30 08:39:13,43.3575897216797,-8.84508609771729,"Unknown"
"7014851",371865,2025-06-30 08:44:09,43.3576011657715,-8.84497356414795,"Unknown"
"7014851",371865,2025-06-30 08:49:09,43.3576927185059,-8.84488391876221,"Unknown"
"7014851",371865,2025-06-30 08:54:09,43.3578262329102,-8.84483909606934,"Unknown"
"7014851",371865,2025-06-30 08:59:10,43.3579368591309,-8.84490299224854,"Unknown"
"7014851",371865,2025-06-30 09:04:11,43.3579978942871,-8.84485530853271,"Unknown"
"7014851",371865,2025-06-30 09:09:35,43.3577995300293,-8.84508323669434,"Unknown"
"7014851",371865,2025-06-30 09:14:09,43.3575134277344,-8.84487247467041,"Unknown"
"7014851",371865,2025-06-30 09:19:06,43.3632049560547,-8.85175037384033,"Unknown"
"7014851",371865,2025-06-30 09:24:06,43.3844299316406,-8.87706661224365,"Unknown"
"7014851",371865,2025-06-30 09:29:08,43.3959045410156,-8.90630340576172,"Unknown"
"7014851",371865,2025-06-30 09:34:06,43.4118003845215,-8.92609691619873,"Unknown"
"7014851",371865,2025-06-30 09:39:07,43.4283447265625,-8.95719909667969,"Unknown"
"7014851",371865,2025-06-30 09:44:07,43.4457321166992,-8.98897552490234,"Unknown"
"7014851",371865,2025-06-30 09:49:08,43.4535369873047,-9.02566051483154,"Unknown"
"7014851",371865,2025-06-30 09:54:07,43.4556884765625,-9.06431674957275,"Unknown"
"7014851",371865,2025-06-30 09:59:18,43.4592781066895,-9.08334445953369,"Unknown"
"7014851",371865,2025-06-30 10:04:17,43.4818229675293,-9.0715274810791,"Unknown"
"7014851",371865,2025-06-30 10:09:11,43.4926261901855,-9.03894138336182,"Unknown"
"7014851",371865,2025-06-30 10:14:10,43.5160140991211,-9.02226829528809,"Unknown"
"7014851",371865,2025-06-30 10:19:09,43.530387878418,-9.01018333435059,"Unknown"
"7014851",371865,2025-06-30 10:24:10,43.5301094055176,-9.00978660583496,"Unknown"
"7014851",371865,2025-06-30 10:29:08,43.5319709777832,-9.0070743560791,"Unknown"
"7014851",371865,2025-06-30 10:34:11,43.5323066711426,-9.00614166259766,"Unknown"
"7014851",371865,2025-06-30 10:39:09,43.5336799621582,-9.00370693206787,"Unknown"
"7014851",371865,2025-06-30 10:44:07,43.5348281860352,-9.00209426879883,"Unknown"
"7014851",371865,2025-06-30 10:49:13,43.5342102050781,-9.00373935699463,"Unknown"
"7014851",371865,2025-06-30 10:54:17,43.5356674194336,-9.0009651184082,"Unknown"
"7014851",371865,2025-06-30 10:59:12,43.5371589660645,-8.99637222290039,"Unknown"
"7014851",371865,2025-06-30 11:04:17,43.5376167297363,-8.99697589874268,"Unknown"
"7014851",371865,2025-06-30 11:09:11,43.5390243530273,-8.99293041229248,"Unknown"
"7014851",371865,2025-06-30 11:14:19,43.5389518737793,-8.99482727050781,"Unknown"
"7014851",371865,2025-06-30 11:19:09,43.5408554077148,-8.98977661132812,"Unknown"
"7014851",371865,2025-06-30 11:24:13,43.5521011352539,-8.97599697113037,"Unknown"
"7014851",371865,2025-06-30 11:29:12,43.57470703125,-8.96776580810547,"Unknown"
"7014851",371865,2025-06-30 11:34:12,43.5934219360352,-8.94048690795898,"Unknown"
"7014851",371865,2025-06-30 11:39:12,43.618034362793,-8.92206764221191,"Unknown"
"7014851",371865,2025-06-30 11:44:31,43.6420288085938,-8.89736938476562,"Unknown"
"7014851",371865,2025-06-30 11:49:07,43.6531944274902,-8.86069297790527,"Unknown"
"7014851",371865,2025-06-30 11:54:07,43.6727485656738,-8.82819175720215,"Unknown"
"7014851",371865,2025-06-30 11:59:08,43.6734161376953,-8.82700634002686,"Unknown"
"7014851",371865,2025-06-30 12:04:10,43.6735992431641,-8.8260326385498,"Unknown"
"7014851",371865,2025-06-30 12:09:08,43.6723365783691,-8.82550144195557,"Unknown"
"7014851",371865,2025-06-30 12:14:07,43.6762008666992,-8.81547546386719,"Unknown"
"7014851",371865,2025-06-30 12:19:08,43.6799774169922,-8.81136608123779,"Unknown"
"7014851",371865,2025-06-30 12:24:07,43.6873321533203,-8.7994270324707,"Unknown"
"7014851",371865,2025-06-30 12:29:06,43.7074317932129,-8.7691593170166,"Unknown"
"7014851",371865,2025-06-30 12:34:07,43.7245330810547,-8.73277282714844,"Unknown"
"7014851",371865,2025-06-30 12:39:11,43.7237739562988,-8.72272682189941,"Unknown"
"7014851",371865,2025-06-30 12:44:13,43.7219734191895,-8.72270107269287,"Unknown"
"7014851",371865,2025-06-30 12:49:07,43.7440032958984,-8.70306301116943,"Unknown"
"7014851",371865,2025-06-30 12:54:07,43.7642707824707,-8.67830371856689,"Unknown"
"7014851",371865,2025-06-30 12:59:07,43.7636451721191,-8.68230628967285,"Unknown"
"7014851",371865,2025-06-30 13:04:09,43.7599334716797,-8.68755722045898,"Unknown"
"7014851",371865,2025-06-30 13:09:09,43.7611465454102,-8.67295742034912,"Unknown"
"7014851",371865,2025-06-30 13:14:07,43.7761306762695,-8.65809917449951,"Unknown"
"7014851",371865,2025-06-30 13:19:11,43.7888450622559,-8.64375019073486,"Unknown"
"7014851",371865,2025-06-30 13:24:08,43.7920951843262,-8.6366024017334,"Unknown"
"7014851",371865,2025-06-30 13:29:07,43.8130035400391,-8.63972759246826,"Unknown"
"7014851",371865,2025-06-30 13:34:09,43.8308143615723,-8.63197231292725,"Unknown"
"7014851",371865,2025-06-30 13:39:07,43.8252258300781,-8.59394645690918,"Unknown"
"7014851",371865,2025-06-30 13:44:12,43.8178367614746,-8.59114837646484,"Unknown"
"7014851",371865,2025-06-30 13:49:13,43.8166007995605,-8.59114933013916,"Unknown"
"7014851",371865,2025-06-30 13:54:13,43.8155555725098,-8.59154224395752,"Unknown"
"7014851",371865,2025-06-30 13:59:23,43.8139762878418,-8.59041976928711,"Unknown"
"7014851",371865,2025-06-30 14:04:22,43.8129119873047,-8.59075736999512,"Unknown"
"7014851",371865,2025-06-30 14:09:23,43.8123092651367,-8.59140396118164,"Unknown"
"7014851",371865,2025-06-30 14:14:27,43.8114395141602,-8.5918550491333,"Unknown"
"7014851",371865,2025-06-30 14:19:33,43.8106689453125,-8.59259796142578,"Unknown"
"7014851",371865,2025-06-30 14:24:07,43.8100051879883,-8.59332466125488,"Unknown"
"7014851",371865,2025-06-30 14:29:07,43.8093223571777,-8.59412002563477,"Unknown"
"7014851",371865,2025-06-30 14:34:08,43.8086585998535,-8.59469890594482,"Unknown"
"7014851",371865,2025-06-30 14:39:06,43.807804107666,-8.59521198272705,"Unknown"
"7014851",371865,2025-06-30 14:44:06,43.807014465332,-8.59532833099365,"Unknown"
"7014851",371865,2025-06-30 14:49:07,43.8062591552734,-8.59505748748779,"Unknown"
"7014851",371865,2025-06-30 14:54:08,43.8055152893066,-8.59527969360352,"Unknown"
"7014851",371865,2025-06-30 14:59:06,43.8047103881836,-8.59508037567139,"Unknown"
"7014851",371865,2025-06-30 15:04:06,43.8040466308594,-8.59539985656738,"Unknown"
"7014851",371865,2025-06-30 15:09:07,43.8034210205078,-8.59595680236816,"Unknown"
"7014851",371865,2025-06-30 15:14:07,43.8023948669434,-8.59660530090332,"Unknown"
"7014851",371865,2025-06-30 15:19:08,43.8013648986816,-8.5975866317749,"Unknown"
"7014851",371865,2025-06-30 15:24:08,43.8003921508789,-8.59847450256348,"Unknown"
"7014851",371865,2025-06-30 15:29:07,43.7995262145996,-8.59917736053467,"Unknown"
"7014851",371865,2025-06-30 15:34:09,43.7987480163574,-8.59986686706543,"Unknown"
"7014851",371865,2025-06-30 15:39:08,43.7983283996582,-8.60103797912598,"Unknown"
"7014851",371865,2025-06-30 15:44:11,43.7979850769043,-8.60198307037354,"Unknown"
"7014851",371865,2025-06-30 15:49:09,43.7976684570312,-8.60340309143066,"Unknown"
"7014851",371865,2025-06-30 15:54:11,43.7946929931641,-8.63234233856201,"Unknown"
"7014851",371865,2025-06-30 15:59:09,43.7897071838379,-8.67065715789795,"Unknown"
"7014851",371865,2025-06-30 16:04:12,43.7856674194336,-8.68297863006592,"Unknown"
"7014851",371865,2025-06-30 16:09:12,43.7857398986816,-8.68539810180664,"Unknown"
"7014851",371865,2025-06-30 16:14:13,43.7851524353027,-8.68727016448975,"Unknown"
"7014851",371865,2025-06-30 16:19:17,43.7841644287109,-8.68850135803223,"Unknown"
"7014851",371865,2025-06-30 16:24:08,43.7847442626953,-8.69132709503174,"Unknown"
"7014851",371865,2025-06-30 16:29:11,43.7799644470215,-8.68941402435303,"Unknown"
"7014851",371865,2025-06-30 16:34:10,43.7856864929199,-8.69720363616943,"Unknown"
"7014851",371865,2025-06-30 16:39:20,43.7823066711426,-8.69207954406738,"Unknown"
"7014851",371865,2025-06-30 16:44:11,43.7478294372559,-8.69729232788086,"Unknown"
"7014851",371865,2025-06-30 16:49:12,43.7428321838379,-8.69582271575928,"Unknown"
"7014851",371865,2025-06-30 16:54:10,43.7417869567871,-8.68153285980225,"Unknown"
"7014851",371865,2025-06-30 16:59:13,43.7477378845215,-8.67441749572754,"Unknown"
"7014851",371865,2025-06-30 17:04:29,43.7476272583008,-8.67540550231934,"Unknown"
"7014851",371865,2025-06-30 17:09:14,43.7479362487793,-8.67654895782471,"Unknown"
"7014851",371865,2025-06-30 17:14:20,43.748176574707,-8.67834377288818,"Unknown"
"7014851",371865,2025-06-30 17:19:20,43.7480850219727,-8.67994499206543,"Unknown"
"7014851",371865,2025-06-30 17:24:18,43.7479667663574,-8.68135070800781,"Unknown"
"7014851",371865,2025-06-30 17:29:35,43.7478942871094,-8.68343162536621,"Unknown"
"7014851",371865,2025-06-30 17:34:06,43.7268829345703,-8.67617034912109,"Unknown"
"7014851",371865,2025-06-30 17:39:06,43.6954765319824,-8.65600395202637,"Unknown"
"7014851",371865,2025-06-30 17:44:06,43.6955108642578,-8.63358497619629,"Unknown"
"7014851",371865,2025-06-30 17:49:07,43.6978759765625,-8.62691783905029,"Unknown"
"7014851",371865,2025-06-30 17:54:07,43.6985321044922,-8.62614822387695,"Unknown"
"7014851",371865,2025-06-30 17:59:07,43.6979293823242,-8.62854766845703,"Unknown"
"7014851",371865,2025-06-30 18:04:07,43.6980628967285,-8.63112258911133,"Unknown"
"7014851",371865,2025-06-30 18:09:10,43.7197036743164,-8.63801288604736,"Unknown"
"7014851",371865,2025-06-30 18:14:07,43.7407569885254,-8.63829040527344,"Unknown"
"7014851",371865,2025-06-30 18:19:07,43.7611503601074,-8.64040565490723,"Unknown"
"7014851",371865,2025-06-30 18:24:13,43.7661209106445,-8.64384460449219,"Unknown"
"7014851",371865,2025-06-30 18:29:12,43.767822265625,-8.6457633972168,"Unknown"
"7014851",371865,2025-06-30 18:34:16,43.7681083679199,-8.64941120147705,"Unknown"
"7014851",371865,2025-06-30 18:39:29,43.7620887756348,-8.64696311950684,"Unknown"
"7014851",371865,2025-06-30 18:44:15,43.7607269287109,-8.64855098724365,"Unknown"
"7014851",371865,2025-06-30 18:49:33,43.7610359191895,-8.65073108673096,"Unknown"
"7014851",371865,2025-06-30 18:54:07,43.7625198364258,-8.64292430877686,"Unknown"
"7014851",371865,2025-06-30 18:59:08,43.7576217651367,-8.63080406188965,"Unknown"
"7014851",371865,2025-06-30 19:04:09,43.7577171325684,-8.63254261016846,"Unknown"
"7014851",371865,2025-06-30 19:09:15,43.7621726989746,-8.6264533996582,"Unknown"
"7014851",371865,2025-06-30 19:14:10,43.7623519897461,-8.62876510620117,"Unknown"
"7014851",371865,2025-06-30 19:19:15,43.7632369995117,-8.62654399871826,"Unknown"
"7014851",371865,2025-06-30 19:24:11,43.763542175293,-8.62876605987549,"Unknown"
"7014851",371865,2025-06-30 19:29:08,43.76220703125,-8.62146472930908,"Unknown"
"7014851",371865,2025-06-30 19:34:16,43.7450561523438,-8.66640663146973,"Unknown"
"7014851",371865,2025-06-30 19:39:10,43.7490081787109,-8.70293426513672,"Unknown"
"7014851",371865,2025-06-30 19:44:09,43.7417945861816,-8.74216175079346,"Unknown"
"7014851",371865,2025-06-30 19:49:08,43.7148666381836,-8.7860107421875,"Unknown"
"7014851",371865,2025-06-30 19:54:09,43.6951293945312,-8.80984878540039,"Unknown"
"7014851",371865,2025-06-30 19:59:09,43.6698608398438,-8.82225227355957,"Unknown"
"7014851",371865,2025-06-30 20:04:08,43.6495132446289,-8.82974529266357,"Unknown"
"7014851",371865,2025-06-30 20:09:08,43.6097793579102,-8.8597993850708,"Unknown"
"7014851",371865,2025-06-30 20:14:07,43.569766998291,-8.87899589538574,"Unknown"
"7014851",371865,2025-06-30 20:19:08,43.5270462036133,-8.89280319213867,"Unknown"
"7014851",371865,2025-06-30 20:24:08,43.4871368408203,-8.88525485992432,"Unknown"
"7014851",371865,2025-06-30 20:29:08,43.4509811401367,-8.87057399749756,"Unknown"
"7014851",371865,2025-06-30 20:34:08,43.4136505126953,-8.85954570770264,"Unknown"
"7014851",371865,2025-06-30 20:39:08,43.3759231567383,-8.8550386428833,"Unknown"
"7014851",371865,2025-06-30 20:44:33,43.3576240539551,-8.84505844116211,"Unknown"
"7014851",371865,2025-06-30 20:49:07,43.3576278686523,-8.84499931335449,"Unknown"
"7014851",371865,2025-06-30 20:54:07,43.3576545715332,-8.84505558013916,"Unknown"
"7014851",371865,2025-06-30 20:59:07,43.3576164245605,-8.84502792358398,"Unknown"
"7014851",371865,2025-06-30 21:04:06,43.3575706481934,-8.84502029418945,"Unknown"
"7014851",371865,2025-06-30 21:09:07,43.3576164245605,-8.84499073028564,"Unknown"
"7014851",371865,2025-06-30 21:14:09,43.357666015625,-8.84495830535889,"Unknown"
"7014851",371865,2025-06-30 21:19:06,43.3576469421387,-8.84514045715332,"Unknown"
"7014851",371865,2025-06-30 21:24:07,43.35791015625,-8.84572124481201,"Unknown"
"7014851",371865,2025-06-30 21:29:07,43.3580360412598,-8.84615802764893,"Unknown"
"7014851",371865,2025-06-30 21:34:06,43.3579216003418,-8.84590625762939,"Unknown"
"7014851",371865,2025-06-30 21:39:06,43.3576507568359,-8.84521007537842,"Unknown"
"7014851",371865,2025-06-30 21:44:07,43.3576812744141,-8.84520721435547,"Unknown"
"7014851",371865,2025-06-30 21:49:09,43.3576507568359,-8.84522342681885,"Unknown"
"7014851",371865,2025-06-30 21:54:08,43.3578262329102,-8.8454532623291,"Unknown"
"7014851",371865,2025-06-30 21:59:09,43.3575668334961,-8.84504318237305,"Unknown"
"7014851",371865,2025-06-30 22:04:16,43.3576049804688,-8.84506320953369,"Unknown"
"7014851",371865,2025-06-30 22:09:10,43.357666015625,-8.84511280059814,"Unknown"
"7014851",371865,2025-06-30 22:14:35,43.3575668334961,-8.84512519836426,"Unknown"
"7014851",371865,2025-06-30 22:19:06,43.3576202392578,-8.84508991241455,"Unknown"
"7014851",371865,2025-06-30 22:24:06,43.3576354980469,-8.84508609771729,"Unknown"
"7014851",371865,2025-06-30 22:29:05,43.3575782775879,-8.84508609771729,"Unknown"
"7014851",371865,2025-06-30 22:34:06,43.3576011657715,-8.8450984954834,"Unknown"
"7014851",371865,2025-06-30 22:39:05,43.3576126098633,-8.84510898590088,"Unknown"
"7014851",371865,2025-06-30 22:44:07,43.3576011657715,-8.84506416320801,"Unknown"
"7014851",371865,2025-06-30 22:49:06,43.3575592041016,-8.84512519836426,"Unknown"
"7014851",371865,2025-06-30 22:54:05,43.3575706481934,-8.84514141082764,"Unknown"
"7014851",371865,2025-06-30 22:59:05,43.3576126098633,-8.84508419036865,"Unknown"
"7014851",371865,2025-06-30 23:04:06,43.3575592041016,-8.84513473510742,"Unknown"
"7014851",371865,2025-06-30 23:09:05,43.3575859069824,-8.84514331817627,"Unknown"
"7014851",371865,2025-06-30 23:14:06,43.3576049804688,-8.84509181976318,"Unknown"
"7014851",371865,2025-06-30 23:19:06,43.357666015625,-8.84512996673584,"Unknown"
"7014851",371865,2025-06-30 23:24:08,43.3576583862305,-8.84508037567139,"Unknown"
"7014851",371865,2025-06-30 23:29:07,43.3576278686523,-8.84510326385498,"Unknown"
"7014851",371865,2025-06-30 23:34:05,43.3575897216797,-8.8451099395752,"Unknown"
"7014851",371865,2025-06-30 23:39:05,43.3575630187988,-8.84508895874023,"Unknown"
"7014851",371865,2025-06-30 23:44:05,43.3575820922852,-8.84507179260254,"Unknown"
"7014851",371865,2025-06-30 23:49:05,43.3576049804688,-8.8450927734375,"Unknown"
"7014851",371865,2025-06-30 23:54:05,43.3576316833496,-8.84505462646484,"Unknown"
"7014851",371865,2025-06-30 23:59:05,43.3575859069824,-8.84502601623535,"Unknown"
"7014851",371865,2025-07-01 00:04:06,43.3575782775879,-8.8451042175293,"Unknown"
"7014851",371865,2025-07-01 00:09:06,43.3575973510742,-8.84502983093262,"Unknown"
"7014851",371865,2025-07-01 00:14:06,43.3576812744141,-8.84502029418945,"Unknown"
"7014851",371865,2025-07-01 00:19:05,43.3575019836426,-8.84502696990967,"Unknown"
"7014851",371865,2025-07-01 00:24:06,43.3576393127441,-8.84508609771729,"Unknown"
"7014851",371865,2025-07-01 00:29:06,43.3576278686523,-8.84510231018066,"Unknown"
"7014851",371865,2025-07-01 00:34:06,43.3576316833496,-8.8450870513916,"Unknown"
"7014851",371865,2025-07-01 00:39:19,43.3576393127441,-8.8450813293457,"Unknown"
"7014851",371865,2025-07-01 00:44:21,43.3576316833496,-8.84505462646484,"Unknown"
"7014851",371865,2025-07-01 00:49:20,43.3576393127441,-8.84508800506592,"Unknown"
"7014851",371865,2025-07-01 00:54:19,43.3576393127441,-8.84507751464844,"Unknown"
"7014851",371865,2025-07-01 00:59:18,43.3575820922852,-8.84510803222656,"Unknown"
"7014851",371865,2025-07-01 01:04:33,43.357593536377,-8.84510612487793,"Unknown"
"7014851",371865,2025-07-01 01:09:11,43.3575897216797,-8.84510231018066,"Unknown"
"7014851",371865,2025-07-01 01:14:16,43.3575897216797,-8.84514331817627,"Unknown"
"7014851",371865,2025-07-01 01:19:18,43.3575744628906,-8.8451099395752,"Unknown"
"7014851",371865,2025-07-01 01:24:27,43.3575782775879,-8.84518909454346,"Unknown"
"7014851",371865,2025-07-01 01:29:18,43.3575706481934,-8.84515571594238,"Unknown"
"7014851",371865,2025-07-01 01:34:18,43.3575782775879,-8.84515857696533,"Unknown"
"7014851",371865,2025-07-01 01:39:18,43.3575973510742,-8.84511661529541,"Unknown"
"7014851",371865,2025-07-01 01:44:13,43.3575592041016,-8.84517860412598,"Unknown"
"7014851",371865,2025-07-01 01:49:11,43.3576545715332,-8.84492492675781,"Unknown"
"7014851",371865,2025-07-01 01:54:18,43.357551574707,-8.84514236450195,"Unknown"
"7014851",371865,2025-07-01 01:59:19,43.357608795166,-8.84508323669434,"Unknown"
"7014851",371865,2025-07-01 02:04:35,43.3575248718262,-8.84520721435547,"Unknown"
"7014851",371865,2025-07-01 02:09:11,43.3577079772949,-8.8449182510376,"Unknown"
"7014851",371865,2025-07-01 02:14:09,43.3575553894043,-8.84519958496094,"Unknown"
"7014851",371865,2025-07-01 02:19:11,43.3575248718262,-8.84480285644531,"Unknown"
"7014851",371865,2025-07-01 02:24:31,43.357608795166,-8.84510612487793,"Unknown"
"7014851",371865,2025-07-01 02:29:06,43.3576583862305,-8.84508514404297,"Unknown"
"7014851",371865,2025-07-01 02:34:06,43.3575820922852,-8.8450927734375,"Unknown"
"7014851",371865,2025-07-01 02:39:12,43.3576049804688,-8.84500026702881,"Unknown"
"7014851",371865,2025-07-01 02:44:06,43.3577499389648,-8.84511470794678,"Unknown"
"7014851",371865,2025-07-01 02:49:06,43.3577423095703,-8.84521484375,"Unknown"
"7014851",371865,2025-07-01 02:54:06,43.3577728271484,-8.84513664245605,"Unknown"
"7014851",371865,2025-07-01 02:59:06,43.3576202392578,-8.84513759613037,"Unknown"
"7014851",371865,2025-07-01 03:04:06,43.3577346801758,-8.84527587890625,"Unknown"
"7014851",371865,2025-07-01 03:09:07,43.3578109741211,-8.84543323516846,"Unknown"
"7014851",371865,2025-07-01 03:14:09,43.3576202392578,-8.84526062011719,"Unknown"
"7014851",371865,2025-07-01 03:19:08,43.35791015625,-8.84551811218262,"Unknown"
"7014851",371865,2025-07-01 03:24:07,43.3577117919922,-8.84522819519043,"Unknown"
"7014851",371865,2025-07-01 03:29:07,43.3577728271484,-8.8453540802002,"Unknown"
"7014851",371865,2025-07-01 03:34:13,43.3578643798828,-8.84519290924072,"Unknown"
"7014851",371865,2025-07-01 03:39:13,43.3578338623047,-8.84534549713135,"Unknown"
"7014851",371865,2025-07-01 03:44:11,43.357852935791,-8.84535980224609,"Unknown"
"7014851",371865,2025-07-01 03:49:09,43.3576278686523,-8.84521579742432,"Unknown"
"7014851",371865,2025-07-01 03:54:10,43.3575019836426,-8.84514904022217,"Unknown"
"7014851",371865,2025-07-01 03:59:13,43.357479095459,-8.84478950500488,"Unknown"
"7014851",371865,2025-07-01 04:04:06,43.3701629638672,-8.8522481918335,"Unknown"
"7014851",371865,2025-07-01 04:09:08,43.3926429748535,-8.8639440536499,"Unknown"
"7014851",371865,2025-07-01 04:14:07,43.4128494262695,-8.88087844848633,"Unknown"
"7014851",371865,2025-07-01 04:19:08,43.4325790405273,-8.89633464813232,"Unknown"
"7014851",371865,2025-07-01 04:24:19,43.4455986022949,-8.9028263092041,"Unknown"
"7014851",371865,2025-07-01 04:29:20,43.4460144042969,-8.90336990356445,"Unknown"
"7014851",371865,2025-07-01 04:34:13,43.4462394714355,-8.90384864807129,"Unknown"
"7014851",371865,2025-07-01 04:39:21,43.4468460083008,-8.90499687194824,"Unknown"
"7014851",371865,2025-07-01 04:44:18,43.4473724365234,-8.906174659729,"Unknown"
"7014851",371865,2025-07-01 04:49:10,43.4561729431152,-8.92666530609131,"Unknown"
"7014851",371865,2025-07-01 04:54:10,43.4750175476074,-8.93534755706787,"Unknown"
"7014851",371865,2025-07-01 04:59:11,43.4971008300781,-8.92894458770752,"Unknown"
"7014851",371865,2025-07-01 05:04:11,43.5156173706055,-8.91842174530029,"Unknown"
"7014851",371865,2025-07-01 05:09:10,43.5378913879395,-8.91713714599609,"Unknown"
"7014851",371865,2025-07-01 05:14:12,43.5592918395996,-8.91671180725098,"Unknown"
"7014851",371865,2025-07-01 05:19:09,43.5807647705078,-8.90135860443115,"Unknown"
"7014851",371865,2025-07-01 05:24:11,43.6008415222168,-8.88791465759277,"Unknown"
"7014851",371865,2025-07-01 05:29:11,43.6204681396484,-8.87332630157471,"Unknown"
"7014851",371865,2025-07-01 05:34:51,43.6425361633301,-8.85036945343018,"Unknown"
"7014851",371865,2025-07-01 05:39:05,43.6496925354004,-8.85113716125488,"Unknown"
"7014851",371865,2025-07-01 05:44:13,43.6483268737793,-8.85162258148193,"Unknown"
"7014851",371865,2025-07-01 05:49:06,43.6567878723145,-8.83900451660156,"Unknown"
"7014851",371865,2025-07-01 05:54:10,43.6730270385742,-8.82248783111572,"Unknown"
"7014851",371865,2025-07-01 05:59:17,43.6827239990234,-8.79691886901855,"Unknown"
"7014851",371865,2025-07-01 06:05:08,43.7041778564453,-8.79291152954102,"Unknown"
"7014851",371865,2025-07-01 06:09:10,43.713306427002,-8.78069114685059,"Unknown"
"7014851",371865,2025-07-01 06:14:53,43.7240409851074,-8.75575256347656,"Unknown"
"7014851",371865,2025-07-01 06:19:07,43.7279739379883,-8.73083305358887,"Unknown"
"7014851",371865,2025-07-01 06:24:12,43.732852935791,-8.69985485076904,"Unknown"
"7014851",371865,2025-07-01 06:29:18,43.7457084655762,-8.6868724822998,"Unknown"
"7014851",371865,2025-07-01 06:34:06,43.7494049072266,-8.69315338134766,"Unknown"
"7014851",371865,2025-07-01 06:39:19,43.7631530761719,-8.70113945007324,"Unknown"
"7014851",371865,2025-07-01 06:44:07,43.7806396484375,-8.70897006988525,"Unknown"
"7014851",371865,2025-07-01 06:49:20,43.7923774719238,-8.69215869903564,"Unknown"
"7014851",371865,2025-07-01 06:54:09,43.8068885803223,-8.69696617126465,"Unknown"
"7014851",371865,2025-07-01 06:59:19,43.8205413818359,-8.68234825134277,"Unknown"
"7014851",371865,2025-07-01 07:04:21,43.8350448608398,-8.67907238006592,"Unknown"
"7014851",371865,2025-07-01 07:09:23,43.850887298584,-8.68422412872314,"Unknown"
"7014851",371865,2025-07-01 07:14:20,43.8536338806152,-8.66663551330566,"Unknown"
"7014851",371865,2025-07-01 07:19:20,43.8611526489258,-8.65654277801514,"Unknown"
"7014851",371865,2025-07-01 07:24:23,43.8614921569824,-8.65689373016357,"Unknown"
"7014851",371865,2025-07-01 07:29:13,43.8635520935059,-8.65721797943115,"Unknown"
"7014851",371865,2025-07-01 07:34:21,43.8773651123047,-8.64602184295654,"Unknown"
"7014851",371865,2025-07-01 07:39:13,43.886962890625,-8.6427116394043,"Unknown"
"7014851",371865,2025-07-01 07:44:27,43.8815498352051,-8.63629722595215,"Unknown"
"7014851",371865,2025-07-01 07:54:12,43.880428314209,-8.636305809021,"Unknown"
"7014851",371865,2025-07-01 07:59:17,43.8728179931641,-8.61048316955566,"Unknown"
"7014851",371865,2025-07-01 08:04:18,43.8699073791504,-8.57664108276367,"Unknown"
"7014851",371865,2025-07-01 08:09:21,43.8817596435547,-8.55888080596924,"Unknown"
"7014851",371865,2025-07-01 08:14:27,43.9012451171875,-8.55661487579346,"Unknown"
"7014851",371865,2025-07-01 08:19:24,43.9114112854004,-8.53643417358398,"Unknown"
"7014851",371865,2025-07-01 08:24:17,43.9237785339355,-8.52353763580322,"Unknown"
"7014851",371865,2025-07-01 08:29:26,43.9317436218262,-8.52830505371094,"Unknown"
"7014851",371865,2025-07-01 08:34:23,43.9381484985352,-8.54217147827148,"Unknown"
"7014851",371865,2025-07-01 08:39:09,43.9373054504395,-8.54254722595215,"Unknown"
"7014851",371865,2025-07-01 08:44:28,43.9364051818848,-8.54304981231689,"Unknown"
"7014851",371865,2025-07-01 08:49:22,43.9355850219727,-8.54373550415039,"Unknown"
"7014851",371865,2025-07-01 08:54:10,43.9347076416016,-8.54443645477295,"Unknown"
"7014851",371865,2025-07-01 08:59:11,43.9337692260742,-8.54458713531494,"Unknown"
"7014851",371865,2025-07-01 09:04:09,43.9315414428711,-8.54415512084961,"Unknown"
"7014851",371865,2025-07-01 09:09:13,43.9309349060059,-8.54465866088867,"Unknown"
"7014851",371865,2025-07-01 09:14:10,43.9304122924805,-8.54524421691895,"Unknown"
"7014851",371865,2025-07-01 09:19:16,43.9297561645508,-8.54608535766602,"Unknown"
"7014851",371865,2025-07-01 09:24:53,43.9288139343262,-8.54669094085693,"Unknown"
"7014851",371865,2025-07-01 09:29:03,43.9280319213867,-8.54694271087646,"Unknown"
"7014851",371865,2025-07-01 09:34:07,43.9273109436035,-8.54753589630127,"Unknown"
"7014851",371865,2025-07-01 09:39:05,43.9267272949219,-8.54821395874023,"Unknown"
"7014851",371865,2025-07-01 09:44:04,43.9272193908691,-8.54943752288818,"Unknown"
"7014851",371865,2025-07-01 09:49:03,43.926383972168,-8.55013179779053,"Unknown"
"7014851",371865,2025-07-01 09:54:09,43.9245338439941,-8.55006313323975,"Unknown"
"7014851",371865,2025-07-01 09:59:03,43.9238433837891,-8.5508918762207,"Unknown"
"7014851",371865,2025-07-01 10:04:03,43.9232788085938,-8.55158042907715,"Unknown"
"7014851",371865,2025-07-01 10:09:11,43.922908782959,-8.55224514007568,"Unknown"
"7014851",371865,2025-07-01 10:14:05,43.922679901123,-8.55310916900635,"Unknown"
"7014851",371865,2025-07-01 10:19:11,43.9224624633789,-8.55383491516113,"Unknown"
"7014851",371865,2025-07-01 10:24:12,43.9221611022949,-8.55424308776855,"Unknown"
"7014851",371865,2025-07-01 10:29:11,43.9214897155762,-8.55462837219238,"Unknown"
"7014851",371865,2025-07-01 10:34:07,43.9206199645996,-8.55518913269043,"Unknown"
"7014851",371865,2025-07-01 10:39:07,43.9200477600098,-8.55612373352051,"Unknown"
"7014851",371865,2025-07-01 10:44:06,43.9198150634766,-8.55680370330811,"Unknown"
"7014851",371865,2025-07-01 10:49:11,43.9195213317871,-8.55742359161377,"Unknown"
"7014851",371865,2025-07-01 10:54:08,43.9194946289062,-8.55789375305176,"Unknown"
"7014851",371865,2025-07-01 10:59:06,43.9193496704102,-8.55815887451172,"Unknown"
"7014851",371865,2025-07-01 11:04:03,43.9146575927734,-8.56364154815674,"Unknown"
"7014851",371865,2025-07-01 11:09:09,43.9165725708008,-8.57336330413818,"Unknown"
"7014851",371865,2025-07-01 11:14:13,43.9166030883789,-8.57338237762451,"Unknown"
"7014851",371865,2025-07-01 11:19:06,43.9161911010742,-8.57355690002441,"Unknown"
"7014851",371865,2025-07-01 11:24:09,43.9160690307617,-8.57398223876953,"Unknown"
"7014851",371865,2025-07-01 11:29:09,43.9156341552734,-8.57448482513428,"Unknown"
"7014851",371865,2025-07-01 11:34:09,43.9153175354004,-8.57534885406494,"Unknown"
"7014851",371865,2025-07-01 11:39:09,43.915283203125,-8.57581901550293,"Unknown"
"7014851",371865,2025-07-01 11:44:09,43.9153938293457,-8.57641124725342,"Unknown"
"7014851",371865,2025-07-01 11:49:11,43.9157104492188,-8.57590103149414,"Unknown"
"7014851",371865,2025-07-01 11:54:45,43.9213676452637,-8.61598300933838,"Unknown"
"7014851",371865,2025-07-01 11:59:09,43.9192008972168,-8.62703227996826,"Unknown"
"7014851",371865,2025-07-01 12:04:07,43.9208908081055,-8.62651348114014,"Unknown"
"7014851",371865,2025-07-01 12:09:15,43.9201316833496,-8.62776947021484,"Unknown"
"7014851",371865,2025-07-01 12:14:09,43.9209098815918,-8.62355327606201,"Unknown"
"7014851",371865,2025-07-01 12:20:23,43.9210586547852,-8.62430000305176,"Unknown"
"7014851",371865,2025-07-01 12:24:11,43.9217338562012,-8.62480545043945,"Unknown"
"7014851",371865,2025-07-01 12:29:10,43.9221687316895,-8.62519550323486,"Unknown"
"7014851",371865,2025-07-01 12:34:09,43.9235763549805,-8.62512493133545,"Unknown"
"7014851",371865,2025-07-01 12:39:09,43.9232940673828,-8.62592029571533,"Unknown"
"7014851",371865,2025-07-01 12:44:09,43.9233932495117,-8.62468528747559,"Unknown"
"7014851",371865,2025-07-01 12:49:36,43.9234504699707,-8.62459850311279,"Unknown"
"7014851",371865,2025-07-01 12:54:33,43.9233856201172,-8.62419033050537,"Unknown"
"7014851",371865,2025-07-01 12:59:07,43.9239196777344,-8.62414741516113,"Unknown"
"7014851",371865,2025-07-01 13:04:06,43.9245376586914,-8.62399482727051,"Unknown"
"7014851",371865,2025-07-01 13:09:09,43.9255332946777,-8.62349605560303,"Unknown"
"7014851",371865,2025-07-01 13:14:04,43.926383972168,-8.6230001449585,"Unknown"
"7014851",371865,2025-07-01 13:19:06,43.9271011352539,-8.62255573272705,"Unknown"
"7014851",371865,2025-07-01 13:24:04,43.9280128479004,-8.62186717987061,"Unknown"
"7014851",371865,2025-07-01 13:29:07,43.9287261962891,-8.62147617340088,"Unknown"
"7014851",371865,2025-07-01 13:34:08,43.9298858642578,-8.62118434906006,"Unknown"
"7014851",371865,2025-07-01 13:39:09,43.9309310913086,-8.62106895446777,"Unknown"
"7014851",371865,2025-07-01 13:44:09,43.9319534301758,-8.62154769897461,"Unknown"
"7014851",371865,2025-07-01 13:49:12,43.9330139160156,-8.62205982208252,"Unknown"
"7014851",371865,2025-07-01 13:54:09,43.9349708557129,-8.62184810638428,"Unknown"
"7014851",371865,2025-07-01 13:59:09,43.9355239868164,-8.62172222137451,"Unknown"
"7014851",371865,2025-07-01 14:04:19,43.9358673095703,-8.62141227722168,"Unknown"
"7014851",371865,2025-07-01 14:09:09,43.9362983703613,-8.62080955505371,"Unknown"
"7014851",371865,2025-07-01 14:14:09,43.9367599487305,-8.62001705169678,"Unknown"
"7014851",371865,2025-07-01 14:19:23,43.937255859375,-8.61957359313965,"Unknown"
"7014851",371865,2025-07-01 14:24:12,43.9378929138184,-8.61926078796387,"Unknown"
"7014851",371865,2025-07-01 14:29:35,43.9374084472656,-8.60610294342041,"Unknown"
"7014851",371865,2025-07-01 14:34:07,43.9391784667969,-8.60517501831055,"Unknown"
"7014851",371865,2025-07-01 14:39:09,43.9399223327637,-8.60546779632568,"Unknown"
"7014851",371865,2025-07-01 14:44:09,43.940601348877,-8.60536479949951,"Unknown"
"7014851",371865,2025-07-01 14:49:10,43.9412727355957,-8.60511302947998,"Unknown"
"7014851",371865,2025-07-01 14:54:04,43.9453811645508,-8.60641574859619,"Unknown"
"7014851",371865,2025-07-01 14:59:09,43.955924987793,-8.58943653106689,"Unknown"
"7014851",371865,2025-07-01 15:04:06,43.9361419677734,-8.57782936096191,"Unknown"
"7014851",371865,2025-07-01 15:09:04,43.905029296875,-8.60624313354492,"Unknown"
"7014851",371865,2025-07-01 15:14:10,43.8904266357422,-8.61212730407715,"Unknown"
"7014851",371865,2025-07-01 15:19:13,43.8808212280273,-8.6162633895874,"Unknown"
"7014851",371865,2025-07-01 15:24:09,43.841381072998,-8.64013957977295,"Unknown"
"7014851",371865,2025-07-01 15:29:07,43.8390884399414,-8.64369106292725,"Unknown"
"7014851",371865,2025-07-01 15:34:06,43.8390960693359,-8.6450023651123,"Unknown"
"7014851",371865,2025-07-01 15:39:13,43.8382453918457,-8.64497852325439,"Unknown"
"7014851",371865,2025-07-01 15:44:10,43.8371734619141,-8.64626121520996,"Unknown"
"7014851",371865,2025-07-01 15:49:35,43.8368034362793,-8.64787483215332,"Unknown"
"7014851",371865,2025-07-01 15:54:04,43.8367538452148,-8.64890575408936,"Unknown"
"7014851",371865,2025-07-01 15:59:09,43.8272819519043,-8.66040229797363,"Unknown"
"7014851",371865,2025-07-01 16:04:04,43.8272666931152,-8.65990543365479,"Unknown"
"7014851",371865,2025-07-01 16:09:09,43.8212814331055,-8.6611213684082,"Unknown"
"7014851",371865,2025-07-01 16:14:04,43.8214149475098,-8.66242027282715,"Unknown"
"7014851",371865,2025-07-01 16:19:06,43.821647644043,-8.66354751586914,"Unknown"
"7014851",371865,2025-07-01 16:24:06,43.8166084289551,-8.67053699493408,"Unknown"
"7014851",371865,2025-07-01 16:29:06,43.7956428527832,-8.71208667755127,"Unknown"
"7014851",371865,2025-07-01 16:34:07,43.794376373291,-8.71480369567871,"Unknown"
"7014851",371865,2025-07-01 16:39:05,43.7905082702637,-8.72878170013428,"Unknown"
"7014851",371865,2025-07-01 16:44:06,43.7729911804199,-8.75279712677002,"Unknown"
"7014851",371865,2025-07-01 16:49:04,43.7658348083496,-8.75946712493896,"Unknown"
"7014851",371865,2025-07-01 16:55:10,43.7418327331543,-8.81215572357178,"Unknown"
"7014851",371865,2025-07-01 16:59:05,43.7213172912598,-8.84351062774658,"Unknown"
"7014851",371865,2025-07-01 17:04:05,43.6926574707031,-8.8823766708374,"Unknown"
"7014851",371865,2025-07-01 17:09:10,43.6766510009766,-8.92833042144775,"Unknown"
"7014851",371865,2025-07-01 17:14:12,43.6449241638184,-8.96604347229004,"Unknown"
"7014851",371865,2025-07-01 17:19:10,43.621410369873,-9.00965118408203,"Unknown"
"7014851",371865,2025-07-01 17:24:06,43.5891647338867,-9.0449857711792,"Unknown"
"7014851",371865,2025-07-01 17:29:04,43.5545425415039,-9.07495021820068,"Unknown"
"7014851",371865,2025-07-01 17:34:07,43.5435485839844,-9.10737895965576,"Unknown"
"7014851",371865,2025-07-01 17:39:03,43.5427322387695,-9.1075611114502,"Unknown"
"7014851",371865,2025-07-01 17:44:04,43.5292892456055,-9.09147644042969,"Unknown"
"7014851",371865,2025-07-01 17:49:37,43.4951057434082,-9.05364799499512,"Unknown"
"7014851",371865,2025-07-01 17:54:05,43.4652214050293,-9.02299118041992,"Unknown"
"7014851",371865,2025-07-01 17:59:04,43.4319877624512,-8.98959732055664,"Unknown"
"7014851",371865,2025-07-01 18:04:07,43.4077606201172,-8.94857788085938,"Unknown"
"7014851",371865,2025-07-01 18:09:04,43.3833694458008,-8.90880107879639,"Unknown"
"7014851",371865,2025-07-01 18:14:09,43.3684272766113,-8.86807250976562,"Unknown"
"7014851",371865,2025-07-01 18:19:04,43.3580474853516,-8.84576511383057,"Unknown"
"7014851",371865,2025-07-01 18:24:09,43.3578643798828,-8.84544467926025,"Unknown"
"7014851",371865,2025-07-01 18:29:10,43.3577919006348,-8.84568023681641,"Unknown"
"7014851",371865,2025-07-01 18:34:12,43.3578186035156,-8.84561443328857,"Unknown"
"7014851",371865,2025-07-01 18:39:09,43.3577003479004,-8.84586238861084,"Unknown"
"7014851",371865,2025-07-01 18:44:09,43.3576889038086,-8.8459587097168,"Unknown"
"7014851",371865,2025-07-01 18:49:12,43.3581237792969,-8.8438606262207,"Unknown"
"7014851",371865,2025-07-01 18:54:06,43.3576507568359,-8.84568691253662,"Unknown"
"7014851",371865,2025-07-01 18:59:05,43.3576774597168,-8.84551334381104,"Unknown"
"7014851",371865,2025-07-01 19:04:10,43.357852935791,-8.84543228149414,"Unknown"
"7014851",371865,2025-07-01 19:09:13,43.3577423095703,-8.84559440612793,"Unknown"
"7014851",371865,2025-07-01 19:14:11,43.3577995300293,-8.84547233581543,"Unknown"
"7014851",371865,2025-07-01 19:19:04,43.3578300476074,-8.84558200836182,"Unknown"
"7014851",371865,2025-07-01 19:24:04,43.3578720092773,-8.84525108337402,"Unknown"
"7014851",371865,2025-07-01 19:29:10,43.3578605651855,-8.84531021118164,"Unknown"
"7014851",371865,2025-07-01 19:34:07,43.3576431274414,-8.8452033996582,"Unknown"
"7014851",371865,2025-07-01 19:39:07,43.3578834533691,-8.84516334533691,"Unknown"
"7014851",371865,2025-07-01 19:44:09,43.3578796386719,-8.84518051147461,"Unknown"
"7014851",371865,2025-07-01 19:52:05,43.3576126098633,-8.8450813293457,"Unknown"
"7014851",371865,2025-07-01 19:56:39,43.3576278686523,-8.84502410888672,"Unknown"
"7014851",371865,2025-07-01 20:01:39,43.3575973510742,-8.84510040283203,"Unknown"
"7014851",371865,2025-07-01 20:06:39,43.3576164245605,-8.84499549865723,"Unknown"
"7014851",371865,2025-07-01 20:11:41,43.3575630187988,-8.84513092041016,"Unknown"
"7014851",371865,2025-07-01 20:16:40,43.3576965332031,-8.84517669677734,"Unknown"
"7014851",371865,2025-07-01 20:21:39,43.3576431274414,-8.84499645233154,"Unknown"
"7014851",371865,2025-07-01 20:26:39,43.3576698303223,-8.84508609771729,"Unknown"
"7014851",371865,2025-07-01 20:31:48,43.3575630187988,-8.84512329101562,"Unknown"
"7014851",371865,2025-07-01 20:36:50,43.3575553894043,-8.84511852264404,"Unknown"
"7014851",371865,2025-07-01 20:41:50,43.3575859069824,-8.84507656097412,"Unknown"
"7014851",371865,2025-07-01 20:46:39,43.3576011657715,-8.84505748748779,"Unknown"
"7014851",371865,2025-07-01 20:51:56,43.3575782775879,-8.8450813293457,"Unknown"
"7014851",371865,2025-07-01 20:56:39,43.3575630187988,-8.84510517120361,"Unknown"
"7014851",371865,2025-07-01 21:01:40,43.3576469421387,-8.84507465362549,"Unknown"
"7014851",371865,2025-07-01 21:06:40,43.3576354980469,-8.8450288772583,"Unknown"
"7014851",371865,2025-07-01 21:11:46,43.3575744628906,-8.84509372711182,"Unknown"
"7014851",371865,2025-07-01 21:16:43,43.357551574707,-8.84498023986816,"Unknown"
"7014851",371865,2025-07-01 21:21:45,43.3576240539551,-8.84501075744629,"Unknown"
"7014851",371865,2025-07-01 21:26:47,43.3575477600098,-8.84501838684082,"Unknown"
"7014851",371865,2025-07-01 21:31:45,43.3575706481934,-8.84505367279053,"Unknown"
"7014851",371865,2025-07-01 21:37:05,43.3576011657715,-8.84506607055664,"Unknown"
"7014851",371865,2025-07-01 21:41:39,43.3575477600098,-8.84513568878174,"Unknown"
"7014851",371865,2025-07-01 21:46:40,43.357608795166,-8.84506988525391,"Unknown"
"7014851",371865,2025-07-01 21:51:39,43.3575592041016,-8.84509658813477,"Unknown"
"7014851",371865,2025-07-01 21:56:40,43.3575859069824,-8.84508991241455,"Unknown"
"7014851",371865,2025-07-01 22:01:39,43.3575401306152,-8.84512519836426,"Unknown"
"7014851",371865,2025-07-01 22:06:39,43.3575325012207,-8.84513473510742,"Unknown"
"7014851",371865,2025-07-01 22:11:39,43.3575553894043,-8.84506225585938,"Unknown"
"7014851",371865,2025-07-01 22:16:42,43.3575286865234,-8.84513854980469,"Unknown"
"7014851",371865,2025-07-01 22:21:41,43.3575439453125,-8.84508800506592,"Unknown"
"7014851",371865,2025-07-01 22:26:39,43.3575248718262,-8.8451099395752,"Unknown"
"7014851",371865,2025-07-01 22:31:40,43.3575210571289,-8.84511089324951,"Unknown"
"7014851",371865,2025-07-01 22:36:39,43.3575325012207,-8.84508609771729,"Unknown"
"7014851",371865,2025-07-01 22:41:40,43.3575553894043,-8.84505653381348,"Unknown"
"7014851",371865,2025-07-01 22:46:40,43.3575286865234,-8.84502220153809,"Unknown"
"7014851",371865,2025-07-01 22:51:40,43.3575782775879,-8.84505462646484,"Unknown"
"7014851",371865,2025-07-01 22:56:40,43.357593536377,-8.84506225585938,"Unknown"
"7014851",371865,2025-07-01 23:01:40,43.3575439453125,-8.84509086608887,"Unknown"
"7014851",371865,2025-07-01 23:06:40,43.3574562072754,-8.8450174331665,"Unknown"
"7014851",371865,2025-07-01 23:11:40,43.3574447631836,-8.84508895874023,"Unknown"
"7014851",371865,2025-07-01 23:16:39,43.3575782775879,-8.84516048431396,"Unknown"
"7014851",371865,2025-07-01 23:21:41,43.3574638366699,-8.84507083892822,"Unknown"
"7014851",371865,2025-07-01 23:26:39,43.3574829101562,-8.84506893157959,"Unknown"
"7014851",371865,2025-07-01 23:31:42,43.3573722839355,-8.84491062164307,"Unknown"
"7014851",371865,2025-07-01 23:36:39,43.3573913574219,-8.84545803070068,"Unknown"
"7014851",371865,2025-07-01 23:41:41,43.3573684692383,-8.8448486328125,"Unknown"
"7014851",371865,2025-07-01 23:46:42,43.3573722839355,-8.84499073028564,"Unknown"
"7014851",371865,2025-07-01 23:51:48,43.3577156066895,-8.84520435333252,"Unknown"
"7014851",371865,2025-07-01 23:56:39,43.3576736450195,-8.84506607055664,"Unknown"
"7014851",371865,2025-07-02 00:02:05,43.3575286865234,-8.84513854980469,"Unknown"
"7014851",371865,2025-07-02 00:06:39,43.3574447631836,-8.84510135650635,"Unknown"
"7014851",371865,2025-07-02 00:11:39,43.3574485778809,-8.84514427185059,"Unknown"
"7014851",371865,2025-07-02 00:16:39,43.3572158813477,-8.845139503479,"Unknown"
"7014851",371865,2025-07-02 00:21:42,43.3571739196777,-8.84516143798828,"Unknown"
"7014851",371865,2025-07-02 00:27:05,43.3575782775879,-8.84508991241455,"Unknown"
"7014851",371865,2025-07-02 00:31:39,43.3575782775879,-8.84506607055664,"Unknown"
"7014851",371865,2025-07-02 00:36:39,43.357608795166,-8.84503650665283,"Unknown"
"7014851",371865,2025-07-02 00:41:38,43.3575553894043,-8.84502696990967,"Unknown"
"7014851",371865,2025-07-02 00:46:38,43.3575706481934,-8.84505367279053,"Unknown"
"7014851",371865,2025-07-02 00:51:38,43.3576774597168,-8.84491348266602,"Unknown"
"7014851",371865,2025-07-02 00:56:38,43.3575439453125,-8.84514141082764,"Unknown"
"7014851",371865,2025-07-02 01:01:39,43.3575820922852,-8.84510040283203,"Unknown"
"7014851",371865,2025-07-02 01:06:39,43.3575897216797,-8.8450231552124,"Unknown"
"7014851",371865,2025-07-02 01:11:38,43.3575744628906,-8.84507369995117,"Unknown"
"7014851",371865,2025-07-02 01:16:38,43.3575820922852,-8.84505558013916,"Unknown"
"7014851",371865,2025-07-02 01:21:46,43.3575439453125,-8.84506702423096,"Unknown"
"7014851",371865,2025-07-02 01:26:38,43.3575401306152,-8.8452091217041,"Unknown"
"7014851",371865,2025-07-02 01:31:38,43.3575706481934,-8.8450756072998,"Unknown"
"7014851",371865,2025-07-02 01:36:38,43.3575859069824,-8.84509658813477,"Unknown"
"7014851",371865,2025-07-02 01:41:39,43.3575973510742,-8.84506702423096,"Unknown"
"7014851",371865,2025-07-02 01:46:38,43.3575897216797,-8.84511566162109,"Unknown"
"7014851",371865,2025-07-02 01:51:38,43.3575668334961,-8.84512710571289,"Unknown"
"7014851",371865,2025-07-02 01:56:38,43.3575820922852,-8.84512519836426,"Unknown"
"7014851",371865,2025-07-02 02:01:38,43.3576393127441,-8.84505271911621,"Unknown"
"7014851",371865,2025-07-02 02:06:39,43.3575820922852,-8.84507083892822,"Unknown"
"7014851",371865,2025-07-02 02:11:38,43.3575820922852,-8.84506034851074,"Unknown"
"7014851",371865,2025-07-02 02:17:05,43.3576278686523,-8.84508419036865,"Unknown"
"7014851",371865,2025-07-02 02:21:38,43.357608795166,-8.84513473510742,"Unknown"
"7014851",371865,2025-07-02 02:26:45,43.3575973510742,-8.84511661529541,"Unknown"
"7014851",371865,2025-07-02 02:31:38,43.357593536377,-8.84513473510742,"Unknown"
"7014851",371865,2025-07-02 02:36:38,43.3575592041016,-8.84507846832275,"Unknown"
"7014851",371865,2025-07-02 02:41:38,43.3576965332031,-8.84515571594238,"Unknown"
"7014851",371865,2025-07-02 02:46:38,43.3575019836426,-8.8450870513916,"Unknown"
"7014851",371865,2025-07-02 02:51:39,43.3574371337891,-8.84490394592285,"Unknown"
"7014851",371865,2025-07-02 02:56:40,43.357666015625,-8.84517288208008,"Unknown"
"7014851",371865,2025-07-02 03:01:41,43.3576927185059,-8.84512519836426,"Unknown"
"7014851",371865,2025-07-02 03:06:46,43.3576278686523,-8.84510612487793,"Unknown"
"7014851",371865,2025-07-02 03:11:40,43.3575744628906,-8.84508991241455,"Unknown"
"7014851",371865,2025-07-02 03:16:41,43.3576202392578,-8.84520626068115,"Unknown"
"7014851",371865,2025-07-02 03:21:39,43.3576774597168,-8.84523582458496,"Unknown"
"7014851",371865,2025-07-02 03:26:41,43.357723236084,-8.84514427185059,"Unknown"
"7014851",371865,2025-07-02 03:31:40,43.357536315918,-8.84505844116211,"Unknown"
"7014851",371865,2025-07-02 03:36:39,43.3574638366699,-8.84498119354248,"Unknown"
"7014851",371865,2025-07-02 03:41:40,43.3576011657715,-8.84517765045166,"Unknown"
"7014851",371865,2025-07-02 03:46:40,43.3575553894043,-8.84511089324951,"Unknown"
"7014851",371865,2025-07-02 03:51:41,43.3577270507812,-8.8452672958374,"Unknown"
"7014851",371865,2025-07-02 03:56:49,43.3575630187988,-8.84504127502441,"Unknown"
"7014851",371865,2025-07-02 04:01:38,43.3576011657715,-8.84501266479492,"Unknown"
"7014851",371865,2025-07-02 04:06:49,43.3577156066895,-8.84357643127441,"Unknown"
"7014851",371865,2025-07-02 04:12:05,43.3575859069824,-8.84510040283203,"Unknown"
"7014851",371865,2025-07-02 04:16:39,43.3576316833496,-8.84506130218506,"Unknown"
"7014851",371865,2025-07-02 04:21:38,43.357593536377,-8.84512233734131,"Unknown"
"7014851",371865,2025-07-02 04:26:38,43.357593536377,-8.84514427185059,"Unknown"
"7014851",371865,2025-07-02 04:31:39,43.357593536377,-8.84512424468994,"Unknown"
"7014851",371865,2025-07-02 04:36:38,43.3575172424316,-8.84510803222656,"Unknown"
"7014851",371865,2025-07-02 04:41:38,43.3576545715332,-8.84511280059814,"Unknown"
"7014851",371865,2025-07-02 04:46:38,43.3576126098633,-8.84507751464844,"Unknown"
"7014851",371865,2025-07-02 04:51:39,43.3576011657715,-8.84512519836426,"Unknown"
"7014851",371865,2025-07-02 04:56:39,43.3575782775879,-8.84514904022217,"Unknown"
"7014851",371865,2025-07-02 05:01:39,43.357608795166,-8.84505653381348,"Unknown"
"7014851",371865,2025-07-02 05:06:38,43.3575973510742,-8.84515380859375,"Unknown"
"7014851",371865,2025-07-02 05:11:38,43.3575897216797,-8.84518623352051,"Unknown"
"7014851",371865,2025-07-02 05:16:42,43.3575706481934,-8.84506034851074,"Unknown"
"7014851",371865,2025-07-02 05:21:42,43.3576507568359,-8.84517574310303,"Unknown"
"7014851",371865,2025-07-02 05:26:46,43.3574752807617,-8.84516906738281,"Unknown"
"7014851",371865,2025-07-02 05:31:40,43.3575782775879,-8.84515762329102,"Unknown"
"7014851",371865,2025-07-02 05:36:39,43.3628234863281,-8.84590816497803,"Unknown"
"7014851",371865,2025-07-02 05:41:41,43.3771858215332,-8.85529136657715,"Unknown"
"7014851",371865,2025-07-02 05:46:42,43.3968238830566,-8.86023044586182,"Unknown"
"7014851",371865,2025-07-02 05:51:47,43.4171981811523,-8.86858940124512,"Unknown"
"7014851",371865,2025-07-02 05:56:54,43.4233016967773,-8.85921001434326,"Unknown"
"7014851",371865,2025-07-02 06:01:48,43.422477722168,-8.85859107971191,"Unknown"
"7014851",371865,2025-07-02 06:06:42,43.3868713378906,-8.84730339050293,"Unknown"
"7014851",371865,2025-07-02 06:11:48,43.3575477600098,-8.84503650665283,"Unknown"
"7014851",371865,2025-07-02 06:16:42,43.3573226928711,-8.84462261199951,"Unknown"
"7014851",371865,2025-07-02 06:22:01,43.357536315918,-8.84501457214355,"Unknown"
"7014851",371865,2025-07-02 06:26:38,43.3575592041016,-8.8450927734375,"Unknown"
"7014851",371865,2025-07-02 06:31:38,43.3575477600098,-8.84513854980469,"Unknown"
"7014851",371865,2025-07-02 06:36:39,43.3575439453125,-8.84496688842773,"Unknown"
"7014851",371865,2025-07-02 06:41:41,43.357551574707,-8.84512710571289,"Unknown"
"7014851",371865,2025-07-02 06:46:43,43.357536315918,-8.84510231018066,"Unknown"
"7014851",371865,2025-07-02 06:51:38,43.357536315918,-8.845139503479,"Unknown"
"7014851",371865,2025-07-02 06:56:38,43.3576240539551,-8.84512710571289,"Unknown"
"7014851",371865,2025-07-02 07:01:38,43.3573913574219,-8.8451623916626,"Unknown"
"7014851",371865,2025-07-02 07:06:38,43.3574981689453,-8.84512615203857,"Unknown"
"7014851",371865,2025-07-02 07:11:39,43.3577117919922,-8.84517955780029,"Unknown"
"7014851",371865,2025-07-02 07:16:38,43.3575019836426,-8.8451623916626,"Unknown"
"7014851",371865,2025-07-02 07:21:40,43.3575668334961,-8.84512519836426,"Unknown"
"7014851",371865,2025-07-02 07:26:42,43.3577842712402,-8.84509944915771,"Unknown"
"7014851",371865,2025-07-02 07:31:41,43.3575553894043,-8.84511184692383,"Unknown"
"7014851",371865,2025-07-02 07:36:38,43.3575439453125,-8.84502696990967,"Unknown"
"7014851",371865,2025-07-02 07:41:52,43.3576049804688,-8.845139503479,"Unknown"
"7014851",371865,2025-07-02 07:46:40,43.3575401306152,-8.84511947631836,"Unknown"
"7014851",371865,2025-07-02 07:51:42,43.3575210571289,-8.8451099395752,"Unknown"
"7014851",371865,2025-07-02 07:56:38,43.357608795166,-8.84513378143311,"Unknown"
"7014851",371865,2025-07-02 08:01:38,43.3576469421387,-8.84519481658936,"Unknown"
"7014851",371865,2025-07-02 08:06:39,43.357723236084,-8.84517288208008,"Unknown"
"7014851",371865,2025-07-02 08:11:38,43.3577003479004,-8.84521865844727,"Unknown"
"7014851",371865,2025-07-02 08:16:43,43.3575973510742,-8.84515190124512,"Unknown"
"7014851",371865,2025-07-02 08:22:05,43.3575668334961,-8.84516143798828,"Unknown"
"7014851",371865,2025-07-02 08:26:38,43.3575172424316,-8.84518718719482,"Unknown"
"7014851",371865,2025-07-02 08:31:38,43.3575477600098,-8.84520053863525,"Unknown"
"7014851",371865,2025-07-02 08:36:39,43.3575248718262,-8.84512519836426,"Unknown"
"7014851",371865,2025-07-02 08:41:39,43.3574562072754,-8.84491062164307,"Unknown"
"7014851",371865,2025-07-02 08:46:39,43.3576126098633,-8.84517097473145,"Unknown"
"7014851",371865,2025-07-02 08:51:39,43.3575744628906,-8.84512996673584,"Unknown"
"7014851",371865,2025-07-02 08:56:39,43.3575553894043,-8.84516143798828,"Unknown"
"7014851",371865,2025-07-02 09:01:39,43.3576126098633,-8.84517002105713,"Unknown"
"7014851",371865,2025-07-02 09:06:42,43.3575477600098,-8.84516620635986,"Unknown"
"7014851",371865,2025-07-02 09:11:41,43.3576889038086,-8.84522724151611,"Unknown"
"7014851",371865,2025-07-02 09:16:40,43.357551574707,-8.84503746032715,"Unknown"
"7014851",371865,2025-07-02 09:21:43,43.3578186035156,-8.84547805786133,"Unknown"
"7014851",371865,2025-07-02 09:26:42,43.357666015625,-8.84530735015869,"Unknown"
"7014851",371865,2025-07-02 09:31:41,43.3576774597168,-8.84526443481445,"Unknown"
"7014851",371865,2025-07-02 09:36:43,43.3652267456055,-8.85020351409912,"Unknown"
"7014851",371865,2025-07-02 09:41:49,43.371337890625,-8.84418296813965,"Unknown"
"7014851",371865,2025-07-02 09:46:49,43.3871116638184,-8.85781478881836,"Unknown"
"7014851",371865,2025-07-02 09:51:49,43.398551940918,-8.86615085601807,"Unknown"
"7014851",371865,2025-07-02 09:56:49,43.4159660339355,-8.88892459869385,"Unknown"
"7014851",371865,2025-07-02 10:01:42,43.4321136474609,-8.9129056930542,"Unknown"
"7014851",371865,2025-07-02 10:06:56,43.450267791748,-8.93651962280273,"Unknown"
"7014851",371865,2025-07-02 10:11:41,43.464958190918,-8.95965671539307,"Unknown"
"7014851",371865,2025-07-02 10:16:55,43.4811210632324,-8.98319339752197,"Unknown"
"7014851",371865,2025-07-02 10:21:40,43.4951782226562,-9.00950813293457,"Unknown"
"7014851",371865,2025-07-02 10:26:57,43.5098457336426,-9.03481674194336,"Unknown"
"7014851",371865,2025-07-02 10:32:05,43.518123626709,-9.03836536407471,"Unknown"
"7014851",371865,2025-07-02 10:36:43,43.5177040100098,-9.03906726837158,"Unknown"
"7014851",371865,2025-07-02 10:41:46,43.5168800354004,-9.041428565979,"Unknown"
"7014851",371865,2025-07-02 10:46:39,43.5166893005371,-9.04306602478027,"Unknown"
"7014851",371865,2025-07-02 10:51:40,43.5304489135742,-9.03966522216797,"Unknown"
"7014851",371865,2025-07-02 10:56:39,43.5438652038574,-9.03065013885498,"Unknown"
"7014851",371865,2025-07-02 11:01:41,43.5547523498535,-9.01708507537842,"Unknown"
"7014851",371865,2025-07-02 11:06:40,43.5694847106934,-9.00757503509521,"Unknown"
"7014851",371865,2025-07-02 11:11:41,43.5759811401367,-8.98604011535645,"Unknown"
"7014851",371865,2025-07-02 11:17:00,43.5897407531738,-8.97844982147217,"Unknown"
"7014851",371865,2025-07-02 11:22:00,43.6040077209473,-8.9707202911377,"Unknown"
"7014851",371865,2025-07-02 11:27:29,43.6169052124023,-8.95690727233887,"Unknown"
"7014851",371865,2025-07-02 11:31:44,43.6186599731445,-8.95565509796143,"Unknown"
"7014851",371865,2025-07-02 11:36:42,43.6158752441406,-8.95950412750244,"Unknown"
"7014851",371865,2025-07-02 11:41:43,43.6157417297363,-8.96063137054443,"Unknown"
"7014851",371865,2025-07-02 11:46:44,43.6100196838379,-8.95797634124756,"Unknown"
"7014851",371865,2025-07-02 11:51:39,43.6066017150879,-8.96521377563477,"Unknown"
"7014851",371865,2025-07-02 11:56:49,43.6062164306641,-8.96609401702881,"Unknown"
"7014851",371865,2025-07-02 12:02:08,43.6070327758789,-8.96469593048096,"Unknown"
"7014851",371865,2025-07-02 12:06:43,43.6072616577148,-8.96621131896973,"Unknown"
"7014851",371865,2025-07-02 12:11:39,43.6073837280273,-8.9605541229248,"Unknown"
"7014851",371865,2025-07-02 12:16:43,43.593921661377,-8.96704959869385,"Unknown"
"7014851",371865,2025-07-02 12:21:43,43.5936431884766,-8.96889495849609,"Unknown"
"7014851",371865,2025-07-02 12:26:42,43.5931854248047,-8.97064399719238,"Unknown"
"7014851",371865,2025-07-02 12:31:44,43.5928153991699,-8.97267627716064,"Unknown"
"7014851",371865,2025-07-02 12:36:39,43.5843544006348,-8.98635196685791,"Unknown"
"7014851",371865,2025-07-02 12:41:43,43.5843505859375,-8.98887348175049,"Unknown"
"7014851",371865,2025-07-02 12:46:44,43.5843811035156,-8.99127101898193,"Unknown"
"7014851",371865,2025-07-02 12:51:42,43.5809745788574,-8.99561214447021,"Unknown"
"7014851",371865,2025-07-02 12:56:38,43.5835037231445,-8.99456405639648,"Unknown"
"7014851",371865,2025-07-02 13:01:42,43.5845489501953,-8.99625682830811,"Unknown"
"7014851",371865,2025-07-02 13:06:42,43.585994720459,-8.99471569061279,"Unknown"
"7014851",371865,2025-07-02 13:11:40,43.5871086120605,-8.99130344390869,"Unknown"
"7014851",371865,2025-07-02 13:16:46,43.5886154174805,-8.99195766448975,"Unknown"
"7014851",371865,2025-07-02 13:21:39,43.5902328491211,-8.98651504516602,"Unknown"
"7014851",371865,2025-07-02 13:26:42,43.5905342102051,-8.98800945281982,"Unknown"
"7014851",371865,2025-07-02 13:31:42,43.5910148620605,-8.98911666870117,"Unknown"
"7014851",371865,2025-07-02 13:36:39,43.5879516601562,-8.98806476593018,"Unknown"
"7014851",371865,2025-07-02 13:41:38,43.5878257751465,-8.98803329467773,"Unknown"
"7014851",371865,2025-07-02 13:46:38,43.5878219604492,-8.98756885528564,"Unknown"
"7014851",371865,2025-07-02 13:51:38,43.588306427002,-8.98960399627686,"Unknown"
"7014851",371865,2025-07-02 13:56:41,43.5869674682617,-8.99262619018555,"Unknown"
"7014851",371865,2025-07-02 14:02:23,43.5849075317383,-8.99509525299072,"Unknown"
"7014851",371865,2025-07-02 14:06:38,43.5856285095215,-8.99862670898438,"Unknown"
"7014851",371865,2025-07-02 14:11:41,43.5848350524902,-9.00068473815918,"Unknown"
"7014851",371865,2025-07-02 14:16:38,43.5843620300293,-9.00268459320068,"Unknown"
"7014851",371865,2025-07-02 14:21:39,43.5839080810547,-9.00437068939209,"Unknown"
"7014851",371865,2025-07-02 14:26:41,43.5836448669434,-9.0055570602417,"Unknown"
"7014851",371865,2025-07-02 14:31:39,43.58251953125,-9.00767993927002,"Unknown"
"7014851",371865,2025-07-02 14:36:41,43.5822410583496,-9.00945854187012,"Unknown"
"7014851",371865,2025-07-02 14:41:45,43.581859588623,-9.01039409637451,"Unknown"
"7014851",371865,2025-07-02 14:46:46,43.5817565917969,-9.01174545288086,"Unknown"
"7014851",371865,2025-07-02 14:52:33,43.581226348877,-9.01272773742676,"Unknown"
"7014851",371865,2025-07-02 14:56:38,43.5808792114258,-9.01358604431152,"Unknown"
"7014851",371865,2025-07-02 15:01:38,43.5806503295898,-9.01460552215576,"Unknown"
"7014851",371865,2025-07-02 15:06:37,43.5802841186523,-9.01576137542725,"Unknown"
"7014851",371865,2025-07-02 15:11:37,43.5798606872559,-9.01666355133057,"Unknown"
"7014851",371865,2025-07-02 15:16:38,43.579174041748,-9.0175895690918,"Unknown"
"7014851",371865,2025-07-02 15:21:37,43.5783348083496,-9.01846408843994,"Unknown"
"7014851",371865,2025-07-02 15:26:37,43.5774574279785,-9.01892280578613,"Unknown"
"7014851",371865,2025-07-02 15:31:37,43.5690002441406,-9.01290416717529,"Unknown"
"7014851",371865,2025-07-02 15:36:38,43.5405502319336,-8.98865795135498,"Unknown"
"7014851",371865,2025-07-02 15:41:37,43.5083656311035,-8.96580028533936,"Unknown"
"7014851",371865,2025-07-02 15:46:38,43.4790992736816,-8.94112586975098,"Unknown"
"7014851",371865,2025-07-02 15:51:39,43.4689483642578,-8.93377017974854,"Unknown"
"7014851",371865,2025-07-02 15:56:38,43.4450454711914,-8.9151668548584,"Unknown"
"7014851",371865,2025-07-02 16:01:38,43.4154014587402,-8.89786148071289,"Unknown"
"7014851",371865,2025-07-02 16:06:37,43.3817863464355,-8.87703990936279,"Unknown"
"7014851",371865,2025-07-02 16:11:38,43.355411529541,-8.85210227966309,"Unknown"
"7014851",371865,2025-07-02 16:16:41,43.357666015625,-8.84504222869873,"Unknown"
"7014851",371865,2025-07-02 16:21:47,43.3575897216797,-8.84507942199707,"Unknown"
"7014851",371865,2025-07-02 16:27:05,43.3576469421387,-8.84509658813477,"Unknown"
"7014851",371865,2025-07-02 16:31:38,43.3576278686523,-8.8450813293457,"Unknown"
"7014851",371865,2025-07-02 16:36:40,43.3576164245605,-8.84510326385498,"Unknown"
"7014851",371865,2025-07-02 16:41:37,43.3575553894043,-8.84508800506592,"Unknown"
"7014851",371865,2025-07-02 16:46:40,43.3576965332031,-8.84512519836426,"Unknown"
"7014851",371865,2025-07-02 16:51:38,43.3576507568359,-8.84508228302002,"Unknown"
"7014851",371865,2025-07-02 16:56:38,43.3576698303223,-8.84507942199707,"Unknown"
"7014851",371865,2025-07-02 17:01:38,43.3576965332031,-8.84516906738281,"Unknown"
"7014851",371865,2025-07-02 17:06:41,43.3575134277344,-8.84499835968018,"Unknown"
"7014851",371865,2025-07-02 17:11:41,43.3576354980469,-8.84513378143311,"Unknown"
"7014851",371865,2025-07-02 17:16:37,43.3574485778809,-8.84497737884521,"Unknown"
"7014851",371865,2025-07-02 17:21:39,43.3574485778809,-8.84498310089111,"Unknown"
"7014851",371865,2025-07-02 17:26:41,43.3562698364258,-8.84398555755615,"Unknown"
"7014851",371865,2025-07-02 17:31:48,43.3575897216797,-8.84512042999268,"Unknown"
"7014851",371865,2025-07-02 17:36:41,43.3574028015137,-8.84483337402344,"Unknown"
"7014851",371865,2025-07-02 17:41:48,43.357593536377,-8.84507369995117,"Unknown"
"7014851",371865,2025-07-02 17:46:40,43.3577270507812,-8.84516906738281,"Unknown"
"7014851",371865,2025-07-02 17:51:43,43.3575897216797,-8.84509086608887,"Unknown"
"7014851",371865,2025-07-02 17:56:42,43.3576202392578,-8.84499931335449,"Unknown"
"7014851",371865,2025-07-02 18:01:43,43.3575782775879,-8.84498691558838,"Unknown"
"7014851",371865,2025-07-02 18:06:38,43.3575897216797,-8.84511280059814,"Unknown"
"7014851",371865,2025-07-02 18:11:40,43.3575897216797,-8.8450813293457,"Unknown"
"7014851",371865,2025-07-02 18:16:42,43.3577308654785,-8.8452205657959,"Unknown"
"7014851",371865,2025-07-02 18:21:48,43.3575820922852,-8.84496021270752,"Unknown"
"7014851",371865,2025-07-02 18:26:40,43.3576049804688,-8.84515571594238,"Unknown"
"7014851",371865,2025-07-02 18:32:05,43.3576202392578,-8.84507369995117,"Unknown"
"7014851",371865,2025-07-02 18:36:37,43.3576278686523,-8.84511756896973,"Unknown"
"7014851",371865,2025-07-02 18:41:37,43.3576393127441,-8.84507942199707,"Unknown"
"7014851",371865,2025-07-02 18:46:37,43.3577880859375,-8.84478378295898,"Unknown"
"7014851",371865,2025-07-02 18:51:37,43.3576545715332,-8.84499740600586,"Unknown"
"7014851",371865,2025-07-02 18:56:38,43.3575706481934,-8.84504890441895,"Unknown"
"7014851",371865,2025-07-02 19:01:37,43.357780456543,-8.84500980377197,"Unknown"
"7014851",371865,2025-07-02 19:06:38,43.3576545715332,-8.84510231018066,"Unknown"
"7014851",371865,2025-07-02 19:11:38,43.3580169677734,-8.84488391876221,"Unknown"
"7014851",371865,2025-07-02 19:16:43,43.357536315918,-8.84511756896973,"Unknown"
"7014851",371865,2025-07-02 19:21:40,43.3578033447266,-8.84498691558838,"Unknown"
"7014851",371865,2025-07-02 19:26:42,43.3574829101562,-8.8449125289917,"Unknown"
"7014851",371865,2025-07-02 19:31:40,43.3575439453125,-8.84508037567139,"Unknown"
"7014851",371865,2025-07-02 19:36:41,43.3575210571289,-8.84500026702881,"Unknown"
"7014851",371865,2025-07-02 19:41:40,43.3575172424316,-8.84502410888672,"Unknown"
"7014851",371865,2025-07-02 19:46:48,43.3576889038086,-8.84482383728027,"Unknown"
"7014851",371865,2025-07-02 19:51:43,43.3576049804688,-8.84497356414795,"Unknown"
"7014851",371865,2025-07-02 19:56:42,43.3582229614258,-8.84508228302002,"Unknown"
"7014851",371865,2025-07-02 20:01:48,43.3576011657715,-8.8450927734375,"Unknown"
"7014851",371865,2025-07-02 20:06:43,43.3576164245605,-8.84504413604736,"Unknown"
"7014851",371865,2025-07-02 20:11:43,43.357608795166,-8.84505367279053,"Unknown"
"7014851",371865,2025-07-02 20:16:43,43.3575706481934,-8.84504795074463,"Unknown"
"7014851",371865,2025-07-02 20:21:43,43.3576202392578,-8.84494972229004,"Unknown"
"7014851",371865,2025-07-02 20:26:51,43.3576011657715,-8.84496116638184,"Unknown"
"7014851",371865,2025-07-02 20:31:51,43.3575820922852,-8.84504318237305,"Unknown"
"7014851",371865,2025-07-02 20:36:49,43.3576049804688,-8.84498023986816,"Unknown"
"7014851",371865,2025-07-02 20:41:50,43.3575744628906,-8.84515762329102,"Unknown"
"7014851",371865,2025-07-02 20:46:49,43.3576164245605,-8.84509944915771,"Unknown"
"7014851",371865,2025-07-02 20:52:05,43.3575973510742,-8.84506702423096,"Unknown"
"7014851",371865,2025-07-02 20:56:38,43.3576240539551,-8.84510326385498,"Unknown"
"7014851",371865,2025-07-02 21:01:37,43.3576469421387,-8.84512996673584,"Unknown"
"7014851",371865,2025-07-02 21:06:41,43.3576316833496,-8.8452091217041,"Unknown"
"7014851",371865,2025-07-02 21:11:39,43.3576927185059,-8.84531116485596,"Unknown"
"7014851",371865,2025-07-02 21:16:38,43.3576545715332,-8.84502792358398,"Unknown"
"7014851",371865,2025-07-02 21:21:40,43.3575973510742,-8.84476184844971,"Unknown"
"7014851",371865,2025-07-02 21:26:40,43.3577575683594,-8.8452615737915,"Unknown"
"7014851",371865,2025-07-02 21:31:40,43.3577613830566,-8.84512519836426,"Unknown"
"7014851",371865,2025-07-02 21:36:42,43.3576850891113,-8.84531593322754,"Unknown"
"7014851",371865,2025-07-02 21:41:39,43.357738494873,-8.84523105621338,"Unknown"
"7014851",371865,2025-07-02 21:46:48,43.3575706481934,-8.84507274627686,"Unknown"
"7014851",371865,2025-07-02 21:51:50,43.3575286865234,-8.84498882293701,"Unknown"
"7014851",371865,2025-07-02 21:56:40,43.3575477600098,-8.84505367279053,"Unknown"
"7014851",371865,2025-07-02 22:02:00,43.3576240539551,-8.84500122070312,"Unknown"
"7014851",371865,2025-07-02 22:06:40,43.357479095459,-8.84505462646484,"Unknown"
"7014851",371865,2025-07-02 22:11:42,43.3574142456055,-8.84504985809326,"Unknown"
"7014851",371865,2025-07-02 22:16:51,43.3575744628906,-8.8450927734375,"Unknown"
"7014851",371865,2025-07-02 22:22:05,43.3575592041016,-8.84508991241455,"Unknown"
"7014851",371865,2025-07-02 22:26:37,43.3575630187988,-8.84501075744629,"Unknown"
"7014851",371865,2025-07-02 22:31:37,43.3575706481934,-8.8450288772583,"Unknown"
"7014851",371865,2025-07-02 22:36:38,43.3575172424316,-8.84498023986816,"Unknown"
"7014851",371865,2025-07-02 22:41:37,43.3575630187988,-8.84495258331299,"Unknown"
"7014851",371865,2025-07-02 22:46:37,43.3575744628906,-8.8451042175293,"Unknown"
"7014851",371865,2025-07-02 22:51:37,43.3576049804688,-8.84501361846924,"Unknown"
"7014851",371865,2025-07-02 22:56:37,43.3575630187988,-8.84502983093262,"Unknown"
"7014851",371865,2025-07-02 23:01:37,43.3575286865234,-8.84509086608887,"Unknown"
"7014851",371865,2025-07-02 23:06:38,43.3575477600098,-8.84509944915771,"Unknown"
"7014851",371865,2025-07-02 23:11:37,43.3576126098633,-8.84500312805176,"Unknown"
"7014851",371865,2025-07-02 23:16:38,43.3575172424316,-8.84500980377197,"Unknown"
"7014851",371865,2025-07-02 23:21:38,43.3575477600098,-8.84500789642334,"Unknown"
"7014851",371865,2025-07-02 23:26:37,43.3575668334961,-8.84511852264404,"Unknown"
"7014851",371865,2025-07-02 23:31:40,43.3576316833496,-8.84504795074463,"Unknown"
"7014851",371865,2025-07-02 23:36:38,43.3575782775879,-8.84502029418945,"Unknown"
"7014851",371865,2025-07-02 23:41:38,43.3576736450195,-8.84510040283203,"Unknown"
"7014851",371865,2025-07-02 23:46:37,43.3576049804688,-8.84506416320801,"Unknown"
"7014851",371865,2025-07-02 23:51:37,43.357551574707,-8.84505748748779,"Unknown"
"7014851",371865,2025-07-02 23:56:38,43.3576965332031,-8.84504318237305,"Unknown"
"7014851",371865,2025-07-03 00:02:05,43.3576202392578,-8.84503173828125,"Unknown"
"7014851",371865,2025-07-03 00:06:37,43.3575630187988,-8.84502601623535,"Unknown"
"7014851",371865,2025-07-03 00:11:37,43.3576622009277,-8.84498405456543,"Unknown"
"7014851",371865,2025-07-03 00:16:38,43.357608795166,-8.84502220153809,"Unknown"
"7014851",371865,2025-07-03 00:22:14,43.3576240539551,-8.8450813293457,"Unknown"
"7014851",371865,2025-07-03 00:27:05,43.357608795166,-8.84508895874023,"Unknown"
"7014851",371865,2025-07-03 00:31:37,43.3576583862305,-8.84497165679932,"Unknown"
"7014851",371865,2025-07-03 00:36:38,43.3576278686523,-8.84498977661133,"Unknown"
"7014851",371865,2025-07-03 00:41:37,43.357608795166,-8.84506988525391,"Unknown"
"7014851",371865,2025-07-03 00:46:38,43.3576126098633,-8.8450345993042,"Unknown"
"7014851",371865,2025-07-03 00:51:38,43.3576164245605,-8.8451042175293,"Unknown"
"7014851",371865,2025-07-03 00:56:37,43.3576469421387,-8.84503555297852,"Unknown"
"7014851",371865,2025-07-03 01:01:37,43.3576202392578,-8.84498023986816,"Unknown"
"7014851",371865,2025-07-03 01:06:42,43.3575592041016,-8.84507846832275,"Unknown"
"7014851",371865,2025-07-03 01:11:37,43.3576202392578,-8.84499073028564,"Unknown"
"7014851",371865,2025-07-03 01:16:40,43.3575859069824,-8.84501457214355,"Unknown"
"7014851",371865,2025-07-03 01:21:38,43.3576583862305,-8.84492969512939,"Unknown"
"7014851",371865,2025-07-03 01:26:37,43.3575592041016,-8.84513282775879,"Unknown"
"7014851",371865,2025-07-03 01:31:39,43.3576164245605,-8.84503936767578,"Unknown"
"7014851",371865,2025-07-03 01:36:37,43.3575592041016,-8.84516334533691,"Unknown"
"7014851",371865,2025-07-03 01:41:37,43.3576202392578,-8.84507369995117,"Unknown"
"7014851",371865,2025-07-03 01:46:39,43.3575668334961,-8.84511852264404,"Unknown"
"7014851",371865,2025-07-03 01:51:42,43.3575744628906,-8.84501075744629,"Unknown"
"7014851",371865,2025-07-03 01:56:37,43.357593536377,-8.8450345993042,"Unknown"
"7014851",371865,2025-07-03 02:01:38,43.3575744628906,-8.84494781494141,"Unknown"
"7014851",371865,2025-07-03 02:06:41,43.3575897216797,-8.84507751464844,"Unknown"
"7014851",371865,2025-07-03 02:11:38,43.3575706481934,-8.84496688842773,"Unknown"
"7014851",371865,2025-07-03 02:16:37,43.3577156066895,-8.84518432617188,"Unknown"
"7014851",371865,2025-07-03 02:21:41,43.3576354980469,-8.84503841400146,"Unknown"
"7014851",371865,2025-07-03 02:27:05,43.3576278686523,-8.84506511688232,"Unknown"
"7014851",371865,2025-07-03 02:31:38,43.3575630187988,-8.84495162963867,"Unknown"
"7014851",371865,2025-07-03 02:36:38,43.3574142456055,-8.84487628936768,"Unknown"
"7014851",371865,2025-07-03 02:41:37,43.3575706481934,-8.84509944915771,"Unknown"
"7014851",371865,2025-07-03 02:46:38,43.3577270507812,-8.84512615203857,"Unknown"
"7014851",371865,2025-07-03 02:51:39,43.3576583862305,-8.84504413604736,"Unknown"
"7014851",371865,2025-07-03 02:56:41,43.3577003479004,-8.84516620635986,"Unknown"
"7014851",371865,2025-07-03 03:01:43,43.3574409484863,-8.84484386444092,"Unknown"
"7014851",371865,2025-07-03 03:06:42,43.3581237792969,-8.84545993804932,"Unknown"
"7014851",371865,2025-07-03 03:11:39,43.3585433959961,-8.84568214416504,"Unknown"
"7014851",371865,2025-07-03 03:16:43,43.3578109741211,-8.84505653381348,"Unknown"
"7014851",371865,2025-07-03 03:21:39,43.3574104309082,-8.8447380065918,"Unknown"
"7014851",371865,2025-07-03 03:26:40,43.3576545715332,-8.8449592590332,"Unknown"
"7014851",371865,2025-07-03 03:31:41,43.3572273254395,-8.84462070465088,"Unknown"
"7014851",371865,2025-07-03 03:36:48,43.3575553894043,-8.84512805938721,"Unknown"
"7014851",371865,2025-07-03 03:42:04,43.3576393127441,-8.84506607055664,"Unknown"
"7014851",371865,2025-07-03 03:46:37,43.3576240539551,-8.84504318237305,"Unknown"
"7014851",371865,2025-07-03 03:51:39,43.3576011657715,-8.84478950500488,"Unknown"
"7014851",371865,2025-07-03 03:56:37,43.357551574707,-8.84500598907471,"Unknown"
"7014851",371865,2025-07-03 04:01:53,43.3575668334961,-8.84506607055664,"Unknown"
"7014851",371865,2025-07-03 04:06:41,43.3576202392578,-8.84499168395996,"Unknown"
"7014851",371865,2025-07-03 04:11:43,43.3575401306152,-8.84516334533691,"Unknown"
"7014851",371865,2025-07-03 04:16:45,43.3575096130371,-8.84517955780029,"Unknown"
"7014851",371865,2025-07-03 04:21:42,43.357593536377,-8.84506034851074,"Unknown"
"7014851",371865,2025-07-03 04:26:37,43.3576126098633,-8.84502792358398,"Unknown"
"7014851",371865,2025-07-03 04:31:38,43.3575706481934,-8.84511375427246,"Unknown"
"7014851",371865,2025-07-03 04:36:41,43.3624458312988,-8.83732795715332,"Unknown"
"7014851",371865,2025-07-03 04:41:37,43.3661766052246,-8.82990646362305,"Unknown"
"7014851",371865,2025-07-03 04:46:37,43.3725891113281,-8.83044242858887,"Unknown"
"7014851",371865,2025-07-03 04:51:37,43.3710632324219,-8.83267784118652,"Unknown"
"7014851",371865,2025-07-03 04:56:40,43.3283996582031,-8.82888412475586,"Unknown"
"7014851",371865,2025-07-03 05:01:57,43.3288230895996,-8.82897663116455,"Unknown"
"7014851",371865,2025-07-03 05:06:39,43.3493843078613,-8.83992195129395,"Unknown"
"7014851",371865,2025-07-03 05:11:39,43.3575592041016,-8.84500694274902,"Unknown"
"7014851",371865,2025-07-03 05:16:43,43.3575897216797,-8.84522819519043,"Unknown"
"7014851",371865,2025-07-03 05:21:42,43.3576278686523,-8.84518527984619,"Unknown"
"7014851",371865,2025-07-03 05:26:43,43.3576049804688,-8.84497547149658,"Unknown"
"7014851",371865,2025-07-03 05:32:05,43.3575592041016,-8.84503269195557,"Unknown"
"7014851",371865,2025-07-03 05:36:39,43.3576469421387,-8.84513568878174,"Unknown"
"7014851",371865,2025-07-03 05:41:48,43.3574333190918,-8.84474754333496,"Unknown"
"7014851",371865,2025-07-03 05:46:41,43.3580131530762,-8.84500789642334,"Unknown"
"7014851",371865,2025-07-03 05:51:38,43.3580474853516,-8.84514331817627,"Unknown"
"7014851",371865,2025-07-03 05:56:37,43.3589630126953,-8.84502601623535,"Unknown"
"7014851",371865,2025-07-03 06:01:48,43.3575210571289,-8.84505176544189,"Unknown"
"7014851",371865,2025-07-03 06:06:37,43.3574562072754,-8.84501838684082,"Unknown"
"7014851",371865,2025-07-03 06:11:48,43.357551574707,-8.84507942199707,"Unknown"
"7014851",371865,2025-07-03 06:16:57,43.357494354248,-8.84496974945068,"Unknown"
"7014851",371865,2025-07-03 06:21:51,43.3574447631836,-8.84502124786377,"Unknown"
"7014851",371865,2025-07-03 06:26:52,43.3574829101562,-8.84491062164307,"Unknown"
"7014851",371865,2025-07-03 06:31:49,43.3574447631836,-8.84497928619385,"Unknown"
"7014851",371865,2025-07-03 06:36:54,43.3575019836426,-8.84495449066162,"Unknown"
"7014851",371865,2025-07-03 06:42:05,43.357608795166,-8.84495067596436,"Unknown"
"7014851",371865,2025-07-03 06:46:37,43.3574752807617,-8.84505462646484,"Unknown"
"7014851",371865,2025-07-03 06:51:47,43.3575630187988,-8.8450231552124,"Unknown"
"7014851",371865,2025-07-03 06:56:36,43.3576011657715,-8.84492111206055,"Unknown"
"7014851",371865,2025-07-03 07:01:39,43.3575401306152,-8.84515953063965,"Unknown"
"7014851",371865,2025-07-03 07:06:45,43.357593536377,-8.8450927734375,"Unknown"
"7014851",371865,2025-07-03 07:11:37,43.3576774597168,-8.84503841400146,"Unknown"
"7014851",371865,2025-07-03 07:16:36,43.3577995300293,-8.84482002258301,"Unknown"
"7014851",371865,2025-07-03 07:21:40,43.3575210571289,-8.845046043396,"Unknown"
"7014851",371865,2025-07-03 07:26:37,43.3577156066895,-8.84489154815674,"Unknown"
"7014851",371865,2025-07-03 07:31:36,43.3574714660645,-8.84508323669434,"Unknown"
"7014851",371865,2025-07-03 07:36:41,43.3573722839355,-8.84502792358398,"Unknown"
"7014851",371865,2025-07-03 07:41:37,43.3574371337891,-8.84442901611328,"Unknown"
"7014851",371865,2025-07-03 07:46:43,43.357608795166,-8.84502124786377,"Unknown"
"7014851",371865,2025-07-03 07:51:38,43.3576316833496,-8.84514427185059,"Unknown"
"7014851",371865,2025-07-03 07:56:38,43.357593536377,-8.84498023986816,"Unknown"
"7014851",371865,2025-07-03 08:01:37,43.3575973510742,-8.84511947631836,"Unknown"
"7014851",371865,2025-07-03 08:06:41,43.3576545715332,-8.84506607055664,"Unknown"
"7014851",371865,2025-07-03 08:11:39,43.3576583862305,-8.84510135650635,"Unknown"
"7014851",371865,2025-07-03 08:16:38,43.3575706481934,-8.84480285644531,"Unknown"
"7014851",371865,2025-07-03 08:21:45,43.3576354980469,-8.84509563446045,"Unknown"
"7014851",371865,2025-07-03 08:27:04,43.3576164245605,-8.84508323669434,"Unknown"
"7014851",371865,2025-07-03 08:31:37,43.3575592041016,-8.8451099395752,"Unknown"
"7014851",371865,2025-07-03 08:36:37,43.357608795166,-8.84509754180908,"Unknown"
"7014851",371865,2025-07-03 08:41:37,43.3577194213867,-8.84494113922119,"Unknown"
"7014851",371865,2025-07-03 08:46:36,43.3583526611328,-8.84480762481689,"Unknown"
"7014851",371865,2025-07-03 08:51:37,43.3576316833496,-8.84507846832275,"Unknown"
"7014851",371865,2025-07-03 08:56:36,43.3576507568359,-8.84503269195557,"Unknown"
"7014851",371865,2025-07-03 09:01:37,43.3576545715332,-8.84512424468994,"Unknown"
"7014851",371865,2025-07-03 09:06:37,43.3577079772949,-8.84519004821777,"Unknown"
"7014851",371865,2025-07-03 09:11:41,43.3576812744141,-8.84527587890625,"Unknown"
"7014851",371865,2025-07-03 09:16:40,43.3575897216797,-8.84527206420898,"Unknown"
"7014851",371865,2025-07-03 09:21:40,43.3577995300293,-8.84493732452393,"Unknown"
"7014851",371865,2025-07-03 09:26:41,43.3578109741211,-8.84433937072754,"Unknown"
"7014851",371865,2025-07-03 09:32:05,43.3576774597168,-8.84504795074463,"Unknown"
"7014851",371865,2025-07-03 09:36:37,43.3575897216797,-8.84502506256104,"Unknown"
"7014851",371865,2025-07-03 09:41:37,43.3576011657715,-8.84503841400146,"Unknown"
"7014851",371865,2025-07-03 09:46:37,43.3576583862305,-8.84450721740723,"Unknown"
"7014851",371865,2025-07-03 09:51:40,43.3577690124512,-8.84495544433594,"Unknown"
"7014851",371865,2025-07-03 09:56:41,43.3579063415527,-8.84474182128906,"Unknown"
"7014851",371865,2025-07-03 10:01:40,43.3577308654785,-8.84498691558838,"Unknown"
"7014851",371865,2025-07-03 10:06:37,43.3576812744141,-8.84510231018066,"Unknown"
"7014851",371865,2025-07-03 10:11:40,43.3577690124512,-8.84505176544189,"Unknown"
"7014851",371865,2025-07-03 10:16:37,43.3576164245605,-8.84508514404297,"Unknown"
"7014851",371865,2025-07-03 10:21:37,43.357666015625,-8.84511661529541,"Unknown"
"7014851",371865,2025-07-03 10:26:39,43.3576927185059,-8.8450813293457,"Unknown"
"7014851",371865,2025-07-03 10:31:41,43.3576240539551,-8.84496307373047,"Unknown"
"7014851",371865,2025-07-03 10:36:38,43.3578567504883,-8.84476470947266,"Unknown"
"7014851",371865,2025-07-03 10:41:38,43.3576965332031,-8.8449535369873,"Unknown"
"7014851",371865,2025-07-03 10:46:50,43.3576393127441,-8.84509372711182,"Unknown"
"7014851",371865,2025-07-03 10:51:43,43.3576278686523,-8.84514427185059,"Unknown"
"7014851",371865,2025-07-03 10:56:49,43.3576622009277,-8.84505939483643,"Unknown"
"7014851",371865,2025-07-03 11:01:37,43.3574905395508,-8.84382152557373,"Unknown"
"7014851",371865,2025-07-03 11:06:37,43.3578071594238,-8.84532737731934,"Unknown"
"7014851",371865,2025-07-03 11:11:42,43.3578186035156,-8.84528160095215,"Unknown"
"7014851",371865,2025-07-03 11:16:38,43.3577308654785,-8.84505462646484,"Unknown"
"7014851",371865,2025-07-03 11:21:39,43.357593536377,-8.84497451782227,"Unknown"
"7014851",371865,2025-07-03 11:26:40,43.3576812744141,-8.84507179260254,"Unknown"
"7014851",371865,2025-07-03 11:31:40,43.3576393127441,-8.84506893157959,"Unknown"
"7014851",371865,2025-07-03 11:36:53,43.3576507568359,-8.84507465362549,"Unknown"
"7014851",371865,2025-07-03 11:41:49,43.3576049804688,-8.8450403213501,"Unknown"
"7014851",371865,2025-07-03 11:46:36,43.3575172424316,-8.844970703125,"Unknown"
"7014851",371865,2025-07-03 11:51:40,43.3576164245605,-8.84506034851074,"Unknown"
"7014851",371865,2025-07-03 11:56:39,43.3578758239746,-8.84493446350098,"Unknown"
"7014851",371865,2025-07-03 12:01:43,43.373908996582,-8.86605644226074,"Unknown"
"7014851",371865,2025-07-03 12:06:39,43.3775901794434,-8.88210773468018,"Unknown"
"7014851",371865,2025-07-03 12:11:37,43.3573875427246,-8.8585376739502,"Unknown"
"7014851",371865,2025-07-03 12:17:05,43.3576278686523,-8.84500980377197,"Unknown"
"7014851",371865,2025-07-03 12:21:36,43.3576507568359,-8.84501647949219,"Unknown"
"7014851",371865,2025-07-03 12:26:36,43.3576278686523,-8.84500789642334,"Unknown"
"7014851",371865,2025-07-03 12:31:36,43.3576622009277,-8.84500789642334,"Unknown"
"7014851",371865,2025-07-03 12:36:36,43.3576469421387,-8.84505176544189,"Unknown"
"7014851",371865,2025-07-03 12:41:51,43.3577537536621,-8.84479141235352,"Unknown"
"7014851",371865,2025-07-03 12:46:39,43.3576583862305,-8.84494018554688,"Unknown"
"7014851",371865,2025-07-03 12:52:04,43.3576927185059,-8.84494304656982,"Unknown"
"7014851",371865,2025-07-03 12:56:36,43.357738494873,-8.84494590759277,"Unknown"
"7014851",371865,2025-07-03 13:01:37,43.357723236084,-8.84492969512939,"Unknown"
"7014851",371865,2025-07-03 13:06:36,43.3577423095703,-8.84492015838623,"Unknown"
"7014851",371865,2025-07-03 13:11:36,43.3577270507812,-8.84487247467041,"Unknown"
"7014851",371865,2025-07-03 13:16:36,43.3578338623047,-8.84501361846924,"Unknown"
"7014851",371865,2025-07-03 13:21:38,43.3578186035156,-8.84494686126709,"Unknown"
"7014851",371865,2025-07-03 13:26:46,43.3575973510742,-8.84508800506592,"Unknown"
"7014851",371865,2025-07-03 13:32:01,43.3576889038086,-8.84496021270752,"Unknown"
"7014851",371865,2025-07-03 13:36:36,43.3576011657715,-8.84504985809326,"Unknown"
"7014851",371865,2025-07-03 13:41:36,43.3576583862305,-8.84493541717529,"Unknown"
"7014851",371865,2025-07-03 13:46:39,43.3576583862305,-8.84499073028564,"Unknown"
"7014851",371865,2025-07-03 13:51:38,43.3576126098633,-8.84502220153809,"Unknown"
"7014851",371865,2025-07-03 13:56:40,43.3575820922852,-8.84496593475342,"Unknown"
"7014851",371865,2025-07-03 14:01:40,43.3576164245605,-8.84502029418945,"Unknown"
"7014851",371865,2025-07-03 14:06:41,43.3575706481934,-8.8450984954834,"Unknown"
"7014851",371865,2025-07-03 14:11:36,43.3575592041016,-8.84491729736328,"Unknown"
"7014851",371865,2025-07-03 14:16:37,43.3596153259277,-8.83241653442383,"Unknown"
"7014851",371865,2025-07-03 14:21:39,43.3628158569336,-8.83835506439209,"Unknown"
"7014851",371865,2025-07-03 14:26:40,43.3738059997559,-8.85571098327637,"Unknown"
"7014851",371865,2025-07-03 14:33:00,43.3792686462402,-8.86797428131104,"Unknown"
"7014851",371865,2025-07-03 14:38:00,43.366268157959,-8.86025714874268,"Unknown"
"7014851",371865,2025-07-03 14:42:05,43.3575630187988,-8.84508991241455,"Unknown"
"7014851",371865,2025-07-03 14:46:37,43.3576507568359,-8.84504222869873,"Unknown"
"7014851",371865,2025-07-03 14:51:43,43.3574104309082,-8.84467887878418,"Unknown"
"7014851",371865,2025-07-03 14:56:38,43.3573913574219,-8.84470367431641,"Unknown"
"7014851",371865,2025-07-03 15:01:40,43.3575134277344,-8.84502220153809,"Unknown"
"7014851",371865,2025-07-03 15:06:47,43.3576049804688,-8.84501552581787,"Unknown"
"7014851",371865,2025-07-03 15:11:42,43.3577461242676,-8.84505462646484,"Unknown"
"7014851",371865,2025-07-03 15:16:46,43.3576011657715,-8.84512042999268,"Unknown"
"7014851",371865,2025-07-03 15:21:38,43.3574104309082,-8.84501647949219,"Unknown"
"7014851",371865,2025-07-03 15:26:40,43.357608795166,-8.84508419036865,"Unknown"
"7014851",371865,2025-07-03 15:31:41,43.3575134277344,-8.84499168395996,"Unknown"
"7014851",371865,2025-07-03 15:36:43,43.3571891784668,-8.84432601928711,"Unknown"
"7014851",371865,2025-07-03 15:41:39,43.3575019836426,-8.8449068069458,"Unknown"
"7014851",371865,2025-07-03 15:46:44,43.3576278686523,-8.8451452255249,"Unknown"
"7014851",371865,2025-07-03 15:51:41,43.3577766418457,-8.84468936920166,"Unknown"
"7014851",371865,2025-07-03 15:56:44,43.3576316833496,-8.84503936767578,"Unknown"
"7014851",371865,2025-07-03 16:01:37,43.3575744628906,-8.84497928619385,"Unknown"
"7014851",371865,2025-07-03 16:06:46,43.3575553894043,-8.84517192840576,"Unknown"
"7014851",371865,2025-07-03 16:11:49,43.3575401306152,-8.845139503479,"Unknown"
"7014851",371865,2025-07-03 16:17:06,43.3576354980469,-8.84502124786377,"Unknown"
"7014851",371865,2025-07-03 16:21:38,43.3576812744141,-8.84495449066162,"Unknown"
"7014851",371865,2025-07-03 16:26:38,43.3577270507812,-8.84523105621338,"Unknown"
"7014851",371865,2025-07-03 16:31:38,43.3579139709473,-8.84554481506348,"Unknown"
"7014851",371865,2025-07-03 16:36:44,43.3575668334961,-8.84510612487793,"Unknown"
"7014851",371865,2025-07-03 16:41:44,43.3575592041016,-8.84518337249756,"Unknown"
"7014851",371865,2025-07-03 16:46:38,43.3578720092773,-8.84550762176514,"Unknown"
"7014851",371865,2025-07-03 16:51:38,43.3576240539551,-8.84511756896973,"Unknown"
"7014851",371865,2025-07-03 16:56:38,43.3577423095703,-8.84522724151611,"Unknown"
"7014851",371865,2025-07-03 17:01:38,43.3580436706543,-8.84552764892578,"Unknown"
"7014851",371865,2025-07-03 17:06:38,43.3578147888184,-8.84531307220459,"Unknown"
"7014851",371865,2025-07-03 17:11:42,43.3577117919922,-8.84529113769531,"Unknown"
"7014851",371865,2025-07-03 17:16:41,43.3581428527832,-8.84552001953125,"Unknown"
"7014851",371865,2025-07-03 17:21:42,43.3574981689453,-8.8451566696167,"Unknown"
"7014851",371865,2025-07-03 17:26:46,43.357608795166,-8.84511089324951,"Unknown"
"7014851",371865,2025-07-03 17:32:05,43.3575859069824,-8.8451623916626,"Unknown"
"7014851",371865,2025-07-03 17:36:37,43.3575668334961,-8.84510612487793,"Unknown"
"7014851",371865,2025-07-03 17:41:37,43.3576622009277,-8.8453311920166,"Unknown"
"7014851",371865,2025-07-03 17:46:38,43.357608795166,-8.84528827667236,"Unknown"
"7014851",371865,2025-07-03 17:51:38,43.3576583862305,-8.84514904022217,"Unknown"
"7014851",371865,2025-07-03 17:56:37,43.3576736450195,-8.845383644104,"Unknown"
"7014851",371865,2025-07-03 18:02:05,43.3576240539551,-8.8451509475708,"Unknown"
"7014851",371865,2025-07-03 18:06:36,43.357608795166,-8.84517288208008,"Unknown"
"7014851",371865,2025-07-03 18:11:36,43.3576507568359,-8.8450927734375,"Unknown"
"7014851",371865,2025-07-03 18:16:37,43.3576545715332,-8.84505367279053,"Unknown"
"7014851",371865,2025-07-03 18:21:36,43.3576126098633,-8.84507751464844,"Unknown"
"7014851",371865,2025-07-03 18:26:36,43.3576545715332,-8.84511280059814,"Unknown"
"7014851",371865,2025-07-03 18:31:37,43.3573799133301,-8.8452320098877,"Unknown"
"7014851",371865,2025-07-03 18:36:37,43.3577461242676,-8.84502983093262,"Unknown"
"7014851",371865,2025-07-03 18:41:38,43.357494354248,-8.84515953063965,"Unknown"
"7014851",371865,2025-07-03 18:46:39,43.3577728271484,-8.84490013122559,"Unknown"
"7014851",371865,2025-07-03 18:51:37,43.3577690124512,-8.84491539001465,"Unknown"
"7014851",371865,2025-07-03 18:56:36,43.3576316833496,-8.84500598907471,"Unknown"
"7014851",371865,2025-07-03 19:02:14,43.3576049804688,-8.84502029418945,"Unknown"
"7014851",371865,2025-07-03 19:06:35,43.3575973510742,-8.84499359130859,"Unknown"
"7014851",371865,2025-07-03 19:11:35,43.3574600219727,-8.84517002105713,"Unknown"
"7014851",371865,2025-07-03 19:16:35,43.3577308654785,-8.84494876861572,"Unknown"
"7014851",371865,2025-07-03 19:21:35,43.3575630187988,-8.84511756896973,"Unknown"
"7014851",371865,2025-07-03 19:26:35,43.3576545715332,-8.84504508972168,"Unknown"
"7014851",371865,2025-07-03 19:31:35,43.3575439453125,-8.84519100189209,"Unknown"
"7014851",371865,2025-07-03 19:36:35,43.3575782775879,-8.84511852264404,"Unknown"
"7014851",371865,2025-07-03 19:41:36,43.3575668334961,-8.84511470794678,"Unknown"
"7014851",371865,2025-07-03 19:46:37,43.3575820922852,-8.84510040283203,"Unknown"
"7014851",371865,2025-07-03 19:51:38,43.3575706481934,-8.84511280059814,"Unknown"
"7014851",371865,2025-07-03 19:56:35,43.3575782775879,-8.84504413604736,"Unknown"
"7014851",371865,2025-07-03 20:01:37,43.3576278686523,-8.84510612487793,"Unknown"
"7014851",371865,2025-07-03 20:06:37,43.3576698303223,-8.84493637084961,"Unknown"
"7014851",371865,2025-07-03 20:11:37,43.3576431274414,-8.8449821472168,"Unknown"
"7014851",371865,2025-07-03 20:16:37,43.3576812744141,-8.84503555297852,"Unknown"
"7014851",371865,2025-07-03 20:21:43,43.3575210571289,-8.84492778778076,"Unknown"
"7014851",371865,2025-07-03 20:26:47,43.3575782775879,-8.84499073028564,"Unknown"
"7014851",371865,2025-07-03 20:31:46,43.3576583862305,-8.84494686126709,"Unknown"
"7014851",371865,2025-07-03 20:36:40,43.3572120666504,-8.84474563598633,"Unknown"
"7014851",371865,2025-07-03 20:41:35,43.3575286865234,-8.84498405456543,"Unknown"
"7014851",371865,2025-07-03 20:46:39,43.3575172424316,-8.84505558013916,"Unknown"
"7014851",371865,2025-07-03 20:51:38,43.3575668334961,-8.84500122070312,"Unknown"
"7014851",371865,2025-07-03 20:57:04,43.3576278686523,-8.84509944915771,"Unknown"
"7014851",371865,2025-07-03 21:01:37,43.3576316833496,-8.84498405456543,"Unknown"
"7014851",371865,2025-07-03 21:06:36,43.3576927185059,-8.84502506256104,"Unknown"
"7014851",371865,2025-07-03 21:11:37,43.3577651977539,-8.84529972076416,"Unknown"
"7014851",371865,2025-07-03 21:16:36,43.3577346801758,-8.84525585174561,"Unknown"
"7014851",371865,2025-07-03 21:21:37,43.3576354980469,-8.84503746032715,"Unknown"
"7014851",371865,2025-07-03 21:26:36,43.3577575683594,-8.8451509475708,"Unknown"
"7014851",371865,2025-07-03 21:31:37,43.3577728271484,-8.84525203704834,"Unknown"
"7014851",371865,2025-07-03 21:36:37,43.3578453063965,-8.84517192840576,"Unknown"
"7014851",371865,2025-07-03 21:41:38,43.3577308654785,-8.8452205657959,"Unknown"
"7014851",371865,2025-07-03 21:46:39,43.3576850891113,-8.84522533416748,"Unknown"
"7014851",371865,2025-07-03 21:51:38,43.3577346801758,-8.84523391723633,"Unknown"
"7014851",371865,2025-07-03 21:56:39,43.357723236084,-8.84517002105713,"Unknown"
"7014851",371865,2025-07-03 22:01:45,43.3576469421387,-8.84506702423096,"Unknown"
"7014851",371865,2025-07-03 22:06:47,43.357551574707,-8.84505844116211,"Unknown"
"7014851",371865,2025-07-03 22:11:40,43.3575325012207,-8.84504413604736,"Unknown"
"7014851",371865,2025-07-03 22:16:58,43.3576354980469,-8.84497261047363,"Unknown"
"7014851",371865,2025-07-03 22:21:48,43.3575820922852,-8.84503364562988,"Unknown"
"7014851",371865,2025-07-03 22:26:50,43.3576240539551,-8.8450231552124,"Unknown"
"7014851",371865,2025-07-03 22:31:39,43.3574981689453,-8.84502696990967,"Unknown"
"7014851",371865,2025-07-03 22:36:50,43.3576049804688,-8.84504985809326,"Unknown"
"7014851",371865,2025-07-03 22:41:49,43.3576049804688,-8.84507083892822,"Unknown"
"7014851",371865,2025-07-03 22:46:52,43.3576240539551,-8.84505558013916,"Unknown"
"7014851",371865,2025-07-03 22:51:50,43.3576354980469,-8.84507083892822,"Unknown"
"7014851",371865,2025-07-03 22:56:50,43.3576316833496,-8.84507179260254,"Unknown"
"7014851",371865,2025-07-03 23:02:05,43.3575630187988,-8.84509372711182,"Unknown"
"7014851",371865,2025-07-03 23:06:36,43.3575706481934,-8.84513282775879,"Unknown"
"7014851",371865,2025-07-03 23:11:35,43.3576049804688,-8.84503269195557,"Unknown"
"7014851",371865,2025-07-03 23:16:35,43.3575744628906,-8.84496688842773,"Unknown"
"7014851",371865,2025-07-03 23:21:35,43.3576011657715,-8.84512615203857,"Unknown"
"7014851",371865,2025-07-03 23:26:36,43.357593536377,-8.84510135650635,"Unknown"
"7014851",371865,2025-07-03 23:31:35,43.3575973510742,-8.8450870513916,"Unknown"
"7014851",371865,2025-07-03 23:36:36,43.3576049804688,-8.84503841400146,"Unknown"
"7014851",371865,2025-07-03 23:41:35,43.357608795166,-8.84500408172607,"Unknown"
"7014851",371865,2025-07-03 23:46:36,43.3576393127441,-8.84511184692383,"Unknown"
"7014851",371865,2025-07-03 23:51:35,43.3576507568359,-8.84508514404297,"Unknown"
"7014851",371865,2025-07-03 23:56:35,43.3576278686523,-8.84504699707031,"Unknown"
"7014851",371865,2025-07-04 00:01:35,43.3575973510742,-8.84504508972168,"Unknown"
"7014851",371865,2025-07-04 00:07:03,43.3575973510742,-8.8451042175293,"Unknown"
"7014851",371865,2025-07-04 00:11:35,43.3576202392578,-8.84505844116211,"Unknown"
"7014851",371865,2025-07-04 00:16:35,43.357608795166,-8.84500980377197,"Unknown"
"7014851",371865,2025-07-04 00:21:35,43.3575973510742,-8.84507465362549,"Unknown"
"7014851",371865,2025-07-04 00:26:35,43.357608795166,-8.8449878692627,"Unknown"
"7014851",371865,2025-07-04 00:31:35,43.3576354980469,-8.84500217437744,"Unknown"
"7014851",371865,2025-07-04 00:36:35,43.3575744628906,-8.84511852264404,"Unknown"
"7014851",371865,2025-07-04 00:41:36,43.3576126098633,-8.84508037567139,"Unknown"
"7014851",371865,2025-07-04 00:46:35,43.3576545715332,-8.84502124786377,"Unknown"
"7014851",371865,2025-07-04 00:51:35,43.3577270507812,-8.84488105773926,"Unknown"
"7014851",371865,2025-07-04 00:56:35,43.357608795166,-8.84513092041016,"Unknown"
"7014851",371865,2025-07-04 01:01:35,43.3576164245605,-8.84497165679932,"Unknown"
"7014851",371865,2025-07-04 01:06:35,43.3576011657715,-8.84510612487793,"Unknown"
"7014851",371865,2025-07-04 01:11:35,43.3575668334961,-8.84517383575439,"Unknown"
"7014851",371865,2025-07-04 01:16:35,43.3575668334961,-8.84508514404297,"Unknown"
"7014851",371865,2025-07-04 01:21:35,43.3575592041016,-8.84507656097412,"Unknown"
"7014851",371865,2025-07-04 01:26:35,43.3575859069824,-8.84503841400146,"Unknown"
"7014851",371865,2025-07-04 01:31:35,43.3576202392578,-8.84510517120361,"Unknown"
"7014851",371865,2025-07-04 01:36:35,43.357551574707,-8.84511470794678,"Unknown"
"7014851",371865,2025-07-04 01:41:38,43.357593536377,-8.84502220153809,"Unknown"
"7014851",371865,2025-07-04 01:46:39,43.3575897216797,-8.84507751464844,"Unknown"
"7014851",371865,2025-07-04 01:51:35,43.3575477600098,-8.84517955780029,"Unknown"
"7014851",371865,2025-07-04 01:56:39,43.3575897216797,-8.84486484527588,"Unknown"
"7014851",371865,2025-07-04 02:01:39,43.3576354980469,-8.84510231018066,"Unknown"
"7014851",371865,2025-07-04 02:06:38,43.3576736450195,-8.84505081176758,"Unknown"
"7014851",371865,2025-07-04 02:12:05,43.3575820922852,-8.84503936767578,"Unknown"
"7014851",371865,2025-07-04 02:16:36,43.357536315918,-8.84511184692383,"Unknown"
"7014851",371865,2025-07-04 02:21:38,43.3575782775879,-8.84500026702881,"Unknown"
"7014851",371865,2025-07-04 02:26:38,43.3575553894043,-8.84521865844727,"Unknown"
"7014851",371865,2025-07-04 02:31:36,43.3575706481934,-8.84523391723633,"Unknown"
"7014851",371865,2025-07-04 02:36:40,43.3577499389648,-8.84521865844727,"Unknown"
"7014851",371865,2025-07-04 02:41:38,43.3578338623047,-8.84510612487793,"Unknown"
"7014851",371865,2025-07-04 02:46:40,43.3575439453125,-8.8449592590332,"Unknown"
"7014851",371865,2025-07-04 02:51:39,43.3576126098633,-8.84500408172607,"Unknown"
"7014851",371865,2025-07-04 02:56:49,43.3576240539551,-8.84496116638184,"Unknown"
"7014851",371865,2025-07-04 03:01:39,43.357738494873,-8.84525012969971,"Unknown"
"7014851",371865,2025-07-04 03:06:45,43.3576011657715,-8.84508419036865,"Unknown"
"7014851",371865,2025-07-04 03:11:42,43.3578987121582,-8.84532070159912,"Unknown"
"7014851",371865,2025-07-04 03:16:40,43.3577842712402,-8.8451452255249,"Unknown"
"7014851",371865,2025-07-04 03:21:48,43.3576698303223,-8.84501266479492,"Unknown"
"7014851",371865,2025-07-04 03:26:40,43.3576393127441,-8.84501075744629,"Unknown"
"7014851",371865,2025-07-04 03:31:40,43.3575477600098,-8.84481048583984,"Unknown"
"7014851",371865,2025-07-04 03:37:02,43.3575973510742,-8.84501838684082,"Unknown"
"7014851",371865,2025-07-04 03:41:37,43.3575782775879,-8.84489250183105,"Unknown"
"7014851",371865,2025-07-04 03:46:38,43.3575820922852,-8.84488582611084,"Unknown"
"7014851",371865,2025-07-04 03:51:37,43.3575477600098,-8.8450231552124,"Unknown"
"7014851",371865,2025-07-04 03:56:36,43.3576393127441,-8.84484004974365,"Unknown"
"7014851",371865,2025-07-04 04:01:38,43.3576164245605,-8.8448371887207,"Unknown"
"7014851",371865,2025-07-04 04:06:42,43.3575553894043,-8.84493350982666,"Unknown"
"7014851",371865,2025-07-04 04:11:36,43.3564529418945,-8.83290863037109,"Unknown"
"7014851",371865,2025-07-04 04:16:36,43.3619499206543,-8.82065010070801,"Unknown"
"7014851",371865,2025-07-04 04:21:39,43.362434387207,-8.82090187072754,"Unknown"
"7014851",371865,2025-07-04 04:26:37,43.3578338623047,-8.81394386291504,"Unknown"
"7014851",371865,2025-07-04 04:31:35,43.335090637207,-8.79487133026123,"Unknown"
"7014851",371865,2025-07-04 04:36:36,43.3091621398926,-8.77579402923584,"Unknown"
"7014851",371865,2025-07-04 04:41:36,43.2999839782715,-8.75934505462646,"Unknown"
"7014851",371865,2025-07-04 04:46:39,43.2937965393066,-8.74544620513916,"Unknown"
"7014851",371865,2025-07-04 04:51:40,43.2935333251953,-8.74556827545166,"Unknown"
"7014851",371865,2025-07-04 04:57:14,43.2933044433594,-8.74573612213135,"Unknown"
"7014851",371865,2025-07-04 05:01:37,43.2936401367188,-8.74580860137939,"Unknown"
"7014851",371865,2025-07-04 05:06:36,43.2982788085938,-8.73497581481934,"Unknown"
"7014851",371865,2025-07-04 05:11:36,43.2903671264648,-8.70498561859131,"Unknown"
"7014851",371865,2025-07-04 05:16:36,43.2826919555664,-8.67049884796143,"Unknown"
"7014851",371865,2025-07-04 05:21:36,43.2699584960938,-8.63464164733887,"Unknown"
"7014851",371865,2025-07-04 05:26:35,43.2442855834961,-8.60567665100098,"Unknown"
"7014851",371865,2025-07-04 05:31:37,43.2161293029785,-8.58583068847656,"Unknown"
"7014851",371865,2025-07-04 05:36:35,43.1942481994629,-8.56649017333984,"Unknown"
"7014851",371865,2025-07-04 05:41:35,43.1861686706543,-8.53662967681885,"Unknown"
"7014851",371865,2025-07-04 05:47:05,43.1644058227539,-8.50416660308838,"Unknown"
"7014851",371865,2025-07-04 05:51:49,43.1345443725586,-8.47384643554688,"Unknown"
"7014851",371865,2025-07-04 05:56:40,43.1304092407227,-8.47103118896484,"Unknown"
"7014851",371865,2025-07-04 06:01:38,43.1310348510742,-8.47205543518066,"Unknown"
"7014851",371865,2025-07-04 06:06:43,43.1307106018066,-8.47101306915283,"Unknown"
"7014851",371865,2025-07-04 06:11:43,43.1305847167969,-8.47098255157471,"Unknown"
"7014851",371865,2025-07-04 06:16:36,43.1310005187988,-8.47054386138916,"Unknown"
"7014851",371865,2025-07-04 06:21:42,43.1307907104492,-8.47113609313965,"Unknown"
"7014851",371865,2025-07-04 06:26:49,43.1307601928711,-8.47101211547852,"Unknown"
"7014851",371865,2025-07-04 06:31:50,43.1306076049805,-8.47069835662842,"Unknown"
"7014851",371865,2025-07-04 06:37:16,43.1305274963379,-8.47049427032471,"Unknown"
"7014851",371865,2025-07-04 06:41:43,43.1305541992188,-8.47072505950928,"Unknown"
"7014851",371865,2025-07-04 06:46:54,43.1324195861816,-8.46867942810059,"Unknown"
"7014851",371865,2025-07-04 06:51:52,43.1323890686035,-8.46853160858154,"Unknown"
"7014851",371865,2025-07-04 06:57:01,43.132453918457,-8.46885108947754,"Unknown"
"7014851",371865,2025-07-04 07:01:35,43.1323928833008,-8.46900272369385,"Unknown"
"7014851",371865,2025-07-04 07:06:36,43.1323623657227,-8.46899890899658,"Unknown"
"7014851",371865,2025-07-04 07:11:35,43.1324195861816,-8.46896839141846,"Unknown"
"7014851",371865,2025-07-04 07:16:36,43.1323509216309,-8.46902751922607,"Unknown"
"7014851",371865,2025-07-04 07:21:35,43.1323928833008,-8.46900844573975,"Unknown"
"7014851",371865,2025-07-04 07:26:35,43.1323890686035,-8.46897315979004,"Unknown"
"7014851",371865,2025-07-04 07:31:35,43.1324424743652,-8.46892356872559,"Unknown"
"7014851",371865,2025-07-04 07:36:35,43.1324577331543,-8.46899127960205,"Unknown"
"7014851",371865,2025-07-04 07:41:35,43.1348037719727,-8.47337627410889,"Unknown"
"7014851",371865,2025-07-04 07:46:35,43.1497650146484,-8.49838256835938,"Unknown"
"7014851",371865,2025-07-04 07:51:35,43.1668891906738,-8.53331565856934,"Unknown"
"7014851",371865,2025-07-04 07:56:35,43.1868591308594,-8.56806564331055,"Unknown"
"7014851",371865,2025-07-04 08:01:35,43.210994720459,-8.59319114685059,"Unknown"
"7014851",371865,2025-07-04 08:06:36,43.234676361084,-8.62607860565186,"Unknown"
"7014851",371865,2025-07-04 08:11:43,43.2554321289062,-8.64638710021973,"Unknown"
"7014851",371865,2025-07-04 08:16:35,43.2742538452148,-8.65686416625977,"Unknown"
"7014851",371865,2025-07-04 08:21:36,43.2916030883789,-8.69753074645996,"Unknown"
"7014851",371865,2025-07-04 08:27:05,43.290096282959,-8.70737075805664,"Unknown"
"7014851",371865,2025-07-04 08:31:35,43.3005638122559,-8.74332237243652,"Unknown"
"7014851",371865,2025-07-04 08:36:36,43.3135299682617,-8.80048561096191,"Unknown"
"7014851",371865,2025-07-04 08:41:38,43.3390274047852,-8.82970905303955,"Unknown"
"7014851",371865,2025-07-04 08:46:36,43.3579635620117,-8.84620189666748,"Unknown"
"7014851",371865,2025-07-04 08:51:37,43.3575019836426,-8.84470081329346,"Unknown"
"7014851",371865,2025-07-04 08:56:37,43.3573608398438,-8.84462070465088,"Unknown"
"7014851",371865,2025-07-04 09:01:42,43.3575553894043,-8.84524726867676,"Unknown"
"7014851",371865,2025-07-04 09:06:42,43.3576583862305,-8.84532737731934,"Unknown"
"7014851",371865,2025-07-04 09:11:37,43.357593536377,-8.84494209289551,"Unknown"
"7014851",371865,2025-07-04 09:16:37,43.3575439453125,-8.84499835968018,"Unknown"
"7014851",371865,2025-07-04 09:21:39,43.3582878112793,-8.84809494018555,"Unknown"
"7014851",371865,2025-07-04 09:26:42,43.3575401306152,-8.84521198272705,"Unknown"
"7014851",371865,2025-07-04 09:31:38,43.3576011657715,-8.84518432617188,"Unknown"
"7014851",371865,2025-07-04 09:36:38,43.3578147888184,-8.84548473358154,"Unknown"
"7014851",371865,2025-07-04 09:42:05,43.3576736450195,-8.84512996673584,"Unknown"
"7014851",371865,2025-07-04 09:46:36,43.3576011657715,-8.84507179260254,"Unknown"
"7014851",371865,2025-07-04 09:51:36,43.3576278686523,-8.8450870513916,"Unknown"
"7014851",371865,2025-07-04 09:56:35,43.3576126098633,-8.84514045715332,"Unknown"
"7014851",371865,2025-07-04 10:01:35,43.3576393127441,-8.84515571594238,"Unknown"
"7014851",371865,2025-07-04 10:06:35,43.3576126098633,-8.8450813293457,"Unknown"
"7014851",371865,2025-07-04 10:11:37,43.3576126098633,-8.84513568878174,"Unknown"
"7014851",371865,2025-07-04 10:16:36,43.3576011657715,-8.84509658813477,"Unknown"
"7014851",371865,2025-07-04 10:21:37,43.3576278686523,-8.84503078460693,"Unknown"
"7014851",371865,2025-07-04 10:26:34,43.3576545715332,-8.84512042999268,"Unknown"
"7014851",371865,2025-07-04 10:31:36,43.3576354980469,-8.84506893157959,"Unknown"
"7014851",371865,2025-07-04 10:36:39,43.3576164245605,-8.84518623352051,"Unknown"
"7014851",371865,2025-07-04 10:41:34,43.3576583862305,-8.84505367279053,"Unknown"
"7014851",371865,2025-07-04 10:46:38,43.3576583862305,-8.84499263763428,"Unknown"
"7014851",371865,2025-07-04 10:51:35,43.3575973510742,-8.84509372711182,"Unknown"
"7014851",371865,2025-07-04 10:56:36,43.3576507568359,-8.84512233734131,"Unknown"
"7014851",371865,2025-07-04 11:01:37,43.3575744628906,-8.84507751464844,"Unknown"
"7014851",371865,2025-07-04 11:06:36,43.3575477600098,-8.84511566162109,"Unknown"
"7014851",371865,2025-07-04 11:11:36,43.3576316833496,-8.84506320953369,"Unknown"
"7014851",371865,2025-07-04 11:16:36,43.3576240539551,-8.84503841400146,"Unknown"
"7014851",371865,2025-07-04 11:21:36,43.3577270507812,-8.84509372711182,"Unknown"
"7014851",371865,2025-07-04 11:26:35,43.3576164245605,-8.84504508972168,"Unknown"
"7014851",371865,2025-07-04 11:31:36,43.3577919006348,-8.84520626068115,"Unknown"
"7014851",371865,2025-07-04 11:36:38,43.3575859069824,-8.84513854980469,"Unknown"
"7014851",371865,2025-07-04 11:41:38,43.3576431274414,-8.84515953063965,"Unknown"
"7014851",371865,2025-07-04 11:46:41,43.3579177856445,-8.84511470794678,"Unknown"
"7014851",371865,2025-07-04 11:51:51,43.3581275939941,-8.8449535369873,"Unknown"
"7014851",371865,2025-07-04 11:56:40,43.3578262329102,-8.84503364562988,"Unknown"
"7014851",371865,2025-07-04 12:02:05,43.357608795166,-8.84504795074463,"Unknown"
"7014851",371865,2025-07-04 12:06:39,43.3575973510742,-8.84507751464844,"Unknown"
"7014851",371865,2025-07-04 12:11:36,43.3575706481934,-8.84515190124512,"Unknown"
"7014851",371865,2025-07-04 12:16:38,43.357551574707,-8.84519100189209,"Unknown"
"7014851",371865,2025-07-04 12:21:40,43.3576583862305,-8.84498310089111,"Unknown"
"7014851",371865,2025-07-04 12:26:39,43.3574447631836,-8.84507751464844,"Unknown"
"7014851",371865,2025-07-04 12:31:42,43.3576889038086,-8.84495449066162,"Unknown"
"7014851",371865,2025-07-04 12:36:38,43.3576889038086,-8.84491443634033,"Unknown"
"7014851",371865,2025-07-04 12:41:39,43.3577690124512,-8.8447208404541,"Unknown"
"7014851",371865,2025-07-04 12:46:39,43.3576889038086,-8.84486389160156,"Unknown"
"7014851",371865,2025-07-04 12:51:45,43.3576393127441,-8.84496593475342,"Unknown"
"7014851",371865,2025-07-04 12:56:51,43.3576202392578,-8.84497547149658,"Unknown"
"7014851",371865,2025-07-04 13:02:05,43.3576545715332,-8.84506607055664,"Unknown"
"7014851",371865,2025-07-04 13:06:36,43.3575897216797,-8.84512805938721,"Unknown"
"7014851",371865,2025-07-04 13:11:35,43.3575744628906,-8.84513187408447,"Unknown"
"7014851",371865,2025-07-04 13:16:38,43.3576774597168,-8.84500122070312,"Unknown"
"7014851",371865,2025-07-04 13:21:35,43.3575477600098,-8.84505748748779,"Unknown"
"7014851",371865,2025-07-04 13:26:45,43.3576202392578,-8.84512805938721,"Unknown"
"7014851",371865,2025-07-04 13:31:45,43.3576164245605,-8.84511470794678,"Unknown"
"7014851",371865,2025-07-04 13:36:36,43.3576354980469,-8.84505653381348,"Unknown"
"7014851",371865,2025-07-04 13:41:36,43.3576507568359,-8.84509563446045,"Unknown"
"7014851",371865,2025-07-04 13:46:39,43.3576393127441,-8.84509372711182,"Unknown"
"7014851",371865,2025-07-04 13:51:38,43.3576240539551,-8.84509372711182,"Unknown"
"7014851",371865,2025-07-04 13:56:36,43.3576545715332,-8.84507751464844,"Unknown"
"7014851",371865,2025-07-04 14:02:05,43.3575820922852,-8.84511089324951,"Unknown"
"7014851",371865,2025-07-04 14:06:38,43.357608795166,-8.8451042175293,"Unknown"
"7014851",371865,2025-07-04 14:11:39,43.3576812744141,-8.84506511688232,"Unknown"
"7014851",371865,2025-07-04 14:16:37,43.3576126098633,-8.84514045715332,"Unknown"
"7014851",371865,2025-07-04 14:21:36,43.3575897216797,-8.84507942199707,"Unknown"
"7014851",371865,2025-07-04 14:26:39,43.3576736450195,-8.84496688842773,"Unknown"
"7014851",371865,2025-07-04 14:31:37,43.3577880859375,-8.8450345993042,"Unknown"
"7014851",371865,2025-07-04 14:36:38,43.3576354980469,-8.84505939483643,"Unknown"
"7014851",371865,2025-07-04 14:41:38,43.3605842590332,-8.84348773956299,"Unknown"
"7014851",371865,2025-07-04 14:46:35,43.3293037414551,-8.82331943511963,"Unknown"
"7014851",371865,2025-07-04 14:51:35,43.3106155395508,-8.7932825088501,"Unknown"
"7014851",371865,2025-07-04 14:56:36,43.302074432373,-8.7635555267334,"Unknown"
"7014851",371865,2025-07-04 15:01:36,43.2960929870605,-8.73414897918701,"Unknown"
"7014851",371865,2025-07-04 15:06:36,43.2934875488281,-8.69910621643066,"Unknown"
"7014851",371865,2025-07-04 15:11:37,43.2938652038574,-8.6945743560791,"Unknown"
"7014851",371865,2025-07-04 15:16:38,43.2901573181152,-8.68918228149414,"Unknown"
"7014851",371865,2025-07-04 15:21:35,43.2854461669922,-8.6809549331665,"Unknown"
"7014851",371865,2025-07-04 15:26:36,43.2684783935547,-8.65470790863037,"Unknown"
"7014851",371865,2025-07-04 15:31:37,43.2516174316406,-8.62935638427734,"Unknown"
"7014851",371865,2025-07-04 15:36:38,43.2343063354492,-8.59869480133057,"Unknown"
"7014851",371865,2025-07-04 15:41:38,43.2181243896484,-8.57093811035156,"Unknown"
"7014851",371865,2025-07-04 15:46:38,43.2095832824707,-8.55776596069336,"Unknown"
"7014851",371865,2025-07-04 15:51:37,43.1904640197754,-8.54103851318359,"Unknown"
"7014851",371865,2025-07-04 15:56:37,43.1785926818848,-8.52507019042969,"Unknown"
"7014851",371865,2025-07-04 16:02:02,43.1574554443359,-8.491455078125,"Unknown"
"7014851",371865,2025-07-04 16:06:39,43.1336326599121,-8.47095108032227,"Unknown"
"7014851",371865,2025-07-04 16:11:40,43.131160736084,-8.47211647033691,"Unknown"
"7014851",371865,2025-07-04 16:16:45,43.1307029724121,-8.47115230560303,"Unknown"
"7014851",371865,2025-07-04 16:21:37,43.1305999755859,-8.47105407714844,"Unknown"
"7014851",371865,2025-07-04 16:26:42,43.130744934082,-8.47141551971436,"Unknown"
"7014851",371865,2025-07-04 16:31:42,43.1305236816406,-8.47057151794434,"Unknown"
"7014851",371865,2025-07-04 16:36:40,43.1304512023926,-8.4703197479248,"Unknown"
"7014851",371865,2025-07-04 16:41:39,43.1310005187988,-8.47148036956787,"Unknown"
"7014851",371865,2025-07-04 16:46:38,43.1303977966309,-8.47036361694336,"Unknown"
"7014851",371865,2025-07-04 16:51:45,43.1328239440918,-8.46886920928955,"Unknown"
"7014851",371865,2025-07-04 16:56:41,43.1331672668457,-8.46948146820068,"Unknown"
"7014851",371865,2025-07-04 17:01:43,43.1328811645508,-8.46894359588623,"Unknown"
"7014851",371865,2025-07-04 17:06:50,43.1324996948242,-8.46801090240479,"Unknown"
"7014851",371865,2025-07-04 17:11:38,43.1309585571289,-8.4713773727417,"Unknown"
"7014851",371865,2025-07-04 17:16:38,43.1311149597168,-8.47174072265625,"Unknown"
"7014851",371865,2025-07-04 17:21:40,43.1310386657715,-8.47158336639404,"Unknown"
"7014851",371865,2025-07-04 17:26:47,43.1322593688965,-8.46902370452881,"Unknown"
"7014851",371865,2025-07-04 17:32:05,43.1323852539062,-8.46930408477783,"Unknown"
"7014851",371865,2025-07-04 17:36:36,43.1324005126953,-8.46928977966309,"Unknown"
"7014851",371865,2025-07-04 17:41:36,43.1324920654297,-8.46932315826416,"Unknown"
"7014851",371865,2025-07-04 17:46:36,43.1325302124023,-8.46933746337891,"Unknown"
"7014851",371865,2025-07-04 17:51:50,43.1324501037598,-8.46936798095703,"Unknown"
"7014851",371865,2025-07-04 17:56:36,43.1324768066406,-8.46936321258545,"Unknown"
"7014851",371865,2025-07-04 18:01:37,43.1324882507324,-8.46933746337891,"Unknown"
"7014851",371865,2025-07-04 18:06:39,43.1308135986328,-8.47112941741943,"Unknown"
"7014851",371865,2025-07-04 18:11:37,43.1302757263184,-8.47076416015625,"Unknown"
"7014851",371865,2025-07-04 18:16:39,43.1307067871094,-8.47115898132324,"Unknown"
"7014851",371865,2025-07-04 18:21:38,43.1306343078613,-8.47096538543701,"Unknown"
"7014851",371865,2025-07-04 18:26:39,43.1308059692383,-8.4715633392334,"Unknown"
"7014851",371865,2025-07-04 18:31:38,43.1304931640625,-8.47099590301514,"Unknown"
"7014851",371865,2025-07-04 18:36:38,43.1307106018066,-8.47146606445312,"Unknown"
"7014851",371865,2025-07-04 18:42:14,43.1305503845215,-8.47103118896484,"Unknown"
"7014851",371865,2025-07-04 18:47:23,43.1331596374512,-8.46880435943604,"Unknown"
"7014851",371865,2025-07-04 18:51:46,43.1419868469238,-8.4857177734375,"Unknown"
"7014851",371865,2025-07-04 18:56:45,43.1574516296387,-8.51208972930908,"Unknown"
"7014851",371865,2025-07-04 19:01:36,43.1731796264648,-8.5409517288208,"Unknown"
"7014851",371865,2025-07-04 19:06:38,43.1941452026367,-8.57223892211914,"Unknown"
"7014851",371865,2025-07-04 19:11:36,43.2202301025391,-8.59961891174316,"Unknown"
"7014851",371865,2025-07-04 19:16:36,43.2432250976562,-8.63161849975586,"Unknown"
"7014851",371865,2025-07-04 19:21:36,43.2642097473145,-8.647385597229,"Unknown"
"7014851",371865,2025-07-04 19:26:36,43.286262512207,-8.67722797393799,"Unknown"
"7014851",371865,2025-07-04 19:31:38,43.2917633056641,-8.69748687744141,"Unknown"
"7014851",371865,2025-07-04 19:36:38,43.2919235229492,-8.69799518585205,"Unknown"
"7014851",371865,2025-07-04 19:41:38,43.2920761108398,-8.69759654998779,"Unknown"
"7014851",371865,2025-07-04 19:46:38,43.2921104431152,-8.6976490020752,"Unknown"
"7014851",371865,2025-07-04 19:51:36,43.2920722961426,-8.69746494293213,"Unknown"
"7014851",371865,2025-07-04 19:56:37,43.2972793579102,-8.70716953277588,"Unknown"
"7014851",371865,2025-07-04 20:01:37,43.3073043823242,-8.75548648834229,"Unknown"
"7014851",371865,2025-07-04 20:06:37,43.314037322998,-8.8017692565918,"Unknown"
"7014851",371865,2025-07-04 20:11:38,43.3311958312988,-8.82698059082031,"Unknown"
"7014851",371865,2025-07-04 20:16:49,43.3496589660645,-8.84493446350098,"Unknown"
"7014851",371865,2025-07-04 20:21:41,43.3576698303223,-8.84541797637939,"Unknown"
"7014851",371865,2025-07-04 20:26:40,43.3577346801758,-8.84538459777832,"Unknown"
"7014851",371865,2025-07-04 20:32:01,43.3576278686523,-8.84500980377197,"Unknown"
"7014851",371865,2025-07-04 20:36:41,43.357551574707,-8.84490394592285,"Unknown"
"7014851",371865,2025-07-04 20:41:57,43.3576889038086,-8.84502983093262,"Unknown"
"7014851",371865,2025-07-04 20:47:04,43.3577041625977,-8.84501647949219,"Unknown"
"7014851",371865,2025-07-04 20:52:00,43.3577537536621,-8.84483528137207,"Unknown"
"7014851",371865,2025-07-04 20:56:46,43.3577461242676,-8.84486865997314,"Unknown"
"7014851",371865,2025-07-04 21:02:14,43.3575439453125,-8.84512615203857,"Unknown"
"7014851",371865,2025-07-04 21:06:43,43.357494354248,-8.84506893157959,"Unknown"
"7014851",371865,2025-07-04 21:12:05,43.3575057983398,-8.84509563446045,"Unknown"
"7014851",371865,2025-07-04 21:16:48,43.3575286865234,-8.84496021270752,"Unknown"
"7014851",371865,2025-07-04 21:21:39,43.3574371337891,-8.84505939483643,"Unknown"
"7014851",371865,2025-07-04 21:26:49,43.3575592041016,-8.84499359130859,"Unknown"
"7014851",371865,2025-07-04 21:31:36,43.3573989868164,-8.84508514404297,"Unknown"
"7014851",371865,2025-07-04 21:36:40,43.3574676513672,-8.84500694274902,"Unknown"
"7014851",371865,2025-07-04 21:41:38,43.3574829101562,-8.84488105773926,"Unknown"
"7014851",371865,2025-07-04 21:46:51,43.3576774597168,-8.8449010848999,"Unknown"
"7014851",371865,2025-07-04 21:51:50,43.3576927185059,-8.84480285644531,"Unknown"
"7014851",371865,2025-07-04 21:56:50,43.3575782775879,-8.8448543548584,"Unknown"
"7014851",371865,2025-07-04 22:02:05,43.3575744628906,-8.84504413604736,"Unknown"
"7014851",371865,2025-07-04 22:06:36,43.3575477600098,-8.84516048431396,"Unknown"
"7014851",371865,2025-07-04 22:11:36,43.3576202392578,-8.84511661529541,"Unknown"
"7014851",371865,2025-07-04 22:16:36,43.3576812744141,-8.84504318237305,"Unknown"
"7014851",371865,2025-07-04 22:21:36,43.3575477600098,-8.84508037567139,"Unknown"
"7014851",371865,2025-07-04 22:26:35,43.3574714660645,-8.84516716003418,"Unknown"
"7014851",371865,2025-07-04 22:31:35,43.3575820922852,-8.84504795074463,"Unknown"
"7014851",371865,2025-07-04 22:36:35,43.3576354980469,-8.84502220153809,"Unknown"
"7014851",371865,2025-07-04 22:41:36,43.3575630187988,-8.84500885009766,"Unknown"
"7014851",371865,2025-07-04 22:46:36,43.3576431274414,-8.84504508972168,"Unknown"
"7014851",371865,2025-07-04 22:51:35,43.3576126098633,-8.84526824951172,"Unknown"
"7014851",371865,2025-07-04 22:56:36,43.3575859069824,-8.84507465362549,"Unknown"
"7014851",371865,2025-07-04 23:01:35,43.3576240539551,-8.84517288208008,"Unknown"
"7014851",371865,2025-07-04 23:06:35,43.3575172424316,-8.84518241882324,"Unknown"
"7014851",371865,2025-07-04 23:11:35,43.3576965332031,-8.8450870513916,"Unknown"
"7014851",371865,2025-07-04 23:16:36,43.3576049804688,-8.84519958496094,"Unknown"
"7014851",371865,2025-07-04 23:21:35,43.3575286865234,-8.84519195556641,"Unknown"
"7014851",371865,2025-07-04 23:26:38,43.357738494873,-8.84511661529541,"Unknown"
"7014851",371865,2025-07-04 23:31:37,43.3576240539551,-8.845139503479,"Unknown"
"7014851",371865,2025-07-04 23:36:35,43.3576774597168,-8.84505271911621,"Unknown"
"7014851",371865,2025-07-04 23:41:35,43.3575057983398,-8.8458309173584,"Unknown"
"7014851",371865,2025-07-04 23:46:36,43.3576431274414,-8.84506130218506,"Unknown"
"7014851",371865,2025-07-04 23:51:37,43.3576774597168,-8.84510517120361,"Unknown"
"7014851",371865,2025-07-04 23:56:37,43.3573455810547,-8.84482479095459,"Unknown"
"7014851",371865,2025-07-05 00:01:36,43.3574333190918,-8.84490966796875,"Unknown"
"7014851",371865,2025-07-05 00:06:36,43.357536315918,-8.84500312805176,"Unknown"
"7014851",371865,2025-07-05 00:11:43,43.3572883605957,-8.84485626220703,"Unknown"
"7014851",371865,2025-07-05 00:17:06,43.3575973510742,-8.8450813293457,"Unknown"
"7014851",371865,2025-07-05 00:21:36,43.3576812744141,-8.84472370147705,"Unknown"
"7014851",371865,2025-07-05 00:26:38,43.3576927185059,-8.84493732452393,"Unknown"
"7014851",371865,2025-07-05 00:31:37,43.3576240539551,-8.84499454498291,"Unknown"
"7014851",371865,2025-07-05 00:36:35,43.3575973510742,-8.844970703125,"Unknown"
"7014851",371865,2025-07-05 00:41:35,43.3576049804688,-8.84504508972168,"Unknown"
"7014851",371865,2025-07-05 00:46:36,43.3576545715332,-8.84490489959717,"Unknown"
"7014851",371865,2025-07-05 00:51:35,43.3576011657715,-8.84501552581787,"Unknown"
"7014851",371865,2025-07-05 00:56:35,43.3576736450195,-8.8450813293457,"Unknown"
"7014851",371865,2025-07-05 01:01:35,43.3575668334961,-8.84507465362549,"Unknown"
"7014851",371865,2025-07-05 01:06:35,43.3576049804688,-8.84507465362549,"Unknown"
"7014851",371865,2025-07-05 01:11:35,43.3576240539551,-8.84501457214355,"Unknown"
"7014851",371865,2025-07-05 01:16:36,43.3575820922852,-8.84511375427246,"Unknown"
"7014851",371865,2025-07-05 01:21:34,43.3576431274414,-8.84508228302002,"Unknown"
"7014851",371865,2025-07-05 01:26:37,43.3576049804688,-8.84506130218506,"Unknown"
"7014851",371865,2025-07-05 01:31:34,43.3575706481934,-8.84503936767578,"Unknown"
"7014851",371865,2025-07-05 01:36:36,43.3575744628906,-8.84509468078613,"Unknown"
"7014851",371865,2025-07-05 01:41:36,43.3575782775879,-8.84500122070312,"Unknown"
"7014851",371865,2025-07-05 01:46:36,43.3575897216797,-8.84506797790527,"Unknown"
"7014851",371865,2025-07-05 01:51:37,43.3576354980469,-8.84504699707031,"Unknown"
"7014851",371865,2025-07-05 01:56:35,43.3576164245605,-8.84508609771729,"Unknown"
"7014851",371865,2025-07-05 02:01:34,43.3576278686523,-8.84503841400146,"Unknown"
"7014851",371865,2025-07-05 02:06:34,43.3574829101562,-8.84499073028564,"Unknown"
"7014851",371865,2025-07-05 02:11:34,43.3575859069824,-8.84511375427246,"Unknown"
"7014851",371865,2025-07-05 02:16:44,43.3576316833496,-8.84509372711182,"Unknown"
"7014851",371865,2025-07-05 02:21:35,43.3575668334961,-8.8450813293457,"Unknown"
"7014851",371865,2025-07-05 02:26:35,43.3575630187988,-8.84506130218506,"Unknown"
"7014851",371865,2025-07-05 02:31:35,43.3576316833496,-8.84509468078613,"Unknown"
"7014851",371865,2025-07-05 02:36:36,43.3575401306152,-8.84498023986816,"Unknown"
"7014851",371865,2025-07-05 02:41:36,43.3574867248535,-8.84496974945068,"Unknown"
"7014851",371865,2025-07-05 02:46:44,43.3575744628906,-8.84506797790527,"Unknown"
"7014851",371865,2025-07-05 02:51:39,43.3575172424316,-8.84503555297852,"Unknown"
"7014851",371865,2025-07-05 02:56:42,43.3576354980469,-8.84512615203857,"Unknown"
"7014851",371865,2025-07-05 03:01:38,43.3576240539551,-8.84517288208008,"Unknown"
"7014851",371865,2025-07-05 03:06:39,43.3576507568359,-8.84513473510742,"Unknown"
"7014851",371865,2025-07-05 03:11:40,43.357723236084,-8.84525489807129,"Unknown"
"7014851",371865,2025-07-05 03:17:05,43.3575706481934,-8.84509658813477,"Unknown"
"7014851",371865,2025-07-05 03:21:35,43.3575477600098,-8.84509181976318,"Unknown"
"7014851",371865,2025-07-05 03:26:35,43.3575668334961,-8.84506034851074,"Unknown"
"7014851",371865,2025-07-05 03:31:35,43.3576126098633,-8.8449649810791,"Unknown"
"7014851",371865,2025-07-05 03:36:36,43.357551574707,-8.84499549865723,"Unknown"
"7014851",371865,2025-07-05 03:41:34,43.3575897216797,-8.84494495391846,"Unknown"
"7014851",371865,2025-07-05 03:46:35,43.3575782775879,-8.84496879577637,"Unknown"
"7014851",371865,2025-07-05 03:51:35,43.3575820922852,-8.84497261047363,"Unknown"
"7014851",371865,2025-07-05 03:56:35,43.3574981689453,-8.84507942199707,"Unknown"
"7014851",371865,2025-07-05 04:01:36,43.3575439453125,-8.84504795074463,"Unknown"
"7014851",371865,2025-07-05 04:06:34,43.3575248718262,-8.84494972229004,"Unknown"
"7014851",371865,2025-07-05 04:11:36,43.3575172424316,-8.84483814239502,"Unknown"
"7014851",371865,2025-07-05 04:16:40,43.3576049804688,-8.84510231018066,"Unknown"
"7014851",371865,2025-07-05 04:21:34,43.3575096130371,-8.84511375427246,"Unknown"
"7014851",371865,2025-07-05 04:26:35,43.3575592041016,-8.84509181976318,"Unknown"
"7014851",371865,2025-07-05 04:31:37,43.3575325012207,-8.84511566162109,"Unknown"
"7014851",371865,2025-07-05 04:36:37,43.3575172424316,-8.84506702423096,"Unknown"
"7014851",371865,2025-07-05 04:41:35,43.3575096130371,-8.84505558013916,"Unknown"
"7014851",371865,2025-07-05 04:46:38,43.3574829101562,-8.84501361846924,"Unknown"
"7014851",371865,2025-07-05 04:51:44,43.357494354248,-8.84503078460693,"Unknown"
"7014851",371865,2025-07-05 04:56:40,43.3576011657715,-8.84501838684082,"Unknown"
"7014851",371865,2025-07-05 05:01:36,43.3574142456055,-8.84491443634033,"Unknown"
"7014851",371865,2025-07-05 05:06:38,43.3575325012207,-8.84514904022217,"Unknown"
"7014851",371865,2025-07-05 05:11:38,43.3574333190918,-8.84484481811523,"Unknown"
"7014851",371865,2025-07-05 05:16:39,43.3574523925781,-8.84505748748779,"Unknown"
"7014851",371865,2025-07-05 05:21:39,43.3573303222656,-8.84464550018311,"Unknown"
"7014851",371865,2025-07-05 05:26:39,43.3575325012207,-8.8449649810791,"Unknown"
"7014851",371865,2025-07-05 05:31:51,43.3577194213867,-8.84524345397949,"Unknown"
"7014851",371865,2025-07-05 05:36:41,43.3576469421387,-8.84522342681885,"Unknown"
"7014851",371865,2025-07-05 05:41:42,43.357666015625,-8.84513664245605,"Unknown"
"7014851",371865,2025-07-05 05:47:05,43.3576278686523,-8.84500980377197,"Unknown"
"7014851",371865,2025-07-05 05:51:37,43.3576507568359,-8.845046043396,"Unknown"
"7014851",371865,2025-07-05 05:56:34,43.3576698303223,-8.8451099395752,"Unknown"
"7014851",371865,2025-07-05 06:01:37,43.3576431274414,-8.84506130218506,"Unknown"
"7014851",371865,2025-07-05 06:06:34,43.3578147888184,-8.84498500823975,"Unknown"
"7014851",371865,2025-07-05 06:11:35,43.356746673584,-8.84566974639893,"Unknown"
"7014851",371865,2025-07-05 06:16:42,43.3577041625977,-8.84516906738281,"Unknown"
"7014851",371865,2025-07-05 06:21:34,43.3573570251465,-8.84510231018066,"Unknown"
"7014851",371865,2025-07-05 06:26:36,43.3576507568359,-8.84511089324951,"Unknown"
"7014851",371865,2025-07-05 06:31:40,43.357120513916,-8.84536361694336,"Unknown"
"7014851",371865,2025-07-05 06:36:35,43.3571929931641,-8.84530639648438,"Unknown"
"7014851",371865,2025-07-05 06:41:34,43.3572082519531,-8.84527206420898,"Unknown"
"7014851",371865,2025-07-05 06:46:34,43.3572692871094,-8.84522533416748,"Unknown"
"7014851",371865,2025-07-05 06:51:34,43.3571815490723,-8.84532260894775,"Unknown"
"7014851",371865,2025-07-05 06:56:37,43.3573951721191,-8.84519481658936,"Unknown"
"7014851",371865,2025-07-05 07:01:48,43.3569412231445,-8.84547901153564,"Unknown"
"7014851",371865,2025-07-05 07:06:35,43.3574142456055,-8.84512233734131,"Unknown"
"7014851",371865,2025-07-05 07:11:36,43.3576202392578,-8.84505462646484,"Unknown"
"7014851",371865,2025-07-05 07:16:43,43.3578643798828,-8.84494400024414,"Unknown"
"7014851",371865,2025-07-05 07:21:39,43.3576164245605,-8.84498405456543,"Unknown"
"7014851",371865,2025-07-05 07:26:51,43.3577575683594,-8.84491062164307,"Unknown"
"7014851",371865,2025-07-05 07:31:41,43.3576316833496,-8.84496212005615,"Unknown"
"7014851",371865,2025-07-05 07:36:59,43.3577346801758,-8.84500217437744,"Unknown"
"7014851",371865,2025-07-05 07:41:43,43.357666015625,-8.84499454498291,"Unknown"
"7014851",371865,2025-07-05 07:47:01,43.3575706481934,-8.84500694274902,"Unknown"
"7014851",371865,2025-07-05 07:51:34,43.357551574707,-8.84520626068115,"Unknown"
"7014851",371865,2025-07-05 07:56:37,43.3573608398438,-8.84608554840088,"Unknown"
"7014851",371865,2025-07-05 08:01:37,43.3575553894043,-8.84509468078613,"Unknown"
"7014851",371865,2025-07-05 08:06:39,43.3575706481934,-8.84500122070312,"Unknown"
"7014851",371865,2025-07-05 08:11:35,43.3573455810547,-8.84505558013916,"Unknown"
"7014851",371865,2025-07-05 08:16:38,43.3575019836426,-8.84511375427246,"Unknown"
"7014851",371865,2025-07-05 08:21:46,43.3576583862305,-8.84512042999268,"Unknown"
"7014851",371865,2025-07-05 08:26:42,43.3576126098633,-8.84519958496094,"Unknown"
"7014851",371865,2025-07-05 08:31:47,43.3576393127441,-8.84518146514893,"Unknown"
"7014851",371865,2025-07-05 08:36:41,43.3575973510742,-8.84538269042969,"Unknown"
"7014851",371865,2025-07-05 08:42:05,43.3576469421387,-8.84520244598389,"Unknown"
"7014851",371865,2025-07-05 08:46:35,43.3577766418457,-8.84530639648438,"Unknown"
"7014851",371865,2025-07-05 08:51:39,43.3575744628906,-8.84512615203857,"Unknown"
"7014851",371865,2025-07-05 08:56:36,43.3577079772949,-8.84554100036621,"Unknown"
"7014851",371865,2025-07-05 09:01:39,43.3575439453125,-8.84503841400146,"Unknown"
"7014851",371865,2025-07-05 09:06:45,43.3575477600098,-8.84502506256104,"Unknown"
"7014851",371865,2025-07-05 09:11:39,43.3576927185059,-8.8451566696167,"Unknown"
"7014851",371865,2025-07-05 09:16:39,43.3576812744141,-8.84516620635986,"Unknown"
"7014851",371865,2025-07-05 09:21:39,43.3576431274414,-8.84514808654785,"Unknown"
"7014851",371865,2025-07-05 09:26:43,43.3577308654785,-8.8451976776123,"Unknown"
"7014851",371865,2025-07-05 09:31:39,43.3576736450195,-8.84511947631836,"Unknown"
"7014851",371865,2025-07-05 09:36:42,43.3576927185059,-8.8452672958374,"Unknown"
"7014851",371865,2025-07-05 09:41:44,43.3576812744141,-8.84520626068115,"Unknown"
"7014851",371865,2025-07-05 09:46:39,43.3577308654785,-8.84514713287354,"Unknown"
"7014851",371865,2025-07-05 09:51:42,43.3577842712402,-8.84513473510742,"Unknown"
"7014851",371865,2025-07-05 09:56:40,43.3577651977539,-8.84519100189209,"Unknown"
"7014851",371865,2025-07-05 10:02:05,43.3576240539551,-8.84512233734131,"Unknown"
"7014851",371865,2025-07-05 10:06:34,43.357608795166,-8.84510326385498,"Unknown"
"7014851",371865,2025-07-05 10:11:34,43.3576316833496,-8.84509754180908,"Unknown"
"7014851",371865,2025-07-05 10:16:36,43.3576431274414,-8.84507083892822,"Unknown"
"7014851",371865,2025-07-05 10:21:36,43.3576126098633,-8.84514999389648,"Unknown"
"7014851",371865,2025-07-05 10:26:34,43.3576850891113,-8.84503269195557,"Unknown"
"7014851",371865,2025-07-05 10:31:36,43.3576240539551,-8.84507751464844,"Unknown"
"7014851",371865,2025-07-05 10:36:34,43.3576583862305,-8.84506416320801,"Unknown"
"7014851",371865,2025-07-05 10:41:34,43.3575820922852,-8.84515857696533,"Unknown"
"7014851",371865,2025-07-05 10:46:43,43.3576278686523,-8.845046043396,"Unknown"
"7014851",371865,2025-07-05 10:52:58,43.3579635620117,-8.84636211395264,"Unknown"
"7014851",371865,2025-07-05 10:56:34,43.3577156066895,-8.84496307373047,"Unknown"
"7014851",371865,2025-07-05 11:01:35,43.3576431274414,-8.8450345993042,"Unknown"
"7014851",371865,2025-07-05 11:06:35,43.3576736450195,-8.84495258331299,"Unknown"
"7014851",371865,2025-07-05 11:11:34,43.3575859069824,-8.84505367279053,"Unknown"
"7014851",371865,2025-07-05 11:16:34,43.3576927185059,-8.84502029418945,"Unknown"
"7014851",371865,2025-07-05 11:21:34,43.3576469421387,-8.84503746032715,"Unknown"
"7014851",371865,2025-07-05 11:26:34,43.3577041625977,-8.8449535369873,"Unknown"
"7014851",371865,2025-07-05 11:31:40,43.3576698303223,-8.84502029418945,"Unknown"
"7014851",371865,2025-07-05 11:37:14,43.3576316833496,-8.84504318237305,"Unknown"
"7014851",371865,2025-07-05 11:41:36,43.3575401306152,-8.84511661529541,"Unknown"
"7014851",371865,2025-07-05 11:46:37,43.3575820922852,-8.84501171112061,"Unknown"
"7014851",371865,2025-07-05 11:51:36,43.3575286865234,-8.84494018554688,"Unknown"
"7014851",371865,2025-07-05 11:56:37,43.3575210571289,-8.84505462646484,"Unknown"
"7014851",371865,2025-07-05 12:01:40,43.3577117919922,-8.84498596191406,"Unknown"
"7014851",371865,2025-07-05 12:06:43,43.3577003479004,-8.8448486328125,"Unknown"
"7014851",371865,2025-07-05 12:11:41,43.3577079772949,-8.84491062164307,"Unknown"
"7014851",371865,2025-07-05 12:16:40,43.3576316833496,-8.84490203857422,"Unknown"
"7014851",371865,2025-07-05 12:21:50,43.3577766418457,-8.84498310089111,"Unknown"
"7014851",371865,2025-07-05 12:26:38,43.3577842712402,-8.84490871429443,"Unknown"
"7014851",371865,2025-07-05 12:31:36,43.3576240539551,-8.84495639801025,"Unknown"
"7014851",371865,2025-07-05 12:36:35,43.3576698303223,-8.84496021270752,"Unknown"
"7014851",371865,2025-07-05 12:41:35,43.357536315918,-8.84497165679932,"Unknown"
"7014851",371865,2025-07-05 12:46:34,43.3575630187988,-8.84497547149658,"Unknown"
"7014851",371865,2025-07-05 12:51:35,43.3570671081543,-8.84520816802979,"Unknown"
"7014851",371865,2025-07-05 12:56:40,43.3580665588379,-8.84431934356689,"Unknown"
"7014851",371865,2025-07-05 13:01:50,43.3575210571289,-8.84500122070312,"Unknown"
"7014851",371865,2025-07-05 13:06:35,43.3574981689453,-8.84494781494141,"Unknown"
"7014851",371865,2025-07-05 13:11:47,43.3575134277344,-8.84500789642334,"Unknown"
"7014851",371865,2025-07-05 13:16:57,43.357421875,-8.84484672546387,"Unknown"
"7014851",371865,2025-07-05 13:21:50,43.3575134277344,-8.84504318237305,"Unknown"
"7014851",371865,2025-07-05 13:27:05,43.3574867248535,-8.84504127502441,"Unknown"
"7014851",371865,2025-07-05 13:31:34,43.3575057983398,-8.84493732452393,"Unknown"
"7014851",371865,2025-07-05 13:36:36,43.3576011657715,-8.84512805938721,"Unknown"
"7014851",371865,2025-07-05 13:41:36,43.3575096130371,-8.8450231552124,"Unknown"
"7014851",371865,2025-07-05 13:46:38,43.3575592041016,-8.84511375427246,"Unknown"
"7014851",371865,2025-07-05 13:51:49,43.3576240539551,-8.84508419036865,"Unknown"
"7014851",371865,2025-07-05 13:56:39,43.3576622009277,-8.84506034851074,"Unknown"
"7014851",371865,2025-07-05 14:02:04,43.3575973510742,-8.84513092041016,"Unknown"
"7014851",371865,2025-07-05 14:06:36,43.3576049804688,-8.84511375427246,"Unknown"
"7014851",371865,2025-07-05 14:11:35,43.3577041625977,-8.84512996673584,"Unknown"
"7014851",371865,2025-07-05 14:16:34,43.3576202392578,-8.84510040283203,"Unknown"
"7014851",371865,2025-07-05 14:21:34,43.3575706481934,-8.84512519836426,"Unknown"
"7014851",371865,2025-07-05 14:26:35,43.3577003479004,-8.84515857696533,"Unknown"
"7014851",371865,2025-07-05 14:31:40,43.3575973510742,-8.84513664245605,"Unknown"
"7014851",371865,2025-07-05 14:36:34,43.3575859069824,-8.84505462646484,"Unknown"
"7014851",371865,2025-07-05 14:41:34,43.3576431274414,-8.84503746032715,"Unknown"
"7014851",371865,2025-07-05 14:46:36,43.357608795166,-8.8450345993042,"Unknown"
"7014851",371865,2025-07-05 14:51:34,43.3574295043945,-8.84494018554688,"Unknown"
"7014851",371865,2025-07-05 14:56:36,43.3575973510742,-8.84504127502441,"Unknown"
"7014851",371865,2025-07-05 15:01:36,43.3576469421387,-8.84500503540039,"Unknown"
"7014851",371865,2025-07-05 15:06:34,43.3576393127441,-8.84514713287354,"Unknown"
"7014851",371865,2025-07-05 15:11:36,43.3576316833496,-8.84516525268555,"Unknown"
"7014851",371865,2025-07-05 15:16:34,43.3575096130371,-8.84493541717529,"Unknown"
"7014851",371865,2025-07-05 15:21:35,43.3577194213867,-8.84521770477295,"Unknown"
"7014851",371865,2025-07-05 15:26:36,43.357666015625,-8.84512519836426,"Unknown"
"7014851",371865,2025-07-05 15:31:37,43.3576545715332,-8.84501647949219,"Unknown"
"7014851",371865,2025-07-05 15:36:41,43.357666015625,-8.84496974945068,"Unknown"
"7014851",371865,2025-07-05 15:41:38,43.3576164245605,-8.84498405456543,"Unknown"
"7014851",371865,2025-07-05 15:46:38,43.3576583862305,-8.84500598907471,"Unknown"
"7014851",371865,2025-07-05 15:51:38,43.3576583862305,-8.84514236450195,"Unknown"
"7014851",371865,2025-07-05 15:56:44,43.3575782775879,-8.84500408172607,"Unknown"
"7014851",371865,2025-07-05 16:01:43,43.3576011657715,-8.84513378143311,"Unknown"
"7014851",371865,2025-07-05 16:06:40,43.3576126098633,-8.84499835968018,"Unknown"
"7014851",371865,2025-07-05 16:11:49,43.3577079772949,-8.84499549865723,"Unknown"
"7014851",371865,2025-07-05 16:16:43,43.3577651977539,-8.84495639801025,"Unknown"
"7014851",371865,2025-07-05 16:21:43,43.3577041625977,-8.84497451782227,"Unknown"
"7014851",371865,2025-07-05 16:26:39,43.3577308654785,-8.84491157531738,"Unknown"
"7014851",371865,2025-07-05 16:31:40,43.3577728271484,-8.84493637084961,"Unknown"
"7014851",371865,2025-07-05 16:36:39,43.3575019836426,-8.84460639953613,"Unknown"
"7014851",371865,2025-07-05 16:41:40,43.3574752807617,-8.84450244903564,"Unknown"
"7014851",371865,2025-07-05 16:46:45,43.357723236084,-8.84526634216309,"Unknown"
"7014851",371865,2025-07-05 16:51:43,43.3576545715332,-8.84499359130859,"Unknown"
"7014851",371865,2025-07-05 16:56:42,43.357723236084,-8.84498405456543,"Unknown"
"7014851",371865,2025-07-05 17:01:40,43.3635711669922,-8.85332489013672,"Unknown"
"7014851",371865,2025-07-05 17:06:49,43.380615234375,-8.87665271759033,"Unknown"
"7014851",371865,2025-07-05 17:11:36,43.3941841125488,-8.89038848876953,"Unknown"
"7014851",371865,2025-07-05 17:16:43,43.3950157165527,-8.89358520507812,"Unknown"
"7014851",371865,2025-07-05 17:21:35,43.3697395324707,-8.8640022277832,"Unknown"
"7014851",371865,2025-07-05 17:26:39,43.3577575683594,-8.84533023834229,"Unknown"
"7014851",371865,2025-07-05 17:32:17,43.3577270507812,-8.84528160095215,"Unknown"
"7014851",371865,2025-07-05 17:36:41,43.3577117919922,-8.84514141082764,"Unknown"
"7014851",371865,2025-07-05 17:41:46,43.3577728271484,-8.84527206420898,"Unknown"
"7014851",371865,2025-07-05 17:47:14,43.3576774597168,-8.84511184692383,"Unknown"
"7014851",371865,2025-07-05 17:51:35,43.3577156066895,-8.84505271911621,"Unknown"
"7014851",371865,2025-07-05 17:56:36,43.3577995300293,-8.84531784057617,"Unknown"
"7014851",371865,2025-07-05 18:01:40,43.357666015625,-8.84514808654785,"Unknown"
"7014851",371865,2025-07-05 18:06:55,43.3575553894043,-8.84498500823975,"Unknown"
"7014851",371865,2025-07-05 18:11:39,43.3574333190918,-8.84490013122559,"Unknown"
"7014851",371865,2025-07-05 18:16:44,43.3576698303223,-8.84496784210205,"Unknown"
"7014851",371865,2025-07-05 18:21:42,43.3577117919922,-8.84520244598389,"Unknown"
"7014851",371865,2025-07-05 18:26:35,43.3576507568359,-8.84516620635986,"Unknown"
"7014851",371865,2025-07-05 18:31:44,43.3576278686523,-8.84489154815674,"Unknown"
"7014851",371865,2025-07-05 18:36:40,43.3575248718262,-8.84489250183105,"Unknown"
"7014851",371865,2025-07-05 18:41:41,43.3575134277344,-8.84492778778076,"Unknown"
"7014851",371865,2025-07-05 18:46:47,43.357608795166,-8.84431743621826,"Unknown"
"7014851",371865,2025-07-05 18:52:05,43.3599014282227,-8.83270072937012,"Unknown"
"7014851",371865,2025-07-05 18:56:36,43.3610877990723,-8.84165954589844,"Unknown"
"7014851",371865,2025-07-05 19:01:38,43.3765182495117,-8.83874320983887,"Unknown"
"7014851",371865,2025-07-05 19:06:42,43.3619384765625,-8.84195423126221,"Unknown"
"7014851",371865,2025-07-05 19:11:45,43.3576164245605,-8.84512424468994,"Unknown"
"7014851",371865,2025-07-05 19:16:47,43.3576011657715,-8.84514141082764,"Unknown"
"7014851",371865,2025-07-05 19:21:43,43.3576469421387,-8.84516525268555,"Unknown"
"7014851",371865,2025-07-05 19:26:38,43.357608795166,-8.84511280059814,"Unknown"
"7014851",371865,2025-07-05 19:31:38,43.3575744628906,-8.84513854980469,"Unknown"
"7014851",371865,2025-07-05 19:36:36,43.3575248718262,-8.84500408172607,"Unknown"
"7014851",371865,2025-07-05 19:41:38,43.357593536377,-8.84497261047363,"Unknown"
"7014851",371865,2025-07-05 19:46:35,43.3575172424316,-8.84484195709229,"Unknown"
"7014851",371865,2025-07-05 19:51:39,43.3575286865234,-8.84480094909668,"Unknown"
"7014851",371865,2025-07-05 19:56:36,43.357250213623,-8.84440803527832,"Unknown"
"7014851",371865,2025-07-05 20:01:35,43.357494354248,-8.84485530853271,"Unknown"
"7014851",371865,2025-07-05 20:06:37,43.3575630187988,-8.84502983093262,"Unknown"
"7014851",371865,2025-07-05 20:11:37,43.357551574707,-8.84492778778076,"Unknown"
"7014851",371865,2025-07-05 20:16:37,43.3575859069824,-8.84504318237305,"Unknown"
"7014851",371865,2025-07-05 20:21:46,43.3576622009277,-8.84525680541992,"Unknown"
"7014851",371865,2025-07-05 20:26:34,43.3576774597168,-8.84509086608887,"Unknown"
"7014851",371865,2025-07-05 20:31:37,43.3576278686523,-8.84516048431396,"Unknown"
"7014851",371865,2025-07-05 20:37:05,43.357608795166,-8.84506416320801,"Unknown"
"7014851",371865,2025-07-05 20:41:35,43.3577346801758,-8.84527778625488,"Unknown"
"7014851",371865,2025-07-05 20:46:37,43.3576049804688,-8.84506416320801,"Unknown"
"7014851",371865,2025-07-05 20:51:35,43.3573265075684,-8.844557762146,"Unknown"
"7014851",371865,2025-07-05 20:56:42,43.3576126098633,-8.84484767913818,"Unknown"
"7014851",371865,2025-07-05 21:01:42,43.357593536377,-8.84486770629883,"Unknown"
"7014851",371865,2025-07-05 21:06:42,43.3576545715332,-8.84491539001465,"Unknown"
"7014851",371865,2025-07-05 21:11:42,43.3575973510742,-8.84478187561035,"Unknown"
"7014851",371865,2025-07-05 21:16:34,43.3576278686523,-8.84484386444092,"Unknown"
"7014851",371865,2025-07-05 21:21:33,43.357666015625,-8.84487915039062,"Unknown"
"7014851",371865,2025-07-05 21:26:39,43.3575210571289,-8.84511661529541,"Unknown"
"7014851",371865,2025-07-05 21:31:39,43.3575553894043,-8.84500789642334,"Unknown"
"7014851",371865,2025-07-05 21:36:34,43.3575477600098,-8.84500980377197,"Unknown"
"7014851",371865,2025-07-05 21:41:45,43.3575706481934,-8.84486484527588,"Unknown"
"7014851",371865,2025-07-05 21:47:05,43.3576354980469,-8.84489440917969,"Unknown"
"7014851",371865,2025-07-05 21:51:34,43.3576126098633,-8.84502220153809,"Unknown"
"7014851",371865,2025-07-05 21:56:34,43.3576507568359,-8.84506797790527,"Unknown"
"7014851",371865,2025-07-05 22:01:34,43.3575439453125,-8.84497928619385,"Unknown"
"7014851",371865,2025-07-05 22:06:36,43.3575439453125,-8.84494113922119,"Unknown"
"7014851",371865,2025-07-05 22:11:33,43.3576354980469,-8.84502029418945,"Unknown"
"7014851",371865,2025-07-05 22:16:37,43.3576393127441,-8.84506416320801,"Unknown"
"7014851",371865,2025-07-05 22:21:39,43.3575401306152,-8.84495639801025,"Unknown"
"7014851",371865,2025-07-05 22:26:39,43.3575744628906,-8.84509181976318,"Unknown"
"7014851",371865,2025-07-05 22:31:36,43.3575706481934,-8.84508991241455,"Unknown"
"7014851",371865,2025-07-05 22:36:37,43.3575782775879,-8.8448657989502,"Unknown"
"7014851",371865,2025-07-05 22:41:42,43.3575820922852,-8.84509181976318,"Unknown"
"7014851",371865,2025-07-05 22:46:42,43.357536315918,-8.84489917755127,"Unknown"
"7014851",371865,2025-07-05 22:51:40,43.3576698303223,-8.84422779083252,"Unknown"
"7014851",371865,2025-07-05 22:56:37,43.3590545654297,-8.8449592590332,"Unknown"
"7014851",371865,2025-07-05 23:01:45,43.3576545715332,-8.84482002258301,"Unknown"
"7014851",371865,2025-07-05 23:06:36,43.357666015625,-8.84503650665283,"Unknown"
"7014851",371865,2025-07-05 23:11:36,43.3576011657715,-8.84514236450195,"Unknown"
"7014851",371865,2025-07-05 23:16:39,43.3576965332031,-8.84500408172607,"Unknown"
"7014851",371865,2025-07-05 23:21:37,43.3576278686523,-8.84480953216553,"Unknown"
"7014851",371865,2025-07-05 23:26:42,43.3576850891113,-8.84480381011963,"Unknown"
"7014851",371865,2025-07-05 23:31:39,43.3577156066895,-8.84468078613281,"Unknown"
"7014851",371865,2025-07-05 23:36:41,43.3576889038086,-8.84477424621582,"Unknown"
"7014851",371865,2025-07-05 23:41:33,43.3570976257324,-8.84580707550049,"Unknown"
"7014851",371865,2025-07-05 23:46:34,43.3574256896973,-8.84471130371094,"Unknown"
"7014851",371865,2025-07-05 23:51:41,43.3575897216797,-8.84507369995117,"Unknown"
"7014851",371865,2025-07-05 23:56:37,43.3575172424316,-8.84506416320801,"Unknown"
"7014851",371865,2025-07-06 00:01:44,43.357608795166,-8.84498977661133,"Unknown"
"7014851",371865,2025-07-06 00:06:34,43.3576469421387,-8.84504508972168,"Unknown"
"7014851",371865,2025-07-06 00:11:39,43.3576126098633,-8.84498977661133,"Unknown"
"7014851",371865,2025-07-06 00:16:39,43.3576278686523,-8.84507083892822,"Unknown"
"7014851",371865,2025-07-06 00:21:40,43.3576583862305,-8.8450231552124,"Unknown"
"7014851",371865,2025-07-06 00:26:39,43.3576354980469,-8.84502792358398,"Unknown"
"7014851",371865,2025-07-06 00:31:34,43.3575592041016,-8.84508800506592,"Unknown"
"7014851",371865,2025-07-06 00:36:36,43.3576469421387,-8.8449649810791,"Unknown"
"7014851",371865,2025-07-06 00:41:34,43.3575401306152,-8.8449068069458,"Unknown"
"7014851",371865,2025-07-06 00:47:17,43.3576278686523,-8.84511852264404,"Unknown"
"7014851",371865,2025-07-06 00:51:42,43.3578338623047,-8.84502410888672,"Unknown"
"7014851",371865,2025-07-06 00:56:44,43.3580207824707,-8.84520721435547,"Unknown"
"7014851",371865,2025-07-06 01:01:43,43.3577423095703,-8.8451452255249,"Unknown"
"7014851",371865,2025-07-06 01:06:42,43.3576011657715,-8.84515285491943,"Unknown"
"7014851",371865,2025-07-06 01:11:38,43.3578338623047,-8.84480476379395,"Unknown"
"7014851",371865,2025-07-06 01:16:39,43.3577537536621,-8.84500980377197,"Unknown"
"7014851",371865,2025-07-06 01:21:36,43.3582611083984,-8.84419727325439,"Unknown"
"7014851",371865,2025-07-06 01:26:37,43.3576469421387,-8.84521007537842,"Unknown"
"7014851",371865,2025-07-06 01:31:39,43.3578262329102,-8.84489440917969,"Unknown"
"7014851",371865,2025-07-06 01:36:39,43.3576393127441,-8.84514808654785,"Unknown"
"7014851",371865,2025-07-06 01:41:41,43.3576698303223,-8.84500026702881,"Unknown"
"7014851",371865,2025-07-06 01:47:05,43.3576354980469,-8.84497737884521,"Unknown"
"7014851",371865,2025-07-06 01:51:34,43.3576316833496,-8.84494972229004,"Unknown"
"7014851",371865,2025-07-06 01:56:34,43.3575439453125,-8.84512424468994,"Unknown"
"7014851",371865,2025-07-06 02:01:39,43.3576316833496,-8.84499835968018,"Unknown"
"7014851",371865,2025-07-06 02:06:34,43.3575630187988,-8.84504508972168,"Unknown"
"7014851",371865,2025-07-06 02:11:42,43.3576316833496,-8.84510898590088,"Unknown"
"7014851",371865,2025-07-06 02:16:34,43.3576240539551,-8.84517765045166,"Unknown"
"7014851",371865,2025-07-06 02:21:38,43.3576431274414,-8.84514045715332,"Unknown"
"7014851",371865,2025-07-06 02:26:39,43.3576202392578,-8.8451623916626,"Unknown"
"7014851",371865,2025-07-06 02:31:39,43.3576316833496,-8.84515953063965,"Unknown"
"7014851",371865,2025-07-06 02:36:41,43.3576049804688,-8.84510517120361,"Unknown"
"7014851",371865,2025-07-06 02:41:42,43.357593536377,-8.84499740600586,"Unknown"
"7014851",371865,2025-07-06 02:46:33,43.3578224182129,-8.84528160095215,"Unknown"
"7014851",371865,2025-07-06 02:51:33,43.3578453063965,-8.8452672958374,"Unknown"
"7014851",371865,2025-07-06 02:56:33,43.3577270507812,-8.84511470794678,"Unknown"
"7014851",371865,2025-07-06 03:01:34,43.3576393127441,-8.84516143798828,"Unknown"
"7014851",371865,2025-07-06 03:06:40,43.3575973510742,-8.84507751464844,"Unknown"
"7014851",371865,2025-07-06 03:11:39,43.3575897216797,-8.8447380065918,"Unknown"
"7014851",371865,2025-07-06 03:16:33,43.3576278686523,-8.8448600769043,"Unknown"
"7014851",371865,2025-07-06 03:21:39,43.3575057983398,-8.84487533569336,"Unknown"
"7014851",371865,2025-07-06 03:27:13,43.3575477600098,-8.84497261047363,"Unknown"
"7014851",371865,2025-07-06 03:31:47,43.3575782775879,-8.84506320953369,"Unknown"
"7014851",371865,2025-07-06 03:36:37,43.3575897216797,-8.84505462646484,"Unknown"
"7014851",371865,2025-07-06 03:41:42,43.3575820922852,-8.844970703125,"Unknown"
"7014851",371865,2025-07-06 03:46:44,43.3575248718262,-8.84503364562988,"Unknown"
"7014851",371865,2025-07-06 03:51:40,43.3576507568359,-8.84499454498291,"Unknown"
"7014851",371865,2025-07-06 03:56:34,43.3576965332031,-8.84535312652588,"Unknown"
"7014851",371865,2025-07-06 04:02:05,43.3575744628906,-8.84508514404297,"Unknown"
"7014851",371865,2025-07-06 04:06:33,43.357551574707,-8.84506702423096,"Unknown"
"7014851",371865,2025-07-06 04:11:36,43.3575592041016,-8.8450403213501,"Unknown"
"7014851",371865,2025-07-06 04:16:34,43.3575897216797,-8.84508991241455,"Unknown"
"7014851",371865,2025-07-06 04:21:35,43.3576278686523,-8.84501266479492,"Unknown"
"7014851",371865,2025-07-06 04:26:35,43.3576011657715,-8.84498500823975,"Unknown"
"7014851",371865,2025-07-06 04:31:34,43.3576011657715,-8.84496593475342,"Unknown"
"7014851",371865,2025-07-06 04:36:34,43.357608795166,-8.84499835968018,"Unknown"
"7014851",371865,2025-07-06 04:41:34,43.357551574707,-8.84500312805176,"Unknown"
"7014851",371865,2025-07-06 04:46:42,43.357593536377,-8.84496593475342,"Unknown"
"7014851",371865,2025-07-06 04:51:41,43.3575096130371,-8.84502029418945,"Unknown"
"7014851",371865,2025-07-06 04:56:34,43.3575897216797,-8.84491634368896,"Unknown"
"7014851",371865,2025-07-06 05:01:36,43.3576240539551,-8.84494209289551,"Unknown"
"7014851",371865,2025-07-06 05:06:35,43.3609619140625,-8.85262584686279,"Unknown"
"7014851",371865,2025-07-06 05:11:38,43.3576126098633,-8.84496116638184,"Unknown"
"7014851",371865,2025-07-06 05:16:38,43.3574523925781,-8.84491443634033,"Unknown"
"7014851",371865,2025-07-06 05:21:43,43.357593536377,-8.84510707855225,"Unknown"
"7014851",371865,2025-07-06 05:26:43,43.3575096130371,-8.84499073028564,"Unknown"
"7014851",371865,2025-07-06 05:31:39,43.3574867248535,-8.84496688842773,"Unknown"
"7014851",371865,2025-07-06 05:36:42,43.3575706481934,-8.84494113922119,"Unknown"
"7014851",371865,2025-07-06 05:41:38,43.3575706481934,-8.84479427337646,"Unknown"
"7014851",371865,2025-07-06 05:46:39,43.3577156066895,-8.84487056732178,"Unknown"
"7014851",371865,2025-07-06 05:52:05,43.3576393127441,-8.84501171112061,"Unknown"
"7014851",371865,2025-07-06 05:56:40,43.3577194213867,-8.84500980377197,"Unknown"
"7014851",371865,2025-07-06 06:01:46,43.3576278686523,-8.84505081176758,"Unknown"
"7014851",371865,2025-07-06 06:06:59,43.3576507568359,-8.84509372711182,"Unknown"
"7014851",371865,2025-07-06 06:12:05,43.3575592041016,-8.84504318237305,"Unknown"
"7014851",371865,2025-07-06 06:16:33,43.3576431274414,-8.84497451782227,"Unknown"
"7014851",371865,2025-07-06 06:21:33,43.357608795166,-8.84493732452393,"Unknown"
"7014851",371865,2025-07-06 06:26:36,43.3575706481934,-8.8450288772583,"Unknown"
"7014851",371865,2025-07-06 06:31:41,43.3575706481934,-8.84504795074463,"Unknown"
"7014851",371865,2025-07-06 06:36:35,43.357593536377,-8.84509944915771,"Unknown"
"7014851",371865,2025-07-06 06:41:33,43.3575172424316,-8.84500598907471,"Unknown"
"7014851",371865,2025-07-06 06:46:34,43.3575286865234,-8.84507465362549,"Unknown"
"7014851",371865,2025-07-06 06:51:33,43.3576278686523,-8.84512424468994,"Unknown"
"7014851",371865,2025-07-06 06:56:33,43.3576469421387,-8.84505653381348,"Unknown"
"7014851",371865,2025-07-06 07:01:33,43.3577003479004,-8.8447732925415,"Unknown"
"7014851",371865,2025-07-06 07:06:35,43.3576164245605,-8.84492778778076,"Unknown"
"7014851",371865,2025-07-06 07:11:34,43.3576202392578,-8.84469699859619,"Unknown"
"7014851",371865,2025-07-06 07:17:05,43.3576011657715,-8.84497261047363,"Unknown"
"7014851",371865,2025-07-06 07:21:34,43.3575859069824,-8.844970703125,"Unknown"
"7014851",371865,2025-07-06 07:26:44,43.3575859069824,-8.84493923187256,"Unknown"
"7014851",371865,2025-07-06 07:31:33,43.3575553894043,-8.84500598907471,"Unknown"
"7014851",371865,2025-07-06 07:36:37,43.357551574707,-8.84473991394043,"Unknown"
"7014851",371865,2025-07-06 07:42:57,43.3575706481934,-8.8450345993042,"Unknown"
"7014851",371865,2025-07-06 07:47:57,43.3575859069824,-8.84504508972168,"Unknown"
"7014851",371865,2025-07-06 07:52:57,43.3575706481934,-8.84502792358398,"Unknown"
"7014851",371865,2025-07-06 07:57:57,43.3575782775879,-8.84505081176758,"Unknown"
"7014851",371865,2025-07-06 08:02:23,43.3575668334961,-8.84505558013916,"Unknown"
"7014851",371865,2025-07-06 08:06:32,43.3574867248535,-8.84505558013916,"Unknown"
"7014851",371865,2025-07-06 08:11:38,43.357551574707,-8.84510612487793,"Unknown"
"7014851",371865,2025-07-06 08:16:39,43.3574829101562,-8.84512138366699,"Unknown"
"7014851",371865,2025-07-06 08:21:32,43.3575744628906,-8.84519290924072,"Unknown"
"7014851",371865,2025-07-06 08:26:41,43.3575706481934,-8.84509944915771,"Unknown"
"7014851",371865,2025-07-06 08:31:33,43.357479095459,-8.8449125289917,"Unknown"
"7014851",371865,2025-07-06 08:36:37,43.357738494873,-8.845046043396,"Unknown"
"7014851",371865,2025-07-06 08:41:33,43.3575439453125,-8.84522819519043,"Unknown"
"7014851",371865,2025-07-06 08:46:35,43.3575668334961,-8.84520053863525,"Unknown"
"7014851",371865,2025-07-06 08:51:35,43.3769989013672,-8.85965061187744,"Unknown"
"7014851",371865,2025-07-06 08:56:35,43.3899040222168,-8.87845516204834,"Unknown"
"7014851",371865,2025-07-06 09:01:41,43.3890686035156,-8.87937545776367,"Unknown"
"7014851",371865,2025-07-06 09:06:35,43.3888359069824,-8.87985801696777,"Unknown"
"7014851",371865,2025-07-06 09:11:33,43.3883018493652,-8.88011360168457,"Unknown"
"7014851",371865,2025-07-06 09:16:38,43.3876113891602,-8.88029956817627,"Unknown"
"7014851",371865,2025-07-06 09:21:32,43.392505645752,-8.89617156982422,"Unknown"
"7014851",371865,2025-07-06 09:26:35,43.3765983581543,-8.92371559143066,"Unknown"
"7014851",371865,2025-07-06 09:31:33,43.3734359741211,-8.92789459228516,"Unknown"
"7014851",371865,2025-07-06 09:36:45,43.3744468688965,-8.92634010314941,"Unknown"
"7014851",371865,2025-07-06 09:41:44,43.3736190795898,-8.92424774169922,"Unknown"
"7014851",371865,2025-07-06 09:46:44,43.372013092041,-8.90982627868652,"Unknown"
"7014851",371865,2025-07-06 09:51:33,43.3635864257812,-8.86891841888428,"Unknown"
"7014851",371865,2025-07-06 09:56:36,43.3576164245605,-8.84469509124756,"Unknown"
"7014851",371865,2025-07-06 10:01:58,43.3576545715332,-8.84475994110107,"Unknown"
"7014851",371865,2025-07-06 10:06:52,43.3576202392578,-8.84481143951416,"Unknown"
"7014851",371865,2025-07-06 10:11:38,43.3575668334961,-8.84479236602783,"Unknown"
"7014851",371865,2025-07-06 10:16:37,43.3575744628906,-8.84482192993164,"Unknown"
"7014851",371865,2025-07-06 10:21:45,43.3575096130371,-8.84505558013916,"Unknown"
"7014851",371865,2025-07-06 10:27:05,43.3576469421387,-8.84505271911621,"Unknown"
"7014851",371865,2025-07-06 10:31:37,43.3576049804688,-8.84505271911621,"Unknown"
"7014851",371865,2025-07-06 10:36:33,43.3577079772949,-8.84508895874023,"Unknown"
"7014851",371865,2025-07-06 10:41:33,43.3577728271484,-8.84509944915771,"Unknown"
"7014851",371865,2025-07-06 10:46:32,43.3577461242676,-8.84508037567139,"Unknown"
"7014851",371865,2025-07-06 10:51:32,43.357738494873,-8.8450984954834,"Unknown"
"7014851",371865,2025-07-06 10:56:39,43.3578262329102,-8.84512042999268,"Unknown"
"7014851",371865,2025-07-06 11:01:34,43.3577346801758,-8.84515190124512,"Unknown"
"7014851",371865,2025-07-06 11:06:32,43.357666015625,-8.84519386291504,"Unknown"
"7014851",371865,2025-07-06 11:11:33,43.3573188781738,-8.84496021270752,"Unknown"
"7014851",371865,2025-07-06 11:16:34,43.3576431274414,-8.84517955780029,"Unknown"
"7014851",371865,2025-07-06 11:21:33,43.3575057983398,-8.84509658813477,"Unknown"
"7014851",371865,2025-07-06 11:26:37,43.3576622009277,-8.84501171112061,"Unknown"
"7014851",371865,2025-07-06 11:31:37,43.3576965332031,-8.84502220153809,"Unknown"
"7014851",371865,2025-07-06 11:36:33,43.3575782775879,-8.84497833251953,"Unknown"
"7014851",371865,2025-07-06 11:41:33,43.3574829101562,-8.84503364562988,"Unknown"
"7014851",371865,2025-07-06 11:46:34,43.3575897216797,-8.84504795074463,"Unknown"
"7014851",371865,2025-07-06 11:51:44,43.3576774597168,-8.8449010848999,"Unknown"
"7014851",371865,2025-07-06 11:56:33,43.3573608398438,-8.84494590759277,"Unknown"
"7014851",371865,2025-07-06 12:01:33,43.3576545715332,-8.84493446350098,"Unknown"
"7014851",371865,2025-07-06 12:06:33,43.3578109741211,-8.84487819671631,"Unknown"
"7014851",371865,2025-07-06 12:11:35,43.357551574707,-8.84503841400146,"Unknown"
"7014851",371865,2025-07-06 12:16:33,43.357837677002,-8.84488201141357,"Unknown"
"7014851",371865,2025-07-06 12:21:36,43.3575439453125,-8.84501075744629,"Unknown"
"7014851",371865,2025-07-06 12:26:34,43.3575706481934,-8.84503173828125,"Unknown"
"7014851",371865,2025-07-06 12:31:37,43.3575401306152,-8.84482288360596,"Unknown"
"7014851",371865,2025-07-06 12:36:46,43.3576126098633,-8.84507274627686,"Unknown"
"7014851",371865,2025-07-06 12:41:34,43.3574447631836,-8.84504508972168,"Unknown"
"7014851",371865,2025-07-06 12:46:37,43.357551574707,-8.84508991241455,"Unknown"
"7014851",371865,2025-07-06 12:51:32,43.3574523925781,-8.84482860565186,"Unknown"
"7014851",371865,2025-07-06 12:56:37,43.3573265075684,-8.84499073028564,"Unknown"
"7014851",371865,2025-07-06 13:01:40,43.3574523925781,-8.8450813293457,"Unknown"
"7014851",371865,2025-07-06 13:06:39,43.3575096130371,-8.84500598907471,"Unknown"
"7014851",371865,2025-07-06 13:11:44,43.357479095459,-8.84499168395996,"Unknown"
"7014851",371865,2025-07-06 13:17:06,43.3575859069824,-8.84496879577637,"Unknown"
"7014851",371865,2025-07-06 13:21:33,43.3575439453125,-8.84491729736328,"Unknown"
"7014851",371865,2025-07-06 13:26:37,43.3575286865234,-8.84503269195557,"Unknown"
"7014851",371865,2025-07-06 13:31:32,43.3576354980469,-8.84520721435547,"Unknown"
"7014851",371865,2025-07-06 13:36:39,43.3575630187988,-8.84495067596436,"Unknown"
"7014851",371865,2025-07-06 13:41:32,43.357551574707,-8.84499263763428,"Unknown"
"7014851",371865,2025-07-06 13:46:34,43.3575668334961,-8.84512805938721,"Unknown"
"7014851",371865,2025-07-06 13:51:34,43.3575859069824,-8.84506130218506,"Unknown"
"7014851",371865,2025-07-06 13:56:34,43.3575859069824,-8.8450403213501,"Unknown"
"7014851",371865,2025-07-06 14:01:33,43.3576431274414,-8.84517097473145,"Unknown"
"7014851",371865,2025-07-06 14:06:39,43.3575706481934,-8.84508419036865,"Unknown"
"7014851",371865,2025-07-06 14:11:34,43.3576240539551,-8.84500026702881,"Unknown"
"7014851",371865,2025-07-06 14:16:33,43.3577194213867,-8.84517478942871,"Unknown"
"7014851",371865,2025-07-06 14:21:33,43.3576011657715,-8.84508609771729,"Unknown"
"7014851",371865,2025-07-06 14:26:39,43.3575096130371,-8.84498023986816,"Unknown"
"7014851",371865,2025-07-06 14:31:41,43.3573570251465,-8.84469795227051,"Unknown"
"7014851",371865,2025-07-06 14:36:44,43.3576469421387,-8.84507465362549,"Unknown"
"7014851",371865,2025-07-06 14:41:39,43.3576202392578,-8.845046043396,"Unknown"
"7014851",371865,2025-07-06 14:46:33,43.3577079772949,-8.84524345397949,"Unknown"
"7014851",371865,2025-07-06 14:51:33,43.357536315918,-8.84492969512939,"Unknown"
"7014851",371865,2025-07-06 14:56:33,43.3576965332031,-8.84512424468994,"Unknown"
"7014851",371865,2025-07-06 15:01:36,43.357666015625,-8.84516525268555,"Unknown"
"7014851",371865,2025-07-06 15:06:36,43.3576354980469,-8.84508609771729,"Unknown"
"7014851",371865,2025-07-06 15:11:33,43.3580055236816,-8.84569454193115,"Unknown"
"7014851",371865,2025-07-06 15:16:33,43.357837677002,-8.84538745880127,"Unknown"
"7014851",371865,2025-07-06 15:21:39,43.3577079772949,-8.84502029418945,"Unknown"
"7014851",371865,2025-07-06 15:26:45,43.3580932617188,-8.84437465667725,"Unknown"
"7014851",371865,2025-07-06 15:32:05,43.3576507568359,-8.8450870513916,"Unknown"
"7014851",371865,2025-07-06 15:36:59,43.3576507568359,-8.84506988525391,"Unknown"
"7014851",371865,2025-07-06 15:41:52,43.3577346801758,-8.84490203857422,"Unknown"
"7014851",371865,2025-07-06 15:47:05,43.3577003479004,-8.84497547149658,"Unknown"
"7014851",371865,2025-07-06 15:51:33,43.3576583862305,-8.84497547149658,"Unknown"
"7014851",371865,2025-07-06 15:56:38,43.3576583862305,-8.84503841400146,"Unknown"
"7014851",371865,2025-07-06 16:01:33,43.3576011657715,-8.84509563446045,"Unknown"
"7014851",371865,2025-07-06 16:06:37,43.3575172424316,-8.84531307220459,"Unknown"
"7014851",371865,2025-07-06 16:11:34,43.3575172424316,-8.84505176544189,"Unknown"
"7014851",371865,2025-07-06 16:16:34,43.3575210571289,-8.8451099395752,"Unknown"
"7014851",371865,2025-07-06 16:21:33,43.3576545715332,-8.84502792358398,"Unknown"
"7014851",371865,2025-07-06 16:26:34,43.3576507568359,-8.84510898590088,"Unknown"
"7014851",371865,2025-07-06 16:31:33,43.3576965332031,-8.84506702423096,"Unknown"
"7014851",371865,2025-07-06 16:36:40,43.3575706481934,-8.84514617919922,"Unknown"
"7014851",371865,2025-07-06 16:41:33,43.3575668334961,-8.84512996673584,"Unknown"
"7014851",371865,2025-07-06 16:46:34,43.3585929870605,-8.84541606903076,"Unknown"
"7014851",371865,2025-07-06 16:51:34,43.3575286865234,-8.84506607055664,"Unknown"
"7014851",371865,2025-07-06 16:56:36,43.3575592041016,-8.84502601623535,"Unknown"
"7014851",371865,2025-07-06 17:01:34,43.3545265197754,-8.851881980896,"Unknown"
"7014851",371865,2025-07-06 17:06:33,43.3364181518555,-8.85626029968262,"Unknown"
"7014851",371865,2025-07-06 17:11:39,43.3144187927246,-8.85675239562988,"Unknown"
"7014851",371865,2025-07-06 17:16:33,43.3156051635742,-8.85751819610596,"Unknown"
"7014851",371865,2025-07-06 17:21:33,43.3144454956055,-8.85677528381348,"Unknown"
"7014851",371865,2025-07-06 17:26:33,43.318187713623,-8.85678577423096,"Unknown"
"7014851",371865,2025-07-06 17:31:34,43.3412551879883,-8.84272193908691,"Unknown"
"7014851",371865,2025-07-06 17:36:44,43.3575057983398,-8.84497356414795,"Unknown"
"7014851",371865,2025-07-06 17:41:37,43.357551574707,-8.84504985809326,"Unknown"
"7014851",371865,2025-07-06 17:46:38,43.3574638366699,-8.84488487243652,"Unknown"
"7014851",371865,2025-07-06 17:51:41,43.3576354980469,-8.845139503479,"Unknown"
"7014851",371865,2025-07-06 17:56:38,43.3577079772949,-8.84531402587891,"Unknown"
"7014851",371865,2025-07-06 18:01:37,43.3574562072754,-8.84467029571533,"Unknown"
"7014851",371865,2025-07-06 18:06:37,43.3574829101562,-8.84483337402344,"Unknown"
"7014851",371865,2025-07-06 18:11:33,43.3576011657715,-8.84499359130859,"Unknown"
"7014851",371865,2025-07-06 18:16:41,43.3573722839355,-8.84482479095459,"Unknown"
"7014851",371865,2025-07-06 18:21:37,43.3573341369629,-8.84486675262451,"Unknown"
"7014851",371865,2025-07-06 18:26:41,43.3574447631836,-8.84485721588135,"Unknown"
"7014851",371865,2025-07-06 18:31:38,43.3575439453125,-8.8451452255249,"Unknown"
"7014851",371865,2025-07-06 18:36:38,43.357536315918,-8.84499263763428,"Unknown"
"7014851",371865,2025-07-06 18:41:39,43.3578033447266,-8.84561347961426,"Unknown"
"7014851",371865,2025-07-06 18:47:35,43.357608795166,-8.84509754180908,"Unknown"
"7014851",371865,2025-07-06 18:51:34,43.3575668334961,-8.84512329101562,"Unknown"
"7014851",371865,2025-07-06 18:56:35,43.3575439453125,-8.84508895874023,"Unknown"
"7014851",371865,2025-07-06 19:01:34,43.3575782775879,-8.84510803222656,"Unknown"
"7014851",371865,2025-07-06 19:06:37,43.3576431274414,-8.84504890441895,"Unknown"
"7014851",371865,2025-07-06 19:11:38,43.3576011657715,-8.8451099395752,"Unknown"
"7014851",371865,2025-07-06 19:16:38,43.3576164245605,-8.84507083892822,"Unknown"
"7014851",371865,2025-07-06 19:21:36,43.3576583862305,-8.84504890441895,"Unknown"
"7014851",371865,2025-07-06 19:26:37,43.3575668334961,-8.84509181976318,"Unknown"
"7014851",371865,2025-07-06 19:31:33,43.3575706481934,-8.84509658813477,"Unknown"
"7014851",371865,2025-07-06 19:36:36,43.3575325012207,-8.84512805938721,"Unknown"
"7014851",371865,2025-07-06 19:41:38,43.3575630187988,-8.84514331817627,"Unknown"
"7014851",371865,2025-07-06 19:46:41,43.3576126098633,-8.84507942199707,"Unknown"
"7014851",371865,2025-07-06 19:51:37,43.3575897216797,-8.84487915039062,"Unknown"
"7014851",371865,2025-07-06 19:56:38,43.3575706481934,-8.84501647949219,"Unknown"
"7014851",371865,2025-07-06 20:02:05,43.3576354980469,-8.84498405456543,"Unknown"
"7014851",371865,2025-07-06 20:06:39,43.3577041625977,-8.84508895874023,"Unknown"
"7014851",371865,2025-07-06 20:11:43,43.3575859069824,-8.84509086608887,"Unknown"
"7014851",371865,2025-07-06 20:16:39,43.3575325012207,-8.84505176544189,"Unknown"
"7014851",371865,2025-07-06 20:21:34,43.3574867248535,-8.84499549865723,"Unknown"
"7014851",371865,2025-07-06 20:26:34,43.3573226928711,-8.84471702575684,"Unknown"
"7014851",371865,2025-07-06 20:31:43,43.3575134277344,-8.845046043396,"Unknown"
"7014851",371865,2025-07-06 20:36:41,43.357421875,-8.84503746032715,"Unknown"
"7014851",371865,2025-07-06 20:41:34,43.3574714660645,-8.84502124786377,"Unknown"
"7014851",371865,2025-07-06 20:46:41,43.3578605651855,-8.84525585174561,"Unknown"
"7014851",371865,2025-07-06 20:51:37,43.3577575683594,-8.84482192993164,"Unknown"
"7014851",371865,2025-07-06 20:56:41,43.3588447570801,-8.8453254699707,"Unknown"
"7014851",371865,2025-07-06 21:01:41,43.3579940795898,-8.84515953063965,"Unknown"
"7014851",371865,2025-07-06 21:06:39,43.3578262329102,-8.84505844116211,"Unknown"
"7014851",371865,2025-07-06 21:11:36,43.3577537536621,-8.84507369995117,"Unknown"
"7014851",371865,2025-07-06 21:17:05,43.3575286865234,-8.84508895874023,"Unknown"
"7014851",371865,2025-07-06 21:21:34,43.3575172424316,-8.84511470794678,"Unknown"
"7014851",371865,2025-07-06 21:26:34,43.3575859069824,-8.84499740600586,"Unknown"
"7014851",371865,2025-07-06 21:31:33,43.3576126098633,-8.84511756896973,"Unknown"
"7014851",371865,2025-07-06 21:36:34,43.3575019836426,-8.84502983093262,"Unknown"
"7014851",371865,2025-07-06 21:41:34,43.3574485778809,-8.8450403213501,"Unknown"
"7014851",371865,2025-07-06 21:46:36,43.3575668334961,-8.84500312805176,"Unknown"
"7014851",371865,2025-07-06 21:51:34,43.3575096130371,-8.84506416320801,"Unknown"
"7014851",371865,2025-07-06 21:56:34,43.3575096130371,-8.84509468078613,"Unknown"
"7014851",371865,2025-07-06 22:01:38,43.3575248718262,-8.84510803222656,"Unknown"
"7014851",371865,2025-07-06 22:06:38,43.3575630187988,-8.84509944915771,"Unknown"
"7014851",371865,2025-07-06 22:11:35,43.3571968078613,-8.84507942199707,"Unknown"
"7014851",371865,2025-07-06 22:16:38,43.3575325012207,-8.84510612487793,"Unknown"
"7014851",371865,2025-07-06 22:21:34,43.3575096130371,-8.84506130218506,"Unknown"
"7014851",371865,2025-07-06 22:26:40,43.3574714660645,-8.84503746032715,"Unknown"
"7014851",371865,2025-07-06 22:31:36,43.3575782775879,-8.84505176544189,"Unknown"
"7014851",371865,2025-07-06 22:36:37,43.3575096130371,-8.84502792358398,"Unknown"
"7014851",371865,2025-07-06 22:41:36,43.3575668334961,-8.84505653381348,"Unknown"
"7014851",371865,2025-07-06 22:46:39,43.3576202392578,-8.84506607055664,"Unknown"
"7014851",371865,2025-07-06 22:51:39,43.3575706481934,-8.84500980377197,"Unknown"
"7014851",371865,2025-07-06 22:56:40,43.3576545715332,-8.84508991241455,"Unknown"
"7014851",371865,2025-07-06 23:01:39,43.3576240539551,-8.84506988525391,"Unknown"
"7014851",371865,2025-07-06 23:06:38,43.3577003479004,-8.84511375427246,"Unknown"
"7014851",371865,2025-07-06 23:11:35,43.3576507568359,-8.84512138366699,"Unknown"
"7014851",371865,2025-07-06 23:16:37,43.3577346801758,-8.84521102905273,"Unknown"
"7014851",371865,2025-07-06 23:21:40,43.357723236084,-8.84519195556641,"Unknown"
"7014851",371865,2025-07-06 23:26:37,43.3578605651855,-8.84540367126465,"Unknown"
"7014851",371865,2025-07-06 23:31:36,43.3579063415527,-8.84551048278809,"Unknown"
"7014851",371865,2025-07-06 23:36:36,43.3577880859375,-8.84534168243408,"Unknown"
"7014851",371865,2025-07-06 23:41:36,43.3578796386719,-8.84537410736084,"Unknown"
"7014851",371865,2025-07-06 23:46:44,43.3576583862305,-8.8452033996582,"Unknown"
"7014851",371865,2025-07-06 23:51:37,43.3576011657715,-8.8450174331665,"Unknown"
"7014851",371865,2025-07-06 23:56:37,43.3575592041016,-8.84497356414795,"Unknown"
"7014851",371865,2025-07-07 00:02:05,43.3575706481934,-8.84509563446045,"Unknown"
"7014851",371865,2025-07-07 00:06:33,43.3576316833496,-8.84500789642334,"Unknown"
"7014851",371865,2025-07-07 00:11:36,43.357593536377,-8.84502601623535,"Unknown"
"7014851",371865,2025-07-07 00:16:37,43.3576927185059,-8.844801902771,"Unknown"
"7014851",371865,2025-07-07 00:21:32,43.3576431274414,-8.84496593475342,"Unknown"
"7014851",371865,2025-07-07 00:26:38,43.3576240539551,-8.84496402740479,"Unknown"
"7014851",371865,2025-07-07 00:31:33,43.357551574707,-8.84500885009766,"Unknown"
"7014851",371865,2025-07-07 00:36:33,43.3576164245605,-8.84501266479492,"Unknown"
"7014851",371865,2025-07-07 00:41:42,43.3575897216797,-8.84499645233154,"Unknown"
"7014851",371865,2025-07-07 00:46:34,43.3576393127441,-8.84495735168457,"Unknown"
"7014851",371865,2025-07-07 00:51:37,43.3575401306152,-8.84510612487793,"Unknown"
"7014851",371865,2025-07-07 00:56:38,43.3575782775879,-8.8450231552124,"Unknown"
"7014851",371865,2025-07-07 01:01:36,43.3576850891113,-8.8448543548584,"Unknown"
"7014851",371865,2025-07-07 01:06:39,43.3575592041016,-8.84509944915771,"Unknown"
"7014851",371865,2025-07-07 01:11:37,43.3575630187988,-8.84505462646484,"Unknown"
"7014851",371865,2025-07-07 01:16:38,43.3576202392578,-8.84499263763428,"Unknown"
"7014851",371865,2025-07-07 01:21:39,43.3576049804688,-8.845046043396,"Unknown"
"7014851",371865,2025-07-07 01:26:39,43.3575859069824,-8.84497833251953,"Unknown"
"7014851",371865,2025-07-07 01:32:05,43.3575820922852,-8.84506702423096,"Unknown"
"7014851",371865,2025-07-07 01:36:32,43.3575210571289,-8.84506797790527,"Unknown"
"7014851",371865,2025-07-07 01:41:32,43.357551574707,-8.84507942199707,"Unknown"
"7014851",371865,2025-07-07 01:46:33,43.357551574707,-8.84509944915771,"Unknown"
"7014851",371865,2025-07-07 01:51:32,43.3574752807617,-8.8450870513916,"Unknown"
"7014851",371865,2025-07-07 01:56:32,43.3574981689453,-8.84503364562988,"Unknown"
"7014851",371865,2025-07-07 02:01:32,43.357551574707,-8.84498977661133,"Unknown"
"7014851",371865,2025-07-07 02:06:32,43.357494354248,-8.84497261047363,"Unknown"
"7014851",371865,2025-07-07 02:11:33,43.3575210571289,-8.84501075744629,"Unknown"
"7014851",371865,2025-07-07 02:16:35,43.357494354248,-8.84495735168457,"Unknown"
"7014851",371865,2025-07-07 02:21:45,43.3576583862305,-8.84511661529541,"Unknown"
"7014851",371865,2025-07-07 02:26:33,43.3575668334961,-8.8450756072998,"Unknown"
"7014851",371865,2025-07-07 02:31:37,43.3576316833496,-8.84502029418945,"Unknown"
"7014851",371865,2025-07-07 02:36:40,43.3576469421387,-8.84515190124512,"Unknown"
"7014851",371865,2025-07-07 02:41:34,43.3575630187988,-8.84509181976318,"Unknown"
"7014851",371865,2025-07-07 02:46:38,43.3576545715332,-8.84503746032715,"Unknown"
"7014851",371865,2025-07-07 02:51:37,43.357608795166,-8.84512901306152,"Unknown"
"7014851",371865,2025-07-07 02:56:33,43.3577117919922,-8.84523773193359,"Unknown"
"7014851",371865,2025-07-07 03:01:39,43.3575782775879,-8.84516048431396,"Unknown"
"7014851",371865,2025-07-07 03:06:34,43.3576354980469,-8.84514427185059,"Unknown"
"7014851",371865,2025-07-07 03:11:39,43.3575897216797,-8.84511184692383,"Unknown"
"7014851",371865,2025-07-07 03:16:39,43.3575782775879,-8.84518432617188,"Unknown"
"7014851",371865,2025-07-07 03:22:13,43.3575744628906,-8.84510326385498,"Unknown"
"7014851",371865,2025-07-07 03:26:36,43.3575782775879,-8.84524440765381,"Unknown"
"7014851",371865,2025-07-07 03:31:32,43.3575820922852,-8.84521198272705,"Unknown"
"7014851",371865,2025-07-07 03:36:34,43.3575782775879,-8.84489631652832,"Unknown"
"7014851",371865,2025-07-07 03:41:41,43.3575286865234,-8.84467887878418,"Unknown"
"7014851",371865,2025-07-07 03:47:14,43.3575706481934,-8.84495449066162,"Unknown"
"7014851",371865,2025-07-07 03:51:37,43.3576278686523,-8.84476661682129,"Unknown"
"7014851",371865,2025-07-07 03:56:35,43.3575897216797,-8.84511470794678,"Unknown"
"7014851",371865,2025-07-07 04:01:39,43.3577499389648,-8.84501457214355,"Unknown"
"7014851",371865,2025-07-07 04:06:34,43.3575096130371,-8.84452438354492,"Unknown"
"7014851",371865,2025-07-07 04:11:35,43.3578109741211,-8.84549522399902,"Unknown"
"7014851",371865,2025-07-07 04:16:40,43.3576736450195,-8.84508991241455,"Unknown"
"7014851",371865,2025-07-07 04:21:39,43.357608795166,-8.84512805938721,"Unknown"
"7014851",371865,2025-07-07 04:26:37,43.3576469421387,-8.84521389007568,"Unknown"
"7014851",371865,2025-07-07 04:32:05,43.3576011657715,-8.84510326385498,"Unknown"
"7014851",371865,2025-07-07 04:36:37,43.357666015625,-8.84494113922119,"Unknown"
"7014851",371865,2025-07-07 04:41:37,43.3576316833496,-8.84493923187256,"Unknown"
"7014851",371865,2025-07-07 04:46:33,43.3606414794922,-8.84757232666016,"Unknown"
"7014851",371865,2025-07-07 04:51:32,43.363883972168,-8.84752750396729,"Unknown"
"7014851",371865,2025-07-07 04:56:34,43.3730773925781,-8.85830688476562,"Unknown"
"7014851",371865,2025-07-07 05:01:36,43.3733177185059,-8.86575222015381,"Unknown"
"7014851",371865,2025-07-07 05:06:36,43.3737182617188,-8.86713790893555,"Unknown"
"7014851",371865,2025-07-07 05:11:33,43.38330078125,-8.87942028045654,"Unknown"
"7014851",371865,2025-07-07 05:16:32,43.3781394958496,-8.8695650100708,"Unknown"
"7014851",371865,2025-07-07 05:21:36,43.367603302002,-8.85105419158936,"Unknown"
"7014851",371865,2025-07-07 05:26:33,43.3622169494629,-8.85641384124756,"Unknown"
"7014851",371865,2025-07-07 05:31:34,43.351203918457,-8.85108852386475,"Unknown"
"7014851",371865,2025-07-07 05:36:36,43.3577156066895,-8.84516906738281,"Unknown"
"7014851",371865,2025-07-07 05:41:34,43.3575973510742,-8.84524726867676,"Unknown"
"7014851",371865,2025-07-07 05:46:41,43.3573913574219,-8.84494209289551,"Unknown"
"7014851",371865,2025-07-07 05:51:36,43.3577613830566,-8.84485244750977,"Unknown"
"7014851",371865,2025-07-07 05:56:37,43.3575859069824,-8.84496688842773,"Unknown"
"7014851",371865,2025-07-07 06:02:05,43.3576202392578,-8.84511375427246,"Unknown"
"7014851",371865,2025-07-07 06:06:33,43.357593536377,-8.8451509475708,"Unknown"
"7014851",371865,2025-07-07 06:11:32,43.3576202392578,-8.84511756896973,"Unknown"
"7014851",371865,2025-07-07 06:16:32,43.3575859069824,-8.84516525268555,"Unknown"
"7014851",371865,2025-07-07 06:21:33,43.3576278686523,-8.84499645233154,"Unknown"
"7014851",371865,2025-07-07 06:26:37,43.3575820922852,-8.8450927734375,"Unknown"
"7014851",371865,2025-07-07 06:31:33,43.3576393127441,-8.8450756072998,"Unknown"
"7014851",371865,2025-07-07 06:36:32,43.3575782775879,-8.84503173828125,"Unknown"
"7014851",371865,2025-07-07 06:41:33,43.3575630187988,-8.84500503540039,"Unknown"
"7014851",371865,2025-07-07 06:46:32,43.3576774597168,-8.84513282775879,"Unknown"
"7014851",371865,2025-07-07 06:51:36,43.3575859069824,-8.84515285491943,"Unknown"
"7014851",371865,2025-07-07 06:56:32,43.3576202392578,-8.84512138366699,"Unknown"
"7014851",371865,2025-07-07 07:01:32,43.3575820922852,-8.84516334533691,"Unknown"
"7014851",371865,2025-07-07 07:06:35,43.3577194213867,-8.84513092041016,"Unknown"
"7014851",371865,2025-07-07 07:11:32,43.357593536377,-8.84506893157959,"Unknown"
"7014851",371865,2025-07-07 07:16:39,43.3576049804688,-8.84514999389648,"Unknown"
"7014851",371865,2025-07-07 07:21:36,43.3576049804688,-8.84513759613037,"Unknown"
"7014851",371865,2025-07-07 07:26:32,43.3577079772949,-8.84521865844727,"Unknown"
"7014851",371865,2025-07-07 07:31:32,43.3576583862305,-8.84519386291504,"Unknown"
"7014851",371865,2025-07-07 07:36:33,43.3578109741211,-8.84515953063965,"Unknown"
"7014851",371865,2025-07-07 07:41:39,43.3576393127441,-8.84511566162109,"Unknown"
"7014851",371865,2025-07-07 07:46:33,43.3574905395508,-8.84503078460693,"Unknown"
"7014851",371865,2025-07-07 07:52:04,43.357494354248,-8.84504795074463,"Unknown"
"7014851",371865,2025-07-07 07:56:58,43.3571090698242,-8.84471035003662,"Unknown"
"7014851",371865,2025-07-07 08:02:07,43.3575592041016,-8.84511756896973,"Unknown"
"7014851",371865,2025-07-07 08:07:06,43.3575210571289,-8.84511852264404,"Unknown"
"7014851",371865,2025-07-07 08:12:06,43.357551574707,-8.84500503540039,"Unknown"
"7014851",371865,2025-07-07 08:17:06,43.3575248718262,-8.84511280059814,"Unknown"
"7014851",371865,2025-07-07 08:22:06,43.3576507568359,-8.8451509475708,"Unknown"
"7014851",371865,2025-07-07 08:27:04,43.3576278686523,-8.84508895874023,"Unknown"
"7014851",371865,2025-07-07 08:32:03,43.3575668334961,-8.8452205657959,"Unknown"
"7014851",371865,2025-07-07 08:36:59,43.3576545715332,-8.8452844619751,"Unknown"
"7014851",371865,2025-07-07 08:42:10,43.3577117919922,-8.84513092041016,"Unknown"
"7014851",371865,2025-07-07 08:46:59,43.3577117919922,-8.84547710418701,"Unknown"
"7014851",371865,2025-07-07 08:51:59,43.3576850891113,-8.84530067443848,"Unknown"
"7014851",371865,2025-07-07 08:58:14,43.358097076416,-8.84676361083984,"Unknown"
"7014851",371865,2025-07-07 09:01:59,43.3564720153809,-8.85807514190674,"Unknown"
"7014851",371865,2025-07-07 09:06:59,43.3481407165527,-8.91059589385986,"Unknown"
"7014851",371865,2025-07-07 09:11:58,43.3495674133301,-8.94595432281494,"Unknown"
"7014851",371865,2025-07-07 09:17:00,43.3652191162109,-8.97395515441895,"Unknown"
"7014851",371865,2025-07-07 09:21:58,43.3787231445312,-8.97149848937988,"Unknown"
"7014851",371865,2025-07-07 09:26:58,43.3725433349609,-8.93862152099609,"Unknown"
"7014851",371865,2025-07-07 09:31:58,43.3717193603516,-8.90653896331787,"Unknown"
"7014851",371865,2025-07-07 09:36:58,43.3601112365723,-8.8734884262085,"Unknown"
"7014851",371865,2025-07-07 09:41:59,43.3579483032227,-8.84978675842285,"Unknown"
"7014851",371865,2025-07-07 09:47:06,43.357608795166,-8.84525489807129,"Unknown"
"7014851",371865,2025-07-07 09:51:59,43.3575744628906,-8.84351921081543,"Unknown"
"7014851",371865,2025-07-07 09:57:07,43.3575668334961,-8.84490966796875,"Unknown"
"7014851",371865,2025-07-07 10:02:08,43.3576126098633,-8.84480667114258,"Unknown"
"7014851",371865,2025-07-07 10:07:14,43.3575172424316,-8.84512805938721,"Unknown"
"7014851",371865,2025-07-07 10:11:59,43.3575859069824,-8.84512233734131,"Unknown"
"7014851",371865,2025-07-07 10:16:58,43.3575973510742,-8.84495639801025,"Unknown"
"7014851",371865,2025-07-07 10:22:06,43.3573799133301,-8.84533023834229,"Unknown"
"7014851",371865,2025-07-07 10:27:02,43.3573951721191,-8.84514045715332,"Unknown"
"7014851",371865,2025-07-07 10:31:58,43.3573608398438,-8.84526538848877,"Unknown"
"7014851",371865,2025-07-07 10:37:05,43.3575248718262,-8.84516525268555,"Unknown"
"7014851",371865,2025-07-07 10:41:59,43.3575782775879,-8.84514904022217,"Unknown"
"7014851",371865,2025-07-07 10:47:35,43.3575630187988,-8.84511184692383,"Unknown"
"7014851",371865,2025-07-07 10:51:59,43.3577270507812,-8.84498119354248,"Unknown"
"7014851",371865,2025-07-07 10:57:00,43.3576698303223,-8.84507274627686,"Unknown"
"7014851",371865,2025-07-07 11:01:59,43.3576698303223,-8.84500312805176,"Unknown"
"7014851",371865,2025-07-07 11:06:58,43.3577156066895,-8.84513282775879,"Unknown"
"7014851",371865,2025-07-07 11:11:58,43.3576774597168,-8.84511184692383,"Unknown"
"7014851",371865,2025-07-07 11:16:58,43.3699760437012,-8.8488597869873,"Unknown"
"7014851",371865,2025-07-07 11:21:58,43.3860206604004,-8.84728050231934,"Unknown"
"7014851",371865,2025-07-07 11:26:58,43.4041786193848,-8.83759307861328,"Unknown"
"7014851",371865,2025-07-07 11:32:06,43.4258117675781,-8.8523473739624,"Unknown"
"7014851",371865,2025-07-07 11:36:58,43.4493865966797,-8.84896469116211,"Unknown"
"7014851",371865,2025-07-07 11:42:08,43.4725456237793,-8.84642219543457,"Unknown"
"7014851",371865,2025-07-07 11:47:00,43.4950485229492,-8.8457670211792,"Unknown"
"7014851",371865,2025-07-07 11:53:22,43.5254402160645,-8.84793376922607,"Unknown"
"7014851",371865,2025-07-07 11:58:22,43.5486526489258,-8.85221099853516,"Unknown"
"7014851",371865,2025-07-07 12:03:22,43.5690879821777,-8.872239112854,"Unknown"
"7014851",371865,2025-07-07 12:07:59,43.5798568725586,-8.9139986038208,"Unknown"
"7014851",371865,2025-07-07 12:11:58,43.5940055847168,-8.92942810058594,"Unknown"
"7014851",371865,2025-07-07 12:17:00,43.6105308532715,-8.91779899597168,"Unknown"
"7014851",371865,2025-07-07 12:22:01,43.6127624511719,-8.91365051269531,"Unknown"
"7014851",371865,2025-07-07 12:26:59,43.6131134033203,-8.91388607025146,"Unknown"
"7014851",371865,2025-07-07 12:32:00,43.6186065673828,-8.90508460998535,"Unknown"
"7014851",371865,2025-07-07 12:37:04,43.6197052001953,-8.90368938446045,"Unknown"
"7014851",371865,2025-07-07 12:42:00,43.6194267272949,-8.90413570404053,"Unknown"
"7014851",371865,2025-07-07 12:47:00,43.6197776794434,-8.90366077423096,"Unknown"
"7014851",371865,2025-07-07 12:52:04,43.6204032897949,-8.89394092559814,"Unknown"
"7014851",371865,2025-07-07 12:56:59,43.6155242919922,-8.87412643432617,"Unknown"
"7014851",371865,2025-07-07 13:01:59,43.6056861877441,-8.85618209838867,"Unknown"
"7014851",371865,2025-07-07 13:07:06,43.6056671142578,-8.8573112487793,"Unknown"
"7014851",371865,2025-07-07 13:12:11,43.605396270752,-8.85783958435059,"Unknown"
"7014851",371865,2025-07-07 13:17:00,43.6036071777344,-8.85680389404297,"Unknown"
"7014851",371865,2025-07-07 13:22:00,43.6044273376465,-8.85531044006348,"Unknown"
"7014851",371865,2025-07-07 13:27:00,43.6123008728027,-8.84701442718506,"Unknown"
"7014851",371865,2025-07-07 13:32:05,43.6126136779785,-8.84769916534424,"Unknown"
"7014851",371865,2025-07-07 13:37:56,43.6167984008789,-8.84353542327881,"Unknown"
"7014851",371865,2025-07-07 13:42:00,43.6245918273926,-8.8292179107666,"Unknown"
"7014851",371865,2025-07-07 13:47:14,43.6266784667969,-8.82770729064941,"Unknown"
"7014851",371865,2025-07-07 13:52:07,43.6269378662109,-8.82864856719971,"Unknown"
"7014851",371865,2025-07-07 13:57:10,43.6337852478027,-8.8133373260498,"Unknown"
"7014851",371865,2025-07-07 14:02:06,43.6345977783203,-8.80786418914795,"Unknown"
"7014851",371865,2025-07-07 14:07:00,43.6359405517578,-8.80693626403809,"Unknown"
"7014851",371865,2025-07-07 14:12:06,43.6394844055176,-8.78609275817871,"Unknown"
"7014851",371865,2025-07-07 14:17:03,43.6295318603516,-8.77529525756836,"Unknown"
"7014851",371865,2025-07-07 14:22:06,43.6292572021484,-8.77750015258789,"Unknown"
"7014851",371865,2025-07-07 14:27:01,43.6362419128418,-8.77581596374512,"Unknown"
"7014851",371865,2025-07-07 14:32:10,43.6507835388184,-8.76497745513916,"Unknown"
"7014851",371865,2025-07-07 14:37:06,43.6537132263184,-8.73985481262207,"Unknown"
"7014851",371865,2025-07-07 14:42:06,43.6470108032227,-8.72200012207031,"Unknown"
"7014851",371865,2025-07-07 14:47:14,43.6472434997559,-8.72407627105713,"Unknown"
"7014851",371865,2025-07-07 14:52:11,43.6577110290527,-8.74000263214111,"Unknown"
"7014851",371865,2025-07-07 14:57:34,43.6688575744629,-8.7580394744873,"Unknown"
"7014851",371865,2025-07-07 15:02:04,43.6754188537598,-8.79010105133057,"Unknown"
"7014851",371865,2025-07-07 15:07:29,43.6591415405273,-8.83961868286133,"Unknown"
"7014851",371865,2025-07-07 15:12:11,43.6220626831055,-8.85406494140625,"Unknown"
"7014851",371865,2025-07-07 15:17:00,43.6173210144043,-8.86877250671387,"Unknown"
"7014851",371865,2025-07-07 15:22:01,43.617244720459,-8.86752510070801,"Unknown"
"7014851",371865,2025-07-07 15:26:59,43.6189308166504,-8.86639499664307,"Unknown"
"7014851",371865,2025-07-07 15:33:05,43.620002746582,-8.86423397064209,"Unknown"
"7014851",371865,2025-07-07 15:37:01,43.6204681396484,-8.8632926940918,"Unknown"
"7014851",371865,2025-07-07 15:42:07,43.621208190918,-8.86429882049561,"Unknown"
"7014851",371865,2025-07-07 15:47:03,43.6214332580566,-8.86503887176514,"Unknown"
"7014851",371865,2025-07-07 15:52:06,43.6229667663574,-8.86029052734375,"Unknown"
"7014851",371865,2025-07-07 15:57:06,43.6234245300293,-8.85774898529053,"Unknown"
"7014851",371865,2025-07-07 16:02:06,43.6252174377441,-8.85427093505859,"Unknown"
"7014851",371865,2025-07-07 16:07:06,43.6259117126465,-8.85238361358643,"Unknown"
"7014851",371865,2025-07-07 16:12:10,43.6266441345215,-8.85065841674805,"Unknown"
"7014851",371865,2025-07-07 16:17:12,43.627986907959,-8.84905433654785,"Unknown"
"7014851",371865,2025-07-07 16:22:06,43.6285820007324,-8.84731101989746,"Unknown"
"7014851",371865,2025-07-07 16:27:06,43.6294822692871,-8.84565258026123,"Unknown"
"7014851",371865,2025-07-07 16:32:06,43.6301879882812,-8.84366321563721,"Unknown"
"7014851",371865,2025-07-07 16:37:06,43.6308326721191,-8.84236812591553,"Unknown"
"7014851",371865,2025-07-07 16:42:07,43.6316947937012,-8.84130859375,"Unknown"
"7014851",371865,2025-07-07 16:47:10,43.6326751708984,-8.83920192718506,"Unknown"
"7014851",371865,2025-07-07 16:52:09,43.6330909729004,-8.83809280395508,"Unknown"
"7014851",371865,2025-07-07 16:57:07,43.634220123291,-8.83688735961914,"Unknown"
"7014851",371865,2025-07-07 17:02:09,43.6349067687988,-8.83544921875,"Unknown"
"7014851",371865,2025-07-07 17:07:06,43.635684967041,-8.83435249328613,"Unknown"
"7014851",371865,2025-07-07 17:12:08,43.6360969543457,-8.8336353302002,"Unknown"
"7014851",371865,2025-07-07 17:17:11,43.6363487243652,-8.83316898345947,"Unknown"
"7014851",371865,2025-07-07 17:22:11,43.6360931396484,-8.83292198181152,"Unknown"
"7014851",371865,2025-07-07 17:27:03,43.6366996765137,-8.83153820037842,"Unknown"
"7014851",371865,2025-07-07 17:32:03,43.6307716369629,-8.82110500335693,"Unknown"
"7014851",371865,2025-07-07 17:37:06,43.6243591308594,-8.8099193572998,"Unknown"
"7014851",371865,2025-07-07 17:42:03,43.6176872253418,-8.79752635955811,"Unknown"
"7014851",371865,2025-07-07 17:48:22,43.6148643493652,-8.79706859588623,"Unknown"
"7014851",371865,2025-07-07 17:52:04,43.6208763122559,-8.82954978942871,"Unknown"
"7014851",371865,2025-07-07 17:56:58,43.6289138793945,-8.82613372802734,"Unknown"
"7014851",371865,2025-07-07 18:01:58,43.6211357116699,-8.80627727508545,"Unknown"
"7014851",371865,2025-07-07 18:06:58,43.6142654418945,-8.79417991638184,"Unknown"
"7014851",371865,2025-07-07 18:11:58,43.6073265075684,-8.78237438201904,"Unknown"
"7014851",371865,2025-07-07 18:16:58,43.6005897521973,-8.77041721343994,"Unknown"
"7014851",371865,2025-07-07 18:21:58,43.5993766784668,-8.77326679229736,"Unknown"
"7014851",371865,2025-07-07 18:26:58,43.5928764343262,-8.79630851745605,"Unknown"
"7014851",371865,2025-07-07 18:31:58,43.5890579223633,-8.78724193572998,"Unknown"
"7014851",371865,2025-07-07 18:36:58,43.5876617431641,-8.78329277038574,"Unknown"
"7014851",371865,2025-07-07 18:42:00,43.5861320495605,-8.78231716156006,"Unknown"
"7014851",371865,2025-07-07 18:46:58,43.5837211608887,-8.77091026306152,"Unknown"
"7014851",371865,2025-07-07 18:51:58,43.5826416015625,-8.76412868499756,"Unknown"
"7014851",371865,2025-07-07 18:56:58,43.5822792053223,-8.7589225769043,"Unknown"
"7014851",371865,2025-07-07 19:01:59,43.5825996398926,-8.75931358337402,"Unknown"
"7014851",371865,2025-07-07 19:06:58,43.5824775695801,-8.7590913772583,"Unknown"
"7014851",371865,2025-07-07 19:11:58,43.5824890136719,-8.75943183898926,"Unknown"
"7014851",371865,2025-07-07 19:16:58,43.58203125,-8.75927829742432,"Unknown"
"7014851",371865,2025-07-07 19:21:58,43.5819473266602,-8.7592658996582,"Unknown"
"7014851",371865,2025-07-07 19:26:59,43.5813674926758,-8.75873470306396,"Unknown"
"7014851",371865,2025-07-07 19:31:59,43.5810852050781,-8.7597770690918,"Unknown"
"7014851",371865,2025-07-07 19:36:58,43.5802955627441,-8.7598991394043,"Unknown"
"7014851",371865,2025-07-07 19:41:58,43.5800743103027,-8.76026153564453,"Unknown"
"7014851",371865,2025-07-07 19:46:58,43.5801658630371,-8.76188564300537,"Unknown"
"7014851",371865,2025-07-07 19:52:09,43.5802993774414,-8.76309871673584,"Unknown"
"7014851",371865,2025-07-07 19:57:06,43.5794486999512,-8.76254558563232,"Unknown"
"7014851",371865,2025-07-07 20:02:07,43.578914642334,-8.76230716705322,"Unknown"
"7014851",371865,2025-07-07 20:07:06,43.5784454345703,-8.76214122772217,"Unknown"
"7014851",371865,2025-07-07 20:12:06,43.5779876708984,-8.7623872756958,"Unknown"
"7014851",371865,2025-07-07 20:17:07,43.5469512939453,-8.75892543792725,"Unknown"
"7014851",371865,2025-07-07 20:22:06,43.5095825195312,-8.75798416137695,"Unknown"
"7014851",371865,2025-07-07 20:27:07,43.4666976928711,-8.77106285095215,"Unknown"
"7014851",371865,2025-07-07 20:32:07,43.4274749755859,-8.79222583770752,"Unknown"
"7014851",371865,2025-07-07 20:37:06,43.3769187927246,-8.83309650421143,"Unknown"
"7014851",371865,2025-07-07 20:42:07,43.3575630187988,-8.84486484527588,"Unknown"
"7014851",371865,2025-07-07 20:47:07,43.3575592041016,-8.8447961807251,"Unknown"
"7014851",371865,2025-07-07 20:52:07,43.3577461242676,-8.84504222869873,"Unknown"
"7014851",371865,2025-07-07 20:57:07,43.3578491210938,-8.84523582458496,"Unknown"
"7014851",371865,2025-07-07 21:02:07,43.3576850891113,-8.84521484375,"Unknown"
"7014851",371865,2025-07-07 21:07:07,43.3578186035156,-8.84530639648438,"Unknown"
"7014851",371865,2025-07-07 21:12:06,43.3576469421387,-8.8449878692627,"Unknown"
"7014851",371865,2025-07-07 21:17:06,43.3575019836426,-8.8450403213501,"Unknown"
"7014851",371865,2025-07-07 21:22:06,43.3575668334961,-8.8450231552124,"Unknown"
"7014851",371865,2025-07-07 21:27:07,43.3576812744141,-8.84498405456543,"Unknown"
"7014851",371865,2025-07-07 21:32:06,43.3572845458984,-8.84511852264404,"Unknown"
"7014851",371865,2025-07-07 21:37:07,43.357551574707,-8.84502220153809,"Unknown"
"7014851",371865,2025-07-07 21:42:07,43.3576850891113,-8.84486484527588,"Unknown"
"7014851",371865,2025-07-07 21:47:07,43.3576431274414,-8.84488201141357,"Unknown"
"7014851",371865,2025-07-07 21:52:07,43.3578681945801,-8.84484195709229,"Unknown"
"7014851",371865,2025-07-07 21:57:07,43.3570899963379,-8.84503650665283,"Unknown"
"7014851",371865,2025-07-07 22:02:07,43.3572006225586,-8.84488391876221,"Unknown"
"7014851",371865,2025-07-07 22:07:07,43.3572273254395,-8.84499549865723,"Unknown"
"7014851",371865,2025-07-07 22:12:07,43.3571548461914,-8.84496879577637,"Unknown"
"7014851",371865,2025-07-07 22:17:07,43.3576698303223,-8.84489727020264,"Unknown"
"7014851",371865,2025-07-07 22:22:07,43.3578147888184,-8.8449239730835,"Unknown"
"7014851",371865,2025-07-07 22:27:08,43.3575286865234,-8.84494686126709,"Unknown"
"7014851",371865,2025-07-07 22:32:07,43.3576469421387,-8.84494972229004,"Unknown"
"7014851",371865,2025-07-07 22:37:08,43.3577003479004,-8.84495735168457,"Unknown"
"7014851",371865,2025-07-07 22:42:07,43.3577919006348,-8.84498500823975,"Unknown"
"7014851",371865,2025-07-07 22:47:07,43.3577461242676,-8.84496212005615,"Unknown"
"7014851",371865,2025-07-07 22:52:06,43.3578872680664,-8.84498596191406,"Unknown"
"7014851",371865,2025-07-07 22:57:07,43.3579711914062,-8.84498691558838,"Unknown"
"7014851",371865,2025-07-07 23:02:06,43.3579368591309,-8.84503650665283,"Unknown"
"7014851",371865,2025-07-07 23:07:06,43.3578796386719,-8.84497833251953,"Unknown"
"7014851",371865,2025-07-07 23:12:06,43.3579750061035,-8.84497737884521,"Unknown"
"7014851",371865,2025-07-07 23:17:06,43.3579368591309,-8.84500026702881,"Unknown"
"7014851",371865,2025-07-07 23:22:06,43.3579597473145,-8.84502601623535,"Unknown"
"7014851",371865,2025-07-07 23:27:07,43.3577423095703,-8.84500217437744,"Unknown"
"7014851",371865,2025-07-07 23:32:10,43.358081817627,-8.84480094909668,"Unknown"
"7014851",371865,2025-07-07 23:37:08,43.3577575683594,-8.84494876861572,"Unknown"
"7014851",371865,2025-07-07 23:42:10,43.3577728271484,-8.84486103057861,"Unknown"
"7014851",371865,2025-07-07 23:47:07,43.3577613830566,-8.84493255615234,"Unknown"
"7014851",371865,2025-07-07 23:52:07,43.3578033447266,-8.84483051300049,"Unknown"
"7014851",371865,2025-07-07 23:57:07,43.3576850891113,-8.84489822387695,"Unknown"
"7014851",371865,2025-07-08 00:02:07,43.3577003479004,-8.84486389160156,"Unknown"
"7014851",371865,2025-07-08 00:07:08,43.3576850891113,-8.8449010848999,"Unknown"
"7014851",371865,2025-07-08 00:12:08,43.3576622009277,-8.84491062164307,"Unknown"
"7014851",371865,2025-07-08 00:17:08,43.3576354980469,-8.84493827819824,"Unknown"
"7014851",371865,2025-07-08 00:22:08,43.3576240539551,-8.84496784210205,"Unknown"
"7014851",371865,2025-07-08 00:27:12,43.3575630187988,-8.84503269195557,"Unknown"
"7014851",371865,2025-07-08 00:32:08,43.3575706481934,-8.84500980377197,"Unknown"
"7014851",371865,2025-07-08 00:37:07,43.3577308654785,-8.8449239730835,"Unknown"
"7014851",371865,2025-07-08 00:42:10,43.3576049804688,-8.84502792358398,"Unknown"
"7014851",371865,2025-07-08 00:47:07,43.3576965332031,-8.84483623504639,"Unknown"
"7014851",371865,2025-07-08 00:52:07,43.3576774597168,-8.84485626220703,"Unknown"
"7014851",371865,2025-07-08 00:57:07,43.3576850891113,-8.84487247467041,"Unknown"
"7014851",371865,2025-07-08 01:02:07,43.3576850891113,-8.84490394592285,"Unknown"
"7014851",371865,2025-07-08 01:07:06,43.3576583862305,-8.84487247467041,"Unknown"
"7014851",371865,2025-07-08 01:12:06,43.3576545715332,-8.84490013122559,"Unknown"
"7014851",371865,2025-07-08 01:17:07,43.3575172424316,-8.84511280059814,"Unknown"
"7014851",371865,2025-07-08 01:22:06,43.3576545715332,-8.84478759765625,"Unknown"
"7014851",371865,2025-07-08 01:27:06,43.3576965332031,-8.84481430053711,"Unknown"
"7014851",371865,2025-07-08 01:32:06,43.3577690124512,-8.84479141235352,"Unknown"
"7014851",371865,2025-07-08 01:37:07,43.3576889038086,-8.84477710723877,"Unknown"
"7014851",371865,2025-07-08 01:42:07,43.3576965332031,-8.84477806091309,"Unknown"
"7014851",371865,2025-07-08 01:47:07,43.3576393127441,-8.84487819671631,"Unknown"
"7014851",371865,2025-07-08 01:52:06,43.3578147888184,-8.84469223022461,"Unknown"
"7014851",371865,2025-07-08 01:57:07,43.3563613891602,-8.84668254852295,"Unknown"
"7014851",371865,2025-07-08 02:02:08,43.3570556640625,-8.84455299377441,"Unknown"
"7014851",371865,2025-07-08 02:07:07,43.3570671081543,-8.84442710876465,"Unknown"
"7014851",371865,2025-07-08 02:12:07,43.3578681945801,-8.84497928619385,"Unknown"
"7014851",371865,2025-07-08 02:17:06,43.3578643798828,-8.84488296508789,"Unknown"
"7014851",371865,2025-07-08 02:22:06,43.3570098876953,-8.84622383117676,"Unknown"
"7014851",371865,2025-07-08 02:27:07,43.3577003479004,-8.84504890441895,"Unknown"
"7014851",371865,2025-07-08 02:32:07,43.3576469421387,-8.84530639648438,"Unknown"
"7014851",371865,2025-07-08 02:37:07,43.3575401306152,-8.84554290771484,"Unknown"
"7014851",371865,2025-07-08 02:42:08,43.3576202392578,-8.8453950881958,"Unknown"
"7014851",371865,2025-07-08 02:47:08,43.3577079772949,-8.84519577026367,"Unknown"
"7014851",371865,2025-07-08 02:52:10,43.3577613830566,-8.84519481658936,"Unknown"
"7014851",371865,2025-07-08 02:57:09,43.3578414916992,-8.84505462646484,"Unknown"
"7014851",371865,2025-07-08 03:02:10,43.3577651977539,-8.84517955780029,"Unknown"
"7014851",371865,2025-07-08 03:07:09,43.3578224182129,-8.84518527984619,"Unknown"
"7014851",371865,2025-07-08 03:12:08,43.3578033447266,-8.84521389007568,"Unknown"
"7014851",371865,2025-07-08 03:17:07,43.3577919006348,-8.84519481658936,"Unknown"
"7014851",371865,2025-07-08 03:22:08,43.3577041625977,-8.84531402587891,"Unknown"
"7014851",371865,2025-07-08 03:27:12,43.3575134277344,-8.84549617767334,"Unknown"
"7014851",371865,2025-07-08 03:32:11,43.3575096130371,-8.84546756744385,"Unknown"
"7014851",371865,2025-07-08 03:37:09,43.3576164245605,-8.84531497955322,"Unknown"
"7014851",371865,2025-07-08 03:42:08,43.3575401306152,-8.84536457061768,"Unknown"
"7014851",371865,2025-07-08 03:47:07,43.3575782775879,-8.8451976776123,"Unknown"
"7014851",371865,2025-07-08 03:52:06,43.3574752807617,-8.84463214874268,"Unknown"
"7014851",371865,2025-07-08 03:57:07,43.3574905395508,-8.84533309936523,"Unknown"
"7014851",371865,2025-07-08 04:02:06,43.3575325012207,-8.84508419036865,"Unknown"
"7014851",371865,2025-07-08 04:07:06,43.3574142456055,-8.84523582458496,"Unknown"
"7014851",371865,2025-07-08 04:12:07,43.3576774597168,-8.84539031982422,"Unknown"
"7014851",371865,2025-07-08 04:17:07,43.3574676513672,-8.84493446350098,"Unknown"
"7014851",371865,2025-07-08 04:22:06,43.3575630187988,-8.8452033996582,"Unknown"
"7014851",371865,2025-07-08 04:27:06,43.3575859069824,-8.84515857696533,"Unknown"
"7014851",371865,2025-07-08 04:32:06,43.3574638366699,-8.84486770629883,"Unknown"
"7014851",371865,2025-07-08 04:37:06,43.3575744628906,-8.84500598907471,"Unknown"
"7014851",371865,2025-07-08 04:42:05,43.3576240539551,-8.84530162811279,"Unknown"
"7014851",371865,2025-07-08 04:47:05,43.3574447631836,-8.84508514404297,"Unknown"
"7014851",371865,2025-07-08 04:52:05,43.357536315918,-8.84494972229004,"Unknown"
"7014851",371865,2025-07-08 04:57:06,43.357479095459,-8.84503173828125,"Unknown"
"7014851",371865,2025-07-08 05:02:05,43.3575668334961,-8.84506607055664,"Unknown"
"7014851",371865,2025-07-08 05:07:05,43.3575859069824,-8.84505176544189,"Unknown"
"7014851",371865,2025-07-08 05:12:06,43.3580627441406,-8.84596252441406,"Unknown"
"7014851",371865,2025-07-08 05:17:06,43.3576202392578,-8.8450288772583,"Unknown"
"7014851",371865,2025-07-08 05:22:06,43.3576278686523,-8.8450756072998,"Unknown"
"7014851",371865,2025-07-08 05:27:06,43.3576049804688,-8.84512805938721,"Unknown"
"7014851",371865,2025-07-08 05:32:06,43.3571739196777,-8.84529113769531,"Unknown"
"7014851",371865,2025-07-08 05:37:11,43.3578338623047,-8.84518909454346,"Unknown"
"7014851",371865,2025-07-08 05:42:08,43.3578605651855,-8.84516525268555,"Unknown"
"7014851",371865,2025-07-08 05:47:06,43.3576354980469,-8.8454122543335,"Unknown"
"7014851",371865,2025-07-08 05:52:05,43.3577423095703,-8.84525012969971,"Unknown"
"7014851",371865,2025-07-08 05:57:05,43.3576278686523,-8.84559535980225,"Unknown"
"7014851",371865,2025-07-08 06:02:07,43.3576202392578,-8.84541797637939,"Unknown"
"7014851",371865,2025-07-08 06:07:07,43.357536315918,-8.8455982208252,"Unknown"
"7014851",371865,2025-07-08 06:12:06,43.3578453063965,-8.84539604187012,"Unknown"
"7014851",371865,2025-07-08 06:17:05,43.3579597473145,-8.84497833251953,"Unknown"
"7014851",371865,2025-07-08 06:22:09,43.3579711914062,-8.84547424316406,"Unknown"
"7014851",371865,2025-07-08 06:27:07,43.357494354248,-8.8455924987793,"Unknown"
"7014851",371865,2025-07-08 06:32:06,43.3581733703613,-8.84569454193115,"Unknown"
"7014851",371865,2025-07-08 06:37:05,43.3576812744141,-8.84553623199463,"Unknown"
"7014851",371865,2025-07-08 06:42:06,43.3576469421387,-8.84544563293457,"Unknown"
"7014851",371865,2025-07-08 06:47:05,43.3576583862305,-8.84542560577393,"Unknown"
"7014851",371865,2025-07-08 06:52:05,43.3576812744141,-8.84551239013672,"Unknown"
"7014851",371865,2025-07-08 06:57:05,43.357608795166,-8.84542274475098,"Unknown"
"7014851",371865,2025-07-08 07:02:05,43.3577079772949,-8.84538459777832,"Unknown"
"7014851",371865,2025-07-08 07:07:07,43.3578872680664,-8.84548568725586,"Unknown"
"7014851",371865,2025-07-08 07:12:06,43.3576965332031,-8.84544277191162,"Unknown"
"7014851",371865,2025-07-08 07:17:05,43.3579750061035,-8.84546566009521,"Unknown"
"7014851",371865,2025-07-08 07:22:06,43.3578224182129,-8.8453197479248,"Unknown"
"7014851",371865,2025-07-08 07:27:05,43.358039855957,-8.84538555145264,"Unknown"
"7014851",371865,2025-07-08 07:32:06,43.3581848144531,-8.84496784210205,"Unknown"
"7014851",371865,2025-07-08 07:37:06,43.3580741882324,-8.84501552581787,"Unknown"
"7014851",371865,2025-07-08 07:42:05,43.3580131530762,-8.84525108337402,"Unknown"
"7014851",371865,2025-07-08 07:47:06,43.3577423095703,-8.84508800506592,"Unknown"
"7014851",371865,2025-07-08 07:52:05,43.3576164245605,-8.8448543548584,"Unknown"
"7014851",371865,2025-07-08 07:57:07,43.3579750061035,-8.84523582458496,"Unknown"
"7014851",371865,2025-07-08 08:02:06,43.3579750061035,-8.84533214569092,"Unknown"
"7014851",371865,2025-07-08 08:07:05,43.3578910827637,-8.84517192840576,"Unknown"
"7014851",371865,2025-07-08 08:12:08,43.3579177856445,-8.84536933898926,"Unknown"
"7014851",371865,2025-07-08 08:17:06,43.3580284118652,-8.84524822235107,"Unknown"
"7014851",371865,2025-07-08 08:22:06,43.3578491210938,-8.8453540802002,"Unknown"
"7014851",371865,2025-07-08 08:27:06,43.358024597168,-8.84530258178711,"Unknown"
"7014851",371865,2025-07-08 08:32:05,43.3580627441406,-8.84540748596191,"Unknown"
"7014851",371865,2025-07-08 08:37:09,43.358211517334,-8.84515571594238,"Unknown"
"7014851",371865,2025-07-08 08:42:06,43.358283996582,-8.84517002105713,"Unknown"
"7014851",371865,2025-07-08 08:47:07,43.3583450317383,-8.84513092041016,"Unknown"
"7014851",371865,2025-07-08 08:52:09,43.358341217041,-8.84513664245605,"Unknown"
"7014851",371865,2025-07-08 08:57:09,43.3583450317383,-8.84517765045166,"Unknown"
"7014851",371865,2025-07-08 09:02:06,43.3581695556641,-8.84559154510498,"Unknown"
"7014851",371865,2025-07-08 09:07:07,43.3583068847656,-8.84514045715332,"Unknown"
"7014851",371865,2025-07-08 09:12:07,43.3582954406738,-8.84505558013916,"Unknown"
"7014851",371865,2025-07-08 09:17:06,43.3582382202148,-8.84524822235107,"Unknown"
"7014851",371865,2025-07-08 09:22:09,43.3582916259766,-8.84510803222656,"Unknown"
"7014851",371865,2025-07-08 09:27:06,43.3581886291504,-8.84520053863525,"Unknown"
"7014851",371865,2025-07-08 09:32:07,43.3582458496094,-8.84510612487793,"Unknown"
"7014851",371865,2025-07-08 09:37:07,43.3582382202148,-8.84508609771729,"Unknown"
"7014851",371865,2025-07-08 09:42:07,43.3582153320312,-8.84503650665283,"Unknown"
"7014851",371865,2025-07-08 09:47:07,43.358211517334,-8.84505844116211,"Unknown"
"7014851",371865,2025-07-08 09:52:07,43.3582077026367,-8.8450345993042,"Unknown"
"7014851",371865,2025-07-08 09:57:09,43.3582153320312,-8.84513282775879,"Unknown"
"7014851",371865,2025-07-08 10:02:06,43.3579788208008,-8.84438610076904,"Unknown"
"7014851",371865,2025-07-08 10:07:07,43.3578948974609,-8.84475994110107,"Unknown"
"7014851",371865,2025-07-08 10:12:06,43.3578605651855,-8.84481620788574,"Unknown"
"7014851",371865,2025-07-08 10:17:06,43.3578910827637,-8.84478950500488,"Unknown"
"7014851",371865,2025-07-08 10:22:09,43.3578453063965,-8.84479808807373,"Unknown"
"7014851",371865,2025-07-08 10:27:06,43.3578300476074,-8.84508609771729,"Unknown"
"7014851",371865,2025-07-08 10:32:09,43.3578720092773,-8.84480476379395,"Unknown"
"7014851",371865,2025-07-08 10:37:06,43.3577270507812,-8.84501647949219,"Unknown"
"7014851",371865,2025-07-08 10:42:09,43.3576507568359,-8.84490489959717,"Unknown"
"7014851",371865,2025-07-08 10:47:07,43.3577117919922,-8.84495735168457,"Unknown"
"7014851",371865,2025-07-08 10:52:07,43.357666015625,-8.84496212005615,"Unknown"
"7014851",371865,2025-07-08 10:57:07,43.357795715332,-8.84474563598633,"Unknown"
"7014851",371865,2025-07-08 11:02:06,43.3576927185059,-8.84474563598633,"Unknown"
"7014851",371865,2025-07-08 11:07:07,43.3577842712402,-8.84469413757324,"Unknown"
"7014851",371865,2025-07-08 11:12:06,43.357837677002,-8.84476661682129,"Unknown"
"7014851",371865,2025-07-08 11:17:07,43.3578796386719,-8.84479331970215,"Unknown"
"7014851",371865,2025-07-08 11:22:07,43.3578300476074,-8.84484958648682,"Unknown"
"7014851",371865,2025-07-08 11:27:07,43.3577995300293,-8.84489154815674,"Unknown"
"7014851",371865,2025-07-08 11:32:07,43.3578414916992,-8.84493350982666,"Unknown"
"7014851",371865,2025-07-08 11:37:07,43.3577423095703,-8.84490299224854,"Unknown"
"7014851",371865,2025-07-08 11:42:07,43.3576126098633,-8.84498119354248,"Unknown"
"7014851",371865,2025-07-08 11:47:07,43.3577651977539,-8.8449535369873,"Unknown"
"7014851",371865,2025-07-08 11:52:07,43.357837677002,-8.84488677978516,"Unknown"
"7014851",371865,2025-07-08 11:57:10,43.3578453063965,-8.84490776062012,"Unknown"
"7014851",371865,2025-07-08 12:02:07,43.3577728271484,-8.84481716156006,"Unknown"
"7014851",371865,2025-07-08 12:07:07,43.3575630187988,-8.84475898742676,"Unknown"
"7014851",371865,2025-07-08 12:12:06,43.3578910827637,-8.8444242477417,"Unknown"
"7014851",371865,2025-07-08 12:17:06,43.3578643798828,-8.84442138671875,"Unknown"
"7014851",371865,2025-07-08 12:22:06,43.3578910827637,-8.84452629089355,"Unknown"
"7014851",371865,2025-07-08 12:27:06,43.3578300476074,-8.84474563598633,"Unknown"
"7014851",371865,2025-07-08 12:32:06,43.3578224182129,-8.84489440917969,"Unknown"
"7014851",371865,2025-07-08 12:37:09,43.3578186035156,-8.84482097625732,"Unknown"
"7014851",371865,2025-07-08 12:42:06,43.3578834533691,-8.84475517272949,"Unknown"
"7014851",371865,2025-07-08 12:47:06,43.3577880859375,-8.84494876861572,"Unknown"
"7014851",371865,2025-07-08 12:52:06,43.357780456543,-8.84490203857422,"Unknown"
"7014851",371865,2025-07-08 12:57:06,43.357795715332,-8.8449649810791,"Unknown"
"7014851",371865,2025-07-08 13:02:05,43.3582534790039,-8.84356021881104,"Unknown"
"7014851",371865,2025-07-08 13:07:09,43.3578300476074,-8.84499359130859,"Unknown"
"7014851",371865,2025-07-08 13:12:06,43.3578300476074,-8.84494686126709,"Unknown"
"7014851",371865,2025-07-08 13:17:05,43.3578453063965,-8.84499645233154,"Unknown"
"7014851",371865,2025-07-08 13:22:06,43.3578300476074,-8.84485912322998,"Unknown"
"7014851",371865,2025-07-08 13:27:06,43.357852935791,-8.84485912322998,"Unknown"
"7014851",371865,2025-07-08 13:32:06,43.3578605651855,-8.84483623504639,"Unknown"
"7014851",371865,2025-07-08 13:37:06,43.3578643798828,-8.84482955932617,"Unknown"
"7014851",371865,2025-07-08 13:42:06,43.3578948974609,-8.84474754333496,"Unknown"
"7014851",371865,2025-07-08 13:47:07,43.3578414916992,-8.84487533569336,"Unknown"
"7014851",371865,2025-07-08 13:52:06,43.3578414916992,-8.84489822387695,"Unknown"
"7014851",371865,2025-07-08 13:57:09,43.3577880859375,-8.8448486328125,"Unknown"
"7014851",371865,2025-07-08 14:02:07,43.3577194213867,-8.84494209289551,"Unknown"
"7014851",371865,2025-07-08 14:07:09,43.3300247192383,-8.82687568664551,"Unknown"
"7014851",371865,2025-07-08 14:12:12,43.3280563354492,-8.82809543609619,"Unknown"
"7014851",371865,2025-07-08 14:17:06,43.3287162780762,-8.82875919342041,"Unknown"
"7014851",371865,2025-07-08 14:22:06,43.3504676818848,-8.84020614624023,"Unknown"
"7014851",371865,2025-07-08 14:27:10,43.3575325012207,-8.84481334686279,"Unknown"
"7014851",371865,2025-07-08 14:32:20,43.3574333190918,-8.84494781494141,"Unknown"
"7014851",371865,2025-07-08 14:37:08,43.3572463989258,-8.84534168243408,"Unknown"
"7014851",371865,2025-07-08 14:42:11,43.3572959899902,-8.84499931335449,"Unknown"
"7014851",371865,2025-07-08 14:47:10,43.3574142456055,-8.84483051300049,"Unknown"
"7014851",371865,2025-07-08 14:52:06,43.3572959899902,-8.84474563598633,"Unknown"
"7014851",371865,2025-07-08 14:57:21,43.3573799133301,-8.84548091888428,"Unknown"
"7014851",371865,2025-07-08 15:02:10,43.3580513000488,-8.84530353546143,"Unknown"
"7014851",371865,2025-07-08 15:07:12,43.3577423095703,-8.84502029418945,"Unknown"
"7014851",371865,2025-07-08 15:12:11,43.3575897216797,-8.84522438049316,"Unknown"
"7014851",371865,2025-07-08 15:17:09,43.3576965332031,-8.84494113922119,"Unknown"
"7014851",371865,2025-07-08 15:22:09,43.3577842712402,-8.84494209289551,"Unknown"
"7014851",371865,2025-07-08 15:27:07,43.3577117919922,-8.84507465362549,"Unknown"
"7014851",371865,2025-07-08 15:32:08,43.3576278686523,-8.84514713287354,"Unknown"
"7014851",371865,2025-07-08 15:37:11,43.3577728271484,-8.84494590759277,"Unknown"
"7014851",371865,2025-07-08 15:42:09,43.3577156066895,-8.84495639801025,"Unknown"
"7014851",371865,2025-07-08 15:47:09,43.3577194213867,-8.84501075744629,"Unknown"
"7014851",371865,2025-07-08 15:52:09,43.3577117919922,-8.84499168395996,"Unknown"
"7014851",371865,2025-07-08 15:57:09,43.3577079772949,-8.84494400024414,"Unknown"
"7014851",371865,2025-07-08 16:02:09,43.3577041625977,-8.84493064880371,"Unknown"
"7014851",371865,2025-07-08 16:07:09,43.3577041625977,-8.84494590759277,"Unknown"
"7014851",371865,2025-07-08 16:12:09,43.3577194213867,-8.84492588043213,"Unknown"
"7014851",371865,2025-07-08 16:17:10,43.3576812744141,-8.84494304656982,"Unknown"
"7014851",371865,2025-07-08 16:22:09,43.3576965332031,-8.8449010848999,"Unknown"
"7014851",371865,2025-07-08 16:27:13,43.3574256896973,-8.84609031677246,"Unknown"
"7014851",371865,2025-07-08 16:32:09,43.361572265625,-8.83476257324219,"Unknown"
"7014851",371865,2025-07-08 16:37:08,43.3337173461914,-8.82504844665527,"Unknown"
"7014851",371865,2025-07-08 16:42:08,43.3104476928711,-8.79278755187988,"Unknown"
"7014851",371865,2025-07-08 16:47:13,43.3042259216309,-8.75852394104004,"Unknown"
"7014851",371865,2025-07-08 16:52:10,43.3052139282227,-8.72517013549805,"Unknown"
"7014851",371865,2025-07-08 16:57:21,43.2921257019043,-8.69748401641846,"Unknown"
"7014851",371865,2025-07-08 17:02:10,43.2794876098633,-8.67709159851074,"Unknown"
"7014851",371865,2025-07-08 17:07:13,43.2538909912109,-8.64813804626465,"Unknown"
"7014851",371865,2025-07-08 17:12:06,43.2336502075195,-8.6166410446167,"Unknown"
"7014851",371865,2025-07-08 17:17:07,43.2179145812988,-8.58848190307617,"Unknown"
"7014851",371865,2025-07-08 17:22:11,43.2061958312988,-8.5808687210083,"Unknown"
"7014851",371865,2025-07-08 17:27:06,43.1910285949707,-8.57125377655029,"Unknown"
"7014851",371865,2025-07-08 17:32:09,43.1764297485352,-8.53738212585449,"Unknown"
"7014851",371865,2025-07-08 17:37:07,43.1596870422363,-8.50785255432129,"Unknown"
"7014851",371865,2025-07-08 17:42:10,43.1315994262695,-8.47272872924805,"Unknown"
"7014851",371865,2025-07-08 17:47:07,43.1304092407227,-8.47076416015625,"Unknown"
"7014851",371865,2025-07-08 17:52:08,43.130485534668,-8.47095680236816,"Unknown"
"7014851",371865,2025-07-08 17:57:08,43.1305198669434,-8.47085285186768,"Unknown"
"7014851",371865,2025-07-08 18:02:09,43.1305503845215,-8.47237777709961,"Unknown"
"7014851",371865,2025-07-08 18:07:09,43.1310844421387,-8.47164440155029,"Unknown"
"7014851",371865,2025-07-08 18:12:07,43.1312866210938,-8.47185325622559,"Unknown"
"7014851",371865,2025-07-08 18:17:16,43.1313056945801,-8.47184181213379,"Unknown"
"7014851",371865,2025-07-08 18:22:08,43.1306304931641,-8.47156238555908,"Unknown"
"7014851",371865,2025-07-08 18:27:10,43.1311111450195,-8.47223377227783,"Unknown"
"7014851",371865,2025-07-08 18:32:12,43.1315155029297,-8.4721565246582,"Unknown"
"7014851",371865,2025-07-08 18:37:10,43.1306533813477,-8.47099304199219,"Unknown"
"7014851",371865,2025-07-08 18:42:07,43.1306953430176,-8.47103786468506,"Unknown"
"7014851",371865,2025-07-08 18:47:14,43.1303672790527,-8.4712495803833,"Unknown"
"7014851",371865,2025-07-08 18:52:12,43.1308479309082,-8.47154331207275,"Unknown"
"7014851",371865,2025-07-08 18:57:10,43.1309089660645,-8.47136402130127,"Unknown"
"7014851",371865,2025-07-08 19:02:09,43.1312599182129,-8.47202491760254,"Unknown"
"7014851",371865,2025-07-08 19:07:06,43.130931854248,-8.47155094146729,"Unknown"
"7014851",371865,2025-07-08 19:12:07,43.1307601928711,-8.47148418426514,"Unknown"
"7014851",371865,2025-07-08 19:17:08,43.1309623718262,-8.47141265869141,"Unknown"
"7014851",371865,2025-07-08 19:22:06,43.1308135986328,-8.47165012359619,"Unknown"
"7014851",371865,2025-07-08 19:27:11,43.1308975219727,-8.47141933441162,"Unknown"
"7014851",371865,2025-07-08 19:32:13,43.1323127746582,-8.47125816345215,"Unknown"
"7014851",371865,2025-07-08 19:37:07,43.1468048095703,-8.4939489364624,"Unknown"
"7014851",371865,2025-07-08 19:42:11,43.1637229919434,-8.50612449645996,"Unknown"
"7014851",371865,2025-07-08 19:47:08,43.1842842102051,-8.53164482116699,"Unknown"
"7014851",371865,2025-07-08 19:52:08,43.2082023620605,-8.58090209960938,"Unknown"
"7014851",371865,2025-07-08 19:57:08,43.2330169677734,-8.61812686920166,"Unknown"
"7014851",371865,2025-07-08 20:02:06,43.2584266662598,-8.64103031158447,"Unknown"
"7014851",371865,2025-07-08 20:07:09,43.2834014892578,-8.65078926086426,"Unknown"
"7014851",371865,2025-07-08 20:12:33,43.2927780151367,-8.69841575622559,"Unknown"
"7014851",371865,2025-07-08 20:17:06,43.2930717468262,-8.69784641265869,"Unknown"
"7014851",371865,2025-07-08 20:22:04,43.2929267883301,-8.69773006439209,"Unknown"
"7014851",371865,2025-07-08 20:27:04,43.2976760864258,-8.70813846588135,"Unknown"
"7014851",371865,2025-07-08 20:32:10,43.3143348693848,-8.76089954376221,"Unknown"
"7014851",371865,2025-07-08 20:37:04,43.3265686035156,-8.80791568756104,"Unknown"
"7014851",371865,2025-07-08 20:42:05,43.3454437255859,-8.83364868164062,"Unknown"
"7014851",371865,2025-07-08 20:47:06,43.3575286865234,-8.84481239318848,"Unknown"
"7014851",371865,2025-07-08 20:52:05,43.3576927185059,-8.84464168548584,"Unknown"
"7014851",371865,2025-07-08 20:57:06,43.3576316833496,-8.84427070617676,"Unknown"
"7014851",371865,2025-07-08 21:02:11,43.3577651977539,-8.84477043151855,"Unknown"
"7014851",371865,2025-07-08 21:07:04,43.3578681945801,-8.84497547149658,"Unknown"
"7014851",371865,2025-07-08 21:12:07,43.3577461242676,-8.84493827819824,"Unknown"
"7014851",371865,2025-07-08 21:17:05,43.3578720092773,-8.84476470947266,"Unknown"
"7014851",371865,2025-07-08 21:22:07,43.3578491210938,-8.8447847366333,"Unknown"
"7014851",371865,2025-07-08 21:27:06,43.3579025268555,-8.84485340118408,"Unknown"
"7014851",371865,2025-07-08 21:32:06,43.3576545715332,-8.84470748901367,"Unknown"
"7014851",371865,2025-07-08 21:37:06,43.3577117919922,-8.84480953216553,"Unknown"
"7014851",371865,2025-07-08 21:42:06,43.358097076416,-8.84518051147461,"Unknown"
"7014851",371865,2025-07-08 21:47:07,43.3577270507812,-8.84490966796875,"Unknown"
"7014851",371865,2025-07-08 21:52:06,43.3583641052246,-8.8455228805542,"Unknown"
"7014851",371865,2025-07-08 21:57:05,43.358097076416,-8.84534740447998,"Unknown"
"7014851",371865,2025-07-08 22:02:20,43.3575477600098,-8.84508609771729,"Unknown"
"7014851",371865,2025-07-08 22:07:18,43.3575592041016,-8.84505271911621,"Unknown"
"7014851",371865,2025-07-08 22:12:20,43.3575859069824,-8.84507083892822,"Unknown"
"7014851",371865,2025-07-08 22:17:21,43.357536315918,-8.84512996673584,"Unknown"
"7014851",371865,2025-07-08 22:22:25,43.3574829101562,-8.84521770477295,"Unknown"
"7014851",371865,2025-07-08 22:27:23,43.3574905395508,-8.84520626068115,"Unknown"
"7014851",371865,2025-07-08 22:32:27,43.3574676513672,-8.84518527984619,"Unknown"
"7014851",371865,2025-07-08 22:37:29,43.3574714660645,-8.84517860412598,"Unknown"
"7014851",371865,2025-07-08 22:42:32,43.3575897216797,-8.84506416320801,"Unknown"
"7014851",371865,2025-07-08 22:47:04,43.3575820922852,-8.84510040283203,"Unknown"
"7014851",371865,2025-07-08 22:52:05,43.3575744628906,-8.8449821472168,"Unknown"
"7014851",371865,2025-07-08 22:57:03,43.3576011657715,-8.84500694274902,"Unknown"
"7014851",371865,2025-07-08 23:02:03,43.3575668334961,-8.84505844116211,"Unknown"
"7014851",371865,2025-07-08 23:07:04,43.3576240539551,-8.845046043396,"Unknown"
"7014851",371865,2025-07-08 23:12:04,43.3576316833496,-8.84511375427246,"Unknown"
"7014851",371865,2025-07-08 23:17:04,43.3575859069824,-8.84514713287354,"Unknown"
"7014851",371865,2025-07-08 23:22:03,43.3575782775879,-8.84506511688232,"Unknown"
"7014851",371865,2025-07-08 23:27:04,43.3576393127441,-8.84507846832275,"Unknown"
"7014851",371865,2025-07-08 23:32:03,43.357608795166,-8.84504127502441,"Unknown"
"7014851",371865,2025-07-08 23:37:03,43.3575859069824,-8.84506034851074,"Unknown"
"7014851",371865,2025-07-08 23:42:03,43.3575744628906,-8.84507751464844,"Unknown"
"7014851",371865,2025-07-08 23:47:05,43.3575973510742,-8.84507274627686,"Unknown"
"7014851",371865,2025-07-08 23:52:06,43.3574562072754,-8.8450174331665,"Unknown"
"7014851",371865,2025-07-08 23:57:04,43.3574905395508,-8.84505748748779,"Unknown"
"7014851",371865,2025-07-09 00:02:04,43.3576583862305,-8.84497737884521,"Unknown"
"7014851",371865,2025-07-09 00:07:04,43.3576965332031,-8.84492683410645,"Unknown"
"7014851",371865,2025-07-09 00:12:06,43.3577613830566,-8.84490585327148,"Unknown"
"7014851",371865,2025-07-09 00:17:04,43.3576812744141,-8.84497356414795,"Unknown"
"7014851",371865,2025-07-09 00:22:07,43.3577651977539,-8.84500026702881,"Unknown"
"7014851",371865,2025-07-09 00:27:09,43.3578109741211,-8.84501171112061,"Unknown"
"7014851",371865,2025-07-09 00:32:09,43.3577995300293,-8.84504890441895,"Unknown"
"7014851",371865,2025-07-09 00:37:04,43.3577842712402,-8.84510135650635,"Unknown"
"7014851",371865,2025-07-09 00:42:08,43.3576698303223,-8.84505844116211,"Unknown"
"7014851",371865,2025-07-09 00:47:06,43.3578910827637,-8.84531116485596,"Unknown"
"7014851",371865,2025-07-09 00:52:08,43.3576850891113,-8.84513092041016,"Unknown"
"7014851",371865,2025-07-09 00:57:09,43.3576774597168,-8.84506225585938,"Unknown"
"7014851",371865,2025-07-09 01:02:24,43.3571853637695,-8.84479808807373,"Unknown"
"7014851",371865,2025-07-09 01:07:09,43.3576507568359,-8.84509658813477,"Unknown"
"7014851",371865,2025-07-09 01:12:08,43.3574256896973,-8.84490489959717,"Unknown"
"7014851",371865,2025-07-09 01:17:06,43.357536315918,-8.84477806091309,"Unknown"
"7014851",371865,2025-07-09 01:22:06,43.3576049804688,-8.84492301940918,"Unknown"
"7014851",371865,2025-07-09 01:27:09,43.3570137023926,-8.84461498260498,"Unknown"
"7014851",371865,2025-07-09 01:32:08,43.3574638366699,-8.84492778778076,"Unknown"
"7014851",371865,2025-07-09 01:37:09,43.3571243286133,-8.844651222229,"Unknown"
"7014851",371865,2025-07-09 01:42:11,43.3576622009277,-8.84507274627686,"Unknown"
"7014851",371865,2025-07-09 01:47:09,43.3569564819336,-8.84452152252197,"Unknown"
"7014851",371865,2025-07-09 01:52:11,43.3569831848145,-8.84454822540283,"Unknown"
"7014851",371865,2025-07-09 01:57:07,43.3570671081543,-8.84457969665527,"Unknown"
"7014851",371865,2025-07-09 02:02:07,43.3576583862305,-8.84514617919922,"Unknown"
"7014851",371865,2025-07-09 02:07:04,43.3576736450195,-8.84518909454346,"Unknown"
"7014851",371865,2025-07-09 02:12:04,43.3577194213867,-8.8452033996582,"Unknown"
"7014851",371865,2025-07-09 02:17:04,43.3578071594238,-8.84525299072266,"Unknown"
"7014851",371865,2025-07-09 02:22:04,43.3578147888184,-8.845290184021,"Unknown"
"7014851",371865,2025-07-09 02:27:09,43.3576812744141,-8.84514808654785,"Unknown"
"7014851",371865,2025-07-09 02:32:06,43.3577575683594,-8.84519004821777,"Unknown"
"7014851",371865,2025-07-09 02:37:07,43.3579330444336,-8.84530448913574,"Unknown"
"7014851",371865,2025-07-09 02:42:07,43.3579597473145,-8.84541893005371,"Unknown"
"7014851",371865,2025-07-09 02:47:08,43.3578872680664,-8.84537220001221,"Unknown"
"7014851",371865,2025-07-09 02:52:08,43.3579330444336,-8.84535121917725,"Unknown"
"7014851",371865,2025-07-09 02:57:08,43.3579063415527,-8.8453311920166,"Unknown"
"7014851",371865,2025-07-09 03:02:07,43.357780456543,-8.84530162811279,"Unknown"
"7014851",371865,2025-07-09 03:07:07,43.3579521179199,-8.84539985656738,"Unknown"
"7014851",371865,2025-07-09 03:12:08,43.3579368591309,-8.84535503387451,"Unknown"
"7014851",371865,2025-07-09 03:17:07,43.3579139709473,-8.84543323516846,"Unknown"
"7014851",371865,2025-07-09 03:22:09,43.3579864501953,-8.84524917602539,"Unknown"
"7014851",371865,2025-07-09 03:27:09,43.357982635498,-8.84528255462646,"Unknown"
"7014851",371865,2025-07-09 03:32:24,43.3579368591309,-8.84521961212158,"Unknown"
"7014851",371865,2025-07-09 03:37:11,43.3579368591309,-8.84524154663086,"Unknown"
"7014851",371865,2025-07-09 03:42:10,43.358081817627,-8.84536647796631,"Unknown"
"7014851",371865,2025-07-09 03:47:14,43.3576774597168,-8.84535503387451,"Unknown"
"7014851",371865,2025-07-09 03:52:14,43.3578834533691,-8.84519863128662,"Unknown"
"7014851",371865,2025-07-09 03:57:10,43.3580551147461,-8.84511089324951,"Unknown"
"7014851",371865,2025-07-09 04:02:10,43.3579978942871,-8.84535884857178,"Unknown"
"7014851",371865,2025-07-09 04:07:10,43.3567047119141,-8.84542655944824,"Unknown"
"7014851",371865,2025-07-09 04:12:16,43.3578948974609,-8.84532451629639,"Unknown"
"7014851",371865,2025-07-09 04:17:13,43.3578224182129,-8.84562492370605,"Unknown"
"7014851",371865,2025-07-09 04:22:11,43.3575973510742,-8.84519004821777,"Unknown"
"7014851",371865,2025-07-09 04:27:09,43.3576354980469,-8.84493255615234,"Unknown"
"7014851",371865,2025-07-09 04:32:16,43.3576126098633,-8.84525966644287,"Unknown"
"7014851",371865,2025-07-09 04:37:09,43.3577270507812,-8.84477424621582,"Unknown"
"7014851",371865,2025-07-09 04:42:09,43.3574752807617,-8.84528923034668,"Unknown"
"7014851",371865,2025-07-09 04:47:15,43.3575477600098,-8.84564304351807,"Unknown"
"7014851",371865,2025-07-09 04:52:14,43.3576354980469,-8.84507083892822,"Unknown"
"7014851",371865,2025-07-09 04:57:07,43.3576774597168,-8.8457555770874,"Unknown"
"7014851",371865,2025-07-09 05:02:08,43.3575859069824,-8.84474468231201,"Unknown"
"7014851",371865,2025-07-09 05:07:09,43.357723236084,-8.84503746032715,"Unknown"
"7014851",371865,2025-07-09 05:12:06,43.3576354980469,-8.84495639801025,"Unknown"
"7014851",371865,2025-07-09 05:17:11,43.3576965332031,-8.84508037567139,"Unknown"
"7014851",371865,2025-07-09 05:22:11,43.357967376709,-8.84498691558838,"Unknown"
"7014851",371865,2025-07-09 05:27:10,43.3578643798828,-8.84535312652588,"Unknown"
"7014851",371865,2025-07-09 05:32:19,43.3577690124512,-8.8449878692627,"Unknown"
"7014851",371865,2025-07-09 05:37:13,43.3579025268555,-8.84571647644043,"Unknown"
"7014851",371865,2025-07-09 05:42:09,43.357723236084,-8.84457778930664,"Unknown"
"7014851",371865,2025-07-09 05:47:09,43.3578109741211,-8.84413146972656,"Unknown"
"7014851",371865,2025-07-09 05:52:07,43.3577728271484,-8.84520816802979,"Unknown"
"7014851",371865,2025-07-09 05:57:10,43.3576316833496,-8.84498977661133,"Unknown"
"7014851",371865,2025-07-09 06:02:09,43.3596267700195,-8.84542274475098,"Unknown"
"7014851",371865,2025-07-09 06:07:07,43.3580551147461,-8.84438228607178,"Unknown"
"7014851",371865,2025-07-09 06:12:07,43.3580703735352,-8.84420967102051,"Unknown"
"7014851",371865,2025-07-09 06:17:07,43.3579750061035,-8.84422302246094,"Unknown"
"7014851",371865,2025-07-09 06:22:09,43.3579216003418,-8.84407997131348,"Unknown"
"7014851",371865,2025-07-09 06:27:07,43.3578720092773,-8.84435558319092,"Unknown"
"7014851",371865,2025-07-09 06:32:12,43.3579750061035,-8.84511661529541,"Unknown"
"7014851",371865,2025-07-09 06:37:10,43.3577346801758,-8.8443660736084,"Unknown"
"7014851",371865,2025-07-09 06:42:07,43.3572731018066,-8.84551048278809,"Unknown"
"7014851",371865,2025-07-09 06:47:35,43.3578414916992,-8.84550952911377,"Unknown"
"7014851",371865,2025-07-09 06:52:02,43.3577613830566,-8.84540271759033,"Unknown"
"7014851",371865,2025-07-09 06:57:04,43.3577117919922,-8.84507656097412,"Unknown"
"7014851",371865,2025-07-09 07:02:04,43.3576049804688,-8.84511280059814,"Unknown"
"7014851",371865,2025-07-09 07:07:04,43.3575782775879,-8.84514427185059,"Unknown"
"7014851",371865,2025-07-09 07:12:04,43.3576583862305,-8.8451042175293,"Unknown"
"7014851",371865,2025-07-09 07:17:04,43.3576469421387,-8.84515571594238,"Unknown"
"7014851",371865,2025-07-09 07:22:04,43.357593536377,-8.84511756896973,"Unknown"
"7014851",371865,2025-07-09 07:27:06,43.3576354980469,-8.84506607055664,"Unknown"
"7014851",371865,2025-07-09 07:32:05,43.3575210571289,-8.84504795074463,"Unknown"
"7014851",371865,2025-07-09 07:37:09,43.3577499389648,-8.8450345993042,"Unknown"
"7014851",371865,2025-07-09 07:42:04,43.357608795166,-8.84515571594238,"Unknown"
"7014851",371865,2025-07-09 07:47:06,43.3575592041016,-8.84521102905273,"Unknown"
"7014851",371865,2025-07-09 07:52:06,43.3575973510742,-8.84536933898926,"Unknown"
"7014851",371865,2025-07-09 07:57:06,43.3575820922852,-8.84518909454346,"Unknown"
"7014851",371865,2025-07-09 08:02:14,43.3575859069824,-8.84516716003418,"Unknown"
"7014851",371865,2025-07-09 08:07:04,43.3576316833496,-8.84507656097412,"Unknown"
"7014851",371865,2025-07-09 08:12:07,43.3575973510742,-8.84516143798828,"Unknown"
"7014851",371865,2025-07-09 08:17:09,43.3576126098633,-8.84515285491943,"Unknown"
"7014851",371865,2025-07-09 08:22:08,43.3576431274414,-8.8450984954834,"Unknown"
"7014851",371865,2025-07-09 08:27:08,43.3576202392578,-8.84505844116211,"Unknown"
"7014851",371865,2025-07-09 08:32:08,43.3576316833496,-8.84513568878174,"Unknown"
"7014851",371865,2025-07-09 08:37:09,43.3576126098633,-8.84516334533691,"Unknown"
"7014851",371865,2025-07-09 08:42:09,43.3576202392578,-8.84510803222656,"Unknown"
"7014851",371865,2025-07-09 08:47:04,43.3575553894043,-8.84512424468994,"Unknown"
"7014851",371865,2025-07-09 08:52:09,43.3576393127441,-8.84512710571289,"Unknown"
"7014851",371865,2025-07-09 08:57:09,43.3575897216797,-8.84518909454346,"Unknown"
"7014851",371865,2025-07-09 09:02:04,43.357494354248,-8.84509181976318,"Unknown"
"7014851",371865,2025-07-09 09:07:07,43.357536315918,-8.84493541717529,"Unknown"
"7014851",371865,2025-07-09 09:12:08,43.357608795166,-8.84513568878174,"Unknown"
"7014851",371865,2025-07-09 09:17:11,43.3576011657715,-8.84532928466797,"Unknown"
"7014851",371865,2025-07-09 09:22:06,43.3576850891113,-8.84527683258057,"Unknown"
"7014851",371865,2025-07-09 09:27:04,43.3576812744141,-8.84523296356201,"Unknown"
"7014851",371865,2025-07-09 09:32:04,43.3576507568359,-8.84528541564941,"Unknown"
"7014851",371865,2025-07-09 09:37:04,43.3576431274414,-8.84530448913574,"Unknown"
"7014851",371865,2025-07-09 09:42:07,43.357536315918,-8.84500026702881,"Unknown"
"7014851",371865,2025-07-09 09:47:09,43.3572158813477,-8.8452615737915,"Unknown"
"7014851",371865,2025-07-09 09:52:13,43.3660697937012,-8.85426998138428,"Unknown"
"7014851",371865,2025-07-09 09:57:06,43.3760795593262,-8.86001491546631,"Unknown"
"7014851",371865,2025-07-09 10:02:22,43.3694953918457,-8.85443210601807,"Unknown"
"7014851",371865,2025-07-09 10:07:28,43.3579025268555,-8.84499931335449,"Unknown"
"7014851",371865,2025-07-09 10:12:10,43.3579254150391,-8.84509563446045,"Unknown"
"7014851",371865,2025-07-09 10:17:10,43.3582382202148,-8.84505939483643,"Unknown"
"7014851",371865,2025-07-09 10:22:09,43.3574104309082,-8.84539985656738,"Unknown"
"7014851",371865,2025-07-09 10:27:07,43.3575210571289,-8.84531497955322,"Unknown"
"7014851",371865,2025-07-09 10:32:08,43.357479095459,-8.84539985656738,"Unknown"
"7014851",371865,2025-07-09 10:37:09,43.3575019836426,-8.84496402740479,"Unknown"
"7014851",371865,2025-07-09 10:42:13,43.357666015625,-8.84520721435547,"Unknown"
"7014851",371865,2025-07-09 10:47:13,43.3576812744141,-8.84519577026367,"Unknown"
"7014851",371865,2025-07-09 10:52:08,43.3577613830566,-8.84530639648438,"Unknown"
"7014851",371865,2025-07-09 10:57:08,43.3576850891113,-8.84536075592041,"Unknown"
"7014851",371865,2025-07-09 11:02:14,43.3575897216797,-8.84521198272705,"Unknown"
"7014851",371865,2025-07-09 11:07:35,43.3576469421387,-8.84504985809326,"Unknown"
"7014851",371865,2025-07-09 11:12:04,43.3576011657715,-8.84510231018066,"Unknown"
"7014851",371865,2025-07-09 11:17:06,43.3575973510742,-8.845290184021,"Unknown"
"7014851",371865,2025-07-09 11:22:03,43.357593536377,-8.84504318237305,"Unknown"
"7014851",371865,2025-07-09 11:27:06,43.3576049804688,-8.84501647949219,"Unknown"
"7014851",371865,2025-07-09 11:32:04,43.3576049804688,-8.84498596191406,"Unknown"
"7014851",371865,2025-07-09 11:37:05,43.3576126098633,-8.84506320953369,"Unknown"
"7014851",371865,2025-07-09 11:42:04,43.3575668334961,-8.84509181976318,"Unknown"
"7014851",371865,2025-07-09 11:47:04,43.3575439453125,-8.8450870513916,"Unknown"
"7014851",371865,2025-07-09 11:52:04,43.3575706481934,-8.8451042175293,"Unknown"
"7014851",371865,2025-07-09 11:57:04,43.3575248718262,-8.84513664245605,"Unknown"
"7014851",371865,2025-07-09 12:02:03,43.3575401306152,-8.84506225585938,"Unknown"
"7014851",371865,2025-07-09 12:07:04,43.3575325012207,-8.84506511688232,"Unknown"
"7014851",371865,2025-07-09 12:12:03,43.3574447631836,-8.84502983093262,"Unknown"
"7014851",371865,2025-07-09 12:17:03,43.3576354980469,-8.84503650665283,"Unknown"
"7014851",371865,2025-07-09 12:22:05,43.3576164245605,-8.84499740600586,"Unknown"
"7014851",371865,2025-07-09 12:27:03,43.3575744628906,-8.8450288772583,"Unknown"
"7014851",371865,2025-07-09 12:33:27,43.3576774597168,-8.84629249572754,"Unknown"
"7014851",371865,2025-07-09 12:37:02,43.3622093200684,-8.85312747955322,"Unknown"
"7014851",371865,2025-07-09 12:42:03,43.3625144958496,-8.85206317901611,"Unknown"
"7014851",371865,2025-07-09 12:47:02,43.3589477539062,-8.84567928314209,"Unknown"
"7014851",371865,2025-07-09 12:52:02,43.357551574707,-8.84507942199707,"Unknown"
"7014851",371865,2025-07-09 12:57:02,43.3576278686523,-8.8449182510376,"Unknown"
"7014851",371865,2025-07-09 13:02:02,43.3575897216797,-8.84476757049561,"Unknown"
"7014851",371865,2025-07-09 13:07:05,43.3575859069824,-8.84482765197754,"Unknown"
"7014851",371865,2025-07-09 13:12:02,43.3575401306152,-8.84501647949219,"Unknown"
"7014851",371865,2025-07-09 13:17:05,43.3575210571289,-8.84496593475342,"Unknown"
"7014851",371865,2025-07-09 13:22:03,43.3575096130371,-8.84496688842773,"Unknown"
"7014851",371865,2025-07-09 13:27:03,43.3575019836426,-8.84500122070312,"Unknown"
"7014851",371865,2025-07-09 13:32:03,43.3575325012207,-8.84503936767578,"Unknown"
"7014851",371865,2025-07-09 13:37:05,43.3575630187988,-8.84504699707031,"Unknown"
"7014851",371865,2025-07-09 13:42:02,43.3576164245605,-8.84498405456543,"Unknown"
"7014851",371865,2025-07-09 13:47:06,43.3575782775879,-8.84500503540039,"Unknown"
"7014851",371865,2025-07-09 13:52:05,43.3575057983398,-8.84495162963867,"Unknown"
"7014851",371865,2025-07-09 13:57:03,43.3577575683594,-8.84455108642578,"Unknown"
"7014851",371865,2025-07-09 14:02:03,43.3575744628906,-8.84469890594482,"Unknown"
"7014851",371865,2025-07-09 14:07:02,43.3641929626465,-8.84688854217529,"Unknown"
"7014851",371865,2025-07-09 14:12:04,43.3717651367188,-8.85291290283203,"Unknown"
"7014851",371865,2025-07-09 14:17:03,43.3683471679688,-8.85283946990967,"Unknown"
"7014851",371865,2025-07-09 14:22:05,43.3597030639648,-8.8465576171875,"Unknown"
"7014851",371865,2025-07-09 14:27:05,43.357494354248,-8.84501075744629,"Unknown"
"7014851",371865,2025-07-09 14:32:04,43.3576850891113,-8.84525012969971,"Unknown"
"7014851",371865,2025-07-09 14:37:03,43.3575401306152,-8.84490966796875,"Unknown"
"7014851",371865,2025-07-09 14:42:05,43.3575439453125,-8.84498500823975,"Unknown"
"7014851",371865,2025-07-09 14:47:11,43.3575019836426,-8.84490489959717,"Unknown"
"7014851",371865,2025-07-09 14:52:05,43.3575592041016,-8.84488677978516,"Unknown"
"7014851",371865,2025-07-09 14:57:05,43.3574562072754,-8.84481143951416,"Unknown"
"7014851",371865,2025-07-09 15:02:06,43.3574485778809,-8.84490585327148,"Unknown"
"7014851",371865,2025-07-09 15:07:07,43.3573989868164,-8.84467315673828,"Unknown"
"7014851",371865,2025-07-09 15:12:11,43.357551574707,-8.84480285644531,"Unknown"
"7014851",371865,2025-07-09 15:17:07,43.357421875,-8.84490299224854,"Unknown"
"7014851",371865,2025-07-09 15:22:05,43.3575172424316,-8.84476852416992,"Unknown"
"7014851",371865,2025-07-09 15:27:28,43.3573455810547,-8.84486484527588,"Unknown"
"7014851",371865,2025-07-09 15:32:06,43.3574447631836,-8.84479141235352,"Unknown"
"7014851",371865,2025-07-09 15:37:07,43.3573379516602,-8.84488391876221,"Unknown"
"7014851",371865,2025-07-09 15:42:07,43.3574180603027,-8.84485912322998,"Unknown"
"7014851",371865,2025-07-09 15:47:12,43.3574066162109,-8.84485149383545,"Unknown"
"7014851",371865,2025-07-09 15:52:14,43.3575057983398,-8.84492683410645,"Unknown"
"7014851",371865,2025-07-09 15:57:03,43.3575286865234,-8.84502601623535,"Unknown"
"7014851",371865,2025-07-09 16:02:03,43.3575401306152,-8.84504127502441,"Unknown"
"7014851",371865,2025-07-09 16:07:35,43.3575134277344,-8.84494876861572,"Unknown"
"7014851",371865,2025-07-09 16:12:05,43.3577995300293,-8.8458194732666,"Unknown"
"7014851",371865,2025-07-09 16:17:16,43.3573455810547,-8.84717559814453,"Unknown"
"7014851",371865,2025-07-09 16:22:44,43.3575248718262,-8.84726619720459,"Unknown"
"7014851",371865,2025-07-09 16:27:02,43.3576354980469,-8.84500885009766,"Unknown"
"7014851",371865,2025-07-09 16:32:03,43.3575630187988,-8.84496116638184,"Unknown"
"7014851",371865,2025-07-09 16:37:03,43.3575172424316,-8.84495067596436,"Unknown"
"7014851",371865,2025-07-09 16:42:03,43.3573226928711,-8.84486484527588,"Unknown"
"7014851",371865,2025-07-09 16:47:05,43.3573913574219,-8.84473133087158,"Unknown"
"7014851",371865,2025-07-09 16:52:10,43.3576011657715,-8.8451042175293,"Unknown"
"7014851",371865,2025-07-09 16:57:08,43.3575286865234,-8.84505271911621,"Unknown"
"7014851",371865,2025-07-09 17:02:10,43.357349395752,-8.8450756072998,"Unknown"
"7014851",371865,2025-07-09 17:07:06,43.3573951721191,-8.84472560882568,"Unknown"
"7014851",371865,2025-07-09 17:12:09,43.3575706481934,-8.84505367279053,"Unknown"
"7014851",371865,2025-07-09 17:17:09,43.3576049804688,-8.84498977661133,"Unknown"
"7014851",371865,2025-07-09 17:22:07,43.3576164245605,-8.84508419036865,"Unknown"
"7014851",371865,2025-07-09 17:27:03,43.3575592041016,-8.84506416320801,"Unknown"
"7014851",371865,2025-07-09 17:32:14,43.357608795166,-8.84508991241455,"Unknown"
"7014851",371865,2025-07-09 17:37:04,43.3572540283203,-8.84523677825928,"Unknown"
"7014851",371865,2025-07-09 17:42:04,43.3576164245605,-8.84520721435547,"Unknown"
"7014851",371865,2025-07-09 17:47:10,43.3573989868164,-8.84533596038818,"Unknown"
"7014851",371865,2025-07-09 17:52:04,43.3577003479004,-8.84545993804932,"Unknown"
"7014851",371865,2025-07-09 17:57:14,43.3574409484863,-8.84531307220459,"Unknown"
"7014851",371865,2025-07-09 18:02:06,43.357421875,-8.84522342681885,"Unknown"
"7014851",371865,2025-07-09 18:07:03,43.3572120666504,-8.84495258331299,"Unknown"
"7014851",371865,2025-07-09 18:12:03,43.3671035766602,-8.85459232330322,"Unknown"
"7014851",371865,2025-07-09 18:17:03,43.36669921875,-8.86217308044434,"Unknown"
"7014851",371865,2025-07-09 18:22:03,43.3694763183594,-8.86738681793213,"Unknown"
"7014851",371865,2025-07-09 18:27:03,43.3597946166992,-8.86921501159668,"Unknown"
"7014851",371865,2025-07-09 18:32:03,43.3373756408691,-8.85917472839355,"Unknown"
"7014851",371865,2025-07-09 18:37:03,43.3287239074707,-8.86292266845703,"Unknown"
"7014851",371865,2025-07-09 18:42:03,43.3127861022949,-8.85735893249512,"Unknown"
"7014851",371865,2025-07-09 18:47:06,43.3139228820801,-8.857666015625,"Unknown"
"7014851",371865,2025-07-09 18:52:35,43.3203125,-8.85398197174072,"Unknown"
"7014851",371865,2025-07-09 18:57:03,43.3446769714355,-8.84362316131592,"Unknown"
"7014851",371865,2025-07-09 19:02:03,43.3576736450195,-8.84500980377197,"Unknown"
"7014851",371865,2025-07-09 19:07:04,43.3577079772949,-8.84506511688232,"Unknown"
"7014851",371865,2025-07-09 19:12:04,43.3575782775879,-8.84504127502441,"Unknown"
"7014851",371865,2025-07-09 19:17:07,43.3576126098633,-8.84505844116211,"Unknown"
"7014851",371865,2025-07-09 19:22:04,43.3574905395508,-8.84510135650635,"Unknown"
"7014851",371865,2025-07-09 19:27:02,43.3575019836426,-8.84513664245605,"Unknown"
"7014851",371865,2025-07-09 19:32:04,43.3572120666504,-8.84526538848877,"Unknown"
"7014851",371865,2025-07-09 19:37:04,43.3574752807617,-8.84505844116211,"Unknown"
"7014851",371865,2025-07-09 19:42:04,43.3572959899902,-8.8450984954834,"Unknown"
"7014851",371865,2025-07-09 19:47:04,43.3574295043945,-8.84515571594238,"Unknown"
"7014851",371865,2025-07-09 19:52:04,43.3574600219727,-8.84518623352051,"Unknown"
"7014851",371865,2025-07-09 19:57:04,43.358226776123,-8.8446683883667,"Unknown"
"7014851",371865,2025-07-09 20:02:06,43.3574981689453,-8.84506797790527,"Unknown"
"7014851",371865,2025-07-09 20:07:04,43.3575172424316,-8.84511184692383,"Unknown"
"7014851",371865,2025-07-09 20:12:04,43.3575897216797,-8.84499835968018,"Unknown"
"7014851",371865,2025-07-09 20:17:03,43.3570938110352,-8.84479904174805,"Unknown"
"7014851",371865,2025-07-09 20:22:03,43.3576622009277,-8.84512233734131,"Unknown"
"7014851",371865,2025-07-09 20:27:04,43.3575325012207,-8.84501457214355,"Unknown"
"7014851",371865,2025-07-09 20:32:06,43.3574752807617,-8.84485816955566,"Unknown"
"7014851",371865,2025-07-09 20:37:04,43.3574638366699,-8.84484100341797,"Unknown"
"7014851",371865,2025-07-09 20:42:03,43.3574829101562,-8.84487915039062,"Unknown"
"7014851",371865,2025-07-09 20:47:03,43.3574714660645,-8.84490489959717,"Unknown"
"7014851",371865,2025-07-09 20:52:03,43.3575439453125,-8.84483623504639,"Unknown"
"7014851",371865,2025-07-09 20:57:04,43.357494354248,-8.84484195709229,"Unknown"
"7014851",371865,2025-07-09 21:02:03,43.3575630187988,-8.84470272064209,"Unknown"
"7014851",371865,2025-07-09 21:07:04,43.3575477600098,-8.84472179412842,"Unknown"
"7014851",371865,2025-07-09 21:12:04,43.357551574707,-8.8448371887207,"Unknown"
"7014851",371865,2025-07-09 21:17:04,43.3575401306152,-8.84476089477539,"Unknown"
"7014851",371865,2025-07-09 21:22:05,43.357608795166,-8.84458065032959,"Unknown"
"7014851",371865,2025-07-09 21:27:04,43.3575096130371,-8.84476852416992,"Unknown"
"7014851",371865,2025-07-09 21:32:03,43.3575630187988,-8.84486484527588,"Unknown"
"7014851",371865,2025-07-09 21:37:04,43.3575401306152,-8.84481906890869,"Unknown"
"7014851",371865,2025-07-09 21:42:03,43.3575134277344,-8.84487342834473,"Unknown"
"7014851",371865,2025-07-09 21:47:03,43.3575172424316,-8.84486293792725,"Unknown"
"7014851",371865,2025-07-09 21:52:03,43.3575897216797,-8.84481716156006,"Unknown"
"7014851",371865,2025-07-09 21:57:05,43.3575973510742,-8.84482574462891,"Unknown"
"7014851",371865,2025-07-09 22:02:03,43.3575477600098,-8.84484386444092,"Unknown"
"7014851",371865,2025-07-09 22:07:03,43.357536315918,-8.84482479095459,"Unknown"
"7014851",371865,2025-07-09 22:12:03,43.3575439453125,-8.84491443634033,"Unknown"
"7014851",371865,2025-07-09 22:17:03,43.3575439453125,-8.84487819671631,"Unknown"
"7014851",371865,2025-07-09 22:22:03,43.3575782775879,-8.84493255615234,"Unknown"
"7014851",371865,2025-07-09 22:27:04,43.3576278686523,-8.84499454498291,"Unknown"
"7014851",371865,2025-07-09 22:32:04,43.3575630187988,-8.84500312805176,"Unknown"
"7014851",371865,2025-07-09 22:37:03,43.3576164245605,-8.84500217437744,"Unknown"
"7014851",371865,2025-07-09 22:42:03,43.3575782775879,-8.84494304656982,"Unknown"
"7014851",371865,2025-07-09 22:47:04,43.3575859069824,-8.84492969512939,"Unknown"
"7014851",371865,2025-07-09 22:52:03,43.3576545715332,-8.84501934051514,"Unknown"
"7014851",371865,2025-07-09 22:57:04,43.3576583862305,-8.84500408172607,"Unknown"
"7014851",371865,2025-07-09 23:02:03,43.3576850891113,-8.84503841400146,"Unknown"
"7014851",371865,2025-07-09 23:07:04,43.3576011657715,-8.84498977661133,"Unknown"
"7014851",371865,2025-07-09 23:12:04,43.3576736450195,-8.84500598907471,"Unknown"
"7014851",371865,2025-07-09 23:17:35,43.3576278686523,-8.84501075744629,"Unknown"
"7014851",371865,2025-07-09 23:22:03,43.3576126098633,-8.8452033996582,"Unknown"
"7014851",371865,2025-07-09 23:27:04,43.3574295043945,-8.84517383575439,"Unknown"
"7014851",371865,2025-07-09 23:32:03,43.3575668334961,-8.84511661529541,"Unknown"
"7014851",371865,2025-07-09 23:37:04,43.3575286865234,-8.84515857696533,"Unknown"
"7014851",371865,2025-07-09 23:42:03,43.3575096130371,-8.84522247314453,"Unknown"
"7014851",371865,2025-07-09 23:47:03,43.3575668334961,-8.84508991241455,"Unknown"
"7014851",371865,2025-07-09 23:52:02,43.3575592041016,-8.84507846832275,"Unknown"
"7014851",371865,2025-07-09 23:57:04,43.3575744628906,-8.84504318237305,"Unknown"
"7014851",371865,2025-07-10 00:02:06,43.3575401306152,-8.84503650665283,"Unknown"
"7014851",371865,2025-07-10 00:07:06,43.3575782775879,-8.84502792358398,"Unknown"
"7014851",371865,2025-07-10 00:12:07,43.3575553894043,-8.84507656097412,"Unknown"
"7014851",371865,2025-07-10 00:17:14,43.357551574707,-8.84500694274902,"Unknown"
"7014851",371865,2025-07-10 00:22:02,43.3575401306152,-8.844970703125,"Unknown"
"7014851",371865,2025-07-10 00:27:35,43.3575401306152,-8.84506416320801,"Unknown"
"7014851",371865,2025-07-10 00:32:02,43.3575401306152,-8.84506225585938,"Unknown"
"7014851",371865,2025-07-10 00:37:02,43.3575134277344,-8.84510612487793,"Unknown"
"7014851",371865,2025-07-10 00:42:03,43.3575477600098,-8.84507369995117,"Unknown"
"7014851",371865,2025-07-10 00:47:02,43.3575134277344,-8.84510517120361,"Unknown"
"7014851",371865,2025-07-10 00:52:02,43.3575401306152,-8.84505653381348,"Unknown"
"7014851",371865,2025-07-10 00:57:07,43.3575057983398,-8.84511470794678,"Unknown"
"7014851",371865,2025-07-10 01:02:03,43.3575744628906,-8.84505939483643,"Unknown"
"7014851",371865,2025-07-10 01:07:03,43.3575172424316,-8.84504508972168,"Unknown"
"7014851",371865,2025-07-10 01:12:03,43.3575210571289,-8.84506034851074,"Unknown"
"7014851",371865,2025-07-10 01:17:06,43.3575859069824,-8.84508228302002,"Unknown"
"7014851",371865,2025-07-10 01:22:03,43.3574981689453,-8.84508228302002,"Unknown"
"7014851",371865,2025-07-10 01:27:10,43.3575172424316,-8.84505558013916,"Unknown"
"7014851",371865,2025-07-10 01:32:06,43.3575401306152,-8.84511852264404,"Unknown"
"7014851",371865,2025-07-10 01:37:03,43.3575553894043,-8.84498977661133,"Unknown"
"7014851",371865,2025-07-10 01:42:03,43.3575439453125,-8.84513282775879,"Unknown"
"7014851",371865,2025-07-10 01:47:14,43.3574485778809,-8.84506034851074,"Unknown"
"7014851",371865,2025-07-10 01:52:03,43.3575057983398,-8.84499263763428,"Unknown"
"7014851",371865,2025-07-10 01:57:07,43.357536315918,-8.84496879577637,"Unknown"
"7014851",371865,2025-07-10 02:02:07,43.3579292297363,-8.84529876708984,"Unknown"
"7014851",371865,2025-07-10 02:07:07,43.3577499389648,-8.84505271911621,"Unknown"
"7014851",371865,2025-07-10 02:12:06,43.3579216003418,-8.84531021118164,"Unknown"
"7014851",371865,2025-07-10 02:17:08,43.3577651977539,-8.84506130218506,"Unknown"
"7014851",371865,2025-07-10 02:22:06,43.3579864501953,-8.84525108337402,"Unknown"
"7014851",371865,2025-07-10 02:27:03,43.357608795166,-8.84452152252197,"Unknown"
"7014851",371865,2025-07-10 02:32:35,43.3575248718262,-8.84541511535645,"Unknown"
"7014851",371865,2025-07-10 02:37:02,43.3573951721191,-8.84522247314453,"Unknown"
"7014851",371865,2025-07-10 02:42:02,43.3573875427246,-8.84523773193359,"Unknown"
"7014851",371865,2025-07-10 02:47:02,43.3573417663574,-8.84531021118164,"Unknown"
"7014851",371865,2025-07-10 02:52:02,43.3573837280273,-8.84522914886475,"Unknown"
"7014851",371865,2025-07-10 02:57:03,43.357349395752,-8.84524631500244,"Unknown"
"7014851",371865,2025-07-10 03:02:03,43.3572311401367,-8.84546661376953,"Unknown"
"7014851",371865,2025-07-10 03:07:03,43.3573303222656,-8.8453197479248,"Unknown"
"7014851",371865,2025-07-10 03:12:04,43.3574676513672,-8.84516525268555,"Unknown"
"7014851",371865,2025-07-10 03:17:04,43.3575019836426,-8.84511184692383,"Unknown"
"7014851",371865,2025-07-10 03:22:04,43.3574714660645,-8.84515953063965,"Unknown"
"7014851",371865,2025-07-10 03:27:06,43.3575210571289,-8.84509086608887,"Unknown"
"7014851",371865,2025-07-10 03:32:07,43.3575553894043,-8.84500503540039,"Unknown"
"7014851",371865,2025-07-10 03:37:06,43.3575630187988,-8.84497451782227,"Unknown"
"7014851",371865,2025-07-10 03:42:05,43.3574714660645,-8.84512042999268,"Unknown"
"7014851",371865,2025-07-10 03:47:05,43.3575019836426,-8.84509372711182,"Unknown"
"7014851",371865,2025-07-10 03:52:04,43.3574104309082,-8.84509468078613,"Unknown"
"7014851",371865,2025-07-10 03:57:02,43.3573989868164,-8.84516334533691,"Unknown"
"7014851",371865,2025-07-10 04:02:06,43.3574066162109,-8.84503746032715,"Unknown"
"7014851",371865,2025-07-10 04:07:03,43.3574714660645,-8.84509658813477,"Unknown"
"7014851",371865,2025-07-10 04:12:14,43.3574867248535,-8.84519290924072,"Unknown"
"7014851",371865,2025-07-10 04:17:03,43.3575134277344,-8.84509468078613,"Unknown"
"7014851",371865,2025-07-10 04:22:03,43.3574295043945,-8.8449592590332,"Unknown"
"7014851",371865,2025-07-10 04:27:03,43.3575248718262,-8.84512424468994,"Unknown"
"7014851",371865,2025-07-10 04:32:05,43.3642387390137,-8.85031509399414,"Unknown"
"7014851",371865,2025-07-10 04:37:05,43.366626739502,-8.8539457321167,"Unknown"
"7014851",371865,2025-07-10 04:42:03,43.3655319213867,-8.84940624237061,"Unknown"
"7014851",371865,2025-07-10 04:47:03,43.3577690124512,-8.84557914733887,"Unknown"
"7014851",371865,2025-07-10 04:52:03,43.3577346801758,-8.84543704986572,"Unknown"
"7014851",371865,2025-07-10 04:57:02,43.3578681945801,-8.84566020965576,"Unknown"
"7014851",371865,2025-07-10 05:02:02,43.3577117919922,-8.84548473358154,"Unknown"
"7014851",371865,2025-07-10 05:07:02,43.3578186035156,-8.84560203552246,"Unknown"
"7014851",371865,2025-07-10 05:12:03,43.3574371337891,-8.8449535369873,"Unknown"
"7014851",371865,2025-07-10 05:17:07,43.3574028015137,-8.84483814239502,"Unknown"
"7014851",371865,2025-07-10 05:22:14,43.3575096130371,-8.84488582611084,"Unknown"
"7014851",371865,2025-07-10 05:27:05,43.3578948974609,-8.844970703125,"Unknown"
"7014851",371865,2025-07-10 05:32:05,43.3577041625977,-8.84535312652588,"Unknown"
"7014851",371865,2025-07-10 05:37:03,43.3577346801758,-8.84526634216309,"Unknown"
"7014851",371865,2025-07-10 05:42:03,43.3575172424316,-8.84469032287598,"Unknown"
"7014851",371865,2025-07-10 05:47:02,43.3577346801758,-8.84496307373047,"Unknown"
"7014851",371865,2025-07-10 05:52:15,43.3576507568359,-8.84500026702881,"Unknown"
"7014851",371865,2025-07-10 05:57:02,43.3576698303223,-8.84500885009766,"Unknown"
"7014851",371865,2025-07-10 06:02:02,43.3574333190918,-8.84476661682129,"Unknown"
"7014851",371865,2025-07-10 06:07:06,43.3575096130371,-8.84486961364746,"Unknown"
"7014851",371865,2025-07-10 06:12:06,43.3575286865234,-8.84488201141357,"Unknown"
"7014851",371865,2025-07-10 06:17:09,43.3575553894043,-8.84487533569336,"Unknown"
"7014851",371865,2025-07-10 06:22:06,43.3575477600098,-8.8448600769043,"Unknown"
"7014851",371865,2025-07-10 06:27:07,43.3573112487793,-8.84496688842773,"Unknown"
"7014851",371865,2025-07-10 06:32:06,43.3573608398438,-8.84488391876221,"Unknown"
"7014851",371865,2025-07-10 06:37:04,43.3573570251465,-8.84488773345947,"Unknown"
"7014851",371865,2025-07-10 06:42:07,43.3573570251465,-8.84484958648682,"Unknown"
"7014851",371865,2025-07-10 06:47:04,43.3573875427246,-8.84473896026611,"Unknown"
"7014851",371865,2025-07-10 06:52:04,43.3576278686523,-8.8447322845459,"Unknown"
"7014851",371865,2025-07-10 06:57:07,43.3573265075684,-8.84483623504639,"Unknown"
"7014851",371865,2025-07-10 07:02:04,43.3571853637695,-8.84479904174805,"Unknown"
"7014851",371865,2025-07-10 07:07:35,43.3574447631836,-8.84502029418945,"Unknown"
"7014851",371865,2025-07-10 07:12:04,43.3577461242676,-8.84472846984863,"Unknown"
"7014851",371865,2025-07-10 07:17:03,43.3574638366699,-8.84497737884521,"Unknown"
"7014851",371865,2025-07-10 07:22:06,43.357536315918,-8.84488868713379,"Unknown"
"7014851",371865,2025-07-10 07:27:02,43.3579216003418,-8.84539794921875,"Unknown"
"7014851",371865,2025-07-10 07:32:03,43.3575630187988,-8.8450927734375,"Unknown"
"7014851",371865,2025-07-10 07:37:03,43.3573570251465,-8.84510898590088,"Unknown"
"7014851",371865,2025-07-10 07:42:03,43.3576965332031,-8.84508228302002,"Unknown"
"7014851",371865,2025-07-10 07:47:03,43.357608795166,-8.84479236602783,"Unknown"
"7014851",371865,2025-07-10 07:53:35,43.3575057983398,-8.8450174331665,"Unknown"
"7014851",371865,2025-07-10 07:57:04,43.3575057983398,-8.84493446350098,"Unknown"
"7014851",371865,2025-07-10 08:02:01,43.3575248718262,-8.84502220153809,"Unknown"
"7014851",371865,2025-07-10 08:07:03,43.3576316833496,-8.84497261047363,"Unknown"
"7014851",371865,2025-07-10 08:12:03,43.3651161193848,-8.85425281524658,"Unknown"
"7014851",371865,2025-07-10 08:17:02,43.357593536377,-8.84518909454346,"Unknown"
"7014851",371865,2025-07-10 08:22:13,43.3575286865234,-8.84503746032715,"Unknown"
"7014851",371865,2025-07-10 08:27:06,43.3575439453125,-8.84508228302002,"Unknown"
"7014851",371865,2025-07-10 08:32:04,43.3575592041016,-8.84505176544189,"Unknown"
"7014851",371865,2025-07-10 08:37:07,43.3576240539551,-8.84509563446045,"Unknown"
"7014851",371865,2025-07-10 08:42:10,43.3575630187988,-8.84505176544189,"Unknown"
"7014851",371865,2025-07-10 08:47:04,43.3575210571289,-8.84506225585938,"Unknown"
"7014851",371865,2025-07-10 08:52:17,43.3575057983398,-8.84493160247803,"Unknown"
"7014851",371865,2025-07-10 08:57:09,43.3575439453125,-8.84505462646484,"Unknown"
"7014851",371865,2025-07-10 09:02:08,43.3575668334961,-8.84506797790527,"Unknown"
"7014851",371865,2025-07-10 09:07:07,43.3575820922852,-8.84496879577637,"Unknown"
"7014851",371865,2025-07-10 09:12:14,43.3575439453125,-8.84516048431396,"Unknown"
"7014851",371865,2025-07-10 09:17:09,43.3575553894043,-8.84525966644287,"Unknown"
"7014851",371865,2025-07-10 09:22:02,43.3576698303223,-8.84500503540039,"Unknown"
"7014851",371865,2025-07-10 09:27:01,43.357795715332,-8.84496402740479,"Unknown"
"7014851",371865,2025-07-10 09:32:06,43.3577346801758,-8.84517192840576,"Unknown"
"7014851",371865,2025-07-10 09:37:08,43.3582344055176,-8.84474468231201,"Unknown"
"7014851",371865,2025-07-10 09:42:11,43.3575477600098,-8.84486103057861,"Unknown"
"7014851",371865,2025-07-10 09:47:15,43.357551574707,-8.84495067596436,"Unknown"
"7014851",371865,2025-07-10 09:52:03,43.3576812744141,-8.84511375427246,"Unknown"
"7014851",371865,2025-07-10 09:57:33,43.3575019836426,-8.84508037567139,"Unknown"
"7014851",371865,2025-07-10 10:02:01,43.3575744628906,-8.84511947631836,"Unknown"
"7014851",371865,2025-07-10 10:07:01,43.3575248718262,-8.84507274627686,"Unknown"
"7014851",371865,2025-07-10 10:12:02,43.357608795166,-8.84508037567139,"Unknown"
"7014851",371865,2025-07-10 10:17:01,43.3576393127441,-8.84511470794678,"Unknown"
"7014851",371865,2025-07-10 10:22:01,43.3575286865234,-8.84506416320801,"Unknown"
"7014851",371865,2025-07-10 10:27:01,43.3575897216797,-8.84517478942871,"Unknown"
"7014851",371865,2025-07-10 10:32:04,43.3576011657715,-8.84506797790527,"Unknown"
"7014851",371865,2025-07-10 10:37:03,43.3575630187988,-8.84522533416748,"Unknown"
"7014851",371865,2025-07-10 10:42:01,43.3575973510742,-8.8449649810791,"Unknown"
"7014851",371865,2025-07-10 10:47:01,43.3575592041016,-8.84512424468994,"Unknown"
"7014851",371865,2025-07-10 10:52:02,43.3575592041016,-8.84511566162109,"Unknown"
"7014851",371865,2025-07-10 10:57:03,43.3575325012207,-8.84506988525391,"Unknown"
"7014851",371865,2025-07-10 11:02:02,43.3574829101562,-8.84498977661133,"Unknown"
"7014851",371865,2025-07-10 11:07:06,43.357982635498,-8.84457874298096,"Unknown"
"7014851",371865,2025-07-10 11:12:02,43.371711730957,-8.85439300537109,"Unknown"
"7014851",371865,2025-07-10 11:17:01,43.3841400146484,-8.88043880462646,"Unknown"
"7014851",371865,2025-07-10 11:22:06,43.3870582580566,-8.88216304779053,"Unknown"
"7014851",371865,2025-07-10 11:27:04,43.3871803283691,-8.88092231750488,"Unknown"
"7014851",371865,2025-07-10 11:32:03,43.3874092102051,-8.87958717346191,"Unknown"
"7014851",371865,2025-07-10 11:37:41,43.3930892944336,-8.8859395980835,"Unknown"
"7014851",371865,2025-07-10 11:42:01,43.4099998474121,-8.90425682067871,"Unknown"
"7014851",371865,2025-07-10 11:47:09,43.4235801696777,-8.93238067626953,"Unknown"
"7014851",371865,2025-07-10 11:52:02,43.4294395446777,-8.95784950256348,"Unknown"
"7014851",371865,2025-07-10 11:57:05,43.4525566101074,-8.97318744659424,"Unknown"
"7014851",371865,2025-07-10 12:02:02,43.4737319946289,-8.99698543548584,"Unknown"
"7014851",371865,2025-07-10 12:07:07,43.4806594848633,-9.00432109832764,"Unknown"
"7014851",371865,2025-07-10 12:12:04,43.4807281494141,-9.00244522094727,"Unknown"
"7014851",371865,2025-07-10 12:17:13,43.4846725463867,-9.00139236450195,"Unknown"
"7014851",371865,2025-07-10 12:22:04,43.4864196777344,-8.99830913543701,"Unknown"
"7014851",371865,2025-07-10 12:27:04,43.4936943054199,-8.99665069580078,"Unknown"
"7014851",371865,2025-07-10 12:32:03,43.5117683410645,-8.96793460845947,"Unknown"
"7014851",371865,2025-07-10 12:37:04,43.5154914855957,-8.97366333007812,"Unknown"
"7014851",371865,2025-07-10 12:42:03,43.5395889282227,-8.99520301818848,"Unknown"
"7014851",371865,2025-07-10 12:48:20,43.5715446472168,-9.02393436431885,"Unknown"
"7014851",371865,2025-07-10 12:52:25,43.5946006774902,-9.03334903717041,"Unknown"
"7014851",371865,2025-07-10 12:57:02,43.59423828125,-9.03347778320312,"Unknown"
"7014851",371865,2025-07-10 13:02:06,43.5929183959961,-9.03335189819336,"Unknown"
"7014851",371865,2025-07-10 13:07:03,43.5921974182129,-9.03245162963867,"Unknown"
"7014851",371865,2025-07-10 13:12:07,43.5903968811035,-9.03223323822021,"Unknown"
"7014851",371865,2025-07-10 13:17:14,43.5909004211426,-9.03911113739014,"Unknown"
"7014851",371865,2025-07-10 13:22:07,43.5897941589355,-9.03946018218994,"Unknown"
"7014851",371865,2025-07-10 13:27:11,43.5880241394043,-9.04270839691162,"Unknown"
"7014851",371865,2025-07-10 13:32:08,43.5873603820801,-9.04452228546143,"Unknown"
"7014851",371865,2025-07-10 13:37:10,43.5858268737793,-9.04543590545654,"Unknown"
"7014851",371865,2025-07-10 13:42:10,43.5856323242188,-9.04379844665527,"Unknown"
"7014851",371865,2025-07-10 13:47:13,43.5856056213379,-9.04392147064209,"Unknown"
"7014851",371865,2025-07-10 13:52:12,43.5860710144043,-9.04390430450439,"Unknown"
"7014851",371865,2025-07-10 13:57:29,43.5868072509766,-9.04450988769531,"Unknown"
"7014851",371865,2025-07-10 14:02:07,43.5858154296875,-9.04429531097412,"Unknown"
"7014851",371865,2025-07-10 14:07:04,43.5854263305664,-9.04481792449951,"Unknown"
"7014851",371865,2025-07-10 14:12:04,43.5802764892578,-9.04616832733154,"Unknown"
"7014851",371865,2025-07-10 14:17:04,43.5815391540527,-9.04535388946533,"Unknown"
"7014851",371865,2025-07-10 14:22:09,43.5803070068359,-9.04552936553955,"Unknown"
"7014851",371865,2025-07-10 14:27:07,43.5786552429199,-9.04539012908936,"Unknown"
"7014851",371865,2025-07-10 14:32:09,43.5781860351562,-9.04609203338623,"Unknown"
"7014851",371865,2025-07-10 14:37:09,43.5772590637207,-9.04687786102295,"Unknown"
"7014851",371865,2025-07-10 14:42:12,43.5764350891113,-9.04734516143799,"Unknown"
"7014851",371865,2025-07-10 14:47:09,43.5757255554199,-9.04778099060059,"Unknown"
"7014851",371865,2025-07-10 14:52:15,43.5744590759277,-9.04770851135254,"Unknown"
"7014851",371865,2025-07-10 14:57:12,43.5737380981445,-9.04824447631836,"Unknown"
"7014851",371865,2025-07-10 15:02:09,43.5732421875,-9.04972457885742,"Unknown"
"7014851",371865,2025-07-10 15:07:06,43.5723991394043,-9.0498161315918,"Unknown"
"7014851",371865,2025-07-10 15:12:10,43.5714683532715,-9.05070400238037,"Unknown"
"7014851",371865,2025-07-10 15:17:13,43.5706481933594,-9.05154514312744,"Unknown"
"7014851",371865,2025-07-10 15:22:14,43.5702857971191,-9.05214595794678,"Unknown"
"7014851",371865,2025-07-10 15:27:13,43.5695686340332,-9.05297088623047,"Unknown"
"7014851",371865,2025-07-10 15:32:27,43.5690612792969,-9.05437755584717,"Unknown"
"7014851",371865,2025-07-10 15:37:10,43.5683403015137,-9.05439758300781,"Unknown"
"7014851",371865,2025-07-10 15:42:08,43.5670623779297,-9.05632305145264,"Unknown"
"7014851",371865,2025-07-10 15:47:45,43.5660858154297,-9.05697345733643,"Unknown"
"7014851",371865,2025-07-10 15:52:09,43.5653038024902,-9.05778408050537,"Unknown"
"7014851",371865,2025-07-10 15:57:09,43.5643272399902,-9.05871677398682,"Unknown"
"7014851",371865,2025-07-10 16:02:15,43.5630073547363,-9.05925750732422,"Unknown"
"7014851",371865,2025-07-10 16:07:02,43.5617446899414,-9.05970001220703,"Unknown"
"7014851",371865,2025-07-10 16:12:08,43.5584907531738,-9.05958652496338,"Unknown"
"7014851",371865,2025-07-10 16:17:09,43.5577392578125,-9.06007671356201,"Unknown"
"7014851",371865,2025-07-10 16:22:09,43.5574340820312,-9.06133556365967,"Unknown"
"7014851",371865,2025-07-10 16:27:09,43.5568962097168,-9.06163787841797,"Unknown"
"7014851",371865,2025-07-10 16:32:35,43.5558052062988,-9.06160068511963,"Unknown"
"7014851",371865,2025-07-10 16:37:07,43.5548095703125,-9.06214141845703,"Unknown"
"7014851",371865,2025-07-10 16:42:10,43.5539169311523,-9.062424659729,"Unknown"
"7014851",371865,2025-07-10 16:48:05,43.5408363342285,-9.04017734527588,"Unknown"
"7014851",371865,2025-07-10 16:52:02,43.5224075317383,-9.03284645080566,"Unknown"
"7014851",371865,2025-07-10 16:57:05,43.5050010681152,-9.02204418182373,"Unknown"
"7014851",371865,2025-07-10 17:02:07,43.5044441223145,-9.02261257171631,"Unknown"
"7014851",371865,2025-07-10 17:07:15,43.5037803649902,-9.02294921875,"Unknown"
"7014851",371865,2025-07-10 17:12:02,43.5040016174316,-9.0223503112793,"Unknown"
"7014851",371865,2025-07-10 17:17:02,43.5027961730957,-9.02937316894531,"Unknown"
"7014851",371865,2025-07-10 17:22:02,43.5013084411621,-9.02940464019775,"Unknown"
"7014851",371865,2025-07-10 17:27:02,43.5005149841309,-9.02982902526855,"Unknown"
"7014851",371865,2025-07-10 17:32:02,43.4997863769531,-9.03033447265625,"Unknown"
"7014851",371865,2025-07-10 17:37:02,43.500129699707,-9.03377723693848,"Unknown"
"7014851",371865,2025-07-10 17:42:02,43.4992599487305,-9.0336217880249,"Unknown"
"7014851",371865,2025-07-10 17:47:03,43.4982604980469,-9.03428554534912,"Unknown"
"7014851",371865,2025-07-10 17:52:04,43.498218536377,-9.03648090362549,"Unknown"
"7014851",371865,2025-07-10 17:57:02,43.4904937744141,-9.03474140167236,"Unknown"
"7014851",371865,2025-07-10 18:02:03,43.4628105163574,-9.02415180206299,"Unknown"
"7014851",371865,2025-07-10 18:07:02,43.4375953674316,-8.99472618103027,"Unknown"
"7014851",371865,2025-07-10 18:12:03,43.4182739257812,-8.95083332061768,"Unknown"
"7014851",371865,2025-07-10 18:17:03,43.3983421325684,-8.91281604766846,"Unknown"
"7014851",371865,2025-07-10 18:22:02,43.3773727416992,-8.87909889221191,"Unknown"
"7014851",371865,2025-07-10 18:27:14,43.3583106994629,-8.84632873535156,"Unknown"
"7014851",371865,2025-07-10 18:32:07,43.3578224182129,-8.84520053863525,"Unknown"
"7014851",371865,2025-07-10 18:37:02,43.357967376709,-8.84481048583984,"Unknown"
"7014851",371865,2025-07-10 18:42:03,43.3577346801758,-8.84500598907471,"Unknown"
"7014851",371865,2025-07-10 18:47:12,43.3578987121582,-8.8453950881958,"Unknown"
"7014851",371865,2025-07-10 18:52:06,43.3578910827637,-8.84541797637939,"Unknown"
"7014851",371865,2025-07-10 18:57:03,43.3578147888184,-8.84524536132812,"Unknown"
"7014851",371865,2025-07-10 19:02:10,43.3576202392578,-8.8450870513916,"Unknown"
"7014851",371865,2025-07-10 19:07:11,43.357738494873,-8.84503936767578,"Unknown"
"7014851",371865,2025-07-10 19:12:03,43.3576126098633,-8.84506511688232,"Unknown"
"7014851",371865,2025-07-10 19:17:03,43.3575401306152,-8.8449535369873,"Unknown"
"7014851",371865,2025-07-10 19:22:04,43.357479095459,-8.84496974945068,"Unknown"
"7014851",371865,2025-07-10 19:27:07,43.3575286865234,-8.84488296508789,"Unknown"
"7014851",371865,2025-07-10 19:32:02,43.3576278686523,-8.84500789642334,"Unknown"
"7014851",371865,2025-07-10 19:37:14,43.3576164245605,-8.8444299697876,"Unknown"
"7014851",371865,2025-07-10 19:42:08,43.357349395752,-8.84472274780273,"Unknown"
"7014851",371865,2025-07-10 19:47:03,43.3617057800293,-8.84679222106934,"Unknown"
"7014851",371865,2025-07-10 19:52:13,43.3575706481934,-8.84482192993164,"Unknown"
"7014851",371865,2025-07-10 19:57:04,43.3570823669434,-8.84444141387939,"Unknown"
"7014851",371865,2025-07-10 20:02:12,43.3575439453125,-8.84478855133057,"Unknown"
"7014851",371865,2025-07-10 20:07:03,43.355655670166,-8.84336376190186,"Unknown"
"7014851",371865,2025-07-10 20:12:05,43.3575401306152,-8.84478092193604,"Unknown"
"7014851",371865,2025-07-10 20:17:07,43.3574447631836,-8.84471797943115,"Unknown"
"7014851",371865,2025-07-10 20:22:07,43.3575057983398,-8.84465503692627,"Unknown"
"7014851",371865,2025-07-10 20:27:03,43.3574829101562,-8.84455490112305,"Unknown"
"7014851",371865,2025-07-10 20:32:05,43.3575210571289,-8.84470558166504,"Unknown"
"7014851",371865,2025-07-10 20:37:12,43.3574180603027,-8.84449863433838,"Unknown"
"7014851",371865,2025-07-10 20:42:16,43.3576049804688,-8.84465217590332,"Unknown"
"7014851",371865,2025-07-10 20:47:19,43.3578948974609,-8.84467220306396,"Unknown"
"7014851",371865,2025-07-10 20:52:10,43.3579330444336,-8.84463500976562,"Unknown"
"7014851",371865,2025-07-10 20:57:09,43.3578605651855,-8.84464550018311,"Unknown"
"7014851",371865,2025-07-10 21:02:06,43.3576469421387,-8.84461402893066,"Unknown"
"7014851",371865,2025-07-10 21:07:13,43.3575744628906,-8.84474086761475,"Unknown"
"7014851",371865,2025-07-10 21:12:08,43.3576774597168,-8.84481716156006,"Unknown"
"7014851",371865,2025-07-10 21:17:10,43.3577499389648,-8.84472465515137,"Unknown"
"7014851",371865,2025-07-10 21:22:03,43.3576049804688,-8.84476661682129,"Unknown"
"7014851",371865,2025-07-10 21:27:03,43.3576736450195,-8.84478950500488,"Unknown"
"7014851",371865,2025-07-10 21:32:02,43.3576393127441,-8.8448600769043,"Unknown"
"7014851",371865,2025-07-10 21:37:02,43.3578186035156,-8.84511089324951,"Unknown"
"7014851",371865,2025-07-10 21:42:12,43.357536315918,-8.84484004974365,"Unknown"
"7014851",371865,2025-07-10 21:47:35,43.3575134277344,-8.84506225585938,"Unknown"
"7014851",371865,2025-07-10 21:52:00,43.357536315918,-8.84506511688232,"Unknown"
"7014851",371865,2025-07-10 21:57:00,43.357551574707,-8.8450813293457,"Unknown"
"7014851",371865,2025-07-10 22:02:00,43.3575057983398,-8.84506416320801,"Unknown"
"7014851",371865,2025-07-10 22:07:00,43.3575019836426,-8.84508228302002,"Unknown"
"7014851",371865,2025-07-10 22:12:01,43.3574829101562,-8.84500503540039,"Unknown"
"7014851",371865,2025-07-10 22:17:00,43.3575057983398,-8.84501934051514,"Unknown"
"7014851",371865,2025-07-10 22:22:01,43.3575325012207,-8.84506320953369,"Unknown"
"7014851",371865,2025-07-10 22:27:01,43.3575477600098,-8.84507274627686,"Unknown"
"7014851",371865,2025-07-10 22:32:02,43.3580017089844,-8.84507942199707,"Unknown"
"7014851",371865,2025-07-10 22:37:01,43.3577461242676,-8.84517192840576,"Unknown"
"7014851",371865,2025-07-10 22:42:01,43.3576469421387,-8.84511470794678,"Unknown"
"7014851",371865,2025-07-10 22:47:02,43.3577423095703,-8.84515571594238,"Unknown"
"7014851",371865,2025-07-10 22:52:02,43.3577270507812,-8.84517288208008,"Unknown"
"7014851",371865,2025-07-10 22:57:01,43.3577117919922,-8.84521102905273,"Unknown"
"7014851",371865,2025-07-10 23:02:01,43.3579292297363,-8.84522151947021,"Unknown"
"7014851",371865,2025-07-10 23:07:01,43.3577537536621,-8.84519958496094,"Unknown"
"7014851",371865,2025-07-10 23:12:01,43.3576965332031,-8.8451623916626,"Unknown"
"7014851",371865,2025-07-10 23:17:01,43.3577079772949,-8.84518527984619,"Unknown"
"7014851",371865,2025-07-10 23:22:01,43.3576507568359,-8.84510707855225,"Unknown"
"7014851",371865,2025-07-10 23:27:01,43.3576889038086,-8.84516716003418,"Unknown"
"7014851",371865,2025-07-10 23:32:01,43.3576545715332,-8.84516525268555,"Unknown"
"7014851",371865,2025-07-10 23:37:01,43.3577003479004,-8.84519577026367,"Unknown"
"7014851",371865,2025-07-10 23:42:02,43.3576126098633,-8.84513378143311,"Unknown"
"7014851",371865,2025-07-10 23:47:04,43.3574981689453,-8.84497928619385,"Unknown"
"7014851",371865,2025-07-10 23:52:09,43.3573608398438,-8.84486675262451,"Unknown"
"7014851",371865,2025-07-10 23:57:10,43.3573722839355,-8.84485816955566,"Unknown"
"7014851",371865,2025-07-11 00:02:09,43.3573532104492,-8.84487819671631,"Unknown"
"7014851",371865,2025-07-11 00:07:08,43.3573188781738,-8.84493255615234,"Unknown"
"7014851",371865,2025-07-11 00:12:15,43.3577766418457,-8.84479904174805,"Unknown"
"7014851",371865,2025-07-11 00:17:14,43.3574867248535,-8.84491920471191,"Unknown"
"7014851",371865,2025-07-11 00:22:34,43.3576164245605,-8.84490966796875,"Unknown"
"7014851",371865,2025-07-11 00:27:01,43.357536315918,-8.84503555297852,"Unknown"
"7014851",371865,2025-07-11 00:32:00,43.3575820922852,-8.8451099395752,"Unknown"
"7014851",371865,2025-07-11 00:37:00,43.357536315918,-8.84514236450195,"Unknown"
"7014851",371865,2025-07-11 00:42:01,43.3576011657715,-8.84514617919922,"Unknown"
"7014851",371865,2025-07-11 00:47:01,43.3575592041016,-8.84519386291504,"Unknown"
"7014851",371865,2025-07-11 00:52:01,43.3575286865234,-8.84511470794678,"Unknown"
"7014851",371865,2025-07-11 00:57:01,43.357536315918,-8.84509468078613,"Unknown"
"7014851",371865,2025-07-11 01:02:01,43.3575286865234,-8.84508991241455,"Unknown"
"7014851",371865,2025-07-11 01:07:01,43.3575210571289,-8.84509563446045,"Unknown"
"7014851",371865,2025-07-11 01:12:01,43.3575744628906,-8.84513092041016,"Unknown"
"7014851",371865,2025-07-11 01:17:01,43.3575286865234,-8.84507083892822,"Unknown"
"7014851",371865,2025-07-11 01:22:01,43.3575401306152,-8.84506225585938,"Unknown"
"7014851",371865,2025-07-11 01:27:00,43.3575248718262,-8.84501934051514,"Unknown"
"7014851",371865,2025-07-11 01:32:00,43.3575706481934,-8.84511756896973,"Unknown"
"7014851",371865,2025-07-11 01:37:00,43.3575248718262,-8.84502124786377,"Unknown"
"7014851",371865,2025-07-11 01:42:00,43.357479095459,-8.8450174331665,"Unknown"
"7014851",371865,2025-07-11 01:47:01,43.357551574707,-8.84509468078613,"Unknown"
"7014851",371865,2025-07-11 01:52:02,43.3575019836426,-8.84502410888672,"Unknown"
"7014851",371865,2025-07-11 01:57:02,43.3574676513672,-8.84494876861572,"Unknown"
"7014851",371865,2025-07-11 02:02:01,43.3575401306152,-8.84501075744629,"Unknown"
"7014851",371865,2025-07-11 02:07:02,43.3575057983398,-8.84494304656982,"Unknown"
"7014851",371865,2025-07-11 02:12:04,43.3576812744141,-8.84514904022217,"Unknown"
"7014851",371865,2025-07-11 02:17:04,43.3577079772949,-8.84511756896973,"Unknown"
"7014851",371865,2025-07-11 02:22:14,43.3577156066895,-8.84516429901123,"Unknown"
"7014851",371865,2025-07-11 02:27:02,43.357536315918,-8.84495162963867,"Unknown"
"7014851",371865,2025-07-11 02:32:09,43.3576507568359,-8.84508800506592,"Unknown"
"7014851",371865,2025-07-11 02:37:02,43.3577041625977,-8.84505748748779,"Unknown"
"7014851",371865,2025-07-11 02:42:04,43.357608795166,-8.84499835968018,"Unknown"
"7014851",371865,2025-07-11 02:47:12,43.3576812744141,-8.84518432617188,"Unknown"
"7014851",371865,2025-07-11 02:52:14,43.3575096130371,-8.84528255462646,"Unknown"
"7014851",371865,2025-07-11 02:57:06,43.3574562072754,-8.84524822235107,"Unknown"
"7014851",371865,2025-07-11 03:02:04,43.3576278686523,-8.84520816802979,"Unknown"
"7014851",371865,2025-07-11 03:07:02,43.3575668334961,-8.84512233734131,"Unknown"
"7014851",371865,2025-07-11 03:12:06,43.3576889038086,-8.84536361694336,"Unknown"
"7014851",371865,2025-07-11 03:17:04,43.3576507568359,-8.84542560577393,"Unknown"
"7014851",371865,2025-07-11 03:22:09,43.3576278686523,-8.84536743164062,"Unknown"
"7014851",371865,2025-07-11 03:27:11,43.3576393127441,-8.84525680541992,"Unknown"
"7014851",371865,2025-07-11 03:32:12,43.3576316833496,-8.84526252746582,"Unknown"
"7014851",371865,2025-07-11 03:37:01,43.3574829101562,-8.84480285644531,"Unknown"
"7014851",371865,2025-07-11 03:42:04,43.357780456543,-8.84545421600342,"Unknown"
"7014851",371865,2025-07-11 03:47:09,43.357593536377,-8.84513378143311,"Unknown"
"7014851",371865,2025-07-11 03:52:09,43.357593536377,-8.84506702423096,"Unknown"
"7014851",371865,2025-07-11 03:57:09,43.3575859069824,-8.84512138366699,"Unknown"
"7014851",371865,2025-07-11 04:02:09,43.3575973510742,-8.84507179260254,"Unknown"
"7014851",371865,2025-07-11 04:07:02,43.3575286865234,-8.84497451782227,"Unknown"
"7014851",371865,2025-07-11 04:12:03,43.3574752807617,-8.84489440917969,"Unknown"
"7014851",371865,2025-07-11 04:17:04,43.3575630187988,-8.8449821472168,"Unknown"
"7014851",371865,2025-07-11 04:22:05,43.3575401306152,-8.84497261047363,"Unknown"
"7014851",371865,2025-07-11 04:27:09,43.357608795166,-8.84498882293701,"Unknown"
"7014851",371865,2025-07-11 04:32:08,43.3575897216797,-8.84495162963867,"Unknown"
"7014851",371865,2025-07-11 04:37:07,43.3576545715332,-8.84500122070312,"Unknown"
"7014851",371865,2025-07-11 04:42:01,43.357608795166,-8.84505176544189,"Unknown"
"7014851",371865,2025-07-11 04:47:04,43.3576393127441,-8.84500980377197,"Unknown"
"7014851",371865,2025-07-11 04:52:04,43.3576240539551,-8.84497833251953,"Unknown"
"7014851",371865,2025-07-11 04:57:02,43.3575439453125,-8.84498882293701,"Unknown"
"7014851",371865,2025-07-11 05:02:01,43.3575439453125,-8.84497165679932,"Unknown"
"7014851",371865,2025-07-11 05:07:03,43.3823394775391,-8.85221099853516,"Unknown"
"7014851",371865,2025-07-11 05:12:02,43.4131507873535,-8.84114360809326,"Unknown"
"7014851",371865,2025-07-11 05:17:09,43.423885345459,-8.83446979522705,"Unknown"
"7014851",371865,2025-07-11 05:22:13,43.4238471984863,-8.83560943603516,"Unknown"
"7014851",371865,2025-07-11 05:27:01,43.4146537780762,-8.83409881591797,"Unknown"
"7014851",371865,2025-07-11 05:32:02,43.4108238220215,-8.83393573760986,"Unknown"
"7014851",371865,2025-07-11 05:37:03,43.398323059082,-8.84726905822754,"Unknown"
"7014851",371865,2025-07-11 05:42:10,43.375560760498,-8.85101222991943,"Unknown"
"7014851",371865,2025-07-11 05:47:31,43.3574180603027,-8.84518432617188,"Unknown"
"7014851",371865,2025-07-11 05:52:03,43.3576049804688,-8.84520816802979,"Unknown"
"7014851",371865,2025-07-11 05:57:04,43.357551574707,-8.84534645080566,"Unknown"
"7014851",371865,2025-07-11 06:02:01,43.3573760986328,-8.84510326385498,"Unknown"
"7014851",371865,2025-07-11 06:07:01,43.3573417663574,-8.84543800354004,"Unknown"
"7014851",371865,2025-07-11 06:12:01,43.3573417663574,-8.84500789642334,"Unknown"
"7014851",371865,2025-07-11 06:17:02,43.3575897216797,-8.84510707855225,"Unknown"
"7014851",371865,2025-07-11 06:22:02,43.3576583862305,-8.84506511688232,"Unknown"
"7014851",371865,2025-07-11 06:27:01,43.3575744628906,-8.84511089324951,"Unknown"
"7014851",371865,2025-07-11 06:32:01,43.3435287475586,-8.85474491119385,"Unknown"
"7014851",371865,2025-07-11 06:37:01,43.3512802124023,-8.8810920715332,"Unknown"
"7014851",371865,2025-07-11 06:42:01,43.3578071594238,-8.91380882263184,"Unknown"
"7014851",371865,2025-07-11 06:47:01,43.3554725646973,-8.95129489898682,"Unknown"
"7014851",371865,2025-07-11 06:52:01,43.3455352783203,-8.96575927734375,"Unknown"
"7014851",371865,2025-07-11 06:57:01,43.3360328674316,-8.98288059234619,"Unknown"
"7014851",371865,2025-07-11 07:02:01,43.3339347839355,-8.98626518249512,"Unknown"
"7014851",371865,2025-07-11 07:07:01,43.317512512207,-9.0095739364624,"Unknown"
"7014851",371865,2025-07-11 07:12:01,43.3098258972168,-9.01988887786865,"Unknown"
"7014851",371865,2025-07-11 07:17:01,43.3000679016113,-9.03543376922607,"Unknown"
"7014851",371865,2025-07-11 07:22:01,43.2908210754395,-9.04852485656738,"Unknown"
"7014851",371865,2025-07-11 07:27:02,43.2880325317383,-9.0502758026123,"Unknown"
"7014851",371865,2025-07-11 07:32:01,43.2913513183594,-9.0454683303833,"Unknown"
"7014851",371865,2025-07-11 07:37:01,43.3056716918945,-9.0137414932251,"Unknown"
"7014851",371865,2025-07-11 07:42:01,43.3028221130371,-8.97322940826416,"Unknown"
"7014851",371865,2025-07-11 07:47:01,43.2986755371094,-8.92877578735352,"Unknown"
"7014851",371865,2025-07-11 07:52:03,43.3024635314941,-8.91091728210449,"Unknown"
"7014851",371865,2025-07-11 07:57:01,43.3024291992188,-8.91097450256348,"Unknown"
"7014851",371865,2025-07-11 08:02:01,43.3024215698242,-8.91099166870117,"Unknown"
"7014851",371865,2025-07-11 08:07:03,43.3023986816406,-8.91098022460938,"Unknown"
"7014851",371865,2025-07-11 08:12:01,43.3023719787598,-8.91093349456787,"Unknown"
"7014851",371865,2025-07-11 08:17:02,43.3024063110352,-8.91092586517334,"Unknown"
"7014851",371865,2025-07-11 08:22:02,43.3020553588867,-8.91084289550781,"Unknown"
"7014851",371865,2025-07-11 08:27:02,43.302001953125,-8.91075420379639,"Unknown"
"7014851",371865,2025-07-11 08:32:02,43.3019371032715,-8.91151809692383,"Unknown"
"7014851",371865,2025-07-11 08:37:01,43.3020553588867,-8.91147804260254,"Unknown"
"7014851",371865,2025-07-11 08:42:02,43.3019981384277,-8.91136646270752,"Unknown"
"7014851",371865,2025-07-11 08:47:01,43.3021469116211,-8.91119289398193,"Unknown"
"7014851",371865,2025-07-11 08:52:02,43.3023834228516,-8.91106033325195,"Unknown"
"7014851",371865,2025-07-11 08:57:01,43.2987251281738,-8.9097204208374,"Unknown"
"7014851",371865,2025-07-11 09:02:01,43.295166015625,-8.90581703186035,"Unknown"
"7014851",371865,2025-07-11 09:07:01,43.2948150634766,-8.90557479858398,"Unknown"
"7014851",371865,2025-07-11 09:12:01,43.2953033447266,-8.90529918670654,"Unknown"
"7014851",371865,2025-07-11 09:17:02,43.2947425842285,-8.90481472015381,"Unknown"
"7014851",371865,2025-07-11 09:22:02,43.2947044372559,-8.90471076965332,"Unknown"
"7014851",371865,2025-07-11 09:27:02,43.2948951721191,-8.90439891815186,"Unknown"
"7014851",371865,2025-07-11 09:32:02,43.2949523925781,-8.90442371368408,"Unknown"
"7014851",371865,2025-07-11 09:37:01,43.3011207580566,-8.90947437286377,"Unknown"
"7014851",371865,2025-07-11 09:42:01,43.323616027832,-8.92822647094727,"Unknown"
"7014851",371865,2025-07-11 09:47:01,43.3189125061035,-8.93794059753418,"Unknown"
"7014851",371865,2025-07-11 09:52:01,43.3311576843262,-8.92802619934082,"Unknown"
"7014851",371865,2025-07-11 09:57:01,43.3311805725098,-8.92654228210449,"Unknown"
"7014851",371865,2025-07-11 10:02:03,43.3389511108398,-8.892165184021,"Unknown"
"7014851",371865,2025-07-11 10:07:02,43.356861114502,-8.84769153594971,"Unknown"
"7014851",371865,2025-07-11 10:12:03,43.3577766418457,-8.84460544586182,"Unknown"
"7014851",371865,2025-07-11 10:17:02,43.3579330444336,-8.84454345703125,"Unknown"
"7014851",371865,2025-07-11 10:22:01,43.357837677002,-8.8447208404541,"Unknown"
"7014851",371865,2025-07-11 10:27:01,43.3579254150391,-8.84472465515137,"Unknown"
"7014851",371865,2025-07-11 10:32:01,43.35791015625,-8.84474182128906,"Unknown"
"7014851",371865,2025-07-11 10:37:01,43.357852935791,-8.84455299377441,"Unknown"
"7014851",371865,2025-07-11 10:42:01,43.3578605651855,-8.84479904174805,"Unknown"
"7014851",371865,2025-07-11 10:47:01,43.357780456543,-8.84472751617432,"Unknown"
"7014851",371865,2025-07-11 10:52:01,43.3579406738281,-8.84480476379395,"Unknown"
"7014851",371865,2025-07-11 10:57:01,43.3580093383789,-8.84480094909668,"Unknown"
"7014851",371865,2025-07-11 11:02:01,43.3579521179199,-8.84488201141357,"Unknown"
"7014851",371865,2025-07-11 11:07:01,43.3581047058105,-8.84482574462891,"Unknown"
"7014851",371865,2025-07-11 11:12:01,43.3578910827637,-8.84511470794678,"Unknown"
"7014851",371865,2025-07-11 11:17:01,43.3578224182129,-8.844970703125,"Unknown"
"7014851",371865,2025-07-11 11:22:01,43.3577003479004,-8.84493064880371,"Unknown"
"7014851",371865,2025-07-11 11:27:06,43.357536315918,-8.84498691558838,"Unknown"
"7014851",371865,2025-07-11 11:32:06,43.3571968078613,-8.8448371887207,"Unknown"
"7014851",371865,2025-07-11 11:37:05,43.3575706481934,-8.84500789642334,"Unknown"
"7014851",371865,2025-07-11 11:42:06,43.357593536377,-8.84498691558838,"Unknown"
"7014851",371865,2025-07-11 11:47:01,43.3573455810547,-8.84502029418945,"Unknown"
"7014851",371865,2025-07-11 11:52:01,43.3574028015137,-8.84492588043213,"Unknown"
"7014851",371865,2025-07-11 11:57:01,43.357364654541,-8.84496021270752,"Unknown"
"7014851",371865,2025-07-11 12:02:03,43.357666015625,-8.84494304656982,"Unknown"
"7014851",371865,2025-07-11 12:07:01,43.3582725524902,-8.84495639801025,"Unknown"
"7014851",371865,2025-07-11 12:12:01,43.3582305908203,-8.84493541717529,"Unknown"
"7014851",371865,2025-07-11 12:17:01,43.3582458496094,-8.84496116638184,"Unknown"
"7014851",371865,2025-07-11 12:22:01,43.3572998046875,-8.84492111206055,"Unknown"
"7014851",371865,2025-07-11 12:27:01,43.3576469421387,-8.8448543548584,"Unknown"
"7014851",371865,2025-07-11 12:32:03,43.3575439453125,-8.84481716156006,"Unknown"
"7014851",371865,2025-07-11 12:37:01,43.3573837280273,-8.84471988677979,"Unknown"
"7014851",371865,2025-07-11 12:42:06,43.3575897216797,-8.84515953063965,"Unknown"
"7014851",371865,2025-07-11 12:47:01,43.3576049804688,-8.84540557861328,"Unknown"
"7014851",371865,2025-07-11 12:52:01,43.3573532104492,-8.8447732925415,"Unknown"
"7014851",371865,2025-07-11 12:57:01,43.3575057983398,-8.84450817108154,"Unknown"
"7014851",371865,2025-07-11 13:02:01,43.3575859069824,-8.84460067749023,"Unknown"
"7014851",371865,2025-07-11 13:07:01,43.3575820922852,-8.84452724456787,"Unknown"
"7014851",371865,2025-07-11 13:12:01,43.3574333190918,-8.84468078613281,"Unknown"
"7014851",371865,2025-07-11 13:17:01,43.3576049804688,-8.84463787078857,"Unknown"
"7014851",371865,2025-07-11 13:22:01,43.3575477600098,-8.84456348419189,"Unknown"
"7014851",371865,2025-07-11 13:27:01,43.357494354248,-8.84478378295898,"Unknown"
"7014851",371865,2025-07-11 13:32:03,43.3575325012207,-8.84457588195801,"Unknown"
"7014851",371865,2025-07-11 13:37:01,43.3580474853516,-8.84491539001465,"Unknown"
"7014851",371865,2025-07-11 13:42:02,43.3580093383789,-8.84482669830322,"Unknown"
"7014851",371865,2025-07-11 13:47:03,43.3577919006348,-8.84544277191162,"Unknown"
"7014851",371865,2025-07-11 13:52:02,43.3579444885254,-8.84515857696533,"Unknown"
"7014851",371865,2025-07-11 13:57:02,43.3580894470215,-8.84518432617188,"Unknown"
"7014851",371865,2025-07-11 14:02:01,43.3579597473145,-8.8451099395752,"Unknown"
"7014851",371865,2025-07-11 14:07:01,43.3580589294434,-8.84513378143311,"Unknown"
"7014851",371865,2025-07-11 14:12:01,43.3579635620117,-8.84522533416748,"Unknown"
"7014851",371865,2025-07-11 14:17:01,43.358039855957,-8.8451509475708,"Unknown"
"7014851",371865,2025-07-11 14:22:01,43.3580665588379,-8.84524726867676,"Unknown"
"7014851",371865,2025-07-11 14:27:00,43.3580131530762,-8.84529304504395,"Unknown"
"7014851",371865,2025-07-11 14:32:00,43.3580093383789,-8.84522342681885,"Unknown"
"7014851",371865,2025-07-11 14:37:00,43.3577880859375,-8.8455982208252,"Unknown"
"7014851",371865,2025-07-11 14:42:00,43.3708763122559,-8.85331535339355,"Unknown"
"7014851",371865,2025-07-11 14:47:01,43.3715896606445,-8.8540678024292,"Unknown"
"7014851",371865,2025-07-11 14:52:00,43.3716506958008,-8.85337066650391,"Unknown"
"7014851",371865,2025-07-11 14:57:01,43.3700714111328,-8.85466766357422,"Unknown"
"7014851",371865,2025-07-11 15:02:00,43.3674926757812,-8.85350513458252,"Unknown"
"7014851",371865,2025-07-11 15:07:01,43.3579902648926,-8.84528064727783,"Unknown"
"7014851",371865,2025-07-11 15:12:02,43.3576393127441,-8.84568500518799,"Unknown"
"7014851",371865,2025-07-11 15:17:02,43.3578834533691,-8.84536933898926,"Unknown"
"7014851",371865,2025-07-11 15:22:01,43.3578872680664,-8.84526538848877,"Unknown"
"7014851",371865,2025-07-11 15:27:01,43.3581962585449,-8.84493732452393,"Unknown"
"7014851",371865,2025-07-11 15:32:02,43.3577575683594,-8.84529399871826,"Unknown"
"7014851",371865,2025-07-11 15:37:01,43.3578567504883,-8.84528827667236,"Unknown"
"7014851",371865,2025-07-11 15:42:01,43.3577423095703,-8.84537410736084,"Unknown"
"7014851",371865,2025-07-11 15:47:00,43.3577156066895,-8.84532356262207,"Unknown"
"7014851",371865,2025-07-11 15:52:01,43.3576126098633,-8.84535789489746,"Unknown"
"7014851",371865,2025-07-11 15:57:01,43.3576126098633,-8.84518051147461,"Unknown"
"7014851",371865,2025-07-11 16:02:01,43.3574638366699,-8.84508228302002,"Unknown"
"7014851",371865,2025-07-11 16:07:01,43.3574829101562,-8.84513759613037,"Unknown"
"7014851",371865,2025-07-11 16:12:01,43.3573379516602,-8.84500694274902,"Unknown"
"7014851",371865,2025-07-11 16:17:01,43.3573951721191,-8.84501457214355,"Unknown"
"7014851",371865,2025-07-11 16:22:01,43.3572807312012,-8.84483623504639,"Unknown"
"7014851",371865,2025-07-11 16:27:01,43.3571434020996,-8.84469985961914,"Unknown"
"7014851",371865,2025-07-11 16:32:01,43.3571090698242,-8.84459590911865,"Unknown"
"7014851",371865,2025-07-11 16:37:01,43.3568572998047,-8.84403133392334,"Unknown"
"7014851",371865,2025-07-11 16:42:01,43.3568878173828,-8.84418869018555,"Unknown"
"7014851",371865,2025-07-11 16:47:01,43.3568305969238,-8.84412097930908,"Unknown"
"7014851",371865,2025-07-11 16:52:01,43.35693359375,-8.84424591064453,"Unknown"
"7014851",371865,2025-07-11 16:57:09,43.357837677002,-8.8450813293457,"Unknown"
"7014851",371865,2025-07-11 17:02:01,43.3580207824707,-8.84514141082764,"Unknown"
"7014851",371865,2025-07-11 17:07:01,43.358081817627,-8.8450756072998,"Unknown"
"7014851",371865,2025-07-11 17:12:01,43.3580665588379,-8.84502792358398,"Unknown"
"7014851",371865,2025-07-11 17:17:01,43.3580627441406,-8.84529590606689,"Unknown"
"7014851",371865,2025-07-11 17:22:04,43.3579521179199,-8.8449878692627,"Unknown"
"7014851",371865,2025-07-11 17:27:02,43.3579292297363,-8.84513378143311,"Unknown"
"7014851",371865,2025-07-11 17:32:00,43.3578491210938,-8.84482383728027,"Unknown"
"7014851",371865,2025-07-11 17:37:06,43.3577346801758,-8.84527206420898,"Unknown"
"7014851",371865,2025-07-11 17:42:00,43.3605155944824,-8.8474178314209,"Unknown"
"7014851",371865,2025-07-11 17:47:00,43.3579139709473,-8.84397792816162,"Unknown"
"7014851",371865,2025-07-11 17:52:00,43.3577079772949,-8.84356594085693,"Unknown"
"7014851",371865,2025-07-11 17:57:04,43.3592185974121,-8.8565845489502,"Unknown"
"7014851",371865,2025-07-11 18:02:01,43.3608093261719,-8.8622465133667,"Unknown"
"7014851",371865,2025-07-11 18:07:01,43.350227355957,-8.86298084259033,"Unknown"
"7014851",371865,2025-07-11 18:12:08,43.3589820861816,-8.84657859802246,"Unknown"
"7014851",371865,2025-07-11 18:17:03,43.3582077026367,-8.84561347961426,"Unknown"
"7014851",371865,2025-07-11 18:22:04,43.3579864501953,-8.84535217285156,"Unknown"
"7014851",371865,2025-07-11 18:27:09,43.3581199645996,-8.8453483581543,"Unknown"
"7014851",371865,2025-07-11 18:32:04,43.3576812744141,-8.8454647064209,"Unknown"
"7014851",371865,2025-07-11 18:37:09,43.3579368591309,-8.84533405303955,"Unknown"
"7014851",371865,2025-07-11 18:42:04,43.3578605651855,-8.84533309936523,"Unknown"
"7014851",371865,2025-07-11 18:47:02,43.3580169677734,-8.8453311920166,"Unknown"
"7014851",371865,2025-07-11 18:52:04,43.3583564758301,-8.84537315368652,"Unknown"
"7014851",371865,2025-07-11 18:57:02,43.3579559326172,-8.84531116485596,"Unknown"
"7014851",371865,2025-07-11 19:02:03,43.3580017089844,-8.8452844619751,"Unknown"
"7014851",371865,2025-07-11 19:07:01,43.3580474853516,-8.84529495239258,"Unknown"
"7014851",371865,2025-07-11 19:12:03,43.3579978942871,-8.84532737731934,"Unknown"
"7014851",371865,2025-07-11 19:17:00,43.3580284118652,-8.84525203704834,"Unknown"
"7014851",371865,2025-07-11 19:22:01,43.358039855957,-8.84525108337402,"Unknown"
"7014851",371865,2025-07-11 19:27:01,43.3581809997559,-8.84530925750732,"Unknown"
"7014851",371865,2025-07-11 19:32:01,43.3581352233887,-8.845383644104,"Unknown"
"7014851",371865,2025-07-11 19:37:06,43.3582153320312,-8.8453311920166,"Unknown"
"7014851",371865,2025-07-11 19:42:01,43.3583526611328,-8.84542465209961,"Unknown"
"7014851",371865,2025-07-11 19:47:03,43.3585433959961,-8.84554958343506,"Unknown"
"7014851",371865,2025-07-11 19:52:01,43.3582725524902,-8.84543704986572,"Unknown"
"7014851",371865,2025-07-11 19:57:05,43.3584365844727,-8.84555816650391,"Unknown"
"7014851",371865,2025-07-11 20:02:14,43.3579559326172,-8.84525394439697,"Unknown"
"7014851",371865,2025-07-11 20:07:12,43.357795715332,-8.8452844619751,"Unknown"
"7014851",371865,2025-07-11 20:12:19,43.357795715332,-8.84536266326904,"Unknown"
"7014851",371865,2025-07-11 20:17:02,43.357837677002,-8.84538078308105,"Unknown"
"7014851",371865,2025-07-11 20:22:00,43.3583984375,-8.84514904022217,"Unknown"
"7014851",371865,2025-07-11 20:27:01,43.3582763671875,-8.84523010253906,"Unknown"
"7014851",371865,2025-07-11 20:32:07,43.3566703796387,-8.84423446655273,"Unknown"
"7014851",371865,2025-07-11 20:37:06,43.3575859069824,-8.84492778778076,"Unknown"
"7014851",371865,2025-07-11 20:42:03,43.3575210571289,-8.84492301940918,"Unknown"
"7014851",371865,2025-07-11 20:47:03,43.3574447631836,-8.84485721588135,"Unknown"
"7014851",371865,2025-07-11 20:52:01,43.3574066162109,-8.84469795227051,"Unknown"
"7014851",371865,2025-07-11 20:57:01,43.3577041625977,-8.84483432769775,"Unknown"
"7014851",371865,2025-07-11 21:02:01,43.3673324584961,-8.85468482971191,"Unknown"
"7014851",371865,2025-07-11 21:07:11,43.3591499328613,-8.84774971008301,"Unknown"
"7014851",371865,2025-07-11 21:12:03,43.3576354980469,-8.84490203857422,"Unknown"
"7014851",371865,2025-07-11 21:17:01,43.3576469421387,-8.844895362854,"Unknown"
"7014851",371865,2025-07-11 21:22:04,43.357421875,-8.84473705291748,"Unknown"
"7014851",371865,2025-07-11 21:27:01,43.3573799133301,-8.84499263763428,"Unknown"
"7014851",371865,2025-07-11 21:32:01,43.3571701049805,-8.84494304656982,"Unknown"
"7014851",371865,2025-07-11 21:37:01,43.3570594787598,-8.84519577026367,"Unknown"
"7014851",371865,2025-07-11 21:42:03,43.3570899963379,-8.84517478942871,"Unknown"
"7014851",371865,2025-07-11 21:47:01,43.357048034668,-8.84514808654785,"Unknown"
"7014851",371865,2025-07-11 21:52:01,43.3571128845215,-8.84512138366699,"Unknown"
"7014851",371865,2025-07-11 21:57:01,43.3570022583008,-8.84503841400146,"Unknown"
"7014851",371865,2025-07-11 22:02:01,43.3570671081543,-8.84504795074463,"Unknown"
"7014851",371865,2025-07-11 22:07:01,43.3570518493652,-8.84504318237305,"Unknown"
"7014851",371865,2025-07-11 22:12:01,43.3570823669434,-8.84495639801025,"Unknown"
"7014851",371865,2025-07-11 22:17:01,43.3570098876953,-8.84494972229004,"Unknown"
"7014851",371865,2025-07-11 22:22:02,43.3573760986328,-8.84492015838623,"Unknown"
"7014851",371865,2025-07-11 22:27:02,43.3571090698242,-8.84488582611084,"Unknown"
"7014851",371865,2025-07-11 22:32:09,43.357105255127,-8.84484481811523,"Unknown"
"7014851",371865,2025-07-11 22:37:01,43.3573379516602,-8.84479236602783,"Unknown"
"7014851",371865,2025-07-11 22:42:06,43.3573188781738,-8.84485530853271,"Unknown"
"7014851",371865,2025-07-11 22:47:04,43.3573722839355,-8.84492683410645,"Unknown"
"7014851",371865,2025-07-11 22:52:07,43.3574485778809,-8.84496974945068,"Unknown"
"7014851",371865,2025-07-11 22:57:08,43.3574562072754,-8.84496784210205,"Unknown"
"7014851",371865,2025-07-11 23:02:01,43.3577156066895,-8.84494686126709,"Unknown"
"7014851",371865,2025-07-11 23:07:01,43.3577461242676,-8.84498310089111,"Unknown"
"7014851",371865,2025-07-11 23:12:01,43.3577728271484,-8.84500694274902,"Unknown"
"7014851",371865,2025-07-11 23:17:02,43.3579635620117,-8.84511566162109,"Unknown"
"7014851",371865,2025-07-11 23:22:01,43.3579444885254,-8.84515571594238,"Unknown"
"7014851",371865,2025-07-11 23:27:04,43.3579902648926,-8.84523963928223,"Unknown"
"7014851",371865,2025-07-11 23:32:01,43.3577651977539,-8.84504699707031,"Unknown"
"7014851",371865,2025-07-11 23:37:08,43.3577919006348,-8.84512233734131,"Unknown"
"7014851",371865,2025-07-11 23:42:01,43.35791015625,-8.84522247314453,"Unknown"
"7014851",371865,2025-07-11 23:47:01,43.3576927185059,-8.84521865844727,"Unknown"
"7014851",371865,2025-07-11 23:52:01,43.3576354980469,-8.84517955780029,"Unknown"
"7014851",371865,2025-07-11 23:57:02,43.3576889038086,-8.84520816802979,"Unknown"
"7014851",371865,2025-07-12 00:02:02,43.3577308654785,-8.84523677825928,"Unknown"
"7014851",371865,2025-07-12 00:07:01,43.3576393127441,-8.84524536132812,"Unknown"
"7014851",371865,2025-07-12 00:12:01,43.3576583862305,-8.84518146514893,"Unknown"
"7014851",371865,2025-07-12 00:17:09,43.3576965332031,-8.84542655944824,"Unknown"
"7014851",371865,2025-07-12 00:22:07,43.3576965332031,-8.84544849395752,"Unknown"
"7014851",371865,2025-07-12 00:27:03,43.3576049804688,-8.84537315368652,"Unknown"
"7014851",371865,2025-07-12 00:32:07,43.3577690124512,-8.8452091217041,"Unknown"
"7014851",371865,2025-07-12 00:37:03,43.3576393127441,-8.84507179260254,"Unknown"
"7014851",371865,2025-07-12 00:42:03,43.3576354980469,-8.84507369995117,"Unknown"
"7014851",371865,2025-07-12 00:47:03,43.3577346801758,-8.84500789642334,"Unknown"
"7014851",371865,2025-07-12 00:52:01,43.3576545715332,-8.84492969512939,"Unknown"
"7014851",371865,2025-07-12 00:57:05,43.3576049804688,-8.8446626663208,"Unknown"
"7014851",371865,2025-07-12 01:02:10,43.3576126098633,-8.84501838684082,"Unknown"
"7014851",371865,2025-07-12 01:07:02,43.3577575683594,-8.84470176696777,"Unknown"
"7014851",371865,2025-07-12 01:12:01,43.3565521240234,-8.84389114379883,"Unknown"
"7014851",371865,2025-07-12 01:17:00,43.3569564819336,-8.84438228607178,"Unknown"
"7014851",371865,2025-07-12 01:22:01,43.3571586608887,-8.84454250335693,"Unknown"
"7014851",371865,2025-07-12 01:27:01,43.3566551208496,-8.84385395050049,"Unknown"
"7014851",371865,2025-07-12 01:32:01,43.3576965332031,-8.84508609771729,"Unknown"
"7014851",371865,2025-07-12 01:37:01,43.3576889038086,-8.84518241882324,"Unknown"
"7014851",371865,2025-07-12 01:42:02,43.3567047119141,-8.84323024749756,"Unknown"
"7014851",371865,2025-07-12 01:47:03,43.3559379577637,-8.84195995330811,"Unknown"
"7014851",371865,2025-07-12 01:52:07,43.3578033447266,-8.84524250030518,"Unknown"
"7014851",371865,2025-07-12 01:57:05,43.357795715332,-8.84522914886475,"Unknown"
"7014851",371865,2025-07-12 02:02:03,43.357738494873,-8.8452730178833,"Unknown"
"7014851",371865,2025-07-12 02:07:01,43.357723236084,-8.84527206420898,"Unknown"
"7014851",371865,2025-07-12 02:12:08,43.3571243286133,-8.84535598754883,"Unknown"
"7014851",371865,2025-07-12 02:17:03,43.3575096130371,-8.84529876708984,"Unknown"
"7014851",371865,2025-07-12 02:22:03,43.3576736450195,-8.84520721435547,"Unknown"
"7014851",371865,2025-07-12 02:27:05,43.3576011657715,-8.84525012969971,"Unknown"
"7014851",371865,2025-07-12 02:32:06,43.357234954834,-8.84538269042969,"Unknown"
"7014851",371865,2025-07-12 02:37:07,43.3573150634766,-8.84539222717285,"Unknown"
"7014851",371865,2025-07-12 02:42:07,43.357364654541,-8.84535503387451,"Unknown"
"7014851",371865,2025-07-12 02:47:07,43.3573760986328,-8.84538459777832,"Unknown"
"7014851",371865,2025-07-12 02:52:06,43.357364654541,-8.84541320800781,"Unknown"
"7014851",371865,2025-07-12 02:57:05,43.3573760986328,-8.84543895721436,"Unknown"
"7014851",371865,2025-07-12 03:02:04,43.3573875427246,-8.84545707702637,"Unknown"
"7014851",371865,2025-07-12 03:07:04,43.3574180603027,-8.84539413452148,"Unknown"
"7014851",371865,2025-07-12 03:12:03,43.3574371337891,-8.84543228149414,"Unknown"
"7014851",371865,2025-07-12 03:17:11,43.3573913574219,-8.84551906585693,"Unknown"
"7014851",371865,2025-07-12 03:22:06,43.3573913574219,-8.84549999237061,"Unknown"
"7014851",371865,2025-07-12 03:27:01,43.3574714660645,-8.84552955627441,"Unknown"
"7014851",371865,2025-07-12 03:32:07,43.357608795166,-8.84511566162109,"Unknown"
"7014851",371865,2025-07-12 03:37:04,43.3576240539551,-8.84467792510986,"Unknown"
"7014851",371865,2025-07-12 03:42:03,43.3575973510742,-8.84516334533691,"Unknown"
"7014851",371865,2025-07-12 03:47:06,43.3575630187988,-8.84544277191162,"Unknown"
"7014851",371865,2025-07-12 03:52:01,43.3576240539551,-8.84488105773926,"Unknown"
"7014851",371865,2025-07-12 03:57:03,43.3655090332031,-8.85231399536133,"Unknown"
"7014851",371865,2025-07-12 04:02:00,43.3677787780762,-8.85190868377686,"Unknown"
"7014851",371865,2025-07-12 04:07:06,43.3678321838379,-8.85270881652832,"Unknown"
"7014851",371865,2025-07-12 04:12:04,43.3611793518066,-8.84925746917725,"Unknown"
"7014851",371865,2025-07-12 04:17:06,43.3573608398438,-8.84541797637939,"Unknown"
"7014851",371865,2025-07-12 04:22:12,43.3574485778809,-8.84517383575439,"Unknown"
"7014851",371865,2025-07-12 04:27:12,43.3573989868164,-8.84528160095215,"Unknown"
"7014851",371865,2025-07-12 04:32:08,43.3575019836426,-8.84517097473145,"Unknown"
"7014851",371865,2025-07-12 04:37:07,43.357349395752,-8.84543418884277,"Unknown"
"7014851",371865,2025-07-12 04:42:05,43.3573875427246,-8.84530162811279,"Unknown"
"7014851",371865,2025-07-12 04:47:03,43.3573684692383,-8.84532642364502,"Unknown"
"7014851",371865,2025-07-12 04:52:04,43.3573112487793,-8.84534168243408,"Unknown"
"7014851",371865,2025-07-12 04:57:03,43.3563346862793,-8.84457588195801,"Unknown"
"7014851",371865,2025-07-12 05:02:03,43.3502426147461,-8.84421920776367,"Unknown"
"7014851",371865,2025-07-12 05:07:04,43.3347244262695,-8.85893821716309,"Unknown"
"7014851",371865,2025-07-12 05:12:01,43.3156433105469,-8.85794448852539,"Unknown"
"7014851",371865,2025-07-12 05:17:03,43.3143653869629,-8.85740852355957,"Unknown"
"7014851",371865,2025-07-12 05:22:01,43.3144645690918,-8.8574743270874,"Unknown"
"7014851",371865,2025-07-12 05:27:01,43.3144721984863,-8.85754489898682,"Unknown"
"7014851",371865,2025-07-12 05:32:04,43.3139839172363,-8.85776329040527,"Unknown"
"7014851",371865,2025-07-12 05:37:09,43.3137855529785,-8.85766506195068,"Unknown"
"7014851",371865,2025-07-12 05:42:05,43.3133277893066,-8.85808658599854,"Unknown"
"7014851",371865,2025-07-12 05:47:00,43.3135299682617,-8.85787868499756,"Unknown"
"7014851",371865,2025-07-12 05:52:05,43.313362121582,-8.85802268981934,"Unknown"
"7014851",371865,2025-07-12 05:57:00,43.3214416503906,-8.85976219177246,"Unknown"
"7014851",371865,2025-07-12 06:02:00,43.3483619689941,-8.85946655273438,"Unknown"
"7014851",371865,2025-07-12 06:07:00,43.3528060913086,-8.85709667205811,"Unknown"
"7014851",371865,2025-07-12 06:12:06,43.3575325012207,-8.84552097320557,"Unknown"
"7014851",371865,2025-07-12 06:17:07,43.3574371337891,-8.84567832946777,"Unknown"
"7014851",371865,2025-07-12 06:22:01,43.3575057983398,-8.84554672241211,"Unknown"
"7014851",371865,2025-07-12 06:27:01,43.3575057983398,-8.84547996520996,"Unknown"
"7014851",371865,2025-07-12 06:32:00,43.3574829101562,-8.84556007385254,"Unknown"
"7014851",371865,2025-07-12 06:37:00,43.3576202392578,-8.84548568725586,"Unknown"
"7014851",371865,2025-07-12 06:42:04,43.3575439453125,-8.845534324646,"Unknown"
"7014851",371865,2025-07-12 06:47:04,43.3576774597168,-8.8454065322876,"Unknown"
"7014851",371865,2025-07-12 06:52:03,43.3575401306152,-8.84548377990723,"Unknown"
"7014851",371865,2025-07-12 06:57:04,43.357551574707,-8.84542369842529,"Unknown"
"7014851",371865,2025-07-12 07:02:01,43.357738494873,-8.84534740447998,"Unknown"
"7014851",371865,2025-07-12 07:07:03,43.3577575683594,-8.8452730178833,"Unknown"
"7014851",371865,2025-07-12 07:12:03,43.357494354248,-8.8454065322876,"Unknown"
"7014851",371865,2025-07-12 07:17:05,43.3578414916992,-8.84528541564941,"Unknown"
"7014851",371865,2025-07-12 07:22:06,43.3579025268555,-8.84512996673584,"Unknown"
"7014851",371865,2025-07-12 07:27:10,43.3574333190918,-8.84526920318604,"Unknown"
"7014851",371865,2025-07-12 07:32:01,43.3579139709473,-8.84500408172607,"Unknown"
"7014851",371865,2025-07-12 07:37:01,43.3577346801758,-8.84541416168213,"Unknown"
"7014851",371865,2025-07-12 07:42:02,43.3573989868164,-8.84512615203857,"Unknown"
"7014851",371865,2025-07-12 07:47:01,43.3578224182129,-8.84529781341553,"Unknown"
"7014851",371865,2025-07-12 07:52:00,43.357006072998,-8.84442520141602,"Unknown"
"7014851",371865,2025-07-12 07:57:06,43.3579597473145,-8.84526824951172,"Unknown"
"7014851",371865,2025-07-12 08:02:10,43.3574676513672,-8.84519481658936,"Unknown"
"7014851",371865,2025-07-12 08:07:07,43.3575286865234,-8.8450984954834,"Unknown"
"7014851",371865,2025-07-12 08:12:01,43.3575782775879,-8.84513568878174,"Unknown"
"7014851",371865,2025-07-12 08:17:01,43.3575286865234,-8.84507846832275,"Unknown"
"7014851",371865,2025-07-12 08:22:03,43.3575668334961,-8.84509181976318,"Unknown"
"7014851",371865,2025-07-12 08:27:09,43.357593536377,-8.84508609771729,"Unknown"
"7014851",371865,2025-07-12 08:32:04,43.3576469421387,-8.8450870513916,"Unknown"
"7014851",371865,2025-07-12 08:37:07,43.3578910827637,-8.84496307373047,"Unknown"
"7014851",371865,2025-07-12 08:42:06,43.3600959777832,-8.84722518920898,"Unknown"
"7014851",371865,2025-07-12 08:47:29,43.3616676330566,-8.88112258911133,"Unknown"
"7014851",371865,2025-07-12 08:52:01,43.3638229370117,-8.91135692596436,"Unknown"
"7014851",371865,2025-07-12 08:57:04,43.3450698852539,-8.92207050323486,"Unknown"
"7014851",371865,2025-07-12 09:02:14,43.3406028747559,-8.92754936218262,"Unknown"
"7014851",371865,2025-07-12 09:07:06,43.3382301330566,-8.93145275115967,"Unknown"
"7014851",371865,2025-07-12 09:12:04,43.3372535705566,-8.93162059783936,"Unknown"
"7014851",371865,2025-07-12 09:17:10,43.3371658325195,-8.92984199523926,"Unknown"
"7014851",371865,2025-07-12 09:22:00,43.3368377685547,-8.92942523956299,"Unknown"
"7014851",371865,2025-07-12 09:27:00,43.3364753723145,-8.92860507965088,"Unknown"
"7014851",371865,2025-07-12 09:32:01,43.3307762145996,-8.93940162658691,"Unknown"
"7014851",371865,2025-07-12 09:37:03,43.3133354187012,-8.93936347961426,"Unknown"
"7014851",371865,2025-07-12 09:42:01,43.3135528564453,-8.93819522857666,"Unknown"
"7014851",371865,2025-07-12 09:47:09,43.3114242553711,-8.93710899353027,"Unknown"
"7014851",371865,2025-07-12 09:52:06,43.3104362487793,-8.93692016601562,"Unknown"
"7014851",371865,2025-07-12 09:57:09,43.310489654541,-8.93653202056885,"Unknown"
"7014851",371865,2025-07-12 10:02:06,43.3233299255371,-8.93317222595215,"Unknown"
"7014851",371865,2025-07-12 10:07:11,43.3299598693848,-8.93000602722168,"Unknown"
"7014851",371865,2025-07-12 10:12:11,43.33203125,-8.92231559753418,"Unknown"
"7014851",371865,2025-07-12 10:17:04,43.3314018249512,-8.92112159729004,"Unknown"
"7014851",371865,2025-07-12 10:21:59,43.3320503234863,-8.89101314544678,"Unknown"
"7014851",371865,2025-07-12 10:27:01,43.3301200866699,-8.88793468475342,"Unknown"
"7014851",371865,2025-07-12 10:32:01,43.3359718322754,-8.89003276824951,"Unknown"
"7014851",371865,2025-07-12 10:37:03,43.3326568603516,-8.866379737854,"Unknown"
"7014851",371865,2025-07-12 10:42:09,43.3320617675781,-8.86478996276855,"Unknown"
"7014851",371865,2025-07-12 10:47:04,43.3320465087891,-8.86371994018555,"Unknown"
"7014851",371865,2025-07-12 10:52:34,43.3587379455566,-8.84619331359863,"Unknown"
"7014851",371865,2025-07-12 10:57:07,43.3576965332031,-8.84506225585938,"Unknown"
"7014851",371865,2025-07-12 11:02:30,43.3573455810547,-8.84486770629883,"Unknown"
"7014851",371865,2025-07-12 11:06:59,43.358757019043,-8.84535884857178,"Unknown"
"7014851",371865,2025-07-12 11:12:05,43.3578948974609,-8.84514141082764,"Unknown"
"7014851",371865,2025-07-12 11:17:14,43.3571968078613,-8.84495544433594,"Unknown"
"7014851",371865,2025-07-12 11:22:06,43.3573379516602,-8.84491062164307,"Unknown"
"7014851",371865,2025-07-12 11:27:05,43.3575553894043,-8.84486961364746,"Unknown"
"7014851",371865,2025-07-12 11:32:07,43.3574676513672,-8.84476852416992,"Unknown"
"7014851",371865,2025-07-12 11:37:01,43.3575210571289,-8.84497356414795,"Unknown"
"7014851",371865,2025-07-12 11:42:06,43.357536315918,-8.84493160247803,"Unknown"
"7014851",371865,2025-07-12 11:46:59,43.3581657409668,-8.84488391876221,"Unknown"
"7014851",371865,2025-07-12 11:52:06,43.3576850891113,-8.84444808959961,"Unknown"
"7014851",371865,2025-07-12 11:57:03,43.357608795166,-8.84441661834717,"Unknown"
"7014851",371865,2025-07-12 12:02:07,43.357593536377,-8.84427261352539,"Unknown"
"7014851",371865,2025-07-12 12:07:09,43.3574867248535,-8.84432697296143,"Unknown"
"7014851",371865,2025-07-12 12:12:14,43.3578720092773,-8.84505558013916,"Unknown"
"7014851",371865,2025-07-12 12:17:01,43.357738494873,-8.8441333770752,"Unknown"
"7014851",371865,2025-07-12 12:22:02,43.3578987121582,-8.84486484527588,"Unknown"
"7014851",371865,2025-07-12 12:27:04,43.3578109741211,-8.84453964233398,"Unknown"
"7014851",371865,2025-07-12 12:32:01,43.3577308654785,-8.84446907043457,"Unknown"
"7014851",371865,2025-07-12 12:36:59,43.3577499389648,-8.84513664245605,"Unknown"
"7014851",371865,2025-07-12 12:42:08,43.3575592041016,-8.84433174133301,"Unknown"
"7014851",371865,2025-07-12 12:47:20,43.3794822692871,-8.85197734832764,"Unknown"
"7014851",371865,2025-07-12 12:52:07,43.3881797790527,-8.84758853912354,"Unknown"
"7014851",371865,2025-07-12 12:57:03,43.3945732116699,-8.84602069854736,"Unknown"
"7014851",371865,2025-07-12 13:02:03,43.4198608398438,-8.85938835144043,"Unknown"
"7014851",371865,2025-07-12 13:06:59,43.4449996948242,-8.8746223449707,"Unknown"
"7014851",371865,2025-07-12 13:12:48,43.4761276245117,-8.89502239227295,"Unknown"
"7014851",371865,2025-07-12 13:17:52,43.5082321166992,-8.90725898742676,"Unknown"
"7014851",371865,2025-07-12 13:27:34,43.5232048034668,-8.95341014862061,"Unknown"
"7014851",371865,2025-07-12 13:32:04,43.513614654541,-8.96763038635254,"Unknown"
"7014851",371865,2025-07-12 13:36:58,43.5003967285156,-8.98553943634033,"Unknown"
"7014851",371865,2025-07-12 13:41:58,43.4867820739746,-9.0049524307251,"Unknown"
"7014851",371865,2025-07-12 13:46:59,43.474723815918,-9.03031730651855,"Unknown"
"7014851",371865,2025-07-12 13:51:59,43.464771270752,-9.05625152587891,"Unknown"
"7014851",371865,2025-07-12 13:56:59,43.4544372558594,-9.08472061157227,"Unknown"
"7014851",371865,2025-07-12 14:01:59,43.4411392211914,-9.1079568862915,"Unknown"
"7014851",371865,2025-07-12 14:07:05,43.4405250549316,-9.1081714630127,"Unknown"
"7014851",371865,2025-07-12 14:12:15,43.4396667480469,-9.10871601104736,"Unknown"
"7014851",371865,2025-07-12 14:16:59,43.428524017334,-9.13548755645752,"Unknown"
"7014851",371865,2025-07-12 14:22:15,43.4195556640625,-9.14109420776367,"Unknown"
"7014851",371865,2025-07-12 14:27:02,43.4195556640625,-9.14140033721924,"Unknown"
"7014851",371865,2025-07-12 14:32:04,43.4199180603027,-9.14165210723877,"Unknown"
"7014851",371865,2025-07-12 14:37:09,43.4202499389648,-9.14195251464844,"Unknown"
"7014851",371865,2025-07-12 14:42:05,43.4203491210938,-9.14207458496094,"Unknown"
"7014851",371865,2025-07-12 14:47:44,43.4204025268555,-9.14244842529297,"Unknown"
"7014851",371865,2025-07-12 14:53:05,43.4201622009277,-9.14250946044922,"Unknown"
"7014851",371865,2025-07-12 14:56:59,43.419807434082,-9.14267539978027,"Unknown"
"7014851",371865,2025-07-12 15:02:07,43.4198226928711,-9.1426830291748,"Unknown"
"7014851",371865,2025-07-12 15:07:01,43.4211883544922,-9.13832569122314,"Unknown"
"7014851",371865,2025-07-12 15:12:07,43.4294967651367,-9.11578369140625,"Unknown"
"7014851",371865,2025-07-12 15:17:01,43.4195594787598,-9.12096118927002,"Unknown"
"7014851",371865,2025-07-12 15:22:05,43.4039611816406,-9.13340282440186,"Unknown"
"7014851",371865,2025-07-12 15:27:00,43.3849830627441,-9.13832092285156,"Unknown"
"7014851",371865,2025-07-12 15:32:35,43.3596878051758,-9.12435245513916,"Unknown"
"7014851",371865,2025-07-12 15:37:09,43.3429183959961,-9.09385871887207,"Unknown"
"7014851",371865,2025-07-12 15:42:08,43.331371307373,-9.04490184783936,"Unknown"
"7014851",371865,2025-07-12 15:47:17,43.3307723999023,-8.97657299041748,"Unknown"
"7014851",371865,2025-07-12 15:51:58,43.3302154541016,-8.91561031341553,"Unknown"
"7014851",371865,2025-07-12 15:57:04,43.3380432128906,-8.85037517547607,"Unknown"
"7014851",371865,2025-07-12 16:02:07,43.3494186401367,-8.84420871734619,"Unknown"
"7014851",371865,2025-07-12 16:07:04,43.3524589538574,-8.82811641693115,"Unknown"
"7014851",371865,2025-07-12 16:11:59,43.3419342041016,-8.82272624969482,"Unknown"
"7014851",371865,2025-07-12 16:17:00,43.3256530761719,-8.79880714416504,"Unknown"
"7014851",371865,2025-07-12 16:22:00,43.3112983703613,-8.76010513305664,"Unknown"
"7014851",371865,2025-07-12 16:27:02,43.2928314208984,-8.72544479370117,"Unknown"
"7014851",371865,2025-07-12 16:38:22,43.2907943725586,-8.6986141204834,"Unknown"
"7014851",371865,2025-07-12 16:42:44,43.2803764343262,-8.69465732574463,"Unknown"
"7014851",371865,2025-07-12 16:47:00,43.2683639526367,-8.66619110107422,"Unknown"
"7014851",371865,2025-07-12 16:52:01,43.2499656677246,-8.63415813446045,"Unknown"
"7014851",371865,2025-07-12 16:56:58,43.2288513183594,-8.61277675628662,"Unknown"
"7014851",371865,2025-07-12 17:02:00,43.2132339477539,-8.59952545166016,"Unknown"
"7014851",371865,2025-07-12 17:06:59,43.205078125,-8.59121990203857,"Unknown"
"7014851",371865,2025-07-12 17:11:58,43.1736450195312,-8.55817794799805,"Unknown"
"7014851",371865,2025-07-12 17:17:14,43.1494102478027,-8.52499675750732,"Unknown"
"7014851",371865,2025-07-12 17:22:00,43.1335563659668,-8.48222255706787,"Unknown"
"7014851",371865,2025-07-12 17:27:03,43.130199432373,-8.47173118591309,"Unknown"
"7014851",371865,2025-07-12 17:32:11,43.1305923461914,-8.47104740142822,"Unknown"
"7014851",371865,2025-07-12 17:37:59,43.1305694580078,-8.47081851959229,"Unknown"
"7014851",371865,2025-07-12 17:42:01,43.1306495666504,-8.47107982635498,"Unknown"
"7014851",371865,2025-07-12 17:47:01,43.1306457519531,-8.47107887268066,"Unknown"
"7014851",371865,2025-07-12 17:51:58,43.1306190490723,-8.47100353240967,"Unknown"
"7014851",371865,2025-07-12 17:57:07,43.1306228637695,-8.47092342376709,"Unknown"
"7014851",371865,2025-07-12 18:01:57,43.130615234375,-8.47097778320312,"Unknown"
"7014851",371865,2025-07-12 18:07:06,43.1305770874023,-8.47096729278564,"Unknown"
"7014851",371865,2025-07-12 18:12:04,43.1305160522461,-8.47101211547852,"Unknown"
"7014851",371865,2025-07-12 18:16:59,43.1325187683105,-8.46908569335938,"Unknown"
"7014851",371865,2025-07-12 18:22:06,43.1329879760742,-8.46962451934814,"Unknown"
"7014851",371865,2025-07-12 18:26:59,43.1331443786621,-8.46979522705078,"Unknown"
"7014851",371865,2025-07-12 18:32:11,43.133113861084,-8.46968555450439,"Unknown"
"7014851",371865,2025-07-12 18:37:26,43.132999420166,-8.46966552734375,"Unknown"
"7014851",371865,2025-07-12 18:42:08,43.1325912475586,-8.46968269348145,"Unknown"
"7014851",371865,2025-07-12 18:47:10,43.1327323913574,-8.46968555450439,"Unknown"
"7014851",371865,2025-07-12 18:52:03,43.1442794799805,-8.4804573059082,"Unknown"
"7014851",371865,2025-07-12 18:57:01,43.1541175842285,-8.49380493164062,"Unknown"
"7014851",371865,2025-07-12 19:02:03,43.1619110107422,-8.50893974304199,"Unknown"
"7014851",371865,2025-07-12 19:07:01,43.1752548217773,-8.54002094268799,"Unknown"
"7014851",371865,2025-07-12 19:12:06,43.1907958984375,-8.56884670257568,"Unknown"
"7014851",371865,2025-07-12 19:17:06,43.2124214172363,-8.59923648834229,"Unknown"
"7014851",371865,2025-07-12 19:22:14,43.234016418457,-8.6297082901001,"Unknown"
"7014851",371865,2025-07-12 19:27:01,43.2608680725098,-8.64548110961914,"Unknown"
"7014851",371865,2025-07-12 19:32:15,43.285213470459,-8.67272853851318,"Unknown"
"7014851",371865,2025-07-12 19:37:06,43.2922096252441,-8.69693470001221,"Unknown"
"7014851",371865,2025-07-12 19:42:01,43.2996978759766,-8.72005558013916,"Unknown"
"7014851",371865,2025-07-12 19:47:11,43.3116607666016,-8.76418685913086,"Unknown"
"7014851",371865,2025-07-12 19:51:57,43.3312110900879,-8.79376316070557,"Unknown"
"7014851",371865,2025-07-12 19:56:57,43.349910736084,-8.82394599914551,"Unknown"
"7014851",371865,2025-07-12 20:02:06,43.3575248718262,-8.84499549865723,"Unknown"
"7014851",371865,2025-07-12 20:07:06,43.3575401306152,-8.84507465362549,"Unknown"
"7014851",371865,2025-07-12 20:12:06,43.3575134277344,-8.84499740600586,"Unknown"
"7014851",371865,2025-07-12 20:17:09,43.3574638366699,-8.84493827819824,"Unknown"
"7014851",371865,2025-07-12 20:22:03,43.3575248718262,-8.84496116638184,"Unknown"
"7014851",371865,2025-07-12 20:27:03,43.357479095459,-8.84496593475342,"Unknown"
"7014851",371865,2025-07-12 20:32:14,43.3574981689453,-8.8450231552124,"Unknown"
"7014851",371865,2025-07-12 20:37:07,43.357967376709,-8.84515762329102,"Unknown"
"7014851",371865,2025-07-12 20:42:05,43.3575134277344,-8.84500503540039,"Unknown"
"7014851",371865,2025-07-12 20:47:15,43.357536315918,-8.84491920471191,"Unknown"
"7014851",371865,2025-07-12 20:52:06,43.3575897216797,-8.84502220153809,"Unknown"
"7014851",371865,2025-07-12 20:57:00,43.3575744628906,-8.84495639801025,"Unknown"
"7014851",371865,2025-07-12 21:02:05,43.3574066162109,-8.84480094909668,"Unknown"
"7014851",371865,2025-07-12 21:07:15,43.3573722839355,-8.84453010559082,"Unknown"
"7014851",371865,2025-07-12 21:12:06,43.3575744628906,-8.84485912322998,"Unknown"
"7014851",371865,2025-07-12 21:17:00,43.3574905395508,-8.84484100341797,"Unknown"
"7014851",371865,2025-07-12 21:22:04,43.357536315918,-8.84496116638184,"Unknown"
"7014851",371865,2025-07-12 21:27:22,43.3576736450195,-8.84518527984619,"Unknown"
"7014851",371865,2025-07-12 21:32:29,43.3576011657715,-8.84496879577637,"Unknown"
"7014851",371865,2025-07-12 21:36:58,43.3576545715332,-8.84488964080811,"Unknown"
"7014851",371865,2025-07-12 21:41:58,43.3575820922852,-8.84503269195557,"Unknown"
"7014851",371865,2025-07-12 21:46:58,43.3575820922852,-8.84502410888672,"Unknown"
"7014851",371865,2025-07-12 21:51:58,43.3576278686523,-8.84496688842773,"Unknown"
"7014851",371865,2025-07-12 21:56:58,43.357608795166,-8.84509181976318,"Unknown"
"7014851",371865,2025-07-12 22:01:58,43.3576583862305,-8.84517383575439,"Unknown"
"7014851",371865,2025-07-12 22:07:00,43.3576126098633,-8.84489631652832,"Unknown"
"7014851",371865,2025-07-12 22:11:58,43.3576202392578,-8.84492588043213,"Unknown"
"7014851",371865,2025-07-12 22:16:58,43.3576507568359,-8.84492301940918,"Unknown"
"7014851",371865,2025-07-12 22:21:58,43.3575820922852,-8.84504127502441,"Unknown"
"7014851",371865,2025-07-12 22:27:03,43.3576469421387,-8.8449535369873,"Unknown"
"7014851",371865,2025-07-12 22:32:07,43.3576736450195,-8.84495162963867,"Unknown"
"7014851",371865,2025-07-12 22:37:03,43.3576583862305,-8.84495258331299,"Unknown"
"7014851",371865,2025-07-12 22:42:29,43.3576011657715,-8.84505176544189,"Unknown"
"7014851",371865,2025-07-12 22:46:57,43.3575706481934,-8.84503650665283,"Unknown"
"7014851",371865,2025-07-12 22:51:57,43.3576126098633,-8.84501266479492,"Unknown"
"7014851",371865,2025-07-12 22:56:57,43.3575630187988,-8.84507942199707,"Unknown"
"7014851",371865,2025-07-12 23:01:57,43.3575973510742,-8.84506511688232,"Unknown"
"7014851",371865,2025-07-12 23:06:57,43.3575744628906,-8.84509658813477,"Unknown"
"7014851",371865,2025-07-12 23:11:57,43.3576240539551,-8.84503173828125,"Unknown"
"7014851",371865,2025-07-12 23:16:57,43.3576049804688,-8.8450927734375,"Unknown"
"7014851",371865,2025-07-12 23:21:57,43.3576240539551,-8.84503746032715,"Unknown"
"7014851",371865,2025-07-12 23:26:57,43.3576316833496,-8.84501552581787,"Unknown"
"7014851",371865,2025-07-12 23:31:57,43.3575897216797,-8.84507083892822,"Unknown"
"7014851",371865,2025-07-12 23:37:00,43.3576850891113,-8.84497356414795,"Unknown"
"7014851",371865,2025-07-12 23:42:13,43.3575897216797,-8.84504699707031,"Unknown"
"7014851",371865,2025-07-12 23:46:57,43.3575973510742,-8.84501647949219,"Unknown"
"7014851",371865,2025-07-12 23:51:57,43.3575973510742,-8.845046043396,"Unknown"
"7014851",371865,2025-07-12 23:56:57,43.3576202392578,-8.84509468078613,"Unknown"
"7014851",371865,2025-07-13 00:01:59,43.3576812744141,-8.84513854980469,"Unknown"
"7014851",371865,2025-07-13 00:07:00,43.3576507568359,-8.84513282775879,"Unknown"
"7014851",371865,2025-07-13 00:12:00,43.357593536377,-8.84508609771729,"Unknown"
"7014851",371865,2025-07-13 00:17:00,43.3576812744141,-8.84517669677734,"Unknown"
"7014851",371865,2025-07-13 00:21:59,43.3576889038086,-8.84516525268555,"Unknown"
"7014851",371865,2025-07-13 00:27:03,43.3577041625977,-8.84510040283203,"Unknown"
"7014851",371865,2025-07-13 00:32:53,43.3575973510742,-8.84509086608887,"Unknown"
"7014851",371865,2025-07-13 00:37:08,43.3575782775879,-8.84507942199707,"Unknown"
"7014851",371865,2025-07-13 00:41:58,43.3575439453125,-8.84507274627686,"Unknown"
"7014851",371865,2025-07-13 00:46:58,43.3576164245605,-8.8449592590332,"Unknown"
"7014851",371865,2025-07-13 00:51:57,43.3576049804688,-8.84508800506592,"Unknown"
"7014851",371865,2025-07-13 00:56:57,43.3575477600098,-8.84507942199707,"Unknown"
"7014851",371865,2025-07-13 01:01:57,43.3574981689453,-8.84511470794678,"Unknown"
"7014851",371865,2025-07-13 01:06:57,43.3575286865234,-8.84511852264404,"Unknown"
"7014851",371865,2025-07-13 01:11:57,43.3575248718262,-8.8450870513916,"Unknown"
"7014851",371865,2025-07-13 01:16:57,43.3575401306152,-8.84511661529541,"Unknown"
"7014851",371865,2025-07-13 01:21:57,43.3575286865234,-8.8451509475708,"Unknown"
"7014851",371865,2025-07-13 01:26:57,43.357536315918,-8.84513473510742,"Unknown"
"7014851",371865,2025-07-13 01:31:57,43.3575401306152,-8.84510612487793,"Unknown"
"7014851",371865,2025-07-13 01:36:57,43.3575248718262,-8.8450756072998,"Unknown"
"7014851",371865,2025-07-13 01:42:05,43.3575553894043,-8.84509944915771,"Unknown"
"7014851",371865,2025-07-13 01:46:57,43.3575134277344,-8.84514999389648,"Unknown"
"7014851",371865,2025-07-13 01:51:58,43.3575172424316,-8.84506034851074,"Unknown"
"7014851",371865,2025-07-13 01:56:57,43.3575401306152,-8.84504985809326,"Unknown"
"7014851",371865,2025-07-13 02:01:58,43.3575477600098,-8.84515476226807,"Unknown"
"7014851",371865,2025-07-13 02:06:58,43.3575248718262,-8.84517288208008,"Unknown"
"7014851",371865,2025-07-13 02:11:58,43.3575553894043,-8.84515953063965,"Unknown"
"7014851",371865,2025-07-13 02:17:00,43.3573913574219,-8.84476852416992,"Unknown"
"7014851",371865,2025-07-13 02:22:01,43.3577041625977,-8.84534645080566,"Unknown"
"7014851",371865,2025-07-13 02:27:08,43.3578720092773,-8.84545993804932,"Unknown"
"7014851",371865,2025-07-13 02:32:04,43.3578758239746,-8.84547138214111,"Unknown"
"7014851",371865,2025-07-13 02:37:14,43.3575668334961,-8.84518909454346,"Unknown"
"7014851",371865,2025-07-13 02:41:58,43.3573875427246,-8.8450174331665,"Unknown"
"7014851",371865,2025-07-13 02:47:01,43.3576469421387,-8.84508037567139,"Unknown"
"7014851",371865,2025-07-13 02:52:00,43.3577156066895,-8.84556293487549,"Unknown"
"7014851",371865,2025-07-13 02:56:59,43.3576889038086,-8.84536361694336,"Unknown"
"7014851",371865,2025-07-13 03:02:05,43.357536315918,-8.84510326385498,"Unknown"
"7014851",371865,2025-07-13 03:06:59,43.3576278686523,-8.84527683258057,"Unknown"
"7014851",371865,2025-07-13 03:12:00,43.3576812744141,-8.8454065322876,"Unknown"
"7014851",371865,2025-07-13 03:16:59,43.3576164245605,-8.84520530700684,"Unknown"
"7014851",371865,2025-07-13 03:22:00,43.3575782775879,-8.84514141082764,"Unknown"
"7014851",371865,2025-07-13 03:27:02,43.3575286865234,-8.84506320953369,"Unknown"
"7014851",371865,2025-07-13 03:32:07,43.3575286865234,-8.84504985809326,"Unknown"
"7014851",371865,2025-07-13 03:37:07,43.3575401306152,-8.8450984954834,"Unknown"
"7014851",371865,2025-07-13 03:42:07,43.3575439453125,-8.84508419036865,"Unknown"
"7014851",371865,2025-07-13 03:47:01,43.3574981689453,-8.84507751464844,"Unknown"
"7014851",371865,2025-07-13 03:52:06,43.3575859069824,-8.84511184692383,"Unknown"
"7014851",371865,2025-07-13 03:57:04,43.3575668334961,-8.84507083892822,"Unknown"
"7014851",371865,2025-07-13 04:02:07,43.357608795166,-8.84499645233154,"Unknown"
"7014851",371865,2025-07-13 04:07:07,43.3576049804688,-8.84500694274902,"Unknown"
"7014851",371865,2025-07-13 04:12:13,43.3576011657715,-8.84505748748779,"Unknown"
"7014851",371865,2025-07-13 04:17:07,43.3576240539551,-8.8450403213501,"Unknown"
"7014851",371865,2025-07-13 04:22:07,43.3576316833496,-8.84506607055664,"Unknown"
"7014851",371865,2025-07-13 04:27:13,43.3575325012207,-8.84500312805176,"Unknown"
"7014851",371865,2025-07-13 04:32:11,43.3575668334961,-8.84513759613037,"Unknown"
"7014851",371865,2025-07-13 04:37:12,43.3575897216797,-8.84503746032715,"Unknown"
"7014851",371865,2025-07-13 04:42:29,43.3576011657715,-8.84513378143311,"Unknown"
"7014851",371865,2025-07-13 04:47:11,43.3575897216797,-8.84510326385498,"Unknown"
"7014851",371865,2025-07-13 04:52:07,43.3575706481934,-8.84516429901123,"Unknown"
"7014851",371865,2025-07-13 04:57:07,43.3576393127441,-8.84536743164062,"Unknown"
"7014851",371865,2025-07-13 05:02:08,43.357723236084,-8.84524536132812,"Unknown"
"7014851",371865,2025-07-13 05:07:17,43.3578453063965,-8.84545516967773,"Unknown"
"7014851",371865,2025-07-13 05:12:13,43.357723236084,-8.84503173828125,"Unknown"
"7014851",371865,2025-07-13 05:17:07,43.3577995300293,-8.84488105773926,"Unknown"
"7014851",371865,2025-07-13 05:22:18,43.3578033447266,-8.84478950500488,"Unknown"
"7014851",371865,2025-07-13 05:27:07,43.3576622009277,-8.84506130218506,"Unknown"
"7014851",371865,2025-07-13 05:32:35,43.3576316833496,-8.84503555297852,"Unknown"
"7014851",371865,2025-07-13 05:36:57,43.3589401245117,-8.84558391571045,"Unknown"
"7014851",371865,2025-07-13 05:42:04,43.3575553894043,-8.84499645233154,"Unknown"
"7014851",371865,2025-07-13 05:47:10,43.3576354980469,-8.84509468078613,"Unknown"
"7014851",371865,2025-07-13 05:51:58,43.3576164245605,-8.84491539001465,"Unknown"
"7014851",371865,2025-07-13 05:56:58,43.3576164245605,-8.84511947631836,"Unknown"
"7014851",371865,2025-07-13 06:02:00,43.3575592041016,-8.84493255615234,"Unknown"
"7014851",371865,2025-07-13 06:06:57,43.3575706481934,-8.84503841400146,"Unknown"
"7014851",371865,2025-07-13 06:11:57,43.3576240539551,-8.84501266479492,"Unknown"
"7014851",371865,2025-07-13 06:17:00,43.357666015625,-8.84478664398193,"Unknown"
"7014851",371865,2025-07-13 06:22:01,43.3575134277344,-8.84493827819824,"Unknown"
"7014851",371865,2025-07-13 06:26:58,43.3576126098633,-8.84493160247803,"Unknown"
"7014851",371865,2025-07-13 06:32:01,43.3575820922852,-8.84489440917969,"Unknown"
"7014851",371865,2025-07-13 06:37:07,43.357608795166,-8.84498310089111,"Unknown"
"7014851",371865,2025-07-13 06:42:00,43.3575820922852,-8.84490013122559,"Unknown"
"7014851",371865,2025-07-13 06:47:08,43.3576545715332,-8.84496784210205,"Unknown"
"7014851",371865,2025-07-13 06:52:00,43.3575859069824,-8.84495830535889,"Unknown"
"7014851",371865,2025-07-13 06:56:58,43.3576278686523,-8.8449764251709,"Unknown"
"7014851",371865,2025-07-13 07:01:58,43.3576164245605,-8.84489250183105,"Unknown"
"7014851",371865,2025-07-13 07:07:01,43.3576278686523,-8.84495067596436,"Unknown"
"7014851",371865,2025-07-13 07:12:08,43.3575820922852,-8.84508609771729,"Unknown"
"7014851",371865,2025-07-13 07:17:06,43.357536315918,-8.84505367279053,"Unknown"
"7014851",371865,2025-07-13 07:21:58,43.3576164245605,-8.84498596191406,"Unknown"
"7014851",371865,2025-07-13 07:27:06,43.3575897216797,-8.8450403213501,"Unknown"
"7014851",371865,2025-07-13 07:32:06,43.3576393127441,-8.84503364562988,"Unknown"
"7014851",371865,2025-07-13 07:37:06,43.357536315918,-8.84502696990967,"Unknown"
"7014851",371865,2025-07-13 07:42:06,43.357494354248,-8.8450403213501,"Unknown"
"7014851",371865,2025-07-13 07:47:06,43.3575210571289,-8.84502029418945,"Unknown"
"7014851",371865,2025-07-13 07:51:59,43.3574714660645,-8.84508800506592,"Unknown"
"7014851",371865,2025-07-13 07:57:01,43.3575172424316,-8.84504318237305,"Unknown"
"7014851",371865,2025-07-13 08:01:59,43.357551574707,-8.84502220153809,"Unknown"
"7014851",371865,2025-07-13 08:06:58,43.3576164245605,-8.84500789642334,"Unknown"
"7014851",371865,2025-07-13 08:12:05,43.3575668334961,-8.84501075744629,"Unknown"
"7014851",371865,2025-07-13 08:17:06,43.3575744628906,-8.84499454498291,"Unknown"
"7014851",371865,2025-07-13 08:22:06,43.3576240539551,-8.84505081176758,"Unknown"
"7014851",371865,2025-07-13 08:27:05,43.3575897216797,-8.84506320953369,"Unknown"
"7014851",371865,2025-07-13 08:32:14,43.3575820922852,-8.84509754180908,"Unknown"
"7014851",371865,2025-07-13 08:37:06,43.3575706481934,-8.8449535369873,"Unknown"
"7014851",371865,2025-07-13 08:42:06,43.357479095459,-8.844895362854,"Unknown"
"7014851",371865,2025-07-13 08:47:14,43.3574981689453,-8.84511470794678,"Unknown"
"7014851",371865,2025-07-13 08:51:57,43.3575172424316,-8.84512901306152,"Unknown"
"7014851",371865,2025-07-13 08:57:03,43.3575248718262,-8.84475040435791,"Unknown"
"7014851",371865,2025-07-13 09:02:06,43.3559722900391,-8.84648513793945,"Unknown"
"7014851",371865,2025-07-13 09:07:06,43.357292175293,-8.845290184021,"Unknown"
"7014851",371865,2025-07-13 09:12:06,43.3576698303223,-8.8450288772583,"Unknown"
"7014851",371865,2025-07-13 09:17:06,43.3574180603027,-8.8452033996582,"Unknown"
"7014851",371865,2025-07-13 09:22:06,43.3574981689453,-8.84521293640137,"Unknown"
"7014851",371865,2025-07-13 09:27:07,43.3572273254395,-8.84495449066162,"Unknown"
"7014851",371865,2025-07-13 09:32:35,43.3576927185059,-8.84504985809326,"Unknown"
"7014851",371865,2025-07-13 09:36:59,43.3576393127441,-8.84500026702881,"Unknown"
"7014851",371865,2025-07-13 09:41:57,43.357551574707,-8.84509754180908,"Unknown"
"7014851",371865,2025-07-13 09:47:01,43.3602333068848,-8.85143375396729,"Unknown"
"7014851",371865,2025-07-13 09:51:59,43.3562622070312,-8.87269973754883,"Unknown"
"7014851",371865,2025-07-13 09:56:58,43.3470573425293,-8.8807487487793,"Unknown"
"7014851",371865,2025-07-13 10:01:56,43.3328323364258,-8.90009880065918,"Unknown"
"7014851",371865,2025-07-13 10:06:57,43.329044342041,-8.91022491455078,"Unknown"
"7014851",371865,2025-07-13 10:11:56,43.3272438049316,-8.91100025177002,"Unknown"
"7014851",371865,2025-07-13 10:16:59,43.3214492797852,-8.87802505493164,"Unknown"
"7014851",371865,2025-07-13 10:21:59,43.321403503418,-8.87803268432617,"Unknown"
"7014851",371865,2025-07-13 10:26:59,43.3214912414551,-8.87819194793701,"Unknown"
"7014851",371865,2025-07-13 10:31:58,43.321403503418,-8.87805652618408,"Unknown"
"7014851",371865,2025-07-13 10:36:58,43.3214683532715,-8.87804317474365,"Unknown"
"7014851",371865,2025-07-13 10:41:58,43.3213806152344,-8.87807273864746,"Unknown"
"7014851",371865,2025-07-13 10:46:57,43.3214378356934,-8.87808322906494,"Unknown"
"7014851",371865,2025-07-13 10:51:59,43.3213996887207,-8.87807083129883,"Unknown"
"7014851",371865,2025-07-13 10:57:01,43.321361541748,-8.87810611724854,"Unknown"
"7014851",371865,2025-07-13 11:01:59,43.3213958740234,-8.87812900543213,"Unknown"
"7014851",371865,2025-07-13 11:07:01,43.3213195800781,-8.87811946868896,"Unknown"
"7014851",371865,2025-07-13 11:11:59,43.321403503418,-8.87808704376221,"Unknown"
"7014851",371865,2025-07-13 11:16:59,43.3213768005371,-8.87805843353271,"Unknown"
"7014851",371865,2025-07-13 11:21:59,43.3213348388672,-8.87805080413818,"Unknown"
"7014851",371865,2025-07-13 11:26:58,43.3214111328125,-8.8780517578125,"Unknown"
"7014851",371865,2025-07-13 11:31:58,43.3214111328125,-8.8780460357666,"Unknown"
"7014851",371865,2025-07-13 11:36:57,43.3213653564453,-8.87800598144531,"Unknown"
"7014851",371865,2025-07-13 11:41:58,43.3214569091797,-8.87814331054688,"Unknown"
"7014851",371865,2025-07-13 11:46:57,43.3213920593262,-8.87802505493164,"Unknown"
"7014851",371865,2025-07-13 11:52:00,43.3166122436523,-8.85812664031982,"Unknown"
"7014851",371865,2025-07-13 11:56:58,43.3145561218262,-8.85662269592285,"Unknown"
"7014851",371865,2025-07-13 12:01:58,43.314094543457,-8.85694980621338,"Unknown"
"7014851",371865,2025-07-13 12:06:57,43.3141975402832,-8.85695171356201,"Unknown"
"7014851",371865,2025-07-13 12:11:57,43.3164405822754,-8.85902690887451,"Unknown"
"7014851",371865,2025-07-13 12:16:57,43.31640625,-8.85916900634766,"Unknown"
"7014851",371865,2025-07-13 12:21:57,43.3164939880371,-8.85890960693359,"Unknown"
"7014851",371865,2025-07-13 12:26:58,43.3163375854492,-8.85881423950195,"Unknown"
"7014851",371865,2025-07-13 12:31:58,43.3165130615234,-8.85904121398926,"Unknown"
"7014851",371865,2025-07-13 12:36:57,43.3165016174316,-8.85897636413574,"Unknown"
"7014851",371865,2025-07-13 12:41:57,43.320743560791,-8.84470081329346,"Unknown"
"7014851",371865,2025-07-13 12:46:57,43.3416862487793,-8.84213352203369,"Unknown"
"7014851",371865,2025-07-13 12:51:57,43.3576011657715,-8.84511375427246,"Unknown"
"7014851",371865,2025-07-13 12:57:05,43.3575401306152,-8.84497547149658,"Unknown"
"7014851",371865,2025-07-13 13:01:58,43.3574447631836,-8.84506702423096,"Unknown"
"7014851",371865,2025-07-13 13:06:57,43.3575096130371,-8.84522914886475,"Unknown"
"7014851",371865,2025-07-13 13:11:58,43.3574371337891,-8.84500885009766,"Unknown"
"7014851",371865,2025-07-13 13:17:05,43.3576049804688,-8.84505653381348,"Unknown"
"7014851",371865,2025-07-13 13:22:04,43.3574714660645,-8.84496688842773,"Unknown"
"7014851",371865,2025-07-13 13:27:03,43.3573570251465,-8.84502601623535,"Unknown"
"7014851",371865,2025-07-13 13:31:59,43.3575592041016,-8.84415340423584,"Unknown"
"7014851",371865,2025-07-13 13:37:01,43.3576431274414,-8.84460067749023,"Unknown"
"7014851",371865,2025-07-13 13:42:03,43.3576164245605,-8.84476375579834,"Unknown"
"7014851",371865,2025-07-13 13:47:01,43.3572998046875,-8.8456335067749,"Unknown"
"7014851",371865,2025-07-13 13:51:58,43.3576583862305,-8.84554004669189,"Unknown"
"7014851",371865,2025-07-13 13:56:58,43.3576889038086,-8.84553050994873,"Unknown"
"7014851",371865,2025-07-13 14:01:59,43.3575401306152,-8.84439659118652,"Unknown"
"7014851",371865,2025-07-13 14:07:00,43.3575897216797,-8.84527778625488,"Unknown"
"7014851",371865,2025-07-13 14:11:59,43.3573875427246,-8.84465217590332,"Unknown"
"7014851",371865,2025-07-13 14:17:01,43.3576354980469,-8.84545135498047,"Unknown"
"7014851",371865,2025-07-13 14:22:01,43.3577461242676,-8.845458984375,"Unknown"
"7014851",371865,2025-07-13 14:27:00,43.3577194213867,-8.84542655944824,"Unknown"
"7014851",371865,2025-07-13 14:31:59,43.3605270385742,-8.82596397399902,"Unknown"
"7014851",371865,2025-07-13 14:37:03,43.3465156555176,-8.77556228637695,"Unknown"
"7014851",371865,2025-07-13 14:42:00,43.3458633422852,-8.73415565490723,"Unknown"
"7014851",371865,2025-07-13 14:47:03,43.3464508056641,-8.73195552825928,"Unknown"
"7014851",371865,2025-07-13 14:51:59,43.3463592529297,-8.73373794555664,"Unknown"
"7014851",371865,2025-07-13 14:57:00,43.3456115722656,-8.73167514801025,"Unknown"
"7014851",371865,2025-07-13 15:02:04,43.345157623291,-8.72916889190674,"Unknown"
"7014851",371865,2025-07-13 15:07:04,43.3450469970703,-8.72995758056641,"Unknown"
"7014851",371865,2025-07-13 15:12:01,43.3459548950195,-8.72922229766846,"Unknown"
"7014851",371865,2025-07-13 15:17:01,43.3465766906738,-8.7291202545166,"Unknown"
"7014851",371865,2025-07-13 15:22:06,43.346923828125,-8.72932910919189,"Unknown"
"7014851",371865,2025-07-13 15:27:00,43.3475570678711,-8.72869682312012,"Unknown"
"7014851",371865,2025-07-13 15:31:59,43.3486022949219,-8.72786617279053,"Unknown"
"7014851",371865,2025-07-13 15:37:06,43.3425025939941,-8.7435359954834,"Unknown"
"7014851",371865,2025-07-13 15:42:06,43.3420867919922,-8.74350070953369,"Unknown"
"7014851",371865,2025-07-13 15:47:05,43.3422966003418,-8.74335765838623,"Unknown"
"7014851",371865,2025-07-13 15:52:06,43.3425064086914,-8.74332332611084,"Unknown"
"7014851",371865,2025-07-13 15:57:03,43.3427200317383,-8.74248695373535,"Unknown"
"7014851",371865,2025-07-13 16:02:01,43.3429107666016,-8.74159526824951,"Unknown"
"7014851",371865,2025-07-13 16:07:04,43.3428573608398,-8.7407398223877,"Unknown"
"7014851",371865,2025-07-13 16:12:00,43.3425674438477,-8.7378101348877,"Unknown"
"7014851",371865,2025-07-13 16:17:00,43.3428535461426,-8.73728466033936,"Unknown"
"7014851",371865,2025-07-13 16:22:04,43.3427925109863,-8.73610305786133,"Unknown"
"7014851",371865,2025-07-13 16:27:08,43.3421821594238,-8.73518753051758,"Unknown"
"7014851",371865,2025-07-13 16:32:04,43.3416557312012,-8.73490238189697,"Unknown"
"7014851",371865,2025-07-13 16:37:01,43.3415031433105,-8.73445320129395,"Unknown"
"7014851",371865,2025-07-13 16:42:00,43.3412628173828,-8.73120594024658,"Unknown"
"7014851",371865,2025-07-13 16:47:00,43.3544998168945,-8.70270347595215,"Unknown"
"7014851",371865,2025-07-13 16:51:59,43.3583641052246,-8.70436382293701,"Unknown"
"7014851",371865,2025-07-13 16:57:07,43.3539428710938,-8.70452404022217,"Unknown"
"7014851",371865,2025-07-13 17:02:00,43.3541641235352,-8.70632743835449,"Unknown"
"7014851",371865,2025-07-13 17:07:03,43.3609848022461,-8.70373153686523,"Unknown"
"7014851",371865,2025-07-13 17:11:59,43.3606262207031,-8.70381546020508,"Unknown"
"7014851",371865,2025-07-13 17:17:03,43.3602981567383,-8.70387363433838,"Unknown"
"7014851",371865,2025-07-13 17:22:00,43.3598365783691,-8.70414924621582,"Unknown"
"7014851",371865,2025-07-13 17:27:03,43.3593711853027,-8.7041711807251,"Unknown"
"7014851",371865,2025-07-13 17:32:00,43.3588256835938,-8.70416164398193,"Unknown"
"7014851",371865,2025-07-13 17:36:59,43.3584823608398,-8.70378112792969,"Unknown"
"7014851",371865,2025-07-13 17:41:59,43.3579750061035,-8.70420265197754,"Unknown"
"7014851",371865,2025-07-13 17:46:59,43.3573341369629,-8.70377445220947,"Unknown"
"7014851",371865,2025-07-13 17:51:59,43.3633995056152,-8.69591808319092,"Unknown"
"7014851",371865,2025-07-13 17:56:59,43.3628273010254,-8.69665813446045,"Unknown"
"7014851",371865,2025-07-13 18:02:01,43.3627853393555,-8.69688510894775,"Unknown"
"7014851",371865,2025-07-13 18:07:00,43.3624954223633,-8.69777584075928,"Unknown"
"7014851",371865,2025-07-13 18:12:03,43.362491607666,-8.69842433929443,"Unknown"
"7014851",371865,2025-07-13 18:17:06,43.3618469238281,-8.69870758056641,"Unknown"
"7014851",371865,2025-07-13 18:21:59,43.369255065918,-8.69084072113037,"Unknown"
"7014851",371865,2025-07-13 18:26:59,43.3676910400391,-8.69414615631104,"Unknown"
"7014851",371865,2025-07-13 18:31:59,43.3664817810059,-8.69881248474121,"Unknown"
"7014851",371865,2025-07-13 18:37:00,43.3542938232422,-8.69722270965576,"Unknown"
"7014851",371865,2025-07-13 18:41:59,43.3543243408203,-8.6972074508667,"Unknown"
"7014851",371865,2025-07-13 18:46:59,43.353645324707,-8.69578647613525,"Unknown"
"7014851",371865,2025-07-13 18:51:59,43.3532524108887,-8.6956958770752,"Unknown"
"7014851",371865,2025-07-13 18:57:00,43.3525390625,-8.69522380828857,"Unknown"
"7014851",371865,2025-07-13 19:02:00,43.3516006469727,-8.69384670257568,"Unknown"
"7014851",371865,2025-07-13 19:06:59,43.3504829406738,-8.69022655487061,"Unknown"
"7014851",371865,2025-07-13 19:12:00,43.3493766784668,-8.69057846069336,"Unknown"
"7014851",371865,2025-07-13 19:16:59,43.3488693237305,-8.69082164764404,"Unknown"
"7014851",371865,2025-07-13 19:22:00,43.3485794067383,-8.69086170196533,"Unknown"
"7014851",371865,2025-07-13 19:27:04,43.3477554321289,-8.69048404693604,"Unknown"
"7014851",371865,2025-07-13 19:32:01,43.346363067627,-8.69089317321777,"Unknown"
"7014851",371865,2025-07-13 19:37:00,43.3466186523438,-8.69137668609619,"Unknown"
"7014851",371865,2025-07-13 19:42:00,43.3463287353516,-8.6918830871582,"Unknown"
"7014851",371865,2025-07-13 19:46:59,43.3455924987793,-8.69245910644531,"Unknown"
"7014851",371865,2025-07-13 19:51:59,43.3447227478027,-8.70072364807129,"Unknown"
"7014851",371865,2025-07-13 19:56:59,43.3455696105957,-8.74038600921631,"Unknown"
"7014851",371865,2025-07-13 20:01:59,43.3484764099121,-8.78144359588623,"Unknown"
"7014851",371865,2025-07-13 20:06:58,43.3537139892578,-8.82165431976318,"Unknown"
"7014851",371865,2025-07-13 20:11:59,43.3575019836426,-8.84493637084961,"Unknown"
"7014851",371865,2025-07-13 20:17:00,43.3576354980469,-8.84476852416992,"Unknown"
"7014851",371865,2025-07-13 20:21:59,43.357536315918,-8.84483528137207,"Unknown"
"7014851",371865,2025-07-13 20:26:59,43.3575057983398,-8.8446044921875,"Unknown"
"7014851",371865,2025-07-13 20:32:01,43.3573188781738,-8.84471893310547,"Unknown"
"7014851",371865,2025-07-13 20:37:01,43.3575820922852,-8.84463882446289,"Unknown"
"7014851",371865,2025-07-13 20:41:58,43.3575820922852,-8.84459018707275,"Unknown"
"7014851",371865,2025-07-13 20:46:58,43.3576469421387,-8.84453201293945,"Unknown"
"7014851",371865,2025-07-13 20:51:59,43.3576889038086,-8.84466171264648,"Unknown"
"7014851",371865,2025-07-13 20:56:59,43.3579139709473,-8.84469699859619,"Unknown"
"7014851",371865,2025-07-13 21:01:59,43.3577537536621,-8.84462070465088,"Unknown"
"7014851",371865,2025-07-13 21:06:59,43.3576354980469,-8.84477424621582,"Unknown"
"7014851",371865,2025-07-13 21:11:59,43.3577308654785,-8.84459590911865,"Unknown"
"7014851",371865,2025-07-13 21:17:00,43.3579216003418,-8.84476852416992,"Unknown"
"7014851",371865,2025-07-13 21:21:59,43.3578300476074,-8.8447380065918,"Unknown"
"7014851",371865,2025-07-13 21:27:00,43.3577575683594,-8.84481334686279,"Unknown"
"7014851",371865,2025-07-13 21:32:00,43.3576622009277,-8.84474754333496,"Unknown"
"7014851",371865,2025-07-13 21:37:01,43.3577537536621,-8.84471988677979,"Unknown"
"7014851",371865,2025-07-13 21:42:00,43.357780456543,-8.84487819671631,"Unknown"
"7014851",371865,2025-07-13 21:47:00,43.3577003479004,-8.84485054016113,"Unknown"
"7014851",371865,2025-07-13 21:52:00,43.3578147888184,-8.84485244750977,"Unknown"
"7014851",371865,2025-07-13 21:56:59,43.357795715332,-8.84495449066162,"Unknown"
"7014851",371865,2025-07-13 22:02:04,43.357780456543,-8.84490776062012,"Unknown"
"7014851",371865,2025-07-13 22:07:00,43.3577880859375,-8.84491443634033,"Unknown"
"7014851",371865,2025-07-13 22:11:58,43.357738494873,-8.84495544433594,"Unknown"
"7014851",371865,2025-07-13 22:16:57,43.3578033447266,-8.84508419036865,"Unknown"
"7014851",371865,2025-07-13 22:21:58,43.3577880859375,-8.84497833251953,"Unknown"
"7014851",371865,2025-07-13 22:27:00,43.3578758239746,-8.8453893661499,"Unknown"
"7014851",371865,2025-07-13 22:31:58,43.3579406738281,-8.84532165527344,"Unknown"
"7014851",371865,2025-07-13 22:36:59,43.3574752807617,-8.84531021118164,"Unknown"
"7014851",371865,2025-07-13 22:42:01,43.3574867248535,-8.84542465209961,"Unknown"
"7014851",371865,2025-07-13 22:46:59,43.3581771850586,-8.84525299072266,"Unknown"
"7014851",371865,2025-07-13 22:51:59,43.3581161499023,-8.84536552429199,"Unknown"
"7014851",371865,2025-07-13 22:57:01,43.3571929931641,-8.84573173522949,"Unknown"
"7014851",371865,2025-07-13 23:02:06,43.3572692871094,-8.84560871124268,"Unknown"
"7014851",371865,2025-07-13 23:06:58,43.3572769165039,-8.84562492370605,"Unknown"
"7014851",371865,2025-07-13 23:12:00,43.3572616577148,-8.84564399719238,"Unknown"
"7014851",371865,2025-07-13 23:17:04,43.3571891784668,-8.84587097167969,"Unknown"
"7014851",371865,2025-07-13 23:22:00,43.3571166992188,-8.84600830078125,"Unknown"
"7014851",371865,2025-07-13 23:27:01,43.3571548461914,-8.84615707397461,"Unknown"
"7014851",371865,2025-07-13 23:31:58,43.3576736450195,-8.84541988372803,"Unknown"
"7014851",371865,2025-07-13 23:37:10,43.3574676513672,-8.84579467773438,"Unknown"
"7014851",371865,2025-07-13 23:42:05,43.3575859069824,-8.84508895874023,"Unknown"
"7014851",371865,2025-07-13 23:47:06,43.3579483032227,-8.84498882293701,"Unknown"
"7014851",371865,2025-07-13 23:52:00,43.3581466674805,-8.84487152099609,"Unknown"
"7014851",371865,2025-07-13 23:57:03,43.3580131530762,-8.84483814239502,"Unknown"
"7014851",371865,2025-07-14 00:02:00,43.3580436706543,-8.84487819671631,"Unknown"
"7014851",371865,2025-07-14 00:07:00,43.357780456543,-8.84524345397949,"Unknown"
"7014851",371865,2025-07-14 00:12:03,43.3579483032227,-8.84478378295898,"Unknown"
"7014851",371865,2025-07-14 00:17:01,43.3579025268555,-8.84508800506592,"Unknown"
"7014851",371865,2025-07-14 00:21:58,43.3577766418457,-8.84514427185059,"Unknown"
"7014851",371865,2025-07-14 00:27:00,43.3576622009277,-8.84532833099365,"Unknown"
"7014851",371865,2025-07-14 00:32:00,43.3576316833496,-8.84534549713135,"Unknown"
"7014851",371865,2025-07-14 00:36:59,43.3577194213867,-8.8451566696167,"Unknown"
"7014851",371865,2025-07-14 00:41:58,43.3577346801758,-8.84522533416748,"Unknown"
"7014851",371865,2025-07-14 00:46:59,43.3576965332031,-8.84522151947021,"Unknown"
"7014851",371865,2025-07-14 00:51:58,43.3577651977539,-8.84520149230957,"Unknown"
"7014851",371865,2025-07-14 00:56:58,43.3577117919922,-8.84511756896973,"Unknown"
"7014851",371865,2025-07-14 01:01:57,43.357723236084,-8.84506702423096,"Unknown"
"7014851",371865,2025-07-14 01:06:57,43.3576583862305,-8.84505558013916,"Unknown"
"7014851",371865,2025-07-14 01:11:59,43.3577041625977,-8.84508514404297,"Unknown"
"7014851",371865,2025-07-14 01:17:07,43.3577117919922,-8.84517765045166,"Unknown"
"7014851",371865,2025-07-14 01:21:59,43.3575553894043,-8.84502410888672,"Unknown"
"7014851",371865,2025-07-14 01:27:01,43.3578491210938,-8.84500598907471,"Unknown"
"7014851",371865,2025-07-14 01:32:00,43.3577690124512,-8.8447904586792,"Unknown"
"7014851",371865,2025-07-14 01:37:00,43.3577613830566,-8.84490585327148,"Unknown"
"7014851",371865,2025-07-14 01:42:00,43.3578910827637,-8.84491348266602,"Unknown"
"7014851",371865,2025-07-14 01:46:57,43.3578910827637,-8.84495544433594,"Unknown"
"7014851",371865,2025-07-14 01:51:59,43.3579139709473,-8.84498310089111,"Unknown"
"7014851",371865,2025-07-14 01:57:01,43.3580093383789,-8.84508419036865,"Unknown"
"7014851",371865,2025-07-14 02:01:59,43.3578758239746,-8.8449010848999,"Unknown"
"7014851",371865,2025-07-14 02:07:01,43.3578834533691,-8.84517192840576,"Unknown"
"7014851",371865,2025-07-14 02:12:05,43.3579177856445,-8.84529113769531,"Unknown"
"7014851",371865,2025-07-14 02:17:04,43.3579330444336,-8.84517288208008,"Unknown"
"7014851",371865,2025-07-14 02:22:10,43.3581008911133,-8.84515285491943,"Unknown"
"7014851",371865,2025-07-14 02:27:06,43.3580665588379,-8.84511375427246,"Unknown"
"7014851",371865,2025-07-14 02:32:06,43.358024597168,-8.84518432617188,"Unknown"
"7014851",371865,2025-07-14 02:37:04,43.3580665588379,-8.84511661529541,"Unknown"
"7014851",371865,2025-07-14 02:42:00,43.3579559326172,-8.84521961212158,"Unknown"
"7014851",371865,2025-07-14 02:47:00,43.358024597168,-8.84511661529541,"Unknown"
"7014851",371865,2025-07-14 02:52:00,43.3580093383789,-8.84510612487793,"Unknown"
"7014851",371865,2025-07-14 02:56:59,43.357837677002,-8.84525012969971,"Unknown"
"7014851",371865,2025-07-14 03:01:59,43.3578300476074,-8.84520816802979,"Unknown"
"7014851",371865,2025-07-14 03:07:00,43.3577995300293,-8.84525966644287,"Unknown"
"7014851",371865,2025-07-14 03:11:59,43.3577270507812,-8.84523296356201,"Unknown"
"7014851",371865,2025-07-14 03:16:59,43.3578033447266,-8.84518146514893,"Unknown"
"7014851",371865,2025-07-14 03:21:59,43.3577651977539,-8.84530067443848,"Unknown"
"7014851",371865,2025-07-14 03:26:59,43.3576965332031,-8.84527397155762,"Unknown"
"7014851",371865,2025-07-14 03:31:59,43.357723236084,-8.84515285491943,"Unknown"
"7014851",371865,2025-07-14 03:37:01,43.357723236084,-8.84532833099365,"Unknown"
"7014851",371865,2025-07-14 03:41:59,43.3576545715332,-8.84535312652588,"Unknown"
"7014851",371865,2025-07-14 03:47:05,43.3577499389648,-8.8452205657959,"Unknown"
"7014851",371865,2025-07-14 03:52:01,43.3577880859375,-8.84517765045166,"Unknown"
"7014851",371865,2025-07-14 03:57:06,43.3577537536621,-8.84520149230957,"Unknown"
"7014851",371865,2025-07-14 04:01:59,43.357780456543,-8.84528255462646,"Unknown"
"7014851",371865,2025-07-14 04:07:03,43.3577308654785,-8.84522724151611,"Unknown"
"7014851",371865,2025-07-14 04:12:03,43.3578834533691,-8.84526634216309,"Unknown"
"7014851",371865,2025-07-14 04:16:58,43.3618621826172,-8.84850788116455,"Unknown"
"7014851",371865,2025-07-14 04:21:57,43.3672027587891,-8.86588764190674,"Unknown"
"7014851",371865,2025-07-14 04:26:57,43.3559646606445,-8.87509822845459,"Unknown"
"7014851",371865,2025-07-14 04:31:57,43.3590545654297,-8.87364482879639,"Unknown"
"7014851",371865,2025-07-14 04:36:57,43.3599853515625,-8.87895107269287,"Unknown"
"7014851",371865,2025-07-14 04:41:58,43.3675079345703,-8.85867404937744,"Unknown"
"7014851",371865,2025-07-14 04:47:03,43.3758735656738,-8.85804176330566,"Unknown"
"7014851",371865,2025-07-14 04:51:59,43.3752861022949,-8.85838317871094,"Unknown"
"7014851",371865,2025-07-14 04:57:06,43.3776512145996,-8.85736560821533,"Unknown"
"7014851",371865,2025-07-14 05:01:59,43.375659942627,-8.85743045806885,"Unknown"
"7014851",371865,2025-07-14 05:07:06,43.3722534179688,-8.8648853302002,"Unknown"
"7014851",371865,2025-07-14 05:11:59,43.3707656860352,-8.86265563964844,"Unknown"
"7014851",371865,2025-07-14 05:27:14,43.3578872680664,-8.84449195861816,"Unknown"
"7014851",371865,2025-07-14 05:32:01,43.3579063415527,-8.84443759918213,"Unknown"
"7014851",371865,2025-07-14 05:37:08,43.3579025268555,-8.84418296813965,"Unknown"
"7014851",371865,2025-07-14 05:42:06,43.3580093383789,-8.84446716308594,"Unknown"
"7014851",371865,2025-07-14 05:47:14,43.3580703735352,-8.84445762634277,"Unknown"
"7014851",371865,2025-07-14 05:52:03,43.358097076416,-8.84456729888916,"Unknown"
"7014851",371865,2025-07-14 05:57:06,43.3581390380859,-8.84476375579834,"Unknown"
"7014851",371865,2025-07-14 06:02:03,43.358226776123,-8.84469223022461,"Unknown"
"7014851",371865,2025-07-14 06:07:03,43.3581352233887,-8.84462738037109,"Unknown"
"7014851",371865,2025-07-14 06:12:03,43.3582496643066,-8.84500694274902,"Unknown"
"7014851",371865,2025-07-14 06:17:04,43.358226776123,-8.844895362854,"Unknown"
"7014851",371865,2025-07-14 06:21:59,43.3580093383789,-8.84468746185303,"Unknown"
"7014851",371865,2025-07-14 06:27:01,43.3578758239746,-8.84464740753174,"Unknown"
"7014851",371865,2025-07-14 06:32:01,43.3581199645996,-8.84582805633545,"Unknown"
"7014851",371865,2025-07-14 06:36:59,43.3581275939941,-8.84459114074707,"Unknown"
"7014851",371865,2025-07-14 06:42:07,43.3581848144531,-8.84566593170166,"Unknown"
"7014851",371865,2025-07-14 06:47:00,43.3580741882324,-8.84530067443848,"Unknown"
"7014851",371865,2025-07-14 06:52:06,43.3581352233887,-8.84543323516846,"Unknown"
"7014851",371865,2025-07-14 06:57:03,43.3581466674805,-8.84584522247314,"Unknown"
"7014851",371865,2025-07-14 07:02:03,43.3578987121582,-8.84517097473145,"Unknown"
"7014851",371865,2025-07-14 07:07:12,43.3577651977539,-8.84487819671631,"Unknown"
"7014851",371865,2025-07-14 07:11:58,43.3578720092773,-8.8450984954834,"Unknown"
"7014851",371865,2025-07-14 07:17:01,43.3575897216797,-8.84495544433594,"Unknown"
"7014851",371865,2025-07-14 07:21:58,43.3577995300293,-8.84500122070312,"Unknown"
"7014851",371865,2025-07-14 07:26:58,43.3578224182129,-8.84510707855225,"Unknown"
"7014851",371865,2025-07-14 07:31:58,43.3577270507812,-8.84490489959717,"Unknown"
"7014851",371865,2025-07-14 07:37:00,43.3575096130371,-8.84438514709473,"Unknown"
"7014851",371865,2025-07-14 07:41:58,43.3577308654785,-8.84469127655029,"Unknown"
"7014851",371865,2025-07-14 07:47:06,43.3576545715332,-8.84525012969971,"Unknown"
"7014851",371865,2025-07-14 07:52:06,43.3576202392578,-8.84516525268555,"Unknown"
"7014851",371865,2025-07-14 07:57:03,43.3578491210938,-8.84498023986816,"Unknown"
"7014851",371865,2025-07-14 08:01:58,43.357666015625,-8.84564876556396,"Unknown"
"7014851",371865,2025-07-14 08:07:04,43.361026763916,-8.85345649719238,"Unknown"
"7014851",371865,2025-07-14 08:12:05,43.3601112365723,-8.85397148132324,"Unknown"
"7014851",371865,2025-07-14 08:17:00,43.3567047119141,-8.84535884857178,"Unknown"
"7014851",371865,2025-07-14 08:22:15,43.3575210571289,-8.84514427185059,"Unknown"
"7014851",371865,2025-07-14 08:27:00,43.3576393127441,-8.84493732452393,"Unknown"
"7014851",371865,2025-07-14 08:31:58,43.3576583862305,-8.84486961364746,"Unknown"
"7014851",371865,2025-07-14 08:36:59,43.3576431274414,-8.84486961364746,"Unknown"
"7014851",371865,2025-07-14 08:41:59,43.3576812744141,-8.84490013122559,"Unknown"
"7014851",371865,2025-07-14 08:47:02,43.3577346801758,-8.84474086761475,"Unknown"
"7014851",371865,2025-07-14 08:52:08,43.3577880859375,-8.84470081329346,"Unknown"
"7014851",371865,2025-07-14 08:57:07,43.357795715332,-8.84466648101807,"Unknown"
"7014851",371865,2025-07-14 09:02:15,43.3576545715332,-8.84472846984863,"Unknown"
"7014851",371865,2025-07-14 09:07:00,43.3578071594238,-8.84464359283447,"Unknown"
"7014851",371865,2025-07-14 09:12:00,43.3576393127441,-8.84481143951416,"Unknown"
"7014851",371865,2025-07-14 09:17:00,43.3578453063965,-8.84449577331543,"Unknown"
"7014851",371865,2025-07-14 09:21:59,43.3578796386719,-8.84455966949463,"Unknown"
"7014851",371865,2025-07-14 09:26:56,43.356143951416,-8.8455696105957,"Unknown"
"7014851",371865,2025-07-14 09:31:59,43.3579750061035,-8.84454536437988,"Unknown"
"7014851",371865,2025-07-14 09:36:59,43.3561782836914,-8.84519481658936,"Unknown"
"7014851",371865,2025-07-14 09:42:07,43.3573341369629,-8.84472560882568,"Unknown"
"7014851",371865,2025-07-14 09:47:07,43.3571968078613,-8.84471607208252,"Unknown"
"7014851",371865,2025-07-14 09:52:07,43.3565521240234,-8.8447265625,"Unknown"
"7014851",371865,2025-07-14 09:57:15,43.3572845458984,-8.84597110748291,"Unknown"
"7014851",371865,2025-07-14 10:03:20,43.3568077087402,-8.84669971466064,"Unknown"
"7014851",371865,2025-07-14 10:07:04,43.3573532104492,-8.844651222229,"Unknown"
"7014851",371865,2025-07-14 10:11:58,43.3573379516602,-8.84462261199951,"Unknown"
"7014851",371865,2025-07-14 10:16:59,43.3572959899902,-8.84453678131104,"Unknown"
"7014851",371865,2025-07-14 10:21:58,43.3572654724121,-8.84457206726074,"Unknown"
"7014851",371865,2025-07-14 10:27:06,43.3573760986328,-8.84426689147949,"Unknown"
"7014851",371865,2025-07-14 10:31:58,43.3572769165039,-8.84444618225098,"Unknown"
"7014851",371865,2025-07-14 10:36:58,43.3572540283203,-8.84443283081055,"Unknown"
"7014851",371865,2025-07-14 10:42:00,43.3571548461914,-8.84436893463135,"Unknown"
"7014851",371865,2025-07-14 10:46:58,43.3570861816406,-8.8443021774292,"Unknown"
"7014851",371865,2025-07-14 10:52:06,43.3580513000488,-8.844970703125,"Unknown"
"7014851",371865,2025-07-14 10:57:06,43.3581619262695,-8.84500026702881,"Unknown"
"7014851",371865,2025-07-14 11:02:00,43.3570861816406,-8.84412670135498,"Unknown"
"7014851",371865,2025-07-14 11:07:01,43.3571357727051,-8.84409618377686,"Unknown"
"7014851",371865,2025-07-14 11:12:01,43.357421875,-8.84442138671875,"Unknown"
"7014851",371865,2025-07-14 11:17:01,43.3575820922852,-8.8441858291626,"Unknown"
"7014851",371865,2025-07-14 11:22:11,43.3576126098633,-8.84515380859375,"Unknown"
"7014851",371865,2025-07-14 11:26:58,43.3577461242676,-8.84510898590088,"Unknown"
"7014851",371865,2025-07-14 11:32:01,43.3572311401367,-8.84535884857178,"Unknown"
"7014851",371865,2025-07-14 11:37:00,43.3575820922852,-8.84499549865723,"Unknown"
"7014851",371865,2025-07-14 11:42:01,43.3574981689453,-8.84496116638184,"Unknown"
"7014851",371865,2025-07-14 11:47:01,43.3574409484863,-8.84500026702881,"Unknown"
"7014851",371865,2025-07-14 11:52:02,43.3572731018066,-8.84489440917969,"Unknown"
"7014851",371865,2025-07-14 11:57:06,43.3571166992188,-8.84476566314697,"Unknown"
"7014851",371865,2025-07-14 12:01:57,43.3575630187988,-8.84509658813477,"Unknown"
"7014851",371865,2025-07-14 12:07:01,43.357349395752,-8.84495258331299,"Unknown"
"7014851",371865,2025-07-14 12:12:14,43.3575592041016,-8.84501457214355,"Unknown"
"7014851",371865,2025-07-14 12:16:59,43.3575668334961,-8.84500885009766,"Unknown"
"7014851",371865,2025-07-14 12:21:58,43.3576354980469,-8.84496402740479,"Unknown"
"7014851",371865,2025-07-14 12:27:01,43.357536315918,-8.84492969512939,"Unknown"
"7014851",371865,2025-07-14 12:32:00,43.3575210571289,-8.84493255615234,"Unknown"
"7014851",371865,2025-07-14 12:37:00,43.357593536377,-8.84481906890869,"Unknown"
"7014851",371865,2025-07-14 12:42:04,43.3576240539551,-8.84490585327148,"Unknown"
"7014851",371865,2025-07-14 12:47:29,43.3575439453125,-8.84501838684082,"Unknown"
"7014851",371865,2025-07-14 12:52:07,43.3574371337891,-8.84509181976318,"Unknown"
"7014851",371865,2025-07-14 12:57:07,43.3574562072754,-8.84512615203857,"Unknown"
"7014851",371865,2025-07-14 13:02:07,43.3575057983398,-8.84508609771729,"Unknown"
"7014851",371865,2025-07-14 13:07:08,43.3574523925781,-8.84512996673584,"Unknown"
"7014851",371865,2025-07-14 13:12:07,43.3574638366699,-8.84503269195557,"Unknown"
"7014851",371865,2025-07-14 13:17:07,43.3574752807617,-8.84503364562988,"Unknown"
"7014851",371865,2025-07-14 13:22:04,43.357479095459,-8.84501457214355,"Unknown"
"7014851",371865,2025-07-14 13:27:08,43.3574333190918,-8.84496593475342,"Unknown"
"7014851",371865,2025-07-14 13:32:07,43.3574600219727,-8.84487724304199,"Unknown"
"7014851",371865,2025-07-14 13:37:10,43.3573760986328,-8.84487152099609,"Unknown"
"7014851",371865,2025-07-14 13:42:14,43.3591957092285,-8.84593105316162,"Unknown"
"7014851",371865,2025-07-14 13:47:01,43.3601379394531,-8.82043647766113,"Unknown"
"7014851",371865,2025-07-14 13:52:07,43.3612060546875,-8.82080554962158,"Unknown"
"7014851",371865,2025-07-14 13:56:57,43.3562088012695,-8.833664894104,"Unknown"
"7014851",371865,2025-07-14 14:02:07,43.356201171875,-8.8341588973999,"Unknown"
"7014851",371865,2025-07-14 14:06:58,43.3563041687012,-8.83420372009277,"Unknown"
"7014851",371865,2025-07-14 14:12:07,43.3576354980469,-8.8349027633667,"Unknown"
"7014851",371865,2025-07-14 14:17:06,43.3574066162109,-8.84492683410645,"Unknown"
"7014851",371865,2025-07-14 14:22:04,43.3575668334961,-8.84504318237305,"Unknown"
"7014851",371865,2025-07-14 14:27:04,43.3574409484863,-8.84489345550537,"Unknown"
"7014851",371865,2025-07-14 14:31:59,43.3577041625977,-8.845046043396,"Unknown"
"7014851",371865,2025-07-14 14:37:29,43.3575706481934,-8.84500980377197,"Unknown"
"7014851",371865,2025-07-14 14:41:57,43.3576202392578,-8.84499073028564,"Unknown"
"7014851",371865,2025-07-14 14:46:57,43.357608795166,-8.84511756896973,"Unknown"
"7014851",371865,2025-07-14 14:52:08,43.3576278686523,-8.84508037567139,"Unknown"
"7014851",371865,2025-07-14 14:56:56,43.357593536377,-8.8450984954834,"Unknown"
"7014851",371865,2025-07-14 15:02:15,43.357593536377,-8.84496212005615,"Unknown"
"7014851",371865,2025-07-14 15:08:20,43.3565902709961,-8.84822940826416,"Unknown"
"7014851",371865,2025-07-14 15:12:08,43.3577041625977,-8.84666061401367,"Unknown"
"7014851",371865,2025-07-14 15:17:05,43.3577270507812,-8.84602642059326,"Unknown"
"7014851",371865,2025-07-14 15:21:57,43.3579559326172,-8.84585952758789,"Unknown"
"7014851",371865,2025-07-14 15:27:00,43.3579978942871,-8.84599590301514,"Unknown"
"7014851",371865,2025-07-14 15:32:25,43.357723236084,-8.84659481048584,"Unknown"
"7014851",371865,2025-07-14 15:36:57,43.3579063415527,-8.84605598449707,"Unknown"
"7014851",371865,2025-07-14 15:41:58,43.3578720092773,-8.84602737426758,"Unknown"
"7014851",371865,2025-07-14 15:46:57,43.3579139709473,-8.84607696533203,"Unknown"
"7014851",371865,2025-07-14 15:52:00,43.3580284118652,-8.84604644775391,"Unknown"
"7014851",371865,2025-07-14 15:57:00,43.3579559326172,-8.84599113464355,"Unknown"
"7014851",371865,2025-07-14 16:01:56,43.358024597168,-8.84601306915283,"Unknown"
"7014851",371865,2025-07-14 16:08:12,43.3575286865234,-8.84612464904785,"Unknown"
"7014851",371865,2025-07-14 16:12:06,43.3581466674805,-8.84449672698975,"Unknown"
"7014851",371865,2025-07-14 16:16:58,43.3575096130371,-8.84607410430908,"Unknown"
"7014851",371865,2025-07-14 16:22:00,43.3575248718262,-8.84598731994629,"Unknown"
"7014851",371865,2025-07-14 16:27:06,43.3575210571289,-8.84584903717041,"Unknown"
"7014851",371865,2025-07-14 16:31:55,43.3609619140625,-8.84840965270996,"Unknown"
"7014851",371865,2025-07-14 16:36:57,43.3611335754395,-8.82185554504395,"Unknown"
"7014851",371865,2025-07-14 16:41:57,43.3596038818359,-8.82104778289795,"Unknown"
"7014851",371865,2025-07-14 16:46:56,43.3597831726074,-8.82150173187256,"Unknown"
"7014851",371865,2025-07-14 16:51:56,43.3616752624512,-8.82377147674561,"Unknown"
"7014851",371865,2025-07-14 16:56:56,43.3590431213379,-8.83043384552002,"Unknown"
"7014851",371865,2025-07-14 17:01:55,43.3574905395508,-8.84024906158447,"Unknown"
"7014851",371865,2025-07-14 17:06:56,43.3577995300293,-8.84531021118164,"Unknown"
"7014851",371865,2025-07-14 17:11:57,43.3578910827637,-8.84554290771484,"Unknown"
"7014851",371865,2025-07-14 17:16:56,43.3579139709473,-8.84555339813232,"Unknown"
"7014851",371865,2025-07-14 17:21:57,43.3577766418457,-8.84540939331055,"Unknown"
"7014851",371865,2025-07-14 17:26:56,43.3577537536621,-8.84537696838379,"Unknown"
"7014851",371865,2025-07-14 17:31:57,43.3578147888184,-8.84523296356201,"Unknown"
"7014851",371865,2025-07-14 17:36:57,43.3574180603027,-8.84565448760986,"Unknown"
"7014851",371865,2025-07-14 17:41:57,43.3577499389648,-8.84537696838379,"Unknown"
"7014851",371865,2025-07-14 17:46:58,43.357738494873,-8.84530639648438,"Unknown"
"7014851",371865,2025-07-14 17:51:56,43.3577728271484,-8.84543991088867,"Unknown"
"7014851",371865,2025-07-14 17:56:57,43.3577079772949,-8.84531402587891,"Unknown"
"7014851",371865,2025-07-14 18:01:58,43.3575134277344,-8.84492301940918,"Unknown"
"7014851",371865,2025-07-14 18:06:57,43.3576011657715,-8.84505462646484,"Unknown"
"7014851",371865,2025-07-14 18:11:57,43.3576316833496,-8.84516429901123,"Unknown"
"7014851",371865,2025-07-14 18:16:57,43.357593536377,-8.84533500671387,"Unknown"
"7014851",371865,2025-07-14 18:21:59,43.3575859069824,-8.84503364562988,"Unknown"
"7014851",371865,2025-07-14 18:26:57,43.3576011657715,-8.84528636932373,"Unknown"
"7014851",371865,2025-07-14 18:31:58,43.3576774597168,-8.84535026550293,"Unknown"
"7014851",371865,2025-07-14 18:37:01,43.3576774597168,-8.84534645080566,"Unknown"
"7014851",371865,2025-07-14 18:42:01,43.3576049804688,-8.84516429901123,"Unknown"
"7014851",371865,2025-07-14 18:46:58,43.3575820922852,-8.8451623916626,"Unknown"
"7014851",371865,2025-07-14 18:51:59,43.3575286865234,-8.84532451629639,"Unknown"
"7014851",371865,2025-07-14 18:56:59,43.3573875427246,-8.84524250030518,"Unknown"
"7014851",371865,2025-07-14 19:02:05,43.3575286865234,-8.84525012969971,"Unknown"
"7014851",371865,2025-07-14 19:06:59,43.3576240539551,-8.84493637084961,"Unknown"
"7014851",371865,2025-07-14 19:11:58,43.3576316833496,-8.8450174331665,"Unknown"
"7014851",371865,2025-07-14 19:16:58,43.3574409484863,-8.84496688842773,"Unknown"
"7014851",371865,2025-07-14 19:22:10,43.3576278686523,-8.84508228302002,"Unknown"
"7014851",371865,2025-07-14 19:26:57,43.3564567565918,-8.84538459777832,"Unknown"
"7014851",371865,2025-07-14 19:31:59,43.3575592041016,-8.84472846984863,"Unknown"
"7014851",371865,2025-07-14 19:36:58,43.3576316833496,-8.84477710723877,"Unknown"
"7014851",371865,2025-07-14 19:42:01,43.3575782775879,-8.84480857849121,"Unknown"
"7014851",371865,2025-07-14 19:47:10,43.3577270507812,-8.84488868713379,"Unknown"
"7014851",371865,2025-07-14 19:51:57,43.3576011657715,-8.84499931335449,"Unknown"
"7014851",371865,2025-07-14 19:56:59,43.3577919006348,-8.8452205657959,"Unknown"
"7014851",371865,2025-07-14 20:02:05,43.3575134277344,-8.84480953216553,"Unknown"
"7014851",371865,2025-07-14 20:06:56,43.3575134277344,-8.84462451934814,"Unknown"
"7014851",371865,2025-07-14 20:11:56,43.3539733886719,-8.85539722442627,"Unknown"
"7014851",371865,2025-07-14 20:16:56,43.3305320739746,-8.87636375427246,"Unknown"
"7014851",371865,2025-07-14 20:21:56,43.3301239013672,-8.87551689147949,"Unknown"
"7014851",371865,2025-07-14 20:27:00,43.3289489746094,-8.8750057220459,"Unknown"
"7014851",371865,2025-07-14 20:32:04,43.3288803100586,-8.87508010864258,"Unknown"
"7014851",371865,2025-07-14 20:36:57,43.3404006958008,-8.88032913208008,"Unknown"
"7014851",371865,2025-07-14 20:41:58,43.3678092956543,-8.85442733764648,"Unknown"
"7014851",371865,2025-07-14 20:47:01,43.3702926635742,-8.84927558898926,"Unknown"
"7014851",371865,2025-07-14 20:51:59,43.3718643188477,-8.84798717498779,"Unknown"
"7014851",371865,2025-07-14 20:56:58,43.3699073791504,-8.8332576751709,"Unknown"
"7014851",371865,2025-07-14 21:02:06,43.3700561523438,-8.83454513549805,"Unknown"
"7014851",371865,2025-07-14 21:07:04,43.3578987121582,-8.84521579742432,"Unknown"
"7014851",371865,2025-07-14 21:12:10,43.3578834533691,-8.84512138366699,"Unknown"
"7014851",371865,2025-07-14 21:17:01,43.35791015625,-8.84517288208008,"Unknown"
"7014851",371865,2025-07-14 21:22:11,43.3581581115723,-8.84560585021973,"Unknown"
"7014851",371865,2025-07-14 21:27:14,43.3577346801758,-8.84636878967285,"Unknown"
"7014851",371865,2025-07-14 21:32:04,43.3574523925781,-8.8447151184082,"Unknown"
"7014851",371865,2025-07-14 21:37:01,43.3575172424316,-8.84487247467041,"Unknown"
"7014851",371865,2025-07-14 21:42:00,43.3574295043945,-8.84485340118408,"Unknown"
"7014851",371865,2025-07-14 21:47:14,43.3577842712402,-8.84458065032959,"Unknown"
"7014851",371865,2025-07-14 21:51:58,43.3578987121582,-8.84498023986816,"Unknown"
"7014851",371865,2025-07-14 21:57:13,43.357593536377,-8.84527492523193,"Unknown"
"7014851",371865,2025-07-14 22:02:01,43.3577270507812,-8.84475803375244,"Unknown"
"7014851",371865,2025-07-14 22:07:03,43.3576736450195,-8.84494876861572,"Unknown"
"7014851",371865,2025-07-14 22:12:01,43.3574600219727,-8.84505176544189,"Unknown"
"7014851",371865,2025-07-14 22:17:06,43.3577117919922,-8.84513759613037,"Unknown"
"7014851",371865,2025-07-14 22:22:01,43.3575286865234,-8.84536647796631,"Unknown"
"7014851",371865,2025-07-14 22:27:03,43.3573722839355,-8.84567546844482,"Unknown"
"7014851",371865,2025-07-14 22:32:29,43.3575630187988,-8.8450870513916,"Unknown"
"7014851",371865,2025-07-14 22:36:56,43.3575134277344,-8.84513568878174,"Unknown"
"7014851",371865,2025-07-14 22:41:56,43.3575286865234,-8.84514904022217,"Unknown"
"7014851",371865,2025-07-14 22:46:56,43.3574981689453,-8.84516429901123,"Unknown"
"7014851",371865,2025-07-14 22:51:56,43.3575973510742,-8.84512996673584,"Unknown"
"7014851",371865,2025-07-14 22:56:58,43.357536315918,-8.84501266479492,"Unknown"
"7014851",371865,2025-07-14 23:01:56,43.3576316833496,-8.84516906738281,"Unknown"
"7014851",371865,2025-07-14 23:06:57,43.3574256896973,-8.84526443481445,"Unknown"
"7014851",371865,2025-07-14 23:11:56,43.3574523925781,-8.84525489807129,"Unknown"
"7014851",371865,2025-07-14 23:16:56,43.3575744628906,-8.84525299072266,"Unknown"
"7014851",371865,2025-07-14 23:21:58,43.3577423095703,-8.84510135650635,"Unknown"
"7014851",371865,2025-07-14 23:26:58,43.3578643798828,-8.84493923187256,"Unknown"
"7014851",371865,2025-07-14 23:31:59,43.3579788208008,-8.84487342834473,"Unknown"
"7014851",371865,2025-07-14 23:37:29,43.3575668334961,-8.84513282775879,"Unknown"
"7014851",371865,2025-07-14 23:41:56,43.3575668334961,-8.84510803222656,"Unknown"
"7014851",371865,2025-07-14 23:46:55,43.3575782775879,-8.84506320953369,"Unknown"
"7014851",371865,2025-07-14 23:51:57,43.3575401306152,-8.84504985809326,"Unknown"
"7014851",371865,2025-07-14 23:56:55,43.3576278686523,-8.84493160247803,"Unknown"
"7014851",371865,2025-07-15 00:01:56,43.3576240539551,-8.84499931335449,"Unknown"
"7014851",371865,2025-07-15 00:06:59,43.3575744628906,-8.8450927734375,"Unknown"
"7014851",371865,2025-07-15 00:11:55,43.3576240539551,-8.84504795074463,"Unknown"
"7014851",371865,2025-07-15 00:16:58,43.3576164245605,-8.8450345993042,"Unknown"
"7014851",371865,2025-07-15 00:21:56,43.3575668334961,-8.84510803222656,"Unknown"
"7014851",371865,2025-07-15 00:26:56,43.3575553894043,-8.84507274627686,"Unknown"
"7014851",371865,2025-07-15 00:31:55,43.357551574707,-8.84502220153809,"Unknown"
"7014851",371865,2025-07-15 00:36:56,43.357536315918,-8.84502506256104,"Unknown"
"7014851",371865,2025-07-15 00:41:58,43.357593536377,-8.84510612487793,"Unknown"
"7014851",371865,2025-07-15 00:46:55,43.3576278686523,-8.84496593475342,"Unknown"
"7014851",371865,2025-07-15 00:51:55,43.3575630187988,-8.84503173828125,"Unknown"
"7014851",371865,2025-07-15 00:56:56,43.357593536377,-8.84506893157959,"Unknown"
"7014851",371865,2025-07-15 01:01:55,43.3575210571289,-8.84505462646484,"Unknown"
"7014851",371865,2025-07-15 01:06:55,43.3575439453125,-8.84500885009766,"Unknown"
"7014851",371865,2025-07-15 01:11:55,43.3575134277344,-8.8451042175293,"Unknown"
"7014851",371865,2025-07-15 01:16:56,43.3576049804688,-8.8450288772583,"Unknown"
"7014851",371865,2025-07-15 01:21:55,43.3574562072754,-8.84507179260254,"Unknown"
"7014851",371865,2025-07-15 01:26:57,43.3576545715332,-8.84506225585938,"Unknown"
"7014851",371865,2025-07-15 01:31:56,43.3576583862305,-8.84511661529541,"Unknown"
"7014851",371865,2025-07-15 01:36:58,43.3575553894043,-8.84502506256104,"Unknown"
"7014851",371865,2025-07-15 01:41:56,43.3575668334961,-8.8451042175293,"Unknown"
"7014851",371865,2025-07-15 01:46:56,43.3576316833496,-8.84516048431396,"Unknown"
"7014851",371865,2025-07-15 01:51:56,43.3577003479004,-8.84516906738281,"Unknown"
"7014851",371865,2025-07-15 01:56:56,43.3577079772949,-8.84519577026367,"Unknown"
"7014851",371865,2025-07-15 02:01:57,43.3576049804688,-8.84518337249756,"Unknown"
"7014851",371865,2025-07-15 02:07:03,43.3575973510742,-8.84511470794678,"Unknown"
"7014851",371865,2025-07-15 02:12:01,43.3576507568359,-8.84517765045166,"Unknown"
"7014851",371865,2025-07-15 02:17:07,43.3575897216797,-8.84509658813477,"Unknown"
"7014851",371865,2025-07-15 02:22:07,43.3576240539551,-8.84516334533691,"Unknown"
"7014851",371865,2025-07-15 02:27:06,43.3578186035156,-8.84545135498047,"Unknown"
"7014851",371865,2025-07-15 02:31:58,43.3580017089844,-8.84559059143066,"Unknown"
"7014851",371865,2025-07-15 02:37:02,43.3575859069824,-8.84548664093018,"Unknown"
"7014851",371865,2025-07-15 02:41:57,43.3579254150391,-8.84531497955322,"Unknown"
"7014851",371865,2025-07-15 02:46:59,43.3571701049805,-8.84460926055908,"Unknown"
"7014851",371865,2025-07-15 02:52:06,43.3571815490723,-8.84531021118164,"Unknown"
"7014851",371865,2025-07-15 02:57:15,43.3575820922852,-8.84548282623291,"Unknown"
"7014851",371865,2025-07-15 03:02:08,43.3576126098633,-8.84517574310303,"Unknown"
"7014851",371865,2025-07-15 03:06:59,43.3575325012207,-8.84512805938721,"Unknown"
"7014851",371865,2025-07-15 03:12:01,43.3574447631836,-8.84475994110107,"Unknown"
"7014851",371865,2025-07-15 03:16:58,43.3576393127441,-8.84480094909668,"Unknown"
"7014851",371865,2025-07-15 03:22:02,43.3574829101562,-8.84557723999023,"Unknown"
"7014851",371865,2025-07-15 03:27:09,43.3581504821777,-8.84594535827637,"Unknown"
"7014851",371865,2025-07-15 03:31:56,43.3568267822266,-8.85846614837646,"Unknown"
"7014851",371865,2025-07-15 03:36:59,43.3441162109375,-8.87730979919434,"Unknown"
"7014851",371865,2025-07-15 03:41:56,43.3340034484863,-8.87185096740723,"Unknown"
"7014851",371865,2025-07-15 03:47:00,43.3355674743652,-8.87135696411133,"Unknown"
"7014851",371865,2025-07-15 03:52:00,43.3360023498535,-8.87173175811768,"Unknown"
"7014851",371865,2025-07-15 03:57:02,43.3362350463867,-8.8720874786377,"Unknown"
"7014851",371865,2025-07-15 04:01:57,43.3414344787598,-8.86537933349609,"Unknown"
"7014851",371865,2025-07-15 04:06:57,43.3683052062988,-8.85228729248047,"Unknown"
"7014851",371865,2025-07-15 04:11:56,43.3727188110352,-8.82655715942383,"Unknown"
"7014851",371865,2025-07-15 04:16:57,43.380126953125,-8.80502700805664,"Unknown"
"7014851",371865,2025-07-15 04:21:57,43.3765029907227,-8.79154014587402,"Unknown"
"7014851",371865,2025-07-15 04:26:58,43.37939453125,-8.80535125732422,"Unknown"
"7014851",371865,2025-07-15 04:31:56,43.3817443847656,-8.81099891662598,"Unknown"
"7014851",371865,2025-07-15 04:37:07,43.3803787231445,-8.84518909454346,"Unknown"
"7014851",371865,2025-07-15 04:42:07,43.3569068908691,-8.84645557403564,"Unknown"
"7014851",371865,2025-07-15 04:47:00,43.3576583862305,-8.84542179107666,"Unknown"
"7014851",371865,2025-07-15 04:52:10,43.3578987121582,-8.84577465057373,"Unknown"
"7014851",371865,2025-07-15 04:56:58,43.3576736450195,-8.84526634216309,"Unknown"
"7014851",371865,2025-07-15 05:02:04,43.3582725524902,-8.8463134765625,"Unknown"
"7014851",371865,2025-07-15 05:06:59,43.3576354980469,-8.84521484375,"Unknown"
"7014851",371865,2025-07-15 05:12:07,43.357364654541,-8.84477996826172,"Unknown"
"7014851",371865,2025-07-15 05:17:53,43.3435173034668,-8.84817886352539,"Unknown"
"7014851",371865,2025-07-15 05:21:56,43.320011138916,-8.84454154968262,"Unknown"
"7014851",371865,2025-07-15 05:26:59,43.3195457458496,-8.84490203857422,"Unknown"
"7014851",371865,2025-07-15 05:31:57,43.3195533752441,-8.84466934204102,"Unknown"
"7014851",371865,2025-07-15 05:36:58,43.3195915222168,-8.84499168395996,"Unknown"
"7014851",371865,2025-07-15 05:41:56,43.3197135925293,-8.84554672241211,"Unknown"
"7014851",371865,2025-07-15 05:47:01,43.3195877075195,-8.84458827972412,"Unknown"
"7014851",371865,2025-07-15 05:51:58,43.3196258544922,-8.84460735321045,"Unknown"
"7014851",371865,2025-07-15 05:56:59,43.3194160461426,-8.844162940979,"Unknown"
"7014851",371865,2025-07-15 06:01:56,43.3320655822754,-8.84937953948975,"Unknown"
"7014851",371865,2025-07-15 06:06:57,43.345947265625,-8.81757640838623,"Unknown"
"7014851",371865,2025-07-15 06:11:55,43.3639869689941,-8.81870746612549,"Unknown"
"7014851",371865,2025-07-15 06:16:59,43.3647651672363,-8.81883811950684,"Unknown"
"7014851",371865,2025-07-15 06:21:57,43.3606109619141,-8.8195743560791,"Unknown"
"7014851",371865,2025-07-15 06:26:56,43.359489440918,-8.82946968078613,"Unknown"
"7014851",371865,2025-07-15 06:32:00,43.3575973510742,-8.84440326690674,"Unknown"
"7014851",371865,2025-07-15 06:36:59,43.3575973510742,-8.84444046020508,"Unknown"
"7014851",371865,2025-07-15 06:42:02,43.3578300476074,-8.84527683258057,"Unknown"
"7014851",371865,2025-07-15 06:46:56,43.3575553894043,-8.84429359436035,"Unknown"
"7014851",371865,2025-07-15 06:51:55,43.3575477600098,-8.84415721893311,"Unknown"
"7014851",371865,2025-07-15 06:56:55,43.3575325012207,-8.84399509429932,"Unknown"
"7014851",371865,2025-07-15 07:01:56,43.3575859069824,-8.84410572052002,"Unknown"
"7014851",371865,2025-07-15 07:06:58,43.3576507568359,-8.84369564056396,"Unknown"
"7014851",371865,2025-07-15 07:12:04,43.3570899963379,-8.84451675415039,"Unknown"
"7014851",371865,2025-07-15 07:16:57,43.3576545715332,-8.84495830535889,"Unknown"
"7014851",371865,2025-07-15 07:21:55,43.3575668334961,-8.84505558013916,"Unknown"
"7014851",371865,2025-07-15 07:26:58,43.3574981689453,-8.845046043396,"Unknown"
"7014851",371865,2025-07-15 07:31:57,43.3577156066895,-8.84501838684082,"Unknown"
"7014851",371865,2025-07-15 07:36:58,43.3576240539551,-8.84486770629883,"Unknown"
"7014851",371865,2025-07-15 07:41:56,43.3575401306152,-8.84487342834473,"Unknown"
"7014851",371865,2025-07-15 07:46:55,43.3575668334961,-8.84486770629883,"Unknown"
"7014851",371865,2025-07-15 07:52:29,43.357608795166,-8.84504795074463,"Unknown"
"7014851",371865,2025-07-15 07:56:57,43.3576774597168,-8.84518146514893,"Unknown"
"7014851",371865,2025-07-15 08:01:55,43.3576622009277,-8.84511280059814,"Unknown"
"7014851",371865,2025-07-15 08:06:55,43.3576393127441,-8.84509468078613,"Unknown"
"7014851",371865,2025-07-15 08:11:55,43.3577423095703,-8.84504127502441,"Unknown"
"7014851",371865,2025-07-15 08:16:55,43.3575973510742,-8.8450345993042,"Unknown"
"7014851",371865,2025-07-15 08:21:57,43.3576278686523,-8.8449878692627,"Unknown"
"7014851",371865,2025-07-15 08:26:57,43.3573265075684,-8.84516334533691,"Unknown"
"7014851",371865,2025-07-15 08:31:58,43.3573112487793,-8.84501647949219,"Unknown"
"7014851",371865,2025-07-15 08:36:56,43.3575134277344,-8.84488105773926,"Unknown"
"7014851",371865,2025-07-15 08:41:55,43.3575630187988,-8.84506130218506,"Unknown"
"7014851",371865,2025-07-15 08:46:55,43.3572692871094,-8.845290184021,"Unknown"
"7014851",371865,2025-07-15 08:51:56,43.3573684692383,-8.84491634368896,"Unknown"
"7014851",371865,2025-07-15 08:56:57,43.3573417663574,-8.84496974945068,"Unknown"
"7014851",371865,2025-07-15 09:02:00,43.3573532104492,-8.84502696990967,"Unknown"
"7014851",371865,2025-07-15 09:06:56,43.3573226928711,-8.8449878692627,"Unknown"
"7014851",371865,2025-07-15 09:11:56,43.3573760986328,-8.84494686126709,"Unknown"
"7014851",371865,2025-07-15 09:16:56,43.3576431274414,-8.84478569030762,"Unknown"
"7014851",371865,2025-07-15 09:21:55,43.3575592041016,-8.84489154815674,"Unknown"
"7014851",371865,2025-07-15 09:26:56,43.3576622009277,-8.8448371887207,"Unknown"
"7014851",371865,2025-07-15 09:31:57,43.3575744628906,-8.844801902771,"Unknown"
"7014851",371865,2025-07-15 09:36:56,43.3576049804688,-8.84481430053711,"Unknown"
"7014851",371865,2025-07-15 09:41:55,43.3575286865234,-8.84490489959717,"Unknown"
"7014851",371865,2025-07-15 09:46:55,43.3576889038086,-8.8447151184082,"Unknown"
"7014851",371865,2025-07-15 09:51:57,43.3576164245605,-8.84470081329346,"Unknown"
"7014851",371865,2025-07-15 09:56:56,43.3576126098633,-8.84476566314697,"Unknown"
"7014851",371865,2025-07-15 10:01:56,43.3575782775879,-8.84488487243652,"Unknown"
"7014851",371865,2025-07-15 10:06:56,43.357593536377,-8.84496212005615,"Unknown"
"7014851",371865,2025-07-15 10:11:56,43.3576316833496,-8.84495449066162,"Unknown"
"7014851",371865,2025-07-15 10:16:56,43.3577995300293,-8.84470748901367,"Unknown"
"7014851",371865,2025-07-15 10:21:55,43.3576469421387,-8.84498405456543,"Unknown"
"7014851",371865,2025-07-15 10:26:56,43.3576469421387,-8.8449821472168,"Unknown"
"7014851",371865,2025-07-15 10:31:56,43.357608795166,-8.84495830535889,"Unknown"
"7014851",371865,2025-07-15 10:36:56,43.3576431274414,-8.84502124786377,"Unknown"
"7014851",371865,2025-07-15 10:42:03,43.3577117919922,-8.84498596191406,"Unknown"
"7014851",371865,2025-07-15 10:46:57,43.3576354980469,-8.84494590759277,"Unknown"
"7014851",371865,2025-07-15 10:52:01,43.3576507568359,-8.84500694274902,"Unknown"
"7014851",371865,2025-07-15 10:57:14,43.3577041625977,-8.84502696990967,"Unknown"
"7014851",371865,2025-07-15 11:01:55,43.3575744628906,-8.8449535369873,"Unknown"
"7014851",371865,2025-07-15 11:06:58,43.3576393127441,-8.84494972229004,"Unknown"
"7014851",371865,2025-07-15 11:11:56,43.3575820922852,-8.8449649810791,"Unknown"
"7014851",371865,2025-07-15 11:16:58,43.35693359375,-8.84493255615234,"Unknown"
"7014851",371865,2025-07-15 11:21:59,43.3575477600098,-8.84517002105713,"Unknown"
"7014851",371865,2025-07-15 11:26:59,43.3581390380859,-8.84541130065918,"Unknown"
"7014851",371865,2025-07-15 11:31:56,43.3575439453125,-8.84517288208008,"Unknown"
"7014851",371865,2025-07-15 11:37:09,43.3576622009277,-8.84575366973877,"Unknown"
"7014851",371865,2025-07-15 11:41:57,43.3581047058105,-8.84555721282959,"Unknown"
"7014851",371865,2025-07-15 11:46:58,43.3579483032227,-8.84590244293213,"Unknown"
"7014851",371865,2025-07-15 11:51:55,43.3647727966309,-8.82309246063232,"Unknown"
"7014851",371865,2025-07-15 11:56:56,43.361141204834,-8.8207426071167,"Unknown"
"7014851",371865,2025-07-15 12:01:59,43.3613624572754,-8.82120418548584,"Unknown"
"7014851",371865,2025-07-15 12:06:58,43.3628387451172,-8.82326602935791,"Unknown"
"7014851",371865,2025-07-15 12:11:58,43.3562316894531,-8.83390045166016,"Unknown"
"7014851",371865,2025-07-15 12:16:58,43.356201171875,-8.83393859863281,"Unknown"
"7014851",371865,2025-07-15 12:21:59,43.3562469482422,-8.83381462097168,"Unknown"
"7014851",371865,2025-07-15 12:26:55,43.3464279174805,-8.84371471405029,"Unknown"
"7014851",371865,2025-07-15 12:32:05,43.3136672973633,-8.85748958587646,"Unknown"
"7014851",371865,2025-07-15 12:36:56,43.3138198852539,-8.85733985900879,"Unknown"
"7014851",371865,2025-07-15 12:41:59,43.3139839172363,-8.85721969604492,"Unknown"
"7014851",371865,2025-07-15 12:46:56,43.3152503967285,-8.85701179504395,"Unknown"
"7014851",371865,2025-07-15 12:51:56,43.3196678161621,-8.8759765625,"Unknown"
"7014851",371865,2025-07-15 12:57:29,43.3196907043457,-8.87591361999512,"Unknown"
"7014851",371865,2025-07-15 13:01:55,43.3196907043457,-8.87589263916016,"Unknown"
"7014851",371865,2025-07-15 13:06:57,43.3196105957031,-8.87586975097656,"Unknown"
"7014851",371865,2025-07-15 13:11:56,43.3196296691895,-8.8757848739624,"Unknown"
"7014851",371865,2025-07-15 13:16:57,43.3197860717773,-8.87586498260498,"Unknown"
"7014851",371865,2025-07-15 13:21:59,43.3202972412109,-8.87602996826172,"Unknown"
"7014851",371865,2025-07-15 13:26:55,43.3200035095215,-8.87607097625732,"Unknown"
"7014851",371865,2025-07-15 13:32:01,43.3199691772461,-8.87601757049561,"Unknown"
"7014851",371865,2025-07-15 13:36:56,43.320068359375,-8.8760232925415,"Unknown"
"7014851",371865,2025-07-15 13:41:59,43.3197746276855,-8.87578582763672,"Unknown"
"7014851",371865,2025-07-15 13:46:56,43.3198585510254,-8.8759593963623,"Unknown"
"7014851",371865,2025-07-15 13:51:56,43.3198928833008,-8.87597179412842,"Unknown"
"7014851",371865,2025-07-15 13:56:56,43.3199005126953,-8.87613677978516,"Unknown"
"7014851",371865,2025-07-15 14:01:56,43.31982421875,-8.87636756896973,"Unknown"
"7014851",371865,2025-07-15 14:06:56,43.3198432922363,-8.87637519836426,"Unknown"
"7014851",371865,2025-07-15 14:11:57,43.3199806213379,-8.87622165679932,"Unknown"
"7014851",371865,2025-07-15 14:16:57,43.319995880127,-8.87610149383545,"Unknown"
"7014851",371865,2025-07-15 14:21:56,43.3199501037598,-8.87606143951416,"Unknown"
"7014851",371865,2025-07-15 14:26:56,43.3199653625488,-8.8761100769043,"Unknown"
"7014851",371865,2025-07-15 14:31:57,43.3197174072266,-8.87635231018066,"Unknown"
"7014851",371865,2025-07-15 14:36:56,43.3198547363281,-8.87612056732178,"Unknown"
"7014851",371865,2025-07-15 14:41:57,43.3198661804199,-8.87584781646729,"Unknown"
"7014851",371865,2025-07-15 14:46:57,43.3198165893555,-8.87595558166504,"Unknown"
"7014851",371865,2025-07-15 14:51:57,43.320140838623,-8.87565898895264,"Unknown"
"7014851",371865,2025-07-15 14:56:56,43.3216209411621,-8.87354469299316,"Unknown"
"7014851",371865,2025-07-15 15:01:57,43.3141975402832,-8.85727310180664,"Unknown"
"7014851",371865,2025-07-15 15:06:57,43.3142509460449,-8.85728073120117,"Unknown"
"7014851",371865,2025-07-15 15:11:56,43.3209648132324,-8.86196422576904,"Unknown"
"7014851",371865,2025-07-15 15:16:56,43.3256225585938,-8.85331535339355,"Unknown"
"7014851",371865,2025-07-15 15:21:58,43.3417663574219,-8.8435697555542,"Unknown"
"7014851",371865,2025-07-15 15:26:56,43.340633392334,-8.84167957305908,"Unknown"
"7014851",371865,2025-07-15 15:31:57,43.341381072998,-8.8436450958252,"Unknown"
"7014851",371865,2025-07-15 15:36:57,43.3405952453613,-8.84189701080322,"Unknown"
"7014851",371865,2025-07-15 15:41:57,43.3415565490723,-8.84371662139893,"Unknown"
"7014851",371865,2025-07-15 15:46:57,43.3415679931641,-8.84372901916504,"Unknown"
"7014851",371865,2025-07-15 15:51:57,43.3476257324219,-8.83942890167236,"Unknown"
"7014851",371865,2025-07-15 15:56:57,43.3636512756348,-8.81671524047852,"Unknown"
"7014851",371865,2025-07-15 16:01:58,43.3640289306641,-8.81653118133545,"Unknown"
"7014851",371865,2025-07-15 16:06:57,43.3640937805176,-8.81523323059082,"Unknown"
"7014851",371865,2025-07-15 16:11:58,43.3639984130859,-8.81466102600098,"Unknown"
"7014851",371865,2025-07-15 16:16:58,43.3626747131348,-8.81392765045166,"Unknown"
"7014851",371865,2025-07-15 16:21:58,43.3578643798828,-8.84541606903076,"Unknown"
"7014851",371865,2025-07-15 16:26:56,43.3578338623047,-8.84537982940674,"Unknown"
"7014851",371865,2025-07-15 16:31:57,43.3578338623047,-8.84553527832031,"Unknown"
"7014851",371865,2025-07-15 16:36:57,43.3579330444336,-8.8455114364624,"Unknown"
"7014851",371865,2025-07-15 16:41:58,43.357967376709,-8.84548187255859,"Unknown"
"7014851",371865,2025-07-15 16:46:59,43.358024597168,-8.84553718566895,"Unknown"
"7014851",371865,2025-07-15 16:51:57,43.3578338623047,-8.84584903717041,"Unknown"
"7014851",371865,2025-07-15 16:56:57,43.3581314086914,-8.84566688537598,"Unknown"
"7014851",371865,2025-07-15 17:01:57,43.3580017089844,-8.84551906585693,"Unknown"
"7014851",371865,2025-07-15 17:06:57,43.3579711914062,-8.84553813934326,"Unknown"
"7014851",371865,2025-07-15 17:11:57,43.3578872680664,-8.84550285339355,"Unknown"
"7014851",371865,2025-07-15 17:16:58,43.3579368591309,-8.8454418182373,"Unknown"
"7014851",371865,2025-07-15 17:21:57,43.3579483032227,-8.84543323516846,"Unknown"
"7014851",371865,2025-07-15 17:26:57,43.3579940795898,-8.84542846679688,"Unknown"
"7014851",371865,2025-07-15 17:31:57,43.3580093383789,-8.84546375274658,"Unknown"
"7014851",371865,2025-07-15 17:37:05,43.3582229614258,-8.84606456756592,"Unknown"
"7014851",371865,2025-07-15 17:41:57,43.3575057983398,-8.84565258026123,"Unknown"
"7014851",371865,2025-07-15 17:46:57,43.3585395812988,-8.8450927734375,"Unknown"
"7014851",371865,2025-07-15 17:51:58,43.3578300476074,-8.84570598602295,"Unknown"
"7014851",371865,2025-07-15 17:56:57,43.3574333190918,-8.84574317932129,"Unknown"
"7014851",371865,2025-07-15 18:01:58,43.3572463989258,-8.84593486785889,"Unknown"
"7014851",371865,2025-07-15 18:06:57,43.3572387695312,-8.84580707550049,"Unknown"
"7014851",371865,2025-07-15 18:11:57,43.3573608398438,-8.84571552276611,"Unknown"
"7014851",371865,2025-07-15 18:16:57,43.3572692871094,-8.84572792053223,"Unknown"
"7014851",371865,2025-07-15 18:21:58,43.3581008911133,-8.84494686126709,"Unknown"
"7014851",371865,2025-07-15 18:26:58,43.358283996582,-8.84484004974365,"Unknown"
"7014851",371865,2025-07-15 18:31:57,43.3574066162109,-8.84546089172363,"Unknown"
"7014851",371865,2025-07-15 18:36:58,43.3578567504883,-8.84518527984619,"Unknown"
"7014851",371865,2025-07-15 18:41:58,43.3576850891113,-8.84527492523193,"Unknown"
"7014851",371865,2025-07-15 18:46:58,43.357852935791,-8.84470176696777,"Unknown"
"7014851",371865,2025-07-15 18:51:58,43.357795715332,-8.84517765045166,"Unknown"
"7014851",371865,2025-07-15 18:57:00,43.3579940795898,-8.84511756896973,"Unknown"
"7014851",371865,2025-07-15 19:01:58,43.358024597168,-8.84526443481445,"Unknown"
"7014851",371865,2025-07-15 19:06:59,43.3581390380859,-8.84502792358398,"Unknown"
"7014851",371865,2025-07-15 19:11:57,43.3581619262695,-8.84503269195557,"Unknown"
"7014851",371865,2025-07-15 19:17:01,43.3576202392578,-8.84489631652832,"Unknown"
"7014851",371865,2025-07-15 19:21:57,43.3581886291504,-8.84507751464844,"Unknown"
"7014851",371865,2025-07-15 19:27:01,43.3573150634766,-8.84572219848633,"Unknown"
"7014851",371865,2025-07-15 19:31:58,43.3581352233887,-8.84506225585938,"Unknown"
"7014851",371865,2025-07-15 19:36:58,43.3661727905273,-8.83813953399658,"Unknown"
"7014851",371865,2025-07-15 19:41:58,43.3629837036133,-8.84412574768066,"Unknown"
"7014851",371865,2025-07-15 19:48:20,43.3574981689453,-8.84721946716309,"Unknown"
"7014851",371865,2025-07-15 19:52:34,43.3573722839355,-8.84737682342529,"Unknown"
"7014851",371865,2025-07-15 19:57:53,43.3578491210938,-8.84716701507568,"Unknown"
"7014851",371865,2025-07-15 20:02:59,43.3576698303223,-8.84490203857422,"Unknown"
"7014851",371865,2025-07-15 20:07:30,43.3575019836426,-8.84500598907471,"Unknown"
"7014851",371865,2025-07-15 20:12:29,43.3573265075684,-8.84557151794434,"Unknown"
"7014851",371865,2025-07-15 20:17:29,43.3573112487793,-8.84569072723389,"Unknown"
"7014851",371865,2025-07-15 20:22:37,43.357738494873,-8.84488105773926,"Unknown"
"7014851",371865,2025-07-15 20:27:29,43.3573875427246,-8.84517192840576,"Unknown"
"7014851",371865,2025-07-15 20:32:29,43.3578109741211,-8.84475803375244,"Unknown"
"7014851",371865,2025-07-15 20:37:30,43.3573684692383,-8.84533023834229,"Unknown"
"7014851",371865,2025-07-15 20:42:37,43.3576393127441,-8.84465026855469,"Unknown"
"7014851",371865,2025-07-15 20:48:05,43.3575820922852,-8.84482860565186,"Unknown"
"7014851",371865,2025-07-15 20:52:29,43.3574905395508,-8.84497928619385,"Unknown"
"7014851",371865,2025-07-15 20:57:29,43.3584289550781,-8.84558391571045,"Unknown"
"7014851",371865,2025-07-15 21:02:29,43.3518600463867,-8.81987190246582,"Unknown"
"7014851",371865,2025-07-15 21:07:29,43.3647155761719,-8.82452964782715,"Unknown"
"7014851",371865,2025-07-15 21:12:30,43.365364074707,-8.8301830291748,"Unknown"
"7014851",371865,2025-07-15 21:17:30,43.3658256530762,-8.8314905166626,"Unknown"
"7014851",371865,2025-07-15 21:22:29,43.357421875,-8.84504127502441,"Unknown"
"7014851",371865,2025-07-15 21:27:40,43.3573684692383,-8.84506416320801,"Unknown"
"7014851",371865,2025-07-15 21:32:31,43.3573226928711,-8.84520053863525,"Unknown"
"7014851",371865,2025-07-15 21:37:30,43.3572731018066,-8.84525299072266,"Unknown"
"7014851",371865,2025-07-15 21:42:30,43.3572959899902,-8.84517574310303,"Unknown"
"7014851",371865,2025-07-15 21:47:36,43.3575744628906,-8.84506320953369,"Unknown"
"7014851",371865,2025-07-15 21:52:29,43.3574676513672,-8.844970703125,"Unknown"
"7014851",371865,2025-07-15 21:57:29,43.3574638366699,-8.84494686126709,"Unknown"
"7014851",371865,2025-07-15 22:02:29,43.3575210571289,-8.84496688842773,"Unknown"
"7014851",371865,2025-07-15 22:07:29,43.3574676513672,-8.84501361846924,"Unknown"
"7014851",371865,2025-07-15 22:12:29,43.3575782775879,-8.84503364562988,"Unknown"
"7014851",371865,2025-07-15 22:17:29,43.3575744628906,-8.84496402740479,"Unknown"
"7014851",371865,2025-07-15 22:22:31,43.3575439453125,-8.84498500823975,"Unknown"
"7014851",371865,2025-07-15 22:27:29,43.3575744628906,-8.84504413604736,"Unknown"
"7014851",371865,2025-07-15 22:32:29,43.3577461242676,-8.84491634368896,"Unknown"
"7014851",371865,2025-07-15 22:37:30,43.3575439453125,-8.84500026702881,"Unknown"
"7014851",371865,2025-07-15 22:42:30,43.357795715332,-8.84496021270752,"Unknown"
"7014851",371865,2025-07-15 22:47:31,43.3579406738281,-8.84495067596436,"Unknown"
"7014851",371865,2025-07-15 22:52:31,43.3579635620117,-8.8449592590332,"Unknown"
"7014851",371865,2025-07-15 22:57:32,43.357738494873,-8.84514331817627,"Unknown"
"7014851",371865,2025-07-15 23:02:31,43.3581352233887,-8.84494590759277,"Unknown"
"7014851",371865,2025-07-15 23:07:40,43.3577308654785,-8.84521389007568,"Unknown"
"7014851",371865,2025-07-15 23:12:32,43.3578491210938,-8.84509181976318,"Unknown"
"7014851",371865,2025-07-15 23:17:31,43.3579864501953,-8.84505558013916,"Unknown"
"7014851",371865,2025-07-15 23:22:29,43.3578109741211,-8.84519958496094,"Unknown"
"7014851",371865,2025-07-15 23:27:28,43.3578186035156,-8.84512329101562,"Unknown"
"7014851",371865,2025-07-15 23:32:28,43.357837677002,-8.84525394439697,"Unknown"
"7014851",371865,2025-07-15 23:37:28,43.357852935791,-8.84524250030518,"Unknown"
"7014851",371865,2025-07-15 23:42:28,43.357837677002,-8.84523582458496,"Unknown"
"7014851",371865,2025-07-15 23:47:29,43.3578987121582,-8.84532260894775,"Unknown"
"7014851",371865,2025-07-15 23:52:29,43.3578643798828,-8.84537315368652,"Unknown"
"7014851",371865,2025-07-15 23:57:44,43.3576354980469,-8.84572219848633,"Unknown"
"7014851",371865,2025-07-16 00:02:30,43.3578147888184,-8.84541702270508,"Unknown"
"7014851",371865,2025-07-16 00:07:29,43.3577842712402,-8.84554100036621,"Unknown"
"7014851",371865,2025-07-16 00:12:28,43.3576278686523,-8.84572315216064,"Unknown"
"7014851",371865,2025-07-16 00:17:31,43.3577995300293,-8.84542942047119,"Unknown"
"7014851",371865,2025-07-16 00:22:28,43.357837677002,-8.84542369842529,"Unknown"
"7014851",371865,2025-07-16 00:27:29,43.3577995300293,-8.8454418182373,"Unknown"
"7014851",371865,2025-07-16 00:32:29,43.3577995300293,-8.84541606903076,"Unknown"
"7014851",371865,2025-07-16 00:37:30,43.3578300476074,-8.84542560577393,"Unknown"
"7014851",371865,2025-07-16 00:42:29,43.3579597473145,-8.84546375274658,"Unknown"
"7014851",371865,2025-07-16 00:47:33,43.3578453063965,-8.84531784057617,"Unknown"
"7014851",371865,2025-07-16 00:52:29,43.3578720092773,-8.84536361694336,"Unknown"
"7014851",371865,2025-07-16 00:57:29,43.3578491210938,-8.84535694122314,"Unknown"
"7014851",371865,2025-07-16 01:02:30,43.3578948974609,-8.84538078308105,"Unknown"
"7014851",371865,2025-07-16 01:07:30,43.3578987121582,-8.84549331665039,"Unknown"
"7014851",371865,2025-07-16 01:12:29,43.3579368591309,-8.84545230865479,"Unknown"
"7014851",371865,2025-07-16 01:17:31,43.3578338623047,-8.84535217285156,"Unknown"
"7014851",371865,2025-07-16 01:22:30,43.357852935791,-8.84539699554443,"Unknown"
"7014851",371865,2025-07-16 01:27:31,43.357795715332,-8.84537315368652,"Unknown"
"7014851",371865,2025-07-16 01:32:30,43.3578643798828,-8.84541988372803,"Unknown"
"7014851",371865,2025-07-16 01:37:29,43.3579254150391,-8.84538745880127,"Unknown"
"7014851",371865,2025-07-16 01:42:30,43.3578796386719,-8.84550094604492,"Unknown"
"7014851",371865,2025-07-16 01:47:29,43.3579559326172,-8.8453483581543,"Unknown"
"7014851",371865,2025-07-16 01:52:29,43.3579254150391,-8.84542179107666,"Unknown"
"7014851",371865,2025-07-16 01:57:29,43.3579406738281,-8.8453254699707,"Unknown"
"7014851",371865,2025-07-16 02:02:30,43.3578987121582,-8.84537029266357,"Unknown"
"7014851",371865,2025-07-16 02:07:29,43.3579330444336,-8.84529590606689,"Unknown"
"7014851",371865,2025-07-16 02:12:30,43.3579254150391,-8.84523868560791,"Unknown"
"7014851",371865,2025-07-16 02:17:30,43.3579254150391,-8.8452033996582,"Unknown"
"7014851",371865,2025-07-16 02:22:36,43.3578567504883,-8.8453197479248,"Unknown"
"7014851",371865,2025-07-16 02:27:36,43.3578491210938,-8.84532070159912,"Unknown"
"7014851",371865,2025-07-16 02:32:31,43.3578987121582,-8.84524440765381,"Unknown"
"7014851",371865,2025-07-16 02:37:31,43.3578262329102,-8.84531116485596,"Unknown"
"7014851",371865,2025-07-16 02:42:31,43.357852935791,-8.84526920318604,"Unknown"
"7014851",371865,2025-07-16 02:47:31,43.3578224182129,-8.84531307220459,"Unknown"
"7014851",371865,2025-07-16 02:52:39,43.3575630187988,-8.84558486938477,"Unknown"
"7014851",371865,2025-07-16 02:57:30,43.3577308654785,-8.84541797637939,"Unknown"
"7014851",371865,2025-07-16 03:02:30,43.3576965332031,-8.84536933898926,"Unknown"
"7014851",371865,2025-07-16 03:07:31,43.3576583862305,-8.84539222717285,"Unknown"
"7014851",371865,2025-07-16 03:12:31,43.3578338623047,-8.84520721435547,"Unknown"
"7014851",371865,2025-07-16 03:17:41,43.357723236084,-8.8452033996582,"Unknown"
"7014851",371865,2025-07-16 03:22:29,43.3577270507812,-8.84526443481445,"Unknown"
"7014851",371865,2025-07-16 03:27:30,43.3577766418457,-8.84534740447998,"Unknown"
"7014851",371865,2025-07-16 03:32:28,43.3632507324219,-8.84519195556641,"Unknown"
"7014851",371865,2025-07-16 03:37:35,43.3643112182617,-8.82348728179932,"Unknown"
"7014851",371865,2025-07-16 03:42:31,43.3641662597656,-8.82332897186279,"Unknown"
"7014851",371865,2025-07-16 03:47:31,43.3638572692871,-8.82313919067383,"Unknown"
"7014851",371865,2025-07-16 03:52:30,43.3636360168457,-8.82299900054932,"Unknown"
"7014851",371865,2025-07-16 03:57:33,43.3656272888184,-8.82347011566162,"Unknown"
"7014851",371865,2025-07-16 04:02:30,43.3655700683594,-8.82347202301025,"Unknown"
"7014851",371865,2025-07-16 04:07:30,43.3652153015137,-8.8236608505249,"Unknown"
"7014851",371865,2025-07-16 04:12:30,43.3655662536621,-8.824143409729,"Unknown"
"7014851",371865,2025-07-16 04:17:31,43.3652954101562,-8.82469272613525,"Unknown"
"7014851",371865,2025-07-16 04:22:29,43.3643035888672,-8.82923126220703,"Unknown"
"7014851",371865,2025-07-16 04:27:29,43.3580093383789,-8.84523105621338,"Unknown"
"7014851",371865,2025-07-16 04:32:29,43.3580360412598,-8.8451509475708,"Unknown"
"7014851",371865,2025-07-16 04:37:35,43.3580513000488,-8.84519863128662,"Unknown"
"7014851",371865,2025-07-16 04:42:29,43.3581123352051,-8.84533309936523,"Unknown"
"7014851",371865,2025-07-16 04:47:31,43.3583869934082,-8.84508037567139,"Unknown"
"7014851",371865,2025-07-16 04:52:30,43.3584213256836,-8.8454761505127,"Unknown"
"7014851",371865,2025-07-16 04:57:30,43.3584594726562,-8.84479713439941,"Unknown"
"7014851",371865,2025-07-16 05:02:37,43.3586769104004,-8.84545516967773,"Unknown"
"7014851",371865,2025-07-16 05:07:35,43.358814239502,-8.84515285491943,"Unknown"
"7014851",371865,2025-07-16 05:12:30,43.3583526611328,-8.84513282775879,"Unknown"
"7014851",371865,2025-07-16 05:17:31,43.358470916748,-8.84497165679932,"Unknown"
"7014851",371865,2025-07-16 05:22:34,43.3586959838867,-8.84547805786133,"Unknown"
"7014851",371865,2025-07-16 05:27:30,43.3582725524902,-8.8451042175293,"Unknown"
"7014851",371865,2025-07-16 05:32:34,43.3578491210938,-8.84413528442383,"Unknown"
"7014851",371865,2025-07-16 05:37:32,43.357967376709,-8.84448909759521,"Unknown"
"7014851",371865,2025-07-16 05:42:33,43.357608795166,-8.8445520401001,"Unknown"
"7014851",371865,2025-07-16 05:47:29,43.3580207824707,-8.84423732757568,"Unknown"
"7014851",371865,2025-07-16 05:52:31,43.3582878112793,-8.84456729888916,"Unknown"
"7014851",371865,2025-07-16 05:57:31,43.3582611083984,-8.84458255767822,"Unknown"
"7014851",371865,2025-07-16 06:02:44,43.358325958252,-8.84560775756836,"Unknown"
"7014851",371865,2025-07-16 06:07:32,43.3580932617188,-8.84554862976074,"Unknown"
"7014851",371865,2025-07-16 06:12:31,43.3581352233887,-8.845627784729,"Unknown"
"7014851",371865,2025-07-16 06:17:28,43.3719100952148,-8.85245037078857,"Unknown"
"7014851",371865,2025-07-16 06:22:29,43.3734703063965,-8.85109901428223,"Unknown"
"7014851",371865,2025-07-16 06:27:28,43.3567314147949,-8.84443759918213,"Unknown"
"7014851",371865,2025-07-16 06:32:29,43.358081817627,-8.84563636779785,"Unknown"
"7014851",371865,2025-07-16 06:37:28,43.357967376709,-8.84547901153564,"Unknown"
"7014851",371865,2025-07-16 06:42:28,43.3580093383789,-8.84554958343506,"Unknown"
"7014851",371865,2025-07-16 06:47:29,43.3578224182129,-8.84539413452148,"Unknown"
"7014851",371865,2025-07-16 06:52:29,43.3578414916992,-8.84526634216309,"Unknown"
"7014851",371865,2025-07-16 06:57:31,43.3577117919922,-8.84508037567139,"Unknown"
"7014851",371865,2025-07-16 07:02:31,43.3576202392578,-8.84505558013916,"Unknown"
"7014851",371865,2025-07-16 07:07:33,43.3578071594238,-8.84515476226807,"Unknown"
"7014851",371865,2025-07-16 07:12:31,43.3577079772949,-8.84512329101562,"Unknown"
"7014851",371865,2025-07-16 07:17:31,43.3576774597168,-8.84513854980469,"Unknown"
"7014851",371865,2025-07-16 07:22:30,43.3575210571289,-8.84454441070557,"Unknown"
"7014851",371865,2025-07-16 07:27:34,43.3573341369629,-8.84471225738525,"Unknown"
"7014851",371865,2025-07-16 07:32:41,43.3575325012207,-8.8451452255249,"Unknown"
"7014851",371865,2025-07-16 07:37:29,43.357105255127,-8.84504318237305,"Unknown"
"7014851",371865,2025-07-16 07:42:30,43.3576850891113,-8.8453254699707,"Unknown"
"7014851",371865,2025-07-16 07:47:31,43.3576469421387,-8.84522914886475,"Unknown"
"7014851",371865,2025-07-16 07:52:28,43.3574295043945,-8.84500217437744,"Unknown"
"7014851",371865,2025-07-16 07:57:30,43.357608795166,-8.84495067596436,"Unknown"
"7014851",371865,2025-07-16 08:02:29,43.3573799133301,-8.84493732452393,"Unknown"
"7014851",371865,2025-07-16 08:07:33,43.3576965332031,-8.84491729736328,"Unknown"
"7014851",371865,2025-07-16 08:12:34,43.3574523925781,-8.84471893310547,"Unknown"
"7014851",371865,2025-07-16 08:17:36,43.3579483032227,-8.84542655944824,"Unknown"
"7014851",371865,2025-07-16 08:22:36,43.3582611083984,-8.8455924987793,"Unknown"
"7014851",371865,2025-07-16 08:27:33,43.3579978942871,-8.84538459777832,"Unknown"
"7014851",371865,2025-07-16 08:32:58,43.358283996582,-8.84512519836426,"Unknown"
"7014851",371865,2025-07-16 08:37:40,43.3573379516602,-8.84486103057861,"Unknown"
"7014851",371865,2025-07-16 08:42:37,43.357536315918,-8.84521675109863,"Unknown"
"7014851",371865,2025-07-16 08:47:33,43.3570518493652,-8.8447790145874,"Unknown"
"7014851",371865,2025-07-16 08:52:36,43.3573951721191,-8.8448657989502,"Unknown"
"7014851",371865,2025-07-16 08:57:33,43.3573913574219,-8.84476280212402,"Unknown"
"7014851",371865,2025-07-16 09:02:31,43.3569869995117,-8.84469604492188,"Unknown"
"7014851",371865,2025-07-16 09:07:34,43.3571815490723,-8.84467506408691,"Unknown"
"7014851",371865,2025-07-16 09:12:28,43.3573226928711,-8.84469509124756,"Unknown"
"7014851",371865,2025-07-16 09:17:36,43.3572845458984,-8.84487533569336,"Unknown"
"7014851",371865,2025-07-16 09:22:31,43.3568878173828,-8.84484386444092,"Unknown"
"7014851",371865,2025-07-16 09:27:30,43.3572883605957,-8.84483051300049,"Unknown"
"7014851",371865,2025-07-16 09:32:43,43.3575973510742,-8.84494495391846,"Unknown"
"7014851",371865,2025-07-16 09:37:29,43.3575553894043,-8.8451623916626,"Unknown"
"7014851",371865,2025-07-16 09:42:28,43.3577041625977,-8.84482383728027,"Unknown"
"7014851",371865,2025-07-16 09:47:33,43.3577194213867,-8.84498882293701,"Unknown"
"7014851",371865,2025-07-16 09:52:28,43.3578605651855,-8.8447790145874,"Unknown"
"7014851",371865,2025-07-16 09:57:31,43.3564758300781,-8.84554481506348,"Unknown"
"7014851",371865,2025-07-16 10:02:31,43.3572769165039,-8.84528350830078,"Unknown"
"7014851",371865,2025-07-16 10:07:34,43.3578834533691,-8.8450870513916,"Unknown"
"7014851",371865,2025-07-16 10:12:28,43.3576698303223,-8.84526348114014,"Unknown"
"7014851",371865,2025-07-16 10:17:35,43.3575134277344,-8.84523010253906,"Unknown"
"7014851",371865,2025-07-16 10:22:39,43.3670692443848,-8.83264923095703,"Unknown"
"7014851",371865,2025-07-16 10:28:11,43.3708038330078,-8.83025169372559,"Unknown"
"7014851",371865,2025-07-16 10:32:44,43.3655586242676,-8.82999515533447,"Unknown"
"7014851",371865,2025-07-16 10:38:22,43.3578033447266,-8.84565258026123,"Unknown"
"7014851",371865,2025-07-16 10:43:30,43.3578338623047,-8.84613800048828,"Unknown"
"7014851",371865,2025-07-16 10:48:51,43.3578033447266,-8.84629249572754,"Unknown"
"7014851",371865,2025-07-16 10:52:29,43.3576774597168,-8.84490489959717,"Unknown"
"7014851",371865,2025-07-16 10:57:29,43.3577690124512,-8.84496974945068,"Unknown"
"7014851",371865,2025-07-16 11:02:28,43.3580513000488,-8.84497547149658,"Unknown"
"7014851",371865,2025-07-16 11:07:30,43.3579292297363,-8.8450288772583,"Unknown"
"7014851",371865,2025-07-16 11:12:29,43.3578758239746,-8.8450403213501,"Unknown"
"7014851",371865,2025-07-16 11:17:29,43.3578414916992,-8.84502696990967,"Unknown"
"7014851",371865,2025-07-16 11:22:28,43.3578147888184,-8.84501838684082,"Unknown"
"7014851",371865,2025-07-16 11:27:29,43.3579292297363,-8.84501552581787,"Unknown"
"7014851",371865,2025-07-16 11:32:29,43.3578872680664,-8.84505367279053,"Unknown"
"7014851",371865,2025-07-16 11:37:28,43.357967376709,-8.84505367279053,"Unknown"
"7014851",371865,2025-07-16 11:42:28,43.3579368591309,-8.84506511688232,"Unknown"
"7014851",371865,2025-07-16 11:47:28,43.3578910827637,-8.84503269195557,"Unknown"
"7014851",371865,2025-07-16 11:52:29,43.3578910827637,-8.84508800506592,"Unknown"
"7014851",371865,2025-07-16 11:57:30,43.3579254150391,-8.84491920471191,"Unknown"
"7014851",371865,2025-07-16 12:02:29,43.3574867248535,-8.84492206573486,"Unknown"
"7014851",371865,2025-07-16 12:07:28,43.357666015625,-8.84500026702881,"Unknown"
"7014851",371865,2025-07-16 12:12:28,43.3574714660645,-8.84499740600586,"Unknown"
"7014851",371865,2025-07-16 12:17:28,43.3576583862305,-8.84513473510742,"Unknown"
"7014851",371865,2025-07-16 12:22:28,43.3576507568359,-8.8452033996582,"Unknown"
"7014851",371865,2025-07-16 12:27:28,43.3576049804688,-8.84499931335449,"Unknown"
"7014851",371865,2025-07-16 12:32:29,43.3577880859375,-8.8452320098877,"Unknown"
"7014851",371865,2025-07-16 12:37:28,43.357780456543,-8.84519481658936,"Unknown"
"7014851",371865,2025-07-16 12:42:29,43.357738494873,-8.84536075592041,"Unknown"
"7014851",371865,2025-07-16 12:47:30,43.3576889038086,-8.84521865844727,"Unknown"
"7014851",371865,2025-07-16 12:52:28,43.3578300476074,-8.84510326385498,"Unknown"
"7014851",371865,2025-07-16 12:57:28,43.3576583862305,-8.8451976776123,"Unknown"
"7014851",371865,2025-07-16 13:02:34,43.3574676513672,-8.84506225585938,"Unknown"
"7014851",371865,2025-07-16 13:07:31,43.3576011657715,-8.8450984954834,"Unknown"
"7014851",371865,2025-07-16 13:12:28,43.3576698303223,-8.84528350830078,"Unknown"
"7014851",371865,2025-07-16 13:17:29,43.3576889038086,-8.84516334533691,"Unknown"
"7014851",371865,2025-07-16 13:22:30,43.3576850891113,-8.8449764251709,"Unknown"
"7014851",371865,2025-07-16 13:27:30,43.3576889038086,-8.84515857696533,"Unknown"
"7014851",371865,2025-07-16 13:32:34,43.3576049804688,-8.84509563446045,"Unknown"
"7014851",371865,2025-07-16 13:37:31,43.3575401306152,-8.84507465362549,"Unknown"
"7014851",371865,2025-07-16 13:42:34,43.3576202392578,-8.84511375427246,"Unknown"
"7014851",371865,2025-07-16 13:47:29,43.3575782775879,-8.84508991241455,"Unknown"
"7014851",371865,2025-07-16 13:52:34,43.357292175293,-8.84525585174561,"Unknown"
"7014851",371865,2025-07-16 13:57:41,43.357479095459,-8.84529304504395,"Unknown"
"7014851",371865,2025-07-16 14:02:32,43.357780456543,-8.84510135650635,"Unknown"
"7014851",371865,2025-07-16 14:07:35,43.3577575683594,-8.84526538848877,"Unknown"
"7014851",371865,2025-07-16 14:12:31,43.3565444946289,-8.84386920928955,"Unknown"
"7014851",371865,2025-07-16 14:17:35,43.3570861816406,-8.84604263305664,"Unknown"
"7014851",371865,2025-07-16 14:22:28,43.3601264953613,-8.84900093078613,"Unknown"
"7014851",371865,2025-07-16 14:27:38,43.3576011657715,-8.84494972229004,"Unknown"
"7014851",371865,2025-07-16 14:32:34,43.3576164245605,-8.84500503540039,"Unknown"
"7014851",371865,2025-07-16 14:37:29,43.360725402832,-8.84775161743164,"Unknown"
"7014851",371865,2025-07-16 14:42:31,43.3579483032227,-8.84538841247559,"Unknown"
"7014851",371865,2025-07-16 14:47:37,43.3578186035156,-8.84455871582031,"Unknown"
"7014851",371865,2025-07-16 14:52:37,43.3575019836426,-8.8449068069458,"Unknown"
"7014851",371865,2025-07-16 14:57:37,43.3576774597168,-8.8449649810791,"Unknown"
"7014851",371865,2025-07-16 15:02:37,43.3574905395508,-8.84454536437988,"Unknown"
"7014851",371865,2025-07-16 15:07:38,43.3575439453125,-8.84481048583984,"Unknown"
"7014851",371865,2025-07-16 15:12:38,43.357608795166,-8.8447961807251,"Unknown"
"7014851",371865,2025-07-16 15:17:38,43.3576469421387,-8.84469127655029,"Unknown"
"7014851",371865,2025-07-16 15:22:37,43.3704681396484,-8.827956199646,"Unknown"
"7014851",371865,2025-07-16 15:27:37,43.3760604858398,-8.81747627258301,"Unknown"
"7014851",371865,2025-07-16 15:32:40,43.3739051818848,-8.82208347320557,"Unknown"
"7014851",371865,2025-07-16 15:37:38,43.3607864379883,-8.84748840332031,"Unknown"
"7014851",371865,2025-07-16 15:42:44,43.3573722839355,-8.84604549407959,"Unknown"
"7014851",371865,2025-07-16 15:47:46,43.3581695556641,-8.8460750579834,"Unknown"
"7014851",371865,2025-07-16 15:52:37,43.3578681945801,-8.84520435333252,"Unknown"
"7014851",371865,2025-07-16 15:57:40,43.3576736450195,-8.84469699859619,"Unknown"
"7014851",371865,2025-07-16 16:02:36,43.3578453063965,-8.84499263763428,"Unknown"
"7014851",371865,2025-07-16 16:07:35,43.3576736450195,-8.84469223022461,"Unknown"
"7014851",371865,2025-07-16 16:12:35,43.3577919006348,-8.84474277496338,"Unknown"
"7014851",371865,2025-07-16 16:17:34,43.3577537536621,-8.8447904586792,"Unknown"
"7014851",371865,2025-07-16 16:22:33,43.3577308654785,-8.84493732452393,"Unknown"
"7014851",371865,2025-07-16 16:27:33,43.3579978942871,-8.84493732452393,"Unknown"
"7014851",371865,2025-07-16 16:32:30,43.3577194213867,-8.84489631652832,"Unknown"
"7014851",371865,2025-07-16 16:37:59,43.3577041625977,-8.84485912322998,"Unknown"
"7014851",371865,2025-07-16 16:42:27,43.3577156066895,-8.84532451629639,"Unknown"
"7014851",371865,2025-07-16 16:47:34,43.3576202392578,-8.84524917602539,"Unknown"
"7014851",371865,2025-07-16 16:52:27,43.3577117919922,-8.84535884857178,"Unknown"
"7014851",371865,2025-07-16 16:57:31,43.3577156066895,-8.8447961807251,"Unknown"
"7014851",371865,2025-07-16 17:02:27,43.3582878112793,-8.8461856842041,"Unknown"
"7014851",371865,2025-07-16 17:07:27,43.3585395812988,-8.84635925292969,"Unknown"
"7014851",371865,2025-07-16 17:12:29,43.3589210510254,-8.84651184082031,"Unknown"
"7014851",371865,2025-07-16 17:17:28,43.3589782714844,-8.84656524658203,"Unknown"
"7014851",371865,2025-07-16 17:22:28,43.3594245910645,-8.84652137756348,"Unknown"
"7014851",371865,2025-07-16 17:27:36,43.3581619262695,-8.84479236602783,"Unknown"
"7014851",371865,2025-07-16 17:32:35,43.3582344055176,-8.84463596343994,"Unknown"
"7014851",371865,2025-07-16 17:37:35,43.358283996582,-8.84480476379395,"Unknown"
"7014851",371865,2025-07-16 17:42:34,43.3583526611328,-8.84469604492188,"Unknown"
"7014851",371865,2025-07-16 17:47:36,43.3583297729492,-8.84453678131104,"Unknown"
"7014851",371865,2025-07-16 17:52:37,43.3641700744629,-8.84237957000732,"Unknown"
"7014851",371865,2025-07-16 17:58:16,43.368782043457,-8.86071586608887,"Unknown"
"7014851",371865,2025-07-16 18:02:48,43.369083404541,-8.86034774780273,"Unknown"
"7014851",371865,2025-07-16 18:07:36,43.3683052062988,-8.86069583892822,"Unknown"
"7014851",371865,2025-07-16 18:12:43,43.3574600219727,-8.84606742858887,"Unknown"
"7014851",371865,2025-07-16 18:17:27,43.3569107055664,-8.84594631195068,"Unknown"
"7014851",371865,2025-07-16 18:22:36,43.3574714660645,-8.84484386444092,"Unknown"
"7014851",371865,2025-07-16 18:27:29,43.357421875,-8.84616470336914,"Unknown"
"7014851",371865,2025-07-16 18:32:29,43.3577499389648,-8.84535884857178,"Unknown"
"7014851",371865,2025-07-16 18:37:43,43.3576393127441,-8.84517097473145,"Unknown"
"7014851",371865,2025-07-16 18:42:30,43.3575897216797,-8.84483051300049,"Unknown"
"7014851",371865,2025-07-16 18:47:29,43.3577842712402,-8.84436321258545,"Unknown"
"7014851",371865,2025-07-16 18:52:31,43.3577270507812,-8.84549045562744,"Unknown"
"7014851",371865,2025-07-16 18:57:27,43.3575019836426,-8.84512519836426,"Unknown"
"7014851",371865,2025-07-16 19:02:28,43.3576354980469,-8.8449535369873,"Unknown"
"7014851",371865,2025-07-16 19:07:27,43.3575630187988,-8.84495258331299,"Unknown"
"7014851",371865,2025-07-16 19:12:29,43.3573455810547,-8.8449125289917,"Unknown"
"7014851",371865,2025-07-16 19:17:28,43.3575553894043,-8.84469509124756,"Unknown"
"7014851",371865,2025-07-16 19:22:30,43.3576812744141,-8.84531116485596,"Unknown"
"7014851",371865,2025-07-16 19:27:31,43.3574562072754,-8.84546184539795,"Unknown"
"7014851",371865,2025-07-16 19:32:36,43.3576011657715,-8.84558200836182,"Unknown"
"7014851",371865,2025-07-16 19:37:31,43.3575172424316,-8.84568977355957,"Unknown"
"7014851",371865,2025-07-16 19:42:33,43.3576316833496,-8.84508419036865,"Unknown"
"7014851",371865,2025-07-16 19:47:27,43.3571739196777,-8.84518814086914,"Unknown"
"7014851",371865,2025-07-16 19:52:27,43.3572998046875,-8.84517478942871,"Unknown"
"7014851",371865,2025-07-16 19:57:27,43.3575134277344,-8.84513759613037,"Unknown"
"7014851",371865,2025-07-16 20:02:35,43.3575592041016,-8.84523868560791,"Unknown"
"7014851",371865,2025-07-16 20:07:34,43.3575859069824,-8.84512615203857,"Unknown"
"7014851",371865,2025-07-16 20:13:51,43.3578720092773,-8.84632205963135,"Unknown"
"7014851",371865,2025-07-16 20:18:14,43.357738494873,-8.84656524658203,"Unknown"
"7014851",371865,2025-07-16 20:22:27,43.349853515625,-8.85043334960938,"Unknown"
"7014851",371865,2025-07-16 20:27:27,43.3381195068359,-8.88424205780029,"Unknown"
"7014851",371865,2025-07-16 20:32:27,43.3367347717285,-8.87875652313232,"Unknown"
"7014851",371865,2025-07-16 20:37:28,43.3375854492188,-8.87862968444824,"Unknown"
"7014851",371865,2025-07-16 20:42:28,43.3385963439941,-8.88333225250244,"Unknown"
"7014851",371865,2025-07-16 20:47:27,43.3330268859863,-8.88079166412354,"Unknown"
"7014851",371865,2025-07-16 20:52:31,43.3308296203613,-8.87721252441406,"Unknown"
"7014851",371865,2025-07-16 20:57:33,43.3294715881348,-8.87610530853271,"Unknown"
"7014851",371865,2025-07-16 21:02:28,43.3305511474609,-8.87498378753662,"Unknown"
"7014851",371865,2025-07-16 21:07:29,43.3549613952637,-8.85155391693115,"Unknown"
"7014851",371865,2025-07-16 21:12:31,43.3574714660645,-8.84506320953369,"Unknown"
"7014851",371865,2025-07-16 21:17:36,43.3575668334961,-8.84512996673584,"Unknown"
"7014851",371865,2025-07-16 21:22:30,43.3577880859375,-8.84503650665283,"Unknown"
"7014851",371865,2025-07-16 21:27:29,43.3577690124512,-8.84513759613037,"Unknown"
"7014851",371865,2025-07-16 21:32:37,43.357738494873,-8.84506034851074,"Unknown"
"7014851",371865,2025-07-16 21:37:36,43.357536315918,-8.84505844116211,"Unknown"
"7014851",371865,2025-07-16 21:42:30,43.3576965332031,-8.84508800506592,"Unknown"
"7014851",371865,2025-07-16 21:47:34,43.3576965332031,-8.84507751464844,"Unknown"
"7014851",371865,2025-07-16 21:52:31,43.3575973510742,-8.84498023986816,"Unknown"
"7014851",371865,2025-07-16 21:57:31,43.357608795166,-8.84507656097412,"Unknown"
"7014851",371865,2025-07-16 22:02:35,43.3576316833496,-8.84506130218506,"Unknown"
"7014851",371865,2025-07-16 22:07:30,43.3574829101562,-8.84506607055664,"Unknown"
"7014851",371865,2025-07-16 22:12:42,43.3576202392578,-8.84508895874023,"Unknown"
"7014851",371865,2025-07-16 22:17:27,43.3576049804688,-8.8450288772583,"Unknown"
"7014851",371865,2025-07-16 22:22:29,43.3577003479004,-8.84502506256104,"Unknown"
"7014851",371865,2025-07-16 22:27:29,43.357593536377,-8.84492874145508,"Unknown"
"7014851",371865,2025-07-16 22:32:27,43.357795715332,-8.84498977661133,"Unknown"
"7014851",371865,2025-07-16 22:37:36,43.3575973510742,-8.84504985809326,"Unknown"
"7014851",371865,2025-07-16 22:42:28,43.3574562072754,-8.84493160247803,"Unknown"
"7014851",371865,2025-07-16 22:47:44,43.3575782775879,-8.84510231018066,"Unknown"
"7014851",371865,2025-07-16 22:52:30,43.3575706481934,-8.84495449066162,"Unknown"
"7014851",371865,2025-07-16 22:57:30,43.3577880859375,-8.84509372711182,"Unknown"
"7014851",371865,2025-07-16 23:02:37,43.3575630187988,-8.84504318237305,"Unknown"
"7014851",371865,2025-07-16 23:07:38,43.3577690124512,-8.845046043396,"Unknown"
"7014851",371865,2025-07-16 23:12:44,43.3577156066895,-8.84511756896973,"Unknown"
"7014851",371865,2025-07-16 23:17:44,43.3576507568359,-8.84516334533691,"Unknown"
"7014851",371865,2025-07-16 23:22:30,43.3577041625977,-8.8449878692627,"Unknown"
"7014851",371865,2025-07-16 23:27:29,43.3577194213867,-8.84561347961426,"Unknown"
"7014851",371865,2025-07-16 23:32:31,43.3574676513672,-8.845383644104,"Unknown"
"7014851",371865,2025-07-16 23:37:35,43.3576240539551,-8.84531211853027,"Unknown"
"7014851",371865,2025-07-16 23:42:27,43.3575248718262,-8.84492969512939,"Unknown"
"7014851",371865,2025-07-16 23:47:45,43.3576164245605,-8.84521007537842,"Unknown"
"7014851",371865,2025-07-16 23:52:36,43.3575973510742,-8.84526538848877,"Unknown"
"7014851",371865,2025-07-16 23:57:34,43.3573913574219,-8.84514045715332,"Unknown"
"7014851",371865,2025-07-17 00:02:27,43.3575325012207,-8.84512519836426,"Unknown"
"7014851",371865,2025-07-17 00:07:27,43.3578224182129,-8.84541034698486,"Unknown"
"7014851",371865,2025-07-17 00:12:29,43.3577499389648,-8.84560680389404,"Unknown"
"7014851",371865,2025-07-17 00:17:29,43.3575134277344,-8.84642505645752,"Unknown"
"7014851",371865,2025-07-17 00:22:35,43.3574714660645,-8.84485340118408,"Unknown"
"7014851",371865,2025-07-17 00:27:41,43.3575744628906,-8.84515762329102,"Unknown"
"7014851",371865,2025-07-17 00:32:44,43.3575706481934,-8.84517478942871,"Unknown"
"7014851",371865,2025-07-17 00:37:27,43.3573341369629,-8.84530067443848,"Unknown"
"7014851",371865,2025-07-17 00:42:33,43.3574752807617,-8.845290184021,"Unknown"
"7014851",371865,2025-07-17 00:47:38,43.3576126098633,-8.84518623352051,"Unknown"
"7014851",371865,2025-07-17 00:52:37,43.357364654541,-8.84519577026367,"Unknown"
"7014851",371865,2025-07-17 00:57:36,43.3576583862305,-8.84507751464844,"Unknown"
"7014851",371865,2025-07-17 01:02:47,43.3578605651855,-8.84505367279053,"Unknown"
"7014851",371865,2025-07-17 01:07:30,43.3577117919922,-8.84508419036865,"Unknown"
"7014851",371865,2025-07-17 01:12:31,43.3576965332031,-8.84505939483643,"Unknown"
"7014851",371865,2025-07-17 01:17:30,43.3579864501953,-8.84520435333252,"Unknown"
"7014851",371865,2025-07-17 01:22:29,43.3579444885254,-8.8451681137085,"Unknown"
"7014851",371865,2025-07-17 01:27:40,43.3581275939941,-8.84497547149658,"Unknown"
"7014851",371865,2025-07-17 01:32:35,43.3574409484863,-8.84512901306152,"Unknown"
"7014851",371865,2025-07-17 01:37:37,43.3575248718262,-8.84526634216309,"Unknown"
"7014851",371865,2025-07-17 01:42:30,43.357364654541,-8.84515476226807,"Unknown"
"7014851",371865,2025-07-17 01:47:44,43.3575057983398,-8.84522819519043,"Unknown"
"7014851",371865,2025-07-17 01:52:29,43.3574829101562,-8.84506988525391,"Unknown"
"7014851",371865,2025-07-17 01:57:29,43.357494354248,-8.84527015686035,"Unknown"
"7014851",371865,2025-07-17 02:02:29,43.3574714660645,-8.84525299072266,"Unknown"
"7014851",371865,2025-07-17 02:07:29,43.3574523925781,-8.84533023834229,"Unknown"
"7014851",371865,2025-07-17 02:12:33,43.3574829101562,-8.84530735015869,"Unknown"
"7014851",371865,2025-07-17 02:17:38,43.357551574707,-8.84533214569092,"Unknown"
"7014851",371865,2025-07-17 02:22:37,43.357551574707,-8.8451681137085,"Unknown"
"7014851",371865,2025-07-17 02:27:31,43.3574714660645,-8.84513282775879,"Unknown"
"7014851",371865,2025-07-17 02:32:59,43.3575706481934,-8.84507942199707,"Unknown"
"7014851",371865,2025-07-17 02:37:26,43.3576622009277,-8.84508323669434,"Unknown"
"7014851",371865,2025-07-17 02:42:26,43.3575592041016,-8.84509754180908,"Unknown"
"7014851",371865,2025-07-17 02:47:26,43.3575820922852,-8.8450984954834,"Unknown"
"7014851",371865,2025-07-17 02:52:27,43.3576545715332,-8.84501838684082,"Unknown"
"7014851",371865,2025-07-17 02:57:31,43.3576736450195,-8.84504413604736,"Unknown"
"7014851",371865,2025-07-17 03:02:32,43.3577156066895,-8.84501647949219,"Unknown"
"7014851",371865,2025-07-17 03:07:29,43.3576698303223,-8.84505081176758,"Unknown"
"7014851",371865,2025-07-17 03:12:31,43.3575973510742,-8.84508323669434,"Unknown"
"7014851",371865,2025-07-17 03:17:30,43.3576850891113,-8.84506797790527,"Unknown"
"7014851",371865,2025-07-17 03:22:31,43.357780456543,-8.84500026702881,"Unknown"
"7014851",371865,2025-07-17 03:27:27,43.3576698303223,-8.84511470794678,"Unknown"
"7014851",371865,2025-07-17 03:32:29,43.3576507568359,-8.8451099395752,"Unknown"
"7014851",371865,2025-07-17 03:37:31,43.3575973510742,-8.84506130218506,"Unknown"
"7014851",371865,2025-07-17 03:42:59,43.3575325012207,-8.84513187408447,"Unknown"
"7014851",371865,2025-07-17 03:47:27,43.3575668334961,-8.84511756896973,"Unknown"
"7014851",371865,2025-07-17 03:52:26,43.3573875427246,-8.84513378143311,"Unknown"
"7014851",371865,2025-07-17 03:57:27,43.3575210571289,-8.84509563446045,"Unknown"
"7014851",371865,2025-07-17 04:02:27,43.3575172424316,-8.84509658813477,"Unknown"
"7014851",371865,2025-07-17 04:07:35,43.3575897216797,-8.84511184692383,"Unknown"
"7014851",371865,2025-07-17 04:12:28,43.3575096130371,-8.8450174331665,"Unknown"
"7014851",371865,2025-07-17 04:17:31,43.3574028015137,-8.84482765197754,"Unknown"
"7014851",371865,2025-07-17 04:22:28,43.3576354980469,-8.84497451782227,"Unknown"
"7014851",371865,2025-07-17 04:27:27,43.3575057983398,-8.84495258331299,"Unknown"
"7014851",371865,2025-07-17 04:32:31,43.3576393127441,-8.84494590759277,"Unknown"
"7014851",371865,2025-07-17 04:37:34,43.357723236084,-8.84485054016113,"Unknown"
"7014851",371865,2025-07-17 04:42:29,43.357536315918,-8.8447904586792,"Unknown"
"7014851",371865,2025-07-17 04:47:28,43.3576965332031,-8.84498977661133,"Unknown"
"7014851",371865,2025-07-17 04:52:37,43.3577575683594,-8.84513854980469,"Unknown"
"7014851",371865,2025-07-17 04:57:31,43.3576049804688,-8.84501838684082,"Unknown"
"7014851",371865,2025-07-17 05:02:29,43.357608795166,-8.84510040283203,"Unknown"
"7014851",371865,2025-07-17 05:07:39,43.3576393127441,-8.84523296356201,"Unknown"
"7014851",371865,2025-07-17 05:12:37,43.3575706481934,-8.84501934051514,"Unknown"
"7014851",371865,2025-07-17 05:17:35,43.3573608398438,-8.84508800506592,"Unknown"
"7014851",371865,2025-07-17 05:22:29,43.3575401306152,-8.8449878692627,"Unknown"
"7014851",371865,2025-07-17 05:27:29,43.3577003479004,-8.84513187408447,"Unknown"
"7014851",371865,2025-07-17 05:32:32,43.3577423095703,-8.84519481658936,"Unknown"
"7014851",371865,2025-07-17 05:37:33,43.3576431274414,-8.8451976776123,"Unknown"
"7014851",371865,2025-07-17 05:42:31,43.3575630187988,-8.84500122070312,"Unknown"
"7014851",371865,2025-07-17 05:47:29,43.3576049804688,-8.84498596191406,"Unknown"
"7014851",371865,2025-07-17 05:52:27,43.3576240539551,-8.84519004821777,"Unknown"
"7014851",371865,2025-07-17 05:57:27,43.3572654724121,-8.84534454345703,"Unknown"
"7014851",371865,2025-07-17 06:02:34,43.357608795166,-8.84531688690186,"Unknown"
"7014851",371865,2025-07-17 06:07:29,43.3577003479004,-8.84578704833984,"Unknown"
"7014851",371865,2025-07-17 06:12:38,43.3576850891113,-8.84535026550293,"Unknown"
"7014851",371865,2025-07-17 06:17:34,43.3576736450195,-8.84536743164062,"Unknown"
"7014851",371865,2025-07-17 06:22:34,43.357551574707,-8.84540176391602,"Unknown"
"7014851",371865,2025-07-17 06:27:33,43.3623161315918,-8.85308170318604,"Unknown"
"7014851",371865,2025-07-17 06:32:36,43.3710441589355,-8.85517311096191,"Unknown"
"7014851",371865,2025-07-17 06:37:34,43.3576393127441,-8.84548854827881,"Unknown"
"7014851",371865,2025-07-17 06:42:36,43.3576545715332,-8.84548664093018,"Unknown"
"7014851",371865,2025-07-17 06:47:35,43.3576583862305,-8.84547424316406,"Unknown"
"7014851",371865,2025-07-17 06:52:39,43.357666015625,-8.84541797637939,"Unknown"
"7014851",371865,2025-07-17 06:57:59,43.3574829101562,-8.84533977508545,"Unknown"
"7014851",371865,2025-07-17 07:02:29,43.3573913574219,-8.84567546844482,"Unknown"
"7014851",371865,2025-07-17 07:07:34,43.3576583862305,-8.84512519836426,"Unknown"
"7014851",371865,2025-07-17 07:12:26,43.3573799133301,-8.84552383422852,"Unknown"
"7014851",371865,2025-07-17 07:17:31,43.3575820922852,-8.84528732299805,"Unknown"
"7014851",371865,2025-07-17 07:22:30,43.3573608398438,-8.84528160095215,"Unknown"
"7014851",371865,2025-07-17 07:27:33,43.3575592041016,-8.8452844619751,"Unknown"
"7014851",371865,2025-07-17 07:32:28,43.3575477600098,-8.84532737731934,"Unknown"
"7014851",371865,2025-07-17 07:37:29,43.3577499389648,-8.84506511688232,"Unknown"
"7014851",371865,2025-07-17 07:42:30,43.3576774597168,-8.8451976776123,"Unknown"
"7014851",371865,2025-07-17 07:47:33,43.3576011657715,-8.84521675109863,"Unknown"
"7014851",371865,2025-07-17 07:52:27,43.3573799133301,-8.8450288772583,"Unknown"
"7014851",371865,2025-07-17 07:57:28,43.3577880859375,-8.84502696990967,"Unknown"
"7014851",371865,2025-07-17 08:02:36,43.3575820922852,-8.84500694274902,"Unknown"
"7014851",371865,2025-07-17 08:07:29,43.3575820922852,-8.84493160247803,"Unknown"
"7014851",371865,2025-07-17 08:12:45,43.3575248718262,-8.84507465362549,"Unknown"
"7014851",371865,2025-07-17 08:17:36,43.3573341369629,-8.84509563446045,"Unknown"
"7014851",371865,2025-07-17 08:22:48,43.357494354248,-8.84475517272949,"Unknown"
"7014851",371865,2025-07-17 08:27:30,43.3577728271484,-8.84465026855469,"Unknown"
"7014851",371865,2025-07-17 08:32:34,43.3576622009277,-8.84492015838623,"Unknown"
"7014851",371865,2025-07-17 08:37:36,43.3568916320801,-8.84436225891113,"Unknown"
"7014851",371865,2025-07-17 08:42:37,43.357364654541,-8.84482002258301,"Unknown"
"7014851",371865,2025-07-17 08:47:59,43.3576622009277,-8.84496974945068,"Unknown"
"7014851",371865,2025-07-17 08:52:28,43.3575553894043,-8.84512329101562,"Unknown"
"7014851",371865,2025-07-17 08:57:30,43.3573150634766,-8.84544467926025,"Unknown"
"7014851",371865,2025-07-17 09:02:36,43.3576049804688,-8.84501457214355,"Unknown"
"7014851",371865,2025-07-17 09:07:29,43.3575553894043,-8.84509658813477,"Unknown"
"7014851",371865,2025-07-17 09:12:36,43.3576507568359,-8.84503936767578,"Unknown"
"7014851",371865,2025-07-17 09:17:36,43.3576698303223,-8.84502696990967,"Unknown"
"7014851",371865,2025-07-17 09:22:31,43.357666015625,-8.84493160247803,"Unknown"
"7014851",371865,2025-07-17 09:27:27,43.3575096130371,-8.84510803222656,"Unknown"
"7014851",371865,2025-07-17 09:32:31,43.3576507568359,-8.84510612487793,"Unknown"
"7014851",371865,2025-07-17 09:37:26,43.3572807312012,-8.84526824951172,"Unknown"
"7014851",371865,2025-07-17 09:42:33,43.3578910827637,-8.84586334228516,"Unknown"
"7014851",371865,2025-07-17 09:47:33,43.3576965332031,-8.84426021575928,"Unknown"
"7014851",371865,2025-07-17 09:52:26,43.3613967895508,-8.82352066040039,"Unknown"
"7014851",371865,2025-07-17 09:57:27,43.3613929748535,-8.82975196838379,"Unknown"
"7014851",371865,2025-07-17 10:02:29,43.3677520751953,-8.83250904083252,"Unknown"
"7014851",371865,2025-07-17 10:08:01,43.3654823303223,-8.83933353424072,"Unknown"
"7014851",371865,2025-07-17 10:12:33,43.3578071594238,-8.84519577026367,"Unknown"
"7014851",371865,2025-07-17 10:17:39,43.3576164245605,-8.84491157531738,"Unknown"
"7014851",371865,2025-07-17 10:22:27,43.3574180603027,-8.84502410888672,"Unknown"
"7014851",371865,2025-07-17 10:27:44,43.3576774597168,-8.84506416320801,"Unknown"
"7014851",371865,2025-07-17 10:32:27,43.3577423095703,-8.84506893157959,"Unknown"
"7014851",371865,2025-07-17 10:37:29,43.3575859069824,-8.84505176544189,"Unknown"
"7014851",371865,2025-07-17 10:42:27,43.3576774597168,-8.84503936767578,"Unknown"
"7014851",371865,2025-07-17 10:47:29,43.3574752807617,-8.84495067596436,"Unknown"
"7014851",371865,2025-07-17 10:52:59,43.357666015625,-8.84520435333252,"Unknown"
"7014851",371865,2025-07-17 10:57:28,43.3575134277344,-8.8450756072998,"Unknown"
"7014851",371865,2025-07-17 11:02:26,43.3576431274414,-8.8450403213501,"Unknown"
"7014851",371865,2025-07-17 11:07:29,43.3575325012207,-8.84510898590088,"Unknown"
"7014851",371865,2025-07-17 11:12:26,43.3576126098633,-8.84533882141113,"Unknown"
"7014851",371865,2025-07-17 11:17:26,43.3572082519531,-8.84542274475098,"Unknown"
"7014851",371865,2025-07-17 11:22:29,43.3571853637695,-8.84557056427002,"Unknown"
"7014851",371865,2025-07-17 11:27:34,43.3576583862305,-8.84519672393799,"Unknown"
"7014851",371865,2025-07-17 11:32:29,43.3571166992188,-8.84529399871826,"Unknown"
"7014851",371865,2025-07-17 11:37:38,43.3566017150879,-8.84467887878418,"Unknown"
"7014851",371865,2025-07-17 11:42:27,43.3569068908691,-8.84483432769775,"Unknown"
"7014851",371865,2025-07-17 11:47:27,43.3574142456055,-8.84529209136963,"Unknown"
"7014851",371865,2025-07-17 11:52:28,43.3574485778809,-8.8453426361084,"Unknown"
"7014851",371865,2025-07-17 11:57:31,43.3574371337891,-8.84495067596436,"Unknown"
"7014851",371865,2025-07-17 12:02:34,43.3567047119141,-8.8442964553833,"Unknown"
"7014851",371865,2025-07-17 12:07:36,43.356746673584,-8.84431743621826,"Unknown"
"7014851",371865,2025-07-17 12:12:36,43.356803894043,-8.84433364868164,"Unknown"
"7014851",371865,2025-07-17 12:17:36,43.3568305969238,-8.84433364868164,"Unknown"
"7014851",371865,2025-07-17 12:22:35,43.3568725585938,-8.8443489074707,"Unknown"
"7014851",371865,2025-07-17 12:27:30,43.3568267822266,-8.84436511993408,"Unknown"
"7014851",371865,2025-07-17 12:33:05,43.3566246032715,-8.84415340423584,"Unknown"
"7014851",371865,2025-07-17 12:37:25,43.3574867248535,-8.8451042175293,"Unknown"
"7014851",371865,2025-07-17 12:42:30,43.3576889038086,-8.84529304504395,"Unknown"
"7014851",371865,2025-07-17 12:47:30,43.3577728271484,-8.84528636932373,"Unknown"
"7014851",371865,2025-07-17 12:52:27,43.3576278686523,-8.84524536132812,"Unknown"
"7014851",371865,2025-07-17 12:57:36,43.3574028015137,-8.8452262878418,"Unknown"
"7014851",371865,2025-07-17 13:02:36,43.3575096130371,-8.84504127502441,"Unknown"
"7014851",371865,2025-07-17 13:07:27,43.3578033447266,-8.84524822235107,"Unknown"
"7014851",371865,2025-07-17 13:12:29,43.3574867248535,-8.84500312805176,"Unknown"
"7014851",371865,2025-07-17 13:17:29,43.3574447631836,-8.84491443634033,"Unknown"
"7014851",371865,2025-07-17 13:22:31,43.357795715332,-8.84534931182861,"Unknown"
"7014851",371865,2025-07-17 13:27:44,43.3575096130371,-8.84506988525391,"Unknown"
"7014851",371865,2025-07-17 13:32:33,43.3575210571289,-8.84501934051514,"Unknown"
"7014851",371865,2025-07-17 13:37:32,43.3573684692383,-8.84502983093262,"Unknown"
"7014851",371865,2025-07-17 13:42:31,43.3574752807617,-8.84490966796875,"Unknown"
"7014851",371865,2025-07-17 13:47:33,43.3575134277344,-8.84519100189209,"Unknown"
"7014851",371865,2025-07-17 13:52:44,43.357479095459,-8.84502601623535,"Unknown"
"7014851",371865,2025-07-17 13:57:34,43.3572158813477,-8.84501838684082,"Unknown"
"7014851",371865,2025-07-17 14:02:36,43.3574676513672,-8.84503364562988,"Unknown"
"7014851",371865,2025-07-17 14:07:36,43.3572425842285,-8.84499549865723,"Unknown"
"7014851",371865,2025-07-17 14:12:34,43.3575286865234,-8.84508037567139,"Unknown"
"7014851",371865,2025-07-17 14:17:28,43.3575592041016,-8.84534931182861,"Unknown"
"7014851",371865,2025-07-17 14:22:29,43.3574676513672,-8.84553146362305,"Unknown"
"7014851",371865,2025-07-17 14:27:36,43.3572807312012,-8.84497165679932,"Unknown"
"7014851",371865,2025-07-17 14:32:36,43.3575973510742,-8.84498977661133,"Unknown"
"7014851",371865,2025-07-17 14:37:29,43.3572120666504,-8.84544372558594,"Unknown"
"7014851",371865,2025-07-17 14:42:39,43.357494354248,-8.84490013122559,"Unknown"
"7014851",371865,2025-07-17 14:47:43,43.3583183288574,-8.84500503540039,"Unknown"
"7014851",371865,2025-07-17 14:52:36,43.3578796386719,-8.84502506256104,"Unknown"
"7014851",371865,2025-07-17 14:57:35,43.3575439453125,-8.84488964080811,"Unknown"
"7014851",371865,2025-07-17 15:02:30,43.358154296875,-8.84515571594238,"Unknown"
"7014851",371865,2025-07-17 15:07:35,43.3578643798828,-8.84513664245605,"Unknown"
"7014851",371865,2025-07-17 15:12:28,43.3579978942871,-8.84535121917725,"Unknown"
"7014851",371865,2025-07-17 15:17:30,43.3580284118652,-8.84536743164062,"Unknown"
"7014851",371865,2025-07-17 15:22:59,43.3576774597168,-8.84507751464844,"Unknown"
"7014851",371865,2025-07-17 15:27:27,43.3574295043945,-8.845139503479,"Unknown"
"7014851",371865,2025-07-17 15:32:30,43.3576927185059,-8.84504222869873,"Unknown"
"7014851",371865,2025-07-17 15:37:25,43.357551574707,-8.84502792358398,"Unknown"
"7014851",371865,2025-07-17 15:42:30,43.3576164245605,-8.84495830535889,"Unknown"
"7014851",371865,2025-07-17 15:47:34,43.3576164245605,-8.84509181976318,"Unknown"
"7014851",371865,2025-07-17 15:52:30,43.3579635620117,-8.84506511688232,"Unknown"
"7014851",371865,2025-07-17 15:57:33,43.357608795166,-8.84509468078613,"Unknown"
"7014851",371865,2025-07-17 16:02:30,43.3588104248047,-8.84538745880127,"Unknown"
"7014851",371865,2025-07-17 16:07:35,43.3576049804688,-8.84508514404297,"Unknown"
"7014851",371865,2025-07-17 16:12:26,43.3574409484863,-8.84506034851074,"Unknown"
"7014851",371865,2025-07-17 16:17:29,43.3576393127441,-8.84501934051514,"Unknown"
"7014851",371865,2025-07-17 16:22:36,43.3576774597168,-8.84509754180908,"Unknown"
"7014851",371865,2025-07-17 16:27:28,43.3575820922852,-8.84507274627686,"Unknown"
"7014851",371865,2025-07-17 16:32:27,43.3577537536621,-8.84525871276855,"Unknown"
"7014851",371865,2025-07-17 16:37:29,43.3573760986328,-8.84487438201904,"Unknown"
"7014851",371865,2025-07-17 16:42:27,43.3576698303223,-8.84528350830078,"Unknown"
"7014851",371865,2025-07-17 16:47:44,43.3576469421387,-8.84663772583008,"Unknown"
"7014851",371865,2025-07-17 16:52:27,43.3586311340332,-8.84682846069336,"Unknown"
"7014851",371865,2025-07-17 16:57:34,43.3583183288574,-8.84620094299316,"Unknown"
"7014851",371865,2025-07-17 17:02:29,43.3584785461426,-8.84646320343018,"Unknown"
"7014851",371865,2025-07-17 17:07:35,43.3582801818848,-8.84615707397461,"Unknown"
"7014851",371865,2025-07-17 17:12:29,43.3582916259766,-8.84611034393311,"Unknown"
"7014851",371865,2025-07-17 17:17:29,43.3582191467285,-8.84602642059326,"Unknown"
"7014851",371865,2025-07-17 17:22:36,43.3588256835938,-8.84494113922119,"Unknown"
"7014851",371865,2025-07-17 17:27:30,43.3582038879395,-8.84606647491455,"Unknown"
"7014851",371865,2025-07-17 17:32:39,43.358039855957,-8.84664058685303,"Unknown"
"7014851",371865,2025-07-17 17:37:37,43.3579750061035,-8.84655475616455,"Unknown"
"7014851",371865,2025-07-17 17:42:36,43.3583717346191,-8.8461217880249,"Unknown"
"7014851",371865,2025-07-17 17:47:33,43.3583374023438,-8.84625816345215,"Unknown"
"7014851",371865,2025-07-17 17:52:31,43.3585166931152,-8.84616851806641,"Unknown"
"7014851",371865,2025-07-17 17:57:28,43.3586616516113,-8.84602546691895,"Unknown"
"7014851",371865,2025-07-17 18:02:26,43.3578414916992,-8.84556198120117,"Unknown"
"7014851",371865,2025-07-17 18:07:26,43.3583526611328,-8.84487056732178,"Unknown"
"7014851",371865,2025-07-17 18:12:26,43.3576202392578,-8.84555625915527,"Unknown"
"7014851",371865,2025-07-17 18:17:27,43.3576354980469,-8.84552478790283,"Unknown"
"7014851",371865,2025-07-17 18:22:26,43.3576126098633,-8.84566307067871,"Unknown"
"7014851",371865,2025-07-17 18:27:26,43.3577613830566,-8.8455228805542,"Unknown"
"7014851",371865,2025-07-17 18:32:26,43.3578948974609,-8.84538078308105,"Unknown"
"7014851",371865,2025-07-17 18:37:27,43.3576965332031,-8.8451099395752,"Unknown"
"7014851",371865,2025-07-17 18:42:26,43.3577346801758,-8.84525012969971,"Unknown"
"7014851",371865,2025-07-17 18:47:27,43.3578071594238,-8.84519672393799,"Unknown"
"7014851",371865,2025-07-17 18:52:29,43.3579444885254,-8.84525394439697,"Unknown"
"7014851",371865,2025-07-17 18:57:30,43.3577995300293,-8.84552383422852,"Unknown"
"7014851",371865,2025-07-17 19:02:30,43.3578453063965,-8.84505653381348,"Unknown"
"7014851",371865,2025-07-17 19:07:28,43.3578796386719,-8.84497165679932,"Unknown"
"7014851",371865,2025-07-17 19:12:28,43.357780456543,-8.84513664245605,"Unknown"
"7014851",371865,2025-07-17 19:17:33,43.3579368591309,-8.84522819519043,"Unknown"
"7014851",371865,2025-07-17 19:22:35,43.3579025268555,-8.84520244598389,"Unknown"
"7014851",371865,2025-07-17 19:27:33,43.3578910827637,-8.84524822235107,"Unknown"
"7014851",371865,2025-07-17 19:32:34,43.3579788208008,-8.84531402587891,"Unknown"
"7014851",371865,2025-07-17 19:37:34,43.358039855957,-8.84529590606689,"Unknown"
"7014851",371865,2025-07-17 19:42:35,43.3581008911133,-8.84548187255859,"Unknown"
"7014851",371865,2025-07-17 19:47:31,43.3580551147461,-8.84560966491699,"Unknown"
"7014851",371865,2025-07-17 19:52:37,43.3580665588379,-8.84595584869385,"Unknown"
"7014851",371865,2025-07-17 19:57:44,43.3576393127441,-8.84476566314697,"Unknown"
"7014851",371865,2025-07-17 20:02:30,43.3577537536621,-8.84519577026367,"Unknown"
"7014851",371865,2025-07-17 20:07:38,43.3581657409668,-8.84591197967529,"Unknown"
"7014851",371865,2025-07-17 20:12:26,43.3409423828125,-8.87014961242676,"Unknown"
"7014851",371865,2025-07-17 20:17:59,43.3347015380859,-8.87792873382568,"Unknown"
"7014851",371865,2025-07-17 20:22:26,43.3311996459961,-8.87569522857666,"Unknown"
"7014851",371865,2025-07-17 20:27:28,43.3362998962402,-8.87590885162354,"Unknown"
"7014851",371865,2025-07-17 20:32:26,43.3299674987793,-8.87301921844482,"Unknown"
"7014851",371865,2025-07-17 20:37:27,43.3300094604492,-8.87281703948975,"Unknown"
"7014851",371865,2025-07-17 20:42:28,43.3328437805176,-8.87514972686768,"Unknown"
"7014851",371865,2025-07-17 20:47:26,43.3331031799316,-8.87446594238281,"Unknown"
"7014851",371865,2025-07-17 20:52:26,43.3332939147949,-8.87494945526123,"Unknown"
"7014851",371865,2025-07-17 20:57:26,43.3324508666992,-8.88903999328613,"Unknown"
"7014851",371865,2025-07-17 21:02:26,43.3199234008789,-8.93329048156738,"Unknown"
"7014851",371865,2025-07-17 21:07:27,43.3186950683594,-8.9428539276123,"Unknown"
"7014851",371865,2025-07-17 21:12:26,43.3213996887207,-8.93759346008301,"Unknown"
"7014851",371865,2025-07-17 21:17:28,43.3215446472168,-8.93733978271484,"Unknown"
"7014851",371865,2025-07-17 21:22:26,43.326847076416,-8.92492961883545,"Unknown"
"7014851",371865,2025-07-17 21:27:26,43.3424797058105,-8.88319873809814,"Unknown"
"7014851",371865,2025-07-17 21:32:30,43.3558540344238,-8.84243774414062,"Unknown"
"7014851",371865,2025-07-17 21:37:35,43.357479095459,-8.84564876556396,"Unknown"
"7014851",371865,2025-07-17 21:42:42,43.3576202392578,-8.84511089324951,"Unknown"
"7014851",371865,2025-07-17 21:47:30,43.3577079772949,-8.84523391723633,"Unknown"
"7014851",371865,2025-07-17 21:52:30,43.3575439453125,-8.84523868560791,"Unknown"
"7014851",371865,2025-07-17 21:57:31,43.3577117919922,-8.84555149078369,"Unknown"
"7014851",371865,2025-07-17 22:02:29,43.3570747375488,-8.84496879577637,"Unknown"
"7014851",371865,2025-07-17 22:07:31,43.3567695617676,-8.8489875793457,"Unknown"
"7014851",371865,2025-07-17 22:12:37,43.3575744628906,-8.84512519836426,"Unknown"
"7014851",371865,2025-07-17 22:17:44,43.3577423095703,-8.84555912017822,"Unknown"
"7014851",371865,2025-07-17 22:22:37,43.3575057983398,-8.84482192993164,"Unknown"
"7014851",371865,2025-07-17 22:27:40,43.3575820922852,-8.84502410888672,"Unknown"
"7014851",371865,2025-07-17 22:32:37,43.3320465087891,-8.78932952880859,"Unknown"
"7014851",371865,2025-07-17 22:37:41,43.3577270507812,-8.84533977508545,"Unknown"
"7014851",371865,2025-07-17 22:42:40,43.3576240539551,-8.84517955780029,"Unknown"
"7014851",371865,2025-07-17 22:47:38,43.3576354980469,-8.84508419036865,"Unknown"
"7014851",371865,2025-07-17 22:52:59,43.3579978942871,-8.84535503387451,"Unknown"
"7014851",371865,2025-07-17 22:57:28,43.3576431274414,-8.84509754180908,"Unknown"
"7014851",371865,2025-07-17 23:02:28,43.357593536377,-8.8450403213501,"Unknown"
"7014851",371865,2025-07-17 23:07:26,43.3576889038086,-8.84506416320801,"Unknown"
"7014851",371865,2025-07-17 23:12:30,43.3576011657715,-8.84511089324951,"Unknown"
"7014851",371865,2025-07-17 23:17:27,43.3576049804688,-8.84506607055664,"Unknown"
"7014851",371865,2025-07-17 23:22:37,43.3575439453125,-8.84510135650635,"Unknown"
"7014851",371865,2025-07-17 23:27:38,43.3575897216797,-8.84511852264404,"Unknown"
"7014851",371865,2025-07-17 23:32:44,43.3575859069824,-8.84505462646484,"Unknown"
"7014851",371865,2025-07-17 23:37:30,43.3574066162109,-8.84504508972168,"Unknown"
"7014851",371865,2025-07-17 23:42:25,43.3575019836426,-8.84531784057617,"Unknown"
"7014851",371865,2025-07-17 23:47:41,43.3574295043945,-8.84509563446045,"Unknown"
"7014851",371865,2025-07-17 23:52:25,43.3575019836426,-8.84506607055664,"Unknown"
"7014851",371865,2025-07-17 23:57:28,43.3577041625977,-8.84516525268555,"Unknown"
"7014851",371865,2025-07-18 00:02:29,43.3577079772949,-8.84521675109863,"Unknown"
"7014851",371865,2025-07-18 00:07:31,43.3572959899902,-8.84494209289551,"Unknown"
"7014851",371865,2025-07-18 00:12:30,43.3574371337891,-8.84500408172607,"Unknown"
"7014851",371865,2025-07-18 00:17:26,43.3574829101562,-8.84498405456543,"Unknown"
"7014851",371865,2025-07-18 00:22:32,43.3573684692383,-8.84518241882324,"Unknown"
"7014851",371865,2025-07-18 00:27:36,43.3573265075684,-8.84518623352051,"Unknown"
"7014851",371865,2025-07-18 00:32:46,43.357494354248,-8.84495639801025,"Unknown"
"7014851",371865,2025-07-18 00:37:45,43.3574829101562,-8.84506607055664,"Unknown"
"7014851",371865,2025-07-18 00:42:26,43.3571891784668,-8.84476089477539,"Unknown"
"7014851",371865,2025-07-18 00:47:25,43.3574256896973,-8.84499835968018,"Unknown"
"7014851",371865,2025-07-18 00:52:26,43.3574981689453,-8.84497261047363,"Unknown"
"7014851",371865,2025-07-18 00:57:26,43.357494354248,-8.84508323669434,"Unknown"
"7014851",371865,2025-07-18 01:02:25,43.3574752807617,-8.84504222869873,"Unknown"
"7014851",371865,2025-07-18 01:07:25,43.3573837280273,-8.84496784210205,"Unknown"
"7014851",371865,2025-07-18 01:12:25,43.3574981689453,-8.84507846832275,"Unknown"
"7014851",371865,2025-07-18 01:17:25,43.3574523925781,-8.84500789642334,"Unknown"
"7014851",371865,2025-07-18 01:22:26,43.3573532104492,-8.84496879577637,"Unknown"
"7014851",371865,2025-07-18 01:27:29,43.3573722839355,-8.84500312805176,"Unknown"
"7014851",371865,2025-07-18 01:32:44,43.3575439453125,-8.84493827819824,"Unknown"
"7014851",371865,2025-07-18 01:37:26,43.3575820922852,-8.8451681137085,"Unknown"
"7014851",371865,2025-07-18 01:42:27,43.3575630187988,-8.84527969360352,"Unknown"
"7014851",371865,2025-07-18 01:47:31,43.3572883605957,-8.84527111053467,"Unknown"
"7014851",371865,2025-07-18 01:52:31,43.3575096130371,-8.84502696990967,"Unknown"
"7014851",371865,2025-07-18 01:57:30,43.3579559326172,-8.84465885162354,"Unknown"
"7014851",371865,2025-07-18 02:02:28,43.3577880859375,-8.84496307373047,"Unknown"
"7014851",371865,2025-07-18 02:07:35,43.3576393127441,-8.84494781494141,"Unknown"
"7014851",371865,2025-07-18 02:12:24,43.3577651977539,-8.84480762481689,"Unknown"
"7014851",371865,2025-07-18 02:17:26,43.3577117919922,-8.84493446350098,"Unknown"
"7014851",371865,2025-07-18 02:22:24,43.3575897216797,-8.84520435333252,"Unknown"
"7014851",371865,2025-07-18 02:27:29,43.3573608398438,-8.84533882141113,"Unknown"
"7014851",371865,2025-07-18 02:32:44,43.3576126098633,-8.84489917755127,"Unknown"
"7014851",371865,2025-07-18 02:37:25,43.3575477600098,-8.84492111206055,"Unknown"
"7014851",371865,2025-07-18 02:42:27,43.3572654724121,-8.84494686126709,"Unknown"
"7014851",371865,2025-07-18 02:47:30,43.3578491210938,-8.84477806091309,"Unknown"
"7014851",371865,2025-07-18 02:57:56,43.3576431274414,-8.84522438049316,"Unknown"
"7014851",371865,2025-07-18 03:02:24,43.357536315918,-8.84515762329102,"Unknown"
"7014851",371865,2025-07-18 03:07:25,43.3576583862305,-8.84530162811279,"Unknown"
"7014851",371865,2025-07-18 03:12:24,43.3575668334961,-8.84515380859375,"Unknown"
"7014851",371865,2025-07-18 03:17:25,43.3576507568359,-8.84516334533691,"Unknown"
"7014851",371865,2025-07-18 03:22:27,43.3574867248535,-8.84497833251953,"Unknown"
"7014851",371865,2025-07-18 03:27:25,43.3576736450195,-8.84566402435303,"Unknown"
"7014851",371865,2025-07-18 03:32:28,43.3570709228516,-8.84415149688721,"Unknown"
"7014851",371865,2025-07-18 03:37:44,43.3575019836426,-8.84504508972168,"Unknown"
"7014851",371865,2025-07-18 03:42:59,43.3575325012207,-8.8450231552124,"Unknown"
"7014851",371865,2025-07-18 03:47:28,43.3576469421387,-8.84516143798828,"Unknown"
"7014851",371865,2025-07-18 03:52:27,43.3575897216797,-8.8451099395752,"Unknown"
"7014851",371865,2025-07-18 03:57:28,43.3576927185059,-8.84536838531494,"Unknown"
"7014851",371865,2025-07-18 04:02:28,43.3575973510742,-8.8452091217041,"Unknown"
"7014851",371865,2025-07-18 04:07:25,43.3568801879883,-8.85216903686523,"Unknown"
"7014851",371865,2025-07-18 04:12:25,43.3442993164062,-8.87844562530518,"Unknown"
"7014851",371865,2025-07-18 04:17:26,43.3299331665039,-8.90226173400879,"Unknown"
"7014851",371865,2025-07-18 04:22:30,43.322135925293,-8.9334135055542,"Unknown"
"7014851",371865,2025-07-18 04:27:27,43.31103515625,-8.95047092437744,"Unknown"
"7014851",371865,2025-07-18 04:32:28,43.3036804199219,-8.93734550476074,"Unknown"
"7014851",371865,2025-07-18 04:37:44,43.2961502075195,-8.91019153594971,"Unknown"
"7014851",371865,2025-07-18 04:42:26,43.3221244812012,-8.92540836334229,"Unknown"
"7014851",371865,2025-07-18 04:47:26,43.3264198303223,-8.92479515075684,"Unknown"
"7014851",371865,2025-07-18 04:52:27,43.3308029174805,-8.91523456573486,"Unknown"
"7014851",371865,2025-07-18 04:57:36,43.3295593261719,-8.88176345825195,"Unknown"
"7014851",371865,2025-07-18 05:02:28,43.3202514648438,-8.85970878601074,"Unknown"
"7014851",371865,2025-07-18 05:13:29,43.3211936950684,-8.85660076141357,"Unknown"
"7014851",371865,2025-07-18 05:17:27,43.355152130127,-8.84611797332764,"Unknown"
"7014851",371865,2025-07-18 05:22:39,43.3576354980469,-8.84518337249756,"Unknown"
"7014851",371865,2025-07-18 05:27:29,43.3577613830566,-8.84512042999268,"Unknown"
"7014851",371865,2025-07-18 05:32:37,43.3576965332031,-8.84525489807129,"Unknown"
"7014851",371865,2025-07-18 05:37:36,43.3576889038086,-8.84521102905273,"Unknown"
"7014851",371865,2025-07-18 05:42:34,43.3578071594238,-8.84535598754883,"Unknown"
"7014851",371865,2025-07-18 05:47:45,43.3576011657715,-8.8449592590332,"Unknown"
"7014851",371865,2025-07-18 05:52:25,43.3576698303223,-8.84492778778076,"Unknown"
"7014851",371865,2025-07-18 05:57:30,43.3572959899902,-8.84507369995117,"Unknown"
"7014851",371865,2025-07-18 06:02:27,43.3575744628906,-8.84488487243652,"Unknown"
"7014851",371865,2025-07-18 06:07:26,43.3576850891113,-8.84487819671631,"Unknown"
"7014851",371865,2025-07-18 06:12:26,43.3576545715332,-8.84512901306152,"Unknown"
"7014851",371865,2025-07-18 06:17:27,43.3576316833496,-8.84509372711182,"Unknown"
"7014851",371865,2025-07-18 06:22:36,43.3575134277344,-8.84464454650879,"Unknown"
"7014851",371865,2025-07-18 06:27:30,43.3577346801758,-8.84526443481445,"Unknown"
"7014851",371865,2025-07-18 06:32:45,43.3576164245605,-8.84523296356201,"Unknown"
"7014851",371865,2025-07-18 06:37:38,43.3579483032227,-8.84639072418213,"Unknown"
"7014851",371865,2025-07-18 06:42:43,43.3575286865234,-8.84496688842773,"Unknown"
"7014851",371865,2025-07-18 06:47:36,43.3575630187988,-8.84504985809326,"Unknown"
"7014851",371865,2025-07-18 06:52:35,43.3575134277344,-8.84535598754883,"Unknown"
"7014851",371865,2025-07-18 06:57:25,43.3575248718262,-8.84463119506836,"Unknown"
"7014851",371865,2025-07-18 07:02:30,43.3575630187988,-8.84508419036865,"Unknown"
"7014851",371865,2025-07-18 07:07:36,43.3574867248535,-8.84501266479492,"Unknown"
"7014851",371865,2025-07-18 07:12:36,43.3575859069824,-8.84504413604736,"Unknown"
"7014851",371865,2025-07-18 07:17:26,43.3598480224609,-8.84627819061279,"Unknown"
"7014851",371865,2025-07-18 07:22:42,43.3645858764648,-8.83127880096436,"Unknown"
"7014851",371865,2025-07-18 07:27:45,43.3585205078125,-8.83863925933838,"Unknown"
"7014851",371865,2025-07-18 07:32:45,43.357608795166,-8.84512710571289,"Unknown"
"7014851",371865,2025-07-18 07:37:37,43.3576583862305,-8.84503841400146,"Unknown"
"7014851",371865,2025-07-18 07:42:45,43.3577003479004,-8.84509754180908,"Unknown"
"7014851",371865,2025-07-18 07:47:43,43.3576698303223,-8.8451623916626,"Unknown"
"7014851",371865,2025-07-18 07:52:31,43.3575286865234,-8.84496021270752,"Unknown"
"7014851",371865,2025-07-18 07:57:37,43.3576622009277,-8.84516334533691,"Unknown"
"7014851",371865,2025-07-18 08:02:41,43.3576316833496,-8.84510707855225,"Unknown"
"7014851",371865,2025-07-18 08:07:37,43.3577613830566,-8.84495639801025,"Unknown"
"7014851",371865,2025-07-18 08:12:57,43.3575782775879,-8.84502601623535,"Unknown"
"7014851",371865,2025-07-18 08:17:27,43.3576049804688,-8.84516048431396,"Unknown"
"7014851",371865,2025-07-18 08:22:27,43.3576049804688,-8.84512805938721,"Unknown"
"7014851",371865,2025-07-18 08:27:26,43.3575706481934,-8.84515762329102,"Unknown"
"7014851",371865,2025-07-18 08:32:28,43.3575668334961,-8.84512519836426,"Unknown"
"7014851",371865,2025-07-18 08:37:26,43.3573226928711,-8.84514427185059,"Unknown"
"7014851",371865,2025-07-18 08:42:42,43.3574867248535,-8.84510326385498,"Unknown"
"7014851",371865,2025-07-18 08:47:27,43.3572120666504,-8.84506320953369,"Unknown"
"7014851",371865,2025-07-18 08:52:28,43.3572845458984,-8.84509181976318,"Unknown"
"7014851",371865,2025-07-18 08:57:44,43.3576431274414,-8.84510326385498,"Unknown"
"7014851",371865,2025-07-18 09:02:25,43.3577880859375,-8.84518051147461,"Unknown"
"7014851",371865,2025-07-18 09:07:26,43.357307434082,-8.84513187408447,"Unknown"
"7014851",371865,2025-07-18 09:12:25,43.3572387695312,-8.84517478942871,"Unknown"
"7014851",371865,2025-07-18 09:17:29,43.3572883605957,-8.84519958496094,"Unknown"
"7014851",371865,2025-07-18 09:22:25,43.3572082519531,-8.84504413604736,"Unknown"
"7014851",371865,2025-07-18 09:27:27,43.3573379516602,-8.84505653381348,"Unknown"
"7014851",371865,2025-07-18 09:32:28,43.3574981689453,-8.84503841400146,"Unknown"
"7014851",371865,2025-07-18 09:37:26,43.357292175293,-8.84502696990967,"Unknown"
"7014851",371865,2025-07-18 09:42:29,43.3576469421387,-8.84489917755127,"Unknown"
"7014851",371865,2025-07-18 09:47:45,43.357177734375,-8.84499073028564,"Unknown"
"7014851",371865,2025-07-18 09:52:28,43.3574295043945,-8.84507751464844,"Unknown"
"7014851",371865,2025-07-18 09:57:29,43.3585739135742,-8.84567546844482,"Unknown"
"7014851",371865,2025-07-18 10:02:44,43.3575286865234,-8.84506034851074,"Unknown"
"7014851",371865,2025-07-18 10:07:25,43.3575248718262,-8.84496688842773,"Unknown"
"7014851",371865,2025-07-18 10:12:38,43.3577308654785,-8.8459415435791,"Unknown"
"7014851",371865,2025-07-18 10:18:05,43.3579788208008,-8.84578323364258,"Unknown"
"7014851",371865,2025-07-18 10:22:41,43.3580474853516,-8.84593486785889,"Unknown"
"7014851",371865,2025-07-18 10:27:29,43.3580474853516,-8.84589099884033,"Unknown"
"7014851",371865,2025-07-18 10:32:29,43.357551574707,-8.84510135650635,"Unknown"
"7014851",371865,2025-07-18 10:37:26,43.3576469421387,-8.84482669830322,"Unknown"
"7014851",371865,2025-07-18 10:42:26,43.3576583862305,-8.84480094909668,"Unknown"
"7014851",371865,2025-07-18 10:47:25,43.357666015625,-8.8447904586792,"Unknown"
"7014851",371865,2025-07-18 10:52:43,43.3580284118652,-8.84491348266602,"Unknown"
"7014851",371865,2025-07-18 10:57:36,43.3578567504883,-8.84495830535889,"Unknown"
"7014851",371865,2025-07-18 11:02:28,43.3576393127441,-8.84476184844971,"Unknown"
"7014851",371865,2025-07-18 11:07:39,43.3579750061035,-8.84504222869873,"Unknown"
"7014851",371865,2025-07-18 11:12:26,43.3581085205078,-8.8452091217041,"Unknown"
"7014851",371865,2025-07-18 11:17:44,43.3575744628906,-8.84508514404297,"Unknown"
"7014851",371865,2025-07-18 11:22:31,43.3577575683594,-8.8450813293457,"Unknown"
"7014851",371865,2025-07-18 11:27:44,43.3575973510742,-8.84508228302002,"Unknown"
"7014851",371865,2025-07-18 11:32:26,43.3574562072754,-8.84518814086914,"Unknown"
"7014851",371865,2025-07-18 11:37:24,43.357536315918,-8.84507846832275,"Unknown"
"7014851",371865,2025-07-18 11:42:26,43.3575248718262,-8.84511852264404,"Unknown"
"7014851",371865,2025-07-18 11:47:28,43.3572845458984,-8.84532737731934,"Unknown"
"7014851",371865,2025-07-18 11:52:26,43.3715515136719,-8.8536262512207,"Unknown"
"7014851",371865,2025-07-18 11:57:25,43.3827514648438,-8.87825107574463,"Unknown"
"7014851",371865,2025-07-18 12:02:31,43.3977661132812,-8.86148548126221,"Unknown"
"7014851",371865,2025-07-18 12:07:36,43.4040603637695,-8.86106395721436,"Unknown"
"7014851",371865,2025-07-18 12:12:34,43.4039306640625,-8.86171722412109,"Unknown"
"7014851",371865,2025-07-18 12:17:47,43.4054679870605,-8.86138820648193,"Unknown"
"7014851",371865,2025-07-18 12:22:42,43.3818664550781,-8.8557071685791,"Unknown"
"7014851",371865,2025-07-18 12:27:24,43.3860511779785,-8.87379741668701,"Unknown"
"7014851",371865,2025-07-18 12:32:26,43.3664016723633,-8.85214900970459,"Unknown"
"7014851",371865,2025-07-18 12:37:35,43.3575782775879,-8.84518527984619,"Unknown"
"7014851",371865,2025-07-18 12:42:30,43.3576240539551,-8.84519195556641,"Unknown"
"7014851",371865,2025-07-18 12:47:44,43.357536315918,-8.84498310089111,"Unknown"
"7014851",371865,2025-07-18 12:52:27,43.3575897216797,-8.84510326385498,"Unknown"
"7014851",371865,2025-07-18 12:57:27,43.3574485778809,-8.84496879577637,"Unknown"
"7014851",371865,2025-07-18 13:02:39,43.357536315918,-8.84504985809326,"Unknown"
"7014851",371865,2025-07-18 13:07:45,43.357494354248,-8.84497165679932,"Unknown"
"7014851",371865,2025-07-18 13:12:40,43.3574142456055,-8.84485530853271,"Unknown"
"7014851",371865,2025-07-18 13:17:29,43.3575286865234,-8.84491539001465,"Unknown"
"7014851",371865,2025-07-18 13:22:28,43.3575592041016,-8.8450174331665,"Unknown"
"7014851",371865,2025-07-18 13:27:27,43.3574829101562,-8.84500026702881,"Unknown"
"7014851",371865,2025-07-18 13:32:37,43.3574638366699,-8.84498405456543,"Unknown"
"7014851",371865,2025-07-18 13:37:26,43.3575401306152,-8.84503841400146,"Unknown"
"7014851",371865,2025-07-18 13:42:30,43.3573837280273,-8.84486961364746,"Unknown"
"7014851",371865,2025-07-18 13:47:59,43.357593536377,-8.84511470794678,"Unknown"
"7014851",371865,2025-07-18 13:52:27,43.3572654724121,-8.84476947784424,"Unknown"
"7014851",371865,2025-07-18 13:57:30,43.3574447631836,-8.8449535369873,"Unknown"
"7014851",371865,2025-07-18 14:02:34,43.3576507568359,-8.84511947631836,"Unknown"
"7014851",371865,2025-07-18 14:07:30,43.3581504821777,-8.84553909301758,"Unknown"
"7014851",371865,2025-07-18 14:12:32,43.3576393127441,-8.84512138366699,"Unknown"
"7014851",371865,2025-07-18 14:17:31,43.3578491210938,-8.84524154663086,"Unknown"
"7014851",371865,2025-07-18 14:22:37,43.3576240539551,-8.84511566162109,"Unknown"
"7014851",371865,2025-07-18 14:27:44,43.357666015625,-8.84510326385498,"Unknown"
"7014851",371865,2025-07-18 14:32:24,43.3576469421387,-8.84506607055664,"Unknown"
"7014851",371865,2025-07-18 14:37:29,43.3576774597168,-8.84506225585938,"Unknown"
"7014851",371865,2025-07-18 14:42:37,43.3577575683594,-8.84501171112061,"Unknown"
"7014851",371865,2025-07-18 14:47:44,43.3576469421387,-8.84494876861572,"Unknown"
"7014851",371865,2025-07-18 14:52:40,43.3576698303223,-8.84501647949219,"Unknown"
"7014851",371865,2025-07-18 14:57:30,43.3577766418457,-8.84524440765381,"Unknown"
"7014851",371865,2025-07-18 15:03:27,43.3576354980469,-8.84505367279053,"Unknown"
"7014851",371865,2025-07-18 15:07:31,43.3576850891113,-8.84499263763428,"Unknown"
"7014851",371865,2025-07-18 15:12:37,43.3576278686523,-8.8450403213501,"Unknown"
"7014851",371865,2025-07-18 15:17:24,43.3576049804688,-8.84513759613037,"Unknown"
"7014851",371865,2025-07-18 15:22:24,43.3576011657715,-8.84510040283203,"Unknown"
"7014851",371865,2025-07-18 15:27:25,43.3576354980469,-8.84514427185059,"Unknown"
"7014851",371865,2025-07-18 15:32:25,43.3576431274414,-8.845139503479,"Unknown"
"7014851",371865,2025-07-18 15:37:24,43.3576393127441,-8.8450345993042,"Unknown"
"7014851",371865,2025-07-18 15:42:27,43.3574638366699,-8.84530830383301,"Unknown"
"7014851",371865,2025-07-18 15:47:24,43.3576126098633,-8.84510707855225,"Unknown"
"7014851",371865,2025-07-18 15:52:26,43.3576927185059,-8.84495544433594,"Unknown"
"7014851",371865,2025-07-18 15:57:25,43.3576431274414,-8.84496402740479,"Unknown"
"7014851",371865,2025-07-18 16:02:24,43.3576583862305,-8.84508991241455,"Unknown"
"7014851",371865,2025-07-18 16:07:25,43.3576240539551,-8.84524250030518,"Unknown"
"7014851",371865,2025-07-18 16:12:25,43.3576049804688,-8.84504699707031,"Unknown"
"7014851",371865,2025-07-18 16:17:24,43.3576469421387,-8.8451099395752,"Unknown"
"7014851",371865,2025-07-18 16:22:27,43.3576698303223,-8.84512996673584,"Unknown"
"7014851",371865,2025-07-18 16:27:32,43.357593536377,-8.84526634216309,"Unknown"
"7014851",371865,2025-07-18 16:32:27,43.3577651977539,-8.84509181976318,"Unknown"
"7014851",371865,2025-07-18 16:37:31,43.3576507568359,-8.8450813293457,"Unknown"
"7014851",371865,2025-07-18 16:42:25,43.3576507568359,-8.84508514404297,"Unknown"
"7014851",371865,2025-07-18 16:47:44,43.3575744628906,-8.84501075744629,"Unknown"
"7014851",371865,2025-07-18 16:52:24,43.3578720092773,-8.84499740600586,"Unknown"
"7014851",371865,2025-07-18 16:57:24,43.3577575683594,-8.84517669677734,"Unknown"
"7014851",371865,2025-07-18 17:02:29,43.3574447631836,-8.84463691711426,"Unknown"
"7014851",371865,2025-07-18 17:07:26,43.3576278686523,-8.84485816955566,"Unknown"
"7014851",371865,2025-07-18 17:12:27,43.357780456543,-8.8455114364624,"Unknown"
"7014851",371865,2025-07-18 17:17:36,43.3575706481934,-8.84467697143555,"Unknown"
"7014851",371865,2025-07-18 17:22:27,43.3575973510742,-8.84514141082764,"Unknown"
"7014851",371865,2025-07-18 17:27:28,43.357608795166,-8.84509944915771,"Unknown"
"7014851",371865,2025-07-18 17:32:59,43.3576278686523,-8.84500408172607,"Unknown"
"7014851",371865,2025-07-18 17:37:27,43.3574638366699,-8.84467029571533,"Unknown"
"7014851",371865,2025-07-18 17:42:26,43.3580932617188,-8.84542465209961,"Unknown"
"7014851",371865,2025-07-18 17:47:24,43.3217582702637,-8.85581684112549,"Unknown"
"7014851",371865,2025-07-18 17:52:25,43.3141860961914,-8.85724258422852,"Unknown"
"7014851",371865,2025-07-18 17:57:28,43.3178825378418,-8.86019706726074,"Unknown"
"7014851",371865,2025-07-18 18:02:44,43.3196220397949,-8.84502220153809,"Unknown"
"7014851",371865,2025-07-18 18:07:24,43.3198356628418,-8.8450984954834,"Unknown"
"7014851",371865,2025-07-18 18:12:28,43.3196258544922,-8.84536457061768,"Unknown"
"7014851",371865,2025-07-18 18:17:24,43.3198394775391,-8.84501171112061,"Unknown"
"7014851",371865,2025-07-18 18:22:24,43.3196411132812,-8.84550380706787,"Unknown"
"7014851",371865,2025-07-18 18:27:29,43.3354568481445,-8.84476184844971,"Unknown"
"7014851",371865,2025-07-18 18:32:44,43.357608795166,-8.84546279907227,"Unknown"
"7014851",371865,2025-07-18 18:37:30,43.357364654541,-8.84623146057129,"Unknown"
"7014851",371865,2025-07-18 18:42:36,43.3576622009277,-8.84510231018066,"Unknown"
"7014851",371865,2025-07-18 18:48:14,43.3578109741211,-8.8452033996582,"Unknown"
"7014851",371865,2025-07-18 18:52:29,43.3579711914062,-8.84520721435547,"Unknown"
"7014851",371865,2025-07-18 18:57:26,43.357967376709,-8.84532070159912,"Unknown"
"7014851",371865,2025-07-18 19:02:35,43.3578872680664,-8.84515857696533,"Unknown"
"7014851",371865,2025-07-18 19:07:28,43.3578987121582,-8.84530544281006,"Unknown"
"7014851",371865,2025-07-18 19:12:26,43.358097076416,-8.84532260894775,"Unknown"
"7014851",371865,2025-07-18 19:18:04,43.357479095459,-8.845290184021,"Unknown"
"7014851",371865,2025-07-18 19:22:34,43.3580055236816,-8.84528923034668,"Unknown"
"7014851",371865,2025-07-18 19:27:26,43.3579216003418,-8.84518623352051,"Unknown"
"7014851",371865,2025-07-18 19:32:44,43.357666015625,-8.84499359130859,"Unknown"
"7014851",371865,2025-07-18 19:37:26,43.3576431274414,-8.84503269195557,"Unknown"
"7014851",371865,2025-07-18 19:42:28,43.357593536377,-8.84486198425293,"Unknown"
"7014851",371865,2025-07-18 19:47:25,43.3576278686523,-8.84499931335449,"Unknown"
"7014851",371865,2025-07-18 19:52:33,43.3577537536621,-8.84507751464844,"Unknown"
"7014851",371865,2025-07-18 19:57:26,43.3575668334961,-8.84514236450195,"Unknown"
"7014851",371865,2025-07-18 20:02:31,43.357666015625,-8.84495639801025,"Unknown"
"7014851",371865,2025-07-18 20:07:27,43.3576583862305,-8.84520721435547,"Unknown"
"7014851",371865,2025-07-18 20:12:26,43.3577003479004,-8.84523677825928,"Unknown"
"7014851",371865,2025-07-18 20:17:31,43.3575401306152,-8.84508991241455,"Unknown"
"7014851",371865,2025-07-18 20:22:28,43.3576583862305,-8.84491539001465,"Unknown"
"7014851",371865,2025-07-18 20:27:36,43.3452835083008,-8.86636734008789,"Unknown"
"7014851",371865,2025-07-18 20:38:48,43.3218383789062,-8.93460750579834,"Unknown"
"7014851",371865,2025-07-18 20:42:24,43.3167266845703,-8.94822597503662,"Unknown"
"7014851",371865,2025-07-18 20:47:24,43.3106384277344,-8.94198131561279,"Unknown"
"7014851",371865,2025-07-18 20:52:25,43.3181991577148,-8.93743133544922,"Unknown"
"7014851",371865,2025-07-18 20:58:48,43.3227920532227,-8.94160461425781,"Unknown"
"7014851",371865,2025-07-18 21:03:05,43.3213386535645,-8.94272613525391,"Unknown"
"7014851",371865,2025-07-18 21:07:23,43.3203315734863,-8.9476900100708,"Unknown"
"7014851",371865,2025-07-18 21:12:24,43.3134574890137,-8.96508312225342,"Unknown"
"7014851",371865,2025-07-18 21:17:29,43.3126068115234,-8.95877361297607,"Unknown"
"7014851",371865,2025-07-18 21:22:44,43.3140907287598,-8.94677448272705,"Unknown"
"7014851",371865,2025-07-18 21:27:27,43.331672668457,-8.91316032409668,"Unknown"
"7014851",371865,2025-07-18 21:32:24,43.3517990112305,-8.86982536315918,"Unknown"
"7014851",371865,2025-07-18 21:37:26,43.3575325012207,-8.84469604492188,"Unknown"
"7014851",371865,2025-07-18 21:42:26,43.3575325012207,-8.84463500976562,"Unknown"
"7014851",371865,2025-07-18 21:47:44,43.3573455810547,-8.84521675109863,"Unknown"
"7014851",371865,2025-07-18 21:52:26,43.3574752807617,-8.84517574310303,"Unknown"
"7014851",371865,2025-07-18 21:57:23,43.3576202392578,-8.84521198272705,"Unknown"
"7014851",371865,2025-07-18 22:02:44,43.357666015625,-8.84499359130859,"Unknown"
"7014851",371865,2025-07-18 22:07:39,43.3574829101562,-8.84495639801025,"Unknown"
"7014851",371865,2025-07-18 22:12:28,43.3575592041016,-8.84489250183105,"Unknown"
"7014851",371865,2025-07-18 22:17:26,43.3575706481934,-8.84514331817627,"Unknown"
"7014851",371865,2025-07-18 22:22:28,43.357551574707,-8.84499645233154,"Unknown"
"7014851",371865,2025-07-18 22:27:44,43.3575096130371,-8.84500885009766,"Unknown"
"7014851",371865,2025-07-18 22:32:26,43.3572807312012,-8.8445520401001,"Unknown"
"7014851",371865,2025-07-18 22:37:36,43.3574905395508,-8.844970703125,"Unknown"
"7014851",371865,2025-07-18 22:42:34,43.3575401306152,-8.8446216583252,"Unknown"
"7014851",371865,2025-07-18 22:47:59,43.3575057983398,-8.84513568878174,"Unknown"
"7014851",371865,2025-07-18 22:52:23,43.3574523925781,-8.84520721435547,"Unknown"
"7014851",371865,2025-07-18 22:57:23,43.357608795166,-8.84531021118164,"Unknown"
"7014851",371865,2025-07-18 23:02:23,43.3574028015137,-8.8452262878418,"Unknown"
"7014851",371865,2025-07-18 23:07:24,43.3573913574219,-8.84513378143311,"Unknown"
"7014851",371865,2025-07-18 23:12:23,43.3574485778809,-8.84504508972168,"Unknown"
"7014851",371865,2025-07-18 23:17:23,43.3573951721191,-8.84522342681885,"Unknown"
"7014851",371865,2025-07-18 23:22:23,43.3573570251465,-8.84519863128662,"Unknown"
"7014851",371865,2025-07-18 23:27:23,43.357364654541,-8.84519577026367,"Unknown"
"7014851",371865,2025-07-18 23:32:23,43.3573837280273,-8.84513187408447,"Unknown"
"7014851",371865,2025-07-18 23:37:24,43.3573989868164,-8.84508323669434,"Unknown"
"7014851",371865,2025-07-18 23:42:23,43.3573532104492,-8.84508228302002,"Unknown"
"7014851",371865,2025-07-18 23:47:23,43.3574066162109,-8.84507179260254,"Unknown"
"7014851",371865,2025-07-18 23:52:24,43.3572654724121,-8.84513092041016,"Unknown"
"7014851",371865,2025-07-18 23:57:27,43.3577194213867,-8.84500980377197,"Unknown"
"7014851",371865,2025-07-19 00:02:37,43.3575820922852,-8.84505367279053,"Unknown"
"7014851",371865,2025-07-19 00:07:23,43.3575782775879,-8.84502124786377,"Unknown"
"7014851",371865,2025-07-19 00:12:36,43.3575706481934,-8.84508419036865,"Unknown"
"7014851",371865,2025-07-19 00:17:23,43.3576393127441,-8.8451452255249,"Unknown"
"7014851",371865,2025-07-19 00:22:31,43.357551574707,-8.84507465362549,"Unknown"
"7014851",371865,2025-07-19 00:27:27,43.3577270507812,-8.84513092041016,"Unknown"
"7014851",371865,2025-07-19 00:32:44,43.357479095459,-8.84502220153809,"Unknown"
"7014851",371865,2025-07-19 00:37:23,43.3574638366699,-8.84499168395996,"Unknown"
"7014851",371865,2025-07-19 00:42:36,43.3575210571289,-8.84506893157959,"Unknown"
"7014851",371865,2025-07-19 00:47:23,43.3574371337891,-8.84500503540039,"Unknown"
"7014851",371865,2025-07-19 00:52:36,43.3575134277344,-8.84504985809326,"Unknown"
"7014851",371865,2025-07-19 00:57:23,43.3574867248535,-8.84502601623535,"Unknown"
"7014851",371865,2025-07-19 01:02:36,43.3575477600098,-8.84505653381348,"Unknown"
"7014851",371865,2025-07-19 01:07:26,43.3573913574219,-8.84497261047363,"Unknown"
"7014851",371865,2025-07-19 01:12:39,43.3574256896973,-8.84494495391846,"Unknown"
"7014851",371865,2025-07-19 01:17:44,43.3574867248535,-8.84502029418945,"Unknown"
"7014851",371865,2025-07-19 01:22:23,43.3576011657715,-8.84502696990967,"Unknown"
"7014851",371865,2025-07-19 01:27:23,43.3575630187988,-8.84513378143311,"Unknown"
"7014851",371865,2025-07-19 01:32:23,43.3575286865234,-8.84501361846924,"Unknown"
"7014851",371865,2025-07-19 01:37:23,43.357593536377,-8.84512519836426,"Unknown"
"7014851",371865,2025-07-19 01:42:23,43.3575210571289,-8.84506702423096,"Unknown"
"7014851",371865,2025-07-19 01:47:44,43.3576164245605,-8.84510898590088,"Unknown"
"7014851",371865,2025-07-19 01:52:25,43.3575439453125,-8.84515571594238,"Unknown"
"7014851",371865,2025-07-19 01:57:28,43.3576622009277,-8.84520721435547,"Unknown"
"7014851",371865,2025-07-19 02:02:36,43.3576965332031,-8.84524631500244,"Unknown"
"7014851",371865,2025-07-19 02:07:27,43.3576622009277,-8.84516429901123,"Unknown"
"7014851",371865,2025-07-19 02:12:26,43.3574867248535,-8.84513282775879,"Unknown"
"7014851",371865,2025-07-19 02:17:26,43.3575820922852,-8.84520053863525,"Unknown"
"7014851",371865,2025-07-19 02:22:25,43.3576354980469,-8.84510707855225,"Unknown"
"7014851",371865,2025-07-19 02:27:28,43.3576507568359,-8.84525489807129,"Unknown"
"7014851",371865,2025-07-19 02:32:46,43.3575592041016,-8.84515190124512,"Unknown"
"7014851",371865,2025-07-19 02:37:27,43.3576507568359,-8.84513664245605,"Unknown"
"7014851",371865,2025-07-19 02:42:26,43.3576354980469,-8.84517288208008,"Unknown"
"7014851",371865,2025-07-19 02:47:30,43.3576202392578,-8.8452262878418,"Unknown"
"7014851",371865,2025-07-19 02:52:29,43.3577041625977,-8.84497833251953,"Unknown"
"7014851",371865,2025-07-19 02:57:36,43.3577613830566,-8.84486389160156,"Unknown"
"7014851",371865,2025-07-19 03:02:59,43.3576240539551,-8.84496307373047,"Unknown"
"7014851",371865,2025-07-19 03:07:27,43.3576164245605,-8.84493446350098,"Unknown"
"7014851",371865,2025-07-19 03:12:40,43.357551574707,-8.844970703125,"Unknown"
"7014851",371865,2025-07-19 03:17:37,43.3575630187988,-8.8449592590332,"Unknown"
"7014851",371865,2025-07-19 03:22:35,43.3574638366699,-8.84512519836426,"Unknown"
"7014851",371865,2025-07-19 03:27:59,43.3574752807617,-8.84511661529541,"Unknown"
"7014851",371865,2025-07-19 03:32:24,43.3574829101562,-8.84504985809326,"Unknown"
"7014851",371865,2025-07-19 03:37:24,43.3574905395508,-8.84513759613037,"Unknown"
"7014851",371865,2025-07-19 03:42:25,43.3575820922852,-8.84501647949219,"Unknown"
"7014851",371865,2025-07-19 03:47:26,43.3574676513672,-8.84512805938721,"Unknown"
"7014851",371865,2025-07-19 03:52:28,43.3573417663574,-8.84513473510742,"Unknown"
"7014851",371865,2025-07-19 03:57:40,43.3573036193848,-8.84520244598389,"Unknown"
"7014851",371865,2025-07-19 04:02:23,43.3573112487793,-8.84529304504395,"Unknown"
"7014851",371865,2025-07-19 04:07:50,43.3573455810547,-8.84517478942871,"Unknown"
"7014851",371865,2025-07-19 04:12:27,43.3571968078613,-8.84509944915771,"Unknown"
"7014851",371865,2025-07-19 04:18:05,43.357608795166,-8.84502601623535,"Unknown"
"7014851",371865,2025-07-19 04:22:24,43.3575668334961,-8.84496879577637,"Unknown"
"7014851",371865,2025-07-19 04:27:27,43.3578681945801,-8.84539413452148,"Unknown"
"7014851",371865,2025-07-19 04:32:29,43.3573532104492,-8.84485626220703,"Unknown"
"7014851",371865,2025-07-19 04:37:26,43.357666015625,-8.84504985809326,"Unknown"
"7014851",371865,2025-07-19 04:42:34,43.3575973510742,-8.84505462646484,"Unknown"
"7014851",371865,2025-07-19 04:47:28,43.3575706481934,-8.84507274627686,"Unknown"
"7014851",371865,2025-07-19 04:52:27,43.3577613830566,-8.84527492523193,"Unknown"
"7014851",371865,2025-07-19 04:57:25,43.3675765991211,-8.84189033508301,"Unknown"
"7014851",371865,2025-07-19 05:02:28,43.3658905029297,-8.83446025848389,"Unknown"
"7014851",371865,2025-07-19 05:07:28,43.3664436340332,-8.83786678314209,"Unknown"
"7014851",371865,2025-07-19 05:12:26,43.358211517334,-8.84580230712891,"Unknown"
"7014851",371865,2025-07-19 05:17:28,43.3580474853516,-8.84638118743896,"Unknown"
"7014851",371865,2025-07-19 05:22:26,43.3579902648926,-8.8463191986084,"Unknown"
"7014851",371865,2025-07-19 05:27:26,43.3580131530762,-8.84647846221924,"Unknown"
"7014851",371865,2025-07-19 05:32:37,43.3576812744141,-8.84494400024414,"Unknown"
"7014851",371865,2025-07-19 05:37:26,43.3576469421387,-8.84513473510742,"Unknown"
"7014851",371865,2025-07-19 05:42:26,43.3577041625977,-8.84539413452148,"Unknown"
"7014851",371865,2025-07-19 05:47:37,43.3576354980469,-8.84492683410645,"Unknown"
"7014851",371865,2025-07-19 05:52:27,43.3578605651855,-8.84606456756592,"Unknown"
"7014851",371865,2025-07-19 05:57:37,43.3576049804688,-8.84492969512939,"Unknown"
"7014851",371865,2025-07-19 06:02:31,43.357666015625,-8.84500312805176,"Unknown"
"7014851",371865,2025-07-19 06:07:36,43.3576545715332,-8.84496021270752,"Unknown"
"7014851",371865,2025-07-19 06:12:38,43.3576354980469,-8.84501171112061,"Unknown"
"7014851",371865,2025-07-19 06:17:32,43.3576126098633,-8.84492969512939,"Unknown"
"7014851",371865,2025-07-19 06:22:38,43.3576431274414,-8.84499263763428,"Unknown"
"7014851",371865,2025-07-19 06:27:38,43.3576049804688,-8.84498405456543,"Unknown"
"7014851",371865,2025-07-19 06:38:05,43.3578948974609,-8.84617900848389,"Unknown"
"7014851",371865,2025-07-19 06:42:32,43.3579750061035,-8.84612464904785,"Unknown"
"7014851",371865,2025-07-19 06:47:23,43.3576431274414,-8.84458160400391,"Unknown"
"7014851",371865,2025-07-19 06:52:28,43.3576354980469,-8.84509372711182,"Unknown"
"7014851",371865,2025-07-19 06:57:27,43.3575820922852,-8.84494113922119,"Unknown"
"7014851",371865,2025-07-19 07:02:24,43.3575439453125,-8.84518909454346,"Unknown"
"7014851",371865,2025-07-19 07:07:23,43.3577766418457,-8.84470558166504,"Unknown"
"7014851",371865,2025-07-19 07:12:26,43.357608795166,-8.84513568878174,"Unknown"
"7014851",371865,2025-07-19 07:17:25,43.357666015625,-8.84486198425293,"Unknown"
"7014851",371865,2025-07-19 07:22:25,43.3576354980469,-8.84481143951416,"Unknown"
"7014851",371865,2025-07-19 07:27:33,43.3577499389648,-8.84515571594238,"Unknown"
"7014851",371865,2025-07-19 07:32:31,43.3578605651855,-8.84501361846924,"Unknown"
"7014851",371865,2025-07-19 07:37:35,43.3578186035156,-8.84512138366699,"Unknown"
"7014851",371865,2025-07-19 07:42:32,43.3574295043945,-8.84518814086914,"Unknown"
"7014851",371865,2025-07-19 07:47:28,43.3579063415527,-8.84512042999268,"Unknown"
"7014851",371865,2025-07-19 07:52:42,43.3579559326172,-8.84506130218506,"Unknown"
"7014851",371865,2025-07-19 07:57:27,43.3579292297363,-8.84507751464844,"Unknown"
"7014851",371865,2025-07-19 08:02:59,43.357666015625,-8.84516143798828,"Unknown"
"7014851",371865,2025-07-19 08:07:22,43.357666015625,-8.84508419036865,"Unknown"
"7014851",371865,2025-07-19 08:12:25,43.3577117919922,-8.84510231018066,"Unknown"
"7014851",371865,2025-07-19 08:17:25,43.3576812744141,-8.8451509475708,"Unknown"
"7014851",371865,2025-07-19 08:22:27,43.3575820922852,-8.84515762329102,"Unknown"
"7014851",371865,2025-07-19 08:27:27,43.3576316833496,-8.8450984954834,"Unknown"
"7014851",371865,2025-07-19 08:32:26,43.357551574707,-8.84509944915771,"Unknown"
"7014851",371865,2025-07-19 08:37:26,43.357837677002,-8.8452033996582,"Unknown"
"7014851",371865,2025-07-19 08:42:30,43.3575744628906,-8.84504318237305,"Unknown"
"7014851",371865,2025-07-19 08:47:27,43.3574638366699,-8.84504222869873,"Unknown"
"7014851",371865,2025-07-19 08:52:34,43.3572654724121,-8.84504127502441,"Unknown"
"7014851",371865,2025-07-19 08:57:42,43.3575477600098,-8.84502124786377,"Unknown"
"7014851",371865,2025-07-19 09:02:24,43.357551574707,-8.84495544433594,"Unknown"
"7014851",371865,2025-07-19 09:07:23,43.3575897216797,-8.84499740600586,"Unknown"
"7014851",371865,2025-07-19 09:12:22,43.3574295043945,-8.84542179107666,"Unknown"
"7014851",371865,2025-07-19 09:17:22,43.3491668701172,-8.86649608612061,"Unknown"
"7014851",371865,2025-07-19 09:22:29,43.3486022949219,-8.86830997467041,"Unknown"
"7014851",371865,2025-07-19 09:27:22,43.3665809631348,-8.83851623535156,"Unknown"
"7014851",371865,2025-07-19 09:32:22,43.3619842529297,-8.82684135437012,"Unknown"
"7014851",371865,2025-07-19 09:37:27,43.3608436584473,-8.82163619995117,"Unknown"
"7014851",371865,2025-07-19 09:42:22,43.3620567321777,-8.82767486572266,"Unknown"
"7014851",371865,2025-07-19 09:47:44,43.3578186035156,-8.8452672958374,"Unknown"
"7014851",371865,2025-07-19 09:52:57,43.3576393127441,-8.84473037719727,"Unknown"
"7014851",371865,2025-07-19 09:57:22,43.3575897216797,-8.8447790145874,"Unknown"
"7014851",371865,2025-07-19 10:02:59,43.3577995300293,-8.84501552581787,"Unknown"
"7014851",371865,2025-07-19 10:07:22,43.3576622009277,-8.84508895874023,"Unknown"
"7014851",371865,2025-07-19 10:12:24,43.3576393127441,-8.84495258331299,"Unknown"
"7014851",371865,2025-07-19 10:17:22,43.3576240539551,-8.84512233734131,"Unknown"
"7014851",371865,2025-07-19 10:22:24,43.3578033447266,-8.84499835968018,"Unknown"
"7014851",371865,2025-07-19 10:27:23,43.3580513000488,-8.84448051452637,"Unknown"
"7014851",371865,2025-07-19 10:32:23,43.3576164245605,-8.8450231552124,"Unknown"
"7014851",371865,2025-07-19 10:37:23,43.3577423095703,-8.84468269348145,"Unknown"
"7014851",371865,2025-07-19 10:42:24,43.3576316833496,-8.84486389160156,"Unknown"
"7014851",371865,2025-07-19 10:47:25,43.3576354980469,-8.84524917602539,"Unknown"
"7014851",371865,2025-07-19 10:52:24,43.3576011657715,-8.84504222869873,"Unknown"
"7014851",371865,2025-07-19 10:57:29,43.3576393127441,-8.84511566162109,"Unknown"
"7014851",371865,2025-07-19 11:02:44,43.3575553894043,-8.8451452255249,"Unknown"
"7014851",371865,2025-07-19 11:07:22,43.3574371337891,-8.84514904022217,"Unknown"
"7014851",371865,2025-07-19 11:12:23,43.3575019836426,-8.84520053863525,"Unknown"
"7014851",371865,2025-07-19 11:17:29,43.3583526611328,-8.84494400024414,"Unknown"
"7014851",371865,2025-07-19 11:22:39,43.3581314086914,-8.84505748748779,"Unknown"
"7014851",371865,2025-07-19 11:27:29,43.3577766418457,-8.84507465362549,"Unknown"
"7014851",371865,2025-07-19 11:32:30,43.3582077026367,-8.84516525268555,"Unknown"
"7014851",371865,2025-07-19 11:37:28,43.3575668334961,-8.84511661529541,"Unknown"
"7014851",371865,2025-07-19 11:42:30,43.3583297729492,-8.84490776062012,"Unknown"
"7014851",371865,2025-07-19 11:48:05,43.3576202392578,-8.8450403213501,"Unknown"
"7014851",371865,2025-07-19 11:52:22,43.3576011657715,-8.8449821472168,"Unknown"
"7014851",371865,2025-07-19 11:57:25,43.3575859069824,-8.84498882293701,"Unknown"
"7014851",371865,2025-07-19 12:02:27,43.3576393127441,-8.8450756072998,"Unknown"
"7014851",371865,2025-07-19 12:07:33,43.3576164245605,-8.84500885009766,"Unknown"
"7014851",371865,2025-07-19 12:12:23,43.3575859069824,-8.84510803222656,"Unknown"
"7014851",371865,2025-07-19 12:17:25,43.3576507568359,-8.84518432617188,"Unknown"
"7014851",371865,2025-07-19 12:22:32,43.3575706481934,-8.84499263763428,"Unknown"
"7014851",371865,2025-07-19 12:27:41,43.3576278686523,-8.84510898590088,"Unknown"
"7014851",371865,2025-07-19 12:32:22,43.3575897216797,-8.84491157531738,"Unknown"
"7014851",371865,2025-07-19 12:37:25,43.3576507568359,-8.84518623352051,"Unknown"
"7014851",371865,2025-07-19 12:42:23,43.3576164245605,-8.84494781494141,"Unknown"
"7014851",371865,2025-07-19 12:47:27,43.3576126098633,-8.84504890441895,"Unknown"
"7014851",371865,2025-07-19 12:52:22,43.3576240539551,-8.84506702423096,"Unknown"
"7014851",371865,2025-07-19 12:57:33,43.3575630187988,-8.84527587890625,"Unknown"
"7014851",371865,2025-07-19 13:02:44,43.357551574707,-8.84531402587891,"Unknown"
"7014851",371865,2025-07-19 13:07:24,43.3574638366699,-8.84467220306396,"Unknown"
"7014851",371865,2025-07-19 13:12:24,43.3575325012207,-8.84501838684082,"Unknown"
"7014851",371865,2025-07-19 13:17:24,43.3579177856445,-8.84543418884277,"Unknown"
"7014851",371865,2025-07-19 13:22:24,43.3577117919922,-8.8452205657959,"Unknown"
"7014851",371865,2025-07-19 13:27:24,43.3576240539551,-8.84511375427246,"Unknown"
"7014851",371865,2025-07-19 13:32:44,43.3575019836426,-8.8449649810791,"Unknown"
"7014851",371865,2025-07-19 13:37:24,43.357551574707,-8.84507274627686,"Unknown"
"7014851",371865,2025-07-19 13:42:22,43.3576049804688,-8.84491062164307,"Unknown"
"7014851",371865,2025-07-19 13:47:22,43.357666015625,-8.84514808654785,"Unknown"
"7014851",371865,2025-07-19 13:52:22,43.3576507568359,-8.84509181976318,"Unknown"
"7014851",371865,2025-07-19 13:57:22,43.3575019836426,-8.8449821472168,"Unknown"
"7014851",371865,2025-07-19 14:02:23,43.3575668334961,-8.84502696990967,"Unknown"
"7014851",371865,2025-07-19 14:07:25,43.3575286865234,-8.84498405456543,"Unknown"
"7014851",371865,2025-07-19 14:12:22,43.3574485778809,-8.84488296508789,"Unknown"
"7014851",371865,2025-07-19 14:17:23,43.3577346801758,-8.84512329101562,"Unknown"
"7014851",371865,2025-07-19 14:22:22,43.3573226928711,-8.84467029571533,"Unknown"
"7014851",371865,2025-07-19 14:27:25,43.3574028015137,-8.84499359130859,"Unknown"
"7014851",371865,2025-07-19 14:32:55,43.3576507568359,-8.84506702423096,"Unknown"
"7014851",371865,2025-07-19 14:37:22,43.3576393127441,-8.84502983093262,"Unknown"
"7014851",371865,2025-07-19 14:42:22,43.3577651977539,-8.84491157531738,"Unknown"
"7014851",371865,2025-07-19 14:47:22,43.3577499389648,-8.8449068069458,"Unknown"
"7014851",371865,2025-07-19 14:52:22,43.3577270507812,-8.84496307373047,"Unknown"
"7014851",371865,2025-07-19 14:57:23,43.357738494873,-8.84501075744629,"Unknown"
"7014851",371865,2025-07-19 15:02:22,43.3577461242676,-8.84494018554688,"Unknown"
"7014851",371865,2025-07-19 15:07:23,43.3577041625977,-8.84502983093262,"Unknown"
"7014851",371865,2025-07-19 15:12:23,43.3576774597168,-8.8449821472168,"Unknown"
"7014851",371865,2025-07-19 15:17:24,43.3576965332031,-8.84501838684082,"Unknown"
"7014851",371865,2025-07-19 15:22:23,43.3577728271484,-8.84505367279053,"Unknown"
"7014851",371865,2025-07-19 15:27:24,43.3577346801758,-8.84500980377197,"Unknown"
"7014851",371865,2025-07-19 15:32:24,43.3573951721191,-8.84520626068115,"Unknown"
"7014851",371865,2025-07-19 15:37:29,43.3576278686523,-8.84495162963867,"Unknown"
"7014851",371865,2025-07-19 15:42:36,43.3575706481934,-8.8450288772583,"Unknown"
"7014851",371865,2025-07-19 15:47:27,43.3575706481934,-8.84506893157959,"Unknown"
"7014851",371865,2025-07-19 15:52:27,43.3568992614746,-8.84487342834473,"Unknown"
"7014851",371865,2025-07-19 15:57:36,43.3576469421387,-8.84509086608887,"Unknown"
"7014851",371865,2025-07-19 16:02:24,43.3579940795898,-8.84511947631836,"Unknown"
"7014851",371865,2025-07-19 16:07:30,43.3575782775879,-8.84500408172607,"Unknown"
"7014851",371865,2025-07-19 16:12:24,43.3575668334961,-8.8450870513916,"Unknown"
"7014851",371865,2025-07-19 16:17:30,43.3577003479004,-8.8451623916626,"Unknown"
"7014851",371865,2025-07-19 16:22:25,43.3576812744141,-8.84515953063965,"Unknown"
"7014851",371865,2025-07-19 16:27:27,43.3575744628906,-8.84501266479492,"Unknown"
"7014851",371865,2025-07-19 16:32:31,43.3574867248535,-8.8450403213501,"Unknown"
"7014851",371865,2025-07-19 16:37:44,43.3576469421387,-8.84512233734131,"Unknown"
"7014851",371865,2025-07-19 16:42:23,43.3577117919922,-8.84525585174561,"Unknown"
"7014851",371865,2025-07-19 16:47:24,43.3576469421387,-8.84512042999268,"Unknown"
"7014851",371865,2025-07-19 16:52:23,43.3577041625977,-8.84521484375,"Unknown"
"7014851",371865,2025-07-19 16:57:30,43.3577156066895,-8.84522533416748,"Unknown"
"7014851",371865,2025-07-19 17:02:22,43.3577003479004,-8.84514427185059,"Unknown"
"7014851",371865,2025-07-19 17:07:25,43.3576850891113,-8.84518814086914,"Unknown"
"7014851",371865,2025-07-19 17:12:22,43.3576507568359,-8.84513568878174,"Unknown"
"7014851",371865,2025-07-19 17:17:25,43.357593536377,-8.84510898590088,"Unknown"
"7014851",371865,2025-07-19 17:22:23,43.3576240539551,-8.84510040283203,"Unknown"
"7014851",371865,2025-07-19 17:27:22,43.3576622009277,-8.8451042175293,"Unknown"
"7014851",371865,2025-07-19 17:32:45,43.3576278686523,-8.84510135650635,"Unknown"
"7014851",371865,2025-07-19 17:37:22,43.3576507568359,-8.84507179260254,"Unknown"
"7014851",371865,2025-07-19 17:42:23,43.3576736450195,-8.84514427185059,"Unknown"
"7014851",371865,2025-07-19 17:47:25,43.3576889038086,-8.84521007537842,"Unknown"
"7014851",371865,2025-07-19 17:52:25,43.357666015625,-8.84514617919922,"Unknown"
"7014851",371865,2025-07-19 17:57:25,43.3576583862305,-8.84514427185059,"Unknown"
"7014851",371865,2025-07-19 18:02:33,43.3576431274414,-8.84511470794678,"Unknown"
"7014851",371865,2025-07-19 18:07:25,43.3576011657715,-8.84506702423096,"Unknown"
"7014851",371865,2025-07-19 18:12:44,43.3576240539551,-8.84513473510742,"Unknown"
"7014851",371865,2025-07-19 18:17:25,43.3576393127441,-8.84517955780029,"Unknown"
"7014851",371865,2025-07-19 18:22:23,43.3574981689453,-8.84482574462891,"Unknown"
"7014851",371865,2025-07-19 18:27:23,43.3576202392578,-8.84506034851074,"Unknown"
"7014851",371865,2025-07-19 18:32:26,43.3575820922852,-8.84465980529785,"Unknown"
"7014851",371865,2025-07-19 18:37:31,43.3576316833496,-8.84509754180908,"Unknown"
"7014851",371865,2025-07-19 18:42:26,43.3575973510742,-8.84521007537842,"Unknown"
"7014851",371865,2025-07-19 18:48:05,43.3575706481934,-8.84504795074463,"Unknown"
"7014851",371865,2025-07-19 18:52:23,43.3575630187988,-8.84508609771729,"Unknown"
"7014851",371865,2025-07-19 18:57:23,43.3575592041016,-8.84510898590088,"Unknown"
"7014851",371865,2025-07-19 19:02:26,43.3575019836426,-8.84506797790527,"Unknown"
"7014851",371865,2025-07-19 19:07:25,43.3575057983398,-8.84514331817627,"Unknown"
"7014851",371865,2025-07-19 19:12:28,43.357551574707,-8.84502220153809,"Unknown"
"7014851",371865,2025-07-19 19:17:28,43.3575744628906,-8.84505748748779,"Unknown"
"7014851",371865,2025-07-19 19:22:35,43.3575019836426,-8.84506893157959,"Unknown"
"7014851",371865,2025-07-19 19:27:44,43.357551574707,-8.84506893157959,"Unknown"
"7014851",371865,2025-07-19 19:32:22,43.3575859069824,-8.84491157531738,"Unknown"
"7014851",371865,2025-07-19 19:37:25,43.3574829101562,-8.84506797790527,"Unknown"
"7014851",371865,2025-07-19 19:42:22,43.3575630187988,-8.8451042175293,"Unknown"
"7014851",371865,2025-07-19 19:47:44,43.3575668334961,-8.84501552581787,"Unknown"
"7014851",371865,2025-07-19 19:53:48,43.3575477600098,-8.84506893157959,"Unknown"
"7014851",371865,2025-07-19 19:58:48,43.3575706481934,-8.8451452255249,"Unknown"
"7014851",371865,2025-07-19 20:03:48,43.3575668334961,-8.84514331817627,"Unknown"
"7014851",371865,2025-07-19 20:08:51,43.3575630187988,-8.84501457214355,"Unknown"
"7014851",371865,2025-07-19 20:13:48,43.3578071594238,-8.84506034851074,"Unknown"
"7014851",371865,2025-07-19 20:18:48,43.3576622009277,-8.84522342681885,"Unknown"
"7014851",371865,2025-07-19 20:23:52,43.3576965332031,-8.84540271759033,"Unknown"
"7014851",371865,2025-07-19 20:28:52,43.3578109741211,-8.84511661529541,"Unknown"
"7014851",371865,2025-07-19 20:33:52,43.3574752807617,-8.84513473510742,"Unknown"
"7014851",371865,2025-07-19 20:38:51,43.3575859069824,-8.84506702423096,"Unknown"
"7014851",371865,2025-07-19 20:43:51,43.3573722839355,-8.8449878692627,"Unknown"
"7014851",371865,2025-07-19 20:49:02,43.3576774597168,-8.84490776062012,"Unknown"
"7014851",371865,2025-07-19 20:53:55,43.3576812744141,-8.84489822387695,"Unknown"
"7014851",371865,2025-07-19 20:58:55,43.3575172424316,-8.84508800506592,"Unknown"
"7014851",371865,2025-07-19 21:04:00,43.3575325012207,-8.84514904022217,"Unknown"
"7014851",371865,2025-07-19 21:08:50,43.357536315918,-8.84525871276855,"Unknown"
"7014851",371865,2025-07-19 21:13:52,43.3576049804688,-8.84521389007568,"Unknown"
"7014851",371865,2025-07-19 21:19:15,43.357608795166,-8.84505271911621,"Unknown"
"7014851",371865,2025-07-19 21:23:56,43.3576011657715,-8.84504127502441,"Unknown"
"7014851",371865,2025-07-19 21:28:53,43.3581275939941,-8.8449878692627,"Unknown"
"7014851",371865,2025-07-19 21:34:04,43.3579483032227,-8.84494876861572,"Unknown"
"7014851",371865,2025-07-19 21:39:03,43.3579711914062,-8.84491539001465,"Unknown"
"7014851",371865,2025-07-19 21:43:55,43.3579864501953,-8.84504127502441,"Unknown"
"7014851",371865,2025-07-19 21:49:15,43.3577156066895,-8.84500122070312,"Unknown"
"7014851",371865,2025-07-19 21:53:48,43.3576545715332,-8.84505176544189,"Unknown"
"7014851",371865,2025-07-19 21:58:48,43.3574409484863,-8.84524345397949,"Unknown"
"7014851",371865,2025-07-19 22:03:50,43.3577995300293,-8.84514617919922,"Unknown"
"7014851",371865,2025-07-19 22:08:50,43.3577194213867,-8.84510803222656,"Unknown"
"7014851",371865,2025-07-19 22:14:01,43.3574867248535,-8.84507942199707,"Unknown"
"7014851",371865,2025-07-19 22:18:52,43.3575286865234,-8.8449535369873,"Unknown"
"7014851",371865,2025-07-19 22:23:50,43.357593536377,-8.84505081176758,"Unknown"
"7014851",371865,2025-07-19 22:29:01,43.3574523925781,-8.84518623352051,"Unknown"
"7014851",371865,2025-07-19 22:33:51,43.3575630187988,-8.8451452255249,"Unknown"
"7014851",371865,2025-07-19 22:39:00,43.3574867248535,-8.84523487091064,"Unknown"
"7014851",371865,2025-07-19 22:43:53,43.3570785522461,-8.84492301940918,"Unknown"
"7014851",371865,2025-07-19 22:49:14,43.3576049804688,-8.84504985809326,"Unknown"
"7014851",371865,2025-07-19 22:53:50,43.3577041625977,-8.84518146514893,"Unknown"
"7014851",371865,2025-07-19 22:58:47,43.3575668334961,-8.84504699707031,"Unknown"
"7014851",371865,2025-07-19 23:03:55,43.3576049804688,-8.845046043396,"Unknown"
"7014851",371865,2025-07-19 23:08:53,43.3579597473145,-8.84545612335205,"Unknown"
"7014851",371865,2025-07-19 23:13:53,43.357723236084,-8.8447847366333,"Unknown"
"7014851",371865,2025-07-19 23:18:55,43.3577270507812,-8.84548091888428,"Unknown"
"7014851",371865,2025-07-19 23:23:52,43.3577880859375,-8.84498882293701,"Unknown"
"7014851",371865,2025-07-19 23:28:52,43.357723236084,-8.84482192993164,"Unknown"
"7014851",371865,2025-07-19 23:34:14,43.3576316833496,-8.8451099395752,"Unknown"
"7014851",371865,2025-07-19 23:38:52,43.3573951721191,-8.84392929077148,"Unknown"
"7014851",371865,2025-07-19 23:43:51,43.3575897216797,-8.84516143798828,"Unknown"
"7014851",371865,2025-07-19 23:49:07,43.3576545715332,-8.84513854980469,"Unknown"
"7014851",371865,2025-07-19 23:54:14,43.3576202392578,-8.84504222869873,"Unknown"
"7014851",371865,2025-07-19 23:59:06,43.3578910827637,-8.84509658813477,"Unknown"
"7014851",371865,2025-07-20 00:03:53,43.3579177856445,-8.84516620635986,"Unknown"
"7014851",371865,2025-07-20 00:09:05,43.3579978942871,-8.8450984954834,"Unknown"
"7014851",371865,2025-07-20 00:13:53,43.3578987121582,-8.84521389007568,"Unknown"
"7014851",371865,2025-07-20 00:19:14,43.3577728271484,-8.84501934051514,"Unknown"
"7014851",371865,2025-07-20 00:24:02,43.3577194213867,-8.84502983093262,"Unknown"
"7014851",371865,2025-07-20 00:29:02,43.3577613830566,-8.84504413604736,"Unknown"
"7014851",371865,2025-07-20 00:34:02,43.3577194213867,-8.84504985809326,"Unknown"
"7014851",371865,2025-07-20 00:39:23,43.3576698303223,-8.8451099395752,"Unknown"
"7014851",371865,2025-07-20 00:43:48,43.3577423095703,-8.84519481658936,"Unknown"
"7014851",371865,2025-07-20 00:49:14,43.3576316833496,-8.8451099395752,"Unknown"
"7014851",371865,2025-07-20 00:53:47,43.3575553894043,-8.84511280059814,"Unknown"
"7014851",371865,2025-07-20 00:58:47,43.3576698303223,-8.8450174331665,"Unknown"
"7014851",371865,2025-07-20 01:03:47,43.3576278686523,-8.84499931335449,"Unknown"
"7014851",371865,2025-07-20 01:08:47,43.3575744628906,-8.8450288772583,"Unknown"
"7014851",371865,2025-07-20 01:13:47,43.3575668334961,-8.84507369995117,"Unknown"
"7014851",371865,2025-07-20 01:18:48,43.3575057983398,-8.84505653381348,"Unknown"
"7014851",371865,2025-07-20 01:23:47,43.3576927185059,-8.84534454345703,"Unknown"
"7014851",371865,2025-07-20 01:28:50,43.3575325012207,-8.84503078460693,"Unknown"
"7014851",371865,2025-07-20 01:33:54,43.357593536377,-8.84503269195557,"Unknown"
"7014851",371865,2025-07-20 01:38:51,43.3574600219727,-8.84501457214355,"Unknown"
"7014851",371865,2025-07-20 01:43:51,43.3575019836426,-8.84503364562988,"Unknown"
"7014851",371865,2025-07-20 01:48:51,43.3574829101562,-8.84501934051514,"Unknown"
"7014851",371865,2025-07-20 01:54:14,43.3575592041016,-8.84513092041016,"Unknown"
"7014851",371865,2025-07-20 01:58:49,43.3575019836426,-8.84545135498047,"Unknown"
"7014851",371865,2025-07-20 02:03:52,43.3576698303223,-8.84498310089111,"Unknown"
"7014851",371865,2025-07-20 02:08:52,43.3582611083984,-8.84557342529297,"Unknown"
"7014851",371865,2025-07-20 02:13:55,43.3578643798828,-8.84523391723633,"Unknown"
"7014851",371865,2025-07-20 02:18:47,43.3579177856445,-8.84535980224609,"Unknown"
"7014851",371865,2025-07-20 02:24:06,43.3579368591309,-8.84529590606689,"Unknown"
"7014851",371865,2025-07-20 02:29:22,43.3577156066895,-8.8451042175293,"Unknown"
"7014851",371865,2025-07-20 02:33:48,43.357292175293,-8.84476470947266,"Unknown"
"7014851",371865,2025-07-20 02:38:49,43.3574981689453,-8.84511566162109,"Unknown"
"7014851",371865,2025-07-20 02:43:48,43.3574523925781,-8.84507846832275,"Unknown"
"7014851",371865,2025-07-20 02:48:47,43.357479095459,-8.84518337249756,"Unknown"
"7014851",371865,2025-07-20 02:53:47,43.3576049804688,-8.84512519836426,"Unknown"
"7014851",371865,2025-07-20 02:58:47,43.3576164245605,-8.84517383575439,"Unknown"
"7014851",371865,2025-07-20 03:03:50,43.3576316833496,-8.84510517120361,"Unknown"
"7014851",371865,2025-07-20 03:08:48,43.3576164245605,-8.84507656097412,"Unknown"
"7014851",371865,2025-07-20 03:13:48,43.3575973510742,-8.84510898590088,"Unknown"
"7014851",371865,2025-07-20 03:18:48,43.357608795166,-8.84507179260254,"Unknown"
"7014851",371865,2025-07-20 03:23:48,43.3576774597168,-8.84510135650635,"Unknown"
"7014851",371865,2025-07-20 03:28:48,43.3575897216797,-8.84498977661133,"Unknown"
"7014851",371865,2025-07-20 03:33:48,43.3576812744141,-8.84509944915771,"Unknown"
"7014851",371865,2025-07-20 03:38:47,43.3575477600098,-8.84505462646484,"Unknown"
"7014851",371865,2025-07-20 03:43:48,43.3575401306152,-8.84497833251953,"Unknown"
"7014851",371865,2025-07-20 03:48:47,43.3576354980469,-8.84506607055664,"Unknown"
"7014851",371865,2025-07-20 03:53:48,43.3576927185059,-8.84520816802979,"Unknown"
"7014851",371865,2025-07-20 03:58:48,43.3576431274414,-8.84508991241455,"Unknown"
"7014851",371865,2025-07-20 04:03:51,43.3574371337891,-8.84489917755127,"Unknown"
"7014851",371865,2025-07-20 04:09:00,43.3576164245605,-8.84510612487793,"Unknown"
"7014851",371865,2025-07-20 04:13:48,43.3675346374512,-8.85210609436035,"Unknown"
"7014851",371865,2025-07-20 04:18:48,43.391040802002,-8.87231540679932,"Unknown"
"7014851",371865,2025-07-20 04:23:49,43.4217796325684,-8.88934135437012,"Unknown"
"7014851",371865,2025-07-20 04:28:55,43.4486846923828,-8.90648555755615,"Unknown"
"7014851",371865,2025-07-20 04:33:47,43.4705429077148,-8.91610908508301,"Unknown"
"7014851",371865,2025-07-20 04:38:48,43.4666328430176,-8.92949295043945,"Unknown"
"7014851",371865,2025-07-20 04:44:06,43.4621505737305,-8.94271087646484,"Unknown"
"7014851",371865,2025-07-20 04:48:48,43.4824333190918,-8.93958187103271,"Unknown"
"7014851",371865,2025-07-20 04:54:56,43.5096206665039,-8.92132091522217,"Unknown"
"7014851",371865,2025-07-20 04:58:52,43.524097442627,-8.9280309677124,"Unknown"
"7014851",371865,2025-07-20 05:05:05,43.5080604553223,-8.93353939056396,"Unknown"
"7014851",371865,2025-07-20 05:08:53,43.4934387207031,-8.92847728729248,"Unknown"
"7014851",371865,2025-07-20 05:13:48,43.4730567932129,-8.92391300201416,"Unknown"
"7014851",371865,2025-07-20 05:18:48,43.450569152832,-8.9067440032959,"Unknown"
"7014851",371865,2025-07-20 05:23:50,43.4347496032715,-8.88885688781738,"Unknown"
"7014851",371865,2025-07-20 05:28:48,43.4145812988281,-8.8686580657959,"Unknown"
"7014851",371865,2025-07-20 05:33:55,43.3923530578613,-8.85772037506104,"Unknown"
"7014851",371865,2025-07-20 05:40:06,43.3685340881348,-8.84615039825439,"Unknown"
"7014851",371865,2025-07-20 05:43:47,43.360523223877,-8.84862899780273,"Unknown"
"7014851",371865,2025-07-20 05:48:48,43.3576164245605,-8.84519290924072,"Unknown"
"7014851",371865,2025-07-20 05:53:48,43.3576049804688,-8.84521389007568,"Unknown"
"7014851",371865,2025-07-20 05:58:49,43.3576850891113,-8.84541702270508,"Unknown"
"7014851",371865,2025-07-20 06:03:49,43.3576278686523,-8.84532833099365,"Unknown"
"7014851",371865,2025-07-20 06:08:49,43.3576812744141,-8.84546756744385,"Unknown"
"7014851",371865,2025-07-20 06:13:49,43.3576850891113,-8.84554958343506,"Unknown"
"7014851",371865,2025-07-20 06:18:47,43.3576164245605,-8.84529209136963,"Unknown"
"7014851",371865,2025-07-20 06:23:48,43.3575897216797,-8.84523582458496,"Unknown"
"7014851",371865,2025-07-20 06:29:14,43.3575439453125,-8.84540462493896,"Unknown"
"7014851",371865,2025-07-20 06:33:48,43.3593254089355,-8.84808158874512,"Unknown"
"7014851",371865,2025-07-20 06:38:48,43.3669166564941,-8.8359432220459,"Unknown"
"7014851",371865,2025-07-20 06:43:47,43.3617057800293,-8.83716297149658,"Unknown"
"7014851",371865,2025-07-20 06:49:14,43.3575973510742,-8.84509658813477,"Unknown"
"7014851",371865,2025-07-20 06:53:52,43.3576354980469,-8.84521293640137,"Unknown"
"7014851",371865,2025-07-20 06:58:48,43.3574600219727,-8.84535789489746,"Unknown"
"7014851",371865,2025-07-20 07:03:49,43.3575897216797,-8.84509372711182,"Unknown"
"7014851",371865,2025-07-20 07:08:52,43.3575401306152,-8.84509563446045,"Unknown"
"7014851",371865,2025-07-20 07:13:49,43.357536315918,-8.8450927734375,"Unknown"
"7014851",371865,2025-07-20 07:18:48,43.3577041625977,-8.84536647796631,"Unknown"
"7014851",371865,2025-07-20 07:23:50,43.3578071594238,-8.84508228302002,"Unknown"
"7014851",371865,2025-07-20 07:28:50,43.3578948974609,-8.84512233734131,"Unknown"
"7014851",371865,2025-07-20 07:34:02,43.357608795166,-8.84525775909424,"Unknown"
"7014851",371865,2025-07-20 07:38:48,43.3575401306152,-8.8452730178833,"Unknown"
"7014851",371865,2025-07-20 07:43:47,43.3576965332031,-8.84511661529541,"Unknown"
"7014851",371865,2025-07-20 07:50:05,43.3576126098633,-8.84504508972168,"Unknown"
"7014851",371865,2025-07-20 07:54:40,43.3577117919922,-8.84503841400146,"Unknown"
"7014851",371865,2025-07-20 07:59:35,43.3576431274414,-8.84502029418945,"Unknown"
"7014851",371865,2025-07-20 08:04:36,43.3576393127441,-8.8449649810791,"Unknown"
"7014851",371865,2025-07-20 08:09:35,43.3576278686523,-8.84499168395996,"Unknown"
"7014851",371865,2025-07-20 08:14:35,43.3575859069824,-8.84498882293701,"Unknown"
"7014851",371865,2025-07-20 08:19:36,43.3574981689453,-8.84501075744629,"Unknown"
"7014851",371865,2025-07-20 08:24:35,43.3575820922852,-8.84493541717529,"Unknown"
"7014851",371865,2025-07-20 08:29:36,43.3575057983398,-8.84505176544189,"Unknown"
"7014851",371865,2025-07-20 08:34:41,43.3575973510742,-8.84504222869873,"Unknown"
"7014851",371865,2025-07-20 08:39:39,43.3575019836426,-8.8450984954834,"Unknown"
"7014851",371865,2025-07-20 08:44:39,43.3575820922852,-8.84500312805176,"Unknown"
"7014851",371865,2025-07-20 08:49:38,43.3576164245605,-8.84495735168457,"Unknown"
"7014851",371865,2025-07-20 08:54:36,43.3576316833496,-8.8450288772583,"Unknown"
"7014851",371865,2025-07-20 08:59:35,43.3575668334961,-8.84509944915771,"Unknown"
"7014851",371865,2025-07-20 09:04:37,43.3576354980469,-8.84504795074463,"Unknown"
"7014851",371865,2025-07-20 09:09:37,43.3575897216797,-8.84508037567139,"Unknown"
"7014851",371865,2025-07-20 09:14:39,43.357608795166,-8.84511566162109,"Unknown"
"7014851",371865,2025-07-20 09:19:41,43.3575820922852,-8.84497737884521,"Unknown"
"7014851",371865,2025-07-20 09:25:11,43.3575477600098,-8.8450231552124,"Unknown"
"7014851",371865,2025-07-20 09:29:35,43.3575477600098,-8.84505748748779,"Unknown"
"7014851",371865,2025-07-20 09:34:36,43.3574981689453,-8.84494972229004,"Unknown"
"7014851",371865,2025-07-20 09:39:54,43.3575286865234,-8.84505081176758,"Unknown"
"7014851",371865,2025-07-20 09:44:51,43.3575019836426,-8.84507369995117,"Unknown"
"7014851",371865,2025-07-20 09:50:23,43.3575820922852,-8.84506893157959,"Unknown"
"7014851",371865,2025-07-20 09:54:39,43.3575630187988,-8.8450345993042,"Unknown"
"7014851",371865,2025-07-20 09:59:37,43.3575096130371,-8.84508419036865,"Unknown"
"7014851",371865,2025-07-20 10:04:35,43.3576278686523,-8.84510898590088,"Unknown"
"7014851",371865,2025-07-20 10:09:35,43.3751182556152,-8.83175086975098,"Unknown"
"7014851",371865,2025-07-20 10:14:36,43.3633689880371,-8.82349586486816,"Unknown"
"7014851",371865,2025-07-20 10:19:35,43.3540992736816,-8.82745456695557,"Unknown"
"7014851",371865,2025-07-20 10:24:35,43.3512268066406,-8.8300838470459,"Unknown"
"7014851",371865,2025-07-20 10:29:37,43.3503227233887,-8.83017253875732,"Unknown"
"7014851",371865,2025-07-20 10:34:37,43.3529968261719,-8.8289041519165,"Unknown"
"7014851",371865,2025-07-20 10:39:35,43.358341217041,-8.83860778808594,"Unknown"
"7014851",371865,2025-07-20 10:44:36,43.3573341369629,-8.84480857849121,"Unknown"
"7014851",371865,2025-07-20 10:49:36,43.3574028015137,-8.84487056732178,"Unknown"
"7014851",371865,2025-07-20 10:55:02,43.3577461242676,-8.84472274780273,"Unknown"
"7014851",371865,2025-07-20 10:59:37,43.3573226928711,-8.8445873260498,"Unknown"
"7014851",371865,2025-07-20 11:04:36,43.3575630187988,-8.84491157531738,"Unknown"
"7014851",371865,2025-07-20 11:09:42,43.3574104309082,-8.84489345550537,"Unknown"
"7014851",371865,2025-07-20 11:14:36,43.3575325012207,-8.84499740600586,"Unknown"
"7014851",371865,2025-07-20 11:19:39,43.3574867248535,-8.84502792358398,"Unknown"
"7014851",371865,2025-07-20 11:24:36,43.3574066162109,-8.84499645233154,"Unknown"
"7014851",371865,2025-07-20 11:29:36,43.357666015625,-8.84514236450195,"Unknown"
"7014851",371865,2025-07-20 11:34:38,43.3575859069824,-8.84511184692383,"Unknown"
"7014851",371865,2025-07-20 11:39:36,43.357479095459,-8.84498977661133,"Unknown"
"7014851",371865,2025-07-20 11:44:37,43.357536315918,-8.8450288772583,"Unknown"
"7014851",371865,2025-07-20 11:49:36,43.3575668334961,-8.84499740600586,"Unknown"
"7014851",371865,2025-07-20 11:54:36,43.3575859069824,-8.8450231552124,"Unknown"
"7014851",371865,2025-07-20 11:59:37,43.3575439453125,-8.84502124786377,"Unknown"
"7014851",371865,2025-07-20 12:05:05,43.3575325012207,-8.84512138366699,"Unknown"
"7014851",371865,2025-07-20 12:09:36,43.3573875427246,-8.84493732452393,"Unknown"
"7014851",371865,2025-07-20 12:14:49,43.3575744628906,-8.84504318237305,"Unknown"
"7014851",371865,2025-07-20 12:20:20,43.3575553894043,-8.8450345993042,"Unknown"
"7014851",371865,2025-07-20 12:24:50,43.3574867248535,-8.84503936767578,"Unknown"
"7014851",371865,2025-07-20 12:29:50,43.3574905395508,-8.84507846832275,"Unknown"
"7014851",371865,2025-07-20 12:34:50,43.3576240539551,-8.84498310089111,"Unknown"
"7014851",371865,2025-07-20 12:39:38,43.3573188781738,-8.84478664398193,"Unknown"
"7014851",371865,2025-07-20 12:45:05,43.3576049804688,-8.84503650665283,"Unknown"
"7014851",371865,2025-07-20 12:49:36,43.3576126098633,-8.84511566162109,"Unknown"
"7014851",371865,2025-07-20 12:54:35,43.3576469421387,-8.84513282775879,"Unknown"
"7014851",371865,2025-07-20 12:59:35,43.3576354980469,-8.84504413604736,"Unknown"
"7014851",371865,2025-07-20 13:04:36,43.3576583862305,-8.84506130218506,"Unknown"
"7014851",371865,2025-07-20 13:09:35,43.3583831787109,-8.84636974334717,"Unknown"
"7014851",371865,2025-07-20 13:14:37,43.3584518432617,-8.83414745330811,"Unknown"
"7014851",371865,2025-07-20 13:19:38,43.3538093566895,-8.82487010955811,"Unknown"
"7014851",371865,2025-07-20 13:24:36,43.3612632751465,-8.82147026062012,"Unknown"
"7014851",371865,2025-07-20 13:29:35,43.3620872497559,-8.82562065124512,"Unknown"
"7014851",371865,2025-07-20 13:34:36,43.3574180603027,-8.8400936126709,"Unknown"
"7014851",371865,2025-07-20 13:39:39,43.3577117919922,-8.84510898590088,"Unknown"
"7014851",371865,2025-07-20 13:44:44,43.3575553894043,-8.84501266479492,"Unknown"
"7014851",371865,2025-07-20 13:49:38,43.3575401306152,-8.84493827819824,"Unknown"
"7014851",371865,2025-07-20 13:54:36,43.3575782775879,-8.84501457214355,"Unknown"
"7014851",371865,2025-07-20 13:59:40,43.3575630187988,-8.8450345993042,"Unknown"
"7014851",371865,2025-07-20 14:05:05,43.3575592041016,-8.84502410888672,"Unknown"
"7014851",371865,2025-07-20 14:09:35,43.3575820922852,-8.84504127502441,"Unknown"
"7014851",371865,2025-07-20 14:14:35,43.357666015625,-8.84512042999268,"Unknown"
"7014851",371865,2025-07-20 14:19:38,43.3580474853516,-8.84570503234863,"Unknown"
"7014851",371865,2025-07-20 14:24:38,43.3575859069824,-8.84502124786377,"Unknown"
"7014851",371865,2025-07-20 14:29:39,43.3576545715332,-8.8452262878418,"Unknown"
"7014851",371865,2025-07-20 14:34:36,43.3575477600098,-8.84503746032715,"Unknown"
"7014851",371865,2025-07-20 14:39:38,43.3573226928711,-8.84464168548584,"Unknown"
"7014851",371865,2025-07-20 14:44:36,43.3576507568359,-8.84518814086914,"Unknown"
"7014851",371865,2025-07-20 14:49:35,43.3578338623047,-8.84553623199463,"Unknown"
"7014851",371865,2025-07-20 14:54:39,43.3578987121582,-8.84569835662842,"Unknown"
"7014851",371865,2025-07-20 14:59:40,43.3574562072754,-8.84505558013916,"Unknown"
"7014851",371865,2025-07-20 15:04:39,43.3575248718262,-8.84493255615234,"Unknown"
"7014851",371865,2025-07-20 15:09:37,43.3576011657715,-8.84512424468994,"Unknown"
"7014851",371865,2025-07-20 15:14:42,43.3577117919922,-8.84526252746582,"Unknown"
"7014851",371865,2025-07-20 15:19:36,43.3577766418457,-8.84533977508545,"Unknown"
"7014851",371865,2025-07-20 15:24:40,43.3575706481934,-8.8450345993042,"Unknown"
"7014851",371865,2025-07-20 15:29:44,43.3575210571289,-8.84514713287354,"Unknown"
"7014851",371865,2025-07-20 15:34:39,43.3578147888184,-8.84544849395752,"Unknown"
"7014851",371865,2025-07-20 15:39:39,43.357536315918,-8.84499263763428,"Unknown"
"7014851",371865,2025-07-20 15:44:38,43.3634262084961,-8.84805202484131,"Unknown"
"7014851",371865,2025-07-20 15:49:38,43.3710823059082,-8.85129070281982,"Unknown"
"7014851",371865,2025-07-20 15:54:37,43.3640213012695,-8.84895038604736,"Unknown"
"7014851",371865,2025-07-20 15:59:39,43.3664512634277,-8.85168552398682,"Unknown"
"7014851",371865,2025-07-20 16:04:46,43.3576240539551,-8.84509754180908,"Unknown"
"7014851",371865,2025-07-20 16:09:38,43.3575668334961,-8.84517860412598,"Unknown"
"7014851",371865,2025-07-20 16:14:40,43.357795715332,-8.8453483581543,"Unknown"
"7014851",371865,2025-07-20 16:19:40,43.3577079772949,-8.8452615737915,"Unknown"
"7014851",371865,2025-07-20 16:24:41,43.3573989868164,-8.84475898742676,"Unknown"
"7014851",371865,2025-07-20 16:29:40,43.3575630187988,-8.84504890441895,"Unknown"
"7014851",371865,2025-07-20 16:34:39,43.3576622009277,-8.84512615203857,"Unknown"
"7014851",371865,2025-07-20 16:40:07,43.3575057983398,-8.84494972229004,"Unknown"
"7014851",371865,2025-07-20 16:45:05,43.3575706481934,-8.84503841400146,"Unknown"
"7014851",371865,2025-07-20 16:49:37,43.3575210571289,-8.84501361846924,"Unknown"
"7014851",371865,2025-07-20 16:54:37,43.3576622009277,-8.84512519836426,"Unknown"
"7014851",371865,2025-07-20 16:59:38,43.3575782775879,-8.84499740600586,"Unknown"
"7014851",371865,2025-07-20 17:04:36,43.3576164245605,-8.84504127502441,"Unknown"
"7014851",371865,2025-07-20 17:09:36,43.3574028015137,-8.84494972229004,"Unknown"
"7014851",371865,2025-07-20 17:14:36,43.357738494873,-8.84525203704834,"Unknown"
"7014851",371865,2025-07-20 17:19:39,43.3576545715332,-8.84510898590088,"Unknown"
"7014851",371865,2025-07-20 17:24:38,43.3576164245605,-8.84510803222656,"Unknown"
"7014851",371865,2025-07-20 17:29:39,43.357608795166,-8.8450984954834,"Unknown"
"7014851",371865,2025-07-20 17:35:05,43.3576698303223,-8.84505653381348,"Unknown"
"7014851",371865,2025-07-20 17:39:36,43.3576507568359,-8.84530067443848,"Unknown"
"7014851",371865,2025-07-20 17:44:37,43.357551574707,-8.84515380859375,"Unknown"
"7014851",371865,2025-07-20 17:49:34,43.3394584655762,-8.84396553039551,"Unknown"
"7014851",371865,2025-07-20 17:54:34,43.3205528259277,-8.85574913024902,"Unknown"
"7014851",371865,2025-07-20 17:59:41,43.3143692016602,-8.85660171508789,"Unknown"
"7014851",371865,2025-07-20 18:04:43,43.3143463134766,-8.85678386688232,"Unknown"
"7014851",371865,2025-07-20 18:09:39,43.3284111022949,-8.84703159332275,"Unknown"
"7014851",371865,2025-07-20 18:14:39,43.3575973510742,-8.84517669677734,"Unknown"
"7014851",371865,2025-07-20 18:19:34,43.3575172424316,-8.84512424468994,"Unknown"
"7014851",371865,2025-07-20 18:24:41,43.357536315918,-8.84503841400146,"Unknown"
"7014851",371865,2025-07-20 18:29:38,43.3575248718262,-8.84504699707031,"Unknown"
"7014851",371865,2025-07-20 18:34:39,43.3577041625977,-8.84527683258057,"Unknown"
"7014851",371865,2025-07-20 18:39:37,43.3575592041016,-8.84512424468994,"Unknown"
"7014851",371865,2025-07-20 18:44:37,43.357608795166,-8.84510707855225,"Unknown"
"7014851",371865,2025-07-20 18:50:05,43.357551574707,-8.84502792358398,"Unknown"
"7014851",371865,2025-07-20 18:54:35,43.3574295043945,-8.84505176544189,"Unknown"
"7014851",371865,2025-07-20 18:59:36,43.3583755493164,-8.84575080871582,"Unknown"
"7014851",371865,2025-07-20 19:04:35,43.3728828430176,-8.85171985626221,"Unknown"
"7014851",371865,2025-07-20 19:09:34,43.3717346191406,-8.85085678100586,"Unknown"
"7014851",371865,2025-07-20 19:14:34,43.3723602294922,-8.85145473480225,"Unknown"
"7014851",371865,2025-07-20 19:19:34,43.3683547973633,-8.83123016357422,"Unknown"
"7014851",371865,2025-07-20 19:24:38,43.365852355957,-8.83121871948242,"Unknown"
"7014851",371865,2025-07-20 19:29:34,43.363468170166,-8.83186817169189,"Unknown"
"7014851",371865,2025-07-20 19:34:41,43.3576354980469,-8.8450231552124,"Unknown"
"7014851",371865,2025-07-20 19:39:39,43.3576278686523,-8.84501838684082,"Unknown"
"7014851",371865,2025-07-20 19:44:34,43.357608795166,-8.84500694274902,"Unknown"
"7014851",371865,2025-07-20 19:49:48,43.3577423095703,-8.84525203704834,"Unknown"
"7014851",371865,2025-07-20 19:54:57,43.3581695556641,-8.84544086456299,"Unknown"
"7014851",371865,2025-07-20 19:59:49,43.3582344055176,-8.84548187255859,"Unknown"
"7014851",371865,2025-07-20 20:05:10,43.3580169677734,-8.84506034851074,"Unknown"
"7014851",371865,2025-07-20 20:09:47,43.3580436706543,-8.84545707702637,"Unknown"
"7014851",371865,2025-07-20 20:14:46,43.3577079772949,-8.84517955780029,"Unknown"
"7014851",371865,2025-07-20 20:19:45,43.3578948974609,-8.84533405303955,"Unknown"
"7014851",371865,2025-07-20 20:24:47,43.3575668334961,-8.84528541564941,"Unknown"
"7014851",371865,2025-07-20 20:29:52,43.3575706481934,-8.84471035003662,"Unknown"
"7014851",371865,2025-07-20 20:34:47,43.3575820922852,-8.84528160095215,"Unknown"
"7014851",371865,2025-07-20 20:39:47,43.3575096130371,-8.84504413604736,"Unknown"
"7014851",371865,2025-07-20 20:44:51,43.3622436523438,-8.84889698028564,"Unknown"
"7014851",371865,2025-07-20 20:50:05,43.3651275634766,-8.82891082763672,"Unknown"
"7014851",371865,2025-07-20 20:54:49,43.3645782470703,-8.82797431945801,"Unknown"
"7014851",371865,2025-07-20 20:59:47,43.3635063171387,-8.8265495300293,"Unknown"
"7014851",371865,2025-07-20 21:04:54,43.363883972168,-8.82607650756836,"Unknown"
"7014851",371865,2025-07-20 21:09:53,43.364185333252,-8.82712078094482,"Unknown"
"7014851",371865,2025-07-20 21:14:56,43.3639793395996,-8.82707977294922,"Unknown"
"7014851",371865,2025-07-20 21:19:46,43.3631591796875,-8.82813549041748,"Unknown"
"7014851",371865,2025-07-20 21:24:58,43.3576316833496,-8.84488487243652,"Unknown"
"7014851",371865,2025-07-20 21:29:59,43.3575973510742,-8.84491729736328,"Unknown"
"7014851",371865,2025-07-20 21:34:58,43.3576927185059,-8.84484672546387,"Unknown"
"7014851",371865,2025-07-20 21:39:57,43.3576164245605,-8.84493541717529,"Unknown"
"7014851",371865,2025-07-20 21:44:58,43.3576622009277,-8.84487438201904,"Unknown"
"7014851",371865,2025-07-20 21:50:05,43.3575859069824,-8.84493350982666,"Unknown"
"7014851",371865,2025-07-20 21:54:45,43.3576393127441,-8.84493541717529,"Unknown"
"7014851",371865,2025-07-20 21:59:47,43.357593536377,-8.84513187408447,"Unknown"
"7014851",371865,2025-07-20 22:04:45,43.357593536377,-8.8449764251709,"Unknown"
"7014851",371865,2025-07-20 22:09:46,43.3575668334961,-8.84497833251953,"Unknown"
"7014851",371865,2025-07-20 22:14:46,43.3575820922852,-8.84503936767578,"Unknown"
"7014851",371865,2025-07-20 22:19:46,43.357536315918,-8.84499454498291,"Unknown"
"7014851",371865,2025-07-20 22:24:49,43.3575973510742,-8.8450231552124,"Unknown"
"7014851",371865,2025-07-20 22:29:49,43.3577041625977,-8.84507179260254,"Unknown"
"7014851",371865,2025-07-20 22:34:45,43.3577499389648,-8.8450756072998,"Unknown"
"7014851",371865,2025-07-20 22:39:45,43.3576736450195,-8.84503841400146,"Unknown"
"7014851",371865,2025-07-20 22:44:45,43.3576889038086,-8.8450403213501,"Unknown"
"7014851",371865,2025-07-20 22:49:45,43.3576431274414,-8.84503364562988,"Unknown"
"7014851",371865,2025-07-20 22:54:46,43.357723236084,-8.8450174331665,"Unknown"
"7014851",371865,2025-07-20 22:59:47,43.3576965332031,-8.84500598907471,"Unknown"
"7014851",371865,2025-07-20 23:04:49,43.3574485778809,-8.84480571746826,"Unknown"
"7014851",371865,2025-07-20 23:10:02,43.3575897216797,-8.84494113922119,"Unknown"
"7014851",371865,2025-07-20 23:14:46,43.3576774597168,-8.8449649810791,"Unknown"
"7014851",371865,2025-07-20 23:19:45,43.357666015625,-8.84484100341797,"Unknown"
"7014851",371865,2025-07-20 23:24:46,43.3576393127441,-8.84494495391846,"Unknown"
"7014851",371865,2025-07-20 23:29:45,43.3576850891113,-8.84501457214355,"Unknown"
"7014851",371865,2025-07-20 23:34:46,43.357666015625,-8.84488487243652,"Unknown"
"7014851",371865,2025-07-20 23:39:48,43.3576240539551,-8.84504413604736,"Unknown"
"7014851",371865,2025-07-20 23:44:49,43.3576622009277,-8.84505176544189,"Unknown"
"7014851",371865,2025-07-20 23:49:45,43.3576545715332,-8.84503078460693,"Unknown"
"7014851",371865,2025-07-20 23:54:45,43.3576889038086,-8.84500122070312,"Unknown"
"7014851",371865,2025-07-20 23:59:45,43.3576927185059,-8.84501647949219,"Unknown"
"7014851",371865,2025-07-21 00:04:45,43.3575744628906,-8.84490871429443,"Unknown"
"7014851",371865,2025-07-21 00:09:45,43.3579025268555,-8.84518718719482,"Unknown"
"7014851",371865,2025-07-21 00:14:46,43.3577690124512,-8.84515857696533,"Unknown"
"7014851",371865,2025-07-21 00:19:49,43.3576431274414,-8.84504795074463,"Unknown"
"7014851",371865,2025-07-21 00:24:59,43.3575477600098,-8.8450403213501,"Unknown"
"7014851",371865,2025-07-21 00:30:04,43.357551574707,-8.84506416320801,"Unknown"
"7014851",371865,2025-07-21 00:34:45,43.3576164245605,-8.84515190124512,"Unknown"
"7014851",371865,2025-07-21 00:39:45,43.3575820922852,-8.8451099395752,"Unknown"
"7014851",371865,2025-07-21 00:44:45,43.357593536377,-8.84510135650635,"Unknown"
"7014851",371865,2025-07-21 00:49:45,43.3575286865234,-8.84508228302002,"Unknown"
"7014851",371865,2025-07-21 00:54:45,43.3574829101562,-8.84505748748779,"Unknown"
"7014851",371865,2025-07-21 00:59:45,43.3575782775879,-8.84504318237305,"Unknown"
"7014851",371865,2025-07-21 01:04:45,43.357494354248,-8.84507465362549,"Unknown"
"7014851",371865,2025-07-21 01:09:45,43.3575019836426,-8.84504795074463,"Unknown"
"7014851",371865,2025-07-21 01:14:47,43.3572692871094,-8.84481048583984,"Unknown"
"7014851",371865,2025-07-21 01:19:46,43.3573379516602,-8.84486103057861,"Unknown"
"7014851",371865,2025-07-21 01:24:46,43.3575134277344,-8.8450403213501,"Unknown"
"7014851",371865,2025-07-21 01:29:47,43.357666015625,-8.84515380859375,"Unknown"
"7014851",371865,2025-07-21 01:34:45,43.3574981689453,-8.84500598907471,"Unknown"
"7014851",371865,2025-07-21 01:39:46,43.3575744628906,-8.84514236450195,"Unknown"
"7014851",371865,2025-07-21 01:44:48,43.3576202392578,-8.84509468078613,"Unknown"
"7014851",371865,2025-07-21 01:49:50,43.3576202392578,-8.84504413604736,"Unknown"
"7014851",371865,2025-07-21 01:54:46,43.3576354980469,-8.84506130218506,"Unknown"
"7014851",371865,2025-07-21 01:59:55,43.3576011657715,-8.84508228302002,"Unknown"
"7014851",371865,2025-07-21 02:05:05,43.3575973510742,-8.8450927734375,"Unknown"
"7014851",371865,2025-07-21 02:09:46,43.3574104309082,-8.84479331970215,"Unknown"
"7014851",371865,2025-07-21 02:14:46,43.3576393127441,-8.84521293640137,"Unknown"
"7014851",371865,2025-07-21 02:19:47,43.3575744628906,-8.84523010253906,"Unknown"
"7014851",371865,2025-07-21 02:24:47,43.3577041625977,-8.84532928466797,"Unknown"
"7014851",371865,2025-07-21 02:29:48,43.3576965332031,-8.84533214569092,"Unknown"
"7014851",371865,2025-07-21 02:34:55,43.3574371337891,-8.84503078460693,"Unknown"
"7014851",371865,2025-07-21 02:39:46,43.3574485778809,-8.8449182510376,"Unknown"
"7014851",371865,2025-07-21 02:44:55,43.357494354248,-8.84501171112061,"Unknown"
"7014851",371865,2025-07-21 02:49:46,43.3573570251465,-8.84486865997314,"Unknown"
"7014851",371865,2025-07-21 02:54:55,43.3574638366699,-8.84501171112061,"Unknown"
"7014851",371865,2025-07-21 02:59:55,43.3574981689453,-8.84485149383545,"Unknown"
"7014851",371865,2025-07-21 03:04:55,43.3574600219727,-8.84486198425293,"Unknown"
"7014851",371865,2025-07-21 03:10:05,43.3574829101562,-8.84510040283203,"Unknown"
"7014851",371865,2025-07-21 03:14:45,43.357479095459,-8.84508609771729,"Unknown"
"7014851",371865,2025-07-21 03:19:45,43.3574829101562,-8.84509563446045,"Unknown"
"7014851",371865,2025-07-21 03:24:45,43.3575248718262,-8.84519958496094,"Unknown"
"7014851",371865,2025-07-21 03:29:45,43.3575592041016,-8.84500503540039,"Unknown"
"7014851",371865,2025-07-21 03:34:46,43.3575744628906,-8.84505653381348,"Unknown"
"7014851",371865,2025-07-21 03:39:46,43.3575210571289,-8.84506416320801,"Unknown"
"7014851",371865,2025-07-21 03:44:45,43.3575439453125,-8.84510517120361,"Unknown"
"7014851",371865,2025-07-21 03:49:45,43.3575553894043,-8.84507274627686,"Unknown"
"7014851",371865,2025-07-21 03:54:46,43.3576011657715,-8.84495258331299,"Unknown"
"7014851",371865,2025-07-21 03:59:46,43.3576850891113,-8.84531116485596,"Unknown"
"7014851",371865,2025-07-21 04:04:52,43.3575172424316,-8.84502506256104,"Unknown"
"7014851",371865,2025-07-21 04:09:52,43.3575172424316,-8.84509563446045,"Unknown"
"7014851",371865,2025-07-21 04:15:04,43.3575668334961,-8.84501457214355,"Unknown"
"7014851",371865,2025-07-21 04:19:44,43.3576202392578,-8.84503555297852,"Unknown"
"7014851",371865,2025-07-21 04:24:45,43.3577308654785,-8.84530639648438,"Unknown"
"7014851",371865,2025-07-21 04:29:44,43.3613700866699,-8.85604858398438,"Unknown"
"7014851",371865,2025-07-21 04:34:45,43.3562965393066,-8.8723258972168,"Unknown"
"7014851",371865,2025-07-21 04:39:44,43.3452606201172,-8.88015937805176,"Unknown"
"7014851",371865,2025-07-21 04:44:44,43.3591117858887,-8.89620685577393,"Unknown"
"7014851",371865,2025-07-21 04:49:45,43.3923835754395,-8.88588619232178,"Unknown"
"7014851",371865,2025-07-21 04:54:44,43.4054985046387,-8.86312198638916,"Unknown"
"7014851",371865,2025-07-21 04:59:44,43.397590637207,-8.84555530548096,"Unknown"
"7014851",371865,2025-07-21 05:04:44,43.377799987793,-8.83549308776855,"Unknown"
"7014851",371865,2025-07-21 05:09:45,43.3668022155762,-8.82792949676514,"Unknown"
"7014851",371865,2025-07-21 05:14:44,43.3646202087402,-8.8308277130127,"Unknown"
"7014851",371865,2025-07-21 05:19:46,43.362247467041,-8.82745933532715,"Unknown"
"7014851",371865,2025-07-21 05:24:45,43.3569946289062,-8.83387660980225,"Unknown"
"7014851",371865,2025-07-21 05:29:47,43.3574638366699,-8.8451099395752,"Unknown"
"7014851",371865,2025-07-21 05:34:47,43.3576393127441,-8.84521961212158,"Unknown"
"7014851",371865,2025-07-21 05:39:48,43.357536315918,-8.84513759613037,"Unknown"
"7014851",371865,2025-07-21 05:44:44,43.3576164245605,-8.8452787399292,"Unknown"
"7014851",371865,2025-07-21 05:49:47,43.3575325012207,-8.84512805938721,"Unknown"
"7014851",371865,2025-07-21 05:54:46,43.3576316833496,-8.84491062164307,"Unknown"
"7014851",371865,2025-07-21 05:59:48,43.3576049804688,-8.84499359130859,"Unknown"
"7014851",371865,2025-07-21 06:04:46,43.357593536377,-8.84496879577637,"Unknown"
"7014851",371865,2025-07-21 06:09:44,43.357666015625,-8.8449239730835,"Unknown"
"7014851",371865,2025-07-21 06:15:05,43.3576011657715,-8.84502792358398,"Unknown"
"7014851",371865,2025-07-21 06:19:48,43.3576889038086,-8.84526824951172,"Unknown"
"7014851",371865,2025-07-21 06:25:05,43.3576164245605,-8.84502983093262,"Unknown"
"7014851",371865,2025-07-21 06:29:46,43.3576469421387,-8.84503269195557,"Unknown"
"7014851",371865,2025-07-21 06:34:52,43.3575401306152,-8.84508228302002,"Unknown"
"7014851",371865,2025-07-21 06:39:58,43.3576278686523,-8.84502220153809,"Unknown"
"7014851",371865,2025-07-21 06:44:47,43.3576240539551,-8.84501075744629,"Unknown"
"7014851",371865,2025-07-21 06:49:44,43.3576545715332,-8.84495735168457,"Unknown"
"7014851",371865,2025-07-21 06:54:45,43.3575782775879,-8.84499263763428,"Unknown"
"7014851",371865,2025-07-21 06:59:47,43.3575057983398,-8.84504699707031,"Unknown"
"7014851",371865,2025-07-21 07:04:44,43.3576011657715,-8.84500312805176,"Unknown"
"7014851",371865,2025-07-21 07:09:46,43.3575286865234,-8.84496402740479,"Unknown"
"7014851",371865,2025-07-21 07:14:46,43.3575286865234,-8.84495830535889,"Unknown"
"7014851",371865,2025-07-21 07:19:46,43.3574600219727,-8.84476757049561,"Unknown"
"7014851",371865,2025-07-21 07:24:47,43.3573570251465,-8.84470367431641,"Unknown"
"7014851",371865,2025-07-21 07:29:51,43.3577003479004,-8.84499168395996,"Unknown"
"7014851",371865,2025-07-21 07:35:05,43.3644104003906,-8.82330417633057,"Unknown"
"7014851",371865,2025-07-21 07:39:44,43.3514442443848,-8.7800989151001,"Unknown"
"7014851",371865,2025-07-21 07:44:44,43.341869354248,-8.72921466827393,"Unknown"
"7014851",371865,2025-07-21 07:49:45,43.3396186828613,-8.692063331604,"Unknown"
"7014851",371865,2025-07-21 07:54:44,43.3247184753418,-8.69173908233643,"Unknown"
"7014851",371865,2025-07-21 07:59:45,43.3022232055664,-8.69475078582764,"Unknown"
"7014851",371865,2025-07-21 08:05:05,43.2918701171875,-8.69763660430908,"Unknown"
"7014851",371865,2025-07-21 08:09:45,43.2918815612793,-8.6976490020752,"Unknown"
"7014851",371865,2025-07-21 08:14:47,43.2916107177734,-8.69718170166016,"Unknown"
"7014851",371865,2025-07-21 08:19:47,43.291862487793,-8.69778251647949,"Unknown"
"7014851",371865,2025-07-21 08:24:47,43.2921142578125,-8.6974515914917,"Unknown"
"7014851",371865,2025-07-21 08:29:44,43.2921142578125,-8.69743347167969,"Unknown"
"7014851",371865,2025-07-21 08:34:47,43.2921485900879,-8.69741153717041,"Unknown"
"7014851",371865,2025-07-21 08:39:47,43.2921180725098,-8.69739627838135,"Unknown"
"7014851",371865,2025-07-21 08:44:47,43.297435760498,-8.66719245910645,"Unknown"
"7014851",371865,2025-07-21 08:49:44,43.2974510192871,-8.6672248840332,"Unknown"
"7014851",371865,2025-07-21 08:54:44,43.2974662780762,-8.66727828979492,"Unknown"
"7014851",371865,2025-07-21 08:59:46,43.297550201416,-8.66737842559814,"Unknown"
"7014851",371865,2025-07-21 09:04:44,43.2976112365723,-8.66739749908447,"Unknown"
"7014851",371865,2025-07-21 09:09:45,43.2975807189941,-8.66725921630859,"Unknown"
"7014851",371865,2025-07-21 09:14:44,43.2975845336914,-8.66746234893799,"Unknown"
"7014851",371865,2025-07-21 09:19:46,43.2974586486816,-8.66746234893799,"Unknown"
"7014851",371865,2025-07-21 09:24:45,43.2974739074707,-8.66760158538818,"Unknown"
"7014851",371865,2025-07-21 09:29:46,43.2975044250488,-8.66762733459473,"Unknown"
"7014851",371865,2025-07-21 09:34:49,43.2975387573242,-8.66760540008545,"Unknown"
"7014851",371865,2025-07-21 09:39:44,43.2975578308105,-8.66772747039795,"Unknown"
"7014851",371865,2025-07-21 09:44:45,43.2928009033203,-8.66256999969482,"Unknown"
"7014851",371865,2025-07-21 09:49:44,43.2830085754395,-8.64559173583984,"Unknown"
"7014851",371865,2025-07-21 09:54:44,43.2630348205566,-8.61486339569092,"Unknown"
"7014851",371865,2025-07-21 09:59:44,43.2452125549316,-8.60250473022461,"Unknown"
"7014851",371865,2025-07-21 10:04:44,43.2331199645996,-8.5821647644043,"Unknown"
"7014851",371865,2025-07-21 10:09:44,43.2001533508301,-8.561598777771,"Unknown"
"7014851",371865,2025-07-21 10:14:45,43.1920967102051,-8.54104804992676,"Unknown"
"7014851",371865,2025-07-21 10:19:43,43.1741218566895,-8.52171325683594,"Unknown"
"7014851",371865,2025-07-21 10:24:53,43.1401214599609,-8.48646354675293,"Unknown"
"7014851",371865,2025-07-21 10:29:51,43.1309432983398,-8.47144889831543,"Unknown"
"7014851",371865,2025-07-21 10:34:47,43.1309013366699,-8.47152423858643,"Unknown"
"7014851",371865,2025-07-21 10:39:44,43.1309585571289,-8.47122383117676,"Unknown"
"7014851",371865,2025-07-21 10:45:14,43.1310081481934,-8.47158336639404,"Unknown"
"7014851",371865,2025-07-21 10:49:53,43.1306304931641,-8.47158718109131,"Unknown"
"7014851",371865,2025-07-21 10:55:14,43.1307144165039,-8.47173309326172,"Unknown"
"7014851",371865,2025-07-21 11:00:23,43.1306495666504,-8.47166728973389,"Unknown"
"7014851",371865,2025-07-21 11:04:46,43.1315879821777,-8.47184562683105,"Unknown"
"7014851",371865,2025-07-21 11:09:58,43.1332359313965,-8.46871566772461,"Unknown"
"7014851",371865,2025-07-21 11:14:46,43.1332969665527,-8.46873664855957,"Unknown"
"7014851",371865,2025-07-21 11:20:05,43.1329917907715,-8.46866989135742,"Unknown"
"7014851",371865,2025-07-21 11:24:45,43.1330184936523,-8.4686450958252,"Unknown"
"7014851",371865,2025-07-21 11:29:45,43.1329917907715,-8.46864414215088,"Unknown"
"7014851",371865,2025-07-21 11:34:45,43.1328010559082,-8.46891498565674,"Unknown"
"7014851",371865,2025-07-21 11:39:45,43.1328392028809,-8.46906280517578,"Unknown"
"7014851",371865,2025-07-21 11:44:45,43.1328735351562,-8.46903038024902,"Unknown"
"7014851",371865,2025-07-21 11:49:51,43.1328582763672,-8.46904182434082,"Unknown"
"7014851",371865,2025-07-21 11:54:45,43.1327285766602,-8.46910667419434,"Unknown"
"7014851",371865,2025-07-21 11:59:49,43.1338691711426,-8.47044563293457,"Unknown"
"7014851",371865,2025-07-21 12:04:44,43.1338920593262,-8.47034645080566,"Unknown"
"7014851",371865,2025-07-21 12:09:51,43.1339492797852,-8.47051429748535,"Unknown"
"7014851",371865,2025-07-21 12:14:44,43.1340446472168,-8.47055435180664,"Unknown"
"7014851",371865,2025-07-21 12:19:56,43.1338043212891,-8.47032451629639,"Unknown"
"7014851",371865,2025-07-21 12:24:48,43.1337661743164,-8.47016048431396,"Unknown"
"7014851",371865,2025-07-21 12:29:46,43.133846282959,-8.47021198272705,"Unknown"
"7014851",371865,2025-07-21 12:35:05,43.1338348388672,-8.4702615737915,"Unknown"
"7014851",371865,2025-07-21 12:39:45,43.133716583252,-8.4702091217041,"Unknown"
"7014851",371865,2025-07-21 12:44:54,43.1340675354004,-8.47049236297607,"Unknown"
"7014851",371865,2025-07-21 12:49:45,43.1340408325195,-8.4705924987793,"Unknown"
"7014851",371865,2025-07-21 12:54:45,43.134105682373,-8.47028350830078,"Unknown"
"7014851",371865,2025-07-21 12:59:47,43.1341361999512,-8.47058010101318,"Unknown"
"7014851",371865,2025-07-21 13:04:51,43.1340026855469,-8.47045516967773,"Unknown"
"7014851",371865,2025-07-21 13:09:52,43.133975982666,-8.47044372558594,"Unknown"
"7014851",371865,2025-07-21 13:14:47,43.1340255737305,-8.47037887573242,"Unknown"
"7014851",371865,2025-07-21 13:19:45,43.1339340209961,-8.47036266326904,"Unknown"
"7014851",371865,2025-07-21 13:24:57,43.1339416503906,-8.47036457061768,"Unknown"
"7014851",371865,2025-07-21 13:29:53,43.1338043212891,-8.47023296356201,"Unknown"
"7014851",371865,2025-07-21 13:34:46,43.1339950561523,-8.47049522399902,"Unknown"
"7014851",371865,2025-07-21 13:39:45,43.1339111328125,-8.47047328948975,"Unknown"
"7014851",371865,2025-07-21 13:44:46,43.1339721679688,-8.47045993804932,"Unknown"
"7014851",371865,2025-07-21 13:49:46,43.1339454650879,-8.47049140930176,"Unknown"
"7014851",371865,2025-07-21 13:54:44,43.1339721679688,-8.47042751312256,"Unknown"
"7014851",371865,2025-07-21 13:59:44,43.133960723877,-8.47036933898926,"Unknown"
"7014851",371865,2025-07-21 14:04:47,43.133918762207,-8.47036266326904,"Unknown"
"7014851",371865,2025-07-21 14:09:46,43.1340026855469,-8.47048091888428,"Unknown"
"7014851",371865,2025-07-21 14:14:47,43.1341323852539,-8.4706392288208,"Unknown"
"7014851",371865,2025-07-21 14:19:47,43.1323661804199,-8.46849060058594,"Unknown"
"7014851",371865,2025-07-21 14:24:54,43.132438659668,-8.46852588653564,"Unknown"
"7014851",371865,2025-07-21 14:29:57,43.1324043273926,-8.46849632263184,"Unknown"
"7014851",371865,2025-07-21 14:34:55,43.132453918457,-8.46860885620117,"Unknown"
"7014851",371865,2025-07-21 14:39:55,43.132453918457,-8.46861362457275,"Unknown"
"7014851",371865,2025-07-21 14:44:55,43.1324272155762,-8.46851825714111,"Unknown"
"7014851",371865,2025-07-21 14:50:05,43.1324081420898,-8.46848392486572,"Unknown"
"7014851",371865,2025-07-21 14:54:46,43.1323432922363,-8.46841621398926,"Unknown"
"7014851",371865,2025-07-21 15:00:10,43.1323127746582,-8.46835517883301,"Unknown"
"7014851",371865,2025-07-21 15:04:44,43.132396697998,-8.46843814849854,"Unknown"
"7014851",371865,2025-07-21 15:09:44,43.1323852539062,-8.46846294403076,"Unknown"
"7014851",371865,2025-07-21 15:14:45,43.1323356628418,-8.46845436096191,"Unknown"
"7014851",371865,2025-07-21 15:19:44,43.1323280334473,-8.4685115814209,"Unknown"
"7014851",371865,2025-07-21 15:25:02,43.1338958740234,-8.47034072875977,"Unknown"
"7014851",371865,2025-07-21 15:29:52,43.1338424682617,-8.47004127502441,"Unknown"
"7014851",371865,2025-07-21 15:34:46,43.1339683532715,-8.47011852264404,"Unknown"
"7014851",371865,2025-07-21 15:39:44,43.1336631774902,-8.47006702423096,"Unknown"
"7014851",371865,2025-07-21 15:44:46,43.1336441040039,-8.4699592590332,"Unknown"
"7014851",371865,2025-07-21 15:49:52,43.1326599121094,-8.4689826965332,"Unknown"
"7014851",371865,2025-07-21 15:54:47,43.1326293945312,-8.46889877319336,"Unknown"
"7014851",371865,2025-07-21 15:59:54,43.1325798034668,-8.46886157989502,"Unknown"
"7014851",371865,2025-07-21 16:04:54,43.132682800293,-8.46898555755615,"Unknown"
"7014851",371865,2025-07-21 16:10:05,43.1327133178711,-8.46899127960205,"Unknown"
"7014851",371865,2025-07-21 16:14:45,43.1326522827148,-8.46898365020752,"Unknown"
"7014851",371865,2025-07-21 16:19:45,43.1327056884766,-8.46903705596924,"Unknown"
"7014851",371865,2025-07-21 16:24:47,43.1299285888672,-8.47087955474854,"Unknown"
"7014851",371865,2025-07-21 16:29:45,43.1297607421875,-8.47079277038574,"Unknown"
"7014851",371865,2025-07-21 16:34:44,43.1298484802246,-8.47075462341309,"Unknown"
"7014851",371865,2025-07-21 16:39:46,43.1297187805176,-8.47090911865234,"Unknown"
"7014851",371865,2025-07-21 16:44:45,43.1298904418945,-8.4709005355835,"Unknown"
"7014851",371865,2025-07-21 16:49:46,43.1299057006836,-8.47098922729492,"Unknown"
"7014851",371865,2025-07-21 16:54:48,43.129508972168,-8.47007179260254,"Unknown"
"7014851",371865,2025-07-21 16:59:47,43.1295471191406,-8.47023582458496,"Unknown"
"7014851",371865,2025-07-21 17:04:47,43.1298675537109,-8.47083759307861,"Unknown"
"7014851",371865,2025-07-21 17:09:47,43.1297874450684,-8.47062015533447,"Unknown"
"7014851",371865,2025-07-21 17:14:47,43.1298828125,-8.4709005355835,"Unknown"
"7014851",371865,2025-07-21 17:19:52,43.1297988891602,-8.47064590454102,"Unknown"
"7014851",371865,2025-07-21 17:24:46,43.1302070617676,-8.47104835510254,"Unknown"
"7014851",371865,2025-07-21 17:29:56,43.1324462890625,-8.46872997283936,"Unknown"
"7014851",371865,2025-07-21 17:35:04,43.1324729919434,-8.46855545043945,"Unknown"
"7014851",371865,2025-07-21 17:39:45,43.1353378295898,-8.47069644927979,"Unknown"
"7014851",371865,2025-07-21 17:44:45,43.1298751831055,-8.50751209259033,"Unknown"
"7014851",371865,2025-07-21 17:49:44,43.1385116577148,-8.5291109085083,"Unknown"
"7014851",371865,2025-07-21 17:54:45,43.1412773132324,-8.54347896575928,"Unknown"
"7014851",371865,2025-07-21 17:59:44,43.1679496765137,-8.56833744049072,"Unknown"
"7014851",371865,2025-07-21 18:04:44,43.1881561279297,-8.60207748413086,"Unknown"
"7014851",371865,2025-07-21 18:09:46,43.213306427002,-8.63489437103271,"Unknown"
"7014851",371865,2025-07-21 18:14:44,43.2365913391113,-8.63472938537598,"Unknown"
"7014851",371865,2025-07-21 18:19:44,43.267879486084,-8.64351081848145,"Unknown"
"7014851",371865,2025-07-21 18:24:44,43.2874412536621,-8.66775321960449,"Unknown"
"7014851",371865,2025-07-21 18:29:44,43.2935028076172,-8.69317531585693,"Unknown"
"7014851",371865,2025-07-21 18:34:46,43.2927207946777,-8.69838428497314,"Unknown"
"7014851",371865,2025-07-21 18:39:46,43.2980308532715,-8.70852851867676,"Unknown"
"7014851",371865,2025-07-21 18:44:45,43.3014526367188,-8.73285007476807,"Unknown"
"7014851",371865,2025-07-21 18:49:45,43.3013877868652,-8.7327823638916,"Unknown"
"7014851",371865,2025-07-21 18:55:29,43.3014984130859,-8.73244571685791,"Unknown"
"7014851",371865,2025-07-21 19:01:08,43.3023338317871,-8.72983551025391,"Unknown"
"7014851",371865,2025-07-21 19:06:08,43.3028945922852,-8.73178195953369,"Unknown"
"7014851",371865,2025-07-21 19:10:14,43.3031959533691,-8.73431205749512,"Unknown"
"7014851",371865,2025-07-21 19:14:44,43.3032112121582,-8.73394584655762,"Unknown"
"7014851",371865,2025-07-21 19:19:47,43.3033294677734,-8.73339080810547,"Unknown"
"7014851",371865,2025-07-21 19:24:48,43.3035316467285,-8.73275947570801,"Unknown"
"7014851",371865,2025-07-21 19:29:45,43.3050193786621,-8.73358249664307,"Unknown"
"7014851",371865,2025-07-21 19:34:46,43.306770324707,-8.74648284912109,"Unknown"
"7014851",371865,2025-07-21 19:39:44,43.3097724914551,-8.76527881622314,"Unknown"
"7014851",371865,2025-07-21 19:44:48,43.325626373291,-8.79112434387207,"Unknown"
"7014851",371865,2025-07-21 19:51:08,43.3428153991699,-8.8192720413208,"Unknown"
"7014851",371865,2025-07-21 19:55:29,43.3555107116699,-8.83511924743652,"Unknown"
"7014851",371865,2025-07-21 19:59:50,43.357494354248,-8.84485530853271,"Unknown"
"7014851",371865,2025-07-21 20:04:48,43.3575439453125,-8.84491920471191,"Unknown"
"7014851",371865,2025-07-21 20:09:46,43.3576316833496,-8.84504508972168,"Unknown"
"7014851",371865,2025-07-21 20:14:47,43.3575820922852,-8.84499645233154,"Unknown"
"7014851",371865,2025-07-21 20:19:46,43.357608795166,-8.84506988525391,"Unknown"
"7014851",371865,2025-07-21 20:24:48,43.357479095459,-8.84480381011963,"Unknown"
"7014851",371865,2025-07-21 20:29:47,43.3574180603027,-8.84453678131104,"Unknown"
"7014851",371865,2025-07-21 20:34:44,43.3576049804688,-8.84500026702881,"Unknown"
"7014851",371865,2025-07-21 20:39:44,43.3577003479004,-8.84505844116211,"Unknown"
"7014851",371865,2025-07-21 20:44:46,43.3577194213867,-8.84499263763428,"Unknown"
"7014851",371865,2025-07-21 20:49:45,43.3576011657715,-8.84496307373047,"Unknown"
"7014851",371865,2025-07-21 20:54:45,43.3576354980469,-8.84506320953369,"Unknown"
"7014851",371865,2025-07-21 20:59:43,43.3576469421387,-8.84504699707031,"Unknown"
"7014851",371865,2025-07-21 21:04:47,43.3576164245605,-8.84524822235107,"Unknown"
"7014851",371865,2025-07-21 21:09:54,43.3575973510742,-8.84509468078613,"Unknown"
"7014851",371865,2025-07-21 21:14:43,43.3576126098633,-8.84507751464844,"Unknown"
"7014851",371865,2025-07-21 21:19:52,43.357608795166,-8.84503173828125,"Unknown"
"7014851",371865,2025-07-21 21:24:43,43.357593536377,-8.84490394592285,"Unknown"
"7014851",371865,2025-07-21 21:30:05,43.3575668334961,-8.8450403213501,"Unknown"
"7014851",371865,2025-07-21 21:34:43,43.3575706481934,-8.84505081176758,"Unknown"
"7014851",371865,2025-07-21 21:39:43,43.3575706481934,-8.84508991241455,"Unknown"
"7014851",371865,2025-07-21 21:44:43,43.3575706481934,-8.84507083892822,"Unknown"
"7014851",371865,2025-07-21 21:49:47,43.3575668334961,-8.8451042175293,"Unknown"
"7014851",371865,2025-07-21 21:54:54,43.3575401306152,-8.84508323669434,"Unknown"
"7014851",371865,2025-07-21 21:59:47,43.3575401306152,-8.84500885009766,"Unknown"
"7014851",371865,2025-07-21 22:04:52,43.3575630187988,-8.84506797790527,"Unknown"
"7014851",371865,2025-07-21 22:09:44,43.3575668334961,-8.84506511688232,"Unknown"
"7014851",371865,2025-07-21 22:15:01,43.3575401306152,-8.8451099395752,"Unknown"
"7014851",371865,2025-07-21 22:19:43,43.3575973510742,-8.845139503479,"Unknown"
"7014851",371865,2025-07-21 22:24:46,43.357536315918,-8.84513282775879,"Unknown"
"7014851",371865,2025-07-21 22:29:45,43.3576202392578,-8.84508228302002,"Unknown"
"7014851",371865,2025-07-21 22:34:45,43.3576622009277,-8.84503364562988,"Unknown"
"7014851",371865,2025-07-21 22:39:43,43.3576316833496,-8.84508419036865,"Unknown"
"7014851",371865,2025-07-21 22:44:45,43.3575859069824,-8.84509944915771,"Unknown"
"7014851",371865,2025-07-21 22:49:49,43.357608795166,-8.8450927734375,"Unknown"
"7014851",371865,2025-07-21 22:54:44,43.3576698303223,-8.84508609771729,"Unknown"
"7014851",371865,2025-07-21 22:59:46,43.3576393127441,-8.84515380859375,"Unknown"
"7014851",371865,2025-07-21 23:05:04,43.3575782775879,-8.84500026702881,"Unknown"
"7014851",371865,2025-07-21 23:09:56,43.3575096130371,-8.84514427185059,"Unknown"
"7014851",371865,2025-07-21 23:14:56,43.3575553894043,-8.84512233734131,"Unknown"
"7014851",371865,2025-07-21 23:19:55,43.3575286865234,-8.84512901306152,"Unknown"
"7014851",371865,2025-07-21 23:24:57,43.357536315918,-8.84509181976318,"Unknown"
"7014851",371865,2025-07-21 23:29:55,43.3575286865234,-8.84519290924072,"Unknown"
"7014851",371865,2025-07-21 23:34:51,43.3575210571289,-8.84514236450195,"Unknown"
"7014851",371865,2025-07-21 23:39:56,43.3574981689453,-8.84524250030518,"Unknown"
"7014851",371865,2025-07-21 23:44:59,43.3575592041016,-8.84513473510742,"Unknown"
"7014851",371865,2025-07-21 23:50:05,43.357593536377,-8.84507083892822,"Unknown"
"7014851",371865,2025-07-21 23:54:43,43.3576202392578,-8.84501934051514,"Unknown"
"7014851",371865,2025-07-21 23:59:43,43.3576049804688,-8.84508800506592,"Unknown"
"7014851",371865,2025-07-22 00:04:44,43.3576431274414,-8.84506607055664,"Unknown"
"7014851",371865,2025-07-22 00:09:44,43.3576316833496,-8.84508800506592,"Unknown"
"7014851",371865,2025-07-22 00:14:44,43.3575973510742,-8.84507942199707,"Unknown"
"7014851",371865,2025-07-22 00:19:45,43.3576202392578,-8.84508419036865,"Unknown"
"7014851",371865,2025-07-22 00:24:46,43.3575592041016,-8.84503269195557,"Unknown"
"7014851",371865,2025-07-22 00:29:48,43.3576164245605,-8.8450174331665,"Unknown"
"7014851",371865,2025-07-22 00:34:46,43.3576545715332,-8.84506607055664,"Unknown"
"7014851",371865,2025-07-22 00:39:43,43.357536315918,-8.84507465362549,"Unknown"
"7014851",371865,2025-07-22 00:44:55,43.3576011657715,-8.84505653381348,"Unknown"
"7014851",371865,2025-07-22 00:49:43,43.3575401306152,-8.84506511688232,"Unknown"
"7014851",371865,2025-07-22 00:54:49,43.3576126098633,-8.84509658813477,"Unknown"
"7014851",371865,2025-07-22 01:00:05,43.3576354980469,-8.84503936767578,"Unknown"
"7014851",371865,2025-07-22 01:04:43,43.3576316833496,-8.84507369995117,"Unknown"
"7014851",371865,2025-07-22 01:09:43,43.3576393127441,-8.84509086608887,"Unknown"
"7014851",371865,2025-07-22 01:14:43,43.357608795166,-8.84505558013916,"Unknown"
"7014851",371865,2025-07-22 01:19:43,43.3576698303223,-8.84508228302002,"Unknown"
"7014851",371865,2025-07-22 01:24:44,43.3576011657715,-8.84504699707031,"Unknown"
"7014851",371865,2025-07-22 01:29:43,43.3577003479004,-8.84523677825928,"Unknown"
"7014851",371865,2025-07-22 01:34:43,43.357593536377,-8.84506702423096,"Unknown"
"7014851",371865,2025-07-22 01:39:45,43.3576316833496,-8.84502220153809,"Unknown"
"7014851",371865,2025-07-22 01:44:54,43.3576812744141,-8.84502792358398,"Unknown"
"7014851",371865,2025-07-22 01:49:45,43.3576622009277,-8.84496784210205,"Unknown"
"7014851",371865,2025-07-22 01:54:54,43.3576240539551,-8.84510135650635,"Unknown"
"7014851",371865,2025-07-22 01:59:46,43.3577346801758,-8.84517288208008,"Unknown"
"7014851",371865,2025-07-22 02:05:05,43.3575859069824,-8.84505176544189,"Unknown"
"7014851",371865,2025-07-22 02:09:44,43.3575897216797,-8.84502029418945,"Unknown"
"7014851",371865,2025-07-22 02:14:44,43.3575744628906,-8.84506893157959,"Unknown"
"7014851",371865,2025-07-22 02:19:43,43.357551574707,-8.84506416320801,"Unknown"
"7014851",371865,2025-07-22 02:24:43,43.3575248718262,-8.84508323669434,"Unknown"
"7014851",371865,2025-07-22 02:29:44,43.3575553894043,-8.84501457214355,"Unknown"
"7014851",371865,2025-07-22 02:34:44,43.3575973510742,-8.84496021270752,"Unknown"
"7014851",371865,2025-07-22 02:39:43,43.3575553894043,-8.84510040283203,"Unknown"
"7014851",371865,2025-07-22 02:44:43,43.357536315918,-8.84503936767578,"Unknown"
"7014851",371865,2025-07-22 02:49:43,43.3576278686523,-8.84507751464844,"Unknown"
"7014851",371865,2025-07-22 02:54:43,43.357608795166,-8.8450174331665,"Unknown"
"7014851",371865,2025-07-22 02:59:43,43.3575592041016,-8.8450288772583,"Unknown"
"7014851",371865,2025-07-22 03:04:44,43.3575439453125,-8.84507274627686,"Unknown"
"7014851",371865,2025-07-22 03:09:43,43.3575668334961,-8.84502696990967,"Unknown"
"7014851",371865,2025-07-22 03:14:46,43.357536315918,-8.84511852264404,"Unknown"
"7014851",371865,2025-07-22 03:19:44,43.3575668334961,-8.84500408172607,"Unknown"
"7014851",371865,2025-07-22 03:24:43,43.3575897216797,-8.84505844116211,"Unknown"
"7014851",371865,2025-07-22 03:29:43,43.357536315918,-8.84503936767578,"Unknown"
"7014851",371865,2025-07-22 03:35:03,43.3576622009277,-8.84508800506592,"Unknown"
"7014851",371865,2025-07-22 03:40:14,43.3576736450195,-8.84498310089111,"Unknown"
"7014851",371865,2025-07-22 03:44:43,43.3576850891113,-8.84496116638184,"Unknown"
"7014851",371865,2025-07-22 03:49:47,43.3575668334961,-8.84498977661133,"Unknown"
"7014851",371865,2025-07-22 03:54:54,43.3575820922852,-8.84505748748779,"Unknown"
"7014851",371865,2025-07-22 03:59:48,43.3576278686523,-8.84507274627686,"Unknown"
"7014851",371865,2025-07-22 04:04:47,43.3575401306152,-8.84502696990967,"Unknown"
"7014851",371865,2025-07-22 04:09:47,43.3576278686523,-8.84493732452393,"Unknown"
"7014851",371865,2025-07-22 04:14:52,43.3576278686523,-8.8450174331665,"Unknown"
"7014851",371865,2025-07-22 04:19:48,43.3574829101562,-8.84519672393799,"Unknown"
"7014851",371865,2025-07-22 04:24:45,43.3577575683594,-8.84518814086914,"Unknown"
"7014851",371865,2025-07-22 04:29:44,43.3576889038086,-8.84517478942871,"Unknown"
"7014851",371865,2025-07-22 04:35:14,43.3576774597168,-8.84496974945068,"Unknown"
"7014851",371865,2025-07-22 04:39:56,43.3576202392578,-8.84497833251953,"Unknown"
"7014851",371865,2025-07-22 04:44:52,43.3576011657715,-8.84493350982666,"Unknown"
"7014851",371865,2025-07-22 04:49:44,43.3577423095703,-8.84520626068115,"Unknown"
"7014851",371865,2025-07-22 04:54:52,43.3576698303223,-8.84501171112061,"Unknown"
"7014851",371865,2025-07-22 04:59:43,43.357608795166,-8.84488773345947,"Unknown"
"7014851",371865,2025-07-22 05:04:54,43.3575553894043,-8.84505844116211,"Unknown"
"7014851",371865,2025-07-22 05:09:45,43.3574104309082,-8.8446216583252,"Unknown"
"7014851",371865,2025-07-22 05:14:48,43.3447189331055,-8.85873699188232,"Unknown"
"7014851",371865,2025-07-22 05:19:48,43.3213119506836,-8.85826301574707,"Unknown"
"7014851",371865,2025-07-22 05:24:52,43.3149528503418,-8.85697078704834,"Unknown"
"7014851",371865,2025-07-22 05:29:52,43.3144073486328,-8.85666847229004,"Unknown"
"7014851",371865,2025-07-22 05:34:54,43.3145141601562,-8.85680103302002,"Unknown"
"7014851",371865,2025-07-22 05:39:48,43.3472747802734,-8.85009098052979,"Unknown"
"7014851",371865,2025-07-22 05:44:55,43.3576698303223,-8.84461116790771,"Unknown"
"7014851",371865,2025-07-22 05:49:55,43.357593536377,-8.84464168548584,"Unknown"
"7014851",371865,2025-07-22 05:55:05,43.3577194213867,-8.84497547149658,"Unknown"
"7014851",371865,2025-07-22 05:59:44,43.3576545715332,-8.84480094909668,"Unknown"
"7014851",371865,2025-07-22 06:04:45,43.3578338623047,-8.84564208984375,"Unknown"
"7014851",371865,2025-07-22 06:09:47,43.3576469421387,-8.84507179260254,"Unknown"
"7014851",371865,2025-07-22 06:14:43,43.3575973510742,-8.84512042999268,"Unknown"
"7014851",371865,2025-07-22 06:19:46,43.3576164245605,-8.84516620635986,"Unknown"
"7014851",371865,2025-07-22 06:24:45,43.357551574707,-8.84504985809326,"Unknown"
"7014851",371865,2025-07-22 06:29:43,43.3575744628906,-8.84511089324951,"Unknown"
"7014851",371865,2025-07-22 06:34:46,43.3575820922852,-8.84503364562988,"Unknown"
"7014851",371865,2025-07-22 06:39:43,43.3574371337891,-8.84526443481445,"Unknown"
"7014851",371865,2025-07-22 06:44:47,43.3575630187988,-8.84520626068115,"Unknown"
"7014851",371865,2025-07-22 06:49:46,43.3575401306152,-8.84517765045166,"Unknown"
"7014851",371865,2025-07-22 06:54:46,43.3575782775879,-8.84508323669434,"Unknown"
"7014851",371865,2025-07-22 06:59:46,43.3680381774902,-8.85007095336914,"Unknown"
"7014851",371865,2025-07-22 07:04:45,43.3657341003418,-8.8325080871582,"Unknown"
"7014851",371865,2025-07-22 07:09:49,43.3573570251465,-8.84581279754639,"Unknown"
"7014851",371865,2025-07-22 07:14:47,43.3575172424316,-8.84512138366699,"Unknown"
"7014851",371865,2025-07-22 07:19:54,43.3576240539551,-8.84504699707031,"Unknown"
"7014851",371865,2025-07-22 07:24:46,43.3573684692383,-8.84514141082764,"Unknown"
"7014851",371865,2025-07-22 07:29:47,43.3575820922852,-8.84512138366699,"Unknown"
"7014851",371865,2025-07-22 07:34:50,43.357593536377,-8.84502792358398,"Unknown"
"7014851",371865,2025-07-22 07:39:44,43.3574523925781,-8.84507179260254,"Unknown"
"7014851",371865,2025-07-22 07:44:48,43.3577003479004,-8.84526252746582,"Unknown"
"7014851",371865,2025-07-22 07:49:47,43.3576736450195,-8.84519100189209,"Unknown"
"7014851",371865,2025-07-22 07:55:15,43.3576011657715,-8.84514141082764,"Unknown"
"7014851",371865,2025-07-22 07:59:46,43.3576278686523,-8.84518241882324,"Unknown"
"7014851",371865,2025-07-22 08:04:44,43.3576278686523,-8.84512615203857,"Unknown"
"7014851",371865,2025-07-22 08:09:50,43.357593536377,-8.84536361694336,"Unknown"
"7014851",371865,2025-07-22 08:14:43,43.3577194213867,-8.84511375427246,"Unknown"
"7014851",371865,2025-07-22 08:20:02,43.3576850891113,-8.84518146514893,"Unknown"
"7014851",371865,2025-07-22 08:24:49,43.3576889038086,-8.84517192840576,"Unknown"
"7014851",371865,2025-07-22 08:29:44,43.3576431274414,-8.84506797790527,"Unknown"
"7014851",371865,2025-07-22 08:34:43,43.357608795166,-8.84512519836426,"Unknown"
"7014851",371865,2025-07-22 08:39:43,43.357551574707,-8.84506797790527,"Unknown"
"7014851",371865,2025-07-22 08:44:43,43.3577575683594,-8.84501647949219,"Unknown"
"7014851",371865,2025-07-22 08:49:43,43.3575706481934,-8.84509372711182,"Unknown"
"7014851",371865,2025-07-22 08:54:45,43.3575782775879,-8.84505939483643,"Unknown"
"7014851",371865,2025-07-22 08:59:44,43.3575706481934,-8.84511184692383,"Unknown"
"7014851",371865,2025-07-22 09:04:43,43.3575019836426,-8.84495544433594,"Unknown"
"7014851",371865,2025-07-22 09:09:43,43.3576049804688,-8.84512042999268,"Unknown"
"7014851",371865,2025-07-22 09:14:43,43.3575325012207,-8.84501552581787,"Unknown"
"7014851",371865,2025-07-22 09:19:43,43.3575668334961,-8.84504508972168,"Unknown"
"7014851",371865,2025-07-22 09:24:43,43.3576431274414,-8.8452730178833,"Unknown"
"7014851",371865,2025-07-22 09:29:43,43.3576240539551,-8.84500789642334,"Unknown"
"7014851",371865,2025-07-22 09:34:49,43.357608795166,-8.8451623916626,"Unknown"
"7014851",371865,2025-07-22 09:39:47,43.3575286865234,-8.84500217437744,"Unknown"
"7014851",371865,2025-07-22 09:45:13,43.3576965332031,-8.84504985809326,"Unknown"
"7014851",371865,2025-07-22 09:49:46,43.3576927185059,-8.84567737579346,"Unknown"
"7014851",371865,2025-07-22 09:54:45,43.3574104309082,-8.84512424468994,"Unknown"
"7014851",371865,2025-07-22 09:59:52,43.3575897216797,-8.84491348266602,"Unknown"
"7014851",371865,2025-07-22 10:04:46,43.357494354248,-8.84520053863525,"Unknown"
"7014851",371865,2025-07-22 10:09:52,43.3574562072754,-8.84494686126709,"Unknown"
"7014851",371865,2025-07-22 10:14:46,43.3574829101562,-8.84537887573242,"Unknown"
"7014851",371865,2025-07-22 10:19:48,43.3577041625977,-8.84613990783691,"Unknown"
"7014851",371865,2025-07-22 10:24:46,43.3573760986328,-8.84529399871826,"Unknown"
"7014851",371865,2025-07-22 10:29:45,43.3574905395508,-8.8466968536377,"Unknown"
"7014851",371865,2025-07-22 10:35:05,43.3576507568359,-8.84501838684082,"Unknown"
"7014851",371865,2025-07-22 10:39:43,43.3575897216797,-8.84505462646484,"Unknown"
"7014851",371865,2025-07-22 10:44:43,43.3576622009277,-8.84502410888672,"Unknown"
"7014851",371865,2025-07-22 10:49:44,43.3575782775879,-8.84507942199707,"Unknown"
"7014851",371865,2025-07-22 10:54:44,43.3576850891113,-8.8450288772583,"Unknown"
"7014851",371865,2025-07-22 10:59:48,43.3576622009277,-8.84496402740479,"Unknown"
"7014851",371865,2025-07-22 11:04:45,43.3526954650879,-8.83076095581055,"Unknown"
"7014851",371865,2025-07-22 11:09:42,43.3350791931152,-8.78804016113281,"Unknown"
"7014851",371865,2025-07-22 11:14:44,43.3302764892578,-8.78666210174561,"Unknown"
"7014851",371865,2025-07-22 11:19:43,43.321361541748,-8.72884559631348,"Unknown"
"7014851",371865,2025-07-22 11:24:44,43.3385620117188,-8.71201038360596,"Unknown"
"7014851",371865,2025-07-22 11:29:42,43.3451309204102,-8.73598289489746,"Unknown"
"7014851",371865,2025-07-22 11:34:43,43.347053527832,-8.73442268371582,"Unknown"
"7014851",371865,2025-07-22 11:39:42,43.3444595336914,-8.72234058380127,"Unknown"
"7014851",371865,2025-07-22 11:44:42,43.3352165222168,-8.69626808166504,"Unknown"
"7014851",371865,2025-07-22 11:49:42,43.3080062866211,-8.68483924865723,"Unknown"
"7014851",371865,2025-07-22 11:54:42,43.2918281555176,-8.69766807556152,"Unknown"
"7014851",371865,2025-07-22 11:59:42,43.2918434143066,-8.69789028167725,"Unknown"
"7014851",371865,2025-07-22 12:04:47,43.2916946411133,-8.69783306121826,"Unknown"
"7014851",371865,2025-07-22 12:09:43,43.291748046875,-8.69773483276367,"Unknown"
"7014851",371865,2025-07-22 12:14:42,43.2917785644531,-8.69782257080078,"Unknown"
"7014851",371865,2025-07-22 12:19:45,43.2918663024902,-8.6794900894165,"Unknown"
"7014851",371865,2025-07-22 12:24:43,43.2720222473145,-8.64946365356445,"Unknown"
"7014851",371865,2025-07-22 12:29:43,43.2463493347168,-8.62316608428955,"Unknown"
"7014851",371865,2025-07-22 12:34:43,43.2218933105469,-8.59485530853271,"Unknown"
"7014851",371865,2025-07-22 12:39:46,43.1969184875488,-8.57547473907471,"Unknown"
"7014851",371865,2025-07-22 12:44:43,43.1646156311035,-8.56337451934814,"Unknown"
"7014851",371865,2025-07-22 12:49:43,43.138313293457,-8.51603984832764,"Unknown"
"7014851",371865,2025-07-22 12:54:44,43.1305885314941,-8.4746675491333,"Unknown"
"7014851",371865,2025-07-22 12:59:43,43.1297607421875,-8.47074413299561,"Unknown"
"7014851",371865,2025-07-22 13:04:43,43.1304092407227,-8.4718542098999,"Unknown"
"7014851",371865,2025-07-22 13:10:12,43.1305732727051,-8.47197437286377,"Unknown"
"7014851",371865,2025-07-22 13:15:03,43.1304092407227,-8.4718713760376,"Unknown"
"7014851",371865,2025-07-22 13:20:14,43.1303787231445,-8.47194480895996,"Unknown"
"7014851",371865,2025-07-22 13:24:46,43.1303672790527,-8.47178363800049,"Unknown"
"7014851",371865,2025-07-22 13:29:45,43.1306228637695,-8.47157955169678,"Unknown"
"7014851",371865,2025-07-22 13:35:13,43.1305770874023,-8.47139167785645,"Unknown"
"7014851",371865,2025-07-22 13:39:45,43.1305885314941,-8.47177600860596,"Unknown"
"7014851",371865,2025-07-22 13:44:47,43.1307411193848,-8.47155952453613,"Unknown"
"7014851",371865,2025-07-22 13:50:05,43.1328125,-8.46974468231201,"Unknown"
"7014851",371865,2025-07-22 13:54:45,43.1328277587891,-8.4697265625,"Unknown"
"7014851",371865,2025-07-22 13:59:42,43.1327896118164,-8.46980667114258,"Unknown"
"7014851",371865,2025-07-22 14:04:47,43.1327590942383,-8.46972560882568,"Unknown"
"7014851",371865,2025-07-22 14:09:45,43.1326904296875,-8.46962261199951,"Unknown"
"7014851",371865,2025-07-22 14:14:43,43.1327972412109,-8.46971321105957,"Unknown"
"7014851",371865,2025-07-22 14:19:44,43.1327743530273,-8.46973991394043,"Unknown"
"7014851",371865,2025-07-22 14:24:53,43.1327629089355,-8.46979522705078,"Unknown"
"7014851",371865,2025-07-22 14:29:42,43.1328163146973,-8.46973419189453,"Unknown"
"7014851",371865,2025-07-22 14:34:43,43.1328201293945,-8.46973514556885,"Unknown"
"7014851",371865,2025-07-22 14:39:43,43.1328353881836,-8.46975326538086,"Unknown"
"7014851",371865,2025-07-22 14:44:45,43.1326065063477,-8.46977233886719,"Unknown"
"7014851",371865,2025-07-22 14:49:46,43.1326522827148,-8.46873378753662,"Unknown"
"7014851",371865,2025-07-22 14:54:45,43.132396697998,-8.46759700775146,"Unknown"
"7014851",371865,2025-07-22 14:59:54,43.1324653625488,-8.46762847900391,"Unknown"
"7014851",371865,2025-07-22 15:04:47,43.1323928833008,-8.4676513671875,"Unknown"
"7014851",371865,2025-07-22 15:09:47,43.1324501037598,-8.46774387359619,"Unknown"
"7014851",371865,2025-07-22 15:14:49,43.132453918457,-8.46754455566406,"Unknown"
"7014851",371865,2025-07-22 15:19:45,43.1324462890625,-8.46768474578857,"Unknown"
"7014851",371865,2025-07-22 15:24:47,43.1325340270996,-8.46763706207275,"Unknown"
"7014851",371865,2025-07-22 15:29:45,43.1325073242188,-8.46759986877441,"Unknown"
"7014851",371865,2025-07-22 15:35:05,43.1324806213379,-8.46758365631104,"Unknown"
"7014851",371865,2025-07-22 15:39:44,43.1324005126953,-8.46757984161377,"Unknown"
"7014851",371865,2025-07-22 15:45:14,43.1325149536133,-8.46755409240723,"Unknown"
"7014851",371865,2025-07-22 15:49:42,43.1324653625488,-8.46760272979736,"Unknown"
"7014851",371865,2025-07-22 15:54:43,43.1329383850098,-8.46778774261475,"Unknown"
"7014851",371865,2025-07-22 15:59:42,43.1322441101074,-8.46722030639648,"Unknown"
"7014851",371865,2025-07-22 16:04:47,43.1322937011719,-8.46734809875488,"Unknown"
"7014851",371865,2025-07-22 16:09:43,43.1322135925293,-8.46735668182373,"Unknown"
"7014851",371865,2025-07-22 16:14:44,43.1322441101074,-8.46722602844238,"Unknown"
"7014851",371865,2025-07-22 16:19:45,43.132926940918,-8.46811580657959,"Unknown"
"7014851",371865,2025-07-22 16:24:45,43.1326179504395,-8.46767711639404,"Unknown"
"7014851",371865,2025-07-22 16:29:48,43.1325950622559,-8.46781253814697,"Unknown"
"7014851",371865,2025-07-22 16:35:05,43.132438659668,-8.46750545501709,"Unknown"
"7014851",371865,2025-07-22 16:39:52,43.1324234008789,-8.46754169464111,"Unknown"
"7014851",371865,2025-07-22 16:44:45,43.1324691772461,-8.4675874710083,"Unknown"
"7014851",371865,2025-07-22 16:49:42,43.1324310302734,-8.46756362915039,"Unknown"
"7014851",371865,2025-07-22 16:54:43,43.1324462890625,-8.467604637146,"Unknown"
"7014851",371865,2025-07-22 16:59:42,43.1324501037598,-8.4675235748291,"Unknown"
"7014851",371865,2025-07-22 17:04:42,43.1324501037598,-8.46751022338867,"Unknown"
"7014851",371865,2025-07-22 17:09:42,43.132511138916,-8.46755981445312,"Unknown"
"7014851",371865,2025-07-22 17:14:42,43.1324996948242,-8.46749877929688,"Unknown"
"7014851",371865,2025-07-22 17:19:45,43.1325225830078,-8.46758079528809,"Unknown"
"7014851",371865,2025-07-22 17:24:44,43.1325263977051,-8.46762180328369,"Unknown"
"7014851",371865,2025-07-22 17:29:46,43.1325225830078,-8.46756553649902,"Unknown"
"7014851",371865,2025-07-22 17:34:42,43.1325035095215,-8.46760082244873,"Unknown"
"7014851",371865,2025-07-22 17:39:44,43.1296577453613,-8.47055339813232,"Unknown"
"7014851",371865,2025-07-22 17:44:48,43.1297378540039,-8.4706563949585,"Unknown"
"7014851",371865,2025-07-22 17:49:48,43.1297264099121,-8.47055053710938,"Unknown"
"7014851",371865,2025-07-22 17:55:05,43.1296920776367,-8.47058200836182,"Unknown"
"7014851",371865,2025-07-22 17:59:43,43.1294784545898,-8.47065830230713,"Unknown"
"7014851",371865,2025-07-22 18:04:43,43.1296157836914,-8.47065544128418,"Unknown"
"7014851",371865,2025-07-22 18:09:43,43.1302223205566,-8.4718189239502,"Unknown"
"7014851",371865,2025-07-22 18:14:44,43.1302871704102,-8.47186088562012,"Unknown"
"7014851",371865,2025-07-22 18:19:43,43.1302452087402,-8.47182846069336,"Unknown"
"7014851",371865,2025-07-22 18:24:43,43.148265838623,-8.47154998779297,"Unknown"
"7014851",371865,2025-07-22 18:29:43,43.1715507507324,-8.46511745452881,"Unknown"
"7014851",371865,2025-07-22 18:34:43,43.1800422668457,-8.45489406585693,"Unknown"
"7014851",371865,2025-07-22 18:39:43,43.2053489685059,-8.46117496490479,"Unknown"
"7014851",371865,2025-07-22 18:44:43,43.2282562255859,-8.4706974029541,"Unknown"
"7014851",371865,2025-07-22 18:49:43,43.2341194152832,-8.50199317932129,"Unknown"
"7014851",371865,2025-07-22 18:54:43,43.2425117492676,-8.53604125976562,"Unknown"
"7014851",371865,2025-07-22 18:59:43,43.2574844360352,-8.5649242401123,"Unknown"
"7014851",371865,2025-07-22 19:04:43,43.2660751342773,-8.60060119628906,"Unknown"
"7014851",371865,2025-07-22 19:09:43,43.2770156860352,-8.63557815551758,"Unknown"
"7014851",371865,2025-07-22 19:14:43,43.2881889343262,-8.66637516021729,"Unknown"
"7014851",371865,2025-07-22 19:19:46,43.2918128967285,-8.6974925994873,"Unknown"
"7014851",371865,2025-07-22 19:24:46,43.2920112609863,-8.69779109954834,"Unknown"
"7014851",371865,2025-07-22 19:30:08,43.2926177978516,-8.69987773895264,"Unknown"
"7014851",371865,2025-07-22 19:34:58,43.292537689209,-8.699782371521,"Unknown"
"7014851",371865,2025-07-22 19:39:43,43.2925415039062,-8.69982051849365,"Unknown"
"7014851",371865,2025-07-22 19:44:47,43.2925338745117,-8.6998291015625,"Unknown"
"7014851",371865,2025-07-22 19:49:44,43.2927207946777,-8.69884300231934,"Unknown"
"7014851",371865,2025-07-22 19:54:44,43.2927589416504,-8.69881439208984,"Unknown"
"7014851",371865,2025-07-22 19:59:43,43.297607421875,-8.71268558502197,"Unknown"
"7014851",371865,2025-07-22 20:04:43,43.3082656860352,-8.74046993255615,"Unknown"
"7014851",371865,2025-07-22 20:09:43,43.3228759765625,-8.76880931854248,"Unknown"
"7014851",371865,2025-07-22 20:14:43,43.3376121520996,-8.79889869689941,"Unknown"
"7014851",371865,2025-07-22 20:19:44,43.3540687561035,-8.83018112182617,"Unknown"
"7014851",371865,2025-07-22 20:24:44,43.3578491210938,-8.84543895721436,"Unknown"
"7014851",371865,2025-07-22 20:29:44,43.357852935791,-8.84548950195312,"Unknown"
"7014851",371865,2025-07-22 20:35:03,43.3575668334961,-8.84522724151611,"Unknown"
"7014851",371865,2025-07-22 20:39:43,43.3574333190918,-8.8452844619751,"Unknown"
"7014851",371865,2025-07-22 20:44:43,43.3574523925781,-8.84523010253906,"Unknown"
"7014851",371865,2025-07-22 20:49:44,43.3574104309082,-8.84514999389648,"Unknown"
"7014851",371865,2025-07-22 20:54:43,43.3574829101562,-8.84520626068115,"Unknown"
"7014851",371865,2025-07-22 20:59:44,43.3573684692383,-8.84523582458496,"Unknown"
"7014851",371865,2025-07-22 21:04:47,43.3576202392578,-8.84508895874023,"Unknown"
"7014851",371865,2025-07-22 21:09:43,43.357593536377,-8.84507179260254,"Unknown"
"7014851",371865,2025-07-22 21:14:43,43.3576393127441,-8.8450403213501,"Unknown"
"7014851",371865,2025-07-22 21:19:43,43.3576583862305,-8.84509468078613,"Unknown"
"7014851",371865,2025-07-22 21:24:43,43.3576202392578,-8.84507465362549,"Unknown"
"7014851",371865,2025-07-22 21:29:43,43.3576393127441,-8.8450345993042,"Unknown"
"7014851",371865,2025-07-22 21:34:43,43.357593536377,-8.84499740600586,"Unknown"
"7014851",371865,2025-07-22 21:39:44,43.3576240539551,-8.84506607055664,"Unknown"
"7014851",371865,2025-07-22 21:44:44,43.3576011657715,-8.84500026702881,"Unknown"
"7014851",371865,2025-07-22 21:49:43,43.3576011657715,-8.84506320953369,"Unknown"
"7014851",371865,2025-07-22 21:54:44,43.3575553894043,-8.84496974945068,"Unknown"
"7014851",371865,2025-07-22 21:59:44,43.3575859069824,-8.8450174331665,"Unknown"
"7014851",371865,2025-07-22 22:04:47,43.3575973510742,-8.84505844116211,"Unknown"
"7014851",371865,2025-07-22 22:09:45,43.3576469421387,-8.84507083892822,"Unknown"
"7014851",371865,2025-07-22 22:14:56,43.3576812744141,-8.84508228302002,"Unknown"
"7014851",371865,2025-07-22 22:20:05,43.3576545715332,-8.84512710571289,"Unknown"
"7014851",371865,2025-07-22 22:24:43,43.3576431274414,-8.84506988525391,"Unknown"
"7014851",371865,2025-07-22 22:29:43,43.3577423095703,-8.84513187408447,"Unknown"
"7014851",371865,2025-07-22 22:34:44,43.3577041625977,-8.84514141082764,"Unknown"
"7014851",371865,2025-07-22 22:39:43,43.3577270507812,-8.84510612487793,"Unknown"
"7014851",371865,2025-07-22 22:44:44,43.3577728271484,-8.84516716003418,"Unknown"
"7014851",371865,2025-07-22 22:49:43,43.3576774597168,-8.84489440917969,"Unknown"
"7014851",371865,2025-07-22 22:54:46,43.3577919006348,-8.84530162811279,"Unknown"
"7014851",371865,2025-07-22 22:59:48,43.3577308654785,-8.84476566314697,"Unknown"
"7014851",371865,2025-07-22 23:04:55,43.3577423095703,-8.84506607055664,"Unknown"
"7014851",371865,2025-07-22 23:09:52,43.3576736450195,-8.84506893157959,"Unknown"
"7014851",371865,2025-07-22 23:14:49,43.357666015625,-8.84586334228516,"Unknown"
"7014851",371865,2025-07-22 23:20:05,43.3576965332031,-8.84502792358398,"Unknown"
"7014851",371865,2025-07-22 23:24:44,43.3576774597168,-8.84495162963867,"Unknown"
"7014851",371865,2025-07-22 23:29:43,43.3577423095703,-8.84491348266602,"Unknown"
"7014851",371865,2025-07-22 23:34:46,43.3576507568359,-8.84501457214355,"Unknown"
"7014851",371865,2025-07-22 23:39:43,43.3576126098633,-8.84501075744629,"Unknown"
"7014851",371865,2025-07-22 23:44:43,43.3576126098633,-8.84503173828125,"Unknown"
"7014851",371865,2025-07-22 23:49:43,43.3576278686523,-8.84507846832275,"Unknown"
"7014851",371865,2025-07-22 23:54:44,43.3576126098633,-8.8450403213501,"Unknown"
"7014851",371865,2025-07-22 23:59:44,43.357593536377,-8.84511375427246,"Unknown"
"7014851",371865,2025-07-23 00:04:43,43.3576202392578,-8.84510803222656,"Unknown"
"7014851",371865,2025-07-23 00:09:43,43.3576049804688,-8.84506320953369,"Unknown"
"7014851",371865,2025-07-23 00:14:43,43.3576507568359,-8.84516143798828,"Unknown"
"7014851",371865,2025-07-23 00:19:43,43.357593536377,-8.84500312805176,"Unknown"
"7014851",371865,2025-07-23 00:24:43,43.357593536377,-8.845046043396,"Unknown"
"7014851",371865,2025-07-23 00:29:43,43.3576889038086,-8.8451042175293,"Unknown"
"7014851",371865,2025-07-23 00:34:43,43.357608795166,-8.84505176544189,"Unknown"
"7014851",371865,2025-07-23 00:39:43,43.3576393127441,-8.84502983093262,"Unknown"
"7014851",371865,2025-07-23 00:44:43,43.357551574707,-8.84501266479492,"Unknown"
"7014851",371865,2025-07-23 00:49:44,43.3576927185059,-8.84511089324951,"Unknown"
"7014851",371865,2025-07-23 00:54:45,43.3575248718262,-8.84491062164307,"Unknown"
"7014851",371865,2025-07-23 00:59:46,43.3576316833496,-8.84506225585938,"Unknown"
"7014851",371865,2025-07-23 01:05:05,43.3576583862305,-8.84505176544189,"Unknown"
"7014851",371865,2025-07-23 01:09:44,43.3576812744141,-8.8450870513916,"Unknown"
"7014851",371865,2025-07-23 01:14:44,43.3575592041016,-8.84487724304199,"Unknown"
"7014851",371865,2025-07-23 01:19:45,43.3575477600098,-8.84501361846924,"Unknown"
"7014851",371865,2025-07-23 01:24:44,43.3574523925781,-8.84495830535889,"Unknown"
"7014851",371865,2025-07-23 01:29:44,43.3573951721191,-8.84486293792725,"Unknown"
"7014851",371865,2025-07-23 01:34:45,43.3571815490723,-8.84462642669678,"Unknown"
"7014851",371865,2025-07-23 01:39:48,43.3564567565918,-8.84387683868408,"Unknown"
"7014851",371865,2025-07-23 01:44:49,43.3574752807617,-8.84491920471191,"Unknown"
"7014851",371865,2025-07-23 01:49:46,43.3575744628906,-8.84504795074463,"Unknown"
"7014851",371865,2025-07-23 01:54:48,43.3576927185059,-8.84510898590088,"Unknown"
"7014851",371865,2025-07-23 01:59:45,43.3576774597168,-8.84516716003418,"Unknown"
"7014851",371865,2025-07-23 02:04:43,43.357536315918,-8.84496593475342,"Unknown"
"7014851",371865,2025-07-23 02:09:43,43.357494354248,-8.84494400024414,"Unknown"
"7014851",371865,2025-07-23 02:14:47,43.3574371337891,-8.84500598907471,"Unknown"
"7014851",371865,2025-07-23 02:20:04,43.3575973510742,-8.84504795074463,"Unknown"
"7014851",371865,2025-07-23 02:24:43,43.3576507568359,-8.84503746032715,"Unknown"
"7014851",371865,2025-07-23 02:29:43,43.3576316833496,-8.84502792358398,"Unknown"
"7014851",371865,2025-07-23 02:34:44,43.3575897216797,-8.84502124786377,"Unknown"
"7014851",371865,2025-07-23 02:39:43,43.3576240539551,-8.84500980377197,"Unknown"
"7014851",371865,2025-07-23 02:44:47,43.3575897216797,-8.84499835968018,"Unknown"
"7014851",371865,2025-07-23 02:49:44,43.3576202392578,-8.84488296508789,"Unknown"
"7014851",371865,2025-07-23 02:54:44,43.3576393127441,-8.84489154815674,"Unknown"
"7014851",371865,2025-07-23 03:00:04,43.3576049804688,-8.84505271911621,"Unknown"
"7014851",371865,2025-07-23 03:04:49,43.3575744628906,-8.84510612487793,"Unknown"
"7014851",371865,2025-07-23 03:09:43,43.3576393127441,-8.84507083892822,"Unknown"
"7014851",371865,2025-07-23 03:14:43,43.3575286865234,-8.8451976776123,"Unknown"
"7014851",371865,2025-07-23 03:19:44,43.357307434082,-8.84531593322754,"Unknown"
"7014851",371865,2025-07-23 03:24:43,43.3575553894043,-8.84498977661133,"Unknown"
"7014851",371865,2025-07-23 03:29:45,43.3575592041016,-8.84512710571289,"Unknown"
"7014851",371865,2025-07-23 03:34:45,43.3577003479004,-8.84511280059814,"Unknown"
"7014851",371865,2025-07-23 03:39:43,43.3575630187988,-8.8450231552124,"Unknown"
"7014851",371865,2025-07-23 03:44:46,43.3576545715332,-8.84506034851074,"Unknown"
"7014851",371865,2025-07-23 03:49:44,43.3577423095703,-8.84512329101562,"Unknown"
"7014851",371865,2025-07-23 03:54:45,43.357795715332,-8.84502983093262,"Unknown"
"7014851",371865,2025-07-23 03:59:46,43.3579139709473,-8.84521484375,"Unknown"
"7014851",371865,2025-07-23 04:04:45,43.3581275939941,-8.84534931182861,"Unknown"
"7014851",371865,2025-07-23 04:09:46,43.3581504821777,-8.84551620483398,"Unknown"
"7014851",371865,2025-07-23 04:14:47,43.3579406738281,-8.84535217285156,"Unknown"
"7014851",371865,2025-07-23 04:19:46,43.3577728271484,-8.84530830383301,"Unknown"
"7014851",371865,2025-07-23 04:25:02,43.3575782775879,-8.8450984954834,"Unknown"
"7014851",371865,2025-07-23 04:29:46,43.3576278686523,-8.8449764251709,"Unknown"
"7014851",371865,2025-07-23 04:34:47,43.3577728271484,-8.84527778625488,"Unknown"
"7014851",371865,2025-07-23 04:39:45,43.3578987121582,-8.84558296203613,"Unknown"
"7014851",371865,2025-07-23 04:44:52,43.3576622009277,-8.84499645233154,"Unknown"
"7014851",371865,2025-07-23 04:49:43,43.3575973510742,-8.84489059448242,"Unknown"
"7014851",371865,2025-07-23 04:54:48,43.3577842712402,-8.84541893005371,"Unknown"
"7014851",371865,2025-07-23 04:59:52,43.3576927185059,-8.84507369995117,"Unknown"
"7014851",371865,2025-07-23 05:04:45,43.3575973510742,-8.84492301940918,"Unknown"
"7014851",371865,2025-07-23 05:09:51,43.3576850891113,-8.84519577026367,"Unknown"
"7014851",371865,2025-07-23 05:14:53,43.3574829101562,-8.84495258331299,"Unknown"
"7014851",371865,2025-07-23 05:19:51,43.3576278686523,-8.84497356414795,"Unknown"
"7014851",371865,2025-07-23 05:24:49,43.3576164245605,-8.84499263763428,"Unknown"
"7014851",371865,2025-07-23 05:29:48,43.3573265075684,-8.843505859375,"Unknown"
"7014851",371865,2025-07-23 05:35:02,43.3575973510742,-8.84505271911621,"Unknown"
"7014851",371865,2025-07-23 05:39:46,43.3576393127441,-8.84516906738281,"Unknown"
"7014851",371865,2025-07-23 05:44:44,43.3576164245605,-8.84498500823975,"Unknown"
"7014851",371865,2025-07-23 05:49:48,43.3575897216797,-8.8449125289917,"Unknown"
"7014851",371865,2025-07-23 05:54:44,43.3576202392578,-8.84493732452393,"Unknown"
"7014851",371865,2025-07-23 05:59:44,43.3575973510742,-8.84496688842773,"Unknown"
"7014851",371865,2025-07-23 06:04:43,43.3576278686523,-8.84490966796875,"Unknown"
"7014851",371865,2025-07-23 06:09:42,43.3575210571289,-8.84508991241455,"Unknown"
"7014851",371865,2025-07-23 06:14:45,43.3575592041016,-8.84504795074463,"Unknown"
"7014851",371865,2025-07-23 06:19:44,43.3575630187988,-8.84501266479492,"Unknown"
"7014851",371865,2025-07-23 06:24:43,43.3576126098633,-8.84514331817627,"Unknown"
"7014851",371865,2025-07-23 06:29:48,43.3576431274414,-8.84506988525391,"Unknown"
"7014851",371865,2025-07-23 06:34:45,43.357593536377,-8.84494018554688,"Unknown"
"7014851",371865,2025-07-23 06:39:52,43.3575439453125,-8.84510612487793,"Unknown"
"7014851",371865,2025-07-23 06:44:55,43.3575820922852,-8.84503650665283,"Unknown"
"7014851",371865,2025-07-23 06:49:55,43.3575286865234,-8.84505653381348,"Unknown"
"7014851",371865,2025-07-23 06:54:57,43.357536315918,-8.84504222869873,"Unknown"
"7014851",371865,2025-07-23 06:59:51,43.3575477600098,-8.84511566162109,"Unknown"
"7014851",371865,2025-07-23 07:04:44,43.357593536377,-8.84507465362549,"Unknown"
"7014851",371865,2025-07-23 07:09:45,43.3594665527344,-8.8458251953125,"Unknown"
"7014851",371865,2025-07-23 07:15:26,43.3494606018066,-8.88216018676758,"Unknown"
"7014851",371865,2025-07-23 07:19:44,43.3329277038574,-8.91535758972168,"Unknown"
"7014851",371865,2025-07-23 07:24:43,43.3168487548828,-8.94978332519531,"Unknown"
"7014851",371865,2025-07-23 07:29:42,43.3314399719238,-8.95975685119629,"Unknown"
"7014851",371865,2025-07-23 07:34:44,43.3289756774902,-8.92421054840088,"Unknown"
"7014851",371865,2025-07-23 07:39:47,43.3261337280273,-8.89753246307373,"Unknown"
"7014851",371865,2025-07-23 07:44:48,43.3255729675293,-8.89781284332275,"Unknown"
"7014851",371865,2025-07-23 07:50:14,43.3198509216309,-8.87596416473389,"Unknown"
"7014851",371865,2025-07-23 07:54:44,43.3198776245117,-8.87566757202148,"Unknown"
"7014851",371865,2025-07-23 07:59:47,43.3198623657227,-8.87611293792725,"Unknown"
"7014851",371865,2025-07-23 08:04:48,43.319896697998,-8.87570381164551,"Unknown"
"7014851",371865,2025-07-23 08:09:47,43.3198699951172,-8.87593269348145,"Unknown"
"7014851",371865,2025-07-23 08:14:56,43.3198280334473,-8.87616443634033,"Unknown"
"7014851",371865,2025-07-23 08:19:47,43.3198432922363,-8.87600231170654,"Unknown"
"7014851",371865,2025-07-23 08:24:46,43.3198661804199,-8.87594127655029,"Unknown"
"7014851",371865,2025-07-23 08:29:44,43.3198623657227,-8.87596607208252,"Unknown"
"7014851",371865,2025-07-23 08:34:52,43.3204460144043,-8.87425708770752,"Unknown"
"7014851",371865,2025-07-23 08:39:44,43.3221206665039,-8.84691905975342,"Unknown"
"7014851",371865,2025-07-23 08:44:45,43.3416786193848,-8.8418083190918,"Unknown"
"7014851",371865,2025-07-23 08:50:05,43.3576393127441,-8.84510517120361,"Unknown"
"7014851",371865,2025-07-23 08:54:43,43.3577346801758,-8.84512424468994,"Unknown"
"7014851",371865,2025-07-23 08:59:42,43.3576164245605,-8.84507465362549,"Unknown"
"7014851",371865,2025-07-23 09:05:05,43.3576469421387,-8.84506130218506,"Unknown"
"7014851",371865,2025-07-23 09:09:42,43.3576202392578,-8.8450174331665,"Unknown"
"7014851",371865,2025-07-23 09:14:42,43.3576469421387,-8.84498023986816,"Unknown"
"7014851",371865,2025-07-23 09:19:42,43.3576507568359,-8.84503364562988,"Unknown"
"7014851",371865,2025-07-23 09:24:43,43.3576622009277,-8.84499263763428,"Unknown"
"7014851",371865,2025-07-23 09:29:44,43.3576545715332,-8.84517383575439,"Unknown"
"7014851",371865,2025-07-23 09:34:43,43.3576240539551,-8.84514713287354,"Unknown"
"7014851",371865,2025-07-23 09:39:42,43.3576774597168,-8.84515857696533,"Unknown"
"7014851",371865,2025-07-23 09:44:43,43.3576202392578,-8.84518432617188,"Unknown"
"7014851",371865,2025-07-23 09:49:42,43.3575973510742,-8.84513854980469,"Unknown"
"7014851",371865,2025-07-23 09:54:43,43.357608795166,-8.84503841400146,"Unknown"
"7014851",371865,2025-07-23 09:59:44,43.3576622009277,-8.84521675109863,"Unknown"
"7014851",371865,2025-07-23 10:04:51,43.3575897216797,-8.84514904022217,"Unknown"
"7014851",371865,2025-07-23 10:09:51,43.3575744628906,-8.84518623352051,"Unknown"
"7014851",371865,2025-07-23 10:14:43,43.3575859069824,-8.84517002105713,"Unknown"
"7014851",371865,2025-07-23 10:19:47,43.357292175293,-8.84524250030518,"Unknown"
"7014851",371865,2025-07-23 10:24:45,43.358024597168,-8.84499549865723,"Unknown"
"7014851",371865,2025-07-23 10:29:44,43.357608795166,-8.84508800506592,"Unknown"
"7014851",371865,2025-07-23 10:34:44,43.3581199645996,-8.84489059448242,"Unknown"
"7014851",371865,2025-07-23 10:39:44,43.3575973510742,-8.84513759613037,"Unknown"
"7014851",371865,2025-07-23 10:44:44,43.3576583862305,-8.84508514404297,"Unknown"
"7014851",371865,2025-07-23 10:49:45,43.3576431274414,-8.84508609771729,"Unknown"
"7014851",371865,2025-07-23 10:55:04,43.3576164245605,-8.84509372711182,"Unknown"
"7014851",371865,2025-07-23 10:59:46,43.3577079772949,-8.84492778778076,"Unknown"
"7014851",371865,2025-07-23 11:04:43,43.3576545715332,-8.84492206573486,"Unknown"
"7014851",371865,2025-07-23 11:09:42,43.3576736450195,-8.84501647949219,"Unknown"
"7014851",371865,2025-07-23 11:14:43,43.3576469421387,-8.8450231552124,"Unknown"
"7014851",371865,2025-07-23 11:19:42,43.3577003479004,-8.8449878692627,"Unknown"
"7014851",371865,2025-07-23 11:24:42,43.3576126098633,-8.8450403213501,"Unknown"
"7014851",371865,2025-07-23 11:29:42,43.3576354980469,-8.84506797790527,"Unknown"
"7014851",371865,2025-07-23 11:34:42,43.3575286865234,-8.84502124786377,"Unknown"
"7014851",371865,2025-07-23 11:39:43,43.3575820922852,-8.84507083892822,"Unknown"
"7014851",371865,2025-07-23 11:44:42,43.3575439453125,-8.84505748748779,"Unknown"
"7014851",371865,2025-07-23 11:49:44,43.3576698303223,-8.8450231552124,"Unknown"
"7014851",371865,2025-07-23 11:54:42,43.3576011657715,-8.84506416320801,"Unknown"
"7014851",371865,2025-07-23 11:59:42,43.3576049804688,-8.84512996673584,"Unknown"
"7014851",371865,2025-07-23 12:04:44,43.3575973510742,-8.84510517120361,"Unknown"
"7014851",371865,2025-07-23 12:09:42,43.3576698303223,-8.84509944915771,"Unknown"
"7014851",371865,2025-07-23 12:14:51,43.3576164245605,-8.84510612487793,"Unknown"
"7014851",371865,2025-07-23 12:19:48,43.3576393127441,-8.84513568878174,"Unknown"
"7014851",371865,2025-07-23 12:24:44,43.3576889038086,-8.84516429901123,"Unknown"
"7014851",371865,2025-07-23 12:29:42,43.3576393127441,-8.84514331817627,"Unknown"
"7014851",371865,2025-07-23 12:34:46,43.3576202392578,-8.84513854980469,"Unknown"
"7014851",371865,2025-07-23 12:39:43,43.3576011657715,-8.8450984954834,"Unknown"
"7014851",371865,2025-07-23 12:44:43,43.3576965332031,-8.84521293640137,"Unknown"
"7014851",371865,2025-07-23 12:49:44,43.3578453063965,-8.84528064727783,"Unknown"
"7014851",371865,2025-07-23 12:54:45,43.3576545715332,-8.84527206420898,"Unknown"
"7014851",371865,2025-07-23 12:59:44,43.3574523925781,-8.84486198425293,"Unknown"
"7014851",371865,2025-07-23 13:05:05,43.3575553894043,-8.84502792358398,"Unknown"
"7014851",371865,2025-07-23 13:09:43,43.3576011657715,-8.84506702423096,"Unknown"
"7014851",371865,2025-07-23 13:14:43,43.3576431274414,-8.84512042999268,"Unknown"
"7014851",371865,2025-07-23 13:19:42,43.357593536377,-8.84504127502441,"Unknown"
"7014851",371865,2025-07-23 13:24:44,43.3576126098633,-8.84505271911621,"Unknown"
"7014851",371865,2025-07-23 13:29:42,43.3575210571289,-8.84505081176758,"Unknown"
"7014851",371865,2025-07-23 13:34:48,43.3575286865234,-8.84499549865723,"Unknown"
"7014851",371865,2025-07-23 13:39:54,43.3576164245605,-8.84499263763428,"Unknown"
"7014851",371865,2025-07-23 13:44:42,43.357479095459,-8.84482097625732,"Unknown"
"7014851",371865,2025-07-23 13:49:46,43.3574333190918,-8.84504508972168,"Unknown"
"7014851",371865,2025-07-23 13:54:45,43.3573951721191,-8.84481906890869,"Unknown"
"7014851",371865,2025-07-23 13:59:53,43.3576278686523,-8.84502220153809,"Unknown"
"7014851",371865,2025-07-23 14:04:43,43.3577423095703,-8.84525871276855,"Unknown"
"7014851",371865,2025-07-23 14:09:54,43.3576354980469,-8.84511566162109,"Unknown"
"7014851",371865,2025-07-23 14:14:45,43.3572769165039,-8.84454250335693,"Unknown"
"7014851",371865,2025-07-23 14:19:54,43.3577117919922,-8.84514617919922,"Unknown"
"7014851",371865,2025-07-23 14:24:55,43.3576812744141,-8.84519195556641,"Unknown"
"7014851",371865,2025-07-23 14:30:03,43.3576431274414,-8.84497833251953,"Unknown"
"7014851",371865,2025-07-23 14:34:44,43.3575668334961,-8.84485912322998,"Unknown"
"7014851",371865,2025-07-23 14:39:45,43.3578338623047,-8.84549331665039,"Unknown"
"7014851",371865,2025-07-23 14:44:45,43.3580360412598,-8.84588146209717,"Unknown"
"7014851",371865,2025-07-23 14:49:47,43.3572692871094,-8.84431171417236,"Unknown"
"7014851",371865,2025-07-23 14:54:47,43.358039855957,-8.84634399414062,"Unknown"
"7014851",371865,2025-07-23 14:59:47,43.3578491210938,-8.84576416015625,"Unknown"
"7014851",371865,2025-07-23 15:04:46,43.3576278686523,-8.84501171112061,"Unknown"
"7014851",371865,2025-07-23 15:09:47,43.357666015625,-8.84438419342041,"Unknown"
"7014851",371865,2025-07-23 15:14:45,43.3577499389648,-8.8448543548584,"Unknown"
"7014851",371865,2025-07-23 15:19:47,43.3577079772949,-8.84523773193359,"Unknown"
"7014851",371865,2025-07-23 15:24:47,43.3577613830566,-8.84531021118164,"Unknown"
"7014851",371865,2025-07-23 15:29:47,43.3575325012207,-8.84454154968262,"Unknown"
"7014851",371865,2025-07-23 15:34:55,43.3576240539551,-8.84496879577637,"Unknown"
"7014851",371865,2025-07-23 15:39:55,43.3575210571289,-8.84477233886719,"Unknown"
"7014851",371865,2025-07-23 15:44:45,43.3573188781738,-8.84470844268799,"Unknown"
"7014851",371865,2025-07-23 15:49:45,43.3576126098633,-8.84507942199707,"Unknown"
"7014851",371865,2025-07-23 15:54:46,43.3572006225586,-8.84460258483887,"Unknown"
"7014851",371865,2025-07-23 16:00:05,43.357593536377,-8.84510898590088,"Unknown"
"7014851",371865,2025-07-23 16:04:44,43.3576240539551,-8.84508609771729,"Unknown"
"7014851",371865,2025-07-23 16:09:44,43.3575782775879,-8.84499359130859,"Unknown"
"7014851",371865,2025-07-23 16:14:44,43.357666015625,-8.84508895874023,"Unknown"
"7014851",371865,2025-07-23 16:19:43,43.3682975769043,-8.85604095458984,"Unknown"
"7014851",371865,2025-07-23 16:24:43,43.3818397521973,-8.88978481292725,"Unknown"
"7014851",371865,2025-07-23 16:29:43,43.3912010192871,-8.92794609069824,"Unknown"
"7014851",371865,2025-07-23 16:34:44,43.3964767456055,-8.97019386291504,"Unknown"
"7014851",371865,2025-07-23 16:39:43,43.4043960571289,-9.00728130340576,"Unknown"
"7014851",371865,2025-07-23 16:44:44,43.4127616882324,-9.0448522567749,"Unknown"
"7014851",371865,2025-07-23 16:49:44,43.4194831848145,-9.08514785766602,"Unknown"
"7014851",371865,2025-07-23 16:54:45,43.4264907836914,-9.10867500305176,"Unknown"
"7014851",371865,2025-07-23 16:59:54,43.4267387390137,-9.09910202026367,"Unknown"
"7014851",371865,2025-07-23 17:04:52,43.4277114868164,-9.09439468383789,"Unknown"
"7014851",371865,2025-07-23 17:09:45,43.427864074707,-9.08749675750732,"Unknown"
"7014851",371865,2025-07-23 17:14:45,43.4288597106934,-9.08335876464844,"Unknown"
"7014851",371865,2025-07-23 17:19:45,43.4302558898926,-9.07474136352539,"Unknown"
"7014851",371865,2025-07-23 17:24:45,43.4305877685547,-9.06966304779053,"Unknown"
"7014851",371865,2025-07-23 17:29:45,43.4311676025391,-9.06400012969971,"Unknown"
"7014851",371865,2025-07-23 17:34:44,43.4313850402832,-9.05811595916748,"Unknown"
"7014851",371865,2025-07-23 17:39:44,43.4291114807129,-9.04283046722412,"Unknown"
"7014851",371865,2025-07-23 17:46:07,43.4009666442871,-8.99281787872314,"Unknown"
"7014851",371865,2025-07-23 17:49:43,43.3923187255859,-8.96552562713623,"Unknown"
"7014851",371865,2025-07-23 17:54:43,43.3776206970215,-8.92451000213623,"Unknown"
"7014851",371865,2025-07-23 17:59:43,43.363338470459,-8.88387966156006,"Unknown"
"7014851",371865,2025-07-23 18:05:01,43.3605270385742,-8.84819507598877,"Unknown"
"7014851",371865,2025-07-23 18:09:43,43.3575782775879,-8.84532356262207,"Unknown"
"7014851",371865,2025-07-23 18:14:44,43.3576316833496,-8.84522533416748,"Unknown"
"7014851",371865,2025-07-23 18:19:45,43.3576736450195,-8.84522533416748,"Unknown"
"7014851",371865,2025-07-23 18:24:43,43.3575210571289,-8.84539794921875,"Unknown"
"7014851",371865,2025-07-23 18:29:44,43.3577690124512,-8.84517955780029,"Unknown"
"7014851",371865,2025-07-23 18:35:05,43.3576049804688,-8.84504508972168,"Unknown"
"7014851",371865,2025-07-23 18:39:44,43.3576240539551,-8.84511470794678,"Unknown"
"7014851",371865,2025-07-23 18:44:43,43.3576354980469,-8.8450984954834,"Unknown"
"7014851",371865,2025-07-23 18:49:44,43.3574409484863,-8.84502124786377,"Unknown"
"7014851",371865,2025-07-23 18:54:44,43.3575897216797,-8.84512042999268,"Unknown"
"7014851",371865,2025-07-23 18:59:44,43.3576126098633,-8.84511756896973,"Unknown"
"7014851",371865,2025-07-23 19:04:44,43.357608795166,-8.84512519836426,"Unknown"
"7014851",371865,2025-07-23 19:09:43,43.3576622009277,-8.84509181976318,"Unknown"
"7014851",371865,2025-07-23 19:14:43,43.3576126098633,-8.8451452255249,"Unknown"
"7014851",371865,2025-07-23 19:19:44,43.3576469421387,-8.84508800506592,"Unknown"
"7014851",371865,2025-07-23 19:24:43,43.3576736450195,-8.8450813293457,"Unknown"
"7014851",371865,2025-07-23 19:29:45,43.3576393127441,-8.84509086608887,"Unknown"
"7014851",371865,2025-07-23 19:34:43,43.3576011657715,-8.84518051147461,"Unknown"
"7014851",371865,2025-07-23 19:39:44,43.3576164245605,-8.84517478942871,"Unknown"
"7014851",371865,2025-07-23 19:44:43,43.357666015625,-8.84517192840576,"Unknown"
"7014851",371865,2025-07-23 19:49:46,43.3576240539551,-8.84512710571289,"Unknown"
"7014851",371865,2025-07-23 19:54:44,43.3572883605957,-8.84464073181152,"Unknown"
"7014851",371865,2025-07-23 19:59:45,43.3573875427246,-8.8447093963623,"Unknown"
"7014851",371865,2025-07-23 20:04:45,43.357536315918,-8.84504699707031,"Unknown"
"7014851",371865,2025-07-23 20:09:44,43.3574600219727,-8.84505558013916,"Unknown"
"7014851",371865,2025-07-23 20:14:45,43.3577156066895,-8.84507179260254,"Unknown"
"7014851",371865,2025-07-23 20:19:44,43.3575782775879,-8.84506511688232,"Unknown"
"7014851",371865,2025-07-23 20:24:50,43.3575706481934,-8.84500026702881,"Unknown"
"7014851",371865,2025-07-23 20:29:50,43.3575706481934,-8.84486770629883,"Unknown"
"7014851",371865,2025-07-23 20:34:44,43.3575820922852,-8.84530162811279,"Unknown"
"7014851",371865,2025-07-23 20:39:45,43.3573608398438,-8.84578227996826,"Unknown"
"7014851",371865,2025-07-23 20:44:58,43.3576622009277,-8.84473705291748,"Unknown"
"7014851",371865,2025-07-23 20:49:49,43.3576965332031,-8.84494686126709,"Unknown"
"7014851",371865,2025-07-23 20:55:05,43.3576622009277,-8.84505653381348,"Unknown"
"7014851",371865,2025-07-23 20:59:44,43.3576965332031,-8.84510517120361,"Unknown"
"7014851",371865,2025-07-23 21:04:43,43.3576316833496,-8.84511280059814,"Unknown"
"7014851",371865,2025-07-23 21:09:44,43.3576240539551,-8.84505081176758,"Unknown"
"7014851",371865,2025-07-23 21:14:43,43.3576202392578,-8.84508323669434,"Unknown"
"7014851",371865,2025-07-23 21:19:43,43.3576545715332,-8.8450345993042,"Unknown"
"7014851",371865,2025-07-23 21:24:45,43.3573875427246,-8.84484100341797,"Unknown"
"7014851",371865,2025-07-23 21:29:44,43.3576278686523,-8.84500408172607,"Unknown"
"7014851",371865,2025-07-23 21:34:43,43.3576622009277,-8.84504222869873,"Unknown"
"7014851",371865,2025-07-23 21:39:43,43.3576622009277,-8.84508800506592,"Unknown"
"7014851",371865,2025-07-23 21:44:43,43.3575859069824,-8.84507751464844,"Unknown"
"7014851",371865,2025-07-23 21:49:46,43.3575477600098,-8.84495258331299,"Unknown"
"7014851",371865,2025-07-23 21:54:42,43.3576011657715,-8.84505462646484,"Unknown"
"7014851",371865,2025-07-23 21:59:44,43.3576011657715,-8.84506034851074,"Unknown"
"7014851",371865,2025-07-23 22:04:43,43.3577880859375,-8.84506225585938,"Unknown"
"7014851",371865,2025-07-23 22:09:44,43.3575744628906,-8.84506797790527,"Unknown"
"7014851",371865,2025-07-23 22:14:52,43.3576126098633,-8.84510231018066,"Unknown"
"7014851",371865,2025-07-23 22:19:48,43.3576126098633,-8.84492492675781,"Unknown"
"7014851",371865,2025-07-23 22:24:59,43.3576164245605,-8.84513187408447,"Unknown"
"7014851",371865,2025-07-23 22:29:46,43.357666015625,-8.84509944915771,"Unknown"
"7014851",371865,2025-07-23 22:34:46,43.3577156066895,-8.84512710571289,"Unknown"
"7014851",371865,2025-07-23 22:39:44,43.357593536377,-8.84506702423096,"Unknown"
"7014851",371865,2025-07-23 22:45:01,43.3576469421387,-8.84503364562988,"Unknown"
"7014851",371865,2025-07-23 22:49:43,43.3576698303223,-8.84508323669434,"Unknown"
"7014851",371865,2025-07-23 22:54:44,43.3576011657715,-8.84497356414795,"Unknown"
"7014851",371865,2025-07-23 22:59:43,43.3575210571289,-8.8450174331665,"Unknown"
"7014851",371865,2025-07-23 23:04:47,43.3575859069824,-8.84498119354248,"Unknown"
"7014851",371865,2025-07-23 23:09:44,43.3583106994629,-8.84490871429443,"Unknown"
"7014851",371865,2025-07-23 23:14:45,43.3580513000488,-8.84493923187256,"Unknown"
"7014851",371865,2025-07-23 23:19:44,43.357852935791,-8.84503364562988,"Unknown"
"7014851",371865,2025-07-23 23:24:45,43.3580703735352,-8.84504222869873,"Unknown"
"7014851",371865,2025-07-23 23:29:49,43.3576202392578,-8.84506702423096,"Unknown"
"7014851",371865,2025-07-23 23:34:47,43.3580322265625,-8.84511280059814,"Unknown"
"7014851",371865,2025-07-23 23:40:05,43.357593536377,-8.84505653381348,"Unknown"
"7014851",371865,2025-07-23 23:44:42,43.3576850891113,-8.8449535369873,"Unknown"
"7014851",371865,2025-07-23 23:49:42,43.3576011657715,-8.84496688842773,"Unknown"
"7014851",371865,2025-07-23 23:54:42,43.3576431274414,-8.84498977661133,"Unknown"
"7014851",371865,2025-07-23 23:59:43,43.3575744628906,-8.84510326385498,"Unknown"
"7014851",371865,2025-07-24 00:04:42,43.3576469421387,-8.84500789642334,"Unknown"
"7014851",371865,2025-07-24 00:09:42,43.3576393127441,-8.84507465362549,"Unknown"
"7014851",371865,2025-07-24 00:14:43,43.3575897216797,-8.84500217437744,"Unknown"
"7014851",371865,2025-07-24 00:19:46,43.3576354980469,-8.84506702423096,"Unknown"
"7014851",371865,2025-07-24 00:24:42,43.3576545715332,-8.84503173828125,"Unknown"
"7014851",371865,2025-07-24 00:29:42,43.357551574707,-8.84499168395996,"Unknown"
"7014851",371865,2025-07-24 00:34:42,43.357593536377,-8.84507942199707,"Unknown"
"7014851",371865,2025-07-24 00:39:42,43.3576011657715,-8.84499454498291,"Unknown"
"7014851",371865,2025-07-24 00:44:42,43.3576202392578,-8.84509944915771,"Unknown"
"7014851",371865,2025-07-24 00:49:44,43.3576164245605,-8.84499645233154,"Unknown"
"7014851",371865,2025-07-24 00:54:43,43.3575096130371,-8.84500598907471,"Unknown"
"7014851",371865,2025-07-24 00:59:48,43.3576431274414,-8.84506416320801,"Unknown"
"7014851",371865,2025-07-24 01:04:58,43.3576049804688,-8.84504222869873,"Unknown"
"7014851",371865,2025-07-24 01:09:46,43.357479095459,-8.84493732452393,"Unknown"
"7014851",371865,2025-07-24 01:14:44,43.357723236084,-8.84514904022217,"Unknown"
"7014851",371865,2025-07-24 01:19:51,43.3578414916992,-8.84533309936523,"Unknown"
"7014851",371865,2025-07-24 01:25:00,43.3576164245605,-8.84507751464844,"Unknown"
"7014851",371865,2025-07-24 01:30:05,43.3576698303223,-8.84509086608887,"Unknown"
"7014851",371865,2025-07-24 01:34:44,43.3573455810547,-8.84494113922119,"Unknown"
"7014851",371865,2025-07-24 01:39:46,43.3580551147461,-8.8454761505127,"Unknown"
"7014851",371865,2025-07-24 01:44:44,43.3577995300293,-8.84521102905273,"Unknown"
"7014851",371865,2025-07-24 01:49:43,43.3580322265625,-8.84548473358154,"Unknown"
"7014851",371865,2025-07-24 01:54:43,43.3576927185059,-8.84511089324951,"Unknown"
"7014851",371865,2025-07-24 01:59:43,43.3575820922852,-8.84502601623535,"Unknown"
"7014851",371865,2025-07-24 02:04:43,43.3575744628906,-8.84505271911621,"Unknown"
"7014851",371865,2025-07-24 02:09:42,43.3577041625977,-8.84512710571289,"Unknown"
"7014851",371865,2025-07-24 02:15:05,43.3575859069824,-8.84499454498291,"Unknown"
"7014851",371865,2025-07-24 02:19:42,43.3577003479004,-8.84504127502441,"Unknown"
"7014851",371865,2025-07-24 02:24:42,43.3576202392578,-8.84506416320801,"Unknown"
"7014851",371865,2025-07-24 02:29:43,43.3575897216797,-8.84506225585938,"Unknown"
"7014851",371865,2025-07-24 02:34:43,43.357723236084,-8.84512233734131,"Unknown"
"7014851",371865,2025-07-24 02:39:42,43.3577156066895,-8.84518623352051,"Unknown"
"7014851",371865,2025-07-24 02:44:42,43.3576889038086,-8.84517383575439,"Unknown"
"7014851",371865,2025-07-24 02:49:42,43.3576507568359,-8.84506034851074,"Unknown"
"7014851",371865,2025-07-24 02:54:42,43.3576698303223,-8.84515190124512,"Unknown"
"7014851",371865,2025-07-24 02:59:42,43.3577041625977,-8.84518051147461,"Unknown"
"7014851",371865,2025-07-24 03:04:42,43.3576393127441,-8.84516334533691,"Unknown"
"7014851",371865,2025-07-24 03:09:45,43.3576354980469,-8.84511089324951,"Unknown"
"7014851",371865,2025-07-24 03:14:55,43.3576774597168,-8.84511566162109,"Unknown"
"7014851",371865,2025-07-24 03:20:05,43.3576126098633,-8.84506130218506,"Unknown"
"7014851",371865,2025-07-24 03:24:43,43.3576202392578,-8.84508323669434,"Unknown"
"7014851",371865,2025-07-24 03:29:42,43.3576812744141,-8.84503841400146,"Unknown"
"7014851",371865,2025-07-24 03:34:42,43.3577156066895,-8.84512615203857,"Unknown"
"7014851",371865,2025-07-24 03:39:44,43.3576812744141,-8.84511280059814,"Unknown"
"7014851",371865,2025-07-24 03:44:43,43.3577003479004,-8.84508323669434,"Unknown"
"7014851",371865,2025-07-24 03:49:44,43.3578567504883,-8.84524631500244,"Unknown"
"7014851",371865,2025-07-24 03:54:43,43.3578681945801,-8.84523868560791,"Unknown"
"7014851",371865,2025-07-24 03:59:43,43.3577156066895,-8.84511280059814,"Unknown"
"7014851",371865,2025-07-24 04:04:47,43.3574104309082,-8.84504699707031,"Unknown"
"7014851",371865,2025-07-24 04:09:54,43.3574829101562,-8.84510707855225,"Unknown"
"7014851",371865,2025-07-24 04:14:54,43.3575782775879,-8.84505939483643,"Unknown"
"7014851",371865,2025-07-24 04:19:54,43.3574905395508,-8.84509086608887,"Unknown"
"7014851",371865,2025-07-24 04:24:54,43.357536315918,-8.84500312805176,"Unknown"
"7014851",371865,2025-07-24 04:30:06,43.3624076843262,-8.84832859039307,"Unknown"
"7014851",371865,2025-07-24 04:34:44,43.3575477600098,-8.84498405456543,"Unknown"
"7014851",371865,2025-07-24 04:39:42,43.3576011657715,-8.84492778778076,"Unknown"
"7014851",371865,2025-07-24 04:44:43,43.3575859069824,-8.84492206573486,"Unknown"
"7014851",371865,2025-07-24 04:49:44,43.357608795166,-8.84500312805176,"Unknown"
"7014851",371865,2025-07-24 04:54:48,43.3624801635742,-8.84802532196045,"Unknown"
"7014851",371865,2025-07-24 04:59:43,43.3788223266602,-8.86585330963135,"Unknown"
"7014851",371865,2025-07-24 05:04:42,43.3922424316406,-8.88500213623047,"Unknown"
"7014851",371865,2025-07-24 05:09:42,43.4033699035645,-8.91903781890869,"Unknown"
"7014851",371865,2025-07-24 05:14:42,43.4119911193848,-8.95242023468018,"Unknown"
"7014851",371865,2025-07-24 05:19:44,43.4254341125488,-8.98418140411377,"Unknown"
"7014851",371865,2025-07-24 05:24:43,43.4150810241699,-8.96536350250244,"Unknown"
"7014851",371865,2025-07-24 05:29:43,43.3920631408691,-8.94463920593262,"Unknown"
"7014851",371865,2025-07-24 05:34:43,43.3727569580078,-8.92105388641357,"Unknown"
"7014851",371865,2025-07-24 05:39:43,43.3631553649902,-8.89428043365479,"Unknown"
"7014851",371865,2025-07-24 05:44:43,43.3565902709961,-8.86788845062256,"Unknown"
"7014851",371865,2025-07-24 05:49:46,43.3576354980469,-8.84503555297852,"Unknown"
"7014851",371865,2025-07-24 05:54:47,43.3576583862305,-8.84471988677979,"Unknown"
"7014851",371865,2025-07-24 06:00:05,43.3576240539551,-8.84507179260254,"Unknown"
"7014851",371865,2025-07-24 06:04:43,43.3575668334961,-8.84513187408447,"Unknown"
"7014851",371865,2025-07-24 06:09:43,43.3575286865234,-8.84517383575439,"Unknown"
"7014851",371865,2025-07-24 06:14:42,43.3576011657715,-8.84509372711182,"Unknown"
"7014851",371865,2025-07-24 06:19:46,43.3575553894043,-8.84516716003418,"Unknown"
"7014851",371865,2025-07-24 06:24:42,43.3574676513672,-8.84507846832275,"Unknown"
"7014851",371865,2025-07-24 06:29:42,43.3575248718262,-8.84509468078613,"Unknown"
"7014851",371865,2025-07-24 06:34:47,43.3576240539551,-8.8451099395752,"Unknown"
"7014851",371865,2025-07-24 06:39:43,43.3575325012207,-8.84513092041016,"Unknown"
"7014851",371865,2025-07-24 06:44:43,43.3576126098633,-8.84506225585938,"Unknown"
"7014851",371865,2025-07-24 06:49:42,43.3574333190918,-8.84500694274902,"Unknown"
"7014851",371865,2025-07-24 06:54:42,43.357593536377,-8.84509563446045,"Unknown"
"7014851",371865,2025-07-24 06:59:43,43.3576622009277,-8.84514331817627,"Unknown"
"7014851",371865,2025-07-24 07:04:43,43.3576049804688,-8.84523296356201,"Unknown"
"7014851",371865,2025-07-24 07:09:43,43.3574714660645,-8.84482574462891,"Unknown"
"7014851",371865,2025-07-24 07:14:43,43.3574829101562,-8.84482955932617,"Unknown"
"7014851",371865,2025-07-24 07:19:43,43.3575248718262,-8.84490299224854,"Unknown"
"7014851",371865,2025-07-24 07:24:46,43.3577651977539,-8.84542846679688,"Unknown"
"7014851",371865,2025-07-24 07:29:44,43.3573188781738,-8.84458160400391,"Unknown"
"7014851",371865,2025-07-24 07:34:44,43.357479095459,-8.84470367431641,"Unknown"
"7014851",371865,2025-07-24 07:39:46,43.3575859069824,-8.84473705291748,"Unknown"
"7014851",371865,2025-07-24 07:44:47,43.3569602966309,-8.84325695037842,"Unknown"
"7014851",371865,2025-07-24 07:50:35,43.357608795166,-8.84511852264404,"Unknown"
"7014851",371865,2025-07-24 07:54:42,43.3576507568359,-8.84509468078613,"Unknown"
"7014851",371865,2025-07-24 07:59:55,43.3575134277344,-8.84516620635986,"Unknown"
"7014851",371865,2025-07-24 08:04:43,43.3574638366699,-8.84502792358398,"Unknown"
"7014851",371865,2025-07-24 08:10:01,43.3576278686523,-8.84510135650635,"Unknown"
"7014851",371865,2025-07-24 08:14:43,43.3575134277344,-8.84508991241455,"Unknown"
"7014851",371865,2025-07-24 08:19:44,43.3576545715332,-8.84509086608887,"Unknown"
"7014851",371865,2025-07-24 08:24:44,43.3577613830566,-8.84505081176758,"Unknown"
"7014851",371865,2025-07-24 08:29:42,43.3576622009277,-8.84514999389648,"Unknown"
"7014851",371865,2025-07-24 08:34:42,43.3577346801758,-8.8451099395752,"Unknown"
"7014851",371865,2025-07-24 08:39:43,43.3573837280273,-8.84511470794678,"Unknown"
"7014851",371865,2025-07-24 08:44:43,43.3577461242676,-8.84511661529541,"Unknown"
"7014851",371865,2025-07-24 08:49:43,43.3577499389648,-8.84514999389648,"Unknown"
"7014851",371865,2025-07-24 08:54:44,43.3577575683594,-8.84511566162109,"Unknown"
"7014851",371865,2025-07-24 08:59:43,43.3576049804688,-8.84503555297852,"Unknown"
"7014851",371865,2025-07-24 09:04:44,43.3578147888184,-8.84508323669434,"Unknown"
"7014851",371865,2025-07-24 09:09:43,43.3579330444336,-8.84516906738281,"Unknown"
"7014851",371865,2025-07-24 09:14:44,43.3576965332031,-8.84501171112061,"Unknown"
"7014851",371865,2025-07-24 09:19:44,43.3578338623047,-8.84507942199707,"Unknown"
"7014851",371865,2025-07-24 09:24:44,43.357795715332,-8.84510803222656,"Unknown"
"7014851",371865,2025-07-24 09:29:44,43.3577651977539,-8.84508991241455,"Unknown"
"7014851",371865,2025-07-24 09:34:44,43.3579444885254,-8.84533405303955,"Unknown"
"7014851",371865,2025-07-24 09:39:44,43.3577919006348,-8.84523296356201,"Unknown"
"7014851",371865,2025-07-24 09:44:44,43.3576583862305,-8.8451099395752,"Unknown"
"7014851",371865,2025-07-24 09:49:44,43.3571662902832,-8.84473323822021,"Unknown"
"7014851",371865,2025-07-24 09:54:42,43.3584671020508,-8.84594058990479,"Unknown"
"7014851",371865,2025-07-24 09:59:57,43.357593536377,-8.84507656097412,"Unknown"
"7014851",371865,2025-07-24 10:04:43,43.3576545715332,-8.84511566162109,"Unknown"
"7014851",371865,2025-07-24 10:09:44,43.3576278686523,-8.8451042175293,"Unknown"
"7014851",371865,2025-07-24 10:14:43,43.3576278686523,-8.84509468078613,"Unknown"
"7014851",371865,2025-07-24 10:19:55,43.3576316833496,-8.84507846832275,"Unknown"
"7014851",371865,2025-07-24 10:24:42,43.3576126098633,-8.84513187408447,"Unknown"
"7014851",371865,2025-07-24 10:29:45,43.3576202392578,-8.84504413604736,"Unknown"
"7014851",371865,2025-07-24 10:35:14,43.357795715332,-8.84503173828125,"Unknown"
"7014851",371865,2025-07-24 10:39:46,43.3577880859375,-8.8450813293457,"Unknown"
"7014851",371865,2025-07-24 10:44:47,43.3578338623047,-8.84502792358398,"Unknown"
"7014851",371865,2025-07-24 10:50:32,43.3578071594238,-8.84498023986816,"Unknown"
"7014851",371865,2025-07-24 10:54:47,43.3570098876953,-8.84496402740479,"Unknown"
"7014851",371865,2025-07-24 10:59:43,43.357421875,-8.84501647949219,"Unknown"
"7014851",371865,2025-07-24 11:04:44,43.3577308654785,-8.84500217437744,"Unknown"
"7014851",371865,2025-07-24 11:09:45,43.3579292297363,-8.84495544433594,"Unknown"
"7014851",371865,2025-07-24 11:14:43,43.357494354248,-8.84498500823975,"Unknown"
"7014851",371865,2025-07-24 11:19:49,43.3578948974609,-8.84490585327148,"Unknown"
"7014851",371865,2025-07-24 11:24:47,43.3604736328125,-8.8471565246582,"Unknown"
"7014851",371865,2025-07-24 11:31:06,43.3808364868164,-8.88492488861084,"Unknown"
"7014851",371865,2025-07-24 11:35:05,43.3863372802734,-8.904221534729,"Unknown"
"7014851",371865,2025-07-24 11:39:42,43.394588470459,-8.92343807220459,"Unknown"
"7014851",371865,2025-07-24 11:44:42,43.410327911377,-8.9526834487915,"Unknown"
"7014851",371865,2025-07-24 11:49:42,43.4262199401855,-8.97774505615234,"Unknown"
"7014851",371865,2025-07-24 11:54:42,43.4423637390137,-9.0104284286499,"Unknown"
"7014851",371865,2025-07-24 11:59:43,43.4577751159668,-9.04569053649902,"Unknown"
"7014851",371865,2025-07-24 12:06:06,43.4784660339355,-9.08991813659668,"Unknown"
"7014851",371865,2025-07-24 12:10:14,43.4858665466309,-9.10795211791992,"Unknown"
"7014851",371865,2025-07-24 12:14:43,43.4835395812988,-9.11403465270996,"Unknown"
"7014851",371865,2025-07-24 12:20:06,43.4812431335449,-9.11775875091553,"Unknown"
"7014851",371865,2025-07-24 12:24:46,43.4784889221191,-9.12281894683838,"Unknown"
"7014851",371865,2025-07-24 12:29:41,43.4748840332031,-9.12746238708496,"Unknown"
"7014851",371865,2025-07-24 12:34:49,43.4714889526367,-9.13245487213135,"Unknown"
"7014851",371865,2025-07-24 12:39:41,43.4682540893555,-9.13542652130127,"Unknown"
"7014851",371865,2025-07-24 12:44:46,43.4682388305664,-9.1369161605835,"Unknown"
"7014851",371865,2025-07-24 12:51:06,43.4608497619629,-9.14275074005127,"Unknown"
"7014851",371865,2025-07-24 12:55:53,43.4587173461914,-9.14508724212646,"Unknown"
"7014851",371865,2025-07-24 12:59:43,43.4537353515625,-9.14826488494873,"Unknown"
"7014851",371865,2025-07-24 13:04:42,43.4530982971191,-9.15002632141113,"Unknown"
"7014851",371865,2025-07-24 13:09:43,43.447681427002,-9.15396308898926,"Unknown"
"7014851",371865,2025-07-24 13:14:43,43.4429473876953,-9.15866374969482,"Unknown"
"7014851",371865,2025-07-24 13:19:42,43.4423789978027,-9.16049480438232,"Unknown"
"7014851",371865,2025-07-24 13:24:43,43.4419174194336,-9.16258239746094,"Unknown"
"7014851",371865,2025-07-24 13:29:43,43.4331665039062,-9.17160606384277,"Unknown"
"7014851",371865,2025-07-24 13:34:47,43.4323081970215,-9.17367172241211,"Unknown"
"7014851",371865,2025-07-24 13:39:47,43.4273834228516,-9.17925453186035,"Unknown"
"7014851",371865,2025-07-24 13:44:45,43.4244155883789,-9.18444728851318,"Unknown"
"7014851",371865,2025-07-24 13:50:05,43.4238700866699,-9.18685340881348,"Unknown"
"7014851",371865,2025-07-24 13:54:42,43.4181098937988,-9.19631481170654,"Unknown"
"7014851",371865,2025-07-24 13:59:51,43.4175758361816,-9.19810771942139,"Unknown"
"7014851",371865,2025-07-24 14:04:49,43.3950347900391,-9.22435760498047,"Unknown"
"7014851",371865,2025-07-24 14:09:44,43.3951034545898,-9.22563934326172,"Unknown"
"7014851",371865,2025-07-24 14:14:55,43.3913955688477,-9.26321029663086,"Unknown"
"7014851",371865,2025-07-24 14:19:55,43.3720626831055,-9.32400512695312,"Unknown"
"7014851",371865,2025-07-24 14:24:46,43.3801345825195,-9.34918212890625,"Unknown"
"7014851",371865,2025-07-24 14:29:52,43.3796310424805,-9.3497142791748,"Unknown"
"7014851",371865,2025-07-24 14:34:46,43.3779296875,-9.35201644897461,"Unknown"
"7014851",371865,2025-07-24 14:40:00,43.3773727416992,-9.35392761230469,"Unknown"
"7014851",371865,2025-07-24 14:44:56,43.377010345459,-9.35491371154785,"Unknown"
"7014851",371865,2025-07-24 14:49:56,43.3766479492188,-9.35616970062256,"Unknown"
"7014851",371865,2025-07-24 14:55:14,43.3760871887207,-9.35767459869385,"Unknown"
"7014851",371865,2025-07-24 14:59:54,43.3753471374512,-9.36139297485352,"Unknown"
"7014851",371865,2025-07-24 15:05:19,43.374698638916,-9.36328029632568,"Unknown"
"7014851",371865,2025-07-24 15:10:05,43.3724174499512,-9.365065574646,"Unknown"
"7014851",371865,2025-07-24 15:14:54,43.3717842102051,-9.36645030975342,"Unknown"
"7014851",371865,2025-07-24 15:19:56,43.3710670471191,-9.36834812164307,"Unknown"
"7014851",371865,2025-07-24 15:24:54,43.3676872253418,-9.36944770812988,"Unknown"
"7014851",371865,2025-07-24 15:29:54,43.3653793334961,-9.37293434143066,"Unknown"
"7014851",371865,2025-07-24 15:35:14,43.3647994995117,-9.37527751922607,"Unknown"
"7014851",371865,2025-07-24 15:39:46,43.3621139526367,-9.37707805633545,"Unknown"
"7014851",371865,2025-07-24 15:44:49,43.3610610961914,-9.37829875946045,"Unknown"
"7014851",371865,2025-07-24 15:49:47,43.3586654663086,-9.37975311279297,"Unknown"
"7014851",371865,2025-07-24 15:54:54,43.358039855957,-9.38186264038086,"Unknown"
"7014851",371865,2025-07-24 16:00:10,43.3560943603516,-9.3886775970459,"Unknown"
"7014851",371865,2025-07-24 16:04:46,43.3549118041992,-9.38948917388916,"Unknown"
"7014851",371865,2025-07-24 16:09:51,43.3549003601074,-9.39284515380859,"Unknown"
"7014851",371865,2025-07-24 16:14:54,43.3536148071289,-9.39461326599121,"Unknown"
"7014851",371865,2025-07-24 16:19:54,43.3433570861816,-9.38438129425049,"Unknown"
"7014851",371865,2025-07-24 16:24:45,43.3210144042969,-9.3635196685791,"Unknown"
"7014851",371865,2025-07-24 16:29:43,43.2963752746582,-9.34154510498047,"Unknown"
"7014851",371865,2025-07-24 16:34:43,43.2745056152344,-9.32594680786133,"Unknown"
"7014851",371865,2025-07-24 16:39:45,43.2582168579102,-9.30146026611328,"Unknown"
"7014851",371865,2025-07-24 16:44:44,43.2367820739746,-9.27613544464111,"Unknown"
"7014851",371865,2025-07-24 16:49:59,43.2164878845215,-9.24697494506836,"Unknown"
"7014851",371865,2025-07-24 16:56:06,43.1754837036133,-9.21908092498779,"Unknown"
"7014851",371865,2025-07-24 16:59:44,43.1575584411621,-9.20674705505371,"Unknown"
"7014851",371865,2025-07-24 17:04:44,43.1613159179688,-9.19161128997803,"Unknown"
"7014851",371865,2025-07-24 17:09:54,43.1740226745605,-9.17578125,"Unknown"
"7014851",371865,2025-07-24 17:14:43,43.1876258850098,-9.17299175262451,"Unknown"
"7014851",371865,2025-07-24 17:19:45,43.1889801025391,-9.1724681854248,"Unknown"
"7014851",371865,2025-07-24 17:24:44,43.1892166137695,-9.17241859436035,"Unknown"
"7014851",371865,2025-07-24 17:29:46,43.189208984375,-9.17238712310791,"Unknown"
"7014851",371865,2025-07-24 17:34:44,43.1893882751465,-9.1721658706665,"Unknown"
"7014851",371865,2025-07-24 17:39:44,43.1891632080078,-9.17238235473633,"Unknown"
"7014851",371865,2025-07-24 17:45:05,43.1886444091797,-9.17279815673828,"Unknown"
"7014851",371865,2025-07-24 17:49:47,43.1884803771973,-9.17295742034912,"Unknown"
"7014851",371865,2025-07-24 17:54:46,43.1885795593262,-9.17280387878418,"Unknown"
"7014851",371865,2025-07-24 17:59:43,43.1885795593262,-9.17269325256348,"Unknown"
"7014851",371865,2025-07-24 18:04:43,43.188648223877,-9.17260360717773,"Unknown"
"7014851",371865,2025-07-24 18:09:43,43.1886253356934,-9.17259788513184,"Unknown"
"7014851",371865,2025-07-24 18:14:43,43.1886596679688,-9.17252159118652,"Unknown"
"7014851",371865,2025-07-24 18:19:44,43.1888313293457,-9.17242240905762,"Unknown"
"7014851",371865,2025-07-24 18:24:43,43.1887855529785,-9.172438621521,"Unknown"
"7014851",371865,2025-07-24 18:29:44,43.1889114379883,-9.17233848571777,"Unknown"
"7014851",371865,2025-07-24 18:34:43,43.1838417053223,-9.16741943359375,"Unknown"
"7014851",371865,2025-07-24 18:39:43,43.189868927002,-9.14337062835693,"Unknown"
"7014851",371865,2025-07-24 18:44:43,43.1964340209961,-9.1242504119873,"Unknown"
"7014851",371865,2025-07-24 18:49:44,43.1858520507812,-9.10606479644775,"Unknown"
"7014851",371865,2025-07-24 18:54:45,43.1856803894043,-9.10618305206299,"Unknown"
"7014851",371865,2025-07-24 18:59:45,43.1859817504883,-9.10592555999756,"Unknown"
"7014851",371865,2025-07-24 19:04:45,43.1859321594238,-9.10593414306641,"Unknown"
"7014851",371865,2025-07-24 19:09:44,43.1859245300293,-9.10600280761719,"Unknown"
"7014851",371865,2025-07-24 19:14:49,43.1858978271484,-9.10583019256592,"Unknown"
"7014851",371865,2025-07-24 19:19:48,43.1859130859375,-9.1059627532959,"Unknown"
"7014851",371865,2025-07-24 19:24:47,43.1858711242676,-9.10599136352539,"Unknown"
"7014851",371865,2025-07-24 19:29:44,43.1858787536621,-9.10598278045654,"Unknown"
"7014851",371865,2025-07-24 19:34:44,43.1831321716309,-9.08431434631348,"Unknown"
"7014851",371865,2025-07-24 19:39:44,43.1839218139648,-9.06011962890625,"Unknown"
"7014851",371865,2025-07-24 19:44:44,43.1940650939941,-9.04014205932617,"Unknown"
"7014851",371865,2025-07-24 19:52:26,43.1939430236816,-9.04151153564453,"Unknown"
"7014851",371865,2025-07-24 19:57:27,43.1941909790039,-9.04201030731201,"Unknown"
"7014851",371865,2025-07-24 20:02:29,43.1942863464355,-9.04199981689453,"Unknown"
"7014851",371865,2025-07-24 20:07:26,43.2029876708984,-9.03364372253418,"Unknown"
"7014851",371865,2025-07-24 20:12:38,43.2158508300781,-9.02684593200684,"Unknown"
"7014851",371865,2025-07-24 20:17:26,43.2313041687012,-9.01300621032715,"Unknown"
"7014851",371865,2025-07-24 20:22:28,43.2339477539062,-8.98714828491211,"Unknown"
"7014851",371865,2025-07-24 20:28:47,43.2531051635742,-8.97784423828125,"Unknown"
"7014851",371865,2025-07-24 20:33:47,43.2725639343262,-8.9920825958252,"Unknown"
"7014851",371865,2025-07-24 20:37:46,43.2834205627441,-8.98005104064941,"Unknown"
"7014851",371865,2025-07-24 20:42:39,43.2915954589844,-8.9553804397583,"Unknown"
"7014851",371865,2025-07-24 20:47:37,43.2919807434082,-8.9269905090332,"Unknown"
"7014851",371865,2025-07-24 20:52:38,43.3053321838379,-8.91318225860596,"Unknown"
"7014851",371865,2025-07-24 20:57:39,43.3212127685547,-8.90566539764404,"Unknown"
"7014851",371865,2025-07-24 21:02:36,43.3206558227539,-8.88827800750732,"Unknown"
"7014851",371865,2025-07-24 21:07:36,43.3322296142578,-8.87345027923584,"Unknown"
"7014851",371865,2025-07-24 21:12:43,43.3449859619141,-8.86069679260254,"Unknown"
"7014851",371865,2025-07-24 21:17:56,43.3583145141602,-8.84560585021973,"Unknown"
"7014851",371865,2025-07-24 21:22:36,43.3576049804688,-8.84431266784668,"Unknown"
"7014851",371865,2025-07-24 21:27:37,43.3577766418457,-8.84437370300293,"Unknown"
"7014851",371865,2025-07-24 21:32:36,43.357551574707,-8.84452724456787,"Unknown"
"7014851",371865,2025-07-24 21:37:44,43.3584823608398,-8.8443660736084,"Unknown"
"7014851",371865,2025-07-24 21:42:29,43.3580932617188,-8.8443660736084,"Unknown"
"7014851",371865,2025-07-24 21:47:25,43.3580284118652,-8.84421157836914,"Unknown"
"7014851",371865,2025-07-24 21:52:36,43.3580551147461,-8.84458541870117,"Unknown"
"7014851",371865,2025-07-24 21:57:36,43.3580322265625,-8.84456634521484,"Unknown"
"7014851",371865,2025-07-24 22:02:36,43.3581695556641,-8.84447765350342,"Unknown"
"7014851",371865,2025-07-24 22:07:59,43.3576240539551,-8.84501552581787,"Unknown"
"7014851",371865,2025-07-24 22:12:24,43.3575325012207,-8.84509563446045,"Unknown"
"7014851",371865,2025-07-24 22:17:25,43.357349395752,-8.84525775909424,"Unknown"
"7014851",371865,2025-07-24 22:22:24,43.357421875,-8.84504222869873,"Unknown"
"7014851",371865,2025-07-24 22:27:24,43.3574638366699,-8.84500122070312,"Unknown"
"7014851",371865,2025-07-24 22:32:24,43.3574142456055,-8.84495544433594,"Unknown"
"7014851",371865,2025-07-24 22:37:24,43.3575553894043,-8.84503078460693,"Unknown"
"7014851",371865,2025-07-24 22:42:23,43.3575096130371,-8.84491920471191,"Unknown"
"7014851",371865,2025-07-24 22:47:24,43.3574981689453,-8.84493064880371,"Unknown"
"7014851",371865,2025-07-24 22:52:44,43.3576011657715,-8.84486103057861,"Unknown"
"7014851",371865,2025-07-24 22:57:27,43.3574028015137,-8.84482955932617,"Unknown"
"7014851",371865,2025-07-24 23:02:25,43.3574905395508,-8.84480476379395,"Unknown"
"7014851",371865,2025-07-24 23:07:25,43.3576431274414,-8.84495258331299,"Unknown"
"7014851",371865,2025-07-24 23:12:24,43.3577041625977,-8.84482574462891,"Unknown"
"7014851",371865,2025-07-24 23:17:23,43.3577575683594,-8.84489631652832,"Unknown"
"7014851",371865,2025-07-24 23:22:25,43.3574905395508,-8.84473991394043,"Unknown"
"7014851",371865,2025-07-24 23:27:29,43.3575706481934,-8.84476089477539,"Unknown"
"7014851",371865,2025-07-24 23:32:27,43.357837677002,-8.84483909606934,"Unknown"
"7014851",371865,2025-07-24 23:37:25,43.3577194213867,-8.84483814239502,"Unknown"
"7014851",371865,2025-07-24 23:42:24,43.3576965332031,-8.84500694274902,"Unknown"
"7014851",371865,2025-07-24 23:47:45,43.357738494873,-8.84497833251953,"Unknown"
"7014851",371865,2025-07-24 23:52:24,43.3578910827637,-8.84497261047363,"Unknown"
"7014851",371865,2025-07-24 23:57:24,43.3578987121582,-8.84501552581787,"Unknown"
"7014851",371865,2025-07-25 00:02:24,43.3577842712402,-8.84499073028564,"Unknown"
"7014851",371865,2025-07-25 00:07:24,43.3578262329102,-8.84511852264404,"Unknown"
"7014851",371865,2025-07-25 00:12:28,43.3578147888184,-8.84509468078613,"Unknown"
"7014851",371865,2025-07-25 00:17:27,43.3578567504883,-8.84511184692383,"Unknown"
"7014851",371865,2025-07-25 00:22:27,43.3579139709473,-8.84509658813477,"Unknown"
"7014851",371865,2025-07-25 00:27:25,43.3578300476074,-8.84515190124512,"Unknown"
"7014851",371865,2025-07-25 00:32:45,43.357479095459,-8.84486198425293,"Unknown"
"7014851",371865,2025-07-25 00:37:27,43.3574028015137,-8.84483337402344,"Unknown"
"7014851",371865,2025-07-25 00:42:28,43.3575820922852,-8.84495830535889,"Unknown"
"7014851",371865,2025-07-25 00:47:25,43.3576774597168,-8.84506511688232,"Unknown"
"7014851",371865,2025-07-25 00:52:24,43.3576507568359,-8.84508800506592,"Unknown"
"7014851",371865,2025-07-25 00:57:27,43.3575706481934,-8.84494876861572,"Unknown"
"7014851",371865,2025-07-25 01:02:25,43.3576049804688,-8.8450174331665,"Unknown"
"7014851",371865,2025-07-25 01:07:28,43.3577041625977,-8.84512519836426,"Unknown"
"7014851",371865,2025-07-25 01:12:24,43.3576011657715,-8.8450984954834,"Unknown"
"7014851",371865,2025-07-25 01:17:24,43.3576202392578,-8.84507656097412,"Unknown"
"7014851",371865,2025-07-25 01:22:24,43.3576469421387,-8.84500980377197,"Unknown"
"7014851",371865,2025-07-25 01:27:23,43.3575553894043,-8.8450174331665,"Unknown"
"7014851",371865,2025-07-25 01:32:38,43.3578338623047,-8.84527683258057,"Unknown"
"7014851",371865,2025-07-25 01:37:44,43.3578414916992,-8.84529113769531,"Unknown"
"7014851",371865,2025-07-25 01:42:29,43.3575248718262,-8.84498882293701,"Unknown"
"7014851",371865,2025-07-25 01:47:25,43.3574371337891,-8.8449182510376,"Unknown"
"7014851",371865,2025-07-25 01:52:28,43.3576240539551,-8.84521293640137,"Unknown"
"7014851",371865,2025-07-25 01:57:31,43.357723236084,-8.84511470794678,"Unknown"
"7014851",371865,2025-07-25 02:02:32,43.3577728271484,-8.84522533416748,"Unknown"
"7014851",371865,2025-07-25 02:07:37,43.3578262329102,-8.84503555297852,"Unknown"
"7014851",371865,2025-07-25 02:12:36,43.3578643798828,-8.8449764251709,"Unknown"
"7014851",371865,2025-07-25 02:17:59,43.3575057983398,-8.84509563446045,"Unknown"
"7014851",371865,2025-07-25 02:22:30,43.3574523925781,-8.84520149230957,"Unknown"
"7014851",371865,2025-07-25 02:27:44,43.3575096130371,-8.84512329101562,"Unknown"
"7014851",371865,2025-07-25 02:32:26,43.3574981689453,-8.84515857696533,"Unknown"
"7014851",371865,2025-07-25 02:37:26,43.3578720092773,-8.84479999542236,"Unknown"
"7014851",371865,2025-07-25 02:42:30,43.3575592041016,-8.84508323669434,"Unknown"
"7014851",371865,2025-07-25 02:47:26,43.3575286865234,-8.84504222869873,"Unknown"
"7014851",371865,2025-07-25 02:52:36,43.3576011657715,-8.84503269195557,"Unknown"
"7014851",371865,2025-07-25 02:57:27,43.3576011657715,-8.8450345993042,"Unknown"
"7014851",371865,2025-07-25 03:02:37,43.3575744628906,-8.84505176544189,"Unknown"
"7014851",371865,2025-07-25 03:07:32,43.3574295043945,-8.84517192840576,"Unknown"
"7014851",371865,2025-07-25 03:12:30,43.3576202392578,-8.84500980377197,"Unknown"
"7014851",371865,2025-07-25 03:17:34,43.3575210571289,-8.84510612487793,"Unknown"
"7014851",371865,2025-07-25 03:22:30,43.357551574707,-8.84505271911621,"Unknown"
"7014851",371865,2025-07-25 03:27:41,43.3574867248535,-8.84514045715332,"Unknown"
"7014851",371865,2025-07-25 03:32:29,43.3573150634766,-8.84522151947021,"Unknown"
"7014851",371865,2025-07-25 03:37:44,43.357593536377,-8.8450231552124,"Unknown"
"7014851",371865,2025-07-25 03:42:25,43.3574714660645,-8.84518814086914,"Unknown"
"7014851",371865,2025-07-25 03:47:23,43.3580665588379,-8.84498119354248,"Unknown"
"7014851",371865,2025-07-25 03:52:33,43.3581428527832,-8.84486675262451,"Unknown"
"7014851",371865,2025-07-25 03:57:31,43.3575057983398,-8.84504795074463,"Unknown"
"7014851",371865,2025-07-25 04:02:27,43.3576011657715,-8.84492874145508,"Unknown"
"7014851",371865,2025-07-25 04:07:30,43.3576202392578,-8.84504508972168,"Unknown"
"7014851",371865,2025-07-25 04:12:26,43.3578948974609,-8.84535217285156,"Unknown"
"7014851",371865,2025-07-25 04:17:24,43.357666015625,-8.84535789489746,"Unknown"
"7014851",371865,2025-07-25 04:22:24,43.3578948974609,-8.84533309936523,"Unknown"
"7014851",371865,2025-07-25 04:27:31,43.3579216003418,-8.84504508972168,"Unknown"
"7014851",371865,2025-07-25 04:32:30,43.3579368591309,-8.84526824951172,"Unknown"
"7014851",371865,2025-07-25 04:37:26,43.3577423095703,-8.84540462493896,"Unknown"
"7014851",371865,2025-07-25 04:42:27,43.3577995300293,-8.8453254699707,"Unknown"
"7014851",371865,2025-07-25 04:47:23,43.3606491088867,-8.83698558807373,"Unknown"
"7014851",371865,2025-07-25 04:52:23,43.3282699584961,-8.82042789459229,"Unknown"
"7014851",371865,2025-07-25 04:57:23,43.3097724914551,-8.79197978973389,"Unknown"
"7014851",371865,2025-07-25 05:02:29,43.3016738891602,-8.76262855529785,"Unknown"
"7014851",371865,2025-07-25 05:07:24,43.2935752868652,-8.73676300048828,"Unknown"
"7014851",371865,2025-07-25 05:12:24,43.2906951904297,-8.70929050445557,"Unknown"
"7014851",371865,2025-07-25 05:17:24,43.2910575866699,-8.70024585723877,"Unknown"
"7014851",371865,2025-07-25 05:22:24,43.2925453186035,-8.69917583465576,"Unknown"
"7014851",371865,2025-07-25 05:27:25,43.2910079956055,-8.69991588592529,"Unknown"
"7014851",371865,2025-07-25 05:32:24,43.2913703918457,-8.69898223876953,"Unknown"
"7014851",371865,2025-07-25 05:37:23,43.2922286987305,-8.69898986816406,"Unknown"
"7014851",371865,2025-07-25 05:42:23,43.2916107177734,-8.69962978363037,"Unknown"
"7014851",371865,2025-07-25 05:47:26,43.2915420532227,-8.69952011108398,"Unknown"
"7014851",371865,2025-07-25 05:52:23,43.2916412353516,-8.69958972930908,"Unknown"
"7014851",371865,2025-07-25 05:57:33,43.2920341491699,-8.69918155670166,"Unknown"
"7014851",371865,2025-07-25 06:02:24,43.2921447753906,-8.69909572601318,"Unknown"
"7014851",371865,2025-07-25 06:07:27,43.2920303344727,-8.69918060302734,"Unknown"
"7014851",371865,2025-07-25 06:12:24,43.2861785888672,-8.66914844512939,"Unknown"
"7014851",371865,2025-07-25 06:17:23,43.273811340332,-8.64015102386475,"Unknown"
"7014851",371865,2025-07-25 06:22:24,43.2534141540527,-8.60784912109375,"Unknown"
"7014851",371865,2025-07-25 06:27:25,43.2278861999512,-8.5819730758667,"Unknown"
"7014851",371865,2025-07-25 06:32:25,43.2064170837402,-8.55837726593018,"Unknown"
"7014851",371865,2025-07-25 06:37:23,43.1804351806641,-8.52976608276367,"Unknown"
"7014851",371865,2025-07-25 06:42:24,43.1517868041992,-8.49365615844727,"Unknown"
"7014851",371865,2025-07-25 06:47:25,43.1299438476562,-8.47077465057373,"Unknown"
"7014851",371865,2025-07-25 06:52:30,43.1306228637695,-8.47156047821045,"Unknown"
"7014851",371865,2025-07-25 06:57:30,43.1303939819336,-8.47013759613037,"Unknown"
"7014851",371865,2025-07-25 07:02:30,43.1305999755859,-8.47000789642334,"Unknown"
"7014851",371865,2025-07-25 07:07:24,43.1305313110352,-8.46992015838623,"Unknown"
"7014851",371865,2025-07-25 07:12:24,43.1307487487793,-8.47032165527344,"Unknown"
"7014851",371865,2025-07-25 07:17:25,43.1306457519531,-8.47005367279053,"Unknown"
"7014851",371865,2025-07-25 07:22:24,43.1303863525391,-8.47013187408447,"Unknown"
"7014851",371865,2025-07-25 07:27:24,43.1308250427246,-8.4703483581543,"Unknown"
"7014851",371865,2025-07-25 07:32:24,43.1303176879883,-8.4712610244751,"Unknown"
"7014851",371865,2025-07-25 07:37:26,43.1309051513672,-8.47271823883057,"Unknown"
"7014851",371865,2025-07-25 07:42:25,43.1307754516602,-8.47122764587402,"Unknown"
"7014851",371865,2025-07-25 07:47:24,43.130241394043,-8.47159099578857,"Unknown"
"7014851",371865,2025-07-25 07:52:25,43.1300773620605,-8.47152328491211,"Unknown"
"7014851",371865,2025-07-25 07:57:24,43.1302032470703,-8.47135257720947,"Unknown"
"7014851",371865,2025-07-25 08:02:24,43.1302261352539,-8.47134494781494,"Unknown"
"7014851",371865,2025-07-25 08:07:25,43.1301383972168,-8.47073078155518,"Unknown"
"7014851",371865,2025-07-25 08:12:25,43.1305618286133,-8.47085475921631,"Unknown"
"7014851",371865,2025-07-25 08:17:26,43.1308708190918,-8.47080707550049,"Unknown"
"7014851",371865,2025-07-25 08:22:24,43.1307220458984,-8.47111225128174,"Unknown"
"7014851",371865,2025-07-25 08:27:24,43.1306114196777,-8.4709358215332,"Unknown"
"7014851",371865,2025-07-25 08:32:29,43.1307334899902,-8.47072601318359,"Unknown"
"7014851",371865,2025-07-25 08:37:24,43.1307945251465,-8.47072792053223,"Unknown"
"7014851",371865,2025-07-25 08:42:24,43.1308479309082,-8.47072219848633,"Unknown"
"7014851",371865,2025-07-25 08:47:27,43.1306457519531,-8.4705924987793,"Unknown"
"7014851",371865,2025-07-25 08:52:27,43.1310958862305,-8.47055149078369,"Unknown"
"7014851",371865,2025-07-25 08:57:25,43.1310157775879,-8.47055625915527,"Unknown"
"7014851",371865,2025-07-25 09:02:24,43.1307182312012,-8.47046852111816,"Unknown"
"7014851",371865,2025-07-25 09:07:24,43.1307907104492,-8.47041606903076,"Unknown"
"7014851",371865,2025-07-25 09:12:32,43.1308670043945,-8.47056579589844,"Unknown"
"7014851",371865,2025-07-25 09:17:24,43.1308670043945,-8.47046661376953,"Unknown"
"7014851",371865,2025-07-25 09:22:25,43.1332817077637,-8.46928787231445,"Unknown"
"7014851",371865,2025-07-25 09:27:27,43.1333656311035,-8.46935749053955,"Unknown"
"7014851",371865,2025-07-25 09:32:23,43.1334190368652,-8.46945571899414,"Unknown"
"7014851",371865,2025-07-25 09:37:27,43.1333351135254,-8.46934986114502,"Unknown"
"7014851",371865,2025-07-25 09:42:28,43.1332931518555,-8.46938323974609,"Unknown"
"7014851",371865,2025-07-25 09:47:45,43.132884979248,-8.4695463180542,"Unknown"
"7014851",371865,2025-07-25 09:52:26,43.1331520080566,-8.46960735321045,"Unknown"
"7014851",371865,2025-07-25 09:57:23,43.1329536437988,-8.46963977813721,"Unknown"
"7014851",371865,2025-07-25 10:02:23,43.1329727172852,-8.46964550018311,"Unknown"
"7014851",371865,2025-07-25 10:07:23,43.1331748962402,-8.46981334686279,"Unknown"
"7014851",371865,2025-07-25 10:12:23,43.1329460144043,-8.46961784362793,"Unknown"
"7014851",371865,2025-07-25 10:17:29,43.133129119873,-8.4698657989502,"Unknown"
"7014851",371865,2025-07-25 10:22:23,43.1333656311035,-8.47028350830078,"Unknown"
"7014851",371865,2025-07-25 10:27:28,43.133113861084,-8.46939849853516,"Unknown"
"7014851",371865,2025-07-25 10:32:25,43.1330871582031,-8.4694709777832,"Unknown"
"7014851",371865,2025-07-25 10:37:25,43.1333274841309,-8.46956729888916,"Unknown"
"7014851",371865,2025-07-25 10:42:24,43.133358001709,-8.46967124938965,"Unknown"
"7014851",371865,2025-07-25 10:47:28,43.1335067749023,-8.46963119506836,"Unknown"
"7014851",371865,2025-07-25 10:52:27,43.1340408325195,-8.47014141082764,"Unknown"
"7014851",371865,2025-07-25 10:57:24,43.1340599060059,-8.47079849243164,"Unknown"
"7014851",371865,2025-07-25 11:02:24,43.1340789794922,-8.47039318084717,"Unknown"
"7014851",371865,2025-07-25 11:07:27,43.1336517333984,-8.47045421600342,"Unknown"
"7014851",371865,2025-07-25 11:12:24,43.1341094970703,-8.47046947479248,"Unknown"
"7014851",371865,2025-07-25 11:17:25,43.1340179443359,-8.47043704986572,"Unknown"
"7014851",371865,2025-07-25 11:22:27,43.1341323852539,-8.47039699554443,"Unknown"
"7014851",371865,2025-07-25 11:27:28,43.1339874267578,-8.47046089172363,"Unknown"
"7014851",371865,2025-07-25 11:32:30,43.134033203125,-8.4704647064209,"Unknown"
"7014851",371865,2025-07-25 11:37:24,43.1341590881348,-8.47055912017822,"Unknown"
"7014851",371865,2025-07-25 11:42:26,43.1340866088867,-8.47057056427002,"Unknown"
"7014851",371865,2025-07-25 11:47:25,43.1341171264648,-8.47028350830078,"Unknown"
"7014851",371865,2025-07-25 11:52:24,43.1340751647949,-8.47056102752686,"Unknown"
"7014851",371865,2025-07-25 11:57:24,43.1340827941895,-8.47053050994873,"Unknown"
"7014851",371865,2025-07-25 12:02:24,43.1340217590332,-8.47056865692139,"Unknown"
"7014851",371865,2025-07-25 12:07:30,43.1341171264648,-8.4703893661499,"Unknown"
"7014851",371865,2025-07-25 12:12:28,43.1210975646973,-8.48946380615234,"Unknown"
"7014851",371865,2025-07-25 12:17:25,43.0994987487793,-8.49924659729004,"Unknown"
"7014851",371865,2025-07-25 12:22:25,43.0998039245605,-8.49906921386719,"Unknown"
"7014851",371865,2025-07-25 12:27:27,43.099853515625,-8.49856662750244,"Unknown"
"7014851",371865,2025-07-25 12:32:25,43.0995559692383,-8.49858474731445,"Unknown"
"7014851",371865,2025-07-25 12:37:25,43.0994300842285,-8.49858379364014,"Unknown"
"7014851",371865,2025-07-25 12:42:24,43.1011695861816,-8.49290657043457,"Unknown"
"7014851",371865,2025-07-25 12:47:24,43.1148338317871,-8.49094009399414,"Unknown"
"7014851",371865,2025-07-25 12:52:24,43.1287460327148,-8.48251152038574,"Unknown"
"7014851",371865,2025-07-25 12:57:25,43.1333541870117,-8.47008895874023,"Unknown"
"7014851",371865,2025-07-25 13:02:24,43.1330528259277,-8.46991443634033,"Unknown"
"7014851",371865,2025-07-25 13:07:28,43.1333274841309,-8.46948337554932,"Unknown"
"7014851",371865,2025-07-25 13:12:25,43.1332588195801,-8.46938228607178,"Unknown"
"7014851",371865,2025-07-25 13:17:24,43.1332054138184,-8.46940422058105,"Unknown"
"7014851",371865,2025-07-25 13:22:28,43.1333274841309,-8.4696798324585,"Unknown"
"7014851",371865,2025-07-25 13:27:26,43.132884979248,-8.46939277648926,"Unknown"
"7014851",371865,2025-07-25 13:32:27,43.1338500976562,-8.46923732757568,"Unknown"
"7014851",371865,2025-07-25 13:37:25,43.133373260498,-8.46951293945312,"Unknown"
"7014851",371865,2025-07-25 13:42:24,43.1334571838379,-8.46940040588379,"Unknown"
"7014851",371865,2025-07-25 13:47:30,43.1334915161133,-8.46922874450684,"Unknown"
"7014851",371865,2025-07-25 13:52:29,43.1337242126465,-8.46949481964111,"Unknown"
"7014851",371865,2025-07-25 13:57:29,43.1339263916016,-8.46946907043457,"Unknown"
"7014851",371865,2025-07-25 14:02:27,43.1335983276367,-8.46908283233643,"Unknown"
"7014851",371865,2025-07-25 14:07:25,43.1334800720215,-8.46908950805664,"Unknown"
"7014851",371865,2025-07-25 14:12:36,43.133659362793,-8.46913242340088,"Unknown"
"7014851",371865,2025-07-25 14:17:34,43.1336250305176,-8.46907043457031,"Unknown"
"7014851",371865,2025-07-25 14:22:25,43.1335716247559,-8.46898174285889,"Unknown"
"7014851",371865,2025-07-25 14:27:27,43.1336517333984,-8.46911716461182,"Unknown"
"7014851",371865,2025-07-25 14:32:30,43.133659362793,-8.46905708312988,"Unknown"
"7014851",371865,2025-07-25 14:37:24,43.1335639953613,-8.46904277801514,"Unknown"
"7014851",371865,2025-07-25 14:42:29,43.1335754394531,-8.46918201446533,"Unknown"
"7014851",371865,2025-07-25 14:47:30,43.1336441040039,-8.46931934356689,"Unknown"
"7014851",371865,2025-07-25 14:52:27,43.1334342956543,-8.46906566619873,"Unknown"
"7014851",371865,2025-07-25 14:57:25,43.1334228515625,-8.46928596496582,"Unknown"
"7014851",371865,2025-07-25 15:02:28,43.1335029602051,-8.469162940979,"Unknown"
"7014851",371865,2025-07-25 15:07:30,43.1333999633789,-8.46934604644775,"Unknown"
"7014851",371865,2025-07-25 15:12:31,43.1333465576172,-8.46909427642822,"Unknown"
"7014851",371865,2025-07-25 15:17:30,43.1333618164062,-8.46915721893311,"Unknown"
"7014851",371865,2025-07-25 15:22:24,43.1334342956543,-8.46929740905762,"Unknown"
"7014851",371865,2025-07-25 15:27:24,43.1334190368652,-8.46926975250244,"Unknown"
"7014851",371865,2025-07-25 15:32:27,43.1334686279297,-8.4692554473877,"Unknown"
"7014851",371865,2025-07-25 15:37:24,43.1335372924805,-8.46923923492432,"Unknown"
"7014851",371865,2025-07-25 15:42:24,43.1337203979492,-8.46938896179199,"Unknown"
"7014851",371865,2025-07-25 15:47:25,43.1336364746094,-8.46934700012207,"Unknown"
"7014851",371865,2025-07-25 15:52:24,43.1335830688477,-8.46925830841064,"Unknown"
"7014851",371865,2025-07-25 15:57:27,43.1338653564453,-8.46961784362793,"Unknown"
"7014851",371865,2025-07-25 16:02:24,43.1339302062988,-8.46969318389893,"Unknown"
"7014851",371865,2025-07-25 16:07:25,43.133674621582,-8.46937274932861,"Unknown"
"7014851",371865,2025-07-25 16:12:24,43.1339111328125,-8.46969223022461,"Unknown"
"7014851",371865,2025-07-25 16:17:30,43.1336784362793,-8.46999073028564,"Unknown"
"7014851",371865,2025-07-25 16:22:31,43.1336479187012,-8.47009944915771,"Unknown"
"7014851",371865,2025-07-25 16:27:25,43.1340713500977,-8.46913909912109,"Unknown"
"7014851",371865,2025-07-25 16:32:24,43.1341171264648,-8.46935844421387,"Unknown"
"7014851",371865,2025-07-25 16:37:24,43.1341934204102,-8.46914386749268,"Unknown"
"7014851",371865,2025-07-25 16:42:29,43.1338348388672,-8.47000122070312,"Unknown"
"7014851",371865,2025-07-25 16:47:25,43.1342506408691,-8.46939468383789,"Unknown"
"7014851",371865,2025-07-25 16:52:24,43.1342658996582,-8.4691276550293,"Unknown"
"7014851",371865,2025-07-25 16:57:24,43.1342887878418,-8.46912574768066,"Unknown"
"7014851",371865,2025-07-25 17:02:24,43.1308097839355,-8.47134017944336,"Unknown"
"7014851",371865,2025-07-25 17:07:24,43.131103515625,-8.47094345092773,"Unknown"
"7014851",371865,2025-07-25 17:12:25,43.1309700012207,-8.47107219696045,"Unknown"
"7014851",371865,2025-07-25 17:17:25,43.1313705444336,-8.46912670135498,"Unknown"
"7014851",371865,2025-07-25 17:22:25,43.1299667358398,-8.47051239013672,"Unknown"
"7014851",371865,2025-07-25 17:27:25,43.1299629211426,-8.47060489654541,"Unknown"
"7014851",371865,2025-07-25 17:32:25,43.1308250427246,-8.47095775604248,"Unknown"
"7014851",371865,2025-07-25 17:37:26,43.1297302246094,-8.47109508514404,"Unknown"
"7014851",371865,2025-07-25 17:42:25,43.1304588317871,-8.47122192382812,"Unknown"
"7014851",371865,2025-07-25 17:47:24,43.1309089660645,-8.47103118896484,"Unknown"
"7014851",371865,2025-07-25 17:52:24,43.1308898925781,-8.47096538543701,"Unknown"
"7014851",371865,2025-07-25 17:57:25,43.1306648254395,-8.47105693817139,"Unknown"
"7014851",371865,2025-07-25 18:02:25,43.1441078186035,-8.47708892822266,"Unknown"
"7014851",371865,2025-07-25 18:07:24,43.1581344604492,-8.50391960144043,"Unknown"
"7014851",371865,2025-07-25 18:12:24,43.175724029541,-8.52515316009521,"Unknown"
"7014851",371865,2025-07-25 18:17:24,43.1937484741211,-8.55316925048828,"Unknown"
"7014851",371865,2025-07-25 18:22:24,43.216178894043,-8.57446479797363,"Unknown"
"7014851",371865,2025-07-25 18:27:24,43.2328147888184,-8.61776161193848,"Unknown"
"7014851",371865,2025-07-25 18:32:24,43.2555618286133,-8.64093112945557,"Unknown"
"7014851",371865,2025-07-25 18:37:24,43.2770881652832,-8.65454196929932,"Unknown"
"7014851",371865,2025-07-25 18:42:23,43.2923889160156,-8.69848251342773,"Unknown"
"7014851",371865,2025-07-25 18:47:27,43.2920608520508,-8.69732093811035,"Unknown"
"7014851",371865,2025-07-25 18:52:24,43.2926216125488,-8.69852924346924,"Unknown"
"7014851",371865,2025-07-25 18:57:24,43.2913284301758,-8.70418453216553,"Unknown"
"7014851",371865,2025-07-25 19:02:27,43.2937049865723,-8.74598217010498,"Unknown"
"7014851",371865,2025-07-25 19:07:26,43.2938766479492,-8.74578762054443,"Unknown"
"7014851",371865,2025-07-25 19:12:25,43.294075012207,-8.74568843841553,"Unknown"
"7014851",371865,2025-07-25 19:17:24,43.3022537231445,-8.77670001983643,"Unknown"
"7014851",371865,2025-07-25 19:22:24,43.3216590881348,-8.80679512023926,"Unknown"
"7014851",371865,2025-07-25 19:27:24,43.3393478393555,-8.82929039001465,"Unknown"
"7014851",371865,2025-07-25 19:32:24,43.3613815307617,-8.84780788421631,"Unknown"
"7014851",371865,2025-07-25 19:37:24,43.3581733703613,-8.84539985656738,"Unknown"
"7014851",371865,2025-07-25 19:42:24,43.3581199645996,-8.84521865844727,"Unknown"
"7014851",371865,2025-07-25 19:47:24,43.3581466674805,-8.84539222717285,"Unknown"
"7014851",371865,2025-07-25 19:56:27,43.3579978942871,-8.84520530700684,"Unknown"
"7014851",371865,2025-07-25 20:01:22,43.3573875427246,-8.84460830688477,"Unknown"
"7014851",371865,2025-07-25 20:06:22,43.3574523925781,-8.84466457366943,"Unknown"
"7014851",371865,2025-07-25 20:11:22,43.3574295043945,-8.84476089477539,"Unknown"
"7014851",371865,2025-07-25 20:16:23,43.3582649230957,-8.84566688537598,"Unknown"
"7014851",371865,2025-07-25 20:21:22,43.3583374023438,-8.84589290618896,"Unknown"
"7014851",371865,2025-07-25 20:26:22,43.3574829101562,-8.84469223022461,"Unknown"
"7014851",371865,2025-07-25 20:31:21,43.357421875,-8.84489059448242,"Unknown"
"7014851",371865,2025-07-25 20:36:22,43.358226776123,-8.84598922729492,"Unknown"
"7014851",371865,2025-07-25 20:41:24,43.3576850891113,-8.84419345855713,"Unknown"
"7014851",371865,2025-07-25 20:46:24,43.3576354980469,-8.844895362854,"Unknown"
"7014851",371865,2025-07-25 20:51:22,43.3575325012207,-8.84485721588135,"Unknown"
"7014851",371865,2025-07-25 20:56:21,43.3577537536621,-8.84480762481689,"Unknown"
"7014851",371865,2025-07-25 21:01:21,43.3577613830566,-8.84479427337646,"Unknown"
"7014851",371865,2025-07-25 21:06:21,43.3575439453125,-8.84493255615234,"Unknown"
"7014851",371865,2025-07-25 21:11:21,43.3577003479004,-8.84486961364746,"Unknown"
"7014851",371865,2025-07-25 21:16:21,43.357666015625,-8.84493732452393,"Unknown"
"7014851",371865,2025-07-25 21:21:21,43.357593536377,-8.84498023986816,"Unknown"
"7014851",371865,2025-07-25 21:26:21,43.3571472167969,-8.84575366973877,"Unknown"
"7014851",371865,2025-07-25 21:31:21,43.3576431274414,-8.84499073028564,"Unknown"
"7014851",371865,2025-07-25 21:36:21,43.3576812744141,-8.8449649810791,"Unknown"
"7014851",371865,2025-07-25 21:41:21,43.3577423095703,-8.84493255615234,"Unknown"
"7014851",371865,2025-07-25 21:46:21,43.3577003479004,-8.84519290924072,"Unknown"
"7014851",371865,2025-07-25 21:51:21,43.3572540283203,-8.84561634063721,"Unknown"
"7014851",371865,2025-07-25 21:56:21,43.3577041625977,-8.84515380859375,"Unknown"
"7014851",371865,2025-07-25 22:01:31,43.3584403991699,-8.84412002563477,"Unknown"
"7014851",371865,2025-07-25 22:06:32,43.3593673706055,-8.8432092666626,"Unknown"
"7014851",371865,2025-07-25 22:11:45,43.357593536377,-8.84499549865723,"Unknown"
"7014851",371865,2025-07-25 22:16:20,43.357780456543,-8.84536647796631,"Unknown"
"7014851",371865,2025-07-25 22:21:21,43.3577423095703,-8.84536170959473,"Unknown"
"7014851",371865,2025-07-25 22:26:20,43.3576812744141,-8.84518527984619,"Unknown"
"7014851",371865,2025-07-25 22:31:20,43.3577919006348,-8.84513378143311,"Unknown"
"7014851",371865,2025-07-25 22:36:28,43.3574104309082,-8.84545040130615,"Unknown"
"7014851",371865,2025-07-25 22:41:23,43.3578834533691,-8.8453197479248,"Unknown"
"7014851",371865,2025-07-25 22:46:43,43.3575325012207,-8.84530258178711,"Unknown"
"7014851",371865,2025-07-25 22:51:23,43.3583106994629,-8.84496402740479,"Unknown"
"7014851",371865,2025-07-25 22:56:24,43.3575668334961,-8.84516906738281,"Unknown"
"7014851",371865,2025-07-25 23:01:25,43.3575096130371,-8.84502696990967,"Unknown"
"7014851",371865,2025-07-25 23:06:24,43.3569984436035,-8.84532833099365,"Unknown"
"7014851",371865,2025-07-25 23:11:31,43.3575973510742,-8.84500980377197,"Unknown"
"7014851",371865,2025-07-25 23:16:30,43.357551574707,-8.84507369995117,"Unknown"
"7014851",371865,2025-07-25 23:21:23,43.3573150634766,-8.84514236450195,"Unknown"
"7014851",371865,2025-07-25 23:26:27,43.3575782775879,-8.84415435791016,"Unknown"
"7014851",371865,2025-07-25 23:31:44,43.3575553894043,-8.8439769744873,"Unknown"
"7014851",371865,2025-07-25 23:36:30,43.3575439453125,-8.84397506713867,"Unknown"
"7014851",371865,2025-07-25 23:41:30,43.357494354248,-8.84396362304688,"Unknown"
"7014851",371865,2025-07-25 23:46:30,43.3575668334961,-8.8438892364502,"Unknown"
"7014851",371865,2025-07-25 23:51:30,43.3575897216797,-8.8437614440918,"Unknown"
"7014851",371865,2025-07-25 23:56:30,43.3575019836426,-8.84365844726562,"Unknown"
"7014851",371865,2025-07-26 00:01:30,43.3575248718262,-8.84360599517822,"Unknown"
"7014851",371865,2025-07-26 00:06:30,43.3575096130371,-8.84352779388428,"Unknown"
"7014851",371865,2025-07-26 00:11:24,43.3566589355469,-8.84370517730713,"Unknown"
"7014851",371865,2025-07-26 00:16:45,43.3575325012207,-8.84501457214355,"Unknown"
"7014851",371865,2025-07-26 00:21:25,43.3575820922852,-8.84499454498291,"Unknown"
"7014851",371865,2025-07-26 00:26:27,43.3576240539551,-8.84497165679932,"Unknown"
"7014851",371865,2025-07-26 00:31:27,43.3573722839355,-8.84519863128662,"Unknown"
"7014851",371865,2025-07-26 00:36:22,43.3580474853516,-8.84560585021973,"Unknown"
"7014851",371865,2025-07-26 00:41:23,43.3580894470215,-8.84564399719238,"Unknown"
"7014851",371865,2025-07-26 00:46:44,43.3575325012207,-8.84508514404297,"Unknown"
"7014851",371865,2025-07-26 00:51:20,43.3574981689453,-8.84517478942871,"Unknown"
"7014851",371865,2025-07-26 00:56:21,43.3580474853516,-8.84506320953369,"Unknown"
"7014851",371865,2025-07-26 01:01:21,43.357738494873,-8.84519195556641,"Unknown"
"7014851",371865,2025-07-26 01:06:21,43.3580284118652,-8.84509181976318,"Unknown"
"7014851",371865,2025-07-26 01:11:20,43.3578987121582,-8.84523963928223,"Unknown"
"7014851",371865,2025-07-26 01:16:26,43.3579406738281,-8.84514617919922,"Unknown"
"7014851",371865,2025-07-26 01:21:28,43.357852935791,-8.84509754180908,"Unknown"
"7014851",371865,2025-07-26 01:26:26,43.3580169677734,-8.84508228302002,"Unknown"
"7014851",371865,2025-07-26 01:31:31,43.3581581115723,-8.84517478942871,"Unknown"
"7014851",371865,2025-07-26 01:36:31,43.3581275939941,-8.84518241882324,"Unknown"
"7014851",371865,2025-07-26 01:41:31,43.3581161499023,-8.84518051147461,"Unknown"
"7014851",371865,2025-07-26 01:46:31,43.3581237792969,-8.84515380859375,"Unknown"
"7014851",371865,2025-07-26 01:51:30,43.3580665588379,-8.84519004821777,"Unknown"
"7014851",371865,2025-07-26 01:56:24,43.3577461242676,-8.84556579589844,"Unknown"
"7014851",371865,2025-07-26 02:01:30,43.3580627441406,-8.84517669677734,"Unknown"
"7014851",371865,2025-07-26 02:06:30,43.3580589294434,-8.84514904022217,"Unknown"
"7014851",371865,2025-07-26 02:11:30,43.358024597168,-8.84513759613037,"Unknown"
"7014851",371865,2025-07-26 02:16:30,43.3579750061035,-8.84519195556641,"Unknown"
"7014851",371865,2025-07-26 02:21:44,43.3579177856445,-8.84520435333252,"Unknown"
"7014851",371865,2025-07-26 02:26:30,43.357852935791,-8.84523010253906,"Unknown"
"7014851",371865,2025-07-26 02:31:25,43.3578300476074,-8.84524536132812,"Unknown"
"7014851",371865,2025-07-26 02:36:24,43.3577346801758,-8.84527587890625,"Unknown"
"7014851",371865,2025-07-26 02:41:24,43.3578872680664,-8.84506416320801,"Unknown"
"7014851",371865,2025-07-26 02:46:22,43.3576240539551,-8.84535121917725,"Unknown"
"7014851",371865,2025-07-26 02:51:35,43.3573112487793,-8.84556007385254,"Unknown"
"7014851",371865,2025-07-26 02:56:25,43.3574752807617,-8.84540176391602,"Unknown"
"7014851",371865,2025-07-26 03:01:24,43.3573837280273,-8.84536361694336,"Unknown"
"7014851",371865,2025-07-26 03:06:40,43.357608795166,-8.84500217437744,"Unknown"
"7014851",371865,2025-07-26 03:11:23,43.3576469421387,-8.84484386444092,"Unknown"
"7014851",371865,2025-07-26 03:16:28,43.3573722839355,-8.84527969360352,"Unknown"
"7014851",371865,2025-07-26 03:21:44,43.3562240600586,-8.84564399719238,"Unknown"
"7014851",371865,2025-07-26 03:26:30,43.3561553955078,-8.84556865692139,"Unknown"
"7014851",371865,2025-07-26 03:31:30,43.358154296875,-8.84424591064453,"Unknown"
"7014851",371865,2025-07-26 03:36:31,43.3564186096191,-8.84537410736084,"Unknown"
"7014851",371865,2025-07-26 03:41:31,43.356559753418,-8.84530735015869,"Unknown"
"7014851",371865,2025-07-26 03:46:31,43.3563270568848,-8.84551811218262,"Unknown"
"7014851",371865,2025-07-26 03:51:30,43.3578414916992,-8.84461402893066,"Unknown"
"7014851",371865,2025-07-26 03:56:31,43.3565444946289,-8.84537696838379,"Unknown"
"7014851",371865,2025-07-26 04:01:53,43.3579902648926,-8.84447002410889,"Unknown"
"7014851",371865,2025-07-26 04:06:20,43.3584327697754,-8.8444995880127,"Unknown"
"7014851",371865,2025-07-26 04:11:20,43.3578033447266,-8.84505462646484,"Unknown"
"7014851",371865,2025-07-26 04:16:24,43.3576736450195,-8.84506320953369,"Unknown"
"7014851",371865,2025-07-26 04:21:20,43.3578224182129,-8.84539413452148,"Unknown"
"7014851",371865,2025-07-26 04:26:20,43.3577575683594,-8.84531688690186,"Unknown"
"7014851",371865,2025-07-26 04:31:20,43.3577690124512,-8.84545135498047,"Unknown"
"7014851",371865,2025-07-26 04:36:20,43.3577880859375,-8.84524917602539,"Unknown"
"7014851",371865,2025-07-26 04:41:23,43.3576774597168,-8.84541034698486,"Unknown"
"7014851",371865,2025-07-26 04:46:20,43.3577919006348,-8.84533309936523,"Unknown"
"7014851",371865,2025-07-26 04:51:21,43.3577156066895,-8.84538173675537,"Unknown"
"7014851",371865,2025-07-26 04:56:20,43.3576698303223,-8.84537506103516,"Unknown"
"7014851",371865,2025-07-26 05:01:20,43.3497886657715,-8.84050750732422,"Unknown"
"7014851",371865,2025-07-26 05:06:19,43.32470703125,-8.85264015197754,"Unknown"
"7014851",371865,2025-07-26 05:11:21,43.3147163391113,-8.85727119445801,"Unknown"
"7014851",371865,2025-07-26 05:16:20,43.3147087097168,-8.85732460021973,"Unknown"
"7014851",371865,2025-07-26 05:21:20,43.314811706543,-8.85718441009521,"Unknown"
"7014851",371865,2025-07-26 05:26:22,43.3143692016602,-8.85743045806885,"Unknown"
"7014851",371865,2025-07-26 05:31:21,43.3143882751465,-8.85728549957275,"Unknown"
"7014851",371865,2025-07-26 05:36:21,43.3145294189453,-8.85726261138916,"Unknown"
"7014851",371865,2025-07-26 05:41:21,43.3251609802246,-8.8486499786377,"Unknown"
"7014851",371865,2025-07-26 05:46:20,43.3449745178223,-8.84109401702881,"Unknown"
"7014851",371865,2025-07-26 05:51:20,43.3525505065918,-8.85534477233887,"Unknown"
"7014851",371865,2025-07-26 05:56:24,43.3577308654785,-8.84533596038818,"Unknown"
"7014851",371865,2025-07-26 06:01:20,43.3576393127441,-8.84542274475098,"Unknown"
"7014851",371865,2025-07-26 06:06:22,43.3577346801758,-8.8452730178833,"Unknown"
"7014851",371865,2025-07-26 06:11:21,43.3576698303223,-8.84521675109863,"Unknown"
"7014851",371865,2025-07-26 06:16:21,43.3576889038086,-8.84527206420898,"Unknown"
"7014851",371865,2025-07-26 06:21:20,43.3576431274414,-8.84518814086914,"Unknown"
"7014851",371865,2025-07-26 06:26:22,43.3576164245605,-8.84509658813477,"Unknown"
"7014851",371865,2025-07-26 06:31:30,43.3574485778809,-8.84509944915771,"Unknown"
"7014851",371865,2025-07-26 06:36:22,43.3573837280273,-8.84505367279053,"Unknown"
"7014851",371865,2025-07-26 06:41:24,43.3574752807617,-8.84496688842773,"Unknown"
"7014851",371865,2025-07-26 06:46:22,43.3571357727051,-8.84474468231201,"Unknown"
"7014851",371865,2025-07-26 06:51:31,43.3578681945801,-8.84499931335449,"Unknown"
"7014851",371865,2025-07-26 06:56:32,43.3578338623047,-8.84508228302002,"Unknown"
"7014851",371865,2025-07-26 07:01:32,43.3578643798828,-8.84495449066162,"Unknown"
"7014851",371865,2025-07-26 07:06:32,43.3579597473145,-8.84497356414795,"Unknown"
"7014851",371865,2025-07-26 07:11:29,43.3578948974609,-8.84492588043213,"Unknown"
"7014851",371865,2025-07-26 07:16:26,43.3580703735352,-8.84499549865723,"Unknown"
"7014851",371865,2025-07-26 07:21:33,43.3580207824707,-8.84517383575439,"Unknown"
"7014851",371865,2025-07-26 07:26:22,43.3581809997559,-8.84533214569092,"Unknown"
"7014851",371865,2025-07-26 07:31:23,43.3581848144531,-8.84532165527344,"Unknown"
"7014851",371865,2025-07-26 07:36:24,43.3582000732422,-8.84550952911377,"Unknown"
"7014851",371865,2025-07-26 07:41:40,43.3578720092773,-8.84483623504639,"Unknown"
"7014851",371865,2025-07-26 07:46:23,43.3577537536621,-8.84504127502441,"Unknown"
"7014851",371865,2025-07-26 07:51:20,43.3580436706543,-8.8447904586792,"Unknown"
"7014851",371865,2025-07-26 07:56:32,43.3578987121582,-8.84488201141357,"Unknown"
"7014851",371865,2025-07-26 08:01:20,43.3579521179199,-8.84495162963867,"Unknown"
"7014851",371865,2025-07-26 08:06:24,43.3578338623047,-8.84490203857422,"Unknown"
"7014851",371865,2025-07-26 08:11:21,43.3578453063965,-8.84495735168457,"Unknown"
"7014851",371865,2025-07-26 08:16:20,43.3581085205078,-8.84491157531738,"Unknown"
"7014851",371865,2025-07-26 08:21:20,43.358024597168,-8.84500789642334,"Unknown"
"7014851",371865,2025-07-26 08:26:25,43.3578071594238,-8.845046043396,"Unknown"
"7014851",371865,2025-07-26 08:31:44,43.3579330444336,-8.84504127502441,"Unknown"
"7014851",371865,2025-07-26 08:36:32,43.3578872680664,-8.84502410888672,"Unknown"
"7014851",371865,2025-07-26 08:41:26,43.3578147888184,-8.84512138366699,"Unknown"
"7014851",371865,2025-07-26 08:46:30,43.3601112365723,-8.83823680877686,"Unknown"
"7014851",371865,2025-07-26 08:51:30,43.3581619262695,-8.84511280059814,"Unknown"
"7014851",371865,2025-07-26 08:56:34,43.3582191467285,-8.8442554473877,"Unknown"
"7014851",371865,2025-07-26 09:01:33,43.3573875427246,-8.84503078460693,"Unknown"
"7014851",371865,2025-07-26 09:06:32,43.3575897216797,-8.84501457214355,"Unknown"
"7014851",371865,2025-07-26 09:11:38,43.3576431274414,-8.84453010559082,"Unknown"
"7014851",371865,2025-07-26 09:16:43,43.3578300476074,-8.84451580047607,"Unknown"
"7014851",371865,2025-07-26 09:21:28,43.3577995300293,-8.84465885162354,"Unknown"
"7014851",371865,2025-07-26 09:26:24,43.3579330444336,-8.84428977966309,"Unknown"
"7014851",371865,2025-07-26 09:31:35,43.3575172424316,-8.84540557861328,"Unknown"
"7014851",371865,2025-07-26 09:36:26,43.3578720092773,-8.84444904327393,"Unknown"
"7014851",371865,2025-07-26 09:41:45,43.3574256896973,-8.84524822235107,"Unknown"
"7014851",371865,2025-07-26 09:46:20,43.3575057983398,-8.84527206420898,"Unknown"
"7014851",371865,2025-07-26 09:51:24,43.3579940795898,-8.84505844116211,"Unknown"
"7014851",371865,2025-07-26 09:56:38,43.3576965332031,-8.84493350982666,"Unknown"
"7014851",371865,2025-07-26 10:01:25,43.3577651977539,-8.84490489959717,"Unknown"
"7014851",371865,2025-07-26 10:06:23,43.3576278686523,-8.8449878692627,"Unknown"
"7014851",371865,2025-07-26 10:11:31,43.3576812744141,-8.8448486328125,"Unknown"
"7014851",371865,2025-07-26 10:16:29,43.3576202392578,-8.84505081176758,"Unknown"
"7014851",371865,2025-07-26 10:21:31,43.3575859069824,-8.84509563446045,"Unknown"
"7014851",371865,2025-07-26 10:26:24,43.3576927185059,-8.84575653076172,"Unknown"
"7014851",371865,2025-07-26 10:31:46,43.3574142456055,-8.84493446350098,"Unknown"
"7014851",371865,2025-07-26 10:36:35,43.3625144958496,-8.83437824249268,"Unknown"
"7014851",371865,2025-07-26 10:41:34,43.3574981689453,-8.84497547149658,"Unknown"
"7014851",371865,2025-07-26 10:46:31,43.3575668334961,-8.84520816802979,"Unknown"
"7014851",371865,2025-07-26 10:51:31,43.3575668334961,-8.84512233734131,"Unknown"
"7014851",371865,2025-07-26 10:56:42,43.3576354980469,-8.84514427185059,"Unknown"
"7014851",371865,2025-07-26 11:01:34,43.3576736450195,-8.84508514404297,"Unknown"
"7014851",371865,2025-07-26 11:06:53,43.357593536377,-8.84510231018066,"Unknown"
"7014851",371865,2025-07-26 11:11:19,43.3576011657715,-8.84506893157959,"Unknown"
"7014851",371865,2025-07-26 11:16:19,43.3576240539551,-8.84508419036865,"Unknown"
"7014851",371865,2025-07-26 11:21:19,43.3575897216797,-8.84505081176758,"Unknown"
"7014851",371865,2025-07-26 11:26:18,43.3575782775879,-8.845046043396,"Unknown"
"7014851",371865,2025-07-26 11:31:18,43.3576240539551,-8.84505939483643,"Unknown"
"7014851",371865,2025-07-26 11:36:18,43.3576049804688,-8.84504413604736,"Unknown"
"7014851",371865,2025-07-26 11:41:18,43.3576583862305,-8.84500312805176,"Unknown"
"7014851",371865,2025-07-26 11:46:19,43.3574981689453,-8.84514904022217,"Unknown"
"7014851",371865,2025-07-26 11:51:20,43.3576164245605,-8.84498882293701,"Unknown"
"7014851",371865,2025-07-26 11:56:19,43.3576698303223,-8.84498691558838,"Unknown"
"7014851",371865,2025-07-26 12:01:18,43.3575897216797,-8.84509468078613,"Unknown"
"7014851",371865,2025-07-26 12:06:19,43.3576126098633,-8.84505939483643,"Unknown"
"7014851",371865,2025-07-26 12:11:18,43.3576164245605,-8.84504318237305,"Unknown"
"7014851",371865,2025-07-26 12:16:20,43.3576393127441,-8.84503746032715,"Unknown"
"7014851",371865,2025-07-26 12:21:19,43.3576164245605,-8.8450813293457,"Unknown"
"7014851",371865,2025-07-26 12:26:19,43.3576164245605,-8.84505939483643,"Unknown"
"7014851",371865,2025-07-26 12:31:19,43.357666015625,-8.84505558013916,"Unknown"
"7014851",371865,2025-07-26 12:36:19,43.3576736450195,-8.84507083892822,"Unknown"
"7014851",371865,2025-07-26 12:41:19,43.3576774597168,-8.84507083892822,"Unknown"
"7014851",371865,2025-07-26 12:46:19,43.3576469421387,-8.84505081176758,"Unknown"
"7014851",371865,2025-07-26 12:51:19,43.3575401306152,-8.84499454498291,"Unknown"
"7014851",371865,2025-07-26 12:56:19,43.3576393127441,-8.84510898590088,"Unknown"
"7014851",371865,2025-07-26 13:01:19,43.3575820922852,-8.84506130218506,"Unknown"
"7014851",371865,2025-07-26 13:06:19,43.3576469421387,-8.84506225585938,"Unknown"
"7014851",371865,2025-07-26 13:11:19,43.357738494873,-8.84515857696533,"Unknown"
"7014851",371865,2025-07-26 13:16:19,43.3575782775879,-8.84504222869873,"Unknown"
"7014851",371865,2025-07-26 13:21:19,43.3575897216797,-8.84502220153809,"Unknown"
"7014851",371865,2025-07-26 13:26:19,43.3577575683594,-8.84516716003418,"Unknown"
"7014851",371865,2025-07-26 13:31:19,43.3576240539551,-8.84502506256104,"Unknown"
"7014851",371865,2025-07-26 13:36:20,43.3579025268555,-8.84539127349854,"Unknown"
"7014851",371865,2025-07-26 13:41:20,43.358097076416,-8.84548664093018,"Unknown"
"7014851",371865,2025-07-26 13:46:21,43.357780456543,-8.84524822235107,"Unknown"
"7014851",371865,2025-07-26 13:51:23,43.357795715332,-8.84525394439697,"Unknown"
"7014851",371865,2025-07-26 13:56:19,43.357738494873,-8.84538173675537,"Unknown"
"7014851",371865,2025-07-26 14:01:21,43.3577003479004,-8.8450927734375,"Unknown"
"7014851",371865,2025-07-26 14:06:29,43.3574600219727,-8.84498023986816,"Unknown"
"7014851",371865,2025-07-26 14:11:28,43.357349395752,-8.84460926055908,"Unknown"
"7014851",371865,2025-07-26 14:16:25,43.357723236084,-8.84513092041016,"Unknown"
"7014851",371865,2025-07-26 14:21:23,43.3577728271484,-8.845139503479,"Unknown"
"7014851",371865,2025-07-26 14:26:32,43.357666015625,-8.84527587890625,"Unknown"
"7014851",371865,2025-07-26 14:31:24,43.3578147888184,-8.84533977508545,"Unknown"
"7014851",371865,2025-07-26 14:36:33,43.3578224182129,-8.84536457061768,"Unknown"
"7014851",371865,2025-07-26 14:41:33,43.357852935791,-8.84548377990723,"Unknown"
"7014851",371865,2025-07-26 14:46:34,43.3577766418457,-8.84518814086914,"Unknown"
"7014851",371865,2025-07-26 14:51:30,43.3578453063965,-8.845046043396,"Unknown"
"7014851",371865,2025-07-26 14:56:30,43.3578338623047,-8.84526062011719,"Unknown"
"7014851",371865,2025-07-26 15:01:30,43.3577690124512,-8.84532833099365,"Unknown"
"7014851",371865,2025-07-26 15:06:30,43.3578338623047,-8.84525489807129,"Unknown"
"7014851",371865,2025-07-26 15:11:31,43.357852935791,-8.84551429748535,"Unknown"
"7014851",371865,2025-07-26 15:16:42,43.3579216003418,-8.84553527832031,"Unknown"
"7014851",371865,2025-07-26 15:21:30,43.3578910827637,-8.84529972076416,"Unknown"
"7014851",371865,2025-07-26 15:26:33,43.3578720092773,-8.8453369140625,"Unknown"
"7014851",371865,2025-07-26 15:31:34,43.3578910827637,-8.84544658660889,"Unknown"
"7014851",371865,2025-07-26 15:36:32,43.3578758239746,-8.84530067443848,"Unknown"
"7014851",371865,2025-07-26 15:41:23,43.3577995300293,-8.84531116485596,"Unknown"
"7014851",371865,2025-07-26 15:46:44,43.3576469421387,-8.84504699707031,"Unknown"
"7014851",371865,2025-07-26 15:51:21,43.3576583862305,-8.84510040283203,"Unknown"
"7014851",371865,2025-07-26 15:56:21,43.3577651977539,-8.84512615203857,"Unknown"
"7014851",371865,2025-07-26 16:01:21,43.3575630187988,-8.84517478942871,"Unknown"
"7014851",371865,2025-07-26 16:06:27,43.3571510314941,-8.84552478790283,"Unknown"
"7014851",371865,2025-07-26 16:11:25,43.3576393127441,-8.84518241882324,"Unknown"
"7014851",371865,2025-07-26 16:16:20,43.3574600219727,-8.84504985809326,"Unknown"
"7014851",371865,2025-07-26 16:21:19,43.357479095459,-8.84505748748779,"Unknown"
"7014851",371865,2025-07-26 16:26:22,43.3575325012207,-8.84520721435547,"Unknown"
"7014851",371865,2025-07-26 16:31:22,43.357738494873,-8.84516906738281,"Unknown"
"7014851",371865,2025-07-26 16:36:31,43.357982635498,-8.84527969360352,"Unknown"
"7014851",371865,2025-07-26 16:41:21,43.3578605651855,-8.84535503387451,"Unknown"
"7014851",371865,2025-07-26 16:46:30,43.3580703735352,-8.84509086608887,"Unknown"
"7014851",371865,2025-07-26 16:51:24,43.3580322265625,-8.84531211853027,"Unknown"
"7014851",371865,2025-07-26 16:56:44,43.3575096130371,-8.84543228149414,"Unknown"
"7014851",371865,2025-07-26 17:01:29,43.3578758239746,-8.84552764892578,"Unknown"
"7014851",371865,2025-07-26 17:06:35,43.3577766418457,-8.84532070159912,"Unknown"
"7014851",371865,2025-07-26 17:11:35,43.3574104309082,-8.84531021118164,"Unknown"
"7014851",371865,2025-07-26 17:16:25,43.357852935791,-8.84532928466797,"Unknown"
"7014851",371865,2025-07-26 17:21:30,43.3577995300293,-8.84503746032715,"Unknown"
"7014851",371865,2025-07-26 17:26:33,43.3577690124512,-8.84510326385498,"Unknown"
"7014851",371865,2025-07-26 17:31:36,43.3578910827637,-8.8448371887207,"Unknown"
"7014851",371865,2025-07-26 17:36:31,43.3577461242676,-8.84457874298096,"Unknown"
"7014851",371865,2025-07-26 17:41:44,43.3577117919922,-8.84499740600586,"Unknown"
"7014851",371865,2025-07-26 17:46:19,43.3576774597168,-8.84487915039062,"Unknown"
"7014851",371865,2025-07-26 17:51:19,43.357593536377,-8.84501266479492,"Unknown"
"7014851",371865,2025-07-26 17:56:21,43.357780456543,-8.84468173980713,"Unknown"
"7014851",371865,2025-07-26 18:01:32,43.3577690124512,-8.84492015838623,"Unknown"
"7014851",371865,2025-07-26 18:06:29,43.3578453063965,-8.84518909454346,"Unknown"
"7014851",371865,2025-07-26 18:11:24,43.3580551147461,-8.84532451629639,"Unknown"
"7014851",371865,2025-07-26 18:16:22,43.3578453063965,-8.84533882141113,"Unknown"
"7014851",371865,2025-07-26 18:21:20,43.3603553771973,-8.84713745117188,"Unknown"
"7014851",371865,2025-07-26 18:26:30,43.3576850891113,-8.84427356719971,"Unknown"
"7014851",371865,2025-07-26 18:31:44,43.3579483032227,-8.84492206573486,"Unknown"
"7014851",371865,2025-07-26 18:36:43,43.3578567504883,-8.84463882446289,"Unknown"
"7014851",371865,2025-07-26 18:41:22,43.3576698303223,-8.84513854980469,"Unknown"
"7014851",371865,2025-07-26 18:46:22,43.3604621887207,-8.84670162200928,"Unknown"
"7014851",371865,2025-07-26 18:51:38,43.3579559326172,-8.84485816955566,"Unknown"
"7014851",371865,2025-07-26 18:56:40,43.3579978942871,-8.84512138366699,"Unknown"
"7014851",371865,2025-07-26 19:01:25,43.3578491210938,-8.84502220153809,"Unknown"
"7014851",371865,2025-07-26 19:06:23,43.3579406738281,-8.84514999389648,"Unknown"
"7014851",371865,2025-07-26 19:11:23,43.3576583862305,-8.84521198272705,"Unknown"
"7014851",371865,2025-07-26 19:16:24,43.3577117919922,-8.84570980072021,"Unknown"
"7014851",371865,2025-07-26 19:21:23,43.3576164245605,-8.84464931488037,"Unknown"
"7014851",371865,2025-07-26 19:26:34,43.3579177856445,-8.84463310241699,"Unknown"
"7014851",371865,2025-07-26 19:31:24,43.3580856323242,-8.84465789794922,"Unknown"
"7014851",371865,2025-07-26 19:36:32,43.3577079772949,-8.84428024291992,"Unknown"
"7014851",371865,2025-07-26 19:41:30,43.3576049804688,-8.8452320098877,"Unknown"
"7014851",371865,2025-07-26 19:46:41,43.35791015625,-8.84461498260498,"Unknown"
"7014851",371865,2025-07-26 19:51:24,43.3577690124512,-8.84444713592529,"Unknown"
"7014851",371865,2025-07-26 19:56:19,43.3576850891113,-8.84446907043457,"Unknown"
"7014851",371865,2025-07-26 20:01:23,43.3578834533691,-8.84421634674072,"Unknown"
"7014851",371865,2025-07-26 20:06:21,43.3629570007324,-8.83567237854004,"Unknown"
"7014851",371865,2025-07-26 20:11:33,43.3581047058105,-8.84427356719971,"Unknown"
"7014851",371865,2025-07-26 20:16:24,43.3575706481934,-8.84458065032959,"Unknown"
"7014851",371865,2025-07-26 20:21:28,43.3579292297363,-8.84450626373291,"Unknown"
"7014851",371865,2025-07-26 20:26:29,43.3579902648926,-8.84483528137207,"Unknown"
"7014851",371865,2025-07-26 20:31:53,43.3576812744141,-8.84499835968018,"Unknown"
"7014851",371865,2025-07-26 20:36:20,43.3576850891113,-8.84497928619385,"Unknown"
"7014851",371865,2025-07-26 20:41:18,43.3575820922852,-8.84505558013916,"Unknown"
"7014851",371865,2025-07-26 20:46:19,43.3576278686523,-8.84489250183105,"Unknown"
"7014851",371865,2025-07-26 20:51:19,43.3576316833496,-8.84492874145508,"Unknown"
"7014851",371865,2025-07-26 20:56:19,43.3576278686523,-8.84493350982666,"Unknown"
"7014851",371865,2025-07-26 21:01:18,43.3575592041016,-8.84500122070312,"Unknown"
"7014851",371865,2025-07-26 21:06:20,43.3578262329102,-8.84473896026611,"Unknown"
"7014851",371865,2025-07-26 21:11:25,43.3577499389648,-8.84536266326904,"Unknown"
"7014851",371865,2025-07-26 21:16:20,43.3578567504883,-8.84525012969971,"Unknown"
"7014851",371865,2025-07-26 21:21:18,43.3578186035156,-8.84534645080566,"Unknown"
"7014851",371865,2025-07-26 21:26:19,43.3564338684082,-8.84757995605469,"Unknown"
"7014851",371865,2025-07-26 21:31:19,43.3564224243164,-8.84740352630615,"Unknown"
"7014851",371865,2025-07-26 21:36:19,43.3564224243164,-8.84720516204834,"Unknown"
"7014851",371865,2025-07-26 21:41:20,43.3574104309082,-8.84575271606445,"Unknown"
"7014851",371865,2025-07-26 21:46:19,43.3564262390137,-8.8468770980835,"Unknown"
"7014851",371865,2025-07-26 21:51:21,43.3566703796387,-8.84651374816895,"Unknown"
"7014851",371865,2025-07-26 21:56:19,43.3574142456055,-8.84561157226562,"Unknown"
"7014851",371865,2025-07-26 22:01:22,43.3576316833496,-8.8450756072998,"Unknown"
"7014851",371865,2025-07-26 22:06:21,43.3576736450195,-8.84504985809326,"Unknown"
"7014851",371865,2025-07-26 22:11:20,43.3575477600098,-8.84515190124512,"Unknown"
"7014851",371865,2025-07-26 22:16:20,43.3575744628906,-8.84510803222656,"Unknown"
"7014851",371865,2025-07-26 22:21:19,43.357551574707,-8.84511280059814,"Unknown"
"7014851",371865,2025-07-26 22:26:19,43.3576812744141,-8.84496974945068,"Unknown"
"7014851",371865,2025-07-26 22:31:22,43.3576469421387,-8.84502220153809,"Unknown"
"7014851",371865,2025-07-26 22:36:22,43.3576011657715,-8.84508228302002,"Unknown"
"7014851",371865,2025-07-26 22:41:33,43.3579063415527,-8.84527015686035,"Unknown"
"7014851",371865,2025-07-26 22:46:44,43.3575057983398,-8.84489154815674,"Unknown"
"7014851",371865,2025-07-26 22:51:23,43.357551574707,-8.84502029418945,"Unknown"
"7014851",371865,2025-07-26 22:56:21,43.3575210571289,-8.84489917755127,"Unknown"
"7014851",371865,2025-07-26 23:01:21,43.3574295043945,-8.84489822387695,"Unknown"
"7014851",371865,2025-07-26 23:06:20,43.3575782775879,-8.84500598907471,"Unknown"
"7014851",371865,2025-07-26 23:11:19,43.3575134277344,-8.84493160247803,"Unknown"
"7014851",371865,2025-07-26 23:16:21,43.3574981689453,-8.84485054016113,"Unknown"
"7014851",371865,2025-07-26 23:21:22,43.3574714660645,-8.84486103057861,"Unknown"
"7014851",371865,2025-07-26 23:26:21,43.3575668334961,-8.84479141235352,"Unknown"
"7014851",371865,2025-07-26 23:31:53,43.3575744628906,-8.84497547149658,"Unknown"
"7014851",371865,2025-07-26 23:36:19,43.3574485778809,-8.84497356414795,"Unknown"
"7014851",371865,2025-07-26 23:41:21,43.3575706481934,-8.84504890441895,"Unknown"
"7014851",371865,2025-07-26 23:46:19,43.3577423095703,-8.84501457214355,"Unknown"
"7014851",371865,2025-07-26 23:51:19,43.357723236084,-8.84508991241455,"Unknown"
"7014851",371865,2025-07-26 23:56:22,43.3575134277344,-8.8449010848999,"Unknown"
"7014851",371865,2025-07-27 00:01:20,43.3575439453125,-8.84494686126709,"Unknown"
"7014851",371865,2025-07-27 00:06:22,43.3574981689453,-8.84490966796875,"Unknown"
"7014851",371865,2025-07-27 00:11:20,43.3576736450195,-8.84505081176758,"Unknown"
"7014851",371865,2025-07-27 00:16:24,43.3569374084473,-8.8444881439209,"Unknown"
"7014851",371865,2025-07-27 00:21:25,43.3572540283203,-8.84467315673828,"Unknown"
"7014851",371865,2025-07-27 00:26:31,43.3571853637695,-8.84481811523438,"Unknown"
"7014851",371865,2025-07-27 00:31:20,43.3571014404297,-8.84460163116455,"Unknown"
"7014851",371865,2025-07-27 00:36:30,43.3573303222656,-8.84481048583984,"Unknown"
"7014851",371865,2025-07-27 00:41:21,43.3564834594727,-8.84393978118896,"Unknown"
"7014851",371865,2025-07-27 00:46:22,43.3565826416016,-8.84412574768066,"Unknown"
"7014851",371865,2025-07-27 00:51:23,43.3567123413086,-8.84411430358887,"Unknown"
"7014851",371865,2025-07-27 00:56:23,43.35693359375,-8.84438228607178,"Unknown"
"7014851",371865,2025-07-27 01:01:33,43.3575477600098,-8.8451099395752,"Unknown"
"7014851",371865,2025-07-27 01:06:23,43.3571815490723,-8.84453010559082,"Unknown"
"7014851",371865,2025-07-27 01:11:23,43.3571319580078,-8.84460353851318,"Unknown"
"7014851",371865,2025-07-27 01:16:25,43.3574142456055,-8.84486961364746,"Unknown"
"7014851",371865,2025-07-27 01:21:23,43.3573303222656,-8.84475517272949,"Unknown"
"7014851",371865,2025-07-27 01:26:25,43.3575096130371,-8.84492969512939,"Unknown"
"7014851",371865,2025-07-27 01:31:32,43.3576698303223,-8.84531688690186,"Unknown"
"7014851",371865,2025-07-27 01:36:31,43.357738494873,-8.84520053863525,"Unknown"
"7014851",371865,2025-07-27 01:41:32,43.3577499389648,-8.84529781341553,"Unknown"
"7014851",371865,2025-07-27 01:46:25,43.3571739196777,-8.84475040435791,"Unknown"
"7014851",371865,2025-07-27 01:51:20,43.356819152832,-8.84432697296143,"Unknown"
"7014851",371865,2025-07-27 01:56:20,43.3569869995117,-8.844557762146,"Unknown"
"7014851",371865,2025-07-27 02:01:43,43.3574562072754,-8.84521675109863,"Unknown"
"7014851",371865,2025-07-27 02:06:19,43.357364654541,-8.84451770782471,"Unknown"
"7014851",371865,2025-07-27 02:11:21,43.3571815490723,-8.84504890441895,"Unknown"
"7014851",371865,2025-07-27 02:16:19,43.3573799133301,-8.84512424468994,"Unknown"
"7014851",371865,2025-07-27 02:21:19,43.3573837280273,-8.84477233886719,"Unknown"
"7014851",371865,2025-07-27 02:26:19,43.3573722839355,-8.84487438201904,"Unknown"
"7014851",371865,2025-07-27 02:31:19,43.3573684692383,-8.84494400024414,"Unknown"
"7014851",371865,2025-07-27 02:36:19,43.357307434082,-8.84494781494141,"Unknown"
"7014851",371865,2025-07-27 02:41:19,43.3573570251465,-8.8449592590332,"Unknown"
"7014851",371865,2025-07-27 02:46:20,43.3571968078613,-8.84493350982666,"Unknown"
"7014851",371865,2025-07-27 02:51:19,43.3572463989258,-8.84495258331299,"Unknown"
"7014851",371865,2025-07-27 02:56:19,43.357349395752,-8.84498310089111,"Unknown"
"7014851",371865,2025-07-27 03:01:21,43.3573303222656,-8.84503841400146,"Unknown"
"7014851",371865,2025-07-27 03:06:21,43.3573341369629,-8.8450870513916,"Unknown"
"7014851",371865,2025-07-27 03:11:24,43.357364654541,-8.84510040283203,"Unknown"
"7014851",371865,2025-07-27 03:16:22,43.3573341369629,-8.84516906738281,"Unknown"
"7014851",371865,2025-07-27 03:21:21,43.3574676513672,-8.84533023834229,"Unknown"
"7014851",371865,2025-07-27 03:26:31,43.3573303222656,-8.84623527526855,"Unknown"
"7014851",371865,2025-07-27 03:31:31,43.3572769165039,-8.84629344940186,"Unknown"
"7014851",371865,2025-07-27 03:36:31,43.3573265075684,-8.84588813781738,"Unknown"
"7014851",371865,2025-07-27 03:41:31,43.3576927185059,-8.84468841552734,"Unknown"
"7014851",371865,2025-07-27 03:46:43,43.3575820922852,-8.84494304656982,"Unknown"
"7014851",371865,2025-07-27 03:51:19,43.3576354980469,-8.84510040283203,"Unknown"
"7014851",371865,2025-07-27 03:56:19,43.3576240539551,-8.84502601623535,"Unknown"
"7014851",371865,2025-07-27 04:01:19,43.3578147888184,-8.8451452255249,"Unknown"
"7014851",371865,2025-07-27 04:06:21,43.3576202392578,-8.84544658660889,"Unknown"
"7014851",371865,2025-07-27 04:11:19,43.3576126098633,-8.84547805786133,"Unknown"
"7014851",371865,2025-07-27 04:16:53,43.3575668334961,-8.84512424468994,"Unknown"
"7014851",371865,2025-07-27 04:21:19,43.3576774597168,-8.84521389007568,"Unknown"
"7014851",371865,2025-07-27 04:26:19,43.3575782775879,-8.84500694274902,"Unknown"
"7014851",371865,2025-07-27 04:31:22,43.3576164245605,-8.84513282775879,"Unknown"
"7014851",371865,2025-07-27 04:36:18,43.3580169677734,-8.84558391571045,"Unknown"
"7014851",371865,2025-07-27 04:41:19,43.3576431274414,-8.84526920318604,"Unknown"
"7014851",371865,2025-07-27 04:46:20,43.3637886047363,-8.8419713973999,"Unknown"
"7014851",371865,2025-07-27 04:51:20,43.3618431091309,-8.81191539764404,"Unknown"
"7014851",371865,2025-07-27 04:56:18,43.3561134338379,-8.78046607971191,"Unknown"
"7014851",371865,2025-07-27 05:01:32,43.3468246459961,-8.74685001373291,"Unknown"
"7014851",371865,2025-07-27 05:06:18,43.3231735229492,-8.73846054077148,"Unknown"
"7014851",371865,2025-07-27 05:11:44,43.2991943359375,-8.71679878234863,"Unknown"
"7014851",371865,2025-07-27 05:16:19,43.2908782958984,-8.70067405700684,"Unknown"
"7014851",371865,2025-07-27 05:21:20,43.2911262512207,-8.69943809509277,"Unknown"
"7014851",371865,2025-07-27 05:26:21,43.2916412353516,-8.69899082183838,"Unknown"
"7014851",371865,2025-07-27 05:31:19,43.291088104248,-8.70012855529785,"Unknown"
"7014851",371865,2025-07-27 05:36:18,43.2924957275391,-8.69888591766357,"Unknown"
"7014851",371865,2025-07-27 05:41:20,43.2914657592773,-8.69930744171143,"Unknown"
"7014851",371865,2025-07-27 05:46:18,43.2914695739746,-8.69922351837158,"Unknown"
"7014851",371865,2025-07-27 05:51:19,43.2914810180664,-8.69927787780762,"Unknown"
"7014851",371865,2025-07-27 05:56:24,43.2914199829102,-8.69961357116699,"Unknown"
"7014851",371865,2025-07-27 06:01:19,43.2914886474609,-8.69946384429932,"Unknown"
"7014851",371865,2025-07-27 06:06:18,43.2905311584473,-8.6848201751709,"Unknown"
"7014851",371865,2025-07-27 06:11:18,43.2761077880859,-8.64915084838867,"Unknown"
"7014851",371865,2025-07-27 06:16:18,43.2545547485352,-8.61614990234375,"Unknown"
"7014851",371865,2025-07-27 06:21:18,43.2239456176758,-8.59566307067871,"Unknown"
"7014851",371865,2025-07-27 06:26:18,43.1940269470215,-8.57697868347168,"Unknown"
"7014851",371865,2025-07-27 06:31:18,43.1707611083984,-8.55350208282471,"Unknown"
"7014851",371865,2025-07-27 06:36:18,43.1515884399414,-8.51750373840332,"Unknown"
"7014851",371865,2025-07-27 06:41:18,43.1308059692383,-8.47286319732666,"Unknown"
"7014851",371865,2025-07-27 06:46:18,43.1297264099121,-8.4708080291748,"Unknown"
"7014851",371865,2025-07-27 06:51:22,43.1304473876953,-8.47159194946289,"Unknown"
"7014851",371865,2025-07-27 06:56:22,43.1311988830566,-8.47196769714355,"Unknown"
"7014851",371865,2025-07-27 07:01:18,43.1314125061035,-8.47223663330078,"Unknown"
"7014851",371865,2025-07-27 07:06:19,43.1313056945801,-8.47223854064941,"Unknown"
"7014851",371865,2025-07-27 07:11:20,43.1314926147461,-8.47203063964844,"Unknown"
"7014851",371865,2025-07-27 07:16:19,43.1318473815918,-8.47196960449219,"Unknown"
"7014851",371865,2025-07-27 07:21:18,43.1313705444336,-8.47202110290527,"Unknown"
"7014851",371865,2025-07-27 07:26:19,43.1313438415527,-8.47203540802002,"Unknown"
"7014851",371865,2025-07-27 07:31:19,43.1315078735352,-8.47220706939697,"Unknown"
"7014851",371865,2025-07-27 07:36:19,43.1311531066895,-8.47173690795898,"Unknown"
"7014851",371865,2025-07-27 07:41:18,43.1324157714844,-8.47107887268066,"Unknown"
"7014851",371865,2025-07-27 07:46:19,43.1320533752441,-8.47134304046631,"Unknown"
"7014851",371865,2025-07-27 07:53:38,43.1330184936523,-8.4703540802002,"Unknown"
"7014851",371865,2025-07-27 07:58:37,43.1327629089355,-8.47038841247559,"Unknown"
"7014851",371865,2025-07-27 08:03:37,43.1320762634277,-8.47179889678955,"Unknown"
"7014851",371865,2025-07-27 08:08:38,43.1321601867676,-8.47146892547607,"Unknown"
"7014851",371865,2025-07-27 08:13:37,43.1325836181641,-8.47001266479492,"Unknown"
"7014851",371865,2025-07-27 08:18:38,43.1328468322754,-8.47019100189209,"Unknown"
"7014851",371865,2025-07-27 08:23:37,43.1326637268066,-8.4700927734375,"Unknown"
"7014851",371865,2025-07-27 08:28:37,43.1329650878906,-8.47034931182861,"Unknown"
"7014851",371865,2025-07-27 08:33:37,43.1329040527344,-8.47023677825928,"Unknown"
"7014851",371865,2025-07-27 08:39:14,43.1326789855957,-8.47003746032715,"Unknown"
"7014851",371865,2025-07-27 08:43:37,43.1327934265137,-8.47002410888672,"Unknown"
"7014851",371865,2025-07-27 08:48:37,43.1305313110352,-8.47143840789795,"Unknown"
"7014851",371865,2025-07-27 08:53:39,43.1304054260254,-8.47133922576904,"Unknown"
"7014851",371865,2025-07-27 08:58:37,43.1302795410156,-8.47118091583252,"Unknown"
"7014851",371865,2025-07-27 09:03:39,43.1308708190918,-8.47066593170166,"Unknown"
"7014851",371865,2025-07-27 09:08:37,43.1308288574219,-8.47140502929688,"Unknown"
"7014851",371865,2025-07-27 09:13:39,43.1310119628906,-8.47143077850342,"Unknown"
"7014851",371865,2025-07-27 09:18:37,43.131031036377,-8.47136878967285,"Unknown"
"7014851",371865,2025-07-27 09:23:41,43.1310539245605,-8.47141361236572,"Unknown"
"7014851",371865,2025-07-27 09:28:37,43.1310157775879,-8.47187042236328,"Unknown"
"7014851",371865,2025-07-27 09:33:37,43.1320991516113,-8.46953010559082,"Unknown"
"7014851",371865,2025-07-27 09:38:38,43.1325607299805,-8.47002696990967,"Unknown"
"7014851",371865,2025-07-27 09:43:37,43.1326293945312,-8.47010517120361,"Unknown"
"7014851",371865,2025-07-27 09:48:38,43.1325836181641,-8.47008991241455,"Unknown"
"7014851",371865,2025-07-27 09:53:40,43.1325187683105,-8.47016429901123,"Unknown"
"7014851",371865,2025-07-27 09:58:38,43.1326179504395,-8.47018623352051,"Unknown"
"7014851",371865,2025-07-27 10:03:40,43.1326560974121,-8.47012424468994,"Unknown"
"7014851",371865,2025-07-27 10:08:38,43.1325645446777,-8.47029209136963,"Unknown"
"7014851",371865,2025-07-27 10:13:39,43.1327209472656,-8.47034549713135,"Unknown"
"7014851",371865,2025-07-27 10:18:37,43.1326370239258,-8.47037696838379,"Unknown"
"7014851",371865,2025-07-27 10:23:37,43.1326942443848,-8.47029209136963,"Unknown"
"7014851",371865,2025-07-27 10:28:38,43.1326789855957,-8.47037315368652,"Unknown"
"7014851",371865,2025-07-27 10:33:37,43.1327972412109,-8.47051525115967,"Unknown"
"7014851",371865,2025-07-27 10:38:37,43.1327476501465,-8.47046184539795,"Unknown"
"7014851",371865,2025-07-27 10:43:38,43.1327972412109,-8.47070598602295,"Unknown"
"7014851",371865,2025-07-27 10:48:38,43.1325798034668,-8.47048377990723,"Unknown"
"7014851",371865,2025-07-27 10:53:38,43.1328201293945,-8.47045803070068,"Unknown"
"7014851",371865,2025-07-27 10:58:39,43.1321334838867,-8.47117900848389,"Unknown"
"7014851",371865,2025-07-27 11:03:38,43.1330184936523,-8.47008514404297,"Unknown"
"7014851",371865,2025-07-27 11:08:39,43.1337203979492,-8.46994495391846,"Unknown"
"7014851",371865,2025-07-27 11:13:41,43.1334037780762,-8.46971893310547,"Unknown"
"7014851",371865,2025-07-27 11:18:38,43.1338920593262,-8.46879196166992,"Unknown"
"7014851",371865,2025-07-27 11:23:40,43.1335258483887,-8.46906185150146,"Unknown"
"7014851",371865,2025-07-27 11:28:37,43.1335258483887,-8.46929550170898,"Unknown"
"7014851",371865,2025-07-27 11:33:41,43.1334228515625,-8.4691743850708,"Unknown"
"7014851",371865,2025-07-27 11:38:38,43.1334342956543,-8.46944046020508,"Unknown"
"7014851",371865,2025-07-27 11:43:39,43.1332664489746,-8.46952438354492,"Unknown"
"7014851",371865,2025-07-27 11:48:51,43.1330642700195,-8.4699878692627,"Unknown"
"7014851",371865,2025-07-27 11:53:38,43.1328773498535,-8.47116661071777,"Unknown"
"7014851",371865,2025-07-27 11:58:37,43.1333045959473,-8.46986389160156,"Unknown"
"7014851",371865,2025-07-27 12:03:38,43.1332702636719,-8.47000122070312,"Unknown"
"7014851",371865,2025-07-27 12:08:48,43.1331443786621,-8.47017478942871,"Unknown"
"7014851",371865,2025-07-27 12:13:48,43.1331481933594,-8.47020626068115,"Unknown"
"7014851",371865,2025-07-27 12:18:49,43.1331596374512,-8.47022914886475,"Unknown"
"7014851",371865,2025-07-27 12:24:06,43.1328620910645,-8.47012710571289,"Unknown"
"7014851",371865,2025-07-27 12:28:37,43.1328048706055,-8.47004413604736,"Unknown"
"7014851",371865,2025-07-27 12:33:39,43.1328392028809,-8.47002696990967,"Unknown"
"7014851",371865,2025-07-27 12:38:39,43.1328735351562,-8.46997261047363,"Unknown"
"7014851",371865,2025-07-27 12:43:43,43.1329383850098,-8.47009372711182,"Unknown"
"7014851",371865,2025-07-27 12:48:39,43.1327247619629,-8.46993637084961,"Unknown"
"7014851",371865,2025-07-27 12:53:41,43.1324310302734,-8.46999454498291,"Unknown"
"7014851",371865,2025-07-27 12:58:42,43.1323890686035,-8.47016143798828,"Unknown"
"7014851",371865,2025-07-27 13:03:42,43.1322975158691,-8.47011852264404,"Unknown"
"7014851",371865,2025-07-27 13:08:43,43.1324081420898,-8.47033405303955,"Unknown"
"7014851",371865,2025-07-27 13:14:02,43.1324462890625,-8.47024154663086,"Unknown"
"7014851",371865,2025-07-27 13:18:36,43.1325149536133,-8.46984004974365,"Unknown"
"7014851",371865,2025-07-27 13:23:39,43.1323585510254,-8.47032070159912,"Unknown"
"7014851",371865,2025-07-27 13:28:41,43.132381439209,-8.47022533416748,"Unknown"
"7014851",371865,2025-07-27 13:33:37,43.1323432922363,-8.4702033996582,"Unknown"
"7014851",371865,2025-07-27 13:38:37,43.1323432922363,-8.47021389007568,"Unknown"
"7014851",371865,2025-07-27 13:43:36,43.1323204040527,-8.47019958496094,"Unknown"
"7014851",371865,2025-07-27 13:48:40,43.1322746276855,-8.47021484375,"Unknown"
"7014851",371865,2025-07-27 13:53:38,43.1322708129883,-8.47031307220459,"Unknown"
"7014851",371865,2025-07-27 13:58:37,43.1323661804199,-8.470290184021,"Unknown"
"7014851",371865,2025-07-27 14:03:37,43.1323204040527,-8.47070693969727,"Unknown"
"7014851",371865,2025-07-27 14:08:37,43.1322250366211,-8.47031879425049,"Unknown"
"7014851",371865,2025-07-27 14:13:38,43.1322746276855,-8.47025299072266,"Unknown"
"7014851",371865,2025-07-27 14:18:36,43.1323051452637,-8.47013187408447,"Unknown"
"7014851",371865,2025-07-27 14:23:40,43.1323204040527,-8.47039031982422,"Unknown"
"7014851",371865,2025-07-27 14:28:41,43.1323127746582,-8.47016048431396,"Unknown"
"7014851",371865,2025-07-27 14:33:48,43.1323623657227,-8.4703483581543,"Unknown"
"7014851",371865,2025-07-27 14:38:40,43.1322975158691,-8.47039127349854,"Unknown"
"7014851",371865,2025-07-27 14:44:00,43.1321678161621,-8.46948146820068,"Unknown"
"7014851",371865,2025-07-27 14:48:53,43.1322898864746,-8.46960258483887,"Unknown"
"7014851",371865,2025-07-27 14:54:04,43.1325836181641,-8.4700756072998,"Unknown"
"7014851",371865,2025-07-27 14:58:41,43.1324234008789,-8.46998691558838,"Unknown"
"7014851",371865,2025-07-27 15:03:47,43.1323394775391,-8.46977138519287,"Unknown"
"7014851",371865,2025-07-27 15:08:38,43.1324806213379,-8.47001361846924,"Unknown"
"7014851",371865,2025-07-27 15:13:39,43.132438659668,-8.47003746032715,"Unknown"
"7014851",371865,2025-07-27 15:18:47,43.132568359375,-8.47017288208008,"Unknown"
"7014851",371865,2025-07-27 15:23:41,43.1327934265137,-8.470703125,"Unknown"
"7014851",371865,2025-07-27 15:29:05,43.132438659668,-8.46990776062012,"Unknown"
"7014851",371865,2025-07-27 15:33:37,43.1324577331543,-8.46988487243652,"Unknown"
"7014851",371865,2025-07-27 15:38:38,43.1324272155762,-8.46983528137207,"Unknown"
"7014851",371865,2025-07-27 15:43:36,43.1324081420898,-8.46988487243652,"Unknown"
"7014851",371865,2025-07-27 15:48:37,43.1325035095215,-8.46994400024414,"Unknown"
"7014851",371865,2025-07-27 15:53:37,43.1324119567871,-8.46982765197754,"Unknown"
"7014851",371865,2025-07-27 15:58:39,43.1324653625488,-8.46986293792725,"Unknown"
"7014851",371865,2025-07-27 16:03:37,43.1324691772461,-8.46986484527588,"Unknown"
"7014851",371865,2025-07-27 16:08:37,43.1327095031738,-8.47005844116211,"Unknown"
"7014851",371865,2025-07-27 16:13:39,43.1327323913574,-8.46991348266602,"Unknown"
"7014851",371865,2025-07-27 16:18:38,43.1326789855957,-8.47007465362549,"Unknown"
"7014851",371865,2025-07-27 16:23:36,43.131233215332,-8.47065544128418,"Unknown"
"7014851",371865,2025-07-27 16:28:39,43.1306114196777,-8.47023868560791,"Unknown"
"7014851",371865,2025-07-27 16:33:39,43.1306190490723,-8.47033309936523,"Unknown"
"7014851",371865,2025-07-27 16:38:38,43.1305961608887,-8.47032642364502,"Unknown"
"7014851",371865,2025-07-27 16:43:40,43.1306343078613,-8.47082328796387,"Unknown"
"7014851",371865,2025-07-27 16:48:42,43.1301574707031,-8.46973133087158,"Unknown"
"7014851",371865,2025-07-27 16:53:39,43.1308517456055,-8.47087478637695,"Unknown"
"7014851",371865,2025-07-27 16:58:40,43.1303520202637,-8.47009754180908,"Unknown"
"7014851",371865,2025-07-27 17:03:38,43.1307601928711,-8.47074604034424,"Unknown"
"7014851",371865,2025-07-27 17:08:38,43.1306915283203,-8.47075366973877,"Unknown"
"7014851",371865,2025-07-27 17:13:38,43.1306457519531,-8.47071170806885,"Unknown"
"7014851",371865,2025-07-27 17:18:37,43.134334564209,-8.47061538696289,"Unknown"
"7014851",371865,2025-07-27 17:23:39,43.134635925293,-8.47028160095215,"Unknown"
"7014851",371865,2025-07-27 17:28:37,43.1345481872559,-8.47015571594238,"Unknown"
"7014851",371865,2025-07-27 17:33:41,43.1345481872559,-8.47002696990967,"Unknown"
"7014851",371865,2025-07-27 17:38:39,43.1344833374023,-8.47037601470947,"Unknown"
"7014851",371865,2025-07-27 17:43:38,43.1345520019531,-8.47027492523193,"Unknown"
"7014851",371865,2025-07-27 17:49:14,43.1344757080078,-8.47036361694336,"Unknown"
"7014851",371865,2025-07-27 17:53:38,43.1341590881348,-8.4705696105957,"Unknown"
"7014851",371865,2025-07-27 17:58:38,43.130729675293,-8.47241497039795,"Unknown"
"7014851",371865,2025-07-27 18:03:37,43.1308364868164,-8.47215938568115,"Unknown"
"7014851",371865,2025-07-27 18:08:42,43.1335792541504,-8.48158264160156,"Unknown"
"7014851",371865,2025-07-27 18:13:48,43.1307716369629,-8.47208690643311,"Unknown"
"7014851",371865,2025-07-27 18:18:39,43.1325492858887,-8.46856307983398,"Unknown"
"7014851",371865,2025-07-27 18:23:45,43.1326332092285,-8.4684476852417,"Unknown"
"7014851",371865,2025-07-27 18:28:41,43.1507225036621,-8.48462200164795,"Unknown"
"7014851",371865,2025-07-27 18:33:49,43.1726570129395,-8.47715854644775,"Unknown"
"7014851",371865,2025-07-27 18:38:41,43.194408416748,-8.48664855957031,"Unknown"
"7014851",371865,2025-07-27 18:43:48,43.2089614868164,-8.50678253173828,"Unknown"
"7014851",371865,2025-07-27 18:48:38,43.2321319580078,-8.54305267333984,"Unknown"
"7014851",371865,2025-07-27 18:54:14,43.249080657959,-8.57031536102295,"Unknown"
"7014851",371865,2025-07-27 18:58:48,43.2664260864258,-8.60157775878906,"Unknown"
"7014851",371865,2025-07-27 19:03:50,43.2814712524414,-8.63784503936768,"Unknown"
"7014851",371865,2025-07-27 19:08:39,43.2936477661133,-8.68605518341064,"Unknown"
"7014851",371865,2025-07-27 19:13:38,43.295711517334,-8.71111869812012,"Unknown"
"7014851",371865,2025-07-27 19:18:39,43.2973175048828,-8.71413516998291,"Unknown"
"7014851",371865,2025-07-27 19:23:50,43.2914390563965,-8.69750308990479,"Unknown"
"7014851",371865,2025-07-27 19:28:42,43.291820526123,-8.69806098937988,"Unknown"
"7014851",371865,2025-07-27 19:33:38,43.2918510437012,-8.69789981842041,"Unknown"
"7014851",371865,2025-07-27 19:38:48,43.2985649108887,-8.72329425811768,"Unknown"
"7014851",371865,2025-07-27 19:43:49,43.3149528503418,-8.75428676605225,"Unknown"
"7014851",371865,2025-07-27 19:48:48,43.3303680419922,-8.78438663482666,"Unknown"
"7014851",371865,2025-07-27 19:53:49,43.3483963012695,-8.81282901763916,"Unknown"
"7014851",371865,2025-07-27 19:58:52,43.3579025268555,-8.84517002105713,"Unknown"
"7014851",371865,2025-07-27 20:03:45,43.3703765869141,-8.87139797210693,"Unknown"
"7014851",371865,2025-07-27 20:08:48,43.3575248718262,-8.84479522705078,"Unknown"
"7014851",371865,2025-07-27 20:13:43,43.381477355957,-8.8570032119751,"Unknown"
"7014851",371865,2025-07-27 20:19:05,43.3576164245605,-8.84502506256104,"Unknown"
"7014851",371865,2025-07-27 20:23:38,43.3575859069824,-8.8450870513916,"Unknown"
"7014851",371865,2025-07-27 20:28:37,43.3575439453125,-8.84515953063965,"Unknown"
"7014851",371865,2025-07-27 20:33:38,43.3575859069824,-8.84506416320801,"Unknown"
"7014851",371865,2025-07-27 20:38:37,43.3576164245605,-8.84502124786377,"Unknown"
"7014851",371865,2025-07-27 20:43:38,43.3575897216797,-8.84510707855225,"Unknown"
"7014851",371865,2025-07-27 20:48:38,43.3575668334961,-8.84510612487793,"Unknown"
"7014851",371865,2025-07-27 20:53:38,43.3575859069824,-8.84503364562988,"Unknown"
"7014851",371865,2025-07-27 20:58:37,43.3576202392578,-8.84508323669434,"Unknown"
"7014851",371865,2025-07-27 21:03:37,43.3576049804688,-8.84502506256104,"Unknown"
"7014851",371865,2025-07-27 21:08:38,43.3575592041016,-8.84501171112061,"Unknown"
"7014851",371865,2025-07-27 21:13:38,43.3576049804688,-8.84499740600586,"Unknown"
"7014851",371865,2025-07-27 21:18:38,43.3575553894043,-8.84493350982666,"Unknown"
"7014851",371865,2025-07-27 21:23:37,43.3576126098633,-8.84495830535889,"Unknown"
"7014851",371865,2025-07-27 21:28:38,43.357551574707,-8.8449125289917,"Unknown"
"7014851",371865,2025-07-27 21:33:37,43.3575706481934,-8.84487247467041,"Unknown"
"7014851",371865,2025-07-27 21:38:38,43.3575897216797,-8.84497451782227,"Unknown"
"7014851",371865,2025-07-27 21:43:38,43.3576545715332,-8.8449182510376,"Unknown"
"7014851",371865,2025-07-27 21:48:38,43.3575286865234,-8.84501361846924,"Unknown"
"7014851",371865,2025-07-27 21:53:38,43.3575706481934,-8.84493064880371,"Unknown"
"7014851",371865,2025-07-27 21:58:38,43.3574600219727,-8.84523773193359,"Unknown"
"7014851",371865,2025-07-27 22:03:38,43.3575782775879,-8.84501934051514,"Unknown"
"7014851",371865,2025-07-27 22:08:38,43.3576583862305,-8.84496212005615,"Unknown"
"7014851",371865,2025-07-27 22:13:38,43.3575782775879,-8.84503269195557,"Unknown"
"7014851",371865,2025-07-27 22:18:38,43.3575668334961,-8.84506034851074,"Unknown"
"7014851",371865,2025-07-27 22:23:38,43.3575248718262,-8.84500694274902,"Unknown"
"7014851",371865,2025-07-27 22:28:37,43.3578948974609,-8.84525012969971,"Unknown"
"7014851",371865,2025-07-27 22:33:40,43.3575439453125,-8.84510707855225,"Unknown"
"7014851",371865,2025-07-27 22:38:56,43.3574066162109,-8.84505653381348,"Unknown"
"7014851",371865,2025-07-27 22:43:58,43.3574333190918,-8.84501647949219,"Unknown"
"7014851",371865,2025-07-27 22:48:49,43.3574447631836,-8.84497547149658,"Unknown"
"7014851",371865,2025-07-27 22:53:37,43.3575630187988,-8.84508514404297,"Unknown"
"7014851",371865,2025-07-27 22:58:37,43.3574714660645,-8.8452615737915,"Unknown"
"7014851",371865,2025-07-27 23:03:47,43.3576812744141,-8.84495544433594,"Unknown"
"7014851",371865,2025-07-27 23:08:42,43.3603019714355,-8.83772087097168,"Unknown"
"7014851",371865,2025-07-27 23:13:43,43.3604354858398,-8.83858966827393,"Unknown"
"7014851",371865,2025-07-27 23:18:41,43.3605575561523,-8.83943748474121,"Unknown"
"7014851",371865,2025-07-27 23:23:41,43.3605079650879,-8.84018611907959,"Unknown"
"7014851",371865,2025-07-27 23:28:41,43.3605880737305,-8.84086418151855,"Unknown"
"7014851",371865,2025-07-27 23:33:41,43.3606567382812,-8.84165096282959,"Unknown"
"7014851",371865,2025-07-27 23:38:45,43.3576202392578,-8.8448657989502,"Unknown"
"7014851",371865,2025-07-27 23:43:48,43.3575439453125,-8.84487533569336,"Unknown"
"7014851",371865,2025-07-27 23:48:44,43.3422393798828,-8.82117938995361,"Unknown"
"7014851",371865,2025-07-27 23:53:48,43.3575286865234,-8.84489440917969,"Unknown"
"7014851",371865,2025-07-27 23:58:42,43.3575057983398,-8.84491729736328,"Unknown"
"7014851",371865,2025-07-28 00:04:03,43.3574142456055,-8.84484100341797,"Unknown"
"7014851",371865,2025-07-28 00:08:43,43.3574066162109,-8.84489440917969,"Unknown"
"7014851",371865,2025-07-28 00:13:48,43.3573989868164,-8.84481716156006,"Unknown"
"7014851",371865,2025-07-28 00:19:15,43.3576545715332,-8.84505176544189,"Unknown"
"7014851",371865,2025-07-28 00:23:37,43.3576583862305,-8.84508991241455,"Unknown"
"7014851",371865,2025-07-28 00:28:39,43.3577270507812,-8.84476947784424,"Unknown"
"7014851",371865,2025-07-28 00:33:36,43.3576774597168,-8.84508800506592,"Unknown"
"7014851",371865,2025-07-28 00:38:36,43.3576278686523,-8.84508895874023,"Unknown"
"7014851",371865,2025-07-28 00:43:37,43.3576507568359,-8.84506797790527,"Unknown"
"7014851",371865,2025-07-28 00:48:37,43.3575439453125,-8.84500789642334,"Unknown"
"7014851",371865,2025-07-28 00:53:39,43.357666015625,-8.8450813293457,"Unknown"
"7014851",371865,2025-07-28 00:58:37,43.3576011657715,-8.84507083892822,"Unknown"
"7014851",371865,2025-07-28 01:03:38,43.3577156066895,-8.8451566696167,"Unknown"
"7014851",371865,2025-07-28 01:08:41,43.3575553894043,-8.84501171112061,"Unknown"
"7014851",371865,2025-07-28 01:13:46,43.3576393127441,-8.84509086608887,"Unknown"
"7014851",371865,2025-07-28 01:18:48,43.3576316833496,-8.84508609771729,"Unknown"
"7014851",371865,2025-07-28 01:23:48,43.3575973510742,-8.84507942199707,"Unknown"
"7014851",371865,2025-07-28 01:28:49,43.3575668334961,-8.84504985809326,"Unknown"
"7014851",371865,2025-07-28 01:33:49,43.3576736450195,-8.84509563446045,"Unknown"
"7014851",371865,2025-07-28 01:38:48,43.3578491210938,-8.84510803222656,"Unknown"
"7014851",371865,2025-07-28 01:43:42,43.3578414916992,-8.84509372711182,"Unknown"
"7014851",371865,2025-07-28 01:48:45,43.3579635620117,-8.84506130218506,"Unknown"
"7014851",371865,2025-07-28 01:53:42,43.3582649230957,-8.84533977508545,"Unknown"
"7014851",371865,2025-07-28 01:58:54,43.3579864501953,-8.84518051147461,"Unknown"
"7014851",371865,2025-07-28 02:03:41,43.3576507568359,-8.84484386444092,"Unknown"
"7014851",371865,2025-07-28 02:08:43,43.3577537536621,-8.84511947631836,"Unknown"
"7014851",371865,2025-07-28 02:13:43,43.3576393127441,-8.84520626068115,"Unknown"
"7014851",371865,2025-07-28 02:18:38,43.3576927185059,-8.84533596038818,"Unknown"
"7014851",371865,2025-07-28 02:23:38,43.3577499389648,-8.84548091888428,"Unknown"
"7014851",371865,2025-07-28 02:28:38,43.357666015625,-8.84530830383301,"Unknown"
"7014851",371865,2025-07-28 02:33:38,43.3575325012207,-8.84582901000977,"Unknown"
"7014851",371865,2025-07-28 02:38:42,43.3577423095703,-8.84552764892578,"Unknown"
"7014851",371865,2025-07-28 02:43:38,43.3576965332031,-8.84535694122314,"Unknown"
"7014851",371865,2025-07-28 02:48:48,43.3576316833496,-8.8451976776123,"Unknown"
"7014851",371865,2025-07-28 02:53:37,43.357666015625,-8.84524631500244,"Unknown"
"7014851",371865,2025-07-28 02:58:38,43.3576393127441,-8.84561920166016,"Unknown"
"7014851",371865,2025-07-28 03:03:38,43.3577537536621,-8.84545993804932,"Unknown"
"7014851",371865,2025-07-28 03:08:39,43.3578758239746,-8.84580516815186,"Unknown"
"7014851",371865,2025-07-28 03:13:41,43.3576469421387,-8.84524536132812,"Unknown"
"7014851",371865,2025-07-28 03:18:47,43.3576698303223,-8.84521961212158,"Unknown"
"7014851",371865,2025-07-28 03:23:45,43.3576354980469,-8.84517002105713,"Unknown"
"7014851",371865,2025-07-28 03:28:46,43.3576812744141,-8.84523963928223,"Unknown"
"7014851",371865,2025-07-28 03:33:40,43.3572578430176,-8.84444618225098,"Unknown"
"7014851",371865,2025-07-28 03:38:48,43.3576850891113,-8.84521293640137,"Unknown"
"7014851",371865,2025-07-28 03:43:41,43.3578758239746,-8.84555816650391,"Unknown"
"7014851",371865,2025-07-28 03:48:41,43.3574180603027,-8.84476757049561,"Unknown"
"7014851",371865,2025-07-28 03:53:39,43.3581848144531,-8.84567165374756,"Unknown"
"7014851",371865,2025-07-28 03:58:40,43.3579177856445,-8.84545993804932,"Unknown"
"7014851",371865,2025-07-28 04:03:39,43.3578758239746,-8.84555053710938,"Unknown"
"7014851",371865,2025-07-28 04:08:37,43.357795715332,-8.84542942047119,"Unknown"
"7014851",371865,2025-07-28 04:13:43,43.3577194213867,-8.84533405303955,"Unknown"
"7014851",371865,2025-07-28 04:18:49,43.3574028015137,-8.84590339660645,"Unknown"
"7014851",371865,2025-07-28 04:23:38,43.3578300476074,-8.84553050994873,"Unknown"
"7014851",371865,2025-07-28 04:28:42,43.3577728271484,-8.84547996520996,"Unknown"
"7014851",371865,2025-07-28 04:33:39,43.3577690124512,-8.84550666809082,"Unknown"
"7014851",371865,2025-07-28 04:38:38,43.3577041625977,-8.84553527832031,"Unknown"
"7014851",371865,2025-07-28 04:43:45,43.3574600219727,-8.84570217132568,"Unknown"
"7014851",371865,2025-07-28 04:48:38,43.3574562072754,-8.84556007385254,"Unknown"
"7014851",371865,2025-07-28 04:53:39,43.3573608398438,-8.84581279754639,"Unknown"
"7014851",371865,2025-07-28 04:58:40,43.3573188781738,-8.84581470489502,"Unknown"
"7014851",371865,2025-07-28 05:03:42,43.357364654541,-8.84578609466553,"Unknown"
"7014851",371865,2025-07-28 05:08:40,43.3573112487793,-8.84577178955078,"Unknown"
"7014851",371865,2025-07-28 05:13:40,43.3572425842285,-8.8457498550415,"Unknown"
"7014851",371865,2025-07-28 05:18:39,43.3572120666504,-8.8456859588623,"Unknown"
"7014851",371865,2025-07-28 05:23:38,43.3572692871094,-8.84561729431152,"Unknown"
"7014851",371865,2025-07-28 05:28:38,43.3571395874023,-8.84569263458252,"Unknown"
"7014851",371865,2025-07-28 05:33:42,43.3571624755859,-8.84571647644043,"Unknown"
"7014851",371865,2025-07-28 05:38:43,43.3573303222656,-8.84550285339355,"Unknown"
"7014851",371865,2025-07-28 05:43:39,43.3571739196777,-8.84557914733887,"Unknown"
"7014851",371865,2025-07-28 05:48:40,43.3572311401367,-8.84552574157715,"Unknown"
"7014851",371865,2025-07-28 05:53:39,43.3573112487793,-8.84534072875977,"Unknown"
"7014851",371865,2025-07-28 05:58:45,43.3574676513672,-8.8453311920166,"Unknown"
"7014851",371865,2025-07-28 06:03:45,43.3576736450195,-8.84512615203857,"Unknown"
"7014851",371865,2025-07-28 06:08:39,43.3572845458984,-8.84525394439697,"Unknown"
"7014851",371865,2025-07-28 06:13:38,43.3574447631836,-8.8450403213501,"Unknown"
"7014851",371865,2025-07-28 06:18:40,43.3573837280273,-8.84517002105713,"Unknown"
"7014851",371865,2025-07-28 06:23:40,43.3574180603027,-8.84497451782227,"Unknown"
"7014851",371865,2025-07-28 06:28:39,43.3574562072754,-8.84501457214355,"Unknown"
"7014851",371865,2025-07-28 06:33:46,43.3577919006348,-8.84477519989014,"Unknown"
"7014851",371865,2025-07-28 06:38:38,43.3575057983398,-8.84474468231201,"Unknown"
"7014851",371865,2025-07-28 06:43:41,43.3568916320801,-8.84447288513184,"Unknown"
"7014851",371865,2025-07-28 06:48:40,43.3572998046875,-8.84445858001709,"Unknown"
"7014851",371865,2025-07-28 06:53:41,43.3572998046875,-8.84434223175049,"Unknown"
"7014851",371865,2025-07-28 06:58:38,43.3577499389648,-8.84503555297852,"Unknown"
"7014851",371865,2025-07-28 07:03:39,43.3578262329102,-8.84507179260254,"Unknown"
"7014851",371865,2025-07-28 07:08:43,43.35791015625,-8.84490394592285,"Unknown"
"7014851",371865,2025-07-28 07:13:43,43.3576507568359,-8.84506130218506,"Unknown"
"7014851",371865,2025-07-28 07:18:38,43.3579254150391,-8.84486293792725,"Unknown"
"7014851",371865,2025-07-28 07:23:37,43.3577690124512,-8.84502696990967,"Unknown"
"7014851",371865,2025-07-28 07:28:40,43.3579139709473,-8.84509086608887,"Unknown"
"7014851",371865,2025-07-28 07:33:40,43.3578643798828,-8.84513187408447,"Unknown"
"7014851",371865,2025-07-28 07:38:37,43.3579406738281,-8.84522151947021,"Unknown"
"7014851",371865,2025-07-28 07:43:37,43.3579330444336,-8.84527015686035,"Unknown"
"7014851",371865,2025-07-28 07:48:42,43.3580513000488,-8.84492683410645,"Unknown"
"7014851",371865,2025-07-28 07:53:45,43.3584175109863,-8.8455924987793,"Unknown"
"7014851",371865,2025-07-28 07:58:41,43.3580055236816,-8.84542274475098,"Unknown"
"7014851",371865,2025-07-28 08:03:42,43.3574523925781,-8.84467887878418,"Unknown"
"7014851",371865,2025-07-28 08:08:48,43.357780456543,-8.84503173828125,"Unknown"
"7014851",371865,2025-07-28 08:13:50,43.3577079772949,-8.84490299224854,"Unknown"
"7014851",371865,2025-07-28 08:18:39,43.357795715332,-8.84496307373047,"Unknown"
"7014851",371865,2025-07-28 08:23:42,43.3576316833496,-8.84493637084961,"Unknown"
"7014851",371865,2025-07-28 08:28:38,43.3576431274414,-8.84470176696777,"Unknown"
"7014851",371865,2025-07-28 08:33:41,43.357536315918,-8.84463787078857,"Unknown"
"7014851",371865,2025-07-28 08:38:39,43.3607521057129,-8.84715843200684,"Unknown"
"7014851",371865,2025-07-28 08:43:41,43.3575973510742,-8.84469318389893,"Unknown"
"7014851",371865,2025-07-28 08:48:42,43.3575782775879,-8.84444618225098,"Unknown"
"7014851",371865,2025-07-28 08:53:40,43.3576011657715,-8.84447288513184,"Unknown"
"7014851",371865,2025-07-28 08:58:51,43.3576850891113,-8.84476661682129,"Unknown"
"7014851",371865,2025-07-28 09:04:05,43.3577308654785,-8.8449592590332,"Unknown"
"7014851",371865,2025-07-28 09:08:39,43.3575859069824,-8.84523010253906,"Unknown"
"7014851",371865,2025-07-28 09:13:37,43.357593536377,-8.84521293640137,"Unknown"
"7014851",371865,2025-07-28 09:18:37,43.3575706481934,-8.84517860412598,"Unknown"
"7014851",371865,2025-07-28 09:23:37,43.3576736450195,-8.84507083892822,"Unknown"
"7014851",371865,2025-07-28 09:28:37,43.3576202392578,-8.84515857696533,"Unknown"
"7014851",371865,2025-07-28 09:33:39,43.3577308654785,-8.84490585327148,"Unknown"
"7014851",371865,2025-07-28 09:38:37,43.3577041625977,-8.8449592590332,"Unknown"
"7014851",371865,2025-07-28 09:43:40,43.3577079772949,-8.844970703125,"Unknown"
"7014851",371865,2025-07-28 09:48:37,43.3579063415527,-8.84487247467041,"Unknown"
"7014851",371865,2025-07-28 09:53:37,43.3578338623047,-8.84468746185303,"Unknown"
"7014851",371865,2025-07-28 09:58:39,43.3579368591309,-8.84469032287598,"Unknown"
"7014851",371865,2025-07-28 10:03:38,43.3577423095703,-8.84505081176758,"Unknown"
"7014851",371865,2025-07-28 10:08:39,43.357593536377,-8.84515571594238,"Unknown"
"7014851",371865,2025-07-28 10:13:38,43.358024597168,-8.84506702423096,"Unknown"
"7014851",371865,2025-07-28 10:18:38,43.3577690124512,-8.84517192840576,"Unknown"
"7014851",371865,2025-07-28 10:23:37,43.3578071594238,-8.84503746032715,"Unknown"
"7014851",371865,2025-07-28 10:28:38,43.35791015625,-8.84508991241455,"Unknown"
"7014851",371865,2025-07-28 10:33:41,43.3572425842285,-8.84535884857178,"Unknown"
"7014851",371865,2025-07-28 10:38:39,43.3576202392578,-8.84514045715332,"Unknown"
"7014851",371865,2025-07-28 10:43:39,43.3579444885254,-8.84490776062012,"Unknown"
"7014851",371865,2025-07-28 10:48:40,43.3576507568359,-8.84495639801025,"Unknown"
"7014851",371865,2025-07-28 10:53:40,43.3578300476074,-8.84489917755127,"Unknown"
"7014851",371865,2025-07-28 10:58:47,43.3576164245605,-8.84500980377197,"Unknown"
"7014851",371865,2025-07-28 11:03:39,43.3574256896973,-8.8449592590332,"Unknown"
"7014851",371865,2025-07-28 11:08:38,43.3613815307617,-8.84794235229492,"Unknown"
"7014851",371865,2025-07-28 11:18:40,43.4053230285645,-8.88325786590576,"Unknown"
"7014851",371865,2025-07-28 11:23:40,43.4313049316406,-8.89754581451416,"Unknown"
"7014851",371865,2025-07-28 11:28:39,43.4411239624023,-8.88911628723145,"Unknown"
"7014851",371865,2025-07-28 11:34:04,43.4425659179688,-8.88650035858154,"Unknown"
"7014851",371865,2025-07-28 11:38:39,43.4441413879395,-8.88015270233154,"Unknown"
"7014851",371865,2025-07-28 11:43:38,43.4467468261719,-8.87165355682373,"Unknown"
"7014851",371865,2025-07-28 11:48:38,43.449104309082,-8.8662633895874,"Unknown"
"7014851",371865,2025-07-28 11:53:46,43.4498519897461,-8.86001014709473,"Unknown"
"7014851",371865,2025-07-28 11:58:37,43.4111061096191,-8.85625553131104,"Unknown"
"7014851",371865,2025-07-28 12:04:01,43.3717155456543,-8.84772491455078,"Unknown"
"7014851",371865,2025-07-28 12:08:49,43.3577613830566,-8.84504699707031,"Unknown"
"7014851",371865,2025-07-28 12:13:55,43.3589210510254,-8.84558582305908,"Unknown"
"7014851",371865,2025-07-28 12:19:03,43.3574867248535,-8.84511184692383,"Unknown"
"7014851",371865,2025-07-28 12:23:37,43.3575668334961,-8.84502124786377,"Unknown"
"7014851",371865,2025-07-28 12:28:37,43.3574409484863,-8.84511661529541,"Unknown"
"7014851",371865,2025-07-28 12:33:37,43.3574905395508,-8.84506034851074,"Unknown"
"7014851",371865,2025-07-28 12:38:37,43.3575744628906,-8.84505176544189,"Unknown"
"7014851",371865,2025-07-28 12:43:38,43.3575134277344,-8.84499073028564,"Unknown"
"7014851",371865,2025-07-28 12:48:37,43.3576850891113,-8.84480762481689,"Unknown"
"7014851",371865,2025-07-28 12:53:36,43.3573379516602,-8.8449535369873,"Unknown"
"7014851",371865,2025-07-28 12:58:39,43.3576202392578,-8.84515190124512,"Unknown"
"7014851",371865,2025-07-28 13:03:38,43.3575973510742,-8.84517765045166,"Unknown"
"7014851",371865,2025-07-28 13:08:37,43.3576774597168,-8.8450231552124,"Unknown"
"7014851",371865,2025-07-28 13:13:38,43.3575592041016,-8.84524726867676,"Unknown"
"7014851",371865,2025-07-28 13:18:38,43.3575973510742,-8.84515190124512,"Unknown"
"7014851",371865,2025-07-28 13:23:38,43.3576240539551,-8.84519863128662,"Unknown"
"7014851",371865,2025-07-28 13:28:37,43.3575820922852,-8.8451976776123,"Unknown"
"7014851",371865,2025-07-28 13:33:37,43.3576202392578,-8.84516429901123,"Unknown"
"7014851",371865,2025-07-28 13:38:38,43.3575859069824,-8.84521865844727,"Unknown"
"7014851",371865,2025-07-28 13:43:38,43.3576164245605,-8.84520149230957,"Unknown"
"7014851",371865,2025-07-28 13:48:39,43.3576240539551,-8.84518337249756,"Unknown"
"7014851",371865,2025-07-28 13:53:46,43.357666015625,-8.84511089324951,"Unknown"
"7014851",371865,2025-07-28 13:58:37,43.3576011657715,-8.84506416320801,"Unknown"
"7014851",371865,2025-07-28 14:03:38,43.3576965332031,-8.84499931335449,"Unknown"
"7014851",371865,2025-07-28 14:08:37,43.3576393127441,-8.84506225585938,"Unknown"
"7014851",371865,2025-07-28 14:13:36,43.3577346801758,-8.84495830535889,"Unknown"
"7014851",371865,2025-07-28 14:18:44,43.3577995300293,-8.84500503540039,"Unknown"
"7014851",371865,2025-07-28 14:23:48,43.357738494873,-8.84510612487793,"Unknown"
"7014851",371865,2025-07-28 14:28:46,43.3579063415527,-8.84502696990967,"Unknown"
"7014851",371865,2025-07-28 14:33:43,43.3579025268555,-8.84498691558838,"Unknown"
"7014851",371865,2025-07-28 14:38:41,43.3577194213867,-8.84497165679932,"Unknown"
"7014851",371865,2025-07-28 14:43:43,43.3578720092773,-8.84489917755127,"Unknown"
"7014851",371865,2025-07-28 14:48:39,43.3575782775879,-8.84505558013916,"Unknown"
"7014851",371865,2025-07-28 14:53:41,43.357666015625,-8.84495735168457,"Unknown"
"7014851",371865,2025-07-28 14:58:40,43.3576850891113,-8.84508228302002,"Unknown"
"7014851",371865,2025-07-28 15:03:40,43.3576545715332,-8.84497833251953,"Unknown"
"7014851",371865,2025-07-28 15:08:39,43.3576469421387,-8.84494113922119,"Unknown"
"7014851",371865,2025-07-28 15:13:40,43.3576622009277,-8.84489059448242,"Unknown"
"7014851",371865,2025-07-28 15:18:38,43.3576965332031,-8.84498596191406,"Unknown"
"7014851",371865,2025-07-28 15:23:41,43.3577270507812,-8.8449764251709,"Unknown"
"7014851",371865,2025-07-28 15:28:46,43.3579788208008,-8.84521961212158,"Unknown"
"7014851",371865,2025-07-28 15:33:50,43.3578910827637,-8.84521102905273,"Unknown"
"7014851",371865,2025-07-28 15:38:53,43.3579635620117,-8.84508609771729,"Unknown"
"7014851",371865,2025-07-28 15:43:39,43.3579483032227,-8.84531307220459,"Unknown"
"7014851",371865,2025-07-28 15:49:05,43.3577690124512,-8.84503555297852,"Unknown"
"7014851",371865,2025-07-28 15:53:49,43.3576011657715,-8.84517288208008,"Unknown"
"7014851",371865,2025-07-28 15:58:37,43.3574829101562,-8.84479331970215,"Unknown"
"7014851",371865,2025-07-28 16:03:41,43.3571090698242,-8.8442554473877,"Unknown"
"7014851",371865,2025-07-28 16:08:48,43.3575744628906,-8.84490871429443,"Unknown"
"7014851",371865,2025-07-28 16:13:48,43.3578109741211,-8.84488964080811,"Unknown"
"7014851",371865,2025-07-28 16:18:59,43.3576469421387,-8.84494113922119,"Unknown"
"7014851",371865,2025-07-28 16:23:48,43.3575630187988,-8.84489059448242,"Unknown"
"7014851",371865,2025-07-28 16:28:53,43.3576812744141,-8.84502696990967,"Unknown"
"7014851",371865,2025-07-28 16:33:48,43.3577842712402,-8.84493923187256,"Unknown"
"7014851",371865,2025-07-28 16:38:52,43.3577537536621,-8.84497737884521,"Unknown"
"7014851",371865,2025-07-28 16:44:05,43.3576545715332,-8.84505939483643,"Unknown"
"7014851",371865,2025-07-28 16:48:36,43.3575782775879,-8.84504985809326,"Unknown"
"7014851",371865,2025-07-28 16:53:36,43.3576774597168,-8.84497737884521,"Unknown"
"7014851",371865,2025-07-28 16:58:36,43.3576278686523,-8.84496021270752,"Unknown"
"7014851",371865,2025-07-28 17:03:37,43.3576393127441,-8.84496307373047,"Unknown"
"7014851",371865,2025-07-28 17:08:35,43.3575973510742,-8.84404850006104,"Unknown"
"7014851",371865,2025-07-28 17:13:35,43.3575973510742,-8.8449878692627,"Unknown"
"7014851",371865,2025-07-28 17:18:36,43.3575401306152,-8.84505081176758,"Unknown"
"7014851",371865,2025-07-28 17:23:36,43.3576698303223,-8.84492588043213,"Unknown"
"7014851",371865,2025-07-28 17:28:37,43.3575706481934,-8.84504127502441,"Unknown"
"7014851",371865,2025-07-28 17:33:36,43.3576240539551,-8.84494972229004,"Unknown"
"7014851",371865,2025-07-28 17:38:36,43.3575973510742,-8.84503173828125,"Unknown"
"7014851",371865,2025-07-28 17:43:38,43.3574485778809,-8.84517097473145,"Unknown"
"7014851",371865,2025-07-28 17:48:35,43.3575286865234,-8.84506893157959,"Unknown"
"7014851",371865,2025-07-28 17:53:38,43.3575973510742,-8.84504890441895,"Unknown"
"7014851",371865,2025-07-28 17:58:41,43.3575553894043,-8.84505558013916,"Unknown"
"7014851",371865,2025-07-28 18:03:35,43.3575859069824,-8.84502506256104,"Unknown"
"7014851",371865,2025-07-28 18:08:37,43.3576698303223,-8.84486961364746,"Unknown"
"7014851",371865,2025-07-28 18:13:36,43.3575439453125,-8.84517383575439,"Unknown"
"7014851",371865,2025-07-28 18:18:36,43.357307434082,-8.84515762329102,"Unknown"
"7014851",371865,2025-07-28 18:23:38,43.3575096130371,-8.84505939483643,"Unknown"
"7014851",371865,2025-07-28 18:28:38,43.357536315918,-8.84501647949219,"Unknown"
"7014851",371865,2025-07-28 18:33:39,43.3574714660645,-8.8449878692627,"Unknown"
"7014851",371865,2025-07-28 18:38:38,43.3575096130371,-8.84507846832275,"Unknown"
"7014851",371865,2025-07-28 18:43:38,43.3576011657715,-8.84510040283203,"Unknown"
"7014851",371865,2025-07-28 18:48:40,43.3577003479004,-8.84502792358398,"Unknown"
"7014851",371865,2025-07-28 18:53:39,43.3578681945801,-8.8450756072998,"Unknown"
"7014851",371865,2025-07-28 18:58:42,43.3577461242676,-8.84510803222656,"Unknown"
"7014851",371865,2025-07-28 19:03:43,43.3578453063965,-8.84526062011719,"Unknown"
"7014851",371865,2025-07-28 19:08:40,43.3567657470703,-8.8448371887207,"Unknown"
"7014851",371865,2025-07-28 19:13:50,43.3577537536621,-8.84541702270508,"Unknown"
"7014851",371865,2025-07-28 19:18:50,43.3577842712402,-8.84560775756836,"Unknown"
"7014851",371865,2025-07-28 19:23:42,43.3574600219727,-8.8453369140625,"Unknown"
"7014851",371865,2025-07-28 19:28:43,43.3575973510742,-8.84534168243408,"Unknown"
"7014851",371865,2025-07-28 19:33:50,43.3579063415527,-8.84570407867432,"Unknown"
"7014851",371865,2025-07-28 19:38:50,43.3581047058105,-8.84626483917236,"Unknown"
"7014851",371865,2025-07-28 19:43:50,43.3583297729492,-8.84661483764648,"Unknown"
"7014851",371865,2025-07-28 19:48:50,43.3578987121582,-8.84575653076172,"Unknown"
"7014851",371865,2025-07-28 19:53:51,43.3579444885254,-8.84561729431152,"Unknown"
"7014851",371865,2025-07-28 19:58:50,43.3583526611328,-8.84607219696045,"Unknown"
"7014851",371865,2025-07-28 20:04:05,43.3576278686523,-8.84500694274902,"Unknown"
"7014851",371865,2025-07-28 20:08:36,43.3576583862305,-8.84499263763428,"Unknown"
"7014851",371865,2025-07-28 20:13:36,43.357608795166,-8.84498500823975,"Unknown"
"7014851",371865,2025-07-28 20:18:36,43.357536315918,-8.84495830535889,"Unknown"
"7014851",371865,2025-07-28 20:23:36,43.357536315918,-8.8450403213501,"Unknown"
"7014851",371865,2025-07-28 20:28:35,43.3574905395508,-8.84505844116211,"Unknown"
"7014851",371865,2025-07-28 20:33:37,43.3576698303223,-8.84504318237305,"Unknown"
"7014851",371865,2025-07-28 20:38:36,43.3576354980469,-8.84503650665283,"Unknown"
"7014851",371865,2025-07-28 20:43:37,43.3576126098633,-8.84501934051514,"Unknown"
"7014851",371865,2025-07-28 20:48:36,43.3573379516602,-8.84480571746826,"Unknown"
"7014851",371865,2025-07-28 20:53:41,43.3574752807617,-8.84503936767578,"Unknown"
"7014851",371865,2025-07-28 20:58:39,43.3575439453125,-8.84502410888672,"Unknown"
"7014851",371865,2025-07-28 21:03:36,43.357421875,-8.84506702423096,"Unknown"
"7014851",371865,2025-07-28 21:08:35,43.357608795166,-8.84504318237305,"Unknown"
"7014851",371865,2025-07-28 21:13:38,43.3574638366699,-8.84515380859375,"Unknown"
"7014851",371865,2025-07-28 21:18:37,43.3577194213867,-8.84508609771729,"Unknown"
"7014851",371865,2025-07-28 21:23:36,43.3576202392578,-8.84507083892822,"Unknown"
"7014851",371865,2025-07-28 21:28:40,43.3577156066895,-8.84511280059814,"Unknown"
"7014851",371865,2025-07-28 21:33:36,43.357738494873,-8.84521770477295,"Unknown"
"7014851",371865,2025-07-28 21:38:37,43.3577346801758,-8.84515285491943,"Unknown"
"7014851",371865,2025-07-28 21:43:36,43.3577117919922,-8.84518051147461,"Unknown"
"7014851",371865,2025-07-28 21:48:36,43.3576316833496,-8.84523582458496,"Unknown"
"7014851",371865,2025-07-28 21:53:37,43.357666015625,-8.84507369995117,"Unknown"
"7014851",371865,2025-07-28 21:58:40,43.3577690124512,-8.84523105621338,"Unknown"
"7014851",371865,2025-07-28 22:03:48,43.3577041625977,-8.84511661529541,"Unknown"
"7014851",371865,2025-07-28 22:08:40,43.3575820922852,-8.84497737884521,"Unknown"
"7014851",371865,2025-07-28 22:13:41,43.3576316833496,-8.84505462646484,"Unknown"
"7014851",371865,2025-07-28 22:18:39,43.3575477600098,-8.84500408172607,"Unknown"
"7014851",371865,2025-07-28 22:23:40,43.3575172424316,-8.84491920471191,"Unknown"
"7014851",371865,2025-07-28 22:28:38,43.3576736450195,-8.84513759613037,"Unknown"
"7014851",371865,2025-07-28 22:34:05,43.3575820922852,-8.84496307373047,"Unknown"
"7014851",371865,2025-07-28 22:38:38,43.3575401306152,-8.84494876861572,"Unknown"
"7014851",371865,2025-07-28 22:43:36,43.3575210571289,-8.84496116638184,"Unknown"
"7014851",371865,2025-07-28 22:48:36,43.3575019836426,-8.84501934051514,"Unknown"
"7014851",371865,2025-07-28 22:53:36,43.3576049804688,-8.84489154815674,"Unknown"
"7014851",371865,2025-07-28 22:58:40,43.3575477600098,-8.84498691558838,"Unknown"
"7014851",371865,2025-07-28 23:03:38,43.3575820922852,-8.84507465362549,"Unknown"
"7014851",371865,2025-07-28 23:08:38,43.3575477600098,-8.84499931335449,"Unknown"
"7014851",371865,2025-07-28 23:13:40,43.3575706481934,-8.84493350982666,"Unknown"
"7014851",371865,2025-07-28 23:18:46,43.357795715332,-8.84518241882324,"Unknown"
"7014851",371865,2025-07-28 23:23:46,43.3575439453125,-8.84494209289551,"Unknown"
"7014851",371865,2025-07-28 23:28:40,43.3575592041016,-8.84476184844971,"Unknown"
"7014851",371865,2025-07-28 23:33:48,43.3575782775879,-8.84490013122559,"Unknown"
"7014851",371865,2025-07-28 23:38:40,43.3575248718262,-8.84479904174805,"Unknown"
"7014851",371865,2025-07-28 23:43:40,43.3573760986328,-8.84365749359131,"Unknown"
"7014851",371865,2025-07-28 23:48:39,43.3575019836426,-8.84448051452637,"Unknown"
"7014851",371865,2025-07-28 23:53:41,43.3574562072754,-8.84423542022705,"Unknown"
"7014851",371865,2025-07-28 23:58:42,43.3575019836426,-8.84405899047852,"Unknown"
"7014851",371865,2025-07-29 00:03:46,43.3576126098633,-8.84497737884521,"Unknown"
"7014851",371865,2025-07-29 00:08:47,43.3576316833496,-8.84494209289551,"Unknown"
"7014851",371865,2025-07-29 00:13:59,43.3575592041016,-8.84508419036865,"Unknown"
"7014851",371865,2025-07-29 00:18:54,43.3576316833496,-8.8451976776123,"Unknown"
"7014851",371865,2025-07-29 00:23:51,43.3577003479004,-8.84527206420898,"Unknown"
"7014851",371865,2025-07-29 00:28:41,43.3576927185059,-8.84505748748779,"Unknown"
"7014851",371865,2025-07-29 00:34:05,43.357666015625,-8.84501934051514,"Unknown"
"7014851",371865,2025-07-29 00:38:37,43.3576278686523,-8.84480762481689,"Unknown"
"7014851",371865,2025-07-29 00:43:39,43.3576889038086,-8.84505367279053,"Unknown"
"7014851",371865,2025-07-29 00:48:38,43.3576774597168,-8.84504985809326,"Unknown"
"7014851",371865,2025-07-29 00:53:38,43.3577156066895,-8.84512233734131,"Unknown"
"7014851",371865,2025-07-29 00:58:38,43.3577919006348,-8.84524345397949,"Unknown"
"7014851",371865,2025-07-29 01:03:38,43.3577194213867,-8.84510231018066,"Unknown"
"7014851",371865,2025-07-29 01:08:39,43.3576469421387,-8.84517383575439,"Unknown"
"7014851",371865,2025-07-29 01:13:39,43.3578758239746,-8.84539604187012,"Unknown"
"7014851",371865,2025-07-29 01:18:50,43.3576469421387,-8.84505462646484,"Unknown"
"7014851",371865,2025-07-29 01:23:56,43.3576469421387,-8.84506702423096,"Unknown"
"7014851",371865,2025-07-29 01:28:53,43.3576240539551,-8.845046043396,"Unknown"
"7014851",371865,2025-07-29 01:33:42,43.3582382202148,-8.8459358215332,"Unknown"
"7014851",371865,2025-07-29 01:38:51,43.3576469421387,-8.84498596191406,"Unknown"
"7014851",371865,2025-07-29 01:43:49,43.3576049804688,-8.84506416320801,"Unknown"
"7014851",371865,2025-07-29 01:48:39,43.3578414916992,-8.84532928466797,"Unknown"
"7014851",371865,2025-07-29 01:53:44,43.3576316833496,-8.84496688842773,"Unknown"
"7014851",371865,2025-07-29 01:58:40,43.3575057983398,-8.8447151184082,"Unknown"
"7014851",371865,2025-07-29 02:03:48,43.3577117919922,-8.8448429107666,"Unknown"
"7014851",371865,2025-07-29 02:08:40,43.3573760986328,-8.84451770782471,"Unknown"
"7014851",371865,2025-07-29 02:13:41,43.3575477600098,-8.84480857849121,"Unknown"
"7014851",371865,2025-07-29 02:18:40,43.3576240539551,-8.84487628936768,"Unknown"
"7014851",371865,2025-07-29 02:23:39,43.3575286865234,-8.84497737884521,"Unknown"
"7014851",371865,2025-07-29 02:28:41,43.3578262329102,-8.84487247467041,"Unknown"
"7014851",371865,2025-07-29 02:33:40,43.3577728271484,-8.84503936767578,"Unknown"
"7014851",371865,2025-07-29 02:38:39,43.3575668334961,-8.84505844116211,"Unknown"
"7014851",371865,2025-07-29 02:43:40,43.357593536377,-8.84504127502441,"Unknown"
"7014851",371865,2025-07-29 02:48:39,43.3576278686523,-8.84517478942871,"Unknown"
"7014851",371865,2025-07-29 02:53:41,43.3575439453125,-8.84502696990967,"Unknown"
"7014851",371865,2025-07-29 02:59:04,43.357593536377,-8.84508037567139,"Unknown"
"7014851",371865,2025-07-29 03:03:36,43.3575820922852,-8.84498405456543,"Unknown"
"7014851",371865,2025-07-29 03:08:37,43.357536315918,-8.84512615203857,"Unknown"
"7014851",371865,2025-07-29 03:13:36,43.3575782775879,-8.84500694274902,"Unknown"
"7014851",371865,2025-07-29 03:18:37,43.3573455810547,-8.84498977661133,"Unknown"
"7014851",371865,2025-07-29 03:23:36,43.3578071594238,-8.8451099395752,"Unknown"
"7014851",371865,2025-07-29 03:28:36,43.3576927185059,-8.8451623916626,"Unknown"
"7014851",371865,2025-07-29 03:33:37,43.357738494873,-8.84516429901123,"Unknown"
"7014851",371865,2025-07-29 03:38:36,43.3576927185059,-8.845139503479,"Unknown"
"7014851",371865,2025-07-29 03:43:37,43.3577117919922,-8.8450813293457,"Unknown"
"7014851",371865,2025-07-29 03:48:38,43.3575782775879,-8.8449878692627,"Unknown"
"7014851",371865,2025-07-29 03:53:36,43.3576393127441,-8.84509468078613,"Unknown"
"7014851",371865,2025-07-29 03:58:36,43.3576354980469,-8.84491729736328,"Unknown"
"7014851",371865,2025-07-29 04:03:36,43.3577499389648,-8.84510803222656,"Unknown"
"7014851",371865,2025-07-29 04:08:36,43.3576812744141,-8.84510803222656,"Unknown"
"7014851",371865,2025-07-29 04:13:37,43.3577575683594,-8.84511661529541,"Unknown"
"7014851",371865,2025-07-29 04:18:42,43.3576736450195,-8.84508800506592,"Unknown"
"7014851",371865,2025-07-29 04:23:38,43.3577270507812,-8.84504699707031,"Unknown"
"7014851",371865,2025-07-29 04:28:38,43.3605613708496,-8.84658145904541,"Unknown"
"7014851",371865,2025-07-29 04:33:36,43.3694076538086,-8.82864284515381,"Unknown"
"7014851",371865,2025-07-29 04:39:05,43.3777008056641,-8.85408878326416,"Unknown"
"7014851",371865,2025-07-29 04:43:36,43.3792304992676,-8.85844802856445,"Unknown"
"7014851",371865,2025-07-29 04:48:36,43.390022277832,-8.87568378448486,"Unknown"
"7014851",371865,2025-07-29 04:53:35,43.4096908569336,-8.90869808197021,"Unknown"
"7014851",371865,2025-07-29 04:58:35,43.4292640686035,-8.94197368621826,"Unknown"
"7014851",371865,2025-07-29 05:03:36,43.4453773498535,-8.98379898071289,"Unknown"
"7014851",371865,2025-07-29 05:08:36,43.454174041748,-9.01918506622314,"Unknown"
"7014851",371865,2025-07-29 05:13:41,43.4555702209473,-9.01741123199463,"Unknown"
"7014851",371865,2025-07-29 05:18:37,43.4547309875488,-9.01721286773682,"Unknown"
"7014851",371865,2025-07-29 05:23:41,43.4571151733398,-9.00872802734375,"Unknown"
"7014851",371865,2025-07-29 05:28:36,43.466480255127,-8.99718189239502,"Unknown"
"7014851",371865,2025-07-29 05:33:36,43.462287902832,-8.98493671417236,"Unknown"
"7014851",371865,2025-07-29 05:38:37,43.4398155212402,-8.96305656433105,"Unknown"
"7014851",371865,2025-07-29 05:43:36,43.4276580810547,-8.94055271148682,"Unknown"
"7014851",371865,2025-07-29 05:48:37,43.4075202941895,-8.91900444030762,"Unknown"
"7014851",371865,2025-07-29 05:53:35,43.3982124328613,-8.89457321166992,"Unknown"
"7014851",371865,2025-07-29 05:58:36,43.3842430114746,-8.87017154693604,"Unknown"
"7014851",371865,2025-07-29 06:03:36,43.3637313842773,-8.84827423095703,"Unknown"
"7014851",371865,2025-07-29 06:08:36,43.3578186035156,-8.84482860565186,"Unknown"
"7014851",371865,2025-07-29 06:13:57,43.357795715332,-8.8449125289917,"Unknown"
"7014851",371865,2025-07-29 06:18:40,43.3576202392578,-8.84521770477295,"Unknown"
"7014851",371865,2025-07-29 06:23:41,43.3618240356445,-8.83835601806641,"Unknown"
"7014851",371865,2025-07-29 06:28:39,43.3340682983398,-8.82672023773193,"Unknown"
"7014851",371865,2025-07-29 06:33:39,43.3132781982422,-8.80118274688721,"Unknown"
"7014851",371865,2025-07-29 06:39:05,43.3002700805664,-8.76730155944824,"Unknown"
"7014851",371865,2025-07-29 06:43:35,43.2928504943848,-8.74438381195068,"Unknown"
"7014851",371865,2025-07-29 06:48:35,43.2891426086426,-8.71499633789062,"Unknown"
"7014851",371865,2025-07-29 06:53:37,43.2914848327637,-8.69758129119873,"Unknown"
"7014851",371865,2025-07-29 06:58:36,43.2913780212402,-8.69742679595947,"Unknown"
"7014851",371865,2025-07-29 07:03:35,43.2843704223633,-8.67103385925293,"Unknown"
"7014851",371865,2025-07-29 07:08:34,43.2695350646973,-8.64507484436035,"Unknown"
"7014851",371865,2025-07-29 07:13:35,43.2470741271973,-8.62104988098145,"Unknown"
"7014851",371865,2025-07-29 07:18:35,43.2264060974121,-8.60030555725098,"Unknown"
"7014851",371865,2025-07-29 07:23:36,43.2026252746582,-8.5791187286377,"Unknown"
"7014851",371865,2025-07-29 07:28:35,43.190372467041,-8.54847431182861,"Unknown"
"7014851",371865,2025-07-29 07:33:36,43.1726303100586,-8.51605033874512,"Unknown"
"7014851",371865,2025-07-29 07:38:35,43.1441879272461,-8.48539543151855,"Unknown"
"7014851",371865,2025-07-29 07:43:40,43.1306571960449,-8.47162055969238,"Unknown"
"7014851",371865,2025-07-29 07:48:39,43.1308441162109,-8.47148609161377,"Unknown"
"7014851",371865,2025-07-29 07:53:49,43.1308898925781,-8.47152137756348,"Unknown"
"7014851",371865,2025-07-29 07:58:48,43.1306991577148,-8.47170734405518,"Unknown"
"7014851",371865,2025-07-29 08:03:43,43.1305389404297,-8.47156715393066,"Unknown"
"7014851",371865,2025-07-29 08:08:41,43.1307144165039,-8.47218418121338,"Unknown"
"7014851",371865,2025-07-29 08:13:48,43.1307411193848,-8.47168636322021,"Unknown"
"7014851",371865,2025-07-29 08:18:38,43.1307525634766,-8.47170829772949,"Unknown"
"7014851",371865,2025-07-29 08:23:48,43.1306915283203,-8.4717435836792,"Unknown"
"7014851",371865,2025-07-29 08:28:54,43.1308326721191,-8.47164154052734,"Unknown"
"7014851",371865,2025-07-29 08:33:48,43.1324195861816,-8.47014331817627,"Unknown"
"7014851",371865,2025-07-29 08:38:49,43.1328201293945,-8.47023963928223,"Unknown"
"7014851",371865,2025-07-29 08:43:48,43.132942199707,-8.46993064880371,"Unknown"
"7014851",371865,2025-07-29 08:48:49,43.1329154968262,-8.47017097473145,"Unknown"
"7014851",371865,2025-07-29 08:53:48,43.1328201293945,-8.47019386291504,"Unknown"
"7014851",371865,2025-07-29 08:58:50,43.1329536437988,-8.47012042999268,"Unknown"
"7014851",371865,2025-07-29 09:03:49,43.1329345703125,-8.47008514404297,"Unknown"
"7014851",371865,2025-07-29 09:08:49,43.1328887939453,-8.47017860412598,"Unknown"
"7014851",371865,2025-07-29 09:13:39,43.1329193115234,-8.47010803222656,"Unknown"
"7014851",371865,2025-07-29 09:19:05,43.1329650878906,-8.4701452255249,"Unknown"
"7014851",371865,2025-07-29 09:23:36,43.1329498291016,-8.47014236450195,"Unknown"
"7014851",371865,2025-07-29 09:28:38,43.1329116821289,-8.47004413604736,"Unknown"
"7014851",371865,2025-07-29 09:33:35,43.1328926086426,-8.47013282775879,"Unknown"
"7014851",371865,2025-07-29 09:38:35,43.1301689147949,-8.47150611877441,"Unknown"
"7014851",371865,2025-07-29 09:43:38,43.1298522949219,-8.47086715698242,"Unknown"
"7014851",371865,2025-07-29 09:48:39,43.1305809020996,-8.47098731994629,"Unknown"
"7014851",371865,2025-07-29 09:53:35,43.1305313110352,-8.4716796875,"Unknown"
"7014851",371865,2025-07-29 09:58:36,43.130973815918,-8.47144412994385,"Unknown"
"7014851",371865,2025-07-29 10:03:36,43.1307106018066,-8.47157287597656,"Unknown"
"7014851",371865,2025-07-29 10:08:35,43.1304969787598,-8.47011280059814,"Unknown"
"7014851",371865,2025-07-29 10:13:38,43.1306114196777,-8.47002506256104,"Unknown"
"7014851",371865,2025-07-29 10:18:41,43.1295700073242,-8.47056484222412,"Unknown"
"7014851",371865,2025-07-29 10:23:36,43.1296577453613,-8.4705810546875,"Unknown"
"7014851",371865,2025-07-29 10:28:37,43.1297264099121,-8.47061252593994,"Unknown"
"7014851",371865,2025-07-29 10:33:38,43.1310348510742,-8.47152137756348,"Unknown"
"7014851",371865,2025-07-29 10:38:37,43.1308250427246,-8.4713020324707,"Unknown"
"7014851",371865,2025-07-29 10:43:40,43.1309432983398,-8.47142314910889,"Unknown"
"7014851",371865,2025-07-29 10:48:35,43.1300392150879,-8.47069835662842,"Unknown"
"7014851",371865,2025-07-29 10:53:43,43.1326599121094,-8.47024726867676,"Unknown"
"7014851",371865,2025-07-29 10:58:47,43.1328544616699,-8.47021102905273,"Unknown"
"7014851",371865,2025-07-29 11:04:05,43.1327629089355,-8.4703254699707,"Unknown"
"7014851",371865,2025-07-29 11:08:37,43.1329078674316,-8.47040176391602,"Unknown"
"7014851",371865,2025-07-29 11:13:38,43.1326293945312,-8.47049999237061,"Unknown"
"7014851",371865,2025-07-29 11:18:40,43.1327629089355,-8.47027778625488,"Unknown"
"7014851",371865,2025-07-29 11:23:38,43.1327972412109,-8.47029399871826,"Unknown"
"7014851",371865,2025-07-29 11:28:39,43.1329536437988,-8.47020053863525,"Unknown"
"7014851",371865,2025-07-29 11:33:42,43.1326522827148,-8.47006130218506,"Unknown"
"7014851",371865,2025-07-29 11:39:02,43.1327934265137,-8.47015476226807,"Unknown"
"7014851",371865,2025-07-29 11:44:05,43.1328735351562,-8.47019863128662,"Unknown"
"7014851",371865,2025-07-29 11:48:35,43.1328506469727,-8.47020626068115,"Unknown"
"7014851",371865,2025-07-29 11:53:35,43.1328544616699,-8.47016143798828,"Unknown"
"7014851",371865,2025-07-29 11:58:37,43.1329040527344,-8.47030353546143,"Unknown"
"7014851",371865,2025-07-29 12:03:36,43.132884979248,-8.47016525268555,"Unknown"
"7014851",371865,2025-07-29 12:08:41,43.1328163146973,-8.47015380859375,"Unknown"
"7014851",371865,2025-07-29 12:13:35,43.1329345703125,-8.47033977508545,"Unknown"
"7014851",371865,2025-07-29 12:18:36,43.1328887939453,-8.47023963928223,"Unknown"
"7014851",371865,2025-07-29 12:23:38,43.1329154968262,-8.47024059295654,"Unknown"
"7014851",371865,2025-07-29 12:28:40,43.1329727172852,-8.47025585174561,"Unknown"
"7014851",371865,2025-07-29 12:33:47,43.1327476501465,-8.47018432617188,"Unknown"
"7014851",371865,2025-07-29 12:38:38,43.1330070495605,-8.47028827667236,"Unknown"
"7014851",371865,2025-07-29 12:44:05,43.1329078674316,-8.47023773193359,"Unknown"
"7014851",371865,2025-07-29 12:48:37,43.1334533691406,-8.47067070007324,"Unknown"
"7014851",371865,2025-07-29 12:53:40,43.1327972412109,-8.47004699707031,"Unknown"
"7014851",371865,2025-07-29 12:58:47,43.1328201293945,-8.47016716003418,"Unknown"
"7014851",371865,2025-07-29 13:03:35,43.1327857971191,-8.47007369995117,"Unknown"
"7014851",371865,2025-07-29 13:08:40,43.1331062316895,-8.47031879425049,"Unknown"
"7014851",371865,2025-07-29 13:13:45,43.1328048706055,-8.47018718719482,"Unknown"
"7014851",371865,2025-07-29 13:18:38,43.1329193115234,-8.47021579742432,"Unknown"
"7014851",371865,2025-07-29 13:24:14,43.1329345703125,-8.47019863128662,"Unknown"
"7014851",371865,2025-07-29 13:28:43,43.132869720459,-8.47015190124512,"Unknown"
"7014851",371865,2025-07-29 13:33:40,43.1328811645508,-8.47022247314453,"Unknown"
"7014851",371865,2025-07-29 13:38:39,43.1332244873047,-8.47081470489502,"Unknown"
"7014851",371865,2025-07-29 13:43:39,43.1334838867188,-8.47131443023682,"Unknown"
"7014851",371865,2025-07-29 13:48:42,43.1329345703125,-8.47023296356201,"Unknown"
"7014851",371865,2025-07-29 13:53:39,43.1329689025879,-8.47019672393799,"Unknown"
"7014851",371865,2025-07-29 13:58:39,43.1327018737793,-8.46979713439941,"Unknown"
"7014851",371865,2025-07-29 14:03:37,43.1331520080566,-8.47064971923828,"Unknown"
"7014851",371865,2025-07-29 14:08:39,43.1329345703125,-8.47028636932373,"Unknown"
"7014851",371865,2025-07-29 14:13:41,43.1332740783691,-8.47102737426758,"Unknown"
"7014851",371865,2025-07-29 14:18:49,43.1328773498535,-8.47025299072266,"Unknown"
"7014851",371865,2025-07-29 14:23:50,43.1330490112305,-8.47028732299805,"Unknown"
"7014851",371865,2025-07-29 14:28:49,43.1329154968262,-8.47018146514893,"Unknown"
"7014851",371865,2025-07-29 14:33:49,43.1329574584961,-8.47029876708984,"Unknown"
"7014851",371865,2025-07-29 14:38:49,43.1328544616699,-8.47037124633789,"Unknown"
"7014851",371865,2025-07-29 14:43:49,43.133056640625,-8.47010898590088,"Unknown"
"7014851",371865,2025-07-29 14:49:14,43.1329193115234,-8.4700927734375,"Unknown"
"7014851",371865,2025-07-29 14:53:37,43.1328659057617,-8.47012329101562,"Unknown"
"7014851",371865,2025-07-29 14:58:37,43.1329536437988,-8.47020626068115,"Unknown"
"7014851",371865,2025-07-29 15:03:35,43.1328887939453,-8.47011280059814,"Unknown"
"7014851",371865,2025-07-29 15:08:37,43.1329383850098,-8.47010231018066,"Unknown"
"7014851",371865,2025-07-29 15:13:37,43.1327934265137,-8.46998405456543,"Unknown"
"7014851",371865,2025-07-29 15:18:38,43.1332817077637,-8.47025680541992,"Unknown"
"7014851",371865,2025-07-29 15:23:39,43.1312065124512,-8.47037124633789,"Unknown"
"7014851",371865,2025-07-29 15:28:40,43.1307106018066,-8.46997833251953,"Unknown"
"7014851",371865,2025-07-29 15:33:38,43.1305923461914,-8.47003650665283,"Unknown"
"7014851",371865,2025-07-29 15:38:49,43.1307487487793,-8.47031879425049,"Unknown"
"7014851",371865,2025-07-29 15:43:57,43.1309013366699,-8.47069835662842,"Unknown"
"7014851",371865,2025-07-29 15:49:05,43.1308326721191,-8.47057819366455,"Unknown"
"7014851",371865,2025-07-29 15:53:41,43.1306076049805,-8.47027587890625,"Unknown"
"7014851",371865,2025-07-29 15:59:14,43.1306343078613,-8.47031307220459,"Unknown"
"7014851",371865,2025-07-29 16:03:39,43.1310768127441,-8.47145748138428,"Unknown"
"7014851",371865,2025-07-29 16:08:42,43.1311187744141,-8.47129440307617,"Unknown"
"7014851",371865,2025-07-29 16:13:35,43.1308135986328,-8.47158050537109,"Unknown"
"7014851",371865,2025-07-29 16:18:37,43.1308479309082,-8.47173500061035,"Unknown"
"7014851",371865,2025-07-29 16:23:46,43.1308555603027,-8.47228050231934,"Unknown"
"7014851",371865,2025-07-29 16:28:43,43.1305961608887,-8.47177314758301,"Unknown"
"7014851",371865,2025-07-29 16:33:40,43.1307067871094,-8.47176361083984,"Unknown"
"7014851",371865,2025-07-29 16:39:13,43.1303367614746,-8.4700288772583,"Unknown"
"7014851",371865,2025-07-29 16:43:52,43.1307106018066,-8.47101783752441,"Unknown"
"7014851",371865,2025-07-29 16:49:05,43.1304016113281,-8.47000980377197,"Unknown"
"7014851",371865,2025-07-29 16:53:38,43.1305274963379,-8.47020244598389,"Unknown"
"7014851",371865,2025-07-29 16:58:38,43.1302871704102,-8.46985721588135,"Unknown"
"7014851",371865,2025-07-29 17:03:37,43.1308135986328,-8.47089004516602,"Unknown"
"7014851",371865,2025-07-29 17:08:38,43.1308937072754,-8.47121524810791,"Unknown"
"7014851",371865,2025-07-29 17:13:39,43.1305770874023,-8.47137260437012,"Unknown"
"7014851",371865,2025-07-29 17:18:41,43.1308860778809,-8.47194290161133,"Unknown"
"7014851",371865,2025-07-29 17:23:51,43.130558013916,-8.47250080108643,"Unknown"
"7014851",371865,2025-07-29 17:28:38,43.1307983398438,-8.47328758239746,"Unknown"
"7014851",371865,2025-07-29 17:33:40,43.1313591003418,-8.47266292572021,"Unknown"
"7014851",371865,2025-07-29 17:38:42,43.1318092346191,-8.47496032714844,"Unknown"
"7014851",371865,2025-07-29 17:44:00,43.1302261352539,-8.4719409942627,"Unknown"
"7014851",371865,2025-07-29 17:48:38,43.1433715820312,-8.4908504486084,"Unknown"
"7014851",371865,2025-07-29 17:53:41,43.1570434570312,-8.5181360244751,"Unknown"
"7014851",371865,2025-07-29 17:58:42,43.1661682128906,-8.56430339813232,"Unknown"
"7014851",371865,2025-07-29 18:04:06,43.1828575134277,-8.58127212524414,"Unknown"
"7014851",371865,2025-07-29 18:08:36,43.1999359130859,-8.60460186004639,"Unknown"
"7014851",371865,2025-07-29 18:13:36,43.2209358215332,-8.62261199951172,"Unknown"
"7014851",371865,2025-07-29 18:18:43,43.2447509765625,-8.641432762146,"Unknown"
"7014851",371865,2025-07-29 18:23:36,43.2659034729004,-8.6558084487915,"Unknown"
"7014851",371865,2025-07-29 18:28:37,43.290210723877,-8.69249057769775,"Unknown"
"7014851",371865,2025-07-29 18:33:48,43.2917976379395,-8.69725608825684,"Unknown"
"7014851",371865,2025-07-29 18:38:36,43.2918548583984,-8.69725799560547,"Unknown"
"7014851",371865,2025-07-29 18:43:37,43.2924575805664,-8.69978618621826,"Unknown"
"7014851",371865,2025-07-29 18:48:38,43.2920684814453,-8.69782161712646,"Unknown"
"7014851",371865,2025-07-29 18:53:40,43.2924995422363,-8.72402858734131,"Unknown"
"7014851",371865,2025-07-29 18:58:40,43.3040199279785,-8.77661609649658,"Unknown"
"7014851",371865,2025-07-29 19:03:40,43.3218650817871,-8.81592082977295,"Unknown"
"7014851",371865,2025-07-29 19:08:42,43.3423271179199,-8.83800983428955,"Unknown"
"7014851",371865,2025-07-29 19:14:06,43.3576049804688,-8.84500217437744,"Unknown"
"7014851",371865,2025-07-29 19:18:35,43.3576049804688,-8.84497737884521,"Unknown"
"7014851",371865,2025-07-29 19:23:38,43.3573265075684,-8.84457206726074,"Unknown"
"7014851",371865,2025-07-29 19:28:40,43.3576164245605,-8.84496784210205,"Unknown"
"7014851",371865,2025-07-29 19:33:40,43.3576431274414,-8.84493446350098,"Unknown"
"7014851",371865,2025-07-29 19:38:39,43.3582725524902,-8.84554481506348,"Unknown"
"7014851",371865,2025-07-29 19:43:47,43.357551574707,-8.8449821472168,"Unknown"
"7014851",371865,2025-07-29 19:48:47,43.3575630187988,-8.84490489959717,"Unknown"
"7014851",371865,2025-07-29 19:53:43,43.3575592041016,-8.84501361846924,"Unknown"
"7014851",371865,2025-07-29 19:58:47,43.3577346801758,-8.84584712982178,"Unknown"
"7014851",371865,2025-07-29 20:03:47,43.3575897216797,-8.84503078460693,"Unknown"
"7014851",371865,2025-07-29 20:08:47,43.3575744628906,-8.84469604492188,"Unknown"
"7014851",371865,2025-07-29 20:13:47,43.3576850891113,-8.84516429901123,"Unknown"
"7014851",371865,2025-07-29 20:18:48,43.3576927185059,-8.84498500823975,"Unknown"
"7014851",371865,2025-07-29 20:24:05,43.3575401306152,-8.84505271911621,"Unknown"
"7014851",371865,2025-07-29 20:28:40,43.3575820922852,-8.84507942199707,"Unknown"
"7014851",371865,2025-07-29 20:33:35,43.3575592041016,-8.84508800506592,"Unknown"
"7014851",371865,2025-07-29 20:38:35,43.3575897216797,-8.84502124786377,"Unknown"
"7014851",371865,2025-07-29 20:43:35,43.3575897216797,-8.84510803222656,"Unknown"
"7014851",371865,2025-07-29 20:48:35,43.3575820922852,-8.84495735168457,"Unknown"
"7014851",371865,2025-07-29 20:53:35,43.357593536377,-8.84504318237305,"Unknown"
"7014851",371865,2025-07-29 20:58:35,43.3575859069824,-8.84503936767578,"Unknown"
"7014851",371865,2025-07-29 21:03:35,43.3576240539551,-8.8449592590332,"Unknown"
"7014851",371865,2025-07-29 21:08:40,43.3575325012207,-8.84502696990967,"Unknown"
"7014851",371865,2025-07-29 21:13:39,43.3575973510742,-8.84493255615234,"Unknown"
"7014851",371865,2025-07-29 21:18:36,43.3575592041016,-8.84497547149658,"Unknown"
"7014851",371865,2025-07-29 21:23:38,43.3576316833496,-8.84491157531738,"Unknown"
"7014851",371865,2025-07-29 21:28:35,43.3576774597168,-8.84508609771729,"Unknown"
"7014851",371865,2025-07-29 21:33:38,43.3576240539551,-8.84496974945068,"Unknown"
"7014851",371865,2025-07-29 21:38:35,43.3576049804688,-8.845046043396,"Unknown"
"7014851",371865,2025-07-29 21:44:05,43.3575592041016,-8.845046043396,"Unknown"
"7014851",371865,2025-07-29 21:48:35,43.3575668334961,-8.84499835968018,"Unknown"
"7014851",371865,2025-07-29 21:53:35,43.3576202392578,-8.84494876861572,"Unknown"
"7014851",371865,2025-07-29 21:58:36,43.357593536377,-8.84506225585938,"Unknown"
"7014851",371865,2025-07-29 22:03:43,43.3576583862305,-8.84506416320801,"Unknown"
"7014851",371865,2025-07-29 22:08:35,43.3576278686523,-8.84507274627686,"Unknown"
"7014851",371865,2025-07-29 22:13:36,43.3576126098633,-8.8449649810791,"Unknown"
"7014851",371865,2025-07-29 22:19:04,43.3576126098633,-8.84502696990967,"Unknown"
"7014851",371865,2025-07-29 22:23:35,43.3575744628906,-8.84502124786377,"Unknown"
"7014851",371865,2025-07-29 22:28:35,43.3576202392578,-8.84505081176758,"Unknown"
"7014851",371865,2025-07-29 22:33:36,43.3575630187988,-8.84502410888672,"Unknown"
"7014851",371865,2025-07-29 22:38:35,43.3575782775879,-8.8450984954834,"Unknown"
"7014851",371865,2025-07-29 22:43:36,43.3576316833496,-8.84503746032715,"Unknown"
"7014851",371865,2025-07-29 22:48:35,43.3576393127441,-8.84494972229004,"Unknown"
"7014851",371865,2025-07-29 22:53:35,43.3575668334961,-8.8450813293457,"Unknown"
"7014851",371865,2025-07-29 22:58:36,43.357608795166,-8.84506034851074,"Unknown"
"7014851",371865,2025-07-29 23:03:35,43.3574905395508,-8.84515190124512,"Unknown"
"7014851",371865,2025-07-29 23:08:36,43.3576011657715,-8.84504985809326,"Unknown"
"7014851",371865,2025-07-29 23:13:34,43.3575172424316,-8.84511280059814,"Unknown"
"7014851",371865,2025-07-29 23:18:35,43.3575820922852,-8.84500694274902,"Unknown"
"7014851",371865,2025-07-29 23:23:37,43.3576507568359,-8.84501934051514,"Unknown"
"7014851",371865,2025-07-29 23:28:36,43.3576431274414,-8.84509658813477,"Unknown"
"7014851",371865,2025-07-29 23:33:36,43.3577499389648,-8.84510517120361,"Unknown"
"7014851",371865,2025-07-29 23:38:38,43.3578796386719,-8.84509754180908,"Unknown"
"7014851",371865,2025-07-29 23:43:37,43.3575210571289,-8.84505844116211,"Unknown"
"7014851",371865,2025-07-29 23:48:35,43.3576202392578,-8.84504127502441,"Unknown"
"7014851",371865,2025-07-29 23:54:05,43.3575706481934,-8.84502220153809,"Unknown"
"7014851",371865,2025-07-29 23:58:36,43.3575820922852,-8.84511661529541,"Unknown"
"7014851",371865,2025-07-30 00:03:45,43.3576583862305,-8.84505081176758,"Unknown"
"7014851",371865,2025-07-30 00:08:35,43.3575744628906,-8.84513759613037,"Unknown"
"7014851",371865,2025-07-30 00:13:40,43.357608795166,-8.84508800506592,"Unknown"
"7014851",371865,2025-07-30 00:18:41,43.3576393127441,-8.84504127502441,"Unknown"
"7014851",371865,2025-07-30 00:23:44,43.3576354980469,-8.84505176544189,"Unknown"
"7014851",371865,2025-07-30 00:28:41,43.3576278686523,-8.84507369995117,"Unknown"
"7014851",371865,2025-07-30 00:33:42,43.3576507568359,-8.84507942199707,"Unknown"
"7014851",371865,2025-07-30 00:38:43,43.3576126098633,-8.84504699707031,"Unknown"
"7014851",371865,2025-07-30 00:43:36,43.3576278686523,-8.84506130218506,"Unknown"
"7014851",371865,2025-07-30 00:48:34,43.3579063415527,-8.84537696838379,"Unknown"
"7014851",371865,2025-07-30 00:53:38,43.3576126098633,-8.84507083892822,"Unknown"
"7014851",371865,2025-07-30 00:58:42,43.3576126098633,-8.84503078460693,"Unknown"
"7014851",371865,2025-07-30 01:03:42,43.3575706481934,-8.84507369995117,"Unknown"
"7014851",371865,2025-07-30 01:08:42,43.3577728271484,-8.84509754180908,"Unknown"
"7014851",371865,2025-07-30 01:13:40,43.3575172424316,-8.84492588043213,"Unknown"
"7014851",371865,2025-07-30 01:18:42,43.3575553894043,-8.84501647949219,"Unknown"
"7014851",371865,2025-07-30 01:23:43,43.3577613830566,-8.84504699707031,"Unknown"
"7014851",371865,2025-07-30 01:28:43,43.3578186035156,-8.84511280059814,"Unknown"
"7014851",371865,2025-07-30 01:34:05,43.3575439453125,-8.84505367279053,"Unknown"
"7014851",371865,2025-07-30 01:38:35,43.3576507568359,-8.8449821472168,"Unknown"
"7014851",371865,2025-07-30 01:43:34,43.3575248718262,-8.84507846832275,"Unknown"
"7014851",371865,2025-07-30 01:48:34,43.3575782775879,-8.84502410888672,"Unknown"
"7014851",371865,2025-07-30 01:53:34,43.3575172424316,-8.84506130218506,"Unknown"
"7014851",371865,2025-07-30 01:58:34,43.3575592041016,-8.84504413604736,"Unknown"
"7014851",371865,2025-07-30 02:03:34,43.3575553894043,-8.84499359130859,"Unknown"
"7014851",371865,2025-07-30 02:08:35,43.3573799133301,-8.84555625915527,"Unknown"
"7014851",371865,2025-07-30 02:13:37,43.3575859069824,-8.84508991241455,"Unknown"
"7014851",371865,2025-07-30 02:18:37,43.3575973510742,-8.84517097473145,"Unknown"
"7014851",371865,2025-07-30 02:23:37,43.3575477600098,-8.84514045715332,"Unknown"
"7014851",371865,2025-07-30 02:28:35,43.3574066162109,-8.84545707702637,"Unknown"
"7014851",371865,2025-07-30 02:33:37,43.3575325012207,-8.84535503387451,"Unknown"
"7014851",371865,2025-07-30 02:38:37,43.3575286865234,-8.8451452255249,"Unknown"
"7014851",371865,2025-07-30 02:43:39,43.3574867248535,-8.84515857696533,"Unknown"
"7014851",371865,2025-07-30 02:48:38,43.357551574707,-8.84512805938721,"Unknown"
"7014851",371865,2025-07-30 02:53:39,43.3575973510742,-8.84512138366699,"Unknown"
"7014851",371865,2025-07-30 02:58:39,43.3575401306152,-8.84510135650635,"Unknown"
"7014851",371865,2025-07-30 03:03:42,43.3575744628906,-8.84504890441895,"Unknown"
"7014851",371865,2025-07-30 03:08:40,43.3575210571289,-8.84502601623535,"Unknown"
"7014851",371865,2025-07-30 03:13:36,43.3574638366699,-8.84521961212158,"Unknown"
"7014851",371865,2025-07-30 03:18:36,43.3573226928711,-8.84498691558838,"Unknown"
"7014851",371865,2025-07-30 03:23:36,43.3574714660645,-8.84509181976318,"Unknown"
"7014851",371865,2025-07-30 03:28:39,43.3574485778809,-8.8448543548584,"Unknown"
"7014851",371865,2025-07-30 03:33:41,43.357421875,-8.84473419189453,"Unknown"
"7014851",371865,2025-07-30 03:39:05,43.3576316833496,-8.8450403213501,"Unknown"
"7014851",371865,2025-07-30 03:43:34,43.3575973510742,-8.845046043396,"Unknown"
"7014851",371865,2025-07-30 03:48:34,43.3576049804688,-8.84501171112061,"Unknown"
"7014851",371865,2025-07-30 03:53:34,43.3576164245605,-8.84499073028564,"Unknown"
"7014851",371865,2025-07-30 03:58:35,43.357593536377,-8.84507179260254,"Unknown"
"7014851",371865,2025-07-30 04:03:44,43.3576965332031,-8.84501266479492,"Unknown"
"7014851",371865,2025-07-30 04:08:34,43.3575706481934,-8.84509944915771,"Unknown"
"7014851",371865,2025-07-30 04:13:35,43.3576622009277,-8.84498310089111,"Unknown"
"7014851",371865,2025-07-30 04:18:39,43.3577346801758,-8.84485244750977,"Unknown"
"7014851",371865,2025-07-30 04:23:35,43.3577156066895,-8.84492778778076,"Unknown"
"7014851",371865,2025-07-30 04:28:34,43.357608795166,-8.84501934051514,"Unknown"
"7014851",371865,2025-07-30 04:33:37,43.3577194213867,-8.84501075744629,"Unknown"
"7014851",371865,2025-07-30 04:38:36,43.3572845458984,-8.84507179260254,"Unknown"
"7014851",371865,2025-07-30 04:43:36,43.3574981689453,-8.84391403198242,"Unknown"
"7014851",371865,2025-07-30 04:48:36,43.3574600219727,-8.84512519836426,"Unknown"
"7014851",371865,2025-07-30 04:53:35,43.3572998046875,-8.84507751464844,"Unknown"
"7014851",371865,2025-07-30 04:58:35,43.3579025268555,-8.84530544281006,"Unknown"
"7014851",371865,2025-07-30 05:03:37,43.3575210571289,-8.84519195556641,"Unknown"
"7014851",371865,2025-07-30 05:08:37,43.3575401306152,-8.8451623916626,"Unknown"
"7014851",371865,2025-07-30 05:13:36,43.3570518493652,-8.84473705291748,"Unknown"
"7014851",371865,2025-07-30 05:18:39,43.3574180603027,-8.84486770629883,"Unknown"
"7014851",371865,2025-07-30 05:23:38,43.3575706481934,-8.84532642364502,"Unknown"
"7014851",371865,2025-07-30 05:28:35,43.3576698303223,-8.84604644775391,"Unknown"
"7014851",371865,2025-07-30 05:33:39,43.3575248718262,-8.84511566162109,"Unknown"
"7014851",371865,2025-07-30 05:38:39,43.3575859069824,-8.84517288208008,"Unknown"
"7014851",371865,2025-07-30 05:43:39,43.3576126098633,-8.84521675109863,"Unknown"
"7014851",371865,2025-07-30 05:48:39,43.3574409484863,-8.84520816802979,"Unknown"
"7014851",371865,2025-07-30 05:53:38,43.3575859069824,-8.84521007537842,"Unknown"
"7014851",371865,2025-07-30 05:58:42,43.3576393127441,-8.84529876708984,"Unknown"
"7014851",371865,2025-07-30 06:04:05,43.3575782775879,-8.84515190124512,"Unknown"
"7014851",371865,2025-07-30 06:08:40,43.3576126098633,-8.84509563446045,"Unknown"
"7014851",371865,2025-07-30 06:13:39,43.357608795166,-8.84503650665283,"Unknown"
"7014851",371865,2025-07-30 06:18:39,43.357593536377,-8.84513378143311,"Unknown"
"7014851",371865,2025-07-30 06:23:35,43.3576850891113,-8.84526920318604,"Unknown"
"7014851",371865,2025-07-30 06:28:37,43.3575668334961,-8.84515953063965,"Unknown"
"7014851",371865,2025-07-30 06:33:41,43.3576774597168,-8.84514427185059,"Unknown"
"7014851",371865,2025-07-30 06:38:35,43.3575248718262,-8.84471225738525,"Unknown"
"7014851",371865,2025-07-30 06:43:39,43.3576698303223,-8.84523105621338,"Unknown"
"7014851",371865,2025-07-30 06:48:35,43.3575630187988,-8.8449878692627,"Unknown"
"7014851",371865,2025-07-30 06:53:42,43.3576850891113,-8.84520530700684,"Unknown"
"7014851",371865,2025-07-30 06:58:38,43.3580703735352,-8.84469223022461,"Unknown"
"7014851",371865,2025-07-30 07:03:39,43.357666015625,-8.84524250030518,"Unknown"
"7014851",371865,2025-07-30 07:08:39,43.3576545715332,-8.84505653381348,"Unknown"
"7014851",371865,2025-07-30 07:13:46,43.3576164245605,-8.84520053863525,"Unknown"
"7014851",371865,2025-07-30 07:18:45,43.3575782775879,-8.84536266326904,"Unknown"
"7014851",371865,2025-07-30 07:23:42,43.3575668334961,-8.84533500671387,"Unknown"
"7014851",371865,2025-07-30 07:28:40,43.3606147766113,-8.84795475006104,"Unknown"
"7014851",371865,2025-07-30 07:33:50,43.3573265075684,-8.84530448913574,"Unknown"
"7014851",371865,2025-07-30 07:38:43,43.3577308654785,-8.84515571594238,"Unknown"
"7014851",371865,2025-07-30 07:43:47,43.3578186035156,-8.84512805938721,"Unknown"
"7014851",371865,2025-07-30 07:49:05,43.3576393127441,-8.84515190124512,"Unknown"
"7014851",371865,2025-07-30 07:53:35,43.3578796386719,-8.84472942352295,"Unknown"
"7014851",371865,2025-07-30 07:58:37,43.3576126098633,-8.84514999389648,"Unknown"
"7014851",371865,2025-07-30 08:03:36,43.3576736450195,-8.84503650665283,"Unknown"
"7014851",371865,2025-07-30 08:08:34,43.3576011657715,-8.84514713287354,"Unknown"
"7014851",371865,2025-07-30 08:13:35,43.3577308654785,-8.8450231552124,"Unknown"
"7014851",371865,2025-07-30 08:18:36,43.3578300476074,-8.84470176696777,"Unknown"
"7014851",371865,2025-07-30 08:23:37,43.3575019836426,-8.84511661529541,"Unknown"
"7014851",371865,2025-07-30 08:28:42,43.3578567504883,-8.84488487243652,"Unknown"
"7014851",371865,2025-07-30 08:33:42,43.3577728271484,-8.84499454498291,"Unknown"
"7014851",371865,2025-07-30 08:39:05,43.3605079650879,-8.84660911560059,"Unknown"
"7014851",371865,2025-07-30 08:43:34,43.3694114685059,-8.8748197555542,"Unknown"
"7014851",371865,2025-07-30 08:48:37,43.369514465332,-8.87359523773193,"Unknown"
"7014851",371865,2025-07-30 08:53:35,43.3683166503906,-8.87586307525635,"Unknown"
"7014851",371865,2025-07-30 08:58:37,43.3648643493652,-8.88232612609863,"Unknown"
"7014851",371865,2025-07-30 09:03:34,43.3635940551758,-8.8801212310791,"Unknown"
"7014851",371865,2025-07-30 09:08:36,43.3556327819824,-8.85402774810791,"Unknown"
"7014851",371865,2025-07-30 09:13:38,43.3576240539551,-8.84491062164307,"Unknown"
"7014851",371865,2025-07-30 09:18:38,43.3575668334961,-8.84512519836426,"Unknown"
"7014851",371865,2025-07-30 09:23:34,43.357723236084,-8.84489917755127,"Unknown"
"7014851",371865,2025-07-30 09:28:37,43.3576583862305,-8.84498119354248,"Unknown"
"7014851",371865,2025-07-30 09:33:36,43.357608795166,-8.845046043396,"Unknown"
"7014851",371865,2025-07-30 09:38:34,43.3577346801758,-8.84491634368896,"Unknown"
"7014851",371865,2025-07-30 09:43:36,43.3575706481934,-8.84505271911621,"Unknown"
"7014851",371865,2025-07-30 09:48:36,43.3577461242676,-8.84515571594238,"Unknown"
"7014851",371865,2025-07-30 09:53:36,43.3577651977539,-8.84495449066162,"Unknown"
"7014851",371865,2025-07-30 09:58:38,43.3577499389648,-8.84503078460693,"Unknown"
"7014851",371865,2025-07-30 10:03:35,43.3577308654785,-8.84504413604736,"Unknown"
"7014851",371865,2025-07-30 10:08:35,43.3577880859375,-8.84500503540039,"Unknown"
"7014851",371865,2025-07-30 10:13:35,43.3577537536621,-8.84498405456543,"Unknown"
"7014851",371865,2025-07-30 10:18:36,43.3576126098633,-8.84506034851074,"Unknown"
"7014851",371865,2025-07-30 10:24:01,43.357723236084,-8.84504985809326,"Unknown"
"7014851",371865,2025-07-30 10:28:36,43.3576393127441,-8.84498310089111,"Unknown"
"7014851",371865,2025-07-30 10:33:35,43.3576469421387,-8.8450756072998,"Unknown"
"7014851",371865,2025-07-30 10:38:36,43.3576583862305,-8.84504413604736,"Unknown"
"7014851",371865,2025-07-30 10:43:36,43.3577003479004,-8.84502696990967,"Unknown"
"7014851",371865,2025-07-30 10:48:35,43.3576812744141,-8.8450174331665,"Unknown"
"7014851",371865,2025-07-30 10:53:35,43.3576622009277,-8.84503173828125,"Unknown"
"7014851",371865,2025-07-30 10:58:34,43.357666015625,-8.84499454498291,"Unknown"
"7014851",371865,2025-07-30 11:03:36,43.3576850891113,-8.84491634368896,"Unknown"
"7014851",371865,2025-07-30 11:08:37,43.3576736450195,-8.84496879577637,"Unknown"
"7014851",371865,2025-07-30 11:13:36,43.3576965332031,-8.84494113922119,"Unknown"
"7014851",371865,2025-07-30 11:18:36,43.3576889038086,-8.84496688842773,"Unknown"
"7014851",371865,2025-07-30 11:23:36,43.3576850891113,-8.84491729736328,"Unknown"
"7014851",371865,2025-07-30 11:28:36,43.3576927185059,-8.84499549865723,"Unknown"
"7014851",371865,2025-07-30 11:33:36,43.3576927185059,-8.84500694274902,"Unknown"
"7014851",371865,2025-07-30 11:38:36,43.3577079772949,-8.84493827819824,"Unknown"
"7014851",371865,2025-07-30 11:43:44,43.3576927185059,-8.84494972229004,"Unknown"
"7014851",371865,2025-07-30 11:48:38,43.3577346801758,-8.84489917755127,"Unknown"
"7014851",371865,2025-07-30 11:53:37,43.3576965332031,-8.84491920471191,"Unknown"
"7014851",371865,2025-07-30 11:58:39,43.3577766418457,-8.84489059448242,"Unknown"
"7014851",371865,2025-07-30 12:03:43,43.3576393127441,-8.845046043396,"Unknown"
"7014851",371865,2025-07-30 12:09:05,43.3576354980469,-8.84503650665283,"Unknown"
"7014851",371865,2025-07-30 12:13:34,43.3611640930176,-8.84804821014404,"Unknown"
"7014851",371865,2025-07-30 12:18:37,43.3575325012207,-8.84508419036865,"Unknown"
"7014851",371865,2025-07-30 12:23:35,43.3576049804688,-8.84505367279053,"Unknown"
"7014851",371865,2025-07-30 12:28:34,43.3575553894043,-8.84495735168457,"Unknown"
"7014851",371865,2025-07-30 12:33:35,43.3575820922852,-8.84503269195557,"Unknown"
"7014851",371865,2025-07-30 12:38:36,43.357608795166,-8.84502506256104,"Unknown"
"7014851",371865,2025-07-30 12:43:36,43.3576011657715,-8.84500885009766,"Unknown"
"7014851",371865,2025-07-30 12:48:37,43.3575286865234,-8.84492969512939,"Unknown"
"7014851",371865,2025-07-30 12:53:38,43.3575820922852,-8.84495735168457,"Unknown"
"7014851",371865,2025-07-30 12:58:36,43.3576469421387,-8.84504508972168,"Unknown"
"7014851",371865,2025-07-30 13:03:35,43.3576126098633,-8.84500026702881,"Unknown"
"7014851",371865,2025-07-30 13:08:37,43.3576698303223,-8.84504413604736,"Unknown"
"7014851",371865,2025-07-30 13:13:38,43.3576850891113,-8.84503173828125,"Unknown"
"7014851",371865,2025-07-30 13:18:35,43.3575744628906,-8.84500789642334,"Unknown"
"7014851",371865,2025-07-30 13:23:35,43.357666015625,-8.84505653381348,"Unknown"
"7014851",371865,2025-07-30 13:28:36,43.3576927185059,-8.84507083892822,"Unknown"
"7014851",371865,2025-07-30 13:33:35,43.3577575683594,-8.84517002105713,"Unknown"
"7014851",371865,2025-07-30 13:38:39,43.3577079772949,-8.84513473510742,"Unknown"
"7014851",371865,2025-07-30 13:43:38,43.3575706481934,-8.84504222869873,"Unknown"
"7014851",371865,2025-07-30 13:48:37,43.3576545715332,-8.84511470794678,"Unknown"
"7014851",371865,2025-07-30 13:53:38,43.3575630187988,-8.84497165679932,"Unknown"
"7014851",371865,2025-07-30 13:58:55,43.3576545715332,-8.84506797790527,"Unknown"
"7014851",371865,2025-07-30 14:03:39,43.3576126098633,-8.84496784210205,"Unknown"
"7014851",371865,2025-07-30 14:08:39,43.3575401306152,-8.84501075744629,"Unknown"
"7014851",371865,2025-07-30 14:14:03,43.3576316833496,-8.84503650665283,"Unknown"
"7014851",371865,2025-07-30 14:18:37,43.3576583862305,-8.84504127502441,"Unknown"
"7014851",371865,2025-07-30 14:23:36,43.3576393127441,-8.84503936767578,"Unknown"
"7014851",371865,2025-07-30 14:28:36,43.357608795166,-8.84513092041016,"Unknown"
"7014851",371865,2025-07-30 14:33:36,43.3575859069824,-8.84526252746582,"Unknown"
"7014851",371865,2025-07-30 14:38:35,43.3576431274414,-8.84521865844727,"Unknown"
"7014851",371865,2025-07-30 14:43:38,43.3576431274414,-8.84510612487793,"Unknown"
"7014851",371865,2025-07-30 14:49:00,43.3576011657715,-8.84516429901123,"Unknown"
"7014851",371865,2025-07-30 14:53:41,43.3575973510742,-8.84512901306152,"Unknown"
"7014851",371865,2025-07-30 14:58:37,43.3576545715332,-8.84500026702881,"Unknown"
"7014851",371865,2025-07-30 15:03:37,43.3575744628906,-8.84520149230957,"Unknown"
"7014851",371865,2025-07-30 15:08:37,43.3577575683594,-8.84496974945068,"Unknown"
"7014851",371865,2025-07-30 15:13:41,43.3577003479004,-8.84507083892822,"Unknown"
"7014851",371865,2025-07-30 15:18:37,43.357608795166,-8.84510326385498,"Unknown"
"7014851",371865,2025-07-30 15:23:39,43.3572387695312,-8.84517955780029,"Unknown"
"7014851",371865,2025-07-30 15:28:37,43.3576850891113,-8.84508037567139,"Unknown"
"7014851",371865,2025-07-30 15:33:36,43.3577117919922,-8.84502792358398,"Unknown"
"7014851",371865,2025-07-30 15:38:37,43.3576049804688,-8.84507274627686,"Unknown"
"7014851",371865,2025-07-30 15:43:37,43.3577346801758,-8.8449764251709,"Unknown"
"7014851",371865,2025-07-30 15:48:46,43.3576507568359,-8.84521579742432,"Unknown"
"7014851",371865,2025-07-30 15:53:36,43.3577499389648,-8.84515762329102,"Unknown"
"7014851",371865,2025-07-30 15:58:37,43.3576164245605,-8.84516525268555,"Unknown"
"7014851",371865,2025-07-30 16:04:05,43.3575897216797,-8.84516620635986,"Unknown"
"7014851",371865,2025-07-30 16:08:36,43.3574867248535,-8.84513378143311,"Unknown"
"7014851",371865,2025-07-30 16:13:42,43.3574905395508,-8.84515476226807,"Unknown"
"7014851",371865,2025-07-30 16:18:40,43.3575973510742,-8.84503078460693,"Unknown"
"7014851",371865,2025-07-30 16:23:37,43.3575401306152,-8.84504890441895,"Unknown"
"7014851",371865,2025-07-30 16:28:36,43.3575172424316,-8.84506034851074,"Unknown"
"7014851",371865,2025-07-30 16:33:36,43.357551574707,-8.84505367279053,"Unknown"
"7014851",371865,2025-07-30 16:38:36,43.3576316833496,-8.84503078460693,"Unknown"
"7014851",371865,2025-07-30 16:43:36,43.3575668334961,-8.84501838684082,"Unknown"
"7014851",371865,2025-07-30 16:48:36,43.3575210571289,-8.8450403213501,"Unknown"
"7014851",371865,2025-07-30 16:53:36,43.3576736450195,-8.84493255615234,"Unknown"
"7014851",371865,2025-07-30 16:58:37,43.3575973510742,-8.84498977661133,"Unknown"
"7014851",371865,2025-07-30 17:03:37,43.3581695556641,-8.84452629089355,"Unknown"
"7014851",371865,2025-07-30 17:08:38,43.3577346801758,-8.84491443634033,"Unknown"
"7014851",371865,2025-07-30 17:13:37,43.3574867248535,-8.84504890441895,"Unknown"
"7014851",371865,2025-07-30 17:18:47,43.3576011657715,-8.84488868713379,"Unknown"
"7014851",371865,2025-07-30 17:23:49,43.3575592041016,-8.84494495391846,"Unknown"
"7014851",371865,2025-07-30 17:28:41,43.3576583862305,-8.84500503540039,"Unknown"
"7014851",371865,2025-07-30 17:33:39,43.3576049804688,-8.84489822387695,"Unknown"
"7014851",371865,2025-07-30 17:38:38,43.3576011657715,-8.84505844116211,"Unknown"
"7014851",371865,2025-07-30 17:43:36,43.3576126098633,-8.84517288208008,"Unknown"
"7014851",371865,2025-07-30 17:48:51,43.3574638366699,-8.84474658966064,"Unknown"
"7014851",371865,2025-07-30 17:53:39,43.357494354248,-8.84439468383789,"Unknown"
"7014851",371865,2025-07-30 17:58:42,43.3575172424316,-8.84489440917969,"Unknown"
"7014851",371865,2025-07-30 18:04:05,43.3575859069824,-8.84500408172607,"Unknown"
"7014851",371865,2025-07-30 18:08:36,43.3576278686523,-8.84496784210205,"Unknown"
"7014851",371865,2025-07-30 18:13:36,43.3605499267578,-8.8469705581665,"Unknown"
"7014851",371865,2025-07-30 18:18:36,43.3550415039062,-8.83196258544922,"Unknown"
"7014851",371865,2025-07-30 18:23:36,43.3575401306152,-8.83255577087402,"Unknown"
"7014851",371865,2025-07-30 18:28:36,43.3607482910156,-8.83309936523438,"Unknown"
"7014851",371865,2025-07-30 18:33:36,43.3553009033203,-8.83183479309082,"Unknown"
"7014851",371865,2025-07-30 18:38:36,43.3607368469238,-8.83308410644531,"Unknown"
"7014851",371865,2025-07-30 18:43:37,43.3694496154785,-8.8314323425293,"Unknown"
"7014851",371865,2025-07-30 18:48:37,43.3715438842773,-8.83159923553467,"Unknown"
"7014851",371865,2025-07-30 18:53:36,43.3714027404785,-8.83181667327881,"Unknown"
"7014851",371865,2025-07-30 18:58:36,43.357982635498,-8.84544372558594,"Unknown"
"7014851",371865,2025-07-30 19:03:38,43.3576774597168,-8.84518814086914,"Unknown"
"7014851",371865,2025-07-30 19:08:37,43.357666015625,-8.84518718719482,"Unknown"
"7014851",371865,2025-07-30 19:13:36,43.3577194213867,-8.84529113769531,"Unknown"
"7014851",371865,2025-07-30 19:18:38,43.357593536377,-8.84502696990967,"Unknown"
"7014851",371865,2025-07-30 19:23:37,43.3577308654785,-8.84517955780029,"Unknown"
"7014851",371865,2025-07-30 19:28:38,43.3578987121582,-8.84608554840088,"Unknown"
"7014851",371865,2025-07-30 19:33:37,43.3577194213867,-8.84533214569092,"Unknown"
"7014851",371865,2025-07-30 19:38:41,43.3576507568359,-8.84487724304199,"Unknown"
"7014851",371865,2025-07-30 19:43:41,43.357593536377,-8.84517860412598,"Unknown"
"7014851",371865,2025-07-30 19:48:36,43.371524810791,-8.85253143310547,"Unknown"
"7014851",371865,2025-07-30 19:53:36,43.3709335327148,-8.84230804443359,"Unknown"
"7014851",371865,2025-07-30 19:58:39,43.3575630187988,-8.84501266479492,"Unknown"
"7014851",371865,2025-07-30 20:03:40,43.3576278686523,-8.84512996673584,"Unknown"
"7014851",371865,2025-07-30 20:08:41,43.3578414916992,-8.84523296356201,"Unknown"
"7014851",371865,2025-07-30 20:13:38,43.3578147888184,-8.84525966644287,"Unknown"
"7014851",371865,2025-07-30 20:18:48,43.3575897216797,-8.84508609771729,"Unknown"
"7014851",371865,2025-07-30 20:23:41,43.3576126098633,-8.84503555297852,"Unknown"
"7014851",371865,2025-07-30 20:28:36,43.3575782775879,-8.84500980377197,"Unknown"
"7014851",371865,2025-07-30 20:33:38,43.3576240539551,-8.84495544433594,"Unknown"
"7014851",371865,2025-07-30 20:38:48,43.3575439453125,-8.84506893157959,"Unknown"
"7014851",371865,2025-07-30 20:43:39,43.3576507568359,-8.84509563446045,"Unknown"
"7014851",371865,2025-07-30 20:48:49,43.3575973510742,-8.84509086608887,"Unknown"
"7014851",371865,2025-07-30 20:53:48,43.3576278686523,-8.84509181976318,"Unknown"
"7014851",371865,2025-07-30 20:58:58,43.3576850891113,-8.84509754180908,"Unknown"
"7014851",371865,2025-07-30 21:03:50,43.357608795166,-8.84514045715332,"Unknown"
"7014851",371865,2025-07-30 21:08:56,43.3576354980469,-8.84505367279053,"Unknown"
"7014851",371865,2025-07-30 21:13:50,43.3576583862305,-8.84510612487793,"Unknown"
"7014851",371865,2025-07-30 21:19:05,43.3579597473145,-8.84529590606689,"Unknown"
"7014851",371865,2025-07-30 21:24:11,43.3576126098633,-8.84504985809326,"Unknown"
"7014851",371865,2025-07-30 21:28:36,43.3576431274414,-8.84499263763428,"Unknown"
"7014851",371865,2025-07-30 21:33:38,43.3574523925781,-8.84482192993164,"Unknown"
"7014851",371865,2025-07-30 21:38:37,43.357551574707,-8.84497547149658,"Unknown"
"7014851",371865,2025-07-30 21:43:39,43.3576507568359,-8.84515953063965,"Unknown"
"7014851",371865,2025-07-30 21:49:13,43.3576164245605,-8.84505653381348,"Unknown"
"7014851",371865,2025-07-30 21:53:40,43.3575782775879,-8.8450403213501,"Unknown"
"7014851",371865,2025-07-30 21:58:36,43.3576049804688,-8.84505271911621,"Unknown"
"7014851",371865,2025-07-30 22:03:41,43.357593536377,-8.84503746032715,"Unknown"
"7014851",371865,2025-07-30 22:08:36,43.3576278686523,-8.84505558013916,"Unknown"
"7014851",371865,2025-07-30 22:13:36,43.3575820922852,-8.84515762329102,"Unknown"
"7014851",371865,2025-07-30 22:18:36,43.3576431274414,-8.84490776062012,"Unknown"
"7014851",371865,2025-07-30 22:23:39,43.3580703735352,-8.84502601623535,"Unknown"
"7014851",371865,2025-07-30 22:28:40,43.3584022521973,-8.8454761505127,"Unknown"
"7014851",371865,2025-07-30 22:33:42,43.3585510253906,-8.84573936462402,"Unknown"
"7014851",371865,2025-07-30 22:39:03,43.3579330444336,-8.84525203704834,"Unknown"
"7014851",371865,2025-07-30 22:44:05,43.3580589294434,-8.84537601470947,"Unknown"
"7014851",371865,2025-07-30 22:49:14,43.357967376709,-8.8453254699707,"Unknown"
"7014851",371865,2025-07-30 22:53:36,43.35791015625,-8.84531879425049,"Unknown"
"7014851",371865,2025-07-30 22:58:36,43.3579750061035,-8.84530353546143,"Unknown"
"7014851",371865,2025-07-30 23:03:37,43.3579025268555,-8.84535884857178,"Unknown"
"7014851",371865,2025-07-30 23:08:36,43.3579635620117,-8.84538745880127,"Unknown"
"7014851",371865,2025-07-30 23:13:40,43.3587799072266,-8.84610080718994,"Unknown"
"7014851",371865,2025-07-30 23:18:42,43.358455657959,-8.84587383270264,"Unknown"
"7014851",371865,2025-07-30 23:23:41,43.358097076416,-8.84555912017822,"Unknown"
"7014851",371865,2025-07-30 23:28:41,43.3586158752441,-8.84606170654297,"Unknown"
"7014851",371865,2025-07-30 23:33:43,43.3576889038086,-8.84524440765381,"Unknown"
"7014851",371865,2025-07-30 23:38:43,43.3576850891113,-8.84521389007568,"Unknown"
"7014851",371865,2025-07-30 23:43:42,43.3580894470215,-8.84562873840332,"Unknown"
"7014851",371865,2025-07-30 23:49:05,43.3575897216797,-8.84506702423096,"Unknown"
"7014851",371865,2025-07-30 23:53:45,43.3576202392578,-8.84505176544189,"Unknown"
"7014851",371865,2025-07-30 23:58:43,43.3576049804688,-8.8450403213501,"Unknown"
"7014851",371865,2025-07-31 00:03:47,43.3575477600098,-8.84506988525391,"Unknown"
"7014851",371865,2025-07-31 00:08:49,43.3575706481934,-8.84508800506592,"Unknown"
"7014851",371865,2025-07-31 00:13:49,43.3576011657715,-8.84505748748779,"Unknown"
"7014851",371865,2025-07-31 00:18:50,43.3576011657715,-8.84504127502441,"Unknown"
"7014851",371865,2025-07-31 00:24:04,43.3576164245605,-8.84500980377197,"Unknown"
"7014851",371865,2025-07-31 00:28:40,43.3575782775879,-8.84490489959717,"Unknown"
"7014851",371865,2025-07-31 00:34:05,43.3576507568359,-8.84502029418945,"Unknown"
"7014851",371865,2025-07-31 00:38:36,43.3576049804688,-8.84505367279053,"Unknown"
"7014851",371865,2025-07-31 00:43:38,43.3576164245605,-8.84499168395996,"Unknown"
"7014851",371865,2025-07-31 00:48:38,43.3578414916992,-8.8451681137085,"Unknown"
"7014851",371865,2025-07-31 00:53:38,43.3576812744141,-8.84503650665283,"Unknown"
"7014851",371865,2025-07-31 00:58:38,43.3576812744141,-8.84504699707031,"Unknown"
"7014851",371865,2025-07-31 01:03:38,43.3575553894043,-8.84493350982666,"Unknown"
"7014851",371865,2025-07-31 01:08:39,43.357608795166,-8.84498119354248,"Unknown"
"7014851",371865,2025-07-31 01:13:39,43.3575325012207,-8.84486293792725,"Unknown"
"7014851",371865,2025-07-31 01:18:38,43.3580131530762,-8.84532642364502,"Unknown"
"7014851",371865,2025-07-31 01:23:40,43.3574447631836,-8.84475612640381,"Unknown"
"7014851",371865,2025-07-31 01:28:38,43.3576049804688,-8.84501934051514,"Unknown"
"7014851",371865,2025-07-31 01:33:39,43.3576965332031,-8.84505462646484,"Unknown"
"7014851",371865,2025-07-31 01:38:39,43.3576202392578,-8.8449535369873,"Unknown"
"7014851",371865,2025-07-31 01:43:38,43.3577194213867,-8.84513473510742,"Unknown"
"7014851",371865,2025-07-31 01:48:39,43.3580169677734,-8.84541034698486,"Unknown"
"7014851",371865,2025-07-31 01:53:48,43.3576698303223,-8.84485149383545,"Unknown"
"7014851",371865,2025-07-31 01:58:53,43.3576354980469,-8.84487724304199,"Unknown"
"7014851",371865,2025-07-31 02:04:05,43.3576278686523,-8.84486961364746,"Unknown"
"7014851",371865,2025-07-31 02:08:37,43.3577461242676,-8.84462356567383,"Unknown"
"7014851",371865,2025-07-31 02:13:37,43.3574867248535,-8.84532451629639,"Unknown"
"7014851",371865,2025-07-31 02:18:38,43.3576354980469,-8.8449010848999,"Unknown"
"7014851",371865,2025-07-31 02:23:38,43.3576240539551,-8.84490394592285,"Unknown"
"7014851",371865,2025-07-31 02:28:39,43.3576698303223,-8.84473419189453,"Unknown"
"7014851",371865,2025-07-31 02:33:39,43.357795715332,-8.84434604644775,"Unknown"
"7014851",371865,2025-07-31 02:38:50,43.357551574707,-8.84498977661133,"Unknown"
"7014851",371865,2025-07-31 02:43:41,43.3577041625977,-8.84487247467041,"Unknown"
"7014851",371865,2025-07-31 02:49:05,43.3576240539551,-8.8449878692627,"Unknown"
"7014851",371865,2025-07-31 02:53:37,43.3576431274414,-8.84502696990967,"Unknown"
"7014851",371865,2025-07-31 02:58:36,43.3576774597168,-8.84497547149658,"Unknown"
"7014851",371865,2025-07-31 03:03:37,43.3576774597168,-8.84501552581787,"Unknown"
"7014851",371865,2025-07-31 03:08:37,43.3575782775879,-8.84495258331299,"Unknown"
"7014851",371865,2025-07-31 03:13:38,43.3576698303223,-8.84499740600586,"Unknown"
"7014851",371865,2025-07-31 03:18:38,43.3576698303223,-8.8449125289917,"Unknown"
"7014851",371865,2025-07-31 03:23:38,43.357666015625,-8.84481143951416,"Unknown"
"7014851",371865,2025-07-31 03:28:38,43.3580894470215,-8.84503173828125,"Unknown"
"7014851",371865,2025-07-31 03:33:38,43.3575439453125,-8.84502124786377,"Unknown"
"7014851",371865,2025-07-31 03:38:38,43.3576622009277,-8.8449649810791,"Unknown"
"7014851",371865,2025-07-31 03:43:38,43.3578033447266,-8.84519195556641,"Unknown"
"7014851",371865,2025-07-31 03:48:39,43.357723236084,-8.84499359130859,"Unknown"
"7014851",371865,2025-07-31 03:53:39,43.357852935791,-8.84521198272705,"Unknown"
"7014851",371865,2025-07-31 03:58:39,43.357837677002,-8.84530830383301,"Unknown"
"7014851",371865,2025-07-31 04:04:05,43.3576202392578,-8.84506893157959,"Unknown"
"7014851",371865,2025-07-31 04:08:37,43.3576202392578,-8.84505653381348,"Unknown"
"7014851",371865,2025-07-31 04:13:37,43.357608795166,-8.84498977661133,"Unknown"
"7014851",371865,2025-07-31 04:18:41,43.357982635498,-8.84498691558838,"Unknown"
"7014851",371865,2025-07-31 04:23:40,43.3575630187988,-8.84501361846924,"Unknown"
"7014851",371865,2025-07-31 04:28:37,43.3576202392578,-8.84499740600586,"Unknown"
"7014851",371865,2025-07-31 04:33:39,43.357593536377,-8.84505939483643,"Unknown"
"7014851",371865,2025-07-31 04:38:37,43.3576164245605,-8.84509563446045,"Unknown"
"7014851",371865,2025-07-31 04:43:37,43.361457824707,-8.84147357940674,"Unknown"
"7014851",371865,2025-07-31 04:48:37,43.3766136169434,-8.85430431365967,"Unknown"
"7014851",371865,2025-07-31 04:53:36,43.3927116394043,-8.88162231445312,"Unknown"
"7014851",371865,2025-07-31 04:58:36,43.4100303649902,-8.90828800201416,"Unknown"
"7014851",371865,2025-07-31 05:03:36,43.4268379211426,-8.93980121612549,"Unknown"
"7014851",371865,2025-07-31 05:08:36,43.4411888122559,-8.97603893280029,"Unknown"
"7014851",371865,2025-07-31 05:13:37,43.4528923034668,-8.99743175506592,"Unknown"
"7014851",371865,2025-07-31 05:18:36,43.4698181152344,-8.99640655517578,"Unknown"
"7014851",371865,2025-07-31 05:23:37,43.4871444702148,-8.994065284729,"Unknown"
"7014851",371865,2025-07-31 05:28:37,43.5009574890137,-8.99755001068115,"Unknown"
"7014851",371865,2025-07-31 05:33:36,43.4894332885742,-8.9955587387085,"Unknown"
"7014851",371865,2025-07-31 05:38:37,43.4548492431641,-8.9841251373291,"Unknown"
"7014851",371865,2025-07-31 05:43:36,43.4340629577637,-8.96017551422119,"Unknown"
"7014851",371865,2025-07-31 05:48:38,43.4086532592773,-8.93869972229004,"Unknown"
"7014851",371865,2025-07-31 05:53:37,43.3975563049316,-8.91081428527832,"Unknown"
"7014851",371865,2025-07-31 05:58:39,43.3817253112793,-8.88405609130859,"Unknown"
"7014851",371865,2025-07-31 06:03:48,43.3778953552246,-8.87537574768066,"Unknown"
"7014851",371865,2025-07-31 06:08:41,43.3699111938477,-8.86230754852295,"Unknown"
"7014851",371865,2025-07-31 06:13:49,43.3575859069824,-8.84511947631836,"Unknown"
"7014851",371865,2025-07-31 06:18:43,43.3576202392578,-8.84502983093262,"Unknown"
"7014851",371865,2025-07-31 06:23:56,43.3576011657715,-8.84506893157959,"Unknown"
"7014851",371865,2025-07-31 06:28:50,43.3576393127441,-8.84501361846924,"Unknown"
"7014851",371865,2025-07-31 06:34:05,43.3576316833496,-8.84505271911621,"Unknown"
"7014851",371865,2025-07-31 06:38:36,43.357723236084,-8.84529209136963,"Unknown"
"7014851",371865,2025-07-31 06:43:38,43.3576545715332,-8.84518146514893,"Unknown"
"7014851",371865,2025-07-31 06:48:39,43.3576622009277,-8.84528636932373,"Unknown"
"7014851",371865,2025-07-31 06:53:35,43.356632232666,-8.84274482727051,"Unknown"
"7014851",371865,2025-07-31 06:58:36,43.3506507873535,-8.82542419433594,"Unknown"
"7014851",371865,2025-07-31 07:03:36,43.3514137268066,-8.8254861831665,"Unknown"
"7014851",371865,2025-07-31 07:08:37,43.354606628418,-8.83285045623779,"Unknown"
"7014851",371865,2025-07-31 07:14:01,43.3575820922852,-8.84513282775879,"Unknown"
"7014851",371865,2025-07-31 07:18:35,43.3575744628906,-8.8451452255249,"Unknown"
"7014851",371865,2025-07-31 07:23:36,43.3575744628906,-8.8450174331665,"Unknown"
"7014851",371865,2025-07-31 07:28:36,43.3576278686523,-8.84496212005615,"Unknown"
"7014851",371865,2025-07-31 07:33:35,43.3576126098633,-8.84501457214355,"Unknown"
"7014851",371865,2025-07-31 07:38:37,43.3576316833496,-8.84492492675781,"Unknown"
"7014851",371865,2025-07-31 07:43:36,43.3577079772949,-8.84466457366943,"Unknown"
"7014851",371865,2025-07-31 07:48:35,43.3576011657715,-8.84505748748779,"Unknown"
"7014851",371865,2025-07-31 07:53:35,43.3575897216797,-8.84519863128662,"Unknown"
"7014851",371865,2025-07-31 07:58:35,43.3576393127441,-8.84489822387695,"Unknown"
"7014851",371865,2025-07-31 08:03:35,43.3576583862305,-8.84511375427246,"Unknown"
"7014851",371865,2025-07-31 08:08:42,43.358024597168,-8.84401321411133,"Unknown"
"7014851",371865,2025-07-31 08:13:45,43.3576774597168,-8.84511566162109,"Unknown"
"7014851",371865,2025-07-31 08:18:39,43.3576698303223,-8.84488487243652,"Unknown"
"7014851",371865,2025-07-31 08:23:36,43.3575553894043,-8.84519004821777,"Unknown"
"7014851",371865,2025-07-31 08:28:38,43.357608795166,-8.84500408172607,"Unknown"
"7014851",371865,2025-07-31 08:34:05,43.3576164245605,-8.84497547149658,"Unknown"
"7014851",371865,2025-07-31 08:38:36,43.3575592041016,-8.84519100189209,"Unknown"
"7014851",371865,2025-07-31 08:43:35,43.3576774597168,-8.84513187408447,"Unknown"
"7014851",371865,2025-07-31 08:49:03,43.3576431274414,-8.84513759613037,"Unknown"
"7014851",371865,2025-07-31 08:53:39,43.3576889038086,-8.8451042175293,"Unknown"
"7014851",371865,2025-07-31 08:58:36,43.3576583862305,-8.84507656097412,"Unknown"
"7014851",371865,2025-07-31 09:03:40,43.3576583862305,-8.84508609771729,"Unknown"
"7014851",371865,2025-07-31 09:08:38,43.3576812744141,-8.84508991241455,"Unknown"
"7014851",371865,2025-07-31 09:13:35,43.3576698303223,-8.84507274627686,"Unknown"
"7014851",371865,2025-07-31 09:18:35,43.3576164245605,-8.84515857696533,"Unknown"
"7014851",371865,2025-07-31 09:23:35,43.3576927185059,-8.8450870513916,"Unknown"
"7014851",371865,2025-07-31 09:28:35,43.3576850891113,-8.84509086608887,"Unknown"
"7014851",371865,2025-07-31 09:33:36,43.357780456543,-8.8450231552124,"Unknown"
"7014851",371865,2025-07-31 09:38:38,43.357723236084,-8.84504699707031,"Unknown"
"7014851",371865,2025-07-31 09:43:36,43.3574638366699,-8.84506416320801,"Unknown"
"7014851",371865,2025-07-31 09:48:35,43.3576622009277,-8.84512996673584,"Unknown"
"7014851",371865,2025-07-31 09:53:35,43.357738494873,-8.84504222869873,"Unknown"
"7014851",371865,2025-07-31 09:58:39,43.3579559326172,-8.84499073028564,"Unknown"
"7014851",371865,2025-07-31 10:04:35,43.3576583862305,-8.84508609771729,"Unknown"
"7014851",371865,2025-07-31 10:08:36,43.3576431274414,-8.84508419036865,"Unknown"
"7014851",371865,2025-07-31 10:13:36,43.3576469421387,-8.84504127502441,"Unknown"
"7014851",371865,2025-07-31 10:18:36,43.3576622009277,-8.84501457214355,"Unknown"
"7014851",371865,2025-07-31 10:23:36,43.3575668334961,-8.84508514404297,"Unknown"
"7014851",371865,2025-07-31 10:28:36,43.3576393127441,-8.84501266479492,"Unknown"
"7014851",371865,2025-07-31 10:33:35,43.3575897216797,-8.84517574310303,"Unknown"
"7014851",371865,2025-07-31 10:38:35,43.3576507568359,-8.84500980377197,"Unknown"
"7014851",371865,2025-07-31 10:43:35,43.3576507568359,-8.84508514404297,"Unknown"
"7014851",371865,2025-07-31 10:48:35,43.3576965332031,-8.84501171112061,"Unknown"
"7014851",371865,2025-07-31 10:53:35,43.3576469421387,-8.84507369995117,"Unknown"
"7014851",371865,2025-07-31 10:58:35,43.3575897216797,-8.84498405456543,"Unknown"
"7014851",371865,2025-07-31 11:03:35,43.3590316772461,-8.84644603729248,"Unknown"
"7014851",371865,2025-07-31 11:08:35,43.3425407409668,-8.83238220214844,"Unknown"
"7014851",371865,2025-07-31 11:13:35,43.3224983215332,-8.81098079681396,"Unknown"
"7014851",371865,2025-07-31 11:18:36,43.3121070861816,-8.79239845275879,"Unknown"
"7014851",371865,2025-07-31 11:23:35,43.3164939880371,-8.79507350921631,"Unknown"
"7014851",371865,2025-07-31 11:28:35,43.3003196716309,-8.7681713104248,"Unknown"
"7014851",371865,2025-07-31 11:33:36,43.2936363220215,-8.74564266204834,"Unknown"
"7014851",371865,2025-07-31 11:38:35,43.2941856384277,-8.73214912414551,"Unknown"
"7014851",371865,2025-07-31 11:43:36,43.2902946472168,-8.70075225830078,"Unknown"
"7014851",371865,2025-07-31 11:48:40,43.2918357849121,-8.69754886627197,"Unknown"
"7014851",371865,2025-07-31 11:53:36,43.2918853759766,-8.69665908813477,"Unknown"
"7014851",371865,2025-07-31 11:58:46,43.2919731140137,-8.69671440124512,"Unknown"
"7014851",371865,2025-07-31 12:04:05,43.2920150756836,-8.69660377502441,"Unknown"
"7014851",371865,2025-07-31 12:08:38,43.2920608520508,-8.69671058654785,"Unknown"
"7014851",371865,2025-07-31 12:13:35,43.292121887207,-8.69660949707031,"Unknown"
"7014851",371865,2025-07-31 12:18:45,43.2920150756836,-8.69675064086914,"Unknown"
"7014851",371865,2025-07-31 12:23:35,43.2921943664551,-8.69652080535889,"Unknown"
"7014851",371865,2025-07-31 12:28:35,43.2922439575195,-8.6963357925415,"Unknown"
"7014851",371865,2025-07-31 12:33:35,43.2922134399414,-8.69642066955566,"Unknown"
"7014851",371865,2025-07-31 12:38:35,43.2820243835449,-8.6781063079834,"Unknown"
"7014851",371865,2025-07-31 12:43:35,43.2713508605957,-8.64670181274414,"Unknown"
"7014851",371865,2025-07-31 12:48:35,43.2588729858398,-8.61987018585205,"Unknown"
"7014851",371865,2025-07-31 12:53:35,43.2354736328125,-8.58969497680664,"Unknown"
"7014851",371865,2025-07-31 12:58:35,43.2136116027832,-8.5748987197876,"Unknown"
"7014851",371865,2025-07-31 13:03:35,43.1941680908203,-8.55223751068115,"Unknown"
"7014851",371865,2025-07-31 13:08:35,43.1761627197266,-8.51336479187012,"Unknown"
"7014851",371865,2025-07-31 13:13:35,43.1495819091797,-8.48565101623535,"Unknown"
"7014851",371865,2025-07-31 13:18:38,43.1306838989258,-8.4714183807373,"Unknown"
"7014851",371865,2025-07-31 13:23:39,43.1306991577148,-8.47173118591309,"Unknown"
"7014851",371865,2025-07-31 13:28:48,43.1330604553223,-8.47034454345703,"Unknown"
"7014851",371865,2025-07-31 13:33:40,43.1332740783691,-8.47033309936523,"Unknown"
"7014851",371865,2025-07-31 13:39:32,43.1330108642578,-8.4702091217041,"Unknown"
"7014851",371865,2025-07-31 13:43:36,43.132942199707,-8.47018527984619,"Unknown"
"7014851",371865,2025-07-31 13:48:37,43.1329460144043,-8.47027492523193,"Unknown"
"7014851",371865,2025-07-31 13:53:36,43.1330604553223,-8.47028827667236,"Unknown"
"7014851",371865,2025-07-31 13:58:36,43.1331100463867,-8.47042846679688,"Unknown"
"7014851",371865,2025-07-31 14:03:37,43.1329574584961,-8.47024345397949,"Unknown"
"7014851",371865,2025-07-31 14:08:36,43.1329040527344,-8.47022247314453,"Unknown"
"7014851",371865,2025-07-31 14:13:35,43.1329345703125,-8.47037220001221,"Unknown"
"7014851",371865,2025-07-31 14:18:38,43.1328964233398,-8.47026824951172,"Unknown"
"7014851",371865,2025-07-31 14:23:35,43.132942199707,-8.47027015686035,"Unknown"
"7014851",371865,2025-07-31 14:28:38,43.1329307556152,-8.47018718719482,"Unknown"
"7014851",371865,2025-07-31 14:33:36,43.1328811645508,-8.47025012969971,"Unknown"
"7014851",371865,2025-07-31 14:38:36,43.1329040527344,-8.47032260894775,"Unknown"
"7014851",371865,2025-07-31 14:44:18,43.1313247680664,-8.47143936157227,"Unknown"
"7014851",371865,2025-07-31 14:49:05,43.1298179626465,-8.471510887146,"Unknown"
"7014851",371865,2025-07-31 14:53:43,43.1298866271973,-8.47144985198975,"Unknown"
"7014851",371865,2025-07-31 14:58:41,43.1297798156738,-8.4715051651001,"Unknown"
"7014851",371865,2025-07-31 15:03:36,43.1298828125,-8.47145748138428,"Unknown"
"7014851",371865,2025-07-31 15:08:35,43.1297760009766,-8.47135639190674,"Unknown"
"7014851",371865,2025-07-31 15:13:35,43.129810333252,-8.471435546875,"Unknown"
"7014851",371865,2025-07-31 15:18:36,43.1324768066406,-8.47012901306152,"Unknown"
"7014851",371865,2025-07-31 15:23:46,43.1328315734863,-8.47011756896973,"Unknown"
"7014851",371865,2025-07-31 15:28:35,43.1329002380371,-8.4702787399292,"Unknown"
"7014851",371865,2025-07-31 15:33:42,43.1328964233398,-8.47031211853027,"Unknown"
"7014851",371865,2025-07-31 15:38:36,43.1329460144043,-8.4702787399292,"Unknown"
"7014851",371865,2025-07-31 15:43:38,43.132926940918,-8.47032070159912,"Unknown"
"7014851",371865,2025-07-31 15:48:36,43.1328544616699,-8.47026252746582,"Unknown"
"7014851",371865,2025-07-31 15:53:36,43.1329612731934,-8.47029876708984,"Unknown"
"7014851",371865,2025-07-31 15:58:35,43.1329116821289,-8.47033023834229,"Unknown"
"7014851",371865,2025-07-31 16:03:35,43.1329040527344,-8.47025680541992,"Unknown"
"7014851",371865,2025-07-31 16:08:35,43.1330757141113,-8.47055435180664,"Unknown"
"7014851",371865,2025-07-31 16:13:42,43.1329345703125,-8.4703369140625,"Unknown"
"7014851",371865,2025-07-31 16:18:42,43.1330146789551,-8.47053050994873,"Unknown"
"7014851",371865,2025-07-31 16:23:49,43.1326751708984,-8.46999645233154,"Unknown"
"7014851",371865,2025-07-31 16:28:36,43.1333503723145,-8.47098159790039,"Unknown"
"7014851",371865,2025-07-31 16:33:49,43.1329154968262,-8.4702615737915,"Unknown"
"7014851",371865,2025-07-31 16:38:49,43.1329460144043,-8.47030448913574,"Unknown"
"7014851",371865,2025-07-31 16:43:49,43.1329345703125,-8.4702787399292,"Unknown"
"7014851",371865,2025-07-31 16:48:49,43.132984161377,-8.47024822235107,"Unknown"
"7014851",371865,2025-07-31 16:53:49,43.1329460144043,-8.47025585174561,"Unknown"
"7014851",371865,2025-07-31 16:58:49,43.1330070495605,-8.47025012969971,"Unknown"
"7014851",371865,2025-07-31 17:03:49,43.1330490112305,-8.47040557861328,"Unknown"
"7014851",371865,2025-07-31 17:08:49,43.1330604553223,-8.47045612335205,"Unknown"
"7014851",371865,2025-07-31 17:14:05,43.1328239440918,-8.47018051147461,"Unknown"
"7014851",371865,2025-07-31 17:18:36,43.1328926086426,-8.47027015686035,"Unknown"
"7014851",371865,2025-07-31 17:23:37,43.1329231262207,-8.47015571594238,"Unknown"
"7014851",371865,2025-07-31 17:28:37,43.1325225830078,-8.46929836273193,"Unknown"
"7014851",371865,2025-07-31 17:33:36,43.132511138916,-8.46927261352539,"Unknown"
"7014851",371865,2025-07-31 17:38:37,43.132495880127,-8.46941184997559,"Unknown"
"7014851",371865,2025-07-31 17:43:38,43.1326751708984,-8.46949005126953,"Unknown"
"7014851",371865,2025-07-31 17:48:36,43.1348991394043,-8.47321319580078,"Unknown"
"7014851",371865,2025-07-31 17:53:36,43.1472511291504,-8.4964714050293,"Unknown"
"7014851",371865,2025-07-31 17:58:36,43.1561660766602,-8.52035808563232,"Unknown"
"7014851",371865,2025-07-31 18:03:36,43.1710662841797,-8.54948902130127,"Unknown"
"7014851",371865,2025-07-31 18:08:36,43.1911125183105,-8.57528972625732,"Unknown"
"7014851",371865,2025-07-31 18:13:37,43.2106399536133,-8.59969425201416,"Unknown"
"7014851",371865,2025-07-31 18:19:05,43.2294235229492,-8.62606620788574,"Unknown"
"7014851",371865,2025-07-31 18:23:36,43.2459106445312,-8.64815521240234,"Unknown"
"7014851",371865,2025-07-31 18:28:36,43.2667007446289,-8.65516757965088,"Unknown"
"7014851",371865,2025-07-31 18:33:36,43.2888069152832,-8.68651676177979,"Unknown"
"7014851",371865,2025-07-31 18:38:36,43.2922401428223,-8.69885444641113,"Unknown"
"7014851",371865,2025-07-31 18:43:37,43.2920036315918,-8.69754219055176,"Unknown"
"7014851",371865,2025-07-31 18:48:37,43.2921104431152,-8.69740295410156,"Unknown"
"7014851",371865,2025-07-31 18:53:37,43.2920455932617,-8.69725704193115,"Unknown"
"7014851",371865,2025-07-31 18:58:36,43.2915000915527,-8.70413112640381,"Unknown"
"7014851",371865,2025-07-31 19:03:37,43.2950439453125,-8.74721240997314,"Unknown"
"7014851",371865,2025-07-31 19:08:36,43.3085975646973,-8.78952121734619,"Unknown"
"7014851",371865,2025-07-31 19:13:37,43.3275871276855,-8.82034015655518,"Unknown"
"7014851",371865,2025-07-31 19:18:38,43.3471374511719,-8.83979892730713,"Unknown"
"7014851",371865,2025-07-31 19:23:40,43.3573760986328,-8.84402084350586,"Unknown"
"7014851",371865,2025-07-31 19:28:38,43.3577461242676,-8.84537982940674,"Unknown"
"7014851",371865,2025-07-31 19:33:40,43.3580131530762,-8.84609127044678,"Unknown"
"7014851",371865,2025-07-31 19:38:37,43.3577461242676,-8.84435939788818,"Unknown"
"7014851",371865,2025-07-31 19:43:40,43.3577156066895,-8.84521770477295,"Unknown"
"7014851",371865,2025-07-31 19:48:41,43.3576049804688,-8.84498882293701,"Unknown"
"7014851",371865,2025-07-31 19:53:39,43.3576545715332,-8.84484004974365,"Unknown"
"7014851",371865,2025-07-31 19:58:43,43.3576431274414,-8.84500503540039,"Unknown"
"7014851",371865,2025-07-31 20:04:04,43.357608795166,-8.84511375427246,"Unknown"
"7014851",371865,2025-07-31 20:08:48,43.3576774597168,-8.84505462646484,"Unknown"
"7014851",371865,2025-07-31 20:13:40,43.3575973510742,-8.84504508972168,"Unknown"
"7014851",371865,2025-07-31 20:18:39,43.3576927185059,-8.84507083892822,"Unknown"
"7014851",371865,2025-07-31 20:23:39,43.3576545715332,-8.84509658813477,"Unknown"
"7014851",371865,2025-07-31 20:28:40,43.3576698303223,-8.84508037567139,"Unknown"
"7014851",371865,2025-07-31 20:33:41,43.3577346801758,-8.84507656097412,"Unknown"
"7014851",371865,2025-07-31 20:38:41,43.3575668334961,-8.84503555297852,"Unknown"
"7014851",371865,2025-07-31 20:43:39,43.3576164245605,-8.84504413604736,"Unknown"
"7014851",371865,2025-07-31 20:48:41,43.357551574707,-8.84500408172607,"Unknown"
"7014851",371865,2025-07-31 20:53:43,43.3576049804688,-8.84508895874023,"Unknown"
"7014851",371865,2025-07-31 20:58:46,43.3576354980469,-8.84505558013916,"Unknown"
"7014851",371865,2025-07-31 21:03:42,43.3576698303223,-8.84506320953369,"Unknown"
"7014851",371865,2025-07-31 21:08:47,43.3577117919922,-8.84506416320801,"Unknown"
"7014851",371865,2025-07-31 21:13:40,43.3573722839355,-8.84494304656982,"Unknown"
"7014851",371865,2025-07-31 21:18:47,43.3576507568359,-8.84511375427246,"Unknown"
"7014851",371865,2025-07-31 21:24:14,43.3575782775879,-8.84499454498291,"Unknown"
"7014851",371865,2025-07-31 21:28:39,43.3575973510742,-8.84491062164307,"Unknown"
"7014851",371865,2025-07-31 21:33:38,43.3575706481934,-8.84496974945068,"Unknown"
"7014851",371865,2025-07-31 21:38:41,43.357494354248,-8.84482002258301,"Unknown"
"7014851",371865,2025-07-31 21:43:37,43.3576622009277,-8.84491729736328,"Unknown"
"7014851",371865,2025-07-31 21:49:05,43.3576469421387,-8.84499168395996,"Unknown"
"7014851",371865,2025-07-31 21:53:37,43.3576965332031,-8.84500789642334,"Unknown"
"7014851",371865,2025-07-31 21:58:36,43.3576927185059,-8.84505081176758,"Unknown"
"7014851",371865,2025-07-31 22:03:37,43.3576927185059,-8.84496402740479,"Unknown"
"7014851",371865,2025-07-31 22:08:36,43.3577575683594,-8.84502792358398,"Unknown"
"7014851",371865,2025-07-31 22:13:36,43.3578300476074,-8.84499359130859,"Unknown"
"7014851",371865,2025-07-31 22:18:38,43.3578338623047,-8.84510040283203,"Unknown"
"7014851",371865,2025-07-31 22:23:45,43.3577117919922,-8.84503746032715,"Unknown"
"7014851",371865,2025-07-31 22:28:43,43.3576545715332,-8.84500885009766,"Unknown"
"7014851",371865,2025-07-31 22:33:40,43.3576507568359,-8.84505271911621,"Unknown"
"7014851",371865,2025-07-31 22:39:14,43.3576774597168,-8.8449821472168,"Unknown"
"7014851",371865,2025-07-31 22:43:39,43.3574600219727,-8.84497451782227,"Unknown"
"7014851",371865,2025-07-31 22:48:41,43.3575973510742,-8.84505558013916,"Unknown"
"7014851",371865,2025-07-31 22:53:38,43.3576545715332,-8.84507274627686,"Unknown"
"7014851",371865,2025-07-31 22:58:41,43.3578567504883,-8.84517288208008,"Unknown"
"7014851",371865,2025-07-31 23:03:46,43.3576545715332,-8.84525203704834,"Unknown"
"7014851",371865,2025-07-31 23:08:40,43.3577270507812,-8.84507656097412,"Unknown"
"7014851",371865,2025-07-31 23:13:50,43.357666015625,-8.84540462493896,"Unknown"
"7014851",371865,2025-07-31 23:18:40,43.3575592041016,-8.84502792358398,"Unknown"
"7014851",371865,2025-07-31 23:23:39,43.3576736450195,-8.84497833251953,"Unknown"
"7014851",371865,2025-07-31 23:28:45,43.3577194213867,-8.84506225585938,"Unknown"
"7014851",371865,2025-07-31 23:34:14,43.3576583862305,-8.84495162963867,"Unknown"
"7014851",371865,2025-07-31 23:38:37,43.3576393127441,-8.84493350982666,"Unknown"
"7014851",371865,2025-07-31 23:44:05,43.3576011657715,-8.84481430053711,"Unknown"
"7014851",371865,2025-07-31 23:48:42,43.3574028015137,-8.84511852264404,"Unknown"
"7014851",371865,2025-07-31 23:53:48,43.3575057983398,-8.84483051300049,"Unknown"
"7014851",371865,2025-07-31 23:58:41,43.3573570251465,-8.84489440917969,"Unknown"
"7014851",371865,2025-08-01 00:04:05,43.3579483032227,-8.84434986114502,"Unknown"
"7014851",371865,2025-08-01 00:08:38,43.3578071594238,-8.84513282775879,"Unknown"
"7014851",371865,2025-08-01 00:13:38,43.3581314086914,-8.84540462493896,"Unknown"
"7014851",371865,2025-08-01 00:18:38,43.3581733703613,-8.84544563293457,"Unknown"
"7014851",371865,2025-08-01 00:23:40,43.357666015625,-8.84520053863525,"Unknown"
"7014851",371865,2025-08-01 00:28:37,43.3574829101562,-8.84482860565186,"Unknown"
"7014851",371865,2025-08-01 00:34:05,43.3576316833496,-8.84497547149658,"Unknown"
"7014851",371865,2025-08-01 00:38:35,43.3576774597168,-8.84493732452393,"Unknown"
"7014851",371865,2025-08-01 00:43:38,43.357795715332,-8.8447904586792,"Unknown"
"7014851",371865,2025-08-01 00:48:43,43.3576202392578,-8.84498310089111,"Unknown"
"7014851",371865,2025-08-01 00:53:36,43.3575096130371,-8.84511566162109,"Unknown"
"7014851",371865,2025-08-01 00:58:36,43.3576927185059,-8.84488964080811,"Unknown"
"7014851",371865,2025-08-01 01:03:36,43.357723236084,-8.84483814239502,"Unknown"
"7014851",371865,2025-08-01 01:08:37,43.3576622009277,-8.84492206573486,"Unknown"
"7014851",371865,2025-08-01 01:13:40,43.3576316833496,-8.84496688842773,"Unknown"
"7014851",371865,2025-08-01 01:18:48,43.3576927185059,-8.84487152099609,"Unknown"
"7014851",371865,2025-08-01 01:23:41,43.3575019836426,-8.84510231018066,"Unknown"
"7014851",371865,2025-08-01 01:28:49,43.3576202392578,-8.84494590759277,"Unknown"
"7014851",371865,2025-08-01 01:33:47,43.3576507568359,-8.84487342834473,"Unknown"
"7014851",371865,2025-08-01 01:38:50,43.3577156066895,-8.84487152099609,"Unknown"
"7014851",371865,2025-08-01 01:43:47,43.3576049804688,-8.84493255615234,"Unknown"
"7014851",371865,2025-08-01 01:48:47,43.3575592041016,-8.84499263763428,"Unknown"
"7014851",371865,2025-08-01 01:54:23,43.3575325012207,-8.84512901306152,"Unknown"
"7014851",371865,2025-08-01 01:58:36,43.3575439453125,-8.84513092041016,"Unknown"
"7014851",371865,2025-08-01 02:04:05,43.3575782775879,-8.84506225585938,"Unknown"
"7014851",371865,2025-08-01 02:08:36,43.3576202392578,-8.84504795074463,"Unknown"
"7014851",371865,2025-08-01 02:13:36,43.357608795166,-8.84503078460693,"Unknown"
"7014851",371865,2025-08-01 02:18:36,43.357494354248,-8.84512615203857,"Unknown"
"7014851",371865,2025-08-01 02:23:42,43.3574295043945,-8.84520816802979,"Unknown"
"7014851",371865,2025-08-01 02:28:37,43.3574485778809,-8.84500980377197,"Unknown"
"7014851",371865,2025-08-01 02:33:37,43.3575630187988,-8.84513282775879,"Unknown"
"7014851",371865,2025-08-01 02:38:41,43.3576583862305,-8.84514331817627,"Unknown"
"7014851",371865,2025-08-01 02:43:41,43.3572196960449,-8.84510898590088,"Unknown"
"7014851",371865,2025-08-01 02:48:43,43.3574829101562,-8.84522914886475,"Unknown"
"7014851",371865,2025-08-01 02:53:39,43.3573341369629,-8.84501457214355,"Unknown"
"7014851",371865,2025-08-01 02:58:41,43.3571395874023,-8.84509181976318,"Unknown"
"7014851",371865,2025-08-01 03:03:48,43.3575630187988,-8.84519290924072,"Unknown"
"7014851",371865,2025-08-01 03:08:40,43.3573455810547,-8.84513378143311,"Unknown"
"7014851",371865,2025-08-01 03:13:48,43.3575706481934,-8.84516620635986,"Unknown"
"7014851",371865,2025-08-01 03:18:40,43.3575973510742,-8.84519481658936,"Unknown"
"7014851",371865,2025-08-01 03:23:46,43.3575973510742,-8.84511661529541,"Unknown"
"7014851",371865,2025-08-01 03:28:40,43.3575172424316,-8.84526634216309,"Unknown"
"7014851",371865,2025-08-01 03:33:36,43.3579330444336,-8.84523868560791,"Unknown"
"7014851",371865,2025-08-01 03:38:38,43.3577919006348,-8.84512805938721,"Unknown"
"7014851",371865,2025-08-01 03:43:41,43.3577270507812,-8.84504795074463,"Unknown"
"7014851",371865,2025-08-01 03:48:37,43.3575401306152,-8.84493732452393,"Unknown"
"7014851",371865,2025-08-01 03:53:37,43.3576927185059,-8.84516716003418,"Unknown"
"7014851",371865,2025-08-01 03:59:28,43.3576354980469,-8.84504413604736,"Unknown"
"7014851",371865,2025-08-01 04:03:36,43.3576812744141,-8.8450288772583,"Unknown"
"7014851",371865,2025-08-01 04:08:38,43.3577156066895,-8.84500694274902,"Unknown"
"7014851",371865,2025-08-01 04:13:40,43.3576240539551,-8.84506225585938,"Unknown"
"7014851",371865,2025-08-01 04:18:35,43.357551574707,-8.84511566162109,"Unknown"
"7014851",371865,2025-08-01 04:23:37,43.3576736450195,-8.8450174331665,"Unknown"
"7014851",371865,2025-08-01 04:28:39,43.3575286865234,-8.84511184692383,"Unknown"
"7014851",371865,2025-08-01 04:33:47,43.3576316833496,-8.84500217437744,"Unknown"
"7014851",371865,2025-08-01 04:38:43,43.3577003479004,-8.84494686126709,"Unknown"
"7014851",371865,2025-08-01 04:43:36,43.3576049804688,-8.84511089324951,"Unknown"
"7014851",371865,2025-08-01 04:48:35,43.3575897216797,-8.84494400024414,"Unknown"
"7014851",371865,2025-08-01 04:53:37,43.3578872680664,-8.84475040435791,"Unknown"
"7014851",371865,2025-08-01 04:58:53,43.3550338745117,-8.83257675170898,"Unknown"
"7014851",371865,2025-08-01 05:03:59,43.3338737487793,-8.80809020996094,"Unknown"
"7014851",371865,2025-08-01 05:08:37,43.3105506896973,-8.7924108505249,"Unknown"
"7014851",371865,2025-08-01 05:13:37,43.3029975891113,-8.76313877105713,"Unknown"
"7014851",371865,2025-08-01 05:18:36,43.2986869812012,-8.72869300842285,"Unknown"
"7014851",371865,2025-08-01 05:23:40,43.2938499450684,-8.69962406158447,"Unknown"
"7014851",371865,2025-08-01 05:29:23,43.2921981811523,-8.6989107131958,"Unknown"
"7014851",371865,2025-08-01 05:33:41,43.2922515869141,-8.69903469085693,"Unknown"
"7014851",371865,2025-08-01 05:38:42,43.291675567627,-8.69939613342285,"Unknown"
"7014851",371865,2025-08-01 05:43:45,43.2916030883789,-8.69939994812012,"Unknown"
"7014851",371865,2025-08-01 05:48:49,43.291690826416,-8.69946670532227,"Unknown"
"7014851",371865,2025-08-01 05:53:50,43.2918357849121,-8.6977071762085,"Unknown"
"7014851",371865,2025-08-01 05:58:40,43.2925186157227,-8.69876289367676,"Unknown"
"7014851",371865,2025-08-01 06:04:05,43.2921943664551,-8.69796276092529,"Unknown"
"7014851",371865,2025-08-01 06:08:35,43.2946929931641,-8.70096397399902,"Unknown"
"7014851",371865,2025-08-01 06:13:35,43.3127784729004,-8.73630428314209,"Unknown"
"7014851",371865,2025-08-01 06:18:35,43.3249015808105,-8.78539943695068,"Unknown"
"7014851",371865,2025-08-01 06:23:35,43.3306999206543,-8.82888412475586,"Unknown"
"7014851",371865,2025-08-01 06:28:35,43.3484039306641,-8.84161376953125,"Unknown"
"7014851",371865,2025-08-01 06:33:36,43.3577919006348,-8.84514427185059,"Unknown"
"7014851",371865,2025-08-01 06:38:35,43.3575210571289,-8.84522438049316,"Unknown"
"7014851",371865,2025-08-01 06:43:35,43.3575630187988,-8.8454532623291,"Unknown"
"7014851",371865,2025-08-01 06:48:36,43.3574142456055,-8.84539890289307,"Unknown"
"7014851",371865,2025-08-01 06:53:35,43.3574295043945,-8.84535694122314,"Unknown"
"7014851",371865,2025-08-01 06:58:36,43.3575401306152,-8.8452205657959,"Unknown"
"7014851",371865,2025-08-01 07:03:36,43.3605842590332,-8.84782314300537,"Unknown"
"7014851",371865,2025-08-01 07:08:36,43.3576278686523,-8.84537506103516,"Unknown"
"7014851",371865,2025-08-01 07:13:36,43.3573226928711,-8.84529209136963,"Unknown"
"7014851",371865,2025-08-01 07:18:39,43.3575477600098,-8.84507751464844,"Unknown"
"7014851",371865,2025-08-01 07:23:38,43.3574829101562,-8.8450813293457,"Unknown"
"7014851",371865,2025-08-01 07:28:37,43.3576545715332,-8.84538745880127,"Unknown"
"7014851",371865,2025-08-01 07:33:40,43.3576431274414,-8.84549045562744,"Unknown"
"7014851",371865,2025-08-01 07:38:40,43.3576202392578,-8.84541320800781,"Unknown"
"7014851",371865,2025-08-01 07:43:42,43.357723236084,-8.84494781494141,"Unknown"
"7014851",371865,2025-08-01 07:51:18,43.3576202392578,-8.84510326385498,"Unknown"
"7014851",371865,2025-08-01 07:56:13,43.3575859069824,-8.84510135650635,"Unknown"
"7014851",371865,2025-08-01 08:01:09,43.3578224182129,-8.84410953521729,"Unknown"
"7014851",371865,2025-08-01 08:06:18,43.3576507568359,-8.84504699707031,"Unknown"
"7014851",371865,2025-08-01 08:11:13,43.3579902648926,-8.84533882141113,"Unknown"
"7014851",371865,2025-08-01 08:16:08,43.3577728271484,-8.84625244140625,"Unknown"
"7014851",371865,2025-08-01 08:21:20,43.3577270507812,-8.84499454498291,"Unknown"
"7014851",371865,2025-08-01 08:26:24,43.3577842712402,-8.84504699707031,"Unknown"
"7014851",371865,2025-08-01 08:31:24,43.3577041625977,-8.84495735168457,"Unknown"
"7014851",371865,2025-08-01 08:36:21,43.3576965332031,-8.8449764251709,"Unknown"
"7014851",371865,2025-08-01 08:41:21,43.3576583862305,-8.84494209289551,"Unknown"
"7014851",371865,2025-08-01 08:46:26,43.3610229492188,-8.84761905670166,"Unknown"
"7014851",371865,2025-08-01 08:51:35,43.3577537536621,-8.84525394439697,"Unknown"
"7014851",371865,2025-08-01 08:56:07,43.3576545715332,-8.84498691558838,"Unknown"
"7014851",371865,2025-08-01 09:01:08,43.3576431274414,-8.84505939483643,"Unknown"
"7014851",371865,2025-08-01 09:06:08,43.3576354980469,-8.84508991241455,"Unknown"
"7014851",371865,2025-08-01 09:11:10,43.3575630187988,-8.8451681137085,"Unknown"
"7014851",371865,2025-08-01 09:16:07,43.3576850891113,-8.84505176544189,"Unknown"
"7014851",371865,2025-08-01 09:21:08,43.3575210571289,-8.84515476226807,"Unknown"
"7014851",371865,2025-08-01 09:26:08,43.3576545715332,-8.8450756072998,"Unknown"
"7014851",371865,2025-08-01 09:31:08,43.3577117919922,-8.84499645233154,"Unknown"
"7014851",371865,2025-08-01 09:36:09,43.3576049804688,-8.84506797790527,"Unknown"
"7014851",371865,2025-08-01 09:41:08,43.3576736450195,-8.84512710571289,"Unknown"
"7014851",371865,2025-08-01 09:46:14,43.3577537536621,-8.84490966796875,"Unknown"
"7014851",371865,2025-08-01 09:51:08,43.3578109741211,-8.84493541717529,"Unknown"
"7014851",371865,2025-08-01 09:56:09,43.357723236084,-8.84498405456543,"Unknown"
"7014851",371865,2025-08-01 10:01:09,43.3577423095703,-8.84506893157959,"Unknown"
"7014851",371865,2025-08-01 10:06:10,43.3576393127441,-8.845046043396,"Unknown"
"7014851",371865,2025-08-01 10:11:16,43.357593536377,-8.84502029418945,"Unknown"
"7014851",371865,2025-08-01 10:16:35,43.3576431274414,-8.84505748748779,"Unknown"
"7014851",371865,2025-08-01 10:21:07,43.3577156066895,-8.84505176544189,"Unknown"
"7014851",371865,2025-08-01 10:26:08,43.3576354980469,-8.84509086608887,"Unknown"
"7014851",371865,2025-08-01 10:31:07,43.3576965332031,-8.8450403213501,"Unknown"
"7014851",371865,2025-08-01 10:36:08,43.3576049804688,-8.84508419036865,"Unknown"
"7014851",371865,2025-08-01 10:41:10,43.3576583862305,-8.84503173828125,"Unknown"
"7014851",371865,2025-08-01 10:46:07,43.3576583862305,-8.84499549865723,"Unknown"
"7014851",371865,2025-08-01 10:51:33,43.3576431274414,-8.84502029418945,"Unknown"
"7014851",371865,2025-08-01 10:56:07,43.3576393127441,-8.84502220153809,"Unknown"
"7014851",371865,2025-08-01 11:01:07,43.357608795166,-8.84505176544189,"Unknown"
"7014851",371865,2025-08-01 11:06:07,43.3576622009277,-8.84493827819824,"Unknown"
"7014851",371865,2025-08-01 11:11:07,43.3575973510742,-8.84493350982666,"Unknown"
"7014851",371865,2025-08-01 11:16:08,43.3575859069824,-8.84500122070312,"Unknown"
"7014851",371865,2025-08-01 11:21:08,43.357593536377,-8.84495449066162,"Unknown"
"7014851",371865,2025-08-01 11:26:08,43.3576049804688,-8.84502506256104,"Unknown"
"7014851",371865,2025-08-01 11:31:07,43.3575553894043,-8.84497737884521,"Unknown"
"7014851",371865,2025-08-01 11:36:08,43.3575592041016,-8.84501457214355,"Unknown"
"7014851",371865,2025-08-01 11:41:07,43.3575897216797,-8.84497547149658,"Unknown"
"7014851",371865,2025-08-01 11:46:08,43.3575782775879,-8.84507942199707,"Unknown"
"7014851",371865,2025-08-01 11:51:08,43.3575897216797,-8.84507942199707,"Unknown"
"7014851",371865,2025-08-01 11:56:08,43.3576049804688,-8.84504890441895,"Unknown"
"7014851",371865,2025-08-01 12:01:07,43.3576011657715,-8.84505176544189,"Unknown"
"7014851",371865,2025-08-01 12:06:18,43.3576927185059,-8.84521865844727,"Unknown"
"7014851",371865,2025-08-01 12:11:12,43.357364654541,-8.84503650665283,"Unknown"
"7014851",371865,2025-08-01 12:16:09,43.3575325012207,-8.84507179260254,"Unknown"
"7014851",371865,2025-08-01 12:21:07,43.3575630187988,-8.84498405456543,"Unknown"
"7014851",371865,2025-08-01 12:26:08,43.3576126098633,-8.84507465362549,"Unknown"
"7014851",371865,2025-08-01 12:31:09,43.3575134277344,-8.8449239730835,"Unknown"
"7014851",371865,2025-08-01 12:36:11,43.3576545715332,-8.84501838684082,"Unknown"
"7014851",371865,2025-08-01 12:41:08,43.3576240539551,-8.84507846832275,"Unknown"
"7014851",371865,2025-08-01 12:46:09,43.3575248718262,-8.84494972229004,"Unknown"
"7014851",371865,2025-08-01 12:51:10,43.3576622009277,-8.84499740600586,"Unknown"
"7014851",371865,2025-08-01 12:56:11,43.3575782775879,-8.84499645233154,"Unknown"
"7014851",371865,2025-08-01 13:01:45,43.3576812744141,-8.84468555450439,"Unknown"
"7014851",371865,2025-08-01 13:06:07,43.3576393127441,-8.84443855285645,"Unknown"
"7014851",371865,2025-08-01 13:11:07,43.361011505127,-8.836669921875,"Unknown"
"7014851",371865,2025-08-01 13:16:07,43.3653831481934,-8.8381519317627,"Unknown"
"7014851",371865,2025-08-01 13:21:07,43.370433807373,-8.8506965637207,"Unknown"
"7014851",371865,2025-08-01 13:26:06,43.3693695068359,-8.84822845458984,"Unknown"
"7014851",371865,2025-08-01 13:31:07,43.3596534729004,-8.82832050323486,"Unknown"
"7014851",371865,2025-08-01 13:36:08,43.3524971008301,-8.814697265625,"Unknown"
"7014851",371865,2025-08-01 13:41:10,43.3515281677246,-8.81312084197998,"Unknown"
"7014851",371865,2025-08-01 13:46:09,43.3511047363281,-8.81375789642334,"Unknown"
"7014851",371865,2025-08-01 13:51:08,43.350643157959,-8.81278896331787,"Unknown"
"7014851",371865,2025-08-01 13:56:13,43.3498306274414,-8.8135404586792,"Unknown"
"7014851",371865,2025-08-01 14:01:15,43.3493614196777,-8.81421184539795,"Unknown"
"7014851",371865,2025-08-01 14:06:09,43.3497734069824,-8.81967449188232,"Unknown"
"7014851",371865,2025-08-01 14:11:10,43.3576316833496,-8.84718322753906,"Unknown"
"7014851",371865,2025-08-01 14:16:10,43.3576622009277,-8.84519672393799,"Unknown"
"7014851",371865,2025-08-01 14:21:18,43.3575973510742,-8.8450813293457,"Unknown"
"7014851",371865,2025-08-01 14:26:11,43.3577537536621,-8.84541130065918,"Unknown"
"7014851",371865,2025-08-01 14:31:13,43.3576011657715,-8.84512805938721,"Unknown"
"7014851",371865,2025-08-01 14:36:35,43.3576049804688,-8.8450984954834,"Unknown"
"7014851",371865,2025-08-01 14:41:07,43.3575706481934,-8.84510135650635,"Unknown"
"7014851",371865,2025-08-01 14:46:06,43.3575744628906,-8.84514427185059,"Unknown"
"7014851",371865,2025-08-01 14:51:06,43.3575744628906,-8.84516048431396,"Unknown"
"7014851",371865,2025-08-01 14:56:06,43.357593536377,-8.84515571594238,"Unknown"
"7014851",371865,2025-08-01 15:01:06,43.3576240539551,-8.84504890441895,"Unknown"
"7014851",371865,2025-08-01 15:06:07,43.3576278686523,-8.84525489807129,"Unknown"
"7014851",371865,2025-08-01 15:11:07,43.3574829101562,-8.84507083892822,"Unknown"
"7014851",371865,2025-08-01 15:16:06,43.357593536377,-8.84513473510742,"Unknown"
"7014851",371865,2025-08-01 15:21:07,43.3576622009277,-8.8451452255249,"Unknown"
"7014851",371865,2025-08-01 15:26:07,43.3576354980469,-8.84518146514893,"Unknown"
"7014851",371865,2025-08-01 15:31:07,43.3576011657715,-8.84514141082764,"Unknown"
"7014851",371865,2025-08-01 15:36:06,43.3576316833496,-8.84509944915771,"Unknown"
"7014851",371865,2025-08-01 15:41:07,43.3576240539551,-8.84515190124512,"Unknown"
"7014851",371865,2025-08-01 15:46:06,43.3576431274414,-8.84512710571289,"Unknown"
"7014851",371865,2025-08-01 15:51:07,43.3576431274414,-8.84508609771729,"Unknown"
"7014851",371865,2025-08-01 15:56:07,43.3576393127441,-8.84515285491943,"Unknown"
"7014851",371865,2025-08-01 16:01:09,43.3577728271484,-8.84492683410645,"Unknown"
"7014851",371865,2025-08-01 16:06:07,43.3577423095703,-8.84496593475342,"Unknown"
"7014851",371865,2025-08-01 16:11:19,43.3577270507812,-8.84483909606934,"Unknown"
"7014851",371865,2025-08-01 16:16:12,43.3572959899902,-8.84456539154053,"Unknown"
"7014851",371865,2025-08-01 16:21:08,43.3575744628906,-8.84475612640381,"Unknown"
"7014851",371865,2025-08-01 16:26:09,43.3574829101562,-8.84452438354492,"Unknown"
"7014851",371865,2025-08-01 16:31:11,43.3574981689453,-8.84513664245605,"Unknown"
"7014851",371865,2025-08-01 16:36:10,43.3575096130371,-8.84483051300049,"Unknown"
"7014851",371865,2025-08-01 16:41:11,43.3576354980469,-8.84527492523193,"Unknown"
"7014851",371865,2025-08-01 16:46:11,43.357307434082,-8.84453105926514,"Unknown"
"7014851",371865,2025-08-01 16:51:11,43.3584060668945,-8.84688091278076,"Unknown"
"7014851",371865,2025-08-01 16:56:12,43.3576316833496,-8.84502410888672,"Unknown"
"7014851",371865,2025-08-01 17:01:11,43.3574523925781,-8.84472465515137,"Unknown"
"7014851",371865,2025-08-01 17:06:13,43.3576126098633,-8.84509468078613,"Unknown"
"7014851",371865,2025-08-01 17:11:11,43.3575973510742,-8.84463500976562,"Unknown"
"7014851",371865,2025-08-01 17:16:11,43.3580932617188,-8.84419441223145,"Unknown"
"7014851",371865,2025-08-01 17:21:18,43.3575668334961,-8.84496212005615,"Unknown"
"7014851",371865,2025-08-01 17:26:18,43.3576622009277,-8.8452844619751,"Unknown"
"7014851",371865,2025-08-01 17:31:35,43.3576240539551,-8.84502696990967,"Unknown"
"7014851",371865,2025-08-01 17:36:06,43.3576049804688,-8.84510517120361,"Unknown"
"7014851",371865,2025-08-01 17:41:07,43.3576316833496,-8.8451042175293,"Unknown"
"7014851",371865,2025-08-01 17:46:07,43.3576126098633,-8.84512901306152,"Unknown"
"7014851",371865,2025-08-01 17:51:06,43.3577842712402,-8.84459972381592,"Unknown"
"7014851",371865,2025-08-01 17:56:07,43.3574867248535,-8.84515190124512,"Unknown"
"7014851",371865,2025-08-01 18:01:18,43.3576736450195,-8.84508419036865,"Unknown"
"7014851",371865,2025-08-01 18:06:07,43.3575744628906,-8.84504413604736,"Unknown"
"7014851",371865,2025-08-01 18:11:06,43.3578453063965,-8.8448543548584,"Unknown"
"7014851",371865,2025-08-01 18:16:07,43.3575744628906,-8.84513092041016,"Unknown"
"7014851",371865,2025-08-01 18:21:06,43.3575668334961,-8.84519577026367,"Unknown"
"7014851",371865,2025-08-01 18:26:06,43.3576889038086,-8.84531307220459,"Unknown"
"7014851",371865,2025-08-01 18:31:10,43.3576507568359,-8.84505558013916,"Unknown"
"7014851",371865,2025-08-01 18:36:10,43.3575820922852,-8.8451509475708,"Unknown"
"7014851",371865,2025-08-01 18:41:08,43.3575859069824,-8.84513187408447,"Unknown"
"7014851",371865,2025-08-01 18:46:12,43.3576431274414,-8.84520721435547,"Unknown"
"7014851",371865,2025-08-01 18:51:11,43.3576736450195,-8.8451566696167,"Unknown"
"7014851",371865,2025-08-01 18:56:08,43.3575439453125,-8.84505844116211,"Unknown"
"7014851",371865,2025-08-01 19:01:10,43.3575706481934,-8.84492301940918,"Unknown"
"7014851",371865,2025-08-01 19:06:10,43.3579521179199,-8.84513854980469,"Unknown"
"7014851",371865,2025-08-01 19:11:35,43.3580551147461,-8.84512710571289,"Unknown"
"7014851",371865,2025-08-01 19:16:06,43.3576011657715,-8.84457588195801,"Unknown"
"7014851",371865,2025-08-01 19:21:07,43.3576393127441,-8.84504890441895,"Unknown"
"7014851",371865,2025-08-01 19:26:06,43.3575859069824,-8.84505462646484,"Unknown"
"7014851",371865,2025-08-01 19:31:07,43.357738494873,-8.84510898590088,"Unknown"
"7014851",371865,2025-08-01 19:36:08,43.3575630187988,-8.84508037567139,"Unknown"
"7014851",371865,2025-08-01 19:41:07,43.3576774597168,-8.84503269195557,"Unknown"
"7014851",371865,2025-08-01 19:46:07,43.357666015625,-8.84505367279053,"Unknown"
"7014851",371865,2025-08-01 19:51:06,43.357536315918,-8.84500217437744,"Unknown"
"7014851",371865,2025-08-01 19:56:07,43.3575096130371,-8.84497261047363,"Unknown"
"7014851",371865,2025-08-01 20:01:15,43.3575820922852,-8.84493446350098,"Unknown"
"7014851",371865,2025-08-01 20:06:09,43.3574829101562,-8.84500598907471,"Unknown"
"7014851",371865,2025-08-01 20:11:11,43.3574752807617,-8.84494400024414,"Unknown"
"7014851",371865,2025-08-01 20:16:15,43.357738494873,-8.8447732925415,"Unknown"
"7014851",371865,2025-08-01 20:21:11,43.3583717346191,-8.84466648101807,"Unknown"
"7014851",371865,2025-08-01 20:26:18,43.3582000732422,-8.84470844268799,"Unknown"
"7014851",371865,2025-08-01 20:31:10,43.3574523925781,-8.84484100341797,"Unknown"
"7014851",371865,2025-08-01 20:36:18,43.3575706481934,-8.84497928619385,"Unknown"
"7014851",371865,2025-08-01 20:41:35,43.3575859069824,-8.8450231552124,"Unknown"
"7014851",371865,2025-08-01 20:46:06,43.3575744628906,-8.84504222869873,"Unknown"
"7014851",371865,2025-08-01 20:51:08,43.3575973510742,-8.84501838684082,"Unknown"
"7014851",371865,2025-08-01 20:56:11,43.3576736450195,-8.84487724304199,"Unknown"
"7014851",371865,2025-08-01 21:01:06,43.357551574707,-8.84497833251953,"Unknown"
"7014851",371865,2025-08-01 21:06:06,43.3575439453125,-8.84496307373047,"Unknown"
"7014851",371865,2025-08-01 21:11:06,43.3575248718262,-8.8449125289917,"Unknown"
"7014851",371865,2025-08-01 21:16:07,43.3576431274414,-8.84501266479492,"Unknown"
"7014851",371865,2025-08-01 21:21:06,43.3579177856445,-8.84475898742676,"Unknown"
"7014851",371865,2025-08-01 21:26:06,43.357551574707,-8.84492111206055,"Unknown"
"7014851",371865,2025-08-01 21:31:06,43.3576393127441,-8.8450174331665,"Unknown"
"7014851",371865,2025-08-01 21:36:09,43.3575706481934,-8.84496021270752,"Unknown"
"7014851",371865,2025-08-01 21:41:35,43.3576431274414,-8.8450288772583,"Unknown"
"7014851",371865,2025-08-01 21:46:07,43.3576278686523,-8.84481906890869,"Unknown"
"7014851",371865,2025-08-01 21:51:06,43.3576469421387,-8.84504795074463,"Unknown"
"7014851",371865,2025-08-01 21:56:07,43.3576164245605,-8.84502029418945,"Unknown"
"7014851",371865,2025-08-01 22:01:07,43.3577766418457,-8.84470653533936,"Unknown"
"7014851",371865,2025-08-01 22:06:06,43.3576583862305,-8.84492301940918,"Unknown"
"7014851",371865,2025-08-01 22:11:08,43.3577117919922,-8.84493732452393,"Unknown"
"7014851",371865,2025-08-01 22:16:09,43.3576278686523,-8.84501171112061,"Unknown"
"7014851",371865,2025-08-01 22:21:07,43.3576049804688,-8.84504413604736,"Unknown"
"7014851",371865,2025-08-01 22:26:10,43.357608795166,-8.84507274627686,"Unknown"
"7014851",371865,2025-08-01 22:31:09,43.3576240539551,-8.84505844116211,"Unknown"
"7014851",371865,2025-08-01 22:36:08,43.3578071594238,-8.84500789642334,"Unknown"
"7014851",371865,2025-08-01 22:41:08,43.3576431274414,-8.84499835968018,"Unknown"
"7014851",371865,2025-08-01 22:46:09,43.3576049804688,-8.84511566162109,"Unknown"
"7014851",371865,2025-08-01 22:51:08,43.3576507568359,-8.84502124786377,"Unknown"
"7014851",371865,2025-08-01 22:56:08,43.3575973510742,-8.84505367279053,"Unknown"
"7014851",371865,2025-08-01 23:01:09,43.3578643798828,-8.84494400024414,"Unknown"
"7014851",371865,2025-08-01 23:06:10,43.3577041625977,-8.84505558013916,"Unknown"
"7014851",371865,2025-08-01 23:11:10,43.3577194213867,-8.84507369995117,"Unknown"
"7014851",371865,2025-08-01 23:16:10,43.3576965332031,-8.84503650665283,"Unknown"
"7014851",371865,2025-08-01 23:21:10,43.3580017089844,-8.84519195556641,"Unknown"
"7014851",371865,2025-08-01 23:26:13,43.3575744628906,-8.84511375427246,"Unknown"
"7014851",371865,2025-08-01 23:31:12,43.3578796386719,-8.84522247314453,"Unknown"
"7014851",371865,2025-08-01 23:36:13,43.3575859069824,-8.84510707855225,"Unknown"
"7014851",371865,2025-08-01 23:41:15,43.3575134277344,-8.84513092041016,"Unknown"
"7014851",371865,2025-08-01 23:46:16,43.357608795166,-8.84511280059814,"Unknown"
"7014851",371865,2025-08-01 23:51:18,43.357608795166,-8.84512233734131,"Unknown"
"7014851",371865,2025-08-01 23:56:18,43.3575592041016,-8.84502601623535,"Unknown"
"7014851",371865,2025-08-02 00:01:35,43.3575973510742,-8.84483432769775,"Unknown"
"7014851",371865,2025-08-02 00:06:18,43.3576545715332,-8.84518909454346,"Unknown"
"7014851",371865,2025-08-02 00:11:18,43.3576278686523,-8.84508800506592,"Unknown"
"7014851",371865,2025-08-02 00:16:18,43.3576278686523,-8.84514331817627,"Unknown"
"7014851",371865,2025-08-02 00:21:29,43.3576278686523,-8.84510517120361,"Unknown"
"7014851",371865,2025-08-02 00:26:09,43.3576126098633,-8.84510040283203,"Unknown"
"7014851",371865,2025-08-02 00:31:33,43.3576316833496,-8.84505939483643,"Unknown"
"7014851",371865,2025-08-02 00:36:06,43.3576202392578,-8.84500122070312,"Unknown"
"7014851",371865,2025-08-02 00:41:07,43.3573570251465,-8.84512710571289,"Unknown"
"7014851",371865,2025-08-02 00:46:07,43.3576507568359,-8.8450174331665,"Unknown"
"7014851",371865,2025-08-02 00:51:07,43.3576469421387,-8.84499645233154,"Unknown"
"7014851",371865,2025-08-02 00:56:06,43.3576774597168,-8.84498023986816,"Unknown"
"7014851",371865,2025-08-02 01:01:07,43.3576164245605,-8.84500598907471,"Unknown"
"7014851",371865,2025-08-02 01:06:06,43.3576889038086,-8.84490013122559,"Unknown"
"7014851",371865,2025-08-02 01:11:06,43.3576583862305,-8.84490776062012,"Unknown"
"7014851",371865,2025-08-02 01:16:06,43.357608795166,-8.84500980377197,"Unknown"
"7014851",371865,2025-08-02 01:21:07,43.3577461242676,-8.84480857849121,"Unknown"
"7014851",371865,2025-08-02 01:26:07,43.3576736450195,-8.84489440917969,"Unknown"
"7014851",371865,2025-08-02 01:31:07,43.357666015625,-8.84492969512939,"Unknown"
"7014851",371865,2025-08-02 01:36:06,43.3576011657715,-8.84503746032715,"Unknown"
"7014851",371865,2025-08-02 01:41:08,43.3576240539551,-8.84498023986816,"Unknown"
"7014851",371865,2025-08-02 01:46:06,43.3575477600098,-8.84506225585938,"Unknown"
"7014851",371865,2025-08-02 01:51:10,43.3574409484863,-8.84522247314453,"Unknown"
"7014851",371865,2025-08-02 01:56:07,43.3576278686523,-8.84491920471191,"Unknown"
"7014851",371865,2025-08-02 02:01:59,43.3575897216797,-8.84508037567139,"Unknown"
"7014851",371865,2025-08-02 02:06:14,43.3576011657715,-8.84509658813477,"Unknown"
"7014851",371865,2025-08-02 02:11:06,43.3576202392578,-8.84504318237305,"Unknown"
"7014851",371865,2025-08-02 02:16:07,43.3576469421387,-8.84498596191406,"Unknown"
"7014851",371865,2025-08-02 02:21:06,43.3576049804688,-8.84504508972168,"Unknown"
"7014851",371865,2025-08-02 02:26:07,43.3575973510742,-8.8450927734375,"Unknown"
"7014851",371865,2025-08-02 02:31:06,43.3574676513672,-8.84516525268555,"Unknown"
"7014851",371865,2025-08-02 02:36:06,43.3572998046875,-8.84519004821777,"Unknown"
"7014851",371865,2025-08-02 02:41:07,43.3572731018066,-8.84519386291504,"Unknown"
"7014851",371865,2025-08-02 02:46:07,43.3574752807617,-8.8450984954834,"Unknown"
"7014851",371865,2025-08-02 02:51:07,43.3574256896973,-8.84517765045166,"Unknown"
"7014851",371865,2025-08-02 02:56:08,43.3574409484863,-8.84513092041016,"Unknown"
"7014851",371865,2025-08-02 03:01:08,43.3571586608887,-8.84506797790527,"Unknown"
"7014851",371865,2025-08-02 03:06:13,43.3582038879395,-8.84513854980469,"Unknown"
"7014851",371865,2025-08-02 03:11:19,43.3576011657715,-8.84510517120361,"Unknown"
"7014851",371865,2025-08-02 03:16:08,43.3574905395508,-8.84502029418945,"Unknown"
"7014851",371865,2025-08-02 03:21:09,43.3586921691895,-8.84542465209961,"Unknown"
"7014851",371865,2025-08-02 03:26:07,43.3577461242676,-8.84520530700684,"Unknown"
"7014851",371865,2025-08-02 03:31:06,43.3582077026367,-8.84543514251709,"Unknown"
"7014851",371865,2025-08-02 03:36:06,43.3579940795898,-8.84536838531494,"Unknown"
"7014851",371865,2025-08-02 03:41:08,43.3577919006348,-8.84531021118164,"Unknown"
"7014851",371865,2025-08-02 03:46:09,43.3577079772949,-8.84519386291504,"Unknown"
"7014851",371865,2025-08-02 03:51:08,43.3577346801758,-8.84514808654785,"Unknown"
"7014851",371865,2025-08-02 03:56:34,43.3576354980469,-8.84508419036865,"Unknown"
"7014851",371865,2025-08-02 04:01:07,43.3576240539551,-8.84505558013916,"Unknown"
"7014851",371865,2025-08-02 04:06:07,43.3576240539551,-8.84504985809326,"Unknown"
"7014851",371865,2025-08-02 04:11:06,43.3576698303223,-8.84513378143311,"Unknown"
"7014851",371865,2025-08-02 04:16:08,43.3577651977539,-8.84499359130859,"Unknown"
"7014851",371865,2025-08-02 04:21:10,43.3577270507812,-8.84479427337646,"Unknown"
"7014851",371865,2025-08-02 04:26:11,43.3576164245605,-8.84495735168457,"Unknown"
"7014851",371865,2025-08-02 04:31:07,43.3576316833496,-8.84506130218506,"Unknown"
"7014851",371865,2025-08-02 04:36:07,43.3575286865234,-8.84498119354248,"Unknown"
"7014851",371865,2025-08-02 04:41:11,43.3575057983398,-8.84506893157959,"Unknown"
"7014851",371865,2025-08-02 04:46:09,43.3575973510742,-8.84488391876221,"Unknown"
"7014851",371865,2025-08-02 04:51:09,43.3577690124512,-8.84465026855469,"Unknown"
"7014851",371865,2025-08-02 04:56:08,43.3548545837402,-8.83257484436035,"Unknown"
"7014851",371865,2025-08-02 05:01:06,43.3449325561523,-8.82347106933594,"Unknown"
"7014851",371865,2025-08-02 05:06:06,43.3457946777344,-8.82179355621338,"Unknown"
"7014851",371865,2025-08-02 05:11:35,43.3226623535156,-8.80374240875244,"Unknown"
"7014851",371865,2025-08-02 05:16:05,43.3032417297363,-8.78140163421631,"Unknown"
"7014851",371865,2025-08-02 05:21:06,43.2974319458008,-8.75491428375244,"Unknown"
"7014851",371865,2025-08-02 05:26:06,43.292911529541,-8.74236488342285,"Unknown"
"7014851",371865,2025-08-02 05:31:05,43.2892227172852,-8.71057415008545,"Unknown"
"7014851",371865,2025-08-02 05:36:08,43.2917213439941,-8.69692897796631,"Unknown"
"7014851",371865,2025-08-02 05:41:08,43.2919921875,-8.6973123550415,"Unknown"
"7014851",371865,2025-08-02 05:46:10,43.2924461364746,-8.69681072235107,"Unknown"
"7014851",371865,2025-08-02 05:51:07,43.2923355102539,-8.69639778137207,"Unknown"
"7014851",371865,2025-08-02 05:56:09,43.2924118041992,-8.69662475585938,"Unknown"
"7014851",371865,2025-08-02 06:01:06,43.2921600341797,-8.68838977813721,"Unknown"
"7014851",371865,2025-08-02 06:06:06,43.272819519043,-8.66014671325684,"Unknown"
"7014851",371865,2025-08-02 06:11:06,43.2533912658691,-8.62228107452393,"Unknown"
"7014851",371865,2025-08-02 06:16:07,43.2324676513672,-8.5872745513916,"Unknown"
"7014851",371865,2025-08-02 06:21:07,43.2109603881836,-8.55652332305908,"Unknown"
"7014851",371865,2025-08-02 06:26:07,43.187858581543,-8.53607749938965,"Unknown"
"7014851",371865,2025-08-02 06:31:09,43.1636734008789,-8.50449180603027,"Unknown"
"7014851",371865,2025-08-02 06:36:09,43.1309051513672,-8.47189426422119,"Unknown"
"7014851",371865,2025-08-02 06:41:35,43.1300849914551,-8.47172164916992,"Unknown"
"7014851",371865,2025-08-02 06:46:13,43.1304359436035,-8.47190380096436,"Unknown"
"7014851",371865,2025-08-02 06:51:51,43.1299209594727,-8.47201156616211,"Unknown"
"7014851",371865,2025-08-02 06:56:42,43.1298561096191,-8.4719295501709,"Unknown"
"7014851",371865,2025-08-02 07:01:11,43.1298637390137,-8.47201919555664,"Unknown"
"7014851",371865,2025-08-02 07:06:10,43.1298408508301,-8.47206592559814,"Unknown"
"7014851",371865,2025-08-02 07:11:17,43.1304817199707,-8.47120952606201,"Unknown"
"7014851",371865,2025-08-02 07:16:15,43.1304626464844,-8.4716911315918,"Unknown"
"7014851",371865,2025-08-02 07:21:33,43.1303520202637,-8.47107696533203,"Unknown"
"7014851",371865,2025-08-02 07:26:07,43.1302795410156,-8.47116756439209,"Unknown"
"7014851",371865,2025-08-02 07:31:07,43.1306114196777,-8.4710168838501,"Unknown"
"7014851",371865,2025-08-02 07:36:06,43.1304969787598,-8.47139072418213,"Unknown"
"7014851",371865,2025-08-02 07:41:06,43.1305084228516,-8.47151660919189,"Unknown"
"7014851",371865,2025-08-02 07:46:06,43.1305809020996,-8.47118186950684,"Unknown"
"7014851",371865,2025-08-02 07:51:06,43.1302680969238,-8.47173690795898,"Unknown"
"7014851",371865,2025-08-02 07:56:10,43.1304397583008,-8.47142505645752,"Unknown"
"7014851",371865,2025-08-02 08:01:09,43.1305122375488,-8.47147464752197,"Unknown"
"7014851",371865,2025-08-02 08:06:44,43.1305313110352,-8.47147369384766,"Unknown"
"7014851",371865,2025-08-02 08:11:05,43.1298980712891,-8.4717845916748,"Unknown"
"7014851",371865,2025-08-02 08:16:08,43.1298484802246,-8.47095680236816,"Unknown"
"7014851",371865,2025-08-02 08:21:07,43.1298446655273,-8.47081851959229,"Unknown"
"7014851",371865,2025-08-02 08:26:06,43.1299743652344,-8.47058963775635,"Unknown"
"7014851",371865,2025-08-02 08:31:13,43.1298713684082,-8.4709358215332,"Unknown"
"7014851",371865,2025-08-02 08:36:18,43.1297225952148,-8.47103500366211,"Unknown"
"7014851",371865,2025-08-02 08:41:16,43.1297912597656,-8.47102642059326,"Unknown"
"7014851",371865,2025-08-02 08:46:35,43.1297760009766,-8.47103309631348,"Unknown"
"7014851",371865,2025-08-02 08:51:10,43.1298027038574,-8.47108554840088,"Unknown"
"7014851",371865,2025-08-02 08:56:09,43.1298217773438,-8.47106075286865,"Unknown"
"7014851",371865,2025-08-02 09:01:35,43.129825592041,-8.47103977203369,"Unknown"
"7014851",371865,2025-08-02 09:06:06,43.1298713684082,-8.47102069854736,"Unknown"
"7014851",371865,2025-08-02 09:11:11,43.1304588317871,-8.47143745422363,"Unknown"
"7014851",371865,2025-08-02 09:16:08,43.1302604675293,-8.47156238555908,"Unknown"
"7014851",371865,2025-08-02 09:21:07,43.1304092407227,-8.47168922424316,"Unknown"
"7014851",371865,2025-08-02 09:26:08,43.1303482055664,-8.47157669067383,"Unknown"
"7014851",371865,2025-08-02 09:31:07,43.1304054260254,-8.47164058685303,"Unknown"
"7014851",371865,2025-08-02 09:36:06,43.130443572998,-8.47130393981934,"Unknown"
"7014851",371865,2025-08-02 09:41:06,43.1304054260254,-8.47147750854492,"Unknown"
"7014851",371865,2025-08-02 09:46:08,43.1299743652344,-8.47137260437012,"Unknown"
"7014851",371865,2025-08-02 09:51:08,43.1301460266113,-8.47120475769043,"Unknown"
"7014851",371865,2025-08-02 09:56:07,43.130069732666,-8.47147750854492,"Unknown"
"7014851",371865,2025-08-02 10:01:10,43.1301536560059,-8.47083854675293,"Unknown"
"7014851",371865,2025-08-02 10:06:08,43.1299057006836,-8.47144508361816,"Unknown"
"7014851",371865,2025-08-02 10:11:10,43.1301879882812,-8.47170352935791,"Unknown"
"7014851",371865,2025-08-02 10:16:07,43.119758605957,-8.49517059326172,"Unknown"
"7014851",371865,2025-08-02 10:21:07,43.1361274719238,-8.53936958312988,"Unknown"
"7014851",371865,2025-08-02 10:26:09,43.148609161377,-8.56140995025635,"Unknown"
"7014851",371865,2025-08-02 10:31:21,43.1612701416016,-8.55273151397705,"Unknown"
"7014851",371865,2025-08-02 10:36:35,43.1776466369629,-8.56138515472412,"Unknown"
"7014851",371865,2025-08-02 10:41:05,43.1894035339355,-8.57911777496338,"Unknown"
"7014851",371865,2025-08-02 10:46:07,43.2193374633789,-8.59942150115967,"Unknown"
"7014851",371865,2025-08-02 10:51:06,43.2396545410156,-8.63299179077148,"Unknown"
"7014851",371865,2025-08-02 10:56:06,43.2534027099609,-8.64621257781982,"Unknown"
"7014851",371865,2025-08-02 11:01:06,43.2727012634277,-8.65751838684082,"Unknown"
"7014851",371865,2025-08-02 11:06:05,43.2915458679199,-8.69724273681641,"Unknown"
"7014851",371865,2025-08-02 11:11:07,43.291919708252,-8.69745445251465,"Unknown"
"7014851",371865,2025-08-02 11:16:05,43.2945098876953,-8.70718097686768,"Unknown"
"7014851",371865,2025-08-02 11:21:05,43.2989692687988,-8.75775814056396,"Unknown"
"7014851",371865,2025-08-02 11:26:05,43.3149299621582,-8.8026647567749,"Unknown"
"7014851",371865,2025-08-02 11:31:06,43.3358497619629,-8.82847309112549,"Unknown"
"7014851",371865,2025-08-02 11:36:05,43.3561782836914,-8.84614276885986,"Unknown"
"7014851",371865,2025-08-02 11:41:05,43.3575325012207,-8.84522342681885,"Unknown"
"7014851",371865,2025-08-02 11:46:05,43.3575744628906,-8.84509944915771,"Unknown"
"7014851",371865,2025-08-02 11:51:05,43.357608795166,-8.84505558013916,"Unknown"
"7014851",371865,2025-08-02 11:56:05,43.357593536377,-8.84508991241455,"Unknown"
"7014851",371865,2025-08-02 12:01:05,43.3575859069824,-8.84512901306152,"Unknown"
"7014851",371865,2025-08-02 12:06:05,43.3576164245605,-8.84509468078613,"Unknown"
"7014851",371865,2025-08-02 12:11:09,43.3576507568359,-8.84506416320801,"Unknown"
"7014851",371865,2025-08-02 12:16:35,43.3576011657715,-8.84508895874023,"Unknown"
"7014851",371865,2025-08-02 12:21:05,43.357608795166,-8.84506988525391,"Unknown"
"7014851",371865,2025-08-02 12:26:05,43.3576126098633,-8.84507179260254,"Unknown"
"7014851",371865,2025-08-02 12:31:05,43.3575439453125,-8.84502506256104,"Unknown"
"7014851",371865,2025-08-02 12:36:05,43.3575019836426,-8.84506607055664,"Unknown"
"7014851",371865,2025-08-02 12:41:05,43.357608795166,-8.8450288772583,"Unknown"
"7014851",371865,2025-08-02 12:46:06,43.3576469421387,-8.84510612487793,"Unknown"
"7014851",371865,2025-08-02 12:51:07,43.357536315918,-8.84499263763428,"Unknown"
"7014851",371865,2025-08-02 12:56:06,43.3575706481934,-8.84501075744629,"Unknown"
"7014851",371865,2025-08-02 13:01:35,43.3576202392578,-8.84500980377197,"Unknown"
"7014851",371865,2025-08-02 13:06:06,43.3576469421387,-8.84505653381348,"Unknown"
"7014851",371865,2025-08-02 13:11:07,43.3576316833496,-8.84507465362549,"Unknown"
"7014851",371865,2025-08-02 13:16:08,43.3577728271484,-8.84519004821777,"Unknown"
"7014851",371865,2025-08-02 13:21:08,43.3575782775879,-8.84503173828125,"Unknown"
"7014851",371865,2025-08-02 13:26:08,43.3575210571289,-8.84485244750977,"Unknown"
"7014851",371865,2025-08-02 13:31:09,43.3572845458984,-8.84438037872314,"Unknown"
"7014851",371865,2025-08-02 13:36:09,43.3577423095703,-8.84530162811279,"Unknown"
"7014851",371865,2025-08-02 13:41:09,43.3576698303223,-8.84527206420898,"Unknown"
"7014851",371865,2025-08-02 13:46:08,43.3575401306152,-8.84494972229004,"Unknown"
"7014851",371865,2025-08-02 13:51:09,43.3576316833496,-8.84513187408447,"Unknown"
"7014851",371865,2025-08-02 13:56:08,43.3576316833496,-8.84513092041016,"Unknown"
"7014851",371865,2025-08-02 14:01:13,43.3576469421387,-8.84512138366699,"Unknown"
"7014851",371865,2025-08-02 14:06:10,43.3577117919922,-8.8452844619751,"Unknown"
"7014851",371865,2025-08-02 14:11:16,43.3576126098633,-8.84513759613037,"Unknown"
"7014851",371865,2025-08-02 14:16:08,43.3576889038086,-8.8453311920166,"Unknown"
"7014851",371865,2025-08-02 14:21:08,43.3577919006348,-8.84550189971924,"Unknown"
"7014851",371865,2025-08-02 14:26:15,43.3575744628906,-8.84493541717529,"Unknown"
"7014851",371865,2025-08-02 14:31:09,43.3577575683594,-8.84491443634033,"Unknown"
"7014851",371865,2025-08-02 14:36:16,43.357795715332,-8.84493255615234,"Unknown"
"7014851",371865,2025-08-02 14:41:35,43.3577766418457,-8.84461975097656,"Unknown"
"7014851",371865,2025-08-02 14:46:09,43.357982635498,-8.84495830535889,"Unknown"
"7014851",371865,2025-08-02 14:51:10,43.3574066162109,-8.84469318389893,"Unknown"
"7014851",371865,2025-08-02 14:56:09,43.3574867248535,-8.84489440917969,"Unknown"
"7014851",371865,2025-08-02 15:01:07,43.3577041625977,-8.84502601623535,"Unknown"
"7014851",371865,2025-08-02 15:06:07,43.3577766418457,-8.84522533416748,"Unknown"
"7014851",371865,2025-08-02 15:11:07,43.357738494873,-8.8451623916626,"Unknown"
"7014851",371865,2025-08-02 15:16:08,43.3576927185059,-8.8451099395752,"Unknown"
"7014851",371865,2025-08-02 15:21:07,43.3576965332031,-8.84510326385498,"Unknown"
"7014851",371865,2025-08-02 15:26:08,43.3576049804688,-8.84511947631836,"Unknown"
"7014851",371865,2025-08-02 15:31:08,43.3574981689453,-8.84495544433594,"Unknown"
"7014851",371865,2025-08-02 15:36:09,43.3576698303223,-8.84513568878174,"Unknown"
"7014851",371865,2025-08-02 15:41:09,43.3576049804688,-8.8449878692627,"Unknown"
"7014851",371865,2025-08-02 15:46:09,43.3576393127441,-8.84501647949219,"Unknown"
"7014851",371865,2025-08-02 15:51:35,43.3575973510742,-8.84510135650635,"Unknown"
"7014851",371865,2025-08-02 15:56:05,43.3575744628906,-8.84513473510742,"Unknown"
"7014851",371865,2025-08-02 16:01:05,43.3575134277344,-8.84518432617188,"Unknown"
"7014851",371865,2025-08-02 16:06:05,43.3575248718262,-8.84515571594238,"Unknown"
"7014851",371865,2025-08-02 16:11:11,43.3575286865234,-8.84513187408447,"Unknown"
"7014851",371865,2025-08-02 16:16:05,43.3575782775879,-8.8450288772583,"Unknown"
"7014851",371865,2025-08-02 16:21:06,43.3575401306152,-8.84514236450195,"Unknown"
"7014851",371865,2025-08-02 16:26:06,43.3575859069824,-8.84506320953369,"Unknown"
"7014851",371865,2025-08-02 16:31:06,43.3575782775879,-8.84504795074463,"Unknown"
"7014851",371865,2025-08-02 16:36:17,43.357593536377,-8.84507274627686,"Unknown"
"7014851",371865,2025-08-02 16:41:05,43.3575859069824,-8.84507274627686,"Unknown"
"7014851",371865,2025-08-02 16:46:06,43.3576545715332,-8.84505176544189,"Unknown"
"7014851",371865,2025-08-02 16:51:09,43.3575401306152,-8.84509468078613,"Unknown"
"7014851",371865,2025-08-02 16:56:09,43.3575553894043,-8.84513187408447,"Unknown"
"7014851",371865,2025-08-02 17:01:05,43.3575401306152,-8.84502506256104,"Unknown"
"7014851",371865,2025-08-02 17:06:07,43.3576202392578,-8.84500122070312,"Unknown"
"7014851",371865,2025-08-02 17:11:05,43.3575630187988,-8.84509181976318,"Unknown"
"7014851",371865,2025-08-02 17:16:08,43.3575592041016,-8.84525680541992,"Unknown"
"7014851",371865,2025-08-02 17:21:13,43.3574447631836,-8.84523773193359,"Unknown"
"7014851",371865,2025-08-02 17:26:10,43.3576354980469,-8.84505462646484,"Unknown"
"7014851",371865,2025-08-02 17:31:09,43.3576354980469,-8.84505081176758,"Unknown"
"7014851",371865,2025-08-02 17:36:17,43.3576507568359,-8.84513473510742,"Unknown"
"7014851",371865,2025-08-02 17:41:13,43.3576698303223,-8.84520053863525,"Unknown"
"7014851",371865,2025-08-02 17:46:13,43.357608795166,-8.84538555145264,"Unknown"
"7014851",371865,2025-08-02 17:51:17,43.3576011657715,-8.84508228302002,"Unknown"
"7014851",371865,2025-08-02 17:56:08,43.3575897216797,-8.84500408172607,"Unknown"
"7014851",371865,2025-08-02 18:01:35,43.357738494873,-8.84473609924316,"Unknown"
"7014851",371865,2025-08-02 18:06:05,43.3575553894043,-8.84430599212646,"Unknown"
"7014851",371865,2025-08-02 18:11:06,43.357852935791,-8.84482097625732,"Unknown"
"7014851",371865,2025-08-02 18:16:06,43.357795715332,-8.84478759765625,"Unknown"
"7014851",371865,2025-08-02 18:21:06,43.3576774597168,-8.84500789642334,"Unknown"
"7014851",371865,2025-08-02 18:26:06,43.3576354980469,-8.84509372711182,"Unknown"
"7014851",371865,2025-08-02 18:31:06,43.3576126098633,-8.84512138366699,"Unknown"
"7014851",371865,2025-08-02 18:36:05,43.3576583862305,-8.84511470794678,"Unknown"
"7014851",371865,2025-08-02 18:41:06,43.357666015625,-8.84509754180908,"Unknown"
"7014851",371865,2025-08-02 18:46:05,43.3576240539551,-8.84511375427246,"Unknown"
"7014851",371865,2025-08-02 18:51:07,43.3576965332031,-8.84518718719482,"Unknown"
"7014851",371865,2025-08-02 18:56:06,43.3572540283203,-8.84418392181396,"Unknown"
"7014851",371865,2025-08-02 19:01:07,43.3577537536621,-8.84527492523193,"Unknown"
"7014851",371865,2025-08-02 19:06:08,43.3578643798828,-8.84597682952881,"Unknown"
"7014851",371865,2025-08-02 19:11:07,43.3580284118652,-8.84534168243408,"Unknown"
"7014851",371865,2025-08-02 19:16:14,43.3579559326172,-8.84466648101807,"Unknown"
"7014851",371865,2025-08-02 19:21:07,43.3581085205078,-8.84527206420898,"Unknown"
"7014851",371865,2025-08-02 19:26:06,43.3581924438477,-8.84515476226807,"Unknown"
"7014851",371865,2025-08-02 19:31:07,43.3578338623047,-8.84553337097168,"Unknown"
"7014851",371865,2025-08-02 19:36:12,43.3577690124512,-8.8454532623291,"Unknown"
"7014851",371865,2025-08-02 19:41:11,43.3578071594238,-8.84531021118164,"Unknown"
"7014851",371865,2025-08-02 19:46:04,43.357837677002,-8.84558868408203,"Unknown"
"7014851",371865,2025-08-02 19:51:09,43.3577728271484,-8.84532642364502,"Unknown"
"7014851",371865,2025-08-02 19:56:17,43.3575630187988,-8.84514999389648,"Unknown"
"7014851",371865,2025-08-02 20:01:45,43.3577194213867,-8.84482860565186,"Unknown"
"7014851",371865,2025-08-02 20:06:10,43.3577346801758,-8.84468364715576,"Unknown"
"7014851",371865,2025-08-02 20:11:10,43.3575820922852,-8.84466075897217,"Unknown"
"7014851",371865,2025-08-02 20:16:35,43.3575897216797,-8.84516334533691,"Unknown"
"7014851",371865,2025-08-02 20:21:06,43.3575744628906,-8.84515762329102,"Unknown"
"7014851",371865,2025-08-02 20:26:06,43.3576469421387,-8.84501934051514,"Unknown"
"7014851",371865,2025-08-02 20:31:05,43.357738494873,-8.84483814239502,"Unknown"
"7014851",371865,2025-08-02 20:36:06,43.3578987121582,-8.84478187561035,"Unknown"
"7014851",371865,2025-08-02 20:41:07,43.3577537536621,-8.8449010848999,"Unknown"
"7014851",371865,2025-08-02 20:46:36,43.3576011657715,-8.8450174331665,"Unknown"
"7014851",371865,2025-08-02 20:51:06,43.357666015625,-8.8449764251709,"Unknown"
"7014851",371865,2025-08-02 20:56:05,43.3577041625977,-8.84496974945068,"Unknown"
"7014851",371865,2025-08-02 21:01:06,43.357593536377,-8.84508800506592,"Unknown"
"7014851",371865,2025-08-02 21:06:05,43.3575401306152,-8.84500026702881,"Unknown"
"7014851",371865,2025-08-02 21:11:05,43.3575744628906,-8.84507465362549,"Unknown"
"7014851",371865,2025-08-02 21:16:06,43.3576049804688,-8.84502696990967,"Unknown"
"7014851",371865,2025-08-02 21:21:07,43.3575210571289,-8.84497547149658,"Unknown"
"7014851",371865,2025-08-02 21:26:04,43.3578262329102,-8.84485340118408,"Unknown"
"7014851",371865,2025-08-02 21:31:06,43.3580017089844,-8.84479999542236,"Unknown"
"7014851",371865,2025-08-02 21:36:05,43.3577041625977,-8.84503364562988,"Unknown"
"7014851",371865,2025-08-02 21:41:05,43.3576393127441,-8.84499931335449,"Unknown"
"7014851",371865,2025-08-02 21:46:05,43.3576622009277,-8.84499645233154,"Unknown"
"7014851",371865,2025-08-02 21:51:05,43.3577156066895,-8.84505748748779,"Unknown"
"7014851",371865,2025-08-02 21:56:05,43.3576774597168,-8.845046043396,"Unknown"
"7014851",371865,2025-08-02 22:01:05,43.3576393127441,-8.84502124786377,"Unknown"
"7014851",371865,2025-08-02 22:06:07,43.357723236084,-8.8449535369873,"Unknown"
"7014851",371865,2025-08-02 22:11:08,43.357593536377,-8.84489917755127,"Unknown"
"7014851",371865,2025-08-02 22:16:20,43.357738494873,-8.84497356414795,"Unknown"
"7014851",371865,2025-08-02 22:21:35,43.3576889038086,-8.84503936767578,"Unknown"
"7014851",371865,2025-08-02 22:26:05,43.357593536377,-8.84502983093262,"Unknown"
"7014851",371865,2025-08-02 22:31:05,43.3576049804688,-8.84499359130859,"Unknown"
"7014851",371865,2025-08-02 22:36:04,43.3577156066895,-8.84503364562988,"Unknown"
"7014851",371865,2025-08-02 22:41:07,43.3576049804688,-8.8449010848999,"Unknown"
"7014851",371865,2025-08-02 22:46:11,43.3576011657715,-8.84428215026855,"Unknown"
"7014851",371865,2025-08-02 22:51:05,43.3577346801758,-8.84504890441895,"Unknown"
"7014851",371865,2025-08-02 22:56:08,43.3576202392578,-8.84500503540039,"Unknown"
"7014851",371865,2025-08-02 23:01:12,43.3575477600098,-8.84553527832031,"Unknown"
"7014851",371865,2025-08-02 23:06:08,43.3575401306152,-8.84508037567139,"Unknown"
"7014851",371865,2025-08-02 23:11:04,43.3574981689453,-8.84512329101562,"Unknown"
"7014851",371865,2025-08-02 23:16:05,43.3575019836426,-8.84499454498291,"Unknown"
"7014851",371865,2025-08-02 23:21:10,43.3574752807617,-8.84482002258301,"Unknown"
"7014851",371865,2025-08-02 23:26:05,43.3575210571289,-8.84480953216553,"Unknown"
"7014851",371865,2025-08-02 23:31:05,43.3574829101562,-8.8445348739624,"Unknown"
"7014851",371865,2025-08-02 23:36:09,43.3573760986328,-8.8441333770752,"Unknown"
"7014851",371865,2025-08-02 23:41:14,43.3574104309082,-8.84429740905762,"Unknown"
"7014851",371865,2025-08-02 23:46:35,43.3575859069824,-8.84502506256104,"Unknown"
"7014851",371865,2025-08-02 23:51:04,43.3575706481934,-8.84506511688232,"Unknown"
"7014851",371865,2025-08-02 23:56:04,43.3576164245605,-8.84503841400146,"Unknown"
"7014851",371865,2025-08-03 00:01:04,43.357593536377,-8.84499549865723,"Unknown"
"7014851",371865,2025-08-03 00:06:04,43.3576507568359,-8.84507179260254,"Unknown"
"7014851",371865,2025-08-03 00:11:04,43.3576164245605,-8.84503364562988,"Unknown"
"7014851",371865,2025-08-03 00:16:04,43.3576049804688,-8.84504795074463,"Unknown"
"7014851",371865,2025-08-03 00:21:06,43.3574714660645,-8.84489917755127,"Unknown"
"7014851",371865,2025-08-03 00:26:06,43.3575668334961,-8.8449125289917,"Unknown"
"7014851",371865,2025-08-03 00:31:09,43.3576393127441,-8.84490776062012,"Unknown"
"7014851",371865,2025-08-03 00:36:10,43.3576812744141,-8.84493446350098,"Unknown"
"7014851",371865,2025-08-03 00:41:09,43.3576622009277,-8.84494876861572,"Unknown"
"7014851",371865,2025-08-03 00:46:09,43.3576469421387,-8.84498596191406,"Unknown"
"7014851",371865,2025-08-03 00:51:11,43.3576812744141,-8.84502220153809,"Unknown"
"7014851",371865,2025-08-03 00:56:10,43.3576736450195,-8.84496212005615,"Unknown"
"7014851",371865,2025-08-03 01:01:07,43.3576927185059,-8.84490299224854,"Unknown"
"7014851",371865,2025-08-03 01:06:10,43.3576889038086,-8.84493827819824,"Unknown"
"7014851",371865,2025-08-03 01:11:06,43.3573112487793,-8.84464645385742,"Unknown"
"7014851",371865,2025-08-03 01:16:10,43.357593536377,-8.84501266479492,"Unknown"
"7014851",371865,2025-08-03 01:21:06,43.3574867248535,-8.8449649810791,"Unknown"
"7014851",371865,2025-08-03 01:26:11,43.3576316833496,-8.84506130218506,"Unknown"
"7014851",371865,2025-08-03 01:31:06,43.3576736450195,-8.84513378143311,"Unknown"
"7014851",371865,2025-08-03 01:36:35,43.3575973510742,-8.84501171112061,"Unknown"
"7014851",371865,2025-08-03 01:41:07,43.3575859069824,-8.84499835968018,"Unknown"
"7014851",371865,2025-08-03 01:46:06,43.3576011657715,-8.84494876861572,"Unknown"
"7014851",371865,2025-08-03 01:51:08,43.3575744628906,-8.8449764251709,"Unknown"
"7014851",371865,2025-08-03 01:56:07,43.357593536377,-8.8449649810791,"Unknown"
"7014851",371865,2025-08-03 02:01:07,43.3575172424316,-8.84502983093262,"Unknown"
"7014851",371865,2025-08-03 02:06:04,43.3576011657715,-8.84494113922119,"Unknown"
"7014851",371865,2025-08-03 02:11:06,43.357593536377,-8.8449239730835,"Unknown"
"7014851",371865,2025-08-03 02:16:05,43.357608795166,-8.84488868713379,"Unknown"
"7014851",371865,2025-08-03 02:21:07,43.3575019836426,-8.84499740600586,"Unknown"
"7014851",371865,2025-08-03 02:26:07,43.3575401306152,-8.8449764251709,"Unknown"
"7014851",371865,2025-08-03 02:31:10,43.3574981689453,-8.84498691558838,"Unknown"
"7014851",371865,2025-08-03 02:36:09,43.3574829101562,-8.84497928619385,"Unknown"
"7014851",371865,2025-08-03 02:41:07,43.3574485778809,-8.84496974945068,"Unknown"
"7014851",371865,2025-08-03 02:46:07,43.3574333190918,-8.84499073028564,"Unknown"
"7014851",371865,2025-08-03 02:51:07,43.3574256896973,-8.84499835968018,"Unknown"
"7014851",371865,2025-08-03 02:56:07,43.3573989868164,-8.84489440917969,"Unknown"
"7014851",371865,2025-08-03 03:01:35,43.3574638366699,-8.84508419036865,"Unknown"
"7014851",371865,2025-08-03 03:06:04,43.3575210571289,-8.84514713287354,"Unknown"
"7014851",371865,2025-08-03 03:11:04,43.3574867248535,-8.84518623352051,"Unknown"
"7014851",371865,2025-08-03 03:16:04,43.3575782775879,-8.8450984954834,"Unknown"
"7014851",371865,2025-08-03 03:21:05,43.3579216003418,-8.84562492370605,"Unknown"
"7014851",371865,2025-08-03 03:26:07,43.3577194213867,-8.84500408172607,"Unknown"
"7014851",371865,2025-08-03 03:31:05,43.3578758239746,-8.84516620635986,"Unknown"
"7014851",371865,2025-08-03 03:36:08,43.3577156066895,-8.84498310089111,"Unknown"
"7014851",371865,2025-08-03 03:41:07,43.3576850891113,-8.84507656097412,"Unknown"
"7014851",371865,2025-08-03 03:46:07,43.3577308654785,-8.84494209289551,"Unknown"
"7014851",371865,2025-08-03 03:51:07,43.3577308654785,-8.84489727020264,"Unknown"
"7014851",371865,2025-08-03 03:56:07,43.3576927185059,-8.84494590759277,"Unknown"
"7014851",371865,2025-08-03 04:01:14,43.3576698303223,-8.84500694274902,"Unknown"
"7014851",371865,2025-08-03 04:06:09,43.3576545715332,-8.84501266479492,"Unknown"
"7014851",371865,2025-08-03 04:11:07,43.357666015625,-8.84493827819824,"Unknown"
"7014851",371865,2025-08-03 04:16:10,43.3575172424316,-8.84504890441895,"Unknown"
"7014851",371865,2025-08-03 04:21:06,43.3575134277344,-8.84494781494141,"Unknown"
"7014851",371865,2025-08-03 04:26:06,43.3575286865234,-8.84492969512939,"Unknown"
"7014851",371865,2025-08-03 04:31:08,43.3575019836426,-8.84507846832275,"Unknown"
"7014851",371865,2025-08-03 04:36:07,43.3574562072754,-8.8450403213501,"Unknown"
"7014851",371865,2025-08-03 04:41:09,43.3575325012207,-8.84502220153809,"Unknown"
"7014851",371865,2025-08-03 04:46:20,43.3575172424316,-8.84480571746826,"Unknown"
"7014851",371865,2025-08-03 04:51:09,43.3545837402344,-8.83254051208496,"Unknown"
"7014851",371865,2025-08-03 04:56:09,43.322826385498,-8.81534576416016,"Unknown"
"7014851",371865,2025-08-03 05:01:09,43.3040237426758,-8.78067588806152,"Unknown"
"7014851",371865,2025-08-03 05:06:16,43.297176361084,-8.75331687927246,"Unknown"
"7014851",371865,2025-08-03 05:11:11,43.296703338623,-8.73771286010742,"Unknown"
"7014851",371865,2025-08-03 05:16:12,43.2941551208496,-8.71059322357178,"Unknown"
"7014851",371865,2025-08-03 05:21:12,43.2923393249512,-8.6983528137207,"Unknown"
"7014851",371865,2025-08-03 05:26:13,43.2917442321777,-8.69758415222168,"Unknown"
"7014851",371865,2025-08-03 05:31:35,43.2922096252441,-8.69765377044678,"Unknown"
"7014851",371865,2025-08-03 05:36:09,43.2925758361816,-8.69821166992188,"Unknown"
"7014851",371865,2025-08-03 05:41:09,43.292537689209,-8.69806480407715,"Unknown"
"7014851",371865,2025-08-03 05:46:10,43.2924346923828,-8.69769096374512,"Unknown"
"7014851",371865,2025-08-03 05:51:09,43.2922515869141,-8.69772815704346,"Unknown"
"7014851",371865,2025-08-03 05:56:09,43.2922515869141,-8.6977424621582,"Unknown"
"7014851",371865,2025-08-03 06:01:10,43.2921409606934,-8.69767475128174,"Unknown"
"7014851",371865,2025-08-03 06:06:06,43.2921142578125,-8.69764137268066,"Unknown"
"7014851",371865,2025-08-03 06:11:12,43.2919883728027,-8.69744682312012,"Unknown"
"7014851",371865,2025-08-03 06:16:10,43.2919235229492,-8.69720363616943,"Unknown"
"7014851",371865,2025-08-03 06:21:09,43.283332824707,-8.6677770614624,"Unknown"
"7014851",371865,2025-08-03 06:26:08,43.2697525024414,-8.6312255859375,"Unknown"
"7014851",371865,2025-08-03 06:31:08,43.2456588745117,-8.60277271270752,"Unknown"
"7014851",371865,2025-08-03 06:36:09,43.2195281982422,-8.57960891723633,"Unknown"
"7014851",371865,2025-08-03 06:41:10,43.2031440734863,-8.55315399169922,"Unknown"
"7014851",371865,2025-08-03 06:46:56,43.1756591796875,-8.53315353393555,"Unknown"
"7014851",371865,2025-08-03 06:51:06,43.1552200317383,-8.52108192443848,"Unknown"
"7014851",371865,2025-08-03 06:56:06,43.1363143920898,-8.48606204986572,"Unknown"
"7014851",371865,2025-08-03 07:01:06,43.1300430297852,-8.47097110748291,"Unknown"
"7014851",371865,2025-08-03 07:06:05,43.1304321289062,-8.47178936004639,"Unknown"
"7014851",371865,2025-08-03 07:11:09,43.1305046081543,-8.47165489196777,"Unknown"
"7014851",371865,2025-08-03 07:16:06,43.1303634643555,-8.47131443023682,"Unknown"
"7014851",371865,2025-08-03 07:21:09,43.1304740905762,-8.47152996063232,"Unknown"
"7014851",371865,2025-08-03 07:26:09,43.1303749084473,-8.47139358520508,"Unknown"
"7014851",371865,2025-08-03 07:31:09,43.1303443908691,-8.47150802612305,"Unknown"
"7014851",371865,2025-08-03 07:36:13,43.130298614502,-8.47139167785645,"Unknown"
"7014851",371865,2025-08-03 07:41:09,43.1302757263184,-8.47140026092529,"Unknown"
"7014851",371865,2025-08-03 07:46:09,43.130313873291,-8.47140407562256,"Unknown"
"7014851",371865,2025-08-03 07:51:09,43.1302871704102,-8.47140693664551,"Unknown"
"7014851",371865,2025-08-03 07:56:06,43.130313873291,-8.47144889831543,"Unknown"
"7014851",371865,2025-08-03 08:01:09,43.1302871704102,-8.47143650054932,"Unknown"
"7014851",371865,2025-08-03 08:06:08,43.1303329467773,-8.47140312194824,"Unknown"
"7014851",371865,2025-08-03 08:11:12,43.1303596496582,-8.47134304046631,"Unknown"
"7014851",371865,2025-08-03 08:16:14,43.1302871704102,-8.47148323059082,"Unknown"
"7014851",371865,2025-08-03 08:21:10,43.1302719116211,-8.47144031524658,"Unknown"
"7014851",371865,2025-08-03 08:26:08,43.1303901672363,-8.47116565704346,"Unknown"
"7014851",371865,2025-08-03 08:31:35,43.1302757263184,-8.47140693664551,"Unknown"
"7014851",371865,2025-08-03 08:36:04,43.1303520202637,-8.47138977050781,"Unknown"
"7014851",371865,2025-08-03 08:41:04,43.1302299499512,-8.47153663635254,"Unknown"
"7014851",371865,2025-08-03 08:46:14,43.1302680969238,-8.47145938873291,"Unknown"
"7014851",371865,2025-08-03 08:51:04,43.1301689147949,-8.47159004211426,"Unknown"
"7014851",371865,2025-08-03 08:56:05,43.1302871704102,-8.47145557403564,"Unknown"
"7014851",371865,2025-08-03 09:01:06,43.1301460266113,-8.47162914276123,"Unknown"
"7014851",371865,2025-08-03 09:06:08,43.1302604675293,-8.47149658203125,"Unknown"
"7014851",371865,2025-08-03 09:11:07,43.1302490234375,-8.47142601013184,"Unknown"
"7014851",371865,2025-08-03 09:16:06,43.124454498291,-8.48754215240479,"Unknown"
"7014851",371865,2025-08-03 09:21:04,43.0983657836914,-8.49805450439453,"Unknown"
"7014851",371865,2025-08-03 09:26:04,43.1016807556152,-8.49137401580811,"Unknown"
"7014851",371865,2025-08-03 09:31:06,43.1232109069824,-8.51072216033936,"Unknown"
"7014851",371865,2025-08-03 09:36:06,43.1425437927246,-8.53357124328613,"Unknown"
"7014851",371865,2025-08-03 09:41:05,43.1478118896484,-8.54262256622314,"Unknown"
"7014851",371865,2025-08-03 09:46:04,43.1574859619141,-8.55487823486328,"Unknown"
"7014851",371865,2025-08-03 09:51:07,43.1708946228027,-8.57328510284424,"Unknown"
"7014851",371865,2025-08-03 09:56:38,43.2052612304688,-8.60683822631836,"Unknown"
"7014851",371865,2025-08-03 10:01:06,43.2307243347168,-8.62269306182861,"Unknown"
"7014851",371865,2025-08-03 10:06:06,43.2462959289551,-8.6403341293335,"Unknown"
"7014851",371865,2025-08-03 10:11:34,43.2595748901367,-8.65950679779053,"Unknown"
"7014851",371865,2025-08-03 10:16:04,43.2809410095215,-8.67749500274658,"Unknown"
"7014851",371865,2025-08-03 10:21:04,43.3000373840332,-8.72464466094971,"Unknown"
"7014851",371865,2025-08-03 10:26:08,43.3029937744141,-8.7800760269165,"Unknown"
"7014851",371865,2025-08-03 10:31:04,43.3220558166504,-8.81031322479248,"Unknown"
"7014851",371865,2025-08-03 10:36:04,43.3424682617188,-8.83203220367432,"Unknown"
"7014851",371865,2025-08-03 10:41:04,43.3575973510742,-8.84546279907227,"Unknown"
"7014851",371865,2025-08-03 10:46:06,43.3575019836426,-8.84522819519043,"Unknown"
"7014851",371865,2025-08-03 10:51:07,43.3574523925781,-8.84513664245605,"Unknown"
"7014851",371865,2025-08-03 10:56:07,43.3576469421387,-8.84516143798828,"Unknown"
"7014851",371865,2025-08-03 11:01:08,43.3573913574219,-8.84506797790527,"Unknown"
"7014851",371865,2025-08-03 11:06:08,43.3573417663574,-8.84521770477295,"Unknown"
"7014851",371865,2025-08-03 11:11:34,43.3576393127441,-8.84494018554688,"Unknown"
"7014851",371865,2025-08-03 11:16:06,43.3576393127441,-8.84500789642334,"Unknown"
"7014851",371865,2025-08-03 11:21:04,43.357608795166,-8.84494781494141,"Unknown"
"7014851",371865,2025-08-03 11:26:04,43.3576354980469,-8.84503555297852,"Unknown"
"7014851",371865,2025-08-03 11:31:05,43.3575820922852,-8.84507274627686,"Unknown"
"7014851",371865,2025-08-03 11:36:04,43.3576431274414,-8.84504985809326,"Unknown"
"7014851",371865,2025-08-03 11:41:04,43.3576469421387,-8.84496021270752,"Unknown"
"7014851",371865,2025-08-03 11:46:05,43.3576393127441,-8.8449878692627,"Unknown"
"7014851",371865,2025-08-03 11:51:06,43.3576240539551,-8.84496879577637,"Unknown"
"7014851",371865,2025-08-03 11:56:03,43.3575820922852,-8.84492492675781,"Unknown"
"7014851",371865,2025-08-03 12:01:05,43.3575820922852,-8.84495639801025,"Unknown"
"7014851",371865,2025-08-03 12:06:03,43.357608795166,-8.8449239730835,"Unknown"
"7014851",371865,2025-08-03 12:11:04,43.3576736450195,-8.84497451782227,"Unknown"
"7014851",371865,2025-08-03 12:16:05,43.3576583862305,-8.84497451782227,"Unknown"
"7014851",371865,2025-08-03 12:21:08,43.3576889038086,-8.84499835968018,"Unknown"
"7014851",371865,2025-08-03 12:26:07,43.3575286865234,-8.84502792358398,"Unknown"
"7014851",371865,2025-08-03 12:31:14,43.3575477600098,-8.84500789642334,"Unknown"
"7014851",371865,2025-08-03 12:36:06,43.3575744628906,-8.84501171112061,"Unknown"
"7014851",371865,2025-08-03 12:41:07,43.3576126098633,-8.84443283081055,"Unknown"
"7014851",371865,2025-08-03 12:46:10,43.3574409484863,-8.84420871734619,"Unknown"
"7014851",371865,2025-08-03 12:51:09,43.3573532104492,-8.84478759765625,"Unknown"
"7014851",371865,2025-08-03 12:56:19,43.3574066162109,-8.84494400024414,"Unknown"
"7014851",371865,2025-08-03 13:01:17,43.3574028015137,-8.84486103057861,"Unknown"
"7014851",371865,2025-08-03 13:06:09,43.3573379516602,-8.84477710723877,"Unknown"
"7014851",371865,2025-08-03 13:11:35,43.3575706481934,-8.84513854980469,"Unknown"
"7014851",371865,2025-08-03 13:16:05,43.3575744628906,-8.84514236450195,"Unknown"
"7014851",371865,2025-08-03 13:21:03,43.3575744628906,-8.84525489807129,"Unknown"
"7014851",371865,2025-08-03 13:26:05,43.3575592041016,-8.84522247314453,"Unknown"
"7014851",371865,2025-08-03 13:31:03,43.3575897216797,-8.84510803222656,"Unknown"
"7014851",371865,2025-08-03 13:36:04,43.3575820922852,-8.84520435333252,"Unknown"
"7014851",371865,2025-08-03 13:41:04,43.3575477600098,-8.8452730178833,"Unknown"
"7014851",371865,2025-08-03 13:46:05,43.357593536377,-8.84515762329102,"Unknown"
"7014851",371865,2025-08-03 13:51:05,43.357608795166,-8.84509086608887,"Unknown"
"7014851",371865,2025-08-03 13:56:05,43.3576126098633,-8.8451099395752,"Unknown"
"7014851",371865,2025-08-03 14:01:03,43.3576011657715,-8.84513568878174,"Unknown"
"7014851",371865,2025-08-03 14:06:07,43.357608795166,-8.8451509475708,"Unknown"
"7014851",371865,2025-08-03 14:11:07,43.357551574707,-8.84511470794678,"Unknown"
"7014851",371865,2025-08-03 14:16:07,43.3576469421387,-8.84491729736328,"Unknown"
"7014851",371865,2025-08-03 14:21:07,43.3574905395508,-8.8452672958374,"Unknown"
"7014851",371865,2025-08-03 14:26:07,43.3576126098633,-8.84494304656982,"Unknown"
"7014851",371865,2025-08-03 14:31:06,43.3576354980469,-8.84497737884521,"Unknown"
"7014851",371865,2025-08-03 14:36:07,43.3575325012207,-8.84520816802979,"Unknown"
"7014851",371865,2025-08-03 14:41:05,43.3575439453125,-8.84508323669434,"Unknown"
"7014851",371865,2025-08-03 14:46:08,43.3576889038086,-8.84481143951416,"Unknown"
"7014851",371865,2025-08-03 14:51:03,43.3579978942871,-8.84495258331299,"Unknown"
"7014851",371865,2025-08-03 14:56:07,43.3577995300293,-8.84490585327148,"Unknown"
"7014851",371865,2025-08-03 15:01:07,43.357852935791,-8.84500980377197,"Unknown"
"7014851",371865,2025-08-03 15:06:03,43.3578338623047,-8.84502410888672,"Unknown"
"7014851",371865,2025-08-03 15:11:05,43.3578453063965,-8.8445463180542,"Unknown"
"7014851",371865,2025-08-03 15:16:07,43.3580627441406,-8.84494876861572,"Unknown"
"7014851",371865,2025-08-03 15:21:06,43.3579216003418,-8.8447732925415,"Unknown"
"7014851",371865,2025-08-03 15:26:10,43.3578872680664,-8.84475708007812,"Unknown"
"7014851",371865,2025-08-03 15:31:09,43.3580284118652,-8.84494686126709,"Unknown"
"7014851",371865,2025-08-03 15:36:10,43.3581237792969,-8.84494590759277,"Unknown"
"7014851",371865,2025-08-03 15:41:12,43.3577079772949,-8.84447193145752,"Unknown"
"7014851",371865,2025-08-03 15:46:13,43.3579711914062,-8.84493255615234,"Unknown"
"7014851",371865,2025-08-03 15:51:08,43.3579444885254,-8.84485816955566,"Unknown"
"7014851",371865,2025-08-03 15:56:34,43.3579216003418,-8.84487628936768,"Unknown"
"7014851",371865,2025-08-03 16:01:09,43.3578147888184,-8.84472370147705,"Unknown"
"7014851",371865,2025-08-03 16:06:06,43.3581314086914,-8.84484195709229,"Unknown"
"7014851",371865,2025-08-03 16:11:13,43.3579597473145,-8.84453010559082,"Unknown"
"7014851",371865,2025-08-03 16:16:07,43.3579025268555,-8.84468460083008,"Unknown"
"7014851",371865,2025-08-03 16:21:04,43.3579483032227,-8.8446102142334,"Unknown"
"7014851",371865,2025-08-03 16:26:06,43.3577651977539,-8.84435558319092,"Unknown"
"7014851",371865,2025-08-03 16:31:10,43.3576889038086,-8.84471797943115,"Unknown"
"7014851",371865,2025-08-03 16:36:12,43.3579750061035,-8.84480953216553,"Unknown"
"7014851",371865,2025-08-03 16:41:09,43.35791015625,-8.84476566314697,"Unknown"
"7014851",371865,2025-08-03 16:46:22,43.3578262329102,-8.84497833251953,"Unknown"
"7014851",371865,2025-08-03 16:51:07,43.3579177856445,-8.84488201141357,"Unknown"
"7014851",371865,2025-08-03 16:56:22,43.3577651977539,-8.84481811523438,"Unknown"
"7014851",371865,2025-08-03 17:01:09,43.3579368591309,-8.84467697143555,"Unknown"
"7014851",371865,2025-08-03 17:06:20,43.3579330444336,-8.84488677978516,"Unknown"
"7014851",371865,2025-08-03 17:11:13,43.3579483032227,-8.84479141235352,"Unknown"
"7014851",371865,2025-08-03 17:16:09,43.3574371337891,-8.84500789642334,"Unknown"
"7014851",371865,2025-08-03 17:21:17,43.3579559326172,-8.84470558166504,"Unknown"
"7014851",371865,2025-08-03 17:26:12,43.3580131530762,-8.8446741104126,"Unknown"
"7014851",371865,2025-08-03 17:31:10,43.35791015625,-8.84466171264648,"Unknown"
"7014851",371865,2025-08-03 17:36:06,43.3578987121582,-8.84480762481689,"Unknown"
"7014851",371865,2025-08-03 17:41:11,43.3574485778809,-8.84497356414795,"Unknown"
"7014851",371865,2025-08-03 17:46:10,43.3574676513672,-8.84481143951416,"Unknown"
"7014851",371865,2025-08-03 17:51:15,43.3576889038086,-8.84467697143555,"Unknown"
"7014851",371865,2025-08-03 17:56:04,43.3576011657715,-8.84484577178955,"Unknown"
"7014851",371865,2025-08-03 18:01:09,43.3578338623047,-8.8447437286377,"Unknown"
"7014851",371865,2025-08-03 18:06:09,43.3576240539551,-8.84492301940918,"Unknown"
"7014851",371865,2025-08-03 18:11:35,43.357608795166,-8.84495639801025,"Unknown"
"7014851",371865,2025-08-03 18:16:05,43.3576927185059,-8.84504890441895,"Unknown"
"7014851",371865,2025-08-03 18:21:10,43.3578453063965,-8.84468078613281,"Unknown"
"7014851",371865,2025-08-03 18:26:12,43.357593536377,-8.84511661529541,"Unknown"
"7014851",371865,2025-08-03 18:31:10,43.3574829101562,-8.8451566696167,"Unknown"
"7014851",371865,2025-08-03 18:36:09,43.3576507568359,-8.84508228302002,"Unknown"
"7014851",371865,2025-08-03 18:41:04,43.3575592041016,-8.8451099395752,"Unknown"
"7014851",371865,2025-08-03 18:46:18,43.3604469299316,-8.84691143035889,"Unknown"
"7014851",371865,2025-08-03 18:51:07,43.3578453063965,-8.84488487243652,"Unknown"
"7014851",371865,2025-08-03 18:56:03,43.3581771850586,-8.84503555297852,"Unknown"
"7014851",371865,2025-08-03 19:01:03,43.357494354248,-8.84522533416748,"Unknown"
"7014851",371865,2025-08-03 19:06:03,43.3576278686523,-8.8450984954834,"Unknown"
"7014851",371865,2025-08-03 19:11:04,43.3584480285645,-8.84465599060059,"Unknown"
"7014851",371865,2025-08-03 19:16:14,43.3576393127441,-8.84513568878174,"Unknown"
"7014851",371865,2025-08-03 19:21:15,43.357795715332,-8.84492301940918,"Unknown"
"7014851",371865,2025-08-03 19:26:22,43.3577690124512,-8.84560108184814,"Unknown"
"7014851",371865,2025-08-03 19:31:09,43.3576316833496,-8.84512901306152,"Unknown"
"7014851",371865,2025-08-03 19:36:12,43.3580169677734,-8.84492301940918,"Unknown"
"7014851",371865,2025-08-03 19:41:09,43.3577766418457,-8.84485816955566,"Unknown"
"7014851",371865,2025-08-03 19:46:35,43.3575744628906,-8.84498500823975,"Unknown"
"7014851",371865,2025-08-03 19:51:03,43.3573837280273,-8.84424209594727,"Unknown"
"7014851",371865,2025-08-03 19:56:03,43.3577651977539,-8.84486103057861,"Unknown"
"7014851",371865,2025-08-03 20:01:04,43.3577499389648,-8.84476280212402,"Unknown"
"7014851",371865,2025-08-03 20:06:04,43.357738494873,-8.8447732925415,"Unknown"
"7014851",371865,2025-08-03 20:11:03,43.3577651977539,-8.84474849700928,"Unknown"
"7014851",371865,2025-08-03 20:16:03,43.3577842712402,-8.84471130371094,"Unknown"
"7014851",371865,2025-08-03 20:21:03,43.357795715332,-8.84472465515137,"Unknown"
"7014851",371865,2025-08-03 20:26:08,43.3577156066895,-8.84492111206055,"Unknown"
"7014851",371865,2025-08-03 20:31:03,43.358097076416,-8.84491634368896,"Unknown"
"7014851",371865,2025-08-03 20:36:03,43.3575897216797,-8.84485149383545,"Unknown"
"7014851",371865,2025-08-03 20:41:04,43.3575401306152,-8.84495639801025,"Unknown"
"7014851",371865,2025-08-03 20:46:03,43.3575325012207,-8.84500026702881,"Unknown"
"7014851",371865,2025-08-03 20:51:03,43.3575668334961,-8.84497356414795,"Unknown"
"7014851",371865,2025-08-03 20:56:03,43.357593536377,-8.84496307373047,"Unknown"
"7014851",371865,2025-08-03 21:01:08,43.358081817627,-8.84466552734375,"Unknown"
"7014851",371865,2025-08-03 21:06:04,43.3577461242676,-8.84468555450439,"Unknown"
"7014851",371865,2025-08-03 21:11:10,43.3576393127441,-8.84456539154053,"Unknown"
"7014851",371865,2025-08-03 21:16:06,43.3575859069824,-8.84490203857422,"Unknown"
"7014851",371865,2025-08-03 21:21:06,43.3576393127441,-8.84503650665283,"Unknown"
"7014851",371865,2025-08-03 21:26:04,43.3576202392578,-8.8449764251709,"Unknown"
"7014851",371865,2025-08-03 21:31:04,43.3576316833496,-8.84508895874023,"Unknown"
"7014851",371865,2025-08-03 21:36:04,43.3575744628906,-8.84507083892822,"Unknown"
"7014851",371865,2025-08-03 21:41:08,43.3576507568359,-8.84506511688232,"Unknown"
"7014851",371865,2025-08-03 21:46:14,43.3576965332031,-8.84463691711426,"Unknown"
"7014851",371865,2025-08-03 21:51:03,43.357608795166,-8.84502124786377,"Unknown"
"7014851",371865,2025-08-03 21:56:03,43.3574981689453,-8.84512901306152,"Unknown"
"7014851",371865,2025-08-03 22:01:10,43.3576889038086,-8.8448429107666,"Unknown"
"7014851",371865,2025-08-03 22:06:03,43.3576164245605,-8.84491729736328,"Unknown"
"7014851",371865,2025-08-03 22:11:03,43.3576240539551,-8.84482860565186,"Unknown"
"7014851",371865,2025-08-03 22:16:03,43.357666015625,-8.84484958648682,"Unknown"
"7014851",371865,2025-08-03 22:21:03,43.3574333190918,-8.84500217437744,"Unknown"
"7014851",371865,2025-08-03 22:26:03,43.3574371337891,-8.84498977661133,"Unknown"
"7014851",371865,2025-08-03 22:31:07,43.3574562072754,-8.84506225585938,"Unknown"
"7014851",371865,2025-08-03 22:36:04,43.3575286865234,-8.84491062164307,"Unknown"
"7014851",371865,2025-08-03 22:41:08,43.3575096130371,-8.84500312805176,"Unknown"
"7014851",371865,2025-08-03 22:46:18,43.3578453063965,-8.8449239730835,"Unknown"
"7014851",371865,2025-08-03 22:51:35,43.3575973510742,-8.84509372711182,"Unknown"
"7014851",371865,2025-08-03 22:56:03,43.3576240539551,-8.84494972229004,"Unknown"
"7014851",371865,2025-08-03 23:01:06,43.3575439453125,-8.84515571594238,"Unknown"
"7014851",371865,2025-08-03 23:06:07,43.3576354980469,-8.84494876861572,"Unknown"
"7014851",371865,2025-08-03 23:11:04,43.3574638366699,-8.84535312652588,"Unknown"
"7014851",371865,2025-08-03 23:16:04,43.3575859069824,-8.84497833251953,"Unknown"
"7014851",371865,2025-08-03 23:21:03,43.357551574707,-8.84506702423096,"Unknown"
"7014851",371865,2025-08-03 23:26:03,43.3576049804688,-8.84510517120361,"Unknown"
"7014851",371865,2025-08-03 23:31:03,43.357593536377,-8.84511280059814,"Unknown"
"7014851",371865,2025-08-03 23:36:03,43.3575820922852,-8.84512329101562,"Unknown"
"7014851",371865,2025-08-03 23:41:03,43.3576202392578,-8.84515571594238,"Unknown"
"7014851",371865,2025-08-03 23:46:09,43.3576240539551,-8.84506130218506,"Unknown"
"7014851",371865,2025-08-03 23:51:08,43.3576354980469,-8.84511470794678,"Unknown"
"7014851",371865,2025-08-03 23:56:07,43.3576011657715,-8.84506320953369,"Unknown"
"7014851",371865,2025-08-04 00:01:15,43.3575668334961,-8.84472560882568,"Unknown"
"7014851",371865,2025-08-04 00:06:04,43.3576202392578,-8.84498691558838,"Unknown"
"7014851",371865,2025-08-04 00:11:04,43.357608795166,-8.8449764251709,"Unknown"
"7014851",371865,2025-08-04 00:16:07,43.3576126098633,-8.84485816955566,"Unknown"
"7014851",371865,2025-08-04 00:21:06,43.357551574707,-8.8449535369873,"Unknown"
"7014851",371865,2025-08-04 00:26:04,43.3576850891113,-8.84516906738281,"Unknown"
"7014851",371865,2025-08-04 00:31:03,43.3574829101562,-8.84511089324951,"Unknown"
"7014851",371865,2025-08-04 00:36:04,43.3576316833496,-8.84506320953369,"Unknown"
"7014851",371865,2025-08-04 00:41:03,43.3575630187988,-8.84500408172607,"Unknown"
"7014851",371865,2025-08-04 00:46:35,43.357593536377,-8.84507465362549,"Unknown"
"7014851",371865,2025-08-04 00:51:04,43.357666015625,-8.84505367279053,"Unknown"
"7014851",371865,2025-08-04 00:56:04,43.3576850891113,-8.84499263763428,"Unknown"
"7014851",371865,2025-08-04 01:01:06,43.3576507568359,-8.84502124786377,"Unknown"
"7014851",371865,2025-08-04 01:06:04,43.3576316833496,-8.84501552581787,"Unknown"
"7014851",371865,2025-08-04 01:11:06,43.3576469421387,-8.84494400024414,"Unknown"
"7014851",371865,2025-08-04 01:16:06,43.3576354980469,-8.84489250183105,"Unknown"
"7014851",371865,2025-08-04 01:21:06,43.3576431274414,-8.84494686126709,"Unknown"
"7014851",371865,2025-08-04 01:26:07,43.3576278686523,-8.84488868713379,"Unknown"
"7014851",371865,2025-08-04 01:31:13,43.357593536377,-8.8449182510376,"Unknown"
"7014851",371865,2025-08-04 01:36:08,43.3576164245605,-8.84493923187256,"Unknown"
"7014851",371865,2025-08-04 01:41:08,43.3575553894043,-8.84496784210205,"Unknown"
"7014851",371865,2025-08-04 01:46:09,43.3576240539551,-8.84493255615234,"Unknown"
"7014851",371865,2025-08-04 01:51:08,43.357551574707,-8.84494686126709,"Unknown"
"7014851",371865,2025-08-04 01:56:08,43.3575706481934,-8.84494400024414,"Unknown"
"7014851",371865,2025-08-04 02:01:08,43.357551574707,-8.84511852264404,"Unknown"
"7014851",371865,2025-08-04 02:06:09,43.3575477600098,-8.84505558013916,"Unknown"
"7014851",371865,2025-08-04 02:11:09,43.3574714660645,-8.84539604187012,"Unknown"
"7014851",371865,2025-08-04 02:16:14,43.3575477600098,-8.84506988525391,"Unknown"
"7014851",371865,2025-08-04 02:21:23,43.3575820922852,-8.84523582458496,"Unknown"
"7014851",371865,2025-08-04 02:26:07,43.3575897216797,-8.84511184692383,"Unknown"
"7014851",371865,2025-08-04 02:31:10,43.3575134277344,-8.84475421905518,"Unknown"
"7014851",371865,2025-08-04 02:36:08,43.3575439453125,-8.84496879577637,"Unknown"
"7014851",371865,2025-08-04 02:41:07,43.3575553894043,-8.84500885009766,"Unknown"
"7014851",371865,2025-08-04 02:46:07,43.3575592041016,-8.84507942199707,"Unknown"
"7014851",371865,2025-08-04 02:51:07,43.3576049804688,-8.84523773193359,"Unknown"
"7014851",371865,2025-08-04 02:56:35,43.3575286865234,-8.84516620635986,"Unknown"
"7014851",371865,2025-08-04 03:01:04,43.3575820922852,-8.84503936767578,"Unknown"
"7014851",371865,2025-08-04 03:06:03,43.3576622009277,-8.84511756896973,"Unknown"
"7014851",371865,2025-08-04 03:11:04,43.3575820922852,-8.84500503540039,"Unknown"
"7014851",371865,2025-08-04 03:16:04,43.3576202392578,-8.84495258331299,"Unknown"
"7014851",371865,2025-08-04 03:21:04,43.3578224182129,-8.84460353851318,"Unknown"
"7014851",371865,2025-08-04 03:26:04,43.3576431274414,-8.8449182510376,"Unknown"
"7014851",371865,2025-08-04 03:31:04,43.3576126098633,-8.84487915039062,"Unknown"
"7014851",371865,2025-08-04 03:36:04,43.3576889038086,-8.84487533569336,"Unknown"
"7014851",371865,2025-08-04 03:41:03,43.3576354980469,-8.8449535369873,"Unknown"
"7014851",371865,2025-08-04 03:46:14,43.3576698303223,-8.84502506256104,"Unknown"
"7014851",371865,2025-08-04 03:51:02,43.3576202392578,-8.84495162963867,"Unknown"
"7014851",371865,2025-08-04 03:56:05,43.357494354248,-8.84523105621338,"Unknown"
"7014851",371865,2025-08-04 04:01:13,43.357494354248,-8.84515571594238,"Unknown"
"7014851",371865,2025-08-04 04:06:05,43.3574485778809,-8.84530353546143,"Unknown"
"7014851",371865,2025-08-04 04:11:35,43.3575096130371,-8.84514904022217,"Unknown"
"7014851",371865,2025-08-04 04:16:02,43.3574714660645,-8.84524440765381,"Unknown"
"7014851",371865,2025-08-04 04:21:07,43.3574905395508,-8.84523391723633,"Unknown"
"7014851",371865,2025-08-04 04:26:06,43.3573112487793,-8.84536552429199,"Unknown"
"7014851",371865,2025-08-04 04:31:05,43.3591156005859,-8.84585285186768,"Unknown"
"7014851",371865,2025-08-04 04:36:20,43.3578796386719,-8.844651222229,"Unknown"
"7014851",371865,2025-08-04 04:41:35,43.357780456543,-8.84483623504639,"Unknown"
"7014851",371865,2025-08-04 04:46:02,43.3577995300293,-8.84478759765625,"Unknown"
"7014851",371865,2025-08-04 04:51:03,43.3575973510742,-8.84506511688232,"Unknown"
"7014851",371865,2025-08-04 04:56:02,43.3575210571289,-8.84518814086914,"Unknown"
"7014851",371865,2025-08-04 05:01:09,43.3575439453125,-8.84496212005615,"Unknown"
"7014851",371865,2025-08-04 05:06:03,43.3576965332031,-8.84500598907471,"Unknown"
"7014851",371865,2025-08-04 05:11:02,43.3576393127441,-8.84499931335449,"Unknown"
"7014851",371865,2025-08-04 05:16:02,43.3600883483887,-8.86371612548828,"Unknown"
"7014851",371865,2025-08-04 05:21:02,43.3492393493652,-8.90512371063232,"Unknown"
"7014851",371865,2025-08-04 05:26:02,43.3452110290527,-8.91104125976562,"Unknown"
"7014851",371865,2025-08-04 05:31:04,43.3419456481934,-8.91080284118652,"Unknown"
"7014851",371865,2025-08-04 05:36:02,43.3382339477539,-8.90312194824219,"Unknown"
"7014851",371865,2025-08-04 05:41:02,43.3209075927734,-8.87755489349365,"Unknown"
"7014851",371865,2025-08-04 05:46:04,43.3196678161621,-8.87596321105957,"Unknown"
"7014851",371865,2025-08-04 05:51:06,43.3196754455566,-8.87588787078857,"Unknown"
"7014851",371865,2025-08-04 05:56:03,43.3196907043457,-8.87585163116455,"Unknown"
"7014851",371865,2025-08-04 06:01:07,43.3196640014648,-8.87590885162354,"Unknown"
"7014851",371865,2025-08-04 06:06:02,43.3197288513184,-8.87591457366943,"Unknown"
"7014851",371865,2025-08-04 06:11:03,43.319652557373,-8.87597465515137,"Unknown"
"7014851",371865,2025-08-04 06:16:07,43.3196449279785,-8.8759298324585,"Unknown"
"7014851",371865,2025-08-04 06:21:04,43.3196792602539,-8.87589168548584,"Unknown"
"7014851",371865,2025-08-04 06:26:08,43.319507598877,-8.8757905960083,"Unknown"
"7014851",371865,2025-08-04 06:31:03,43.3246574401855,-8.88024711608887,"Unknown"
"7014851",371865,2025-08-04 06:36:04,43.3302574157715,-8.90354633331299,"Unknown"
"7014851",371865,2025-08-04 06:41:06,43.3275032043457,-8.90757369995117,"Unknown"
"7014851",371865,2025-08-04 06:46:02,43.3266716003418,-8.90839862823486,"Unknown"
"7014851",371865,2025-08-04 06:51:10,43.3280868530273,-8.90327167510986,"Unknown"
"7014851",371865,2025-08-04 06:56:06,43.3263511657715,-8.90596771240234,"Unknown"
"7014851",371865,2025-08-04 07:01:03,43.3258399963379,-8.90636348724365,"Unknown"
"7014851",371865,2025-08-04 07:06:06,43.3254699707031,-8.90310478210449,"Unknown"
"7014851",371865,2025-08-04 07:11:09,43.3259506225586,-8.90122699737549,"Unknown"
"7014851",371865,2025-08-04 07:16:15,43.3250885009766,-8.90165138244629,"Unknown"
"7014851",371865,2025-08-04 07:21:14,43.3244705200195,-8.90131759643555,"Unknown"
"7014851",371865,2025-08-04 07:26:09,43.3281402587891,-8.89359092712402,"Unknown"
"7014851",371865,2025-08-04 07:31:05,43.3432350158691,-8.86309337615967,"Unknown"
"7014851",371865,2025-08-04 07:36:10,43.3576126098633,-8.84510040283203,"Unknown"
"7014851",371865,2025-08-04 07:41:06,43.3576354980469,-8.84508514404297,"Unknown"
"7014851",371865,2025-08-04 07:46:03,43.357666015625,-8.84509944915771,"Unknown"
"7014851",371865,2025-08-04 07:51:02,43.3576622009277,-8.84547519683838,"Unknown"
"7014851",371865,2025-08-04 07:56:07,43.3576202392578,-8.84510612487793,"Unknown"
"7014851",371865,2025-08-04 08:01:08,43.3576850891113,-8.84505844116211,"Unknown"
"7014851",371865,2025-08-04 08:06:04,43.3576622009277,-8.84501361846924,"Unknown"
"7014851",371865,2025-08-04 08:11:06,43.3575897216797,-8.84516716003418,"Unknown"
"7014851",371865,2025-08-04 08:16:10,43.3575744628906,-8.84517765045166,"Unknown"
"7014851",371865,2025-08-04 08:21:06,43.3577613830566,-8.84485054016113,"Unknown"
"7014851",371865,2025-08-04 08:26:03,43.3577423095703,-8.84506988525391,"Unknown"
"7014851",371865,2025-08-04 08:31:35,43.3576164245605,-8.84512233734131,"Unknown"
"7014851",371865,2025-08-04 08:36:03,43.3576545715332,-8.8451976776123,"Unknown"
"7014851",371865,2025-08-04 08:41:08,43.357608795166,-8.84518241882324,"Unknown"
"7014851",371865,2025-08-04 08:46:02,43.3576622009277,-8.84503364562988,"Unknown"
"7014851",371865,2025-08-04 08:51:06,43.3576469421387,-8.84504222869873,"Unknown"
"7014851",371865,2025-08-04 08:56:02,43.3575134277344,-8.84487056732178,"Unknown"
"7014851",371865,2025-08-04 09:01:05,43.3578491210938,-8.84483909606934,"Unknown"
"7014851",371865,2025-08-04 09:06:03,43.3578262329102,-8.84483909606934,"Unknown"
"7014851",371865,2025-08-04 09:11:06,43.3577919006348,-8.8448486328125,"Unknown"
"7014851",371865,2025-08-04 09:16:12,43.3577423095703,-8.84476566314697,"Unknown"
"7014851",371865,2025-08-04 09:21:06,43.3581237792969,-8.84484672546387,"Unknown"
"7014851",371865,2025-08-04 09:26:06,43.3576507568359,-8.84514617919922,"Unknown"
"7014851",371865,2025-08-04 09:31:02,43.3579521179199,-8.84484195709229,"Unknown"
"7014851",371865,2025-08-04 09:36:07,43.3578186035156,-8.84491443634033,"Unknown"
"7014851",371865,2025-08-04 09:41:05,43.3578567504883,-8.84547328948975,"Unknown"
"7014851",371865,2025-08-04 09:46:12,43.3574523925781,-8.84533977508545,"Unknown"
"7014851",371865,2025-08-04 09:51:11,43.3583221435547,-8.84584426879883,"Unknown"
"7014851",371865,2025-08-04 09:56:12,43.3576431274414,-8.84529399871826,"Unknown"
"7014851",371865,2025-08-04 10:01:35,43.3576126098633,-8.84509944915771,"Unknown"
"7014851",371865,2025-08-04 10:06:02,43.3576278686523,-8.84514045715332,"Unknown"
"7014851",371865,2025-08-04 10:11:02,43.3575401306152,-8.84514141082764,"Unknown"
"7014851",371865,2025-08-04 10:16:02,43.3575820922852,-8.84519004821777,"Unknown"
"7014851",371865,2025-08-04 10:21:02,43.3576126098633,-8.84502220153809,"Unknown"
"7014851",371865,2025-08-04 10:26:02,43.3576126098633,-8.84506320953369,"Unknown"
"7014851",371865,2025-08-04 10:31:02,43.3582038879395,-8.8458833694458,"Unknown"
"7014851",371865,2025-08-04 10:36:06,43.3576240539551,-8.8448657989502,"Unknown"
"7014851",371865,2025-08-04 10:41:02,43.3575668334961,-8.84493827819824,"Unknown"
"7014851",371865,2025-08-04 10:46:02,43.3577537536621,-8.84482765197754,"Unknown"
"7014851",371865,2025-08-04 10:51:02,43.3575248718262,-8.84497356414795,"Unknown"
"7014851",371865,2025-08-04 10:56:02,43.3585014343262,-8.84549236297607,"Unknown"
"7014851",371865,2025-08-04 11:01:07,43.3575019836426,-8.84508800506592,"Unknown"
"7014851",371865,2025-08-04 11:06:10,43.357795715332,-8.84478759765625,"Unknown"
"7014851",371865,2025-08-04 11:11:10,43.3578491210938,-8.84480762481689,"Unknown"
"7014851",371865,2025-08-04 11:16:02,43.3577766418457,-8.84492015838623,"Unknown"
"7014851",371865,2025-08-04 11:21:03,43.3578872680664,-8.84516143798828,"Unknown"
"7014851",371865,2025-08-04 11:26:04,43.3579368591309,-8.84449768066406,"Unknown"
"7014851",371865,2025-08-04 11:31:14,43.3575668334961,-8.84503173828125,"Unknown"
"7014851",371865,2025-08-04 11:36:14,43.3575592041016,-8.84495162963867,"Unknown"
"7014851",371865,2025-08-04 11:41:06,43.3576774597168,-8.84499645233154,"Unknown"
"7014851",371865,2025-08-04 11:46:12,43.3576240539551,-8.84491634368896,"Unknown"
"7014851",371865,2025-08-04 11:51:35,43.3575859069824,-8.84488487243652,"Unknown"
"7014851",371865,2025-08-04 11:56:06,43.3576889038086,-8.84468841552734,"Unknown"
"7014851",371865,2025-08-04 12:01:03,43.3576011657715,-8.84512138366699,"Unknown"
"7014851",371865,2025-08-04 12:06:03,43.3575820922852,-8.84506797790527,"Unknown"
"7014851",371865,2025-08-04 12:11:03,43.357608795166,-8.8450870513916,"Unknown"
"7014851",371865,2025-08-04 12:16:02,43.3575782775879,-8.84509086608887,"Unknown"
"7014851",371865,2025-08-04 12:21:02,43.3576011657715,-8.8450756072998,"Unknown"
"7014851",371865,2025-08-04 12:26:02,43.3576240539551,-8.84507369995117,"Unknown"
"7014851",371865,2025-08-04 12:31:02,43.3577156066895,-8.84514236450195,"Unknown"
"7014851",371865,2025-08-04 12:36:02,43.357723236084,-8.84513854980469,"Unknown"
"7014851",371865,2025-08-04 12:41:02,43.3576622009277,-8.84513092041016,"Unknown"
"7014851",371865,2025-08-04 12:46:02,43.3576049804688,-8.84513092041016,"Unknown"
"7014851",371865,2025-08-04 12:51:04,43.3574600219727,-8.84507942199707,"Unknown"
"7014851",371865,2025-08-04 12:56:03,43.3575744628906,-8.84504508972168,"Unknown"
"7014851",371865,2025-08-04 13:01:03,43.3575820922852,-8.84506225585938,"Unknown"
"7014851",371865,2025-08-04 13:06:10,43.3575859069824,-8.84507656097412,"Unknown"
"7014851",371865,2025-08-04 13:11:02,43.3577156066895,-8.8447208404541,"Unknown"
"7014851",371865,2025-08-04 13:16:04,43.3578147888184,-8.84468650817871,"Unknown"
"7014851",371865,2025-08-04 13:21:03,43.3575973510742,-8.8445873260498,"Unknown"
"7014851",371865,2025-08-04 13:26:04,43.3579025268555,-8.84440135955811,"Unknown"
"7014851",371865,2025-08-04 13:31:09,43.3576545715332,-8.84501934051514,"Unknown"
"7014851",371865,2025-08-04 13:36:07,43.3576965332031,-8.84504127502441,"Unknown"
"7014851",371865,2025-08-04 13:41:06,43.3574676513672,-8.8447093963623,"Unknown"
"7014851",371865,2025-08-04 13:46:08,43.3576316833496,-8.84514331817627,"Unknown"
"7014851",371865,2025-08-04 13:51:05,43.3618125915527,-8.85222625732422,"Unknown"
"7014851",371865,2025-08-04 13:56:12,43.3576545715332,-8.8452320098877,"Unknown"
"7014851",371865,2025-08-04 14:01:06,43.3575973510742,-8.84512615203857,"Unknown"
"7014851",371865,2025-08-04 14:06:09,43.3576927185059,-8.84518432617188,"Unknown"
"7014851",371865,2025-08-04 14:11:09,43.357666015625,-8.84517192840576,"Unknown"
"7014851",371865,2025-08-04 14:16:09,43.3575096130371,-8.84504127502441,"Unknown"
"7014851",371865,2025-08-04 14:21:09,43.3576202392578,-8.84511566162109,"Unknown"
"7014851",371865,2025-08-04 14:26:09,43.3576011657715,-8.84508514404297,"Unknown"
"7014851",371865,2025-08-04 14:31:14,43.357593536377,-8.84508323669434,"Unknown"
"7014851",371865,2025-08-04 14:36:09,43.3580207824707,-8.84493446350098,"Unknown"
"7014851",371865,2025-08-04 14:41:07,43.3579406738281,-8.84509086608887,"Unknown"
"7014851",371865,2025-08-04 14:46:17,43.3575897216797,-8.84501266479492,"Unknown"
"7014851",371865,2025-08-04 14:51:11,43.357593536377,-8.84508800506592,"Unknown"
"7014851",371865,2025-08-04 14:56:13,43.3576049804688,-8.84500026702881,"Unknown"
"7014851",371865,2025-08-04 15:01:09,43.3576164245605,-8.84528923034668,"Unknown"
"7014851",371865,2025-08-04 15:06:07,43.3575820922852,-8.84522533416748,"Unknown"
"7014851",371865,2025-08-04 15:11:08,43.357780456543,-8.84524345397949,"Unknown"
"7014851",371865,2025-08-04 15:16:14,43.3576545715332,-8.84503650665283,"Unknown"
"7014851",371865,2025-08-04 15:21:09,43.3576164245605,-8.8451099395752,"Unknown"
"7014851",371865,2025-08-04 15:26:12,43.3576164245605,-8.84509658813477,"Unknown"
"7014851",371865,2025-08-04 15:31:07,43.3576774597168,-8.84509372711182,"Unknown"
"7014851",371865,2025-08-04 15:36:03,43.3576507568359,-8.84517765045166,"Unknown"
"7014851",371865,2025-08-04 15:41:04,43.357723236084,-8.84501552581787,"Unknown"
"7014851",371865,2025-08-04 15:46:15,43.3575706481934,-8.8451099395752,"Unknown"
"7014851",371865,2025-08-04 15:51:07,43.3576812744141,-8.84516620635986,"Unknown"
"7014851",371865,2025-08-04 15:56:06,43.3576393127441,-8.84518623352051,"Unknown"
"7014851",371865,2025-08-04 16:01:07,43.357551574707,-8.8451623916626,"Unknown"
"7014851",371865,2025-08-04 16:06:07,43.3576774597168,-8.84504222869873,"Unknown"
"7014851",371865,2025-08-04 16:11:09,43.3577079772949,-8.8448600769043,"Unknown"
"7014851",371865,2025-08-04 16:16:12,43.3575325012207,-8.84504795074463,"Unknown"
"7014851",371865,2025-08-04 16:21:11,43.359001159668,-8.84621810913086,"Unknown"
"7014851",371865,2025-08-04 16:26:03,43.3613014221191,-8.86709594726562,"Unknown"
"7014851",371865,2025-08-04 16:32:05,43.3303146362305,-8.9063606262207,"Unknown"
"7014851",371865,2025-08-04 16:36:07,43.3208389282227,-8.90191173553467,"Unknown"
"7014851",371865,2025-08-04 16:41:03,43.3213653564453,-8.90126037597656,"Unknown"
"7014851",371865,2025-08-04 16:46:09,43.3196792602539,-8.87230396270752,"Unknown"
"7014851",371865,2025-08-04 16:51:07,43.3182487487793,-8.85928630828857,"Unknown"
"7014851",371865,2025-08-04 16:56:11,43.3178749084473,-8.85977363586426,"Unknown"
"7014851",371865,2025-08-04 17:01:04,43.3227424621582,-8.86052894592285,"Unknown"
"7014851",371865,2025-08-04 17:06:13,43.3214912414551,-8.87822723388672,"Unknown"
"7014851",371865,2025-08-04 17:11:09,43.3212280273438,-8.87833786010742,"Unknown"
"7014851",371865,2025-08-04 17:16:09,43.3214416503906,-8.87823390960693,"Unknown"
"7014851",371865,2025-08-04 17:21:11,43.3214225769043,-8.878249168396,"Unknown"
"7014851",371865,2025-08-04 17:26:09,43.3215141296387,-8.87819862365723,"Unknown"
"7014851",371865,2025-08-04 17:31:04,43.3215103149414,-8.87841415405273,"Unknown"
"7014851",371865,2025-08-04 17:36:03,43.3215713500977,-8.87825107574463,"Unknown"
"7014851",371865,2025-08-04 17:41:06,43.3214111328125,-8.87812995910645,"Unknown"
"7014851",371865,2025-08-04 17:46:35,43.3215217590332,-8.87812614440918,"Unknown"
"7014851",371865,2025-08-04 17:51:03,43.3215599060059,-8.87810707092285,"Unknown"
"7014851",371865,2025-08-04 17:56:03,43.3215103149414,-8.87810707092285,"Unknown"
"7014851",371865,2025-08-04 18:01:03,43.3215713500977,-8.87810611724854,"Unknown"
"7014851",371865,2025-08-04 18:06:04,43.3215827941895,-8.8780689239502,"Unknown"
"7014851",371865,2025-08-04 18:11:01,43.3237838745117,-8.88289737701416,"Unknown"
"7014851",371865,2025-08-04 18:16:03,43.3334426879883,-8.90824794769287,"Unknown"
"7014851",371865,2025-08-04 18:21:02,43.3326148986816,-8.91182708740234,"Unknown"
"7014851",371865,2025-08-04 18:26:01,43.3324203491211,-8.91287803649902,"Unknown"
"7014851",371865,2025-08-04 18:31:03,43.3330612182617,-8.90919208526611,"Unknown"
"7014851",371865,2025-08-04 18:36:03,43.3310928344727,-8.90940380096436,"Unknown"
"7014851",371865,2025-08-04 18:41:03,43.3316650390625,-8.9097785949707,"Unknown"
"7014851",371865,2025-08-04 18:46:03,43.3312911987305,-8.91432762145996,"Unknown"
"7014851",371865,2025-08-04 18:51:07,43.3313865661621,-8.91411304473877,"Unknown"
"7014851",371865,2025-08-04 18:56:03,43.3297691345215,-8.90686511993408,"Unknown"
"7014851",371865,2025-08-04 19:01:08,43.3299446105957,-8.89796924591064,"Unknown"
"7014851",371865,2025-08-04 19:06:07,43.3289337158203,-8.89773654937744,"Unknown"
"7014851",371865,2025-08-04 19:11:07,43.3302307128906,-8.89577293395996,"Unknown"
"7014851",371865,2025-08-04 19:16:09,43.3300857543945,-8.89587497711182,"Unknown"
"7014851",371865,2025-08-04 19:21:03,43.3285217285156,-8.8981294631958,"Unknown"
"7014851",371865,2025-08-04 19:26:06,43.328483581543,-8.90057849884033,"Unknown"
"7014851",371865,2025-08-04 19:31:04,43.3214225769043,-8.90699672698975,"Unknown"
"7014851",371865,2025-08-04 19:36:03,43.3186798095703,-8.88470268249512,"Unknown"
"7014851",371865,2025-08-04 19:41:04,43.3200416564941,-8.85486602783203,"Unknown"
"7014851",371865,2025-08-04 19:46:06,43.3384208679199,-8.8489933013916,"Unknown"
"7014851",371865,2025-08-04 19:51:06,43.3402557373047,-8.84960079193115,"Unknown"
"7014851",371865,2025-08-04 19:56:06,43.3572845458984,-8.84957695007324,"Unknown"
"7014851",371865,2025-08-04 20:01:07,43.3577499389648,-8.84446620941162,"Unknown"
"7014851",371865,2025-08-04 20:06:09,43.3577880859375,-8.84435176849365,"Unknown"
"7014851",371865,2025-08-04 20:11:11,43.357723236084,-8.84483814239502,"Unknown"
"7014851",371865,2025-08-04 20:16:14,43.3576011657715,-8.84513854980469,"Unknown"
"7014851",371865,2025-08-04 20:21:08,43.357593536377,-8.84510231018066,"Unknown"
"7014851",371865,2025-08-04 20:26:06,43.3575325012207,-8.84511470794678,"Unknown"
"7014851",371865,2025-08-04 20:31:08,43.3575897216797,-8.84500122070312,"Unknown"
"7014851",371865,2025-08-04 20:36:05,43.3574676513672,-8.84493637084961,"Unknown"
"7014851",371865,2025-08-04 20:41:03,43.3575019836426,-8.84508419036865,"Unknown"
"7014851",371865,2025-08-04 20:46:14,43.3575439453125,-8.84507083892822,"Unknown"
"7014851",371865,2025-08-04 20:51:07,43.3575706481934,-8.84492969512939,"Unknown"
"7014851",371865,2025-08-04 20:56:08,43.3575134277344,-8.84506130218506,"Unknown"
"7014851",371865,2025-08-04 21:01:08,43.3574676513672,-8.84516334533691,"Unknown"
"7014851",371865,2025-08-04 21:06:08,43.3574600219727,-8.84500885009766,"Unknown"
"7014851",371865,2025-08-04 21:11:08,43.3574523925781,-8.84510040283203,"Unknown"
"7014851",371865,2025-08-04 21:16:14,43.3573951721191,-8.8451509475708,"Unknown"
"7014851",371865,2025-08-04 21:21:05,43.3574256896973,-8.84511852264404,"Unknown"
"7014851",371865,2025-08-04 21:26:06,43.3574905395508,-8.84488010406494,"Unknown"
"7014851",371865,2025-08-04 21:31:35,43.3573150634766,-8.84511089324951,"Unknown"
"7014851",371865,2025-08-04 21:36:06,43.3574523925781,-8.84529304504395,"Unknown"
"7014851",371865,2025-08-04 21:41:03,43.3573913574219,-8.84521770477295,"Unknown"
"7014851",371865,2025-08-04 21:46:02,43.357364654541,-8.84523487091064,"Unknown"
"7014851",371865,2025-08-04 21:51:02,43.3574333190918,-8.8450231552124,"Unknown"
"7014851",371865,2025-08-04 21:56:05,43.3574295043945,-8.84509181976318,"Unknown"
"7014851",371865,2025-08-04 22:01:03,43.3573684692383,-8.84519386291504,"Unknown"
"7014851",371865,2025-08-04 22:06:07,43.3574676513672,-8.84514427185059,"Unknown"
"7014851",371865,2025-08-04 22:11:05,43.3574638366699,-8.84505748748779,"Unknown"
"7014851",371865,2025-08-04 22:16:05,43.3574867248535,-8.84491920471191,"Unknown"
"7014851",371865,2025-08-04 22:21:03,43.3574867248535,-8.84511470794678,"Unknown"
"7014851",371865,2025-08-04 22:26:06,43.3574867248535,-8.84516048431396,"Unknown"
"7014851",371865,2025-08-04 22:31:06,43.3574485778809,-8.84515476226807,"Unknown"
"7014851",371865,2025-08-04 22:36:06,43.3575019836426,-8.84493541717529,"Unknown"
"7014851",371865,2025-08-04 22:41:06,43.3575325012207,-8.84515762329102,"Unknown"
"7014851",371865,2025-08-04 22:46:06,43.3575019836426,-8.84491062164307,"Unknown"
"7014851",371865,2025-08-04 22:51:09,43.3575172424316,-8.84491157531738,"Unknown"
"7014851",371865,2025-08-04 22:56:14,43.357593536377,-8.844970703125,"Unknown"
"7014851",371865,2025-08-04 23:01:02,43.3575172424316,-8.84511089324951,"Unknown"
"7014851",371865,2025-08-04 23:06:04,43.3576164245605,-8.84489631652832,"Unknown"
"7014851",371865,2025-08-04 23:11:03,43.3576202392578,-8.84494876861572,"Unknown"
"7014851",371865,2025-08-04 23:16:06,43.3576164245605,-8.8450288772583,"Unknown"
"7014851",371865,2025-08-04 23:21:06,43.3575782775879,-8.84486198425293,"Unknown"
"7014851",371865,2025-08-04 23:26:03,43.3576622009277,-8.84538269042969,"Unknown"
"7014851",371865,2025-08-04 23:31:02,43.3575820922852,-8.84492015838623,"Unknown"
"7014851",371865,2025-08-04 23:36:02,43.3576011657715,-8.84485054016113,"Unknown"
"7014851",371865,2025-08-04 23:41:03,43.3575744628906,-8.84502410888672,"Unknown"
"7014851",371865,2025-08-04 23:46:14,43.3575859069824,-8.84496784210205,"Unknown"
"7014851",371865,2025-08-04 23:51:02,43.3576278686523,-8.84509372711182,"Unknown"
"7014851",371865,2025-08-04 23:56:06,43.3576812744141,-8.84500026702881,"Unknown"
"7014851",371865,2025-08-05 00:01:06,43.3575286865234,-8.84519577026367,"Unknown"
"7014851",371865,2025-08-05 00:06:07,43.357593536377,-8.84517860412598,"Unknown"
"7014851",371865,2025-08-05 00:11:03,43.3576622009277,-8.84497833251953,"Unknown"
"7014851",371865,2025-08-05 00:16:02,43.357494354248,-8.84501457214355,"Unknown"
"7014851",371865,2025-08-05 00:21:02,43.3577041625977,-8.84507083892822,"Unknown"
"7014851",371865,2025-08-05 00:26:10,43.3576889038086,-8.8451623916626,"Unknown"
"7014851",371865,2025-08-05 00:31:35,43.3575401306152,-8.84505081176758,"Unknown"
"7014851",371865,2025-08-05 00:36:03,43.3575325012207,-8.84511661529541,"Unknown"
"7014851",371865,2025-08-05 00:41:03,43.3575172424316,-8.84508037567139,"Unknown"
"7014851",371865,2025-08-05 00:46:07,43.3575592041016,-8.84506607055664,"Unknown"
"7014851",371865,2025-08-05 00:51:06,43.3575859069824,-8.84500980377197,"Unknown"
"7014851",371865,2025-08-05 00:56:08,43.357551574707,-8.84507179260254,"Unknown"
"7014851",371865,2025-08-05 01:01:03,43.357608795166,-8.84497737884521,"Unknown"
"7014851",371865,2025-08-05 01:06:04,43.3575744628906,-8.84502983093262,"Unknown"
"7014851",371865,2025-08-05 01:11:04,43.3576431274414,-8.84491348266602,"Unknown"
"7014851",371865,2025-08-05 01:16:03,43.3575477600098,-8.84505653381348,"Unknown"
"7014851",371865,2025-08-05 01:21:04,43.3576126098633,-8.8449764251709,"Unknown"
"7014851",371865,2025-08-05 01:26:03,43.3575668334961,-8.84502220153809,"Unknown"
"7014851",371865,2025-08-05 01:31:06,43.3575286865234,-8.84509372711182,"Unknown"
"7014851",371865,2025-08-05 01:36:03,43.3576011657715,-8.84493923187256,"Unknown"
"7014851",371865,2025-08-05 01:41:03,43.3575439453125,-8.84493637084961,"Unknown"
"7014851",371865,2025-08-05 01:46:04,43.3575286865234,-8.84511947631836,"Unknown"
"7014851",371865,2025-08-05 01:51:04,43.357536315918,-8.84503269195557,"Unknown"
"7014851",371865,2025-08-05 01:56:06,43.3575096130371,-8.84509468078613,"Unknown"
"7014851",371865,2025-08-05 02:01:35,43.3575706481934,-8.84502696990967,"Unknown"
"7014851",371865,2025-08-05 02:06:02,43.3575439453125,-8.84507656097412,"Unknown"
"7014851",371865,2025-08-05 02:11:04,43.357593536377,-8.84506988525391,"Unknown"
"7014851",371865,2025-08-05 02:16:04,43.357551574707,-8.84510326385498,"Unknown"
"7014851",371865,2025-08-05 02:21:06,43.3575782775879,-8.84516429901123,"Unknown"
"7014851",371865,2025-08-05 02:26:18,43.3575439453125,-8.84520244598389,"Unknown"
"7014851",371865,2025-08-05 02:31:25,43.357551574707,-8.84519863128662,"Unknown"
"7014851",371865,2025-08-05 02:36:12,43.3576011657715,-8.84499835968018,"Unknown"
"7014851",371865,2025-08-05 02:41:35,43.3575706481934,-8.84511089324951,"Unknown"
"7014851",371865,2025-08-05 02:46:04,43.3574905395508,-8.84469509124756,"Unknown"
"7014851",371865,2025-08-05 02:51:04,43.3575439453125,-8.84495830535889,"Unknown"
"7014851",371865,2025-08-05 02:56:03,43.3576507568359,-8.84505271911621,"Unknown"
"7014851",371865,2025-08-05 03:01:04,43.3575897216797,-8.84490299224854,"Unknown"
"7014851",371865,2025-08-05 03:06:04,43.3575172424316,-8.84500789642334,"Unknown"
"7014851",371865,2025-08-05 03:11:03,43.3575286865234,-8.84501934051514,"Unknown"
"7014851",371865,2025-08-05 03:16:04,43.357593536377,-8.84495162963867,"Unknown"
"7014851",371865,2025-08-05 03:21:03,43.3576583862305,-8.8452262878418,"Unknown"
"7014851",371865,2025-08-05 03:26:03,43.357795715332,-8.8453369140625,"Unknown"
"7014851",371865,2025-08-05 03:31:06,43.3578033447266,-8.84524917602539,"Unknown"
"7014851",371865,2025-08-05 03:36:04,43.3579139709473,-8.84521102905273,"Unknown"
"7014851",371865,2025-08-05 03:41:09,43.3575706481934,-8.84494972229004,"Unknown"
"7014851",371865,2025-08-05 03:46:06,43.3576393127441,-8.84493160247803,"Unknown"
"7014851",371865,2025-08-05 03:51:07,43.357608795166,-8.84502601623535,"Unknown"
"7014851",371865,2025-08-05 03:56:08,43.3576049804688,-8.8450174331665,"Unknown"
"7014851",371865,2025-08-05 04:01:10,43.3576240539551,-8.84499073028564,"Unknown"
"7014851",371865,2025-08-05 04:06:07,43.3576126098633,-8.84499359130859,"Unknown"
"7014851",371865,2025-08-05 04:11:03,43.3576698303223,-8.84503364562988,"Unknown"
"7014851",371865,2025-08-05 04:16:04,43.3576202392578,-8.84500885009766,"Unknown"
"7014851",371865,2025-08-05 04:21:03,43.3575744628906,-8.84481143951416,"Unknown"
"7014851",371865,2025-08-05 04:26:06,43.3576393127441,-8.84493350982666,"Unknown"
"7014851",371865,2025-08-05 04:31:04,43.3577842712402,-8.84456348419189,"Unknown"
"7014851",371865,2025-08-05 04:36:10,43.3579978942871,-8.84467601776123,"Unknown"
"7014851",371865,2025-08-05 04:41:06,43.3575973510742,-8.84494400024414,"Unknown"
"7014851",371865,2025-08-05 04:46:14,43.3575897216797,-8.84485626220703,"Unknown"
"7014851",371865,2025-08-05 04:51:09,43.3575439453125,-8.8449878692627,"Unknown"
"7014851",371865,2025-08-05 04:56:13,43.3575592041016,-8.84510803222656,"Unknown"
"7014851",371865,2025-08-05 05:01:09,43.357494354248,-8.84517192840576,"Unknown"
"7014851",371865,2025-08-05 05:06:09,43.3697776794434,-8.86535835266113,"Unknown"
"7014851",371865,2025-08-05 05:11:06,43.3565139770508,-8.85553169250488,"Unknown"
"7014851",371865,2025-08-05 05:16:08,43.3613624572754,-8.8371639251709,"Unknown"
"7014851",371865,2025-08-05 05:21:55,43.3386878967285,-8.80875110626221,"Unknown"
"7014851",371865,2025-08-05 05:27:10,43.3270530700684,-8.77758312225342,"Unknown"
"7014851",371865,2025-08-05 05:31:05,43.3354835510254,-8.76232528686523,"Unknown"
"7014851",371865,2025-08-05 05:36:06,43.3215141296387,-8.74017715454102,"Unknown"
"7014851",371865,2025-08-05 05:41:05,43.3063316345215,-8.71651554107666,"Unknown"
"7014851",371865,2025-08-05 05:46:35,43.2916603088379,-8.69747066497803,"Unknown"
"7014851",371865,2025-08-05 05:51:03,43.2916984558105,-8.69744491577148,"Unknown"
"7014851",371865,2025-08-05 05:56:04,43.2924499511719,-8.69770908355713,"Unknown"
"7014851",371865,2025-08-05 06:01:03,43.2924461364746,-8.69773387908936,"Unknown"
"7014851",371865,2025-08-05 06:06:02,43.2923545837402,-8.69771480560303,"Unknown"
"7014851",371865,2025-08-05 06:11:03,43.2924003601074,-8.69755744934082,"Unknown"
"7014851",371865,2025-08-05 06:16:03,43.2922515869141,-8.69792079925537,"Unknown"
"7014851",371865,2025-08-05 06:21:03,43.2852478027344,-8.68119812011719,"Unknown"
"7014851",371865,2025-08-05 06:26:04,43.2635688781738,-8.65279197692871,"Unknown"
"7014851",371865,2025-08-05 06:31:04,43.2450408935547,-8.61986541748047,"Unknown"
"7014851",371865,2025-08-05 06:36:02,43.2323455810547,-8.5879955291748,"Unknown"
"7014851",371865,2025-08-05 06:41:06,43.211009979248,-8.56354522705078,"Unknown"
"7014851",371865,2025-08-05 06:46:02,43.1872100830078,-8.54123306274414,"Unknown"
"7014851",371865,2025-08-05 06:51:04,43.1574478149414,-8.51910972595215,"Unknown"
"7014851",371865,2025-08-05 06:56:03,43.133731842041,-8.48108386993408,"Unknown"
"7014851",371865,2025-08-05 07:01:07,43.1304321289062,-8.47138977050781,"Unknown"
"7014851",371865,2025-08-05 07:06:07,43.1304359436035,-8.47139072418213,"Unknown"
"7014851",371865,2025-08-05 07:12:01,43.1300621032715,-8.47135829925537,"Unknown"
"7014851",371865,2025-08-05 07:16:35,43.1305236816406,-8.47129726409912,"Unknown"
"7014851",371865,2025-08-05 07:21:04,43.1295928955078,-8.47178268432617,"Unknown"
"7014851",371865,2025-08-05 07:26:07,43.1295280456543,-8.4716911315918,"Unknown"
"7014851",371865,2025-08-05 07:31:05,43.129566192627,-8.47169971466064,"Unknown"
"7014851",371865,2025-08-05 07:36:06,43.1296463012695,-8.47168636322021,"Unknown"
"7014851",371865,2025-08-05 07:41:02,43.1294937133789,-8.47181129455566,"Unknown"
"7014851",371865,2025-08-05 07:46:07,43.1296577453613,-8.47164249420166,"Unknown"
"7014851",371865,2025-08-05 07:51:03,43.1296157836914,-8.47219753265381,"Unknown"
"7014851",371865,2025-08-05 07:56:08,43.1295471191406,-8.47173023223877,"Unknown"
"7014851",371865,2025-08-05 08:01:07,43.1295166015625,-8.47165489196777,"Unknown"
"7014851",371865,2025-08-05 08:06:09,43.1295738220215,-8.47164249420166,"Unknown"
"7014851",371865,2025-08-05 08:11:14,43.1295051574707,-8.47174263000488,"Unknown"
"7014851",371865,2025-08-05 08:16:02,43.1296691894531,-8.47188854217529,"Unknown"
"7014851",371865,2025-08-05 08:21:02,43.129940032959,-8.4876708984375,"Unknown"
"7014851",371865,2025-08-05 08:26:03,43.1426582336426,-8.51769828796387,"Unknown"
"7014851",371865,2025-08-05 08:31:04,43.1633491516113,-8.54281616210938,"Unknown"
"7014851",371865,2025-08-05 08:36:04,43.1838684082031,-8.56266307830811,"Unknown"
"7014851",371865,2025-08-05 08:41:03,43.2064437866211,-8.5879545211792,"Unknown"
"7014851",371865,2025-08-05 08:46:35,43.2237510681152,-8.61631107330322,"Unknown"
"7014851",371865,2025-08-05 08:51:02,43.2419700622559,-8.64062690734863,"Unknown"
"7014851",371865,2025-08-05 08:56:25,43.2679290771484,-8.65879249572754,"Unknown"
"7014851",371865,2025-08-05 09:01:14,43.2901763916016,-8.69184494018555,"Unknown"
"7014851",371865,2025-08-05 09:06:04,43.2948608398438,-8.72984886169434,"Unknown"
"7014851",371865,2025-08-05 09:11:03,43.2934265136719,-8.74639987945557,"Unknown"
"7014851",371865,2025-08-05 09:16:03,43.2937393188477,-8.74625778198242,"Unknown"
"7014851",371865,2025-08-05 09:21:09,43.2936897277832,-8.74588298797607,"Unknown"
"7014851",371865,2025-08-05 09:26:07,43.2937088012695,-8.74604415893555,"Unknown"
"7014851",371865,2025-08-05 09:31:03,43.3085136413574,-8.76777839660645,"Unknown"
"7014851",371865,2025-08-05 09:36:03,43.3107414245605,-8.77189922332764,"Unknown"
"7014851",371865,2025-08-05 09:41:07,43.3101921081543,-8.77227973937988,"Unknown"
"7014851",371865,2025-08-05 09:46:07,43.3130149841309,-8.78017997741699,"Unknown"
"7014851",371865,2025-08-05 09:51:07,43.3096351623535,-8.77682781219482,"Unknown"
"7014851",371865,2025-08-05 09:56:34,43.3091621398926,-8.77809143066406,"Unknown"
"7014851",371865,2025-08-05 10:01:09,43.3088989257812,-8.78942966461182,"Unknown"
"7014851",371865,2025-08-05 10:06:06,43.3266410827637,-8.81839847564697,"Unknown"
"7014851",371865,2025-08-05 10:11:03,43.344409942627,-8.83410739898682,"Unknown"
"7014851",371865,2025-08-05 10:16:08,43.3595695495605,-8.84513568878174,"Unknown"
"7014851",371865,2025-08-05 10:21:53,43.3573684692383,-8.8455982208252,"Unknown"
"7014851",371865,2025-08-05 10:26:06,43.357551574707,-8.84519481658936,"Unknown"
"7014851",371865,2025-08-05 10:31:08,43.3575325012207,-8.84511470794678,"Unknown"
"7014851",371865,2025-08-05 10:36:03,43.3575630187988,-8.84520816802979,"Unknown"
"7014851",371865,2025-08-05 10:41:03,43.3575630187988,-8.84519577026367,"Unknown"
"7014851",371865,2025-08-05 10:46:02,43.3575973510742,-8.84519577026367,"Unknown"
"7014851",371865,2025-08-05 10:51:01,43.3575286865234,-8.84519577026367,"Unknown"
"7014851",371865,2025-08-05 10:56:03,43.3576164245605,-8.84516429901123,"Unknown"
"7014851",371865,2025-08-05 11:01:05,43.3575019836426,-8.84509563446045,"Unknown"
"7014851",371865,2025-08-05 11:06:14,43.357551574707,-8.84507369995117,"Unknown"
"7014851",371865,2025-08-05 11:11:08,43.3575859069824,-8.84508895874023,"Unknown"
"7014851",371865,2025-08-05 11:16:35,43.3576316833496,-8.84506511688232,"Unknown"
"7014851",371865,2025-08-05 11:21:02,43.3576507568359,-8.84502410888672,"Unknown"
"7014851",371865,2025-08-05 11:26:01,43.3576431274414,-8.84505462646484,"Unknown"
"7014851",371865,2025-08-05 11:31:01,43.3575897216797,-8.84508514404297,"Unknown"
"7014851",371865,2025-08-05 11:36:01,43.3575553894043,-8.84506607055664,"Unknown"
"7014851",371865,2025-08-05 11:41:01,43.357608795166,-8.84510135650635,"Unknown"
"7014851",371865,2025-08-05 11:46:02,43.3575782775879,-8.845046043396,"Unknown"
"7014851",371865,2025-08-05 11:51:01,43.3576431274414,-8.84506607055664,"Unknown"
"7014851",371865,2025-08-05 11:56:01,43.3576354980469,-8.84507942199707,"Unknown"
"7014851",371865,2025-08-05 12:01:02,43.3576583862305,-8.84496116638184,"Unknown"
"7014851",371865,2025-08-05 12:06:02,43.3576736450195,-8.84498977661133,"Unknown"
"7014851",371865,2025-08-05 12:11:02,43.3576736450195,-8.84495639801025,"Unknown"
"7014851",371865,2025-08-05 12:16:05,43.3574447631836,-8.84509181976318,"Unknown"
"7014851",371865,2025-08-05 12:21:08,43.3574829101562,-8.84520626068115,"Unknown"
"7014851",371865,2025-08-05 12:26:09,43.3574600219727,-8.84500503540039,"Unknown"
"7014851",371865,2025-08-05 12:31:04,43.3578681945801,-8.84438991546631,"Unknown"
"7014851",371865,2025-08-05 12:36:04,43.3579597473145,-8.84448051452637,"Unknown"
"7014851",371865,2025-08-05 12:41:04,43.3579864501953,-8.84462928771973,"Unknown"
"7014851",371865,2025-08-05 12:46:16,43.3577766418457,-8.84478569030762,"Unknown"
"7014851",371865,2025-08-05 12:51:11,43.3578300476074,-8.84482002258301,"Unknown"
"7014851",371865,2025-08-05 12:56:09,43.3577919006348,-8.84464263916016,"Unknown"
"7014851",371865,2025-08-05 13:01:10,43.3578987121582,-8.84493827819824,"Unknown"
"7014851",371865,2025-08-05 13:06:04,43.3577728271484,-8.84471130371094,"Unknown"
"7014851",371865,2025-08-05 13:11:04,43.357967376709,-8.84493350982666,"Unknown"
"7014851",371865,2025-08-05 13:16:09,43.357795715332,-8.8448429107666,"Unknown"
"7014851",371865,2025-08-05 13:21:05,43.3575439453125,-8.84500408172607,"Unknown"
"7014851",371865,2025-08-05 13:26:08,43.3575553894043,-8.84493255615234,"Unknown"
"7014851",371865,2025-08-05 13:31:06,43.3575592041016,-8.84489345550537,"Unknown"
"7014851",371865,2025-08-05 13:36:05,43.3576202392578,-8.84507465362549,"Unknown"
"7014851",371865,2025-08-05 13:41:09,43.3575248718262,-8.8448657989502,"Unknown"
"7014851",371865,2025-08-05 13:46:32,43.3577003479004,-8.84508895874023,"Unknown"
"7014851",371865,2025-08-05 13:51:02,43.3575401306152,-8.84504985809326,"Unknown"
"7014851",371865,2025-08-05 13:56:07,43.3579177856445,-8.84442043304443,"Unknown"
"7014851",371865,2025-08-05 14:01:07,43.3578605651855,-8.84473609924316,"Unknown"
"7014851",371865,2025-08-05 14:06:08,43.3578224182129,-8.84471130371094,"Unknown"
"7014851",371865,2025-08-05 14:11:06,43.3577995300293,-8.84469127655029,"Unknown"
"7014851",371865,2025-08-05 14:16:08,43.3578720092773,-8.84479904174805,"Unknown"
"7014851",371865,2025-08-05 14:21:09,43.3578491210938,-8.84475612640381,"Unknown"
"7014851",371865,2025-08-05 14:26:08,43.3578338623047,-8.84469699859619,"Unknown"
"7014851",371865,2025-08-05 14:31:35,43.357608795166,-8.84508609771729,"Unknown"
"7014851",371865,2025-08-05 14:36:01,43.3576469421387,-8.84508609771729,"Unknown"
"7014851",371865,2025-08-05 14:41:01,43.3576622009277,-8.84501075744629,"Unknown"
"7014851",371865,2025-08-05 14:46:01,43.3576736450195,-8.84499168395996,"Unknown"
"7014851",371865,2025-08-05 14:51:01,43.3576774597168,-8.8450756072998,"Unknown"
"7014851",371865,2025-08-05 14:56:02,43.3576278686523,-8.84506034851074,"Unknown"
"7014851",371865,2025-08-05 15:01:01,43.3576736450195,-8.8450984954834,"Unknown"
"7014851",371865,2025-08-05 15:06:02,43.3576965332031,-8.84500885009766,"Unknown"
"7014851",371865,2025-08-05 15:11:02,43.3576622009277,-8.8450984954834,"Unknown"
"7014851",371865,2025-08-05 15:16:03,43.3577194213867,-8.84501457214355,"Unknown"
"7014851",371865,2025-08-05 15:21:08,43.3577461242676,-8.84511184692383,"Unknown"
"7014851",371865,2025-08-05 15:26:14,43.357738494873,-8.84510135650635,"Unknown"
"7014851",371865,2025-08-05 15:31:01,43.357738494873,-8.84503364562988,"Unknown"
"7014851",371865,2025-08-05 15:36:01,43.3577461242676,-8.84507465362549,"Unknown"
"7014851",371865,2025-08-05 15:41:02,43.3576393127441,-8.8451623916626,"Unknown"
"7014851",371865,2025-08-05 15:46:14,43.3576316833496,-8.84513187408447,"Unknown"
"7014851",371865,2025-08-05 15:51:03,43.3576278686523,-8.84512042999268,"Unknown"
"7014851",371865,2025-08-05 15:56:08,43.3584480285645,-8.84646224975586,"Unknown"
"7014851",371865,2025-08-05 16:01:08,43.3569107055664,-8.84365558624268,"Unknown"
"7014851",371865,2025-08-05 16:06:09,43.3571968078613,-8.84428215026855,"Unknown"
"7014851",371865,2025-08-05 16:11:09,43.3575439453125,-8.84487915039062,"Unknown"
"7014851",371865,2025-08-05 16:16:03,43.3574447631836,-8.84491634368896,"Unknown"
"7014851",371865,2025-08-05 16:21:09,43.3574066162109,-8.84458065032959,"Unknown"
"7014851",371865,2025-08-05 16:26:04,43.357494354248,-8.84490299224854,"Unknown"
"7014851",371865,2025-08-05 16:31:15,43.3576011657715,-8.84505081176758,"Unknown"
"7014851",371865,2025-08-05 16:36:06,43.3577880859375,-8.84476852416992,"Unknown"
"7014851",371865,2025-08-05 16:41:09,43.3507614135742,-8.83061218261719,"Unknown"
"7014851",371865,2025-08-05 16:46:13,43.3262939453125,-8.81816101074219,"Unknown"
"7014851",371865,2025-08-05 16:51:08,43.3135414123535,-8.80015277862549,"Unknown"
"7014851",371865,2025-08-05 16:56:05,43.3096389770508,-8.7905330657959,"Unknown"
"7014851",371865,2025-08-05 17:01:04,43.2990112304688,-8.76651573181152,"Unknown"
"7014851",371865,2025-08-05 17:06:08,43.2937545776367,-8.74604511260986,"Unknown"
"7014851",371865,2025-08-05 17:11:07,43.2966957092285,-8.72585296630859,"Unknown"
"7014851",371865,2025-08-05 17:17:15,43.2962951660156,-8.72510623931885,"Unknown"
"7014851",371865,2025-08-05 17:21:18,43.2994270324707,-8.72009944915771,"Unknown"
"7014851",371865,2025-08-05 17:26:12,43.2990493774414,-8.71882820129395,"Unknown"
"7014851",371865,2025-08-05 17:31:35,43.291748046875,-8.69747543334961,"Unknown"
"7014851",371865,2025-08-05 17:36:10,43.2917404174805,-8.69674491882324,"Unknown"
"7014851",371865,2025-08-05 17:41:07,43.2921371459961,-8.69591617584229,"Unknown"
"7014851",371865,2025-08-05 17:46:35,43.2926368713379,-8.72119808197021,"Unknown"
"7014851",371865,2025-08-05 17:51:07,43.2982482910156,-8.72680568695068,"Unknown"
"7014851",371865,2025-08-05 17:56:10,43.2982482910156,-8.72683715820312,"Unknown"
"7014851",371865,2025-08-05 18:01:14,43.2982368469238,-8.72686004638672,"Unknown"
"7014851",371865,2025-08-05 18:06:06,43.2982215881348,-8.72685146331787,"Unknown"
"7014851",371865,2025-08-05 18:11:10,43.2982635498047,-8.72664928436279,"Unknown"
"7014851",371865,2025-08-05 18:16:14,43.2982635498047,-8.7266206741333,"Unknown"
"7014851",371865,2025-08-05 18:21:09,43.2982215881348,-8.72676944732666,"Unknown"
"7014851",371865,2025-08-05 18:26:12,43.2982559204102,-8.7266674041748,"Unknown"
"7014851",371865,2025-08-05 18:31:11,43.298225402832,-8.72687530517578,"Unknown"
"7014851",371865,2025-08-05 18:36:09,43.298267364502,-8.72690486907959,"Unknown"
"7014851",371865,2025-08-05 18:41:12,43.2982482910156,-8.7266902923584,"Unknown"
"7014851",371865,2025-08-05 18:46:35,43.2982330322266,-8.72680950164795,"Unknown"
"7014851",371865,2025-08-05 18:51:04,43.298267364502,-8.72675704956055,"Unknown"
"7014851",371865,2025-08-05 18:56:04,43.2984275817871,-8.72686958312988,"Unknown"
"7014851",371865,2025-08-05 19:01:06,43.3037490844727,-8.76672458648682,"Unknown"
"7014851",371865,2025-08-05 19:06:04,43.3098602294922,-8.7903881072998,"Unknown"
"7014851",371865,2025-08-05 19:11:07,43.3267402648926,-8.81709671020508,"Unknown"
"7014851",371865,2025-08-05 19:16:06,43.3364486694336,-8.82896041870117,"Unknown"
"7014851",371865,2025-08-05 19:21:06,43.3466682434082,-8.83861351013184,"Unknown"
"7014851",371865,2025-08-05 19:26:09,43.357593536377,-8.84510612487793,"Unknown"
"7014851",371865,2025-08-05 19:31:04,43.3576126098633,-8.84509181976318,"Unknown"
"7014851",371865,2025-08-05 19:36:06,43.3576354980469,-8.84504222869873,"Unknown"
"7014851",371865,2025-08-05 19:41:31,43.3576126098633,-8.84507274627686,"Unknown"
"7014851",371865,2025-08-05 19:46:04,43.3575325012207,-8.84514713287354,"Unknown"
"7014851",371865,2025-08-05 19:52:02,43.3575744628906,-8.84509563446045,"Unknown"
"7014851",371865,2025-08-05 19:57:06,43.3575325012207,-8.84499168395996,"Unknown"
"7014851",371865,2025-08-05 20:02:06,43.3576240539551,-8.84497928619385,"Unknown"
"7014851",371865,2025-08-05 20:07:03,43.3576316833496,-8.8450231552124,"Unknown"
"7014851",371865,2025-08-05 20:12:02,43.3575706481934,-8.84507179260254,"Unknown"
"7014851",371865,2025-08-05 20:17:02,43.3576431274414,-8.84507751464844,"Unknown"
"7014851",371865,2025-08-05 20:22:06,43.3575553894043,-8.84513282775879,"Unknown"
"7014851",371865,2025-08-05 20:27:02,43.3575553894043,-8.84507942199707,"Unknown"
"7014851",371865,2025-08-05 20:32:04,43.3575744628906,-8.84509754180908,"Unknown"
"7014851",371865,2025-08-05 20:37:02,43.3575630187988,-8.84512138366699,"Unknown"
"7014851",371865,2025-08-05 20:42:10,43.3576965332031,-8.84511089324951,"Unknown"
"7014851",371865,2025-08-05 20:47:02,43.3576316833496,-8.845046043396,"Unknown"
"7014851",371865,2025-08-05 20:52:02,43.3575057983398,-8.84484386444092,"Unknown"
"7014851",371865,2025-08-05 20:57:02,43.3576583862305,-8.8450756072998,"Unknown"
"7014851",371865,2025-08-05 21:02:02,43.3576507568359,-8.84517097473145,"Unknown"
"7014851",371865,2025-08-05 21:07:02,43.357536315918,-8.84506893157959,"Unknown"
"7014851",371865,2025-08-05 21:12:02,43.3575706481934,-8.84501457214355,"Unknown"
"7014851",371865,2025-08-05 21:17:02,43.3576278686523,-8.84517669677734,"Unknown"
"7014851",371865,2025-08-05 21:22:03,43.3576965332031,-8.84516334533691,"Unknown"
"7014851",371865,2025-08-05 21:27:03,43.3576049804688,-8.84505271911621,"Unknown"
"7014851",371865,2025-08-05 21:32:02,43.3576431274414,-8.84507465362549,"Unknown"
"7014851",371865,2025-08-05 21:37:02,43.3577308654785,-8.84519386291504,"Unknown"
"7014851",371865,2025-08-05 21:42:03,43.3578109741211,-8.84521389007568,"Unknown"
"7014851",371865,2025-08-05 21:47:02,43.3579177856445,-8.84536743164062,"Unknown"
"7014851",371865,2025-08-05 21:52:11,43.3576202392578,-8.84499740600586,"Unknown"
"7014851",371865,2025-08-05 21:57:02,43.3576126098633,-8.84513568878174,"Unknown"
"7014851",371865,2025-08-05 22:02:02,43.357307434082,-8.84467506408691,"Unknown"
"7014851",371865,2025-08-05 22:07:09,43.3574447631836,-8.84481334686279,"Unknown"
"7014851",371865,2025-08-05 22:12:09,43.3574028015137,-8.84478187561035,"Unknown"
"7014851",371865,2025-08-05 22:17:08,43.3575172424316,-8.8449010848999,"Unknown"
"7014851",371865,2025-08-05 22:22:09,43.3572273254395,-8.84475803375244,"Unknown"
"7014851",371865,2025-08-05 22:27:08,43.3575820922852,-8.84500312805176,"Unknown"
"7014851",371865,2025-08-05 22:32:10,43.3575592041016,-8.84518814086914,"Unknown"
"7014851",371865,2025-08-05 22:37:03,43.3574180603027,-8.84471035003662,"Unknown"
"7014851",371865,2025-08-05 22:42:07,43.3576965332031,-8.84506416320801,"Unknown"
"7014851",371865,2025-08-05 22:47:09,43.3575897216797,-8.84497356414795,"Unknown"
"7014851",371865,2025-08-05 22:52:08,43.3580169677734,-8.84437942504883,"Unknown"
"7014851",371865,2025-08-05 22:57:06,43.3575973510742,-8.84505558013916,"Unknown"
"7014851",371865,2025-08-05 23:02:06,43.357593536377,-8.845046043396,"Unknown"
"7014851",371865,2025-08-05 23:07:14,43.3575820922852,-8.84511756896973,"Unknown"
"7014851",371865,2025-08-05 23:12:03,43.3575973510742,-8.84513759613037,"Unknown"
"7014851",371865,2025-08-05 23:17:03,43.3576545715332,-8.84501457214355,"Unknown"
"7014851",371865,2025-08-05 23:22:09,43.3575630187988,-8.8450403213501,"Unknown"
"7014851",371865,2025-08-05 23:27:09,43.3576393127441,-8.84502029418945,"Unknown"
"7014851",371865,2025-08-05 23:32:10,43.3575248718262,-8.84510707855225,"Unknown"
"7014851",371865,2025-08-05 23:37:11,43.3576164245605,-8.84511184692383,"Unknown"
"7014851",371865,2025-08-05 23:42:06,43.3575439453125,-8.84499645233154,"Unknown"
"7014851",371865,2025-08-05 23:47:04,43.3575630187988,-8.84496402740479,"Unknown"
"7014851",371865,2025-08-05 23:52:06,43.3575325012207,-8.84517669677734,"Unknown"
"7014851",371865,2025-08-05 23:57:12,43.3575706481934,-8.84497451782227,"Unknown"
"7014851",371865,2025-08-06 00:02:11,43.3573875427246,-8.84542465209961,"Unknown"
"7014851",371865,2025-08-06 00:07:03,43.3574409484863,-8.84526443481445,"Unknown"
"7014851",371865,2025-08-06 00:12:34,43.3575210571289,-8.8451509475708,"Unknown"
"7014851",371865,2025-08-06 00:17:06,43.3575744628906,-8.84498691558838,"Unknown"
"7014851",371865,2025-08-06 00:22:03,43.3577156066895,-8.84474945068359,"Unknown"
"7014851",371865,2025-08-06 00:27:04,43.357551574707,-8.84512615203857,"Unknown"
"7014851",371865,2025-08-06 00:32:02,43.357551574707,-8.84520435333252,"Unknown"
"7014851",371865,2025-08-06 00:37:06,43.3576545715332,-8.84494972229004,"Unknown"
"7014851",371865,2025-08-06 00:42:02,43.3575477600098,-8.845139503479,"Unknown"
"7014851",371865,2025-08-06 00:47:15,43.3575706481934,-8.84496879577637,"Unknown"
"7014851",371865,2025-08-06 00:52:10,43.3575172424316,-8.84527397155762,"Unknown"
"7014851",371865,2025-08-06 00:57:08,43.3575210571289,-8.84521007537842,"Unknown"
"7014851",371865,2025-08-06 01:02:07,43.3575057983398,-8.84524917602539,"Unknown"
"7014851",371865,2025-08-06 01:07:04,43.357494354248,-8.84518051147461,"Unknown"
"7014851",371865,2025-08-06 01:12:06,43.357536315918,-8.84519577026367,"Unknown"
"7014851",371865,2025-08-06 01:17:04,43.3575325012207,-8.84530067443848,"Unknown"
"7014851",371865,2025-08-06 01:22:34,43.3575248718262,-8.84512710571289,"Unknown"
"7014851",371865,2025-08-06 01:27:04,43.3576469421387,-8.84490203857422,"Unknown"
"7014851",371865,2025-08-06 01:32:04,43.3575820922852,-8.8449535369873,"Unknown"
"7014851",371865,2025-08-06 01:37:07,43.3575592041016,-8.84503650665283,"Unknown"
"7014851",371865,2025-08-06 01:42:08,43.357551574707,-8.84507942199707,"Unknown"
"7014851",371865,2025-08-06 01:47:35,43.3575401306152,-8.8450813293457,"Unknown"
"7014851",371865,2025-08-06 01:52:02,43.3575744628906,-8.84508228302002,"Unknown"
"7014851",371865,2025-08-06 01:57:02,43.3575782775879,-8.84506607055664,"Unknown"
"7014851",371865,2025-08-06 02:02:02,43.357536315918,-8.84514999389648,"Unknown"
"7014851",371865,2025-08-06 02:07:02,43.3575859069824,-8.84508895874023,"Unknown"
"7014851",371865,2025-08-06 02:12:02,43.3575210571289,-8.84512519836426,"Unknown"
"7014851",371865,2025-08-06 02:17:01,43.3575592041016,-8.84516429901123,"Unknown"
"7014851",371865,2025-08-06 02:22:01,43.3575477600098,-8.84510326385498,"Unknown"
"7014851",371865,2025-08-06 02:27:01,43.357494354248,-8.84506988525391,"Unknown"
"7014851",371865,2025-08-06 02:32:01,43.3575172424316,-8.84513378143311,"Unknown"
"7014851",371865,2025-08-06 02:37:01,43.3575897216797,-8.84511089324951,"Unknown"
"7014851",371865,2025-08-06 02:42:01,43.3576011657715,-8.84502696990967,"Unknown"
"7014851",371865,2025-08-06 02:47:02,43.3576431274414,-8.8449878692627,"Unknown"
"7014851",371865,2025-08-06 02:52:02,43.3576469421387,-8.84515953063965,"Unknown"
"7014851",371865,2025-08-06 02:57:02,43.3577690124512,-8.84523391723633,"Unknown"
"7014851",371865,2025-08-06 03:02:02,43.3577346801758,-8.8452672958374,"Unknown"
"7014851",371865,2025-08-06 03:07:02,43.3577117919922,-8.84510517120361,"Unknown"
"7014851",371865,2025-08-06 03:12:02,43.3577919006348,-8.8451566696167,"Unknown"
"7014851",371865,2025-08-06 03:17:02,43.3577423095703,-8.84517002105713,"Unknown"
"7014851",371865,2025-08-06 03:22:02,43.3577194213867,-8.84529113769531,"Unknown"
"7014851",371865,2025-08-06 03:27:03,43.3576049804688,-8.84499931335449,"Unknown"
"7014851",371865,2025-08-06 03:32:02,43.3577270507812,-8.84510898590088,"Unknown"
"7014851",371865,2025-08-06 03:37:07,43.3577613830566,-8.84490871429443,"Unknown"
"7014851",371865,2025-08-06 03:42:05,43.3577880859375,-8.84478950500488,"Unknown"
"7014851",371865,2025-08-06 03:47:05,43.3577461242676,-8.84488582611084,"Unknown"
"7014851",371865,2025-08-06 03:52:05,43.3577270507812,-8.84489345550537,"Unknown"
"7014851",371865,2025-08-06 03:57:06,43.3577728271484,-8.84500885009766,"Unknown"
"7014851",371865,2025-08-06 04:02:07,43.3577728271484,-8.84496116638184,"Unknown"
"7014851",371865,2025-08-06 04:07:08,43.3577766418457,-8.84490966796875,"Unknown"
"7014851",371865,2025-08-06 04:12:14,43.3578300476074,-8.84475326538086,"Unknown"
"7014851",371865,2025-08-06 04:17:02,43.3579559326172,-8.8449182510376,"Unknown"
"7014851",371865,2025-08-06 04:22:11,43.3576049804688,-8.8449182510376,"Unknown"
"7014851",371865,2025-08-06 04:27:03,43.3576316833496,-8.84491920471191,"Unknown"
"7014851",371865,2025-08-06 04:32:02,43.3577613830566,-8.84529304504395,"Unknown"
"7014851",371865,2025-08-06 04:37:05,43.3576316833496,-8.84490966796875,"Unknown"
"7014851",371865,2025-08-06 04:42:08,43.3576545715332,-8.84470462799072,"Unknown"
"7014851",371865,2025-08-06 04:47:32,43.3576049804688,-8.84500598907471,"Unknown"
"7014851",371865,2025-08-06 04:52:01,43.3405075073242,-8.8297758102417,"Unknown"
"7014851",371865,2025-08-06 04:57:02,43.3162841796875,-8.80166625976562,"Unknown"
"7014851",371865,2025-08-06 05:02:02,43.3057022094727,-8.76965427398682,"Unknown"
"7014851",371865,2025-08-06 05:07:01,43.2973022460938,-8.74323844909668,"Unknown"
"7014851",371865,2025-08-06 05:12:01,43.2936363220215,-8.74576377868652,"Unknown"
"7014851",371865,2025-08-06 05:17:01,43.293586730957,-8.74190235137939,"Unknown"
"7014851",371865,2025-08-06 05:22:01,43.2941093444824,-8.71099662780762,"Unknown"
"7014851",371865,2025-08-06 05:27:03,43.2916793823242,-8.69711112976074,"Unknown"
"7014851",371865,2025-08-06 05:32:03,43.2918815612793,-8.69704627990723,"Unknown"
"7014851",371865,2025-08-06 05:37:03,43.2921752929688,-8.69672107696533,"Unknown"
"7014851",371865,2025-08-06 05:42:01,43.2827606201172,-8.66804790496826,"Unknown"
"7014851",371865,2025-08-06 05:47:02,43.2751007080078,-8.62842273712158,"Unknown"
"7014851",371865,2025-08-06 05:52:04,43.2459754943848,-8.61267566680908,"Unknown"
"7014851",371865,2025-08-06 05:57:02,43.2129898071289,-8.60170841217041,"Unknown"
"7014851",371865,2025-08-06 06:02:44,43.1935997009277,-8.5665397644043,"Unknown"
"7014851",371865,2025-08-06 06:07:01,43.1895866394043,-8.54481410980225,"Unknown"
"7014851",371865,2025-08-06 06:12:03,43.1746864318848,-8.52034378051758,"Unknown"
"7014851",371865,2025-08-06 06:17:02,43.1468734741211,-8.49223518371582,"Unknown"
"7014851",371865,2025-08-06 06:22:12,43.129768371582,-8.47093772888184,"Unknown"
"7014851",371865,2025-08-06 06:27:01,43.1296424865723,-8.47184562683105,"Unknown"
"7014851",371865,2025-08-06 06:32:09,43.1302261352539,-8.47145652770996,"Unknown"
"7014851",371865,2025-08-06 06:37:03,43.1303596496582,-8.47151947021484,"Unknown"
"7014851",371865,2025-08-06 06:42:06,43.1302680969238,-8.47148704528809,"Unknown"
"7014851",371865,2025-08-06 06:48:05,43.1303672790527,-8.47135257720947,"Unknown"
"7014851",371865,2025-08-06 06:52:03,43.1301422119141,-8.47151279449463,"Unknown"
"7014851",371865,2025-08-06 06:57:13,43.1302642822266,-8.47149181365967,"Unknown"
"7014851",371865,2025-08-06 07:02:03,43.13037109375,-8.47152805328369,"Unknown"
"7014851",371865,2025-08-06 07:07:03,43.1302757263184,-8.47145462036133,"Unknown"
"7014851",371865,2025-08-06 07:12:03,43.1302719116211,-8.4714241027832,"Unknown"
"7014851",371865,2025-08-06 07:17:03,43.1303176879883,-8.47143840789795,"Unknown"
"7014851",371865,2025-08-06 07:22:01,43.1303253173828,-8.47148895263672,"Unknown"
"7014851",371865,2025-08-06 07:27:01,43.1303024291992,-8.47149848937988,"Unknown"
"7014851",371865,2025-08-06 07:32:04,43.1306381225586,-8.47123432159424,"Unknown"
"7014851",371865,2025-08-06 07:37:03,43.133129119873,-8.4700403213501,"Unknown"
"7014851",371865,2025-08-06 07:42:12,43.1327667236328,-8.47053241729736,"Unknown"
"7014851",371865,2025-08-06 07:47:14,43.1328125,-8.47043037414551,"Unknown"
"7014851",371865,2025-08-06 07:53:25,43.1328201293945,-8.47010135650635,"Unknown"
"7014851",371865,2025-08-06 07:58:25,43.1328315734863,-8.47026634216309,"Unknown"
"7014851",371865,2025-08-06 08:03:21,43.1327972412109,-8.47026538848877,"Unknown"
"7014851",371865,2025-08-06 08:08:23,43.1328926086426,-8.46951198577881,"Unknown"
"7014851",371865,2025-08-06 08:13:27,43.1329307556152,-8.47021484375,"Unknown"
"7014851",371865,2025-08-06 08:18:27,43.1329650878906,-8.4701452255249,"Unknown"
"7014851",371865,2025-08-06 08:23:22,43.1328773498535,-8.47016334533691,"Unknown"
"7014851",371865,2025-08-06 08:28:24,43.1328926086426,-8.47010612487793,"Unknown"
"7014851",371865,2025-08-06 08:33:45,43.1327781677246,-8.47025203704834,"Unknown"
"7014851",371865,2025-08-06 08:38:23,43.1328735351562,-8.4702672958374,"Unknown"
"7014851",371865,2025-08-06 08:43:25,43.1327972412109,-8.47033786773682,"Unknown"
"7014851",371865,2025-08-06 08:48:24,43.1327133178711,-8.47036743164062,"Unknown"
"7014851",371865,2025-08-06 08:53:25,43.1330223083496,-8.47003269195557,"Unknown"
"7014851",371865,2025-08-06 08:58:27,43.1329040527344,-8.47051811218262,"Unknown"
"7014851",371865,2025-08-06 09:03:28,43.1328887939453,-8.47001934051514,"Unknown"
"7014851",371865,2025-08-06 09:08:25,43.1328468322754,-8.46998691558838,"Unknown"
"7014851",371865,2025-08-06 09:13:27,43.1328582763672,-8.47022438049316,"Unknown"
"7014851",371865,2025-08-06 09:18:27,43.1328430175781,-8.47011661529541,"Unknown"
"7014851",371865,2025-08-06 09:23:25,43.1328353881836,-8.47015571594238,"Unknown"
"7014851",371865,2025-08-06 09:28:36,43.1328620910645,-8.46913528442383,"Unknown"
"7014851",371865,2025-08-06 09:33:55,43.1328315734863,-8.47025489807129,"Unknown"
"7014851",371865,2025-08-06 09:38:21,43.1329002380371,-8.47017192840576,"Unknown"
"7014851",371865,2025-08-06 09:43:21,43.131649017334,-8.47099113464355,"Unknown"
"7014851",371865,2025-08-06 09:48:22,43.1335296630859,-8.49510669708252,"Unknown"
"7014851",371865,2025-08-06 09:53:22,43.1486053466797,-8.53632736206055,"Unknown"
"7014851",371865,2025-08-06 09:58:21,43.1680641174316,-8.56937026977539,"Unknown"
"7014851",371865,2025-08-06 10:03:22,43.1878814697266,-8.58195972442627,"Unknown"
"7014851",371865,2025-08-06 10:08:21,43.2223129272461,-8.61529445648193,"Unknown"
"7014851",371865,2025-08-06 10:13:21,43.2455291748047,-8.64703464508057,"Unknown"
"7014851",371865,2025-08-06 10:18:22,43.2769165039062,-8.66645812988281,"Unknown"
"7014851",371865,2025-08-06 10:23:22,43.2933387756348,-8.69687366485596,"Unknown"
"7014851",371865,2025-08-06 10:28:30,43.2930603027344,-8.73994064331055,"Unknown"
"7014851",371865,2025-08-06 10:33:23,43.3090286254883,-8.76335048675537,"Unknown"
"7014851",371865,2025-08-06 10:38:21,43.3325843811035,-8.79766368865967,"Unknown"
"7014851",371865,2025-08-06 10:44:35,43.3522109985352,-8.84073829650879,"Unknown"
"7014851",371865,2025-08-06 10:48:22,43.3523101806641,-8.84092712402344,"Unknown"
"7014851",371865,2025-08-06 10:53:22,43.3576354980469,-8.84495162963867,"Unknown"
"7014851",371865,2025-08-06 10:58:28,43.3576431274414,-8.84494686126709,"Unknown"
"7014851",371865,2025-08-06 11:03:24,43.3576278686523,-8.84495639801025,"Unknown"
"7014851",371865,2025-08-06 11:08:42,43.3576469421387,-8.8450288772583,"Unknown"
"7014851",371865,2025-08-06 11:13:27,43.3575782775879,-8.8450345993042,"Unknown"
"7014851",371865,2025-08-06 11:18:27,43.3576850891113,-8.84503936767578,"Unknown"
"7014851",371865,2025-08-06 11:23:24,43.3577461242676,-8.84484481811523,"Unknown"
"7014851",371865,2025-08-06 11:28:29,43.357593536377,-8.84506511688232,"Unknown"
"7014851",371865,2025-08-06 11:33:22,43.3576126098633,-8.84507465362549,"Unknown"
"7014851",371865,2025-08-06 11:38:21,43.3574867248535,-8.84514904022217,"Unknown"
"7014851",371865,2025-08-06 11:43:21,43.3576354980469,-8.84507369995117,"Unknown"
"7014851",371865,2025-08-06 11:48:44,43.3576354980469,-8.84507274627686,"Unknown"
"7014851",371865,2025-08-06 11:53:21,43.3575859069824,-8.84508800506592,"Unknown"
"7014851",371865,2025-08-06 11:58:21,43.3576278686523,-8.84500122070312,"Unknown"
"7014851",371865,2025-08-06 12:03:25,43.3576583862305,-8.84507465362549,"Unknown"
"7014851",371865,2025-08-06 12:08:44,43.3575706481934,-8.84501934051514,"Unknown"
"7014851",371865,2025-08-06 12:13:25,43.3575477600098,-8.84501266479492,"Unknown"
"7014851",371865,2025-08-06 12:18:21,43.3575096130371,-8.84492492675781,"Unknown"
"7014851",371865,2025-08-06 12:23:21,43.3575859069824,-8.84506225585938,"Unknown"
"7014851",371865,2025-08-06 12:28:21,43.3575630187988,-8.84498023986816,"Unknown"
"7014851",371865,2025-08-06 12:33:22,43.3574867248535,-8.844895362854,"Unknown"
"7014851",371865,2025-08-06 12:38:25,43.3574714660645,-8.84490966796875,"Unknown"
"7014851",371865,2025-08-06 12:43:24,43.3573913574219,-8.84471893310547,"Unknown"
"7014851",371865,2025-08-06 12:48:53,43.3575859069824,-8.84510517120361,"Unknown"
"7014851",371865,2025-08-06 12:53:24,43.3576393127441,-8.84496593475342,"Unknown"
"7014851",371865,2025-08-06 12:58:22,43.3574905395508,-8.84482383728027,"Unknown"
"7014851",371865,2025-08-06 13:03:21,43.3576126098633,-8.84495830535889,"Unknown"
"7014851",371865,2025-08-06 13:08:21,43.3577041625977,-8.84511661529541,"Unknown"
"7014851",371865,2025-08-06 13:13:24,43.3573379516602,-8.84437942504883,"Unknown"
"7014851",371865,2025-08-06 13:18:23,43.3575134277344,-8.84455108642578,"Unknown"
"7014851",371865,2025-08-06 13:23:24,43.3576469421387,-8.84496593475342,"Unknown"
"7014851",371865,2025-08-06 13:28:25,43.3575286865234,-8.84500026702881,"Unknown"
"7014851",371865,2025-08-06 13:33:24,43.3574714660645,-8.84477615356445,"Unknown"
"7014851",371865,2025-08-06 13:38:22,43.3578453063965,-8.84558773040771,"Unknown"
"7014851",371865,2025-08-06 13:43:26,43.3574867248535,-8.84504127502441,"Unknown"
"7014851",371865,2025-08-06 13:48:24,43.3579483032227,-8.84566783905029,"Unknown"
"7014851",371865,2025-08-06 13:53:31,43.3575859069824,-8.84507751464844,"Unknown"
"7014851",371865,2025-08-06 13:58:29,43.3576202392578,-8.84500598907471,"Unknown"
"7014851",371865,2025-08-06 14:04:24,43.3576774597168,-8.84640979766846,"Unknown"
"7014851",371865,2025-08-06 14:08:21,43.3576011657715,-8.84511470794678,"Unknown"
"7014851",371865,2025-08-06 14:13:22,43.3576126098633,-8.84515857696533,"Unknown"
"7014851",371865,2025-08-06 14:18:22,43.3576622009277,-8.84517478942871,"Unknown"
"7014851",371865,2025-08-06 14:23:23,43.3575592041016,-8.84522724151611,"Unknown"
"7014851",371865,2025-08-06 14:28:21,43.3576164245605,-8.84513282775879,"Unknown"
"7014851",371865,2025-08-06 14:33:21,43.3576278686523,-8.84510135650635,"Unknown"
"7014851",371865,2025-08-06 14:38:22,43.3576774597168,-8.8450756072998,"Unknown"
"7014851",371865,2025-08-06 14:43:21,43.3576850891113,-8.84512901306152,"Unknown"
"7014851",371865,2025-08-06 14:48:22,43.3576507568359,-8.84513092041016,"Unknown"
"7014851",371865,2025-08-06 14:53:22,43.3576011657715,-8.84514236450195,"Unknown"
"7014851",371865,2025-08-06 14:58:22,43.3576850891113,-8.84511375427246,"Unknown"
"7014851",371865,2025-08-06 15:03:22,43.3576126098633,-8.84505462646484,"Unknown"
"7014851",371865,2025-08-06 15:08:22,43.3576393127441,-8.84516620635986,"Unknown"
"7014851",371865,2025-08-06 15:13:23,43.3576965332031,-8.84515285491943,"Unknown"
"7014851",371865,2025-08-06 15:18:25,43.3577651977539,-8.84514236450195,"Unknown"
"7014851",371865,2025-08-06 15:23:22,43.3576316833496,-8.84522914886475,"Unknown"
"7014851",371865,2025-08-06 15:28:23,43.3577270507812,-8.84526824951172,"Unknown"
"7014851",371865,2025-08-06 15:33:23,43.3575248718262,-8.84505462646484,"Unknown"
"7014851",371865,2025-08-06 15:38:26,43.3576202392578,-8.84514617919922,"Unknown"
"7014851",371865,2025-08-06 15:43:23,43.3577499389648,-8.84530925750732,"Unknown"
"7014851",371865,2025-08-06 15:48:26,43.3575630187988,-8.84511756896973,"Unknown"
"7014851",371865,2025-08-06 15:53:25,43.3580169677734,-8.84547328948975,"Unknown"
"7014851",371865,2025-08-06 15:58:28,43.357536315918,-8.84516048431396,"Unknown"
"7014851",371865,2025-08-06 16:03:23,43.3572120666504,-8.84475898742676,"Unknown"
"7014851",371865,2025-08-06 16:08:31,43.3575401306152,-8.84511184692383,"Unknown"
"7014851",371865,2025-08-06 16:13:22,43.357494354248,-8.84499740600586,"Unknown"
"7014851",371865,2025-08-06 16:18:30,43.3575553894043,-8.84512424468994,"Unknown"
"7014851",371865,2025-08-06 16:23:31,43.3575248718262,-8.8450756072998,"Unknown"
"7014851",371865,2025-08-06 16:28:32,43.3575401306152,-8.84503078460693,"Unknown"
"7014851",371865,2025-08-06 16:33:32,43.3575553894043,-8.84508609771729,"Unknown"
"7014851",371865,2025-08-06 16:38:32,43.3575859069824,-8.84501457214355,"Unknown"
"7014851",371865,2025-08-06 16:43:44,43.3575897216797,-8.84512901306152,"Unknown"
"7014851",371865,2025-08-06 16:48:28,43.3576622009277,-8.844970703125,"Unknown"
"7014851",371865,2025-08-06 16:53:23,43.3582077026367,-8.84528064727783,"Unknown"
"7014851",371865,2025-08-06 16:58:29,43.3577194213867,-8.84481239318848,"Unknown"
"7014851",371865,2025-08-06 17:03:29,43.3577003479004,-8.84475612640381,"Unknown"
"7014851",371865,2025-08-06 17:08:44,43.3577003479004,-8.84474086761475,"Unknown"
"7014851",371865,2025-08-06 17:13:28,43.3575592041016,-8.84482192993164,"Unknown"
"7014851",371865,2025-08-06 17:18:22,43.3601570129395,-8.86707973480225,"Unknown"
"7014851",371865,2025-08-06 17:23:24,43.3818740844727,-8.89262771606445,"Unknown"
"7014851",371865,2025-08-06 17:28:31,43.3822021484375,-8.89713096618652,"Unknown"
"7014851",371865,2025-08-06 17:33:24,43.3831329345703,-8.89858818054199,"Unknown"
"7014851",371865,2025-08-06 17:38:25,43.3805236816406,-8.89895057678223,"Unknown"
"7014851",371865,2025-08-06 17:43:25,43.3842391967773,-8.89770317077637,"Unknown"
"7014851",371865,2025-08-06 17:49:11,43.4048728942871,-8.8845911026001,"Unknown"
"7014851",371865,2025-08-06 17:53:30,43.4101333618164,-8.87843799591064,"Unknown"
"7014851",371865,2025-08-06 17:58:38,43.4093742370605,-8.86759281158447,"Unknown"
"7014851",371865,2025-08-06 18:09:23,43.4086418151855,-8.84996700286865,"Unknown"
"7014851",371865,2025-08-06 18:13:23,43.3742637634277,-8.83886909484863,"Unknown"
"7014851",371865,2025-08-06 18:18:44,43.3576202392578,-8.84501838684082,"Unknown"
"7014851",371865,2025-08-06 18:23:25,43.3576507568359,-8.84499645233154,"Unknown"
"7014851",371865,2025-08-06 18:28:28,43.357063293457,-8.84500408172607,"Unknown"
"7014851",371865,2025-08-06 18:33:37,43.3576774597168,-8.84503078460693,"Unknown"
"7014851",371865,2025-08-06 18:38:23,43.3579292297363,-8.84505462646484,"Unknown"
"7014851",371865,2025-08-06 18:43:23,43.3577995300293,-8.84499835968018,"Unknown"
"7014851",371865,2025-08-06 18:48:44,43.3575706481934,-8.84493064880371,"Unknown"
"7014851",371865,2025-08-06 18:53:24,43.3575477600098,-8.84509086608887,"Unknown"
"7014851",371865,2025-08-06 18:58:27,43.3575134277344,-8.84511566162109,"Unknown"
"7014851",371865,2025-08-06 19:03:24,43.3576583862305,-8.84494590759277,"Unknown"
"7014851",371865,2025-08-06 19:08:28,43.3575210571289,-8.8449878692627,"Unknown"
"7014851",371865,2025-08-06 19:13:30,43.357479095459,-8.84515953063965,"Unknown"
"7014851",371865,2025-08-06 19:18:48,43.3575782775879,-8.8455057144165,"Unknown"
"7014851",371865,2025-08-06 19:23:30,43.3575973510742,-8.84466171264648,"Unknown"
"7014851",371865,2025-08-06 19:28:58,43.3576202392578,-8.84530353546143,"Unknown"
"7014851",371865,2025-08-06 19:33:22,43.3575210571289,-8.84542465209961,"Unknown"
"7014851",371865,2025-08-06 19:38:22,43.3575744628906,-8.8451099395752,"Unknown"
"7014851",371865,2025-08-06 19:43:22,43.3576202392578,-8.84526348114014,"Unknown"
"7014851",371865,2025-08-06 19:48:27,43.3575630187988,-8.84500980377197,"Unknown"
"7014851",371865,2025-08-06 19:53:25,43.3575019836426,-8.84516525268555,"Unknown"
"7014851",371865,2025-08-06 19:58:25,43.357536315918,-8.84504890441895,"Unknown"
"7014851",371865,2025-08-06 20:03:26,43.3575172424316,-8.84511470794678,"Unknown"
"7014851",371865,2025-08-06 20:08:25,43.3575286865234,-8.8451452255249,"Unknown"
"7014851",371865,2025-08-06 20:13:25,43.3575325012207,-8.8450984954834,"Unknown"
"7014851",371865,2025-08-06 20:18:25,43.3575859069824,-8.84503650665283,"Unknown"
"7014851",371865,2025-08-06 20:23:25,43.3575706481934,-8.84506511688232,"Unknown"
"7014851",371865,2025-08-06 20:28:25,43.3575248718262,-8.84507751464844,"Unknown"
"7014851",371865,2025-08-06 20:33:25,43.3575668334961,-8.84514808654785,"Unknown"
"7014851",371865,2025-08-06 20:38:27,43.3575401306152,-8.84518432617188,"Unknown"
"7014851",371865,2025-08-06 20:43:25,43.3576164245605,-8.84506797790527,"Unknown"
"7014851",371865,2025-08-06 20:48:25,43.3576202392578,-8.84507179260254,"Unknown"
"7014851",371865,2025-08-06 20:53:25,43.3575477600098,-8.84507942199707,"Unknown"
"7014851",371865,2025-08-06 20:58:25,43.357666015625,-8.84513664245605,"Unknown"
"7014851",371865,2025-08-06 21:03:26,43.3576164245605,-8.84512805938721,"Unknown"
"7014851",371865,2025-08-06 21:08:25,43.3575401306152,-8.84513473510742,"Unknown"
"7014851",371865,2025-08-06 21:13:26,43.3576354980469,-8.84508991241455,"Unknown"
"7014851",371865,2025-08-06 21:18:28,43.3575897216797,-8.84509944915771,"Unknown"
"7014851",371865,2025-08-06 21:23:26,43.3576431274414,-8.84506320953369,"Unknown"
"7014851",371865,2025-08-06 21:28:26,43.3575668334961,-8.84512615203857,"Unknown"
"7014851",371865,2025-08-06 21:33:25,43.3576583862305,-8.84511661529541,"Unknown"
"7014851",371865,2025-08-06 21:38:25,43.3576278686523,-8.84514236450195,"Unknown"
"7014851",371865,2025-08-06 21:43:28,43.3576126098633,-8.8451509475708,"Unknown"
"7014851",371865,2025-08-06 21:48:25,43.3578109741211,-8.84514141082764,"Unknown"
"7014851",371865,2025-08-06 21:53:26,43.357738494873,-8.8451681137085,"Unknown"
"7014851",371865,2025-08-06 21:58:43,43.3575668334961,-8.84506511688232,"Unknown"
"7014851",371865,2025-08-06 22:03:25,43.3575630187988,-8.84515380859375,"Unknown"
"7014851",371865,2025-08-06 22:08:27,43.3576889038086,-8.8451452255249,"Unknown"
"7014851",371865,2025-08-06 22:13:25,43.3576774597168,-8.84516716003418,"Unknown"
"7014851",371865,2025-08-06 22:18:26,43.3576469421387,-8.84513568878174,"Unknown"
"7014851",371865,2025-08-06 22:23:26,43.3577194213867,-8.84528732299805,"Unknown"
"7014851",371865,2025-08-06 22:28:27,43.3576354980469,-8.84511947631836,"Unknown"
"7014851",371865,2025-08-06 22:33:29,43.3576240539551,-8.84511756896973,"Unknown"
"7014851",371865,2025-08-06 22:38:26,43.3575820922852,-8.84517860412598,"Unknown"
"7014851",371865,2025-08-06 22:43:29,43.3576354980469,-8.8450927734375,"Unknown"
"7014851",371865,2025-08-06 22:48:44,43.3580589294434,-8.84460544586182,"Unknown"
"7014851",371865,2025-08-06 22:53:30,43.357982635498,-8.84496974945068,"Unknown"
"7014851",371865,2025-08-06 22:58:28,43.3579025268555,-8.84485530853271,"Unknown"
"7014851",371865,2025-08-06 23:03:38,43.357982635498,-8.84457015991211,"Unknown"
"7014851",371865,2025-08-06 23:08:30,43.3578643798828,-8.84478855133057,"Unknown"
"7014851",371865,2025-08-06 23:13:29,43.3573417663574,-8.84450435638428,"Unknown"
"7014851",371865,2025-08-06 23:18:31,43.3577613830566,-8.84496784210205,"Unknown"
"7014851",371865,2025-08-06 23:23:30,43.3572463989258,-8.8451099395752,"Unknown"
"7014851",371865,2025-08-06 23:28:31,43.3581275939941,-8.84482192993164,"Unknown"
"7014851",371865,2025-08-06 23:33:31,43.3582077026367,-8.84507369995117,"Unknown"
"7014851",371865,2025-08-06 23:38:38,43.3575057983398,-8.8450403213501,"Unknown"
"7014851",371865,2025-08-06 23:43:31,43.3572692871094,-8.84497833251953,"Unknown"
"7014851",371865,2025-08-06 23:48:59,43.3576393127441,-8.84505271911621,"Unknown"
"7014851",371865,2025-08-06 23:53:25,43.3576927185059,-8.84500694274902,"Unknown"
"7014851",371865,2025-08-06 23:58:25,43.3577041625977,-8.84505558013916,"Unknown"
"7014851",371865,2025-08-07 00:03:28,43.357780456543,-8.84507465362549,"Unknown"
"7014851",371865,2025-08-07 00:08:25,43.3576240539551,-8.84506416320801,"Unknown"
"7014851",371865,2025-08-07 00:13:31,43.3576202392578,-8.84500885009766,"Unknown"
"7014851",371865,2025-08-07 00:18:26,43.357608795166,-8.84496974945068,"Unknown"
"7014851",371865,2025-08-07 00:23:33,43.3576202392578,-8.84497165679932,"Unknown"
"7014851",371865,2025-08-07 00:28:31,43.3575820922852,-8.84490394592285,"Unknown"
"7014851",371865,2025-08-07 00:33:25,43.357608795166,-8.84498310089111,"Unknown"
"7014851",371865,2025-08-07 00:38:31,43.3575859069824,-8.84491443634033,"Unknown"
"7014851",371865,2025-08-07 00:43:25,43.3574829101562,-8.84493827819824,"Unknown"
"7014851",371865,2025-08-07 00:48:44,43.357608795166,-8.84502983093262,"Unknown"
"7014851",371865,2025-08-07 00:54:05,43.3575973510742,-8.84500789642334,"Unknown"
"7014851",371865,2025-08-07 00:58:25,43.357608795166,-8.84502124786377,"Unknown"
"7014851",371865,2025-08-07 01:03:25,43.3575782775879,-8.84504127502441,"Unknown"
"7014851",371865,2025-08-07 01:08:27,43.3576431274414,-8.84503078460693,"Unknown"
"7014851",371865,2025-08-07 01:13:43,43.357608795166,-8.84499931335449,"Unknown"
"7014851",371865,2025-08-07 01:18:59,43.3575782775879,-8.84505176544189,"Unknown"
"7014851",371865,2025-08-07 01:23:25,43.357536315918,-8.84511852264404,"Unknown"
"7014851",371865,2025-08-07 01:28:27,43.3576202392578,-8.84511756896973,"Unknown"
"7014851",371865,2025-08-07 01:33:30,43.357536315918,-8.84516334533691,"Unknown"
"7014851",371865,2025-08-07 01:38:26,43.3576164245605,-8.84505462646484,"Unknown"
"7014851",371865,2025-08-07 01:43:26,43.3576278686523,-8.84500980377197,"Unknown"
"7014851",371865,2025-08-07 01:48:26,43.3575286865234,-8.84514808654785,"Unknown"
"7014851",371865,2025-08-07 01:53:28,43.3575668334961,-8.8450756072998,"Unknown"
"7014851",371865,2025-08-07 01:58:26,43.3575057983398,-8.84514999389648,"Unknown"
"7014851",371865,2025-08-07 02:03:36,43.3575973510742,-8.84507083892822,"Unknown"
"7014851",371865,2025-08-07 02:08:25,43.3575630187988,-8.84510898590088,"Unknown"
"7014851",371865,2025-08-07 02:13:25,43.3574905395508,-8.84518623352051,"Unknown"
"7014851",371865,2025-08-07 02:18:25,43.3575668334961,-8.84506511688232,"Unknown"
"7014851",371865,2025-08-07 02:23:25,43.3576278686523,-8.84503746032715,"Unknown"
"7014851",371865,2025-08-07 02:28:25,43.3576583862305,-8.84498310089111,"Unknown"
"7014851",371865,2025-08-07 02:33:26,43.3575744628906,-8.84499740600586,"Unknown"
"7014851",371865,2025-08-07 02:38:29,43.3575706481934,-8.84499931335449,"Unknown"
"7014851",371865,2025-08-07 02:43:30,43.3575401306152,-8.84502696990967,"Unknown"
"7014851",371865,2025-08-07 02:48:29,43.357551574707,-8.84497737884521,"Unknown"
"7014851",371865,2025-08-07 02:53:36,43.3576583862305,-8.8450288772583,"Unknown"
"7014851",371865,2025-08-07 02:58:27,43.3576889038086,-8.84492683410645,"Unknown"
"7014851",371865,2025-08-07 03:03:31,43.3578186035156,-8.84484958648682,"Unknown"
"7014851",371865,2025-08-07 03:08:30,43.3574256896973,-8.84468841552734,"Unknown"
"7014851",371865,2025-08-07 03:13:31,43.3576469421387,-8.84506988525391,"Unknown"
"7014851",371865,2025-08-07 03:18:28,43.3574905395508,-8.8448657989502,"Unknown"
"7014851",371865,2025-08-07 03:23:29,43.357593536377,-8.84496879577637,"Unknown"
"7014851",371865,2025-08-07 03:28:34,43.3577842712402,-8.84512710571289,"Unknown"
"7014851",371865,2025-08-07 03:33:42,43.3576278686523,-8.84518814086914,"Unknown"
"7014851",371865,2025-08-07 03:38:27,43.3577003479004,-8.84522819519043,"Unknown"
"7014851",371865,2025-08-07 03:43:27,43.3577651977539,-8.84521484375,"Unknown"
"7014851",371865,2025-08-07 03:48:28,43.3575210571289,-8.84500885009766,"Unknown"
"7014851",371865,2025-08-07 03:53:29,43.357666015625,-8.84486865997314,"Unknown"
"7014851",371865,2025-08-07 03:58:29,43.3577537536621,-8.84553050994873,"Unknown"
"7014851",371865,2025-08-07 04:03:34,43.3576850891113,-8.84517478942871,"Unknown"
"7014851",371865,2025-08-07 04:08:29,43.3576698303223,-8.84500598907471,"Unknown"
"7014851",371865,2025-08-07 04:13:36,43.3576812744141,-8.84517669677734,"Unknown"
"7014851",371865,2025-08-07 04:18:31,43.3576507568359,-8.84514617919922,"Unknown"
"7014851",371865,2025-08-07 04:23:29,43.3576164245605,-8.84519672393799,"Unknown"
"7014851",371865,2025-08-07 04:28:36,43.3575859069824,-8.84516620635986,"Unknown"
"7014851",371865,2025-08-07 04:33:44,43.3575897216797,-8.84515285491943,"Unknown"
"7014851",371865,2025-08-07 04:38:32,43.3575782775879,-8.84520816802979,"Unknown"
"7014851",371865,2025-08-07 04:43:36,43.3576889038086,-8.84500026702881,"Unknown"
"7014851",371865,2025-08-07 04:48:27,43.3574752807617,-8.84515953063965,"Unknown"
"7014851",371865,2025-08-07 04:53:29,43.3575706481934,-8.84471130371094,"Unknown"
"7014851",371865,2025-08-07 04:58:37,43.3575897216797,-8.84516143798828,"Unknown"
"7014851",371865,2025-08-07 05:03:36,43.3575973510742,-8.84506702423096,"Unknown"
"7014851",371865,2025-08-07 05:08:29,43.3576698303223,-8.84509468078613,"Unknown"
"7014851",371865,2025-08-07 05:13:32,43.3575401306152,-8.84514427185059,"Unknown"
"7014851",371865,2025-08-07 05:18:41,43.3575973510742,-8.8448486328125,"Unknown"
"7014851",371865,2025-08-07 05:23:34,43.3576354980469,-8.84514141082764,"Unknown"
"7014851",371865,2025-08-07 05:28:30,43.3577041625977,-8.8453311920166,"Unknown"
"7014851",371865,2025-08-07 05:33:59,43.3575477600098,-8.84527111053467,"Unknown"
"7014851",371865,2025-08-07 05:38:27,43.3574829101562,-8.84530735015869,"Unknown"
"7014851",371865,2025-08-07 05:43:30,43.3574104309082,-8.84513473510742,"Unknown"
"7014851",371865,2025-08-07 05:48:31,43.3570289611816,-8.84430122375488,"Unknown"
"7014851",371865,2025-08-07 05:53:32,43.357494354248,-8.84540748596191,"Unknown"
"7014851",371865,2025-08-07 05:58:27,43.3575019836426,-8.84510707855225,"Unknown"
"7014851",371865,2025-08-07 06:03:27,43.3574371337891,-8.84507942199707,"Unknown"
"7014851",371865,2025-08-07 06:08:31,43.3565063476562,-8.84401607513428,"Unknown"
"7014851",371865,2025-08-07 06:13:38,43.3575286865234,-8.84500026702881,"Unknown"
"7014851",371865,2025-08-07 06:18:25,43.3575248718262,-8.84518623352051,"Unknown"
"7014851",371865,2025-08-07 06:23:25,43.3575172424316,-8.84492301940918,"Unknown"
"7014851",371865,2025-08-07 06:28:28,43.3575210571289,-8.84512710571289,"Unknown"
"7014851",371865,2025-08-07 06:33:45,43.3574981689453,-8.84519481658936,"Unknown"
"7014851",371865,2025-08-07 06:38:25,43.3576812744141,-8.84535884857178,"Unknown"
"7014851",371865,2025-08-07 06:43:27,43.357837677002,-8.84539413452148,"Unknown"
"7014851",371865,2025-08-07 06:48:44,43.3574752807617,-8.84513664245605,"Unknown"
"7014851",371865,2025-08-07 06:53:26,43.3619537353516,-8.85194873809814,"Unknown"
"7014851",371865,2025-08-07 06:58:27,43.3695297241211,-8.91017913818359,"Unknown"
"7014851",371865,2025-08-07 07:03:25,43.339054107666,-8.93901348114014,"Unknown"
"7014851",371865,2025-08-07 07:08:29,43.3333930969238,-8.94586086273193,"Unknown"
"7014851",371865,2025-08-07 07:13:25,43.3043022155762,-8.97213172912598,"Unknown"
"7014851",371865,2025-08-07 07:18:28,43.2943572998047,-8.99180316925049,"Unknown"
"7014851",371865,2025-08-07 07:23:26,43.2979125976562,-9.00718879699707,"Unknown"
"7014851",371865,2025-08-07 07:28:28,43.302059173584,-9.0225076675415,"Unknown"
"7014851",371865,2025-08-07 07:33:27,43.3019218444824,-9.02385139465332,"Unknown"
"7014851",371865,2025-08-07 07:38:28,43.3015747070312,-9.02467727661133,"Unknown"
"7014851",371865,2025-08-07 07:43:25,43.290958404541,-9.00069236755371,"Unknown"
"7014851",371865,2025-08-07 07:49:05,43.2901840209961,-9.00067234039307,"Unknown"
"7014851",371865,2025-08-07 07:53:29,43.2897682189941,-9.00066184997559,"Unknown"
"7014851",371865,2025-08-07 07:58:29,43.2891654968262,-9.00106716156006,"Unknown"
"7014851",371865,2025-08-07 08:03:29,43.2884483337402,-9.00175285339355,"Unknown"
"7014851",371865,2025-08-07 08:08:26,43.2878608703613,-9.00240802764893,"Unknown"
"7014851",371865,2025-08-07 08:14:44,43.2878799438477,-9.0005578994751,"Unknown"
"7014851",371865,2025-08-07 08:18:37,43.2883720397949,-8.99672317504883,"Unknown"
"7014851",371865,2025-08-07 08:23:26,43.288745880127,-8.99515819549561,"Unknown"
"7014851",371865,2025-08-07 08:28:26,43.2873458862305,-8.99696350097656,"Unknown"
"7014851",371865,2025-08-07 08:33:31,43.2877502441406,-8.99520111083984,"Unknown"
"7014851",371865,2025-08-07 08:38:29,43.2874450683594,-8.99525833129883,"Unknown"
"7014851",371865,2025-08-07 08:43:32,43.2873420715332,-8.99559020996094,"Unknown"
"7014851",371865,2025-08-07 08:48:44,43.2868843078613,-8.99386024475098,"Unknown"
"7014851",371865,2025-08-07 08:53:24,43.2877311706543,-8.99158763885498,"Unknown"
"7014851",371865,2025-08-07 08:58:24,43.2887992858887,-8.98888492584229,"Unknown"
"7014851",371865,2025-08-07 09:03:24,43.2885551452637,-8.98852443695068,"Unknown"
"7014851",371865,2025-08-07 09:08:25,43.2876472473145,-8.98998260498047,"Unknown"
"7014851",371865,2025-08-07 09:13:26,43.2891883850098,-8.98615455627441,"Unknown"
"7014851",371865,2025-08-07 09:18:29,43.2887763977051,-8.98657608032227,"Unknown"
"7014851",371865,2025-08-07 09:23:26,43.2886695861816,-8.98687267303467,"Unknown"
"7014851",371865,2025-08-07 09:28:25,43.2952117919922,-8.98519611358643,"Unknown"
"7014851",371865,2025-08-07 09:33:26,43.292308807373,-8.97864246368408,"Unknown"
"7014851",371865,2025-08-07 09:38:44,43.2916374206543,-8.97887516021729,"Unknown"
"7014851",371865,2025-08-07 09:43:27,43.2914428710938,-8.97901630401611,"Unknown"
"7014851",371865,2025-08-07 09:48:26,43.2913970947266,-8.97926425933838,"Unknown"
"7014851",371865,2025-08-07 09:53:44,43.2867012023926,-8.97310447692871,"Unknown"
"7014851",371865,2025-08-07 09:58:29,43.286449432373,-8.97298717498779,"Unknown"
"7014851",371865,2025-08-07 10:03:26,43.2866897583008,-8.97301483154297,"Unknown"
"7014851",371865,2025-08-07 10:09:17,43.286808013916,-8.96287631988525,"Unknown"
"7014851",371865,2025-08-07 10:13:34,43.2880210876465,-8.96174716949463,"Unknown"
"7014851",371865,2025-08-07 10:19:05,43.2881202697754,-8.96187019348145,"Unknown"
"7014851",371865,2025-08-07 10:23:30,43.2879409790039,-8.96169948577881,"Unknown"
"7014851",371865,2025-08-07 10:28:33,43.2894744873047,-8.96164131164551,"Unknown"
"7014851",371865,2025-08-07 10:33:27,43.2890853881836,-8.96144962310791,"Unknown"
"7014851",371865,2025-08-07 10:38:42,43.2892990112305,-8.96164798736572,"Unknown"
"7014851",371865,2025-08-07 10:43:27,43.289478302002,-8.96176338195801,"Unknown"
"7014851",371865,2025-08-07 10:48:29,43.289176940918,-8.96168422698975,"Unknown"
"7014851",371865,2025-08-07 10:53:29,43.2890510559082,-8.96169185638428,"Unknown"
"7014851",371865,2025-08-07 10:58:31,43.2890663146973,-8.96173191070557,"Unknown"
"7014851",371865,2025-08-07 11:03:46,43.2893180847168,-8.96164131164551,"Unknown"
"7014851",371865,2025-08-07 11:08:36,43.2892303466797,-8.96170711517334,"Unknown"
"7014851",371865,2025-08-07 11:13:36,43.2895011901855,-8.96176815032959,"Unknown"
"7014851",371865,2025-08-07 11:18:36,43.2892074584961,-8.96153736114502,"Unknown"
"7014851",371865,2025-08-07 11:23:36,43.2893180847168,-8.96161460876465,"Unknown"
"7014851",371865,2025-08-07 11:28:44,43.2893218994141,-8.96169376373291,"Unknown"
"7014851",371865,2025-08-07 11:33:35,43.289306640625,-8.96165466308594,"Unknown"
"7014851",371865,2025-08-07 11:38:34,43.2894134521484,-8.96161937713623,"Unknown"
"7014851",371865,2025-08-07 11:43:59,43.2894096374512,-8.96175861358643,"Unknown"
"7014851",371865,2025-08-07 11:48:42,43.2899360656738,-8.96232032775879,"Unknown"
"7014851",371865,2025-08-07 11:53:33,43.2902603149414,-8.9627628326416,"Unknown"
"7014851",371865,2025-08-07 11:58:30,43.2897987365723,-8.96222877502441,"Unknown"
"7014851",371865,2025-08-07 12:03:36,43.2896194458008,-8.96171855926514,"Unknown"
"7014851",371865,2025-08-07 12:08:36,43.2896728515625,-8.96173191070557,"Unknown"
"7014851",371865,2025-08-07 12:13:36,43.2896881103516,-8.96176528930664,"Unknown"
"7014851",371865,2025-08-07 12:18:44,43.2896194458008,-8.9617338180542,"Unknown"
"7014851",371865,2025-08-07 12:23:36,43.2896690368652,-8.96171855926514,"Unknown"
"7014851",371865,2025-08-07 12:28:30,43.289966583252,-8.9619607925415,"Unknown"
"7014851",371865,2025-08-07 12:33:31,43.2895584106445,-8.961594581604,"Unknown"
"7014851",371865,2025-08-07 12:38:44,43.289623260498,-8.96155548095703,"Unknown"
"7014851",371865,2025-08-07 12:43:31,43.2898445129395,-8.9623384475708,"Unknown"
"7014851",371865,2025-08-07 12:48:30,43.2893524169922,-8.9612340927124,"Unknown"
"7014851",371865,2025-08-07 12:53:33,43.2912673950195,-8.96603775024414,"Unknown"
"7014851",371865,2025-08-07 12:58:36,43.2897758483887,-8.96151638031006,"Unknown"
"7014851",371865,2025-08-07 13:03:26,43.2898826599121,-8.96193599700928,"Unknown"
"7014851",371865,2025-08-07 13:08:27,43.2901573181152,-8.96265602111816,"Unknown"
"7014851",371865,2025-08-07 13:13:36,43.2896575927734,-8.96156978607178,"Unknown"
"7014851",371865,2025-08-07 13:18:27,43.2895431518555,-8.9613094329834,"Unknown"
"7014851",371865,2025-08-07 13:23:39,43.2896003723145,-8.96147632598877,"Unknown"
"7014851",371865,2025-08-07 13:28:31,43.2895088195801,-8.96130466461182,"Unknown"
"7014851",371865,2025-08-07 13:34:14,43.2895431518555,-8.96142196655273,"Unknown"
"7014851",371865,2025-08-07 13:38:25,43.289608001709,-8.9615364074707,"Unknown"
"7014851",371865,2025-08-07 13:43:26,43.2896003723145,-8.96137046813965,"Unknown"
"7014851",371865,2025-08-07 13:48:25,43.2895202636719,-8.96140098571777,"Unknown"
"7014851",371865,2025-08-07 13:53:25,43.2895698547363,-8.96126365661621,"Unknown"
"7014851",371865,2025-08-07 13:58:25,43.2895584106445,-8.96132659912109,"Unknown"
"7014851",371865,2025-08-07 14:03:25,43.2895011901855,-8.96141147613525,"Unknown"
"7014851",371865,2025-08-07 14:08:25,43.2896194458008,-8.96127796173096,"Unknown"
"7014851",371865,2025-08-07 14:13:25,43.2895469665527,-8.96145248413086,"Unknown"
"7014851",371865,2025-08-07 14:18:26,43.2895011901855,-8.96134185791016,"Unknown"
"7014851",371865,2025-08-07 14:23:26,43.2895927429199,-8.96134185791016,"Unknown"
"7014851",371865,2025-08-07 14:28:25,43.2896385192871,-8.9615421295166,"Unknown"
"7014851",371865,2025-08-07 14:33:44,43.2867088317871,-8.96228218078613,"Unknown"
"7014851",371865,2025-08-07 14:38:26,43.2867774963379,-8.96228885650635,"Unknown"
"7014851",371865,2025-08-07 14:43:25,43.2871589660645,-8.96185684204102,"Unknown"
"7014851",371865,2025-08-07 14:48:25,43.2870025634766,-8.96199798583984,"Unknown"
"7014851",371865,2025-08-07 14:53:30,43.287052154541,-8.96174621582031,"Unknown"
"7014851",371865,2025-08-07 14:58:30,43.2872734069824,-8.96193027496338,"Unknown"
"7014851",371865,2025-08-07 15:03:25,43.2872123718262,-8.96190929412842,"Unknown"
"7014851",371865,2025-08-07 15:08:29,43.2872314453125,-8.96182155609131,"Unknown"
"7014851",371865,2025-08-07 15:13:35,43.2872848510742,-8.96194839477539,"Unknown"
"7014851",371865,2025-08-07 15:18:34,43.2872886657715,-8.96177196502686,"Unknown"
"7014851",371865,2025-08-07 15:23:34,43.2873001098633,-8.9620246887207,"Unknown"
"7014851",371865,2025-08-07 15:28:30,43.2873840332031,-8.96176719665527,"Unknown"
"7014851",371865,2025-08-07 15:33:45,43.2874984741211,-8.96202182769775,"Unknown"
"7014851",371865,2025-08-07 15:38:43,43.287410736084,-8.96192741394043,"Unknown"
"7014851",371865,2025-08-07 15:43:34,43.2873802185059,-8.96187686920166,"Unknown"
"7014851",371865,2025-08-07 15:48:33,43.2873764038086,-8.96191787719727,"Unknown"
"7014851",371865,2025-08-07 15:53:30,43.2872352600098,-8.96189785003662,"Unknown"
"7014851",371865,2025-08-07 15:58:29,43.2877998352051,-8.96191215515137,"Unknown"
"7014851",371865,2025-08-07 16:03:29,43.2878379821777,-8.96303939819336,"Unknown"
"7014851",371865,2025-08-07 16:08:30,43.2876968383789,-8.9617862701416,"Unknown"
"7014851",371865,2025-08-07 16:13:36,43.2877807617188,-8.96168613433838,"Unknown"
"7014851",371865,2025-08-07 16:18:29,43.2879371643066,-8.96138000488281,"Unknown"
"7014851",371865,2025-08-07 16:23:26,43.2882347106934,-8.96127510070801,"Unknown"
"7014851",371865,2025-08-07 16:28:33,43.2879486083984,-8.9614429473877,"Unknown"
"7014851",371865,2025-08-07 16:33:45,43.288257598877,-8.96173667907715,"Unknown"
"7014851",371865,2025-08-07 16:38:36,43.288387298584,-8.96187496185303,"Unknown"
"7014851",371865,2025-08-07 16:43:36,43.2882118225098,-8.96185398101807,"Unknown"
"7014851",371865,2025-08-07 16:48:49,43.2881813049316,-8.96200561523438,"Unknown"
"7014851",371865,2025-08-07 16:53:45,43.288272857666,-8.9614315032959,"Unknown"
"7014851",371865,2025-08-07 16:58:36,43.2881317138672,-8.96128559112549,"Unknown"
"7014851",371865,2025-08-07 17:03:30,43.2892990112305,-8.95895290374756,"Unknown"
"7014851",371865,2025-08-07 17:08:36,43.2886047363281,-8.96133518218994,"Unknown"
"7014851",371865,2025-08-07 17:13:35,43.2886581420898,-8.96105670928955,"Unknown"
"7014851",371865,2025-08-07 17:18:28,43.2886009216309,-8.96117782592773,"Unknown"
"7014851",371865,2025-08-07 17:23:37,43.288688659668,-8.96106624603271,"Unknown"
"7014851",371865,2025-08-07 17:29:01,43.2878723144531,-8.96202278137207,"Unknown"
"7014851",371865,2025-08-07 17:33:25,43.2876892089844,-8.96192169189453,"Unknown"
"7014851",371865,2025-08-07 17:38:25,43.2879180908203,-8.96197605133057,"Unknown"
"7014851",371865,2025-08-07 17:43:25,43.2895164489746,-8.96211528778076,"Unknown"
"7014851",371865,2025-08-07 17:48:30,43.2897109985352,-8.96234130859375,"Unknown"
"7014851",371865,2025-08-07 17:53:33,43.2896575927734,-8.96207618713379,"Unknown"
"7014851",371865,2025-08-07 17:58:27,43.2895622253418,-8.96201705932617,"Unknown"
"7014851",371865,2025-08-07 18:03:37,43.2896614074707,-8.96210479736328,"Unknown"
"7014851",371865,2025-08-07 18:08:25,43.2896957397461,-8.94762229919434,"Unknown"
"7014851",371865,2025-08-07 18:13:29,43.2919731140137,-8.9227180480957,"Unknown"
"7014851",371865,2025-08-07 18:18:27,43.3127288818359,-8.91222190856934,"Unknown"
"7014851",371865,2025-08-07 18:23:27,43.3257141113281,-8.90127468109131,"Unknown"
"7014851",371865,2025-08-07 18:28:26,43.3439292907715,-8.90246868133545,"Unknown"
"7014851",371865,2025-08-07 18:33:36,43.356746673584,-8.93556118011475,"Unknown"
"7014851",371865,2025-08-07 18:38:29,43.3685684204102,-8.96507263183594,"Unknown"
"7014851",371865,2025-08-07 18:43:30,43.3887481689453,-8.95918750762939,"Unknown"
"7014851",371865,2025-08-07 18:48:36,43.408878326416,-8.94937992095947,"Unknown"
"7014851",371865,2025-08-07 18:53:36,43.4050140380859,-8.91863918304443,"Unknown"
"7014851",371865,2025-08-07 18:58:37,43.3765029907227,-8.88044166564941,"Unknown"
"7014851",371865,2025-08-07 19:03:36,43.3603668212891,-8.84671115875244,"Unknown"
"7014851",371865,2025-08-07 19:08:36,43.3575172424316,-8.84490394592285,"Unknown"
"7014851",371865,2025-08-07 19:13:36,43.357536315918,-8.84489440917969,"Unknown"
"7014851",371865,2025-08-07 19:18:36,43.3576812744141,-8.84487628936768,"Unknown"
"7014851",371865,2025-08-07 19:23:36,43.3575782775879,-8.84488677978516,"Unknown"
"7014851",371865,2025-08-07 19:28:38,43.3576316833496,-8.84485721588135,"Unknown"
"7014851",371865,2025-08-07 19:33:45,43.3575592041016,-8.84490776062012,"Unknown"
"7014851",371865,2025-08-07 19:38:39,43.3574256896973,-8.84468650817871,"Unknown"
"7014851",371865,2025-08-07 19:43:36,43.3577690124512,-8.84476661682129,"Unknown"
"7014851",371865,2025-08-07 19:48:42,43.3576698303223,-8.84484767913818,"Unknown"
"7014851",371865,2025-08-07 19:53:30,43.3577499389648,-8.84480667114258,"Unknown"
"7014851",371865,2025-08-07 19:58:36,43.3576507568359,-8.84489727020264,"Unknown"
"7014851",371865,2025-08-07 20:03:36,43.3576889038086,-8.84479999542236,"Unknown"
"7014851",371865,2025-08-07 20:08:36,43.3576316833496,-8.84488582611084,"Unknown"
"7014851",371865,2025-08-07 20:13:36,43.3576126098633,-8.84485626220703,"Unknown"
"7014851",371865,2025-08-07 20:18:36,43.3575553894043,-8.8450345993042,"Unknown"
"7014851",371865,2025-08-07 20:23:36,43.3576202392578,-8.84486865997314,"Unknown"
"7014851",371865,2025-08-07 20:28:36,43.3576278686523,-8.84490203857422,"Unknown"
"7014851",371865,2025-08-07 20:33:36,43.3575248718262,-8.84506225585938,"Unknown"
"7014851",371865,2025-08-07 20:38:36,43.3576278686523,-8.84476375579834,"Unknown"
"7014851",371865,2025-08-07 20:44:05,43.3576431274414,-8.84504222869873,"Unknown"
"7014851",371865,2025-08-07 20:48:25,43.357608795166,-8.84504795074463,"Unknown"
"7014851",371865,2025-08-07 20:53:26,43.357608795166,-8.84504508972168,"Unknown"
"7014851",371865,2025-08-07 20:58:26,43.3576622009277,-8.84510231018066,"Unknown"
"7014851",371865,2025-08-07 21:03:29,43.3576202392578,-8.84507274627686,"Unknown"
"7014851",371865,2025-08-07 21:08:25,43.3577346801758,-8.84511852264404,"Unknown"
"7014851",371865,2025-08-07 21:13:25,43.3575439453125,-8.84505462646484,"Unknown"
"7014851",371865,2025-08-07 21:18:27,43.3575744628906,-8.84505844116211,"Unknown"
"7014851",371865,2025-08-07 21:23:30,43.3577156066895,-8.84510803222656,"Unknown"
"7014851",371865,2025-08-07 21:28:29,43.3576545715332,-8.84512805938721,"Unknown"
"7014851",371865,2025-08-07 21:33:57,43.3576202392578,-8.84501171112061,"Unknown"
"7014851",371865,2025-08-07 21:38:25,43.357593536377,-8.84507369995117,"Unknown"
"7014851",371865,2025-08-07 21:43:25,43.3577117919922,-8.84488582611084,"Unknown"
"7014851",371865,2025-08-07 21:48:28,43.3575973510742,-8.84498596191406,"Unknown"
"7014851",371865,2025-08-07 21:53:26,43.357608795166,-8.84509468078613,"Unknown"
"7014851",371865,2025-08-07 21:58:28,43.3576622009277,-8.84496784210205,"Unknown"
"7014851",371865,2025-08-07 22:03:28,43.357593536377,-8.84513187408447,"Unknown"
"7014851",371865,2025-08-07 22:08:38,43.357608795166,-8.84505844116211,"Unknown"
"7014851",371865,2025-08-07 22:13:28,43.3576469421387,-8.84503841400146,"Unknown"
"7014851",371865,2025-08-07 22:18:26,43.3576126098633,-8.84506988525391,"Unknown"
"7014851",371865,2025-08-07 22:23:27,43.3576278686523,-8.84509181976318,"Unknown"
"7014851",371865,2025-08-07 22:28:27,43.357608795166,-8.84509181976318,"Unknown"
"7014851",371865,2025-08-07 22:33:31,43.3576202392578,-8.84509944915771,"Unknown"
"7014851",371865,2025-08-07 22:38:37,43.3575325012207,-8.84515857696533,"Unknown"
"7014851",371865,2025-08-07 22:43:37,43.3575592041016,-8.84514808654785,"Unknown"
"7014851",371865,2025-08-07 22:48:37,43.3575706481934,-8.84511470794678,"Unknown"
"7014851",371865,2025-08-07 22:53:26,43.357608795166,-8.84508609771729,"Unknown"
"7014851",371865,2025-08-07 22:58:27,43.3575897216797,-8.84508609771729,"Unknown"
"7014851",371865,2025-08-07 23:03:26,43.3575668334961,-8.84506893157959,"Unknown"
"7014851",371865,2025-08-07 23:08:26,43.3574409484863,-8.84515190124512,"Unknown"
"7014851",371865,2025-08-07 23:13:28,43.3574485778809,-8.84511852264404,"Unknown"
"7014851",371865,2025-08-07 23:18:26,43.3574867248535,-8.84503650665283,"Unknown"
"7014851",371865,2025-08-07 23:23:28,43.3575286865234,-8.84496879577637,"Unknown"
"7014851",371865,2025-08-07 23:28:37,43.3575019836426,-8.84497547149658,"Unknown"
"7014851",371865,2025-08-07 23:33:41,43.357494354248,-8.84494972229004,"Unknown"
"7014851",371865,2025-08-07 23:38:26,43.3575248718262,-8.84488964080811,"Unknown"
"7014851",371865,2025-08-07 23:43:30,43.3575134277344,-8.84497737884521,"Unknown"
"7014851",371865,2025-08-07 23:48:37,43.3574523925781,-8.8449592590332,"Unknown"
"7014851",371865,2025-08-07 23:53:37,43.3574562072754,-8.8449182510376,"Unknown"
"7014851",371865,2025-08-07 23:58:37,43.3574981689453,-8.84487247467041,"Unknown"
"7014851",371865,2025-08-08 00:03:37,43.3575019836426,-8.84485054016113,"Unknown"
"7014851",371865,2025-08-08 00:08:37,43.3575172424316,-8.84485340118408,"Unknown"
"7014851",371865,2025-08-08 00:13:37,43.3575668334961,-8.84479904174805,"Unknown"
"7014851",371865,2025-08-08 00:18:37,43.3575210571289,-8.84486865997314,"Unknown"
"7014851",371865,2025-08-08 00:23:37,43.3575439453125,-8.84486293792725,"Unknown"
"7014851",371865,2025-08-08 00:28:37,43.3575057983398,-8.84483623504639,"Unknown"
"7014851",371865,2025-08-08 00:33:41,43.3575439453125,-8.84484004974365,"Unknown"
"7014851",371865,2025-08-08 00:38:41,43.3575668334961,-8.84490966796875,"Unknown"
"7014851",371865,2025-08-08 00:43:41,43.3576164245605,-8.84493827819824,"Unknown"
"7014851",371865,2025-08-08 00:48:37,43.3576583862305,-8.84503936767578,"Unknown"
"7014851",371865,2025-08-08 00:53:28,43.3576545715332,-8.84496593475342,"Unknown"
"7014851",371865,2025-08-08 00:58:29,43.3576812744141,-8.84508800506592,"Unknown"
"7014851",371865,2025-08-08 01:03:29,43.3576736450195,-8.8451042175293,"Unknown"
"7014851",371865,2025-08-08 01:08:31,43.3576622009277,-8.84498977661133,"Unknown"
"7014851",371865,2025-08-08 01:13:29,43.357723236084,-8.84505748748779,"Unknown"
"7014851",371865,2025-08-08 01:18:47,43.3576240539551,-8.84498882293701,"Unknown"
"7014851",371865,2025-08-08 01:23:36,43.3576545715332,-8.84501838684082,"Unknown"
"7014851",371865,2025-08-08 01:28:35,43.3575172424316,-8.84512138366699,"Unknown"
"7014851",371865,2025-08-08 01:33:57,43.357593536377,-8.84506225585938,"Unknown"
"7014851",371865,2025-08-08 01:38:24,43.3575439453125,-8.84500312805176,"Unknown"
"7014851",371865,2025-08-08 01:43:24,43.3575439453125,-8.84505653381348,"Unknown"
"7014851",371865,2025-08-08 01:48:25,43.3576354980469,-8.84497833251953,"Unknown"
"7014851",371865,2025-08-08 01:53:24,43.3575668334961,-8.84494304656982,"Unknown"
"7014851",371865,2025-08-08 01:58:24,43.3576126098633,-8.84502220153809,"Unknown"
"7014851",371865,2025-08-08 02:03:25,43.3575286865234,-8.84501552581787,"Unknown"
"7014851",371865,2025-08-08 02:08:25,43.3575439453125,-8.84508037567139,"Unknown"
"7014851",371865,2025-08-08 02:13:26,43.3575706481934,-8.84501838684082,"Unknown"
"7014851",371865,2025-08-08 02:18:26,43.3575210571289,-8.84505939483643,"Unknown"
"7014851",371865,2025-08-08 02:23:28,43.3574676513672,-8.84499835968018,"Unknown"
"7014851",371865,2025-08-08 02:28:26,43.3575477600098,-8.84503078460693,"Unknown"
"7014851",371865,2025-08-08 02:33:27,43.3575820922852,-8.84510326385498,"Unknown"
"7014851",371865,2025-08-08 02:38:26,43.3575134277344,-8.84493350982666,"Unknown"
"7014851",371865,2025-08-08 02:43:26,43.357608795166,-8.84504890441895,"Unknown"
"7014851",371865,2025-08-08 02:48:25,43.3576583862305,-8.84514331817627,"Unknown"
"7014851",371865,2025-08-08 02:53:25,43.3576316833496,-8.84512138366699,"Unknown"
"7014851",371865,2025-08-08 02:58:25,43.3577003479004,-8.84517669677734,"Unknown"
"7014851",371865,2025-08-08 03:03:25,43.357738494873,-8.84513282775879,"Unknown"
"7014851",371865,2025-08-08 03:08:25,43.3576927185059,-8.84518527984619,"Unknown"
"7014851",371865,2025-08-08 03:13:25,43.3576545715332,-8.84517669677734,"Unknown"
"7014851",371865,2025-08-08 03:18:25,43.3576431274414,-8.84513664245605,"Unknown"
"7014851",371865,2025-08-08 03:23:25,43.3577117919922,-8.84519004821777,"Unknown"
"7014851",371865,2025-08-08 03:28:25,43.3576316833496,-8.84511280059814,"Unknown"
"7014851",371865,2025-08-08 03:33:25,43.3576011657715,-8.84521007537842,"Unknown"
"7014851",371865,2025-08-08 03:38:25,43.3577041625977,-8.84517192840576,"Unknown"
"7014851",371865,2025-08-08 03:43:25,43.3576164245605,-8.84521389007568,"Unknown"
"7014851",371865,2025-08-08 03:48:25,43.3577690124512,-8.84513187408447,"Unknown"
"7014851",371865,2025-08-08 03:53:25,43.3576965332031,-8.84515857696533,"Unknown"
"7014851",371865,2025-08-08 03:58:25,43.3576431274414,-8.84513664245605,"Unknown"
"7014851",371865,2025-08-08 04:03:25,43.357666015625,-8.84507083892822,"Unknown"
"7014851",371865,2025-08-08 04:08:25,43.3575210571289,-8.84507083892822,"Unknown"
"7014851",371865,2025-08-08 04:13:25,43.3572731018066,-8.84508419036865,"Unknown"
"7014851",371865,2025-08-08 04:18:26,43.3574867248535,-8.84505176544189,"Unknown"
"7014851",371865,2025-08-08 04:23:25,43.3574714660645,-8.84512329101562,"Unknown"
"7014851",371865,2025-08-08 04:28:26,43.3572959899902,-8.8449592590332,"Unknown"
"7014851",371865,2025-08-08 04:33:27,43.3575820922852,-8.84515476226807,"Unknown"
"7014851",371865,2025-08-08 04:38:27,43.3577156066895,-8.84518337249756,"Unknown"
"7014851",371865,2025-08-08 04:43:27,43.3575325012207,-8.8449592590332,"Unknown"
"7014851",371865,2025-08-08 04:48:26,43.3572731018066,-8.84470653533936,"Unknown"
"7014851",371865,2025-08-08 04:53:28,43.3574523925781,-8.84442806243896,"Unknown"
"7014851",371865,2025-08-08 04:58:26,43.3574447631836,-8.84402561187744,"Unknown"
"7014851",371865,2025-08-08 05:03:26,43.357593536377,-8.84442329406738,"Unknown"
"7014851",371865,2025-08-08 05:08:27,43.3574409484863,-8.84482860565186,"Unknown"
"7014851",371865,2025-08-08 05:13:30,43.3573455810547,-8.84503650665283,"Unknown"
"7014851",371865,2025-08-08 05:18:27,43.3573760986328,-8.84473609924316,"Unknown"
"7014851",371865,2025-08-08 05:23:27,43.357349395752,-8.84513187408447,"Unknown"
"7014851",371865,2025-08-08 05:28:25,43.3572731018066,-8.84499645233154,"Unknown"
"7014851",371865,2025-08-08 05:33:27,43.3571701049805,-8.8447437286377,"Unknown"
"7014851",371865,2025-08-08 05:38:25,43.3572654724121,-8.84484100341797,"Unknown"
"7014851",371865,2025-08-08 05:43:28,43.3571853637695,-8.8447961807251,"Unknown"
"7014851",371865,2025-08-08 05:48:26,43.3570289611816,-8.84475231170654,"Unknown"
"7014851",371865,2025-08-08 05:53:26,43.3572578430176,-8.84461212158203,"Unknown"
"7014851",371865,2025-08-08 05:58:26,43.3572425842285,-8.84457683563232,"Unknown"
"7014851",371865,2025-08-08 06:03:27,43.3573722839355,-8.84471988677979,"Unknown"
"7014851",371865,2025-08-08 06:08:26,43.3572235107422,-8.84460926055908,"Unknown"
"7014851",371865,2025-08-08 06:13:26,43.3574905395508,-8.84468555450439,"Unknown"
"7014851",371865,2025-08-08 06:18:31,43.3573150634766,-8.84466648101807,"Unknown"
"7014851",371865,2025-08-08 06:23:26,43.3575744628906,-8.84476947784424,"Unknown"
"7014851",371865,2025-08-08 06:28:29,43.357593536377,-8.84473323822021,"Unknown"
"7014851",371865,2025-08-08 06:33:36,43.3578262329102,-8.84496784210205,"Unknown"
"7014851",371865,2025-08-08 06:38:36,43.3578948974609,-8.84495067596436,"Unknown"
"7014851",371865,2025-08-08 06:43:27,43.3572540283203,-8.84622764587402,"Unknown"
"7014851",371865,2025-08-08 06:48:27,43.3573837280273,-8.8452787399292,"Unknown"
"7014851",371865,2025-08-08 06:53:27,43.3498725891113,-8.86560249328613,"Unknown"
"7014851",371865,2025-08-08 06:58:27,43.3270149230957,-8.91147422790527,"Unknown"
"7014851",371865,2025-08-08 07:03:25,43.2964897155762,-8.95071220397949,"Unknown"
"7014851",371865,2025-08-08 07:08:26,43.289981842041,-8.96201801300049,"Unknown"
"7014851",371865,2025-08-08 07:13:26,43.289722442627,-8.96350002288818,"Unknown"
"7014851",371865,2025-08-08 07:18:26,43.2900505065918,-8.96186923980713,"Unknown"
"7014851",371865,2025-08-08 07:23:26,43.2900810241699,-8.96183490753174,"Unknown"
"7014851",371865,2025-08-08 07:28:25,43.289794921875,-8.96294403076172,"Unknown"
"7014851",371865,2025-08-08 07:33:25,43.2902908325195,-8.96170043945312,"Unknown"
"7014851",371865,2025-08-08 07:38:26,43.2900390625,-8.96197032928467,"Unknown"
"7014851",371865,2025-08-08 07:43:25,43.290153503418,-8.96189785003662,"Unknown"
"7014851",371865,2025-08-08 07:53:19,43.2899894714355,-8.96180629730225,"Unknown"
"7014851",371865,2025-08-08 07:58:20,43.290210723877,-8.96188259124756,"Unknown"
"7014851",371865,2025-08-08 08:03:20,43.2902374267578,-8.96183013916016,"Unknown"
"7014851",371865,2025-08-08 08:08:22,43.2903442382812,-8.96173286437988,"Unknown"
"7014851",371865,2025-08-08 08:13:21,43.2903671264648,-8.96177005767822,"Unknown"
"7014851",371865,2025-08-08 08:18:21,43.2903251647949,-8.96178722381592,"Unknown"
"7014851",371865,2025-08-08 08:23:22,43.290355682373,-8.96183109283447,"Unknown"
"7014851",371865,2025-08-08 08:28:19,43.2925491333008,-8.95853996276855,"Unknown"
"7014851",371865,2025-08-08 08:33:19,43.2901268005371,-8.93157291412354,"Unknown"
"7014851",371865,2025-08-08 08:38:19,43.3003807067871,-8.90995216369629,"Unknown"
"7014851",371865,2025-08-08 08:43:20,43.3042755126953,-8.91155242919922,"Unknown"
"7014851",371865,2025-08-08 08:48:20,43.3040924072266,-8.91174030303955,"Unknown"
"7014851",371865,2025-08-08 08:53:19,43.3041801452637,-8.91161918640137,"Unknown"
"7014851",371865,2025-08-08 08:58:20,43.3041610717773,-8.91170501708984,"Unknown"
"7014851",371865,2025-08-08 09:03:20,43.3041458129883,-8.91170310974121,"Unknown"
"7014851",371865,2025-08-08 09:08:19,43.310432434082,-8.91587448120117,"Unknown"
"7014851",371865,2025-08-08 09:13:19,43.3110847473145,-8.91418170928955,"Unknown"
"7014851",371865,2025-08-08 09:18:21,43.3114166259766,-8.91435527801514,"Unknown"
"7014851",371865,2025-08-08 09:23:21,43.3115386962891,-8.91426658630371,"Unknown"
"7014851",371865,2025-08-08 09:28:22,43.3121528625488,-8.9188404083252,"Unknown"
"7014851",371865,2025-08-08 09:33:25,43.3117942810059,-8.9190559387207,"Unknown"
"7014851",371865,2025-08-08 09:38:25,43.3119659423828,-8.91932201385498,"Unknown"
"7014851",371865,2025-08-08 09:43:22,43.3121719360352,-8.91944217681885,"Unknown"
"7014851",371865,2025-08-08 09:48:20,43.3247489929199,-8.93677425384521,"Unknown"
"7014851",371865,2025-08-08 09:53:21,43.3140563964844,-9.00015735626221,"Unknown"
"7014851",371865,2025-08-08 09:58:21,43.3083992004395,-9.01548480987549,"Unknown"
"7014851",371865,2025-08-08 10:03:24,43.3162879943848,-9.0013256072998,"Unknown"
"7014851",371865,2025-08-08 10:08:20,43.3211212158203,-8.98437595367432,"Unknown"
"7014851",371865,2025-08-08 10:13:20,43.3224678039551,-8.97039604187012,"Unknown"
"7014851",371865,2025-08-08 10:18:24,43.3260955810547,-8.9615650177002,"Unknown"
"7014851",371865,2025-08-08 10:23:20,43.325798034668,-8.97369575500488,"Unknown"
"7014851",371865,2025-08-08 10:28:20,43.3257255554199,-8.9815731048584,"Unknown"
"7014851",371865,2025-08-08 10:33:20,43.3253402709961,-8.98820018768311,"Unknown"
"7014851",371865,2025-08-08 10:38:19,43.3262405395508,-8.99416828155518,"Unknown"
"7014851",371865,2025-08-08 10:43:20,43.3267211914062,-9.00033473968506,"Unknown"
"7014851",371865,2025-08-08 10:48:19,43.3277549743652,-9.00536441802979,"Unknown"
"7014851",371865,2025-08-08 10:53:22,43.3298645019531,-9.00903511047363,"Unknown"
"7014851",371865,2025-08-08 10:58:23,43.3360481262207,-9.00846481323242,"Unknown"
"7014851",371865,2025-08-08 11:03:19,43.3427505493164,-9.00682830810547,"Unknown"
"7014851",371865,2025-08-08 11:08:19,43.3473968505859,-9.00578689575195,"Unknown"
"7014851",371865,2025-08-08 11:13:24,43.3524513244629,-9.00478744506836,"Unknown"
"7014851",371865,2025-08-08 11:18:23,43.3528900146484,-9.00491428375244,"Unknown"
"7014851",371865,2025-08-08 11:23:19,43.3612365722656,-9.00053310394287,"Unknown"
"7014851",371865,2025-08-08 11:28:20,43.3614616394043,-9.00087833404541,"Unknown"
"7014851",371865,2025-08-08 11:33:23,43.361083984375,-9.0009298324585,"Unknown"
"7014851",371865,2025-08-08 11:38:19,43.3732299804688,-8.98914813995361,"Unknown"
"7014851",371865,2025-08-08 11:43:22,43.3728103637695,-8.98911094665527,"Unknown"
"7014851",371865,2025-08-08 11:48:20,43.387752532959,-8.98217487335205,"Unknown"
"7014851",371865,2025-08-08 11:53:19,43.409496307373,-8.97174072265625,"Unknown"
"7014851",371865,2025-08-08 11:58:20,43.4140357971191,-8.9809741973877,"Unknown"
"7014851",371865,2025-08-08 12:03:20,43.409854888916,-8.98929214477539,"Unknown"
"7014851",371865,2025-08-08 12:08:21,43.4092330932617,-8.98705005645752,"Unknown"
"7014851",371865,2025-08-08 12:13:20,43.401554107666,-8.98202323913574,"Unknown"
"7014851",371865,2025-08-08 12:18:20,43.3677597045898,-8.96458530426025,"Unknown"
"7014851",371865,2025-08-08 12:23:24,43.3640594482422,-8.95319271087646,"Unknown"
"7014851",371865,2025-08-08 12:28:30,43.3645057678223,-8.95295906066895,"Unknown"
"7014851",371865,2025-08-08 12:33:21,43.3644523620605,-8.94786262512207,"Unknown"
"7014851",371865,2025-08-08 12:38:20,43.364875793457,-8.94269371032715,"Unknown"
"7014851",371865,2025-08-08 12:43:20,43.3813247680664,-8.92755222320557,"Unknown"
"7014851",371865,2025-08-08 12:48:20,43.3924942016602,-8.91798877716064,"Unknown"
"7014851",371865,2025-08-08 12:53:23,43.3929061889648,-8.9178991317749,"Unknown"
"7014851",371865,2025-08-08 12:58:22,43.3931198120117,-8.91750717163086,"Unknown"
"7014851",371865,2025-08-08 13:03:20,43.3824615478516,-8.88782024383545,"Unknown"
"7014851",371865,2025-08-08 13:08:20,43.3603172302246,-8.85041236877441,"Unknown"
"7014851",371865,2025-08-08 13:13:32,43.3572006225586,-8.84632778167725,"Unknown"
"7014851",371865,2025-08-08 13:18:20,43.3575439453125,-8.84569072723389,"Unknown"
"7014851",371865,2025-08-08 13:23:21,43.3575325012207,-8.84569454193115,"Unknown"
"7014851",371865,2025-08-08 13:28:22,43.357608795166,-8.84567070007324,"Unknown"
"7014851",371865,2025-08-08 13:33:31,43.357608795166,-8.84530735015869,"Unknown"
"7014851",371865,2025-08-08 13:38:32,43.3578071594238,-8.84505939483643,"Unknown"
"7014851",371865,2025-08-08 13:43:31,43.3578300476074,-8.84509658813477,"Unknown"
"7014851",371865,2025-08-08 13:48:31,43.3578109741211,-8.84501647949219,"Unknown"
"7014851",371865,2025-08-08 13:53:31,43.3577919006348,-8.84500408172607,"Unknown"
"7014851",371865,2025-08-08 13:58:31,43.3578071594238,-8.84495258331299,"Unknown"
"7014851",371865,2025-08-08 14:03:22,43.3577423095703,-8.84510135650635,"Unknown"
"7014851",371865,2025-08-08 14:08:26,43.3575706481934,-8.84513759613037,"Unknown"
"7014851",371865,2025-08-08 14:13:21,43.3580856323242,-8.84545421600342,"Unknown"
"7014851",371865,2025-08-08 14:18:31,43.3576354980469,-8.84500885009766,"Unknown"
"7014851",371865,2025-08-08 14:23:29,43.3576889038086,-8.84501838684082,"Unknown"
"7014851",371865,2025-08-08 14:28:31,43.3574867248535,-8.84521961212158,"Unknown"
"7014851",371865,2025-08-08 14:33:31,43.3576202392578,-8.8447093963623,"Unknown"
"7014851",371865,2025-08-08 14:38:36,43.3572425842285,-8.8457612991333,"Unknown"
"7014851",371865,2025-08-08 14:43:31,43.3575248718262,-8.84506416320801,"Unknown"
"7014851",371865,2025-08-08 14:48:31,43.3573188781738,-8.84436225891113,"Unknown"
"7014851",371865,2025-08-08 14:53:31,43.3575057983398,-8.84478759765625,"Unknown"
"7014851",371865,2025-08-08 14:58:31,43.3574600219727,-8.84491920471191,"Unknown"
"7014851",371865,2025-08-08 15:03:31,43.3575057983398,-8.84479331970215,"Unknown"
"7014851",371865,2025-08-08 15:08:20,43.3573799133301,-8.84457015991211,"Unknown"
"7014851",371865,2025-08-08 15:13:20,43.3573036193848,-8.8444995880127,"Unknown"
"7014851",371865,2025-08-08 15:18:31,43.3569374084473,-8.84617519378662,"Unknown"
"7014851",371865,2025-08-08 15:23:20,43.357666015625,-8.84554100036621,"Unknown"
"7014851",371865,2025-08-08 15:28:21,43.3578033447266,-8.8454532623291,"Unknown"
"7014851",371865,2025-08-08 15:33:19,43.3572540283203,-8.84425735473633,"Unknown"
"7014851",371865,2025-08-08 15:38:20,43.3579750061035,-8.84528160095215,"Unknown"
"7014851",371865,2025-08-08 15:43:29,43.3580322265625,-8.84533309936523,"Unknown"
"7014851",371865,2025-08-08 15:48:19,43.3587684631348,-8.84481334686279,"Unknown"
"7014851",371865,2025-08-08 15:53:19,43.3587074279785,-8.84485244750977,"Unknown"
"7014851",371865,2025-08-08 15:58:25,43.3585052490234,-8.84499263763428,"Unknown"
"7014851",371865,2025-08-08 16:03:20,43.3582458496094,-8.84508609771729,"Unknown"
"7014851",371865,2025-08-08 16:08:19,43.3582725524902,-8.84508037567139,"Unknown"
"7014851",371865,2025-08-08 16:13:20,43.3581962585449,-8.84510898590088,"Unknown"
"7014851",371865,2025-08-08 16:18:36,43.3581771850586,-8.84516334533691,"Unknown"
"7014851",371865,2025-08-08 16:23:23,43.3580741882324,-8.84448051452637,"Unknown"
"7014851",371865,2025-08-08 16:28:19,43.3578109741211,-8.84500217437744,"Unknown"
"7014851",371865,2025-08-08 16:33:19,43.3578910827637,-8.84493160247803,"Unknown"
"7014851",371865,2025-08-08 16:38:18,43.3576850891113,-8.84515762329102,"Unknown"
"7014851",371865,2025-08-08 16:43:20,43.3576622009277,-8.84526252746582,"Unknown"
"7014851",371865,2025-08-08 16:48:18,43.3578109741211,-8.84518718719482,"Unknown"
"7014851",371865,2025-08-08 16:53:18,43.3578071594238,-8.8450403213501,"Unknown"
"7014851",371865,2025-08-08 16:58:18,43.3579177856445,-8.84517097473145,"Unknown"
"7014851",371865,2025-08-08 17:03:19,43.3578300476074,-8.84504413604736,"Unknown"
"7014851",371865,2025-08-08 17:08:19,43.3577651977539,-8.84519004821777,"Unknown"
"7014851",371865,2025-08-08 17:13:19,43.357852935791,-8.84516143798828,"Unknown"
"7014851",371865,2025-08-08 17:18:18,43.3575973510742,-8.84529876708984,"Unknown"
"7014851",371865,2025-08-08 17:23:18,43.3579292297363,-8.84514045715332,"Unknown"
"7014851",371865,2025-08-08 17:28:18,43.3575859069824,-8.84532642364502,"Unknown"
"7014851",371865,2025-08-08 17:33:19,43.3578796386719,-8.84516334533691,"Unknown"
"7014851",371865,2025-08-08 17:38:19,43.3580856323242,-8.84539222717285,"Unknown"
"7014851",371865,2025-08-08 17:43:19,43.357780456543,-8.84508895874023,"Unknown"
"7014851",371865,2025-08-08 17:48:19,43.3578872680664,-8.84518241882324,"Unknown"
"7014851",371865,2025-08-08 17:53:18,43.3575897216797,-8.84517478942871,"Unknown"
"7014851",371865,2025-08-08 17:58:19,43.3577079772949,-8.84515190124512,"Unknown"
"7014851",371865,2025-08-08 18:03:19,43.357593536377,-8.84514141082764,"Unknown"
"7014851",371865,2025-08-08 18:08:20,43.3576583862305,-8.84515857696533,"Unknown"
"7014851",371865,2025-08-08 18:13:20,43.3577995300293,-8.84503841400146,"Unknown"
"7014851",371865,2025-08-08 18:18:18,43.357666015625,-8.84512233734131,"Unknown"
"7014851",371865,2025-08-08 18:23:21,43.357852935791,-8.84503173828125,"Unknown"
"7014851",371865,2025-08-08 18:28:43,43.3578147888184,-8.84524250030518,"Unknown"
"7014851",371865,2025-08-08 18:33:18,43.3583717346191,-8.84544467926025,"Unknown"
"7014851",371865,2025-08-08 18:38:21,43.3580131530762,-8.845627784729,"Unknown"
"7014851",371865,2025-08-08 18:43:23,43.3584976196289,-8.84387302398682,"Unknown"
"7014851",371865,2025-08-08 18:48:19,43.3584518432617,-8.84409427642822,"Unknown"
"7014851",371865,2025-08-08 18:53:39,43.3580055236816,-8.84445476531982,"Unknown"
"7014851",371865,2025-08-08 18:58:24,43.357967376709,-8.84458255767822,"Unknown"
"7014851",371865,2025-08-08 19:03:22,43.3580856323242,-8.84457969665527,"Unknown"
"7014851",371865,2025-08-08 19:08:22,43.3582534790039,-8.84449863433838,"Unknown"
"7014851",371865,2025-08-08 19:13:30,43.358226776123,-8.84450817108154,"Unknown"
"7014851",371865,2025-08-08 19:18:22,43.3581199645996,-8.84458827972412,"Unknown"
"7014851",371865,2025-08-08 19:23:20,43.3581771850586,-8.84471130371094,"Unknown"
"7014851",371865,2025-08-08 19:28:20,43.3576812744141,-8.84479427337646,"Unknown"
"7014851",371865,2025-08-08 19:33:19,43.3579025268555,-8.84476661682129,"Unknown"
"7014851",371865,2025-08-08 19:38:20,43.3578453063965,-8.8446216583252,"Unknown"
"7014851",371865,2025-08-08 19:43:19,43.3577117919922,-8.84494876861572,"Unknown"
"7014851",371865,2025-08-08 19:48:21,43.3576469421387,-8.84504318237305,"Unknown"
"7014851",371865,2025-08-08 19:53:20,43.3577423095703,-8.84502792358398,"Unknown"
"7014851",371865,2025-08-08 19:58:21,43.3576965332031,-8.84514713287354,"Unknown"
"7014851",371865,2025-08-08 20:03:20,43.3580284118652,-8.84502506256104,"Unknown"
"7014851",371865,2025-08-08 20:08:23,43.3577537536621,-8.84507179260254,"Unknown"
"7014851",371865,2025-08-08 20:13:19,43.3578681945801,-8.84503078460693,"Unknown"
"7014851",371865,2025-08-08 20:18:19,43.357795715332,-8.84513854980469,"Unknown"
"7014851",371865,2025-08-08 20:23:19,43.3578186035156,-8.84514617919922,"Unknown"
"7014851",371865,2025-08-08 20:28:19,43.357795715332,-8.84518241882324,"Unknown"
"7014851",371865,2025-08-08 20:33:19,43.3579254150391,-8.84512042999268,"Unknown"
"7014851",371865,2025-08-08 20:38:19,43.3578491210938,-8.8452262878418,"Unknown"
"7014851",371865,2025-08-08 20:43:19,43.3578758239746,-8.84528732299805,"Unknown"
"7014851",371865,2025-08-08 20:48:18,43.3578987121582,-8.84530639648438,"Unknown"
"7014851",371865,2025-08-08 20:53:20,43.35791015625,-8.84521293640137,"Unknown"
"7014851",371865,2025-08-08 20:58:20,43.3579406738281,-8.84527969360352,"Unknown"
"7014851",371865,2025-08-08 21:03:18,43.3579559326172,-8.84530830383301,"Unknown"
"7014851",371865,2025-08-08 21:08:19,43.3579444885254,-8.84538269042969,"Unknown"
"7014851",371865,2025-08-08 21:13:19,43.3580284118652,-8.84535026550293,"Unknown"
"7014851",371865,2025-08-08 21:18:21,43.3580207824707,-8.8453197479248,"Unknown"
"7014851",371865,2025-08-08 21:23:19,43.3578338623047,-8.84524536132812,"Unknown"
"7014851",371865,2025-08-08 21:28:19,43.3578147888184,-8.84524154663086,"Unknown"
"7014851",371865,2025-08-08 21:33:19,43.3577575683594,-8.84531593322754,"Unknown"
"7014851",371865,2025-08-08 21:38:21,43.3580551147461,-8.8445291519165,"Unknown"
"7014851",371865,2025-08-08 21:43:24,43.3580207824707,-8.84503364562988,"Unknown"
"7014851",371865,2025-08-08 21:48:22,43.3580436706543,-8.84497451782227,"Unknown"
"7014851",371865,2025-08-08 21:53:30,43.3579940795898,-8.84490394592285,"Unknown"
"7014851",371865,2025-08-08 21:58:30,43.358039855957,-8.84486484527588,"Unknown"
"7014851",371865,2025-08-08 22:03:30,43.3580322265625,-8.84488487243652,"Unknown"
"7014851",371865,2025-08-08 22:08:30,43.3580284118652,-8.84490776062012,"Unknown"
"7014851",371865,2025-08-08 22:13:30,43.35791015625,-8.84500789642334,"Unknown"
"7014851",371865,2025-08-08 22:18:30,43.3579025268555,-8.84502410888672,"Unknown"
"7014851",371865,2025-08-08 22:23:30,43.3579978942871,-8.84499549865723,"Unknown"
"7014851",371865,2025-08-08 22:28:30,43.3579788208008,-8.8449821472168,"Unknown"
"7014851",371865,2025-08-08 22:33:30,43.357967376709,-8.84497261047363,"Unknown"
"7014851",371865,2025-08-08 22:38:30,43.3579978942871,-8.84505367279053,"Unknown"
"7014851",371865,2025-08-08 22:43:18,43.3578453063965,-8.84531307220459,"Unknown"
"7014851",371865,2025-08-08 22:48:21,43.3577919006348,-8.84537982940674,"Unknown"
"7014851",371865,2025-08-08 22:53:20,43.3580017089844,-8.84526443481445,"Unknown"
"7014851",371865,2025-08-08 22:58:21,43.3579521179199,-8.84523582458496,"Unknown"
"7014851",371865,2025-08-08 23:03:19,43.3578796386719,-8.84533405303955,"Unknown"
"7014851",371865,2025-08-08 23:08:21,43.3577308654785,-8.84542179107666,"Unknown"
"7014851",371865,2025-08-08 23:13:21,43.3578910827637,-8.84538269042969,"Unknown"
"7014851",371865,2025-08-08 23:18:20,43.3579177856445,-8.84534549713135,"Unknown"
"7014851",371865,2025-08-08 23:23:30,43.3577079772949,-8.8454418182373,"Unknown"
"7014851",371865,2025-08-08 23:28:20,43.3578033447266,-8.84558773040771,"Unknown"
"7014851",371865,2025-08-08 23:33:21,43.3578796386719,-8.84552383422852,"Unknown"
"7014851",371865,2025-08-08 23:38:20,43.3579292297363,-8.84557723999023,"Unknown"
"7014851",371865,2025-08-08 23:43:19,43.3579063415527,-8.84557723999023,"Unknown"
"7014851",371865,2025-08-08 23:48:21,43.3577919006348,-8.84556198120117,"Unknown"
"7014851",371865,2025-08-08 23:53:19,43.3578033447266,-8.84555149078369,"Unknown"
"7014851",371865,2025-08-08 23:58:19,43.3578681945801,-8.84556102752686,"Unknown"
"7014851",371865,2025-08-09 00:03:19,43.3578987121582,-8.84545135498047,"Unknown"
"7014851",371865,2025-08-09 00:08:20,43.3578987121582,-8.84541702270508,"Unknown"
"7014851",371865,2025-08-09 00:13:19,43.3578758239746,-8.84540843963623,"Unknown"
"7014851",371865,2025-08-09 00:18:18,43.3578109741211,-8.845458984375,"Unknown"
"7014851",371865,2025-08-09 00:23:18,43.3577842712402,-8.8454704284668,"Unknown"
"7014851",371865,2025-08-09 00:28:18,43.357780456543,-8.84537506103516,"Unknown"
"7014851",371865,2025-08-09 00:33:18,43.3578033447266,-8.8454122543335,"Unknown"
"7014851",371865,2025-08-09 00:38:18,43.3578300476074,-8.84538745880127,"Unknown"
"7014851",371865,2025-08-09 00:43:18,43.3578681945801,-8.84535217285156,"Unknown"
"7014851",371865,2025-08-09 00:48:18,43.3578796386719,-8.84529685974121,"Unknown"
"7014851",371865,2025-08-09 00:53:18,43.3578720092773,-8.84525012969971,"Unknown"
"7014851",371865,2025-08-09 00:58:18,43.3578872680664,-8.84527397155762,"Unknown"
"7014851",371865,2025-08-09 01:03:19,43.3578147888184,-8.84528732299805,"Unknown"
"7014851",371865,2025-08-09 01:08:18,43.3578071594238,-8.84516429901123,"Unknown"
"7014851",371865,2025-08-09 01:13:19,43.3578643798828,-8.84522247314453,"Unknown"
"7014851",371865,2025-08-09 01:18:19,43.3576850891113,-8.8456335067749,"Unknown"
"7014851",371865,2025-08-09 01:23:19,43.3578186035156,-8.84540939331055,"Unknown"
"7014851",371865,2025-08-09 01:28:19,43.3579330444336,-8.84540843963623,"Unknown"
"7014851",371865,2025-08-09 01:33:19,43.3579292297363,-8.84544944763184,"Unknown"
"7014851",371865,2025-08-09 01:38:19,43.357780456543,-8.84542179107666,"Unknown"
"7014851",371865,2025-08-09 01:43:19,43.3578262329102,-8.84531402587891,"Unknown"
"7014851",371865,2025-08-09 01:48:19,43.3578186035156,-8.8452615737915,"Unknown"
"7014851",371865,2025-08-09 01:53:19,43.3578681945801,-8.84522533416748,"Unknown"
"7014851",371865,2025-08-09 01:58:19,43.3578987121582,-8.84516143798828,"Unknown"
"7014851",371865,2025-08-09 02:03:19,43.3578414916992,-8.84514141082764,"Unknown"
"7014851",371865,2025-08-09 02:08:21,43.3578071594238,-8.84502410888672,"Unknown"
"7014851",371865,2025-08-09 02:13:19,43.3577461242676,-8.84493446350098,"Unknown"
"7014851",371865,2025-08-09 02:18:22,43.3577346801758,-8.84493732452393,"Unknown"
"7014851",371865,2025-08-09 02:23:19,43.3576583862305,-8.84485244750977,"Unknown"
"7014851",371865,2025-08-09 02:28:21,43.3575973510742,-8.84474658966064,"Unknown"
"7014851",371865,2025-08-09 02:33:19,43.3578224182129,-8.84497737884521,"Unknown"
"7014851",371865,2025-08-09 02:38:18,43.3579635620117,-8.84511661529541,"Unknown"
"7014851",371865,2025-08-09 02:43:21,43.358024597168,-8.84503555297852,"Unknown"
"7014851",371865,2025-08-09 02:48:21,43.358081817627,-8.84505748748779,"Unknown"
"7014851",371865,2025-08-09 02:53:19,43.3579559326172,-8.84512615203857,"Unknown"
"7014851",371865,2025-08-09 02:58:19,43.3579483032227,-8.84516525268555,"Unknown"
"7014851",371865,2025-08-09 03:03:19,43.3580093383789,-8.84506797790527,"Unknown"
"7014851",371865,2025-08-09 03:08:19,43.3581008911133,-8.84496021270752,"Unknown"
"7014851",371865,2025-08-09 03:13:20,43.3580665588379,-8.8450288772583,"Unknown"
"7014851",371865,2025-08-09 03:18:19,43.358211517334,-8.84493350982666,"Unknown"
"7014851",371865,2025-08-09 03:23:19,43.358097076416,-8.84493637084961,"Unknown"
"7014851",371865,2025-08-09 03:28:20,43.3581047058105,-8.84495258331299,"Unknown"
"7014851",371865,2025-08-09 03:33:19,43.3581123352051,-8.84494209289551,"Unknown"
"7014851",371865,2025-08-09 03:38:20,43.3580780029297,-8.84492969512939,"Unknown"
"7014851",371865,2025-08-09 03:43:19,43.3581085205078,-8.84489440917969,"Unknown"
"7014851",371865,2025-08-09 03:48:20,43.3581771850586,-8.84491157531738,"Unknown"
"7014851",371865,2025-08-09 03:53:21,43.3582077026367,-8.84493827819824,"Unknown"
"7014851",371865,2025-08-09 03:58:21,43.3581237792969,-8.84478187561035,"Unknown"
"7014851",371865,2025-08-09 04:03:23,43.3580627441406,-8.84495162963867,"Unknown"
"7014851",371865,2025-08-09 04:08:23,43.3581504821777,-8.84492111206055,"Unknown"
"7014851",371865,2025-08-09 04:13:22,43.3580856323242,-8.84488677978516,"Unknown"
"7014851",371865,2025-08-09 04:18:23,43.358154296875,-8.84479713439941,"Unknown"
"7014851",371865,2025-08-09 04:23:22,43.358097076416,-8.84487915039062,"Unknown"
"7014851",371865,2025-08-09 04:28:32,43.3580474853516,-8.84503364562988,"Unknown"
"7014851",371865,2025-08-09 04:33:20,43.3581123352051,-8.84487819671631,"Unknown"
"7014851",371865,2025-08-09 04:38:37,43.3580513000488,-8.84492683410645,"Unknown"
"7014851",371865,2025-08-09 04:43:28,43.3580551147461,-8.84447383880615,"Unknown"
"7014851",371865,2025-08-09 04:48:20,43.3580513000488,-8.84525394439697,"Unknown"
"7014851",371865,2025-08-09 04:53:34,43.3580322265625,-8.84492111206055,"Unknown"
"7014851",371865,2025-08-09 04:58:28,43.358097076416,-8.84488868713379,"Unknown"
"7014851",371865,2025-08-09 05:03:22,43.358097076416,-8.84500503540039,"Unknown"
"7014851",371865,2025-08-09 05:08:22,43.3580703735352,-8.8449125289917,"Unknown"
"7014851",371865,2025-08-09 05:13:19,43.3537673950195,-8.82642841339111,"Unknown"
"7014851",371865,2025-08-09 05:18:22,43.3352279663086,-8.80105781555176,"Unknown"
"7014851",371865,2025-08-09 05:23:25,43.3286399841309,-8.76784133911133,"Unknown"
"7014851",371865,2025-08-09 05:28:32,43.3046493530273,-8.75590229034424,"Unknown"
"7014851",371865,2025-08-09 05:33:18,43.294361114502,-8.74552345275879,"Unknown"
"7014851",371865,2025-08-09 05:38:22,43.294376373291,-8.74560928344727,"Unknown"
"7014851",371865,2025-08-09 05:43:44,43.2932624816895,-8.74630832672119,"Unknown"
"7014851",371865,2025-08-09 05:48:23,43.2934188842773,-8.7458028793335,"Unknown"
"7014851",371865,2025-08-09 05:53:24,43.293098449707,-8.745849609375,"Unknown"
"7014851",371865,2025-08-09 05:58:23,43.2936325073242,-8.74591445922852,"Unknown"
"7014851",371865,2025-08-09 06:03:21,43.2938804626465,-8.74576854705811,"Unknown"
"7014851",371865,2025-08-09 06:08:35,43.2938194274902,-8.74560546875,"Unknown"
"7014851",371865,2025-08-09 06:13:25,43.2937545776367,-8.74581718444824,"Unknown"
"7014851",371865,2025-08-09 06:18:23,43.2936058044434,-8.74572467803955,"Unknown"
"7014851",371865,2025-08-09 06:23:32,43.2934226989746,-8.73929691314697,"Unknown"
"7014851",371865,2025-08-09 06:28:24,43.2942123413086,-8.73993682861328,"Unknown"
"7014851",371865,2025-08-09 06:33:25,43.2932510375977,-8.73983955383301,"Unknown"
"7014851",371865,2025-08-09 06:38:19,43.2932434082031,-8.73957538604736,"Unknown"
"7014851",371865,2025-08-09 06:43:39,43.293384552002,-8.73907566070557,"Unknown"
"7014851",371865,2025-08-09 06:48:41,43.2933921813965,-8.73827075958252,"Unknown"
"7014851",371865,2025-08-09 06:53:19,43.2904167175293,-8.70484828948975,"Unknown"
"7014851",371865,2025-08-09 06:58:21,43.2915306091309,-8.69811534881592,"Unknown"
"7014851",371865,2025-08-09 07:03:19,43.2914123535156,-8.6981372833252,"Unknown"
"7014851",371865,2025-08-09 07:08:18,43.2915229797363,-8.69852542877197,"Unknown"
"7014851",371865,2025-08-09 07:13:17,43.2915000915527,-8.69832324981689,"Unknown"
"7014851",371865,2025-08-09 07:18:17,43.2915496826172,-8.69825267791748,"Unknown"
"7014851",371865,2025-08-09 07:23:20,43.2915458679199,-8.69832992553711,"Unknown"
"7014851",371865,2025-08-09 07:28:20,43.2915496826172,-8.69830799102783,"Unknown"
"7014851",371865,2025-08-09 07:33:33,43.2913703918457,-8.69852161407471,"Unknown"
"7014851",371865,2025-08-09 07:38:19,43.2913932800293,-8.69825172424316,"Unknown"
"7014851",371865,2025-08-09 07:43:22,43.2915496826172,-8.69834995269775,"Unknown"
"7014851",371865,2025-08-09 07:48:20,43.2913970947266,-8.6980037689209,"Unknown"
"7014851",371865,2025-08-09 07:53:24,43.2920837402344,-8.69592475891113,"Unknown"
"7014851",371865,2025-08-09 07:58:23,43.2920913696289,-8.69592475891113,"Unknown"
"7014851",371865,2025-08-09 08:03:36,43.2879333496094,-8.68561172485352,"Unknown"
"7014851",371865,2025-08-09 08:08:44,43.2805480957031,-8.64934730529785,"Unknown"
"7014851",371865,2025-08-09 08:13:37,43.2534942626953,-8.61640357971191,"Unknown"
"7014851",371865,2025-08-09 08:18:19,43.2302551269531,-8.58529949188232,"Unknown"
"7014851",371865,2025-08-09 08:23:44,43.2088279724121,-8.5581579208374,"Unknown"
"7014851",371865,2025-08-09 08:28:17,43.1878089904785,-8.56150150299072,"Unknown"
"7014851",371865,2025-08-09 08:33:17,43.1746520996094,-8.56739807128906,"Unknown"
"7014851",371865,2025-08-09 08:38:17,43.1523933410645,-8.53527927398682,"Unknown"
"7014851",371865,2025-08-09 08:43:17,43.1349220275879,-8.49355411529541,"Unknown"
"7014851",371865,2025-08-09 08:48:53,43.1297950744629,-8.4711217880249,"Unknown"
"7014851",371865,2025-08-09 08:53:16,43.1304702758789,-8.47181987762451,"Unknown"
"7014851",371865,2025-08-09 08:58:18,43.1306762695312,-8.47179889678955,"Unknown"
"7014851",371865,2025-08-09 09:03:22,43.1305084228516,-8.47165203094482,"Unknown"
"7014851",371865,2025-08-09 09:08:19,43.1304588317871,-8.47160053253174,"Unknown"
"7014851",371865,2025-08-09 09:13:20,43.1303443908691,-8.47168064117432,"Unknown"
"7014851",371865,2025-08-09 09:18:18,43.1302947998047,-8.47196865081787,"Unknown"
"7014851",371865,2025-08-09 09:23:21,43.130313873291,-8.47196960449219,"Unknown"
"7014851",371865,2025-08-09 09:28:23,43.131908416748,-8.47051906585693,"Unknown"
"7014851",371865,2025-08-09 09:33:19,43.1325340270996,-8.47040557861328,"Unknown"
"7014851",371865,2025-08-09 09:38:20,43.1325531005859,-8.47037982940674,"Unknown"
"7014851",371865,2025-08-09 09:43:22,43.1327247619629,-8.47024250030518,"Unknown"
"7014851",371865,2025-08-09 09:48:22,43.1328735351562,-8.47027492523193,"Unknown"
"7014851",371865,2025-08-09 09:53:18,43.1326637268066,-8.47033882141113,"Unknown"
"7014851",371865,2025-08-09 09:58:18,43.1326904296875,-8.47056007385254,"Unknown"
"7014851",371865,2025-08-09 10:03:23,43.1329345703125,-8.4702615737915,"Unknown"
"7014851",371865,2025-08-09 10:08:44,43.1330375671387,-8.47030830383301,"Unknown"
"7014851",371865,2025-08-09 10:13:25,43.1323471069336,-8.46986484527588,"Unknown"
"7014851",371865,2025-08-09 10:18:44,43.1329078674316,-8.47028160095215,"Unknown"
"7014851",371865,2025-08-09 10:23:21,43.1330413818359,-8.47023487091064,"Unknown"
"7014851",371865,2025-08-09 10:28:24,43.1327133178711,-8.47009944915771,"Unknown"
"7014851",371865,2025-08-09 10:33:23,43.1329612731934,-8.47040843963623,"Unknown"
"7014851",371865,2025-08-09 10:38:18,43.1336555480957,-8.47105598449707,"Unknown"
"7014851",371865,2025-08-09 10:43:23,43.1325378417969,-8.4699239730835,"Unknown"
"7014851",371865,2025-08-09 10:48:45,43.1331062316895,-8.47045040130615,"Unknown"
"7014851",371865,2025-08-09 10:53:34,43.1329498291016,-8.47028636932373,"Unknown"
"7014851",371865,2025-08-09 10:58:44,43.1328887939453,-8.47024631500244,"Unknown"
"7014851",371865,2025-08-09 11:03:21,43.1329154968262,-8.47015571594238,"Unknown"
"7014851",371865,2025-08-09 11:08:22,43.1329116821289,-8.47032737731934,"Unknown"
"7014851",371865,2025-08-09 11:13:20,43.1329803466797,-8.47033500671387,"Unknown"
"7014851",371865,2025-08-09 11:18:25,43.1328811645508,-8.47029495239258,"Unknown"
"7014851",371865,2025-08-09 11:23:26,43.1330718994141,-8.47045993804932,"Unknown"
"7014851",371865,2025-08-09 11:28:18,43.1319427490234,-8.47118759155273,"Unknown"
"7014851",371865,2025-08-09 11:33:18,43.1301956176758,-8.47022914886475,"Unknown"
"7014851",371865,2025-08-09 11:38:20,43.1306800842285,-8.47066783905029,"Unknown"
"7014851",371865,2025-08-09 11:43:26,43.130859375,-8.47276306152344,"Unknown"
"7014851",371865,2025-08-09 11:48:46,43.1300277709961,-8.47006702423096,"Unknown"
"7014851",371865,2025-08-09 11:53:35,43.1300582885742,-8.47010803222656,"Unknown"
"7014851",371865,2025-08-09 11:58:37,43.130054473877,-8.47004890441895,"Unknown"
"7014851",371865,2025-08-09 12:03:48,43.1301231384277,-8.47011661529541,"Unknown"
"7014851",371865,2025-08-09 12:08:28,43.1302032470703,-8.47018623352051,"Unknown"
"7014851",371865,2025-08-09 12:13:32,43.1303329467773,-8.47030639648438,"Unknown"
"7014851",371865,2025-08-09 12:18:30,43.1302146911621,-8.47010707855225,"Unknown"
"7014851",371865,2025-08-09 12:23:45,43.1302452087402,-8.47019577026367,"Unknown"
"7014851",371865,2025-08-09 12:28:23,43.1299476623535,-8.46973133087158,"Unknown"
"7014851",371865,2025-08-09 12:33:23,43.1301727294922,-8.47024250030518,"Unknown"
"7014851",371865,2025-08-09 12:38:29,43.1300888061523,-8.46998023986816,"Unknown"
"7014851",371865,2025-08-09 12:43:23,43.130241394043,-8.471510887146,"Unknown"
"7014851",371865,2025-08-09 12:48:59,43.1300163269043,-8.47009563446045,"Unknown"
"7014851",371865,2025-08-09 12:53:24,43.1298980712891,-8.46999359130859,"Unknown"
"7014851",371865,2025-08-09 12:58:23,43.1302223205566,-8.47026252746582,"Unknown"
"7014851",371865,2025-08-09 13:03:24,43.1302795410156,-8.47019290924072,"Unknown"
"7014851",371865,2025-08-09 13:08:44,43.1300354003906,-8.47000694274902,"Unknown"
"7014851",371865,2025-08-09 13:13:21,43.1301193237305,-8.47002792358398,"Unknown"
"7014851",371865,2025-08-09 13:18:21,43.1300773620605,-8.47018146514893,"Unknown"
"7014851",371865,2025-08-09 13:23:22,43.1301422119141,-8.46996307373047,"Unknown"
"7014851",371865,2025-08-09 13:28:27,43.1324348449707,-8.46994304656982,"Unknown"
"7014851",371865,2025-08-09 13:33:28,43.1325912475586,-8.46960353851318,"Unknown"
"7014851",371865,2025-08-09 13:38:27,43.1323318481445,-8.46973037719727,"Unknown"
"7014851",371865,2025-08-09 13:43:27,43.1323852539062,-8.46994209289551,"Unknown"
"7014851",371865,2025-08-09 13:48:53,43.132568359375,-8.4701452255249,"Unknown"
"7014851",371865,2025-08-09 13:53:32,43.1325302124023,-8.47013282775879,"Unknown"
"7014851",371865,2025-08-09 13:58:24,43.1324577331543,-8.47005558013916,"Unknown"
"7014851",371865,2025-08-09 14:03:28,43.1327095031738,-8.46969413757324,"Unknown"
"7014851",371865,2025-08-09 14:08:44,43.1324501037598,-8.47013759613037,"Unknown"
"7014851",371865,2025-08-09 14:13:19,43.1327857971191,-8.47002220153809,"Unknown"
"7014851",371865,2025-08-09 14:18:17,43.1324768066406,-8.47015571594238,"Unknown"
"7014851",371865,2025-08-09 14:23:17,43.1327362060547,-8.46990776062012,"Unknown"
"7014851",371865,2025-08-09 14:28:24,43.1324081420898,-8.47011566162109,"Unknown"
"7014851",371865,2025-08-09 14:33:18,43.1328811645508,-8.46979141235352,"Unknown"
"7014851",371865,2025-08-09 14:38:17,43.132755279541,-8.46976661682129,"Unknown"
"7014851",371865,2025-08-09 14:43:17,43.1327781677246,-8.46984577178955,"Unknown"
"7014851",371865,2025-08-09 14:48:44,43.1326370239258,-8.47027015686035,"Unknown"
"7014851",371865,2025-08-09 14:53:18,43.1325950622559,-8.46976852416992,"Unknown"
"7014851",371865,2025-08-09 14:58:22,43.1322402954102,-8.47021865844727,"Unknown"
"7014851",371865,2025-08-09 15:03:17,43.1321563720703,-8.47027778625488,"Unknown"
"7014851",371865,2025-08-09 15:08:20,43.1324424743652,-8.46992111206055,"Unknown"
"7014851",371865,2025-08-09 15:13:20,43.132137298584,-8.47031021118164,"Unknown"
"7014851",371865,2025-08-09 15:18:44,43.1321716308594,-8.47024154663086,"Unknown"
"7014851",371865,2025-08-09 15:23:27,43.1322021484375,-8.47021770477295,"Unknown"
"7014851",371865,2025-08-09 15:29:05,43.1321220397949,-8.47013664245605,"Unknown"
"7014851",371865,2025-08-09 15:33:17,43.1321029663086,-8.47024345397949,"Unknown"
"7014851",371865,2025-08-09 15:38:16,43.1322402954102,-8.47015285491943,"Unknown"
"7014851",371865,2025-08-09 15:43:16,43.1320266723633,-8.47032737731934,"Unknown"
"7014851",371865,2025-08-09 15:48:18,43.132251739502,-8.46983909606934,"Unknown"
"7014851",371865,2025-08-09 15:53:17,43.132266998291,-8.46994018554688,"Unknown"
"7014851",371865,2025-08-09 15:58:19,43.1325492858887,-8.46967029571533,"Unknown"
"7014851",371865,2025-08-09 16:03:18,43.1319808959961,-8.46920394897461,"Unknown"
"7014851",371865,2025-08-09 16:08:16,43.1322898864746,-8.47021007537842,"Unknown"
"7014851",371865,2025-08-09 16:13:18,43.13232421875,-8.47002696990967,"Unknown"
"7014851",371865,2025-08-09 16:18:18,43.1321868896484,-8.46942329406738,"Unknown"
"7014851",371865,2025-08-09 16:23:17,43.1322479248047,-8.47016429901123,"Unknown"
"7014851",371865,2025-08-09 16:28:21,43.1322784423828,-8.46940326690674,"Unknown"
"7014851",371865,2025-08-09 16:33:19,43.1323127746582,-8.46996879577637,"Unknown"
"7014851",371865,2025-08-09 16:38:19,43.1320533752441,-8.46824645996094,"Unknown"
"7014851",371865,2025-08-09 16:43:17,43.1323394775391,-8.46933078765869,"Unknown"
"7014851",371865,2025-08-09 16:48:18,43.1321792602539,-8.46911334991455,"Unknown"
"7014851",371865,2025-08-09 16:53:18,43.1304397583008,-8.47016334533691,"Unknown"
"7014851",371865,2025-08-09 16:58:19,43.1307067871094,-8.47000217437744,"Unknown"
"7014851",371865,2025-08-09 17:03:18,43.1304206848145,-8.47030735015869,"Unknown"
"7014851",371865,2025-08-09 17:08:17,43.1304359436035,-8.47073936462402,"Unknown"
"7014851",371865,2025-08-09 17:13:20,43.130558013916,-8.4706335067749,"Unknown"
"7014851",371865,2025-08-09 17:18:21,43.1305236816406,-8.47094917297363,"Unknown"
"7014851",371865,2025-08-09 17:23:18,43.1299667358398,-8.47041606903076,"Unknown"
"7014851",371865,2025-08-09 17:28:22,43.1304092407227,-8.47108364105225,"Unknown"
"7014851",371865,2025-08-09 17:33:17,43.1307525634766,-8.47127628326416,"Unknown"
"7014851",371865,2025-08-09 17:38:21,43.1307716369629,-8.47128486633301,"Unknown"
"7014851",371865,2025-08-09 17:43:21,43.1308250427246,-8.4713830947876,"Unknown"
"7014851",371865,2025-08-09 17:48:17,43.130672454834,-8.47110748291016,"Unknown"
"7014851",371865,2025-08-09 17:53:18,43.1306457519531,-8.471022605896,"Unknown"
"7014851",371865,2025-08-09 17:58:18,43.1306343078613,-8.4709529876709,"Unknown"
"7014851",371865,2025-08-09 18:03:22,43.1301651000977,-8.47014427185059,"Unknown"
"7014851",371865,2025-08-09 18:08:17,43.1302223205566,-8.47035694122314,"Unknown"
"7014851",371865,2025-08-09 18:13:19,43.1301651000977,-8.46995830535889,"Unknown"
"7014851",371865,2025-08-09 18:18:18,43.129940032959,-8.46954727172852,"Unknown"
"7014851",371865,2025-08-09 18:23:21,43.1300849914551,-8.4699821472168,"Unknown"
"7014851",371865,2025-08-09 18:28:24,43.1300163269043,-8.46992683410645,"Unknown"
"7014851",371865,2025-08-09 18:33:51,43.1304473876953,-8.47040843963623,"Unknown"
"7014851",371865,2025-08-09 18:38:21,43.1303405761719,-8.47053813934326,"Unknown"
"7014851",371865,2025-08-09 18:43:21,43.1354866027832,-8.4737491607666,"Unknown"
"7014851",371865,2025-08-09 18:48:21,43.1571044921875,-8.49639320373535,"Unknown"
"7014851",371865,2025-08-09 18:53:22,43.1764602661133,-8.52149868011475,"Unknown"
"7014851",371865,2025-08-09 18:58:22,43.1960983276367,-8.55948066711426,"Unknown"
"7014851",371865,2025-08-09 19:03:21,43.2168121337891,-8.60378456115723,"Unknown"
"7014851",371865,2025-08-09 19:08:21,43.2438545227051,-8.64167594909668,"Unknown"
"7014851",371865,2025-08-09 19:13:23,43.2727470397949,-8.66391086578369,"Unknown"
"7014851",371865,2025-08-09 19:18:34,43.2941970825195,-8.69918441772461,"Unknown"
"7014851",371865,2025-08-09 19:23:18,43.2951011657715,-8.70176315307617,"Unknown"
"7014851",371865,2025-08-09 19:28:19,43.298583984375,-8.71575164794922,"Unknown"
"7014851",371865,2025-08-09 19:33:25,43.2956962585449,-8.72860240936279,"Unknown"
"7014851",371865,2025-08-09 19:38:20,43.2953872680664,-8.72927856445312,"Unknown"
"7014851",371865,2025-08-09 19:43:24,43.2955627441406,-8.72961139678955,"Unknown"
"7014851",371865,2025-08-09 19:48:50,43.3006172180176,-8.73925876617432,"Unknown"
"7014851",371865,2025-08-09 19:53:42,43.3218879699707,-8.7785758972168,"Unknown"
"7014851",371865,2025-08-09 19:58:46,43.3461151123047,-8.81914710998535,"Unknown"
"7014851",371865,2025-08-09 20:03:41,43.3601493835449,-8.84682083129883,"Unknown"
"7014851",371865,2025-08-09 20:09:02,43.3576507568359,-8.84505367279053,"Unknown"
"7014851",371865,2025-08-09 20:13:39,43.3575668334961,-8.84510040283203,"Unknown"
"7014851",371865,2025-08-09 20:18:38,43.3575668334961,-8.84508037567139,"Unknown"
"7014851",371865,2025-08-09 20:23:39,43.357593536377,-8.84514236450195,"Unknown"
"7014851",371865,2025-08-09 20:28:37,43.3577194213867,-8.84517765045166,"Unknown"
"7014851",371865,2025-08-09 20:33:38,43.3575592041016,-8.84511661529541,"Unknown"
"7014851",371865,2025-08-09 20:38:38,43.3576202392578,-8.84506225585938,"Unknown"
"7014851",371865,2025-08-09 20:43:39,43.3576240539551,-8.84504985809326,"Unknown"
"7014851",371865,2025-08-09 20:48:38,43.3576393127441,-8.84507179260254,"Unknown"
"7014851",371865,2025-08-09 20:53:39,43.3575859069824,-8.84516525268555,"Unknown"
"7014851",371865,2025-08-09 20:58:38,43.357593536377,-8.8450403213501,"Unknown"
"7014851",371865,2025-08-09 21:03:38,43.3575668334961,-8.84506034851074,"Unknown"
"7014851",371865,2025-08-09 21:08:38,43.3576049804688,-8.84509563446045,"Unknown"
"7014851",371865,2025-08-09 21:13:38,43.3576126098633,-8.84509468078613,"Unknown"
"7014851",371865,2025-08-09 21:18:38,43.3575820922852,-8.84510707855225,"Unknown"
"7014851",371865,2025-08-09 21:23:38,43.3576354980469,-8.84508991241455,"Unknown"
"7014851",371865,2025-08-09 21:28:38,43.3575630187988,-8.84506130218506,"Unknown"
"7014851",371865,2025-08-09 21:33:38,43.357536315918,-8.84507942199707,"Unknown"
"7014851",371865,2025-08-09 21:38:39,43.3575096130371,-8.84505367279053,"Unknown"
"7014851",371865,2025-08-09 21:44:05,43.3576278686523,-8.84505939483643,"Unknown"
"7014851",371865,2025-08-09 21:48:38,43.3576011657715,-8.84506607055664,"Unknown"
"7014851",371865,2025-08-09 21:53:40,43.3576126098633,-8.84510135650635,"Unknown"
"7014851",371865,2025-08-09 21:58:42,43.3575210571289,-8.84523868560791,"Unknown"
"7014851",371865,2025-08-09 22:03:39,43.357666015625,-8.84504890441895,"Unknown"
"7014851",371865,2025-08-09 22:08:38,43.3578071594238,-8.84504222869873,"Unknown"
"7014851",371865,2025-08-09 22:13:38,43.3576507568359,-8.84507083892822,"Unknown"
"7014851",371865,2025-08-09 22:18:48,43.3575401306152,-8.84511756896973,"Unknown"
"7014851",371865,2025-08-09 22:23:37,43.357494354248,-8.84512710571289,"Unknown"
"7014851",371865,2025-08-09 22:28:43,43.3575439453125,-8.84514999389648,"Unknown"
"7014851",371865,2025-08-09 22:33:50,43.3574523925781,-8.84532737731934,"Unknown"
"7014851",371865,2025-08-09 22:38:49,43.3574676513672,-8.84512424468994,"Unknown"
"7014851",371865,2025-08-09 22:43:44,43.3575325012207,-8.84512615203857,"Unknown"
"7014851",371865,2025-08-09 22:48:42,43.3577613830566,-8.84512615203857,"Unknown"
"7014851",371865,2025-08-09 22:53:40,43.3577613830566,-8.84518718719482,"Unknown"
"7014851",371865,2025-08-09 22:58:38,43.3577651977539,-8.84518337249756,"Unknown"
"7014851",371865,2025-08-09 23:03:38,43.3577537536621,-8.84518337249756,"Unknown"
"7014851",371865,2025-08-09 23:08:38,43.3577079772949,-8.84521675109863,"Unknown"
"7014851",371865,2025-08-09 23:13:39,43.3577346801758,-8.8452615737915,"Unknown"
"7014851",371865,2025-08-09 23:18:52,43.357593536377,-8.84523963928223,"Unknown"
"7014851",371865,2025-08-09 23:24:04,43.357666015625,-8.84511089324951,"Unknown"
"7014851",371865,2025-08-09 23:28:54,43.3577499389648,-8.84548950195312,"Unknown"
"7014851",371865,2025-08-09 23:33:49,43.3576316833496,-8.8450984954834,"Unknown"
"7014851",371865,2025-08-09 23:38:49,43.3576202392578,-8.84499359130859,"Unknown"
"7014851",371865,2025-08-09 23:43:43,43.3576507568359,-8.8450174331665,"Unknown"
"7014851",371865,2025-08-09 23:48:40,43.3576698303223,-8.84497928619385,"Unknown"
"7014851",371865,2025-08-09 23:53:41,43.357593536377,-8.84497451782227,"Unknown"
"7014851",371865,2025-08-09 23:58:43,43.3575553894043,-8.84498023986816,"Unknown"
"7014851",371865,2025-08-10 00:03:49,43.3576316833496,-8.84505748748779,"Unknown"
"7014851",371865,2025-08-10 00:08:38,43.3576507568359,-8.84503841400146,"Unknown"
"7014851",371865,2025-08-10 00:13:49,43.3576507568359,-8.84510612487793,"Unknown"
"7014851",371865,2025-08-10 00:18:49,43.3576011657715,-8.84513378143311,"Unknown"
"7014851",371865,2025-08-10 00:23:50,43.3576278686523,-8.84511375427246,"Unknown"
"7014851",371865,2025-08-10 00:28:49,43.357593536377,-8.8450927734375,"Unknown"
"7014851",371865,2025-08-10 00:33:53,43.3574752807617,-8.84504318237305,"Unknown"
"7014851",371865,2025-08-10 00:38:49,43.3577156066895,-8.84511852264404,"Unknown"
"7014851",371865,2025-08-10 00:44:03,43.357551574707,-8.84503173828125,"Unknown"
"7014851",371865,2025-08-10 00:48:38,43.3576011657715,-8.84501838684082,"Unknown"
"7014851",371865,2025-08-10 00:53:38,43.3575897216797,-8.84506130218506,"Unknown"
"7014851",371865,2025-08-10 00:58:37,43.3575859069824,-8.84505748748779,"Unknown"
"7014851",371865,2025-08-10 01:03:37,43.3575477600098,-8.84508895874023,"Unknown"
"7014851",371865,2025-08-10 01:08:38,43.357551574707,-8.84511470794678,"Unknown"
"7014851",371865,2025-08-10 01:13:38,43.3575668334961,-8.84510040283203,"Unknown"
"7014851",371865,2025-08-10 01:18:40,43.3575477600098,-8.84511566162109,"Unknown"
"7014851",371865,2025-08-10 01:23:38,43.3575134277344,-8.84510707855225,"Unknown"
"7014851",371865,2025-08-10 01:28:38,43.357551574707,-8.84518909454346,"Unknown"
"7014851",371865,2025-08-10 01:33:40,43.3573570251465,-8.84541416168213,"Unknown"
"7014851",371865,2025-08-10 01:38:37,43.3575897216797,-8.84486484527588,"Unknown"
"7014851",371865,2025-08-10 01:43:41,43.3580436706543,-8.84450817108154,"Unknown"
"7014851",371865,2025-08-10 01:48:39,43.3574676513672,-8.84518146514893,"Unknown"
"7014851",371865,2025-08-10 01:53:37,43.357551574707,-8.84494113922119,"Unknown"
"7014851",371865,2025-08-10 01:58:39,43.3575973510742,-8.84515762329102,"Unknown"
"7014851",371865,2025-08-10 02:03:38,43.357536315918,-8.84497928619385,"Unknown"
"7014851",371865,2025-08-10 02:08:39,43.3575477600098,-8.84497356414795,"Unknown"
"7014851",371865,2025-08-10 02:13:39,43.3575592041016,-8.84506130218506,"Unknown"
"7014851",371865,2025-08-10 02:18:38,43.3575782775879,-8.845046043396,"Unknown"
"7014851",371865,2025-08-10 02:23:39,43.3575477600098,-8.84507274627686,"Unknown"
"7014851",371865,2025-08-10 02:28:40,43.3574905395508,-8.84480571746826,"Unknown"
"7014851",371865,2025-08-10 02:33:40,43.3574867248535,-8.84494304656982,"Unknown"
"7014851",371865,2025-08-10 02:38:45,43.357536315918,-8.84512519836426,"Unknown"
"7014851",371865,2025-08-10 02:43:39,43.3576622009277,-8.84518146514893,"Unknown"
"7014851",371865,2025-08-10 02:48:38,43.3576126098633,-8.84488964080811,"Unknown"
"7014851",371865,2025-08-10 02:53:40,43.3576393127441,-8.84512329101562,"Unknown"
"7014851",371865,2025-08-10 02:58:41,43.3580513000488,-8.84524631500244,"Unknown"
"7014851",371865,2025-08-10 03:03:38,43.3581199645996,-8.84479808807373,"Unknown"
"7014851",371865,2025-08-10 03:08:45,43.3578186035156,-8.84522151947021,"Unknown"
"7014851",371865,2025-08-10 03:13:40,43.3579254150391,-8.8452730178833,"Unknown"
"7014851",371865,2025-08-10 03:18:38,43.3581809997559,-8.84517955780029,"Unknown"
"7014851",371865,2025-08-10 03:23:38,43.3576507568359,-8.84535598754883,"Unknown"
"7014851",371865,2025-08-10 03:28:38,43.3578109741211,-8.84528350830078,"Unknown"
"7014851",371865,2025-08-10 03:33:37,43.357666015625,-8.84522724151611,"Unknown"
"7014851",371865,2025-08-10 03:38:39,43.3581161499023,-8.84523391723633,"Unknown"
"7014851",371865,2025-08-10 03:43:37,43.3579330444336,-8.8455867767334,"Unknown"
"7014851",371865,2025-08-10 03:48:38,43.3576927185059,-8.84498596191406,"Unknown"
"7014851",371865,2025-08-10 03:53:38,43.3578147888184,-8.84519863128662,"Unknown"
"7014851",371865,2025-08-10 03:58:37,43.357551574707,-8.84521961212158,"Unknown"
"7014851",371865,2025-08-10 04:03:40,43.3575668334961,-8.84489822387695,"Unknown"
"7014851",371865,2025-08-10 04:08:41,43.3570327758789,-8.84674739837646,"Unknown"
"7014851",371865,2025-08-10 04:13:39,43.3579177856445,-8.84513282775879,"Unknown"
"7014851",371865,2025-08-10 04:18:37,43.3579521179199,-8.84518241882324,"Unknown"
"7014851",371865,2025-08-10 04:23:38,43.3580055236816,-8.84537506103516,"Unknown"
"7014851",371865,2025-08-10 04:28:39,43.3578720092773,-8.8452730178833,"Unknown"
"7014851",371865,2025-08-10 04:33:39,43.3579711914062,-8.84525394439697,"Unknown"
"7014851",371865,2025-08-10 04:38:40,43.3578681945801,-8.84509563446045,"Unknown"
"7014851",371865,2025-08-10 04:43:43,43.357738494873,-8.84486865997314,"Unknown"
"7014851",371865,2025-08-10 04:48:42,43.3580665588379,-8.84558010101318,"Unknown"
"7014851",371865,2025-08-10 04:53:53,43.3577919006348,-8.84466934204102,"Unknown"
"7014851",371865,2025-08-10 04:58:40,43.3576927185059,-8.84511375427246,"Unknown"
"7014851",371865,2025-08-10 05:03:46,43.3575134277344,-8.84503841400146,"Unknown"
"7014851",371865,2025-08-10 05:09:05,43.3573989868164,-8.84530544281006,"Unknown"
"7014851",371865,2025-08-10 05:13:36,43.3573455810547,-8.84506511688232,"Unknown"
"7014851",371865,2025-08-10 05:18:36,43.3573226928711,-8.84510135650635,"Unknown"
"7014851",371865,2025-08-10 05:23:38,43.3576622009277,-8.84642028808594,"Unknown"
"7014851",371865,2025-08-10 05:28:38,43.3568878173828,-8.84498596191406,"Unknown"
"7014851",371865,2025-08-10 05:33:38,43.3577537536621,-8.84591674804688,"Unknown"
"7014851",371865,2025-08-10 05:38:37,43.3576583862305,-8.84570121765137,"Unknown"
"7014851",371865,2025-08-10 05:43:37,43.3578948974609,-8.85079479217529,"Unknown"
"7014851",371865,2025-08-10 05:48:36,43.358211517334,-8.84547996520996,"Unknown"
"7014851",371865,2025-08-10 05:53:37,43.3576278686523,-8.84493350982666,"Unknown"
"7014851",371865,2025-08-10 05:58:37,43.3577690124512,-8.84490489959717,"Unknown"
"7014851",371865,2025-08-10 06:03:37,43.3576431274414,-8.84493160247803,"Unknown"
"7014851",371865,2025-08-10 06:08:37,43.3576889038086,-8.84507751464844,"Unknown"
"7014851",371865,2025-08-10 06:13:37,43.3576774597168,-8.84508800506592,"Unknown"
"7014851",371865,2025-08-10 06:18:36,43.3577270507812,-8.84505367279053,"Unknown"
"7014851",371865,2025-08-10 06:23:37,43.3576583862305,-8.84504318237305,"Unknown"
"7014851",371865,2025-08-10 06:28:37,43.3574638366699,-8.8449649810791,"Unknown"
"7014851",371865,2025-08-10 06:33:37,43.3575325012207,-8.84505176544189,"Unknown"
"7014851",371865,2025-08-10 06:38:38,43.357364654541,-8.84506893157959,"Unknown"
"7014851",371865,2025-08-10 06:43:37,43.3574333190918,-8.84529209136963,"Unknown"
"7014851",371865,2025-08-10 06:48:37,43.3573112487793,-8.84508419036865,"Unknown"
"7014851",371865,2025-08-10 06:53:41,43.3574523925781,-8.84502506256104,"Unknown"
"7014851",371865,2025-08-10 06:58:37,43.3573760986328,-8.84520244598389,"Unknown"
"7014851",371865,2025-08-10 07:03:38,43.3571548461914,-8.84581661224365,"Unknown"
"7014851",371865,2025-08-10 07:08:38,43.3573608398438,-8.84525966644287,"Unknown"
"7014851",371865,2025-08-10 07:13:37,43.3573570251465,-8.84554481506348,"Unknown"
"7014851",371865,2025-08-10 07:18:37,43.3574180603027,-8.8456392288208,"Unknown"
"7014851",371865,2025-08-10 07:23:37,43.3574752807617,-8.84468650817871,"Unknown"
"7014851",371865,2025-08-10 07:28:37,43.3576278686523,-8.84493541717529,"Unknown"
"7014851",371865,2025-08-10 07:33:40,43.3574485778809,-8.84455108642578,"Unknown"
"7014851",371865,2025-08-10 07:38:37,43.3576126098633,-8.84473991394043,"Unknown"
"7014851",371865,2025-08-10 07:43:37,43.3576240539551,-8.84470081329346,"Unknown"
"7014851",371865,2025-08-10 07:48:38,43.3577461242676,-8.84446239471436,"Unknown"
"7014851",371865,2025-08-10 07:53:37,43.3577003479004,-8.84460830688477,"Unknown"
"7014851",371865,2025-08-10 07:58:37,43.3576316833496,-8.84481430053711,"Unknown"
"7014851",371865,2025-08-10 08:03:37,43.3576622009277,-8.84480953216553,"Unknown"
"7014851",371865,2025-08-10 08:08:37,43.357738494873,-8.84469509124756,"Unknown"
"7014851",371865,2025-08-10 08:13:38,43.3576812744141,-8.84470653533936,"Unknown"
"7014851",371865,2025-08-10 08:18:37,43.3576736450195,-8.84485626220703,"Unknown"
"7014851",371865,2025-08-10 08:23:37,43.3577117919922,-8.8447732925415,"Unknown"
"7014851",371865,2025-08-10 08:28:37,43.3576965332031,-8.84487533569336,"Unknown"
"7014851",371865,2025-08-10 08:33:37,43.3576889038086,-8.84493255615234,"Unknown"
"7014851",371865,2025-08-10 08:38:37,43.3578109741211,-8.84502601623535,"Unknown"
"7014851",371865,2025-08-10 08:43:37,43.3577194213867,-8.84501838684082,"Unknown"
"7014851",371865,2025-08-10 08:48:37,43.3577270507812,-8.84505462646484,"Unknown"
"7014851",371865,2025-08-10 08:53:37,43.3576507568359,-8.84506893157959,"Unknown"
"7014851",371865,2025-08-10 08:58:37,43.3575859069824,-8.84502506256104,"Unknown"
"7014851",371865,2025-08-10 09:03:37,43.3577194213867,-8.84508895874023,"Unknown"
"7014851",371865,2025-08-10 09:08:38,43.3574523925781,-8.84509086608887,"Unknown"
"7014851",371865,2025-08-10 09:13:38,43.3586235046387,-8.84517669677734,"Unknown"
"7014851",371865,2025-08-10 09:18:38,43.3571815490723,-8.84535884857178,"Unknown"
"7014851",371865,2025-08-10 09:23:38,43.357048034668,-8.84550762176514,"Unknown"
"7014851",371865,2025-08-10 09:28:39,43.356258392334,-8.84521770477295,"Unknown"
"7014851",371865,2025-08-10 09:33:39,43.3572807312012,-8.84541416168213,"Unknown"
"7014851",371865,2025-08-10 09:38:39,43.3572731018066,-8.84540939331055,"Unknown"
"7014851",371865,2025-08-10 09:44:05,43.357421875,-8.84494686126709,"Unknown"
"7014851",371865,2025-08-10 09:48:37,43.3572769165039,-8.84542465209961,"Unknown"
"7014851",371865,2025-08-10 09:53:38,43.3575134277344,-8.8451681137085,"Unknown"
"7014851",371865,2025-08-10 09:58:36,43.3574905395508,-8.84519958496094,"Unknown"
"7014851",371865,2025-08-10 10:03:36,43.3573875427246,-8.84540557861328,"Unknown"
"7014851",371865,2025-08-10 10:08:36,43.3574752807617,-8.84523582458496,"Unknown"
"7014851",371865,2025-08-10 10:13:36,43.3574142456055,-8.84509658813477,"Unknown"
"7014851",371865,2025-08-10 10:18:36,43.3575630187988,-8.84537887573242,"Unknown"
"7014851",371865,2025-08-10 10:23:37,43.3575325012207,-8.84495544433594,"Unknown"
"7014851",371865,2025-08-10 10:28:36,43.3575592041016,-8.84494972229004,"Unknown"
"7014851",371865,2025-08-10 10:33:37,43.357536315918,-8.84498596191406,"Unknown"
"7014851",371865,2025-08-10 10:38:36,43.3575782775879,-8.84493160247803,"Unknown"
"7014851",371865,2025-08-10 10:43:38,43.3575706481934,-8.84505748748779,"Unknown"
"7014851",371865,2025-08-10 10:48:37,43.3575744628906,-8.84500694274902,"Unknown"
"7014851",371865,2025-08-10 10:53:38,43.3574905395508,-8.84524822235107,"Unknown"
"7014851",371865,2025-08-10 10:58:40,43.357234954834,-8.8450288772583,"Unknown"
"7014851",371865,2025-08-10 11:03:40,43.357234954834,-8.84491729736328,"Unknown"
"7014851",371865,2025-08-10 11:08:40,43.3569030761719,-8.84526824951172,"Unknown"
"7014851",371865,2025-08-10 11:13:40,43.3571662902832,-8.8448314666748,"Unknown"
"7014851",371865,2025-08-10 11:18:40,43.3571891784668,-8.84485530853271,"Unknown"
"7014851",371865,2025-08-10 11:23:40,43.3570899963379,-8.84473514556885,"Unknown"
"7014851",371865,2025-08-10 11:28:40,43.3570747375488,-8.84494113922119,"Unknown"
"7014851",371865,2025-08-10 11:33:40,43.3592300415039,-8.84709644317627,"Unknown"
"7014851",371865,2025-08-10 11:38:41,43.3569564819336,-8.84471797943115,"Unknown"
"7014851",371865,2025-08-10 11:43:41,43.3569145202637,-8.84450054168701,"Unknown"
"7014851",371865,2025-08-10 11:48:40,43.3583450317383,-8.84587860107422,"Unknown"
"7014851",371865,2025-08-10 11:53:41,43.3605194091797,-8.8469705581665,"Unknown"
"7014851",371865,2025-08-10 11:58:38,43.3578414916992,-8.84502506256104,"Unknown"
"7014851",371865,2025-08-10 12:03:37,43.3578872680664,-8.84538173675537,"Unknown"
"7014851",371865,2025-08-10 12:08:39,43.3578147888184,-8.84543132781982,"Unknown"
"7014851",371865,2025-08-10 12:13:38,43.3578758239746,-8.84539318084717,"Unknown"
"7014851",371865,2025-08-10 12:18:38,43.3577461242676,-8.84474945068359,"Unknown"
"7014851",371865,2025-08-10 12:23:41,43.3578948974609,-8.8453254699707,"Unknown"
"7014851",371865,2025-08-10 12:28:41,43.3577499389648,-8.8452262878418,"Unknown"
"7014851",371865,2025-08-10 12:33:44,43.3577575683594,-8.84525012969971,"Unknown"
"7014851",371865,2025-08-10 12:38:41,43.3576850891113,-8.84513473510742,"Unknown"
"7014851",371865,2025-08-10 12:43:42,43.3577117919922,-8.84520435333252,"Unknown"
"7014851",371865,2025-08-10 12:48:41,43.3580169677734,-8.84536838531494,"Unknown"
"7014851",371865,2025-08-10 12:53:42,43.3577842712402,-8.84558391571045,"Unknown"
"7014851",371865,2025-08-10 12:58:43,43.3578300476074,-8.84558582305908,"Unknown"
"7014851",371865,2025-08-10 13:03:42,43.3581428527832,-8.84504222869873,"Unknown"
"7014851",371865,2025-08-10 13:08:40,43.3579139709473,-8.84522151947021,"Unknown"
"7014851",371865,2025-08-10 13:13:44,43.3577156066895,-8.84526920318604,"Unknown"
"7014851",371865,2025-08-10 13:18:41,43.3578491210938,-8.84542274475098,"Unknown"
"7014851",371865,2025-08-10 13:23:43,43.3580513000488,-8.8449878692627,"Unknown"
"7014851",371865,2025-08-10 13:28:59,43.3581695556641,-8.84481620788574,"Unknown"
"7014851",371865,2025-08-10 13:33:40,43.3579177856445,-8.84511089324951,"Unknown"
"7014851",371865,2025-08-10 13:38:43,43.3572769165039,-8.84627056121826,"Unknown"
"7014851",371865,2025-08-10 13:43:47,43.3577537536621,-8.845627784729,"Unknown"
"7014851",371865,2025-08-10 13:48:38,43.3577423095703,-8.84580039978027,"Unknown"
"7014851",371865,2025-08-10 13:53:39,43.358226776123,-8.84575271606445,"Unknown"
"7014851",371865,2025-08-10 13:58:50,43.3582534790039,-8.8460578918457,"Unknown"
"7014851",371865,2025-08-10 14:04:05,43.3579139709473,-8.84599018096924,"Unknown"
"7014851",371865,2025-08-10 14:08:43,43.3580665588379,-8.84562873840332,"Unknown"
"7014851",371865,2025-08-10 14:13:53,43.3579635620117,-8.84604263305664,"Unknown"
"7014851",371865,2025-08-10 14:20:01,43.3577690124512,-8.84585285186768,"Unknown"
"7014851",371865,2025-08-10 14:24:29,43.3577995300293,-8.84578895568848,"Unknown"
"7014851",371865,2025-08-10 14:28:42,43.3579902648926,-8.84595584869385,"Unknown"
"7014851",371865,2025-08-10 14:33:39,43.3574523925781,-8.84422302246094,"Unknown"
"7014851",371865,2025-08-10 14:38:43,43.3578567504883,-8.84517288208008,"Unknown"
"7014851",371865,2025-08-10 14:43:39,43.3574333190918,-8.84446048736572,"Unknown"
"7014851",371865,2025-08-10 14:48:41,43.3578147888184,-8.84533882141113,"Unknown"
"7014851",371865,2025-08-10 14:53:40,43.3580589294434,-8.84597110748291,"Unknown"
"7014851",371865,2025-08-10 14:58:44,43.3579216003418,-8.84537792205811,"Unknown"
"7014851",371865,2025-08-10 15:03:40,43.3579521179199,-8.84540939331055,"Unknown"
"7014851",371865,2025-08-10 15:08:39,43.35791015625,-8.84531784057617,"Unknown"
"7014851",371865,2025-08-10 15:13:39,43.3578987121582,-8.84535789489746,"Unknown"
"7014851",371865,2025-08-10 15:18:39,43.3579292297363,-8.84535884857178,"Unknown"
"7014851",371865,2025-08-10 15:23:39,43.357982635498,-8.84549713134766,"Unknown"
"7014851",371865,2025-08-10 15:28:39,43.3579254150391,-8.84534645080566,"Unknown"
"7014851",371865,2025-08-10 15:33:38,43.3588562011719,-8.84649562835693,"Unknown"
"7014851",371865,2025-08-10 15:38:38,43.358039855957,-8.84512138366699,"Unknown"
"7014851",371865,2025-08-10 15:43:39,43.3577919006348,-8.84502410888672,"Unknown"
"7014851",371865,2025-08-10 15:48:39,43.3580284118652,-8.84531307220459,"Unknown"
"7014851",371865,2025-08-10 15:53:38,43.3579521179199,-8.84530353546143,"Unknown"
"7014851",371865,2025-08-10 15:58:39,43.3579750061035,-8.84537315368652,"Unknown"
"7014851",371865,2025-08-10 16:03:39,43.3577346801758,-8.84471416473389,"Unknown"
"7014851",371865,2025-08-10 16:08:39,43.3574676513672,-8.84547424316406,"Unknown"
"7014851",371865,2025-08-10 16:13:38,43.3579483032227,-8.84524536132812,"Unknown"
"7014851",371865,2025-08-10 16:18:38,43.357780456543,-8.84510135650635,"Unknown"
"7014851",371865,2025-08-10 16:23:38,43.3578186035156,-8.8452091217041,"Unknown"
"7014851",371865,2025-08-10 16:28:38,43.357666015625,-8.84543800354004,"Unknown"
"7014851",371865,2025-08-10 16:33:40,43.3576278686523,-8.84549236297607,"Unknown"
"7014851",371865,2025-08-10 16:38:48,43.3573913574219,-8.84488010406494,"Unknown"
"7014851",371865,2025-08-10 16:43:40,43.3576850891113,-8.84554290771484,"Unknown"
"7014851",371865,2025-08-10 16:48:39,43.3575782775879,-8.84517765045166,"Unknown"
"7014851",371865,2025-08-10 16:53:39,43.3577117919922,-8.84541416168213,"Unknown"
"7014851",371865,2025-08-10 16:58:40,43.3575859069824,-8.84532165527344,"Unknown"
"7014851",371865,2025-08-10 17:03:39,43.357593536377,-8.84524440765381,"Unknown"
"7014851",371865,2025-08-10 17:08:39,43.357593536377,-8.84531307220459,"Unknown"
"7014851",371865,2025-08-10 17:13:39,43.3575401306152,-8.84514617919922,"Unknown"
"7014851",371865,2025-08-10 17:18:39,43.3576011657715,-8.84523010253906,"Unknown"
"7014851",371865,2025-08-10 17:23:39,43.3576927185059,-8.84556007385254,"Unknown"
"7014851",371865,2025-08-10 17:28:39,43.3574981689453,-8.8451681137085,"Unknown"
"7014851",371865,2025-08-10 17:33:39,43.3573684692383,-8.84478664398193,"Unknown"
"7014851",371865,2025-08-10 17:38:41,43.3575668334961,-8.84537887573242,"Unknown"
"7014851",371865,2025-08-10 17:43:41,43.3576316833496,-8.84553909301758,"Unknown"
"7014851",371865,2025-08-10 17:48:41,43.3573951721191,-8.84488964080811,"Unknown"
"7014851",371865,2025-08-10 17:53:41,43.3573188781738,-8.84493446350098,"Unknown"
"7014851",371865,2025-08-10 17:58:40,43.3571395874023,-8.84477615356445,"Unknown"
"7014851",371865,2025-08-10 18:03:41,43.3564987182617,-8.84445190429688,"Unknown"
"7014851",371865,2025-08-10 18:08:39,43.3572006225586,-8.84484672546387,"Unknown"
"7014851",371865,2025-08-10 18:13:41,43.3576431274414,-8.84442901611328,"Unknown"
"7014851",371865,2025-08-10 18:18:39,43.3579444885254,-8.84569835662842,"Unknown"
"7014851",371865,2025-08-10 18:23:39,43.3577499389648,-8.84468078613281,"Unknown"
"7014851",371865,2025-08-10 18:28:41,43.3580093383789,-8.84489822387695,"Unknown"
"7014851",371865,2025-08-10 18:33:40,43.3573265075684,-8.84459114074707,"Unknown"
"7014851",371865,2025-08-10 18:38:40,43.3579521179199,-8.84485244750977,"Unknown"
"7014851",371865,2025-08-10 18:43:41,43.3566360473633,-8.84403324127197,"Unknown"
"7014851",371865,2025-08-10 18:48:38,43.3574905395508,-8.8443546295166,"Unknown"
"7014851",371865,2025-08-10 18:53:39,43.3576736450195,-8.84461784362793,"Unknown"
"7014851",371865,2025-08-10 18:58:42,43.3579864501953,-8.84458065032959,"Unknown"
"7014851",371865,2025-08-10 19:03:38,43.3580131530762,-8.84468746185303,"Unknown"
"7014851",371865,2025-08-10 19:08:39,43.3580780029297,-8.8445405960083,"Unknown"
"7014851",371865,2025-08-10 19:13:41,43.3577461242676,-8.84429740905762,"Unknown"
"7014851",371865,2025-08-10 19:18:39,43.357494354248,-8.84475421905518,"Unknown"
"7014851",371865,2025-08-10 19:23:38,43.3585815429688,-8.85013008117676,"Unknown"
"7014851",371865,2025-08-10 19:28:39,43.3415260314941,-8.89668655395508,"Unknown"
"7014851",371865,2025-08-10 19:33:39,43.3236541748047,-8.90566921234131,"Unknown"
"7014851",371865,2025-08-10 19:38:38,43.3238258361816,-8.90745449066162,"Unknown"
"7014851",371865,2025-08-10 19:43:39,43.3228874206543,-8.90728855133057,"Unknown"
"7014851",371865,2025-08-10 19:48:38,43.3252716064453,-8.9189567565918,"Unknown"
"7014851",371865,2025-08-10 19:53:39,43.3155555725098,-8.93535423278809,"Unknown"
"7014851",371865,2025-08-10 19:58:40,43.315673828125,-8.93705368041992,"Unknown"
"7014851",371865,2025-08-10 20:03:39,43.3117866516113,-8.94502258300781,"Unknown"
"7014851",371865,2025-08-10 20:08:38,43.3010025024414,-8.97949123382568,"Unknown"
"7014851",371865,2025-08-10 20:13:38,43.2796287536621,-9.0206937789917,"Unknown"
"7014851",371865,2025-08-10 20:18:38,43.2638702392578,-9.00046253204346,"Unknown"
"7014851",371865,2025-08-10 20:23:39,43.2679214477539,-8.99539566040039,"Unknown"
"7014851",371865,2025-08-10 20:28:39,43.2708625793457,-9.00808238983154,"Unknown"
"7014851",371865,2025-08-10 20:33:39,43.2707366943359,-9.00853824615479,"Unknown"
"7014851",371865,2025-08-10 20:38:39,43.2706871032715,-9.00747871398926,"Unknown"
"7014851",371865,2025-08-10 20:43:40,43.270336151123,-9.00880241394043,"Unknown"
"7014851",371865,2025-08-10 20:48:42,43.2700538635254,-9.00980377197266,"Unknown"
"7014851",371865,2025-08-10 20:53:41,43.2694778442383,-9.00929355621338,"Unknown"
"7014851",371865,2025-08-10 20:58:38,43.2688484191895,-9.00854301452637,"Unknown"
"7014851",371865,2025-08-10 21:03:39,43.2886657714844,-8.99271774291992,"Unknown"
"7014851",371865,2025-08-10 21:08:39,43.3064308166504,-8.96075820922852,"Unknown"
"7014851",371865,2025-08-10 21:13:39,43.3189926147461,-8.92907047271729,"Unknown"
"7014851",371865,2025-08-10 21:18:39,43.3325424194336,-8.89900779724121,"Unknown"
"7014851",371865,2025-08-10 21:23:39,43.3392486572266,-8.88639545440674,"Unknown"
"7014851",371865,2025-08-10 21:28:38,43.3567352294922,-8.85230350494385,"Unknown"
"7014851",371865,2025-08-10 21:33:45,43.3585777282715,-8.84471988677979,"Unknown"
"7014851",371865,2025-08-10 21:38:45,43.3582458496094,-8.84481525421143,"Unknown"
"7014851",371865,2025-08-10 21:43:45,43.3580284118652,-8.84468173980713,"Unknown"
"7014851",371865,2025-08-10 21:48:41,43.3587989807129,-8.84325504302979,"Unknown"
"7014851",371865,2025-08-10 21:53:46,43.3579978942871,-8.84484004974365,"Unknown"
"7014851",371865,2025-08-10 21:58:41,43.3577766418457,-8.84487342834473,"Unknown"
"7014851",371865,2025-08-10 22:03:42,43.3569488525391,-8.84643745422363,"Unknown"
"7014851",371865,2025-08-10 22:08:45,43.3576011657715,-8.8451976776123,"Unknown"
"7014851",371865,2025-08-10 22:13:40,43.3573455810547,-8.84579849243164,"Unknown"
"7014851",371865,2025-08-10 22:18:48,43.3576545715332,-8.84505653381348,"Unknown"
"7014851",371865,2025-08-10 22:23:43,43.3576736450195,-8.84509754180908,"Unknown"
"7014851",371865,2025-08-10 22:28:39,43.357349395752,-8.84570026397705,"Unknown"
"7014851",371865,2025-08-10 22:33:39,43.3574523925781,-8.84565448760986,"Unknown"
"7014851",371865,2025-08-10 22:38:39,43.3574409484863,-8.84558391571045,"Unknown"
"7014851",371865,2025-08-10 22:43:40,43.3574676513672,-8.84561252593994,"Unknown"
"7014851",371865,2025-08-10 22:48:48,43.3575401306152,-8.84520053863525,"Unknown"
"7014851",371865,2025-08-10 22:53:50,43.358325958252,-8.84625244140625,"Unknown"
"7014851",371865,2025-08-10 22:58:39,43.3589515686035,-8.84591770172119,"Unknown"
"7014851",371865,2025-08-10 23:03:40,43.3589210510254,-8.84594631195068,"Unknown"
"7014851",371865,2025-08-10 23:08:40,43.3576927185059,-8.84557914733887,"Unknown"
"7014851",371865,2025-08-10 23:13:56,43.3580589294434,-8.84288787841797,"Unknown"
"7014851",371865,2025-08-10 23:18:52,43.3588676452637,-8.84462261199951,"Unknown"
"7014851",371865,2025-08-10 23:23:41,43.3579063415527,-8.84265518188477,"Unknown"
"7014851",371865,2025-08-10 23:28:48,43.3591117858887,-8.84453201293945,"Unknown"
"7014851",371865,2025-08-10 23:33:41,43.3578796386719,-8.84297561645508,"Unknown"
"7014851",371865,2025-08-10 23:38:41,43.3685493469238,-8.85496807098389,"Unknown"
"7014851",371865,2025-08-10 23:43:45,43.3594856262207,-8.8445987701416,"Unknown"
"7014851",371865,2025-08-10 23:48:40,43.3595428466797,-8.84696388244629,"Unknown"
"7014851",371865,2025-08-10 23:53:41,43.367733001709,-8.83600044250488,"Unknown"
"7014851",371865,2025-08-10 23:58:45,43.3578605651855,-8.84539604187012,"Unknown"
"7014851",371865,2025-08-11 00:03:39,43.360897064209,-8.84686183929443,"Unknown"
"7014851",371865,2025-08-11 00:08:42,43.3604164123535,-8.84671497344971,"Unknown"
"7014851",371865,2025-08-11 00:13:40,43.3606033325195,-8.84676170349121,"Unknown"
"7014851",371865,2025-08-11 00:18:39,43.3607482910156,-8.84691047668457,"Unknown"
"7014851",371865,2025-08-11 00:23:41,43.3609237670898,-8.84699630737305,"Unknown"
"7014851",371865,2025-08-11 00:28:41,43.3610076904297,-8.84704494476318,"Unknown"
"7014851",371865,2025-08-11 00:33:41,43.3610000610352,-8.84737205505371,"Unknown"
"7014851",371865,2025-08-11 00:38:46,43.3579864501953,-8.84519958496094,"Unknown"
"7014851",371865,2025-08-11 00:43:46,43.3597793579102,-8.8475227355957,"Unknown"
"7014851",371865,2025-08-11 00:48:44,43.355655670166,-8.84928798675537,"Unknown"
"7014851",371865,2025-08-11 00:53:42,43.3595123291016,-8.84613800048828,"Unknown"
"7014851",371865,2025-08-11 00:58:46,43.3573608398438,-8.84706687927246,"Unknown"
"7014851",371865,2025-08-11 01:03:46,43.358024597168,-8.84624004364014,"Unknown"
"7014851",371865,2025-08-11 01:08:40,43.3544120788574,-8.84945106506348,"Unknown"
"7014851",371865,2025-08-11 01:13:44,43.357738494873,-8.84524726867676,"Unknown"
"7014851",371865,2025-08-11 01:18:42,43.3591651916504,-8.84677600860596,"Unknown"
"7014851",371865,2025-08-11 01:23:41,43.355884552002,-8.84811019897461,"Unknown"
"7014851",371865,2025-08-11 01:28:41,43.3577880859375,-8.84553241729736,"Unknown"
"7014851",371865,2025-08-11 01:33:39,43.3564529418945,-8.84757328033447,"Unknown"
"7014851",371865,2025-08-11 01:38:39,43.3564338684082,-8.84751033782959,"Unknown"
"7014851",371865,2025-08-11 01:43:41,43.3624420166016,-8.84704303741455,"Unknown"
"7014851",371865,2025-08-11 01:48:38,43.3566513061523,-8.84732055664062,"Unknown"
"7014851",371865,2025-08-11 01:53:38,43.3567008972168,-8.84721851348877,"Unknown"
"7014851",371865,2025-08-11 01:58:39,43.3569755554199,-8.84738349914551,"Unknown"
"7014851",371865,2025-08-11 02:03:40,43.3581962585449,-8.84732913970947,"Unknown"
"7014851",371865,2025-08-11 02:08:40,43.3569107055664,-8.84699058532715,"Unknown"
"7014851",371865,2025-08-11 02:13:49,43.3577575683594,-8.84518337249756,"Unknown"
"7014851",371865,2025-08-11 02:18:39,43.3578948974609,-8.84545707702637,"Unknown"
"7014851",371865,2025-08-11 02:23:40,43.3567085266113,-8.84644889831543,"Unknown"
"7014851",371865,2025-08-11 02:28:43,43.3575592041016,-8.84507083892822,"Unknown"
"7014851",371865,2025-08-11 02:33:39,43.3570861816406,-8.84661769866943,"Unknown"
"7014851",371865,2025-08-11 02:38:39,43.3576698303223,-8.84516334533691,"Unknown"
"7014851",371865,2025-08-11 02:43:42,43.3565292358398,-8.84541320800781,"Unknown"
"7014851",371865,2025-08-11 02:48:41,43.3568496704102,-8.84575653076172,"Unknown"
"7014851",371865,2025-08-11 02:53:43,43.3577003479004,-8.84520816802979,"Unknown"
"7014851",371865,2025-08-11 02:58:45,43.3546524047852,-8.84517574310303,"Unknown"
"7014851",371865,2025-08-11 03:03:40,43.3565330505371,-8.84566497802734,"Unknown"
"7014851",371865,2025-08-11 03:08:40,43.3565559387207,-8.84563064575195,"Unknown"
"7014851",371865,2025-08-11 03:13:39,43.3567008972168,-8.84562015533447,"Unknown"
"7014851",371865,2025-08-11 03:18:39,43.3565788269043,-8.84556579589844,"Unknown"
"7014851",371865,2025-08-11 03:23:38,43.3566436767578,-8.84557819366455,"Unknown"
"7014851",371865,2025-08-11 03:28:38,43.3566665649414,-8.84555530548096,"Unknown"
"7014851",371865,2025-08-11 03:33:38,43.3567199707031,-8.84553241729736,"Unknown"
"7014851",371865,2025-08-11 03:38:39,43.3567581176758,-8.84550952911377,"Unknown"
"7014851",371865,2025-08-11 03:43:42,43.3566970825195,-8.8455924987793,"Unknown"
"7014851",371865,2025-08-11 03:48:40,43.3569564819336,-8.8460054397583,"Unknown"
"7014851",371865,2025-08-11 03:53:41,43.3570327758789,-8.84644317626953,"Unknown"
"7014851",371865,2025-08-11 03:58:39,43.3570442199707,-8.84540748596191,"Unknown"
"7014851",371865,2025-08-11 04:03:39,43.3569641113281,-8.84563827514648,"Unknown"
"7014851",371865,2025-08-11 04:08:40,43.3568801879883,-8.84538269042969,"Unknown"
"7014851",371865,2025-08-11 04:13:39,43.3568725585938,-8.84554100036621,"Unknown"
"7014851",371865,2025-08-11 04:18:40,43.3572387695312,-8.84495067596436,"Unknown"
"7014851",371865,2025-08-11 04:23:40,43.3572616577148,-8.84462070465088,"Unknown"
"7014851",371865,2025-08-11 04:28:42,43.357349395752,-8.84465980529785,"Unknown"
"7014851",371865,2025-08-11 04:33:43,43.3573722839355,-8.84436988830566,"Unknown"
"7014851",371865,2025-08-11 04:38:41,43.3570098876953,-8.84481143951416,"Unknown"
"7014851",371865,2025-08-11 04:43:40,43.3573722839355,-8.8442268371582,"Unknown"
"7014851",371865,2025-08-11 04:48:40,43.3574180603027,-8.84405994415283,"Unknown"
"7014851",371865,2025-08-11 04:53:41,43.3574371337891,-8.84396457672119,"Unknown"
"7014851",371865,2025-08-11 04:58:41,43.357364654541,-8.84430885314941,"Unknown"
"7014851",371865,2025-08-11 05:03:46,43.357479095459,-8.84459590911865,"Unknown"
"7014851",371865,2025-08-11 05:08:39,43.3576316833496,-8.84445285797119,"Unknown"
"7014851",371865,2025-08-11 05:13:40,43.3573303222656,-8.84409523010254,"Unknown"
"7014851",371865,2025-08-11 05:18:40,43.3575592041016,-8.84405708312988,"Unknown"
"7014851",371865,2025-08-11 05:23:39,43.3572845458984,-8.84393501281738,"Unknown"
"7014851",371865,2025-08-11 05:28:41,43.357349395752,-8.84417724609375,"Unknown"
"7014851",371865,2025-08-11 05:33:39,43.3573913574219,-8.84431266784668,"Unknown"
"7014851",371865,2025-08-11 05:38:40,43.3573570251465,-8.8438835144043,"Unknown"
"7014851",371865,2025-08-11 05:43:40,43.3572616577148,-8.84387874603271,"Unknown"
"7014851",371865,2025-08-11 05:48:41,43.3579711914062,-8.84566879272461,"Unknown"
"7014851",371865,2025-08-11 05:53:40,43.3579711914062,-8.8456449508667,"Unknown"
"7014851",371865,2025-08-11 05:58:41,43.3577461242676,-8.84455108642578,"Unknown"
"7014851",371865,2025-08-11 06:03:42,43.3579025268555,-8.84536647796631,"Unknown"
"7014851",371865,2025-08-11 06:08:40,43.3579406738281,-8.84567832946777,"Unknown"
"7014851",371865,2025-08-11 06:13:41,43.3580017089844,-8.8455982208252,"Unknown"
"7014851",371865,2025-08-11 06:18:42,43.3580703735352,-8.84552097320557,"Unknown"
"7014851",371865,2025-08-11 06:23:39,43.361083984375,-8.84453201293945,"Unknown"
"7014851",371865,2025-08-11 06:28:48,43.3574638366699,-8.84530544281006,"Unknown"
"7014851",371865,2025-08-11 06:33:40,43.3563652038574,-8.84544086456299,"Unknown"
"7014851",371865,2025-08-11 06:38:43,43.3573951721191,-8.8451976776123,"Unknown"
"7014851",371865,2025-08-11 06:43:48,43.3579864501953,-8.8454418182373,"Unknown"
"7014851",371865,2025-08-11 06:48:47,43.3577117919922,-8.84527778625488,"Unknown"
"7014851",371865,2025-08-11 06:53:44,43.3578948974609,-8.84546756744385,"Unknown"
"7014851",371865,2025-08-11 06:58:47,43.3578910827637,-8.84543037414551,"Unknown"
"7014851",371865,2025-08-11 07:03:59,43.3578491210938,-8.84446144104004,"Unknown"
"7014851",371865,2025-08-11 07:08:47,43.3578872680664,-8.84479427337646,"Unknown"
"7014851",371865,2025-08-11 07:13:56,43.3580055236816,-8.84449481964111,"Unknown"
"7014851",371865,2025-08-11 07:18:42,43.3342590332031,-8.82557392120361,"Unknown"
"7014851",371865,2025-08-11 07:23:39,43.3265342712402,-8.81281280517578,"Unknown"
"7014851",371865,2025-08-11 07:28:40,43.3087463378906,-8.77268314361572,"Unknown"
"7014851",371865,2025-08-11 07:33:39,43.2999725341797,-8.7364444732666,"Unknown"
"7014851",371865,2025-08-11 07:38:39,43.2916526794434,-8.70430278778076,"Unknown"
"7014851",371865,2025-08-11 07:43:43,43.2917251586914,-8.69678688049316,"Unknown"
"7014851",371865,2025-08-11 07:48:41,43.2917289733887,-8.69730377197266,"Unknown"
"7014851",371865,2025-08-11 07:53:50,43.2921409606934,-8.6965389251709,"Unknown"
"7014851",371865,2025-08-11 07:58:48,43.2922172546387,-8.69643497467041,"Unknown"
"7014851",371865,2025-08-11 08:03:54,43.2923240661621,-8.69626522064209,"Unknown"
"7014851",371865,2025-08-11 08:09:05,43.2921524047852,-8.69665145874023,"Unknown"
"7014851",371865,2025-08-11 08:13:38,43.2934646606445,-8.69285011291504,"Unknown"
"7014851",371865,2025-08-11 08:18:41,43.2972602844238,-8.66682720184326,"Unknown"
"7014851",371865,2025-08-11 08:23:42,43.2971229553223,-8.66690158843994,"Unknown"
"7014851",371865,2025-08-11 08:28:40,43.2972221374512,-8.66677188873291,"Unknown"
"7014851",371865,2025-08-11 08:33:37,43.2972717285156,-8.66678524017334,"Unknown"
"7014851",371865,2025-08-11 08:38:37,43.2972640991211,-8.66674613952637,"Unknown"
"7014851",371865,2025-08-11 08:43:37,43.2972183227539,-8.66674327850342,"Unknown"
"7014851",371865,2025-08-11 08:48:38,43.2964324951172,-8.66718673706055,"Unknown"
"7014851",371865,2025-08-11 08:53:38,43.2973251342773,-8.66655158996582,"Unknown"
"7014851",371865,2025-08-11 08:58:37,43.2972755432129,-8.66670227050781,"Unknown"
"7014851",371865,2025-08-11 09:03:37,43.2935676574707,-8.66205787658691,"Unknown"
"7014851",371865,2025-08-11 09:08:39,43.2775382995605,-8.63117408752441,"Unknown"
"7014851",371865,2025-08-11 09:13:37,43.2535667419434,-8.60522556304932,"Unknown"
"7014851",371865,2025-08-11 09:18:37,43.2302742004395,-8.58939933776855,"Unknown"
"7014851",371865,2025-08-11 09:23:37,43.2132568359375,-8.57999801635742,"Unknown"
"7014851",371865,2025-08-11 09:28:39,43.1924781799316,-8.56591701507568,"Unknown"
"7014851",371865,2025-08-11 09:33:38,43.174186706543,-8.56004619598389,"Unknown"
"7014851",371865,2025-08-11 09:38:38,43.1539306640625,-8.54149532318115,"Unknown"
"7014851",371865,2025-08-11 09:43:40,43.1347465515137,-8.52571678161621,"Unknown"
"7014851",371865,2025-08-11 09:48:39,43.1288909912109,-8.49697303771973,"Unknown"
"7014851",371865,2025-08-11 09:53:40,43.1305694580078,-8.47096347808838,"Unknown"
"7014851",371865,2025-08-11 09:58:40,43.1302375793457,-8.47102165222168,"Unknown"
"7014851",371865,2025-08-11 10:03:41,43.1322937011719,-8.4706335067749,"Unknown"
"7014851",371865,2025-08-11 10:08:42,43.1304206848145,-8.47103309631348,"Unknown"
"7014851",371865,2025-08-11 10:13:55,43.130184173584,-8.47090816497803,"Unknown"
"7014851",371865,2025-08-11 10:18:37,43.130729675293,-8.47092914581299,"Unknown"
"7014851",371865,2025-08-11 10:23:57,43.1304969787598,-8.47094249725342,"Unknown"
"7014851",371865,2025-08-11 10:28:39,43.1305160522461,-8.47056007385254,"Unknown"
"7014851",371865,2025-08-11 10:33:57,43.1303558349609,-8.47077178955078,"Unknown"
"7014851",371865,2025-08-11 10:38:39,43.1305503845215,-8.47080898284912,"Unknown"
"7014851",371865,2025-08-11 10:43:46,43.1314125061035,-8.47073078155518,"Unknown"
"7014851",371865,2025-08-11 10:49:05,43.1304626464844,-8.47082710266113,"Unknown"
"7014851",371865,2025-08-11 10:53:39,43.1302146911621,-8.47078895568848,"Unknown"
"7014851",371865,2025-08-11 10:58:38,43.1300659179688,-8.47076034545898,"Unknown"
"7014851",371865,2025-08-11 11:03:41,43.1302070617676,-8.47053813934326,"Unknown"
"7014851",371865,2025-08-11 11:08:41,43.1301155090332,-8.47052097320557,"Unknown"
"7014851",371865,2025-08-11 11:13:37,43.1305046081543,-8.47092437744141,"Unknown"
"7014851",371865,2025-08-11 11:18:38,43.1305618286133,-8.47085571289062,"Unknown"
"7014851",371865,2025-08-11 11:23:38,43.1140632629395,-8.48036003112793,"Unknown"
"7014851",371865,2025-08-11 11:28:37,43.0998611450195,-8.49348735809326,"Unknown"
"7014851",371865,2025-08-11 11:33:41,43.0999031066895,-8.49355697631836,"Unknown"
"7014851",371865,2025-08-11 11:38:43,43.099739074707,-8.49290657043457,"Unknown"
"7014851",371865,2025-08-11 11:43:39,43.0999069213867,-8.49322032928467,"Unknown"
"7014851",371865,2025-08-11 11:48:38,43.0999145507812,-8.49313449859619,"Unknown"
"7014851",371865,2025-08-11 11:53:41,43.100040435791,-8.49292087554932,"Unknown"
"7014851",371865,2025-08-11 11:58:40,43.0996589660645,-8.49248886108398,"Unknown"
"7014851",371865,2025-08-11 12:03:38,43.0997467041016,-8.4925594329834,"Unknown"
"7014851",371865,2025-08-11 12:08:41,43.0996894836426,-8.4922981262207,"Unknown"
"7014851",371865,2025-08-11 12:13:39,43.0997200012207,-8.49219226837158,"Unknown"
"7014851",371865,2025-08-11 12:18:40,43.0996551513672,-8.49215698242188,"Unknown"
"7014851",371865,2025-08-11 12:23:38,43.0995101928711,-8.49214839935303,"Unknown"
"7014851",371865,2025-08-11 12:28:38,43.099292755127,-8.49202442169189,"Unknown"
"7014851",371865,2025-08-11 12:33:40,43.0991020202637,-8.49195289611816,"Unknown"
"7014851",371865,2025-08-11 12:38:39,43.0989761352539,-8.4918794631958,"Unknown"
"7014851",371865,2025-08-11 12:43:42,43.0989990234375,-8.49195861816406,"Unknown"
"7014851",371865,2025-08-11 12:48:42,43.0990562438965,-8.49253559112549,"Unknown"
"7014851",371865,2025-08-11 12:53:41,43.0991249084473,-8.49281311035156,"Unknown"
"7014851",371865,2025-08-11 12:58:42,43.0997619628906,-8.49391460418701,"Unknown"
"7014851",371865,2025-08-11 13:03:49,43.0992660522461,-8.49300098419189,"Unknown"
"7014851",371865,2025-08-11 13:08:41,43.099063873291,-8.49338912963867,"Unknown"
"7014851",371865,2025-08-11 13:13:48,43.0997772216797,-8.49426746368408,"Unknown"
"7014851",371865,2025-08-11 13:18:48,43.0998687744141,-8.49460792541504,"Unknown"
"7014851",371865,2025-08-11 13:23:48,43.0998611450195,-8.49426364898682,"Unknown"
"7014851",371865,2025-08-11 13:28:48,43.0997924804688,-8.49410724639893,"Unknown"
"7014851",371865,2025-08-11 13:33:51,43.1102256774902,-8.49172210693359,"Unknown"
"7014851",371865,2025-08-11 13:39:04,43.1298828125,-8.4700174331665,"Unknown"
"7014851",371865,2025-08-11 13:43:38,43.1299934387207,-8.4698543548584,"Unknown"
"7014851",371865,2025-08-11 13:48:45,43.1297340393066,-8.47006225585938,"Unknown"
"7014851",371865,2025-08-11 13:53:38,43.1300239562988,-8.46976184844971,"Unknown"
"7014851",371865,2025-08-11 13:58:39,43.1301956176758,-8.46940231323242,"Unknown"
"7014851",371865,2025-08-11 14:03:40,43.1303482055664,-8.46919441223145,"Unknown"
"7014851",371865,2025-08-11 14:08:42,43.129695892334,-8.47014617919922,"Unknown"
"7014851",371865,2025-08-11 14:13:48,43.1297645568848,-8.47012805938721,"Unknown"
"7014851",371865,2025-08-11 14:18:38,43.1297492980957,-8.47018051147461,"Unknown"
"7014851",371865,2025-08-11 14:23:48,43.1297340393066,-8.47011184692383,"Unknown"
"7014851",371865,2025-08-11 14:28:39,43.1297988891602,-8.47005844116211,"Unknown"
"7014851",371865,2025-08-11 14:33:41,43.1301498413086,-8.46959114074707,"Unknown"
"7014851",371865,2025-08-11 14:38:42,43.129264831543,-8.46994590759277,"Unknown"
"7014851",371865,2025-08-11 14:43:41,43.1301651000977,-8.46960544586182,"Unknown"
"7014851",371865,2025-08-11 14:48:45,43.1298942565918,-8.47015190124512,"Unknown"
"7014851",371865,2025-08-11 14:54:14,43.1298675537109,-8.47005462646484,"Unknown"
"7014851",371865,2025-08-11 14:58:38,43.1298904418945,-8.46977233886719,"Unknown"
"7014851",371865,2025-08-11 15:03:39,43.1298141479492,-8.47009468078613,"Unknown"
"7014851",371865,2025-08-11 15:08:38,43.1295356750488,-8.47062015533447,"Unknown"
"7014851",371865,2025-08-11 15:13:41,43.1296463012695,-8.47005939483643,"Unknown"
"7014851",371865,2025-08-11 15:18:38,43.1297607421875,-8.4705057144165,"Unknown"
"7014851",371865,2025-08-11 15:23:40,43.1297416687012,-8.47048950195312,"Unknown"
"7014851",371865,2025-08-11 15:28:39,43.1286773681641,-8.46931743621826,"Unknown"
"7014851",371865,2025-08-11 15:33:43,43.1294631958008,-8.47027015686035,"Unknown"
"7014851",371865,2025-08-11 15:38:43,43.1298141479492,-8.47005558013916,"Unknown"
"7014851",371865,2025-08-11 15:43:38,43.1298828125,-8.47041988372803,"Unknown"
"7014851",371865,2025-08-11 15:48:45,43.1296119689941,-8.47031116485596,"Unknown"
"7014851",371865,2025-08-11 15:53:41,43.1295928955078,-8.47021865844727,"Unknown"
"7014851",371865,2025-08-11 15:58:48,43.1296730041504,-8.47023391723633,"Unknown"
"7014851",371865,2025-08-11 16:03:40,43.1296119689941,-8.4699649810791,"Unknown"
"7014851",371865,2025-08-11 16:08:48,43.129695892334,-8.47042274475098,"Unknown"
"7014851",371865,2025-08-11 16:13:49,43.1297302246094,-8.47030258178711,"Unknown"
"7014851",371865,2025-08-11 16:19:04,43.1297302246094,-8.47024154663086,"Unknown"
"7014851",371865,2025-08-11 16:23:41,43.129768371582,-8.47027111053467,"Unknown"
"7014851",371865,2025-08-11 16:28:43,43.1297264099121,-8.47010707855225,"Unknown"
"7014851",371865,2025-08-11 16:33:37,43.1297836303711,-8.47000980377197,"Unknown"
"7014851",371865,2025-08-11 16:38:41,43.130558013916,-8.47087383270264,"Unknown"
"7014851",371865,2025-08-11 16:43:38,43.1301956176758,-8.4703950881958,"Unknown"
"7014851",371865,2025-08-11 16:48:39,43.1302375793457,-8.4699182510376,"Unknown"
"7014851",371865,2025-08-11 16:53:39,43.130199432373,-8.47012805938721,"Unknown"
"7014851",371865,2025-08-11 16:58:38,43.1302490234375,-8.47000217437744,"Unknown"
"7014851",371865,2025-08-11 17:03:51,43.1302261352539,-8.46998023986816,"Unknown"
"7014851",371865,2025-08-11 17:08:40,43.1301727294922,-8.46982955932617,"Unknown"
"7014851",371865,2025-08-11 17:13:39,43.1301879882812,-8.4698314666748,"Unknown"
"7014851",371865,2025-08-11 17:18:53,43.1302299499512,-8.47008419036865,"Unknown"
"7014851",371865,2025-08-11 17:23:48,43.130184173584,-8.47021484375,"Unknown"
"7014851",371865,2025-08-11 17:28:46,43.1300659179688,-8.47018146514893,"Unknown"
"7014851",371865,2025-08-11 17:33:42,43.1302452087402,-8.47035312652588,"Unknown"
"7014851",371865,2025-08-11 17:38:42,43.130256652832,-8.47036647796631,"Unknown"
"7014851",371865,2025-08-11 17:44:01,43.1300086975098,-8.47021293640137,"Unknown"
"7014851",371865,2025-08-11 17:48:40,43.1316184997559,-8.46912479400635,"Unknown"
"7014851",371865,2025-08-11 17:53:48,43.132640838623,-8.47007083892822,"Unknown"
"7014851",371865,2025-08-11 17:58:45,43.1325874328613,-8.46987247467041,"Unknown"
"7014851",371865,2025-08-11 18:03:40,43.1323280334473,-8.46963119506836,"Unknown"
"7014851",371865,2025-08-11 18:08:48,43.1324462890625,-8.4699125289917,"Unknown"
"7014851",371865,2025-08-11 18:13:37,43.1323127746582,-8.46990585327148,"Unknown"
"7014851",371865,2025-08-11 18:18:50,43.1321601867676,-8.46967220306396,"Unknown"
"7014851",371865,2025-08-11 18:23:40,43.1322708129883,-8.46997165679932,"Unknown"
"7014851",371865,2025-08-11 18:28:48,43.1321792602539,-8.46968460083008,"Unknown"
"7014851",371865,2025-08-11 18:33:46,43.1301765441895,-8.47031593322754,"Unknown"
"7014851",371865,2025-08-11 18:38:40,43.1299781799316,-8.47007942199707,"Unknown"
"7014851",371865,2025-08-11 18:43:43,43.1299858093262,-8.47009563446045,"Unknown"
"7014851",371865,2025-08-11 18:48:47,43.1300315856934,-8.47024250030518,"Unknown"
"7014851",371865,2025-08-11 18:53:48,43.1306762695312,-8.47104740142822,"Unknown"
"7014851",371865,2025-08-11 18:58:43,43.13037109375,-8.47093868255615,"Unknown"
"7014851",371865,2025-08-11 19:03:41,43.1305694580078,-8.47079181671143,"Unknown"
"7014851",371865,2025-08-11 19:08:50,43.130542755127,-8.47090911865234,"Unknown"
"7014851",371865,2025-08-11 19:13:45,43.130672454834,-8.47079086303711,"Unknown"
"7014851",371865,2025-08-11 19:18:38,43.1518440246582,-8.49005508422852,"Unknown"
"7014851",371865,2025-08-11 19:24:05,43.1758766174316,-8.51283359527588,"Unknown"
"7014851",371865,2025-08-11 19:28:38,43.1916046142578,-8.54313850402832,"Unknown"
"7014851",371865,2025-08-11 19:33:38,43.2097282409668,-8.57931995391846,"Unknown"
"7014851",371865,2025-08-11 19:38:38,43.2357406616211,-8.61453056335449,"Unknown"
"7014851",371865,2025-08-11 19:43:38,43.2611694335938,-8.64741897583008,"Unknown"
"7014851",371865,2025-08-11 19:48:38,43.2838935852051,-8.67784786224365,"Unknown"
"7014851",371865,2025-08-11 19:53:39,43.2851791381836,-8.69862937927246,"Unknown"
"7014851",371865,2025-08-11 19:58:38,43.2981758117676,-8.73685646057129,"Unknown"
"7014851",371865,2025-08-11 20:03:38,43.3171272277832,-8.76876831054688,"Unknown"
"7014851",371865,2025-08-11 20:08:38,43.3394508361816,-8.80436515808105,"Unknown"
"7014851",371865,2025-08-11 20:13:38,43.3566932678223,-8.84164428710938,"Unknown"
"7014851",371865,2025-08-11 20:18:38,43.3573989868164,-8.84494209289551,"Unknown"
"7014851",371865,2025-08-11 20:23:38,43.357593536377,-8.84506320953369,"Unknown"
"7014851",371865,2025-08-11 20:28:38,43.3576812744141,-8.8451976776123,"Unknown"
"7014851",371865,2025-08-11 20:33:38,43.3574829101562,-8.84497737884521,"Unknown"
"7014851",371865,2025-08-11 20:38:41,43.3581008911133,-8.84507942199707,"Unknown"
"7014851",371865,2025-08-11 20:43:40,43.3575820922852,-8.84497451782227,"Unknown"
"7014851",371865,2025-08-11 20:48:39,43.3575553894043,-8.84502506256104,"Unknown"
"7014851",371865,2025-08-11 20:53:42,43.357723236084,-8.8450345993042,"Unknown"
"7014851",371865,2025-08-11 20:58:39,43.3575782775879,-8.84518146514893,"Unknown"
"7014851",371865,2025-08-11 21:03:42,43.3574829101562,-8.84514141082764,"Unknown"
"7014851",371865,2025-08-11 21:08:40,43.3576164245605,-8.84510707855225,"Unknown"
"7014851",371865,2025-08-11 21:13:39,43.3577117919922,-8.84508609771729,"Unknown"
"7014851",371865,2025-08-11 21:18:41,43.3576850891113,-8.84530735015869,"Unknown"
"7014851",371865,2025-08-11 21:23:41,43.3576698303223,-8.84523010253906,"Unknown"
"7014851",371865,2025-08-11 21:28:45,43.3576812744141,-8.84501647949219,"Unknown"
"7014851",371865,2025-08-11 21:34:05,43.3576431274414,-8.84497928619385,"Unknown"
"7014851",371865,2025-08-11 21:38:38,43.3576850891113,-8.84487247467041,"Unknown"
"7014851",371865,2025-08-11 21:43:38,43.3576240539551,-8.84499454498291,"Unknown"
"7014851",371865,2025-08-11 21:48:39,43.3576469421387,-8.84504318237305,"Unknown"
"7014851",371865,2025-08-11 21:53:38,43.3563613891602,-8.8432035446167,"Unknown"
"7014851",371865,2025-08-11 21:58:37,43.357666015625,-8.84501457214355,"Unknown"
"7014851",371865,2025-08-11 22:03:37,43.3576126098633,-8.84503555297852,"Unknown"
"7014851",371865,2025-08-11 22:08:37,43.3575897216797,-8.84495735168457,"Unknown"
"7014851",371865,2025-08-11 22:13:37,43.3575897216797,-8.84504508972168,"Unknown"
"7014851",371865,2025-08-11 22:18:37,43.3576049804688,-8.84505558013916,"Unknown"
"7014851",371865,2025-08-11 22:23:37,43.3575553894043,-8.84506130218506,"Unknown"
"7014851",371865,2025-08-11 22:28:38,43.3576354980469,-8.84498310089111,"Unknown"
"7014851",371865,2025-08-11 22:33:37,43.3576011657715,-8.84499359130859,"Unknown"
"7014851",371865,2025-08-11 22:38:38,43.3576240539551,-8.84501457214355,"Unknown"
"7014851",371865,2025-08-11 22:43:39,43.3576164245605,-8.84501075744629,"Unknown"
"7014851",371865,2025-08-11 22:48:38,43.3576431274414,-8.84511566162109,"Unknown"
"7014851",371865,2025-08-11 22:53:38,43.3575859069824,-8.8450927734375,"Unknown"
"7014851",371865,2025-08-11 22:58:37,43.3575973510742,-8.84506893157959,"Unknown"
"7014851",371865,2025-08-11 23:03:38,43.3576164245605,-8.84497833251953,"Unknown"
"7014851",371865,2025-08-11 23:08:39,43.3575744628906,-8.84506225585938,"Unknown"
"7014851",371865,2025-08-11 23:13:37,43.3576049804688,-8.84504508972168,"Unknown"
"7014851",371865,2025-08-11 23:18:41,43.3576316833496,-8.84504985809326,"Unknown"
"7014851",371865,2025-08-11 23:23:42,43.3576202392578,-8.84503269195557,"Unknown"
"7014851",371865,2025-08-11 23:28:45,43.3575973510742,-8.84501361846924,"Unknown"
"7014851",371865,2025-08-11 23:33:41,43.3576240539551,-8.84497833251953,"Unknown"
"7014851",371865,2025-08-11 23:38:41,43.3576278686523,-8.84499549865723,"Unknown"
"7014851",371865,2025-08-11 23:43:39,43.3575897216797,-8.84504508972168,"Unknown"
"7014851",371865,2025-08-11 23:48:41,43.357608795166,-8.84481811523438,"Unknown"
"7014851",371865,2025-08-11 23:53:38,43.3577728271484,-8.84514713287354,"Unknown"
"7014851",371865,2025-08-11 23:59:45,43.3578987121582,-8.8455638885498,"Unknown"
"7014851",371865,2025-08-12 00:03:37,43.3591156005859,-8.84611129760742,"Unknown"
"7014851",371865,2025-08-12 00:08:38,43.3578796386719,-8.84482860565186,"Unknown"
"7014851",371865,2025-08-12 00:13:38,43.3578147888184,-8.84452056884766,"Unknown"
"7014851",371865,2025-08-12 00:18:41,43.3576240539551,-8.84512042999268,"Unknown"
"7014851",371865,2025-08-12 00:23:38,43.357666015625,-8.84513664245605,"Unknown"
"7014851",371865,2025-08-12 00:28:37,43.3576507568359,-8.84509086608887,"Unknown"
"7014851",371865,2025-08-12 00:33:38,43.3580894470215,-8.84553909301758,"Unknown"
"7014851",371865,2025-08-12 00:38:36,43.3583679199219,-8.84598636627197,"Unknown"
"7014851",371865,2025-08-12 00:43:38,43.357852935791,-8.84542751312256,"Unknown"
"7014851",371865,2025-08-12 00:48:38,43.3578033447266,-8.84541511535645,"Unknown"
"7014851",371865,2025-08-12 00:53:38,43.3579597473145,-8.84562397003174,"Unknown"
"7014851",371865,2025-08-12 00:58:41,43.3576583862305,-8.8452320098877,"Unknown"
"7014851",371865,2025-08-12 01:03:41,43.3576049804688,-8.84520626068115,"Unknown"
"7014851",371865,2025-08-12 01:08:40,43.3576507568359,-8.84514617919922,"Unknown"
"7014851",371865,2025-08-12 01:13:42,43.3576202392578,-8.84509181976318,"Unknown"
"7014851",371865,2025-08-12 01:18:42,43.3575820922852,-8.84506225585938,"Unknown"
"7014851",371865,2025-08-12 01:23:38,43.3575630187988,-8.84509658813477,"Unknown"
"7014851",371865,2025-08-12 01:28:38,43.3575859069824,-8.84514904022217,"Unknown"
"7014851",371865,2025-08-12 01:33:46,43.3575134277344,-8.84511280059814,"Unknown"
"7014851",371865,2025-08-12 01:38:38,43.357536315918,-8.84513759613037,"Unknown"
"7014851",371865,2025-08-12 01:43:38,43.3576316833496,-8.84506511688232,"Unknown"
"7014851",371865,2025-08-12 01:48:39,43.3577156066895,-8.84517574310303,"Unknown"
"7014851",371865,2025-08-12 01:53:40,43.3576164245605,-8.8450403213501,"Unknown"
"7014851",371865,2025-08-12 01:58:41,43.3572959899902,-8.84514331817627,"Unknown"
"7014851",371865,2025-08-12 02:03:41,43.3570976257324,-8.84524726867676,"Unknown"
"7014851",371865,2025-08-12 02:08:42,43.3571434020996,-8.84528350830078,"Unknown"
"7014851",371865,2025-08-12 02:13:41,43.3571891784668,-8.84521102905273,"Unknown"
"7014851",371865,2025-08-12 02:18:43,43.3571891784668,-8.84519481658936,"Unknown"
"7014851",371865,2025-08-12 02:23:51,43.357494354248,-8.84506130218506,"Unknown"
"7014851",371865,2025-08-12 02:28:43,43.3573760986328,-8.84517478942871,"Unknown"
"7014851",371865,2025-08-12 02:33:41,43.3572654724121,-8.8452320098877,"Unknown"
"7014851",371865,2025-08-12 02:38:54,43.3575897216797,-8.84497833251953,"Unknown"
"7014851",371865,2025-08-12 02:43:49,43.3575248718262,-8.84531116485596,"Unknown"
"7014851",371865,2025-08-12 02:48:59,43.3575592041016,-8.8449010848999,"Unknown"
"7014851",371865,2025-08-12 02:54:02,43.357666015625,-8.84497928619385,"Unknown"
"7014851",371865,2025-08-12 02:58:38,43.357780456543,-8.84499263763428,"Unknown"
"7014851",371865,2025-08-12 03:03:39,43.3575859069824,-8.84492206573486,"Unknown"
"7014851",371865,2025-08-12 03:08:39,43.3575248718262,-8.84521484375,"Unknown"
"7014851",371865,2025-08-12 03:13:40,43.3581085205078,-8.84522247314453,"Unknown"
"7014851",371865,2025-08-12 03:18:42,43.3580360412598,-8.84518146514893,"Unknown"
"7014851",371865,2025-08-12 03:23:55,43.3580551147461,-8.84483337402344,"Unknown"
"7014851",371865,2025-08-12 03:29:04,43.357795715332,-8.84500122070312,"Unknown"
"7014851",371865,2025-08-12 03:33:37,43.3577995300293,-8.84490013122559,"Unknown"
"7014851",371865,2025-08-12 03:38:40,43.357852935791,-8.84489059448242,"Unknown"
"7014851",371865,2025-08-12 03:43:37,43.357795715332,-8.84489822387695,"Unknown"
"7014851",371865,2025-08-12 03:48:36,43.3576774597168,-8.84493827819824,"Unknown"
"7014851",371865,2025-08-12 03:53:39,43.3577270507812,-8.84496784210205,"Unknown"
"7014851",371865,2025-08-12 03:58:38,43.3581428527832,-8.84468650817871,"Unknown"
"7014851",371865,2025-08-12 04:03:37,43.3575096130371,-8.84507369995117,"Unknown"
"7014851",371865,2025-08-12 04:08:39,43.3575248718262,-8.84512996673584,"Unknown"
"7014851",371865,2025-08-12 04:13:38,43.3574829101562,-8.84516525268555,"Unknown"
"7014851",371865,2025-08-12 04:18:39,43.357551574707,-8.8451099395752,"Unknown"
"7014851",371865,2025-08-12 04:23:38,43.3575592041016,-8.84509944915771,"Unknown"
"7014851",371865,2025-08-12 04:28:39,43.3575820922852,-8.84507179260254,"Unknown"
"7014851",371865,2025-08-12 04:33:42,43.3571891784668,-8.8453540802002,"Unknown"
"7014851",371865,2025-08-12 04:38:39,43.3572463989258,-8.84524154663086,"Unknown"
"7014851",371865,2025-08-12 04:43:37,43.3575744628906,-8.84513187408447,"Unknown"
"7014851",371865,2025-08-12 04:48:38,43.357666015625,-8.84460926055908,"Unknown"
"7014851",371865,2025-08-12 04:53:37,43.3575973510742,-8.84507179260254,"Unknown"
"7014851",371865,2025-08-12 04:58:37,43.3575706481934,-8.84506416320801,"Unknown"
"7014851",371865,2025-08-12 05:03:38,43.3573379516602,-8.84513282775879,"Unknown"
"7014851",371865,2025-08-12 05:08:38,43.3575439453125,-8.8449535369873,"Unknown"
"7014851",371865,2025-08-12 05:13:38,43.3573875427246,-8.84500217437744,"Unknown"
"7014851",371865,2025-08-12 05:18:40,43.3576316833496,-8.84521579742432,"Unknown"
"7014851",371865,2025-08-12 05:23:39,43.3576622009277,-8.8452615737915,"Unknown"
"7014851",371865,2025-08-12 05:28:39,43.3576278686523,-8.84523487091064,"Unknown"
"7014851",371865,2025-08-12 05:33:43,43.3575592041016,-8.8452730178833,"Unknown"
"7014851",371865,2025-08-12 05:38:46,43.357551574707,-8.84541606903076,"Unknown"
"7014851",371865,2025-08-12 05:43:38,43.3573417663574,-8.84505748748779,"Unknown"
"7014851",371865,2025-08-12 05:48:38,43.3576622009277,-8.84536266326904,"Unknown"
"7014851",371865,2025-08-12 05:53:37,43.3577728271484,-8.84530448913574,"Unknown"
"7014851",371865,2025-08-12 05:58:42,43.357666015625,-8.84528160095215,"Unknown"
"7014851",371865,2025-08-12 06:03:43,43.3575019836426,-8.84510803222656,"Unknown"
"7014851",371865,2025-08-12 06:08:45,43.3575401306152,-8.84502124786377,"Unknown"
"7014851",371865,2025-08-12 06:13:43,43.3577270507812,-8.84500885009766,"Unknown"
"7014851",371865,2025-08-12 06:24:35,43.3576469421387,-8.8466854095459,"Unknown"
"7014851",371865,2025-08-12 06:28:37,43.3578796386719,-8.84511089324951,"Unknown"
"7014851",371865,2025-08-12 06:33:38,43.3576889038086,-8.84515762329102,"Unknown"
"7014851",371865,2025-08-12 06:38:38,43.3577194213867,-8.84514427185059,"Unknown"
"7014851",371865,2025-08-12 06:43:38,43.3576049804688,-8.84511852264404,"Unknown"
"7014851",371865,2025-08-12 06:48:39,43.3576393127441,-8.845290184021,"Unknown"
"7014851",371865,2025-08-12 06:53:40,43.3576736450195,-8.8452262878418,"Unknown"
"7014851",371865,2025-08-12 06:58:38,43.3576278686523,-8.84513473510742,"Unknown"
"7014851",371865,2025-08-12 07:03:47,43.3574256896973,-8.84518718719482,"Unknown"
"7014851",371865,2025-08-12 07:08:42,43.3574409484863,-8.84507751464844,"Unknown"
"7014851",371865,2025-08-12 07:13:50,43.3574333190918,-8.84501075744629,"Unknown"
"7014851",371865,2025-08-12 07:18:42,43.3576126098633,-8.84530067443848,"Unknown"
"7014851",371865,2025-08-12 07:23:42,43.3576316833496,-8.84544658660889,"Unknown"
"7014851",371865,2025-08-12 07:28:46,43.3574600219727,-8.84528732299805,"Unknown"
"7014851",371865,2025-08-12 07:33:53,43.3577041625977,-8.84468269348145,"Unknown"
"7014851",371865,2025-08-12 07:38:41,43.3576278686523,-8.84540748596191,"Unknown"
"7014851",371865,2025-08-12 07:44:03,43.3576469421387,-8.84500694274902,"Unknown"
"7014851",371865,2025-08-12 07:48:40,43.3576698303223,-8.84431934356689,"Unknown"
"7014851",371865,2025-08-12 07:53:46,43.3575019836426,-8.84486293792725,"Unknown"
"7014851",371865,2025-08-12 07:58:39,43.3574447631836,-8.8450756072998,"Unknown"
"7014851",371865,2025-08-12 08:03:38,43.3575859069824,-8.84469032287598,"Unknown"
"7014851",371865,2025-08-12 08:09:14,43.3575096130371,-8.84512996673584,"Unknown"
"7014851",371865,2025-08-12 08:13:37,43.3572120666504,-8.84514999389648,"Unknown"
"7014851",371865,2025-08-12 08:18:37,43.3572769165039,-8.84501838684082,"Unknown"
"7014851",371865,2025-08-12 08:23:39,43.357536315918,-8.84509372711182,"Unknown"
"7014851",371865,2025-08-12 08:28:39,43.3573265075684,-8.84515285491943,"Unknown"
"7014851",371865,2025-08-12 08:33:38,43.3574829101562,-8.84491157531738,"Unknown"
"7014851",371865,2025-08-12 08:38:38,43.3575630187988,-8.84534931182861,"Unknown"
"7014851",371865,2025-08-12 08:43:38,43.3574295043945,-8.84500980377197,"Unknown"
"7014851",371865,2025-08-12 08:48:37,43.3573608398438,-8.84508514404297,"Unknown"
"7014851",371865,2025-08-12 08:54:05,43.3574752807617,-8.84511756896973,"Unknown"
"7014851",371865,2025-08-12 08:58:37,43.3574142456055,-8.84496116638184,"Unknown"
"7014851",371865,2025-08-12 09:03:37,43.3574714660645,-8.84506511688232,"Unknown"
"7014851",371865,2025-08-12 09:08:37,43.3573570251465,-8.84609317779541,"Unknown"
"7014851",371865,2025-08-12 09:13:37,43.3575286865234,-8.84487819671631,"Unknown"
"7014851",371865,2025-08-12 09:18:37,43.3574638366699,-8.84492969512939,"Unknown"
"7014851",371865,2025-08-12 09:23:41,43.3575477600098,-8.84514999389648,"Unknown"
"7014851",371865,2025-08-12 09:28:37,43.3575057983398,-8.84511756896973,"Unknown"
"7014851",371865,2025-08-12 09:33:37,43.3574180603027,-8.84501647949219,"Unknown"
"7014851",371865,2025-08-12 09:38:37,43.3573722839355,-8.84501266479492,"Unknown"
"7014851",371865,2025-08-12 09:43:38,43.3573532104492,-8.84481525421143,"Unknown"
"7014851",371865,2025-08-12 09:48:37,43.3573417663574,-8.84504508972168,"Unknown"
"7014851",371865,2025-08-12 09:53:39,43.3574142456055,-8.84494400024414,"Unknown"
"7014851",371865,2025-08-12 09:58:37,43.357177734375,-8.84465789794922,"Unknown"
"7014851",371865,2025-08-12 10:03:37,43.3575172424316,-8.84521102905273,"Unknown"
"7014851",371865,2025-08-12 10:08:38,43.3573150634766,-8.84521293640137,"Unknown"
"7014851",371865,2025-08-12 10:13:37,43.3572883605957,-8.84511947631836,"Unknown"
"7014851",371865,2025-08-12 10:18:37,43.3572769165039,-8.84506988525391,"Unknown"
"7014851",371865,2025-08-12 10:23:37,43.3572235107422,-8.84502506256104,"Unknown"
"7014851",371865,2025-08-12 10:28:37,43.3572196960449,-8.84500694274902,"Unknown"
"7014851",371865,2025-08-12 10:33:37,43.357234954834,-8.84496974945068,"Unknown"
"7014851",371865,2025-08-12 10:38:38,43.35693359375,-8.84502029418945,"Unknown"
"7014851",371865,2025-08-12 10:43:38,43.3573036193848,-8.8448371887207,"Unknown"
"7014851",371865,2025-08-12 10:48:37,43.3573188781738,-8.84489345550537,"Unknown"
"7014851",371865,2025-08-12 10:53:37,43.3573684692383,-8.84479904174805,"Unknown"
"7014851",371865,2025-08-12 10:58:37,43.3572807312012,-8.84475135803223,"Unknown"
"7014851",371865,2025-08-12 11:03:37,43.3574523925781,-8.84475326538086,"Unknown"
"7014851",371865,2025-08-12 11:08:40,43.3572273254395,-8.84476757049561,"Unknown"
"7014851",371865,2025-08-12 11:13:37,43.357349395752,-8.84481716156006,"Unknown"
"7014851",371865,2025-08-12 11:18:37,43.357250213623,-8.84472560882568,"Unknown"
"7014851",371865,2025-08-12 11:23:37,43.3573913574219,-8.84480285644531,"Unknown"
"7014851",371865,2025-08-12 11:28:37,43.3572196960449,-8.84464836120605,"Unknown"
"7014851",371865,2025-08-12 11:33:37,43.3572387695312,-8.84464073181152,"Unknown"
"7014851",371865,2025-08-12 11:38:47,43.3570594787598,-8.84449577331543,"Unknown"
"7014851",371865,2025-08-12 11:44:05,43.3575325012207,-8.84496307373047,"Unknown"
"7014851",371865,2025-08-12 11:48:38,43.3575134277344,-8.84509181976318,"Unknown"
"7014851",371865,2025-08-12 11:53:39,43.3575096130371,-8.84505939483643,"Unknown"
"7014851",371865,2025-08-12 11:58:39,43.3575096130371,-8.84499073028564,"Unknown"
"7014851",371865,2025-08-12 12:03:42,43.3577690124512,-8.84523105621338,"Unknown"
"7014851",371865,2025-08-12 12:08:37,43.3576011657715,-8.845046043396,"Unknown"
"7014851",371865,2025-08-12 12:13:37,43.3575820922852,-8.84494304656982,"Unknown"
"7014851",371865,2025-08-12 12:18:38,43.3575897216797,-8.84507369995117,"Unknown"
"7014851",371865,2025-08-12 12:23:38,43.3577117919922,-8.84528923034668,"Unknown"
"7014851",371865,2025-08-12 12:28:37,43.3576431274414,-8.84522247314453,"Unknown"
"7014851",371865,2025-08-12 12:33:40,43.3577117919922,-8.84534645080566,"Unknown"
"7014851",371865,2025-08-12 12:38:39,43.3575286865234,-8.84504795074463,"Unknown"
"7014851",371865,2025-08-12 12:43:38,43.357666015625,-8.84525775909424,"Unknown"
"7014851",371865,2025-08-12 12:48:38,43.357795715332,-8.84543418884277,"Unknown"
"7014851",371865,2025-08-12 12:53:40,43.3578300476074,-8.84549236297607,"Unknown"
"7014851",371865,2025-08-12 12:58:40,43.3570518493652,-8.85981273651123,"Unknown"
"7014851",371865,2025-08-12 13:03:38,43.3473358154297,-8.87829875946045,"Unknown"
"7014851",371865,2025-08-12 13:08:38,43.3298683166504,-8.90837383270264,"Unknown"
"7014851",371865,2025-08-12 13:13:46,43.3212928771973,-8.90116024017334,"Unknown"
"7014851",371865,2025-08-12 13:19:05,43.3212814331055,-8.90116119384766,"Unknown"
"7014851",371865,2025-08-12 13:23:37,43.3213005065918,-8.90109443664551,"Unknown"
"7014851",371865,2025-08-12 13:28:37,43.3211097717285,-8.9013204574585,"Unknown"
"7014851",371865,2025-08-12 13:33:38,43.3212356567383,-8.90116405487061,"Unknown"
"7014851",371865,2025-08-12 13:38:38,43.3212852478027,-8.90109825134277,"Unknown"
"7014851",371865,2025-08-12 13:43:38,43.3214263916016,-8.90101528167725,"Unknown"
"7014851",371865,2025-08-12 13:48:40,43.3213920593262,-8.90155124664307,"Unknown"
"7014851",371865,2025-08-12 13:53:37,43.3212814331055,-8.9015941619873,"Unknown"
"7014851",371865,2025-08-12 13:58:38,43.3214149475098,-8.90163230895996,"Unknown"
"7014851",371865,2025-08-12 14:03:38,43.3213996887207,-8.90149974822998,"Unknown"
"7014851",371865,2025-08-12 14:08:36,43.3214340209961,-8.90155792236328,"Unknown"
"7014851",371865,2025-08-12 14:13:40,43.3214988708496,-8.90177917480469,"Unknown"
"7014851",371865,2025-08-12 14:18:39,43.3215141296387,-8.9017448425293,"Unknown"
"7014851",371865,2025-08-12 14:23:37,43.3215599060059,-8.90175342559814,"Unknown"
"7014851",371865,2025-08-12 14:28:39,43.3214912414551,-8.90178203582764,"Unknown"
"7014851",371865,2025-08-12 14:34:05,43.3215255737305,-8.90173530578613,"Unknown"
"7014851",371865,2025-08-12 14:38:36,43.3215484619141,-8.90186595916748,"Unknown"
"7014851",371865,2025-08-12 14:43:36,43.3215065002441,-8.90184688568115,"Unknown"
"7014851",371865,2025-08-12 14:48:37,43.3214378356934,-8.90177536010742,"Unknown"
"7014851",371865,2025-08-12 14:53:37,43.3215217590332,-8.90186977386475,"Unknown"
"7014851",371865,2025-08-12 14:58:38,43.3215065002441,-8.90190982818604,"Unknown"
"7014851",371865,2025-08-12 15:03:39,43.3213386535645,-8.9017162322998,"Unknown"
"7014851",371865,2025-08-12 15:08:38,43.3257102966309,-8.92551422119141,"Unknown"
"7014851",371865,2025-08-12 15:13:41,43.3246040344238,-8.92459774017334,"Unknown"
"7014851",371865,2025-08-12 15:18:38,43.324878692627,-8.92495918273926,"Unknown"
"7014851",371865,2025-08-12 15:23:37,43.3253784179688,-8.92588710784912,"Unknown"
"7014851",371865,2025-08-12 15:28:38,43.3246803283691,-8.92521286010742,"Unknown"
"7014851",371865,2025-08-12 15:33:43,43.324520111084,-8.92541599273682,"Unknown"
"7014851",371865,2025-08-12 15:38:43,43.3245124816895,-8.92536449432373,"Unknown"
"7014851",371865,2025-08-12 15:43:50,43.3241233825684,-8.92577838897705,"Unknown"
"7014851",371865,2025-08-12 15:48:39,43.3235931396484,-8.92654037475586,"Unknown"
"7014851",371865,2025-08-12 15:53:43,43.3236885070801,-8.92734909057617,"Unknown"
"7014851",371865,2025-08-12 15:58:47,43.3242149353027,-8.92793464660645,"Unknown"
"7014851",371865,2025-08-12 16:03:50,43.3243713378906,-8.92817306518555,"Unknown"
"7014851",371865,2025-08-12 16:08:49,43.324893951416,-8.92821979522705,"Unknown"
"7014851",371865,2025-08-12 16:13:49,43.3255615234375,-8.92811012268066,"Unknown"
"7014851",371865,2025-08-12 16:18:41,43.3254318237305,-8.92881298065186,"Unknown"
"7014851",371865,2025-08-12 16:23:49,43.3252983093262,-8.92968654632568,"Unknown"
"7014851",371865,2025-08-12 16:28:50,43.3253021240234,-8.93054676055908,"Unknown"
"7014851",371865,2025-08-12 16:33:49,43.3251342773438,-8.93067741394043,"Unknown"
"7014851",371865,2025-08-12 16:38:51,43.3081703186035,-8.96441268920898,"Unknown"
"7014851",371865,2025-08-12 16:43:54,43.2957572937012,-9.00865650177002,"Unknown"
"7014851",371865,2025-08-12 16:49:05,43.261302947998,-9.03802299499512,"Unknown"
"7014851",371865,2025-08-12 16:53:38,43.2525444030762,-9.05334377288818,"Unknown"
"7014851",371865,2025-08-12 16:58:37,43.2399520874023,-9.01891326904297,"Unknown"
"7014851",371865,2025-08-12 17:03:37,43.2361030578613,-9.01948165893555,"Unknown"
"7014851",371865,2025-08-12 17:08:40,43.2356071472168,-9.01972961425781,"Unknown"
"7014851",371865,2025-08-12 17:13:40,43.2356414794922,-9.02030563354492,"Unknown"
"7014851",371865,2025-08-12 17:18:41,43.2360572814941,-9.02070426940918,"Unknown"
"7014851",371865,2025-08-12 17:23:38,43.2365570068359,-9.01879405975342,"Unknown"
"7014851",371865,2025-08-12 17:28:37,43.2364768981934,-9.01943588256836,"Unknown"
"7014851",371865,2025-08-12 17:33:40,43.2363662719727,-9.01951694488525,"Unknown"
"7014851",371865,2025-08-12 17:38:37,43.2362670898438,-9.0188102722168,"Unknown"
"7014851",371865,2025-08-12 17:43:42,43.2311859130859,-9.0206823348999,"Unknown"
"7014851",371865,2025-08-12 17:48:39,43.2329406738281,-9.01231575012207,"Unknown"
"7014851",371865,2025-08-12 17:54:05,43.2328758239746,-9.01226711273193,"Unknown"
"7014851",371865,2025-08-12 17:58:36,43.2328681945801,-9.01215744018555,"Unknown"
"7014851",371865,2025-08-12 18:03:37,43.2329292297363,-9.01224899291992,"Unknown"
"7014851",371865,2025-08-12 18:08:37,43.2327575683594,-9.01224040985107,"Unknown"
"7014851",371865,2025-08-12 18:13:36,43.232852935791,-9.01231479644775,"Unknown"
"7014851",371865,2025-08-12 18:18:37,43.2327346801758,-9.01228332519531,"Unknown"
"7014851",371865,2025-08-12 18:23:36,43.2329139709473,-9.01251888275146,"Unknown"
"7014851",371865,2025-08-12 18:28:36,43.2328758239746,-9.01221466064453,"Unknown"
"7014851",371865,2025-08-12 18:33:36,43.2328300476074,-9.01219654083252,"Unknown"
"7014851",371865,2025-08-12 18:38:37,43.2328605651855,-9.01217365264893,"Unknown"
"7014851",371865,2025-08-12 18:43:36,43.2328033447266,-9.01245594024658,"Unknown"
"7014851",371865,2025-08-12 18:48:40,43.2327995300293,-9.01226902008057,"Unknown"
"7014851",371865,2025-08-12 18:53:42,43.2327690124512,-9.01228904724121,"Unknown"
"7014851",371865,2025-08-12 18:58:42,43.232608795166,-9.01229858398438,"Unknown"
"7014851",371865,2025-08-12 19:03:37,43.2328033447266,-9.01231384277344,"Unknown"
"7014851",371865,2025-08-12 19:08:36,43.232837677002,-9.01231479644775,"Unknown"
"7014851",371865,2025-08-12 19:13:36,43.2327728271484,-9.01225185394287,"Unknown"
"7014851",371865,2025-08-12 19:18:37,43.2327728271484,-9.01223850250244,"Unknown"
"7014851",371865,2025-08-12 19:23:37,43.2327995300293,-9.01217365264893,"Unknown"
"7014851",371865,2025-08-12 19:28:36,43.2328414916992,-9.012282371521,"Unknown"
"7014851",371865,2025-08-12 19:33:36,43.2327461242676,-9.01212882995605,"Unknown"
"7014851",371865,2025-08-12 19:38:37,43.2327423095703,-9.01229667663574,"Unknown"
"7014851",371865,2025-08-12 19:43:36,43.2327651977539,-9.01232814788818,"Unknown"
"7014851",371865,2025-08-12 19:48:43,43.2326736450195,-9.01223468780518,"Unknown"
"7014851",371865,2025-08-12 19:53:36,43.2335433959961,-9.03003787994385,"Unknown"
"7014851",371865,2025-08-12 19:58:38,43.2337760925293,-9.03257942199707,"Unknown"
"7014851",371865,2025-08-12 20:03:38,43.2362403869629,-9.03103065490723,"Unknown"
"7014851",371865,2025-08-12 20:08:47,43.2325057983398,-9.03456401824951,"Unknown"
"7014851",371865,2025-08-12 20:13:38,43.2365646362305,-9.03251647949219,"Unknown"
"7014851",371865,2025-08-12 20:18:43,43.236644744873,-9.03341770172119,"Unknown"
"7014851",371865,2025-08-12 20:23:48,43.2365989685059,-9.03443622589111,"Unknown"
"7014851",371865,2025-08-12 20:28:48,43.2363548278809,-9.0347261428833,"Unknown"
"7014851",371865,2025-08-12 20:33:52,43.2417106628418,-9.0078649520874,"Unknown"
"7014851",371865,2025-08-12 20:38:52,43.24267578125,-9.00307369232178,"Unknown"
"7014851",371865,2025-08-12 20:43:52,43.2427520751953,-9.00364589691162,"Unknown"
"7014851",371865,2025-08-12 20:48:52,43.2431716918945,-9.00424480438232,"Unknown"
"7014851",371865,2025-08-12 20:53:52,43.2435302734375,-9.00486373901367,"Unknown"
"7014851",371865,2025-08-12 20:58:52,43.2439422607422,-9.00541114807129,"Unknown"
"7014851",371865,2025-08-12 21:03:52,43.2441253662109,-9.0056848526001,"Unknown"
"7014851",371865,2025-08-12 21:08:55,43.244327545166,-9.0061092376709,"Unknown"
"7014851",371865,2025-08-12 21:13:52,43.2448539733887,-9.00711727142334,"Unknown"
"7014851",371865,2025-08-12 21:18:56,43.2455024719238,-9.00825881958008,"Unknown"
"7014851",371865,2025-08-12 21:23:52,43.2460708618164,-9.00913333892822,"Unknown"
"7014851",371865,2025-08-12 21:28:55,43.2466888427734,-9.01021003723145,"Unknown"
"7014851",371865,2025-08-12 21:34:05,43.2474098205566,-9.01104736328125,"Unknown"
"7014851",371865,2025-08-12 21:38:38,43.2480125427246,-9.01177215576172,"Unknown"
"7014851",371865,2025-08-12 21:43:48,43.2486267089844,-9.01306056976318,"Unknown"
"7014851",371865,2025-08-12 21:48:42,43.2491760253906,-9.01411247253418,"Unknown"
"7014851",371865,2025-08-12 21:53:43,43.2493095397949,-9.01452445983887,"Unknown"
"7014851",371865,2025-08-12 21:58:42,43.2508888244629,-9.0185432434082,"Unknown"
"7014851",371865,2025-08-12 22:04:14,43.2516822814941,-9.01830959320068,"Unknown"
"7014851",371865,2025-08-12 22:08:52,43.2518997192383,-9.01877307891846,"Unknown"
"7014851",371865,2025-08-12 22:13:40,43.2519912719727,-9.01961135864258,"Unknown"
"7014851",371865,2025-08-12 22:18:37,43.2528305053711,-9.01383876800537,"Unknown"
"7014851",371865,2025-08-12 22:23:35,43.2528228759766,-9.0141773223877,"Unknown"
"7014851",371865,2025-08-12 22:28:36,43.2494430541992,-9.01146507263184,"Unknown"
"7014851",371865,2025-08-12 22:33:38,43.2495269775391,-9.0119457244873,"Unknown"
"7014851",371865,2025-08-12 22:38:36,43.2500877380371,-9.01259231567383,"Unknown"
"7014851",371865,2025-08-12 22:43:35,43.2504081726074,-9.01272487640381,"Unknown"
"7014851",371865,2025-08-12 22:48:39,43.2508735656738,-9.01303386688232,"Unknown"
"7014851",371865,2025-08-12 22:53:35,43.2506637573242,-9.01334190368652,"Unknown"
"7014851",371865,2025-08-12 22:58:51,43.2507858276367,-9.01326560974121,"Unknown"
"7014851",371865,2025-08-12 23:03:48,43.251049041748,-9.01328945159912,"Unknown"
"7014851",371865,2025-08-12 23:08:35,43.2511749267578,-9.01309013366699,"Unknown"
"7014851",371865,2025-08-12 23:13:36,43.2516021728516,-9.00812435150146,"Unknown"
"7014851",371865,2025-08-12 23:18:36,43.2730026245117,-9.00039672851562,"Unknown"
"7014851",371865,2025-08-12 23:23:37,43.292667388916,-8.98313236236572,"Unknown"
"7014851",371865,2025-08-12 23:28:36,43.3083801269531,-8.95450878143311,"Unknown"
"7014851",371865,2025-08-12 23:33:36,43.3217582702637,-8.92743396759033,"Unknown"
"7014851",371865,2025-08-12 23:38:41,43.3338165283203,-8.8977165222168,"Unknown"
"7014851",371865,2025-08-12 23:43:36,43.3478889465332,-8.869948387146,"Unknown"
"7014851",371865,2025-08-12 23:48:38,43.3545684814453,-8.84879398345947,"Unknown"
"7014851",371865,2025-08-12 23:53:39,43.3580589294434,-8.84539794921875,"Unknown"
"7014851",371865,2025-08-12 23:58:36,43.3577003479004,-8.84494590759277,"Unknown"
"7014851",371865,2025-08-13 00:04:05,43.3575973510742,-8.84509181976318,"Unknown"
"7014851",371865,2025-08-13 00:08:37,43.3574638366699,-8.84482097625732,"Unknown"
"7014851",371865,2025-08-13 00:13:36,43.357723236084,-8.84527587890625,"Unknown"
"7014851",371865,2025-08-13 00:18:40,43.3583679199219,-8.84592628479004,"Unknown"
"7014851",371865,2025-08-13 00:23:39,43.3559837341309,-8.84344863891602,"Unknown"
"7014851",371865,2025-08-13 00:28:38,43.3577499389648,-8.84527587890625,"Unknown"
"7014851",371865,2025-08-13 00:33:36,43.3577728271484,-8.84538555145264,"Unknown"
"7014851",371865,2025-08-13 00:38:36,43.3575782775879,-8.84518241882324,"Unknown"
"7014851",371865,2025-08-13 00:43:38,43.3578033447266,-8.84543323516846,"Unknown"
"7014851",371865,2025-08-13 00:48:39,43.3577308654785,-8.84532928466797,"Unknown"
"7014851",371865,2025-08-13 00:53:37,43.3577880859375,-8.84541797637939,"Unknown"
"7014851",371865,2025-08-13 00:58:49,43.3576164245605,-8.84508609771729,"Unknown"
"7014851",371865,2025-08-13 01:03:38,43.3576622009277,-8.84511184692383,"Unknown"
"7014851",371865,2025-08-13 01:08:42,43.357593536377,-8.84505653381348,"Unknown"
"7014851",371865,2025-08-13 01:13:41,43.3577041625977,-8.8455114364624,"Unknown"
"7014851",371865,2025-08-13 01:18:42,43.3576126098633,-8.84522151947021,"Unknown"
"7014851",371865,2025-08-13 01:23:40,43.3576583862305,-8.84526920318604,"Unknown"
"7014851",371865,2025-08-13 01:28:39,43.3574104309082,-8.84511470794678,"Unknown"
"7014851",371865,2025-08-13 01:33:40,43.3574409484863,-8.84517288208008,"Unknown"
"7014851",371865,2025-08-13 01:38:41,43.3569297790527,-8.84484958648682,"Unknown"
"7014851",371865,2025-08-13 01:43:41,43.3577575683594,-8.84542942047119,"Unknown"
"7014851",371865,2025-08-13 01:48:41,43.3575668334961,-8.8452320098877,"Unknown"
"7014851",371865,2025-08-13 01:53:42,43.3577156066895,-8.84534740447998,"Unknown"
"7014851",371865,2025-08-13 01:59:05,43.3575553894043,-8.84510135650635,"Unknown"
"7014851",371865,2025-08-13 02:03:36,43.3575782775879,-8.84508228302002,"Unknown"
"7014851",371865,2025-08-13 02:08:35,43.357551574707,-8.84511184692383,"Unknown"
"7014851",371865,2025-08-13 02:13:36,43.3576240539551,-8.84501552581787,"Unknown"
"7014851",371865,2025-08-13 02:18:35,43.357723236084,-8.84511566162109,"Unknown"
"7014851",371865,2025-08-13 02:23:35,43.3577079772949,-8.84501266479492,"Unknown"
"7014851",371865,2025-08-13 02:28:35,43.357723236084,-8.84491539001465,"Unknown"
"7014851",371865,2025-08-13 02:33:38,43.3575057983398,-8.84509372711182,"Unknown"
"7014851",371865,2025-08-13 02:38:37,43.3577919006348,-8.84531879425049,"Unknown"
"7014851",371865,2025-08-13 02:43:35,43.357780456543,-8.84522342681885,"Unknown"
"7014851",371865,2025-08-13 02:48:36,43.357837677002,-8.84522914886475,"Unknown"
"7014851",371865,2025-08-13 02:53:36,43.3577728271484,-8.84510040283203,"Unknown"
"7014851",371865,2025-08-13 02:58:36,43.3577461242676,-8.8452615737915,"Unknown"
"7014851",371865,2025-08-13 03:03:37,43.3577117919922,-8.84512424468994,"Unknown"
"7014851",371865,2025-08-13 03:08:37,43.3578681945801,-8.84540748596191,"Unknown"
"7014851",371865,2025-08-13 03:13:39,43.3577919006348,-8.84522342681885,"Unknown"
"7014851",371865,2025-08-13 03:18:38,43.3579711914062,-8.84578895568848,"Unknown"
"7014851",371865,2025-08-13 03:23:40,43.3578147888184,-8.84529685974121,"Unknown"
"7014851",371865,2025-08-13 03:28:42,43.3578300476074,-8.84549808502197,"Unknown"
"7014851",371865,2025-08-13 03:33:38,43.3580551147461,-8.84625434875488,"Unknown"
"7014851",371865,2025-08-13 03:38:38,43.3576889038086,-8.84515953063965,"Unknown"
"7014851",371865,2025-08-13 03:43:54,43.3576240539551,-8.84514045715332,"Unknown"
"7014851",371865,2025-08-13 03:48:39,43.3575973510742,-8.84509086608887,"Unknown"
"7014851",371865,2025-08-13 03:53:38,43.3580322265625,-8.84649467468262,"Unknown"
"7014851",371865,2025-08-13 03:58:39,43.3575592041016,-8.84488582611084,"Unknown"
"7014851",371865,2025-08-13 04:03:49,43.357666015625,-8.84468936920166,"Unknown"
"7014851",371865,2025-08-13 04:08:48,43.3576278686523,-8.84476947784424,"Unknown"
"7014851",371865,2025-08-13 04:14:05,43.3575668334961,-8.84499835968018,"Unknown"
"7014851",371865,2025-08-13 04:18:41,43.3577003479004,-8.84510898590088,"Unknown"
"7014851",371865,2025-08-13 04:23:43,43.3576240539551,-8.84481906890869,"Unknown"
"7014851",371865,2025-08-13 04:28:40,43.3575820922852,-8.84482002258301,"Unknown"
"7014851",371865,2025-08-13 04:33:36,43.3575286865234,-8.84493255615234,"Unknown"
"7014851",371865,2025-08-13 04:38:37,43.3575973510742,-8.84501647949219,"Unknown"
"7014851",371865,2025-08-13 04:43:47,43.3576583862305,-8.84503078460693,"Unknown"
"7014851",371865,2025-08-13 04:48:37,43.3575134277344,-8.84476375579834,"Unknown"
"7014851",371865,2025-08-13 04:53:46,43.3575706481934,-8.84494590759277,"Unknown"
"7014851",371865,2025-08-13 04:58:41,43.3576469421387,-8.84480571746826,"Unknown"
"7014851",371865,2025-08-13 05:03:39,43.3574295043945,-8.84460353851318,"Unknown"
"7014851",371865,2025-08-13 05:08:59,43.3577270507812,-8.84526920318604,"Unknown"
"7014851",371865,2025-08-13 05:13:51,43.3576812744141,-8.84529781341553,"Unknown"
"7014851",371865,2025-08-13 05:18:55,43.3577995300293,-8.84522151947021,"Unknown"
"7014851",371865,2025-08-13 05:23:52,43.3578033447266,-8.84515953063965,"Unknown"
"7014851",371865,2025-08-13 05:28:36,43.3577461242676,-8.84532642364502,"Unknown"
"7014851",371865,2025-08-13 05:33:59,43.3568916320801,-8.84599590301514,"Unknown"
"7014851",371865,2025-08-13 05:39:01,43.3569793701172,-8.8459939956665,"Unknown"
"7014851",371865,2025-08-13 05:43:37,43.3570213317871,-8.84595680236816,"Unknown"
"7014851",371865,2025-08-13 05:48:58,43.3570404052734,-8.84599685668945,"Unknown"
"7014851",371865,2025-08-13 05:53:37,43.3571434020996,-8.84597778320312,"Unknown"
"7014851",371865,2025-08-13 05:58:43,43.3569412231445,-8.84590435028076,"Unknown"
"7014851",371865,2025-08-13 06:03:49,43.3571319580078,-8.84591293334961,"Unknown"
"7014851",371865,2025-08-13 06:09:14,43.3577308654785,-8.8455057144165,"Unknown"
"7014851",371865,2025-08-13 06:13:37,43.3576965332031,-8.8454704284668,"Unknown"
"7014851",371865,2025-08-13 06:18:39,43.3578109741211,-8.84541893005371,"Unknown"
"7014851",371865,2025-08-13 06:23:36,43.3583183288574,-8.8464994430542,"Unknown"
"7014851",371865,2025-08-13 06:28:36,43.3802452087402,-8.84870910644531,"Unknown"
"7014851",371865,2025-08-13 06:33:36,43.3831214904785,-8.85121536254883,"Unknown"
"7014851",371865,2025-08-13 06:38:36,43.3829193115234,-8.85206413269043,"Unknown"
"7014851",371865,2025-08-13 06:43:36,43.382740020752,-8.84789371490479,"Unknown"
"7014851",371865,2025-08-13 06:48:37,43.3815383911133,-8.84891986846924,"Unknown"
"7014851",371865,2025-08-13 06:53:39,43.3819732666016,-8.84976291656494,"Unknown"
"7014851",371865,2025-08-13 06:58:36,43.3826522827148,-8.84903335571289,"Unknown"
"7014851",371865,2025-08-13 07:03:36,43.3817977905273,-8.85027694702148,"Unknown"
"7014851",371865,2025-08-13 07:08:36,43.3637428283691,-8.84878253936768,"Unknown"
"7014851",371865,2025-08-13 07:13:42,43.3608741760254,-8.84851932525635,"Unknown"
"7014851",371865,2025-08-13 07:18:37,43.3607597351074,-8.84851741790771,"Unknown"
"7014851",371865,2025-08-13 07:23:36,43.3608169555664,-8.84872722625732,"Unknown"
"7014851",371865,2025-08-13 07:28:39,43.3604278564453,-8.84843826293945,"Unknown"
"7014851",371865,2025-08-13 07:33:44,43.3608436584473,-8.84863376617432,"Unknown"
"7014851",371865,2025-08-13 07:38:36,43.3557968139648,-8.84485244750977,"Unknown"
"7014851",371865,2025-08-13 07:43:43,43.3575668334961,-8.84529209136963,"Unknown"
"7014851",371865,2025-08-13 07:48:36,43.3576354980469,-8.84526538848877,"Unknown"
"7014851",371865,2025-08-13 07:53:38,43.357494354248,-8.845046043396,"Unknown"
"7014851",371865,2025-08-13 07:58:37,43.3597412109375,-8.8473653793335,"Unknown"
"7014851",371865,2025-08-13 08:03:42,43.357006072998,-8.84562683105469,"Unknown"
"7014851",371865,2025-08-13 08:08:49,43.3576431274414,-8.84543991088867,"Unknown"
"7014851",371865,2025-08-13 08:13:37,43.3575019836426,-8.84538459777832,"Unknown"
"7014851",371865,2025-08-13 08:18:37,43.3568382263184,-8.84633922576904,"Unknown"
"7014851",371865,2025-08-13 08:24:05,43.3608512878418,-8.84872436523438,"Unknown"
"7014851",371865,2025-08-13 08:28:39,43.3608665466309,-8.84856033325195,"Unknown"
"7014851",371865,2025-08-13 08:33:39,43.3608436584473,-8.84874153137207,"Unknown"
"7014851",371865,2025-08-13 08:39:05,43.3608589172363,-8.84872722625732,"Unknown"
"7014851",371865,2025-08-13 08:43:36,43.3607864379883,-8.8485860824585,"Unknown"
"7014851",371865,2025-08-13 08:48:36,43.3606224060059,-8.8486852645874,"Unknown"
"7014851",371865,2025-08-13 08:53:37,43.3608283996582,-8.84843921661377,"Unknown"
"7014851",371865,2025-08-13 08:58:36,43.3609046936035,-8.84843921661377,"Unknown"
"7014851",371865,2025-08-13 09:03:35,43.3610076904297,-8.84861469268799,"Unknown"
"7014851",371865,2025-08-13 09:08:38,43.3606452941895,-8.8486270904541,"Unknown"
"7014851",371865,2025-08-13 09:13:36,43.3580780029297,-8.84626007080078,"Unknown"
"7014851",371865,2025-08-13 09:18:43,43.3575668334961,-8.84500408172607,"Unknown"
"7014851",371865,2025-08-13 09:23:36,43.3578834533691,-8.84512138366699,"Unknown"
"7014851",371865,2025-08-13 09:28:38,43.3577156066895,-8.84501647949219,"Unknown"
"7014851",371865,2025-08-13 09:33:41,43.3578681945801,-8.84509086608887,"Unknown"
"7014851",371865,2025-08-13 09:38:40,43.3582954406738,-8.84549236297607,"Unknown"
"7014851",371865,2025-08-13 09:43:39,43.3579559326172,-8.8453483581543,"Unknown"
"7014851",371865,2025-08-13 09:48:43,43.3575744628906,-8.84510803222656,"Unknown"
"7014851",371865,2025-08-13 09:53:38,43.3575782775879,-8.84510040283203,"Unknown"
"7014851",371865,2025-08-13 09:58:40,43.3574371337891,-8.84505748748779,"Unknown"
"7014851",371865,2025-08-13 10:03:41,43.357479095459,-8.84508514404297,"Unknown"
"7014851",371865,2025-08-13 10:08:35,43.3573379516602,-8.84513568878174,"Unknown"
"7014851",371865,2025-08-13 10:13:52,43.3575630187988,-8.84511566162109,"Unknown"
"7014851",371865,2025-08-13 10:18:35,43.3573455810547,-8.84511375427246,"Unknown"
"7014851",371865,2025-08-13 10:23:36,43.3573112487793,-8.84491348266602,"Unknown"
"7014851",371865,2025-08-13 10:28:39,43.357551574707,-8.84548187255859,"Unknown"
"7014851",371865,2025-08-13 10:33:39,43.3575706481934,-8.84528827667236,"Unknown"
"7014851",371865,2025-08-13 10:38:45,43.3577308654785,-8.84522819519043,"Unknown"
"7014851",371865,2025-08-13 10:43:36,43.3575973510742,-8.84536647796631,"Unknown"
"7014851",371865,2025-08-13 10:48:39,43.357536315918,-8.84520149230957,"Unknown"
"7014851",371865,2025-08-13 10:53:49,43.3577079772949,-8.84540176391602,"Unknown"
"7014851",371865,2025-08-13 10:58:42,43.357666015625,-8.8453893661499,"Unknown"
"7014851",371865,2025-08-13 11:03:43,43.3579902648926,-8.8457145690918,"Unknown"
"7014851",371865,2025-08-13 11:09:01,43.3575477600098,-8.845139503479,"Unknown"
"7014851",371865,2025-08-13 11:13:40,43.3577728271484,-8.84528255462646,"Unknown"
"7014851",371865,2025-08-13 11:18:36,43.3578643798828,-8.8452615737915,"Unknown"
"7014851",371865,2025-08-13 11:23:39,43.3575553894043,-8.84527969360352,"Unknown"
"7014851",371865,2025-08-13 11:28:36,43.357479095459,-8.84527587890625,"Unknown"
"7014851",371865,2025-08-13 11:33:37,43.357536315918,-8.84514808654785,"Unknown"
"7014851",371865,2025-08-13 11:38:38,43.3575592041016,-8.84525966644287,"Unknown"
"7014851",371865,2025-08-13 11:43:36,43.3576126098633,-8.84522342681885,"Unknown"
"7014851",371865,2025-08-13 11:49:05,43.3573455810547,-8.84628009796143,"Unknown"
"7014851",371865,2025-08-13 11:53:34,43.3573951721191,-8.84622192382812,"Unknown"
"7014851",371865,2025-08-13 11:58:35,43.3574028015137,-8.84622669219971,"Unknown"
"7014851",371865,2025-08-13 12:03:35,43.3578948974609,-8.84652137756348,"Unknown"
"7014851",371865,2025-08-13 12:08:36,43.3579025268555,-8.84648418426514,"Unknown"
"7014851",371865,2025-08-13 12:13:46,43.3576774597168,-8.84627914428711,"Unknown"
"7014851",371865,2025-08-13 12:18:38,43.3576812744141,-8.84640598297119,"Unknown"
"7014851",371865,2025-08-13 12:23:38,43.3575668334961,-8.84625434875488,"Unknown"
"7014851",371865,2025-08-13 12:29:02,43.3576240539551,-8.84622192382812,"Unknown"
"7014851",371865,2025-08-13 12:33:48,43.3577156066895,-8.84615516662598,"Unknown"
"7014851",371865,2025-08-13 12:38:38,43.3573875427246,-8.84563446044922,"Unknown"
"7014851",371865,2025-08-13 12:43:40,43.3578834533691,-8.8463191986084,"Unknown"
"7014851",371865,2025-08-13 12:49:34,43.3576774597168,-8.8462028503418,"Unknown"
"7014851",371865,2025-08-13 12:53:34,43.3576240539551,-8.84617137908936,"Unknown"
"7014851",371865,2025-08-13 12:58:38,43.3576011657715,-8.84622764587402,"Unknown"
"7014851",371865,2025-08-13 13:03:37,43.3578681945801,-8.84589099884033,"Unknown"
"7014851",371865,2025-08-13 13:08:55,43.3575210571289,-8.84631443023682,"Unknown"
"7014851",371865,2025-08-13 13:13:37,43.3570137023926,-8.84673500061035,"Unknown"
"7014851",371865,2025-08-13 13:18:38,43.3571929931641,-8.84654903411865,"Unknown"
"7014851",371865,2025-08-13 13:23:34,43.357177734375,-8.84660530090332,"Unknown"
"7014851",371865,2025-08-13 13:28:34,43.3571166992188,-8.84659290313721,"Unknown"
"7014851",371865,2025-08-13 13:33:34,43.3571624755859,-8.84665393829346,"Unknown"
"7014851",371865,2025-08-13 13:38:39,43.3571853637695,-8.84659576416016,"Unknown"
"7014851",371865,2025-08-13 13:43:38,43.3571586608887,-8.84658813476562,"Unknown"
"7014851",371865,2025-08-13 13:48:34,43.3570823669434,-8.84678554534912,"Unknown"
"7014851",371865,2025-08-13 13:53:36,43.357105255127,-8.84681606292725,"Unknown"
"7014851",371865,2025-08-13 13:58:40,43.3572044372559,-8.84655475616455,"Unknown"
"7014851",371865,2025-08-13 14:03:42,43.3572006225586,-8.84675216674805,"Unknown"
"7014851",371865,2025-08-13 14:08:39,43.3572654724121,-8.84666633605957,"Unknown"
"7014851",371865,2025-08-13 14:13:35,43.3573226928711,-8.84664344787598,"Unknown"
"7014851",371865,2025-08-13 14:18:34,43.3573608398438,-8.84684658050537,"Unknown"
"7014851",371865,2025-08-13 14:23:37,43.3571434020996,-8.84674739837646,"Unknown"
"7014851",371865,2025-08-13 14:28:42,43.3571701049805,-8.84665012359619,"Unknown"
"7014851",371865,2025-08-13 14:33:46,43.3567581176758,-8.84644603729248,"Unknown"
"7014851",371865,2025-08-13 14:38:43,43.3571319580078,-8.84657001495361,"Unknown"
"7014851",371865,2025-08-13 14:43:40,43.3570404052734,-8.84667873382568,"Unknown"
"7014851",371865,2025-08-13 14:48:34,43.3571357727051,-8.84669971466064,"Unknown"
"7014851",371865,2025-08-13 14:53:37,43.3570938110352,-8.84667873382568,"Unknown"
"7014851",371865,2025-08-13 14:58:37,43.3571319580078,-8.84669303894043,"Unknown"
"7014851",371865,2025-08-13 15:03:42,43.3570556640625,-8.84669971466064,"Unknown"
"7014851",371865,2025-08-13 15:08:48,43.3570137023926,-8.84677982330322,"Unknown"
"7014851",371865,2025-08-13 15:14:59,43.3570556640625,-8.84666061401367,"Unknown"
"7014851",371865,2025-08-13 15:19:59,43.3571166992188,-8.84670639038086,"Unknown"
"7014851",371865,2025-08-13 15:23:37,43.3572769165039,-8.84671497344971,"Unknown"
"7014851",371865,2025-08-13 15:28:40,43.3570823669434,-8.84663963317871,"Unknown"
"7014851",371865,2025-08-13 15:34:14,43.357120513916,-8.84663963317871,"Unknown"
"7014851",371865,2025-08-13 15:38:34,43.356990814209,-8.84655952453613,"Unknown"
"7014851",371865,2025-08-13 15:43:34,43.3570442199707,-8.84652137756348,"Unknown"
"7014851",371865,2025-08-13 15:48:34,43.3571281433105,-8.8466157913208,"Unknown"
"7014851",371865,2025-08-13 15:53:36,43.3570938110352,-8.84660053253174,"Unknown"
"7014851",371865,2025-08-13 15:58:36,43.3570747375488,-8.84663581848145,"Unknown"
"7014851",371865,2025-08-13 16:03:41,43.3569641113281,-8.84661769866943,"Unknown"
"7014851",371865,2025-08-13 16:08:35,43.3570938110352,-8.84690475463867,"Unknown"
"7014851",371865,2025-08-13 16:13:34,43.3570899963379,-8.84672451019287,"Unknown"
"7014851",371865,2025-08-13 16:18:36,43.3571357727051,-8.84640407562256,"Unknown"
"7014851",371865,2025-08-13 16:23:39,43.3570671081543,-8.84676361083984,"Unknown"
"7014851",371865,2025-08-13 16:28:38,43.3570747375488,-8.84666728973389,"Unknown"
"7014851",371865,2025-08-13 16:33:48,43.357120513916,-8.84677600860596,"Unknown"
"7014851",371865,2025-08-13 16:39:04,43.3571624755859,-8.84678840637207,"Unknown"
"7014851",371865,2025-08-13 16:43:49,43.3572082519531,-8.84631729125977,"Unknown"
"7014851",371865,2025-08-13 16:48:42,43.3570976257324,-8.84656238555908,"Unknown"
"7014851",371865,2025-08-13 16:54:05,43.3571319580078,-8.84665203094482,"Unknown"
"7014851",371865,2025-08-13 16:58:37,43.3571548461914,-8.846923828125,"Unknown"
"7014851",371865,2025-08-13 17:03:40,43.3569869995117,-8.84642124176025,"Unknown"
"7014851",371865,2025-08-13 17:08:36,43.3571434020996,-8.84664154052734,"Unknown"
"7014851",371865,2025-08-13 17:14:06,43.3571624755859,-8.84665870666504,"Unknown"
"7014851",371865,2025-08-13 17:18:36,43.3570861816406,-8.84664440155029,"Unknown"
"7014851",371865,2025-08-13 17:23:38,43.3570213317871,-8.84667778015137,"Unknown"
"7014851",371865,2025-08-13 17:29:11,43.3572807312012,-8.84663391113281,"Unknown"
"7014851",371865,2025-08-13 17:33:37,43.3570556640625,-8.84666633605957,"Unknown"
"7014851",371865,2025-08-13 17:39:23,43.357234954834,-8.84654331207275,"Unknown"
"7014851",371865,2025-08-13 17:43:35,43.348690032959,-8.85071468353271,"Unknown"
"7014851",371865,2025-08-13 17:48:36,43.3329162597656,-8.89412117004395,"Unknown"
"7014851",371865,2025-08-13 17:53:36,43.3220138549805,-8.93144512176514,"Unknown"
"7014851",371865,2025-08-13 17:58:38,43.3224143981934,-8.93150234222412,"Unknown"
"7014851",371865,2025-08-13 18:03:41,43.3225746154785,-8.93180465698242,"Unknown"
"7014851",371865,2025-08-13 18:09:14,43.3233642578125,-8.93163681030273,"Unknown"
"7014851",371865,2025-08-13 18:13:37,43.3233032226562,-8.93262958526611,"Unknown"
"7014851",371865,2025-08-13 18:18:52,43.3045234680176,-8.93264102935791,"Unknown"
"7014851",371865,2025-08-13 18:23:36,43.2899398803711,-8.94762134552002,"Unknown"
"7014851",371865,2025-08-13 18:28:39,43.2865333557129,-8.96263599395752,"Unknown"
"7014851",371865,2025-08-13 18:33:38,43.2891578674316,-8.96183586120605,"Unknown"
"7014851",371865,2025-08-13 18:38:40,43.289134979248,-8.96185398101807,"Unknown"
"7014851",371865,2025-08-13 18:43:37,43.2892456054688,-8.96147537231445,"Unknown"
"7014851",371865,2025-08-13 18:48:40,43.2895812988281,-8.96181678771973,"Unknown"
"7014851",371865,2025-08-13 18:53:38,43.2892837524414,-8.96163845062256,"Unknown"
"7014851",371865,2025-08-13 18:58:39,43.2893943786621,-8.9617166519165,"Unknown"
"7014851",371865,2025-08-13 19:03:37,43.2892036437988,-8.96157264709473,"Unknown"
"7014851",371865,2025-08-13 19:08:36,43.2892303466797,-8.96159839630127,"Unknown"
"7014851",371865,2025-08-13 19:13:37,43.2892036437988,-8.96145725250244,"Unknown"
"7014851",371865,2025-08-13 19:18:36,43.2893447875977,-8.96169853210449,"Unknown"
"7014851",371865,2025-08-13 19:23:38,43.2898750305176,-8.96150302886963,"Unknown"
"7014851",371865,2025-08-13 19:28:43,43.2897605895996,-8.96136093139648,"Unknown"
"7014851",371865,2025-08-13 19:33:39,43.2898178100586,-8.9613037109375,"Unknown"
"7014851",371865,2025-08-13 19:38:38,43.2898101806641,-8.96137809753418,"Unknown"
"7014851",371865,2025-08-13 19:43:41,43.2898559570312,-8.96146583557129,"Unknown"
"7014851",371865,2025-08-13 19:53:20,43.2897987365723,-8.96135520935059,"Unknown"
"7014851",371865,2025-08-13 19:58:10,43.2975997924805,-8.96907520294189,"Unknown"
"7014851",371865,2025-08-13 20:03:20,43.2998733520508,-8.97028636932373,"Unknown"
"7014851",371865,2025-08-13 20:08:11,43.3188591003418,-8.95608615875244,"Unknown"
"7014851",371865,2025-08-13 20:13:12,43.3221282958984,-8.93177890777588,"Unknown"
"7014851",371865,2025-08-13 20:18:35,43.319751739502,-8.93667888641357,"Unknown"
"7014851",371865,2025-08-13 20:23:15,43.319766998291,-8.936842918396,"Unknown"
"7014851",371865,2025-08-13 20:28:19,43.3196411132812,-8.93653964996338,"Unknown"
"7014851",371865,2025-08-13 20:33:35,43.3305168151855,-8.91091060638428,"Unknown"
"7014851",371865,2025-08-13 20:38:10,43.3347625732422,-8.88371849060059,"Unknown"
"7014851",371865,2025-08-13 20:43:11,43.3340225219727,-8.88083934783936,"Unknown"
"7014851",371865,2025-08-13 20:48:11,43.3342132568359,-8.88143062591553,"Unknown"
"7014851",371865,2025-08-13 20:53:10,43.3348999023438,-8.88234996795654,"Unknown"
"7014851",371865,2025-08-13 20:58:12,43.3346099853516,-8.88313484191895,"Unknown"
"7014851",371865,2025-08-13 21:03:11,43.3427619934082,-8.87005138397217,"Unknown"
"7014851",371865,2025-08-13 21:08:12,43.3558654785156,-8.8532886505127,"Unknown"
"7014851",371865,2025-08-13 21:13:13,43.3575477600098,-8.84500980377197,"Unknown"
"7014851",371865,2025-08-13 21:18:11,43.3577842712402,-8.84507083892822,"Unknown"
"7014851",371865,2025-08-13 21:23:18,43.3573913574219,-8.84524154663086,"Unknown"
"7014851",371865,2025-08-13 21:28:35,43.3576011657715,-8.84494876861572,"Unknown"
"7014851",371865,2025-08-13 21:33:18,43.3576507568359,-8.84493160247803,"Unknown"
"7014851",371865,2025-08-13 21:38:13,43.3574867248535,-8.84492778778076,"Unknown"
"7014851",371865,2025-08-13 21:43:12,43.3577499389648,-8.8450927734375,"Unknown"
"7014851",371865,2025-08-13 21:48:13,43.3576164245605,-8.84499168395996,"Unknown"
"7014851",371865,2025-08-13 21:53:16,43.3575248718262,-8.84505748748779,"Unknown"
"7014851",371865,2025-08-13 21:58:17,43.3576812744141,-8.84503173828125,"Unknown"
"7014851",371865,2025-08-13 22:03:16,43.3576164245605,-8.84500122070312,"Unknown"
"7014851",371865,2025-08-13 22:08:18,43.3576278686523,-8.84497737884521,"Unknown"
"7014851",371865,2025-08-13 22:13:17,43.3576316833496,-8.84484481811523,"Unknown"
"7014851",371865,2025-08-13 22:18:35,43.3575897216797,-8.84513092041016,"Unknown"
"7014851",371865,2025-08-13 22:23:10,43.3576316833496,-8.84503841400146,"Unknown"
"7014851",371865,2025-08-13 22:28:10,43.3576316833496,-8.84507083892822,"Unknown"
"7014851",371865,2025-08-13 22:33:10,43.3575630187988,-8.84511947631836,"Unknown"
"7014851",371865,2025-08-13 22:38:10,43.357593536377,-8.84506416320801,"Unknown"
"7014851",371865,2025-08-13 22:43:10,43.357608795166,-8.84507846832275,"Unknown"
"7014851",371865,2025-08-13 22:48:10,43.3576126098633,-8.84505844116211,"Unknown"
"7014851",371865,2025-08-13 22:53:10,43.3576011657715,-8.8450231552124,"Unknown"
"7014851",371865,2025-08-13 22:58:10,43.3575134277344,-8.84489631652832,"Unknown"
"7014851",371865,2025-08-13 23:03:10,43.3576049804688,-8.84496593475342,"Unknown"
"7014851",371865,2025-08-13 23:08:10,43.3576354980469,-8.84496974945068,"Unknown"
"7014851",371865,2025-08-13 23:13:10,43.3576126098633,-8.84506511688232,"Unknown"
"7014851",371865,2025-08-13 23:18:10,43.3575973510742,-8.84506702423096,"Unknown"
"7014851",371865,2025-08-13 23:23:12,43.3575668334961,-8.84498691558838,"Unknown"
"7014851",371865,2025-08-13 23:28:10,43.3575553894043,-8.84499073028564,"Unknown"
"7014851",371865,2025-08-13 23:33:10,43.3575592041016,-8.84505844116211,"Unknown"
"7014851",371865,2025-08-13 23:38:16,43.3577690124512,-8.84519577026367,"Unknown"
"7014851",371865,2025-08-13 23:43:16,43.3576431274414,-8.84516143798828,"Unknown"
"7014851",371865,2025-08-13 23:48:30,43.3576583862305,-8.84515476226807,"Unknown"
"7014851",371865,2025-08-13 23:53:20,43.3576774597168,-8.84516525268555,"Unknown"
"7014851",371865,2025-08-13 23:58:18,43.3577270507812,-8.84519577026367,"Unknown"
"7014851",371865,2025-08-14 00:03:19,43.3576698303223,-8.84511280059814,"Unknown"
"7014851",371865,2025-08-14 00:08:16,43.3577880859375,-8.84529876708984,"Unknown"
"7014851",371865,2025-08-14 00:13:14,43.3576278686523,-8.84507369995117,"Unknown"
"7014851",371865,2025-08-14 00:18:12,43.3576545715332,-8.84513854980469,"Unknown"
"7014851",371865,2025-08-14 00:23:23,43.3577003479004,-8.8451566696167,"Unknown"
"7014851",371865,2025-08-14 00:28:11,43.3578147888184,-8.84534549713135,"Unknown"
"7014851",371865,2025-08-14 00:33:20,43.3573379516602,-8.8449125289917,"Unknown"
"7014851",371865,2025-08-14 00:38:17,43.3576049804688,-8.84503555297852,"Unknown"
"7014851",371865,2025-08-14 00:43:14,43.3575820922852,-8.84512233734131,"Unknown"
"7014851",371865,2025-08-14 00:48:30,43.3576011657715,-8.84504795074463,"Unknown"
"7014851",371865,2025-08-14 00:53:16,43.3576545715332,-8.84519958496094,"Unknown"
"7014851",371865,2025-08-14 00:58:24,43.3576507568359,-8.84503650665283,"Unknown"
"7014851",371865,2025-08-14 01:03:24,43.3576850891113,-8.84499454498291,"Unknown"
"7014851",371865,2025-08-14 01:08:23,43.3575897216797,-8.84499359130859,"Unknown"
"7014851",371865,2025-08-14 01:13:19,43.357608795166,-8.84500885009766,"Unknown"
"7014851",371865,2025-08-14 01:18:23,43.3576431274414,-8.84501171112061,"Unknown"
"7014851",371865,2025-08-14 01:23:23,43.3576278686523,-8.84509944915771,"Unknown"
"7014851",371865,2025-08-14 01:28:24,43.3576049804688,-8.84505462646484,"Unknown"
"7014851",371865,2025-08-14 01:33:24,43.3574905395508,-8.84495639801025,"Unknown"
"7014851",371865,2025-08-14 01:38:29,43.3573379516602,-8.84482383728027,"Unknown"
"7014851",371865,2025-08-14 01:43:23,43.3575859069824,-8.8449878692627,"Unknown"
"7014851",371865,2025-08-14 01:48:24,43.357536315918,-8.84490776062012,"Unknown"
"7014851",371865,2025-08-14 01:53:27,43.357421875,-8.84453678131104,"Unknown"
"7014851",371865,2025-08-14 01:58:36,43.3577079772949,-8.84507942199707,"Unknown"
"7014851",371865,2025-08-14 02:03:23,43.3577079772949,-8.84511661529541,"Unknown"
"7014851",371865,2025-08-14 02:08:35,43.357723236084,-8.8450927734375,"Unknown"
"7014851",371865,2025-08-14 02:13:18,43.3576469421387,-8.8450984954834,"Unknown"
"7014851",371865,2025-08-14 02:18:14,43.3575592041016,-8.84502220153809,"Unknown"
"7014851",371865,2025-08-14 02:23:20,43.3576011657715,-8.84506607055664,"Unknown"
"7014851",371865,2025-08-14 02:28:14,43.3576889038086,-8.84499835968018,"Unknown"
"7014851",371865,2025-08-14 02:33:16,43.3576202392578,-8.84504890441895,"Unknown"
"7014851",371865,2025-08-14 02:38:16,43.3575782775879,-8.84495639801025,"Unknown"
"7014851",371865,2025-08-14 02:43:17,43.357608795166,-8.84498596191406,"Unknown"
"7014851",371865,2025-08-14 02:48:17,43.3575210571289,-8.84501934051514,"Unknown"
"7014851",371865,2025-08-14 02:53:19,43.3575401306152,-8.84511280059814,"Unknown"
"7014851",371865,2025-08-14 02:58:18,43.3575820922852,-8.8449821472168,"Unknown"
"7014851",371865,2025-08-14 03:03:18,43.3576011657715,-8.84489727020264,"Unknown"
"7014851",371865,2025-08-14 03:08:20,43.3575553894043,-8.84504795074463,"Unknown"
"7014851",371865,2025-08-14 03:13:20,43.3575477600098,-8.84506893157959,"Unknown"
"7014851",371865,2025-08-14 03:18:20,43.3575668334961,-8.84500408172607,"Unknown"
"7014851",371865,2025-08-14 03:23:35,43.3576965332031,-8.84475803375244,"Unknown"
"7014851",371865,2025-08-14 03:28:10,43.3577194213867,-8.84470558166504,"Unknown"
"7014851",371865,2025-08-14 03:33:10,43.3576431274414,-8.84511089324951,"Unknown"
"7014851",371865,2025-08-14 03:38:10,43.3573226928711,-8.84491920471191,"Unknown"
"7014851",371865,2025-08-14 03:43:10,43.3574295043945,-8.84459590911865,"Unknown"
"7014851",371865,2025-08-14 03:48:10,43.3574523925781,-8.84467220306396,"Unknown"
"7014851",371865,2025-08-14 03:53:10,43.357608795166,-8.8450870513916,"Unknown"
"7014851",371865,2025-08-14 03:58:10,43.3575210571289,-8.84505748748779,"Unknown"
"7014851",371865,2025-08-14 04:03:09,43.3576736450195,-8.84500789642334,"Unknown"
"7014851",371865,2025-08-14 04:08:10,43.3575248718262,-8.84516334533691,"Unknown"
"7014851",371865,2025-08-14 04:13:10,43.3576164245605,-8.84502983093262,"Unknown"
"7014851",371865,2025-08-14 04:18:10,43.357364654541,-8.84536075592041,"Unknown"
"7014851",371865,2025-08-14 04:23:10,43.3574676513672,-8.84511756896973,"Unknown"
"7014851",371865,2025-08-14 04:28:10,43.3574333190918,-8.84518146514893,"Unknown"
"7014851",371865,2025-08-14 04:33:10,43.3574371337891,-8.84512042999268,"Unknown"
"7014851",371865,2025-08-14 04:38:10,43.3573760986328,-8.84510803222656,"Unknown"
"7014851",371865,2025-08-14 04:43:10,43.3573684692383,-8.84511089324951,"Unknown"
"7014851",371865,2025-08-14 04:48:11,43.3573036193848,-8.84524917602539,"Unknown"
"7014851",371865,2025-08-14 04:53:11,43.3573913574219,-8.84517574310303,"Unknown"
"7014851",371865,2025-08-14 04:58:10,43.3573722839355,-8.8450403213501,"Unknown"
"7014851",371865,2025-08-14 05:03:10,43.3573837280273,-8.84516334533691,"Unknown"
"7014851",371865,2025-08-14 05:08:10,43.3573875427246,-8.84508228302002,"Unknown"
"7014851",371865,2025-08-14 05:13:10,43.3608245849609,-8.84820747375488,"Unknown"
"7014851",371865,2025-08-14 05:18:12,43.3342170715332,-8.89811706542969,"Unknown"
"7014851",371865,2025-08-14 05:23:11,43.3283309936523,-8.93624973297119,"Unknown"
"7014851",371865,2025-08-14 05:28:17,43.3257369995117,-8.93639087677002,"Unknown"
"7014851",371865,2025-08-14 05:34:34,43.3250770568848,-8.93356227874756,"Unknown"
"7014851",371865,2025-08-14 05:38:17,43.3217124938965,-8.93095397949219,"Unknown"
"7014851",371865,2025-08-14 05:43:09,43.3008308410645,-8.91661071777344,"Unknown"
"7014851",371865,2025-08-14 05:48:10,43.2961235046387,-8.91193294525146,"Unknown"
"7014851",371865,2025-08-14 05:53:10,43.295108795166,-8.94898796081543,"Unknown"
"7014851",371865,2025-08-14 05:58:13,43.2893333435059,-8.96159744262695,"Unknown"
"7014851",371865,2025-08-14 06:03:35,43.2892456054688,-8.96163940429688,"Unknown"
"7014851",371865,2025-08-14 06:08:10,43.2893409729004,-8.96156311035156,"Unknown"
"7014851",371865,2025-08-14 06:13:10,43.2893524169922,-8.96160316467285,"Unknown"
"7014851",371865,2025-08-14 06:18:12,43.2892456054688,-8.96150016784668,"Unknown"
"7014851",371865,2025-08-14 06:23:12,43.2892074584961,-8.96165561676025,"Unknown"
"7014851",371865,2025-08-14 06:28:10,43.2892761230469,-8.96164035797119,"Unknown"
"7014851",371865,2025-08-14 06:33:13,43.2893104553223,-8.96155548095703,"Unknown"
"7014851",371865,2025-08-14 06:38:35,43.2892684936523,-8.96154403686523,"Unknown"
"7014851",371865,2025-08-14 06:43:10,43.2892532348633,-8.96160697937012,"Unknown"
"7014851",371865,2025-08-14 06:48:10,43.2892456054688,-8.9616003036499,"Unknown"
"7014851",371865,2025-08-14 06:53:11,43.2892417907715,-8.96169662475586,"Unknown"
"7014851",371865,2025-08-14 06:58:11,43.2893829345703,-8.96127796173096,"Unknown"
"7014851",371865,2025-08-14 07:03:11,43.289363861084,-8.96146869659424,"Unknown"
"7014851",371865,2025-08-14 07:08:10,43.2871627807617,-8.96205806732178,"Unknown"
"7014851",371865,2025-08-14 07:13:13,43.2890663146973,-8.96165466308594,"Unknown"
"7014851",371865,2025-08-14 07:18:11,43.2890548706055,-8.96165943145752,"Unknown"
"7014851",371865,2025-08-14 07:23:09,43.2892112731934,-8.96132659912109,"Unknown"
"7014851",371865,2025-08-14 07:28:10,43.2891387939453,-8.96157836914062,"Unknown"
"7014851",371865,2025-08-14 07:33:11,43.2891654968262,-8.9615535736084,"Unknown"
"7014851",371865,2025-08-14 07:38:11,43.2893447875977,-8.96104431152344,"Unknown"
"7014851",371865,2025-08-14 07:43:11,43.2892761230469,-8.96133041381836,"Unknown"
"7014851",371865,2025-08-14 07:53:12,43.2892799377441,-8.96134662628174,"Unknown"
"7014851",371865,2025-08-14 07:58:11,43.2891998291016,-8.9616527557373,"Unknown"
"7014851",371865,2025-08-14 08:03:35,43.2891464233398,-8.96167182922363,"Unknown"
"7014851",371865,2025-08-14 08:08:10,43.2891235351562,-8.9617338180542,"Unknown"
"7014851",371865,2025-08-14 08:13:09,43.2891426086426,-8.96169471740723,"Unknown"
"7014851",371865,2025-08-14 08:18:09,43.2891616821289,-8.96171188354492,"Unknown"
"7014851",371865,2025-08-14 08:23:09,43.2891540527344,-8.96173858642578,"Unknown"
"7014851",371865,2025-08-14 08:28:11,43.2891616821289,-8.9616870880127,"Unknown"
"7014851",371865,2025-08-14 08:33:11,43.2891387939453,-8.96170711517334,"Unknown"
"7014851",371865,2025-08-14 08:38:11,43.2891654968262,-8.96169757843018,"Unknown"
"7014851",371865,2025-08-14 08:43:10,43.2891845703125,-8.96169662475586,"Unknown"
"7014851",371865,2025-08-14 08:48:10,43.2892570495605,-8.96180820465088,"Unknown"
"7014851",371865,2025-08-14 08:53:11,43.2889976501465,-8.96174716949463,"Unknown"
"7014851",371865,2025-08-14 08:58:13,43.2891044616699,-8.96167659759521,"Unknown"
"7014851",371865,2025-08-14 09:03:10,43.2891273498535,-8.9617395401001,"Unknown"
"7014851",371865,2025-08-14 09:08:10,43.2953109741211,-8.96566104888916,"Unknown"
"7014851",371865,2025-08-14 09:13:11,43.2696647644043,-8.99497222900391,"Unknown"
"7014851",371865,2025-08-14 09:18:12,43.2629203796387,-8.98775577545166,"Unknown"
"7014851",371865,2025-08-14 09:23:11,43.2634201049805,-8.98785400390625,"Unknown"
"7014851",371865,2025-08-14 09:28:10,43.2726135253906,-8.98894786834717,"Unknown"
"7014851",371865,2025-08-14 09:33:13,43.2875556945801,-8.97229385375977,"Unknown"
"7014851",371865,2025-08-14 09:38:10,43.2894134521484,-8.96138381958008,"Unknown"
"7014851",371865,2025-08-14 09:43:13,43.2893257141113,-8.9614839553833,"Unknown"
"7014851",371865,2025-08-14 09:48:10,43.2894287109375,-8.96151256561279,"Unknown"
"7014851",371865,2025-08-14 09:53:13,43.2894248962402,-8.96154403686523,"Unknown"
"7014851",371865,2025-08-14 09:58:12,43.2893028259277,-8.96160411834717,"Unknown"
"7014851",371865,2025-08-14 10:03:18,43.2894515991211,-8.96153926849365,"Unknown"
"7014851",371865,2025-08-14 10:08:35,43.2893905639648,-8.96142387390137,"Unknown"
"7014851",371865,2025-08-14 10:13:09,43.2894515991211,-8.96122264862061,"Unknown"
"7014851",371865,2025-08-14 10:18:10,43.2893676757812,-8.96144485473633,"Unknown"
"7014851",371865,2025-08-14 10:23:12,43.2893829345703,-8.96142768859863,"Unknown"
"7014851",371865,2025-08-14 10:28:09,43.2893142700195,-8.96154403686523,"Unknown"
"7014851",371865,2025-08-14 10:33:09,43.2893524169922,-8.96148872375488,"Unknown"
"7014851",371865,2025-08-14 10:38:09,43.2893867492676,-8.96147060394287,"Unknown"
"7014851",371865,2025-08-14 10:43:09,43.2893409729004,-8.96146869659424,"Unknown"
"7014851",371865,2025-08-14 10:48:09,43.2893104553223,-8.96144676208496,"Unknown"
"7014851",371865,2025-08-14 10:53:35,43.289379119873,-8.96145439147949,"Unknown"
"7014851",371865,2025-08-14 10:58:10,43.2893867492676,-8.96144390106201,"Unknown"
"7014851",371865,2025-08-14 11:03:10,43.289478302002,-8.96155452728271,"Unknown"
"7014851",371865,2025-08-14 11:08:09,43.2895622253418,-8.96147441864014,"Unknown"
"7014851",371865,2025-08-14 11:13:09,43.2896003723145,-8.96155071258545,"Unknown"
"7014851",371865,2025-08-14 11:18:09,43.2895889282227,-8.96152877807617,"Unknown"
"7014851",371865,2025-08-14 11:23:10,43.2895927429199,-8.96152210235596,"Unknown"
"7014851",371865,2025-08-14 11:28:09,43.2896041870117,-8.96152782440186,"Unknown"
"7014851",371865,2025-08-14 11:33:09,43.2895812988281,-8.96154499053955,"Unknown"
"7014851",371865,2025-08-14 11:38:09,43.289608001709,-8.96152591705322,"Unknown"
"7014851",371865,2025-08-14 11:43:10,43.2895965576172,-8.96162605285645,"Unknown"
"7014851",371865,2025-08-14 11:48:09,43.2895050048828,-8.96144676208496,"Unknown"
"7014851",371865,2025-08-14 11:53:09,43.2895469665527,-8.96147537231445,"Unknown"
"7014851",371865,2025-08-14 11:58:09,43.2895698547363,-8.96149921417236,"Unknown"
"7014851",371865,2025-08-14 12:03:11,43.2895469665527,-8.96136569976807,"Unknown"
"7014851",371865,2025-08-14 12:08:11,43.2895927429199,-8.96153259277344,"Unknown"
"7014851",371865,2025-08-14 12:13:15,43.2895240783691,-8.96144676208496,"Unknown"
"7014851",371865,2025-08-14 12:18:16,43.2895393371582,-8.96138000488281,"Unknown"
"7014851",371865,2025-08-14 12:23:15,43.2896385192871,-8.96148872375488,"Unknown"
"7014851",371865,2025-08-14 12:28:13,43.2897033691406,-8.96136951446533,"Unknown"
"7014851",371865,2025-08-14 12:33:09,43.2895469665527,-8.96126842498779,"Unknown"
"7014851",371865,2025-08-14 12:38:18,43.2897148132324,-8.9613676071167,"Unknown"
"7014851",371865,2025-08-14 12:43:12,43.2895851135254,-8.9612340927124,"Unknown"
"7014851",371865,2025-08-14 12:48:18,43.2894973754883,-8.96136283874512,"Unknown"
"7014851",371865,2025-08-14 12:53:35,43.2897186279297,-8.96135425567627,"Unknown"
"7014851",371865,2025-08-14 12:58:09,43.2896385192871,-8.96141910552979,"Unknown"
"7014851",371865,2025-08-14 13:03:09,43.2896385192871,-8.9613618850708,"Unknown"
"7014851",371865,2025-08-14 13:08:09,43.2896461486816,-8.96134471893311,"Unknown"
"7014851",371865,2025-08-14 13:13:09,43.289665222168,-8.9614429473877,"Unknown"
"7014851",371865,2025-08-14 13:18:09,43.2896919250488,-8.96140766143799,"Unknown"
"7014851",371865,2025-08-14 13:23:09,43.2896575927734,-8.96145057678223,"Unknown"
"7014851",371865,2025-08-14 13:28:10,43.2894973754883,-8.96150779724121,"Unknown"
"7014851",371865,2025-08-14 13:33:20,43.2895545959473,-8.96189594268799,"Unknown"
"7014851",371865,2025-08-14 13:38:10,43.2895088195801,-8.96182441711426,"Unknown"
"7014851",371865,2025-08-14 13:43:09,43.2895355224609,-8.96183776855469,"Unknown"
"7014851",371865,2025-08-14 13:48:09,43.28955078125,-8.96180629730225,"Unknown"
"7014851",371865,2025-08-14 13:53:09,43.2895355224609,-8.96184539794922,"Unknown"
"7014851",371865,2025-08-14 13:58:10,43.2895202636719,-8.96183586120605,"Unknown"
"7014851",371865,2025-08-14 14:03:09,43.2895126342773,-8.9618558883667,"Unknown"
"7014851",371865,2025-08-14 14:08:09,43.28955078125,-8.96181392669678,"Unknown"
"7014851",371865,2025-08-14 14:13:10,43.2895393371582,-8.96182632446289,"Unknown"
"7014851",371865,2025-08-14 14:18:09,43.2896385192871,-8.96164608001709,"Unknown"
"7014851",371865,2025-08-14 14:23:09,43.2895622253418,-8.96172523498535,"Unknown"
"7014851",371865,2025-08-14 14:28:09,43.2894897460938,-8.96178340911865,"Unknown"
"7014851",371865,2025-08-14 14:33:09,43.2895698547363,-8.96169853210449,"Unknown"
"7014851",371865,2025-08-14 14:38:09,43.2895431518555,-8.96181297302246,"Unknown"
"7014851",371865,2025-08-14 14:43:09,43.2895889282227,-8.96175765991211,"Unknown"
"7014851",371865,2025-08-14 14:48:13,43.2895355224609,-8.96166515350342,"Unknown"
"7014851",371865,2025-08-14 14:53:09,43.2895698547363,-8.96172904968262,"Unknown"
"7014851",371865,2025-08-14 14:58:10,43.2896118164062,-8.96180152893066,"Unknown"
"7014851",371865,2025-08-14 15:03:10,43.2895698547363,-8.96176910400391,"Unknown"
"7014851",371865,2025-08-14 15:08:11,43.289608001709,-8.96192932128906,"Unknown"
"7014851",371865,2025-08-14 15:13:09,43.2950477600098,-8.96581840515137,"Unknown"
"7014851",371865,2025-08-14 15:18:13,43.2882881164551,-8.96252822875977,"Unknown"
"7014851",371865,2025-08-14 15:23:12,43.2891807556152,-8.96113014221191,"Unknown"
"7014851",371865,2025-08-14 15:28:13,43.2897834777832,-8.96221828460693,"Unknown"
"7014851",371865,2025-08-14 15:33:19,43.2893371582031,-8.96157836914062,"Unknown"
"7014851",371865,2025-08-14 15:38:09,43.2896995544434,-8.96207141876221,"Unknown"
"7014851",371865,2025-08-14 15:43:35,43.2894821166992,-8.96169567108154,"Unknown"
"7014851",371865,2025-08-14 15:48:09,43.2894744873047,-8.9616756439209,"Unknown"
"7014851",371865,2025-08-14 15:53:10,43.2894287109375,-8.96168231964111,"Unknown"
"7014851",371865,2025-08-14 15:58:12,43.2894554138184,-8.96164798736572,"Unknown"
"7014851",371865,2025-08-14 16:03:09,43.2895584106445,-8.96159839630127,"Unknown"
"7014851",371865,2025-08-14 16:08:10,43.289436340332,-8.961669921875,"Unknown"
"7014851",371865,2025-08-14 16:13:09,43.2895278930664,-8.96164608001709,"Unknown"
"7014851",371865,2025-08-14 16:18:09,43.2894630432129,-8.96167182922363,"Unknown"
"7014851",371865,2025-08-14 16:23:09,43.2893981933594,-8.96166610717773,"Unknown"
"7014851",371865,2025-08-14 16:28:09,43.289493560791,-8.96162509918213,"Unknown"
"7014851",371865,2025-08-14 16:33:09,43.2895736694336,-8.96152591705322,"Unknown"
"7014851",371865,2025-08-14 16:38:09,43.2895164489746,-8.9616117477417,"Unknown"
"7014851",371865,2025-08-14 16:43:13,43.2895431518555,-8.96160793304443,"Unknown"
"7014851",371865,2025-08-14 16:48:10,43.2894706726074,-8.96171760559082,"Unknown"
"7014851",371865,2025-08-14 16:53:10,43.2895660400391,-8.96155643463135,"Unknown"
"7014851",371865,2025-08-14 16:58:10,43.2895202636719,-8.96161270141602,"Unknown"
"7014851",371865,2025-08-14 17:03:09,43.289493560791,-8.96164989471436,"Unknown"
"7014851",371865,2025-08-14 17:08:11,43.2894325256348,-8.96161079406738,"Unknown"
"7014851",371865,2025-08-14 17:13:11,43.2895278930664,-8.96163272857666,"Unknown"
"7014851",371865,2025-08-14 17:18:10,43.2894744873047,-8.96157169342041,"Unknown"
"7014851",371865,2025-08-14 17:23:19,43.2894668579102,-8.9616756439209,"Unknown"
"7014851",371865,2025-08-14 17:28:19,43.289493560791,-8.96172332763672,"Unknown"
"7014851",371865,2025-08-14 17:33:10,43.2894973754883,-8.96164131164551,"Unknown"
"7014851",371865,2025-08-14 17:38:35,43.2895317077637,-8.96163272857666,"Unknown"
"7014851",371865,2025-08-14 17:43:09,43.2895851135254,-8.96168899536133,"Unknown"
"7014851",371865,2025-08-14 17:48:10,43.2893905639648,-8.96160984039307,"Unknown"
"7014851",371865,2025-08-14 17:53:11,43.2897682189941,-8.96123886108398,"Unknown"
"7014851",371865,2025-08-14 17:58:10,43.2900314331055,-8.96125888824463,"Unknown"
"7014851",371865,2025-08-14 18:03:35,43.2899284362793,-8.96120357513428,"Unknown"
"7014851",371865,2025-08-14 18:08:09,43.2899703979492,-8.9613094329834,"Unknown"
"7014851",371865,2025-08-14 18:13:09,43.2900466918945,-8.96127414703369,"Unknown"
"7014851",371865,2025-08-14 18:18:10,43.2899780273438,-8.96123313903809,"Unknown"
"7014851",371865,2025-08-14 18:23:11,43.2901039123535,-8.96165180206299,"Unknown"
"7014851",371865,2025-08-14 18:28:10,43.2900428771973,-8.96128940582275,"Unknown"
"7014851",371865,2025-08-14 18:33:10,43.2900543212891,-8.96162891387939,"Unknown"
"7014851",371865,2025-08-14 18:38:11,43.2900314331055,-8.96158695220947,"Unknown"
"7014851",371865,2025-08-14 18:43:14,43.2900924682617,-8.96086120605469,"Unknown"
"7014851",371865,2025-08-14 18:48:12,43.2913627624512,-8.95894622802734,"Unknown"
"7014851",371865,2025-08-14 18:53:13,43.2915802001953,-8.96002006530762,"Unknown"
"7014851",371865,2025-08-14 18:58:20,43.2915306091309,-8.9597282409668,"Unknown"
"7014851",371865,2025-08-14 19:03:10,43.2919654846191,-8.96004867553711,"Unknown"
"7014851",371865,2025-08-14 19:08:29,43.2914237976074,-8.95987987518311,"Unknown"
"7014851",371865,2025-08-14 19:13:35,43.2912826538086,-8.95989990234375,"Unknown"
"7014851",371865,2025-08-14 19:18:12,43.2913017272949,-8.95980262756348,"Unknown"
"7014851",371865,2025-08-14 19:23:10,43.2899131774902,-8.96120834350586,"Unknown"
"7014851",371865,2025-08-14 19:28:09,43.289909362793,-8.96114540100098,"Unknown"
"7014851",371865,2025-08-14 19:33:10,43.2899131774902,-8.96114253997803,"Unknown"
"7014851",371865,2025-08-14 19:38:14,43.2909126281738,-8.95978355407715,"Unknown"
"7014851",371865,2025-08-14 19:43:13,43.2909049987793,-8.95986557006836,"Unknown"
"7014851",371865,2025-08-14 19:50:20,43.2968368530273,-8.97335243225098,"Unknown"
"7014851",371865,2025-08-14 19:55:21,43.2973976135254,-8.97358512878418,"Unknown"
"7014851",371865,2025-08-14 20:00:31,43.2982444763184,-8.97583675384521,"Unknown"
"7014851",371865,2025-08-14 20:05:19,43.3011245727539,-8.97796821594238,"Unknown"
"7014851",371865,2025-08-14 20:10:19,43.3034248352051,-8.97680282592773,"Unknown"
"7014851",371865,2025-08-14 20:15:20,43.3004150390625,-8.97207546234131,"Unknown"
"7014851",371865,2025-08-14 20:21:23,43.3002052307129,-8.94697570800781,"Unknown"
"7014851",371865,2025-08-14 20:25:18,43.2984924316406,-8.97608661651611,"Unknown"
"7014851",371865,2025-08-14 20:30:21,43.301139831543,-8.98097705841064,"Unknown"
"7014851",371865,2025-08-14 20:35:25,43.3006439208984,-8.98167037963867,"Unknown"
"7014851",371865,2025-08-14 20:40:19,43.2713394165039,-8.99617004394531,"Unknown"
"7014851",371865,2025-08-14 20:45:44,43.2636642456055,-8.98775005340576,"Unknown"
"7014851",371865,2025-08-14 20:50:21,43.2636222839355,-8.98772239685059,"Unknown"
"7014851",371865,2025-08-14 20:55:20,43.2631645202637,-8.98828601837158,"Unknown"
"7014851",371865,2025-08-14 21:00:23,43.2629776000977,-8.98844528198242,"Unknown"
"7014851",371865,2025-08-14 21:05:23,43.2627487182617,-8.98905944824219,"Unknown"
"7014851",371865,2025-08-14 21:10:20,43.2624359130859,-8.98897552490234,"Unknown"
"7014851",371865,2025-08-14 21:15:21,43.2620239257812,-8.98903274536133,"Unknown"
"7014851",371865,2025-08-14 21:20:44,43.2622489929199,-8.98900318145752,"Unknown"
"7014851",371865,2025-08-14 21:25:23,43.2623863220215,-8.98861503601074,"Unknown"
"7014851",371865,2025-08-14 21:30:47,43.2622947692871,-8.98807430267334,"Unknown"
"7014851",371865,2025-08-14 21:35:30,43.2622489929199,-8.98810195922852,"Unknown"
"7014851",371865,2025-08-14 21:40:31,43.262565612793,-8.98795509338379,"Unknown"
"7014851",371865,2025-08-14 21:45:44,43.2631072998047,-8.98811054229736,"Unknown"
"7014851",371865,2025-08-14 21:50:20,43.2634773254395,-8.98837471008301,"Unknown"
"7014851",371865,2025-08-14 21:55:20,43.2636070251465,-8.98868370056152,"Unknown"
"7014851",371865,2025-08-14 22:00:25,43.2638893127441,-8.98834609985352,"Unknown"
"7014851",371865,2025-08-14 22:05:23,43.2634315490723,-8.98816299438477,"Unknown"
"7014851",371865,2025-08-14 22:10:38,43.263500213623,-8.98789501190186,"Unknown"
"7014851",371865,2025-08-14 22:15:53,43.2643394470215,-8.98781108856201,"Unknown"
"7014851",371865,2025-08-14 22:20:23,43.2649574279785,-8.98775959014893,"Unknown"
"7014851",371865,2025-08-14 22:25:20,43.2651443481445,-8.98818588256836,"Unknown"
"7014851",371865,2025-08-14 22:30:19,43.265380859375,-8.98843860626221,"Unknown"
"7014851",371865,2025-08-14 22:35:25,43.265998840332,-8.98899555206299,"Unknown"
"7014851",371865,2025-08-14 22:40:22,43.2665138244629,-8.98858451843262,"Unknown"
"7014851",371865,2025-08-14 22:45:58,43.2662239074707,-8.98876476287842,"Unknown"
"7014851",371865,2025-08-14 22:50:33,43.2659072875977,-8.98874473571777,"Unknown"
"7014851",371865,2025-08-14 22:55:30,43.2656402587891,-8.98840522766113,"Unknown"
"7014851",371865,2025-08-14 23:00:34,43.2653579711914,-8.98806667327881,"Unknown"
"7014851",371865,2025-08-14 23:05:37,43.2656631469727,-8.98795795440674,"Unknown"
"7014851",371865,2025-08-14 23:10:38,43.2655220031738,-8.98813247680664,"Unknown"
"7014851",371865,2025-08-14 23:15:41,43.265323638916,-8.98836040496826,"Unknown"
"7014851",371865,2025-08-14 23:20:19,43.2649192810059,-8.98838138580322,"Unknown"
"7014851",371865,2025-08-14 23:25:19,43.2647399902344,-8.98901081085205,"Unknown"
"7014851",371865,2025-08-14 23:30:19,43.2685585021973,-8.99398612976074,"Unknown"
"7014851",371865,2025-08-14 23:35:21,43.2866325378418,-8.98746204376221,"Unknown"
"7014851",371865,2025-08-14 23:40:21,43.2927589416504,-8.96275329589844,"Unknown"
"7014851",371865,2025-08-14 23:45:45,43.3008995056152,-8.94713878631592,"Unknown"
"7014851",371865,2025-08-14 23:50:22,43.3009338378906,-8.94749069213867,"Unknown"
"7014851",371865,2025-08-14 23:55:22,43.3010940551758,-8.94815826416016,"Unknown"
"7014851",371865,2025-08-15 00:00:36,43.3017997741699,-8.94811248779297,"Unknown"
"7014851",371865,2025-08-15 00:05:30,43.312068939209,-8.92383670806885,"Unknown"
"7014851",371865,2025-08-15 00:10:30,43.3283424377441,-8.91369152069092,"Unknown"
"7014851",371865,2025-08-15 00:15:30,43.3358116149902,-8.89029502868652,"Unknown"
"7014851",371865,2025-08-15 00:20:30,43.3465461730957,-8.87217712402344,"Unknown"
"7014851",371865,2025-08-15 00:26:05,43.3556900024414,-8.84504508972168,"Unknown"
"7014851",371865,2025-08-15 00:30:40,43.358024597168,-8.84508800506592,"Unknown"
"7014851",371865,2025-08-15 00:35:24,43.3576965332031,-8.84473514556885,"Unknown"
"7014851",371865,2025-08-15 00:40:19,43.3576622009277,-8.84492492675781,"Unknown"
"7014851",371865,2025-08-15 00:45:52,43.357593536377,-8.84505462646484,"Unknown"
"7014851",371865,2025-08-15 00:50:18,43.3576011657715,-8.84500217437744,"Unknown"
"7014851",371865,2025-08-15 00:55:18,43.357608795166,-8.844970703125,"Unknown"
"7014851",371865,2025-08-15 01:00:19,43.3576278686523,-8.84506225585938,"Unknown"
"7014851",371865,2025-08-15 01:05:19,43.3576316833496,-8.84501934051514,"Unknown"
"7014851",371865,2025-08-15 01:10:18,43.357551574707,-8.84511566162109,"Unknown"
"7014851",371865,2025-08-15 01:15:18,43.357536315918,-8.84525108337402,"Unknown"
"7014851",371865,2025-08-15 01:20:19,43.3576240539551,-8.8450403213501,"Unknown"
"7014851",371865,2025-08-15 01:25:19,43.3575973510742,-8.84501361846924,"Unknown"
"7014851",371865,2025-08-15 01:30:23,43.3576126098633,-8.84500980377197,"Unknown"
"7014851",371865,2025-08-15 01:35:19,43.3576431274414,-8.84512233734131,"Unknown"
"7014851",371865,2025-08-15 01:40:20,43.3575897216797,-8.84506034851074,"Unknown"
"7014851",371865,2025-08-15 01:45:20,43.3575019836426,-8.84511947631836,"Unknown"
"7014851",371865,2025-08-15 01:50:19,43.3575897216797,-8.84504508972168,"Unknown"
"7014851",371865,2025-08-15 01:55:19,43.357608795166,-8.84506416320801,"Unknown"
"7014851",371865,2025-08-15 02:00:21,43.3576202392578,-8.8450756072998,"Unknown"
"7014851",371865,2025-08-15 02:05:41,43.3575668334961,-8.84500408172607,"Unknown"
"7014851",371865,2025-08-15 02:10:24,43.3576202392578,-8.84508037567139,"Unknown"
"7014851",371865,2025-08-15 02:15:21,43.357593536377,-8.84507942199707,"Unknown"
"7014851",371865,2025-08-15 02:20:21,43.3576736450195,-8.84510135650635,"Unknown"
"7014851",371865,2025-08-15 02:25:18,43.3577423095703,-8.84493160247803,"Unknown"
"7014851",371865,2025-08-15 02:30:19,43.3577728271484,-8.8449592590332,"Unknown"
"7014851",371865,2025-08-15 02:35:21,43.357723236084,-8.8450813293457,"Unknown"
"7014851",371865,2025-08-15 02:40:18,43.3576927185059,-8.84538173675537,"Unknown"
"7014851",371865,2025-08-15 02:45:44,43.3577041625977,-8.84508895874023,"Unknown"
"7014851",371865,2025-08-15 02:50:22,43.3576507568359,-8.84521675109863,"Unknown"
"7014851",371865,2025-08-15 02:55:22,43.3577003479004,-8.84493541717529,"Unknown"
"7014851",371865,2025-08-15 03:00:23,43.3576812744141,-8.84538078308105,"Unknown"
"7014851",371865,2025-08-15 03:05:22,43.3578109741211,-8.84538745880127,"Unknown"
"7014851",371865,2025-08-15 03:10:24,43.3579025268555,-8.84575939178467,"Unknown"
"7014851",371865,2025-08-15 03:15:31,43.3578834533691,-8.84570693969727,"Unknown"
"7014851",371865,2025-08-15 03:20:48,43.357738494873,-8.84526634216309,"Unknown"
"7014851",371865,2025-08-15 03:25:21,43.357608795166,-8.84496307373047,"Unknown"
"7014851",371865,2025-08-15 03:30:19,43.3577308654785,-8.84525871276855,"Unknown"
"7014851",371865,2025-08-15 03:35:23,43.3576622009277,-8.84524917602539,"Unknown"
"7014851",371865,2025-08-15 03:40:33,43.3574066162109,-8.84408855438232,"Unknown"
"7014851",371865,2025-08-15 03:45:45,43.3575553894043,-8.8448314666748,"Unknown"
"7014851",371865,2025-08-15 03:50:20,43.3575019836426,-8.84480381011963,"Unknown"
"7014851",371865,2025-08-15 03:55:30,43.357608795166,-8.84500217437744,"Unknown"
"7014851",371865,2025-08-15 04:00:18,43.3576469421387,-8.84522151947021,"Unknown"
"7014851",371865,2025-08-15 04:05:30,43.3572235107422,-8.84395790100098,"Unknown"
"7014851",371865,2025-08-15 04:10:30,43.3573303222656,-8.84389781951904,"Unknown"
"7014851",371865,2025-08-15 04:15:30,43.3573570251465,-8.84408187866211,"Unknown"
"7014851",371865,2025-08-15 04:20:27,43.3574066162109,-8.84436988830566,"Unknown"
"7014851",371865,2025-08-15 04:25:24,43.3569488525391,-8.84255313873291,"Unknown"
"7014851",371865,2025-08-15 04:30:45,43.3576240539551,-8.84514141082764,"Unknown"
"7014851",371865,2025-08-15 04:35:30,43.3575592041016,-8.8451623916626,"Unknown"
"7014851",371865,2025-08-15 04:40:28,43.3576278686523,-8.84504127502441,"Unknown"
"7014851",371865,2025-08-15 04:45:23,43.3578796386719,-8.84583950042725,"Unknown"
"7014851",371865,2025-08-15 04:50:24,43.3575096130371,-8.84482479095459,"Unknown"
"7014851",371865,2025-08-15 04:55:22,43.3578643798828,-8.84589862823486,"Unknown"
"7014851",371865,2025-08-15 05:00:23,43.3577346801758,-8.84541511535645,"Unknown"
"7014851",371865,2025-08-15 05:05:22,43.3590202331543,-8.8634729385376,"Unknown"
"7014851",371865,2025-08-15 05:10:22,43.3435478210449,-8.87921333312988,"Unknown"
"7014851",371865,2025-08-15 05:16:42,43.3326797485352,-8.9061222076416,"Unknown"
"7014851",371865,2025-08-15 05:21:42,43.3205909729004,-8.93478107452393,"Unknown"
"7014851",371865,2025-08-15 05:25:27,43.3065948486328,-8.94910335540771,"Unknown"
"7014851",371865,2025-08-15 05:30:24,43.2987785339355,-8.96329593658447,"Unknown"
"7014851",371865,2025-08-15 05:35:42,43.2986526489258,-8.9656400680542,"Unknown"
"7014851",371865,2025-08-15 05:40:28,43.298526763916,-8.96677207946777,"Unknown"
"7014851",371865,2025-08-15 05:45:30,43.2988243103027,-8.96901893615723,"Unknown"
"7014851",371865,2025-08-15 05:50:24,43.297981262207,-8.96874332427979,"Unknown"
"7014851",371865,2025-08-15 05:55:21,43.2978973388672,-8.96813488006592,"Unknown"
"7014851",371865,2025-08-15 06:00:28,43.2916374206543,-8.9760217666626,"Unknown"
"7014851",371865,2025-08-15 06:05:24,43.2921943664551,-8.97668075561523,"Unknown"
"7014851",371865,2025-08-15 06:10:21,43.2902755737305,-8.9677734375,"Unknown"
"7014851",371865,2025-08-15 06:16:03,43.2868156433105,-8.96282577514648,"Unknown"
"7014851",371865,2025-08-15 06:20:34,43.2873649597168,-8.9622049331665,"Unknown"
"7014851",371865,2025-08-15 06:25:25,43.2873878479004,-8.96197509765625,"Unknown"
"7014851",371865,2025-08-15 06:30:45,43.2872505187988,-8.96203517913818,"Unknown"
"7014851",371865,2025-08-15 06:35:23,43.2873153686523,-8.96205520629883,"Unknown"
"7014851",371865,2025-08-15 06:40:31,43.2873687744141,-8.9619665145874,"Unknown"
"7014851",371865,2025-08-15 06:45:31,43.2873764038086,-8.96206188201904,"Unknown"
"7014851",371865,2025-08-15 06:50:31,43.2875137329102,-8.96198081970215,"Unknown"
"7014851",371865,2025-08-15 06:55:59,43.2875671386719,-8.96186828613281,"Unknown"
"7014851",371865,2025-08-15 07:00:26,43.2875709533691,-8.96199607849121,"Unknown"
"7014851",371865,2025-08-15 07:05:29,43.287483215332,-8.96189594268799,"Unknown"
"7014851",371865,2025-08-15 07:10:26,43.2875099182129,-8.96190357208252,"Unknown"
"7014851",371865,2025-08-15 07:15:26,43.2874946594238,-8.96183967590332,"Unknown"
"7014851",371865,2025-08-15 07:20:26,43.2874565124512,-8.96202850341797,"Unknown"
"7014851",371865,2025-08-15 07:25:32,43.2874374389648,-8.96195793151855,"Unknown"
"7014851",371865,2025-08-15 07:30:45,43.2875137329102,-8.96181869506836,"Unknown"
"7014851",371865,2025-08-15 07:35:19,43.2873306274414,-8.96197986602783,"Unknown"
"7014851",371865,2025-08-15 07:40:20,43.2873611450195,-8.96209049224854,"Unknown"
"7014851",371865,2025-08-15 07:45:20,43.2872123718262,-8.96214771270752,"Unknown"
"7014851",371865,2025-08-15 07:53:16,43.2879486083984,-8.96148490905762,"Unknown"
"7014851",371865,2025-08-15 07:58:19,43.2879829406738,-8.96156692504883,"Unknown"
"7014851",371865,2025-08-15 08:03:13,43.2877807617188,-8.96174716949463,"Unknown"
"7014851",371865,2025-08-15 08:08:12,43.2877807617188,-8.96159839630127,"Unknown"
"7014851",371865,2025-08-15 08:13:21,43.2879981994629,-8.96135807037354,"Unknown"
"7014851",371865,2025-08-15 08:18:35,43.287914276123,-8.96123504638672,"Unknown"
"7014851",371865,2025-08-15 08:23:08,43.2878303527832,-8.96125602722168,"Unknown"
"7014851",371865,2025-08-15 08:28:35,43.2876968383789,-8.96145725250244,"Unknown"
"7014851",371865,2025-08-15 08:33:17,43.287467956543,-8.96156597137451,"Unknown"
"7014851",371865,2025-08-15 08:38:35,43.287467956543,-8.96157455444336,"Unknown"
"7014851",371865,2025-08-15 08:43:08,43.2872009277344,-8.96162223815918,"Unknown"
"7014851",371865,2025-08-15 08:48:13,43.287223815918,-8.96156406402588,"Unknown"
"7014851",371865,2025-08-15 08:53:10,43.2875175476074,-8.96175670623779,"Unknown"
"7014851",371865,2025-08-15 08:58:40,43.2875480651855,-8.96180152893066,"Unknown"
"7014851",371865,2025-08-15 09:03:59,43.287525177002,-8.96181964874268,"Unknown"
"7014851",371865,2025-08-15 09:08:17,43.2874908447266,-8.96180629730225,"Unknown"
"7014851",371865,2025-08-15 09:13:20,43.2875518798828,-8.96184635162354,"Unknown"
"7014851",371865,2025-08-15 09:18:33,43.2875366210938,-8.96177005767822,"Unknown"
"7014851",371865,2025-08-15 09:23:35,43.2875137329102,-8.96181869506836,"Unknown"
"7014851",371865,2025-08-15 09:28:10,43.2875099182129,-8.96178722381592,"Unknown"
"7014851",371865,2025-08-15 09:33:08,43.2875671386719,-8.96174430847168,"Unknown"
"7014851",371865,2025-08-15 09:38:12,43.2875442504883,-8.9617805480957,"Unknown"
"7014851",371865,2025-08-15 09:43:10,43.2875213623047,-8.96179676055908,"Unknown"
"7014851",371865,2025-08-15 09:48:08,43.2874526977539,-8.96181869506836,"Unknown"
"7014851",371865,2025-08-15 09:53:08,43.2872543334961,-8.96163558959961,"Unknown"
"7014851",371865,2025-08-15 09:58:10,43.287483215332,-8.96192455291748,"Unknown"
"7014851",371865,2025-08-15 10:03:09,43.2876014709473,-8.96199798583984,"Unknown"
"7014851",371865,2025-08-15 10:08:10,43.2875595092773,-8.96196937561035,"Unknown"
"7014851",371865,2025-08-15 10:13:09,43.2876777648926,-8.96200942993164,"Unknown"
"7014851",371865,2025-08-15 10:18:35,43.2876358032227,-8.96198654174805,"Unknown"
"7014851",371865,2025-08-15 10:23:09,43.2876281738281,-8.96201801300049,"Unknown"
"7014851",371865,2025-08-15 10:28:08,43.2876205444336,-8.96199607849121,"Unknown"
"7014851",371865,2025-08-15 10:33:08,43.2875823974609,-8.96199607849121,"Unknown"
"7014851",371865,2025-08-15 10:38:09,43.2876243591309,-8.96188354492188,"Unknown"
"7014851",371865,2025-08-15 10:43:10,43.2876205444336,-8.96200561523438,"Unknown"
"7014851",371865,2025-08-15 10:48:08,43.2876014709473,-8.96192169189453,"Unknown"
"7014851",371865,2025-08-15 10:53:09,43.2876396179199,-8.96198081970215,"Unknown"
"7014851",371865,2025-08-15 10:58:08,43.2875518798828,-8.96196365356445,"Unknown"
"7014851",371865,2025-08-15 11:03:11,43.286678314209,-8.9622163772583,"Unknown"
"7014851",371865,2025-08-15 11:08:07,43.2867698669434,-8.96233463287354,"Unknown"
"7014851",371865,2025-08-15 11:13:10,43.2880668640137,-8.96211433410645,"Unknown"
"7014851",371865,2025-08-15 11:18:11,43.2889633178711,-8.9618444442749,"Unknown"
"7014851",371865,2025-08-15 11:23:07,43.2889595031738,-8.96183204650879,"Unknown"
"7014851",371865,2025-08-15 11:28:07,43.2890167236328,-8.96184253692627,"Unknown"
"7014851",371865,2025-08-15 11:33:07,43.2889251708984,-8.96180820465088,"Unknown"
"7014851",371865,2025-08-15 11:38:08,43.2889213562012,-8.96187591552734,"Unknown"
"7014851",371865,2025-08-15 11:43:08,43.2889595031738,-8.96161651611328,"Unknown"
"7014851",371865,2025-08-15 11:48:07,43.2890701293945,-8.96191883087158,"Unknown"
"7014851",371865,2025-08-15 11:53:17,43.2889060974121,-8.96178817749023,"Unknown"
"7014851",371865,2025-08-15 11:58:35,43.288990020752,-8.9617862701416,"Unknown"
"7014851",371865,2025-08-15 12:03:07,43.2890396118164,-8.96186923980713,"Unknown"
"7014851",371865,2025-08-15 12:08:11,43.2891960144043,-8.96184730529785,"Unknown"
"7014851",371865,2025-08-15 12:13:08,43.2889251708984,-8.96168231964111,"Unknown"
"7014851",371865,2025-08-15 12:18:13,43.2887916564941,-8.96149063110352,"Unknown"
"7014851",371865,2025-08-15 12:23:15,43.2888488769531,-8.96175956726074,"Unknown"
"7014851",371865,2025-08-15 12:28:08,43.2889862060547,-8.96180152893066,"Unknown"
"7014851",371865,2025-08-15 12:33:17,43.288875579834,-8.96179008483887,"Unknown"
"7014851",371865,2025-08-15 12:38:44,43.2889251708984,-8.96172142028809,"Unknown"
"7014851",371865,2025-08-15 12:43:09,43.2889785766602,-8.96174716949463,"Unknown"
"7014851",371865,2025-08-15 12:48:18,43.2888832092285,-8.96181106567383,"Unknown"
"7014851",371865,2025-08-15 12:53:16,43.2888641357422,-8.96185779571533,"Unknown"
"7014851",371865,2025-08-15 12:58:18,43.2888221740723,-8.96177101135254,"Unknown"
"7014851",371865,2025-08-15 13:03:18,43.2889671325684,-8.96187019348145,"Unknown"
"7014851",371865,2025-08-15 13:08:18,43.2889518737793,-8.96192646026611,"Unknown"
"7014851",371865,2025-08-15 13:13:18,43.2890434265137,-8.96187877655029,"Unknown"
"7014851",371865,2025-08-15 13:18:18,43.2889137268066,-8.96189308166504,"Unknown"
"7014851",371865,2025-08-15 13:23:18,43.2889060974121,-8.96186065673828,"Unknown"
"7014851",371865,2025-08-15 13:28:18,43.2889213562012,-8.96184539794922,"Unknown"
"7014851",371865,2025-08-15 13:33:19,43.2888565063477,-8.96184635162354,"Unknown"
"7014851",371865,2025-08-15 13:38:19,43.289005279541,-8.9618968963623,"Unknown"
"7014851",371865,2025-08-15 13:43:19,43.2888946533203,-8.96189594268799,"Unknown"
"7014851",371865,2025-08-15 13:48:19,43.288890838623,-8.96179866790771,"Unknown"
"7014851",371865,2025-08-15 13:53:19,43.2889747619629,-8.96186923980713,"Unknown"
"7014851",371865,2025-08-15 13:58:24,43.2890243530273,-8.96189594268799,"Unknown"
"7014851",371865,2025-08-15 14:03:35,43.2889671325684,-8.96187877655029,"Unknown"
"7014851",371865,2025-08-15 14:08:10,43.2889175415039,-8.96189785003662,"Unknown"
"7014851",371865,2025-08-15 14:13:09,43.2889289855957,-8.96189117431641,"Unknown"
"7014851",371865,2025-08-15 14:18:10,43.2889785766602,-8.9618444442749,"Unknown"
"7014851",371865,2025-08-15 14:23:11,43.2889060974121,-8.96198558807373,"Unknown"
"7014851",371865,2025-08-15 14:28:08,43.2890243530273,-8.96187973022461,"Unknown"
"7014851",371865,2025-08-15 14:33:08,43.2891540527344,-8.96201229095459,"Unknown"
"7014851",371865,2025-08-15 14:38:10,43.2891654968262,-8.96195411682129,"Unknown"
"7014851",371865,2025-08-15 14:43:11,43.2890777587891,-8.96200942993164,"Unknown"
"7014851",371865,2025-08-15 14:48:09,43.2902412414551,-8.9694356918335,"Unknown"
"7014851",371865,2025-08-15 14:53:07,43.2913360595703,-8.977952003479,"Unknown"
"7014851",371865,2025-08-15 14:58:08,43.2921524047852,-8.97657680511475,"Unknown"
"7014851",371865,2025-08-15 15:03:07,43.2931289672852,-8.96631622314453,"Unknown"
"7014851",371865,2025-08-15 15:08:24,43.2878341674805,-8.96195602416992,"Unknown"
"7014851",371865,2025-08-15 15:13:26,43.2878646850586,-8.96204471588135,"Unknown"
"7014851",371865,2025-08-15 15:18:11,43.2878570556641,-8.96194839477539,"Unknown"
"7014851",371865,2025-08-15 15:23:13,43.2879333496094,-8.9619665145874,"Unknown"
"7014851",371865,2025-08-15 15:28:19,43.2880325317383,-8.96219921112061,"Unknown"
"7014851",371865,2025-08-15 15:33:08,43.2879791259766,-8.96221256256104,"Unknown"
"7014851",371865,2025-08-15 15:38:44,43.2879180908203,-8.961989402771,"Unknown"
"7014851",371865,2025-08-15 15:43:35,43.2891502380371,-8.96177959442139,"Unknown"
"7014851",371865,2025-08-15 15:48:08,43.2890090942383,-8.96165561676025,"Unknown"
"7014851",371865,2025-08-15 15:53:15,43.2889404296875,-8.96176338195801,"Unknown"
"7014851",371865,2025-08-15 15:58:09,43.288875579834,-8.961745262146,"Unknown"
"7014851",371865,2025-08-15 16:03:18,43.288948059082,-8.96177864074707,"Unknown"
"7014851",371865,2025-08-15 16:08:18,43.2889595031738,-8.9619197845459,"Unknown"
"7014851",371865,2025-08-15 16:13:18,43.288932800293,-8.96187877655029,"Unknown"
"7014851",371865,2025-08-15 16:18:18,43.288948059082,-8.96168994903564,"Unknown"
"7014851",371865,2025-08-15 16:23:18,43.2888946533203,-8.96168994903564,"Unknown"
"7014851",371865,2025-08-15 16:28:35,43.2889633178711,-8.96174335479736,"Unknown"
"7014851",371865,2025-08-15 16:33:08,43.2890739440918,-8.96175575256348,"Unknown"
"7014851",371865,2025-08-15 16:38:07,43.2890434265137,-8.9617977142334,"Unknown"
"7014851",371865,2025-08-15 16:43:10,43.2890243530273,-8.96181011199951,"Unknown"
"7014851",371865,2025-08-15 16:48:07,43.288948059082,-8.96175193786621,"Unknown"
"7014851",371865,2025-08-15 16:53:09,43.2889823913574,-8.961745262146,"Unknown"
"7014851",371865,2025-08-15 16:58:07,43.2889976501465,-8.96174907684326,"Unknown"
"7014851",371865,2025-08-15 17:03:08,43.2888717651367,-8.96167469024658,"Unknown"
"7014851",371865,2025-08-15 17:08:07,43.2888946533203,-8.96158123016357,"Unknown"
"7014851",371865,2025-08-15 17:13:08,43.2889366149902,-8.96158790588379,"Unknown"
"7014851",371865,2025-08-15 17:18:08,43.2888717651367,-8.96150016784668,"Unknown"
"7014851",371865,2025-08-15 17:23:13,43.2888870239258,-8.96135330200195,"Unknown"
"7014851",371865,2025-08-15 17:28:13,43.2889099121094,-8.96136856079102,"Unknown"
"7014851",371865,2025-08-15 17:33:07,43.2889518737793,-8.96145915985107,"Unknown"
"7014851",371865,2025-08-15 17:38:07,43.2889862060547,-8.96157550811768,"Unknown"
"7014851",371865,2025-08-15 17:43:07,43.2888565063477,-8.96138191223145,"Unknown"
"7014851",371865,2025-08-15 17:48:10,43.2890014648438,-8.96166324615479,"Unknown"
"7014851",371865,2025-08-15 17:53:10,43.2890014648438,-8.96161460876465,"Unknown"
"7014851",371865,2025-08-15 17:58:08,43.2890090942383,-8.96161842346191,"Unknown"
"7014851",371865,2025-08-15 18:03:18,43.288932800293,-8.96156787872314,"Unknown"
"7014851",371865,2025-08-15 18:08:08,43.2890167236328,-8.96166133880615,"Unknown"
"7014851",371865,2025-08-15 18:13:13,43.2889251708984,-8.9615478515625,"Unknown"
"7014851",371865,2025-08-15 18:18:07,43.288932800293,-8.961594581604,"Unknown"
"7014851",371865,2025-08-15 18:23:09,43.2887344360352,-8.96130847930908,"Unknown"
"7014851",371865,2025-08-15 18:28:08,43.3052024841309,-8.95292854309082,"Unknown"
"7014851",371865,2025-08-15 18:33:08,43.3250350952148,-8.90994071960449,"Unknown"
"7014851",371865,2025-08-15 18:38:08,43.3239440917969,-8.90495872497559,"Unknown"
"7014851",371865,2025-08-15 18:43:15,43.3240203857422,-8.90492343902588,"Unknown"
"7014851",371865,2025-08-15 18:48:44,43.3239479064941,-8.90525531768799,"Unknown"
"7014851",371865,2025-08-15 18:53:13,43.3240661621094,-8.90540599822998,"Unknown"
"7014851",371865,2025-08-15 18:58:12,43.3242034912109,-8.90618133544922,"Unknown"
"7014851",371865,2025-08-15 19:03:08,43.3219337463379,-8.90661144256592,"Unknown"
"7014851",371865,2025-08-15 19:08:12,43.3210754394531,-8.90801334381104,"Unknown"
"7014851",371865,2025-08-15 19:13:07,43.3212203979492,-8.90807437896729,"Unknown"
"7014851",371865,2025-08-15 19:18:35,43.3212356567383,-8.9075756072998,"Unknown"
"7014851",371865,2025-08-15 19:23:13,43.3212051391602,-8.9075174331665,"Unknown"
"7014851",371865,2025-08-15 19:28:35,43.3212509155273,-8.90749263763428,"Unknown"
"7014851",371865,2025-08-15 19:33:08,43.3211860656738,-8.90749931335449,"Unknown"
"7014851",371865,2025-08-15 19:38:08,43.3213157653809,-8.90760517120361,"Unknown"
"7014851",371865,2025-08-15 19:43:08,43.3212432861328,-8.90756988525391,"Unknown"
"7014851",371865,2025-08-15 19:48:07,43.3230781555176,-8.9195384979248,"Unknown"
"7014851",371865,2025-08-15 19:53:09,43.321231842041,-8.90746402740479,"Unknown"
"7014851",371865,2025-08-15 19:58:08,43.3326835632324,-8.89412212371826,"Unknown"
"7014851",371865,2025-08-15 20:03:18,43.3595161437988,-8.8462085723877,"Unknown"
"7014851",371865,2025-08-15 20:08:08,43.3577919006348,-8.84497833251953,"Unknown"
"7014851",371865,2025-08-15 20:13:13,43.357852935791,-8.84506320953369,"Unknown"
"7014851",371865,2025-08-15 20:18:12,43.357551574707,-8.84498405456543,"Unknown"
"7014851",371865,2025-08-15 20:23:16,43.3575134277344,-8.84499073028564,"Unknown"
"7014851",371865,2025-08-15 20:28:08,43.3576507568359,-8.84508800506592,"Unknown"
"7014851",371865,2025-08-15 20:33:13,43.3575668334961,-8.84494018554688,"Unknown"
"7014851",371865,2025-08-15 20:38:32,43.3575553894043,-8.84499359130859,"Unknown"
"7014851",371865,2025-08-15 20:43:18,43.3576011657715,-8.84498882293701,"Unknown"
"7014851",371865,2025-08-15 20:48:07,43.3577690124512,-8.84502220153809,"Unknown"
"7014851",371865,2025-08-15 20:53:07,43.3576240539551,-8.84497165679932,"Unknown"
"7014851",371865,2025-08-15 20:58:08,43.3576850891113,-8.84496879577637,"Unknown"
"7014851",371865,2025-08-15 21:03:07,43.3576240539551,-8.84498119354248,"Unknown"
"7014851",371865,2025-08-15 21:08:34,43.3576469421387,-8.84500694274902,"Unknown"
"7014851",371865,2025-08-15 21:13:08,43.3575973510742,-8.84508228302002,"Unknown"
"7014851",371865,2025-08-15 21:18:09,43.3576965332031,-8.84500026702881,"Unknown"
"7014851",371865,2025-08-15 21:23:07,43.3576240539551,-8.84499835968018,"Unknown"
"7014851",371865,2025-08-15 21:28:07,43.3576583862305,-8.84506416320801,"Unknown"
"7014851",371865,2025-08-15 21:33:07,43.357593536377,-8.84500026702881,"Unknown"
"7014851",371865,2025-08-15 21:38:07,43.3577041625977,-8.8450756072998,"Unknown"
"7014851",371865,2025-08-15 21:43:07,43.3576431274414,-8.84504127502441,"Unknown"
"7014851",371865,2025-08-15 21:48:07,43.3576049804688,-8.84502124786377,"Unknown"
"7014851",371865,2025-08-15 21:53:08,43.3575859069824,-8.84497356414795,"Unknown"
"7014851",371865,2025-08-15 21:58:08,43.3576049804688,-8.84506225585938,"Unknown"
"7014851",371865,2025-08-15 22:03:16,43.3575096130371,-8.84511470794678,"Unknown"
"7014851",371865,2025-08-15 22:08:10,43.3574714660645,-8.8451042175293,"Unknown"
"7014851",371865,2025-08-15 22:13:13,43.3575592041016,-8.84504318237305,"Unknown"
"7014851",371865,2025-08-15 22:18:08,43.3575973510742,-8.84499549865723,"Unknown"
"7014851",371865,2025-08-15 22:23:07,43.3575706481934,-8.84511375427246,"Unknown"
"7014851",371865,2025-08-15 22:28:07,43.3576240539551,-8.84513568878174,"Unknown"
"7014851",371865,2025-08-15 22:33:07,43.3576431274414,-8.84510040283203,"Unknown"
"7014851",371865,2025-08-15 22:38:21,43.3575325012207,-8.84494781494141,"Unknown"
"7014851",371865,2025-08-15 22:43:25,43.357551574707,-8.84500885009766,"Unknown"
"7014851",371865,2025-08-15 22:48:08,43.3575859069824,-8.84502124786377,"Unknown"
"7014851",371865,2025-08-15 22:53:12,43.3575325012207,-8.84499549865723,"Unknown"
"7014851",371865,2025-08-15 22:58:13,43.3576507568359,-8.8451099395752,"Unknown"
"7014851",371865,2025-08-15 23:03:35,43.3576202392578,-8.8450756072998,"Unknown"
"7014851",371865,2025-08-15 23:08:07,43.3576126098633,-8.84507751464844,"Unknown"
"7014851",371865,2025-08-15 23:13:07,43.3575859069824,-8.8450403213501,"Unknown"
"7014851",371865,2025-08-15 23:18:08,43.3576889038086,-8.84510517120361,"Unknown"
"7014851",371865,2025-08-15 23:23:07,43.3576049804688,-8.84508419036865,"Unknown"
"7014851",371865,2025-08-15 23:28:07,43.3576622009277,-8.84513282775879,"Unknown"
"7014851",371865,2025-08-15 23:33:07,43.3576927185059,-8.84516906738281,"Unknown"
"7014851",371865,2025-08-15 23:38:07,43.3576011657715,-8.84507083892822,"Unknown"
"7014851",371865,2025-08-15 23:43:09,43.3576850891113,-8.84514808654785,"Unknown"
"7014851",371865,2025-08-15 23:48:09,43.3574867248535,-8.84495639801025,"Unknown"
"7014851",371865,2025-08-15 23:53:10,43.3574066162109,-8.84487915039062,"Unknown"
"7014851",371865,2025-08-15 23:58:16,43.3576698303223,-8.84517574310303,"Unknown"
"7014851",371865,2025-08-16 00:03:08,43.3575439453125,-8.84507942199707,"Unknown"
"7014851",371865,2025-08-16 00:08:11,43.3573112487793,-8.8447961807251,"Unknown"
"7014851",371865,2025-08-16 00:13:09,43.357292175293,-8.84481430053711,"Unknown"
"7014851",371865,2025-08-16 00:18:09,43.3577117919922,-8.84518909454346,"Unknown"
"7014851",371865,2025-08-16 00:23:09,43.3576049804688,-8.84515953063965,"Unknown"
"7014851",371865,2025-08-16 00:28:08,43.357666015625,-8.84516716003418,"Unknown"
"7014851",371865,2025-08-16 00:33:09,43.3576011657715,-8.84518337249756,"Unknown"
"7014851",371865,2025-08-16 00:38:33,43.3575553894043,-8.84512710571289,"Unknown"
"7014851",371865,2025-08-16 00:43:07,43.3576545715332,-8.84506225585938,"Unknown"
"7014851",371865,2025-08-16 00:48:07,43.3575134277344,-8.84505939483643,"Unknown"
"7014851",371865,2025-08-16 00:53:07,43.357551574707,-8.84512424468994,"Unknown"
"7014851",371865,2025-08-16 00:58:07,43.3574714660645,-8.84521770477295,"Unknown"
"7014851",371865,2025-08-16 01:03:07,43.3575325012207,-8.84509563446045,"Unknown"
"7014851",371865,2025-08-16 01:08:07,43.3575325012207,-8.8451452255249,"Unknown"
"7014851",371865,2025-08-16 01:13:07,43.3575172424316,-8.84512805938721,"Unknown"
"7014851",371865,2025-08-16 01:18:07,43.3575019836426,-8.84515285491943,"Unknown"
"7014851",371865,2025-08-16 01:23:07,43.3575057983398,-8.84515476226807,"Unknown"
"7014851",371865,2025-08-16 01:28:08,43.3574905395508,-8.84513664245605,"Unknown"
"7014851",371865,2025-08-16 01:33:09,43.3575477600098,-8.8451976776123,"Unknown"
"7014851",371865,2025-08-16 01:38:07,43.3780860900879,-8.85969352722168,"Unknown"
"7014851",371865,2025-08-16 01:43:08,43.3789329528809,-8.86155796051025,"Unknown"
"7014851",371865,2025-08-16 01:48:07,43.3721160888672,-8.88450622558594,"Unknown"
"7014851",371865,2025-08-16 01:53:20,43.3664512634277,-8.89886856079102,"Unknown"
"7014851",371865,2025-08-16 01:58:35,43.3668670654297,-8.89972496032715,"Unknown"
"7014851",371865,2025-08-16 02:03:08,43.3668556213379,-8.90038299560547,"Unknown"
"7014851",371865,2025-08-16 02:08:11,43.3672294616699,-8.90146636962891,"Unknown"
"7014851",371865,2025-08-16 02:13:11,43.3675155639648,-8.90178298950195,"Unknown"
"7014851",371865,2025-08-16 02:18:11,43.367733001709,-8.90195751190186,"Unknown"
"7014851",371865,2025-08-16 02:23:18,43.3674240112305,-8.90201187133789,"Unknown"
"7014851",371865,2025-08-16 02:28:14,43.3677177429199,-8.90231513977051,"Unknown"
"7014851",371865,2025-08-16 02:33:14,43.3675804138184,-8.9024076461792,"Unknown"
"7014851",371865,2025-08-16 02:38:11,43.3681945800781,-8.90264892578125,"Unknown"
"7014851",371865,2025-08-16 02:43:18,43.368293762207,-8.90194797515869,"Unknown"
"7014851",371865,2025-08-16 02:48:13,43.3686752319336,-8.90195655822754,"Unknown"
"7014851",371865,2025-08-16 02:53:09,43.3477897644043,-8.89435958862305,"Unknown"
"7014851",371865,2025-08-16 02:58:10,43.3301620483398,-8.91331481933594,"Unknown"
"7014851",371865,2025-08-16 03:03:14,43.3198432922363,-8.92960643768311,"Unknown"
"7014851",371865,2025-08-16 03:08:14,43.3200798034668,-8.93043327331543,"Unknown"
"7014851",371865,2025-08-16 03:13:14,43.319263458252,-8.93247890472412,"Unknown"
"7014851",371865,2025-08-16 03:18:19,43.3162536621094,-8.94111347198486,"Unknown"
"7014851",371865,2025-08-16 03:23:19,43.3165397644043,-8.94143199920654,"Unknown"
"7014851",371865,2025-08-16 03:28:13,43.3170166015625,-8.94155025482178,"Unknown"
"7014851",371865,2025-08-16 03:33:19,43.3176498413086,-8.94198608398438,"Unknown"
"7014851",371865,2025-08-16 03:38:33,43.3180084228516,-8.94241237640381,"Unknown"
"7014851",371865,2025-08-16 03:43:07,43.3178443908691,-8.94309425354004,"Unknown"
"7014851",371865,2025-08-16 03:48:07,43.3179512023926,-8.9439058303833,"Unknown"
"7014851",371865,2025-08-16 03:53:09,43.3183555603027,-8.94478416442871,"Unknown"
"7014851",371865,2025-08-16 03:58:10,43.319091796875,-8.94548225402832,"Unknown"
"7014851",371865,2025-08-16 04:03:07,43.3194160461426,-8.94631862640381,"Unknown"
"7014851",371865,2025-08-16 04:08:11,43.3196716308594,-8.94639873504639,"Unknown"
"7014851",371865,2025-08-16 04:13:07,43.3197059631348,-8.94619083404541,"Unknown"
"7014851",371865,2025-08-16 04:18:10,43.3196563720703,-8.94627857208252,"Unknown"
"7014851",371865,2025-08-16 04:23:13,43.3196754455566,-8.94614505767822,"Unknown"
"7014851",371865,2025-08-16 04:28:10,43.3197746276855,-8.94564056396484,"Unknown"
"7014851",371865,2025-08-16 04:33:35,43.3195381164551,-8.945387840271,"Unknown"
"7014851",371865,2025-08-16 04:38:07,43.3193283081055,-8.94468212127686,"Unknown"
"7014851",371865,2025-08-16 04:43:07,43.3191299438477,-8.94442367553711,"Unknown"
"7014851",371865,2025-08-16 04:48:10,43.3187561035156,-8.94413757324219,"Unknown"
"7014851",371865,2025-08-16 04:53:07,43.3186073303223,-8.94367599487305,"Unknown"
"7014851",371865,2025-08-16 04:58:08,43.3182029724121,-8.94379043579102,"Unknown"
"7014851",371865,2025-08-16 05:03:09,43.3177871704102,-8.94397449493408,"Unknown"
"7014851",371865,2025-08-16 05:08:10,43.3173751831055,-8.94408416748047,"Unknown"
"7014851",371865,2025-08-16 05:13:08,43.3170204162598,-8.94439697265625,"Unknown"
"7014851",371865,2025-08-16 05:18:09,43.3171920776367,-8.9450101852417,"Unknown"
"7014851",371865,2025-08-16 05:23:35,43.3174095153809,-8.94487190246582,"Unknown"
"7014851",371865,2025-08-16 05:28:10,43.3175392150879,-8.94448852539062,"Unknown"
"7014851",371865,2025-08-16 05:33:10,43.3234214782715,-8.9353666305542,"Unknown"
"7014851",371865,2025-08-16 05:38:07,43.322940826416,-8.93489074707031,"Unknown"
"7014851",371865,2025-08-16 05:43:09,43.3200569152832,-8.9333963394165,"Unknown"
"7014851",371865,2025-08-16 05:48:09,43.3201904296875,-8.93474769592285,"Unknown"
"7014851",371865,2025-08-16 05:53:11,43.3204193115234,-8.93469142913818,"Unknown"
"7014851",371865,2025-08-16 05:58:11,43.3021812438965,-8.94683742523193,"Unknown"
"7014851",371865,2025-08-16 06:03:35,43.2898254394531,-8.96125888824463,"Unknown"
"7014851",371865,2025-08-16 06:08:12,43.289794921875,-8.96126270294189,"Unknown"
"7014851",371865,2025-08-16 06:13:07,43.289737701416,-8.9612512588501,"Unknown"
"7014851",371865,2025-08-16 06:18:06,43.2897071838379,-8.96133613586426,"Unknown"
"7014851",371865,2025-08-16 06:23:07,43.2896728515625,-8.96126270294189,"Unknown"
"7014851",371865,2025-08-16 06:28:11,43.2897796630859,-8.96190738677979,"Unknown"
"7014851",371865,2025-08-16 06:33:13,43.2897300720215,-8.96125507354736,"Unknown"
"7014851",371865,2025-08-16 06:38:18,43.2897567749023,-8.96117496490479,"Unknown"
"7014851",371865,2025-08-16 06:43:16,43.2898101806641,-8.96120548248291,"Unknown"
"7014851",371865,2025-08-16 06:48:19,43.2898902893066,-8.96114253997803,"Unknown"
"7014851",371865,2025-08-16 06:53:13,43.2898406982422,-8.96114158630371,"Unknown"
"7014851",371865,2025-08-16 06:58:12,43.2898826599121,-8.96038722991943,"Unknown"
"7014851",371865,2025-08-16 07:03:16,43.2898216247559,-8.96119213104248,"Unknown"
"7014851",371865,2025-08-16 07:08:11,43.2898330688477,-8.9614200592041,"Unknown"
"7014851",371865,2025-08-16 07:13:13,43.2898864746094,-8.96118640899658,"Unknown"
"7014851",371865,2025-08-16 07:18:18,43.2898559570312,-8.96114253997803,"Unknown"
"7014851",371865,2025-08-16 07:23:12,43.2898559570312,-8.96106243133545,"Unknown"
"7014851",371865,2025-08-16 07:28:12,43.2898864746094,-8.96116924285889,"Unknown"
"7014851",371865,2025-08-16 07:33:34,43.2898635864258,-8.96115589141846,"Unknown"
"7014851",371865,2025-08-16 07:38:06,43.2900009155273,-8.96134185791016,"Unknown"
"7014851",371865,2025-08-16 07:43:07,43.2877731323242,-8.96174621582031,"Unknown"
"7014851",371865,2025-08-16 07:53:08,43.2877769470215,-8.96158313751221,"Unknown"
"7014851",371865,2025-08-16 07:58:06,43.2878303527832,-8.96164417266846,"Unknown"
"7014851",371865,2025-08-16 08:03:06,43.2878684997559,-8.96157550811768,"Unknown"
"7014851",371865,2025-08-16 08:08:07,43.2878723144531,-8.96158981323242,"Unknown"
"7014851",371865,2025-08-16 08:13:08,43.2878532409668,-8.96164989471436,"Unknown"
"7014851",371865,2025-08-16 08:18:07,43.2878189086914,-8.96173572540283,"Unknown"
"7014851",371865,2025-08-16 08:23:11,43.2878761291504,-8.96170997619629,"Unknown"
"7014851",371865,2025-08-16 08:28:23,43.2879104614258,-8.96169662475586,"Unknown"
"7014851",371865,2025-08-16 08:33:35,43.2878570556641,-8.96167945861816,"Unknown"
"7014851",371865,2025-08-16 08:38:06,43.2879600524902,-8.96166610717773,"Unknown"
"7014851",371865,2025-08-16 08:43:07,43.2879791259766,-8.96175289154053,"Unknown"
"7014851",371865,2025-08-16 08:48:08,43.2877807617188,-8.96181488037109,"Unknown"
"7014851",371865,2025-08-16 08:53:10,43.2880516052246,-8.9618034362793,"Unknown"
"7014851",371865,2025-08-16 08:58:08,43.2879638671875,-8.96183490753174,"Unknown"
"7014851",371865,2025-08-16 09:03:08,43.2879066467285,-8.96192646026611,"Unknown"
"7014851",371865,2025-08-16 09:08:08,43.2878112792969,-8.96190166473389,"Unknown"
"7014851",371865,2025-08-16 09:13:08,43.2879028320312,-8.96170043945312,"Unknown"
"7014851",371865,2025-08-16 09:18:07,43.2878036499023,-8.96194553375244,"Unknown"
"7014851",371865,2025-08-16 09:23:08,43.2876892089844,-8.96166896820068,"Unknown"
"7014851",371865,2025-08-16 09:28:08,43.2879257202148,-8.9617338180542,"Unknown"
"7014851",371865,2025-08-16 09:33:08,43.2877922058105,-8.96176719665527,"Unknown"
"7014851",371865,2025-08-16 09:38:44,43.2878913879395,-8.96177387237549,"Unknown"
"7014851",371865,2025-08-16 09:43:06,43.2878341674805,-8.96171569824219,"Unknown"
"7014851",371865,2025-08-16 09:48:06,43.2879676818848,-8.96180438995361,"Unknown"
"7014851",371865,2025-08-16 09:53:06,43.2879486083984,-8.96175765991211,"Unknown"
"7014851",371865,2025-08-16 09:58:06,43.287956237793,-8.96179580688477,"Unknown"
"7014851",371865,2025-08-16 10:03:07,43.2879638671875,-8.96186542510986,"Unknown"
"7014851",371865,2025-08-16 10:08:11,43.2880210876465,-8.96203708648682,"Unknown"
"7014851",371865,2025-08-16 10:13:21,43.2879753112793,-8.96175384521484,"Unknown"
"7014851",371865,2025-08-16 10:18:07,43.2880935668945,-8.96196842193604,"Unknown"
"7014851",371865,2025-08-16 10:23:18,43.2876205444336,-8.96149444580078,"Unknown"
"7014851",371865,2025-08-16 10:28:11,43.2878074645996,-8.96169281005859,"Unknown"
"7014851",371865,2025-08-16 10:33:35,43.2878837585449,-8.96174907684326,"Unknown"
"7014851",371865,2025-08-16 10:38:08,43.2896156311035,-8.96151256561279,"Unknown"
"7014851",371865,2025-08-16 10:43:07,43.289493560791,-8.9614315032959,"Unknown"
"7014851",371865,2025-08-16 10:48:35,43.2896957397461,-8.96138286590576,"Unknown"
"7014851",371865,2025-08-16 10:53:07,43.2897415161133,-8.96139240264893,"Unknown"
"7014851",371865,2025-08-16 10:58:06,43.2897338867188,-8.9614315032959,"Unknown"
"7014851",371865,2025-08-16 11:03:06,43.2897987365723,-8.96144104003906,"Unknown"
"7014851",371865,2025-08-16 11:08:06,43.2897262573242,-8.96137809753418,"Unknown"
"7014851",371865,2025-08-16 11:13:08,43.2898559570312,-8.96148490905762,"Unknown"
"7014851",371865,2025-08-16 11:18:11,43.2897300720215,-8.96149635314941,"Unknown"
"7014851",371865,2025-08-16 11:23:13,43.2895698547363,-8.96131324768066,"Unknown"
"7014851",371865,2025-08-16 11:28:06,43.2897872924805,-8.96159744262695,"Unknown"
"7014851",371865,2025-08-16 11:33:08,43.2896118164062,-8.96157264709473,"Unknown"
"7014851",371865,2025-08-16 11:38:22,43.2896995544434,-8.96165466308594,"Unknown"
"7014851",371865,2025-08-16 11:43:31,43.2897300720215,-8.96158027648926,"Unknown"
"7014851",371865,2025-08-16 11:48:11,43.2896919250488,-8.9616527557373,"Unknown"
"7014851",371865,2025-08-16 11:53:18,43.2898178100586,-8.96160221099854,"Unknown"
"7014851",371865,2025-08-16 11:58:45,43.2897987365723,-8.96150588989258,"Unknown"
"7014851",371865,2025-08-16 12:03:16,43.289867401123,-8.96150016784668,"Unknown"
"7014851",371865,2025-08-16 12:08:13,43.2897682189941,-8.96153259277344,"Unknown"
"7014851",371865,2025-08-16 12:13:11,43.289924621582,-8.96161365509033,"Unknown"
"7014851",371865,2025-08-16 12:18:15,43.2897529602051,-8.96147537231445,"Unknown"
"7014851",371865,2025-08-16 12:23:09,43.2900505065918,-8.96180057525635,"Unknown"
"7014851",371865,2025-08-16 12:28:18,43.2897911071777,-8.96153163909912,"Unknown"
"7014851",371865,2025-08-16 12:33:09,43.2898597717285,-8.96152114868164,"Unknown"
"7014851",371865,2025-08-16 12:38:18,43.289867401123,-8.96158885955811,"Unknown"
"7014851",371865,2025-08-16 12:43:35,43.2897834777832,-8.96159839630127,"Unknown"
"7014851",371865,2025-08-16 12:48:09,43.2898330688477,-8.96156787872314,"Unknown"
"7014851",371865,2025-08-16 12:53:06,43.2897491455078,-8.96166515350342,"Unknown"
"7014851",371865,2025-08-16 12:58:35,43.2897987365723,-8.9616003036499,"Unknown"
"7014851",371865,2025-08-16 13:03:07,43.2897682189941,-8.96159648895264,"Unknown"
"7014851",371865,2025-08-16 13:08:08,43.289924621582,-8.96147441864014,"Unknown"
"7014851",371865,2025-08-16 13:13:06,43.2898483276367,-8.96155071258545,"Unknown"
"7014851",371865,2025-08-16 13:18:06,43.2898330688477,-8.9615306854248,"Unknown"
"7014851",371865,2025-08-16 13:23:07,43.289794921875,-8.96163558959961,"Unknown"
"7014851",371865,2025-08-16 13:28:06,43.2898025512695,-8.96157264709473,"Unknown"
"7014851",371865,2025-08-16 13:33:07,43.2898597717285,-8.9615592956543,"Unknown"
"7014851",371865,2025-08-16 13:38:06,43.2898178100586,-8.96160507202148,"Unknown"
"7014851",371865,2025-08-16 13:43:06,43.2898712158203,-8.96157932281494,"Unknown"
"7014851",371865,2025-08-16 13:48:07,43.2898216247559,-8.96159553527832,"Unknown"
"7014851",371865,2025-08-16 13:53:06,43.2898025512695,-8.96161842346191,"Unknown"
"7014851",371865,2025-08-16 13:58:06,43.2897300720215,-8.96150016784668,"Unknown"
"7014851",371865,2025-08-16 14:03:08,43.2897682189941,-8.9615535736084,"Unknown"
"7014851",371865,2025-08-16 14:08:06,43.2897491455078,-8.96160793304443,"Unknown"
"7014851",371865,2025-08-16 14:13:07,43.2898292541504,-8.96163463592529,"Unknown"
"7014851",371865,2025-08-16 14:18:07,43.2896537780762,-8.96150588989258,"Unknown"
"7014851",371865,2025-08-16 14:23:08,43.2897758483887,-8.96162414550781,"Unknown"
"7014851",371865,2025-08-16 14:28:12,43.2897033691406,-8.96158409118652,"Unknown"
"7014851",371865,2025-08-16 14:33:18,43.2897644042969,-8.9616756439209,"Unknown"
"7014851",371865,2025-08-16 14:38:09,43.2899780273438,-8.96182155609131,"Unknown"
"7014851",371865,2025-08-16 14:43:09,43.2900886535645,-8.96190547943115,"Unknown"
"7014851",371865,2025-08-16 14:48:07,43.2900123596191,-8.96190166473389,"Unknown"
"7014851",371865,2025-08-16 14:53:11,43.2900352478027,-8.96187305450439,"Unknown"
"7014851",371865,2025-08-16 14:58:07,43.303897857666,-8.95579242706299,"Unknown"
"7014851",371865,2025-08-16 15:03:12,43.3056106567383,-8.95695495605469,"Unknown"
"7014851",371865,2025-08-16 15:08:12,43.3053703308105,-8.95632266998291,"Unknown"
"7014851",371865,2025-08-16 15:13:10,43.3075370788574,-8.95448017120361,"Unknown"
"7014851",371865,2025-08-16 15:18:13,43.3040618896484,-8.95376777648926,"Unknown"
"7014851",371865,2025-08-16 15:23:36,43.2894821166992,-8.96218109130859,"Unknown"
"7014851",371865,2025-08-16 15:28:11,43.2894134521484,-8.96192741394043,"Unknown"
"7014851",371865,2025-08-16 15:33:07,43.2897033691406,-8.96241474151611,"Unknown"
"7014851",371865,2025-08-16 15:38:44,43.2895889282227,-8.96219825744629,"Unknown"
"7014851",371865,2025-08-16 15:43:10,43.289665222168,-8.9624195098877,"Unknown"
"7014851",371865,2025-08-16 15:48:11,43.2894744873047,-8.96118354797363,"Unknown"
"7014851",371865,2025-08-16 15:53:34,43.2895393371582,-8.96193695068359,"Unknown"
"7014851",371865,2025-08-16 15:58:10,43.2897071838379,-8.96187686920166,"Unknown"
"7014851",371865,2025-08-16 16:03:09,43.2897148132324,-8.96242618560791,"Unknown"
"7014851",371865,2025-08-16 16:08:09,43.2903060913086,-8.9627742767334,"Unknown"
"7014851",371865,2025-08-16 16:13:16,43.2896308898926,-8.96229648590088,"Unknown"
"7014851",371865,2025-08-16 16:18:10,43.2892608642578,-8.96205615997314,"Unknown"
"7014851",371865,2025-08-16 16:23:18,43.2896385192871,-8.96223163604736,"Unknown"
"7014851",371865,2025-08-16 16:28:13,43.2895622253418,-8.96212577819824,"Unknown"
"7014851",371865,2025-08-16 16:33:18,43.2896423339844,-8.96210479736328,"Unknown"
"7014851",371865,2025-08-16 16:38:35,43.2867050170898,-8.9622859954834,"Unknown"
"7014851",371865,2025-08-16 16:43:07,43.286994934082,-8.96219825744629,"Unknown"
"7014851",371865,2025-08-16 16:48:18,43.2869567871094,-8.96228122711182,"Unknown"
"7014851",371865,2025-08-16 16:53:20,43.2868919372559,-8.96226596832275,"Unknown"
"7014851",371865,2025-08-16 16:58:09,43.2869644165039,-8.96227073669434,"Unknown"
"7014851",371865,2025-08-16 17:03:08,43.2870407104492,-8.96229934692383,"Unknown"
"7014851",371865,2025-08-16 17:08:17,43.2868804931641,-8.96230411529541,"Unknown"
"7014851",371865,2025-08-16 17:13:09,43.2869606018066,-8.96228408813477,"Unknown"
"7014851",371865,2025-08-16 17:18:08,43.2871055603027,-8.96236228942871,"Unknown"
"7014851",371865,2025-08-16 17:23:12,43.2871704101562,-8.96262550354004,"Unknown"
"7014851",371865,2025-08-16 17:28:12,43.2871551513672,-8.96249008178711,"Unknown"
"7014851",371865,2025-08-16 17:33:37,43.2869911193848,-8.96234130859375,"Unknown"
"7014851",371865,2025-08-16 17:38:09,43.2866821289062,-8.96224117279053,"Unknown"
"7014851",371865,2025-08-16 17:43:07,43.2869491577148,-8.96240520477295,"Unknown"
"7014851",371865,2025-08-16 17:48:08,43.2867660522461,-8.96231460571289,"Unknown"
"7014851",371865,2025-08-16 17:53:12,43.2866821289062,-8.96224498748779,"Unknown"
"7014851",371865,2025-08-16 17:58:40,43.2867469787598,-8.96240139007568,"Unknown"
"7014851",371865,2025-08-16 18:03:10,43.2866249084473,-8.96205997467041,"Unknown"
"7014851",371865,2025-08-16 18:08:45,43.2868995666504,-8.96225643157959,"Unknown"
"7014851",371865,2025-08-16 18:13:06,43.2869186401367,-8.96231079101562,"Unknown"
"7014851",371865,2025-08-16 18:18:11,43.2869338989258,-8.96182918548584,"Unknown"
"7014851",371865,2025-08-16 18:23:20,43.2869567871094,-8.96224880218506,"Unknown"
"7014851",371865,2025-08-16 18:28:17,43.2882041931152,-8.96168899536133,"Unknown"
"7014851",371865,2025-08-16 18:33:19,43.2880744934082,-8.96162223815918,"Unknown"
"7014851",371865,2025-08-16 18:38:19,43.2881698608398,-8.96165657043457,"Unknown"
"7014851",371865,2025-08-16 18:43:19,43.2881088256836,-8.96167945861816,"Unknown"
"7014851",371865,2025-08-16 18:48:35,43.2881889343262,-8.96166133880615,"Unknown"
"7014851",371865,2025-08-16 18:53:06,43.288272857666,-8.96172618865967,"Unknown"
"7014851",371865,2025-08-16 18:58:10,43.2881965637207,-8.96166133880615,"Unknown"
"7014851",371865,2025-08-16 19:03:07,43.2881813049316,-8.96170330047607,"Unknown"
"7014851",371865,2025-08-16 19:08:10,43.2882423400879,-8.96164989471436,"Unknown"
"7014851",371865,2025-08-16 19:13:10,43.2881469726562,-8.96164035797119,"Unknown"
"7014851",371865,2025-08-16 19:18:09,43.2882919311523,-8.96162414550781,"Unknown"
"7014851",371865,2025-08-16 19:23:07,43.300048828125,-8.95060539245605,"Unknown"
"7014851",371865,2025-08-16 19:28:06,43.3222007751465,-8.93481540679932,"Unknown"
"7014851",371865,2025-08-16 19:33:07,43.3018913269043,-8.97250938415527,"Unknown"
"7014851",371865,2025-08-16 19:38:06,43.2826881408691,-9.00858783721924,"Unknown"
"7014851",371865,2025-08-16 19:43:09,43.278392791748,-9.01987552642822,"Unknown"
"7014851",371865,2025-08-16 19:48:10,43.2777252197266,-9.02081775665283,"Unknown"
"7014851",371865,2025-08-16 19:53:10,43.2775993347168,-9.02098083496094,"Unknown"
"7014851",371865,2025-08-16 19:58:09,43.2776374816895,-9.02217102050781,"Unknown"
"7014851",371865,2025-08-16 20:03:13,43.2870674133301,-9.03504371643066,"Unknown"
"7014851",371865,2025-08-16 20:08:19,43.2831420898438,-9.03437328338623,"Unknown"
"7014851",371865,2025-08-16 20:13:09,43.2827796936035,-9.03447246551514,"Unknown"
"7014851",371865,2025-08-16 20:18:35,43.2818222045898,-9.03486919403076,"Unknown"
"7014851",371865,2025-08-16 20:23:08,43.281177520752,-9.03446483612061,"Unknown"
"7014851",371865,2025-08-16 20:28:08,43.280517578125,-9.03450870513916,"Unknown"
"7014851",371865,2025-08-16 20:33:08,43.2801704406738,-9.03409767150879,"Unknown"
"7014851",371865,2025-08-16 20:38:08,43.2795753479004,-9.0340576171875,"Unknown"
"7014851",371865,2025-08-16 20:43:07,43.2822532653809,-9.02704906463623,"Unknown"
"7014851",371865,2025-08-16 20:48:08,43.2913055419922,-8.99822235107422,"Unknown"
"7014851",371865,2025-08-16 20:53:08,43.3016471862793,-8.9710168838501,"Unknown"
"7014851",371865,2025-08-16 20:58:07,43.3121337890625,-8.94229602813721,"Unknown"
"7014851",371865,2025-08-16 21:03:10,43.3221130371094,-8.93646430969238,"Unknown"
"7014851",371865,2025-08-16 21:08:08,43.3228225708008,-8.9362907409668,"Unknown"
"7014851",371865,2025-08-16 21:13:09,43.3234825134277,-8.93600845336914,"Unknown"
"7014851",371865,2025-08-16 21:18:10,43.3243789672852,-8.93606472015381,"Unknown"
"7014851",371865,2025-08-16 21:23:13,43.3249473571777,-8.93544483184814,"Unknown"
"7014851",371865,2025-08-16 21:28:12,43.3255500793457,-8.93501758575439,"Unknown"
"7014851",371865,2025-08-16 21:33:15,43.3258628845215,-8.93433952331543,"Unknown"
"7014851",371865,2025-08-16 21:38:12,43.3262786865234,-8.93358421325684,"Unknown"
"7014851",371865,2025-08-16 21:43:11,43.3261528015137,-8.93265628814697,"Unknown"
"7014851",371865,2025-08-16 21:48:11,43.3260803222656,-8.93172550201416,"Unknown"
"7014851",371865,2025-08-16 21:53:13,43.3260154724121,-8.93167400360107,"Unknown"
"7014851",371865,2025-08-16 21:58:35,43.3257446289062,-8.93175315856934,"Unknown"
"7014851",371865,2025-08-16 22:03:07,43.3258056640625,-8.93159484863281,"Unknown"
"7014851",371865,2025-08-16 22:08:11,43.3260307312012,-8.93078899383545,"Unknown"
"7014851",371865,2025-08-16 22:13:09,43.3259963989258,-8.93082237243652,"Unknown"
"7014851",371865,2025-08-16 22:18:10,43.3260307312012,-8.93121719360352,"Unknown"
"7014851",371865,2025-08-16 22:23:13,43.3260917663574,-8.93294429779053,"Unknown"
"7014851",371865,2025-08-16 22:28:19,43.3259811401367,-8.93354415893555,"Unknown"
"7014851",371865,2025-08-16 22:33:10,43.3258819580078,-8.93378734588623,"Unknown"
"7014851",371865,2025-08-16 22:38:10,43.325927734375,-8.93407440185547,"Unknown"
"7014851",371865,2025-08-16 22:43:13,43.3257827758789,-8.93407535552979,"Unknown"
"7014851",371865,2025-08-16 22:48:12,43.325611114502,-8.9342794418335,"Unknown"
"7014851",371865,2025-08-16 22:53:35,43.3255767822266,-8.93400478363037,"Unknown"
"7014851",371865,2025-08-16 22:58:08,43.3254203796387,-8.93334579467773,"Unknown"
"7014851",371865,2025-08-16 23:03:12,43.325065612793,-8.93239784240723,"Unknown"
"7014851",371865,2025-08-16 23:08:07,43.3246841430664,-8.93205261230469,"Unknown"
"7014851",371865,2025-08-16 23:13:08,43.32470703125,-8.9326114654541,"Unknown"
"7014851",371865,2025-08-16 23:18:12,43.3240203857422,-8.93264293670654,"Unknown"
"7014851",371865,2025-08-16 23:23:16,43.3247680664062,-8.93395042419434,"Unknown"
"7014851",371865,2025-08-16 23:28:08,43.3245124816895,-8.93456840515137,"Unknown"
"7014851",371865,2025-08-16 23:33:11,43.324462890625,-8.93535709381104,"Unknown"
"7014851",371865,2025-08-16 23:38:09,43.3245658874512,-8.93641471862793,"Unknown"
"7014851",371865,2025-08-16 23:43:10,43.3243179321289,-8.93665313720703,"Unknown"
"7014851",371865,2025-08-16 23:48:08,43.3235893249512,-8.93620681762695,"Unknown"
"7014851",371865,2025-08-16 23:53:08,43.3231468200684,-8.93633842468262,"Unknown"
"7014851",371865,2025-08-16 23:58:08,43.3227844238281,-8.93724632263184,"Unknown"
"7014851",371865,2025-08-17 00:03:09,43.3226013183594,-8.93727111816406,"Unknown"
"7014851",371865,2025-08-17 00:08:09,43.3221664428711,-8.93761920928955,"Unknown"
"7014851",371865,2025-08-17 00:13:10,43.3220062255859,-8.93806171417236,"Unknown"
"7014851",371865,2025-08-17 00:18:17,43.3214454650879,-8.93801975250244,"Unknown"
"7014851",371865,2025-08-17 00:23:19,43.3211479187012,-8.93817806243896,"Unknown"
"7014851",371865,2025-08-17 00:28:19,43.3210334777832,-8.93824768066406,"Unknown"
"7014851",371865,2025-08-17 00:33:23,43.320987701416,-8.93821716308594,"Unknown"
"7014851",371865,2025-08-17 00:38:20,43.3208236694336,-8.93800258636475,"Unknown"
"7014851",371865,2025-08-17 00:43:35,43.3208847045898,-8.93760108947754,"Unknown"
"7014851",371865,2025-08-17 00:48:08,43.3208847045898,-8.93743324279785,"Unknown"
"7014851",371865,2025-08-17 00:53:18,43.3208236694336,-8.93674659729004,"Unknown"
"7014851",371865,2025-08-17 00:58:15,43.3214530944824,-8.93559837341309,"Unknown"
"7014851",371865,2025-08-17 01:03:18,43.3217887878418,-8.93534851074219,"Unknown"
"7014851",371865,2025-08-17 01:08:18,43.3223991394043,-8.93446636199951,"Unknown"
"7014851",371865,2025-08-17 01:13:18,43.3229789733887,-8.93367767333984,"Unknown"
"7014851",371865,2025-08-17 01:18:18,43.3283538818359,-8.92365646362305,"Unknown"
"7014851",371865,2025-08-17 01:23:24,43.3281021118164,-8.92439556121826,"Unknown"
"7014851",371865,2025-08-17 01:28:35,43.3284111022949,-8.92639446258545,"Unknown"
"7014851",371865,2025-08-17 01:33:09,43.3285751342773,-8.92734146118164,"Unknown"
"7014851",371865,2025-08-17 01:38:09,43.328556060791,-8.92838668823242,"Unknown"
"7014851",371865,2025-08-17 01:43:06,43.3285980224609,-8.92951011657715,"Unknown"
"7014851",371865,2025-08-17 01:48:07,43.3281745910645,-8.93050193786621,"Unknown"
"7014851",371865,2025-08-17 01:53:16,43.3276748657227,-8.93142986297607,"Unknown"
"7014851",371865,2025-08-17 01:58:44,43.3271293640137,-8.93270778656006,"Unknown"
"7014851",371865,2025-08-17 02:03:35,43.3267707824707,-8.93359851837158,"Unknown"
"7014851",371865,2025-08-17 02:08:11,43.3270645141602,-8.93394660949707,"Unknown"
"7014851",371865,2025-08-17 02:13:31,43.3272285461426,-8.93371677398682,"Unknown"
"7014851",371865,2025-08-17 02:18:09,43.3271980285645,-8.93314647674561,"Unknown"
"7014851",371865,2025-08-17 02:23:07,43.3271064758301,-8.93310737609863,"Unknown"
"7014851",371865,2025-08-17 02:28:07,43.3266983032227,-8.93301677703857,"Unknown"
"7014851",371865,2025-08-17 02:33:08,43.3262825012207,-8.93290710449219,"Unknown"
"7014851",371865,2025-08-17 02:38:08,43.3258018493652,-8.93293952941895,"Unknown"
"7014851",371865,2025-08-17 02:43:11,43.325309753418,-8.93344593048096,"Unknown"
"7014851",371865,2025-08-17 02:48:08,43.3206558227539,-8.93461322784424,"Unknown"
"7014851",371865,2025-08-17 02:53:08,43.3154602050781,-8.9336633682251,"Unknown"
"7014851",371865,2025-08-17 02:58:19,43.3153839111328,-8.93363094329834,"Unknown"
"7014851",371865,2025-08-17 03:03:35,43.3151206970215,-8.93364715576172,"Unknown"
"7014851",371865,2025-08-17 03:08:08,43.315071105957,-8.93339157104492,"Unknown"
"7014851",371865,2025-08-17 03:13:08,43.3149757385254,-8.93345642089844,"Unknown"
"7014851",371865,2025-08-17 03:18:09,43.314998626709,-8.93294525146484,"Unknown"
"7014851",371865,2025-08-17 03:23:07,43.3150444030762,-8.93306636810303,"Unknown"
"7014851",371865,2025-08-17 03:28:08,43.3149719238281,-8.93270492553711,"Unknown"
"7014851",371865,2025-08-17 03:33:06,43.3149185180664,-8.93252086639404,"Unknown"
"7014851",371865,2025-08-17 03:38:07,43.3149719238281,-8.93197631835938,"Unknown"
"7014851",371865,2025-08-17 03:43:07,43.3149642944336,-8.93161487579346,"Unknown"
"7014851",371865,2025-08-17 03:48:09,43.3151092529297,-8.93146324157715,"Unknown"
"7014851",371865,2025-08-17 03:53:09,43.3152084350586,-8.93169975280762,"Unknown"
"7014851",371865,2025-08-17 03:58:07,43.3284111022949,-8.92905616760254,"Unknown"
"7014851",371865,2025-08-17 04:03:11,43.3301162719727,-8.92568302154541,"Unknown"
"7014851",371865,2025-08-17 04:08:09,43.330451965332,-8.92448234558105,"Unknown"
"7014851",371865,2025-08-17 04:13:07,43.3303146362305,-8.92441654205322,"Unknown"
"7014851",371865,2025-08-17 04:18:07,43.3302154541016,-8.92422008514404,"Unknown"
"7014851",371865,2025-08-17 04:23:07,43.3303642272949,-8.92497730255127,"Unknown"
"7014851",371865,2025-08-17 04:28:10,43.3303413391113,-8.92594814300537,"Unknown"
"7014851",371865,2025-08-17 04:33:35,43.3300514221191,-8.92556095123291,"Unknown"
"7014851",371865,2025-08-17 04:38:07,43.3299179077148,-8.92536735534668,"Unknown"
"7014851",371865,2025-08-17 04:43:08,43.3301734924316,-8.92538452148438,"Unknown"
"7014851",371865,2025-08-17 04:48:07,43.3302955627441,-8.92600440979004,"Unknown"
"7014851",371865,2025-08-17 04:53:06,43.3262023925781,-8.93355941772461,"Unknown"
"7014851",371865,2025-08-17 04:58:06,43.3357162475586,-8.9038724899292,"Unknown"
"7014851",371865,2025-08-17 05:03:07,43.3401832580566,-8.88098621368408,"Unknown"
"7014851",371865,2025-08-17 05:08:10,43.3396873474121,-8.88114452362061,"Unknown"
"7014851",371865,2025-08-17 05:13:09,43.3394775390625,-8.88116931915283,"Unknown"
"7014851",371865,2025-08-17 05:18:07,43.3194732666016,-8.87675380706787,"Unknown"
"7014851",371865,2025-08-17 05:24:23,43.3306159973145,-8.90907382965088,"Unknown"
"7014851",371865,2025-08-17 05:28:07,43.3414344787598,-8.89361667633057,"Unknown"
"7014851",371865,2025-08-17 05:33:08,43.3474769592285,-8.88036155700684,"Unknown"
"7014851",371865,2025-08-17 05:38:08,43.3474807739258,-8.87897396087646,"Unknown"
"7014851",371865,2025-08-17 05:43:06,43.3556442260742,-8.85711669921875,"Unknown"
"7014851",371865,2025-08-17 05:48:10,43.3601722717285,-8.85383129119873,"Unknown"
"7014851",371865,2025-08-17 05:53:16,43.3587417602539,-8.84630012512207,"Unknown"
"7014851",371865,2025-08-17 05:58:08,43.3585968017578,-8.84634876251221,"Unknown"
"7014851",371865,2025-08-17 06:03:09,43.3584594726562,-8.84611225128174,"Unknown"
"7014851",371865,2025-08-17 06:09:30,43.358470916748,-8.84659099578857,"Unknown"
"7014851",371865,2025-08-17 06:13:07,43.3567924499512,-8.84740734100342,"Unknown"
"7014851",371865,2025-08-17 06:18:07,43.3590621948242,-8.84765625,"Unknown"
"7014851",371865,2025-08-17 06:23:10,43.3589286804199,-8.84687328338623,"Unknown"
"7014851",371865,2025-08-17 06:29:30,43.3583602905273,-8.84648036956787,"Unknown"
"7014851",371865,2025-08-17 06:34:30,43.3584671020508,-8.8462438583374,"Unknown"
"7014851",371865,2025-08-17 06:38:07,43.3584594726562,-8.84624671936035,"Unknown"
"7014851",371865,2025-08-17 06:43:07,43.3585014343262,-8.84614944458008,"Unknown"
"7014851",371865,2025-08-17 06:48:09,43.3593940734863,-8.84685325622559,"Unknown"
"7014851",371865,2025-08-17 06:53:07,43.359432220459,-8.8467845916748,"Unknown"
"7014851",371865,2025-08-17 06:58:10,43.3593673706055,-8.84686470031738,"Unknown"
"7014851",371865,2025-08-17 07:03:07,43.3593673706055,-8.84672832489014,"Unknown"
"7014851",371865,2025-08-17 07:08:08,43.3592720031738,-8.84688568115234,"Unknown"
"7014851",371865,2025-08-17 07:13:25,43.3592071533203,-8.84693908691406,"Unknown"
"7014851",371865,2025-08-17 07:18:09,43.359317779541,-8.84681415557861,"Unknown"
"7014851",371865,2025-08-17 07:23:06,43.3592758178711,-8.84669208526611,"Unknown"
"7014851",371865,2025-08-17 07:28:19,43.3593215942383,-8.84680557250977,"Unknown"
"7014851",371865,2025-08-17 07:33:35,43.3593101501465,-8.84681129455566,"Unknown"
"7014851",371865,2025-08-17 07:38:06,43.3593635559082,-8.84683322906494,"Unknown"
"7014851",371865,2025-08-17 07:43:06,43.3593482971191,-8.8468189239502,"Unknown"
"7014851",371865,2025-08-17 07:48:09,43.359317779541,-8.84689331054688,"Unknown"
"7014851",371865,2025-08-17 07:53:06,43.3593406677246,-8.84694385528564,"Unknown"
"7014851",371865,2025-08-17 07:58:08,43.3592872619629,-8.84702110290527,"Unknown"
"7014851",371865,2025-08-17 08:03:07,43.359375,-8.84692001342773,"Unknown"
"7014851",371865,2025-08-17 08:08:06,43.3584899902344,-8.84655570983887,"Unknown"
"7014851",371865,2025-08-17 08:13:07,43.3586845397949,-8.84673690795898,"Unknown"
"7014851",371865,2025-08-17 08:18:07,43.3587112426758,-8.84661483764648,"Unknown"
"7014851",371865,2025-08-17 08:23:07,43.3586692810059,-8.8466911315918,"Unknown"
"7014851",371865,2025-08-17 08:28:44,43.3578948974609,-8.84591102600098,"Unknown"
"7014851",371865,2025-08-17 08:33:07,43.3585014343262,-8.84634780883789,"Unknown"
"7014851",371865,2025-08-17 08:38:09,43.3585739135742,-8.84644508361816,"Unknown"
"7014851",371865,2025-08-17 08:43:10,43.3586120605469,-8.84640026092529,"Unknown"
"7014851",371865,2025-08-17 08:49:30,43.3585968017578,-8.84642887115479,"Unknown"
"7014851",371865,2025-08-17 08:53:34,43.3585777282715,-8.84642887115479,"Unknown"
"7014851",371865,2025-08-17 08:58:07,43.3585891723633,-8.84641647338867,"Unknown"
"7014851",371865,2025-08-17 09:03:07,43.3585624694824,-8.84643268585205,"Unknown"
"7014851",371865,2025-08-17 09:08:06,43.3585510253906,-8.84640407562256,"Unknown"
"7014851",371865,2025-08-17 09:13:07,43.3585968017578,-8.84646034240723,"Unknown"
"7014851",371865,2025-08-17 09:18:07,43.3627471923828,-8.85299205780029,"Unknown"
"7014851",371865,2025-08-17 09:23:06,43.3633766174316,-8.85353660583496,"Unknown"
"7014851",371865,2025-08-17 09:28:08,43.3680191040039,-8.8521900177002,"Unknown"
"7014851",371865,2025-08-17 09:33:08,43.3676986694336,-8.85209178924561,"Unknown"
"7014851",371865,2025-08-17 09:38:06,43.359619140625,-8.84716987609863,"Unknown"
"7014851",371865,2025-08-17 09:43:10,43.3592834472656,-8.8468599319458,"Unknown"
"7014851",371865,2025-08-17 09:48:07,43.3593711853027,-8.84702968597412,"Unknown"
"7014851",371865,2025-08-17 09:53:06,43.3593063354492,-8.84694480895996,"Unknown"
"7014851",371865,2025-08-17 09:58:07,43.3593254089355,-8.84687423706055,"Unknown"
"7014851",371865,2025-08-17 10:03:09,43.3594207763672,-8.84700107574463,"Unknown"
"7014851",371865,2025-08-17 10:08:14,43.3593215942383,-8.84679412841797,"Unknown"
"7014851",371865,2025-08-17 10:13:11,43.3592948913574,-8.84690380096436,"Unknown"
"7014851",371865,2025-08-17 10:18:20,43.3592262268066,-8.84696769714355,"Unknown"
"7014851",371865,2025-08-17 10:23:13,43.3593673706055,-8.84678936004639,"Unknown"
"7014851",371865,2025-08-17 10:29:30,43.3593101501465,-8.84688758850098,"Unknown"
"7014851",371865,2025-08-17 10:34:30,43.3592491149902,-8.84705352783203,"Unknown"
"7014851",371865,2025-08-17 10:38:44,43.359245300293,-8.84706401824951,"Unknown"
"7014851",371865,2025-08-17 10:43:10,43.3592796325684,-8.84695911407471,"Unknown"
"7014851",371865,2025-08-17 10:48:10,43.3592185974121,-8.84702396392822,"Unknown"
"7014851",371865,2025-08-17 10:53:10,43.359203338623,-8.84710502624512,"Unknown"
"7014851",371865,2025-08-17 10:58:09,43.3593101501465,-8.84693717956543,"Unknown"
"7014851",371865,2025-08-17 11:03:19,43.3592491149902,-8.84698963165283,"Unknown"
"7014851",371865,2025-08-17 11:08:09,43.3592834472656,-8.84700584411621,"Unknown"
"7014851",371865,2025-08-17 11:13:07,43.3593063354492,-8.84693241119385,"Unknown"
"7014851",371865,2025-08-17 11:18:07,43.3593063354492,-8.84693622589111,"Unknown"
"7014851",371865,2025-08-17 11:23:11,43.3595123291016,-8.84678936004639,"Unknown"
"7014851",371865,2025-08-17 11:28:07,43.3587188720703,-8.84640789031982,"Unknown"
"7014851",371865,2025-08-17 11:34:14,43.3592109680176,-8.84679985046387,"Unknown"
"7014851",371865,2025-08-17 11:38:16,43.3591384887695,-8.84662055969238,"Unknown"
"7014851",371865,2025-08-17 11:43:40,43.3591766357422,-8.84674263000488,"Unknown"
"7014851",371865,2025-08-17 11:48:09,43.3590469360352,-8.84679126739502,"Unknown"
"7014851",371865,2025-08-17 11:53:08,43.3592758178711,-8.84690284729004,"Unknown"
"7014851",371865,2025-08-17 11:58:11,43.3593482971191,-8.84664440155029,"Unknown"
"7014851",371865,2025-08-17 12:03:24,43.3592720031738,-8.84689235687256,"Unknown"
"7014851",371865,2025-08-17 12:08:11,43.3584785461426,-8.84601974487305,"Unknown"
"7014851",371865,2025-08-17 12:13:19,43.3578758239746,-8.84558773040771,"Unknown"
"7014851",371865,2025-08-17 12:18:10,43.3589401245117,-8.84657669067383,"Unknown"
"7014851",371865,2025-08-17 12:23:20,43.358772277832,-8.84696865081787,"Unknown"
"7014851",371865,2025-08-17 12:28:07,43.3591117858887,-8.84712600708008,"Unknown"
"7014851",371865,2025-08-17 12:33:44,43.3588981628418,-8.84681606292725,"Unknown"
"7014851",371865,2025-08-17 12:38:08,43.3593902587891,-8.84769248962402,"Unknown"
"7014851",371865,2025-08-17 12:43:19,43.3589057922363,-8.8468656539917,"Unknown"
"7014851",371865,2025-08-17 12:48:10,43.3589859008789,-8.84693908691406,"Unknown"
"7014851",371865,2025-08-17 12:53:13,43.3586578369141,-8.84646320343018,"Unknown"
"7014851",371865,2025-08-17 12:58:19,43.3588180541992,-8.84670448303223,"Unknown"
"7014851",371865,2025-08-17 13:03:10,43.3590049743652,-8.84697246551514,"Unknown"
"7014851",371865,2025-08-17 13:08:09,43.3593330383301,-8.84790325164795,"Unknown"
"7014851",371865,2025-08-17 13:13:09,43.3588981628418,-8.84699440002441,"Unknown"
"7014851",371865,2025-08-17 13:18:07,43.3598518371582,-8.84792709350586,"Unknown"
"7014851",371865,2025-08-17 13:23:17,43.3595542907715,-8.84747409820557,"Unknown"
"7014851",371865,2025-08-17 13:28:09,43.3603744506836,-8.84857654571533,"Unknown"
"7014851",371865,2025-08-17 13:33:35,43.360050201416,-8.84770774841309,"Unknown"
"7014851",371865,2025-08-17 13:38:13,43.3598785400391,-8.84780311584473,"Unknown"
"7014851",371865,2025-08-17 13:43:26,43.3596343994141,-8.84779834747314,"Unknown"
"7014851",371865,2025-08-17 13:48:13,43.3598327636719,-8.84772777557373,"Unknown"
"7014851",371865,2025-08-17 13:53:13,43.3599014282227,-8.84776401519775,"Unknown"
"7014851",371865,2025-08-17 13:58:06,43.3595428466797,-8.85019493103027,"Unknown"
"7014851",371865,2025-08-17 14:03:06,43.359188079834,-8.84947204589844,"Unknown"
"7014851",371865,2025-08-17 14:08:09,43.3592185974121,-8.84865951538086,"Unknown"
"7014851",371865,2025-08-17 14:13:08,43.3593254089355,-8.84951686859131,"Unknown"
"7014851",371865,2025-08-17 14:18:09,43.3609657287598,-8.84883975982666,"Unknown"
"7014851",371865,2025-08-17 14:23:17,43.3609085083008,-8.84893131256104,"Unknown"
"7014851",371865,2025-08-17 14:28:18,43.3610000610352,-8.84883880615234,"Unknown"
"7014851",371865,2025-08-17 14:33:15,43.3609924316406,-8.84885787963867,"Unknown"
"7014851",371865,2025-08-17 14:38:20,43.3610076904297,-8.84881210327148,"Unknown"
"7014851",371865,2025-08-17 14:43:20,43.3611068725586,-8.84893894195557,"Unknown"
"7014851",371865,2025-08-17 14:48:20,43.3610153198242,-8.84889221191406,"Unknown"
"7014851",371865,2025-08-17 14:53:20,43.3610000610352,-8.84890079498291,"Unknown"
"7014851",371865,2025-08-17 14:58:35,43.3610725402832,-8.84892272949219,"Unknown"
"7014851",371865,2025-08-17 15:03:05,43.3611373901367,-8.8488883972168,"Unknown"
"7014851",371865,2025-08-17 15:08:23,43.3611145019531,-8.84900665283203,"Unknown"
"7014851",371865,2025-08-17 15:13:44,43.3588829040527,-8.84688949584961,"Unknown"
"7014851",371865,2025-08-17 15:18:21,43.3589401245117,-8.84681701660156,"Unknown"
"7014851",371865,2025-08-17 15:23:19,43.3588485717773,-8.84701633453369,"Unknown"
"7014851",371865,2025-08-17 15:28:19,43.3589096069336,-8.84689903259277,"Unknown"
"7014851",371865,2025-08-17 15:33:19,43.358772277832,-8.84682178497314,"Unknown"
"7014851",371865,2025-08-17 15:38:19,43.3588714599609,-8.84674072265625,"Unknown"
"7014851",371865,2025-08-17 15:43:35,43.3588676452637,-8.84684562683105,"Unknown"
"7014851",371865,2025-08-17 15:48:15,43.3588905334473,-8.84681034088135,"Unknown"
"7014851",371865,2025-08-17 15:53:06,43.3587226867676,-8.84704494476318,"Unknown"
"7014851",371865,2025-08-17 15:58:11,43.3588638305664,-8.84699535369873,"Unknown"
"7014851",371865,2025-08-17 16:03:07,43.3595275878906,-8.84725475311279,"Unknown"
"7014851",371865,2025-08-17 16:08:09,43.3595008850098,-8.84728622436523,"Unknown"
"7014851",371865,2025-08-17 16:13:08,43.3593673706055,-8.84731960296631,"Unknown"
"7014851",371865,2025-08-17 16:18:07,43.3595581054688,-8.8473949432373,"Unknown"
"7014851",371865,2025-08-17 16:23:09,43.359504699707,-8.84721279144287,"Unknown"
"7014851",371865,2025-08-17 16:28:08,43.3593330383301,-8.84743881225586,"Unknown"
"7014851",371865,2025-08-17 16:33:08,43.3595390319824,-8.84745502471924,"Unknown"
"7014851",371865,2025-08-17 16:38:35,43.3595848083496,-8.84743118286133,"Unknown"
"7014851",371865,2025-08-17 16:43:06,43.360034942627,-8.84816932678223,"Unknown"
"7014851",371865,2025-08-17 16:48:38,43.3600044250488,-8.84805202484131,"Unknown"
"7014851",371865,2025-08-17 16:53:53,43.3601036071777,-8.84804821014404,"Unknown"
"7014851",371865,2025-08-17 16:58:06,43.3601112365723,-8.84804534912109,"Unknown"
"7014851",371865,2025-08-17 17:03:06,43.3600578308105,-8.84803581237793,"Unknown"
"7014851",371865,2025-08-17 17:08:08,43.3603706359863,-8.84819412231445,"Unknown"
"7014851",371865,2025-08-17 17:13:08,43.360294342041,-8.84818363189697,"Unknown"
"7014851",371865,2025-08-17 17:18:11,43.3603591918945,-8.84814167022705,"Unknown"
"7014851",371865,2025-08-17 17:23:09,43.3605003356934,-8.84829807281494,"Unknown"
"7014851",371865,2025-08-17 17:28:09,43.3600959777832,-8.84809017181396,"Unknown"
"7014851",371865,2025-08-17 17:33:16,43.3602294921875,-8.84818840026855,"Unknown"
"7014851",371865,2025-08-17 17:38:08,43.360294342041,-8.84807300567627,"Unknown"
"7014851",371865,2025-08-17 17:43:09,43.3602638244629,-8.84808349609375,"Unknown"
"7014851",371865,2025-08-17 17:48:10,43.3601226806641,-8.84815120697021,"Unknown"
"7014851",371865,2025-08-17 17:53:06,43.3601417541504,-8.84815692901611,"Unknown"
"7014851",371865,2025-08-17 17:58:11,43.3600692749023,-8.84809970855713,"Unknown"
"7014851",371865,2025-08-17 18:03:59,43.3584289550781,-8.84685707092285,"Unknown"
"7014851",371865,2025-08-17 18:08:08,43.360164642334,-8.84803676605225,"Unknown"
"7014851",371865,2025-08-17 18:13:06,43.3601264953613,-8.847975730896,"Unknown"
"7014851",371865,2025-08-17 18:18:13,43.3599548339844,-8.84782695770264,"Unknown"
"7014851",371865,2025-08-17 18:23:13,43.3599624633789,-8.84793949127197,"Unknown"
"7014851",371865,2025-08-17 18:28:36,43.3597755432129,-8.84812068939209,"Unknown"
"7014851",371865,2025-08-17 18:33:09,43.3602867126465,-8.84802722930908,"Unknown"
"7014851",371865,2025-08-17 18:38:06,43.3599052429199,-8.84815692901611,"Unknown"
"7014851",371865,2025-08-17 18:43:06,43.3599472045898,-8.8482027053833,"Unknown"
"7014851",371865,2025-08-17 18:48:53,43.360034942627,-8.84804534912109,"Unknown"
"7014851",371865,2025-08-17 18:53:06,43.3600234985352,-8.84790897369385,"Unknown"
"7014851",371865,2025-08-17 18:58:09,43.3600120544434,-8.84808349609375,"Unknown"
"7014851",371865,2025-08-17 19:03:08,43.3599815368652,-8.84800434112549,"Unknown"
"7014851",371865,2025-08-17 19:08:05,43.3602714538574,-8.8487720489502,"Unknown"
"7014851",371865,2025-08-17 19:13:05,43.3673400878906,-8.85023307800293,"Unknown"
"7014851",371865,2025-08-17 19:18:08,43.3669281005859,-8.85062980651855,"Unknown"
"7014851",371865,2025-08-17 19:23:05,43.3666381835938,-8.85068225860596,"Unknown"
"7014851",371865,2025-08-17 19:28:08,43.3607597351074,-8.84878730773926,"Unknown"
"7014851",371865,2025-08-17 19:33:05,43.3607177734375,-8.84875392913818,"Unknown"
"7014851",371865,2025-08-17 19:38:07,43.3605041503906,-8.8486909866333,"Unknown"
"7014851",371865,2025-08-17 19:43:10,43.3604621887207,-8.84863376617432,"Unknown"
"7014851",371865,2025-08-17 19:48:05,43.359992980957,-8.84768390655518,"Unknown"
"7014851",371865,2025-08-17 19:53:07,43.3598518371582,-8.84773063659668,"Unknown"
"7014851",371865,2025-08-17 19:58:06,43.3599510192871,-8.84755611419678,"Unknown"
"7014851",371865,2025-08-17 20:03:09,43.3600158691406,-8.84761047363281,"Unknown"
"7014851",371865,2025-08-17 20:08:16,43.357795715332,-8.84524440765381,"Unknown"
"7014851",371865,2025-08-17 20:13:08,43.3578414916992,-8.84525871276855,"Unknown"
"7014851",371865,2025-08-17 20:18:07,43.3574523925781,-8.84527206420898,"Unknown"
"7014851",371865,2025-08-17 20:23:10,43.3574829101562,-8.84503555297852,"Unknown"
"7014851",371865,2025-08-17 20:28:07,43.3575477600098,-8.84494495391846,"Unknown"
"7014851",371865,2025-08-17 20:33:07,43.3575553894043,-8.84498500823975,"Unknown"
"7014851",371865,2025-08-17 20:38:08,43.3574485778809,-8.84526920318604,"Unknown"
"7014851",371865,2025-08-17 20:43:08,43.3575057983398,-8.8448543548584,"Unknown"
"7014851",371865,2025-08-17 20:48:08,43.3574867248535,-8.84527397155762,"Unknown"
"7014851",371865,2025-08-17 20:53:09,43.358039855957,-8.84451293945312,"Unknown"
"7014851",371865,2025-08-17 20:58:10,43.3575096130371,-8.8450345993042,"Unknown"
"7014851",371865,2025-08-17 21:03:33,43.369873046875,-8.84002780914307,"Unknown"
"7014851",371865,2025-08-17 21:08:06,43.3703918457031,-8.84251976013184,"Unknown"
"7014851",371865,2025-08-17 21:13:13,43.3690490722656,-8.85639381408691,"Unknown"
"7014851",371865,2025-08-17 21:18:07,43.3692741394043,-8.85657787322998,"Unknown"
"7014851",371865,2025-08-17 21:23:06,43.3698387145996,-8.85695362091064,"Unknown"
"7014851",371865,2025-08-17 21:28:06,43.3683128356934,-8.85205173492432,"Unknown"
"7014851",371865,2025-08-17 21:33:05,43.3585243225098,-8.82691955566406,"Unknown"
"7014851",371865,2025-08-17 21:38:10,43.3528900146484,-8.83640003204346,"Unknown"
"7014851",371865,2025-08-17 21:43:08,43.349739074707,-8.86504077911377,"Unknown"
"7014851",371865,2025-08-17 21:48:07,43.3397178649902,-8.89871978759766,"Unknown"
"7014851",371865,2025-08-17 21:53:08,43.3278160095215,-8.93049812316895,"Unknown"
"7014851",371865,2025-08-17 21:58:20,43.3212356567383,-8.94172859191895,"Unknown"
"7014851",371865,2025-08-17 22:03:18,43.3204345703125,-8.94188785552979,"Unknown"
"7014851",371865,2025-08-17 22:08:18,43.3198585510254,-8.94225692749023,"Unknown"
"7014851",371865,2025-08-17 22:13:19,43.3191337585449,-8.94241142272949,"Unknown"
"7014851",371865,2025-08-17 22:18:18,43.3182106018066,-8.9422550201416,"Unknown"
"7014851",371865,2025-08-17 22:23:25,43.3171348571777,-8.94190692901611,"Unknown"
"7014851",371865,2025-08-17 22:28:18,43.3086242675781,-8.94837093353271,"Unknown"
"7014851",371865,2025-08-17 22:33:18,43.308650970459,-8.95170211791992,"Unknown"
"7014851",371865,2025-08-17 22:38:22,43.3085250854492,-8.95221328735352,"Unknown"
"7014851",371865,2025-08-17 22:43:22,43.3086242675781,-8.95294857025146,"Unknown"
"7014851",371865,2025-08-17 22:48:22,43.3085823059082,-8.95369625091553,"Unknown"
"7014851",371865,2025-08-17 22:53:24,43.3089637756348,-8.95428657531738,"Unknown"
"7014851",371865,2025-08-17 22:58:35,43.3089752197266,-8.95478343963623,"Unknown"
"7014851",371865,2025-08-17 23:03:42,43.3095817565918,-8.95515537261963,"Unknown"
"7014851",371865,2025-08-17 23:08:11,43.3097076416016,-8.9545259475708,"Unknown"
"7014851",371865,2025-08-17 23:13:35,43.3100547790527,-8.95440196990967,"Unknown"
"7014851",371865,2025-08-17 23:18:05,43.3102912902832,-8.95414543151855,"Unknown"
"7014851",371865,2025-08-17 23:23:06,43.3106079101562,-8.95366096496582,"Unknown"
"7014851",371865,2025-08-17 23:28:08,43.310661315918,-8.95328044891357,"Unknown"
"7014851",371865,2025-08-17 23:33:07,43.310230255127,-8.95259857177734,"Unknown"
"7014851",371865,2025-08-17 23:38:08,43.3102073669434,-8.95236587524414,"Unknown"
"7014851",371865,2025-08-17 23:43:07,43.3100891113281,-8.95196056365967,"Unknown"
"7014851",371865,2025-08-17 23:48:07,43.3097686767578,-8.95170593261719,"Unknown"
"7014851",371865,2025-08-17 23:53:08,43.3098335266113,-8.95144939422607,"Unknown"
"7014851",371865,2025-08-17 23:58:07,43.3096771240234,-8.95104312896729,"Unknown"
"7014851",371865,2025-08-18 00:03:08,43.3094863891602,-8.95044612884521,"Unknown"
"7014851",371865,2025-08-18 00:08:09,43.3092079162598,-8.9503345489502,"Unknown"
"7014851",371865,2025-08-18 00:13:07,43.3087425231934,-8.94975566864014,"Unknown"
"7014851",371865,2025-08-18 00:18:09,43.3084869384766,-8.94917297363281,"Unknown"
"7014851",371865,2025-08-18 00:23:08,43.3180351257324,-8.94753074645996,"Unknown"
"7014851",371865,2025-08-18 00:28:11,43.3180770874023,-8.94791221618652,"Unknown"
"7014851",371865,2025-08-18 00:33:18,43.3178253173828,-8.94806385040283,"Unknown"
"7014851",371865,2025-08-18 00:38:06,43.3173675537109,-8.94854545593262,"Unknown"
"7014851",371865,2025-08-18 00:43:18,43.3171195983887,-8.94882202148438,"Unknown"
"7014851",371865,2025-08-18 00:48:09,43.3170967102051,-8.94944095611572,"Unknown"
"7014851",371865,2025-08-18 00:53:18,43.3168525695801,-8.94941234588623,"Unknown"
"7014851",371865,2025-08-18 00:58:18,43.3169326782227,-8.9497537612915,"Unknown"
"7014851",371865,2025-08-18 01:03:18,43.3171691894531,-8.94975471496582,"Unknown"
"7014851",371865,2025-08-18 01:08:24,43.317440032959,-8.94998836517334,"Unknown"
"7014851",371865,2025-08-18 01:13:26,43.3175582885742,-8.95030212402344,"Unknown"
"7014851",371865,2025-08-18 01:18:36,43.3174095153809,-8.94993114471436,"Unknown"
"7014851",371865,2025-08-18 01:23:35,43.3174057006836,-8.95040798187256,"Unknown"
"7014851",371865,2025-08-18 01:28:06,43.3172874450684,-8.95047473907471,"Unknown"
"7014851",371865,2025-08-18 01:33:08,43.3171844482422,-8.950608253479,"Unknown"
"7014851",371865,2025-08-18 01:38:09,43.3172149658203,-8.95092868804932,"Unknown"
"7014851",371865,2025-08-18 01:43:07,43.3172950744629,-8.9514684677124,"Unknown"
"7014851",371865,2025-08-18 01:48:07,43.317268371582,-8.95179271697998,"Unknown"
"7014851",371865,2025-08-18 01:53:08,43.3108291625977,-8.94038867950439,"Unknown"
"7014851",371865,2025-08-18 01:58:06,43.3107643127441,-8.94102096557617,"Unknown"
"7014851",371865,2025-08-18 02:03:35,43.3105163574219,-8.94176006317139,"Unknown"
"7014851",371865,2025-08-18 02:08:06,43.3108520507812,-8.93391513824463,"Unknown"
"7014851",371865,2025-08-18 02:13:07,43.3107566833496,-8.93477821350098,"Unknown"
"7014851",371865,2025-08-18 02:18:10,43.3109855651855,-8.93550586700439,"Unknown"
"7014851",371865,2025-08-18 02:23:26,43.3109855651855,-8.9361743927002,"Unknown"
"7014851",371865,2025-08-18 02:28:31,43.3111190795898,-8.93730163574219,"Unknown"
"7014851",371865,2025-08-18 02:33:07,43.3109169006348,-8.93836784362793,"Unknown"
"7014851",371865,2025-08-18 02:38:08,43.3108024597168,-8.93935966491699,"Unknown"
"7014851",371865,2025-08-18 02:43:09,43.3106536865234,-8.94005107879639,"Unknown"
"7014851",371865,2025-08-18 02:48:08,43.3105430603027,-8.94051265716553,"Unknown"
"7014851",371865,2025-08-18 02:53:09,43.3102226257324,-8.94062328338623,"Unknown"
"7014851",371865,2025-08-18 02:58:10,43.3106536865234,-8.9404821395874,"Unknown"
"7014851",371865,2025-08-18 03:03:19,43.3109245300293,-8.94046020507812,"Unknown"
"7014851",371865,2025-08-18 03:08:09,43.3111839294434,-8.94055271148682,"Unknown"
"7014851",371865,2025-08-18 03:13:11,43.3115119934082,-8.94050121307373,"Unknown"
"7014851",371865,2025-08-18 03:18:07,43.3119010925293,-8.94068241119385,"Unknown"
"7014851",371865,2025-08-18 03:23:11,43.3125953674316,-8.94097805023193,"Unknown"
"7014851",371865,2025-08-18 03:28:06,43.3132095336914,-8.94139385223389,"Unknown"
"7014851",371865,2025-08-18 03:33:10,43.313793182373,-8.94182205200195,"Unknown"
"7014851",371865,2025-08-18 03:38:09,43.3144340515137,-8.94227886199951,"Unknown"
"7014851",371865,2025-08-18 03:43:08,43.3150291442871,-8.94243812561035,"Unknown"
"7014851",371865,2025-08-18 03:48:10,43.3155250549316,-8.94211292266846,"Unknown"
"7014851",371865,2025-08-18 03:53:12,43.3159141540527,-8.94239330291748,"Unknown"
"7014851",371865,2025-08-18 03:58:06,43.316032409668,-8.94200706481934,"Unknown"
"7014851",371865,2025-08-18 04:03:35,43.3161468505859,-8.94249820709229,"Unknown"
"7014851",371865,2025-08-18 04:08:07,43.3165435791016,-8.93606567382812,"Unknown"
"7014851",371865,2025-08-18 04:13:06,43.318717956543,-8.92253684997559,"Unknown"
"7014851",371865,2025-08-18 04:18:05,43.3318977355957,-8.89336490631104,"Unknown"
"7014851",371865,2025-08-18 04:23:05,43.3502998352051,-8.8636302947998,"Unknown"
"7014851",371865,2025-08-18 04:28:05,43.3553581237793,-8.83714199066162,"Unknown"
"7014851",371865,2025-08-18 04:33:07,43.3536605834961,-8.83298110961914,"Unknown"
"7014851",371865,2025-08-18 04:38:07,43.3537445068359,-8.83301830291748,"Unknown"
"7014851",371865,2025-08-18 04:43:09,43.3537712097168,-8.83301639556885,"Unknown"
"7014851",371865,2025-08-18 04:48:07,43.3536796569824,-8.83296966552734,"Unknown"
"7014851",371865,2025-08-18 04:53:06,43.363697052002,-8.83358669281006,"Unknown"
"7014851",371865,2025-08-18 04:58:06,43.3710517883301,-8.84276580810547,"Unknown"
"7014851",371865,2025-08-18 05:03:06,43.3691749572754,-8.84575843811035,"Unknown"
"7014851",371865,2025-08-18 05:08:06,43.3692932128906,-8.85086727142334,"Unknown"
"7014851",371865,2025-08-18 05:13:13,43.3686866760254,-8.85116577148438,"Unknown"
"7014851",371865,2025-08-18 05:18:06,43.3684730529785,-8.85130977630615,"Unknown"
"7014851",371865,2025-08-18 05:23:06,43.3684349060059,-8.85158729553223,"Unknown"
"7014851",371865,2025-08-18 05:28:10,43.3680305480957,-8.85162258148193,"Unknown"
"7014851",371865,2025-08-18 05:33:07,43.3674926757812,-8.85173034667969,"Unknown"
"7014851",371865,2025-08-18 05:38:06,43.359447479248,-8.84705543518066,"Unknown"
"7014851",371865,2025-08-18 05:43:07,43.3593788146973,-8.84701251983643,"Unknown"
"7014851",371865,2025-08-18 05:48:09,43.3596649169922,-8.84676361083984,"Unknown"
"7014851",371865,2025-08-18 05:53:11,43.3591690063477,-8.84719371795654,"Unknown"
"7014851",371865,2025-08-18 05:58:08,43.3591003417969,-8.847092628479,"Unknown"
"7014851",371865,2025-08-18 06:03:35,43.3592071533203,-8.84721279144287,"Unknown"
"7014851",371865,2025-08-18 06:08:07,43.3592491149902,-8.84717082977295,"Unknown"
"7014851",371865,2025-08-18 06:13:17,43.3583641052246,-8.84652805328369,"Unknown"
"7014851",371865,2025-08-18 06:18:07,43.3584518432617,-8.84708023071289,"Unknown"
"7014851",371865,2025-08-18 06:23:35,43.3584289550781,-8.84641456604004,"Unknown"
"7014851",371865,2025-08-18 06:28:35,43.3578453063965,-8.84596729278564,"Unknown"
"7014851",371865,2025-08-18 06:33:07,43.3579521179199,-8.84577083587646,"Unknown"
"7014851",371865,2025-08-18 06:38:07,43.3583221435547,-8.84597969055176,"Unknown"
"7014851",371865,2025-08-18 06:43:05,43.3582954406738,-8.8462381362915,"Unknown"
"7014851",371865,2025-08-18 06:48:07,43.360107421875,-8.84758377075195,"Unknown"
"7014851",371865,2025-08-18 06:53:04,43.3600997924805,-8.84743785858154,"Unknown"
"7014851",371865,2025-08-18 06:58:07,43.3600730895996,-8.8478364944458,"Unknown"
"7014851",371865,2025-08-18 07:03:05,43.3601150512695,-8.8477725982666,"Unknown"
"7014851",371865,2025-08-18 07:08:05,43.359977722168,-8.84817981719971,"Unknown"
"7014851",371865,2025-08-18 07:13:04,43.360107421875,-8.8477029800415,"Unknown"
"7014851",371865,2025-08-18 07:18:05,43.3601036071777,-8.84762191772461,"Unknown"
"7014851",371865,2025-08-18 07:23:07,43.3599967956543,-8.84801197052002,"Unknown"
"7014851",371865,2025-08-18 07:28:04,43.3601264953613,-8.84762096405029,"Unknown"
"7014851",371865,2025-08-18 07:33:04,43.3601341247559,-8.84753799438477,"Unknown"
"7014851",371865,2025-08-18 07:38:04,43.3600807189941,-8.84778594970703,"Unknown"
"7014851",371865,2025-08-18 07:43:07,43.3600540161133,-8.84768390655518,"Unknown"
"7014851",371865,2025-08-18 07:48:06,43.3601112365723,-8.84773540496826,"Unknown"
"7014851",371865,2025-08-18 07:53:05,43.3600425720215,-8.84774208068848,"Unknown"
"7014851",371865,2025-08-18 07:58:07,43.3600769042969,-8.84774494171143,"Unknown"
"7014851",371865,2025-08-18 08:03:06,43.3603019714355,-8.847975730896,"Unknown"
"7014851",371865,2025-08-18 08:08:11,43.3603820800781,-8.84784698486328,"Unknown"
"7014851",371865,2025-08-18 08:13:05,43.3602676391602,-8.84790992736816,"Unknown"
"7014851",371865,2025-08-18 08:18:09,43.3602714538574,-8.8478832244873,"Unknown"
"7014851",371865,2025-08-18 08:23:07,43.3602714538574,-8.84787273406982,"Unknown"
"7014851",371865,2025-08-18 08:28:05,43.3603057861328,-8.84796333312988,"Unknown"
"7014851",371865,2025-08-18 08:33:04,43.360237121582,-8.84794521331787,"Unknown"
"7014851",371865,2025-08-18 08:38:11,43.360237121582,-8.84810447692871,"Unknown"
"7014851",371865,2025-08-18 08:43:06,43.3604507446289,-8.84799671173096,"Unknown"
"7014851",371865,2025-08-18 08:48:05,43.360279083252,-8.84805774688721,"Unknown"
"7014851",371865,2025-08-18 08:53:14,43.360237121582,-8.84805870056152,"Unknown"
"7014851",371865,2025-08-18 08:58:09,43.3603019714355,-8.84813976287842,"Unknown"
"7014851",371865,2025-08-18 09:03:26,43.3600082397461,-8.84802341461182,"Unknown"
"7014851",371865,2025-08-18 09:08:09,43.3600959777832,-8.84805393218994,"Unknown"
"7014851",371865,2025-08-18 09:13:35,43.3602027893066,-8.84808731079102,"Unknown"
"7014851",371865,2025-08-18 09:18:05,43.3602409362793,-8.84800910949707,"Unknown"
"7014851",371865,2025-08-18 09:23:05,43.3601722717285,-8.84808349609375,"Unknown"
"7014851",371865,2025-08-18 09:28:05,43.3601684570312,-8.84811401367188,"Unknown"
"7014851",371865,2025-08-18 09:33:06,43.3601455688477,-8.84811401367188,"Unknown"
"7014851",371865,2025-08-18 09:38:09,43.3600769042969,-8.84809398651123,"Unknown"
"7014851",371865,2025-08-18 09:43:04,43.3650856018066,-8.84986019134521,"Unknown"
"7014851",371865,2025-08-18 09:48:04,43.371452331543,-8.85266208648682,"Unknown"
"7014851",371865,2025-08-18 09:53:04,43.3721618652344,-8.85281658172607,"Unknown"
"7014851",371865,2025-08-18 09:58:04,43.3686485290527,-8.84479141235352,"Unknown"
"7014851",371865,2025-08-18 10:03:09,43.3687934875488,-8.84535980224609,"Unknown"
"7014851",371865,2025-08-18 10:08:07,43.3669242858887,-8.84260654449463,"Unknown"
"7014851",371865,2025-08-18 10:13:14,43.3669967651367,-8.84288120269775,"Unknown"
"7014851",371865,2025-08-18 10:18:12,43.3671951293945,-8.84322071075439,"Unknown"
"7014851",371865,2025-08-18 10:23:07,43.3706741333008,-8.83366298675537,"Unknown"
"7014851",371865,2025-08-18 10:28:04,43.3698959350586,-8.83420848846436,"Unknown"
"7014851",371865,2025-08-18 10:33:09,43.3672981262207,-8.83919239044189,"Unknown"
"7014851",371865,2025-08-18 10:38:10,43.3659439086914,-8.8427095413208,"Unknown"
"7014851",371865,2025-08-18 10:48:35,43.3612594604492,-8.8484935760498,"Unknown"
"7014851",371865,2025-08-18 10:53:20,43.3610916137695,-8.84879779815674,"Unknown"
"7014851",371865,2025-08-18 10:58:13,43.361011505127,-8.84889698028564,"Unknown"
"7014851",371865,2025-08-18 11:04:19,43.3609657287598,-8.84908294677734,"Unknown"
"7014851",371865,2025-08-18 11:08:05,43.3608589172363,-8.84889221191406,"Unknown"
"7014851",371865,2025-08-18 11:13:05,43.3611221313477,-8.84878444671631,"Unknown"
"7014851",371865,2025-08-18 11:18:06,43.3610877990723,-8.84900856018066,"Unknown"
"7014851",371865,2025-08-18 11:23:06,43.3610496520996,-8.84888744354248,"Unknown"
"7014851",371865,2025-08-18 11:28:06,43.3609962463379,-8.84879684448242,"Unknown"
"7014851",371865,2025-08-18 11:33:08,43.3609657287598,-8.84870052337646,"Unknown"
"7014851",371865,2025-08-18 11:38:11,43.3607788085938,-8.84887886047363,"Unknown"
"7014851",371865,2025-08-18 11:44:05,43.3610763549805,-8.84897804260254,"Unknown"
"7014851",371865,2025-08-18 11:48:17,43.3611450195312,-8.84889984130859,"Unknown"
"7014851",371865,2025-08-18 11:53:41,43.3610916137695,-8.84889030456543,"Unknown"
"7014851",371865,2025-08-18 11:58:11,43.3610725402832,-8.84889888763428,"Unknown"
"7014851",371865,2025-08-18 12:03:10,43.3611602783203,-8.84889888763428,"Unknown"
"7014851",371865,2025-08-18 12:08:12,43.3611106872559,-8.84891128540039,"Unknown"
"7014851",371865,2025-08-18 12:14:29,43.361213684082,-8.84874153137207,"Unknown"
"7014851",371865,2025-08-18 12:19:29,43.3611259460449,-8.84857749938965,"Unknown"
"7014851",371865,2025-08-18 12:24:29,43.3612785339355,-8.84853649139404,"Unknown"
"7014851",371865,2025-08-18 12:28:35,43.3612251281738,-8.84846973419189,"Unknown"
"7014851",371865,2025-08-18 12:33:06,43.361213684082,-8.84845447540283,"Unknown"
"7014851",371865,2025-08-18 12:38:12,43.3611030578613,-8.84852504730225,"Unknown"
"7014851",371865,2025-08-18 12:43:12,43.361213684082,-8.8484582901001,"Unknown"
"7014851",371865,2025-08-18 12:48:12,43.3612060546875,-8.84844493865967,"Unknown"
"7014851",371865,2025-08-18 12:53:13,43.3611793518066,-8.84846210479736,"Unknown"
"7014851",371865,2025-08-18 12:58:09,43.3612022399902,-8.84849262237549,"Unknown"
"7014851",371865,2025-08-18 13:03:11,43.3611602783203,-8.84842777252197,"Unknown"
"7014851",371865,2025-08-18 13:08:09,43.3611831665039,-8.84840774536133,"Unknown"
"7014851",371865,2025-08-18 13:13:12,43.3611831665039,-8.84839630126953,"Unknown"
"7014851",371865,2025-08-18 13:18:10,43.3610496520996,-8.84836101531982,"Unknown"
"7014851",371865,2025-08-18 13:23:10,43.3610725402832,-8.84830570220947,"Unknown"
"7014851",371865,2025-08-18 13:28:11,43.3610458374023,-8.84830665588379,"Unknown"
"7014851",371865,2025-08-18 13:33:36,43.3612480163574,-8.84845447540283,"Unknown"
"7014851",371865,2025-08-18 13:38:07,43.3613319396973,-8.84834289550781,"Unknown"
"7014851",371865,2025-08-18 13:43:05,43.3612899780273,-8.84849643707275,"Unknown"
"7014851",371865,2025-08-18 13:48:04,43.3613586425781,-8.84844017028809,"Unknown"
"7014851",371865,2025-08-18 13:53:09,43.3613739013672,-8.84832763671875,"Unknown"
"7014851",371865,2025-08-18 13:58:09,43.3612518310547,-8.84842491149902,"Unknown"
"7014851",371865,2025-08-18 14:03:13,43.3616561889648,-8.84831714630127,"Unknown"
"7014851",371865,2025-08-18 14:08:10,43.3614959716797,-8.84830188751221,"Unknown"
"7014851",371865,2025-08-18 14:13:07,43.3613357543945,-8.84838199615479,"Unknown"
"7014851",371865,2025-08-18 14:18:09,43.3611907958984,-8.84845924377441,"Unknown"
"7014851",371865,2025-08-18 14:23:23,43.3612060546875,-8.84842395782471,"Unknown"
"7014851",371865,2025-08-18 14:28:39,43.3612289428711,-8.84831809997559,"Unknown"
"7014851",371865,2025-08-18 14:33:20,43.3612785339355,-8.84832572937012,"Unknown"
"7014851",371865,2025-08-18 14:38:26,43.3612403869629,-8.84835147857666,"Unknown"
"7014851",371865,2025-08-18 14:43:35,43.3612289428711,-8.84840488433838,"Unknown"
"7014851",371865,2025-08-18 14:48:07,43.3611526489258,-8.8484992980957,"Unknown"
"7014851",371865,2025-08-18 14:53:04,43.3611526489258,-8.84840106964111,"Unknown"
"7014851",371865,2025-08-18 14:58:09,43.3612823486328,-8.84834575653076,"Unknown"
"7014851",371865,2025-08-18 15:03:07,43.3612327575684,-8.84838104248047,"Unknown"
"7014851",371865,2025-08-18 15:08:04,43.3610916137695,-8.84832000732422,"Unknown"
"7014851",371865,2025-08-18 15:13:07,43.3612594604492,-8.84842872619629,"Unknown"
"7014851",371865,2025-08-18 15:18:06,43.3611259460449,-8.84828853607178,"Unknown"
"7014851",371865,2025-08-18 15:23:09,43.3611030578613,-8.8483419418335,"Unknown"
"7014851",371865,2025-08-18 15:28:04,43.360969543457,-8.84837913513184,"Unknown"
"7014851",371865,2025-08-18 15:33:35,43.361156463623,-8.84842109680176,"Unknown"
"7014851",371865,2025-08-18 15:38:09,43.361141204834,-8.84846305847168,"Unknown"
"7014851",371865,2025-08-18 15:43:07,43.3611145019531,-8.84834671020508,"Unknown"
"7014851",371865,2025-08-18 15:48:07,43.361083984375,-8.84834098815918,"Unknown"
"7014851",371865,2025-08-18 15:53:07,43.3611106872559,-8.84840869903564,"Unknown"
"7014851",371865,2025-08-18 15:58:07,43.3610687255859,-8.84839725494385,"Unknown"
"7014851",371865,2025-08-18 16:03:07,43.3610992431641,-8.84833526611328,"Unknown"
"7014851",371865,2025-08-18 16:08:08,43.3610572814941,-8.8483190536499,"Unknown"
"7014851",371865,2025-08-18 16:13:11,43.3610572814941,-8.84841728210449,"Unknown"
"7014851",371865,2025-08-18 16:18:06,43.3697357177734,-8.85042762756348,"Unknown"
"7014851",371865,2025-08-18 16:23:07,43.3716888427734,-8.8506383895874,"Unknown"
"7014851",371865,2025-08-18 16:28:07,43.3713912963867,-8.85206031799316,"Unknown"
"7014851",371865,2025-08-18 16:33:04,43.3616409301758,-8.84849166870117,"Unknown"
"7014851",371865,2025-08-18 16:39:04,43.3580780029297,-8.84645175933838,"Unknown"
"7014851",371865,2025-08-18 16:43:11,43.3584327697754,-8.84658718109131,"Unknown"
"7014851",371865,2025-08-18 16:48:06,43.3587303161621,-8.84656238555908,"Unknown"
"7014851",371865,2025-08-18 16:53:10,43.3583717346191,-8.84659957885742,"Unknown"
"7014851",371865,2025-08-18 16:58:07,43.3586845397949,-8.84652996063232,"Unknown"
"7014851",371865,2025-08-18 17:03:08,43.3585205078125,-8.84640121459961,"Unknown"
"7014851",371865,2025-08-18 17:08:08,43.358341217041,-8.84639739990234,"Unknown"
"7014851",371865,2025-08-18 17:13:11,43.358455657959,-8.84637641906738,"Unknown"
"7014851",371865,2025-08-18 17:18:05,43.3576545715332,-8.84598445892334,"Unknown"
"7014851",371865,2025-08-18 17:23:08,43.3578948974609,-8.84603214263916,"Unknown"
"7014851",371865,2025-08-18 17:28:07,43.3578338623047,-8.84589004516602,"Unknown"
"7014851",371865,2025-08-18 17:33:09,43.3579025268555,-8.84591484069824,"Unknown"
"7014851",371865,2025-08-18 17:38:10,43.3579025268555,-8.84591770172119,"Unknown"
"7014851",371865,2025-08-18 17:43:09,43.3571891784668,-8.84671401977539,"Unknown"
"7014851",371865,2025-08-18 17:48:17,43.3570556640625,-8.84662246704102,"Unknown"
"7014851",371865,2025-08-18 17:53:18,43.3570861816406,-8.84666061401367,"Unknown"
"7014851",371865,2025-08-18 17:58:14,43.357120513916,-8.84669303894043,"Unknown"
"7014851",371865,2025-08-18 18:03:35,43.3577270507812,-8.84603500366211,"Unknown"
"7014851",371865,2025-08-18 18:08:07,43.357666015625,-8.84610557556152,"Unknown"
"7014851",371865,2025-08-18 18:13:10,43.3578605651855,-8.84613418579102,"Unknown"
"7014851",371865,2025-08-18 18:18:12,43.3580703735352,-8.8457145690918,"Unknown"
"7014851",371865,2025-08-18 18:23:37,43.3577575683594,-8.84626007080078,"Unknown"
"7014851",371865,2025-08-18 18:28:18,43.357795715332,-8.84596538543701,"Unknown"
"7014851",371865,2025-08-18 18:33:15,43.3577613830566,-8.84584426879883,"Unknown"
"7014851",371865,2025-08-18 18:38:17,43.3577995300293,-8.84590244293213,"Unknown"
"7014851",371865,2025-08-18 18:44:28,43.3577537536621,-8.84622192382812,"Unknown"
"7014851",371865,2025-08-18 18:48:11,43.3574600219727,-8.84630012512207,"Unknown"
"7014851",371865,2025-08-18 18:54:05,43.357536315918,-8.84619426727295,"Unknown"
"7014851",371865,2025-08-18 18:58:04,43.3575057983398,-8.84635162353516,"Unknown"
"7014851",371865,2025-08-18 19:03:04,43.3578414916992,-8.84633350372314,"Unknown"
"7014851",371865,2025-08-18 19:08:08,43.3578567504883,-8.84628868103027,"Unknown"
"7014851",371865,2025-08-18 19:13:04,43.3578872680664,-8.84634780883789,"Unknown"
"7014851",371865,2025-08-18 19:18:07,43.3579483032227,-8.84611034393311,"Unknown"
"7014851",371865,2025-08-18 19:23:04,43.3578872680664,-8.84636497497559,"Unknown"
"7014851",371865,2025-08-18 19:28:06,43.3578071594238,-8.84614562988281,"Unknown"
"7014851",371865,2025-08-18 19:33:07,43.357795715332,-8.84635448455811,"Unknown"
"7014851",371865,2025-08-18 19:38:06,43.3584022521973,-8.84658718109131,"Unknown"
"7014851",371865,2025-08-18 19:43:07,43.3583335876465,-8.84656047821045,"Unknown"
"7014851",371865,2025-08-18 19:48:06,43.3584976196289,-8.84661388397217,"Unknown"
"7014851",371865,2025-08-18 19:53:11,43.3576736450195,-8.84637832641602,"Unknown"
"7014851",371865,2025-08-18 19:58:04,43.3587417602539,-8.84741020202637,"Unknown"
"7014851",371865,2025-08-18 20:03:04,43.3695945739746,-8.85141563415527,"Unknown"
"7014851",371865,2025-08-18 20:08:08,43.3699150085449,-8.85183143615723,"Unknown"
"7014851",371865,2025-08-18 20:13:06,43.3703536987305,-8.85261535644531,"Unknown"
"7014851",371865,2025-08-18 20:18:09,43.370849609375,-8.85331249237061,"Unknown"
"7014851",371865,2025-08-18 20:23:04,43.3712310791016,-8.85414600372314,"Unknown"
"7014851",371865,2025-08-18 20:28:12,43.371654510498,-8.85499000549316,"Unknown"
"7014851",371865,2025-08-18 20:33:07,43.3719139099121,-8.85547351837158,"Unknown"
"7014851",371865,2025-08-18 20:38:08,43.3720474243164,-8.85613632202148,"Unknown"
"7014851",371865,2025-08-18 20:43:10,43.3724365234375,-8.85645580291748,"Unknown"
"7014851",371865,2025-08-18 20:48:10,43.3728561401367,-8.85649967193604,"Unknown"
"7014851",371865,2025-08-18 20:53:11,43.3733444213867,-8.85647010803223,"Unknown"
"7014851",371865,2025-08-18 20:58:04,43.3721199035645,-8.85461902618408,"Unknown"
"7014851",371865,2025-08-18 21:03:08,43.3680648803711,-8.84778594970703,"Unknown"
"7014851",371865,2025-08-18 21:08:34,43.3533554077148,-8.8330602645874,"Unknown"
"7014851",371865,2025-08-18 21:13:10,43.3534240722656,-8.83306884765625,"Unknown"
"7014851",371865,2025-08-18 21:18:04,43.3533592224121,-8.83304595947266,"Unknown"
"7014851",371865,2025-08-18 21:23:07,43.3533248901367,-8.83308792114258,"Unknown"
"7014851",371865,2025-08-18 21:28:08,43.3533477783203,-8.833176612854,"Unknown"
"7014851",371865,2025-08-18 21:33:09,43.3533706665039,-8.83314037322998,"Unknown"
"7014851",371865,2025-08-18 21:38:07,43.3534240722656,-8.83318519592285,"Unknown"
"7014851",371865,2025-08-18 21:43:10,43.353458404541,-8.83320045471191,"Unknown"
"7014851",371865,2025-08-18 21:48:34,43.3533897399902,-8.83316993713379,"Unknown"
"7014851",371865,2025-08-18 21:53:07,43.3534355163574,-8.83309078216553,"Unknown"
"7014851",371865,2025-08-18 21:58:05,43.3534164428711,-8.83308219909668,"Unknown"
"7014851",371865,2025-08-18 22:03:04,43.3535232543945,-8.83308124542236,"Unknown"
"7014851",371865,2025-08-18 22:08:06,43.3533706665039,-8.83311367034912,"Unknown"
"7014851",371865,2025-08-18 22:13:03,43.3534889221191,-8.83312129974365,"Unknown"
"7014851",371865,2025-08-18 22:18:07,43.3534736633301,-8.83317279815674,"Unknown"
"7014851",371865,2025-08-18 22:23:03,43.3534507751465,-8.83314895629883,"Unknown"
"7014851",371865,2025-08-18 22:28:03,43.3535537719727,-8.83315753936768,"Unknown"
"7014851",371865,2025-08-18 22:33:05,43.3535919189453,-8.8331995010376,"Unknown"
"7014851",371865,2025-08-18 22:38:07,43.353588104248,-8.83321762084961,"Unknown"
"7014851",371865,2025-08-18 22:43:33,43.3534965515137,-8.83314418792725,"Unknown"
"7014851",371865,2025-08-18 22:48:04,43.353443145752,-8.83324813842773,"Unknown"
"7014851",371865,2025-08-18 22:53:03,43.3534736633301,-8.83322906494141,"Unknown"
"7014851",371865,2025-08-18 22:58:04,43.3534355163574,-8.83324527740479,"Unknown"
"7014851",371865,2025-08-18 23:03:03,43.3533973693848,-8.83327484130859,"Unknown"
"7014851",371865,2025-08-18 23:08:05,43.3534851074219,-8.83310794830322,"Unknown"
"7014851",371865,2025-08-18 23:13:04,43.3535461425781,-8.83313751220703,"Unknown"
"7014851",371865,2025-08-18 23:18:05,43.3534622192383,-8.83312034606934,"Unknown"
"7014851",371865,2025-08-18 23:23:06,43.3535079956055,-8.83316993713379,"Unknown"
"7014851",371865,2025-08-18 23:28:09,43.3535575866699,-8.83314990997314,"Unknown"
"7014851",371865,2025-08-18 23:33:06,43.353458404541,-8.83307456970215,"Unknown"
"7014851",371865,2025-08-18 23:38:06,43.353572845459,-8.83294868469238,"Unknown"
"7014851",371865,2025-08-18 23:43:06,43.3537750244141,-8.83359813690186,"Unknown"
"7014851",371865,2025-08-18 23:48:09,43.353588104248,-8.83311557769775,"Unknown"
"7014851",371865,2025-08-18 23:53:06,43.3535232543945,-8.83302593231201,"Unknown"
"7014851",371865,2025-08-18 23:58:07,43.3535461425781,-8.83315944671631,"Unknown"
"7014851",371865,2025-08-19 00:03:06,43.3534965515137,-8.83318710327148,"Unknown"
"7014851",371865,2025-08-19 00:08:05,43.3534774780273,-8.83310794830322,"Unknown"
"7014851",371865,2025-08-19 00:13:14,43.3535346984863,-8.83320045471191,"Unknown"
"7014851",371865,2025-08-19 00:18:10,43.3536033630371,-8.83327102661133,"Unknown"
"7014851",371865,2025-08-19 00:23:05,43.3534698486328,-8.83302402496338,"Unknown"
"7014851",371865,2025-08-19 00:28:05,43.3534317016602,-8.83310985565186,"Unknown"
"7014851",371865,2025-08-19 00:33:08,43.3534622192383,-8.83310508728027,"Unknown"
"7014851",371865,2025-08-19 00:38:07,43.3534698486328,-8.8331470489502,"Unknown"
"7014851",371865,2025-08-19 00:43:07,43.3534202575684,-8.83314609527588,"Unknown"
"7014851",371865,2025-08-19 00:48:15,43.3533897399902,-8.83320140838623,"Unknown"
"7014851",371865,2025-08-19 00:53:14,43.3533935546875,-8.83327960968018,"Unknown"
"7014851",371865,2025-08-19 00:58:03,43.3535385131836,-8.83329296112061,"Unknown"
"7014851",371865,2025-08-19 01:03:03,43.3535842895508,-8.83346557617188,"Unknown"
"7014851",371865,2025-08-19 01:08:09,43.3534698486328,-8.83336925506592,"Unknown"
"7014851",371865,2025-08-19 01:13:04,43.3534889221191,-8.83398342132568,"Unknown"
"7014851",371865,2025-08-19 01:18:08,43.3535308837891,-8.83396434783936,"Unknown"
"7014851",371865,2025-08-19 01:23:08,43.3535614013672,-8.83371829986572,"Unknown"
"7014851",371865,2025-08-19 01:28:04,43.3536186218262,-8.83362674713135,"Unknown"
"7014851",371865,2025-08-19 01:33:07,43.3537559509277,-8.83407688140869,"Unknown"
"7014851",371865,2025-08-19 01:38:08,43.3536911010742,-8.83381175994873,"Unknown"
"7014851",371865,2025-08-19 01:43:04,43.3537368774414,-8.83394241333008,"Unknown"
"7014851",371865,2025-08-19 01:48:14,43.353832244873,-8.83362007141113,"Unknown"
"7014851",371865,2025-08-19 01:53:10,43.3539276123047,-8.83356857299805,"Unknown"
"7014851",371865,2025-08-19 01:58:35,43.3539581298828,-8.83341693878174,"Unknown"
"7014851",371865,2025-08-19 02:03:04,43.3538589477539,-8.83322715759277,"Unknown"
"7014851",371865,2025-08-19 02:08:04,43.3539352416992,-8.83323192596436,"Unknown"
"7014851",371865,2025-08-19 02:13:03,43.3539619445801,-8.83347320556641,"Unknown"
"7014851",371865,2025-08-19 02:18:04,43.3538856506348,-8.83323955535889,"Unknown"
"7014851",371865,2025-08-19 02:23:04,43.3538131713867,-8.83324813842773,"Unknown"
"7014851",371865,2025-08-19 02:28:05,43.3537864685059,-8.83339309692383,"Unknown"
"7014851",371865,2025-08-19 02:33:03,43.3535919189453,-8.83327293395996,"Unknown"
"7014851",371865,2025-08-19 02:38:03,43.3538703918457,-8.8332462310791,"Unknown"
"7014851",371865,2025-08-19 02:43:03,43.3535842895508,-8.83326816558838,"Unknown"
"7014851",371865,2025-08-19 02:48:06,43.3536834716797,-8.83327293395996,"Unknown"
"7014851",371865,2025-08-19 02:53:03,43.3537254333496,-8.83331871032715,"Unknown"
"7014851",371865,2025-08-19 02:58:03,43.3536415100098,-8.83324527740479,"Unknown"
"7014851",371865,2025-08-19 03:03:04,43.3537178039551,-8.83333110809326,"Unknown"
"7014851",371865,2025-08-19 03:08:04,43.3536605834961,-8.83339500427246,"Unknown"
"7014851",371865,2025-08-19 03:13:06,43.3536338806152,-8.83343505859375,"Unknown"
"7014851",371865,2025-08-19 03:18:08,43.3535690307617,-8.83341026306152,"Unknown"
"7014851",371865,2025-08-19 03:23:03,43.3536491394043,-8.83340358734131,"Unknown"
"7014851",371865,2025-08-19 03:28:03,43.3536567687988,-8.83345890045166,"Unknown"
"7014851",371865,2025-08-19 03:33:03,43.3536720275879,-8.83345031738281,"Unknown"
"7014851",371865,2025-08-19 03:38:14,43.3533592224121,-8.83355140686035,"Unknown"
"7014851",371865,2025-08-19 03:43:03,43.3537101745605,-8.83351135253906,"Unknown"
"7014851",371865,2025-08-19 03:48:03,43.3534355163574,-8.83313369750977,"Unknown"
"7014851",371865,2025-08-19 03:53:03,43.3533706665039,-8.83306121826172,"Unknown"
"7014851",371865,2025-08-19 03:58:03,43.3533096313477,-8.83252239227295,"Unknown"
"7014851",371865,2025-08-19 04:03:06,43.3533706665039,-8.83322429656982,"Unknown"
"7014851",371865,2025-08-19 04:08:04,43.353343963623,-8.83326721191406,"Unknown"
"7014851",371865,2025-08-19 04:13:03,43.3533630371094,-8.8332347869873,"Unknown"
"7014851",371865,2025-08-19 04:18:03,43.3533363342285,-8.83309459686279,"Unknown"
"7014851",371865,2025-08-19 04:23:04,43.3533477783203,-8.83307075500488,"Unknown"
"7014851",371865,2025-08-19 04:28:04,43.3533172607422,-8.83319568634033,"Unknown"
"7014851",371865,2025-08-19 04:33:35,43.3535385131836,-8.83335494995117,"Unknown"
"7014851",371865,2025-08-19 04:38:03,43.3527336120605,-8.85522651672363,"Unknown"
"7014851",371865,2025-08-19 04:43:04,43.3441047668457,-8.87474727630615,"Unknown"
"7014851",371865,2025-08-19 04:48:03,43.3447341918945,-8.87108421325684,"Unknown"
"7014851",371865,2025-08-19 04:53:08,43.3502235412598,-8.87082386016846,"Unknown"
"7014851",371865,2025-08-19 04:58:03,43.3364791870117,-8.87138938903809,"Unknown"
"7014851",371865,2025-08-19 05:03:03,43.3353729248047,-8.90277576446533,"Unknown"
"7014851",371865,2025-08-19 05:08:04,43.3510055541992,-8.90399837493896,"Unknown"
"7014851",371865,2025-08-19 05:13:06,43.3666305541992,-8.87434482574463,"Unknown"
"7014851",371865,2025-08-19 05:18:06,43.3720321655273,-8.85541534423828,"Unknown"
"7014851",371865,2025-08-19 05:23:06,43.373176574707,-8.85310077667236,"Unknown"
"7014851",371865,2025-08-19 05:28:08,43.372688293457,-8.85364151000977,"Unknown"
"7014851",371865,2025-08-19 05:33:06,43.358772277832,-8.85438346862793,"Unknown"
"7014851",371865,2025-08-19 05:38:06,43.3480644226074,-8.87129020690918,"Unknown"
"7014851",371865,2025-08-19 05:43:07,43.3372917175293,-8.88172245025635,"Unknown"
"7014851",371865,2025-08-19 05:48:06,43.3325233459473,-8.91083145141602,"Unknown"
"7014851",371865,2025-08-19 05:53:34,43.3278274536133,-8.92508602142334,"Unknown"
"7014851",371865,2025-08-19 05:58:04,43.317195892334,-8.94425106048584,"Unknown"
"7014851",371865,2025-08-19 06:03:44,43.3085556030273,-8.94908428192139,"Unknown"
"7014851",371865,2025-08-19 06:08:06,43.289852142334,-8.96261882781982,"Unknown"
"7014851",371865,2025-08-19 06:13:15,43.2916069030762,-8.96010398864746,"Unknown"
"7014851",371865,2025-08-19 06:18:08,43.2876586914062,-8.96215534210205,"Unknown"
"7014851",371865,2025-08-19 06:23:03,43.2875671386719,-8.96228790283203,"Unknown"
"7014851",371865,2025-08-19 06:28:10,43.2867393493652,-8.96244335174561,"Unknown"
"7014851",371865,2025-08-19 06:33:08,43.286735534668,-8.96236228942871,"Unknown"
"7014851",371865,2025-08-19 06:38:03,43.2877464294434,-8.96240139007568,"Unknown"
"7014851",371865,2025-08-19 06:43:03,43.2870216369629,-8.96240139007568,"Unknown"
"7014851",371865,2025-08-19 06:48:04,43.2870979309082,-8.96230030059814,"Unknown"
"7014851",371865,2025-08-19 06:53:09,43.2877578735352,-8.96200656890869,"Unknown"
"7014851",371865,2025-08-19 06:58:06,43.2878875732422,-8.96209621429443,"Unknown"
"7014851",371865,2025-08-19 07:03:08,43.2878723144531,-8.96203327178955,"Unknown"
"7014851",371865,2025-08-19 07:08:03,43.2879371643066,-8.96207237243652,"Unknown"
"7014851",371865,2025-08-19 07:13:03,43.2879333496094,-8.96205234527588,"Unknown"
"7014851",371865,2025-08-19 07:18:04,43.291633605957,-8.96022701263428,"Unknown"
"7014851",371865,2025-08-19 07:23:12,43.2913970947266,-8.95988273620605,"Unknown"
"7014851",371865,2025-08-19 07:28:12,43.2912406921387,-8.9598503112793,"Unknown"
"7014851",371865,2025-08-19 07:33:07,43.2914543151855,-8.95991897583008,"Unknown"
"7014851",371865,2025-08-19 07:38:09,43.291431427002,-8.95987224578857,"Unknown"
"7014851",371865,2025-08-19 07:43:09,43.2914886474609,-8.96000671386719,"Unknown"
"7014851",371865,2025-08-19 07:53:14,43.2914505004883,-8.95987701416016,"Unknown"
"7014851",371865,2025-08-19 07:58:03,43.2913818359375,-8.95963859558105,"Unknown"
"7014851",371865,2025-08-19 08:03:13,43.2914276123047,-8.95982933044434,"Unknown"
"7014851",371865,2025-08-19 08:08:16,43.291446685791,-8.95986557006836,"Unknown"
"7014851",371865,2025-08-19 08:14:26,43.2915382385254,-8.959885597229,"Unknown"
"7014851",371865,2025-08-19 08:18:53,43.2914505004883,-8.95987510681152,"Unknown"
"7014851",371865,2025-08-19 08:23:35,43.2915153503418,-8.95988082885742,"Unknown"
"7014851",371865,2025-08-19 08:28:03,43.291561126709,-8.9598445892334,"Unknown"
"7014851",371865,2025-08-19 08:33:03,43.2914695739746,-8.95994281768799,"Unknown"
"7014851",371865,2025-08-19 08:38:06,43.2913627624512,-8.95991230010986,"Unknown"
"7014851",371865,2025-08-19 08:43:02,43.2916374206543,-8.95990562438965,"Unknown"
"7014851",371865,2025-08-19 08:48:04,43.2914619445801,-8.95988750457764,"Unknown"
"7014851",371865,2025-08-19 08:53:03,43.2916641235352,-8.95987319946289,"Unknown"
"7014851",371865,2025-08-19 08:58:04,43.2915229797363,-8.95975875854492,"Unknown"
"7014851",371865,2025-08-19 09:03:03,43.2913360595703,-8.95973491668701,"Unknown"
"7014851",371865,2025-08-19 09:08:03,43.291332244873,-8.95982456207275,"Unknown"
"7014851",371865,2025-08-19 09:13:03,43.2910766601562,-8.9597339630127,"Unknown"
"7014851",371865,2025-08-19 09:18:02,43.2913665771484,-8.95985984802246,"Unknown"
"7014851",371865,2025-08-19 09:23:03,43.2913284301758,-8.9597864151001,"Unknown"
"7014851",371865,2025-08-19 09:28:03,43.2913093566895,-8.95985221862793,"Unknown"
"7014851",371865,2025-08-19 09:33:04,43.291374206543,-8.95977973937988,"Unknown"
"7014851",371865,2025-08-19 09:38:02,43.2913703918457,-8.95984745025635,"Unknown"
"7014851",371865,2025-08-19 09:43:04,43.2911987304688,-8.95970344543457,"Unknown"
"7014851",371865,2025-08-19 09:48:10,43.2912826538086,-8.95981121063232,"Unknown"
"7014851",371865,2025-08-19 09:53:07,43.291374206543,-8.96019077301025,"Unknown"
"7014851",371865,2025-08-19 09:58:07,43.2910232543945,-8.95992374420166,"Unknown"
"7014851",371865,2025-08-19 10:03:08,43.2909355163574,-8.95991611480713,"Unknown"
"7014851",371865,2025-08-19 10:08:04,43.2909164428711,-8.95987319946289,"Unknown"
"7014851",371865,2025-08-19 10:13:09,43.2909507751465,-8.95994663238525,"Unknown"
"7014851",371865,2025-08-19 10:18:12,43.2909088134766,-8.95989227294922,"Unknown"
"7014851",371865,2025-08-19 10:23:09,43.2909698486328,-8.95991802215576,"Unknown"
"7014851",371865,2025-08-19 10:28:09,43.2910270690918,-8.95994091033936,"Unknown"
"7014851",371865,2025-08-19 10:33:09,43.2909965515137,-8.9599142074585,"Unknown"
"7014851",371865,2025-08-19 10:38:13,43.2909278869629,-8.9598274230957,"Unknown"
"7014851",371865,2025-08-19 10:43:08,43.2892646789551,-8.96154689788818,"Unknown"
"7014851",371865,2025-08-19 10:48:09,43.2893218994141,-8.96163177490234,"Unknown"
"7014851",371865,2025-08-19 10:53:09,43.2893676757812,-8.96163177490234,"Unknown"
"7014851",371865,2025-08-19 10:58:09,43.2893486022949,-8.96161937713623,"Unknown"
"7014851",371865,2025-08-19 11:03:09,43.2894096374512,-8.96168231964111,"Unknown"
"7014851",371865,2025-08-19 11:08:09,43.2893829345703,-8.96165084838867,"Unknown"
"7014851",371865,2025-08-19 11:13:14,43.2894439697266,-8.96173763275146,"Unknown"
"7014851",371865,2025-08-19 11:18:03,43.2894439697266,-8.9617223739624,"Unknown"
"7014851",371865,2025-08-19 11:23:02,43.2894325256348,-8.96176052093506,"Unknown"
"7014851",371865,2025-08-19 11:28:06,43.2891807556152,-8.96155643463135,"Unknown"
"7014851",371865,2025-08-19 11:33:02,43.2893943786621,-8.96179389953613,"Unknown"
"7014851",371865,2025-08-19 11:38:04,43.2892761230469,-8.96159172058105,"Unknown"
"7014851",371865,2025-08-19 11:43:04,43.2893867492676,-8.96161270141602,"Unknown"
"7014851",371865,2025-08-19 11:48:35,43.2894096374512,-8.96126365661621,"Unknown"
"7014851",371865,2025-08-19 11:53:02,43.2894515991211,-8.9612865447998,"Unknown"
"7014851",371865,2025-08-19 11:58:02,43.289363861084,-8.96112155914307,"Unknown"
"7014851",371865,2025-08-19 12:03:02,43.2895050048828,-8.96167755126953,"Unknown"
"7014851",371865,2025-08-19 12:08:09,43.2893676757812,-8.96155166625977,"Unknown"
"7014851",371865,2025-08-19 12:13:08,43.2893829345703,-8.96153831481934,"Unknown"
"7014851",371865,2025-08-19 12:18:07,43.2894134521484,-8.96152400970459,"Unknown"
"7014851",371865,2025-08-19 12:23:07,43.2893600463867,-8.96149253845215,"Unknown"
"7014851",371865,2025-08-19 12:28:07,43.2893829345703,-8.9615650177002,"Unknown"
"7014851",371865,2025-08-19 12:33:03,43.2892074584961,-8.9612512588501,"Unknown"
"7014851",371865,2025-08-19 12:38:12,43.289421081543,-8.96170616149902,"Unknown"
"7014851",371865,2025-08-19 12:43:02,43.2897262573242,-8.96231460571289,"Unknown"
"7014851",371865,2025-08-19 12:48:09,43.2894401550293,-8.96169376373291,"Unknown"
"7014851",371865,2025-08-19 12:53:12,43.2894439697266,-8.96165466308594,"Unknown"
"7014851",371865,2025-08-19 12:58:08,43.289436340332,-8.9616527557373,"Unknown"
"7014851",371865,2025-08-19 13:03:08,43.289421081543,-8.96164131164551,"Unknown"
"7014851",371865,2025-08-19 13:08:08,43.2893943786621,-8.96160125732422,"Unknown"
"7014851",371865,2025-08-19 13:13:09,43.2895240783691,-8.9616870880127,"Unknown"
"7014851",371865,2025-08-19 13:18:03,43.2892761230469,-8.96115970611572,"Unknown"
"7014851",371865,2025-08-19 13:23:08,43.2894744873047,-8.96160221099854,"Unknown"
"7014851",371865,2025-08-19 13:28:08,43.2894592285156,-8.9615650177002,"Unknown"
"7014851",371865,2025-08-19 13:33:08,43.2895011901855,-8.96161556243896,"Unknown"
"7014851",371865,2025-08-19 13:38:08,43.289794921875,-8.96245956420898,"Unknown"
"7014851",371865,2025-08-19 13:43:08,43.2888832092285,-8.96019172668457,"Unknown"
"7014851",371865,2025-08-19 13:48:08,43.2893753051758,-8.96139430999756,"Unknown"
"7014851",371865,2025-08-19 13:53:19,43.2894134521484,-8.96129894256592,"Unknown"
"7014851",371865,2025-08-19 13:58:02,43.2894706726074,-8.96136951446533,"Unknown"
"7014851",371865,2025-08-19 14:03:01,43.289421081543,-8.96131706237793,"Unknown"
"7014851",371865,2025-08-19 14:08:02,43.2894287109375,-8.96134281158447,"Unknown"
"7014851",371865,2025-08-19 14:13:01,43.2909393310547,-8.97026348114014,"Unknown"
"7014851",371865,2025-08-19 14:18:01,43.2906951904297,-8.9796257019043,"Unknown"
"7014851",371865,2025-08-19 14:23:05,43.2853889465332,-8.98784732818604,"Unknown"
"7014851",371865,2025-08-19 14:28:02,43.2845726013184,-8.9887809753418,"Unknown"
"7014851",371865,2025-08-19 14:33:10,43.2876358032227,-8.98507881164551,"Unknown"
"7014851",371865,2025-08-19 14:38:08,43.2873420715332,-8.98612308502197,"Unknown"
"7014851",371865,2025-08-19 14:43:02,43.286075592041,-8.98632431030273,"Unknown"
"7014851",371865,2025-08-19 14:48:46,43.2867736816406,-8.98643684387207,"Unknown"
"7014851",371865,2025-08-19 14:53:05,43.2865295410156,-8.98689270019531,"Unknown"
"7014851",371865,2025-08-19 14:58:05,43.2862396240234,-8.98715686798096,"Unknown"
"7014851",371865,2025-08-19 15:03:08,43.2861747741699,-8.98759078979492,"Unknown"
"7014851",371865,2025-08-19 15:08:05,43.2860832214355,-8.98791790008545,"Unknown"
"7014851",371865,2025-08-19 15:13:12,43.2850723266602,-8.98924446105957,"Unknown"
"7014851",371865,2025-08-19 15:18:35,43.2851295471191,-8.98933124542236,"Unknown"
"7014851",371865,2025-08-19 15:23:02,43.2852745056152,-8.98957920074463,"Unknown"
"7014851",371865,2025-08-19 15:28:03,43.2850761413574,-8.98970890045166,"Unknown"
"7014851",371865,2025-08-19 15:33:07,43.2854957580566,-8.98997211456299,"Unknown"
"7014851",371865,2025-08-19 15:38:02,43.287971496582,-8.99543857574463,"Unknown"
"7014851",371865,2025-08-19 15:43:03,43.2879104614258,-8.99620628356934,"Unknown"
"7014851",371865,2025-08-19 15:48:02,43.2857627868652,-8.99874114990234,"Unknown"
"7014851",371865,2025-08-19 15:53:08,43.2822799682617,-8.99905776977539,"Unknown"
"7014851",371865,2025-08-19 15:58:05,43.2820129394531,-8.99986743927002,"Unknown"
"7014851",371865,2025-08-19 16:03:14,43.2818069458008,-9.000319480896,"Unknown"
"7014851",371865,2025-08-19 16:08:06,43.2819595336914,-9.00055980682373,"Unknown"
"7014851",371865,2025-08-19 16:13:07,43.2806434631348,-8.99901580810547,"Unknown"
"7014851",371865,2025-08-19 16:18:08,43.2806930541992,-8.99958992004395,"Unknown"
"7014851",371865,2025-08-19 16:23:07,43.2819061279297,-8.98426914215088,"Unknown"
"7014851",371865,2025-08-19 16:28:05,43.2821807861328,-8.98424053192139,"Unknown"
"7014851",371865,2025-08-19 16:33:14,43.2821884155273,-8.9844274520874,"Unknown"
"7014851",371865,2025-08-19 16:38:01,43.2821731567383,-8.98419570922852,"Unknown"
"7014851",371865,2025-08-19 16:43:09,43.2822380065918,-8.98408126831055,"Unknown"
"7014851",371865,2025-08-19 16:48:09,43.2822952270508,-8.98445510864258,"Unknown"
"7014851",371865,2025-08-19 16:53:09,43.2824783325195,-8.98458957672119,"Unknown"
"7014851",371865,2025-08-19 16:58:09,43.2824096679688,-8.98453426361084,"Unknown"
"7014851",371865,2025-08-19 17:03:10,43.2823753356934,-8.98449802398682,"Unknown"
"7014851",371865,2025-08-19 17:08:07,43.2823333740234,-8.98446464538574,"Unknown"
"7014851",371865,2025-08-19 17:13:11,43.2822952270508,-8.98440456390381,"Unknown"
"7014851",371865,2025-08-19 17:18:03,43.2821846008301,-8.98412799835205,"Unknown"
"7014851",371865,2025-08-19 17:23:07,43.2825355529785,-8.98477268218994,"Unknown"
"7014851",371865,2025-08-19 17:28:07,43.2826309204102,-8.98492240905762,"Unknown"
"7014851",371865,2025-08-19 17:33:03,43.2818450927734,-8.98360729217529,"Unknown"
"7014851",371865,2025-08-19 17:38:14,43.2822952270508,-8.98414611816406,"Unknown"
"7014851",371865,2025-08-19 17:43:07,43.2823066711426,-8.9840726852417,"Unknown"
"7014851",371865,2025-08-19 17:48:06,43.2823333740234,-8.98433780670166,"Unknown"
"7014851",371865,2025-08-19 17:53:10,43.282356262207,-8.98423671722412,"Unknown"
"7014851",371865,2025-08-19 17:58:04,43.2823600769043,-8.98423004150391,"Unknown"
"7014851",371865,2025-08-19 18:03:04,43.2823791503906,-8.98432731628418,"Unknown"
"7014851",371865,2025-08-19 18:08:06,43.2824172973633,-8.98460102081299,"Unknown"
"7014851",371865,2025-08-19 18:13:33,43.2822608947754,-8.98421001434326,"Unknown"
"7014851",371865,2025-08-19 18:18:01,43.2822647094727,-8.98410701751709,"Unknown"
"7014851",371865,2025-08-19 18:23:01,43.2821159362793,-8.98424816131592,"Unknown"
"7014851",371865,2025-08-19 18:28:01,43.2822875976562,-8.98414993286133,"Unknown"
"7014851",371865,2025-08-19 18:33:02,43.2822761535645,-8.98415088653564,"Unknown"
"7014851",371865,2025-08-19 18:38:01,43.2947082519531,-8.96950244903564,"Unknown"
"7014851",371865,2025-08-19 18:43:01,43.2903213500977,-8.96106243133545,"Unknown"
"7014851",371865,2025-08-19 18:48:01,43.2901725769043,-8.96100425720215,"Unknown"
"7014851",371865,2025-08-19 18:53:02,43.290168762207,-8.96109962463379,"Unknown"
"7014851",371865,2025-08-19 18:58:01,43.2902946472168,-8.96103000640869,"Unknown"
"7014851",371865,2025-08-19 19:03:01,43.2903175354004,-8.96104717254639,"Unknown"
"7014851",371865,2025-08-19 19:08:01,43.2901763916016,-8.96099090576172,"Unknown"
"7014851",371865,2025-08-19 19:13:01,43.2901229858398,-8.96099853515625,"Unknown"
"7014851",371865,2025-08-19 19:18:06,43.290168762207,-8.96096420288086,"Unknown"
"7014851",371865,2025-08-19 19:23:35,43.2902030944824,-8.96101570129395,"Unknown"
"7014851",371865,2025-08-19 19:28:02,43.2901954650879,-8.96107578277588,"Unknown"
"7014851",371865,2025-08-19 19:33:02,43.2902069091797,-8.96097087860107,"Unknown"
"7014851",371865,2025-08-19 19:38:01,43.2901878356934,-8.96103572845459,"Unknown"
"7014851",371865,2025-08-19 19:43:02,43.2902603149414,-8.96106338500977,"Unknown"
"7014851",371865,2025-08-19 19:51:11,43.3081665039062,-8.9538745880127,"Unknown"
"7014851",371865,2025-08-19 19:56:11,43.314323425293,-8.94131565093994,"Unknown"
"7014851",371865,2025-08-19 20:01:11,43.3347320556641,-8.93603610992432,"Unknown"
"7014851",371865,2025-08-19 20:06:11,43.3490829467773,-8.90525436401367,"Unknown"
"7014851",371865,2025-08-19 20:11:12,43.3661918640137,-8.86068344116211,"Unknown"
"7014851",371865,2025-08-19 20:16:13,43.3724136352539,-8.84861183166504,"Unknown"
"7014851",371865,2025-08-19 20:21:14,43.3725967407227,-8.84844970703125,"Unknown"
"7014851",371865,2025-08-19 20:26:12,43.3735275268555,-8.84467220306396,"Unknown"
"7014851",371865,2025-08-19 20:31:17,43.3739471435547,-8.84493637084961,"Unknown"
"7014851",371865,2025-08-19 20:36:12,43.3757781982422,-8.83533573150635,"Unknown"
"7014851",371865,2025-08-19 20:41:15,43.3588104248047,-8.81984710693359,"Unknown"
"7014851",371865,2025-08-19 20:46:14,43.3576393127441,-8.82625770568848,"Unknown"
"7014851",371865,2025-08-19 20:51:26,43.357006072998,-8.82674789428711,"Unknown"
"7014851",371865,2025-08-19 20:56:15,43.3556251525879,-8.82647609710693,"Unknown"
"7014851",371865,2025-08-19 21:01:19,43.3549003601074,-8.82623481750488,"Unknown"
"7014851",371865,2025-08-19 21:06:21,43.3548622131348,-8.82591247558594,"Unknown"
"7014851",371865,2025-08-19 21:11:21,43.3545341491699,-8.82618045806885,"Unknown"
"7014851",371865,2025-08-19 21:16:35,43.3539657592773,-8.82693767547607,"Unknown"
"7014851",371865,2025-08-19 21:21:12,43.3542442321777,-8.82699489593506,"Unknown"
"7014851",371865,2025-08-19 21:26:13,43.3545684814453,-8.8269567489624,"Unknown"
"7014851",371865,2025-08-19 21:31:11,43.3549041748047,-8.82693958282471,"Unknown"
"7014851",371865,2025-08-19 21:36:13,43.3550720214844,-8.82739639282227,"Unknown"
"7014851",371865,2025-08-19 21:41:11,43.3554649353027,-8.82801532745361,"Unknown"
"7014851",371865,2025-08-19 21:46:11,43.3536567687988,-8.83312129974365,"Unknown"
"7014851",371865,2025-08-19 21:51:11,43.3536415100098,-8.83307647705078,"Unknown"
"7014851",371865,2025-08-19 21:56:13,43.3536682128906,-8.83322048187256,"Unknown"
"7014851",371865,2025-08-19 22:01:12,43.3536758422852,-8.83329200744629,"Unknown"
"7014851",371865,2025-08-19 22:06:14,43.353572845459,-8.83330059051514,"Unknown"
"7014851",371865,2025-08-19 22:11:12,43.3537330627441,-8.83325672149658,"Unknown"
"7014851",371865,2025-08-19 22:16:11,43.3536567687988,-8.8332347869873,"Unknown"
"7014851",371865,2025-08-19 22:21:11,43.3536605834961,-8.83332252502441,"Unknown"
"7014851",371865,2025-08-19 22:26:11,43.3536758422852,-8.83325481414795,"Unknown"
"7014851",371865,2025-08-19 22:31:12,43.353630065918,-8.83329963684082,"Unknown"
"7014851",371865,2025-08-19 22:36:14,43.3536643981934,-8.83330535888672,"Unknown"
"7014851",371865,2025-08-19 22:41:12,43.353630065918,-8.83325290679932,"Unknown"
"7014851",371865,2025-08-19 22:46:11,43.3536796569824,-8.83323860168457,"Unknown"
"7014851",371865,2025-08-19 22:51:12,43.3536911010742,-8.83335304260254,"Unknown"
"7014851",371865,2025-08-19 22:56:11,43.3535919189453,-8.83316707611084,"Unknown"
"7014851",371865,2025-08-19 23:01:14,43.3535957336426,-8.83320045471191,"Unknown"
"7014851",371865,2025-08-19 23:06:44,43.3536033630371,-8.83315753936768,"Unknown"
"7014851",371865,2025-08-19 23:11:15,43.3536529541016,-8.8333215713501,"Unknown"
"7014851",371865,2025-08-19 23:16:14,43.3536186218262,-8.83326148986816,"Unknown"
"7014851",371865,2025-08-19 23:21:15,43.3537139892578,-8.83342266082764,"Unknown"
"7014851",371865,2025-08-19 23:26:12,43.3537292480469,-8.83338165283203,"Unknown"
"7014851",371865,2025-08-19 23:31:12,43.353816986084,-8.83336925506592,"Unknown"
"7014851",371865,2025-08-19 23:36:17,43.3537483215332,-8.83332443237305,"Unknown"
"7014851",371865,2025-08-19 23:41:17,43.3538398742676,-8.83342552185059,"Unknown"
"7014851",371865,2025-08-19 23:46:35,43.3535919189453,-8.83326816558838,"Unknown"
"7014851",371865,2025-08-19 23:51:12,43.3535308837891,-8.83314609527588,"Unknown"
"7014851",371865,2025-08-19 23:56:14,43.3536758422852,-8.83321380615234,"Unknown"
"7014851",371865,2025-08-20 00:01:11,43.3535995483398,-8.83302974700928,"Unknown"
"7014851",371865,2025-08-20 00:06:18,43.3534088134766,-8.83300685882568,"Unknown"
"7014851",371865,2025-08-20 00:11:16,43.3537178039551,-8.83336353302002,"Unknown"
"7014851",371865,2025-08-20 00:16:20,43.3537216186523,-8.83333683013916,"Unknown"
"7014851",371865,2025-08-20 00:21:43,43.3536567687988,-8.83332824707031,"Unknown"
"7014851",371865,2025-08-20 00:26:12,43.3535346984863,-8.83317279815674,"Unknown"
"7014851",371865,2025-08-20 00:31:11,43.3536796569824,-8.83328247070312,"Unknown"
"7014851",371865,2025-08-20 00:36:17,43.3537254333496,-8.83329582214355,"Unknown"
"7014851",371865,2025-08-20 00:41:14,43.3536720275879,-8.83328723907471,"Unknown"
"7014851",371865,2025-08-20 00:46:35,43.3536376953125,-8.83320236206055,"Unknown"
"7014851",371865,2025-08-20 00:51:11,43.3535270690918,-8.83325672149658,"Unknown"
"7014851",371865,2025-08-20 00:56:11,43.3535804748535,-8.83324909210205,"Unknown"
"7014851",371865,2025-08-20 01:01:11,43.3535766601562,-8.83327579498291,"Unknown"
"7014851",371865,2025-08-20 01:06:12,43.3535766601562,-8.83318614959717,"Unknown"
"7014851",371865,2025-08-20 01:11:11,43.3536148071289,-8.83324432373047,"Unknown"
"7014851",371865,2025-08-20 01:16:11,43.3535385131836,-8.83324241638184,"Unknown"
"7014851",371865,2025-08-20 01:21:11,43.3535957336426,-8.83320426940918,"Unknown"
"7014851",371865,2025-08-20 01:26:11,43.3536376953125,-8.83319759368896,"Unknown"
"7014851",371865,2025-08-20 01:31:11,43.3536376953125,-8.83315849304199,"Unknown"
"7014851",371865,2025-08-20 01:36:12,43.3535308837891,-8.83321189880371,"Unknown"
"7014851",371865,2025-08-20 01:41:11,43.3535537719727,-8.83322429656982,"Unknown"
"7014851",371865,2025-08-20 01:46:11,43.353588104248,-8.83323669433594,"Unknown"
"7014851",371865,2025-08-20 01:51:13,43.3537826538086,-8.83334827423096,"Unknown"
"7014851",371865,2025-08-20 01:56:12,43.3537788391113,-8.83326816558838,"Unknown"
"7014851",371865,2025-08-20 02:01:35,43.3536109924316,-8.83319759368896,"Unknown"
"7014851",371865,2025-08-20 02:06:11,43.3536376953125,-8.8331823348999,"Unknown"
"7014851",371865,2025-08-20 02:11:11,43.3535957336426,-8.83319282531738,"Unknown"
"7014851",371865,2025-08-20 02:16:12,43.3536148071289,-8.83319473266602,"Unknown"
"7014851",371865,2025-08-20 02:21:12,43.3536529541016,-8.83321857452393,"Unknown"
"7014851",371865,2025-08-20 02:26:11,43.3536071777344,-8.83322620391846,"Unknown"
"7014851",371865,2025-08-20 02:31:11,43.3536529541016,-8.83320426940918,"Unknown"
"7014851",371865,2025-08-20 02:36:11,43.3536758422852,-8.83323001861572,"Unknown"
"7014851",371865,2025-08-20 02:41:11,43.3536338806152,-8.83322334289551,"Unknown"
"7014851",371865,2025-08-20 02:46:11,43.3537292480469,-8.83321952819824,"Unknown"
"7014851",371865,2025-08-20 02:51:11,43.3537750244141,-8.83321189880371,"Unknown"
"7014851",371865,2025-08-20 02:56:11,43.3536949157715,-8.83322620391846,"Unknown"
"7014851",371865,2025-08-20 03:01:12,43.3536949157715,-8.83325290679932,"Unknown"
"7014851",371865,2025-08-20 03:06:12,43.3537788391113,-8.83328056335449,"Unknown"
"7014851",371865,2025-08-20 03:11:13,43.3537178039551,-8.83314895629883,"Unknown"
"7014851",371865,2025-08-20 03:16:14,43.3536758422852,-8.83325481414795,"Unknown"
"7014851",371865,2025-08-20 03:21:14,43.3538665771484,-8.83320140838623,"Unknown"
"7014851",371865,2025-08-20 03:26:12,43.3538131713867,-8.83326148986816,"Unknown"
"7014851",371865,2025-08-20 03:31:12,43.3540000915527,-8.83324527740479,"Unknown"
"7014851",371865,2025-08-20 03:36:19,43.3537139892578,-8.83320713043213,"Unknown"
"7014851",371865,2025-08-20 03:41:11,43.3536224365234,-8.8332462310791,"Unknown"
"7014851",371865,2025-08-20 03:46:16,43.3537979125977,-8.83318710327148,"Unknown"
"7014851",371865,2025-08-20 03:51:25,43.3537292480469,-8.83323955535889,"Unknown"
"7014851",371865,2025-08-20 03:56:12,43.3537826538086,-8.83320426940918,"Unknown"
"7014851",371865,2025-08-20 04:01:19,43.3537902832031,-8.83317279815674,"Unknown"
"7014851",371865,2025-08-20 04:06:35,43.3537330627441,-8.83322143554688,"Unknown"
"7014851",371865,2025-08-20 04:11:11,43.3536758422852,-8.83326530456543,"Unknown"
"7014851",371865,2025-08-20 04:16:12,43.3536834716797,-8.83323955535889,"Unknown"
"7014851",371865,2025-08-20 04:21:12,43.3536834716797,-8.83326816558838,"Unknown"
"7014851",371865,2025-08-20 04:26:12,43.3536643981934,-8.83325386047363,"Unknown"
"7014851",371865,2025-08-20 04:31:11,43.3536834716797,-8.8332462310791,"Unknown"
"7014851",371865,2025-08-20 04:36:11,43.353687286377,-8.8332462310791,"Unknown"
"7014851",371865,2025-08-20 04:41:11,43.3536643981934,-8.83319759368896,"Unknown"
"7014851",371865,2025-08-20 04:46:10,43.3511772155762,-8.84133052825928,"Unknown"
"7014851",371865,2025-08-20 04:51:10,43.347038269043,-8.86994647979736,"Unknown"
"7014851",371865,2025-08-20 04:56:10,43.3334197998047,-8.8885326385498,"Unknown"
"7014851",371865,2025-08-20 05:01:10,43.3337173461914,-8.90897560119629,"Unknown"
"7014851",371865,2025-08-20 05:06:11,43.3260879516602,-8.91386795043945,"Unknown"
"7014851",371865,2025-08-20 05:11:13,43.3194618225098,-8.93726062774658,"Unknown"
"7014851",371865,2025-08-20 05:16:11,43.3088569641113,-8.95151710510254,"Unknown"
"7014851",371865,2025-08-20 05:21:11,43.3026847839355,-8.9560079574585,"Unknown"
"7014851",371865,2025-08-20 05:26:12,43.3031806945801,-8.95569324493408,"Unknown"
"7014851",371865,2025-08-20 05:31:16,43.3030433654785,-8.95549297332764,"Unknown"
"7014851",371865,2025-08-20 05:36:22,43.3032112121582,-8.9550666809082,"Unknown"
"7014851",371865,2025-08-20 05:41:36,43.3016929626465,-8.95961952209473,"Unknown"
"7014851",371865,2025-08-20 05:46:11,43.297679901123,-8.96112251281738,"Unknown"
"7014851",371865,2025-08-20 05:51:12,43.2942504882812,-8.95688056945801,"Unknown"
"7014851",371865,2025-08-20 05:56:16,43.2936248779297,-8.95678997039795,"Unknown"
"7014851",371865,2025-08-20 06:01:35,43.2936820983887,-8.95674324035645,"Unknown"
"7014851",371865,2025-08-20 06:06:12,43.2936897277832,-8.95671272277832,"Unknown"
"7014851",371865,2025-08-20 06:11:10,43.2937049865723,-8.95665168762207,"Unknown"
"7014851",371865,2025-08-20 06:16:11,43.2936401367188,-8.95670318603516,"Unknown"
"7014851",371865,2025-08-20 06:21:10,43.2935028076172,-8.95680809020996,"Unknown"
"7014851",371865,2025-08-20 06:26:11,43.2936019897461,-8.95679187774658,"Unknown"
"7014851",371865,2025-08-20 06:31:13,43.293514251709,-8.95684242248535,"Unknown"
"7014851",371865,2025-08-20 06:36:13,43.2936210632324,-8.95671653747559,"Unknown"
"7014851",371865,2025-08-20 06:41:11,43.2935791015625,-8.95714664459229,"Unknown"
"7014851",371865,2025-08-20 06:46:15,43.2935523986816,-8.95683765411377,"Unknown"
"7014851",371865,2025-08-20 06:51:14,43.2935676574707,-8.95664978027344,"Unknown"
"7014851",371865,2025-08-20 06:56:12,43.2935562133789,-8.95674133300781,"Unknown"
"7014851",371865,2025-08-20 07:01:11,43.2935447692871,-8.9570779800415,"Unknown"
"7014851",371865,2025-08-20 07:06:10,43.2926254272461,-8.9592866897583,"Unknown"
"7014851",371865,2025-08-20 07:11:10,43.2879447937012,-8.9619197845459,"Unknown"
"7014851",371865,2025-08-20 07:16:13,43.2876472473145,-8.96207523345947,"Unknown"
"7014851",371865,2025-08-20 07:21:11,43.2899627685547,-8.96131038665771,"Unknown"
"7014851",371865,2025-08-20 07:26:12,43.2903594970703,-8.96147060394287,"Unknown"
"7014851",371865,2025-08-20 07:31:29,43.2862968444824,-8.9624080657959,"Unknown"
"7014851",371865,2025-08-20 07:36:14,43.2870178222656,-8.96248722076416,"Unknown"
"7014851",371865,2025-08-20 07:41:13,43.2869262695312,-8.96232128143311,"Unknown"
"7014851",371865,2025-08-20 07:46:12,43.2876777648926,-8.96297073364258,"Unknown"
"7014851",371865,2025-08-20 07:53:07,43.2878265380859,-8.961838722229,"Unknown"
"7014851",371865,2025-08-20 07:58:03,43.2878341674805,-8.96187019348145,"Unknown"
"7014851",371865,2025-08-20 08:03:35,43.2878723144531,-8.96187305450439,"Unknown"
"7014851",371865,2025-08-20 08:08:35,43.2910957336426,-8.95978736877441,"Unknown"
"7014851",371865,2025-08-20 08:13:01,43.2876663208008,-8.96159267425537,"Unknown"
"7014851",371865,2025-08-20 08:18:05,43.2878723144531,-8.96160697937012,"Unknown"
"7014851",371865,2025-08-20 08:23:04,43.2915229797363,-8.95958232879639,"Unknown"
"7014851",371865,2025-08-20 08:28:02,43.2913360595703,-8.95954132080078,"Unknown"
"7014851",371865,2025-08-20 08:33:01,43.2873077392578,-8.96174716949463,"Unknown"
"7014851",371865,2025-08-20 08:38:02,43.287239074707,-8.96185493469238,"Unknown"
"7014851",371865,2025-08-20 08:43:04,43.287166595459,-8.96183776855469,"Unknown"
"7014851",371865,2025-08-20 08:48:06,43.2878036499023,-8.96189117431641,"Unknown"
"7014851",371865,2025-08-20 08:53:14,43.2879066467285,-8.96187782287598,"Unknown"
"7014851",371865,2025-08-20 08:58:01,43.2896842956543,-8.95879459381104,"Unknown"
"7014851",371865,2025-08-20 09:03:07,43.2880973815918,-8.96156978607178,"Unknown"
"7014851",371865,2025-08-20 09:08:05,43.2882614135742,-8.96171092987061,"Unknown"
"7014851",371865,2025-08-20 09:13:06,43.2878227233887,-8.96180725097656,"Unknown"
"7014851",371865,2025-08-20 09:18:03,43.2878684997559,-8.96180725097656,"Unknown"
"7014851",371865,2025-08-20 09:23:15,43.2881011962891,-8.96142768859863,"Unknown"
"7014851",371865,2025-08-20 09:28:02,43.2876968383789,-8.96154975891113,"Unknown"
"7014851",371865,2025-08-20 09:33:03,43.2880363464355,-8.96183395385742,"Unknown"
"7014851",371865,2025-08-20 09:38:00,43.2915725708008,-8.9595775604248,"Unknown"
"7014851",371865,2025-08-20 09:43:01,43.2917671203613,-8.95996761322021,"Unknown"
"7014851",371865,2025-08-20 09:48:13,43.2915267944336,-8.95946502685547,"Unknown"
"7014851",371865,2025-08-20 09:53:02,43.2914009094238,-8.95959377288818,"Unknown"
"7014851",371865,2025-08-20 09:58:02,43.2915420532227,-8.9598445892334,"Unknown"
"7014851",371865,2025-08-20 10:03:08,43.2915153503418,-8.9595947265625,"Unknown"
"7014851",371865,2025-08-20 10:08:03,43.2915534973145,-8.95980644226074,"Unknown"
"7014851",371865,2025-08-20 10:13:00,43.2914924621582,-8.95968818664551,"Unknown"
"7014851",371865,2025-08-20 10:18:09,43.29150390625,-8.95965194702148,"Unknown"
"7014851",371865,2025-08-20 10:23:14,43.2911643981934,-8.96005439758301,"Unknown"
"7014851",371865,2025-08-20 10:28:01,43.2911605834961,-8.96009922027588,"Unknown"
"7014851",371865,2025-08-20 10:33:01,43.2912559509277,-8.96017551422119,"Unknown"
"7014851",371865,2025-08-20 10:38:02,43.2913436889648,-8.9604549407959,"Unknown"
"7014851",371865,2025-08-20 10:43:01,43.2912292480469,-8.96029853820801,"Unknown"
"7014851",371865,2025-08-20 10:49:25,43.2911720275879,-8.95984268188477,"Unknown"
"7014851",371865,2025-08-20 10:53:14,43.2911605834961,-8.95981407165527,"Unknown"
"7014851",371865,2025-08-20 10:58:02,43.2914276123047,-8.95985698699951,"Unknown"
"7014851",371865,2025-08-20 11:03:04,43.291145324707,-8.95983219146729,"Unknown"
"7014851",371865,2025-08-20 11:08:00,43.2912864685059,-8.95969867706299,"Unknown"
"7014851",371865,2025-08-20 11:13:04,43.2912788391113,-8.95989513397217,"Unknown"
"7014851",371865,2025-08-20 11:18:06,43.2912406921387,-8.95975780487061,"Unknown"
"7014851",371865,2025-08-20 11:23:02,43.2912254333496,-8.95980834960938,"Unknown"
"7014851",371865,2025-08-20 11:28:12,43.2908134460449,-8.9599494934082,"Unknown"
"7014851",371865,2025-08-20 11:33:09,43.290901184082,-8.95985412597656,"Unknown"
"7014851",371865,2025-08-20 11:38:04,43.2907066345215,-8.95996952056885,"Unknown"
"7014851",371865,2025-08-20 11:43:11,43.2909355163574,-8.95979785919189,"Unknown"
"7014851",371865,2025-08-20 11:48:14,43.2910041809082,-8.95981216430664,"Unknown"
"7014851",371865,2025-08-20 11:53:07,43.2908554077148,-8.95971393585205,"Unknown"
"7014851",371865,2025-08-20 11:58:01,43.2909545898438,-8.95993328094482,"Unknown"
"7014851",371865,2025-08-20 12:03:03,43.2909698486328,-8.95972537994385,"Unknown"
"7014851",371865,2025-08-20 12:08:06,43.2906494140625,-8.95932102203369,"Unknown"
"7014851",371865,2025-08-20 12:13:03,43.2912445068359,-8.96017932891846,"Unknown"
"7014851",371865,2025-08-20 12:18:09,43.2911643981934,-8.9597053527832,"Unknown"
"7014851",371865,2025-08-20 12:23:09,43.2913131713867,-8.95973014831543,"Unknown"
"7014851",371865,2025-08-20 12:28:35,43.2910003662109,-8.95977210998535,"Unknown"
"7014851",371865,2025-08-20 12:33:00,43.2908897399902,-8.95982265472412,"Unknown"
"7014851",371865,2025-08-20 12:38:00,43.2909126281738,-8.95978927612305,"Unknown"
"7014851",371865,2025-08-20 12:43:00,43.2907562255859,-8.95998191833496,"Unknown"
"7014851",371865,2025-08-20 12:48:04,43.2908668518066,-8.95971393585205,"Unknown"
"7014851",371865,2025-08-20 12:53:01,43.2907676696777,-8.95997905731201,"Unknown"
"7014851",371865,2025-08-20 12:58:08,43.2909317016602,-8.95981121063232,"Unknown"
"7014851",371865,2025-08-20 13:03:00,43.2909507751465,-8.95987415313721,"Unknown"
"7014851",371865,2025-08-20 13:08:07,43.2909355163574,-8.95984268188477,"Unknown"
"7014851",371865,2025-08-20 13:13:03,43.290943145752,-8.95995807647705,"Unknown"
"7014851",371865,2025-08-20 13:18:00,43.2909317016602,-8.95990943908691,"Unknown"
"7014851",371865,2025-08-20 13:23:03,43.2908325195312,-8.96000576019287,"Unknown"
"7014851",371865,2025-08-20 13:28:00,43.2908096313477,-8.9599027633667,"Unknown"
"7014851",371865,2025-08-20 13:33:06,43.2908515930176,-8.95991897583008,"Unknown"
"7014851",371865,2025-08-20 13:38:13,43.2907295227051,-8.96012496948242,"Unknown"
"7014851",371865,2025-08-20 13:43:00,43.2898712158203,-8.96096611022949,"Unknown"
"7014851",371865,2025-08-20 13:48:09,43.2885894775391,-8.96145534515381,"Unknown"
"7014851",371865,2025-08-20 13:53:35,43.2885704040527,-8.96144485473633,"Unknown"
"7014851",371865,2025-08-20 13:58:00,43.2884292602539,-8.9616174697876,"Unknown"
"7014851",371865,2025-08-20 14:03:07,43.2879486083984,-8.96179962158203,"Unknown"
"7014851",371865,2025-08-20 14:08:03,43.287353515625,-8.96180152893066,"Unknown"
"7014851",371865,2025-08-20 14:13:01,43.2878952026367,-8.96233940124512,"Unknown"
"7014851",371865,2025-08-20 14:18:09,43.287769317627,-8.96179962158203,"Unknown"
"7014851",371865,2025-08-20 14:23:06,43.2877807617188,-8.96184825897217,"Unknown"
"7014851",371865,2025-08-20 14:28:03,43.2878570556641,-8.96186065673828,"Unknown"
"7014851",371865,2025-08-20 14:33:03,43.2878608703613,-8.96202373504639,"Unknown"
"7014851",371865,2025-08-20 14:38:18,43.2878494262695,-8.96186065673828,"Unknown"
"7014851",371865,2025-08-20 14:43:02,43.2877349853516,-8.96196937561035,"Unknown"
"7014851",371865,2025-08-20 14:48:10,43.2877159118652,-8.96189308166504,"Unknown"
"7014851",371865,2025-08-20 14:53:03,43.287654876709,-8.96187400817871,"Unknown"
"7014851",371865,2025-08-20 14:58:02,43.2876205444336,-8.96175670623779,"Unknown"
"7014851",371865,2025-08-20 15:03:14,43.286865234375,-8.96230506896973,"Unknown"
"7014851",371865,2025-08-20 15:08:49,43.2865409851074,-8.96262359619141,"Unknown"
"7014851",371865,2025-08-20 15:13:17,43.2865409851074,-8.96255588531494,"Unknown"
"7014851",371865,2025-08-20 15:19:24,43.2866439819336,-8.96241760253906,"Unknown"
"7014851",371865,2025-08-20 15:23:36,43.2867279052734,-8.96242904663086,"Unknown"
"7014851",371865,2025-08-20 15:28:03,43.2867469787598,-8.96260547637939,"Unknown"
"7014851",371865,2025-08-20 15:33:01,43.2994117736816,-8.96344947814941,"Unknown"
"7014851",371865,2025-08-20 15:38:00,43.3025665283203,-8.95312118530273,"Unknown"
"7014851",371865,2025-08-20 15:43:00,43.3139801025391,-8.94467449188232,"Unknown"
"7014851",371865,2025-08-20 15:48:01,43.3147621154785,-8.93893051147461,"Unknown"
"7014851",371865,2025-08-20 15:53:00,43.3169250488281,-8.94466209411621,"Unknown"
"7014851",371865,2025-08-20 15:58:00,43.3145713806152,-8.94108486175537,"Unknown"
"7014851",371865,2025-08-20 16:03:03,43.3144607543945,-8.94362640380859,"Unknown"
"7014851",371865,2025-08-20 16:08:00,43.3192901611328,-8.93353080749512,"Unknown"
"7014851",371865,2025-08-20 16:13:02,43.3185806274414,-8.93344974517822,"Unknown"
"7014851",371865,2025-08-20 16:18:02,43.3169212341309,-8.93337154388428,"Unknown"
"7014851",371865,2025-08-20 16:23:06,43.315788269043,-8.93371105194092,"Unknown"
"7014851",371865,2025-08-20 16:28:02,43.3157043457031,-8.93534278869629,"Unknown"
"7014851",371865,2025-08-20 16:33:10,43.3154335021973,-8.93477344512939,"Unknown"
"7014851",371865,2025-08-20 16:38:00,43.3099517822266,-8.93739891052246,"Unknown"
"7014851",371865,2025-08-20 16:43:07,43.3112602233887,-8.93848896026611,"Unknown"
"7014851",371865,2025-08-20 16:48:02,43.3111686706543,-8.93916511535645,"Unknown"
"7014851",371865,2025-08-20 16:53:00,43.2896842956543,-8.96211910247803,"Unknown"
"7014851",371865,2025-08-20 16:58:04,43.2895660400391,-8.96217823028564,"Unknown"
"7014851",371865,2025-08-20 17:03:02,43.2896156311035,-8.96221733093262,"Unknown"
"7014851",371865,2025-08-20 17:08:03,43.2896423339844,-8.96218872070312,"Unknown"
"7014851",371865,2025-08-20 17:13:02,43.2895622253418,-8.96217727661133,"Unknown"
"7014851",371865,2025-08-20 17:18:02,43.2897148132324,-8.96210956573486,"Unknown"
"7014851",371865,2025-08-20 17:23:04,43.2897491455078,-8.96211719512939,"Unknown"
"7014851",371865,2025-08-20 17:28:04,43.289794921875,-8.96219635009766,"Unknown"
"7014851",371865,2025-08-20 17:33:53,43.2897529602051,-8.96218204498291,"Unknown"
"7014851",371865,2025-08-20 17:38:01,43.289722442627,-8.96220207214355,"Unknown"
"7014851",371865,2025-08-20 17:43:00,43.2896118164062,-8.9621000289917,"Unknown"
"7014851",371865,2025-08-20 17:48:11,43.289794921875,-8.96231937408447,"Unknown"
"7014851",371865,2025-08-20 17:53:26,43.2897453308105,-8.96204471588135,"Unknown"
"7014851",371865,2025-08-20 17:58:18,43.2896995544434,-8.96119689941406,"Unknown"
"7014851",371865,2025-08-20 18:03:35,43.2896957397461,-8.96212291717529,"Unknown"
"7014851",371865,2025-08-20 18:08:00,43.289665222168,-8.96208572387695,"Unknown"
"7014851",371865,2025-08-20 18:13:00,43.289722442627,-8.9619779586792,"Unknown"
"7014851",371865,2025-08-20 18:18:01,43.2896842956543,-8.96205711364746,"Unknown"
"7014851",371865,2025-08-20 18:23:01,43.2897644042969,-8.96180629730225,"Unknown"
"7014851",371865,2025-08-20 18:28:01,43.2897262573242,-8.96196842193604,"Unknown"
"7014851",371865,2025-08-20 18:33:02,43.2897415161133,-8.96199131011963,"Unknown"
"7014851",371865,2025-08-20 18:38:01,43.2896957397461,-8.96200084686279,"Unknown"
"7014851",371865,2025-08-20 18:43:02,43.2897186279297,-8.96210098266602,"Unknown"
"7014851",371865,2025-08-20 18:48:02,43.2897758483887,-8.96202659606934,"Unknown"
"7014851",371865,2025-08-20 18:53:05,43.2897262573242,-8.9621410369873,"Unknown"
"7014851",371865,2025-08-20 18:58:02,43.2896957397461,-8.96206378936768,"Unknown"
"7014851",371865,2025-08-20 19:03:01,43.2898025512695,-8.96207714080811,"Unknown"
"7014851",371865,2025-08-20 19:08:04,43.2896499633789,-8.96210670471191,"Unknown"
"7014851",371865,2025-08-20 19:13:02,43.2896766662598,-8.96218681335449,"Unknown"
"7014851",371865,2025-08-20 19:18:02,43.289737701416,-8.96211051940918,"Unknown"
"7014851",371865,2025-08-20 19:23:04,43.2897415161133,-8.9621467590332,"Unknown"
"7014851",371865,2025-08-20 19:28:02,43.2898864746094,-8.96208953857422,"Unknown"
"7014851",371865,2025-08-20 19:33:04,43.2897186279297,-8.96213912963867,"Unknown"
"7014851",371865,2025-08-20 19:38:10,43.2898139953613,-8.96223831176758,"Unknown"
"7014851",371865,2025-08-20 19:43:12,43.2897148132324,-8.96210861206055,"Unknown"
"7014851",371865,2025-08-20 19:56:47,43.3375701904297,-8.89262008666992,"Unknown"
"7014851",371865,2025-08-20 20:02:34,43.3576850891113,-8.84539127349854,"Unknown"
"7014851",371865,2025-08-20 20:06:48,43.3576622009277,-8.84529685974121,"Unknown"
"7014851",371865,2025-08-20 20:11:48,43.3575630187988,-8.84485721588135,"Unknown"
"7014851",371865,2025-08-20 20:16:49,43.3576736450195,-8.84525489807129,"Unknown"
"7014851",371865,2025-08-20 20:21:52,43.3576202392578,-8.84503555297852,"Unknown"
"7014851",371865,2025-08-20 20:26:49,43.3576583862305,-8.84501552581787,"Unknown"
"7014851",371865,2025-08-20 20:31:48,43.3576126098633,-8.84516620635986,"Unknown"
"7014851",371865,2025-08-20 20:36:48,43.3575401306152,-8.84506034851074,"Unknown"
"7014851",371865,2025-08-20 20:41:48,43.3576583862305,-8.84506416320801,"Unknown"
"7014851",371865,2025-08-20 20:46:47,43.357536315918,-8.84496688842773,"Unknown"
"7014851",371865,2025-08-20 20:51:49,43.3574600219727,-8.8450927734375,"Unknown"
"7014851",371865,2025-08-20 20:57:22,43.3575668334961,-8.84502601623535,"Unknown"
"7014851",371865,2025-08-20 21:01:47,43.3575630187988,-8.84503364562988,"Unknown"
"7014851",371865,2025-08-20 21:06:47,43.3575592041016,-8.84506034851074,"Unknown"
"7014851",371865,2025-08-20 21:11:48,43.357593536377,-8.8450174331665,"Unknown"
"7014851",371865,2025-08-20 21:16:50,43.3575325012207,-8.8450403213501,"Unknown"
"7014851",371865,2025-08-20 21:21:49,43.3575744628906,-8.8451042175293,"Unknown"
"7014851",371865,2025-08-20 21:26:48,43.3576393127441,-8.84506416320801,"Unknown"
"7014851",371865,2025-08-20 21:31:49,43.3576126098633,-8.84501361846924,"Unknown"
"7014851",371865,2025-08-20 21:36:49,43.3575210571289,-8.8450288772583,"Unknown"
"7014851",371865,2025-08-20 21:41:49,43.357666015625,-8.84523296356201,"Unknown"
"7014851",371865,2025-08-20 21:46:48,43.3576583862305,-8.84503650665283,"Unknown"
"7014851",371865,2025-08-20 21:51:47,43.3578643798828,-8.84503841400146,"Unknown"
"7014851",371865,2025-08-20 21:56:49,43.3579521179199,-8.84507656097412,"Unknown"
"7014851",371865,2025-08-20 22:01:54,43.3576622009277,-8.84507942199707,"Unknown"
"7014851",371865,2025-08-20 22:06:50,43.3577537536621,-8.8451509475708,"Unknown"
"7014851",371865,2025-08-20 22:11:50,43.3576965332031,-8.84500122070312,"Unknown"
"7014851",371865,2025-08-20 22:16:49,43.3576240539551,-8.84506607055664,"Unknown"
"7014851",371865,2025-08-20 22:21:47,43.3576164245605,-8.84508800506592,"Unknown"
"7014851",371865,2025-08-20 22:26:50,43.3576507568359,-8.84506034851074,"Unknown"
"7014851",371865,2025-08-20 22:31:51,43.3577194213867,-8.84517669677734,"Unknown"
"7014851",371865,2025-08-20 22:36:56,43.357593536377,-8.84499454498291,"Unknown"
"7014851",371865,2025-08-20 22:42:14,43.3576316833496,-8.84501647949219,"Unknown"
"7014851",371865,2025-08-20 22:46:47,43.357738494873,-8.84510898590088,"Unknown"
"7014851",371865,2025-08-20 22:51:46,43.3575744628906,-8.84502029418945,"Unknown"
"7014851",371865,2025-08-20 22:56:46,43.3577308654785,-8.84506320953369,"Unknown"
"7014851",371865,2025-08-20 23:01:48,43.3577003479004,-8.84515190124512,"Unknown"
"7014851",371865,2025-08-20 23:06:46,43.3577270507812,-8.84510040283203,"Unknown"
"7014851",371865,2025-08-20 23:11:48,43.3575134277344,-8.84506893157959,"Unknown"
"7014851",371865,2025-08-20 23:16:47,43.3577041625977,-8.84517574310303,"Unknown"
"7014851",371865,2025-08-20 23:21:50,43.3576431274414,-8.84507179260254,"Unknown"
"7014851",371865,2025-08-20 23:27:14,43.3575744628906,-8.84505176544189,"Unknown"
"7014851",371865,2025-08-20 23:31:46,43.3574981689453,-8.8450345993042,"Unknown"
"7014851",371865,2025-08-20 23:36:50,43.3574333190918,-8.84504985809326,"Unknown"
"7014851",371865,2025-08-20 23:41:48,43.3575439453125,-8.84515476226807,"Unknown"
"7014851",371865,2025-08-20 23:47:14,43.3575897216797,-8.84514617919922,"Unknown"
"7014851",371865,2025-08-20 23:51:46,43.357593536377,-8.84526062011719,"Unknown"
"7014851",371865,2025-08-20 23:56:48,43.3573570251465,-8.84488201141357,"Unknown"
"7014851",371865,2025-08-21 00:01:48,43.3575134277344,-8.84514713287354,"Unknown"
"7014851",371865,2025-08-21 00:06:50,43.3576393127441,-8.84518718719482,"Unknown"
"7014851",371865,2025-08-21 00:11:46,43.3576164245605,-8.84530639648438,"Unknown"
"7014851",371865,2025-08-21 00:16:46,43.3575248718262,-8.84514713287354,"Unknown"
"7014851",371865,2025-08-21 00:21:51,43.3577575683594,-8.8451452255249,"Unknown"
"7014851",371865,2025-08-21 00:27:02,43.357593536377,-8.84515285491943,"Unknown"
"7014851",371865,2025-08-21 00:32:20,43.3576240539551,-8.84506416320801,"Unknown"
"7014851",371865,2025-08-21 00:36:46,43.357593536377,-8.84504508972168,"Unknown"
"7014851",371865,2025-08-21 00:41:53,43.3576812744141,-8.84506416320801,"Unknown"
"7014851",371865,2025-08-21 00:46:48,43.3575744628906,-8.84490776062012,"Unknown"
"7014851",371865,2025-08-21 00:51:49,43.3576240539551,-8.84505367279053,"Unknown"
"7014851",371865,2025-08-21 00:56:48,43.3575744628906,-8.84497928619385,"Unknown"
"7014851",371865,2025-08-21 01:01:48,43.3574905395508,-8.84475898742676,"Unknown"
"7014851",371865,2025-08-21 01:06:46,43.3576850891113,-8.84525489807129,"Unknown"
"7014851",371865,2025-08-21 01:11:47,43.3575859069824,-8.84486865997314,"Unknown"
"7014851",371865,2025-08-21 01:16:47,43.3575973510742,-8.84494686126709,"Unknown"
"7014851",371865,2025-08-21 01:21:48,43.3576164245605,-8.84497547149658,"Unknown"
"7014851",371865,2025-08-21 01:26:57,43.3576507568359,-8.84522438049316,"Unknown"
"7014851",371865,2025-08-21 01:32:12,43.3576622009277,-8.84525108337402,"Unknown"
"7014851",371865,2025-08-21 01:36:48,43.3576622009277,-8.8452091217041,"Unknown"
"7014851",371865,2025-08-21 01:41:48,43.3575897216797,-8.84512805938721,"Unknown"
"7014851",371865,2025-08-21 01:46:51,43.3577575683594,-8.84518337249756,"Unknown"
"7014851",371865,2025-08-21 01:51:47,43.3576316833496,-8.84517478942871,"Unknown"
"7014851",371865,2025-08-21 01:56:51,43.3576469421387,-8.84525203704834,"Unknown"
"7014851",371865,2025-08-21 02:01:49,43.3577270507812,-8.8451566696167,"Unknown"
"7014851",371865,2025-08-21 02:06:49,43.3576965332031,-8.84525203704834,"Unknown"
"7014851",371865,2025-08-21 02:11:47,43.3576164245605,-8.84514045715332,"Unknown"
"7014851",371865,2025-08-21 02:16:54,43.3575057983398,-8.84502506256104,"Unknown"
"7014851",371865,2025-08-21 02:21:52,43.3574638366699,-8.84503269195557,"Unknown"
"7014851",371865,2025-08-21 02:26:51,43.3575439453125,-8.84505558013916,"Unknown"
"7014851",371865,2025-08-21 02:32:05,43.3575744628906,-8.84517669677734,"Unknown"
"7014851",371865,2025-08-21 02:36:46,43.3578033447266,-8.84545707702637,"Unknown"
"7014851",371865,2025-08-21 02:41:53,43.3576545715332,-8.84513282775879,"Unknown"
"7014851",371865,2025-08-21 02:46:46,43.3576240539551,-8.84507846832275,"Unknown"
"7014851",371865,2025-08-21 02:51:54,43.3576507568359,-8.84515762329102,"Unknown"
"7014851",371865,2025-08-21 02:56:46,43.3576736450195,-8.84518718719482,"Unknown"
"7014851",371865,2025-08-21 03:01:59,43.3577346801758,-8.84541511535645,"Unknown"
"7014851",371865,2025-08-21 03:06:51,43.3576278686523,-8.84519100189209,"Unknown"
"7014851",371865,2025-08-21 03:11:48,43.3577079772949,-8.84523582458496,"Unknown"
"7014851",371865,2025-08-21 03:16:55,43.357666015625,-8.84518909454346,"Unknown"
"7014851",371865,2025-08-21 03:21:51,43.3576774597168,-8.8451566696167,"Unknown"
"7014851",371865,2025-08-21 03:26:49,43.3576774597168,-8.84511661529541,"Unknown"
"7014851",371865,2025-08-21 03:31:46,43.357738494873,-8.84530544281006,"Unknown"
"7014851",371865,2025-08-21 03:36:54,43.3576164245605,-8.84515953063965,"Unknown"
"7014851",371865,2025-08-21 03:41:56,43.3576011657715,-8.84522247314453,"Unknown"
"7014851",371865,2025-08-21 03:47:16,43.3576126098633,-8.8450984954834,"Unknown"
"7014851",371865,2025-08-21 03:51:52,43.3576011657715,-8.84506416320801,"Unknown"
"7014851",371865,2025-08-21 03:56:55,43.3576507568359,-8.84520053863525,"Unknown"
"7014851",371865,2025-08-21 04:01:48,43.3576545715332,-8.84523868560791,"Unknown"
"7014851",371865,2025-08-21 04:06:53,43.3577079772949,-8.845778465271,"Unknown"
"7014851",371865,2025-08-21 04:11:54,43.3577117919922,-8.84567928314209,"Unknown"
"7014851",371865,2025-08-21 04:16:47,43.3575210571289,-8.8450174331665,"Unknown"
"7014851",371865,2025-08-21 04:22:14,43.3575897216797,-8.84497165679932,"Unknown"
"7014851",371865,2025-08-21 04:26:47,43.3576507568359,-8.84521770477295,"Unknown"
"7014851",371865,2025-08-21 04:32:14,43.3576545715332,-8.84491443634033,"Unknown"
"7014851",371865,2025-08-21 04:36:53,43.3575897216797,-8.84486389160156,"Unknown"
"7014851",371865,2025-08-21 04:42:05,43.357608795166,-8.84499740600586,"Unknown"
"7014851",371865,2025-08-21 04:46:55,43.3576278686523,-8.84507083892822,"Unknown"
"7014851",371865,2025-08-21 04:51:56,43.3576240539551,-8.84505462646484,"Unknown"
"7014851",371865,2025-08-21 04:56:49,43.3577194213867,-8.84479522705078,"Unknown"
"7014851",371865,2025-08-21 05:01:53,43.3572196960449,-8.84531211853027,"Unknown"
"7014851",371865,2025-08-21 05:06:56,43.3576240539551,-8.84523296356201,"Unknown"
"7014851",371865,2025-08-21 05:12:00,43.3573837280273,-8.84523391723633,"Unknown"
"7014851",371865,2025-08-21 05:16:57,43.3515090942383,-8.85893154144287,"Unknown"
"7014851",371865,2025-08-21 05:21:54,43.3579902648926,-8.87822532653809,"Unknown"
"7014851",371865,2025-08-21 05:26:54,43.3373107910156,-8.89861488342285,"Unknown"
"7014851",371865,2025-08-21 05:32:15,43.3242530822754,-8.92524528503418,"Unknown"
"7014851",371865,2025-08-21 05:36:53,43.3234481811523,-8.92659950256348,"Unknown"
"7014851",371865,2025-08-21 05:41:54,43.3224906921387,-8.92795753479004,"Unknown"
"7014851",371865,2025-08-21 05:47:03,43.3219833374023,-8.92895603179932,"Unknown"
"7014851",371865,2025-08-21 05:51:57,43.3211975097656,-8.93047618865967,"Unknown"
"7014851",371865,2025-08-21 05:57:13,43.3203048706055,-8.93131923675537,"Unknown"
"7014851",371865,2025-08-21 06:01:57,43.319694519043,-8.93176555633545,"Unknown"
"7014851",371865,2025-08-21 06:06:58,43.3010292053223,-8.95306873321533,"Unknown"
"7014851",371865,2025-08-21 06:11:47,43.2895469665527,-8.96571731567383,"Unknown"
"7014851",371865,2025-08-21 06:16:53,43.2894554138184,-8.96592807769775,"Unknown"
"7014851",371865,2025-08-21 06:21:47,43.2878379821777,-8.96647644042969,"Unknown"
"7014851",371865,2025-08-21 06:26:53,43.2871932983398,-8.96604824066162,"Unknown"
"7014851",371865,2025-08-21 06:32:05,43.287109375,-8.96626949310303,"Unknown"
"7014851",371865,2025-08-21 06:36:57,43.2870903015137,-8.9662389755249,"Unknown"
"7014851",371865,2025-08-21 06:41:54,43.2871017456055,-8.9661865234375,"Unknown"
"7014851",371865,2025-08-21 06:47:05,43.2870826721191,-8.96613597869873,"Unknown"
"7014851",371865,2025-08-21 06:52:05,43.2870292663574,-8.96605968475342,"Unknown"
"7014851",371865,2025-08-21 06:56:46,43.2870750427246,-8.96570110321045,"Unknown"
"7014851",371865,2025-08-21 07:01:47,43.2870559692383,-8.96587944030762,"Unknown"
"7014851",371865,2025-08-21 07:06:47,43.2870941162109,-8.96593379974365,"Unknown"
"7014851",371865,2025-08-21 07:11:48,43.2870941162109,-8.96597671508789,"Unknown"
"7014851",371865,2025-08-21 07:16:47,43.2874946594238,-8.96250438690186,"Unknown"
"7014851",371865,2025-08-21 07:21:46,43.287181854248,-8.96507930755615,"Unknown"
"7014851",371865,2025-08-21 07:26:47,43.2871742248535,-8.96510028839111,"Unknown"
"7014851",371865,2025-08-21 07:31:48,43.2871742248535,-8.96505832672119,"Unknown"
"7014851",371865,2025-08-21 07:36:48,43.2874183654785,-8.96527767181396,"Unknown"
"7014851",371865,2025-08-21 07:41:48,43.2871704101562,-8.96504688262939,"Unknown"
"7014851",371865,2025-08-21 07:48:29,43.287109375,-8.96511745452881,"Unknown"
"7014851",371865,2025-08-21 07:52:35,43.2871131896973,-8.96533870697021,"Unknown"
"7014851",371865,2025-08-21 07:57:01,43.2871627807617,-8.96532249450684,"Unknown"
"7014851",371865,2025-08-21 08:01:52,43.2871971130371,-8.96540546417236,"Unknown"
"7014851",371865,2025-08-21 08:06:55,43.2870292663574,-8.96538734436035,"Unknown"
"7014851",371865,2025-08-21 08:11:49,43.2869911193848,-8.96536254882812,"Unknown"
"7014851",371865,2025-08-21 08:16:50,43.2870826721191,-8.96531009674072,"Unknown"
"7014851",371865,2025-08-21 08:21:48,43.286979675293,-8.96511459350586,"Unknown"
"7014851",371865,2025-08-21 08:26:48,43.2870254516602,-8.96524620056152,"Unknown"
"7014851",371865,2025-08-21 08:31:49,43.287036895752,-8.96534824371338,"Unknown"
"7014851",371865,2025-08-21 08:36:49,43.2870712280273,-8.96519660949707,"Unknown"
"7014851",371865,2025-08-21 08:41:49,43.287109375,-8.96520328521729,"Unknown"
"7014851",371865,2025-08-21 08:46:48,43.2870559692383,-8.96517562866211,"Unknown"
"7014851",371865,2025-08-21 08:51:48,43.2870140075684,-8.96514225006104,"Unknown"
"7014851",371865,2025-08-21 08:57:59,43.286548614502,-8.96244049072266,"Unknown"
"7014851",371865,2025-08-21 09:01:51,43.2871131896973,-8.96414184570312,"Unknown"
"7014851",371865,2025-08-21 09:07:01,43.2871360778809,-8.96390819549561,"Unknown"
"7014851",371865,2025-08-21 09:12:02,43.2870254516602,-8.96399593353271,"Unknown"
"7014851",371865,2025-08-21 09:17:22,43.2870483398438,-8.96397304534912,"Unknown"
"7014851",371865,2025-08-21 09:21:50,43.2868881225586,-8.96475315093994,"Unknown"
"7014851",371865,2025-08-21 09:26:49,43.2867584228516,-8.96452331542969,"Unknown"
"7014851",371865,2025-08-21 09:31:49,43.2869834899902,-8.96469974517822,"Unknown"
"7014851",371865,2025-08-21 09:36:56,43.2872047424316,-8.96384716033936,"Unknown"
"7014851",371865,2025-08-21 09:41:51,43.2873497009277,-8.96398735046387,"Unknown"
"7014851",371865,2025-08-21 09:47:02,43.287166595459,-8.96390628814697,"Unknown"
"7014851",371865,2025-08-21 09:52:02,43.2871856689453,-8.96383571624756,"Unknown"
"7014851",371865,2025-08-21 09:57:00,43.2870750427246,-8.9639196395874,"Unknown"
"7014851",371865,2025-08-21 10:02:00,43.2871513366699,-8.96383857727051,"Unknown"
"7014851",371865,2025-08-21 10:07:06,43.2870292663574,-8.96392631530762,"Unknown"
"7014851",371865,2025-08-21 10:12:07,43.2870216369629,-8.9638032913208,"Unknown"
"7014851",371865,2025-08-21 10:17:49,43.2871170043945,-8.96396160125732,"Unknown"
"7014851",371865,2025-08-21 10:21:49,43.2871208190918,-8.96395015716553,"Unknown"
"7014851",371865,2025-08-21 10:26:48,43.287109375,-8.9640417098999,"Unknown"
"7014851",371865,2025-08-21 10:31:48,43.2869911193848,-8.96400833129883,"Unknown"
"7014851",371865,2025-08-21 10:36:48,43.2871322631836,-8.96404266357422,"Unknown"
"7014851",371865,2025-08-21 10:41:48,43.2869987487793,-8.96406650543213,"Unknown"
"7014851",371865,2025-08-21 10:46:48,43.2871551513672,-8.96401500701904,"Unknown"
"7014851",371865,2025-08-21 10:51:51,43.287712097168,-8.96450328826904,"Unknown"
"7014851",371865,2025-08-21 10:56:52,43.2870445251465,-8.9639720916748,"Unknown"
"7014851",371865,2025-08-21 11:01:50,43.2872123718262,-8.96408557891846,"Unknown"
"7014851",371865,2025-08-21 11:06:52,43.2869186401367,-8.96392440795898,"Unknown"
"7014851",371865,2025-08-21 11:12:14,43.2870178222656,-8.96431827545166,"Unknown"
"7014851",371865,2025-08-21 11:16:50,43.2870750427246,-8.96398067474365,"Unknown"
"7014851",371865,2025-08-21 11:21:51,43.2870597839355,-8.96387577056885,"Unknown"
"7014851",371865,2025-08-21 11:26:55,43.2870330810547,-8.964111328125,"Unknown"
"7014851",371865,2025-08-21 11:31:53,43.287467956543,-8.96360778808594,"Unknown"
"7014851",371865,2025-08-21 11:37:03,43.2867050170898,-8.96408557891846,"Unknown"
"7014851",371865,2025-08-21 11:41:50,43.2868919372559,-8.96408748626709,"Unknown"
"7014851",371865,2025-08-21 11:47:18,43.2869834899902,-8.96398162841797,"Unknown"
"7014851",371865,2025-08-21 11:52:03,43.2869110107422,-8.96397113800049,"Unknown"
"7014851",371865,2025-08-21 11:57:14,43.2870101928711,-8.96394348144531,"Unknown"
"7014851",371865,2025-08-21 12:01:49,43.2872428894043,-8.96445941925049,"Unknown"
"7014851",371865,2025-08-21 12:06:55,43.2871551513672,-8.96408843994141,"Unknown"
"7014851",371865,2025-08-21 12:11:56,43.287036895752,-8.96399021148682,"Unknown"
"7014851",371865,2025-08-21 12:16:53,43.2883110046387,-8.96685409545898,"Unknown"
"7014851",371865,2025-08-21 12:22:01,43.2870559692383,-8.96401500701904,"Unknown"
"7014851",371865,2025-08-21 12:27:00,43.2869987487793,-8.96397399902344,"Unknown"
"7014851",371865,2025-08-21 12:32:01,43.2870483398438,-8.96400260925293,"Unknown"
"7014851",371865,2025-08-21 12:37:23,43.2869911193848,-8.9639949798584,"Unknown"
"7014851",371865,2025-08-21 12:41:54,43.2869529724121,-8.96403408050537,"Unknown"
"7014851",371865,2025-08-21 12:47:01,43.2871284484863,-8.96403980255127,"Unknown"
"7014851",371865,2025-08-21 12:52:01,43.2869873046875,-8.96402835845947,"Unknown"
"7014851",371865,2025-08-21 12:57:01,43.2871360778809,-8.96402263641357,"Unknown"
"7014851",371865,2025-08-21 13:02:03,43.2869415283203,-8.96394443511963,"Unknown"
"7014851",371865,2025-08-21 13:07:23,43.2870445251465,-8.96399021148682,"Unknown"
"7014851",371865,2025-08-21 13:11:50,43.2870330810547,-8.9639310836792,"Unknown"
"7014851",371865,2025-08-21 13:16:51,43.287036895752,-8.96390438079834,"Unknown"
"7014851",371865,2025-08-21 13:21:48,43.2870445251465,-8.96390151977539,"Unknown"
"7014851",371865,2025-08-21 13:26:48,43.2870445251465,-8.96396732330322,"Unknown"
"7014851",371865,2025-08-21 13:31:48,43.2870559692383,-8.96400737762451,"Unknown"
"7014851",371865,2025-08-21 13:36:48,43.2870063781738,-8.96391487121582,"Unknown"
"7014851",371865,2025-08-21 13:41:51,43.2870254516602,-8.96392726898193,"Unknown"
"7014851",371865,2025-08-21 13:46:48,43.2870330810547,-8.96405696868896,"Unknown"
"7014851",371865,2025-08-21 13:51:55,43.287223815918,-8.96392345428467,"Unknown"
"7014851",371865,2025-08-21 13:56:53,43.2872085571289,-8.96404838562012,"Unknown"
"7014851",371865,2025-08-21 14:01:50,43.2872657775879,-8.96403217315674,"Unknown"
"7014851",371865,2025-08-21 14:07:00,43.2870979309082,-8.96516132354736,"Unknown"
"7014851",371865,2025-08-21 14:12:11,43.2873229980469,-8.96507263183594,"Unknown"
"7014851",371865,2025-08-21 14:16:52,43.2872581481934,-8.96519565582275,"Unknown"
"7014851",371865,2025-08-21 14:21:54,43.2872467041016,-8.965256690979,"Unknown"
"7014851",371865,2025-08-21 14:26:58,43.2872848510742,-8.96512031555176,"Unknown"
"7014851",371865,2025-08-21 14:31:52,43.2872161865234,-8.96517372131348,"Unknown"
"7014851",371865,2025-08-21 14:36:50,43.2873039245605,-8.96528053283691,"Unknown"
"7014851",371865,2025-08-21 14:41:52,43.2873001098633,-8.96515464782715,"Unknown"
"7014851",371865,2025-08-21 14:47:14,43.2872924804688,-8.96510028839111,"Unknown"
"7014851",371865,2025-08-21 14:51:48,43.2872924804688,-8.96500873565674,"Unknown"
"7014851",371865,2025-08-21 14:56:47,43.287166595459,-8.96532726287842,"Unknown"
"7014851",371865,2025-08-21 15:01:47,43.2871742248535,-8.96532154083252,"Unknown"
"7014851",371865,2025-08-21 15:06:49,43.286922454834,-8.96588134765625,"Unknown"
"7014851",371865,2025-08-21 15:11:49,43.2871055603027,-8.9656457901001,"Unknown"
"7014851",371865,2025-08-21 15:16:48,43.287052154541,-8.965744972229,"Unknown"
"7014851",371865,2025-08-21 15:21:50,43.2871932983398,-8.96529006958008,"Unknown"
"7014851",371865,2025-08-21 15:26:49,43.2872314453125,-8.96540069580078,"Unknown"
"7014851",371865,2025-08-21 15:31:48,43.2872467041016,-8.96549224853516,"Unknown"
"7014851",371865,2025-08-21 15:36:48,43.2872085571289,-8.96543884277344,"Unknown"
"7014851",371865,2025-08-21 15:41:48,43.2872200012207,-8.96535015106201,"Unknown"
"7014851",371865,2025-08-21 15:47:02,43.2873573303223,-8.96580505371094,"Unknown"
"7014851",371865,2025-08-21 15:51:48,43.2872734069824,-8.96534538269043,"Unknown"
"7014851",371865,2025-08-21 15:56:53,43.2873306274414,-8.96543502807617,"Unknown"
"7014851",371865,2025-08-21 16:01:50,43.2959403991699,-8.95769882202148,"Unknown"
"7014851",371865,2025-08-21 16:06:48,43.3135414123535,-8.95657920837402,"Unknown"
"7014851",371865,2025-08-21 16:11:48,43.3154678344727,-8.95152473449707,"Unknown"
"7014851",371865,2025-08-21 16:17:59,43.3173522949219,-8.95792770385742,"Unknown"
"7014851",371865,2025-08-21 16:21:48,43.31396484375,-8.96500492095947,"Unknown"
"7014851",371865,2025-08-21 16:26:48,43.3102951049805,-8.96920299530029,"Unknown"
"7014851",371865,2025-08-21 16:31:48,43.3085861206055,-8.96627616882324,"Unknown"
"7014851",371865,2025-08-21 16:37:02,43.325122833252,-8.96543979644775,"Unknown"
"7014851",371865,2025-08-21 16:41:48,43.3130912780762,-8.97296714782715,"Unknown"
"7014851",371865,2025-08-21 16:46:50,43.3095283508301,-8.97245407104492,"Unknown"
"7014851",371865,2025-08-21 16:51:49,43.3083343505859,-8.97219657897949,"Unknown"
"7014851",371865,2025-08-21 16:56:49,43.3007507324219,-8.97737789154053,"Unknown"
"7014851",371865,2025-08-21 17:02:01,43.3000640869141,-8.97860336303711,"Unknown"
"7014851",371865,2025-08-21 17:07:00,43.3003273010254,-8.98015594482422,"Unknown"
"7014851",371865,2025-08-21 17:11:49,43.2997360229492,-8.97741508483887,"Unknown"
"7014851",371865,2025-08-21 17:16:50,43.299259185791,-8.9769229888916,"Unknown"
"7014851",371865,2025-08-21 17:22:09,43.2991714477539,-8.98022270202637,"Unknown"
"7014851",371865,2025-08-21 17:26:49,43.3004875183105,-8.97416687011719,"Unknown"
"7014851",371865,2025-08-21 17:31:49,43.3101348876953,-8.96464347839355,"Unknown"
"7014851",371865,2025-08-21 17:36:48,43.3064575195312,-8.95435428619385,"Unknown"
"7014851",371865,2025-08-21 17:43:11,43.2886428833008,-8.96303844451904,"Unknown"
"7014851",371865,2025-08-21 17:48:11,43.2870330810547,-8.96511173248291,"Unknown"
"7014851",371865,2025-08-21 17:51:49,43.2870750427246,-8.96536827087402,"Unknown"
"7014851",371865,2025-08-21 17:57:00,43.2869529724121,-8.96471405029297,"Unknown"
"7014851",371865,2025-08-21 18:01:55,43.2869720458984,-8.96487426757812,"Unknown"
"7014851",371865,2025-08-21 18:06:49,43.2869720458984,-8.9653434753418,"Unknown"
"7014851",371865,2025-08-21 18:11:57,43.2868919372559,-8.96505737304688,"Unknown"
"7014851",371865,2025-08-21 18:17:00,43.2870979309082,-8.96566104888916,"Unknown"
"7014851",371865,2025-08-21 18:21:52,43.2870635986328,-8.96575927734375,"Unknown"
"7014851",371865,2025-08-21 18:26:50,43.2870559692383,-8.96565914154053,"Unknown"
"7014851",371865,2025-08-21 18:31:54,43.2869682312012,-8.96441173553467,"Unknown"
"7014851",371865,2025-08-21 18:36:52,43.286808013916,-8.96380424499512,"Unknown"
"7014851",371865,2025-08-21 18:41:53,43.286937713623,-8.96383380889893,"Unknown"
"7014851",371865,2025-08-21 18:47:14,43.2870445251465,-8.96330833435059,"Unknown"
"7014851",371865,2025-08-21 18:51:49,43.2872695922852,-8.96356201171875,"Unknown"
"7014851",371865,2025-08-21 18:56:49,43.2871971130371,-8.96359252929688,"Unknown"
"7014851",371865,2025-08-21 19:01:50,43.2871856689453,-8.96389293670654,"Unknown"
"7014851",371865,2025-08-21 19:06:49,43.2872505187988,-8.96385097503662,"Unknown"
"7014851",371865,2025-08-21 19:11:50,43.2872619628906,-8.9636869430542,"Unknown"
"7014851",371865,2025-08-21 19:16:51,43.2872543334961,-8.96372127532959,"Unknown"
"7014851",371865,2025-08-21 19:21:51,43.2873077392578,-8.96368312835693,"Unknown"
"7014851",371865,2025-08-21 19:26:51,43.2873191833496,-8.9637393951416,"Unknown"
"7014851",371865,2025-08-21 19:31:48,43.2872695922852,-8.96375560760498,"Unknown"
"7014851",371865,2025-08-21 19:36:48,43.2873306274414,-8.96382808685303,"Unknown"
"7014851",371865,2025-08-21 19:42:00,43.2871589660645,-8.9634370803833,"Unknown"
"7014851",371865,2025-08-21 19:47:00,43.2981910705566,-8.95239543914795,"Unknown"
"7014851",371865,2025-08-21 19:54:25,43.3210067749023,-8.92281818389893,"Unknown"
"7014851",371865,2025-08-21 19:59:24,43.3333511352539,-8.90104389190674,"Unknown"
"7014851",371865,2025-08-21 20:04:24,43.3468551635742,-8.87480068206787,"Unknown"
"7014851",371865,2025-08-21 20:09:25,43.3539962768555,-8.85191059112549,"Unknown"
"7014851",371865,2025-08-21 20:14:24,43.3575859069824,-8.84477710723877,"Unknown"
"7014851",371865,2025-08-21 20:19:24,43.3576164245605,-8.84479427337646,"Unknown"
"7014851",371865,2025-08-21 20:24:27,43.3576507568359,-8.84482192993164,"Unknown"
"7014851",371865,2025-08-21 20:29:34,43.3576316833496,-8.84499549865723,"Unknown"
"7014851",371865,2025-08-21 20:34:13,43.3576469421387,-8.84500980377197,"Unknown"
"7014851",371865,2025-08-21 20:39:13,43.3576164245605,-8.84509944915771,"Unknown"
"7014851",371865,2025-08-21 20:44:13,43.3576507568359,-8.84504890441895,"Unknown"
"7014851",371865,2025-08-21 20:49:14,43.3576622009277,-8.84499359130859,"Unknown"
"7014851",371865,2025-08-21 20:54:14,43.3576126098633,-8.84492778778076,"Unknown"
"7014851",371865,2025-08-21 20:59:24,43.3576354980469,-8.84492588043213,"Unknown"
"7014851",371865,2025-08-21 21:04:24,43.3576545715332,-8.84494209289551,"Unknown"
"7014851",371865,2025-08-21 21:09:19,43.3576202392578,-8.84493350982666,"Unknown"
"7014851",371865,2025-08-21 21:14:14,43.357551574707,-8.84501361846924,"Unknown"
"7014851",371865,2025-08-21 21:19:15,43.3576202392578,-8.84508895874023,"Unknown"
"7014851",371865,2025-08-21 21:24:14,43.3576278686523,-8.8450870513916,"Unknown"
"7014851",371865,2025-08-21 21:29:16,43.3574600219727,-8.84507846832275,"Unknown"
"7014851",371865,2025-08-21 21:34:28,43.3576354980469,-8.84511089324951,"Unknown"
"7014851",371865,2025-08-21 21:39:15,43.3575973510742,-8.84498500823975,"Unknown"
"7014851",371865,2025-08-21 21:44:24,43.3575706481934,-8.84481430053711,"Unknown"
"7014851",371865,2025-08-21 21:49:24,43.3576965332031,-8.84481811523438,"Unknown"
"7014851",371865,2025-08-21 21:54:15,43.3576393127441,-8.84478759765625,"Unknown"
"7014851",371865,2025-08-21 21:59:24,43.3576889038086,-8.84483432769775,"Unknown"
"7014851",371865,2025-08-21 22:04:21,43.3577461242676,-8.84494590759277,"Unknown"
"7014851",371865,2025-08-21 22:09:24,43.3578033447266,-8.84498119354248,"Unknown"
"7014851",371865,2025-08-21 22:14:24,43.3578147888184,-8.84495735168457,"Unknown"
"7014851",371865,2025-08-21 22:19:24,43.3578491210938,-8.84502506256104,"Unknown"
"7014851",371865,2025-08-21 22:24:24,43.3579483032227,-8.84512138366699,"Unknown"
"7014851",371865,2025-08-21 22:29:35,43.3577842712402,-8.8450813293457,"Unknown"
"7014851",371865,2025-08-21 22:34:17,43.3577537536621,-8.84494113922119,"Unknown"
"7014851",371865,2025-08-21 22:39:13,43.3576126098633,-8.84508991241455,"Unknown"
"7014851",371865,2025-08-21 22:44:14,43.3577308654785,-8.84502792358398,"Unknown"
"7014851",371865,2025-08-21 22:49:16,43.3577003479004,-8.84515476226807,"Unknown"
"7014851",371865,2025-08-21 22:54:16,43.357852935791,-8.84510612487793,"Unknown"
"7014851",371865,2025-08-21 22:59:22,43.3576278686523,-8.84502410888672,"Unknown"
"7014851",371865,2025-08-21 23:04:16,43.3578796386719,-8.84522151947021,"Unknown"
"7014851",371865,2025-08-21 23:09:14,43.357795715332,-8.84513187408447,"Unknown"
"7014851",371865,2025-08-21 23:14:19,43.3577041625977,-8.84519672393799,"Unknown"
"7014851",371865,2025-08-21 23:19:19,43.3574028015137,-8.84505176544189,"Unknown"
"7014851",371865,2025-08-21 23:24:14,43.358024597168,-8.8454065322876,"Unknown"
"7014851",371865,2025-08-21 23:29:21,43.3574447631836,-8.84495162963867,"Unknown"
"7014851",371865,2025-08-21 23:34:29,43.3573341369629,-8.84486961364746,"Unknown"
"7014851",371865,2025-08-21 23:39:26,43.3574104309082,-8.84505939483643,"Unknown"
"7014851",371865,2025-08-21 23:44:35,43.3573608398438,-8.84485149383545,"Unknown"
"7014851",371865,2025-08-21 23:49:13,43.3573608398438,-8.84476852416992,"Unknown"
"7014851",371865,2025-08-21 23:54:14,43.3573875427246,-8.8448543548584,"Unknown"
"7014851",371865,2025-08-21 23:59:43,43.3576354980469,-8.84505939483643,"Unknown"
"7014851",371865,2025-08-22 00:04:15,43.3576240539551,-8.84533309936523,"Unknown"
"7014851",371865,2025-08-22 00:09:16,43.3577003479004,-8.84499073028564,"Unknown"
"7014851",371865,2025-08-22 00:14:17,43.3576889038086,-8.84518146514893,"Unknown"
"7014851",371865,2025-08-22 00:19:21,43.3577003479004,-8.84510517120361,"Unknown"
"7014851",371865,2025-08-22 00:24:19,43.3576850891113,-8.84506511688232,"Unknown"
"7014851",371865,2025-08-22 00:29:18,43.3575401306152,-8.84497737884521,"Unknown"
"7014851",371865,2025-08-22 00:34:24,43.3576431274414,-8.84513282775879,"Unknown"
"7014851",371865,2025-08-22 00:39:41,43.3576202392578,-8.84514713287354,"Unknown"
"7014851",371865,2025-08-22 00:44:30,43.3575630187988,-8.8450870513916,"Unknown"
"7014851",371865,2025-08-22 00:49:23,43.3575553894043,-8.84514045715332,"Unknown"
"7014851",371865,2025-08-22 00:54:18,43.3576622009277,-8.84519386291504,"Unknown"
"7014851",371865,2025-08-22 00:59:23,43.3576049804688,-8.84516429901123,"Unknown"
"7014851",371865,2025-08-22 01:04:14,43.3576583862305,-8.84514617919922,"Unknown"
"7014851",371865,2025-08-22 01:09:16,43.3575744628906,-8.84501361846924,"Unknown"
"7014851",371865,2025-08-22 01:14:17,43.3576545715332,-8.84511375427246,"Unknown"
"7014851",371865,2025-08-22 01:19:17,43.3576393127441,-8.84512901306152,"Unknown"
"7014851",371865,2025-08-22 01:24:17,43.3575820922852,-8.84500217437744,"Unknown"
"7014851",371865,2025-08-22 01:29:17,43.3577575683594,-8.84496116638184,"Unknown"
"7014851",371865,2025-08-22 01:34:35,43.3576240539551,-8.84514808654785,"Unknown"
"7014851",371865,2025-08-22 01:39:14,43.3577423095703,-8.84512996673584,"Unknown"
"7014851",371865,2025-08-22 01:44:15,43.357852935791,-8.84524250030518,"Unknown"
"7014851",371865,2025-08-22 01:49:16,43.3576850891113,-8.84504413604736,"Unknown"
"7014851",371865,2025-08-22 01:54:17,43.3577041625977,-8.84513568878174,"Unknown"
"7014851",371865,2025-08-22 01:59:16,43.3576164245605,-8.84507465362549,"Unknown"
"7014851",371865,2025-08-22 02:04:25,43.3576469421387,-8.84504508972168,"Unknown"
"7014851",371865,2025-08-22 02:09:19,43.3576583862305,-8.84521770477295,"Unknown"
"7014851",371865,2025-08-22 02:14:18,43.3573608398438,-8.84477806091309,"Unknown"
"7014851",371865,2025-08-22 02:19:20,43.3576469421387,-8.84512996673584,"Unknown"
"7014851",371865,2025-08-22 02:24:18,43.357723236084,-8.84529685974121,"Unknown"
"7014851",371865,2025-08-22 02:29:22,43.3578453063965,-8.84519195556641,"Unknown"
"7014851",371865,2025-08-22 02:34:17,43.3575630187988,-8.84541988372803,"Unknown"
"7014851",371865,2025-08-22 02:39:29,43.3579788208008,-8.84513378143311,"Unknown"
"7014851",371865,2025-08-22 02:44:29,43.3579940795898,-8.84513568878174,"Unknown"
"7014851",371865,2025-08-22 02:49:31,43.3579521179199,-8.8450813293457,"Unknown"
"7014851",371865,2025-08-22 02:54:18,43.3576431274414,-8.84502696990967,"Unknown"
"7014851",371865,2025-08-22 02:59:14,43.3576812744141,-8.84502792358398,"Unknown"
"7014851",371865,2025-08-22 03:04:14,43.3574485778809,-8.84516906738281,"Unknown"
"7014851",371865,2025-08-22 03:09:14,43.3574447631836,-8.84521961212158,"Unknown"
"7014851",371865,2025-08-22 03:14:13,43.3574829101562,-8.84515380859375,"Unknown"
"7014851",371865,2025-08-22 03:19:14,43.3574409484863,-8.84521770477295,"Unknown"
"7014851",371865,2025-08-22 03:24:15,43.3574562072754,-8.84495830535889,"Unknown"
"7014851",371865,2025-08-22 03:29:14,43.3575057983398,-8.84487247467041,"Unknown"
"7014851",371865,2025-08-22 03:34:14,43.3574028015137,-8.84525489807129,"Unknown"
"7014851",371865,2025-08-22 03:39:14,43.3574295043945,-8.84522342681885,"Unknown"
"7014851",371865,2025-08-22 03:44:14,43.3574600219727,-8.84510517120361,"Unknown"
"7014851",371865,2025-08-22 03:49:14,43.357479095459,-8.84504985809326,"Unknown"
"7014851",371865,2025-08-22 03:54:14,43.3574333190918,-8.84521770477295,"Unknown"
"7014851",371865,2025-08-22 03:59:14,43.3574600219727,-8.84511280059814,"Unknown"
"7014851",371865,2025-08-22 04:04:14,43.3574485778809,-8.84504508972168,"Unknown"
"7014851",371865,2025-08-22 04:09:14,43.3574638366699,-8.84503841400146,"Unknown"
"7014851",371865,2025-08-22 04:14:14,43.3574905395508,-8.84493827819824,"Unknown"
"7014851",371865,2025-08-22 04:19:14,43.3574447631836,-8.84507369995117,"Unknown"
"7014851",371865,2025-08-22 04:24:14,43.3574752807617,-8.84501361846924,"Unknown"
"7014851",371865,2025-08-22 04:29:14,43.357494354248,-8.84508419036865,"Unknown"
"7014851",371865,2025-08-22 04:34:13,43.3574752807617,-8.84506034851074,"Unknown"
"7014851",371865,2025-08-22 04:39:14,43.3574676513672,-8.84500980377197,"Unknown"
"7014851",371865,2025-08-22 04:44:15,43.3574981689453,-8.845046043396,"Unknown"
"7014851",371865,2025-08-22 04:49:14,43.3574371337891,-8.84495067596436,"Unknown"
"7014851",371865,2025-08-22 04:54:14,43.3575019836426,-8.84503650665283,"Unknown"
"7014851",371865,2025-08-22 04:59:14,43.3574333190918,-8.84499168395996,"Unknown"
"7014851",371865,2025-08-22 05:04:14,43.3574295043945,-8.84502601623535,"Unknown"
"7014851",371865,2025-08-22 05:09:14,43.3620414733887,-8.85032081604004,"Unknown"
"7014851",371865,2025-08-22 05:14:14,43.3383331298828,-8.88846397399902,"Unknown"
"7014851",371865,2025-08-22 05:19:15,43.3225479125977,-8.93332481384277,"Unknown"
"7014851",371865,2025-08-22 05:24:14,43.3218269348145,-8.93390083312988,"Unknown"
"7014851",371865,2025-08-22 05:29:13,43.3047485351562,-8.94801425933838,"Unknown"
"7014851",371865,2025-08-22 05:34:16,43.2897033691406,-8.96217823028564,"Unknown"
"7014851",371865,2025-08-22 05:39:13,43.2897148132324,-8.96213054656982,"Unknown"
"7014851",371865,2025-08-22 05:44:14,43.2895965576172,-8.96210289001465,"Unknown"
"7014851",371865,2025-08-22 05:49:13,43.2898864746094,-8.96204566955566,"Unknown"
"7014851",371865,2025-08-22 05:54:14,43.2895622253418,-8.96209621429443,"Unknown"
"7014851",371865,2025-08-22 05:59:15,43.2898063659668,-8.96191501617432,"Unknown"
"7014851",371865,2025-08-22 06:04:14,43.2897644042969,-8.96201801300049,"Unknown"
"7014851",371865,2025-08-22 06:09:13,43.286735534668,-8.96263027191162,"Unknown"
"7014851",371865,2025-08-22 06:14:15,43.2866172790527,-8.96238136291504,"Unknown"
"7014851",371865,2025-08-22 06:19:14,43.2896194458008,-8.96296215057373,"Unknown"
"7014851",371865,2025-08-22 06:24:13,43.2897911071777,-8.96130275726318,"Unknown"
"7014851",371865,2025-08-22 06:29:13,43.2898178100586,-8.96120929718018,"Unknown"
"7014851",371865,2025-08-22 06:34:14,43.2898139953613,-8.96093463897705,"Unknown"
"7014851",371865,2025-08-22 06:39:16,43.2898826599121,-8.96108818054199,"Unknown"
"7014851",371865,2025-08-22 06:44:15,43.2898864746094,-8.96106243133545,"Unknown"
"7014851",371865,2025-08-22 06:49:15,43.2899398803711,-8.9611759185791,"Unknown"
"7014851",371865,2025-08-22 06:54:15,43.2899208068848,-8.96104907989502,"Unknown"
"7014851",371865,2025-08-22 06:59:19,43.2896881103516,-8.96128845214844,"Unknown"
"7014851",371865,2025-08-22 07:04:15,43.2901229858398,-8.96103286743164,"Unknown"
"7014851",371865,2025-08-22 07:09:15,43.2899932861328,-8.96103382110596,"Unknown"
"7014851",371865,2025-08-22 07:14:17,43.2899208068848,-8.96098899841309,"Unknown"
"7014851",371865,2025-08-22 07:19:17,43.2900085449219,-8.96106338500977,"Unknown"
"7014851",371865,2025-08-22 07:24:17,43.2900390625,-8.96112251281738,"Unknown"
"7014851",371865,2025-08-22 07:29:14,43.2900581359863,-8.96128749847412,"Unknown"
"7014851",371865,2025-08-22 07:34:15,43.2900581359863,-8.96141242980957,"Unknown"
"7014851",371865,2025-08-22 07:39:15,43.2901382446289,-8.96134090423584,"Unknown"
"7014851",371865,2025-08-22 07:44:14,43.2900390625,-8.96148300170898,"Unknown"
"7014851",371865,2025-08-22 07:54:07,43.2900886535645,-8.96120262145996,"Unknown"
"7014851",371865,2025-08-22 07:59:03,43.2901382446289,-8.96129512786865,"Unknown"
"7014851",371865,2025-08-22 08:04:04,43.2901496887207,-8.96124744415283,"Unknown"
"7014851",371865,2025-08-22 08:09:06,43.290111541748,-8.96126842498779,"Unknown"
"7014851",371865,2025-08-22 08:14:04,43.2898941040039,-8.96227169036865,"Unknown"
"7014851",371865,2025-08-22 08:19:06,43.2898445129395,-8.96229553222656,"Unknown"
"7014851",371865,2025-08-22 08:24:06,43.2901573181152,-8.96201801300049,"Unknown"
"7014851",371865,2025-08-22 08:29:06,43.2901611328125,-8.96200942993164,"Unknown"
"7014851",371865,2025-08-22 08:34:08,43.2899742126465,-8.96211433410645,"Unknown"
"7014851",371865,2025-08-22 08:39:09,43.2899513244629,-8.9621410369873,"Unknown"
"7014851",371865,2025-08-22 08:44:03,43.2864456176758,-8.96567249298096,"Unknown"
"7014851",371865,2025-08-22 08:49:03,43.2860527038574,-8.96570491790771,"Unknown"
"7014851",371865,2025-08-22 08:54:08,43.2872924804688,-8.9657096862793,"Unknown"
"7014851",371865,2025-08-22 08:59:03,43.286922454834,-8.96565341949463,"Unknown"
"7014851",371865,2025-08-22 09:04:09,43.2875099182129,-8.96553039550781,"Unknown"
"7014851",371865,2025-08-22 09:09:03,43.2929496765137,-8.95542526245117,"Unknown"
"7014851",371865,2025-08-22 09:14:04,43.2875747680664,-8.96523761749268,"Unknown"
"7014851",371865,2025-08-22 09:19:07,43.2876281738281,-8.96519088745117,"Unknown"
"7014851",371865,2025-08-22 09:24:06,43.2875556945801,-8.96519184112549,"Unknown"
"7014851",371865,2025-08-22 09:29:10,43.2875938415527,-8.96516704559326,"Unknown"
"7014851",371865,2025-08-22 09:34:03,43.2873268127441,-8.96535682678223,"Unknown"
"7014851",371865,2025-08-22 09:39:04,43.2874488830566,-8.96536445617676,"Unknown"
"7014851",371865,2025-08-22 09:44:03,43.2874565124512,-8.96538925170898,"Unknown"
"7014851",371865,2025-08-22 09:49:03,43.2874374389648,-8.9653205871582,"Unknown"
"7014851",371865,2025-08-22 09:54:06,43.2874488830566,-8.96533584594727,"Unknown"
"7014851",371865,2025-08-22 09:59:08,43.2874565124512,-8.96540546417236,"Unknown"
"7014851",371865,2025-08-22 10:04:11,43.2874298095703,-8.96550559997559,"Unknown"
"7014851",371865,2025-08-22 10:09:04,43.2873573303223,-8.96551418304443,"Unknown"
"7014851",371865,2025-08-22 10:14:06,43.2872009277344,-8.96540069580078,"Unknown"
"7014851",371865,2025-08-22 10:19:06,43.2870864868164,-8.96556758880615,"Unknown"
"7014851",371865,2025-08-22 10:24:08,43.2871475219727,-8.96548748016357,"Unknown"
"7014851",371865,2025-08-22 10:29:03,43.2871551513672,-8.96547508239746,"Unknown"
"7014851",371865,2025-08-22 10:34:04,43.2872123718262,-8.96552085876465,"Unknown"
"7014851",371865,2025-08-22 10:39:06,43.2871742248535,-8.96560478210449,"Unknown"
"7014851",371865,2025-08-22 10:44:04,43.2870979309082,-8.96557903289795,"Unknown"
"7014851",371865,2025-08-22 10:49:04,43.2872200012207,-8.9654712677002,"Unknown"
"7014851",371865,2025-08-22 10:54:04,43.2871971130371,-8.96549129486084,"Unknown"
"7014851",371865,2025-08-22 10:59:06,43.2871551513672,-8.96548748016357,"Unknown"
"7014851",371865,2025-08-22 11:04:04,43.2871894836426,-8.96549320220947,"Unknown"
"7014851",371865,2025-08-22 11:09:04,43.2872009277344,-8.96548461914062,"Unknown"
"7014851",371865,2025-08-22 11:14:06,43.2872123718262,-8.96547698974609,"Unknown"
"7014851",371865,2025-08-22 11:19:06,43.287239074707,-8.96543216705322,"Unknown"
"7014851",371865,2025-08-22 11:24:06,43.2872657775879,-8.96547985076904,"Unknown"
"7014851",371865,2025-08-22 11:29:06,43.2872886657715,-8.96542739868164,"Unknown"
"7014851",371865,2025-08-22 11:34:03,43.2864570617676,-8.9648323059082,"Unknown"
"7014851",371865,2025-08-22 11:39:04,43.2873229980469,-8.96554183959961,"Unknown"
"7014851",371865,2025-08-22 11:44:03,43.2866516113281,-8.96514892578125,"Unknown"
"7014851",371865,2025-08-22 11:49:11,43.2870826721191,-8.96548652648926,"Unknown"
"7014851",371865,2025-08-22 11:54:04,43.2871322631836,-8.96542167663574,"Unknown"
"7014851",371865,2025-08-22 11:59:03,43.2870674133301,-8.96550178527832,"Unknown"
"7014851",371865,2025-08-22 12:04:04,43.2870597839355,-8.96538829803467,"Unknown"
"7014851",371865,2025-08-22 12:09:03,43.2872085571289,-8.9653959274292,"Unknown"
"7014851",371865,2025-08-22 12:14:06,43.287223815918,-8.96548843383789,"Unknown"
"7014851",371865,2025-08-22 12:19:03,43.2875022888184,-8.96574306488037,"Unknown"
"7014851",371865,2025-08-22 12:24:06,43.2872161865234,-8.96530532836914,"Unknown"
"7014851",371865,2025-08-22 12:29:02,43.2867813110352,-8.96490001678467,"Unknown"
"7014851",371865,2025-08-22 12:34:02,43.287223815918,-8.96542072296143,"Unknown"
"7014851",371865,2025-08-22 12:39:02,43.287281036377,-8.96537303924561,"Unknown"
"7014851",371865,2025-08-22 12:44:02,43.287166595459,-8.96529483795166,"Unknown"
"7014851",371865,2025-08-22 12:49:02,43.2864608764648,-8.96576309204102,"Unknown"
"7014851",371865,2025-08-22 12:54:02,43.2869644165039,-8.96522426605225,"Unknown"
"7014851",371865,2025-08-22 12:59:02,43.2863998413086,-8.96567535400391,"Unknown"
"7014851",371865,2025-08-22 13:04:03,43.2872009277344,-8.96523571014404,"Unknown"
"7014851",371865,2025-08-22 13:09:04,43.287281036377,-8.96533870697021,"Unknown"
"7014851",371865,2025-08-22 13:14:03,43.287540435791,-8.96501731872559,"Unknown"
"7014851",371865,2025-08-22 13:19:03,43.2874755859375,-8.9649658203125,"Unknown"
"7014851",371865,2025-08-22 13:24:03,43.2873268127441,-8.96507835388184,"Unknown"
"7014851",371865,2025-08-22 13:29:03,43.2873306274414,-8.96506690979004,"Unknown"
"7014851",371865,2025-08-22 13:34:03,43.2873458862305,-8.96502494812012,"Unknown"
"7014851",371865,2025-08-22 13:39:03,43.2873039245605,-8.96503639221191,"Unknown"
"7014851",371865,2025-08-22 13:44:03,43.287353515625,-8.96509170532227,"Unknown"
"7014851",371865,2025-08-22 13:49:03,43.2872695922852,-8.96504878997803,"Unknown"
"7014851",371865,2025-08-22 13:54:03,43.2873878479004,-8.9650707244873,"Unknown"
"7014851",371865,2025-08-22 13:59:02,43.287353515625,-8.96512126922607,"Unknown"
"7014851",371865,2025-08-22 14:04:03,43.2873001098633,-8.96504592895508,"Unknown"
"7014851",371865,2025-08-22 14:09:04,43.287410736084,-8.96508884429932,"Unknown"
"7014851",371865,2025-08-22 14:14:03,43.2872543334961,-8.96525573730469,"Unknown"
"7014851",371865,2025-08-22 14:19:04,43.2873497009277,-8.96522998809814,"Unknown"
"7014851",371865,2025-08-22 14:24:04,43.2873001098633,-8.9651460647583,"Unknown"
"7014851",371865,2025-08-22 14:29:07,43.287223815918,-8.96514415740967,"Unknown"
"7014851",371865,2025-08-22 14:34:04,43.2874221801758,-8.96528816223145,"Unknown"
"7014851",371865,2025-08-22 14:39:11,43.2872924804688,-8.96541309356689,"Unknown"
"7014851",371865,2025-08-22 14:44:04,43.2873611450195,-8.96532535552979,"Unknown"
"7014851",371865,2025-08-22 14:49:44,43.2872695922852,-8.96523571014404,"Unknown"
"7014851",371865,2025-08-22 14:54:01,43.2871627807617,-8.96550464630127,"Unknown"
"7014851",371865,2025-08-22 14:59:04,43.2872734069824,-8.96523761749268,"Unknown"
"7014851",371865,2025-08-22 15:04:03,43.2871704101562,-8.96556854248047,"Unknown"
"7014851",371865,2025-08-22 15:09:01,43.2871360778809,-8.96525001525879,"Unknown"
"7014851",371865,2025-08-22 15:14:03,43.2871589660645,-8.96566390991211,"Unknown"
"7014851",371865,2025-08-22 15:19:02,43.2872276306152,-8.96531867980957,"Unknown"
"7014851",371865,2025-08-22 15:24:02,43.286922454834,-8.96582698822021,"Unknown"
"7014851",371865,2025-08-22 15:29:03,43.2869720458984,-8.96588039398193,"Unknown"
"7014851",371865,2025-08-22 15:34:04,43.2871742248535,-8.96501445770264,"Unknown"
"7014851",371865,2025-08-22 15:39:03,43.2870101928711,-8.96564388275146,"Unknown"
"7014851",371865,2025-08-22 15:44:07,43.2865982055664,-8.9665584564209,"Unknown"
"7014851",371865,2025-08-22 15:49:05,43.2870635986328,-8.9655590057373,"Unknown"
"7014851",371865,2025-08-22 15:54:03,43.2870178222656,-8.96578693389893,"Unknown"
"7014851",371865,2025-08-22 15:59:03,43.2870178222656,-8.96562385559082,"Unknown"
"7014851",371865,2025-08-22 16:04:02,43.2870254516602,-8.96573257446289,"Unknown"
"7014851",371865,2025-08-22 16:09:02,43.2869758605957,-8.96568012237549,"Unknown"
"7014851",371865,2025-08-22 16:14:03,43.287036895752,-8.96556568145752,"Unknown"
"7014851",371865,2025-08-22 16:19:11,43.2886962890625,-8.93925285339355,"Unknown"
"7014851",371865,2025-08-22 16:24:02,43.2974967956543,-8.91878986358643,"Unknown"
"7014851",371865,2025-08-22 16:29:02,43.3052597045898,-8.92286109924316,"Unknown"
"7014851",371865,2025-08-22 16:34:06,43.3067207336426,-8.92082786560059,"Unknown"
"7014851",371865,2025-08-22 16:39:02,43.3028602600098,-8.92527198791504,"Unknown"
"7014851",371865,2025-08-22 16:44:06,43.2987670898438,-8.93383407592773,"Unknown"
"7014851",371865,2025-08-22 16:49:05,43.2984657287598,-8.93423080444336,"Unknown"
"7014851",371865,2025-08-22 16:54:02,43.2932929992676,-8.91799640655518,"Unknown"
"7014851",371865,2025-08-22 16:59:02,43.303840637207,-8.91217613220215,"Unknown"
"7014851",371865,2025-08-22 17:04:07,43.3214111328125,-8.90691375732422,"Unknown"
"7014851",371865,2025-08-22 17:09:07,43.3191947937012,-8.88633918762207,"Unknown"
"7014851",371865,2025-08-22 17:14:04,43.321590423584,-8.86538600921631,"Unknown"
"7014851",371865,2025-08-22 17:19:02,43.3299407958984,-8.84977531433105,"Unknown"
"7014851",371865,2025-08-22 17:24:14,43.3449211120605,-8.83884429931641,"Unknown"
"7014851",371865,2025-08-22 17:29:13,43.3228492736816,-8.81286716461182,"Unknown"
"7014851",371865,2025-08-22 17:34:02,43.3123092651367,-8.79353904724121,"Unknown"
"7014851",371865,2025-08-22 17:39:02,43.3123588562012,-8.79403781890869,"Unknown"
"7014851",371865,2025-08-22 17:44:02,43.3124694824219,-8.79298210144043,"Unknown"
"7014851",371865,2025-08-22 17:49:04,43.3031997680664,-8.77903652191162,"Unknown"
"7014851",371865,2025-08-22 17:54:03,43.2965621948242,-8.7503490447998,"Unknown"
"7014851",371865,2025-08-22 17:59:03,43.2932929992676,-8.74556541442871,"Unknown"
"7014851",371865,2025-08-22 18:04:08,43.2933158874512,-8.74558448791504,"Unknown"
"7014851",371865,2025-08-22 18:09:04,43.2931976318359,-8.74546909332275,"Unknown"
"7014851",371865,2025-08-22 18:14:03,43.293098449707,-8.74568176269531,"Unknown"
"7014851",371865,2025-08-22 18:19:05,43.2931137084961,-8.74563789367676,"Unknown"
"7014851",371865,2025-08-22 18:24:04,43.2931709289551,-8.74596691131592,"Unknown"
"7014851",371865,2025-08-22 18:29:09,43.293083190918,-8.74589347839355,"Unknown"
"7014851",371865,2025-08-22 18:34:03,43.2931785583496,-8.7459716796875,"Unknown"
"7014851",371865,2025-08-22 18:39:02,43.293270111084,-8.74593925476074,"Unknown"
"7014851",371865,2025-08-22 18:44:03,43.2931900024414,-8.74586868286133,"Unknown"
"7014851",371865,2025-08-22 18:49:03,43.2931861877441,-8.74538040161133,"Unknown"
"7014851",371865,2025-08-22 18:54:08,43.2927665710449,-8.74573612213135,"Unknown"
"7014851",371865,2025-08-22 18:59:07,43.2930717468262,-8.74554920196533,"Unknown"
"7014851",371865,2025-08-22 19:04:06,43.2943267822266,-8.74511909484863,"Unknown"
"7014851",371865,2025-08-22 19:09:03,43.3001556396484,-8.75983333587646,"Unknown"
"7014851",371865,2025-08-22 19:14:04,43.3138160705566,-8.80027008056641,"Unknown"
"7014851",371865,2025-08-22 19:19:03,43.3319206237793,-8.82854175567627,"Unknown"
"7014851",371865,2025-08-22 19:24:03,43.3527641296387,-8.84447860717773,"Unknown"
"7014851",371865,2025-08-22 19:34:44,43.3608627319336,-8.84648132324219,"Unknown"
"7014851",371865,2025-08-22 19:39:01,43.3609161376953,-8.84648990631104,"Unknown"
"7014851",371865,2025-08-22 19:44:02,43.3599815368652,-8.84580326080322,"Unknown"
"7014851",371865,2025-08-22 19:49:24,43.3601531982422,-8.84772205352783,"Unknown"
"7014851",371865,2025-08-22 19:54:19,43.3601379394531,-8.84752178192139,"Unknown"
"7014851",371865,2025-08-22 19:59:19,43.3601417541504,-8.84762573242188,"Unknown"
"7014851",371865,2025-08-22 20:04:18,43.3576698303223,-8.84531593322754,"Unknown"
"7014851",371865,2025-08-22 20:09:09,43.3581199645996,-8.84504699707031,"Unknown"
"7014851",371865,2025-08-22 20:14:12,43.3576583862305,-8.8453254699707,"Unknown"
"7014851",371865,2025-08-22 20:19:10,43.3580169677734,-8.84515857696533,"Unknown"
"7014851",371865,2025-08-22 20:24:08,43.3575325012207,-8.84548187255859,"Unknown"
"7014851",371865,2025-08-22 20:29:07,43.3575019836426,-8.84543418884277,"Unknown"
"7014851",371865,2025-08-22 20:34:08,43.3575477600098,-8.84532165527344,"Unknown"
"7014851",371865,2025-08-22 20:39:09,43.3575668334961,-8.84531688690186,"Unknown"
"7014851",371865,2025-08-22 20:44:07,43.3575897216797,-8.84513854980469,"Unknown"
"7014851",371865,2025-08-22 20:49:07,43.3575248718262,-8.84531879425049,"Unknown"
"7014851",371865,2025-08-22 20:54:10,43.3575325012207,-8.84524536132812,"Unknown"
"7014851",371865,2025-08-22 20:59:10,43.3574905395508,-8.84526824951172,"Unknown"
"7014851",371865,2025-08-22 21:04:19,43.3575401306152,-8.84531116485596,"Unknown"
"7014851",371865,2025-08-22 21:09:19,43.3575172424316,-8.84505939483643,"Unknown"
"7014851",371865,2025-08-22 21:14:19,43.3575592041016,-8.84508800506592,"Unknown"
"7014851",371865,2025-08-22 21:19:19,43.3575782775879,-8.84503650665283,"Unknown"
"7014851",371865,2025-08-22 21:24:07,43.3574981689453,-8.84505653381348,"Unknown"
"7014851",371865,2025-08-22 21:29:11,43.3578071594238,-8.84489154815674,"Unknown"
"7014851",371865,2025-08-22 21:34:10,43.3582725524902,-8.84496688842773,"Unknown"
"7014851",371865,2025-08-22 21:39:19,43.357852935791,-8.84483814239502,"Unknown"
"7014851",371865,2025-08-22 21:44:19,43.3578948974609,-8.84490489959717,"Unknown"
"7014851",371865,2025-08-22 21:49:18,43.3579063415527,-8.84491729736328,"Unknown"
"7014851",371865,2025-08-22 21:54:18,43.357837677002,-8.844970703125,"Unknown"
"7014851",371865,2025-08-22 21:59:18,43.3579368591309,-8.8450756072998,"Unknown"
"7014851",371865,2025-08-22 22:04:35,43.3577728271484,-8.84505653381348,"Unknown"
"7014851",371865,2025-08-22 22:09:05,43.3576812744141,-8.84505081176758,"Unknown"
"7014851",371865,2025-08-22 22:14:06,43.357780456543,-8.8449649810791,"Unknown"
"7014851",371865,2025-08-22 22:19:06,43.3577499389648,-8.84497737884521,"Unknown"
"7014851",371865,2025-08-22 22:24:06,43.3576812744141,-8.84508895874023,"Unknown"
"7014851",371865,2025-08-22 22:29:05,43.3576507568359,-8.84519100189209,"Unknown"
"7014851",371865,2025-08-22 22:34:07,43.3575820922852,-8.84529113769531,"Unknown"
"7014851",371865,2025-08-22 22:39:10,43.3576622009277,-8.84486770629883,"Unknown"
"7014851",371865,2025-08-22 22:44:07,43.357536315918,-8.84493350982666,"Unknown"
"7014851",371865,2025-08-22 22:49:08,43.357536315918,-8.84498977661133,"Unknown"
"7014851",371865,2025-08-22 22:54:07,43.3575668334961,-8.84501171112061,"Unknown"
"7014851",371865,2025-08-22 22:59:07,43.3576889038086,-8.84532928466797,"Unknown"
"7014851",371865,2025-08-22 23:04:07,43.3576202392578,-8.84516620635986,"Unknown"
"7014851",371865,2025-08-22 23:09:07,43.3578681945801,-8.84528160095215,"Unknown"
"7014851",371865,2025-08-22 23:14:07,43.3578948974609,-8.84516334533691,"Unknown"
"7014851",371865,2025-08-22 23:19:06,43.3578681945801,-8.84530925750732,"Unknown"
"7014851",371865,2025-08-22 23:24:07,43.3578186035156,-8.84533977508545,"Unknown"
"7014851",371865,2025-08-22 23:29:07,43.3574562072754,-8.84507369995117,"Unknown"
"7014851",371865,2025-08-22 23:34:08,43.3577041625977,-8.84514808654785,"Unknown"
"7014851",371865,2025-08-22 23:39:07,43.3577995300293,-8.84536457061768,"Unknown"
"7014851",371865,2025-08-22 23:44:07,43.3578224182129,-8.84537696838379,"Unknown"
"7014851",371865,2025-08-22 23:49:06,43.3578033447266,-8.84538173675537,"Unknown"
"7014851",371865,2025-08-22 23:54:06,43.3577423095703,-8.84548568725586,"Unknown"
"7014851",371865,2025-08-22 23:59:06,43.3577995300293,-8.84533500671387,"Unknown"
"7014851",371865,2025-08-23 00:04:07,43.3579063415527,-8.8451566696167,"Unknown"
"7014851",371865,2025-08-23 00:09:06,43.3577346801758,-8.84544563293457,"Unknown"
"7014851",371865,2025-08-23 00:14:07,43.3577270507812,-8.84550952911377,"Unknown"
"7014851",371865,2025-08-23 00:19:09,43.3576507568359,-8.84557342529297,"Unknown"
"7014851",371865,2025-08-23 00:24:06,43.3577919006348,-8.84543514251709,"Unknown"
"7014851",371865,2025-08-23 00:29:07,43.3576965332031,-8.84534168243408,"Unknown"
"7014851",371865,2025-08-23 00:34:07,43.3577308654785,-8.84535312652588,"Unknown"
"7014851",371865,2025-08-23 00:39:07,43.3578262329102,-8.84527492523193,"Unknown"
"7014851",371865,2025-08-23 00:44:06,43.3577461242676,-8.84541893005371,"Unknown"
"7014851",371865,2025-08-23 00:49:06,43.3577346801758,-8.84535789489746,"Unknown"
"7014851",371865,2025-08-23 00:54:06,43.3577651977539,-8.84535503387451,"Unknown"
"7014851",371865,2025-08-23 00:59:06,43.3576965332031,-8.84528255462646,"Unknown"
"7014851",371865,2025-08-23 01:04:07,43.3577613830566,-8.84523296356201,"Unknown"
"7014851",371865,2025-08-23 01:09:07,43.3577156066895,-8.84535884857178,"Unknown"
"7014851",371865,2025-08-23 01:14:07,43.3578987121582,-8.84517002105713,"Unknown"
"7014851",371865,2025-08-23 01:19:07,43.357837677002,-8.84527778625488,"Unknown"
"7014851",371865,2025-08-23 01:24:06,43.3576278686523,-8.8452033996582,"Unknown"
"7014851",371865,2025-08-23 01:29:06,43.3576698303223,-8.84534549713135,"Unknown"
"7014851",371865,2025-08-23 01:34:07,43.3578948974609,-8.84509658813477,"Unknown"
"7014851",371865,2025-08-23 01:39:06,43.3579788208008,-8.84507179260254,"Unknown"
"7014851",371865,2025-08-23 01:44:08,43.3575706481934,-8.84506607055664,"Unknown"
"7014851",371865,2025-08-23 01:49:08,43.3575439453125,-8.84502983093262,"Unknown"
"7014851",371865,2025-08-23 01:54:06,43.3575668334961,-8.84506607055664,"Unknown"
"7014851",371865,2025-08-23 01:59:07,43.3577995300293,-8.8452672958374,"Unknown"
"7014851",371865,2025-08-23 02:04:07,43.3577117919922,-8.84511947631836,"Unknown"
"7014851",371865,2025-08-23 02:09:07,43.3579025268555,-8.84527683258057,"Unknown"
"7014851",371865,2025-08-23 02:14:06,43.3580741882324,-8.84529304504395,"Unknown"
"7014851",371865,2025-08-23 02:19:07,43.3578796386719,-8.84523582458496,"Unknown"
"7014851",371865,2025-08-23 02:24:07,43.3581428527832,-8.84540557861328,"Unknown"
"7014851",371865,2025-08-23 02:29:08,43.3581886291504,-8.84506034851074,"Unknown"
"7014851",371865,2025-08-23 02:34:07,43.3581695556641,-8.8449535369873,"Unknown"
"7014851",371865,2025-08-23 02:39:06,43.3582191467285,-8.84489727020264,"Unknown"
"7014851",371865,2025-08-23 02:44:06,43.3581962585449,-8.84492969512939,"Unknown"
"7014851",371865,2025-08-23 02:49:06,43.3582305908203,-8.84494018554688,"Unknown"
"7014851",371865,2025-08-23 02:54:06,43.3581771850586,-8.84492969512939,"Unknown"
"7014851",371865,2025-08-23 02:59:06,43.358154296875,-8.8449239730835,"Unknown"
"7014851",371865,2025-08-23 03:04:06,43.3578491210938,-8.84502124786377,"Unknown"
"7014851",371865,2025-08-23 03:09:06,43.3577995300293,-8.84513854980469,"Unknown"
"7014851",371865,2025-08-23 03:14:06,43.3578567504883,-8.84488201141357,"Unknown"
"7014851",371865,2025-08-23 03:19:06,43.3574867248535,-8.84496212005615,"Unknown"
"7014851",371865,2025-08-23 03:24:06,43.3574638366699,-8.84550285339355,"Unknown"
"7014851",371865,2025-08-23 03:29:09,43.3577041625977,-8.84516716003418,"Unknown"
"7014851",371865,2025-08-23 03:34:06,43.3576011657715,-8.84523010253906,"Unknown"
"7014851",371865,2025-08-23 03:39:06,43.3574905395508,-8.84538173675537,"Unknown"
"7014851",371865,2025-08-23 03:44:07,43.357421875,-8.84540557861328,"Unknown"
"7014851",371865,2025-08-23 03:49:06,43.3574028015137,-8.84539890289307,"Unknown"
"7014851",371865,2025-08-23 03:54:07,43.3574638366699,-8.84540176391602,"Unknown"
"7014851",371865,2025-08-23 03:59:06,43.3572998046875,-8.84544467926025,"Unknown"
"7014851",371865,2025-08-23 04:04:06,43.3572616577148,-8.84543228149414,"Unknown"
"7014851",371865,2025-08-23 04:09:07,43.3581047058105,-8.84481716156006,"Unknown"
"7014851",371865,2025-08-23 04:14:06,43.3572387695312,-8.84538555145264,"Unknown"
"7014851",371865,2025-08-23 04:19:07,43.3573303222656,-8.84543228149414,"Unknown"
"7014851",371865,2025-08-23 04:24:08,43.357364654541,-8.84526443481445,"Unknown"
"7014851",371865,2025-08-23 04:29:07,43.3574333190918,-8.84515190124512,"Unknown"
"7014851",371865,2025-08-23 04:34:06,43.3573875427246,-8.84513378143311,"Unknown"
"7014851",371865,2025-08-23 04:39:08,43.3574523925781,-8.84512233734131,"Unknown"
"7014851",371865,2025-08-23 04:44:06,43.3572616577148,-8.84502696990967,"Unknown"
"7014851",371865,2025-08-23 04:49:08,43.3576316833496,-8.84496688842773,"Unknown"
"7014851",371865,2025-08-23 04:54:08,43.3574447631836,-8.84493923187256,"Unknown"
"7014851",371865,2025-08-23 04:59:08,43.357349395752,-8.84482288360596,"Unknown"
"7014851",371865,2025-08-23 05:04:09,43.3572692871094,-8.8446102142334,"Unknown"
"7014851",371865,2025-08-23 05:09:10,43.3575096130371,-8.84481811523438,"Unknown"
"7014851",371865,2025-08-23 05:14:07,43.3671684265137,-8.84744644165039,"Unknown"
"7014851",371865,2025-08-23 05:19:07,43.3592872619629,-8.81840801239014,"Unknown"
"7014851",371865,2025-08-23 05:24:06,43.3399696350098,-8.78931427001953,"Unknown"
"7014851",371865,2025-08-23 05:29:07,43.3192710876465,-8.76637077331543,"Unknown"
"7014851",371865,2025-08-23 05:34:07,43.3066596984863,-8.75707912445068,"Unknown"
"7014851",371865,2025-08-23 05:39:10,43.3012542724609,-8.74901676177979,"Unknown"
"7014851",371865,2025-08-23 05:44:07,43.2951965332031,-8.74501419067383,"Unknown"
"7014851",371865,2025-08-23 05:49:06,43.2949981689453,-8.74564743041992,"Unknown"
"7014851",371865,2025-08-23 05:54:07,43.2938270568848,-8.74593734741211,"Unknown"
"7014851",371865,2025-08-23 05:59:08,43.2939109802246,-8.74610328674316,"Unknown"
"7014851",371865,2025-08-23 06:04:11,43.2940902709961,-8.74607276916504,"Unknown"
"7014851",371865,2025-08-23 06:09:08,43.2938041687012,-8.74600696563721,"Unknown"
"7014851",371865,2025-08-23 06:14:10,43.2939262390137,-8.74524021148682,"Unknown"
"7014851",371865,2025-08-23 06:19:08,43.2939147949219,-8.74501419067383,"Unknown"
"7014851",371865,2025-08-23 06:24:07,43.2939758300781,-8.74506664276123,"Unknown"
"7014851",371865,2025-08-23 06:29:07,43.2939949035645,-8.74495697021484,"Unknown"
"7014851",371865,2025-08-23 06:34:21,43.2939376831055,-8.74536228179932,"Unknown"
"7014851",371865,2025-08-23 06:39:09,43.2939910888672,-8.74453830718994,"Unknown"
"7014851",371865,2025-08-23 06:44:08,43.2939453125,-8.7446928024292,"Unknown"
"7014851",371865,2025-08-23 06:49:10,43.2940063476562,-8.7446346282959,"Unknown"
"7014851",371865,2025-08-23 06:54:10,43.2939643859863,-8.744704246521,"Unknown"
"7014851",371865,2025-08-23 06:59:09,43.2939376831055,-8.74474334716797,"Unknown"
"7014851",371865,2025-08-23 07:04:21,43.2940635681152,-8.74734783172607,"Unknown"
"7014851",371865,2025-08-23 07:09:09,43.294189453125,-8.74674987792969,"Unknown"
"7014851",371865,2025-08-23 07:14:27,43.294116973877,-8.74606895446777,"Unknown"
"7014851",371865,2025-08-23 07:19:19,43.2944259643555,-8.74794101715088,"Unknown"
"7014851",371865,2025-08-23 07:24:12,43.2946243286133,-8.74837207794189,"Unknown"
"7014851",371865,2025-08-23 07:29:39,43.2943496704102,-8.7482271194458,"Unknown"
"7014851",371865,2025-08-23 07:34:20,43.2943153381348,-8.74820613861084,"Unknown"
"7014851",371865,2025-08-23 07:39:10,43.2942237854004,-8.74816226959229,"Unknown"
"7014851",371865,2025-08-23 07:44:33,43.2943649291992,-8.74840450286865,"Unknown"
"7014851",371865,2025-08-23 07:49:09,43.2958221435547,-8.74984741210938,"Unknown"
"7014851",371865,2025-08-23 07:54:13,43.2959060668945,-8.74982452392578,"Unknown"
"7014851",371865,2025-08-23 07:59:12,43.2951049804688,-8.74857234954834,"Unknown"
"7014851",371865,2025-08-23 08:04:09,43.2958374023438,-8.74967384338379,"Unknown"
"7014851",371865,2025-08-23 08:09:06,43.2958297729492,-8.74968433380127,"Unknown"
"7014851",371865,2025-08-23 08:14:06,43.2959251403809,-8.74970722198486,"Unknown"
"7014851",371865,2025-08-23 08:19:12,43.2959251403809,-8.74975395202637,"Unknown"
"7014851",371865,2025-08-23 08:24:10,43.2959403991699,-8.74961853027344,"Unknown"
"7014851",371865,2025-08-23 08:29:30,43.2958908081055,-8.74969291687012,"Unknown"
"7014851",371865,2025-08-23 08:34:44,43.2959098815918,-8.74975681304932,"Unknown"
"7014851",371865,2025-08-23 08:39:34,43.2959098815918,-8.7497615814209,"Unknown"
"7014851",371865,2025-08-23 08:44:06,43.2960166931152,-8.74964237213135,"Unknown"
"7014851",371865,2025-08-23 08:49:06,43.2959823608398,-8.74952125549316,"Unknown"
"7014851",371865,2025-08-23 08:54:06,43.2958717346191,-8.74982166290283,"Unknown"
"7014851",371865,2025-08-23 08:59:06,43.2959594726562,-8.74973964691162,"Unknown"
"7014851",371865,2025-08-23 09:04:07,43.2960243225098,-8.74964809417725,"Unknown"
"7014851",371865,2025-08-23 09:09:06,43.2958679199219,-8.74986267089844,"Unknown"
"7014851",371865,2025-08-23 09:14:07,43.2958717346191,-8.74978637695312,"Unknown"
"7014851",371865,2025-08-23 09:19:06,43.3067855834961,-8.73096179962158,"Unknown"
"7014851",371865,2025-08-23 09:24:06,43.3003845214844,-8.7136869430542,"Unknown"
"7014851",371865,2025-08-23 09:29:06,43.3044204711914,-8.70862674713135,"Unknown"
"7014851",371865,2025-08-23 09:34:06,43.3012733459473,-8.7085132598877,"Unknown"
"7014851",371865,2025-08-23 09:39:06,43.3093605041504,-8.70966339111328,"Unknown"
"7014851",371865,2025-08-23 09:44:05,43.3027839660645,-8.71689414978027,"Unknown"
"7014851",371865,2025-08-23 09:49:10,43.3016815185547,-8.7446813583374,"Unknown"
"7014851",371865,2025-08-23 09:54:06,43.3036193847656,-8.75248336791992,"Unknown"
"7014851",371865,2025-08-23 09:59:08,43.3050003051758,-8.76983261108398,"Unknown"
"7014851",371865,2025-08-23 10:04:06,43.3087577819824,-8.7894115447998,"Unknown"
"7014851",371865,2025-08-23 10:09:10,43.3087997436523,-8.78929615020752,"Unknown"
"7014851",371865,2025-08-23 10:14:07,43.3087997436523,-8.78939151763916,"Unknown"
"7014851",371865,2025-08-23 10:19:07,43.3086929321289,-8.78932571411133,"Unknown"
"7014851",371865,2025-08-23 10:24:12,43.308723449707,-8.78932857513428,"Unknown"
"7014851",371865,2025-08-23 10:29:10,43.3088569641113,-8.78939056396484,"Unknown"
"7014851",371865,2025-08-23 10:34:12,43.3087348937988,-8.78946113586426,"Unknown"
"7014851",371865,2025-08-23 10:39:11,43.3087387084961,-8.78944301605225,"Unknown"
"7014851",371865,2025-08-23 10:44:20,43.3087348937988,-8.78927040100098,"Unknown"
"7014851",371865,2025-08-23 10:49:19,43.3087577819824,-8.78929615020752,"Unknown"
"7014851",371865,2025-08-23 10:54:23,43.3086318969727,-8.78969097137451,"Unknown"
"7014851",371865,2025-08-23 10:59:29,43.3087844848633,-8.78951835632324,"Unknown"
"7014851",371865,2025-08-23 11:04:26,43.3087882995605,-8.7897834777832,"Unknown"
"7014851",371865,2025-08-23 11:09:31,43.3084602355957,-8.78942394256592,"Unknown"
"7014851",371865,2025-08-23 11:14:41,43.3089332580566,-8.78940773010254,"Unknown"
"7014851",371865,2025-08-23 11:19:09,43.3089370727539,-8.78932285308838,"Unknown"
"7014851",371865,2025-08-23 11:24:10,43.3089752197266,-8.78927516937256,"Unknown"
"7014851",371865,2025-08-23 11:29:10,43.3090629577637,-8.78914260864258,"Unknown"
"7014851",371865,2025-08-23 11:34:06,43.315055847168,-8.79227161407471,"Unknown"
"7014851",371865,2025-08-23 11:39:05,43.3388710021973,-8.81864833831787,"Unknown"
"7014851",371865,2025-08-23 11:44:05,43.3636360168457,-8.82851791381836,"Unknown"
"7014851",371865,2025-08-23 11:49:07,43.3686256408691,-8.83821105957031,"Unknown"
"7014851",371865,2025-08-23 11:54:07,43.3685569763184,-8.83834362030029,"Unknown"
"7014851",371865,2025-08-23 11:59:07,43.3685607910156,-8.83869552612305,"Unknown"
"7014851",371865,2025-08-23 12:04:07,43.3684921264648,-8.83903408050537,"Unknown"
"7014851",371865,2025-08-23 12:09:09,43.3571281433105,-8.84680843353271,"Unknown"
"7014851",371865,2025-08-23 12:14:10,43.3570022583008,-8.84685134887695,"Unknown"
"7014851",371865,2025-08-23 12:19:53,43.3575820922852,-8.8463077545166,"Unknown"
"7014851",371865,2025-08-23 12:24:11,43.3575325012207,-8.84632873535156,"Unknown"
"7014851",371865,2025-08-23 12:29:09,43.3568572998047,-8.84702205657959,"Unknown"
"7014851",371865,2025-08-23 12:34:09,43.3570137023926,-8.84692859649658,"Unknown"
"7014851",371865,2025-08-23 12:39:09,43.3572006225586,-8.84663105010986,"Unknown"
"7014851",371865,2025-08-23 12:44:07,43.357307434082,-8.84660911560059,"Unknown"
"7014851",371865,2025-08-23 12:49:11,43.357120513916,-8.84669399261475,"Unknown"
"7014851",371865,2025-08-23 12:54:09,43.3571815490723,-8.84673881530762,"Unknown"
"7014851",371865,2025-08-23 12:59:12,43.3572273254395,-8.84678745269775,"Unknown"
"7014851",371865,2025-08-23 13:04:10,43.3566131591797,-8.84692859649658,"Unknown"
"7014851",371865,2025-08-23 13:09:08,43.3570899963379,-8.84671211242676,"Unknown"
"7014851",371865,2025-08-23 13:14:09,43.3570518493652,-8.84678554534912,"Unknown"
"7014851",371865,2025-08-23 13:19:13,43.3576469421387,-8.84614181518555,"Unknown"
"7014851",371865,2025-08-23 13:24:09,43.3575210571289,-8.84644889831543,"Unknown"
"7014851",371865,2025-08-23 13:29:09,43.3573455810547,-8.84635543823242,"Unknown"
"7014851",371865,2025-08-23 13:34:14,43.3571891784668,-8.84624290466309,"Unknown"
"7014851",371865,2025-08-23 13:39:12,43.3573303222656,-8.84624195098877,"Unknown"
"7014851",371865,2025-08-23 13:44:10,43.3575134277344,-8.84629821777344,"Unknown"
"7014851",371865,2025-08-23 13:49:10,43.357479095459,-8.84637355804443,"Unknown"
"7014851",371865,2025-08-23 13:54:09,43.357120513916,-8.84677028656006,"Unknown"
"7014851",371865,2025-08-23 13:59:20,43.3568305969238,-8.84607601165771,"Unknown"
"7014851",371865,2025-08-23 14:04:10,43.3573112487793,-8.84700489044189,"Unknown"
"7014851",371865,2025-08-23 14:09:08,43.3573799133301,-8.84704685211182,"Unknown"
"7014851",371865,2025-08-23 14:14:10,43.3574142456055,-8.84695148468018,"Unknown"
"7014851",371865,2025-08-23 14:19:08,43.3575172424316,-8.84708213806152,"Unknown"
"7014851",371865,2025-08-23 14:24:15,43.3572731018066,-8.84704113006592,"Unknown"
"7014851",371865,2025-08-23 14:29:10,43.357349395752,-8.84712314605713,"Unknown"
"7014851",371865,2025-08-23 14:34:16,43.3573608398438,-8.84704399108887,"Unknown"
"7014851",371865,2025-08-23 14:39:19,43.3573265075684,-8.84693908691406,"Unknown"
"7014851",371865,2025-08-23 14:44:19,43.3571319580078,-8.8471622467041,"Unknown"
"7014851",371865,2025-08-23 14:49:20,43.3573188781738,-8.84690380096436,"Unknown"
"7014851",371865,2025-08-23 14:54:32,43.3572120666504,-8.84690475463867,"Unknown"
"7014851",371865,2025-08-23 14:59:07,43.3573265075684,-8.84657382965088,"Unknown"
"7014851",371865,2025-08-23 15:04:08,43.3572235107422,-8.84659767150879,"Unknown"
"7014851",371865,2025-08-23 15:09:17,43.3569526672363,-8.8467903137207,"Unknown"
"7014851",371865,2025-08-23 15:14:08,43.3570213317871,-8.84684181213379,"Unknown"
"7014851",371865,2025-08-23 15:19:11,43.356876373291,-8.84677886962891,"Unknown"
"7014851",371865,2025-08-23 15:24:28,43.3572959899902,-8.84657573699951,"Unknown"
"7014851",371865,2025-08-23 15:29:33,43.3571434020996,-8.84673595428467,"Unknown"
"7014851",371865,2025-08-23 15:34:09,43.3569641113281,-8.84676074981689,"Unknown"
"7014851",371865,2025-08-23 15:39:10,43.3565788269043,-8.84775066375732,"Unknown"
"7014851",371865,2025-08-23 15:44:11,43.3568000793457,-8.84644794464111,"Unknown"
"7014851",371865,2025-08-23 15:49:08,43.3569488525391,-8.84675598144531,"Unknown"
"7014851",371865,2025-08-23 15:54:13,43.3571014404297,-8.84675216674805,"Unknown"
"7014851",371865,2025-08-23 15:59:14,43.3570404052734,-8.84684753417969,"Unknown"
"7014851",371865,2025-08-23 16:04:09,43.3570327758789,-8.84684753417969,"Unknown"
"7014851",371865,2025-08-23 16:09:09,43.3571853637695,-8.84679698944092,"Unknown"
"7014851",371865,2025-08-23 16:14:08,43.3570938110352,-8.84682083129883,"Unknown"
"7014851",371865,2025-08-23 16:19:07,43.3570861816406,-8.84675121307373,"Unknown"
"7014851",371865,2025-08-23 16:24:06,43.3570556640625,-8.84673595428467,"Unknown"
"7014851",371865,2025-08-23 16:29:13,43.357063293457,-8.84684181213379,"Unknown"
"7014851",371865,2025-08-23 16:34:07,43.3569412231445,-8.84669876098633,"Unknown"
"7014851",371865,2025-08-23 16:39:13,43.3571853637695,-8.84705257415771,"Unknown"
"7014851",371865,2025-08-23 16:44:30,43.3572120666504,-8.84669494628906,"Unknown"
"7014851",371865,2025-08-23 16:49:08,43.3575973510742,-8.84734630584717,"Unknown"
"7014851",371865,2025-08-23 16:54:12,43.3571434020996,-8.84679889678955,"Unknown"
"7014851",371865,2025-08-23 16:59:09,43.3571014404297,-8.84670543670654,"Unknown"
"7014851",371865,2025-08-23 17:04:06,43.3525581359863,-8.8557710647583,"Unknown"
"7014851",371865,2025-08-23 17:09:10,43.3527679443359,-8.85718631744385,"Unknown"
"7014851",371865,2025-08-23 17:14:10,43.352912902832,-8.85835075378418,"Unknown"
"7014851",371865,2025-08-23 17:19:08,43.3531150817871,-8.85967922210693,"Unknown"
"7014851",371865,2025-08-23 17:24:05,43.3526039123535,-8.87286853790283,"Unknown"
"7014851",371865,2025-08-23 17:29:06,43.3629875183105,-8.8895788192749,"Unknown"
"7014851",371865,2025-08-23 17:34:09,43.3624992370605,-8.89142894744873,"Unknown"
"7014851",371865,2025-08-23 17:39:05,43.357536315918,-8.88040351867676,"Unknown"
"7014851",371865,2025-08-23 17:44:06,43.3572196960449,-8.84748935699463,"Unknown"
"7014851",371865,2025-08-23 17:49:07,43.3574867248535,-8.84725570678711,"Unknown"
"7014851",371865,2025-08-23 17:54:05,43.3573532104492,-8.84802436828613,"Unknown"
"7014851",371865,2025-08-23 17:59:07,43.3571929931641,-8.84842395782471,"Unknown"
"7014851",371865,2025-08-23 18:04:12,43.357307434082,-8.84651470184326,"Unknown"
"7014851",371865,2025-08-23 18:09:12,43.3572731018066,-8.84648132324219,"Unknown"
"7014851",371865,2025-08-23 18:15:05,43.3569717407227,-8.84679698944092,"Unknown"
"7014851",371865,2025-08-23 18:19:12,43.357349395752,-8.84769248962402,"Unknown"
"7014851",371865,2025-08-23 18:25:29,43.3568458557129,-8.84754371643066,"Unknown"
"7014851",371865,2025-08-23 18:29:09,43.3568153381348,-8.84752559661865,"Unknown"
"7014851",371865,2025-08-23 18:34:10,43.3568153381348,-8.84741973876953,"Unknown"
"7014851",371865,2025-08-23 18:39:08,43.3569145202637,-8.84695816040039,"Unknown"
"7014851",371865,2025-08-23 18:44:04,43.3574485778809,-8.84719657897949,"Unknown"
"7014851",371865,2025-08-23 18:49:18,43.3571434020996,-8.84700012207031,"Unknown"
"7014851",371865,2025-08-23 18:54:06,43.3571128845215,-8.84696578979492,"Unknown"
"7014851",371865,2025-08-23 18:59:05,43.3570671081543,-8.84691905975342,"Unknown"
"7014851",371865,2025-08-23 19:04:05,43.3571586608887,-8.8469352722168,"Unknown"
"7014851",371865,2025-08-23 19:09:06,43.3571014404297,-8.84683990478516,"Unknown"
"7014851",371865,2025-08-23 19:14:05,43.3570785522461,-8.84689903259277,"Unknown"
"7014851",371865,2025-08-23 19:19:07,43.3570709228516,-8.84687995910645,"Unknown"
"7014851",371865,2025-08-23 19:24:07,43.3570709228516,-8.84690952301025,"Unknown"
"7014851",371865,2025-08-23 19:29:08,43.3570938110352,-8.84688568115234,"Unknown"
"7014851",371865,2025-08-23 19:34:06,43.3571014404297,-8.84687614440918,"Unknown"
"7014851",371865,2025-08-23 19:39:07,43.3570785522461,-8.84684467315674,"Unknown"
"7014851",371865,2025-08-23 19:44:09,43.3570137023926,-8.84689521789551,"Unknown"
"7014851",371865,2025-08-23 19:49:09,43.3570747375488,-8.84695053100586,"Unknown"
"7014851",371865,2025-08-23 19:54:05,43.3571128845215,-8.84682750701904,"Unknown"
"7014851",371865,2025-08-23 19:59:06,43.363452911377,-8.83888149261475,"Unknown"
"7014851",371865,2025-08-23 20:04:05,43.3675537109375,-8.82879543304443,"Unknown"
"7014851",371865,2025-08-23 20:09:07,43.367977142334,-8.82948875427246,"Unknown"
"7014851",371865,2025-08-23 20:14:07,43.3599853515625,-8.84665298461914,"Unknown"
"7014851",371865,2025-08-23 20:19:06,43.3574256896973,-8.84492683410645,"Unknown"
"7014851",371865,2025-08-23 20:24:06,43.3573226928711,-8.84507274627686,"Unknown"
"7014851",371865,2025-08-23 20:29:06,43.3575782775879,-8.84500789642334,"Unknown"
"7014851",371865,2025-08-23 20:34:08,43.3575096130371,-8.84492111206055,"Unknown"
"7014851",371865,2025-08-23 20:39:09,43.3577537536621,-8.84503364562988,"Unknown"
"7014851",371865,2025-08-23 20:44:07,43.3577880859375,-8.84507179260254,"Unknown"
"7014851",371865,2025-08-23 20:49:06,43.3573722839355,-8.84497833251953,"Unknown"
"7014851",371865,2025-08-23 20:54:07,43.3577728271484,-8.84508991241455,"Unknown"
"7014851",371865,2025-08-23 20:59:06,43.357666015625,-8.8448486328125,"Unknown"
"7014851",371865,2025-08-23 21:04:07,43.3576927185059,-8.84505271911621,"Unknown"
"7014851",371865,2025-08-23 21:09:08,43.3576278686523,-8.84485816955566,"Unknown"
"7014851",371865,2025-08-23 21:14:07,43.3576393127441,-8.84498023986816,"Unknown"
"7014851",371865,2025-08-23 21:19:09,43.3573875427246,-8.84490776062012,"Unknown"
"7014851",371865,2025-08-23 21:24:09,43.3575973510742,-8.84503746032715,"Unknown"
"7014851",371865,2025-08-23 21:29:07,43.357608795166,-8.84488582611084,"Unknown"
"7014851",371865,2025-08-23 21:34:09,43.3575897216797,-8.84486865997314,"Unknown"
"7014851",371865,2025-08-23 21:39:06,43.3575973510742,-8.84480762481689,"Unknown"
"7014851",371865,2025-08-23 21:44:06,43.3576049804688,-8.84482574462891,"Unknown"
"7014851",371865,2025-08-23 21:49:06,43.3576354980469,-8.84483051300049,"Unknown"
"7014851",371865,2025-08-23 21:54:07,43.3576850891113,-8.8448600769043,"Unknown"
"7014851",371865,2025-08-23 21:59:07,43.3576431274414,-8.84481811523438,"Unknown"
"7014851",371865,2025-08-23 22:04:06,43.3576622009277,-8.84487056732178,"Unknown"
"7014851",371865,2025-08-23 22:09:07,43.3576278686523,-8.84490013122559,"Unknown"
"7014851",371865,2025-08-23 22:14:06,43.3576431274414,-8.84489727020264,"Unknown"
"7014851",371865,2025-08-23 22:19:10,43.3576965332031,-8.84490871429443,"Unknown"
"7014851",371865,2025-08-23 22:24:06,43.357608795166,-8.84487533569336,"Unknown"
"7014851",371865,2025-08-23 22:29:09,43.357666015625,-8.84490776062012,"Unknown"
"7014851",371865,2025-08-23 22:34:07,43.3577041625977,-8.84499359130859,"Unknown"
"7014851",371865,2025-08-23 22:39:06,43.3576965332031,-8.84499359130859,"Unknown"
"7014851",371865,2025-08-23 22:44:06,43.3576927185059,-8.84487915039062,"Unknown"
"7014851",371865,2025-08-23 22:49:09,43.3576011657715,-8.84489822387695,"Unknown"
"7014851",371865,2025-08-23 22:54:09,43.3575706481934,-8.84490299224854,"Unknown"
"7014851",371865,2025-08-23 22:59:07,43.357608795166,-8.84487533569336,"Unknown"
"7014851",371865,2025-08-23 23:04:10,43.3576049804688,-8.84487533569336,"Unknown"
"7014851",371865,2025-08-23 23:09:07,43.3575325012207,-8.84477138519287,"Unknown"
"7014851",371865,2025-08-23 23:14:13,43.3575553894043,-8.84493541717529,"Unknown"
"7014851",371865,2025-08-23 23:19:09,43.3575286865234,-8.84484672546387,"Unknown"
"7014851",371865,2025-08-23 23:24:06,43.3575401306152,-8.84480476379395,"Unknown"
"7014851",371865,2025-08-23 23:29:05,43.3578948974609,-8.84544563293457,"Unknown"
"7014851",371865,2025-08-23 23:34:09,43.357479095459,-8.84468364715576,"Unknown"
"7014851",371865,2025-08-23 23:39:09,43.3574600219727,-8.8448600769043,"Unknown"
"7014851",371865,2025-08-23 23:44:10,43.357593536377,-8.84500694274902,"Unknown"
"7014851",371865,2025-08-23 23:49:12,43.3576698303223,-8.84512424468994,"Unknown"
"7014851",371865,2025-08-23 23:54:07,43.3576126098633,-8.84492969512939,"Unknown"
"7014851",371865,2025-08-23 23:59:06,43.3576698303223,-8.84510707855225,"Unknown"
"7014851",371865,2025-08-24 00:04:12,43.3576393127441,-8.84518337249756,"Unknown"
"7014851",371865,2025-08-24 00:09:13,43.3576354980469,-8.84494686126709,"Unknown"
"7014851",371865,2025-08-24 00:14:07,43.3576812744141,-8.84509563446045,"Unknown"
"7014851",371865,2025-08-24 00:19:05,43.3574562072754,-8.84507942199707,"Unknown"
"7014851",371865,2025-08-24 00:24:11,43.3579788208008,-8.84537601470947,"Unknown"
"7014851",371865,2025-08-24 00:29:06,43.3579406738281,-8.84545230865479,"Unknown"
"7014851",371865,2025-08-24 00:34:11,43.3578453063965,-8.84514713287354,"Unknown"
"7014851",371865,2025-08-24 00:39:13,43.3577766418457,-8.84530258178711,"Unknown"
"7014851",371865,2025-08-24 00:44:19,43.3578414916992,-8.84502220153809,"Unknown"
"7014851",371865,2025-08-24 00:49:12,43.3575744628906,-8.84556674957275,"Unknown"
"7014851",371865,2025-08-24 00:54:35,43.357608795166,-8.84544849395752,"Unknown"
"7014851",371865,2025-08-24 00:59:05,43.3571701049805,-8.84567832946777,"Unknown"
"7014851",371865,2025-08-24 01:04:09,43.3564376831055,-8.84611320495605,"Unknown"
"7014851",371865,2025-08-24 01:09:11,43.3574295043945,-8.84499263763428,"Unknown"
"7014851",371865,2025-08-24 01:14:07,43.3575019836426,-8.84503555297852,"Unknown"
"7014851",371865,2025-08-24 01:19:05,43.3572578430176,-8.84513092041016,"Unknown"
"7014851",371865,2025-08-24 01:24:06,43.3576164245605,-8.8448657989502,"Unknown"
"7014851",371865,2025-08-24 01:29:10,43.3576316833496,-8.84495258331299,"Unknown"
"7014851",371865,2025-08-24 01:34:07,43.3576354980469,-8.84497737884521,"Unknown"
"7014851",371865,2025-08-24 01:39:07,43.3575286865234,-8.8451452255249,"Unknown"
"7014851",371865,2025-08-24 01:44:07,43.3576202392578,-8.84493350982666,"Unknown"
"7014851",371865,2025-08-24 01:49:06,43.3576202392578,-8.84485054016113,"Unknown"
"7014851",371865,2025-08-24 01:54:07,43.3575630187988,-8.84504413604736,"Unknown"
"7014851",371865,2025-08-24 01:59:10,43.3575134277344,-8.84511184692383,"Unknown"
"7014851",371865,2025-08-24 02:04:09,43.3574676513672,-8.84514331817627,"Unknown"
"7014851",371865,2025-08-24 02:09:09,43.3575744628906,-8.84510326385498,"Unknown"
"7014851",371865,2025-08-24 02:14:05,43.3573989868164,-8.84445858001709,"Unknown"
"7014851",371865,2025-08-24 02:19:05,43.3577842712402,-8.84533977508545,"Unknown"
"7014851",371865,2025-08-24 02:24:07,43.357738494873,-8.84521865844727,"Unknown"
"7014851",371865,2025-08-24 02:29:09,43.3577995300293,-8.84543704986572,"Unknown"
"7014851",371865,2025-08-24 02:34:10,43.3575973510742,-8.84507083892822,"Unknown"
"7014851",371865,2025-08-24 02:39:08,43.3577270507812,-8.84523963928223,"Unknown"
"7014851",371865,2025-08-24 02:44:06,43.3576622009277,-8.84523677825928,"Unknown"
"7014851",371865,2025-08-24 02:49:06,43.3577003479004,-8.84523391723633,"Unknown"
"7014851",371865,2025-08-24 02:54:07,43.3577499389648,-8.84531784057617,"Unknown"
"7014851",371865,2025-08-24 02:59:35,43.3577575683594,-8.84535980224609,"Unknown"
"7014851",371865,2025-08-24 03:04:06,43.3576393127441,-8.84515571594238,"Unknown"
"7014851",371865,2025-08-24 03:09:04,43.3576850891113,-8.8451976776123,"Unknown"
"7014851",371865,2025-08-24 03:14:04,43.3575897216797,-8.84514236450195,"Unknown"
"7014851",371865,2025-08-24 03:19:05,43.3576545715332,-8.84526824951172,"Unknown"
"7014851",371865,2025-08-24 03:24:06,43.357666015625,-8.84525680541992,"Unknown"
"7014851",371865,2025-08-24 03:29:04,43.3576965332031,-8.84517478942871,"Unknown"
"7014851",371865,2025-08-24 03:34:04,43.3576622009277,-8.84514427185059,"Unknown"
"7014851",371865,2025-08-24 03:39:04,43.3576316833496,-8.84514427185059,"Unknown"
"7014851",371865,2025-08-24 03:44:04,43.3576316833496,-8.84525012969971,"Unknown"
"7014851",371865,2025-08-24 03:49:04,43.3576431274414,-8.84518051147461,"Unknown"
"7014851",371865,2025-08-24 03:54:04,43.3576164245605,-8.84514904022217,"Unknown"
"7014851",371865,2025-08-24 03:59:06,43.3575744628906,-8.84511566162109,"Unknown"
"7014851",371865,2025-08-24 04:04:04,43.357536315918,-8.84507846832275,"Unknown"
"7014851",371865,2025-08-24 04:09:07,43.3575973510742,-8.8450756072998,"Unknown"
"7014851",371865,2025-08-24 04:14:06,43.357593536377,-8.84509086608887,"Unknown"
"7014851",371865,2025-08-24 04:19:06,43.3576316833496,-8.84512710571289,"Unknown"
"7014851",371865,2025-08-24 04:24:07,43.3576011657715,-8.84511375427246,"Unknown"
"7014851",371865,2025-08-24 04:29:06,43.3576049804688,-8.84514999389648,"Unknown"
"7014851",371865,2025-08-24 04:34:06,43.3576164245605,-8.84509468078613,"Unknown"
"7014851",371865,2025-08-24 04:39:06,43.3576011657715,-8.84511661529541,"Unknown"
"7014851",371865,2025-08-24 04:44:06,43.3575706481934,-8.84508323669434,"Unknown"
"7014851",371865,2025-08-24 04:49:06,43.3575820922852,-8.84503746032715,"Unknown"
"7014851",371865,2025-08-24 04:54:05,43.3576240539551,-8.84503555297852,"Unknown"
"7014851",371865,2025-08-24 04:59:05,43.3577499389648,-8.84496021270752,"Unknown"
"7014851",371865,2025-08-24 05:04:05,43.3575859069824,-8.84499263763428,"Unknown"
"7014851",371865,2025-08-24 05:09:09,43.3575401306152,-8.84498023986816,"Unknown"
"7014851",371865,2025-08-24 05:14:07,43.3576469421387,-8.84512710571289,"Unknown"
"7014851",371865,2025-08-24 05:19:07,43.3537216186523,-8.8743953704834,"Unknown"
"7014851",371865,2025-08-24 05:24:06,43.3401145935059,-8.9045352935791,"Unknown"
"7014851",371865,2025-08-24 05:29:05,43.3310089111328,-8.90816497802734,"Unknown"
"7014851",371865,2025-08-24 05:34:06,43.3305282592773,-8.90976333618164,"Unknown"
"7014851",371865,2025-08-24 05:39:07,43.3253746032715,-8.92248821258545,"Unknown"
"7014851",371865,2025-08-24 05:44:07,43.3248825073242,-8.92262363433838,"Unknown"
"7014851",371865,2025-08-24 05:49:07,43.3251991271973,-8.92338943481445,"Unknown"
"7014851",371865,2025-08-24 05:54:13,43.3181838989258,-8.92508792877197,"Unknown"
"7014851",371865,2025-08-24 05:59:07,43.319938659668,-8.92652797698975,"Unknown"
"7014851",371865,2025-08-24 06:04:06,43.3203277587891,-8.92631912231445,"Unknown"
"7014851",371865,2025-08-24 06:09:05,43.3204727172852,-8.92649555206299,"Unknown"
"7014851",371865,2025-08-24 06:14:07,43.3203353881836,-8.91140365600586,"Unknown"
"7014851",371865,2025-08-24 06:19:08,43.3204345703125,-8.91139602661133,"Unknown"
"7014851",371865,2025-08-24 06:24:09,43.3204727172852,-8.91138458251953,"Unknown"
"7014851",371865,2025-08-24 06:29:06,43.3206748962402,-8.91130065917969,"Unknown"
"7014851",371865,2025-08-24 06:34:07,43.3205032348633,-8.91137981414795,"Unknown"
"7014851",371865,2025-08-24 06:39:08,43.3204231262207,-8.91159725189209,"Unknown"
"7014851",371865,2025-08-24 06:44:06,43.3206062316895,-8.91111278533936,"Unknown"
"7014851",371865,2025-08-24 06:49:06,43.3205642700195,-8.91119003295898,"Unknown"
"7014851",371865,2025-08-24 06:54:06,43.3206176757812,-8.91116333007812,"Unknown"
"7014851",371865,2025-08-24 06:59:06,43.3206253051758,-8.91112995147705,"Unknown"
"7014851",371865,2025-08-24 07:04:06,43.3208236694336,-8.91116523742676,"Unknown"
"7014851",371865,2025-08-24 07:09:05,43.3216781616211,-8.90372943878174,"Unknown"
"7014851",371865,2025-08-24 07:14:08,43.3215789794922,-8.901123046875,"Unknown"
"7014851",371865,2025-08-24 07:19:06,43.3216361999512,-8.90121841430664,"Unknown"
"7014851",371865,2025-08-24 07:24:07,43.3216361999512,-8.90128231048584,"Unknown"
"7014851",371865,2025-08-24 07:29:06,43.3215827941895,-8.90128040313721,"Unknown"
"7014851",371865,2025-08-24 07:34:06,43.3217658996582,-8.90154457092285,"Unknown"
"7014851",371865,2025-08-24 07:39:06,43.3216590881348,-8.90109062194824,"Unknown"
"7014851",371865,2025-08-24 07:44:04,43.3217620849609,-8.9011754989624,"Unknown"
"7014851",371865,2025-08-24 07:50:05,43.3210563659668,-8.90132522583008,"Unknown"
"7014851",371865,2025-08-24 07:55:24,43.3210830688477,-8.90145587921143,"Unknown"
"7014851",371865,2025-08-24 08:00:35,43.3211326599121,-8.90161418914795,"Unknown"
"7014851",371865,2025-08-24 08:05:06,43.320972442627,-8.90165519714355,"Unknown"
"7014851",371865,2025-08-24 08:10:05,43.3218040466309,-8.9043550491333,"Unknown"
"7014851",371865,2025-08-24 08:15:03,43.3221397399902,-8.90459537506104,"Unknown"
"7014851",371865,2025-08-24 08:20:03,43.3217582702637,-8.90426921844482,"Unknown"
"7014851",371865,2025-08-24 08:25:04,43.321949005127,-8.90441417694092,"Unknown"
"7014851",371865,2025-08-24 08:30:03,43.3221321105957,-8.90440368652344,"Unknown"
"7014851",371865,2025-08-24 08:35:05,43.3217353820801,-8.90429973602295,"Unknown"
"7014851",371865,2025-08-24 08:40:05,43.321834564209,-8.90431785583496,"Unknown"
"7014851",371865,2025-08-24 08:45:09,43.3217964172363,-8.90437316894531,"Unknown"
"7014851",371865,2025-08-24 08:50:08,43.3217811584473,-8.90438079833984,"Unknown"
"7014851",371865,2025-08-24 08:55:07,43.3217430114746,-8.90441513061523,"Unknown"
"7014851",371865,2025-08-24 09:00:04,43.3222045898438,-8.90440082550049,"Unknown"
"7014851",371865,2025-08-24 09:05:03,43.3218307495117,-8.90418243408203,"Unknown"
"7014851",371865,2025-08-24 09:10:08,43.3215255737305,-8.90446281433105,"Unknown"
"7014851",371865,2025-08-24 09:15:03,43.3214378356934,-8.90441989898682,"Unknown"
"7014851",371865,2025-08-24 09:20:03,43.3215713500977,-8.90433597564697,"Unknown"
"7014851",371865,2025-08-24 09:25:05,43.3214950561523,-8.90446090698242,"Unknown"
"7014851",371865,2025-08-24 09:30:03,43.3215103149414,-8.9044885635376,"Unknown"
"7014851",371865,2025-08-24 09:35:03,43.3214530944824,-8.90443420410156,"Unknown"
"7014851",371865,2025-08-24 09:40:43,43.3215560913086,-8.90439987182617,"Unknown"
"7014851",371865,2025-08-24 09:45:07,43.3215980529785,-8.90452098846436,"Unknown"
"7014851",371865,2025-08-24 09:50:03,43.3215789794922,-8.90453243255615,"Unknown"
"7014851",371865,2025-08-24 09:55:03,43.3216590881348,-8.90457725524902,"Unknown"
"7014851",371865,2025-08-24 10:00:06,43.3215713500977,-8.90436744689941,"Unknown"
"7014851",371865,2025-08-24 10:05:03,43.3215789794922,-8.90437316894531,"Unknown"
"7014851",371865,2025-08-24 10:10:03,43.3215370178223,-8.90437316894531,"Unknown"
"7014851",371865,2025-08-24 10:15:03,43.3214530944824,-8.90453338623047,"Unknown"
"7014851",371865,2025-08-24 10:20:04,43.3215370178223,-8.90437889099121,"Unknown"
"7014851",371865,2025-08-24 10:25:06,43.3214912414551,-8.90434074401855,"Unknown"
"7014851",371865,2025-08-24 10:30:04,43.3206214904785,-8.93343162536621,"Unknown"
"7014851",371865,2025-08-24 10:35:03,43.3068428039551,-8.94363975524902,"Unknown"
"7014851",371865,2025-08-24 10:40:03,43.2877502441406,-8.96222400665283,"Unknown"
"7014851",371865,2025-08-24 10:45:10,43.2878036499023,-8.96213245391846,"Unknown"
"7014851",371865,2025-08-24 10:50:03,43.2882347106934,-8.96234703063965,"Unknown"
"7014851",371865,2025-08-24 10:55:07,43.2879524230957,-8.9620189666748,"Unknown"
"7014851",371865,2025-08-24 11:00:11,43.2879409790039,-8.9620475769043,"Unknown"
"7014851",371865,2025-08-24 11:05:06,43.2881622314453,-8.96212291717529,"Unknown"
"7014851",371865,2025-08-24 11:10:04,43.2881088256836,-8.96208000183105,"Unknown"
"7014851",371865,2025-08-24 11:15:06,43.288158416748,-8.96220302581787,"Unknown"
"7014851",371865,2025-08-24 11:20:07,43.2881813049316,-8.96206092834473,"Unknown"
"7014851",371865,2025-08-24 11:25:03,43.2882652282715,-8.96194744110107,"Unknown"
"7014851",371865,2025-08-24 11:30:03,43.2881889343262,-8.96195125579834,"Unknown"
"7014851",371865,2025-08-24 11:35:03,43.2881622314453,-8.96204376220703,"Unknown"
"7014851",371865,2025-08-24 11:40:03,43.288158416748,-8.96196746826172,"Unknown"
"7014851",371865,2025-08-24 11:45:04,43.2881889343262,-8.96194839477539,"Unknown"
"7014851",371865,2025-08-24 11:50:13,43.2879066467285,-8.96201133728027,"Unknown"
"7014851",371865,2025-08-24 11:55:04,43.2880477905273,-8.96221733093262,"Unknown"
"7014851",371865,2025-08-24 12:00:04,43.2879524230957,-8.96209144592285,"Unknown"
"7014851",371865,2025-08-24 12:05:03,43.2878456115723,-8.96230983734131,"Unknown"
"7014851",371865,2025-08-24 12:10:04,43.2876739501953,-8.96190357208252,"Unknown"
"7014851",371865,2025-08-24 12:15:03,43.2877426147461,-8.96227169036865,"Unknown"
"7014851",371865,2025-08-24 12:20:03,43.2877998352051,-8.962233543396,"Unknown"
"7014851",371865,2025-08-24 12:25:03,43.287841796875,-8.9622049331665,"Unknown"
"7014851",371865,2025-08-24 12:30:06,43.2878570556641,-8.96196269989014,"Unknown"
"7014851",371865,2025-08-24 12:36:05,43.2878684997559,-8.9619312286377,"Unknown"
"7014851",371865,2025-08-24 12:40:02,43.2879219055176,-8.96172046661377,"Unknown"
"7014851",371865,2025-08-24 12:45:03,43.2877922058105,-8.96170234680176,"Unknown"
"7014851",371865,2025-08-24 12:50:02,43.2878036499023,-8.96177005767822,"Unknown"
"7014851",371865,2025-08-24 12:55:02,43.2877883911133,-8.96172714233398,"Unknown"
"7014851",371865,2025-08-24 13:00:03,43.2878646850586,-8.96166229248047,"Unknown"
"7014851",371865,2025-08-24 13:05:02,43.2876319885254,-8.96183395385742,"Unknown"
"7014851",371865,2025-08-24 13:10:02,43.2876358032227,-8.96184825897217,"Unknown"
"7014851",371865,2025-08-24 13:15:03,43.287712097168,-8.96174430847168,"Unknown"
"7014851",371865,2025-08-24 13:20:06,43.287727355957,-8.96178340911865,"Unknown"
"7014851",371865,2025-08-24 13:25:04,43.2877769470215,-8.96171569824219,"Unknown"
"7014851",371865,2025-08-24 13:30:03,43.2876281738281,-8.96174907684326,"Unknown"
"7014851",371865,2025-08-24 13:35:07,43.2876396179199,-8.9617748260498,"Unknown"
"7014851",371865,2025-08-24 13:40:07,43.287727355957,-8.96172046661377,"Unknown"
"7014851",371865,2025-08-24 13:45:07,43.2873382568359,-8.96173477172852,"Unknown"
"7014851",371865,2025-08-24 13:50:03,43.2875175476074,-8.96170520782471,"Unknown"
"7014851",371865,2025-08-24 13:55:03,43.2875556945801,-8.96164894104004,"Unknown"
"7014851",371865,2025-08-24 14:00:08,43.289421081543,-8.96147537231445,"Unknown"
"7014851",371865,2025-08-24 14:05:04,43.2892990112305,-8.96113777160645,"Unknown"
"7014851",371865,2025-08-24 14:10:09,43.2892227172852,-8.96142959594727,"Unknown"
"7014851",371865,2025-08-24 14:15:03,43.2892189025879,-8.96111869812012,"Unknown"
"7014851",371865,2025-08-24 14:20:03,43.2892150878906,-8.96115493774414,"Unknown"
"7014851",371865,2025-08-24 14:25:03,43.2888603210449,-8.96045303344727,"Unknown"
"7014851",371865,2025-08-24 14:30:06,43.2894973754883,-8.96142387390137,"Unknown"
"7014851",371865,2025-08-24 14:35:03,43.289493560791,-8.96205997467041,"Unknown"
"7014851",371865,2025-08-24 14:40:08,43.2894592285156,-8.96153163909912,"Unknown"
"7014851",371865,2025-08-24 14:45:14,43.289493560791,-8.96145343780518,"Unknown"
"7014851",371865,2025-08-24 14:50:02,43.2894973754883,-8.96150684356689,"Unknown"
"7014851",371865,2025-08-24 14:55:11,43.2893943786621,-8.9614143371582,"Unknown"
"7014851",371865,2025-08-24 15:00:03,43.2895431518555,-8.96156597137451,"Unknown"
"7014851",371865,2025-08-24 15:05:04,43.2895355224609,-8.96135234832764,"Unknown"
"7014851",371865,2025-08-24 15:10:07,43.2894020080566,-8.96167182922363,"Unknown"
"7014851",371865,2025-08-24 15:15:10,43.2895126342773,-8.96147346496582,"Unknown"
"7014851",371865,2025-08-24 15:20:04,43.2896537780762,-8.96144390106201,"Unknown"
"7014851",371865,2025-08-24 15:25:03,43.2873344421387,-8.96273994445801,"Unknown"
"7014851",371865,2025-08-24 15:30:06,43.2879371643066,-8.96150493621826,"Unknown"
"7014851",371865,2025-08-24 15:35:11,43.2880210876465,-8.96162796020508,"Unknown"
"7014851",371865,2025-08-24 15:40:04,43.2877922058105,-8.96171283721924,"Unknown"
"7014851",371865,2025-08-24 15:45:35,43.2870216369629,-8.96236705780029,"Unknown"
"7014851",371865,2025-08-24 15:50:03,43.2878761291504,-8.96165561676025,"Unknown"
"7014851",371865,2025-08-24 15:55:02,43.2879257202148,-8.96150016784668,"Unknown"
"7014851",371865,2025-08-24 16:00:02,43.2879333496094,-8.9616003036499,"Unknown"
"7014851",371865,2025-08-24 16:05:03,43.2878608703613,-8.96164226531982,"Unknown"
"7014851",371865,2025-08-24 16:10:04,43.2878799438477,-8.96158885955811,"Unknown"
"7014851",371865,2025-08-24 16:15:03,43.2879600524902,-8.96152019500732,"Unknown"
"7014851",371865,2025-08-24 16:20:03,43.2879638671875,-8.96161460876465,"Unknown"
"7014851",371865,2025-08-24 16:25:06,43.2879295349121,-8.96159553527832,"Unknown"
"7014851",371865,2025-08-24 16:30:04,43.2878761291504,-8.96168041229248,"Unknown"
"7014851",371865,2025-08-24 16:35:02,43.2879486083984,-8.96155261993408,"Unknown"
"7014851",371865,2025-08-24 16:40:02,43.2879028320312,-8.96172618865967,"Unknown"
"7014851",371865,2025-08-24 16:45:02,43.2876968383789,-8.96158599853516,"Unknown"
"7014851",371865,2025-08-24 16:50:03,43.2878227233887,-8.96167469024658,"Unknown"
"7014851",371865,2025-08-24 16:55:03,43.2878646850586,-8.96157455444336,"Unknown"
"7014851",371865,2025-08-24 17:00:07,43.287899017334,-8.96157741546631,"Unknown"
"7014851",371865,2025-08-24 17:05:06,43.2879829406738,-8.96176910400391,"Unknown"
"7014851",371865,2025-08-24 17:10:06,43.2872924804688,-8.96140003204346,"Unknown"
"7014851",371865,2025-08-24 17:15:03,43.2864418029785,-8.96209526062012,"Unknown"
"7014851",371865,2025-08-24 17:20:05,43.28662109375,-8.96244144439697,"Unknown"
"7014851",371865,2025-08-24 17:25:04,43.2866668701172,-8.96259021759033,"Unknown"
"7014851",371865,2025-08-24 17:30:03,43.2905235290527,-8.97128391265869,"Unknown"
"7014851",371865,2025-08-24 17:35:03,43.3062782287598,-8.99079036712646,"Unknown"
"7014851",371865,2025-08-24 17:40:03,43.2986526489258,-8.9970645904541,"Unknown"
"7014851",371865,2025-08-24 17:45:03,43.2915687561035,-8.98922061920166,"Unknown"
"7014851",371865,2025-08-24 17:50:03,43.302318572998,-8.96932506561279,"Unknown"
"7014851",371865,2025-08-24 17:55:03,43.3110885620117,-8.96700954437256,"Unknown"
"7014851",371865,2025-08-24 18:00:03,43.3216819763184,-8.93356037139893,"Unknown"
"7014851",371865,2025-08-24 18:05:03,43.3242378234863,-8.92178440093994,"Unknown"
"7014851",371865,2025-08-24 18:10:03,43.3190574645996,-8.91300296783447,"Unknown"
"7014851",371865,2025-08-24 18:15:03,43.3191070556641,-8.91272163391113,"Unknown"
"7014851",371865,2025-08-24 18:20:04,43.3191833496094,-8.91296577453613,"Unknown"
"7014851",371865,2025-08-24 18:25:03,43.318977355957,-8.91258144378662,"Unknown"
"7014851",371865,2025-08-24 18:30:05,43.3191680908203,-8.91223907470703,"Unknown"
"7014851",371865,2025-08-24 18:35:05,43.3190078735352,-8.91274833679199,"Unknown"
"7014851",371865,2025-08-24 18:40:06,43.318977355957,-8.91277599334717,"Unknown"
"7014851",371865,2025-08-24 18:45:09,43.3189735412598,-8.9127836227417,"Unknown"
"7014851",371865,2025-08-24 18:50:03,43.3190879821777,-8.91255569458008,"Unknown"
"7014851",371865,2025-08-24 18:55:04,43.3191184997559,-8.91266536712646,"Unknown"
"7014851",371865,2025-08-24 19:00:07,43.3189888000488,-8.91273212432861,"Unknown"
"7014851",371865,2025-08-24 19:05:04,43.318962097168,-8.91272640228271,"Unknown"
"7014851",371865,2025-08-24 19:10:05,43.3190231323242,-8.91272830963135,"Unknown"
"7014851",371865,2025-08-24 19:15:05,43.3190155029297,-8.91271781921387,"Unknown"
"7014851",371865,2025-08-24 19:20:12,43.3189697265625,-8.91284084320068,"Unknown"
"7014851",371865,2025-08-24 19:25:07,43.3190231323242,-8.9127779006958,"Unknown"
"7014851",371865,2025-08-24 19:30:04,43.3190460205078,-8.9127197265625,"Unknown"
"7014851",371865,2025-08-24 19:35:03,43.3247909545898,-8.92576503753662,"Unknown"
"7014851",371865,2025-08-24 19:40:03,43.3368530273438,-8.93958950042725,"Unknown"
"7014851",371865,2025-08-24 19:45:08,43.3371200561523,-8.93940162658691,"Unknown"
"7014851",371865,2025-08-24 19:50:03,43.3371772766113,-8.93990135192871,"Unknown"
"7014851",371865,2025-08-24 19:55:06,43.3365211486816,-8.93498039245605,"Unknown"
"7014851",371865,2025-08-24 20:00:13,43.3349609375,-8.93377590179443,"Unknown"
"7014851",371865,2025-08-24 20:05:04,43.3341865539551,-8.9318675994873,"Unknown"
"7014851",371865,2025-08-24 20:10:04,43.3338241577148,-8.93578624725342,"Unknown"
"7014851",371865,2025-08-24 20:15:03,43.3329925537109,-8.93606185913086,"Unknown"
"7014851",371865,2025-08-24 20:20:07,43.332275390625,-8.93720531463623,"Unknown"
"7014851",371865,2025-08-24 20:25:04,43.3316307067871,-8.93768692016602,"Unknown"
"7014851",371865,2025-08-24 20:30:04,43.3332595825195,-8.94037342071533,"Unknown"
"7014851",371865,2025-08-24 20:35:08,43.333179473877,-8.94203567504883,"Unknown"
"7014851",371865,2025-08-24 20:40:06,43.3328971862793,-8.9436206817627,"Unknown"
"7014851",371865,2025-08-24 20:45:10,43.3331413269043,-8.94559669494629,"Unknown"
"7014851",371865,2025-08-24 20:50:07,43.3331832885742,-8.94649982452393,"Unknown"
"7014851",371865,2025-08-24 20:55:09,43.3329734802246,-8.94704437255859,"Unknown"
"7014851",371865,2025-08-24 21:00:09,43.3331336975098,-8.94792079925537,"Unknown"
"7014851",371865,2025-08-24 21:05:09,43.3325843811035,-8.94861507415771,"Unknown"
"7014851",371865,2025-08-24 21:10:10,43.3329048156738,-8.94918918609619,"Unknown"
"7014851",371865,2025-08-24 21:15:09,43.3329277038574,-8.95005512237549,"Unknown"
"7014851",371865,2025-08-24 21:20:09,43.3329467773438,-8.95100784301758,"Unknown"
"7014851",371865,2025-08-24 21:25:09,43.3333625793457,-8.95166301727295,"Unknown"
"7014851",371865,2025-08-24 21:30:09,43.3341979980469,-8.95201683044434,"Unknown"
"7014851",371865,2025-08-24 21:35:06,43.3357315063477,-8.95193958282471,"Unknown"
"7014851",371865,2025-08-24 21:40:08,43.3343772888184,-8.95376586914062,"Unknown"
"7014851",371865,2025-08-24 21:45:06,43.3360557556152,-8.95358753204346,"Unknown"
"7014851",371865,2025-08-24 21:50:13,43.3352699279785,-8.95468139648438,"Unknown"
"7014851",371865,2025-08-24 21:55:08,43.3352394104004,-8.95587921142578,"Unknown"
"7014851",371865,2025-08-24 22:00:09,43.3352127075195,-8.95628070831299,"Unknown"
"7014851",371865,2025-08-24 22:05:09,43.3353157043457,-8.95669078826904,"Unknown"
"7014851",371865,2025-08-24 22:10:09,43.3350410461426,-8.95702362060547,"Unknown"
"7014851",371865,2025-08-24 22:15:12,43.3353500366211,-8.95713710784912,"Unknown"
"7014851",371865,2025-08-24 22:20:18,43.3356628417969,-8.95738887786865,"Unknown"
"7014851",371865,2025-08-24 22:25:25,43.3345527648926,-8.95806312561035,"Unknown"
"7014851",371865,2025-08-24 22:30:06,43.3359489440918,-8.95838737487793,"Unknown"
"7014851",371865,2025-08-24 22:35:11,43.3362884521484,-8.92963695526123,"Unknown"
"7014851",371865,2025-08-24 22:40:31,43.3362503051758,-8.92884731292725,"Unknown"
"7014851",371865,2025-08-24 22:45:03,43.3376541137695,-8.92842483520508,"Unknown"
"7014851",371865,2025-08-24 22:50:03,43.3380279541016,-8.92816257476807,"Unknown"
"7014851",371865,2025-08-24 22:55:02,43.3383026123047,-8.92874050140381,"Unknown"
"7014851",371865,2025-08-24 23:00:02,43.3384666442871,-8.92966079711914,"Unknown"
"7014851",371865,2025-08-24 23:05:03,43.3387298583984,-8.93087577819824,"Unknown"
"7014851",371865,2025-08-24 23:10:03,43.3388061523438,-8.93145275115967,"Unknown"
"7014851",371865,2025-08-24 23:15:03,43.3389892578125,-8.93231391906738,"Unknown"
"7014851",371865,2025-08-24 23:20:04,43.338752746582,-8.93301868438721,"Unknown"
"7014851",371865,2025-08-24 23:25:03,43.3394012451172,-8.93379974365234,"Unknown"
"7014851",371865,2025-08-24 23:30:04,43.3390960693359,-8.93410587310791,"Unknown"
"7014851",371865,2025-08-24 23:35:03,43.3388137817383,-8.93454837799072,"Unknown"
"7014851",371865,2025-08-24 23:40:04,43.3386306762695,-8.93500995635986,"Unknown"
"7014851",371865,2025-08-24 23:45:03,43.3385162353516,-8.93508338928223,"Unknown"
"7014851",371865,2025-08-24 23:50:04,43.3381729125977,-8.93539905548096,"Unknown"
"7014851",371865,2025-08-24 23:55:06,43.338062286377,-8.93550872802734,"Unknown"
"7014851",371865,2025-08-25 00:00:06,43.337718963623,-8.93563556671143,"Unknown"
"7014851",371865,2025-08-25 00:05:03,43.3371925354004,-8.93447685241699,"Unknown"
"7014851",371865,2025-08-25 00:10:06,43.3254661560059,-8.93006134033203,"Unknown"
"7014851",371865,2025-08-25 00:15:04,43.318115234375,-8.93035697937012,"Unknown"
"7014851",371865,2025-08-25 00:20:03,43.3183135986328,-8.93054866790771,"Unknown"
"7014851",371865,2025-08-25 00:25:03,43.3222503662109,-8.93240928649902,"Unknown"
"7014851",371865,2025-08-25 00:30:03,43.3404121398926,-8.93226051330566,"Unknown"
"7014851",371865,2025-08-25 00:35:02,43.3430290222168,-8.93679237365723,"Unknown"
"7014851",371865,2025-08-25 00:40:04,43.3429794311523,-8.93597507476807,"Unknown"
"7014851",371865,2025-08-25 00:45:03,43.3430328369141,-8.93521022796631,"Unknown"
"7014851",371865,2025-08-25 00:50:02,43.3434410095215,-8.93420791625977,"Unknown"
"7014851",371865,2025-08-25 00:55:02,43.3438949584961,-8.93308448791504,"Unknown"
"7014851",371865,2025-08-25 01:00:03,43.3440208435059,-8.9324426651001,"Unknown"
"7014851",371865,2025-08-25 01:05:02,43.3442268371582,-8.93150424957275,"Unknown"
"7014851",371865,2025-08-25 01:10:02,43.3445014953613,-8.93079566955566,"Unknown"
"7014851",371865,2025-08-25 01:15:03,43.3443946838379,-8.92969226837158,"Unknown"
"7014851",371865,2025-08-25 01:20:03,43.3445358276367,-8.92880344390869,"Unknown"
"7014851",371865,2025-08-25 01:25:02,43.345027923584,-8.92874145507812,"Unknown"
"7014851",371865,2025-08-25 01:30:05,43.3452072143555,-8.9290657043457,"Unknown"
"7014851",371865,2025-08-25 01:35:02,43.345287322998,-8.92807102203369,"Unknown"
"7014851",371865,2025-08-25 01:40:03,43.3458290100098,-8.9277925491333,"Unknown"
"7014851",371865,2025-08-25 01:45:03,43.3460845947266,-8.92734146118164,"Unknown"
"7014851",371865,2025-08-25 01:50:02,43.3298645019531,-8.9291934967041,"Unknown"
"7014851",371865,2025-08-25 01:55:05,43.319522857666,-8.9372730255127,"Unknown"
"7014851",371865,2025-08-25 02:00:04,43.3192596435547,-8.93735980987549,"Unknown"
"7014851",371865,2025-08-25 02:05:05,43.3190460205078,-8.93750667572021,"Unknown"
"7014851",371865,2025-08-25 02:10:06,43.3191566467285,-8.93755054473877,"Unknown"
"7014851",371865,2025-08-25 02:15:05,43.3193283081055,-8.93779373168945,"Unknown"
"7014851",371865,2025-08-25 02:20:07,43.3196449279785,-8.93816184997559,"Unknown"
"7014851",371865,2025-08-25 02:25:03,43.3196716308594,-8.93910026550293,"Unknown"
"7014851",371865,2025-08-25 02:30:03,43.3204040527344,-8.93845653533936,"Unknown"
"7014851",371865,2025-08-25 02:35:03,43.3206100463867,-8.93894672393799,"Unknown"
"7014851",371865,2025-08-25 02:40:03,43.3208694458008,-8.93960571289062,"Unknown"
"7014851",371865,2025-08-25 02:45:04,43.3208045959473,-8.9408016204834,"Unknown"
"7014851",371865,2025-08-25 02:50:02,43.3215942382812,-8.94053649902344,"Unknown"
"7014851",371865,2025-08-25 02:55:02,43.3222923278809,-8.94074630737305,"Unknown"
"7014851",371865,2025-08-25 03:00:05,43.323070526123,-8.94080638885498,"Unknown"
"7014851",371865,2025-08-25 03:05:03,43.3238983154297,-8.94144439697266,"Unknown"
"7014851",371865,2025-08-25 03:10:03,43.3243141174316,-8.94106292724609,"Unknown"
"7014851",371865,2025-08-25 03:15:03,43.3252067565918,-8.94031620025635,"Unknown"
"7014851",371865,2025-08-25 03:20:06,43.3261795043945,-8.93912124633789,"Unknown"
"7014851",371865,2025-08-25 03:25:03,43.3263053894043,-8.9384708404541,"Unknown"
"7014851",371865,2025-08-25 03:30:03,43.3264274597168,-8.93759250640869,"Unknown"
"7014851",371865,2025-08-25 03:35:07,43.3270835876465,-8.93682765960693,"Unknown"
"7014851",371865,2025-08-25 03:40:06,43.3250312805176,-8.93500900268555,"Unknown"
"7014851",371865,2025-08-25 03:45:06,43.3168830871582,-8.93649959564209,"Unknown"
"7014851",371865,2025-08-25 03:50:03,43.3173522949219,-8.93698883056641,"Unknown"
"7014851",371865,2025-08-25 03:55:05,43.3179740905762,-8.9374942779541,"Unknown"
"7014851",371865,2025-08-25 04:00:06,43.3183631896973,-8.93800830841064,"Unknown"
"7014851",371865,2025-08-25 04:05:04,43.3189544677734,-8.93828678131104,"Unknown"
"7014851",371865,2025-08-25 04:10:04,43.3197555541992,-8.93813991546631,"Unknown"
"7014851",371865,2025-08-25 04:15:08,43.320426940918,-8.9378023147583,"Unknown"
"7014851",371865,2025-08-25 04:20:07,43.3138618469238,-8.93388748168945,"Unknown"
"7014851",371865,2025-08-25 04:25:04,43.3134346008301,-8.93385791778564,"Unknown"
"7014851",371865,2025-08-25 04:30:08,43.3149223327637,-8.93371295928955,"Unknown"
"7014851",371865,2025-08-25 04:35:03,43.3135414123535,-8.93340969085693,"Unknown"
"7014851",371865,2025-08-25 04:40:07,43.3145866394043,-8.93342971801758,"Unknown"
"7014851",371865,2025-08-25 04:45:15,43.3144187927246,-8.93275547027588,"Unknown"
"7014851",371865,2025-08-25 04:50:03,43.3142509460449,-8.9325532913208,"Unknown"
"7014851",371865,2025-08-25 04:55:09,43.315803527832,-8.9327917098999,"Unknown"
"7014851",371865,2025-08-25 05:00:06,43.3168411254883,-8.93117713928223,"Unknown"
"7014851",371865,2025-08-25 05:05:13,43.3244934082031,-8.93424510955811,"Unknown"
"7014851",371865,2025-08-25 05:10:12,43.3250465393066,-8.93546485900879,"Unknown"
"7014851",371865,2025-08-25 05:15:09,43.325366973877,-8.93527889251709,"Unknown"
"7014851",371865,2025-08-25 05:20:06,43.3256988525391,-8.93575954437256,"Unknown"
"7014851",371865,2025-08-25 05:25:06,43.3249549865723,-8.93538284301758,"Unknown"
"7014851",371865,2025-08-25 05:30:02,43.318042755127,-8.93748092651367,"Unknown"
"7014851",371865,2025-08-25 05:35:02,43.3035545349121,-8.95810699462891,"Unknown"
"7014851",371865,2025-08-25 05:40:03,43.2875022888184,-8.96608066558838,"Unknown"
"7014851",371865,2025-08-25 05:45:07,43.2875671386719,-8.96535205841064,"Unknown"
"7014851",371865,2025-08-25 05:50:10,43.2875175476074,-8.96498203277588,"Unknown"
"7014851",371865,2025-08-25 05:55:03,43.2875480651855,-8.96468353271484,"Unknown"
"7014851",371865,2025-08-25 06:00:09,43.2876586914062,-8.96468734741211,"Unknown"
"7014851",371865,2025-08-25 06:05:02,43.2876281738281,-8.96418952941895,"Unknown"
"7014851",371865,2025-08-25 06:10:09,43.2878150939941,-8.96459865570068,"Unknown"
"7014851",371865,2025-08-25 06:15:03,43.28759765625,-8.9643611907959,"Unknown"
"7014851",371865,2025-08-25 06:20:09,43.2876052856445,-8.96448516845703,"Unknown"
"7014851",371865,2025-08-25 06:25:10,43.2879295349121,-8.96490669250488,"Unknown"
"7014851",371865,2025-08-25 06:30:02,43.2875175476074,-8.96509265899658,"Unknown"
"7014851",371865,2025-08-25 06:35:04,43.2874069213867,-8.96531581878662,"Unknown"
"7014851",371865,2025-08-25 06:40:11,43.2951736450195,-8.97686195373535,"Unknown"
"7014851",371865,2025-08-25 06:45:02,43.2908630371094,-8.96566581726074,"Unknown"
"7014851",371865,2025-08-25 06:50:09,43.2870178222656,-8.96219253540039,"Unknown"
"7014851",371865,2025-08-25 06:55:05,43.288890838623,-8.96390056610107,"Unknown"
"7014851",371865,2025-08-25 07:00:09,43.2876434326172,-8.96174335479736,"Unknown"
"7014851",371865,2025-08-25 07:05:09,43.2874908447266,-8.96148586273193,"Unknown"
"7014851",371865,2025-08-25 07:10:03,43.2880325317383,-8.96067333221436,"Unknown"
"7014851",371865,2025-08-25 07:15:02,43.2876510620117,-8.96150398254395,"Unknown"
"7014851",371865,2025-08-25 07:20:04,43.2875900268555,-8.96192073822021,"Unknown"
"7014851",371865,2025-08-25 07:25:09,43.2876014709473,-8.96167182922363,"Unknown"
"7014851",371865,2025-08-25 07:30:09,43.2876167297363,-8.96149730682373,"Unknown"
"7014851",371865,2025-08-25 07:35:04,43.2878799438477,-8.96181774139404,"Unknown"
"7014851",371865,2025-08-25 07:40:06,43.2877311706543,-8.96156597137451,"Unknown"
"7014851",371865,2025-08-25 07:45:11,43.2876205444336,-8.96166515350342,"Unknown"
"7014851",371865,2025-08-25 07:54:00,43.2920074462891,-8.9632568359375,"Unknown"
"7014851",371865,2025-08-25 07:58:58,43.3063278198242,-8.93578338623047,"Unknown"
"7014851",371865,2025-08-25 08:03:59,43.3189353942871,-8.91782379150391,"Unknown"
"7014851",371865,2025-08-25 08:09:03,43.3218040466309,-8.91051292419434,"Unknown"
"7014851",371865,2025-08-25 08:14:00,43.321216583252,-8.91058254241943,"Unknown"
"7014851",371865,2025-08-25 08:19:03,43.3211898803711,-8.91066074371338,"Unknown"
"7014851",371865,2025-08-25 08:24:01,43.321174621582,-8.91069889068604,"Unknown"
"7014851",371865,2025-08-25 08:28:58,43.3215408325195,-8.9097957611084,"Unknown"
"7014851",371865,2025-08-25 08:34:14,43.3210067749023,-8.91080188751221,"Unknown"
"7014851",371865,2025-08-25 08:38:59,43.320930480957,-8.91078472137451,"Unknown"
"7014851",371865,2025-08-25 08:44:03,43.3210792541504,-8.91084480285645,"Unknown"
"7014851",371865,2025-08-25 08:49:06,43.3211288452148,-8.91074562072754,"Unknown"
"7014851",371865,2025-08-25 08:53:58,43.3253440856934,-8.92390441894531,"Unknown"
"7014851",371865,2025-08-25 08:58:58,43.3266410827637,-8.90701675415039,"Unknown"
"7014851",371865,2025-08-25 09:03:58,43.3319053649902,-8.90701103210449,"Unknown"
"7014851",371865,2025-08-25 09:08:58,43.3266105651855,-8.91678524017334,"Unknown"
"7014851",371865,2025-08-25 09:14:00,43.3243446350098,-8.92349720001221,"Unknown"
"7014851",371865,2025-08-25 09:19:05,43.3234748840332,-8.923583984375,"Unknown"
"7014851",371865,2025-08-25 09:24:00,43.3232460021973,-8.92363739013672,"Unknown"
"7014851",371865,2025-08-25 09:29:03,43.3233680725098,-8.92376708984375,"Unknown"
"7014851",371865,2025-08-25 09:33:59,43.3045082092285,-8.93567657470703,"Unknown"
"7014851",371865,2025-08-25 09:39:14,43.2892379760742,-8.93789672851562,"Unknown"
"7014851",371865,2025-08-25 09:44:04,43.2892379760742,-8.93787670135498,"Unknown"
"7014851",371865,2025-08-25 09:49:06,43.2890090942383,-8.93765640258789,"Unknown"
"7014851",371865,2025-08-25 09:54:00,43.2892456054688,-8.93768119812012,"Unknown"
"7014851",371865,2025-08-25 09:59:11,43.2893333435059,-8.93790149688721,"Unknown"
"7014851",371865,2025-08-25 10:04:07,43.2895965576172,-8.9382791519165,"Unknown"
"7014851",371865,2025-08-25 10:09:04,43.2895088195801,-8.93813037872314,"Unknown"
"7014851",371865,2025-08-25 10:14:06,43.2896270751953,-8.93826389312744,"Unknown"
"7014851",371865,2025-08-25 10:19:06,43.2895584106445,-8.93818664550781,"Unknown"
"7014851",371865,2025-08-25 10:24:06,43.289794921875,-8.9383430480957,"Unknown"
"7014851",371865,2025-08-25 10:29:06,43.289680480957,-8.93826198577881,"Unknown"
"7014851",371865,2025-08-25 10:34:01,43.289680480957,-8.93828010559082,"Unknown"
"7014851",371865,2025-08-25 10:39:01,43.2895469665527,-8.93813133239746,"Unknown"
"7014851",371865,2025-08-25 10:43:59,43.2895355224609,-8.93813323974609,"Unknown"
"7014851",371865,2025-08-25 10:49:04,43.2895812988281,-8.93821144104004,"Unknown"
"7014851",371865,2025-08-25 10:54:10,43.2894172668457,-8.93814945220947,"Unknown"
"7014851",371865,2025-08-25 10:59:01,43.2897911071777,-8.93825912475586,"Unknown"
"7014851",371865,2025-08-25 11:04:03,43.2893104553223,-8.93796920776367,"Unknown"
"7014851",371865,2025-08-25 11:08:58,43.2984275817871,-8.94201469421387,"Unknown"
"7014851",371865,2025-08-25 11:14:03,43.3033676147461,-8.94756698608398,"Unknown"
"7014851",371865,2025-08-25 11:19:03,43.3024940490723,-8.94790363311768,"Unknown"
"7014851",371865,2025-08-25 11:23:58,43.3021202087402,-8.95869255065918,"Unknown"
"7014851",371865,2025-08-25 11:29:00,43.2903175354004,-8.98629760742188,"Unknown"
"7014851",371865,2025-08-25 11:34:00,43.2798004150391,-8.99703979492188,"Unknown"
"7014851",371865,2025-08-25 11:39:00,43.275260925293,-8.99484157562256,"Unknown"
"7014851",371865,2025-08-25 11:43:59,43.2863883972168,-8.99185466766357,"Unknown"
"7014851",371865,2025-08-25 11:49:44,43.2865943908691,-8.96233177185059,"Unknown"
"7014851",371865,2025-08-25 11:54:01,43.2866554260254,-8.96245861053467,"Unknown"
"7014851",371865,2025-08-25 11:59:11,43.2868232727051,-8.96237277984619,"Unknown"
"7014851",371865,2025-08-25 12:04:01,43.2872734069824,-8.96090126037598,"Unknown"
"7014851",371865,2025-08-25 12:09:01,43.2880249023438,-8.96201133728027,"Unknown"
"7014851",371865,2025-08-25 12:14:01,43.287956237793,-8.9625129699707,"Unknown"
"7014851",371865,2025-08-25 12:19:06,43.2877922058105,-8.96227550506592,"Unknown"
"7014851",371865,2025-08-25 12:24:07,43.2877464294434,-8.96225547790527,"Unknown"
"7014851",371865,2025-08-25 12:29:07,43.2879676818848,-8.96226692199707,"Unknown"
"7014851",371865,2025-08-25 12:34:08,43.2879180908203,-8.9622631072998,"Unknown"
"7014851",371865,2025-08-25 12:39:07,43.2881355285645,-8.96106433868408,"Unknown"
"7014851",371865,2025-08-25 12:44:07,43.287899017334,-8.96197319030762,"Unknown"
"7014851",371865,2025-08-25 12:49:15,43.2878532409668,-8.96179103851318,"Unknown"
"7014851",371865,2025-08-25 12:54:07,43.2878112792969,-8.96187686920166,"Unknown"
"7014851",371865,2025-08-25 12:59:07,43.2878150939941,-8.96163177490234,"Unknown"
"7014851",371865,2025-08-25 13:04:07,43.2879447937012,-8.96124172210693,"Unknown"
"7014851",371865,2025-08-25 13:09:07,43.287899017334,-8.96127986907959,"Unknown"
"7014851",371865,2025-08-25 13:14:21,43.2881202697754,-8.96117305755615,"Unknown"
"7014851",371865,2025-08-25 13:19:07,43.2878112792969,-8.96153259277344,"Unknown"
"7014851",371865,2025-08-25 13:24:08,43.2878913879395,-8.96143531799316,"Unknown"
"7014851",371865,2025-08-25 13:29:08,43.2878684997559,-8.9613151550293,"Unknown"
"7014851",371865,2025-08-25 13:34:08,43.287899017334,-8.96140480041504,"Unknown"
"7014851",371865,2025-08-25 13:38:59,43.286750793457,-8.9607982635498,"Unknown"
"7014851",371865,2025-08-25 13:44:17,43.2880401611328,-8.96137142181396,"Unknown"
"7014851",371865,2025-08-25 13:49:18,43.288028717041,-8.96132278442383,"Unknown"
"7014851",371865,2025-08-25 13:54:07,43.2878913879395,-8.96158695220947,"Unknown"
"7014851",371865,2025-08-25 13:59:07,43.2878341674805,-8.96170616149902,"Unknown"
"7014851",371865,2025-08-25 14:04:07,43.2878684997559,-8.96173763275146,"Unknown"
"7014851",371865,2025-08-25 14:09:07,43.2879257202148,-8.96171092987061,"Unknown"
"7014851",371865,2025-08-25 14:14:14,43.287956237793,-8.96175670623779,"Unknown"
"7014851",371865,2025-08-25 14:18:58,43.2880935668945,-8.96167087554932,"Unknown"
"7014851",371865,2025-08-25 14:24:00,43.2878952026367,-8.96190452575684,"Unknown"
"7014851",371865,2025-08-25 14:28:59,43.2879867553711,-8.96172904968262,"Unknown"
"7014851",371865,2025-08-25 14:34:01,43.2879180908203,-8.96183490753174,"Unknown"
"7014851",371865,2025-08-25 14:39:00,43.2880706787109,-8.96177864074707,"Unknown"
"7014851",371865,2025-08-25 14:44:02,43.2886734008789,-8.96192264556885,"Unknown"
"7014851",371865,2025-08-25 14:49:29,43.2878799438477,-8.96173763275146,"Unknown"
"7014851",371865,2025-08-25 14:54:01,43.2879028320312,-8.9617223739624,"Unknown"
"7014851",371865,2025-08-25 14:59:05,43.288013458252,-8.96164512634277,"Unknown"
"7014851",371865,2025-08-25 15:04:07,43.2880401611328,-8.96176719665527,"Unknown"
"7014851",371865,2025-08-25 15:09:13,43.2879638671875,-8.9616756439209,"Unknown"
"7014851",371865,2025-08-25 15:14:04,43.2878837585449,-8.96162223815918,"Unknown"
"7014851",371865,2025-08-25 15:18:57,43.2877235412598,-8.96174716949463,"Unknown"
"7014851",371865,2025-08-25 15:24:00,43.2879486083984,-8.96156787872314,"Unknown"
"7014851",371865,2025-08-25 15:29:01,43.2875175476074,-8.96085071563721,"Unknown"
"7014851",371865,2025-08-25 15:34:02,43.288013458252,-8.96158027648926,"Unknown"
"7014851",371865,2025-08-25 15:39:08,43.288013458252,-8.96166133880615,"Unknown"
"7014851",371865,2025-08-25 15:44:44,43.2878837585449,-8.96171092987061,"Unknown"
"7014851",371865,2025-08-25 15:49:35,43.2878189086914,-8.96148777008057,"Unknown"
"7014851",371865,2025-08-25 15:54:07,43.2878265380859,-8.96161460876465,"Unknown"
"7014851",371865,2025-08-25 15:59:08,43.2877578735352,-8.96163654327393,"Unknown"
"7014851",371865,2025-08-25 16:04:07,43.2876930236816,-8.96146965026855,"Unknown"
"7014851",371865,2025-08-25 16:09:07,43.2877540588379,-8.9614782333374,"Unknown"
"7014851",371865,2025-08-25 16:14:16,43.2878608703613,-8.96165466308594,"Unknown"
"7014851",371865,2025-08-25 16:19:10,43.2878036499023,-8.96170902252197,"Unknown"
"7014851",371865,2025-08-25 16:23:59,43.287841796875,-8.9617166519165,"Unknown"
"7014851",371865,2025-08-25 16:28:59,43.287841796875,-8.96181869506836,"Unknown"
"7014851",371865,2025-08-25 16:33:59,43.2879066467285,-8.96190452575684,"Unknown"
"7014851",371865,2025-08-25 16:39:01,43.2876968383789,-8.96142196655273,"Unknown"
"7014851",371865,2025-08-25 16:44:02,43.2877540588379,-8.96152973175049,"Unknown"
"7014851",371865,2025-08-25 16:49:01,43.2876167297363,-8.96182060241699,"Unknown"
"7014851",371865,2025-08-25 16:54:10,43.287712097168,-8.96134662628174,"Unknown"
"7014851",371865,2025-08-25 16:59:00,43.2865104675293,-8.96184349060059,"Unknown"
"7014851",371865,2025-08-25 17:04:03,43.2867736816406,-8.96173000335693,"Unknown"
"7014851",371865,2025-08-25 17:09:02,43.2866592407227,-8.96113014221191,"Unknown"
"7014851",371865,2025-08-25 17:14:06,43.2865295410156,-8.96146106719971,"Unknown"
"7014851",371865,2025-08-25 17:19:17,43.2870292663574,-8.96250438690186,"Unknown"
"7014851",371865,2025-08-25 17:24:03,43.2881965637207,-8.96405029296875,"Unknown"
"7014851",371865,2025-08-25 17:29:17,43.2876930236816,-8.9638843536377,"Unknown"
"7014851",371865,2025-08-25 17:34:09,43.2878761291504,-8.96556854248047,"Unknown"
"7014851",371865,2025-08-25 17:39:08,43.2878532409668,-8.96575736999512,"Unknown"
"7014851",371865,2025-08-25 17:44:07,43.2875747680664,-8.96602821350098,"Unknown"
"7014851",371865,2025-08-25 17:49:23,43.2879028320312,-8.96296501159668,"Unknown"
"7014851",371865,2025-08-25 17:54:01,43.2920188903809,-8.97675228118896,"Unknown"
"7014851",371865,2025-08-25 17:59:03,43.2815933227539,-9.00061988830566,"Unknown"
"7014851",371865,2025-08-25 18:04:10,43.2807159423828,-8.99972820281982,"Unknown"
"7014851",371865,2025-08-25 18:09:06,43.2787971496582,-9.00195598602295,"Unknown"
"7014851",371865,2025-08-25 18:14:01,43.2720603942871,-9.00452423095703,"Unknown"
"7014851",371865,2025-08-25 18:19:12,43.2573051452637,-9.01719856262207,"Unknown"
"7014851",371865,2025-08-25 18:24:13,43.2638206481934,-9.01170063018799,"Unknown"
"7014851",371865,2025-08-25 18:29:16,43.2768363952637,-9.00209808349609,"Unknown"
"7014851",371865,2025-08-25 18:34:10,43.2779502868652,-9.00213527679443,"Unknown"
"7014851",371865,2025-08-25 18:39:09,43.2779197692871,-9.00301551818848,"Unknown"
"7014851",371865,2025-08-25 18:44:25,43.2784385681152,-8.99948978424072,"Unknown"
"7014851",371865,2025-08-25 18:49:12,43.278923034668,-8.99335861206055,"Unknown"
"7014851",371865,2025-08-25 18:54:35,43.2863578796387,-8.97310924530029,"Unknown"
"7014851",371865,2025-08-25 18:59:00,43.2861709594727,-8.97296905517578,"Unknown"
"7014851",371865,2025-08-25 19:04:01,43.2861442565918,-8.97304630279541,"Unknown"
"7014851",371865,2025-08-25 19:09:09,43.2861099243164,-8.97310733795166,"Unknown"
"7014851",371865,2025-08-25 19:14:06,43.2861404418945,-8.97307395935059,"Unknown"
"7014851",371865,2025-08-25 19:19:00,43.2861862182617,-8.9730167388916,"Unknown"
"7014851",371865,2025-08-25 19:24:02,43.2861442565918,-8.97305679321289,"Unknown"
"7014851",371865,2025-08-25 19:29:08,43.2862129211426,-8.97307395935059,"Unknown"
"7014851",371865,2025-08-25 19:34:06,43.2861938476562,-8.97307586669922,"Unknown"
"7014851",371865,2025-08-25 19:39:03,43.2863426208496,-8.97319316864014,"Unknown"
"7014851",371865,2025-08-25 19:44:02,43.2861061096191,-8.97304916381836,"Unknown"
"7014851",371865,2025-08-25 19:54:29,43.2858352661133,-8.97572231292725,"Unknown"
"7014851",371865,2025-08-25 19:58:58,43.2807884216309,-9.01110458374023,"Unknown"
"7014851",371865,2025-08-25 20:04:00,43.2797622680664,-9.01364040374756,"Unknown"
"7014851",371865,2025-08-25 20:08:58,43.2793846130371,-9.01355743408203,"Unknown"
"7014851",371865,2025-08-25 20:13:59,43.2786598205566,-9.01352024078369,"Unknown"
"7014851",371865,2025-08-25 20:18:59,43.2736968994141,-9.01454067230225,"Unknown"
"7014851",371865,2025-08-25 20:23:59,43.273853302002,-9.01487445831299,"Unknown"
"7014851",371865,2025-08-25 20:29:06,43.2743759155273,-9.01467323303223,"Unknown"
"7014851",371865,2025-08-25 20:34:07,43.2743186950684,-9.01491355895996,"Unknown"
"7014851",371865,2025-08-25 20:39:00,43.2738990783691,-9.01531791687012,"Unknown"
"7014851",371865,2025-08-25 20:44:14,43.2736740112305,-9.01604270935059,"Unknown"
"7014851",371865,2025-08-25 20:49:00,43.273609161377,-9.01659774780273,"Unknown"
"7014851",371865,2025-08-25 20:53:58,43.273250579834,-9.01726531982422,"Unknown"
"7014851",371865,2025-08-25 20:59:00,43.2732734680176,-9.01786422729492,"Unknown"
"7014851",371865,2025-08-25 21:04:14,43.2726783752441,-9.01747989654541,"Unknown"
"7014851",371865,2025-08-25 21:08:59,43.2727966308594,-9.01760005950928,"Unknown"
"7014851",371865,2025-08-25 21:14:01,43.2728881835938,-9.0178337097168,"Unknown"
"7014851",371865,2025-08-25 21:19:06,43.2728729248047,-9.01846790313721,"Unknown"
"7014851",371865,2025-08-25 21:24:08,43.272575378418,-9.01943206787109,"Unknown"
"7014851",371865,2025-08-25 21:29:10,43.2729949951172,-9.01945400238037,"Unknown"
"7014851",371865,2025-08-25 21:34:03,43.2730598449707,-9.01961708068848,"Unknown"
"7014851",371865,2025-08-25 21:39:01,43.2728118896484,-9.01983833312988,"Unknown"
"7014851",371865,2025-08-25 21:44:00,43.2724800109863,-9.02000999450684,"Unknown"
"7014851",371865,2025-08-25 21:49:29,43.2719230651855,-9.02057266235352,"Unknown"
"7014851",371865,2025-08-25 21:53:57,43.2674903869629,-9.01699066162109,"Unknown"
"7014851",371865,2025-08-25 21:58:57,43.2571296691895,-8.99980163574219,"Unknown"
"7014851",371865,2025-08-25 22:03:57,43.2571830749512,-8.99971580505371,"Unknown"
"7014851",371865,2025-08-25 22:08:59,43.2569618225098,-8.9992618560791,"Unknown"
"7014851",371865,2025-08-25 22:14:00,43.256664276123,-8.99874019622803,"Unknown"
"7014851",371865,2025-08-25 22:19:01,43.2565040588379,-8.99836730957031,"Unknown"
"7014851",371865,2025-08-25 22:24:00,43.2561798095703,-8.99782371520996,"Unknown"
"7014851",371865,2025-08-25 22:28:59,43.2559394836426,-8.99740600585938,"Unknown"
"7014851",371865,2025-08-25 22:34:00,43.2555809020996,-8.99677276611328,"Unknown"
"7014851",371865,2025-08-25 22:38:59,43.2556800842285,-8.99653053283691,"Unknown"
"7014851",371865,2025-08-25 22:44:01,43.2558708190918,-8.99564361572266,"Unknown"
"7014851",371865,2025-08-25 22:49:01,43.2554321289062,-8.99534320831299,"Unknown"
"7014851",371865,2025-08-25 22:54:05,43.2557106018066,-8.99461555480957,"Unknown"
"7014851",371865,2025-08-25 22:59:00,43.255931854248,-8.9945011138916,"Unknown"
"7014851",371865,2025-08-25 23:03:59,43.255973815918,-8.99409294128418,"Unknown"
"7014851",371865,2025-08-25 23:08:59,43.2563247680664,-8.99454498291016,"Unknown"
"7014851",371865,2025-08-25 23:14:03,43.2565536499023,-8.99450778961182,"Unknown"
"7014851",371865,2025-08-25 23:19:00,43.2563133239746,-8.99510288238525,"Unknown"
"7014851",371865,2025-08-25 23:24:01,43.2560081481934,-8.99449157714844,"Unknown"
"7014851",371865,2025-08-25 23:29:04,43.2561912536621,-8.99407291412354,"Unknown"
"7014851",371865,2025-08-25 23:34:03,43.2559585571289,-8.99436187744141,"Unknown"
"7014851",371865,2025-08-25 23:39:12,43.2553901672363,-8.99488162994385,"Unknown"
"7014851",371865,2025-08-25 23:44:01,43.2551727294922,-8.99534320831299,"Unknown"
"7014851",371865,2025-08-25 23:49:01,43.2549362182617,-8.9953031539917,"Unknown"
"7014851",371865,2025-08-25 23:54:04,43.2550277709961,-8.99530696868896,"Unknown"
"7014851",371865,2025-08-25 23:59:01,43.2555694580078,-8.9954776763916,"Unknown"
"7014851",371865,2025-08-26 00:04:00,43.2555656433105,-8.99577617645264,"Unknown"
"7014851",371865,2025-08-26 00:09:03,43.2554054260254,-8.99614238739014,"Unknown"
"7014851",371865,2025-08-26 00:14:01,43.2551116943359,-8.99634552001953,"Unknown"
"7014851",371865,2025-08-26 00:19:03,43.2548904418945,-8.99652290344238,"Unknown"
"7014851",371865,2025-08-26 00:23:58,43.254768371582,-8.99613761901855,"Unknown"
"7014851",371865,2025-08-26 00:29:15,43.2551422119141,-8.99656200408936,"Unknown"
"7014851",371865,2025-08-26 00:34:01,43.2555236816406,-8.99621391296387,"Unknown"
"7014851",371865,2025-08-26 00:39:16,43.2559700012207,-8.99616527557373,"Unknown"
"7014851",371865,2025-08-26 00:44:03,43.2565116882324,-8.99601650238037,"Unknown"
"7014851",371865,2025-08-26 00:49:01,43.2582931518555,-8.9924259185791,"Unknown"
"7014851",371865,2025-08-26 00:54:01,43.2582626342773,-8.9928503036499,"Unknown"
"7014851",371865,2025-08-26 00:59:06,43.2580223083496,-8.99308586120605,"Unknown"
"7014851",371865,2025-08-26 01:04:13,43.2580757141113,-8.99279594421387,"Unknown"
"7014851",371865,2025-08-26 01:09:13,43.2584037780762,-8.99367046356201,"Unknown"
"7014851",371865,2025-08-26 01:14:06,43.2588996887207,-8.99444198608398,"Unknown"
"7014851",371865,2025-08-26 01:19:26,43.259349822998,-8.99565410614014,"Unknown"
"7014851",371865,2025-08-26 01:23:57,43.2590408325195,-8.99612808227539,"Unknown"
"7014851",371865,2025-08-26 01:28:57,43.2587661743164,-8.99611282348633,"Unknown"
"7014851",371865,2025-08-26 01:33:59,43.2583923339844,-8.99610614776611,"Unknown"
"7014851",371865,2025-08-26 01:38:58,43.2585678100586,-8.99593162536621,"Unknown"
"7014851",371865,2025-08-26 01:43:58,43.2561302185059,-8.99147796630859,"Unknown"
"7014851",371865,2025-08-26 01:49:06,43.2555847167969,-8.9915246963501,"Unknown"
"7014851",371865,2025-08-26 01:53:59,43.2558746337891,-8.99209880828857,"Unknown"
"7014851",371865,2025-08-26 01:59:06,43.256591796875,-8.99221134185791,"Unknown"
"7014851",371865,2025-08-26 02:03:59,43.2571144104004,-8.99235343933105,"Unknown"
"7014851",371865,2025-08-26 02:09:06,43.2575454711914,-8.9934720993042,"Unknown"
"7014851",371865,2025-08-26 02:14:04,43.2579040527344,-8.994384765625,"Unknown"
"7014851",371865,2025-08-26 02:19:01,43.2583160400391,-8.99490165710449,"Unknown"
"7014851",371865,2025-08-26 02:23:59,43.2588844299316,-8.99497890472412,"Unknown"
"7014851",371865,2025-08-26 02:29:04,43.2590293884277,-8.99516487121582,"Unknown"
"7014851",371865,2025-08-26 02:34:01,43.2594451904297,-8.99498558044434,"Unknown"
"7014851",371865,2025-08-26 02:39:01,43.2602729797363,-8.9955472946167,"Unknown"
"7014851",371865,2025-08-26 02:44:14,43.2609558105469,-8.99546241760254,"Unknown"
"7014851",371865,2025-08-26 02:49:06,43.2588043212891,-8.99240684509277,"Unknown"
"7014851",371865,2025-08-26 02:54:03,43.2584991455078,-8.99309539794922,"Unknown"
"7014851",371865,2025-08-26 02:59:03,43.2582321166992,-8.99361228942871,"Unknown"
"7014851",371865,2025-08-26 03:04:03,43.2583045959473,-8.99384212493896,"Unknown"
"7014851",371865,2025-08-26 03:09:05,43.2582130432129,-8.99357128143311,"Unknown"
"7014851",371865,2025-08-26 03:14:14,43.258113861084,-8.99372386932373,"Unknown"
"7014851",371865,2025-08-26 03:19:04,43.2580032348633,-8.99425029754639,"Unknown"
"7014851",371865,2025-08-26 03:23:59,43.2579650878906,-8.99431228637695,"Unknown"
"7014851",371865,2025-08-26 03:29:00,43.2580108642578,-8.994065284729,"Unknown"
"7014851",371865,2025-08-26 03:34:05,43.2581520080566,-8.99376201629639,"Unknown"
"7014851",371865,2025-08-26 03:38:59,43.2580337524414,-8.9932804107666,"Unknown"
"7014851",371865,2025-08-26 03:44:03,43.2575798034668,-8.99303913116455,"Unknown"
"7014851",371865,2025-08-26 03:49:14,43.257511138916,-8.99274635314941,"Unknown"
"7014851",371865,2025-08-26 03:54:00,43.2574310302734,-8.99201393127441,"Unknown"
"7014851",371865,2025-08-26 03:59:04,43.2573471069336,-8.99257946014404,"Unknown"
"7014851",371865,2025-08-26 04:04:01,43.2569618225098,-8.99185657501221,"Unknown"
"7014851",371865,2025-08-26 04:09:04,43.2568283081055,-8.99257659912109,"Unknown"
"7014851",371865,2025-08-26 04:14:03,43.2567481994629,-8.99314975738525,"Unknown"
"7014851",371865,2025-08-26 04:19:03,43.2569732666016,-8.99350357055664,"Unknown"
"7014851",371865,2025-08-26 04:23:59,43.2571449279785,-8.99430751800537,"Unknown"
"7014851",371865,2025-08-26 04:29:08,43.2573204040527,-8.99454784393311,"Unknown"
"7014851",371865,2025-08-26 04:34:12,43.2574577331543,-8.99509143829346,"Unknown"
"7014851",371865,2025-08-26 04:39:06,43.2575912475586,-8.99561595916748,"Unknown"
"7014851",371865,2025-08-26 04:44:03,43.2578392028809,-8.99559116363525,"Unknown"
"7014851",371865,2025-08-26 04:49:06,43.2578926086426,-8.99552726745605,"Unknown"
"7014851",371865,2025-08-26 04:54:21,43.2584419250488,-8.99481868743896,"Unknown"
"7014851",371865,2025-08-26 04:59:07,43.2590637207031,-8.99471759796143,"Unknown"
"7014851",371865,2025-08-26 05:04:00,43.2591400146484,-8.99470615386963,"Unknown"
"7014851",371865,2025-08-26 05:09:01,43.25927734375,-8.9947509765625,"Unknown"
"7014851",371865,2025-08-26 05:14:08,43.2598533630371,-8.99508285522461,"Unknown"
"7014851",371865,2025-08-26 05:19:04,43.2600555419922,-8.99491596221924,"Unknown"
"7014851",371865,2025-08-26 05:24:07,43.2611274719238,-8.99394798278809,"Unknown"
"7014851",371865,2025-08-26 05:29:07,43.2704467773438,-8.9971170425415,"Unknown"
"7014851",371865,2025-08-26 05:34:29,43.2873992919922,-8.9937858581543,"Unknown"
"7014851",371865,2025-08-26 05:39:11,43.2872734069824,-8.9926118850708,"Unknown"
"7014851",371865,2025-08-26 05:44:03,43.2879180908203,-8.99204540252686,"Unknown"
"7014851",371865,2025-08-26 05:48:58,43.287899017334,-8.9907693862915,"Unknown"
"7014851",371865,2025-08-26 05:53:57,43.3003540039062,-8.96232986450195,"Unknown"
"7014851",371865,2025-08-26 05:58:58,43.2964172363281,-8.92591571807861,"Unknown"
"7014851",371865,2025-08-26 06:04:04,43.2959785461426,-8.92814445495605,"Unknown"
"7014851",371865,2025-08-26 06:09:08,43.2892074584961,-8.93969917297363,"Unknown"
"7014851",371865,2025-08-26 06:14:07,43.2893905639648,-8.9398775100708,"Unknown"
"7014851",371865,2025-08-26 06:19:07,43.2891693115234,-8.93973731994629,"Unknown"
"7014851",371865,2025-08-26 06:24:10,43.2892532348633,-8.93956565856934,"Unknown"
"7014851",371865,2025-08-26 06:29:04,43.289119720459,-8.93958950042725,"Unknown"
"7014851",371865,2025-08-26 06:34:07,43.2891731262207,-8.93939876556396,"Unknown"
"7014851",371865,2025-08-26 06:39:09,43.2889518737793,-8.93929862976074,"Unknown"
"7014851",371865,2025-08-26 06:44:07,43.2890090942383,-8.93914127349854,"Unknown"
"7014851",371865,2025-08-26 06:49:29,43.2891693115234,-8.93975734710693,"Unknown"
"7014851",371865,2025-08-26 06:53:59,43.288948059082,-8.93987846374512,"Unknown"
"7014851",371865,2025-08-26 06:59:07,43.3105773925781,-8.92520332336426,"Unknown"
"7014851",371865,2025-08-26 07:04:17,43.307746887207,-8.94675254821777,"Unknown"
"7014851",371865,2025-08-26 07:09:00,43.3065376281738,-8.94587802886963,"Unknown"
"7014851",371865,2025-08-26 07:13:57,43.3038787841797,-8.95286750793457,"Unknown"
"7014851",371865,2025-08-26 07:19:00,43.3014755249023,-8.94740772247314,"Unknown"
"7014851",371865,2025-08-26 07:24:59,43.2888145446777,-8.96144104003906,"Unknown"
"7014851",371865,2025-08-26 07:28:58,43.2891082763672,-8.9614896774292,"Unknown"
"7014851",371865,2025-08-26 07:33:57,43.2890701293945,-8.9614896774292,"Unknown"
"7014851",371865,2025-08-26 07:38:58,43.2890510559082,-8.96137619018555,"Unknown"
"7014851",371865,2025-08-26 07:43:58,43.2890625,-8.96128368377686,"Unknown"
"7014851",371865,2025-08-26 07:53:57,43.2888793945312,-8.96146392822266,"Unknown"
"7014851",371865,2025-08-26 07:58:59,43.2892608642578,-8.96138477325439,"Unknown"
"7014851",371865,2025-08-26 08:03:58,43.2889289855957,-8.96134090423584,"Unknown"
"7014851",371865,2025-08-26 08:08:58,43.2889442443848,-8.96131801605225,"Unknown"
"7014851",371865,2025-08-26 08:14:00,43.2889060974121,-8.9613618850708,"Unknown"
"7014851",371865,2025-08-26 08:19:01,43.2889213562012,-8.96133899688721,"Unknown"
"7014851",371865,2025-08-26 08:24:02,43.2890129089355,-8.96137237548828,"Unknown"
"7014851",371865,2025-08-26 08:29:01,43.2890892028809,-8.96134662628174,"Unknown"
"7014851",371865,2025-08-26 08:33:58,43.2892036437988,-8.96126937866211,"Unknown"
"7014851",371865,2025-08-26 08:39:02,43.2890548706055,-8.96137809753418,"Unknown"
"7014851",371865,2025-08-26 08:44:00,43.2888298034668,-8.96138000488281,"Unknown"
"7014851",371865,2025-08-26 08:48:59,43.289192199707,-8.9613094329834,"Unknown"
"7014851",371865,2025-08-26 08:53:59,43.2890548706055,-8.96134376525879,"Unknown"
"7014851",371865,2025-08-26 08:58:59,43.2887878417969,-8.96140575408936,"Unknown"
"7014851",371865,2025-08-26 09:04:13,43.2891044616699,-8.96129608154297,"Unknown"
"7014851",371865,2025-08-26 09:08:58,43.2906112670898,-8.94244384765625,"Unknown"
"7014851",371865,2025-08-26 09:14:13,43.2893295288086,-8.9399471282959,"Unknown"
"7014851",371865,2025-08-26 09:19:29,43.2892951965332,-8.9399242401123,"Unknown"
"7014851",371865,2025-08-26 09:24:01,43.2894668579102,-8.93960666656494,"Unknown"
"7014851",371865,2025-08-26 09:29:01,43.2893447875977,-8.93988418579102,"Unknown"
"7014851",371865,2025-08-26 09:33:59,43.2891502380371,-8.94007778167725,"Unknown"
"7014851",371865,2025-08-26 09:39:00,43.2893600463867,-8.93997287750244,"Unknown"
"7014851",371865,2025-08-26 09:44:00,43.2894630432129,-8.94006061553955,"Unknown"
"7014851",371865,2025-08-26 09:49:16,43.2894515991211,-8.93985843658447,"Unknown"
"7014851",371865,2025-08-26 09:53:58,43.2892456054688,-8.93992900848389,"Unknown"
"7014851",371865,2025-08-26 09:59:29,43.289379119873,-8.9398078918457,"Unknown"
"7014851",371865,2025-08-26 10:03:56,43.2893142700195,-8.93984222412109,"Unknown"
"7014851",371865,2025-08-26 10:08:56,43.2892761230469,-8.93976211547852,"Unknown"
"7014851",371865,2025-08-26 10:13:57,43.2892646789551,-8.93985939025879,"Unknown"
"7014851",371865,2025-08-26 10:19:01,43.2892379760742,-8.93981552124023,"Unknown"
"7014851",371865,2025-08-26 10:23:57,43.2892074584961,-8.93957805633545,"Unknown"
"7014851",371865,2025-08-26 10:28:57,43.2893180847168,-8.93985462188721,"Unknown"
"7014851",371865,2025-08-26 10:33:57,43.2892646789551,-8.93978404998779,"Unknown"
"7014851",371865,2025-08-26 10:38:57,43.2893257141113,-8.93990421295166,"Unknown"
"7014851",371865,2025-08-26 10:43:58,43.2892875671387,-8.93985080718994,"Unknown"
"7014851",371865,2025-08-26 10:49:14,43.2892913818359,-8.93998908996582,"Unknown"
"7014851",371865,2025-08-26 10:54:07,43.2892608642578,-8.93987464904785,"Unknown"
"7014851",371865,2025-08-26 10:59:00,43.2892799377441,-8.93982791900635,"Unknown"
"7014851",371865,2025-08-26 11:05:20,43.2893447875977,-8.93984127044678,"Unknown"
"7014851",371865,2025-08-26 11:09:22,43.2894325256348,-8.93979930877686,"Unknown"
"7014851",371865,2025-08-26 11:14:08,43.2894973754883,-8.94011878967285,"Unknown"
"7014851",371865,2025-08-26 11:19:02,43.2893753051758,-8.94013214111328,"Unknown"
"7014851",371865,2025-08-26 11:24:00,43.2893371582031,-8.94028377532959,"Unknown"
"7014851",371865,2025-08-26 11:29:07,43.2893943786621,-8.93996810913086,"Unknown"
"7014851",371865,2025-08-26 11:33:59,43.2894401550293,-8.93998908996582,"Unknown"
"7014851",371865,2025-08-26 11:39:04,43.2894058227539,-8.93987846374512,"Unknown"
"7014851",371865,2025-08-26 11:44:02,43.2893905639648,-8.94015026092529,"Unknown"
"7014851",371865,2025-08-26 11:49:07,43.289478302002,-8.9402027130127,"Unknown"
"7014851",371865,2025-08-26 11:54:08,43.2891464233398,-8.93983554840088,"Unknown"
"7014851",371865,2025-08-26 11:59:17,43.289421081543,-8.94019031524658,"Unknown"
"7014851",371865,2025-08-26 12:04:08,43.2893257141113,-8.94007778167725,"Unknown"
"7014851",371865,2025-08-26 12:09:07,43.289608001709,-8.94041538238525,"Unknown"
"7014851",371865,2025-08-26 12:14:07,43.2895050048828,-8.94036769866943,"Unknown"
"7014851",371865,2025-08-26 12:19:08,43.2897148132324,-8.94067668914795,"Unknown"
"7014851",371865,2025-08-26 12:24:13,43.2893295288086,-8.94006538391113,"Unknown"
"7014851",371865,2025-08-26 12:29:00,43.2899169921875,-8.95947074890137,"Unknown"
"7014851",371865,2025-08-26 12:34:07,43.2874603271484,-8.96174049377441,"Unknown"
"7014851",371865,2025-08-26 12:39:21,43.2875595092773,-8.96189308166504,"Unknown"
"7014851",371865,2025-08-26 12:44:08,43.2874450683594,-8.96185111999512,"Unknown"
"7014851",371865,2025-08-26 12:49:13,43.287410736084,-8.96175098419189,"Unknown"
"7014851",371865,2025-08-26 12:54:12,43.2877960205078,-8.96227550506592,"Unknown"
"7014851",371865,2025-08-26 12:59:09,43.2876586914062,-8.96190452575684,"Unknown"
"7014851",371865,2025-08-26 13:04:07,43.2875518798828,-8.96191215515137,"Unknown"
"7014851",371865,2025-08-26 13:08:58,43.2873611450195,-8.96160507202148,"Unknown"
"7014851",371865,2025-08-26 13:14:08,43.2876319885254,-8.96187210083008,"Unknown"
"7014851",371865,2025-08-26 13:19:08,43.2876243591309,-8.96200561523438,"Unknown"
"7014851",371865,2025-08-26 13:24:10,43.2878532409668,-8.96268081665039,"Unknown"
"7014851",371865,2025-08-26 13:29:09,43.287670135498,-8.96230220794678,"Unknown"
"7014851",371865,2025-08-26 13:34:29,43.2875213623047,-8.96186256408691,"Unknown"
"7014851",371865,2025-08-26 13:39:00,43.2873764038086,-8.96181106567383,"Unknown"
"7014851",371865,2025-08-26 13:43:57,43.287540435791,-8.96184730529785,"Unknown"
"7014851",371865,2025-08-26 13:48:59,43.2874336242676,-8.96186351776123,"Unknown"
"7014851",371865,2025-08-26 13:54:00,43.2873344421387,-8.96170616149902,"Unknown"
"7014851",371865,2025-08-26 13:59:02,43.2874298095703,-8.96183109283447,"Unknown"
"7014851",371865,2025-08-26 14:03:57,43.2874565124512,-8.96181392669678,"Unknown"
"7014851",371865,2025-08-26 14:09:00,43.2873802185059,-8.96163749694824,"Unknown"
"7014851",371865,2025-08-26 14:14:01,43.2875175476074,-8.96182632446289,"Unknown"
"7014851",371865,2025-08-26 14:18:58,43.2876586914062,-8.96210384368896,"Unknown"
"7014851",371865,2025-08-26 14:24:14,43.2873077392578,-8.96181774139404,"Unknown"
"7014851",371865,2025-08-26 14:28:57,43.2874031066895,-8.96191501617432,"Unknown"
"7014851",371865,2025-08-26 14:34:06,43.2873382568359,-8.9618616104126,"Unknown"
"7014851",371865,2025-08-26 14:38:59,43.2874221801758,-8.96216011047363,"Unknown"
"7014851",371865,2025-08-26 14:44:06,43.2874183654785,-8.96187019348145,"Unknown"
"7014851",371865,2025-08-26 14:49:03,43.287425994873,-8.96179389953613,"Unknown"
"7014851",371865,2025-08-26 14:54:35,43.2874069213867,-8.96191024780273,"Unknown"
"7014851",371865,2025-08-26 14:59:00,43.2874183654785,-8.96224689483643,"Unknown"
"7014851",371865,2025-08-26 15:04:06,43.2873191833496,-8.96201515197754,"Unknown"
"7014851",371865,2025-08-26 15:09:01,43.2873725891113,-8.96209526062012,"Unknown"
"7014851",371865,2025-08-26 15:14:01,43.2873458862305,-8.96200752258301,"Unknown"
"7014851",371865,2025-08-26 15:19:06,43.2874031066895,-8.96204853057861,"Unknown"
"7014851",371865,2025-08-26 15:24:00,43.2868690490723,-8.96072387695312,"Unknown"
"7014851",371865,2025-08-26 15:29:01,43.2872047424316,-8.9619140625,"Unknown"
"7014851",371865,2025-08-26 15:34:03,43.2871742248535,-8.96218585968018,"Unknown"
"7014851",371865,2025-08-26 15:39:06,43.2872161865234,-8.96189785003662,"Unknown"
"7014851",371865,2025-08-26 15:44:14,43.287223815918,-8.96179485321045,"Unknown"
"7014851",371865,2025-08-26 15:48:56,43.2872200012207,-8.96188068389893,"Unknown"
"7014851",371865,2025-08-26 15:53:59,43.2872848510742,-8.96190929412842,"Unknown"
"7014851",371865,2025-08-26 15:58:59,43.2872734069824,-8.96224498748779,"Unknown"
"7014851",371865,2025-08-26 16:04:00,43.2872581481934,-8.96198558807373,"Unknown"
"7014851",371865,2025-08-26 16:09:05,43.2873191833496,-8.96236801147461,"Unknown"
"7014851",371865,2025-08-26 16:14:00,43.2872657775879,-8.96184062957764,"Unknown"
"7014851",371865,2025-08-26 16:18:59,43.2872467041016,-8.96197986602783,"Unknown"
"7014851",371865,2025-08-26 16:24:28,43.2872276306152,-8.96182441711426,"Unknown"
"7014851",371865,2025-08-26 16:28:56,43.2872009277344,-8.96176719665527,"Unknown"
"7014851",371865,2025-08-26 16:33:56,43.287296295166,-8.96197986602783,"Unknown"
"7014851",371865,2025-08-26 16:39:07,43.2867050170898,-8.96224021911621,"Unknown"
"7014851",371865,2025-08-26 16:44:06,43.286735534668,-8.96222114562988,"Unknown"
"7014851",371865,2025-08-26 16:49:06,43.2868881225586,-8.96222496032715,"Unknown"
"7014851",371865,2025-08-26 16:54:06,43.2870254516602,-8.96238422393799,"Unknown"
"7014851",371865,2025-08-26 16:59:10,43.2887649536133,-8.96269416809082,"Unknown"
"7014851",371865,2025-08-26 17:04:06,43.2882614135742,-8.96171951293945,"Unknown"
"7014851",371865,2025-08-26 17:09:10,43.2881202697754,-8.9613733291626,"Unknown"
"7014851",371865,2025-08-26 17:13:58,43.2883071899414,-8.96158504486084,"Unknown"
"7014851",371865,2025-08-26 17:18:59,43.2882461547852,-8.96166801452637,"Unknown"
"7014851",371865,2025-08-26 17:24:19,43.2862854003906,-8.96821308135986,"Unknown"
"7014851",371865,2025-08-26 17:29:00,43.2879867553711,-8.96208953857422,"Unknown"
"7014851",371865,2025-08-26 17:34:00,43.2880744934082,-8.96135807037354,"Unknown"
"7014851",371865,2025-08-26 17:38:58,43.2881355285645,-8.96143817901611,"Unknown"
"7014851",371865,2025-08-26 17:44:08,43.2876129150391,-8.96182155609131,"Unknown"
"7014851",371865,2025-08-26 17:49:14,43.2874641418457,-8.96175765991211,"Unknown"
"7014851",371865,2025-08-26 17:53:57,43.2874984741211,-8.96191883087158,"Unknown"
"7014851",371865,2025-08-26 17:59:13,43.2875671386719,-8.96188068389893,"Unknown"
"7014851",371865,2025-08-26 18:04:05,43.2872543334961,-8.96133995056152,"Unknown"
"7014851",371865,2025-08-26 18:09:06,43.2875518798828,-8.9618616104126,"Unknown"
"7014851",371865,2025-08-26 18:14:04,43.2875823974609,-8.96171569824219,"Unknown"
"7014851",371865,2025-08-26 18:19:06,43.2877006530762,-8.96173667907715,"Unknown"
"7014851",371865,2025-08-26 18:24:06,43.2864303588867,-8.96107387542725,"Unknown"
"7014851",371865,2025-08-26 18:29:06,43.2875137329102,-8.96167087554932,"Unknown"
"7014851",371865,2025-08-26 18:34:06,43.2875709533691,-8.96163558959961,"Unknown"
"7014851",371865,2025-08-26 18:39:06,43.2875709533691,-8.96156978607178,"Unknown"
"7014851",371865,2025-08-26 18:44:20,43.2881202697754,-8.95744132995605,"Unknown"
"7014851",371865,2025-08-26 18:49:06,43.2876815795898,-8.96094608306885,"Unknown"
"7014851",371865,2025-08-26 18:54:06,43.2875556945801,-8.96096992492676,"Unknown"
"7014851",371865,2025-08-26 18:59:10,43.2875900268555,-8.96142196655273,"Unknown"
"7014851",371865,2025-08-26 19:04:09,43.2874526977539,-8.96183776855469,"Unknown"
"7014851",371865,2025-08-26 19:09:06,43.2873802185059,-8.96192932128906,"Unknown"
"7014851",371865,2025-08-26 19:14:09,43.2874908447266,-8.96179294586182,"Unknown"
"7014851",371865,2025-08-26 19:19:06,43.2874183654785,-8.96194362640381,"Unknown"
"7014851",371865,2025-08-26 19:24:17,43.2876625061035,-8.96110916137695,"Unknown"
"7014851",371865,2025-08-26 19:29:05,43.2986907958984,-8.96317863464355,"Unknown"
"7014851",371865,2025-08-26 19:34:15,43.3062782287598,-8.97607040405273,"Unknown"
"7014851",371865,2025-08-26 19:39:00,43.2929191589355,-8.9830961227417,"Unknown"
"7014851",371865,2025-08-26 19:44:11,43.2893218994141,-8.98490142822266,"Unknown"
"7014851",371865,2025-08-26 19:50:05,43.2874755859375,-8.98816108703613,"Unknown"
"7014851",371865,2025-08-26 19:55:29,43.290225982666,-8.98655986785889,"Unknown"
"7014851",371865,2025-08-26 19:59:49,43.2898063659668,-8.98586368560791,"Unknown"
"7014851",371865,2025-08-26 20:04:47,43.2898216247559,-8.98538780212402,"Unknown"
"7014851",371865,2025-08-26 20:09:54,43.2898483276367,-8.98458671569824,"Unknown"
"7014851",371865,2025-08-26 20:14:45,43.2900619506836,-8.98517990112305,"Unknown"
"7014851",371865,2025-08-26 20:19:53,43.2900581359863,-8.98513126373291,"Unknown"
"7014851",371865,2025-08-26 20:24:42,43.3033714294434,-9.01153469085693,"Unknown"
"7014851",371865,2025-08-26 20:29:54,43.2944869995117,-9.01734733581543,"Unknown"
"7014851",371865,2025-08-26 20:34:46,43.2943572998047,-9.01761245727539,"Unknown"
"7014851",371865,2025-08-26 20:39:55,43.2939071655273,-9.01845455169678,"Unknown"
"7014851",371865,2025-08-26 20:44:55,43.2934684753418,-9.01873874664307,"Unknown"
"7014851",371865,2025-08-26 20:50:05,43.2933464050293,-9.01904773712158,"Unknown"
"7014851",371865,2025-08-26 20:54:44,43.2912788391113,-9.01869201660156,"Unknown"
"7014851",371865,2025-08-26 20:59:49,43.2906875610352,-9.01860427856445,"Unknown"
"7014851",371865,2025-08-26 21:04:43,43.2902488708496,-9.01902866363525,"Unknown"
"7014851",371865,2025-08-26 21:10:14,43.2898216247559,-9.01954555511475,"Unknown"
"7014851",371865,2025-08-26 21:14:42,43.2892303466797,-9.02025318145752,"Unknown"
"7014851",371865,2025-08-26 21:19:45,43.2888526916504,-9.02040672302246,"Unknown"
"7014851",371865,2025-08-26 21:24:42,43.2884178161621,-9.02063751220703,"Unknown"
"7014851",371865,2025-08-26 21:29:42,43.2877426147461,-9.0209379196167,"Unknown"
"7014851",371865,2025-08-26 21:34:42,43.2870292663574,-9.02094078063965,"Unknown"
"7014851",371865,2025-08-26 21:39:42,43.284008026123,-9.0190544128418,"Unknown"
"7014851",371865,2025-08-26 21:44:42,43.2836265563965,-9.01949691772461,"Unknown"
"7014851",371865,2025-08-26 21:49:42,43.283634185791,-9.02055263519287,"Unknown"
"7014851",371865,2025-08-26 21:54:44,43.2835121154785,-9.02136898040771,"Unknown"
"7014851",371865,2025-08-26 21:59:44,43.2835540771484,-9.02240562438965,"Unknown"
"7014851",371865,2025-08-26 22:04:43,43.2836227416992,-9.02303314208984,"Unknown"
"7014851",371865,2025-08-26 22:09:54,43.2835807800293,-9.02324390411377,"Unknown"
"7014851",371865,2025-08-26 22:14:46,43.2834243774414,-9.02334690093994,"Unknown"
"7014851",371865,2025-08-26 22:19:54,43.2828674316406,-9.02338600158691,"Unknown"
"7014851",371865,2025-08-26 22:24:55,43.282470703125,-9.02324390411377,"Unknown"
"7014851",371865,2025-08-26 22:29:55,43.2819404602051,-9.02340412139893,"Unknown"
"7014851",371865,2025-08-26 22:34:59,43.2818450927734,-9.02355766296387,"Unknown"
"7014851",371865,2025-08-26 22:40:00,43.2817726135254,-9.02380847930908,"Unknown"
"7014851",371865,2025-08-26 22:45:03,43.2819366455078,-9.02395439147949,"Unknown"
"7014851",371865,2025-08-26 22:49:42,43.2820854187012,-9.02445697784424,"Unknown"
"7014851",371865,2025-08-26 22:54:42,43.2819404602051,-9.02438354492188,"Unknown"
"7014851",371865,2025-08-26 22:59:43,43.2820281982422,-9.02468299865723,"Unknown"
"7014851",371865,2025-08-26 23:04:42,43.2818031311035,-9.02463817596436,"Unknown"
"7014851",371865,2025-08-26 23:09:43,43.2819519042969,-9.02492046356201,"Unknown"
"7014851",371865,2025-08-26 23:14:43,43.2812881469727,-9.02446746826172,"Unknown"
"7014851",371865,2025-08-26 23:19:45,43.281608581543,-9.02463817596436,"Unknown"
"7014851",371865,2025-08-26 23:24:44,43.2814178466797,-9.0245304107666,"Unknown"
"7014851",371865,2025-08-26 23:29:46,43.2811508178711,-9.02437973022461,"Unknown"
"7014851",371865,2025-08-26 23:34:46,43.2811889648438,-9.02479076385498,"Unknown"
"7014851",371865,2025-08-26 23:39:47,43.2895545959473,-9.02836799621582,"Unknown"
"7014851",371865,2025-08-26 23:44:56,43.2887992858887,-9.02943992614746,"Unknown"
"7014851",371865,2025-08-26 23:49:53,43.289379119873,-9.02249336242676,"Unknown"
"7014851",371865,2025-08-26 23:55:05,43.2887344360352,-9.023681640625,"Unknown"
"7014851",371865,2025-08-26 23:59:46,43.2878799438477,-9.0245943069458,"Unknown"
"7014851",371865,2025-08-27 00:04:54,43.2854537963867,-9.02536201477051,"Unknown"
"7014851",371865,2025-08-27 00:09:43,43.2856826782227,-9.01652717590332,"Unknown"
"7014851",371865,2025-08-27 00:14:54,43.2892990112305,-9.02318859100342,"Unknown"
"7014851",371865,2025-08-27 00:19:54,43.2886962890625,-9.02324390411377,"Unknown"
"7014851",371865,2025-08-27 00:25:05,43.2879028320312,-9.02321147918701,"Unknown"
"7014851",371865,2025-08-27 00:29:44,43.2872924804688,-9.0230598449707,"Unknown"
"7014851",371865,2025-08-27 00:34:44,43.2780113220215,-9.03035259246826,"Unknown"
"7014851",371865,2025-08-27 00:39:44,43.2780990600586,-9.03036975860596,"Unknown"
"7014851",371865,2025-08-27 00:44:43,43.2779731750488,-9.0298490524292,"Unknown"
"7014851",371865,2025-08-27 00:49:43,43.2796821594238,-9.01429557800293,"Unknown"
"7014851",371865,2025-08-27 00:54:43,43.2791519165039,-9.01026725769043,"Unknown"
"7014851",371865,2025-08-27 00:59:44,43.2787170410156,-9.01019859313965,"Unknown"
"7014851",371865,2025-08-27 01:04:44,43.2784194946289,-9.01020908355713,"Unknown"
"7014851",371865,2025-08-27 01:09:47,43.2779655456543,-9.0103178024292,"Unknown"
"7014851",371865,2025-08-27 01:14:43,43.2881736755371,-9.01579093933105,"Unknown"
"7014851",371865,2025-08-27 01:19:49,43.2845649719238,-9.01803970336914,"Unknown"
"7014851",371865,2025-08-27 01:24:45,43.2788124084473,-9.01042747497559,"Unknown"
"7014851",371865,2025-08-27 01:29:44,43.2787399291992,-9.01083850860596,"Unknown"
"7014851",371865,2025-08-27 01:34:45,43.2784461975098,-9.01029300689697,"Unknown"
"7014851",371865,2025-08-27 01:39:43,43.2786483764648,-9.01033973693848,"Unknown"
"7014851",371865,2025-08-27 01:44:48,43.2788162231445,-9.01038265228271,"Unknown"
"7014851",371865,2025-08-27 01:49:46,43.2790412902832,-9.01071739196777,"Unknown"
"7014851",371865,2025-08-27 01:54:53,43.279182434082,-9.01044940948486,"Unknown"
"7014851",371865,2025-08-27 01:59:43,43.2794075012207,-9.01103591918945,"Unknown"
"7014851",371865,2025-08-27 02:04:55,43.2796249389648,-9.01142024993896,"Unknown"
"7014851",371865,2025-08-27 02:09:52,43.2799530029297,-9.01233005523682,"Unknown"
"7014851",371865,2025-08-27 02:14:59,43.2794303894043,-9.0131196975708,"Unknown"
"7014851",371865,2025-08-27 02:19:58,43.2792434692383,-9.01408767700195,"Unknown"
"7014851",371865,2025-08-27 02:25:14,43.2794570922852,-9.01513481140137,"Unknown"
"7014851",371865,2025-08-27 02:29:47,43.2796173095703,-9.01645660400391,"Unknown"
"7014851",371865,2025-08-27 02:34:57,43.2685623168945,-9.01871681213379,"Unknown"
"7014851",371865,2025-08-27 02:39:57,43.2763824462891,-9.01883602142334,"Unknown"
"7014851",371865,2025-08-27 02:44:56,43.2772331237793,-9.01204586029053,"Unknown"
"7014851",371865,2025-08-27 02:50:36,43.2773475646973,-9.02140140533447,"Unknown"
"7014851",371865,2025-08-27 02:54:44,43.2747688293457,-9.02265644073486,"Unknown"
"7014851",371865,2025-08-27 03:00:05,43.2749252319336,-9.02246379852295,"Unknown"
"7014851",371865,2025-08-27 03:04:42,43.2770957946777,-9.01591014862061,"Unknown"
"7014851",371865,2025-08-27 03:09:46,43.2837028503418,-9.00795555114746,"Unknown"
"7014851",371865,2025-08-27 03:14:42,43.2840232849121,-9.00806045532227,"Unknown"
"7014851",371865,2025-08-27 03:19:45,43.2841911315918,-9.00822162628174,"Unknown"
"7014851",371865,2025-08-27 03:24:43,43.2846374511719,-9.0082950592041,"Unknown"
"7014851",371865,2025-08-27 03:29:45,43.2848777770996,-9.0089282989502,"Unknown"
"7014851",371865,2025-08-27 03:34:48,43.2853012084961,-9.00905323028564,"Unknown"
"7014851",371865,2025-08-27 03:39:46,43.2859954833984,-9.00851249694824,"Unknown"
"7014851",371865,2025-08-27 03:44:43,43.295280456543,-8.99225330352783,"Unknown"
"7014851",371865,2025-08-27 03:49:45,43.3015289306641,-8.97882747650146,"Unknown"
"7014851",371865,2025-08-27 03:54:42,43.3019065856934,-8.97884368896484,"Unknown"
"7014851",371865,2025-08-27 03:59:46,43.3023109436035,-8.97940731048584,"Unknown"
"7014851",371865,2025-08-27 04:04:52,43.3023109436035,-8.97948932647705,"Unknown"
"7014851",371865,2025-08-27 04:09:55,43.3027763366699,-8.97961139678955,"Unknown"
"7014851",371865,2025-08-27 04:15:03,43.3030395507812,-8.97977352142334,"Unknown"
"7014851",371865,2025-08-27 04:19:41,43.3034133911133,-8.97997856140137,"Unknown"
"7014851",371865,2025-08-27 04:24:41,43.3037605285645,-8.98025608062744,"Unknown"
"7014851",371865,2025-08-27 04:29:41,43.3041496276855,-8.98041534423828,"Unknown"
"7014851",371865,2025-08-27 04:34:42,43.3044700622559,-8.98055171966553,"Unknown"
"7014851",371865,2025-08-27 04:39:41,43.304817199707,-8.98068428039551,"Unknown"
"7014851",371865,2025-08-27 04:44:42,43.3052024841309,-8.98097705841064,"Unknown"
"7014851",371865,2025-08-27 04:49:41,43.3054466247559,-8.9808521270752,"Unknown"
"7014851",371865,2025-08-27 04:55:14,43.3055725097656,-8.98098850250244,"Unknown"
"7014851",371865,2025-08-27 04:59:41,43.3056106567383,-8.9810791015625,"Unknown"
"7014851",371865,2025-08-27 05:04:42,43.3055419921875,-8.98068523406982,"Unknown"
"7014851",371865,2025-08-27 05:09:41,43.3055648803711,-8.98054122924805,"Unknown"
"7014851",371865,2025-08-27 05:14:42,43.3096656799316,-8.96225833892822,"Unknown"
"7014851",371865,2025-08-27 05:19:41,43.315601348877,-8.92926597595215,"Unknown"
"7014851",371865,2025-08-27 05:24:41,43.3343887329102,-8.91377258300781,"Unknown"
"7014851",371865,2025-08-27 05:29:41,43.3399314880371,-8.89354705810547,"Unknown"
"7014851",371865,2025-08-27 05:34:42,43.3400077819824,-8.89326095581055,"Unknown"
"7014851",371865,2025-08-27 05:39:42,43.3411750793457,-8.88973903656006,"Unknown"
"7014851",371865,2025-08-27 05:44:42,43.3574523925781,-8.86239624023438,"Unknown"
"7014851",371865,2025-08-27 05:50:05,43.3622398376465,-8.85361862182617,"Unknown"
"7014851",371865,2025-08-27 05:54:43,43.3627471923828,-8.85310935974121,"Unknown"
"7014851",371865,2025-08-27 05:59:45,43.3611946105957,-8.85297584533691,"Unknown"
"7014851",371865,2025-08-27 06:05:08,43.360710144043,-8.84798812866211,"Unknown"
"7014851",371865,2025-08-27 06:10:11,43.360466003418,-8.84787654876709,"Unknown"
"7014851",371865,2025-08-27 06:14:45,43.3604774475098,-8.84780979156494,"Unknown"
"7014851",371865,2025-08-27 06:19:45,43.3604125976562,-8.84792900085449,"Unknown"
"7014851",371865,2025-08-27 06:24:49,43.3602104187012,-8.8479700088501,"Unknown"
"7014851",371865,2025-08-27 06:29:49,43.3604278564453,-8.84788703918457,"Unknown"
"7014851",371865,2025-08-27 06:34:42,43.3605194091797,-8.84789276123047,"Unknown"
"7014851",371865,2025-08-27 06:39:40,43.3563613891602,-8.84568977355957,"Unknown"
"7014851",371865,2025-08-27 06:44:40,43.3401184082031,-8.81612968444824,"Unknown"
"7014851",371865,2025-08-27 06:49:41,43.325496673584,-8.78493881225586,"Unknown"
"7014851",371865,2025-08-27 06:54:41,43.3080558776855,-8.76022434234619,"Unknown"
"7014851",371865,2025-08-27 07:00:12,43.2982521057129,-8.72855091094971,"Unknown"
"7014851",371865,2025-08-27 07:05:09,43.2919387817383,-8.69808101654053,"Unknown"
"7014851",371865,2025-08-27 07:09:56,43.2919578552246,-8.69805431365967,"Unknown"
"7014851",371865,2025-08-27 07:15:02,43.2920188903809,-8.69794368743896,"Unknown"
"7014851",371865,2025-08-27 07:19:54,43.2920913696289,-8.6980676651001,"Unknown"
"7014851",371865,2025-08-27 07:24:54,43.2921562194824,-8.69774723052979,"Unknown"
"7014851",371865,2025-08-27 07:29:48,43.2921714782715,-8.69782638549805,"Unknown"
"7014851",371865,2025-08-27 07:34:55,43.2922286987305,-8.69779109954834,"Unknown"
"7014851",371865,2025-08-27 07:39:48,43.2921905517578,-8.6979808807373,"Unknown"
"7014851",371865,2025-08-27 07:44:52,43.2928085327148,-8.69722843170166,"Unknown"
"7014851",371865,2025-08-27 07:50:05,43.2927589416504,-8.69651222229004,"Unknown"
"7014851",371865,2025-08-27 07:54:41,43.2926940917969,-8.69655799865723,"Unknown"
"7014851",371865,2025-08-27 07:59:40,43.2927589416504,-8.69660377502441,"Unknown"
"7014851",371865,2025-08-27 08:04:47,43.2926559448242,-8.69658184051514,"Unknown"
"7014851",371865,2025-08-27 08:09:44,43.2925682067871,-8.69656085968018,"Unknown"
"7014851",371865,2025-08-27 08:14:49,43.292594909668,-8.69661903381348,"Unknown"
"7014851",371865,2025-08-27 08:19:41,43.2925605773926,-8.69659996032715,"Unknown"
"7014851",371865,2025-08-27 08:24:42,43.2924995422363,-8.69644927978516,"Unknown"
"7014851",371865,2025-08-27 08:30:05,43.2924575805664,-8.69644260406494,"Unknown"
"7014851",371865,2025-08-27 08:34:40,43.2924308776855,-8.69634532928467,"Unknown"
"7014851",371865,2025-08-27 08:39:41,43.2927322387695,-8.69558525085449,"Unknown"
"7014851",371865,2025-08-27 08:44:41,43.2926979064941,-8.69551467895508,"Unknown"
"7014851",371865,2025-08-27 08:49:41,43.291877746582,-8.69664859771729,"Unknown"
"7014851",371865,2025-08-27 08:54:41,43.2921867370605,-8.69711303710938,"Unknown"
"7014851",371865,2025-08-27 08:59:40,43.2921943664551,-8.69717216491699,"Unknown"
"7014851",371865,2025-08-27 09:04:40,43.2922325134277,-8.69728755950928,"Unknown"
"7014851",371865,2025-08-27 09:09:40,43.2962837219238,-8.71658134460449,"Unknown"
"7014851",371865,2025-08-27 09:14:40,43.2954521179199,-8.74596786499023,"Unknown"
"7014851",371865,2025-08-27 09:19:45,43.3011817932129,-8.75847244262695,"Unknown"
"7014851",371865,2025-08-27 09:24:43,43.301139831543,-8.75838184356689,"Unknown"
"7014851",371865,2025-08-27 09:29:40,43.3196716308594,-8.78393936157227,"Unknown"
"7014851",371865,2025-08-27 09:34:40,43.3378448486328,-8.81392574310303,"Unknown"
"7014851",371865,2025-08-27 09:39:40,43.3556327819824,-8.84245872497559,"Unknown"
"7014851",371865,2025-08-27 09:44:45,43.3581809997559,-8.84606552124023,"Unknown"
"7014851",371865,2025-08-27 09:50:14,43.3581771850586,-8.84596252441406,"Unknown"
"7014851",371865,2025-08-27 09:54:40,43.3580513000488,-8.85101222991943,"Unknown"
"7014851",371865,2025-08-27 09:59:40,43.3605270385742,-8.8484468460083,"Unknown"
"7014851",371865,2025-08-27 10:04:48,43.3605575561523,-8.84805202484131,"Unknown"
"7014851",371865,2025-08-27 10:09:40,43.3608283996582,-8.8482723236084,"Unknown"
"7014851",371865,2025-08-27 10:14:40,43.361083984375,-8.84863948822021,"Unknown"
"7014851",371865,2025-08-27 10:19:45,43.3606605529785,-8.85120105743408,"Unknown"
"7014851",371865,2025-08-27 10:24:40,43.3598976135254,-8.85008716583252,"Unknown"
"7014851",371865,2025-08-27 10:30:05,43.3600959777832,-8.8477611541748,"Unknown"
"7014851",371865,2025-08-27 10:34:47,43.3595161437988,-8.84735774993896,"Unknown"
"7014851",371865,2025-08-27 10:39:48,43.3601379394531,-8.84784317016602,"Unknown"
"7014851",371865,2025-08-27 10:44:40,43.3548316955566,-8.84537887573242,"Unknown"
"7014851",371865,2025-08-27 10:49:56,43.3603858947754,-8.84781742095947,"Unknown"
"7014851",371865,2025-08-27 10:55:35,43.3601036071777,-8.84777736663818,"Unknown"
"7014851",371865,2025-08-27 10:59:41,43.354377746582,-8.83546829223633,"Unknown"
"7014851",371865,2025-08-27 11:04:53,43.3601303100586,-8.84759902954102,"Unknown"
"7014851",371865,2025-08-27 11:10:35,43.360179901123,-8.84761047363281,"Unknown"
"7014851",371865,2025-08-27 11:14:44,43.3603782653809,-8.84767818450928,"Unknown"
"7014851",371865,2025-08-27 11:19:46,43.360279083252,-8.84794425964355,"Unknown"
"7014851",371865,2025-08-27 11:24:47,43.360179901123,-8.84750175476074,"Unknown"
"7014851",371865,2025-08-27 11:29:48,43.3601303100586,-8.84783840179443,"Unknown"
"7014851",371865,2025-08-27 11:34:46,43.3602485656738,-8.84758949279785,"Unknown"
"7014851",371865,2025-08-27 11:39:43,43.3547821044922,-8.84612083435059,"Unknown"
"7014851",371865,2025-08-27 11:44:44,43.3604850769043,-8.84872341156006,"Unknown"
"7014851",371865,2025-08-27 11:49:52,43.3600273132324,-8.84763431549072,"Unknown"
"7014851",371865,2025-08-27 11:54:45,43.3603134155273,-8.84812927246094,"Unknown"
"7014851",371865,2025-08-27 11:59:46,43.3603897094727,-8.84828472137451,"Unknown"
"7014851",371865,2025-08-27 12:05:00,43.3614692687988,-8.85026073455811,"Unknown"
"7014851",371865,2025-08-27 12:09:43,43.3609008789062,-8.84859848022461,"Unknown"
"7014851",371865,2025-08-27 12:14:49,43.3568649291992,-8.84788990020752,"Unknown"
"7014851",371865,2025-08-27 12:19:45,43.3491058349609,-8.8576192855835,"Unknown"
"7014851",371865,2025-08-27 12:24:45,43.3453216552734,-8.88126373291016,"Unknown"
"7014851",371865,2025-08-27 12:29:45,43.3325958251953,-8.8996696472168,"Unknown"
"7014851",371865,2025-08-27 12:34:43,43.3193626403809,-8.91083526611328,"Unknown"
"7014851",371865,2025-08-27 12:39:44,43.2988052368164,-8.90798187255859,"Unknown"
"7014851",371865,2025-08-27 12:44:43,43.2907791137695,-8.92802333831787,"Unknown"
"7014851",371865,2025-08-27 12:49:42,43.2922325134277,-8.95414924621582,"Unknown"
"7014851",371865,2025-08-27 12:54:48,43.2880821228027,-8.96143054962158,"Unknown"
"7014851",371865,2025-08-27 12:59:48,43.2880058288574,-8.96125316619873,"Unknown"
"7014851",371865,2025-08-27 13:04:48,43.2880020141602,-8.9613733291626,"Unknown"
"7014851",371865,2025-08-27 13:10:05,43.287540435791,-8.96167373657227,"Unknown"
"7014851",371865,2025-08-27 13:14:40,43.2876014709473,-8.96169567108154,"Unknown"
"7014851",371865,2025-08-27 13:19:43,43.2875633239746,-8.96175956726074,"Unknown"
"7014851",371865,2025-08-27 13:24:42,43.2875823974609,-8.9616584777832,"Unknown"
"7014851",371865,2025-08-27 13:29:41,43.2875785827637,-8.96168518066406,"Unknown"
"7014851",371865,2025-08-27 13:34:43,43.2875137329102,-8.96157741546631,"Unknown"
"7014851",371865,2025-08-27 13:39:48,43.2874183654785,-8.96151161193848,"Unknown"
"7014851",371865,2025-08-27 13:44:56,43.2874717712402,-8.96156215667725,"Unknown"
"7014851",371865,2025-08-27 13:49:52,43.2877998352051,-8.96194076538086,"Unknown"
"7014851",371865,2025-08-27 13:55:05,43.2875480651855,-8.96162509918213,"Unknown"
"7014851",371865,2025-08-27 13:59:41,43.287670135498,-8.96172046661377,"Unknown"
"7014851",371865,2025-08-27 14:04:42,43.2876434326172,-8.96170711517334,"Unknown"
"7014851",371865,2025-08-27 14:09:41,43.2876091003418,-8.96172904968262,"Unknown"
"7014851",371865,2025-08-27 14:14:40,43.2876968383789,-8.96183586120605,"Unknown"
"7014851",371865,2025-08-27 14:19:40,43.287654876709,-8.9617805480957,"Unknown"
"7014851",371865,2025-08-27 14:24:42,43.2874755859375,-8.961501121521,"Unknown"
"7014851",371865,2025-08-27 14:29:43,43.2875633239746,-8.96160221099854,"Unknown"
"7014851",371865,2025-08-27 14:34:43,43.2875938415527,-8.96166229248047,"Unknown"
"7014851",371865,2025-08-27 14:39:47,43.2872772216797,-8.96169948577881,"Unknown"
"7014851",371865,2025-08-27 14:44:43,43.2872734069824,-8.96168994903564,"Unknown"
"7014851",371865,2025-08-27 14:49:53,43.2881889343262,-8.96135234832764,"Unknown"
"7014851",371865,2025-08-27 14:54:49,43.2882270812988,-8.96127796173096,"Unknown"
"7014851",371865,2025-08-27 14:59:52,43.2883262634277,-8.96134471893311,"Unknown"
"7014851",371865,2025-08-27 15:04:55,43.2882499694824,-8.96134948730469,"Unknown"
"7014851",371865,2025-08-27 15:09:49,43.2883110046387,-8.96138191223145,"Unknown"
"7014851",371865,2025-08-27 15:14:49,43.2882957458496,-8.96136665344238,"Unknown"
"7014851",371865,2025-08-27 15:20:04,43.2883186340332,-8.96120262145996,"Unknown"
"7014851",371865,2025-08-27 15:25:12,43.2881698608398,-8.96122741699219,"Unknown"
"7014851",371865,2025-08-27 15:29:54,43.2881050109863,-8.96130466461182,"Unknown"
"7014851",371865,2025-08-27 15:35:05,43.2881546020508,-8.96134471893311,"Unknown"
"7014851",371865,2025-08-27 15:39:43,43.2881278991699,-8.96127700805664,"Unknown"
"7014851",371865,2025-08-27 15:44:42,43.2881278991699,-8.96150970458984,"Unknown"
"7014851",371865,2025-08-27 15:49:46,43.2880516052246,-8.96148014068604,"Unknown"
"7014851",371865,2025-08-27 15:54:46,43.2879676818848,-8.96075916290283,"Unknown"
"7014851",371865,2025-08-27 15:59:48,43.2880020141602,-8.96132755279541,"Unknown"
"7014851",371865,2025-08-27 16:05:05,43.286750793457,-8.96228790283203,"Unknown"
"7014851",371865,2025-08-27 16:09:40,43.2878341674805,-8.9624490737915,"Unknown"
"7014851",371865,2025-08-27 16:14:44,43.290714263916,-8.97170162200928,"Unknown"
"7014851",371865,2025-08-27 16:19:40,43.2905044555664,-8.97124576568604,"Unknown"
"7014851",371865,2025-08-27 16:24:46,43.2878684997559,-8.96168041229248,"Unknown"
"7014851",371865,2025-08-27 16:29:45,43.2878150939941,-8.96177005767822,"Unknown"
"7014851",371865,2025-08-27 16:34:44,43.2876167297363,-8.961594581604,"Unknown"
"7014851",371865,2025-08-27 16:39:40,43.2876472473145,-8.96169662475586,"Unknown"
"7014851",371865,2025-08-27 16:44:41,43.287540435791,-8.96149921417236,"Unknown"
"7014851",371865,2025-08-27 16:49:40,43.2876663208008,-8.96166896820068,"Unknown"
"7014851",371865,2025-08-27 16:54:40,43.2875595092773,-8.96151256561279,"Unknown"
"7014851",371865,2025-08-27 16:59:41,43.2876739501953,-8.96163654327393,"Unknown"
"7014851",371865,2025-08-27 17:04:48,43.2876625061035,-8.96159076690674,"Unknown"
"7014851",371865,2025-08-27 17:09:44,43.2876319885254,-8.96157741546631,"Unknown"
"7014851",371865,2025-08-27 17:14:43,43.2876167297363,-8.96160125732422,"Unknown"
"7014851",371865,2025-08-27 17:19:47,43.2876205444336,-8.96152114868164,"Unknown"
"7014851",371865,2025-08-27 17:24:44,43.2876586914062,-8.96160793304443,"Unknown"
"7014851",371865,2025-08-27 17:29:43,43.287769317627,-8.96176528930664,"Unknown"
"7014851",371865,2025-08-27 17:34:42,43.2877998352051,-8.96182441711426,"Unknown"
"7014851",371865,2025-08-27 17:39:43,43.2877883911133,-8.96189498901367,"Unknown"
"7014851",371865,2025-08-27 17:45:05,43.2875595092773,-8.96160697937012,"Unknown"
"7014851",371865,2025-08-27 17:49:41,43.2875061035156,-8.96158695220947,"Unknown"
"7014851",371865,2025-08-27 17:54:41,43.2873573303223,-8.96191215515137,"Unknown"
"7014851",371865,2025-08-27 17:59:44,43.2873458862305,-8.96176815032959,"Unknown"
"7014851",371865,2025-08-27 18:04:43,43.2873687744141,-8.96178817749023,"Unknown"
"7014851",371865,2025-08-27 18:09:50,43.2873840332031,-8.96178913116455,"Unknown"
"7014851",371865,2025-08-27 18:14:51,43.2872543334961,-8.96171188354492,"Unknown"
"7014851",371865,2025-08-27 18:20:14,43.2872886657715,-8.96228122711182,"Unknown"
"7014851",371865,2025-08-27 18:24:44,43.2873001098633,-8.96232986450195,"Unknown"
"7014851",371865,2025-08-27 18:29:40,43.287239074707,-8.96224784851074,"Unknown"
"7014851",371865,2025-08-27 18:34:40,43.2873420715332,-8.9622917175293,"Unknown"
"7014851",371865,2025-08-27 18:39:42,43.2873649597168,-8.96227550506592,"Unknown"
"7014851",371865,2025-08-27 18:44:40,43.2873954772949,-8.96233463287354,"Unknown"
"7014851",371865,2025-08-27 18:50:14,43.2872772216797,-8.96138000488281,"Unknown"
"7014851",371865,2025-08-27 18:54:41,43.287239074707,-8.96057891845703,"Unknown"
"7014851",371865,2025-08-27 18:59:44,43.2872543334961,-8.96136665344238,"Unknown"
"7014851",371865,2025-08-27 19:04:46,43.2873573303223,-8.96172428131104,"Unknown"
"7014851",371865,2025-08-27 19:09:46,43.2872848510742,-8.96169376373291,"Unknown"
"7014851",371865,2025-08-27 19:14:49,43.2876586914062,-8.96152496337891,"Unknown"
"7014851",371865,2025-08-27 19:19:46,43.287654876709,-8.96156883239746,"Unknown"
"7014851",371865,2025-08-27 19:24:49,43.2865753173828,-8.96232795715332,"Unknown"
"7014851",371865,2025-08-27 19:29:48,43.2880401611328,-8.96143245697021,"Unknown"
"7014851",371865,2025-08-27 19:34:47,43.2880668640137,-8.96142673492432,"Unknown"
"7014851",371865,2025-08-27 19:39:43,43.2937545776367,-8.97301292419434,"Unknown"
"7014851",371865,2025-08-27 19:44:42,43.2957649230957,-9.00115394592285,"Unknown"
"7014851",371865,2025-08-27 19:50:57,43.2891502380371,-9.02691173553467,"Unknown"
"7014851",371865,2025-08-27 19:54:42,43.2933235168457,-9.03300857543945,"Unknown"
"7014851",371865,2025-08-27 20:01:04,43.2917671203613,-8.99662113189697,"Unknown"
"7014851",371865,2025-08-27 20:05:05,43.2870216369629,-8.99137687683105,"Unknown"
"7014851",371865,2025-08-27 20:09:43,43.2872161865234,-8.99286937713623,"Unknown"
"7014851",371865,2025-08-27 20:14:42,43.2873954772949,-8.99354457855225,"Unknown"
"7014851",371865,2025-08-27 20:19:43,43.2833824157715,-8.99698257446289,"Unknown"
"7014851",371865,2025-08-27 20:24:42,43.2828979492188,-8.99738311767578,"Unknown"
"7014851",371865,2025-08-27 20:29:42,43.282283782959,-8.9974946975708,"Unknown"
"7014851",371865,2025-08-27 20:34:49,43.2834968566895,-9.00189304351807,"Unknown"
"7014851",371865,2025-08-27 20:39:43,43.2835083007812,-9.00209617614746,"Unknown"
"7014851",371865,2025-08-27 20:44:46,43.2833404541016,-9.00191974639893,"Unknown"
"7014851",371865,2025-08-27 20:49:51,43.2831039428711,-9.00186538696289,"Unknown"
"7014851",371865,2025-08-27 20:54:55,43.283374786377,-9.00187301635742,"Unknown"
"7014851",371865,2025-08-27 21:00:05,43.2837905883789,-9.00160217285156,"Unknown"
"7014851",371865,2025-08-27 21:04:47,43.2842063903809,-9.0013370513916,"Unknown"
"7014851",371865,2025-08-27 21:09:51,43.2845611572266,-9.00097274780273,"Unknown"
"7014851",371865,2025-08-27 21:14:54,43.2847442626953,-9.00118446350098,"Unknown"
"7014851",371865,2025-08-27 21:19:54,43.2848701477051,-9.00107955932617,"Unknown"
"7014851",371865,2025-08-27 21:24:49,43.297779083252,-8.98486328125,"Unknown"
"7014851",371865,2025-08-27 21:29:52,43.2980270385742,-8.98335075378418,"Unknown"
"7014851",371865,2025-08-27 21:34:53,43.2981872558594,-8.98273849487305,"Unknown"
"7014851",371865,2025-08-27 21:39:48,43.2982940673828,-8.98282718658447,"Unknown"
"7014851",371865,2025-08-27 21:44:55,43.2983436584473,-8.98282527923584,"Unknown"
"7014851",371865,2025-08-27 21:49:53,43.2982597351074,-8.98283100128174,"Unknown"
"7014851",371865,2025-08-27 21:54:53,43.2982864379883,-8.9828577041626,"Unknown"
"7014851",371865,2025-08-27 21:59:52,43.2987747192383,-8.98314380645752,"Unknown"
"7014851",371865,2025-08-27 22:05:08,43.2988471984863,-8.98324012756348,"Unknown"
"7014851",371865,2025-08-27 22:09:41,43.2988128662109,-8.98345184326172,"Unknown"
"7014851",371865,2025-08-27 22:14:48,43.2990531921387,-8.98370170593262,"Unknown"
"7014851",371865,2025-08-27 22:20:04,43.2990493774414,-8.98407363891602,"Unknown"
"7014851",371865,2025-08-27 22:24:39,43.2990379333496,-8.98413848876953,"Unknown"
"7014851",371865,2025-08-27 22:29:39,43.2989692687988,-8.98430252075195,"Unknown"
"7014851",371865,2025-08-27 22:34:39,43.2971801757812,-8.98415851593018,"Unknown"
"7014851",371865,2025-08-27 22:39:40,43.2896690368652,-8.99142074584961,"Unknown"
"7014851",371865,2025-08-27 22:44:40,43.2899742126465,-8.99155235290527,"Unknown"
"7014851",371865,2025-08-27 22:49:41,43.2901954650879,-8.9922981262207,"Unknown"
"7014851",371865,2025-08-27 22:54:41,43.2900619506836,-8.99269771575928,"Unknown"
"7014851",371865,2025-08-27 22:59:41,43.2919502258301,-8.99536323547363,"Unknown"
"7014851",371865,2025-08-27 23:04:42,43.2916831970215,-8.99545669555664,"Unknown"
"7014851",371865,2025-08-27 23:09:43,43.2912712097168,-8.99564647674561,"Unknown"
"7014851",371865,2025-08-27 23:14:41,43.2910766601562,-8.99577617645264,"Unknown"
"7014851",371865,2025-08-27 23:19:44,43.2828025817871,-8.99809265136719,"Unknown"
"7014851",371865,2025-08-27 23:24:47,43.2783203125,-9.00014495849609,"Unknown"
"7014851",371865,2025-08-27 23:29:42,43.2793464660645,-9.00018978118896,"Unknown"
"7014851",371865,2025-08-27 23:34:46,43.2790374755859,-8.9995584487915,"Unknown"
"7014851",371865,2025-08-27 23:39:42,43.2787322998047,-8.99983596801758,"Unknown"
"7014851",371865,2025-08-27 23:44:47,43.282398223877,-8.99777030944824,"Unknown"
"7014851",371865,2025-08-27 23:50:11,43.2822952270508,-8.99744987487793,"Unknown"
"7014851",371865,2025-08-27 23:54:45,43.2818031311035,-8.99770832061768,"Unknown"
"7014851",371865,2025-08-27 23:59:42,43.2816696166992,-8.99684238433838,"Unknown"
"7014851",371865,2025-08-28 00:04:48,43.2821578979492,-8.99733352661133,"Unknown"
"7014851",371865,2025-08-28 00:09:44,43.2823829650879,-8.99774551391602,"Unknown"
"7014851",371865,2025-08-28 00:14:48,43.2820663452148,-8.99798011779785,"Unknown"
"7014851",371865,2025-08-28 00:19:48,43.2819328308105,-8.99764442443848,"Unknown"
"7014851",371865,2025-08-28 00:24:50,43.2821159362793,-8.99840450286865,"Unknown"
"7014851",371865,2025-08-28 00:29:48,43.2817878723145,-8.99772834777832,"Unknown"
"7014851",371865,2025-08-28 00:34:50,43.2818260192871,-8.99767589569092,"Unknown"
"7014851",371865,2025-08-28 00:39:48,43.2817268371582,-8.99782848358154,"Unknown"
"7014851",371865,2025-08-28 00:45:35,43.281982421875,-8.99850940704346,"Unknown"
"7014851",371865,2025-08-28 00:49:40,43.2819480895996,-8.99848175048828,"Unknown"
"7014851",371865,2025-08-28 00:54:43,43.2820205688477,-8.99828147888184,"Unknown"
"7014851",371865,2025-08-28 00:59:42,43.2819519042969,-8.99842834472656,"Unknown"
"7014851",371865,2025-08-28 01:04:46,43.2818183898926,-8.99863529205322,"Unknown"
"7014851",371865,2025-08-28 01:09:40,43.281852722168,-8.99904823303223,"Unknown"
"7014851",371865,2025-08-28 01:14:42,43.2821311950684,-8.99938201904297,"Unknown"
"7014851",371865,2025-08-28 01:19:42,43.281795501709,-8.99922370910645,"Unknown"
"7014851",371865,2025-08-28 01:24:43,43.2817802429199,-8.99989795684814,"Unknown"
"7014851",371865,2025-08-28 01:29:40,43.2816390991211,-9.00091171264648,"Unknown"
"7014851",371865,2025-08-28 01:34:43,43.2812461853027,-9.0010290145874,"Unknown"
"7014851",371865,2025-08-28 01:39:43,43.2813034057617,-9.00153636932373,"Unknown"
"7014851",371865,2025-08-28 01:44:41,43.2814025878906,-9.0014762878418,"Unknown"
"7014851",371865,2025-08-28 01:49:42,43.2814140319824,-9.00172138214111,"Unknown"
"7014851",371865,2025-08-28 01:54:42,43.2815093994141,-9.00120544433594,"Unknown"
"7014851",371865,2025-08-28 01:59:45,43.2815093994141,-9.00124835968018,"Unknown"
"7014851",371865,2025-08-28 02:04:52,43.2818450927734,-9.00101947784424,"Unknown"
"7014851",371865,2025-08-28 02:09:48,43.281665802002,-9.000412940979,"Unknown"
"7014851",371865,2025-08-28 02:14:49,43.281436920166,-8.9995584487915,"Unknown"
"7014851",371865,2025-08-28 02:20:14,43.2810134887695,-8.99879360198975,"Unknown"
"7014851",371865,2025-08-28 02:24:47,43.2813720703125,-8.99819755554199,"Unknown"
"7014851",371865,2025-08-28 02:29:47,43.2815055847168,-8.9981746673584,"Unknown"
"7014851",371865,2025-08-28 02:34:43,43.2814674377441,-8.99823474884033,"Unknown"
"7014851",371865,2025-08-28 02:39:46,43.2816390991211,-8.99823474884033,"Unknown"
"7014851",371865,2025-08-28 02:44:46,43.2814140319824,-8.99814701080322,"Unknown"
"7014851",371865,2025-08-28 02:50:05,43.2813987731934,-8.99877643585205,"Unknown"
"7014851",371865,2025-08-28 02:54:39,43.2813186645508,-8.99908447265625,"Unknown"
"7014851",371865,2025-08-28 02:59:39,43.2812271118164,-8.99928665161133,"Unknown"
"7014851",371865,2025-08-28 03:04:39,43.2810859680176,-8.99979686737061,"Unknown"
"7014851",371865,2025-08-28 03:09:39,43.2810974121094,-9.00033283233643,"Unknown"
"7014851",371865,2025-08-28 03:14:41,43.2810478210449,-9.00061321258545,"Unknown"
"7014851",371865,2025-08-28 03:19:40,43.2811317443848,-9.0012035369873,"Unknown"
"7014851",371865,2025-08-28 03:24:39,43.2809982299805,-9.00173759460449,"Unknown"
"7014851",371865,2025-08-28 03:29:40,43.2809600830078,-9.00221729278564,"Unknown"
"7014851",371865,2025-08-28 03:34:41,43.2804794311523,-9.00277519226074,"Unknown"
"7014851",371865,2025-08-28 03:39:39,43.2798728942871,-9.00291728973389,"Unknown"
"7014851",371865,2025-08-28 03:44:41,43.2799110412598,-9.00289154052734,"Unknown"
"7014851",371865,2025-08-28 03:50:05,43.2801628112793,-9.00362014770508,"Unknown"
"7014851",371865,2025-08-28 03:54:39,43.2803993225098,-9.0042839050293,"Unknown"
"7014851",371865,2025-08-28 03:59:39,43.2807922363281,-9.00470161437988,"Unknown"
"7014851",371865,2025-08-28 04:04:39,43.2812461853027,-9.00528621673584,"Unknown"
"7014851",371865,2025-08-28 04:09:39,43.2816581726074,-9.00590038299561,"Unknown"
"7014851",371865,2025-08-28 04:14:39,43.2821655273438,-9.00646591186523,"Unknown"
"7014851",371865,2025-08-28 04:19:42,43.282470703125,-9.00698852539062,"Unknown"
"7014851",371865,2025-08-28 04:24:43,43.282829284668,-9.00785827636719,"Unknown"
"7014851",371865,2025-08-28 04:29:42,43.2829475402832,-9.00845241546631,"Unknown"
"7014851",371865,2025-08-28 04:34:41,43.2831687927246,-9.00916385650635,"Unknown"
"7014851",371865,2025-08-28 04:39:43,43.2831878662109,-9.00955963134766,"Unknown"
"7014851",371865,2025-08-28 04:44:42,43.2832679748535,-9.01013851165771,"Unknown"
"7014851",371865,2025-08-28 04:49:45,43.2834167480469,-9.01022338867188,"Unknown"
"7014851",371865,2025-08-28 04:54:41,43.2835083007812,-9.01030731201172,"Unknown"
"7014851",371865,2025-08-28 04:59:40,43.2836265563965,-9.01033496856689,"Unknown"
"7014851",371865,2025-08-28 05:04:43,43.2838287353516,-9.01052474975586,"Unknown"
"7014851",371865,2025-08-28 05:09:43,43.2840690612793,-9.0105562210083,"Unknown"
"7014851",371865,2025-08-28 05:14:43,43.2843170166016,-9.01035308837891,"Unknown"
"7014851",371865,2025-08-28 05:19:48,43.2845840454102,-9.01015281677246,"Unknown"
"7014851",371865,2025-08-28 05:24:46,43.2848358154297,-9.00968647003174,"Unknown"
"7014851",371865,2025-08-28 05:30:05,43.285026550293,-9.00950622558594,"Unknown"
"7014851",371865,2025-08-28 05:34:39,43.2859001159668,-8.99937629699707,"Unknown"
"7014851",371865,2025-08-28 05:39:40,43.3017120361328,-8.95214557647705,"Unknown"
"7014851",371865,2025-08-28 05:44:40,43.3112182617188,-8.92577838897705,"Unknown"
"7014851",371865,2025-08-28 05:49:43,43.3106346130371,-8.92561626434326,"Unknown"
"7014851",371865,2025-08-28 05:54:40,43.3028297424316,-8.92099857330322,"Unknown"
"7014851",371865,2025-08-28 05:59:39,43.2954063415527,-8.94325256347656,"Unknown"
"7014851",371865,2025-08-28 06:04:42,43.2890586853027,-8.96148777008057,"Unknown"
"7014851",371865,2025-08-28 06:09:42,43.2891273498535,-8.96144104003906,"Unknown"
"7014851",371865,2025-08-28 06:14:40,43.2891845703125,-8.96151447296143,"Unknown"
"7014851",371865,2025-08-28 06:19:43,43.289176940918,-8.96146774291992,"Unknown"
"7014851",371865,2025-08-28 06:24:41,43.2890777587891,-8.96140098571777,"Unknown"
"7014851",371865,2025-08-28 06:29:40,43.2904052734375,-8.96074962615967,"Unknown"
"7014851",371865,2025-08-28 06:35:14,43.2901954650879,-8.94508457183838,"Unknown"
"7014851",371865,2025-08-28 06:40:10,43.2901611328125,-8.94510459899902,"Unknown"
"7014851",371865,2025-08-28 06:45:05,43.2893180847168,-8.9398832321167,"Unknown"
"7014851",371865,2025-08-28 06:49:45,43.2892570495605,-8.93990516662598,"Unknown"
"7014851",371865,2025-08-28 06:54:40,43.2892761230469,-8.94003677368164,"Unknown"
"7014851",371865,2025-08-28 06:59:41,43.2890701293945,-8.93973541259766,"Unknown"
"7014851",371865,2025-08-28 07:04:40,43.2882919311523,-8.96253967285156,"Unknown"
"7014851",371865,2025-08-28 07:09:40,43.2861785888672,-8.97238349914551,"Unknown"
"7014851",371865,2025-08-28 07:14:39,43.2861976623535,-8.97234153747559,"Unknown"
"7014851",371865,2025-08-28 07:19:39,43.2864036560059,-8.97244358062744,"Unknown"
"7014851",371865,2025-08-28 07:24:40,43.2869415283203,-8.9727783203125,"Unknown"
"7014851",371865,2025-08-28 07:30:05,43.286506652832,-8.97242164611816,"Unknown"
"7014851",371865,2025-08-28 07:34:41,43.2865295410156,-8.97264194488525,"Unknown"
"7014851",371865,2025-08-28 07:39:42,43.2865753173828,-8.97264957427979,"Unknown"
"7014851",371865,2025-08-28 07:44:41,43.2864189147949,-8.97253704071045,"Unknown"
"7014851",371865,2025-08-28 07:53:56,43.2866554260254,-8.97259998321533,"Unknown"
"7014851",371865,2025-08-28 07:58:55,43.2853393554688,-8.97412490844727,"Unknown"
"7014851",371865,2025-08-28 08:04:14,43.2851867675781,-8.97393608093262,"Unknown"
"7014851",371865,2025-08-28 08:08:56,43.2853698730469,-8.97375774383545,"Unknown"
"7014851",371865,2025-08-28 08:13:56,43.2851486206055,-8.97385787963867,"Unknown"
"7014851",371865,2025-08-28 08:18:56,43.284854888916,-8.9738712310791,"Unknown"
"7014851",371865,2025-08-28 08:23:59,43.2851867675781,-8.97393035888672,"Unknown"
"7014851",371865,2025-08-28 08:28:58,43.285213470459,-8.97391986846924,"Unknown"
"7014851",371865,2025-08-28 08:33:57,43.285228729248,-8.97391891479492,"Unknown"
"7014851",371865,2025-08-28 08:39:14,43.2852325439453,-8.97388648986816,"Unknown"
"7014851",371865,2025-08-28 08:43:56,43.2851715087891,-8.97383689880371,"Unknown"
"7014851",371865,2025-08-28 08:48:55,43.2854347229004,-8.97387886047363,"Unknown"
"7014851",371865,2025-08-28 08:53:56,43.2854461669922,-8.97400760650635,"Unknown"
"7014851",371865,2025-08-28 08:58:56,43.2853660583496,-8.97387886047363,"Unknown"
"7014851",371865,2025-08-28 09:03:56,43.2853050231934,-8.97391510009766,"Unknown"
"7014851",371865,2025-08-28 09:09:13,43.285213470459,-8.97377681732178,"Unknown"
"7014851",371865,2025-08-28 09:13:55,43.2851524353027,-8.97390079498291,"Unknown"
"7014851",371865,2025-08-28 09:18:54,43.2850914001465,-8.97541332244873,"Unknown"
"7014851",371865,2025-08-28 09:23:57,43.2865867614746,-8.97227382659912,"Unknown"
"7014851",371865,2025-08-28 09:28:54,43.2864036560059,-8.97223377227783,"Unknown"
"7014851",371865,2025-08-28 09:34:08,43.2864265441895,-8.97231388092041,"Unknown"
"7014851",371865,2025-08-28 09:38:58,43.2859039306641,-8.9723482131958,"Unknown"
"7014851",371865,2025-08-28 09:44:10,43.2864875793457,-8.97243785858154,"Unknown"
"7014851",371865,2025-08-28 09:49:01,43.2864875793457,-8.97195720672607,"Unknown"
"7014851",371865,2025-08-28 09:54:07,43.2864875793457,-8.97241878509521,"Unknown"
"7014851",371865,2025-08-28 09:58:53,43.288875579834,-8.96113204956055,"Unknown"
"7014851",371865,2025-08-28 10:04:29,43.2856369018555,-8.97365093231201,"Unknown"
"7014851",371865,2025-08-28 10:08:59,43.2854537963867,-8.97423839569092,"Unknown"
"7014851",371865,2025-08-28 10:14:02,43.2854042053223,-8.97412490844727,"Unknown"
"7014851",371865,2025-08-28 10:19:07,43.2856025695801,-8.97416496276855,"Unknown"
"7014851",371865,2025-08-28 10:23:56,43.2856063842773,-8.97410297393799,"Unknown"
"7014851",371865,2025-08-28 10:28:56,43.2857131958008,-8.97410297393799,"Unknown"
"7014851",371865,2025-08-28 10:34:29,43.2853355407715,-8.97394943237305,"Unknown"
"7014851",371865,2025-08-28 10:38:53,43.2853469848633,-8.9739933013916,"Unknown"
"7014851",371865,2025-08-28 10:43:53,43.2853469848633,-8.97403717041016,"Unknown"
"7014851",371865,2025-08-28 10:48:54,43.2853050231934,-8.97410869598389,"Unknown"
"7014851",371865,2025-08-28 10:53:53,43.285285949707,-8.97394466400146,"Unknown"
"7014851",371865,2025-08-28 10:58:53,43.2853240966797,-8.97399711608887,"Unknown"
"7014851",371865,2025-08-28 11:03:54,43.2853546142578,-8.97404384613037,"Unknown"
"7014851",371865,2025-08-28 11:08:54,43.2851753234863,-8.97387504577637,"Unknown"
"7014851",371865,2025-08-28 11:13:58,43.2851943969727,-8.9737663269043,"Unknown"
"7014851",371865,2025-08-28 11:18:59,43.2849464416504,-8.97353458404541,"Unknown"
"7014851",371865,2025-08-28 11:24:00,43.2858734130859,-8.96327304840088,"Unknown"
"7014851",371865,2025-08-28 11:29:00,43.2867393493652,-8.96477508544922,"Unknown"
"7014851",371865,2025-08-28 11:34:14,43.2870254516602,-8.9653491973877,"Unknown"
"7014851",371865,2025-08-28 11:38:57,43.2871437072754,-8.9654016494751,"Unknown"
"7014851",371865,2025-08-28 11:43:56,43.2869911193848,-8.96533679962158,"Unknown"
"7014851",371865,2025-08-28 11:48:54,43.287483215332,-8.96327590942383,"Unknown"
"7014851",371865,2025-08-28 11:53:54,43.2876853942871,-8.96208953857422,"Unknown"
"7014851",371865,2025-08-28 11:58:53,43.2876281738281,-8.96203422546387,"Unknown"
"7014851",371865,2025-08-28 12:03:56,43.2876968383789,-8.96201229095459,"Unknown"
"7014851",371865,2025-08-28 12:09:01,43.2875518798828,-8.96195125579834,"Unknown"
"7014851",371865,2025-08-28 12:14:06,43.28759765625,-8.96210098266602,"Unknown"
"7014851",371865,2025-08-28 12:19:03,43.2876319885254,-8.96210289001465,"Unknown"
"7014851",371865,2025-08-28 12:23:59,43.287727355957,-8.96222114562988,"Unknown"
"7014851",371865,2025-08-28 12:29:00,43.2877578735352,-8.96213340759277,"Unknown"
"7014851",371865,2025-08-28 12:34:14,43.2876777648926,-8.96201610565186,"Unknown"
"7014851",371865,2025-08-28 12:38:52,43.287654876709,-8.96198749542236,"Unknown"
"7014851",371865,2025-08-28 12:43:52,43.2876472473145,-8.96211433410645,"Unknown"
"7014851",371865,2025-08-28 12:48:52,43.2876281738281,-8.96204090118408,"Unknown"
"7014851",371865,2025-08-28 12:53:52,43.2876815795898,-8.96212673187256,"Unknown"
"7014851",371865,2025-08-28 12:58:53,43.2880020141602,-8.96248722076416,"Unknown"
"7014851",371865,2025-08-28 13:03:52,43.287654876709,-8.96201419830322,"Unknown"
"7014851",371865,2025-08-28 13:08:53,43.287525177002,-8.96188926696777,"Unknown"
"7014851",371865,2025-08-28 13:13:53,43.2876129150391,-8.96189498901367,"Unknown"
"7014851",371865,2025-08-28 13:18:56,43.2873497009277,-8.96165180206299,"Unknown"
"7014851",371865,2025-08-28 13:23:54,43.28759765625,-8.96191787719727,"Unknown"
"7014851",371865,2025-08-28 13:28:57,43.287540435791,-8.96194648742676,"Unknown"
"7014851",371865,2025-08-28 13:34:14,43.2876663208008,-8.96200942993164,"Unknown"
"7014851",371865,2025-08-28 13:38:58,43.2876167297363,-8.96196365356445,"Unknown"
"7014851",371865,2025-08-28 13:43:56,43.2877082824707,-8.96203422546387,"Unknown"
"7014851",371865,2025-08-28 13:48:55,43.2875518798828,-8.96224975585938,"Unknown"
"7014851",371865,2025-08-28 13:53:58,43.2878608703613,-8.96210479736328,"Unknown"
"7014851",371865,2025-08-28 13:59:00,43.2878494262695,-8.96201324462891,"Unknown"
"7014851",371865,2025-08-28 14:03:55,43.2876205444336,-8.96197891235352,"Unknown"
"7014851",371865,2025-08-28 14:09:06,43.2877502441406,-8.96186828613281,"Unknown"
"7014851",371865,2025-08-28 14:13:57,43.2875823974609,-8.96185398101807,"Unknown"
"7014851",371865,2025-08-28 14:19:04,43.2878303527832,-8.9619255065918,"Unknown"
"7014851",371865,2025-08-28 14:23:57,43.2877998352051,-8.96204662322998,"Unknown"
"7014851",371865,2025-08-28 14:29:00,43.2879409790039,-8.96198654174805,"Unknown"
"7014851",371865,2025-08-28 14:34:14,43.2869453430176,-8.96229076385498,"Unknown"
"7014851",371865,2025-08-28 14:39:14,43.2870254516602,-8.96520042419434,"Unknown"
"7014851",371865,2025-08-28 14:43:55,43.2881660461426,-8.96381282806396,"Unknown"
"7014851",371865,2025-08-28 14:48:55,43.2871551513672,-8.96509552001953,"Unknown"
"7014851",371865,2025-08-28 14:53:55,43.2871284484863,-8.96513557434082,"Unknown"
"7014851",371865,2025-08-28 14:59:27,43.2871017456055,-8.96517562866211,"Unknown"
"7014851",371865,2025-08-28 15:03:52,43.2870941162109,-8.96517181396484,"Unknown"
"7014851",371865,2025-08-28 15:08:52,43.2870941162109,-8.96522903442383,"Unknown"
"7014851",371865,2025-08-28 15:13:53,43.2870407104492,-8.96558094024658,"Unknown"
"7014851",371865,2025-08-28 15:18:52,43.286994934082,-8.96550941467285,"Unknown"
"7014851",371865,2025-08-28 15:23:53,43.2869873046875,-8.96522235870361,"Unknown"
"7014851",371865,2025-08-28 15:28:55,43.2870063781738,-8.96558570861816,"Unknown"
"7014851",371865,2025-08-28 15:33:55,43.2869453430176,-8.96542263031006,"Unknown"
"7014851",371865,2025-08-28 15:38:55,43.2867584228516,-8.96529579162598,"Unknown"
"7014851",371865,2025-08-28 15:43:55,43.2868728637695,-8.96541404724121,"Unknown"
"7014851",371865,2025-08-28 15:49:14,43.2870330810547,-8.96516513824463,"Unknown"
"7014851",371865,2025-08-28 15:53:52,43.2924499511719,-8.97082805633545,"Unknown"
"7014851",371865,2025-08-28 15:58:59,43.2993049621582,-8.96726226806641,"Unknown"
"7014851",371865,2025-08-28 16:04:14,43.2997360229492,-8.96612358093262,"Unknown"
"7014851",371865,2025-08-28 16:08:52,43.2997245788574,-8.96521949768066,"Unknown"
"7014851",371865,2025-08-28 16:13:52,43.3034820556641,-8.96292400360107,"Unknown"
"7014851",371865,2025-08-28 16:18:52,43.3001174926758,-8.9614896774292,"Unknown"
"7014851",371865,2025-08-28 16:23:53,43.3002510070801,-8.95988750457764,"Unknown"
"7014851",371865,2025-08-28 16:28:57,43.3003273010254,-8.95784187316895,"Unknown"
"7014851",371865,2025-08-28 16:33:57,43.3002471923828,-8.95730686187744,"Unknown"
"7014851",371865,2025-08-28 16:38:52,43.3005638122559,-8.96016120910645,"Unknown"
"7014851",371865,2025-08-28 16:43:58,43.2874717712402,-8.96168041229248,"Unknown"
"7014851",371865,2025-08-28 16:49:35,43.2876014709473,-8.96139049530029,"Unknown"
"7014851",371865,2025-08-28 16:53:52,43.2876968383789,-8.96177291870117,"Unknown"
"7014851",371865,2025-08-28 16:58:56,43.2875862121582,-8.96162891387939,"Unknown"
"7014851",371865,2025-08-28 17:04:15,43.28759765625,-8.96168899536133,"Unknown"
"7014851",371865,2025-08-28 17:08:54,43.2876586914062,-8.96194171905518,"Unknown"
"7014851",371865,2025-08-28 17:13:52,43.2876510620117,-8.96175098419189,"Unknown"
"7014851",371865,2025-08-28 17:18:54,43.2875747680664,-8.96167087554932,"Unknown"
"7014851",371865,2025-08-28 17:24:14,43.2876434326172,-8.96180820465088,"Unknown"
"7014851",371865,2025-08-28 17:29:05,43.2875823974609,-8.9617395401001,"Unknown"
"7014851",371865,2025-08-28 17:34:16,43.2875862121582,-8.96177768707275,"Unknown"
"7014851",371865,2025-08-28 17:39:29,43.2876892089844,-8.96183109283447,"Unknown"
"7014851",371865,2025-08-28 17:43:58,43.2870826721191,-8.96579456329346,"Unknown"
"7014851",371865,2025-08-28 17:49:29,43.2870216369629,-8.96553897857666,"Unknown"
"7014851",371865,2025-08-28 17:53:54,43.2869682312012,-8.96561813354492,"Unknown"
"7014851",371865,2025-08-28 17:58:53,43.286979675293,-8.96542644500732,"Unknown"
"7014851",371865,2025-08-28 18:04:12,43.2869567871094,-8.96541404724121,"Unknown"
"7014851",371865,2025-08-28 18:08:55,43.2875785827637,-8.96163558959961,"Unknown"
"7014851",371865,2025-08-28 18:13:53,43.2875099182129,-8.96151924133301,"Unknown"
"7014851",371865,2025-08-28 18:18:54,43.2875328063965,-8.96132278442383,"Unknown"
"7014851",371865,2025-08-28 18:24:00,43.2874946594238,-8.96154403686523,"Unknown"
"7014851",371865,2025-08-28 18:28:57,43.2875137329102,-8.96161270141602,"Unknown"
"7014851",371865,2025-08-28 18:34:00,43.2876052856445,-8.96189498901367,"Unknown"
"7014851",371865,2025-08-28 18:39:03,43.287525177002,-8.96163749694824,"Unknown"
"7014851",371865,2025-08-28 18:44:01,43.2875518798828,-8.96170806884766,"Unknown"
"7014851",371865,2025-08-28 18:49:40,43.2877082824707,-8.96161937713623,"Unknown"
"7014851",371865,2025-08-28 18:54:06,43.2876129150391,-8.9615650177002,"Unknown"
"7014851",371865,2025-08-28 18:59:09,43.2875671386719,-8.96164512634277,"Unknown"
"7014851",371865,2025-08-28 19:03:55,43.2874908447266,-8.96161079406738,"Unknown"
"7014851",371865,2025-08-28 19:08:55,43.2874526977539,-8.96156597137451,"Unknown"
"7014851",371865,2025-08-28 19:14:00,43.2875061035156,-8.96164894104004,"Unknown"
"7014851",371865,2025-08-28 19:19:05,43.2874946594238,-8.9616003036499,"Unknown"
"7014851",371865,2025-08-28 19:24:01,43.2874565124512,-8.96152019500732,"Unknown"
"7014851",371865,2025-08-28 19:28:58,43.2874870300293,-8.96165943145752,"Unknown"
"7014851",371865,2025-08-28 19:33:52,43.2929611206055,-8.96709632873535,"Unknown"
"7014851",371865,2025-08-28 19:38:55,43.299373626709,-8.97536659240723,"Unknown"
"7014851",371865,2025-08-28 19:44:00,43.3000526428223,-8.97525787353516,"Unknown"
"7014851",371865,2025-08-28 19:48:56,43.299201965332,-8.97942352294922,"Unknown"
"7014851",371865,2025-08-28 19:53:56,43.2959213256836,-8.98654747009277,"Unknown"
"7014851",371865,2025-08-28 19:59:03,43.2926368713379,-8.99288272857666,"Unknown"
"7014851",371865,2025-08-28 20:04:06,43.2931098937988,-8.99217414855957,"Unknown"
"7014851",371865,2025-08-28 20:09:06,43.2935180664062,-8.99154186248779,"Unknown"
"7014851",371865,2025-08-28 20:14:03,43.2947273254395,-8.98671817779541,"Unknown"
"7014851",371865,2025-08-28 20:19:09,43.2949905395508,-8.98617172241211,"Unknown"
"7014851",371865,2025-08-28 20:24:29,43.2951164245605,-8.98513126373291,"Unknown"
"7014851",371865,2025-08-28 20:29:06,43.2953910827637,-8.98456954956055,"Unknown"
"7014851",371865,2025-08-28 20:34:00,43.2959022521973,-8.98305511474609,"Unknown"
"7014851",371865,2025-08-28 20:38:59,43.2959632873535,-8.98291301727295,"Unknown"
"7014851",371865,2025-08-28 20:44:00,43.2974815368652,-8.97713565826416,"Unknown"
"7014851",371865,2025-08-28 20:49:13,43.2976188659668,-8.97711849212646,"Unknown"
"7014851",371865,2025-08-28 20:53:57,43.2978820800781,-8.97666263580322,"Unknown"
"7014851",371865,2025-08-28 20:58:58,43.2982940673828,-8.97631359100342,"Unknown"
"7014851",371865,2025-08-28 21:03:57,43.298583984375,-8.97636222839355,"Unknown"
"7014851",371865,2025-08-28 21:08:57,43.2987518310547,-8.97616004943848,"Unknown"
"7014851",371865,2025-08-28 21:13:58,43.2987594604492,-8.97623634338379,"Unknown"
"7014851",371865,2025-08-28 21:18:58,43.2982597351074,-8.97621726989746,"Unknown"
"7014851",371865,2025-08-28 21:23:58,43.2969055175781,-8.97517585754395,"Unknown"
"7014851",371865,2025-08-28 21:28:58,43.2967224121094,-8.97483825683594,"Unknown"
"7014851",371865,2025-08-28 21:33:53,43.2889862060547,-8.98096084594727,"Unknown"
"7014851",371865,2025-08-28 21:38:59,43.2967567443848,-8.9747314453125,"Unknown"
"7014851",371865,2025-08-28 21:43:59,43.2968482971191,-8.97442626953125,"Unknown"
"7014851",371865,2025-08-28 21:49:14,43.2977294921875,-8.97476577758789,"Unknown"
"7014851",371865,2025-08-28 21:53:58,43.2979545593262,-8.97452640533447,"Unknown"
"7014851",371865,2025-08-28 21:58:57,43.2980613708496,-8.97429275512695,"Unknown"
"7014851",371865,2025-08-28 22:03:58,43.2981796264648,-8.97412872314453,"Unknown"
"7014851",371865,2025-08-28 22:09:04,43.2976379394531,-8.97291469573975,"Unknown"
"7014851",371865,2025-08-28 22:13:58,43.2976837158203,-8.9728946685791,"Unknown"
"7014851",371865,2025-08-28 22:19:06,43.2974395751953,-8.97277450561523,"Unknown"
"7014851",371865,2025-08-28 22:24:06,43.297290802002,-8.97265815734863,"Unknown"
"7014851",371865,2025-08-28 22:29:29,43.2971038818359,-8.97261619567871,"Unknown"
"7014851",371865,2025-08-28 22:34:01,43.297061920166,-8.9725399017334,"Unknown"
"7014851",371865,2025-08-28 22:39:01,43.2968902587891,-8.9724760055542,"Unknown"
"7014851",371865,2025-08-28 22:43:59,43.2968978881836,-8.97293472290039,"Unknown"
"7014851",371865,2025-08-28 22:49:06,43.2974433898926,-8.97323417663574,"Unknown"
"7014851",371865,2025-08-28 22:54:05,43.2974891662598,-8.97313499450684,"Unknown"
"7014851",371865,2025-08-28 22:59:14,43.3092384338379,-8.93661499023438,"Unknown"
"7014851",371865,2025-08-28 23:04:07,43.3432922363281,-8.87234973907471,"Unknown"
"7014851",371865,2025-08-28 23:09:07,43.3538360595703,-8.83315658569336,"Unknown"
"7014851",371865,2025-08-28 23:14:07,43.3538780212402,-8.83322811126709,"Unknown"
"7014851",371865,2025-08-28 23:19:07,43.3538627624512,-8.83316993713379,"Unknown"
"7014851",371865,2025-08-28 23:24:07,43.3538475036621,-8.8331880569458,"Unknown"
"7014851",371865,2025-08-28 23:29:07,43.3538360595703,-8.83310508728027,"Unknown"
"7014851",371865,2025-08-28 23:34:07,43.3538627624512,-8.83316898345947,"Unknown"
"7014851",371865,2025-08-28 23:39:07,43.3538703918457,-8.83312320709229,"Unknown"
"7014851",371865,2025-08-28 23:44:08,43.3539161682129,-8.83311367034912,"Unknown"
"7014851",371865,2025-08-28 23:49:12,43.3538284301758,-8.83316230773926,"Unknown"
"7014851",371865,2025-08-28 23:54:10,43.3538055419922,-8.8331413269043,"Unknown"
"7014851",371865,2025-08-28 23:58:58,43.353702545166,-8.83314990997314,"Unknown"
"7014851",371865,2025-08-29 00:04:25,43.353702545166,-8.83326530456543,"Unknown"
"7014851",371865,2025-08-29 00:09:01,43.3533363342285,-8.83300971984863,"Unknown"
"7014851",371865,2025-08-29 00:14:08,43.3536987304688,-8.8332347869873,"Unknown"
"7014851",371865,2025-08-29 00:18:58,43.3535079956055,-8.83334064483643,"Unknown"
"7014851",371865,2025-08-29 00:23:56,43.353401184082,-8.83291530609131,"Unknown"
"7014851",371865,2025-08-29 00:28:57,43.3536491394043,-8.83340358734131,"Unknown"
"7014851",371865,2025-08-29 00:33:58,43.353687286377,-8.83312702178955,"Unknown"
"7014851",371865,2025-08-29 00:38:59,43.3535614013672,-8.83317947387695,"Unknown"
"7014851",371865,2025-08-29 00:44:09,43.353588104248,-8.83372783660889,"Unknown"
"7014851",371865,2025-08-29 00:49:29,43.353630065918,-8.8332633972168,"Unknown"
"7014851",371865,2025-08-29 00:53:57,43.3535537719727,-8.83321285247803,"Unknown"
"7014851",371865,2025-08-29 00:59:07,43.3537063598633,-8.83329486846924,"Unknown"
"7014851",371865,2025-08-29 01:03:57,43.3536148071289,-8.8332052230835,"Unknown"
"7014851",371865,2025-08-29 01:09:07,43.3536415100098,-8.83337497711182,"Unknown"
"7014851",371865,2025-08-29 01:14:07,43.3537063598633,-8.83338165283203,"Unknown"
"7014851",371865,2025-08-29 01:19:07,43.353687286377,-8.83338832855225,"Unknown"
"7014851",371865,2025-08-29 01:24:07,43.3538131713867,-8.83339595794678,"Unknown"
"7014851",371865,2025-08-29 01:29:07,43.3538093566895,-8.83345699310303,"Unknown"
"7014851",371865,2025-08-29 01:34:14,43.3536338806152,-8.83312129974365,"Unknown"
"7014851",371865,2025-08-29 01:39:07,43.3535766601562,-8.83298873901367,"Unknown"
"7014851",371865,2025-08-29 01:44:07,43.3535842895508,-8.83301734924316,"Unknown"
"7014851",371865,2025-08-29 01:49:07,43.3536338806152,-8.83337116241455,"Unknown"
"7014851",371865,2025-08-29 01:54:07,43.3535957336426,-8.83311557769775,"Unknown"
"7014851",371865,2025-08-29 01:59:05,43.3536186218262,-8.83331108093262,"Unknown"
"7014851",371865,2025-08-29 02:04:01,43.353572845459,-8.83306121826172,"Unknown"
"7014851",371865,2025-08-29 02:09:05,43.353588104248,-8.83305931091309,"Unknown"
"7014851",371865,2025-08-29 02:14:06,43.3536109924316,-8.83348369598389,"Unknown"
"7014851",371865,2025-08-29 02:19:14,43.3536415100098,-8.83312320709229,"Unknown"
"7014851",371865,2025-08-29 02:23:56,43.3536567687988,-8.83312892913818,"Unknown"
"7014851",371865,2025-08-29 02:29:08,43.3536567687988,-8.83304977416992,"Unknown"
"7014851",371865,2025-08-29 02:33:55,43.3536758422852,-8.83335208892822,"Unknown"
"7014851",371865,2025-08-29 02:39:07,43.3536720275879,-8.83319759368896,"Unknown"
"7014851",371865,2025-08-29 02:44:02,43.3536834716797,-8.83335113525391,"Unknown"
"7014851",371865,2025-08-29 02:49:15,43.3536682128906,-8.83322906494141,"Unknown"
"7014851",371865,2025-08-29 02:53:57,43.3536682128906,-8.83331680297852,"Unknown"
"7014851",371865,2025-08-29 02:58:55,43.3536491394043,-8.83338356018066,"Unknown"
"7014851",371865,2025-08-29 03:03:54,43.353702545166,-8.83344268798828,"Unknown"
"7014851",371865,2025-08-29 03:08:54,43.3536720275879,-8.83327484130859,"Unknown"
"7014851",371865,2025-08-29 03:13:55,43.3535842895508,-8.83317565917969,"Unknown"
"7014851",371865,2025-08-29 03:18:56,43.3539237976074,-8.83448886871338,"Unknown"
"7014851",371865,2025-08-29 03:24:03,43.3539962768555,-8.83467102050781,"Unknown"
"7014851",371865,2025-08-29 03:29:07,43.3540496826172,-8.83474445343018,"Unknown"
"7014851",371865,2025-08-29 03:33:57,43.3542022705078,-8.83527565002441,"Unknown"
"7014851",371865,2025-08-29 03:38:57,43.3544235229492,-8.83578109741211,"Unknown"
"7014851",371865,2025-08-29 03:44:03,43.3537483215332,-8.83390045166016,"Unknown"
"7014851",371865,2025-08-29 03:49:14,43.3536643981934,-8.83352470397949,"Unknown"
"7014851",371865,2025-08-29 03:53:57,43.3536682128906,-8.83337879180908,"Unknown"
"7014851",371865,2025-08-29 03:58:57,43.3539161682129,-8.83345508575439,"Unknown"
"7014851",371865,2025-08-29 04:03:57,43.353630065918,-8.83341503143311,"Unknown"
"7014851",371865,2025-08-29 04:09:06,43.3535270690918,-8.83341979980469,"Unknown"
"7014851",371865,2025-08-29 04:14:06,43.3534851074219,-8.83345985412598,"Unknown"
"7014851",371865,2025-08-29 04:19:06,43.3535118103027,-8.8333740234375,"Unknown"
"7014851",371865,2025-08-29 04:24:06,43.3534126281738,-8.83341217041016,"Unknown"
"7014851",371865,2025-08-29 04:29:14,43.3535575866699,-8.83335494995117,"Unknown"
"7014851",371865,2025-08-29 04:33:59,43.3537406921387,-8.83337020874023,"Unknown"
"7014851",371865,2025-08-29 04:39:00,43.3536834716797,-8.83332443237305,"Unknown"
"7014851",371865,2025-08-29 04:43:57,43.3536682128906,-8.83338069915771,"Unknown"
"7014851",371865,2025-08-29 04:49:14,43.3536643981934,-8.83340644836426,"Unknown"
"7014851",371865,2025-08-29 04:54:00,43.3536796569824,-8.83341217041016,"Unknown"
"7014851",371865,2025-08-29 04:59:01,43.3536682128906,-8.83345508575439,"Unknown"
"7014851",371865,2025-08-29 05:04:09,43.3536415100098,-8.83337783813477,"Unknown"
"7014851",371865,2025-08-29 05:09:05,43.3569488525391,-8.83675956726074,"Unknown"
"7014851",371865,2025-08-29 05:14:04,43.3562660217285,-8.84771156311035,"Unknown"
"7014851",371865,2025-08-29 05:19:05,43.3624839782715,-8.85977745056152,"Unknown"
"7014851",371865,2025-08-29 05:24:06,43.3611030578613,-8.85712051391602,"Unknown"
"7014851",371865,2025-08-29 05:29:06,43.3615303039551,-8.85642051696777,"Unknown"
"7014851",371865,2025-08-29 05:34:53,43.3610954284668,-8.8552770614624,"Unknown"
"7014851",371865,2025-08-29 05:39:07,43.3603630065918,-8.84886741638184,"Unknown"
"7014851",371865,2025-08-29 05:44:20,43.3611259460449,-8.85266876220703,"Unknown"
"7014851",371865,2025-08-29 05:49:14,43.3540115356445,-8.8346700668335,"Unknown"
"7014851",371865,2025-08-29 05:53:58,43.3592834472656,-8.84758281707764,"Unknown"
"7014851",371865,2025-08-29 05:59:06,43.3392524719238,-8.8480167388916,"Unknown"
"7014851",371865,2025-08-29 06:04:12,43.323860168457,-8.85915470123291,"Unknown"
"7014851",371865,2025-08-29 06:08:57,43.3222503662109,-8.88038349151611,"Unknown"
"7014851",371865,2025-08-29 06:13:59,43.3234748840332,-8.90386295318604,"Unknown"
"7014851",371865,2025-08-29 06:19:07,43.3212966918945,-8.90480518341064,"Unknown"
"7014851",371865,2025-08-29 06:24:14,43.3209037780762,-8.90471744537354,"Unknown"
"7014851",371865,2025-08-29 06:28:58,43.3210830688477,-8.90462112426758,"Unknown"
"7014851",371865,2025-08-29 06:34:35,43.3213806152344,-8.90450477600098,"Unknown"
"7014851",371865,2025-08-29 06:38:55,43.3214111328125,-8.90457725524902,"Unknown"
"7014851",371865,2025-08-29 06:43:54,43.3213806152344,-8.90459251403809,"Unknown"
"7014851",371865,2025-08-29 06:48:55,43.3213157653809,-8.9045467376709,"Unknown"
"7014851",371865,2025-08-29 06:53:57,43.3214263916016,-8.9045467376709,"Unknown"
"7014851",371865,2025-08-29 06:58:57,43.3215103149414,-8.90455341339111,"Unknown"
"7014851",371865,2025-08-29 07:03:56,43.321231842041,-8.90467071533203,"Unknown"
"7014851",371865,2025-08-29 07:08:59,43.3212890625,-8.90460586547852,"Unknown"
"7014851",371865,2025-08-29 07:14:01,43.3215217590332,-8.90455532073975,"Unknown"
"7014851",371865,2025-08-29 07:18:57,43.3214378356934,-8.90465450286865,"Unknown"
"7014851",371865,2025-08-29 07:24:00,43.3210601806641,-8.90444278717041,"Unknown"
"7014851",371865,2025-08-29 07:28:56,43.3211936950684,-8.90544414520264,"Unknown"
"7014851",371865,2025-08-29 07:34:29,43.3213081359863,-8.90456104278564,"Unknown"
"7014851",371865,2025-08-29 07:39:04,43.3213081359863,-8.90454006195068,"Unknown"
"7014851",371865,2025-08-29 07:43:56,43.3213691711426,-8.9045991897583,"Unknown"
"7014851",371865,2025-08-29 07:48:56,43.3213348388672,-8.90460014343262,"Unknown"
"7014851",371865,2025-08-29 07:53:55,43.3195190429688,-8.91064167022705,"Unknown"
"7014851",371865,2025-08-29 07:58:57,43.3030967712402,-8.91103267669678,"Unknown"
"7014851",371865,2025-08-29 08:03:58,43.3029327392578,-8.91079425811768,"Unknown"
"7014851",371865,2025-08-29 08:08:57,43.3030090332031,-8.91099548339844,"Unknown"
"7014851",371865,2025-08-29 08:13:57,43.3031272888184,-8.9110631942749,"Unknown"
"7014851",371865,2025-08-29 08:19:33,43.3030166625977,-8.91067695617676,"Unknown"
"7014851",371865,2025-08-29 08:23:56,43.2969703674316,-8.90676307678223,"Unknown"
"7014851",371865,2025-08-29 08:29:06,43.2955856323242,-8.9191427230835,"Unknown"
"7014851",371865,2025-08-29 08:33:57,43.2956771850586,-8.91922569274902,"Unknown"
"7014851",371865,2025-08-29 08:39:04,43.2956390380859,-8.91919708251953,"Unknown"
"7014851",371865,2025-08-29 08:43:55,43.2955780029297,-8.91915321350098,"Unknown"
"7014851",371865,2025-08-29 08:49:00,43.2956047058105,-8.91920566558838,"Unknown"
"7014851",371865,2025-08-29 08:54:03,43.2961463928223,-8.9189624786377,"Unknown"
"7014851",371865,2025-08-29 08:58:59,43.2956809997559,-8.91924858093262,"Unknown"
"7014851",371865,2025-08-29 09:03:58,43.2954902648926,-8.91918277740479,"Unknown"
"7014851",371865,2025-08-29 09:09:15,43.295524597168,-8.91929149627686,"Unknown"
"7014851",371865,2025-08-29 09:13:57,43.2955131530762,-8.91930294036865,"Unknown"
"7014851",371865,2025-08-29 09:18:54,43.2964134216309,-8.92420387268066,"Unknown"
"7014851",371865,2025-08-29 09:23:54,43.3003120422363,-8.94734573364258,"Unknown"
"7014851",371865,2025-08-29 09:28:57,43.2929954528809,-8.95669555664062,"Unknown"
"7014851",371865,2025-08-29 09:33:59,43.2867469787598,-8.96612548828125,"Unknown"
"7014851",371865,2025-08-29 09:39:06,43.2867660522461,-8.96622371673584,"Unknown"
"7014851",371865,2025-08-29 09:44:03,43.2864379882812,-8.96602153778076,"Unknown"
"7014851",371865,2025-08-29 09:49:08,43.2864151000977,-8.96595191955566,"Unknown"
"7014851",371865,2025-08-29 09:54:08,43.2863960266113,-8.96592140197754,"Unknown"
"7014851",371865,2025-08-29 09:59:08,43.2864074707031,-8.96587753295898,"Unknown"
"7014851",371865,2025-08-29 10:04:29,43.286693572998,-8.9661750793457,"Unknown"
"7014851",371865,2025-08-29 10:08:54,43.2868041992188,-8.96624851226807,"Unknown"
"7014851",371865,2025-08-29 10:13:55,43.2866325378418,-8.96606540679932,"Unknown"
"7014851",371865,2025-08-29 10:18:55,43.2867317199707,-8.96613502502441,"Unknown"
"7014851",371865,2025-08-29 10:23:55,43.2866744995117,-8.96614742279053,"Unknown"
"7014851",371865,2025-08-29 10:28:55,43.2866134643555,-8.96606254577637,"Unknown"
"7014851",371865,2025-08-29 10:33:54,43.2866859436035,-8.96629238128662,"Unknown"
"7014851",371865,2025-08-29 10:38:55,43.2867126464844,-8.96613311767578,"Unknown"
"7014851",371865,2025-08-29 10:43:55,43.2866821289062,-8.96610355377197,"Unknown"
"7014851",371865,2025-08-29 10:48:54,43.2867012023926,-8.96617317199707,"Unknown"
"7014851",371865,2025-08-29 10:53:57,43.286693572998,-8.96615886688232,"Unknown"
"7014851",371865,2025-08-29 10:58:58,43.2868118286133,-8.96630668640137,"Unknown"
"7014851",371865,2025-08-29 11:04:01,43.2866668701172,-8.96615505218506,"Unknown"
"7014851",371865,2025-08-29 11:08:55,43.286792755127,-8.96623229980469,"Unknown"
"7014851",371865,2025-08-29 11:13:57,43.2865905761719,-8.96606636047363,"Unknown"
"7014851",371865,2025-08-29 11:18:57,43.2904396057129,-8.96511173248291,"Unknown"
"7014851",371865,2025-08-29 11:24:06,43.2890701293945,-8.96147346496582,"Unknown"
"7014851",371865,2025-08-29 11:28:55,43.2877540588379,-8.96720123291016,"Unknown"
"7014851",371865,2025-08-29 11:34:26,43.2870674133301,-8.96561241149902,"Unknown"
"7014851",371865,2025-08-29 11:38:54,43.2870101928711,-8.96562671661377,"Unknown"
"7014851",371865,2025-08-29 11:43:58,43.2870330810547,-8.9655647277832,"Unknown"
"7014851",371865,2025-08-29 11:48:59,43.2870063781738,-8.96561527252197,"Unknown"
"7014851",371865,2025-08-29 11:54:03,43.2869834899902,-8.96550178527832,"Unknown"
"7014851",371865,2025-08-29 11:58:56,43.2870559692383,-8.96549987792969,"Unknown"
"7014851",371865,2025-08-29 12:03:57,43.2870330810547,-8.96561336517334,"Unknown"
"7014851",371865,2025-08-29 12:08:58,43.2870483398438,-8.96551322937012,"Unknown"
"7014851",371865,2025-08-29 12:13:56,43.287052154541,-8.96559619903564,"Unknown"
"7014851",371865,2025-08-29 12:18:55,43.2870750427246,-8.96561813354492,"Unknown"
"7014851",371865,2025-08-29 12:23:57,43.2870559692383,-8.96560287475586,"Unknown"
"7014851",371865,2025-08-29 12:28:56,43.2870407104492,-8.9656343460083,"Unknown"
"7014851",371865,2025-08-29 12:33:59,43.2869682312012,-8.96547889709473,"Unknown"
"7014851",371865,2025-08-29 12:38:57,43.287052154541,-8.96560192108154,"Unknown"
"7014851",371865,2025-08-29 12:44:01,43.287052154541,-8.96565818786621,"Unknown"
"7014851",371865,2025-08-29 12:49:44,43.2870483398438,-8.96570014953613,"Unknown"
"7014851",371865,2025-08-29 12:53:54,43.2870483398438,-8.96561241149902,"Unknown"
"7014851",371865,2025-08-29 12:58:56,43.287052154541,-8.9656925201416,"Unknown"
"7014851",371865,2025-08-29 13:04:03,43.2870635986328,-8.96567249298096,"Unknown"
"7014851",371865,2025-08-29 13:08:59,43.2870903015137,-8.96576023101807,"Unknown"
"7014851",371865,2025-08-29 13:13:59,43.2870635986328,-8.96568775177002,"Unknown"
"7014851",371865,2025-08-29 13:18:57,43.2870483398438,-8.96563911437988,"Unknown"
"7014851",371865,2025-08-29 13:24:10,43.2869873046875,-8.96559715270996,"Unknown"
"7014851",371865,2025-08-29 13:28:55,43.2870292663574,-8.96564102172852,"Unknown"
"7014851",371865,2025-08-29 13:33:54,43.2869644165039,-8.96563243865967,"Unknown"
"7014851",371865,2025-08-29 13:38:59,43.2870674133301,-8.96551418304443,"Unknown"
"7014851",371865,2025-08-29 13:43:54,43.2869873046875,-8.96560096740723,"Unknown"
"7014851",371865,2025-08-29 13:49:14,43.2869987487793,-8.96562194824219,"Unknown"
"7014851",371865,2025-08-29 13:53:57,43.2870025634766,-8.96561717987061,"Unknown"
"7014851",371865,2025-08-29 13:58:54,43.2869758605957,-8.96555995941162,"Unknown"
"7014851",371865,2025-08-29 14:04:14,43.287052154541,-8.96566963195801,"Unknown"
"7014851",371865,2025-08-29 14:08:55,43.2869758605957,-8.96562194824219,"Unknown"
"7014851",371865,2025-08-29 14:13:58,43.2870330810547,-8.96561241149902,"Unknown"
"7014851",371865,2025-08-29 14:18:59,43.2869873046875,-8.96557521820068,"Unknown"
"7014851",371865,2025-08-29 14:24:32,43.2869415283203,-8.96564197540283,"Unknown"
"7014851",371865,2025-08-29 14:29:33,43.2869415283203,-8.96567153930664,"Unknown"
"7014851",371865,2025-08-29 14:33:57,43.2889785766602,-8.9728946685791,"Unknown"
"7014851",371865,2025-08-29 14:38:58,43.2899513244629,-8.97382545471191,"Unknown"
"7014851",371865,2025-08-29 14:43:58,43.2863655090332,-8.97335052490234,"Unknown"
"7014851",371865,2025-08-29 14:49:15,43.2868041992188,-8.97257518768311,"Unknown"
"7014851",371865,2025-08-29 14:54:29,43.2862586975098,-8.97320938110352,"Unknown"
"7014851",371865,2025-08-29 14:58:54,43.2861862182617,-8.97318172454834,"Unknown"
"7014851",371865,2025-08-29 15:03:54,43.2862510681152,-8.97308254241943,"Unknown"
"7014851",371865,2025-08-29 15:08:54,43.2862091064453,-8.97298049926758,"Unknown"
"7014851",371865,2025-08-29 15:13:55,43.2862281799316,-8.97319507598877,"Unknown"
"7014851",371865,2025-08-29 15:18:59,43.2861633300781,-8.97305202484131,"Unknown"
"7014851",371865,2025-08-29 15:23:58,43.2860565185547,-8.9731502532959,"Unknown"
"7014851",371865,2025-08-29 15:29:31,43.2859497070312,-8.97291374206543,"Unknown"
"7014851",371865,2025-08-29 15:34:14,43.285961151123,-8.97295761108398,"Unknown"
"7014851",371865,2025-08-29 15:39:07,43.2860946655273,-8.97293758392334,"Unknown"
"7014851",371865,2025-08-29 15:44:07,43.2860069274902,-8.97303295135498,"Unknown"
"7014851",371865,2025-08-29 15:49:02,43.2859268188477,-8.97299003601074,"Unknown"
"7014851",371865,2025-08-29 15:53:58,43.2860908508301,-8.97282028198242,"Unknown"
"7014851",371865,2025-08-29 15:58:57,43.2858390808105,-8.97321701049805,"Unknown"
"7014851",371865,2025-08-29 16:04:00,43.2861175537109,-8.97264385223389,"Unknown"
"7014851",371865,2025-08-29 16:09:30,43.2866134643555,-8.972975730896,"Unknown"
"7014851",371865,2025-08-29 16:14:04,43.285831451416,-8.97303199768066,"Unknown"
"7014851",371865,2025-08-29 16:18:57,43.2859687805176,-8.97278690338135,"Unknown"
"7014851",371865,2025-08-29 16:24:27,43.2859115600586,-8.97300910949707,"Unknown"
"7014851",371865,2025-08-29 16:28:54,43.2859840393066,-8.97299194335938,"Unknown"
"7014851",371865,2025-08-29 16:33:57,43.2861709594727,-8.9730749130249,"Unknown"
"7014851",371865,2025-08-29 16:38:54,43.2911567687988,-8.96884250640869,"Unknown"
"7014851",371865,2025-08-29 16:43:54,43.2977523803711,-8.94366931915283,"Unknown"
"7014851",371865,2025-08-29 16:48:54,43.3060607910156,-8.92283248901367,"Unknown"
"7014851",371865,2025-08-29 16:54:00,43.3260688781738,-8.91198348999023,"Unknown"
"7014851",371865,2025-08-29 16:58:54,43.330753326416,-8.88370037078857,"Unknown"
"7014851",371865,2025-08-29 17:04:29,43.3415832519531,-8.85432243347168,"Unknown"
"7014851",371865,2025-08-29 17:08:54,43.3440589904785,-8.85547351837158,"Unknown"
"7014851",371865,2025-08-29 17:13:57,43.3451271057129,-8.84057807922363,"Unknown"
"7014851",371865,2025-08-29 17:18:56,43.3411254882812,-8.84324073791504,"Unknown"
"7014851",371865,2025-08-29 17:23:56,43.323413848877,-8.84978199005127,"Unknown"
"7014851",371865,2025-08-29 17:28:56,43.3267211914062,-8.8707389831543,"Unknown"
"7014851",371865,2025-08-29 17:33:58,43.3230590820312,-8.87843036651611,"Unknown"
"7014851",371865,2025-08-29 17:39:14,43.3215217590332,-8.90141296386719,"Unknown"
"7014851",371865,2025-08-29 17:44:14,43.3211860656738,-8.90472221374512,"Unknown"
"7014851",371865,2025-08-29 17:49:03,43.3212089538574,-8.90471744537354,"Unknown"
"7014851",371865,2025-08-29 17:53:59,43.3212280273438,-8.90411758422852,"Unknown"
"7014851",371865,2025-08-29 17:58:59,43.3210334777832,-8.90477085113525,"Unknown"
"7014851",371865,2025-08-29 18:04:00,43.3210067749023,-8.90364646911621,"Unknown"
"7014851",371865,2025-08-29 18:08:55,43.321647644043,-8.90568542480469,"Unknown"
"7014851",371865,2025-08-29 18:13:57,43.3210678100586,-8.90461349487305,"Unknown"
"7014851",371865,2025-08-29 18:18:57,43.3212203979492,-8.90475654602051,"Unknown"
"7014851",371865,2025-08-29 18:23:55,43.321117401123,-8.9050407409668,"Unknown"
"7014851",371865,2025-08-29 18:29:12,43.3211288452148,-8.90493392944336,"Unknown"
"7014851",371865,2025-08-29 18:34:04,43.3211402893066,-8.90517234802246,"Unknown"
"7014851",371865,2025-08-29 18:39:08,43.3211250305176,-8.90525436401367,"Unknown"
"7014851",371865,2025-08-29 18:44:06,43.3211288452148,-8.90528392791748,"Unknown"
"7014851",371865,2025-08-29 18:49:14,43.3212623596191,-8.90486526489258,"Unknown"
"7014851",371865,2025-08-29 18:54:26,43.3207511901855,-8.90441036224365,"Unknown"
"7014851",371865,2025-08-29 18:59:14,43.3211059570312,-8.90474319458008,"Unknown"
"7014851",371865,2025-08-29 19:04:11,43.3210601806641,-8.90470314025879,"Unknown"
"7014851",371865,2025-08-29 19:09:00,43.3210754394531,-8.90470600128174,"Unknown"
"7014851",371865,2025-08-29 19:13:59,43.3207778930664,-8.90447235107422,"Unknown"
"7014851",371865,2025-08-29 19:18:56,43.3210754394531,-8.90470600128174,"Unknown"
"7014851",371865,2025-08-29 19:23:54,43.320930480957,-8.90449333190918,"Unknown"
"7014851",371865,2025-08-29 19:28:55,43.3267784118652,-8.90097141265869,"Unknown"
"7014851",371865,2025-08-29 19:33:55,43.3508720397949,-8.85612392425537,"Unknown"
"7014851",371865,2025-08-29 19:38:56,43.3569374084473,-8.84667015075684,"Unknown"
"7014851",371865,2025-08-29 19:43:54,43.3535079956055,-8.83453845977783,"Unknown"
"7014851",371865,2025-08-29 19:50:05,43.3572540283203,-8.84527492523193,"Unknown"
"7014851",371865,2025-08-29 19:53:53,43.3575019836426,-8.84483909606934,"Unknown"
"7014851",371865,2025-08-29 19:58:58,43.357738494873,-8.84537124633789,"Unknown"
"7014851",371865,2025-08-29 20:04:06,43.3577194213867,-8.84505081176758,"Unknown"
"7014851",371865,2025-08-29 20:09:05,43.3577461242676,-8.84521198272705,"Unknown"
"7014851",371865,2025-08-29 20:13:54,43.3568954467773,-8.83831214904785,"Unknown"
"7014851",371865,2025-08-29 20:19:11,43.3537902832031,-8.8330602645874,"Unknown"
"7014851",371865,2025-08-29 20:23:53,43.3537750244141,-8.83306312561035,"Unknown"
"7014851",371865,2025-08-29 20:28:55,43.3537368774414,-8.83303642272949,"Unknown"
"7014851",371865,2025-08-29 20:33:55,43.3537101745605,-8.83299732208252,"Unknown"
"7014851",371865,2025-08-29 20:38:54,43.3536262512207,-8.83302974700928,"Unknown"
"7014851",371865,2025-08-29 20:43:54,43.353931427002,-8.83322620391846,"Unknown"
"7014851",371865,2025-08-29 20:49:14,43.353931427002,-8.83330345153809,"Unknown"
"7014851",371865,2025-08-29 20:53:54,43.3505821228027,-8.84242248535156,"Unknown"
"7014851",371865,2025-08-29 20:59:03,43.3458137512207,-8.8542423248291,"Unknown"
"7014851",371865,2025-08-29 21:04:06,43.3455543518066,-8.85492134094238,"Unknown"
"7014851",371865,2025-08-29 21:09:04,43.3450736999512,-8.85506057739258,"Unknown"
"7014851",371865,2025-08-29 21:14:06,43.3436698913574,-8.8549222946167,"Unknown"
"7014851",371865,2025-08-29 21:19:14,43.3431777954102,-8.85554790496826,"Unknown"
"7014851",371865,2025-08-29 21:23:54,43.3419609069824,-8.85685062408447,"Unknown"
"7014851",371865,2025-08-29 21:28:57,43.341983795166,-8.8558406829834,"Unknown"
"7014851",371865,2025-08-29 21:33:57,43.341926574707,-8.85568332672119,"Unknown"
"7014851",371865,2025-08-29 21:38:57,43.341609954834,-8.85588836669922,"Unknown"
"7014851",371865,2025-08-29 21:43:55,43.3414421081543,-8.85625076293945,"Unknown"
"7014851",371865,2025-08-29 21:49:29,43.3415985107422,-8.8562650680542,"Unknown"
"7014851",371865,2025-08-29 21:53:55,43.341480255127,-8.85646057128906,"Unknown"
"7014851",371865,2025-08-29 21:58:56,43.3419380187988,-8.85667610168457,"Unknown"
"7014851",371865,2025-08-29 22:04:59,43.3418617248535,-8.85679721832275,"Unknown"
"7014851",371865,2025-08-29 22:08:54,43.3418960571289,-8.85702991485596,"Unknown"
"7014851",371865,2025-08-29 22:13:53,43.3417625427246,-8.85722351074219,"Unknown"
"7014851",371865,2025-08-29 22:18:54,43.3411026000977,-8.85748767852783,"Unknown"
"7014851",371865,2025-08-29 22:23:54,43.3411903381348,-8.85732173919678,"Unknown"
"7014851",371865,2025-08-29 22:28:54,43.3528671264648,-8.83546924591064,"Unknown"
"7014851",371865,2025-08-29 22:33:53,43.3538589477539,-8.83321762084961,"Unknown"
"7014851",371865,2025-08-29 22:38:54,43.3538208007812,-8.83328723907471,"Unknown"
"7014851",371865,2025-08-29 22:43:56,43.3541030883789,-8.83343696594238,"Unknown"
"7014851",371865,2025-08-29 22:49:14,43.3537826538086,-8.83325290679932,"Unknown"
"7014851",371865,2025-08-29 22:53:53,43.3538208007812,-8.83319664001465,"Unknown"
"7014851",371865,2025-08-29 22:58:54,43.3538093566895,-8.83319664001465,"Unknown"
"7014851",371865,2025-08-29 23:03:54,43.3536911010742,-8.83308506011963,"Unknown"
"7014851",371865,2025-08-29 23:08:54,43.3538131713867,-8.83321571350098,"Unknown"
"7014851",371865,2025-08-29 23:13:53,43.3538246154785,-8.83327293395996,"Unknown"
"7014851",371865,2025-08-29 23:18:55,43.3537635803223,-8.83320808410645,"Unknown"
"7014851",371865,2025-08-29 23:23:54,43.3537178039551,-8.8332052230835,"Unknown"
"7014851",371865,2025-08-29 23:28:55,43.353630065918,-8.83309936523438,"Unknown"
"7014851",371865,2025-08-29 23:33:56,43.3537483215332,-8.8332691192627,"Unknown"
"7014851",371865,2025-08-29 23:38:58,43.3538436889648,-8.83301639556885,"Unknown"
"7014851",371865,2025-08-29 23:43:54,43.3537063598633,-8.83316135406494,"Unknown"
"7014851",371865,2025-08-29 23:49:15,43.353759765625,-8.83313941955566,"Unknown"
"7014851",371865,2025-08-29 23:53:56,43.3537330627441,-8.83316802978516,"Unknown"
"7014851",371865,2025-08-29 23:58:55,43.353816986084,-8.83313846588135,"Unknown"
"7014851",371865,2025-08-30 00:03:53,43.3538360595703,-8.83331298828125,"Unknown"
"7014851",371865,2025-08-30 00:08:59,43.3537216186523,-8.83305931091309,"Unknown"
"7014851",371865,2025-08-30 00:13:57,43.3537483215332,-8.8331298828125,"Unknown"
"7014851",371865,2025-08-30 00:18:54,43.3537750244141,-8.83333587646484,"Unknown"
"7014851",371865,2025-08-30 00:23:58,43.3537483215332,-8.83311748504639,"Unknown"
"7014851",371865,2025-08-30 00:28:53,43.3537292480469,-8.83318328857422,"Unknown"
"7014851",371865,2025-08-30 00:34:29,43.353832244873,-8.83314990997314,"Unknown"
"7014851",371865,2025-08-30 00:38:53,43.3538856506348,-8.83328151702881,"Unknown"
"7014851",371865,2025-08-30 00:43:53,43.3538131713867,-8.83331489562988,"Unknown"
"7014851",371865,2025-08-30 00:48:53,43.3537979125977,-8.8333158493042,"Unknown"
"7014851",371865,2025-08-30 00:53:54,43.3538246154785,-8.83327865600586,"Unknown"
"7014851",371865,2025-08-30 00:58:54,43.353832244873,-8.83334827423096,"Unknown"
"7014851",371865,2025-08-30 01:03:54,43.353816986084,-8.83328247070312,"Unknown"
"7014851",371865,2025-08-30 01:08:53,43.3538055419922,-8.83323669433594,"Unknown"
"7014851",371865,2025-08-30 01:13:54,43.353832244873,-8.83329391479492,"Unknown"
"7014851",371865,2025-08-30 01:18:55,43.3538436889648,-8.83332252502441,"Unknown"
"7014851",371865,2025-08-30 01:23:55,43.3538665771484,-8.83344268798828,"Unknown"
"7014851",371865,2025-08-30 01:28:55,43.3538055419922,-8.83326530456543,"Unknown"
"7014851",371865,2025-08-30 01:34:14,43.3538475036621,-8.8331880569458,"Unknown"
"7014851",371865,2025-08-30 01:38:53,43.3538665771484,-8.83330535888672,"Unknown"
"7014851",371865,2025-08-30 01:48:53,43.3539085388184,-8.83324146270752,"Unknown"
"7014851",371865,2025-08-30 01:53:57,43.3538665771484,-8.83341217041016,"Unknown"
"7014851",371865,2025-08-30 01:58:56,43.3535919189453,-8.83264541625977,"Unknown"
"7014851",371865,2025-08-30 02:04:14,43.3538513183594,-8.833251953125,"Unknown"
"7014851",371865,2025-08-30 02:09:01,43.3538398742676,-8.83372688293457,"Unknown"
"7014851",371865,2025-08-30 02:14:01,43.3537788391113,-8.83327960968018,"Unknown"
"7014851",371865,2025-08-30 02:19:00,43.3539428710938,-8.83424282073975,"Unknown"
"7014851",371865,2025-08-30 02:24:29,43.3537406921387,-8.83311462402344,"Unknown"
"7014851",371865,2025-08-30 02:29:08,43.3537406921387,-8.83306884765625,"Unknown"
"7014851",371865,2025-08-30 02:34:14,43.3537254333496,-8.83299827575684,"Unknown"
"7014851",371865,2025-08-30 02:43:56,43.3537406921387,-8.83298778533936,"Unknown"
"7014851",371865,2025-08-30 02:54:14,43.3537483215332,-8.83321762084961,"Unknown"
"7014851",371865,2025-08-30 02:58:54,43.3537063598633,-8.83283615112305,"Unknown"
"7014851",371865,2025-08-30 03:08:57,43.3536605834961,-8.8328218460083,"Unknown"
"7014851",371865,2025-08-30 03:18:57,43.3537712097168,-8.83315277099609,"Unknown"
"7014851",371865,2025-08-30 03:29:11,43.3537406921387,-8.83326244354248,"Unknown"
"7014851",371865,2025-08-30 03:38:56,43.35400390625,-8.83408355712891,"Unknown"
"7014851",371865,2025-08-30 03:49:15,43.353816986084,-8.83331298828125,"Unknown"
"7014851",371865,2025-08-30 03:58:55,43.3537063598633,-8.83304691314697,"Unknown"
"7014851",371865,2025-08-30 04:08:53,43.3538093566895,-8.83297348022461,"Unknown"
"7014851",371865,2025-08-30 04:18:54,43.353889465332,-8.83380699157715,"Unknown"
"7014851",371865,2025-08-30 04:28:55,43.3537864685059,-8.83328533172607,"Unknown"
"7014851",371865,2025-08-30 04:38:57,43.3538055419922,-8.8331823348999,"Unknown"
"7014851",371865,2025-08-30 04:49:15,43.353759765625,-8.833083152771,"Unknown"
"7014851",371865,2025-08-30 04:58:55,43.362865447998,-8.85784912109375,"Unknown"
"7014851",371865,2025-08-30 05:09:09,43.3438110351562,-8.86123371124268,"Unknown"
"7014851",371865,2025-08-30 05:19:02,43.3770332336426,-8.85338020324707,"Unknown"
"7014851",371865,2025-08-30 05:29:29,43.3771667480469,-8.85257148742676,"Unknown"
"7014851",371865,2025-08-30 05:39:07,43.3602447509766,-8.84900188446045,"Unknown"
"7014851",371865,2025-08-30 05:49:59,43.3447380065918,-8.85789394378662,"Unknown"
"7014851",371865,2025-08-30 05:59:07,43.3446273803711,-8.81254863739014,"Unknown"
"7014851",371865,2025-08-30 06:08:59,43.3192481994629,-8.77952766418457,"Unknown"
"7014851",371865,2025-08-30 06:19:01,43.2988662719727,-8.74214553833008,"Unknown"
"7014851",371865,2025-08-30 06:29:01,43.2957153320312,-8.74378681182861,"Unknown"
"7014851",371865,2025-08-30 06:39:07,43.2919921875,-8.69784164428711,"Unknown"
"7014851",371865,2025-08-30 06:49:10,43.2970504760742,-8.66733455657959,"Unknown"
"7014851",371865,2025-08-30 06:59:29,43.2972221374512,-8.66726684570312,"Unknown"
"7014851",371865,2025-08-30 07:09:14,43.2972221374512,-8.66727161407471,"Unknown"
"7014851",371865,2025-08-30 07:18:54,43.2973136901855,-8.66728115081787,"Unknown"
"7014851",371865,2025-08-30 07:29:00,43.2973594665527,-8.66724681854248,"Unknown"
"7014851",371865,2025-08-30 07:38:55,43.2973709106445,-8.66736316680908,"Unknown"
"7014851",371865,2025-08-30 07:48:54,43.2972640991211,-8.6672887802124,"Unknown"
"7014851",371865,2025-08-30 07:58:52,43.2973899841309,-8.6674108505249,"Unknown"
"7014851",371865,2025-08-30 08:09:12,43.2975463867188,-8.66737079620361,"Unknown"
"7014851",371865,2025-08-30 08:18:55,43.2940826416016,-8.66540050506592,"Unknown"
"7014851",371865,2025-08-30 08:23:53,43.2948112487793,-8.66127300262451,"Unknown"
"7014851",371865,2025-08-30 08:34:00,43.3068618774414,-8.64143371582031,"Unknown"
"7014851",371865,2025-08-30 08:44:03,43.3204803466797,-8.5937442779541,"Unknown"
"7014851",371865,2025-08-30 08:54:28,43.3206253051758,-8.59375381469727,"Unknown"
"7014851",371865,2025-08-30 09:03:54,43.3205451965332,-8.59368896484375,"Unknown"
"7014851",371865,2025-08-30 09:14:05,43.3212280273438,-8.59276676177979,"Unknown"
"7014851",371865,2025-08-30 09:18:57,43.3211669921875,-8.59267520904541,"Unknown"
"7014851",371865,2025-08-30 09:24:29,43.3210372924805,-8.59271430969238,"Unknown"
"7014851",371865,2025-08-30 09:28:52,43.3209800720215,-8.59268379211426,"Unknown"
"7014851",371865,2025-08-30 09:33:54,43.3210601806641,-8.59268569946289,"Unknown"
"7014851",371865,2025-08-30 09:44:13,43.3211250305176,-8.59267234802246,"Unknown"
"7014851",371865,2025-08-30 09:48:53,43.3210105895996,-8.59262752532959,"Unknown"
"7014851",371865,2025-08-30 09:53:58,43.3213920593262,-8.59264850616455,"Unknown"
"7014851",371865,2025-08-30 09:58:53,43.3208503723145,-8.59257316589355,"Unknown"
"7014851",371865,2025-08-30 10:03:56,43.3209800720215,-8.59257125854492,"Unknown"
"7014851",371865,2025-08-30 10:08:53,43.3210067749023,-8.59300518035889,"Unknown"
"7014851",371865,2025-08-30 10:14:00,43.3205947875977,-8.59286880493164,"Unknown"
"7014851",371865,2025-08-30 10:19:10,43.3216934204102,-8.59330749511719,"Unknown"
"7014851",371865,2025-08-30 10:24:02,43.321403503418,-8.59310817718506,"Unknown"
"7014851",371865,2025-08-30 10:29:29,43.3207740783691,-8.59305667877197,"Unknown"
"7014851",371865,2025-08-30 10:33:57,43.320873260498,-8.59315586090088,"Unknown"
"7014851",371865,2025-08-30 10:38:55,43.3208961486816,-8.59305477142334,"Unknown"
"7014851",371865,2025-08-30 10:43:53,43.3210296630859,-8.59320640563965,"Unknown"
"7014851",371865,2025-08-30 10:49:00,43.3209266662598,-8.59302616119385,"Unknown"
"7014851",371865,2025-08-30 10:53:54,43.3210182189941,-8.59315967559814,"Unknown"
"7014851",371865,2025-08-30 10:59:00,43.3208770751953,-8.59300708770752,"Unknown"
"7014851",371865,2025-08-30 11:03:54,43.3206100463867,-8.59267997741699,"Unknown"
"7014851",371865,2025-08-30 11:09:01,43.3209915161133,-8.5931568145752,"Unknown"
"7014851",371865,2025-08-30 11:14:06,43.3208999633789,-8.59302806854248,"Unknown"
"7014851",371865,2025-08-30 11:19:04,43.320858001709,-8.59301090240479,"Unknown"
"7014851",371865,2025-08-30 11:24:14,43.3208694458008,-8.59306049346924,"Unknown"
"7014851",371865,2025-08-30 11:28:53,43.3209762573242,-8.5933198928833,"Unknown"
"7014851",371865,2025-08-30 11:34:06,43.3208541870117,-8.59307765960693,"Unknown"
"7014851",371865,2025-08-30 11:38:55,43.3208503723145,-8.59306716918945,"Unknown"
"7014851",371865,2025-08-30 11:44:00,43.3208961486816,-8.59305858612061,"Unknown"
"7014851",371865,2025-08-30 11:49:02,43.3208961486816,-8.59309768676758,"Unknown"
"7014851",371865,2025-08-30 11:54:02,43.3209114074707,-8.59309959411621,"Unknown"
"7014851",371865,2025-08-30 11:59:15,43.3208923339844,-8.59310817718506,"Unknown"
"7014851",371865,2025-08-30 12:03:57,43.3207893371582,-8.59305286407471,"Unknown"
"7014851",371865,2025-08-30 12:08:54,43.3205757141113,-8.59251403808594,"Unknown"
"7014851",371865,2025-08-30 12:14:00,43.3209342956543,-8.59306812286377,"Unknown"
"7014851",371865,2025-08-30 12:18:58,43.3209686279297,-8.59310436248779,"Unknown"
"7014851",371865,2025-08-30 12:23:54,43.3206901550293,-8.59255790710449,"Unknown"
"7014851",371865,2025-08-30 12:28:55,43.320987701416,-8.59310531616211,"Unknown"
"7014851",371865,2025-08-30 12:33:55,43.3209381103516,-8.59304046630859,"Unknown"
"7014851",371865,2025-08-30 12:38:55,43.3209266662598,-8.59290790557861,"Unknown"
"7014851",371865,2025-08-30 12:43:58,43.3209114074707,-8.59280872344971,"Unknown"
"7014851",371865,2025-08-30 12:49:15,43.3210945129395,-8.59315776824951,"Unknown"
"7014851",371865,2025-08-30 12:53:53,43.3212432861328,-8.59316062927246,"Unknown"
"7014851",371865,2025-08-30 12:58:52,43.3208999633789,-8.59293556213379,"Unknown"
"7014851",371865,2025-08-30 13:03:54,43.3210678100586,-8.59312343597412,"Unknown"
"7014851",371865,2025-08-30 13:08:54,43.3217124938965,-8.5938777923584,"Unknown"
"7014851",371865,2025-08-30 13:13:55,43.317081451416,-8.61182594299316,"Unknown"
"7014851",371865,2025-08-30 13:18:54,43.3143882751465,-8.61032867431641,"Unknown"
"7014851",371865,2025-08-30 13:24:00,43.3147735595703,-8.61064147949219,"Unknown"
"7014851",371865,2025-08-30 13:28:54,43.3147010803223,-8.610671043396,"Unknown"
"7014851",371865,2025-08-30 13:33:55,43.3151245117188,-8.61094093322754,"Unknown"
"7014851",371865,2025-08-30 13:38:58,43.3150749206543,-8.61111164093018,"Unknown"
"7014851",371865,2025-08-30 13:43:59,43.3150596618652,-8.6113166809082,"Unknown"
"7014851",371865,2025-08-30 13:50:14,43.315372467041,-8.61078548431396,"Unknown"
"7014851",371865,2025-08-30 13:53:54,43.3153610229492,-8.61093235015869,"Unknown"
"7014851",371865,2025-08-30 13:58:55,43.315502166748,-8.61075496673584,"Unknown"
"7014851",371865,2025-08-30 14:03:55,43.3153686523438,-8.61076259613037,"Unknown"
"7014851",371865,2025-08-30 14:08:54,43.3153190612793,-8.61088371276855,"Unknown"
"7014851",371865,2025-08-30 14:13:54,43.3152275085449,-8.61058235168457,"Unknown"
"7014851",371865,2025-08-30 14:18:58,43.3155822753906,-8.6108570098877,"Unknown"
"7014851",371865,2025-08-30 14:24:00,43.3150100708008,-8.61105632781982,"Unknown"
"7014851",371865,2025-08-30 14:28:58,43.3149108886719,-8.63046169281006,"Unknown"
"7014851",371865,2025-08-30 14:33:55,43.3078002929688,-8.64933967590332,"Unknown"
"7014851",371865,2025-08-30 14:38:52,43.3028297424316,-8.67312908172607,"Unknown"
"7014851",371865,2025-08-30 14:43:52,43.3021507263184,-8.68903255462646,"Unknown"
"7014851",371865,2025-08-30 14:49:59,43.2918014526367,-8.69748878479004,"Unknown"
"7014851",371865,2025-08-30 14:53:55,43.2919769287109,-8.69761753082275,"Unknown"
"7014851",371865,2025-08-30 14:58:52,43.292854309082,-8.70665073394775,"Unknown"
"7014851",371865,2025-08-30 15:03:54,43.2977333068848,-8.72675800323486,"Unknown"
"7014851",371865,2025-08-30 15:08:52,43.2976570129395,-8.72674751281738,"Unknown"
"7014851",371865,2025-08-30 15:13:53,43.2977752685547,-8.7266845703125,"Unknown"
"7014851",371865,2025-08-30 15:18:53,43.2979164123535,-8.72660541534424,"Unknown"
"7014851",371865,2025-08-30 15:23:55,43.2978210449219,-8.72664833068848,"Unknown"
"7014851",371865,2025-08-30 15:28:54,43.2978248596191,-8.72656154632568,"Unknown"
"7014851",371865,2025-08-30 15:33:52,43.2979049682617,-8.72663593292236,"Unknown"
"7014851",371865,2025-08-30 15:38:54,43.2979049682617,-8.72655868530273,"Unknown"
"7014851",371865,2025-08-30 15:43:52,43.2979049682617,-8.72653388977051,"Unknown"
"7014851",371865,2025-08-30 15:48:52,43.2978553771973,-8.72660160064697,"Unknown"
"7014851",371865,2025-08-30 15:53:53,43.2978515625,-8.72653961181641,"Unknown"
"7014851",371865,2025-08-30 15:58:53,43.2978019714355,-8.72660160064697,"Unknown"
"7014851",371865,2025-08-30 16:03:52,43.2980499267578,-8.72657012939453,"Unknown"
"7014851",371865,2025-08-30 16:08:54,43.2980728149414,-8.72656631469727,"Unknown"
"7014851",371865,2025-08-30 16:13:54,43.2981376647949,-8.72662448883057,"Unknown"
"7014851",371865,2025-08-30 16:19:04,43.2979698181152,-8.72663593292236,"Unknown"
"7014851",371865,2025-08-30 16:23:52,43.2979393005371,-8.72654914855957,"Unknown"
"7014851",371865,2025-08-30 16:28:53,43.2979621887207,-8.72662830352783,"Unknown"
"7014851",371865,2025-08-30 16:34:08,43.2979011535645,-8.72652244567871,"Unknown"
"7014851",371865,2025-08-30 16:39:01,43.2978858947754,-8.72653102874756,"Unknown"
"7014851",371865,2025-08-30 16:44:04,43.2979431152344,-8.7266092300415,"Unknown"
"7014851",371865,2025-08-30 16:50:05,43.3044204711914,-8.75004291534424,"Unknown"
"7014851",371865,2025-08-30 16:55:16,43.3072319030762,-8.77807331085205,"Unknown"
"7014851",371865,2025-08-30 17:00:16,43.3279495239258,-8.80688190460205,"Unknown"
"7014851",371865,2025-08-30 17:05:16,43.3526954650879,-8.83278560638428,"Unknown"
"7014851",371865,2025-08-30 17:09:14,43.3531532287598,-8.83944797515869,"Unknown"
"7014851",371865,2025-08-30 17:13:53,43.3530807495117,-8.83946323394775,"Unknown"
"7014851",371865,2025-08-30 17:18:54,43.3530006408691,-8.83938789367676,"Unknown"
"7014851",371865,2025-08-30 17:24:09,43.3563804626465,-8.84652328491211,"Unknown"
"7014851",371865,2025-08-30 17:29:13,43.3550224304199,-8.84489631652832,"Unknown"
"7014851",371865,2025-08-30 17:34:29,43.3549995422363,-8.84452342987061,"Unknown"
"7014851",371865,2025-08-30 17:38:52,43.3534355163574,-8.8564510345459,"Unknown"
"7014851",371865,2025-08-30 17:43:53,43.3509559631348,-8.85672092437744,"Unknown"
"7014851",371865,2025-08-30 17:48:52,43.3548049926758,-8.83643531799316,"Unknown"
"7014851",371865,2025-08-30 17:54:14,43.3555603027344,-8.84469509124756,"Unknown"
"7014851",371865,2025-08-30 17:58:52,43.354606628418,-8.84946155548096,"Unknown"
"7014851",371865,2025-08-30 18:03:53,43.3479766845703,-8.85426902770996,"Unknown"
"7014851",371865,2025-08-30 18:08:53,43.3351898193359,-8.85503768920898,"Unknown"
"7014851",371865,2025-08-30 18:13:52,43.324764251709,-8.86708736419678,"Unknown"
"7014851",371865,2025-08-30 18:18:55,43.3156929016113,-8.8735237121582,"Unknown"
"7014851",371865,2025-08-30 18:23:57,43.3155860900879,-8.87360954284668,"Unknown"
"7014851",371865,2025-08-30 18:29:08,43.3155403137207,-8.87363433837891,"Unknown"
"7014851",371865,2025-08-30 18:34:04,43.3155517578125,-8.87349605560303,"Unknown"
"7014851",371865,2025-08-30 18:39:38,43.3153686523438,-8.87363243103027,"Unknown"
"7014851",371865,2025-08-30 18:43:58,43.3153076171875,-8.87360954284668,"Unknown"
"7014851",371865,2025-08-30 18:49:35,43.3152732849121,-8.87373065948486,"Unknown"
"7014851",371865,2025-08-30 18:53:54,43.3154487609863,-8.87356472015381,"Unknown"
"7014851",371865,2025-08-30 18:58:52,43.3313140869141,-8.86150169372559,"Unknown"
"7014851",371865,2025-08-30 19:03:59,43.356616973877,-8.84627342224121,"Unknown"
"7014851",371865,2025-08-30 19:08:58,43.3567695617676,-8.84657764434814,"Unknown"
"7014851",371865,2025-08-30 19:14:14,43.356761932373,-8.84643173217773,"Unknown"
"7014851",371865,2025-08-30 19:18:56,43.3569641113281,-8.84648704528809,"Unknown"
"7014851",371865,2025-08-30 19:23:55,43.3567924499512,-8.84602737426758,"Unknown"
"7014851",371865,2025-08-30 19:28:52,43.3581390380859,-8.85568809509277,"Unknown"
"7014851",371865,2025-08-30 19:33:53,43.3684768676758,-8.8520450592041,"Unknown"
"7014851",371865,2025-08-30 19:38:53,43.3685264587402,-8.85136795043945,"Unknown"
"7014851",371865,2025-08-30 19:44:05,43.3693771362305,-8.85050010681152,"Unknown"
"7014851",371865,2025-08-30 19:48:53,43.3722953796387,-8.84793758392334,"Unknown"
"7014851",371865,2025-08-30 19:53:59,43.3708610534668,-8.84958934783936,"Unknown"
"7014851",371865,2025-08-30 19:59:14,43.3711395263672,-8.84963703155518,"Unknown"
"7014851",371865,2025-08-30 20:03:58,43.3712043762207,-8.84912490844727,"Unknown"
"7014851",371865,2025-08-30 20:09:35,43.3716316223145,-8.84840488433838,"Unknown"
"7014851",371865,2025-08-30 20:13:53,43.3654251098633,-8.83564186096191,"Unknown"
"7014851",371865,2025-08-30 20:18:54,43.353588104248,-8.8330659866333,"Unknown"
"7014851",371865,2025-08-30 20:23:54,43.3535575866699,-8.83300018310547,"Unknown"
"7014851",371865,2025-08-30 20:28:53,43.3535995483398,-8.8331413269043,"Unknown"
"7014851",371865,2025-08-30 20:33:52,43.3537940979004,-8.83310508728027,"Unknown"
"7014851",371865,2025-08-30 20:38:52,43.3537483215332,-8.83320999145508,"Unknown"
"7014851",371865,2025-08-30 20:43:53,43.3537178039551,-8.8332052230835,"Unknown"
"7014851",371865,2025-08-30 20:49:14,43.3537445068359,-8.83310317993164,"Unknown"
"7014851",371865,2025-08-30 20:53:54,43.3538017272949,-8.83319759368896,"Unknown"
"7014851",371865,2025-08-30 20:58:52,43.3539848327637,-8.83215045928955,"Unknown"
"7014851",371865,2025-08-30 21:03:53,43.3537864685059,-8.83310508728027,"Unknown"
"7014851",371865,2025-08-30 21:08:53,43.3538246154785,-8.83299255371094,"Unknown"
"7014851",371865,2025-08-30 21:13:53,43.3539161682129,-8.83316135406494,"Unknown"
"7014851",371865,2025-08-30 21:18:53,43.353816986084,-8.83313846588135,"Unknown"
"7014851",371865,2025-08-30 21:24:01,43.353645324707,-8.83291912078857,"Unknown"
"7014851",371865,2025-08-30 21:28:52,43.3537521362305,-8.83307266235352,"Unknown"
"7014851",371865,2025-08-30 21:33:56,43.3537483215332,-8.83307361602783,"Unknown"
"7014851",371865,2025-08-30 21:38:53,43.3538017272949,-8.83307075500488,"Unknown"
"7014851",371865,2025-08-30 21:43:52,43.3535842895508,-8.83291625976562,"Unknown"
"7014851",371865,2025-08-30 21:49:15,43.3537902832031,-8.83302402496338,"Unknown"
"7014851",371865,2025-08-30 21:53:52,43.3538398742676,-8.83307552337646,"Unknown"
"7014851",371865,2025-08-30 21:58:55,43.3537559509277,-8.83303165435791,"Unknown"
"7014851",371865,2025-08-30 22:03:53,43.3537178039551,-8.8329963684082,"Unknown"
"7014851",371865,2025-08-30 22:08:52,43.3535461425781,-8.83284664154053,"Unknown"
"7014851",371865,2025-08-30 22:13:52,43.3537178039551,-8.83297061920166,"Unknown"
"7014851",371865,2025-08-30 22:18:53,43.3536148071289,-8.83290481567383,"Unknown"
"7014851",371865,2025-08-30 22:24:00,43.3539276123047,-8.83314228057861,"Unknown"
"7014851",371865,2025-08-30 22:28:58,43.3539543151855,-8.83317756652832,"Unknown"
"7014851",371865,2025-08-30 22:33:55,43.3538246154785,-8.83303546905518,"Unknown"
"7014851",371865,2025-08-30 22:39:01,43.3539352416992,-8.83317947387695,"Unknown"
"7014851",371865,2025-08-30 22:44:01,43.3539237976074,-8.83316898345947,"Unknown"
"7014851",371865,2025-08-30 22:49:23,43.353889465332,-8.83319282531738,"Unknown"
"7014851",371865,2025-08-30 22:53:52,43.3538475036621,-8.83307647705078,"Unknown"
"7014851",371865,2025-08-30 22:58:52,43.3538398742676,-8.8330020904541,"Unknown"
"7014851",371865,2025-08-30 23:03:52,43.3538513183594,-8.83314323425293,"Unknown"
"7014851",371865,2025-08-30 23:08:52,43.3538818359375,-8.83314609527588,"Unknown"
"7014851",371865,2025-08-30 23:13:54,43.3538551330566,-8.83307647705078,"Unknown"
"7014851",371865,2025-08-30 23:18:52,43.3537979125977,-8.83317852020264,"Unknown"
"7014851",371865,2025-08-30 23:23:52,43.353759765625,-8.83300876617432,"Unknown"
"7014851",371865,2025-08-30 23:28:56,43.3538627624512,-8.83308410644531,"Unknown"
"7014851",371865,2025-08-30 23:33:57,43.3537635803223,-8.83282661437988,"Unknown"
"7014851",371865,2025-08-30 23:38:51,43.3537864685059,-8.83304309844971,"Unknown"
"7014851",371865,2025-08-30 23:43:58,43.3537483215332,-8.83301067352295,"Unknown"
"7014851",371865,2025-08-30 23:49:23,43.3537864685059,-8.83310508728027,"Unknown"
"7014851",371865,2025-08-30 23:54:00,43.3537712097168,-8.83309173583984,"Unknown"
"7014851",371865,2025-08-30 23:58:54,43.353141784668,-8.8315544128418,"Unknown"
"7014851",371865,2025-08-31 00:03:55,43.3532638549805,-8.83171558380127,"Unknown"
"7014851",371865,2025-08-31 00:08:53,43.3536186218262,-8.83274269104004,"Unknown"
"7014851",371865,2025-08-31 00:13:53,43.3536491394043,-8.83273696899414,"Unknown"
"7014851",371865,2025-08-31 00:18:54,43.3536834716797,-8.83283805847168,"Unknown"
"7014851",371865,2025-08-31 00:24:03,43.3536949157715,-8.83287143707275,"Unknown"
"7014851",371865,2025-08-31 00:28:51,43.3536186218262,-8.83272457122803,"Unknown"
"7014851",371865,2025-08-31 00:34:22,43.3537368774414,-8.83298969268799,"Unknown"
"7014851",371865,2025-08-31 00:38:51,43.3536834716797,-8.83304882049561,"Unknown"
"7014851",371865,2025-08-31 00:43:51,43.3537292480469,-8.83312511444092,"Unknown"
"7014851",371865,2025-08-31 00:48:51,43.3537101745605,-8.83304786682129,"Unknown"
"7014851",371865,2025-08-31 00:53:51,43.3537139892578,-8.83307075500488,"Unknown"
"7014851",371865,2025-08-31 00:58:51,43.3536720275879,-8.83303642272949,"Unknown"
"7014851",371865,2025-08-31 01:03:51,43.3473091125488,-8.85166168212891,"Unknown"
"7014851",371865,2025-08-31 01:08:52,43.3434028625488,-8.85430145263672,"Unknown"
"7014851",371865,2025-08-31 01:13:51,43.3436546325684,-8.85484600067139,"Unknown"
"7014851",371865,2025-08-31 01:18:57,43.3438491821289,-8.85446548461914,"Unknown"
"7014851",371865,2025-08-31 01:23:54,43.3439712524414,-8.8543176651001,"Unknown"
"7014851",371865,2025-08-31 01:28:56,43.3440208435059,-8.8542366027832,"Unknown"
"7014851",371865,2025-08-31 01:34:00,43.3432846069336,-8.85432529449463,"Unknown"
"7014851",371865,2025-08-31 01:39:02,43.3436737060547,-8.8543176651001,"Unknown"
"7014851",371865,2025-08-31 01:44:05,43.3437042236328,-8.85434055328369,"Unknown"
"7014851",371865,2025-08-31 01:49:02,43.3439292907715,-8.85434246063232,"Unknown"
"7014851",371865,2025-08-31 01:54:17,43.3438682556152,-8.85440635681152,"Unknown"
"7014851",371865,2025-08-31 01:59:08,43.3438758850098,-8.85459423065186,"Unknown"
"7014851",371865,2025-08-31 02:04:56,43.3439064025879,-8.85477828979492,"Unknown"
"7014851",371865,2025-08-31 02:09:29,43.3440551757812,-8.85501194000244,"Unknown"
"7014851",371865,2025-08-31 02:13:54,43.3439826965332,-8.85511016845703,"Unknown"
"7014851",371865,2025-08-31 02:18:53,43.3440093994141,-8.85525417327881,"Unknown"
"7014851",371865,2025-08-31 02:23:54,43.3440628051758,-8.8553991317749,"Unknown"
"7014851",371865,2025-08-31 02:28:54,43.3440093994141,-8.85554313659668,"Unknown"
"7014851",371865,2025-08-31 02:33:57,43.3438568115234,-8.85566234588623,"Unknown"
"7014851",371865,2025-08-31 02:38:54,43.343864440918,-8.85561752319336,"Unknown"
"7014851",371865,2025-08-31 02:43:55,43.3437576293945,-8.85558032989502,"Unknown"
"7014851",371865,2025-08-31 02:49:35,43.3438339233398,-8.85563468933105,"Unknown"
"7014851",371865,2025-08-31 02:54:14,43.3438034057617,-8.85546493530273,"Unknown"
"7014851",371865,2025-08-31 02:58:54,43.3437995910645,-8.85551452636719,"Unknown"
"7014851",371865,2025-08-31 03:08:53,43.3440055847168,-8.85511112213135,"Unknown"
"7014851",371865,2025-08-31 03:18:53,43.3425521850586,-8.86086368560791,"Unknown"
"7014851",371865,2025-08-31 03:28:57,43.3432273864746,-8.86215400695801,"Unknown"
"7014851",371865,2025-08-31 03:39:00,43.3436584472656,-8.86325073242188,"Unknown"
"7014851",371865,2025-08-31 03:49:00,43.344066619873,-8.86399269104004,"Unknown"
"7014851",371865,2025-08-31 03:59:00,43.344669342041,-8.86453151702881,"Unknown"
"7014851",371865,2025-08-31 04:10:16,43.3450736999512,-8.86474227905273,"Unknown"
"7014851",371865,2025-08-31 04:19:59,43.3455200195312,-8.86555099487305,"Unknown"
"7014851",371865,2025-08-31 04:28:52,43.34619140625,-8.86655139923096,"Unknown"
"7014851",371865,2025-08-31 04:38:51,43.3464584350586,-8.86799716949463,"Unknown"
"7014851",371865,2025-08-31 04:48:59,43.3469429016113,-8.86942958831787,"Unknown"
"7014851",371865,2025-08-31 04:58:53,43.3480834960938,-8.87081241607666,"Unknown"
"7014851",371865,2025-08-31 05:08:55,43.3730430603027,-8.85324192047119,"Unknown"
"7014851",371865,2025-08-31 05:19:12,43.3724365234375,-8.84562873840332,"Unknown"
"7014851",371865,2025-08-31 05:29:14,43.3653411865234,-8.84550666809082,"Unknown"
"7014851",371865,2025-08-31 05:40:15,43.3525047302246,-8.85815143585205,"Unknown"
"7014851",371865,2025-08-31 05:49:08,43.3495407104492,-8.85251522064209,"Unknown"
"7014851",371865,2025-08-31 05:59:06,43.3291435241699,-8.88247585296631,"Unknown"
"7014851",371865,2025-08-31 06:09:00,43.3211402893066,-8.90160465240479,"Unknown"
"7014851",371865,2025-08-31 06:19:00,43.3108825683594,-8.92003631591797,"Unknown"
"7014851",371865,2025-08-31 06:29:14,43.3058853149414,-8.90914249420166,"Unknown"
"7014851",371865,2025-08-31 06:38:54,43.3056182861328,-8.90898036956787,"Unknown"
"7014851",371865,2025-08-31 06:49:15,43.3058280944824,-8.90907764434814,"Unknown"
"7014851",371865,2025-08-31 06:59:23,43.3057823181152,-8.90902423858643,"Unknown"
"7014851",371865,2025-08-31 07:08:52,43.3035125732422,-8.91008567810059,"Unknown"
"7014851",371865,2025-08-31 07:18:58,43.3037452697754,-8.91123199462891,"Unknown"
"7014851",371865,2025-08-31 07:28:54,43.3037528991699,-8.91088676452637,"Unknown"
"7014851",371865,2025-08-31 07:38:52,43.3037223815918,-8.91116046905518,"Unknown"
"7014851",371865,2025-08-31 07:54:03,43.292552947998,-8.9339485168457,"Unknown"
"7014851",371865,2025-08-31 08:03:12,43.2929458618164,-8.95638942718506,"Unknown"
"7014851",371865,2025-08-31 08:12:40,43.2929801940918,-8.95638275146484,"Unknown"
"7014851",371865,2025-08-31 08:22:40,43.2928047180176,-8.95645141601562,"Unknown"
"7014851",371865,2025-08-31 08:32:40,43.2929534912109,-8.95648193359375,"Unknown"
"7014851",371865,2025-08-31 08:42:40,43.2918090820312,-8.95931911468506,"Unknown"
"7014851",371865,2025-08-31 08:52:41,43.2914733886719,-8.95861911773682,"Unknown"
"7014851",371865,2025-08-31 09:03:05,43.2918243408203,-8.95934200286865,"Unknown"
"7014851",371865,2025-08-31 09:12:40,43.2913246154785,-8.95934772491455,"Unknown"
"7014851",371865,2025-08-31 09:22:42,43.2915534973145,-8.9596004486084,"Unknown"
"7014851",371865,2025-08-31 09:32:48,43.2914543151855,-8.95941734313965,"Unknown"
"7014851",371865,2025-08-31 09:43:05,43.29150390625,-8.95944881439209,"Unknown"
"7014851",371865,2025-08-31 09:47:41,43.2915496826172,-8.95941352844238,"Unknown"
"7014851",371865,2025-08-31 09:57:44,43.2911987304688,-8.95959091186523,"Unknown"
"7014851",371865,2025-08-31 10:07:43,43.2911262512207,-8.95980834960938,"Unknown"
"7014851",371865,2025-08-31 10:17:41,43.2909812927246,-8.95972061157227,"Unknown"
"7014851",371865,2025-08-31 10:22:39,43.2909240722656,-8.95979499816895,"Unknown"
"7014851",371865,2025-08-31 10:27:39,43.2909965515137,-8.95979976654053,"Unknown"
"7014851",371865,2025-08-31 10:33:05,43.2909545898438,-8.9597692489624,"Unknown"
"7014851",371865,2025-08-31 10:37:39,43.2909927368164,-8.95980644226074,"Unknown"
"7014851",371865,2025-08-31 10:42:39,43.2909965515137,-8.95982265472412,"Unknown"
"7014851",371865,2025-08-31 10:47:39,43.2874870300293,-8.96679306030273,"Unknown"
"7014851",371865,2025-08-31 10:52:41,43.2849502563477,-8.97371387481689,"Unknown"
"7014851",371865,2025-08-31 10:57:40,43.2849235534668,-8.97371101379395,"Unknown"
"7014851",371865,2025-08-31 11:02:40,43.2851715087891,-8.97406959533691,"Unknown"
"7014851",371865,2025-08-31 11:07:41,43.2852210998535,-8.97406959533691,"Unknown"
"7014851",371865,2025-08-31 11:12:41,43.2852935791016,-8.97419738769531,"Unknown"
"7014851",371865,2025-08-31 11:17:41,43.285514831543,-8.97458934783936,"Unknown"
"7014851",371865,2025-08-31 11:22:42,43.2853355407715,-8.97426986694336,"Unknown"
"7014851",371865,2025-08-31 11:27:47,43.2850952148438,-8.9739990234375,"Unknown"
"7014851",371865,2025-08-31 11:32:42,43.2851943969727,-8.97413349151611,"Unknown"
"7014851",371865,2025-08-31 11:37:44,43.2851028442383,-8.97395038604736,"Unknown"
"7014851",371865,2025-08-31 11:42:42,43.2855339050293,-8.97373104095459,"Unknown"
"7014851",371865,2025-08-31 11:48:11,43.2851676940918,-8.97422027587891,"Unknown"
"7014851",371865,2025-08-31 11:53:01,43.2850112915039,-8.97419929504395,"Unknown"
"7014851",371865,2025-08-31 11:57:40,43.2849922180176,-8.97421550750732,"Unknown"
"7014851",371865,2025-08-31 12:02:39,43.2851524353027,-8.97414302825928,"Unknown"
"7014851",371865,2025-08-31 12:07:39,43.28515625,-8.97409820556641,"Unknown"
"7014851",371865,2025-08-31 12:12:39,43.2851753234863,-8.9741096496582,"Unknown"
"7014851",371865,2025-08-31 12:17:40,43.2851791381836,-8.97410869598389,"Unknown"
"7014851",371865,2025-08-31 12:22:40,43.2851676940918,-8.97405815124512,"Unknown"
"7014851",371865,2025-08-31 12:27:42,43.2851791381836,-8.97408103942871,"Unknown"
"7014851",371865,2025-08-31 12:32:43,43.2851104736328,-8.97415065765381,"Unknown"
"7014851",371865,2025-08-31 12:37:47,43.2850723266602,-8.97420310974121,"Unknown"
"7014851",371865,2025-08-31 12:42:43,43.2850761413574,-8.9741849899292,"Unknown"
"7014851",371865,2025-08-31 12:47:50,43.2850723266602,-8.97418785095215,"Unknown"
"7014851",371865,2025-08-31 12:52:40,43.2851295471191,-8.97417259216309,"Unknown"
"7014851",371865,2025-08-31 12:57:39,43.2850875854492,-8.97416114807129,"Unknown"
"7014851",371865,2025-08-31 13:02:39,43.2851333618164,-8.9741678237915,"Unknown"
"7014851",371865,2025-08-31 13:07:40,43.2850685119629,-8.97408103942871,"Unknown"
"7014851",371865,2025-08-31 13:12:40,43.2850685119629,-8.97387504577637,"Unknown"
"7014851",371865,2025-08-31 13:17:39,43.2851257324219,-8.97385025024414,"Unknown"
"7014851",371865,2025-08-31 13:22:40,43.2851448059082,-8.97383785247803,"Unknown"
"7014851",371865,2025-08-31 13:27:40,43.2851867675781,-8.9738712310791,"Unknown"
"7014851",371865,2025-08-31 13:32:40,43.2852554321289,-8.97391128540039,"Unknown"
"7014851",371865,2025-08-31 13:37:40,43.2852325439453,-8.97399234771729,"Unknown"
"7014851",371865,2025-08-31 13:42:41,43.2854461669922,-8.97422218322754,"Unknown"
"7014851",371865,2025-08-31 13:47:40,43.2854156494141,-8.97423458099365,"Unknown"
"7014851",371865,2025-08-31 13:52:41,43.2852630615234,-8.97401714324951,"Unknown"
"7014851",371865,2025-08-31 13:57:50,43.2851066589355,-8.97388172149658,"Unknown"
"7014851",371865,2025-08-31 14:02:39,43.2852020263672,-8.97392654418945,"Unknown"
"7014851",371865,2025-08-31 14:07:49,43.2852210998535,-8.97388553619385,"Unknown"
"7014851",371865,2025-08-31 14:12:39,43.2851257324219,-8.97373962402344,"Unknown"
"7014851",371865,2025-08-31 14:17:48,43.2851829528809,-8.97389507293701,"Unknown"
"7014851",371865,2025-08-31 14:22:52,43.2852172851562,-8.97394943237305,"Unknown"
"7014851",371865,2025-08-31 14:28:15,43.2853164672852,-8.97412395477295,"Unknown"
"7014851",371865,2025-08-31 14:32:47,43.28515625,-8.97391128540039,"Unknown"
"7014851",371865,2025-08-31 14:37:45,43.2852020263672,-8.97389221191406,"Unknown"
"7014851",371865,2025-08-31 14:42:39,43.2903251647949,-8.97865867614746,"Unknown"
"7014851",371865,2025-08-31 14:48:05,43.2897186279297,-8.96121692657471,"Unknown"
"7014851",371865,2025-08-31 14:52:48,43.2896690368652,-8.96124267578125,"Unknown"
"7014851",371865,2025-08-31 14:57:49,43.2897033691406,-8.96128749847412,"Unknown"
"7014851",371865,2025-08-31 15:02:49,43.2897148132324,-8.96127414703369,"Unknown"
"7014851",371865,2025-08-31 15:07:49,43.2897262573242,-8.96132850646973,"Unknown"
"7014851",371865,2025-08-31 15:12:49,43.2897415161133,-8.96148586273193,"Unknown"
"7014851",371865,2025-08-31 15:17:49,43.2897338867188,-8.96146488189697,"Unknown"
"7014851",371865,2025-08-31 15:22:49,43.2897148132324,-8.96154975891113,"Unknown"
"7014851",371865,2025-08-31 15:28:05,43.2896347045898,-8.96136856079102,"Unknown"
"7014851",371865,2025-08-31 15:32:38,43.2895927429199,-8.9613037109375,"Unknown"
"7014851",371865,2025-08-31 15:37:40,43.289623260498,-8.96221542358398,"Unknown"
"7014851",371865,2025-08-31 15:42:39,43.2921028137207,-8.9682788848877,"Unknown"
"7014851",371865,2025-08-31 15:47:41,43.291675567627,-8.96853637695312,"Unknown"
"7014851",371865,2025-08-31 15:52:39,43.2937660217285,-8.96744346618652,"Unknown"
"7014851",371865,2025-08-31 15:57:40,43.2942123413086,-8.96683788299561,"Unknown"
"7014851",371865,2025-08-31 16:04:03,43.2927703857422,-8.96768856048584,"Unknown"
"7014851",371865,2025-08-31 16:08:53,43.2903518676758,-8.97014141082764,"Unknown"
"7014851",371865,2025-08-31 16:13:23,43.2867164611816,-8.96232223510742,"Unknown"
"7014851",371865,2025-08-31 16:17:40,43.2868156433105,-8.96229648590088,"Unknown"
"7014851",371865,2025-08-31 16:22:38,43.2869262695312,-8.96240425109863,"Unknown"
"7014851",371865,2025-08-31 16:27:39,43.2869033813477,-8.96224021911621,"Unknown"
"7014851",371865,2025-08-31 16:32:41,43.2873916625977,-8.96263980865479,"Unknown"
"7014851",371865,2025-08-31 16:37:38,43.287525177002,-8.96187591552734,"Unknown"
"7014851",371865,2025-08-31 16:42:39,43.2898063659668,-8.96133613586426,"Unknown"
"7014851",371865,2025-08-31 16:47:42,43.2896575927734,-8.96116352081299,"Unknown"
"7014851",371865,2025-08-31 16:52:42,43.2896995544434,-8.96101570129395,"Unknown"
"7014851",371865,2025-08-31 16:57:40,43.2897338867188,-8.96117210388184,"Unknown"
"7014851",371865,2025-08-31 17:02:41,43.2897415161133,-8.96121215820312,"Unknown"
"7014851",371865,2025-08-31 17:07:38,43.2897148132324,-8.96113204956055,"Unknown"
"7014851",371865,2025-08-31 17:12:38,43.2897300720215,-8.96114158630371,"Unknown"
"7014851",371865,2025-08-31 17:17:38,43.2897758483887,-8.96122360229492,"Unknown"
"7014851",371865,2025-08-31 17:22:39,43.289794921875,-8.9610710144043,"Unknown"
"7014851",371865,2025-08-31 17:27:40,43.2897720336914,-8.9612979888916,"Unknown"
"7014851",371865,2025-08-31 17:32:39,43.289608001709,-8.96133422851562,"Unknown"
"7014851",371865,2025-08-31 17:37:38,43.2897033691406,-8.96145915985107,"Unknown"
"7014851",371865,2025-08-31 17:42:40,43.2894630432129,-8.96121120452881,"Unknown"
"7014851",371865,2025-08-31 17:47:38,43.2895812988281,-8.9612865447998,"Unknown"
"7014851",371865,2025-08-31 17:52:38,43.2895317077637,-8.96139907836914,"Unknown"
"7014851",371865,2025-08-31 17:57:38,43.2895736694336,-8.96145248413086,"Unknown"
"7014851",371865,2025-08-31 18:02:39,43.2895164489746,-8.96151161193848,"Unknown"
"7014851",371865,2025-08-31 18:07:40,43.2895393371582,-8.96150016784668,"Unknown"
"7014851",371865,2025-08-31 18:12:38,43.2895278930664,-8.96151542663574,"Unknown"
"7014851",371865,2025-08-31 18:17:40,43.28955078125,-8.96148109436035,"Unknown"
"7014851",371865,2025-08-31 18:22:42,43.2895431518555,-8.96157360076904,"Unknown"
"7014851",371865,2025-08-31 18:27:39,43.3054847717285,-8.92378234863281,"Unknown"
"7014851",371865,2025-08-31 18:32:48,43.3285522460938,-8.90014171600342,"Unknown"
"7014851",371865,2025-08-31 18:37:38,43.3491363525391,-8.85536956787109,"Unknown"
"7014851",371865,2025-08-31 18:42:46,43.356575012207,-8.84653186798096,"Unknown"
"7014851",371865,2025-08-31 18:47:46,43.3556213378906,-8.84586524963379,"Unknown"
"7014851",371865,2025-08-31 18:52:39,43.3557662963867,-8.83977222442627,"Unknown"
"7014851",371865,2025-08-31 18:57:40,43.3553695678711,-8.8466215133667,"Unknown"
"7014851",371865,2025-08-31 19:03:00,43.3523216247559,-8.85182857513428,"Unknown"
"7014851",371865,2025-08-31 19:07:41,43.3482780456543,-8.85105609893799,"Unknown"
"7014851",371865,2025-08-31 19:12:50,43.339111328125,-8.84643173217773,"Unknown"
"7014851",371865,2025-08-31 19:17:58,43.3280830383301,-8.86061573028564,"Unknown"
"7014851",371865,2025-08-31 19:22:50,43.3305244445801,-8.863205909729,"Unknown"
"7014851",371865,2025-08-31 19:28:05,43.331298828125,-8.86320018768311,"Unknown"
"7014851",371865,2025-08-31 19:32:39,43.3317451477051,-8.86341953277588,"Unknown"
"7014851",371865,2025-08-31 19:37:38,43.3322906494141,-8.86335754394531,"Unknown"
"7014851",371865,2025-08-31 19:42:40,43.3328742980957,-8.86330127716064,"Unknown"
"7014851",371865,2025-08-31 19:47:40,43.333251953125,-8.86314105987549,"Unknown"
"7014851",371865,2025-08-31 19:52:42,43.3338241577148,-8.86284065246582,"Unknown"
"7014851",371865,2025-08-31 19:57:41,43.3342895507812,-8.86283016204834,"Unknown"
"7014851",371865,2025-08-31 20:02:42,43.3347969055176,-8.86279201507568,"Unknown"
"7014851",371865,2025-08-31 20:07:41,43.3354263305664,-8.86270141601562,"Unknown"
"7014851",371865,2025-08-31 20:12:40,43.3493804931641,-8.85753154754639,"Unknown"
"7014851",371865,2025-08-31 20:17:47,43.3491096496582,-8.85918617248535,"Unknown"
"7014851",371865,2025-08-31 20:22:46,43.3498001098633,-8.85881233215332,"Unknown"
"7014851",371865,2025-08-31 20:27:49,43.350830078125,-8.85844612121582,"Unknown"
"7014851",371865,2025-08-31 20:32:47,43.3517189025879,-8.85823249816895,"Unknown"
"7014851",371865,2025-08-31 20:37:51,43.3525505065918,-8.8581657409668,"Unknown"
"7014851",371865,2025-08-31 20:43:09,43.3532371520996,-8.85800075531006,"Unknown"
"7014851",371865,2025-08-31 20:47:54,43.3536262512207,-8.85749530792236,"Unknown"
"7014851",371865,2025-08-31 20:53:14,43.3542442321777,-8.85702800750732,"Unknown"
"7014851",371865,2025-08-31 20:57:40,43.354434967041,-8.85672187805176,"Unknown"
"7014851",371865,2025-08-31 21:02:38,43.3552055358887,-8.85653591156006,"Unknown"
"7014851",371865,2025-08-31 21:07:42,43.3614044189453,-8.85642242431641,"Unknown"
"7014851",371865,2025-08-31 21:12:53,43.3619117736816,-8.85623455047607,"Unknown"
"7014851",371865,2025-08-31 21:18:02,43.3540267944336,-8.83336639404297,"Unknown"
"7014851",371865,2025-08-31 21:22:41,43.3536949157715,-8.83256244659424,"Unknown"
"7014851",371865,2025-08-31 21:27:43,43.353816986084,-8.83331203460693,"Unknown"
"7014851",371865,2025-08-31 21:32:42,43.3536529541016,-8.83205795288086,"Unknown"
"7014851",371865,2025-08-31 21:37:42,43.3536720275879,-8.83209037780762,"Unknown"
"7014851",371865,2025-08-31 21:42:43,43.3537826538086,-8.83313846588135,"Unknown"
"7014851",371865,2025-08-31 21:48:05,43.3537750244141,-8.83313369750977,"Unknown"
"7014851",371865,2025-08-31 21:52:38,43.3537559509277,-8.83313179016113,"Unknown"
"7014851",371865,2025-08-31 21:57:39,43.3537445068359,-8.8330602645874,"Unknown"
"7014851",371865,2025-08-31 22:02:41,43.3536834716797,-8.83312225341797,"Unknown"
"7014851",371865,2025-08-31 22:07:47,43.3537292480469,-8.83315467834473,"Unknown"
"7014851",371865,2025-08-31 22:12:42,43.3537864685059,-8.83311367034912,"Unknown"
"7014851",371865,2025-08-31 22:17:39,43.353702545166,-8.83308124542236,"Unknown"
"7014851",371865,2025-08-31 22:22:39,43.353759765625,-8.83312511444092,"Unknown"
"7014851",371865,2025-08-31 22:27:38,43.3537063598633,-8.8330545425415,"Unknown"
"7014851",371865,2025-08-31 22:32:40,43.3536338806152,-8.83298873901367,"Unknown"
"7014851",371865,2025-08-31 22:37:40,43.3534088134766,-8.83314800262451,"Unknown"
"7014851",371865,2025-08-31 22:42:39,43.3537216186523,-8.83306884765625,"Unknown"
"7014851",371865,2025-08-31 22:47:39,43.3540306091309,-8.83340549468994,"Unknown"
"7014851",371865,2025-08-31 22:52:38,43.3539161682129,-8.83333015441895,"Unknown"
"7014851",371865,2025-08-31 22:57:39,43.3537139892578,-8.83314609527588,"Unknown"
"7014851",371865,2025-08-31 23:02:40,43.3539581298828,-8.83338165283203,"Unknown"
"7014851",371865,2025-08-31 23:07:46,43.3538589477539,-8.83325386047363,"Unknown"
"7014851",371865,2025-08-31 23:12:42,43.3537521362305,-8.83318138122559,"Unknown"
"7014851",371865,2025-08-31 23:17:42,43.3537445068359,-8.83320903778076,"Unknown"
"7014851",371865,2025-08-31 23:22:39,43.3537940979004,-8.83327865600586,"Unknown"
"7014851",371865,2025-08-31 23:27:38,43.353832244873,-8.83329486846924,"Unknown"
"7014851",371865,2025-08-31 23:33:02,43.3537521362305,-8.8331995010376,"Unknown"
"7014851",371865,2025-08-31 23:37:41,43.3537254333496,-8.83319282531738,"Unknown"
"7014851",371865,2025-08-31 23:42:48,43.3537483215332,-8.83323955535889,"Unknown"
"7014851",371865,2025-08-31 23:47:39,43.3539009094238,-8.83345603942871,"Unknown"
"7014851",371865,2025-08-31 23:52:48,43.3537750244141,-8.83330821990967,"Unknown"
"7014851",371865,2025-08-31 23:57:39,43.3537330627441,-8.84453678131104,"Unknown"
"7014851",371865,2025-09-01 00:02:48,43.3587799072266,-8.85579967498779,"Unknown"
"7014851",371865,2025-09-01 00:07:41,43.3580665588379,-8.85813236236572,"Unknown"
"7014851",371865,2025-09-01 00:12:48,43.3575859069824,-8.85871315002441,"Unknown"
"7014851",371865,2025-09-01 00:17:48,43.3561897277832,-8.85852909088135,"Unknown"
"7014851",371865,2025-09-01 00:22:48,43.3554649353027,-8.85907649993896,"Unknown"
"7014851",371865,2025-09-01 00:28:21,43.3546028137207,-8.85904026031494,"Unknown"
"7014851",371865,2025-09-01 00:33:35,43.3541946411133,-8.86043739318848,"Unknown"
"7014851",371865,2025-09-01 00:37:41,43.3536376953125,-8.86127662658691,"Unknown"
"7014851",371865,2025-09-01 00:42:43,43.3527984619141,-8.86116218566895,"Unknown"
"7014851",371865,2025-09-01 00:47:41,43.3469886779785,-8.85630130767822,"Unknown"
"7014851",371865,2025-09-01 00:52:43,43.3441162109375,-8.85606575012207,"Unknown"
"7014851",371865,2025-09-01 00:57:41,43.3434715270996,-8.85582733154297,"Unknown"
"7014851",371865,2025-09-01 01:02:46,43.3430862426758,-8.85722827911377,"Unknown"
"7014851",371865,2025-09-01 01:07:39,43.3538627624512,-8.83331298828125,"Unknown"
"7014851",371865,2025-09-01 01:12:42,43.3537483215332,-8.83312511444092,"Unknown"
"7014851",371865,2025-09-01 01:17:43,43.3539390563965,-8.83342170715332,"Unknown"
"7014851",371865,2025-09-01 01:22:43,43.3537368774414,-8.83313274383545,"Unknown"
"7014851",371865,2025-09-01 01:27:47,43.3538093566895,-8.83320045471191,"Unknown"
"7014851",371865,2025-09-01 01:32:48,43.3537979125977,-8.83319473266602,"Unknown"
"7014851",371865,2025-09-01 01:37:46,43.3538246154785,-8.83324337005615,"Unknown"
"7014851",371865,2025-09-01 01:42:47,43.3538703918457,-8.83325099945068,"Unknown"
"7014851",371865,2025-09-01 01:47:49,43.3538703918457,-8.83323669433594,"Unknown"
"7014851",371865,2025-09-01 01:52:42,43.3539276123047,-8.83347225189209,"Unknown"
"7014851",371865,2025-09-01 01:57:54,43.3538017272949,-8.83321094512939,"Unknown"
"7014851",371865,2025-09-01 02:02:50,43.3536071777344,-8.83333873748779,"Unknown"
"7014851",371865,2025-09-01 02:08:05,43.353874206543,-8.83328914642334,"Unknown"
"7014851",371865,2025-09-01 02:12:38,43.3538780212402,-8.83315849304199,"Unknown"
"7014851",371865,2025-09-01 02:17:38,43.3538513183594,-8.83305835723877,"Unknown"
"7014851",371865,2025-09-01 02:22:38,43.3538818359375,-8.83315658569336,"Unknown"
"7014851",371865,2025-09-01 02:27:38,43.3539161682129,-8.83318424224854,"Unknown"
"7014851",371865,2025-09-01 02:32:38,43.3538818359375,-8.83310985565186,"Unknown"
"7014851",371865,2025-09-01 02:37:41,43.3538818359375,-8.8330717086792,"Unknown"
"7014851",371865,2025-09-01 02:42:38,43.3538627624512,-8.83316802978516,"Unknown"
"7014851",371865,2025-09-01 02:47:38,43.3538780212402,-8.83308982849121,"Unknown"
"7014851",371865,2025-09-01 02:53:14,43.3538780212402,-8.83325004577637,"Unknown"
"7014851",371865,2025-09-01 02:57:38,43.3539237976074,-8.83336353302002,"Unknown"
"7014851",371865,2025-09-01 03:03:05,43.3538665771484,-8.83321666717529,"Unknown"
"7014851",371865,2025-09-01 03:07:38,43.3538246154785,-8.83320808410645,"Unknown"
"7014851",371865,2025-09-01 03:12:38,43.3538551330566,-8.83321571350098,"Unknown"
"7014851",371865,2025-09-01 03:17:38,43.3538436889648,-8.83316135406494,"Unknown"
"7014851",371865,2025-09-01 03:22:38,43.3538360595703,-8.83320903778076,"Unknown"
"7014851",371865,2025-09-01 03:27:38,43.3538703918457,-8.83326148986816,"Unknown"
"7014851",371865,2025-09-01 03:32:38,43.353889465332,-8.83323001861572,"Unknown"
"7014851",371865,2025-09-01 03:37:39,43.3538665771484,-8.83320713043213,"Unknown"
"7014851",371865,2025-09-01 03:42:38,43.3538703918457,-8.83323192596436,"Unknown"
"7014851",371865,2025-09-01 03:47:38,43.3539161682129,-8.83330631256104,"Unknown"
"7014851",371865,2025-09-01 03:52:38,43.3539199829102,-8.83328914642334,"Unknown"
"7014851",371865,2025-09-01 03:57:38,43.3538970947266,-8.83320903778076,"Unknown"
"7014851",371865,2025-09-01 04:02:38,43.3538513183594,-8.83321380615234,"Unknown"
"7014851",371865,2025-09-01 04:07:38,43.3538856506348,-8.83318138122559,"Unknown"
"7014851",371865,2025-09-01 04:12:39,43.3539009094238,-8.83327293395996,"Unknown"
"7014851",371865,2025-09-01 04:17:39,43.3538970947266,-8.83331203460693,"Unknown"
"7014851",371865,2025-09-01 04:22:39,43.3538475036621,-8.83333778381348,"Unknown"
"7014851",371865,2025-09-01 04:27:38,43.353946685791,-8.83335781097412,"Unknown"
"7014851",371865,2025-09-01 04:32:49,43.3539543151855,-8.83335018157959,"Unknown"
"7014851",371865,2025-09-01 04:37:41,43.3539123535156,-8.83345699310303,"Unknown"
"7014851",371865,2025-09-01 04:42:41,43.3538780212402,-8.83335399627686,"Unknown"
"7014851",371865,2025-09-01 04:47:37,43.3538551330566,-8.83341121673584,"Unknown"
"7014851",371865,2025-09-01 04:52:43,43.353874206543,-8.8336181640625,"Unknown"
"7014851",371865,2025-09-01 04:57:38,43.3538436889648,-8.8333683013916,"Unknown"
"7014851",371865,2025-09-01 05:02:40,43.3538627624512,-8.83335494995117,"Unknown"
"7014851",371865,2025-09-01 05:07:40,43.353889465332,-8.83340167999268,"Unknown"
"7014851",371865,2025-09-01 05:12:38,43.3538360595703,-8.83327865600586,"Unknown"
"7014851",371865,2025-09-01 05:17:40,43.3490791320801,-8.84910297393799,"Unknown"
"7014851",371865,2025-09-01 05:22:38,43.350757598877,-8.85405349731445,"Unknown"
"7014851",371865,2025-09-01 05:27:45,43.3506011962891,-8.85441780090332,"Unknown"
"7014851",371865,2025-09-01 05:32:40,43.3475494384766,-8.85325336456299,"Unknown"
"7014851",371865,2025-09-01 05:37:55,43.3388824462891,-8.85564231872559,"Unknown"
"7014851",371865,2025-09-01 05:43:07,43.3271217346191,-8.87207889556885,"Unknown"
"7014851",371865,2025-09-01 05:47:59,43.3230476379395,-8.89144420623779,"Unknown"
"7014851",371865,2025-09-01 06:03:07,43.2903099060059,-8.93920135498047,"Unknown"
"7014851",371865,2025-09-01 06:13:29,43.289363861084,-8.94027423858643,"Unknown"
"7014851",371865,2025-09-01 06:22:39,43.2892646789551,-8.94051742553711,"Unknown"
"7014851",371865,2025-09-01 06:32:46,43.291633605957,-8.95951461791992,"Unknown"
"7014851",371865,2025-09-01 06:43:16,43.291633605957,-8.95951080322266,"Unknown"
"7014851",371865,2025-09-01 06:52:38,43.2852325439453,-8.97373390197754,"Unknown"
"7014851",371865,2025-09-01 07:03:14,43.2854042053223,-8.97388648986816,"Unknown"
"7014851",371865,2025-09-01 07:12:38,43.2852783203125,-8.97384357452393,"Unknown"
"7014851",371865,2025-09-01 07:22:38,43.2854156494141,-8.97397327423096,"Unknown"
"7014851",371865,2025-09-01 07:32:38,43.2851600646973,-8.97372531890869,"Unknown"
"7014851",371865,2025-09-01 07:42:39,43.2856292724609,-8.97412586212158,"Unknown"
"7014851",371865,2025-09-01 07:53:53,43.285514831543,-8.9741382598877,"Unknown"
"7014851",371865,2025-09-01 08:04:27,43.2853851318359,-8.97384452819824,"Unknown"
"7014851",371865,2025-09-01 08:14:23,43.2915382385254,-8.95937919616699,"Unknown"
"7014851",371865,2025-09-01 08:23:47,43.2914924621582,-8.95939636230469,"Unknown"
"7014851",371865,2025-09-01 08:33:55,43.2915000915527,-8.95919609069824,"Unknown"
"7014851",371865,2025-09-01 08:44:14,43.2915802001953,-8.9593334197998,"Unknown"
"7014851",371865,2025-09-01 08:53:46,43.2896881103516,-8.96106052398682,"Unknown"
"7014851",371865,2025-09-01 09:03:47,43.2896423339844,-8.96108150482178,"Unknown"
"7014851",371865,2025-09-01 09:08:51,43.289966583252,-8.96054172515869,"Unknown"
"7014851",371865,2025-09-01 09:13:47,43.289623260498,-8.96114063262939,"Unknown"
"7014851",371865,2025-09-01 09:18:51,43.291576385498,-8.95927906036377,"Unknown"
"7014851",371865,2025-09-01 09:23:47,43.2913360595703,-8.95930767059326,"Unknown"
"7014851",371865,2025-09-01 09:34:15,43.2907295227051,-8.95970249176025,"Unknown"
"7014851",371865,2025-09-01 09:39:15,43.2911109924316,-8.96002864837646,"Unknown"
"7014851",371865,2025-09-01 09:48:49,43.2909812927246,-8.95964622497559,"Unknown"
"7014851",371865,2025-09-01 09:58:53,43.2914428710938,-8.95982646942139,"Unknown"
"7014851",371865,2025-09-01 10:03:52,43.2915420532227,-8.95986747741699,"Unknown"
"7014851",371865,2025-09-01 10:14:14,43.2912635803223,-8.95970344543457,"Unknown"
"7014851",371865,2025-09-01 10:18:49,43.291202545166,-8.95968818664551,"Unknown"
"7014851",371865,2025-09-01 10:23:46,43.2912254333496,-8.95973873138428,"Unknown"
"7014851",371865,2025-09-01 10:33:51,43.2932891845703,-8.96865940093994,"Unknown"
"7014851",371865,2025-09-01 10:38:52,43.2910270690918,-8.95971393585205,"Unknown"
"7014851",371865,2025-09-01 10:43:54,43.2933197021484,-8.96783351898193,"Unknown"
"7014851",371865,2025-09-01 10:49:14,43.2910499572754,-8.95971870422363,"Unknown"
"7014851",371865,2025-09-01 10:53:46,43.2911338806152,-8.9600133895874,"Unknown"
"7014851",371865,2025-09-01 10:58:47,43.2909164428711,-8.95971012115479,"Unknown"
"7014851",371865,2025-09-01 11:03:49,43.2909736633301,-8.959792137146,"Unknown"
"7014851",371865,2025-09-01 11:08:50,43.2904930114746,-8.95882701873779,"Unknown"
"7014851",371865,2025-09-01 11:14:08,43.2908248901367,-8.95962333679199,"Unknown"
"7014851",371865,2025-09-01 11:19:23,43.2909927368164,-8.95971965789795,"Unknown"
"7014851",371865,2025-09-01 11:23:47,43.2908821105957,-8.95958137512207,"Unknown"
"7014851",371865,2025-09-01 11:28:52,43.2909660339355,-8.95957279205322,"Unknown"
"7014851",371865,2025-09-01 11:33:52,43.291015625,-8.95968151092529,"Unknown"
"7014851",371865,2025-09-01 11:38:46,43.2910614013672,-8.95977306365967,"Unknown"
"7014851",371865,2025-09-01 11:43:53,43.2910003662109,-8.96018695831299,"Unknown"
"7014851",371865,2025-09-01 11:49:14,43.2868118286133,-8.96244812011719,"Unknown"
"7014851",371865,2025-09-01 11:53:50,43.2900123596191,-8.96180152893066,"Unknown"
"7014851",371865,2025-09-01 11:58:51,43.2897491455078,-8.96100425720215,"Unknown"
"7014851",371865,2025-09-01 12:03:54,43.2896881103516,-8.96096038818359,"Unknown"
"7014851",371865,2025-09-01 12:08:54,43.2898406982422,-8.96113681793213,"Unknown"
"7014851",371865,2025-09-01 12:13:49,43.2898712158203,-8.96115970611572,"Unknown"
"7014851",371865,2025-09-01 12:18:52,43.2898330688477,-8.96109294891357,"Unknown"
"7014851",371865,2025-09-01 12:23:48,43.2895202636719,-8.96043395996094,"Unknown"
"7014851",371865,2025-09-01 12:28:47,43.2898712158203,-8.9611701965332,"Unknown"
"7014851",371865,2025-09-01 12:33:49,43.2897720336914,-8.96106719970703,"Unknown"
"7014851",371865,2025-09-01 12:38:51,43.2895698547363,-8.96050357818604,"Unknown"
"7014851",371865,2025-09-01 12:43:52,43.2899742126465,-8.96144008636475,"Unknown"
"7014851",371865,2025-09-01 12:49:14,43.289722442627,-8.96097850799561,"Unknown"
"7014851",371865,2025-09-01 12:53:51,43.2897644042969,-8.96114730834961,"Unknown"
"7014851",371865,2025-09-01 12:58:51,43.2895545959473,-8.96054458618164,"Unknown"
"7014851",371865,2025-09-01 13:03:53,43.2896881103516,-8.96080493927002,"Unknown"
"7014851",371865,2025-09-01 13:08:51,43.2898063659668,-8.96109580993652,"Unknown"
"7014851",371865,2025-09-01 13:13:55,43.2896461486816,-8.96090030670166,"Unknown"
"7014851",371865,2025-09-01 13:18:48,43.2896995544434,-8.96097660064697,"Unknown"
"7014851",371865,2025-09-01 13:23:49,43.2898292541504,-8.96129608154297,"Unknown"
"7014851",371865,2025-09-01 13:28:48,43.2898216247559,-8.96096324920654,"Unknown"
"7014851",371865,2025-09-01 13:33:51,43.2900505065918,-8.96150493621826,"Unknown"
"7014851",371865,2025-09-01 13:39:14,43.2896881103516,-8.96109199523926,"Unknown"
"7014851",371865,2025-09-01 13:43:58,43.2896308898926,-8.96101570129395,"Unknown"
"7014851",371865,2025-09-01 13:48:46,43.2880325317383,-8.965163230896,"Unknown"
"7014851",371865,2025-09-01 13:53:55,43.2902984619141,-8.96865653991699,"Unknown"
"7014851",371865,2025-09-01 13:58:50,43.2870559692383,-8.96224403381348,"Unknown"
"7014851",371865,2025-09-01 14:05:05,43.2870063781738,-8.9622278213501,"Unknown"
"7014851",371865,2025-09-01 14:08:52,43.2867317199707,-8.96248531341553,"Unknown"
"7014851",371865,2025-09-01 14:13:52,43.2864799499512,-8.96218490600586,"Unknown"
"7014851",371865,2025-09-01 14:18:48,43.286922454834,-8.96167850494385,"Unknown"
"7014851",371865,2025-09-01 14:23:51,43.2870445251465,-8.96227836608887,"Unknown"
"7014851",371865,2025-09-01 14:28:46,43.2865753173828,-8.96206760406494,"Unknown"
"7014851",371865,2025-09-01 14:33:50,43.2864875793457,-8.9619140625,"Unknown"
"7014851",371865,2025-09-01 14:38:51,43.287525177002,-8.96241474151611,"Unknown"
"7014851",371865,2025-09-01 14:43:50,43.2895927429199,-8.96085262298584,"Unknown"
"7014851",371865,2025-09-01 14:48:48,43.289363861084,-8.96035099029541,"Unknown"
"7014851",371865,2025-09-01 14:54:16,43.2896537780762,-8.96111488342285,"Unknown"
"7014851",371865,2025-09-01 14:58:54,43.2896881103516,-8.96123027801514,"Unknown"
"7014851",371865,2025-09-01 15:03:54,43.2896499633789,-8.96106338500977,"Unknown"
"7014851",371865,2025-09-01 15:08:55,43.2896385192871,-8.96111583709717,"Unknown"
"7014851",371865,2025-09-01 15:13:54,43.289608001709,-8.96111297607422,"Unknown"
"7014851",371865,2025-09-01 15:18:57,43.2896842956543,-8.96148014068604,"Unknown"
"7014851",371865,2025-09-01 15:23:54,43.2896270751953,-8.96087551116943,"Unknown"
"7014851",371865,2025-09-01 15:29:03,43.2896499633789,-8.96106147766113,"Unknown"
"7014851",371865,2025-09-01 15:33:47,43.289623260498,-8.96090602874756,"Unknown"
"7014851",371865,2025-09-01 15:38:47,43.289608001709,-8.96076011657715,"Unknown"
"7014851",371865,2025-09-01 15:43:49,43.2896728515625,-8.96106243133545,"Unknown"
"7014851",371865,2025-09-01 15:48:46,43.289722442627,-8.96105670928955,"Unknown"
"7014851",371865,2025-09-01 15:53:56,43.2897491455078,-8.96111869812012,"Unknown"
"7014851",371865,2025-09-01 15:58:55,43.2897529602051,-8.96113967895508,"Unknown"
"7014851",371865,2025-09-01 16:04:14,43.289737701416,-8.9610595703125,"Unknown"
"7014851",371865,2025-09-01 16:09:14,43.2897338867188,-8.96109867095947,"Unknown"
"7014851",371865,2025-09-01 16:13:46,43.2897071838379,-8.96108150482178,"Unknown"
"7014851",371865,2025-09-01 16:18:46,43.289665222168,-8.96105861663818,"Unknown"
"7014851",371865,2025-09-01 16:23:53,43.2906913757324,-8.95974826812744,"Unknown"
"7014851",371865,2025-09-01 16:28:46,43.2907867431641,-8.95980167388916,"Unknown"
"7014851",371865,2025-09-01 16:33:52,43.2906341552734,-8.95965099334717,"Unknown"
"7014851",371865,2025-09-01 16:38:49,43.290657043457,-8.95967864990234,"Unknown"
"7014851",371865,2025-09-01 16:43:49,43.2906188964844,-8.9594669342041,"Unknown"
"7014851",371865,2025-09-01 16:49:14,43.290599822998,-8.95964527130127,"Unknown"
"7014851",371865,2025-09-01 16:53:50,43.2907104492188,-8.95993900299072,"Unknown"
"7014851",371865,2025-09-01 16:58:55,43.290355682373,-8.95911502838135,"Unknown"
"7014851",371865,2025-09-01 17:03:53,43.2904357910156,-8.959228515625,"Unknown"
"7014851",371865,2025-09-01 17:08:52,43.2906074523926,-8.95962429046631,"Unknown"
"7014851",371865,2025-09-01 17:14:00,43.2906036376953,-8.95960235595703,"Unknown"
"7014851",371865,2025-09-01 17:18:53,43.290657043457,-8.95976257324219,"Unknown"
"7014851",371865,2025-09-01 17:24:23,43.2905921936035,-8.95976257324219,"Unknown"
"7014851",371865,2025-09-01 17:28:52,43.2905578613281,-8.95983219146729,"Unknown"
"7014851",371865,2025-09-01 17:33:49,43.2899971008301,-8.96076583862305,"Unknown"
"7014851",371865,2025-09-01 17:38:48,43.2900047302246,-8.96097755432129,"Unknown"
"7014851",371865,2025-09-01 17:43:46,43.2900085449219,-8.96101570129395,"Unknown"
"7014851",371865,2025-09-01 17:48:50,43.2899894714355,-8.96083164215088,"Unknown"
"7014851",371865,2025-09-01 17:54:35,43.2898864746094,-8.96078014373779,"Unknown"
"7014851",371865,2025-09-01 17:58:47,43.2899703979492,-8.96084117889404,"Unknown"
"7014851",371865,2025-09-01 18:03:47,43.289966583252,-8.96082782745361,"Unknown"
"7014851",371865,2025-09-01 18:08:46,43.2900199890137,-8.96080875396729,"Unknown"
"7014851",371865,2025-09-01 18:13:47,43.2900085449219,-8.96083831787109,"Unknown"
"7014851",371865,2025-09-01 18:18:49,43.2898979187012,-8.96082401275635,"Unknown"
"7014851",371865,2025-09-01 18:23:55,43.2899513244629,-8.96078681945801,"Unknown"
"7014851",371865,2025-09-01 18:28:49,43.2899589538574,-8.96088790893555,"Unknown"
"7014851",371865,2025-09-01 18:33:52,43.2899589538574,-8.96080875396729,"Unknown"
"7014851",371865,2025-09-01 18:38:49,43.2899475097656,-8.96078777313232,"Unknown"
"7014851",371865,2025-09-01 18:43:46,43.2907981872559,-8.95956897735596,"Unknown"
"7014851",371865,2025-09-01 18:48:55,43.2907829284668,-8.95986175537109,"Unknown"
"7014851",371865,2025-09-01 18:53:56,43.2906875610352,-8.95990562438965,"Unknown"
"7014851",371865,2025-09-01 18:58:55,43.2908935546875,-8.95962524414062,"Unknown"
"7014851",371865,2025-09-01 19:03:55,43.291015625,-8.9589204788208,"Unknown"
"7014851",371865,2025-09-01 19:08:50,43.3138160705566,-8.92713832855225,"Unknown"
"7014851",371865,2025-09-01 19:13:53,43.3410034179688,-8.87691879272461,"Unknown"
"7014851",371865,2025-09-01 19:18:54,43.3581695556641,-8.84689521789551,"Unknown"
"7014851",371865,2025-09-01 19:24:05,43.3598823547363,-8.84793949127197,"Unknown"
"7014851",371865,2025-09-01 19:28:46,43.3479614257812,-8.85233020782471,"Unknown"
"7014851",371865,2025-09-01 19:33:47,43.3384628295898,-8.85527515411377,"Unknown"
"7014851",371865,2025-09-01 19:38:46,43.3390121459961,-8.85770320892334,"Unknown"
"7014851",371865,2025-09-01 19:43:46,43.3425674438477,-8.85595989227295,"Unknown"
"7014851",371865,2025-09-01 19:48:54,43.3429908752441,-8.85523986816406,"Unknown"
"7014851",371865,2025-09-01 19:53:52,43.3438987731934,-8.85602283477783,"Unknown"
"7014851",371865,2025-09-01 19:59:00,43.3493995666504,-8.85809230804443,"Unknown"
"7014851",371865,2025-09-01 20:04:20,43.3510665893555,-8.85782146453857,"Unknown"
"7014851",371865,2025-09-01 20:09:35,43.3513069152832,-8.85836029052734,"Unknown"
"7014851",371865,2025-09-01 20:13:52,43.3514442443848,-8.85729312896729,"Unknown"
"7014851",371865,2025-09-01 20:19:14,43.3497467041016,-8.85573577880859,"Unknown"
"7014851",371865,2025-09-01 20:23:50,43.3494987487793,-8.8526554107666,"Unknown"
"7014851",371865,2025-09-01 20:28:54,43.3538436889648,-8.83319664001465,"Unknown"
"7014851",371865,2025-09-01 20:34:03,43.3539352416992,-8.8331298828125,"Unknown"
"7014851",371865,2025-09-01 20:38:59,43.3537864685059,-8.83294677734375,"Unknown"
"7014851",371865,2025-09-01 20:43:59,43.3535232543945,-8.83299160003662,"Unknown"
"7014851",371865,2025-09-01 20:49:31,43.353889465332,-8.83304595947266,"Unknown"
"7014851",371865,2025-09-01 20:53:51,43.3538284301758,-8.83293628692627,"Unknown"
"7014851",371865,2025-09-01 20:58:50,43.3539123535156,-8.83297824859619,"Unknown"
"7014851",371865,2025-09-01 21:03:50,43.3539352416992,-8.83303070068359,"Unknown"
"7014851",371865,2025-09-01 21:08:49,43.3539810180664,-8.83301734924316,"Unknown"
"7014851",371865,2025-09-01 21:13:50,43.3540000915527,-8.8330020904541,"Unknown"
"7014851",371865,2025-09-01 21:18:52,43.3539962768555,-8.83309364318848,"Unknown"
"7014851",371865,2025-09-01 21:23:51,43.3540153503418,-8.83300399780273,"Unknown"
"7014851",371865,2025-09-01 21:28:49,43.3540496826172,-8.83307456970215,"Unknown"
"7014851",371865,2025-09-01 21:33:49,43.3540992736816,-8.83312320709229,"Unknown"
"7014851",371865,2025-09-01 21:38:50,43.3540992736816,-8.8331470489502,"Unknown"
"7014851",371865,2025-09-01 21:43:49,43.3541145324707,-8.83320617675781,"Unknown"
"7014851",371865,2025-09-01 21:49:00,43.3541221618652,-8.83316898345947,"Unknown"
"7014851",371865,2025-09-01 21:53:50,43.3541984558105,-8.83325290679932,"Unknown"
"7014851",371865,2025-09-01 21:59:11,43.3540344238281,-8.83312606811523,"Unknown"
"7014851",371865,2025-09-01 22:03:49,43.3540267944336,-8.83432579040527,"Unknown"
"7014851",371865,2025-09-01 22:08:49,43.353401184082,-8.83904361724854,"Unknown"
"7014851",371865,2025-09-01 22:13:50,43.3451538085938,-8.81275463104248,"Unknown"
"7014851",371865,2025-09-01 22:18:52,43.3453025817871,-8.81223583221436,"Unknown"
"7014851",371865,2025-09-01 22:23:51,43.3454170227051,-8.81175422668457,"Unknown"
"7014851",371865,2025-09-01 22:28:50,43.3455467224121,-8.81122303009033,"Unknown"
"7014851",371865,2025-09-01 22:33:53,43.345703125,-8.81095314025879,"Unknown"
"7014851",371865,2025-09-01 22:38:50,43.3459320068359,-8.81066226959229,"Unknown"
"7014851",371865,2025-09-01 22:43:53,43.3462600708008,-8.81031036376953,"Unknown"
"7014851",371865,2025-09-01 22:49:03,43.3465309143066,-8.80998420715332,"Unknown"
"7014851",371865,2025-09-01 22:54:08,43.3503570556641,-8.82381629943848,"Unknown"
"7014851",371865,2025-09-01 22:59:03,43.3541603088379,-8.83322620391846,"Unknown"
"7014851",371865,2025-09-01 23:04:03,43.354175567627,-8.83319759368896,"Unknown"
"7014851",371865,2025-09-01 23:09:06,43.3541221618652,-8.83312606811523,"Unknown"
"7014851",371865,2025-09-01 23:14:05,43.3542060852051,-8.83337688446045,"Unknown"
"7014851",371865,2025-09-01 23:19:05,43.3541641235352,-8.83309078216553,"Unknown"
"7014851",371865,2025-09-01 23:24:23,43.3538360595703,-8.83342838287354,"Unknown"
"7014851",371865,2025-09-01 23:34:43,43.3437614440918,-8.8558292388916,"Unknown"
"7014851",371865,2025-09-01 23:38:54,43.3442611694336,-8.85660076141357,"Unknown"
"7014851",371865,2025-09-01 23:44:00,43.3444404602051,-8.85610389709473,"Unknown"
"7014851",371865,2025-09-01 23:48:55,43.3444404602051,-8.85530853271484,"Unknown"
"7014851",371865,2025-09-01 23:53:57,43.3445243835449,-8.85458564758301,"Unknown"
"7014851",371865,2025-09-01 23:59:03,43.3450241088867,-8.85579109191895,"Unknown"
"7014851",371865,2025-09-02 00:04:34,43.3449096679688,-8.85573577880859,"Unknown"
"7014851",371865,2025-09-02 00:08:50,43.3450736999512,-8.85586261749268,"Unknown"
"7014851",371865,2025-09-02 00:13:50,43.3451271057129,-8.85513687133789,"Unknown"
"7014851",371865,2025-09-02 00:18:51,43.3449935913086,-8.85530567169189,"Unknown"
"7014851",371865,2025-09-02 00:23:54,43.3542518615723,-8.83356666564941,"Unknown"
"7014851",371865,2025-09-02 00:28:52,43.3542861938477,-8.83348846435547,"Unknown"
"7014851",371865,2025-09-02 00:33:55,43.3542861938477,-8.83322525024414,"Unknown"
"7014851",371865,2025-09-02 00:38:50,43.3544120788574,-8.83371639251709,"Unknown"
"7014851",371865,2025-09-02 00:43:51,43.3543243408203,-8.833571434021,"Unknown"
"7014851",371865,2025-09-02 00:48:51,43.3543090820312,-8.83342361450195,"Unknown"
"7014851",371865,2025-09-02 00:54:00,43.3540687561035,-8.83322906494141,"Unknown"
"7014851",371865,2025-09-02 00:59:00,43.3541450500488,-8.83321952819824,"Unknown"
"7014851",371865,2025-09-02 01:03:50,43.3541564941406,-8.83319473266602,"Unknown"
"7014851",371865,2025-09-02 01:09:00,43.3541603088379,-8.83320045471191,"Unknown"
"7014851",371865,2025-09-02 01:13:50,43.3542747497559,-8.83334922790527,"Unknown"
"7014851",371865,2025-09-02 01:19:00,43.3541030883789,-8.83324146270752,"Unknown"
"7014851",371865,2025-09-02 01:23:55,43.3541259765625,-8.83320713043213,"Unknown"
"7014851",371865,2025-09-02 01:29:14,43.3540878295898,-8.83347511291504,"Unknown"
"7014851",371865,2025-09-02 01:33:50,43.3540725708008,-8.83313274383545,"Unknown"
"7014851",371865,2025-09-02 01:38:52,43.3541145324707,-8.83335781097412,"Unknown"
"7014851",371865,2025-09-02 01:43:52,43.3538131713867,-8.83314514160156,"Unknown"
"7014851",371865,2025-09-02 01:49:02,43.3542594909668,-8.83318901062012,"Unknown"
"7014851",371865,2025-09-02 01:54:01,43.3542404174805,-8.83326435089111,"Unknown"
"7014851",371865,2025-09-02 01:59:01,43.3542900085449,-8.83322906494141,"Unknown"
"7014851",371865,2025-09-02 02:04:23,43.3542594909668,-8.83327960968018,"Unknown"
"7014851",371865,2025-09-02 02:08:49,43.3542251586914,-8.8334321975708,"Unknown"
"7014851",371865,2025-09-02 02:13:49,43.3542671203613,-8.83339500427246,"Unknown"
"7014851",371865,2025-09-02 02:18:49,43.3542366027832,-8.83326816558838,"Unknown"
"7014851",371865,2025-09-02 02:23:49,43.3542671203613,-8.83329105377197,"Unknown"
"7014851",371865,2025-09-02 02:28:49,43.3542709350586,-8.83335876464844,"Unknown"
"7014851",371865,2025-09-02 02:33:49,43.3542518615723,-8.83334350585938,"Unknown"
"7014851",371865,2025-09-02 02:38:49,43.3541641235352,-8.83342456817627,"Unknown"
"7014851",371865,2025-09-02 02:43:49,43.3540306091309,-8.8334379196167,"Unknown"
"7014851",371865,2025-09-02 02:48:49,43.3541107177734,-8.83341789245605,"Unknown"
"7014851",371865,2025-09-02 02:53:49,43.3540916442871,-8.83335399627686,"Unknown"
"7014851",371865,2025-09-02 02:58:49,43.3540496826172,-8.83347034454346,"Unknown"
"7014851",371865,2025-09-02 03:03:50,43.3540229797363,-8.8334903717041,"Unknown"
"7014851",371865,2025-09-02 03:08:49,43.3540878295898,-8.8334846496582,"Unknown"
"7014851",371865,2025-09-02 03:13:50,43.3541603088379,-8.83343410491943,"Unknown"
"7014851",371865,2025-09-02 03:18:51,43.3540954589844,-8.83343315124512,"Unknown"
"7014851",371865,2025-09-02 03:23:51,43.3540992736816,-8.83341884613037,"Unknown"
"7014851",371865,2025-09-02 03:29:14,43.3541297912598,-8.83337211608887,"Unknown"
"7014851",371865,2025-09-02 03:33:49,43.3541374206543,-8.83346462249756,"Unknown"
"7014851",371865,2025-09-02 03:38:49,43.3541984558105,-8.83350849151611,"Unknown"
"7014851",371865,2025-09-02 03:44:23,43.3541374206543,-8.83337879180908,"Unknown"
"7014851",371865,2025-09-02 03:48:49,43.3541450500488,-8.8333911895752,"Unknown"
"7014851",371865,2025-09-02 03:53:51,43.3541717529297,-8.83342170715332,"Unknown"
"7014851",371865,2025-09-02 03:58:50,43.3541603088379,-8.83338928222656,"Unknown"
"7014851",371865,2025-09-02 04:03:49,43.3541831970215,-8.83336162567139,"Unknown"
"7014851",371865,2025-09-02 04:08:49,43.3541717529297,-8.83337116241455,"Unknown"
"7014851",371865,2025-09-02 04:13:50,43.3541107177734,-8.8332691192627,"Unknown"
"7014851",371865,2025-09-02 04:18:49,43.3541107177734,-8.83327674865723,"Unknown"
"7014851",371865,2025-09-02 04:23:50,43.354175567627,-8.83332824707031,"Unknown"
"7014851",371865,2025-09-02 04:28:50,43.3541603088379,-8.83331871032715,"Unknown"
"7014851",371865,2025-09-02 04:33:51,43.3542022705078,-8.83334827423096,"Unknown"
"7014851",371865,2025-09-02 04:38:50,43.3545150756836,-8.83396244049072,"Unknown"
"7014851",371865,2025-09-02 04:43:51,43.3543128967285,-8.83355331420898,"Unknown"
"7014851",371865,2025-09-02 04:48:51,43.354076385498,-8.83308029174805,"Unknown"
"7014851",371865,2025-09-02 04:54:00,43.3541526794434,-8.83335494995117,"Unknown"
"7014851",371865,2025-09-02 04:58:49,43.354133605957,-8.83335876464844,"Unknown"
"7014851",371865,2025-09-02 05:03:51,43.3541374206543,-8.83318424224854,"Unknown"
"7014851",371865,2025-09-02 05:08:50,43.3541793823242,-8.83323764801025,"Unknown"
"7014851",371865,2025-09-02 05:14:07,43.354175567627,-8.83327579498291,"Unknown"
"7014851",371865,2025-09-02 05:19:04,43.3541603088379,-8.83328056335449,"Unknown"
"7014851",371865,2025-09-02 05:24:03,43.353588104248,-8.83586597442627,"Unknown"
"7014851",371865,2025-09-02 05:29:12,43.3559837341309,-8.84954071044922,"Unknown"
"7014851",371865,2025-09-02 05:33:52,43.3484077453613,-8.85282421112061,"Unknown"
"7014851",371865,2025-09-02 05:39:22,43.3453483581543,-8.85431098937988,"Unknown"
"7014851",371865,2025-09-02 05:44:11,43.3402061462402,-8.85375308990479,"Unknown"
"7014851",371865,2025-09-02 05:48:50,43.3301086425781,-8.85858821868896,"Unknown"
"7014851",371865,2025-09-02 05:53:50,43.321720123291,-8.86206912994385,"Unknown"
"7014851",371865,2025-09-02 05:58:51,43.3206176757812,-8.89128112792969,"Unknown"
"7014851",371865,2025-09-02 06:03:50,43.3197708129883,-8.91067409515381,"Unknown"
"7014851",371865,2025-09-02 06:08:49,43.3048210144043,-8.90963077545166,"Unknown"
"7014851",371865,2025-09-02 06:13:51,43.2941551208496,-8.9214916229248,"Unknown"
"7014851",371865,2025-09-02 06:18:52,43.2922439575195,-8.94815635681152,"Unknown"
"7014851",371865,2025-09-02 06:24:14,43.2916488647461,-8.95919322967529,"Unknown"
"7014851",371865,2025-09-02 06:28:58,43.2917556762695,-8.9593334197998,"Unknown"
"7014851",371865,2025-09-02 06:34:14,43.2914581298828,-8.95935535430908,"Unknown"
"7014851",371865,2025-09-02 06:38:56,43.2914657592773,-8.95928764343262,"Unknown"
"7014851",371865,2025-09-02 06:43:52,43.2901725769043,-8.9597864151001,"Unknown"
"7014851",371865,2025-09-02 06:48:54,43.2911071777344,-8.95911693572998,"Unknown"
"7014851",371865,2025-09-02 06:53:56,43.2914390563965,-8.95923614501953,"Unknown"
"7014851",371865,2025-09-02 06:59:15,43.2910804748535,-8.96102237701416,"Unknown"
"7014851",371865,2025-09-02 07:04:01,43.2908897399902,-8.96115684509277,"Unknown"
"7014851",371865,2025-09-02 07:09:01,43.2908744812012,-8.96123886108398,"Unknown"
"7014851",371865,2025-09-02 07:14:02,43.2916564941406,-8.95954132080078,"Unknown"
"7014851",371865,2025-09-02 07:19:01,43.2915306091309,-8.9593563079834,"Unknown"
"7014851",371865,2025-09-02 07:23:56,43.2911682128906,-8.95756149291992,"Unknown"
"7014851",371865,2025-09-02 07:29:23,43.2911911010742,-8.95977878570557,"Unknown"
"7014851",371865,2025-09-02 07:33:55,43.2911720275879,-8.95956993103027,"Unknown"
"7014851",371865,2025-09-02 07:38:50,43.2911605834961,-8.95957851409912,"Unknown"
"7014851",371865,2025-09-02 07:43:51,43.2909469604492,-8.95962429046631,"Unknown"
"7014851",371865,2025-09-02 07:54:29,43.2910003662109,-8.95967578887939,"Unknown"
"7014851",371865,2025-09-02 08:03:47,43.2908630371094,-8.95976161956787,"Unknown"
"7014851",371865,2025-09-02 08:13:53,43.2906608581543,-8.95983982086182,"Unknown"
"7014851",371865,2025-09-02 08:23:47,43.2908172607422,-8.95983600616455,"Unknown"
"7014851",371865,2025-09-02 08:33:48,43.2911758422852,-8.95997524261475,"Unknown"
"7014851",371865,2025-09-02 08:43:50,43.2906036376953,-8.95981121063232,"Unknown"
"7014851",371865,2025-09-02 08:53:48,43.2909164428711,-8.95992946624756,"Unknown"
"7014851",371865,2025-09-02 08:58:49,43.2904739379883,-8.95979309082031,"Unknown"
"7014851",371865,2025-09-02 09:03:48,43.2910690307617,-8.95991134643555,"Unknown"
"7014851",371865,2025-09-02 09:09:11,43.2906532287598,-8.95983219146729,"Unknown"
"7014851",371865,2025-09-02 09:13:46,43.2906684875488,-8.95983219146729,"Unknown"
"7014851",371865,2025-09-02 09:18:47,43.2906494140625,-8.95978355407715,"Unknown"
"7014851",371865,2025-09-02 09:23:47,43.2907638549805,-8.95981407165527,"Unknown"
"7014851",371865,2025-09-02 09:28:48,43.2907409667969,-8.95958995819092,"Unknown"
"7014851",371865,2025-09-02 09:33:49,43.2907409667969,-8.95995426177979,"Unknown"
"7014851",371865,2025-09-02 09:38:48,43.2905349731445,-8.9600248336792,"Unknown"
"7014851",371865,2025-09-02 09:43:55,43.2899703979492,-8.9608039855957,"Unknown"
"7014851",371865,2025-09-02 09:49:14,43.2898445129395,-8.96103000640869,"Unknown"
"7014851",371865,2025-09-02 09:53:46,43.2899322509766,-8.96098899841309,"Unknown"
"7014851",371865,2025-09-02 09:59:05,43.2897987365723,-8.96094608306885,"Unknown"
"7014851",371865,2025-09-02 10:03:46,43.289867401123,-8.96104526519775,"Unknown"
"7014851",371865,2025-09-02 10:08:46,43.2899055480957,-8.96125602722168,"Unknown"
"7014851",371865,2025-09-02 10:13:49,43.2898559570312,-8.96122264862061,"Unknown"
"7014851",371865,2025-09-02 10:18:46,43.2899742126465,-8.96120929718018,"Unknown"
"7014851",371865,2025-09-02 10:23:46,43.289852142334,-8.96108341217041,"Unknown"
"7014851",371865,2025-09-02 10:28:46,43.2898254394531,-8.96106624603271,"Unknown"
"7014851",371865,2025-09-02 10:33:48,43.2896728515625,-8.96090888977051,"Unknown"
"7014851",371865,2025-09-02 10:38:48,43.2899436950684,-8.96124172210693,"Unknown"
"7014851",371865,2025-09-02 10:43:48,43.289867401123,-8.96113014221191,"Unknown"
"7014851",371865,2025-09-02 10:48:48,43.2898139953613,-8.96108341217041,"Unknown"
"7014851",371865,2025-09-02 10:53:49,43.2898330688477,-8.96101760864258,"Unknown"
"7014851",371865,2025-09-02 10:58:51,43.2898025512695,-8.9609203338623,"Unknown"
"7014851",371865,2025-09-02 11:04:05,43.2898559570312,-8.96106243133545,"Unknown"
"7014851",371865,2025-09-02 11:08:47,43.2898712158203,-8.96112060546875,"Unknown"
"7014851",371865,2025-09-02 11:13:52,43.2898902893066,-8.96092224121094,"Unknown"
"7014851",371865,2025-09-02 11:18:54,43.289966583252,-8.96096992492676,"Unknown"
"7014851",371865,2025-09-02 11:23:53,43.2899932861328,-8.96094703674316,"Unknown"
"7014851",371865,2025-09-02 11:28:52,43.2899780273438,-8.96101665496826,"Unknown"
"7014851",371865,2025-09-02 11:34:14,43.2897758483887,-8.96103191375732,"Unknown"
"7014851",371865,2025-09-02 11:38:47,43.2899360656738,-8.96132183074951,"Unknown"
"7014851",371865,2025-09-02 11:43:45,43.2898483276367,-8.96141338348389,"Unknown"
"7014851",371865,2025-09-02 11:48:54,43.289966583252,-8.96111106872559,"Unknown"
"7014851",371865,2025-09-02 11:53:55,43.2898635864258,-8.96106338500977,"Unknown"
"7014851",371865,2025-09-02 11:58:54,43.2898559570312,-8.96113586425781,"Unknown"
"7014851",371865,2025-09-02 12:03:55,43.2894973754883,-8.96056842803955,"Unknown"
"7014851",371865,2025-09-02 12:08:54,43.2897720336914,-8.96097946166992,"Unknown"
"7014851",371865,2025-09-02 12:13:54,43.2897872924805,-8.96102046966553,"Unknown"
"7014851",371865,2025-09-02 12:18:53,43.2897720336914,-8.96100330352783,"Unknown"
"7014851",371865,2025-09-02 12:23:51,43.2898635864258,-8.96106719970703,"Unknown"
"7014851",371865,2025-09-02 12:28:49,43.2898178100586,-8.96095180511475,"Unknown"
"7014851",371865,2025-09-02 12:34:05,43.2898330688477,-8.96102809906006,"Unknown"
"7014851",371865,2025-09-02 12:38:45,43.2898406982422,-8.9610071182251,"Unknown"
"7014851",371865,2025-09-02 12:43:45,43.2898139953613,-8.96110916137695,"Unknown"
"7014851",371865,2025-09-02 12:48:46,43.2897834777832,-8.96091747283936,"Unknown"
"7014851",371865,2025-09-02 12:53:44,43.2898063659668,-8.96105003356934,"Unknown"
"7014851",371865,2025-09-02 12:58:46,43.289665222168,-8.9609375,"Unknown"
"7014851",371865,2025-09-02 13:03:45,43.2897720336914,-8.96090030670166,"Unknown"
"7014851",371865,2025-09-02 13:08:46,43.2897148132324,-8.96106624603271,"Unknown"
"7014851",371865,2025-09-02 13:13:44,43.289852142334,-8.96114063262939,"Unknown"
"7014851",371865,2025-09-02 13:18:51,43.2900314331055,-8.96096706390381,"Unknown"
"7014851",371865,2025-09-02 13:23:45,43.2896041870117,-8.9602222442627,"Unknown"
"7014851",371865,2025-09-02 13:28:46,43.289981842041,-8.9611644744873,"Unknown"
"7014851",371865,2025-09-02 13:33:46,43.289737701416,-8.96089839935303,"Unknown"
"7014851",371865,2025-09-02 13:38:52,43.2898483276367,-8.96104907989502,"Unknown"
"7014851",371865,2025-09-02 13:43:45,43.2866401672363,-8.96191024780273,"Unknown"
"7014851",371865,2025-09-02 13:48:51,43.2868919372559,-8.9623441696167,"Unknown"
"7014851",371865,2025-09-02 13:53:47,43.2868347167969,-8.96206283569336,"Unknown"
"7014851",371865,2025-09-02 13:58:47,43.2870483398438,-8.96220874786377,"Unknown"
"7014851",371865,2025-09-02 14:04:44,43.2906875610352,-8.97561931610107,"Unknown"
"7014851",371865,2025-09-02 14:08:47,43.2893600463867,-8.96755123138428,"Unknown"
"7014851",371865,2025-09-02 14:13:55,43.2866134643555,-8.96280193328857,"Unknown"
"7014851",371865,2025-09-02 14:18:54,43.2867584228516,-8.96247577667236,"Unknown"
"7014851",371865,2025-09-02 14:23:54,43.2881011962891,-8.96376419067383,"Unknown"
"7014851",371865,2025-09-02 14:28:49,43.2881317138672,-8.96425247192383,"Unknown"
"7014851",371865,2025-09-02 14:33:53,43.2894477844238,-8.96122169494629,"Unknown"
"7014851",371865,2025-09-02 14:38:54,43.2895126342773,-8.96129894256592,"Unknown"
"7014851",371865,2025-09-02 14:43:55,43.2894248962402,-8.96129989624023,"Unknown"
"7014851",371865,2025-09-02 14:48:56,43.2895584106445,-8.96125984191895,"Unknown"
"7014851",371865,2025-09-02 14:53:54,43.2895545959473,-8.96128463745117,"Unknown"
"7014851",371865,2025-09-02 14:58:55,43.2896308898926,-8.96125411987305,"Unknown"
"7014851",371865,2025-09-02 15:03:58,43.2895240783691,-8.96133995056152,"Unknown"
"7014851",371865,2025-09-02 15:08:58,43.2895927429199,-8.96122932434082,"Unknown"
"7014851",371865,2025-09-02 15:13:58,43.2896575927734,-8.96127605438232,"Unknown"
"7014851",371865,2025-09-02 15:19:05,43.2895889282227,-8.96142196655273,"Unknown"
"7014851",371865,2025-09-02 15:23:47,43.2896270751953,-8.96142673492432,"Unknown"
"7014851",371865,2025-09-02 15:28:44,43.2896766662598,-8.9612340927124,"Unknown"
"7014851",371865,2025-09-02 15:33:45,43.2897567749023,-8.9616641998291,"Unknown"
"7014851",371865,2025-09-02 15:38:45,43.2897644042969,-8.96176719665527,"Unknown"
"7014851",371865,2025-09-02 15:43:47,43.2897262573242,-8.96107006072998,"Unknown"
"7014851",371865,2025-09-02 15:48:49,43.289794921875,-8.96147727966309,"Unknown"
"7014851",371865,2025-09-02 15:54:05,43.2897071838379,-8.96140098571777,"Unknown"
"7014851",371865,2025-09-02 15:58:44,43.2896842956543,-8.96136856079102,"Unknown"
"7014851",371865,2025-09-02 16:03:44,43.2899780273438,-8.96139430999756,"Unknown"
"7014851",371865,2025-09-02 16:08:45,43.2896995544434,-8.9613790512085,"Unknown"
"7014851",371865,2025-09-02 16:13:44,43.289737701416,-8.96138000488281,"Unknown"
"7014851",371865,2025-09-02 16:18:44,43.2897453308105,-8.96138000488281,"Unknown"
"7014851",371865,2025-09-02 16:23:44,43.2895927429199,-8.96127033233643,"Unknown"
"7014851",371865,2025-09-02 16:28:44,43.2899742126465,-8.9616003036499,"Unknown"
"7014851",371865,2025-09-02 16:33:44,43.2897300720215,-8.96136474609375,"Unknown"
"7014851",371865,2025-09-02 16:39:05,43.2896919250488,-8.96132564544678,"Unknown"
"7014851",371865,2025-09-02 16:43:53,43.2896614074707,-8.96133708953857,"Unknown"
"7014851",371865,2025-09-02 16:48:45,43.2899856567383,-8.96169567108154,"Unknown"
"7014851",371865,2025-09-02 16:53:45,43.2896614074707,-8.96123600006104,"Unknown"
"7014851",371865,2025-09-02 16:58:45,43.289623260498,-8.96117210388184,"Unknown"
"7014851",371865,2025-09-02 17:03:46,43.2898941040039,-8.96161842346191,"Unknown"
"7014851",371865,2025-09-02 17:08:47,43.2897109985352,-8.96128177642822,"Unknown"
"7014851",371865,2025-09-02 17:13:47,43.2898063659668,-8.96152687072754,"Unknown"
"7014851",371865,2025-09-02 17:18:46,43.2895927429199,-8.96102333068848,"Unknown"
"7014851",371865,2025-09-02 17:23:48,43.2896347045898,-8.96105575561523,"Unknown"
"7014851",371865,2025-09-02 17:28:47,43.2896499633789,-8.96121883392334,"Unknown"
"7014851",371865,2025-09-02 17:33:49,43.289623260498,-8.96137142181396,"Unknown"
"7014851",371865,2025-09-02 17:38:51,43.28955078125,-8.96116256713867,"Unknown"
"7014851",371865,2025-09-02 17:43:48,43.2897300720215,-8.96109008789062,"Unknown"
"7014851",371865,2025-09-02 17:48:49,43.2896766662598,-8.96133518218994,"Unknown"
"7014851",371865,2025-09-02 17:53:51,43.2897186279297,-8.96132278442383,"Unknown"
"7014851",371865,2025-09-02 17:58:49,43.2884483337402,-8.96129131317139,"Unknown"
"7014851",371865,2025-09-02 18:04:05,43.2895545959473,-8.96127796173096,"Unknown"
"7014851",371865,2025-09-02 18:08:45,43.2896118164062,-8.96201515197754,"Unknown"
"7014851",371865,2025-09-02 18:13:54,43.2894477844238,-8.96140480041504,"Unknown"
"7014851",371865,2025-09-02 18:18:46,43.2894325256348,-8.96141338348389,"Unknown"
"7014851",371865,2025-09-02 18:23:52,43.2894287109375,-8.96144485473633,"Unknown"
"7014851",371865,2025-09-02 18:28:52,43.2894058227539,-8.9614725112915,"Unknown"
"7014851",371865,2025-09-02 18:33:51,43.2893981933594,-8.96149635314941,"Unknown"
"7014851",371865,2025-09-02 18:38:57,43.2894744873047,-8.96138858795166,"Unknown"
"7014851",371865,2025-09-02 18:44:05,43.2893676757812,-8.96138954162598,"Unknown"
"7014851",371865,2025-09-02 18:48:45,43.289306640625,-8.96138191223145,"Unknown"
"7014851",371865,2025-09-02 18:53:44,43.2893028259277,-8.96141242980957,"Unknown"
"7014851",371865,2025-09-02 18:58:45,43.2892799377441,-8.96142482757568,"Unknown"
"7014851",371865,2025-09-02 19:03:44,43.2892913818359,-8.96140289306641,"Unknown"
"7014851",371865,2025-09-02 19:08:45,43.2879180908203,-8.96126365661621,"Unknown"
"7014851",371865,2025-09-02 19:13:44,43.2878684997559,-8.96127223968506,"Unknown"
"7014851",371865,2025-09-02 19:18:44,43.2987899780273,-8.95580673217773,"Unknown"
"7014851",371865,2025-09-02 19:23:45,43.3289031982422,-8.90489292144775,"Unknown"
"7014851",371865,2025-09-02 19:28:44,43.3472175598145,-8.85547637939453,"Unknown"
"7014851",371865,2025-09-02 19:33:45,43.3476371765137,-8.85492706298828,"Unknown"
"7014851",371865,2025-09-02 19:38:45,43.3484001159668,-8.85461330413818,"Unknown"
"7014851",371865,2025-09-02 19:43:45,43.3493690490723,-8.85417747497559,"Unknown"
"7014851",371865,2025-09-02 19:48:46,43.3496475219727,-8.85409069061279,"Unknown"
"7014851",371865,2025-09-02 19:53:46,43.3501052856445,-8.85418796539307,"Unknown"
"7014851",371865,2025-09-02 19:58:49,43.3492813110352,-8.85467338562012,"Unknown"
"7014851",371865,2025-09-02 20:03:46,43.34912109375,-8.85718441009521,"Unknown"
"7014851",371865,2025-09-02 20:08:52,43.3494415283203,-8.85637855529785,"Unknown"
"7014851",371865,2025-09-02 20:13:46,43.3532180786133,-8.85613441467285,"Unknown"
"7014851",371865,2025-09-02 20:18:46,43.3657073974609,-8.85341548919678,"Unknown"
"7014851",371865,2025-09-02 20:23:46,43.3640632629395,-8.85230159759521,"Unknown"
"7014851",371865,2025-09-02 20:29:11,43.356819152832,-8.85247135162354,"Unknown"
"7014851",371865,2025-09-02 20:33:48,43.3566703796387,-8.8524751663208,"Unknown"
"7014851",371865,2025-09-02 20:38:47,43.3568687438965,-8.85250091552734,"Unknown"
"7014851",371865,2025-09-02 20:43:48,43.3568382263184,-8.85248184204102,"Unknown"
"7014851",371865,2025-09-02 20:49:29,43.3571166992188,-8.8523588180542,"Unknown"
"7014851",371865,2025-09-02 20:53:46,43.3576316833496,-8.85221290588379,"Unknown"
"7014851",371865,2025-09-02 20:58:51,43.3575820922852,-8.85257148742676,"Unknown"
"7014851",371865,2025-09-02 21:03:47,43.3584327697754,-8.85237979888916,"Unknown"
"7014851",371865,2025-09-02 21:08:51,43.3578147888184,-8.85218906402588,"Unknown"
"7014851",371865,2025-09-02 21:13:53,43.357780456543,-8.85227489471436,"Unknown"
"7014851",371865,2025-09-02 21:18:48,43.3576202392578,-8.85237216949463,"Unknown"
"7014851",371865,2025-09-02 21:23:46,43.3577499389648,-8.85231685638428,"Unknown"
"7014851",371865,2025-09-02 21:29:00,43.3575592041016,-8.85229301452637,"Unknown"
"7014851",371865,2025-09-02 21:33:48,43.3574752807617,-8.85204029083252,"Unknown"
"7014851",371865,2025-09-02 21:38:48,43.3572731018066,-8.85171318054199,"Unknown"
"7014851",371865,2025-09-02 21:43:55,43.3588180541992,-8.85211944580078,"Unknown"
"7014851",371865,2025-09-02 21:49:05,43.3584632873535,-8.85144233703613,"Unknown"
"7014851",371865,2025-09-02 21:53:47,43.3583602905273,-8.85108280181885,"Unknown"
"7014851",371865,2025-09-02 21:58:47,43.3584098815918,-8.85100650787354,"Unknown"
"7014851",371865,2025-09-02 22:03:54,43.354377746582,-8.8331995010376,"Unknown"
"7014851",371865,2025-09-02 22:08:52,43.3543167114258,-8.83318996429443,"Unknown"
"7014851",371865,2025-09-02 22:13:47,43.3542060852051,-8.83307456970215,"Unknown"
"7014851",371865,2025-09-02 22:18:54,43.3543930053711,-8.83321285247803,"Unknown"
"7014851",371865,2025-09-02 22:23:49,43.3542709350586,-8.83322620391846,"Unknown"
"7014851",371865,2025-09-02 22:28:48,43.3543357849121,-8.83321475982666,"Unknown"
"7014851",371865,2025-09-02 22:33:49,43.3543701171875,-8.83326625823975,"Unknown"
"7014851",371865,2025-09-02 22:38:51,43.3543395996094,-8.83320903778076,"Unknown"
"7014851",371865,2025-09-02 22:43:46,43.3544311523438,-8.83327579498291,"Unknown"
"7014851",371865,2025-09-02 22:48:50,43.3544425964355,-8.83324432373047,"Unknown"
"7014851",371865,2025-09-02 22:53:55,43.3543815612793,-8.83321762084961,"Unknown"
"7014851",371865,2025-09-02 22:58:55,43.3544578552246,-8.83324432373047,"Unknown"
"7014851",371865,2025-09-02 23:03:48,43.3544921875,-8.8332405090332,"Unknown"
"7014851",371865,2025-09-02 23:08:52,43.3545913696289,-8.83322429656982,"Unknown"
"7014851",371865,2025-09-02 23:14:03,43.3543472290039,-8.83318424224854,"Unknown"
"7014851",371865,2025-09-02 23:18:56,43.3543014526367,-8.83318328857422,"Unknown"
"7014851",371865,2025-09-02 23:24:13,43.3543586730957,-8.83323860168457,"Unknown"
"7014851",371865,2025-09-02 23:28:45,43.354434967041,-8.83328628540039,"Unknown"
"7014851",371865,2025-09-02 23:33:45,43.354377746582,-8.83333015441895,"Unknown"
"7014851",371865,2025-09-02 23:38:46,43.3543434143066,-8.83321762084961,"Unknown"
"7014851",371865,2025-09-02 23:43:47,43.3543548583984,-8.83322811126709,"Unknown"
"7014851",371865,2025-09-02 23:48:46,43.3543128967285,-8.83303356170654,"Unknown"
"7014851",371865,2025-09-02 23:53:55,43.3543548583984,-8.83314609527588,"Unknown"
"7014851",371865,2025-09-02 23:58:55,43.3543930053711,-8.83330249786377,"Unknown"
"7014851",371865,2025-09-03 00:04:05,43.3543701171875,-8.83323669433594,"Unknown"
"7014851",371865,2025-09-03 00:08:45,43.354362487793,-8.83318424224854,"Unknown"
"7014851",371865,2025-09-03 00:13:47,43.354377746582,-8.83320331573486,"Unknown"
"7014851",371865,2025-09-03 00:18:46,43.3543319702148,-8.83308601379395,"Unknown"
"7014851",371865,2025-09-03 00:23:47,43.3547592163086,-8.83411693572998,"Unknown"
"7014851",371865,2025-09-03 00:28:46,43.3546295166016,-8.83372020721436,"Unknown"
"7014851",371865,2025-09-03 00:33:46,43.3545303344727,-8.83362674713135,"Unknown"
"7014851",371865,2025-09-03 00:39:26,43.3543357849121,-8.83305549621582,"Unknown"
"7014851",371865,2025-09-03 00:43:45,43.3543395996094,-8.8330135345459,"Unknown"
"7014851",371865,2025-09-03 00:48:45,43.3543510437012,-8.8331298828125,"Unknown"
"7014851",371865,2025-09-03 00:53:45,43.3543739318848,-8.8330717086792,"Unknown"
"7014851",371865,2025-09-03 00:58:48,43.3543472290039,-8.83291721343994,"Unknown"
"7014851",371865,2025-09-03 01:03:49,43.3530921936035,-8.83940505981445,"Unknown"
"7014851",371865,2025-09-03 01:08:49,43.354923248291,-8.85376930236816,"Unknown"
"7014851",371865,2025-09-03 01:13:48,43.3484840393066,-8.8576078414917,"Unknown"
"7014851",371865,2025-09-03 01:18:52,43.348258972168,-8.85745239257812,"Unknown"
"7014851",371865,2025-09-03 01:23:52,43.3479042053223,-8.85674858093262,"Unknown"
"7014851",371865,2025-09-03 01:28:52,43.3478012084961,-8.85685253143311,"Unknown"
"7014851",371865,2025-09-03 01:35:02,43.3473243713379,-8.8583927154541,"Unknown"
"7014851",371865,2025-09-03 01:38:48,43.3471641540527,-8.85781764984131,"Unknown"
"7014851",371865,2025-09-03 01:43:49,43.3469390869141,-8.85757255554199,"Unknown"
"7014851",371865,2025-09-03 01:48:50,43.3464202880859,-8.85585975646973,"Unknown"
"7014851",371865,2025-09-03 01:53:46,43.3538932800293,-8.83308124542236,"Unknown"
"7014851",371865,2025-09-03 01:58:56,43.3542785644531,-8.83312511444092,"Unknown"
"7014851",371865,2025-09-03 02:03:47,43.3543128967285,-8.83311462402344,"Unknown"
"7014851",371865,2025-09-03 02:08:55,43.3542175292969,-8.83307838439941,"Unknown"
"7014851",371865,2025-09-03 02:13:48,43.3542366027832,-8.83304500579834,"Unknown"
"7014851",371865,2025-09-03 02:18:57,43.3542633056641,-8.83312225341797,"Unknown"
"7014851",371865,2025-09-03 02:23:55,43.3542289733887,-8.83316993713379,"Unknown"
"7014851",371865,2025-09-03 02:28:55,43.3542175292969,-8.83309745788574,"Unknown"
"7014851",371865,2025-09-03 02:33:54,43.3542518615723,-8.83313846588135,"Unknown"
"7014851",371865,2025-09-03 02:38:52,43.3542098999023,-8.83316802978516,"Unknown"
"7014851",371865,2025-09-03 02:43:55,43.3542022705078,-8.83311080932617,"Unknown"
"7014851",371865,2025-09-03 02:48:55,43.3542327880859,-8.83314228057861,"Unknown"
"7014851",371865,2025-09-03 02:53:54,43.3542366027832,-8.83312511444092,"Unknown"
"7014851",371865,2025-09-03 02:58:54,43.3542137145996,-8.8330774307251,"Unknown"
"7014851",371865,2025-09-03 03:03:51,43.3542366027832,-8.83315753936768,"Unknown"
"7014851",371865,2025-09-03 03:08:54,43.3542175292969,-8.8330717086792,"Unknown"
"7014851",371865,2025-09-03 03:13:53,43.3542366027832,-8.83315277099609,"Unknown"
"7014851",371865,2025-09-03 03:18:54,43.3542175292969,-8.83306884765625,"Unknown"
"7014851",371865,2025-09-03 03:23:55,43.3542213439941,-8.83308506011963,"Unknown"
"7014851",371865,2025-09-03 03:28:55,43.354248046875,-8.83315277099609,"Unknown"
"7014851",371865,2025-09-03 03:33:53,43.3542060852051,-8.83312511444092,"Unknown"
"7014851",371865,2025-09-03 03:38:51,43.3542022705078,-8.8331298828125,"Unknown"
"7014851",371865,2025-09-03 03:43:53,43.3542137145996,-8.83312892913818,"Unknown"
"7014851",371865,2025-09-03 03:48:53,43.3542366027832,-8.83303451538086,"Unknown"
"7014851",371865,2025-09-03 03:54:05,43.3541603088379,-8.83312129974365,"Unknown"
"7014851",371865,2025-09-03 03:58:44,43.354133605957,-8.8331823348999,"Unknown"
"7014851",371865,2025-09-03 04:03:45,43.3540267944336,-8.83307933807373,"Unknown"
"7014851",371865,2025-09-03 04:09:02,43.3541603088379,-8.83313179016113,"Unknown"
"7014851",371865,2025-09-03 04:13:44,43.3539543151855,-8.83284568786621,"Unknown"
"7014851",371865,2025-09-03 04:18:49,43.3542327880859,-8.83320617675781,"Unknown"
"7014851",371865,2025-09-03 04:23:52,43.354175567627,-8.83314037322998,"Unknown"
"7014851",371865,2025-09-03 04:28:48,43.3539009094238,-8.83281326293945,"Unknown"
"7014851",371865,2025-09-03 04:33:54,43.3541793823242,-8.83316898345947,"Unknown"
"7014851",371865,2025-09-03 04:38:52,43.3541717529297,-8.83318328857422,"Unknown"
"7014851",371865,2025-09-03 04:43:49,43.3541870117188,-8.83316326141357,"Unknown"
"7014851",371865,2025-09-03 04:48:52,43.354175567627,-8.83316707611084,"Unknown"
"7014851",371865,2025-09-03 04:53:47,43.3538932800293,-8.83243370056152,"Unknown"
"7014851",371865,2025-09-03 04:58:48,43.3538131713867,-8.83206939697266,"Unknown"
"7014851",371865,2025-09-03 05:03:47,43.3543014526367,-8.83358573913574,"Unknown"
"7014851",371865,2025-09-03 05:08:46,43.3542556762695,-8.83335304260254,"Unknown"
"7014851",371865,2025-09-03 05:13:46,43.3543167114258,-8.83375453948975,"Unknown"
"7014851",371865,2025-09-03 05:18:46,43.3568420410156,-8.84243106842041,"Unknown"
"7014851",371865,2025-09-03 05:23:52,43.3560256958008,-8.85295391082764,"Unknown"
"7014851",371865,2025-09-03 05:29:05,43.3564949035645,-8.85285949707031,"Unknown"
"7014851",371865,2025-09-03 05:33:44,43.3569259643555,-8.85296535491943,"Unknown"
"7014851",371865,2025-09-03 05:38:45,43.3502922058105,-8.84567356109619,"Unknown"
"7014851",371865,2025-09-03 05:43:45,43.3481101989746,-8.84366989135742,"Unknown"
"7014851",371865,2025-09-03 05:48:45,43.3456840515137,-8.8299446105957,"Unknown"
"7014851",371865,2025-09-03 05:53:45,43.3327598571777,-8.80323600769043,"Unknown"
"7014851",371865,2025-09-03 05:58:46,43.314525604248,-8.79264831542969,"Unknown"
"7014851",371865,2025-09-03 06:03:45,43.3028526306152,-8.75673675537109,"Unknown"
"7014851",371865,2025-09-03 06:08:45,43.2994689941406,-8.74406433105469,"Unknown"
"7014851",371865,2025-09-03 06:13:47,43.296760559082,-8.74463939666748,"Unknown"
"7014851",371865,2025-09-03 06:18:46,43.296257019043,-8.73883247375488,"Unknown"
"7014851",371865,2025-09-03 06:24:14,43.2940101623535,-8.73391151428223,"Unknown"
"7014851",371865,2025-09-03 06:28:48,43.2942237854004,-8.73390197753906,"Unknown"
"7014851",371865,2025-09-03 06:33:51,43.2940444946289,-8.73407173156738,"Unknown"
"7014851",371865,2025-09-03 06:38:48,43.2940063476562,-8.73396682739258,"Unknown"
"7014851",371865,2025-09-03 06:43:52,43.2942161560059,-8.73419284820557,"Unknown"
"7014851",371865,2025-09-03 06:49:14,43.294075012207,-8.73410511016846,"Unknown"
"7014851",371865,2025-09-03 06:53:52,43.2940521240234,-8.73390674591064,"Unknown"
"7014851",371865,2025-09-03 06:58:47,43.2939071655273,-8.73386001586914,"Unknown"
"7014851",371865,2025-09-03 07:04:05,43.2937240600586,-8.73392391204834,"Unknown"
"7014851",371865,2025-09-03 07:08:51,43.2935791015625,-8.73398399353027,"Unknown"
"7014851",371865,2025-09-03 07:13:45,43.293701171875,-8.73412322998047,"Unknown"
"7014851",371865,2025-09-03 07:18:53,43.2939605712891,-8.7343053817749,"Unknown"
"7014851",371865,2025-09-03 07:23:51,43.2938537597656,-8.73421859741211,"Unknown"
"7014851",371865,2025-09-03 07:29:07,43.2935485839844,-8.73397350311279,"Unknown"
"7014851",371865,2025-09-03 07:33:46,43.2938919067383,-8.73389148712158,"Unknown"
"7014851",371865,2025-09-03 07:38:46,43.2938766479492,-8.73398017883301,"Unknown"
"7014851",371865,2025-09-03 07:43:47,43.2932929992676,-8.73933887481689,"Unknown"
"7014851",371865,2025-09-03 07:51:03,43.2933616638184,-8.73869132995605,"Unknown"
"7014851",371865,2025-09-03 07:55:31,43.2932472229004,-8.73893642425537,"Unknown"
"7014851",371865,2025-09-03 08:00:32,43.2932472229004,-8.73905563354492,"Unknown"
"7014851",371865,2025-09-03 08:05:33,43.2932319641113,-8.73906993865967,"Unknown"
"7014851",371865,2025-09-03 08:10:31,43.2932243347168,-8.73912620544434,"Unknown"
"7014851",371865,2025-09-03 08:15:32,43.293643951416,-8.74051380157471,"Unknown"
"7014851",371865,2025-09-03 08:20:34,43.2932014465332,-8.73755359649658,"Unknown"
"7014851",371865,2025-09-03 08:25:31,43.2931823730469,-8.73754024505615,"Unknown"
"7014851",371865,2025-09-03 08:30:32,43.2931594848633,-8.73756217956543,"Unknown"
"7014851",371865,2025-09-03 08:35:34,43.2931442260742,-8.73747444152832,"Unknown"
"7014851",371865,2025-09-03 08:40:31,43.2930450439453,-8.73744297027588,"Unknown"
"7014851",371865,2025-09-03 08:45:38,43.2931823730469,-8.737548828125,"Unknown"
"7014851",371865,2025-09-03 08:50:38,43.2931327819824,-8.73752021789551,"Unknown"
"7014851",371865,2025-09-03 08:55:45,43.2931060791016,-8.73742485046387,"Unknown"
"7014851",371865,2025-09-03 09:00:37,43.2931518554688,-8.73735904693604,"Unknown"
"7014851",371865,2025-09-03 09:05:31,43.2932395935059,-8.73709583282471,"Unknown"
"7014851",371865,2025-09-03 09:10:39,43.293270111084,-8.73717403411865,"Unknown"
"7014851",371865,2025-09-03 09:15:32,43.2932281494141,-8.73717498779297,"Unknown"
"7014851",371865,2025-09-03 09:20:34,43.2931365966797,-8.73714637756348,"Unknown"
"7014851",371865,2025-09-03 09:25:34,43.2929992675781,-8.7371187210083,"Unknown"
"7014851",371865,2025-09-03 09:30:36,43.2932548522949,-8.73701858520508,"Unknown"
"7014851",371865,2025-09-03 09:36:05,43.2932472229004,-8.73695087432861,"Unknown"
"7014851",371865,2025-09-03 09:40:40,43.2932472229004,-8.73696613311768,"Unknown"
"7014851",371865,2025-09-03 09:45:32,43.2933120727539,-8.73694515228271,"Unknown"
"7014851",371865,2025-09-03 09:50:34,43.2931709289551,-8.73679065704346,"Unknown"
"7014851",371865,2025-09-03 09:55:51,43.2932777404785,-8.7367696762085,"Unknown"
"7014851",371865,2025-09-03 10:00:31,43.2952041625977,-8.74335861206055,"Unknown"
"7014851",371865,2025-09-03 10:05:32,43.3010749816895,-8.75833511352539,"Unknown"
"7014851",371865,2025-09-03 10:10:32,43.3043022155762,-8.78343486785889,"Unknown"
"7014851",371865,2025-09-03 10:15:37,43.3057823181152,-8.78823566436768,"Unknown"
"7014851",371865,2025-09-03 10:21:00,43.3066291809082,-8.78874588012695,"Unknown"
"7014851",371865,2025-09-03 10:25:33,43.3055114746094,-8.78829193115234,"Unknown"
"7014851",371865,2025-09-03 10:30:36,43.3055381774902,-8.7881555557251,"Unknown"
"7014851",371865,2025-09-03 10:36:14,43.3068313598633,-8.78861522674561,"Unknown"
"7014851",371865,2025-09-03 10:40:37,43.3068733215332,-8.78855228424072,"Unknown"
"7014851",371865,2025-09-03 10:46:55,43.3069534301758,-8.7886848449707,"Unknown"
"7014851",371865,2025-09-03 10:51:05,43.3069152832031,-8.78853130340576,"Unknown"
"7014851",371865,2025-09-03 10:55:32,43.306884765625,-8.78859996795654,"Unknown"
"7014851",371865,2025-09-03 11:00:37,43.3071670532227,-8.78861904144287,"Unknown"
"7014851",371865,2025-09-03 11:05:32,43.306941986084,-8.78865051269531,"Unknown"
"7014851",371865,2025-09-03 11:10:32,43.3069458007812,-8.78864669799805,"Unknown"
"7014851",371865,2025-09-03 11:15:32,43.3068771362305,-8.78868198394775,"Unknown"
"7014851",371865,2025-09-03 11:20:32,43.3069267272949,-8.78877449035645,"Unknown"
"7014851",371865,2025-09-03 11:25:31,43.3069496154785,-8.78870582580566,"Unknown"
"7014851",371865,2025-09-03 11:30:39,43.3069305419922,-8.78849315643311,"Unknown"
"7014851",371865,2025-09-03 11:35:34,43.3071441650391,-8.78878879547119,"Unknown"
"7014851",371865,2025-09-03 11:40:32,43.3070945739746,-8.78865432739258,"Unknown"
"7014851",371865,2025-09-03 11:45:32,43.3072280883789,-8.78855419158936,"Unknown"
"7014851",371865,2025-09-03 11:50:33,43.3072738647461,-8.78853893280029,"Unknown"
"7014851",371865,2025-09-03 11:55:33,43.3071670532227,-8.7886209487915,"Unknown"
"7014851",371865,2025-09-03 12:00:37,43.3071708679199,-8.78867435455322,"Unknown"
"7014851",371865,2025-09-03 12:05:38,43.3071174621582,-8.78870964050293,"Unknown"
"7014851",371865,2025-09-03 12:10:36,43.3071022033691,-8.78868007659912,"Unknown"
"7014851",371865,2025-09-03 12:15:36,43.3070793151855,-8.7887020111084,"Unknown"
"7014851",371865,2025-09-03 12:20:43,43.3071708679199,-8.78875637054443,"Unknown"
"7014851",371865,2025-09-03 12:25:31,43.307243347168,-8.78882122039795,"Unknown"
"7014851",371865,2025-09-03 12:30:40,43.3071022033691,-8.78885746002197,"Unknown"
"7014851",371865,2025-09-03 12:35:33,43.3069839477539,-8.78878879547119,"Unknown"
"7014851",371865,2025-09-03 12:40:39,43.3073310852051,-8.78878402709961,"Unknown"
"7014851",371865,2025-09-03 12:46:05,43.3072242736816,-8.78864669799805,"Unknown"
"7014851",371865,2025-09-03 12:50:31,43.3072166442871,-8.78866577148438,"Unknown"
"7014851",371865,2025-09-03 12:55:32,43.3071975708008,-8.78882694244385,"Unknown"
"7014851",371865,2025-09-03 13:00:32,43.3071517944336,-8.78873634338379,"Unknown"
"7014851",371865,2025-09-03 13:06:14,43.3072700500488,-8.78865051269531,"Unknown"
"7014851",371865,2025-09-03 13:10:52,43.3072280883789,-8.78862571716309,"Unknown"
"7014851",371865,2025-09-03 13:15:32,43.3071823120117,-8.78869819641113,"Unknown"
"7014851",371865,2025-09-03 13:20:31,43.3071708679199,-8.78887176513672,"Unknown"
"7014851",371865,2025-09-03 13:25:31,43.3073272705078,-8.78873252868652,"Unknown"
"7014851",371865,2025-09-03 13:30:31,43.3072509765625,-8.78884220123291,"Unknown"
"7014851",371865,2025-09-03 13:35:32,43.3073234558105,-8.78875350952148,"Unknown"
"7014851",371865,2025-09-03 13:40:34,43.3071823120117,-8.78885650634766,"Unknown"
"7014851",371865,2025-09-03 13:45:44,43.3072624206543,-8.78863430023193,"Unknown"
"7014851",371865,2025-09-03 13:50:31,43.3071060180664,-8.78901958465576,"Unknown"
"7014851",371865,2025-09-03 13:55:31,43.3071899414062,-8.78902530670166,"Unknown"
"7014851",371865,2025-09-03 14:01:05,43.3072319030762,-8.78871536254883,"Unknown"
"7014851",371865,2025-09-03 14:05:31,43.3071823120117,-8.78885459899902,"Unknown"
"7014851",371865,2025-09-03 14:10:31,43.3071899414062,-8.78885555267334,"Unknown"
"7014851",371865,2025-09-03 14:15:32,43.3071517944336,-8.78859329223633,"Unknown"
"7014851",371865,2025-09-03 14:20:33,43.3069190979004,-8.78863525390625,"Unknown"
"7014851",371865,2025-09-03 14:25:37,43.3108100891113,-8.79264259338379,"Unknown"
"7014851",371865,2025-09-03 14:30:43,43.3108787536621,-8.79273319244385,"Unknown"
"7014851",371865,2025-09-03 14:35:31,43.3108558654785,-8.79302406311035,"Unknown"
"7014851",371865,2025-09-03 14:41:05,43.3108673095703,-8.79270172119141,"Unknown"
"7014851",371865,2025-09-03 14:45:31,43.3108901977539,-8.79270362854004,"Unknown"
"7014851",371865,2025-09-03 14:50:31,43.3108177185059,-8.79271697998047,"Unknown"
"7014851",371865,2025-09-03 14:55:31,43.3108367919922,-8.79267597198486,"Unknown"
"7014851",371865,2025-09-03 15:00:31,43.3108673095703,-8.79272651672363,"Unknown"
"7014851",371865,2025-09-03 15:05:31,43.3108863830566,-8.79275608062744,"Unknown"
"7014851",371865,2025-09-03 15:10:31,43.3108940124512,-8.79262065887451,"Unknown"
"7014851",371865,2025-09-03 15:15:33,43.310848236084,-8.79254722595215,"Unknown"
"7014851",371865,2025-09-03 15:20:31,43.3108596801758,-8.79270839691162,"Unknown"
"7014851",371865,2025-09-03 15:25:32,43.3109169006348,-8.79282474517822,"Unknown"
"7014851",371865,2025-09-03 15:30:31,43.3108940124512,-8.79273891448975,"Unknown"
"7014851",371865,2025-09-03 15:35:31,43.3108596801758,-8.792724609375,"Unknown"
"7014851",371865,2025-09-03 15:40:31,43.3109130859375,-8.79277610778809,"Unknown"
"7014851",371865,2025-09-03 15:45:31,43.3108520507812,-8.79268932342529,"Unknown"
"7014851",371865,2025-09-03 15:50:31,43.3108673095703,-8.79275226593018,"Unknown"
"7014851",371865,2025-09-03 15:55:44,43.310863494873,-8.79262733459473,"Unknown"
"7014851",371865,2025-09-03 16:01:44,43.3108711242676,-8.79266738891602,"Unknown"
"7014851",371865,2025-09-03 16:05:37,43.311107635498,-8.79208564758301,"Unknown"
"7014851",371865,2025-09-03 16:10:34,43.3131256103516,-8.79295444488525,"Unknown"
"7014851",371865,2025-09-03 16:15:32,43.3259315490723,-8.80185508728027,"Unknown"
"7014851",371865,2025-09-03 16:20:33,43.337345123291,-8.81639099121094,"Unknown"
"7014851",371865,2025-09-03 16:25:31,43.3454933166504,-8.82912158966064,"Unknown"
"7014851",371865,2025-09-03 16:30:31,43.355152130127,-8.84548377990723,"Unknown"
"7014851",371865,2025-09-03 16:35:31,43.3469657897949,-8.85154724121094,"Unknown"
"7014851",371865,2025-09-03 16:40:32,43.3285484313965,-8.85118675231934,"Unknown"
"7014851",371865,2025-09-03 16:45:48,43.3212356567383,-8.83222007751465,"Unknown"
"7014851",371865,2025-09-03 16:51:04,43.317310333252,-8.7774715423584,"Unknown"
"7014851",371865,2025-09-03 16:55:31,43.3043022155762,-8.74579811096191,"Unknown"
"7014851",371865,2025-09-03 17:00:32,43.3053970336914,-8.69803524017334,"Unknown"
"7014851",371865,2025-09-03 17:05:31,43.3254356384277,-8.68926239013672,"Unknown"
"7014851",371865,2025-09-03 17:10:32,43.325023651123,-8.69062328338623,"Unknown"
"7014851",371865,2025-09-03 17:15:31,43.3279685974121,-8.6946439743042,"Unknown"
"7014851",371865,2025-09-03 17:20:31,43.3245162963867,-8.69097423553467,"Unknown"
"7014851",371865,2025-09-03 17:25:31,43.3063888549805,-8.69009780883789,"Unknown"
"7014851",371865,2025-09-03 17:30:32,43.292610168457,-8.69643115997314,"Unknown"
"7014851",371865,2025-09-03 17:35:31,43.2925796508789,-8.69636535644531,"Unknown"
"7014851",371865,2025-09-03 17:40:32,43.2925872802734,-8.69634056091309,"Unknown"
"7014851",371865,2025-09-03 17:45:32,43.2926216125488,-8.69632148742676,"Unknown"
"7014851",371865,2025-09-03 17:50:33,43.2925148010254,-8.69617938995361,"Unknown"
"7014851",371865,2025-09-03 17:55:32,43.2926368713379,-8.69616889953613,"Unknown"
"7014851",371865,2025-09-03 18:00:32,43.2925834655762,-8.69626617431641,"Unknown"
"7014851",371865,2025-09-03 18:05:31,43.2925796508789,-8.69621849060059,"Unknown"
"7014851",371865,2025-09-03 18:10:37,43.2929573059082,-8.69541645050049,"Unknown"
"7014851",371865,2025-09-03 18:15:31,43.2930793762207,-8.69533443450928,"Unknown"
"7014851",371865,2025-09-03 18:20:33,43.2932243347168,-8.6954870223999,"Unknown"
"7014851",371865,2025-09-03 18:25:31,43.2931594848633,-8.69543170928955,"Unknown"
"7014851",371865,2025-09-03 18:30:31,43.2931671142578,-8.69546413421631,"Unknown"
"7014851",371865,2025-09-03 18:35:44,43.2931632995605,-8.69538307189941,"Unknown"
"7014851",371865,2025-09-03 18:40:31,43.2931365966797,-8.69547271728516,"Unknown"
"7014851",371865,2025-09-03 18:45:31,43.2931480407715,-8.6952657699585,"Unknown"
"7014851",371865,2025-09-03 18:50:31,43.2931861877441,-8.69529819488525,"Unknown"
"7014851",371865,2025-09-03 18:55:34,43.2932205200195,-8.69525146484375,"Unknown"
"7014851",371865,2025-09-03 19:00:44,43.2932243347168,-8.69483947753906,"Unknown"
"7014851",371865,2025-09-03 19:05:44,43.2933197021484,-8.69460105895996,"Unknown"
"7014851",371865,2025-09-03 19:10:32,43.2934875488281,-8.6944055557251,"Unknown"
"7014851",371865,2025-09-03 19:15:36,43.2935943603516,-8.69435977935791,"Unknown"
"7014851",371865,2025-09-03 19:20:31,43.2936019897461,-8.69476699829102,"Unknown"
"7014851",371865,2025-09-03 19:25:36,43.2923469543457,-8.69699668884277,"Unknown"
"7014851",371865,2025-09-03 19:30:34,43.298210144043,-8.7044506072998,"Unknown"
"7014851",371865,2025-09-03 19:35:35,43.2983207702637,-8.70423316955566,"Unknown"
"7014851",371865,2025-09-03 19:40:33,43.2984848022461,-8.70411968231201,"Unknown"
"7014851",371865,2025-09-03 19:45:44,43.2985992431641,-8.70415592193604,"Unknown"
"7014851",371865,2025-09-03 19:50:38,43.298656463623,-8.70377063751221,"Unknown"
"7014851",371865,2025-09-03 19:55:35,43.2987632751465,-8.7033519744873,"Unknown"
"7014851",371865,2025-09-03 20:00:33,43.299144744873,-8.70297431945801,"Unknown"
"7014851",371865,2025-09-03 20:05:36,43.2996063232422,-8.70233726501465,"Unknown"
"7014851",371865,2025-09-03 20:10:32,43.299747467041,-8.70166110992432,"Unknown"
"7014851",371865,2025-09-03 20:15:38,43.3002853393555,-8.70097637176514,"Unknown"
"7014851",371865,2025-09-03 20:20:44,43.3004989624023,-8.70050525665283,"Unknown"
"7014851",371865,2025-09-03 20:25:33,43.3006134033203,-8.69990348815918,"Unknown"
"7014851",371865,2025-09-03 20:30:44,43.3009033203125,-8.69905090332031,"Unknown"
"7014851",371865,2025-09-03 20:35:31,43.3004264831543,-8.69897174835205,"Unknown"
"7014851",371865,2025-09-03 20:40:32,43.3005676269531,-8.69880962371826,"Unknown"
"7014851",371865,2025-09-03 20:45:33,43.300838470459,-8.69847106933594,"Unknown"
"7014851",371865,2025-09-03 20:50:39,43.2962226867676,-8.7046365737915,"Unknown"
"7014851",371865,2025-09-03 20:55:32,43.2971725463867,-8.70524215698242,"Unknown"
"7014851",371865,2025-09-03 21:00:38,43.2963180541992,-8.705641746521,"Unknown"
"7014851",371865,2025-09-03 21:05:38,43.2992897033691,-8.71971893310547,"Unknown"
"7014851",371865,2025-09-03 21:10:32,43.3006706237793,-8.72904300689697,"Unknown"
"7014851",371865,2025-09-03 21:16:04,43.3005676269531,-8.72863388061523,"Unknown"
"7014851",371865,2025-09-03 21:20:30,43.3002128601074,-8.72880840301514,"Unknown"
"7014851",371865,2025-09-03 21:25:32,43.2996368408203,-8.7287769317627,"Unknown"
"7014851",371865,2025-09-03 21:30:31,43.2990226745605,-8.72883033752441,"Unknown"
"7014851",371865,2025-09-03 21:35:30,43.2984886169434,-8.73232460021973,"Unknown"
"7014851",371865,2025-09-03 21:40:33,43.2991027832031,-8.73717880249023,"Unknown"
"7014851",371865,2025-09-03 21:45:44,43.2990493774414,-8.73743534088135,"Unknown"
"7014851",371865,2025-09-03 21:50:33,43.2983932495117,-8.73767566680908,"Unknown"
"7014851",371865,2025-09-03 21:55:31,43.2983322143555,-8.73825836181641,"Unknown"
"7014851",371865,2025-09-03 22:00:31,43.2976264953613,-8.73826313018799,"Unknown"
"7014851",371865,2025-09-03 22:05:31,43.2974395751953,-8.73835563659668,"Unknown"
"7014851",371865,2025-09-03 22:10:31,43.296516418457,-8.7383975982666,"Unknown"
"7014851",371865,2025-09-03 22:15:32,43.2968902587891,-8.73845767974854,"Unknown"
"7014851",371865,2025-09-03 22:20:32,43.2976379394531,-8.73825645446777,"Unknown"
"7014851",371865,2025-09-03 22:25:32,43.2983665466309,-8.73780822753906,"Unknown"
"7014851",371865,2025-09-03 22:30:31,43.2977142333984,-8.73769474029541,"Unknown"
"7014851",371865,2025-09-03 22:35:31,43.2974510192871,-8.73836421966553,"Unknown"
"7014851",371865,2025-09-03 22:40:33,43.2975730895996,-8.73914241790771,"Unknown"
"7014851",371865,2025-09-03 22:45:32,43.2973136901855,-8.73982524871826,"Unknown"
"7014851",371865,2025-09-03 22:50:31,43.3087539672852,-8.76907634735107,"Unknown"
"7014851",371865,2025-09-03 22:55:31,43.3223876953125,-8.79624080657959,"Unknown"
"7014851",371865,2025-09-03 23:00:31,43.3484382629395,-8.82387447357178,"Unknown"
"7014851",371865,2025-09-03 23:05:31,43.3535690307617,-8.83312702178955,"Unknown"
"7014851",371865,2025-09-03 23:10:31,43.3545265197754,-8.83297729492188,"Unknown"
"7014851",371865,2025-09-03 23:15:32,43.3547058105469,-8.83328342437744,"Unknown"
"7014851",371865,2025-09-03 23:20:32,43.3545722961426,-8.8334379196167,"Unknown"
"7014851",371865,2025-09-03 23:25:36,43.3545799255371,-8.8334264755249,"Unknown"
"7014851",371865,2025-09-03 23:30:34,43.3545455932617,-8.83347797393799,"Unknown"
"7014851",371865,2025-09-03 23:35:31,43.3543167114258,-8.83335304260254,"Unknown"
"7014851",371865,2025-09-03 23:40:32,43.3540878295898,-8.83330059051514,"Unknown"
"7014851",371865,2025-09-03 23:45:31,43.3543014526367,-8.83323097229004,"Unknown"
"7014851",371865,2025-09-03 23:50:32,43.3543739318848,-8.83233070373535,"Unknown"
"7014851",371865,2025-09-03 23:55:31,43.3543319702148,-8.83336448669434,"Unknown"
"7014851",371865,2025-09-04 00:00:31,43.3544540405273,-8.83361339569092,"Unknown"
"7014851",371865,2025-09-04 00:05:32,43.354377746582,-8.83337116241455,"Unknown"
"7014851",371865,2025-09-04 00:10:32,43.3546257019043,-8.83374786376953,"Unknown"
"7014851",371865,2025-09-04 00:15:32,43.3542442321777,-8.83343982696533,"Unknown"
"7014851",371865,2025-09-04 00:20:31,43.3544311523438,-8.83349704742432,"Unknown"
"7014851",371865,2025-09-04 00:25:31,43.3542098999023,-8.83341503143311,"Unknown"
"7014851",371865,2025-09-04 00:30:31,43.3543281555176,-8.83336353302002,"Unknown"
"7014851",371865,2025-09-04 00:35:31,43.3542976379395,-8.83331489562988,"Unknown"
"7014851",371865,2025-09-04 00:40:31,43.3541297912598,-8.83312511444092,"Unknown"
"7014851",371865,2025-09-04 00:45:32,43.3541488647461,-8.83304500579834,"Unknown"
"7014851",371865,2025-09-04 00:50:32,43.3541374206543,-8.83300971984863,"Unknown"
"7014851",371865,2025-09-04 00:55:32,43.3539543151855,-8.83282089233398,"Unknown"
"7014851",371865,2025-09-04 01:00:32,43.3538780212402,-8.83263683319092,"Unknown"
"7014851",371865,2025-09-04 01:05:31,43.3539237976074,-8.83271789550781,"Unknown"
"7014851",371865,2025-09-04 01:10:31,43.3539428710938,-8.8326301574707,"Unknown"
"7014851",371865,2025-09-04 01:15:32,43.3538970947266,-8.8325366973877,"Unknown"
"7014851",371865,2025-09-04 01:20:32,43.3541107177734,-8.83280944824219,"Unknown"
"7014851",371865,2025-09-04 01:25:33,43.3547668457031,-8.83326244354248,"Unknown"
"7014851",371865,2025-09-04 01:30:34,43.3544540405273,-8.83317089080811,"Unknown"
"7014851",371865,2025-09-04 01:35:32,43.3545799255371,-8.83337020874023,"Unknown"
"7014851",371865,2025-09-04 01:40:33,43.3550148010254,-8.83378791809082,"Unknown"
"7014851",371865,2025-09-04 01:45:34,43.3547172546387,-8.83326530456543,"Unknown"
"7014851",371865,2025-09-04 01:50:36,43.3546905517578,-8.83324146270752,"Unknown"
"7014851",371865,2025-09-04 01:55:32,43.3547973632812,-8.83341789245605,"Unknown"
"7014851",371865,2025-09-04 02:00:33,43.3549613952637,-8.83394241333008,"Unknown"
"7014851",371865,2025-09-04 02:05:33,43.3550262451172,-8.83438301086426,"Unknown"
"7014851",371865,2025-09-04 02:10:34,43.3544654846191,-8.83305931091309,"Unknown"
"7014851",371865,2025-09-04 02:15:32,43.3549194335938,-8.83404636383057,"Unknown"
"7014851",371865,2025-09-04 02:20:32,43.3546028137207,-8.83305263519287,"Unknown"
"7014851",371865,2025-09-04 02:25:32,43.3544921875,-8.83282852172852,"Unknown"
"7014851",371865,2025-09-04 02:30:39,43.3544425964355,-8.83310794830322,"Unknown"
"7014851",371865,2025-09-04 02:35:35,43.3543968200684,-8.83328437805176,"Unknown"
"7014851",371865,2025-09-04 02:40:36,43.3543701171875,-8.8331413269043,"Unknown"
"7014851",371865,2025-09-04 02:45:32,43.354190826416,-8.83137893676758,"Unknown"
"7014851",371865,2025-09-04 02:50:39,43.3545417785645,-8.83297729492188,"Unknown"
"7014851",371865,2025-09-04 02:55:32,43.3544082641602,-8.83231353759766,"Unknown"
"7014851",371865,2025-09-04 03:00:33,43.3544654846191,-8.83301734924316,"Unknown"
"7014851",371865,2025-09-04 03:05:34,43.3543243408203,-8.83328914642334,"Unknown"
"7014851",371865,2025-09-04 03:10:36,43.3544654846191,-8.83315277099609,"Unknown"
"7014851",371865,2025-09-04 03:15:32,43.3542442321777,-8.83243560791016,"Unknown"
"7014851",371865,2025-09-04 03:20:32,43.3541984558105,-8.83197784423828,"Unknown"
"7014851",371865,2025-09-04 03:25:34,43.3537483215332,-8.83404445648193,"Unknown"
"7014851",371865,2025-09-04 03:30:33,43.3542022705078,-8.83216857910156,"Unknown"
"7014851",371865,2025-09-04 03:35:34,43.3538551330566,-8.83389091491699,"Unknown"
"7014851",371865,2025-09-04 03:40:40,43.3544616699219,-8.83325672149658,"Unknown"
"7014851",371865,2025-09-04 03:45:39,43.353832244873,-8.83269309997559,"Unknown"
"7014851",371865,2025-09-04 03:50:31,43.3542213439941,-8.8333158493042,"Unknown"
"7014851",371865,2025-09-04 03:55:32,43.3544883728027,-8.83383369445801,"Unknown"
"7014851",371865,2025-09-04 04:00:44,43.3542747497559,-8.83326721191406,"Unknown"
"7014851",371865,2025-09-04 04:05:32,43.354305267334,-8.8333854675293,"Unknown"
"7014851",371865,2025-09-04 04:10:31,43.3542861938477,-8.83345508575439,"Unknown"
"7014851",371865,2025-09-04 04:15:31,43.3543281555176,-8.8335075378418,"Unknown"
"7014851",371865,2025-09-04 04:20:31,43.3543434143066,-8.8335075378418,"Unknown"
"7014851",371865,2025-09-04 04:25:32,43.3577156066895,-8.84520721435547,"Unknown"
"7014851",371865,2025-09-04 04:30:33,43.3542976379395,-8.83351135253906,"Unknown"
"7014851",371865,2025-09-04 04:35:36,43.346607208252,-8.8468132019043,"Unknown"
"7014851",371865,2025-09-04 04:40:39,43.3543853759766,-8.8335485458374,"Unknown"
"7014851",371865,2025-09-04 04:45:31,43.3544654846191,-8.83355045318604,"Unknown"
"7014851",371865,2025-09-04 04:50:31,43.3545074462891,-8.83366966247559,"Unknown"
"7014851",371865,2025-09-04 04:55:31,43.3545150756836,-8.83374691009521,"Unknown"
"7014851",371865,2025-09-04 05:00:38,43.3541984558105,-8.83333492279053,"Unknown"
"7014851",371865,2025-09-04 05:05:31,43.354061126709,-8.83325386047363,"Unknown"
"7014851",371865,2025-09-04 05:10:31,43.3540420532227,-8.83322238922119,"Unknown"
"7014851",371865,2025-09-04 05:20:31,43.3310737609863,-8.7988748550415,"Unknown"
"7014851",371865,2025-09-04 05:25:33,43.3163070678711,-8.76465797424316,"Unknown"
"7014851",371865,2025-09-04 05:30:37,43.3042221069336,-8.73717784881592,"Unknown"
"7014851",371865,2025-09-04 05:35:38,43.2976913452148,-8.7140417098999,"Unknown"
"7014851",371865,2025-09-04 05:40:39,43.3003807067871,-8.71844673156738,"Unknown"
"7014851",371865,2025-09-04 05:45:34,43.2968597412109,-8.71982860565186,"Unknown"
"7014851",371865,2025-09-04 05:50:39,43.2924461364746,-8.69893741607666,"Unknown"
"7014851",371865,2025-09-04 05:55:33,43.2998390197754,-8.69487953186035,"Unknown"
"7014851",371865,2025-09-04 06:00:33,43.2916946411133,-8.69715785980225,"Unknown"
"7014851",371865,2025-09-04 06:05:40,43.2917404174805,-8.69974994659424,"Unknown"
"7014851",371865,2025-09-04 06:10:34,43.2927436828613,-8.69727230072021,"Unknown"
"7014851",371865,2025-09-04 06:15:38,43.2927398681641,-8.69742393493652,"Unknown"
"7014851",371865,2025-09-04 06:20:38,43.2926750183105,-8.69736671447754,"Unknown"
"7014851",371865,2025-09-04 06:25:46,43.2931709289551,-8.70090675354004,"Unknown"
"7014851",371865,2025-09-04 06:30:32,43.292610168457,-8.69735813140869,"Unknown"
"7014851",371865,2025-09-04 06:35:33,43.2925834655762,-8.69680881500244,"Unknown"
"7014851",371865,2025-09-04 06:40:36,43.293041229248,-8.69711112976074,"Unknown"
"7014851",371865,2025-09-04 06:45:36,43.296875,-8.69318580627441,"Unknown"
"7014851",371865,2025-09-04 06:50:39,43.2941932678223,-8.69390296936035,"Unknown"
"7014851",371865,2025-09-04 06:55:31,43.2942161560059,-8.6926326751709,"Unknown"
"7014851",371865,2025-09-04 07:00:30,43.2941551208496,-8.69277763366699,"Unknown"
"7014851",371865,2025-09-04 07:05:31,43.294620513916,-8.6923770904541,"Unknown"
"7014851",371865,2025-09-04 07:10:31,43.2969856262207,-8.68446826934814,"Unknown"
"7014851",371865,2025-09-04 07:15:32,43.2970962524414,-8.68470001220703,"Unknown"
"7014851",371865,2025-09-04 07:20:32,43.2969741821289,-8.68480777740479,"Unknown"
"7014851",371865,2025-09-04 07:25:32,43.296760559082,-8.68485260009766,"Unknown"
"7014851",371865,2025-09-04 07:30:31,43.2956924438477,-8.68651485443115,"Unknown"
"7014851",371865,2025-09-04 07:35:32,43.2964706420898,-8.66762447357178,"Unknown"
"7014851",371865,2025-09-04 07:40:31,43.2978820800781,-8.66583919525146,"Unknown"
"7014851",371865,2025-09-04 07:45:33,43.2955665588379,-8.66925430297852,"Unknown"
"7014851",371865,2025-09-04 07:51:06,43.2977104187012,-8.66735172271729,"Unknown"
"7014851",371865,2025-09-04 07:55:32,43.2976913452148,-8.66722965240479,"Unknown"
"7014851",371865,2025-09-04 08:00:37,43.2977828979492,-8.66768932342529,"Unknown"
"7014851",371865,2025-09-04 08:05:37,43.2977676391602,-8.66758441925049,"Unknown"
"7014851",371865,2025-09-04 08:11:14,43.3050804138184,-8.65953922271729,"Unknown"
"7014851",371865,2025-09-04 08:15:32,43.3070297241211,-8.64321231842041,"Unknown"
"7014851",371865,2025-09-04 08:20:36,43.3070983886719,-8.64337825775146,"Unknown"
"7014851",371865,2025-09-04 08:25:32,43.3070602416992,-8.64355754852295,"Unknown"
"7014851",371865,2025-09-04 08:30:31,43.3070182800293,-8.6433162689209,"Unknown"
"7014851",371865,2025-09-04 08:35:31,43.3070106506348,-8.64343166351318,"Unknown"
"7014851",371865,2025-09-04 08:40:31,43.3069953918457,-8.64342784881592,"Unknown"
"7014851",371865,2025-09-04 08:45:31,43.307014465332,-8.6438045501709,"Unknown"
"7014851",371865,2025-09-04 08:50:31,43.3070068359375,-8.6440486907959,"Unknown"
"7014851",371865,2025-09-04 08:55:33,43.3070259094238,-8.64413356781006,"Unknown"
"7014851",371865,2025-09-04 09:00:33,43.3123550415039,-8.6344633102417,"Unknown"
"7014851",371865,2025-09-04 09:05:33,43.3147430419922,-8.6111888885498,"Unknown"
"7014851",371865,2025-09-04 09:11:04,43.3147201538086,-8.61115837097168,"Unknown"
"7014851",371865,2025-09-04 09:15:31,43.3146667480469,-8.61129188537598,"Unknown"
"7014851",371865,2025-09-04 09:20:31,43.3147201538086,-8.6112174987793,"Unknown"
"7014851",371865,2025-09-04 09:25:31,43.3146781921387,-8.61139011383057,"Unknown"
"7014851",371865,2025-09-04 09:30:32,43.314640045166,-8.61144924163818,"Unknown"
"7014851",371865,2025-09-04 09:35:32,43.3146133422852,-8.61143207550049,"Unknown"
"7014851",371865,2025-09-04 09:40:31,43.3146858215332,-8.61145114898682,"Unknown"
"7014851",371865,2025-09-04 09:45:32,43.3188896179199,-8.60355377197266,"Unknown"
"7014851",371865,2025-09-04 09:50:30,43.3321380615234,-8.5535135269165,"Unknown"
"7014851",371865,2025-09-04 09:55:31,43.3504791259766,-8.52693271636963,"Unknown"
"7014851",371865,2025-09-04 10:00:30,43.3505020141602,-8.52699851989746,"Unknown"
"7014851",371865,2025-09-04 10:05:30,43.3505249023438,-8.52700328826904,"Unknown"
"7014851",371865,2025-09-04 10:10:30,43.350471496582,-8.52703952789307,"Unknown"
"7014851",371865,2025-09-04 10:15:30,43.3504943847656,-8.52707004547119,"Unknown"
"7014851",371865,2025-09-04 10:20:31,43.3504333496094,-8.52707672119141,"Unknown"
"7014851",371865,2025-09-04 10:25:31,43.3503189086914,-8.52693748474121,"Unknown"
"7014851",371865,2025-09-04 10:30:32,43.3501091003418,-8.52679634094238,"Unknown"
"7014851",371865,2025-09-04 10:35:41,43.3505249023438,-8.52710819244385,"Unknown"
"7014851",371865,2025-09-04 10:40:31,43.3503570556641,-8.52696990966797,"Unknown"
"7014851",371865,2025-09-04 10:45:30,43.3502998352051,-8.52693462371826,"Unknown"
"7014851",371865,2025-09-04 10:50:30,43.3503608703613,-8.52702331542969,"Unknown"
"7014851",371865,2025-09-04 10:55:31,43.3498802185059,-8.52781867980957,"Unknown"
"7014851",371865,2025-09-04 11:00:31,43.3498077392578,-8.52774143218994,"Unknown"
"7014851",371865,2025-09-04 11:05:31,43.3498878479004,-8.52780151367188,"Unknown"
"7014851",371865,2025-09-04 11:10:31,43.3499603271484,-8.52787399291992,"Unknown"
"7014851",371865,2025-09-04 11:15:32,43.3498191833496,-8.52773952484131,"Unknown"
"7014851",371865,2025-09-04 11:20:38,43.3499870300293,-8.52787017822266,"Unknown"
"7014851",371865,2025-09-04 11:25:38,43.3499298095703,-8.52779579162598,"Unknown"
"7014851",371865,2025-09-04 11:30:44,43.3498992919922,-8.52756977081299,"Unknown"
"7014851",371865,2025-09-04 11:35:38,43.3498954772949,-8.52765941619873,"Unknown"
"7014851",371865,2025-09-04 11:40:38,43.3500366210938,-8.52743434906006,"Unknown"
"7014851",371865,2025-09-04 11:45:42,43.3498725891113,-8.52774620056152,"Unknown"
"7014851",371865,2025-09-04 11:50:30,43.3499069213867,-8.52769088745117,"Unknown"
"7014851",371865,2025-09-04 11:55:35,43.3498229980469,-8.52774620056152,"Unknown"
"7014851",371865,2025-09-04 12:00:37,43.349796295166,-8.52784156799316,"Unknown"
"7014851",371865,2025-09-04 12:05:33,43.349853515625,-8.52791023254395,"Unknown"
"7014851",371865,2025-09-04 12:10:30,43.3498306274414,-8.52792072296143,"Unknown"
"7014851",371865,2025-09-04 12:15:44,43.3499794006348,-8.52775573730469,"Unknown"
"7014851",371865,2025-09-04 12:20:37,43.3495559692383,-8.52772998809814,"Unknown"
"7014851",371865,2025-09-04 12:25:37,43.3498687744141,-8.52770137786865,"Unknown"
"7014851",371865,2025-09-04 12:30:44,43.3498077392578,-8.52773666381836,"Unknown"
"7014851",371865,2025-09-04 12:35:37,43.3498191833496,-8.5277853012085,"Unknown"
"7014851",371865,2025-09-04 12:40:37,43.3497772216797,-8.52768802642822,"Unknown"
"7014851",371865,2025-09-04 12:45:38,43.3497695922852,-8.52763557434082,"Unknown"
"7014851",371865,2025-09-04 12:50:38,43.3498229980469,-8.52781391143799,"Unknown"
"7014851",371865,2025-09-04 12:55:37,43.349781036377,-8.52786445617676,"Unknown"
"7014851",371865,2025-09-04 13:00:38,43.3499794006348,-8.52775764465332,"Unknown"
"7014851",371865,2025-09-04 13:05:38,43.3497695922852,-8.52785587310791,"Unknown"
"7014851",371865,2025-09-04 13:10:40,43.3497352600098,-8.52779388427734,"Unknown"
"7014851",371865,2025-09-04 13:16:05,43.3498268127441,-8.52774333953857,"Unknown"
"7014851",371865,2025-09-04 13:20:30,43.3501663208008,-8.52768421173096,"Unknown"
"7014851",371865,2025-09-04 13:25:30,43.3500671386719,-8.52779674530029,"Unknown"
"7014851",371865,2025-09-04 13:30:31,43.3499908447266,-8.52773666381836,"Unknown"
"7014851",371865,2025-09-04 13:35:36,43.3498725891113,-8.52794170379639,"Unknown"
"7014851",371865,2025-09-04 13:40:44,43.3498382568359,-8.52785205841064,"Unknown"
"7014851",371865,2025-09-04 13:45:32,43.3497734069824,-8.52774715423584,"Unknown"
"7014851",371865,2025-09-04 13:50:29,43.3498039245605,-8.52774429321289,"Unknown"
"7014851",371865,2025-09-04 13:55:35,43.3498039245605,-8.52784061431885,"Unknown"
"7014851",371865,2025-09-04 14:00:36,43.3497009277344,-8.52757740020752,"Unknown"
"7014851",371865,2025-09-04 14:05:38,43.3497886657715,-8.52778244018555,"Unknown"
"7014851",371865,2025-09-04 14:10:35,43.3497200012207,-8.52764987945557,"Unknown"
"7014851",371865,2025-09-04 14:15:44,43.3497848510742,-8.52778053283691,"Unknown"
"7014851",371865,2025-09-04 14:20:35,43.3498077392578,-8.52781867980957,"Unknown"
"7014851",371865,2025-09-04 14:25:36,43.3497657775879,-8.5277099609375,"Unknown"
"7014851",371865,2025-09-04 14:30:33,43.3501014709473,-8.5277624130249,"Unknown"
"7014851",371865,2025-09-04 14:35:32,43.3517150878906,-8.52500057220459,"Unknown"
"7014851",371865,2025-09-04 14:40:33,43.3516654968262,-8.52484798431396,"Unknown"
"7014851",371865,2025-09-04 14:45:44,43.3516731262207,-8.52489948272705,"Unknown"
"7014851",371865,2025-09-04 14:50:35,43.3516883850098,-8.52492904663086,"Unknown"
"7014851",371865,2025-09-04 14:55:32,43.3517608642578,-8.52528381347656,"Unknown"
"7014851",371865,2025-09-04 15:00:29,43.3517112731934,-8.52518558502197,"Unknown"
"7014851",371865,2025-09-04 15:05:29,43.3517608642578,-8.52528095245361,"Unknown"
"7014851",371865,2025-09-04 15:10:29,43.3517608642578,-8.52522850036621,"Unknown"
"7014851",371865,2025-09-04 15:16:05,43.3516883850098,-8.5250358581543,"Unknown"
"7014851",371865,2025-09-04 15:20:29,43.3516998291016,-8.52497482299805,"Unknown"
"7014851",371865,2025-09-04 15:25:29,43.3517189025879,-8.52501583099365,"Unknown"
"7014851",371865,2025-09-04 15:30:29,43.3516883850098,-8.52502822875977,"Unknown"
"7014851",371865,2025-09-04 15:35:29,43.3517036437988,-8.52500247955322,"Unknown"
"7014851",371865,2025-09-04 15:40:29,43.3517303466797,-8.5250129699707,"Unknown"
"7014851",371865,2025-09-04 15:45:30,43.3516807556152,-8.5250186920166,"Unknown"
"7014851",371865,2025-09-04 15:50:34,43.3517646789551,-8.52503967285156,"Unknown"
"7014851",371865,2025-09-04 15:55:29,43.3517036437988,-8.52503204345703,"Unknown"
"7014851",371865,2025-09-04 16:00:29,43.3516883850098,-8.52495098114014,"Unknown"
"7014851",371865,2025-09-04 16:05:29,43.3517112731934,-8.52501392364502,"Unknown"
"7014851",371865,2025-09-04 16:10:30,43.3517265319824,-8.52497673034668,"Unknown"
"7014851",371865,2025-09-04 16:15:29,43.3517417907715,-8.52492332458496,"Unknown"
"7014851",371865,2025-09-04 16:20:29,43.3519554138184,-8.52516841888428,"Unknown"
"7014851",371865,2025-09-04 16:25:29,43.3518180847168,-8.52502727508545,"Unknown"
"7014851",371865,2025-09-04 16:30:29,43.3518600463867,-8.52505779266357,"Unknown"
"7014851",371865,2025-09-04 16:35:42,43.3517303466797,-8.52497100830078,"Unknown"
"7014851",371865,2025-09-04 16:40:30,43.3516845703125,-8.52493381500244,"Unknown"
"7014851",371865,2025-09-04 16:45:29,43.3516883850098,-8.52486038208008,"Unknown"
"7014851",371865,2025-09-04 16:50:29,43.3517074584961,-8.5249137878418,"Unknown"
"7014851",371865,2025-09-04 16:55:29,43.3517608642578,-8.52498245239258,"Unknown"
"7014851",371865,2025-09-04 17:00:29,43.3517227172852,-8.52492427825928,"Unknown"
"7014851",371865,2025-09-04 17:05:29,43.3517761230469,-8.52492523193359,"Unknown"
"7014851",371865,2025-09-04 17:10:30,43.3517799377441,-8.52499008178711,"Unknown"
"7014851",371865,2025-09-04 17:15:29,43.3517684936523,-8.52492904663086,"Unknown"
"7014851",371865,2025-09-04 17:20:29,43.3517456054688,-8.52500247955322,"Unknown"
"7014851",371865,2025-09-04 17:25:29,43.3517608642578,-8.52491474151611,"Unknown"
"7014851",371865,2025-09-04 17:30:30,43.3517456054688,-8.52487850189209,"Unknown"
"7014851",371865,2025-09-04 17:36:05,43.3517227172852,-8.52490520477295,"Unknown"
"7014851",371865,2025-09-04 17:40:29,43.3516883850098,-8.52475261688232,"Unknown"
"7014851",371865,2025-09-04 17:45:29,43.3518180847168,-8.52490615844727,"Unknown"
"7014851",371865,2025-09-04 17:50:30,43.3517799377441,-8.52482318878174,"Unknown"
"7014851",371865,2025-09-04 17:55:30,43.3518104553223,-8.52486705780029,"Unknown"
"7014851",371865,2025-09-04 18:00:30,43.3518486022949,-8.5248966217041,"Unknown"
"7014851",371865,2025-09-04 18:05:29,43.3517303466797,-8.52481842041016,"Unknown"
"7014851",371865,2025-09-04 18:10:30,43.3517990112305,-8.52484607696533,"Unknown"
"7014851",371865,2025-09-04 18:15:31,43.351806640625,-8.52496910095215,"Unknown"
"7014851",371865,2025-09-04 18:20:30,43.351749420166,-8.52485275268555,"Unknown"
"7014851",371865,2025-09-04 18:25:31,43.3517570495605,-8.52488708496094,"Unknown"
"7014851",371865,2025-09-04 18:30:31,43.3518829345703,-8.52502250671387,"Unknown"
"7014851",371865,2025-09-04 18:35:33,43.3519325256348,-8.52505111694336,"Unknown"
"7014851",371865,2025-09-04 18:40:31,43.3518714904785,-8.52497005462646,"Unknown"
"7014851",371865,2025-09-04 18:45:29,43.3517570495605,-8.52480125427246,"Unknown"
"7014851",371865,2025-09-04 18:50:31,43.3809127807617,-8.51981258392334,"Unknown"
"7014851",371865,2025-09-04 18:55:29,43.4035263061523,-8.48581314086914,"Unknown"
"7014851",371865,2025-09-04 19:00:32,43.4032516479492,-8.46999454498291,"Unknown"
"7014851",371865,2025-09-04 19:05:29,43.400993347168,-8.45325374603271,"Unknown"
"7014851",371865,2025-09-04 19:10:36,43.4019355773926,-8.44020557403564,"Unknown"
"7014851",371865,2025-09-04 19:15:33,43.4013328552246,-8.43929100036621,"Unknown"
"7014851",371865,2025-09-04 19:20:36,43.4010276794434,-8.43843841552734,"Unknown"
"7014851",371865,2025-09-04 19:25:44,43.4007759094238,-8.43905544281006,"Unknown"
"7014851",371865,2025-09-04 19:30:33,43.4001998901367,-8.43849468231201,"Unknown"
"7014851",371865,2025-09-04 19:35:38,43.3998184204102,-8.43899822235107,"Unknown"
"7014851",371865,2025-09-04 19:40:31,43.3997459411621,-8.43883895874023,"Unknown"
"7014851",371865,2025-09-04 19:45:34,43.399341583252,-8.4382905960083,"Unknown"
"7014851",371865,2025-09-04 19:50:42,43.3995475769043,-8.43932342529297,"Unknown"
"7014851",371865,2025-09-04 19:56:34,43.3998565673828,-8.43911457061768,"Unknown"
"7014851",371865,2025-09-04 20:00:30,43.4000434875488,-8.43876934051514,"Unknown"
"7014851",371865,2025-09-04 20:05:32,43.3995323181152,-8.43900871276855,"Unknown"
"7014851",371865,2025-09-04 20:10:30,43.3997764587402,-8.43854522705078,"Unknown"
"7014851",371865,2025-09-04 20:15:30,43.3929328918457,-8.40114498138428,"Unknown"
"7014851",371865,2025-09-04 20:20:30,43.3657760620117,-8.38057422637939,"Unknown"
"7014851",371865,2025-09-04 20:25:31,43.3609924316406,-8.38879203796387,"Unknown"
"7014851",371865,2025-09-04 20:30:29,43.3610305786133,-8.38872718811035,"Unknown"
"7014851",371865,2025-09-04 20:35:30,43.3612632751465,-8.38860988616943,"Unknown"
"7014851",371865,2025-09-04 20:40:33,43.3610343933105,-8.3886194229126,"Unknown"
"7014851",371865,2025-09-04 20:45:31,43.3614082336426,-8.38864803314209,"Unknown"
"7014851",371865,2025-09-04 20:50:30,43.3611450195312,-8.38889503479004,"Unknown"
"7014851",371865,2025-09-04 20:55:31,43.361026763916,-8.38871383666992,"Unknown"
"7014851",371865,2025-09-04 21:00:31,43.3610534667969,-8.38866138458252,"Unknown"
"7014851",371865,2025-09-04 21:05:30,43.3611907958984,-8.38878536224365,"Unknown"
"7014851",371865,2025-09-04 21:10:30,43.3616714477539,-8.38918972015381,"Unknown"
"7014851",371865,2025-09-04 21:15:31,43.3610954284668,-8.3886079788208,"Unknown"
"7014851",371865,2025-09-04 21:20:32,43.3579711914062,-8.39216613769531,"Unknown"
"7014851",371865,2025-09-04 21:25:29,43.3579902648926,-8.39216995239258,"Unknown"
"7014851",371865,2025-09-04 21:30:29,43.3579788208008,-8.39219665527344,"Unknown"
"7014851",371865,2025-09-04 21:35:29,43.3580322265625,-8.39219856262207,"Unknown"
"7014851",371865,2025-09-04 21:40:30,43.3581199645996,-8.39233112335205,"Unknown"
"7014851",371865,2025-09-04 21:45:33,43.3578338623047,-8.39199733734131,"Unknown"
"7014851",371865,2025-09-04 21:50:30,43.3581161499023,-8.39269638061523,"Unknown"
"7014851",371865,2025-09-04 21:55:30,43.3581123352051,-8.39273738861084,"Unknown"
"7014851",371865,2025-09-04 22:00:44,43.3580284118652,-8.39240550994873,"Unknown"
"7014851",371865,2025-09-04 22:05:37,43.3574523925781,-8.39217853546143,"Unknown"
"7014851",371865,2025-09-04 22:10:33,43.3580627441406,-8.39259624481201,"Unknown"
"7014851",371865,2025-09-04 22:15:32,43.3577003479004,-8.39239883422852,"Unknown"
"7014851",371865,2025-09-04 22:20:37,43.3578224182129,-8.39247131347656,"Unknown"
"7014851",371865,2025-09-04 22:25:34,43.3575592041016,-8.39221477508545,"Unknown"
"7014851",371865,2025-09-04 22:30:44,43.3584747314453,-8.39283847808838,"Unknown"
"7014851",371865,2025-09-04 22:35:31,43.3584289550781,-8.39289379119873,"Unknown"
"7014851",371865,2025-09-04 22:40:36,43.3592758178711,-8.39158630371094,"Unknown"
"7014851",371865,2025-09-04 22:45:34,43.3585777282715,-8.39304447174072,"Unknown"
"7014851",371865,2025-09-04 22:50:36,43.3584060668945,-8.39310741424561,"Unknown"
"7014851",371865,2025-09-04 22:55:37,43.3569984436035,-8.39440441131592,"Unknown"
"7014851",371865,2025-09-04 23:00:32,43.3586044311523,-8.39329147338867,"Unknown"
"7014851",371865,2025-09-04 23:05:36,43.3585395812988,-8.39303970336914,"Unknown"
"7014851",371865,2025-09-04 23:10:40,43.3586578369141,-8.39304065704346,"Unknown"
"7014851",371865,2025-09-04 23:15:39,43.3585891723633,-8.39284133911133,"Unknown"
"7014851",371865,2025-09-04 23:20:47,43.3586158752441,-8.39303970336914,"Unknown"
"7014851",371865,2025-09-04 23:25:32,43.3585968017578,-8.39296340942383,"Unknown"
"7014851",371865,2025-09-04 23:30:38,43.3584403991699,-8.39299297332764,"Unknown"
"7014851",371865,2025-09-04 23:35:39,43.3582611083984,-8.39291954040527,"Unknown"
"7014851",371865,2025-09-04 23:40:32,43.3581085205078,-8.39288425445557,"Unknown"
"7014851",371865,2025-09-04 23:45:35,43.3581619262695,-8.3928747177124,"Unknown"
"7014851",371865,2025-09-04 23:50:35,43.3582916259766,-8.39275169372559,"Unknown"
"7014851",371865,2025-09-04 23:55:33,43.3582725524902,-8.39287376403809,"Unknown"
"7014851",371865,2025-09-05 00:00:45,43.3583526611328,-8.39314842224121,"Unknown"
"7014851",371865,2025-09-05 00:05:33,43.3581886291504,-8.39288234710693,"Unknown"
"7014851",371865,2025-09-05 00:10:43,43.3581924438477,-8.3928861618042,"Unknown"
"7014851",371865,2025-09-05 00:15:38,43.358211517334,-8.39280605316162,"Unknown"
"7014851",371865,2025-09-05 00:20:32,43.3581047058105,-8.39271926879883,"Unknown"
"7014851",371865,2025-09-05 00:25:37,43.3581581115723,-8.39280414581299,"Unknown"
"7014851",371865,2025-09-05 00:30:33,43.3581047058105,-8.39264011383057,"Unknown"
"7014851",371865,2025-09-05 00:35:36,43.3581962585449,-8.39269733428955,"Unknown"
"7014851",371865,2025-09-05 00:40:39,43.3582344055176,-8.39282035827637,"Unknown"
"7014851",371865,2025-09-05 00:46:14,43.3583831787109,-8.3931303024292,"Unknown"
"7014851",371865,2025-09-05 00:50:41,43.3583106994629,-8.3929271697998,"Unknown"
"7014851",371865,2025-09-05 00:55:30,43.3582382202148,-8.39278125762939,"Unknown"
"7014851",371865,2025-09-05 01:00:29,43.3584823608398,-8.39319229125977,"Unknown"
"7014851",371865,2025-09-05 01:05:31,43.358283996582,-8.39289283752441,"Unknown"
"7014851",371865,2025-09-05 01:10:30,43.3584251403809,-8.39298629760742,"Unknown"
"7014851",371865,2025-09-05 01:15:29,43.3583030700684,-8.39290809631348,"Unknown"
"7014851",371865,2025-09-05 01:20:32,43.3584671020508,-8.39299964904785,"Unknown"
"7014851",371865,2025-09-05 01:25:33,43.3584213256836,-8.39278984069824,"Unknown"
"7014851",371865,2025-09-05 01:30:34,43.3581504821777,-8.3927583694458,"Unknown"
"7014851",371865,2025-09-05 01:35:34,43.3582725524902,-8.39297485351562,"Unknown"
"7014851",371865,2025-09-05 01:40:36,43.3576736450195,-8.39299774169922,"Unknown"
"7014851",371865,2025-09-05 01:45:44,43.3580093383789,-8.39289665222168,"Unknown"
"7014851",371865,2025-09-05 01:50:36,43.3585968017578,-8.3920726776123,"Unknown"
"7014851",371865,2025-09-05 01:55:45,43.3581275939941,-8.39296340942383,"Unknown"
"7014851",371865,2025-09-05 02:00:35,43.3582725524902,-8.39299774169922,"Unknown"
"7014851",371865,2025-09-05 02:05:33,43.3584251403809,-8.39314556121826,"Unknown"
"7014851",371865,2025-09-05 02:10:36,43.3583641052246,-8.39313983917236,"Unknown"
"7014851",371865,2025-09-05 02:15:36,43.3583755493164,-8.39283084869385,"Unknown"
"7014851",371865,2025-09-05 02:20:32,43.3583679199219,-8.39295768737793,"Unknown"
"7014851",371865,2025-09-05 02:25:37,43.3584823608398,-8.39267826080322,"Unknown"
"7014851",371865,2025-09-05 02:30:37,43.3583450317383,-8.39299392700195,"Unknown"
"7014851",371865,2025-09-05 02:35:39,43.3583984375,-8.39292049407959,"Unknown"
"7014851",371865,2025-09-05 02:40:39,43.3585472106934,-8.39264678955078,"Unknown"
"7014851",371865,2025-09-05 02:45:53,43.3584403991699,-8.39302062988281,"Unknown"
"7014851",371865,2025-09-05 02:50:29,43.3625564575195,-8.39435768127441,"Unknown"
"7014851",371865,2025-09-05 02:55:34,43.3618469238281,-8.39420413970947,"Unknown"
"7014851",371865,2025-09-05 03:00:39,43.3618621826172,-8.39433860778809,"Unknown"
"7014851",371865,2025-09-05 03:05:33,43.3617897033691,-8.39400672912598,"Unknown"
"7014851",371865,2025-09-05 03:10:33,43.361759185791,-8.39389419555664,"Unknown"
"7014851",371865,2025-09-05 03:15:33,43.3620185852051,-8.39419937133789,"Unknown"
"7014851",371865,2025-09-05 03:20:32,43.361701965332,-8.39377689361572,"Unknown"
"7014851",371865,2025-09-05 03:25:31,43.3616752624512,-8.39390277862549,"Unknown"
"7014851",371865,2025-09-05 03:30:44,43.3625144958496,-8.39345550537109,"Unknown"
"7014851",371865,2025-09-05 03:35:33,43.3625068664551,-8.39351367950439,"Unknown"
"7014851",371865,2025-09-05 03:40:36,43.3624458312988,-8.3934154510498,"Unknown"
"7014851",371865,2025-09-05 03:45:33,43.3624000549316,-8.39322662353516,"Unknown"
"7014851",371865,2025-09-05 03:50:53,43.3623847961426,-8.39332485198975,"Unknown"
"7014851",371865,2025-09-05 03:55:35,43.3624992370605,-8.3934440612793,"Unknown"
"7014851",371865,2025-09-05 04:00:29,43.3623123168945,-8.3932580947876,"Unknown"
"7014851",371865,2025-09-05 04:05:32,43.362491607666,-8.39340686798096,"Unknown"
"7014851",371865,2025-09-05 04:10:30,43.3623504638672,-8.39350891113281,"Unknown"
"7014851",371865,2025-09-05 04:15:30,43.3626289367676,-8.39335823059082,"Unknown"
"7014851",371865,2025-09-05 04:20:32,43.362979888916,-8.39343643188477,"Unknown"
"7014851",371865,2025-09-05 04:25:32,43.3627014160156,-8.39362621307373,"Unknown"
"7014851",371865,2025-09-05 04:30:31,43.3621520996094,-8.39356422424316,"Unknown"
"7014851",371865,2025-09-05 04:35:30,43.362377166748,-8.3934154510498,"Unknown"
"7014851",371865,2025-09-05 04:40:32,43.3620834350586,-8.3931131362915,"Unknown"
"7014851",371865,2025-09-05 04:45:36,43.3619956970215,-8.39363098144531,"Unknown"
"7014851",371865,2025-09-05 04:50:38,43.3618965148926,-8.39358234405518,"Unknown"
"7014851",371865,2025-09-05 04:55:36,43.3618774414062,-8.39358329772949,"Unknown"
"7014851",371865,2025-09-05 05:00:30,43.3636512756348,-8.39426040649414,"Unknown"
"7014851",371865,2025-09-05 05:05:30,43.3641166687012,-8.40085411071777,"Unknown"
"7014851",371865,2025-09-05 05:10:33,43.3641395568848,-8.40085601806641,"Unknown"
"7014851",371865,2025-09-05 05:15:30,43.3640632629395,-8.40083122253418,"Unknown"
"7014851",371865,2025-09-05 05:20:44,43.3647155761719,-8.4009256362915,"Unknown"
"7014851",371865,2025-09-05 05:25:33,43.3641166687012,-8.4008264541626,"Unknown"
"7014851",371865,2025-09-05 05:30:35,43.3641510009766,-8.40083694458008,"Unknown"
"7014851",371865,2025-09-05 05:35:34,43.3642120361328,-8.40088367462158,"Unknown"
"7014851",371865,2025-09-05 05:40:36,43.364200592041,-8.40078735351562,"Unknown"
"7014851",371865,2025-09-05 05:45:30,43.3641662597656,-8.40069961547852,"Unknown"
"7014851",371865,2025-09-05 05:50:30,43.3642349243164,-8.40072059631348,"Unknown"
"7014851",371865,2025-09-05 05:55:30,43.3540077209473,-8.40661811828613,"Unknown"
"7014851",371865,2025-09-05 06:00:30,43.3524932861328,-8.41724967956543,"Unknown"
"7014851",371865,2025-09-05 06:05:33,43.3527030944824,-8.41730308532715,"Unknown"
"7014851",371865,2025-09-05 06:10:34,43.3526458740234,-8.41720104217529,"Unknown"
"7014851",371865,2025-09-05 06:15:33,43.352710723877,-8.41714668273926,"Unknown"
"7014851",371865,2025-09-05 06:20:30,43.3492431640625,-8.42694187164307,"Unknown"
"7014851",371865,2025-09-05 06:25:30,43.3362274169922,-8.4561710357666,"Unknown"
"7014851",371865,2025-09-05 06:30:30,43.299243927002,-8.46882057189941,"Unknown"
"7014851",371865,2025-09-05 06:35:30,43.2649726867676,-8.46926593780518,"Unknown"
"7014851",371865,2025-09-05 06:40:30,43.2302551269531,-8.46263694763184,"Unknown"
"7014851",371865,2025-09-05 06:45:30,43.1927490234375,-8.45650672912598,"Unknown"
"7014851",371865,2025-09-05 06:50:30,43.1509666442871,-8.46615409851074,"Unknown"
"7014851",371865,2025-09-05 06:55:31,43.1298904418945,-8.47006893157959,"Unknown"
"7014851",371865,2025-09-05 07:00:30,43.1297607421875,-8.47021770477295,"Unknown"
"7014851",371865,2025-09-05 07:05:30,43.1298065185547,-8.46967029571533,"Unknown"
"7014851",371865,2025-09-05 07:10:33,43.1296005249023,-8.47054958343506,"Unknown"
"7014851",371865,2025-09-05 07:15:30,43.1308212280273,-8.47113800048828,"Unknown"
"7014851",371865,2025-09-05 07:20:30,43.130786895752,-8.47116088867188,"Unknown"
"7014851",371865,2025-09-05 07:25:31,43.130298614502,-8.47133541107178,"Unknown"
"7014851",371865,2025-09-05 07:30:31,43.1304626464844,-8.47097396850586,"Unknown"
"7014851",371865,2025-09-05 07:35:30,43.1305313110352,-8.47078704833984,"Unknown"
"7014851",371865,2025-09-05 07:40:30,43.1307678222656,-8.47110462188721,"Unknown"
"7014851",371865,2025-09-05 07:45:30,43.1307067871094,-8.47104549407959,"Unknown"
"7014851",371865,2025-09-05 07:50:30,43.1303863525391,-8.46976375579834,"Unknown"
"7014851",371865,2025-09-05 07:55:30,43.1301498413086,-8.47014617919922,"Unknown"
"7014851",371865,2025-09-05 08:00:31,43.1303482055664,-8.4698371887207,"Unknown"
"7014851",371865,2025-09-05 08:05:33,43.1306762695312,-8.4695291519165,"Unknown"
"7014851",371865,2025-09-05 08:10:34,43.1302604675293,-8.46961688995361,"Unknown"
"7014851",371865,2025-09-05 08:15:34,43.130012512207,-8.46942043304443,"Unknown"
"7014851",371865,2025-09-05 08:20:30,43.1301155090332,-8.46945285797119,"Unknown"
"7014851",371865,2025-09-05 08:25:31,43.1323661804199,-8.46848487854004,"Unknown"
"7014851",371865,2025-09-05 08:30:30,43.1322479248047,-8.46854019165039,"Unknown"
"7014851",371865,2025-09-05 08:35:30,43.1321716308594,-8.46877098083496,"Unknown"
"7014851",371865,2025-09-05 08:40:30,43.1322784423828,-8.4685525894165,"Unknown"
"7014851",371865,2025-09-05 08:45:30,43.1325378417969,-8.46815490722656,"Unknown"
"7014851",371865,2025-09-05 08:50:30,43.1322555541992,-8.46857261657715,"Unknown"
"7014851",371865,2025-09-05 08:55:31,43.1323432922363,-8.46845436096191,"Unknown"
"7014851",371865,2025-09-05 09:00:30,43.1323585510254,-8.46848964691162,"Unknown"
"7014851",371865,2025-09-05 09:05:39,43.1322479248047,-8.46843528747559,"Unknown"
"7014851",371865,2025-09-05 09:10:33,43.1322898864746,-8.46850967407227,"Unknown"
"7014851",371865,2025-09-05 09:15:30,43.1323127746582,-8.46855545043945,"Unknown"
"7014851",371865,2025-09-05 09:20:31,43.1326484680176,-8.46873092651367,"Unknown"
"7014851",371865,2025-09-05 09:25:44,43.1324920654297,-8.46850490570068,"Unknown"
"7014851",371865,2025-09-05 09:30:31,43.1325645446777,-8.46865272521973,"Unknown"
"7014851",371865,2025-09-05 09:35:31,43.1326026916504,-8.46865653991699,"Unknown"
"7014851",371865,2025-09-05 09:40:30,43.1325492858887,-8.46866893768311,"Unknown"
"7014851",371865,2025-09-05 09:45:31,43.1325874328613,-8.46849155426025,"Unknown"
"7014851",371865,2025-09-05 09:50:33,43.1325454711914,-8.46865272521973,"Unknown"
"7014851",371865,2025-09-05 09:55:30,43.1323509216309,-8.46842861175537,"Unknown"
"7014851",371865,2025-09-05 10:00:34,43.1324844360352,-8.46854019165039,"Unknown"
"7014851",371865,2025-09-05 10:05:37,43.1325492858887,-8.46858596801758,"Unknown"
"7014851",371865,2025-09-05 10:10:30,43.1338768005371,-8.47068881988525,"Unknown"
"7014851",371865,2025-09-05 10:15:30,43.1340446472168,-8.47084140777588,"Unknown"
"7014851",371865,2025-09-05 10:20:32,43.1339225769043,-8.47057628631592,"Unknown"
"7014851",371865,2025-09-05 10:25:32,43.133960723877,-8.47063636779785,"Unknown"
"7014851",371865,2025-09-05 10:30:32,43.1339340209961,-8.47059440612793,"Unknown"
"7014851",371865,2025-09-05 10:35:33,43.1334838867188,-8.46968555450439,"Unknown"
"7014851",371865,2025-09-05 10:40:33,43.1335067749023,-8.46969985961914,"Unknown"
"7014851",371865,2025-09-05 10:45:31,43.133544921875,-8.46970462799072,"Unknown"
"7014851",371865,2025-09-05 10:50:30,43.1336631774902,-8.46966552734375,"Unknown"
"7014851",371865,2025-09-05 10:55:30,43.1336364746094,-8.46969318389893,"Unknown"
"7014851",371865,2025-09-05 11:00:31,43.1335067749023,-8.4696683883667,"Unknown"
"7014851",371865,2025-09-05 11:05:36,43.1336555480957,-8.4697151184082,"Unknown"
"7014851",371865,2025-09-05 11:10:31,43.1341781616211,-8.46906089782715,"Unknown"
"7014851",371865,2025-09-05 11:15:32,43.1335067749023,-8.46983051300049,"Unknown"
"7014851",371865,2025-09-05 11:20:33,43.1335182189941,-8.46991157531738,"Unknown"
"7014851",371865,2025-09-05 11:25:30,43.133472442627,-8.46963691711426,"Unknown"
"7014851",371865,2025-09-05 11:30:30,43.1335029602051,-8.46960258483887,"Unknown"
"7014851",371865,2025-09-05 11:35:33,43.1334953308105,-8.4697437286377,"Unknown"
"7014851",371865,2025-09-05 11:40:30,43.1337699890137,-8.46926784515381,"Unknown"
"7014851",371865,2025-09-05 11:45:34,43.1337280273438,-8.46957397460938,"Unknown"
"7014851",371865,2025-09-05 11:50:33,43.1336288452148,-8.46938228607178,"Unknown"
"7014851",371865,2025-09-05 11:55:36,43.1327743530273,-8.46978282928467,"Unknown"
"7014851",371865,2025-09-05 12:00:34,43.1331024169922,-8.46991539001465,"Unknown"
"7014851",371865,2025-09-05 12:05:36,43.1330947875977,-8.46974086761475,"Unknown"
"7014851",371865,2025-09-05 12:10:34,43.1331977844238,-8.46981048583984,"Unknown"
"7014851",371865,2025-09-05 12:15:34,43.1330223083496,-8.46974754333496,"Unknown"
"7014851",371865,2025-09-05 12:20:30,43.132495880127,-8.47052478790283,"Unknown"
"7014851",371865,2025-09-05 12:25:30,43.1336250305176,-8.46972846984863,"Unknown"
"7014851",371865,2025-09-05 12:30:29,43.1327629089355,-8.47072505950928,"Unknown"
"7014851",371865,2025-09-05 12:35:32,43.1332817077637,-8.46960544586182,"Unknown"
"7014851",371865,2025-09-05 12:40:30,43.1290893554688,-8.47007179260254,"Unknown"
"7014851",371865,2025-09-05 12:45:30,43.1289215087891,-8.46983623504639,"Unknown"
"7014851",371865,2025-09-05 12:50:30,43.1292495727539,-8.4697322845459,"Unknown"
"7014851",371865,2025-09-05 12:55:30,43.129093170166,-8.46977806091309,"Unknown"
"7014851",371865,2025-09-05 13:00:30,43.1289863586426,-8.46976280212402,"Unknown"
"7014851",371865,2025-09-05 13:05:30,43.1294784545898,-8.47028636932373,"Unknown"
"7014851",371865,2025-09-05 13:10:30,43.1291770935059,-8.47113418579102,"Unknown"
"7014851",371865,2025-09-05 13:15:30,43.1291618347168,-8.47109889984131,"Unknown"
"7014851",371865,2025-09-05 13:20:36,43.1300354003906,-8.47024631500244,"Unknown"
"7014851",371865,2025-09-05 13:25:30,43.1290016174316,-8.4711799621582,"Unknown"
"7014851",371865,2025-09-05 13:30:30,43.1290168762207,-8.47110748291016,"Unknown"
"7014851",371865,2025-09-05 13:35:34,43.1299591064453,-8.47016525268555,"Unknown"
"7014851",371865,2025-09-05 13:40:30,43.1289138793945,-8.47097587585449,"Unknown"
"7014851",371865,2025-09-05 13:45:30,43.129077911377,-8.47095680236816,"Unknown"
"7014851",371865,2025-09-05 13:50:30,43.1290321350098,-8.47090816497803,"Unknown"
"7014851",371865,2025-09-05 13:55:30,43.1292037963867,-8.47080039978027,"Unknown"
"7014851",371865,2025-09-05 14:00:30,43.1294097900391,-8.47066116333008,"Unknown"
"7014851",371865,2025-09-05 14:05:30,43.132453918457,-8.46892070770264,"Unknown"
"7014851",371865,2025-09-05 14:10:31,43.1327056884766,-8.46865940093994,"Unknown"
"7014851",371865,2025-09-05 14:15:30,43.1326789855957,-8.46848487854004,"Unknown"
"7014851",371865,2025-09-05 14:20:30,43.1327896118164,-8.46851825714111,"Unknown"
"7014851",371865,2025-09-05 14:25:30,43.1326179504395,-8.46872901916504,"Unknown"
"7014851",371865,2025-09-05 14:30:30,43.1326675415039,-8.46847820281982,"Unknown"
"7014851",371865,2025-09-05 14:35:30,43.1326103210449,-8.46846866607666,"Unknown"
"7014851",371865,2025-09-05 14:40:30,43.1326217651367,-8.46847724914551,"Unknown"
"7014851",371865,2025-09-05 14:45:30,43.132625579834,-8.46840858459473,"Unknown"
"7014851",371865,2025-09-05 14:50:30,43.1326179504395,-8.46854782104492,"Unknown"
"7014851",371865,2025-09-05 14:55:30,43.1327514648438,-8.46842098236084,"Unknown"
"7014851",371865,2025-09-05 15:00:30,43.132698059082,-8.46846961975098,"Unknown"
"7014851",371865,2025-09-05 15:05:30,43.1334648132324,-8.46970367431641,"Unknown"
"7014851",371865,2025-09-05 15:10:31,43.1342506408691,-8.47057247161865,"Unknown"
"7014851",371865,2025-09-05 15:15:30,43.1342544555664,-8.47056484222412,"Unknown"
"7014851",371865,2025-09-05 15:20:30,43.1343536376953,-8.47045516967773,"Unknown"
"7014851",371865,2025-09-05 15:25:30,43.1342697143555,-8.47068023681641,"Unknown"
"7014851",371865,2025-09-05 15:30:30,43.134334564209,-8.4705810546875,"Unknown"
"7014851",371865,2025-09-05 15:35:30,43.1329803466797,-8.47273254394531,"Unknown"
"7014851",371865,2025-09-05 15:40:30,43.1297416687012,-8.47091579437256,"Unknown"
"7014851",371865,2025-09-05 15:45:30,43.125919342041,-8.47787570953369,"Unknown"
"7014851",371865,2025-09-05 15:50:32,43.1011390686035,-8.49861812591553,"Unknown"
"7014851",371865,2025-09-05 15:55:31,43.1012153625488,-8.4987964630127,"Unknown"
"7014851",371865,2025-09-05 16:00:31,43.1006622314453,-8.49929332733154,"Unknown"
"7014851",371865,2025-09-05 16:05:30,43.1140403747559,-8.48099803924561,"Unknown"
"7014851",371865,2025-09-05 16:10:35,43.129997253418,-8.47073459625244,"Unknown"
"7014851",371865,2025-09-05 16:15:30,43.130126953125,-8.47087383270264,"Unknown"
"7014851",371865,2025-09-05 16:20:30,43.1300659179688,-8.47074317932129,"Unknown"
"7014851",371865,2025-09-05 16:25:31,43.1301460266113,-8.4707670211792,"Unknown"
"7014851",371865,2025-09-05 16:30:30,43.1301612854004,-8.47073268890381,"Unknown"
"7014851",371865,2025-09-05 16:35:30,43.130126953125,-8.47072410583496,"Unknown"
"7014851",371865,2025-09-05 16:40:30,43.1303367614746,-8.47036647796631,"Unknown"
"7014851",371865,2025-09-05 16:45:32,43.1303329467773,-8.4708137512207,"Unknown"
"7014851",371865,2025-09-05 16:50:30,43.1302375793457,-8.47077655792236,"Unknown"
"7014851",371865,2025-09-05 16:55:30,43.1302299499512,-8.4708309173584,"Unknown"
"7014851",371865,2025-09-05 17:00:30,43.1303176879883,-8.47116565704346,"Unknown"
"7014851",371865,2025-09-05 17:05:30,43.1303405761719,-8.47116184234619,"Unknown"
"7014851",371865,2025-09-05 17:10:30,43.1302680969238,-8.4710807800293,"Unknown"
"7014851",371865,2025-09-05 17:15:30,43.1303596496582,-8.47098922729492,"Unknown"
"7014851",371865,2025-09-05 17:20:37,43.1303863525391,-8.47080326080322,"Unknown"
"7014851",371865,2025-09-05 17:25:32,43.1303520202637,-8.47088813781738,"Unknown"
"7014851",371865,2025-09-05 17:30:31,43.130542755127,-8.47064685821533,"Unknown"
"7014851",371865,2025-09-05 17:35:32,43.1303291320801,-8.47048187255859,"Unknown"
"7014851",371865,2025-09-05 17:40:31,43.1303520202637,-8.47048664093018,"Unknown"
"7014851",371865,2025-09-05 17:45:32,43.1301918029785,-8.47024822235107,"Unknown"
"7014851",371865,2025-09-05 17:50:30,43.1301612854004,-8.47020816802979,"Unknown"
"7014851",371865,2025-09-05 17:55:30,43.130241394043,-8.47028636932373,"Unknown"
"7014851",371865,2025-09-05 18:00:30,43.1302299499512,-8.47031116485596,"Unknown"
"7014851",371865,2025-09-05 18:05:31,43.1330528259277,-8.46814823150635,"Unknown"
"7014851",371865,2025-09-05 18:10:32,43.1309928894043,-8.47084808349609,"Unknown"
"7014851",371865,2025-09-05 18:15:30,43.1309089660645,-8.47107887268066,"Unknown"
"7014851",371865,2025-09-05 18:20:32,43.1328773498535,-8.46837997436523,"Unknown"
"7014851",371865,2025-09-05 18:25:30,43.132926940918,-8.46835231781006,"Unknown"
"7014851",371865,2025-09-05 18:30:34,43.1327934265137,-8.46855926513672,"Unknown"
"7014851",371865,2025-09-05 18:35:37,43.1328201293945,-8.46822834014893,"Unknown"
"7014851",371865,2025-09-05 18:40:32,43.1327934265137,-8.46822547912598,"Unknown"
"7014851",371865,2025-09-05 18:45:31,43.1328887939453,-8.46771240234375,"Unknown"
"7014851",371865,2025-09-05 18:50:34,43.1327362060547,-8.46832466125488,"Unknown"
"7014851",371865,2025-09-05 18:55:30,43.130802154541,-8.4710807800293,"Unknown"
"7014851",371865,2025-09-05 19:00:32,43.1307601928711,-8.47103404998779,"Unknown"
"7014851",371865,2025-09-05 19:05:31,43.1309013366699,-8.47122669219971,"Unknown"
"7014851",371865,2025-09-05 19:10:31,43.130802154541,-8.47078323364258,"Unknown"
"7014851",371865,2025-09-05 19:15:30,43.1395072937012,-8.4675121307373,"Unknown"
"7014851",371865,2025-09-05 19:20:30,43.1628646850586,-8.45719146728516,"Unknown"
"7014851",371865,2025-09-05 19:25:30,43.1846389770508,-8.43307399749756,"Unknown"
"7014851",371865,2025-09-05 19:30:29,43.1931571960449,-8.4233226776123,"Unknown"
"7014851",371865,2025-09-05 19:35:36,43.187442779541,-8.41810417175293,"Unknown"
"7014851",371865,2025-09-05 19:40:28,43.1726150512695,-8.4410982131958,"Unknown"
"7014851",371865,2025-09-05 19:45:31,43.1725692749023,-8.43882179260254,"Unknown"
"7014851",371865,2025-09-05 19:50:32,43.1722450256348,-8.43999004364014,"Unknown"
"7014851",371865,2025-09-05 19:55:31,43.1720123291016,-8.44002437591553,"Unknown"
"7014851",371865,2025-09-05 20:00:30,43.1724891662598,-8.43930244445801,"Unknown"
"7014851",371865,2025-09-05 20:05:32,43.1716270446777,-8.44074058532715,"Unknown"
"7014851",371865,2025-09-05 20:10:30,43.1720123291016,-8.44047069549561,"Unknown"
"7014851",371865,2025-09-05 20:15:32,43.1715888977051,-8.44056129455566,"Unknown"
"7014851",371865,2025-09-05 20:20:29,43.1712532043457,-8.44094276428223,"Unknown"
"7014851",371865,2025-09-05 20:25:28,43.1714744567871,-8.44068908691406,"Unknown"
"7014851",371865,2025-09-05 20:30:28,43.1713600158691,-8.44074058532715,"Unknown"
"7014851",371865,2025-09-05 20:35:29,43.1727905273438,-8.43953037261963,"Unknown"
"7014851",371865,2025-09-05 20:40:31,43.1727828979492,-8.43772792816162,"Unknown"
"7014851",371865,2025-09-05 20:45:29,43.1723175048828,-8.43868923187256,"Unknown"
"7014851",371865,2025-09-05 20:50:31,43.1724319458008,-8.43872356414795,"Unknown"
"7014851",371865,2025-09-05 20:55:29,43.1723480224609,-8.43856811523438,"Unknown"
"7014851",371865,2025-09-05 21:00:29,43.1726417541504,-8.43881702423096,"Unknown"
"7014851",371865,2025-09-05 21:05:29,43.1723556518555,-8.43857479095459,"Unknown"
"7014851",371865,2025-09-05 21:10:30,43.1722869873047,-8.43861675262451,"Unknown"
"7014851",371865,2025-09-05 21:15:29,43.1727104187012,-8.43884468078613,"Unknown"
"7014851",371865,2025-09-05 21:20:31,43.1724128723145,-8.43835067749023,"Unknown"
"7014851",371865,2025-09-05 21:25:30,43.1727523803711,-8.43890953063965,"Unknown"
"7014851",371865,2025-09-05 21:30:28,43.1725616455078,-8.43872261047363,"Unknown"
"7014851",371865,2025-09-05 21:35:28,43.1726264953613,-8.43888664245605,"Unknown"
"7014851",371865,2025-09-05 21:40:28,43.1727561950684,-8.43904113769531,"Unknown"
"7014851",371865,2025-09-05 21:45:29,43.1728363037109,-8.43906497955322,"Unknown"
"7014851",371865,2025-09-05 21:50:29,43.1726417541504,-8.43882656097412,"Unknown"
"7014851",371865,2025-09-05 21:55:29,43.172679901123,-8.43895149230957,"Unknown"
"7014851",371865,2025-09-05 22:00:29,43.1730918884277,-8.43912696838379,"Unknown"
"7014851",371865,2025-09-05 22:05:29,43.1729431152344,-8.43891906738281,"Unknown"
"7014851",371865,2025-09-05 22:10:30,43.172248840332,-8.43798828125,"Unknown"
"7014851",371865,2025-09-05 22:15:30,43.1728668212891,-8.43888473510742,"Unknown"
"7014851",371865,2025-09-05 22:20:29,43.1723823547363,-8.4384126663208,"Unknown"
"7014851",371865,2025-09-05 22:25:31,43.1725616455078,-8.43835067749023,"Unknown"
"7014851",371865,2025-09-05 22:30:29,43.1721305847168,-8.43808174133301,"Unknown"
"7014851",371865,2025-09-05 22:35:31,43.1726264953613,-8.43857765197754,"Unknown"
"7014851",371865,2025-09-05 22:40:31,43.1726150512695,-8.43855285644531,"Unknown"
"7014851",371865,2025-09-05 22:45:36,43.1726455688477,-8.43852615356445,"Unknown"
"7014851",371865,2025-09-05 22:50:30,43.1723098754883,-8.43813705444336,"Unknown"
"7014851",371865,2025-09-05 22:55:31,43.1719436645508,-8.43800163269043,"Unknown"
"7014851",371865,2025-09-05 23:00:29,43.1721267700195,-8.43806743621826,"Unknown"
"7014851",371865,2025-09-05 23:05:31,43.1715965270996,-8.43717670440674,"Unknown"
"7014851",371865,2025-09-05 23:10:29,43.172061920166,-8.4377908706665,"Unknown"
"7014851",371865,2025-09-05 23:15:29,43.1721305847168,-8.43799495697021,"Unknown"
"7014851",371865,2025-09-05 23:20:33,43.172191619873,-8.43798542022705,"Unknown"
"7014851",371865,2025-09-05 23:25:36,43.1724052429199,-8.43853664398193,"Unknown"
"7014851",371865,2025-09-05 23:30:30,43.1725654602051,-8.43887329101562,"Unknown"
"7014851",371865,2025-09-05 23:35:31,43.1719818115234,-8.43955898284912,"Unknown"
"7014851",371865,2025-09-05 23:40:37,43.1720123291016,-8.43916893005371,"Unknown"
"7014851",371865,2025-09-05 23:45:31,43.1719093322754,-8.43950843811035,"Unknown"
"7014851",371865,2025-09-05 23:50:36,43.1718673706055,-8.43949413299561,"Unknown"
"7014851",371865,2025-09-05 23:55:33,43.171817779541,-8.43948650360107,"Unknown"
"7014851",371865,2025-09-06 00:00:28,43.1718406677246,-8.43937683105469,"Unknown"
"7014851",371865,2025-09-06 00:05:29,43.1718521118164,-8.43936634063721,"Unknown"
"7014851",371865,2025-09-06 00:10:29,43.1717758178711,-8.43934345245361,"Unknown"
"7014851",371865,2025-09-06 00:15:29,43.1718826293945,-8.43959522247314,"Unknown"
"7014851",371865,2025-09-06 00:20:30,43.1714973449707,-8.43887996673584,"Unknown"
"7014851",371865,2025-09-06 00:25:42,43.1715812683105,-8.43969249725342,"Unknown"
"7014851",371865,2025-09-06 00:30:33,43.1715774536133,-8.43961524963379,"Unknown"
"7014851",371865,2025-09-06 00:35:30,43.1713752746582,-8.43933200836182,"Unknown"
"7014851",371865,2025-09-06 00:40:30,43.1714859008789,-8.43956851959229,"Unknown"
"7014851",371865,2025-09-06 00:45:33,43.1715698242188,-8.43986034393311,"Unknown"
"7014851",371865,2025-09-06 00:50:30,43.171272277832,-8.43949890136719,"Unknown"
"7014851",371865,2025-09-06 00:55:39,43.1717338562012,-8.43978595733643,"Unknown"
"7014851",371865,2025-09-06 01:00:36,43.1722564697266,-8.43979930877686,"Unknown"
"7014851",371865,2025-09-06 01:05:29,43.1722259521484,-8.43971061706543,"Unknown"
"7014851",371865,2025-09-06 01:10:36,43.1719017028809,-8.43921947479248,"Unknown"
"7014851",371865,2025-09-06 01:15:36,43.1718139648438,-8.43902111053467,"Unknown"
"7014851",371865,2025-09-06 01:20:35,43.1721496582031,-8.43945789337158,"Unknown"
"7014851",371865,2025-09-06 01:25:40,43.1716079711914,-8.43878841400146,"Unknown"
"7014851",371865,2025-09-06 01:30:35,43.171875,-8.43908500671387,"Unknown"
"7014851",371865,2025-09-06 01:35:44,43.1723442077637,-8.43978881835938,"Unknown"
"7014851",371865,2025-09-06 01:40:33,43.1722679138184,-8.43985748291016,"Unknown"
"7014851",371865,2025-09-06 01:45:41,43.1725540161133,-8.44041919708252,"Unknown"
"7014851",371865,2025-09-06 01:50:37,43.1721458435059,-8.43956279754639,"Unknown"
"7014851",371865,2025-09-06 01:55:46,43.1714744567871,-8.43905830383301,"Unknown"
"7014851",371865,2025-09-06 02:00:45,43.1713447570801,-8.44029998779297,"Unknown"
"7014851",371865,2025-09-06 02:05:59,43.1715393066406,-8.44064521789551,"Unknown"
"7014851",371865,2025-09-06 02:10:35,43.1715850830078,-8.44055080413818,"Unknown"
"7014851",371865,2025-09-06 02:15:36,43.1721115112305,-8.43999004364014,"Unknown"
"7014851",371865,2025-09-06 02:20:37,43.1721305847168,-8.4398365020752,"Unknown"
"7014851",371865,2025-09-06 02:25:36,43.1722259521484,-8.43966293334961,"Unknown"
"7014851",371865,2025-09-06 02:30:59,43.1722183227539,-8.43972015380859,"Unknown"
"7014851",371865,2025-09-06 02:35:36,43.1723861694336,-8.43977451324463,"Unknown"
"7014851",371865,2025-09-06 02:40:41,43.172435760498,-8.43950748443604,"Unknown"
"7014851",371865,2025-09-06 02:45:33,43.1721343994141,-8.4398832321167,"Unknown"
"7014851",371865,2025-09-06 02:50:28,43.1722373962402,-8.4394416809082,"Unknown"
"7014851",371865,2025-09-06 02:55:36,43.1721687316895,-8.43991374969482,"Unknown"
"7014851",371865,2025-09-06 03:00:35,43.1720962524414,-8.43998050689697,"Unknown"
"7014851",371865,2025-09-06 03:05:37,43.1721954345703,-8.43991661071777,"Unknown"
"7014851",371865,2025-09-06 03:10:36,43.1721611022949,-8.43998622894287,"Unknown"
"7014851",371865,2025-09-06 03:15:36,43.1720657348633,-8.43992805480957,"Unknown"
"7014851",371865,2025-09-06 03:20:36,43.1720809936523,-8.4400463104248,"Unknown"
"7014851",371865,2025-09-06 03:25:36,43.1720733642578,-8.44006633758545,"Unknown"
"7014851",371865,2025-09-06 03:30:36,43.1721878051758,-8.43994617462158,"Unknown"
"7014851",371865,2025-09-06 03:35:38,43.1722717285156,-8.4398078918457,"Unknown"
"7014851",371865,2025-09-06 03:40:36,43.1721343994141,-8.44023704528809,"Unknown"
"7014851",371865,2025-09-06 03:45:36,43.1719398498535,-8.44037818908691,"Unknown"
"7014851",371865,2025-09-06 03:50:40,43.1720657348633,-8.44033050537109,"Unknown"
"7014851",371865,2025-09-06 03:55:29,43.1887512207031,-8.43162822723389,"Unknown"
"7014851",371865,2025-09-06 04:01:04,43.191577911377,-8.4222412109375,"Unknown"
"7014851",371865,2025-09-06 04:05:33,43.1914558410645,-8.42222023010254,"Unknown"
"7014851",371865,2025-09-06 04:10:28,43.1912384033203,-8.42219257354736,"Unknown"
"7014851",371865,2025-09-06 04:15:34,43.1912803649902,-8.42184162139893,"Unknown"
"7014851",371865,2025-09-06 04:20:34,43.1909370422363,-8.42171478271484,"Unknown"
"7014851",371865,2025-09-06 04:25:29,43.1910591125488,-8.421799659729,"Unknown"
"7014851",371865,2025-09-06 04:30:33,43.191463470459,-8.42183017730713,"Unknown"
"7014851",371865,2025-09-06 04:35:29,43.1916770935059,-8.42182445526123,"Unknown"
"7014851",371865,2025-09-06 04:40:31,43.1912651062012,-8.4215087890625,"Unknown"
"7014851",371865,2025-09-06 04:45:28,43.1911697387695,-8.42140769958496,"Unknown"
"7014851",371865,2025-09-06 04:50:36,43.1909446716309,-8.42121124267578,"Unknown"
"7014851",371865,2025-09-06 04:55:30,43.190975189209,-8.42079925537109,"Unknown"
"7014851",371865,2025-09-06 05:00:28,43.1910057067871,-8.42097759246826,"Unknown"
"7014851",371865,2025-09-06 05:05:28,43.1909141540527,-8.42101955413818,"Unknown"
"7014851",371865,2025-09-06 05:10:29,43.1907119750977,-8.42102813720703,"Unknown"
"7014851",371865,2025-09-06 05:15:31,43.1907997131348,-8.42130374908447,"Unknown"
"7014851",371865,2025-09-06 05:20:28,43.1910057067871,-8.4213752746582,"Unknown"
"7014851",371865,2025-09-06 05:25:30,43.1911506652832,-8.42161083221436,"Unknown"
"7014851",371865,2025-09-06 05:30:29,43.1881675720215,-8.43613910675049,"Unknown"
"7014851",371865,2025-09-06 05:35:28,43.1724510192871,-8.44419097900391,"Unknown"
"7014851",371865,2025-09-06 05:40:29,43.1712074279785,-8.44234180450439,"Unknown"
"7014851",371865,2025-09-06 05:45:36,43.1541481018066,-8.4542760848999,"Unknown"
"7014851",371865,2025-09-06 05:50:28,43.1384735107422,-8.46814060211182,"Unknown"
"7014851",371865,2025-09-06 05:55:28,43.1308670043945,-8.46968460083008,"Unknown"
"7014851",371865,2025-09-06 06:00:37,43.1302490234375,-8.46887874603271,"Unknown"
"7014851",371865,2025-09-06 06:05:41,43.1301460266113,-8.46852493286133,"Unknown"
"7014851",371865,2025-09-06 06:10:36,43.129810333252,-8.46841239929199,"Unknown"
"7014851",371865,2025-09-06 06:15:41,43.1298217773438,-8.46999931335449,"Unknown"
"7014851",371865,2025-09-06 06:20:37,43.1294364929199,-8.47021102905273,"Unknown"
"7014851",371865,2025-09-06 06:25:37,43.1293869018555,-8.4700984954834,"Unknown"
"7014851",371865,2025-09-06 06:30:37,43.1294937133789,-8.46987247467041,"Unknown"
"7014851",371865,2025-09-06 06:35:37,43.1294136047363,-8.4695873260498,"Unknown"
"7014851",371865,2025-09-06 06:40:38,43.1298332214355,-8.46877574920654,"Unknown"
"7014851",371865,2025-09-06 06:45:59,43.1305694580078,-8.46980094909668,"Unknown"
"7014851",371865,2025-09-06 06:50:57,43.1306953430176,-8.47020530700684,"Unknown"
"7014851",371865,2025-09-06 06:56:02,43.1307792663574,-8.47069358825684,"Unknown"
"7014851",371865,2025-09-06 07:00:31,43.1310844421387,-8.47194004058838,"Unknown"
"7014851",371865,2025-09-06 07:05:42,43.1306953430176,-8.47129726409912,"Unknown"
"7014851",371865,2025-09-06 07:10:31,43.1306381225586,-8.47102355957031,"Unknown"
"7014851",371865,2025-09-06 07:15:31,43.1305351257324,-8.47155952453613,"Unknown"
"7014851",371865,2025-09-06 07:20:29,43.1306610107422,-8.47094345092773,"Unknown"
"7014851",371865,2025-09-06 07:25:30,43.1304817199707,-8.47146415710449,"Unknown"
"7014851",371865,2025-09-06 07:30:37,43.1305847167969,-8.47074699401855,"Unknown"
"7014851",371865,2025-09-06 07:35:34,43.1308250427246,-8.47111320495605,"Unknown"
"7014851",371865,2025-09-06 07:40:37,43.1304016113281,-8.47134208679199,"Unknown"
"7014851",371865,2025-09-06 07:46:15,43.1337089538574,-8.46926307678223,"Unknown"
"7014851",371865,2025-09-06 07:50:54,43.1336975097656,-8.46916389465332,"Unknown"
"7014851",371865,2025-09-06 07:55:59,43.1331100463867,-8.46966552734375,"Unknown"
"7014851",371865,2025-09-06 08:00:28,43.1328811645508,-8.46946907043457,"Unknown"
"7014851",371865,2025-09-06 08:05:30,43.1327781677246,-8.46902370452881,"Unknown"
"7014851",371865,2025-09-06 08:10:31,43.1329307556152,-8.46945190429688,"Unknown"
"7014851",371865,2025-09-06 08:15:31,43.1327018737793,-8.46912479400635,"Unknown"
"7014851",371865,2025-09-06 08:20:31,43.1328315734863,-8.46932792663574,"Unknown"
"7014851",371865,2025-09-06 08:25:28,43.1327934265137,-8.46911716461182,"Unknown"
"7014851",371865,2025-09-06 08:30:28,43.1329727172852,-8.46959209442139,"Unknown"
"7014851",371865,2025-09-06 08:35:32,43.132984161377,-8.4696216583252,"Unknown"
"7014851",371865,2025-09-06 08:40:30,43.1298828125,-8.47066020965576,"Unknown"
"7014851",371865,2025-09-06 08:45:34,43.1298751831055,-8.47066879272461,"Unknown"
"7014851",371865,2025-09-06 08:50:29,43.1298637390137,-8.47058963775635,"Unknown"
"7014851",371865,2025-09-06 08:55:29,43.129711151123,-8.47059154510498,"Unknown"
"7014851",371865,2025-09-06 09:00:30,43.1299858093262,-8.47068977355957,"Unknown"
"7014851",371865,2025-09-06 09:05:30,43.1298675537109,-8.47069549560547,"Unknown"
"7014851",371865,2025-09-06 09:10:31,43.129810333252,-8.4705867767334,"Unknown"
"7014851",371865,2025-09-06 09:15:30,43.1297874450684,-8.47054386138916,"Unknown"
"7014851",371865,2025-09-06 09:20:35,43.1296920776367,-8.47046184539795,"Unknown"
"7014851",371865,2025-09-06 09:25:34,43.1298751831055,-8.47061157226562,"Unknown"
"7014851",371865,2025-09-06 09:30:32,43.1297721862793,-8.47048377990723,"Unknown"
"7014851",371865,2025-09-06 09:35:32,43.1297492980957,-8.47046852111816,"Unknown"
"7014851",371865,2025-09-06 09:40:32,43.1296844482422,-8.47041511535645,"Unknown"
"7014851",371865,2025-09-06 09:45:38,43.1297988891602,-8.47053718566895,"Unknown"
"7014851",371865,2025-09-06 09:50:30,43.1296844482422,-8.47037029266357,"Unknown"
"7014851",371865,2025-09-06 09:55:29,43.1299209594727,-8.47058582305908,"Unknown"
"7014851",371865,2025-09-06 10:00:31,43.1298408508301,-8.47049999237061,"Unknown"
"7014851",371865,2025-09-06 10:05:29,43.1299057006836,-8.47055530548096,"Unknown"
"7014851",371865,2025-09-06 10:10:29,43.1297302246094,-8.47045707702637,"Unknown"
"7014851",371865,2025-09-06 10:15:28,43.130069732666,-8.47069931030273,"Unknown"
"7014851",371865,2025-09-06 10:20:35,43.1302604675293,-8.47096633911133,"Unknown"
"7014851",371865,2025-09-06 10:25:37,43.1302108764648,-8.47092437744141,"Unknown"
"7014851",371865,2025-09-06 10:30:37,43.1301803588867,-8.47088527679443,"Unknown"
"7014851",371865,2025-09-06 10:35:37,43.1301193237305,-8.47083950042725,"Unknown"
"7014851",371865,2025-09-06 10:40:37,43.130126953125,-8.47081756591797,"Unknown"
"7014851",371865,2025-09-06 10:45:36,43.1301422119141,-8.47082805633545,"Unknown"
"7014851",371865,2025-09-06 10:50:40,43.129753112793,-8.4705810546875,"Unknown"
"7014851",371865,2025-09-06 10:55:27,43.1293411254883,-8.47053813934326,"Unknown"
"7014851",371865,2025-09-06 11:00:27,43.1295356750488,-8.47056579589844,"Unknown"
"7014851",371865,2025-09-06 11:05:30,43.1297264099121,-8.47053718566895,"Unknown"
"7014851",371865,2025-09-06 11:10:35,43.1298904418945,-8.47049522399902,"Unknown"
"7014851",371865,2025-09-06 11:15:29,43.1292457580566,-8.47052955627441,"Unknown"
"7014851",371865,2025-09-06 11:20:28,43.1298866271973,-8.47051429748535,"Unknown"
"7014851",371865,2025-09-06 11:25:30,43.1295127868652,-8.47024822235107,"Unknown"
"7014851",371865,2025-09-06 11:30:28,43.1295585632324,-8.47018527984619,"Unknown"
"7014851",371865,2025-09-06 11:35:28,43.1292152404785,-8.47035217285156,"Unknown"
"7014851",371865,2025-09-06 11:40:36,43.1296806335449,-8.47029495239258,"Unknown"
"7014851",371865,2025-09-06 11:45:41,43.1299667358398,-8.47007274627686,"Unknown"
"7014851",371865,2025-09-06 11:50:29,43.1304359436035,-8.46957302093506,"Unknown"
"7014851",371865,2025-09-06 11:55:31,43.1300811767578,-8.47002124786377,"Unknown"
"7014851",371865,2025-09-06 12:00:29,43.1305694580078,-8.46967029571533,"Unknown"
"7014851",371865,2025-09-06 12:05:36,43.1298408508301,-8.47023773193359,"Unknown"
"7014851",371865,2025-09-06 12:10:33,43.1297645568848,-8.47041416168213,"Unknown"
"7014851",371865,2025-09-06 12:15:30,43.129810333252,-8.47031307220459,"Unknown"
"7014851",371865,2025-09-06 12:20:36,43.1294403076172,-8.47039890289307,"Unknown"
"7014851",371865,2025-09-06 12:25:31,43.1294021606445,-8.47040557861328,"Unknown"
"7014851",371865,2025-09-06 12:30:44,43.1287689208984,-8.4699821472168,"Unknown"
"7014851",371865,2025-09-06 12:35:33,43.1157379150391,-8.49075031280518,"Unknown"
"7014851",371865,2025-09-06 12:40:30,43.100040435791,-8.49767589569092,"Unknown"
"7014851",371865,2025-09-06 12:45:28,43.100513458252,-8.49802875518799,"Unknown"
"7014851",371865,2025-09-06 12:50:28,43.1001052856445,-8.49875926971436,"Unknown"
"7014851",371865,2025-09-06 12:55:30,43.1003150939941,-8.49876594543457,"Unknown"
"7014851",371865,2025-09-06 13:00:34,43.0975570678711,-8.49845123291016,"Unknown"
"7014851",371865,2025-09-06 13:05:27,43.1153526306152,-8.48560428619385,"Unknown"
"7014851",371865,2025-09-06 13:10:34,43.1324157714844,-8.46823692321777,"Unknown"
"7014851",371865,2025-09-06 13:15:44,43.1322212219238,-8.46804332733154,"Unknown"
"7014851",371865,2025-09-06 13:20:40,43.1322898864746,-8.46829319000244,"Unknown"
"7014851",371865,2025-09-06 13:25:36,43.1291084289551,-8.47021675109863,"Unknown"
"7014851",371865,2025-09-06 13:30:29,43.1291885375977,-8.47063732147217,"Unknown"
"7014851",371865,2025-09-06 13:35:33,43.129566192627,-8.47052097320557,"Unknown"
"7014851",371865,2025-09-06 13:40:31,43.1295585632324,-8.47050762176514,"Unknown"
"7014851",371865,2025-09-06 13:45:48,43.1294555664062,-8.47056865692139,"Unknown"
"7014851",371865,2025-09-06 13:50:44,43.129508972168,-8.47036838531494,"Unknown"
"7014851",371865,2025-09-06 13:55:41,43.129077911377,-8.47091007232666,"Unknown"
"7014851",371865,2025-09-06 14:00:36,43.1290817260742,-8.47087383270264,"Unknown"
"7014851",371865,2025-09-06 14:05:36,43.1290550231934,-8.4708309173584,"Unknown"
"7014851",371865,2025-09-06 14:10:36,43.1290893554688,-8.47069931030273,"Unknown"
"7014851",371865,2025-09-06 14:15:36,43.1292991638184,-8.47002124786377,"Unknown"
"7014851",371865,2025-09-06 14:20:36,43.1293411254883,-8.4700870513916,"Unknown"
"7014851",371865,2025-09-06 14:25:36,43.1293563842773,-8.47012901306152,"Unknown"
"7014851",371865,2025-09-06 14:30:36,43.1293487548828,-8.47004222869873,"Unknown"
"7014851",371865,2025-09-06 14:35:35,43.1293334960938,-8.47007751464844,"Unknown"
"7014851",371865,2025-09-06 14:40:34,43.1293067932129,-8.4700231552124,"Unknown"
"7014851",371865,2025-09-06 14:45:59,43.1294746398926,-8.46992588043213,"Unknown"
"7014851",371865,2025-09-06 14:50:26,43.1293334960938,-8.47006511688232,"Unknown"
"7014851",371865,2025-09-06 14:55:26,43.129337310791,-8.47010803222656,"Unknown"
"7014851",371865,2025-09-06 15:00:26,43.1293334960938,-8.47007751464844,"Unknown"
"7014851",371865,2025-09-06 15:05:26,43.1292915344238,-8.4700927734375,"Unknown"
"7014851",371865,2025-09-06 15:10:26,43.1292953491211,-8.47009754180908,"Unknown"
"7014851",371865,2025-09-06 15:15:26,43.1292762756348,-8.47012233734131,"Unknown"
"7014851",371865,2025-09-06 15:20:26,43.1293411254883,-8.47006607055664,"Unknown"
"7014851",371865,2025-09-06 15:25:27,43.1293029785156,-8.47007656097412,"Unknown"
"7014851",371865,2025-09-06 15:30:28,43.1293067932129,-8.47000789642334,"Unknown"
"7014851",371865,2025-09-06 15:35:28,43.1305389404297,-8.47095489501953,"Unknown"
"7014851",371865,2025-09-06 15:40:26,43.1305961608887,-8.47098922729492,"Unknown"
"7014851",371865,2025-09-06 15:45:26,43.1305351257324,-8.47100162506104,"Unknown"
"7014851",371865,2025-09-06 15:50:27,43.1305961608887,-8.47099781036377,"Unknown"
"7014851",371865,2025-09-06 15:55:27,43.1305656433105,-8.47100734710693,"Unknown"
"7014851",371865,2025-09-06 16:00:27,43.130500793457,-8.47101974487305,"Unknown"
"7014851",371865,2025-09-06 16:05:26,43.130485534668,-8.47102832794189,"Unknown"
"7014851",371865,2025-09-06 16:10:26,43.1299934387207,-8.47045516967773,"Unknown"
"7014851",371865,2025-09-06 16:15:30,43.1299171447754,-8.47026348114014,"Unknown"
"7014851",371865,2025-09-06 16:20:27,43.1299705505371,-8.470290184021,"Unknown"
"7014851",371865,2025-09-06 16:25:27,43.129997253418,-8.47034072875977,"Unknown"
"7014851",371865,2025-09-06 16:30:27,43.1299018859863,-8.47020626068115,"Unknown"
"7014851",371865,2025-09-06 16:35:27,43.1299743652344,-8.47023582458496,"Unknown"
"7014851",371865,2025-09-06 16:40:29,43.1297988891602,-8.47027969360352,"Unknown"
"7014851",371865,2025-09-06 16:45:28,43.1297569274902,-8.47021102905273,"Unknown"
"7014851",371865,2025-09-06 16:50:27,43.1298217773438,-8.47015953063965,"Unknown"
"7014851",371865,2025-09-06 16:55:29,43.1298789978027,-8.4702672958374,"Unknown"
"7014851",371865,2025-09-06 17:00:27,43.1298751831055,-8.47021102905273,"Unknown"
"7014851",371865,2025-09-06 17:05:27,43.1298980712891,-8.47021961212158,"Unknown"
"7014851",371865,2025-09-06 17:10:27,43.1298866271973,-8.47034740447998,"Unknown"
"7014851",371865,2025-09-06 17:15:27,43.1298484802246,-8.47028923034668,"Unknown"
"7014851",371865,2025-09-06 17:20:27,43.129825592041,-8.47026538848877,"Unknown"
"7014851",371865,2025-09-06 17:25:27,43.1298637390137,-8.47017478942871,"Unknown"
"7014851",371865,2025-09-06 17:30:29,43.1298675537109,-8.47004318237305,"Unknown"
"7014851",371865,2025-09-06 17:35:28,43.129711151123,-8.47002983093262,"Unknown"
"7014851",371865,2025-09-06 17:40:27,43.1297302246094,-8.47007751464844,"Unknown"
"7014851",371865,2025-09-06 17:45:27,43.129711151123,-8.47005271911621,"Unknown"
"7014851",371865,2025-09-06 17:50:27,43.1296997070312,-8.47004795074463,"Unknown"
"7014851",371865,2025-09-06 17:55:27,43.1296577453613,-8.47011280059814,"Unknown"
"7014851",371865,2025-09-06 18:00:27,43.1297607421875,-8.47016334533691,"Unknown"
"7014851",371865,2025-09-06 18:05:28,43.1297302246094,-8.47008323669434,"Unknown"
"7014851",371865,2025-09-06 18:10:28,43.129695892334,-8.47008419036865,"Unknown"
"7014851",371865,2025-09-06 18:15:27,43.1623001098633,-8.47140407562256,"Unknown"
"7014851",371865,2025-09-06 18:20:35,43.2045555114746,-8.43703746795654,"Unknown"
"7014851",371865,2025-09-06 18:25:28,43.2616882324219,-8.45022964477539,"Unknown"
"7014851",371865,2025-09-06 18:30:28,43.3141632080078,-8.41738700866699,"Unknown"
"7014851",371865,2025-09-06 18:35:28,43.3581085205078,-8.39491748809814,"Unknown"
"7014851",371865,2025-09-06 18:40:29,43.3588562011719,-8.39287662506104,"Unknown"
"7014851",371865,2025-09-06 18:45:33,43.3586845397949,-8.39283180236816,"Unknown"
"7014851",371865,2025-09-06 18:50:30,43.3586730957031,-8.39289283752441,"Unknown"
"7014851",371865,2025-09-06 18:55:30,43.3588066101074,-8.39298534393311,"Unknown"
"7014851",371865,2025-09-06 19:00:33,43.3586616516113,-8.39290618896484,"Unknown"
"7014851",371865,2025-09-06 19:05:29,43.3591537475586,-8.39304447174072,"Unknown"
"7014851",371865,2025-09-06 19:10:28,43.3585090637207,-8.39270496368408,"Unknown"
"7014851",371865,2025-09-06 19:15:29,43.358455657959,-8.39275074005127,"Unknown"
"7014851",371865,2025-09-06 19:20:29,43.3585624694824,-8.39272117614746,"Unknown"
"7014851",371865,2025-09-06 19:25:31,43.358642578125,-8.39286231994629,"Unknown"
"7014851",371865,2025-09-06 19:30:29,43.3590545654297,-8.39324855804443,"Unknown"
"7014851",371865,2025-09-06 19:35:29,43.3588676452637,-8.39321231842041,"Unknown"
"7014851",371865,2025-09-06 19:40:29,43.3587532043457,-8.39307022094727,"Unknown"
"7014851",371865,2025-09-06 19:45:44,43.3586196899414,-8.39292526245117,"Unknown"
"7014851",371865,2025-09-06 19:50:30,43.3587493896484,-8.39309310913086,"Unknown"
"7014851",371865,2025-09-06 19:55:29,43.3584403991699,-8.39270973205566,"Unknown"
"7014851",371865,2025-09-06 20:00:46,43.3587760925293,-8.39286041259766,"Unknown"
"7014851",371865,2025-09-06 20:05:34,43.3585891723633,-8.39289855957031,"Unknown"
"7014851",371865,2025-09-06 20:10:29,43.3583717346191,-8.39272308349609,"Unknown"
"7014851",371865,2025-09-06 20:15:31,43.358528137207,-8.39301109313965,"Unknown"
"7014851",371865,2025-09-06 20:20:43,43.3586120605469,-8.39299964904785,"Unknown"
"7014851",371865,2025-09-06 20:25:29,43.3582725524902,-8.39284992218018,"Unknown"
"7014851",371865,2025-09-06 20:30:27,43.3586463928223,-8.39302539825439,"Unknown"
"7014851",371865,2025-09-06 20:35:26,43.3585777282715,-8.39301109313965,"Unknown"
"7014851",371865,2025-09-06 20:40:29,43.358642578125,-8.39303112030029,"Unknown"
"7014851",371865,2025-09-06 20:45:59,43.3586158752441,-8.39301586151123,"Unknown"
"7014851",371865,2025-09-06 20:50:27,43.360221862793,-8.39714622497559,"Unknown"
"7014851",371865,2025-09-06 20:55:26,43.3521385192871,-8.41393947601318,"Unknown"
"7014851",371865,2025-09-06 21:00:26,43.3630104064941,-8.39649486541748,"Unknown"
"7014851",371865,2025-09-06 21:05:27,43.3587951660156,-8.39290523529053,"Unknown"
"7014851",371865,2025-09-06 21:10:27,43.3588371276855,-8.39293956756592,"Unknown"
"7014851",371865,2025-09-06 21:15:27,43.358772277832,-8.39288711547852,"Unknown"
"7014851",371865,2025-09-06 21:20:28,43.3587265014648,-8.39285564422607,"Unknown"
"7014851",371865,2025-09-06 21:25:27,43.3587226867676,-8.39284610748291,"Unknown"
"7014851",371865,2025-09-06 21:30:28,43.3587760925293,-8.39290142059326,"Unknown"
"7014851",371865,2025-09-06 21:35:31,43.3588066101074,-8.39297103881836,"Unknown"
"7014851",371865,2025-09-06 21:40:37,43.3587493896484,-8.39292526245117,"Unknown"
"7014851",371865,2025-09-06 21:45:37,43.3587303161621,-8.39284420013428,"Unknown"
"7014851",371865,2025-09-06 21:50:37,43.3588027954102,-8.39293956756592,"Unknown"
"7014851",371865,2025-09-06 21:55:32,43.3588066101074,-8.39296531677246,"Unknown"
"7014851",371865,2025-09-06 22:00:28,43.3590049743652,-8.39312934875488,"Unknown"
"7014851",371865,2025-09-06 22:05:27,43.3590126037598,-8.39313125610352,"Unknown"
"7014851",371865,2025-09-06 22:10:29,43.3591041564941,-8.39314651489258,"Unknown"
"7014851",371865,2025-09-06 22:15:37,43.3588409423828,-8.39296054840088,"Unknown"
"7014851",371865,2025-09-06 22:20:27,43.3590431213379,-8.39322090148926,"Unknown"
"7014851",371865,2025-09-06 22:25:27,43.3590049743652,-8.39311408996582,"Unknown"
"7014851",371865,2025-09-06 22:30:29,43.3590126037598,-8.39310836791992,"Unknown"
"7014851",371865,2025-09-06 22:35:29,43.3590774536133,-8.39297771453857,"Unknown"
"7014851",371865,2025-09-06 22:40:29,43.3589782714844,-8.39318656921387,"Unknown"
"7014851",371865,2025-09-06 22:45:28,43.3588485717773,-8.39312171936035,"Unknown"
"7014851",371865,2025-09-06 22:50:30,43.358829498291,-8.39313507080078,"Unknown"
"7014851",371865,2025-09-06 22:55:30,43.358715057373,-8.39295864105225,"Unknown"
"7014851",371865,2025-09-06 23:00:38,43.3593063354492,-8.39295482635498,"Unknown"
"7014851",371865,2025-09-06 23:05:31,43.3592300415039,-8.39296627044678,"Unknown"
"7014851",371865,2025-09-06 23:10:37,43.3590927124023,-8.39292335510254,"Unknown"
"7014851",371865,2025-09-06 23:15:45,43.3591575622559,-8.39288997650146,"Unknown"
"7014851",371865,2025-09-06 23:20:41,43.3586120605469,-8.39432811737061,"Unknown"
"7014851",371865,2025-09-06 23:25:40,43.3586654663086,-8.39380550384521,"Unknown"
"7014851",371865,2025-09-06 23:30:29,43.3590354919434,-8.39285659790039,"Unknown"
"7014851",371865,2025-09-06 23:35:29,43.3587684631348,-8.39367389678955,"Unknown"
"7014851",371865,2025-09-06 23:40:30,43.3589782714844,-8.39298248291016,"Unknown"
"7014851",371865,2025-09-06 23:45:42,43.3590850830078,-8.39280128479004,"Unknown"
"7014851",371865,2025-09-06 23:50:29,43.3591194152832,-8.39278507232666,"Unknown"
"7014851",371865,2025-09-06 23:55:28,43.3590545654297,-8.39284706115723,"Unknown"
"7014851",371865,2025-09-07 00:00:32,43.3589172363281,-8.39297199249268,"Unknown"
"7014851",371865,2025-09-07 00:05:59,43.3589210510254,-8.39294338226318,"Unknown"
"7014851",371865,2025-09-07 00:10:26,43.3589363098145,-8.39298820495605,"Unknown"
"7014851",371865,2025-09-07 00:15:26,43.3589324951172,-8.392991065979,"Unknown"
"7014851",371865,2025-09-07 00:20:26,43.3589172363281,-8.39294338226318,"Unknown"
"7014851",371865,2025-09-07 00:25:28,43.3588409423828,-8.39289951324463,"Unknown"
"7014851",371865,2025-09-07 00:30:27,43.3588523864746,-8.39294147491455,"Unknown"
"7014851",371865,2025-09-07 00:35:27,43.3588638305664,-8.39295387268066,"Unknown"
"7014851",371865,2025-09-07 00:40:27,43.3589057922363,-8.39287757873535,"Unknown"
"7014851",371865,2025-09-07 00:45:43,43.3589134216309,-8.39294815063477,"Unknown"
"7014851",371865,2025-09-07 00:50:27,43.3589515686035,-8.39291191101074,"Unknown"
"7014851",371865,2025-09-07 00:55:29,43.3589401245117,-8.39305114746094,"Unknown"
"7014851",371865,2025-09-07 01:00:31,43.3587989807129,-8.39260101318359,"Unknown"
"7014851",371865,2025-09-07 01:05:30,43.3589172363281,-8.39288425445557,"Unknown"
"7014851",371865,2025-09-07 01:10:28,43.3590316772461,-8.39317417144775,"Unknown"
"7014851",371865,2025-09-07 01:15:27,43.3589248657227,-8.39314270019531,"Unknown"
"7014851",371865,2025-09-07 01:20:26,43.358943939209,-8.39317607879639,"Unknown"
"7014851",371865,2025-09-07 01:25:29,43.3590126037598,-8.39317798614502,"Unknown"
"7014851",371865,2025-09-07 01:31:04,43.3589363098145,-8.39264965057373,"Unknown"
"7014851",371865,2025-09-07 01:35:27,43.3589744567871,-8.39297294616699,"Unknown"
"7014851",371865,2025-09-07 01:40:30,43.358959197998,-8.39311122894287,"Unknown"
"7014851",371865,2025-09-07 01:45:27,43.3589172363281,-8.39295196533203,"Unknown"
"7014851",371865,2025-09-07 01:50:36,43.3589286804199,-8.39290428161621,"Unknown"
"7014851",371865,2025-09-07 01:55:26,43.3589363098145,-8.39292240142822,"Unknown"
"7014851",371865,2025-09-07 02:00:26,43.3589286804199,-8.39290237426758,"Unknown"
"7014851",371865,2025-09-07 02:05:26,43.3588638305664,-8.39306449890137,"Unknown"
"7014851",371865,2025-09-07 02:10:26,43.3588638305664,-8.3930492401123,"Unknown"
"7014851",371865,2025-09-07 02:15:26,43.3588523864746,-8.39303493499756,"Unknown"
"7014851",371865,2025-09-07 02:20:26,43.3588638305664,-8.39309310913086,"Unknown"
"7014851",371865,2025-09-07 02:25:26,43.3588790893555,-8.39304161071777,"Unknown"
"7014851",371865,2025-09-07 02:30:26,43.3589057922363,-8.39306640625,"Unknown"
"7014851",371865,2025-09-07 02:35:27,43.3588943481445,-8.39294815063477,"Unknown"
"7014851",371865,2025-09-07 02:40:27,43.3589363098145,-8.39303207397461,"Unknown"
"7014851",371865,2025-09-07 02:45:26,43.3589515686035,-8.39328861236572,"Unknown"
"7014851",371865,2025-09-07 02:50:30,43.3590431213379,-8.39277362823486,"Unknown"
"7014851",371865,2025-09-07 02:55:28,43.3588790893555,-8.39294242858887,"Unknown"
"7014851",371865,2025-09-07 03:00:26,43.3588905334473,-8.39305305480957,"Unknown"
"7014851",371865,2025-09-07 03:05:28,43.3588981628418,-8.3930549621582,"Unknown"
"7014851",371865,2025-09-07 03:10:26,43.3586730957031,-8.39305877685547,"Unknown"
"7014851",371865,2025-09-07 03:15:26,43.3587265014648,-8.39309978485107,"Unknown"
"7014851",371865,2025-09-07 03:20:26,43.35888671875,-8.39309692382812,"Unknown"
"7014851",371865,2025-09-07 03:25:26,43.3588714599609,-8.39302825927734,"Unknown"
"7014851",371865,2025-09-07 03:30:27,43.3588523864746,-8.39276218414307,"Unknown"
"7014851",371865,2025-09-07 03:35:26,43.3588485717773,-8.39296913146973,"Unknown"
"7014851",371865,2025-09-07 03:40:26,43.3588409423828,-8.39316177368164,"Unknown"
"7014851",371865,2025-09-07 03:45:44,43.3588409423828,-8.39307403564453,"Unknown"
"7014851",371865,2025-09-07 03:50:26,43.3589324951172,-8.39313411712646,"Unknown"
"7014851",371865,2025-09-07 03:55:59,43.3588562011719,-8.39305782318115,"Unknown"
"7014851",371865,2025-09-07 04:00:26,43.3591537475586,-8.39322471618652,"Unknown"
"7014851",371865,2025-09-07 04:05:26,43.3588676452637,-8.39305877685547,"Unknown"
"7014851",371865,2025-09-07 04:10:27,43.3590126037598,-8.39323711395264,"Unknown"
"7014851",371865,2025-09-07 04:15:30,43.3590660095215,-8.39322853088379,"Unknown"
"7014851",371865,2025-09-07 04:20:26,43.3588943481445,-8.39324569702148,"Unknown"
"7014851",371865,2025-09-07 04:25:27,43.3588676452637,-8.39322662353516,"Unknown"
"7014851",371865,2025-09-07 04:30:27,43.3583450317383,-8.39343738555908,"Unknown"
"7014851",371865,2025-09-07 04:35:26,43.3586502075195,-8.39321041107178,"Unknown"
"7014851",371865,2025-09-07 04:40:28,43.3586730957031,-8.39309215545654,"Unknown"
"7014851",371865,2025-09-07 04:45:27,43.3586387634277,-8.39312648773193,"Unknown"
"7014851",371865,2025-09-07 04:50:27,43.3586463928223,-8.39305210113525,"Unknown"
"7014851",371865,2025-09-07 04:55:27,43.358772277832,-8.39304256439209,"Unknown"
"7014851",371865,2025-09-07 05:00:59,43.35888671875,-8.39307403564453,"Unknown"
"7014851",371865,2025-09-07 05:05:26,43.3589668273926,-8.39303588867188,"Unknown"
"7014851",371865,2025-09-07 05:10:27,43.358959197998,-8.39318370819092,"Unknown"
"7014851",371865,2025-09-07 05:15:26,43.3588027954102,-8.39297199249268,"Unknown"
"7014851",371865,2025-09-07 05:20:26,43.3589019775391,-8.39309215545654,"Unknown"
"7014851",371865,2025-09-07 05:25:29,43.3588752746582,-8.39307022094727,"Unknown"
"7014851",371865,2025-09-07 05:30:26,43.3588485717773,-8.39306831359863,"Unknown"
"7014851",371865,2025-09-07 05:35:27,43.3588371276855,-8.39296913146973,"Unknown"
"7014851",371865,2025-09-07 05:40:26,43.3589134216309,-8.39307689666748,"Unknown"
"7014851",371865,2025-09-07 05:45:26,43.3588256835938,-8.39304542541504,"Unknown"
"7014851",371865,2025-09-07 05:50:26,43.3588218688965,-8.39303588867188,"Unknown"
"7014851",371865,2025-09-07 05:55:26,43.3579711914062,-8.39824104309082,"Unknown"
"7014851",371865,2025-09-07 06:00:26,43.3530387878418,-8.41704273223877,"Unknown"
"7014851",371865,2025-09-07 06:05:26,43.3531761169434,-8.41752624511719,"Unknown"
"7014851",371865,2025-09-07 06:10:26,43.3530654907227,-8.41734790802002,"Unknown"
"7014851",371865,2025-09-07 06:15:26,43.3527374267578,-8.41706657409668,"Unknown"
"7014851",371865,2025-09-07 06:20:26,43.3495788574219,-8.42982578277588,"Unknown"
"7014851",371865,2025-09-07 06:25:27,43.3401222229004,-8.45393943786621,"Unknown"
"7014851",371865,2025-09-07 06:30:26,43.3402786254883,-8.45424175262451,"Unknown"
"7014851",371865,2025-09-07 06:35:26,43.3473930358887,-8.43918991088867,"Unknown"
"7014851",371865,2025-09-07 06:40:27,43.3473625183105,-8.43906879425049,"Unknown"
"7014851",371865,2025-09-07 06:45:26,43.3476409912109,-8.43905544281006,"Unknown"
"7014851",371865,2025-09-07 06:50:26,43.3475189208984,-8.43899154663086,"Unknown"
"7014851",371865,2025-09-07 06:55:26,43.34765625,-8.43894672393799,"Unknown"
"7014851",371865,2025-09-07 07:00:26,43.347583770752,-8.43893146514893,"Unknown"
"7014851",371865,2025-09-07 07:05:26,43.347583770752,-8.43892383575439,"Unknown"
"7014851",371865,2025-09-07 07:10:26,43.3469467163086,-8.44056987762451,"Unknown"
"7014851",371865,2025-09-07 07:15:26,43.3301811218262,-8.45433616638184,"Unknown"
"7014851",371865,2025-09-07 07:20:26,43.3125114440918,-8.46675491333008,"Unknown"
"7014851",371865,2025-09-07 07:25:26,43.2890701293945,-8.4731502532959,"Unknown"
"7014851",371865,2025-09-07 07:30:26,43.2727508544922,-8.47444820404053,"Unknown"
"7014851",371865,2025-09-07 07:35:27,43.2531204223633,-8.45845031738281,"Unknown"
"7014851",371865,2025-09-07 07:40:27,43.2266693115234,-8.4560661315918,"Unknown"
"7014851",371865,2025-09-07 07:45:27,43.2042503356934,-8.4603443145752,"Unknown"
"7014851",371865,2025-09-07 07:50:27,43.1796684265137,-8.46957206726074,"Unknown"
"7014851",371865,2025-09-07 07:55:27,43.1517105102539,-8.4734468460083,"Unknown"
"7014851",371865,2025-09-07 08:00:34,43.1324615478516,-8.46856307983398,"Unknown"
"7014851",371865,2025-09-07 08:05:29,43.1322898864746,-8.46849155426025,"Unknown"
"7014851",371865,2025-09-07 08:10:29,43.1323013305664,-8.46857166290283,"Unknown"
"7014851",371865,2025-09-07 08:15:37,43.1324043273926,-8.46861362457275,"Unknown"
"7014851",371865,2025-09-07 08:20:27,43.1296348571777,-8.47013092041016,"Unknown"
"7014851",371865,2025-09-07 08:25:27,43.1295852661133,-8.47014141082764,"Unknown"
"7014851",371865,2025-09-07 08:30:34,43.1307373046875,-8.47119331359863,"Unknown"
"7014851",371865,2025-09-07 08:35:31,43.1298179626465,-8.47037506103516,"Unknown"
"7014851",371865,2025-09-07 08:40:53,43.1298561096191,-8.47036552429199,"Unknown"
"7014851",371865,2025-09-07 08:45:39,43.1298446655273,-8.47036743164062,"Unknown"
"7014851",371865,2025-09-07 08:51:05,43.1301002502441,-8.47029304504395,"Unknown"
"7014851",371865,2025-09-07 08:55:26,43.1300315856934,-8.47039222717285,"Unknown"
"7014851",371865,2025-09-07 09:00:27,43.1297492980957,-8.4703540802002,"Unknown"
"7014851",371865,2025-09-07 09:05:27,43.1296615600586,-8.47047901153564,"Unknown"
"7014851",371865,2025-09-07 09:10:28,43.1305160522461,-8.47090625762939,"Unknown"
"7014851",371865,2025-09-07 09:15:27,43.1306419372559,-8.47136497497559,"Unknown"
"7014851",371865,2025-09-07 09:20:28,43.1301193237305,-8.47117614746094,"Unknown"
"7014851",371865,2025-09-07 09:25:36,43.1298713684082,-8.47072410583496,"Unknown"
"7014851",371865,2025-09-07 09:30:27,43.1306457519531,-8.47110462188721,"Unknown"
"7014851",371865,2025-09-07 09:35:27,43.1306800842285,-8.47133541107178,"Unknown"
"7014851",371865,2025-09-07 09:40:26,43.1325836181641,-8.47246837615967,"Unknown"
"7014851",371865,2025-09-07 09:45:27,43.1324501037598,-8.47243022918701,"Unknown"
"7014851",371865,2025-09-07 09:50:59,43.1323585510254,-8.47238826751709,"Unknown"
"7014851",371865,2025-09-07 09:55:28,43.1298561096191,-8.4705057144165,"Unknown"
"7014851",371865,2025-09-07 10:00:28,43.1304588317871,-8.47099113464355,"Unknown"
"7014851",371865,2025-09-07 10:05:26,43.1306304931641,-8.47114944458008,"Unknown"
"7014851",371865,2025-09-07 10:10:27,43.130672454834,-8.47113800048828,"Unknown"
"7014851",371865,2025-09-07 10:15:27,43.1306533813477,-8.4712610244751,"Unknown"
"7014851",371865,2025-09-07 10:20:27,43.130672454834,-8.47115516662598,"Unknown"
"7014851",371865,2025-09-07 10:25:26,43.1306610107422,-8.47105693817139,"Unknown"
"7014851",371865,2025-09-07 10:30:28,43.1322174072266,-8.47224712371826,"Unknown"
"7014851",371865,2025-09-07 10:35:26,43.1322402954102,-8.47227001190186,"Unknown"
"7014851",371865,2025-09-07 10:40:26,43.1322174072266,-8.47223472595215,"Unknown"
"7014851",371865,2025-09-07 10:45:28,43.1325378417969,-8.4691743850708,"Unknown"
"7014851",371865,2025-09-07 10:50:27,43.1326141357422,-8.4690523147583,"Unknown"
"7014851",371865,2025-09-07 10:55:29,43.132568359375,-8.46903228759766,"Unknown"
"7014851",371865,2025-09-07 11:00:29,43.1325988769531,-8.46897125244141,"Unknown"
"7014851",371865,2025-09-07 11:05:31,43.1324882507324,-8.46907234191895,"Unknown"
"7014851",371865,2025-09-07 11:10:28,43.1326179504395,-8.46896648406982,"Unknown"
"7014851",371865,2025-09-07 11:15:28,43.1327667236328,-8.46878528594971,"Unknown"
"7014851",371865,2025-09-07 11:20:30,43.1327438354492,-8.46884346008301,"Unknown"
"7014851",371865,2025-09-07 11:26:01,43.1327285766602,-8.46877670288086,"Unknown"
"7014851",371865,2025-09-07 11:30:25,43.1326446533203,-8.46893978118896,"Unknown"
"7014851",371865,2025-09-07 11:35:26,43.1326370239258,-8.46889781951904,"Unknown"
"7014851",371865,2025-09-07 11:40:25,43.1326217651367,-8.46888256072998,"Unknown"
"7014851",371865,2025-09-07 11:45:25,43.1326522827148,-8.46882724761963,"Unknown"
"7014851",371865,2025-09-07 11:50:25,43.1326522827148,-8.46892547607422,"Unknown"
"7014851",371865,2025-09-07 11:55:25,43.1326141357422,-8.46889305114746,"Unknown"
"7014851",371865,2025-09-07 12:00:26,43.1326370239258,-8.46890830993652,"Unknown"
"7014851",371865,2025-09-07 12:05:25,43.1326637268066,-8.46885013580322,"Unknown"
"7014851",371865,2025-09-07 12:10:26,43.1326713562012,-8.46890926361084,"Unknown"
"7014851",371865,2025-09-07 12:15:25,43.1326484680176,-8.4688606262207,"Unknown"
"7014851",371865,2025-09-07 12:20:25,43.1326942443848,-8.46895122528076,"Unknown"
"7014851",371865,2025-09-07 12:25:25,43.1326637268066,-8.46891975402832,"Unknown"
"7014851",371865,2025-09-07 12:30:26,43.1326217651367,-8.46891689300537,"Unknown"
"7014851",371865,2025-09-07 12:35:25,43.1326866149902,-8.4689474105835,"Unknown"
"7014851",371865,2025-09-07 12:40:28,43.1326179504395,-8.46886539459229,"Unknown"
"7014851",371865,2025-09-07 12:45:28,43.1326484680176,-8.4689416885376,"Unknown"
"7014851",371865,2025-09-07 12:50:27,43.1327705383301,-8.46919918060303,"Unknown"
"7014851",371865,2025-09-07 12:55:27,43.1327667236328,-8.4692497253418,"Unknown"
"7014851",371865,2025-09-07 13:00:28,43.1328086853027,-8.46927356719971,"Unknown"
"7014851",371865,2025-09-07 13:05:27,43.1328125,-8.46929931640625,"Unknown"
"7014851",371865,2025-09-07 13:10:27,43.1327476501465,-8.46916580200195,"Unknown"
"7014851",371865,2025-09-07 13:15:26,43.1327781677246,-8.46926021575928,"Unknown"
"7014851",371865,2025-09-07 13:20:27,43.1327896118164,-8.46915054321289,"Unknown"
"7014851",371865,2025-09-07 13:25:26,43.1328086853027,-8.46891498565674,"Unknown"
"7014851",371865,2025-09-07 13:30:31,43.1318740844727,-8.46882724761963,"Unknown"
"7014851",371865,2025-09-07 13:35:29,43.1332626342773,-8.47009372711182,"Unknown"
"7014851",371865,2025-09-07 13:40:31,43.1323661804199,-8.46921634674072,"Unknown"
"7014851",371865,2025-09-07 13:45:28,43.1322364807129,-8.46919441223145,"Unknown"
"7014851",371865,2025-09-07 13:50:28,43.132080078125,-8.4691915512085,"Unknown"
"7014851",371865,2025-09-07 13:55:26,43.1327133178711,-8.46926021575928,"Unknown"
"7014851",371865,2025-09-07 14:00:29,43.1324234008789,-8.46926975250244,"Unknown"
"7014851",371865,2025-09-07 14:05:27,43.132740020752,-8.46911811828613,"Unknown"
"7014851",371865,2025-09-07 14:10:26,43.1328773498535,-8.46902179718018,"Unknown"
"7014851",371865,2025-09-07 14:15:26,43.1327323913574,-8.46897983551025,"Unknown"
"7014851",371865,2025-09-07 14:20:27,43.1330986022949,-8.46884822845459,"Unknown"
"7014851",371865,2025-09-07 14:25:59,43.1327056884766,-8.46899032592773,"Unknown"
"7014851",371865,2025-09-07 14:30:27,43.1327438354492,-8.4689884185791,"Unknown"
"7014851",371865,2025-09-07 14:35:26,43.132698059082,-8.46882057189941,"Unknown"
"7014851",371865,2025-09-07 14:40:27,43.1326179504395,-8.46898365020752,"Unknown"
"7014851",371865,2025-09-07 14:45:26,43.1325378417969,-8.46911716461182,"Unknown"
"7014851",371865,2025-09-07 14:50:26,43.132740020752,-8.46891498565674,"Unknown"
"7014851",371865,2025-09-07 14:55:26,43.1327667236328,-8.4688549041748,"Unknown"
"7014851",371865,2025-09-07 15:00:26,43.132755279541,-8.46895027160645,"Unknown"
"7014851",371865,2025-09-07 15:05:27,43.1328239440918,-8.46882820129395,"Unknown"
"7014851",371865,2025-09-07 15:10:26,43.1325340270996,-8.46894454956055,"Unknown"
"7014851",371865,2025-09-07 15:15:26,43.1327438354492,-8.46873092651367,"Unknown"
"7014851",371865,2025-09-07 15:20:27,43.1322784423828,-8.46912097930908,"Unknown"
"7014851",371865,2025-09-07 15:25:26,43.1322135925293,-8.46902561187744,"Unknown"
"7014851",371865,2025-09-07 15:30:26,43.1323890686035,-8.46890830993652,"Unknown"
"7014851",371865,2025-09-07 15:35:27,43.1323280334473,-8.46896457672119,"Unknown"
"7014851",371865,2025-09-07 15:40:27,43.1317558288574,-8.46888828277588,"Unknown"
"7014851",371865,2025-09-07 15:45:26,43.1322822570801,-8.46889972686768,"Unknown"
"7014851",371865,2025-09-07 15:51:05,43.1324882507324,-8.46882057189941,"Unknown"
"7014851",371865,2025-09-07 15:55:26,43.1326446533203,-8.46889781951904,"Unknown"
"7014851",371865,2025-09-07 16:00:26,43.1326446533203,-8.46861267089844,"Unknown"
"7014851",371865,2025-09-07 16:05:26,43.1327133178711,-8.46874809265137,"Unknown"
"7014851",371865,2025-09-07 16:10:26,43.132755279541,-8.46881580352783,"Unknown"
"7014851",371865,2025-09-07 16:15:26,43.1300659179688,-8.46999931335449,"Unknown"
"7014851",371865,2025-09-07 16:20:27,43.1298866271973,-8.46952056884766,"Unknown"
"7014851",371865,2025-09-07 16:25:26,43.1300392150879,-8.47000503540039,"Unknown"
"7014851",371865,2025-09-07 16:30:28,43.1298904418945,-8.4696569442749,"Unknown"
"7014851",371865,2025-09-07 16:35:29,43.129940032959,-8.46984767913818,"Unknown"
"7014851",371865,2025-09-07 16:40:59,43.1299362182617,-8.46971321105957,"Unknown"
"7014851",371865,2025-09-07 16:45:26,43.1299743652344,-8.46986389160156,"Unknown"
"7014851",371865,2025-09-07 16:50:26,43.1301536560059,-8.46984195709229,"Unknown"
"7014851",371865,2025-09-07 16:55:28,43.1300811767578,-8.47000980377197,"Unknown"
"7014851",371865,2025-09-07 17:00:26,43.1300201416016,-8.46996212005615,"Unknown"
"7014851",371865,2025-09-07 17:05:26,43.1296768188477,-8.4700984954834,"Unknown"
"7014851",371865,2025-09-07 17:10:26,43.129695892334,-8.47016525268555,"Unknown"
"7014851",371865,2025-09-07 17:15:26,43.1296577453613,-8.47017288208008,"Unknown"
"7014851",371865,2025-09-07 17:20:26,43.1297302246094,-8.47017097473145,"Unknown"
"7014851",371865,2025-09-07 17:25:26,43.1297264099121,-8.47021770477295,"Unknown"
"7014851",371865,2025-09-07 17:30:26,43.130615234375,-8.47107124328613,"Unknown"
"7014851",371865,2025-09-07 17:35:25,43.1305160522461,-8.47101020812988,"Unknown"
"7014851",371865,2025-09-07 17:40:27,43.130542755127,-8.47100639343262,"Unknown"
"7014851",371865,2025-09-07 17:45:26,43.1304969787598,-8.47109317779541,"Unknown"
"7014851",371865,2025-09-07 17:50:26,43.1293716430664,-8.46945190429688,"Unknown"
"7014851",371865,2025-09-07 17:55:26,43.1295738220215,-8.46904373168945,"Unknown"
"7014851",371865,2025-09-07 18:00:27,43.1294555664062,-8.46878147125244,"Unknown"
"7014851",371865,2025-09-07 18:05:26,43.1301422119141,-8.46877479553223,"Unknown"
"7014851",371865,2025-09-07 18:10:25,43.1504440307617,-8.46776676177979,"Unknown"
"7014851",371865,2025-09-07 18:15:25,43.1743278503418,-8.45232486724854,"Unknown"
"7014851",371865,2025-09-07 18:20:33,43.1908798217773,-8.4198522567749,"Unknown"
"7014851",371865,2025-09-07 18:25:25,43.1910362243652,-8.419921875,"Unknown"
"7014851",371865,2025-09-07 18:30:26,43.1982421875,-8.4115629196167,"Unknown"
"7014851",371865,2025-09-07 18:35:26,43.2199249267578,-8.39933586120605,"Unknown"
"7014851",371865,2025-09-07 18:40:25,43.2478828430176,-8.38527774810791,"Unknown"
"7014851",371865,2025-09-07 18:45:25,43.2763328552246,-8.38698387145996,"Unknown"
"7014851",371865,2025-09-07 18:50:25,43.3073234558105,-8.38311004638672,"Unknown"
"7014851",371865,2025-09-07 18:55:25,43.335075378418,-8.38701438903809,"Unknown"
"7014851",371865,2025-09-07 19:00:30,43.3583679199219,-8.39340114593506,"Unknown"
"7014851",371865,2025-09-07 19:05:28,43.3583793640137,-8.39322853088379,"Unknown"
"7014851",371865,2025-09-07 19:10:28,43.3581352233887,-8.39322566986084,"Unknown"
"7014851",371865,2025-09-07 19:15:36,43.3580169677734,-8.39323806762695,"Unknown"
"7014851",371865,2025-09-07 19:20:59,43.358081817627,-8.39324855804443,"Unknown"
"7014851",371865,2025-09-07 19:25:25,43.3585929870605,-8.39383506774902,"Unknown"
"7014851",371865,2025-09-07 19:30:25,43.3584251403809,-8.39366722106934,"Unknown"
"7014851",371865,2025-09-07 19:35:26,43.3585777282715,-8.39414978027344,"Unknown"
"7014851",371865,2025-09-07 19:40:33,43.3581047058105,-8.39237594604492,"Unknown"
"7014851",371865,2025-09-07 19:45:33,43.357364654541,-8.39266681671143,"Unknown"
"7014851",371865,2025-09-07 19:50:33,43.3578338623047,-8.39243602752686,"Unknown"
"7014851",371865,2025-09-07 19:55:29,43.3579139709473,-8.39198207855225,"Unknown"
"7014851",371865,2025-09-07 20:00:31,43.3576469421387,-8.39209461212158,"Unknown"
"7014851",371865,2025-09-07 20:05:33,43.3589096069336,-8.39279651641846,"Unknown"
"7014851",371865,2025-09-07 20:10:41,43.3586578369141,-8.39273166656494,"Unknown"
"7014851",371865,2025-09-07 20:15:27,43.3588523864746,-8.39242267608643,"Unknown"
"7014851",371865,2025-09-07 20:20:28,43.358943939209,-8.39310836791992,"Unknown"
"7014851",371865,2025-09-07 20:25:33,43.3586463928223,-8.39348220825195,"Unknown"
"7014851",371865,2025-09-07 20:30:29,43.3586502075195,-8.39313507080078,"Unknown"
"7014851",371865,2025-09-07 20:35:30,43.3589820861816,-8.39320087432861,"Unknown"
"7014851",371865,2025-09-07 20:40:26,43.3585166931152,-8.39296054840088,"Unknown"
"7014851",371865,2025-09-07 20:45:27,43.3583717346191,-8.39310169219971,"Unknown"
"7014851",371865,2025-09-07 20:50:26,43.3584365844727,-8.39317226409912,"Unknown"
"7014851",371865,2025-09-07 20:55:59,43.3586883544922,-8.39340114593506,"Unknown"
"7014851",371865,2025-09-07 21:00:24,43.3587074279785,-8.39338874816895,"Unknown"
"7014851",371865,2025-09-07 21:05:25,43.3585891723633,-8.39358234405518,"Unknown"
"7014851",371865,2025-09-07 21:10:24,43.3588447570801,-8.39327430725098,"Unknown"
"7014851",371865,2025-09-07 21:15:24,43.3587455749512,-8.3934154510498,"Unknown"
"7014851",371865,2025-09-07 21:20:24,43.3588027954102,-8.39337348937988,"Unknown"
"7014851",371865,2025-09-07 21:25:25,43.3586540222168,-8.3934497833252,"Unknown"
"7014851",371865,2025-09-07 21:30:24,43.3585815429688,-8.39337539672852,"Unknown"
"7014851",371865,2025-09-07 21:35:24,43.3586921691895,-8.39341735839844,"Unknown"
"7014851",371865,2025-09-07 21:40:25,43.3588218688965,-8.39331245422363,"Unknown"
"7014851",371865,2025-09-07 21:45:26,43.3588104248047,-8.39354419708252,"Unknown"
"7014851",371865,2025-09-07 21:50:26,43.3587455749512,-8.39358234405518,"Unknown"
"7014851",371865,2025-09-07 21:55:25,43.3588371276855,-8.39370059967041,"Unknown"
"7014851",371865,2025-09-07 22:00:25,43.3584594726562,-8.39353466033936,"Unknown"
"7014851",371865,2025-09-07 22:05:25,43.3587875366211,-8.39370441436768,"Unknown"
"7014851",371865,2025-09-07 22:10:26,43.3588562011719,-8.39374732971191,"Unknown"
"7014851",371865,2025-09-07 22:15:25,43.3586807250977,-8.39395046234131,"Unknown"
"7014851",371865,2025-09-07 22:20:25,43.3587188720703,-8.39375686645508,"Unknown"
"7014851",371865,2025-09-07 22:25:25,43.3587532043457,-8.39369869232178,"Unknown"
"7014851",371865,2025-09-07 22:30:26,43.3586463928223,-8.39389514923096,"Unknown"
"7014851",371865,2025-09-07 22:35:25,43.358570098877,-8.39425754547119,"Unknown"
"7014851",371865,2025-09-07 22:40:26,43.358829498291,-8.39407920837402,"Unknown"
"7014851",371865,2025-09-07 22:45:27,43.3585014343262,-8.3935022354126,"Unknown"
"7014851",371865,2025-09-07 22:50:25,43.3586692810059,-8.39406585693359,"Unknown"
"7014851",371865,2025-09-07 22:55:28,43.3584899902344,-8.39425659179688,"Unknown"
"7014851",371865,2025-09-07 23:00:25,43.3590812683105,-8.39513969421387,"Unknown"
"7014851",371865,2025-09-07 23:05:26,43.3589210510254,-8.39523792266846,"Unknown"
"7014851",371865,2025-09-07 23:10:59,43.3591499328613,-8.39511203765869,"Unknown"
"7014851",371865,2025-09-07 23:15:25,43.3590469360352,-8.39502239227295,"Unknown"
"7014851",371865,2025-09-07 23:20:25,43.3586769104004,-8.3953742980957,"Unknown"
"7014851",371865,2025-09-07 23:25:24,43.3588943481445,-8.39492321014404,"Unknown"
"7014851",371865,2025-09-07 23:30:24,43.3588752746582,-8.3947811126709,"Unknown"
"7014851",371865,2025-09-07 23:35:25,43.35888671875,-8.39483547210693,"Unknown"
"7014851",371865,2025-09-07 23:40:25,43.3588256835938,-8.39475631713867,"Unknown"
"7014851",371865,2025-09-07 23:45:26,43.3589096069336,-8.3949613571167,"Unknown"
"7014851",371865,2025-09-07 23:50:24,43.358943939209,-8.39502239227295,"Unknown"
"7014851",371865,2025-09-07 23:55:25,43.3589096069336,-8.39494800567627,"Unknown"
"7014851",371865,2025-09-08 00:00:25,43.3589630126953,-8.39487552642822,"Unknown"
"7014851",371865,2025-09-08 00:05:25,43.358943939209,-8.39494895935059,"Unknown"
"7014851",371865,2025-09-08 00:10:25,43.3589286804199,-8.39495372772217,"Unknown"
"7014851",371865,2025-09-08 00:15:26,43.3589172363281,-8.39493656158447,"Unknown"
"7014851",371865,2025-09-08 00:20:26,43.3589744567871,-8.39493560791016,"Unknown"
"7014851",371865,2025-09-08 00:25:26,43.3589057922363,-8.39486789703369,"Unknown"
"7014851",371865,2025-09-08 00:30:25,43.3589553833008,-8.39483451843262,"Unknown"
"7014851",371865,2025-09-08 00:35:25,43.3588943481445,-8.39486694335938,"Unknown"
"7014851",371865,2025-09-08 00:40:25,43.3588523864746,-8.39472675323486,"Unknown"
"7014851",371865,2025-09-08 00:45:25,43.3588905334473,-8.39478969573975,"Unknown"
"7014851",371865,2025-09-08 00:50:26,43.3588943481445,-8.39517402648926,"Unknown"
"7014851",371865,2025-09-08 00:55:26,43.3588676452637,-8.39491844177246,"Unknown"
"7014851",371865,2025-09-08 01:00:27,43.3589706420898,-8.39523220062256,"Unknown"
"7014851",371865,2025-09-08 01:05:26,43.3588943481445,-8.39497470855713,"Unknown"
"7014851",371865,2025-09-08 01:10:27,43.3589515686035,-8.39517498016357,"Unknown"
"7014851",371865,2025-09-08 01:15:28,43.3590393066406,-8.3951358795166,"Unknown"
"7014851",371865,2025-09-08 01:20:25,43.3590240478516,-8.39497184753418,"Unknown"
"7014851",371865,2025-09-08 01:25:26,43.3589286804199,-8.39499473571777,"Unknown"
"7014851",371865,2025-09-08 01:30:25,43.3587303161621,-8.39472198486328,"Unknown"
"7014851",371865,2025-09-08 01:35:27,43.3588180541992,-8.39495468139648,"Unknown"
"7014851",371865,2025-09-08 01:40:26,43.3588714599609,-8.39493942260742,"Unknown"
"7014851",371865,2025-09-08 01:45:27,43.358772277832,-8.39491653442383,"Unknown"
"7014851",371865,2025-09-08 01:50:26,43.358829498291,-8.39493751525879,"Unknown"
"7014851",371865,2025-09-08 01:55:25,43.3589172363281,-8.39481544494629,"Unknown"
"7014851",371865,2025-09-08 02:00:26,43.3588752746582,-8.39483165740967,"Unknown"
"7014851",371865,2025-09-08 02:05:27,43.3589134216309,-8.39479923248291,"Unknown"
"7014851",371865,2025-09-08 02:10:26,43.3587837219238,-8.3947868347168,"Unknown"
"7014851",371865,2025-09-08 02:15:28,43.3589248657227,-8.39470100402832,"Unknown"
"7014851",371865,2025-09-08 02:20:28,43.3589096069336,-8.39465522766113,"Unknown"
"7014851",371865,2025-09-08 02:25:28,43.3588943481445,-8.39477729797363,"Unknown"
"7014851",371865,2025-09-08 02:30:28,43.3588790893555,-8.39451694488525,"Unknown"
"7014851",371865,2025-09-08 02:35:34,43.3591537475586,-8.39455032348633,"Unknown"
"7014851",371865,2025-09-08 02:40:49,43.3591232299805,-8.39450263977051,"Unknown"
"7014851",371865,2025-09-08 02:45:26,43.3588905334473,-8.39441585540771,"Unknown"
"7014851",371865,2025-09-08 02:50:28,43.3592758178711,-8.39470863342285,"Unknown"
"7014851",371865,2025-09-08 02:55:25,43.3588485717773,-8.39424133300781,"Unknown"
"7014851",371865,2025-09-08 03:00:29,43.3590431213379,-8.39427185058594,"Unknown"
"7014851",371865,2025-09-08 03:05:53,43.3591079711914,-8.39439582824707,"Unknown"
"7014851",371865,2025-09-08 03:10:31,43.3592147827148,-8.39521312713623,"Unknown"
"7014851",371865,2025-09-08 03:15:31,43.3592262268066,-8.39438438415527,"Unknown"
"7014851",371865,2025-09-08 03:20:38,43.3589668273926,-8.39408588409424,"Unknown"
"7014851",371865,2025-09-08 03:25:43,43.3590316772461,-8.39412498474121,"Unknown"
"7014851",371865,2025-09-08 03:30:29,43.3585510253906,-8.39376258850098,"Unknown"
"7014851",371865,2025-09-08 03:35:31,43.3589019775391,-8.39474296569824,"Unknown"
"7014851",371865,2025-09-08 03:40:34,43.3582725524902,-8.39377021789551,"Unknown"
"7014851",371865,2025-09-08 03:45:27,43.3581352233887,-8.39446067810059,"Unknown"
"7014851",371865,2025-09-08 03:50:44,43.3588943481445,-8.39422702789307,"Unknown"
"7014851",371865,2025-09-08 03:55:26,43.3589553833008,-8.39467144012451,"Unknown"
"7014851",371865,2025-09-08 04:00:28,43.3589057922363,-8.39432811737061,"Unknown"
"7014851",371865,2025-09-08 04:05:30,43.3587799072266,-8.39443016052246,"Unknown"
"7014851",371865,2025-09-08 04:10:34,43.3587226867676,-8.39457225799561,"Unknown"
"7014851",371865,2025-09-08 04:15:28,43.359058380127,-8.39473819732666,"Unknown"
"7014851",371865,2025-09-08 04:20:29,43.3589401245117,-8.39452362060547,"Unknown"
"7014851",371865,2025-09-08 04:25:28,43.3590698242188,-8.39492893218994,"Unknown"
"7014851",371865,2025-09-08 04:30:30,43.3597831726074,-8.40413856506348,"Unknown"
"7014851",371865,2025-09-08 04:35:28,43.3527412414551,-8.43685722351074,"Unknown"
"7014851",371865,2025-09-08 04:40:29,43.3552780151367,-8.44871044158936,"Unknown"
"7014851",371865,2025-09-08 04:45:56,43.3685760498047,-8.49080085754395,"Unknown"
"7014851",371865,2025-09-08 04:50:29,43.3612518310547,-8.52524662017822,"Unknown"
"7014851",371865,2025-09-08 04:55:25,43.3533134460449,-8.55798625946045,"Unknown"
"7014851",371865,2025-09-08 05:00:25,43.342399597168,-8.57473373413086,"Unknown"
"7014851",371865,2025-09-08 05:05:25,43.3395309448242,-8.56148052215576,"Unknown"
"7014851",371865,2025-09-08 05:10:25,43.3386039733887,-8.54633140563965,"Unknown"
"7014851",371865,2025-09-08 05:15:25,43.3382949829102,-8.54646778106689,"Unknown"
"7014851",371865,2025-09-08 05:20:27,43.3380508422852,-8.54664039611816,"Unknown"
"7014851",371865,2025-09-08 05:25:25,43.3369827270508,-8.54845714569092,"Unknown"
"7014851",371865,2025-09-08 05:30:28,43.3359260559082,-8.54922962188721,"Unknown"
"7014851",371865,2025-09-08 05:35:26,43.3356094360352,-8.54878234863281,"Unknown"
"7014851",371865,2025-09-08 05:40:25,43.332275390625,-8.56450748443604,"Unknown"
"7014851",371865,2025-09-08 05:45:25,43.3283920288086,-8.58459663391113,"Unknown"
"7014851",371865,2025-09-08 05:50:25,43.3304901123047,-8.60214328765869,"Unknown"
"7014851",371865,2025-09-08 05:55:25,43.3251037597656,-8.57305812835693,"Unknown"
"7014851",371865,2025-09-08 06:00:30,43.3115043640137,-8.55593299865723,"Unknown"
"7014851",371865,2025-09-08 06:05:26,43.3114280700684,-8.55595016479492,"Unknown"
"7014851",371865,2025-09-08 06:10:44,43.311450958252,-8.55589199066162,"Unknown"
"7014851",371865,2025-09-08 06:15:31,43.3109550476074,-8.55534648895264,"Unknown"
"7014851",371865,2025-09-08 06:20:41,43.3111190795898,-8.54788017272949,"Unknown"
"7014851",371865,2025-09-08 06:25:26,43.287727355957,-8.54313468933105,"Unknown"
"7014851",371865,2025-09-08 06:30:25,43.2603416442871,-8.53054809570312,"Unknown"
"7014851",371865,2025-09-08 06:35:27,43.2323188781738,-8.50371932983398,"Unknown"
"7014851",371865,2025-09-08 06:40:25,43.2060546875,-8.47220993041992,"Unknown"
"7014851",371865,2025-09-08 06:45:43,43.1619262695312,-8.46974658966064,"Unknown"
"7014851",371865,2025-09-08 06:50:28,43.1295700073242,-8.47000408172607,"Unknown"
"7014851",371865,2025-09-08 06:55:27,43.129753112793,-8.4697847366333,"Unknown"
"7014851",371865,2025-09-08 07:00:41,43.1297340393066,-8.47003650665283,"Unknown"
"7014851",371865,2025-09-08 07:05:27,43.1304931640625,-8.47074508666992,"Unknown"
"7014851",371865,2025-09-08 07:10:29,43.1305389404297,-8.47074222564697,"Unknown"
"7014851",371865,2025-09-08 07:15:30,43.1305847167969,-8.47093200683594,"Unknown"
"7014851",371865,2025-09-08 07:20:28,43.1306266784668,-8.47056674957275,"Unknown"
"7014851",371865,2025-09-08 07:25:29,43.1335601806641,-8.46976089477539,"Unknown"
"7014851",371865,2025-09-08 07:30:44,43.1328315734863,-8.4684886932373,"Unknown"
"7014851",371865,2025-09-08 07:35:44,43.1324501037598,-8.46885395050049,"Unknown"
"7014851",371865,2025-09-08 07:40:29,43.1324195861816,-8.46869564056396,"Unknown"
"7014851",371865,2025-09-08 07:45:33,43.1325302124023,-8.46881103515625,"Unknown"
"7014851",371865,2025-09-08 07:50:37,43.1323852539062,-8.46875858306885,"Unknown"
"7014851",371865,2025-09-08 07:55:36,43.1324501037598,-8.46890735626221,"Unknown"
"7014851",371865,2025-09-08 08:00:33,43.132453918457,-8.46879100799561,"Unknown"
"7014851",371865,2025-09-08 08:05:31,43.1323699951172,-8.4687557220459,"Unknown"
"7014851",371865,2025-09-08 08:10:34,43.1306648254395,-8.47101211547852,"Unknown"
"7014851",371865,2025-09-08 08:15:35,43.1306228637695,-8.47099113464355,"Unknown"
"7014851",371865,2025-09-08 08:20:55,43.1305160522461,-8.47073936462402,"Unknown"
"7014851",371865,2025-09-08 08:25:25,43.1303100585938,-8.47125339508057,"Unknown"
"7014851",371865,2025-09-08 08:31:14,43.1305503845215,-8.47067451477051,"Unknown"
"7014851",371865,2025-09-08 08:35:28,43.1306915283203,-8.47009181976318,"Unknown"
"7014851",371865,2025-09-08 08:40:28,43.1319427490234,-8.47177505493164,"Unknown"
"7014851",371865,2025-09-08 08:45:44,43.1317596435547,-8.47216320037842,"Unknown"
"7014851",371865,2025-09-08 08:50:27,43.1304512023926,-8.47061729431152,"Unknown"
"7014851",371865,2025-09-08 08:55:36,43.1305046081543,-8.4708776473999,"Unknown"
"7014851",371865,2025-09-08 09:00:36,43.1304931640625,-8.4709358215332,"Unknown"
"7014851",371865,2025-09-08 09:05:36,43.1310005187988,-8.47136211395264,"Unknown"
"7014851",371865,2025-09-08 09:10:36,43.1311073303223,-8.47124290466309,"Unknown"
"7014851",371865,2025-09-08 09:15:40,43.1308288574219,-8.47123718261719,"Unknown"
"7014851",371865,2025-09-08 09:20:45,43.1309509277344,-8.47134304046631,"Unknown"
"7014851",371865,2025-09-08 09:25:44,43.1309432983398,-8.47140502929688,"Unknown"
"7014851",371865,2025-09-08 09:30:39,43.1309356689453,-8.47147369384766,"Unknown"
"7014851",371865,2025-09-08 09:35:38,43.1309471130371,-8.47150135040283,"Unknown"
"7014851",371865,2025-09-08 09:40:39,43.1309356689453,-8.47156143188477,"Unknown"
"7014851",371865,2025-09-08 09:45:50,43.1309089660645,-8.47156429290771,"Unknown"
"7014851",371865,2025-09-08 09:50:50,43.1311645507812,-8.47054862976074,"Unknown"
"7014851",371865,2025-09-08 09:55:52,43.1334190368652,-8.46955490112305,"Unknown"
"7014851",371865,2025-09-08 10:00:46,43.1333427429199,-8.46945571899414,"Unknown"
"7014851",371865,2025-09-08 10:05:37,43.1333847045898,-8.46962070465088,"Unknown"
"7014851",371865,2025-09-08 10:10:37,43.1334037780762,-8.46942615509033,"Unknown"
"7014851",371865,2025-09-08 10:15:44,43.1333847045898,-8.4696102142334,"Unknown"
"7014851",371865,2025-09-08 10:20:31,43.1334075927734,-8.46960353851318,"Unknown"
"7014851",371865,2025-09-08 10:25:36,43.1333656311035,-8.46947765350342,"Unknown"
"7014851",371865,2025-09-08 10:30:28,43.1337509155273,-8.47052097320557,"Unknown"
"7014851",371865,2025-09-08 10:35:36,43.1333198547363,-8.46979141235352,"Unknown"
"7014851",371865,2025-09-08 10:40:39,43.1334075927734,-8.46924114227295,"Unknown"
"7014851",371865,2025-09-08 10:46:05,43.1333160400391,-8.47008895874023,"Unknown"
"7014851",371865,2025-09-08 10:50:58,43.1333808898926,-8.46998023986816,"Unknown"
"7014851",371865,2025-09-08 10:55:27,43.1332702636719,-8.46987915039062,"Unknown"
"7014851",371865,2025-09-08 11:00:59,43.1334228515625,-8.46940422058105,"Unknown"
"7014851",371865,2025-09-08 11:05:24,43.1334609985352,-8.4693546295166,"Unknown"
"7014851",371865,2025-09-08 11:10:30,43.1334915161133,-8.46931171417236,"Unknown"
"7014851",371865,2025-09-08 11:15:25,43.1334190368652,-8.46922492980957,"Unknown"
"7014851",371865,2025-09-08 11:20:27,43.1335334777832,-8.4691801071167,"Unknown"
"7014851",371865,2025-09-08 11:25:25,43.1335563659668,-8.46916770935059,"Unknown"
"7014851",371865,2025-09-08 11:30:23,43.133430480957,-8.46953105926514,"Unknown"
"7014851",371865,2025-09-08 11:35:24,43.1335334777832,-8.4689998626709,"Unknown"
"7014851",371865,2025-09-08 11:40:24,43.133472442627,-8.46921348571777,"Unknown"
"7014851",371865,2025-09-08 11:45:28,43.1333770751953,-8.46945858001709,"Unknown"
"7014851",371865,2025-09-08 11:50:29,43.1335144042969,-8.46939849853516,"Unknown"
"7014851",371865,2025-09-08 11:55:25,43.1332931518555,-8.46944141387939,"Unknown"
"7014851",371865,2025-09-08 12:00:26,43.133487701416,-8.46940231323242,"Unknown"
"7014851",371865,2025-09-08 12:05:24,43.1334533691406,-8.46971797943115,"Unknown"
"7014851",371865,2025-09-08 12:10:35,43.1334419250488,-8.46947574615479,"Unknown"
"7014851",371865,2025-09-08 12:15:24,43.1334991455078,-8.46944618225098,"Unknown"
"7014851",371865,2025-09-08 12:20:24,43.1335220336914,-8.4694299697876,"Unknown"
"7014851",371865,2025-09-08 12:25:33,43.133373260498,-8.46946239471436,"Unknown"
"7014851",371865,2025-09-08 12:30:24,43.133415222168,-8.46944427490234,"Unknown"
"7014851",371865,2025-09-08 12:35:24,43.1334495544434,-8.46951961517334,"Unknown"
"7014851",371865,2025-09-08 12:40:25,43.1334800720215,-8.46947956085205,"Unknown"
"7014851",371865,2025-09-08 12:45:24,43.1335830688477,-8.46955871582031,"Unknown"
"7014851",371865,2025-09-08 12:50:24,43.1335906982422,-8.46962070465088,"Unknown"
"7014851",371865,2025-09-08 12:55:25,43.1333084106445,-8.47007846832275,"Unknown"
"7014851",371865,2025-09-08 13:00:24,43.133472442627,-8.46939659118652,"Unknown"
"7014851",371865,2025-09-08 13:05:24,43.1335601806641,-8.469557762146,"Unknown"
"7014851",371865,2025-09-08 13:10:26,43.1334571838379,-8.46944618225098,"Unknown"
"7014851",371865,2025-09-08 13:15:38,43.1335067749023,-8.46953773498535,"Unknown"
"7014851",371865,2025-09-08 13:20:29,43.1337928771973,-8.47000408172607,"Unknown"
"7014851",371865,2025-09-08 13:25:26,43.1335792541504,-8.46977710723877,"Unknown"
"7014851",371865,2025-09-08 13:30:30,43.133903503418,-8.47029209136963,"Unknown"
"7014851",371865,2025-09-08 13:35:34,43.1339836120605,-8.47046661376953,"Unknown"
"7014851",371865,2025-09-08 13:40:31,43.1339340209961,-8.47028064727783,"Unknown"
"7014851",371865,2025-09-08 13:45:58,43.1334457397461,-8.46946334838867,"Unknown"
"7014851",371865,2025-09-08 13:50:25,43.1335487365723,-8.4694356918335,"Unknown"
"7014851",371865,2025-09-08 13:55:25,43.1335144042969,-8.46943664550781,"Unknown"
"7014851",371865,2025-09-08 14:00:24,43.1333923339844,-8.46950244903564,"Unknown"
"7014851",371865,2025-09-08 14:05:26,43.133430480957,-8.46947574615479,"Unknown"
"7014851",371865,2025-09-08 14:10:25,43.1334762573242,-8.46960830688477,"Unknown"
"7014851",371865,2025-09-08 14:15:24,43.1334648132324,-8.46955490112305,"Unknown"
"7014851",371865,2025-09-08 14:20:24,43.1335067749023,-8.46950149536133,"Unknown"
"7014851",371865,2025-09-08 14:25:24,43.1334915161133,-8.4694356918335,"Unknown"
"7014851",371865,2025-09-08 14:30:23,43.1334228515625,-8.46957397460938,"Unknown"
"7014851",371865,2025-09-08 14:35:24,43.1333923339844,-8.46956062316895,"Unknown"
"7014851",371865,2025-09-08 14:40:24,43.1333961486816,-8.46951389312744,"Unknown"
"7014851",371865,2025-09-08 14:45:23,43.1333923339844,-8.46951961517334,"Unknown"
"7014851",371865,2025-09-08 14:50:23,43.1338844299316,-8.47216033935547,"Unknown"
"7014851",371865,2025-09-08 14:55:25,43.133861541748,-8.4723424911499,"Unknown"
"7014851",371865,2025-09-08 15:00:27,43.1297454833984,-8.47046566009521,"Unknown"
"7014851",371865,2025-09-08 15:05:25,43.1298446655273,-8.47051048278809,"Unknown"
"7014851",371865,2025-09-08 15:10:24,43.1297950744629,-8.47048473358154,"Unknown"
"7014851",371865,2025-09-08 15:15:24,43.1298179626465,-8.47039604187012,"Unknown"
"7014851",371865,2025-09-08 15:20:25,43.129810333252,-8.47042465209961,"Unknown"
"7014851",371865,2025-09-08 15:25:25,43.1298217773438,-8.47024536132812,"Unknown"
"7014851",371865,2025-09-08 15:30:25,43.1298370361328,-8.47033023834229,"Unknown"
"7014851",371865,2025-09-08 15:35:24,43.129825592041,-8.47034549713135,"Unknown"
"7014851",371865,2025-09-08 15:40:24,43.1298713684082,-8.47039413452148,"Unknown"
"7014851",371865,2025-09-08 15:45:24,43.1298866271973,-8.47036933898926,"Unknown"
"7014851",371865,2025-09-08 15:50:28,43.1298828125,-8.47041130065918,"Unknown"
"7014851",371865,2025-09-08 15:55:26,43.1299018859863,-8.47045803070068,"Unknown"
"7014851",371865,2025-09-08 16:00:44,43.1297760009766,-8.47043132781982,"Unknown"
"7014851",371865,2025-09-08 16:05:29,43.1305160522461,-8.470871925354,"Unknown"
"7014851",371865,2025-09-08 16:10:27,43.1305274963379,-8.47085094451904,"Unknown"
"7014851",371865,2025-09-08 16:15:37,43.1300468444824,-8.47040748596191,"Unknown"
"7014851",371865,2025-09-08 16:20:35,43.1300315856934,-8.47039890289307,"Unknown"
"7014851",371865,2025-09-08 16:25:26,43.1305694580078,-8.47100067138672,"Unknown"
"7014851",371865,2025-09-08 16:30:27,43.1304168701172,-8.47086334228516,"Unknown"
"7014851",371865,2025-09-08 16:35:46,43.1308670043945,-8.47127628326416,"Unknown"
"7014851",371865,2025-09-08 16:40:26,43.1309814453125,-8.47105407714844,"Unknown"
"7014851",371865,2025-09-08 16:45:44,43.1302299499512,-8.46981906890869,"Unknown"
"7014851",371865,2025-09-08 16:50:52,43.1302947998047,-8.46967315673828,"Unknown"
"7014851",371865,2025-09-08 16:55:54,43.1303405761719,-8.46961307525635,"Unknown"
"7014851",371865,2025-09-08 17:00:59,43.1298637390137,-8.47012519836426,"Unknown"
"7014851",371865,2025-09-08 17:05:26,43.1299362182617,-8.47008991241455,"Unknown"
"7014851",371865,2025-09-08 17:10:24,43.1304397583008,-8.47089195251465,"Unknown"
"7014851",371865,2025-09-08 17:15:24,43.1303939819336,-8.47086334228516,"Unknown"
"7014851",371865,2025-09-08 17:20:24,43.1303329467773,-8.47077655792236,"Unknown"
"7014851",371865,2025-09-08 17:25:25,43.1297454833984,-8.47113227844238,"Unknown"
"7014851",371865,2025-09-08 17:30:25,43.1299629211426,-8.47035789489746,"Unknown"
"7014851",371865,2025-09-08 17:35:44,43.129955291748,-8.47034072875977,"Unknown"
"7014851",371865,2025-09-08 17:40:24,43.1306228637695,-8.4713716506958,"Unknown"
"7014851",371865,2025-09-08 17:45:27,43.1300010681152,-8.47010803222656,"Unknown"
"7014851",371865,2025-09-08 17:50:28,43.129955291748,-8.47019004821777,"Unknown"
"7014851",371865,2025-09-08 17:55:30,43.1299514770508,-8.47026062011719,"Unknown"
"7014851",371865,2025-09-08 18:00:36,43.1306457519531,-8.47127056121826,"Unknown"
"7014851",371865,2025-09-08 18:05:38,43.1303596496582,-8.47104740142822,"Unknown"
"7014851",371865,2025-09-08 18:10:40,43.1306190490723,-8.47134208679199,"Unknown"
"7014851",371865,2025-09-08 18:15:27,43.1305618286133,-8.47109222412109,"Unknown"
"7014851",371865,2025-09-08 18:20:31,43.1300163269043,-8.47050857543945,"Unknown"
"7014851",371865,2025-09-08 18:25:28,43.1302642822266,-8.4700345993042,"Unknown"
"7014851",371865,2025-09-08 18:30:31,43.1302680969238,-8.47033786773682,"Unknown"
"7014851",371865,2025-09-08 18:35:26,43.1302452087402,-8.47008323669434,"Unknown"
"7014851",371865,2025-09-08 18:40:33,43.1302795410156,-8.47037506103516,"Unknown"
"7014851",371865,2025-09-08 18:45:47,43.1301078796387,-8.46995639801025,"Unknown"
"7014851",371865,2025-09-08 18:50:44,43.1486854553223,-8.45662117004395,"Unknown"
"7014851",371865,2025-09-08 18:55:24,43.1680526733398,-8.44705104827881,"Unknown"
"7014851",371865,2025-09-08 19:00:28,43.1903343200684,-8.42037963867188,"Unknown"
"7014851",371865,2025-09-08 19:05:28,43.1904258728027,-8.42043399810791,"Unknown"
"7014851",371865,2025-09-08 19:10:28,43.1878280639648,-8.41841983795166,"Unknown"
"7014851",371865,2025-09-08 19:15:28,43.1723022460938,-8.43820667266846,"Unknown"
"7014851",371865,2025-09-08 19:20:28,43.1719741821289,-8.44012260437012,"Unknown"
"7014851",371865,2025-09-08 19:25:27,43.1718559265137,-8.44035720825195,"Unknown"
"7014851",371865,2025-09-08 19:30:35,43.1719093322754,-8.44010829925537,"Unknown"
"7014851",371865,2025-09-08 19:35:51,43.1727447509766,-8.44031238555908,"Unknown"
"7014851",371865,2025-09-08 19:40:38,43.1730079650879,-8.44037818908691,"Unknown"
"7014851",371865,2025-09-08 19:45:44,43.172607421875,-8.43997955322266,"Unknown"
"7014851",371865,2025-09-08 19:51:05,43.1723022460938,-8.44023609161377,"Unknown"
"7014851",371865,2025-09-08 19:55:26,43.172420501709,-8.43755149841309,"Unknown"
"7014851",371865,2025-09-08 20:00:25,43.1718940734863,-8.44037342071533,"Unknown"
"7014851",371865,2025-09-08 20:05:28,43.1721382141113,-8.44071102142334,"Unknown"
"7014851",371865,2025-09-08 20:10:28,43.1719665527344,-8.44034481048584,"Unknown"
"7014851",371865,2025-09-08 20:15:27,43.1722602844238,-8.44070148468018,"Unknown"
"7014851",371865,2025-09-08 20:20:28,43.1721572875977,-8.44058990478516,"Unknown"
"7014851",371865,2025-09-08 20:25:27,43.1722564697266,-8.44065475463867,"Unknown"
"7014851",371865,2025-09-08 20:30:27,43.171802520752,-8.43996524810791,"Unknown"
"7014851",371865,2025-09-08 20:35:28,43.171932220459,-8.44001865386963,"Unknown"
"7014851",371865,2025-09-08 20:40:24,43.172004699707,-8.44019317626953,"Unknown"
"7014851",371865,2025-09-08 20:45:37,43.1720390319824,-8.44026851654053,"Unknown"
"7014851",371865,2025-09-08 20:50:38,43.1720123291016,-8.44027709960938,"Unknown"
"7014851",371865,2025-09-08 20:55:38,43.1720199584961,-8.44030380249023,"Unknown"
"7014851",371865,2025-09-08 21:00:31,43.1719932556152,-8.4402379989624,"Unknown"
"7014851",371865,2025-09-08 21:05:38,43.1721153259277,-8.44033432006836,"Unknown"
"7014851",371865,2025-09-08 21:10:42,43.1719932556152,-8.44022369384766,"Unknown"
"7014851",371865,2025-09-08 21:15:37,43.1718330383301,-8.44002723693848,"Unknown"
"7014851",371865,2025-09-08 21:20:29,43.1720733642578,-8.44034099578857,"Unknown"
"7014851",371865,2025-09-08 21:25:27,43.1716041564941,-8.43984127044678,"Unknown"
"7014851",371865,2025-09-08 21:30:25,43.1735000610352,-8.4417200088501,"Unknown"
"7014851",371865,2025-09-08 21:35:32,43.1717491149902,-8.44001579284668,"Unknown"
"7014851",371865,2025-09-08 21:40:44,43.1720085144043,-8.44025135040283,"Unknown"
"7014851",371865,2025-09-08 21:45:40,43.1720008850098,-8.4402322769165,"Unknown"
"7014851",371865,2025-09-08 21:50:27,43.1724052429199,-8.44027042388916,"Unknown"
"7014851",371865,2025-09-08 21:55:30,43.171760559082,-8.44019222259521,"Unknown"
"7014851",371865,2025-09-08 22:00:27,43.1720771789551,-8.44025802612305,"Unknown"
"7014851",371865,2025-09-08 22:05:24,43.171573638916,-8.44032669067383,"Unknown"
"7014851",371865,2025-09-08 22:10:32,43.1721000671387,-8.44029808044434,"Unknown"
"7014851",371865,2025-09-08 22:15:32,43.1716766357422,-8.44034767150879,"Unknown"
"7014851",371865,2025-09-08 22:20:26,43.1716270446777,-8.44043731689453,"Unknown"
"7014851",371865,2025-09-08 22:25:30,43.1720123291016,-8.44047927856445,"Unknown"
"7014851",371865,2025-09-08 22:30:44,43.1720314025879,-8.44024848937988,"Unknown"
"7014851",371865,2025-09-08 22:35:28,43.1720352172852,-8.44033432006836,"Unknown"
"7014851",371865,2025-09-08 22:40:32,43.1719360351562,-8.44022846221924,"Unknown"
"7014851",371865,2025-09-08 22:45:34,43.1719169616699,-8.44048595428467,"Unknown"
"7014851",371865,2025-09-08 22:50:29,43.1719131469727,-8.44011116027832,"Unknown"
"7014851",371865,2025-09-08 22:55:44,43.1720504760742,-8.44031429290771,"Unknown"
"7014851",371865,2025-09-08 23:00:24,43.1721801757812,-8.4402551651001,"Unknown"
"7014851",371865,2025-09-08 23:05:29,43.1723442077637,-8.44024181365967,"Unknown"
"7014851",371865,2025-09-08 23:10:30,43.171703338623,-8.44012832641602,"Unknown"
"7014851",371865,2025-09-08 23:15:53,43.1719703674316,-8.4403247833252,"Unknown"
"7014851",371865,2025-09-08 23:20:29,43.1719856262207,-8.44012069702148,"Unknown"
"7014851",371865,2025-09-08 23:25:36,43.1720581054688,-8.44017028808594,"Unknown"
"7014851",371865,2025-09-08 23:30:35,43.1720275878906,-8.44063186645508,"Unknown"
"7014851",371865,2025-09-08 23:35:30,43.172119140625,-8.44031524658203,"Unknown"
"7014851",371865,2025-09-08 23:40:50,43.1720924377441,-8.44018936157227,"Unknown"
"7014851",371865,2025-09-08 23:45:59,43.1721076965332,-8.44017696380615,"Unknown"
"7014851",371865,2025-09-08 23:50:28,43.1722221374512,-8.44020843505859,"Unknown"
"7014851",371865,2025-09-08 23:55:26,43.1723747253418,-8.44003582000732,"Unknown"
"7014851",371865,2025-09-09 00:00:38,43.1723289489746,-8.43990707397461,"Unknown"
"7014851",371865,2025-09-09 00:05:30,43.1723594665527,-8.43984699249268,"Unknown"
"7014851",371865,2025-09-09 00:10:43,43.1724281311035,-8.439866065979,"Unknown"
"7014851",371865,2025-09-09 00:15:36,43.172290802002,-8.43997859954834,"Unknown"
"7014851",371865,2025-09-09 00:20:33,43.1724815368652,-8.44007778167725,"Unknown"
"7014851",371865,2025-09-09 00:25:36,43.1722183227539,-8.4402437210083,"Unknown"
"7014851",371865,2025-09-09 00:30:44,43.1720085144043,-8.44002342224121,"Unknown"
"7014851",371865,2025-09-09 00:35:24,43.172046661377,-8.44022464752197,"Unknown"
"7014851",371865,2025-09-09 00:40:25,43.1720085144043,-8.44019603729248,"Unknown"
"7014851",371865,2025-09-09 00:45:24,43.1720199584961,-8.44049167633057,"Unknown"
"7014851",371865,2025-09-09 00:50:24,43.1720352172852,-8.44008731842041,"Unknown"
"7014851",371865,2025-09-09 00:55:59,43.1720352172852,-8.4403133392334,"Unknown"
"7014851",371865,2025-09-09 01:00:22,43.1720123291016,-8.44029998779297,"Unknown"
"7014851",371865,2025-09-09 01:05:23,43.1720352172852,-8.44035339355469,"Unknown"
"7014851",371865,2025-09-09 01:10:22,43.1720886230469,-8.4403772354126,"Unknown"
"7014851",371865,2025-09-09 01:15:22,43.1720085144043,-8.44027519226074,"Unknown"
"7014851",371865,2025-09-09 01:20:23,43.1720542907715,-8.44025802612305,"Unknown"
"7014851",371865,2025-09-09 01:25:23,43.1721267700195,-8.44030475616455,"Unknown"
"7014851",371865,2025-09-09 01:30:24,43.1720962524414,-8.44024848937988,"Unknown"
"7014851",371865,2025-09-09 01:35:22,43.1721687316895,-8.44032096862793,"Unknown"
"7014851",371865,2025-09-09 01:40:24,43.1720848083496,-8.44034099578857,"Unknown"
"7014851",371865,2025-09-09 01:45:24,43.1720886230469,-8.44037342071533,"Unknown"
"7014851",371865,2025-09-09 01:50:23,43.1721000671387,-8.440260887146,"Unknown"
"7014851",371865,2025-09-09 01:55:23,43.1721000671387,-8.44031620025635,"Unknown"
"7014851",371865,2025-09-09 02:00:22,43.172191619873,-8.44024181365967,"Unknown"
"7014851",371865,2025-09-09 02:05:23,43.1721267700195,-8.44027614593506,"Unknown"
"7014851",371865,2025-09-09 02:10:23,43.1721496582031,-8.44032192230225,"Unknown"
"7014851",371865,2025-09-09 02:15:23,43.1721611022949,-8.44026279449463,"Unknown"
"7014851",371865,2025-09-09 02:20:22,43.1720962524414,-8.44041728973389,"Unknown"
"7014851",371865,2025-09-09 02:25:23,43.1721267700195,-8.44025802612305,"Unknown"
"7014851",371865,2025-09-09 02:30:24,43.1721153259277,-8.44021320343018,"Unknown"
"7014851",371865,2025-09-09 02:35:23,43.1722106933594,-8.44023990631104,"Unknown"
"7014851",371865,2025-09-09 02:40:23,43.1720886230469,-8.44034767150879,"Unknown"
"7014851",371865,2025-09-09 02:45:23,43.1724128723145,-8.44011783599854,"Unknown"
"7014851",371865,2025-09-09 02:50:24,43.1720695495605,-8.44024467468262,"Unknown"
"7014851",371865,2025-09-09 02:55:23,43.1721115112305,-8.44030380249023,"Unknown"
"7014851",371865,2025-09-09 03:00:24,43.1721267700195,-8.44024467468262,"Unknown"
"7014851",371865,2025-09-09 03:05:25,43.1721611022949,-8.44021320343018,"Unknown"
"7014851",371865,2025-09-09 03:10:23,43.1722412109375,-8.44013786315918,"Unknown"
"7014851",371865,2025-09-09 03:15:23,43.1721115112305,-8.44022560119629,"Unknown"
"7014851",371865,2025-09-09 03:20:23,43.1721687316895,-8.44026374816895,"Unknown"
"7014851",371865,2025-09-09 03:25:23,43.1721267700195,-8.44027328491211,"Unknown"
"7014851",371865,2025-09-09 03:30:29,43.1722831726074,-8.44016742706299,"Unknown"
"7014851",371865,2025-09-09 03:35:23,43.1722068786621,-8.44019412994385,"Unknown"
"7014851",371865,2025-09-09 03:40:24,43.1721267700195,-8.44036483764648,"Unknown"
"7014851",371865,2025-09-09 03:45:24,43.1723785400391,-8.4400577545166,"Unknown"
"7014851",371865,2025-09-09 03:51:05,43.1722183227539,-8.44021701812744,"Unknown"
"7014851",371865,2025-09-09 03:55:22,43.1721382141113,-8.44025421142578,"Unknown"
"7014851",371865,2025-09-09 04:00:23,43.1722068786621,-8.4401798248291,"Unknown"
"7014851",371865,2025-09-09 04:05:23,43.1722183227539,-8.44025707244873,"Unknown"
"7014851",371865,2025-09-09 04:10:22,43.172233581543,-8.44027233123779,"Unknown"
"7014851",371865,2025-09-09 04:15:24,43.1731147766113,-8.44026470184326,"Unknown"
"7014851",371865,2025-09-09 04:20:25,43.1722602844238,-8.44037342071533,"Unknown"
"7014851",371865,2025-09-09 04:25:24,43.1722106933594,-8.44040775299072,"Unknown"
"7014851",371865,2025-09-09 04:30:24,43.1721839904785,-8.44016933441162,"Unknown"
"7014851",371865,2025-09-09 04:35:23,43.1721687316895,-8.44035530090332,"Unknown"
"7014851",371865,2025-09-09 04:40:22,43.1721267700195,-8.44023895263672,"Unknown"
"7014851",371865,2025-09-09 04:45:24,43.1721305847168,-8.44025897979736,"Unknown"
"7014851",371865,2025-09-09 04:50:23,43.1720848083496,-8.44027519226074,"Unknown"
"7014851",371865,2025-09-09 04:55:27,43.1720809936523,-8.4401798248291,"Unknown"
"7014851",371865,2025-09-09 05:00:23,43.1721343994141,-8.44005584716797,"Unknown"
"7014851",371865,2025-09-09 05:05:25,43.1721992492676,-8.43997097015381,"Unknown"
"7014851",371865,2025-09-09 05:10:27,43.172004699707,-8.4401912689209,"Unknown"
"7014851",371865,2025-09-09 05:15:27,43.1719741821289,-8.43971729278564,"Unknown"
"7014851",371865,2025-09-09 05:20:29,43.1721038818359,-8.44032287597656,"Unknown"
"7014851",371865,2025-09-09 05:25:27,43.1721076965332,-8.44015693664551,"Unknown"
"7014851",371865,2025-09-09 05:30:25,43.1721267700195,-8.44019889831543,"Unknown"
"7014851",371865,2025-09-09 05:35:23,43.166576385498,-8.44961261749268,"Unknown"
"7014851",371865,2025-09-09 05:40:24,43.1475830078125,-8.46603012084961,"Unknown"
"7014851",371865,2025-09-09 05:45:23,43.1333847045898,-8.46966457366943,"Unknown"
"7014851",371865,2025-09-09 05:50:44,43.133487701416,-8.46915912628174,"Unknown"
"7014851",371865,2025-09-09 05:55:33,43.1336212158203,-8.4688196182251,"Unknown"
"7014851",371865,2025-09-09 06:00:59,43.1329956054688,-8.46954345703125,"Unknown"
"7014851",371865,2025-09-09 06:05:24,43.1330337524414,-8.46959495544434,"Unknown"
"7014851",371865,2025-09-09 06:10:23,43.132869720459,-8.46931838989258,"Unknown"
"7014851",371865,2025-09-09 06:15:24,43.1328315734863,-8.4696102142334,"Unknown"
"7014851",371865,2025-09-09 06:20:24,43.1329498291016,-8.46944141387939,"Unknown"
"7014851",371865,2025-09-09 06:25:28,43.1329498291016,-8.46951293945312,"Unknown"
"7014851",371865,2025-09-09 06:30:24,43.1329345703125,-8.46964550018311,"Unknown"
"7014851",371865,2025-09-09 06:35:30,43.133056640625,-8.46954154968262,"Unknown"
"7014851",371865,2025-09-09 06:40:23,43.132999420166,-8.46969795227051,"Unknown"
"7014851",371865,2025-09-09 06:45:30,43.1331253051758,-8.46957492828369,"Unknown"
"7014851",371865,2025-09-09 06:50:31,43.1331100463867,-8.46956348419189,"Unknown"
"7014851",371865,2025-09-09 06:55:30,43.129955291748,-8.47027587890625,"Unknown"
"7014851",371865,2025-09-09 07:00:30,43.1298446655273,-8.4703540802002,"Unknown"
"7014851",371865,2025-09-09 07:05:31,43.1300849914551,-8.47035884857178,"Unknown"
"7014851",371865,2025-09-09 07:10:30,43.129997253418,-8.47038650512695,"Unknown"
"7014851",371865,2025-09-09 07:15:30,43.1311416625977,-8.47146320343018,"Unknown"
"7014851",371865,2025-09-09 07:20:23,43.1303863525391,-8.46999454498291,"Unknown"
"7014851",371865,2025-09-09 07:25:40,43.1304397583008,-8.47008323669434,"Unknown"
"7014851",371865,2025-09-09 07:30:30,43.1296882629395,-8.47034358978271,"Unknown"
"7014851",371865,2025-09-09 07:35:30,43.1296463012695,-8.47038555145264,"Unknown"
"7014851",371865,2025-09-09 07:40:30,43.1295776367188,-8.47043418884277,"Unknown"
"7014851",371865,2025-09-09 07:45:45,43.129695892334,-8.47026634216309,"Unknown"
"7014851",371865,2025-09-09 07:50:23,43.129768371582,-8.4704122543335,"Unknown"
"7014851",371865,2025-09-09 07:55:23,43.1298751831055,-8.47040367126465,"Unknown"
"7014851",371865,2025-09-09 08:00:29,43.130069732666,-8.46990966796875,"Unknown"
"7014851",371865,2025-09-09 08:05:23,43.1300621032715,-8.46996307373047,"Unknown"
"7014851",371865,2025-09-09 08:10:25,43.1298713684082,-8.46999454498291,"Unknown"
"7014851",371865,2025-09-09 08:15:23,43.1298828125,-8.46993160247803,"Unknown"
"7014851",371865,2025-09-09 08:20:23,43.1303482055664,-8.46977233886719,"Unknown"
"7014851",371865,2025-09-09 08:25:24,43.1297721862793,-8.46989917755127,"Unknown"
"7014851",371865,2025-09-09 08:30:45,43.1298179626465,-8.47002029418945,"Unknown"
"7014851",371865,2025-09-09 08:35:30,43.1295623779297,-8.47008609771729,"Unknown"
"7014851",371865,2025-09-09 08:40:32,43.1299667358398,-8.47139453887939,"Unknown"
"7014851",371865,2025-09-09 08:45:44,43.1307067871094,-8.47132968902588,"Unknown"
"7014851",371865,2025-09-09 08:50:27,43.1308212280273,-8.47116661071777,"Unknown"
"7014851",371865,2025-09-09 08:55:30,43.1309585571289,-8.47087955474854,"Unknown"
"7014851",371865,2025-09-09 09:00:33,43.1306076049805,-8.47106075286865,"Unknown"
"7014851",371865,2025-09-09 09:05:30,43.1305809020996,-8.47135162353516,"Unknown"
"7014851",371865,2025-09-09 09:10:30,43.1305885314941,-8.47137641906738,"Unknown"
"7014851",371865,2025-09-09 09:15:30,43.130615234375,-8.47143745422363,"Unknown"
"7014851",371865,2025-09-09 09:20:30,43.1306419372559,-8.47144317626953,"Unknown"
"7014851",371865,2025-09-09 09:25:35,43.130672454834,-8.47140693664551,"Unknown"
"7014851",371865,2025-09-09 09:31:08,43.132698059082,-8.47408199310303,"Unknown"
"7014851",371865,2025-09-09 09:35:36,43.1313400268555,-8.47192859649658,"Unknown"
"7014851",371865,2025-09-09 09:40:39,43.1301383972168,-8.47033309936523,"Unknown"
"7014851",371865,2025-09-09 09:45:32,43.1301498413086,-8.47033405303955,"Unknown"
"7014851",371865,2025-09-09 09:50:32,43.1301002502441,-8.47033309936523,"Unknown"
"7014851",371865,2025-09-09 09:55:32,43.1301231384277,-8.47040843963623,"Unknown"
"7014851",371865,2025-09-09 10:00:48,43.1303482055664,-8.47083950042725,"Unknown"
"7014851",371865,2025-09-09 10:05:59,43.1299896240234,-8.47020053863525,"Unknown"
"7014851",371865,2025-09-09 10:10:23,43.1299667358398,-8.47021865844727,"Unknown"
"7014851",371865,2025-09-09 10:15:22,43.1299667358398,-8.47025012969971,"Unknown"
"7014851",371865,2025-09-09 10:20:22,43.1298637390137,-8.47039413452148,"Unknown"
"7014851",371865,2025-09-09 10:25:24,43.1299858093262,-8.47023487091064,"Unknown"
"7014851",371865,2025-09-09 10:30:23,43.1298294067383,-8.47032451629639,"Unknown"
"7014851",371865,2025-09-09 10:35:30,43.1299629211426,-8.47013854980469,"Unknown"
"7014851",371865,2025-09-09 10:40:22,43.1300201416016,-8.47012710571289,"Unknown"
"7014851",371865,2025-09-09 10:45:31,43.1299362182617,-8.47020530700684,"Unknown"
"7014851",371865,2025-09-09 10:50:26,43.1299705505371,-8.47019290924072,"Unknown"
"7014851",371865,2025-09-09 10:55:25,43.1296615600586,-8.47054576873779,"Unknown"
"7014851",371865,2025-09-09 11:00:26,43.1299514770508,-8.47015953063965,"Unknown"
"7014851",371865,2025-09-09 11:05:25,43.1304512023926,-8.47111797332764,"Unknown"
"7014851",371865,2025-09-09 11:10:31,43.1309700012207,-8.47140216827393,"Unknown"
"7014851",371865,2025-09-09 11:15:26,43.130916595459,-8.47141265869141,"Unknown"
"7014851",371865,2025-09-09 11:20:30,43.1306381225586,-8.47088527679443,"Unknown"
"7014851",371865,2025-09-09 11:25:26,43.1305656433105,-8.47093296051025,"Unknown"
"7014851",371865,2025-09-09 11:30:44,43.1305656433105,-8.47103118896484,"Unknown"
"7014851",371865,2025-09-09 11:35:23,43.1305770874023,-8.47100257873535,"Unknown"
"7014851",371865,2025-09-09 11:40:23,43.1307144165039,-8.47093486785889,"Unknown"
"7014851",371865,2025-09-09 11:45:24,43.1305046081543,-8.47110271453857,"Unknown"
"7014851",371865,2025-09-09 11:50:26,43.1306037902832,-8.47108364105225,"Unknown"
"7014851",371865,2025-09-09 11:55:25,43.1323318481445,-8.47327995300293,"Unknown"
"7014851",371865,2025-09-09 12:00:25,43.132438659668,-8.4724645614624,"Unknown"
"7014851",371865,2025-09-09 12:05:25,43.1325874328613,-8.47257423400879,"Unknown"
"7014851",371865,2025-09-09 12:10:23,43.1323738098145,-8.47242450714111,"Unknown"
"7014851",371865,2025-09-09 12:15:59,43.1324577331543,-8.47249698638916,"Unknown"
"7014851",371865,2025-09-09 12:20:23,43.132438659668,-8.47256755828857,"Unknown"
"7014851",371865,2025-09-09 12:25:22,43.1324615478516,-8.47255706787109,"Unknown"
"7014851",371865,2025-09-09 12:30:23,43.1326217651367,-8.47266006469727,"Unknown"
"7014851",371865,2025-09-09 12:35:23,43.1327819824219,-8.47303676605225,"Unknown"
"7014851",371865,2025-09-09 12:40:24,43.1329765319824,-8.47352027893066,"Unknown"
"7014851",371865,2025-09-09 12:45:23,43.1317939758301,-8.47302532196045,"Unknown"
"7014851",371865,2025-09-09 12:50:23,43.1316719055176,-8.47218990325928,"Unknown"
"7014851",371865,2025-09-09 12:55:23,43.1131134033203,-8.48894882202148,"Unknown"
"7014851",371865,2025-09-09 13:00:23,43.0998268127441,-8.49934673309326,"Unknown"
"7014851",371865,2025-09-09 13:05:24,43.0998497009277,-8.49941158294678,"Unknown"
"7014851",371865,2025-09-09 13:10:24,43.1217613220215,-8.48270416259766,"Unknown"
"7014851",371865,2025-09-09 13:15:26,43.1300659179688,-8.46994018554688,"Unknown"
"7014851",371865,2025-09-09 13:20:23,43.1302070617676,-8.47015762329102,"Unknown"
"7014851",371865,2025-09-09 13:25:27,43.1300048828125,-8.4699764251709,"Unknown"
"7014851",371865,2025-09-09 13:30:23,43.1300430297852,-8.47019195556641,"Unknown"
"7014851",371865,2025-09-09 13:35:29,43.1298789978027,-8.4701099395752,"Unknown"
"7014851",371865,2025-09-09 13:40:25,43.1298942565918,-8.4700870513916,"Unknown"
"7014851",371865,2025-09-09 13:45:23,43.1297645568848,-8.46982574462891,"Unknown"
"7014851",371865,2025-09-09 13:50:24,43.1301116943359,-8.47025871276855,"Unknown"
"7014851",371865,2025-09-09 13:55:24,43.1300163269043,-8.47016525268555,"Unknown"
"7014851",371865,2025-09-09 14:00:44,43.1300277709961,-8.47016334533691,"Unknown"
"7014851",371865,2025-09-09 14:05:53,43.1299018859863,-8.46991920471191,"Unknown"
"7014851",371865,2025-09-09 14:10:24,43.1299095153809,-8.4700927734375,"Unknown"
"7014851",371865,2025-09-09 14:15:25,43.1298675537109,-8.47018814086914,"Unknown"
"7014851",371865,2025-09-09 14:20:23,43.1299171447754,-8.47027587890625,"Unknown"
"7014851",371865,2025-09-09 14:25:25,43.1299018859863,-8.47022533416748,"Unknown"
"7014851",371865,2025-09-09 14:30:21,43.1298065185547,-8.4702091217041,"Unknown"
"7014851",371865,2025-09-09 14:35:24,43.1299171447754,-8.47023487091064,"Unknown"
"7014851",371865,2025-09-09 14:40:25,43.1297645568848,-8.47016620635986,"Unknown"
"7014851",371865,2025-09-09 14:45:25,43.1297569274902,-8.47024440765381,"Unknown"
"7014851",371865,2025-09-09 14:50:22,43.1297264099121,-8.47027397155762,"Unknown"
"7014851",371865,2025-09-09 14:55:29,43.1297645568848,-8.47026443481445,"Unknown"
"7014851",371865,2025-09-09 15:00:24,43.1297302246094,-8.47025585174561,"Unknown"
"7014851",371865,2025-09-09 15:05:21,43.130558013916,-8.47092151641846,"Unknown"
"7014851",371865,2025-09-09 15:10:21,43.1304931640625,-8.4709529876709,"Unknown"
"7014851",371865,2025-09-09 15:15:44,43.1305656433105,-8.47108459472656,"Unknown"
"7014851",371865,2025-09-09 15:20:44,43.130500793457,-8.47106456756592,"Unknown"
"7014851",371865,2025-09-09 15:25:29,43.1305274963379,-8.4710636138916,"Unknown"
"7014851",371865,2025-09-09 15:30:57,43.1305122375488,-8.47109889984131,"Unknown"
"7014851",371865,2025-09-09 15:35:22,43.1295471191406,-8.47061061859131,"Unknown"
"7014851",371865,2025-09-09 15:40:23,43.1295585632324,-8.47059440612793,"Unknown"
"7014851",371865,2025-09-09 15:45:22,43.1296043395996,-8.4705810546875,"Unknown"
"7014851",371865,2025-09-09 15:50:22,43.1296615600586,-8.47071552276611,"Unknown"
"7014851",371865,2025-09-09 15:55:28,43.1296234130859,-8.47059726715088,"Unknown"
"7014851",371865,2025-09-09 16:00:22,43.1294441223145,-8.47037506103516,"Unknown"
"7014851",371865,2025-09-09 16:05:22,43.1297569274902,-8.47045803070068,"Unknown"
"7014851",371865,2025-09-09 16:10:23,43.1296920776367,-8.47043609619141,"Unknown"
"7014851",371865,2025-09-09 16:15:25,43.1295890808105,-8.4704475402832,"Unknown"
"7014851",371865,2025-09-09 16:20:28,43.1294021606445,-8.4705057144165,"Unknown"
"7014851",371865,2025-09-09 16:25:30,43.1296081542969,-8.47047233581543,"Unknown"
"7014851",371865,2025-09-09 16:30:22,43.1296272277832,-8.47037696838379,"Unknown"
"7014851",371865,2025-09-09 16:35:22,43.1296157836914,-8.47041797637939,"Unknown"
"7014851",371865,2025-09-09 16:40:27,43.1296691894531,-8.47043800354004,"Unknown"
"7014851",371865,2025-09-09 16:45:23,43.1297988891602,-8.47021770477295,"Unknown"
"7014851",371865,2025-09-09 16:50:25,43.1298065185547,-8.47022342681885,"Unknown"
"7014851",371865,2025-09-09 16:55:21,43.1298141479492,-8.47019290924072,"Unknown"
"7014851",371865,2025-09-09 17:00:22,43.1298217773438,-8.47008800506592,"Unknown"
"7014851",371865,2025-09-09 17:05:23,43.1298294067383,-8.47039794921875,"Unknown"
"7014851",371865,2025-09-09 17:10:22,43.1298675537109,-8.47011280059814,"Unknown"
"7014851",371865,2025-09-09 17:15:23,43.1298408508301,-8.4703540802002,"Unknown"
"7014851",371865,2025-09-09 17:20:30,43.1297988891602,-8.47034549713135,"Unknown"
"7014851",371865,2025-09-09 17:25:22,43.1297836303711,-8.47047805786133,"Unknown"
"7014851",371865,2025-09-09 17:30:23,43.1511459350586,-8.47344970703125,"Unknown"
"7014851",371865,2025-09-09 17:35:22,43.1900444030762,-8.45079326629639,"Unknown"
"7014851",371865,2025-09-09 17:40:22,43.2228240966797,-8.45594501495361,"Unknown"
"7014851",371865,2025-09-09 17:45:29,43.2550506591797,-8.44018363952637,"Unknown"
"7014851",371865,2025-09-09 17:50:31,43.287670135498,-8.40410327911377,"Unknown"
"7014851",371865,2025-09-09 17:55:22,43.3250732421875,-8.39276027679443,"Unknown"
"7014851",371865,2025-09-09 18:00:31,43.3587646484375,-8.39516639709473,"Unknown"
"7014851",371865,2025-09-09 18:05:24,43.360034942627,-8.40245246887207,"Unknown"
"7014851",371865,2025-09-09 18:10:33,43.3600425720215,-8.40252590179443,"Unknown"
"7014851",371865,2025-09-09 18:15:36,43.3600616455078,-8.40250015258789,"Unknown"
"7014851",371865,2025-09-09 18:20:30,43.3601417541504,-8.40250873565674,"Unknown"
"7014851",371865,2025-09-09 18:25:35,43.360107421875,-8.40259075164795,"Unknown"
"7014851",371865,2025-09-09 18:30:44,43.3601989746094,-8.40254592895508,"Unknown"
"7014851",371865,2025-09-09 18:35:21,43.3602485656738,-8.40256118774414,"Unknown"
"7014851",371865,2025-09-09 18:40:23,43.3603668212891,-8.40244102478027,"Unknown"
"7014851",371865,2025-09-09 18:45:29,43.3603515625,-8.40250205993652,"Unknown"
"7014851",371865,2025-09-09 18:50:29,43.3601188659668,-8.40247917175293,"Unknown"
"7014851",371865,2025-09-09 18:55:31,43.3600769042969,-8.40214729309082,"Unknown"
"7014851",371865,2025-09-09 19:00:29,43.360107421875,-8.40237045288086,"Unknown"
"7014851",371865,2025-09-09 19:05:25,43.3601951599121,-8.40242862701416,"Unknown"
"7014851",371865,2025-09-09 19:10:28,43.3600997924805,-8.40242385864258,"Unknown"
"7014851",371865,2025-09-09 19:16:05,43.3600234985352,-8.40247535705566,"Unknown"
"7014851",371865,2025-09-09 19:20:21,43.3600425720215,-8.40254306793213,"Unknown"
"7014851",371865,2025-09-09 19:25:21,43.3600425720215,-8.40245723724365,"Unknown"
"7014851",371865,2025-09-09 19:30:22,43.3642730712891,-8.40099430084229,"Unknown"
"7014851",371865,2025-09-09 19:35:21,43.3643074035645,-8.40080165863037,"Unknown"
"7014851",371865,2025-09-09 19:40:22,43.3642807006836,-8.40087795257568,"Unknown"
"7014851",371865,2025-09-09 19:45:22,43.3642730712891,-8.40091323852539,"Unknown"
"7014851",371865,2025-09-09 19:52:14,43.3642921447754,-8.4009485244751,"Unknown"
"7014851",371865,2025-09-09 19:57:13,43.3644714355469,-8.40072441101074,"Unknown"
"7014851",371865,2025-09-09 20:02:14,43.3643455505371,-8.40078449249268,"Unknown"
"7014851",371865,2025-09-09 20:07:15,43.3642578125,-8.40095901489258,"Unknown"
"7014851",371865,2025-09-09 20:12:21,43.3642768859863,-8.4009256362915,"Unknown"
"7014851",371865,2025-09-09 20:17:23,43.364387512207,-8.40092849731445,"Unknown"
"7014851",371865,2025-09-09 20:22:22,43.364574432373,-8.40078353881836,"Unknown"
"7014851",371865,2025-09-09 20:27:14,43.3643341064453,-8.40082359313965,"Unknown"
"7014851",371865,2025-09-09 20:32:15,43.3647193908691,-8.40097045898438,"Unknown"
"7014851",371865,2025-09-09 20:37:16,43.3644943237305,-8.40085220336914,"Unknown"
"7014851",371865,2025-09-09 20:42:16,43.3641967773438,-8.40082263946533,"Unknown"
"7014851",371865,2025-09-09 20:47:16,43.3645553588867,-8.40094661712646,"Unknown"
"7014851",371865,2025-09-09 20:52:19,43.3643264770508,-8.40087985992432,"Unknown"
"7014851",371865,2025-09-09 20:57:22,43.3642921447754,-8.40086078643799,"Unknown"
"7014851",371865,2025-09-09 21:02:13,43.3643684387207,-8.40088081359863,"Unknown"
"7014851",371865,2025-09-09 21:07:14,43.3644981384277,-8.40076923370361,"Unknown"
"7014851",371865,2025-09-09 21:12:19,43.3642654418945,-8.40084171295166,"Unknown"
"7014851",371865,2025-09-09 21:17:14,43.3644790649414,-8.40101528167725,"Unknown"
"7014851",371865,2025-09-09 21:22:17,43.3643074035645,-8.40095710754395,"Unknown"
"7014851",371865,2025-09-09 21:27:17,43.3643646240234,-8.4009952545166,"Unknown"
"7014851",371865,2025-09-09 21:32:17,43.3642616271973,-8.40088939666748,"Unknown"
"7014851",371865,2025-09-09 21:37:18,43.3644561767578,-8.40108108520508,"Unknown"
"7014851",371865,2025-09-09 21:42:21,43.364185333252,-8.40081024169922,"Unknown"
"7014851",371865,2025-09-09 21:47:17,43.364086151123,-8.40065956115723,"Unknown"
"7014851",371865,2025-09-09 21:52:15,43.3640480041504,-8.40067291259766,"Unknown"
"7014851",371865,2025-09-09 21:57:16,43.3617897033691,-8.39847946166992,"Unknown"
"7014851",371865,2025-09-09 22:02:35,43.3643989562988,-8.40098285675049,"Unknown"
"7014851",371865,2025-09-09 22:07:17,43.3642501831055,-8.40092468261719,"Unknown"
"7014851",371865,2025-09-09 22:12:17,43.3640556335449,-8.40065956115723,"Unknown"
"7014851",371865,2025-09-09 22:17:17,43.3638725280762,-8.40054512023926,"Unknown"
"7014851",371865,2025-09-09 22:22:24,43.3641090393066,-8.40077781677246,"Unknown"
"7014851",371865,2025-09-09 22:27:25,43.364387512207,-8.40100479125977,"Unknown"
"7014851",371865,2025-09-09 22:32:24,43.364387512207,-8.40103149414062,"Unknown"
"7014851",371865,2025-09-09 22:37:19,43.3643226623535,-8.40101623535156,"Unknown"
"7014851",371865,2025-09-09 22:42:18,43.3648490905762,-8.40142059326172,"Unknown"
"7014851",371865,2025-09-09 22:47:24,43.3635368347168,-8.40127849578857,"Unknown"
"7014851",371865,2025-09-09 22:52:35,43.3642768859863,-8.4010763168335,"Unknown"
"7014851",371865,2025-09-09 22:57:22,43.3643188476562,-8.40102100372314,"Unknown"
"7014851",371865,2025-09-09 23:02:24,43.3643226623535,-8.40104579925537,"Unknown"
"7014851",371865,2025-09-09 23:07:24,43.3642921447754,-8.40103244781494,"Unknown"
"7014851",371865,2025-09-09 23:12:24,43.3645896911621,-8.40115356445312,"Unknown"
"7014851",371865,2025-09-09 23:17:24,43.3643417358398,-8.40106391906738,"Unknown"
"7014851",371865,2025-09-09 23:22:24,43.364387512207,-8.40094566345215,"Unknown"
"7014851",371865,2025-09-09 23:27:22,43.3644065856934,-8.40077495574951,"Unknown"
"7014851",371865,2025-09-09 23:32:21,43.3644104003906,-8.40078544616699,"Unknown"
"7014851",371865,2025-09-09 23:37:22,43.364387512207,-8.40076446533203,"Unknown"
"7014851",371865,2025-09-09 23:42:25,43.3644332885742,-8.40069007873535,"Unknown"
"7014851",371865,2025-09-09 23:47:26,43.3644828796387,-8.40058517456055,"Unknown"
"7014851",371865,2025-09-09 23:52:18,43.3646926879883,-8.4005069732666,"Unknown"
"7014851",371865,2025-09-09 23:57:18,43.3647499084473,-8.40056896209717,"Unknown"
"7014851",371865,2025-09-10 00:03:05,43.3642807006836,-8.40100765228271,"Unknown"
"7014851",371865,2025-09-10 00:07:13,43.3643531799316,-8.40082550048828,"Unknown"
"7014851",371865,2025-09-10 00:12:16,43.3643112182617,-8.40143299102783,"Unknown"
"7014851",371865,2025-09-10 00:17:13,43.3642845153809,-8.40134429931641,"Unknown"
"7014851",371865,2025-09-10 00:22:15,43.3642730712891,-8.40144348144531,"Unknown"
"7014851",371865,2025-09-10 00:27:17,43.3643035888672,-8.40154457092285,"Unknown"
"7014851",371865,2025-09-10 00:32:16,43.3643188476562,-8.40157794952393,"Unknown"
"7014851",371865,2025-09-10 00:37:17,43.3642807006836,-8.40144920349121,"Unknown"
"7014851",371865,2025-09-10 00:42:16,43.3642311096191,-8.40163707733154,"Unknown"
"7014851",371865,2025-09-10 00:47:20,43.3642921447754,-8.40159511566162,"Unknown"
"7014851",371865,2025-09-10 00:52:25,43.3643989562988,-8.4013786315918,"Unknown"
"7014851",371865,2025-09-10 00:57:19,43.3645057678223,-8.40163230895996,"Unknown"
"7014851",371865,2025-09-10 01:02:16,43.364372253418,-8.40121650695801,"Unknown"
"7014851",371865,2025-09-10 01:07:44,43.3643798828125,-8.40143966674805,"Unknown"
"7014851",371865,2025-09-10 01:12:15,43.3643455505371,-8.40153217315674,"Unknown"
"7014851",371865,2025-09-10 01:17:23,43.3647079467773,-8.40079689025879,"Unknown"
"7014851",371865,2025-09-10 01:22:25,43.3642539978027,-8.4017219543457,"Unknown"
"7014851",371865,2025-09-10 01:27:16,43.3642578125,-8.40135860443115,"Unknown"
"7014851",371865,2025-09-10 01:32:18,43.3644409179688,-8.40213108062744,"Unknown"
"7014851",371865,2025-09-10 01:37:19,43.3645286560059,-8.40174007415771,"Unknown"
"7014851",371865,2025-09-10 01:42:25,43.3643112182617,-8.40208721160889,"Unknown"
"7014851",371865,2025-09-10 01:47:35,43.3643341064453,-8.40162372589111,"Unknown"
"7014851",371865,2025-09-10 01:52:18,43.364429473877,-8.4015645980835,"Unknown"
"7014851",371865,2025-09-10 01:57:20,43.3643760681152,-8.40158843994141,"Unknown"
"7014851",371865,2025-09-10 02:02:26,43.3643264770508,-8.4016170501709,"Unknown"
"7014851",371865,2025-09-10 02:07:24,43.3644065856934,-8.40159511566162,"Unknown"
"7014851",371865,2025-09-10 02:12:18,43.3643455505371,-8.40162754058838,"Unknown"
"7014851",371865,2025-09-10 02:17:16,43.3643531799316,-8.4016170501709,"Unknown"
"7014851",371865,2025-09-10 02:22:15,43.3643836975098,-8.40158176422119,"Unknown"
"7014851",371865,2025-09-10 02:27:14,43.3643951416016,-8.4015645980835,"Unknown"
"7014851",371865,2025-09-10 02:32:16,43.3643417358398,-8.40161895751953,"Unknown"
"7014851",371865,2025-09-10 02:37:19,43.364429473877,-8.40156173706055,"Unknown"
"7014851",371865,2025-09-10 02:42:17,43.3643379211426,-8.40157699584961,"Unknown"
"7014851",371865,2025-09-10 02:47:18,43.3645133972168,-8.4015645980835,"Unknown"
"7014851",371865,2025-09-10 02:52:18,43.3644142150879,-8.40164470672607,"Unknown"
"7014851",371865,2025-09-10 02:57:18,43.364372253418,-8.4015998840332,"Unknown"
"7014851",371865,2025-09-10 03:02:19,43.3643760681152,-8.4015941619873,"Unknown"
"7014851",371865,2025-09-10 03:07:18,43.3643760681152,-8.40160655975342,"Unknown"
"7014851",371865,2025-09-10 03:12:20,43.3642807006836,-8.40163040161133,"Unknown"
"7014851",371865,2025-09-10 03:17:22,43.3642654418945,-8.401611328125,"Unknown"
"7014851",371865,2025-09-10 03:22:44,43.3641014099121,-8.40155410766602,"Unknown"
"7014851",371865,2025-09-10 03:27:14,43.3644828796387,-8.40182495117188,"Unknown"
"7014851",371865,2025-09-10 03:32:20,43.3644218444824,-8.4016227722168,"Unknown"
"7014851",371865,2025-09-10 03:37:20,43.3627281188965,-8.40087604522705,"Unknown"
"7014851",371865,2025-09-10 03:42:41,43.3644752502441,-8.4016809463501,"Unknown"
"7014851",371865,2025-09-10 03:47:14,43.3642044067383,-8.40161037445068,"Unknown"
"7014851",371865,2025-09-10 03:52:17,43.3649368286133,-8.40173435211182,"Unknown"
"7014851",371865,2025-09-10 03:57:18,43.364315032959,-8.40167713165283,"Unknown"
"7014851",371865,2025-09-10 04:02:15,43.3643074035645,-8.40166091918945,"Unknown"
"7014851",371865,2025-09-10 04:07:17,43.3641242980957,-8.40162658691406,"Unknown"
"7014851",371865,2025-09-10 04:12:26,43.3644905090332,-8.40150260925293,"Unknown"
"7014851",371865,2025-09-10 04:17:25,43.364574432373,-8.40157794952393,"Unknown"
"7014851",371865,2025-09-10 04:22:22,43.3647270202637,-8.4016170501709,"Unknown"
"7014851",371865,2025-09-10 04:27:48,43.3639869689941,-8.40199661254883,"Unknown"
"7014851",371865,2025-09-10 04:32:34,43.3643379211426,-8.40168571472168,"Unknown"
"7014851",371865,2025-09-10 04:37:44,43.3642959594727,-8.40170478820801,"Unknown"
"7014851",371865,2025-09-10 04:42:21,43.3642959594727,-8.40173244476318,"Unknown"
"7014851",371865,2025-09-10 04:47:17,43.3628196716309,-8.4023494720459,"Unknown"
"7014851",371865,2025-09-10 04:52:18,43.3640022277832,-8.40198802947998,"Unknown"
"7014851",371865,2025-09-10 04:57:16,43.3643531799316,-8.40185737609863,"Unknown"
"7014851",371865,2025-09-10 05:02:23,43.3642807006836,-8.40193939208984,"Unknown"
"7014851",371865,2025-09-10 05:07:15,43.3655052185059,-8.41782569885254,"Unknown"
"7014851",371865,2025-09-10 05:12:14,43.3840789794922,-8.44018840789795,"Unknown"
"7014851",371865,2025-09-10 05:17:13,43.379264831543,-8.45806694030762,"Unknown"
"7014851",371865,2025-09-10 05:22:17,43.3758773803711,-8.46276378631592,"Unknown"
"7014851",371865,2025-09-10 05:27:18,43.3762512207031,-8.46312618255615,"Unknown"
"7014851",371865,2025-09-10 05:32:53,43.3747863769531,-8.46446514129639,"Unknown"
"7014851",371865,2025-09-10 05:37:15,43.3745880126953,-8.46506404876709,"Unknown"
"7014851",371865,2025-09-10 05:42:14,43.3744506835938,-8.46586513519287,"Unknown"
"7014851",371865,2025-09-10 05:47:13,43.3743934631348,-8.46656703948975,"Unknown"
"7014851",371865,2025-09-10 05:52:14,43.374095916748,-8.46720027923584,"Unknown"
"7014851",371865,2025-09-10 05:57:12,43.3633155822754,-8.47317600250244,"Unknown"
"7014851",371865,2025-09-10 06:02:23,43.3557243347168,-8.49030685424805,"Unknown"
"7014851",371865,2025-09-10 06:07:29,43.3450622558594,-8.5015926361084,"Unknown"
"7014851",371865,2025-09-10 06:12:35,43.3321762084961,-8.50691509246826,"Unknown"
"7014851",371865,2025-09-10 06:17:13,43.3321189880371,-8.50711536407471,"Unknown"
"7014851",371865,2025-09-10 06:22:13,43.3323516845703,-8.50716972351074,"Unknown"
"7014851",371865,2025-09-10 06:27:12,43.3322143554688,-8.5072078704834,"Unknown"
"7014851",371865,2025-09-10 06:32:12,43.332202911377,-8.50716400146484,"Unknown"
"7014851",371865,2025-09-10 06:37:15,43.3322448730469,-8.50717353820801,"Unknown"
"7014851",371865,2025-09-10 06:42:12,43.3318557739258,-8.50717544555664,"Unknown"
"7014851",371865,2025-09-10 06:47:12,43.3321723937988,-8.50717258453369,"Unknown"
"7014851",371865,2025-09-10 06:52:24,43.3322486877441,-8.50721168518066,"Unknown"
"7014851",371865,2025-09-10 06:57:21,43.3318481445312,-8.50853633880615,"Unknown"
"7014851",371865,2025-09-10 07:02:13,43.3277168273926,-8.50796127319336,"Unknown"
"7014851",371865,2025-09-10 07:07:13,43.332088470459,-8.5073766708374,"Unknown"
"7014851",371865,2025-09-10 07:12:15,43.332202911377,-8.50747776031494,"Unknown"
"7014851",371865,2025-09-10 07:17:15,43.3320732116699,-8.50729560852051,"Unknown"
"7014851",371865,2025-09-10 07:22:41,43.3320655822754,-8.50743675231934,"Unknown"
"7014851",371865,2025-09-10 07:27:14,43.3314895629883,-8.50799560546875,"Unknown"
"7014851",371865,2025-09-10 07:32:15,43.3315010070801,-8.50774478912354,"Unknown"
"7014851",371865,2025-09-10 07:37:12,43.3314323425293,-8.50770282745361,"Unknown"
"7014851",371865,2025-09-10 07:42:12,43.3312492370605,-8.50768184661865,"Unknown"
"7014851",371865,2025-09-10 07:47:35,43.3315544128418,-8.50768089294434,"Unknown"
"7014851",371865,2025-09-10 07:52:24,43.3315505981445,-8.50768280029297,"Unknown"
"7014851",371865,2025-09-10 07:57:22,43.3315467834473,-8.50770378112793,"Unknown"
"7014851",371865,2025-09-10 08:02:16,43.3315887451172,-8.50770568847656,"Unknown"
"7014851",371865,2025-09-10 08:07:31,43.3314743041992,-8.50760746002197,"Unknown"
"7014851",371865,2025-09-10 08:12:13,43.331413269043,-8.50760746002197,"Unknown"
"7014851",371865,2025-09-10 08:17:13,43.3314018249512,-8.50765228271484,"Unknown"
"7014851",371865,2025-09-10 08:22:15,43.3313674926758,-8.5075159072876,"Unknown"
"7014851",371865,2025-09-10 08:27:13,43.331428527832,-8.50753498077393,"Unknown"
"7014851",371865,2025-09-10 08:32:12,43.3315162658691,-8.50763893127441,"Unknown"
"7014851",371865,2025-09-10 08:37:13,43.3258209228516,-8.50893115997314,"Unknown"
"7014851",371865,2025-09-10 08:42:12,43.3278312683105,-8.51233386993408,"Unknown"
"7014851",371865,2025-09-10 08:47:19,43.3287353515625,-8.51241207122803,"Unknown"
"7014851",371865,2025-09-10 08:52:14,43.3285942077637,-8.51237201690674,"Unknown"
"7014851",371865,2025-09-10 08:57:14,43.3284683227539,-8.51198673248291,"Unknown"
"7014851",371865,2025-09-10 09:02:30,43.3283729553223,-8.51205635070801,"Unknown"
"7014851",371865,2025-09-10 09:07:26,43.3283653259277,-8.51204299926758,"Unknown"
"7014851",371865,2025-09-10 09:12:26,43.3283348083496,-8.51204967498779,"Unknown"
"7014851",371865,2025-09-10 09:17:44,43.3283462524414,-8.51212596893311,"Unknown"
"7014851",371865,2025-09-10 09:22:14,43.3284568786621,-8.5122013092041,"Unknown"
"7014851",371865,2025-09-10 09:27:15,43.3283424377441,-8.51207637786865,"Unknown"
"7014851",371865,2025-09-10 09:32:13,43.3283538818359,-8.51206588745117,"Unknown"
"7014851",371865,2025-09-10 09:37:17,43.328254699707,-8.5120849609375,"Unknown"
"7014851",371865,2025-09-10 09:42:35,43.3285827636719,-8.51242256164551,"Unknown"
"7014851",371865,2025-09-10 09:47:12,43.3286170959473,-8.51246070861816,"Unknown"
"7014851",371865,2025-09-10 09:52:12,43.3286247253418,-8.51236915588379,"Unknown"
"7014851",371865,2025-09-10 09:57:12,43.3286437988281,-8.51231575012207,"Unknown"
"7014851",371865,2025-09-10 10:02:12,43.3286056518555,-8.5123291015625,"Unknown"
"7014851",371865,2025-09-10 10:07:12,43.3286323547363,-8.51232242584229,"Unknown"
"7014851",371865,2025-09-10 10:12:12,43.3286323547363,-8.51233768463135,"Unknown"
"7014851",371865,2025-09-10 10:17:13,43.3283538818359,-8.51209926605225,"Unknown"
"7014851",371865,2025-09-10 10:22:12,43.3282203674316,-8.51237678527832,"Unknown"
"7014851",371865,2025-09-10 10:27:12,43.3279190063477,-8.51262283325195,"Unknown"
"7014851",371865,2025-09-10 10:32:15,43.3286895751953,-8.51252269744873,"Unknown"
"7014851",371865,2025-09-10 10:37:12,43.328685760498,-8.51259708404541,"Unknown"
"7014851",371865,2025-09-10 10:42:12,43.3294830322266,-8.51183986663818,"Unknown"
"7014851",371865,2025-09-10 10:47:15,43.3295631408691,-8.51176929473877,"Unknown"
"7014851",371865,2025-09-10 10:52:44,43.3294792175293,-8.51176738739014,"Unknown"
"7014851",371865,2025-09-10 10:57:12,43.3303260803223,-8.51186847686768,"Unknown"
"7014851",371865,2025-09-10 11:02:12,43.3304061889648,-8.51187038421631,"Unknown"
"7014851",371865,2025-09-10 11:07:19,43.3311500549316,-8.51037406921387,"Unknown"
"7014851",371865,2025-09-10 11:12:12,43.3285217285156,-8.51122188568115,"Unknown"
"7014851",371865,2025-09-10 11:17:13,43.3184242248535,-8.52997303009033,"Unknown"
"7014851",371865,2025-09-10 11:22:15,43.312873840332,-8.5428991317749,"Unknown"
"7014851",371865,2025-09-10 11:27:18,43.3129463195801,-8.54300880432129,"Unknown"
"7014851",371865,2025-09-10 11:32:16,43.3129081726074,-8.54291343688965,"Unknown"
"7014851",371865,2025-09-10 11:37:15,43.312858581543,-8.54303455352783,"Unknown"
"7014851",371865,2025-09-10 11:42:12,43.312915802002,-8.54313468933105,"Unknown"
"7014851",371865,2025-09-10 11:47:35,43.312931060791,-8.54312419891357,"Unknown"
"7014851",371865,2025-09-10 11:52:12,43.3129615783691,-8.54321098327637,"Unknown"
"7014851",371865,2025-09-10 11:57:13,43.3129768371582,-8.54310989379883,"Unknown"
"7014851",371865,2025-09-10 12:02:13,43.3101806640625,-8.54131126403809,"Unknown"
"7014851",371865,2025-09-10 12:07:12,43.2920837402344,-8.54252815246582,"Unknown"
"7014851",371865,2025-09-10 12:12:13,43.2677726745605,-8.53974056243896,"Unknown"
"7014851",371865,2025-09-10 12:17:14,43.2427711486816,-8.53807258605957,"Unknown"
"7014851",371865,2025-09-10 12:22:15,43.2040748596191,-8.51627159118652,"Unknown"
"7014851",371865,2025-09-10 12:27:13,43.1715812683105,-8.48734092712402,"Unknown"
"7014851",371865,2025-09-10 12:32:17,43.143310546875,-8.47840785980225,"Unknown"
"7014851",371865,2025-09-10 12:37:24,43.1291999816895,-8.46999263763428,"Unknown"
"7014851",371865,2025-09-10 12:42:15,43.1291847229004,-8.47006797790527,"Unknown"
"7014851",371865,2025-09-10 12:47:16,43.129940032959,-8.4702615737915,"Unknown"
"7014851",371865,2025-09-10 12:52:33,43.1298828125,-8.47025394439697,"Unknown"
"7014851",371865,2025-09-10 12:57:21,43.1299934387207,-8.4702730178833,"Unknown"
"7014851",371865,2025-09-10 13:02:59,43.1301765441895,-8.47030067443848,"Unknown"
"7014851",371865,2025-09-10 13:07:14,43.1299171447754,-8.47043323516846,"Unknown"
"7014851",371865,2025-09-10 13:12:13,43.1298332214355,-8.47030735015869,"Unknown"
"7014851",371865,2025-09-10 13:17:13,43.1298370361328,-8.47063255310059,"Unknown"
"7014851",371865,2025-09-10 13:22:44,43.1299095153809,-8.47027969360352,"Unknown"
"7014851",371865,2025-09-10 13:27:17,43.1299018859863,-8.47031593322754,"Unknown"
"7014851",371865,2025-09-10 13:32:12,43.1299209594727,-8.4701976776123,"Unknown"
"7014851",371865,2025-09-10 13:37:12,43.1298789978027,-8.47027206420898,"Unknown"
"7014851",371865,2025-09-10 13:42:12,43.1299209594727,-8.47023868560791,"Unknown"
"7014851",371865,2025-09-10 13:47:15,43.1298713684082,-8.470383644104,"Unknown"
"7014851",371865,2025-09-10 13:52:17,43.1298828125,-8.47041511535645,"Unknown"
"7014851",371865,2025-09-10 13:57:18,43.1296195983887,-8.46939945220947,"Unknown"
"7014851",371865,2025-09-10 14:02:26,43.1299324035645,-8.47036075592041,"Unknown"
"7014851",371865,2025-09-10 14:07:16,43.130802154541,-8.47207260131836,"Unknown"
"7014851",371865,2025-09-10 14:12:23,43.1304664611816,-8.47106170654297,"Unknown"
"7014851",371865,2025-09-10 14:17:24,43.1304931640625,-8.47097110748291,"Unknown"
"7014851",371865,2025-09-10 14:22:17,43.1306190490723,-8.47133255004883,"Unknown"
"7014851",371865,2025-09-10 14:27:14,43.1307411193848,-8.4712028503418,"Unknown"
"7014851",371865,2025-09-10 14:32:15,43.1306381225586,-8.47108936309814,"Unknown"
"7014851",371865,2025-09-10 14:37:13,43.1306495666504,-8.4711332321167,"Unknown"
"7014851",371865,2025-09-10 14:42:14,43.1305961608887,-8.47094345092773,"Unknown"
"7014851",371865,2025-09-10 14:47:13,43.1307144165039,-8.47121334075928,"Unknown"
"7014851",371865,2025-09-10 14:52:15,43.1331405639648,-8.4699068069458,"Unknown"
"7014851",371865,2025-09-10 14:57:14,43.132869720459,-8.46902751922607,"Unknown"
"7014851",371865,2025-09-10 15:02:14,43.1330108642578,-8.46919631958008,"Unknown"
"7014851",371865,2025-09-10 15:07:14,43.1328468322754,-8.46906089782715,"Unknown"
"7014851",371865,2025-09-10 15:12:12,43.1329498291016,-8.46921539306641,"Unknown"
"7014851",371865,2025-09-10 15:17:26,43.1330528259277,-8.46934223175049,"Unknown"
"7014851",371865,2025-09-10 15:22:17,43.1330909729004,-8.46927928924561,"Unknown"
"7014851",371865,2025-09-10 15:27:18,43.1330642700195,-8.46920585632324,"Unknown"
"7014851",371865,2025-09-10 15:32:28,43.1330909729004,-8.46918773651123,"Unknown"
"7014851",371865,2025-09-10 15:37:16,43.1330871582031,-8.46932888031006,"Unknown"
"7014851",371865,2025-09-10 15:42:35,43.1330337524414,-8.46927833557129,"Unknown"
"7014851",371865,2025-09-10 15:47:16,43.1299476623535,-8.47006225585938,"Unknown"
"7014851",371865,2025-09-10 15:52:15,43.1299095153809,-8.4701042175293,"Unknown"
"7014851",371865,2025-09-10 15:57:15,43.1298179626465,-8.46998691558838,"Unknown"
"7014851",371865,2025-09-10 16:02:14,43.1299133300781,-8.47014617919922,"Unknown"
"7014851",371865,2025-09-10 16:07:16,43.129810333252,-8.46997833251953,"Unknown"
"7014851",371865,2025-09-10 16:12:15,43.1297264099121,-8.47006225585938,"Unknown"
"7014851",371865,2025-09-10 16:17:25,43.1298179626465,-8.46999454498291,"Unknown"
"7014851",371865,2025-09-10 16:22:26,43.1298599243164,-8.4700927734375,"Unknown"
"7014851",371865,2025-09-10 16:27:26,43.1298713684082,-8.47023105621338,"Unknown"
"7014851",371865,2025-09-10 16:32:26,43.1298866271973,-8.47022342681885,"Unknown"
"7014851",371865,2025-09-10 16:37:35,43.1299018859863,-8.47026062011719,"Unknown"
"7014851",371865,2025-09-10 16:42:13,43.129955291748,-8.47024154663086,"Unknown"
"7014851",371865,2025-09-10 16:47:12,43.1299476623535,-8.47026634216309,"Unknown"
"7014851",371865,2025-09-10 16:52:13,43.129955291748,-8.47024059295654,"Unknown"
"7014851",371865,2025-09-10 16:57:15,43.1300086975098,-8.47033977508545,"Unknown"
"7014851",371865,2025-09-10 17:02:13,43.129955291748,-8.47027206420898,"Unknown"
"7014851",371865,2025-09-10 17:07:16,43.1299171447754,-8.47029304504395,"Unknown"
"7014851",371865,2025-09-10 17:12:12,43.1300010681152,-8.47018623352051,"Unknown"
"7014851",371865,2025-09-10 17:17:12,43.1323394775391,-8.46852588653564,"Unknown"
"7014851",371865,2025-09-10 17:22:12,43.1580047607422,-8.46152782440186,"Unknown"
"7014851",371865,2025-09-10 17:27:14,43.1660423278809,-8.44570827484131,"Unknown"
"7014851",371865,2025-09-10 17:32:20,43.1931610107422,-8.4234447479248,"Unknown"
"7014851",371865,2025-09-10 17:37:15,43.2143058776855,-8.40548038482666,"Unknown"
"7014851",371865,2025-09-10 17:42:12,43.2466049194336,-8.39198970794678,"Unknown"
"7014851",371865,2025-09-10 17:47:19,43.2786140441895,-8.38860034942627,"Unknown"
"7014851",371865,2025-09-10 17:52:35,43.310375213623,-8.38083648681641,"Unknown"
"7014851",371865,2025-09-10 17:57:12,43.3313789367676,-8.38835620880127,"Unknown"
"7014851",371865,2025-09-10 18:02:44,43.3582763671875,-8.39410781860352,"Unknown"
"7014851",371865,2025-09-10 18:07:17,43.3580436706543,-8.39388942718506,"Unknown"
"7014851",371865,2025-09-10 18:12:17,43.3583793640137,-8.3942346572876,"Unknown"
"7014851",371865,2025-09-10 18:17:16,43.3583183288574,-8.39418888092041,"Unknown"
"7014851",371865,2025-09-10 18:22:15,43.3594017028809,-8.39518928527832,"Unknown"
"7014851",371865,2025-09-10 18:27:13,43.3644638061523,-8.40209102630615,"Unknown"
"7014851",371865,2025-09-10 18:32:13,43.3642082214355,-8.40180969238281,"Unknown"
"7014851",371865,2025-09-10 18:37:13,43.3643455505371,-8.40197467803955,"Unknown"
"7014851",371865,2025-09-10 18:42:14,43.3645706176758,-8.40221977233887,"Unknown"
"7014851",371865,2025-09-10 18:48:23,43.3644027709961,-8.40202522277832,"Unknown"
"7014851",371865,2025-09-10 18:52:12,43.3643417358398,-8.40194797515869,"Unknown"
"7014851",371865,2025-09-10 18:57:13,43.3643493652344,-8.40197849273682,"Unknown"
"7014851",371865,2025-09-10 19:02:12,43.364372253418,-8.40200996398926,"Unknown"
"7014851",371865,2025-09-10 19:07:12,43.3643226623535,-8.40190410614014,"Unknown"
"7014851",371865,2025-09-10 19:12:13,43.3643951416016,-8.40219879150391,"Unknown"
"7014851",371865,2025-09-10 19:17:13,43.3644180297852,-8.40201377868652,"Unknown"
"7014851",371865,2025-09-10 19:22:20,43.3610992431641,-8.40316486358643,"Unknown"
"7014851",371865,2025-09-10 19:27:17,43.361213684082,-8.40328884124756,"Unknown"
"7014851",371865,2025-09-10 19:32:18,43.3613128662109,-8.4032564163208,"Unknown"
"7014851",371865,2025-09-10 19:37:16,43.3612480163574,-8.40330982208252,"Unknown"
"7014851",371865,2025-09-10 19:42:16,43.3611488342285,-8.40350246429443,"Unknown"
"7014851",371865,2025-09-10 19:47:25,43.3612098693848,-8.40317249298096,"Unknown"
"7014851",371865,2025-09-10 19:52:17,43.361213684082,-8.40311717987061,"Unknown"
"7014851",371865,2025-09-10 19:57:24,43.3612289428711,-8.40311717987061,"Unknown"
"7014851",371865,2025-09-10 20:02:14,43.3612174987793,-8.40323543548584,"Unknown"
"7014851",371865,2025-09-10 20:07:35,43.3587112426758,-8.3942813873291,"Unknown"
"7014851",371865,2025-09-10 20:12:35,43.3583717346191,-8.39395332336426,"Unknown"
"7014851",371865,2025-09-10 20:17:11,43.3583488464355,-8.39392948150635,"Unknown"
"7014851",371865,2025-09-10 20:22:11,43.3583374023438,-8.39383888244629,"Unknown"
"7014851",371865,2025-09-10 20:27:11,43.3583717346191,-8.39388751983643,"Unknown"
"7014851",371865,2025-09-10 20:32:11,43.3583984375,-8.39396572113037,"Unknown"
"7014851",371865,2025-09-10 20:37:11,43.358341217041,-8.39390850067139,"Unknown"
"7014851",371865,2025-09-10 20:42:11,43.3583183288574,-8.39387989044189,"Unknown"
"7014851",371865,2025-09-10 20:47:11,43.3583488464355,-8.39384460449219,"Unknown"
"7014851",371865,2025-09-10 20:52:11,43.3584060668945,-8.39396286010742,"Unknown"
"7014851",371865,2025-09-10 20:57:11,43.3583374023438,-8.39387226104736,"Unknown"
"7014851",371865,2025-09-10 21:02:12,43.3583831787109,-8.39390754699707,"Unknown"
"7014851",371865,2025-09-10 21:07:33,43.3584175109863,-8.39397048950195,"Unknown"
"7014851",371865,2025-09-10 21:12:13,43.3584251403809,-8.39387130737305,"Unknown"
"7014851",371865,2025-09-10 21:17:12,43.3589820861816,-8.39392375946045,"Unknown"
"7014851",371865,2025-09-10 21:22:15,43.3588180541992,-8.39458084106445,"Unknown"
"7014851",371865,2025-09-10 21:27:44,43.3588790893555,-8.39466762542725,"Unknown"
"7014851",371865,2025-09-10 21:32:12,43.3588485717773,-8.39487648010254,"Unknown"
"7014851",371865,2025-09-10 21:37:12,43.3587188720703,-8.39454746246338,"Unknown"
"7014851",371865,2025-09-10 21:42:12,43.3585166931152,-8.39494609832764,"Unknown"
"7014851",371865,2025-09-10 21:47:35,43.3587379455566,-8.39469528198242,"Unknown"
"7014851",371865,2025-09-10 21:52:12,43.3588714599609,-8.39476203918457,"Unknown"
"7014851",371865,2025-09-10 21:57:13,43.3582534790039,-8.39303207397461,"Unknown"
"7014851",371865,2025-09-10 22:02:35,43.3586196899414,-8.39327907562256,"Unknown"
"7014851",371865,2025-09-10 22:07:11,43.3585777282715,-8.39331245422363,"Unknown"
"7014851",371865,2025-09-10 22:12:12,43.358772277832,-8.39310646057129,"Unknown"
"7014851",371865,2025-09-10 22:17:12,43.3586730957031,-8.39314651489258,"Unknown"
"7014851",371865,2025-09-10 22:22:12,43.3587951660156,-8.39304733276367,"Unknown"
"7014851",371865,2025-09-10 22:27:11,43.3583717346191,-8.39344787597656,"Unknown"
"7014851",371865,2025-09-10 22:32:12,43.3585815429688,-8.39315605163574,"Unknown"
"7014851",371865,2025-09-10 22:37:12,43.358585357666,-8.39317512512207,"Unknown"
"7014851",371865,2025-09-10 22:42:15,43.3600997924805,-8.39276790618896,"Unknown"
"7014851",371865,2025-09-10 22:47:13,43.3587493896484,-8.3943977355957,"Unknown"
"7014851",371865,2025-09-10 22:52:19,43.3587303161621,-8.39454460144043,"Unknown"
"7014851",371865,2025-09-10 22:57:13,43.3587532043457,-8.39430141448975,"Unknown"
"7014851",371865,2025-09-10 23:02:16,43.3587799072266,-8.3944206237793,"Unknown"
"7014851",371865,2025-09-10 23:07:12,43.3583946228027,-8.39479160308838,"Unknown"
"7014851",371865,2025-09-10 23:12:16,43.3589096069336,-8.39418601989746,"Unknown"
"7014851",371865,2025-09-10 23:17:17,43.3587265014648,-8.3942756652832,"Unknown"
"7014851",371865,2025-09-10 23:22:12,43.3587112426758,-8.39440155029297,"Unknown"
"7014851",371865,2025-09-10 23:27:14,43.3587608337402,-8.39436435699463,"Unknown"
"7014851",371865,2025-09-10 23:32:11,43.3586692810059,-8.39445686340332,"Unknown"
"7014851",371865,2025-09-10 23:37:11,43.3586502075195,-8.39445304870605,"Unknown"
"7014851",371865,2025-09-10 23:42:11,43.3586692810059,-8.39450168609619,"Unknown"
"7014851",371865,2025-09-10 23:47:11,43.3587036132812,-8.39445686340332,"Unknown"
"7014851",371865,2025-09-10 23:52:11,43.358699798584,-8.39445400238037,"Unknown"
"7014851",371865,2025-09-10 23:57:11,43.3587379455566,-8.39437198638916,"Unknown"
"7014851",371865,2025-09-11 00:02:34,43.3587493896484,-8.39445686340332,"Unknown"
"7014851",371865,2025-09-11 00:07:11,43.3587226867676,-8.39453506469727,"Unknown"
"7014851",371865,2025-09-11 00:12:11,43.3587188720703,-8.39461708068848,"Unknown"
"7014851",371865,2025-09-11 00:17:11,43.3585319519043,-8.39426136016846,"Unknown"
"7014851",371865,2025-09-11 00:22:11,43.3586502075195,-8.39434909820557,"Unknown"
"7014851",371865,2025-09-11 00:27:11,43.3585357666016,-8.3943452835083,"Unknown"
"7014851",371865,2025-09-11 00:32:12,43.3585586547852,-8.39427185058594,"Unknown"
"7014851",371865,2025-09-11 00:37:15,43.3584213256836,-8.39438915252686,"Unknown"
"7014851",371865,2025-09-11 00:42:35,43.3606262207031,-8.40283012390137,"Unknown"
"7014851",371865,2025-09-11 00:47:14,43.3603401184082,-8.40254306793213,"Unknown"
"7014851",371865,2025-09-11 00:52:14,43.3603515625,-8.40256977081299,"Unknown"
"7014851",371865,2025-09-11 00:57:25,43.3644371032715,-8.40188789367676,"Unknown"
"7014851",371865,2025-09-11 01:02:24,43.3644218444824,-8.40180587768555,"Unknown"
"7014851",371865,2025-09-11 01:07:24,43.3644485473633,-8.40204238891602,"Unknown"
"7014851",371865,2025-09-11 01:12:21,43.3644943237305,-8.40203475952148,"Unknown"
"7014851",371865,2025-09-11 01:17:43,43.3644218444824,-8.40194892883301,"Unknown"
"7014851",371865,2025-09-11 01:22:11,43.3644371032715,-8.40205955505371,"Unknown"
"7014851",371865,2025-09-11 01:27:13,43.3643913269043,-8.40214538574219,"Unknown"
"7014851",371865,2025-09-11 01:32:13,43.3644142150879,-8.40222835540771,"Unknown"
"7014851",371865,2025-09-11 01:37:34,43.364429473877,-8.40189933776855,"Unknown"
"7014851",371865,2025-09-11 01:42:12,43.3645133972168,-8.4018611907959,"Unknown"
"7014851",371865,2025-09-11 01:47:11,43.3644790649414,-8.40191268920898,"Unknown"
"7014851",371865,2025-09-11 01:52:12,43.3645401000977,-8.40199756622314,"Unknown"
"7014851",371865,2025-09-11 01:57:11,43.3644332885742,-8.40192127227783,"Unknown"
"7014851",371865,2025-09-11 02:02:12,43.3644828796387,-8.40194416046143,"Unknown"
"7014851",371865,2025-09-11 02:07:11,43.3643417358398,-8.40189170837402,"Unknown"
"7014851",371865,2025-09-11 02:12:11,43.3644714355469,-8.40199661254883,"Unknown"
"7014851",371865,2025-09-11 02:17:13,43.364429473877,-8.4019718170166,"Unknown"
"7014851",371865,2025-09-11 02:22:33,43.3645210266113,-8.40188980102539,"Unknown"
"7014851",371865,2025-09-11 02:27:11,43.3644905090332,-8.40192890167236,"Unknown"
"7014851",371865,2025-09-11 02:32:12,43.3644714355469,-8.40202522277832,"Unknown"
"7014851",371865,2025-09-11 02:37:12,43.364387512207,-8.4019718170166,"Unknown"
"7014851",371865,2025-09-11 02:42:11,43.364574432373,-8.40182590484619,"Unknown"
"7014851",371865,2025-09-11 02:47:12,43.3645668029785,-8.40198612213135,"Unknown"
"7014851",371865,2025-09-11 02:52:11,43.3644714355469,-8.40181541442871,"Unknown"
"7014851",371865,2025-09-11 02:57:12,43.3645782470703,-8.40196323394775,"Unknown"
"7014851",371865,2025-09-11 03:02:12,43.3645362854004,-8.40228652954102,"Unknown"
"7014851",371865,2025-09-11 03:07:12,43.364372253418,-8.40192413330078,"Unknown"
"7014851",371865,2025-09-11 03:12:12,43.3644218444824,-8.40225124359131,"Unknown"
"7014851",371865,2025-09-11 03:17:14,43.3644218444824,-8.40218162536621,"Unknown"
"7014851",371865,2025-09-11 03:22:14,43.3642997741699,-8.40204524993896,"Unknown"
"7014851",371865,2025-09-11 03:27:14,43.3643341064453,-8.40204238891602,"Unknown"
"7014851",371865,2025-09-11 03:32:13,43.3643836975098,-8.40210056304932,"Unknown"
"7014851",371865,2025-09-11 03:37:13,43.3643035888672,-8.40189647674561,"Unknown"
"7014851",371865,2025-09-11 03:42:12,43.3636589050293,-8.40100765228271,"Unknown"
"7014851",371865,2025-09-11 03:47:12,43.3643417358398,-8.40208339691162,"Unknown"
"7014851",371865,2025-09-11 03:52:13,43.3647232055664,-8.40274715423584,"Unknown"
"7014851",371865,2025-09-11 03:57:13,43.3639984130859,-8.40150260925293,"Unknown"
"7014851",371865,2025-09-11 04:02:13,43.3642578125,-8.40201187133789,"Unknown"
"7014851",371865,2025-09-11 04:07:35,43.3643226623535,-8.40211486816406,"Unknown"
"7014851",371865,2025-09-11 04:12:12,43.3642463684082,-8.40228080749512,"Unknown"
"7014851",371865,2025-09-11 04:17:13,43.3643493652344,-8.40251636505127,"Unknown"
"7014851",371865,2025-09-11 04:22:13,43.3639945983887,-8.40200614929199,"Unknown"
"7014851",371865,2025-09-11 04:27:13,43.3645668029785,-8.40203952789307,"Unknown"
"7014851",371865,2025-09-11 04:32:17,43.3646278381348,-8.40219211578369,"Unknown"
"7014851",371865,2025-09-11 04:37:14,43.3648490905762,-8.40176296234131,"Unknown"
"7014851",371865,2025-09-11 04:42:13,43.3642234802246,-8.40237617492676,"Unknown"
"7014851",371865,2025-09-11 04:47:13,43.3644866943359,-8.4020881652832,"Unknown"
"7014851",371865,2025-09-11 04:52:21,43.3629570007324,-8.40399074554443,"Unknown"
"7014851",371865,2025-09-11 04:57:44,43.3629417419434,-8.40401744842529,"Unknown"
"7014851",371865,2025-09-11 05:02:12,43.3628768920898,-8.40401840209961,"Unknown"
"7014851",371865,2025-09-11 05:07:12,43.3628921508789,-8.40413951873779,"Unknown"
"7014851",371865,2025-09-11 05:12:14,43.3622817993164,-8.4038028717041,"Unknown"
"7014851",371865,2025-09-11 05:17:11,43.3624725341797,-8.40382385253906,"Unknown"
"7014851",371865,2025-09-11 05:22:11,43.3623695373535,-8.40377044677734,"Unknown"
"7014851",371865,2025-09-11 05:27:11,43.3621978759766,-8.40371513366699,"Unknown"
"7014851",371865,2025-09-11 05:32:11,43.3606491088867,-8.4033899307251,"Unknown"
"7014851",371865,2025-09-11 05:37:11,43.357723236084,-8.42481994628906,"Unknown"
"7014851",371865,2025-09-11 05:42:12,43.3552551269531,-8.44669151306152,"Unknown"
"7014851",371865,2025-09-11 05:48:35,43.3602180480957,-8.48467636108398,"Unknown"
"7014851",371865,2025-09-11 05:53:14,43.3560066223145,-8.50812149047852,"Unknown"
"7014851",371865,2025-09-11 05:57:11,43.3471870422363,-8.50882720947266,"Unknown"
"7014851",371865,2025-09-11 06:02:11,43.3348426818848,-8.50786781311035,"Unknown"
"7014851",371865,2025-09-11 06:07:11,43.3223609924316,-8.50138092041016,"Unknown"
"7014851",371865,2025-09-11 06:12:12,43.3159484863281,-8.50580787658691,"Unknown"
"7014851",371865,2025-09-11 06:17:12,43.3159217834473,-8.50588130950928,"Unknown"
"7014851",371865,2025-09-11 06:22:11,43.3158645629883,-8.50603294372559,"Unknown"
"7014851",371865,2025-09-11 06:27:16,43.3157272338867,-8.50611686706543,"Unknown"
"7014851",371865,2025-09-11 06:32:11,43.3157997131348,-8.50596046447754,"Unknown"
"7014851",371865,2025-09-11 06:37:17,43.3157653808594,-8.50602912902832,"Unknown"
"7014851",371865,2025-09-11 06:42:13,43.3157234191895,-8.50600814819336,"Unknown"
"7014851",371865,2025-09-11 06:47:26,43.3157615661621,-8.50601196289062,"Unknown"
"7014851",371865,2025-09-11 06:52:32,43.3156852722168,-8.50601100921631,"Unknown"
"7014851",371865,2025-09-11 06:57:12,43.3155097961426,-8.50603008270264,"Unknown"
"7014851",371865,2025-09-11 07:02:12,43.3156204223633,-8.50593376159668,"Unknown"
"7014851",371865,2025-09-11 07:07:12,43.315559387207,-8.50595283508301,"Unknown"
"7014851",371865,2025-09-11 07:12:12,43.3156204223633,-8.50602054595947,"Unknown"
"7014851",371865,2025-09-11 07:17:11,43.3156204223633,-8.50601959228516,"Unknown"
"7014851",371865,2025-09-11 07:22:12,43.3156318664551,-8.50600242614746,"Unknown"
"7014851",371865,2025-09-11 07:27:14,43.3156280517578,-8.50594043731689,"Unknown"
"7014851",371865,2025-09-11 07:32:12,43.3155479431152,-8.50606060028076,"Unknown"
"7014851",371865,2025-09-11 07:37:11,43.3155899047852,-8.50595855712891,"Unknown"
"7014851",371865,2025-09-11 07:42:11,43.3156051635742,-8.50600528717041,"Unknown"
"7014851",371865,2025-09-11 07:47:11,43.315559387207,-8.50602340698242,"Unknown"
"7014851",371865,2025-09-11 07:52:12,43.3157348632812,-8.50595855712891,"Unknown"
"7014851",371865,2025-09-11 07:57:12,43.3155860900879,-8.50601196289062,"Unknown"
"7014851",371865,2025-09-11 08:02:12,43.315544128418,-8.50609493255615,"Unknown"
"7014851",371865,2025-09-11 08:07:33,43.3155403137207,-8.50606060028076,"Unknown"
"7014851",371865,2025-09-11 08:12:14,43.3155822753906,-8.50604057312012,"Unknown"
"7014851",371865,2025-09-11 08:17:11,43.3155899047852,-8.50605010986328,"Unknown"
"7014851",371865,2025-09-11 08:22:14,43.3155059814453,-8.50612163543701,"Unknown"
"7014851",371865,2025-09-11 08:27:11,43.3156471252441,-8.50595664978027,"Unknown"
"7014851",371865,2025-09-11 08:32:14,43.3154792785645,-8.50604248046875,"Unknown"
"7014851",371865,2025-09-11 08:37:11,43.2985153198242,-8.50778388977051,"Unknown"
"7014851",371865,2025-09-11 08:42:11,43.2784194946289,-8.48318958282471,"Unknown"
"7014851",371865,2025-09-11 08:47:11,43.2578163146973,-8.46574401855469,"Unknown"
"7014851",371865,2025-09-11 08:52:11,43.2335815429688,-8.4654016494751,"Unknown"
"7014851",371865,2025-09-11 08:57:11,43.2075424194336,-8.46727466583252,"Unknown"
"7014851",371865,2025-09-11 09:02:11,43.1830673217773,-8.47093200683594,"Unknown"
"7014851",371865,2025-09-11 09:07:12,43.1578674316406,-8.46780681610107,"Unknown"
"7014851",371865,2025-09-11 09:12:13,43.1342086791992,-8.46995449066162,"Unknown"
"7014851",371865,2025-09-11 09:17:14,43.1320381164551,-8.46829032897949,"Unknown"
"7014851",371865,2025-09-11 09:22:14,43.1319389343262,-8.46814441680908,"Unknown"
"7014851",371865,2025-09-11 09:27:12,43.1319351196289,-8.46820831298828,"Unknown"
"7014851",371865,2025-09-11 09:32:13,43.1319313049316,-8.46817970275879,"Unknown"
"7014851",371865,2025-09-11 09:37:13,43.1318817138672,-8.46810913085938,"Unknown"
"7014851",371865,2025-09-11 09:42:14,43.1310882568359,-8.46805000305176,"Unknown"
"7014851",371865,2025-09-11 09:47:35,43.1297073364258,-8.47040462493896,"Unknown"
"7014851",371865,2025-09-11 09:52:12,43.1300964355469,-8.47072410583496,"Unknown"
"7014851",371865,2025-09-11 09:57:14,43.130126953125,-8.47110080718994,"Unknown"
"7014851",371865,2025-09-11 10:02:24,43.1301765441895,-8.47077083587646,"Unknown"
"7014851",371865,2025-09-11 10:07:24,43.1297492980957,-8.47093296051025,"Unknown"
"7014851",371865,2025-09-11 10:12:34,43.1300735473633,-8.47155284881592,"Unknown"
"7014851",371865,2025-09-11 10:17:35,43.1305961608887,-8.47107315063477,"Unknown"
"7014851",371865,2025-09-11 10:22:12,43.1297836303711,-8.47077941894531,"Unknown"
"7014851",371865,2025-09-11 10:27:11,43.1298065185547,-8.47079753875732,"Unknown"
"7014851",371865,2025-09-11 10:32:17,43.1297607421875,-8.47071361541748,"Unknown"
"7014851",371865,2025-09-11 10:37:24,43.1297302246094,-8.47068214416504,"Unknown"
"7014851",371865,2025-09-11 10:42:15,43.129638671875,-8.47062683105469,"Unknown"
"7014851",371865,2025-09-11 10:47:25,43.1297645568848,-8.47082233428955,"Unknown"
"7014851",371865,2025-09-11 10:52:25,43.1296234130859,-8.47061538696289,"Unknown"
"7014851",371865,2025-09-11 10:58:35,43.1297035217285,-8.47072505950928,"Unknown"
"7014851",371865,2025-09-11 11:02:35,43.1296844482422,-8.47072601318359,"Unknown"
"7014851",371865,2025-09-11 11:07:11,43.1298866271973,-8.47069549560547,"Unknown"
"7014851",371865,2025-09-11 11:12:11,43.129940032959,-8.47071361541748,"Unknown"
"7014851",371865,2025-09-11 11:17:12,43.1306686401367,-8.47089195251465,"Unknown"
"7014851",371865,2025-09-11 11:22:12,43.1300086975098,-8.47059440612793,"Unknown"
"7014851",371865,2025-09-11 11:27:11,43.1307220458984,-8.47099494934082,"Unknown"
"7014851",371865,2025-09-11 11:32:13,43.1306648254395,-8.47117042541504,"Unknown"
"7014851",371865,2025-09-11 11:37:11,43.130672454834,-8.47095680236816,"Unknown"
"7014851",371865,2025-09-11 11:42:14,43.130500793457,-8.47096729278564,"Unknown"
"7014851",371865,2025-09-11 11:47:25,43.1305961608887,-8.47104644775391,"Unknown"
"7014851",371865,2025-09-11 11:52:17,43.1304702758789,-8.4710693359375,"Unknown"
"7014851",371865,2025-09-11 11:57:24,43.1300354003906,-8.47083950042725,"Unknown"
"7014851",371865,2025-09-11 12:02:21,43.1305541992188,-8.4711217880249,"Unknown"
"7014851",371865,2025-09-11 12:07:24,43.1301040649414,-8.47081565856934,"Unknown"
"7014851",371865,2025-09-11 12:12:18,43.1300582885742,-8.47082996368408,"Unknown"
"7014851",371865,2025-09-11 12:17:19,43.1298484802246,-8.47068405151367,"Unknown"
"7014851",371865,2025-09-11 12:22:16,43.1298561096191,-8.47061729431152,"Unknown"
"7014851",371865,2025-09-11 12:27:14,43.1298866271973,-8.47068881988525,"Unknown"
"7014851",371865,2025-09-11 12:32:35,43.1298446655273,-8.4707088470459,"Unknown"
"7014851",371865,2025-09-11 12:37:13,43.1298675537109,-8.47059345245361,"Unknown"
"7014851",371865,2025-09-11 12:42:12,43.129997253418,-8.47076320648193,"Unknown"
"7014851",371865,2025-09-11 12:47:15,43.1299743652344,-8.47080230712891,"Unknown"
"7014851",371865,2025-09-11 12:52:11,43.130916595459,-8.47140789031982,"Unknown"
"7014851",371865,2025-09-11 12:57:12,43.129955291748,-8.47054100036621,"Unknown"
"7014851",371865,2025-09-11 13:02:15,43.1305084228516,-8.47089385986328,"Unknown"
"7014851",371865,2025-09-11 13:07:11,43.130485534668,-8.47097110748291,"Unknown"
"7014851",371865,2025-09-11 13:12:12,43.1304931640625,-8.47110462188721,"Unknown"
"7014851",371865,2025-09-11 13:17:11,43.1293869018555,-8.46940994262695,"Unknown"
"7014851",371865,2025-09-11 13:22:19,43.1292686462402,-8.46928119659424,"Unknown"
"7014851",371865,2025-09-11 13:27:15,43.1294097900391,-8.46949195861816,"Unknown"
"7014851",371865,2025-09-11 13:32:16,43.1293182373047,-8.46950531005859,"Unknown"
"7014851",371865,2025-09-11 13:37:24,43.1293067932129,-8.46952247619629,"Unknown"
"7014851",371865,2025-09-11 13:42:35,43.1292991638184,-8.46946620941162,"Unknown"
"7014851",371865,2025-09-11 13:47:11,43.1293144226074,-8.46946239471436,"Unknown"
"7014851",371865,2025-09-11 13:52:18,43.1293525695801,-8.46950721740723,"Unknown"
"7014851",371865,2025-09-11 13:57:13,43.1308212280273,-8.47150230407715,"Unknown"
"7014851",371865,2025-09-11 14:02:35,43.1304931640625,-8.47090530395508,"Unknown"
"7014851",371865,2025-09-11 14:07:12,43.1300735473633,-8.47001361846924,"Unknown"
"7014851",371865,2025-09-11 14:12:11,43.1299285888672,-8.47001075744629,"Unknown"
"7014851",371865,2025-09-11 14:17:10,43.1299858093262,-8.46994686126709,"Unknown"
"7014851",371865,2025-09-11 14:22:14,43.1299629211426,-8.46988868713379,"Unknown"
"7014851",371865,2025-09-11 14:27:12,43.1299476623535,-8.46990394592285,"Unknown"
"7014851",371865,2025-09-11 14:32:12,43.1298294067383,-8.46984386444092,"Unknown"
"7014851",371865,2025-09-11 14:37:11,43.1298751831055,-8.46990966796875,"Unknown"
"7014851",371865,2025-09-11 14:42:10,43.1298294067383,-8.46965980529785,"Unknown"
"7014851",371865,2025-09-11 14:47:11,43.129825592041,-8.46974658966064,"Unknown"
"7014851",371865,2025-09-11 14:52:12,43.1298561096191,-8.46956062316895,"Unknown"
"7014851",371865,2025-09-11 14:57:10,43.1297874450684,-8.46960544586182,"Unknown"
"7014851",371865,2025-09-11 15:02:10,43.1298828125,-8.46955013275146,"Unknown"
"7014851",371865,2025-09-11 15:07:10,43.1298599243164,-8.46955108642578,"Unknown"
"7014851",371865,2025-09-11 15:12:10,43.1299095153809,-8.46951389312744,"Unknown"
"7014851",371865,2025-09-11 15:17:11,43.1299171447754,-8.46955013275146,"Unknown"
"7014851",371865,2025-09-11 15:22:17,43.1298866271973,-8.46956157684326,"Unknown"
"7014851",371865,2025-09-11 15:27:11,43.1298942565918,-8.46955585479736,"Unknown"
"7014851",371865,2025-09-11 15:32:11,43.1298217773438,-8.46950149536133,"Unknown"
"7014851",371865,2025-09-11 15:37:10,43.1299285888672,-8.46957874298096,"Unknown"
"7014851",371865,2025-09-11 15:42:10,43.129940032959,-8.46952724456787,"Unknown"
"7014851",371865,2025-09-11 15:47:10,43.1298789978027,-8.46953678131104,"Unknown"
"7014851",371865,2025-09-11 15:52:12,43.1300773620605,-8.469651222229,"Unknown"
"7014851",371865,2025-09-11 15:57:10,43.1298789978027,-8.46949005126953,"Unknown"
"7014851",371865,2025-09-11 16:02:11,43.1300315856934,-8.46958637237549,"Unknown"
"7014851",371865,2025-09-11 16:07:10,43.1298675537109,-8.46942615509033,"Unknown"
"7014851",371865,2025-09-11 16:12:10,43.1300430297852,-8.46970748901367,"Unknown"
"7014851",371865,2025-09-11 16:17:12,43.1300201416016,-8.46961402893066,"Unknown"
"7014851",371865,2025-09-11 16:22:22,43.1300277709961,-8.46951484680176,"Unknown"
"7014851",371865,2025-09-11 16:27:35,43.1300086975098,-8.46951484680176,"Unknown"
"7014851",371865,2025-09-11 16:32:10,43.1300086975098,-8.46952342987061,"Unknown"
"7014851",371865,2025-09-11 16:37:10,43.1300048828125,-8.46950912475586,"Unknown"
"7014851",371865,2025-09-11 16:42:10,43.129955291748,-8.46949100494385,"Unknown"
"7014851",371865,2025-09-11 16:47:12,43.1300010681152,-8.46951293945312,"Unknown"
"7014851",371865,2025-09-11 16:52:25,43.129997253418,-8.46969985961914,"Unknown"
"7014851",371865,2025-09-11 16:57:11,43.1300010681152,-8.46948337554932,"Unknown"
"7014851",371865,2025-09-11 17:02:10,43.1300086975098,-8.4694881439209,"Unknown"
"7014851",371865,2025-09-11 17:07:10,43.1299781799316,-8.4694766998291,"Unknown"
"7014851",371865,2025-09-11 17:12:10,43.130012512207,-8.46954345703125,"Unknown"
"7014851",371865,2025-09-11 17:17:10,43.1300010681152,-8.46954822540283,"Unknown"
"7014851",371865,2025-09-11 17:22:10,43.1300239562988,-8.4694766998291,"Unknown"
"7014851",371865,2025-09-11 17:27:10,43.1299781799316,-8.4695291519165,"Unknown"
"7014851",371865,2025-09-11 17:32:11,43.1300201416016,-8.46956634521484,"Unknown"
"7014851",371865,2025-09-11 17:37:10,43.1300201416016,-8.46949672698975,"Unknown"
"7014851",371865,2025-09-11 17:42:10,43.1300621032715,-8.46956920623779,"Unknown"
"7014851",371865,2025-09-11 17:47:11,43.1298751831055,-8.47021579742432,"Unknown"
"7014851",371865,2025-09-11 17:52:11,43.1298942565918,-8.47023010253906,"Unknown"
"7014851",371865,2025-09-11 17:57:10,43.1299247741699,-8.47020816802979,"Unknown"
"7014851",371865,2025-09-11 18:02:11,43.1299934387207,-8.47029113769531,"Unknown"
"7014851",371865,2025-09-11 18:07:12,43.1298408508301,-8.47023773193359,"Unknown"
"7014851",371865,2025-09-11 18:12:12,43.1300773620605,-8.47030830383301,"Unknown"
"7014851",371865,2025-09-11 18:17:13,43.1299209594727,-8.47022342681885,"Unknown"
"7014851",371865,2025-09-11 18:22:18,43.1299133300781,-8.4702672958374,"Unknown"
"7014851",371865,2025-09-11 18:27:19,43.1305160522461,-8.47105503082275,"Unknown"
"7014851",371865,2025-09-11 18:32:26,43.1300926208496,-8.47060012817383,"Unknown"
"7014851",371865,2025-09-11 18:37:18,43.1301307678223,-8.47068977355957,"Unknown"
"7014851",371865,2025-09-11 18:42:15,43.1300163269043,-8.47065258026123,"Unknown"
"7014851",371865,2025-09-11 18:47:17,43.1458625793457,-8.46686935424805,"Unknown"
"7014851",371865,2025-09-11 18:52:43,43.1813087463379,-8.43650436401367,"Unknown"
"7014851",371865,2025-09-11 18:57:16,43.1925201416016,-8.42022132873535,"Unknown"
"7014851",371865,2025-09-11 19:02:14,43.1929244995117,-8.4203634262085,"Unknown"
"7014851",371865,2025-09-11 19:07:20,43.1913604736328,-8.42437839508057,"Unknown"
"7014851",371865,2025-09-11 19:12:15,43.1887092590332,-8.4301586151123,"Unknown"
"7014851",371865,2025-09-11 19:17:42,43.1721038818359,-8.44025230407715,"Unknown"
"7014851",371865,2025-09-11 19:22:16,43.1722869873047,-8.4403190612793,"Unknown"
"7014851",371865,2025-09-11 19:27:21,43.1722564697266,-8.44038963317871,"Unknown"
"7014851",371865,2025-09-11 19:32:23,43.1721076965332,-8.44036674499512,"Unknown"
"7014851",371865,2025-09-11 19:37:15,43.1814498901367,-8.4327564239502,"Unknown"
"7014851",371865,2025-09-11 19:42:12,43.1974487304688,-8.41898727416992,"Unknown"
"7014851",371865,2025-09-11 19:47:35,43.218936920166,-8.4332857131958,"Unknown"
"7014851",371865,2025-09-11 19:52:12,43.2520942687988,-8.42051696777344,"Unknown"
"7014851",371865,2025-09-11 19:57:19,43.2889022827148,-8.40006351470947,"Unknown"
"7014851",371865,2025-09-11 20:02:19,43.3205299377441,-8.40389633178711,"Unknown"
"7014851",371865,2025-09-11 20:07:21,43.3556900024414,-8.39811897277832,"Unknown"
"7014851",371865,2025-09-11 20:12:35,43.3625755310059,-8.39376258850098,"Unknown"
"7014851",371865,2025-09-11 20:17:15,43.3626251220703,-8.39343452453613,"Unknown"
"7014851",371865,2025-09-11 20:22:15,43.3626022338867,-8.3938455581665,"Unknown"
"7014851",371865,2025-09-11 20:27:10,43.362548828125,-8.39346694946289,"Unknown"
"7014851",371865,2025-09-11 20:32:12,43.3626251220703,-8.39434337615967,"Unknown"
"7014851",371865,2025-09-11 20:37:11,43.3627128601074,-8.39413261413574,"Unknown"
"7014851",371865,2025-09-11 20:42:11,43.3626251220703,-8.3940896987915,"Unknown"
"7014851",371865,2025-09-11 20:47:10,43.3627510070801,-8.393874168396,"Unknown"
"7014851",371865,2025-09-11 20:52:11,43.3626403808594,-8.39434814453125,"Unknown"
"7014851",371865,2025-09-11 20:57:11,43.3627471923828,-8.39375400543213,"Unknown"
"7014851",371865,2025-09-11 21:02:14,43.3627510070801,-8.39439392089844,"Unknown"
"7014851",371865,2025-09-11 21:07:42,43.3627014160156,-8.39406585693359,"Unknown"
"7014851",371865,2025-09-11 21:12:11,43.3629264831543,-8.39428329467773,"Unknown"
"7014851",371865,2025-09-11 21:17:14,43.3627433776855,-8.39418601989746,"Unknown"
"7014851",371865,2025-09-11 21:22:10,43.3626861572266,-8.39434719085693,"Unknown"
"7014851",371865,2025-09-11 21:27:13,43.3627548217773,-8.39415454864502,"Unknown"
"7014851",371865,2025-09-11 21:32:12,43.3627586364746,-8.3940258026123,"Unknown"
"7014851",371865,2025-09-11 21:37:10,43.3627281188965,-8.39399337768555,"Unknown"
"7014851",371865,2025-09-11 21:42:13,43.3627395629883,-8.39404201507568,"Unknown"
"7014851",371865,2025-09-11 21:47:35,43.3627662658691,-8.39423942565918,"Unknown"
"7014851",371865,2025-09-11 21:52:10,43.36279296875,-8.39406681060791,"Unknown"
"7014851",371865,2025-09-11 21:57:10,43.3628082275391,-8.39424610137939,"Unknown"
"7014851",371865,2025-09-11 22:02:11,43.3629112243652,-8.39394760131836,"Unknown"
"7014851",371865,2025-09-11 22:07:12,43.3627624511719,-8.39426422119141,"Unknown"
"7014851",371865,2025-09-11 22:12:12,43.3627128601074,-8.39419841766357,"Unknown"
"7014851",371865,2025-09-11 22:17:11,43.3625755310059,-8.39430332183838,"Unknown"
"7014851",371865,2025-09-11 22:22:12,43.3624267578125,-8.39450836181641,"Unknown"
"7014851",371865,2025-09-11 22:27:13,43.3628425598145,-8.39414119720459,"Unknown"
"7014851",371865,2025-09-11 22:32:14,43.3631935119629,-8.39405536651611,"Unknown"
"7014851",371865,2025-09-11 22:37:19,43.3629264831543,-8.39415550231934,"Unknown"
"7014851",371865,2025-09-11 22:42:20,43.3628807067871,-8.39425945281982,"Unknown"
"7014851",371865,2025-09-11 22:47:25,43.3625831604004,-8.39430236816406,"Unknown"
"7014851",371865,2025-09-11 22:52:23,43.3626327514648,-8.39428806304932,"Unknown"
"7014851",371865,2025-09-11 22:57:22,43.3625068664551,-8.39414501190186,"Unknown"
"7014851",371865,2025-09-11 23:02:27,43.3628730773926,-8.39424991607666,"Unknown"
"7014851",371865,2025-09-11 23:07:24,43.3627052307129,-8.39428043365479,"Unknown"
"7014851",371865,2025-09-11 23:12:22,43.3626594543457,-8.39433860778809,"Unknown"
"7014851",371865,2025-09-11 23:17:16,43.3624610900879,-8.39441871643066,"Unknown"
"7014851",371865,2025-09-11 23:22:20,43.3624725341797,-8.39447975158691,"Unknown"
"7014851",371865,2025-09-11 23:27:21,43.3624877929688,-8.3944787979126,"Unknown"
"7014851",371865,2025-09-11 23:32:26,43.3624534606934,-8.39438819885254,"Unknown"
"7014851",371865,2025-09-11 23:37:23,43.3624992370605,-8.39447116851807,"Unknown"
"7014851",371865,2025-09-11 23:42:21,43.3624725341797,-8.39444351196289,"Unknown"
"7014851",371865,2025-09-11 23:47:26,43.3626251220703,-8.39446926116943,"Unknown"
"7014851",371865,2025-09-11 23:52:36,43.3624801635742,-8.39437007904053,"Unknown"
"7014851",371865,2025-09-11 23:57:56,43.3626594543457,-8.39422416687012,"Unknown"
"7014851",371865,2025-09-12 00:02:12,43.362735748291,-8.39404487609863,"Unknown"
"7014851",371865,2025-09-12 00:07:35,43.3625793457031,-8.39427089691162,"Unknown"
"7014851",371865,2025-09-12 00:12:21,43.3625602722168,-8.39422416687012,"Unknown"
"7014851",371865,2025-09-12 00:17:35,43.3627586364746,-8.39434242248535,"Unknown"
"7014851",371865,2025-09-12 00:22:11,43.3627052307129,-8.39432239532471,"Unknown"
"7014851",371865,2025-09-12 00:27:12,43.3628082275391,-8.39465713500977,"Unknown"
"7014851",371865,2025-09-12 00:32:10,43.362735748291,-8.3944673538208,"Unknown"
"7014851",371865,2025-09-12 00:37:10,43.3626594543457,-8.39432334899902,"Unknown"
"7014851",371865,2025-09-12 00:42:10,43.3625793457031,-8.39450931549072,"Unknown"
"7014851",371865,2025-09-12 00:47:17,43.362735748291,-8.39417362213135,"Unknown"
"7014851",371865,2025-09-12 00:52:09,43.3628768920898,-8.39428329467773,"Unknown"
"7014851",371865,2025-09-12 00:57:10,43.36279296875,-8.39445304870605,"Unknown"
"7014851",371865,2025-09-12 01:02:13,43.3599433898926,-8.39363765716553,"Unknown"
"7014851",371865,2025-09-12 01:07:33,43.3603248596191,-8.39322948455811,"Unknown"
"7014851",371865,2025-09-12 01:12:17,43.3624420166016,-8.39423561096191,"Unknown"
"7014851",371865,2025-09-12 01:17:15,43.3623199462891,-8.3939962387085,"Unknown"
"7014851",371865,2025-09-12 01:22:13,43.3628540039062,-8.39446926116943,"Unknown"
"7014851",371865,2025-09-12 01:27:44,43.3629760742188,-8.39444732666016,"Unknown"
"7014851",371865,2025-09-12 01:32:12,43.3631439208984,-8.39462661743164,"Unknown"
"7014851",371865,2025-09-12 01:37:18,43.3630676269531,-8.39469146728516,"Unknown"
"7014851",371865,2025-09-12 01:42:23,43.3631401062012,-8.39465808868408,"Unknown"
"7014851",371865,2025-09-12 01:47:35,43.3628120422363,-8.39426612854004,"Unknown"
"7014851",371865,2025-09-12 01:52:10,43.3626174926758,-8.39427661895752,"Unknown"
"7014851",371865,2025-09-12 01:57:10,43.3627433776855,-8.39439964294434,"Unknown"
"7014851",371865,2025-09-12 02:02:35,43.3627052307129,-8.39437961578369,"Unknown"
"7014851",371865,2025-09-12 02:07:09,43.3627586364746,-8.39433765411377,"Unknown"
"7014851",371865,2025-09-12 02:12:10,43.3627166748047,-8.39439964294434,"Unknown"
"7014851",371865,2025-09-12 02:17:09,43.3626861572266,-8.39441013336182,"Unknown"
"7014851",371865,2025-09-12 02:22:10,43.3627471923828,-8.39437961578369,"Unknown"
"7014851",371865,2025-09-12 02:27:09,43.3627090454102,-8.39448070526123,"Unknown"
"7014851",371865,2025-09-12 02:32:16,43.3628005981445,-8.3942699432373,"Unknown"
"7014851",371865,2025-09-12 02:37:13,43.3626823425293,-8.3942985534668,"Unknown"
"7014851",371865,2025-09-12 02:42:20,43.3625183105469,-8.3944845199585,"Unknown"
"7014851",371865,2025-09-12 02:47:09,43.362735748291,-8.39421272277832,"Unknown"
"7014851",371865,2025-09-12 02:52:10,43.3627281188965,-8.39430713653564,"Unknown"
"7014851",371865,2025-09-12 02:57:10,43.3628311157227,-8.39429378509521,"Unknown"
"7014851",371865,2025-09-12 03:02:09,43.362907409668,-8.3943920135498,"Unknown"
"7014851",371865,2025-09-12 03:07:09,43.3628540039062,-8.39412689208984,"Unknown"
"7014851",371865,2025-09-12 03:12:12,43.3628158569336,-8.39415073394775,"Unknown"
"7014851",371865,2025-09-12 03:17:11,43.3628158569336,-8.39418411254883,"Unknown"
"7014851",371865,2025-09-12 03:22:12,43.3628425598145,-8.39403247833252,"Unknown"
"7014851",371865,2025-09-12 03:27:13,43.3629112243652,-8.39433193206787,"Unknown"
"7014851",371865,2025-09-12 03:32:15,43.3628349304199,-8.39424514770508,"Unknown"
"7014851",371865,2025-09-12 03:37:15,43.3627052307129,-8.39393424987793,"Unknown"
"7014851",371865,2025-09-12 03:42:11,43.3631210327148,-8.39418315887451,"Unknown"
"7014851",371865,2025-09-12 03:47:15,43.3628425598145,-8.39430904388428,"Unknown"
"7014851",371865,2025-09-12 03:52:10,43.3630828857422,-8.39430713653564,"Unknown"
"7014851",371865,2025-09-12 03:57:13,43.3628578186035,-8.39431762695312,"Unknown"
"7014851",371865,2025-09-12 04:02:35,43.3628044128418,-8.39431667327881,"Unknown"
"7014851",371865,2025-09-12 04:07:09,43.3627510070801,-8.39416694641113,"Unknown"
"7014851",371865,2025-09-12 04:12:10,43.3630599975586,-8.39496326446533,"Unknown"
"7014851",371865,2025-09-12 04:17:18,43.3629150390625,-8.39426708221436,"Unknown"
"7014851",371865,2025-09-12 04:22:09,43.3628234863281,-8.39435386657715,"Unknown"
"7014851",371865,2025-09-12 04:27:21,43.3627853393555,-8.39426517486572,"Unknown"
"7014851",371865,2025-09-12 04:32:19,43.3627014160156,-8.39416313171387,"Unknown"
"7014851",371865,2025-09-12 04:37:20,43.3628311157227,-8.39428234100342,"Unknown"
"7014851",371865,2025-09-12 04:42:35,43.3627777099609,-8.39426898956299,"Unknown"
"7014851",371865,2025-09-12 04:47:18,43.3627815246582,-8.39429664611816,"Unknown"
"7014851",371865,2025-09-12 04:52:18,43.3626670837402,-8.39419651031494,"Unknown"
"7014851",371865,2025-09-12 04:57:17,43.3628196716309,-8.39436054229736,"Unknown"
"7014851",371865,2025-09-12 05:02:18,43.3626098632812,-8.40409374237061,"Unknown"
"7014851",371865,2025-09-12 05:07:18,43.3626289367676,-8.40405368804932,"Unknown"
"7014851",371865,2025-09-12 05:12:18,43.3625984191895,-8.40408420562744,"Unknown"
"7014851",371865,2025-09-12 05:17:34,43.3673629760742,-8.40792083740234,"Unknown"
"7014851",371865,2025-09-12 05:22:09,43.382942199707,-8.4379768371582,"Unknown"
"7014851",371865,2025-09-12 05:27:10,43.3783073425293,-8.47198677062988,"Unknown"
"7014851",371865,2025-09-12 05:32:10,43.3690376281738,-8.49351787567139,"Unknown"
"7014851",371865,2025-09-12 05:37:11,43.3694686889648,-8.49381923675537,"Unknown"
"7014851",371865,2025-09-12 05:42:10,43.3699340820312,-8.4942512512207,"Unknown"
"7014851",371865,2025-09-12 05:47:11,43.3701438903809,-8.4941930770874,"Unknown"
"7014851",371865,2025-09-12 05:52:12,43.3698120117188,-8.49351406097412,"Unknown"
"7014851",371865,2025-09-12 05:57:13,43.3706817626953,-8.49456787109375,"Unknown"
"7014851",371865,2025-09-12 06:02:19,43.3681221008301,-8.49498081207275,"Unknown"
"7014851",371865,2025-09-12 06:07:16,43.3515892028809,-8.51094913482666,"Unknown"
"7014851",371865,2025-09-12 06:13:05,43.3400001525879,-8.51696872711182,"Unknown"
"7014851",371865,2025-09-12 06:17:24,43.3399772644043,-8.51692676544189,"Unknown"
"7014851",371865,2025-09-12 06:22:16,43.339958190918,-8.51694297790527,"Unknown"
"7014851",371865,2025-09-12 06:27:12,43.3398551940918,-8.5168514251709,"Unknown"
"7014851",371865,2025-09-12 06:32:10,43.3400993347168,-8.51682090759277,"Unknown"
"7014851",371865,2025-09-12 06:37:19,43.3399658203125,-8.51691627502441,"Unknown"
"7014851",371865,2025-09-12 06:42:28,43.3399963378906,-8.51689052581787,"Unknown"
"7014851",371865,2025-09-12 06:47:15,43.3321075439453,-8.50695705413818,"Unknown"
"7014851",371865,2025-09-12 06:52:09,43.3321304321289,-8.5069408416748,"Unknown"
"7014851",371865,2025-09-12 06:57:10,43.3320274353027,-8.50699615478516,"Unknown"
"7014851",371865,2025-09-12 07:02:10,43.3319816589355,-8.50826168060303,"Unknown"
"7014851",371865,2025-09-12 07:07:09,43.3320045471191,-8.50816917419434,"Unknown"
"7014851",371865,2025-09-12 07:12:11,43.3321075439453,-8.50827026367188,"Unknown"
"7014851",371865,2025-09-12 07:17:13,43.3320426940918,-8.50825119018555,"Unknown"
"7014851",371865,2025-09-12 07:22:35,43.3320579528809,-8.50823879241943,"Unknown"
"7014851",371865,2025-09-12 07:27:11,43.3323135375977,-8.50827121734619,"Unknown"
"7014851",371865,2025-09-12 07:32:12,43.3323440551758,-8.50830268859863,"Unknown"
"7014851",371865,2025-09-12 07:37:12,43.3320808410645,-8.5082836151123,"Unknown"
"7014851",371865,2025-09-12 07:42:18,43.3319473266602,-8.50828170776367,"Unknown"
"7014851",371865,2025-09-12 07:47:10,43.3371543884277,-8.51442813873291,"Unknown"
"7014851",371865,2025-09-12 07:52:13,43.3504257202148,-8.52672958374023,"Unknown"
"7014851",371865,2025-09-12 07:57:13,43.350269317627,-8.5267391204834,"Unknown"
"7014851",371865,2025-09-12 08:02:12,43.3504295349121,-8.52672386169434,"Unknown"
"7014851",371865,2025-09-12 08:07:18,43.3503799438477,-8.52663803100586,"Unknown"
"7014851",371865,2025-09-12 08:12:21,43.3503456115723,-8.52667903900146,"Unknown"
"7014851",371865,2025-09-12 08:17:35,43.3503646850586,-8.52665519714355,"Unknown"
"7014851",371865,2025-09-12 08:22:09,43.350341796875,-8.52671241760254,"Unknown"
"7014851",371865,2025-09-12 08:27:10,43.3504180908203,-8.52684020996094,"Unknown"
"7014851",371865,2025-09-12 08:32:09,43.3501777648926,-8.52645111083984,"Unknown"
"7014851",371865,2025-09-12 08:37:13,43.3503646850586,-8.52669143676758,"Unknown"
"7014851",371865,2025-09-12 08:42:09,43.3503608703613,-8.52661800384521,"Unknown"
"7014851",371865,2025-09-12 08:47:10,43.3504638671875,-8.52681541442871,"Unknown"
"7014851",371865,2025-09-12 08:52:10,43.3506278991699,-8.52697563171387,"Unknown"
"7014851",371865,2025-09-12 08:57:12,43.3501892089844,-8.52641010284424,"Unknown"
"7014851",371865,2025-09-12 09:02:19,43.3503112792969,-8.52659130096436,"Unknown"
"7014851",371865,2025-09-12 09:07:18,43.3503341674805,-8.52661037445068,"Unknown"
"7014851",371865,2025-09-12 09:12:18,43.350227355957,-8.526535987854,"Unknown"
"7014851",371865,2025-09-12 09:17:32,43.3502883911133,-8.52697658538818,"Unknown"
"7014851",371865,2025-09-12 09:22:10,43.3502731323242,-8.52690601348877,"Unknown"
"7014851",371865,2025-09-12 09:27:10,43.3503341674805,-8.52701091766357,"Unknown"
"7014851",371865,2025-09-12 09:32:10,43.3503570556641,-8.52705574035645,"Unknown"
"7014851",371865,2025-09-12 09:37:09,43.3504180908203,-8.52708339691162,"Unknown"
"7014851",371865,2025-09-12 09:42:10,43.3504524230957,-8.52709197998047,"Unknown"
"7014851",371865,2025-09-12 09:47:10,43.3503684997559,-8.5270528793335,"Unknown"
"7014851",371865,2025-09-12 09:52:10,43.3502578735352,-8.52694225311279,"Unknown"
"7014851",371865,2025-09-12 09:57:09,43.3503341674805,-8.52696323394775,"Unknown"
"7014851",371865,2025-09-12 10:02:11,43.3503189086914,-8.5269775390625,"Unknown"
"7014851",371865,2025-09-12 10:07:09,43.3502922058105,-8.52698612213135,"Unknown"
"7014851",371865,2025-09-12 10:12:18,43.3503494262695,-8.52702522277832,"Unknown"
"7014851",371865,2025-09-12 10:17:09,43.3503379821777,-8.52703094482422,"Unknown"
"7014851",371865,2025-09-12 10:22:11,43.3506698608398,-8.52734184265137,"Unknown"
"7014851",371865,2025-09-12 10:27:11,43.3500442504883,-8.52674579620361,"Unknown"
"7014851",371865,2025-09-12 10:32:12,43.3498725891113,-8.52652645111084,"Unknown"
"7014851",371865,2025-09-12 10:37:13,43.3503570556641,-8.52704429626465,"Unknown"
"7014851",371865,2025-09-12 10:42:35,43.3503265380859,-8.52696704864502,"Unknown"
"7014851",371865,2025-09-12 10:47:09,43.3502769470215,-8.52692794799805,"Unknown"
"7014851",371865,2025-09-12 10:52:09,43.3502769470215,-8.52699375152588,"Unknown"
"7014851",371865,2025-09-12 10:57:09,43.3503074645996,-8.5269660949707,"Unknown"
"7014851",371865,2025-09-12 11:02:09,43.3503074645996,-8.5269718170166,"Unknown"
"7014851",371865,2025-09-12 11:07:09,43.3503074645996,-8.52698707580566,"Unknown"
"7014851",371865,2025-09-12 11:12:09,43.3502616882324,-8.52696132659912,"Unknown"
"7014851",371865,2025-09-12 11:17:11,43.3504028320312,-8.52690696716309,"Unknown"
"7014851",371865,2025-09-12 11:22:10,43.3503036499023,-8.52693176269531,"Unknown"
"7014851",371865,2025-09-12 11:27:09,43.3502311706543,-8.52687931060791,"Unknown"
"7014851",371865,2025-09-12 11:32:09,43.350227355957,-8.52682781219482,"Unknown"
"7014851",371865,2025-09-12 11:37:10,43.3503150939941,-8.5268497467041,"Unknown"
"7014851",371865,2025-09-12 11:42:09,43.350269317627,-8.52684020996094,"Unknown"
"7014851",371865,2025-09-12 11:47:09,43.3502922058105,-8.52689552307129,"Unknown"
"7014851",371865,2025-09-12 11:52:09,43.350399017334,-8.52693653106689,"Unknown"
"7014851",371865,2025-09-12 11:57:10,43.3503608703613,-8.52696895599365,"Unknown"
"7014851",371865,2025-09-12 12:02:35,43.3498497009277,-8.52748966217041,"Unknown"
"7014851",371865,2025-09-12 12:07:09,43.3498191833496,-8.52750396728516,"Unknown"
"7014851",371865,2025-09-12 12:12:10,43.3499145507812,-8.52747631072998,"Unknown"
"7014851",371865,2025-09-12 12:17:19,43.3497505187988,-8.52750110626221,"Unknown"
"7014851",371865,2025-09-12 12:22:18,43.3498191833496,-8.52749538421631,"Unknown"
"7014851",371865,2025-09-12 12:27:09,43.3498497009277,-8.52747249603271,"Unknown"
"7014851",371865,2025-09-12 12:32:09,43.3498611450195,-8.5273962020874,"Unknown"
"7014851",371865,2025-09-12 12:37:12,43.3498878479004,-8.52744197845459,"Unknown"
"7014851",371865,2025-09-12 12:42:14,43.3499069213867,-8.52752780914307,"Unknown"
"7014851",371865,2025-09-12 12:47:10,43.3499984741211,-8.52757740020752,"Unknown"
"7014851",371865,2025-09-12 12:52:11,43.3500137329102,-8.52756690979004,"Unknown"
"7014851",371865,2025-09-12 12:57:10,43.350040435791,-8.5276460647583,"Unknown"
"7014851",371865,2025-09-12 13:02:10,43.3498649597168,-8.52746391296387,"Unknown"
"7014851",371865,2025-09-12 13:07:09,43.3500785827637,-8.52769184112549,"Unknown"
"7014851",371865,2025-09-12 13:12:14,43.3499984741211,-8.52772903442383,"Unknown"
"7014851",371865,2025-09-12 13:17:17,43.3499145507812,-8.52753162384033,"Unknown"
"7014851",371865,2025-09-12 13:22:09,43.3498725891113,-8.52742767333984,"Unknown"
"7014851",371865,2025-09-12 13:27:17,43.3523597717285,-8.52328109741211,"Unknown"
"7014851",371865,2025-09-12 13:32:10,43.3518829345703,-8.51101779937744,"Unknown"
"7014851",371865,2025-09-12 13:37:35,43.3515548706055,-8.51061248779297,"Unknown"
"7014851",371865,2025-09-12 13:42:12,43.3516159057617,-8.51071834564209,"Unknown"
"7014851",371865,2025-09-12 13:47:09,43.3516120910645,-8.51046371459961,"Unknown"
"7014851",371865,2025-09-12 13:52:10,43.3516082763672,-8.51077842712402,"Unknown"
"7014851",371865,2025-09-12 13:57:12,43.3516426086426,-8.51071929931641,"Unknown"
"7014851",371865,2025-09-12 14:02:10,43.3516807556152,-8.5108814239502,"Unknown"
"7014851",371865,2025-09-12 14:07:10,43.3514785766602,-8.51041603088379,"Unknown"
"7014851",371865,2025-09-12 14:12:14,43.3517913818359,-8.51055145263672,"Unknown"
"7014851",371865,2025-09-12 14:17:10,43.3518028259277,-8.51121520996094,"Unknown"
"7014851",371865,2025-09-12 14:22:14,43.3516044616699,-8.51060390472412,"Unknown"
"7014851",371865,2025-09-12 14:27:32,43.351619720459,-8.51061916351318,"Unknown"
"7014851",371865,2025-09-12 14:32:09,43.3516273498535,-8.51074028015137,"Unknown"
"7014851",371865,2025-09-12 14:37:10,43.3514633178711,-8.5106315612793,"Unknown"
"7014851",371865,2025-09-12 14:42:10,43.3514976501465,-8.5106840133667,"Unknown"
"7014851",371865,2025-09-12 14:47:10,43.3514823913574,-8.51061630249023,"Unknown"
"7014851",371865,2025-09-12 14:52:09,43.3514709472656,-8.51062774658203,"Unknown"
"7014851",371865,2025-09-12 14:57:09,43.3506088256836,-8.52650356292725,"Unknown"
"7014851",371865,2025-09-12 15:02:09,43.350658416748,-8.52650165557861,"Unknown"
"7014851",371865,2025-09-12 15:07:09,43.3506317138672,-8.52651786804199,"Unknown"
"7014851",371865,2025-09-12 15:12:09,43.3506507873535,-8.52655029296875,"Unknown"
"7014851",371865,2025-09-12 15:17:09,43.350643157959,-8.52650260925293,"Unknown"
"7014851",371865,2025-09-12 15:22:09,43.3506317138672,-8.52647495269775,"Unknown"
"7014851",371865,2025-09-12 15:27:09,43.3505401611328,-8.52659606933594,"Unknown"
"7014851",371865,2025-09-12 15:32:10,43.3505554199219,-8.52655792236328,"Unknown"
"7014851",371865,2025-09-12 15:37:10,43.3504600524902,-8.52650833129883,"Unknown"
"7014851",371865,2025-09-12 15:42:12,43.3510894775391,-8.52678489685059,"Unknown"
"7014851",371865,2025-09-12 15:47:16,43.3507423400879,-8.52665519714355,"Unknown"
"7014851",371865,2025-09-12 15:52:10,43.3506240844727,-8.52651882171631,"Unknown"
"7014851",371865,2025-09-12 15:57:19,43.3506889343262,-8.52658367156982,"Unknown"
"7014851",371865,2025-09-12 16:02:18,43.3506698608398,-8.52658081054688,"Unknown"
"7014851",371865,2025-09-12 16:07:31,43.3506622314453,-8.52658748626709,"Unknown"
"7014851",371865,2025-09-12 16:12:32,43.3506927490234,-8.52664852142334,"Unknown"
"7014851",371865,2025-09-12 16:17:31,43.3507080078125,-8.52660274505615,"Unknown"
"7014851",371865,2025-09-12 16:22:09,43.3506011962891,-8.52655982971191,"Unknown"
"7014851",371865,2025-09-12 16:27:09,43.3506088256836,-8.52661228179932,"Unknown"
"7014851",371865,2025-09-12 16:32:09,43.3505973815918,-8.5265645980835,"Unknown"
"7014851",371865,2025-09-12 16:37:09,43.3506050109863,-8.52651309967041,"Unknown"
"7014851",371865,2025-09-12 16:42:09,43.3506393432617,-8.52663803100586,"Unknown"
"7014851",371865,2025-09-12 16:47:09,43.3506278991699,-8.52659702301025,"Unknown"
"7014851",371865,2025-09-12 16:52:10,43.3506774902344,-8.52663421630859,"Unknown"
"7014851",371865,2025-09-12 16:57:09,43.3529167175293,-8.52374362945557,"Unknown"
"7014851",371865,2025-09-12 17:02:09,43.3769149780273,-8.48689270019531,"Unknown"
"7014851",371865,2025-09-12 17:07:09,43.4027099609375,-8.46037197113037,"Unknown"
"7014851",371865,2025-09-12 17:12:09,43.4084014892578,-8.43451118469238,"Unknown"
"7014851",371865,2025-09-12 17:17:09,43.4041328430176,-8.42229461669922,"Unknown"
"7014851",371865,2025-09-12 17:22:09,43.403938293457,-8.42186260223389,"Unknown"
"7014851",371865,2025-09-12 17:27:09,43.4040260314941,-8.42201042175293,"Unknown"
"7014851",371865,2025-09-12 17:32:10,43.4019546508789,-8.41924476623535,"Unknown"
"7014851",371865,2025-09-12 17:37:09,43.3810653686523,-8.40705490112305,"Unknown"
"7014851",371865,2025-09-12 17:42:09,43.3766593933105,-8.39634990692139,"Unknown"
"7014851",371865,2025-09-12 17:47:09,43.3766403198242,-8.39628791809082,"Unknown"
"7014851",371865,2025-09-12 17:52:09,43.3766250610352,-8.39644622802734,"Unknown"
"7014851",371865,2025-09-12 17:57:11,43.3766975402832,-8.39648628234863,"Unknown"
"7014851",371865,2025-09-12 18:02:09,43.3765258789062,-8.39625453948975,"Unknown"
"7014851",371865,2025-09-12 18:07:09,43.3765716552734,-8.39626789093018,"Unknown"
"7014851",371865,2025-09-12 18:12:09,43.376594543457,-8.39629745483398,"Unknown"
"7014851",371865,2025-09-12 18:17:18,43.3765563964844,-8.3963623046875,"Unknown"
"7014851",371865,2025-09-12 18:22:09,43.3765335083008,-8.3963451385498,"Unknown"
"7014851",371865,2025-09-12 18:27:11,43.3765258789062,-8.39621639251709,"Unknown"
"7014851",371865,2025-09-12 18:32:08,43.3765869140625,-8.39632797241211,"Unknown"
"7014851",371865,2025-09-12 18:37:09,43.3767280578613,-8.39643383026123,"Unknown"
"7014851",371865,2025-09-12 18:42:10,43.3765640258789,-8.39632320404053,"Unknown"
"7014851",371865,2025-09-12 18:47:22,43.3765907287598,-8.39628791809082,"Unknown"
"7014851",371865,2025-09-12 18:52:21,43.3766021728516,-8.39628601074219,"Unknown"
"7014851",371865,2025-09-12 18:57:22,43.3766098022461,-8.39641189575195,"Unknown"
"7014851",371865,2025-09-12 19:02:35,43.3766288757324,-8.39620113372803,"Unknown"
"7014851",371865,2025-09-12 19:07:08,43.3766670227051,-8.39600372314453,"Unknown"
"7014851",371865,2025-09-12 19:12:09,43.3765716552734,-8.39621448516846,"Unknown"
"7014851",371865,2025-09-12 19:17:09,43.376823425293,-8.39570140838623,"Unknown"
"7014851",371865,2025-09-12 19:22:09,43.3788032531738,-8.39470291137695,"Unknown"
"7014851",371865,2025-09-12 19:27:12,43.3926010131836,-8.38128280639648,"Unknown"
"7014851",371865,2025-09-12 19:32:10,43.3928451538086,-8.38141250610352,"Unknown"
"7014851",371865,2025-09-12 19:37:10,43.3933143615723,-8.38137149810791,"Unknown"
"7014851",371865,2025-09-12 19:42:11,43.3934593200684,-8.38238430023193,"Unknown"
"7014851",371865,2025-09-12 19:47:12,43.3939476013184,-8.38290977478027,"Unknown"
"7014851",371865,2025-09-12 19:52:12,43.3942527770996,-8.38309383392334,"Unknown"
"7014851",371865,2025-09-12 19:57:12,43.3945388793945,-8.38365459442139,"Unknown"
"7014851",371865,2025-09-12 20:02:09,43.3947906494141,-8.38434886932373,"Unknown"
"7014851",371865,2025-09-12 20:07:10,43.3950614929199,-8.38526821136475,"Unknown"
"7014851",371865,2025-09-12 20:12:09,43.3866271972656,-8.3892765045166,"Unknown"
"7014851",371865,2025-09-12 20:17:08,43.3622207641602,-8.37915897369385,"Unknown"
"7014851",371865,2025-09-12 20:22:23,43.3620681762695,-8.39247989654541,"Unknown"
"7014851",371865,2025-09-12 20:27:08,43.3622665405273,-8.39252853393555,"Unknown"
"7014851",371865,2025-09-12 20:32:12,43.3623008728027,-8.39259910583496,"Unknown"
"7014851",371865,2025-09-12 20:37:09,43.3621215820312,-8.39250564575195,"Unknown"
"7014851",371865,2025-09-12 20:42:08,43.3622741699219,-8.39257431030273,"Unknown"
"7014851",371865,2025-09-12 20:47:13,43.3621406555176,-8.39267539978027,"Unknown"
"7014851",371865,2025-09-12 20:52:08,43.3622703552246,-8.39246845245361,"Unknown"
"7014851",371865,2025-09-12 20:57:10,43.362174987793,-8.39263820648193,"Unknown"
"7014851",371865,2025-09-12 21:02:08,43.3621253967285,-8.39250087738037,"Unknown"
"7014851",371865,2025-09-12 21:07:20,43.3621520996094,-8.39252090454102,"Unknown"
"7014851",371865,2025-09-12 21:12:16,43.3619804382324,-8.39238739013672,"Unknown"
"7014851",371865,2025-09-12 21:17:35,43.3619689941406,-8.39237308502197,"Unknown"
"7014851",371865,2025-09-12 21:22:13,43.3620147705078,-8.39240264892578,"Unknown"
"7014851",371865,2025-09-12 21:27:09,43.3619918823242,-8.392409324646,"Unknown"
"7014851",371865,2025-09-12 21:32:09,43.3620834350586,-8.39249324798584,"Unknown"
"7014851",371865,2025-09-12 21:37:11,43.361988067627,-8.39237308502197,"Unknown"
"7014851",371865,2025-09-12 21:42:08,43.361930847168,-8.39234733581543,"Unknown"
"7014851",371865,2025-09-12 21:47:08,43.361988067627,-8.39237689971924,"Unknown"
"7014851",371865,2025-09-12 21:52:10,43.3619766235352,-8.39239120483398,"Unknown"
"7014851",371865,2025-09-12 21:57:09,43.3621635437012,-8.39256572723389,"Unknown"
"7014851",371865,2025-09-12 22:02:09,43.3621940612793,-8.3926830291748,"Unknown"
"7014851",371865,2025-09-12 22:07:09,43.3622550964355,-8.39263343811035,"Unknown"
"7014851",371865,2025-09-12 22:12:10,43.3620414733887,-8.39284420013428,"Unknown"
"7014851",371865,2025-09-12 22:17:09,43.3621940612793,-8.39265823364258,"Unknown"
"7014851",371865,2025-09-12 22:22:10,43.3621025085449,-8.39268589019775,"Unknown"
"7014851",371865,2025-09-12 22:27:15,43.3628578186035,-8.39376449584961,"Unknown"
"7014851",371865,2025-09-12 22:32:10,43.3627624511719,-8.39386558532715,"Unknown"
"7014851",371865,2025-09-12 22:37:10,43.3627586364746,-8.39389801025391,"Unknown"
"7014851",371865,2025-09-12 22:42:35,43.3627777099609,-8.39382076263428,"Unknown"
"7014851",371865,2025-09-12 22:47:16,43.3626251220703,-8.39397716522217,"Unknown"
"7014851",371865,2025-09-12 22:52:18,43.3626022338867,-8.3939266204834,"Unknown"
"7014851",371865,2025-09-12 22:57:15,43.362606048584,-8.39393615722656,"Unknown"
"7014851",371865,2025-09-12 23:02:12,43.362663269043,-8.39386463165283,"Unknown"
"7014851",371865,2025-09-12 23:07:18,43.3625831604004,-8.39394569396973,"Unknown"
"7014851",371865,2025-09-12 23:12:12,43.3627891540527,-8.39377117156982,"Unknown"
"7014851",371865,2025-09-12 23:17:18,43.3624382019043,-8.39398860931396,"Unknown"
"7014851",371865,2025-09-12 23:22:12,43.3631210327148,-8.39350509643555,"Unknown"
"7014851",371865,2025-09-12 23:27:24,43.3625717163086,-8.39414596557617,"Unknown"
"7014851",371865,2025-09-12 23:32:52,43.3627166748047,-8.39392185211182,"Unknown"
"7014851",371865,2025-09-12 23:37:08,43.362663269043,-8.39403915405273,"Unknown"
"7014851",371865,2025-09-12 23:42:10,43.3626174926758,-8.39403057098389,"Unknown"
"7014851",371865,2025-09-12 23:47:11,43.3625030517578,-8.39409828186035,"Unknown"
"7014851",371865,2025-09-12 23:52:08,43.3626441955566,-8.39395809173584,"Unknown"
"7014851",371865,2025-09-12 23:57:13,43.3625564575195,-8.39401721954346,"Unknown"
"7014851",371865,2025-09-13 00:02:12,43.3625373840332,-8.39404010772705,"Unknown"
"7014851",371865,2025-09-13 00:07:15,43.3626098632812,-8.39399147033691,"Unknown"
"7014851",371865,2025-09-13 00:12:12,43.3623237609863,-8.39384937286377,"Unknown"
"7014851",371865,2025-09-13 00:17:18,43.3628234863281,-8.39393424987793,"Unknown"
"7014851",371865,2025-09-13 00:22:12,43.3625946044922,-8.39389514923096,"Unknown"
"7014851",371865,2025-09-13 00:27:18,43.362621307373,-8.39397716522217,"Unknown"
"7014851",371865,2025-09-13 00:32:20,43.3627090454102,-8.39402770996094,"Unknown"
"7014851",371865,2025-09-13 00:37:21,43.3626861572266,-8.39400672912598,"Unknown"
"7014851",371865,2025-09-13 00:42:21,43.3627014160156,-8.3939094543457,"Unknown"
"7014851",371865,2025-09-13 00:47:44,43.3626670837402,-8.39383697509766,"Unknown"
"7014851",371865,2025-09-13 00:52:08,43.3624038696289,-8.3931941986084,"Unknown"
"7014851",371865,2025-09-13 00:57:15,43.3620109558105,-8.39319705963135,"Unknown"
"7014851",371865,2025-09-13 01:02:12,43.3621482849121,-8.39336395263672,"Unknown"
"7014851",371865,2025-09-13 01:07:21,43.3624114990234,-8.39318656921387,"Unknown"
"7014851",371865,2025-09-13 01:12:19,43.3624839782715,-8.39333724975586,"Unknown"
"7014851",371865,2025-09-13 01:17:24,43.3622436523438,-8.39312934875488,"Unknown"
"7014851",371865,2025-09-13 01:22:13,43.3624572753906,-8.39350509643555,"Unknown"
"7014851",371865,2025-09-13 01:27:13,43.3625411987305,-8.3933277130127,"Unknown"
"7014851",371865,2025-09-13 01:32:20,43.3624153137207,-8.39324188232422,"Unknown"
"7014851",371865,2025-09-13 01:37:20,43.362419128418,-8.39321804046631,"Unknown"
"7014851",371865,2025-09-13 01:42:20,43.3624382019043,-8.39317607879639,"Unknown"
"7014851",371865,2025-09-13 01:47:35,43.3622550964355,-8.39324951171875,"Unknown"
"7014851",371865,2025-09-13 01:52:08,43.3622894287109,-8.39326953887939,"Unknown"
"7014851",371865,2025-09-13 01:57:08,43.3620834350586,-8.39330196380615,"Unknown"
"7014851",371865,2025-09-13 02:02:08,43.362247467041,-8.39328098297119,"Unknown"
"7014851",371865,2025-09-13 02:07:08,43.3622055053711,-8.39327526092529,"Unknown"
"7014851",371865,2025-09-13 02:12:08,43.3622436523438,-8.39334964752197,"Unknown"
"7014851",371865,2025-09-13 02:17:08,43.362174987793,-8.39326572418213,"Unknown"
"7014851",371865,2025-09-13 02:22:08,43.362190246582,-8.3932466506958,"Unknown"
"7014851",371865,2025-09-13 02:27:08,43.3621559143066,-8.39327430725098,"Unknown"
"7014851",371865,2025-09-13 02:32:08,43.3622360229492,-8.39327812194824,"Unknown"
"7014851",371865,2025-09-13 02:37:08,43.3621978759766,-8.39321136474609,"Unknown"
"7014851",371865,2025-09-13 02:42:08,43.3622627258301,-8.39328765869141,"Unknown"
"7014851",371865,2025-09-13 02:47:08,43.3622093200684,-8.39332580566406,"Unknown"
"7014851",371865,2025-09-13 02:52:19,43.3621673583984,-8.39322948455811,"Unknown"
"7014851",371865,2025-09-13 02:57:08,43.362174987793,-8.39316177368164,"Unknown"
"7014851",371865,2025-09-13 03:02:08,43.3621978759766,-8.39336204528809,"Unknown"
"7014851",371865,2025-09-13 03:07:15,43.3622055053711,-8.39326190948486,"Unknown"
"7014851",371865,2025-09-13 03:12:12,43.3623695373535,-8.39366245269775,"Unknown"
"7014851",371865,2025-09-13 03:17:16,43.3623313903809,-8.39340877532959,"Unknown"
"7014851",371865,2025-09-13 03:22:09,43.3622398376465,-8.39331817626953,"Unknown"
"7014851",371865,2025-09-13 03:27:09,43.3621597290039,-8.39335823059082,"Unknown"
"7014851",371865,2025-09-13 03:32:13,43.362232208252,-8.39326000213623,"Unknown"
"7014851",371865,2025-09-13 03:37:22,43.3625106811523,-8.39341926574707,"Unknown"
"7014851",371865,2025-09-13 03:42:12,43.3622131347656,-8.39332389831543,"Unknown"
"7014851",371865,2025-09-13 03:47:09,43.3622169494629,-8.39273166656494,"Unknown"
"7014851",371865,2025-09-13 03:52:23,43.3624114990234,-8.39307594299316,"Unknown"
"7014851",371865,2025-09-13 03:57:44,43.362377166748,-8.39322376251221,"Unknown"
"7014851",371865,2025-09-13 04:02:08,43.3625183105469,-8.3932933807373,"Unknown"
"7014851",371865,2025-09-13 04:07:08,43.3624954223633,-8.39336681365967,"Unknown"
"7014851",371865,2025-09-13 04:12:14,43.3624839782715,-8.39331722259521,"Unknown"
"7014851",371865,2025-09-13 04:17:11,43.3623733520508,-8.39291858673096,"Unknown"
"7014851",371865,2025-09-13 04:22:10,43.3624382019043,-8.39319515228271,"Unknown"
"7014851",371865,2025-09-13 04:27:19,43.3625564575195,-8.39309024810791,"Unknown"
"7014851",371865,2025-09-13 04:32:14,43.3627052307129,-8.3931827545166,"Unknown"
"7014851",371865,2025-09-13 04:37:19,43.3623237609863,-8.39315032958984,"Unknown"
"7014851",371865,2025-09-13 04:42:18,43.3625221252441,-8.39361095428467,"Unknown"
"7014851",371865,2025-09-13 04:47:35,43.3624610900879,-8.39312267303467,"Unknown"
"7014851",371865,2025-09-13 04:52:08,43.3624458312988,-8.39316940307617,"Unknown"
"7014851",371865,2025-09-13 04:57:09,43.3622817993164,-8.39315223693848,"Unknown"
"7014851",371865,2025-09-13 05:02:08,43.3635520935059,-8.40203285217285,"Unknown"
"7014851",371865,2025-09-13 05:07:09,43.3632431030273,-8.4041690826416,"Unknown"
"7014851",371865,2025-09-13 05:12:09,43.3632659912109,-8.40418720245361,"Unknown"
"7014851",371865,2025-09-13 05:17:09,43.3632621765137,-8.40420436859131,"Unknown"
"7014851",371865,2025-09-13 05:22:08,43.3632431030273,-8.40419864654541,"Unknown"
"7014851",371865,2025-09-13 05:27:18,43.3632545471191,-8.40421199798584,"Unknown"
"7014851",371865,2025-09-13 05:32:08,43.3633155822754,-8.40433311462402,"Unknown"
"7014851",371865,2025-09-13 05:37:08,43.3633422851562,-8.40415668487549,"Unknown"
"7014851",371865,2025-09-13 05:42:09,43.3632164001465,-8.40424633026123,"Unknown"
"7014851",371865,2025-09-13 05:47:09,43.363224029541,-8.40423202514648,"Unknown"
"7014851",371865,2025-09-13 05:52:09,43.36328125,-8.40419101715088,"Unknown"
"7014851",371865,2025-09-13 05:57:10,43.3632011413574,-8.40415096282959,"Unknown"
"7014851",371865,2025-09-13 06:02:08,43.3619995117188,-8.4039249420166,"Unknown"
"7014851",371865,2025-09-13 06:07:09,43.35302734375,-8.41777610778809,"Unknown"
"7014851",371865,2025-09-13 06:12:16,43.353214263916,-8.41795253753662,"Unknown"
"7014851",371865,2025-09-13 06:17:09,43.3477096557617,-8.44090843200684,"Unknown"
"7014851",371865,2025-09-13 06:22:09,43.3402252197266,-8.45407104492188,"Unknown"
"7014851",371865,2025-09-13 06:27:08,43.3414192199707,-8.45411396026611,"Unknown"
"7014851",371865,2025-09-13 06:32:08,43.3429298400879,-8.45189762115479,"Unknown"
"7014851",371865,2025-09-13 06:37:09,43.3429183959961,-8.45185852050781,"Unknown"
"7014851",371865,2025-09-13 06:42:09,43.3428802490234,-8.45170974731445,"Unknown"
"7014851",371865,2025-09-13 06:47:13,43.3428764343262,-8.45185279846191,"Unknown"
"7014851",371865,2025-09-13 06:52:16,43.3428916931152,-8.45186328887939,"Unknown"
"7014851",371865,2025-09-13 06:57:09,43.3545265197754,-8.45691394805908,"Unknown"
"7014851",371865,2025-09-13 07:02:11,43.3551826477051,-8.45823669433594,"Unknown"
"7014851",371865,2025-09-13 07:07:44,43.3551597595215,-8.45821380615234,"Unknown"
"7014851",371865,2025-09-13 07:12:26,43.3552627563477,-8.45830917358398,"Unknown"
"7014851",371865,2025-09-13 07:17:14,43.3552207946777,-8.45828723907471,"Unknown"
"7014851",371865,2025-09-13 07:22:10,43.3429145812988,-8.45144271850586,"Unknown"
"7014851",371865,2025-09-13 07:27:11,43.3240013122559,-8.47031116485596,"Unknown"
"7014851",371865,2025-09-13 07:32:08,43.301628112793,-8.4767017364502,"Unknown"
"7014851",371865,2025-09-13 07:37:09,43.2806816101074,-8.4702205657959,"Unknown"
"7014851",371865,2025-09-13 07:42:10,43.2525939941406,-8.45888900756836,"Unknown"
"7014851",371865,2025-09-13 07:47:35,43.2287445068359,-8.46975040435791,"Unknown"
"7014851",371865,2025-09-13 07:52:08,43.2059555053711,-8.46163558959961,"Unknown"
"7014851",371865,2025-09-13 07:57:08,43.1803321838379,-8.46140003204346,"Unknown"
"7014851",371865,2025-09-13 08:02:08,43.1572494506836,-8.46764659881592,"Unknown"
"7014851",371865,2025-09-13 08:07:07,43.1299667358398,-8.47012519836426,"Unknown"
"7014851",371865,2025-09-13 08:12:09,43.1322708129883,-8.46860313415527,"Unknown"
"7014851",371865,2025-09-13 08:17:26,43.1318359375,-8.46863651275635,"Unknown"
"7014851",371865,2025-09-13 08:22:42,43.1321640014648,-8.46866416931152,"Unknown"
"7014851",371865,2025-09-13 08:27:09,43.1329879760742,-8.46971225738525,"Unknown"
"7014851",371865,2025-09-13 08:32:12,43.1322021484375,-8.46892547607422,"Unknown"
"7014851",371865,2025-09-13 08:37:09,43.1320724487305,-8.46840476989746,"Unknown"
"7014851",371865,2025-09-13 08:42:10,43.1322288513184,-8.46867370605469,"Unknown"
"7014851",371865,2025-09-13 08:47:35,43.132251739502,-8.46867656707764,"Unknown"
"7014851",371865,2025-09-13 08:52:16,43.132152557373,-8.46872043609619,"Unknown"
"7014851",371865,2025-09-13 08:57:08,43.1323356628418,-8.46864795684814,"Unknown"
"7014851",371865,2025-09-13 09:02:12,43.1299095153809,-8.47068977355957,"Unknown"
"7014851",371865,2025-09-13 09:07:12,43.1298904418945,-8.47094058990479,"Unknown"
"7014851",371865,2025-09-13 09:12:09,43.1303253173828,-8.47103214263916,"Unknown"
"7014851",371865,2025-09-13 09:17:08,43.1303291320801,-8.4711332321167,"Unknown"
"7014851",371865,2025-09-13 09:22:19,43.1299209594727,-8.47064971923828,"Unknown"
"7014851",371865,2025-09-13 09:27:12,43.1300773620605,-8.47087383270264,"Unknown"
"7014851",371865,2025-09-13 09:32:15,43.1335067749023,-8.47018623352051,"Unknown"
"7014851",371865,2025-09-13 09:37:13,43.1334991455078,-8.47015857696533,"Unknown"
"7014851",371865,2025-09-13 09:42:10,43.1334953308105,-8.47013187408447,"Unknown"
"7014851",371865,2025-09-13 09:47:23,43.1335411071777,-8.47020626068115,"Unknown"
"7014851",371865,2025-09-13 09:52:21,43.1335525512695,-8.47017002105713,"Unknown"
"7014851",371865,2025-09-13 09:57:42,43.1335220336914,-8.47018623352051,"Unknown"
"7014851",371865,2025-09-13 10:02:16,43.1335182189941,-8.47007751464844,"Unknown"
"7014851",371865,2025-09-13 10:07:13,43.1335144042969,-8.47036933898926,"Unknown"
"7014851",371865,2025-09-13 10:12:11,43.1336898803711,-8.47054481506348,"Unknown"
"7014851",371865,2025-09-13 10:17:17,43.1335563659668,-8.47001552581787,"Unknown"
"7014851",371865,2025-09-13 10:22:09,43.1336402893066,-8.47020721435547,"Unknown"
"7014851",371865,2025-09-13 10:27:12,43.1333885192871,-8.46950435638428,"Unknown"
"7014851",371865,2025-09-13 10:32:12,43.1332817077637,-8.46736526489258,"Unknown"
"7014851",371865,2025-09-13 10:37:13,43.1336059570312,-8.47004413604736,"Unknown"
"7014851",371865,2025-09-13 10:42:12,43.1338348388672,-8.47116470336914,"Unknown"
"7014851",371865,2025-09-13 10:47:44,43.1333770751953,-8.47020435333252,"Unknown"
"7014851",371865,2025-09-13 10:52:09,43.1333999633789,-8.47073650360107,"Unknown"
"7014851",371865,2025-09-13 10:57:18,43.1335639953613,-8.47010803222656,"Unknown"
"7014851",371865,2025-09-13 11:02:12,43.1333923339844,-8.47010135650635,"Unknown"
"7014851",371865,2025-09-13 11:07:18,43.1334800720215,-8.47035694122314,"Unknown"
"7014851",371865,2025-09-13 11:12:10,43.1317558288574,-8.4727783203125,"Unknown"
"7014851",371865,2025-09-13 11:17:32,43.129524230957,-8.47067165374756,"Unknown"
"7014851",371865,2025-09-13 11:22:13,43.1293830871582,-8.47074794769287,"Unknown"
"7014851",371865,2025-09-13 11:27:18,43.1293563842773,-8.47078609466553,"Unknown"
"7014851",371865,2025-09-13 11:32:35,43.1294326782227,-8.4708366394043,"Unknown"
"7014851",371865,2025-09-13 11:37:10,43.1294250488281,-8.47089099884033,"Unknown"
"7014851",371865,2025-09-13 11:42:08,43.12939453125,-8.47097682952881,"Unknown"
"7014851",371865,2025-09-13 11:47:10,43.1294097900391,-8.47090148925781,"Unknown"
"7014851",371865,2025-09-13 11:52:08,43.1294898986816,-8.47085285186768,"Unknown"
"7014851",371865,2025-09-13 11:57:08,43.1293792724609,-8.47090911865234,"Unknown"
"7014851",371865,2025-09-13 12:02:07,43.1294021606445,-8.47097206115723,"Unknown"
"7014851",371865,2025-09-13 12:07:08,43.1294746398926,-8.47092437744141,"Unknown"
"7014851",371865,2025-09-13 12:12:07,43.1294631958008,-8.47098541259766,"Unknown"
"7014851",371865,2025-09-13 12:17:07,43.1294326782227,-8.47087669372559,"Unknown"
"7014851",371865,2025-09-13 12:22:08,43.1295204162598,-8.47093296051025,"Unknown"
"7014851",371865,2025-09-13 12:27:10,43.1294593811035,-8.47081089019775,"Unknown"
"7014851",371865,2025-09-13 12:32:08,43.1294441223145,-8.47093296051025,"Unknown"
"7014851",371865,2025-09-13 12:37:11,43.1294250488281,-8.47090530395508,"Unknown"
"7014851",371865,2025-09-13 12:42:08,43.1293296813965,-8.47088241577148,"Unknown"
"7014851",371865,2025-09-13 12:47:08,43.1293640136719,-8.47083950042725,"Unknown"
"7014851",371865,2025-09-13 12:52:08,43.1293601989746,-8.47091293334961,"Unknown"
"7014851",371865,2025-09-13 12:57:12,43.1294174194336,-8.47088432312012,"Unknown"
"7014851",371865,2025-09-13 13:02:13,43.1292610168457,-8.47081184387207,"Unknown"
"7014851",371865,2025-09-13 13:07:19,43.1293334960938,-8.47077655792236,"Unknown"
"7014851",371865,2025-09-13 13:12:19,43.1293907165527,-8.47087478637695,"Unknown"
"7014851",371865,2025-09-13 13:17:20,43.12939453125,-8.47085952758789,"Unknown"
"7014851",371865,2025-09-13 13:22:19,43.1299705505371,-8.46964836120605,"Unknown"
"7014851",371865,2025-09-13 13:27:35,43.1298408508301,-8.46957206726074,"Unknown"
"7014851",371865,2025-09-13 13:32:08,43.1299057006836,-8.46964836120605,"Unknown"
"7014851",371865,2025-09-13 13:37:08,43.1299209594727,-8.47036361694336,"Unknown"
"7014851",371865,2025-09-13 13:42:08,43.1298599243164,-8.47042369842529,"Unknown"
"7014851",371865,2025-09-13 13:47:08,43.1297836303711,-8.47046375274658,"Unknown"
"7014851",371865,2025-09-13 13:52:12,43.1305656433105,-8.47088241577148,"Unknown"
"7014851",371865,2025-09-13 13:57:07,43.1306457519531,-8.47085571289062,"Unknown"
"7014851",371865,2025-09-13 14:02:08,43.1306114196777,-8.4709415435791,"Unknown"
"7014851",371865,2025-09-13 14:07:07,43.1307182312012,-8.47086906433105,"Unknown"
"7014851",371865,2025-09-13 14:12:08,43.1307830810547,-8.47083854675293,"Unknown"
"7014851",371865,2025-09-13 14:17:09,43.1315650939941,-8.47183609008789,"Unknown"
"7014851",371865,2025-09-13 14:22:10,43.1300811767578,-8.46929168701172,"Unknown"
"7014851",371865,2025-09-13 14:27:07,43.1300430297852,-8.46939277648926,"Unknown"
"7014851",371865,2025-09-13 14:32:09,43.1301536560059,-8.46934795379639,"Unknown"
"7014851",371865,2025-09-13 14:37:08,43.1300048828125,-8.46938705444336,"Unknown"
"7014851",371865,2025-09-13 14:42:09,43.1304550170898,-8.47100353240967,"Unknown"
"7014851",371865,2025-09-13 14:47:09,43.1307029724121,-8.47121810913086,"Unknown"
"7014851",371865,2025-09-13 14:52:07,43.1304969787598,-8.47106266021729,"Unknown"
"7014851",371865,2025-09-13 14:57:09,43.1305885314941,-8.47099304199219,"Unknown"
"7014851",371865,2025-09-13 15:02:07,43.1306495666504,-8.4711389541626,"Unknown"
"7014851",371865,2025-09-13 15:07:07,43.1211547851562,-8.49263572692871,"Unknown"
"7014851",371865,2025-09-13 15:12:09,43.1007690429688,-8.50020790100098,"Unknown"
"7014851",371865,2025-09-13 15:17:09,43.1006660461426,-8.50049686431885,"Unknown"
"7014851",371865,2025-09-13 15:22:08,43.1008644104004,-8.50048637390137,"Unknown"
"7014851",371865,2025-09-13 15:27:08,43.1294441223145,-8.47089290618896,"Unknown"
"7014851",371865,2025-09-13 15:32:09,43.130069732666,-8.4703426361084,"Unknown"
"7014851",371865,2025-09-13 15:37:12,43.1298942565918,-8.47013282775879,"Unknown"
"7014851",371865,2025-09-13 15:42:10,43.1299781799316,-8.47020053863525,"Unknown"
"7014851",371865,2025-09-13 15:47:15,43.1298294067383,-8.47027969360352,"Unknown"
"7014851",371865,2025-09-13 15:52:12,43.1298599243164,-8.47026538848877,"Unknown"
"7014851",371865,2025-09-13 15:57:11,43.1298408508301,-8.47016334533691,"Unknown"
"7014851",371865,2025-09-13 16:02:44,43.1298294067383,-8.47025299072266,"Unknown"
"7014851",371865,2025-09-13 16:07:08,43.1297874450684,-8.47028064727783,"Unknown"
"7014851",371865,2025-09-13 16:12:07,43.1296501159668,-8.47016334533691,"Unknown"
"7014851",371865,2025-09-13 16:17:10,43.1296577453613,-8.47014904022217,"Unknown"
"7014851",371865,2025-09-13 16:22:09,43.1296920776367,-8.47018909454346,"Unknown"
"7014851",371865,2025-09-13 16:27:09,43.1298637390137,-8.47017192840576,"Unknown"
"7014851",371865,2025-09-13 16:32:15,43.1298446655273,-8.46992683410645,"Unknown"
"7014851",371865,2025-09-13 16:37:11,43.1300849914551,-8.46989250183105,"Unknown"
"7014851",371865,2025-09-13 16:42:13,43.1299858093262,-8.46975135803223,"Unknown"
"7014851",371865,2025-09-13 16:47:44,43.1300239562988,-8.46959590911865,"Unknown"
"7014851",371865,2025-09-13 16:52:08,43.1300621032715,-8.46933746337891,"Unknown"
"7014851",371865,2025-09-13 16:57:10,43.1301040649414,-8.46952629089355,"Unknown"
"7014851",371865,2025-09-13 17:02:11,43.1300010681152,-8.47000312805176,"Unknown"
"7014851",371865,2025-09-13 17:07:10,43.1300354003906,-8.46980381011963,"Unknown"
"7014851",371865,2025-09-13 17:12:13,43.1299133300781,-8.4699535369873,"Unknown"
"7014851",371865,2025-09-13 17:17:11,43.1300010681152,-8.46976470947266,"Unknown"
"7014851",371865,2025-09-13 17:22:10,43.1299819946289,-8.46938228607178,"Unknown"
"7014851",371865,2025-09-13 17:27:09,43.1300315856934,-8.46978378295898,"Unknown"
"7014851",371865,2025-09-13 17:32:35,43.1300048828125,-8.46959018707275,"Unknown"
"7014851",371865,2025-09-13 17:37:07,43.130241394043,-8.46953773498535,"Unknown"
"7014851",371865,2025-09-13 17:42:08,43.1300010681152,-8.46950054168701,"Unknown"
"7014851",371865,2025-09-13 17:47:08,43.1299781799316,-8.46961975097656,"Unknown"
"7014851",371865,2025-09-13 17:52:10,43.129997253418,-8.46957778930664,"Unknown"
"7014851",371865,2025-09-13 17:57:07,43.1299629211426,-8.4694766998291,"Unknown"
"7014851",371865,2025-09-13 18:02:11,43.129810333252,-8.46951770782471,"Unknown"
"7014851",371865,2025-09-13 18:07:13,43.1299591064453,-8.46962451934814,"Unknown"
"7014851",371865,2025-09-13 18:12:11,43.1300163269043,-8.4696626663208,"Unknown"
"7014851",371865,2025-09-13 18:17:18,43.1296119689941,-8.46953773498535,"Unknown"
"7014851",371865,2025-09-13 18:23:05,43.1303749084473,-8.470947265625,"Unknown"
"7014851",371865,2025-09-13 18:27:07,43.130256652832,-8.47094345092773,"Unknown"
"7014851",371865,2025-09-13 18:32:08,43.1303596496582,-8.47097206115723,"Unknown"
"7014851",371865,2025-09-13 18:37:09,43.1300048828125,-8.4707555770874,"Unknown"
"7014851",371865,2025-09-13 18:42:13,43.1304893493652,-8.47097015380859,"Unknown"
"7014851",371865,2025-09-13 18:47:07,43.1498184204102,-8.47443389892578,"Unknown"
"7014851",371865,2025-09-13 18:52:08,43.1842002868652,-8.43181705474854,"Unknown"
"7014851",371865,2025-09-13 18:57:07,43.194507598877,-8.42310810089111,"Unknown"
"7014851",371865,2025-09-13 19:02:08,43.1943817138672,-8.42299175262451,"Unknown"
"7014851",371865,2025-09-13 19:07:11,43.198055267334,-8.42501544952393,"Unknown"
"7014851",371865,2025-09-13 19:12:08,43.208740234375,-8.42850017547607,"Unknown"
"7014851",371865,2025-09-13 19:17:11,43.256046295166,-8.43120384216309,"Unknown"
"7014851",371865,2025-09-13 19:22:09,43.2980728149414,-8.40634918212891,"Unknown"
"7014851",371865,2025-09-13 19:27:09,43.3456535339355,-8.40474510192871,"Unknown"
"7014851",371865,2025-09-13 19:32:09,43.3621101379395,-8.39215183258057,"Unknown"
"7014851",371865,2025-09-13 19:37:12,43.3620986938477,-8.39199161529541,"Unknown"
"7014851",371865,2025-09-13 19:42:09,43.3618812561035,-8.39192771911621,"Unknown"
"7014851",371865,2025-09-13 19:47:13,43.3620529174805,-8.39211463928223,"Unknown"
"7014851",371865,2025-09-13 19:52:32,43.3629608154297,-8.39188861846924,"Unknown"
"7014851",371865,2025-09-13 19:57:08,43.3620872497559,-8.39197731018066,"Unknown"
"7014851",371865,2025-09-13 20:02:07,43.3618469238281,-8.39205932617188,"Unknown"
"7014851",371865,2025-09-13 20:07:08,43.362003326416,-8.39204025268555,"Unknown"
"7014851",371865,2025-09-13 20:12:07,43.3620529174805,-8.39199542999268,"Unknown"
"7014851",371865,2025-09-13 20:17:08,43.3619613647461,-8.39200592041016,"Unknown"
"7014851",371865,2025-09-13 20:22:08,43.3621406555176,-8.39211463928223,"Unknown"
"7014851",371865,2025-09-13 20:27:08,43.3618392944336,-8.39202785491943,"Unknown"
"7014851",371865,2025-09-13 20:32:08,43.3618202209473,-8.39213752746582,"Unknown"
"7014851",371865,2025-09-13 20:37:07,43.3619842529297,-8.3920783996582,"Unknown"
"7014851",371865,2025-09-13 20:42:08,43.3621635437012,-8.39239692687988,"Unknown"
"7014851",371865,2025-09-13 20:47:09,43.3620567321777,-8.39228439331055,"Unknown"
"7014851",371865,2025-09-13 20:52:09,43.3622283935547,-8.39239978790283,"Unknown"
"7014851",371865,2025-09-13 20:57:09,43.3623199462891,-8.39254570007324,"Unknown"
"7014851",371865,2025-09-13 21:02:11,43.3623924255371,-8.39261054992676,"Unknown"
"7014851",371865,2025-09-13 21:07:22,43.3620071411133,-8.39229488372803,"Unknown"
"7014851",371865,2025-09-13 21:12:44,43.3619956970215,-8.39226722717285,"Unknown"
"7014851",371865,2025-09-13 21:17:09,43.3621368408203,-8.39212417602539,"Unknown"
"7014851",371865,2025-09-13 21:22:08,43.3619918823242,-8.39236927032471,"Unknown"
"7014851",371865,2025-09-13 21:27:08,43.3620796203613,-8.39222621917725,"Unknown"
"7014851",371865,2025-09-13 21:32:10,43.3620223999023,-8.3923225402832,"Unknown"
"7014851",371865,2025-09-13 21:37:11,43.3618431091309,-8.39235019683838,"Unknown"
"7014851",371865,2025-09-13 21:42:08,43.362190246582,-8.39233875274658,"Unknown"
"7014851",371865,2025-09-13 21:47:34,43.3624267578125,-8.39221000671387,"Unknown"
"7014851",371865,2025-09-13 21:52:08,43.362419128418,-8.39212036132812,"Unknown"
"7014851",371865,2025-09-13 21:57:11,43.3621520996094,-8.3921947479248,"Unknown"
"7014851",371865,2025-09-13 22:02:13,43.3621292114258,-8.39242172241211,"Unknown"
"7014851",371865,2025-09-13 22:07:14,43.3621253967285,-8.39213752746582,"Unknown"
"7014851",371865,2025-09-13 22:12:10,43.3619232177734,-8.392578125,"Unknown"
"7014851",371865,2025-09-13 22:17:19,43.3620071411133,-8.39225673675537,"Unknown"
"7014851",371865,2025-09-13 22:22:10,43.3621673583984,-8.39182472229004,"Unknown"
"7014851",371865,2025-09-13 22:27:13,43.3620986938477,-8.39206600189209,"Unknown"
"7014851",371865,2025-09-13 22:32:33,43.362060546875,-8.39222526550293,"Unknown"
"7014851",371865,2025-09-13 22:37:12,43.3621559143066,-8.39222526550293,"Unknown"
"7014851",371865,2025-09-13 22:42:11,43.3618278503418,-8.39231872558594,"Unknown"
"7014851",371865,2025-09-13 22:47:11,43.3619232177734,-8.39223194122314,"Unknown"
"7014851",371865,2025-09-13 22:52:08,43.3619918823242,-8.39214706420898,"Unknown"
"7014851",371865,2025-09-13 22:57:08,43.3619537353516,-8.39208889007568,"Unknown"
"7014851",371865,2025-09-13 23:02:09,43.3619995117188,-8.39214134216309,"Unknown"
"7014851",371865,2025-09-13 23:07:08,43.3619194030762,-8.39208698272705,"Unknown"
"7014851",371865,2025-09-13 23:12:08,43.3619422912598,-8.39199066162109,"Unknown"
"7014851",371865,2025-09-13 23:17:07,43.3620338439941,-8.39215660095215,"Unknown"
"7014851",371865,2025-09-13 23:22:10,43.3619270324707,-8.39214515686035,"Unknown"
"7014851",371865,2025-09-13 23:27:08,43.3619689941406,-8.39199542999268,"Unknown"
"7014851",371865,2025-09-13 23:32:08,43.3619537353516,-8.39195156097412,"Unknown"
"7014851",371865,2025-09-13 23:37:07,43.3619804382324,-8.39203548431396,"Unknown"
"7014851",371865,2025-09-13 23:42:09,43.3620071411133,-8.39231300354004,"Unknown"
"7014851",371865,2025-09-13 23:47:09,43.3619194030762,-8.39186573028564,"Unknown"
"7014851",371865,2025-09-13 23:52:33,43.3618927001953,-8.39217853546143,"Unknown"
"7014851",371865,2025-09-13 23:57:06,43.3618392944336,-8.39219570159912,"Unknown"
"7014851",371865,2025-09-14 00:02:07,43.3614921569824,-8.3924036026001,"Unknown"
"7014851",371865,2025-09-14 00:07:15,43.3614883422852,-8.3923921585083,"Unknown"
"7014851",371865,2025-09-14 00:12:09,43.3615379333496,-8.39234256744385,"Unknown"
"7014851",371865,2025-09-14 00:17:11,43.3611526489258,-8.39229393005371,"Unknown"
"7014851",371865,2025-09-14 00:22:12,43.3616638183594,-8.39207744598389,"Unknown"
"7014851",371865,2025-09-14 00:27:20,43.3623466491699,-8.39204025268555,"Unknown"
"7014851",371865,2025-09-14 00:32:10,43.3619575500488,-8.39214611053467,"Unknown"
"7014851",371865,2025-09-14 00:37:08,43.3623008728027,-8.39229202270508,"Unknown"
"7014851",371865,2025-09-14 00:42:41,43.362003326416,-8.39230060577393,"Unknown"
"7014851",371865,2025-09-14 00:47:08,43.3620796203613,-8.39191150665283,"Unknown"
"7014851",371865,2025-09-14 00:52:06,43.3620376586914,-8.39202499389648,"Unknown"
"7014851",371865,2025-09-14 00:57:09,43.3621292114258,-8.39160919189453,"Unknown"
"7014851",371865,2025-09-14 01:02:17,43.3621292114258,-8.39209270477295,"Unknown"
"7014851",371865,2025-09-14 01:07:13,43.3620681762695,-8.39206886291504,"Unknown"
"7014851",371865,2025-09-14 01:12:11,43.3619575500488,-8.39185523986816,"Unknown"
"7014851",371865,2025-09-14 01:17:08,43.3620719909668,-8.39242362976074,"Unknown"
"7014851",371865,2025-09-14 01:22:11,43.362133026123,-8.393141746521,"Unknown"
"7014851",371865,2025-09-14 01:27:18,43.361888885498,-8.39162158966064,"Unknown"
"7014851",371865,2025-09-14 01:32:35,43.3619384765625,-8.39217853546143,"Unknown"
"7014851",371865,2025-09-14 01:37:06,43.3619842529297,-8.39214706420898,"Unknown"
"7014851",371865,2025-09-14 01:42:06,43.3619766235352,-8.39216232299805,"Unknown"
"7014851",371865,2025-09-14 01:47:06,43.3619499206543,-8.39219856262207,"Unknown"
"7014851",371865,2025-09-14 01:52:07,43.3620948791504,-8.39209270477295,"Unknown"
"7014851",371865,2025-09-14 01:57:07,43.3620109558105,-8.39218044281006,"Unknown"
"7014851",371865,2025-09-14 02:02:07,43.3619155883789,-8.39224815368652,"Unknown"
"7014851",371865,2025-09-14 02:07:06,43.3620223999023,-8.39209938049316,"Unknown"
"7014851",371865,2025-09-14 02:12:07,43.3620529174805,-8.39214611053467,"Unknown"
"7014851",371865,2025-09-14 02:17:06,43.3620338439941,-8.39217853546143,"Unknown"
"7014851",371865,2025-09-14 02:22:06,43.3620376586914,-8.39215087890625,"Unknown"
"7014851",371865,2025-09-14 02:27:07,43.361930847168,-8.39220905303955,"Unknown"
"7014851",371865,2025-09-14 02:32:08,43.3620452880859,-8.3921594619751,"Unknown"
"7014851",371865,2025-09-14 02:37:07,43.3620185852051,-8.3922233581543,"Unknown"
"7014851",371865,2025-09-14 02:42:06,43.3620338439941,-8.3921365737915,"Unknown"
"7014851",371865,2025-09-14 02:47:06,43.3619384765625,-8.39214134216309,"Unknown"
"7014851",371865,2025-09-14 02:52:07,43.3620109558105,-8.39220142364502,"Unknown"
"7014851",371865,2025-09-14 02:57:07,43.361988067627,-8.39218711853027,"Unknown"
"7014851",371865,2025-09-14 03:02:06,43.3620223999023,-8.39214324951172,"Unknown"
"7014851",371865,2025-09-14 03:07:07,43.3619842529297,-8.39206790924072,"Unknown"
"7014851",371865,2025-09-14 03:12:44,43.3619956970215,-8.39216423034668,"Unknown"
"7014851",371865,2025-09-14 03:17:06,43.362060546875,-8.39216804504395,"Unknown"
"7014851",371865,2025-09-14 03:22:07,43.3620414733887,-8.39224529266357,"Unknown"
"7014851",371865,2025-09-14 03:27:06,43.3620452880859,-8.39224815368652,"Unknown"
"7014851",371865,2025-09-14 03:32:12,43.3618469238281,-8.3921537399292,"Unknown"
"7014851",371865,2025-09-14 03:37:10,43.3619651794434,-8.39217853546143,"Unknown"
"7014851",371865,2025-09-14 03:42:18,43.3620872497559,-8.39213085174561,"Unknown"
"7014851",371865,2025-09-14 03:47:36,43.3621139526367,-8.39230251312256,"Unknown"
"7014851",371865,2025-09-14 03:52:12,43.3621444702148,-8.39229774475098,"Unknown"
"7014851",371865,2025-09-14 03:57:20,43.3621139526367,-8.3922061920166,"Unknown"
"7014851",371865,2025-09-14 04:02:35,43.3620758056641,-8.39213180541992,"Unknown"
"7014851",371865,2025-09-14 04:07:13,43.362190246582,-8.39202690124512,"Unknown"
"7014851",371865,2025-09-14 04:12:09,43.362060546875,-8.39214038848877,"Unknown"
"7014851",371865,2025-09-14 04:17:06,43.3619918823242,-8.39212322235107,"Unknown"
"7014851",371865,2025-09-14 04:22:06,43.3621292114258,-8.39205741882324,"Unknown"
"7014851",371865,2025-09-14 04:27:06,43.3619842529297,-8.39210033416748,"Unknown"
"7014851",371865,2025-09-14 04:32:06,43.3619956970215,-8.39213466644287,"Unknown"
"7014851",371865,2025-09-14 04:37:06,43.3619995117188,-8.39212799072266,"Unknown"
"7014851",371865,2025-09-14 04:42:06,43.3620681762695,-8.39207172393799,"Unknown"
"7014851",371865,2025-09-14 04:47:06,43.3620071411133,-8.39214324951172,"Unknown"
"7014851",371865,2025-09-14 04:52:06,43.3620109558105,-8.39212226867676,"Unknown"
"7014851",371865,2025-09-14 04:57:07,43.3619613647461,-8.39218044281006,"Unknown"
"7014851",371865,2025-09-14 05:02:07,43.3619842529297,-8.3921594619751,"Unknown"
"7014851",371865,2025-09-14 05:07:07,43.3620300292969,-8.39221572875977,"Unknown"
"7014851",371865,2025-09-14 05:12:09,43.3620071411133,-8.39217376708984,"Unknown"
"7014851",371865,2025-09-14 05:17:06,43.362003326416,-8.39216709136963,"Unknown"
"7014851",371865,2025-09-14 05:22:07,43.3620338439941,-8.39222145080566,"Unknown"
"7014851",371865,2025-09-14 05:27:07,43.3619651794434,-8.39217758178711,"Unknown"
"7014851",371865,2025-09-14 05:32:07,43.3619995117188,-8.39222145080566,"Unknown"
"7014851",371865,2025-09-14 05:37:08,43.3620223999023,-8.3922290802002,"Unknown"
"7014851",371865,2025-09-14 05:42:10,43.3622856140137,-8.39241600036621,"Unknown"
"7014851",371865,2025-09-14 05:47:06,43.3620910644531,-8.392165184021,"Unknown"
"7014851",371865,2025-09-14 05:52:06,43.3621635437012,-8.39229774475098,"Unknown"
"7014851",371865,2025-09-14 05:57:08,43.3617820739746,-8.39201545715332,"Unknown"
"7014851",371865,2025-09-14 06:02:08,43.3621101379395,-8.39232063293457,"Unknown"
"7014851",371865,2025-09-14 06:07:09,43.3622055053711,-8.39225196838379,"Unknown"
"7014851",371865,2025-09-14 06:12:10,43.3620376586914,-8.39220142364502,"Unknown"
"7014851",371865,2025-09-14 06:17:16,43.3621520996094,-8.39218711853027,"Unknown"
"7014851",371865,2025-09-14 06:22:12,43.3619194030762,-8.39210319519043,"Unknown"
"7014851",371865,2025-09-14 06:27:08,43.3620338439941,-8.39216709136963,"Unknown"
"7014851",371865,2025-09-14 06:32:27,43.3620071411133,-8.39216423034668,"Unknown"
"7014851",371865,2025-09-14 06:37:07,43.3579216003418,-8.39658069610596,"Unknown"
"7014851",371865,2025-09-14 06:42:09,43.3526611328125,-8.4179105758667,"Unknown"
"7014851",371865,2025-09-14 06:47:10,43.3526802062988,-8.41785526275635,"Unknown"
"7014851",371865,2025-09-14 06:52:35,43.3526802062988,-8.41791820526123,"Unknown"
"7014851",371865,2025-09-14 06:57:06,43.352710723877,-8.41801166534424,"Unknown"
"7014851",371865,2025-09-14 07:02:11,43.3526725769043,-8.41776657104492,"Unknown"
"7014851",371865,2025-09-14 07:07:09,43.3525505065918,-8.41799163818359,"Unknown"
"7014851",371865,2025-09-14 07:12:15,43.3525581359863,-8.41791820526123,"Unknown"
"7014851",371865,2025-09-14 07:17:32,43.3526878356934,-8.41795063018799,"Unknown"
"7014851",371865,2025-09-14 07:22:07,43.3525543212891,-8.41788387298584,"Unknown"
"7014851",371865,2025-09-14 07:27:07,43.3531036376953,-8.41831111907959,"Unknown"
"7014851",371865,2025-09-14 07:32:07,43.352710723877,-8.41796112060547,"Unknown"
"7014851",371865,2025-09-14 07:37:06,43.3526229858398,-8.41786575317383,"Unknown"
"7014851",371865,2025-09-14 07:42:06,43.3527374267578,-8.41791439056396,"Unknown"
"7014851",371865,2025-09-14 07:47:12,43.3526878356934,-8.41798496246338,"Unknown"
"7014851",371865,2025-09-14 07:52:06,43.3528175354004,-8.41784858703613,"Unknown"
"7014851",371865,2025-09-14 07:57:06,43.3525276184082,-8.41778182983398,"Unknown"
"7014851",371865,2025-09-14 08:02:06,43.3527145385742,-8.41805076599121,"Unknown"
"7014851",371865,2025-09-14 08:07:06,43.3527374267578,-8.41787910461426,"Unknown"
"7014851",371865,2025-09-14 08:12:06,43.3527603149414,-8.41799545288086,"Unknown"
"7014851",371865,2025-09-14 08:17:07,43.3527870178223,-8.41805553436279,"Unknown"
"7014851",371865,2025-09-14 08:22:06,43.3527793884277,-8.41806888580322,"Unknown"
"7014851",371865,2025-09-14 08:27:06,43.3526573181152,-8.41785621643066,"Unknown"
"7014851",371865,2025-09-14 08:32:08,43.3527030944824,-8.41790580749512,"Unknown"
"7014851",371865,2025-09-14 08:37:08,43.3527145385742,-8.41793251037598,"Unknown"
"7014851",371865,2025-09-14 08:42:10,43.3528289794922,-8.41810512542725,"Unknown"
"7014851",371865,2025-09-14 08:47:09,43.3526229858398,-8.41789054870605,"Unknown"
"7014851",371865,2025-09-14 08:52:18,43.3527145385742,-8.41794967651367,"Unknown"
"7014851",371865,2025-09-14 08:57:18,43.3528938293457,-8.41816711425781,"Unknown"
"7014851",371865,2025-09-14 09:02:30,43.3534088134766,-8.41866779327393,"Unknown"
"7014851",371865,2025-09-14 09:07:35,43.3527450561523,-8.41792964935303,"Unknown"
"7014851",371865,2025-09-14 09:12:06,43.3527374267578,-8.41797161102295,"Unknown"
"7014851",371865,2025-09-14 09:17:07,43.3527908325195,-8.41798686981201,"Unknown"
"7014851",371865,2025-09-14 09:22:07,43.3526954650879,-8.41792678833008,"Unknown"
"7014851",371865,2025-09-14 09:27:06,43.3527336120605,-8.41792297363281,"Unknown"
"7014851",371865,2025-09-14 09:32:07,43.3527679443359,-8.41796016693115,"Unknown"
"7014851",371865,2025-09-14 09:37:06,43.3527030944824,-8.41791248321533,"Unknown"
"7014851",371865,2025-09-14 09:42:07,43.352710723877,-8.4179220199585,"Unknown"
"7014851",371865,2025-09-14 09:47:07,43.3527603149414,-8.41798877716064,"Unknown"
"7014851",371865,2025-09-14 09:52:06,43.3526649475098,-8.41788482666016,"Unknown"
"7014851",371865,2025-09-14 09:57:07,43.3526802062988,-8.417893409729,"Unknown"
"7014851",371865,2025-09-14 10:02:06,43.3526916503906,-8.41792678833008,"Unknown"
"7014851",371865,2025-09-14 10:07:06,43.3526916503906,-8.41791343688965,"Unknown"
"7014851",371865,2025-09-14 10:12:06,43.3527336120605,-8.41796970367432,"Unknown"
"7014851",371865,2025-09-14 10:17:07,43.3527145385742,-8.41792106628418,"Unknown"
"7014851",371865,2025-09-14 10:22:06,43.3527908325195,-8.41796398162842,"Unknown"
"7014851",371865,2025-09-14 10:27:06,43.3475799560547,-8.43942070007324,"Unknown"
"7014851",371865,2025-09-14 10:32:07,43.3407859802246,-8.45402431488037,"Unknown"
"7014851",371865,2025-09-14 10:37:06,43.3409309387207,-8.45408916473389,"Unknown"
"7014851",371865,2025-09-14 10:42:08,43.3409996032715,-8.45534038543701,"Unknown"
"7014851",371865,2025-09-14 10:47:10,43.3409423828125,-8.45510292053223,"Unknown"
"7014851",371865,2025-09-14 10:52:42,43.3408966064453,-8.45521068572998,"Unknown"
"7014851",371865,2025-09-14 10:57:07,43.3410224914551,-8.45536231994629,"Unknown"
"7014851",371865,2025-09-14 11:02:07,43.3410415649414,-8.45535182952881,"Unknown"
"7014851",371865,2025-09-14 11:07:35,43.3407592773438,-8.45512580871582,"Unknown"
"7014851",371865,2025-09-14 11:12:07,43.3408050537109,-8.45592975616455,"Unknown"
"7014851",371865,2025-09-14 11:17:08,43.340690612793,-8.4558219909668,"Unknown"
"7014851",371865,2025-09-14 11:22:07,43.3403968811035,-8.45463466644287,"Unknown"
"7014851",371865,2025-09-14 11:27:08,43.340518951416,-8.45452785491943,"Unknown"
"7014851",371865,2025-09-14 11:32:06,43.3405647277832,-8.45466804504395,"Unknown"
"7014851",371865,2025-09-14 11:37:07,43.3401679992676,-8.45460796356201,"Unknown"
"7014851",371865,2025-09-14 11:42:06,43.3399696350098,-8.45475482940674,"Unknown"
"7014851",371865,2025-09-14 11:47:06,43.3403396606445,-8.45419120788574,"Unknown"
"7014851",371865,2025-09-14 11:52:06,43.3412818908691,-8.45408630371094,"Unknown"
"7014851",371865,2025-09-14 11:57:09,43.341194152832,-8.45398902893066,"Unknown"
"7014851",371865,2025-09-14 12:02:09,43.3411445617676,-8.45413589477539,"Unknown"
"7014851",371865,2025-09-14 12:07:09,43.3412284851074,-8.45405197143555,"Unknown"
"7014851",371865,2025-09-14 12:12:10,43.3410453796387,-8.45373249053955,"Unknown"
"7014851",371865,2025-09-14 12:17:12,43.3415145874023,-8.45435237884521,"Unknown"
"7014851",371865,2025-09-14 12:22:09,43.3412399291992,-8.45411968231201,"Unknown"
"7014851",371865,2025-09-14 12:27:10,43.3413314819336,-8.45411777496338,"Unknown"
"7014851",371865,2025-09-14 12:32:10,43.341480255127,-8.45440483093262,"Unknown"
"7014851",371865,2025-09-14 12:37:08,43.3499946594238,-8.42240047454834,"Unknown"
"7014851",371865,2025-09-14 12:42:08,43.3497924804688,-8.42206382751465,"Unknown"
"7014851",371865,2025-09-14 12:47:09,43.3497734069824,-8.42207622528076,"Unknown"
"7014851",371865,2025-09-14 12:52:09,43.3497276306152,-8.42213153839111,"Unknown"
"7014851",371865,2025-09-14 12:57:08,43.3498191833496,-8.42218685150146,"Unknown"
"7014851",371865,2025-09-14 13:02:10,43.3499031066895,-8.42232418060303,"Unknown"
"7014851",371865,2025-09-14 13:07:11,43.3496780395508,-8.42219352722168,"Unknown"
"7014851",371865,2025-09-14 13:12:18,43.3497619628906,-8.42215442657471,"Unknown"
"7014851",371865,2025-09-14 13:17:09,43.3498954772949,-8.42244720458984,"Unknown"
"7014851",371865,2025-09-14 13:22:17,43.3498878479004,-8.42222499847412,"Unknown"
"7014851",371865,2025-09-14 13:27:44,43.3497314453125,-8.42225074768066,"Unknown"
"7014851",371865,2025-09-14 13:32:10,43.3497009277344,-8.42209053039551,"Unknown"
"7014851",371865,2025-09-14 13:37:29,43.3498687744141,-8.42249774932861,"Unknown"
"7014851",371865,2025-09-14 13:42:10,43.3496589660645,-8.42214584350586,"Unknown"
"7014851",371865,2025-09-14 13:47:35,43.3496246337891,-8.42206573486328,"Unknown"
"7014851",371865,2025-09-14 13:52:06,43.3497047424316,-8.42205429077148,"Unknown"
"7014851",371865,2025-09-14 13:57:13,43.3496246337891,-8.42220878601074,"Unknown"
"7014851",371865,2025-09-14 14:02:35,43.3496742248535,-8.42216682434082,"Unknown"
"7014851",371865,2025-09-14 14:07:06,43.3496170043945,-8.42226886749268,"Unknown"
"7014851",371865,2025-09-14 14:12:13,43.349681854248,-8.42218780517578,"Unknown"
"7014851",371865,2025-09-14 14:17:11,43.3496513366699,-8.42218685150146,"Unknown"
"7014851",371865,2025-09-14 14:22:24,43.3496398925781,-8.42222309112549,"Unknown"
"7014851",371865,2025-09-14 14:27:06,43.349739074707,-8.42214298248291,"Unknown"
"7014851",371865,2025-09-14 14:32:06,43.349666595459,-8.42213726043701,"Unknown"
"7014851",371865,2025-09-14 14:37:06,43.3496170043945,-8.42223072052002,"Unknown"
"7014851",371865,2025-09-14 14:42:06,43.3496932983398,-8.42214298248291,"Unknown"
"7014851",371865,2025-09-14 14:47:07,43.3497009277344,-8.42217826843262,"Unknown"
"7014851",371865,2025-09-14 14:52:08,43.3497123718262,-8.42216110229492,"Unknown"
"7014851",371865,2025-09-14 14:57:05,43.3498229980469,-8.42219734191895,"Unknown"
"7014851",371865,2025-09-14 15:02:05,43.3495864868164,-8.42223072052002,"Unknown"
"7014851",371865,2025-09-14 15:07:18,43.3497581481934,-8.42218399047852,"Unknown"
"7014851",371865,2025-09-14 15:12:06,43.3498344421387,-8.42217063903809,"Unknown"
"7014851",371865,2025-09-14 15:17:06,43.3496780395508,-8.42220878601074,"Unknown"
"7014851",371865,2025-09-14 15:22:08,43.3499794006348,-8.42214965820312,"Unknown"
"7014851",371865,2025-09-14 15:27:09,43.3496360778809,-8.42206573486328,"Unknown"
"7014851",371865,2025-09-14 15:32:08,43.3495101928711,-8.42200374603271,"Unknown"
"7014851",371865,2025-09-14 15:37:15,43.349853515625,-8.42229270935059,"Unknown"
"7014851",371865,2025-09-14 15:42:08,43.3496437072754,-8.42206192016602,"Unknown"
"7014851",371865,2025-09-14 15:47:18,43.3496246337891,-8.42209148406982,"Unknown"
"7014851",371865,2025-09-14 15:52:08,43.3499984741211,-8.42245960235596,"Unknown"
"7014851",371865,2025-09-14 15:57:33,43.3497428894043,-8.42209434509277,"Unknown"
"7014851",371865,2025-09-14 16:02:06,43.3498611450195,-8.42187023162842,"Unknown"
"7014851",371865,2025-09-14 16:07:09,43.3497009277344,-8.42219352722168,"Unknown"
"7014851",371865,2025-09-14 16:12:16,43.3496780395508,-8.42214870452881,"Unknown"
"7014851",371865,2025-09-14 16:17:05,43.3510818481445,-8.42191123962402,"Unknown"
"7014851",371865,2025-09-14 16:22:06,43.3657722473145,-8.42392921447754,"Unknown"
"7014851",371865,2025-09-14 16:27:09,43.3693656921387,-8.41585254669189,"Unknown"
"7014851",371865,2025-09-14 16:32:08,43.3692779541016,-8.41558742523193,"Unknown"
"7014851",371865,2025-09-14 16:37:06,43.369255065918,-8.41569995880127,"Unknown"
"7014851",371865,2025-09-14 16:42:06,43.3693962097168,-8.41541290283203,"Unknown"
"7014851",371865,2025-09-14 16:47:07,43.3692970275879,-8.41569232940674,"Unknown"
"7014851",371865,2025-09-14 16:52:05,43.3693466186523,-8.41560649871826,"Unknown"
"7014851",371865,2025-09-14 16:57:05,43.3693199157715,-8.41557025909424,"Unknown"
"7014851",371865,2025-09-14 17:02:08,43.3693199157715,-8.41561126708984,"Unknown"
"7014851",371865,2025-09-14 17:07:08,43.3693161010742,-8.41559410095215,"Unknown"
"7014851",371865,2025-09-14 17:12:05,43.3694686889648,-8.415602684021,"Unknown"
"7014851",371865,2025-09-14 17:17:05,43.3693199157715,-8.41557312011719,"Unknown"
"7014851",371865,2025-09-14 17:22:05,43.3695030212402,-8.41552543640137,"Unknown"
"7014851",371865,2025-09-14 17:27:10,43.3693237304688,-8.41564655303955,"Unknown"
"7014851",371865,2025-09-14 17:32:06,43.369312286377,-8.41552448272705,"Unknown"
"7014851",371865,2025-09-14 17:37:08,43.369384765625,-8.41557884216309,"Unknown"
"7014851",371865,2025-09-14 17:42:05,43.3692588806152,-8.41556930541992,"Unknown"
"7014851",371865,2025-09-14 17:47:05,43.369312286377,-8.41558170318604,"Unknown"
"7014851",371865,2025-09-14 17:52:05,43.369197845459,-8.41557216644287,"Unknown"
"7014851",371865,2025-09-14 17:57:06,43.3693771362305,-8.41557693481445,"Unknown"
"7014851",371865,2025-09-14 18:02:35,43.3692474365234,-8.41559219360352,"Unknown"
"7014851",371865,2025-09-14 18:07:05,43.3692588806152,-8.41562461853027,"Unknown"
"7014851",371865,2025-09-14 18:12:06,43.3692588806152,-8.41557216644287,"Unknown"
"7014851",371865,2025-09-14 18:17:06,43.3692474365234,-8.41564846038818,"Unknown"
"7014851",371865,2025-09-14 18:22:05,43.369270324707,-8.41563987731934,"Unknown"
"7014851",371865,2025-09-14 18:27:06,43.3692779541016,-8.41565322875977,"Unknown"
"7014851",371865,2025-09-14 18:32:05,43.3693046569824,-8.41560935974121,"Unknown"
"7014851",371865,2025-09-14 18:37:05,43.3800773620605,-8.41677665710449,"Unknown"
"7014851",371865,2025-09-14 18:42:05,43.3642158508301,-8.39723873138428,"Unknown"
"7014851",371865,2025-09-14 18:47:08,43.3633422851562,-8.39412784576416,"Unknown"
"7014851",371865,2025-09-14 18:52:12,43.3637504577637,-8.39444255828857,"Unknown"
"7014851",371865,2025-09-14 18:57:08,43.363208770752,-8.3939905166626,"Unknown"
"7014851",371865,2025-09-14 19:02:17,43.3636512756348,-8.39466285705566,"Unknown"
"7014851",371865,2025-09-14 19:07:07,43.3635597229004,-8.39434623718262,"Unknown"
"7014851",371865,2025-09-14 19:12:20,43.3636093139648,-8.39461994171143,"Unknown"
"7014851",371865,2025-09-14 19:17:33,43.3635025024414,-8.3945140838623,"Unknown"
"7014851",371865,2025-09-14 19:22:15,43.363525390625,-8.39455986022949,"Unknown"
"7014851",371865,2025-09-14 19:27:07,43.3634376525879,-8.3945837020874,"Unknown"
"7014851",371865,2025-09-14 19:32:08,43.3636283874512,-8.39462661743164,"Unknown"
"7014851",371865,2025-09-14 19:37:06,43.3634643554688,-8.39451503753662,"Unknown"
"7014851",371865,2025-09-14 19:42:08,43.3634643554688,-8.39453792572021,"Unknown"
"7014851",371865,2025-09-14 19:47:12,43.3636474609375,-8.39448928833008,"Unknown"
"7014851",371865,2025-09-14 19:52:44,43.3635559082031,-8.39459896087646,"Unknown"
"7014851",371865,2025-09-14 19:57:09,43.3630142211914,-8.39428997039795,"Unknown"
"7014851",371865,2025-09-14 20:02:07,43.3633918762207,-8.3948392868042,"Unknown"
"7014851",371865,2025-09-14 20:07:10,43.3635330200195,-8.394362449646,"Unknown"
"7014851",371865,2025-09-14 20:12:06,43.3634338378906,-8.39476013183594,"Unknown"
"7014851",371865,2025-09-14 20:17:07,43.3633842468262,-8.3947286605835,"Unknown"
"7014851",371865,2025-09-14 20:22:06,43.3635368347168,-8.39448261260986,"Unknown"
"7014851",371865,2025-09-14 20:27:05,43.3634338378906,-8.39453506469727,"Unknown"
"7014851",371865,2025-09-14 20:32:06,43.3636512756348,-8.39442348480225,"Unknown"
"7014851",371865,2025-09-14 20:37:08,43.3634071350098,-8.39451122283936,"Unknown"
"7014851",371865,2025-09-14 20:42:08,43.3636322021484,-8.39452171325684,"Unknown"
"7014851",371865,2025-09-14 20:47:35,43.3633651733398,-8.39444255828857,"Unknown"
"7014851",371865,2025-09-14 20:52:05,43.3636474609375,-8.39417171478271,"Unknown"
"7014851",371865,2025-09-14 20:57:05,43.3632850646973,-8.39494037628174,"Unknown"
"7014851",371865,2025-09-14 21:02:09,43.3634948730469,-8.39491558074951,"Unknown"
"7014851",371865,2025-09-14 21:07:10,43.3631896972656,-8.39520263671875,"Unknown"
"7014851",371865,2025-09-14 21:12:44,43.3633270263672,-8.39470100402832,"Unknown"
"7014851",371865,2025-09-14 21:17:05,43.3630256652832,-8.39513874053955,"Unknown"
"7014851",371865,2025-09-14 21:22:05,43.3634605407715,-8.39472961425781,"Unknown"
"7014851",371865,2025-09-14 21:27:05,43.3632164001465,-8.39482021331787,"Unknown"
"7014851",371865,2025-09-14 21:32:05,43.3633918762207,-8.39468765258789,"Unknown"
"7014851",371865,2025-09-14 21:37:06,43.363410949707,-8.39464473724365,"Unknown"
"7014851",371865,2025-09-14 21:42:06,43.3633766174316,-8.39441967010498,"Unknown"
"7014851",371865,2025-09-14 21:47:35,43.363395690918,-8.39468383789062,"Unknown"
"7014851",371865,2025-09-14 21:52:06,43.3634376525879,-8.39450359344482,"Unknown"
"7014851",371865,2025-09-14 21:57:06,43.363697052002,-8.39456462860107,"Unknown"
"7014851",371865,2025-09-14 22:02:13,43.3635864257812,-8.39454174041748,"Unknown"
"7014851",371865,2025-09-14 22:07:06,43.3631858825684,-8.39458274841309,"Unknown"
"7014851",371865,2025-09-14 22:12:06,43.3633995056152,-8.39444923400879,"Unknown"
"7014851",371865,2025-09-14 22:17:06,43.3633193969727,-8.39454555511475,"Unknown"
"7014851",371865,2025-09-14 22:22:05,43.3636169433594,-8.39422988891602,"Unknown"
"7014851",371865,2025-09-14 22:27:12,43.3633728027344,-8.39453029632568,"Unknown"
"7014851",371865,2025-09-14 22:32:07,43.3634605407715,-8.3944787979126,"Unknown"
"7014851",371865,2025-09-14 22:37:09,43.3633079528809,-8.39464950561523,"Unknown"
"7014851",371865,2025-09-14 22:42:08,43.3632507324219,-8.39468097686768,"Unknown"
"7014851",371865,2025-09-14 22:47:09,43.363166809082,-8.39416694641113,"Unknown"
"7014851",371865,2025-09-14 22:52:10,43.3633842468262,-8.39441585540771,"Unknown"
"7014851",371865,2025-09-14 22:57:15,43.3631820678711,-8.39516544342041,"Unknown"
"7014851",371865,2025-09-14 23:02:26,43.3634223937988,-8.39446830749512,"Unknown"
"7014851",371865,2025-09-14 23:07:06,43.3634033203125,-8.39458656311035,"Unknown"
"7014851",371865,2025-09-14 23:12:12,43.3634834289551,-8.39469528198242,"Unknown"
"7014851",371865,2025-09-14 23:17:06,43.3633499145508,-8.39437675476074,"Unknown"
"7014851",371865,2025-09-14 23:22:06,43.3633232116699,-8.39463806152344,"Unknown"
"7014851",371865,2025-09-14 23:27:07,43.363452911377,-8.39461612701416,"Unknown"
"7014851",371865,2025-09-14 23:32:07,43.3634414672852,-8.39446353912354,"Unknown"
"7014851",371865,2025-09-14 23:37:05,43.3634643554688,-8.39456939697266,"Unknown"
"7014851",371865,2025-09-14 23:42:06,43.3633346557617,-8.39506435394287,"Unknown"
"7014851",371865,2025-09-14 23:47:33,43.3632392883301,-8.39510726928711,"Unknown"
"7014851",371865,2025-09-14 23:52:06,43.3633842468262,-8.39511394500732,"Unknown"
"7014851",371865,2025-09-14 23:57:06,43.3632354736328,-8.39516830444336,"Unknown"
"7014851",371865,2025-09-15 00:02:06,43.363410949707,-8.39469432830811,"Unknown"
"7014851",371865,2025-09-15 00:07:12,43.363338470459,-8.39490032196045,"Unknown"
"7014851",371865,2025-09-15 00:12:08,43.3631172180176,-8.39473056793213,"Unknown"
"7014851",371865,2025-09-15 00:17:11,43.3632011413574,-8.39520740509033,"Unknown"
"7014851",371865,2025-09-15 00:22:12,43.3636322021484,-8.39445877075195,"Unknown"
"7014851",371865,2025-09-15 00:27:18,43.3636627197266,-8.39490222930908,"Unknown"
"7014851",371865,2025-09-15 00:32:07,43.3632354736328,-8.39502239227295,"Unknown"
"7014851",371865,2025-09-15 00:37:35,43.3632583618164,-8.39527797698975,"Unknown"
"7014851",371865,2025-09-15 00:42:05,43.3632965087891,-8.39489078521729,"Unknown"
"7014851",371865,2025-09-15 00:47:07,43.3633308410645,-8.39483451843262,"Unknown"
"7014851",371865,2025-09-15 00:52:08,43.3633728027344,-8.39487171173096,"Unknown"
"7014851",371865,2025-09-15 00:57:08,43.3633613586426,-8.39466381072998,"Unknown"
"7014851",371865,2025-09-15 01:02:10,43.3634185791016,-8.39475345611572,"Unknown"
"7014851",371865,2025-09-15 01:07:10,43.3634490966797,-8.39499664306641,"Unknown"
"7014851",371865,2025-09-15 01:12:12,43.3633041381836,-8.39522743225098,"Unknown"
"7014851",371865,2025-09-15 01:17:07,43.3634071350098,-8.39501285552979,"Unknown"
"7014851",371865,2025-09-15 01:22:06,43.3634033203125,-8.39489459991455,"Unknown"
"7014851",371865,2025-09-15 01:27:06,43.363208770752,-8.39484310150146,"Unknown"
"7014851",371865,2025-09-15 01:32:16,43.3632698059082,-8.39474964141846,"Unknown"
"7014851",371865,2025-09-15 01:37:07,43.363468170166,-8.39506149291992,"Unknown"
"7014851",371865,2025-09-15 01:42:08,43.3632431030273,-8.39481735229492,"Unknown"
"7014851",371865,2025-09-15 01:47:09,43.3634185791016,-8.39558982849121,"Unknown"
"7014851",371865,2025-09-15 01:52:35,43.3632164001465,-8.39500427246094,"Unknown"
"7014851",371865,2025-09-15 01:57:06,43.3634986877441,-8.39511108398438,"Unknown"
"7014851",371865,2025-09-15 02:02:35,43.3632774353027,-8.39511680603027,"Unknown"
"7014851",371865,2025-09-15 02:07:05,43.3631286621094,-8.39496994018555,"Unknown"
"7014851",371865,2025-09-15 02:12:06,43.3633842468262,-8.3952112197876,"Unknown"
"7014851",371865,2025-09-15 02:17:06,43.3632507324219,-8.395094871521,"Unknown"
"7014851",371865,2025-09-15 02:22:05,43.3633041381836,-8.39493846893311,"Unknown"
"7014851",371865,2025-09-15 02:27:06,43.3633651733398,-8.39524078369141,"Unknown"
"7014851",371865,2025-09-15 02:32:05,43.3633575439453,-8.39793491363525,"Unknown"
"7014851",371865,2025-09-15 02:37:05,43.3621711730957,-8.39311695098877,"Unknown"
"7014851",371865,2025-09-15 02:42:06,43.3621826171875,-8.39315605163574,"Unknown"
"7014851",371865,2025-09-15 02:47:06,43.3621139526367,-8.39317893981934,"Unknown"
"7014851",371865,2025-09-15 02:52:09,43.3621215820312,-8.39331817626953,"Unknown"
"7014851",371865,2025-09-15 02:57:07,43.362174987793,-8.39320087432861,"Unknown"
"7014851",371865,2025-09-15 03:02:14,43.3621978759766,-8.39324569702148,"Unknown"
"7014851",371865,2025-09-15 03:07:10,43.3622436523438,-8.39323043823242,"Unknown"
"7014851",371865,2025-09-15 03:12:07,43.3620986938477,-8.39314937591553,"Unknown"
"7014851",371865,2025-09-15 03:17:09,43.3622932434082,-8.39336013793945,"Unknown"
"7014851",371865,2025-09-15 03:22:10,43.3621444702148,-8.39307022094727,"Unknown"
"7014851",371865,2025-09-15 03:27:07,43.3621635437012,-8.39297199249268,"Unknown"
"7014851",371865,2025-09-15 03:32:08,43.3619918823242,-8.39291572570801,"Unknown"
"7014851",371865,2025-09-15 03:37:08,43.362060546875,-8.3929271697998,"Unknown"
"7014851",371865,2025-09-15 03:42:21,43.3621559143066,-8.39320755004883,"Unknown"
"7014851",371865,2025-09-15 03:47:09,43.3621559143066,-8.39321708679199,"Unknown"
"7014851",371865,2025-09-15 03:52:08,43.3623161315918,-8.39330768585205,"Unknown"
"7014851",371865,2025-09-15 03:57:10,43.3622932434082,-8.39335250854492,"Unknown"
"7014851",371865,2025-09-15 04:02:53,43.362117767334,-8.39323234558105,"Unknown"
"7014851",371865,2025-09-15 04:07:08,43.3621520996094,-8.39329528808594,"Unknown"
"7014851",371865,2025-09-15 04:17:12,43.3621063232422,-8.39306831359863,"Unknown"
"7014851",371865,2025-09-15 04:22:10,43.3621559143066,-8.39364910125732,"Unknown"
"7014851",371865,2025-09-15 04:27:08,43.3622436523438,-8.39358329772949,"Unknown"
"7014851",371865,2025-09-15 04:32:11,43.3620719909668,-8.39313888549805,"Unknown"
"7014851",371865,2025-09-15 04:37:22,43.3620567321777,-8.39348411560059,"Unknown"
"7014851",371865,2025-09-15 04:42:31,43.3622016906738,-8.39323902130127,"Unknown"
"7014851",371865,2025-09-15 04:52:08,43.3633766174316,-8.40415859222412,"Unknown"
"7014851",371865,2025-09-15 05:02:08,43.3633689880371,-8.40372848510742,"Unknown"
"7014851",371865,2025-09-15 05:12:06,43.3541679382324,-8.44390392303467,"Unknown"
"7014851",371865,2025-09-15 05:22:10,43.3691482543945,-8.48258495330811,"Unknown"
"7014851",371865,2025-09-15 05:32:09,43.3691787719727,-8.48315906524658,"Unknown"
"7014851",371865,2025-09-15 05:42:09,43.3694152832031,-8.48385715484619,"Unknown"
"7014851",371865,2025-09-15 05:52:07,43.3694152832031,-8.48427772521973,"Unknown"
"7014851",371865,2025-09-15 06:02:35,43.3667602539062,-8.48668670654297,"Unknown"
"7014851",371865,2025-09-15 06:07:06,43.3663368225098,-8.4863862991333,"Unknown"
"7014851",371865,2025-09-15 06:17:07,43.3660430908203,-8.48698616027832,"Unknown"
"7014851",371865,2025-09-15 06:27:06,43.3558540344238,-8.51024055480957,"Unknown"
"7014851",371865,2025-09-15 06:37:08,43.3559532165527,-8.51072120666504,"Unknown"
"7014851",371865,2025-09-15 06:47:10,43.3559646606445,-8.51042938232422,"Unknown"
"7014851",371865,2025-09-15 06:57:10,43.356014251709,-8.51057243347168,"Unknown"
"7014851",371865,2025-09-15 07:07:12,43.3558082580566,-8.51037693023682,"Unknown"
"7014851",371865,2025-09-15 07:17:35,43.3558654785156,-8.51044178009033,"Unknown"
"7014851",371865,2025-09-15 07:27:05,43.3364944458008,-8.55245399475098,"Unknown"
"7014851",371865,2025-09-15 07:37:05,43.3289833068848,-8.51456451416016,"Unknown"
"7014851",371865,2025-09-15 07:47:06,43.3160934448242,-8.50577163696289,"Unknown"
"7014851",371865,2025-09-15 07:57:06,43.3160972595215,-8.50576591491699,"Unknown"
"7014851",371865,2025-09-15 08:07:05,43.2572708129883,-8.45887660980225,"Unknown"
"7014851",371865,2025-09-15 08:17:09,43.1761817932129,-8.47151374816895,"Unknown"
"7014851",371865,2025-09-15 08:27:08,43.1299514770508,-8.47063636779785,"Unknown"
"7014851",371865,2025-09-15 08:37:04,43.1304168701172,-8.47106456756592,"Unknown"
"7014851",371865,2025-09-15 08:42:06,43.1306114196777,-8.47117805480957,"Unknown"
"7014851",371865,2025-09-15 08:47:05,43.1305389404297,-8.47111797332764,"Unknown"
"7014851",371865,2025-09-15 08:52:06,43.1305084228516,-8.47120380401611,"Unknown"
"7014851",371865,2025-09-15 08:57:06,43.1305809020996,-8.47115898132324,"Unknown"
"7014851",371865,2025-09-15 09:02:07,43.1306037902832,-8.47121429443359,"Unknown"
"7014851",371865,2025-09-15 09:07:12,43.1320571899414,-8.46863651275635,"Unknown"
"7014851",371865,2025-09-15 09:12:06,43.1336288452148,-8.4703426361084,"Unknown"
"7014851",371865,2025-09-15 09:17:06,43.1337013244629,-8.47042751312256,"Unknown"
"7014851",371865,2025-09-15 09:22:07,43.1335563659668,-8.4702262878418,"Unknown"
"7014851",371865,2025-09-15 09:27:08,43.1337051391602,-8.47042846679688,"Unknown"
"7014851",371865,2025-09-15 09:32:10,43.1337776184082,-8.47048377990723,"Unknown"
"7014851",371865,2025-09-15 09:37:12,43.1337623596191,-8.47059059143066,"Unknown"
"7014851",371865,2025-09-15 09:42:13,43.1336097717285,-8.47035121917725,"Unknown"
"7014851",371865,2025-09-15 09:47:35,43.1336555480957,-8.47035789489746,"Unknown"
"7014851",371865,2025-09-15 09:52:05,43.133674621582,-8.47035980224609,"Unknown"
"7014851",371865,2025-09-15 09:57:06,43.133617401123,-8.47043991088867,"Unknown"
"7014851",371865,2025-09-15 10:02:04,43.1336708068848,-8.47037792205811,"Unknown"
"7014851",371865,2025-09-15 10:07:04,43.1336784362793,-8.47041320800781,"Unknown"
"7014851",371865,2025-09-15 10:12:07,43.1336517333984,-8.47041034698486,"Unknown"
"7014851",371865,2025-09-15 10:17:04,43.1306533813477,-8.47111511230469,"Unknown"
"7014851",371865,2025-09-15 10:22:04,43.1306533813477,-8.47114086151123,"Unknown"
"7014851",371865,2025-09-15 10:27:04,43.130916595459,-8.47077083587646,"Unknown"
"7014851",371865,2025-09-15 10:32:04,43.1308212280273,-8.47136878967285,"Unknown"
"7014851",371865,2025-09-15 10:37:09,43.1302452087402,-8.47060012817383,"Unknown"
"7014851",371865,2025-09-15 10:42:04,43.1302795410156,-8.4704065322876,"Unknown"
"7014851",371865,2025-09-15 10:47:09,43.1303939819336,-8.47020435333252,"Unknown"
"7014851",371865,2025-09-15 10:52:04,43.1305465698242,-8.47107791900635,"Unknown"
"7014851",371865,2025-09-15 10:57:04,43.1305351257324,-8.47102737426758,"Unknown"
"7014851",371865,2025-09-15 11:02:06,43.1305847167969,-8.47104263305664,"Unknown"
"7014851",371865,2025-09-15 11:07:04,43.1304740905762,-8.47113513946533,"Unknown"
"7014851",371865,2025-09-15 11:12:06,43.130500793457,-8.47121810913086,"Unknown"
"7014851",371865,2025-09-15 11:17:09,43.1306343078613,-8.47124767303467,"Unknown"
"7014851",371865,2025-09-15 11:22:04,43.1306304931641,-8.47125148773193,"Unknown"
"7014851",371865,2025-09-15 11:27:14,43.1307106018066,-8.47089290618896,"Unknown"
"7014851",371865,2025-09-15 11:32:14,43.1336555480957,-8.47064590454102,"Unknown"
"7014851",371865,2025-09-15 11:37:13,43.1337585449219,-8.47061920166016,"Unknown"
"7014851",371865,2025-09-15 11:42:07,43.1336555480957,-8.47080612182617,"Unknown"
"7014851",371865,2025-09-15 11:47:07,43.1332054138184,-8.46965408325195,"Unknown"
"7014851",371865,2025-09-15 11:52:14,43.1333885192871,-8.46964359283447,"Unknown"
"7014851",371865,2025-09-15 11:57:08,43.1333236694336,-8.46932506561279,"Unknown"
"7014851",371865,2025-09-15 12:02:09,43.1333045959473,-8.46931266784668,"Unknown"
"7014851",371865,2025-09-15 12:07:08,43.133243560791,-8.46932125091553,"Unknown"
"7014851",371865,2025-09-15 12:12:09,43.1333389282227,-8.46957588195801,"Unknown"
"7014851",371865,2025-09-15 12:17:10,43.1332702636719,-8.46944618225098,"Unknown"
"7014851",371865,2025-09-15 12:22:09,43.1332511901855,-8.46958827972412,"Unknown"
"7014851",371865,2025-09-15 12:27:12,43.1331901550293,-8.46921443939209,"Unknown"
"7014851",371865,2025-09-15 12:32:09,43.1332397460938,-8.46928405761719,"Unknown"
"7014851",371865,2025-09-15 12:37:12,43.1331672668457,-8.46933937072754,"Unknown"
"7014851",371865,2025-09-15 12:42:15,43.1332664489746,-8.46920204162598,"Unknown"
"7014851",371865,2025-09-15 12:47:33,43.1333999633789,-8.46956920623779,"Unknown"
"7014851",371865,2025-09-15 12:52:05,43.1336517333984,-8.46990203857422,"Unknown"
"7014851",371865,2025-09-15 12:57:06,43.1333236694336,-8.46963405609131,"Unknown"
"7014851",371865,2025-09-15 13:02:06,43.1333694458008,-8.46964931488037,"Unknown"
"7014851",371865,2025-09-15 13:07:08,43.1333122253418,-8.46969318389893,"Unknown"
"7014851",371865,2025-09-15 13:12:09,43.1332931518555,-8.46968650817871,"Unknown"
"7014851",371865,2025-09-15 13:17:08,43.1333236694336,-8.46944141387939,"Unknown"
"7014851",371865,2025-09-15 13:22:07,43.1332931518555,-8.46971416473389,"Unknown"
"7014851",371865,2025-09-15 13:27:09,43.1333312988281,-8.46953678131104,"Unknown"
"7014851",371865,2025-09-15 13:32:06,43.1334915161133,-8.47001361846924,"Unknown"
"7014851",371865,2025-09-15 13:37:08,43.1331977844238,-8.46959400177002,"Unknown"
"7014851",371865,2025-09-15 13:42:07,43.1332473754883,-8.46968841552734,"Unknown"
"7014851",371865,2025-09-15 13:47:08,43.1332359313965,-8.46980476379395,"Unknown"
"7014851",371865,2025-09-15 13:52:14,43.1332664489746,-8.46963882446289,"Unknown"
"7014851",371865,2025-09-15 13:57:08,43.1331596374512,-8.46983814239502,"Unknown"
"7014851",371865,2025-09-15 14:02:14,43.1332397460938,-8.46960544586182,"Unknown"
"7014851",371865,2025-09-15 14:07:06,43.1332817077637,-8.46952724456787,"Unknown"
"7014851",371865,2025-09-15 14:12:32,43.1332473754883,-8.46960830688477,"Unknown"
"7014851",371865,2025-09-15 14:17:06,43.133243560791,-8.46951103210449,"Unknown"
"7014851",371865,2025-09-15 14:22:05,43.1332588195801,-8.46960830688477,"Unknown"
"7014851",371865,2025-09-15 14:27:04,43.1332550048828,-8.46964359283447,"Unknown"
"7014851",371865,2025-09-15 14:32:05,43.133243560791,-8.46960735321045,"Unknown"
"7014851",371865,2025-09-15 14:37:08,43.1332473754883,-8.46958351135254,"Unknown"
"7014851",371865,2025-09-15 14:42:04,43.1332206726074,-8.46963405609131,"Unknown"
"7014851",371865,2025-09-15 14:47:04,43.1332931518555,-8.46974849700928,"Unknown"
"7014851",371865,2025-09-15 14:52:04,43.1331977844238,-8.46958255767822,"Unknown"
"7014851",371865,2025-09-15 14:57:05,43.1332015991211,-8.46948528289795,"Unknown"
"7014851",371865,2025-09-15 15:02:06,43.1333084106445,-8.46959114074707,"Unknown"
"7014851",371865,2025-09-15 15:07:05,43.1333351135254,-8.4696626663208,"Unknown"
"7014851",371865,2025-09-15 15:12:05,43.1332321166992,-8.4697151184082,"Unknown"
"7014851",371865,2025-09-15 15:17:06,43.1333465576172,-8.46955013275146,"Unknown"
"7014851",371865,2025-09-15 15:22:06,43.1333236694336,-8.46963405609131,"Unknown"
"7014851",371865,2025-09-15 15:27:05,43.1332473754883,-8.46956825256348,"Unknown"
"7014851",371865,2025-09-15 15:32:09,43.1300010681152,-8.47039604187012,"Unknown"
"7014851",371865,2025-09-15 15:37:06,43.1299743652344,-8.47093200683594,"Unknown"
"7014851",371865,2025-09-15 15:42:05,43.1303443908691,-8.47106266021729,"Unknown"
"7014851",371865,2025-09-15 15:47:11,43.1305160522461,-8.47095489501953,"Unknown"
"7014851",371865,2025-09-15 15:52:12,43.1323890686035,-8.46762466430664,"Unknown"
"7014851",371865,2025-09-15 15:57:10,43.1323890686035,-8.46766567230225,"Unknown"
"7014851",371865,2025-09-15 16:02:06,43.1323928833008,-8.46758365631104,"Unknown"
"7014851",371865,2025-09-15 16:07:07,43.1330490112305,-8.46758842468262,"Unknown"
"7014851",371865,2025-09-15 16:12:09,43.1329803466797,-8.46749687194824,"Unknown"
"7014851",371865,2025-09-15 16:17:04,43.1332168579102,-8.46808433532715,"Unknown"
"7014851",371865,2025-09-15 16:22:09,43.1331520080566,-8.46801948547363,"Unknown"
"7014851",371865,2025-09-15 16:27:08,43.1338310241699,-8.4697265625,"Unknown"
"7014851",371865,2025-09-15 16:32:04,43.1338310241699,-8.46959114074707,"Unknown"
"7014851",371865,2025-09-15 16:37:06,43.1338119506836,-8.46944046020508,"Unknown"
"7014851",371865,2025-09-15 16:42:05,43.1380615234375,-8.47103500366211,"Unknown"
"7014851",371865,2025-09-15 16:47:35,43.165657043457,-8.4636116027832,"Unknown"
"7014851",371865,2025-09-15 16:52:04,43.1838111877441,-8.44338893890381,"Unknown"
"7014851",371865,2025-09-15 16:57:06,43.1933479309082,-8.42217922210693,"Unknown"
"7014851",371865,2025-09-15 17:02:05,43.1934585571289,-8.42211055755615,"Unknown"
"7014851",371865,2025-09-15 17:07:04,43.1931915283203,-8.42325973510742,"Unknown"
"7014851",371865,2025-09-15 17:12:04,43.1991767883301,-8.42382144927979,"Unknown"
"7014851",371865,2025-09-15 17:17:06,43.2100448608398,-8.44610595703125,"Unknown"
"7014851",371865,2025-09-15 17:22:04,43.2321166992188,-8.46625804901123,"Unknown"
"7014851",371865,2025-09-15 17:27:04,43.255931854248,-8.46321964263916,"Unknown"
"7014851",371865,2025-09-15 17:32:04,43.2819862365723,-8.46648788452148,"Unknown"
"7014851",371865,2025-09-15 17:37:04,43.3055992126465,-8.4910192489624,"Unknown"
"7014851",371865,2025-09-15 17:42:04,43.3294143676758,-8.50939178466797,"Unknown"
"7014851",371865,2025-09-15 17:47:04,43.3475685119629,-8.53064918518066,"Unknown"
"7014851",371865,2025-09-15 17:52:09,43.3475646972656,-8.53070831298828,"Unknown"
"7014851",371865,2025-09-15 17:57:06,43.3475914001465,-8.53074932098389,"Unknown"
"7014851",371865,2025-09-15 18:02:06,43.3475875854492,-8.53060626983643,"Unknown"
"7014851",371865,2025-09-15 18:07:11,43.3475723266602,-8.53066062927246,"Unknown"
"7014851",371865,2025-09-15 18:12:07,43.3476715087891,-8.53067302703857,"Unknown"
"7014851",371865,2025-09-15 18:17:04,43.3556480407715,-8.51671123504639,"Unknown"
"7014851",371865,2025-09-15 18:22:07,43.3543586730957,-8.51881504058838,"Unknown"
"7014851",371865,2025-09-15 18:27:07,43.3543090820312,-8.51888275146484,"Unknown"
"7014851",371865,2025-09-15 18:32:06,43.3543586730957,-8.51884460449219,"Unknown"
"7014851",371865,2025-09-15 18:37:06,43.354419708252,-8.51889705657959,"Unknown"
"7014851",371865,2025-09-15 18:42:06,43.3542900085449,-8.51888084411621,"Unknown"
"7014851",371865,2025-09-15 18:47:14,43.354320526123,-8.51885890960693,"Unknown"
"7014851",371865,2025-09-15 18:52:08,43.3542861938477,-8.51884365081787,"Unknown"
"7014851",371865,2025-09-15 18:57:35,43.3543548583984,-8.51887130737305,"Unknown"
"7014851",371865,2025-09-15 19:02:04,43.3543586730957,-8.51889038085938,"Unknown"
"7014851",371865,2025-09-15 19:07:04,43.3558006286621,-8.51661968231201,"Unknown"
"7014851",371865,2025-09-15 19:12:04,43.364143371582,-8.49276256561279,"Unknown"
"7014851",371865,2025-09-15 19:17:05,43.3719100952148,-8.46905422210693,"Unknown"
"7014851",371865,2025-09-15 19:22:04,43.3832092285156,-8.45189571380615,"Unknown"
"7014851",371865,2025-09-15 19:27:04,43.3723602294922,-8.41877841949463,"Unknown"
"7014851",371865,2025-09-15 19:32:08,43.3631324768066,-8.39419269561768,"Unknown"
"7014851",371865,2025-09-15 19:37:09,43.3630867004395,-8.39426326751709,"Unknown"
"7014851",371865,2025-09-15 19:42:08,43.3630714416504,-8.39430522918701,"Unknown"
"7014851",371865,2025-09-15 19:47:28,43.3629989624023,-8.39446353912354,"Unknown"
"7014851",371865,2025-09-15 19:52:08,43.3630027770996,-8.39442443847656,"Unknown"
"7014851",371865,2025-09-15 19:57:09,43.3629913330078,-8.39432621002197,"Unknown"
"7014851",371865,2025-09-15 20:02:07,43.3630180358887,-8.3943452835083,"Unknown"
"7014851",371865,2025-09-15 20:07:13,43.3630485534668,-8.39435482025146,"Unknown"
"7014851",371865,2025-09-15 20:12:04,43.3630638122559,-8.39423084259033,"Unknown"
"7014851",371865,2025-09-15 20:17:04,43.3630599975586,-8.39442157745361,"Unknown"
"7014851",371865,2025-09-15 20:22:08,43.362907409668,-8.39420604705811,"Unknown"
"7014851",371865,2025-09-15 20:27:04,43.3628540039062,-8.39487361907959,"Unknown"
"7014851",371865,2025-09-15 20:32:06,43.3630638122559,-8.39460563659668,"Unknown"
"7014851",371865,2025-09-15 20:37:08,43.3629379272461,-8.39467144012451,"Unknown"
"7014851",371865,2025-09-15 20:42:04,43.3629951477051,-8.39484882354736,"Unknown"
"7014851",371865,2025-09-15 20:47:14,43.3628387451172,-8.39441394805908,"Unknown"
"7014851",371865,2025-09-15 20:52:04,43.3630447387695,-8.39484119415283,"Unknown"
"7014851",371865,2025-09-15 20:57:04,43.3627433776855,-8.39436721801758,"Unknown"
"7014851",371865,2025-09-15 21:02:08,43.3633270263672,-8.39488983154297,"Unknown"
"7014851",371865,2025-09-15 21:07:05,43.3637199401855,-8.3950777053833,"Unknown"
"7014851",371865,2025-09-15 21:12:06,43.3634185791016,-8.39504623413086,"Unknown"
"7014851",371865,2025-09-15 21:17:04,43.3629684448242,-8.39525604248047,"Unknown"
"7014851",371865,2025-09-15 21:22:08,43.3631172180176,-8.39522743225098,"Unknown"
"7014851",371865,2025-09-15 21:27:03,43.3634986877441,-8.39495944976807,"Unknown"
"7014851",371865,2025-09-15 21:32:35,43.3646507263184,-8.39455986022949,"Unknown"
"7014851",371865,2025-09-15 21:37:04,43.3636360168457,-8.39474010467529,"Unknown"
"7014851",371865,2025-09-15 21:42:04,43.3636283874512,-8.39478874206543,"Unknown"
"7014851",371865,2025-09-15 21:47:06,43.3635864257812,-8.39469242095947,"Unknown"
"7014851",371865,2025-09-15 21:52:09,43.3634376525879,-8.39457035064697,"Unknown"
"7014851",371865,2025-09-15 21:57:04,43.3635559082031,-8.39474773406982,"Unknown"
"7014851",371865,2025-09-15 22:02:06,43.3630867004395,-8.39454936981201,"Unknown"
"7014851",371865,2025-09-15 22:07:05,43.3633613586426,-8.39459133148193,"Unknown"
"7014851",371865,2025-09-15 22:12:05,43.3634757995605,-8.39455604553223,"Unknown"
"7014851",371865,2025-09-15 22:17:05,43.363410949707,-8.39467525482178,"Unknown"
"7014851",371865,2025-09-15 22:22:05,43.3633575439453,-8.3946475982666,"Unknown"
"7014851",371865,2025-09-15 22:27:06,43.3633613586426,-8.39460849761963,"Unknown"
"7014851",371865,2025-09-15 22:32:07,43.3634567260742,-8.39462280273438,"Unknown"
"7014851",371865,2025-09-15 22:37:08,43.3632774353027,-8.39457130432129,"Unknown"
"7014851",371865,2025-09-15 22:42:05,43.3635482788086,-8.39455032348633,"Unknown"
"7014851",371865,2025-09-15 22:47:05,43.3632736206055,-8.3945951461792,"Unknown"
"7014851",371865,2025-09-15 22:52:05,43.3632469177246,-8.39461708068848,"Unknown"
"7014851",371865,2025-09-15 22:57:04,43.3637428283691,-8.39530277252197,"Unknown"
"7014851",371865,2025-09-15 23:02:08,43.363697052002,-8.40244102478027,"Unknown"
"7014851",371865,2025-09-15 23:07:07,43.3637619018555,-8.40254688262939,"Unknown"
"7014851",371865,2025-09-15 23:12:13,43.3637199401855,-8.40234279632568,"Unknown"
"7014851",371865,2025-09-15 23:17:08,43.3637619018555,-8.40280151367188,"Unknown"
"7014851",371865,2025-09-15 23:22:11,43.3638725280762,-8.4031286239624,"Unknown"
"7014851",371865,2025-09-15 23:27:28,43.363525390625,-8.40197563171387,"Unknown"
"7014851",371865,2025-09-15 23:32:27,43.3633270263672,-8.40168380737305,"Unknown"
"7014851",371865,2025-09-15 23:37:35,43.363842010498,-8.40276145935059,"Unknown"
"7014851",371865,2025-09-15 23:42:07,43.3639106750488,-8.40250873565674,"Unknown"
"7014851",371865,2025-09-15 23:47:05,43.3643493652344,-8.403076171875,"Unknown"
"7014851",371865,2025-09-15 23:52:11,43.3638572692871,-8.40246868133545,"Unknown"
"7014851",371865,2025-09-15 23:57:08,43.3639106750488,-8.40256023406982,"Unknown"
"7014851",371865,2025-09-16 00:02:35,43.3638496398926,-8.40274810791016,"Unknown"
"7014851",371865,2025-09-16 00:07:03,43.3637771606445,-8.40262126922607,"Unknown"
"7014851",371865,2025-09-16 00:12:03,43.3637886047363,-8.40266418457031,"Unknown"
"7014851",371865,2025-09-16 00:17:04,43.3637619018555,-8.40250682830811,"Unknown"
"7014851",371865,2025-09-16 00:22:03,43.3634071350098,-8.40251636505127,"Unknown"
"7014851",371865,2025-09-16 00:27:04,43.3635864257812,-8.40297698974609,"Unknown"
"7014851",371865,2025-09-16 00:32:04,43.3638305664062,-8.4024772644043,"Unknown"
"7014851",371865,2025-09-16 00:37:04,43.3639907836914,-8.40257930755615,"Unknown"
"7014851",371865,2025-09-16 00:42:06,43.3643264770508,-8.40120220184326,"Unknown"
"7014851",371865,2025-09-16 00:47:13,43.3644180297852,-8.40101146697998,"Unknown"
"7014851",371865,2025-09-16 00:52:07,43.3643684387207,-8.40100955963135,"Unknown"
"7014851",371865,2025-09-16 00:57:08,43.3644142150879,-8.40109825134277,"Unknown"
"7014851",371865,2025-09-16 01:02:04,43.364429473877,-8.40106868743896,"Unknown"
"7014851",371865,2025-09-16 01:07:09,43.3643379211426,-8.40109062194824,"Unknown"
"7014851",371865,2025-09-16 01:12:08,43.3643188476562,-8.40109443664551,"Unknown"
"7014851",371865,2025-09-16 01:17:06,43.3643264770508,-8.40112495422363,"Unknown"
"7014851",371865,2025-09-16 01:22:15,43.3642539978027,-8.40111351013184,"Unknown"
"7014851",371865,2025-09-16 01:27:06,43.3643569946289,-8.40112972259521,"Unknown"
"7014851",371865,2025-09-16 01:32:12,43.3642921447754,-8.40109634399414,"Unknown"
"7014851",371865,2025-09-16 01:37:09,43.3643569946289,-8.40110969543457,"Unknown"
"7014851",371865,2025-09-16 01:42:09,43.3639945983887,-8.40116119384766,"Unknown"
"7014851",371865,2025-09-16 01:47:09,43.3642654418945,-8.40110301971436,"Unknown"
"7014851",371865,2025-09-16 01:52:10,43.3641967773438,-8.40110874176025,"Unknown"
"7014851",371865,2025-09-16 01:57:03,43.3642501831055,-8.40109634399414,"Unknown"
"7014851",371865,2025-09-16 02:02:03,43.3641166687012,-8.40108013153076,"Unknown"
"7014851",371865,2025-09-16 02:07:13,43.3642921447754,-8.40121269226074,"Unknown"
"7014851",371865,2025-09-16 02:12:32,43.3643608093262,-8.40140914916992,"Unknown"
"7014851",371865,2025-09-16 02:17:03,43.364387512207,-8.40140342712402,"Unknown"
"7014851",371865,2025-09-16 02:22:03,43.3643531799316,-8.40138626098633,"Unknown"
"7014851",371865,2025-09-16 02:27:03,43.3643569946289,-8.40126800537109,"Unknown"
"7014851",371865,2025-09-16 02:32:04,43.3643531799316,-8.4013729095459,"Unknown"
"7014851",371865,2025-09-16 02:37:03,43.3643569946289,-8.40134334564209,"Unknown"
"7014851",371865,2025-09-16 02:42:04,43.3643798828125,-8.40136814117432,"Unknown"
"7014851",371865,2025-09-16 02:47:04,43.3644180297852,-8.40136432647705,"Unknown"
"7014851",371865,2025-09-16 02:52:04,43.3646545410156,-8.40131568908691,"Unknown"
"7014851",371865,2025-09-16 02:57:03,43.3643035888672,-8.40139007568359,"Unknown"
"7014851",371865,2025-09-16 03:02:03,43.364372253418,-8.40143013000488,"Unknown"
"7014851",371865,2025-09-16 03:07:04,43.3643531799316,-8.40140056610107,"Unknown"
"7014851",371865,2025-09-16 03:12:04,43.3643264770508,-8.40142250061035,"Unknown"
"7014851",371865,2025-09-16 03:17:11,43.364315032959,-8.40134811401367,"Unknown"
"7014851",371865,2025-09-16 03:22:08,43.3643379211426,-8.40130233764648,"Unknown"
"7014851",371865,2025-09-16 03:27:06,43.364330291748,-8.40138053894043,"Unknown"
"7014851",371865,2025-09-16 03:32:04,43.364387512207,-8.40136337280273,"Unknown"
"7014851",371865,2025-09-16 03:37:04,43.3644371032715,-8.40141773223877,"Unknown"
"7014851",371865,2025-09-16 03:42:04,43.3643531799316,-8.4013843536377,"Unknown"
"7014851",371865,2025-09-16 03:47:04,43.3642730712891,-8.401442527771,"Unknown"
"7014851",371865,2025-09-16 03:52:07,43.3642921447754,-8.40133857727051,"Unknown"
"7014851",371865,2025-09-16 03:57:04,43.3642883300781,-8.4014949798584,"Unknown"
"7014851",371865,2025-09-16 04:02:09,43.364372253418,-8.4015064239502,"Unknown"
"7014851",371865,2025-09-16 04:07:09,43.3642120361328,-8.40150260925293,"Unknown"
"7014851",371865,2025-09-16 04:12:09,43.364315032959,-8.4015588760376,"Unknown"
"7014851",371865,2025-09-16 04:17:09,43.3643112182617,-8.40161323547363,"Unknown"
"7014851",371865,2025-09-16 04:22:09,43.364315032959,-8.40161323547363,"Unknown"
"7014851",371865,2025-09-16 04:27:10,43.3645401000977,-8.4015064239502,"Unknown"
"7014851",371865,2025-09-16 04:32:12,43.3644332885742,-8.40166664123535,"Unknown"
"7014851",371865,2025-09-16 04:37:04,43.3670310974121,-8.41101169586182,"Unknown"
"7014851",371865,2025-09-16 04:42:07,43.3816032409668,-8.45779132843018,"Unknown"
"7014851",371865,2025-09-16 04:47:09,43.3735084533691,-8.49009132385254,"Unknown"
"7014851",371865,2025-09-16 04:52:09,43.3735771179199,-8.49067974090576,"Unknown"
"7014851",371865,2025-09-16 04:57:09,43.3734512329102,-8.49122524261475,"Unknown"
"7014851",371865,2025-09-16 05:02:09,43.3730926513672,-8.49175357818604,"Unknown"
"7014851",371865,2025-09-16 05:07:09,43.3727912902832,-8.49230861663818,"Unknown"
"7014851",371865,2025-09-16 05:12:13,43.3723258972168,-8.49286651611328,"Unknown"
"7014851",371865,2025-09-16 05:17:07,43.3721580505371,-8.49348926544189,"Unknown"
"7014851",371865,2025-09-16 05:22:09,43.3722267150879,-8.49419403076172,"Unknown"
"7014851",371865,2025-09-16 05:27:10,43.3724517822266,-8.49522495269775,"Unknown"
"7014851",371865,2025-09-16 05:32:12,43.3733406066895,-8.49498176574707,"Unknown"
"7014851",371865,2025-09-16 05:37:13,43.361946105957,-8.50840663909912,"Unknown"
"7014851",371865,2025-09-16 05:42:13,43.3619155883789,-8.50853729248047,"Unknown"
"7014851",371865,2025-09-16 05:47:38,43.3617706298828,-8.50845813751221,"Unknown"
"7014851",371865,2025-09-16 05:52:13,43.3615760803223,-8.5082426071167,"Unknown"
"7014851",371865,2025-09-16 05:58:14,43.361400604248,-8.50827789306641,"Unknown"
"7014851",371865,2025-09-16 06:02:06,43.3613052368164,-8.50831317901611,"Unknown"
"7014851",371865,2025-09-16 06:07:03,43.35302734375,-8.51158618927002,"Unknown"
"7014851",371865,2025-09-16 06:12:03,43.3305435180664,-8.51100063323975,"Unknown"
"7014851",371865,2025-09-16 06:17:03,43.3305854797363,-8.51098918914795,"Unknown"
"7014851",371865,2025-09-16 06:22:03,43.3300476074219,-8.5110034942627,"Unknown"
"7014851",371865,2025-09-16 06:27:07,43.3296203613281,-8.5109977722168,"Unknown"
"7014851",371865,2025-09-16 06:32:03,43.3296852111816,-8.51114463806152,"Unknown"
"7014851",371865,2025-09-16 06:37:04,43.3299369812012,-8.51097011566162,"Unknown"
"7014851",371865,2025-09-16 06:42:04,43.3297309875488,-8.5109281539917,"Unknown"
"7014851",371865,2025-09-16 06:47:03,43.3301010131836,-8.51082515716553,"Unknown"
"7014851",371865,2025-09-16 06:52:04,43.3301467895508,-8.51082515716553,"Unknown"
"7014851",371865,2025-09-16 06:57:17,43.3053436279297,-8.50589466094971,"Unknown"
"7014851",371865,2025-09-16 07:02:07,43.2827110290527,-8.48818874359131,"Unknown"
"7014851",371865,2025-09-16 07:07:14,43.2610473632812,-8.46711540222168,"Unknown"
"7014851",371865,2025-09-16 07:12:03,43.2314567565918,-8.46490287780762,"Unknown"
"7014851",371865,2025-09-16 07:17:03,43.1984977722168,-8.46193885803223,"Unknown"
"7014851",371865,2025-09-16 07:22:03,43.1608505249023,-8.46689319610596,"Unknown"
"7014851",371865,2025-09-16 07:27:12,43.130054473877,-8.46983528137207,"Unknown"
"7014851",371865,2025-09-16 07:32:07,43.1298789978027,-8.46976375579834,"Unknown"
"7014851",371865,2025-09-16 07:37:04,43.1301345825195,-8.47105598449707,"Unknown"
"7014851",371865,2025-09-16 07:42:08,43.13037109375,-8.47107791900635,"Unknown"
"7014851",371865,2025-09-16 07:47:35,43.1303253173828,-8.47089099884033,"Unknown"
"7014851",371865,2025-09-16 07:52:06,43.130500793457,-8.47094058990479,"Unknown"
"7014851",371865,2025-09-16 07:57:04,43.1304817199707,-8.47090625762939,"Unknown"
"7014851",371865,2025-09-16 08:02:03,43.1305122375488,-8.47095680236816,"Unknown"
"7014851",371865,2025-09-16 08:07:08,43.1306533813477,-8.47097492218018,"Unknown"
"7014851",371865,2025-09-16 08:12:03,43.1305732727051,-8.4707555770874,"Unknown"
"7014851",371865,2025-09-16 08:17:04,43.130558013916,-8.47095489501953,"Unknown"
"7014851",371865,2025-09-16 08:22:06,43.1306533813477,-8.47102737426758,"Unknown"
"7014851",371865,2025-09-16 08:27:26,43.1305809020996,-8.47092723846436,"Unknown"
"7014851",371865,2025-09-16 08:32:15,43.1300888061523,-8.46932983398438,"Unknown"
"7014851",371865,2025-09-16 08:37:35,43.1300621032715,-8.46914291381836,"Unknown"
"7014851",371865,2025-09-16 08:42:09,43.1298675537109,-8.4700403213501,"Unknown"
"7014851",371865,2025-09-16 08:47:13,43.1299018859863,-8.47020721435547,"Unknown"
"7014851",371865,2025-09-16 08:52:09,43.1298980712891,-8.47021675109863,"Unknown"
"7014851",371865,2025-09-16 08:57:09,43.1298789978027,-8.47015857696533,"Unknown"
"7014851",371865,2025-09-16 09:02:10,43.1301460266113,-8.47046661376953,"Unknown"
"7014851",371865,2025-09-16 09:07:35,43.1299057006836,-8.47012996673584,"Unknown"
"7014851",371865,2025-09-16 09:12:04,43.129940032959,-8.47018337249756,"Unknown"
"7014851",371865,2025-09-16 09:17:04,43.1299171447754,-8.47013759613037,"Unknown"
"7014851",371865,2025-09-16 09:22:04,43.1298484802246,-8.47007179260254,"Unknown"
"7014851",371865,2025-09-16 09:27:04,43.1298789978027,-8.47011852264404,"Unknown"
"7014851",371865,2025-09-16 09:32:04,43.1298637390137,-8.47010898590088,"Unknown"
"7014851",371865,2025-09-16 09:37:04,43.1299095153809,-8.47013282775879,"Unknown"
"7014851",371865,2025-09-16 09:42:04,43.1299095153809,-8.47009658813477,"Unknown"
"7014851",371865,2025-09-16 09:47:04,43.1298942565918,-8.47010326385498,"Unknown"
"7014851",371865,2025-09-16 09:52:04,43.1298942565918,-8.47010517120361,"Unknown"
"7014851",371865,2025-09-16 09:57:04,43.1299438476562,-8.47010898590088,"Unknown"
"7014851",371865,2025-09-16 10:02:04,43.1299362182617,-8.4701452255249,"Unknown"
"7014851",371865,2025-09-16 10:07:04,43.1299362182617,-8.47013187408447,"Unknown"
"7014851",371865,2025-09-16 10:12:07,43.1299438476562,-8.47012996673584,"Unknown"
"7014851",371865,2025-09-16 10:17:06,43.129940032959,-8.47017002105713,"Unknown"
"7014851",371865,2025-09-16 10:22:07,43.129940032959,-8.47019386291504,"Unknown"
"7014851",371865,2025-09-16 10:27:07,43.1299247741699,-8.47010040283203,"Unknown"
"7014851",371865,2025-09-16 10:32:15,43.130069732666,-8.47010040283203,"Unknown"
"7014851",371865,2025-09-16 10:37:09,43.1299438476562,-8.46995735168457,"Unknown"
"7014851",371865,2025-09-16 10:42:09,43.1300239562988,-8.46994209289551,"Unknown"
"7014851",371865,2025-09-16 10:47:08,43.1299896240234,-8.46997451782227,"Unknown"
"7014851",371865,2025-09-16 10:52:09,43.1299476623535,-8.47001838684082,"Unknown"
"7014851",371865,2025-09-16 10:57:05,43.1307907104492,-8.47097778320312,"Unknown"
"7014851",371865,2025-09-16 11:02:09,43.1308860778809,-8.47099781036377,"Unknown"
"7014851",371865,2025-09-16 11:07:09,43.1308670043945,-8.47111415863037,"Unknown"
"7014851",371865,2025-09-16 11:12:09,43.1309700012207,-8.47090625762939,"Unknown"
"7014851",371865,2025-09-16 11:17:09,43.1310005187988,-8.4709300994873,"Unknown"
"7014851",371865,2025-09-16 11:22:09,43.1336059570312,-8.4699821472168,"Unknown"
"7014851",371865,2025-09-16 11:27:09,43.1337928771973,-8.47001457214355,"Unknown"
"7014851",371865,2025-09-16 11:32:45,43.1302108764648,-8.47006511688232,"Unknown"
"7014851",371865,2025-09-16 11:37:07,43.130313873291,-8.47006034851074,"Unknown"
"7014851",371865,2025-09-16 11:42:06,43.1301078796387,-8.4700984954834,"Unknown"
"7014851",371865,2025-09-16 11:47:06,43.1301765441895,-8.47008514404297,"Unknown"
"7014851",371865,2025-09-16 11:52:04,43.1303253173828,-8.47002220153809,"Unknown"
"7014851",371865,2025-09-16 11:57:07,43.1303939819336,-8.4700984954834,"Unknown"
"7014851",371865,2025-09-16 12:02:03,43.1303825378418,-8.46996688842773,"Unknown"
"7014851",371865,2025-09-16 12:07:08,43.1293067932129,-8.4689769744873,"Unknown"
"7014851",371865,2025-09-16 12:12:09,43.1300201416016,-8.46958446502686,"Unknown"
"7014851",371865,2025-09-16 12:17:09,43.1301155090332,-8.47000980377197,"Unknown"
"7014851",371865,2025-09-16 12:22:10,43.1300048828125,-8.46963500976562,"Unknown"
"7014851",371865,2025-09-16 12:27:07,43.1308670043945,-8.47020149230957,"Unknown"
"7014851",371865,2025-09-16 12:32:14,43.1306457519531,-8.47094821929932,"Unknown"
"7014851",371865,2025-09-16 12:37:06,43.130859375,-8.47084522247314,"Unknown"
"7014851",371865,2025-09-16 12:42:06,43.130729675293,-8.47091007232666,"Unknown"
"7014851",371865,2025-09-16 12:47:12,43.1314315795898,-8.47083282470703,"Unknown"
"7014851",371865,2025-09-16 12:52:10,43.1306953430176,-8.47096729278564,"Unknown"
"7014851",371865,2025-09-16 12:57:03,43.1308212280273,-8.47087955474854,"Unknown"
"7014851",371865,2025-09-16 13:02:03,43.1307754516602,-8.47089290618896,"Unknown"
"7014851",371865,2025-09-16 13:07:16,43.1291275024414,-8.46970462799072,"Unknown"
"7014851",371865,2025-09-16 13:12:13,43.1297645568848,-8.46987438201904,"Unknown"
"7014851",371865,2025-09-16 13:17:11,43.1297416687012,-8.46969318389893,"Unknown"
"7014851",371865,2025-09-16 13:22:14,43.1296424865723,-8.4697437286377,"Unknown"
"7014851",371865,2025-09-16 13:27:11,43.1297264099121,-8.46968650817871,"Unknown"
"7014851",371865,2025-09-16 13:32:35,43.1298370361328,-8.46965026855469,"Unknown"
"7014851",371865,2025-09-16 13:37:02,43.1296501159668,-8.46988201141357,"Unknown"
"7014851",371865,2025-09-16 13:42:02,43.129768371582,-8.4698314666748,"Unknown"
"7014851",371865,2025-09-16 13:47:03,43.1298637390137,-8.46969795227051,"Unknown"
"7014851",371865,2025-09-16 13:52:02,43.1294441223145,-8.47009468078613,"Unknown"
"7014851",371865,2025-09-16 13:57:05,43.1299362182617,-8.46963405609131,"Unknown"
"7014851",371865,2025-09-16 14:02:06,43.1299324035645,-8.46970653533936,"Unknown"
"7014851",371865,2025-09-16 14:07:03,43.1299324035645,-8.4696102142334,"Unknown"
"7014851",371865,2025-09-16 14:12:03,43.1299476623535,-8.469651222229,"Unknown"
"7014851",371865,2025-09-16 14:17:06,43.1298942565918,-8.4696683883667,"Unknown"
"7014851",371865,2025-09-16 14:22:06,43.1298866271973,-8.4697151184082,"Unknown"
"7014851",371865,2025-09-16 14:27:05,43.1298789978027,-8.46962833404541,"Unknown"
"7014851",371865,2025-09-16 14:32:05,43.1298637390137,-8.46953868865967,"Unknown"
"7014851",371865,2025-09-16 14:37:05,43.1298599243164,-8.46965217590332,"Unknown"
"7014851",371865,2025-09-16 14:42:18,43.1298370361328,-8.4697380065918,"Unknown"
"7014851",371865,2025-09-16 14:47:05,43.1297760009766,-8.46964740753174,"Unknown"
"7014851",371865,2025-09-16 14:52:14,43.1298866271973,-8.46972846984863,"Unknown"
"7014851",371865,2025-09-16 14:57:03,43.1298522949219,-8.46965408325195,"Unknown"
"7014851",371865,2025-09-16 15:02:03,43.1298789978027,-8.46963500976562,"Unknown"
"7014851",371865,2025-09-16 15:07:03,43.1298522949219,-8.4697322845459,"Unknown"
"7014851",371865,2025-09-16 15:12:06,43.1297988891602,-8.46970081329346,"Unknown"
"7014851",371865,2025-09-16 15:17:03,43.129825592041,-8.46969032287598,"Unknown"
"7014851",371865,2025-09-16 15:22:09,43.1297302246094,-8.46969318389893,"Unknown"
"7014851",371865,2025-09-16 15:27:03,43.129711151123,-8.46969223022461,"Unknown"
"7014851",371865,2025-09-16 15:32:02,43.1297798156738,-8.46968173980713,"Unknown"
"7014851",371865,2025-09-16 15:37:03,43.1300086975098,-8.46953296661377,"Unknown"
"7014851",371865,2025-09-16 15:42:05,43.1292572021484,-8.46933746337891,"Unknown"
"7014851",371865,2025-09-16 15:47:44,43.1294250488281,-8.46950817108154,"Unknown"
"7014851",371865,2025-09-16 15:52:02,43.1295280456543,-8.46949291229248,"Unknown"
"7014851",371865,2025-09-16 15:57:08,43.1294860839844,-8.46969223022461,"Unknown"
"7014851",371865,2025-09-16 16:02:07,43.1298332214355,-8.46994400024414,"Unknown"
"7014851",371865,2025-09-16 16:07:43,43.1298866271973,-8.46995067596436,"Unknown"
"7014851",371865,2025-09-16 16:12:16,43.1298522949219,-8.46990776062012,"Unknown"
"7014851",371865,2025-09-16 16:17:02,43.1298294067383,-8.46994304656982,"Unknown"
"7014851",371865,2025-09-16 16:22:02,43.1298942565918,-8.46987819671631,"Unknown"
"7014851",371865,2025-09-16 16:27:02,43.1298942565918,-8.46993446350098,"Unknown"
"7014851",371865,2025-09-16 16:32:02,43.1299057006836,-8.46982192993164,"Unknown"
"7014851",371865,2025-09-16 16:37:10,43.1299095153809,-8.46996784210205,"Unknown"
"7014851",371865,2025-09-16 16:42:08,43.1298065185547,-8.47055339813232,"Unknown"
"7014851",371865,2025-09-16 16:47:35,43.1298713684082,-8.46987152099609,"Unknown"
"7014851",371865,2025-09-16 16:52:03,43.1298751831055,-8.46994400024414,"Unknown"
"7014851",371865,2025-09-16 16:57:03,43.1298522949219,-8.46986389160156,"Unknown"
"7014851",371865,2025-09-16 17:02:03,43.1298370361328,-8.46989822387695,"Unknown"
"7014851",371865,2025-09-16 17:07:03,43.1297988891602,-8.46987628936768,"Unknown"
"7014851",371865,2025-09-16 17:12:02,43.1298370361328,-8.4700174331665,"Unknown"
"7014851",371865,2025-09-16 17:17:03,43.1296653747559,-8.46949863433838,"Unknown"
"7014851",371865,2025-09-16 17:22:03,43.129638671875,-8.46950721740723,"Unknown"
"7014851",371865,2025-09-16 17:27:03,43.1296119689941,-8.46950531005859,"Unknown"
"7014851",371865,2025-09-16 17:32:03,43.1296081542969,-8.46939563751221,"Unknown"
"7014851",371865,2025-09-16 17:37:02,43.1295928955078,-8.46936321258545,"Unknown"
"7014851",371865,2025-09-16 17:42:03,43.1299934387207,-8.47063541412354,"Unknown"
"7014851",371865,2025-09-16 17:47:03,43.1308441162109,-8.47047424316406,"Unknown"
"7014851",371865,2025-09-16 17:52:02,43.130558013916,-8.47147369384766,"Unknown"
"7014851",371865,2025-09-16 17:57:03,43.1305885314941,-8.47117710113525,"Unknown"
"7014851",371865,2025-09-16 18:02:04,43.1301155090332,-8.47010803222656,"Unknown"
"7014851",371865,2025-09-16 18:07:03,43.1297988891602,-8.4702320098877,"Unknown"
"7014851",371865,2025-09-16 18:12:02,43.1298866271973,-8.47024154663086,"Unknown"
"7014851",371865,2025-09-16 18:17:02,43.1298484802246,-8.47020816802979,"Unknown"
"7014851",371865,2025-09-16 18:22:02,43.1298904418945,-8.47026824951172,"Unknown"
"7014851",371865,2025-09-16 18:27:03,43.1297988891602,-8.47017765045166,"Unknown"
"7014851",371865,2025-09-16 18:32:03,43.1421508789062,-8.4638786315918,"Unknown"
"7014851",371865,2025-09-16 18:37:03,43.1657066345215,-8.44915103912354,"Unknown"
"7014851",371865,2025-09-16 18:42:02,43.1931114196777,-8.42450618743896,"Unknown"
"7014851",371865,2025-09-16 18:47:03,43.1921463012695,-8.42527008056641,"Unknown"
"7014851",371865,2025-09-16 18:52:04,43.1922340393066,-8.42602729797363,"Unknown"
"7014851",371865,2025-09-16 18:57:06,43.1929244995117,-8.42077350616455,"Unknown"
"7014851",371865,2025-09-16 19:02:03,43.1936378479004,-8.42304420471191,"Unknown"
"7014851",371865,2025-09-16 19:07:05,43.2127914428711,-8.44570541381836,"Unknown"
"7014851",371865,2025-09-16 19:12:58,43.2432708740234,-8.45663356781006,"Unknown"
"7014851",371865,2025-09-16 19:17:02,43.2693748474121,-8.45802402496338,"Unknown"
"7014851",371865,2025-09-16 19:22:02,43.3009757995605,-8.4618673324585,"Unknown"
"7014851",371865,2025-09-16 19:27:04,43.3302116394043,-8.44030857086182,"Unknown"
"7014851",371865,2025-09-16 19:32:08,43.3570137023926,-8.40413951873779,"Unknown"
"7014851",371865,2025-09-16 19:37:08,43.3618431091309,-8.39130783081055,"Unknown"
"7014851",371865,2025-09-16 19:42:04,43.3617820739746,-8.39124584197998,"Unknown"
"7014851",371865,2025-09-16 19:47:03,43.3616561889648,-8.39119529724121,"Unknown"
"7014851",371865,2025-09-16 19:52:03,43.361888885498,-8.39130592346191,"Unknown"
"7014851",371865,2025-09-16 19:57:07,43.3632431030273,-8.39470386505127,"Unknown"
"7014851",371865,2025-09-16 20:02:03,43.3635139465332,-8.39473915100098,"Unknown"
"7014851",371865,2025-09-16 20:07:03,43.3634033203125,-8.39471626281738,"Unknown"
"7014851",371865,2025-09-16 20:12:03,43.3635177612305,-8.39462280273438,"Unknown"
"7014851",371865,2025-09-16 20:17:03,43.3633079528809,-8.39456462860107,"Unknown"
"7014851",371865,2025-09-16 20:22:09,43.3635444641113,-8.39479160308838,"Unknown"
"7014851",371865,2025-09-16 20:27:06,43.3634796142578,-8.39480686187744,"Unknown"
"7014851",371865,2025-09-16 20:32:06,43.3633842468262,-8.39446640014648,"Unknown"
"7014851",371865,2025-09-16 20:37:06,43.3620834350586,-8.39191055297852,"Unknown"
"7014851",371865,2025-09-16 20:42:03,43.3626327514648,-8.39228439331055,"Unknown"
"7014851",371865,2025-09-16 20:47:03,43.3621139526367,-8.39196491241455,"Unknown"
"7014851",371865,2025-09-16 20:52:04,43.3635597229004,-8.39473056793213,"Unknown"
"7014851",371865,2025-09-16 20:57:18,43.3618965148926,-8.39196491241455,"Unknown"
"7014851",371865,2025-09-16 21:02:15,43.3617744445801,-8.39176177978516,"Unknown"
"7014851",371865,2025-09-16 21:07:40,43.3616905212402,-8.39187622070312,"Unknown"
"7014851",371865,2025-09-16 21:12:03,43.3617134094238,-8.39158535003662,"Unknown"
"7014851",371865,2025-09-16 21:17:04,43.3616790771484,-8.39191818237305,"Unknown"
"7014851",371865,2025-09-16 21:22:35,43.361743927002,-8.39186668395996,"Unknown"
"7014851",371865,2025-09-16 21:27:02,43.3617210388184,-8.39177989959717,"Unknown"
"7014851",371865,2025-09-16 21:32:02,43.3619155883789,-8.39181423187256,"Unknown"
"7014851",371865,2025-09-16 21:37:02,43.3618965148926,-8.39181709289551,"Unknown"
"7014851",371865,2025-09-16 21:42:06,43.3619995117188,-8.39188385009766,"Unknown"
"7014851",371865,2025-09-16 21:47:03,43.3619956970215,-8.39180946350098,"Unknown"
"7014851",371865,2025-09-16 21:52:03,43.3618812561035,-8.39198017120361,"Unknown"
"7014851",371865,2025-09-16 21:57:03,43.3619804382324,-8.39214897155762,"Unknown"
"7014851",371865,2025-09-16 22:02:03,43.3620376586914,-8.39207458496094,"Unknown"
"7014851",371865,2025-09-16 22:07:07,43.3620338439941,-8.39181518554688,"Unknown"
"7014851",371865,2025-09-16 22:12:10,43.3619918823242,-8.39180755615234,"Unknown"
"7014851",371865,2025-09-16 22:17:03,43.3620071411133,-8.3922758102417,"Unknown"
"7014851",371865,2025-09-16 22:22:04,43.3620300292969,-8.39173030853271,"Unknown"
"7014851",371865,2025-09-16 22:27:03,43.3616600036621,-8.39211750030518,"Unknown"
"7014851",371865,2025-09-16 22:32:07,43.362174987793,-8.39160060882568,"Unknown"
"7014851",371865,2025-09-16 22:37:10,43.3619117736816,-8.39187431335449,"Unknown"
"7014851",371865,2025-09-16 22:42:10,43.3617706298828,-8.39201545715332,"Unknown"
"7014851",371865,2025-09-16 22:47:06,43.3617057800293,-8.39208507537842,"Unknown"
"7014851",371865,2025-09-16 22:52:08,43.3618469238281,-8.39196014404297,"Unknown"
"7014851",371865,2025-09-16 22:57:04,43.3617744445801,-8.39196968078613,"Unknown"
"7014851",371865,2025-09-16 23:02:09,43.361873626709,-8.39198684692383,"Unknown"
"7014851",371865,2025-09-16 23:07:06,43.3616981506348,-8.39195728302002,"Unknown"
"7014851",371865,2025-09-16 23:12:07,43.3617706298828,-8.39183616638184,"Unknown"
"7014851",371865,2025-09-16 23:17:09,43.3617477416992,-8.3918981552124,"Unknown"
"7014851",371865,2025-09-16 23:22:09,43.3616981506348,-8.39206409454346,"Unknown"
"7014851",371865,2025-09-16 23:27:14,43.3619041442871,-8.39203929901123,"Unknown"
"7014851",371865,2025-09-16 23:32:13,43.3618545532227,-8.39188385009766,"Unknown"
"7014851",371865,2025-09-16 23:37:10,43.3617134094238,-8.39171314239502,"Unknown"
"7014851",371865,2025-09-16 23:42:07,43.3617782592773,-8.39194583892822,"Unknown"
"7014851",371865,2025-09-16 23:47:10,43.3617324829102,-8.3921012878418,"Unknown"
"7014851",371865,2025-09-16 23:52:08,43.3617286682129,-8.39190864562988,"Unknown"
"7014851",371865,2025-09-16 23:57:10,43.3617820739746,-8.39209842681885,"Unknown"
"7014851",371865,2025-09-17 00:02:09,43.3617706298828,-8.39212894439697,"Unknown"
"7014851",371865,2025-09-17 00:07:10,43.3618698120117,-8.39204883575439,"Unknown"
"7014851",371865,2025-09-17 00:12:04,43.3616828918457,-8.39207077026367,"Unknown"
"7014851",371865,2025-09-17 00:17:42,43.3618621826172,-8.39206123352051,"Unknown"
"7014851",371865,2025-09-17 00:22:13,43.3618278503418,-8.39210987091064,"Unknown"
"7014851",371865,2025-09-17 00:27:07,43.3618545532227,-8.39185523986816,"Unknown"
"7014851",371865,2025-09-17 00:32:04,43.3618431091309,-8.3922233581543,"Unknown"
"7014851",371865,2025-09-17 00:37:09,43.361888885498,-8.39182567596436,"Unknown"
"7014851",371865,2025-09-17 00:42:07,43.3617401123047,-8.39203548431396,"Unknown"
"7014851",371865,2025-09-17 00:47:35,43.3618354797363,-8.3919849395752,"Unknown"
"7014851",371865,2025-09-17 00:52:02,43.3616981506348,-8.39178657531738,"Unknown"
"7014851",371865,2025-09-17 00:57:02,43.3618659973145,-8.39182472229004,"Unknown"
"7014851",371865,2025-09-17 01:02:09,43.3617630004883,-8.39210510253906,"Unknown"
"7014851",371865,2025-09-17 01:07:35,43.3619270324707,-8.39221572875977,"Unknown"
"7014851",371865,2025-09-17 01:12:02,43.3619766235352,-8.39219951629639,"Unknown"
"7014851",371865,2025-09-17 01:17:04,43.362060546875,-8.39233112335205,"Unknown"
"7014851",371865,2025-09-17 01:22:02,43.3619918823242,-8.3922700881958,"Unknown"
"7014851",371865,2025-09-17 01:27:03,43.3620071411133,-8.39186668395996,"Unknown"
"7014851",371865,2025-09-17 01:32:03,43.3621482849121,-8.39233207702637,"Unknown"
"7014851",371865,2025-09-17 01:37:02,43.3620529174805,-8.39223003387451,"Unknown"
"7014851",371865,2025-09-17 01:42:03,43.3623199462891,-8.39264583587646,"Unknown"
"7014851",371865,2025-09-17 01:47:07,43.3618354797363,-8.39226150512695,"Unknown"
"7014851",371865,2025-09-17 01:52:13,43.3618812561035,-8.39226722717285,"Unknown"
"7014851",371865,2025-09-17 01:57:07,43.3619155883789,-8.39225769042969,"Unknown"
"7014851",371865,2025-09-17 02:02:07,43.3619041442871,-8.39232921600342,"Unknown"
"7014851",371865,2025-09-17 02:07:03,43.3618850708008,-8.3922700881958,"Unknown"
"7014851",371865,2025-09-17 02:12:02,43.3618583679199,-8.3918514251709,"Unknown"
"7014851",371865,2025-09-17 02:17:09,43.3618659973145,-8.39215755462646,"Unknown"
"7014851",371865,2025-09-17 02:22:03,43.3619728088379,-8.39254856109619,"Unknown"
"7014851",371865,2025-09-17 02:27:03,43.361930847168,-8.39242172241211,"Unknown"
"7014851",371865,2025-09-17 02:32:03,43.361946105957,-8.3923397064209,"Unknown"
"7014851",371865,2025-09-17 02:37:03,43.3619003295898,-8.39232635498047,"Unknown"
"7014851",371865,2025-09-17 02:42:03,43.3619079589844,-8.39230918884277,"Unknown"
"7014851",371865,2025-09-17 02:47:03,43.3619422912598,-8.39233779907227,"Unknown"
"7014851",371865,2025-09-17 02:52:03,43.3618698120117,-8.39232921600342,"Unknown"
"7014851",371865,2025-09-17 02:57:09,43.3620491027832,-8.3924036026001,"Unknown"
"7014851",371865,2025-09-17 03:02:10,43.3619689941406,-8.39236068725586,"Unknown"
"7014851",371865,2025-09-17 03:07:09,43.3618469238281,-8.39244556427002,"Unknown"
"7014851",371865,2025-09-17 03:12:06,43.3618011474609,-8.3923168182373,"Unknown"
"7014851",371865,2025-09-17 03:17:03,43.3620109558105,-8.39250659942627,"Unknown"
"7014851",371865,2025-09-17 03:22:03,43.361888885498,-8.39214134216309,"Unknown"
"7014851",371865,2025-09-17 03:27:05,43.361759185791,-8.39231300354004,"Unknown"
"7014851",371865,2025-09-17 03:32:03,43.3619079589844,-8.3921012878418,"Unknown"
"7014851",371865,2025-09-17 03:37:03,43.36181640625,-8.39166736602783,"Unknown"
"7014851",371865,2025-09-17 03:42:02,43.3619804382324,-8.39227485656738,"Unknown"
"7014851",371865,2025-09-17 03:47:02,43.3620910644531,-8.39251613616943,"Unknown"
"7014851",371865,2025-09-17 03:52:05,43.3619499206543,-8.3921070098877,"Unknown"
"7014851",371865,2025-09-17 03:57:34,43.3617095947266,-8.39196491241455,"Unknown"
"7014851",371865,2025-09-17 04:02:02,43.3620643615723,-8.39235782623291,"Unknown"
"7014851",371865,2025-09-17 04:07:35,43.3620643615723,-8.39197731018066,"Unknown"
"7014851",371865,2025-09-17 04:12:03,43.3620758056641,-8.39197635650635,"Unknown"
"7014851",371865,2025-09-17 04:17:06,43.3623580932617,-8.39303588867188,"Unknown"
"7014851",371865,2025-09-17 04:22:08,43.3622627258301,-8.39304161071777,"Unknown"
"7014851",371865,2025-09-17 04:27:07,43.3622741699219,-8.3930492401123,"Unknown"
"7014851",371865,2025-09-17 04:32:05,43.3647575378418,-8.39877891540527,"Unknown"
"7014851",371865,2025-09-17 04:42:05,43.3646965026855,-8.3992166519165,"Unknown"
"7014851",371865,2025-09-17 04:47:14,43.3647308349609,-8.39921474456787,"Unknown"
"7014851",371865,2025-09-17 04:52:02,43.3647727966309,-8.39920425415039,"Unknown"
"7014851",371865,2025-09-17 04:57:02,43.3648147583008,-8.39925765991211,"Unknown"
"7014851",371865,2025-09-17 05:07:02,43.3647804260254,-8.39928722381592,"Unknown"
"7014851",371865,2025-09-17 05:12:14,43.3645286560059,-8.39916229248047,"Unknown"
"7014851",371865,2025-09-17 05:22:05,43.3644180297852,-8.39921092987061,"Unknown"
"7014851",371865,2025-09-17 05:27:07,43.3644714355469,-8.39920425415039,"Unknown"
"7014851",371865,2025-09-17 05:32:07,43.3644371032715,-8.39924144744873,"Unknown"
"7014851",371865,2025-09-17 05:37:07,43.374584197998,-8.41780662536621,"Unknown"
"7014851",371865,2025-09-17 05:47:44,43.3663558959961,-8.48953247070312,"Unknown"
"7014851",371865,2025-09-17 05:57:09,43.3328666687012,-8.51165008544922,"Unknown"
"7014851",371865,2025-09-17 06:07:14,43.3322982788086,-8.51167488098145,"Unknown"
"7014851",371865,2025-09-17 06:17:04,43.3292846679688,-8.51208019256592,"Unknown"
"7014851",371865,2025-09-17 06:27:09,43.3298568725586,-8.51184844970703,"Unknown"
"7014851",371865,2025-09-17 06:37:10,43.329647064209,-8.51215934753418,"Unknown"
"7014851",371865,2025-09-17 06:47:11,43.3509330749512,-8.52433586120605,"Unknown"
"7014851",371865,2025-09-17 06:57:24,43.3518943786621,-8.51397323608398,"Unknown"
"7014851",371865,2025-09-17 07:07:14,43.3525848388672,-8.51379871368408,"Unknown"
"7014851",371865,2025-09-17 07:17:03,43.3526382446289,-8.51369571685791,"Unknown"
"7014851",371865,2025-09-17 07:27:04,43.3525123596191,-8.51387786865234,"Unknown"
"7014851",371865,2025-09-17 07:37:11,43.3524169921875,-8.51395702362061,"Unknown"
"7014851",371865,2025-09-17 07:47:24,43.3524589538574,-8.51383209228516,"Unknown"
"7014851",371865,2025-09-17 07:57:09,43.352596282959,-8.51400947570801,"Unknown"
"7014851",371865,2025-09-17 08:07:35,43.3525810241699,-8.51357269287109,"Unknown"
"7014851",371865,2025-09-17 08:17:01,43.352409362793,-8.51348781585693,"Unknown"
"7014851",371865,2025-09-17 08:27:02,43.3527679443359,-8.51587104797363,"Unknown"
"7014851",371865,2025-09-17 08:32:04,43.3465995788574,-8.53164672851562,"Unknown"
"7014851",371865,2025-09-17 08:42:03,43.3462181091309,-8.53135871887207,"Unknown"
"7014851",371865,2025-09-17 08:52:09,43.346809387207,-8.53205013275146,"Unknown"
"7014851",371865,2025-09-17 08:57:10,43.3469467163086,-8.53222751617432,"Unknown"
"7014851",371865,2025-09-17 09:02:22,43.3475646972656,-8.53294658660889,"Unknown"
"7014851",371865,2025-09-17 09:07:06,43.3475608825684,-8.5327205657959,"Unknown"
"7014851",371865,2025-09-17 09:12:15,43.34716796875,-8.53222942352295,"Unknown"
"7014851",371865,2025-09-17 09:17:06,43.3472633361816,-8.53238582611084,"Unknown"
"7014851",371865,2025-09-17 09:22:04,43.3473014831543,-8.53238677978516,"Unknown"
"7014851",371865,2025-09-17 09:27:02,43.3473701477051,-8.53244876861572,"Unknown"
"7014851",371865,2025-09-17 09:32:02,43.3474159240723,-8.53243255615234,"Unknown"
"7014851",371865,2025-09-17 09:37:03,43.3473358154297,-8.53238487243652,"Unknown"
"7014851",371865,2025-09-17 09:42:03,43.3473472595215,-8.53242301940918,"Unknown"
"7014851",371865,2025-09-17 09:47:11,43.347599029541,-8.53250122070312,"Unknown"
"7014851",371865,2025-09-17 09:52:03,43.3477172851562,-8.53247928619385,"Unknown"
"7014851",371865,2025-09-17 09:57:03,43.3479461669922,-8.5327844619751,"Unknown"
"7014851",371865,2025-09-17 10:02:04,43.348030090332,-8.53283500671387,"Unknown"
"7014851",371865,2025-09-17 10:07:03,43.3481826782227,-8.53294086456299,"Unknown"
"7014851",371865,2025-09-17 10:12:03,43.3482398986816,-8.53296756744385,"Unknown"
"7014851",371865,2025-09-17 10:17:03,43.3485298156738,-8.53308582305908,"Unknown"
"7014851",371865,2025-09-17 10:22:12,43.3491477966309,-8.53347396850586,"Unknown"
"7014851",371865,2025-09-17 10:27:04,43.3486785888672,-8.53312397003174,"Unknown"
"7014851",371865,2025-09-17 10:32:14,43.3487434387207,-8.53332805633545,"Unknown"
"7014851",371865,2025-09-17 10:37:33,43.3464965820312,-8.53147983551025,"Unknown"
"7014851",371865,2025-09-17 10:42:02,43.3470840454102,-8.53250885009766,"Unknown"
"7014851",371865,2025-09-17 10:47:04,43.3464965820312,-8.53306865692139,"Unknown"
"7014851",371865,2025-09-17 10:52:04,43.3465347290039,-8.53303909301758,"Unknown"
"7014851",371865,2025-09-17 10:57:02,43.3463096618652,-8.53249073028564,"Unknown"
"7014851",371865,2025-09-17 11:02:02,43.3460693359375,-8.53210830688477,"Unknown"
"7014851",371865,2025-09-17 11:07:03,43.3462448120117,-8.53259944915771,"Unknown"
"7014851",371865,2025-09-17 11:12:06,43.3464584350586,-8.53305244445801,"Unknown"
"7014851",371865,2025-09-17 11:17:03,43.3461227416992,-8.53215217590332,"Unknown"
"7014851",371865,2025-09-17 11:22:03,43.3468284606934,-8.53359699249268,"Unknown"
"7014851",371865,2025-09-17 11:27:02,43.3466606140137,-8.53319072723389,"Unknown"
"7014851",371865,2025-09-17 11:32:02,43.3466110229492,-8.5332202911377,"Unknown"
"7014851",371865,2025-09-17 11:37:09,43.346378326416,-8.5330753326416,"Unknown"
"7014851",371865,2025-09-17 11:42:04,43.3464431762695,-8.53308582305908,"Unknown"
"7014851",371865,2025-09-17 11:47:02,43.3463287353516,-8.53283786773682,"Unknown"
"7014851",371865,2025-09-17 11:52:08,43.3465576171875,-8.53304100036621,"Unknown"
"7014851",371865,2025-09-17 11:57:04,43.3466758728027,-8.53343200683594,"Unknown"
"7014851",371865,2025-09-17 12:02:07,43.3465385437012,-8.53313255310059,"Unknown"
"7014851",371865,2025-09-17 12:07:02,43.3465461730957,-8.5331916809082,"Unknown"
"7014851",371865,2025-09-17 12:12:07,43.346549987793,-8.53311443328857,"Unknown"
"7014851",371865,2025-09-17 12:17:11,43.3464126586914,-8.53311729431152,"Unknown"
"7014851",371865,2025-09-17 12:22:01,43.3464317321777,-8.53305816650391,"Unknown"
"7014851",371865,2025-09-17 12:27:02,43.346321105957,-8.53289222717285,"Unknown"
"7014851",371865,2025-09-17 12:32:03,43.3462066650391,-8.53292942047119,"Unknown"
"7014851",371865,2025-09-17 12:37:06,43.3465347290039,-8.53311729431152,"Unknown"
"7014851",371865,2025-09-17 12:42:02,43.346263885498,-8.53275012969971,"Unknown"
"7014851",371865,2025-09-17 12:47:11,43.346549987793,-8.53306579589844,"Unknown"
"7014851",371865,2025-09-17 12:52:07,43.3465232849121,-8.53310680389404,"Unknown"
"7014851",371865,2025-09-17 12:57:14,43.3464202880859,-8.533203125,"Unknown"
"7014851",371865,2025-09-17 13:02:03,43.3463973999023,-8.53314304351807,"Unknown"
"7014851",371865,2025-09-17 13:07:09,43.3464469909668,-8.53317070007324,"Unknown"
"7014851",371865,2025-09-17 13:12:07,43.3464317321777,-8.53317928314209,"Unknown"
"7014851",371865,2025-09-17 13:17:04,43.3463439941406,-8.53330516815186,"Unknown"
"7014851",371865,2025-09-17 13:22:02,43.3463821411133,-8.53316307067871,"Unknown"
"7014851",371865,2025-09-17 13:27:07,43.346305847168,-8.53331184387207,"Unknown"
"7014851",371865,2025-09-17 13:32:04,43.3463439941406,-8.53319549560547,"Unknown"
"7014851",371865,2025-09-17 13:37:06,43.3464431762695,-8.5330867767334,"Unknown"
"7014851",371865,2025-09-17 13:42:03,43.3529434204102,-8.51554870605469,"Unknown"
"7014851",371865,2025-09-17 13:47:15,43.3533821105957,-8.51559829711914,"Unknown"
"7014851",371865,2025-09-17 13:52:01,43.3533744812012,-8.5154857635498,"Unknown"
"7014851",371865,2025-09-17 13:57:08,43.3528175354004,-8.51584625244141,"Unknown"
"7014851",371865,2025-09-17 14:02:11,43.352668762207,-8.51588344573975,"Unknown"
"7014851",371865,2025-09-17 14:07:07,43.3531608581543,-8.51543807983398,"Unknown"
"7014851",371865,2025-09-17 14:12:09,43.3529434204102,-8.51552772521973,"Unknown"
"7014851",371865,2025-09-17 14:17:13,43.353343963623,-8.51554298400879,"Unknown"
"7014851",371865,2025-09-17 14:22:06,43.353271484375,-8.5156774520874,"Unknown"
"7014851",371865,2025-09-17 14:27:06,43.3530807495117,-8.51577758789062,"Unknown"
"7014851",371865,2025-09-17 14:32:35,43.3534126281738,-8.51546096801758,"Unknown"
"7014851",371865,2025-09-17 14:37:01,43.3533821105957,-8.51558303833008,"Unknown"
"7014851",371865,2025-09-17 14:42:01,43.3533668518066,-8.51560211181641,"Unknown"
"7014851",371865,2025-09-17 14:47:01,43.3534278869629,-8.51554870605469,"Unknown"
"7014851",371865,2025-09-17 14:52:02,43.3533477783203,-8.51532936096191,"Unknown"
"7014851",371865,2025-09-17 14:57:01,43.3534202575684,-8.51562023162842,"Unknown"
"7014851",371865,2025-09-17 15:02:01,43.3533973693848,-8.5156135559082,"Unknown"
"7014851",371865,2025-09-17 15:07:01,43.3532829284668,-8.51549339294434,"Unknown"
"7014851",371865,2025-09-17 15:12:01,43.3533096313477,-8.51544570922852,"Unknown"
"7014851",371865,2025-09-17 15:17:01,43.353328704834,-8.51558017730713,"Unknown"
"7014851",371865,2025-09-17 15:22:01,43.3532485961914,-8.51549434661865,"Unknown"
"7014851",371865,2025-09-17 15:27:09,43.3533668518066,-8.51553153991699,"Unknown"
"7014851",371865,2025-09-17 15:32:04,43.3533020019531,-8.51564121246338,"Unknown"
"7014851",371865,2025-09-17 15:37:01,43.3532524108887,-8.51552104949951,"Unknown"
"7014851",371865,2025-09-17 15:42:02,43.3532524108887,-8.51539611816406,"Unknown"
"7014851",371865,2025-09-17 15:47:04,43.3533096313477,-8.51568603515625,"Unknown"
"7014851",371865,2025-09-17 15:52:03,43.3532600402832,-8.51540088653564,"Unknown"
"7014851",371865,2025-09-17 15:57:09,43.3532981872559,-8.51556587219238,"Unknown"
"7014851",371865,2025-09-17 16:02:14,43.353271484375,-8.51553916931152,"Unknown"
"7014851",371865,2025-09-17 16:07:01,43.353328704834,-8.51576137542725,"Unknown"
"7014851",371865,2025-09-17 16:12:03,43.3533020019531,-8.5155782699585,"Unknown"
"7014851",371865,2025-09-17 16:17:02,43.3533096313477,-8.51572322845459,"Unknown"
"7014851",371865,2025-09-17 16:22:06,43.3532905578613,-8.51550579071045,"Unknown"
"7014851",371865,2025-09-17 16:27:03,43.3532562255859,-8.51566028594971,"Unknown"
"7014851",371865,2025-09-17 16:32:02,43.3533668518066,-8.51570701599121,"Unknown"
"7014851",371865,2025-09-17 16:37:02,43.3533630371094,-8.51569175720215,"Unknown"
"7014851",371865,2025-09-17 16:42:02,43.3533325195312,-8.51580238342285,"Unknown"
"7014851",371865,2025-09-17 16:47:04,43.353343963623,-8.51593399047852,"Unknown"
"7014851",371865,2025-09-17 16:52:02,43.3559608459473,-8.51436805725098,"Unknown"
"7014851",371865,2025-09-17 16:57:04,43.3506240844727,-8.52813529968262,"Unknown"
"7014851",371865,2025-09-17 17:02:01,43.3325309753418,-8.57254409790039,"Unknown"
"7014851",371865,2025-09-17 17:07:12,43.3237075805664,-8.61040210723877,"Unknown"
"7014851",371865,2025-09-17 17:12:04,43.311336517334,-8.65579891204834,"Unknown"
"7014851",371865,2025-09-17 17:17:03,43.2916717529297,-8.69740772247314,"Unknown"
"7014851",371865,2025-09-17 17:22:21,43.2918472290039,-8.6970043182373,"Unknown"
"7014851",371865,2025-09-17 17:27:21,43.2934951782227,-8.70626258850098,"Unknown"
"7014851",371865,2025-09-17 17:32:24,43.298267364502,-8.72686290740967,"Unknown"
"7014851",371865,2025-09-17 17:37:15,43.2982864379883,-8.72693729400635,"Unknown"
"7014851",371865,2025-09-17 17:42:15,43.2982139587402,-8.72690105438232,"Unknown"
"7014851",371865,2025-09-17 17:47:09,43.2982559204102,-8.72707176208496,"Unknown"
"7014851",371865,2025-09-17 17:52:25,43.298267364502,-8.7270679473877,"Unknown"
"7014851",371865,2025-09-17 17:57:35,43.2982788085938,-8.72698020935059,"Unknown"
"7014851",371865,2025-09-17 18:02:01,43.2983551025391,-8.72684764862061,"Unknown"
"7014851",371865,2025-09-17 18:07:03,43.2983703613281,-8.72688674926758,"Unknown"
"7014851",371865,2025-09-17 18:12:35,43.2983055114746,-8.72690296173096,"Unknown"
"7014851",371865,2025-09-17 18:17:02,43.2982025146484,-8.72694492340088,"Unknown"
"7014851",371865,2025-09-17 18:22:02,43.2981872558594,-8.72698974609375,"Unknown"
"7014851",371865,2025-09-17 18:27:01,43.298210144043,-8.72697639465332,"Unknown"
"7014851",371865,2025-09-17 18:32:06,43.2982177734375,-8.72677803039551,"Unknown"
"7014851",371865,2025-09-17 18:37:02,43.2985725402832,-8.72646713256836,"Unknown"
"7014851",371865,2025-09-17 18:42:01,43.298755645752,-8.72623538970947,"Unknown"
"7014851",371865,2025-09-17 18:47:04,43.2987022399902,-8.7263011932373,"Unknown"
"7014851",371865,2025-09-17 18:52:14,43.2986831665039,-8.7262020111084,"Unknown"
"7014851",371865,2025-09-17 18:57:02,43.2987289428711,-8.72623062133789,"Unknown"
"7014851",371865,2025-09-17 19:02:02,43.3123512268066,-8.75635147094727,"Unknown"
"7014851",371865,2025-09-17 19:07:01,43.3307991027832,-8.79853248596191,"Unknown"
"7014851",371865,2025-09-17 19:12:01,43.3554992675781,-8.81669998168945,"Unknown"
"7014851",371865,2025-09-17 19:17:01,43.3792686462402,-8.81845092773438,"Unknown"
"7014851",371865,2025-09-17 19:22:02,43.4076728820801,-8.81623840332031,"Unknown"
"7014851",371865,2025-09-17 19:27:13,43.4147033691406,-8.818039894104,"Unknown"
"7014851",371865,2025-09-17 19:32:09,43.4135322570801,-8.81946659088135,"Unknown"
"7014851",371865,2025-09-17 19:37:03,43.4156875610352,-8.83333015441895,"Unknown"
"7014851",371865,2025-09-17 19:42:06,43.4146270751953,-8.84403991699219,"Unknown"
"7014851",371865,2025-09-17 19:47:58,43.4133148193359,-8.8409948348999,"Unknown"
"7014851",371865,2025-09-17 19:52:06,43.4124145507812,-8.84179210662842,"Unknown"
"7014851",371865,2025-09-17 19:57:09,43.411190032959,-8.84302234649658,"Unknown"
"7014851",371865,2025-09-17 20:02:03,43.4111976623535,-8.84299468994141,"Unknown"
"7014851",371865,2025-09-17 20:07:00,43.4096946716309,-8.83731269836426,"Unknown"
"7014851",371865,2025-09-17 20:12:00,43.4092140197754,-8.82217597961426,"Unknown"
"7014851",371865,2025-09-17 20:17:06,43.4103164672852,-8.80442523956299,"Unknown"
"7014851",371865,2025-09-17 20:22:02,43.4097900390625,-8.80621433258057,"Unknown"
"7014851",371865,2025-09-17 20:27:02,43.4093551635742,-8.80856037139893,"Unknown"
"7014851",371865,2025-09-17 20:32:01,43.4090766906738,-8.8105297088623,"Unknown"
"7014851",371865,2025-09-17 20:37:06,43.4089469909668,-8.81254959106445,"Unknown"
"7014851",371865,2025-09-17 20:42:01,43.4085731506348,-8.81463146209717,"Unknown"
"7014851",371865,2025-09-17 20:47:03,43.4077224731445,-8.81654930114746,"Unknown"
"7014851",371865,2025-09-17 20:52:06,43.4064102172852,-8.81771469116211,"Unknown"
"7014851",371865,2025-09-17 20:57:02,43.4050636291504,-8.81889724731445,"Unknown"
"7014851",371865,2025-09-17 21:02:02,43.403938293457,-8.82019805908203,"Unknown"
"7014851",371865,2025-09-17 21:07:14,43.4031524658203,-8.82191944122314,"Unknown"
"7014851",371865,2025-09-17 21:12:05,43.4026756286621,-8.8241662979126,"Unknown"
"7014851",371865,2025-09-17 21:17:07,43.4021224975586,-8.82625579833984,"Unknown"
"7014851",371865,2025-09-17 21:27:05,43.4008903503418,-8.83039569854736,"Unknown"
"7014851",371865,2025-09-17 21:32:03,43.4000282287598,-8.83206462860107,"Unknown"
"7014851",371865,2025-09-17 21:37:07,43.3990592956543,-8.84780883789062,"Unknown"
"7014851",371865,2025-09-17 21:42:59,43.3959617614746,-8.8164587020874,"Unknown"
"7014851",371865,2025-09-17 21:47:02,43.3894920349121,-8.79997634887695,"Unknown"
"7014851",371865,2025-09-17 21:57:08,43.3953323364258,-8.77945613861084,"Unknown"
"7014851",371865,2025-09-17 22:07:08,43.3934135437012,-8.7791109085083,"Unknown"
"7014851",371865,2025-09-17 22:17:10,43.3920097351074,-8.78339195251465,"Unknown"
"7014851",371865,2025-09-17 22:27:06,43.3909606933594,-8.79007434844971,"Unknown"
"7014851",371865,2025-09-17 22:37:03,43.3988265991211,-8.74770736694336,"Unknown"
"7014851",371865,2025-09-17 22:47:11,43.3999366760254,-8.73812294006348,"Unknown"
"7014851",371865,2025-09-17 22:57:35,43.3990020751953,-8.74306106567383,"Unknown"
"7014851",371865,2025-09-17 23:07:01,43.3962516784668,-8.74938488006592,"Unknown"
"7014851",371865,2025-09-17 23:17:01,43.3947525024414,-8.75423240661621,"Unknown"
"7014851",371865,2025-09-17 23:27:00,43.3977546691895,-8.74016857147217,"Unknown"
"7014851",371865,2025-09-17 23:37:01,43.397762298584,-8.73766136169434,"Unknown"
"7014851",371865,2025-09-17 23:47:02,43.3977890014648,-8.7443380355835,"Unknown"
"7014851",371865,2025-09-17 23:57:06,43.3967399597168,-8.74770545959473,"Unknown"
"7014851",371865,2025-09-18 00:07:09,43.3974151611328,-8.75273323059082,"Unknown"
"7014851",371865,2025-09-18 00:17:12,43.3985137939453,-8.75704956054688,"Unknown"
"7014851",371865,2025-09-18 00:27:09,43.4014167785645,-8.76101779937744,"Unknown"
"7014851",371865,2025-09-18 00:37:22,43.4036254882812,-8.76545715332031,"Unknown"
"7014851",371865,2025-09-18 00:47:18,43.405590057373,-8.76925945281982,"Unknown"
"7014851",371865,2025-09-18 00:57:09,43.4074172973633,-8.77271938323975,"Unknown"
"7014851",371865,2025-09-18 01:07:12,43.4089202880859,-8.77586269378662,"Unknown"
"7014851",371865,2025-09-18 01:17:09,43.4111366271973,-8.77890014648438,"Unknown"
"7014851",371865,2025-09-18 01:27:09,43.4137535095215,-8.78219127655029,"Unknown"
"7014851",371865,2025-09-18 01:37:14,43.4162979125977,-8.78451919555664,"Unknown"
"7014851",371865,2025-09-18 01:47:09,43.4190216064453,-8.78754043579102,"Unknown"
"7014851",371865,2025-09-18 01:57:10,43.4208145141602,-8.78994560241699,"Unknown"
"7014851",371865,2025-09-18 02:07:09,43.4217338562012,-8.79325580596924,"Unknown"
"7014851",371865,2025-09-18 02:17:09,43.4231185913086,-8.79542541503906,"Unknown"
"7014851",371865,2025-09-18 02:27:11,43.4242324829102,-8.79705047607422,"Unknown"
"7014851",371865,2025-09-18 02:37:11,43.4249992370605,-8.79897880554199,"Unknown"
"7014851",371865,2025-09-18 02:47:35,43.4264678955078,-8.80008983612061,"Unknown"
"7014851",371865,2025-09-18 02:57:09,43.4275970458984,-8.80165767669678,"Unknown"
"7014851",371865,2025-09-18 03:07:06,43.4287948608398,-8.80348300933838,"Unknown"
"7014851",371865,2025-09-18 03:17:03,43.4297637939453,-8.80535125732422,"Unknown"
"7014851",371865,2025-09-18 03:27:10,43.4306259155273,-8.80713272094727,"Unknown"
"7014851",371865,2025-09-18 03:37:02,43.431396484375,-8.80825233459473,"Unknown"
"7014851",371865,2025-09-18 03:47:09,43.4323387145996,-8.80965042114258,"Unknown"
"7014851",371865,2025-09-18 03:57:35,43.4333229064941,-8.81168556213379,"Unknown"
"7014851",371865,2025-09-18 04:07:45,43.4342193603516,-8.81334972381592,"Unknown"
"7014851",371865,2025-09-18 04:17:09,43.434986114502,-8.81463050842285,"Unknown"
"7014851",371865,2025-09-18 04:27:12,43.4355697631836,-8.8158130645752,"Unknown"
"7014851",371865,2025-09-18 04:37:10,43.4355583190918,-8.8178882598877,"Unknown"
"7014851",371865,2025-09-18 04:47:09,43.435188293457,-8.81949615478516,"Unknown"
"7014851",371865,2025-09-18 04:57:09,43.4346733093262,-8.82112121582031,"Unknown"
"7014851",371865,2025-09-18 05:07:09,43.4342765808105,-8.82318592071533,"Unknown"
"7014851",371865,2025-09-18 05:17:03,43.4333839416504,-8.82499122619629,"Unknown"
"7014851",371865,2025-09-18 05:27:05,43.4329376220703,-8.82642459869385,"Unknown"
"7014851",371865,2025-09-18 05:37:07,43.3964500427246,-8.83526992797852,"Unknown"
"7014851",371865,2025-09-18 05:47:01,43.3631134033203,-8.86088943481445,"Unknown"
"7014851",371865,2025-09-18 05:57:01,43.3220596313477,-8.87831401824951,"Unknown"
"7014851",371865,2025-09-18 06:07:01,43.3213844299316,-8.87798881530762,"Unknown"
"7014851",371865,2025-09-18 06:17:14,43.3213424682617,-8.87801265716553,"Unknown"
"7014851",371865,2025-09-18 06:27:00,43.3213844299316,-8.87806701660156,"Unknown"
"7014851",371865,2025-09-18 06:37:04,43.3213386535645,-8.87805843353271,"Unknown"
"7014851",371865,2025-09-18 06:47:14,43.3215446472168,-8.87800312042236,"Unknown"
"7014851",371865,2025-09-18 06:57:09,43.3215103149414,-8.87803745269775,"Unknown"
"7014851",371865,2025-09-18 07:07:09,43.3215446472168,-8.87817668914795,"Unknown"
"7014851",371865,2025-09-18 07:17:35,43.3214492797852,-8.8781099319458,"Unknown"
"7014851",371865,2025-09-18 07:27:04,43.3217964172363,-8.87844181060791,"Unknown"
"7014851",371865,2025-09-18 07:37:06,43.3214988708496,-8.87820243835449,"Unknown"
"7014851",371865,2025-09-18 07:47:36,43.3213119506836,-8.8779878616333,"Unknown"
"7014851",371865,2025-09-18 07:57:00,43.3212432861328,-8.87808990478516,"Unknown"
"7014851",371865,2025-09-18 08:07:02,43.3215065002441,-8.87807846069336,"Unknown"
"7014851",371865,2025-09-18 08:17:00,43.3212928771973,-8.87796974182129,"Unknown"
"7014851",371865,2025-09-18 08:27:02,43.3213157653809,-8.87814617156982,"Unknown"
"7014851",371865,2025-09-18 08:37:15,43.3212394714355,-8.87800979614258,"Unknown"
"7014851",371865,2025-09-18 08:47:03,43.3213424682617,-8.87814903259277,"Unknown"
"7014851",371865,2025-09-18 08:57:04,43.3220367431641,-8.89457988739014,"Unknown"
"7014851",371865,2025-09-18 09:07:14,43.3190078735352,-8.9129581451416,"Unknown"
"7014851",371865,2025-09-18 09:17:06,43.3188591003418,-8.91305255889893,"Unknown"
"7014851",371865,2025-09-18 09:27:09,43.3189849853516,-8.91307067871094,"Unknown"
"7014851",371865,2025-09-18 09:37:09,43.3188934326172,-8.91304302215576,"Unknown"
"7014851",371865,2025-09-18 09:47:35,43.3190231323242,-8.91305828094482,"Unknown"
"7014851",371865,2025-09-18 09:57:01,43.3190689086914,-8.91300582885742,"Unknown"
"7014851",371865,2025-09-18 10:07:00,43.3192672729492,-8.91276264190674,"Unknown"
"7014851",371865,2025-09-18 10:17:01,43.3192329406738,-8.91269683837891,"Unknown"
"7014851",371865,2025-09-18 10:27:08,43.318977355957,-8.91316223144531,"Unknown"
"7014851",371865,2025-09-18 10:37:14,43.3190803527832,-8.9129638671875,"Unknown"
"7014851",371865,2025-09-18 10:47:12,43.3189697265625,-8.913010597229,"Unknown"
"7014851",371865,2025-09-18 10:52:12,43.319465637207,-8.91274070739746,"Unknown"
"7014851",371865,2025-09-18 11:02:08,43.3191528320312,-8.91293811798096,"Unknown"
"7014851",371865,2025-09-18 11:12:08,43.318733215332,-8.91199779510498,"Unknown"
"7014851",371865,2025-09-18 11:17:08,43.3188323974609,-8.91196823120117,"Unknown"
"7014851",371865,2025-09-18 11:27:08,43.3188323974609,-8.91196823120117,"Unknown"
"7014851",371865,2025-09-18 11:32:08,43.3188133239746,-8.9119291305542,"Unknown"
"7014851",371865,2025-09-18 11:37:08,43.3187789916992,-8.911940574646,"Unknown"
"7014851",371865,2025-09-18 11:42:14,43.3186950683594,-8.91181659698486,"Unknown"
"7014851",371865,2025-09-18 11:47:08,43.3186912536621,-8.91193675994873,"Unknown"
"7014851",371865,2025-09-18 11:52:08,43.3186225891113,-8.91189670562744,"Unknown"
"7014851",371865,2025-09-18 11:57:09,43.3185844421387,-8.9117546081543,"Unknown"
"7014851",371865,2025-09-18 12:02:09,43.3188781738281,-8.9118013381958,"Unknown"
"7014851",371865,2025-09-18 12:07:14,43.3189353942871,-8.91180801391602,"Unknown"
"7014851",371865,2025-09-18 12:12:08,43.319019317627,-8.91196060180664,"Unknown"
"7014851",371865,2025-09-18 12:17:01,43.3188438415527,-8.91189289093018,"Unknown"
"7014851",371865,2025-09-18 12:22:02,43.318473815918,-8.91164875030518,"Unknown"
"7014851",371865,2025-09-18 12:27:35,43.3188018798828,-8.91192436218262,"Unknown"
"7014851",371865,2025-09-18 12:32:01,43.3187866210938,-8.91197109222412,"Unknown"
"7014851",371865,2025-09-18 12:37:02,43.3188552856445,-8.91208267211914,"Unknown"
"7014851",371865,2025-09-18 12:42:08,43.3187255859375,-8.91204738616943,"Unknown"
"7014851",371865,2025-09-18 12:47:03,43.3189430236816,-8.91202545166016,"Unknown"
"7014851",371865,2025-09-18 12:52:10,43.3188247680664,-8.91203212738037,"Unknown"
"7014851",371865,2025-09-18 12:57:14,43.3188781738281,-8.91195392608643,"Unknown"
"7014851",371865,2025-09-18 13:02:03,43.3188858032227,-8.91196250915527,"Unknown"
"7014851",371865,2025-09-18 13:07:00,43.3187370300293,-8.91197967529297,"Unknown"
"7014851",371865,2025-09-18 13:17:01,43.318775177002,-8.912278175354,"Unknown"
"7014851",371865,2025-09-18 13:22:02,43.3186111450195,-8.9118127822876,"Unknown"
"7014851",371865,2025-09-18 13:27:00,43.3186836242676,-8.91174697875977,"Unknown"
"7014851",371865,2025-09-18 13:32:02,43.3187255859375,-8.91194725036621,"Unknown"
"7014851",371865,2025-09-18 13:37:00,43.3188209533691,-8.91177749633789,"Unknown"
"7014851",371865,2025-09-18 13:42:00,43.3187484741211,-8.91183090209961,"Unknown"
"7014851",371865,2025-09-18 13:47:14,43.3186798095703,-8.91189479827881,"Unknown"
"7014851",371865,2025-09-18 13:52:00,43.3185501098633,-8.91224193572998,"Unknown"
"7014851",371865,2025-09-18 13:57:06,43.3186531066895,-8.91197967529297,"Unknown"
"7014851",371865,2025-09-18 14:02:01,43.3186721801758,-8.9116792678833,"Unknown"
"7014851",371865,2025-09-18 14:07:01,43.3186340332031,-8.91162395477295,"Unknown"
"7014851",371865,2025-09-18 14:12:01,43.3186454772949,-8.91157913208008,"Unknown"
"7014851",371865,2025-09-18 14:17:01,43.3186950683594,-8.91175079345703,"Unknown"
"7014851",371865,2025-09-18 14:22:01,43.3187599182129,-8.91168403625488,"Unknown"
"7014851",371865,2025-09-18 14:27:09,43.3189659118652,-8.91304683685303,"Unknown"
"7014851",371865,2025-09-18 14:32:12,43.3190307617188,-8.91307735443115,"Unknown"
"7014851",371865,2025-09-18 14:37:09,43.319019317627,-8.91305351257324,"Unknown"
"7014851",371865,2025-09-18 14:42:09,43.3189964294434,-8.91302680969238,"Unknown"
"7014851",371865,2025-09-18 14:47:12,43.3190383911133,-8.91301822662354,"Unknown"
"7014851",371865,2025-09-18 14:52:09,43.3231201171875,-8.92314624786377,"Unknown"
"7014851",371865,2025-09-18 14:57:03,43.3233108520508,-8.92251110076904,"Unknown"
"7014851",371865,2025-09-18 15:02:07,43.3218994140625,-8.9241361618042,"Unknown"
"7014851",371865,2025-09-18 15:07:12,43.3210182189941,-8.92502784729004,"Unknown"
"7014851",371865,2025-09-18 15:12:12,43.3199844360352,-8.92624187469482,"Unknown"
"7014851",371865,2025-09-18 15:17:01,43.3194847106934,-8.92795181274414,"Unknown"
"7014851",371865,2025-09-18 15:22:04,43.3238983154297,-8.91566848754883,"Unknown"
"7014851",371865,2025-09-18 15:27:09,43.3225631713867,-8.91578578948975,"Unknown"
"7014851",371865,2025-09-18 15:32:10,43.321849822998,-8.91616344451904,"Unknown"
"7014851",371865,2025-09-18 15:37:15,43.3215980529785,-8.91701126098633,"Unknown"
"7014851",371865,2025-09-18 15:42:20,43.3212432861328,-8.91699504852295,"Unknown"
"7014851",371865,2025-09-18 15:47:14,43.3209953308105,-8.91745662689209,"Unknown"
"7014851",371865,2025-09-18 15:52:09,43.3208465576172,-8.91818046569824,"Unknown"
"7014851",371865,2025-09-18 15:57:35,43.3202514648438,-8.91915035247803,"Unknown"
"7014851",371865,2025-09-18 16:01:59,43.3190460205078,-8.92020988464355,"Unknown"
"7014851",371865,2025-09-18 16:07:02,43.3176460266113,-8.92128753662109,"Unknown"
"7014851",371865,2025-09-18 16:12:00,43.3164482116699,-8.92228317260742,"Unknown"
"7014851",371865,2025-09-18 16:17:01,43.3057403564453,-8.90909099578857,"Unknown"
"7014851",371865,2025-09-18 16:22:01,43.3057632446289,-8.90936470031738,"Unknown"
"7014851",371865,2025-09-18 16:27:02,43.3057556152344,-8.90942573547363,"Unknown"
"7014851",371865,2025-09-18 16:32:04,43.3057289123535,-8.9091911315918,"Unknown"
"7014851",371865,2025-09-18 16:37:44,43.3058128356934,-8.90937519073486,"Unknown"
"7014851",371865,2025-09-18 16:42:03,43.3057746887207,-8.9093656539917,"Unknown"
"7014851",371865,2025-09-18 16:47:03,43.3050575256348,-8.90949630737305,"Unknown"
"7014851",371865,2025-09-18 16:52:00,43.3050346374512,-8.90983867645264,"Unknown"
"7014851",371865,2025-09-18 16:57:11,43.3049926757812,-8.90967559814453,"Unknown"
"7014851",371865,2025-09-18 17:02:03,43.3049621582031,-8.90961074829102,"Unknown"
"7014851",371865,2025-09-18 17:07:44,43.304988861084,-8.9098072052002,"Unknown"
"7014851",371865,2025-09-18 17:12:11,43.3049850463867,-8.90946674346924,"Unknown"
"7014851",371865,2025-09-18 17:17:03,43.3050270080566,-8.90947341918945,"Unknown"
"7014851",371865,2025-09-18 17:22:03,43.3049583435059,-8.90981197357178,"Unknown"
"7014851",371865,2025-09-18 17:27:35,43.3050155639648,-8.90975952148438,"Unknown"
"7014851",371865,2025-09-18 17:31:59,43.3049812316895,-8.90984630584717,"Unknown"
"7014851",371865,2025-09-18 17:36:59,43.3049850463867,-8.90977191925049,"Unknown"
"7014851",371865,2025-09-18 17:42:01,43.305004119873,-8.90982246398926,"Unknown"
"7014851",371865,2025-09-18 17:47:06,43.3049812316895,-8.90984725952148,"Unknown"
"7014851",371865,2025-09-18 17:51:59,43.3050651550293,-8.90989875793457,"Unknown"
"7014851",371865,2025-09-18 17:57:04,43.3047370910645,-8.90955448150635,"Unknown"
"7014851",371865,2025-09-18 18:02:11,43.3048858642578,-8.90970325469971,"Unknown"
"7014851",371865,2025-09-18 18:07:00,43.3049392700195,-8.90974140167236,"Unknown"
"7014851",371865,2025-09-18 18:12:00,43.3048973083496,-8.90969181060791,"Unknown"
"7014851",371865,2025-09-18 18:17:00,43.3048858642578,-8.90969181060791,"Unknown"
"7014851",371865,2025-09-18 18:22:00,43.304931640625,-8.90971183776855,"Unknown"
"7014851",371865,2025-09-18 18:27:00,43.3048820495605,-8.909592628479,"Unknown"
"7014851",371865,2025-09-18 18:32:01,43.3049697875977,-8.90971755981445,"Unknown"
"7014851",371865,2025-09-18 18:37:00,43.3051261901855,-8.9099702835083,"Unknown"
"7014851",371865,2025-09-18 18:47:02,43.3050727844238,-8.9098949432373,"Unknown"
"7014851",371865,2025-09-18 18:52:09,43.3077239990234,-8.92407035827637,"Unknown"
"7014851",371865,2025-09-18 19:02:07,43.3086738586426,-8.92606830596924,"Unknown"
"7014851",371865,2025-09-18 19:12:02,43.3084144592285,-8.92958545684814,"Unknown"
"7014851",371865,2025-09-18 19:22:01,43.279109954834,-9.00018978118896,"Unknown"
"7014851",371865,2025-09-18 19:32:07,43.2523994445801,-8.97084617614746,"Unknown"
"7014851",371865,2025-09-18 19:42:12,43.2520446777344,-8.97106456756592,"Unknown"
"7014851",371865,2025-09-18 19:52:09,43.251651763916,-8.97159671783447,"Unknown"
"7014851",371865,2025-09-18 20:02:02,43.2604560852051,-8.99297904968262,"Unknown"
"7014851",371865,2025-09-18 20:12:02,43.2603340148926,-8.99343585968018,"Unknown"
"7014851",371865,2025-09-18 20:22:02,43.2610168457031,-8.99263572692871,"Unknown"
"7014851",371865,2025-09-18 20:32:15,43.2624282836914,-8.99284839630127,"Unknown"
"7014851",371865,2025-09-18 20:42:05,43.2709465026855,-8.99805355072021,"Unknown"
"7014851",371865,2025-09-18 20:52:03,43.2710380554199,-8.99735069274902,"Unknown"
"7014851",371865,2025-09-18 21:02:10,43.2718200683594,-8.99672508239746,"Unknown"
"7014851",371865,2025-09-18 21:12:01,43.2714691162109,-8.99468517303467,"Unknown"
"7014851",371865,2025-09-18 21:22:04,43.2721557617188,-8.99512481689453,"Unknown"
"7014851",371865,2025-09-18 21:32:01,43.2715950012207,-8.99438762664795,"Unknown"
"7014851",371865,2025-09-18 21:42:04,43.2717247009277,-8.99515342712402,"Unknown"
"7014851",371865,2025-09-18 21:52:09,43.2723007202148,-8.9953784942627,"Unknown"
"7014851",371865,2025-09-18 22:02:44,43.2730255126953,-8.9952220916748,"Unknown"
"7014851",371865,2025-09-18 22:12:06,43.273551940918,-8.99391746520996,"Unknown"
"7014851",371865,2025-09-18 22:22:10,43.2741050720215,-8.99506282806396,"Unknown"
"7014851",371865,2025-09-18 22:32:01,43.2740364074707,-8.99562740325928,"Unknown"
"7014851",371865,2025-09-18 22:42:06,43.2734184265137,-8.99554061889648,"Unknown"
"7014851",371865,2025-09-18 22:52:11,43.2732009887695,-8.99588298797607,"Unknown"
"7014851",371865,2025-09-18 23:02:06,43.2731246948242,-8.99552440643311,"Unknown"
"7014851",371865,2025-09-18 23:12:01,43.2558364868164,-8.97461700439453,"Unknown"
"7014851",371865,2025-09-18 23:22:05,43.2487983703613,-8.96615791320801,"Unknown"
"7014851",371865,2025-09-18 23:32:13,43.2496452331543,-8.96501350402832,"Unknown"
"7014851",371865,2025-09-18 23:42:02,43.2508544921875,-8.96491622924805,"Unknown"
"7014851",371865,2025-09-18 23:52:02,43.2518692016602,-8.96632099151611,"Unknown"
"7014851",371865,2025-09-19 00:02:02,43.2529182434082,-8.96709442138672,"Unknown"
"7014851",371865,2025-09-19 00:12:04,43.2528800964355,-8.96792316436768,"Unknown"
"7014851",371865,2025-09-19 00:22:12,43.2528495788574,-8.96961975097656,"Unknown"
"7014851",371865,2025-09-19 00:32:11,43.2535514831543,-8.97118949890137,"Unknown"
"7014851",371865,2025-09-19 00:42:07,43.2542419433594,-8.97265338897705,"Unknown"
"7014851",371865,2025-09-19 00:52:09,43.2541351318359,-8.97304916381836,"Unknown"
"7014851",371865,2025-09-19 01:02:08,43.2553215026855,-8.97348403930664,"Unknown"
"7014851",371865,2025-09-19 01:12:09,43.2614555358887,-8.9892053604126,"Unknown"
"7014851",371865,2025-09-19 01:22:04,43.2616653442383,-8.98908996582031,"Unknown"
"7014851",371865,2025-09-19 01:32:09,43.2622985839844,-8.9900426864624,"Unknown"
"7014851",371865,2025-09-19 01:42:14,43.2620391845703,-8.98848628997803,"Unknown"
"7014851",371865,2025-09-19 01:52:09,43.2621536254883,-8.99062824249268,"Unknown"
"7014851",371865,2025-09-19 02:02:07,43.2620162963867,-8.98989486694336,"Unknown"
"7014851",371865,2025-09-19 02:12:08,43.262035369873,-8.98982810974121,"Unknown"
"7014851",371865,2025-09-19 02:22:03,43.2615280151367,-8.98972702026367,"Unknown"
"7014851",371865,2025-09-19 02:32:07,43.2610092163086,-8.98960494995117,"Unknown"
"7014851",371865,2025-09-19 02:42:08,43.2611656188965,-8.98949146270752,"Unknown"
"7014851",371865,2025-09-19 02:52:07,43.2613487243652,-8.98974132537842,"Unknown"
"7014851",371865,2025-09-19 03:02:13,43.2615547180176,-8.99007034301758,"Unknown"
"7014851",371865,2025-09-19 03:12:06,43.2614479064941,-8.9898042678833,"Unknown"
"7014851",371865,2025-09-19 03:22:06,43.2614669799805,-8.99023914337158,"Unknown"
"7014851",371865,2025-09-19 03:32:06,43.2627983093262,-8.9907865524292,"Unknown"
"7014851",371865,2025-09-19 03:42:06,43.2640609741211,-8.99256420135498,"Unknown"
"7014851",371865,2025-09-19 03:52:14,43.2643089294434,-8.99374389648438,"Unknown"
"7014851",371865,2025-09-19 04:02:00,43.2646026611328,-8.99433612823486,"Unknown"
"7014851",371865,2025-09-19 04:12:05,43.2644386291504,-8.99536800384521,"Unknown"
"7014851",371865,2025-09-19 04:22:03,43.2640228271484,-8.99585914611816,"Unknown"
"7014851",371865,2025-09-19 04:31:59,43.2642250061035,-8.99630641937256,"Unknown"
"7014851",371865,2025-09-19 04:42:03,43.2638397216797,-8.99618244171143,"Unknown"
"7014851",371865,2025-09-19 04:52:14,43.2635612487793,-8.99604797363281,"Unknown"
"7014851",371865,2025-09-19 05:01:59,43.2636413574219,-8.99578094482422,"Unknown"
"7014851",371865,2025-09-19 05:12:03,43.2630004882812,-8.99637222290039,"Unknown"
"7014851",371865,2025-09-19 05:22:01,43.262565612793,-8.99693775177002,"Unknown"
"7014851",371865,2025-09-19 05:32:04,43.2620506286621,-8.99728393554688,"Unknown"
"7014851",371865,2025-09-19 05:42:06,43.2617988586426,-8.99798011779785,"Unknown"
"7014851",371865,2025-09-19 05:52:44,43.2539482116699,-8.9985990524292,"Unknown"
"7014851",371865,2025-09-19 06:02:07,43.2260551452637,-9.05434322357178,"Unknown"
"7014851",371865,2025-09-19 06:12:06,43.1945610046387,-9.04116535186768,"Unknown"
"7014851",371865,2025-09-19 06:22:06,43.1945953369141,-9.04132843017578,"Unknown"
"7014851",371865,2025-09-19 06:32:05,43.1938400268555,-9.04182529449463,"Unknown"
"7014851",371865,2025-09-19 06:42:07,43.1914138793945,-9.04342937469482,"Unknown"
"7014851",371865,2025-09-19 06:52:03,43.1889877319336,-9.04720878601074,"Unknown"
"7014851",371865,2025-09-19 07:02:07,43.1901473999023,-9.04573059082031,"Unknown"
"7014851",371865,2025-09-19 07:12:05,43.1920356750488,-9.04188442230225,"Unknown"
"7014851",371865,2025-09-19 07:22:01,43.1881790161133,-9.04908275604248,"Unknown"
"7014851",371865,2025-09-19 07:32:01,43.1881637573242,-9.04941558837891,"Unknown"
"7014851",371865,2025-09-19 07:42:03,43.1886596679688,-9.04871082305908,"Unknown"
"7014851",371865,2025-09-19 07:52:05,43.1916198730469,-9.04399394989014,"Unknown"
"7014851",371865,2025-09-19 08:02:06,43.191967010498,-9.04352760314941,"Unknown"
"7014851",371865,2025-09-19 08:12:05,43.1909561157227,-9.04396724700928,"Unknown"
"7014851",371865,2025-09-19 08:22:03,43.1950416564941,-9.04106044769287,"Unknown"
"7014851",371865,2025-09-19 08:32:05,43.1951522827148,-9.04127311706543,"Unknown"
"7014851",371865,2025-09-19 08:42:01,43.1902160644531,-9.04393291473389,"Unknown"
"7014851",371865,2025-09-19 08:52:03,43.1903114318848,-9.0440616607666,"Unknown"
"7014851",371865,2025-09-19 09:02:08,43.1900520324707,-9.04441833496094,"Unknown"
"7014851",371865,2025-09-19 09:12:00,43.1896324157715,-9.04477405548096,"Unknown"
"7014851",371865,2025-09-19 09:22:02,43.1886367797852,-9.04789257049561,"Unknown"
"7014851",371865,2025-09-19 09:32:06,43.188850402832,-9.04717445373535,"Unknown"
"7014851",371865,2025-09-19 09:42:06,43.1871490478516,-9.04951763153076,"Unknown"
"7014851",371865,2025-09-19 09:52:06,43.1877098083496,-9.0490026473999,"Unknown"
"7014851",371865,2025-09-19 10:02:06,43.1875762939453,-9.0495548248291,"Unknown"
"7014851",371865,2025-09-19 10:12:02,43.1886177062988,-9.04672527313232,"Unknown"
"7014851",371865,2025-09-19 10:22:07,43.1891746520996,-9.04586315155029,"Unknown"
"7014851",371865,2025-09-19 10:32:01,43.1893463134766,-9.04589557647705,"Unknown"
"7014851",371865,2025-09-19 10:42:00,43.1916618347168,-9.04611682891846,"Unknown"
"7014851",371865,2025-09-19 10:52:00,43.1915168762207,-9.04624271392822,"Unknown"
"7014851",371865,2025-09-19 10:57:00,43.1915626525879,-9.0461311340332,"Unknown"
"7014851",371865,2025-09-19 11:07:00,43.1914443969727,-9.04597949981689,"Unknown"
"7014851",371865,2025-09-19 11:17:00,43.1916580200195,-9.04558277130127,"Unknown"
"7014851",371865,2025-09-19 11:22:00,43.1916618347168,-9.04559707641602,"Unknown"
"7014851",371865,2025-09-19 11:27:00,43.1917495727539,-9.04543399810791,"Unknown"
"7014851",371865,2025-09-19 11:32:00,43.1915588378906,-9.04550457000732,"Unknown"
"7014851",371865,2025-09-19 11:37:00,43.1917152404785,-9.04561614990234,"Unknown"
"7014851",371865,2025-09-19 11:42:00,43.1916389465332,-9.04562187194824,"Unknown"
"7014851",371865,2025-09-19 11:47:00,43.1916885375977,-9.04562282562256,"Unknown"
"7014851",371865,2025-09-19 11:52:00,43.1916122436523,-9.04550170898438,"Unknown"
"7014851",371865,2025-09-19 11:57:00,43.1916542053223,-9.0455904006958,"Unknown"
"7014851",371865,2025-09-19 12:02:00,43.1916198730469,-9.04557609558105,"Unknown"
"7014851",371865,2025-09-19 12:07:00,43.1916961669922,-9.04557037353516,"Unknown"
"7014851",371865,2025-09-19 12:12:00,43.1916694641113,-9.04549980163574,"Unknown"
"7014851",371865,2025-09-19 12:17:00,43.1917343139648,-9.04558181762695,"Unknown"
"7014851",371865,2025-09-19 12:22:03,43.1917343139648,-9.04564476013184,"Unknown"
"7014851",371865,2025-09-19 12:27:00,43.1915588378906,-9.04576587677002,"Unknown"
"7014851",371865,2025-09-19 12:32:00,43.1917572021484,-9.045485496521,"Unknown"
"7014851",371865,2025-09-19 12:37:00,43.1916770935059,-9.04559326171875,"Unknown"
"7014851",371865,2025-09-19 12:42:00,43.1916961669922,-9.04559803009033,"Unknown"
"7014851",371865,2025-09-19 12:47:00,43.1917266845703,-9.04563617706299,"Unknown"
"7014851",371865,2025-09-19 12:52:00,43.1918487548828,-9.04581546783447,"Unknown"
"7014851",371865,2025-09-19 12:57:00,43.1916313171387,-9.04587841033936,"Unknown"
"7014851",371865,2025-09-19 13:02:00,43.1916580200195,-9.04585075378418,"Unknown"
"7014851",371865,2025-09-19 13:07:02,43.1886596679688,-9.05115032196045,"Unknown"
"7014851",371865,2025-09-19 13:12:02,43.1886825561523,-9.0509557723999,"Unknown"
"7014851",371865,2025-09-19 13:17:00,43.1887741088867,-9.05105495452881,"Unknown"
"7014851",371865,2025-09-19 13:22:00,43.1887130737305,-9.05107879638672,"Unknown"
"7014851",371865,2025-09-19 13:27:00,43.1888275146484,-9.05104637145996,"Unknown"
"7014851",371865,2025-09-19 13:32:00,43.1888084411621,-9.05099678039551,"Unknown"
"7014851",371865,2025-09-19 13:37:00,43.1887435913086,-9.05102348327637,"Unknown"
"7014851",371865,2025-09-19 13:42:00,43.1887474060059,-9.05106735229492,"Unknown"
"7014851",371865,2025-09-19 13:47:00,43.1886672973633,-9.05083656311035,"Unknown"
"7014851",371865,2025-09-19 13:51:59,43.1886024475098,-9.05121898651123,"Unknown"
"7014851",371865,2025-09-19 13:57:00,43.1886558532715,-9.05119705200195,"Unknown"
"7014851",371865,2025-09-19 14:02:00,43.188648223877,-9.05122184753418,"Unknown"
"7014851",371865,2025-09-19 14:07:00,43.1885566711426,-9.0512866973877,"Unknown"
"7014851",371865,2025-09-19 14:12:00,43.1883850097656,-9.05125045776367,"Unknown"
"7014851",371865,2025-09-19 14:17:00,43.1885681152344,-9.05117130279541,"Unknown"
"7014851",371865,2025-09-19 14:22:00,43.1886863708496,-9.05128479003906,"Unknown"
"7014851",371865,2025-09-19 14:27:00,43.1886253356934,-9.05102920532227,"Unknown"
"7014851",371865,2025-09-19 14:32:00,43.1886787414551,-9.05106067657471,"Unknown"
"7014851",371865,2025-09-19 14:37:00,43.1886787414551,-9.05122375488281,"Unknown"
"7014851",371865,2025-09-19 14:42:00,43.1886863708496,-9.05110836029053,"Unknown"
"7014851",371865,2025-09-19 14:47:00,43.1886100769043,-9.05108165740967,"Unknown"
"7014851",371865,2025-09-19 14:52:00,43.188720703125,-9.05118656158447,"Unknown"
"7014851",371865,2025-09-19 14:57:00,43.1888427734375,-9.05136585235596,"Unknown"
"7014851",371865,2025-09-19 15:02:00,43.188793182373,-9.05121326446533,"Unknown"
"7014851",371865,2025-09-19 15:07:01,43.1888084411621,-9.05140781402588,"Unknown"
"7014851",371865,2025-09-19 15:12:01,43.1888885498047,-9.05146217346191,"Unknown"
"7014851",371865,2025-09-19 15:17:01,43.1888618469238,-9.05142402648926,"Unknown"
"7014851",371865,2025-09-19 15:22:08,43.1883544921875,-9.05074691772461,"Unknown"
"7014851",371865,2025-09-19 15:27:00,43.1885108947754,-9.05101108551025,"Unknown"
"7014851",371865,2025-09-19 15:32:00,43.1884460449219,-9.0509614944458,"Unknown"
"7014851",371865,2025-09-19 15:37:00,43.1883888244629,-9.0508975982666,"Unknown"
"7014851",371865,2025-09-19 15:42:00,43.1883735656738,-9.05090141296387,"Unknown"
"7014851",371865,2025-09-19 15:47:00,43.1884536743164,-9.04748249053955,"Unknown"
"7014851",371865,2025-09-19 15:52:00,43.1884613037109,-9.04754638671875,"Unknown"
"7014851",371865,2025-09-19 15:57:00,43.1884803771973,-9.04756832122803,"Unknown"
"7014851",371865,2025-09-19 16:02:00,43.1885986328125,-9.04790878295898,"Unknown"
"7014851",371865,2025-09-19 16:07:01,43.1867561340332,-9.04642677307129,"Unknown"
"7014851",371865,2025-09-19 16:12:01,43.1887702941895,-9.04731464385986,"Unknown"
"7014851",371865,2025-09-19 16:17:00,43.1887588500977,-9.04724502563477,"Unknown"
"7014851",371865,2025-09-19 16:22:00,43.1887016296387,-9.04730701446533,"Unknown"
"7014851",371865,2025-09-19 16:27:01,43.1888275146484,-9.04728698730469,"Unknown"
"7014851",371865,2025-09-19 16:32:00,43.1887588500977,-9.04723834991455,"Unknown"
"7014851",371865,2025-09-19 16:37:00,43.1886825561523,-9.04719352722168,"Unknown"
"7014851",371865,2025-09-19 16:41:59,43.1887397766113,-9.0472412109375,"Unknown"
"7014851",371865,2025-09-19 16:46:59,43.1887969970703,-9.04729175567627,"Unknown"
"7014851",371865,2025-09-19 16:52:00,43.1889190673828,-9.04727554321289,"Unknown"
"7014851",371865,2025-09-19 16:57:05,43.18896484375,-9.04721260070801,"Unknown"
"7014851",371865,2025-09-19 17:02:00,43.1889343261719,-9.04734134674072,"Unknown"
"7014851",371865,2025-09-19 17:07:01,43.1896324157715,-9.04646396636963,"Unknown"
"7014851",371865,2025-09-19 17:12:02,43.1903495788574,-9.04819011688232,"Unknown"
"7014851",371865,2025-09-19 17:17:00,43.1904754638672,-9.04822826385498,"Unknown"
"7014851",371865,2025-09-19 17:22:02,43.190185546875,-9.04821586608887,"Unknown"
"7014851",371865,2025-09-19 17:27:04,43.1895484924316,-9.04938507080078,"Unknown"
"7014851",371865,2025-09-19 17:32:00,43.1895065307617,-9.04953289031982,"Unknown"
"7014851",371865,2025-09-19 17:37:00,43.1894760131836,-9.04953384399414,"Unknown"
"7014851",371865,2025-09-19 17:42:01,43.1895179748535,-9.04954624176025,"Unknown"
"7014851",371865,2025-09-19 17:47:01,43.1895370483398,-9.04957294464111,"Unknown"
"7014851",371865,2025-09-19 17:52:02,43.1894645690918,-9.04946899414062,"Unknown"
"7014851",371865,2025-09-19 17:57:01,43.1895523071289,-9.04962635040283,"Unknown"
"7014851",371865,2025-09-19 18:02:07,43.1894798278809,-9.04948329925537,"Unknown"
"7014851",371865,2025-09-19 18:07:07,43.1894454956055,-9.04947280883789,"Unknown"
"7014851",371865,2025-09-19 18:12:00,43.189395904541,-9.0502405166626,"Unknown"
"7014851",371865,2025-09-19 18:17:01,43.1893653869629,-9.05019474029541,"Unknown"
"7014851",371865,2025-09-19 18:22:07,43.1894874572754,-9.05019855499268,"Unknown"
"7014851",371865,2025-09-19 18:27:06,43.1893844604492,-9.05011463165283,"Unknown"
"7014851",371865,2025-09-19 18:32:11,43.1898956298828,-9.05081367492676,"Unknown"
"7014851",371865,2025-09-19 18:37:05,43.190113067627,-9.05101871490479,"Unknown"
"7014851",371865,2025-09-19 18:42:06,43.1890296936035,-9.04776954650879,"Unknown"
"7014851",371865,2025-09-19 18:47:07,43.1899185180664,-9.05110740661621,"Unknown"
"7014851",371865,2025-09-19 18:52:06,43.1898574829102,-9.05089855194092,"Unknown"
"7014851",371865,2025-09-19 18:57:05,43.1900749206543,-9.05130481719971,"Unknown"
"7014851",371865,2025-09-19 19:02:05,43.190113067627,-9.05117034912109,"Unknown"
"7014851",371865,2025-09-19 19:07:06,43.2076988220215,-9.04460144042969,"Unknown"
"7014851",371865,2025-09-19 19:12:00,43.2412071228027,-9.02310562133789,"Unknown"
"7014851",371865,2025-09-19 19:17:03,43.2625961303711,-9.00457382202148,"Unknown"
"7014851",371865,2025-09-19 19:22:01,43.2629890441895,-9.00460910797119,"Unknown"
"7014851",371865,2025-09-19 19:27:03,43.2643623352051,-9.00643253326416,"Unknown"
"7014851",371865,2025-09-19 19:32:10,43.2753868103027,-9.0078182220459,"Unknown"
"7014851",371865,2025-09-19 19:37:01,43.2748603820801,-9.00767993927002,"Unknown"
"7014851",371865,2025-09-19 19:41:58,43.2758407592773,-9.0099458694458,"Unknown"
"7014851",371865,2025-09-19 19:46:59,43.2765655517578,-9.01061630249023,"Unknown"
"7014851",371865,2025-09-19 19:52:01,43.2762985229492,-9.01099300384521,"Unknown"
"7014851",371865,2025-09-19 19:57:01,43.2766227722168,-9.01093292236328,"Unknown"
"7014851",371865,2025-09-19 20:02:02,43.2775611877441,-9.01121044158936,"Unknown"
"7014851",371865,2025-09-19 20:07:00,43.2778816223145,-9.01106548309326,"Unknown"
"7014851",371865,2025-09-19 20:12:00,43.278392791748,-9.01090431213379,"Unknown"
"7014851",371865,2025-09-19 20:16:58,43.2691497802734,-8.99351501464844,"Unknown"
"7014851",371865,2025-09-19 20:22:01,43.2590789794922,-8.98669528961182,"Unknown"
"7014851",371865,2025-09-19 20:26:59,43.2593536376953,-8.98749542236328,"Unknown"
"7014851",371865,2025-09-19 20:31:59,43.259651184082,-8.98651504516602,"Unknown"
"7014851",371865,2025-09-19 20:37:03,43.2598190307617,-8.98768138885498,"Unknown"
"7014851",371865,2025-09-19 20:42:03,43.2585296630859,-8.99020957946777,"Unknown"
"7014851",371865,2025-09-19 20:46:59,43.2579536437988,-8.99093055725098,"Unknown"
"7014851",371865,2025-09-19 20:52:03,43.2576217651367,-8.99087810516357,"Unknown"
"7014851",371865,2025-09-19 20:57:03,43.2579498291016,-8.99011516571045,"Unknown"
"7014851",371865,2025-09-19 21:02:01,43.2578201293945,-8.98981475830078,"Unknown"
"7014851",371865,2025-09-19 21:07:05,43.2582359313965,-8.98927688598633,"Unknown"
"7014851",371865,2025-09-19 21:12:03,43.2580146789551,-8.98959636688232,"Unknown"
"7014851",371865,2025-09-19 21:17:03,43.2590522766113,-8.98947048187256,"Unknown"
"7014851",371865,2025-09-19 21:21:59,43.2590980529785,-8.98916339874268,"Unknown"
"7014851",371865,2025-09-19 21:27:12,43.2566719055176,-8.98847579956055,"Unknown"
"7014851",371865,2025-09-19 21:32:06,43.2571182250977,-8.98838233947754,"Unknown"
"7014851",371865,2025-09-19 21:37:01,43.257453918457,-8.98789215087891,"Unknown"
"7014851",371865,2025-09-19 21:42:05,43.2581176757812,-8.98817920684814,"Unknown"
"7014851",371865,2025-09-19 21:47:09,43.2583847045898,-8.98907852172852,"Unknown"
"7014851",371865,2025-09-19 21:52:06,43.2568016052246,-8.98843288421631,"Unknown"
"7014851",371865,2025-09-19 21:57:45,43.2583389282227,-8.98917770385742,"Unknown"
"7014851",371865,2025-09-19 22:02:01,43.258171081543,-8.98932838439941,"Unknown"
"7014851",371865,2025-09-19 22:06:58,43.2587356567383,-8.98950862884521,"Unknown"
"7014851",371865,2025-09-19 22:12:00,43.2591018676758,-8.9906063079834,"Unknown"
"7014851",371865,2025-09-19 22:17:00,43.2589569091797,-8.99130535125732,"Unknown"
"7014851",371865,2025-09-19 22:21:59,43.2583885192871,-8.99136352539062,"Unknown"
"7014851",371865,2025-09-19 22:27:01,43.2585983276367,-8.99063110351562,"Unknown"
"7014851",371865,2025-09-19 22:32:03,43.2593574523926,-8.98966884613037,"Unknown"
"7014851",371865,2025-09-19 22:37:04,43.2599105834961,-8.9901294708252,"Unknown"
"7014851",371865,2025-09-19 22:42:03,43.2609596252441,-8.99069881439209,"Unknown"
"7014851",371865,2025-09-19 22:47:01,43.2583618164062,-8.99129486083984,"Unknown"
"7014851",371865,2025-09-19 22:52:06,43.2589073181152,-8.99174880981445,"Unknown"
"7014851",371865,2025-09-19 22:57:01,43.2592811584473,-8.99196338653564,"Unknown"
"7014851",371865,2025-09-19 23:02:06,43.2597236633301,-8.99216270446777,"Unknown"
"7014851",371865,2025-09-19 23:07:09,43.2595863342285,-8.99097919464111,"Unknown"
"7014851",371865,2025-09-19 23:12:00,43.2607917785645,-8.99118041992188,"Unknown"
"7014851",371865,2025-09-19 23:17:03,43.2607841491699,-8.98847484588623,"Unknown"
"7014851",371865,2025-09-19 23:22:32,43.2615852355957,-8.98759841918945,"Unknown"
"7014851",371865,2025-09-19 23:27:00,43.2640037536621,-8.99056148529053,"Unknown"
"7014851",371865,2025-09-19 23:32:00,43.2640075683594,-8.98826313018799,"Unknown"
"7014851",371865,2025-09-19 23:37:01,43.2643547058105,-8.98806285858154,"Unknown"
"7014851",371865,2025-09-19 23:41:58,43.2649040222168,-8.98836040496826,"Unknown"
"7014851",371865,2025-09-19 23:46:58,43.2653961181641,-8.98870944976807,"Unknown"
"7014851",371865,2025-09-19 23:51:59,43.2658653259277,-8.98910617828369,"Unknown"
"7014851",371865,2025-09-19 23:56:59,43.2662658691406,-8.98922061920166,"Unknown"
"7014851",371865,2025-09-20 00:01:59,43.266529083252,-8.98943901062012,"Unknown"
"7014851",371865,2025-09-20 00:06:59,43.2610816955566,-8.9907693862915,"Unknown"
"7014851",371865,2025-09-20 00:12:03,43.2597732543945,-8.99146175384521,"Unknown"
"7014851",371865,2025-09-20 00:16:58,43.2597541809082,-8.9912691116333,"Unknown"
"7014851",371865,2025-09-20 00:22:05,43.2597885131836,-8.9908618927002,"Unknown"
"7014851",371865,2025-09-20 00:27:01,43.2595863342285,-8.99063301086426,"Unknown"
"7014851",371865,2025-09-20 00:32:01,43.2592735290527,-8.99043369293213,"Unknown"
"7014851",371865,2025-09-20 00:37:04,43.2557525634766,-8.99262428283691,"Unknown"
"7014851",371865,2025-09-20 00:42:06,43.2494888305664,-8.97662544250488,"Unknown"
"7014851",371865,2025-09-20 00:47:05,43.2620849609375,-8.98206901550293,"Unknown"
"7014851",371865,2025-09-20 00:51:59,43.2997779846191,-8.98198795318604,"Unknown"
"7014851",371865,2025-09-20 00:57:01,43.3239288330078,-8.94283580780029,"Unknown"
"7014851",371865,2025-09-20 01:01:59,43.3495292663574,-8.89718914031982,"Unknown"
"7014851",371865,2025-09-20 01:06:59,43.3641395568848,-8.8574914932251,"Unknown"
"7014851",371865,2025-09-20 01:11:58,43.3668251037598,-8.82550430297852,"Unknown"
"7014851",371865,2025-09-20 01:16:58,43.3518295288086,-8.80633926391602,"Unknown"
"7014851",371865,2025-09-20 01:22:01,43.3433532714844,-8.79821014404297,"Unknown"
"7014851",371865,2025-09-20 01:27:05,43.3422393798828,-8.80005359649658,"Unknown"
"7014851",371865,2025-09-20 01:32:00,43.3422584533691,-8.80053520202637,"Unknown"
"7014851",371865,2025-09-20 01:37:06,43.3422546386719,-8.80097579956055,"Unknown"
"7014851",371865,2025-09-20 01:42:06,43.342472076416,-8.80125427246094,"Unknown"
"7014851",371865,2025-09-20 01:47:09,43.342903137207,-8.80155754089355,"Unknown"
"7014851",371865,2025-09-20 01:57:06,43.343692779541,-8.80175018310547,"Unknown"
"7014851",371865,2025-09-20 02:07:04,43.344856262207,-8.80242347717285,"Unknown"
"7014851",371865,2025-09-20 02:11:59,43.3454322814941,-8.80279636383057,"Unknown"
"7014851",371865,2025-09-20 02:17:05,43.3462181091309,-8.80344581604004,"Unknown"
"7014851",371865,2025-09-20 02:22:01,43.3468551635742,-8.80355739593506,"Unknown"
"7014851",371865,2025-09-20 02:32:06,43.3479194641113,-8.80367469787598,"Unknown"
"7014851",371865,2025-09-20 02:37:06,43.3485298156738,-8.80350875854492,"Unknown"
"7014851",371865,2025-09-20 02:47:06,43.3498153686523,-8.80308437347412,"Unknown"
"7014851",371865,2025-09-20 02:52:06,43.3504028320312,-8.80284881591797,"Unknown"
"7014851",371865,2025-09-20 03:02:07,43.3510246276855,-8.80202198028564,"Unknown"
"7014851",371865,2025-09-20 03:12:17,43.3516578674316,-8.80078125,"Unknown"
"7014851",371865,2025-09-20 03:22:08,43.3520164489746,-8.80021953582764,"Unknown"
"7014851",371865,2025-09-20 03:32:17,43.3521575927734,-8.79945755004883,"Unknown"
"7014851",371865,2025-09-20 03:42:08,43.3516998291016,-8.79878330230713,"Unknown"
"7014851",371865,2025-09-20 03:52:07,43.3505706787109,-8.79862403869629,"Unknown"
"7014851",371865,2025-09-20 04:02:15,43.3496971130371,-8.79667854309082,"Unknown"
"7014851",371865,2025-09-20 04:12:13,43.3488845825195,-8.79677963256836,"Unknown"
"7014851",371865,2025-09-20 04:22:29,43.3481025695801,-8.79799270629883,"Unknown"
"7014851",371865,2025-09-20 04:32:09,43.3466453552246,-8.79948043823242,"Unknown"
"7014851",371865,2025-09-20 04:42:11,43.3458061218262,-8.80034828186035,"Unknown"
"7014851",371865,2025-09-20 04:51:59,43.3452033996582,-8.8015661239624,"Unknown"
"7014851",371865,2025-09-20 05:01:59,43.3444519042969,-8.80327606201172,"Unknown"
"7014851",371865,2025-09-20 05:12:01,43.3383560180664,-8.79758739471436,"Unknown"
"7014851",371865,2025-09-20 05:22:04,43.3391532897949,-8.79748821258545,"Unknown"
"7014851",371865,2025-09-20 05:32:35,43.3383674621582,-8.79823398590088,"Unknown"
"7014851",371865,2025-09-20 05:41:58,43.3380889892578,-8.79896640777588,"Unknown"
"7014851",371865,2025-09-20 05:51:58,43.3233108520508,-8.78086185455322,"Unknown"
"7014851",371865,2025-09-20 06:01:57,43.2963981628418,-8.74412441253662,"Unknown"
"7014851",371865,2025-09-20 06:11:57,43.2938652038574,-8.74610137939453,"Unknown"
"7014851",371865,2025-09-20 06:21:58,43.2938079833984,-8.74614810943604,"Unknown"
"7014851",371865,2025-09-20 06:31:58,43.293830871582,-8.74590587615967,"Unknown"
"7014851",371865,2025-09-20 06:41:58,43.2937698364258,-8.74589061737061,"Unknown"
"7014851",371865,2025-09-20 06:51:59,43.2938919067383,-8.74577045440674,"Unknown"
"7014851",371865,2025-09-20 07:01:59,43.2938690185547,-8.7454891204834,"Unknown"
"7014851",371865,2025-09-20 07:11:58,43.2943382263184,-8.7165699005127,"Unknown"
"7014851",371865,2025-09-20 07:22:01,43.2922821044922,-8.69838905334473,"Unknown"
"7014851",371865,2025-09-20 07:31:59,43.295036315918,-8.68425369262695,"Unknown"
"7014851",371865,2025-09-20 07:41:58,43.2682189941406,-8.61998176574707,"Unknown"
"7014851",371865,2025-09-20 07:51:59,43.2280960083008,-8.54611492156982,"Unknown"
"7014851",371865,2025-09-20 08:01:59,43.173755645752,-8.47677326202393,"Unknown"
"7014851",371865,2025-09-20 08:12:00,43.1297950744629,-8.47012329101562,"Unknown"
"7014851",371865,2025-09-20 08:22:01,43.1307334899902,-8.47114849090576,"Unknown"
"7014851",371865,2025-09-20 08:32:01,43.1298561096191,-8.47101402282715,"Unknown"
"7014851",371865,2025-09-20 08:42:00,43.130786895752,-8.47126007080078,"Unknown"
"7014851",371865,2025-09-20 08:52:01,43.1308288574219,-8.47122764587402,"Unknown"
"7014851",371865,2025-09-20 09:02:00,43.1307945251465,-8.47114562988281,"Unknown"
"7014851",371865,2025-09-20 09:12:06,43.1308097839355,-8.471266746521,"Unknown"
"7014851",371865,2025-09-20 09:17:14,43.1309432983398,-8.4712963104248,"Unknown"
"7014851",371865,2025-09-20 09:27:01,43.1309013366699,-8.47117042541504,"Unknown"
"7014851",371865,2025-09-20 09:37:04,43.1335067749023,-8.47020626068115,"Unknown"
"7014851",371865,2025-09-20 09:42:00,43.1336479187012,-8.47032833099365,"Unknown"
"7014851",371865,2025-09-20 09:47:35,43.1323356628418,-8.46947860717773,"Unknown"
"7014851",371865,2025-09-20 09:52:11,43.1324462890625,-8.46942520141602,"Unknown"
"7014851",371865,2025-09-20 09:57:09,43.1323928833008,-8.46938705444336,"Unknown"
"7014851",371865,2025-09-20 10:01:59,43.1324729919434,-8.46939945220947,"Unknown"
"7014851",371865,2025-09-20 10:07:03,43.1320686340332,-8.46902275085449,"Unknown"
"7014851",371865,2025-09-20 10:12:01,43.1322135925293,-8.46955966949463,"Unknown"
"7014851",371865,2025-09-20 10:16:59,43.1323394775391,-8.46937656402588,"Unknown"
"7014851",371865,2025-09-20 10:22:16,43.1322555541992,-8.46947002410889,"Unknown"
"7014851",371865,2025-09-20 10:27:00,43.1326789855957,-8.46938323974609,"Unknown"
"7014851",371865,2025-09-20 10:31:59,43.1325416564941,-8.46955680847168,"Unknown"
"7014851",371865,2025-09-20 10:37:01,43.1331596374512,-8.468581199646,"Unknown"
"7014851",371865,2025-09-20 10:42:14,43.1323928833008,-8.46927261352539,"Unknown"
"7014851",371865,2025-09-20 10:46:58,43.1303596496582,-8.4699649810791,"Unknown"
"7014851",371865,2025-09-20 10:51:57,43.1301307678223,-8.46910762786865,"Unknown"
"7014851",371865,2025-09-20 10:56:57,43.1301956176758,-8.46953582763672,"Unknown"
"7014851",371865,2025-09-20 11:01:57,43.1302452087402,-8.46986865997314,"Unknown"
"7014851",371865,2025-09-20 11:07:04,43.1301765441895,-8.46971035003662,"Unknown"
"7014851",371865,2025-09-20 11:11:57,43.130428314209,-8.47047805786133,"Unknown"
"7014851",371865,2025-09-20 11:16:57,43.1303939819336,-8.47013187408447,"Unknown"
"7014851",371865,2025-09-20 11:21:58,43.1306495666504,-8.470139503479,"Unknown"
"7014851",371865,2025-09-20 11:26:59,43.1304740905762,-8.47020816802979,"Unknown"
"7014851",371865,2025-09-20 11:32:14,43.1302337646484,-8.46957588195801,"Unknown"
"7014851",371865,2025-09-20 11:37:01,43.1302223205566,-8.46928977966309,"Unknown"
"7014851",371865,2025-09-20 11:42:01,43.1300964355469,-8.46903610229492,"Unknown"
"7014851",371865,2025-09-20 11:47:03,43.1302757263184,-8.46968555450439,"Unknown"
"7014851",371865,2025-09-20 11:52:06,43.1302375793457,-8.4695520401001,"Unknown"
"7014851",371865,2025-09-20 11:57:07,43.1304512023926,-8.469895362854,"Unknown"
"7014851",371865,2025-09-20 12:02:03,43.1302299499512,-8.46946907043457,"Unknown"
"7014851",371865,2025-09-20 12:07:03,43.1303634643555,-8.46975040435791,"Unknown"
"7014851",371865,2025-09-20 12:11:58,43.1302185058594,-8.46961688995361,"Unknown"
"7014851",371865,2025-09-20 12:17:00,43.1304321289062,-8.4699764251709,"Unknown"
"7014851",371865,2025-09-20 12:22:03,43.1298599243164,-8.46995735168457,"Unknown"
"7014851",371865,2025-09-20 12:26:59,43.1296882629395,-8.46898651123047,"Unknown"
"7014851",371865,2025-09-20 12:32:38,43.131046295166,-8.47135353088379,"Unknown"
"7014851",371865,2025-09-20 12:37:14,43.1306495666504,-8.47107601165771,"Unknown"
"7014851",371865,2025-09-20 12:42:01,43.1306571960449,-8.47098445892334,"Unknown"
"7014851",371865,2025-09-20 12:47:00,43.1308631896973,-8.47120952606201,"Unknown"
"7014851",371865,2025-09-20 12:52:04,43.1307373046875,-8.47103118896484,"Unknown"
"7014851",371865,2025-09-20 12:56:58,43.1304321289062,-8.47111797332764,"Unknown"
"7014851",371865,2025-09-20 13:01:59,43.1308174133301,-8.47115039825439,"Unknown"
"7014851",371865,2025-09-20 13:07:02,43.1307678222656,-8.47108745574951,"Unknown"
"7014851",371865,2025-09-20 13:12:06,43.1300506591797,-8.4692554473877,"Unknown"
"7014851",371865,2025-09-20 13:17:21,43.129955291748,-8.46975898742676,"Unknown"
"7014851",371865,2025-09-20 13:22:01,43.129695892334,-8.46999549865723,"Unknown"
"7014851",371865,2025-09-20 13:27:01,43.1299781799316,-8.46991729736328,"Unknown"
"7014851",371865,2025-09-20 13:32:04,43.1297492980957,-8.47001934051514,"Unknown"
"7014851",371865,2025-09-20 13:37:06,43.1298370361328,-8.46995067596436,"Unknown"
"7014851",371865,2025-09-20 13:42:05,43.1300659179688,-8.47008323669434,"Unknown"
"7014851",371865,2025-09-20 13:47:21,43.1295623779297,-8.46975708007812,"Unknown"
"7014851",371865,2025-09-20 13:51:59,43.1292724609375,-8.46976566314697,"Unknown"
"7014851",371865,2025-09-20 13:57:00,43.1297874450684,-8.46991634368896,"Unknown"
"7014851",371865,2025-09-20 14:01:59,43.1296577453613,-8.46975708007812,"Unknown"
"7014851",371865,2025-09-20 14:06:57,43.1297836303711,-8.46968269348145,"Unknown"
"7014851",371865,2025-09-20 14:12:00,43.1298789978027,-8.46953868865967,"Unknown"
"7014851",371865,2025-09-20 14:17:04,43.1299209594727,-8.46981334686279,"Unknown"
"7014851",371865,2025-09-20 14:22:00,43.1299362182617,-8.46963310241699,"Unknown"
"7014851",371865,2025-09-20 14:27:05,43.1300849914551,-8.46947002410889,"Unknown"
"7014851",371865,2025-09-20 14:32:29,43.1298446655273,-8.4697732925415,"Unknown"
"7014851",371865,2025-09-20 14:36:57,43.1298522949219,-8.4697322845459,"Unknown"
"7014851",371865,2025-09-20 14:41:56,43.1299171447754,-8.46972274780273,"Unknown"
"7014851",371865,2025-09-20 14:46:56,43.1299324035645,-8.46983528137207,"Unknown"
"7014851",371865,2025-09-20 14:51:56,43.1298561096191,-8.46959400177002,"Unknown"
"7014851",371865,2025-09-20 14:56:56,43.1298713684082,-8.46967220306396,"Unknown"
"7014851",371865,2025-09-20 15:01:57,43.1298637390137,-8.46968173980713,"Unknown"
"7014851",371865,2025-09-20 15:06:56,43.1298522949219,-8.46974277496338,"Unknown"
"7014851",371865,2025-09-20 15:11:56,43.1298980712891,-8.46970558166504,"Unknown"
"7014851",371865,2025-09-20 15:16:57,43.1300201416016,-8.46990489959717,"Unknown"
"7014851",371865,2025-09-20 15:21:57,43.1296882629395,-8.46956157684326,"Unknown"
"7014851",371865,2025-09-20 15:26:57,43.1299209594727,-8.46988296508789,"Unknown"
"7014851",371865,2025-09-20 15:31:58,43.129825592041,-8.46975612640381,"Unknown"
"7014851",371865,2025-09-20 15:36:57,43.1297073364258,-8.46954536437988,"Unknown"
"7014851",371865,2025-09-20 15:41:57,43.1298561096191,-8.46968841552734,"Unknown"
"7014851",371865,2025-09-20 15:46:57,43.1299133300781,-8.46979808807373,"Unknown"
"7014851",371865,2025-09-20 15:51:57,43.1298637390137,-8.46967601776123,"Unknown"
"7014851",371865,2025-09-20 15:56:57,43.1301956176758,-8.47028827667236,"Unknown"
"7014851",371865,2025-09-20 16:01:57,43.1298294067383,-8.46961116790771,"Unknown"
"7014851",371865,2025-09-20 16:06:57,43.1298980712891,-8.46976470947266,"Unknown"
"7014851",371865,2025-09-20 16:11:58,43.1298942565918,-8.46960735321045,"Unknown"
"7014851",371865,2025-09-20 16:16:58,43.1297492980957,-8.4701681137085,"Unknown"
"7014851",371865,2025-09-20 16:21:58,43.1298637390137,-8.46950340270996,"Unknown"
"7014851",371865,2025-09-20 16:26:58,43.1299476623535,-8.46944522857666,"Unknown"
"7014851",371865,2025-09-20 16:32:00,43.1299629211426,-8.46944713592529,"Unknown"
"7014851",371865,2025-09-20 16:36:57,43.129810333252,-8.46972465515137,"Unknown"
"7014851",371865,2025-09-20 16:41:57,43.1299362182617,-8.46922588348389,"Unknown"
"7014851",371865,2025-09-20 16:46:59,43.1298294067383,-8.46985340118408,"Unknown"
"7014851",371865,2025-09-20 16:51:59,43.1299057006836,-8.46930313110352,"Unknown"
"7014851",371865,2025-09-20 16:57:01,43.1299057006836,-8.46949005126953,"Unknown"
"7014851",371865,2025-09-20 17:01:57,43.130729675293,-8.46857261657715,"Unknown"
"7014851",371865,2025-09-20 17:06:57,43.1296195983887,-8.47006130218506,"Unknown"
"7014851",371865,2025-09-20 17:11:57,43.1295700073242,-8.47005844116211,"Unknown"
"7014851",371865,2025-09-20 17:16:57,43.130729675293,-8.47049427032471,"Unknown"
"7014851",371865,2025-09-20 17:21:58,43.1304779052734,-8.47113227844238,"Unknown"
"7014851",371865,2025-09-20 17:26:58,43.1307220458984,-8.47065925598145,"Unknown"
"7014851",371865,2025-09-20 17:31:57,43.1307601928711,-8.47086429595947,"Unknown"
"7014851",371865,2025-09-20 17:37:05,43.1306228637695,-8.47133445739746,"Unknown"
"7014851",371865,2025-09-20 17:41:59,43.1303405761719,-8.47134017944336,"Unknown"
"7014851",371865,2025-09-20 17:46:57,43.1308670043945,-8.47113037109375,"Unknown"
"7014851",371865,2025-09-20 17:52:07,43.1297492980957,-8.47080993652344,"Unknown"
"7014851",371865,2025-09-20 17:56:58,43.1303291320801,-8.47137451171875,"Unknown"
"7014851",371865,2025-09-20 18:01:59,43.1314125061035,-8.47065353393555,"Unknown"
"7014851",371865,2025-09-20 18:06:59,43.1310348510742,-8.4711742401123,"Unknown"
"7014851",371865,2025-09-20 18:12:00,43.1300773620605,-8.47173023223877,"Unknown"
"7014851",371865,2025-09-20 18:17:03,43.1303062438965,-8.47179889678955,"Unknown"
"7014851",371865,2025-09-20 18:22:00,43.1302833557129,-8.47193622589111,"Unknown"
"7014851",371865,2025-09-20 18:26:58,43.1302604675293,-8.47193813323975,"Unknown"
"7014851",371865,2025-09-20 18:31:59,43.1446990966797,-8.47099685668945,"Unknown"
"7014851",371865,2025-09-20 18:37:00,43.1675033569336,-8.45495891571045,"Unknown"
"7014851",371865,2025-09-20 18:42:03,43.1903686523438,-8.4237003326416,"Unknown"
"7014851",371865,2025-09-20 18:47:17,43.1926078796387,-8.42568206787109,"Unknown"
"7014851",371865,2025-09-20 18:52:15,43.1930503845215,-8.42325305938721,"Unknown"
"7014851",371865,2025-09-20 18:57:00,43.1930656433105,-8.42359828948975,"Unknown"
"7014851",371865,2025-09-20 19:01:57,43.1899452209473,-8.42169094085693,"Unknown"
"7014851",371865,2025-09-20 19:06:59,43.1828651428223,-8.42644500732422,"Unknown"
"7014851",371865,2025-09-20 19:12:03,43.1688957214355,-8.43774795532227,"Unknown"
"7014851",371865,2025-09-20 19:17:15,43.1708183288574,-8.43850040435791,"Unknown"
"7014851",371865,2025-09-20 19:22:35,43.172004699707,-8.43955993652344,"Unknown"
"7014851",371865,2025-09-20 19:27:01,43.1719093322754,-8.43948459625244,"Unknown"
"7014851",371865,2025-09-20 19:32:35,43.1720924377441,-8.43931484222412,"Unknown"
"7014851",371865,2025-09-20 19:36:57,43.1713790893555,-8.43807697296143,"Unknown"
"7014851",371865,2025-09-20 19:41:58,43.1714973449707,-8.43806648254395,"Unknown"
"7014851",371865,2025-09-20 19:46:59,43.17138671875,-8.43757057189941,"Unknown"
"7014851",371865,2025-09-20 19:51:58,43.1719093322754,-8.43815517425537,"Unknown"
"7014851",371865,2025-09-20 19:56:57,43.1715507507324,-8.43784523010254,"Unknown"
"7014851",371865,2025-09-20 20:01:58,43.1713447570801,-8.43792343139648,"Unknown"
"7014851",371865,2025-09-20 20:06:57,43.1713523864746,-8.43807029724121,"Unknown"
"7014851",371865,2025-09-20 20:11:57,43.1715354919434,-8.43811988830566,"Unknown"
"7014851",371865,2025-09-20 20:17:05,43.1714668273926,-8.43794059753418,"Unknown"
"7014851",371865,2025-09-20 20:21:57,43.1713981628418,-8.4380521774292,"Unknown"
"7014851",371865,2025-09-20 20:26:57,43.1717529296875,-8.43806266784668,"Unknown"
"7014851",371865,2025-09-20 20:32:06,43.1716651916504,-8.438307762146,"Unknown"
"7014851",371865,2025-09-20 20:36:57,43.1717796325684,-8.43855667114258,"Unknown"
"7014851",371865,2025-09-20 20:42:07,43.1720581054688,-8.43919658660889,"Unknown"
"7014851",371865,2025-09-20 20:46:58,43.1719779968262,-8.43823337554932,"Unknown"
"7014851",371865,2025-09-20 20:51:57,43.1709671020508,-8.43742179870605,"Unknown"
"7014851",371865,2025-09-20 20:56:57,43.1709594726562,-8.43743801116943,"Unknown"
"7014851",371865,2025-09-20 21:01:59,43.1714973449707,-8.43846130371094,"Unknown"
"7014851",371865,2025-09-20 21:06:59,43.1706047058105,-8.43835735321045,"Unknown"
"7014851",371865,2025-09-20 21:11:59,43.1704788208008,-8.43804931640625,"Unknown"
"7014851",371865,2025-09-20 21:16:57,43.1707305908203,-8.43619823455811,"Unknown"
"7014851",371865,2025-09-20 21:22:07,43.172966003418,-8.43857574462891,"Unknown"
"7014851",371865,2025-09-20 21:26:59,43.1717109680176,-8.43935298919678,"Unknown"
"7014851",371865,2025-09-20 21:31:59,43.1714134216309,-8.43901348114014,"Unknown"
"7014851",371865,2025-09-20 21:36:59,43.1718826293945,-8.43960475921631,"Unknown"
"7014851",371865,2025-09-20 21:41:59,43.1720085144043,-8.43978595733643,"Unknown"
"7014851",371865,2025-09-20 21:46:58,43.172435760498,-8.44029426574707,"Unknown"
"7014851",371865,2025-09-20 21:51:57,43.1728439331055,-8.44064521789551,"Unknown"
"7014851",371865,2025-09-20 21:56:58,43.1719703674316,-8.4399299621582,"Unknown"
"7014851",371865,2025-09-20 22:01:58,43.1726341247559,-8.44057941436768,"Unknown"
"7014851",371865,2025-09-20 22:07:00,43.1724853515625,-8.44032382965088,"Unknown"
"7014851",371865,2025-09-20 22:11:58,43.1718635559082,-8.43857574462891,"Unknown"
"7014851",371865,2025-09-20 22:16:58,43.1717109680176,-8.43849563598633,"Unknown"
"7014851",371865,2025-09-20 22:21:57,43.1716690063477,-8.43871021270752,"Unknown"
"7014851",371865,2025-09-20 22:26:58,43.171875,-8.43936347961426,"Unknown"
"7014851",371865,2025-09-20 22:31:58,43.1718444824219,-8.43933486938477,"Unknown"
"7014851",371865,2025-09-20 22:36:59,43.1720886230469,-8.43930530548096,"Unknown"
"7014851",371865,2025-09-20 22:41:58,43.1721000671387,-8.43946552276611,"Unknown"
"7014851",371865,2025-09-20 22:46:58,43.1717987060547,-8.4396800994873,"Unknown"
"7014851",371865,2025-09-20 22:51:57,43.1717758178711,-8.43973445892334,"Unknown"
"7014851",371865,2025-09-20 22:56:58,43.1717529296875,-8.43959045410156,"Unknown"
"7014851",371865,2025-09-20 23:01:57,43.1717338562012,-8.43984985351562,"Unknown"
"7014851",371865,2025-09-20 23:06:58,43.1717414855957,-8.43960285186768,"Unknown"
"7014851",371865,2025-09-20 23:12:01,43.1716461181641,-8.43957328796387,"Unknown"
"7014851",371865,2025-09-20 23:16:59,43.1716346740723,-8.43935585021973,"Unknown"
"7014851",371865,2025-09-20 23:21:58,43.1716079711914,-8.43914794921875,"Unknown"
"7014851",371865,2025-09-20 23:26:58,43.1714553833008,-8.43955898284912,"Unknown"
"7014851",371865,2025-09-20 23:32:04,43.1722145080566,-8.43961715698242,"Unknown"
"7014851",371865,2025-09-20 23:37:03,43.1722602844238,-8.43960857391357,"Unknown"
"7014851",371865,2025-09-20 23:42:01,43.172233581543,-8.43953514099121,"Unknown"
"7014851",371865,2025-09-20 23:47:04,43.1724891662598,-8.43902111053467,"Unknown"
"7014851",371865,2025-09-20 23:52:00,43.1713943481445,-8.43820190429688,"Unknown"
"7014851",371865,2025-09-20 23:57:00,43.1704292297363,-8.43643569946289,"Unknown"
"7014851",371865,2025-09-21 00:02:06,43.1727638244629,-8.44162940979004,"Unknown"
"7014851",371865,2025-09-21 00:06:58,43.170238494873,-8.4367790222168,"Unknown"
"7014851",371865,2025-09-21 00:12:07,43.1729049682617,-8.43865871429443,"Unknown"
"7014851",371865,2025-09-21 00:16:57,43.1727867126465,-8.43852806091309,"Unknown"
"7014851",371865,2025-09-21 00:21:57,43.1736640930176,-8.43918609619141,"Unknown"
"7014851",371865,2025-09-21 00:27:06,43.1725120544434,-8.43988037109375,"Unknown"
"7014851",371865,2025-09-21 00:32:02,43.172550201416,-8.43983554840088,"Unknown"
"7014851",371865,2025-09-21 00:36:57,43.1726264953613,-8.43971252441406,"Unknown"
"7014851",371865,2025-09-21 00:41:58,43.1726417541504,-8.43971157073975,"Unknown"
"7014851",371865,2025-09-21 00:46:57,43.1725654602051,-8.4397144317627,"Unknown"
"7014851",371865,2025-09-21 00:51:57,43.1724815368652,-8.43979549407959,"Unknown"
"7014851",371865,2025-09-21 00:56:57,43.172721862793,-8.43965148925781,"Unknown"
"7014851",371865,2025-09-21 01:01:58,43.1722183227539,-8.4400749206543,"Unknown"
"7014851",371865,2025-09-21 01:06:57,43.1721992492676,-8.4399585723877,"Unknown"
"7014851",371865,2025-09-21 01:11:58,43.1720886230469,-8.43910694122314,"Unknown"
"7014851",371865,2025-09-21 01:17:00,43.1719741821289,-8.44009208679199,"Unknown"
"7014851",371865,2025-09-21 01:21:57,43.1719017028809,-8.44015884399414,"Unknown"
"7014851",371865,2025-09-21 01:26:57,43.1719093322754,-8.44007778167725,"Unknown"
"7014851",371865,2025-09-21 01:31:56,43.1720161437988,-8.4401216506958,"Unknown"
"7014851",371865,2025-09-21 01:36:57,43.1719398498535,-8.4401159286499,"Unknown"
"7014851",371865,2025-09-21 01:42:00,43.1719512939453,-8.44014549255371,"Unknown"
"7014851",371865,2025-09-21 01:46:57,43.1719779968262,-8.44013977050781,"Unknown"
"7014851",371865,2025-09-21 01:51:57,43.1720123291016,-8.44017696380615,"Unknown"
"7014851",371865,2025-09-21 01:56:57,43.1720542907715,-8.44013786315918,"Unknown"
"7014851",371865,2025-09-21 02:01:56,43.1719856262207,-8.44017696380615,"Unknown"
"7014851",371865,2025-09-21 02:06:57,43.1719436645508,-8.4401683807373,"Unknown"
"7014851",371865,2025-09-21 02:11:58,43.1719551086426,-8.44033241271973,"Unknown"
"7014851",371865,2025-09-21 02:16:57,43.1720008850098,-8.4401330947876,"Unknown"
"7014851",371865,2025-09-21 02:21:58,43.1720275878906,-8.4401683807373,"Unknown"
"7014851",371865,2025-09-21 02:26:57,43.172004699707,-8.44013023376465,"Unknown"
"7014851",371865,2025-09-21 02:31:57,43.1720657348633,-8.44011974334717,"Unknown"
"7014851",371865,2025-09-21 02:36:57,43.1720199584961,-8.44015693664551,"Unknown"
"7014851",371865,2025-09-21 02:41:58,43.1720924377441,-8.44022083282471,"Unknown"
"7014851",371865,2025-09-21 02:46:56,43.1721382141113,-8.44003105163574,"Unknown"
"7014851",371865,2025-09-21 02:51:58,43.1720809936523,-8.44011306762695,"Unknown"
"7014851",371865,2025-09-21 02:56:57,43.1720733642578,-8.44022560119629,"Unknown"
"7014851",371865,2025-09-21 03:01:58,43.172061920166,-8.44025802612305,"Unknown"
"7014851",371865,2025-09-21 03:06:57,43.1722640991211,-8.43998050689697,"Unknown"
"7014851",371865,2025-09-21 03:11:57,43.1722526550293,-8.43999862670898,"Unknown"
"7014851",371865,2025-09-21 03:16:59,43.1722030639648,-8.44009590148926,"Unknown"
"7014851",371865,2025-09-21 03:21:58,43.1722068786621,-8.44003963470459,"Unknown"
"7014851",371865,2025-09-21 03:26:56,43.1722221374512,-8.43996238708496,"Unknown"
"7014851",371865,2025-09-21 03:31:56,43.1722297668457,-8.4400110244751,"Unknown"
"7014851",371865,2025-09-21 03:36:57,43.1722717285156,-8.44001865386963,"Unknown"
"7014851",371865,2025-09-21 03:41:56,43.172306060791,-8.43990516662598,"Unknown"
"7014851",371865,2025-09-21 03:46:56,43.172290802002,-8.43990993499756,"Unknown"
"7014851",371865,2025-09-21 03:51:56,43.1723251342773,-8.43995666503906,"Unknown"
"7014851",371865,2025-09-21 03:57:29,43.1722755432129,-8.43996906280518,"Unknown"
"7014851",371865,2025-09-21 04:01:56,43.1721076965332,-8.4399356842041,"Unknown"
"7014851",371865,2025-09-21 04:06:56,43.1721115112305,-8.43992519378662,"Unknown"
"7014851",371865,2025-09-21 04:11:56,43.1721343994141,-8.4398946762085,"Unknown"
"7014851",371865,2025-09-21 04:16:56,43.1721496582031,-8.43986034393311,"Unknown"
"7014851",371865,2025-09-21 04:21:56,43.1721038818359,-8.43978786468506,"Unknown"
"7014851",371865,2025-09-21 04:26:56,43.1721534729004,-8.43985176086426,"Unknown"
"7014851",371865,2025-09-21 04:31:55,43.1722221374512,-8.43989276885986,"Unknown"
"7014851",371865,2025-09-21 04:36:56,43.1721954345703,-8.43988132476807,"Unknown"
"7014851",371865,2025-09-21 04:41:55,43.1721801757812,-8.43991756439209,"Unknown"
"7014851",371865,2025-09-21 04:46:56,43.1721382141113,-8.4398078918457,"Unknown"
"7014851",371865,2025-09-21 04:51:56,43.1721649169922,-8.43996047973633,"Unknown"
"7014851",371865,2025-09-21 04:56:56,43.1721878051758,-8.4398717880249,"Unknown"
"7014851",371865,2025-09-21 05:01:57,43.1721458435059,-8.43961811065674,"Unknown"
"7014851",371865,2025-09-21 05:06:57,43.172191619873,-8.44012069702148,"Unknown"
"7014851",371865,2025-09-21 05:11:56,43.1720542907715,-8.4397668838501,"Unknown"
"7014851",371865,2025-09-21 05:17:29,43.1719055175781,-8.44006443023682,"Unknown"
"7014851",371865,2025-09-21 05:21:56,43.171875,-8.43989276885986,"Unknown"
"7014851",371865,2025-09-21 05:26:57,43.1720199584961,-8.44042301177979,"Unknown"
"7014851",371865,2025-09-21 05:31:56,43.172004699707,-8.44026374816895,"Unknown"
"7014851",371865,2025-09-21 05:37:14,43.1721115112305,-8.44042491912842,"Unknown"
"7014851",371865,2025-09-21 05:41:56,43.1721725463867,-8.44062232971191,"Unknown"
"7014851",371865,2025-09-21 05:46:56,43.1721801757812,-8.44063377380371,"Unknown"
"7014851",371865,2025-09-21 05:52:00,43.1722221374512,-8.4405460357666,"Unknown"
"7014851",371865,2025-09-21 05:56:56,43.1722068786621,-8.44060897827148,"Unknown"
"7014851",371865,2025-09-21 06:02:00,43.1720581054688,-8.44068145751953,"Unknown"
"7014851",371865,2025-09-21 06:06:56,43.1721382141113,-8.44065570831299,"Unknown"
"7014851",371865,2025-09-21 06:11:56,43.1721229553223,-8.44053936004639,"Unknown"
"7014851",371865,2025-09-21 06:16:56,43.1621932983398,-8.45061016082764,"Unknown"
"7014851",371865,2025-09-21 06:21:56,43.1326332092285,-8.47040367126465,"Unknown"
"7014851",371865,2025-09-21 06:27:00,43.130786895752,-8.46940612792969,"Unknown"
"7014851",371865,2025-09-21 06:31:57,43.130973815918,-8.47132873535156,"Unknown"
"7014851",371865,2025-09-21 06:36:57,43.1299705505371,-8.47121524810791,"Unknown"
"7014851",371865,2025-09-21 06:42:00,43.1298675537109,-8.4711799621582,"Unknown"
"7014851",371865,2025-09-21 06:47:03,43.1300315856934,-8.4709997177124,"Unknown"
"7014851",371865,2025-09-21 06:52:14,43.1301307678223,-8.47091484069824,"Unknown"
"7014851",371865,2025-09-21 06:56:58,43.1292877197266,-8.47164154052734,"Unknown"
"7014851",371865,2025-09-21 07:02:03,43.1300582885742,-8.47097110748291,"Unknown"
"7014851",371865,2025-09-21 07:06:58,43.1299476623535,-8.47097778320312,"Unknown"
"7014851",371865,2025-09-21 07:12:01,43.1302642822266,-8.47087955474854,"Unknown"
"7014851",371865,2025-09-21 07:17:10,43.1299514770508,-8.47104740142822,"Unknown"
"7014851",371865,2025-09-21 07:21:57,43.1300163269043,-8.47095012664795,"Unknown"
"7014851",371865,2025-09-21 07:26:56,43.1298484802246,-8.47095489501953,"Unknown"
"7014851",371865,2025-09-21 07:31:59,43.1300086975098,-8.47098255157471,"Unknown"
"7014851",371865,2025-09-21 07:36:58,43.1299514770508,-8.47095012664795,"Unknown"
"7014851",371865,2025-09-21 07:41:57,43.1299362182617,-8.47101593017578,"Unknown"
"7014851",371865,2025-09-21 07:46:58,43.1300048828125,-8.47079467773438,"Unknown"
"7014851",371865,2025-09-21 07:52:00,43.1297187805176,-8.4708251953125,"Unknown"
"7014851",371865,2025-09-21 07:56:58,43.1301345825195,-8.47092056274414,"Unknown"
"7014851",371865,2025-09-21 08:02:03,43.1298179626465,-8.47093868255615,"Unknown"
"7014851",371865,2025-09-21 08:06:56,43.1298294067383,-8.47099781036377,"Unknown"
"7014851",371865,2025-09-21 08:11:57,43.1297149658203,-8.47063159942627,"Unknown"
"7014851",371865,2025-09-21 08:17:29,43.1298522949219,-8.47062301635742,"Unknown"
"7014851",371865,2025-09-21 08:21:57,43.1297607421875,-8.47070980072021,"Unknown"
"7014851",371865,2025-09-21 08:26:58,43.1297950744629,-8.47053909301758,"Unknown"
"7014851",371865,2025-09-21 08:31:55,43.1300926208496,-8.47070407867432,"Unknown"
"7014851",371865,2025-09-21 08:36:55,43.1298866271973,-8.47050285339355,"Unknown"
"7014851",371865,2025-09-21 08:41:55,43.1297950744629,-8.4702844619751,"Unknown"
"7014851",371865,2025-09-21 08:46:56,43.1299819946289,-8.47056102752686,"Unknown"
"7014851",371865,2025-09-21 08:51:56,43.1301612854004,-8.47078037261963,"Unknown"
"7014851",371865,2025-09-21 08:56:57,43.1303558349609,-8.47081089019775,"Unknown"
"7014851",371865,2025-09-21 09:01:57,43.130069732666,-8.470534324646,"Unknown"
"7014851",371865,2025-09-21 09:06:56,43.1302261352539,-8.47062301635742,"Unknown"
"7014851",371865,2025-09-21 09:11:57,43.1304817199707,-8.47085571289062,"Unknown"
"7014851",371865,2025-09-21 09:16:59,43.1305389404297,-8.47083950042725,"Unknown"
"7014851",371865,2025-09-21 09:21:58,43.1299629211426,-8.4703197479248,"Unknown"
"7014851",371865,2025-09-21 09:26:57,43.1323699951172,-8.46840381622314,"Unknown"
"7014851",371865,2025-09-21 09:32:14,43.1323509216309,-8.46866607666016,"Unknown"
"7014851",371865,2025-09-21 09:36:57,43.132495880127,-8.46848201751709,"Unknown"
"7014851",371865,2025-09-21 09:41:57,43.1324234008789,-8.46852397918701,"Unknown"
"7014851",371865,2025-09-21 09:46:56,43.1324844360352,-8.46877956390381,"Unknown"
"7014851",371865,2025-09-21 09:51:56,43.1325340270996,-8.46852397918701,"Unknown"
"7014851",371865,2025-09-21 09:56:56,43.1325721740723,-8.46847343444824,"Unknown"
"7014851",371865,2025-09-21 10:01:56,43.1325225830078,-8.46939373016357,"Unknown"
"7014851",371865,2025-09-21 10:06:58,43.1331024169922,-8.46893310546875,"Unknown"
"7014851",371865,2025-09-21 10:11:57,43.1330909729004,-8.46889495849609,"Unknown"
"7014851",371865,2025-09-21 10:17:04,43.1327819824219,-8.46908855438232,"Unknown"
"7014851",371865,2025-09-21 10:22:29,43.1328125,-8.46913719177246,"Unknown"
"7014851",371865,2025-09-21 10:26:58,43.132869720459,-8.46921253204346,"Unknown"
"7014851",371865,2025-09-21 10:31:58,43.1327896118164,-8.46925067901611,"Unknown"
"7014851",371865,2025-09-21 10:36:56,43.1328430175781,-8.46905422210693,"Unknown"
"7014851",371865,2025-09-21 10:41:57,43.1328620910645,-8.46904945373535,"Unknown"
"7014851",371865,2025-09-21 10:46:56,43.1327590942383,-8.46914863586426,"Unknown"
"7014851",371865,2025-09-21 10:51:57,43.132698059082,-8.46932697296143,"Unknown"
"7014851",371865,2025-09-21 10:57:29,43.132869720459,-8.4690637588501,"Unknown"
"7014851",371865,2025-09-21 11:01:56,43.1328926086426,-8.46905326843262,"Unknown"
"7014851",371865,2025-09-21 11:06:56,43.1329002380371,-8.46913719177246,"Unknown"
"7014851",371865,2025-09-21 11:11:56,43.1328201293945,-8.46944332122803,"Unknown"
"7014851",371865,2025-09-21 11:16:56,43.1330223083496,-8.46908092498779,"Unknown"
"7014851",371865,2025-09-21 11:21:56,43.1329689025879,-8.46914100646973,"Unknown"
"7014851",371865,2025-09-21 11:26:56,43.1329879760742,-8.46899223327637,"Unknown"
"7014851",371865,2025-09-21 11:31:55,43.1331100463867,-8.46901893615723,"Unknown"
"7014851",371865,2025-09-21 11:36:57,43.132926940918,-8.4691333770752,"Unknown"
"7014851",371865,2025-09-21 11:41:57,43.1329116821289,-8.46915340423584,"Unknown"
"7014851",371865,2025-09-21 11:46:56,43.1329116821289,-8.46910762786865,"Unknown"
"7014851",371865,2025-09-21 11:51:57,43.1327972412109,-8.46932792663574,"Unknown"
"7014851",371865,2025-09-21 11:56:56,43.1327972412109,-8.46926403045654,"Unknown"
"7014851",371865,2025-09-21 12:01:57,43.1328201293945,-8.46920871734619,"Unknown"
"7014851",371865,2025-09-21 12:06:56,43.1327590942383,-8.46921539306641,"Unknown"
"7014851",371865,2025-09-21 12:11:58,43.1327629089355,-8.46890735626221,"Unknown"
"7014851",371865,2025-09-21 12:16:57,43.1330108642578,-8.46903896331787,"Unknown"
"7014851",371865,2025-09-21 12:21:57,43.1333274841309,-8.46929836273193,"Unknown"
"7014851",371865,2025-09-21 12:26:56,43.1332740783691,-8.46920776367188,"Unknown"
"7014851",371865,2025-09-21 12:31:59,43.133056640625,-8.46900463104248,"Unknown"
"7014851",371865,2025-09-21 12:36:58,43.1330947875977,-8.46895599365234,"Unknown"
"7014851",371865,2025-09-21 12:41:58,43.132495880127,-8.46851921081543,"Unknown"
"7014851",371865,2025-09-21 12:46:58,43.132884979248,-8.46857166290283,"Unknown"
"7014851",371865,2025-09-21 12:51:57,43.1323471069336,-8.46817111968994,"Unknown"
"7014851",371865,2025-09-21 12:56:59,43.1327781677246,-8.46826839447021,"Unknown"
"7014851",371865,2025-09-21 13:01:58,43.1329231262207,-8.46847724914551,"Unknown"
"7014851",371865,2025-09-21 13:06:58,43.132740020752,-8.46834373474121,"Unknown"
"7014851",371865,2025-09-21 13:11:58,43.1331825256348,-8.46881866455078,"Unknown"
"7014851",371865,2025-09-21 13:16:59,43.132926940918,-8.46859836578369,"Unknown"
"7014851",371865,2025-09-21 13:22:29,43.1330604553223,-8.46912574768066,"Unknown"
"7014851",371865,2025-09-21 13:26:56,43.1330604553223,-8.46910572052002,"Unknown"
"7014851",371865,2025-09-21 13:31:57,43.1331253051758,-8.46896648406982,"Unknown"
"7014851",371865,2025-09-21 13:36:57,43.1330986022949,-8.4689884185791,"Unknown"
"7014851",371865,2025-09-21 13:41:55,43.1327209472656,-8.46935653686523,"Unknown"
"7014851",371865,2025-09-21 13:46:55,43.1328544616699,-8.46930408477783,"Unknown"
"7014851",371865,2025-09-21 13:51:55,43.1328544616699,-8.46929168701172,"Unknown"
"7014851",371865,2025-09-21 13:56:56,43.132740020752,-8.4693546295166,"Unknown"
"7014851",371865,2025-09-21 14:01:55,43.1328010559082,-8.4692850112915,"Unknown"
"7014851",371865,2025-09-21 14:06:55,43.1328430175781,-8.46933460235596,"Unknown"
"7014851",371865,2025-09-21 14:11:55,43.1328315734863,-8.46932792663574,"Unknown"
"7014851",371865,2025-09-21 14:16:56,43.1328468322754,-8.46931838989258,"Unknown"
"7014851",371865,2025-09-21 14:21:56,43.1327819824219,-8.46928310394287,"Unknown"
"7014851",371865,2025-09-21 14:26:56,43.1327972412109,-8.46928310394287,"Unknown"
"7014851",371865,2025-09-21 14:31:55,43.1328277587891,-8.46932601928711,"Unknown"
"7014851",371865,2025-09-21 14:36:57,43.1327629089355,-8.46914196014404,"Unknown"
"7014851",371865,2025-09-21 14:41:56,43.1327896118164,-8.46916103363037,"Unknown"
"7014851",371865,2025-09-21 14:46:56,43.1328315734863,-8.46910095214844,"Unknown"
"7014851",371865,2025-09-21 14:51:58,43.1328048706055,-8.46918201446533,"Unknown"
"7014851",371865,2025-09-21 14:56:56,43.1326560974121,-8.46913623809814,"Unknown"
"7014851",371865,2025-09-21 15:01:56,43.1326484680176,-8.46882629394531,"Unknown"
"7014851",371865,2025-09-21 15:06:57,43.132926940918,-8.46922588348389,"Unknown"
"7014851",371865,2025-09-21 15:11:58,43.1322822570801,-8.46803379058838,"Unknown"
"7014851",371865,2025-09-21 15:16:56,43.1324615478516,-8.46814727783203,"Unknown"
"7014851",371865,2025-09-21 15:21:56,43.1332626342773,-8.46956634521484,"Unknown"
"7014851",371865,2025-09-21 15:26:57,43.1325645446777,-8.46881771087646,"Unknown"
"7014851",371865,2025-09-21 15:31:57,43.1325073242188,-8.46863746643066,"Unknown"
"7014851",371865,2025-09-21 15:36:58,43.1326179504395,-8.46871566772461,"Unknown"
"7014851",371865,2025-09-21 15:41:58,43.1327781677246,-8.46889305114746,"Unknown"
"7014851",371865,2025-09-21 15:47:08,43.1329917907715,-8.46957302093506,"Unknown"
"7014851",371865,2025-09-21 15:51:58,43.1315727233887,-8.46878147125244,"Unknown"
"7014851",371865,2025-09-21 15:57:29,43.1325721740723,-8.46947765350342,"Unknown"
"7014851",371865,2025-09-21 16:01:57,43.133171081543,-8.46933174133301,"Unknown"
"7014851",371865,2025-09-21 16:06:57,43.1331672668457,-8.46901607513428,"Unknown"
"7014851",371865,2025-09-21 16:11:55,43.1334571838379,-8.46908092498779,"Unknown"
"7014851",371865,2025-09-21 16:17:05,43.1332397460938,-8.46904373168945,"Unknown"
"7014851",371865,2025-09-21 16:21:55,43.1333618164062,-8.46931838989258,"Unknown"
"7014851",371865,2025-09-21 16:26:55,43.1334342956543,-8.4693489074707,"Unknown"
"7014851",371865,2025-09-21 16:32:00,43.1328277587891,-8.46915817260742,"Unknown"
"7014851",371865,2025-09-21 16:37:08,43.1328086853027,-8.46920299530029,"Unknown"
"7014851",371865,2025-09-21 16:42:00,43.1328392028809,-8.46917915344238,"Unknown"
"7014851",371865,2025-09-21 16:47:08,43.1329040527344,-8.46921348571777,"Unknown"
"7014851",371865,2025-09-21 16:51:59,43.1328620910645,-8.46925640106201,"Unknown"
"7014851",371865,2025-09-21 16:57:00,43.1327095031738,-8.46922588348389,"Unknown"
"7014851",371865,2025-09-21 17:02:00,43.1330146789551,-8.46924781799316,"Unknown"
"7014851",371865,2025-09-21 17:07:00,43.1327514648438,-8.46920299530029,"Unknown"
"7014851",371865,2025-09-21 17:12:00,43.1330375671387,-8.46926498413086,"Unknown"
"7014851",371865,2025-09-21 17:17:10,43.1328544616699,-8.46924018859863,"Unknown"
"7014851",371865,2025-09-21 17:21:55,43.1328659057617,-8.46920204162598,"Unknown"
"7014851",371865,2025-09-21 17:26:55,43.1327896118164,-8.46903038024902,"Unknown"
"7014851",371865,2025-09-21 17:31:56,43.1299018859863,-8.47065830230713,"Unknown"
"7014851",371865,2025-09-21 17:36:55,43.1298751831055,-8.47068214416504,"Unknown"
"7014851",371865,2025-09-21 17:41:56,43.1299362182617,-8.47072601318359,"Unknown"
"7014851",371865,2025-09-21 17:47:11,43.1299781799316,-8.47072792053223,"Unknown"
"7014851",371865,2025-09-21 17:51:57,43.1299171447754,-8.4707145690918,"Unknown"
"7014851",371865,2025-09-21 17:56:56,43.1298713684082,-8.4706506729126,"Unknown"
"7014851",371865,2025-09-21 18:02:24,43.1298332214355,-8.47054004669189,"Unknown"
"7014851",371865,2025-09-21 18:06:59,43.129825592041,-8.47049903869629,"Unknown"
"7014851",371865,2025-09-21 18:11:59,43.1304092407227,-8.47054481506348,"Unknown"
"7014851",371865,2025-09-21 18:17:29,43.130931854248,-8.47111320495605,"Unknown"
"7014851",371865,2025-09-21 18:22:06,43.1309814453125,-8.47115993499756,"Unknown"
"7014851",371865,2025-09-21 18:27:10,43.1308288574219,-8.47101306915283,"Unknown"
"7014851",371865,2025-09-21 18:31:58,43.1308174133301,-8.47109413146973,"Unknown"
"7014851",371865,2025-09-21 18:36:58,43.1362533569336,-8.46705627441406,"Unknown"
"7014851",371865,2025-09-21 18:41:55,43.1534004211426,-8.45323753356934,"Unknown"
"7014851",371865,2025-09-21 18:46:57,43.172492980957,-8.44096374511719,"Unknown"
"7014851",371865,2025-09-21 18:52:03,43.1723670959473,-8.43973445892334,"Unknown"
"7014851",371865,2025-09-21 18:57:04,43.1723442077637,-8.43980503082275,"Unknown"
"7014851",371865,2025-09-21 19:01:57,43.1722640991211,-8.43953609466553,"Unknown"
"7014851",371865,2025-09-21 19:07:00,43.1722297668457,-8.4394702911377,"Unknown"
"7014851",371865,2025-09-21 19:11:59,43.1723403930664,-8.43929386138916,"Unknown"
"7014851",371865,2025-09-21 19:16:57,43.1723175048828,-8.43944549560547,"Unknown"
"7014851",371865,2025-09-21 19:21:58,43.1723251342773,-8.43932914733887,"Unknown"
"7014851",371865,2025-09-21 19:26:59,43.1722946166992,-8.43925285339355,"Unknown"
"7014851",371865,2025-09-21 19:32:00,43.1723518371582,-8.43972301483154,"Unknown"
"7014851",371865,2025-09-21 19:37:11,43.1724014282227,-8.43961906433105,"Unknown"
"7014851",371865,2025-09-21 19:42:11,43.1723136901855,-8.43933391571045,"Unknown"
"7014851",371865,2025-09-21 19:47:03,43.17236328125,-8.43928527832031,"Unknown"
"7014851",371865,2025-09-21 19:51:57,43.1724853515625,-8.44010734558105,"Unknown"
"7014851",371865,2025-09-21 19:57:08,43.1725959777832,-8.43973636627197,"Unknown"
"7014851",371865,2025-09-21 20:02:10,43.1724510192871,-8.43971538543701,"Unknown"
"7014851",371865,2025-09-21 20:06:56,43.1724472045898,-8.43976211547852,"Unknown"
"7014851",371865,2025-09-21 20:11:57,43.1724586486816,-8.43983745574951,"Unknown"
"7014851",371865,2025-09-21 20:16:57,43.1724281311035,-8.43990039825439,"Unknown"
"7014851",371865,2025-09-21 20:22:03,43.1727676391602,-8.4401798248291,"Unknown"
"7014851",371865,2025-09-21 20:27:00,43.1726226806641,-8.44008827209473,"Unknown"
"7014851",371865,2025-09-21 20:31:55,43.1726913452148,-8.44017601013184,"Unknown"
"7014851",371865,2025-09-21 20:36:57,43.1726837158203,-8.44013404846191,"Unknown"
"7014851",371865,2025-09-21 20:42:14,43.1725769042969,-8.43995571136475,"Unknown"
"7014851",371865,2025-09-21 20:46:55,43.1724395751953,-8.43981266021729,"Unknown"
"7014851",371865,2025-09-21 20:51:58,43.1725273132324,-8.43997383117676,"Unknown"
"7014851",371865,2025-09-21 20:56:59,43.1725616455078,-8.4398889541626,"Unknown"
"7014851",371865,2025-09-21 21:01:56,43.1726608276367,-8.43997192382812,"Unknown"
"7014851",371865,2025-09-21 21:07:29,43.1725845336914,-8.44016647338867,"Unknown"
"7014851",371865,2025-09-21 21:11:55,43.172492980957,-8.4399585723877,"Unknown"
"7014851",371865,2025-09-21 21:16:55,43.1724128723145,-8.43995952606201,"Unknown"
"7014851",371865,2025-09-21 21:21:55,43.1724128723145,-8.43994617462158,"Unknown"
"7014851",371865,2025-09-21 21:26:55,43.1723899841309,-8.43994522094727,"Unknown"
"7014851",371865,2025-09-21 21:31:55,43.1724662780762,-8.43990135192871,"Unknown"
"7014851",371865,2025-09-21 21:36:55,43.1724281311035,-8.43989276885986,"Unknown"
"7014851",371865,2025-09-21 21:41:55,43.1724243164062,-8.43986988067627,"Unknown"
"7014851",371865,2025-09-21 21:46:55,43.1724166870117,-8.4398250579834,"Unknown"
"7014851",371865,2025-09-21 21:51:55,43.1723747253418,-8.43970680236816,"Unknown"
"7014851",371865,2025-09-21 21:56:56,43.1725273132324,-8.43966197967529,"Unknown"
"7014851",371865,2025-09-21 22:01:56,43.1725463867188,-8.43964576721191,"Unknown"
"7014851",371865,2025-09-21 22:06:57,43.1726951599121,-8.43947887420654,"Unknown"
"7014851",371865,2025-09-21 22:12:03,43.1725959777832,-8.43957901000977,"Unknown"
"7014851",371865,2025-09-21 22:16:56,43.1725616455078,-8.43967342376709,"Unknown"
"7014851",371865,2025-09-21 22:21:56,43.1719169616699,-8.44043731689453,"Unknown"
"7014851",371865,2025-09-21 22:26:56,43.1720275878906,-8.44024276733398,"Unknown"
"7014851",371865,2025-09-21 22:31:57,43.1718826293945,-8.44039630889893,"Unknown"
"7014851",371865,2025-09-21 22:36:56,43.1722640991211,-8.43993473052979,"Unknown"
"7014851",371865,2025-09-21 22:41:57,43.1725311279297,-8.43972206115723,"Unknown"
"7014851",371865,2025-09-21 22:46:57,43.1720581054688,-8.44010734558105,"Unknown"
"7014851",371865,2025-09-21 22:51:56,43.1721649169922,-8.44014453887939,"Unknown"
"7014851",371865,2025-09-21 22:56:55,43.1720733642578,-8.44032955169678,"Unknown"
"7014851",371865,2025-09-21 23:01:58,43.1721000671387,-8.44034481048584,"Unknown"
"7014851",371865,2025-09-21 23:06:55,43.1720542907715,-8.44020557403564,"Unknown"
"7014851",371865,2025-09-21 23:11:56,43.1720428466797,-8.44031810760498,"Unknown"
"7014851",371865,2025-09-21 23:16:56,43.1720809936523,-8.44036769866943,"Unknown"
"7014851",371865,2025-09-21 23:22:01,43.1731872558594,-8.44071865081787,"Unknown"
"7014851",371865,2025-09-21 23:26:59,43.1718139648438,-8.4404764175415,"Unknown"
"7014851",371865,2025-09-21 23:31:57,43.1720008850098,-8.44050216674805,"Unknown"
"7014851",371865,2025-09-21 23:36:58,43.1717185974121,-8.44056415557861,"Unknown"
"7014851",371865,2025-09-21 23:41:55,43.1720504760742,-8.43987846374512,"Unknown"
"7014851",371865,2025-09-21 23:46:57,43.1720352172852,-8.43992805480957,"Unknown"
"7014851",371865,2025-09-21 23:51:58,43.1719551086426,-8.44047927856445,"Unknown"
"7014851",371865,2025-09-21 23:56:58,43.1718368530273,-8.43932723999023,"Unknown"
"7014851",371865,2025-09-22 00:01:58,43.1725082397461,-8.44057464599609,"Unknown"
"7014851",371865,2025-09-22 00:06:56,43.1726837158203,-8.44056606292725,"Unknown"
"7014851",371865,2025-09-22 00:11:57,43.1725425720215,-8.440260887146,"Unknown"
"7014851",371865,2025-09-22 00:16:56,43.1722793579102,-8.4404125213623,"Unknown"
"7014851",371865,2025-09-22 00:21:55,43.1726226806641,-8.44023609161377,"Unknown"
"7014851",371865,2025-09-22 00:26:56,43.1726341247559,-8.44026470184326,"Unknown"
"7014851",371865,2025-09-22 00:31:55,43.1725845336914,-8.44023513793945,"Unknown"
"7014851",371865,2025-09-22 00:36:55,43.1726875305176,-8.44021987915039,"Unknown"
"7014851",371865,2025-09-22 00:41:55,43.1726417541504,-8.44024085998535,"Unknown"
"7014851",371865,2025-09-22 00:46:59,43.1723289489746,-8.43733596801758,"Unknown"
"7014851",371865,2025-09-22 00:51:57,43.1718711853027,-8.44053173065186,"Unknown"
"7014851",371865,2025-09-22 00:56:56,43.1718711853027,-8.44052219390869,"Unknown"
"7014851",371865,2025-09-22 01:01:55,43.1718292236328,-8.44048881530762,"Unknown"
"7014851",371865,2025-09-22 01:06:55,43.1717872619629,-8.44045162200928,"Unknown"
"7014851",371865,2025-09-22 01:11:55,43.1713981628418,-8.44027423858643,"Unknown"
"7014851",371865,2025-09-22 01:16:56,43.1716346740723,-8.44030952453613,"Unknown"
"7014851",371865,2025-09-22 01:21:56,43.1716041564941,-8.44050598144531,"Unknown"
"7014851",371865,2025-09-22 01:26:56,43.1716918945312,-8.44038677215576,"Unknown"
"7014851",371865,2025-09-22 01:31:56,43.1714477539062,-8.44017028808594,"Unknown"
"7014851",371865,2025-09-22 01:36:56,43.1715965270996,-8.44025897979736,"Unknown"
"7014851",371865,2025-09-22 01:42:02,43.1716728210449,-8.4403657913208,"Unknown"
"7014851",371865,2025-09-22 01:46:57,43.1713790893555,-8.44139766693115,"Unknown"
"7014851",371865,2025-09-22 01:51:58,43.1716499328613,-8.44042778015137,"Unknown"
"7014851",371865,2025-09-22 01:56:56,43.1715393066406,-8.44018459320068,"Unknown"
"7014851",371865,2025-09-22 02:01:56,43.171760559082,-8.44044876098633,"Unknown"
"7014851",371865,2025-09-22 02:06:57,43.1716156005859,-8.44004917144775,"Unknown"
"7014851",371865,2025-09-22 02:11:57,43.1714782714844,-8.44132423400879,"Unknown"
"7014851",371865,2025-09-22 02:16:57,43.171760559082,-8.4403247833252,"Unknown"
"7014851",371865,2025-09-22 02:21:57,43.1718444824219,-8.44057178497314,"Unknown"
"7014851",371865,2025-09-22 02:26:57,43.1720924377441,-8.44139671325684,"Unknown"
"7014851",371865,2025-09-22 02:31:58,43.1718292236328,-8.43983554840088,"Unknown"
"7014851",371865,2025-09-22 02:36:56,43.1718902587891,-8.44064617156982,"Unknown"
"7014851",371865,2025-09-22 02:41:57,43.1718063354492,-8.44062423706055,"Unknown"
"7014851",371865,2025-09-22 02:46:58,43.1718368530273,-8.44091320037842,"Unknown"
"7014851",371865,2025-09-22 02:52:01,43.171817779541,-8.44075870513916,"Unknown"
"7014851",371865,2025-09-22 02:56:58,43.1719512939453,-8.44110012054443,"Unknown"
"7014851",371865,2025-09-22 03:01:59,43.1712951660156,-8.43848323822021,"Unknown"
"7014851",371865,2025-09-22 03:06:58,43.1714553833008,-8.43904781341553,"Unknown"
"7014851",371865,2025-09-22 03:11:58,43.1719665527344,-8.44031047821045,"Unknown"
"7014851",371865,2025-09-22 03:16:56,43.1720314025879,-8.44019985198975,"Unknown"
"7014851",371865,2025-09-22 03:21:55,43.1720275878906,-8.44017028808594,"Unknown"
"7014851",371865,2025-09-22 03:26:58,43.1720504760742,-8.44009017944336,"Unknown"
"7014851",371865,2025-09-22 03:31:56,43.1716270446777,-8.44039440155029,"Unknown"
"7014851",371865,2025-09-22 03:36:56,43.1716156005859,-8.44047355651855,"Unknown"
"7014851",371865,2025-09-22 03:41:55,43.171947479248,-8.44016170501709,"Unknown"
"7014851",371865,2025-09-22 03:46:58,43.1719703674316,-8.44021224975586,"Unknown"
"7014851",371865,2025-09-22 03:51:56,43.1719703674316,-8.44018268585205,"Unknown"
"7014851",371865,2025-09-22 03:56:59,43.171875,-8.44003391265869,"Unknown"
"7014851",371865,2025-09-22 04:01:56,43.1720199584961,-8.4400463104248,"Unknown"
"7014851",371865,2025-09-22 04:06:56,43.1719818115234,-8.44003009796143,"Unknown"
"7014851",371865,2025-09-22 04:11:56,43.1723289489746,-8.43973445892334,"Unknown"
"7014851",371865,2025-09-22 04:16:56,43.17236328125,-8.4396276473999,"Unknown"
"7014851",371865,2025-09-22 04:21:56,43.1723709106445,-8.43972396850586,"Unknown"
"7014851",371865,2025-09-22 04:26:57,43.1725196838379,-8.43993091583252,"Unknown"
"7014851",371865,2025-09-22 04:31:57,43.1723556518555,-8.43966484069824,"Unknown"
"7014851",371865,2025-09-22 04:36:56,43.172420501709,-8.43965816497803,"Unknown"
"7014851",371865,2025-09-22 04:41:56,43.1724433898926,-8.43968868255615,"Unknown"
"7014851",371865,2025-09-22 04:46:57,43.1724052429199,-8.4395866394043,"Unknown"
"7014851",371865,2025-09-22 04:51:56,43.1725845336914,-8.43929290771484,"Unknown"
"7014851",371865,2025-09-22 04:56:56,43.1725654602051,-8.43924331665039,"Unknown"
"7014851",371865,2025-09-22 05:01:56,43.1725006103516,-8.43940830230713,"Unknown"
"7014851",371865,2025-09-22 05:06:56,43.172248840332,-8.43934059143066,"Unknown"
"7014851",371865,2025-09-22 05:11:56,43.1719970703125,-8.43945980072021,"Unknown"
"7014851",371865,2025-09-22 05:16:59,43.1725082397461,-8.43943786621094,"Unknown"
"7014851",371865,2025-09-22 05:21:56,43.1725463867188,-8.43938446044922,"Unknown"
"7014851",371865,2025-09-22 05:26:56,43.172492980957,-8.43962287902832,"Unknown"
"7014851",371865,2025-09-22 05:31:55,43.1723937988281,-8.4396333694458,"Unknown"
"7014851",371865,2025-09-22 05:36:56,43.1724090576172,-8.43964290618896,"Unknown"
"7014851",371865,2025-09-22 05:41:57,43.1724624633789,-8.43960571289062,"Unknown"
"7014851",371865,2025-09-22 05:46:57,43.1723251342773,-8.43982696533203,"Unknown"
"7014851",371865,2025-09-22 05:51:55,43.1722946166992,-8.43979740142822,"Unknown"
"7014851",371865,2025-09-22 05:56:56,43.1722640991211,-8.43973255157471,"Unknown"
"7014851",371865,2025-09-22 06:01:57,43.1723747253418,-8.43973255157471,"Unknown"
"7014851",371865,2025-09-22 06:06:57,43.152946472168,-8.46675300598145,"Unknown"
"7014851",371865,2025-09-22 06:11:55,43.1326484680176,-8.46913623809814,"Unknown"
"7014851",371865,2025-09-22 06:16:58,43.1303215026855,-8.470947265625,"Unknown"
"7014851",371865,2025-09-22 06:21:58,43.1302833557129,-8.47085857391357,"Unknown"
"7014851",371865,2025-09-22 06:26:56,43.1298942565918,-8.4708423614502,"Unknown"
"7014851",371865,2025-09-22 06:31:55,43.1305923461914,-8.47127342224121,"Unknown"
"7014851",371865,2025-09-22 06:36:55,43.1299743652344,-8.47142601013184,"Unknown"
"7014851",371865,2025-09-22 06:41:57,43.1306495666504,-8.47177028656006,"Unknown"
"7014851",371865,2025-09-22 06:46:56,43.1308708190918,-8.47156047821045,"Unknown"
"7014851",371865,2025-09-22 06:51:55,43.1305236816406,-8.47149562835693,"Unknown"
"7014851",371865,2025-09-22 06:56:55,43.1301689147949,-8.47144031524658,"Unknown"
"7014851",371865,2025-09-22 07:01:58,43.1330184936523,-8.46991729736328,"Unknown"
"7014851",371865,2025-09-22 07:06:55,43.1333999633789,-8.47012424468994,"Unknown"
"7014851",371865,2025-09-22 07:11:55,43.133415222168,-8.47029781341553,"Unknown"
"7014851",371865,2025-09-22 07:16:55,43.133472442627,-8.4700756072998,"Unknown"
"7014851",371865,2025-09-22 07:21:55,43.1334915161133,-8.4703369140625,"Unknown"
"7014851",371865,2025-09-22 07:26:56,43.1334991455078,-8.47022819519043,"Unknown"
"7014851",371865,2025-09-22 07:31:57,43.1334991455078,-8.47025680541992,"Unknown"
"7014851",371865,2025-09-22 07:36:56,43.1336250305176,-8.47030258178711,"Unknown"
"7014851",371865,2025-09-22 07:41:57,43.1335678100586,-8.47048282623291,"Unknown"
"7014851",371865,2025-09-22 07:46:55,43.1335830688477,-8.47027015686035,"Unknown"
"7014851",371865,2025-09-22 07:52:42,43.1337661743164,-8.47014904022217,"Unknown"
"7014851",371865,2025-09-22 08:02:47,43.1337928771973,-8.47044944763184,"Unknown"
"7014851",371865,2025-09-22 08:12:42,43.1326141357422,-8.46930599212646,"Unknown"
"7014851",371865,2025-09-22 08:22:41,43.1325912475586,-8.46917343139648,"Unknown"
"7014851",371865,2025-09-22 08:32:40,43.1327018737793,-8.46928119659424,"Unknown"
"7014851",371865,2025-09-22 08:42:39,43.1307945251465,-8.4716682434082,"Unknown"
"7014851",371865,2025-09-22 08:52:45,43.1305541992188,-8.47125053405762,"Unknown"
"7014851",371865,2025-09-22 09:02:48,43.1306228637695,-8.47166156768799,"Unknown"
"7014851",371865,2025-09-22 09:12:43,43.1305694580078,-8.47159576416016,"Unknown"
"7014851",371865,2025-09-22 09:22:40,43.1330833435059,-8.46904754638672,"Unknown"
"7014851",371865,2025-09-22 09:32:40,43.1337776184082,-8.46922302246094,"Unknown"
"7014851",371865,2025-09-22 09:42:40,43.1334533691406,-8.46991062164307,"Unknown"
"7014851",371865,2025-09-22 09:47:49,43.1326751708984,-8.46967315673828,"Unknown"
"7014851",371865,2025-09-22 09:57:57,43.1327743530273,-8.46947002410889,"Unknown"
"7014851",371865,2025-09-22 10:03:05,43.1324501037598,-8.46908855438232,"Unknown"
"7014851",371865,2025-09-22 10:07:38,43.1322975158691,-8.46907997131348,"Unknown"
"7014851",371865,2025-09-22 10:12:39,43.1323318481445,-8.46907424926758,"Unknown"
"7014851",371865,2025-09-22 10:22:42,43.1329040527344,-8.46822929382324,"Unknown"
"7014851",371865,2025-09-22 10:27:39,43.1328811645508,-8.46843338012695,"Unknown"
"7014851",371865,2025-09-22 10:32:39,43.1338920593262,-8.47039604187012,"Unknown"
"7014851",371865,2025-09-22 10:37:39,43.1339073181152,-8.47037029266357,"Unknown"
"7014851",371865,2025-09-22 10:42:41,43.1338768005371,-8.47041606903076,"Unknown"
"7014851",371865,2025-09-22 10:47:41,43.1338539123535,-8.47046661376953,"Unknown"
"7014851",371865,2025-09-22 10:52:39,43.1339340209961,-8.47037696838379,"Unknown"
"7014851",371865,2025-09-22 10:57:39,43.1338958740234,-8.47035598754883,"Unknown"
"7014851",371865,2025-09-22 11:02:39,43.1339149475098,-8.47043991088867,"Unknown"
"7014851",371865,2025-09-22 11:07:39,43.1338310241699,-8.47047996520996,"Unknown"
"7014851",371865,2025-09-22 11:12:39,43.133846282959,-8.47053909301758,"Unknown"
"7014851",371865,2025-09-22 11:17:39,43.1337928771973,-8.47052001953125,"Unknown"
"7014851",371865,2025-09-22 11:22:39,43.1338958740234,-8.47039794921875,"Unknown"
"7014851",371865,2025-09-22 11:27:39,43.1338806152344,-8.47041606903076,"Unknown"
"7014851",371865,2025-09-22 11:32:39,43.1339149475098,-8.47047233581543,"Unknown"
"7014851",371865,2025-09-22 11:37:40,43.1340026855469,-8.47056293487549,"Unknown"
"7014851",371865,2025-09-22 11:42:39,43.1339225769043,-8.47046375274658,"Unknown"
"7014851",371865,2025-09-22 11:47:39,43.1338386535645,-8.47050857543945,"Unknown"
"7014851",371865,2025-09-22 11:52:39,43.1338844299316,-8.47054672241211,"Unknown"
"7014851",371865,2025-09-22 11:57:39,43.1340446472168,-8.47070217132568,"Unknown"
"7014851",371865,2025-09-22 12:02:39,43.1340713500977,-8.47065258026123,"Unknown"
"7014851",371865,2025-09-22 12:07:40,43.1340560913086,-8.47072219848633,"Unknown"
"7014851",371865,2025-09-22 12:12:39,43.133861541748,-8.47097492218018,"Unknown"
"7014851",371865,2025-09-22 12:17:42,43.1338653564453,-8.47039031982422,"Unknown"
"7014851",371865,2025-09-22 12:22:41,43.1336784362793,-8.47021961212158,"Unknown"
"7014851",371865,2025-09-22 12:27:39,43.1335105895996,-8.47010517120361,"Unknown"
"7014851",371865,2025-09-22 12:32:40,43.1336402893066,-8.47032260894775,"Unknown"
"7014851",371865,2025-09-22 12:37:40,43.1336479187012,-8.47044086456299,"Unknown"
"7014851",371865,2025-09-22 12:42:39,43.1336402893066,-8.47038650512695,"Unknown"
"7014851",371865,2025-09-22 12:47:39,43.1336097717285,-8.47033309936523,"Unknown"
"7014851",371865,2025-09-22 12:52:40,43.1336250305176,-8.47034549713135,"Unknown"
"7014851",371865,2025-09-22 12:57:39,43.1336479187012,-8.47028636932373,"Unknown"
"7014851",371865,2025-09-22 13:02:39,43.1335792541504,-8.4703197479248,"Unknown"
"7014851",371865,2025-09-22 13:07:39,43.1336784362793,-8.47035121917725,"Unknown"
"7014851",371865,2025-09-22 13:12:39,43.133544921875,-8.47015285491943,"Unknown"
"7014851",371865,2025-09-22 13:17:39,43.1335525512695,-8.47033405303955,"Unknown"
"7014851",371865,2025-09-22 13:22:39,43.1334991455078,-8.47022151947021,"Unknown"
"7014851",371865,2025-09-22 13:27:39,43.1335067749023,-8.4702787399292,"Unknown"
"7014851",371865,2025-09-22 13:32:39,43.133487701416,-8.47008228302002,"Unknown"
"7014851",371865,2025-09-22 13:37:39,43.1335029602051,-8.47020149230957,"Unknown"
"7014851",371865,2025-09-22 13:42:39,43.1335144042969,-8.46994686126709,"Unknown"
"7014851",371865,2025-09-22 13:47:42,43.1335830688477,-8.470290184021,"Unknown"
"7014851",371865,2025-09-22 13:52:40,43.1335220336914,-8.47040271759033,"Unknown"
"7014851",371865,2025-09-22 13:57:39,43.1334075927734,-8.47047138214111,"Unknown"
"7014851",371865,2025-09-22 14:02:39,43.1334800720215,-8.47038078308105,"Unknown"
"7014851",371865,2025-09-22 14:07:40,43.1335258483887,-8.47024154663086,"Unknown"
"7014851",371865,2025-09-22 14:12:40,43.133544921875,-8.47038269042969,"Unknown"
"7014851",371865,2025-09-22 14:17:40,43.133602142334,-8.47008228302002,"Unknown"
"7014851",371865,2025-09-22 14:22:40,43.1335830688477,-8.47034358978271,"Unknown"
"7014851",371865,2025-09-22 14:27:39,43.1336708068848,-8.47037601470947,"Unknown"
"7014851",371865,2025-09-22 14:32:40,43.1335678100586,-8.47031497955322,"Unknown"
"7014851",371865,2025-09-22 14:37:40,43.1335411071777,-8.47025394439697,"Unknown"
"7014851",371865,2025-09-22 14:42:40,43.1334915161133,-8.47030830383301,"Unknown"
"7014851",371865,2025-09-22 14:47:40,43.1334953308105,-8.47029972076416,"Unknown"
"7014851",371865,2025-09-22 14:52:40,43.1335372924805,-8.47027397155762,"Unknown"
"7014851",371865,2025-09-22 14:57:41,43.1334762573242,-8.47029876708984,"Unknown"
"7014851",371865,2025-09-22 15:02:41,43.1335983276367,-8.4702787399292,"Unknown"
"7014851",371865,2025-09-22 15:07:43,43.133674621582,-8.47028064727783,"Unknown"
"7014851",371865,2025-09-22 15:12:42,43.1338729858398,-8.47037029266357,"Unknown"
"7014851",371865,2025-09-22 15:17:42,43.1336975097656,-8.47031021118164,"Unknown"
"7014851",371865,2025-09-22 15:22:43,43.1329231262207,-8.46896553039551,"Unknown"
"7014851",371865,2025-09-22 15:27:47,43.1304473876953,-8.47150993347168,"Unknown"
"7014851",371865,2025-09-22 15:32:41,43.1305389404297,-8.47156047821045,"Unknown"
"7014851",371865,2025-09-22 15:37:42,43.1305313110352,-8.47168159484863,"Unknown"
"7014851",371865,2025-09-22 15:42:39,43.1297874450684,-8.47029209136963,"Unknown"
"7014851",371865,2025-09-22 15:47:39,43.1301193237305,-8.47047519683838,"Unknown"
"7014851",371865,2025-09-22 15:52:40,43.1305160522461,-8.4716100692749,"Unknown"
"7014851",371865,2025-09-22 15:57:40,43.1308631896973,-8.47147083282471,"Unknown"
"7014851",371865,2025-09-22 16:03:14,43.1305885314941,-8.47124671936035,"Unknown"
"7014851",371865,2025-09-22 16:07:39,43.1305046081543,-8.47172164916992,"Unknown"
"7014851",371865,2025-09-22 16:12:39,43.1306915283203,-8.47181701660156,"Unknown"
"7014851",371865,2025-09-22 16:17:39,43.1306686401367,-8.47160530090332,"Unknown"
"7014851",371865,2025-09-22 16:22:39,43.1306076049805,-8.47153186798096,"Unknown"
"7014851",371865,2025-09-22 16:27:41,43.1304130554199,-8.47184371948242,"Unknown"
"7014851",371865,2025-09-22 16:32:41,43.0991058349609,-8.49728202819824,"Unknown"
"7014851",371865,2025-09-22 16:37:40,43.0993537902832,-8.4974479675293,"Unknown"
"7014851",371865,2025-09-22 16:42:39,43.1025848388672,-8.49431133270264,"Unknown"
"7014851",371865,2025-09-22 16:47:39,43.1191596984863,-8.48519134521484,"Unknown"
"7014851",371865,2025-09-22 16:52:39,43.1297721862793,-8.47087478637695,"Unknown"
"7014851",371865,2025-09-22 16:57:39,43.1297264099121,-8.47077655792236,"Unknown"
"7014851",371865,2025-09-22 17:02:39,43.1297950744629,-8.47081661224365,"Unknown"
"7014851",371865,2025-09-22 17:07:40,43.1300621032715,-8.47074794769287,"Unknown"
"7014851",371865,2025-09-22 17:12:40,43.1328239440918,-8.46922206878662,"Unknown"
"7014851",371865,2025-09-22 17:17:39,43.1327247619629,-8.46920680999756,"Unknown"
"7014851",371865,2025-09-22 17:22:39,43.1327476501465,-8.46920490264893,"Unknown"
"7014851",371865,2025-09-22 17:27:39,43.1327705383301,-8.46934223175049,"Unknown"
"7014851",371865,2025-09-22 17:32:39,43.1327323913574,-8.46933174133301,"Unknown"
"7014851",371865,2025-09-22 17:37:39,43.1326637268066,-8.46929359436035,"Unknown"
"7014851",371865,2025-09-22 17:42:39,43.1327629089355,-8.46921920776367,"Unknown"
"7014851",371865,2025-09-22 17:47:39,43.1328201293945,-8.46924209594727,"Unknown"
"7014851",371865,2025-09-22 17:52:39,43.1327972412109,-8.46918392181396,"Unknown"
"7014851",371865,2025-09-22 17:57:39,43.132682800293,-8.4692211151123,"Unknown"
"7014851",371865,2025-09-22 18:02:39,43.1329078674316,-8.46922016143799,"Unknown"
"7014851",371865,2025-09-22 18:07:40,43.1325950622559,-8.46934700012207,"Unknown"
"7014851",371865,2025-09-22 18:12:39,43.1327781677246,-8.46923732757568,"Unknown"
"7014851",371865,2025-09-22 18:17:39,43.1301689147949,-8.46990871429443,"Unknown"
"7014851",371865,2025-09-22 18:22:39,43.1297416687012,-8.47083473205566,"Unknown"
"7014851",371865,2025-09-22 18:27:39,43.1302452087402,-8.47153091430664,"Unknown"
"7014851",371865,2025-09-22 18:33:23,43.1295394897461,-8.47111320495605,"Unknown"
"7014851",371865,2025-09-22 18:37:39,43.1312065124512,-8.47104930877686,"Unknown"
"7014851",371865,2025-09-22 18:42:39,43.1409950256348,-8.46158885955811,"Unknown"
"7014851",371865,2025-09-22 18:47:46,43.1586990356445,-8.44730758666992,"Unknown"
"7014851",371865,2025-09-22 18:52:40,43.1724395751953,-8.44009017944336,"Unknown"
"7014851",371865,2025-09-22 18:57:42,43.1718864440918,-8.44014167785645,"Unknown"
"7014851",371865,2025-09-22 19:02:39,43.171989440918,-8.44026756286621,"Unknown"
"7014851",371865,2025-09-22 19:07:41,43.1720695495605,-8.44012355804443,"Unknown"
"7014851",371865,2025-09-22 19:12:42,43.1719779968262,-8.44028854370117,"Unknown"
"7014851",371865,2025-09-22 19:17:43,43.1718635559082,-8.44017696380615,"Unknown"
"7014851",371865,2025-09-22 19:22:43,43.1716804504395,-8.44010353088379,"Unknown"
"7014851",371865,2025-09-22 19:27:48,43.1719665527344,-8.44015884399414,"Unknown"
"7014851",371865,2025-09-22 19:32:49,43.172233581543,-8.44004058837891,"Unknown"
"7014851",371865,2025-09-22 19:37:39,43.1720428466797,-8.44014453887939,"Unknown"
"7014851",371865,2025-09-22 19:42:40,43.1720237731934,-8.44015693664551,"Unknown"
"7014851",371865,2025-09-22 19:47:49,43.1720085144043,-8.44028282165527,"Unknown"
"7014851",371865,2025-09-22 19:53:05,43.1720085144043,-8.44022464752197,"Unknown"
"7014851",371865,2025-09-22 19:57:43,43.1718711853027,-8.44013977050781,"Unknown"
"7014851",371865,2025-09-22 20:02:39,43.1719779968262,-8.44027996063232,"Unknown"
"7014851",371865,2025-09-22 20:07:44,43.1720275878906,-8.44027900695801,"Unknown"
"7014851",371865,2025-09-22 20:12:43,43.1719245910645,-8.44017314910889,"Unknown"
"7014851",371865,2025-09-22 20:17:40,43.1718254089355,-8.44017696380615,"Unknown"
"7014851",371865,2025-09-22 20:22:42,43.1715393066406,-8.44021224975586,"Unknown"
"7014851",371865,2025-09-22 20:27:44,43.1716804504395,-8.44030094146729,"Unknown"
"7014851",371865,2025-09-22 20:32:40,43.1718368530273,-8.43964195251465,"Unknown"
"7014851",371865,2025-09-22 20:38:05,43.1722221374512,-8.43987369537354,"Unknown"
"7014851",371865,2025-09-22 20:42:40,43.1718902587891,-8.43967914581299,"Unknown"
"7014851",371865,2025-09-22 20:47:42,43.1716613769531,-8.43950271606445,"Unknown"
"7014851",371865,2025-09-22 20:52:41,43.1716499328613,-8.43938636779785,"Unknown"
"7014851",371865,2025-09-22 20:57:40,43.172435760498,-8.44014930725098,"Unknown"
"7014851",371865,2025-09-22 21:02:39,43.172435760498,-8.44030475616455,"Unknown"
"7014851",371865,2025-09-22 21:07:39,43.1724243164062,-8.44032382965088,"Unknown"
"7014851",371865,2025-09-22 21:12:39,43.17236328125,-8.44033336639404,"Unknown"
"7014851",371865,2025-09-22 21:17:38,43.172420501709,-8.44035530090332,"Unknown"
"7014851",371865,2025-09-22 21:22:38,43.1724052429199,-8.44027423858643,"Unknown"
"7014851",371865,2025-09-22 21:27:38,43.1723976135254,-8.44021892547607,"Unknown"
"7014851",371865,2025-09-22 21:32:40,43.1724128723145,-8.44032001495361,"Unknown"
"7014851",371865,2025-09-22 21:37:38,43.1724662780762,-8.44021987915039,"Unknown"
"7014851",371865,2025-09-22 21:42:38,43.1724548339844,-8.4402494430542,"Unknown"
"7014851",371865,2025-09-22 21:47:40,43.1725387573242,-8.44021320343018,"Unknown"
"7014851",371865,2025-09-22 21:52:41,43.1724853515625,-8.44011497497559,"Unknown"
"7014851",371865,2025-09-22 21:57:41,43.172435760498,-8.4401798248291,"Unknown"
"7014851",371865,2025-09-22 22:02:51,43.1712608337402,-8.44208908081055,"Unknown"
"7014851",371865,2025-09-22 22:07:38,43.172477722168,-8.44013118743896,"Unknown"
"7014851",371865,2025-09-22 22:12:43,43.1724967956543,-8.44016361236572,"Unknown"
"7014851",371865,2025-09-22 22:17:38,43.1725883483887,-8.440110206604,"Unknown"
"7014851",371865,2025-09-22 22:22:38,43.1723365783691,-8.44028949737549,"Unknown"
"7014851",371865,2025-09-22 22:27:39,43.1722831726074,-8.44036674499512,"Unknown"
"7014851",371865,2025-09-22 22:32:38,43.1726150512695,-8.44011688232422,"Unknown"
"7014851",371865,2025-09-22 22:37:39,43.1723480224609,-8.44025897979736,"Unknown"
"7014851",371865,2025-09-22 22:42:49,43.1721000671387,-8.44079971313477,"Unknown"
"7014851",371865,2025-09-22 22:47:45,43.1721038818359,-8.44071483612061,"Unknown"
"7014851",371865,2025-09-22 22:52:43,43.1720504760742,-8.44059467315674,"Unknown"
"7014851",371865,2025-09-22 22:57:40,43.1723480224609,-8.44019222259521,"Unknown"
"7014851",371865,2025-09-22 23:02:42,43.1718788146973,-8.44004154205322,"Unknown"
"7014851",371865,2025-09-22 23:07:45,43.1720352172852,-8.44043254852295,"Unknown"
"7014851",371865,2025-09-22 23:12:42,43.172191619873,-8.44015979766846,"Unknown"
"7014851",371865,2025-09-22 23:17:45,43.1719856262207,-8.44012546539307,"Unknown"
"7014851",371865,2025-09-22 23:22:43,43.1719970703125,-8.44022083282471,"Unknown"
"7014851",371865,2025-09-22 23:27:43,43.1720504760742,-8.43998241424561,"Unknown"
"7014851",371865,2025-09-22 23:32:43,43.1715698242188,-8.43977546691895,"Unknown"
"7014851",371865,2025-09-22 23:37:58,43.1715850830078,-8.43983459472656,"Unknown"
"7014851",371865,2025-09-22 23:43:03,43.171947479248,-8.44001483917236,"Unknown"
"7014851",371865,2025-09-22 23:47:38,43.1720390319824,-8.44013690948486,"Unknown"
"7014851",371865,2025-09-22 23:52:38,43.1719512939453,-8.44004821777344,"Unknown"
"7014851",371865,2025-09-22 23:57:38,43.1720161437988,-8.43997764587402,"Unknown"
"7014851",371865,2025-09-23 00:02:38,43.1719284057617,-8.43996810913086,"Unknown"
"7014851",371865,2025-09-23 00:07:38,43.1720428466797,-8.44025135040283,"Unknown"
"7014851",371865,2025-09-23 00:12:40,43.171989440918,-8.44029235839844,"Unknown"
"7014851",371865,2025-09-23 00:17:39,43.1717872619629,-8.44015121459961,"Unknown"
"7014851",371865,2025-09-23 00:22:42,43.1720314025879,-8.44012546539307,"Unknown"
"7014851",371865,2025-09-23 00:27:39,43.1720962524414,-8.44017791748047,"Unknown"
"7014851",371865,2025-09-23 00:32:38,43.1719818115234,-8.4401912689209,"Unknown"
"7014851",371865,2025-09-23 00:37:38,43.1720657348633,-8.44016170501709,"Unknown"
"7014851",371865,2025-09-23 00:42:38,43.1720123291016,-8.4401273727417,"Unknown"
"7014851",371865,2025-09-23 00:47:38,43.171989440918,-8.44018363952637,"Unknown"
"7014851",371865,2025-09-23 00:52:39,43.1719436645508,-8.44003009796143,"Unknown"
"7014851",371865,2025-09-23 00:57:42,43.171947479248,-8.44003772735596,"Unknown"
"7014851",371865,2025-09-23 01:02:38,43.1721076965332,-8.44008159637451,"Unknown"
"7014851",371865,2025-09-23 01:07:40,43.1721153259277,-8.44009780883789,"Unknown"
"7014851",371865,2025-09-23 01:12:38,43.1719245910645,-8.44024181365967,"Unknown"
"7014851",371865,2025-09-23 01:17:38,43.1720962524414,-8.44007301330566,"Unknown"
"7014851",371865,2025-09-23 01:22:38,43.1720695495605,-8.44009304046631,"Unknown"
"7014851",371865,2025-09-23 01:27:40,43.171989440918,-8.440185546875,"Unknown"
"7014851",371865,2025-09-23 01:32:38,43.1719055175781,-8.44025421142578,"Unknown"
"7014851",371865,2025-09-23 01:37:38,43.1719398498535,-8.44021129608154,"Unknown"
"7014851",371865,2025-09-23 01:42:38,43.1718826293945,-8.44028949737549,"Unknown"
"7014851",371865,2025-09-23 01:47:38,43.1718292236328,-8.44028091430664,"Unknown"
"7014851",371865,2025-09-23 01:52:38,43.1721076965332,-8.44009590148926,"Unknown"
"7014851",371865,2025-09-23 01:57:39,43.1720809936523,-8.44007396697998,"Unknown"
"7014851",371865,2025-09-23 02:02:38,43.1719017028809,-8.4401741027832,"Unknown"
"7014851",371865,2025-09-23 02:07:39,43.1720809936523,-8.44002819061279,"Unknown"
"7014851",371865,2025-09-23 02:12:38,43.1718482971191,-8.44012069702148,"Unknown"
"7014851",371865,2025-09-23 02:17:38,43.172119140625,-8.44004726409912,"Unknown"
"7014851",371865,2025-09-23 02:22:38,43.1720275878906,-8.44007015228271,"Unknown"
"7014851",371865,2025-09-23 02:27:39,43.1720314025879,-8.44005298614502,"Unknown"
"7014851",371865,2025-09-23 02:32:39,43.1719284057617,-8.44012641906738,"Unknown"
"7014851",371865,2025-09-23 02:37:39,43.1721076965332,-8.44002532958984,"Unknown"
"7014851",371865,2025-09-23 02:42:39,43.1722297668457,-8.44023323059082,"Unknown"
"7014851",371865,2025-09-23 02:47:39,43.172119140625,-8.44006729125977,"Unknown"
"7014851",371865,2025-09-23 02:52:40,43.1718292236328,-8.44033432006836,"Unknown"
"7014851",371865,2025-09-23 02:58:05,43.1719627380371,-8.4400053024292,"Unknown"
"7014851",371865,2025-09-23 03:02:38,43.171932220459,-8.44000339508057,"Unknown"
"7014851",371865,2025-09-23 03:07:39,43.171947479248,-8.4400463104248,"Unknown"
"7014851",371865,2025-09-23 03:12:38,43.172119140625,-8.43999195098877,"Unknown"
"7014851",371865,2025-09-23 03:17:38,43.1719131469727,-8.43986797332764,"Unknown"
"7014851",371865,2025-09-23 03:22:39,43.172248840332,-8.43989944458008,"Unknown"
"7014851",371865,2025-09-23 03:27:39,43.1722450256348,-8.43982315063477,"Unknown"
"7014851",371865,2025-09-23 03:32:38,43.1725044250488,-8.4399356842041,"Unknown"
"7014851",371865,2025-09-23 03:37:38,43.1723861694336,-8.43988990783691,"Unknown"
"7014851",371865,2025-09-23 03:42:38,43.1723823547363,-8.43988800048828,"Unknown"
"7014851",371865,2025-09-23 03:47:38,43.1724090576172,-8.43990802764893,"Unknown"
"7014851",371865,2025-09-23 03:52:38,43.1723899841309,-8.43988800048828,"Unknown"
"7014851",371865,2025-09-23 03:57:38,43.1724739074707,-8.43990993499756,"Unknown"
"7014851",371865,2025-09-23 04:02:47,43.1722412109375,-8.43988037109375,"Unknown"
"7014851",371865,2025-09-23 04:07:48,43.1722068786621,-8.43987369537354,"Unknown"
"7014851",371865,2025-09-23 04:12:41,43.1722106933594,-8.43989181518555,"Unknown"
"7014851",371865,2025-09-23 04:17:39,43.1721725463867,-8.43972587585449,"Unknown"
"7014851",371865,2025-09-23 04:22:43,43.1722106933594,-8.43993282318115,"Unknown"
"7014851",371865,2025-09-23 04:27:41,43.1725845336914,-8.44316864013672,"Unknown"
"7014851",371865,2025-09-23 04:32:41,43.1724624633789,-8.4416389465332,"Unknown"
"7014851",371865,2025-09-23 04:37:40,43.1712760925293,-8.4398946762085,"Unknown"
"7014851",371865,2025-09-23 04:42:42,43.1723709106445,-8.43954467773438,"Unknown"
"7014851",371865,2025-09-23 04:47:43,43.1723594665527,-8.43951511383057,"Unknown"
"7014851",371865,2025-09-23 04:52:41,43.17236328125,-8.43960857391357,"Unknown"
"7014851",371865,2025-09-23 04:57:40,43.172435760498,-8.43970108032227,"Unknown"
"7014851",371865,2025-09-23 05:02:41,43.1723937988281,-8.43959045410156,"Unknown"
"7014851",371865,2025-09-23 05:07:46,43.1722221374512,-8.43943405151367,"Unknown"
"7014851",371865,2025-09-23 05:12:43,43.1722679138184,-8.43935203552246,"Unknown"
"7014851",371865,2025-09-23 05:17:40,43.1727523803711,-8.44023609161377,"Unknown"
"7014851",371865,2025-09-23 05:22:41,43.1722297668457,-8.43912220001221,"Unknown"
"7014851",371865,2025-09-23 05:27:38,43.1722869873047,-8.43908405303955,"Unknown"
"7014851",371865,2025-09-23 05:32:43,43.172290802002,-8.43920993804932,"Unknown"
"7014851",371865,2025-09-23 05:37:39,43.1723251342773,-8.43915367126465,"Unknown"
"7014851",371865,2025-09-23 05:42:40,43.1723098754883,-8.4393892288208,"Unknown"
"7014851",371865,2025-09-23 05:47:41,43.1723098754883,-8.43935966491699,"Unknown"
"7014851",371865,2025-09-23 05:52:45,43.1723289489746,-8.4392261505127,"Unknown"
"7014851",371865,2025-09-23 05:57:38,43.172290802002,-8.44573879241943,"Unknown"
"7014851",371865,2025-09-23 06:02:39,43.1723670959473,-8.44491004943848,"Unknown"
"7014851",371865,2025-09-23 06:07:38,43.1660079956055,-8.45781898498535,"Unknown"
"7014851",371865,2025-09-23 06:12:39,43.1321716308594,-8.4693603515625,"Unknown"
"7014851",371865,2025-09-23 06:17:39,43.1322250366211,-8.46915531158447,"Unknown"
"7014851",371865,2025-09-23 06:22:45,43.1320304870605,-8.46955871582031,"Unknown"
"7014851",371865,2025-09-23 06:27:39,43.132080078125,-8.46985149383545,"Unknown"
"7014851",371865,2025-09-23 06:32:44,43.1328964233398,-8.46847915649414,"Unknown"
"7014851",371865,2025-09-23 06:37:40,43.133903503418,-8.4691801071167,"Unknown"
"7014851",371865,2025-09-23 06:42:42,43.1337738037109,-8.46943664550781,"Unknown"
"7014851",371865,2025-09-23 06:47:42,43.133918762207,-8.46957874298096,"Unknown"
"7014851",371865,2025-09-23 06:52:41,43.1306838989258,-8.47091960906982,"Unknown"
"7014851",371865,2025-09-23 06:57:42,43.130558013916,-8.47119235992432,"Unknown"
"7014851",371865,2025-09-23 07:02:40,43.1307334899902,-8.47098922729492,"Unknown"
"7014851",371865,2025-09-23 07:07:46,43.1306228637695,-8.47127914428711,"Unknown"
"7014851",371865,2025-09-23 07:12:38,43.1307220458984,-8.4710636138916,"Unknown"
"7014851",371865,2025-09-23 07:17:38,43.1305160522461,-8.47113704681396,"Unknown"
"7014851",371865,2025-09-23 07:22:39,43.1306076049805,-8.4710054397583,"Unknown"
"7014851",371865,2025-09-23 07:27:41,43.130729675293,-8.47097492218018,"Unknown"
"7014851",371865,2025-09-23 07:32:39,43.130615234375,-8.470947265625,"Unknown"
"7014851",371865,2025-09-23 07:37:38,43.1305541992188,-8.47111225128174,"Unknown"
"7014851",371865,2025-09-23 07:42:41,43.1306838989258,-8.47111511230469,"Unknown"
"7014851",371865,2025-09-23 07:47:38,43.1305770874023,-8.47089958190918,"Unknown"
"7014851",371865,2025-09-23 07:52:39,43.1306457519531,-8.47121906280518,"Unknown"
"7014851",371865,2025-09-23 07:57:38,43.130542755127,-8.47127151489258,"Unknown"
"7014851",371865,2025-09-23 08:02:39,43.1306114196777,-8.47129154205322,"Unknown"
"7014851",371865,2025-09-23 08:07:39,43.1305656433105,-8.47136688232422,"Unknown"
"7014851",371865,2025-09-23 08:12:39,43.133544921875,-8.47015571594238,"Unknown"
"7014851",371865,2025-09-23 08:17:39,43.1334991455078,-8.47014904022217,"Unknown"
"7014851",371865,2025-09-23 08:22:39,43.1335716247559,-8.47037124633789,"Unknown"
"7014851",371865,2025-09-23 08:27:40,43.1335792541504,-8.47029209136963,"Unknown"
"7014851",371865,2025-09-23 08:32:39,43.1336936950684,-8.47032928466797,"Unknown"
"7014851",371865,2025-09-23 08:37:38,43.1334800720215,-8.47036552429199,"Unknown"
"7014851",371865,2025-09-23 08:42:38,43.1333770751953,-8.47054862976074,"Unknown"
"7014851",371865,2025-09-23 08:47:38,43.133358001709,-8.47058582305908,"Unknown"
"7014851",371865,2025-09-23 08:52:38,43.1333236694336,-8.47067260742188,"Unknown"
"7014851",371865,2025-09-23 08:57:38,43.13330078125,-8.4707145690918,"Unknown"
"7014851",371865,2025-09-23 09:02:38,43.1333389282227,-8.47067642211914,"Unknown"
"7014851",371865,2025-09-23 09:07:38,43.1334609985352,-8.47053337097168,"Unknown"
"7014851",371865,2025-09-23 09:12:38,43.1334953308105,-8.4705638885498,"Unknown"
"7014851",371865,2025-09-23 09:17:38,43.1335029602051,-8.47047233581543,"Unknown"
"7014851",371865,2025-09-23 09:22:38,43.1335334777832,-8.47043132781982,"Unknown"
"7014851",371865,2025-09-23 09:27:38,43.1335334777832,-8.47045135498047,"Unknown"
"7014851",371865,2025-09-23 09:32:38,43.1335639953613,-8.47038269042969,"Unknown"
"7014851",371865,2025-09-23 09:37:38,43.1335563659668,-8.4703369140625,"Unknown"
"7014851",371865,2025-09-23 09:42:38,43.1333694458008,-8.47077465057373,"Unknown"
"7014851",371865,2025-09-23 09:47:38,43.133472442627,-8.47060871124268,"Unknown"
"7014851",371865,2025-09-23 09:52:38,43.1330261230469,-8.47108268737793,"Unknown"
"7014851",371865,2025-09-23 09:57:38,43.1336326599121,-8.4703950881958,"Unknown"
"7014851",371865,2025-09-23 10:02:38,43.1336326599121,-8.47024059295654,"Unknown"
"7014851",371865,2025-09-23 10:07:39,43.1336631774902,-8.47040367126465,"Unknown"
"7014851",371865,2025-09-23 10:12:39,43.1338653564453,-8.4701976776123,"Unknown"
"7014851",371865,2025-09-23 10:17:41,43.1339950561523,-8.46992683410645,"Unknown"
"7014851",371865,2025-09-23 10:22:41,43.1339912414551,-8.46996593475342,"Unknown"
"7014851",371865,2025-09-23 10:27:41,43.134090423584,-8.47021961212158,"Unknown"
"7014851",371865,2025-09-23 10:32:40,43.1340065002441,-8.470458984375,"Unknown"
"7014851",371865,2025-09-23 10:37:39,43.1340065002441,-8.47065734863281,"Unknown"
"7014851",371865,2025-09-23 10:42:39,43.1339111328125,-8.46999645233154,"Unknown"
"7014851",371865,2025-09-23 10:47:39,43.1338157653809,-8.47003173828125,"Unknown"
"7014851",371865,2025-09-23 10:52:40,43.1339645385742,-8.47006988525391,"Unknown"
"7014851",371865,2025-09-23 10:58:05,43.1339836120605,-8.4699821472168,"Unknown"
"7014851",371865,2025-09-23 11:02:37,43.1340255737305,-8.46954917907715,"Unknown"
"7014851",371865,2025-09-23 11:07:39,43.1332244873047,-8.46955966949463,"Unknown"
"7014851",371865,2025-09-23 11:12:37,43.1328506469727,-8.46946239471436,"Unknown"
"7014851",371865,2025-09-23 11:17:38,43.1335563659668,-8.46978187561035,"Unknown"
"7014851",371865,2025-09-23 11:22:37,43.1333541870117,-8.46966361999512,"Unknown"
"7014851",371865,2025-09-23 11:27:37,43.1330223083496,-8.4696044921875,"Unknown"
"7014851",371865,2025-09-23 11:32:37,43.1331176757812,-8.46957874298096,"Unknown"
"7014851",371865,2025-09-23 11:37:38,43.1326522827148,-8.46878242492676,"Unknown"
"7014851",371865,2025-09-23 11:42:38,43.1324615478516,-8.46879005432129,"Unknown"
"7014851",371865,2025-09-23 11:47:37,43.1325798034668,-8.46876335144043,"Unknown"
"7014851",371865,2025-09-23 11:52:37,43.1326141357422,-8.46877384185791,"Unknown"
"7014851",371865,2025-09-23 11:57:37,43.1326141357422,-8.46876907348633,"Unknown"
"7014851",371865,2025-09-23 12:02:37,43.132640838623,-8.46881484985352,"Unknown"
"7014851",371865,2025-09-23 12:07:38,43.1326866149902,-8.46875,"Unknown"
"7014851",371865,2025-09-23 12:12:37,43.1326446533203,-8.46880054473877,"Unknown"
"7014851",371865,2025-09-23 12:17:38,43.1326942443848,-8.46887111663818,"Unknown"
"7014851",371865,2025-09-23 12:22:38,43.1327209472656,-8.46893215179443,"Unknown"
"7014851",371865,2025-09-23 12:27:37,43.1327705383301,-8.46894836425781,"Unknown"
"7014851",371865,2025-09-23 12:32:39,43.1324615478516,-8.46845054626465,"Unknown"
"7014851",371865,2025-09-23 12:37:38,43.1324768066406,-8.46851253509521,"Unknown"
"7014851",371865,2025-09-23 12:42:38,43.1323585510254,-8.46833038330078,"Unknown"
"7014851",371865,2025-09-23 12:47:38,43.1323165893555,-8.46825408935547,"Unknown"
"7014851",371865,2025-09-23 12:52:38,43.1322708129883,-8.46814441680908,"Unknown"
"7014851",371865,2025-09-23 12:57:38,43.1323280334473,-8.46831512451172,"Unknown"
"7014851",371865,2025-09-23 13:02:38,43.1322479248047,-8.46804332733154,"Unknown"
"7014851",371865,2025-09-23 13:07:39,43.1322975158691,-8.46816825866699,"Unknown"
"7014851",371865,2025-09-23 13:12:38,43.1322746276855,-8.46800422668457,"Unknown"
"7014851",371865,2025-09-23 13:17:38,43.1322822570801,-8.46800708770752,"Unknown"
"7014851",371865,2025-09-23 13:22:38,43.1322746276855,-8.46809005737305,"Unknown"
"7014851",371865,2025-09-23 13:27:38,43.1324462890625,-8.46829605102539,"Unknown"
"7014851",371865,2025-09-23 13:32:41,43.1330070495605,-8.47083282470703,"Unknown"
"7014851",371865,2025-09-23 13:37:40,43.1328163146973,-8.46986103057861,"Unknown"
"7014851",371865,2025-09-23 13:42:38,43.1325912475586,-8.46921062469482,"Unknown"
"7014851",371865,2025-09-23 13:47:38,43.1327972412109,-8.46981048583984,"Unknown"
"7014851",371865,2025-09-23 13:52:39,43.1328964233398,-8.47020053863525,"Unknown"
"7014851",371865,2025-09-23 13:57:39,43.1326179504395,-8.46927547454834,"Unknown"
"7014851",371865,2025-09-23 14:02:38,43.1326713562012,-8.46935081481934,"Unknown"
"7014851",371865,2025-09-23 14:07:39,43.1326866149902,-8.46938323974609,"Unknown"
"7014851",371865,2025-09-23 14:12:37,43.1326141357422,-8.4690637588501,"Unknown"
"7014851",371865,2025-09-23 14:17:38,43.1324272155762,-8.46859455108643,"Unknown"
"7014851",371865,2025-09-23 14:22:38,43.1324348449707,-8.46856880187988,"Unknown"
"7014851",371865,2025-09-23 14:27:38,43.132438659668,-8.46855449676514,"Unknown"
"7014851",371865,2025-09-23 14:32:39,43.1320915222168,-8.46796321868896,"Unknown"
"7014851",371865,2025-09-23 14:37:40,43.1322212219238,-8.46817016601562,"Unknown"
"7014851",371865,2025-09-23 14:42:39,43.1320266723633,-8.4681396484375,"Unknown"
"7014851",371865,2025-09-23 14:47:40,43.1318817138672,-8.46816730499268,"Unknown"
"7014851",371865,2025-09-23 14:52:39,43.1320457458496,-8.4683666229248,"Unknown"
"7014851",371865,2025-09-23 14:57:40,43.1319885253906,-8.46830940246582,"Unknown"
"7014851",371865,2025-09-23 15:02:39,43.1320457458496,-8.4683780670166,"Unknown"
"7014851",371865,2025-09-23 15:07:39,43.1319732666016,-8.4683952331543,"Unknown"
"7014851",371865,2025-09-23 15:12:40,43.131908416748,-8.46824073791504,"Unknown"
"7014851",371865,2025-09-23 15:17:41,43.1319007873535,-8.46837520599365,"Unknown"
"7014851",371865,2025-09-23 15:22:42,43.1318092346191,-8.4680004119873,"Unknown"
"7014851",371865,2025-09-23 15:27:40,43.1318054199219,-8.46832942962646,"Unknown"
"7014851",371865,2025-09-23 15:32:39,43.1319274902344,-8.46854209899902,"Unknown"
"7014851",371865,2025-09-23 15:37:38,43.1320953369141,-8.46856307983398,"Unknown"
"7014851",371865,2025-09-23 15:42:38,43.1318740844727,-8.46865844726562,"Unknown"
"7014851",371865,2025-09-23 15:47:39,43.1319160461426,-8.4688777923584,"Unknown"
"7014851",371865,2025-09-23 15:52:39,43.1317253112793,-8.46860790252686,"Unknown"
"7014851",371865,2025-09-23 15:57:55,43.1327095031738,-8.46881198883057,"Unknown"
"7014851",371865,2025-09-23 16:02:41,43.1326179504395,-8.46864891052246,"Unknown"
"7014851",371865,2025-09-23 16:07:40,43.132682800293,-8.4685754776001,"Unknown"
"7014851",371865,2025-09-23 16:12:48,43.132568359375,-8.46870040893555,"Unknown"
"7014851",371865,2025-09-23 16:17:38,43.1326179504395,-8.46858882904053,"Unknown"
"7014851",371865,2025-09-23 16:22:38,43.1325874328613,-8.46865177154541,"Unknown"
"7014851",371865,2025-09-23 16:27:38,43.1325378417969,-8.46862506866455,"Unknown"
"7014851",371865,2025-09-23 16:32:38,43.1325416564941,-8.46867752075195,"Unknown"
"7014851",371865,2025-09-23 16:37:38,43.1325416564941,-8.46865749359131,"Unknown"
"7014851",371865,2025-09-23 16:42:38,43.1325912475586,-8.46867656707764,"Unknown"
"7014851",371865,2025-09-23 16:47:39,43.1330528259277,-8.46882057189941,"Unknown"
"7014851",371865,2025-09-23 16:52:39,43.1324920654297,-8.4688720703125,"Unknown"
"7014851",371865,2025-09-23 16:57:38,43.1325073242188,-8.46890163421631,"Unknown"
"7014851",371865,2025-09-23 17:02:38,43.1324996948242,-8.46887493133545,"Unknown"
"7014851",371865,2025-09-23 17:07:38,43.1324691772461,-8.46906852722168,"Unknown"
"7014851",371865,2025-09-23 17:12:38,43.1324844360352,-8.4690055847168,"Unknown"
"7014851",371865,2025-09-23 17:17:38,43.132495880127,-8.46891021728516,"Unknown"
"7014851",371865,2025-09-23 17:22:37,43.1322441101074,-8.46843814849854,"Unknown"
"7014851",371865,2025-09-23 17:27:38,43.1321105957031,-8.46893501281738,"Unknown"
"7014851",371865,2025-09-23 17:32:37,43.1321258544922,-8.46898365020752,"Unknown"
"7014851",371865,2025-09-23 17:37:37,43.1321983337402,-8.46884059906006,"Unknown"
"7014851",371865,2025-09-23 17:42:38,43.1321296691895,-8.46889686584473,"Unknown"
"7014851",371865,2025-09-23 17:47:37,43.1321907043457,-8.46892929077148,"Unknown"
"7014851",371865,2025-09-23 17:52:37,43.1320152282715,-8.46884250640869,"Unknown"
"7014851",371865,2025-09-23 17:58:05,43.1321907043457,-8.46867179870605,"Unknown"
"7014851",371865,2025-09-23 18:02:36,43.1324768066406,-8.46845149993896,"Unknown"
"7014851",371865,2025-09-23 18:07:37,43.1299438476562,-8.47120952606201,"Unknown"
"7014851",371865,2025-09-23 18:12:37,43.1308364868164,-8.47138214111328,"Unknown"
"7014851",371865,2025-09-23 18:17:37,43.129711151123,-8.471360206604,"Unknown"
"7014851",371865,2025-09-23 18:22:38,43.1297073364258,-8.47177314758301,"Unknown"
"7014851",371865,2025-09-23 18:27:38,43.1297264099121,-8.47143936157227,"Unknown"
"7014851",371865,2025-09-23 18:32:39,43.1300430297852,-8.47140979766846,"Unknown"
"7014851",371865,2025-09-23 18:37:40,43.1299781799316,-8.47118759155273,"Unknown"
"7014851",371865,2025-09-23 18:42:41,43.1301498413086,-8.47102165222168,"Unknown"
"7014851",371865,2025-09-23 18:47:40,43.1304512023926,-8.47140216827393,"Unknown"
"7014851",371865,2025-09-23 18:52:41,43.1302719116211,-8.47127056121826,"Unknown"
"7014851",371865,2025-09-23 18:57:38,43.1432075500488,-8.46507358551025,"Unknown"
"7014851",371865,2025-09-23 19:02:38,43.1645469665527,-8.45010566711426,"Unknown"
"7014851",371865,2025-09-23 19:07:43,43.1721038818359,-8.43973159790039,"Unknown"
"7014851",371865,2025-09-23 19:12:41,43.1719360351562,-8.43975734710693,"Unknown"
"7014851",371865,2025-09-23 19:17:40,43.1720314025879,-8.43978595733643,"Unknown"
"7014851",371865,2025-09-23 19:22:41,43.1714630126953,-8.43980407714844,"Unknown"
"7014851",371865,2025-09-23 19:27:43,43.172004699707,-8.43998336791992,"Unknown"
"7014851",371865,2025-09-23 19:32:48,43.1719818115234,-8.43991565704346,"Unknown"
"7014851",371865,2025-09-23 19:37:39,43.1719856262207,-8.4398889541626,"Unknown"
"7014851",371865,2025-09-23 19:42:40,43.1718711853027,-8.44017028808594,"Unknown"
"7014851",371865,2025-09-23 19:47:37,43.1717071533203,-8.4398775100708,"Unknown"
"7014851",371865,2025-09-23 19:52:41,43.1720581054688,-8.44024467468262,"Unknown"
"7014851",371865,2025-09-23 19:57:42,43.1718406677246,-8.43995666503906,"Unknown"
"7014851",371865,2025-09-23 20:02:48,43.171989440918,-8.44023323059082,"Unknown"
"7014851",371865,2025-09-23 20:07:37,43.1715393066406,-8.44022464752197,"Unknown"
"7014851",371865,2025-09-23 20:12:38,43.1721649169922,-8.44078731536865,"Unknown"
"7014851",371865,2025-09-23 20:17:38,43.172233581543,-8.44075012207031,"Unknown"
"7014851",371865,2025-09-23 20:22:41,43.1716461181641,-8.44069671630859,"Unknown"
"7014851",371865,2025-09-23 20:27:40,43.172435760498,-8.44095516204834,"Unknown"
"7014851",371865,2025-09-23 20:32:39,43.1717491149902,-8.4402437210083,"Unknown"
"7014851",371865,2025-09-23 20:37:39,43.1719245910645,-8.44026756286621,"Unknown"
"7014851",371865,2025-09-23 20:42:41,43.1719512939453,-8.44062614440918,"Unknown"
"7014851",371865,2025-09-23 20:47:40,43.1719741821289,-8.44051456451416,"Unknown"
"7014851",371865,2025-09-23 20:52:39,43.1718482971191,-8.44059753417969,"Unknown"
"7014851",371865,2025-09-23 20:57:43,43.1717567443848,-8.44050216674805,"Unknown"
"7014851",371865,2025-09-23 21:02:42,43.1718139648438,-8.4405574798584,"Unknown"
"7014851",371865,2025-09-23 21:07:43,43.1717643737793,-8.44052696228027,"Unknown"
"7014851",371865,2025-09-23 21:12:45,43.1716995239258,-8.44054698944092,"Unknown"
"7014851",371865,2025-09-23 21:17:43,43.1718673706055,-8.44042301177979,"Unknown"
"7014851",371865,2025-09-23 21:22:40,43.1717300415039,-8.44039058685303,"Unknown"
"7014851",371865,2025-09-23 21:27:40,43.1708183288574,-8.43978500366211,"Unknown"
"7014851",371865,2025-09-23 21:32:43,43.1718215942383,-8.43835639953613,"Unknown"
"7014851",371865,2025-09-23 21:37:42,43.1709175109863,-8.43851852416992,"Unknown"
"7014851",371865,2025-09-23 21:42:39,43.1707038879395,-8.43808555603027,"Unknown"
"7014851",371865,2025-09-23 21:47:39,43.1710243225098,-8.43865203857422,"Unknown"
"7014851",371865,2025-09-23 21:52:43,43.1711158752441,-8.44023704528809,"Unknown"
"7014851",371865,2025-09-23 21:57:43,43.1708183288574,-8.44008159637451,"Unknown"
"7014851",371865,2025-09-23 22:02:57,43.1714973449707,-8.44082260131836,"Unknown"
"7014851",371865,2025-09-23 22:07:43,43.1719779968262,-8.44030094146729,"Unknown"
"7014851",371865,2025-09-23 22:12:56,43.1712760925293,-8.44216346740723,"Unknown"
"7014851",371865,2025-09-23 22:17:39,43.1718063354492,-8.43977832794189,"Unknown"
"7014851",371865,2025-09-23 22:22:39,43.1714477539062,-8.43992137908936,"Unknown"
"7014851",371865,2025-09-23 22:27:41,43.1715354919434,-8.43985939025879,"Unknown"
"7014851",371865,2025-09-23 22:32:39,43.1712951660156,-8.44014453887939,"Unknown"
"7014851",371865,2025-09-23 22:37:38,43.1714820861816,-8.44000625610352,"Unknown"
"7014851",371865,2025-09-23 22:42:45,43.1716766357422,-8.44083786010742,"Unknown"
"7014851",371865,2025-09-23 22:47:38,43.1711387634277,-8.44079113006592,"Unknown"
"7014851",371865,2025-09-23 22:52:52,43.1717414855957,-8.44052696228027,"Unknown"
"7014851",371865,2025-09-23 22:57:39,43.1712646484375,-8.44079971313477,"Unknown"
"7014851",371865,2025-09-23 23:03:05,43.1717376708984,-8.44029808044434,"Unknown"
"7014851",371865,2025-09-23 23:07:38,43.1715698242188,-8.44139385223389,"Unknown"
"7014851",371865,2025-09-23 23:12:37,43.1716842651367,-8.4405689239502,"Unknown"
"7014851",371865,2025-09-23 23:17:38,43.1713905334473,-8.44113731384277,"Unknown"
"7014851",371865,2025-09-23 23:22:37,43.171501159668,-8.4411096572876,"Unknown"
"7014851",371865,2025-09-23 23:27:37,43.1714401245117,-8.4407205581665,"Unknown"
"7014851",371865,2025-09-23 23:32:37,43.1716613769531,-8.4404993057251,"Unknown"
"7014851",371865,2025-09-23 23:37:37,43.1716995239258,-8.44047164916992,"Unknown"
"7014851",371865,2025-09-23 23:42:37,43.1716346740723,-8.44056510925293,"Unknown"
"7014851",371865,2025-09-23 23:47:37,43.1715469360352,-8.44056701660156,"Unknown"
"7014851",371865,2025-09-23 23:52:37,43.1714897155762,-8.44062042236328,"Unknown"
"7014851",371865,2025-09-23 23:57:37,43.171516418457,-8.44057273864746,"Unknown"
"7014851",371865,2025-09-24 00:02:37,43.1715316772461,-8.44053936004639,"Unknown"
"7014851",371865,2025-09-24 00:07:37,43.1715469360352,-8.44052410125732,"Unknown"
"7014851",371865,2025-09-24 00:12:37,43.1714706420898,-8.44054412841797,"Unknown"
"7014851",371865,2025-09-24 00:17:37,43.1714859008789,-8.44054508209229,"Unknown"
"7014851",371865,2025-09-24 00:22:40,43.1715621948242,-8.4405460357666,"Unknown"
"7014851",371865,2025-09-24 00:27:37,43.1715927124023,-8.44048118591309,"Unknown"
"7014851",371865,2025-09-24 00:32:37,43.1717262268066,-8.44042301177979,"Unknown"
"7014851",371865,2025-09-24 00:37:37,43.1716613769531,-8.44044780731201,"Unknown"
"7014851",371865,2025-09-24 00:42:37,43.171688079834,-8.44036483764648,"Unknown"
"7014851",371865,2025-09-24 00:47:37,43.1716461181641,-8.4404878616333,"Unknown"
"7014851",371865,2025-09-24 00:52:38,43.1715774536133,-8.44040107727051,"Unknown"
"7014851",371865,2025-09-24 00:57:40,43.171516418457,-8.44031524658203,"Unknown"
"7014851",371865,2025-09-24 01:02:38,43.1716575622559,-8.4404468536377,"Unknown"
"7014851",371865,2025-09-24 01:07:37,43.1718711853027,-8.44027519226074,"Unknown"
"7014851",371865,2025-09-24 01:12:38,43.1715126037598,-8.44070720672607,"Unknown"
"7014851",371865,2025-09-24 01:18:05,43.1716423034668,-8.44044399261475,"Unknown"
"7014851",371865,2025-09-24 01:22:43,43.1717185974121,-8.44028854370117,"Unknown"
"7014851",371865,2025-09-24 01:27:38,43.1717185974121,-8.44028949737549,"Unknown"
"7014851",371865,2025-09-24 01:32:37,43.1716613769531,-8.44041919708252,"Unknown"
"7014851",371865,2025-09-24 01:37:36,43.1715965270996,-8.44047260284424,"Unknown"
"7014851",371865,2025-09-24 01:42:36,43.1716003417969,-8.44043064117432,"Unknown"
"7014851",371865,2025-09-24 01:47:36,43.1716079711914,-8.4403829574585,"Unknown"
"7014851",371865,2025-09-24 01:52:37,43.1715888977051,-8.44045448303223,"Unknown"
"7014851",371865,2025-09-24 01:57:37,43.1716537475586,-8.44036960601807,"Unknown"
"7014851",371865,2025-09-24 02:02:36,43.1713638305664,-8.44059276580811,"Unknown"
"7014851",371865,2025-09-24 02:07:37,43.1714668273926,-8.4405574798584,"Unknown"
"7014851",371865,2025-09-24 02:12:37,43.1716003417969,-8.44043731689453,"Unknown"
"7014851",371865,2025-09-24 02:17:36,43.1715965270996,-8.44043731689453,"Unknown"
"7014851",371865,2025-09-24 02:22:37,43.1716537475586,-8.44055271148682,"Unknown"
"7014851",371865,2025-09-24 02:27:37,43.171630859375,-8.44045448303223,"Unknown"
"7014851",371865,2025-09-24 02:32:38,43.1716499328613,-8.44043922424316,"Unknown"
"7014851",371865,2025-09-24 02:37:37,43.1716766357422,-8.44048690795898,"Unknown"
"7014851",371865,2025-09-24 02:42:36,43.1717262268066,-8.44046783447266,"Unknown"
"7014851",371865,2025-09-24 02:47:38,43.1718711853027,-8.44041538238525,"Unknown"
"7014851",371865,2025-09-24 02:52:37,43.1719093322754,-8.44040679931641,"Unknown"
"7014851",371865,2025-09-24 02:57:37,43.1716728210449,-8.44034957885742,"Unknown"
"7014851",371865,2025-09-24 03:02:37,43.1719818115234,-8.44032573699951,"Unknown"
"7014851",371865,2025-09-24 03:07:38,43.1717796325684,-8.44046211242676,"Unknown"
"7014851",371865,2025-09-24 03:12:39,43.1716995239258,-8.44038105010986,"Unknown"
"7014851",371865,2025-09-24 03:17:38,43.1717262268066,-8.4404239654541,"Unknown"
"7014851",371865,2025-09-24 03:22:38,43.1716957092285,-8.44043731689453,"Unknown"
"7014851",371865,2025-09-24 03:27:37,43.1717567443848,-8.4404468536377,"Unknown"
"7014851",371865,2025-09-24 03:32:37,43.1717910766602,-8.44039058685303,"Unknown"
"7014851",371865,2025-09-24 03:37:39,43.1718139648438,-8.44031143188477,"Unknown"
"7014851",371865,2025-09-24 03:42:47,43.1717529296875,-8.44040393829346,"Unknown"
"7014851",371865,2025-09-24 03:47:37,43.1717224121094,-8.44042301177979,"Unknown"
"7014851",371865,2025-09-24 03:52:43,43.1718215942383,-8.44040012359619,"Unknown"
"7014851",371865,2025-09-24 03:57:42,43.1717910766602,-8.44035720825195,"Unknown"
"7014851",371865,2025-09-24 04:02:49,43.1717758178711,-8.44035053253174,"Unknown"
"7014851",371865,2025-09-24 04:07:49,43.1717987060547,-8.44031143188477,"Unknown"
"7014851",371865,2025-09-24 04:12:46,43.1717872619629,-8.44030952453613,"Unknown"
"7014851",371865,2025-09-24 04:17:44,43.171875,-8.44026279449463,"Unknown"
"7014851",371865,2025-09-24 04:23:02,43.1716423034668,-8.44034290313721,"Unknown"
"7014851",371865,2025-09-24 04:27:37,43.1716842651367,-8.44027614593506,"Unknown"
"7014851",371865,2025-09-24 04:32:39,43.1718101501465,-8.44009590148926,"Unknown"
"7014851",371865,2025-09-24 04:37:49,43.171703338623,-8.44034862518311,"Unknown"
"7014851",371865,2025-09-24 04:42:37,43.1717224121094,-8.44031429290771,"Unknown"
"7014851",371865,2025-09-24 04:47:42,43.1718139648438,-8.43934345245361,"Unknown"
"7014851",371865,2025-09-24 04:52:37,43.1713180541992,-8.44051551818848,"Unknown"
"7014851",371865,2025-09-24 04:57:38,43.1716003417969,-8.44039916992188,"Unknown"
"7014851",371865,2025-09-24 05:02:57,43.1713485717773,-8.44021415710449,"Unknown"
"7014851",371865,2025-09-24 05:07:40,43.1713027954102,-8.44034385681152,"Unknown"
"7014851",371865,2025-09-24 05:12:46,43.1716232299805,-8.44022178649902,"Unknown"
"7014851",371865,2025-09-24 05:17:42,43.1712837219238,-8.44077110290527,"Unknown"
"7014851",371865,2025-09-24 05:22:40,43.1715049743652,-8.44027614593506,"Unknown"
"7014851",371865,2025-09-24 05:27:40,43.171516418457,-8.44019412994385,"Unknown"
"7014851",371865,2025-09-24 05:32:57,43.1714057922363,-8.43967723846436,"Unknown"
"7014851",371865,2025-09-24 05:37:40,43.1715469360352,-8.44031143188477,"Unknown"
"7014851",371865,2025-09-24 05:43:00,43.1716079711914,-8.43992710113525,"Unknown"
"7014851",371865,2025-09-24 05:47:42,43.1715812683105,-8.44048023223877,"Unknown"
"7014851",371865,2025-09-24 05:52:42,43.1716728210449,-8.4403829574585,"Unknown"
"7014851",371865,2025-09-24 05:57:42,43.1716804504395,-8.44024848937988,"Unknown"
"7014851",371865,2025-09-24 06:03:05,43.1717872619629,-8.44038867950439,"Unknown"
"7014851",371865,2025-09-24 06:07:36,43.1709022521973,-8.44717311859131,"Unknown"
"7014851",371865,2025-09-24 06:12:36,43.1442909240723,-8.46751689910889,"Unknown"
"7014851",371865,2025-09-24 06:17:38,43.1304397583008,-8.47114086151123,"Unknown"
"7014851",371865,2025-09-24 06:22:38,43.1304092407227,-8.47111988067627,"Unknown"
"7014851",371865,2025-09-24 06:27:37,43.1312713623047,-8.4721212387085,"Unknown"
"7014851",371865,2025-09-24 06:32:38,43.1311531066895,-8.47220039367676,"Unknown"
"7014851",371865,2025-09-24 06:37:40,43.1312484741211,-8.47243309020996,"Unknown"
"7014851",371865,2025-09-24 06:42:36,43.131160736084,-8.47211265563965,"Unknown"
"7014851",371865,2025-09-24 06:47:37,43.1313133239746,-8.4722146987915,"Unknown"
"7014851",371865,2025-09-24 06:52:36,43.131175994873,-8.47218990325928,"Unknown"
"7014851",371865,2025-09-24 06:57:37,43.131233215332,-8.47216320037842,"Unknown"
"7014851",371865,2025-09-24 07:02:36,43.1319274902344,-8.47088241577148,"Unknown"
"7014851",371865,2025-09-24 07:07:37,43.1318016052246,-8.47100162506104,"Unknown"
"7014851",371865,2025-09-24 07:12:36,43.1306495666504,-8.47224426269531,"Unknown"
"7014851",371865,2025-09-24 07:17:38,43.1333389282227,-8.47101783752441,"Unknown"
"7014851",371865,2025-09-24 07:22:36,43.1331214904785,-8.47185897827148,"Unknown"
"7014851",371865,2025-09-24 07:27:37,43.1332588195801,-8.47151660919189,"Unknown"
"7014851",371865,2025-09-24 07:32:38,43.1332817077637,-8.47124862670898,"Unknown"
"7014851",371865,2025-09-24 07:37:40,43.133129119873,-8.47100067138672,"Unknown"
"7014851",371865,2025-09-24 07:42:39,43.132942199707,-8.46918678283691,"Unknown"
"7014851",371865,2025-09-24 07:47:41,43.132926940918,-8.4691915512085,"Unknown"
"7014851",371865,2025-09-24 07:52:38,43.1326217651367,-8.46926975250244,"Unknown"
"7014851",371865,2025-09-24 07:57:36,43.1325302124023,-8.46934604644775,"Unknown"
"7014851",371865,2025-09-24 08:02:36,43.1325645446777,-8.46925735473633,"Unknown"
"7014851",371865,2025-09-24 08:07:36,43.1327133178711,-8.46910667419434,"Unknown"
"7014851",371865,2025-09-24 08:12:36,43.1327857971191,-8.46891403198242,"Unknown"
"7014851",371865,2025-09-24 08:17:36,43.1328315734863,-8.46893882751465,"Unknown"
"7014851",371865,2025-09-24 08:22:36,43.132698059082,-8.46887588500977,"Unknown"
"7014851",371865,2025-09-24 08:27:36,43.1327323913574,-8.46887493133545,"Unknown"
"7014851",371865,2025-09-24 08:32:36,43.1328506469727,-8.46885204315186,"Unknown"
"7014851",371865,2025-09-24 08:37:36,43.1325759887695,-8.46860885620117,"Unknown"
"7014851",371865,2025-09-24 08:42:36,43.132495880127,-8.46872615814209,"Unknown"
"7014851",371865,2025-09-24 08:47:36,43.1322784423828,-8.46919250488281,"Unknown"
"7014851",371865,2025-09-24 08:52:36,43.132209777832,-8.46925830841064,"Unknown"
"7014851",371865,2025-09-24 08:57:36,43.1326484680176,-8.46858882904053,"Unknown"
"7014851",371865,2025-09-24 09:02:36,43.1323165893555,-8.46914577484131,"Unknown"
"7014851",371865,2025-09-24 09:07:36,43.1323165893555,-8.46920013427734,"Unknown"
"7014851",371865,2025-09-24 09:12:37,43.1323318481445,-8.46908950805664,"Unknown"
"7014851",371865,2025-09-24 09:17:37,43.1324691772461,-8.46902084350586,"Unknown"
"7014851",371865,2025-09-24 09:22:36,43.1327476501465,-8.46878051757812,"Unknown"
"7014851",371865,2025-09-24 09:27:36,43.1327247619629,-8.46890258789062,"Unknown"
"7014851",371865,2025-09-24 09:32:36,43.1327018737793,-8.46892929077148,"Unknown"
"7014851",371865,2025-09-24 09:37:37,43.1328010559082,-8.46862888336182,"Unknown"
"7014851",371865,2025-09-24 09:42:37,43.1327285766602,-8.46872138977051,"Unknown"
"7014851",371865,2025-09-24 09:47:37,43.1328201293945,-8.46842193603516,"Unknown"
"7014851",371865,2025-09-24 09:52:36,43.1328735351562,-8.46844577789307,"Unknown"
"7014851",371865,2025-09-24 09:57:36,43.1328773498535,-8.46846866607666,"Unknown"
"7014851",371865,2025-09-24 10:02:37,43.1329193115234,-8.46830558776855,"Unknown"
"7014851",371865,2025-09-24 10:07:37,43.1331062316895,-8.46825695037842,"Unknown"
"7014851",371865,2025-09-24 10:12:37,43.1330604553223,-8.46825790405273,"Unknown"
"7014851",371865,2025-09-24 10:17:37,43.1330718994141,-8.46828079223633,"Unknown"
"7014851",371865,2025-09-24 10:22:37,43.1330070495605,-8.46840286254883,"Unknown"
"7014851",371865,2025-09-24 10:27:37,43.1329078674316,-8.46853733062744,"Unknown"
"7014851",371865,2025-09-24 10:32:40,43.1329383850098,-8.46851253509521,"Unknown"
"7014851",371865,2025-09-24 10:37:39,43.1328582763672,-8.46860122680664,"Unknown"
"7014851",371865,2025-09-24 10:42:37,43.1328392028809,-8.46866321563721,"Unknown"
"7014851",371865,2025-09-24 10:47:37,43.1328086853027,-8.46867847442627,"Unknown"
"7014851",371865,2025-09-24 10:52:38,43.1331367492676,-8.46860408782959,"Unknown"
"7014851",371865,2025-09-24 10:57:38,43.1329917907715,-8.46866607666016,"Unknown"
"7014851",371865,2025-09-24 11:02:39,43.1330032348633,-8.46873092651367,"Unknown"
"7014851",371865,2025-09-24 11:07:38,43.1328964233398,-8.46879482269287,"Unknown"
"7014851",371865,2025-09-24 11:12:37,43.133186340332,-8.46884727478027,"Unknown"
"7014851",371865,2025-09-24 11:17:38,43.1328239440918,-8.46883392333984,"Unknown"
"7014851",371865,2025-09-24 11:22:37,43.1332550048828,-8.46895885467529,"Unknown"
"7014851",371865,2025-09-24 11:27:40,43.133472442627,-8.46916103363037,"Unknown"
"7014851",371865,2025-09-24 11:32:42,43.1328315734863,-8.46883487701416,"Unknown"
"7014851",371865,2025-09-24 11:37:37,43.1326446533203,-8.46885967254639,"Unknown"
"7014851",371865,2025-09-24 11:42:37,43.1325988769531,-8.46880149841309,"Unknown"
"7014851",371865,2025-09-24 11:47:40,43.131591796875,-8.46792697906494,"Unknown"
"7014851",371865,2025-09-24 11:52:42,43.1325073242188,-8.46863651275635,"Unknown"
"7014851",371865,2025-09-24 11:57:39,43.132568359375,-8.46881294250488,"Unknown"
"7014851",371865,2025-09-24 12:02:37,43.1323013305664,-8.4685115814209,"Unknown"
"7014851",371865,2025-09-24 12:07:39,43.1324157714844,-8.46850681304932,"Unknown"
"7014851",371865,2025-09-24 12:12:42,43.1325149536133,-8.46880912780762,"Unknown"
"7014851",371865,2025-09-24 12:17:41,43.132381439209,-8.46856498718262,"Unknown"
"7014851",371865,2025-09-24 12:22:42,43.1325149536133,-8.46878528594971,"Unknown"
"7014851",371865,2025-09-24 12:27:39,43.1320724487305,-8.46799659729004,"Unknown"
"7014851",371865,2025-09-24 12:32:41,43.1320152282715,-8.46784114837646,"Unknown"
"7014851",371865,2025-09-24 12:37:45,43.132453918457,-8.46851825714111,"Unknown"
"7014851",371865,2025-09-24 12:42:47,43.1327896118164,-8.46860218048096,"Unknown"
"7014851",371865,2025-09-24 12:47:42,43.1325340270996,-8.46850299835205,"Unknown"
"7014851",371865,2025-09-24 12:52:39,43.1321411132812,-8.46813869476318,"Unknown"
"7014851",371865,2025-09-24 12:57:41,43.1327438354492,-8.46905040740967,"Unknown"
"7014851",371865,2025-09-24 13:02:45,43.1328048706055,-8.46862030029297,"Unknown"
"7014851",371865,2025-09-24 13:07:40,43.132942199707,-8.46936416625977,"Unknown"
"7014851",371865,2025-09-24 13:12:49,43.1326026916504,-8.46857929229736,"Unknown"
"7014851",371865,2025-09-24 13:17:38,43.1327667236328,-8.46865558624268,"Unknown"
"7014851",371865,2025-09-24 13:22:45,43.1326446533203,-8.46843338012695,"Unknown"
"7014851",371865,2025-09-24 13:27:48,43.1326065063477,-8.46867561340332,"Unknown"
"7014851",371865,2025-09-24 13:32:39,43.1328239440918,-8.46849250793457,"Unknown"
"7014851",371865,2025-09-24 13:37:45,43.1327972412109,-8.46847248077393,"Unknown"
"7014851",371865,2025-09-24 13:42:42,43.1322975158691,-8.46689796447754,"Unknown"
"7014851",371865,2025-09-24 13:47:40,43.1326751708984,-8.46815395355225,"Unknown"
"7014851",371865,2025-09-24 13:52:43,43.1328315734863,-8.46846199035645,"Unknown"
"7014851",371865,2025-09-24 13:57:41,43.1329956054688,-8.46914482116699,"Unknown"
"7014851",371865,2025-09-24 14:02:47,43.1328086853027,-8.46852684020996,"Unknown"
"7014851",371865,2025-09-24 14:07:49,43.1328163146973,-8.46848583221436,"Unknown"
"7014851",371865,2025-09-24 14:12:42,43.1328048706055,-8.46856689453125,"Unknown"
"7014851",371865,2025-09-24 14:17:42,43.1328392028809,-8.46866798400879,"Unknown"
"7014851",371865,2025-09-24 14:22:46,43.1327934265137,-8.4684944152832,"Unknown"
"7014851",371865,2025-09-24 14:27:40,43.1327781677246,-8.46855735778809,"Unknown"
"7014851",371865,2025-09-24 14:32:42,43.1328201293945,-8.46860218048096,"Unknown"
"7014851",371865,2025-09-24 14:38:04,43.1327133178711,-8.46877956390381,"Unknown"
"7014851",371865,2025-09-24 14:42:39,43.1326103210449,-8.46871948242188,"Unknown"
"7014851",371865,2025-09-24 14:47:36,43.1324806213379,-8.46877098083496,"Unknown"
"7014851",371865,2025-09-24 14:52:38,43.1319160461426,-8.46852016448975,"Unknown"
"7014851",371865,2025-09-24 14:57:40,43.1323471069336,-8.46871852874756,"Unknown"
"7014851",371865,2025-09-24 15:02:39,43.1326026916504,-8.46882820129395,"Unknown"
"7014851",371865,2025-09-24 15:07:41,43.132625579834,-8.46885299682617,"Unknown"
"7014851",371865,2025-09-24 15:12:48,43.1325759887695,-8.4687385559082,"Unknown"
"7014851",371865,2025-09-24 15:17:48,43.1335716247559,-8.47007751464844,"Unknown"
"7014851",371865,2025-09-24 15:22:39,43.1334495544434,-8.46993160247803,"Unknown"
"7014851",371865,2025-09-24 15:27:37,43.1334571838379,-8.46971225738525,"Unknown"
"7014851",371865,2025-09-24 15:32:36,43.1333198547363,-8.46969413757324,"Unknown"
"7014851",371865,2025-09-24 15:37:42,43.133861541748,-8.47089004516602,"Unknown"
"7014851",371865,2025-09-24 15:42:37,43.1326904296875,-8.47007179260254,"Unknown"
"7014851",371865,2025-09-24 15:47:38,43.1298408508301,-8.4701623916626,"Unknown"
"7014851",371865,2025-09-24 15:52:39,43.1298980712891,-8.46997451782227,"Unknown"
"7014851",371865,2025-09-24 15:57:36,43.1300811767578,-8.47002029418945,"Unknown"
"7014851",371865,2025-09-24 16:02:43,43.1300048828125,-8.47019386291504,"Unknown"
"7014851",371865,2025-09-24 16:07:38,43.1300201416016,-8.4701509475708,"Unknown"
"7014851",371865,2025-09-24 16:12:36,43.1299819946289,-8.46997356414795,"Unknown"
"7014851",371865,2025-09-24 16:17:36,43.130012512207,-8.47010135650635,"Unknown"
"7014851",371865,2025-09-24 16:22:37,43.1298408508301,-8.47072696685791,"Unknown"
"7014851",371865,2025-09-24 16:27:39,43.1300392150879,-8.47029590606689,"Unknown"
"7014851",371865,2025-09-24 16:32:43,43.1300277709961,-8.47007846832275,"Unknown"
"7014851",371865,2025-09-24 16:37:39,43.1300468444824,-8.47014808654785,"Unknown"
"7014851",371865,2025-09-24 16:42:47,43.1301383972168,-8.47007274627686,"Unknown"
"7014851",371865,2025-09-24 16:48:04,43.1299209594727,-8.47029972076416,"Unknown"
"7014851",371865,2025-09-24 16:52:39,43.1299133300781,-8.47036075592041,"Unknown"
"7014851",371865,2025-09-24 16:57:37,43.1300086975098,-8.47029495239258,"Unknown"
"7014851",371865,2025-09-24 17:02:40,43.1301460266113,-8.47033500671387,"Unknown"
"7014851",371865,2025-09-24 17:07:38,43.1299514770508,-8.4704065322876,"Unknown"
"7014851",371865,2025-09-24 17:12:41,43.1298980712891,-8.47028923034668,"Unknown"
"7014851",371865,2025-09-24 17:17:39,43.130126953125,-8.47023487091064,"Unknown"
"7014851",371865,2025-09-24 17:22:38,43.1300926208496,-8.47033786773682,"Unknown"
"7014851",371865,2025-09-24 17:27:37,43.1300010681152,-8.47031497955322,"Unknown"
"7014851",371865,2025-09-24 17:32:41,43.130069732666,-8.47035312652588,"Unknown"
"7014851",371865,2025-09-24 17:37:38,43.130313873291,-8.47005844116211,"Unknown"
"7014851",371865,2025-09-24 17:42:38,43.1302185058594,-8.47002601623535,"Unknown"
"7014851",371865,2025-09-24 17:47:43,43.1303405761719,-8.46992015838623,"Unknown"
"7014851",371865,2025-09-24 17:52:37,43.1302223205566,-8.46997833251953,"Unknown"
"7014851",371865,2025-09-24 17:57:43,43.1298522949219,-8.47091007232666,"Unknown"
"7014851",371865,2025-09-24 18:03:02,43.1300811767578,-8.47029304504395,"Unknown"
"7014851",371865,2025-09-24 18:07:35,43.1307754516602,-8.47108173370361,"Unknown"
"7014851",371865,2025-09-24 18:12:35,43.1307601928711,-8.47102069854736,"Unknown"
"7014851",371865,2025-09-24 18:17:35,43.1307334899902,-8.47107601165771,"Unknown"
"7014851",371865,2025-09-24 18:22:36,43.1305313110352,-8.47109413146973,"Unknown"
"7014851",371865,2025-09-24 18:28:43,43.1305770874023,-8.47081565856934,"Unknown"
"7014851",371865,2025-09-24 18:32:36,43.1305809020996,-8.47087574005127,"Unknown"
"7014851",371865,2025-09-24 18:37:36,43.1297836303711,-8.47084903717041,"Unknown"
"7014851",371865,2025-09-24 18:43:03,43.130012512207,-8.4708080291748,"Unknown"
"7014851",371865,2025-09-24 18:47:35,43.1398696899414,-8.46888828277588,"Unknown"
"7014851",371865,2025-09-24 18:52:36,43.1579132080078,-8.45941066741943,"Unknown"
"7014851",371865,2025-09-24 18:57:39,43.1748924255371,-8.43745994567871,"Unknown"
"7014851",371865,2025-09-24 19:02:37,43.1937370300293,-8.4215784072876,"Unknown"
"7014851",371865,2025-09-24 19:07:37,43.1931381225586,-8.42247772216797,"Unknown"
"7014851",371865,2025-09-24 19:12:40,43.1933212280273,-8.42220020294189,"Unknown"
"7014851",371865,2025-09-24 19:17:36,43.1932754516602,-8.42212009429932,"Unknown"
"7014851",371865,2025-09-24 19:22:36,43.1930809020996,-8.42203140258789,"Unknown"
"7014851",371865,2025-09-24 19:27:36,43.1901168823242,-8.42376136779785,"Unknown"
"7014851",371865,2025-09-24 19:32:37,43.1718063354492,-8.44015216827393,"Unknown"
"7014851",371865,2025-09-24 19:37:37,43.1713790893555,-8.44038009643555,"Unknown"
"7014851",371865,2025-09-24 19:42:37,43.1714096069336,-8.44027328491211,"Unknown"
"7014851",371865,2025-09-24 19:47:37,43.1714248657227,-8.44020652770996,"Unknown"
"7014851",371865,2025-09-24 19:52:36,43.1714515686035,-8.44023990631104,"Unknown"
"7014851",371865,2025-09-24 19:57:35,43.1715507507324,-8.44022560119629,"Unknown"
"7014851",371865,2025-09-24 20:02:37,43.1713180541992,-8.44034385681152,"Unknown"
"7014851",371865,2025-09-24 20:07:37,43.1713371276855,-8.44018363952637,"Unknown"
"7014851",371865,2025-09-24 20:12:36,43.1716804504395,-8.44016075134277,"Unknown"
"7014851",371865,2025-09-24 20:17:38,43.1717109680176,-8.44032859802246,"Unknown"
"7014851",371865,2025-09-24 20:22:36,43.1717262268066,-8.44004058837891,"Unknown"
"7014851",371865,2025-09-24 20:27:39,43.171443939209,-8.44004821777344,"Unknown"
"7014851",371865,2025-09-24 20:32:38,43.171459197998,-8.44013500213623,"Unknown"
"7014851",371865,2025-09-24 20:37:37,43.1715965270996,-8.44010543823242,"Unknown"
"7014851",371865,2025-09-24 20:42:38,43.1713523864746,-8.44035148620605,"Unknown"
"7014851",371865,2025-09-24 20:47:36,43.1728210449219,-8.44142150878906,"Unknown"
"7014851",371865,2025-09-24 20:52:43,43.171875,-8.44037532806396,"Unknown"
"7014851",371865,2025-09-24 20:57:36,43.1720008850098,-8.44042015075684,"Unknown"
"7014851",371865,2025-09-24 21:02:37,43.1720352172852,-8.44047164916992,"Unknown"
"7014851",371865,2025-09-24 21:07:36,43.1720581054688,-8.44040298461914,"Unknown"
"7014851",371865,2025-09-24 21:12:40,43.1719932556152,-8.44069004058838,"Unknown"
"7014851",371865,2025-09-24 21:17:35,43.1721115112305,-8.44046497344971,"Unknown"
"7014851",371865,2025-09-24 21:22:35,43.171459197998,-8.44015502929688,"Unknown"
"7014851",371865,2025-09-24 21:27:36,43.1722564697266,-8.44129848480225,"Unknown"
"7014851",371865,2025-09-24 21:32:37,43.1713409423828,-8.43985557556152,"Unknown"
"7014851",371865,2025-09-24 21:37:43,43.1713829040527,-8.43981266021729,"Unknown"
"7014851",371865,2025-09-24 21:42:42,43.1714897155762,-8.43983459472656,"Unknown"
"7014851",371865,2025-09-24 21:47:39,43.1714134216309,-8.43984794616699,"Unknown"
"7014851",371865,2025-09-24 21:52:36,43.1714401245117,-8.43972492218018,"Unknown"
"7014851",371865,2025-09-24 21:57:38,43.1715087890625,-8.43980503082275,"Unknown"
"7014851",371865,2025-09-24 22:02:40,43.1715774536133,-8.43997669219971,"Unknown"
"7014851",371865,2025-09-24 22:07:41,43.1712646484375,-8.43936824798584,"Unknown"
"7014851",371865,2025-09-24 22:12:38,43.1714897155762,-8.4402961730957,"Unknown"
"7014851",371865,2025-09-24 22:17:39,43.1715087890625,-8.44027996063232,"Unknown"
"7014851",371865,2025-09-24 22:22:37,43.1716537475586,-8.44087886810303,"Unknown"
"7014851",371865,2025-09-24 22:27:38,43.1715507507324,-8.44046020507812,"Unknown"
"7014851",371865,2025-09-24 22:32:36,43.1716613769531,-8.44061470031738,"Unknown"
"7014851",371865,2025-09-24 22:37:39,43.1717758178711,-8.440749168396,"Unknown"
"7014851",371865,2025-09-24 22:42:38,43.1714820861816,-8.44030475616455,"Unknown"
"7014851",371865,2025-09-24 22:47:43,43.1715774536133,-8.44038105010986,"Unknown"
"7014851",371865,2025-09-24 22:52:46,43.1719169616699,-8.44052982330322,"Unknown"
"7014851",371865,2025-09-24 22:58:01,43.1716575622559,-8.44023609161377,"Unknown"
"7014851",371865,2025-09-24 23:02:36,43.1716194152832,-8.44034290313721,"Unknown"
"7014851",371865,2025-09-24 23:07:38,43.1715965270996,-8.44027709960938,"Unknown"
"7014851",371865,2025-09-24 23:12:36,43.1714515686035,-8.44039630889893,"Unknown"
"7014851",371865,2025-09-24 23:17:35,43.1714057922363,-8.44038772583008,"Unknown"
"7014851",371865,2025-09-24 23:22:36,43.1715774536133,-8.44038391113281,"Unknown"
"7014851",371865,2025-09-24 23:27:36,43.171573638916,-8.44028759002686,"Unknown"
"7014851",371865,2025-09-24 23:32:34,43.1716079711914,-8.44041347503662,"Unknown"
"7014851",371865,2025-09-24 23:37:36,43.171516418457,-8.44043922424316,"Unknown"
"7014851",371865,2025-09-24 23:42:36,43.1714668273926,-8.44042110443115,"Unknown"
"7014851",371865,2025-09-24 23:47:37,43.1715240478516,-8.44057846069336,"Unknown"
"7014851",371865,2025-09-24 23:52:39,43.1715049743652,-8.44058227539062,"Unknown"
"7014851",371865,2025-09-24 23:57:37,43.171501159668,-8.44059371948242,"Unknown"
"7014851",371865,2025-09-25 00:02:35,43.1716766357422,-8.44068622589111,"Unknown"
"7014851",371865,2025-09-25 00:07:37,43.1717224121094,-8.44038867950439,"Unknown"
"7014851",371865,2025-09-25 00:12:37,43.1716995239258,-8.44057750701904,"Unknown"
"7014851",371865,2025-09-25 00:17:36,43.1717758178711,-8.44070911407471,"Unknown"
"7014851",371865,2025-09-25 00:22:39,43.1720848083496,-8.44125366210938,"Unknown"
"7014851",371865,2025-09-25 00:27:39,43.1720771789551,-8.4411792755127,"Unknown"
"7014851",371865,2025-09-25 00:32:36,43.1717071533203,-8.44077777862549,"Unknown"
"7014851",371865,2025-09-25 00:37:36,43.1727066040039,-8.43905735015869,"Unknown"
"7014851",371865,2025-09-25 00:42:40,43.1725959777832,-8.4389476776123,"Unknown"
"7014851",371865,2025-09-25 00:47:40,43.1727180480957,-8.43932056427002,"Unknown"
"7014851",371865,2025-09-25 00:52:38,43.1727333068848,-8.43962097167969,"Unknown"
"7014851",371865,2025-09-25 00:57:37,43.172679901123,-8.43935680389404,"Unknown"
"7014851",371865,2025-09-25 01:02:37,43.1720390319824,-8.44044589996338,"Unknown"
"7014851",371865,2025-09-25 01:07:38,43.1718635559082,-8.43965244293213,"Unknown"
"7014851",371865,2025-09-25 01:12:36,43.1718406677246,-8.44009399414062,"Unknown"
"7014851",371865,2025-09-25 01:17:40,43.1719398498535,-8.44135665893555,"Unknown"
"7014851",371865,2025-09-25 01:22:43,43.1714820861816,-8.44052982330322,"Unknown"
"7014851",371865,2025-09-25 01:27:44,43.1718711853027,-8.43962669372559,"Unknown"
"7014851",371865,2025-09-25 01:32:40,43.1719436645508,-8.44113922119141,"Unknown"
"7014851",371865,2025-09-25 01:37:39,43.1718864440918,-8.4410343170166,"Unknown"
"7014851",371865,2025-09-25 01:42:35,43.1720771789551,-8.44091892242432,"Unknown"
"7014851",371865,2025-09-25 01:47:36,43.1722145080566,-8.44097900390625,"Unknown"
"7014851",371865,2025-09-25 01:52:42,43.1724510192871,-8.43965625762939,"Unknown"
"7014851",371865,2025-09-25 01:57:41,43.1721038818359,-8.43845558166504,"Unknown"
"7014851",371865,2025-09-25 02:02:43,43.1719360351562,-8.43882083892822,"Unknown"
"7014851",371865,2025-09-25 02:07:50,43.1717071533203,-8.43907833099365,"Unknown"
"7014851",371865,2025-09-25 02:12:43,43.1724853515625,-8.4403190612793,"Unknown"
"7014851",371865,2025-09-25 02:17:48,43.1724662780762,-8.44047164916992,"Unknown"
"7014851",371865,2025-09-25 02:22:44,43.1723556518555,-8.43989849090576,"Unknown"
"7014851",371865,2025-09-25 02:27:39,43.1723594665527,-8.43970108032227,"Unknown"
"7014851",371865,2025-09-25 02:32:41,43.1705894470215,-8.43539714813232,"Unknown"
"7014851",371865,2025-09-25 02:37:44,43.1722145080566,-8.43977069854736,"Unknown"
"7014851",371865,2025-09-25 02:42:40,43.1722297668457,-8.43972682952881,"Unknown"
"7014851",371865,2025-09-25 02:48:04,43.1722450256348,-8.43888378143311,"Unknown"
"7014851",371865,2025-09-25 02:52:36,43.1722373962402,-8.43881034851074,"Unknown"
"7014851",371865,2025-09-25 02:57:35,43.1722640991211,-8.43887805938721,"Unknown"
"7014851",371865,2025-09-25 03:02:35,43.1722106933594,-8.43878269195557,"Unknown"
"7014851",371865,2025-09-25 03:07:39,43.1722640991211,-8.43871212005615,"Unknown"
"7014851",371865,2025-09-25 03:12:37,43.1723098754883,-8.4387731552124,"Unknown"
"7014851",371865,2025-09-25 03:17:36,43.1722145080566,-8.43873119354248,"Unknown"
"7014851",371865,2025-09-25 03:22:36,43.1723098754883,-8.43875980377197,"Unknown"
"7014851",371865,2025-09-25 03:27:36,43.1721420288086,-8.43859672546387,"Unknown"
"7014851",371865,2025-09-25 03:32:38,43.1721954345703,-8.43867588043213,"Unknown"
"7014851",371865,2025-09-25 03:37:39,43.1723976135254,-8.43877506256104,"Unknown"
"7014851",371865,2025-09-25 03:42:39,43.1726112365723,-8.43879413604736,"Unknown"
"7014851",371865,2025-09-25 03:47:54,43.1712188720703,-8.43791198730469,"Unknown"
"7014851",371865,2025-09-25 03:52:42,43.1721611022949,-8.43853855133057,"Unknown"
"7014851",371865,2025-09-25 03:57:39,43.1726379394531,-8.43891906738281,"Unknown"
"7014851",371865,2025-09-25 04:03:05,43.1723442077637,-8.43874073028564,"Unknown"
"7014851",371865,2025-09-25 04:07:34,43.1722717285156,-8.4388542175293,"Unknown"
"7014851",371865,2025-09-25 04:12:34,43.1722679138184,-8.43880653381348,"Unknown"
"7014851",371865,2025-09-25 04:17:34,43.1722869873047,-8.43877029418945,"Unknown"
"7014851",371865,2025-09-25 04:22:37,43.1722946166992,-8.4387674331665,"Unknown"
"7014851",371865,2025-09-25 04:27:34,43.1722640991211,-8.43882846832275,"Unknown"
"7014851",371865,2025-09-25 04:32:36,43.1722793579102,-8.43874454498291,"Unknown"
"7014851",371865,2025-09-25 04:37:36,43.1722602844238,-8.43879508972168,"Unknown"
"7014851",371865,2025-09-25 04:42:34,43.1722946166992,-8.43878555297852,"Unknown"
"7014851",371865,2025-09-25 04:47:36,43.1722984313965,-8.43875503540039,"Unknown"
"7014851",371865,2025-09-25 04:52:37,43.1722946166992,-8.43878841400146,"Unknown"
"7014851",371865,2025-09-25 04:57:37,43.1723022460938,-8.43874454498291,"Unknown"
"7014851",371865,2025-09-25 05:02:34,43.1722946166992,-8.43881034851074,"Unknown"
"7014851",371865,2025-09-25 05:07:35,43.1722869873047,-8.43878269195557,"Unknown"
"7014851",371865,2025-09-25 05:12:35,43.1723022460938,-8.43874359130859,"Unknown"
"7014851",371865,2025-09-25 05:17:35,43.1723022460938,-8.43880844116211,"Unknown"
"7014851",371865,2025-09-25 05:22:35,43.172306060791,-8.43875122070312,"Unknown"
"7014851",371865,2025-09-25 05:27:36,43.1722755432129,-8.4387845993042,"Unknown"
"7014851",371865,2025-09-25 05:32:36,43.17236328125,-8.43878650665283,"Unknown"
"7014851",371865,2025-09-25 05:37:36,43.1722602844238,-8.43873882293701,"Unknown"
"7014851",371865,2025-09-25 05:42:34,43.1723480224609,-8.43873691558838,"Unknown"
"7014851",371865,2025-09-25 05:47:35,43.1724014282227,-8.43876934051514,"Unknown"
"7014851",371865,2025-09-25 05:52:35,43.1727867126465,-8.43921852111816,"Unknown"
"7014851",371865,2025-09-25 05:57:37,43.1449699401855,-8.46284008026123,"Unknown"
"7014851",371865,2025-09-25 06:02:35,43.1314277648926,-8.47043895721436,"Unknown"
"7014851",371865,2025-09-25 06:07:36,43.1324653625488,-8.46968555450439,"Unknown"
"7014851",371865,2025-09-25 06:12:36,43.1325149536133,-8.46945285797119,"Unknown"
"7014851",371865,2025-09-25 06:17:40,43.1323738098145,-8.46959400177002,"Unknown"
"7014851",371865,2025-09-25 06:22:39,43.1322555541992,-8.46957206726074,"Unknown"
"7014851",371865,2025-09-25 06:27:39,43.1326751708984,-8.4697322845459,"Unknown"
"7014851",371865,2025-09-25 06:32:39,43.1328430175781,-8.46968936920166,"Unknown"
"7014851",371865,2025-09-25 06:37:37,43.1303749084473,-8.47119903564453,"Unknown"
"7014851",371865,2025-09-25 06:42:37,43.1304893493652,-8.47098159790039,"Unknown"
"7014851",371865,2025-09-25 06:47:38,43.1308555603027,-8.47109889984131,"Unknown"
"7014851",371865,2025-09-25 06:52:38,43.1308441162109,-8.47122287750244,"Unknown"
"7014851",371865,2025-09-25 06:57:38,43.1308135986328,-8.47116374969482,"Unknown"
"7014851",371865,2025-09-25 07:02:35,43.1303863525391,-8.47131538391113,"Unknown"
"7014851",371865,2025-09-25 07:07:39,43.1307830810547,-8.47121620178223,"Unknown"
"7014851",371865,2025-09-25 07:12:42,43.1306800842285,-8.47115802764893,"Unknown"
"7014851",371865,2025-09-25 07:17:43,43.1309967041016,-8.47189426422119,"Unknown"
"7014851",371865,2025-09-25 07:22:36,43.1309394836426,-8.471848487854,"Unknown"
"7014851",371865,2025-09-25 07:27:40,43.1309127807617,-8.47185039520264,"Unknown"
"7014851",371865,2025-09-25 07:32:37,43.1308174133301,-8.47187805175781,"Unknown"
"7014851",371865,2025-09-25 07:38:14,43.1304550170898,-8.47048282623291,"Unknown"
"7014851",371865,2025-09-25 07:43:17,43.1304359436035,-8.47054672241211,"Unknown"
"7014851",371865,2025-09-25 07:48:04,43.1304817199707,-8.47109985351562,"Unknown"
"7014851",371865,2025-09-25 07:52:37,43.1303901672363,-8.47092914581299,"Unknown"
"7014851",371865,2025-09-25 07:57:37,43.1303100585938,-8.47100830078125,"Unknown"
"7014851",371865,2025-09-25 08:02:38,43.1302490234375,-8.47089672088623,"Unknown"
"7014851",371865,2025-09-25 08:07:37,43.1301498413086,-8.47070980072021,"Unknown"
"7014851",371865,2025-09-25 08:12:56,43.1307945251465,-8.47145175933838,"Unknown"
"7014851",371865,2025-09-25 08:17:41,43.1294364929199,-8.47126865386963,"Unknown"
"7014851",371865,2025-09-25 08:22:36,43.1295433044434,-8.47138118743896,"Unknown"
"7014851",371865,2025-09-25 08:27:36,43.1294822692871,-8.47114753723145,"Unknown"
"7014851",371865,2025-09-25 08:32:36,43.1292419433594,-8.47092723846436,"Unknown"
"7014851",371865,2025-09-25 08:37:36,43.1294555664062,-8.4711389541626,"Unknown"
"7014851",371865,2025-09-25 08:42:35,43.1292343139648,-8.4708194732666,"Unknown"
"7014851",371865,2025-09-25 08:47:35,43.1292877197266,-8.47091484069824,"Unknown"
"7014851",371865,2025-09-25 08:52:35,43.1293678283691,-8.47101497650146,"Unknown"
"7014851",371865,2025-09-25 08:57:35,43.129280090332,-8.47089099884033,"Unknown"
"7014851",371865,2025-09-25 09:02:35,43.1293449401855,-8.47096347808838,"Unknown"
"7014851",371865,2025-09-25 09:07:35,43.1292152404785,-8.47074794769287,"Unknown"
"7014851",371865,2025-09-25 09:12:35,43.1293182373047,-8.47099304199219,"Unknown"
"7014851",371865,2025-09-25 09:17:43,43.1294021606445,-8.47090339660645,"Unknown"
"7014851",371865,2025-09-25 09:22:43,43.1287078857422,-8.47000217437744,"Unknown"
"7014851",371865,2025-09-25 09:27:48,43.128978729248,-8.47049331665039,"Unknown"
"7014851",371865,2025-09-25 09:32:52,43.1290740966797,-8.47068500518799,"Unknown"
"7014851",371865,2025-09-25 09:37:47,43.1298217773438,-8.46959400177002,"Unknown"
"7014851",371865,2025-09-25 09:42:38,43.1297035217285,-8.46949672698975,"Unknown"
"7014851",371865,2025-09-25 09:48:02,43.1298408508301,-8.46969890594482,"Unknown"
"7014851",371865,2025-09-25 09:52:34,43.129825592041,-8.46968841552734,"Unknown"
"7014851",371865,2025-09-25 09:57:34,43.1298904418945,-8.46962833404541,"Unknown"
"7014851",371865,2025-09-25 10:02:34,43.129825592041,-8.46973133087158,"Unknown"
"7014851",371865,2025-09-25 10:07:34,43.1298446655273,-8.46963214874268,"Unknown"
"7014851",371865,2025-09-25 10:12:34,43.1298408508301,-8.46957588195801,"Unknown"
"7014851",371865,2025-09-25 10:17:34,43.1298141479492,-8.46968078613281,"Unknown"
"7014851",371865,2025-09-25 10:22:34,43.1298408508301,-8.46970558166504,"Unknown"
"7014851",371865,2025-09-25 10:27:34,43.1298332214355,-8.46971035003662,"Unknown"
"7014851",371865,2025-09-25 10:32:34,43.1298141479492,-8.46967792510986,"Unknown"
"7014851",371865,2025-09-25 10:37:34,43.1298713684082,-8.46970176696777,"Unknown"
"7014851",371865,2025-09-25 10:42:34,43.1298599243164,-8.46973609924316,"Unknown"
"7014851",371865,2025-09-25 10:47:34,43.1298637390137,-8.46962451934814,"Unknown"
"7014851",371865,2025-09-25 10:52:36,43.1297607421875,-8.46968269348145,"Unknown"
"7014851",371865,2025-09-25 10:57:34,43.1298675537109,-8.46965789794922,"Unknown"
"7014851",371865,2025-09-25 11:02:34,43.1297988891602,-8.46969795227051,"Unknown"
"7014851",371865,2025-09-25 11:07:35,43.1296882629395,-8.46965026855469,"Unknown"
"7014851",371865,2025-09-25 11:12:34,43.1297607421875,-8.46962261199951,"Unknown"
"7014851",371865,2025-09-25 11:17:35,43.129753112793,-8.46964645385742,"Unknown"
"7014851",371865,2025-09-25 11:22:40,43.1297035217285,-8.4696626663208,"Unknown"
"7014851",371865,2025-09-25 11:27:35,43.1296577453613,-8.46967697143555,"Unknown"
"7014851",371865,2025-09-25 11:32:37,43.1294860839844,-8.47003936767578,"Unknown"
"7014851",371865,2025-09-25 11:37:37,43.1294326782227,-8.46990013122559,"Unknown"
"7014851",371865,2025-09-25 11:42:38,43.1293830871582,-8.4698429107666,"Unknown"
"7014851",371865,2025-09-25 11:47:35,43.1294937133789,-8.46997165679932,"Unknown"
"7014851",371865,2025-09-25 11:52:35,43.1294822692871,-8.4699535369873,"Unknown"
"7014851",371865,2025-09-25 11:57:35,43.1295738220215,-8.47006416320801,"Unknown"
"7014851",371865,2025-09-25 12:02:34,43.1295700073242,-8.47003936767578,"Unknown"
"7014851",371865,2025-09-25 12:07:35,43.1296005249023,-8.4701099395752,"Unknown"
"7014851",371865,2025-09-25 12:12:37,43.1297149658203,-8.47061443328857,"Unknown"
"7014851",371865,2025-09-25 12:17:39,43.1296653747559,-8.47041702270508,"Unknown"
"7014851",371865,2025-09-25 12:23:02,43.1293678283691,-8.46984958648682,"Unknown"
"7014851",371865,2025-09-25 12:27:34,43.1294441223145,-8.47005939483643,"Unknown"
"7014851",371865,2025-09-25 12:32:34,43.1294212341309,-8.47003269195557,"Unknown"
"7014851",371865,2025-09-25 12:37:34,43.1293563842773,-8.47012805938721,"Unknown"
"7014851",371865,2025-09-25 12:42:36,43.1293640136719,-8.47010612487793,"Unknown"
"7014851",371865,2025-09-25 12:47:41,43.1295433044434,-8.47004795074463,"Unknown"
"7014851",371865,2025-09-25 12:52:35,43.1292762756348,-8.47017955780029,"Unknown"
"7014851",371865,2025-09-25 12:57:36,43.1294631958008,-8.47006893157959,"Unknown"
"7014851",371865,2025-09-25 13:02:35,43.1293487548828,-8.47006797790527,"Unknown"
"7014851",371865,2025-09-25 13:07:35,43.1293754577637,-8.47002983093262,"Unknown"
"7014851",371865,2025-09-25 13:12:35,43.1280517578125,-8.47544956207275,"Unknown"
"7014851",371865,2025-09-25 13:17:36,43.1089324951172,-8.4918212890625,"Unknown"
"7014851",371865,2025-09-25 13:22:37,43.0994758605957,-8.49873733520508,"Unknown"
"7014851",371865,2025-09-25 13:27:35,43.0997543334961,-8.49916458129883,"Unknown"
"7014851",371865,2025-09-25 13:32:36,43.1000595092773,-8.49969291687012,"Unknown"
"7014851",371865,2025-09-25 13:37:35,43.1002578735352,-8.49985408782959,"Unknown"
"7014851",371865,2025-09-25 13:42:34,43.1005249023438,-8.49993228912354,"Unknown"
"7014851",371865,2025-09-25 13:47:41,43.1008834838867,-8.499680519104,"Unknown"
"7014851",371865,2025-09-25 13:52:36,43.100887298584,-8.49973297119141,"Unknown"
"7014851",371865,2025-09-25 13:57:41,43.1009368896484,-8.49964714050293,"Unknown"
"7014851",371865,2025-09-25 14:02:43,43.1200752258301,-8.48273086547852,"Unknown"
"7014851",371865,2025-09-25 14:07:42,43.1298522949219,-8.47015571594238,"Unknown"
"7014851",371865,2025-09-25 14:12:40,43.1299057006836,-8.47014236450195,"Unknown"
"7014851",371865,2025-09-25 14:17:39,43.1298942565918,-8.47008609771729,"Unknown"
"7014851",371865,2025-09-25 14:22:37,43.1296997070312,-8.47014808654785,"Unknown"
"7014851",371865,2025-09-25 14:27:34,43.1298789978027,-8.4700345993042,"Unknown"
"7014851",371865,2025-09-25 14:32:34,43.1298751831055,-8.4700231552124,"Unknown"
"7014851",371865,2025-09-25 14:38:05,43.1322746276855,-8.46832275390625,"Unknown"
"7014851",371865,2025-09-25 14:42:34,43.1322975158691,-8.46835613250732,"Unknown"
"7014851",371865,2025-09-25 14:47:33,43.1323890686035,-8.46836471557617,"Unknown"
"7014851",371865,2025-09-25 14:52:33,43.1323471069336,-8.46840000152588,"Unknown"
"7014851",371865,2025-09-25 14:57:34,43.1323127746582,-8.46829223632812,"Unknown"
"7014851",371865,2025-09-25 15:02:35,43.1322479248047,-8.46825313568115,"Unknown"
"7014851",371865,2025-09-25 15:07:35,43.1324157714844,-8.46855926513672,"Unknown"
"7014851",371865,2025-09-25 15:12:37,43.1299514770508,-8.46980857849121,"Unknown"
"7014851",371865,2025-09-25 15:17:35,43.1299781799316,-8.4697322845459,"Unknown"
"7014851",371865,2025-09-25 15:22:34,43.1299438476562,-8.46983909606934,"Unknown"
"7014851",371865,2025-09-25 15:27:35,43.1299209594727,-8.46959686279297,"Unknown"
"7014851",371865,2025-09-25 15:32:34,43.1299057006836,-8.46973896026611,"Unknown"
"7014851",371865,2025-09-25 15:37:34,43.1320915222168,-8.4675931930542,"Unknown"
"7014851",371865,2025-09-25 15:42:35,43.1298751831055,-8.47023677825928,"Unknown"
"7014851",371865,2025-09-25 15:47:34,43.1298294067383,-8.47003555297852,"Unknown"
"7014851",371865,2025-09-25 15:52:35,43.129955291748,-8.47040367126465,"Unknown"
"7014851",371865,2025-09-25 15:57:35,43.1298866271973,-8.47014617919922,"Unknown"
"7014851",371865,2025-09-25 16:02:36,43.1298637390137,-8.47024726867676,"Unknown"
"7014851",371865,2025-09-25 16:07:34,43.1297378540039,-8.4699592590332,"Unknown"
"7014851",371865,2025-09-25 16:12:36,43.1297988891602,-8.47013473510742,"Unknown"
"7014851",371865,2025-09-25 16:17:34,43.1298599243164,-8.47046756744385,"Unknown"
"7014851",371865,2025-09-25 16:22:34,43.129810333252,-8.47016429901123,"Unknown"
"7014851",371865,2025-09-25 16:27:34,43.1296882629395,-8.46996212005615,"Unknown"
"7014851",371865,2025-09-25 16:32:36,43.1298408508301,-8.47039604187012,"Unknown"
"7014851",371865,2025-09-25 16:37:34,43.1296463012695,-8.46996784210205,"Unknown"
"7014851",371865,2025-09-25 16:42:34,43.1296043395996,-8.4699239730835,"Unknown"
"7014851",371865,2025-09-25 16:47:34,43.1296424865723,-8.46994686126709,"Unknown"
"7014851",371865,2025-09-25 16:52:34,43.129711151123,-8.46996021270752,"Unknown"
"7014851",371865,2025-09-25 16:57:34,43.1297035217285,-8.46995067596436,"Unknown"
"7014851",371865,2025-09-25 17:02:34,43.1296310424805,-8.46986770629883,"Unknown"
"7014851",371865,2025-09-25 17:07:34,43.1297302246094,-8.46994686126709,"Unknown"
"7014851",371865,2025-09-25 17:12:36,43.1296691894531,-8.46990776062012,"Unknown"
"7014851",371865,2025-09-25 17:17:35,43.1296310424805,-8.46987819671631,"Unknown"
"7014851",371865,2025-09-25 17:22:34,43.1298904418945,-8.47012042999268,"Unknown"
"7014851",371865,2025-09-25 17:27:35,43.1298751831055,-8.46995830535889,"Unknown"
"7014851",371865,2025-09-25 17:32:35,43.1299705505371,-8.47008228302002,"Unknown"
"7014851",371865,2025-09-25 17:37:37,43.1297760009766,-8.46996784210205,"Unknown"
"7014851",371865,2025-09-25 17:42:35,43.1300010681152,-8.47014331817627,"Unknown"
"7014851",371865,2025-09-25 17:47:36,43.1298294067383,-8.46997547149658,"Unknown"
"7014851",371865,2025-09-25 17:57:46,43.1303863525391,-8.47103977203369,"Unknown"
"7014851",371865,2025-09-25 18:03:05,43.129997253418,-8.47086238861084,"Unknown"
"7014851",371865,2025-09-25 18:07:34,43.1303367614746,-8.4720344543457,"Unknown"
"7014851",371865,2025-09-25 18:12:34,43.1297874450684,-8.47097206115723,"Unknown"
"7014851",371865,2025-09-25 18:17:37,43.1300354003906,-8.47110843658447,"Unknown"
"7014851",371865,2025-09-25 18:22:37,43.1301231384277,-8.47110652923584,"Unknown"
"7014851",371865,2025-09-25 18:27:34,43.130069732666,-8.4709939956665,"Unknown"
"7014851",371865,2025-09-25 18:32:39,43.1300735473633,-8.47102737426758,"Unknown"
"7014851",371865,2025-09-25 18:37:40,43.1466941833496,-8.46488666534424,"Unknown"
"7014851",371865,2025-09-25 18:42:36,43.1697998046875,-8.44565582275391,"Unknown"
"7014851",371865,2025-09-25 18:47:36,43.1706123352051,-8.43764781951904,"Unknown"
"7014851",371865,2025-09-25 18:52:37,43.1705856323242,-8.43764209747314,"Unknown"
"7014851",371865,2025-09-25 18:57:35,43.17041015625,-8.4375114440918,"Unknown"
"7014851",371865,2025-09-25 19:02:42,43.1721038818359,-8.43873882293701,"Unknown"
"7014851",371865,2025-09-25 19:07:42,43.1720428466797,-8.43889236450195,"Unknown"
"7014851",371865,2025-09-25 19:12:39,43.1720085144043,-8.43885517120361,"Unknown"
"7014851",371865,2025-09-25 19:17:34,43.172061920166,-8.43894290924072,"Unknown"
"7014851",371865,2025-09-25 19:22:41,43.172004699707,-8.43896961212158,"Unknown"
"7014851",371865,2025-09-25 19:27:40,43.1719207763672,-8.43900680541992,"Unknown"
"7014851",371865,2025-09-25 19:32:42,43.1720657348633,-8.43898868560791,"Unknown"
"7014851",371865,2025-09-25 19:37:39,43.1720275878906,-8.43897151947021,"Unknown"
"7014851",371865,2025-09-25 19:42:45,43.1722297668457,-8.4390115737915,"Unknown"
"7014851",371865,2025-09-25 19:47:34,43.1723327636719,-8.43902015686035,"Unknown"
"7014851",371865,2025-09-25 19:52:34,43.1721000671387,-8.43909454345703,"Unknown"
"7014851",371865,2025-09-25 19:57:38,43.1720237731934,-8.43905735015869,"Unknown"
"7014851",371865,2025-09-25 20:03:05,43.1720352172852,-8.43902015686035,"Unknown"
"7014851",371865,2025-09-25 20:07:33,43.1719512939453,-8.43885040283203,"Unknown"
"7014851",371865,2025-09-25 20:12:33,43.1719779968262,-8.4388952255249,"Unknown"
"7014851",371865,2025-09-25 20:17:33,43.1719741821289,-8.43881797790527,"Unknown"
"7014851",371865,2025-09-25 20:22:34,43.1720161437988,-8.43883323669434,"Unknown"
"7014851",371865,2025-09-25 20:27:34,43.172061920166,-8.43885135650635,"Unknown"
"7014851",371865,2025-09-25 20:32:35,43.1717872619629,-8.43860912322998,"Unknown"
"7014851",371865,2025-09-25 20:37:36,43.1720657348633,-8.43879127502441,"Unknown"
"7014851",371865,2025-09-25 20:42:38,43.1721229553223,-8.43886566162109,"Unknown"
"7014851",371865,2025-09-25 20:47:33,43.1720275878906,-8.438796043396,"Unknown"
"7014851",371865,2025-09-25 20:52:36,43.1720352172852,-8.43889141082764,"Unknown"
"7014851",371865,2025-09-25 20:57:33,43.1719703674316,-8.43876647949219,"Unknown"
"7014851",371865,2025-09-25 21:02:38,43.172061920166,-8.43882274627686,"Unknown"
"7014851",371865,2025-09-25 21:07:34,43.172119140625,-8.4379711151123,"Unknown"
"7014851",371865,2025-09-25 21:12:39,43.1718521118164,-8.43986034393311,"Unknown"
"7014851",371865,2025-09-25 21:17:34,43.1718101501465,-8.439866065979,"Unknown"
"7014851",371865,2025-09-25 21:22:34,43.1718292236328,-8.44000816345215,"Unknown"
"7014851",371865,2025-09-25 21:27:34,43.1717872619629,-8.43999195098877,"Unknown"
"7014851",371865,2025-09-25 21:32:40,43.1717262268066,-8.43958473205566,"Unknown"
"7014851",371865,2025-09-25 21:37:37,43.172046661377,-8.44026660919189,"Unknown"
"7014851",371865,2025-09-25 21:42:34,43.1716537475586,-8.4399356842041,"Unknown"
"7014851",371865,2025-09-25 21:47:44,43.171703338623,-8.43991756439209,"Unknown"
"7014851",371865,2025-09-25 21:52:38,43.1715698242188,-8.43997764587402,"Unknown"
"7014851",371865,2025-09-25 21:57:37,43.1715965270996,-8.43989181518555,"Unknown"
"7014851",371865,2025-09-25 22:02:37,43.1716194152832,-8.4399471282959,"Unknown"
"7014851",371865,2025-09-25 22:07:38,43.171516418457,-8.43977832794189,"Unknown"
"7014851",371865,2025-09-25 22:12:38,43.1718940734863,-8.44045352935791,"Unknown"
"7014851",371865,2025-09-25 22:17:37,43.1717758178711,-8.44016075134277,"Unknown"
"7014851",371865,2025-09-25 22:22:38,43.171875,-8.44033241271973,"Unknown"
"7014851",371865,2025-09-25 22:27:36,43.1715850830078,-8.44007587432861,"Unknown"
"7014851",371865,2025-09-25 22:32:36,43.1716156005859,-8.44008827209473,"Unknown"
"7014851",371865,2025-09-25 22:37:36,43.171703338623,-8.44016075134277,"Unknown"
"7014851",371865,2025-09-25 22:42:37,43.1717376708984,-8.44014835357666,"Unknown"
"7014851",371865,2025-09-25 22:47:34,43.1716728210449,-8.44007778167725,"Unknown"
"7014851",371865,2025-09-25 22:52:35,43.1716842651367,-8.44013214111328,"Unknown"
"7014851",371865,2025-09-25 22:57:39,43.171630859375,-8.44009590148926,"Unknown"
"7014851",371865,2025-09-25 23:02:34,43.1717147827148,-8.44020843505859,"Unknown"
"7014851",371865,2025-09-25 23:07:36,43.171745300293,-8.44017601013184,"Unknown"
"7014851",371865,2025-09-25 23:12:34,43.1717872619629,-8.44026947021484,"Unknown"
"7014851",371865,2025-09-25 23:17:34,43.1718444824219,-8.44037628173828,"Unknown"
"7014851",371865,2025-09-25 23:22:36,43.171630859375,-8.44009590148926,"Unknown"
"7014851",371865,2025-09-25 23:27:35,43.1717758178711,-8.44021415710449,"Unknown"
"7014851",371865,2025-09-25 23:32:36,43.1718940734863,-8.44027233123779,"Unknown"
"7014851",371865,2025-09-25 23:38:01,43.1717834472656,-8.44021129608154,"Unknown"
"7014851",371865,2025-09-25 23:42:34,43.1717376708984,-8.44015884399414,"Unknown"
"7014851",371865,2025-09-25 23:47:33,43.1718139648438,-8.44027709960938,"Unknown"
"7014851",371865,2025-09-25 23:52:37,43.1717758178711,-8.44022464752197,"Unknown"
"7014851",371865,2025-09-25 23:57:34,43.1720771789551,-8.44058132171631,"Unknown"
"7014851",371865,2025-09-26 00:02:35,43.1720199584961,-8.4403076171875,"Unknown"
"7014851",371865,2025-09-26 00:07:34,43.1718635559082,-8.44024085998535,"Unknown"
"7014851",371865,2025-09-26 00:12:36,43.1719665527344,-8.44036769866943,"Unknown"
"7014851",371865,2025-09-26 00:17:37,43.1718635559082,-8.44028568267822,"Unknown"
"7014851",371865,2025-09-26 00:22:34,43.1720962524414,-8.44033241271973,"Unknown"
"7014851",371865,2025-09-26 00:27:34,43.1721153259277,-8.44038581848145,"Unknown"
"7014851",371865,2025-09-26 00:32:36,43.1720161437988,-8.44033622741699,"Unknown"
"7014851",371865,2025-09-26 00:38:05,43.1720314025879,-8.44023990631104,"Unknown"
"7014851",371865,2025-09-26 00:42:33,43.1718711853027,-8.4402904510498,"Unknown"
"7014851",371865,2025-09-26 00:47:33,43.1718482971191,-8.44023132324219,"Unknown"
"7014851",371865,2025-09-26 00:52:36,43.1718406677246,-8.44021415710449,"Unknown"
"7014851",371865,2025-09-26 00:57:36,43.1718902587891,-8.44022274017334,"Unknown"
"7014851",371865,2025-09-26 01:02:34,43.171817779541,-8.4401912689209,"Unknown"
"7014851",371865,2025-09-26 01:07:33,43.1717491149902,-8.4402494430542,"Unknown"
"7014851",371865,2025-09-26 01:12:33,43.1718063354492,-8.44030952453613,"Unknown"
"7014851",371865,2025-09-26 01:17:36,43.1718368530273,-8.44040012359619,"Unknown"
"7014851",371865,2025-09-26 01:22:34,43.1717872619629,-8.44025611877441,"Unknown"
"7014851",371865,2025-09-26 01:32:34,43.1717910766602,-8.44024085998535,"Unknown"
"7014851",371865,2025-09-26 01:37:36,43.1717338562012,-8.44026470184326,"Unknown"
"7014851",371865,2025-09-26 01:42:37,43.171745300293,-8.44014549255371,"Unknown"
"7014851",371865,2025-09-26 01:52:33,43.1717948913574,-8.4403247833252,"Unknown"
"7014851",371865,2025-09-26 02:02:37,43.1717643737793,-8.44009876251221,"Unknown"
"7014851",371865,2025-09-26 02:12:36,43.1718521118164,-8.44029331207275,"Unknown"
"7014851",371865,2025-09-26 02:17:34,43.1718788146973,-8.44036388397217,"Unknown"
"7014851",371865,2025-09-26 02:22:35,43.1718101501465,-8.4404239654541,"Unknown"
"7014851",371865,2025-09-26 02:27:34,43.1716613769531,-8.44043159484863,"Unknown"
"7014851",371865,2025-09-26 02:37:38,43.1716384887695,-8.44062423706055,"Unknown"
"7014851",371865,2025-09-26 02:42:36,43.1716766357422,-8.44054698944092,"Unknown"
"7014851",371865,2025-09-26 02:52:34,43.1714973449707,-8.44022560119629,"Unknown"
"7014851",371865,2025-09-26 03:02:37,43.1716461181641,-8.44051742553711,"Unknown"
"7014851",371865,2025-09-26 03:12:36,43.1716766357422,-8.44075965881348,"Unknown"
"7014851",371865,2025-09-26 03:22:35,43.1717491149902,-8.4408016204834,"Unknown"
"7014851",371865,2025-09-26 03:32:36,43.1715545654297,-8.44029331207275,"Unknown"
"7014851",371865,2025-09-26 03:42:39,43.171573638916,-8.44038581848145,"Unknown"
"7014851",371865,2025-09-26 03:52:51,43.1716003417969,-8.44040107727051,"Unknown"
"7014851",371865,2025-09-26 04:02:44,43.1716384887695,-8.44058513641357,"Unknown"
"7014851",371865,2025-09-26 04:12:39,43.1717109680176,-8.44048023223877,"Unknown"
"7014851",371865,2025-09-26 04:22:44,43.1715431213379,-8.44056606292725,"Unknown"
"7014851",371865,2025-09-26 04:32:37,43.1716499328613,-8.44071292877197,"Unknown"
"7014851",371865,2025-09-26 04:43:04,43.1715927124023,-8.44059753417969,"Unknown"
"7014851",371865,2025-09-26 04:52:33,43.1717224121094,-8.44047737121582,"Unknown"
"7014851",371865,2025-09-26 05:02:32,43.1717071533203,-8.44048595428467,"Unknown"
"7014851",371865,2025-09-26 05:12:37,43.1717109680176,-8.44051837921143,"Unknown"
"7014851",371865,2025-09-26 05:22:37,43.1715888977051,-8.44055271148682,"Unknown"
"7014851",371865,2025-09-26 05:32:34,43.1724815368652,-8.43997955322266,"Unknown"
"7014851",371865,2025-09-26 05:42:37,43.1718597412109,-8.44066143035889,"Unknown"
"7014851",371865,2025-09-26 05:52:36,43.1724319458008,-8.44029331207275,"Unknown"
"7014851",371865,2025-09-26 06:02:36,43.1724243164062,-8.44035339355469,"Unknown"
"7014851",371865,2025-09-26 06:12:39,43.172550201416,-8.44077205657959,"Unknown"
"7014851",371865,2025-09-26 06:22:39,43.1725654602051,-8.44095230102539,"Unknown"
"7014851",371865,2025-09-26 06:32:38,43.1721878051758,-8.44498729705811,"Unknown"
"7014851",371865,2025-09-26 06:42:39,43.1504783630371,-8.46248626708984,"Unknown"
"7014851",371865,2025-09-26 06:52:40,43.1311874389648,-8.47073364257812,"Unknown"
"7014851",371865,2025-09-26 07:02:39,43.1304244995117,-8.47040557861328,"Unknown"
"7014851",371865,2025-09-26 07:12:37,43.1301651000977,-8.4706563949585,"Unknown"
"7014851",371865,2025-09-26 07:22:39,43.1300010681152,-8.47009658813477,"Unknown"
"7014851",371865,2025-09-26 07:32:43,43.1327247619629,-8.47246837615967,"Unknown"
"7014851",371865,2025-09-26 07:42:39,43.1299171447754,-8.46941471099854,"Unknown"
"7014851",371865,2025-09-26 07:53:05,43.1299667358398,-8.46966934204102,"Unknown"
"7014851",371865,2025-09-26 08:02:32,43.1299896240234,-8.46962928771973,"Unknown"
"7014851",371865,2025-09-26 08:12:32,43.1299362182617,-8.46975517272949,"Unknown"
"7014851",371865,2025-09-26 08:22:32,43.1299476623535,-8.46977424621582,"Unknown"
"7014851",371865,2025-09-26 08:32:32,43.1298904418945,-8.46972274780273,"Unknown"
"7014851",371865,2025-09-26 08:42:32,43.1298179626465,-8.46953964233398,"Unknown"
"7014851",371865,2025-09-26 08:52:33,43.1298599243164,-8.46960639953613,"Unknown"
"7014851",371865,2025-09-26 09:02:33,43.1298751831055,-8.46964645385742,"Unknown"
"7014851",371865,2025-09-26 09:12:33,43.1300506591797,-8.46984577178955,"Unknown"
"7014851",371865,2025-09-26 09:22:33,43.1299705505371,-8.46972942352295,"Unknown"
"7014851",371865,2025-09-26 09:32:33,43.1299362182617,-8.46967697143555,"Unknown"
"7014851",371865,2025-09-26 09:42:34,43.1299057006836,-8.46970748901367,"Unknown"
"7014851",371865,2025-09-26 09:52:38,43.1300086975098,-8.46974277496338,"Unknown"
"7014851",371865,2025-09-26 10:02:39,43.129955291748,-8.46978187561035,"Unknown"
"7014851",371865,2025-09-26 10:12:39,43.1299209594727,-8.469801902771,"Unknown"
"7014851",371865,2025-09-26 10:22:39,43.129940032959,-8.46980762481689,"Unknown"
"7014851",371865,2025-09-26 10:32:39,43.1298904418945,-8.46976947784424,"Unknown"
"7014851",371865,2025-09-26 10:42:39,43.1299324035645,-8.46974563598633,"Unknown"
"7014851",371865,2025-09-26 10:52:44,43.1300582885742,-8.46976566314697,"Unknown"
"7014851",371865,2025-09-26 11:02:38,43.1300468444824,-8.46960926055908,"Unknown"
"7014851",371865,2025-09-26 11:12:39,43.1300849914551,-8.46940898895264,"Unknown"
"7014851",371865,2025-09-26 11:22:42,43.129810333252,-8.46962070465088,"Unknown"
"7014851",371865,2025-09-26 11:32:34,43.129695892334,-8.4697265625,"Unknown"
"7014851",371865,2025-09-26 11:42:39,43.1296424865723,-8.46974945068359,"Unknown"
"7014851",371865,2025-09-26 11:47:44,43.129581451416,-8.47005176544189,"Unknown"
"7014851",371865,2025-09-26 11:52:45,43.1296730041504,-8.46988010406494,"Unknown"
"7014851",371865,2025-09-26 11:57:39,43.129810333252,-8.46987819671631,"Unknown"
"7014851",371865,2025-09-26 12:03:05,43.1297035217285,-8.46987533569336,"Unknown"
"7014851",371865,2025-09-26 12:07:32,43.1297378540039,-8.46988677978516,"Unknown"
"7014851",371865,2025-09-26 12:12:32,43.1297645568848,-8.46994304656982,"Unknown"
"7014851",371865,2025-09-26 12:17:32,43.1297073364258,-8.46988391876221,"Unknown"
"7014851",371865,2025-09-26 12:22:32,43.1297073364258,-8.46990585327148,"Unknown"
"7014851",371865,2025-09-26 12:27:32,43.129768371582,-8.46990776062012,"Unknown"
"7014851",371865,2025-09-26 12:32:32,43.129638671875,-8.46997356414795,"Unknown"
"7014851",371865,2025-09-26 12:37:32,43.1297721862793,-8.46989059448242,"Unknown"
"7014851",371865,2025-09-26 12:42:32,43.1296730041504,-8.46990489959717,"Unknown"
"7014851",371865,2025-09-26 12:47:32,43.1297073364258,-8.46990871429443,"Unknown"
"7014851",371865,2025-09-26 12:52:32,43.1296882629395,-8.46993255615234,"Unknown"
"7014851",371865,2025-09-26 12:57:32,43.1297302246094,-8.46988582611084,"Unknown"
"7014851",371865,2025-09-26 13:02:39,43.1297073364258,-8.46995735168457,"Unknown"
"7014851",371865,2025-09-26 13:07:32,43.1297492980957,-8.46987342834473,"Unknown"
"7014851",371865,2025-09-26 13:12:32,43.1297264099121,-8.46991539001465,"Unknown"
"7014851",371865,2025-09-26 13:17:32,43.1297149658203,-8.46991062164307,"Unknown"
"7014851",371865,2025-09-26 13:22:32,43.1296806335449,-8.469895362854,"Unknown"
"7014851",371865,2025-09-26 13:27:32,43.1297035217285,-8.46988487243652,"Unknown"
"7014851",371865,2025-09-26 13:32:32,43.1296844482422,-8.46995544433594,"Unknown"
"7014851",371865,2025-09-26 13:37:33,43.1297378540039,-8.47004127502441,"Unknown"
"7014851",371865,2025-09-26 13:42:32,43.1296463012695,-8.47000598907471,"Unknown"
"7014851",371865,2025-09-26 13:47:32,43.1296615600586,-8.470046043396,"Unknown"
"7014851",371865,2025-09-26 13:52:32,43.1296806335449,-8.46999645233154,"Unknown"
"7014851",371865,2025-09-26 13:57:32,43.1296081542969,-8.47000694274902,"Unknown"
"7014851",371865,2025-09-26 14:02:36,43.1296615600586,-8.47006511688232,"Unknown"
"7014851",371865,2025-09-26 14:07:33,43.1296615600586,-8.4701099395752,"Unknown"
"7014851",371865,2025-09-26 14:12:32,43.1296043395996,-8.47000312805176,"Unknown"
"7014851",371865,2025-09-26 14:17:32,43.132511138916,-8.46832275390625,"Unknown"
"7014851",371865,2025-09-26 14:22:33,43.1324844360352,-8.46819400787354,"Unknown"
"7014851",371865,2025-09-26 14:27:32,43.1325492858887,-8.46844673156738,"Unknown"
"7014851",371865,2025-09-26 14:32:34,43.1300888061523,-8.4707498550415,"Unknown"
"7014851",371865,2025-09-26 14:37:33,43.1304893493652,-8.47104549407959,"Unknown"
"7014851",371865,2025-09-26 14:42:32,43.1305160522461,-8.47107028961182,"Unknown"
"7014851",371865,2025-09-26 14:47:33,43.1306495666504,-8.47135353088379,"Unknown"
"7014851",371865,2025-09-26 14:52:41,43.1296043395996,-8.47064018249512,"Unknown"
"7014851",371865,2025-09-26 14:57:33,43.1301307678223,-8.47045993804932,"Unknown"
"7014851",371865,2025-09-26 15:03:05,43.1299591064453,-8.47104930877686,"Unknown"
"7014851",371865,2025-09-26 15:07:33,43.1262969970703,-8.48128700256348,"Unknown"
"7014851",371865,2025-09-26 15:12:41,43.1005363464355,-8.49852657318115,"Unknown"
"7014851",371865,2025-09-26 15:17:35,43.1006355285645,-8.49913501739502,"Unknown"
"7014851",371865,2025-09-26 15:22:33,43.1006965637207,-8.49943256378174,"Unknown"
"7014851",371865,2025-09-26 15:27:33,43.1006507873535,-8.49913215637207,"Unknown"
"7014851",371865,2025-09-26 15:32:37,43.100772857666,-8.49884796142578,"Unknown"
"7014851",371865,2025-09-26 15:37:40,43.1008071899414,-8.49885940551758,"Unknown"
"7014851",371865,2025-09-26 15:42:32,43.1007995605469,-8.49851322174072,"Unknown"
"7014851",371865,2025-09-26 15:47:44,43.100902557373,-8.49905395507812,"Unknown"
"7014851",371865,2025-09-26 15:52:34,43.100902557373,-8.498854637146,"Unknown"
"7014851",371865,2025-09-26 15:57:38,43.1010284423828,-8.49864768981934,"Unknown"
"7014851",371865,2025-09-26 16:02:43,43.1011276245117,-8.49885940551758,"Unknown"
"7014851",371865,2025-09-26 16:07:33,43.1000900268555,-8.49264240264893,"Unknown"
"7014851",371865,2025-09-26 16:12:34,43.1028671264648,-8.49237060546875,"Unknown"
"7014851",371865,2025-09-26 16:17:36,43.1298713684082,-8.47053241729736,"Unknown"
"7014851",371865,2025-09-26 16:22:36,43.1298179626465,-8.47022247314453,"Unknown"
"7014851",371865,2025-09-26 16:27:41,43.129810333252,-8.47022438049316,"Unknown"
"7014851",371865,2025-09-26 16:32:44,43.1297454833984,-8.47013092041016,"Unknown"
"7014851",371865,2025-09-26 16:37:38,43.1298408508301,-8.47024631500244,"Unknown"
"7014851",371865,2025-09-26 16:42:39,43.1297569274902,-8.47006797790527,"Unknown"
"7014851",371865,2025-09-26 16:47:41,43.1297340393066,-8.47007465362549,"Unknown"
"7014851",371865,2025-09-26 16:52:48,43.1299705505371,-8.47054672241211,"Unknown"
"7014851",371865,2025-09-26 16:57:36,43.1297836303711,-8.47016334533691,"Unknown"
"7014851",371865,2025-09-26 17:02:39,43.1299667358398,-8.47012042999268,"Unknown"
"7014851",371865,2025-09-26 17:07:39,43.1300582885742,-8.47022342681885,"Unknown"
"7014851",371865,2025-09-26 17:12:39,43.1300163269043,-8.47016906738281,"Unknown"
"7014851",371865,2025-09-26 17:17:44,43.1298789978027,-8.47019672393799,"Unknown"
"7014851",371865,2025-09-26 17:22:39,43.1298789978027,-8.47017765045166,"Unknown"
"7014851",371865,2025-09-26 17:27:37,43.1299095153809,-8.47017288208008,"Unknown"
"7014851",371865,2025-09-26 17:33:05,43.1298713684082,-8.47024536132812,"Unknown"
"7014851",371865,2025-09-26 17:37:31,43.1300773620605,-8.47034454345703,"Unknown"
"7014851",371865,2025-09-26 17:42:31,43.1304931640625,-8.47058773040771,"Unknown"
"7014851",371865,2025-09-26 17:47:32,43.1302947998047,-8.47048950195312,"Unknown"
"7014851",371865,2025-09-26 17:52:31,43.1302070617676,-8.47050285339355,"Unknown"
"7014851",371865,2025-09-26 17:57:31,43.1303596496582,-8.47060394287109,"Unknown"
"7014851",371865,2025-09-26 18:02:31,43.1303329467773,-8.47049140930176,"Unknown"
"7014851",371865,2025-09-26 18:07:32,43.1303024291992,-8.47055149078369,"Unknown"
"7014851",371865,2025-09-26 18:12:41,43.1304168701172,-8.46997261047363,"Unknown"
"7014851",371865,2025-09-26 18:17:31,43.130744934082,-8.47020530700684,"Unknown"
"7014851",371865,2025-09-26 18:22:32,43.1375350952148,-8.47037792205811,"Unknown"
"7014851",371865,2025-09-26 18:27:33,43.1679077148438,-8.45468425750732,"Unknown"
"7014851",371865,2025-09-26 18:32:33,43.1708183288574,-8.43733787536621,"Unknown"
"7014851",371865,2025-09-26 18:37:32,43.1863174438477,-8.43009376525879,"Unknown"
"7014851",371865,2025-09-26 18:43:08,43.1955223083496,-8.42367267608643,"Unknown"
"7014851",371865,2025-09-26 18:47:33,43.1954231262207,-8.42361736297607,"Unknown"
"7014851",371865,2025-09-26 18:52:39,43.1953239440918,-8.4232873916626,"Unknown"
"7014851",371865,2025-09-26 18:58:44,43.1952018737793,-8.4229040145874,"Unknown"
"7014851",371865,2025-09-26 19:02:32,43.1951065063477,-8.42304515838623,"Unknown"
"7014851",371865,2025-09-26 19:07:32,43.1950149536133,-8.4229097366333,"Unknown"
"7014851",371865,2025-09-26 19:12:32,43.194694519043,-8.42256736755371,"Unknown"
"7014851",371865,2025-09-26 19:17:32,43.1943397521973,-8.42224597930908,"Unknown"
"7014851",371865,2025-09-26 19:22:31,43.1940612792969,-8.42214584350586,"Unknown"
"7014851",371865,2025-09-26 19:27:32,43.1936569213867,-8.42174243927002,"Unknown"
"7014851",371865,2025-09-26 19:32:32,43.1937103271484,-8.42153453826904,"Unknown"
"7014851",371865,2025-09-26 19:37:31,43.1935729980469,-8.42117214202881,"Unknown"
"7014851",371865,2025-09-26 19:42:38,43.1930313110352,-8.42124462127686,"Unknown"
"7014851",371865,2025-09-26 19:47:43,43.192554473877,-8.42147922515869,"Unknown"
"7014851",371865,2025-09-26 19:52:37,43.1924629211426,-8.42108345031738,"Unknown"
"7014851",371865,2025-09-26 19:57:32,43.1927337646484,-8.42092132568359,"Unknown"
"7014851",371865,2025-09-26 20:02:33,43.192268371582,-8.42080211639404,"Unknown"
"7014851",371865,2025-09-26 20:07:32,43.1922760009766,-8.42130279541016,"Unknown"
"7014851",371865,2025-09-26 20:12:36,43.1918601989746,-8.42093753814697,"Unknown"
"7014851",371865,2025-09-26 20:17:37,43.1915473937988,-8.4210033416748,"Unknown"
"7014851",371865,2025-09-26 20:22:39,43.1916732788086,-8.42066669464111,"Unknown"
"7014851",371865,2025-09-26 20:27:44,43.1920127868652,-8.42132377624512,"Unknown"
"7014851",371865,2025-09-26 20:32:44,43.1920738220215,-8.42157554626465,"Unknown"
"7014851",371865,2025-09-26 20:37:32,43.1919860839844,-8.42113780975342,"Unknown"
"7014851",371865,2025-09-26 20:42:36,43.1920356750488,-8.42106151580811,"Unknown"
"7014851",371865,2025-09-26 20:48:05,43.1920356750488,-8.42053031921387,"Unknown"
"7014851",371865,2025-09-26 20:52:31,43.1920318603516,-8.42050170898438,"Unknown"
"7014851",371865,2025-09-26 20:57:31,43.1917610168457,-8.41972351074219,"Unknown"
"7014851",371865,2025-09-26 21:02:31,43.1915817260742,-8.41945743560791,"Unknown"
"7014851",371865,2025-09-26 21:07:32,43.1913414001465,-8.4193115234375,"Unknown"
"7014851",371865,2025-09-26 21:12:36,43.1909294128418,-8.41937160491943,"Unknown"
"7014851",371865,2025-09-26 21:17:32,43.1913299560547,-8.41990852355957,"Unknown"
"7014851",371865,2025-09-26 21:22:32,43.1908798217773,-8.41920185089111,"Unknown"
"7014851",371865,2025-09-26 21:27:31,43.1907539367676,-8.41866302490234,"Unknown"
"7014851",371865,2025-09-26 21:32:32,43.1914749145508,-8.41843509674072,"Unknown"
"7014851",371865,2025-09-26 21:37:44,43.1918983459473,-8.41906642913818,"Unknown"
"7014851",371865,2025-09-26 21:42:32,43.192211151123,-8.41999435424805,"Unknown"
"7014851",371865,2025-09-26 21:47:32,43.1926765441895,-8.4207067489624,"Unknown"
"7014851",371865,2025-09-26 21:52:31,43.1924629211426,-8.42084407806396,"Unknown"
"7014851",371865,2025-09-26 21:57:31,43.1922225952148,-8.42113590240479,"Unknown"
"7014851",371865,2025-09-26 22:02:31,43.1925430297852,-8.42170238494873,"Unknown"
"7014851",371865,2025-09-26 22:07:31,43.1925849914551,-8.42166233062744,"Unknown"
"7014851",371865,2025-09-26 22:12:33,43.1924095153809,-8.42109489440918,"Unknown"
"7014851",371865,2025-09-26 22:17:31,43.1919555664062,-8.420823097229,"Unknown"
"7014851",371865,2025-09-26 22:22:31,43.1921997070312,-8.42117500305176,"Unknown"
"7014851",371865,2025-09-26 22:27:33,43.1925086975098,-8.42110157012939,"Unknown"
"7014851",371865,2025-09-26 22:32:39,43.1921234130859,-8.42022132873535,"Unknown"
"7014851",371865,2025-09-26 22:37:39,43.191967010498,-8.42023754119873,"Unknown"
"7014851",371865,2025-09-26 22:42:39,43.1917839050293,-8.42011737823486,"Unknown"
"7014851",371865,2025-09-26 22:48:10,43.1917915344238,-8.4210147857666,"Unknown"
"7014851",371865,2025-09-26 22:52:38,43.1918067932129,-8.42098331451416,"Unknown"
"7014851",371865,2025-09-26 22:57:39,43.1916618347168,-8.42099475860596,"Unknown"
"7014851",371865,2025-09-26 23:07:34,43.1945571899414,-8.42244148254395,"Unknown"
"7014851",371865,2025-09-26 23:12:34,43.1955947875977,-8.42381286621094,"Unknown"
"7014851",371865,2025-09-26 23:17:36,43.1955833435059,-8.42380619049072,"Unknown"
"7014851",371865,2025-09-26 23:22:33,43.1956253051758,-8.42387104034424,"Unknown"
"7014851",371865,2025-09-26 23:27:31,43.1958847045898,-8.42395210266113,"Unknown"
"7014851",371865,2025-09-26 23:37:37,43.1960983276367,-8.42403697967529,"Unknown"
"7014851",371865,2025-09-26 23:47:45,43.1965065002441,-8.42505359649658,"Unknown"
"7014851",371865,2025-09-26 23:52:38,43.1963958740234,-8.4252986907959,"Unknown"
"7014851",371865,2025-09-26 23:57:39,43.1961936950684,-8.42567920684814,"Unknown"
"7014851",371865,2025-09-27 00:03:05,43.1959381103516,-8.42561149597168,"Unknown"
"7014851",371865,2025-09-27 00:07:31,43.1959915161133,-8.42569637298584,"Unknown"
"7014851",371865,2025-09-27 00:17:31,43.1961326599121,-8.42622756958008,"Unknown"
"7014851",371865,2025-09-27 00:22:36,43.1962127685547,-8.42634296417236,"Unknown"
"7014851",371865,2025-09-27 00:32:36,43.1962890625,-8.42653846740723,"Unknown"
"7014851",371865,2025-09-27 00:37:32,43.1963729858398,-8.42708492279053,"Unknown"
"7014851",371865,2025-09-27 00:47:34,43.1967086791992,-8.42677021026611,"Unknown"
"7014851",371865,2025-09-27 00:52:37,43.1969680786133,-8.42677879333496,"Unknown"
"7014851",371865,2025-09-27 01:03:00,43.1973152160645,-8.42624950408936,"Unknown"
"7014851",371865,2025-09-27 01:12:39,43.1972618103027,-8.42689323425293,"Unknown"
"7014851",371865,2025-09-27 01:22:39,43.193172454834,-8.4206371307373,"Unknown"
"7014851",371865,2025-09-27 01:32:41,43.1916007995605,-8.42119216918945,"Unknown"
"7014851",371865,2025-09-27 01:42:39,43.1926765441895,-8.42178726196289,"Unknown"
"7014851",371865,2025-09-27 01:52:44,43.1928749084473,-8.42250537872314,"Unknown"
"7014851",371865,2025-09-27 02:03:05,43.1924018859863,-8.42228031158447,"Unknown"
"7014851",371865,2025-09-27 02:12:33,43.1919898986816,-8.42275714874268,"Unknown"
"7014851",371865,2025-09-27 02:22:34,43.1916465759277,-8.42219638824463,"Unknown"
"7014851",371865,2025-09-27 02:32:39,43.1912498474121,-8.42184829711914,"Unknown"
"7014851",371865,2025-09-27 02:42:31,43.1913795471191,-8.42203140258789,"Unknown"
"7014851",371865,2025-09-27 02:52:45,43.1909675598145,-8.42130279541016,"Unknown"
"7014851",371865,2025-09-27 03:02:34,43.1902923583984,-8.4199857711792,"Unknown"
"7014851",371865,2025-09-27 03:12:39,43.1906318664551,-8.42022800445557,"Unknown"
"7014851",371865,2025-09-27 03:22:39,43.1904830932617,-8.421067237854,"Unknown"
"7014851",371865,2025-09-27 03:32:44,43.190601348877,-8.42113018035889,"Unknown"
"7014851",371865,2025-09-27 03:42:41,43.1906394958496,-8.41940879821777,"Unknown"
"7014851",371865,2025-09-27 03:52:48,43.1910514831543,-8.41923141479492,"Unknown"
"7014851",371865,2025-09-27 04:02:34,43.191234588623,-8.419753074646,"Unknown"
"7014851",371865,2025-09-27 04:12:38,43.1914176940918,-8.42031860351562,"Unknown"
"7014851",371865,2025-09-27 04:22:37,43.1915626525879,-8.42122077941895,"Unknown"
"7014851",371865,2025-09-27 04:33:05,43.1917572021484,-8.42136478424072,"Unknown"
"7014851",371865,2025-09-27 04:43:05,43.1911125183105,-8.42087554931641,"Unknown"
"7014851",371865,2025-09-27 04:52:31,43.1905517578125,-8.42090702056885,"Unknown"
"7014851",371865,2025-09-27 05:02:31,43.1903038024902,-8.42017459869385,"Unknown"
"7014851",371865,2025-09-27 05:12:33,43.1904411315918,-8.42089462280273,"Unknown"
"7014851",371865,2025-09-27 05:22:32,43.1903991699219,-8.421217918396,"Unknown"
"7014851",371865,2025-09-27 05:32:32,43.190559387207,-8.42160606384277,"Unknown"
"7014851",371865,2025-09-27 05:42:32,43.1908264160156,-8.42180728912354,"Unknown"
"7014851",371865,2025-09-27 05:52:33,43.1936187744141,-8.42254829406738,"Unknown"
"7014851",371865,2025-09-27 06:02:33,43.1924819946289,-8.41996192932129,"Unknown"
"7014851",371865,2025-09-27 06:12:33,43.1923408508301,-8.42010307312012,"Unknown"
"7014851",371865,2025-09-27 06:22:32,43.1921043395996,-8.42065715789795,"Unknown"
"7014851",371865,2025-09-27 06:32:38,43.1909141540527,-8.44176864624023,"Unknown"
"7014851",371865,2025-09-27 06:42:33,43.1534309387207,-8.46546077728271,"Unknown"
"7014851",371865,2025-09-27 06:52:37,43.1326637268066,-8.46882629394531,"Unknown"
"7014851",371865,2025-09-27 07:02:58,43.1327514648438,-8.46878147125244,"Unknown"
"7014851",371865,2025-09-27 07:12:39,43.1319770812988,-8.46885013580322,"Unknown"
"7014851",371865,2025-09-27 07:23:05,43.1325836181641,-8.46885681152344,"Unknown"
"7014851",371865,2025-09-27 07:32:32,43.1296234130859,-8.47066402435303,"Unknown"
"7014851",371865,2025-09-27 07:42:36,43.1305274963379,-8.47091007232666,"Unknown"
"7014851",371865,2025-09-27 07:53:17,43.1302642822266,-8.47068023681641,"Unknown"
"7014851",371865,2025-09-27 08:02:38,43.1296997070312,-8.47015190124512,"Unknown"
"7014851",371865,2025-09-27 08:12:44,43.1300086975098,-8.47052001953125,"Unknown"
"7014851",371865,2025-09-27 08:22:38,43.1296730041504,-8.47009372711182,"Unknown"
"7014851",371865,2025-09-27 08:32:38,43.1299057006836,-8.4703369140625,"Unknown"
"7014851",371865,2025-09-27 08:42:38,43.1298446655273,-8.470290184021,"Unknown"
"7014851",371865,2025-09-27 08:53:29,43.1298522949219,-8.47029399871826,"Unknown"
"7014851",371865,2025-09-27 09:02:33,43.1298675537109,-8.47023010253906,"Unknown"
"7014851",371865,2025-09-27 09:12:37,43.129810333252,-8.47025871276855,"Unknown"
"7014851",371865,2025-09-27 09:22:31,43.1298294067383,-8.47023105621338,"Unknown"
"7014851",371865,2025-09-27 09:32:35,43.1298675537109,-8.47022247314453,"Unknown"
"7014851",371865,2025-09-27 09:42:38,43.1298713684082,-8.4702262878418,"Unknown"
"7014851",371865,2025-09-27 09:52:44,43.1299629211426,-8.47015762329102,"Unknown"
"7014851",371865,2025-09-27 10:02:38,43.1298599243164,-8.47017765045166,"Unknown"
"7014851",371865,2025-09-27 10:12:38,43.1299285888672,-8.47007274627686,"Unknown"
"7014851",371865,2025-09-27 10:22:38,43.1298828125,-8.47006797790527,"Unknown"
"7014851",371865,2025-09-27 10:32:38,43.1299133300781,-8.47019958496094,"Unknown"
"7014851",371865,2025-09-27 10:42:39,43.1296997070312,-8.47012138366699,"Unknown"
"7014851",371865,2025-09-27 10:53:05,43.130729675293,-8.47091770172119,"Unknown"
"7014851",371865,2025-09-27 11:02:32,43.1300773620605,-8.47080039978027,"Unknown"
"7014851",371865,2025-09-27 11:07:36,43.1300621032715,-8.47060585021973,"Unknown"
"7014851",371865,2025-09-27 11:12:36,43.130069732666,-8.47063064575195,"Unknown"
"7014851",371865,2025-09-27 11:17:33,43.1300621032715,-8.47067737579346,"Unknown"
"7014851",371865,2025-09-27 11:22:33,43.1300201416016,-8.47063732147217,"Unknown"
"7014851",371865,2025-09-27 11:32:34,43.130199432373,-8.4707088470459,"Unknown"
"7014851",371865,2025-09-27 11:42:31,43.1299705505371,-8.47054100036621,"Unknown"
"7014851",371865,2025-09-27 11:52:36,43.1299285888672,-8.47041511535645,"Unknown"
"7014851",371865,2025-09-27 12:02:50,43.1294898986816,-8.46972751617432,"Unknown"
"7014851",371865,2025-09-27 12:12:32,43.1299705505371,-8.47058486938477,"Unknown"
"7014851",371865,2025-09-27 12:23:05,43.1298980712891,-8.47036361694336,"Unknown"
"7014851",371865,2025-09-27 12:32:33,43.1299476623535,-8.47066593170166,"Unknown"
"7014851",371865,2025-09-27 12:42:31,43.129810333252,-8.47043991088867,"Unknown"
"7014851",371865,2025-09-27 12:52:36,43.1297721862793,-8.47033786773682,"Unknown"
"7014851",371865,2025-09-27 13:02:34,43.1304054260254,-8.4709644317627,"Unknown"
"7014851",371865,2025-09-27 13:12:36,43.1295852661133,-8.47014808654785,"Unknown"
"7014851",371865,2025-09-27 13:22:33,43.1295280456543,-8.47011184692383,"Unknown"
"7014851",371865,2025-09-27 13:32:31,43.1294326782227,-8.47012519836426,"Unknown"
"7014851",371865,2025-09-27 13:42:33,43.1296005249023,-8.47014045715332,"Unknown"
"7014851",371865,2025-09-27 13:52:39,43.1296348571777,-8.47018146514893,"Unknown"
"7014851",371865,2025-09-27 14:02:37,43.1296272277832,-8.47018623352051,"Unknown"
"7014851",371865,2025-09-27 14:12:33,43.1295585632324,-8.47012519836426,"Unknown"
"7014851",371865,2025-09-27 14:22:36,43.1295890808105,-8.47011470794678,"Unknown"
"7014851",371865,2025-09-27 14:27:34,43.129638671875,-8.47011089324951,"Unknown"
"7014851",371865,2025-09-27 14:32:39,43.1295166015625,-8.47018146514893,"Unknown"
"7014851",371865,2025-09-27 14:37:34,43.1297721862793,-8.47028255462646,"Unknown"
"7014851",371865,2025-09-27 14:42:38,43.1296653747559,-8.47017002105713,"Unknown"
"7014851",371865,2025-09-27 14:47:38,43.1296348571777,-8.47015571594238,"Unknown"
"7014851",371865,2025-09-27 14:52:39,43.1296577453613,-8.47015380859375,"Unknown"
"7014851",371865,2025-09-27 14:57:40,43.1296539306641,-8.47017574310303,"Unknown"
"7014851",371865,2025-09-27 15:02:33,43.1297225952148,-8.47024440765381,"Unknown"
"7014851",371865,2025-09-27 15:07:44,43.1296577453613,-8.47019004821777,"Unknown"
"7014851",371865,2025-09-27 15:12:30,43.1297035217285,-8.47020721435547,"Unknown"
"7014851",371865,2025-09-27 15:17:30,43.1296424865723,-8.47012615203857,"Unknown"
"7014851",371865,2025-09-27 15:22:34,43.129695892334,-8.47011566162109,"Unknown"
"7014851",371865,2025-09-27 15:27:33,43.1296615600586,-8.4700231552124,"Unknown"
"7014851",371865,2025-09-27 15:32:42,43.1297149658203,-8.47011280059814,"Unknown"
"7014851",371865,2025-09-27 15:37:34,43.1297454833984,-8.4702320098877,"Unknown"
"7014851",371865,2025-09-27 15:42:34,43.1296577453613,-8.47017765045166,"Unknown"
"7014851",371865,2025-09-27 15:48:05,43.1296997070312,-8.47020149230957,"Unknown"
"7014851",371865,2025-09-27 15:52:30,43.1297035217285,-8.47021865844727,"Unknown"
"7014851",371865,2025-09-27 15:57:32,43.1296424865723,-8.47022438049316,"Unknown"
"7014851",371865,2025-09-27 16:02:30,43.1296348571777,-8.47017192840576,"Unknown"
"7014851",371865,2025-09-27 16:07:31,43.1296501159668,-8.4701623916626,"Unknown"
"7014851",371865,2025-09-27 16:12:30,43.1297454833984,-8.4701566696167,"Unknown"
"7014851",371865,2025-09-27 16:17:30,43.1297454833984,-8.47017955780029,"Unknown"
"7014851",371865,2025-09-27 16:22:31,43.1296997070312,-8.47015857696533,"Unknown"
"7014851",371865,2025-09-27 16:27:33,43.1296501159668,-8.47017192840576,"Unknown"
"7014851",371865,2025-09-27 16:32:31,43.1296806335449,-8.47017765045166,"Unknown"
"7014851",371865,2025-09-27 16:42:36,43.1297340393066,-8.47011566162109,"Unknown"
"7014851",371865,2025-09-27 16:47:33,43.1297912597656,-8.47014713287354,"Unknown"
"7014851",371865,2025-09-27 16:52:32,43.1298599243164,-8.47015380859375,"Unknown"
"7014851",371865,2025-09-27 17:02:34,43.1298713684082,-8.47015190124512,"Unknown"
"7014851",371865,2025-09-27 17:12:31,43.1298866271973,-8.4702730178833,"Unknown"
"7014851",371865,2025-09-27 17:17:33,43.1300048828125,-8.47025394439697,"Unknown"
"7014851",371865,2025-09-27 17:27:44,43.1300163269043,-8.47030639648438,"Unknown"
"7014851",371865,2025-09-27 17:37:32,43.1300048828125,-8.47031497955322,"Unknown"
"7014851",371865,2025-09-27 17:47:43,43.1300430297852,-8.47037506103516,"Unknown"
"7014851",371865,2025-09-27 17:57:41,43.1300506591797,-8.47043037414551,"Unknown"
"7014851",371865,2025-09-27 18:08:05,43.1301078796387,-8.47054862976074,"Unknown"
"7014851",371865,2025-09-27 18:17:30,43.1331787109375,-8.46834468841553,"Unknown"
"7014851",371865,2025-09-27 18:27:33,43.1721611022949,-8.43991661071777,"Unknown"
"7014851",371865,2025-09-27 18:37:32,43.1720352172852,-8.43987941741943,"Unknown"
"7014851",371865,2025-09-27 18:47:32,43.1720199584961,-8.44012451171875,"Unknown"
"7014851",371865,2025-09-27 18:57:30,43.1719741821289,-8.44016933441162,"Unknown"
"7014851",371865,2025-09-27 19:07:33,43.1719360351562,-8.4401683807373,"Unknown"
"7014851",371865,2025-09-27 19:17:32,43.1719627380371,-8.440110206604,"Unknown"
"7014851",371865,2025-09-27 19:27:30,43.1718597412109,-8.44034099578857,"Unknown"
"7014851",371865,2025-09-27 19:37:32,43.171817779541,-8.44047451019287,"Unknown"
"7014851",371865,2025-09-27 19:47:37,43.1718292236328,-8.44040012359619,"Unknown"
"7014851",371865,2025-09-27 19:57:32,43.1718826293945,-8.44050312042236,"Unknown"
"7014851",371865,2025-09-27 20:07:46,43.171817779541,-8.44048023223877,"Unknown"
"7014851",371865,2025-09-27 20:17:32,43.1717720031738,-8.44059944152832,"Unknown"
"7014851",371865,2025-09-27 20:27:36,43.1718063354492,-8.44037628173828,"Unknown"
"7014851",371865,2025-09-27 20:37:32,43.1717414855957,-8.4405632019043,"Unknown"
"7014851",371865,2025-09-27 20:47:44,43.171802520752,-8.44058895111084,"Unknown"
"7014851",371865,2025-09-27 20:57:32,43.1717147827148,-8.44047451019287,"Unknown"
"7014851",371865,2025-09-27 21:07:33,43.1719131469727,-8.44069576263428,"Unknown"
"7014851",371865,2025-09-27 21:17:32,43.1717414855957,-8.44040012359619,"Unknown"
"7014851",371865,2025-09-27 21:27:34,43.1718711853027,-8.44037055969238,"Unknown"
"7014851",371865,2025-09-27 21:37:34,43.1719169616699,-8.44050884246826,"Unknown"
"7014851",371865,2025-09-27 21:47:36,43.1718063354492,-8.44046211242676,"Unknown"
"7014851",371865,2025-09-27 21:57:39,43.171802520752,-8.44046306610107,"Unknown"
"7014851",371865,2025-09-27 22:07:44,43.1717910766602,-8.44041156768799,"Unknown"
"7014851",371865,2025-09-27 22:17:31,43.1721076965332,-8.44107913970947,"Unknown"
"7014851",371865,2025-09-27 22:27:43,43.1718673706055,-8.44041538238525,"Unknown"
"7014851",371865,2025-09-27 22:37:32,43.1719245910645,-8.44058322906494,"Unknown"
"7014851",371865,2025-09-27 22:47:38,43.1718788146973,-8.44040489196777,"Unknown"
"7014851",371865,2025-09-27 22:57:54,43.1720314025879,-8.44020080566406,"Unknown"
"7014851",371865,2025-09-27 23:08:05,43.1719017028809,-8.44003009796143,"Unknown"
"7014851",371865,2025-09-27 23:17:29,43.1719245910645,-8.44010448455811,"Unknown"
"7014851",371865,2025-09-27 23:27:30,43.1718368530273,-8.43997859954834,"Unknown"
"7014851",371865,2025-09-27 23:37:30,43.1719703674316,-8.44007205963135,"Unknown"
"7014851",371865,2025-09-27 23:47:30,43.1720275878906,-8.44018745422363,"Unknown"
"7014851",371865,2025-09-27 23:57:29,43.1720008850098,-8.44018077850342,"Unknown"
"7014851",371865,2025-09-28 00:07:31,43.1720657348633,-8.44038105010986,"Unknown"
"7014851",371865,2025-09-28 00:17:32,43.1723937988281,-8.44137001037598,"Unknown"
"7014851",371865,2025-09-28 00:27:32,43.1720161437988,-8.44031524658203,"Unknown"
"7014851",371865,2025-09-28 00:37:31,43.1721687316895,-8.44084548950195,"Unknown"
"7014851",371865,2025-09-28 00:47:37,43.1719245910645,-8.43996334075928,"Unknown"
"7014851",371865,2025-09-28 00:57:39,43.1719360351562,-8.43984127044678,"Unknown"
"7014851",371865,2025-09-28 01:07:39,43.1719284057617,-8.43982410430908,"Unknown"
"7014851",371865,2025-09-28 01:17:43,43.1718826293945,-8.43977355957031,"Unknown"
"7014851",371865,2025-09-28 01:27:40,43.1718597412109,-8.43966388702393,"Unknown"
"7014851",371865,2025-09-28 01:37:39,43.171875,-8.43985557556152,"Unknown"
"7014851",371865,2025-09-28 01:47:32,43.1718292236328,-8.43986320495605,"Unknown"
"7014851",371865,2025-09-28 01:57:39,43.1717987060547,-8.43993663787842,"Unknown"
"7014851",371865,2025-09-28 02:07:39,43.1717414855957,-8.44001197814941,"Unknown"
"7014851",371865,2025-09-28 02:17:43,43.1719169616699,-8.43999004364014,"Unknown"
"7014851",371865,2025-09-28 02:27:30,43.1718597412109,-8.4399995803833,"Unknown"
"7014851",371865,2025-09-28 02:37:31,43.1720085144043,-8.44004821777344,"Unknown"
"7014851",371865,2025-09-28 02:47:45,43.1718063354492,-8.4400110244751,"Unknown"
"7014851",371865,2025-09-28 02:57:39,43.171745300293,-8.44003200531006,"Unknown"
"7014851",371865,2025-09-28 03:07:39,43.1716766357422,-8.44010353088379,"Unknown"
"7014851",371865,2025-09-28 03:18:04,43.1718406677246,-8.44004726409912,"Unknown"
"7014851",371865,2025-09-28 03:27:32,43.1720314025879,-8.4400053024292,"Unknown"
"7014851",371865,2025-09-28 03:37:31,43.1725234985352,-8.43941402435303,"Unknown"
"7014851",371865,2025-09-28 03:47:42,43.1721649169922,-8.43992137908936,"Unknown"
"7014851",371865,2025-09-28 03:57:36,43.1719093322754,-8.44007778167725,"Unknown"
"7014851",371865,2025-09-28 04:07:31,43.1724548339844,-8.43955993652344,"Unknown"
"7014851",371865,2025-09-28 04:17:32,43.1722145080566,-8.43985843658447,"Unknown"
"7014851",371865,2025-09-28 04:27:31,43.1725120544434,-8.4396800994873,"Unknown"
"7014851",371865,2025-09-28 04:38:05,43.1722373962402,-8.43980026245117,"Unknown"
"7014851",371865,2025-09-28 04:47:30,43.172248840332,-8.43975639343262,"Unknown"
"7014851",371865,2025-09-28 04:57:29,43.1722412109375,-8.43973350524902,"Unknown"
"7014851",371865,2025-09-28 05:07:30,43.1722679138184,-8.43976402282715,"Unknown"
"7014851",371865,2025-09-28 05:17:32,43.1722221374512,-8.43988227844238,"Unknown"
"7014851",371865,2025-09-28 05:27:29,43.172191619873,-8.43983936309814,"Unknown"
"7014851",371865,2025-09-28 05:37:30,43.1723136901855,-8.43974494934082,"Unknown"
"7014851",371865,2025-09-28 05:47:30,43.1724815368652,-8.43966674804688,"Unknown"
"7014851",371865,2025-09-28 05:57:30,43.1722869873047,-8.43974113464355,"Unknown"
"7014851",371865,2025-09-28 06:07:30,43.1722831726074,-8.43972969055176,"Unknown"
"7014851",371865,2025-09-28 06:17:31,43.1692237854004,-8.45308399200439,"Unknown"
"7014851",371865,2025-09-28 06:27:31,43.1323928833008,-8.46879863739014,"Unknown"
"7014851",371865,2025-09-28 06:37:34,43.1327438354492,-8.46873760223389,"Unknown"
"7014851",371865,2025-09-28 06:47:32,43.1321029663086,-8.46895408630371,"Unknown"
"7014851",371865,2025-09-28 06:57:33,43.1322021484375,-8.46887874603271,"Unknown"
"7014851",371865,2025-09-28 07:07:33,43.1294898986816,-8.47056579589844,"Unknown"
"7014851",371865,2025-09-28 07:17:50,43.1296997070312,-8.4706392288208,"Unknown"
"7014851",371865,2025-09-28 07:27:44,43.1296539306641,-8.47060585021973,"Unknown"
"7014851",371865,2025-09-28 07:37:41,43.1297149658203,-8.47043991088867,"Unknown"
"7014851",371865,2025-09-28 07:47:36,43.1296081542969,-8.47043228149414,"Unknown"
"7014851",371865,2025-09-28 07:57:38,43.1292533874512,-8.47020435333252,"Unknown"
"7014851",371865,2025-09-28 08:08:05,43.129955291748,-8.47068023681641,"Unknown"
"7014851",371865,2025-09-28 08:17:30,43.1301193237305,-8.47072505950928,"Unknown"
"7014851",371865,2025-09-28 08:27:29,43.1323127746582,-8.46805858612061,"Unknown"
"7014851",371865,2025-09-28 08:37:31,43.1323318481445,-8.46803569793701,"Unknown"
"7014851",371865,2025-09-28 08:47:36,43.1325569152832,-8.46748161315918,"Unknown"
"7014851",371865,2025-09-28 08:57:31,43.1329307556152,-8.46892356872559,"Unknown"
"7014851",371865,2025-09-28 09:07:32,43.1329231262207,-8.46875667572021,"Unknown"
"7014851",371865,2025-09-28 09:17:35,43.1328353881836,-8.4686975479126,"Unknown"
"7014851",371865,2025-09-28 09:27:32,43.1329727172852,-8.46879482269287,"Unknown"
"7014851",371865,2025-09-28 09:37:33,43.1330451965332,-8.46897125244141,"Unknown"
"7014851",371865,2025-09-28 09:47:39,43.1328544616699,-8.46873092651367,"Unknown"
"7014851",371865,2025-09-28 09:57:39,43.1328315734863,-8.46871757507324,"Unknown"
"7014851",371865,2025-09-28 10:07:39,43.1328201293945,-8.4686861038208,"Unknown"
"7014851",371865,2025-09-28 10:17:44,43.1327705383301,-8.46853256225586,"Unknown"
"7014851",371865,2025-09-28 10:27:30,43.1329689025879,-8.46891117095947,"Unknown"
"7014851",371865,2025-09-28 10:37:31,43.1331596374512,-8.46919250488281,"Unknown"
"7014851",371865,2025-09-28 10:47:44,43.1328239440918,-8.4685230255127,"Unknown"
"7014851",371865,2025-09-28 10:57:30,43.1329917907715,-8.46876335144043,"Unknown"
"7014851",371865,2025-09-28 11:07:35,43.1327934265137,-8.46847915649414,"Unknown"
"7014851",371865,2025-09-28 11:17:31,43.1327362060547,-8.46856498718262,"Unknown"
"7014851",371865,2025-09-28 11:27:31,43.1329116821289,-8.46878242492676,"Unknown"
"7014851",371865,2025-09-28 11:37:44,43.1326751708984,-8.46849632263184,"Unknown"
"7014851",371865,2025-09-28 11:47:40,43.1326713562012,-8.46875476837158,"Unknown"
"7014851",371865,2025-09-28 11:57:30,43.1328582763672,-8.46847534179688,"Unknown"
"7014851",371865,2025-09-28 12:07:30,43.132625579834,-8.46858024597168,"Unknown"
"7014851",371865,2025-09-28 12:12:31,43.1328163146973,-8.46846294403076,"Unknown"
"7014851",371865,2025-09-28 12:17:37,43.1325798034668,-8.46865749359131,"Unknown"
"7014851",371865,2025-09-28 12:27:34,43.1325912475586,-8.46862888336182,"Unknown"
"7014851",371865,2025-09-28 12:37:45,43.1327133178711,-8.46865653991699,"Unknown"
"7014851",371865,2025-09-28 12:47:30,43.1326866149902,-8.46874523162842,"Unknown"
"7014851",371865,2025-09-28 12:52:36,43.1327362060547,-8.46856021881104,"Unknown"
"7014851",371865,2025-09-28 12:57:36,43.1326789855957,-8.46865749359131,"Unknown"
"7014851",371865,2025-09-28 13:07:36,43.1326370239258,-8.46878337860107,"Unknown"
"7014851",371865,2025-09-28 13:12:32,43.1325874328613,-8.46885871887207,"Unknown"
"7014851",371865,2025-09-28 13:17:38,43.1327590942383,-8.46854305267334,"Unknown"
"7014851",371865,2025-09-28 13:22:37,43.1327285766602,-8.46852874755859,"Unknown"
"7014851",371865,2025-09-28 13:27:35,43.1327629089355,-8.46834087371826,"Unknown"
"7014851",371865,2025-09-28 13:32:49,43.132698059082,-8.46858692169189,"Unknown"
"7014851",371865,2025-09-28 13:37:41,43.1327209472656,-8.46854877471924,"Unknown"
"7014851",371865,2025-09-28 13:42:35,43.132755279541,-8.46846771240234,"Unknown"
"7014851",371865,2025-09-28 13:47:33,43.1326599121094,-8.46867752075195,"Unknown"
"7014851",371865,2025-09-28 13:52:33,43.1327514648438,-8.46855926513672,"Unknown"
"7014851",371865,2025-09-28 13:57:36,43.1327514648438,-8.46848583221436,"Unknown"
"7014851",371865,2025-09-28 14:02:30,43.1328430175781,-8.46850395202637,"Unknown"
"7014851",371865,2025-09-28 14:07:33,43.1327743530273,-8.46846389770508,"Unknown"
"7014851",371865,2025-09-28 14:12:36,43.132984161377,-8.46831130981445,"Unknown"
"7014851",371865,2025-09-28 14:17:36,43.1328582763672,-8.46836471557617,"Unknown"
"7014851",371865,2025-09-28 14:22:38,43.1328163146973,-8.46857452392578,"Unknown"
"7014851",371865,2025-09-28 14:28:05,43.1327362060547,-8.46850299835205,"Unknown"
"7014851",371865,2025-09-28 14:32:28,43.1326866149902,-8.46857166290283,"Unknown"
"7014851",371865,2025-09-28 14:37:29,43.1327133178711,-8.46854877471924,"Unknown"
"7014851",371865,2025-09-28 14:42:29,43.1327629089355,-8.46857166290283,"Unknown"
"7014851",371865,2025-09-28 14:47:28,43.1299285888672,-8.47066879272461,"Unknown"
"7014851",371865,2025-09-28 14:52:28,43.1299514770508,-8.47066688537598,"Unknown"
"7014851",371865,2025-09-28 14:57:35,43.1299438476562,-8.47063732147217,"Unknown"
"7014851",371865,2025-09-28 15:02:29,43.1301078796387,-8.47064876556396,"Unknown"
"7014851",371865,2025-09-28 15:07:32,43.129955291748,-8.47063541412354,"Unknown"
"7014851",371865,2025-09-28 15:12:33,43.1299858093262,-8.470627784729,"Unknown"
"7014851",371865,2025-09-28 15:17:28,43.1299209594727,-8.47057151794434,"Unknown"
"7014851",371865,2025-09-28 15:22:28,43.1300621032715,-8.47086524963379,"Unknown"
"7014851",371865,2025-09-28 15:27:28,43.1299438476562,-8.47082710266113,"Unknown"
"7014851",371865,2025-09-28 15:32:33,43.1304931640625,-8.47102165222168,"Unknown"
"7014851",371865,2025-09-28 15:37:29,43.1304931640625,-8.46996116638184,"Unknown"
"7014851",371865,2025-09-28 15:42:31,43.1304626464844,-8.47159099578857,"Unknown"
"7014851",371865,2025-09-28 15:47:32,43.1306686401367,-8.4714822769165,"Unknown"
"7014851",371865,2025-09-28 15:52:31,43.1307830810547,-8.471435546875,"Unknown"
"7014851",371865,2025-09-28 15:57:36,43.1309471130371,-8.47247695922852,"Unknown"
"7014851",371865,2025-09-28 16:02:30,43.1280555725098,-8.47401142120361,"Unknown"
"7014851",371865,2025-09-28 16:07:36,43.0995483398438,-8.49768352508545,"Unknown"
"7014851",371865,2025-09-28 16:12:31,43.0998420715332,-8.49690914154053,"Unknown"
"7014851",371865,2025-09-28 16:17:30,43.0994682312012,-8.49113845825195,"Unknown"
"7014851",371865,2025-09-28 16:22:41,43.1119804382324,-8.48488330841064,"Unknown"
"7014851",371865,2025-09-28 16:27:31,43.1283226013184,-8.47386646270752,"Unknown"
"7014851",371865,2025-09-28 16:32:30,43.1299514770508,-8.47033882141113,"Unknown"
"7014851",371865,2025-09-28 16:37:31,43.129997253418,-8.47043609619141,"Unknown"
"7014851",371865,2025-09-28 16:42:30,43.1299819946289,-8.47047805786133,"Unknown"
"7014851",371865,2025-09-28 16:47:45,43.1298141479492,-8.47034549713135,"Unknown"
"7014851",371865,2025-09-28 16:52:33,43.1297645568848,-8.47043895721436,"Unknown"
"7014851",371865,2025-09-28 16:57:34,43.1297950744629,-8.47041797637939,"Unknown"
"7014851",371865,2025-09-28 17:02:41,43.1297645568848,-8.47039127349854,"Unknown"
"7014851",371865,2025-09-28 17:07:34,43.1298561096191,-8.47028255462646,"Unknown"
"7014851",371865,2025-09-28 17:12:36,43.1298522949219,-8.47038173675537,"Unknown"
"7014851",371865,2025-09-28 17:17:36,43.1298065185547,-8.47044849395752,"Unknown"
"7014851",371865,2025-09-28 17:22:34,43.1299591064453,-8.47029209136963,"Unknown"
"7014851",371865,2025-09-28 17:27:36,43.1299629211426,-8.47034358978271,"Unknown"
"7014851",371865,2025-09-28 17:32:45,43.1299629211426,-8.4704475402832,"Unknown"
"7014851",371865,2025-09-28 17:37:36,43.1302909851074,-8.47034645080566,"Unknown"
"7014851",371865,2025-09-28 17:42:39,43.1299018859863,-8.47043514251709,"Unknown"
"7014851",371865,2025-09-28 17:47:39,43.1299514770508,-8.47043037414551,"Unknown"
"7014851",371865,2025-09-28 17:52:36,43.129753112793,-8.47068119049072,"Unknown"
"7014851",371865,2025-09-28 17:58:12,43.1308212280273,-8.47170639038086,"Unknown"
"7014851",371865,2025-09-28 18:02:35,43.1323051452637,-8.46837711334229,"Unknown"
"7014851",371865,2025-09-28 18:07:29,43.1324768066406,-8.46847438812256,"Unknown"
"7014851",371865,2025-09-28 18:13:13,43.1292304992676,-8.47096061706543,"Unknown"
"7014851",371865,2025-09-28 18:17:34,43.1295127868652,-8.47064304351807,"Unknown"
"7014851",371865,2025-09-28 18:22:29,43.1298713684082,-8.47072601318359,"Unknown"
"7014851",371865,2025-09-28 18:27:31,43.1458625793457,-8.46982002258301,"Unknown"
"7014851",371865,2025-09-28 18:32:28,43.1629524230957,-8.45799350738525,"Unknown"
"7014851",371865,2025-09-28 18:37:44,43.1719589233398,-8.4391450881958,"Unknown"
"7014851",371865,2025-09-28 18:42:33,43.1718139648438,-8.43929576873779,"Unknown"
"7014851",371865,2025-09-28 18:48:05,43.171989440918,-8.43900203704834,"Unknown"
"7014851",371865,2025-09-28 18:52:29,43.1719055175781,-8.43922996520996,"Unknown"
"7014851",371865,2025-09-28 18:58:05,43.1720199584961,-8.43898296356201,"Unknown"
"7014851",371865,2025-09-28 19:02:28,43.1720314025879,-8.43893241882324,"Unknown"
"7014851",371865,2025-09-28 19:07:28,43.172119140625,-8.43869495391846,"Unknown"
"7014851",371865,2025-09-28 19:12:31,43.172061920166,-8.43895244598389,"Unknown"
"7014851",371865,2025-09-28 19:17:29,43.171989440918,-8.43880558013916,"Unknown"
"7014851",371865,2025-09-28 19:22:35,43.1720085144043,-8.43890380859375,"Unknown"
"7014851",371865,2025-09-28 19:27:28,43.1719207763672,-8.43905162811279,"Unknown"
"7014851",371865,2025-09-28 19:37:28,43.1718978881836,-8.43901538848877,"Unknown"
"7014851",371865,2025-09-28 19:42:28,43.1720428466797,-8.440016746521,"Unknown"
"7014851",371865,2025-09-28 19:47:28,43.1720314025879,-8.44016933441162,"Unknown"
"7014851",371865,2025-09-28 19:52:28,43.1720352172852,-8.44015884399414,"Unknown"
"7014851",371865,2025-09-28 19:57:30,43.1720314025879,-8.43997573852539,"Unknown"
"7014851",371865,2025-09-28 20:07:35,43.1720275878906,-8.44002246856689,"Unknown"
"7014851",371865,2025-09-28 20:12:35,43.1719970703125,-8.44001007080078,"Unknown"
"7014851",371865,2025-09-28 20:22:44,43.1719856262207,-8.43992900848389,"Unknown"
"7014851",371865,2025-09-28 20:27:29,43.1721000671387,-8.4398136138916,"Unknown"
"7014851",371865,2025-09-28 20:37:28,43.1720924377441,-8.43981647491455,"Unknown"
"7014851",371865,2025-09-28 20:47:44,43.1720962524414,-8.43984985351562,"Unknown"
"7014851",371865,2025-09-28 20:52:29,43.1721305847168,-8.43987274169922,"Unknown"
"7014851",371865,2025-09-28 20:57:28,43.1724014282227,-8.44009208679199,"Unknown"
"7014851",371865,2025-09-28 21:07:28,43.1721649169922,-8.43990325927734,"Unknown"
"7014851",371865,2025-09-28 21:17:31,43.1721611022949,-8.43987560272217,"Unknown"
"7014851",371865,2025-09-28 21:27:30,43.1721572875977,-8.4399528503418,"Unknown"
"7014851",371865,2025-09-28 21:37:59,43.1720809936523,-8.43988990783691,"Unknown"
"7014851",371865,2025-09-28 21:47:28,43.1720275878906,-8.4398832321167,"Unknown"
"7014851",371865,2025-09-28 21:52:28,43.1721229553223,-8.43981742858887,"Unknown"
"7014851",371865,2025-09-28 22:02:30,43.172061920166,-8.4398717880249,"Unknown"
"7014851",371865,2025-09-28 22:12:33,43.172119140625,-8.43992137908936,"Unknown"
"7014851",371865,2025-09-28 22:22:28,43.1721038818359,-8.43975257873535,"Unknown"
"7014851",371865,2025-09-28 22:32:31,43.1721229553223,-8.4398717880249,"Unknown"
"7014851",371865,2025-09-28 22:42:33,43.1721000671387,-8.43975448608398,"Unknown"
"7014851",371865,2025-09-28 22:52:44,43.1721420288086,-8.43983554840088,"Unknown"
"7014851",371865,2025-09-28 23:02:31,43.1721611022949,-8.4398021697998,"Unknown"
"7014851",371865,2025-09-28 23:12:33,43.1721382141113,-8.4398250579834,"Unknown"
"7014851",371865,2025-09-28 23:22:30,43.1723365783691,-8.43981647491455,"Unknown"
"7014851",371865,2025-09-28 23:32:36,43.1721611022949,-8.43976593017578,"Unknown"
"7014851",371865,2025-09-28 23:42:30,43.1723136901855,-8.43984127044678,"Unknown"
"7014851",371865,2025-09-28 23:52:44,43.1722984313965,-8.43971920013428,"Unknown"
"7014851",371865,2025-09-29 00:02:59,43.1722602844238,-8.43991756439209,"Unknown"
"7014851",371865,2025-09-29 00:12:30,43.1722564697266,-8.4399471282959,"Unknown"
"7014851",371865,2025-09-29 00:22:32,43.1722755432129,-8.43990325927734,"Unknown"
"7014851",371865,2025-09-29 00:32:28,43.1722679138184,-8.43992042541504,"Unknown"
"7014851",371865,2025-09-29 00:42:29,43.1722640991211,-8.43993949890137,"Unknown"
"7014851",371865,2025-09-29 00:52:44,43.1722602844238,-8.43983745574951,"Unknown"
"7014851",371865,2025-09-29 01:02:30,43.1723518371582,-8.43981742858887,"Unknown"
"7014851",371865,2025-09-29 01:12:31,43.1724700927734,-8.43973541259766,"Unknown"
"7014851",371865,2025-09-29 01:22:29,43.1724853515625,-8.43968391418457,"Unknown"
"7014851",371865,2025-09-29 01:32:37,43.1724319458008,-8.43978309631348,"Unknown"
"7014851",371865,2025-09-29 01:42:29,43.1724891662598,-8.43978786468506,"Unknown"
"7014851",371865,2025-09-29 01:52:44,43.1723365783691,-8.43986225128174,"Unknown"
"7014851",371865,2025-09-29 02:02:30,43.1724090576172,-8.43984985351562,"Unknown"
"7014851",371865,2025-09-29 02:12:29,43.1725463867188,-8.44000434875488,"Unknown"
"7014851",371865,2025-09-29 02:22:29,43.1723289489746,-8.43996238708496,"Unknown"
"7014851",371865,2025-09-29 02:32:34,43.1724014282227,-8.44016456604004,"Unknown"
"7014851",371865,2025-09-29 02:42:34,43.1722755432129,-8.43978118896484,"Unknown"
"7014851",371865,2025-09-29 02:52:45,43.1724281311035,-8.43968677520752,"Unknown"
"7014851",371865,2025-09-29 03:02:37,43.172477722168,-8.43969821929932,"Unknown"
"7014851",371865,2025-09-29 03:12:38,43.1724700927734,-8.43991374969482,"Unknown"
"7014851",371865,2025-09-29 03:22:50,43.1724853515625,-8.43978118896484,"Unknown"
"7014851",371865,2025-09-29 03:32:44,43.172233581543,-8.43992519378662,"Unknown"
"7014851",371865,2025-09-29 03:42:34,43.1723670959473,-8.43991661071777,"Unknown"
"7014851",371865,2025-09-29 03:52:34,43.1721801757812,-8.43967437744141,"Unknown"
"7014851",371865,2025-09-29 04:02:35,43.1722412109375,-8.43983936309814,"Unknown"
"7014851",371865,2025-09-29 04:12:36,43.1721725463867,-8.43981266021729,"Unknown"
"7014851",371865,2025-09-29 04:22:34,43.1722297668457,-8.43985652923584,"Unknown"
"7014851",371865,2025-09-29 04:32:45,43.1722297668457,-8.43995761871338,"Unknown"
"7014851",371865,2025-09-29 04:42:35,43.1721534729004,-8.43997097015381,"Unknown"
"7014851",371865,2025-09-29 04:52:36,43.1722259521484,-8.44023036956787,"Unknown"
"7014851",371865,2025-09-29 05:02:33,43.1718559265137,-8.43982124328613,"Unknown"
"7014851",371865,2025-09-29 05:12:33,43.1721801757812,-8.43974494934082,"Unknown"
"7014851",371865,2025-09-29 05:22:31,43.1718826293945,-8.43983840942383,"Unknown"
"7014851",371865,2025-09-29 05:32:45,43.1720733642578,-8.43993377685547,"Unknown"
"7014851",371865,2025-09-29 05:42:51,43.1720771789551,-8.44000625610352,"Unknown"
"7014851",371865,2025-09-29 05:52:37,43.171932220459,-8.43979263305664,"Unknown"
"7014851",371865,2025-09-29 06:02:56,43.1721305847168,-8.43983554840088,"Unknown"
"7014851",371865,2025-09-29 06:12:36,43.1722946166992,-8.4398136138916,"Unknown"
"7014851",371865,2025-09-29 06:22:35,43.1722564697266,-8.43978214263916,"Unknown"
"7014851",371865,2025-09-29 06:32:44,43.1521492004395,-8.46761894226074,"Unknown"
"7014851",371865,2025-09-29 06:42:44,43.1325988769531,-8.46878147125244,"Unknown"
"7014851",371865,2025-09-29 06:52:36,43.1298370361328,-8.4707145690918,"Unknown"
"7014851",371865,2025-09-29 07:02:36,43.1307678222656,-8.47167491912842,"Unknown"
"7014851",371865,2025-09-29 07:12:35,43.1306915283203,-8.47084808349609,"Unknown"
"7014851",371865,2025-09-29 07:22:35,43.1306838989258,-8.47086811065674,"Unknown"
"7014851",371865,2025-09-29 07:33:06,43.1306686401367,-8.47123336791992,"Unknown"
"7014851",371865,2025-09-29 07:42:29,43.1305503845215,-8.47101783752441,"Unknown"
"7014851",371865,2025-09-29 07:52:29,43.1308517456055,-8.47084426879883,"Unknown"
"7014851",371865,2025-09-29 08:02:27,43.1308174133301,-8.47119998931885,"Unknown"
"7014851",371865,2025-09-29 08:12:27,43.0981941223145,-8.49478721618652,"Unknown"
"7014851",371865,2025-09-29 08:22:27,43.0987167358398,-8.49478054046631,"Unknown"
"7014851",371865,2025-09-29 08:32:28,43.098503112793,-8.49453353881836,"Unknown"
"7014851",371865,2025-09-29 08:42:28,43.1259307861328,-8.47484493255615,"Unknown"
"7014851",371865,2025-09-29 08:52:59,43.1297454833984,-8.47021007537842,"Unknown"
"7014851",371865,2025-09-29 09:02:28,43.1294822692871,-8.4702205657959,"Unknown"
"7014851",371865,2025-09-29 09:12:28,43.1298332214355,-8.46983242034912,"Unknown"
"7014851",371865,2025-09-29 09:22:28,43.1298751831055,-8.46987533569336,"Unknown"
"7014851",371865,2025-09-29 09:32:28,43.1296691894531,-8.46944618225098,"Unknown"
"7014851",371865,2025-09-29 09:42:31,43.1299743652344,-8.47024631500244,"Unknown"
"7014851",371865,2025-09-29 09:52:44,43.1299095153809,-8.47013187408447,"Unknown"
"7014851",371865,2025-09-29 10:02:28,43.1297569274902,-8.47023010253906,"Unknown"
"7014851",371865,2025-09-29 10:12:29,43.1297569274902,-8.46999549865723,"Unknown"
"7014851",371865,2025-09-29 10:22:31,43.129638671875,-8.4700288772583,"Unknown"
"7014851",371865,2025-09-29 10:32:33,43.1296005249023,-8.46988773345947,"Unknown"
"7014851",371865,2025-09-29 10:42:30,43.1297760009766,-8.46983528137207,"Unknown"
"7014851",371865,2025-09-29 10:53:14,43.1298065185547,-8.46968746185303,"Unknown"
"7014851",371865,2025-09-29 11:02:30,43.1296806335449,-8.46920204162598,"Unknown"
"7014851",371865,2025-09-29 11:12:31,43.129711151123,-8.46953964233398,"Unknown"
"7014851",371865,2025-09-29 11:22:35,43.1296539306641,-8.46951484680176,"Unknown"
"7014851",371865,2025-09-29 11:27:33,43.1297607421875,-8.46954345703125,"Unknown"
"7014851",371865,2025-09-29 11:32:29,43.1322288513184,-8.46829223632812,"Unknown"
"7014851",371865,2025-09-29 11:37:29,43.1324272155762,-8.46844863891602,"Unknown"
"7014851",371865,2025-09-29 11:42:35,43.1326599121094,-8.46866035461426,"Unknown"
"7014851",371865,2025-09-29 11:47:46,43.1328659057617,-8.46830940246582,"Unknown"
"7014851",371865,2025-09-29 11:52:31,43.1333084106445,-8.46870994567871,"Unknown"
"7014851",371865,2025-09-29 11:57:30,43.1333770751953,-8.46836948394775,"Unknown"
"7014851",371865,2025-09-29 12:02:31,43.1333999633789,-8.46854209899902,"Unknown"
"7014851",371865,2025-09-29 12:07:36,43.1333122253418,-8.46854686737061,"Unknown"
"7014851",371865,2025-09-29 12:12:36,43.1334075927734,-8.46838474273682,"Unknown"
"7014851",371865,2025-09-29 12:17:40,43.1331405639648,-8.46870136260986,"Unknown"
"7014851",371865,2025-09-29 12:22:36,43.1330490112305,-8.46876811981201,"Unknown"
"7014851",371865,2025-09-29 12:27:28,43.1329917907715,-8.46893310546875,"Unknown"
"7014851",371865,2025-09-29 12:32:36,43.1331062316895,-8.46867847442627,"Unknown"
"7014851",371865,2025-09-29 12:37:29,43.1331481933594,-8.46859073638916,"Unknown"
"7014851",371865,2025-09-29 12:42:28,43.1330871582031,-8.46860408782959,"Unknown"
"7014851",371865,2025-09-29 12:47:45,43.1330146789551,-8.46865272521973,"Unknown"
"7014851",371865,2025-09-29 12:52:29,43.1329650878906,-8.46871471405029,"Unknown"
"7014851",371865,2025-09-29 12:57:30,43.1328201293945,-8.46868324279785,"Unknown"
"7014851",371865,2025-09-29 13:02:33,43.1329307556152,-8.46865653991699,"Unknown"
"7014851",371865,2025-09-29 13:07:31,43.1329231262207,-8.46868896484375,"Unknown"
"7014851",371865,2025-09-29 13:12:31,43.1329956054688,-8.46865177154541,"Unknown"
"7014851",371865,2025-09-29 13:17:36,43.132942199707,-8.46866416931152,"Unknown"
"7014851",371865,2025-09-29 13:22:33,43.1329879760742,-8.46866703033447,"Unknown"
"7014851",371865,2025-09-29 13:27:43,43.1329307556152,-8.46857643127441,"Unknown"
"7014851",371865,2025-09-29 13:32:40,43.132926940918,-8.46860122680664,"Unknown"
"7014851",371865,2025-09-29 13:37:38,43.1329002380371,-8.46858024597168,"Unknown"
"7014851",371865,2025-09-29 13:42:38,43.1330528259277,-8.46802520751953,"Unknown"
"7014851",371865,2025-09-29 13:47:45,43.1328659057617,-8.46872711181641,"Unknown"
"7014851",371865,2025-09-29 13:52:36,43.1328735351562,-8.46873188018799,"Unknown"
"7014851",371865,2025-09-29 13:57:36,43.1328887939453,-8.46864318847656,"Unknown"
"7014851",371865,2025-09-29 14:02:36,43.1329460144043,-8.46860313415527,"Unknown"
"7014851",371865,2025-09-29 14:07:36,43.132926940918,-8.468674659729,"Unknown"
"7014851",371865,2025-09-29 14:12:36,43.1329345703125,-8.46849727630615,"Unknown"
"7014851",371865,2025-09-29 14:17:36,43.1329002380371,-8.4686222076416,"Unknown"
"7014851",371865,2025-09-29 14:22:36,43.1329498291016,-8.46859455108643,"Unknown"
"7014851",371865,2025-09-29 14:27:44,43.1329803466797,-8.46841716766357,"Unknown"
"7014851",371865,2025-09-29 14:32:59,43.1328277587891,-8.46871948242188,"Unknown"
"7014851",371865,2025-09-29 14:37:27,43.132984161377,-8.46864986419678,"Unknown"
"7014851",371865,2025-09-29 14:42:27,43.1330909729004,-8.46866512298584,"Unknown"
"7014851",371865,2025-09-29 14:47:28,43.1329612731934,-8.46861934661865,"Unknown"
"7014851",371865,2025-09-29 14:52:28,43.1330528259277,-8.46866321563721,"Unknown"
"7014851",371865,2025-09-29 14:57:27,43.1330680847168,-8.4686975479126,"Unknown"
"7014851",371865,2025-09-29 15:02:29,43.1297225952148,-8.47054767608643,"Unknown"
"7014851",371865,2025-09-29 15:07:28,43.1300659179688,-8.47060108184814,"Unknown"
"7014851",371865,2025-09-29 15:12:30,43.1300506591797,-8.47042751312256,"Unknown"
"7014851",371865,2025-09-29 15:17:32,43.1298332214355,-8.47031402587891,"Unknown"
"7014851",371865,2025-09-29 15:22:48,43.1298675537109,-8.47027587890625,"Unknown"
"7014851",371865,2025-09-29 15:27:32,43.1298942565918,-8.47005081176758,"Unknown"
"7014851",371865,2025-09-29 15:32:35,43.129997253418,-8.47001171112061,"Unknown"
"7014851",371865,2025-09-29 15:37:52,43.129940032959,-8.47018146514893,"Unknown"
"7014851",371865,2025-09-29 15:42:35,43.1298637390137,-8.47009658813477,"Unknown"
"7014851",371865,2025-09-29 15:47:58,43.1298789978027,-8.47036170959473,"Unknown"
"7014851",371865,2025-09-29 15:52:28,43.1298789978027,-8.47060298919678,"Unknown"
"7014851",371865,2025-09-29 15:57:28,43.1299285888672,-8.47052192687988,"Unknown"
"7014851",371865,2025-09-29 16:02:27,43.1304016113281,-8.47101402282715,"Unknown"
"7014851",371865,2025-09-29 16:07:28,43.1302871704102,-8.47122478485107,"Unknown"
"7014851",371865,2025-09-29 16:12:29,43.1301116943359,-8.47214889526367,"Unknown"
"7014851",371865,2025-09-29 16:17:31,43.1302337646484,-8.47180080413818,"Unknown"
"7014851",371865,2025-09-29 16:22:31,43.1302337646484,-8.47178077697754,"Unknown"
"7014851",371865,2025-09-29 16:27:31,43.1302146911621,-8.47177219390869,"Unknown"
"7014851",371865,2025-09-29 16:32:37,43.1304016113281,-8.47113800048828,"Unknown"
"7014851",371865,2025-09-29 16:37:34,43.1304969787598,-8.47106552124023,"Unknown"
"7014851",371865,2025-09-29 16:42:30,43.1306419372559,-8.47118377685547,"Unknown"
"7014851",371865,2025-09-29 16:47:30,43.1298065185547,-8.47098636627197,"Unknown"
"7014851",371865,2025-09-29 16:52:28,43.129940032959,-8.47004508972168,"Unknown"
"7014851",371865,2025-09-29 16:57:44,43.1299324035645,-8.47012424468994,"Unknown"
"7014851",371865,2025-09-29 17:02:27,43.1299285888672,-8.47004985809326,"Unknown"
"7014851",371865,2025-09-29 17:07:27,43.1495590209961,-8.47185325622559,"Unknown"
"7014851",371865,2025-09-29 17:12:27,43.1698417663574,-8.45839595794678,"Unknown"
"7014851",371865,2025-09-29 17:17:28,43.1840019226074,-8.43393802642822,"Unknown"
"7014851",371865,2025-09-29 17:22:28,43.1932411193848,-8.42347145080566,"Unknown"
"7014851",371865,2025-09-29 17:27:27,43.1933631896973,-8.42364025115967,"Unknown"
"7014851",371865,2025-09-29 17:37:30,43.194034576416,-8.42463779449463,"Unknown"
"7014851",371865,2025-09-29 17:47:44,43.1728591918945,-8.4379243850708,"Unknown"
"7014851",371865,2025-09-29 17:52:28,43.1727294921875,-8.43795585632324,"Unknown"
"7014851",371865,2025-09-29 18:02:32,43.172737121582,-8.43810272216797,"Unknown"
"7014851",371865,2025-09-29 18:12:27,43.1725196838379,-8.43826770782471,"Unknown"
"7014851",371865,2025-09-29 18:22:34,43.1705703735352,-8.43797588348389,"Unknown"
"7014851",371865,2025-09-29 18:32:45,43.1706657409668,-8.4379711151123,"Unknown"
"7014851",371865,2025-09-29 18:42:29,43.170726776123,-8.43795490264893,"Unknown"
"7014851",371865,2025-09-29 18:52:31,43.170581817627,-8.43796253204346,"Unknown"
"7014851",371865,2025-09-29 19:02:37,43.1705894470215,-8.43806648254395,"Unknown"
"7014851",371865,2025-09-29 19:12:34,43.1725273132324,-8.43873500823975,"Unknown"
"7014851",371865,2025-09-29 19:22:31,43.1723289489746,-8.43850898742676,"Unknown"
"7014851",371865,2025-09-29 19:32:59,43.1723899841309,-8.43868160247803,"Unknown"
"7014851",371865,2025-09-29 19:42:36,43.172477722168,-8.43882083892822,"Unknown"
"7014851",371865,2025-09-29 19:52:36,43.1722831726074,-8.43877506256104,"Unknown"
"7014851",371865,2025-09-29 20:02:59,43.1722373962402,-8.43884658813477,"Unknown"
"7014851",371865,2025-09-29 20:12:36,43.1722602844238,-8.43883323669434,"Unknown"
"7014851",371865,2025-09-29 20:22:36,43.1722869873047,-8.43889808654785,"Unknown"
"7014851",371865,2025-09-29 20:32:42,43.1722946166992,-8.43869876861572,"Unknown"
"7014851",371865,2025-09-29 20:42:36,43.1722068786621,-8.43878650665283,"Unknown"
"7014851",371865,2025-09-29 20:52:51,43.1725654602051,-8.43899440765381,"Unknown"
"7014851",371865,2025-09-29 21:02:36,43.1723136901855,-8.4387903213501,"Unknown"
"7014851",371865,2025-09-29 21:12:44,43.1722297668457,-8.43879699707031,"Unknown"
"7014851",371865,2025-09-29 21:22:36,43.1721153259277,-8.43863964080811,"Unknown"
"7014851",371865,2025-09-29 21:32:27,43.1720504760742,-8.43809032440186,"Unknown"
"7014851",371865,2025-09-29 21:42:27,43.1720237731934,-8.43861103057861,"Unknown"
"7014851",371865,2025-09-29 21:52:59,43.1720237731934,-8.43878173828125,"Unknown"
"7014851",371865,2025-09-29 22:02:31,43.1720809936523,-8.43878841400146,"Unknown"
"7014851",371865,2025-09-29 22:12:27,43.1719360351562,-8.43886470794678,"Unknown"
"7014851",371865,2025-09-29 22:22:33,43.172004699707,-8.43882846832275,"Unknown"
"7014851",371865,2025-09-29 22:32:26,43.1719360351562,-8.43872261047363,"Unknown"
"7014851",371865,2025-09-29 22:42:27,43.1725082397461,-8.43856525421143,"Unknown"
"7014851",371865,2025-09-29 22:52:29,43.1724967956543,-8.43867301940918,"Unknown"
"7014851",371865,2025-09-29 23:02:29,43.1724243164062,-8.43854236602783,"Unknown"
"7014851",371865,2025-09-29 23:12:31,43.1726112365723,-8.43856334686279,"Unknown"
"7014851",371865,2025-09-29 23:22:30,43.1725845336914,-8.43874168395996,"Unknown"
"7014851",371865,2025-09-29 23:32:36,43.1725616455078,-8.43866157531738,"Unknown"
"7014851",371865,2025-09-29 23:42:35,43.1726455688477,-8.43847942352295,"Unknown"
"7014851",371865,2025-09-29 23:52:39,43.1724967956543,-8.43865013122559,"Unknown"
"7014851",371865,2025-09-30 00:02:59,43.1725730895996,-8.43860340118408,"Unknown"
"7014851",371865,2025-09-30 00:12:27,43.1725845336914,-8.43857192993164,"Unknown"
"7014851",371865,2025-09-30 00:22:27,43.1725273132324,-8.43860530853271,"Unknown"
"7014851",371865,2025-09-30 00:32:30,43.1724548339844,-8.43851470947266,"Unknown"
"7014851",371865,2025-09-30 00:42:28,43.1725692749023,-8.43848419189453,"Unknown"
"7014851",371865,2025-09-30 00:52:27,43.1725692749023,-8.43863105773926,"Unknown"
"7014851",371865,2025-09-30 01:02:29,43.1726531982422,-8.43859100341797,"Unknown"
"7014851",371865,2025-09-30 01:12:27,43.172534942627,-8.43863296508789,"Unknown"
"7014851",371865,2025-09-30 01:22:27,43.1725273132324,-8.43864440917969,"Unknown"
"7014851",371865,2025-09-30 01:32:29,43.1725578308105,-8.43862724304199,"Unknown"
"7014851",371865,2025-09-30 01:42:29,43.1725463867188,-8.43860149383545,"Unknown"
"7014851",371865,2025-09-30 01:52:28,43.1717300415039,-8.43942928314209,"Unknown"
"7014851",371865,2025-09-30 02:02:36,43.1715660095215,-8.43929481506348,"Unknown"
"7014851",371865,2025-09-30 02:12:31,43.1716041564941,-8.4392671585083,"Unknown"
"7014851",371865,2025-09-30 02:22:44,43.1715431213379,-8.43932437896729,"Unknown"
"7014851",371865,2025-09-30 02:32:31,43.1715049743652,-8.43926048278809,"Unknown"
"7014851",371865,2025-09-30 02:42:27,43.1716194152832,-8.4393253326416,"Unknown"
"7014851",371865,2025-09-30 02:52:45,43.171558380127,-8.43927097320557,"Unknown"
"7014851",371865,2025-09-30 03:02:35,43.1715965270996,-8.43934440612793,"Unknown"
"7014851",371865,2025-09-30 03:12:28,43.1712379455566,-8.43878173828125,"Unknown"
"7014851",371865,2025-09-30 03:22:40,43.1714859008789,-8.43915748596191,"Unknown"
"7014851",371865,2025-09-30 03:32:33,43.170970916748,-8.43941497802734,"Unknown"
"7014851",371865,2025-09-30 03:42:28,43.1713485717773,-8.43992328643799,"Unknown"
"7014851",371865,2025-09-30 03:52:44,43.1715049743652,-8.43923759460449,"Unknown"
"7014851",371865,2025-09-30 04:02:36,43.1715049743652,-8.43927192687988,"Unknown"
"7014851",371865,2025-09-30 04:12:36,43.1715202331543,-8.43945598602295,"Unknown"
"7014851",371865,2025-09-30 04:22:45,43.1715049743652,-8.43929100036621,"Unknown"
"7014851",371865,2025-09-30 04:32:28,43.171573638916,-8.43930625915527,"Unknown"
"7014851",371865,2025-09-30 04:42:29,43.1713752746582,-8.43920612335205,"Unknown"
"7014851",371865,2025-09-30 04:52:59,43.1715507507324,-8.43924236297607,"Unknown"
"7014851",371865,2025-09-30 05:02:26,43.1715621948242,-8.43928718566895,"Unknown"
"7014851",371865,2025-09-30 05:12:26,43.1716079711914,-8.43930149078369,"Unknown"
"7014851",371865,2025-09-30 05:22:26,43.1715316772461,-8.43933868408203,"Unknown"
"7014851",371865,2025-09-30 05:32:26,43.1715965270996,-8.43936634063721,"Unknown"
"7014851",371865,2025-09-30 05:42:27,43.1715469360352,-8.4392786026001,"Unknown"
"7014851",371865,2025-09-30 05:52:29,43.1715126037598,-8.43927478790283,"Unknown"
"7014851",371865,2025-09-30 06:02:42,43.1712532043457,-8.43927669525146,"Unknown"
"7014851",371865,2025-09-30 06:12:30,43.1713752746582,-8.43924045562744,"Unknown"
"7014851",371865,2025-09-30 06:22:32,43.1716728210449,-8.43928337097168,"Unknown"
"7014851",371865,2025-09-30 06:32:29,43.1303443908691,-8.47025489807129,"Unknown"
"7014851",371865,2025-09-30 06:42:32,43.1300773620605,-8.47034645080566,"Unknown"
"7014851",371865,2025-09-30 06:52:29,43.1305313110352,-8.47121524810791,"Unknown"
"7014851",371865,2025-09-30 07:02:29,43.130443572998,-8.47115898132324,"Unknown"
"7014851",371865,2025-09-30 07:12:28,43.1302833557129,-8.47109127044678,"Unknown"
"7014851",371865,2025-09-30 07:22:31,43.1303100585938,-8.47127819061279,"Unknown"
"7014851",371865,2025-09-30 07:32:45,43.1302032470703,-8.47109889984131,"Unknown"
"7014851",371865,2025-09-30 07:42:29,43.1303405761719,-8.47116661071777,"Unknown"
"7014851",371865,2025-09-30 07:52:30,43.1303176879883,-8.47110080718994,"Unknown"
"7014851",371865,2025-09-30 08:02:29,43.1324043273926,-8.47280979156494,"Unknown"
"7014851",371865,2025-09-30 08:12:30,43.1323432922363,-8.47271060943604,"Unknown"
"7014851",371865,2025-09-30 08:22:44,43.1323394775391,-8.47275924682617,"Unknown"
"7014851",371865,2025-09-30 08:32:45,43.1323356628418,-8.47278690338135,"Unknown"
"7014851",371865,2025-09-30 08:43:29,43.1332244873047,-8.46949768066406,"Unknown"
"7014851",371865,2025-09-30 08:52:26,43.1331329345703,-8.46958541870117,"Unknown"
"7014851",371865,2025-09-30 09:02:27,43.1330413818359,-8.46975326538086,"Unknown"
"7014851",371865,2025-09-30 09:12:29,43.1329574584961,-8.46982479095459,"Unknown"
"7014851",371865,2025-09-30 09:22:31,43.1330795288086,-8.46964073181152,"Unknown"
"7014851",371865,2025-09-30 09:32:33,43.1332511901855,-8.46943950653076,"Unknown"
"7014851",371865,2025-09-30 09:42:36,43.1332664489746,-8.46946430206299,"Unknown"
"7014851",371865,2025-09-30 09:52:36,43.1331405639648,-8.46957015991211,"Unknown"
"7014851",371865,2025-09-30 10:02:36,43.1332740783691,-8.46938800811768,"Unknown"
"7014851",371865,2025-09-30 10:12:45,43.1332168579102,-8.46949291229248,"Unknown"
"7014851",371865,2025-09-30 10:22:25,43.133113861084,-8.46955871582031,"Unknown"
"7014851",371865,2025-09-30 10:32:28,43.1333808898926,-8.46947479248047,"Unknown"
"7014851",371865,2025-09-30 10:42:26,43.1332206726074,-8.46944427490234,"Unknown"
"7014851",371865,2025-09-30 10:52:44,43.1332511901855,-8.46948528289795,"Unknown"
"7014851",371865,2025-09-30 11:02:31,43.1333084106445,-8.46954345703125,"Unknown"
"7014851",371865,2025-09-30 11:12:29,43.1333999633789,-8.46954727172852,"Unknown"
"7014851",371865,2025-09-30 11:22:29,43.1332817077637,-8.46945762634277,"Unknown"
"7014851",371865,2025-09-30 11:32:31,43.1333312988281,-8.46946048736572,"Unknown"
"7014851",371865,2025-09-30 11:42:26,43.1334228515625,-8.46958637237549,"Unknown"
"7014851",371865,2025-09-30 11:53:14,43.1333351135254,-8.46949195861816,"Unknown"
"7014851",371865,2025-09-30 12:02:28,43.1333847045898,-8.469651222229,"Unknown"
"7014851",371865,2025-09-30 12:12:26,43.1334266662598,-8.46967506408691,"Unknown"
"7014851",371865,2025-09-30 12:22:28,43.133373260498,-8.46970176696777,"Unknown"
"7014851",371865,2025-09-30 12:32:36,43.1332817077637,-8.4696102142334,"Unknown"
"7014851",371865,2025-09-30 12:42:26,43.1330413818359,-8.46940040588379,"Unknown"
"7014851",371865,2025-09-30 12:52:45,43.1332015991211,-8.46964073181152,"Unknown"
"7014851",371865,2025-09-30 13:02:29,43.1331214904785,-8.46967124938965,"Unknown"
"7014851",371865,2025-09-30 13:12:43,43.1331634521484,-8.46948909759521,"Unknown"
"7014851",371865,2025-09-30 13:22:31,43.1331405639648,-8.46948337554932,"Unknown"
"7014851",371865,2025-09-30 13:32:26,43.1332168579102,-8.46978378295898,"Unknown"
"7014851",371865,2025-09-30 13:42:36,43.1332244873047,-8.469407081604,"Unknown"
"7014851",371865,2025-09-30 13:52:44,43.1330795288086,-8.46939468383789,"Unknown"
"7014851",371865,2025-09-30 14:02:44,43.129940032959,-8.46974277496338,"Unknown"
"7014851",371865,2025-09-30 14:12:31,43.1299819946289,-8.46962451934814,"Unknown"
"7014851",371865,2025-09-30 14:22:56,43.1298942565918,-8.47006225585938,"Unknown"
"7014851",371865,2025-09-30 14:32:30,43.1298828125,-8.47050762176514,"Unknown"
"7014851",371865,2025-09-30 14:42:25,43.1298713684082,-8.47059631347656,"Unknown"
"7014851",371865,2025-09-30 14:52:45,43.1297607421875,-8.47018051147461,"Unknown"
"7014851",371865,2025-09-30 15:02:37,43.1298027038574,-8.47004699707031,"Unknown"
"7014851",371865,2025-09-30 15:12:36,43.1298179626465,-8.47015476226807,"Unknown"
"7014851",371865,2025-09-30 15:22:36,43.1298446655273,-8.470139503479,"Unknown"
"7014851",371865,2025-09-30 15:32:36,43.1299705505371,-8.47098064422607,"Unknown"
"7014851",371865,2025-09-30 15:42:36,43.1299514770508,-8.47084045410156,"Unknown"
"7014851",371865,2025-09-30 15:52:59,43.1319046020508,-8.47216415405273,"Unknown"
"7014851",371865,2025-09-30 15:57:25,43.133358001709,-8.46976280212402,"Unknown"
"7014851",371865,2025-09-30 16:07:35,43.1334953308105,-8.4699821472168,"Unknown"
"7014851",371865,2025-09-30 16:18:44,43.1335258483887,-8.46992778778076,"Unknown"
"7014851",371865,2025-09-30 16:27:29,43.1335334777832,-8.46993827819824,"Unknown"
"7014851",371865,2025-09-30 16:37:30,43.1335411071777,-8.46972560882568,"Unknown"
"7014851",371865,2025-09-30 16:48:05,43.1334686279297,-8.47001838684082,"Unknown"
"7014851",371865,2025-09-30 16:57:25,43.1300468444824,-8.47000026702881,"Unknown"
"7014851",371865,2025-09-30 17:07:25,43.1300201416016,-8.4699764251709,"Unknown"
"7014851",371865,2025-09-30 17:17:25,43.1299629211426,-8.47013664245605,"Unknown"
"7014851",371865,2025-09-30 17:27:26,43.1299896240234,-8.47016525268555,"Unknown"
"7014851",371865,2025-09-30 17:37:26,43.1299247741699,-8.47013568878174,"Unknown"
"7014851",371865,2025-09-30 17:47:25,43.130012512207,-8.47016716003418,"Unknown"
"7014851",371865,2025-09-30 17:57:27,43.1303825378418,-8.47014713287354,"Unknown"
"7014851",371865,2025-09-30 18:07:44,43.1814727783203,-8.43597888946533,"Unknown"
"7014851",371865,2025-09-30 18:17:26,43.1921577453613,-8.42108917236328,"Unknown"
"7014851",371865,2025-09-30 18:27:28,43.1923141479492,-8.42005825042725,"Unknown"
"7014851",371865,2025-09-30 18:37:38,43.1923675537109,-8.41899681091309,"Unknown"
"7014851",371865,2025-09-30 18:48:35,43.1922264099121,-8.41806316375732,"Unknown"
"7014851",371865,2025-09-30 18:57:25,43.1927642822266,-8.4176664352417,"Unknown"
"7014851",371865,2025-09-30 19:07:25,43.1933441162109,-8.41872024536133,"Unknown"
"7014851",371865,2025-09-30 19:17:26,43.1927452087402,-8.41995239257812,"Unknown"
"7014851",371865,2025-09-30 19:27:25,43.1928367614746,-8.42130374908447,"Unknown"
"7014851",371865,2025-09-30 19:37:25,43.192253112793,-8.4206485748291,"Unknown"
"7014851",371865,2025-09-30 19:47:31,43.192195892334,-8.42026710510254,"Unknown"
"7014851",371865,2025-09-30 19:57:28,43.1925430297852,-8.42000389099121,"Unknown"
"7014851",371865,2025-09-30 20:07:44,43.1929092407227,-8.42043113708496,"Unknown"
"7014851",371865,2025-09-30 20:17:27,43.1922760009766,-8.42005252838135,"Unknown"
"7014851",371865,2025-09-30 20:27:28,43.1929168701172,-8.42006492614746,"Unknown"
"7014851",371865,2025-09-30 20:37:40,43.1935729980469,-8.42077350616455,"Unknown"
"7014851",371865,2025-09-30 20:47:36,43.1936531066895,-8.42136669158936,"Unknown"
"7014851",371865,2025-09-30 20:57:38,43.1930770874023,-8.42079067230225,"Unknown"
"7014851",371865,2025-09-30 21:07:44,43.1927795410156,-8.41971683502197,"Unknown"
"7014851",371865,2025-09-30 21:17:25,43.1928977966309,-8.41940593719482,"Unknown"
"7014851",371865,2025-09-30 21:27:36,43.1928787231445,-8.41961669921875,"Unknown"
"7014851",371865,2025-09-30 21:37:37,43.1924285888672,-8.42078304290771,"Unknown"
"7014851",371865,2025-09-30 21:47:59,43.1926689147949,-8.42070579528809,"Unknown"
"7014851",371865,2025-09-30 21:57:26,43.192440032959,-8.420729637146,"Unknown"
"7014851",371865,2025-09-30 22:07:28,43.1926116943359,-8.42063236236572,"Unknown"
"7014851",371865,2025-09-30 22:17:27,43.1923408508301,-8.42053890228271,"Unknown"
"7014851",371865,2025-09-30 22:27:27,43.1921348571777,-8.42107105255127,"Unknown"
"7014851",371865,2025-09-30 22:37:39,43.1918334960938,-8.4215030670166,"Unknown"
"7014851",371865,2025-09-30 22:47:37,43.191276550293,-8.42154788970947,"Unknown"
"7014851",371865,2025-09-30 22:57:38,43.1910133361816,-8.42120170593262,"Unknown"
"7014851",371865,2025-09-30 23:07:44,43.1907386779785,-8.41988468170166,"Unknown"
"7014851",371865,2025-09-30 23:17:37,43.1904602050781,-8.41933059692383,"Unknown"
"7014851",371865,2025-09-30 23:27:37,43.1903076171875,-8.42001152038574,"Unknown"
"7014851",371865,2025-09-30 23:37:48,43.1910209655762,-8.42043876647949,"Unknown"
"7014851",371865,2025-09-30 23:47:59,43.1910209655762,-8.41959857940674,"Unknown"
"7014851",371865,2025-09-30 23:57:31,43.1907386779785,-8.41994190216064,"Unknown"
"7014851",371865,2025-10-01 00:07:37,43.1910247802734,-8.41911029815674,"Unknown"
"7014851",371865,2025-10-01 00:17:37,43.1913566589355,-8.42042636871338,"Unknown"
"7014851",371865,2025-10-01 00:27:39,43.191276550293,-8.42126083374023,"Unknown"
"7014851",371865,2025-10-01 00:37:44,43.1905288696289,-8.42129707336426,"Unknown"
"7014851",371865,2025-10-01 00:47:30,43.1905746459961,-8.42098617553711,"Unknown"
"7014851",371865,2025-10-01 00:57:30,43.190845489502,-8.41989517211914,"Unknown"
"7014851",371865,2025-10-01 01:07:38,43.1913833618164,-8.41982269287109,"Unknown"
"7014851",371865,2025-10-01 01:17:37,43.1914863586426,-8.42001819610596,"Unknown"
"7014851",371865,2025-10-01 01:27:40,43.1915550231934,-8.42059898376465,"Unknown"
"7014851",371865,2025-10-01 01:37:29,43.1912078857422,-8.42071533203125,"Unknown"
"7014851",371865,2025-10-01 01:47:44,43.1911811828613,-8.42063331604004,"Unknown"
"7014851",371865,2025-10-01 01:57:37,43.1906585693359,-8.42069244384766,"Unknown"
"7014851",371865,2025-10-01 02:07:44,43.1904525756836,-8.420729637146,"Unknown"
"7014851",371865,2025-10-01 02:17:30,43.1904182434082,-8.42056465148926,"Unknown"
"7014851",371865,2025-10-01 02:27:33,43.1910972595215,-8.42237949371338,"Unknown"
"7014851",371865,2025-10-01 02:37:43,43.1908340454102,-8.42227840423584,"Unknown"
"7014851",371865,2025-10-01 02:47:44,43.190975189209,-8.42221641540527,"Unknown"
"7014851",371865,2025-10-01 02:57:36,43.1908340454102,-8.42142486572266,"Unknown"
"7014851",371865,2025-10-01 03:07:36,43.1906509399414,-8.42151546478271,"Unknown"
"7014851",371865,2025-10-01 03:17:36,43.1902503967285,-8.42104816436768,"Unknown"
"7014851",371865,2025-10-01 03:27:36,43.1902961730957,-8.42052936553955,"Unknown"
"7014851",371865,2025-10-01 03:37:45,43.1904067993164,-8.42034912109375,"Unknown"
"7014851",371865,2025-10-01 03:47:36,43.1904067993164,-8.42116928100586,"Unknown"
"7014851",371865,2025-10-01 03:57:36,43.1902885437012,-8.42183589935303,"Unknown"
"7014851",371865,2025-10-01 04:07:44,43.1904487609863,-8.42226886749268,"Unknown"
"7014851",371865,2025-10-01 04:17:27,43.1908912658691,-8.42232131958008,"Unknown"
"7014851",371865,2025-10-01 04:27:38,43.1913299560547,-8.4220609664917,"Unknown"
"7014851",371865,2025-10-01 04:37:27,43.1915626525879,-8.42221260070801,"Unknown"
"7014851",371865,2025-10-01 04:47:59,43.1924285888672,-8.42256832122803,"Unknown"
"7014851",371865,2025-10-01 04:57:24,43.1918144226074,-8.42119693756104,"Unknown"
"7014851",371865,2025-10-01 05:07:28,43.1915817260742,-8.42110633850098,"Unknown"
"7014851",371865,2025-10-01 05:17:25,43.1917190551758,-8.42213344573975,"Unknown"
"7014851",371865,2025-10-01 05:27:27,43.1919403076172,-8.42236328125,"Unknown"
"7014851",371865,2025-10-01 05:37:34,43.1925773620605,-8.42292881011963,"Unknown"
"7014851",371865,2025-10-01 05:48:14,43.1925849914551,-8.4228048324585,"Unknown"
"7014851",371865,2025-10-01 05:57:39,43.1911354064941,-8.42229175567627,"Unknown"
"7014851",371865,2025-10-01 06:07:37,43.191535949707,-8.4228343963623,"Unknown"
"7014851",371865,2025-10-01 06:17:34,43.190975189209,-8.42305564880371,"Unknown"
"7014851",371865,2025-10-01 06:27:36,43.1705055236816,-8.4457311630249,"Unknown"
"7014851",371865,2025-10-01 06:37:36,43.1299934387207,-8.47005748748779,"Unknown"
"7014851",371865,2025-10-01 06:48:14,43.1298637390137,-8.47029304504395,"Unknown"
"7014851",371865,2025-10-01 06:58:49,43.1298446655273,-8.47033500671387,"Unknown"
"7014851",371865,2025-10-01 07:07:44,43.1298522949219,-8.47041797637939,"Unknown"
"7014851",371865,2025-10-01 07:17:27,43.1305084228516,-8.47108745574951,"Unknown"
"7014851",371865,2025-10-01 07:27:27,43.1304740905762,-8.47078514099121,"Unknown"
"7014851",371865,2025-10-01 07:37:30,43.1303176879883,-8.4711446762085,"Unknown"
"7014851",371865,2025-10-01 07:48:05,43.1305160522461,-8.47106075286865,"Unknown"
"7014851",371865,2025-10-01 07:57:26,43.1305389404297,-8.47117328643799,"Unknown"
"7014851",371865,2025-10-01 08:07:27,43.1301383972168,-8.46971607208252,"Unknown"
"7014851",371865,2025-10-01 08:17:24,43.1290130615234,-8.46984100341797,"Unknown"
"7014851",371865,2025-10-01 08:27:25,43.129035949707,-8.47005271911621,"Unknown"
"7014851",371865,2025-10-01 08:37:44,43.1299819946289,-8.47034168243408,"Unknown"
"7014851",371865,2025-10-01 08:47:25,43.1299362182617,-8.47021675109863,"Unknown"
"7014851",371865,2025-10-01 08:57:27,43.1299476623535,-8.4697790145874,"Unknown"
"7014851",371865,2025-10-01 09:07:27,43.1299438476562,-8.46980285644531,"Unknown"
"7014851",371865,2025-10-01 09:17:44,43.1299591064453,-8.46980094909668,"Unknown"
"7014851",371865,2025-10-01 09:27:28,43.1299285888672,-8.46975803375244,"Unknown"
"7014851",371865,2025-10-01 09:37:28,43.1299514770508,-8.46964168548584,"Unknown"
"7014851",371865,2025-10-01 09:47:45,43.1298942565918,-8.46972846984863,"Unknown"
"7014851",371865,2025-10-01 09:57:28,43.130069732666,-8.47021961212158,"Unknown"
"7014851",371865,2025-10-01 10:07:38,43.1300430297852,-8.4700403213501,"Unknown"
"7014851",371865,2025-10-01 10:17:44,43.1300392150879,-8.47001361846924,"Unknown"
"7014851",371865,2025-10-01 10:27:38,43.1301651000977,-8.47008895874023,"Unknown"
"7014851",371865,2025-10-01 10:37:45,43.1298904418945,-8.47007369995117,"Unknown"
"7014851",371865,2025-10-01 10:47:41,43.1299095153809,-8.47008419036865,"Unknown"
"7014851",371865,2025-10-01 10:57:24,43.1299247741699,-8.47012519836426,"Unknown"
"7014851",371865,2025-10-01 11:07:24,43.1301536560059,-8.47000694274902,"Unknown"
"7014851",371865,2025-10-01 11:17:29,43.1298561096191,-8.4700984954834,"Unknown"
"7014851",371865,2025-10-01 11:27:25,43.1299209594727,-8.47015571594238,"Unknown"
"7014851",371865,2025-10-01 11:37:45,43.1300354003906,-8.47000217437744,"Unknown"
"7014851",371865,2025-10-01 11:47:29,43.1300621032715,-8.46992874145508,"Unknown"
"7014851",371865,2025-10-01 11:57:26,43.1300659179688,-8.46990966796875,"Unknown"
"7014851",371865,2025-10-01 12:07:26,43.1301956176758,-8.46981811523438,"Unknown"
"7014851",371865,2025-10-01 12:17:26,43.1298789978027,-8.47019195556641,"Unknown"
"7014851",371865,2025-10-01 12:27:59,43.1298217773438,-8.47006797790527,"Unknown"
"7014851",371865,2025-10-01 12:37:24,43.1297416687012,-8.47021579742432,"Unknown"
"7014851",371865,2025-10-01 12:47:24,43.1298408508301,-8.47018909454346,"Unknown"
"7014851",371865,2025-10-01 12:57:25,43.1297760009766,-8.47015380859375,"Unknown"
"7014851",371865,2025-10-01 13:07:24,43.1298065185547,-8.47016143798828,"Unknown"
"7014851",371865,2025-10-01 13:17:25,43.1298065185547,-8.47022342681885,"Unknown"
"7014851",371865,2025-10-01 13:27:24,43.1297988891602,-8.47018527984619,"Unknown"
"7014851",371865,2025-10-01 13:37:24,43.1297264099121,-8.47018241882324,"Unknown"
"7014851",371865,2025-10-01 13:47:24,43.1297416687012,-8.4701509475708,"Unknown"
"7014851",371865,2025-10-01 13:57:26,43.1297416687012,-8.47025203704834,"Unknown"
"7014851",371865,2025-10-01 14:07:25,43.1296882629395,-8.47023963928223,"Unknown"
"7014851",371865,2025-10-01 14:17:25,43.1296157836914,-8.47029876708984,"Unknown"
"7014851",371865,2025-10-01 14:27:27,43.1295013427734,-8.47003936767578,"Unknown"
"7014851",371865,2025-10-01 14:37:28,43.1296691894531,-8.47023773193359,"Unknown"
"7014851",371865,2025-10-01 14:48:29,43.1295051574707,-8.4705286026001,"Unknown"
"7014851",371865,2025-10-01 14:57:29,43.1293563842773,-8.47023487091064,"Unknown"
"7014851",371865,2025-10-01 15:07:40,43.1294059753418,-8.47047996520996,"Unknown"
"7014851",371865,2025-10-01 15:17:24,43.1294403076172,-8.47049522399902,"Unknown"
"7014851",371865,2025-10-01 15:27:24,43.1294479370117,-8.47034358978271,"Unknown"
"7014851",371865,2025-10-01 15:37:24,43.1294822692871,-8.47033214569092,"Unknown"
"7014851",371865,2025-10-01 15:47:44,43.1294326782227,-8.47054290771484,"Unknown"
"7014851",371865,2025-10-01 15:57:28,43.1295013427734,-8.47023105621338,"Unknown"
"7014851",371865,2025-10-01 16:07:29,43.1294898986816,-8.47033405303955,"Unknown"
"7014851",371865,2025-10-01 16:17:28,43.0991134643555,-8.49494552612305,"Unknown"
"7014851",371865,2025-10-01 16:27:28,43.1116256713867,-8.49024105072021,"Unknown"
"7014851",371865,2025-10-01 16:37:44,43.1299858093262,-8.46935749053955,"Unknown"
"7014851",371865,2025-10-01 16:47:49,43.1299057006836,-8.46949481964111,"Unknown"
"7014851",371865,2025-10-01 16:57:44,43.1299438476562,-8.47020530700684,"Unknown"
"7014851",371865,2025-10-01 17:07:37,43.1299324035645,-8.47020626068115,"Unknown"
"7014851",371865,2025-10-01 17:17:42,43.1299591064453,-8.47012615203857,"Unknown"
"7014851",371865,2025-10-01 17:27:36,43.1299819946289,-8.47020053863525,"Unknown"
"7014851",371865,2025-10-01 17:37:58,43.1299171447754,-8.47035312652588,"Unknown"
"7014851",371865,2025-10-01 17:47:23,43.1299095153809,-8.47026062011719,"Unknown"
"7014851",371865,2025-10-01 17:57:23,43.1298332214355,-8.47031784057617,"Unknown"
"7014851",371865,2025-10-01 18:07:24,43.1300315856934,-8.47021293640137,"Unknown"
"7014851",371865,2025-10-01 18:17:23,43.1299743652344,-8.47001075744629,"Unknown"
"7014851",371865,2025-10-01 18:27:23,43.148136138916,-8.46871280670166,"Unknown"
"7014851",371865,2025-10-01 18:37:59,43.1919975280762,-8.41952991485596,"Unknown"
"7014851",371865,2025-10-01 18:47:26,43.1922073364258,-8.42023849487305,"Unknown"
"7014851",371865,2025-10-01 18:57:23,43.1925506591797,-8.42035865783691,"Unknown"
"7014851",371865,2025-10-01 19:07:26,43.1921806335449,-8.41971302032471,"Unknown"
"7014851",371865,2025-10-01 19:17:26,43.191707611084,-8.41930484771729,"Unknown"
"7014851",371865,2025-10-01 19:27:35,43.1914901733398,-8.41987895965576,"Unknown"
"7014851",371865,2025-10-01 19:37:26,43.1927604675293,-8.42069053649902,"Unknown"
"7014851",371865,2025-10-01 19:47:25,43.1921844482422,-8.41992664337158,"Unknown"
"7014851",371865,2025-10-01 19:57:23,43.1915740966797,-8.4189338684082,"Unknown"
"7014851",371865,2025-10-01 20:07:24,43.1925201416016,-8.41978549957275,"Unknown"
"7014851",371865,2025-10-01 20:17:59,43.1924591064453,-8.42031383514404,"Unknown"
"7014851",371865,2025-10-01 20:27:24,43.1927795410156,-8.42119598388672,"Unknown"
"7014851",371865,2025-10-01 20:37:24,43.1925926208496,-8.4218282699585,"Unknown"
"7014851",371865,2025-10-01 20:48:14,43.1926422119141,-8.4216423034668,"Unknown"
"7014851",371865,2025-10-01 20:57:28,43.192554473877,-8.42181491851807,"Unknown"
"7014851",371865,2025-10-01 21:07:27,43.1924476623535,-8.42232131958008,"Unknown"
"7014851",371865,2025-10-01 21:18:40,43.1928939819336,-8.42185211181641,"Unknown"
"7014851",371865,2025-10-01 21:27:59,43.1928482055664,-8.42158985137939,"Unknown"
"7014851",371865,2025-10-01 21:37:25,43.1928100585938,-8.42132759094238,"Unknown"
"7014851",371865,2025-10-01 21:47:25,43.1929664611816,-8.42192077636719,"Unknown"
"7014851",371865,2025-10-01 21:57:23,43.1928215026855,-8.42185878753662,"Unknown"
"7014851",371865,2025-10-01 22:07:23,43.1928672790527,-8.42176723480225,"Unknown"
"7014851",371865,2025-10-01 22:17:23,43.1925354003906,-8.42152404785156,"Unknown"
"7014851",371865,2025-10-01 22:27:24,43.1923789978027,-8.42138004302979,"Unknown"
"7014851",371865,2025-10-01 22:37:44,43.1919860839844,-8.4215784072876,"Unknown"
"7014851",371865,2025-10-01 22:47:26,43.1917495727539,-8.42140579223633,"Unknown"
"7014851",371865,2025-10-01 22:57:23,43.1915397644043,-8.42128944396973,"Unknown"
"7014851",371865,2025-10-01 23:07:29,43.191104888916,-8.42098331451416,"Unknown"
"7014851",371865,2025-10-01 23:17:41,43.1919403076172,-8.42148685455322,"Unknown"
"7014851",371865,2025-10-01 23:27:24,43.1929626464844,-8.42160224914551,"Unknown"
"7014851",371865,2025-10-01 23:37:59,43.1930923461914,-8.42221832275391,"Unknown"
"7014851",371865,2025-10-01 23:47:36,43.1904373168945,-8.41959762573242,"Unknown"
"7014851",371865,2025-10-01 23:57:36,43.1909255981445,-8.42023468017578,"Unknown"
"7014851",371865,2025-10-02 00:07:47,43.1911697387695,-8.42031860351562,"Unknown"
"7014851",371865,2025-10-02 00:17:55,43.1912841796875,-8.42058181762695,"Unknown"
"7014851",371865,2025-10-02 00:27:29,43.191650390625,-8.41912651062012,"Unknown"
"7014851",371865,2025-10-02 00:37:44,43.1918601989746,-8.42095851898193,"Unknown"
"7014851",371865,2025-10-02 00:47:24,43.1917724609375,-8.4207763671875,"Unknown"
"7014851",371865,2025-10-02 00:57:23,43.1912727355957,-8.42098999023438,"Unknown"
"7014851",371865,2025-10-02 01:07:23,43.1907005310059,-8.42072868347168,"Unknown"
"7014851",371865,2025-10-02 01:17:25,43.1907615661621,-8.42007827758789,"Unknown"
"7014851",371865,2025-10-02 01:27:23,43.1909141540527,-8.42057514190674,"Unknown"
"7014851",371865,2025-10-02 01:37:45,43.1920356750488,-8.42125034332275,"Unknown"
"7014851",371865,2025-10-02 01:47:26,43.1918907165527,-8.42098426818848,"Unknown"
"7014851",371865,2025-10-02 01:57:26,43.1916198730469,-8.42073726654053,"Unknown"
"7014851",371865,2025-10-02 02:07:26,43.1914863586426,-8.42097663879395,"Unknown"
"7014851",371865,2025-10-02 02:17:41,43.1915435791016,-8.42106533050537,"Unknown"
"7014851",371865,2025-10-02 02:27:29,43.1919097900391,-8.42181968688965,"Unknown"
"7014851",371865,2025-10-02 02:37:36,43.1915321350098,-8.42172050476074,"Unknown"
"7014851",371865,2025-10-02 02:47:59,43.1911125183105,-8.42091178894043,"Unknown"
"7014851",371865,2025-10-02 02:57:23,43.1916542053223,-8.42109870910645,"Unknown"
"7014851",371865,2025-10-02 03:07:23,43.1922035217285,-8.42173767089844,"Unknown"
"7014851",371865,2025-10-02 03:17:27,43.1922798156738,-8.42159557342529,"Unknown"
"7014851",371865,2025-10-02 03:27:35,43.1920013427734,-8.42142009735107,"Unknown"
"7014851",371865,2025-10-02 03:37:37,43.1920433044434,-8.42127227783203,"Unknown"
"7014851",371865,2025-10-02 03:47:37,43.1922416687012,-8.42121887207031,"Unknown"
"7014851",371865,2025-10-02 03:57:37,43.1931114196777,-8.42177295684814,"Unknown"
"7014851",371865,2025-10-02 04:07:30,43.1925964355469,-8.42198276519775,"Unknown"
"7014851",371865,2025-10-02 04:17:43,43.1922187805176,-8.42164039611816,"Unknown"
"7014851",371865,2025-10-02 04:27:25,43.19140625,-8.42077827453613,"Unknown"
"7014851",371865,2025-10-02 04:37:29,43.1918258666992,-8.42178344726562,"Unknown"
"7014851",371865,2025-10-02 04:47:59,43.1923522949219,-8.42192840576172,"Unknown"
"7014851",371865,2025-10-02 04:57:23,43.1921920776367,-8.42221736907959,"Unknown"
"7014851",371865,2025-10-02 05:07:24,43.192497253418,-8.42195320129395,"Unknown"
"7014851",371865,2025-10-02 05:17:23,43.1925926208496,-8.42195510864258,"Unknown"
"7014851",371865,2025-10-02 05:27:23,43.1925277709961,-8.42177104949951,"Unknown"
"7014851",371865,2025-10-02 05:37:44,43.1923980712891,-8.42245578765869,"Unknown"
"7014851",371865,2025-10-02 05:47:26,43.1962509155273,-8.42315101623535,"Unknown"
"7014851",371865,2025-10-02 05:57:32,43.1959838867188,-8.42324066162109,"Unknown"
"7014851",371865,2025-10-02 06:07:24,43.1960182189941,-8.4236421585083,"Unknown"
"7014851",371865,2025-10-02 06:17:28,43.1958427429199,-8.42406558990479,"Unknown"
"7014851",371865,2025-10-02 06:27:25,43.1947860717773,-8.42426681518555,"Unknown"
"7014851",371865,2025-10-02 06:37:59,43.173282623291,-8.44463443756104,"Unknown"
"7014851",371865,2025-10-02 06:47:24,43.1297264099121,-8.47063255310059,"Unknown"
"7014851",371865,2025-10-02 06:57:23,43.1298980712891,-8.47019290924072,"Unknown"
"7014851",371865,2025-10-02 07:07:24,43.1304588317871,-8.47114849090576,"Unknown"
"7014851",371865,2025-10-02 07:17:25,43.1305961608887,-8.47115421295166,"Unknown"
"7014851",371865,2025-10-02 07:27:27,43.1305084228516,-8.47111034393311,"Unknown"
"7014851",371865,2025-10-02 07:37:59,43.1304588317871,-8.47103023529053,"Unknown"
"7014851",371865,2025-10-02 07:48:44,43.130558013916,-8.47113037109375,"Unknown"
"7014851",371865,2025-10-02 07:57:23,43.1305160522461,-8.47122192382812,"Unknown"
"7014851",371865,2025-10-02 08:07:24,43.1303939819336,-8.47120380401611,"Unknown"
"7014851",371865,2025-10-02 08:17:23,43.1303443908691,-8.47122859954834,"Unknown"
"7014851",371865,2025-10-02 08:27:24,43.1303024291992,-8.47117614746094,"Unknown"
"7014851",371865,2025-10-02 08:37:30,43.1297187805176,-8.4706859588623,"Unknown"
"7014851",371865,2025-10-02 08:47:59,43.1297569274902,-8.47072124481201,"Unknown"
"7014851",371865,2025-10-02 08:57:30,43.129768371582,-8.47081661224365,"Unknown"
"7014851",371865,2025-10-02 09:07:30,43.1298637390137,-8.46991539001465,"Unknown"
"7014851",371865,2025-10-02 09:17:27,43.1298980712891,-8.46995544433594,"Unknown"
"7014851",371865,2025-10-02 09:27:30,43.1299438476562,-8.46991634368896,"Unknown"
"7014851",371865,2025-10-02 09:37:44,43.1299095153809,-8.46974754333496,"Unknown"
"7014851",371865,2025-10-02 09:47:24,43.1298446655273,-8.46972179412842,"Unknown"
"7014851",371865,2025-10-02 09:57:23,43.1298789978027,-8.46978378295898,"Unknown"
"7014851",371865,2025-10-02 10:07:22,43.1297378540039,-8.46959400177002,"Unknown"
"7014851",371865,2025-10-02 10:17:23,43.1298637390137,-8.46974182128906,"Unknown"
"7014851",371865,2025-10-02 10:27:26,43.1296806335449,-8.46957969665527,"Unknown"
"7014851",371865,2025-10-02 10:37:44,43.1299018859863,-8.46978950500488,"Unknown"
"7014851",371865,2025-10-02 10:47:22,43.1298675537109,-8.4696626663208,"Unknown"
"7014851",371865,2025-10-02 10:57:23,43.1298446655273,-8.4696159362793,"Unknown"
"7014851",371865,2025-10-02 11:07:23,43.1297721862793,-8.46962070465088,"Unknown"
"7014851",371865,2025-10-02 11:17:24,43.1299018859863,-8.46975421905518,"Unknown"
"7014851",371865,2025-10-02 11:28:03,43.129940032959,-8.46988391876221,"Unknown"
"7014851",371865,2025-10-02 11:37:25,43.1324043273926,-8.46791458129883,"Unknown"
"7014851",371865,2025-10-02 11:47:36,43.1323089599609,-8.46800136566162,"Unknown"
"7014851",371865,2025-10-02 11:57:59,43.1324424743652,-8.46805858612061,"Unknown"
"7014851",371865,2025-10-02 12:07:23,43.1323432922363,-8.46842670440674,"Unknown"
"7014851",371865,2025-10-02 12:17:27,43.1323738098145,-8.46859550476074,"Unknown"
"7014851",371865,2025-10-02 12:27:24,43.1323585510254,-8.46826839447021,"Unknown"
"7014851",371865,2025-10-02 12:37:24,43.1323738098145,-8.4684591293335,"Unknown"
"7014851",371865,2025-10-02 12:47:27,43.13232421875,-8.4680004119873,"Unknown"
"7014851",371865,2025-10-02 12:57:30,43.1323738098145,-8.46801280975342,"Unknown"
"7014851",371865,2025-10-02 13:07:39,43.1323318481445,-8.46803379058838,"Unknown"
"7014851",371865,2025-10-02 13:17:36,43.1323738098145,-8.46804618835449,"Unknown"
"7014851",371865,2025-10-02 13:27:30,43.1321296691895,-8.46726703643799,"Unknown"
"7014851",371865,2025-10-02 13:37:25,43.1323623657227,-8.46802806854248,"Unknown"
"7014851",371865,2025-10-02 13:47:30,43.1323547363281,-8.4680290222168,"Unknown"
"7014851",371865,2025-10-02 13:57:23,43.1324157714844,-8.4680814743042,"Unknown"
"7014851",371865,2025-10-02 14:07:23,43.1323318481445,-8.46791839599609,"Unknown"
"7014851",371865,2025-10-02 14:17:33,43.1325035095215,-8.46815013885498,"Unknown"
"7014851",371865,2025-10-02 14:27:44,43.1322250366211,-8.46806049346924,"Unknown"
"7014851",371865,2025-10-02 14:37:59,43.1323776245117,-8.46803665161133,"Unknown"
"7014851",371865,2025-10-02 14:47:27,43.1323318481445,-8.46794033050537,"Unknown"
"7014851",371865,2025-10-02 14:57:30,43.1322898864746,-8.46782302856445,"Unknown"
"7014851",371865,2025-10-02 15:07:25,43.1324424743652,-8.46808624267578,"Unknown"
"7014851",371865,2025-10-02 15:17:27,43.1323738098145,-8.46800518035889,"Unknown"
"7014851",371865,2025-10-02 15:27:27,43.140380859375,-8.46230983734131,"Unknown"
"7014851",371865,2025-10-02 15:37:44,43.1924591064453,-8.42259502410889,"Unknown"
"7014851",371865,2025-10-02 15:47:36,43.1940689086914,-8.42175388336182,"Unknown"
"7014851",371865,2025-10-02 15:57:33,43.1940460205078,-8.42091941833496,"Unknown"
"7014851",371865,2025-10-02 16:07:36,43.1936874389648,-8.42090606689453,"Unknown"
"7014851",371865,2025-10-02 16:17:36,43.1935005187988,-8.42072772979736,"Unknown"
"7014851",371865,2025-10-02 16:27:38,43.1934127807617,-8.4210147857666,"Unknown"
"7014851",371865,2025-10-02 16:37:59,43.1936264038086,-8.42160320281982,"Unknown"
"7014851",371865,2025-10-02 16:47:23,43.1976699829102,-8.42429542541504,"Unknown"
"7014851",371865,2025-10-02 16:57:25,43.2218818664551,-8.40399932861328,"Unknown"
"7014851",371865,2025-10-02 17:07:42,43.2880706787109,-8.37060642242432,"Unknown"
"7014851",371865,2025-10-02 17:17:22,43.3577995300293,-8.35801601409912,"Unknown"
"7014851",371865,2025-10-02 17:27:23,43.3675270080566,-8.39984798431396,"Unknown"
"7014851",371865,2025-10-02 17:37:33,43.3675003051758,-8.39954662322998,"Unknown"
"7014851",371865,2025-10-02 17:47:45,43.3675270080566,-8.39937400817871,"Unknown"
"7014851",371865,2025-10-02 17:57:25,43.3676452636719,-8.39962387084961,"Unknown"
"7014851",371865,2025-10-02 18:07:25,43.3677406311035,-8.39987468719482,"Unknown"
"7014851",371865,2025-10-02 18:17:42,43.3677406311035,-8.39985752105713,"Unknown"
"7014851",371865,2025-10-02 18:27:44,43.3676795959473,-8.3997106552124,"Unknown"
"7014851",371865,2025-10-02 18:37:32,43.3675842285156,-8.39983940124512,"Unknown"
"7014851",371865,2025-10-02 18:48:05,43.3774375915527,-8.37743949890137,"Unknown"
"7014851",371865,2025-10-02 18:57:30,43.3767280578613,-8.37815475463867,"Unknown"
"7014851",371865,2025-10-02 19:07:24,43.3761787414551,-8.38068866729736,"Unknown"
"7014851",371865,2025-10-02 19:17:29,43.3779220581055,-8.37265777587891,"Unknown"
"7014851",371865,2025-10-02 19:27:49,43.3775825500488,-8.37271213531494,"Unknown"
"7014851",371865,2025-10-02 19:37:44,43.3777503967285,-8.37365531921387,"Unknown"
"7014851",371865,2025-10-02 19:47:31,43.3783226013184,-8.37400150299072,"Unknown"
"7014851",371865,2025-10-02 19:57:26,43.3786239624023,-8.37430953979492,"Unknown"
"7014851",371865,2025-10-02 20:07:34,43.379207611084,-8.37403202056885,"Unknown"
"7014851",371865,2025-10-02 20:17:50,43.3791885375977,-8.37498664855957,"Unknown"
"7014851",371865,2025-10-02 20:28:14,43.3787994384766,-8.3745813369751,"Unknown"
"7014851",371865,2025-10-02 20:37:29,43.3793182373047,-8.37585544586182,"Unknown"
"7014851",371865,2025-10-02 20:47:59,43.3796119689941,-8.3770809173584,"Unknown"
"7014851",371865,2025-10-02 20:57:28,43.3799018859863,-8.37800598144531,"Unknown"
"7014851",371865,2025-10-02 21:07:57,43.3801765441895,-8.37894058227539,"Unknown"
"7014851",371865,2025-10-02 21:18:15,43.3797035217285,-8.37897491455078,"Unknown"
"7014851",371865,2025-10-02 21:27:31,43.3799171447754,-8.38074588775635,"Unknown"
"7014851",371865,2025-10-02 21:37:25,43.3794212341309,-8.38061809539795,"Unknown"
"7014851",371865,2025-10-02 21:47:31,43.3786659240723,-8.3803596496582,"Unknown"
"7014851",371865,2025-10-02 21:58:14,43.3789100646973,-8.38059520721436,"Unknown"
"7014851",371865,2025-10-02 22:07:25,43.3794021606445,-8.38196182250977,"Unknown"
"7014851",371865,2025-10-02 22:17:39,43.3796768188477,-8.38303756713867,"Unknown"
"7014851",371865,2025-10-02 22:27:34,43.3796195983887,-8.38162231445312,"Unknown"
"7014851",371865,2025-10-02 22:38:04,43.3793487548828,-8.38204002380371,"Unknown"
"7014851",371865,2025-10-02 22:47:23,43.3796005249023,-8.38232135772705,"Unknown"
"7014851",371865,2025-10-02 22:57:24,43.379451751709,-8.38197898864746,"Unknown"
"7014851",371865,2025-10-02 23:07:23,43.3789024353027,-8.38192272186279,"Unknown"
"7014851",371865,2025-10-02 23:17:26,43.3787689208984,-8.38225078582764,"Unknown"
"7014851",371865,2025-10-02 23:27:24,43.3625144958496,-8.39368152618408,"Unknown"
"7014851",371865,2025-10-02 23:37:30,43.3644256591797,-8.39980888366699,"Unknown"
"7014851",371865,2025-10-02 23:47:45,43.3643264770508,-8.39999771118164,"Unknown"
"7014851",371865,2025-10-02 23:57:22,43.3644142150879,-8.40017890930176,"Unknown"
"7014851",371865,2025-10-03 00:07:27,43.3643379211426,-8.39998531341553,"Unknown"
"7014851",371865,2025-10-03 00:17:29,43.3643417358398,-8.40001010894775,"Unknown"
"7014851",371865,2025-10-03 00:27:23,43.3642272949219,-8.39939117431641,"Unknown"
"7014851",371865,2025-10-03 00:37:30,43.3643951416016,-8.39988040924072,"Unknown"
"7014851",371865,2025-10-03 00:47:34,43.3643760681152,-8.39983749389648,"Unknown"
"7014851",371865,2025-10-03 00:57:30,43.3643569946289,-8.39981555938721,"Unknown"
"7014851",371865,2025-10-03 01:07:33,43.3643798828125,-8.3998498916626,"Unknown"
"7014851",371865,2025-10-03 01:17:34,43.3644104003906,-8.39992618560791,"Unknown"
"7014851",371865,2025-10-03 01:27:32,43.3648948669434,-8.39913177490234,"Unknown"
"7014851",371865,2025-10-03 01:37:29,43.3645935058594,-8.39952373504639,"Unknown"
"7014851",371865,2025-10-03 01:47:30,43.3646087646484,-8.39959526062012,"Unknown"
"7014851",371865,2025-10-03 01:57:24,43.3645172119141,-8.39982223510742,"Unknown"
"7014851",371865,2025-10-03 02:07:27,43.3644638061523,-8.40014171600342,"Unknown"
"7014851",371865,2025-10-03 02:17:44,43.3644599914551,-8.39992237091064,"Unknown"
"7014851",371865,2025-10-03 02:27:30,43.3646202087402,-8.40047359466553,"Unknown"
"7014851",371865,2025-10-03 02:37:22,43.3655128479004,-8.4003210067749,"Unknown"
"7014851",371865,2025-10-03 02:47:32,43.3644409179688,-8.40038013458252,"Unknown"
"7014851",371865,2025-10-03 02:57:45,43.3639373779297,-8.40038967132568,"Unknown"
"7014851",371865,2025-10-03 03:07:53,43.3641929626465,-8.40071868896484,"Unknown"
"7014851",371865,2025-10-03 03:17:23,43.3642845153809,-8.40101051330566,"Unknown"
"7014851",371865,2025-10-03 03:27:31,43.3642921447754,-8.40083789825439,"Unknown"
"7014851",371865,2025-10-03 03:37:30,43.3642921447754,-8.40067386627197,"Unknown"
"7014851",371865,2025-10-03 03:47:44,43.3643379211426,-8.40061092376709,"Unknown"
"7014851",371865,2025-10-03 03:57:22,43.3644027709961,-8.40074157714844,"Unknown"
"7014851",371865,2025-10-03 04:07:22,43.3642997741699,-8.40062427520752,"Unknown"
"7014851",371865,2025-10-03 04:17:22,43.3622283935547,-8.40045642852783,"Unknown"
"7014851",371865,2025-10-03 04:27:24,43.3643035888672,-8.40134811401367,"Unknown"
"7014851",371865,2025-10-03 04:37:33,43.3642807006836,-8.40131378173828,"Unknown"
"7014851",371865,2025-10-03 04:47:25,43.3642616271973,-8.40066051483154,"Unknown"
"7014851",371865,2025-10-03 04:57:24,43.3642578125,-8.40073204040527,"Unknown"
"7014851",371865,2025-10-03 05:07:23,43.3645133972168,-8.40074920654297,"Unknown"
"7014851",371865,2025-10-03 05:17:23,43.3643264770508,-8.40077686309814,"Unknown"
"7014851",371865,2025-10-03 05:27:27,43.3643379211426,-8.40070915222168,"Unknown"
"7014851",371865,2025-10-03 05:37:25,43.364372253418,-8.40067100524902,"Unknown"
"7014851",371865,2025-10-03 05:47:25,43.3644943237305,-8.4006462097168,"Unknown"
"7014851",371865,2025-10-03 05:57:23,43.3644485473633,-8.40072822570801,"Unknown"
"7014851",371865,2025-10-03 06:07:22,43.3643379211426,-8.40075778961182,"Unknown"
"7014851",371865,2025-10-03 06:17:23,43.3643569946289,-8.40077495574951,"Unknown"
"7014851",371865,2025-10-03 06:27:22,43.3644485473633,-8.40049743652344,"Unknown"
"7014851",371865,2025-10-03 06:37:40,43.3643493652344,-8.40065860748291,"Unknown"
"7014851",371865,2025-10-03 06:47:22,43.3614730834961,-8.40377616882324,"Unknown"
"7014851",371865,2025-10-03 06:57:23,43.3529052734375,-8.4174280166626,"Unknown"
"7014851",371865,2025-10-03 07:07:22,43.3529357910156,-8.41719436645508,"Unknown"
"7014851",371865,2025-10-03 07:17:22,43.3528861999512,-8.41745376586914,"Unknown"
"7014851",371865,2025-10-03 07:27:22,43.3529090881348,-8.4175443649292,"Unknown"
"7014851",371865,2025-10-03 07:37:30,43.3524398803711,-8.41800212860107,"Unknown"
"7014851",371865,2025-10-03 07:47:24,43.3525848388672,-8.41791820526123,"Unknown"
"7014851",371865,2025-10-03 07:57:22,43.3495903015137,-8.43045902252197,"Unknown"
"7014851",371865,2025-10-03 08:07:23,43.3575553894043,-8.47834968566895,"Unknown"
"7014851",371865,2025-10-03 08:17:22,43.340446472168,-8.52354335784912,"Unknown"
"7014851",371865,2025-10-03 08:27:25,43.3308029174805,-8.51078319549561,"Unknown"
"7014851",371865,2025-10-03 08:37:22,43.330394744873,-8.51098346710205,"Unknown"
"7014851",371865,2025-10-03 08:47:22,43.2999229431152,-8.49468612670898,"Unknown"
"7014851",371865,2025-10-03 08:57:23,43.2375106811523,-8.46287155151367,"Unknown"
"7014851",371865,2025-10-03 09:07:22,43.1853866577148,-8.46626567840576,"Unknown"
"7014851",371865,2025-10-03 09:17:23,43.1350860595703,-8.47238254547119,"Unknown"
"7014851",371865,2025-10-03 09:27:22,43.1307411193848,-8.47084426879883,"Unknown"
"7014851",371865,2025-10-03 09:37:23,43.130542755127,-8.47116661071777,"Unknown"
"7014851",371865,2025-10-03 09:47:23,43.1305313110352,-8.47126483917236,"Unknown"
"7014851",371865,2025-10-03 09:57:22,43.1304626464844,-8.47138214111328,"Unknown"
"7014851",371865,2025-10-03 10:07:24,43.1302490234375,-8.46975708007812,"Unknown"
"7014851",371865,2025-10-03 10:17:22,43.1300773620605,-8.47012424468994,"Unknown"
"7014851",371865,2025-10-03 10:27:24,43.1301689147949,-8.46985530853271,"Unknown"
"7014851",371865,2025-10-03 10:37:23,43.1300392150879,-8.4699821472168,"Unknown"
"7014851",371865,2025-10-03 10:47:22,43.1299934387207,-8.46980953216553,"Unknown"
"7014851",371865,2025-10-03 10:57:22,43.1300811767578,-8.46980094909668,"Unknown"
"7014851",371865,2025-10-03 11:07:23,43.1300582885742,-8.46981239318848,"Unknown"
"7014851",371865,2025-10-03 11:17:26,43.1299896240234,-8.47087478637695,"Unknown"
"7014851",371865,2025-10-03 11:27:22,43.1308135986328,-8.47101402282715,"Unknown"
"7014851",371865,2025-10-03 11:37:23,43.1302452087402,-8.47149658203125,"Unknown"
"7014851",371865,2025-10-03 11:47:24,43.1306571960449,-8.47110652923584,"Unknown"
"7014851",371865,2025-10-03 11:57:23,43.1306762695312,-8.47113990783691,"Unknown"
"7014851",371865,2025-10-03 12:07:24,43.1305923461914,-8.47103977203369,"Unknown"
"7014851",371865,2025-10-03 12:17:23,43.1297721862793,-8.47093486785889,"Unknown"
"7014851",371865,2025-10-03 12:27:23,43.1296005249023,-8.47111511230469,"Unknown"
"7014851",371865,2025-10-03 12:37:23,43.1301155090332,-8.4707088470459,"Unknown"
"7014851",371865,2025-10-03 12:47:23,43.130184173584,-8.47062015533447,"Unknown"
"7014851",371865,2025-10-03 12:57:23,43.1301956176758,-8.47058200836182,"Unknown"
"7014851",371865,2025-10-03 13:07:23,43.1302604675293,-8.46957397460938,"Unknown"
"7014851",371865,2025-10-03 13:17:22,43.1302947998047,-8.46965980529785,"Unknown"
"7014851",371865,2025-10-03 13:27:23,43.1302680969238,-8.46970176696777,"Unknown"
"7014851",371865,2025-10-03 13:37:25,43.1306037902832,-8.46967887878418,"Unknown"
"7014851",371865,2025-10-03 13:47:22,43.1303329467773,-8.46972846984863,"Unknown"
"7014851",371865,2025-10-03 13:57:22,43.1302947998047,-8.46975326538086,"Unknown"
"7014851",371865,2025-10-03 14:07:25,43.130256652832,-8.46959400177002,"Unknown"
"7014851",371865,2025-10-03 14:17:23,43.1298332214355,-8.46939086914062,"Unknown"
"7014851",371865,2025-10-03 14:27:23,43.1301116943359,-8.46967029571533,"Unknown"
"7014851",371865,2025-10-03 14:37:26,43.1300086975098,-8.46968364715576,"Unknown"
"7014851",371865,2025-10-03 14:47:29,43.1301078796387,-8.46970367431641,"Unknown"
"7014851",371865,2025-10-03 14:57:37,43.1300468444824,-8.46987724304199,"Unknown"
"7014851",371865,2025-10-03 15:07:24,43.1301574707031,-8.4697380065918,"Unknown"
"7014851",371865,2025-10-03 15:17:24,43.1301155090332,-8.46980667114258,"Unknown"
"7014851",371865,2025-10-03 15:27:24,43.1301536560059,-8.46987724304199,"Unknown"
"7014851",371865,2025-10-03 15:37:24,43.130054473877,-8.46986198425293,"Unknown"
"7014851",371865,2025-10-03 15:47:24,43.1301155090332,-8.46988391876221,"Unknown"
"7014851",371865,2025-10-03 15:57:25,43.1301078796387,-8.46973514556885,"Unknown"
"7014851",371865,2025-10-03 16:07:25,43.1300392150879,-8.46976470947266,"Unknown"
"7014851",371865,2025-10-03 16:17:28,43.1300926208496,-8.47012615203857,"Unknown"
"7014851",371865,2025-10-03 16:27:56,43.1300201416016,-8.4698543548584,"Unknown"
"7014851",371865,2025-10-03 16:37:36,43.1220207214355,-8.47900009155273,"Unknown"
"7014851",371865,2025-10-03 16:48:08,43.0987777709961,-8.49746704101562,"Unknown"
"7014851",371865,2025-10-03 16:57:36,43.0985870361328,-8.49768352508545,"Unknown"
"7014851",371865,2025-10-03 17:07:23,43.0988731384277,-8.49822044372559,"Unknown"
"7014851",371865,2025-10-03 17:17:36,43.1301040649414,-8.47014045715332,"Unknown"
"7014851",371865,2025-10-03 17:28:04,43.1300201416016,-8.47001075744629,"Unknown"
"7014851",371865,2025-10-03 17:37:38,43.1299705505371,-8.46986961364746,"Unknown"
"7014851",371865,2025-10-03 17:47:25,43.1299514770508,-8.46996879577637,"Unknown"
"7014851",371865,2025-10-03 17:57:41,43.1301002502441,-8.47030258178711,"Unknown"
"7014851",371865,2025-10-03 18:07:48,43.1346588134766,-8.46888160705566,"Unknown"
"7014851",371865,2025-10-03 18:27:59,43.1962089538574,-8.42271423339844,"Unknown"
"7014851",371865,2025-10-03 18:37:25,43.195915222168,-8.42264175415039,"Unknown"
"7014851",371865,2025-10-03 18:47:21,43.1954498291016,-8.42264938354492,"Unknown"
"7014851",371865,2025-10-03 18:57:22,43.1958236694336,-8.42262363433838,"Unknown"
"7014851",371865,2025-10-03 19:07:22,43.1959342956543,-8.42209720611572,"Unknown"
"7014851",371865,2025-10-03 19:17:23,43.196117401123,-8.4223575592041,"Unknown"
"7014851",371865,2025-10-03 19:27:21,43.1961288452148,-8.42235660552979,"Unknown"
"7014851",371865,2025-10-03 19:37:21,43.1961784362793,-8.42134284973145,"Unknown"
"7014851",371865,2025-10-03 19:47:21,43.1956405639648,-8.42127323150635,"Unknown"
"7014851",371865,2025-10-03 19:57:22,43.1953468322754,-8.42104434967041,"Unknown"
"7014851",371865,2025-10-03 20:07:27,43.1949844360352,-8.42181205749512,"Unknown"
"7014851",371865,2025-10-03 20:17:23,43.1948661804199,-8.42084503173828,"Unknown"
"7014851",371865,2025-10-03 20:27:27,43.1942977905273,-8.42144107818604,"Unknown"
"7014851",371865,2025-10-03 20:37:22,43.1948394775391,-8.42176914215088,"Unknown"
"7014851",371865,2025-10-03 20:47:23,43.1947822570801,-8.42185401916504,"Unknown"
"7014851",371865,2025-10-03 20:57:22,43.1946830749512,-8.42190361022949,"Unknown"
"7014851",371865,2025-10-03 21:07:21,43.1945991516113,-8.42138004302979,"Unknown"
"7014851",371865,2025-10-03 21:17:24,43.1945152282715,-8.42108058929443,"Unknown"
"7014851",371865,2025-10-03 21:27:22,43.1945533752441,-8.42088890075684,"Unknown"
"7014851",371865,2025-10-03 21:37:22,43.1945114135742,-8.42070293426514,"Unknown"
"7014851",371865,2025-10-03 21:47:23,43.1946868896484,-8.42115592956543,"Unknown"
"7014851",371865,2025-10-03 21:57:22,43.1945686340332,-8.42107677459717,"Unknown"
"7014851",371865,2025-10-03 22:07:22,43.1946716308594,-8.42129230499268,"Unknown"
"7014851",371865,2025-10-03 22:17:22,43.194465637207,-8.4208812713623,"Unknown"
"7014851",371865,2025-10-03 22:27:24,43.1945495605469,-8.42056751251221,"Unknown"
"7014851",371865,2025-10-03 22:37:21,43.194522857666,-8.4205436706543,"Unknown"
"7014851",371865,2025-10-03 22:47:23,43.1944389343262,-8.42019462585449,"Unknown"
"7014851",371865,2025-10-03 22:57:23,43.1944236755371,-8.42011260986328,"Unknown"
"7014851",371865,2025-10-03 23:07:23,43.1938095092773,-8.41942691802979,"Unknown"
"7014851",371865,2025-10-03 23:17:36,43.1944427490234,-8.42002582550049,"Unknown"
"7014851",371865,2025-10-03 23:27:40,43.1943168640137,-8.41955280303955,"Unknown"
"7014851",371865,2025-10-03 23:37:22,43.1945152282715,-8.42006492614746,"Unknown"
"7014851",371865,2025-10-03 23:47:30,43.1942520141602,-8.41934394836426,"Unknown"
"7014851",371865,2025-10-03 23:57:23,43.1942596435547,-8.4196720123291,"Unknown"
"7014851",371865,2025-10-04 00:07:23,43.1943321228027,-8.41969013214111,"Unknown"
"7014851",371865,2025-10-04 00:17:25,43.1939239501953,-8.41927242279053,"Unknown"
"7014851",371865,2025-10-04 00:27:22,43.1937599182129,-8.41915988922119,"Unknown"
"7014851",371865,2025-10-04 00:37:22,43.1938438415527,-8.41895294189453,"Unknown"
"7014851",371865,2025-10-04 00:47:22,43.1942138671875,-8.41905307769775,"Unknown"
"7014851",371865,2025-10-04 00:57:23,43.1937294006348,-8.4186429977417,"Unknown"
"7014851",371865,2025-10-04 01:07:21,43.1932220458984,-8.41872119903564,"Unknown"
"7014851",371865,2025-10-04 01:17:23,43.1933784484863,-8.41890525817871,"Unknown"
"7014851",371865,2025-10-04 01:27:21,43.1935997009277,-8.41961669921875,"Unknown"
"7014851",371865,2025-10-04 01:37:21,43.1939544677734,-8.42071151733398,"Unknown"
"7014851",371865,2025-10-04 01:47:22,43.1933059692383,-8.42047119140625,"Unknown"
"7014851",371865,2025-10-04 01:57:24,43.1930732727051,-8.4199275970459,"Unknown"
"7014851",371865,2025-10-04 02:07:31,43.1933937072754,-8.41990661621094,"Unknown"
"7014851",371865,2025-10-04 02:17:30,43.1935386657715,-8.42014789581299,"Unknown"
"7014851",371865,2025-10-04 02:27:25,43.1939888000488,-8.42024326324463,"Unknown"
"7014851",371865,2025-10-04 02:37:32,43.1936416625977,-8.4196834564209,"Unknown"
"7014851",371865,2025-10-04 02:47:32,43.1936988830566,-8.41970062255859,"Unknown"
"7014851",371865,2025-10-04 02:57:32,43.1937789916992,-8.42006015777588,"Unknown"
"7014851",371865,2025-10-04 03:07:31,43.1938018798828,-8.42035102844238,"Unknown"
"7014851",371865,2025-10-04 03:17:44,43.1934967041016,-8.42021942138672,"Unknown"
"7014851",371865,2025-10-04 03:27:31,43.1928100585938,-8.42012691497803,"Unknown"
"7014851",371865,2025-10-04 03:37:21,43.1970825195312,-8.42502212524414,"Unknown"
"7014851",371865,2025-10-04 03:47:31,43.1969985961914,-8.42411231994629,"Unknown"
"7014851",371865,2025-10-04 03:57:21,43.196647644043,-8.42547130584717,"Unknown"
"7014851",371865,2025-10-04 04:07:45,43.1937828063965,-8.42171764373779,"Unknown"
"7014851",371865,2025-10-04 04:17:31,43.1931533813477,-8.42092609405518,"Unknown"
"7014851",371865,2025-10-04 04:27:31,43.1934585571289,-8.42033100128174,"Unknown"
"7014851",371865,2025-10-04 04:37:30,43.1935806274414,-8.42016315460205,"Unknown"
"7014851",371865,2025-10-04 04:47:44,43.1932678222656,-8.41999435424805,"Unknown"
"7014851",371865,2025-10-04 04:57:24,43.1929359436035,-8.41976261138916,"Unknown"
"7014851",371865,2025-10-04 05:07:20,43.1930770874023,-8.41959190368652,"Unknown"
"7014851",371865,2025-10-04 05:17:20,43.193244934082,-8.41992282867432,"Unknown"
"7014851",371865,2025-10-04 05:27:21,43.1932525634766,-8.41980457305908,"Unknown"
"7014851",371865,2025-10-04 05:37:44,43.1927871704102,-8.42088031768799,"Unknown"
"7014851",371865,2025-10-04 05:47:22,43.1924781799316,-8.42144298553467,"Unknown"
"7014851",371865,2025-10-04 05:57:24,43.1925201416016,-8.4222297668457,"Unknown"
"7014851",371865,2025-10-04 06:07:24,43.1926498413086,-8.42288494110107,"Unknown"
"7014851",371865,2025-10-04 06:17:23,43.192455291748,-8.42308521270752,"Unknown"
"7014851",371865,2025-10-04 06:27:40,43.1925354003906,-8.42364978790283,"Unknown"
"7014851",371865,2025-10-04 06:37:30,43.1951446533203,-8.4239559173584,"Unknown"
"7014851",371865,2025-10-04 06:47:42,43.1735916137695,-8.44864845275879,"Unknown"
"7014851",371865,2025-10-04 06:57:24,43.1712684631348,-8.44596862792969,"Unknown"
"7014851",371865,2025-10-04 07:07:44,43.1710510253906,-8.44618225097656,"Unknown"
"7014851",371865,2025-10-04 07:17:48,43.1710357666016,-8.44642066955566,"Unknown"
"7014851",371865,2025-10-04 07:27:51,43.1713256835938,-8.44619655609131,"Unknown"
"7014851",371865,2025-10-04 07:37:22,43.1714286804199,-8.44577121734619,"Unknown"
"7014851",371865,2025-10-04 07:47:30,43.1714630126953,-8.44606781005859,"Unknown"
"7014851",371865,2025-10-04 07:57:30,43.1412162780762,-8.46935653686523,"Unknown"
"7014851",371865,2025-10-04 08:07:39,43.1299667358398,-8.47006893157959,"Unknown"
"7014851",371865,2025-10-04 08:17:44,43.1298866271973,-8.4701042175293,"Unknown"
"7014851",371865,2025-10-04 08:27:31,43.1301612854004,-8.4700345993042,"Unknown"
"7014851",371865,2025-10-04 08:37:34,43.1298904418945,-8.47004413604736,"Unknown"
"7014851",371865,2025-10-04 08:47:40,43.1304893493652,-8.47108745574951,"Unknown"
"7014851",371865,2025-10-04 08:57:22,43.1307716369629,-8.47086906433105,"Unknown"
"7014851",371865,2025-10-04 09:07:23,43.1308746337891,-8.47141265869141,"Unknown"
"7014851",371865,2025-10-04 09:17:23,43.1308288574219,-8.47130012512207,"Unknown"
"7014851",371865,2025-10-04 09:27:25,43.1309585571289,-8.47153854370117,"Unknown"
"7014851",371865,2025-10-04 09:37:44,43.1301460266113,-8.47093105316162,"Unknown"
"7014851",371865,2025-10-04 09:47:25,43.1307563781738,-8.47107791900635,"Unknown"
"7014851",371865,2025-10-04 09:57:25,43.1307716369629,-8.47107315063477,"Unknown"
"7014851",371865,2025-10-04 10:07:27,43.1307220458984,-8.4710865020752,"Unknown"
"7014851",371865,2025-10-04 10:17:25,43.1308708190918,-8.47121238708496,"Unknown"
"7014851",371865,2025-10-04 10:27:36,43.1309013366699,-8.47121906280518,"Unknown"
"7014851",371865,2025-10-04 10:37:41,43.1307754516602,-8.47102737426758,"Unknown"
"7014851",371865,2025-10-04 10:47:23,43.1307563781738,-8.47073650360107,"Unknown"
"7014851",371865,2025-10-04 10:57:23,43.130729675293,-8.47100067138672,"Unknown"
"7014851",371865,2025-10-04 11:07:24,43.1310043334961,-8.47109222412109,"Unknown"
"7014851",371865,2025-10-04 11:17:30,43.1321296691895,-8.46931648254395,"Unknown"
"7014851",371865,2025-10-04 11:27:23,43.1315002441406,-8.47140407562256,"Unknown"
"7014851",371865,2025-10-04 11:37:44,43.132381439209,-8.46931076049805,"Unknown"
"7014851",371865,2025-10-04 11:47:32,43.1323852539062,-8.46925067901611,"Unknown"
"7014851",371865,2025-10-04 11:57:43,43.1324806213379,-8.46917152404785,"Unknown"
"7014851",371865,2025-10-04 12:07:20,43.1327171325684,-8.46915912628174,"Unknown"
"7014851",371865,2025-10-04 12:17:20,43.1330375671387,-8.46903800964355,"Unknown"
"7014851",371865,2025-10-04 12:27:21,43.1328506469727,-8.46904277801514,"Unknown"
"7014851",371865,2025-10-04 12:37:24,43.1328010559082,-8.46903800964355,"Unknown"
"7014851",371865,2025-10-04 12:47:42,43.1328163146973,-8.4692325592041,"Unknown"
"7014851",371865,2025-10-04 12:57:23,43.1329460144043,-8.46930408477783,"Unknown"
"7014851",371865,2025-10-04 13:07:24,43.1329116821289,-8.46914672851562,"Unknown"
"7014851",371865,2025-10-04 13:17:44,43.1326942443848,-8.46937370300293,"Unknown"
"7014851",371865,2025-10-04 13:27:22,43.1327705383301,-8.46933650970459,"Unknown"
"7014851",371865,2025-10-04 13:37:38,43.1329765319824,-8.46920585632324,"Unknown"
"7014851",371865,2025-10-04 13:47:59,43.129955291748,-8.470046043396,"Unknown"
"7014851",371865,2025-10-04 13:57:23,43.1301651000977,-8.46975231170654,"Unknown"
"7014851",371865,2025-10-04 14:07:38,43.130241394043,-8.46979713439941,"Unknown"
"7014851",371865,2025-10-04 14:17:53,43.129955291748,-8.4698600769043,"Unknown"
"7014851",371865,2025-10-04 14:27:20,43.1299514770508,-8.46984577178955,"Unknown"
"7014851",371865,2025-10-04 14:37:20,43.1299324035645,-8.46978950500488,"Unknown"
"7014851",371865,2025-10-04 14:47:23,43.1299476623535,-8.4697790145874,"Unknown"
"7014851",371865,2025-10-04 14:57:20,43.1299705505371,-8.46981525421143,"Unknown"
"7014851",371865,2025-10-04 15:07:23,43.1299285888672,-8.46985912322998,"Unknown"
"7014851",371865,2025-10-04 15:17:21,43.1294441223145,-8.47032737731934,"Unknown"
"7014851",371865,2025-10-04 15:27:21,43.1296615600586,-8.46987819671631,"Unknown"
"7014851",371865,2025-10-04 15:37:21,43.1298446655273,-8.46991443634033,"Unknown"
"7014851",371865,2025-10-04 15:47:20,43.130241394043,-8.46963119506836,"Unknown"
"7014851",371865,2025-10-04 15:57:20,43.1296806335449,-8.47050952911377,"Unknown"
"7014851",371865,2025-10-04 16:07:21,43.129711151123,-8.4705810546875,"Unknown"
"7014851",371865,2025-10-04 16:17:20,43.1296577453613,-8.47055435180664,"Unknown"
"7014851",371865,2025-10-04 16:27:21,43.1295700073242,-8.47073268890381,"Unknown"
"7014851",371865,2025-10-04 16:37:22,43.1297645568848,-8.47029304504395,"Unknown"
"7014851",371865,2025-10-04 16:47:21,43.1333847045898,-8.46756267547607,"Unknown"
"7014851",371865,2025-10-04 16:57:22,43.1324768066406,-8.46738910675049,"Unknown"
"7014851",371865,2025-10-04 17:07:21,43.1325874328613,-8.46747303009033,"Unknown"
"7014851",371865,2025-10-04 17:17:28,43.1326026916504,-8.46744918823242,"Unknown"
"7014851",371865,2025-10-04 17:27:22,43.1326675415039,-8.46749114990234,"Unknown"
"7014851",371865,2025-10-04 17:37:21,43.1325531005859,-8.46773242950439,"Unknown"
"7014851",371865,2025-10-04 17:47:22,43.1336402893066,-8.46668815612793,"Unknown"
"7014851",371865,2025-10-04 17:57:22,43.1715507507324,-8.44120311737061,"Unknown"
"7014851",371865,2025-10-04 18:07:21,43.1726493835449,-8.44015884399414,"Unknown"
"7014851",371865,2025-10-04 18:17:25,43.1726455688477,-8.44032287597656,"Unknown"
"7014851",371865,2025-10-04 18:27:24,43.1725387573242,-8.44021034240723,"Unknown"
"7014851",371865,2025-10-04 18:37:22,43.1727981567383,-8.43989753723145,"Unknown"
"7014851",371865,2025-10-04 18:47:21,43.1727142333984,-8.43989276885986,"Unknown"
"7014851",371865,2025-10-04 18:57:23,43.1728477478027,-8.43973350524902,"Unknown"
"7014851",371865,2025-10-04 19:07:30,43.1723899841309,-8.44021224975586,"Unknown"
"7014851",371865,2025-10-04 19:17:23,43.1727256774902,-8.43953990936279,"Unknown"
"7014851",371865,2025-10-04 19:27:22,43.172737121582,-8.439528465271,"Unknown"
"7014851",371865,2025-10-04 19:37:29,43.1722717285156,-8.44032096862793,"Unknown"
"7014851",371865,2025-10-04 19:47:20,43.1726875305176,-8.43950176239014,"Unknown"
"7014851",371865,2025-10-04 19:57:35,43.1725540161133,-8.44019222259521,"Unknown"
"7014851",371865,2025-10-04 20:07:32,43.1722526550293,-8.44009780883789,"Unknown"
"7014851",371865,2025-10-04 20:17:29,43.1725997924805,-8.44018077850342,"Unknown"
"7014851",371865,2025-10-04 20:27:22,43.1725845336914,-8.44013118743896,"Unknown"
"7014851",371865,2025-10-04 20:37:24,43.1727066040039,-8.44012832641602,"Unknown"
"7014851",371865,2025-10-04 20:47:20,43.1726837158203,-8.44052696228027,"Unknown"
"7014851",371865,2025-10-04 20:57:22,43.172550201416,-8.44055843353271,"Unknown"
"7014851",371865,2025-10-04 21:07:22,43.1723289489746,-8.44047069549561,"Unknown"
"7014851",371865,2025-10-04 21:17:22,43.1723937988281,-8.44032382965088,"Unknown"
"7014851",371865,2025-10-04 21:27:24,43.1725234985352,-8.44087219238281,"Unknown"
"7014851",371865,2025-10-04 21:37:27,43.1726150512695,-8.44090461730957,"Unknown"
"7014851",371865,2025-10-04 21:47:25,43.1726150512695,-8.44150543212891,"Unknown"
"7014851",371865,2025-10-04 21:57:24,43.1723937988281,-8.44054889678955,"Unknown"
"7014851",371865,2025-10-04 22:07:23,43.1725654602051,-8.44076919555664,"Unknown"
"7014851",371865,2025-10-04 22:17:20,43.1724243164062,-8.44098663330078,"Unknown"
"7014851",371865,2025-10-04 22:27:23,43.1721000671387,-8.43995475769043,"Unknown"
"7014851",371865,2025-10-04 22:37:23,43.1720657348633,-8.44011878967285,"Unknown"
"7014851",371865,2025-10-04 22:47:24,43.1722068786621,-8.44025325775146,"Unknown"
"7014851",371865,2025-10-04 22:57:22,43.1721534729004,-8.44033145904541,"Unknown"
"7014851",371865,2025-10-04 23:07:28,43.1722106933594,-8.44042587280273,"Unknown"
"7014851",371865,2025-10-04 23:17:30,43.1691246032715,-8.43898105621338,"Unknown"
"7014851",371865,2025-10-04 23:27:31,43.172435760498,-8.43914127349854,"Unknown"
"7014851",371865,2025-10-04 23:37:49,43.1727409362793,-8.44028377532959,"Unknown"
"7014851",371865,2025-10-04 23:47:44,43.1720695495605,-8.44036293029785,"Unknown"
"7014851",371865,2025-10-04 23:57:21,43.1719436645508,-8.44089126586914,"Unknown"
"7014851",371865,2025-10-05 00:07:21,43.1720123291016,-8.44035243988037,"Unknown"
"7014851",371865,2025-10-05 00:17:19,43.1725463867188,-8.44029903411865,"Unknown"
"7014851",371865,2025-10-05 00:27:19,43.1723022460938,-8.44042015075684,"Unknown"
"7014851",371865,2025-10-05 00:37:21,43.172664642334,-8.44023704528809,"Unknown"
"7014851",371865,2025-10-05 00:47:20,43.1723289489746,-8.44046306610107,"Unknown"
"7014851",371865,2025-10-05 00:57:20,43.1726989746094,-8.44020462036133,"Unknown"
"7014851",371865,2025-10-05 01:07:20,43.1721878051758,-8.44062519073486,"Unknown"
"7014851",371865,2025-10-05 01:17:20,43.1723823547363,-8.44024658203125,"Unknown"
"7014851",371865,2025-10-05 01:27:20,43.1721076965332,-8.44008827209473,"Unknown"
"7014851",371865,2025-10-05 01:37:19,43.1722793579102,-8.44001197814941,"Unknown"
"7014851",371865,2025-10-05 01:47:25,43.1723136901855,-8.43987274169922,"Unknown"
"7014851",371865,2025-10-05 01:57:21,43.1722564697266,-8.43973445892334,"Unknown"
"7014851",371865,2025-10-05 02:07:44,43.1722564697266,-8.43983268737793,"Unknown"
"7014851",371865,2025-10-05 02:17:20,43.171459197998,-8.44043922424316,"Unknown"
"7014851",371865,2025-10-05 02:27:28,43.1718406677246,-8.44037818908691,"Unknown"
"7014851",371865,2025-10-05 02:37:21,43.1721420288086,-8.44057941436768,"Unknown"
"7014851",371865,2025-10-05 02:47:32,43.1718559265137,-8.43959045410156,"Unknown"
"7014851",371865,2025-10-05 02:57:30,43.1719207763672,-8.43962478637695,"Unknown"
"7014851",371865,2025-10-05 03:07:25,43.171989440918,-8.43944549560547,"Unknown"
"7014851",371865,2025-10-05 03:17:23,43.1721649169922,-8.43954086303711,"Unknown"
"7014851",371865,2025-10-05 03:27:41,43.171688079834,-8.44035625457764,"Unknown"
"7014851",371865,2025-10-05 03:37:19,43.1719512939453,-8.43998336791992,"Unknown"
"7014851",371865,2025-10-05 03:47:21,43.1722145080566,-8.4398078918457,"Unknown"
"7014851",371865,2025-10-05 03:57:20,43.1723213195801,-8.43991947174072,"Unknown"
"7014851",371865,2025-10-05 04:07:53,43.1715469360352,-8.440505027771,"Unknown"
"7014851",371865,2025-10-05 04:17:44,43.1717796325684,-8.44010829925537,"Unknown"
"7014851",371865,2025-10-05 04:27:32,43.1716804504395,-8.44019794464111,"Unknown"
"7014851",371865,2025-10-05 04:37:53,43.1716690063477,-8.4402494430542,"Unknown"
"7014851",371865,2025-10-05 04:47:18,43.1716804504395,-8.44030284881592,"Unknown"
"7014851",371865,2025-10-05 04:57:19,43.1717338562012,-8.44027805328369,"Unknown"
"7014851",371865,2025-10-05 05:07:19,43.1716575622559,-8.44027900695801,"Unknown"
"7014851",371865,2025-10-05 05:17:20,43.1719741821289,-8.44017696380615,"Unknown"
"7014851",371865,2025-10-05 05:27:20,43.1718940734863,-8.4403018951416,"Unknown"
"7014851",371865,2025-10-05 05:37:21,43.1720428466797,-8.44007110595703,"Unknown"
"7014851",371865,2025-10-05 05:47:19,43.1719093322754,-8.44010639190674,"Unknown"
"7014851",371865,2025-10-05 05:57:19,43.1719856262207,-8.44009494781494,"Unknown"
"7014851",371865,2025-10-05 06:07:22,43.1721382141113,-8.44009304046631,"Unknown"
"7014851",371865,2025-10-05 06:17:23,43.1722412109375,-8.43981742858887,"Unknown"
"7014851",371865,2025-10-05 06:27:19,43.1722030639648,-8.4399938583374,"Unknown"
"7014851",371865,2025-10-05 06:37:20,43.1298789978027,-8.47079563140869,"Unknown"
"7014851",371865,2025-10-05 06:47:21,43.1307182312012,-8.47154808044434,"Unknown"
"7014851",371865,2025-10-05 06:57:25,43.1305923461914,-8.47159004211426,"Unknown"
"7014851",371865,2025-10-05 07:07:25,43.1307029724121,-8.47152900695801,"Unknown"
"7014851",371865,2025-10-05 07:17:31,43.1305351257324,-8.47224426269531,"Unknown"
"7014851",371865,2025-10-05 07:27:35,43.1303520202637,-8.47169399261475,"Unknown"
"7014851",371865,2025-10-05 07:37:32,43.1303367614746,-8.47181987762451,"Unknown"
"7014851",371865,2025-10-05 07:47:41,43.1303825378418,-8.47168159484863,"Unknown"
"7014851",371865,2025-10-05 07:58:14,43.1302337646484,-8.46908473968506,"Unknown"
"7014851",371865,2025-10-05 08:07:20,43.1308135986328,-8.46938800811768,"Unknown"
"7014851",371865,2025-10-05 08:17:22,43.1326789855957,-8.47259616851807,"Unknown"
"7014851",371865,2025-10-05 08:27:20,43.130012512207,-8.46960830688477,"Unknown"
"7014851",371865,2025-10-05 08:37:23,43.1299934387207,-8.46953105926514,"Unknown"
"7014851",371865,2025-10-05 08:47:20,43.1301155090332,-8.46968173980713,"Unknown"
"7014851",371865,2025-10-05 08:57:22,43.1302070617676,-8.46954154968262,"Unknown"
"7014851",371865,2025-10-05 09:07:53,43.1300086975098,-8.4694881439209,"Unknown"
"7014851",371865,2025-10-05 09:17:18,43.1300048828125,-8.46949768066406,"Unknown"
"7014851",371865,2025-10-05 09:27:19,43.1299705505371,-8.46937370300293,"Unknown"
"7014851",371865,2025-10-05 09:37:19,43.1298904418945,-8.46951770782471,"Unknown"
"7014851",371865,2025-10-05 09:47:18,43.1299285888672,-8.47043323516846,"Unknown"
"7014851",371865,2025-10-05 09:57:19,43.1298522949219,-8.47049331665039,"Unknown"
"7014851",371865,2025-10-05 10:07:19,43.1296195983887,-8.47024917602539,"Unknown"
"7014851",371865,2025-10-05 10:17:19,43.1295127868652,-8.4698600769043,"Unknown"
"7014851",371865,2025-10-05 10:27:17,43.131778717041,-8.46988391876221,"Unknown"
"7014851",371865,2025-10-05 10:37:19,43.1321754455566,-8.46907138824463,"Unknown"
"7014851",371865,2025-10-05 10:47:19,43.1321640014648,-8.46829891204834,"Unknown"
"7014851",371865,2025-10-05 10:57:19,43.1324806213379,-8.46865844726562,"Unknown"
"7014851",371865,2025-10-05 11:07:19,43.1322784423828,-8.46871948242188,"Unknown"
"7014851",371865,2025-10-05 11:17:20,43.1320838928223,-8.46888828277588,"Unknown"
"7014851",371865,2025-10-05 11:27:22,43.1324272155762,-8.46896648406982,"Unknown"
"7014851",371865,2025-10-05 11:37:21,43.1323165893555,-8.46897125244141,"Unknown"
"7014851",371865,2025-10-05 11:47:21,43.1321716308594,-8.46935558319092,"Unknown"
"7014851",371865,2025-10-05 11:57:30,43.1327590942383,-8.46891117095947,"Unknown"
"7014851",371865,2025-10-05 12:07:19,43.1336326599121,-8.47017478942871,"Unknown"
"7014851",371865,2025-10-05 12:17:20,43.1336898803711,-8.47037887573242,"Unknown"
"7014851",371865,2025-10-05 12:27:20,43.1335258483887,-8.47050857543945,"Unknown"
"7014851",371865,2025-10-05 12:37:30,43.1336555480957,-8.4703483581543,"Unknown"
"7014851",371865,2025-10-05 12:47:21,43.1328544616699,-8.46893215179443,"Unknown"
"7014851",371865,2025-10-05 12:57:45,43.1329154968262,-8.46883583068848,"Unknown"
"7014851",371865,2025-10-05 13:07:25,43.1326904296875,-8.46905899047852,"Unknown"
"7014851",371865,2025-10-05 13:17:31,43.1327667236328,-8.46884536743164,"Unknown"
"7014851",371865,2025-10-05 13:27:31,43.1327705383301,-8.46882152557373,"Unknown"
"7014851",371865,2025-10-05 13:37:32,43.1327438354492,-8.46882057189941,"Unknown"
"7014851",371865,2025-10-05 13:47:31,43.1327171325684,-8.46877193450928,"Unknown"
"7014851",371865,2025-10-05 13:57:17,43.1606941223145,-8.4694881439209,"Unknown"
"7014851",371865,2025-10-05 14:07:19,43.155590057373,-8.47533130645752,"Unknown"
"7014851",371865,2025-10-05 14:17:51,43.1313209533691,-8.47395038604736,"Unknown"
"7014851",371865,2025-10-05 14:27:31,43.1332397460938,-8.46775913238525,"Unknown"
"7014851",371865,2025-10-05 14:37:22,43.1333198547363,-8.46817874908447,"Unknown"
"7014851",371865,2025-10-05 14:47:31,43.1331100463867,-8.46784591674805,"Unknown"
"7014851",371865,2025-10-05 14:57:21,43.1332817077637,-8.46798706054688,"Unknown"
"7014851",371865,2025-10-05 15:07:20,43.1336784362793,-8.4676628112793,"Unknown"
"7014851",371865,2025-10-05 15:17:20,43.1638984680176,-8.44892406463623,"Unknown"
"7014851",371865,2025-10-05 15:27:20,43.1932220458984,-8.42220497131348,"Unknown"
"7014851",371865,2025-10-05 15:37:21,43.1926193237305,-8.42251014709473,"Unknown"
"7014851",371865,2025-10-05 15:47:20,43.1931037902832,-8.42253494262695,"Unknown"
"7014851",371865,2025-10-05 15:57:23,43.1931648254395,-8.42256736755371,"Unknown"
"7014851",371865,2025-10-05 16:07:20,43.1924896240234,-8.4233570098877,"Unknown"
"7014851",371865,2025-10-05 16:17:19,43.2115211486816,-8.43414974212646,"Unknown"
"7014851",371865,2025-10-05 16:27:22,43.2301406860352,-8.39659214019775,"Unknown"
"7014851",371865,2025-10-05 16:37:18,43.2739944458008,-8.37515354156494,"Unknown"
"7014851",371865,2025-10-05 16:47:19,43.326831817627,-8.37406349182129,"Unknown"
"7014851",371865,2025-10-05 16:57:22,43.353271484375,-8.38516044616699,"Unknown"
"7014851",371865,2025-10-05 17:07:22,43.3534164428711,-8.38527774810791,"Unknown"
"7014851",371865,2025-10-05 17:17:20,43.3531875610352,-8.38545227050781,"Unknown"
"7014851",371865,2025-10-05 17:27:22,43.3532218933105,-8.38559627532959,"Unknown"
"7014851",371865,2025-10-05 17:37:21,43.3528861999512,-8.38579177856445,"Unknown"
"7014851",371865,2025-10-05 17:47:53,43.360179901123,-8.39673328399658,"Unknown"
"7014851",371865,2025-10-05 17:57:18,43.3601837158203,-8.39694118499756,"Unknown"
"7014851",371865,2025-10-05 18:07:25,43.3601951599121,-8.39691829681396,"Unknown"
"7014851",371865,2025-10-05 18:17:27,43.3601722717285,-8.39698028564453,"Unknown"
"7014851",371865,2025-10-05 18:27:28,43.3600540161133,-8.39692401885986,"Unknown"
"7014851",371865,2025-10-05 18:37:44,43.3601112365723,-8.39672183990479,"Unknown"
"7014851",371865,2025-10-05 18:47:24,43.3592834472656,-8.39388751983643,"Unknown"
"7014851",371865,2025-10-05 18:57:31,43.3591461181641,-8.39435291290283,"Unknown"
"7014851",371865,2025-10-05 19:07:32,43.360767364502,-8.39473915100098,"Unknown"
"7014851",371865,2025-10-05 19:17:22,43.358943939209,-8.39373874664307,"Unknown"
"7014851",371865,2025-10-05 19:27:38,43.3592948913574,-8.39383602142334,"Unknown"
"7014851",371865,2025-10-05 19:37:44,43.3592300415039,-8.39379405975342,"Unknown"
"7014851",371865,2025-10-05 19:47:53,43.3592987060547,-8.39386558532715,"Unknown"
"7014851",371865,2025-10-05 19:57:18,43.3594169616699,-8.39412879943848,"Unknown"
"7014851",371865,2025-10-05 20:07:18,43.3591156005859,-8.39381694793701,"Unknown"
"7014851",371865,2025-10-05 20:17:17,43.3594741821289,-8.39385509490967,"Unknown"
"7014851",371865,2025-10-05 20:27:18,43.3592987060547,-8.39374923706055,"Unknown"
"7014851",371865,2025-10-05 20:37:31,43.3593254089355,-8.39386081695557,"Unknown"
"7014851",371865,2025-10-05 20:47:27,43.3665885925293,-8.37047386169434,"Unknown"
"7014851",371865,2025-10-05 20:57:51,43.3592910766602,-8.39391803741455,"Unknown"
"7014851",371865,2025-10-05 21:07:25,43.3503532409668,-8.39542007446289,"Unknown"
"7014851",371865,2025-10-05 21:17:20,43.3555870056152,-8.37301921844482,"Unknown"
"7014851",371865,2025-10-05 21:27:23,43.3591995239258,-8.39341926574707,"Unknown"
"7014851",371865,2025-10-05 21:37:20,43.3530197143555,-8.37680816650391,"Unknown"
"7014851",371865,2025-10-05 21:47:53,43.359001159668,-8.3938512802124,"Unknown"
"7014851",371865,2025-10-05 21:57:18,43.3591918945312,-8.39371776580811,"Unknown"
"7014851",371865,2025-10-05 22:07:18,43.355640411377,-8.40405654907227,"Unknown"
"7014851",371865,2025-10-05 22:17:26,43.353645324707,-8.40504264831543,"Unknown"
"7014851",371865,2025-10-05 22:27:31,43.3619194030762,-8.40056419372559,"Unknown"
"7014851",371865,2025-10-05 22:37:33,43.3728981018066,-8.4092264175415,"Unknown"
"7014851",371865,2025-10-05 22:47:25,43.3746185302734,-8.41133975982666,"Unknown"
"7014851",371865,2025-10-05 22:57:23,43.3723373413086,-8.41387748718262,"Unknown"
"7014851",371865,2025-10-05 23:07:32,43.3624801635742,-8.40074729919434,"Unknown"
"7014851",371865,2025-10-05 23:17:24,43.3624153137207,-8.40057277679443,"Unknown"
"7014851",371865,2025-10-05 23:27:36,43.3645210266113,-8.40112400054932,"Unknown"
"7014851",371865,2025-10-05 23:37:59,43.3512687683105,-8.40605545043945,"Unknown"
"7014851",371865,2025-10-05 23:47:22,43.3696937561035,-8.42031574249268,"Unknown"
"7014851",371865,2025-10-05 23:57:22,43.3578453063965,-8.40435218811035,"Unknown"
"7014851",371865,2025-10-06 00:07:22,43.364688873291,-8.40127944946289,"Unknown"
"7014851",371865,2025-10-06 00:17:21,43.3490333557129,-8.41058540344238,"Unknown"
"7014851",371865,2025-10-06 00:27:23,43.3505401611328,-8.40981388092041,"Unknown"
"7014851",371865,2025-10-06 00:37:22,43.3562393188477,-8.40641212463379,"Unknown"
"7014851",371865,2025-10-06 00:47:16,43.3569717407227,-8.40608882904053,"Unknown"
"7014851",371865,2025-10-06 00:57:17,43.3575744628906,-8.40584659576416,"Unknown"
"7014851",371865,2025-10-06 01:07:17,43.3579788208008,-8.40571403503418,"Unknown"
"7014851",371865,2025-10-06 01:17:31,43.3442306518555,-8.40671157836914,"Unknown"
"7014851",371865,2025-10-06 01:27:20,43.3585090637207,-8.40565586090088,"Unknown"
"7014851",371865,2025-10-06 01:37:45,43.3642539978027,-8.40139675140381,"Unknown"
"7014851",371865,2025-10-06 01:47:25,43.3642730712891,-8.40140819549561,"Unknown"
"7014851",371865,2025-10-06 01:57:17,43.3642082214355,-8.40139389038086,"Unknown"
"7014851",371865,2025-10-06 02:07:19,43.3642463684082,-8.40145397186279,"Unknown"
"7014851",371865,2025-10-06 02:17:30,43.3642807006836,-8.40157985687256,"Unknown"
"7014851",371865,2025-10-06 02:27:19,43.3666038513184,-8.40011787414551,"Unknown"
"7014851",371865,2025-10-06 02:37:29,43.3563766479492,-8.40043163299561,"Unknown"
"7014851",371865,2025-10-06 02:47:35,43.3647117614746,-8.40190410614014,"Unknown"
"7014851",371865,2025-10-06 02:57:23,43.3641395568848,-8.40144729614258,"Unknown"
"7014851",371865,2025-10-06 03:07:18,43.3641891479492,-8.40101623535156,"Unknown"
"7014851",371865,2025-10-06 03:17:30,43.3641967773438,-8.40144920349121,"Unknown"
"7014851",371865,2025-10-06 03:27:21,43.364143371582,-8.40124607086182,"Unknown"
"7014851",371865,2025-10-06 03:37:18,43.3643341064453,-8.40038776397705,"Unknown"
"7014851",371865,2025-10-06 03:47:18,43.3642921447754,-8.40066337585449,"Unknown"
"7014851",371865,2025-10-06 03:57:18,43.3642539978027,-8.40083122253418,"Unknown"
"7014851",371865,2025-10-06 04:07:18,43.3642158508301,-8.40107250213623,"Unknown"
"7014851",371865,2025-10-06 04:17:19,43.3641967773438,-8.40160846710205,"Unknown"
"7014851",371865,2025-10-06 04:27:18,43.3643531799316,-8.40077590942383,"Unknown"
"7014851",371865,2025-10-06 04:37:21,43.3645248413086,-8.40088081359863,"Unknown"
"7014851",371865,2025-10-06 04:47:18,43.364501953125,-8.40091514587402,"Unknown"
"7014851",371865,2025-10-06 04:57:18,43.3645629882812,-8.40102005004883,"Unknown"
"7014851",371865,2025-10-06 05:07:18,43.3645286560059,-8.40108299255371,"Unknown"
"7014851",371865,2025-10-06 05:17:53,43.3644866943359,-8.40151691436768,"Unknown"
"7014851",371865,2025-10-06 05:27:42,43.3644714355469,-8.40154552459717,"Unknown"
"7014851",371865,2025-10-06 05:37:17,43.3644638061523,-8.40089511871338,"Unknown"
"7014851",371865,2025-10-06 05:47:20,43.3644905090332,-8.40088176727295,"Unknown"
"7014851",371865,2025-10-06 05:57:21,43.3643646240234,-8.40101909637451,"Unknown"
"7014851",371865,2025-10-06 06:07:18,43.3639335632324,-8.40104198455811,"Unknown"
"7014851",371865,2025-10-06 06:17:25,43.353588104248,-8.41447448730469,"Unknown"
"7014851",371865,2025-10-06 06:27:18,43.343448638916,-8.50232696533203,"Unknown"
"7014851",371865,2025-10-06 06:37:44,43.3341331481934,-8.51225090026855,"Unknown"
"7014851",371865,2025-10-06 06:47:21,43.3339462280273,-8.51216506958008,"Unknown"
"7014851",371865,2025-10-06 06:57:19,43.3341941833496,-8.51206874847412,"Unknown"
"7014851",371865,2025-10-06 07:07:24,43.3303031921387,-8.51136112213135,"Unknown"
"7014851",371865,2025-10-06 07:17:23,43.3302345275879,-8.51032543182373,"Unknown"
"7014851",371865,2025-10-06 07:27:24,43.3300628662109,-8.51171875,"Unknown"
"7014851",371865,2025-10-06 07:37:44,43.2952842712402,-8.50873470306396,"Unknown"
"7014851",371865,2025-10-06 07:47:21,43.2674560546875,-8.49134349822998,"Unknown"
"7014851",371865,2025-10-06 07:57:53,43.2305946350098,-8.47361469268799,"Unknown"
"7014851",371865,2025-10-06 08:07:16,43.1935691833496,-8.42622756958008,"Unknown"
"7014851",371865,2025-10-06 08:17:16,43.1627731323242,-8.44851875305176,"Unknown"
"7014851",371865,2025-10-06 08:27:18,43.130054473877,-8.46967506408691,"Unknown"
"7014851",371865,2025-10-06 08:37:18,43.1299819946289,-8.46975898742676,"Unknown"
"7014851",371865,2025-10-06 08:47:18,43.1310043334961,-8.47127151489258,"Unknown"
"7014851",371865,2025-10-06 08:57:18,43.1308517456055,-8.47102165222168,"Unknown"
"7014851",371865,2025-10-06 09:07:19,43.130931854248,-8.47104644775391,"Unknown"
"7014851",371865,2025-10-06 09:17:18,43.1302261352539,-8.47020149230957,"Unknown"
"7014851",371865,2025-10-06 09:27:24,43.1311645507812,-8.47157001495361,"Unknown"
"7014851",371865,2025-10-06 09:37:24,43.1310386657715,-8.47123527526855,"Unknown"
"7014851",371865,2025-10-06 09:47:21,43.1300201416016,-8.46940231323242,"Unknown"
"7014851",371865,2025-10-06 09:57:21,43.1300239562988,-8.46911430358887,"Unknown"
"7014851",371865,2025-10-06 10:07:22,43.1299591064453,-8.46837425231934,"Unknown"
"7014851",371865,2025-10-06 10:17:24,43.1296691894531,-8.46928787231445,"Unknown"
"7014851",371865,2025-10-06 10:27:35,43.1294326782227,-8.46895599365234,"Unknown"
"7014851",371865,2025-10-06 10:37:17,43.129451751709,-8.4689416885376,"Unknown"
"7014851",371865,2025-10-06 10:47:17,43.1295127868652,-8.4689826965332,"Unknown"
"7014851",371865,2025-10-06 10:57:19,43.1294021606445,-8.46895217895508,"Unknown"
"7014851",371865,2025-10-06 11:07:18,43.1297340393066,-8.47009563446045,"Unknown"
"7014851",371865,2025-10-06 11:17:31,43.1304512023926,-8.47110462188721,"Unknown"
"7014851",371865,2025-10-06 11:27:22,43.130298614502,-8.47100162506104,"Unknown"
"7014851",371865,2025-10-06 11:37:22,43.1301460266113,-8.47086429595947,"Unknown"
"7014851",371865,2025-10-06 11:47:22,43.1301460266113,-8.47091484069824,"Unknown"
"7014851",371865,2025-10-06 11:57:22,43.1300468444824,-8.47091770172119,"Unknown"
"7014851",371865,2025-10-06 12:07:35,43.1298446655273,-8.47197914123535,"Unknown"
"7014851",371865,2025-10-06 12:17:35,43.1298446655273,-8.47237205505371,"Unknown"
"7014851",371865,2025-10-06 12:27:30,43.1291122436523,-8.47304058074951,"Unknown"
"7014851",371865,2025-10-06 12:37:30,43.128963470459,-8.47348785400391,"Unknown"
"7014851",371865,2025-10-06 12:47:30,43.1288414001465,-8.47080516815186,"Unknown"
"7014851",371865,2025-10-06 12:57:19,43.130126953125,-8.47712421417236,"Unknown"
"7014851",371865,2025-10-06 13:07:19,43.1303215026855,-8.47777462005615,"Unknown"
"7014851",371865,2025-10-06 13:17:25,43.1293640136719,-8.47277545928955,"Unknown"
"7014851",371865,2025-10-06 13:27:25,43.1287002563477,-8.46994972229004,"Unknown"
"7014851",371865,2025-10-06 13:37:25,43.1294136047363,-8.47134780883789,"Unknown"
"7014851",371865,2025-10-06 13:47:40,43.1290702819824,-8.46994018554688,"Unknown"
"7014851",371865,2025-10-06 13:57:16,43.1291084289551,-8.46991920471191,"Unknown"
"7014851",371865,2025-10-06 14:07:19,43.1302947998047,-8.47012138366699,"Unknown"
"7014851",371865,2025-10-06 14:17:33,43.1296157836914,-8.47475147247314,"Unknown"
"7014851",371865,2025-10-06 14:27:28,43.1303977966309,-8.47082042694092,"Unknown"
"7014851",371865,2025-10-06 14:37:35,43.1308174133301,-8.47095584869385,"Unknown"
"7014851",371865,2025-10-06 14:47:20,43.1278915405273,-8.47105884552002,"Unknown"
"7014851",371865,2025-10-06 14:57:22,43.1302261352539,-8.46930122375488,"Unknown"
"7014851",371865,2025-10-06 15:07:22,43.1297836303711,-8.46916961669922,"Unknown"
"7014851",371865,2025-10-06 15:17:26,43.1295356750488,-8.46909618377686,"Unknown"
"7014851",371865,2025-10-06 15:27:20,43.129508972168,-8.46918869018555,"Unknown"
"7014851",371865,2025-10-06 15:37:33,43.1287384033203,-8.46960353851318,"Unknown"
"7014851",371865,2025-10-06 15:47:22,43.1285552978516,-8.46990394592285,"Unknown"
"7014851",371865,2025-10-06 15:57:53,43.1299133300781,-8.46973323822021,"Unknown"
"7014851",371865,2025-10-06 16:07:17,43.1318664550781,-8.47234535217285,"Unknown"
"7014851",371865,2025-10-06 16:17:18,43.1304664611816,-8.47095966339111,"Unknown"
"7014851",371865,2025-10-06 16:27:17,43.1304130554199,-8.47117519378662,"Unknown"
"7014851",371865,2025-10-06 16:37:44,43.1303634643555,-8.47142124176025,"Unknown"
"7014851",371865,2025-10-06 16:47:35,43.1303176879883,-8.47128868103027,"Unknown"
"7014851",371865,2025-10-06 16:57:17,43.1302642822266,-8.47135925292969,"Unknown"
"7014851",371865,2025-10-06 17:07:15,43.1300659179688,-8.46993637084961,"Unknown"
"7014851",371865,2025-10-06 17:17:18,43.1296501159668,-8.46972179412842,"Unknown"
"7014851",371865,2025-10-06 17:27:18,43.1301498413086,-8.47012710571289,"Unknown"
"7014851",371865,2025-10-06 17:37:44,43.1299514770508,-8.46997261047363,"Unknown"
"7014851",371865,2025-10-06 17:47:16,43.1366920471191,-8.46933937072754,"Unknown"
"7014851",371865,2025-10-06 17:57:17,43.1923065185547,-8.42450523376465,"Unknown"
"7014851",371865,2025-10-06 18:07:16,43.1949615478516,-8.4235315322876,"Unknown"
"7014851",371865,2025-10-06 18:17:19,43.1969909667969,-8.42360591888428,"Unknown"
"7014851",371865,2025-10-06 18:27:24,43.1962623596191,-8.42266750335693,"Unknown"
"7014851",371865,2025-10-06 18:37:51,43.1965141296387,-8.42327308654785,"Unknown"
"7014851",371865,2025-10-06 18:47:16,43.1967353820801,-8.42282295227051,"Unknown"
"7014851",371865,2025-10-06 18:57:17,43.1961631774902,-8.42282581329346,"Unknown"
"7014851",371865,2025-10-06 19:07:16,43.1966285705566,-8.42338275909424,"Unknown"
"7014851",371865,2025-10-06 19:17:17,43.1967315673828,-8.42371845245361,"Unknown"
"7014851",371865,2025-10-06 19:27:18,43.1960830688477,-8.42390918731689,"Unknown"
"7014851",371865,2025-10-06 19:37:17,43.1954879760742,-8.42455673217773,"Unknown"
"7014851",371865,2025-10-06 19:47:17,43.1955337524414,-8.4251594543457,"Unknown"
"7014851",371865,2025-10-06 19:57:17,43.1957664489746,-8.4253101348877,"Unknown"
"7014851",371865,2025-10-06 20:07:19,43.1956367492676,-8.42581367492676,"Unknown"
"7014851",371865,2025-10-06 20:17:26,43.1959495544434,-8.42584323883057,"Unknown"
"7014851",371865,2025-10-06 20:27:43,43.1962089538574,-8.42560195922852,"Unknown"
"7014851",371865,2025-10-06 20:37:16,43.1976089477539,-8.42570686340332,"Unknown"
"7014851",371865,2025-10-06 20:47:32,43.1961898803711,-8.42459964752197,"Unknown"
"7014851",371865,2025-10-06 20:57:18,43.1980819702148,-8.42780685424805,"Unknown"
"7014851",371865,2025-10-06 21:07:21,43.197208404541,-8.42705821990967,"Unknown"
"7014851",371865,2025-10-06 21:17:35,43.196174621582,-8.42456245422363,"Unknown"
"7014851",371865,2025-10-06 21:27:17,43.1958312988281,-8.42418956756592,"Unknown"
"7014851",371865,2025-10-06 21:37:15,43.1954040527344,-8.42383766174316,"Unknown"
"7014851",371865,2025-10-06 21:47:18,43.1950569152832,-8.42360973358154,"Unknown"
"7014851",371865,2025-10-06 21:57:21,43.1950035095215,-8.42335414886475,"Unknown"
"7014851",371865,2025-10-06 22:07:23,43.1952247619629,-8.42420673370361,"Unknown"
"7014851",371865,2025-10-06 22:17:16,43.1953506469727,-8.42371559143066,"Unknown"
"7014851",371865,2025-10-06 22:27:17,43.1952209472656,-8.42360401153564,"Unknown"
"7014851",371865,2025-10-06 22:37:21,43.1951141357422,-8.42264652252197,"Unknown"
"7014851",371865,2025-10-06 22:47:28,43.1948432922363,-8.42190742492676,"Unknown"
"7014851",371865,2025-10-06 22:57:32,43.194896697998,-8.42135715484619,"Unknown"
"7014851",371865,2025-10-06 23:07:28,43.1952362060547,-8.42152309417725,"Unknown"
"7014851",371865,2025-10-06 23:17:44,43.1952285766602,-8.42176723480225,"Unknown"
"7014851",371865,2025-10-06 23:27:19,43.1945686340332,-8.42107105255127,"Unknown"
"7014851",371865,2025-10-06 23:37:21,43.1945495605469,-8.42086887359619,"Unknown"
"7014851",371865,2025-10-06 23:47:45,43.1945762634277,-8.42093086242676,"Unknown"
"7014851",371865,2025-10-06 23:57:25,43.1947708129883,-8.42143440246582,"Unknown"
"7014851",371865,2025-10-07 00:07:24,43.1952362060547,-8.42154026031494,"Unknown"
"7014851",371865,2025-10-07 00:17:26,43.1943054199219,-8.42081737518311,"Unknown"
"7014851",371865,2025-10-07 00:27:31,43.1941528320312,-8.42060089111328,"Unknown"
"7014851",371865,2025-10-07 00:37:24,43.1938552856445,-8.4201488494873,"Unknown"
"7014851",371865,2025-10-07 00:47:24,43.1938362121582,-8.42054557800293,"Unknown"
"7014851",371865,2025-10-07 00:57:28,43.193660736084,-8.42083072662354,"Unknown"
"7014851",371865,2025-10-07 01:07:47,43.1935920715332,-8.42083835601807,"Unknown"
"7014851",371865,2025-10-07 01:17:44,43.1936836242676,-8.42104625701904,"Unknown"
"7014851",371865,2025-10-07 01:27:16,43.1939468383789,-8.42117023468018,"Unknown"
"7014851",371865,2025-10-07 01:37:16,43.1944541931152,-8.42159175872803,"Unknown"
"7014851",371865,2025-10-07 01:47:18,43.1948623657227,-8.42211246490479,"Unknown"
"7014851",371865,2025-10-07 01:57:27,43.1727180480957,-8.44008636474609,"Unknown"
"7014851",371865,2025-10-07 02:08:07,43.1712989807129,-8.43995475769043,"Unknown"
"7014851",371865,2025-10-07 02:17:16,43.1721572875977,-8.44028091430664,"Unknown"
"7014851",371865,2025-10-07 02:27:15,43.1721343994141,-8.44036960601807,"Unknown"
"7014851",371865,2025-10-07 02:37:17,43.1721954345703,-8.44037628173828,"Unknown"
"7014851",371865,2025-10-07 02:47:24,43.1719703674316,-8.44065570831299,"Unknown"
"7014851",371865,2025-10-07 02:57:18,43.1722221374512,-8.44022750854492,"Unknown"
"7014851",371865,2025-10-07 03:07:18,43.1723365783691,-8.43953132629395,"Unknown"
"7014851",371865,2025-10-07 03:17:20,43.1711006164551,-8.44003677368164,"Unknown"
"7014851",371865,2025-10-07 03:27:17,43.1720008850098,-8.439697265625,"Unknown"
"7014851",371865,2025-10-07 03:37:20,43.1721153259277,-8.43997955322266,"Unknown"
"7014851",371865,2025-10-07 03:47:18,43.1720314025879,-8.43993091583252,"Unknown"
"7014851",371865,2025-10-07 03:57:17,43.171989440918,-8.44014453887939,"Unknown"
"7014851",371865,2025-10-07 04:07:23,43.1716423034668,-8.43993949890137,"Unknown"
"7014851",371865,2025-10-07 04:17:43,43.1716766357422,-8.43997001647949,"Unknown"
"7014851",371865,2025-10-07 04:27:29,43.1716766357422,-8.44006538391113,"Unknown"
"7014851",371865,2025-10-07 04:37:23,43.1716651916504,-8.43999195098877,"Unknown"
"7014851",371865,2025-10-07 04:47:41,43.1716766357422,-8.4399299621582,"Unknown"
"7014851",371865,2025-10-07 04:57:16,43.1716690063477,-8.43991851806641,"Unknown"
"7014851",371865,2025-10-07 05:07:22,43.1716384887695,-8.43991088867188,"Unknown"
"7014851",371865,2025-10-07 05:17:22,43.1716079711914,-8.44011783599854,"Unknown"
"7014851",371865,2025-10-07 05:27:32,43.1715888977051,-8.44014835357666,"Unknown"
"7014851",371865,2025-10-07 05:37:53,43.1716270446777,-8.44026565551758,"Unknown"
"7014851",371865,2025-10-07 05:47:17,43.1715812683105,-8.44026947021484,"Unknown"
"7014851",371865,2025-10-07 05:57:33,43.1716232299805,-8.44013404846191,"Unknown"
"7014851",371865,2025-10-07 06:07:16,43.1722183227539,-8.43972873687744,"Unknown"
"7014851",371865,2025-10-07 06:17:16,43.1344184875488,-8.46909618377686,"Unknown"
"7014851",371865,2025-10-07 06:27:14,43.1305122375488,-8.47185230255127,"Unknown"
"7014851",371865,2025-10-07 06:37:36,43.1297035217285,-8.47054672241211,"Unknown"
"7014851",371865,2025-10-07 06:47:15,43.129695892334,-8.47052574157715,"Unknown"
"7014851",371865,2025-10-07 06:57:21,43.1306800842285,-8.47113609313965,"Unknown"
"7014851",371865,2025-10-07 07:07:16,43.1306991577148,-8.47146606445312,"Unknown"
"7014851",371865,2025-10-07 07:17:16,43.1302108764648,-8.471604347229,"Unknown"
"7014851",371865,2025-10-07 07:27:24,43.1300582885742,-8.47000026702881,"Unknown"
"7014851",371865,2025-10-07 07:37:18,43.1298904418945,-8.4699649810791,"Unknown"
"7014851",371865,2025-10-07 07:47:23,43.1296730041504,-8.46983051300049,"Unknown"
"7014851",371865,2025-10-07 07:57:18,43.1297798156738,-8.46986770629883,"Unknown"
"7014851",371865,2025-10-07 08:07:35,43.1299133300781,-8.47004127502441,"Unknown"
"7014851",371865,2025-10-07 08:17:14,43.1298599243164,-8.4700231552124,"Unknown"
"7014851",371865,2025-10-07 08:27:17,43.1299743652344,-8.47001266479492,"Unknown"
"7014851",371865,2025-10-07 08:37:31,43.1299858093262,-8.47001552581787,"Unknown"
"7014851",371865,2025-10-07 08:47:15,43.1299514770508,-8.47012710571289,"Unknown"
"7014851",371865,2025-10-07 08:57:24,43.1335220336914,-8.46989440917969,"Unknown"
"7014851",371865,2025-10-07 09:07:24,43.1335372924805,-8.46996402740479,"Unknown"
"7014851",371865,2025-10-07 09:18:37,43.1335067749023,-8.47004985809326,"Unknown"
"7014851",371865,2025-10-07 09:27:24,43.1298942565918,-8.46944999694824,"Unknown"
"7014851",371865,2025-10-07 09:37:22,43.1298637390137,-8.46942806243896,"Unknown"
"7014851",371865,2025-10-07 09:47:19,43.129810333252,-8.46939277648926,"Unknown"
"7014851",371865,2025-10-07 09:57:32,43.1298828125,-8.46942901611328,"Unknown"
"7014851",371865,2025-10-07 10:07:22,43.1299629211426,-8.47035598754883,"Unknown"
"7014851",371865,2025-10-07 10:17:15,43.1300315856934,-8.47045230865479,"Unknown"
"7014851",371865,2025-10-07 10:27:18,43.1299095153809,-8.47028255462646,"Unknown"
"7014851",371865,2025-10-07 10:37:16,43.129768371582,-8.47020721435547,"Unknown"
"7014851",371865,2025-10-07 10:47:17,43.1299591064453,-8.47033023834229,"Unknown"
"7014851",371865,2025-10-07 10:57:19,43.1298370361328,-8.47029495239258,"Unknown"
"7014851",371865,2025-10-07 11:07:17,43.1298522949219,-8.47031784057617,"Unknown"
"7014851",371865,2025-10-07 11:17:17,43.1298980712891,-8.47042560577393,"Unknown"
"7014851",371865,2025-10-07 11:27:44,43.1298217773438,-8.47032356262207,"Unknown"
"7014851",371865,2025-10-07 11:37:17,43.1298446655273,-8.4703426361084,"Unknown"
"7014851",371865,2025-10-07 11:47:41,43.1296005249023,-8.47017765045166,"Unknown"
"7014851",371865,2025-10-07 11:57:21,43.1296577453613,-8.47018146514893,"Unknown"
"7014851",371865,2025-10-07 12:07:18,43.1294937133789,-8.46979427337646,"Unknown"
"7014851",371865,2025-10-07 12:17:23,43.1289520263672,-8.47058582305908,"Unknown"
"7014851",371865,2025-10-07 12:27:17,43.1290130615234,-8.4706563949585,"Unknown"
"7014851",371865,2025-10-07 12:37:21,43.1289863586426,-8.47048759460449,"Unknown"
"7014851",371865,2025-10-07 12:47:35,43.1289176940918,-8.470534324646,"Unknown"
"7014851",371865,2025-10-07 12:57:14,43.1287841796875,-8.47057628631592,"Unknown"
"7014851",371865,2025-10-07 13:07:22,43.1288261413574,-8.47055435180664,"Unknown"
"7014851",371865,2025-10-07 13:17:35,43.1288414001465,-8.47050476074219,"Unknown"
"7014851",371865,2025-10-07 13:27:15,43.1287841796875,-8.47047996520996,"Unknown"
"7014851",371865,2025-10-07 13:37:14,43.1288185119629,-8.47043323516846,"Unknown"
"7014851",371865,2025-10-07 13:47:14,43.1288642883301,-8.47040748596191,"Unknown"
"7014851",371865,2025-10-07 13:57:14,43.1289367675781,-8.47050666809082,"Unknown"
"7014851",371865,2025-10-07 14:07:35,43.128849029541,-8.4703540802002,"Unknown"
"7014851",371865,2025-10-07 14:17:15,43.1288833618164,-8.47011184692383,"Unknown"
"7014851",371865,2025-10-07 14:27:43,43.1288146972656,-8.47042369842529,"Unknown"
"7014851",371865,2025-10-07 14:37:15,43.1287307739258,-8.47052669525146,"Unknown"
"7014851",371865,2025-10-07 14:47:35,43.1288185119629,-8.47047328948975,"Unknown"
"7014851",371865,2025-10-07 14:57:17,43.1285018920898,-8.47052097320557,"Unknown"
"7014851",371865,2025-10-07 15:07:15,43.1285934448242,-8.47043132781982,"Unknown"
"7014851",371865,2025-10-07 15:17:15,43.1286849975586,-8.47040748596191,"Unknown"
"7014851",371865,2025-10-07 15:27:18,43.128776550293,-8.47048377990723,"Unknown"
"7014851",371865,2025-10-07 15:37:17,43.1287231445312,-8.47047710418701,"Unknown"
"7014851",371865,2025-10-07 15:47:24,43.1285591125488,-8.47037315368652,"Unknown"
"7014851",371865,2025-10-07 15:57:21,43.0999488830566,-8.49722957611084,"Unknown"
"7014851",371865,2025-10-07 16:07:35,43.1006469726562,-8.4982967376709,"Unknown"
"7014851",371865,2025-10-07 16:17:18,43.1009674072266,-8.49785614013672,"Unknown"
"7014851",371865,2025-10-07 16:27:15,43.1006240844727,-8.49756813049316,"Unknown"
"7014851",371865,2025-10-07 16:37:23,43.1013641357422,-8.49866008758545,"Unknown"
"7014851",371865,2025-10-07 16:47:22,43.1026191711426,-8.49995708465576,"Unknown"
"7014851",371865,2025-10-07 16:57:45,43.103157043457,-8.50149250030518,"Unknown"
"7014851",371865,2025-10-07 17:07:26,43.1024551391602,-8.50089168548584,"Unknown"
"7014851",371865,2025-10-07 17:17:43,43.101619720459,-8.49902629852295,"Unknown"
"7014851",371865,2025-10-07 17:27:17,43.1020278930664,-8.49891757965088,"Unknown"
"7014851",371865,2025-10-07 17:37:26,43.1024169921875,-8.499680519104,"Unknown"
"7014851",371865,2025-10-07 17:47:45,43.1021614074707,-8.4997034072876,"Unknown"
"7014851",371865,2025-10-07 17:57:15,43.1021461486816,-8.49906635284424,"Unknown"
"7014851",371865,2025-10-07 18:07:17,43.1007957458496,-8.49816513061523,"Unknown"
"7014851",371865,2025-10-07 18:17:20,43.0997123718262,-8.49850749969482,"Unknown"
"7014851",371865,2025-10-07 18:27:15,43.0986709594727,-8.50575256347656,"Unknown"
"7014851",371865,2025-10-07 18:37:53,43.0985870361328,-8.50608348846436,"Unknown"
"7014851",371865,2025-10-07 18:47:15,43.0992126464844,-8.50627517700195,"Unknown"
"7014851",371865,2025-10-07 18:57:19,43.0983810424805,-8.5055103302002,"Unknown"
"7014851",371865,2025-10-07 19:07:17,43.0984153747559,-8.50516510009766,"Unknown"
"7014851",371865,2025-10-07 19:17:18,43.0985832214355,-8.50503253936768,"Unknown"
"7014851",371865,2025-10-07 19:27:19,43.0987243652344,-8.5050048828125,"Unknown"
"7014851",371865,2025-10-07 19:37:53,43.0986213684082,-8.50568771362305,"Unknown"
"7014851",371865,2025-10-07 19:47:18,43.0994071960449,-8.50542736053467,"Unknown"
"7014851",371865,2025-10-07 19:57:15,43.0992469787598,-8.50560474395752,"Unknown"
"7014851",371865,2025-10-07 20:07:17,43.0993499755859,-8.50571727752686,"Unknown"
"7014851",371865,2025-10-07 20:17:15,43.0996704101562,-8.4986629486084,"Unknown"
"7014851",371865,2025-10-07 20:27:18,43.1495094299316,-8.46875095367432,"Unknown"
"7014851",371865,2025-10-07 20:37:27,43.1705322265625,-8.43924903869629,"Unknown"
"7014851",371865,2025-10-07 20:47:26,43.1734046936035,-8.44102954864502,"Unknown"
"7014851",371865,2025-10-07 20:58:14,43.1717796325684,-8.43999099731445,"Unknown"
"7014851",371865,2025-10-07 21:27:25,43.1715660095215,-8.44009876251221,"Unknown"
"7014851",371865,2025-10-07 21:57:24,43.1714859008789,-8.44003200531006,"Unknown"
"7014851",371865,2025-10-07 22:27:35,43.1715469360352,-8.44011497497559,"Unknown"
"7014851",371865,2025-10-07 22:57:14,43.171558380127,-8.44006729125977,"Unknown"
"7014851",371865,2025-10-07 23:27:17,43.1714744567871,-8.44017791748047,"Unknown"
"7014851",371865,2025-10-07 23:57:35,43.1716079711914,-8.4400520324707,"Unknown"
"7014851",371865,2025-10-08 00:27:14,43.171459197998,-8.439697265625,"Unknown"
"7014851",371865,2025-10-08 00:57:17,43.1714744567871,-8.43921852111816,"Unknown"
"7014851",371865,2025-10-08 01:27:17,43.1715660095215,-8.4397611618042,"Unknown"
"7014851",371865,2025-10-08 01:57:28,43.1722259521484,-8.44068431854248,"Unknown"
"7014851",371865,2025-10-08 02:27:44,43.171745300293,-8.44051456451416,"Unknown"
"7014851",371865,2025-10-08 02:57:35,43.1718101501465,-8.44053554534912,"Unknown"
"7014851",371865,2025-10-08 03:27:14,43.1718368530273,-8.44050693511963,"Unknown"
"7014851",371865,2025-10-08 03:57:22,43.1717529296875,-8.4405345916748,"Unknown"
"7014851",371865,2025-10-08 04:27:15,43.172176361084,-8.43995380401611,"Unknown"
"7014851",371865,2025-10-08 04:57:15,43.1723403930664,-8.43961238861084,"Unknown"
"7014851",371865,2025-10-08 05:27:17,43.171573638916,-8.44063663482666,"Unknown"
"7014851",371865,2025-10-08 05:57:35,43.1715850830078,-8.4406099319458,"Unknown"
"7014851",371865,2025-10-08 06:27:14,43.1716117858887,-8.44070053100586,"Unknown"
"7014851",371865,2025-10-08 06:57:53,43.1298484802246,-8.47061157226562,"Unknown"
"7014851",371865,2025-10-08 07:27:17,43.129810333252,-8.47067165374756,"Unknown"
"7014851",371865,2025-10-08 07:57:15,43.1302528381348,-8.47126293182373,"Unknown"
"7014851",371865,2025-10-08 08:27:35,43.1310768127441,-8.47119045257568,"Unknown"
"7014851",371865,2025-10-08 08:57:26,43.1335334777832,-8.47079277038574,"Unknown"
"7014851",371865,2025-10-08 09:27:35,43.1297760009766,-8.46907615661621,"Unknown"
"7014851",371865,2025-10-08 09:57:15,43.1299171447754,-8.46971702575684,"Unknown"
"7014851",371865,2025-10-08 10:27:13,43.1298294067383,-8.46965789794922,"Unknown"
"7014851",371865,2025-10-08 10:57:25,43.1299896240234,-8.46955966949463,"Unknown"
"7014851",371865,2025-10-08 11:27:25,43.1335182189941,-8.47005558013916,"Unknown"
"7014851",371865,2025-10-08 11:57:35,43.1301574707031,-8.47050476074219,"Unknown"
"7014851",371865,2025-10-08 12:27:15,43.1300163269043,-8.47064018249512,"Unknown"
"7014851",371865,2025-10-08 12:57:44,43.1297645568848,-8.47289276123047,"Unknown"
"7014851",371865,2025-10-08 13:27:41,43.0994300842285,-8.49637031555176,"Unknown"
"7014851",371865,2025-10-08 13:57:44,43.0992164611816,-8.49596214294434,"Unknown"
"7014851",371865,2025-10-08 14:27:24,43.1001281738281,-8.49776840209961,"Unknown"
"7014851",371865,2025-10-08 14:57:45,43.0995674133301,-8.49557018280029,"Unknown"
"7014851",371865,2025-10-08 15:27:24,43.1173706054688,-8.4845552444458,"Unknown"
"7014851",371865,2025-10-08 15:57:46,43.129997253418,-8.47037029266357,"Unknown"
"7014851",371865,2025-10-08 16:27:17,43.1299629211426,-8.47029209136963,"Unknown"
"7014851",371865,2025-10-08 16:57:59,43.1299896240234,-8.47025775909424,"Unknown"
"7014851",371865,2025-10-08 17:27:14,43.1299057006836,-8.47025299072266,"Unknown"
"7014851",371865,2025-10-08 17:57:14,43.1834106445312,-8.42919921875,"Unknown"
"7014851",371865,2025-10-08 18:27:35,43.1930274963379,-8.41908264160156,"Unknown"
"7014851",371865,2025-10-08 18:57:12,43.192455291748,-8.41969108581543,"Unknown"
"7014851",371865,2025-10-08 19:27:35,43.1928024291992,-8.41868209838867,"Unknown"
"7014851",371865,2025-10-08 19:57:13,43.1937255859375,-8.41849231719971,"Unknown"
"7014851",371865,2025-10-08 20:27:25,43.191780090332,-8.41891288757324,"Unknown"
"7014851",371865,2025-10-08 20:57:35,43.1926345825195,-8.41983795166016,"Unknown"
"7014851",371865,2025-10-08 21:27:24,43.191593170166,-8.41766357421875,"Unknown"
"7014851",371865,2025-10-08 21:57:35,43.1907348632812,-8.41866207122803,"Unknown"
"7014851",371865,2025-10-08 22:27:35,43.1907844543457,-8.4171724319458,"Unknown"
"7014851",371865,2025-10-08 22:57:35,43.1908760070801,-8.41737651824951,"Unknown"
"7014851",371865,2025-10-08 23:27:35,43.1905746459961,-8.41737079620361,"Unknown"
"7014851",371865,2025-10-08 23:57:15,43.1909828186035,-8.41760635375977,"Unknown"
"7014851",371865,2025-10-09 00:27:35,43.1902465820312,-8.41835880279541,"Unknown"
"7014851",371865,2025-10-09 00:57:12,43.1902503967285,-8.41821193695068,"Unknown"
"7014851",371865,2025-10-09 01:27:13,43.1907081604004,-8.41702079772949,"Unknown"
"7014851",371865,2025-10-09 01:57:14,43.1910247802734,-8.4177303314209,"Unknown"
"7014851",371865,2025-10-09 02:27:13,43.1909332275391,-8.41705322265625,"Unknown"
"7014851",371865,2025-10-09 02:57:44,43.190975189209,-8.41726779937744,"Unknown"
"7014851",371865,2025-10-09 03:27:15,43.1918067932129,-8.41466522216797,"Unknown"
"7014851",371865,2025-10-09 03:57:44,43.1920700073242,-8.41462421417236,"Unknown"
"7014851",371865,2025-10-09 04:27:25,43.1906394958496,-8.41396236419678,"Unknown"
"7014851",371865,2025-10-09 04:57:53,43.1905517578125,-8.41492080688477,"Unknown"
"7014851",371865,2025-10-09 05:27:15,43.1892433166504,-8.41424751281738,"Unknown"
"7014851",371865,2025-10-09 05:57:35,43.1904373168945,-8.41653633117676,"Unknown"
"7014851",371865,2025-10-09 06:27:35,43.1907005310059,-8.41704940795898,"Unknown"
"7014851",371865,2025-10-09 06:57:44,43.1301422119141,-8.47029399871826,"Unknown"
"7014851",371865,2025-10-09 07:27:35,43.1303520202637,-8.47142124176025,"Unknown"
"7014851",371865,2025-10-09 07:58:05,43.1303482055664,-8.47135829925537,"Unknown"
"7014851",371865,2025-10-09 08:27:11,43.1303596496582,-8.47128868103027,"Unknown"
"7014851",371865,2025-10-09 08:57:13,43.1305618286133,-8.47127056121826,"Unknown"
"7014851",371865,2025-10-09 09:27:17,43.0997619628906,-8.49702262878418,"Unknown"
"7014851",371865,2025-10-09 09:57:35,43.0996398925781,-8.49605846405029,"Unknown"
"7014851",371865,2025-10-09 10:27:11,43.1163864135742,-8.48603916168213,"Unknown"
"7014851",371865,2025-10-09 10:57:17,43.1308212280273,-8.46921825408936,"Unknown"
"7014851",371865,2025-10-09 11:27:35,43.1307258605957,-8.46924114227295,"Unknown"
"7014851",371865,2025-10-09 11:57:26,43.1307373046875,-8.46916389465332,"Unknown"
"7014851",371865,2025-10-09 12:27:35,43.1321334838867,-8.46831321716309,"Unknown"
"7014851",371865,2025-10-09 12:57:13,43.1298217773438,-8.4699535369873,"Unknown"
"7014851",371865,2025-10-09 13:07:44,43.1298027038574,-8.46980667114258,"Unknown"
"7014851",371865,2025-10-09 13:17:11,43.1297378540039,-8.46971130371094,"Unknown"
"7014851",371865,2025-10-09 13:27:15,43.1297721862793,-8.46933937072754,"Unknown"
"7014851",371865,2025-10-09 13:37:16,43.1298828125,-8.47023868560791,"Unknown"
"7014851",371865,2025-10-09 13:47:44,43.1299018859863,-8.46951389312744,"Unknown"
"7014851",371865,2025-10-09 13:57:12,43.1297874450684,-8.46923542022705,"Unknown"
"7014851",371865,2025-10-09 14:07:16,43.1299743652344,-8.47025489807129,"Unknown"
"7014851",371865,2025-10-09 14:17:17,43.1297416687012,-8.46990966796875,"Unknown"
"7014851",371865,2025-10-09 14:27:19,43.1298866271973,-8.46994495391846,"Unknown"
"7014851",371865,2025-10-09 14:37:45,43.1305503845215,-8.47025012969971,"Unknown"
"7014851",371865,2025-10-09 14:47:29,43.1306076049805,-8.4702033996582,"Unknown"
"7014851",371865,2025-10-09 14:57:45,43.1305732727051,-8.47002601623535,"Unknown"
"7014851",371865,2025-10-09 15:07:21,43.1303825378418,-8.47024917602539,"Unknown"
"7014851",371865,2025-10-09 15:17:25,43.1324844360352,-8.46800327301025,"Unknown"
"7014851",371865,2025-10-09 15:27:35,43.132511138916,-8.46782398223877,"Unknown"
"7014851",371865,2025-10-09 15:37:19,43.1325492858887,-8.46753787994385,"Unknown"
"7014851",371865,2025-10-09 15:47:25,43.1324577331543,-8.46778297424316,"Unknown"
"7014851",371865,2025-10-09 15:57:21,43.1323852539062,-8.46786785125732,"Unknown"
"7014851",371865,2025-10-09 16:07:35,43.1324081420898,-8.46771717071533,"Unknown"
"7014851",371865,2025-10-09 16:17:11,43.1324615478516,-8.46772956848145,"Unknown"
"7014851",371865,2025-10-09 16:27:11,43.1323699951172,-8.4676570892334,"Unknown"
"7014851",371865,2025-10-09 16:37:11,43.1324043273926,-8.46780300140381,"Unknown"
"7014851",371865,2025-10-09 16:47:12,43.1324768066406,-8.4676570892334,"Unknown"
"7014851",371865,2025-10-09 16:57:15,43.1324005126953,-8.46774864196777,"Unknown"
"7014851",371865,2025-10-09 17:07:12,43.1327171325684,-8.46786117553711,"Unknown"
"7014851",371865,2025-10-09 17:17:12,43.1324729919434,-8.4683313369751,"Unknown"
"7014851",371865,2025-10-09 17:27:16,43.1383743286133,-8.46061611175537,"Unknown"
"7014851",371865,2025-10-09 17:37:30,43.1732635498047,-8.43835639953613,"Unknown"
"7014851",371865,2025-10-09 17:47:44,43.1965026855469,-8.42364883422852,"Unknown"
"7014851",371865,2025-10-09 17:57:11,43.1965942382812,-8.42376708984375,"Unknown"
"7014851",371865,2025-10-09 18:07:11,43.1967964172363,-8.42336082458496,"Unknown"
"7014851",371865,2025-10-09 18:17:16,43.1961402893066,-8.42223644256592,"Unknown"
"7014851",371865,2025-10-09 18:27:17,43.1942367553711,-8.42218780517578,"Unknown"
"7014851",371865,2025-10-09 18:37:44,43.1945114135742,-8.42194271087646,"Unknown"
"7014851",371865,2025-10-09 18:47:11,43.1810264587402,-8.43085861206055,"Unknown"
"7014851",371865,2025-10-09 18:57:35,43.1722602844238,-8.43886375427246,"Unknown"
"7014851",371865,2025-10-09 19:07:15,43.1723937988281,-8.43875789642334,"Unknown"
"7014851",371865,2025-10-09 19:17:18,43.1723594665527,-8.43881797790527,"Unknown"
"7014851",371865,2025-10-09 19:27:18,43.1726264953613,-8.43893051147461,"Unknown"
"7014851",371865,2025-10-09 19:37:44,43.1723251342773,-8.43875694274902,"Unknown"
"7014851",371865,2025-10-09 19:47:24,43.172435760498,-8.4386682510376,"Unknown"
"7014851",371865,2025-10-09 19:57:18,43.172607421875,-8.43878936767578,"Unknown"
"7014851",371865,2025-10-09 20:07:35,43.1723937988281,-8.43864822387695,"Unknown"
"7014851",371865,2025-10-09 20:17:16,43.1724090576172,-8.43868255615234,"Unknown"
"7014851",371865,2025-10-09 20:27:11,43.1724472045898,-8.43864345550537,"Unknown"
"7014851",371865,2025-10-09 20:37:31,43.1721496582031,-8.43909645080566,"Unknown"
"7014851",371865,2025-10-09 20:47:23,43.1721000671387,-8.43914985656738,"Unknown"
"7014851",371865,2025-10-09 20:57:13,43.1724739074707,-8.43870258331299,"Unknown"
"7014851",371865,2025-10-09 21:07:12,43.1724090576172,-8.43874835968018,"Unknown"
"7014851",371865,2025-10-09 21:17:17,43.1723899841309,-8.43873977661133,"Unknown"
"7014851",371865,2025-10-09 21:27:16,43.1721801757812,-8.43858909606934,"Unknown"
"7014851",371865,2025-10-09 21:37:12,43.1723480224609,-8.43875598907471,"Unknown"
"7014851",371865,2025-10-09 21:47:15,43.1724395751953,-8.4387149810791,"Unknown"
"7014851",371865,2025-10-09 21:57:15,43.1716690063477,-8.44010925292969,"Unknown"
"7014851",371865,2025-10-09 22:07:12,43.1715202331543,-8.440110206604,"Unknown"
"7014851",371865,2025-10-09 22:17:15,43.171703338623,-8.44001197814941,"Unknown"
"7014851",371865,2025-10-09 22:27:12,43.1718368530273,-8.44017887115479,"Unknown"
"7014851",371865,2025-10-09 22:37:13,43.1718482971191,-8.44028949737549,"Unknown"
"7014851",371865,2025-10-09 22:47:18,43.1718902587891,-8.44016647338867,"Unknown"
"7014851",371865,2025-10-09 22:57:23,43.1719284057617,-8.44032192230225,"Unknown"
"7014851",371865,2025-10-09 23:07:30,43.1718559265137,-8.44024562835693,"Unknown"
"7014851",371865,2025-10-09 23:17:35,43.1718673706055,-8.44023513793945,"Unknown"
"7014851",371865,2025-10-09 23:27:15,43.1718215942383,-8.44027137756348,"Unknown"
"7014851",371865,2025-10-09 23:37:13,43.1719207763672,-8.44034194946289,"Unknown"
"7014851",371865,2025-10-09 23:47:11,43.1719703674316,-8.44029140472412,"Unknown"
"7014851",371865,2025-10-09 23:57:12,43.1717872619629,-8.44059371948242,"Unknown"
"7014851",371865,2025-10-10 00:07:11,43.1718940734863,-8.44037055969238,"Unknown"
"7014851",371865,2025-10-10 00:17:10,43.1719436645508,-8.44040107727051,"Unknown"
"7014851",371865,2025-10-10 00:27:10,43.1720314025879,-8.44023704528809,"Unknown"
"7014851",371865,2025-10-10 00:37:10,43.171875,-8.44030952453613,"Unknown"
"7014851",371865,2025-10-10 00:47:15,43.1719627380371,-8.44031143188477,"Unknown"
"7014851",371865,2025-10-10 00:57:12,43.1719932556152,-8.4403772354126,"Unknown"
"7014851",371865,2025-10-10 01:07:18,43.1723251342773,-8.44012069702148,"Unknown"
"7014851",371865,2025-10-10 01:17:34,43.1715850830078,-8.43839550018311,"Unknown"
"7014851",371865,2025-10-10 01:27:11,43.1724243164062,-8.43983459472656,"Unknown"
"7014851",371865,2025-10-10 01:37:11,43.1722984313965,-8.4398021697998,"Unknown"
"7014851",371865,2025-10-10 01:47:15,43.1722145080566,-8.43985462188721,"Unknown"
"7014851",371865,2025-10-10 01:57:11,43.1722602844238,-8.43984603881836,"Unknown"
"7014851",371865,2025-10-10 02:07:35,43.1723327636719,-8.43984508514404,"Unknown"
"7014851",371865,2025-10-10 02:17:11,43.1723022460938,-8.43984889984131,"Unknown"
"7014851",371865,2025-10-10 02:27:16,43.1723594665527,-8.43981742858887,"Unknown"
"7014851",371865,2025-10-10 02:37:13,43.1723709106445,-8.43970680236816,"Unknown"
"7014851",371865,2025-10-10 02:47:18,43.1723823547363,-8.43981552124023,"Unknown"
"7014851",371865,2025-10-10 02:57:18,43.1723213195801,-8.43986320495605,"Unknown"
"7014851",371865,2025-10-10 03:07:19,43.1724281311035,-8.43983268737793,"Unknown"
"7014851",371865,2025-10-10 03:17:19,43.1725120544434,-8.43983936309814,"Unknown"
"7014851",371865,2025-10-10 03:27:19,43.172534942627,-8.43979072570801,"Unknown"
"7014851",371865,2025-10-10 03:37:20,43.1725120544434,-8.43973159790039,"Unknown"
"7014851",371865,2025-10-10 03:47:20,43.172534942627,-8.43974494934082,"Unknown"
"7014851",371865,2025-10-10 03:57:35,43.1724739074707,-8.4397497177124,"Unknown"
"7014851",371865,2025-10-10 04:07:53,43.1723022460938,-8.43961811065674,"Unknown"
"7014851",371865,2025-10-10 04:17:10,43.1723937988281,-8.43965721130371,"Unknown"
"7014851",371865,2025-10-10 04:27:10,43.1723861694336,-8.43968105316162,"Unknown"
"7014851",371865,2025-10-10 04:37:13,43.1723175048828,-8.43961620330811,"Unknown"
"7014851",371865,2025-10-10 04:47:13,43.172061920166,-8.43911552429199,"Unknown"
"7014851",371865,2025-10-10 04:57:44,43.1722297668457,-8.43977069854736,"Unknown"
"7014851",371865,2025-10-10 05:07:11,43.1722145080566,-8.43970012664795,"Unknown"
"7014851",371865,2025-10-10 05:17:16,43.1723098754883,-8.43969535827637,"Unknown"
"7014851",371865,2025-10-10 05:27:12,43.1723556518555,-8.43965244293213,"Unknown"
"7014851",371865,2025-10-10 05:37:11,43.1722755432129,-8.43975067138672,"Unknown"
"7014851",371865,2025-10-10 05:47:14,43.1725807189941,-8.4397029876709,"Unknown"
"7014851",371865,2025-10-10 05:57:12,43.1724319458008,-8.43949317932129,"Unknown"
"7014851",371865,2025-10-10 06:07:44,43.172119140625,-8.43970203399658,"Unknown"
"7014851",371865,2025-10-10 06:17:11,43.1725006103516,-8.44015312194824,"Unknown"
"7014851",371865,2025-10-10 06:27:19,43.1721725463867,-8.44026565551758,"Unknown"
"7014851",371865,2025-10-10 06:37:11,43.1728973388672,-8.44005393981934,"Unknown"
"7014851",371865,2025-10-10 06:47:35,43.1301040649414,-8.4706974029541,"Unknown"
"7014851",371865,2025-10-10 06:57:11,43.1299934387207,-8.47179889678955,"Unknown"
"7014851",371865,2025-10-10 07:07:11,43.130126953125,-8.47189521789551,"Unknown"
"7014851",371865,2025-10-10 07:17:10,43.1302452087402,-8.47211265563965,"Unknown"
"7014851",371865,2025-10-10 07:27:09,43.130241394043,-8.47207450866699,"Unknown"
"7014851",371865,2025-10-10 07:37:09,43.1302719116211,-8.4720458984375,"Unknown"
"7014851",371865,2025-10-10 07:47:09,43.1303215026855,-8.47202110290527,"Unknown"
"7014851",371865,2025-10-10 07:57:16,43.1306419372559,-8.47221755981445,"Unknown"
"7014851",371865,2025-10-10 08:07:12,43.1322975158691,-8.47194671630859,"Unknown"
"7014851",371865,2025-10-10 08:17:18,43.1300506591797,-8.46964645385742,"Unknown"
"7014851",371865,2025-10-10 08:27:11,43.1304016113281,-8.46986389160156,"Unknown"
"7014851",371865,2025-10-10 08:37:09,43.1299591064453,-8.46962356567383,"Unknown"
"7014851",371865,2025-10-10 08:47:15,43.1299743652344,-8.46958446502686,"Unknown"
"7014851",371865,2025-10-10 08:57:15,43.1299324035645,-8.46962547302246,"Unknown"
"7014851",371865,2025-10-10 09:07:18,43.1299743652344,-8.46961212158203,"Unknown"
"7014851",371865,2025-10-10 09:17:35,43.1299591064453,-8.46969795227051,"Unknown"
"7014851",371865,2025-10-10 09:27:09,43.1299896240234,-8.46962070465088,"Unknown"
"7014851",371865,2025-10-10 09:37:09,43.1305160522461,-8.46955871582031,"Unknown"
"7014851",371865,2025-10-10 09:47:10,43.1298751831055,-8.47026634216309,"Unknown"
"7014851",371865,2025-10-10 09:57:10,43.1299171447754,-8.47029972076416,"Unknown"
"7014851",371865,2025-10-10 10:07:09,43.1299209594727,-8.47029972076416,"Unknown"
"7014851",371865,2025-10-10 10:17:09,43.1299247741699,-8.47029685974121,"Unknown"
"7014851",371865,2025-10-10 10:27:09,43.1299743652344,-8.47034931182861,"Unknown"
"7014851",371865,2025-10-10 10:37:10,43.129825592041,-8.47020721435547,"Unknown"
"7014851",371865,2025-10-10 10:47:09,43.1299018859863,-8.47024631500244,"Unknown"
"7014851",371865,2025-10-10 10:57:11,43.1300735473633,-8.47029399871826,"Unknown"
"7014851",371865,2025-10-10 11:07:10,43.1300086975098,-8.4703197479248,"Unknown"
"7014851",371865,2025-10-10 11:17:10,43.1298522949219,-8.47006702423096,"Unknown"
"7014851",371865,2025-10-10 11:27:13,43.1299591064453,-8.47034454345703,"Unknown"
"7014851",371865,2025-10-10 11:37:15,43.1298332214355,-8.47030258178711,"Unknown"
"7014851",371865,2025-10-10 11:47:35,43.1299591064453,-8.47031497955322,"Unknown"
"7014851",371865,2025-10-10 11:57:10,43.1298942565918,-8.47034168243408,"Unknown"
"7014851",371865,2025-10-10 12:07:10,43.1299209594727,-8.47037601470947,"Unknown"
"7014851",371865,2025-10-10 12:17:10,43.1298828125,-8.4703369140625,"Unknown"
"7014851",371865,2025-10-10 12:27:12,43.1299095153809,-8.47055053710938,"Unknown"
"7014851",371865,2025-10-10 12:37:18,43.1298332214355,-8.47038459777832,"Unknown"
"7014851",371865,2025-10-10 12:47:16,43.1298179626465,-8.47028255462646,"Unknown"
"7014851",371865,2025-10-10 12:57:31,43.1298217773438,-8.47038745880127,"Unknown"
"7014851",371865,2025-10-10 13:07:10,43.129768371582,-8.47037029266357,"Unknown"
"7014851",371865,2025-10-10 13:17:10,43.1298408508301,-8.47034454345703,"Unknown"
"7014851",371865,2025-10-10 13:27:10,43.1297988891602,-8.47037506103516,"Unknown"
"7014851",371865,2025-10-10 13:37:09,43.1298866271973,-8.47039794921875,"Unknown"
"7014851",371865,2025-10-10 13:47:09,43.1298942565918,-8.47031402587891,"Unknown"
"7014851",371865,2025-10-10 13:57:09,43.1297492980957,-8.47021579742432,"Unknown"
"7014851",371865,2025-10-10 14:08:22,43.130054473877,-8.47011661529541,"Unknown"
"7014851",371865,2025-10-10 14:17:09,43.1299629211426,-8.47005558013916,"Unknown"
"7014851",371865,2025-10-10 14:27:10,43.1299209594727,-8.47025585174561,"Unknown"
"7014851",371865,2025-10-10 14:37:10,43.1299247741699,-8.47001266479492,"Unknown"
"7014851",371865,2025-10-10 14:47:10,43.1298828125,-8.47015380859375,"Unknown"
"7014851",371865,2025-10-10 14:57:11,43.1298980712891,-8.47008895874023,"Unknown"
"7014851",371865,2025-10-10 15:07:11,43.1299018859863,-8.47016525268555,"Unknown"
"7014851",371865,2025-10-10 15:17:25,43.1298828125,-8.47012996673584,"Unknown"
"7014851",371865,2025-10-10 15:27:20,43.1298446655273,-8.47066497802734,"Unknown"
"7014851",371865,2025-10-10 15:37:44,43.1304244995117,-8.47105979919434,"Unknown"
"7014851",371865,2025-10-10 15:47:12,43.1301574707031,-8.47088813781738,"Unknown"
"7014851",371865,2025-10-10 15:57:18,43.1305198669434,-8.47111511230469,"Unknown"
"7014851",371865,2025-10-10 16:07:35,43.1305885314941,-8.47128200531006,"Unknown"
"7014851",371865,2025-10-10 16:17:10,43.1366424560547,-8.48170757293701,"Unknown"
"7014851",371865,2025-10-10 16:27:09,43.1732368469238,-8.44630718231201,"Unknown"
"7014851",371865,2025-10-10 16:38:23,43.1960868835449,-8.42371368408203,"Unknown"
"7014851",371865,2025-10-10 16:47:09,43.1961364746094,-8.42359352111816,"Unknown"
"7014851",371865,2025-10-10 16:57:10,43.1959037780762,-8.4229097366333,"Unknown"
"7014851",371865,2025-10-10 17:07:13,43.194507598877,-8.42288303375244,"Unknown"
"7014851",371865,2025-10-10 17:17:11,43.1942710876465,-8.42333221435547,"Unknown"
"7014851",371865,2025-10-10 17:27:35,43.1940231323242,-8.4232759475708,"Unknown"
"7014851",371865,2025-10-10 17:37:09,43.1936531066895,-8.42312622070312,"Unknown"
"7014851",371865,2025-10-10 17:47:13,43.1934432983398,-8.42282390594482,"Unknown"
"7014851",371865,2025-10-10 17:57:18,43.1931533813477,-8.42229557037354,"Unknown"
"7014851",371865,2025-10-10 18:07:18,43.1952171325684,-8.42122459411621,"Unknown"
"7014851",371865,2025-10-10 18:17:17,43.1957321166992,-8.42090225219727,"Unknown"
"7014851",371865,2025-10-10 18:27:20,43.1959228515625,-8.42174434661865,"Unknown"
"7014851",371865,2025-10-10 18:37:19,43.1956214904785,-8.42244720458984,"Unknown"
"7014851",371865,2025-10-10 18:48:33,43.1954612731934,-8.42451000213623,"Unknown"
"7014851",371865,2025-10-10 18:57:44,43.1924057006836,-8.41865730285645,"Unknown"
"7014851",371865,2025-10-10 19:07:35,43.177619934082,-8.43635654449463,"Unknown"
"7014851",371865,2025-10-10 19:17:09,43.172176361084,-8.43972873687744,"Unknown"
"7014851",371865,2025-10-10 19:27:09,43.172290802002,-8.43877506256104,"Unknown"
"7014851",371865,2025-10-10 19:37:13,43.1723365783691,-8.4387092590332,"Unknown"
"7014851",371865,2025-10-10 19:47:13,43.1725654602051,-8.43886852264404,"Unknown"
"7014851",371865,2025-10-10 19:57:11,43.1723442077637,-8.43892860412598,"Unknown"
"7014851",371865,2025-10-10 20:07:27,43.1718482971191,-8.44010353088379,"Unknown"
"7014851",371865,2025-10-10 20:17:10,43.1716003417969,-8.43984031677246,"Unknown"
"7014851",371865,2025-10-10 20:27:16,43.1719360351562,-8.44031143188477,"Unknown"
"7014851",371865,2025-10-10 20:37:16,43.171703338623,-8.43992042541504,"Unknown"
"7014851",371865,2025-10-10 20:47:35,43.1715545654297,-8.43996524810791,"Unknown"
"7014851",371865,2025-10-10 20:57:09,43.1715545654297,-8.44002532958984,"Unknown"
"7014851",371865,2025-10-10 21:07:10,43.1716041564941,-8.43994140625,"Unknown"
"7014851",371865,2025-10-10 21:17:16,43.1716728210449,-8.44010448455811,"Unknown"
"7014851",371865,2025-10-10 21:27:10,43.1714134216309,-8.44011211395264,"Unknown"
"7014851",371865,2025-10-10 21:37:09,43.1715049743652,-8.44009017944336,"Unknown"
"7014851",371865,2025-10-10 21:47:09,43.1715393066406,-8.44001007080078,"Unknown"
"7014851",371865,2025-10-10 21:57:09,43.1715507507324,-8.43988227844238,"Unknown"
"7014851",371865,2025-10-10 22:07:11,43.1714553833008,-8.44016551971436,"Unknown"
"7014851",371865,2025-10-10 22:17:12,43.1717529296875,-8.44032096862793,"Unknown"
"7014851",371865,2025-10-10 22:27:15,43.1714515686035,-8.44007110595703,"Unknown"
"7014851",371865,2025-10-10 22:37:13,43.1714210510254,-8.43996334075928,"Unknown"
"7014851",371865,2025-10-10 22:47:11,43.1712875366211,-8.43980979919434,"Unknown"
"7014851",371865,2025-10-10 22:57:18,43.1715316772461,-8.44014453887939,"Unknown"
"7014851",371865,2025-10-10 23:07:36,43.1715545654297,-8.44016551971436,"Unknown"
"7014851",371865,2025-10-10 23:17:09,43.1716003417969,-8.44014263153076,"Unknown"
"7014851",371865,2025-10-10 23:27:08,43.1715545654297,-8.44013977050781,"Unknown"
"7014851",371865,2025-10-10 23:37:08,43.171558380127,-8.44033718109131,"Unknown"
"7014851",371865,2025-10-10 23:47:11,43.1714935302734,-8.44020175933838,"Unknown"
"7014851",371865,2025-10-10 23:57:09,43.171443939209,-8.43989562988281,"Unknown"
"7014851",371865,2025-10-11 00:07:35,43.1714973449707,-8.44020462036133,"Unknown"
"7014851",371865,2025-10-11 00:17:09,43.1714363098145,-8.44031238555908,"Unknown"
"7014851",371865,2025-10-11 00:27:08,43.1714096069336,-8.44027328491211,"Unknown"
"7014851",371865,2025-10-11 00:37:08,43.1713714599609,-8.44018363952637,"Unknown"
"7014851",371865,2025-10-11 00:47:08,43.1713523864746,-8.44029426574707,"Unknown"
"7014851",371865,2025-10-11 00:57:09,43.1714744567871,-8.44026565551758,"Unknown"
"7014851",371865,2025-10-11 01:07:08,43.1713638305664,-8.4401741027832,"Unknown"
"7014851",371865,2025-10-11 01:17:09,43.1714668273926,-8.44019985198975,"Unknown"
"7014851",371865,2025-10-11 01:27:08,43.1716194152832,-8.44025707244873,"Unknown"
"7014851",371865,2025-10-11 01:37:10,43.1713371276855,-8.44022941589355,"Unknown"
"7014851",371865,2025-10-11 01:47:10,43.1716804504395,-8.44029903411865,"Unknown"
"7014851",371865,2025-10-11 01:57:09,43.1715278625488,-8.44029712677002,"Unknown"
"7014851",371865,2025-10-11 02:07:35,43.1715507507324,-8.44033813476562,"Unknown"
"7014851",371865,2025-10-11 02:17:11,43.1715850830078,-8.44036674499512,"Unknown"
"7014851",371865,2025-10-11 02:27:42,43.1713600158691,-8.44031524658203,"Unknown"
"7014851",371865,2025-10-11 02:37:09,43.1717262268066,-8.44033241271973,"Unknown"
"7014851",371865,2025-10-11 02:47:08,43.171630859375,-8.44033241271973,"Unknown"
"7014851",371865,2025-10-11 02:57:09,43.1716423034668,-8.44037055969238,"Unknown"
"7014851",371865,2025-10-11 03:07:08,43.1715126037598,-8.44040584564209,"Unknown"
"7014851",371865,2025-10-11 03:17:09,43.1716003417969,-8.44040584564209,"Unknown"
"7014851",371865,2025-10-11 03:27:25,43.1716003417969,-8.44035053253174,"Unknown"
"7014851",371865,2025-10-11 03:37:08,43.1714668273926,-8.4403018951416,"Unknown"
"7014851",371865,2025-10-11 03:47:17,43.1716041564941,-8.44003200531006,"Unknown"
"7014851",371865,2025-10-11 03:57:15,43.1713027954102,-8.44005393981934,"Unknown"
"7014851",371865,2025-10-11 04:07:19,43.1716575622559,-8.44083309173584,"Unknown"
"7014851",371865,2025-10-11 04:17:35,43.1716041564941,-8.44022369384766,"Unknown"
"7014851",371865,2025-10-11 04:27:09,43.1715202331543,-8.44024658203125,"Unknown"
"7014851",371865,2025-10-11 04:37:08,43.1715698242188,-8.44025611877441,"Unknown"
"7014851",371865,2025-10-11 04:47:09,43.1717300415039,-8.44046115875244,"Unknown"
"7014851",371865,2025-10-11 04:57:09,43.1716194152832,-8.44018077850342,"Unknown"
"7014851",371865,2025-10-11 05:07:11,43.1709480285645,-8.43915176391602,"Unknown"
"7014851",371865,2025-10-11 05:37:18,43.1716766357422,-8.44009685516357,"Unknown"
"7014851",371865,2025-10-11 06:07:27,43.1713523864746,-8.44032859802246,"Unknown"
"7014851",371865,2025-10-11 06:37:44,43.1300888061523,-8.47073268890381,"Unknown"
"7014851",371865,2025-10-11 07:07:12,43.1306419372559,-8.47108268737793,"Unknown"
"7014851",371865,2025-10-11 07:37:40,43.1301422119141,-8.4700345993042,"Unknown"
"7014851",371865,2025-10-11 08:07:16,43.1298561096191,-8.47018527984619,"Unknown"
"7014851",371865,2025-10-11 08:37:31,43.1299476623535,-8.47024822235107,"Unknown"
"7014851",371865,2025-10-11 09:07:09,43.1300163269043,-8.46968269348145,"Unknown"
"7014851",371865,2025-10-11 09:37:09,43.1299667358398,-8.46974563598633,"Unknown"
"7014851",371865,2025-10-11 10:07:08,43.1299705505371,-8.46977233886719,"Unknown"
"7014851",371865,2025-10-11 10:37:12,43.1298713684082,-8.46964168548584,"Unknown"
"7014851",371865,2025-10-11 11:07:44,43.129940032959,-8.47039699554443,"Unknown"
"7014851",371865,2025-10-11 11:37:09,43.1298637390137,-8.47028255462646,"Unknown"
"7014851",371865,2025-10-11 12:07:10,43.1297302246094,-8.47048282623291,"Unknown"
"7014851",371865,2025-10-11 12:37:19,43.1298599243164,-8.46988487243652,"Unknown"
"7014851",371865,2025-10-11 13:07:15,43.1298370361328,-8.46984958648682,"Unknown"
"7014851",371865,2025-10-11 13:37:16,43.1297340393066,-8.46987342834473,"Unknown"
"7014851",371865,2025-10-11 14:07:44,43.1298713684082,-8.46983814239502,"Unknown"
"7014851",371865,2025-10-11 14:37:10,43.1299018859863,-8.47018146514893,"Unknown"
"7014851",371865,2025-10-11 15:07:35,43.129940032959,-8.4701099395752,"Unknown"
"7014851",371865,2025-10-11 15:37:09,43.1297798156738,-8.47050952911377,"Unknown"
"7014851",371865,2025-10-11 16:07:35,43.1304588317871,-8.4708833694458,"Unknown"
"7014851",371865,2025-10-11 16:37:08,43.1299667358398,-8.47012519836426,"Unknown"
"7014851",371865,2025-10-11 17:07:20,43.130485534668,-8.47127342224121,"Unknown"
"7014851",371865,2025-10-11 17:37:35,43.1385726928711,-8.46592330932617,"Unknown"
"7014851",371865,2025-10-11 18:07:07,43.1927604675293,-8.42111873626709,"Unknown"
"7014851",371865,2025-10-11 18:37:09,43.1933326721191,-8.42015266418457,"Unknown"
"7014851",371865,2025-10-11 19:07:07,43.1931114196777,-8.42122650146484,"Unknown"
"7014851",371865,2025-10-11 19:37:35,43.1928024291992,-8.42076969146729,"Unknown"
"7014851",371865,2025-10-11 20:07:09,43.1940231323242,-8.42146110534668,"Unknown"
"7014851",371865,2025-10-11 20:37:44,43.1937026977539,-8.42132759094238,"Unknown"
"7014851",371865,2025-10-11 21:07:12,43.1941909790039,-8.42014694213867,"Unknown"
"7014851",371865,2025-10-11 21:37:35,43.1937866210938,-8.42190742492676,"Unknown"
"7014851",371865,2025-10-11 22:07:35,43.194450378418,-8.42119121551514,"Unknown"
"7014851",371865,2025-10-11 22:37:18,43.1946029663086,-8.42068958282471,"Unknown"
"7014851",371865,2025-10-11 23:07:35,43.1935386657715,-8.42148399353027,"Unknown"
"7014851",371865,2025-10-11 23:37:08,43.1931533813477,-8.42609310150146,"Unknown"
"7014851",371865,2025-10-12 00:07:35,43.1719207763672,-8.43980884552002,"Unknown"
"7014851",371865,2025-10-12 00:37:10,43.1718444824219,-8.43992614746094,"Unknown"
"7014851",371865,2025-10-12 01:07:08,43.171688079834,-8.44006061553955,"Unknown"
"7014851",371865,2025-10-12 01:37:24,43.1716651916504,-8.44019317626953,"Unknown"
"7014851",371865,2025-10-12 02:07:35,43.1719131469727,-8.44021129608154,"Unknown"
"7014851",371865,2025-10-12 02:37:36,43.1723442077637,-8.43968391418457,"Unknown"
"7014851",371865,2025-10-12 03:07:08,43.1718406677246,-8.43918323516846,"Unknown"
"7014851",371865,2025-10-12 03:37:10,43.1716995239258,-8.44017028808594,"Unknown"
"7014851",371865,2025-10-12 04:07:06,43.1719627380371,-8.43993663787842,"Unknown"
"7014851",371865,2025-10-12 04:37:10,43.1719284057617,-8.43993473052979,"Unknown"
"7014851",371865,2025-10-12 05:07:19,43.1717491149902,-8.44000911712646,"Unknown"
"7014851",371865,2025-10-12 05:37:35,43.1717681884766,-8.44001007080078,"Unknown"
"7014851",371865,2025-10-12 06:07:07,43.1716423034668,-8.44009304046631,"Unknown"
"7014851",371865,2025-10-12 06:37:09,43.1715545654297,-8.44012832641602,"Unknown"
"7014851",371865,2025-10-12 07:07:08,43.1300468444824,-8.47008037567139,"Unknown"
"7014851",371865,2025-10-12 07:37:09,43.1300621032715,-8.47044467926025,"Unknown"
"7014851",371865,2025-10-12 08:07:44,43.1300392150879,-8.46983528137207,"Unknown"
"7014851",371865,2025-10-12 08:37:09,43.1296768188477,-8.47103023529053,"Unknown"
"7014851",371865,2025-10-12 09:07:35,43.1294593811035,-8.470534324646,"Unknown"
"7014851",371865,2025-10-12 09:37:10,43.1293678283691,-8.47040748596191,"Unknown"
"7014851",371865,2025-10-12 10:07:35,43.12939453125,-8.47049713134766,"Unknown"
"7014851",371865,2025-10-12 10:37:06,43.1294097900391,-8.47051429748535,"Unknown"
"7014851",371865,2025-10-12 11:07:07,43.0986137390137,-8.49604511260986,"Unknown"
"7014851",371865,2025-10-12 11:37:10,43.0988578796387,-8.49468040466309,"Unknown"
"7014851",371865,2025-10-12 12:07:08,43.1062660217285,-8.5025634765625,"Unknown"
"7014851",371865,2025-10-12 12:37:12,43.1299743652344,-8.47037315368652,"Unknown"
"7014851",371865,2025-10-12 13:07:35,43.1297950744629,-8.47017860412598,"Unknown"
"7014851",371865,2025-10-12 13:37:09,43.1298904418945,-8.47014045715332,"Unknown"
"7014851",371865,2025-10-12 14:07:19,43.1299362182617,-8.47010803222656,"Unknown"
"7014851",371865,2025-10-12 14:37:35,43.1299018859863,-8.47020053863525,"Unknown"
"7014851",371865,2025-10-12 15:07:08,43.1299514770508,-8.47027111053467,"Unknown"
"7014851",371865,2025-10-12 15:37:08,43.1301383972168,-8.47013664245605,"Unknown"
"7014851",371865,2025-10-12 16:07:30,43.1300201416016,-8.46999263763428,"Unknown"
"7014851",371865,2025-10-12 16:37:30,43.1300163269043,-8.47000598907471,"Unknown"
"7014851",371865,2025-10-12 17:07:53,43.1300239562988,-8.46994209289551,"Unknown"
"7014851",371865,2025-10-12 17:37:19,43.1300392150879,-8.47013664245605,"Unknown"
"7014851",371865,2025-10-12 18:07:45,43.1942710876465,-8.4243278503418,"Unknown"
"7014851",371865,2025-10-12 18:37:10,43.1719017028809,-8.43988513946533,"Unknown"
"7014851",371865,2025-10-12 19:07:35,43.1715812683105,-8.44001579284668,"Unknown"
"7014851",371865,2025-10-12 19:37:15,43.1714134216309,-8.43998241424561,"Unknown"
"7014851",371865,2025-10-12 20:07:10,43.1714820861816,-8.44005966186523,"Unknown"
"7014851",371865,2025-10-12 20:37:19,43.1716232299805,-8.44000053405762,"Unknown"
"7014851",371865,2025-10-12 21:07:41,43.1716041564941,-8.44005584716797,"Unknown"
"7014851",371865,2025-10-12 21:37:19,43.1718101501465,-8.44027328491211,"Unknown"
"7014851",371865,2025-10-12 22:07:44,43.171573638916,-8.43938636779785,"Unknown"
"7014851",371865,2025-10-12 22:37:18,43.1715240478516,-8.43936729431152,"Unknown"
"7014851",371865,2025-10-12 23:07:35,43.1716537475586,-8.43945980072021,"Unknown"
"7014851",371865,2025-10-12 23:37:18,43.1716575622559,-8.43942737579346,"Unknown"
"7014851",371865,2025-10-13 00:07:35,43.1716842651367,-8.4399585723877,"Unknown"
"7014851",371865,2025-10-13 00:37:07,43.1716613769531,-8.43992519378662,"Unknown"
"7014851",371865,2025-10-13 01:07:05,43.1716918945312,-8.44011116027832,"Unknown"
"7014851",371865,2025-10-13 01:37:08,43.1715393066406,-8.43984794616699,"Unknown"
"7014851",371865,2025-10-13 02:07:08,43.1714820861816,-8.43984794616699,"Unknown"
"7014851",371865,2025-10-13 02:37:36,43.1716499328613,-8.44014835357666,"Unknown"
"7014851",371865,2025-10-13 03:07:10,43.1718788146973,-8.44002628326416,"Unknown"
"7014851",371865,2025-10-13 03:37:18,43.1716041564941,-8.44011116027832,"Unknown"
"7014851",371865,2025-10-13 04:07:35,43.1717147827148,-8.44022750854492,"Unknown"
"7014851",371865,2025-10-13 04:37:06,43.1716957092285,-8.44024085998535,"Unknown"
"7014851",371865,2025-10-13 05:07:07,43.1716651916504,-8.44017791748047,"Unknown"
"7014851",371865,2025-10-13 05:37:09,43.1713638305664,-8.44041538238525,"Unknown"
"7014851",371865,2025-10-13 06:07:25,43.1717567443848,-8.44032859802246,"Unknown"
"7014851",371865,2025-10-13 06:37:35,43.1717262268066,-8.44024848937988,"Unknown"
"7014851",371865,2025-10-13 07:07:07,43.1301193237305,-8.47007846832275,"Unknown"
"7014851",371865,2025-10-13 07:37:13,43.1305770874023,-8.47093105316162,"Unknown"
"7014851",371865,2025-10-13 08:07:44,43.1320686340332,-8.46867752075195,"Unknown"
"7014851",371865,2025-10-13 08:37:19,43.131649017334,-8.46813488006592,"Unknown"
"7014851",371865,2025-10-13 09:08:13,43.1319808959961,-8.46848201751709,"Unknown"
"7014851",371865,2025-10-13 09:37:04,43.1319999694824,-8.46845626831055,"Unknown"
"7014851",371865,2025-10-13 10:07:05,43.1320114135742,-8.4682731628418,"Unknown"
"7014851",371865,2025-10-13 10:37:05,43.1319923400879,-8.46829414367676,"Unknown"
"7014851",371865,2025-10-13 11:07:06,43.1320991516113,-8.46854782104492,"Unknown"
"7014851",371865,2025-10-13 11:37:35,43.1319160461426,-8.46811676025391,"Unknown"
"7014851",371865,2025-10-13 12:07:05,43.1319122314453,-8.46817016601562,"Unknown"
"7014851",371865,2025-10-13 12:37:05,43.1318702697754,-8.46810722351074,"Unknown"
"7014851",371865,2025-10-13 13:07:04,43.1317405700684,-8.46808433532715,"Unknown"
"7014851",371865,2025-10-13 13:37:09,43.1316871643066,-8.46798038482666,"Unknown"
"7014851",371865,2025-10-13 14:07:36,43.1298866271973,-8.47012042999268,"Unknown"
"7014851",371865,2025-10-13 14:37:35,43.1302337646484,-8.46964073181152,"Unknown"
"7014851",371865,2025-10-13 15:07:07,43.1301803588867,-8.46963596343994,"Unknown"
"7014851",371865,2025-10-13 15:37:06,43.1299362182617,-8.46985149383545,"Unknown"
"7014851",371865,2025-10-13 16:07:10,43.1297836303711,-8.46965217590332,"Unknown"
"7014851",371865,2025-10-13 16:37:06,43.1240539550781,-8.47714900970459,"Unknown"
"7014851",371865,2025-10-13 17:07:07,43.2681617736816,-8.53133964538574,"Unknown"
"7014851",371865,2025-10-13 17:37:08,43.2915229797363,-8.69752311706543,"Unknown"
"7014851",371865,2025-10-13 18:07:08,43.2985610961914,-8.72609615325928,"Unknown"
"7014851",371865,2025-10-13 18:37:05,43.3399658203125,-8.80297756195068,"Unknown"
"7014851",371865,2025-10-13 19:07:06,43.3361740112305,-8.78807640075684,"Unknown"
"7014851",371865,2025-10-13 19:37:06,43.3345909118652,-8.78920364379883,"Unknown"
"7014851",371865,2025-10-13 20:07:06,43.3340187072754,-8.79024887084961,"Unknown"
"7014851",371865,2025-10-13 20:37:06,43.3332138061523,-8.79152297973633,"Unknown"
"7014851",371865,2025-10-13 21:07:07,43.3347473144531,-8.78748226165771,"Unknown"
"7014851",371865,2025-10-13 21:37:05,43.3368225097656,-8.78703784942627,"Unknown"
"7014851",371865,2025-10-13 22:07:06,43.3382110595703,-8.78757953643799,"Unknown"
"7014851",371865,2025-10-13 22:37:10,43.3383255004883,-8.78857231140137,"Unknown"
"7014851",371865,2025-10-13 23:07:06,43.332332611084,-8.78670597076416,"Unknown"
"7014851",371865,2025-10-13 23:37:06,43.327465057373,-8.77952766418457,"Unknown"
"7014851",371865,2025-10-14 00:07:06,43.3296928405762,-8.77834129333496,"Unknown"
"7014851",371865,2025-10-14 00:37:04,43.3328399658203,-8.77783012390137,"Unknown"
"7014851",371865,2025-10-14 01:07:08,43.3347434997559,-8.77927017211914,"Unknown"
"7014851",371865,2025-10-14 01:37:05,43.3353385925293,-8.7773380279541,"Unknown"
"7014851",371865,2025-10-14 02:07:05,43.3160247802734,-8.7815580368042,"Unknown"
"7014851",371865,2025-10-14 02:37:06,43.315544128418,-8.77939128875732,"Unknown"
"7014851",371865,2025-10-14 03:07:05,43.3157386779785,-8.77688217163086,"Unknown"
"7014851",371865,2025-10-14 03:37:06,43.3164215087891,-8.77458477020264,"Unknown"
"7014851",371865,2025-10-14 04:07:06,43.3155136108398,-8.77291870117188,"Unknown"
"7014851",371865,2025-10-14 04:37:04,43.3141136169434,-8.77635288238525,"Unknown"
"7014851",371865,2025-10-14 05:07:06,43.3141555786133,-8.77646541595459,"Unknown"
"7014851",371865,2025-10-14 05:37:08,43.3132247924805,-8.77657222747803,"Unknown"
"7014851",371865,2025-10-14 06:07:09,43.3135070800781,-8.77733325958252,"Unknown"
"7014851",371865,2025-10-14 06:37:06,43.3454246520996,-8.82511329650879,"Unknown"
"7014851",371865,2025-10-14 07:07:05,43.3559265136719,-8.85207939147949,"Unknown"
"7014851",371865,2025-10-14 07:37:09,43.3565788269043,-8.85371017456055,"Unknown"
"7014851",371865,2025-10-14 08:07:09,43.3578186035156,-8.85288143157959,"Unknown"
"7014851",371865,2025-10-14 08:37:07,43.3607711791992,-8.85117626190186,"Unknown"
"7014851",371865,2025-10-14 09:07:13,43.3605651855469,-8.84982013702393,"Unknown"
"7014851",371865,2025-10-14 09:37:07,43.3607482910156,-8.84928226470947,"Unknown"
"7014851",371865,2025-10-14 10:07:04,43.3607292175293,-8.84911727905273,"Unknown"
"7014851",371865,2025-10-14 10:37:04,43.3607368469238,-8.84891796112061,"Unknown"
"7014851",371865,2025-10-14 11:07:05,43.3610534667969,-8.84861660003662,"Unknown"
"7014851",371865,2025-10-14 11:37:04,43.3608856201172,-8.84871482849121,"Unknown"
"7014851",371865,2025-10-14 12:07:10,43.3602981567383,-8.85012340545654,"Unknown"
"7014851",371865,2025-10-14 12:37:06,43.3600692749023,-8.84836483001709,"Unknown"
"7014851",371865,2025-10-14 12:47:06,43.3600845336914,-8.84825611114502,"Unknown"
"7014851",371865,2025-10-14 12:57:06,43.3601417541504,-8.84832668304443,"Unknown"
"7014851",371865,2025-10-14 13:07:06,43.3603210449219,-8.84807968139648,"Unknown"
"7014851",371865,2025-10-14 13:17:06,43.3602828979492,-8.84815311431885,"Unknown"
"7014851",371865,2025-10-14 13:27:04,43.3604316711426,-8.84822559356689,"Unknown"
"7014851",371865,2025-10-14 13:37:35,43.3602333068848,-8.84807109832764,"Unknown"
"7014851",371865,2025-10-14 13:47:07,43.3602447509766,-8.84820175170898,"Unknown"
"7014851",371865,2025-10-14 13:57:10,43.3601722717285,-8.84810924530029,"Unknown"
"7014851",371865,2025-10-14 14:07:06,43.3602981567383,-8.84812164306641,"Unknown"
"7014851",371865,2025-10-14 14:17:09,43.3602333068848,-8.84801197052002,"Unknown"
"7014851",371865,2025-10-14 14:27:09,43.3601531982422,-8.84808444976807,"Unknown"
"7014851",371865,2025-10-14 14:37:09,43.3602752685547,-8.84799861907959,"Unknown"
"7014851",371865,2025-10-14 14:47:06,43.3360252380371,-8.8647632598877,"Unknown"
"7014851",371865,2025-10-14 14:57:04,43.3168106079102,-8.85859489440918,"Unknown"
"7014851",371865,2025-10-14 15:07:06,43.3170852661133,-8.85871696472168,"Unknown"
"7014851",371865,2025-10-14 15:17:06,43.3175582885742,-8.85939502716064,"Unknown"
"7014851",371865,2025-10-14 15:27:06,43.3165512084961,-8.85818099975586,"Unknown"
"7014851",371865,2025-10-14 15:37:09,43.3203163146973,-8.87821102142334,"Unknown"
"7014851",371865,2025-10-14 15:47:04,43.3204574584961,-8.87825965881348,"Unknown"
"7014851",371865,2025-10-14 15:57:04,43.3204689025879,-8.87827205657959,"Unknown"
"7014851",371865,2025-10-14 16:07:04,43.3201942443848,-8.87824249267578,"Unknown"
"7014851",371865,2025-10-14 16:17:07,43.3203163146973,-8.87825298309326,"Unknown"
"7014851",371865,2025-10-14 16:27:09,43.3198852539062,-8.87856388092041,"Unknown"
"7014851",371865,2025-10-14 16:37:09,43.3200035095215,-8.87841987609863,"Unknown"
"7014851",371865,2025-10-14 16:47:12,43.3201141357422,-8.87832832336426,"Unknown"
"7014851",371865,2025-10-14 16:57:09,43.319995880127,-8.87846183776855,"Unknown"
"7014851",371865,2025-10-14 17:07:09,43.3198127746582,-8.8785228729248,"Unknown"
"7014851",371865,2025-10-14 17:17:09,43.320068359375,-8.87794971466064,"Unknown"
"7014851",371865,2025-10-14 17:27:09,43.3198623657227,-8.87813663482666,"Unknown"
"7014851",371865,2025-10-14 17:37:09,43.3205795288086,-8.87773513793945,"Unknown"
"7014851",371865,2025-10-14 17:47:14,43.3205490112305,-8.87783050537109,"Unknown"
"7014851",371865,2025-10-14 17:57:10,43.3206367492676,-8.87806797027588,"Unknown"
"7014851",371865,2025-10-14 18:07:06,43.3299980163574,-8.89855194091797,"Unknown"
"7014851",371865,2025-10-14 18:17:04,43.3003768920898,-8.97869110107422,"Unknown"
"7014851",371865,2025-10-14 18:27:15,43.3012237548828,-8.9799633026123,"Unknown"
"7014851",371865,2025-10-14 18:37:14,43.302059173584,-8.98174667358398,"Unknown"
"7014851",371865,2025-10-14 18:47:33,43.3031959533691,-8.9836540222168,"Unknown"
"7014851",371865,2025-10-14 18:57:08,43.3037567138672,-8.98525238037109,"Unknown"
"7014851",371865,2025-10-14 19:07:08,43.3037338256836,-8.98635005950928,"Unknown"
"7014851",371865,2025-10-14 19:17:08,43.3047790527344,-8.98826694488525,"Unknown"
"7014851",371865,2025-10-14 19:27:09,43.305419921875,-8.99003314971924,"Unknown"
"7014851",371865,2025-10-14 19:37:08,43.3061828613281,-8.99153709411621,"Unknown"
"7014851",371865,2025-10-14 19:47:06,43.269702911377,-9.00219440460205,"Unknown"
"7014851",371865,2025-10-14 19:57:08,43.2572631835938,-8.9883279800415,"Unknown"
"7014851",371865,2025-10-14 20:07:09,43.2574806213379,-8.98846626281738,"Unknown"
"7014851",371865,2025-10-14 20:17:35,43.2573280334473,-8.98849868774414,"Unknown"
"7014851",371865,2025-10-14 20:27:09,43.257137298584,-8.98845195770264,"Unknown"
"7014851",371865,2025-10-14 20:37:09,43.2571067810059,-8.9888744354248,"Unknown"
"7014851",371865,2025-10-14 20:47:11,43.2574234008789,-8.98918724060059,"Unknown"
"7014851",371865,2025-10-14 20:57:09,43.2572059631348,-8.98969173431396,"Unknown"
"7014851",371865,2025-10-14 21:07:23,43.2570686340332,-8.99036693572998,"Unknown"
"7014851",371865,2025-10-14 21:17:06,43.2568893432617,-8.99125480651855,"Unknown"
"7014851",371865,2025-10-14 21:27:09,43.2573509216309,-8.99180889129639,"Unknown"
"7014851",371865,2025-10-14 21:37:10,43.2572975158691,-8.9924783706665,"Unknown"
"7014851",371865,2025-10-14 21:47:07,43.256519317627,-8.99390697479248,"Unknown"
"7014851",371865,2025-10-14 21:57:06,43.2562065124512,-8.99415302276611,"Unknown"
"7014851",371865,2025-10-14 22:07:11,43.2560806274414,-8.99429893493652,"Unknown"
"7014851",371865,2025-10-14 22:17:06,43.256046295166,-8.99490642547607,"Unknown"
"7014851",371865,2025-10-14 22:27:07,43.2564544677734,-8.9943323135376,"Unknown"
"7014851",371865,2025-10-14 22:37:10,43.2573051452637,-8.99393272399902,"Unknown"
"7014851",371865,2025-10-14 22:47:09,43.2579078674316,-8.99384689331055,"Unknown"
"7014851",371865,2025-10-14 22:57:09,43.2553634643555,-8.98952007293701,"Unknown"
"7014851",371865,2025-10-14 23:07:07,43.2559051513672,-8.99114418029785,"Unknown"
"7014851",371865,2025-10-14 23:17:11,43.2566452026367,-8.9924488067627,"Unknown"
"7014851",371865,2025-10-14 23:27:10,43.2565612792969,-8.99330043792725,"Unknown"
"7014851",371865,2025-10-14 23:37:07,43.2568855285645,-8.99364757537842,"Unknown"
"7014851",371865,2025-10-14 23:47:11,43.2574691772461,-8.99432754516602,"Unknown"
"7014851",371865,2025-10-14 23:57:13,43.2574729919434,-8.99496459960938,"Unknown"
"7014851",371865,2025-10-15 00:07:07,43.2579231262207,-8.9953670501709,"Unknown"
"7014851",371865,2025-10-15 00:17:09,43.258243560791,-8.99564838409424,"Unknown"
"7014851",371865,2025-10-15 00:27:10,43.2573928833008,-8.99181747436523,"Unknown"
"7014851",371865,2025-10-15 00:37:08,43.2579383850098,-8.99321842193604,"Unknown"
"7014851",371865,2025-10-15 00:47:09,43.2583312988281,-8.99494075775146,"Unknown"
"7014851",371865,2025-10-15 00:57:21,43.2590370178223,-8.99592399597168,"Unknown"
"7014851",371865,2025-10-15 01:07:13,43.259220123291,-8.99759960174561,"Unknown"
"7014851",371865,2025-10-15 01:17:13,43.2593307495117,-8.99861335754395,"Unknown"
"7014851",371865,2025-10-15 01:27:07,43.2597122192383,-8.99960708618164,"Unknown"
"7014851",371865,2025-10-15 01:37:08,43.2595558166504,-9.00030612945557,"Unknown"
"7014851",371865,2025-10-15 01:47:34,43.2594718933105,-9.00075054168701,"Unknown"
"7014851",371865,2025-10-15 01:57:06,43.2595596313477,-9.00126361846924,"Unknown"
"7014851",371865,2025-10-15 02:07:08,43.2595596313477,-9.00159168243408,"Unknown"
"7014851",371865,2025-10-15 02:17:07,43.2595367431641,-9.00175762176514,"Unknown"
"7014851",371865,2025-10-15 02:27:09,43.2597808837891,-9.0016622543335,"Unknown"
"7014851",371865,2025-10-15 02:37:09,43.2540054321289,-8.97677135467529,"Unknown"
"7014851",371865,2025-10-15 02:47:07,43.2546577453613,-8.97772693634033,"Unknown"
"7014851",371865,2025-10-15 02:57:06,43.2549247741699,-8.97899913787842,"Unknown"
"7014851",371865,2025-10-15 03:07:04,43.2548332214355,-8.98074817657471,"Unknown"
"7014851",371865,2025-10-15 03:17:04,43.2546463012695,-8.98201370239258,"Unknown"
"7014851",371865,2025-10-15 03:27:06,43.2545852661133,-8.98326778411865,"Unknown"
"7014851",371865,2025-10-15 03:37:08,43.2544441223145,-8.98438835144043,"Unknown"
"7014851",371865,2025-10-15 03:47:07,43.2540969848633,-8.98548698425293,"Unknown"
"7014851",371865,2025-10-15 03:57:16,43.2453422546387,-8.96776580810547,"Unknown"
"7014851",371865,2025-10-15 04:07:11,43.2449989318848,-8.96834087371826,"Unknown"
"7014851",371865,2025-10-15 04:17:17,43.2484703063965,-8.96646976470947,"Unknown"
"7014851",371865,2025-10-15 04:27:35,43.2491416931152,-8.96616172790527,"Unknown"
"7014851",371865,2025-10-15 04:37:03,43.2493095397949,-8.96586513519287,"Unknown"
"7014851",371865,2025-10-15 04:47:03,43.249080657959,-8.96587753295898,"Unknown"
"7014851",371865,2025-10-15 04:57:03,43.248950958252,-8.96568965911865,"Unknown"
"7014851",371865,2025-10-15 05:07:03,43.2492408752441,-8.96535015106201,"Unknown"
"7014851",371865,2025-10-15 05:17:03,43.2490196228027,-8.96512794494629,"Unknown"
"7014851",371865,2025-10-15 05:27:03,43.248779296875,-8.96463108062744,"Unknown"
"7014851",371865,2025-10-15 05:37:06,43.248779296875,-8.96452236175537,"Unknown"
"7014851",371865,2025-10-15 05:47:03,43.2486038208008,-8.96493148803711,"Unknown"
"7014851",371865,2025-10-15 05:57:08,43.2482604980469,-8.96487808227539,"Unknown"
"7014851",371865,2025-10-15 06:07:04,43.2483253479004,-8.96482372283936,"Unknown"
"7014851",371865,2025-10-15 06:17:06,43.248233795166,-8.96450901031494,"Unknown"
"7014851",371865,2025-10-15 06:27:07,43.2485389709473,-8.96483325958252,"Unknown"
"7014851",371865,2025-10-15 06:37:04,43.2794876098633,-8.99000072479248,"Unknown"
"7014851",371865,2025-10-15 06:47:07,43.2976837158203,-8.95696353912354,"Unknown"
"7014851",371865,2025-10-15 06:57:14,43.288948059082,-8.94209861755371,"Unknown"
"7014851",371865,2025-10-15 07:07:17,43.2891006469727,-8.94129943847656,"Unknown"
"7014851",371865,2025-10-15 07:17:14,43.2896003723145,-8.93911075592041,"Unknown"
"7014851",371865,2025-10-15 07:27:17,43.2895545959473,-8.93916797637939,"Unknown"
"7014851",371865,2025-10-15 07:37:14,43.2896690368652,-8.9389181137085,"Unknown"
"7014851",371865,2025-10-15 07:47:12,43.2895660400391,-8.93903255462646,"Unknown"
"7014851",371865,2025-10-15 07:57:14,43.2893524169922,-8.9390287399292,"Unknown"
"7014851",371865,2025-10-15 08:27:05,43.2895050048828,-8.93705940246582,"Unknown"
"7014851",371865,2025-10-15 08:57:11,43.2893981933594,-8.93669986724854,"Unknown"
"7014851",371865,2025-10-15 09:27:14,43.2892074584961,-8.93704605102539,"Unknown"
"7014851",371865,2025-10-15 09:57:17,43.2956199645996,-8.93875980377197,"Unknown"
"7014851",371865,2025-10-15 10:27:09,43.2889556884766,-8.93680191040039,"Unknown"
"7014851",371865,2025-10-15 10:57:09,43.2930297851562,-8.94035530090332,"Unknown"
"7014851",371865,2025-10-15 11:27:07,43.2931747436523,-8.94207954406738,"Unknown"
"7014851",371865,2025-10-15 11:57:03,43.2946968078613,-8.94301509857178,"Unknown"
"7014851",371865,2025-10-15 12:27:04,43.2946891784668,-8.94363212585449,"Unknown"
"7014851",371865,2025-10-15 12:57:09,43.2946586608887,-8.94370555877686,"Unknown"
"7014851",371865,2025-10-15 13:27:35,43.289119720459,-8.94283390045166,"Unknown"
"7014851",371865,2025-10-15 13:57:13,43.2891654968262,-8.94277095794678,"Unknown"
"7014851",371865,2025-10-15 14:27:03,43.2896003723145,-8.94321537017822,"Unknown"
"7014851",371865,2025-10-15 14:57:18,43.2889823913574,-8.94264221191406,"Unknown"
"7014851",371865,2025-10-15 15:27:08,43.3064460754395,-8.91018962860107,"Unknown"
"7014851",371865,2025-10-15 15:57:14,43.3061714172363,-8.91033172607422,"Unknown"
"7014851",371865,2025-10-15 16:27:02,43.3062477111816,-8.91022968292236,"Unknown"
"7014851",371865,2025-10-15 16:57:18,43.3213844299316,-8.8781795501709,"Unknown"
"7014851",371865,2025-10-15 17:27:14,43.3214683532715,-8.87809371948242,"Unknown"
"7014851",371865,2025-10-15 17:57:40,43.3483963012695,-8.86391639709473,"Unknown"
"7014851",371865,2025-10-15 18:27:14,43.3703956604004,-8.81339073181152,"Unknown"
"7014851",371865,2025-10-15 18:57:35,43.3672866821289,-8.81081104278564,"Unknown"
"7014851",371865,2025-10-15 19:27:09,43.3130645751953,-8.70209217071533,"Unknown"
"7014851",371865,2025-10-15 19:57:18,43.3224906921387,-8.66032314300537,"Unknown"
"7014851",371865,2025-10-15 20:27:35,43.3927841186523,-8.57291221618652,"Unknown"
"7014851",371865,2025-10-15 20:57:07,43.3905258178711,-8.56770515441895,"Unknown"
"7014851",371865,2025-10-15 21:27:04,43.3291091918945,-8.5433177947998,"Unknown"
"7014851",371865,2025-10-15 21:57:09,43.3271255493164,-8.54624080657959,"Unknown"
"7014851",371865,2025-10-15 22:27:06,43.3408699035645,-8.54935073852539,"Unknown"
"7014851",371865,2025-10-15 22:57:08,43.3705940246582,-8.48627853393555,"Unknown"
"7014851",371865,2025-10-15 23:27:02,43.3729820251465,-8.4843168258667,"Unknown"
"7014851",371865,2025-10-15 23:57:31,43.376106262207,-8.48449993133545,"Unknown"
"7014851",371865,2025-10-16 00:27:00,43.3803329467773,-8.48492240905762,"Unknown"
"7014851",371865,2025-10-16 00:57:01,43.4068222045898,-8.43449783325195,"Unknown"
"7014851",371865,2025-10-16 01:27:02,43.3721694946289,-8.37228584289551,"Unknown"
"7014851",371865,2025-10-16 01:57:02,43.3783569335938,-8.37509918212891,"Unknown"
"7014851",371865,2025-10-16 02:27:02,43.3615837097168,-8.36316871643066,"Unknown"
"7014851",371865,2025-10-16 02:57:14,43.3762855529785,-8.37427139282227,"Unknown"
"7014851",371865,2025-10-16 03:27:01,43.377815246582,-8.37496948242188,"Unknown"
"7014851",371865,2025-10-16 03:57:11,43.378547668457,-8.37421131134033,"Unknown"
"7014851",371865,2025-10-16 04:27:03,43.3732299804688,-8.3673095703125,"Unknown"
"7014851",371865,2025-10-16 04:57:33,43.371280670166,-8.36928176879883,"Unknown"
"7014851",371865,2025-10-16 05:27:06,43.3735237121582,-8.37087917327881,"Unknown"
"7014851",371865,2025-10-16 05:57:14,43.3769645690918,-8.38019943237305,"Unknown"
"7014851",371865,2025-10-16 06:27:18,43.375301361084,-8.37989807128906,"Unknown"
"7014851",371865,2025-10-16 06:57:35,43.3609924316406,-8.38887405395508,"Unknown"
"7014851",371865,2025-10-16 07:27:01,43.2106971740723,-8.40637397766113,"Unknown"
"7014851",371865,2025-10-16 07:57:36,43.1304321289062,-8.47092533111572,"Unknown"
"7014851",371865,2025-10-16 08:27:06,43.1305961608887,-8.47114181518555,"Unknown"
"7014851",371865,2025-10-16 08:57:14,43.129955291748,-8.47000408172607,"Unknown"
"7014851",371865,2025-10-16 09:27:13,43.1298980712891,-8.46990489959717,"Unknown"
"7014851",371865,2025-10-16 09:57:13,43.1298141479492,-8.46987533569336,"Unknown"
"7014851",371865,2025-10-16 10:27:02,43.1296768188477,-8.46977710723877,"Unknown"
"7014851",371865,2025-10-16 10:57:15,43.1297454833984,-8.46980285644531,"Unknown"
"7014851",371865,2025-10-16 11:27:09,43.1295280456543,-8.46969699859619,"Unknown"
"7014851",371865,2025-10-16 11:57:26,43.1338195800781,-8.46825981140137,"Unknown"
"7014851",371865,2025-10-16 12:27:36,43.1327133178711,-8.46836376190186,"Unknown"
"7014851",371865,2025-10-16 12:57:00,43.1329536437988,-8.46882820129395,"Unknown"
"7014851",371865,2025-10-16 13:27:01,43.1300086975098,-8.47031307220459,"Unknown"
"7014851",371865,2025-10-16 13:57:04,43.1299095153809,-8.47025394439697,"Unknown"
"7014851",371865,2025-10-16 14:27:01,43.1299781799316,-8.47014331817627,"Unknown"
"7014851",371865,2025-10-16 14:57:12,43.130485534668,-8.47115039825439,"Unknown"
"7014851",371865,2025-10-16 15:27:12,43.0993041992188,-8.49625301361084,"Unknown"
"7014851",371865,2025-10-16 15:57:14,43.1299705505371,-8.46996784210205,"Unknown"
"7014851",371865,2025-10-16 16:27:08,43.1300239562988,-8.46999359130859,"Unknown"
"7014851",371865,2025-10-16 16:57:34,43.1300048828125,-8.46995544433594,"Unknown"
"7014851",371865,2025-10-16 17:27:00,43.1299057006836,-8.47007942199707,"Unknown"
"7014851",371865,2025-10-16 17:56:59,43.1964721679688,-8.42587280273438,"Unknown"
"7014851",371865,2025-10-16 18:26:59,43.189582824707,-8.42373847961426,"Unknown"
"7014851",371865,2025-10-16 18:57:00,43.1717109680176,-8.44022178649902,"Unknown"
"7014851",371865,2025-10-16 19:27:02,43.1715965270996,-8.44034385681152,"Unknown"
"7014851",371865,2025-10-16 19:57:04,43.171573638916,-8.44036102294922,"Unknown"
"7014851",371865,2025-10-16 20:27:35,43.1715812683105,-8.44039440155029,"Unknown"
"7014851",371865,2025-10-16 20:57:01,43.1716232299805,-8.44038677215576,"Unknown"
"7014851",371865,2025-10-16 21:27:25,43.171558380127,-8.44037914276123,"Unknown"
"7014851",371865,2025-10-16 21:57:02,43.1716117858887,-8.44036769866943,"Unknown"
"7014851",371865,2025-10-16 22:27:14,43.1717643737793,-8.44014549255371,"Unknown"
"7014851",371865,2025-10-16 22:57:09,43.1716537475586,-8.43965435028076,"Unknown"
"7014851",371865,2025-10-16 23:27:09,43.171760559082,-8.43996810913086,"Unknown"
"7014851",371865,2025-10-16 23:57:02,43.1720199584961,-8.44039249420166,"Unknown"
"7014851",371865,2025-10-17 00:27:07,43.1721572875977,-8.44050216674805,"Unknown"
"7014851",371865,2025-10-17 00:57:10,43.1716804504395,-8.44026374816895,"Unknown"
"7014851",371865,2025-10-17 01:27:02,43.172061920166,-8.44043445587158,"Unknown"
"7014851",371865,2025-10-17 01:57:09,43.1716918945312,-8.440505027771,"Unknown"
"7014851",371865,2025-10-17 02:27:15,43.172492980957,-8.4399528503418,"Unknown"
"7014851",371865,2025-10-17 02:57:36,43.1718254089355,-8.44051074981689,"Unknown"
"7014851",371865,2025-10-17 03:27:03,43.1716957092285,-8.44038772583008,"Unknown"
"7014851",371865,2025-10-17 03:57:08,43.1718406677246,-8.44045734405518,"Unknown"
"7014851",371865,2025-10-17 04:27:07,43.1718635559082,-8.44021320343018,"Unknown"
"7014851",371865,2025-10-17 04:57:03,43.1718406677246,-8.44036483764648,"Unknown"
"7014851",371865,2025-10-17 05:27:09,43.1717681884766,-8.44031143188477,"Unknown"
"7014851",371865,2025-10-17 05:57:14,43.1718406677246,-8.44029426574707,"Unknown"
"7014851",371865,2025-10-17 06:27:13,43.171817779541,-8.44100570678711,"Unknown"
"7014851",371865,2025-10-17 06:57:36,43.1298637390137,-8.47077560424805,"Unknown"
"7014851",371865,2025-10-17 07:27:11,43.1305274963379,-8.47120189666748,"Unknown"
"7014851",371865,2025-10-17 07:57:01,43.1301193237305,-8.46979331970215,"Unknown"
"7014851",371865,2025-10-17 08:27:05,43.130069732666,-8.46988010406494,"Unknown"
"7014851",371865,2025-10-17 08:57:04,43.1297569274902,-8.47029972076416,"Unknown"
"7014851",371865,2025-10-17 09:27:10,43.1296997070312,-8.47040557861328,"Unknown"
"7014851",371865,2025-10-17 09:57:04,43.1295852661133,-8.47030162811279,"Unknown"
"7014851",371865,2025-10-17 10:27:04,43.1297378540039,-8.47048091888428,"Unknown"
"7014851",371865,2025-10-17 10:57:05,43.1296691894531,-8.47048950195312,"Unknown"
"7014851",371865,2025-10-17 11:27:01,43.1296005249023,-8.47044658660889,"Unknown"
"7014851",371865,2025-10-17 11:57:04,43.1295433044434,-8.47039794921875,"Unknown"
"7014851",371865,2025-10-17 12:27:03,43.129581451416,-8.47012615203857,"Unknown"
"7014851",371865,2025-10-17 12:57:02,43.1293830871582,-8.47030067443848,"Unknown"
"7014851",371865,2025-10-17 13:27:14,43.1301193237305,-8.46962833404541,"Unknown"
"7014851",371865,2025-10-17 13:57:04,43.1298904418945,-8.46939659118652,"Unknown"
"7014851",371865,2025-10-17 14:27:05,43.130126953125,-8.46972274780273,"Unknown"
"7014851",371865,2025-10-17 14:57:05,43.1293907165527,-8.469482421875,"Unknown"
"7014851",371865,2025-10-17 15:27:00,43.1295433044434,-8.46972370147705,"Unknown"
"7014851",371865,2025-10-17 15:57:04,43.1302795410156,-8.47110080718994,"Unknown"
"7014851",371865,2025-10-17 16:07:00,43.1112747192383,-8.4920072555542,"Unknown"
"7014851",371865,2025-10-17 16:17:02,43.1016159057617,-8.4991626739502,"Unknown"
"7014851",371865,2025-10-17 16:27:02,43.1020164489746,-8.50008583068848,"Unknown"
"7014851",371865,2025-10-17 16:37:02,43.1018028259277,-8.50105762481689,"Unknown"
"7014851",371865,2025-10-17 16:47:02,43.1017150878906,-8.50037288665771,"Unknown"
"7014851",371865,2025-10-17 16:57:02,43.1123886108398,-8.4858455657959,"Unknown"
"7014851",371865,2025-10-17 17:07:04,43.1299095153809,-8.47025203704834,"Unknown"
"7014851",371865,2025-10-17 17:17:00,43.130012512207,-8.46967220306396,"Unknown"
"7014851",371865,2025-10-17 17:27:00,43.1304397583008,-8.46911716461182,"Unknown"
"7014851",371865,2025-10-17 17:37:01,43.1303024291992,-8.46939563751221,"Unknown"
"7014851",371865,2025-10-17 17:47:02,43.1300621032715,-8.46956729888916,"Unknown"
"7014851",371865,2025-10-17 17:56:59,43.1555709838867,-8.45874214172363,"Unknown"
"7014851",371865,2025-10-17 18:07:04,43.1934013366699,-8.42246150970459,"Unknown"
"7014851",371865,2025-10-17 18:17:00,43.192928314209,-8.422926902771,"Unknown"
"7014851",371865,2025-10-17 18:27:04,43.1929397583008,-8.4226016998291,"Unknown"
"7014851",371865,2025-10-17 18:37:04,43.194019317627,-8.42355251312256,"Unknown"
"7014851",371865,2025-10-17 18:47:04,43.1946258544922,-8.42386722564697,"Unknown"
"7014851",371865,2025-10-17 18:57:00,43.194206237793,-8.42274284362793,"Unknown"
"7014851",371865,2025-10-17 19:07:01,43.1931457519531,-8.42210578918457,"Unknown"
"7014851",371865,2025-10-17 19:17:04,43.1948394775391,-8.42380714416504,"Unknown"
"7014851",371865,2025-10-17 19:27:00,43.183479309082,-8.43143272399902,"Unknown"
"7014851",371865,2025-10-17 19:36:59,43.1717300415039,-8.44044780731201,"Unknown"
"7014851",371865,2025-10-17 19:47:00,43.1718101501465,-8.44034481048584,"Unknown"
"7014851",371865,2025-10-17 19:57:00,43.1719436645508,-8.44047927856445,"Unknown"
"7014851",371865,2025-10-17 20:07:01,43.1718330383301,-8.44042682647705,"Unknown"
"7014851",371865,2025-10-17 20:16:59,43.171817779541,-8.44068717956543,"Unknown"
"7014851",371865,2025-10-17 20:27:06,43.1718101501465,-8.44072341918945,"Unknown"
"7014851",371865,2025-10-17 20:36:59,43.1717948913574,-8.44077777862549,"Unknown"
"7014851",371865,2025-10-17 20:47:00,43.1718978881836,-8.44052410125732,"Unknown"
"7014851",371865,2025-10-17 20:56:59,43.1719856262207,-8.44066905975342,"Unknown"
"7014851",371865,2025-10-17 21:07:00,43.171630859375,-8.44043827056885,"Unknown"
"7014851",371865,2025-10-17 21:17:03,43.1720352172852,-8.44020843505859,"Unknown"
"7014851",371865,2025-10-17 21:27:05,43.1718673706055,-8.44052124023438,"Unknown"
"7014851",371865,2025-10-17 21:37:01,43.1718559265137,-8.44056510925293,"Unknown"
"7014851",371865,2025-10-17 21:47:01,43.1719284057617,-8.44056606292725,"Unknown"
"7014851",371865,2025-10-17 21:57:03,43.1718521118164,-8.44064903259277,"Unknown"
"7014851",371865,2025-10-17 22:06:59,43.1717796325684,-8.44044876098633,"Unknown"
"7014851",371865,2025-10-17 22:17:01,43.1717147827148,-8.44037437438965,"Unknown"
"7014851",371865,2025-10-17 22:27:00,43.171947479248,-8.44036960601807,"Unknown"
"7014851",371865,2025-10-17 22:37:01,43.1716423034668,-8.44041538238525,"Unknown"
"7014851",371865,2025-10-17 22:47:02,43.1718292236328,-8.44035339355469,"Unknown"
"7014851",371865,2025-10-17 22:57:01,43.1717720031738,-8.44060134887695,"Unknown"
"7014851",371865,2025-10-17 23:07:00,43.172176361084,-8.4403247833252,"Unknown"
"7014851",371865,2025-10-17 23:17:00,43.1718406677246,-8.44027900695801,"Unknown"
"7014851",371865,2025-10-17 23:26:59,43.1722564697266,-8.44027233123779,"Unknown"
"7014851",371865,2025-10-17 23:36:59,43.17236328125,-8.44020652770996,"Unknown"
"7014851",371865,2025-10-17 23:46:59,43.1720275878906,-8.44053268432617,"Unknown"
"7014851",371865,2025-10-17 23:57:00,43.1723709106445,-8.44018268585205,"Unknown"
"7014851",371865,2025-10-18 00:06:59,43.1721496582031,-8.44048690795898,"Unknown"
"7014851",371865,2025-10-18 00:17:00,43.1721382141113,-8.44071483612061,"Unknown"
"7014851",371865,2025-10-18 00:26:59,43.1720695495605,-8.44071865081787,"Unknown"
"7014851",371865,2025-10-18 00:37:01,43.1717681884766,-8.44060325622559,"Unknown"
"7014851",371865,2025-10-18 00:47:00,43.1722068786621,-8.44064807891846,"Unknown"
"7014851",371865,2025-10-18 00:57:04,43.171760559082,-8.44047546386719,"Unknown"
"7014851",371865,2025-10-18 01:07:04,43.1718826293945,-8.44048118591309,"Unknown"
"7014851",371865,2025-10-18 01:17:03,43.1720657348633,-8.44082832336426,"Unknown"
"7014851",371865,2025-10-18 01:26:59,43.1720733642578,-8.44056034088135,"Unknown"
"7014851",371865,2025-10-18 01:37:03,43.1720809936523,-8.4405632019043,"Unknown"
"7014851",371865,2025-10-18 01:47:03,43.1721611022949,-8.44049549102783,"Unknown"
"7014851",371865,2025-10-18 01:57:03,43.1722564697266,-8.44083976745605,"Unknown"
"7014851",371865,2025-10-18 02:07:04,43.172248840332,-8.44077014923096,"Unknown"
"7014851",371865,2025-10-18 02:17:08,43.1721839904785,-8.44125175476074,"Unknown"
"7014851",371865,2025-10-18 02:27:05,43.1720314025879,-8.4426965713501,"Unknown"
"7014851",371865,2025-10-18 02:37:06,43.1721000671387,-8.44210147857666,"Unknown"
"7014851",371865,2025-10-18 02:47:03,43.1720504760742,-8.44271469116211,"Unknown"
"7014851",371865,2025-10-18 02:57:07,43.1719779968262,-8.4421443939209,"Unknown"
"7014851",371865,2025-10-18 03:07:09,43.1719589233398,-8.4422550201416,"Unknown"
"7014851",371865,2025-10-18 03:17:14,43.1720237731934,-8.44184112548828,"Unknown"
"7014851",371865,2025-10-18 03:27:05,43.1723365783691,-8.44034194946289,"Unknown"
"7014851",371865,2025-10-18 03:37:08,43.1723480224609,-8.44035053253174,"Unknown"
"7014851",371865,2025-10-18 03:47:15,43.1712989807129,-8.44068241119385,"Unknown"
"7014851",371865,2025-10-18 03:57:00,43.1717834472656,-8.44052696228027,"Unknown"
"7014851",371865,2025-10-18 04:06:59,43.1718673706055,-8.44071578979492,"Unknown"
"7014851",371865,2025-10-18 04:17:08,43.1717796325684,-8.44046878814697,"Unknown"
"7014851",371865,2025-10-18 04:26:59,43.1718482971191,-8.44067478179932,"Unknown"
"7014851",371865,2025-10-18 04:37:07,43.1716918945312,-8.44055461883545,"Unknown"
"7014851",371865,2025-10-18 04:47:18,43.1714057922363,-8.440842628479,"Unknown"
"7014851",371865,2025-10-18 04:57:14,43.1716194152832,-8.44066524505615,"Unknown"
"7014851",371865,2025-10-18 05:07:01,43.1714096069336,-8.4410285949707,"Unknown"
"7014851",371865,2025-10-18 05:17:02,43.1715431213379,-8.44064903259277,"Unknown"
"7014851",371865,2025-10-18 05:27:01,43.1717071533203,-8.44058132171631,"Unknown"
"7014851",371865,2025-10-18 05:37:06,43.1716003417969,-8.44062900543213,"Unknown"
"7014851",371865,2025-10-18 05:47:14,43.1716041564941,-8.4407205581665,"Unknown"
"7014851",371865,2025-10-18 05:57:02,43.1716041564941,-8.44073104858398,"Unknown"
"7014851",371865,2025-10-18 06:07:02,43.1715850830078,-8.44081878662109,"Unknown"
"7014851",371865,2025-10-18 06:17:06,43.1713600158691,-8.4402437210083,"Unknown"
"7014851",371865,2025-10-18 06:27:03,43.1715545654297,-8.43961811065674,"Unknown"
"7014851",371865,2025-10-18 06:37:29,43.1716041564941,-8.43995189666748,"Unknown"
"7014851",371865,2025-10-18 06:46:59,43.1692047119141,-8.44880294799805,"Unknown"
"7014851",371865,2025-10-18 06:57:02,43.1298751831055,-8.47046089172363,"Unknown"
"7014851",371865,2025-10-18 07:07:06,43.1298332214355,-8.47042274475098,"Unknown"
"7014851",371865,2025-10-18 07:17:07,43.1297492980957,-8.46783638000488,"Unknown"
"7014851",371865,2025-10-18 07:27:10,43.1303291320801,-8.46868801116943,"Unknown"
"7014851",371865,2025-10-18 07:37:12,43.1305389404297,-8.47097492218018,"Unknown"
"7014851",371865,2025-10-18 07:47:08,43.130615234375,-8.47116756439209,"Unknown"
"7014851",371865,2025-10-18 07:57:14,43.1304473876953,-8.47134971618652,"Unknown"
"7014851",371865,2025-10-18 08:07:14,43.130054473877,-8.47015953063965,"Unknown"
"7014851",371865,2025-10-18 08:16:58,43.1298980712891,-8.47087955474854,"Unknown"
"7014851",371865,2025-10-18 08:27:01,43.129638671875,-8.4704761505127,"Unknown"
"7014851",371865,2025-10-18 08:37:02,43.1295280456543,-8.4705924987793,"Unknown"
"7014851",371865,2025-10-18 08:47:35,43.1296081542969,-8.47039604187012,"Unknown"
"7014851",371865,2025-10-18 08:56:57,43.1296005249023,-8.47038269042969,"Unknown"
"7014851",371865,2025-10-18 09:06:58,43.1296157836914,-8.47039604187012,"Unknown"
"7014851",371865,2025-10-18 09:16:58,43.129524230957,-8.47044944763184,"Unknown"
"7014851",371865,2025-10-18 09:26:57,43.1296348571777,-8.47044563293457,"Unknown"
"7014851",371865,2025-10-18 09:36:57,43.1295204162598,-8.47040462493896,"Unknown"
"7014851",371865,2025-10-18 09:46:56,43.1295471191406,-8.47049140930176,"Unknown"
"7014851",371865,2025-10-18 09:56:57,43.1295700073242,-8.47047138214111,"Unknown"
"7014851",371865,2025-10-18 10:06:56,43.1295318603516,-8.47032356262207,"Unknown"
"7014851",371865,2025-10-18 10:16:56,43.1296157836914,-8.470383644104,"Unknown"
"7014851",371865,2025-10-18 10:26:57,43.1295623779297,-8.47033786773682,"Unknown"
"7014851",371865,2025-10-18 10:36:56,43.1297073364258,-8.47048568725586,"Unknown"
"7014851",371865,2025-10-18 10:46:58,43.1296997070312,-8.4705057144165,"Unknown"
"7014851",371865,2025-10-18 10:56:58,43.1296195983887,-8.47044372558594,"Unknown"
"7014851",371865,2025-10-18 11:07:04,43.1294746398926,-8.47024917602539,"Unknown"
"7014851",371865,2025-10-18 11:16:59,43.1292190551758,-8.46976375579834,"Unknown"
"7014851",371865,2025-10-18 11:26:59,43.1293754577637,-8.46999931335449,"Unknown"
"7014851",371865,2025-10-18 11:36:59,43.1293334960938,-8.47002124786377,"Unknown"
"7014851",371865,2025-10-18 11:46:57,43.1295013427734,-8.47041320800781,"Unknown"
"7014851",371865,2025-10-18 11:56:58,43.1294708251953,-8.47037506103516,"Unknown"
"7014851",371865,2025-10-18 12:07:01,43.1294822692871,-8.47034358978271,"Unknown"
"7014851",371865,2025-10-18 12:16:58,43.1294288635254,-8.47017192840576,"Unknown"
"7014851",371865,2025-10-18 12:27:03,43.1294593811035,-8.47035217285156,"Unknown"
"7014851",371865,2025-10-18 12:37:04,43.1298866271973,-8.46996402740479,"Unknown"
"7014851",371865,2025-10-18 12:47:00,43.1298675537109,-8.4700403213501,"Unknown"
"7014851",371865,2025-10-18 12:57:11,43.1298637390137,-8.47012901306152,"Unknown"
"7014851",371865,2025-10-18 13:07:06,43.1299018859863,-8.47015380859375,"Unknown"
"7014851",371865,2025-10-18 13:17:01,43.1298484802246,-8.47017002105713,"Unknown"
"7014851",371865,2025-10-18 13:27:18,43.1300582885742,-8.47051620483398,"Unknown"
"7014851",371865,2025-10-18 13:37:07,43.1300430297852,-8.47038745880127,"Unknown"
"7014851",371865,2025-10-18 13:47:14,43.1300315856934,-8.47030448913574,"Unknown"
"7014851",371865,2025-10-18 13:56:57,43.1300659179688,-8.46976375579834,"Unknown"
"7014851",371865,2025-10-18 14:07:06,43.1299438476562,-8.47007179260254,"Unknown"
"7014851",371865,2025-10-18 14:17:06,43.1299819946289,-8.47018527984619,"Unknown"
"7014851",371865,2025-10-18 14:27:06,43.1299133300781,-8.47011852264404,"Unknown"
"7014851",371865,2025-10-18 14:37:18,43.1297340393066,-8.46992683410645,"Unknown"
"7014851",371865,2025-10-18 14:47:11,43.1297607421875,-8.46993255615234,"Unknown"
"7014851",371865,2025-10-18 14:57:14,43.1298713684082,-8.46988201141357,"Unknown"
"7014851",371865,2025-10-18 15:07:05,43.1299057006836,-8.46982097625732,"Unknown"
"7014851",371865,2025-10-18 15:16:59,43.1298599243164,-8.46978664398193,"Unknown"
"7014851",371865,2025-10-18 15:27:07,43.1298561096191,-8.46977424621582,"Unknown"
"7014851",371865,2025-10-18 15:37:06,43.1297950744629,-8.4698600769043,"Unknown"
"7014851",371865,2025-10-18 15:47:14,43.1298904418945,-8.47009944915771,"Unknown"
"7014851",371865,2025-10-18 15:57:08,43.0989074707031,-8.49645137786865,"Unknown"
"7014851",371865,2025-10-18 16:07:00,43.0987319946289,-8.49725532531738,"Unknown"
"7014851",371865,2025-10-18 16:17:03,43.1079063415527,-8.49277591705322,"Unknown"
"7014851",371865,2025-10-18 16:27:24,43.1298561096191,-8.4707088470459,"Unknown"
"7014851",371865,2025-10-18 16:37:14,43.1293487548828,-8.47050952911377,"Unknown"
"7014851",371865,2025-10-18 16:47:16,43.1300392150879,-8.47070121765137,"Unknown"
"7014851",371865,2025-10-18 16:57:29,43.1298522949219,-8.47068977355957,"Unknown"
"7014851",371865,2025-10-18 17:06:59,43.1294746398926,-8.47051429748535,"Unknown"
"7014851",371865,2025-10-18 17:17:06,43.1296234130859,-8.47049427032471,"Unknown"
"7014851",371865,2025-10-18 17:27:29,43.1296920776367,-8.47052955627441,"Unknown"
"7014851",371865,2025-10-18 17:37:01,43.1296920776367,-8.47058391571045,"Unknown"
"7014851",371865,2025-10-18 17:46:57,43.1304702758789,-8.47116374969482,"Unknown"
"7014851",371865,2025-10-18 17:56:59,43.1308250427246,-8.47136402130127,"Unknown"
"7014851",371865,2025-10-18 18:07:00,43.1928787231445,-8.42137718200684,"Unknown"
"7014851",371865,2025-10-18 18:17:14,43.1925239562988,-8.4208402633667,"Unknown"
"7014851",371865,2025-10-18 18:26:58,43.1922760009766,-8.42026901245117,"Unknown"
"7014851",371865,2025-10-18 18:36:58,43.1919479370117,-8.42010974884033,"Unknown"
"7014851",371865,2025-10-18 18:47:14,43.1919898986816,-8.41982269287109,"Unknown"
"7014851",371865,2025-10-18 18:56:57,43.1920890808105,-8.41946125030518,"Unknown"
"7014851",371865,2025-10-18 19:06:56,43.1921348571777,-8.41906833648682,"Unknown"
"7014851",371865,2025-10-18 19:17:00,43.1925468444824,-8.41945171356201,"Unknown"
"7014851",371865,2025-10-18 19:27:03,43.1925773620605,-8.41962051391602,"Unknown"
"7014851",371865,2025-10-18 19:37:04,43.1929168701172,-8.41959190368652,"Unknown"
"7014851",371865,2025-10-18 19:47:01,43.1927528381348,-8.41909980773926,"Unknown"
"7014851",371865,2025-10-18 19:57:08,43.1924476623535,-8.41878318786621,"Unknown"
"7014851",371865,2025-10-18 20:07:28,43.1921157836914,-8.41842746734619,"Unknown"
"7014851",371865,2025-10-18 20:17:00,43.191967010498,-8.41866016387939,"Unknown"
"7014851",371865,2025-10-18 20:47:00,43.1923370361328,-8.41991233825684,"Unknown"
"7014851",371865,2025-10-18 21:17:00,43.1922798156738,-8.41775131225586,"Unknown"
"7014851",371865,2025-10-18 21:47:12,43.1916732788086,-8.41670322418213,"Unknown"
"7014851",371865,2025-10-18 22:17:13,43.1905136108398,-8.41656970977783,"Unknown"
"7014851",371865,2025-10-18 22:47:16,43.1921806335449,-8.41666126251221,"Unknown"
"7014851",371865,2025-10-18 23:17:10,43.1916007995605,-8.41747188568115,"Unknown"
"7014851",371865,2025-10-18 23:47:29,43.195369720459,-8.42267513275146,"Unknown"
"7014851",371865,2025-10-19 00:17:00,43.1951751708984,-8.42275524139404,"Unknown"
"7014851",371865,2025-10-19 00:47:01,43.1946220397949,-8.42219543457031,"Unknown"
"7014851",371865,2025-10-19 01:16:58,43.1950149536133,-8.42266750335693,"Unknown"
"7014851",371865,2025-10-19 01:47:06,43.1953239440918,-8.42307949066162,"Unknown"
"7014851",371865,2025-10-19 02:17:13,43.1956062316895,-8.4226188659668,"Unknown"
"7014851",371865,2025-10-19 02:47:14,43.1944122314453,-8.42316627502441,"Unknown"
"7014851",371865,2025-10-19 03:17:35,43.1936111450195,-8.42020130157471,"Unknown"
"7014851",371865,2025-10-19 03:46:59,43.1939010620117,-8.41877174377441,"Unknown"
"7014851",371865,2025-10-19 04:17:03,43.1930923461914,-8.41766738891602,"Unknown"
"7014851",371865,2025-10-19 04:47:03,43.194953918457,-8.42148208618164,"Unknown"
"7014851",371865,2025-10-19 05:16:58,43.1943092346191,-8.42104816436768,"Unknown"
"7014851",371865,2025-10-19 05:46:58,43.1937141418457,-8.41932773590088,"Unknown"
"7014851",371865,2025-10-19 06:17:06,43.1934700012207,-8.41952705383301,"Unknown"
"7014851",371865,2025-10-19 06:47:07,43.1927185058594,-8.41993713378906,"Unknown"
"7014851",371865,2025-10-19 07:17:00,43.1647491455078,-8.46683406829834,"Unknown"
"7014851",371865,2025-10-19 07:47:04,43.1306457519531,-8.47103214263916,"Unknown"
"7014851",371865,2025-10-19 08:17:00,43.1301155090332,-8.47084808349609,"Unknown"
"7014851",371865,2025-10-19 08:46:58,43.1302108764648,-8.47077560424805,"Unknown"
"7014851",371865,2025-10-19 09:17:07,43.130126953125,-8.47080230712891,"Unknown"
"7014851",371865,2025-10-19 09:47:00,43.1302490234375,-8.47080421447754,"Unknown"
"7014851",371865,2025-10-19 10:16:58,43.1307334899902,-8.47118282318115,"Unknown"
"7014851",371865,2025-10-19 10:47:44,43.1302833557129,-8.47123432159424,"Unknown"
"7014851",371865,2025-10-19 11:17:19,43.1310882568359,-8.47171306610107,"Unknown"
"7014851",371865,2025-10-19 12:18:33,43.1296653747559,-8.47039985656738,"Unknown"
"7014851",371865,2025-10-19 12:46:13,43.1295509338379,-8.47071266174316,"Unknown"
"7014851",371865,2025-10-19 13:16:32,43.1296234130859,-8.47066593170166,"Unknown"
"7014851",371865,2025-10-19 13:48:15,43.1295394897461,-8.47057342529297,"Unknown"
"7014851",371865,2025-10-19 14:18:02,43.1294708251953,-8.47075366973877,"Unknown"
"7014851",371865,2025-10-19 14:48:00,43.1295928955078,-8.4701509475708,"Unknown"
"7014851",371865,2025-10-19 15:18:33,43.1294898986816,-8.47032737731934,"Unknown"
"7014851",371865,2025-10-19 15:48:00,43.1301498413086,-8.47110271453857,"Unknown"
"7014851",371865,2025-10-19 16:17:59,43.1299285888672,-8.4701509475708,"Unknown"
"7014851",371865,2025-10-19 16:48:00,43.1297836303711,-8.46932601928711,"Unknown"
"7014851",371865,2025-10-19 17:18:00,43.1300888061523,-8.46978855133057,"Unknown"
"7014851",371865,2025-10-19 17:48:01,43.1299057006836,-8.46984767913818,"Unknown"
"7014851",371865,2025-10-19 18:18:00,43.1931915283203,-8.41947746276855,"Unknown"
"7014851",371865,2025-10-19 18:48:00,43.193229675293,-8.42049980163574,"Unknown"
"7014851",371865,2025-10-19 19:18:02,43.1877746582031,-8.41308212280273,"Unknown"
"7014851",371865,2025-10-19 20:46:05,43.1935119628906,-8.41860389709473,"Unknown"
"7014851",371865,2025-10-19 21:15:52,43.1933746337891,-8.42011833190918,"Unknown"
"7014851",371865,2025-10-19 21:45:55,43.1947135925293,-8.42461490631104,"Unknown"
"7014851",371865,2025-10-19 22:16:29,43.1935386657715,-8.41973495483398,"Unknown"
"7014851",371865,2025-10-19 22:48:18,43.1940269470215,-8.41913604736328,"Unknown"
"7014851",371865,2025-10-19 23:18:00,43.193775177002,-8.42034530639648,"Unknown"
"7014851",371865,2025-10-19 23:48:19,43.1936798095703,-8.4198751449585,"Unknown"
"7014851",371865,2025-10-20 00:45:51,43.1943473815918,-8.42219257354736,"Unknown"
"7014851",371865,2025-10-20 01:15:52,43.1944427490234,-8.42203903198242,"Unknown"
"7014851",371865,2025-10-20 01:45:53,43.1947898864746,-8.42024803161621,"Unknown"
"7014851",371865,2025-10-20 02:48:09,43.1962432861328,-8.42465496063232,"Unknown"
"7014851",371865,2025-10-20 03:48:59,43.1953010559082,-8.42210578918457,"Unknown"
"7014851",371865,2025-10-20 04:17:45,43.193660736084,-8.41830062866211,"Unknown"
"7014851",371865,2025-10-20 04:48:09,43.1929626464844,-8.4196834564209,"Unknown"
"7014851",371865,2025-10-20 05:18:05,43.1937522888184,-8.42038345336914,"Unknown"
"7014851",371865,2025-10-20 05:48:01,43.1941757202148,-8.42036819458008,"Unknown"
"7014851",371865,2025-10-20 06:18:00,43.1944007873535,-8.41988277435303,"Unknown"
"7014851",371865,2025-10-20 06:48:12,43.1953620910645,-8.42476272583008,"Unknown"
"7014851",371865,2025-10-20 07:18:23,43.1658401489258,-8.45416259765625,"Unknown"
"7014851",371865,2025-10-20 07:46:19,43.1283302307129,-8.46981620788574,"Unknown"
"7014851",371865,2025-10-20 08:18:39,43.1294097900391,-8.47044658660889,"Unknown"
"7014851",371865,2025-10-20 08:48:04,43.1300201416016,-8.47088527679443,"Unknown"
"7014851",371865,2025-10-20 09:18:18,43.1299171447754,-8.47026443481445,"Unknown"
"7014851",371865,2025-10-20 09:46:21,43.1298637390137,-8.47046947479248,"Unknown"
"7014851",371865,2025-10-20 11:18:46,43.1297340393066,-8.47021198272705,"Unknown"
"7014851",371865,2025-10-20 11:48:12,43.1296195983887,-8.47016906738281,"Unknown"
"7014851",371865,2025-10-20 12:17:57,43.1296043395996,-8.47021961212158,"Unknown"
"7014851",371865,2025-10-20 12:47:57,43.129581451416,-8.47016143798828,"Unknown"
"7014851",371865,2025-10-20 13:17:57,43.1296615600586,-8.47014617919922,"Unknown"
"7014851",371865,2025-10-20 13:48:02,43.129207611084,-8.46948528289795,"Unknown"
"7014851",371865,2025-10-20 14:18:11,43.1297378540039,-8.47004890441895,"Unknown"
"7014851",371865,2025-10-20 14:48:11,43.1296463012695,-8.46993827819824,"Unknown"
"7014851",371865,2025-10-20 15:16:10,43.128360748291,-8.47047424316406,"Unknown"
"7014851",371865,2025-10-20 15:48:39,43.130069732666,-8.47117042541504,"Unknown"
"7014851",371865,2025-10-20 16:18:08,43.1299209594727,-8.47145462036133,"Unknown"
"7014851",371865,2025-10-20 16:48:05,43.0998382568359,-8.4963846206665,"Unknown"
"7014851",371865,2025-10-20 17:18:03,43.1300849914551,-8.47005081176758,"Unknown"
"7014851",371865,2025-10-20 17:48:08,43.1961708068848,-8.42440509796143,"Unknown"
"7014851",371865,2025-10-20 18:18:09,43.1953430175781,-8.42361736297607,"Unknown"
"7014851",371865,2025-10-20 18:48:19,43.1915168762207,-8.41957187652588,"Unknown"
"7014851",371865,2025-10-20 19:18:59,43.1934471130371,-8.42086791992188,"Unknown"
"7014851",371865,2025-10-20 19:48:10,43.1922187805176,-8.42019081115723,"Unknown"
"7014851",371865,2025-10-20 20:18:03,43.1944351196289,-8.42284297943115,"Unknown"
"7014851",371865,2025-10-20 20:48:09,43.193416595459,-8.42063522338867,"Unknown"
"7014851",371865,2025-10-20 21:16:25,43.1961822509766,-8.42550563812256,"Unknown"
"7014851",371865,2025-10-20 21:46:10,43.1966285705566,-8.42419338226318,"Unknown"
"7014851",371865,2025-10-20 22:16:26,43.1964645385742,-8.42398738861084,"Unknown"
"7014851",371865,2025-10-20 22:47:12,43.1930809020996,-8.42018985748291,"Unknown"
"7014851",371865,2025-10-20 23:17:01,43.1924133300781,-8.41981029510498,"Unknown"
"7014851",371865,2025-10-20 23:46:54,43.192985534668,-8.41939926147461,"Unknown"
"7014851",371865,2025-10-21 00:17:01,43.1935348510742,-8.41943359375,"Unknown"
"7014851",371865,2025-10-21 00:47:01,43.1940841674805,-8.41921901702881,"Unknown"
"7014851",371865,2025-10-21 01:17:08,43.1939582824707,-8.41921329498291,"Unknown"
"7014851",371865,2025-10-21 01:46:54,43.1932945251465,-8.41899967193604,"Unknown"
"7014851",371865,2025-10-21 02:16:57,43.1944732666016,-8.42209911346436,"Unknown"
"7014851",371865,2025-10-21 02:46:54,43.1948928833008,-8.42170238494873,"Unknown"
"7014851",371865,2025-10-21 03:16:54,43.1946220397949,-8.42152309417725,"Unknown"
"7014851",371865,2025-10-21 03:47:00,43.1938819885254,-8.41985702514648,"Unknown"
"7014851",371865,2025-10-21 04:16:54,43.194278717041,-8.4217004776001,"Unknown"
"7014851",371865,2025-10-21 04:47:15,43.1938667297363,-8.42109298706055,"Unknown"
"7014851",371865,2025-10-21 05:17:05,43.1942901611328,-8.4211597442627,"Unknown"
"7014851",371865,2025-10-21 05:47:23,43.1943588256836,-8.42191410064697,"Unknown"
"7014851",371865,2025-10-21 06:16:53,43.1946601867676,-8.42366790771484,"Unknown"
"7014851",371865,2025-10-21 06:46:54,43.1906929016113,-8.42239952087402,"Unknown"
"7014851",371865,2025-10-21 07:16:59,43.1430435180664,-8.47418308258057,"Unknown"
"7014851",371865,2025-10-21 07:47:14,43.1302299499512,-8.47105026245117,"Unknown"
"7014851",371865,2025-10-21 08:47:16,43.1325340270996,-8.47216606140137,"Unknown"
"7014851",371865,2025-10-21 09:17:00,43.1300811767578,-8.4703254699707,"Unknown"
"7014851",371865,2025-10-21 09:47:15,43.1298027038574,-8.47024345397949,"Unknown"
"7014851",371865,2025-10-21 10:17:16,43.1296653747559,-8.47033405303955,"Unknown"
"7014851",371865,2025-10-21 10:47:35,43.1304206848145,-8.47136974334717,"Unknown"
"7014851",371865,2025-10-21 11:16:52,43.1304206848145,-8.47178745269775,"Unknown"
"7014851",371865,2025-10-21 11:46:54,43.1299171447754,-8.46912384033203,"Unknown"
"7014851",371865,2025-10-21 12:17:00,43.1299896240234,-8.46957969665527,"Unknown"
"7014851",371865,2025-10-21 12:47:00,43.1299819946289,-8.46968460083008,"Unknown"
"7014851",371865,2025-10-21 13:17:35,43.1299095153809,-8.4696798324585,"Unknown"
"7014851",371865,2025-10-21 13:46:51,43.1300315856934,-8.4697380065918,"Unknown"
"7014851",371865,2025-10-21 14:16:51,43.1300430297852,-8.46968841552734,"Unknown"
"7014851",371865,2025-10-21 14:47:23,43.1299896240234,-8.46969127655029,"Unknown"
"7014851",371865,2025-10-21 15:16:54,43.1300964355469,-8.47046756744385,"Unknown"
"7014851",371865,2025-10-21 15:47:00,43.1295928955078,-8.46980381011963,"Unknown"
"7014851",371865,2025-10-21 16:17:08,43.1295738220215,-8.46977043151855,"Unknown"
"7014851",371865,2025-10-21 16:47:29,43.1296653747559,-8.46969318389893,"Unknown"
"7014851",371865,2025-10-21 17:17:04,43.1300849914551,-8.47036361694336,"Unknown"
"7014851",371865,2025-10-21 17:47:14,43.1526870727539,-8.45348167419434,"Unknown"
"7014851",371865,2025-10-21 18:16:54,43.1961669921875,-8.4254846572876,"Unknown"
"7014851",371865,2025-10-21 18:47:15,43.196117401123,-8.42459964752197,"Unknown"
"7014851",371865,2025-10-21 19:16:54,43.191032409668,-8.41800308227539,"Unknown"
"7014851",371865,2025-10-21 19:47:15,43.1914176940918,-8.41839408874512,"Unknown"
"7014851",371865,2025-10-21 20:16:55,43.1917266845703,-8.41986465454102,"Unknown"
"7014851",371865,2025-10-21 20:47:29,43.1923332214355,-8.42111492156982,"Unknown"
"7014851",371865,2025-10-21 21:16:58,43.1912231445312,-8.4194974899292,"Unknown"
"7014851",371865,2025-10-21 21:47:14,43.1900177001953,-8.41756153106689,"Unknown"
"7014851",371865,2025-10-21 22:17:01,43.1917839050293,-8.41813278198242,"Unknown"
"7014851",371865,2025-10-21 22:47:15,43.1918678283691,-8.41831874847412,"Unknown"
"7014851",371865,2025-10-21 23:16:53,43.191967010498,-8.42033004760742,"Unknown"
"7014851",371865,2025-10-21 23:47:00,43.1931953430176,-8.42029190063477,"Unknown"
"7014851",371865,2025-10-22 00:17:14,43.1914596557617,-8.41880989074707,"Unknown"
"7014851",371865,2025-10-22 00:47:14,43.1909790039062,-8.41993999481201,"Unknown"
"7014851",371865,2025-10-22 01:16:52,43.1934051513672,-8.41859817504883,"Unknown"
"7014851",371865,2025-10-22 01:47:17,43.1947631835938,-8.42234897613525,"Unknown"
"7014851",371865,2025-10-22 02:17:13,43.195182800293,-8.42287921905518,"Unknown"
"7014851",371865,2025-10-22 02:47:23,43.1957588195801,-8.42275619506836,"Unknown"
"7014851",371865,2025-10-22 03:17:14,43.1917610168457,-8.41892242431641,"Unknown"
"7014851",371865,2025-10-22 03:47:14,43.1929664611816,-8.4197998046875,"Unknown"
"7014851",371865,2025-10-22 04:16:53,43.1914176940918,-8.41646099090576,"Unknown"
"7014851",371865,2025-10-22 04:47:23,43.1905670166016,-8.41748332977295,"Unknown"
"7014851",371865,2025-10-22 05:17:14,43.193229675293,-8.41821002960205,"Unknown"
"7014851",371865,2025-10-22 05:47:23,43.1928558349609,-8.41825485229492,"Unknown"
"7014851",371865,2025-10-22 06:16:58,43.1933822631836,-8.41947555541992,"Unknown"
"7014851",371865,2025-10-22 06:46:52,43.1928100585938,-8.42166423797607,"Unknown"
"7014851",371865,2025-10-22 07:16:53,43.1623497009277,-8.46776008605957,"Unknown"
"7014851",371865,2025-10-22 07:46:52,43.12939453125,-8.4701681137085,"Unknown"
"7014851",371865,2025-10-22 08:16:54,43.1305503845215,-8.46944713592529,"Unknown"
"7014851",371865,2025-10-22 08:47:01,43.1299247741699,-8.47021675109863,"Unknown"
"7014851",371865,2025-10-22 09:16:54,43.1296577453613,-8.47086524963379,"Unknown"
"7014851",371865,2025-10-22 09:46:53,43.1302261352539,-8.47124767303467,"Unknown"
"7014851",371865,2025-10-22 10:16:53,43.130126953125,-8.47166347503662,"Unknown"
"7014851",371865,2025-10-22 10:46:52,43.1259727478027,-8.47462368011475,"Unknown"
"7014851",371865,2025-10-22 11:16:51,43.129638671875,-8.47021961212158,"Unknown"
"7014851",371865,2025-10-22 11:46:51,43.129711151123,-8.47016716003418,"Unknown"
"7014851",371865,2025-10-22 12:16:52,43.1297798156738,-8.47024250030518,"Unknown"
"7014851",371865,2025-10-22 12:46:51,43.1297645568848,-8.47019100189209,"Unknown"
"7014851",371865,2025-10-22 13:16:53,43.1298027038574,-8.47034454345703,"Unknown"
"7014851",371865,2025-10-22 13:46:52,43.1292152404785,-8.46961212158203,"Unknown"
"7014851",371865,2025-10-22 14:16:52,43.1292343139648,-8.46990013122559,"Unknown"
"7014851",371865,2025-10-22 14:46:55,43.1291160583496,-8.46918487548828,"Unknown"
"7014851",371865,2025-10-22 15:16:54,43.1297950744629,-8.46862983703613,"Unknown"
"7014851",371865,2025-10-22 15:47:00,43.1300849914551,-8.46883201599121,"Unknown"
"7014851",371865,2025-10-22 16:17:14,43.1003112792969,-8.49791622161865,"Unknown"
"7014851",371865,2025-10-22 16:47:14,43.1001663208008,-8.49728107452393,"Unknown"
"7014851",371865,2025-10-22 17:17:15,43.1925048828125,-8.42156028747559,"Unknown"
"7014851",371865,2025-10-22 17:47:15,43.1931076049805,-8.42117786407471,"Unknown"
"7014851",371865,2025-10-22 18:17:14,43.1897315979004,-8.41991138458252,"Unknown"
"7014851",371865,2025-10-22 18:47:44,43.1900634765625,-8.41907978057861,"Unknown"
"7014851",371865,2025-10-22 19:16:54,43.1908569335938,-8.41932964324951,"Unknown"
"7014851",371865,2025-10-22 19:47:00,43.1902809143066,-8.41933345794678,"Unknown"
"7014851",371865,2025-10-22 20:16:55,43.1907196044922,-8.41883850097656,"Unknown"
"7014851",371865,2025-10-22 20:46:57,43.1906318664551,-8.41900634765625,"Unknown"
"7014851",371865,2025-10-22 21:16:54,43.190258026123,-8.41820907592773,"Unknown"
"7014851",371865,2025-10-22 21:47:03,43.1896858215332,-8.41859149932861,"Unknown"
"7014851",371865,2025-10-22 22:17:15,43.190357208252,-8.41872692108154,"Unknown"
"7014851",371865,2025-10-22 22:47:19,43.1922798156738,-8.42048835754395,"Unknown"
"7014851",371865,2025-10-22 23:16:52,43.1913528442383,-8.42010307312012,"Unknown"
"7014851",371865,2025-10-22 23:46:55,43.1899185180664,-8.41962242126465,"Unknown"
"7014851",371865,2025-10-23 00:16:51,43.1899261474609,-8.42027282714844,"Unknown"
"7014851",371865,2025-10-23 00:46:51,43.1922264099121,-8.41927528381348,"Unknown"
"7014851",371865,2025-10-23 01:16:52,43.1905250549316,-8.41991806030273,"Unknown"
"7014851",371865,2025-10-23 01:46:54,43.1907196044922,-8.42030715942383,"Unknown"
"7014851",371865,2025-10-23 02:16:59,43.1895637512207,-8.41974449157715,"Unknown"
"7014851",371865,2025-10-23 02:46:56,43.189811706543,-8.42119979858398,"Unknown"
"7014851",371865,2025-10-23 03:17:01,43.1923675537109,-8.41895771026611,"Unknown"
"7014851",371865,2025-10-23 03:47:00,43.1919746398926,-8.41898632049561,"Unknown"
"7014851",371865,2025-10-23 04:17:00,43.1922454833984,-8.41975879669189,"Unknown"
"7014851",371865,2025-10-23 04:47:23,43.1922225952148,-8.41990280151367,"Unknown"
"7014851",371865,2025-10-23 05:16:53,43.1916542053223,-8.42102336883545,"Unknown"
"7014851",371865,2025-10-23 05:46:52,43.1930465698242,-8.4203519821167,"Unknown"
"7014851",371865,2025-10-23 06:16:55,43.1805114746094,-8.435227394104,"Unknown"
"7014851",371865,2025-10-23 06:47:12,43.1302833557129,-8.47090435028076,"Unknown"
"7014851",371865,2025-10-23 07:16:52,43.1306533813477,-8.47151374816895,"Unknown"
"7014851",371865,2025-10-23 07:47:07,43.1302490234375,-8.47074413299561,"Unknown"
"7014851",371865,2025-10-23 08:17:04,43.1303787231445,-8.471022605896,"Unknown"
"7014851",371865,2025-10-23 08:47:14,43.1299362182617,-8.47035884857178,"Unknown"
"7014851",371865,2025-10-23 09:17:09,43.1298179626465,-8.47052097320557,"Unknown"
"7014851",371865,2025-10-23 09:47:23,43.1297149658203,-8.47074699401855,"Unknown"
"7014851",371865,2025-10-23 10:16:54,43.129768371582,-8.47101020812988,"Unknown"
"7014851",371865,2025-10-23 10:46:55,43.1297035217285,-8.4708423614502,"Unknown"
"7014851",371865,2025-10-23 11:16:54,43.130126953125,-8.47077083587646,"Unknown"
"7014851",371865,2025-10-23 11:46:52,43.1301727294922,-8.47098064422607,"Unknown"
"7014851",371865,2025-10-23 12:17:14,43.1298675537109,-8.47088527679443,"Unknown"
"7014851",371865,2025-10-23 12:47:23,43.129695892334,-8.47066116333008,"Unknown"
"7014851",371865,2025-10-23 13:16:50,43.1298446655273,-8.47095680236816,"Unknown"
"7014851",371865,2025-10-23 13:47:10,43.1296577453613,-8.47045612335205,"Unknown"
"7014851",371865,2025-10-23 14:16:49,43.1302871704102,-8.47107887268066,"Unknown"
"7014851",371865,2025-10-23 14:46:56,43.1300392150879,-8.47133636474609,"Unknown"
"7014851",371865,2025-10-23 15:16:50,43.1292457580566,-8.46920585632324,"Unknown"
"7014851",371865,2025-10-23 15:46:58,43.1298828125,-8.46955013275146,"Unknown"
"7014851",371865,2025-10-23 16:17:13,43.1299781799316,-8.46953010559082,"Unknown"
"7014851",371865,2025-10-23 16:47:03,43.1298065185547,-8.46934700012207,"Unknown"
"7014851",371865,2025-10-23 17:17:15,43.2035140991211,-8.42810821533203,"Unknown"
"7014851",371865,2025-10-23 17:47:15,43.3591270446777,-8.39804267883301,"Unknown"
"7014851",371865,2025-10-23 18:17:03,43.3591194152832,-8.39791870117188,"Unknown"
"7014851",371865,2025-10-23 18:47:29,43.3589782714844,-8.39811706542969,"Unknown"
"7014851",371865,2025-10-23 19:16:49,43.3589744567871,-8.39791011810303,"Unknown"
"7014851",371865,2025-10-23 19:47:00,43.3591537475586,-8.39819812774658,"Unknown"
"7014851",371865,2025-10-23 20:16:50,43.3590965270996,-8.39809226989746,"Unknown"
"7014851",371865,2025-10-23 20:46:53,43.3592529296875,-8.39846992492676,"Unknown"
"7014851",371865,2025-10-23 21:17:00,43.3590431213379,-8.39785861968994,"Unknown"
"7014851",371865,2025-10-23 21:47:04,43.3591232299805,-8.39800453186035,"Unknown"
"7014851",371865,2025-10-23 22:17:14,43.3591957092285,-8.39816379547119,"Unknown"
"7014851",371865,2025-10-23 22:47:23,43.359130859375,-8.39781951904297,"Unknown"
"7014851",371865,2025-10-23 23:16:48,43.3591156005859,-8.39775943756104,"Unknown"
"7014851",371865,2025-10-23 23:46:47,43.3590850830078,-8.39783668518066,"Unknown"
"7014851",371865,2025-10-24 00:16:48,43.3591079711914,-8.39781951904297,"Unknown"
"7014851",371865,2025-10-24 00:46:49,43.3618392944336,-8.40050506591797,"Unknown"
"7014851",371865,2025-10-24 01:17:14,43.3605422973633,-8.40275192260742,"Unknown"
"7014851",371865,2025-10-24 01:46:54,43.3605346679688,-8.40251064300537,"Unknown"
"7014851",371865,2025-10-24 02:17:23,43.3600730895996,-8.40259552001953,"Unknown"
"7014851",371865,2025-10-24 02:46:47,43.3600883483887,-8.40268421173096,"Unknown"
"7014851",371865,2025-10-24 03:16:47,43.3602905273438,-8.40293216705322,"Unknown"
"7014851",371865,2025-10-24 03:46:48,43.3601837158203,-8.40278339385986,"Unknown"
"7014851",371865,2025-10-24 04:16:48,43.3645553588867,-8.39982986450195,"Unknown"
"7014851",371865,2025-10-24 04:46:54,43.3643569946289,-8.39981651306152,"Unknown"
"7014851",371865,2025-10-24 05:17:14,43.3645553588867,-8.39980697631836,"Unknown"
"7014851",371865,2025-10-24 05:46:51,43.3644523620605,-8.39970207214355,"Unknown"
"7014851",371865,2025-10-24 06:16:56,43.3643913269043,-8.3995475769043,"Unknown"
"7014851",371865,2025-10-24 06:46:52,43.3612098693848,-8.40011215209961,"Unknown"
"7014851",371865,2025-10-24 07:16:49,43.2745590209961,-8.37327671051025,"Unknown"
"7014851",371865,2025-10-24 07:46:55,43.1553039550781,-8.45868492126465,"Unknown"
"7014851",371865,2025-10-24 08:17:44,43.1306991577148,-8.47132015228271,"Unknown"
"7014851",371865,2025-10-24 08:46:52,43.1300964355469,-8.47127628326416,"Unknown"
"7014851",371865,2025-10-24 09:16:47,43.1311149597168,-8.47004508972168,"Unknown"
"7014851",371865,2025-10-24 09:46:47,43.130744934082,-8.46912479400635,"Unknown"
"7014851",371865,2025-10-24 10:16:47,43.1297988891602,-8.47053241729736,"Unknown"
"7014851",371865,2025-10-24 10:46:47,43.1293334960938,-8.46979999542236,"Unknown"
"7014851",371865,2025-10-24 11:16:49,43.1298179626465,-8.47056007385254,"Unknown"
"7014851",371865,2025-10-24 11:46:47,43.1297149658203,-8.47061347961426,"Unknown"
"7014851",371865,2025-10-24 12:16:47,43.1297073364258,-8.47052001953125,"Unknown"
"7014851",371865,2025-10-24 12:46:49,43.1296653747559,-8.47028350830078,"Unknown"
"7014851",371865,2025-10-24 13:17:13,43.1296730041504,-8.47025394439697,"Unknown"
"7014851",371865,2025-10-24 13:46:50,43.1303825378418,-8.47091674804688,"Unknown"
"7014851",371865,2025-10-24 14:16:48,43.1300659179688,-8.47121906280518,"Unknown"
"7014851",371865,2025-10-24 14:46:54,43.1299781799316,-8.46909141540527,"Unknown"
"7014851",371865,2025-10-24 15:17:05,43.1300888061523,-8.46919918060303,"Unknown"
"7014851",371865,2025-10-24 15:46:54,43.1302261352539,-8.46909618377686,"Unknown"
"7014851",371865,2025-10-24 16:17:06,43.1924438476562,-8.42030620574951,"Unknown"
"7014851",371865,2025-10-24 16:46:54,43.3032646179199,-8.37192916870117,"Unknown"
"7014851",371865,2025-10-24 17:17:53,43.3601341247559,-8.40259075164795,"Unknown"
"7014851",371865,2025-10-24 17:46:49,43.3643264770508,-8.40104007720947,"Unknown"
"7014851",371865,2025-10-24 18:16:52,43.3644218444824,-8.40113353729248,"Unknown"
"7014851",371865,2025-10-24 18:46:52,43.3640060424805,-8.40113830566406,"Unknown"
"7014851",371865,2025-10-24 19:16:51,43.3647155761719,-8.40117073059082,"Unknown"
"7014851",371865,2025-10-24 19:46:51,43.3643455505371,-8.40106773376465,"Unknown"
"7014851",371865,2025-10-24 20:16:55,43.3644523620605,-8.39987277984619,"Unknown"
"7014851",371865,2025-10-24 20:46:51,43.3646049499512,-8.40015983581543,"Unknown"
"7014851",371865,2025-10-24 21:16:48,43.3592987060547,-8.39889430999756,"Unknown"
"7014851",371865,2025-10-24 21:47:23,43.359546661377,-8.39903354644775,"Unknown"
"7014851",371865,2025-10-24 22:16:48,43.3595085144043,-8.39929389953613,"Unknown"
"7014851",371865,2025-10-24 22:46:50,43.3588180541992,-8.39286994934082,"Unknown"
"7014851",371865,2025-10-24 23:16:48,43.3588714599609,-8.39284038543701,"Unknown"
"7014851",371865,2025-10-24 23:46:48,43.3588180541992,-8.39290237426758,"Unknown"
"7014851",371865,2025-10-25 00:17:14,43.3587303161621,-8.3927755355835,"Unknown"
"7014851",371865,2025-10-25 00:46:47,43.3586959838867,-8.3927698135376,"Unknown"
"7014851",371865,2025-10-25 01:16:48,43.3588600158691,-8.39279937744141,"Unknown"
"7014851",371865,2025-10-25 01:46:47,43.3585243225098,-8.39320850372314,"Unknown"
"7014851",371865,2025-10-25 02:16:53,43.3590126037598,-8.39297199249268,"Unknown"
"7014851",371865,2025-10-25 02:46:48,43.3591499328613,-8.39233016967773,"Unknown"
"7014851",371865,2025-10-25 03:16:54,43.3590850830078,-8.39270687103271,"Unknown"
"7014851",371865,2025-10-25 03:46:52,43.3591194152832,-8.39268970489502,"Unknown"
"7014851",371865,2025-10-25 04:16:49,43.3587760925293,-8.39227104187012,"Unknown"
"7014851",371865,2025-10-25 04:46:47,43.3587379455566,-8.39272403717041,"Unknown"
"7014851",371865,2025-10-25 05:16:51,43.358814239502,-8.39269638061523,"Unknown"
"7014851",371865,2025-10-25 05:46:49,43.3587493896484,-8.39344501495361,"Unknown"
"7014851",371865,2025-10-25 06:17:05,43.358772277832,-8.39264106750488,"Unknown"
"7014851",371865,2025-10-25 06:46:51,43.3603439331055,-8.40256118774414,"Unknown"
"7014851",371865,2025-10-25 07:16:55,43.3285827636719,-8.40732288360596,"Unknown"
"7014851",371865,2025-10-25 07:47:02,43.1303329467773,-8.46974277496338,"Unknown"
"7014851",371865,2025-10-25 08:16:49,43.1304359436035,-8.47115230560303,"Unknown"
"7014851",371865,2025-10-25 08:46:52,43.1304168701172,-8.47100257873535,"Unknown"
"7014851",371865,2025-10-25 09:16:49,43.1298294067383,-8.47164344787598,"Unknown"
"7014851",371865,2025-10-25 09:46:51,43.1302719116211,-8.47122764587402,"Unknown"
"7014851",371865,2025-10-25 10:16:52,43.13037109375,-8.4689826965332,"Unknown"
"7014851",371865,2025-10-25 10:46:54,43.1305809020996,-8.47175788879395,"Unknown"
"7014851",371865,2025-10-25 11:16:50,43.1305961608887,-8.47271156311035,"Unknown"
"7014851",371865,2025-10-25 11:47:03,43.1299705505371,-8.46864318847656,"Unknown"
"7014851",371865,2025-10-25 12:17:05,43.1324043273926,-8.46859645843506,"Unknown"
"7014851",371865,2025-10-25 12:26:46,43.1319732666016,-8.46837043762207,"Unknown"
"7014851",371865,2025-10-25 12:36:47,43.1320037841797,-8.46815204620361,"Unknown"
"7014851",371865,2025-10-25 12:46:49,43.1320343017578,-8.46793079376221,"Unknown"
"7014851",371865,2025-10-25 12:56:47,43.1321105957031,-8.46805000305176,"Unknown"
"7014851",371865,2025-10-25 13:07:15,43.1324424743652,-8.46854877471924,"Unknown"
"7014851",371865,2025-10-25 13:16:46,43.1330718994141,-8.4690113067627,"Unknown"
"7014851",371865,2025-10-25 13:26:49,43.1329078674316,-8.46883106231689,"Unknown"
"7014851",371865,2025-10-25 13:36:49,43.1327285766602,-8.46856307983398,"Unknown"
"7014851",371865,2025-10-25 13:46:46,43.132869720459,-8.46881103515625,"Unknown"
"7014851",371865,2025-10-25 13:56:47,43.1328620910645,-8.46891117095947,"Unknown"
"7014851",371865,2025-10-25 14:07:05,43.1325607299805,-8.46859264373779,"Unknown"
"7014851",371865,2025-10-25 14:16:54,43.1325416564941,-8.46861743927002,"Unknown"
"7014851",371865,2025-10-25 14:26:54,43.1325340270996,-8.46860980987549,"Unknown"
"7014851",371865,2025-10-25 14:36:54,43.1325225830078,-8.46861743927002,"Unknown"
"7014851",371865,2025-10-25 14:46:53,43.1325569152832,-8.46846389770508,"Unknown"
"7014851",371865,2025-10-25 14:56:51,43.1325874328613,-8.46862697601318,"Unknown"
"7014851",371865,2025-10-25 15:06:52,43.1325912475586,-8.46857357025146,"Unknown"
"7014851",371865,2025-10-25 15:17:05,43.1327705383301,-8.46846771240234,"Unknown"
"7014851",371865,2025-10-25 15:27:14,43.1326599121094,-8.46860694885254,"Unknown"
"7014851",371865,2025-10-25 15:36:44,43.1326065063477,-8.46870708465576,"Unknown"
"7014851",371865,2025-10-25 15:47:23,43.1326446533203,-8.46865940093994,"Unknown"
"7014851",371865,2025-10-25 15:56:44,43.1327705383301,-8.46860504150391,"Unknown"
"7014851",371865,2025-10-25 16:06:45,43.132640838623,-8.46866703033447,"Unknown"
"7014851",371865,2025-10-25 16:16:45,43.1338081359863,-8.46843338012695,"Unknown"
"7014851",371865,2025-10-25 16:26:45,43.1714935302734,-8.44750118255615,"Unknown"
"7014851",371865,2025-10-25 16:38:08,43.1946182250977,-8.42365264892578,"Unknown"
"7014851",371865,2025-10-25 16:46:46,43.1971092224121,-8.42641162872314,"Unknown"
"7014851",371865,2025-10-25 16:56:45,43.2306022644043,-8.46611976623535,"Unknown"
"7014851",371865,2025-10-25 17:06:45,43.2678680419922,-8.45745658874512,"Unknown"
"7014851",371865,2025-10-25 17:16:47,43.3108520507812,-8.45015430450439,"Unknown"
"7014851",371865,2025-10-25 17:26:47,43.3516387939453,-8.4091796875,"Unknown"
"7014851",371865,2025-10-25 17:36:49,43.3590240478516,-8.40015697479248,"Unknown"
"7014851",371865,2025-10-25 17:46:55,43.3590431213379,-8.40009021759033,"Unknown"
"7014851",371865,2025-10-25 17:56:53,43.3621864318848,-8.39684104919434,"Unknown"
"7014851",371865,2025-10-25 18:06:48,43.3621826171875,-8.39698505401611,"Unknown"
"7014851",371865,2025-10-25 18:16:51,43.361988067627,-8.39665031433105,"Unknown"
"7014851",371865,2025-10-25 18:27:04,43.362232208252,-8.39674472808838,"Unknown"
"7014851",371865,2025-10-25 18:36:45,43.3623580932617,-8.39682865142822,"Unknown"
"7014851",371865,2025-10-25 18:46:46,43.3624420166016,-8.39701461791992,"Unknown"
"7014851",371865,2025-10-25 18:56:47,43.3623924255371,-8.39693260192871,"Unknown"
"7014851",371865,2025-10-25 19:06:46,43.3597450256348,-8.3942346572876,"Unknown"
"7014851",371865,2025-10-25 19:16:47,43.3590812683105,-8.39351940155029,"Unknown"
"7014851",371865,2025-10-25 19:26:52,43.3590698242188,-8.39296054840088,"Unknown"
"7014851",371865,2025-10-25 19:36:46,43.3589744567871,-8.39330196380615,"Unknown"
"7014851",371865,2025-10-25 19:46:46,43.3589477539062,-8.39343070983887,"Unknown"
"7014851",371865,2025-10-25 19:56:46,43.3591384887695,-8.39356136322021,"Unknown"
"7014851",371865,2025-10-25 20:07:05,43.3589401245117,-8.3932933807373,"Unknown"
"7014851",371865,2025-10-25 20:16:45,43.3586311340332,-8.39310836791992,"Unknown"
"7014851",371865,2025-10-25 20:26:44,43.3586120605469,-8.39309787750244,"Unknown"
"7014851",371865,2025-10-25 20:36:45,43.3586196899414,-8.39311122894287,"Unknown"
"7014851",371865,2025-10-25 20:46:44,43.3586692810059,-8.39314651489258,"Unknown"
"7014851",371865,2025-10-25 20:56:46,43.3587188720703,-8.39311504364014,"Unknown"
"7014851",371865,2025-10-25 21:06:49,43.3584747314453,-8.39315223693848,"Unknown"
"7014851",371865,2025-10-25 21:16:46,43.3586921691895,-8.3930835723877,"Unknown"
"7014851",371865,2025-10-25 21:26:49,43.3583869934082,-8.39271354675293,"Unknown"
"7014851",371865,2025-10-25 21:36:48,43.3585929870605,-8.39281940460205,"Unknown"
"7014851",371865,2025-10-25 21:47:10,43.3585929870605,-8.39291191101074,"Unknown"
"7014851",371865,2025-10-25 21:56:51,43.358570098877,-8.39296531677246,"Unknown"
"7014851",371865,2025-10-25 22:06:48,43.358585357666,-8.3928918838501,"Unknown"
"7014851",371865,2025-10-25 22:16:54,43.3587684631348,-8.39321422576904,"Unknown"
"7014851",371865,2025-10-25 22:27:03,43.358570098877,-8.39298725128174,"Unknown"
"7014851",371865,2025-10-25 22:36:44,43.3585510253906,-8.39297771453857,"Unknown"
"7014851",371865,2025-10-25 22:46:44,43.3584403991699,-8.39289283752441,"Unknown"
"7014851",371865,2025-10-25 22:56:46,43.3584785461426,-8.39271545410156,"Unknown"
"7014851",371865,2025-10-25 23:06:44,43.3585319519043,-8.39289379119873,"Unknown"
"7014851",371865,2025-10-25 23:16:44,43.3585586547852,-8.39289951324463,"Unknown"
"7014851",371865,2025-10-25 23:26:44,43.3585548400879,-8.39305686950684,"Unknown"
"7014851",371865,2025-10-25 23:36:45,43.3584976196289,-8.39269256591797,"Unknown"
"7014851",371865,2025-10-25 23:46:45,43.3585357666016,-8.3929328918457,"Unknown"
"7014851",371865,2025-10-25 23:56:48,43.3585433959961,-8.39296627044678,"Unknown"
"7014851",371865,2025-10-26 00:06:45,43.3585166931152,-8.39340591430664,"Unknown"
"7014851",371865,2025-10-26 00:16:48,43.3584098815918,-8.39241027832031,"Unknown"
"7014851",371865,2025-10-26 00:26:48,43.3585548400879,-8.3930835723877,"Unknown"
"7014851",371865,2025-10-26 00:36:50,43.3586769104004,-8.39417839050293,"Unknown"
"7014851",371865,2025-10-26 00:46:49,43.3586502075195,-8.39338397979736,"Unknown"
"7014851",371865,2025-10-26 00:57:01,43.3584747314453,-8.39309024810791,"Unknown"
"7014851",371865,2025-10-26 01:06:48,43.3584899902344,-8.39309215545654,"Unknown"
"7014851",371865,2025-10-26 01:16:44,43.3584518432617,-8.39306163787842,"Unknown"
"7014851",371865,2025-10-26 01:26:44,43.3584861755371,-8.39308166503906,"Unknown"
"7014851",371865,2025-10-26 01:36:44,43.3585166931152,-8.3931884765625,"Unknown"
"7014851",371865,2025-10-26 01:46:46,43.3584518432617,-8.39291858673096,"Unknown"
"7014851",371865,2025-10-26 01:56:49,43.3585166931152,-8.39290618896484,"Unknown"
"7014851",371865,2025-10-26 02:06:47,43.3584747314453,-8.3930025100708,"Unknown"
"7014851",371865,2025-10-26 02:16:47,43.3584442138672,-8.39308452606201,"Unknown"
"7014851",371865,2025-10-26 02:26:49,43.3584823608398,-8.39298057556152,"Unknown"
"7014851",371865,2025-10-26 02:36:48,43.3585090637207,-8.39304161071777,"Unknown"
"7014851",371865,2025-10-26 02:46:49,43.3584747314453,-8.39290809631348,"Unknown"
"7014851",371865,2025-10-26 02:56:49,43.3587646484375,-8.39372062683105,"Unknown"
"7014851",371865,2025-10-26 03:07:05,43.3584823608398,-8.39312934875488,"Unknown"
"7014851",371865,2025-10-26 03:16:45,43.3584136962891,-8.39311027526855,"Unknown"
"7014851",371865,2025-10-26 03:26:46,43.3584403991699,-8.39347839355469,"Unknown"
"7014851",371865,2025-10-26 03:36:47,43.3585815429688,-8.39320182800293,"Unknown"
"7014851",371865,2025-10-26 03:46:47,43.3597412109375,-8.40005302429199,"Unknown"
"7014851",371865,2025-10-26 03:56:47,43.3595275878906,-8.40013599395752,"Unknown"
"7014851",371865,2025-10-26 04:06:47,43.3596305847168,-8.40018844604492,"Unknown"
"7014851",371865,2025-10-26 04:16:52,43.3595581054688,-8.40012454986572,"Unknown"
"7014851",371865,2025-10-26 04:27:01,43.3597373962402,-8.40019989013672,"Unknown"
"7014851",371865,2025-10-26 04:36:48,43.3597946166992,-8.40012454986572,"Unknown"
"7014851",371865,2025-10-26 04:46:47,43.3596343994141,-8.40002632141113,"Unknown"
"7014851",371865,2025-10-26 04:56:49,43.3597068786621,-8.40010547637939,"Unknown"
"7014851",371865,2025-10-26 05:06:57,43.3596687316895,-8.40018367767334,"Unknown"
"7014851",371865,2025-10-26 05:17:14,43.3595314025879,-8.40015316009521,"Unknown"
"7014851",371865,2025-10-26 05:26:47,43.3596534729004,-8.40024757385254,"Unknown"
"7014851",371865,2025-10-26 05:36:55,43.3596076965332,-8.40016841888428,"Unknown"
"7014851",371865,2025-10-26 05:47:14,43.3597106933594,-8.40020179748535,"Unknown"
"7014851",371865,2025-10-26 05:56:51,43.3608703613281,-8.40318775177002,"Unknown"
"7014851",371865,2025-10-26 06:06:49,43.359561920166,-8.4000244140625,"Unknown"
"7014851",371865,2025-10-26 06:16:54,43.3602485656738,-8.402907371521,"Unknown"
"7014851",371865,2025-10-26 06:26:58,43.3602981567383,-8.4028902053833,"Unknown"
"7014851",371865,2025-10-26 06:37:02,43.3609352111816,-8.40302276611328,"Unknown"
"7014851",371865,2025-10-26 06:46:55,43.3612327575684,-8.40331077575684,"Unknown"
"7014851",371865,2025-10-26 06:56:54,43.3611335754395,-8.40330028533936,"Unknown"
"7014851",371865,2025-10-26 07:07:35,43.3612442016602,-8.4033670425415,"Unknown"
"7014851",371865,2025-10-26 07:16:54,43.3432655334473,-8.40314102172852,"Unknown"
"7014851",371865,2025-10-26 07:26:55,43.2755012512207,-8.37269496917725,"Unknown"
"7014851",371865,2025-10-26 07:36:55,43.1891708374023,-8.42672252655029,"Unknown"
"7014851",371865,2025-10-26 07:47:05,43.1301155090332,-8.46994018554688,"Unknown"
"7014851",371865,2025-10-26 07:57:16,43.1301727294922,-8.46981048583984,"Unknown"
"7014851",371865,2025-10-26 08:06:45,43.129825592041,-8.470778465271,"Unknown"
"7014851",371865,2025-10-26 08:16:45,43.1302337646484,-8.47108459472656,"Unknown"
"7014851",371865,2025-10-26 08:26:45,43.1305770874023,-8.47100448608398,"Unknown"
"7014851",371865,2025-10-26 08:36:46,43.130558013916,-8.47100067138672,"Unknown"
"7014851",371865,2025-10-26 08:46:45,43.1305389404297,-8.471022605896,"Unknown"
"7014851",371865,2025-10-26 08:56:44,43.1304588317871,-8.46928596496582,"Unknown"
"7014851",371865,2025-10-26 09:06:53,43.1304206848145,-8.46923160552979,"Unknown"
"7014851",371865,2025-10-26 09:16:54,43.1302490234375,-8.46916007995605,"Unknown"
"7014851",371865,2025-10-26 09:27:05,43.1303749084473,-8.46930885314941,"Unknown"
"7014851",371865,2025-10-26 09:36:44,43.1326026916504,-8.46897411346436,"Unknown"
"7014851",371865,2025-10-26 09:46:44,43.1325759887695,-8.46892547607422,"Unknown"
"7014851",371865,2025-10-26 09:56:45,43.1324615478516,-8.46920967102051,"Unknown"
"7014851",371865,2025-10-26 10:06:46,43.1325492858887,-8.46884250640869,"Unknown"
"7014851",371865,2025-10-26 10:16:45,43.1327514648438,-8.46913623809814,"Unknown"
"7014851",371865,2025-10-26 10:26:46,43.1327590942383,-8.4691276550293,"Unknown"
"7014851",371865,2025-10-26 10:36:49,43.1299133300781,-8.46936321258545,"Unknown"
"7014851",371865,2025-10-26 10:46:48,43.1298828125,-8.4696626663208,"Unknown"
"7014851",371865,2025-10-26 10:56:51,43.1299057006836,-8.4692964553833,"Unknown"
"7014851",371865,2025-10-26 11:06:52,43.129810333252,-8.46942806243896,"Unknown"
"7014851",371865,2025-10-26 11:16:49,43.1318359375,-8.46804523468018,"Unknown"
"7014851",371865,2025-10-26 11:26:47,43.1318893432617,-8.46778869628906,"Unknown"
"7014851",371865,2025-10-26 11:37:03,43.1319999694824,-8.4680643081665,"Unknown"
"7014851",371865,2025-10-26 11:46:46,43.1320381164551,-8.46805953979492,"Unknown"
"7014851",371865,2025-10-26 11:56:45,43.1319541931152,-8.46819591522217,"Unknown"
"7014851",371865,2025-10-26 12:06:48,43.1320152282715,-8.46803665161133,"Unknown"
"7014851",371865,2025-10-26 12:16:47,43.1319580078125,-8.46806335449219,"Unknown"
"7014851",371865,2025-10-26 12:26:54,43.131721496582,-8.4679536819458,"Unknown"
"7014851",371865,2025-10-26 12:36:56,43.1318321228027,-8.46789646148682,"Unknown"
"7014851",371865,2025-10-26 12:47:05,43.1319427490234,-8.46798038482666,"Unknown"
"7014851",371865,2025-10-26 12:56:45,43.1319885253906,-8.46788883209229,"Unknown"
"7014851",371865,2025-10-26 13:06:45,43.1319160461426,-8.46790885925293,"Unknown"
"7014851",371865,2025-10-26 13:16:45,43.1319618225098,-8.46789264678955,"Unknown"
"7014851",371865,2025-10-26 13:26:45,43.1325149536133,-8.46799087524414,"Unknown"
"7014851",371865,2025-10-26 13:36:49,43.132511138916,-8.46786499023438,"Unknown"
"7014851",371865,2025-10-26 13:46:52,43.1325569152832,-8.46796894073486,"Unknown"
"7014851",371865,2025-10-26 13:56:51,43.1324577331543,-8.46793365478516,"Unknown"
"7014851",371865,2025-10-26 14:07:05,43.1298027038574,-8.47063827514648,"Unknown"
"7014851",371865,2025-10-26 14:16:43,43.1297569274902,-8.47072601318359,"Unknown"
"7014851",371865,2025-10-26 14:26:43,43.1297149658203,-8.47086906433105,"Unknown"
"7014851",371865,2025-10-26 14:36:58,43.1297569274902,-8.47071743011475,"Unknown"
"7014851",371865,2025-10-26 14:47:05,43.129753112793,-8.47071647644043,"Unknown"
"7014851",371865,2025-10-26 14:56:43,43.1298179626465,-8.47062683105469,"Unknown"
"7014851",371865,2025-10-26 15:06:43,43.1297340393066,-8.47058486938477,"Unknown"
"7014851",371865,2025-10-26 15:16:43,43.1297073364258,-8.47067928314209,"Unknown"
"7014851",371865,2025-10-26 15:26:44,43.1297378540039,-8.47067070007324,"Unknown"
"7014851",371865,2025-10-26 15:36:43,43.1297492980957,-8.47077465057373,"Unknown"
"7014851",371865,2025-10-26 15:46:44,43.1303749084473,-8.47138977050781,"Unknown"
"7014851",371865,2025-10-26 15:56:46,43.1303672790527,-8.47126007080078,"Unknown"
"7014851",371865,2025-10-26 16:08:07,43.1304740905762,-8.46946430206299,"Unknown"
"7014851",371865,2025-10-26 16:17:14,43.1305084228516,-8.46933555603027,"Unknown"
"7014851",371865,2025-10-26 16:27:01,43.1304740905762,-8.46983242034912,"Unknown"
"7014851",371865,2025-10-26 16:36:44,43.1303558349609,-8.4696569442749,"Unknown"
"7014851",371865,2025-10-26 16:46:56,43.1305236816406,-8.46974277496338,"Unknown"
"7014851",371865,2025-10-26 16:56:54,43.1361618041992,-8.46745300292969,"Unknown"
"7014851",371865,2025-10-26 17:07:00,43.1724281311035,-8.44127750396729,"Unknown"
"7014851",371865,2025-10-26 17:17:23,43.1935348510742,-8.42343425750732,"Unknown"
"7014851",371865,2025-10-26 17:26:45,43.1938133239746,-8.42349624633789,"Unknown"
"7014851",371865,2025-10-26 17:36:45,43.1931838989258,-8.42388725280762,"Unknown"
"7014851",371865,2025-10-26 17:46:44,43.194034576416,-8.42305660247803,"Unknown"
"7014851",371865,2025-10-26 17:56:43,43.1938896179199,-8.4223804473877,"Unknown"
"7014851",371865,2025-10-26 18:06:44,43.1942329406738,-8.42262935638428,"Unknown"
"7014851",371865,2025-10-26 18:16:44,43.189769744873,-8.42345523834229,"Unknown"
"7014851",371865,2025-10-26 18:26:45,43.1722183227539,-8.43978881835938,"Unknown"
"7014851",371865,2025-10-26 18:36:46,43.1716156005859,-8.43990421295166,"Unknown"
"7014851",371865,2025-10-26 18:46:45,43.193302154541,-8.42196178436279,"Unknown"
"7014851",371865,2025-10-26 18:56:54,43.1933555603027,-8.42174911499023,"Unknown"
"7014851",371865,2025-10-26 19:07:05,43.1930236816406,-8.42117023468018,"Unknown"
"7014851",371865,2025-10-26 19:16:46,43.1931800842285,-8.42060089111328,"Unknown"
"7014851",371865,2025-10-26 19:26:45,43.1924896240234,-8.42035007476807,"Unknown"
"7014851",371865,2025-10-26 19:36:55,43.1926193237305,-8.4196834564209,"Unknown"
"7014851",371865,2025-10-26 19:46:52,43.1928977966309,-8.42028903961182,"Unknown"
"7014851",371865,2025-10-26 19:56:48,43.1931114196777,-8.42036247253418,"Unknown"
"7014851",371865,2025-10-26 20:06:46,43.1932830810547,-8.42023181915283,"Unknown"
"7014851",371865,2025-10-26 20:16:46,43.1926956176758,-8.41990756988525,"Unknown"
"7014851",371865,2025-10-26 20:26:48,43.1922645568848,-8.41941738128662,"Unknown"
"7014851",371865,2025-10-26 20:36:48,43.1917572021484,-8.41870403289795,"Unknown"
"7014851",371865,2025-10-26 20:47:01,43.1911697387695,-8.41796588897705,"Unknown"
"7014851",371865,2025-10-26 20:56:45,43.1910972595215,-8.41828727722168,"Unknown"
"7014851",371865,2025-10-26 21:06:43,43.1909866333008,-8.41863441467285,"Unknown"
"7014851",371865,2025-10-26 21:16:45,43.1911163330078,-8.41831684112549,"Unknown"
"7014851",371865,2025-10-26 21:26:44,43.19140625,-8.41729736328125,"Unknown"
"7014851",371865,2025-10-26 21:36:53,43.191650390625,-8.41770267486572,"Unknown"
"7014851",371865,2025-10-26 21:46:54,43.1918487548828,-8.41801834106445,"Unknown"
"7014851",371865,2025-10-26 21:57:14,43.1916885375977,-8.41930961608887,"Unknown"
"7014851",371865,2025-10-26 22:07:05,43.1920471191406,-8.41894340515137,"Unknown"
"7014851",371865,2025-10-26 22:16:45,43.1935768127441,-8.42137241363525,"Unknown"
"7014851",371865,2025-10-26 22:26:46,43.1906242370605,-8.41587829589844,"Unknown"
"7014851",371865,2025-10-26 22:36:47,43.1899948120117,-8.4185848236084,"Unknown"
"7014851",371865,2025-10-26 22:46:49,43.1944274902344,-8.42142295837402,"Unknown"
"7014851",371865,2025-10-26 22:56:57,43.1945495605469,-8.42125129699707,"Unknown"
"7014851",371865,2025-10-26 23:06:54,43.1920890808105,-8.42019653320312,"Unknown"
"7014851",371865,2025-10-26 23:16:54,43.1920356750488,-8.42028331756592,"Unknown"
"7014851",371865,2025-10-26 23:26:57,43.1918640136719,-8.4199390411377,"Unknown"
"7014851",371865,2025-10-26 23:36:47,43.1913681030273,-8.41894626617432,"Unknown"
"7014851",371865,2025-10-26 23:46:44,43.1908340454102,-8.41820621490479,"Unknown"
"7014851",371865,2025-10-26 23:56:43,43.1905860900879,-8.41852188110352,"Unknown"
"7014851",371865,2025-10-27 00:07:05,43.1910781860352,-8.41930770874023,"Unknown"
"7014851",371865,2025-10-27 00:16:43,43.1910705566406,-8.41886234283447,"Unknown"
"7014851",371865,2025-10-27 00:26:42,43.1913185119629,-8.41835308074951,"Unknown"
"7014851",371865,2025-10-27 00:36:42,43.191780090332,-8.41871452331543,"Unknown"
"7014851",371865,2025-10-27 00:46:42,43.1917266845703,-8.4184684753418,"Unknown"
"7014851",371865,2025-10-27 00:56:44,43.1918640136719,-8.41781806945801,"Unknown"
"7014851",371865,2025-10-27 01:06:43,43.192211151123,-8.41767978668213,"Unknown"
"7014851",371865,2025-10-27 01:16:44,43.1923141479492,-8.41752910614014,"Unknown"
"7014851",371865,2025-10-27 01:26:45,43.1918563842773,-8.41740989685059,"Unknown"
"7014851",371865,2025-10-27 01:36:54,43.1916313171387,-8.41762447357178,"Unknown"
"7014851",371865,2025-10-27 01:46:56,43.1913566589355,-8.41796398162842,"Unknown"
"7014851",371865,2025-10-27 01:56:54,43.191234588623,-8.41835117340088,"Unknown"
"7014851",371865,2025-10-27 02:07:23,43.1910591125488,-8.41867065429688,"Unknown"
"7014851",371865,2025-10-27 02:16:42,43.1909408569336,-8.41914653778076,"Unknown"
"7014851",371865,2025-10-27 02:26:42,43.1908187866211,-8.41943740844727,"Unknown"
"7014851",371865,2025-10-27 02:36:43,43.1908226013184,-8.41914176940918,"Unknown"
"7014851",371865,2025-10-27 02:46:45,43.1907119750977,-8.41906929016113,"Unknown"
"7014851",371865,2025-10-27 02:56:44,43.190673828125,-8.41927146911621,"Unknown"
"7014851",371865,2025-10-27 03:06:43,43.1909446716309,-8.41950416564941,"Unknown"
"7014851",371865,2025-10-27 03:16:43,43.1912117004395,-8.41966438293457,"Unknown"
"7014851",371865,2025-10-27 03:26:44,43.191577911377,-8.4196195602417,"Unknown"
"7014851",371865,2025-10-27 03:36:43,43.1913375854492,-8.41956996917725,"Unknown"
"7014851",371865,2025-10-27 03:46:47,43.1912040710449,-8.41971778869629,"Unknown"
"7014851",371865,2025-10-27 03:56:56,43.1914176940918,-8.41985988616943,"Unknown"
"7014851",371865,2025-10-27 04:07:14,43.1913223266602,-8.41966342926025,"Unknown"
"7014851",371865,2025-10-27 04:16:45,43.1909713745117,-8.42082786560059,"Unknown"
"7014851",371865,2025-10-27 04:26:47,43.1913032531738,-8.4209098815918,"Unknown"
"7014851",371865,2025-10-27 04:36:45,43.1923904418945,-8.42063140869141,"Unknown"
"7014851",371865,2025-10-27 04:47:23,43.1924171447754,-8.42055511474609,"Unknown"
"7014851",371865,2025-10-27 04:56:42,43.1927452087402,-8.4203929901123,"Unknown"
"7014851",371865,2025-10-27 05:06:42,43.1930732727051,-8.42018699645996,"Unknown"
"7014851",371865,2025-10-27 05:16:42,43.1922416687012,-8.41937446594238,"Unknown"
"7014851",371865,2025-10-27 05:26:44,43.1915702819824,-8.42087459564209,"Unknown"
"7014851",371865,2025-10-27 05:36:43,43.1905403137207,-8.42233276367188,"Unknown"
"7014851",371865,2025-10-27 05:46:43,43.190845489502,-8.42282104492188,"Unknown"
"7014851",371865,2025-10-27 05:56:43,43.1913108825684,-8.4230318069458,"Unknown"
"7014851",371865,2025-10-27 06:06:45,43.1915054321289,-8.42247867584229,"Unknown"
"7014851",371865,2025-10-27 06:16:43,43.1914520263672,-8.42257785797119,"Unknown"
"7014851",371865,2025-10-27 06:26:43,43.1916923522949,-8.42303657531738,"Unknown"
"7014851",371865,2025-10-27 06:36:43,43.1916656494141,-8.42339420318604,"Unknown"
"7014851",371865,2025-10-27 06:46:46,43.191593170166,-8.42409896850586,"Unknown"
"7014851",371865,2025-10-27 06:56:43,43.1876525878906,-8.42721366882324,"Unknown"
"7014851",371865,2025-10-27 07:06:44,43.1721076965332,-8.44006156921387,"Unknown"
"7014851",371865,2025-10-27 07:16:45,43.1705284118652,-8.44656658172607,"Unknown"
"7014851",371865,2025-10-27 07:26:50,43.1304092407227,-8.47028160095215,"Unknown"
"7014851",371865,2025-10-27 07:36:49,43.1298789978027,-8.46951770782471,"Unknown"
"7014851",371865,2025-10-27 07:47:05,43.1299018859863,-8.47128391265869,"Unknown"
"7014851",371865,2025-10-27 07:56:47,43.129810333252,-8.47107887268066,"Unknown"
"7014851",371865,2025-10-27 08:06:44,43.1304054260254,-8.4716739654541,"Unknown"
"7014851",371865,2025-10-27 08:16:43,43.13037109375,-8.47141361236572,"Unknown"
"7014851",371865,2025-10-27 08:26:44,43.1304206848145,-8.47134876251221,"Unknown"
"7014851",371865,2025-10-27 08:36:45,43.1303825378418,-8.47127723693848,"Unknown"
"7014851",371865,2025-10-27 08:46:43,43.1304893493652,-8.47126770019531,"Unknown"
"7014851",371865,2025-10-27 08:56:45,43.1303672790527,-8.47122859954834,"Unknown"
"7014851",371865,2025-10-27 09:06:45,43.1305999755859,-8.46923923492432,"Unknown"
"7014851",371865,2025-10-27 09:16:47,43.1304550170898,-8.46922016143799,"Unknown"
"7014851",371865,2025-10-27 09:26:49,43.1303253173828,-8.46917629241943,"Unknown"
"7014851",371865,2025-10-27 09:36:52,43.1305847167969,-8.46934223175049,"Unknown"
"7014851",371865,2025-10-27 09:47:06,43.1303825378418,-8.46923351287842,"Unknown"
"7014851",371865,2025-10-27 09:56:45,43.1301002502441,-8.46922779083252,"Unknown"
"7014851",371865,2025-10-27 10:06:47,43.1301040649414,-8.46919250488281,"Unknown"
"7014851",371865,2025-10-27 10:16:46,43.1297302246094,-8.46859836578369,"Unknown"
"7014851",371865,2025-10-27 10:26:54,43.1311073303223,-8.46906661987305,"Unknown"
"7014851",371865,2025-10-27 10:36:54,43.1321601867676,-8.46850776672363,"Unknown"
"7014851",371865,2025-10-27 10:46:52,43.1321716308594,-8.46851539611816,"Unknown"
"7014851",371865,2025-10-27 10:56:47,43.1325798034668,-8.46938037872314,"Unknown"
"7014851",371865,2025-10-27 11:06:47,43.1326560974121,-8.46963787078857,"Unknown"
"7014851",371865,2025-10-27 11:16:52,43.1321792602539,-8.46833515167236,"Unknown"
"7014851",371865,2025-10-27 11:27:05,43.1322135925293,-8.46839809417725,"Unknown"
"7014851",371865,2025-10-27 11:36:42,43.1320762634277,-8.46850872039795,"Unknown"
"7014851",371865,2025-10-27 11:46:41,43.1320648193359,-8.46854782104492,"Unknown"
"7014851",371865,2025-10-27 11:56:42,43.1320762634277,-8.4684886932373,"Unknown"
"7014851",371865,2025-10-27 12:06:42,43.1321182250977,-8.46851062774658,"Unknown"
"7014851",371865,2025-10-27 12:16:42,43.1321067810059,-8.46847057342529,"Unknown"
"7014851",371865,2025-10-27 12:26:44,43.1320953369141,-8.4685115814209,"Unknown"
"7014851",371865,2025-10-27 12:36:43,43.1299591064453,-8.46968364715576,"Unknown"
"7014851",371865,2025-10-27 12:46:46,43.1298675537109,-8.46981334686279,"Unknown"
"7014851",371865,2025-10-27 12:57:14,43.1299858093262,-8.46969223022461,"Unknown"
"7014851",371865,2025-10-27 13:06:42,43.1299781799316,-8.46971321105957,"Unknown"
"7014851",371865,2025-10-27 13:16:42,43.1300315856934,-8.46971607208252,"Unknown"
"7014851",371865,2025-10-27 13:27:05,43.1299896240234,-8.46961784362793,"Unknown"
"7014851",371865,2025-10-27 13:36:41,43.1299781799316,-8.46959686279297,"Unknown"
"7014851",371865,2025-10-27 13:46:41,43.1298980712891,-8.46967697143555,"Unknown"
"7014851",371865,2025-10-27 13:56:41,43.1299896240234,-8.46962356567383,"Unknown"
"7014851",371865,2025-10-27 14:06:41,43.1299591064453,-8.46961307525635,"Unknown"
"7014851",371865,2025-10-27 14:16:41,43.1299591064453,-8.46963977813721,"Unknown"
"7014851",371865,2025-10-27 14:26:41,43.1300163269043,-8.46958160400391,"Unknown"
"7014851",371865,2025-10-27 14:36:41,43.1299934387207,-8.46958541870117,"Unknown"
"7014851",371865,2025-10-27 14:46:42,43.1300163269043,-8.46957111358643,"Unknown"
"7014851",371865,2025-10-27 14:56:42,43.1299476623535,-8.46959400177002,"Unknown"
"7014851",371865,2025-10-27 15:07:00,43.1298789978027,-8.46959114074707,"Unknown"
"7014851",371865,2025-10-27 15:17:05,43.1299362182617,-8.46959686279297,"Unknown"
"7014851",371865,2025-10-27 15:26:42,43.1299362182617,-8.46963691711426,"Unknown"
"7014851",371865,2025-10-27 15:36:41,43.130054473877,-8.46959209442139,"Unknown"
"7014851",371865,2025-10-27 15:46:42,43.1299629211426,-8.46969795227051,"Unknown"
"7014851",371865,2025-10-27 15:56:54,43.1299781799316,-8.46965408325195,"Unknown"
"7014851",371865,2025-10-27 16:06:46,43.1300201416016,-8.46970748901367,"Unknown"
"7014851",371865,2025-10-27 16:17:14,43.1299209594727,-8.4696159362793,"Unknown"
"7014851",371865,2025-10-27 16:26:44,43.1301040649414,-8.46974468231201,"Unknown"
"7014851",371865,2025-10-27 16:36:53,43.1298599243164,-8.46990299224854,"Unknown"
"7014851",371865,2025-10-27 16:47:15,43.1298141479492,-8.46998500823975,"Unknown"
"7014851",371865,2025-10-27 16:57:23,43.1297950744629,-8.4698486328125,"Unknown"
"7014851",371865,2025-10-27 17:06:41,43.1298065185547,-8.46985054016113,"Unknown"
"7014851",371865,2025-10-27 17:16:41,43.1297340393066,-8.470627784729,"Unknown"
"7014851",371865,2025-10-27 17:26:45,43.1296043395996,-8.47079181671143,"Unknown"
"7014851",371865,2025-10-27 17:36:41,43.1694259643555,-8.44642448425293,"Unknown"
"7014851",371865,2025-10-27 18:06:42,43.1945190429688,-8.42523002624512,"Unknown"
"7014851",371865,2025-10-27 18:37:14,43.1721153259277,-8.43900680541992,"Unknown"
"7014851",371865,2025-10-27 19:06:44,43.1722259521484,-8.43920040130615,"Unknown"
"7014851",371865,2025-10-27 19:37:14,43.1720314025879,-8.43898105621338,"Unknown"
"7014851",371865,2025-10-27 20:06:48,43.1720199584961,-8.43896770477295,"Unknown"
"7014851",371865,2025-10-27 20:37:15,43.1719512939453,-8.43877983093262,"Unknown"
"7014851",371865,2025-10-27 21:06:55,43.1720809936523,-8.43874073028564,"Unknown"
"7014851",371865,2025-10-27 21:37:34,43.1722221374512,-8.43883609771729,"Unknown"
"7014851",371865,2025-10-27 22:06:43,43.1723098754883,-8.43886280059814,"Unknown"
"7014851",371865,2025-10-27 22:36:47,43.1729049682617,-8.43996238708496,"Unknown"
"7014851",371865,2025-10-27 23:06:45,43.1724815368652,-8.43999290466309,"Unknown"
"7014851",371865,2025-10-27 23:36:43,43.1957092285156,-8.42476177215576,"Unknown"
"7014851",371865,2025-10-28 00:06:48,43.1960334777832,-8.42714214324951,"Unknown"
"7014851",371865,2025-10-28 00:37:05,43.195613861084,-8.42592430114746,"Unknown"
"7014851",371865,2025-10-28 01:06:45,43.1939353942871,-8.42266750335693,"Unknown"
"7014851",371865,2025-10-28 01:36:42,43.1950569152832,-8.42386150360107,"Unknown"
"7014851",371865,2025-10-28 02:07:14,43.1966171264648,-8.42466068267822,"Unknown"
"7014851",371865,2025-10-28 02:36:41,43.1970138549805,-8.42475986480713,"Unknown"
"7014851",371865,2025-10-28 03:07:05,43.197021484375,-8.42508506774902,"Unknown"
"7014851",371865,2025-10-28 03:36:42,43.196346282959,-8.42402172088623,"Unknown"
"7014851",371865,2025-10-28 04:07:05,43.1925811767578,-8.42059135437012,"Unknown"
"7014851",371865,2025-10-28 04:36:48,43.1931304931641,-8.42229652404785,"Unknown"
"7014851",371865,2025-10-28 05:07:14,43.1919212341309,-8.42069435119629,"Unknown"
"7014851",371865,2025-10-28 05:36:41,43.1923408508301,-8.4211483001709,"Unknown"
"7014851",371865,2025-10-28 06:06:48,43.1910552978516,-8.42189121246338,"Unknown"
"7014851",371865,2025-10-28 06:37:05,43.1926879882812,-8.42196273803711,"Unknown"
"7014851",371865,2025-10-28 07:06:40,43.1672096252441,-8.44870758056641,"Unknown"
"7014851",371865,2025-10-28 07:36:54,43.130687713623,-8.47140026092529,"Unknown"
"7014851",371865,2025-10-28 08:07:05,43.1307792663574,-8.47109317779541,"Unknown"
"7014851",371865,2025-10-28 08:36:42,43.1307525634766,-8.47112464904785,"Unknown"
"7014851",371865,2025-10-28 09:06:42,43.1306610107422,-8.47101497650146,"Unknown"
"7014851",371865,2025-10-28 09:36:52,43.1304512023926,-8.46933841705322,"Unknown"
"7014851",371865,2025-10-28 10:07:05,43.1299781799316,-8.46986198425293,"Unknown"
"7014851",371865,2025-10-28 10:36:46,43.1298179626465,-8.46970462799072,"Unknown"
"7014851",371865,2025-10-28 11:06:41,43.129997253418,-8.46973514556885,"Unknown"
"7014851",371865,2025-10-28 11:36:41,43.1299324035645,-8.46963691711426,"Unknown"
"7014851",371865,2025-10-28 12:06:49,43.1300048828125,-8.46971797943115,"Unknown"
"7014851",371865,2025-10-28 12:36:50,43.1300163269043,-8.47070980072021,"Unknown"
"7014851",371865,2025-10-28 13:07:05,43.1294975280762,-8.46953964233398,"Unknown"
"7014851",371865,2025-10-28 13:36:49,43.1295623779297,-8.47039318084717,"Unknown"
"7014851",371865,2025-10-28 14:06:54,43.1307487487793,-8.47104167938232,"Unknown"
"7014851",371865,2025-10-28 14:37:06,43.1303253173828,-8.4710578918457,"Unknown"
"7014851",371865,2025-10-28 15:06:40,43.1297798156738,-8.46983051300049,"Unknown"
"7014851",371865,2025-10-28 15:36:42,43.129638671875,-8.46968078613281,"Unknown"
"7014851",371865,2025-10-28 16:06:42,43.1300163269043,-8.46991920471191,"Unknown"
"7014851",371865,2025-10-28 16:37:05,43.3404579162598,-8.45334911346436,"Unknown"
"7014851",371865,2025-10-28 17:07:05,43.3503379821777,-8.42138004302979,"Unknown"
"7014851",371865,2025-10-28 17:36:42,43.3615379333496,-8.3965311050415,"Unknown"
"7014851",371865,2025-10-28 18:06:41,43.361499786377,-8.39647960662842,"Unknown"
"7014851",371865,2025-10-28 18:36:42,43.361686706543,-8.39629936218262,"Unknown"
"7014851",371865,2025-10-28 19:06:41,43.3616256713867,-8.39651966094971,"Unknown"
"7014851",371865,2025-10-28 19:37:03,43.361572265625,-8.39652252197266,"Unknown"
"7014851",371865,2025-10-28 20:06:39,43.3590660095215,-8.39884090423584,"Unknown"
"7014851",371865,2025-10-28 20:36:39,43.3591041564941,-8.39880847930908,"Unknown"
"7014851",371865,2025-10-28 21:06:41,43.3590965270996,-8.39879512786865,"Unknown"
"7014851",371865,2025-10-28 21:37:05,43.3591957092285,-8.39882469177246,"Unknown"
"7014851",371865,2025-10-28 22:06:41,43.3592300415039,-8.39870262145996,"Unknown"
"7014851",371865,2025-10-28 22:36:45,43.3591384887695,-8.39878177642822,"Unknown"
"7014851",371865,2025-10-28 23:06:43,43.3608360290527,-8.38924217224121,"Unknown"
"7014851",371865,2025-10-28 23:36:41,43.3609771728516,-8.38950729370117,"Unknown"
"7014851",371865,2025-10-29 00:07:05,43.3630714416504,-8.39541244506836,"Unknown"
"7014851",371865,2025-10-29 00:36:39,43.363094329834,-8.39538478851318,"Unknown"
"7014851",371865,2025-10-29 01:06:39,43.3633728027344,-8.39540195465088,"Unknown"
"7014851",371865,2025-10-29 01:37:05,43.3596992492676,-8.39919757843018,"Unknown"
"7014851",371865,2025-10-29 02:06:39,43.3596420288086,-8.39946937561035,"Unknown"
"7014851",371865,2025-10-29 02:36:44,43.3574867248535,-8.39859199523926,"Unknown"
"7014851",371865,2025-10-29 03:06:48,43.3593864440918,-8.39866161346436,"Unknown"
"7014851",371865,2025-10-29 03:37:05,43.359806060791,-8.39907932281494,"Unknown"
"7014851",371865,2025-10-29 04:06:40,43.3597679138184,-8.39913368225098,"Unknown"
"7014851",371865,2025-10-29 04:36:59,43.361946105957,-8.40378475189209,"Unknown"
"7014851",371865,2025-10-29 05:07:05,43.3607521057129,-8.40293502807617,"Unknown"
"7014851",371865,2025-10-29 05:36:38,43.3607292175293,-8.40289783477783,"Unknown"
"7014851",371865,2025-10-29 06:06:48,43.3605918884277,-8.40293979644775,"Unknown"
"7014851",371865,2025-10-29 06:37:05,43.3606224060059,-8.40296459197998,"Unknown"
"7014851",371865,2025-10-29 07:06:39,43.2972755432129,-8.37256240844727,"Unknown"
"7014851",371865,2025-10-29 07:36:40,43.2058372497559,-8.3795690536499,"Unknown"
"7014851",371865,2025-10-29 08:06:42,43.1653671264648,-8.45733451843262,"Unknown"
"7014851",371865,2025-10-29 08:37:35,43.1298065185547,-8.47045516967773,"Unknown"
"7014851",371865,2025-10-29 09:06:39,43.1303100585938,-8.47119522094727,"Unknown"
"7014851",371865,2025-10-29 09:36:41,43.129581451416,-8.4698657989502,"Unknown"
"7014851",371865,2025-10-29 10:06:42,43.1298675537109,-8.47022533416748,"Unknown"
"7014851",371865,2025-10-29 10:37:05,43.1297416687012,-8.46979331970215,"Unknown"
"7014851",371865,2025-10-29 11:06:41,43.1303977966309,-8.471116065979,"Unknown"
"7014851",371865,2025-10-29 11:37:05,43.1300888061523,-8.46923351287842,"Unknown"
"7014851",371865,2025-10-29 12:06:38,43.132396697998,-8.46817874908447,"Unknown"
"7014851",371865,2025-10-29 12:36:38,43.1322174072266,-8.46801853179932,"Unknown"
"7014851",371865,2025-10-29 13:06:39,43.1322708129883,-8.46810340881348,"Unknown"
"7014851",371865,2025-10-29 13:36:40,43.13232421875,-8.4682092666626,"Unknown"
"7014851",371865,2025-10-29 14:07:05,43.132381439209,-8.46815013885498,"Unknown"
"7014851",371865,2025-10-29 14:36:38,43.1324424743652,-8.46855640411377,"Unknown"
"7014851",371865,2025-10-29 15:06:38,43.1327934265137,-8.46896266937256,"Unknown"
"7014851",371865,2025-10-29 15:36:38,43.1305084228516,-8.47109031677246,"Unknown"
"7014851",371865,2025-10-29 16:08:02,43.1323738098145,-8.46895217895508,"Unknown"
"7014851",371865,2025-10-29 16:36:41,43.1325149536133,-8.46857070922852,"Unknown"
"7014851",371865,2025-10-29 17:07:18,43.1960105895996,-8.42247486114502,"Unknown"
"7014851",371865,2025-10-29 17:36:43,43.3478546142578,-8.39509963989258,"Unknown"
"7014851",371865,2025-10-29 18:07:14,43.3616638183594,-8.39091205596924,"Unknown"
"7014851",371865,2025-10-29 18:36:40,43.3615226745605,-8.3909158706665,"Unknown"
"7014851",371865,2025-10-29 19:07:05,43.3588409423828,-8.39319610595703,"Unknown"
"7014851",371865,2025-10-29 19:36:48,43.3588180541992,-8.39311218261719,"Unknown"
"7014851",371865,2025-10-29 20:06:42,43.3588104248047,-8.39308643341064,"Unknown"
"7014851",371865,2025-10-29 20:36:49,43.3588333129883,-8.39304637908936,"Unknown"
"7014851",371865,2025-10-29 21:07:05,43.358829498291,-8.39303779602051,"Unknown"
"7014851",371865,2025-10-29 21:36:37,43.3590240478516,-8.39311599731445,"Unknown"
"7014851",371865,2025-10-29 22:06:39,43.3589706420898,-8.39320278167725,"Unknown"
"7014851",371865,2025-10-29 22:36:40,43.3589935302734,-8.39328861236572,"Unknown"
"7014851",371865,2025-10-29 23:06:40,43.3592185974121,-8.39411735534668,"Unknown"
"7014851",371865,2025-10-29 23:36:52,43.3589210510254,-8.39291381835938,"Unknown"
"7014851",371865,2025-10-30 00:07:05,43.3588409423828,-8.3930139541626,"Unknown"
"7014851",371865,2025-10-30 00:36:55,43.3588447570801,-8.39306449890137,"Unknown"
"7014851",371865,2025-10-30 01:07:05,43.3589859008789,-8.39297199249268,"Unknown"
"7014851",371865,2025-10-30 01:36:41,43.3589782714844,-8.39303874969482,"Unknown"
"7014851",371865,2025-10-30 02:06:48,43.3589744567871,-8.39298439025879,"Unknown"
"7014851",371865,2025-10-30 02:36:40,43.358772277832,-8.39293766021729,"Unknown"
"7014851",371865,2025-10-30 03:07:05,43.3588638305664,-8.39291954040527,"Unknown"
"7014851",371865,2025-10-30 03:36:37,43.3587760925293,-8.39292049407959,"Unknown"
"7014851",371865,2025-10-30 04:07:05,43.3588714599609,-8.39296245574951,"Unknown"
"7014851",371865,2025-10-30 04:36:37,43.3588829040527,-8.3929615020752,"Unknown"
"7014851",371865,2025-10-30 05:06:41,43.3589210510254,-8.39287090301514,"Unknown"
"7014851",371865,2025-10-30 05:36:39,43.3588371276855,-8.39299488067627,"Unknown"
"7014851",371865,2025-10-30 06:07:22,43.360481262207,-8.40283584594727,"Unknown"
"7014851",371865,2025-10-30 06:36:39,43.3606147766113,-8.40289783477783,"Unknown"
"7014851",371865,2025-10-30 07:06:41,43.3388748168945,-8.40087699890137,"Unknown"
"7014851",371865,2025-10-30 07:37:23,43.2453575134277,-8.37426948547363,"Unknown"
"7014851",371865,2025-10-30 08:07:23,43.1924629211426,-8.42352485656738,"Unknown"
"7014851",371865,2025-10-30 08:36:43,43.1694450378418,-8.46259784698486,"Unknown"
"7014851",371865,2025-10-30 09:06:49,43.1303062438965,-8.47117900848389,"Unknown"
"7014851",371865,2025-10-30 09:36:49,43.1307029724121,-8.47116661071777,"Unknown"
"7014851",371865,2025-10-30 10:07:14,43.130313873291,-8.4716100692749,"Unknown"
"7014851",371865,2025-10-30 10:36:54,43.0987586975098,-8.49526977539062,"Unknown"
"7014851",371865,2025-10-30 11:07:14,43.1298599243164,-8.47017765045166,"Unknown"
"7014851",371865,2025-10-30 11:36:37,43.1299438476562,-8.4702262878418,"Unknown"
"7014851",371865,2025-10-30 12:07:05,43.1298065185547,-8.47019958496094,"Unknown"
"7014851",371865,2025-10-30 12:36:37,43.1298179626465,-8.47027778625488,"Unknown"
"7014851",371865,2025-10-30 13:06:37,43.1296768188477,-8.47005271911621,"Unknown"
"7014851",371865,2025-10-30 13:36:37,43.1297988891602,-8.47039031982422,"Unknown"
"7014851",371865,2025-10-30 14:06:37,43.1298332214355,-8.4702672958374,"Unknown"
"7014851",371865,2025-10-30 14:37:05,43.1296997070312,-8.47013854980469,"Unknown"
"7014851",371865,2025-10-30 15:06:37,43.129695892334,-8.47011852264404,"Unknown"
"7014851",371865,2025-10-30 15:36:38,43.1297988891602,-8.47014999389648,"Unknown"
"7014851",371865,2025-10-30 16:06:42,43.130012512207,-8.47068119049072,"Unknown"
"7014851",371865,2025-10-30 16:37:06,43.1299438476562,-8.47047424316406,"Unknown"
"7014851",371865,2025-10-30 17:07:14,43.130931854248,-8.47124290466309,"Unknown"
"7014851",371865,2025-10-30 17:36:48,43.1516494750977,-8.46923923492432,"Unknown"
"7014851",371865,2025-10-30 18:07:05,43.1952171325684,-8.42577362060547,"Unknown"
"7014851",371865,2025-10-30 18:36:39,43.1948471069336,-8.4243049621582,"Unknown"
"7014851",371865,2025-10-30 19:06:48,43.1948356628418,-8.42419815063477,"Unknown"
"7014851",371865,2025-10-30 19:36:48,43.1956558227539,-8.42440509796143,"Unknown"
"7014851",371865,2025-10-30 20:07:05,43.1956596374512,-8.4241943359375,"Unknown"
"7014851",371865,2025-10-30 20:36:40,43.1953201293945,-8.42461490631104,"Unknown"
"7014851",371865,2025-10-30 21:06:39,43.1950950622559,-8.42365455627441,"Unknown"
"7014851",371865,2025-10-30 21:36:43,43.1955909729004,-8.42327690124512,"Unknown"
"7014851",371865,2025-10-30 22:07:04,43.1957511901855,-8.42344284057617,"Unknown"
"7014851",371865,2025-10-30 22:36:36,43.1940231323242,-8.42412090301514,"Unknown"
"7014851",371865,2025-10-30 23:06:39,43.1954307556152,-8.42632579803467,"Unknown"
"7014851",371865,2025-10-30 23:37:05,43.1949691772461,-8.42551231384277,"Unknown"
"7014851",371865,2025-10-31 00:06:37,43.196117401123,-8.42522716522217,"Unknown"
"7014851",371865,2025-10-31 00:36:38,43.1963653564453,-8.4244270324707,"Unknown"
"7014851",371865,2025-10-31 01:06:36,43.1953811645508,-8.42309856414795,"Unknown"
"7014851",371865,2025-10-31 01:36:36,43.1939392089844,-8.42462635040283,"Unknown"
"7014851",371865,2025-10-31 02:06:37,43.1935043334961,-8.42295837402344,"Unknown"
"7014851",371865,2025-10-31 02:36:41,43.1958236694336,-8.42578411102295,"Unknown"
"7014851",371865,2025-10-31 03:06:48,43.1961822509766,-8.42477703094482,"Unknown"
"7014851",371865,2025-10-31 03:36:49,43.195915222168,-8.42444610595703,"Unknown"
"7014851",371865,2025-10-31 04:06:48,43.1959953308105,-8.4245777130127,"Unknown"
"7014851",371865,2025-10-31 04:36:40,43.195140838623,-8.42497730255127,"Unknown"
"7014851",371865,2025-10-31 05:07:05,43.1957168579102,-8.42553043365479,"Unknown"
"7014851",371865,2025-10-31 05:36:54,43.1954307556152,-8.42545890808105,"Unknown"
"7014851",371865,2025-10-31 06:06:37,43.1955337524414,-8.42416095733643,"Unknown"
"7014851",371865,2025-10-31 06:36:38,43.1955757141113,-8.42459678649902,"Unknown"
"7014851",371865,2025-10-31 07:06:37,43.1826438903809,-8.43866634368896,"Unknown"
"7014851",371865,2025-10-31 07:36:38,43.1299705505371,-8.47065544128418,"Unknown"
"7014851",371865,2025-10-31 08:06:37,43.1294250488281,-8.47058963775635,"Unknown"
"7014851",371865,2025-10-31 08:36:39,43.1292762756348,-8.47073364257812,"Unknown"
"7014851",371865,2025-10-31 09:06:43,43.129695892334,-8.47073173522949,"Unknown"
"7014851",371865,2025-10-31 09:36:38,43.1298332214355,-8.46986961364746,"Unknown"
"7014851",371865,2025-10-31 10:06:37,43.1299209594727,-8.47021961212158,"Unknown"
"7014851",371865,2025-10-31 10:36:36,43.1298027038574,-8.47030544281006,"Unknown"
"7014851",371865,2025-10-31 11:06:37,43.1297187805176,-8.4704065322876,"Unknown"
"7014851",371865,2025-10-31 11:36:37,43.129810333252,-8.47020244598389,"Unknown"
"7014851",371865,2025-10-31 12:06:37,43.1297302246094,-8.47125816345215,"Unknown"
"7014851",371865,2025-10-31 12:36:39,43.1294441223145,-8.4709939956665,"Unknown"
"7014851",371865,2025-10-31 12:46:38,43.1296234130859,-8.47112846374512,"Unknown"
"7014851",371865,2025-10-31 12:56:40,43.1294860839844,-8.4708948135376,"Unknown"
"7014851",371865,2025-10-31 13:06:37,43.1298141479492,-8.47139549255371,"Unknown"
"7014851",371865,2025-10-31 13:16:39,43.1296844482422,-8.47101593017578,"Unknown"
"7014851",371865,2025-10-31 13:26:37,43.1299591064453,-8.47059440612793,"Unknown"
"7014851",371865,2025-10-31 13:36:37,43.129825592041,-8.46924877166748,"Unknown"
"7014851",371865,2025-10-31 13:46:37,43.1297645568848,-8.46930313110352,"Unknown"
"7014851",371865,2025-10-31 13:56:37,43.1298217773438,-8.4692964553833,"Unknown"
"7014851",371865,2025-10-31 14:06:37,43.129566192627,-8.46952056884766,"Unknown"
"7014851",371865,2025-10-31 14:16:39,43.1296691894531,-8.46980476379395,"Unknown"
"7014851",371865,2025-10-31 14:26:37,43.1296539306641,-8.46994304656982,"Unknown"
"7014851",371865,2025-10-31 14:36:41,43.1292991638184,-8.46992015838623,"Unknown"
"7014851",371865,2025-10-31 14:46:36,43.1294937133789,-8.46993923187256,"Unknown"
"7014851",371865,2025-10-31 14:56:35,43.1294822692871,-8.47001457214355,"Unknown"
"7014851",371865,2025-10-31 15:06:44,43.1301612854004,-8.4713773727417,"Unknown"
"7014851",371865,2025-10-31 15:16:37,43.1310653686523,-8.47096347808838,"Unknown"
"7014851",371865,2025-10-31 15:26:36,43.1305885314941,-8.4714469909668,"Unknown"
"7014851",371865,2025-10-31 15:36:36,43.1304779052734,-8.47183418273926,"Unknown"
"7014851",371865,2025-10-31 15:46:37,43.130615234375,-8.47182655334473,"Unknown"
"7014851",371865,2025-10-31 15:56:36,43.1296653747559,-8.4708309173584,"Unknown"
"7014851",371865,2025-10-31 16:06:36,43.1293601989746,-8.47079944610596,"Unknown"
"7014851",371865,2025-10-31 16:16:38,43.130744934082,-8.47087669372559,"Unknown"
"7014851",371865,2025-10-31 16:26:42,43.1307640075684,-8.47113418579102,"Unknown"
"7014851",371865,2025-10-31 16:36:39,43.1299438476562,-8.47004508972168,"Unknown"
"7014851",371865,2025-10-31 16:47:10,43.1297645568848,-8.46998310089111,"Unknown"
"7014851",371865,2025-10-31 16:56:36,43.1297454833984,-8.46997165679932,"Unknown"
"7014851",371865,2025-10-31 17:06:35,43.1298522949219,-8.46993827819824,"Unknown"
"7014851",371865,2025-10-31 17:16:36,43.129753112793,-8.46995830535889,"Unknown"
"7014851",371865,2025-10-31 17:26:35,43.1738052368164,-8.44649696350098,"Unknown"
"7014851",371865,2025-10-31 17:36:36,43.1940841674805,-8.42339420318604,"Unknown"
"7014851",371865,2025-10-31 17:46:39,43.1942176818848,-8.42324256896973,"Unknown"
"7014851",371865,2025-10-31 17:56:37,43.1945915222168,-8.42297840118408,"Unknown"
"7014851",371865,2025-10-31 18:06:37,43.194164276123,-8.42277812957764,"Unknown"
"7014851",371865,2025-10-31 18:16:42,43.1939468383789,-8.42270946502686,"Unknown"
"7014851",371865,2025-10-31 18:26:42,43.1939430236816,-8.42248916625977,"Unknown"
"7014851",371865,2025-10-31 18:36:40,43.1938896179199,-8.42197132110596,"Unknown"
"7014851",371865,2025-10-31 18:46:42,43.1936683654785,-8.42179107666016,"Unknown"
"7014851",371865,2025-10-31 18:56:47,43.1936569213867,-8.42183113098145,"Unknown"
"7014851",371865,2025-10-31 19:06:42,43.1932144165039,-8.42195224761963,"Unknown"
"7014851",371865,2025-10-31 19:16:44,43.1932106018066,-8.42180061340332,"Unknown"
"7014851",371865,2025-10-31 19:26:40,43.1932029724121,-8.4213924407959,"Unknown"
"7014851",371865,2025-10-31 19:36:39,43.1930999755859,-8.42180442810059,"Unknown"
"7014851",371865,2025-10-31 19:46:39,43.1933403015137,-8.4216251373291,"Unknown"
"7014851",371865,2025-10-31 19:56:36,43.1935729980469,-8.4214563369751,"Unknown"
"7014851",371865,2025-10-31 20:06:39,43.1940803527832,-8.4216480255127,"Unknown"
"7014851",371865,2025-10-31 20:16:41,43.1939468383789,-8.42197608947754,"Unknown"
"7014851",371865,2025-10-31 20:26:37,43.1939964294434,-8.42215633392334,"Unknown"
"7014851",371865,2025-10-31 20:37:14,43.1939277648926,-8.42236423492432,"Unknown"
"7014851",371865,2025-10-31 20:46:37,43.1941833496094,-8.42222023010254,"Unknown"
"7014851",371865,2025-10-31 20:56:38,43.193920135498,-8.42240715026855,"Unknown"
"7014851",371865,2025-10-31 21:06:39,43.1937866210938,-8.4222936630249,"Unknown"
"7014851",371865,2025-10-31 21:16:37,43.1937446594238,-8.42225360870361,"Unknown"
"7014851",371865,2025-10-31 21:26:37,43.1936264038086,-8.42215538024902,"Unknown"
"7014851",371865,2025-10-31 21:36:41,43.1937408447266,-8.42244625091553,"Unknown"
"7014851",371865,2025-10-31 21:46:37,43.19384765625,-8.42235374450684,"Unknown"
"7014851",371865,2025-10-31 21:56:39,43.1938247680664,-8.4222240447998,"Unknown"
"7014851",371865,2025-10-31 22:06:36,43.1940841674805,-8.42273330688477,"Unknown"
"7014851",371865,2025-10-31 22:16:42,43.1944732666016,-8.42274761199951,"Unknown"
"7014851",371865,2025-10-31 22:26:36,43.1950607299805,-8.42502975463867,"Unknown"
"7014851",371865,2025-10-31 22:37:05,43.1959648132324,-8.42488765716553,"Unknown"
"7014851",371865,2025-10-31 22:46:41,43.1958160400391,-8.42513656616211,"Unknown"
"7014851",371865,2025-10-31 22:56:35,43.1960792541504,-8.42613124847412,"Unknown"
"7014851",371865,2025-10-31 23:06:35,43.1914367675781,-8.42019748687744,"Unknown"
"7014851",371865,2025-10-31 23:16:35,43.1907272338867,-8.41889190673828,"Unknown"
"7014851",371865,2025-10-31 23:26:35,43.1906890869141,-8.41836166381836,"Unknown"
"7014851",371865,2025-10-31 23:36:35,43.190860748291,-8.41807460784912,"Unknown"
"7014851",371865,2025-10-31 23:46:35,43.190544128418,-8.41755199432373,"Unknown"
"7014851",371865,2025-10-31 23:56:35,43.1942596435547,-8.42270660400391,"Unknown"
"7014851",371865,2025-11-01 00:06:35,43.1946296691895,-8.42266368865967,"Unknown"
"7014851",371865,2025-11-01 00:16:37,43.1948356628418,-8.42270183563232,"Unknown"
"7014851",371865,2025-11-01 00:26:39,43.1942596435547,-8.42223930358887,"Unknown"
"7014851",371865,2025-11-01 00:36:36,43.1945533752441,-8.42242622375488,"Unknown"
"7014851",371865,2025-11-01 00:46:35,43.1954078674316,-8.42302322387695,"Unknown"
"7014851",371865,2025-11-01 00:56:35,43.1958656311035,-8.42418003082275,"Unknown"
"7014851",371865,2025-11-01 01:06:49,43.195858001709,-8.42464065551758,"Unknown"
"7014851",371865,2025-11-01 01:16:54,43.1958923339844,-8.42440700531006,"Unknown"
"7014851",371865,2025-11-01 01:27:02,43.1959609985352,-8.42464542388916,"Unknown"
"7014851",371865,2025-11-01 01:36:35,43.1955947875977,-8.42457008361816,"Unknown"
"7014851",371865,2025-11-01 01:46:36,43.1957244873047,-8.42473030090332,"Unknown"
"7014851",371865,2025-11-01 01:56:35,43.1955451965332,-8.42491722106934,"Unknown"
"7014851",371865,2025-11-01 02:06:35,43.19580078125,-8.42529106140137,"Unknown"
"7014851",371865,2025-11-01 02:16:35,43.196102142334,-8.42332649230957,"Unknown"
"7014851",371865,2025-11-01 02:26:38,43.1963958740234,-8.42405033111572,"Unknown"
"7014851",371865,2025-11-01 02:36:43,43.1964912414551,-8.42396259307861,"Unknown"
"7014851",371865,2025-11-01 02:46:35,43.196704864502,-8.4243049621582,"Unknown"
"7014851",371865,2025-11-01 02:56:36,43.1967391967773,-8.42415714263916,"Unknown"
"7014851",371865,2025-11-01 03:06:39,43.1966285705566,-8.42420482635498,"Unknown"
"7014851",371865,2025-11-01 03:16:37,43.1963729858398,-8.42426490783691,"Unknown"
"7014851",371865,2025-11-01 03:26:36,43.1966247558594,-8.42397975921631,"Unknown"
"7014851",371865,2025-11-01 03:36:37,43.1964874267578,-8.42374324798584,"Unknown"
"7014851",371865,2025-11-01 03:46:36,43.1962394714355,-8.42368316650391,"Unknown"
"7014851",371865,2025-11-01 03:56:39,43.1966667175293,-8.42336082458496,"Unknown"
"7014851",371865,2025-11-01 04:06:39,43.1967163085938,-8.42333316802979,"Unknown"
"7014851",371865,2025-11-01 04:16:39,43.1966133117676,-8.42490673065186,"Unknown"
"7014851",371865,2025-11-01 04:26:44,43.1968460083008,-8.4243860244751,"Unknown"
"7014851",371865,2025-11-01 04:36:40,43.196533203125,-8.42415714263916,"Unknown"
"7014851",371865,2025-11-01 04:46:39,43.1963882446289,-8.42432880401611,"Unknown"
"7014851",371865,2025-11-01 04:56:37,43.1961860656738,-8.42433834075928,"Unknown"
"7014851",371865,2025-11-01 05:06:35,43.1961097717285,-8.42416667938232,"Unknown"
"7014851",371865,2025-11-01 05:16:39,43.1955795288086,-8.42341232299805,"Unknown"
"7014851",371865,2025-11-01 05:26:38,43.1952705383301,-8.42301750183105,"Unknown"
"7014851",371865,2025-11-01 05:36:37,43.1953010559082,-8.42295360565186,"Unknown"
"7014851",371865,2025-11-01 05:46:36,43.1954193115234,-8.42350196838379,"Unknown"
"7014851",371865,2025-11-01 05:56:39,43.195198059082,-8.42298889160156,"Unknown"
"7014851",371865,2025-11-01 06:06:45,43.1952323913574,-8.42377948760986,"Unknown"
"7014851",371865,2025-11-01 06:16:36,43.1966247558594,-8.42510986328125,"Unknown"
"7014851",371865,2025-11-01 06:26:40,43.1972122192383,-8.42652130126953,"Unknown"
"7014851",371865,2025-11-01 06:36:39,43.1956558227539,-8.42637252807617,"Unknown"
"7014851",371865,2025-11-01 06:46:37,43.1943359375,-8.42216777801514,"Unknown"
"7014851",371865,2025-11-01 06:56:36,43.1930999755859,-8.42381000518799,"Unknown"
"7014851",371865,2025-11-01 07:06:37,43.168872833252,-8.44762802124023,"Unknown"
"7014851",371865,2025-11-01 07:16:43,43.1298980712891,-8.47111797332764,"Unknown"
"7014851",371865,2025-11-01 07:26:42,43.1299362182617,-8.47042465209961,"Unknown"
"7014851",371865,2025-11-01 07:36:44,43.1298217773438,-8.47054862976074,"Unknown"
"7014851",371865,2025-11-01 07:46:44,43.129638671875,-8.47075462341309,"Unknown"
"7014851",371865,2025-11-01 07:56:48,43.1295471191406,-8.47069454193115,"Unknown"
"7014851",371865,2025-11-01 08:07:07,43.1297340393066,-8.47074031829834,"Unknown"
"7014851",371865,2025-11-01 08:16:34,43.1298637390137,-8.47049236297607,"Unknown"
"7014851",371865,2025-11-01 08:26:35,43.1297225952148,-8.47052192687988,"Unknown"
"7014851",371865,2025-11-01 08:36:36,43.1305122375488,-8.47086524963379,"Unknown"
"7014851",371865,2025-11-01 08:46:36,43.1303901672363,-8.47066593170166,"Unknown"
"7014851",371865,2025-11-01 08:56:37,43.1306076049805,-8.47129440307617,"Unknown"
"7014851",371865,2025-11-01 09:06:40,43.1299781799316,-8.47068881988525,"Unknown"
"7014851",371865,2025-11-01 09:16:42,43.1298408508301,-8.47057628631592,"Unknown"
"7014851",371865,2025-11-01 09:26:45,43.1305809020996,-8.47036361694336,"Unknown"
"7014851",371865,2025-11-01 09:36:42,43.1299171447754,-8.47032356262207,"Unknown"
"7014851",371865,2025-11-01 09:46:42,43.1299324035645,-8.47033309936523,"Unknown"
"7014851",371865,2025-11-01 09:56:39,43.1299743652344,-8.47039699554443,"Unknown"
"7014851",371865,2025-11-01 10:06:43,43.1301918029785,-8.46919250488281,"Unknown"
"7014851",371865,2025-11-01 10:16:41,43.1301116943359,-8.46932506561279,"Unknown"
"7014851",371865,2025-11-01 10:26:39,43.1300926208496,-8.46955585479736,"Unknown"
"7014851",371865,2025-11-01 10:36:38,43.130126953125,-8.46974849700928,"Unknown"
"7014851",371865,2025-11-01 10:46:40,43.1304702758789,-8.469801902771,"Unknown"
"7014851",371865,2025-11-01 10:56:38,43.130256652832,-8.46981811523438,"Unknown"
"7014851",371865,2025-11-01 11:06:42,43.1302452087402,-8.46996784210205,"Unknown"
"7014851",371865,2025-11-01 11:16:41,43.1302871704102,-8.4698657989502,"Unknown"
"7014851",371865,2025-11-01 11:26:37,43.1297874450684,-8.46978092193604,"Unknown"
"7014851",371865,2025-11-01 11:36:39,43.1298217773438,-8.46985721588135,"Unknown"
"7014851",371865,2025-11-01 11:46:35,43.1297149658203,-8.46983623504639,"Unknown"
"7014851",371865,2025-11-01 11:56:36,43.1297264099121,-8.46979808807373,"Unknown"
"7014851",371865,2025-11-01 12:06:39,43.1297950744629,-8.46995544433594,"Unknown"
"7014851",371865,2025-11-01 12:16:40,43.1296997070312,-8.47019672393799,"Unknown"
"7014851",371865,2025-11-01 12:26:42,43.1297760009766,-8.46973609924316,"Unknown"
"7014851",371865,2025-11-01 12:36:40,43.1298446655273,-8.4697093963623,"Unknown"
"7014851",371865,2025-11-01 12:46:36,43.1296310424805,-8.46976661682129,"Unknown"
"7014851",371865,2025-11-01 12:56:35,43.1297454833984,-8.46961879730225,"Unknown"
"7014851",371865,2025-11-01 13:06:35,43.1296348571777,-8.46961498260498,"Unknown"
"7014851",371865,2025-11-01 13:16:39,43.1298980712891,-8.46952629089355,"Unknown"
"7014851",371865,2025-11-01 13:26:42,43.129825592041,-8.46989727020264,"Unknown"
"7014851",371865,2025-11-01 13:36:41,43.1297454833984,-8.46989345550537,"Unknown"
"7014851",371865,2025-11-01 13:46:40,43.1297264099121,-8.46988487243652,"Unknown"
"7014851",371865,2025-11-01 13:56:40,43.1296768188477,-8.46987247467041,"Unknown"
"7014851",371865,2025-11-01 14:06:42,43.1292114257812,-8.47027683258057,"Unknown"
"7014851",371865,2025-11-01 14:16:43,43.1296043395996,-8.47032070159912,"Unknown"
"7014851",371865,2025-11-01 14:26:35,43.1292877197266,-8.47015285491943,"Unknown"
"7014851",371865,2025-11-01 14:36:34,43.1294326782227,-8.47017002105713,"Unknown"
"7014851",371865,2025-11-01 14:46:35,43.129467010498,-8.47025966644287,"Unknown"
"7014851",371865,2025-11-01 14:56:35,43.1294555664062,-8.47021865844727,"Unknown"
"7014851",371865,2025-11-01 15:06:36,43.1294097900391,-8.47015953063965,"Unknown"
"7014851",371865,2025-11-01 15:16:40,43.12939453125,-8.47025966644287,"Unknown"
"7014851",371865,2025-11-01 15:26:34,43.1293487548828,-8.47039413452148,"Unknown"
"7014851",371865,2025-11-01 15:36:37,43.1293907165527,-8.47046756744385,"Unknown"
"7014851",371865,2025-11-01 15:46:38,43.1292343139648,-8.47056770324707,"Unknown"
"7014851",371865,2025-11-01 15:56:40,43.1291656494141,-8.47066116333008,"Unknown"
"7014851",371865,2025-11-01 16:06:43,43.1288871765137,-8.46968364715576,"Unknown"
"7014851",371865,2025-11-01 16:16:40,43.1296920776367,-8.47001361846924,"Unknown"
"7014851",371865,2025-11-01 16:26:43,43.129810333252,-8.46996212005615,"Unknown"
"7014851",371865,2025-11-01 16:36:39,43.1299018859863,-8.47003269195557,"Unknown"
"7014851",371865,2025-11-01 16:46:35,43.1308097839355,-8.4700927734375,"Unknown"
"7014851",371865,2025-11-01 16:56:36,43.1314964294434,-8.47130870819092,"Unknown"
"7014851",371865,2025-11-01 17:06:37,43.1311683654785,-8.47118759155273,"Unknown"
"7014851",371865,2025-11-01 17:16:36,43.1333541870117,-8.47052383422852,"Unknown"
"7014851",371865,2025-11-01 17:26:41,43.1949157714844,-8.42232799530029,"Unknown"
"7014851",371865,2025-11-01 17:36:40,43.1939239501953,-8.42203903198242,"Unknown"
"7014851",371865,2025-11-01 17:46:43,43.2256927490234,-8.44917583465576,"Unknown"
"7014851",371865,2025-11-01 17:56:37,43.3102340698242,-8.42127418518066,"Unknown"
"7014851",371865,2025-11-01 18:06:40,43.3588523864746,-8.3928337097168,"Unknown"
"7014851",371865,2025-11-01 18:16:42,43.3588066101074,-8.39278793334961,"Unknown"
"7014851",371865,2025-11-01 18:26:44,43.3588714599609,-8.39285469055176,"Unknown"
"7014851",371865,2025-11-01 18:36:43,43.358959197998,-8.39296531677246,"Unknown"
"7014851",371865,2025-11-01 18:46:42,43.3590126037598,-8.39300918579102,"Unknown"
"7014851",371865,2025-11-01 18:56:36,43.3589973449707,-8.39293956756592,"Unknown"
"7014851",371865,2025-11-01 19:06:43,43.3588981628418,-8.39307498931885,"Unknown"
"7014851",371865,2025-11-01 19:16:42,43.3592338562012,-8.39303302764893,"Unknown"
"7014851",371865,2025-11-01 19:26:42,43.3586273193359,-8.39335441589355,"Unknown"
"7014851",371865,2025-11-01 19:36:40,43.358943939209,-8.39306831359863,"Unknown"
"7014851",371865,2025-11-01 19:46:36,43.3593597412109,-8.3931770324707,"Unknown"
"7014851",371865,2025-11-01 19:56:39,43.3589210510254,-8.39304637908936,"Unknown"
"7014851",371865,2025-11-01 20:06:42,43.3598709106445,-8.40030670166016,"Unknown"
"7014851",371865,2025-11-01 20:16:37,43.3598022460938,-8.40027332305908,"Unknown"
"7014851",371865,2025-11-01 20:26:41,43.3598098754883,-8.40023231506348,"Unknown"
"7014851",371865,2025-11-01 20:36:35,43.3598365783691,-8.40027236938477,"Unknown"
"7014851",371865,2025-11-01 20:46:35,43.3594703674316,-8.40040969848633,"Unknown"
"7014851",371865,2025-11-01 20:56:37,43.3596801757812,-8.40033531188965,"Unknown"
"7014851",371865,2025-11-01 21:06:35,43.3597679138184,-8.40029621124268,"Unknown"
"7014851",371865,2025-11-01 21:16:40,43.3597106933594,-8.40034294128418,"Unknown"
"7014851",371865,2025-11-01 21:26:36,43.360164642334,-8.39998149871826,"Unknown"
"7014851",371865,2025-11-01 21:36:34,43.3592758178711,-8.40051746368408,"Unknown"
"7014851",371865,2025-11-01 21:46:36,43.359733581543,-8.40061569213867,"Unknown"
"7014851",371865,2025-11-01 21:56:36,43.3597145080566,-8.40050601959229,"Unknown"
"7014851",371865,2025-11-01 22:06:35,43.3597412109375,-8.40049648284912,"Unknown"
"7014851",371865,2025-11-01 22:16:34,43.3598136901855,-8.40055084228516,"Unknown"
"7014851",371865,2025-11-01 22:26:34,43.3598709106445,-8.40046119689941,"Unknown"
"7014851",371865,2025-11-01 22:36:34,43.3598327636719,-8.40058517456055,"Unknown"
"7014851",371865,2025-11-01 22:46:35,43.3600273132324,-8.40071582794189,"Unknown"
"7014851",371865,2025-11-01 22:56:35,43.3600654602051,-8.4006872177124,"Unknown"
"7014851",371865,2025-11-01 23:06:34,43.3600273132324,-8.4006519317627,"Unknown"
"7014851",371865,2025-11-01 23:16:34,43.3600730895996,-8.40074157714844,"Unknown"
"7014851",371865,2025-11-01 23:26:34,43.3600158691406,-8.40073776245117,"Unknown"
"7014851",371865,2025-11-01 23:36:34,43.3600921630859,-8.40089321136475,"Unknown"
"7014851",371865,2025-11-01 23:46:34,43.3599510192871,-8.40087699890137,"Unknown"
"7014851",371865,2025-11-01 23:56:36,43.3599815368652,-8.40079498291016,"Unknown"
"7014851",371865,2025-11-02 00:06:36,43.3599891662598,-8.40048313140869,"Unknown"
"7014851",371865,2025-11-02 00:16:34,43.3601379394531,-8.40054225921631,"Unknown"
"7014851",371865,2025-11-02 00:26:36,43.3600769042969,-8.40058326721191,"Unknown"
"7014851",371865,2025-11-02 00:36:35,43.3597030639648,-8.40024280548096,"Unknown"
"7014851",371865,2025-11-02 00:46:35,43.3596153259277,-8.40037727355957,"Unknown"
"7014851",371865,2025-11-02 00:56:34,43.3595886230469,-8.40049934387207,"Unknown"
"7014851",371865,2025-11-02 01:06:34,43.3596611022949,-8.40045166015625,"Unknown"
"7014851",371865,2025-11-02 01:16:36,43.3597030639648,-8.40037536621094,"Unknown"
"7014851",371865,2025-11-02 01:26:34,43.3597450256348,-8.40040969848633,"Unknown"
"7014851",371865,2025-11-02 01:36:39,43.3597602844238,-8.40051174163818,"Unknown"
"7014851",371865,2025-11-02 01:46:34,43.3597450256348,-8.40038871765137,"Unknown"
"7014851",371865,2025-11-02 01:57:05,43.359691619873,-8.40055370330811,"Unknown"
"7014851",371865,2025-11-02 02:06:32,43.3596496582031,-8.4006233215332,"Unknown"
"7014851",371865,2025-11-02 02:16:32,43.3596725463867,-8.40042400360107,"Unknown"
"7014851",371865,2025-11-02 02:26:33,43.359733581543,-8.40090274810791,"Unknown"
"7014851",371865,2025-11-02 02:36:36,43.3596649169922,-8.40053176879883,"Unknown"
"7014851",371865,2025-11-02 02:46:33,43.359733581543,-8.40084266662598,"Unknown"
"7014851",371865,2025-11-02 02:56:35,43.3596496582031,-8.40042114257812,"Unknown"
"7014851",371865,2025-11-02 03:06:36,43.3596649169922,-8.40053653717041,"Unknown"
"7014851",371865,2025-11-02 03:16:35,43.3594779968262,-8.40085220336914,"Unknown"
"7014851",371865,2025-11-02 03:26:39,43.3596687316895,-8.40057849884033,"Unknown"
"7014851",371865,2025-11-02 03:36:36,43.3605766296387,-8.403076171875,"Unknown"
"7014851",371865,2025-11-02 03:46:36,43.3604545593262,-8.40307140350342,"Unknown"
"7014851",371865,2025-11-02 03:57:05,43.3604736328125,-8.40298175811768,"Unknown"
"7014851",371865,2025-11-02 04:06:32,43.3605117797852,-8.40294742584229,"Unknown"
"7014851",371865,2025-11-02 04:16:33,43.3605842590332,-8.40287780761719,"Unknown"
"7014851",371865,2025-11-02 04:26:32,43.3605537414551,-8.40295505523682,"Unknown"
"7014851",371865,2025-11-02 04:36:32,43.3605804443359,-8.40296077728271,"Unknown"
"7014851",371865,2025-11-02 04:46:33,43.3605880737305,-8.40290546417236,"Unknown"
"7014851",371865,2025-11-02 04:56:32,43.3605842590332,-8.40295791625977,"Unknown"
"7014851",371865,2025-11-02 05:06:33,43.360523223877,-8.40300464630127,"Unknown"
"7014851",371865,2025-11-02 05:16:33,43.3605804443359,-8.40290069580078,"Unknown"
"7014851",371865,2025-11-02 05:26:34,43.3595962524414,-8.40016078948975,"Unknown"
"7014851",371865,2025-11-02 05:36:33,43.3598861694336,-8.39947986602783,"Unknown"
"7014851",371865,2025-11-02 05:46:33,43.359790802002,-8.39958572387695,"Unknown"
"7014851",371865,2025-11-02 05:56:34,43.3598213195801,-8.39948463439941,"Unknown"
"7014851",371865,2025-11-02 06:06:44,43.3596305847168,-8.39946937561035,"Unknown"
"7014851",371865,2025-11-02 06:16:34,43.3597030639648,-8.39949321746826,"Unknown"
"7014851",371865,2025-11-02 06:26:33,43.3597259521484,-8.39959144592285,"Unknown"
"7014851",371865,2025-11-02 06:36:44,43.3607711791992,-8.40282344818115,"Unknown"
"7014851",371865,2025-11-02 06:46:33,43.3607749938965,-8.40292644500732,"Unknown"
"7014851",371865,2025-11-02 06:56:41,43.3600883483887,-8.40268325805664,"Unknown"
"7014851",371865,2025-11-02 07:26:34,43.3531227111816,-8.44639492034912,"Unknown"
"7014851",371865,2025-11-02 07:56:39,43.3338317871094,-8.50955104827881,"Unknown"
"7014851",371865,2025-11-02 08:26:44,43.3340682983398,-8.50830936431885,"Unknown"
"7014851",371865,2025-11-02 08:57:05,43.2170639038086,-8.45243072509766,"Unknown"
"7014851",371865,2025-11-02 09:26:37,43.1298370361328,-8.47003555297852,"Unknown"
"7014851",371865,2025-11-02 09:56:44,43.1299667358398,-8.46976947784424,"Unknown"
"7014851",371865,2025-11-02 10:26:36,43.1291046142578,-8.46919918060303,"Unknown"
"7014851",371865,2025-11-02 10:57:05,43.1294631958008,-8.46963882446289,"Unknown"
"7014851",371865,2025-11-02 11:26:32,43.1294212341309,-8.4696569442749,"Unknown"
"7014851",371865,2025-11-02 11:56:32,43.129955291748,-8.46966934204102,"Unknown"
"7014851",371865,2025-11-02 12:26:33,43.1299476623535,-8.46996021270752,"Unknown"
"7014851",371865,2025-11-02 12:56:32,43.129753112793,-8.46984481811523,"Unknown"
"7014851",371865,2025-11-02 13:26:33,43.130069732666,-8.46958637237549,"Unknown"
"7014851",371865,2025-11-02 13:56:33,43.1299514770508,-8.4690637588501,"Unknown"
"7014851",371865,2025-11-02 14:26:40,43.1297264099121,-8.47052764892578,"Unknown"
"7014851",371865,2025-11-02 14:36:34,43.1297187805176,-8.4704532623291,"Unknown"
"7014851",371865,2025-11-02 14:46:39,43.1296768188477,-8.47041988372803,"Unknown"
"7014851",371865,2025-11-02 14:56:40,43.1292839050293,-8.47074222564697,"Unknown"
"7014851",371865,2025-11-02 15:06:39,43.129322052002,-8.47045135498047,"Unknown"
"7014851",371865,2025-11-02 15:16:39,43.1292152404785,-8.47027683258057,"Unknown"
"7014851",371865,2025-11-02 15:26:40,43.1292343139648,-8.47051811218262,"Unknown"
"7014851",371865,2025-11-02 15:36:39,43.1293563842773,-8.47071266174316,"Unknown"
"7014851",371865,2025-11-02 15:47:01,43.1294174194336,-8.47063446044922,"Unknown"
"7014851",371865,2025-11-02 15:56:33,43.1296844482422,-8.47063636779785,"Unknown"
"7014851",371865,2025-11-02 16:06:34,43.1296997070312,-8.47063636779785,"Unknown"
"7014851",371865,2025-11-02 16:16:32,43.1295356750488,-8.47048950195312,"Unknown"
"7014851",371865,2025-11-02 16:26:33,43.129467010498,-8.47042274475098,"Unknown"
"7014851",371865,2025-11-02 16:36:33,43.1295356750488,-8.47025108337402,"Unknown"
"7014851",371865,2025-11-02 16:46:32,43.1681213378906,-8.45421409606934,"Unknown"
"7014851",371865,2025-11-02 16:56:34,43.2185935974121,-8.43698310852051,"Unknown"
"7014851",371865,2025-11-02 17:06:33,43.3104515075684,-8.395339012146,"Unknown"
"7014851",371865,2025-11-02 17:16:35,43.3675498962402,-8.40055465698242,"Unknown"
"7014851",371865,2025-11-02 17:26:33,43.3674926757812,-8.40032005310059,"Unknown"
"7014851",371865,2025-11-02 17:36:34,43.3674507141113,-8.4005298614502,"Unknown"
"7014851",371865,2025-11-02 17:46:44,43.3784790039062,-8.37535667419434,"Unknown"
"7014851",371865,2025-11-02 17:56:32,43.3785362243652,-8.37542629241943,"Unknown"
"7014851",371865,2025-11-02 18:06:33,43.3784027099609,-8.37571334838867,"Unknown"
"7014851",371865,2025-11-02 18:16:33,43.3783493041992,-8.37574863433838,"Unknown"
"7014851",371865,2025-11-02 18:26:33,43.3781394958496,-8.37577438354492,"Unknown"
"7014851",371865,2025-11-02 18:37:02,43.3783493041992,-8.3764476776123,"Unknown"
"7014851",371865,2025-11-02 18:46:32,43.3787384033203,-8.3772087097168,"Unknown"
"7014851",371865,2025-11-02 18:56:33,43.3786315917969,-8.37745571136475,"Unknown"
"7014851",371865,2025-11-02 19:06:37,43.3787231445312,-8.37674808502197,"Unknown"
"7014851",371865,2025-11-02 19:16:34,43.378833770752,-8.37662029266357,"Unknown"
"7014851",371865,2025-11-02 19:26:36,43.3790245056152,-8.3765983581543,"Unknown"
"7014851",371865,2025-11-02 19:36:34,43.3790817260742,-8.37661457061768,"Unknown"
"7014851",371865,2025-11-02 19:46:38,43.3789939880371,-8.37639427185059,"Unknown"
"7014851",371865,2025-11-02 19:56:34,43.3791809082031,-8.37636661529541,"Unknown"
"7014851",371865,2025-11-02 20:06:42,43.378719329834,-8.37644863128662,"Unknown"
"7014851",371865,2025-11-02 20:16:44,43.3786926269531,-8.37626552581787,"Unknown"
"7014851",371865,2025-11-02 20:26:38,43.3787536621094,-8.37642669677734,"Unknown"
"7014851",371865,2025-11-02 20:36:39,43.3787689208984,-8.37655162811279,"Unknown"
"7014851",371865,2025-11-02 20:46:37,43.3786125183105,-8.37747001647949,"Unknown"
"7014851",371865,2025-11-02 20:56:39,43.3788719177246,-8.37753582000732,"Unknown"
"7014851",371865,2025-11-02 21:06:41,43.3791351318359,-8.37839984893799,"Unknown"
"7014851",371865,2025-11-02 21:16:37,43.378849029541,-8.37942886352539,"Unknown"
"7014851",371865,2025-11-02 21:26:36,43.3598785400391,-8.40001964569092,"Unknown"
"7014851",371865,2025-11-02 21:36:42,43.3595161437988,-8.40024662017822,"Unknown"
"7014851",371865,2025-11-02 21:46:39,43.359691619873,-8.40017223358154,"Unknown"
"7014851",371865,2025-11-02 21:57:05,43.3596878051758,-8.40010643005371,"Unknown"
"7014851",371865,2025-11-02 22:06:31,43.3597145080566,-8.40009784698486,"Unknown"
"7014851",371865,2025-11-02 22:16:31,43.3596992492676,-8.40016174316406,"Unknown"
"7014851",371865,2025-11-02 22:26:31,43.3596992492676,-8.40010356903076,"Unknown"
"7014851",371865,2025-11-02 22:36:33,43.359691619873,-8.40022754669189,"Unknown"
"7014851",371865,2025-11-02 22:46:33,43.3596534729004,-8.40023612976074,"Unknown"
"7014851",371865,2025-11-02 22:56:34,43.3597106933594,-8.40025424957275,"Unknown"
"7014851",371865,2025-11-02 23:06:32,43.3596611022949,-8.40025424957275,"Unknown"
"7014851",371865,2025-11-02 23:16:32,43.3597831726074,-8.4002513885498,"Unknown"
"7014851",371865,2025-11-02 23:26:33,43.3597068786621,-8.40028285980225,"Unknown"
"7014851",371865,2025-11-02 23:36:37,43.3596496582031,-8.40020084381104,"Unknown"
"7014851",371865,2025-11-02 23:46:34,43.3641204833984,-8.40114212036133,"Unknown"
"7014851",371865,2025-11-02 23:56:37,43.3640289306641,-8.40120220184326,"Unknown"
"7014851",371865,2025-11-03 00:06:35,43.3637771606445,-8.4011058807373,"Unknown"
"7014851",371865,2025-11-03 00:16:33,43.3639297485352,-8.40119171142578,"Unknown"
"7014851",371865,2025-11-03 00:26:38,43.3640327453613,-8.40107822418213,"Unknown"
"7014851",371865,2025-11-03 00:36:32,43.3638343811035,-8.40109634399414,"Unknown"
"7014851",371865,2025-11-03 00:46:32,43.3638916015625,-8.40027141571045,"Unknown"
"7014851",371865,2025-11-03 00:56:32,43.363956451416,-8.40047550201416,"Unknown"
"7014851",371865,2025-11-03 01:06:32,43.363883972168,-8.40097045898438,"Unknown"
"7014851",371865,2025-11-03 01:16:32,43.3638343811035,-8.40091133117676,"Unknown"
"7014851",371865,2025-11-03 01:26:38,43.3641395568848,-8.40048694610596,"Unknown"
"7014851",371865,2025-11-03 01:36:33,43.3640670776367,-8.40000343322754,"Unknown"
"7014851",371865,2025-11-03 01:46:37,43.3596229553223,-8.40038776397705,"Unknown"
"7014851",371865,2025-11-03 01:56:36,43.3597450256348,-8.40041923522949,"Unknown"
"7014851",371865,2025-11-03 02:06:33,43.3597793579102,-8.40040016174316,"Unknown"
"7014851",371865,2025-11-03 02:16:38,43.3597259521484,-8.40036487579346,"Unknown"
"7014851",371865,2025-11-03 02:26:36,43.3597412109375,-8.4004430770874,"Unknown"
"7014851",371865,2025-11-03 02:36:41,43.3597297668457,-8.40056228637695,"Unknown"
"7014851",371865,2025-11-03 02:46:36,43.3598251342773,-8.40033054351807,"Unknown"
"7014851",371865,2025-11-03 02:56:31,43.3597869873047,-8.40034103393555,"Unknown"
"7014851",371865,2025-11-03 03:06:37,43.359733581543,-8.39988422393799,"Unknown"
"7014851",371865,2025-11-03 03:16:32,43.3597946166992,-8.39956855773926,"Unknown"
"7014851",371865,2025-11-03 03:26:34,43.3594284057617,-8.40136909484863,"Unknown"
"7014851",371865,2025-11-03 03:37:04,43.3598709106445,-8.40038585662842,"Unknown"
"7014851",371865,2025-11-03 03:46:39,43.3597030639648,-8.40041732788086,"Unknown"
"7014851",371865,2025-11-03 03:56:33,43.3600196838379,-8.40006256103516,"Unknown"
"7014851",371865,2025-11-03 04:06:36,43.3596954345703,-8.40044784545898,"Unknown"
"7014851",371865,2025-11-03 04:16:32,43.3596076965332,-8.40046119689941,"Unknown"
"7014851",371865,2025-11-03 04:26:31,43.3596382141113,-8.40055561065674,"Unknown"
"7014851",371865,2025-11-03 04:36:31,43.3596611022949,-8.400710105896,"Unknown"
"7014851",371865,2025-11-03 04:46:34,43.3610687255859,-8.4033899307251,"Unknown"
"7014851",371865,2025-11-03 04:56:33,43.3611373901367,-8.40329933166504,"Unknown"
"7014851",371865,2025-11-03 05:06:31,43.3608360290527,-8.40295886993408,"Unknown"
"7014851",371865,2025-11-03 05:16:33,43.3600082397461,-8.40254783630371,"Unknown"
"7014851",371865,2025-11-03 05:26:33,43.3599586486816,-8.40248203277588,"Unknown"
"7014851",371865,2025-11-03 05:36:34,43.3599014282227,-8.40253734588623,"Unknown"
"7014851",371865,2025-11-03 05:46:33,43.3599624633789,-8.40257835388184,"Unknown"
"7014851",371865,2025-11-03 05:56:37,43.3599472045898,-8.40258598327637,"Unknown"
"7014851",371865,2025-11-03 06:06:32,43.359790802002,-8.40230941772461,"Unknown"
"7014851",371865,2025-11-03 06:16:34,43.3597793579102,-8.40243244171143,"Unknown"
"7014851",371865,2025-11-03 06:26:38,43.3600769042969,-8.40260696411133,"Unknown"
"7014851",371865,2025-11-03 06:36:51,43.360279083252,-8.40302181243896,"Unknown"
"7014851",371865,2025-11-03 06:46:38,43.3601722717285,-8.40259838104248,"Unknown"
"7014851",371865,2025-11-03 06:56:44,43.3601722717285,-8.40265655517578,"Unknown"
"7014851",371865,2025-11-03 07:06:31,43.3287048339844,-8.384202003479,"Unknown"
"7014851",371865,2025-11-03 07:36:39,43.2327613830566,-8.39284896850586,"Unknown"
"7014851",371865,2025-11-03 08:07:02,43.1304016113281,-8.4712028503418,"Unknown"
"7014851",371865,2025-11-03 08:36:36,43.130786895752,-8.47183132171631,"Unknown"
"7014851",371865,2025-11-03 09:07:05,43.1302108764648,-8.46932697296143,"Unknown"
"7014851",371865,2025-11-03 09:36:44,43.1299171447754,-8.47033596038818,"Unknown"
"7014851",371865,2025-11-03 10:06:44,43.1298484802246,-8.47027683258057,"Unknown"
"7014851",371865,2025-11-03 10:36:39,43.1291847229004,-8.46950435638428,"Unknown"
"7014851",371865,2025-11-03 11:06:44,43.1295585632324,-8.46958351135254,"Unknown"
"7014851",371865,2025-11-03 11:36:39,43.1295013427734,-8.46957111358643,"Unknown"
"7014851",371865,2025-11-03 12:06:45,43.1300468444824,-8.46955585479736,"Unknown"
"7014851",371865,2025-11-03 12:36:47,43.1324996948242,-8.47088050842285,"Unknown"
"7014851",371865,2025-11-03 13:06:57,43.1299629211426,-8.46956729888916,"Unknown"
"7014851",371865,2025-11-03 13:36:44,43.1298637390137,-8.46932792663574,"Unknown"
"7014851",371865,2025-11-03 14:07:05,43.130012512207,-8.46961307525635,"Unknown"
"7014851",371865,2025-11-03 14:36:30,43.1297912597656,-8.47028350830078,"Unknown"
"7014851",371865,2025-11-03 15:06:31,43.1305694580078,-8.47098541259766,"Unknown"
"7014851",371865,2025-11-03 15:36:30,43.0978927612305,-8.4987096786499,"Unknown"
"7014851",371865,2025-11-03 16:06:35,43.1297225952148,-8.47036743164062,"Unknown"
"7014851",371865,2025-11-03 16:36:42,43.1297760009766,-8.47027492523193,"Unknown"
"7014851",371865,2025-11-03 17:06:38,43.1297607421875,-8.47079372406006,"Unknown"
"7014851",371865,2025-11-03 17:37:06,43.193675994873,-8.42290592193604,"Unknown"
"7014851",371865,2025-11-03 18:07:05,43.1925010681152,-8.42092418670654,"Unknown"
"7014851",371865,2025-11-03 18:36:30,43.193302154541,-8.41972160339355,"Unknown"
"7014851",371865,2025-11-03 19:06:39,43.193302154541,-8.41980361938477,"Unknown"
"7014851",371865,2025-11-03 19:36:31,43.1944694519043,-8.42117500305176,"Unknown"
"7014851",371865,2025-11-03 20:06:32,43.1936721801758,-8.42073059082031,"Unknown"
"7014851",371865,2025-11-03 20:36:36,43.1933403015137,-8.42042446136475,"Unknown"
"7014851",371865,2025-11-03 21:06:40,43.1934585571289,-8.41970729827881,"Unknown"
"7014851",371865,2025-11-03 21:37:05,43.1934280395508,-8.42032432556152,"Unknown"
"7014851",371865,2025-11-03 22:06:36,43.193302154541,-8.42097091674805,"Unknown"
"7014851",371865,2025-11-03 22:36:44,43.1942176818848,-8.4209566116333,"Unknown"
"7014851",371865,2025-11-03 23:06:34,43.1941909790039,-8.42121696472168,"Unknown"
"7014851",371865,2025-11-03 23:36:40,43.1953048706055,-8.42270851135254,"Unknown"
"7014851",371865,2025-11-04 00:06:34,43.194766998291,-8.42061424255371,"Unknown"
"7014851",371865,2025-11-04 00:36:44,43.1936912536621,-8.41954326629639,"Unknown"
"7014851",371865,2025-11-04 01:06:40,43.1922225952148,-8.41856098175049,"Unknown"
"7014851",371865,2025-11-04 01:36:30,43.1916351318359,-8.4180908203125,"Unknown"
"7014851",371865,2025-11-04 02:07:29,43.191535949707,-8.41873741149902,"Unknown"
"7014851",371865,2025-11-04 02:36:39,43.1914863586426,-8.41891479492188,"Unknown"
"7014851",371865,2025-11-04 03:06:44,43.1918830871582,-8.41880512237549,"Unknown"
"7014851",371865,2025-11-04 03:36:44,43.1908149719238,-8.41884422302246,"Unknown"
"7014851",371865,2025-11-04 04:07:05,43.1906700134277,-8.41813850402832,"Unknown"
"7014851",371865,2025-11-04 04:36:29,43.1915893554688,-8.41721343994141,"Unknown"
"7014851",371865,2025-11-04 05:06:35,43.1917610168457,-8.41909122467041,"Unknown"
"7014851",371865,2025-11-04 05:36:30,43.1926574707031,-8.41903305053711,"Unknown"
"7014851",371865,2025-11-04 06:06:31,43.1917915344238,-8.4175443649292,"Unknown"
"7014851",371865,2025-11-04 06:36:31,43.1935958862305,-8.41839504241943,"Unknown"
"7014851",371865,2025-11-04 07:06:31,43.1916732788086,-8.42308807373047,"Unknown"
"7014851",371865,2025-11-04 07:36:59,43.1297569274902,-8.47044563293457,"Unknown"
"7014851",371865,2025-11-04 08:06:36,43.1298904418945,-8.47060298919678,"Unknown"
"7014851",371865,2025-11-04 08:37:14,43.1302528381348,-8.47135639190674,"Unknown"
"7014851",371865,2025-11-04 09:07:05,43.1304588317871,-8.47136497497559,"Unknown"
"7014851",371865,2025-11-04 09:36:36,43.1240196228027,-8.47487258911133,"Unknown"
"7014851",371865,2025-11-04 10:06:44,43.1297302246094,-8.47010707855225,"Unknown"
"7014851",371865,2025-11-04 10:36:29,43.129695892334,-8.47078037261963,"Unknown"
"7014851",371865,2025-11-04 11:06:44,43.1298828125,-8.47006320953369,"Unknown"
"7014851",371865,2025-11-04 11:36:43,43.1297302246094,-8.4702033996582,"Unknown"
"7014851",371865,2025-11-04 12:06:59,43.129695892334,-8.47015953063965,"Unknown"
"7014851",371865,2025-11-04 12:36:34,43.1296272277832,-8.4700927734375,"Unknown"
"7014851",371865,2025-11-04 13:06:36,43.1295852661133,-8.4700813293457,"Unknown"
"7014851",371865,2025-11-04 13:36:44,43.1296615600586,-8.46995830535889,"Unknown"
"7014851",371865,2025-11-04 14:06:59,43.1296653747559,-8.47006797790527,"Unknown"
"7014851",371865,2025-11-04 14:36:29,43.1297416687012,-8.47013473510742,"Unknown"
"7014851",371865,2025-11-04 15:06:29,43.1300926208496,-8.47041130065918,"Unknown"
"7014851",371865,2025-11-04 15:16:30,43.1299324035645,-8.47039413452148,"Unknown"
"7014851",371865,2025-11-04 15:26:30,43.1298446655273,-8.47035217285156,"Unknown"
"7014851",371865,2025-11-04 15:36:30,43.1298561096191,-8.47039222717285,"Unknown"
"7014851",371865,2025-11-04 15:46:44,43.1296920776367,-8.4702672958374,"Unknown"
"7014851",371865,2025-11-04 15:56:29,43.1295356750488,-8.47016525268555,"Unknown"
"7014851",371865,2025-11-04 16:06:44,43.129508972168,-8.4694242477417,"Unknown"
"7014851",371865,2025-11-04 16:16:32,43.1303939819336,-8.47098827362061,"Unknown"
"7014851",371865,2025-11-04 16:26:38,43.1301689147949,-8.47093772888184,"Unknown"
"7014851",371865,2025-11-04 16:36:44,43.1024894714355,-8.49183750152588,"Unknown"
"7014851",371865,2025-11-04 16:47:05,43.0991859436035,-8.49650764465332,"Unknown"
"7014851",371865,2025-11-04 16:56:37,43.0992889404297,-8.49613094329834,"Unknown"
"7014851",371865,2025-11-04 17:06:34,43.0994033813477,-8.49635982513428,"Unknown"
"7014851",371865,2025-11-04 17:16:34,43.0990562438965,-8.49610710144043,"Unknown"
"7014851",371865,2025-11-04 17:26:29,43.098819732666,-8.49607467651367,"Unknown"
"7014851",371865,2025-11-04 17:36:44,43.0992012023926,-8.49655818939209,"Unknown"
"7014851",371865,2025-11-04 17:46:36,43.0993690490723,-8.49693870544434,"Unknown"
"7014851",371865,2025-11-04 17:56:36,43.0993194580078,-8.49688816070557,"Unknown"
"7014851",371865,2025-11-04 18:06:36,43.0984535217285,-8.49605846405029,"Unknown"
"7014851",371865,2025-11-04 18:16:44,43.0986442565918,-8.49649047851562,"Unknown"
"7014851",371865,2025-11-04 18:26:36,43.0993995666504,-8.49695587158203,"Unknown"
"7014851",371865,2025-11-04 18:36:36,43.0998001098633,-8.49769401550293,"Unknown"
"7014851",371865,2025-11-04 18:47:00,43.0992202758789,-8.4983549118042,"Unknown"
"7014851",371865,2025-11-04 18:56:37,43.099178314209,-8.49833869934082,"Unknown"
"7014851",371865,2025-11-04 19:06:37,43.1261138916016,-8.48563957214355,"Unknown"
"7014851",371865,2025-11-04 19:16:36,43.1920776367188,-8.41812229156494,"Unknown"
"7014851",371865,2025-11-04 19:26:36,43.1923599243164,-8.41824054718018,"Unknown"
"7014851",371865,2025-11-04 19:36:44,43.1925659179688,-8.41880893707275,"Unknown"
"7014851",371865,2025-11-04 19:46:36,43.1926460266113,-8.41904449462891,"Unknown"
"7014851",371865,2025-11-04 19:56:34,43.1925468444824,-8.41925144195557,"Unknown"
"7014851",371865,2025-11-04 20:06:36,43.1920356750488,-8.41797065734863,"Unknown"
"7014851",371865,2025-11-04 20:16:36,43.1918258666992,-8.4175271987915,"Unknown"
"7014851",371865,2025-11-04 20:26:36,43.1889915466309,-8.41771697998047,"Unknown"
"7014851",371865,2025-11-04 20:37:05,43.1893348693848,-8.417724609375,"Unknown"
"7014851",371865,2025-11-04 20:46:28,43.1899490356445,-8.41795253753662,"Unknown"
"7014851",371865,2025-11-04 20:56:28,43.1904029846191,-8.4181661605835,"Unknown"
"7014851",371865,2025-11-04 21:06:29,43.1921768188477,-8.42224311828613,"Unknown"
"7014851",371865,2025-11-04 21:16:36,43.1922760009766,-8.42098617553711,"Unknown"
"7014851",371865,2025-11-04 21:26:33,43.1961059570312,-8.42437648773193,"Unknown"
"7014851",371865,2025-11-04 21:37:05,43.1878471374512,-8.41467761993408,"Unknown"
"7014851",371865,2025-11-04 21:46:41,43.188346862793,-8.41494464874268,"Unknown"
"7014851",371865,2025-11-04 21:56:33,43.1896095275879,-8.41744327545166,"Unknown"
"7014851",371865,2025-11-04 22:06:34,43.1899833679199,-8.41731357574463,"Unknown"
"7014851",371865,2025-11-04 22:16:36,43.1902389526367,-8.41740989685059,"Unknown"
"7014851",371865,2025-11-04 22:26:37,43.1918334960938,-8.42040157318115,"Unknown"
"7014851",371865,2025-11-04 22:37:05,43.1916809082031,-8.42062187194824,"Unknown"
"7014851",371865,2025-11-04 22:46:28,43.1885375976562,-8.41402816772461,"Unknown"
"7014851",371865,2025-11-04 22:56:28,43.1911964416504,-8.42127990722656,"Unknown"
"7014851",371865,2025-11-04 23:06:29,43.191104888916,-8.42127799987793,"Unknown"
"7014851",371865,2025-11-04 23:16:28,43.191349029541,-8.42179679870605,"Unknown"
"7014851",371865,2025-11-04 23:26:29,43.1916084289551,-8.41977500915527,"Unknown"
"7014851",371865,2025-11-04 23:36:28,43.1921997070312,-8.42154979705811,"Unknown"
"7014851",371865,2025-11-04 23:46:29,43.1924591064453,-8.42330360412598,"Unknown"
"7014851",371865,2025-11-04 23:56:30,43.1922073364258,-8.42082595825195,"Unknown"
"7014851",371865,2025-11-05 00:06:29,43.192081451416,-8.41993141174316,"Unknown"
"7014851",371865,2025-11-05 00:16:33,43.1918067932129,-8.42073440551758,"Unknown"
"7014851",371865,2025-11-05 00:26:44,43.1931838989258,-8.42049598693848,"Unknown"
"7014851",371865,2025-11-05 00:36:44,43.1928291320801,-8.42134666442871,"Unknown"
"7014851",371865,2025-11-05 00:46:31,43.192310333252,-8.42125988006592,"Unknown"
"7014851",371865,2025-11-05 00:56:30,43.1924285888672,-8.42116355895996,"Unknown"
"7014851",371865,2025-11-05 01:06:33,43.1924858093262,-8.42068195343018,"Unknown"
"7014851",371865,2025-11-05 01:36:46,43.1922073364258,-8.41909217834473,"Unknown"
"7014851",371865,2025-11-05 02:07:05,43.1919860839844,-8.4220666885376,"Unknown"
"7014851",371865,2025-11-05 02:36:34,43.1918716430664,-8.42194747924805,"Unknown"
"7014851",371865,2025-11-05 03:06:44,43.191162109375,-8.42174243927002,"Unknown"
"7014851",371865,2025-11-05 03:36:34,43.190673828125,-8.42096614837646,"Unknown"
"7014851",371865,2025-11-05 04:06:44,43.1910209655762,-8.42137622833252,"Unknown"
"7014851",371865,2025-11-05 04:36:40,43.1914367675781,-8.42041206359863,"Unknown"
"7014851",371865,2025-11-05 05:06:27,43.1907348632812,-8.42084217071533,"Unknown"
"7014851",371865,2025-11-05 05:36:45,43.190372467041,-8.4203929901123,"Unknown"
"7014851",371865,2025-11-05 06:06:38,43.1903228759766,-8.41976928710938,"Unknown"
"7014851",371865,2025-11-05 06:36:59,43.1901245117188,-8.41963386535645,"Unknown"
"7014851",371865,2025-11-05 07:06:28,43.1899642944336,-8.42827701568604,"Unknown"
"7014851",371865,2025-11-05 07:37:13,43.1298408508301,-8.4708080291748,"Unknown"
"7014851",371865,2025-11-05 08:06:31,43.1290626525879,-8.47112560272217,"Unknown"
"7014851",371865,2025-11-05 08:37:44,43.1303901672363,-8.47137641906738,"Unknown"
"7014851",371865,2025-11-05 09:06:28,43.0987739562988,-8.49670696258545,"Unknown"
"7014851",371865,2025-11-05 09:36:44,43.1300277709961,-8.47002124786377,"Unknown"
"7014851",371865,2025-11-05 10:06:30,43.129768371582,-8.4699535369873,"Unknown"
"7014851",371865,2025-11-05 10:37:05,43.1303787231445,-8.47128200531006,"Unknown"
"7014851",371865,2025-11-05 11:06:26,43.1306991577148,-8.47155475616455,"Unknown"
"7014851",371865,2025-11-05 11:36:33,43.1294479370117,-8.46961307525635,"Unknown"
"7014851",371865,2025-11-05 12:06:59,43.1297912597656,-8.46997928619385,"Unknown"
"7014851",371865,2025-11-05 12:36:36,43.129711151123,-8.47002601623535,"Unknown"
"7014851",371865,2025-11-05 13:06:59,43.1292457580566,-8.46928119659424,"Unknown"
"7014851",371865,2025-11-05 13:36:28,43.1290740966797,-8.46941089630127,"Unknown"
"7014851",371865,2025-11-05 14:06:27,43.1290740966797,-8.46944046020508,"Unknown"
"7014851",371865,2025-11-05 14:36:36,43.1288414001465,-8.47010326385498,"Unknown"
"7014851",371865,2025-11-05 15:06:27,43.1288719177246,-8.47018241882324,"Unknown"
"7014851",371865,2025-11-05 15:36:45,43.1289710998535,-8.47008895874023,"Unknown"
"7014851",371865,2025-11-05 16:06:29,43.128776550293,-8.47006893157959,"Unknown"
"7014851",371865,2025-11-05 16:36:45,43.1296577453613,-8.47022724151611,"Unknown"
"7014851",371865,2025-11-05 17:06:36,43.129638671875,-8.47031116485596,"Unknown"
"7014851",371865,2025-11-05 17:37:00,43.1650276184082,-8.44989395141602,"Unknown"
"7014851",371865,2025-11-05 18:06:45,43.1938247680664,-8.4219913482666,"Unknown"
"7014851",371865,2025-11-05 18:36:44,43.1934242248535,-8.42124366760254,"Unknown"
"7014851",371865,2025-11-05 19:06:36,43.1930160522461,-8.42038536071777,"Unknown"
"7014851",371865,2025-11-05 19:37:05,43.192440032959,-8.41989707946777,"Unknown"
"7014851",371865,2025-11-05 20:06:28,43.1917724609375,-8.41950511932373,"Unknown"
"7014851",371865,2025-11-05 20:36:27,43.1913108825684,-8.41894817352295,"Unknown"
"7014851",371865,2025-11-05 21:06:45,43.1927909851074,-8.42204475402832,"Unknown"
"7014851",371865,2025-11-05 21:36:40,43.1812515258789,-8.43124580383301,"Unknown"
"7014851",371865,2025-11-05 22:07:05,43.1720542907715,-8.43983268737793,"Unknown"
"7014851",371865,2025-11-05 22:36:27,43.1719551086426,-8.44028663635254,"Unknown"
"7014851",371865,2025-11-05 23:06:27,43.1721458435059,-8.4403657913208,"Unknown"
"7014851",371865,2025-11-05 23:36:42,43.1720695495605,-8.44035053253174,"Unknown"
"7014851",371865,2025-11-06 00:06:30,43.1915550231934,-8.42113208770752,"Unknown"
"7014851",371865,2025-11-06 00:36:44,43.1910018920898,-8.42031478881836,"Unknown"
"7014851",371865,2025-11-06 01:06:30,43.1917381286621,-8.41842555999756,"Unknown"
"7014851",371865,2025-11-06 01:36:44,43.1905059814453,-8.42073249816895,"Unknown"
"7014851",371865,2025-11-06 02:06:37,43.1905326843262,-8.41867542266846,"Unknown"
"7014851",371865,2025-11-06 02:36:45,43.190544128418,-8.41922378540039,"Unknown"
"7014851",371865,2025-11-06 03:06:45,43.1904907226562,-8.41829490661621,"Unknown"
"7014851",371865,2025-11-06 03:36:36,43.1912803649902,-8.41873455047607,"Unknown"
"7014851",371865,2025-11-06 04:06:59,43.1914138793945,-8.41987323760986,"Unknown"
"7014851",371865,2025-11-06 04:36:27,43.1916122436523,-8.42072772979736,"Unknown"
"7014851",371865,2025-11-06 05:06:44,43.1922378540039,-8.42106342315674,"Unknown"
"7014851",371865,2025-11-06 05:36:36,43.1922302246094,-8.42191982269287,"Unknown"
"7014851",371865,2025-11-06 06:06:59,43.1915969848633,-8.42258358001709,"Unknown"
"7014851",371865,2025-11-06 06:36:25,43.1908378601074,-8.42086029052734,"Unknown"
"7014851",371865,2025-11-06 07:06:36,43.1296806335449,-8.47061252593994,"Unknown"
"7014851",371865,2025-11-06 07:37:05,43.129638671875,-8.47084522247314,"Unknown"
"7014851",371865,2025-11-06 08:06:44,43.1305160522461,-8.47106456756592,"Unknown"
"7014851",371865,2025-11-06 08:36:36,43.1296577453613,-8.46987533569336,"Unknown"
"7014851",371865,2025-11-06 09:06:46,43.1307945251465,-8.47140884399414,"Unknown"
"7014851",371865,2025-11-06 09:36:44,43.129768371582,-8.46985816955566,"Unknown"
"7014851",371865,2025-11-06 10:06:28,43.1295585632324,-8.46966361999512,"Unknown"
"7014851",371865,2025-11-06 10:37:14,43.129638671875,-8.46987533569336,"Unknown"
"7014851",371865,2025-11-06 11:06:44,43.129467010498,-8.46964645385742,"Unknown"
"7014851",371865,2025-11-06 11:36:26,43.1298828125,-8.47080612182617,"Unknown"
"7014851",371865,2025-11-06 12:06:59,43.1297225952148,-8.47017383575439,"Unknown"
"7014851",371865,2025-11-06 12:36:26,43.1297225952148,-8.47016906738281,"Unknown"
"7014851",371865,2025-11-06 13:06:37,43.1299629211426,-8.46955966949463,"Unknown"
"7014851",371865,2025-11-06 13:36:45,43.1299247741699,-8.46958160400391,"Unknown"
"7014851",371865,2025-11-06 14:06:44,43.1300315856934,-8.46957778930664,"Unknown"
"7014851",371865,2025-11-06 14:36:59,43.1300163269043,-8.46954441070557,"Unknown"
"7014851",371865,2025-11-06 15:06:27,43.129508972168,-8.46953678131104,"Unknown"
"7014851",371865,2025-11-06 15:36:29,43.1311874389648,-8.47163200378418,"Unknown"
"7014851",371865,2025-11-06 16:06:45,43.1300048828125,-8.46960735321045,"Unknown"
"7014851",371865,2025-11-06 16:36:29,43.1933059692383,-8.42553901672363,"Unknown"
"7014851",371865,2025-11-06 17:06:44,43.3589019775391,-8.40035915374756,"Unknown"
"7014851",371865,2025-11-06 17:36:43,43.3591194152832,-8.40047645568848,"Unknown"
"7014851",371865,2025-11-06 18:07:35,43.3590431213379,-8.40007972717285,"Unknown"
"7014851",371865,2025-11-06 18:36:36,43.3591346740723,-8.40043449401855,"Unknown"
"7014851",371865,2025-11-06 19:06:45,43.3591117858887,-8.40047073364258,"Unknown"
"7014851",371865,2025-11-06 19:36:26,43.3594131469727,-8.40082168579102,"Unknown"
"7014851",371865,2025-11-06 20:06:45,43.3591156005859,-8.40031147003174,"Unknown"
"7014851",371865,2025-11-06 20:36:34,43.3591156005859,-8.40027046203613,"Unknown"
"7014851",371865,2025-11-06 21:06:59,43.3590850830078,-8.40014266967773,"Unknown"
"7014851",371865,2025-11-06 21:36:36,43.3592338562012,-8.40030765533447,"Unknown"
"7014851",371865,2025-11-06 22:06:45,43.3591384887695,-8.40007019042969,"Unknown"
"7014851",371865,2025-11-06 22:36:25,43.3590927124023,-8.40008640289307,"Unknown"
"7014851",371865,2025-11-06 23:06:45,43.3591041564941,-8.40008926391602,"Unknown"
"7014851",371865,2025-11-06 23:36:37,43.3590431213379,-8.40035343170166,"Unknown"
"7014851",371865,2025-11-07 00:06:59,43.3591003417969,-8.40027713775635,"Unknown"
"7014851",371865,2025-11-07 00:36:24,43.3590621948242,-8.40016078948975,"Unknown"
"7014851",371865,2025-11-07 01:06:39,43.3591499328613,-8.40042495727539,"Unknown"
"7014851",371865,2025-11-07 01:36:36,43.359188079834,-8.40049266815186,"Unknown"
"7014851",371865,2025-11-07 02:06:45,43.3591117858887,-8.40045166015625,"Unknown"
"7014851",371865,2025-11-07 02:36:26,43.3584403991699,-8.4006814956665,"Unknown"
"7014851",371865,2025-11-07 03:06:45,43.3588562011719,-8.40041732788086,"Unknown"
"7014851",371865,2025-11-07 03:36:29,43.3591079711914,-8.40039348602295,"Unknown"
"7014851",371865,2025-11-07 04:06:59,43.3590049743652,-8.40041446685791,"Unknown"
"7014851",371865,2025-11-07 04:36:23,43.3590278625488,-8.40035820007324,"Unknown"
"7014851",371865,2025-11-07 05:06:28,43.3626708984375,-8.40368843078613,"Unknown"
"7014851",371865,2025-11-07 05:36:42,43.3627128601074,-8.40375709533691,"Unknown"
"7014851",371865,2025-11-07 06:06:44,43.3628005981445,-8.40384578704834,"Unknown"
"7014851",371865,2025-11-07 06:36:38,43.3629302978516,-8.40412044525146,"Unknown"
"7014851",371865,2025-11-07 07:06:59,43.3725814819336,-8.45516014099121,"Unknown"
"7014851",371865,2025-11-07 07:37:35,43.3223152160645,-8.57490253448486,"Unknown"
"7014851",371865,2025-11-07 08:06:44,43.2915916442871,-8.6975564956665,"Unknown"
"7014851",371865,2025-11-07 08:36:30,43.2915878295898,-8.69788837432861,"Unknown"
"7014851",371865,2025-11-07 09:36:45,43.3369598388672,-8.82828044891357,"Unknown"
"7014851",371865,2025-11-07 10:06:25,43.3371543884277,-8.82817077636719,"Unknown"
"7014851",371865,2025-11-07 10:37:05,43.3536682128906,-8.83448123931885,"Unknown"
"7014851",371865,2025-11-07 11:06:44,43.3389625549316,-8.82905673980713,"Unknown"
"7014851",371865,2025-11-07 11:36:29,43.3390274047852,-8.8289041519165,"Unknown"
"7014851",371865,2025-11-07 12:06:59,43.3391036987305,-8.82895755767822,"Unknown"
"7014851",371865,2025-11-07 12:36:29,43.3392562866211,-8.82911586761475,"Unknown"
"7014851",371865,2025-11-07 13:06:27,43.3227195739746,-8.80467414855957,"Unknown"
"7014851",371865,2025-11-07 13:36:30,43.3221855163574,-8.80261707305908,"Unknown"
"7014851",371865,2025-11-07 14:06:57,43.3225021362305,-8.80401420593262,"Unknown"
"7014851",371865,2025-11-07 14:36:38,43.2916603088379,-8.69788551330566,"Unknown"
"7014851",371865,2025-11-07 15:06:31,43.3053207397461,-8.7006893157959,"Unknown"
"7014851",371865,2025-11-07 15:36:45,43.2926483154297,-8.69636154174805,"Unknown"
"7014851",371865,2025-11-07 16:06:31,43.2925033569336,-8.696608543396,"Unknown"
"7014851",371865,2025-11-07 16:36:59,43.29248046875,-8.69671821594238,"Unknown"
"7014851",371865,2025-11-07 17:06:26,43.2921981811523,-8.69722366333008,"Unknown"
"7014851",371865,2025-11-07 17:36:38,43.3080291748047,-8.7093563079834,"Unknown"
"7014851",371865,2025-11-07 18:07:29,43.3720474243164,-8.49463272094727,"Unknown"
"7014851",371865,2025-11-07 18:36:26,43.4021835327148,-8.38960933685303,"Unknown"
"7014851",371865,2025-11-07 19:06:36,43.3811111450195,-8.37664699554443,"Unknown"
"7014851",371865,2025-11-07 19:36:44,43.3794288635254,-8.37630653381348,"Unknown"
"7014851",371865,2025-11-07 20:06:44,43.3810348510742,-8.37726211547852,"Unknown"
"7014851",371865,2025-11-07 20:36:36,43.3826904296875,-8.37833786010742,"Unknown"
"7014851",371865,2025-11-07 21:06:44,43.3758201599121,-8.37545108795166,"Unknown"
"7014851",371865,2025-11-07 21:37:05,43.3771896362305,-8.37735366821289,"Unknown"
"7014851",371865,2025-11-07 22:06:22,43.3790016174316,-8.37765026092529,"Unknown"
"7014851",371865,2025-11-07 22:36:23,43.361946105957,-8.3924036026001,"Unknown"
"7014851",371865,2025-11-07 23:06:25,43.3596267700195,-8.39870548248291,"Unknown"
"7014851",371865,2025-11-07 23:36:44,43.359676361084,-8.3987865447998,"Unknown"
"7014851",371865,2025-11-08 00:06:25,43.3597297668457,-8.39890575408936,"Unknown"
"7014851",371865,2025-11-08 00:36:45,43.3598022460938,-8.39878177642822,"Unknown"
"7014851",371865,2025-11-08 01:06:30,43.3597755432129,-8.39871215820312,"Unknown"
"7014851",371865,2025-11-08 01:36:45,43.3597145080566,-8.39866542816162,"Unknown"
"7014851",371865,2025-11-08 02:06:53,43.3596229553223,-8.39870166778564,"Unknown"
"7014851",371865,2025-11-08 02:36:30,43.3595924377441,-8.40014839172363,"Unknown"
"7014851",371865,2025-11-08 03:06:53,43.3606567382812,-8.40289402008057,"Unknown"
"7014851",371865,2025-11-08 03:36:45,43.3604469299316,-8.40274238586426,"Unknown"
"7014851",371865,2025-11-08 04:06:53,43.3604202270508,-8.40280437469482,"Unknown"
"7014851",371865,2025-11-08 04:36:28,43.3597183227539,-8.39921951293945,"Unknown"
"7014851",371865,2025-11-08 05:06:53,43.3597412109375,-8.39921283721924,"Unknown"
"7014851",371865,2025-11-08 05:36:23,43.3604545593262,-8.40286254882812,"Unknown"
"7014851",371865,2025-11-08 06:06:28,43.3595886230469,-8.40038967132568,"Unknown"
"7014851",371865,2025-11-08 06:36:45,43.359619140625,-8.40039730072021,"Unknown"
"7014851",371865,2025-11-08 07:06:31,43.2509765625,-8.38815402984619,"Unknown"
"7014851",371865,2025-11-08 07:37:05,43.1304626464844,-8.47023010253906,"Unknown"
"7014851",371865,2025-11-08 08:06:44,43.130256652832,-8.46953773498535,"Unknown"
"7014851",371865,2025-11-08 08:36:59,43.1304512023926,-8.46935653686523,"Unknown"
"7014851",371865,2025-11-08 09:06:23,43.1294898986816,-8.46960639953613,"Unknown"
"7014851",371865,2025-11-08 09:36:44,43.1295356750488,-8.46956157684326,"Unknown"
"7014851",371865,2025-11-08 10:06:28,43.1298751831055,-8.46965217590332,"Unknown"
"7014851",371865,2025-11-08 10:36:44,43.129955291748,-8.46976470947266,"Unknown"
"7014851",371865,2025-11-08 11:06:25,43.1299896240234,-8.46972274780273,"Unknown"
"7014851",371865,2025-11-08 11:36:44,43.1296501159668,-8.46985912322998,"Unknown"
"7014851",371865,2025-11-08 12:06:53,43.1295509338379,-8.46963405609131,"Unknown"
"7014851",371865,2025-11-08 12:36:36,43.1298561096191,-8.46953773498535,"Unknown"
"7014851",371865,2025-11-08 13:06:53,43.1298370361328,-8.47052955627441,"Unknown"
"7014851",371865,2025-11-08 13:36:45,43.129768371582,-8.47059440612793,"Unknown"
"7014851",371865,2025-11-08 14:06:44,43.1301918029785,-8.47021484375,"Unknown"
"7014851",371865,2025-11-08 14:36:31,43.1313705444336,-8.47297382354736,"Unknown"
"7014851",371865,2025-11-08 15:06:45,43.1306991577148,-8.47108364105225,"Unknown"
"7014851",371865,2025-11-08 15:36:44,43.1300582885742,-8.46985149383545,"Unknown"
"7014851",371865,2025-11-08 16:06:27,43.1301422119141,-8.46999359130859,"Unknown"
"7014851",371865,2025-11-08 16:36:53,43.1301193237305,-8.46979808807373,"Unknown"
"7014851",371865,2025-11-08 17:06:30,43.2329063415527,-8.42441082000732,"Unknown"
"7014851",371865,2025-11-08 17:37:00,43.3785552978516,-8.37916278839111,"Unknown"
"7014851",371865,2025-11-08 18:06:30,43.3793411254883,-8.37792205810547,"Unknown"
"7014851",371865,2025-11-08 18:36:44,43.3796577453613,-8.37692737579346,"Unknown"
"7014851",371865,2025-11-08 19:06:22,43.3795013427734,-8.37543773651123,"Unknown"
"7014851",371865,2025-11-08 19:37:29,43.3800849914551,-8.37570762634277,"Unknown"
"7014851",371865,2025-11-08 20:06:22,43.3796577453613,-8.37649154663086,"Unknown"
"7014851",371865,2025-11-08 20:36:22,43.3587341308594,-8.39369678497314,"Unknown"
"7014851",371865,2025-11-08 21:07:14,43.3601188659668,-8.39881896972656,"Unknown"
"7014851",371865,2025-11-08 21:36:44,43.3596687316895,-8.39928340911865,"Unknown"
"7014851",371865,2025-11-08 22:06:57,43.3596305847168,-8.39876270294189,"Unknown"
"7014851",371865,2025-11-08 22:36:23,43.3596420288086,-8.39874935150146,"Unknown"
"7014851",371865,2025-11-08 23:06:22,43.3596954345703,-8.39870357513428,"Unknown"
"7014851",371865,2025-11-08 23:36:23,43.3596000671387,-8.39871978759766,"Unknown"
"7014851",371865,2025-11-09 00:06:44,43.3596305847168,-8.39872264862061,"Unknown"
"7014851",371865,2025-11-09 00:36:30,43.359733581543,-8.39901733398438,"Unknown"
"7014851",371865,2025-11-09 01:06:44,43.3590278625488,-8.40029430389404,"Unknown"
"7014851",371865,2025-11-09 01:36:21,43.3590927124023,-8.4003381729126,"Unknown"
"7014851",371865,2025-11-09 02:06:45,43.3613090515137,-8.3954381942749,"Unknown"
"7014851",371865,2025-11-09 02:36:44,43.3613014221191,-8.39565849304199,"Unknown"
"7014851",371865,2025-11-09 03:06:59,43.3597946166992,-8.39916324615479,"Unknown"
"7014851",371865,2025-11-09 03:36:40,43.3596649169922,-8.39932632446289,"Unknown"
"7014851",371865,2025-11-09 04:06:53,43.3597679138184,-8.39918041229248,"Unknown"
"7014851",371865,2025-11-09 04:36:35,43.3597640991211,-8.39930248260498,"Unknown"
"7014851",371865,2025-11-09 05:06:31,43.3596954345703,-8.39941787719727,"Unknown"
"7014851",371865,2025-11-09 05:36:45,43.3596115112305,-8.39934349060059,"Unknown"
"7014851",371865,2025-11-09 06:06:30,43.3596382141113,-8.39939975738525,"Unknown"
"7014851",371865,2025-11-09 06:36:53,43.3597564697266,-8.39948272705078,"Unknown"
"7014851",371865,2025-11-09 07:06:33,43.3541450500488,-8.51837348937988,"Unknown"
"7014851",371865,2025-11-09 07:37:23,43.3114738464355,-8.55549430847168,"Unknown"
"7014851",371865,2025-11-09 08:07:35,43.2915458679199,-8.69753551483154,"Unknown"
"7014851",371865,2025-11-09 08:36:25,43.2921409606934,-8.69795894622803,"Unknown"
"7014851",371865,2025-11-09 09:06:44,43.2920837402344,-8.69796562194824,"Unknown"
"7014851",371865,2025-11-09 09:36:21,43.2927169799805,-8.69938659667969,"Unknown"
"7014851",371865,2025-11-09 10:06:32,43.2892150878906,-8.65287494659424,"Unknown"
"7014851",371865,2025-11-09 10:36:44,43.2204246520996,-8.53969669342041,"Unknown"
"7014851",371865,2025-11-09 11:06:44,43.1305198669434,-8.47001647949219,"Unknown"
"7014851",371865,2025-11-09 11:36:31,43.1305084228516,-8.4713773727417,"Unknown"
"7014851",371865,2025-11-09 12:07:23,43.1293449401855,-8.46938133239746,"Unknown"
"7014851",371865,2025-11-09 12:36:25,43.1293754577637,-8.46976852416992,"Unknown"
"7014851",371865,2025-11-09 13:06:53,43.1293067932129,-8.46936893463135,"Unknown"
"7014851",371865,2025-11-09 13:37:05,43.1295356750488,-8.46962738037109,"Unknown"
"7014851",371865,2025-11-09 14:06:53,43.1296463012695,-8.46901035308838,"Unknown"
"7014851",371865,2025-11-09 14:36:44,43.1297187805176,-8.46962356567383,"Unknown"
"7014851",371865,2025-11-09 15:06:25,43.1297035217285,-8.46943378448486,"Unknown"
"7014851",371865,2025-11-09 15:36:44,43.1301918029785,-8.4697265625,"Unknown"
"7014851",371865,2025-11-09 16:06:20,43.1302337646484,-8.46952342987061,"Unknown"
"7014851",371865,2025-11-09 16:36:53,43.1309051513672,-8.47173118591309,"Unknown"
"7014851",371865,2025-11-09 17:06:44,43.1308250427246,-8.47146224975586,"Unknown"
"7014851",371865,2025-11-09 17:36:44,43.1950225830078,-8.42432117462158,"Unknown"
"7014851",371865,2025-11-09 18:06:53,43.1947937011719,-8.42465591430664,"Unknown"
"7014851",371865,2025-11-09 18:36:44,43.1937141418457,-8.42427158355713,"Unknown"
"7014851",371865,2025-11-09 19:06:24,43.193000793457,-8.42291450500488,"Unknown"
"7014851",371865,2025-11-09 19:36:45,43.1935806274414,-8.42275810241699,"Unknown"
"7014851",371865,2025-11-09 20:06:23,43.1946754455566,-8.4228687286377,"Unknown"
"7014851",371865,2025-11-09 20:36:45,43.1923828125,-8.42104721069336,"Unknown"
"7014851",371865,2025-11-09 21:06:44,43.1918754577637,-8.42173194885254,"Unknown"
"7014851",371865,2025-11-09 21:36:59,43.1921577453613,-8.4222354888916,"Unknown"
"7014851",371865,2025-11-09 22:06:19,43.1936492919922,-8.42256164550781,"Unknown"
"7014851",371865,2025-11-09 22:36:44,43.1924514770508,-8.41976928710938,"Unknown"
"7014851",371865,2025-11-09 23:06:23,43.191032409668,-8.41842460632324,"Unknown"
"7014851",371865,2025-11-09 23:36:44,43.1918258666992,-8.419264793396,"Unknown"
"7014851",371865,2025-11-10 00:06:31,43.1920623779297,-8.41974830627441,"Unknown"
"7014851",371865,2025-11-10 00:36:46,43.1931037902832,-8.41986083984375,"Unknown"
"7014851",371865,2025-11-10 01:06:44,43.1913681030273,-8.41959571838379,"Unknown"
"7014851",371865,2025-11-10 01:36:49,43.1913909912109,-8.41938972473145,"Unknown"
"7014851",371865,2025-11-10 02:06:24,43.1914863586426,-8.42063522338867,"Unknown"
"7014851",371865,2025-11-10 02:37:43,43.1720848083496,-8.44008445739746,"Unknown"
"7014851",371865,2025-11-10 03:06:20,43.1718864440918,-8.44022083282471,"Unknown"
"7014851",371865,2025-11-10 03:36:52,43.1719017028809,-8.44006824493408,"Unknown"
"7014851",371865,2025-11-10 04:06:18,43.171745300293,-8.44056034088135,"Unknown"
"7014851",371865,2025-11-10 04:36:44,43.1908683776855,-8.42025947570801,"Unknown"
"7014851",371865,2025-11-10 05:06:24,43.1907119750977,-8.42042636871338,"Unknown"
"7014851",371865,2025-11-10 05:36:44,43.1902389526367,-8.42060565948486,"Unknown"
"7014851",371865,2025-11-10 06:06:24,43.1915283203125,-8.42147731781006,"Unknown"
"7014851",371865,2025-11-10 06:36:45,43.1909637451172,-8.42076873779297,"Unknown"
"7014851",371865,2025-11-10 07:06:33,43.188419342041,-8.4174280166626,"Unknown"
"7014851",371865,2025-11-10 07:36:45,43.1297912597656,-8.47046947479248,"Unknown"
"7014851",371865,2025-11-10 08:07:05,43.130687713623,-8.47119617462158,"Unknown"
"7014851",371865,2025-11-10 08:36:44,43.1311531066895,-8.47175121307373,"Unknown"
"7014851",371865,2025-11-10 09:06:19,43.1309547424316,-8.47148036956787,"Unknown"
"7014851",371865,2025-11-10 09:36:55,43.1326103210449,-8.47345161437988,"Unknown"
"7014851",371865,2025-11-10 10:06:22,43.1296424865723,-8.46975231170654,"Unknown"
"7014851",371865,2025-11-10 10:36:53,43.1295356750488,-8.46955108642578,"Unknown"
"7014851",371865,2025-11-10 11:06:18,43.1296501159668,-8.46993350982666,"Unknown"
"7014851",371865,2025-11-10 11:36:18,43.1297569274902,-8.46988105773926,"Unknown"
"7014851",371865,2025-11-10 12:06:44,43.1296768188477,-8.46994876861572,"Unknown"
"7014851",371865,2025-11-10 12:36:19,43.1297149658203,-8.47024250030518,"Unknown"
"7014851",371865,2025-11-10 13:07:14,43.130859375,-8.47128105163574,"Unknown"
"7014851",371865,2025-11-10 13:36:25,43.1308784484863,-8.4711332321167,"Unknown"
"7014851",371865,2025-11-10 14:06:46,43.1295433044434,-8.46935367584229,"Unknown"
"7014851",371865,2025-11-10 14:36:53,43.129825592041,-8.4703540802002,"Unknown"
"7014851",371865,2025-11-10 15:06:19,43.1305961608887,-8.47093105316162,"Unknown"
"7014851",371865,2025-11-10 15:36:19,43.1305770874023,-8.47110366821289,"Unknown"
"7014851",371865,2025-11-10 16:06:45,43.1293258666992,-8.46951198577881,"Unknown"
"7014851",371865,2025-11-10 16:36:19,43.1303634643555,-8.47144222259521,"Unknown"
"7014851",371865,2025-11-10 17:06:53,43.1308364868164,-8.47130298614502,"Unknown"
"7014851",371865,2025-11-10 17:36:49,43.1917037963867,-8.42029094696045,"Unknown"
"7014851",371865,2025-11-10 18:06:25,43.1759948730469,-8.43522167205811,"Unknown"
"7014851",371865,2025-11-10 18:36:31,43.1722640991211,-8.4401798248291,"Unknown"
"7014851",371865,2025-11-10 19:06:45,43.1719512939453,-8.44053554534912,"Unknown"
"7014851",371865,2025-11-10 19:36:42,43.171875,-8.44057083129883,"Unknown"
"7014851",371865,2025-11-10 20:06:44,43.1719245910645,-8.44028377532959,"Unknown"
"7014851",371865,2025-11-10 20:36:30,43.1719551086426,-8.44013690948486,"Unknown"
"7014851",371865,2025-11-10 21:06:44,43.172248840332,-8.44026947021484,"Unknown"
"7014851",371865,2025-11-10 21:36:53,43.1722869873047,-8.44033718109131,"Unknown"
"7014851",371865,2025-11-10 22:06:18,43.1721534729004,-8.44035625457764,"Unknown"
"7014851",371865,2025-11-10 22:36:22,43.1722679138184,-8.44022083282471,"Unknown"
"7014851",371865,2025-11-10 23:06:29,43.1726951599121,-8.44048404693604,"Unknown"
"7014851",371865,2025-11-10 23:36:28,43.1724281311035,-8.44032192230225,"Unknown"
"7014851",371865,2025-11-11 00:06:24,43.1722640991211,-8.4403076171875,"Unknown"
"7014851",371865,2025-11-11 00:36:45,43.1720504760742,-8.44040012359619,"Unknown"
"7014851",371865,2025-11-11 01:06:19,43.1722221374512,-8.44020080566406,"Unknown"
"7014851",371865,2025-11-11 01:36:45,43.1725463867188,-8.43999671936035,"Unknown"
"7014851",371865,2025-11-11 02:07:05,43.1716918945312,-8.44042587280273,"Unknown"
"7014851",371865,2025-11-11 02:36:18,43.1716232299805,-8.4406099319458,"Unknown"
"7014851",371865,2025-11-11 03:06:41,43.1717529296875,-8.44054794311523,"Unknown"
"7014851",371865,2025-11-11 03:36:22,43.1934967041016,-8.42104530334473,"Unknown"
"7014851",371865,2025-11-11 04:06:45,43.1931686401367,-8.42171382904053,"Unknown"
"7014851",371865,2025-11-11 04:36:31,43.1929016113281,-8.42143726348877,"Unknown"
"7014851",371865,2025-11-11 05:06:45,43.1916542053223,-8.4189281463623,"Unknown"
"7014851",371865,2025-11-11 05:36:31,43.191234588623,-8.41906261444092,"Unknown"
"7014851",371865,2025-11-11 06:06:53,43.1921157836914,-8.42076015472412,"Unknown"
"7014851",371865,2025-11-11 06:36:22,43.1903457641602,-8.42206001281738,"Unknown"
"7014851",371865,2025-11-11 07:06:21,43.1913375854492,-8.42213249206543,"Unknown"
"7014851",371865,2025-11-11 07:36:18,43.1396446228027,-8.47110271453857,"Unknown"
"7014851",371865,2025-11-11 08:06:53,43.1296501159668,-8.47062683105469,"Unknown"
"7014851",371865,2025-11-11 08:36:19,43.1296310424805,-8.47057247161865,"Unknown"
"7014851",371865,2025-11-11 09:06:44,43.1292686462402,-8.47055149078369,"Unknown"
"7014851",371865,2025-11-11 09:36:21,43.1284866333008,-8.46930503845215,"Unknown"
"7014851",371865,2025-11-11 10:06:44,43.1290130615234,-8.47029113769531,"Unknown"
"7014851",371865,2025-11-11 10:36:18,43.1300430297852,-8.47036457061768,"Unknown"
"7014851",371865,2025-11-11 11:06:44,43.1291847229004,-8.47013282775879,"Unknown"
"7014851",371865,2025-11-11 11:36:24,43.1292190551758,-8.47015476226807,"Unknown"
"7014851",371865,2025-11-11 12:06:45,43.129322052002,-8.47019481658936,"Unknown"
"7014851",371865,2025-11-11 12:36:17,43.1292762756348,-8.47038078308105,"Unknown"
"7014851",371865,2025-11-11 13:06:35,43.1287460327148,-8.4703483581543,"Unknown"
"7014851",371865,2025-11-11 13:36:45,43.1289710998535,-8.47030925750732,"Unknown"
"7014851",371865,2025-11-11 14:06:17,43.1289215087891,-8.47034740447998,"Unknown"
"7014851",371865,2025-11-11 14:36:35,43.1290016174316,-8.47033500671387,"Unknown"
"7014851",371865,2025-11-11 15:06:53,43.130859375,-8.47123527526855,"Unknown"
"7014851",371865,2025-11-11 15:36:24,43.1308479309082,-8.4712028503418,"Unknown"
"7014851",371865,2025-11-11 16:06:45,43.1306533813477,-8.47099781036377,"Unknown"
"7014851",371865,2025-11-11 16:36:21,43.0951461791992,-8.45879077911377,"Unknown"
"7014851",371865,2025-11-11 17:06:41,43.1293029785156,-8.47048473358154,"Unknown"
"7014851",371865,2025-11-11 17:36:23,43.1916732788086,-8.42235946655273,"Unknown"
"7014851",371865,2025-11-11 18:06:44,43.1912689208984,-8.4216194152832,"Unknown"
"7014851",371865,2025-11-11 18:36:26,43.1907806396484,-8.42173862457275,"Unknown"
"7014851",371865,2025-11-11 19:06:53,43.1921005249023,-8.42104530334473,"Unknown"
"7014851",371865,2025-11-11 19:36:16,43.192943572998,-8.42098999023438,"Unknown"
"7014851",371865,2025-11-11 20:06:24,43.1934280395508,-8.42084693908691,"Unknown"
"7014851",371865,2025-11-11 20:36:35,43.1929779052734,-8.42086982727051,"Unknown"
"7014851",371865,2025-11-11 21:06:45,43.1898078918457,-8.421462059021,"Unknown"
"7014851",371865,2025-11-11 21:36:25,43.1918601989746,-8.42119407653809,"Unknown"
"7014851",371865,2025-11-11 22:06:38,43.1908683776855,-8.419189453125,"Unknown"
"7014851",371865,2025-11-11 22:36:44,43.1940040588379,-8.42296123504639,"Unknown"
"7014851",371865,2025-11-11 23:06:16,43.1934928894043,-8.42655086517334,"Unknown"
"7014851",371865,2025-11-11 23:36:35,43.1709976196289,-8.44604396820068,"Unknown"
"7014851",371865,2025-11-12 00:06:15,43.1709022521973,-8.44597148895264,"Unknown"
"7014851",371865,2025-11-12 00:36:17,43.1709442138672,-8.44595527648926,"Unknown"
"7014851",371865,2025-11-12 01:06:16,43.1710319519043,-8.44626140594482,"Unknown"
"7014851",371865,2025-11-12 01:36:15,43.1711387634277,-8.44633769989014,"Unknown"
"7014851",371865,2025-11-12 02:06:53,43.1934013366699,-8.42083930969238,"Unknown"
"7014851",371865,2025-11-12 02:36:15,43.1936721801758,-8.4206075668335,"Unknown"
"7014851",371865,2025-11-12 03:06:17,43.1929779052734,-8.42068576812744,"Unknown"
"7014851",371865,2025-11-12 03:36:17,43.1933326721191,-8.42040729522705,"Unknown"
"7014851",371865,2025-11-12 04:06:35,43.1923446655273,-8.4198055267334,"Unknown"
"7014851",371865,2025-11-12 04:36:15,43.1922988891602,-8.41967010498047,"Unknown"
"7014851",371865,2025-11-12 05:06:16,43.1929550170898,-8.42231369018555,"Unknown"
"7014851",371865,2025-11-12 05:36:17,43.1901435852051,-8.42007160186768,"Unknown"
"7014851",371865,2025-11-12 06:06:44,43.1905326843262,-8.42107772827148,"Unknown"
"7014851",371865,2025-11-12 06:36:22,43.1901435852051,-8.42231941223145,"Unknown"
"7014851",371865,2025-11-12 07:07:05,43.1886596679688,-8.42050838470459,"Unknown"
"7014851",371865,2025-11-12 07:36:15,43.1712188720703,-8.44626617431641,"Unknown"
"7014851",371865,2025-11-12 08:06:15,43.1300277709961,-8.47029209136963,"Unknown"
"7014851",371865,2025-11-12 08:36:16,43.1310157775879,-8.47155475616455,"Unknown"
"7014851",371865,2025-11-12 09:06:19,43.1306953430176,-8.47129440307617,"Unknown"
"7014851",371865,2025-11-12 09:36:36,43.1306457519531,-8.47165203094482,"Unknown"
"7014851",371865,2025-11-12 10:06:18,43.1304626464844,-8.47140884399414,"Unknown"
"7014851",371865,2025-11-12 10:36:35,43.1304244995117,-8.47185134887695,"Unknown"
"7014851",371865,2025-11-12 11:06:22,43.1324310302734,-8.47243499755859,"Unknown"
"7014851",371865,2025-11-12 11:36:25,43.1320266723633,-8.46810150146484,"Unknown"
"7014851",371865,2025-11-12 12:06:41,43.1323432922363,-8.46807861328125,"Unknown"
"7014851",371865,2025-11-12 12:36:27,43.1316833496094,-8.46795463562012,"Unknown"
"7014851",371865,2025-11-12 13:06:25,43.1292152404785,-8.46906852722168,"Unknown"
"7014851",371865,2025-11-12 13:36:35,43.1292419433594,-8.46916770935059,"Unknown"
"7014851",371865,2025-11-12 14:06:31,43.1290969848633,-8.46919441223145,"Unknown"
"7014851",371865,2025-11-12 14:36:15,43.129207611084,-8.46930503845215,"Unknown"
"7014851",371865,2025-11-12 15:06:29,43.1297149658203,-8.47023773193359,"Unknown"
"7014851",371865,2025-11-12 15:36:18,43.1307487487793,-8.47120094299316,"Unknown"
"7014851",371865,2025-11-12 16:06:19,43.1308403015137,-8.47118949890137,"Unknown"
"7014851",371865,2025-11-12 16:36:17,43.1292495727539,-8.47012042999268,"Unknown"
"7014851",371865,2025-11-12 17:06:19,43.2598304748535,-8.36928558349609,"Unknown"
"7014851",371865,2025-11-12 17:36:24,43.3592948913574,-8.39845561981201,"Unknown"
"7014851",371865,2025-11-12 18:06:18,43.3587875366211,-8.39778709411621,"Unknown"
"7014851",371865,2025-11-12 18:36:17,43.3589286804199,-8.39766502380371,"Unknown"
"7014851",371865,2025-11-12 19:06:25,43.358757019043,-8.39314746856689,"Unknown"
"7014851",371865,2025-11-12 19:36:17,43.3598709106445,-8.39948844909668,"Unknown"
"7014851",371865,2025-11-12 20:06:18,43.3597717285156,-8.39988231658936,"Unknown"
"7014851",371865,2025-11-12 20:36:22,43.359619140625,-8.40019130706787,"Unknown"
"7014851",371865,2025-11-12 21:06:17,43.3598556518555,-8.40004253387451,"Unknown"
"7014851",371865,2025-11-12 21:36:16,43.3594398498535,-8.4004955291748,"Unknown"
"7014851",371865,2025-11-12 22:06:15,43.3593711853027,-8.40052223205566,"Unknown"
"7014851",371865,2025-11-12 22:36:15,43.3593635559082,-8.40048027038574,"Unknown"
"7014851",371865,2025-11-12 23:06:15,43.3596038818359,-8.40057849884033,"Unknown"
"7014851",371865,2025-11-12 23:36:16,43.359748840332,-8.40038108825684,"Unknown"
"7014851",371865,2025-11-13 00:06:15,43.3596000671387,-8.40013694763184,"Unknown"
"7014851",371865,2025-11-13 00:36:16,43.3595352172852,-8.40018081665039,"Unknown"
"7014851",371865,2025-11-13 01:06:16,43.3596687316895,-8.39986896514893,"Unknown"
"7014851",371865,2025-11-13 01:36:16,43.3596000671387,-8.40032482147217,"Unknown"
"7014851",371865,2025-11-13 02:06:18,43.3595352172852,-8.40025520324707,"Unknown"
"7014851",371865,2025-11-13 02:36:18,43.3597450256348,-8.40040969848633,"Unknown"
"7014851",371865,2025-11-13 03:06:17,43.3598289489746,-8.39997100830078,"Unknown"
"7014851",371865,2025-11-13 03:36:17,43.3592262268066,-8.40061664581299,"Unknown"
"7014851",371865,2025-11-13 04:06:16,43.3596572875977,-8.40011501312256,"Unknown"
"7014851",371865,2025-11-13 04:36:15,43.3594856262207,-8.40012645721436,"Unknown"
"7014851",371865,2025-11-13 05:06:16,43.3593330383301,-8.39957523345947,"Unknown"
"7014851",371865,2025-11-13 05:36:16,43.3601608276367,-8.4002857208252,"Unknown"
"7014851",371865,2025-11-13 06:06:14,43.3611259460449,-8.40041637420654,"Unknown"
"7014851",371865,2025-11-13 06:36:17,43.3626899719238,-8.40359973907471,"Unknown"
"7014851",371865,2025-11-13 07:06:15,43.375171661377,-8.49184322357178,"Unknown"
"7014851",371865,2025-11-13 07:36:15,43.3083915710449,-8.65760135650635,"Unknown"
"7014851",371865,2025-11-13 08:06:53,43.292121887207,-8.69844341278076,"Unknown"
"7014851",371865,2025-11-13 08:36:37,43.2923812866211,-8.69760227203369,"Unknown"
"7014851",371865,2025-11-13 09:07:00,43.3049125671387,-8.73817348480225,"Unknown"
"7014851",371865,2025-11-13 09:36:25,43.3448486328125,-8.84109973907471,"Unknown"
"7014851",371865,2025-11-13 10:06:18,43.3448791503906,-8.8409948348999,"Unknown"
"7014851",371865,2025-11-13 10:36:53,43.3448104858398,-8.84100532531738,"Unknown"
"7014851",371865,2025-11-13 11:06:13,43.3271865844727,-8.81686210632324,"Unknown"
"7014851",371865,2025-11-13 11:36:45,43.3217582702637,-8.80758476257324,"Unknown"
"7014851",371865,2025-11-13 12:06:35,43.3198394775391,-8.80513286590576,"Unknown"
"7014851",371865,2025-11-13 12:36:44,43.3205375671387,-8.80295276641846,"Unknown"
"7014851",371865,2025-11-13 13:06:35,43.3199234008789,-8.80527687072754,"Unknown"
"7014851",371865,2025-11-13 13:36:39,43.2980308532715,-8.75556659698486,"Unknown"
"7014851",371865,2025-11-13 14:06:20,43.2924156188965,-8.69673156738281,"Unknown"
"7014851",371865,2025-11-13 14:36:15,43.2926063537598,-8.69637203216553,"Unknown"
"7014851",371865,2025-11-13 15:06:33,43.2926063537598,-8.69606876373291,"Unknown"
"7014851",371865,2025-11-13 15:36:20,43.2926445007324,-8.69622707366943,"Unknown"
"7014851",371865,2025-11-13 16:06:15,43.2925910949707,-8.69625854492188,"Unknown"
"7014851",371865,2025-11-13 16:36:26,43.292724609375,-8.6963062286377,"Unknown"
"7014851",371865,2025-11-13 17:07:37,43.3218002319336,-8.73973083496094,"Unknown"
"7014851",371865,2025-11-13 17:36:17,43.3073234558105,-8.77208518981934,"Unknown"
"7014851",371865,2025-11-13 18:06:18,43.3089256286621,-8.77326202392578,"Unknown"
"7014851",371865,2025-11-13 18:36:44,43.3160514831543,-8.77387714385986,"Unknown"
"7014851",371865,2025-11-13 19:06:23,43.3137359619141,-8.77251148223877,"Unknown"
"7014851",371865,2025-11-13 19:36:43,43.3136978149414,-8.77429008483887,"Unknown"
"7014851",371865,2025-11-13 20:06:30,43.3136596679688,-8.77536869049072,"Unknown"
"7014851",371865,2025-11-13 20:36:35,43.3131637573242,-8.77629375457764,"Unknown"
"7014851",371865,2025-11-13 21:06:12,43.3118286132812,-8.77447986602783,"Unknown"
"7014851",371865,2025-11-13 21:36:18,43.3111686706543,-8.77406883239746,"Unknown"
"7014851",371865,2025-11-13 22:06:14,43.3118171691895,-8.77467441558838,"Unknown"
"7014851",371865,2025-11-13 22:36:14,43.3127479553223,-8.77443885803223,"Unknown"
"7014851",371865,2025-11-13 23:06:17,43.3137588500977,-8.77441215515137,"Unknown"
"7014851",371865,2025-11-13 23:36:18,43.313533782959,-8.77330780029297,"Unknown"
"7014851",371865,2025-11-14 00:06:43,43.3147811889648,-8.77302169799805,"Unknown"
"7014851",371865,2025-11-14 00:36:15,43.3124885559082,-8.77239322662354,"Unknown"
"7014851",371865,2025-11-14 01:06:18,43.314826965332,-8.77122688293457,"Unknown"
"7014851",371865,2025-11-14 01:36:24,43.3147964477539,-8.77047538757324,"Unknown"
"7014851",371865,2025-11-14 02:06:35,43.3106575012207,-8.77259635925293,"Unknown"
"7014851",371865,2025-11-14 02:36:13,43.3096923828125,-8.7725305557251,"Unknown"
"7014851",371865,2025-11-14 03:06:15,43.3100738525391,-8.7714204788208,"Unknown"
"7014851",371865,2025-11-14 03:36:22,43.3091506958008,-8.7697811126709,"Unknown"
"7014851",371865,2025-11-14 04:06:35,43.3110122680664,-8.77227020263672,"Unknown"
"7014851",371865,2025-11-14 04:36:13,43.3111915588379,-8.77002906799316,"Unknown"
"7014851",371865,2025-11-14 05:06:14,43.3098030090332,-8.77273178100586,"Unknown"
"7014851",371865,2025-11-14 05:36:14,43.3093643188477,-8.77175712585449,"Unknown"
"7014851",371865,2025-11-14 06:06:14,43.3091735839844,-8.77131748199463,"Unknown"
"7014851",371865,2025-11-14 06:36:14,43.3088836669922,-8.77109336853027,"Unknown"
"7014851",371865,2025-11-14 07:06:13,43.3041839599609,-8.74406051635742,"Unknown"
"7014851",371865,2025-11-14 07:36:16,43.2923240661621,-8.69759178161621,"Unknown"
"7014851",371865,2025-11-14 08:06:14,43.3207130432129,-8.5856294631958,"Unknown"
"7014851",371865,2025-11-14 08:36:14,43.279296875,-8.53854560852051,"Unknown"
"7014851",371865,2025-11-14 09:06:14,43.2283897399902,-8.52220249176025,"Unknown"
"7014851",371865,2025-11-14 09:36:15,43.1394081115723,-8.46627807617188,"Unknown"
"7014851",371865,2025-11-14 10:06:14,43.1306419372559,-8.47140407562256,"Unknown"
"7014851",371865,2025-11-14 10:36:14,43.1304244995117,-8.47098541259766,"Unknown"
"7014851",371865,2025-11-14 11:06:15,43.1299591064453,-8.46934795379639,"Unknown"
"7014851",371865,2025-11-14 11:36:19,43.1294975280762,-8.4692325592041,"Unknown"
"7014851",371865,2025-11-14 12:06:15,43.1291580200195,-8.46957397460938,"Unknown"
"7014851",371865,2025-11-14 12:36:14,43.129753112793,-8.46900463104248,"Unknown"
"7014851",371865,2025-11-14 13:06:15,43.1294441223145,-8.46914958953857,"Unknown"
"7014851",371865,2025-11-14 13:36:14,43.1303443908691,-8.47099113464355,"Unknown"
"7014851",371865,2025-11-14 14:06:13,43.1296234130859,-8.46939373016357,"Unknown"
"7014851",371865,2025-11-14 14:36:14,43.1297760009766,-8.46968078613281,"Unknown"
"7014851",371865,2025-11-14 15:06:14,43.1305084228516,-8.4712553024292,"Unknown"
"7014851",371865,2025-11-14 15:36:15,43.1294288635254,-8.46956062316895,"Unknown"
"7014851",371865,2025-11-14 16:06:14,43.1295776367188,-8.47006511688232,"Unknown"
"7014851",371865,2025-11-14 16:36:14,43.3539009094238,-8.35827445983887,"Unknown"
"7014851",371865,2025-11-14 17:06:15,43.3978271484375,-8.29107856750488,"Unknown"
"7014851",371865,2025-11-14 17:36:21,43.3977890014648,-8.29089736938477,"Unknown"
"7014851",371865,2025-11-14 18:06:15,43.3962554931641,-8.28830528259277,"Unknown"
"7014851",371865,2025-11-14 18:36:24,43.3940544128418,-8.27636814117432,"Unknown"
"7014851",371865,2025-11-14 19:06:13,43.3936462402344,-8.27457618713379,"Unknown"
"7014851",371865,2025-11-14 19:36:14,43.3931732177734,-8.27228736877441,"Unknown"
"7014851",371865,2025-11-14 20:06:18,43.39306640625,-8.28337574005127,"Unknown"
"7014851",371865,2025-11-14 20:36:22,43.3933525085449,-8.28334712982178,"Unknown"
"7014851",371865,2025-11-14 21:06:14,43.3932571411133,-8.28298473358154,"Unknown"
"7014851",371865,2025-11-14 21:36:13,43.3932609558105,-8.28365516662598,"Unknown"
"7014851",371865,2025-11-14 22:06:17,43.3935699462891,-8.28351020812988,"Unknown"
"7014851",371865,2025-11-14 22:36:18,43.3937835693359,-8.28351497650146,"Unknown"
"7014851",371865,2025-11-14 23:06:13,43.3934097290039,-8.28438377380371,"Unknown"
"7014851",371865,2025-11-14 23:36:14,43.395149230957,-8.28395175933838,"Unknown"
"7014851",371865,2025-11-15 00:06:12,43.3924560546875,-8.28392219543457,"Unknown"
"7014851",371865,2025-11-15 00:36:12,43.3925857543945,-8.2840051651001,"Unknown"
"7014851",371865,2025-11-15 01:06:13,43.3919715881348,-8.28299808502197,"Unknown"
"7014851",371865,2025-11-15 01:36:15,43.3923721313477,-8.28226089477539,"Unknown"
"7014851",371865,2025-11-15 02:06:13,43.3955421447754,-8.27671337127686,"Unknown"
"7014851",371865,2025-11-15 02:36:13,43.3925933837891,-8.28425693511963,"Unknown"
"7014851",371865,2025-11-15 03:06:17,43.3929176330566,-8.28410625457764,"Unknown"
"7014851",371865,2025-11-15 03:36:16,43.3925704956055,-8.28415298461914,"Unknown"
"7014851",371865,2025-11-15 04:06:24,43.3928604125977,-8.28236389160156,"Unknown"
"7014851",371865,2025-11-15 04:36:35,43.3917617797852,-8.28324604034424,"Unknown"
"7014851",371865,2025-11-15 05:06:18,43.390453338623,-8.28278636932373,"Unknown"
"7014851",371865,2025-11-15 05:36:16,43.3911437988281,-8.28220462799072,"Unknown"
"7014851",371865,2025-11-15 06:06:18,43.3911247253418,-8.28186416625977,"Unknown"
"7014851",371865,2025-11-15 06:36:19,43.3911247253418,-8.28189754486084,"Unknown"
"7014851",371865,2025-11-15 07:06:18,43.3931312561035,-8.28350639343262,"Unknown"
"7014851",371865,2025-11-15 07:37:08,43.3465347290039,-8.38281345367432,"Unknown"
"7014851",371865,2025-11-15 08:06:13,43.294548034668,-8.37575531005859,"Unknown"
"7014851",371865,2025-11-15 08:36:16,43.1974678039551,-8.40110778808594,"Unknown"
"7014851",371865,2025-11-15 09:06:17,43.1304626464844,-8.47171020507812,"Unknown"
"7014851",371865,2025-11-15 09:36:18,43.1302185058594,-8.4718542098999,"Unknown"
"7014851",371865,2025-11-15 10:06:16,43.1283912658691,-8.46979713439941,"Unknown"
"7014851",371865,2025-11-15 10:36:17,43.1302490234375,-8.47099304199219,"Unknown"
"7014851",371865,2025-11-15 11:06:23,43.1289863586426,-8.46906661987305,"Unknown"
"7014851",371865,2025-11-15 11:36:34,43.1286430358887,-8.46931171417236,"Unknown"
"7014851",371865,2025-11-15 12:06:17,43.1287117004395,-8.46967315673828,"Unknown"
"7014851",371865,2025-11-15 12:36:19,43.1286888122559,-8.46981906890869,"Unknown"
"7014851",371865,2025-11-15 13:06:34,43.1287803649902,-8.46969413757324,"Unknown"
"7014851",371865,2025-11-15 13:36:10,43.1299247741699,-8.46943950653076,"Unknown"
"7014851",371865,2025-11-15 14:06:11,43.1299591064453,-8.46742820739746,"Unknown"
"7014851",371865,2025-11-15 14:36:23,43.1289596557617,-8.46805381774902,"Unknown"
"7014851",371865,2025-11-15 15:06:43,43.1299629211426,-8.46744918823242,"Unknown"
"7014851",371865,2025-11-15 15:36:35,43.1299819946289,-8.46739482879639,"Unknown"
"7014851",371865,2025-11-15 16:06:13,43.1885032653809,-8.42092895507812,"Unknown"
"7014851",371865,2025-11-15 16:36:18,43.3181343078613,-8.35963821411133,"Unknown"
"7014851",371865,2025-11-15 17:06:18,43.3183326721191,-8.35963535308838,"Unknown"
"7014851",371865,2025-11-15 17:36:15,43.3578186035156,-8.39134883880615,"Unknown"
"7014851",371865,2025-11-15 18:06:37,43.359691619873,-8.39959526062012,"Unknown"
"7014851",371865,2025-11-15 18:36:37,43.3615074157715,-8.39972114562988,"Unknown"
"7014851",371865,2025-11-15 19:06:16,43.3595275878906,-8.39913272857666,"Unknown"
"7014851",371865,2025-11-15 19:36:16,43.3596038818359,-8.3992977142334,"Unknown"
"7014851",371865,2025-11-15 20:06:12,43.3580780029297,-8.39626026153564,"Unknown"
"7014851",371865,2025-11-15 20:36:18,43.3604278564453,-8.39997959136963,"Unknown"
"7014851",371865,2025-11-15 21:06:35,43.3598251342773,-8.39950370788574,"Unknown"
"7014851",371865,2025-11-15 21:36:19,43.359748840332,-8.39934825897217,"Unknown"
"7014851",371865,2025-11-15 22:06:24,43.3583908081055,-8.39236736297607,"Unknown"
"7014851",371865,2025-11-15 22:36:20,43.3595771789551,-8.39822196960449,"Unknown"
"7014851",371865,2025-11-15 23:06:25,43.359806060791,-8.39906597137451,"Unknown"
"7014851",371865,2025-11-15 23:36:35,43.3596992492676,-8.39922618865967,"Unknown"
"7014851",371865,2025-11-16 00:06:10,43.3600234985352,-8.39826488494873,"Unknown"
"7014851",371865,2025-11-16 00:36:12,43.3597297668457,-8.39923191070557,"Unknown"
"7014851",371865,2025-11-16 01:06:18,43.3596115112305,-8.39890193939209,"Unknown"
"7014851",371865,2025-11-16 01:36:19,43.359748840332,-8.39924240112305,"Unknown"
"7014851",371865,2025-11-16 02:06:14,43.3598365783691,-8.39925289154053,"Unknown"
"7014851",371865,2025-11-16 02:36:33,43.3598442077637,-8.39913463592529,"Unknown"
"7014851",371865,2025-11-16 03:06:35,43.3598365783691,-8.39913845062256,"Unknown"
"7014851",371865,2025-11-16 03:36:18,43.3596687316895,-8.39931678771973,"Unknown"
"7014851",371865,2025-11-16 04:06:10,43.3588943481445,-8.39990425109863,"Unknown"
"7014851",371865,2025-11-16 04:36:10,43.3594627380371,-8.39923763275146,"Unknown"
"7014851",371865,2025-11-16 05:06:11,43.3591766357422,-8.39901447296143,"Unknown"
"7014851",371865,2025-11-16 05:36:15,43.3596038818359,-8.3992395401001,"Unknown"
"7014851",371865,2025-11-16 06:06:10,43.3829078674316,-8.467529296875,"Unknown"
"7014851",371865,2025-11-16 06:36:35,43.374382019043,-8.48949909210205,"Unknown"
"7014851",371865,2025-11-16 07:06:11,43.3736953735352,-8.48852920532227,"Unknown"
"7014851",371865,2025-11-16 07:36:13,43.3288116455078,-8.51211071014404,"Unknown"
"7014851",371865,2025-11-16 08:06:11,43.2790412902832,-8.45531845092773,"Unknown"
"7014851",371865,2025-11-16 08:36:11,43.1809349060059,-8.46852016448975,"Unknown"
"7014851",371865,2025-11-16 09:06:13,43.1301040649414,-8.4694938659668,"Unknown"
"7014851",371865,2025-11-16 09:36:11,43.1301803588867,-8.46964931488037,"Unknown"
"7014851",371865,2025-11-16 10:06:13,43.1327362060547,-8.47261714935303,"Unknown"
"7014851",371865,2025-11-16 10:36:10,43.1293067932129,-8.46995258331299,"Unknown"
"7014851",371865,2025-11-16 11:06:10,43.1297569274902,-8.4699535369873,"Unknown"
"7014851",371865,2025-11-16 11:36:13,43.129825592041,-8.46985626220703,"Unknown"
"7014851",371865,2025-11-16 12:06:10,43.1300468444824,-8.46932888031006,"Unknown"
"7014851",371865,2025-11-16 12:36:10,43.1301498413086,-8.47105598449707,"Unknown"
"7014851",371865,2025-11-16 13:06:11,43.1318893432617,-8.46823501586914,"Unknown"
"7014851",371865,2025-11-16 13:36:18,43.1319580078125,-8.46814632415771,"Unknown"
"7014851",371865,2025-11-16 14:06:35,43.1321411132812,-8.46830940246582,"Unknown"
"7014851",371865,2025-11-16 14:36:08,43.1322326660156,-8.46822547912598,"Unknown"
"7014851",371865,2025-11-16 15:06:11,43.1306381225586,-8.47109699249268,"Unknown"
"7014851",371865,2025-11-16 15:36:10,43.1300659179688,-8.47076511383057,"Unknown"
"7014851",371865,2025-11-16 16:06:10,43.1304130554199,-8.47113990783691,"Unknown"
"7014851",371865,2025-11-16 16:36:10,43.3039169311523,-8.36405849456787,"Unknown"
"7014851",371865,2025-11-16 17:06:11,43.3173141479492,-8.35892391204834,"Unknown"
"7014851",371865,2025-11-16 17:36:10,43.3567123413086,-8.38938522338867,"Unknown"
"7014851",371865,2025-11-16 18:06:13,43.358699798584,-8.39303302764893,"Unknown"
"7014851",371865,2025-11-16 18:36:10,43.3578758239746,-8.39394474029541,"Unknown"
"7014851",371865,2025-11-16 19:06:10,43.3586769104004,-8.39324188232422,"Unknown"
"7014851",371865,2025-11-16 19:36:34,43.3588981628418,-8.3928804397583,"Unknown"
"7014851",371865,2025-11-16 20:06:08,43.3589782714844,-8.39312553405762,"Unknown"
"7014851",371865,2025-11-16 20:36:09,43.3596458435059,-8.38167476654053,"Unknown"
"7014851",371865,2025-11-16 21:06:09,43.3592185974121,-8.37997245788574,"Unknown"
"7014851",371865,2025-11-16 21:36:09,43.3575782775879,-8.37298107147217,"Unknown"
"7014851",371865,2025-11-16 22:06:08,43.3551445007324,-8.3681697845459,"Unknown"
"7014851",371865,2025-11-16 22:36:35,43.3589324951172,-8.39313983917236,"Unknown"
"7014851",371865,2025-11-16 23:06:07,43.3589401245117,-8.3930549621582,"Unknown"
"7014851",371865,2025-11-16 23:36:17,43.3591766357422,-8.39326477050781,"Unknown"
"7014851",371865,2025-11-17 00:06:19,43.3597221374512,-8.39893054962158,"Unknown"
"7014851",371865,2025-11-17 00:36:35,43.3597259521484,-8.39882469177246,"Unknown"
"7014851",371865,2025-11-17 01:06:07,43.3585395812988,-8.39312648773193,"Unknown"
"7014851",371865,2025-11-17 01:36:46,43.3585205078125,-8.39322853088379,"Unknown"
"7014851",371865,2025-11-17 02:06:36,43.3587875366211,-8.39328479766846,"Unknown"
"7014851",371865,2025-11-17 02:36:10,43.3585166931152,-8.39333534240723,"Unknown"
"7014851",371865,2025-11-17 03:06:18,43.3591461181641,-8.39307308197021,"Unknown"
"7014851",371865,2025-11-17 03:36:18,43.3589935302734,-8.3923454284668,"Unknown"
"7014851",371865,2025-11-17 04:06:27,43.3587036132812,-8.39229202270508,"Unknown"
"7014851",371865,2025-11-17 04:36:20,43.359058380127,-8.39241409301758,"Unknown"
"7014851",371865,2025-11-17 05:06:17,43.3592910766602,-8.39216899871826,"Unknown"
"7014851",371865,2025-11-17 05:36:32,43.3642768859863,-8.40121555328369,"Unknown"
"7014851",371865,2025-11-17 06:06:08,43.3644790649414,-8.40057754516602,"Unknown"
"7014851",371865,2025-11-17 06:36:08,43.3645286560059,-8.40047550201416,"Unknown"
"7014851",371865,2025-11-17 07:06:08,43.3643264770508,-8.40091514587402,"Unknown"
"7014851",371865,2025-11-17 07:36:08,43.1927223205566,-8.37618064880371,"Unknown"
"7014851",371865,2025-11-17 08:06:09,43.1302490234375,-8.46995067596436,"Unknown"
"7014851",371865,2025-11-17 08:36:28,43.1303787231445,-8.46984100341797,"Unknown"
"7014851",371865,2025-11-17 09:06:35,43.1324768066406,-8.46873378753662,"Unknown"
"7014851",371865,2025-11-17 09:36:09,43.1328086853027,-8.46844100952148,"Unknown"
"7014851",371865,2025-11-17 10:06:07,43.132999420166,-8.46914291381836,"Unknown"
"7014851",371865,2025-11-17 10:36:08,43.1329383850098,-8.46913528442383,"Unknown"
"7014851",371865,2025-11-17 11:06:06,43.1331329345703,-8.46884918212891,"Unknown"
"7014851",371865,2025-11-17 11:36:09,43.1329727172852,-8.46898651123047,"Unknown"
"7014851",371865,2025-11-17 12:06:07,43.1329536437988,-8.46904850006104,"Unknown"
"7014851",371865,2025-11-17 12:36:35,43.1329078674316,-8.46902847290039,"Unknown"
"7014851",371865,2025-11-17 13:06:06,43.1328735351562,-8.46900367736816,"Unknown"
"7014851",371865,2025-11-17 13:36:07,43.1333923339844,-8.46995544433594,"Unknown"
"7014851",371865,2025-11-17 14:06:23,43.1331100463867,-8.46909332275391,"Unknown"
"7014851",371865,2025-11-17 14:36:25,43.1334953308105,-8.46903705596924,"Unknown"
"7014851",371865,2025-11-17 15:06:12,43.1329498291016,-8.4691686630249,"Unknown"
"7014851",371865,2025-11-17 15:36:11,43.1301727294922,-8.46995544433594,"Unknown"
"7014851",371865,2025-11-17 16:06:20,43.1308937072754,-8.47269344329834,"Unknown"
"7014851",371865,2025-11-17 16:37:11,43.1918830871582,-8.42599105834961,"Unknown"
"7014851",371865,2025-11-17 17:06:38,43.2483444213867,-8.37612819671631,"Unknown"
"7014851",371865,2025-11-17 17:36:08,43.4014625549316,-8.34118461608887,"Unknown"
"7014851",371865,2025-11-17 18:06:11,43.3909072875977,-8.2843132019043,"Unknown"
"7014851",371865,2025-11-17 18:36:11,43.3907279968262,-8.28366184234619,"Unknown"
"7014851",371865,2025-11-17 19:06:08,43.3904724121094,-8.28260803222656,"Unknown"
"7014851",371865,2025-11-17 19:36:26,43.3907089233398,-8.2834529876709,"Unknown"
"7014851",371865,2025-11-17 20:06:12,43.388542175293,-8.28023433685303,"Unknown"
"7014851",371865,2025-11-17 20:36:35,43.390739440918,-8.28187561035156,"Unknown"
"7014851",371865,2025-11-17 21:06:11,43.3901214599609,-8.28232192993164,"Unknown"
"7014851",371865,2025-11-17 21:36:08,43.3906860351562,-8.28187465667725,"Unknown"
"7014851",371865,2025-11-17 22:06:08,43.3910369873047,-8.28362274169922,"Unknown"
"7014851",371865,2025-11-17 22:36:09,43.3909530639648,-8.2836856842041,"Unknown"
"7014851",371865,2025-11-17 23:06:12,43.3909492492676,-8.28376865386963,"Unknown"
"7014851",371865,2025-11-17 23:36:08,43.3906593322754,-8.28380680084229,"Unknown"
"7014851",371865,2025-11-18 00:06:10,43.3908805847168,-8.28360557556152,"Unknown"
"7014851",371865,2025-11-18 00:36:18,43.3907737731934,-8.28402614593506,"Unknown"
"7014851",371865,2025-11-18 01:06:35,43.390796661377,-8.28393363952637,"Unknown"
"7014851",371865,2025-11-18 01:36:06,43.3908004760742,-8.283935546875,"Unknown"
"7014851",371865,2025-11-18 02:06:07,43.3907432556152,-8.2839183807373,"Unknown"
"7014851",371865,2025-11-18 02:36:08,43.3908271789551,-8.28391361236572,"Unknown"
"7014851",371865,2025-11-18 03:06:06,43.3910484313965,-8.28403377532959,"Unknown"
"7014851",371865,2025-11-18 03:36:18,43.3909149169922,-8.28409194946289,"Unknown"
"7014851",371865,2025-11-18 04:06:12,43.3903045654297,-8.28367233276367,"Unknown"
"7014851",371865,2025-11-18 04:36:09,43.4023513793945,-8.2391242980957,"Unknown"
"7014851",371865,2025-11-18 05:06:31,43.3895874023438,-8.23833560943604,"Unknown"
"7014851",371865,2025-11-18 05:36:11,43.3930625915527,-8.2395544052124,"Unknown"
"7014851",371865,2025-11-18 06:06:35,43.3936424255371,-8.23878479003906,"Unknown"
"7014851",371865,2025-11-18 06:36:09,43.3711853027344,-8.22977924346924,"Unknown"
"7014851",371865,2025-11-18 07:06:07,43.3396186828613,-8.21709060668945,"Unknown"
"7014851",371865,2025-11-18 07:36:21,43.3141937255859,-8.29552173614502,"Unknown"
"7014851",371865,2025-11-18 08:06:09,43.130729675293,-8.47150707244873,"Unknown"
"7014851",371865,2025-11-18 08:36:12,43.1297225952148,-8.47009086608887,"Unknown"
"7014851",371865,2025-11-18 09:06:34,43.1299362182617,-8.46963787078857,"Unknown"
"7014851",371865,2025-11-18 09:36:05,43.1303253173828,-8.47149085998535,"Unknown"
"7014851",371865,2025-11-18 10:06:06,43.1296653747559,-8.46986961364746,"Unknown"
"7014851",371865,2025-11-18 10:36:06,43.1297874450684,-8.469557762146,"Unknown"
"7014851",371865,2025-11-18 11:06:08,43.1298828125,-8.47034931182861,"Unknown"
"7014851",371865,2025-11-18 11:36:08,43.1298866271973,-8.47035121917725,"Unknown"
"7014851",371865,2025-11-18 12:06:35,43.1324882507324,-8.46863746643066,"Unknown"
"7014851",371865,2025-11-18 12:36:05,43.1299896240234,-8.47023296356201,"Unknown"
"7014851",371865,2025-11-18 13:06:08,43.1329193115234,-8.46865177154541,"Unknown"
"7014851",371865,2025-11-18 13:36:13,43.1326904296875,-8.46880626678467,"Unknown"
"7014851",371865,2025-11-18 14:06:35,43.1300468444824,-8.47025489807129,"Unknown"
"7014851",371865,2025-11-18 14:36:12,43.1300468444824,-8.47014999389648,"Unknown"
"7014851",371865,2025-11-18 15:06:06,43.1385231018066,-8.46483898162842,"Unknown"
"7014851",371865,2025-11-18 15:36:07,43.1592864990234,-8.55754852294922,"Unknown"
"7014851",371865,2025-11-18 16:06:09,43.2392425537109,-8.67681789398193,"Unknown"
"7014851",371865,2025-11-18 16:36:07,43.2944374084473,-8.69905090332031,"Unknown"
"7014851",371865,2025-11-18 17:07:05,43.3243370056152,-8.80609607696533,"Unknown"
"7014851",371865,2025-11-18 17:36:07,43.4077568054199,-8.87812519073486,"Unknown"
"7014851",371865,2025-11-18 18:06:09,43.4455718994141,-8.81671142578125,"Unknown"
"7014851",371865,2025-11-18 18:36:59,43.4346961975098,-8.73538303375244,"Unknown"
"7014851",371865,2025-11-18 19:06:09,43.4312858581543,-8.73334503173828,"Unknown"
"7014851",371865,2025-11-18 19:36:13,43.4382247924805,-8.74367046356201,"Unknown"
"7014851",371865,2025-11-18 20:06:12,43.4358139038086,-8.74743461608887,"Unknown"
"7014851",371865,2025-11-18 20:36:59,43.436450958252,-8.75295925140381,"Unknown"
"7014851",371865,2025-11-18 21:06:12,43.4368171691895,-8.75314998626709,"Unknown"
"7014851",371865,2025-11-18 21:36:35,43.4353370666504,-8.75448417663574,"Unknown"
"7014851",371865,2025-11-18 22:06:05,43.4338111877441,-8.75502490997314,"Unknown"
"7014851",371865,2025-11-18 22:36:04,43.3728256225586,-8.76562118530273,"Unknown"
"7014851",371865,2025-11-18 23:06:07,43.3265914916992,-8.78259563446045,"Unknown"
"7014851",371865,2025-11-18 23:36:08,43.3257637023926,-8.78053951263428,"Unknown"
"7014851",371865,2025-11-19 00:06:13,43.3275680541992,-8.77964973449707,"Unknown"
"7014851",371865,2025-11-19 00:36:35,43.3262367248535,-8.77353954315186,"Unknown"
"7014851",371865,2025-11-19 01:06:07,43.3211479187012,-8.76522636413574,"Unknown"
"7014851",371865,2025-11-19 01:36:13,43.3186340332031,-8.76398181915283,"Unknown"
"7014851",371865,2025-11-19 02:06:35,43.3173294067383,-8.76480102539062,"Unknown"
"7014851",371865,2025-11-19 02:36:04,43.3493690490723,-8.75545883178711,"Unknown"
"7014851",371865,2025-11-19 03:06:04,43.3426094055176,-8.74432945251465,"Unknown"
"7014851",371865,2025-11-19 03:36:06,43.3355674743652,-8.72567749023438,"Unknown"
"7014851",371865,2025-11-19 04:06:04,43.3379325866699,-8.72777843475342,"Unknown"
"7014851",371865,2025-11-19 04:36:05,43.335075378418,-8.72980690002441,"Unknown"
"7014851",371865,2025-11-19 05:06:11,43.3336753845215,-8.73001670837402,"Unknown"
"7014851",371865,2025-11-19 05:36:44,43.3323707580566,-8.73091411590576,"Unknown"
"7014851",371865,2025-11-19 06:06:08,43.3314476013184,-8.73237323760986,"Unknown"
"7014851",371865,2025-11-19 06:36:35,43.3308258056641,-8.7316837310791,"Unknown"
"7014851",371865,2025-11-19 07:06:06,43.2931327819824,-8.69878387451172,"Unknown"
"7014851",371865,2025-11-19 07:36:04,43.2930717468262,-8.69923400878906,"Unknown"
"7014851",371865,2025-11-19 08:06:18,43.2955856323242,-8.72115612030029,"Unknown"
"7014851",371865,2025-11-19 08:36:14,43.2941474914551,-8.74599647521973,"Unknown"
"7014851",371865,2025-11-19 09:06:35,43.2941360473633,-8.74604415893555,"Unknown"
"7014851",371865,2025-11-19 09:36:44,43.3126792907715,-8.79613018035889,"Unknown"
"7014851",371865,2025-11-19 10:06:07,43.3127326965332,-8.79614925384521,"Unknown"
"7014851",371865,2025-11-19 10:36:10,43.3127975463867,-8.79641723632812,"Unknown"
"7014851",371865,2025-11-19 11:06:09,43.3127098083496,-8.79615020751953,"Unknown"
"7014851",371865,2025-11-19 11:36:35,43.3231887817383,-8.80551624298096,"Unknown"
"7014851",371865,2025-11-19 12:06:06,43.3229293823242,-8.80541324615479,"Unknown"
"7014851",371865,2025-11-19 12:36:03,43.3229522705078,-8.80529308319092,"Unknown"
"7014851",371865,2025-11-19 13:06:06,43.322380065918,-8.80325984954834,"Unknown"
"7014851",371865,2025-11-19 13:36:11,43.322380065918,-8.80319404602051,"Unknown"
"7014851",371865,2025-11-19 14:06:15,43.3225021362305,-8.80365180969238,"Unknown"
"7014851",371865,2025-11-19 14:37:27,43.322395324707,-8.80387783050537,"Unknown"
"7014851",371865,2025-11-19 15:06:35,43.3225212097168,-8.80354690551758,"Unknown"
"7014851",371865,2025-11-19 15:36:04,43.3224716186523,-8.80352592468262,"Unknown"
"7014851",371865,2025-11-19 16:06:44,43.3579139709473,-8.84800815582275,"Unknown"
"7014851",371865,2025-11-19 16:36:07,43.3712768554688,-8.83234119415283,"Unknown"
"7014851",371865,2025-11-19 17:06:35,43.4394416809082,-8.92000198364258,"Unknown"
"7014851",371865,2025-11-19 17:36:05,43.4557838439941,-8.9116792678833,"Unknown"
"7014851",371865,2025-11-19 18:06:15,43.4513702392578,-8.90760898590088,"Unknown"
"7014851",371865,2025-11-19 18:36:35,43.4473876953125,-8.91428661346436,"Unknown"
"7014851",371865,2025-11-19 19:06:28,43.4437370300293,-8.91995811462402,"Unknown"
"7014851",371865,2025-11-19 19:36:35,43.4393730163574,-8.92325592041016,"Unknown"
"7014851",371865,2025-11-19 20:06:02,43.3620376586914,-8.87172698974609,"Unknown"
"7014851",371865,2025-11-19 20:36:10,43.3283195495605,-8.79978656768799,"Unknown"
"7014851",371865,2025-11-19 21:06:07,43.3206024169922,-8.78795433044434,"Unknown"
"7014851",371865,2025-11-19 21:36:12,43.3200874328613,-8.78559303283691,"Unknown"
"7014851",371865,2025-11-19 22:06:35,43.3179702758789,-8.77493000030518,"Unknown"
"7014851",371865,2025-11-19 22:36:06,43.3182792663574,-8.77523231506348,"Unknown"
"7014851",371865,2025-11-19 23:06:35,43.3185653686523,-8.77579879760742,"Unknown"
"7014851",371865,2025-11-19 23:36:28,43.3191947937012,-8.77600479125977,"Unknown"
"7014851",371865,2025-11-20 00:06:35,43.3206558227539,-8.77655601501465,"Unknown"
"7014851",371865,2025-11-20 00:36:02,43.3233489990234,-8.7783842086792,"Unknown"
"7014851",371865,2025-11-20 01:06:05,43.3234443664551,-8.77824974060059,"Unknown"
"7014851",371865,2025-11-20 01:36:06,43.3221397399902,-8.77541446685791,"Unknown"
"7014851",371865,2025-11-20 02:06:04,43.3218841552734,-8.77471923828125,"Unknown"
"7014851",371865,2025-11-20 02:36:35,43.321647644043,-8.77393531799316,"Unknown"
"7014851",371865,2025-11-20 03:06:03,43.3223495483398,-8.77369213104248,"Unknown"
"7014851",371865,2025-11-20 03:36:06,43.3232040405273,-8.77303695678711,"Unknown"
"7014851",371865,2025-11-20 04:06:35,43.3424987792969,-8.74718952178955,"Unknown"
"7014851",371865,2025-11-20 04:36:10,43.3406066894531,-8.74616813659668,"Unknown"
"7014851",371865,2025-11-20 05:06:04,43.3385124206543,-8.74623489379883,"Unknown"
"7014851",371865,2025-11-20 05:36:16,43.3370742797852,-8.74400997161865,"Unknown"
"7014851",371865,2025-11-20 06:06:45,43.3358268737793,-8.74174880981445,"Unknown"
"7014851",371865,2025-11-20 06:36:15,43.3338737487793,-8.7394437789917,"Unknown"
"7014851",371865,2025-11-20 07:07:25,43.3273658752441,-8.67712497711182,"Unknown"
"7014851",371865,2025-11-20 07:36:14,43.2925300598145,-8.69939422607422,"Unknown"
"7014851",371865,2025-11-20 08:06:15,43.292594909668,-8.69966793060303,"Unknown"
"7014851",371865,2025-11-20 08:36:13,43.2922592163086,-8.69954109191895,"Unknown"
"7014851",371865,2025-11-20 09:07:26,43.3254776000977,-8.780930519104,"Unknown"
"7014851",371865,2025-11-20 09:36:35,43.3225059509277,-8.80368709564209,"Unknown"
"7014851",371865,2025-11-20 10:06:02,43.3231048583984,-8.80464267730713,"Unknown"
"7014851",371865,2025-11-20 10:36:07,43.2925910949707,-8.69861602783203,"Unknown"
"7014851",371865,2025-11-20 11:06:10,43.2929153442383,-8.69656848907471,"Unknown"
"7014851",371865,2025-11-20 11:36:14,43.2928924560547,-8.69602108001709,"Unknown"
"7014851",371865,2025-11-20 12:06:08,43.293212890625,-8.69472980499268,"Unknown"
"7014851",371865,2025-11-20 12:36:35,43.2926979064941,-8.69659996032715,"Unknown"
"7014851",371865,2025-11-20 13:06:01,43.2927474975586,-8.69629573822021,"Unknown"
"7014851",371865,2025-11-20 13:36:01,43.2919845581055,-8.69909954071045,"Unknown"
"7014851",371865,2025-11-20 14:07:14,43.3265037536621,-8.80659103393555,"Unknown"
"7014851",371865,2025-11-20 14:36:02,43.3668022155762,-8.84982967376709,"Unknown"
"7014851",371865,2025-11-20 15:06:34,43.4376907348633,-8.89818668365479,"Unknown"
"7014851",371865,2025-11-20 15:36:01,43.4626693725586,-8.9728479385376,"Unknown"
"7014851",371865,2025-11-20 16:06:01,43.4681701660156,-9.1007137298584,"Unknown"
"7014851",371865,2025-11-20 16:37:12,43.4919891357422,-9.17436599731445,"Unknown"
"7014851",371865,2025-11-20 17:06:35,43.4890899658203,-9.17085075378418,"Unknown"
"7014851",371865,2025-11-20 17:36:02,43.3908348083496,-9.19245147705078,"Unknown"
"7014851",371865,2025-11-20 18:06:13,43.4167594909668,-9.1855936050415,"Unknown"
"7014851",371865,2025-11-20 18:36:10,43.4161834716797,-9.18417644500732,"Unknown"
"7014851",371865,2025-11-20 19:06:35,43.4161911010742,-9.18245506286621,"Unknown"
"7014851",371865,2025-11-20 19:36:35,43.4158973693848,-9.18190765380859,"Unknown"
"7014851",371865,2025-11-20 20:06:09,43.4145584106445,-9.17998027801514,"Unknown"
"7014851",371865,2025-11-20 20:36:32,43.4139976501465,-9.17951107025146,"Unknown"
"7014851",371865,2025-11-20 21:06:02,43.4111557006836,-9.17206001281738,"Unknown"
"7014851",371865,2025-11-20 21:36:06,43.2691841125488,-9.05307579040527,"Unknown"
"7014851",371865,2025-11-20 22:06:15,43.2441558837891,-8.97885322570801,"Unknown"
"7014851",371865,2025-11-20 22:36:35,43.2436714172363,-8.97977066040039,"Unknown"
"7014851",371865,2025-11-20 23:06:07,43.2431983947754,-8.98485469818115,"Unknown"
"7014851",371865,2025-11-20 23:36:09,43.2480316162109,-8.96878051757812,"Unknown"
"7014851",371865,2025-11-21 00:06:35,43.247371673584,-8.97284317016602,"Unknown"
"7014851",371865,2025-11-21 00:36:00,43.2470932006836,-8.97764778137207,"Unknown"
"7014851",371865,2025-11-21 01:06:03,43.24609375,-8.98015785217285,"Unknown"
"7014851",371865,2025-11-21 01:36:01,43.2460784912109,-8.98582744598389,"Unknown"
"7014851",371865,2025-11-21 02:06:05,43.2464065551758,-8.98389053344727,"Unknown"
"7014851",371865,2025-11-21 02:36:35,43.2433815002441,-8.96515083312988,"Unknown"
"7014851",371865,2025-11-21 03:06:13,43.2431564331055,-8.96652698516846,"Unknown"
"7014851",371865,2025-11-21 03:36:14,43.2439193725586,-8.96780490875244,"Unknown"
"7014851",371865,2025-11-21 04:06:09,43.2439727783203,-8.96930980682373,"Unknown"
"7014851",371865,2025-11-21 04:36:35,43.2442207336426,-8.96991348266602,"Unknown"
"7014851",371865,2025-11-21 05:06:01,43.2451820373535,-8.96484565734863,"Unknown"
"7014851",371865,2025-11-21 05:36:02,43.2456550598145,-8.96632099151611,"Unknown"
"7014851",371865,2025-11-21 06:06:12,43.2464332580566,-8.96676063537598,"Unknown"
"7014851",371865,2025-11-21 06:36:14,43.2475395202637,-8.96772861480713,"Unknown"
"7014851",371865,2025-11-21 07:06:35,43.2488098144531,-8.9688777923584,"Unknown"
"7014851",371865,2025-11-21 07:37:05,43.3164215087891,-8.91446590423584,"Unknown"
"7014851",371865,2025-11-21 08:06:03,43.3536796569824,-8.84207725524902,"Unknown"
"7014851",371865,2025-11-21 08:36:14,43.3188972473145,-8.8760986328125,"Unknown"
"7014851",371865,2025-11-21 09:06:03,43.3194046020508,-8.8757791519165,"Unknown"
"7014851",371865,2025-11-21 09:36:35,43.3202095031738,-8.87642574310303,"Unknown"
"7014851",371865,2025-11-21 10:06:03,43.3203544616699,-8.87671661376953,"Unknown"
"7014851",371865,2025-11-21 10:36:04,43.3202438354492,-8.87636756896973,"Unknown"
"7014851",371865,2025-11-21 11:06:12,43.3202323913574,-8.87622547149658,"Unknown"
"7014851",371865,2025-11-21 11:36:35,43.3202934265137,-8.87637233734131,"Unknown"
"7014851",371865,2025-11-21 12:06:01,43.3201789855957,-8.87641143798828,"Unknown"
"7014851",371865,2025-11-21 12:36:13,43.3185615539551,-8.87301731109619,"Unknown"
"7014851",371865,2025-11-21 13:06:09,43.3181610107422,-8.87288665771484,"Unknown"
"7014851",371865,2025-11-21 13:36:17,43.318000793457,-8.87272071838379,"Unknown"
"7014851",371865,2025-11-21 14:06:35,43.317928314209,-8.87267684936523,"Unknown"
"7014851",371865,2025-11-21 14:36:14,43.3178901672363,-8.87279415130615,"Unknown"
"7014851",371865,2025-11-21 15:06:08,43.3181381225586,-8.87282752990723,"Unknown"
"7014851",371865,2025-11-21 15:36:35,43.3699645996094,-8.85651969909668,"Unknown"
"7014851",371865,2025-11-21 16:06:06,43.4833793640137,-8.82472991943359,"Unknown"
"7014851",371865,2025-11-21 16:36:00,43.4991188049316,-8.67349720001221,"Unknown"
"7014851",371865,2025-11-21 17:06:35,43.4954032897949,-8.80449676513672,"Unknown"
"7014851",371865,2025-11-21 17:36:03,43.5312805175781,-9.02947044372559,"Unknown"
"7014851",371865,2025-11-21 18:06:02,43.5043029785156,-9.030837059021,"Unknown"
"7014851",371865,2025-11-21 18:36:14,43.497013092041,-8.90312671661377,"Unknown"
"7014851",371865,2025-11-21 19:06:14,43.5007972717285,-8.81349182128906,"Unknown"
"7014851",371865,2025-11-21 19:36:09,43.5167083740234,-8.82613754272461,"Unknown"
"7014851",371865,2025-11-21 20:06:35,43.5231170654297,-8.82781791687012,"Unknown"
"7014851",371865,2025-11-21 20:36:00,43.5311431884766,-8.8248815536499,"Unknown"
"7014851",371865,2025-11-21 21:06:14,43.5376510620117,-8.80071830749512,"Unknown"
"7014851",371865,2025-11-21 21:36:00,43.5402984619141,-8.79712772369385,"Unknown"
"7014851",371865,2025-11-21 22:06:44,43.5417747497559,-8.79897212982178,"Unknown"
"7014851",371865,2025-11-21 22:36:09,43.5429039001465,-8.79982280731201,"Unknown"
"7014851",371865,2025-11-21 23:06:35,43.5450325012207,-8.79977989196777,"Unknown"
"7014851",371865,2025-11-21 23:36:00,43.5470733642578,-8.79891395568848,"Unknown"
"7014851",371865,2025-11-22 00:05:59,43.5492172241211,-8.79743480682373,"Unknown"
"7014851",371865,2025-11-22 00:36:02,43.5517578125,-8.79527282714844,"Unknown"
"7014851",371865,2025-11-22 01:06:09,43.554069519043,-8.79344463348389,"Unknown"
"7014851",371865,2025-11-22 01:36:14,43.5651550292969,-8.929368019104,"Unknown"
"7014851",371865,2025-11-22 02:06:14,43.5678977966309,-8.92416763305664,"Unknown"
"7014851",371865,2025-11-22 02:37:06,43.5700645446777,-8.91488838195801,"Unknown"
"7014851",371865,2025-11-22 03:05:59,43.5690231323242,-8.89202213287354,"Unknown"
"7014851",371865,2025-11-22 03:35:59,43.5116844177246,-8.74944019317627,"Unknown"
"7014851",371865,2025-11-22 04:06:53,43.447395324707,-8.58141994476318,"Unknown"
"7014851",371865,2025-11-22 04:36:06,43.3840255737305,-8.48789024353027,"Unknown"
"7014851",371865,2025-11-22 05:06:10,43.3843154907227,-8.48849391937256,"Unknown"
"7014851",371865,2025-11-22 05:36:01,43.3838348388672,-8.48894500732422,"Unknown"
"7014851",371865,2025-11-22 06:06:14,43.3833694458008,-8.49069690704346,"Unknown"
"7014851",371865,2025-11-22 06:36:04,43.382625579834,-8.49259853363037,"Unknown"
"7014851",371865,2025-11-22 07:07:04,43.3785362243652,-8.49423313140869,"Unknown"
"7014851",371865,2025-11-22 07:36:14,43.3557929992676,-8.48053741455078,"Unknown"
"7014851",371865,2025-11-22 08:06:08,43.3285522460938,-8.51217651367188,"Unknown"
"7014851",371865,2025-11-22 08:36:14,43.27490234375,-8.47995281219482,"Unknown"
"7014851",371865,2025-11-22 09:06:00,43.1299629211426,-8.47195720672607,"Unknown"
"7014851",371865,2025-11-22 09:36:01,43.1305236816406,-8.47084999084473,"Unknown"
"7014851",371865,2025-11-22 10:06:00,43.1298637390137,-8.46971607208252,"Unknown"
"7014851",371865,2025-11-22 10:35:59,43.130069732666,-8.47002220153809,"Unknown"
"7014851",371865,2025-11-22 11:06:00,43.1297569274902,-8.46974945068359,"Unknown"
"7014851",371865,2025-11-22 11:36:00,43.1294631958008,-8.46942710876465,"Unknown"
"7014851",371865,2025-11-22 12:06:00,43.129753112793,-8.46964931488037,"Unknown"
"7014851",371865,2025-11-22 12:36:00,43.1296806335449,-8.46950149536133,"Unknown"
"7014851",371865,2025-11-22 13:06:01,43.1297073364258,-8.46944999694824,"Unknown"
"7014851",371865,2025-11-22 13:36:04,43.1317481994629,-8.46804046630859,"Unknown"
"7014851",371865,2025-11-22 14:06:03,43.1317939758301,-8.46877288818359,"Unknown"
"7014851",371865,2025-11-22 14:36:00,43.1299438476562,-8.46895027160645,"Unknown"
"7014851",371865,2025-11-22 15:06:04,43.1300315856934,-8.46885204315186,"Unknown"
"7014851",371865,2025-11-22 15:36:00,43.1301612854004,-8.46896457672119,"Unknown"
"7014851",371865,2025-11-22 16:06:00,43.1924095153809,-8.42137718200684,"Unknown"
"7014851",371865,2025-11-22 16:36:00,43.1924858093262,-8.42219352722168,"Unknown"
"7014851",371865,2025-11-22 17:06:00,43.1926498413086,-8.42180347442627,"Unknown"
"7014851",371865,2025-11-22 17:36:01,43.1913375854492,-8.41862487792969,"Unknown"
"7014851",371865,2025-11-22 18:06:00,43.1924018859863,-8.41840076446533,"Unknown"
"7014851",371865,2025-11-22 18:36:00,43.3917388916016,-8.28264331817627,"Unknown"
"7014851",371865,2025-11-22 19:06:00,43.3920707702637,-8.28093719482422,"Unknown"
"7014851",371865,2025-11-22 19:36:02,43.3920211791992,-8.28119850158691,"Unknown"
"7014851",371865,2025-11-22 20:06:00,43.3916702270508,-8.28137874603271,"Unknown"
"7014851",371865,2025-11-22 20:36:00,43.391918182373,-8.28129100799561,"Unknown"
"7014851",371865,2025-11-22 21:05:58,43.3920745849609,-8.28109264373779,"Unknown"
"7014851",371865,2025-11-22 21:36:00,43.4044914245605,-8.27611064910889,"Unknown"
"7014851",371865,2025-11-22 22:05:59,43.3917045593262,-8.28132057189941,"Unknown"
"7014851",371865,2025-11-22 22:35:59,43.3918991088867,-8.28118896484375,"Unknown"
"7014851",371865,2025-11-22 23:06:00,43.3915634155273,-8.28247451782227,"Unknown"
"7014851",371865,2025-11-22 23:36:00,43.3913421630859,-8.28155040740967,"Unknown"
"7014851",371865,2025-11-23 00:05:59,43.392162322998,-8.28080558776855,"Unknown"
"7014851",371865,2025-11-23 00:35:59,43.3920936584473,-8.28095149993896,"Unknown"
"7014851",371865,2025-11-23 01:06:03,43.3930282592773,-8.28348159790039,"Unknown"
"7014851",371865,2025-11-23 01:35:59,43.3930244445801,-8.28384399414062,"Unknown"
"7014851",371865,2025-11-23 02:05:59,43.3929481506348,-8.2838020324707,"Unknown"
"7014851",371865,2025-11-23 02:36:00,43.3932914733887,-8.28332614898682,"Unknown"
"7014851",371865,2025-11-23 03:05:59,43.3928871154785,-8.28368473052979,"Unknown"
"7014851",371865,2025-11-23 03:35:58,43.3927154541016,-8.28363513946533,"Unknown"
"7014851",371865,2025-11-23 04:05:59,43.3923263549805,-8.28337955474854,"Unknown"
"7014851",371865,2025-11-23 04:35:58,43.3926086425781,-8.28343200683594,"Unknown"
"7014851",371865,2025-11-23 05:06:00,43.3933601379395,-8.28422927856445,"Unknown"
"7014851",371865,2025-11-23 05:35:59,43.3933486938477,-8.28408908843994,"Unknown"
"7014851",371865,2025-11-23 06:06:06,43.392822265625,-8.28323173522949,"Unknown"
"7014851",371865,2025-11-23 06:36:22,43.3978729248047,-8.27330112457275,"Unknown"
"7014851",371865,2025-11-23 07:06:00,43.3973922729492,-8.27558708190918,"Unknown"
"7014851",371865,2025-11-23 07:36:47,43.3985939025879,-8.29703140258789,"Unknown"
"7014851",371865,2025-11-23 08:06:07,43.3166542053223,-8.38017749786377,"Unknown"
"7014851",371865,2025-11-23 08:36:04,43.1954231262207,-8.42095947265625,"Unknown"
"7014851",371865,2025-11-23 09:06:06,43.1305198669434,-8.47134399414062,"Unknown"
"7014851",371865,2025-11-23 09:36:47,43.1306838989258,-8.47113513946533,"Unknown"
"7014851",371865,2025-11-23 10:06:09,43.1303100585938,-8.47146320343018,"Unknown"
"7014851",371865,2025-11-23 10:36:14,43.1321296691895,-8.4692325592041,"Unknown"
"7014851",371865,2025-11-23 11:06:29,43.132209777832,-8.46902275085449,"Unknown"
"7014851",371865,2025-11-23 11:35:59,43.1295547485352,-8.46952247619629,"Unknown"
"7014851",371865,2025-11-23 12:05:59,43.1323776245117,-8.46818161010742,"Unknown"
"7014851",371865,2025-11-23 12:35:58,43.1324081420898,-8.46813678741455,"Unknown"
"7014851",371865,2025-11-23 13:06:01,43.1320953369141,-8.46788883209229,"Unknown"
"7014851",371865,2025-11-23 13:36:14,43.1315383911133,-8.46768760681152,"Unknown"
"7014851",371865,2025-11-23 14:06:14,43.1298942565918,-8.46984195709229,"Unknown"
"7014851",371865,2025-11-23 14:36:14,43.1301002502441,-8.47037601470947,"Unknown"
"7014851",371865,2025-11-23 15:06:59,43.1303520202637,-8.47094917297363,"Unknown"
"7014851",371865,2025-11-23 15:35:58,43.1469192504883,-8.47094058990479,"Unknown"
"7014851",371865,2025-11-23 16:06:17,43.319938659668,-8.36115169525146,"Unknown"
"7014851",371865,2025-11-23 16:36:29,43.3531303405762,-8.38503074645996,"Unknown"
"7014851",371865,2025-11-23 17:05:57,43.35302734375,-8.38503551483154,"Unknown"
"7014851",371865,2025-11-23 17:35:57,43.3888854980469,-8.28444480895996,"Unknown"
"7014851",371865,2025-11-23 18:05:59,43.3916206359863,-8.28520011901855,"Unknown"
"7014851",371865,2025-11-23 18:35:58,43.3931121826172,-8.28744506835938,"Unknown"
"7014851",371865,2025-11-23 19:05:59,43.3931159973145,-8.28735828399658,"Unknown"
"7014851",371865,2025-11-23 19:35:58,43.3931083679199,-8.28748893737793,"Unknown"
"7014851",371865,2025-11-23 20:06:01,43.3931503295898,-8.28737926483154,"Unknown"
"7014851",371865,2025-11-23 20:36:09,43.3930511474609,-8.28733158111572,"Unknown"
"7014851",371865,2025-11-23 21:06:01,43.3931694030762,-8.28731441497803,"Unknown"
"7014851",371865,2025-11-23 21:36:14,43.3930244445801,-8.28718376159668,"Unknown"
"7014851",371865,2025-11-23 22:06:13,43.3931884765625,-8.28705024719238,"Unknown"
"7014851",371865,2025-11-23 22:35:58,43.3935661315918,-8.28697490692139,"Unknown"
"7014851",371865,2025-11-23 23:06:07,43.3934936523438,-8.2871561050415,"Unknown"
"7014851",371865,2025-11-23 23:36:14,43.3930740356445,-8.28736400604248,"Unknown"
"7014851",371865,2025-11-24 00:06:07,43.3930625915527,-8.28716373443604,"Unknown"
"7014851",371865,2025-11-24 00:36:14,43.3930244445801,-8.28717136383057,"Unknown"
"7014851",371865,2025-11-24 01:06:04,43.3929977416992,-8.28737163543701,"Unknown"
"7014851",371865,2025-11-24 01:36:29,43.3930244445801,-8.28728294372559,"Unknown"
"7014851",371865,2025-11-24 02:05:57,43.393726348877,-8.28631973266602,"Unknown"
"7014851",371865,2025-11-24 02:36:14,43.3937644958496,-8.2866325378418,"Unknown"
"7014851",371865,2025-11-24 03:06:14,43.393741607666,-8.28660297393799,"Unknown"
"7014851",371865,2025-11-24 03:35:59,43.3936538696289,-8.28658485412598,"Unknown"
"7014851",371865,2025-11-24 04:05:57,43.393669128418,-8.28608703613281,"Unknown"
"7014851",371865,2025-11-24 04:35:59,43.3937301635742,-8.28678321838379,"Unknown"
"7014851",371865,2025-11-24 05:06:14,43.3935356140137,-8.28664016723633,"Unknown"
"7014851",371865,2025-11-24 05:35:57,43.3944435119629,-8.28578567504883,"Unknown"
"7014851",371865,2025-11-24 06:06:14,43.3945083618164,-8.28601837158203,"Unknown"
"7014851",371865,2025-11-24 06:36:01,43.3945808410645,-8.28597164154053,"Unknown"
"7014851",371865,2025-11-24 07:06:59,43.4021263122559,-8.2815990447998,"Unknown"
"7014851",371865,2025-11-24 07:35:57,43.4034881591797,-8.32452297210693,"Unknown"
"7014851",371865,2025-11-24 08:06:03,43.3468780517578,-8.38311386108398,"Unknown"
"7014851",371865,2025-11-24 08:35:56,43.3298988342285,-8.44941139221191,"Unknown"
"7014851",371865,2025-11-24 09:06:29,43.236499786377,-8.53302478790283,"Unknown"
"7014851",371865,2025-11-24 09:35:56,43.1302452087402,-8.47119903564453,"Unknown"
"7014851",371865,2025-11-24 10:05:56,43.1302528381348,-8.47107410430908,"Unknown"
"7014851",371865,2025-11-24 10:35:57,43.1296157836914,-8.46984004974365,"Unknown"
"7014851",371865,2025-11-24 11:05:57,43.1324768066406,-8.46862125396729,"Unknown"
"7014851",371865,2025-11-24 11:36:29,43.1324348449707,-8.4685754776001,"Unknown"
"7014851",371865,2025-11-24 12:05:56,43.132869720459,-8.46885681152344,"Unknown"
"7014851",371865,2025-11-24 12:35:56,43.1327095031738,-8.46895694732666,"Unknown"
"7014851",371865,2025-11-24 13:05:57,43.1328506469727,-8.46922874450684,"Unknown"
"7014851",371865,2025-11-24 13:35:57,43.1327705383301,-8.4691858291626,"Unknown"
"7014851",371865,2025-11-24 14:06:12,43.1319847106934,-8.46961498260498,"Unknown"
"7014851",371865,2025-11-24 14:35:59,43.1311149597168,-8.46975231170654,"Unknown"
"7014851",371865,2025-11-24 15:06:07,43.1298027038574,-8.47083377838135,"Unknown"
"7014851",371865,2025-11-24 15:37:05,43.1303825378418,-8.47126483917236,"Unknown"
"7014851",371865,2025-11-24 16:05:57,43.1300888061523,-8.47207069396973,"Unknown"
"7014851",371865,2025-11-24 16:35:56,43.1656646728516,-8.45125675201416,"Unknown"
"7014851",371865,2025-11-24 17:05:55,43.2687149047852,-8.37651824951172,"Unknown"
"7014851",371865,2025-11-24 17:35:55,43.3479042053223,-8.36295318603516,"Unknown"
"7014851",371865,2025-11-24 18:05:55,43.3637084960938,-8.36834335327148,"Unknown"
"7014851",371865,2025-11-24 18:35:57,43.3508682250977,-8.36366081237793,"Unknown"
"7014851",371865,2025-11-24 19:05:58,43.3510704040527,-8.36218452453613,"Unknown"
"7014851",371865,2025-11-24 19:36:06,43.3515892028809,-8.36224269866943,"Unknown"
"7014851",371865,2025-11-24 20:06:14,43.3614120483398,-8.4032096862793,"Unknown"
"7014851",371865,2025-11-24 20:35:59,43.3609657287598,-8.40323925018311,"Unknown"
"7014851",371865,2025-11-24 21:06:30,43.3640327453613,-8.40099143981934,"Unknown"
"7014851",371865,2025-11-24 21:36:06,43.3544578552246,-8.36546897888184,"Unknown"
"7014851",371865,2025-11-24 22:06:12,43.3539581298828,-8.36198043823242,"Unknown"
"7014851",371865,2025-11-24 22:36:29,43.3538093566895,-8.36349868774414,"Unknown"
"7014851",371865,2025-11-24 23:05:57,43.3542747497559,-8.36273097991943,"Unknown"
"7014851",371865,2025-11-24 23:35:56,43.3594665527344,-8.39601612091064,"Unknown"
"7014851",371865,2025-11-25 00:05:56,43.3612937927246,-8.40288162231445,"Unknown"
"7014851",371865,2025-11-25 00:35:56,43.3614044189453,-8.40260219573975,"Unknown"
"7014851",371865,2025-11-25 01:06:29,43.3604011535645,-8.40287399291992,"Unknown"
"7014851",371865,2025-11-25 01:35:54,43.3601531982422,-8.40286540985107,"Unknown"
"7014851",371865,2025-11-25 02:05:55,43.3644790649414,-8.37968730926514,"Unknown"
"7014851",371865,2025-11-25 02:36:06,43.376033782959,-8.37695407867432,"Unknown"
"7014851",371865,2025-11-25 03:05:55,43.3753700256348,-8.3766393661499,"Unknown"
"7014851",371865,2025-11-25 03:35:55,43.3757781982422,-8.37618446350098,"Unknown"
"7014851",371865,2025-11-25 04:05:55,43.3772315979004,-8.3780632019043,"Unknown"
"7014851",371865,2025-11-25 04:35:57,43.3758773803711,-8.37820816040039,"Unknown"
"7014851",371865,2025-11-25 05:05:57,43.3751258850098,-8.37796211242676,"Unknown"
"7014851",371865,2025-11-25 05:36:29,43.3748779296875,-8.37801170349121,"Unknown"
"7014851",371865,2025-11-25 06:05:57,43.3755760192871,-8.37807655334473,"Unknown"
"7014851",371865,2025-11-25 06:36:06,43.3760757446289,-8.37890815734863,"Unknown"
"7014851",371865,2025-11-25 07:06:06,43.3764533996582,-8.37918853759766,"Unknown"
"7014851",371865,2025-11-25 07:35:58,43.3592910766602,-8.47796249389648,"Unknown"
"7014851",371865,2025-11-25 08:05:57,43.3115425109863,-8.63397407531738,"Unknown"
"7014851",371865,2025-11-25 08:36:00,43.2923278808594,-8.69872188568115,"Unknown"
"7014851",371865,2025-11-25 09:05:56,43.3012771606445,-8.75835514068604,"Unknown"
"7014851",371865,2025-11-25 09:35:55,43.3277015686035,-8.86272430419922,"Unknown"
"7014851",371865,2025-11-25 10:06:03,43.2899475097656,-8.94087886810303,"Unknown"
"7014851",371865,2025-11-25 10:36:05,43.3184356689453,-8.87280464172363,"Unknown"
"7014851",371865,2025-11-25 11:06:10,43.3190765380859,-8.87324333190918,"Unknown"
"7014851",371865,2025-11-25 11:36:14,43.3180465698242,-8.87158298492432,"Unknown"
"7014851",371865,2025-11-25 12:06:14,43.3189964294434,-8.87573909759521,"Unknown"
"7014851",371865,2025-11-25 12:36:14,43.3196449279785,-8.87592506408691,"Unknown"
"7014851",371865,2025-11-25 13:06:06,43.3196449279785,-8.87587833404541,"Unknown"
"7014851",371865,2025-11-25 13:36:29,43.3197860717773,-8.87577629089355,"Unknown"
"7014851",371865,2025-11-25 14:06:06,43.3202743530273,-8.87633991241455,"Unknown"
"7014851",371865,2025-11-25 14:36:15,43.3198013305664,-8.8756799697876,"Unknown"
"7014851",371865,2025-11-25 15:05:53,43.3164710998535,-8.85841083526611,"Unknown"
"7014851",371865,2025-11-25 15:36:15,43.3561744689941,-8.84589862823486,"Unknown"
"7014851",371865,2025-11-25 16:06:12,43.4186897277832,-8.93065738677979,"Unknown"
"7014851",371865,2025-11-25 16:36:14,43.4857406616211,-8.87772083282471,"Unknown"
"7014851",371865,2025-11-25 17:05:54,43.5421867370605,-8.7001781463623,"Unknown"
"7014851",371865,2025-11-25 18:06:31,43.6449584960938,-8.57996463775635,"Unknown"
"7014851",371865,2025-11-25 18:35:55,43.6925086975098,-8.59778594970703,"Unknown"
"7014851",371865,2025-11-25 19:05:56,43.6437911987305,-8.55916309356689,"Unknown"
"7014851",371865,2025-11-25 19:35:59,43.6400184631348,-8.55966949462891,"Unknown"
"7014851",371865,2025-11-25 20:05:58,43.6522789001465,-8.57029724121094,"Unknown"
"7014851",371865,2025-11-25 20:35:58,43.6909713745117,-8.65560054779053,"Unknown"
"7014851",371865,2025-11-25 21:06:29,43.6874961853027,-8.64480686187744,"Unknown"
"7014851",371865,2025-11-25 21:35:55,43.6815795898438,-8.64088344573975,"Unknown"
"7014851",371865,2025-11-25 22:05:52,43.6816024780273,-8.63272953033447,"Unknown"
"7014851",371865,2025-11-25 22:35:58,43.6830673217773,-8.62146854400635,"Unknown"
"7014851",371865,2025-11-25 23:05:56,43.6814842224121,-8.62120151519775,"Unknown"
"7014851",371865,2025-11-25 23:36:29,43.6812858581543,-8.61952781677246,"Unknown"
"7014851",371865,2025-11-26 00:05:53,43.6817169189453,-8.61645984649658,"Unknown"
"7014851",371865,2025-11-26 00:35:58,43.6819763183594,-8.61286067962646,"Unknown"
"7014851",371865,2025-11-26 01:05:57,43.6821975708008,-8.60873603820801,"Unknown"
"7014851",371865,2025-11-26 01:35:57,43.6814384460449,-8.60222244262695,"Unknown"
"7014851",371865,2025-11-26 02:06:19,43.6806411743164,-8.59681129455566,"Unknown"
"7014851",371865,2025-11-26 02:36:00,43.6810188293457,-8.59187793731689,"Unknown"
"7014851",371865,2025-11-26 03:06:00,43.6808586120605,-8.58908557891846,"Unknown"
"7014851",371865,2025-11-26 03:36:24,43.6804351806641,-8.58621120452881,"Unknown"
"7014851",371865,2025-11-26 04:06:23,43.6788749694824,-8.58303260803223,"Unknown"
"7014851",371865,2025-11-26 04:35:55,43.6780052185059,-8.58017826080322,"Unknown"
"7014851",371865,2025-11-26 05:05:54,43.677001953125,-8.57914733886719,"Unknown"
"7014851",371865,2025-11-26 05:35:53,43.6740875244141,-8.57781505584717,"Unknown"
"7014851",371865,2025-11-26 06:06:29,43.6698913574219,-8.5767993927002,"Unknown"
"7014851",371865,2025-11-26 06:35:57,43.6684951782227,-8.58055686950684,"Unknown"
"7014851",371865,2025-11-26 07:06:00,43.6033058166504,-8.65306282043457,"Unknown"
"7014851",371865,2025-11-26 07:35:55,43.4409141540527,-8.74712181091309,"Unknown"
"7014851",371865,2025-11-26 08:06:15,43.3639831542969,-8.84404182434082,"Unknown"
"7014851",371865,2025-11-26 08:36:03,43.3639869689941,-8.84517383575439,"Unknown"
"7014851",371865,2025-11-26 09:06:25,43.364070892334,-8.84783744812012,"Unknown"
"7014851",371865,2025-11-26 09:35:59,43.3205184936523,-8.84738254547119,"Unknown"
"7014851",371865,2025-11-26 10:06:35,43.3196182250977,-8.84580039978027,"Unknown"
"7014851",371865,2025-11-26 10:35:58,43.3196716308594,-8.84598255157471,"Unknown"
"7014851",371865,2025-11-26 11:05:55,43.3199729919434,-8.84586048126221,"Unknown"
"7014851",371865,2025-11-26 11:36:14,43.3198394775391,-8.84576797485352,"Unknown"
"7014851",371865,2025-11-26 12:05:55,43.3199424743652,-8.84583377838135,"Unknown"
"7014851",371865,2025-11-26 12:35:52,43.320255279541,-8.84617900848389,"Unknown"
"7014851",371865,2025-11-26 13:06:14,43.3200378417969,-8.84584045410156,"Unknown"
"7014851",371865,2025-11-26 13:35:52,43.3200149536133,-8.8458251953125,"Unknown"
"7014851",371865,2025-11-26 14:06:14,43.3197708129883,-8.84527778625488,"Unknown"
"7014851",371865,2025-11-26 14:36:00,43.3188323974609,-8.84513378143311,"Unknown"
"7014851",371865,2025-11-26 15:06:23,43.3197364807129,-8.8454647064209,"Unknown"
"7014851",371865,2025-11-26 15:36:04,43.3492164611816,-8.84577369689941,"Unknown"
"7014851",371865,2025-11-26 16:06:19,43.4927749633789,-8.88430881500244,"Unknown"
"7014851",371865,2025-11-26 16:35:56,43.6333961486816,-8.87506008148193,"Unknown"
"7014851",371865,2025-11-26 17:06:15,43.6306266784668,-8.86965179443359,"Unknown"
"7014851",371865,2025-11-26 17:35:52,43.6080284118652,-8.93991279602051,"Unknown"
"7014851",371865,2025-11-26 18:06:23,43.5895767211914,-8.99596691131592,"Unknown"
"7014851",371865,2025-11-26 18:35:55,43.5936622619629,-8.99408912658691,"Unknown"
"7014851",371865,2025-11-26 19:06:02,43.5988349914551,-8.98873805999756,"Unknown"
"7014851",371865,2025-11-26 19:36:23,43.604362487793,-8.98880863189697,"Unknown"
"7014851",371865,2025-11-26 20:05:53,43.6092185974121,-8.99076652526855,"Unknown"
"7014851",371865,2025-11-26 20:35:53,43.6142044067383,-8.99416542053223,"Unknown"
"7014851",371865,2025-11-26 21:05:53,43.6179428100586,-8.9944429397583,"Unknown"
"7014851",371865,2025-11-26 21:35:53,43.6232643127441,-8.99347972869873,"Unknown"
"7014851",371865,2025-11-26 22:06:18,43.626953125,-8.99343204498291,"Unknown"
"7014851",371865,2025-11-26 22:35:56,43.630989074707,-8.99289798736572,"Unknown"
"7014851",371865,2025-11-26 23:06:14,43.6355819702148,-8.99050045013428,"Unknown"
"7014851",371865,2025-11-26 23:36:35,43.6414031982422,-8.98624515533447,"Unknown"
"7014851",371865,2025-11-27 00:06:14,43.6460494995117,-8.98194313049316,"Unknown"
"7014851",371865,2025-11-27 00:36:59,43.6619033813477,-8.97446727752686,"Unknown"
"7014851",371865,2025-11-27 01:05:52,43.665641784668,-8.96555805206299,"Unknown"
"7014851",371865,2025-11-27 01:35:58,43.6699409484863,-8.95685768127441,"Unknown"
"7014851",371865,2025-11-27 02:05:59,43.6701965332031,-8.95005321502686,"Unknown"
"7014851",371865,2025-11-27 02:36:23,43.6732940673828,-8.94450759887695,"Unknown"
"7014851",371865,2025-11-27 03:06:00,43.6761131286621,-8.93535804748535,"Unknown"
"7014851",371865,2025-11-27 03:36:14,43.678840637207,-8.92714500427246,"Unknown"
"7014851",371865,2025-11-27 04:06:00,43.680980682373,-8.91985130310059,"Unknown"
"7014851",371865,2025-11-27 04:36:35,43.6759948730469,-8.91241836547852,"Unknown"
"7014851",371865,2025-11-27 05:05:50,43.6774368286133,-8.90711498260498,"Unknown"
"7014851",371865,2025-11-27 05:35:52,43.6784820556641,-8.90177059173584,"Unknown"
"7014851",371865,2025-11-27 06:05:52,43.6783905029297,-8.89704608917236,"Unknown"
"7014851",371865,2025-11-27 06:35:52,43.6801223754883,-8.89314937591553,"Unknown"
"7014851",371865,2025-11-27 07:05:53,43.6393508911133,-8.87885189056396,"Unknown"
"7014851",371865,2025-11-27 07:35:54,43.6197052001953,-8.89460849761963,"Unknown"
"7014851",371865,2025-11-27 08:08:57,43.5797958374023,-8.94581604003906,"Unknown"
"7014851",371865,2025-11-27 08:35:51,43.5776672363281,-8.93631172180176,"Unknown"
"7014851",371865,2025-11-27 09:05:52,43.595630645752,-8.93979644775391,"Unknown"
"7014851",371865,2025-11-27 09:35:54,43.6235961914062,-8.9132661819458,"Unknown"
"7014851",371865,2025-11-27 10:06:23,43.608699798584,-8.9046630859375,"Unknown"
"7014851",371865,2025-11-27 10:35:51,43.61328125,-8.87494277954102,"Unknown"
"7014851",371865,2025-11-27 11:05:57,43.6258964538574,-8.84575653076172,"Unknown"
"7014851",371865,2025-11-27 11:35:53,43.6652641296387,-8.8431568145752,"Unknown"
"7014851",371865,2025-11-27 12:06:23,43.6624946594238,-8.81068992614746,"Unknown"
"7014851",371865,2025-11-27 12:36:35,43.6681823730469,-8.78850650787354,"Unknown"
"7014851",371865,2025-11-27 13:05:51,43.6673431396484,-8.77901363372803,"Unknown"
"7014851",371865,2025-11-27 13:36:44,43.6767616271973,-8.77583885192871,"Unknown"
"7014851",371865,2025-11-27 14:06:52,43.6779479980469,-8.77042579650879,"Unknown"
"7014851",371865,2025-11-27 14:35:54,43.6414985656738,-8.92093086242676,"Unknown"
"7014851",371865,2025-11-27 15:06:14,43.6613235473633,-8.9006872177124,"Unknown"
"7014851",371865,2025-11-27 15:36:29,43.6482429504395,-8.81192207336426,"Unknown"
"7014851",371865,2025-11-27 16:05:53,43.6715927124023,-8.71806907653809,"Unknown"
"7014851",371865,2025-11-27 16:37:14,43.7609672546387,-8.69752502441406,"Unknown"
"7014851",371865,2025-11-27 17:07:05,43.7774429321289,-8.72764873504639,"Unknown"
"7014851",371865,2025-11-27 17:35:54,43.7065124511719,-8.66917037963867,"Unknown"
"7014851",371865,2025-11-27 18:06:00,43.6229095458984,-8.53212833404541,"Unknown"
"7014851",371865,2025-11-27 18:35:58,43.5044174194336,-8.44996452331543,"Unknown"
"7014851",371865,2025-11-27 19:06:00,43.4145545959473,-8.36574745178223,"Unknown"
"7014851",371865,2025-11-27 19:36:14,43.394416809082,-8.28596687316895,"Unknown"
"7014851",371865,2025-11-27 20:06:00,43.3943099975586,-8.28591251373291,"Unknown"
"7014851",371865,2025-11-27 20:36:29,43.3943748474121,-8.2859468460083,"Unknown"
"7014851",371865,2025-11-27 21:05:53,43.3943901062012,-8.2858715057373,"Unknown"
"7014851",371865,2025-11-27 21:35:50,43.3944053649902,-8.28598690032959,"Unknown"
"7014851",371865,2025-11-27 22:05:50,43.3944282531738,-8.28597164154053,"Unknown"
"7014851",371865,2025-11-27 22:35:53,43.3945579528809,-8.28617095947266,"Unknown"
"7014851",371865,2025-11-27 23:06:07,43.3941459655762,-8.28593254089355,"Unknown"
"7014851",371865,2025-11-27 23:36:15,43.3945045471191,-8.28599548339844,"Unknown"
"7014851",371865,2025-11-28 00:05:59,43.3946266174316,-8.28605937957764,"Unknown"
"7014851",371865,2025-11-28 00:36:15,43.3946418762207,-8.28599071502686,"Unknown"
"7014851",371865,2025-11-28 01:05:52,43.3951263427734,-8.28580093383789,"Unknown"
"7014851",371865,2025-11-28 01:36:14,43.3946075439453,-8.28604984283447,"Unknown"
"7014851",371865,2025-11-28 02:05:57,43.3944816589355,-8.28585529327393,"Unknown"
"7014851",371865,2025-11-28 02:35:51,43.3950729370117,-8.25547027587891,"Unknown"
"7014851",371865,2025-11-28 03:06:15,43.3918113708496,-8.28112888336182,"Unknown"
"7014851",371865,2025-11-28 03:36:23,43.3919486999512,-8.28094005584717,"Unknown"
"7014851",371865,2025-11-28 04:05:50,43.392204284668,-8.2811861038208,"Unknown"
"7014851",371865,2025-11-28 04:35:50,43.3919067382812,-8.28120994567871,"Unknown"
"7014851",371865,2025-11-28 05:05:51,43.3930969238281,-8.28774642944336,"Unknown"
"7014851",371865,2025-11-28 05:35:50,43.3919105529785,-8.28906440734863,"Unknown"
"7014851",371865,2025-11-28 06:05:52,43.3922691345215,-8.28833103179932,"Unknown"
"7014851",371865,2025-11-28 06:35:54,43.3998985290527,-8.28271961212158,"Unknown"
"7014851",371865,2025-11-28 07:05:50,43.4004287719727,-8.28227519989014,"Unknown"
"7014851",371865,2025-11-28 07:35:51,43.3945579528809,-8.28613567352295,"Unknown"
"7014851",371865,2025-11-28 08:05:49,43.4078559875488,-8.35557556152344,"Unknown"
"7014851",371865,2025-11-28 08:35:50,43.4306831359863,-8.54943370819092,"Unknown"
"7014851",371865,2025-11-28 09:05:49,43.3317832946777,-8.62355327606201,"Unknown"
"7014851",371865,2025-11-28 09:35:49,43.2924499511719,-8.69759750366211,"Unknown"
"7014851",371865,2025-11-28 10:05:49,43.2927665710449,-8.6962718963623,"Unknown"
"7014851",371865,2025-11-28 10:35:49,43.2928047180176,-8.69544315338135,"Unknown"
"7014851",371865,2025-11-28 11:05:50,43.2929992675781,-8.69597053527832,"Unknown"
"7014851",371865,2025-11-28 11:35:52,43.2923126220703,-8.69672393798828,"Unknown"
"7014851",371865,2025-11-28 12:05:52,43.29248046875,-8.69779777526855,"Unknown"
"7014851",371865,2025-11-28 12:35:50,43.2925567626953,-8.6976375579834,"Unknown"
"7014851",371865,2025-11-28 13:05:51,43.2927207946777,-8.69711971282959,"Unknown"
"7014851",371865,2025-11-28 13:36:14,43.2927894592285,-8.69764804840088,"Unknown"
"7014851",371865,2025-11-28 14:05:50,43.2927932739258,-8.69783878326416,"Unknown"
"7014851",371865,2025-11-28 14:35:51,43.2926025390625,-8.69798183441162,"Unknown"
"7014851",371865,2025-11-28 15:05:51,43.2926940917969,-8.69822216033936,"Unknown"
"7014851",371865,2025-11-28 15:35:51,43.3217926025391,-8.69211196899414,"Unknown"
"7014851",371865,2025-11-28 16:05:50,43.3410911560059,-8.54437255859375,"Unknown"
"7014851",371865,2025-11-28 16:35:52,43.3336868286133,-8.50820446014404,"Unknown"
"7014851",371865,2025-11-28 17:05:50,43.4016189575195,-8.37414169311523,"Unknown"
"7014851",371865,2025-11-28 17:35:50,43.3928565979004,-8.28785133361816,"Unknown"
"7014851",371865,2025-11-28 18:05:51,43.3929977416992,-8.28745174407959,"Unknown"
"7014851",371865,2025-11-28 18:35:54,43.3936653137207,-8.28846740722656,"Unknown"
"7014851",371865,2025-11-28 19:05:50,43.3938331604004,-8.28868103027344,"Unknown"
"7014851",371865,2025-11-28 19:35:51,43.3939170837402,-8.28870677947998,"Unknown"
"7014851",371865,2025-11-28 20:05:50,43.3938598632812,-8.28859710693359,"Unknown"
"7014851",371865,2025-11-28 20:35:51,43.3939552307129,-8.28887176513672,"Unknown"
"7014851",371865,2025-11-28 21:05:51,43.3939666748047,-8.2889347076416,"Unknown"
"7014851",371865,2025-11-28 21:35:49,43.3941841125488,-8.28914356231689,"Unknown"
"7014851",371865,2025-11-28 22:05:52,43.3943977355957,-8.28954124450684,"Unknown"
"7014851",371865,2025-11-28 22:35:49,43.3961029052734,-8.29311180114746,"Unknown"
"7014851",371865,2025-11-28 23:05:54,43.3930168151855,-8.28759098052979,"Unknown"
"7014851",371865,2025-11-28 23:36:00,43.393310546875,-8.28807544708252,"Unknown"
"7014851",371865,2025-11-29 00:06:01,43.3935127258301,-8.28840637207031,"Unknown"
"7014851",371865,2025-11-29 00:36:06,43.3935394287109,-8.28868770599365,"Unknown"
"7014851",371865,2025-11-29 01:05:53,43.393726348877,-8.28885841369629,"Unknown"
"7014851",371865,2025-11-29 01:35:53,43.3941421508789,-8.28851890563965,"Unknown"
"7014851",371865,2025-11-29 02:06:06,43.3951683044434,-8.28729057312012,"Unknown"
"7014851",371865,2025-11-29 02:35:50,43.3938026428223,-8.28639793395996,"Unknown"
"7014851",371865,2025-11-29 03:05:50,43.3936233520508,-8.28548336029053,"Unknown"
"7014851",371865,2025-11-29 03:35:53,43.3930511474609,-8.28732395172119,"Unknown"
"7014851",371865,2025-11-29 04:06:11,43.3932571411133,-8.2899169921875,"Unknown"
"7014851",371865,2025-11-29 04:35:53,43.3934326171875,-8.28824996948242,"Unknown"
"7014851",371865,2025-11-29 05:06:11,43.3940811157227,-8.28921318054199,"Unknown"
"7014851",371865,2025-11-29 05:36:03,43.3943367004395,-8.28779315948486,"Unknown"
"7014851",371865,2025-11-29 06:06:14,43.3935623168945,-8.28832244873047,"Unknown"
"7014851",371865,2025-11-29 06:36:11,43.393798828125,-8.28814125061035,"Unknown"
"7014851",371865,2025-11-29 07:06:21,43.3936653137207,-8.28875350952148,"Unknown"
"7014851",371865,2025-11-29 07:35:49,43.3919792175293,-8.29732704162598,"Unknown"
"7014851",371865,2025-11-29 08:06:14,43.2810287475586,-8.37808513641357,"Unknown"
"7014851",371865,2025-11-29 08:35:50,43.1805686950684,-8.43611431121826,"Unknown"
"7014851",371865,2025-11-29 09:06:35,43.1301383972168,-8.47141456604004,"Unknown"
"7014851",371865,2025-11-29 09:35:48,43.1303672790527,-8.47139263153076,"Unknown"
"7014851",371865,2025-11-29 10:05:49,43.1289024353027,-8.46851825714111,"Unknown"
"7014851",371865,2025-11-29 10:35:53,43.1293678283691,-8.47079563140869,"Unknown"
"7014851",371865,2025-11-29 11:05:53,43.1300010681152,-8.47078323364258,"Unknown"
"7014851",371865,2025-11-29 11:35:54,43.1302757263184,-8.47093200683594,"Unknown"
"7014851",371865,2025-11-29 12:06:02,43.1298370361328,-8.46923923492432,"Unknown"
"7014851",371865,2025-11-29 12:36:02,43.1298446655273,-8.46940803527832,"Unknown"
"7014851",371865,2025-11-29 13:06:35,43.1319122314453,-8.46794700622559,"Unknown"
"7014851",371865,2025-11-29 13:35:55,43.1319274902344,-8.46799087524414,"Unknown"
"7014851",371865,2025-11-29 14:06:44,43.1319618225098,-8.4679126739502,"Unknown"
"7014851",371865,2025-11-29 14:35:56,43.1301002502441,-8.46944427490234,"Unknown"
"7014851",371865,2025-11-29 15:05:52,43.130672454834,-8.47126960754395,"Unknown"
"7014851",371865,2025-11-29 15:36:02,43.1289863586426,-8.46962928771973,"Unknown"
"7014851",371865,2025-11-29 16:06:09,43.1301460266113,-8.47078418731689,"Unknown"
"7014851",371865,2025-11-29 16:35:55,43.1824378967285,-8.43633937835693,"Unknown"
"7014851",371865,2025-11-29 17:05:53,43.2232933044434,-8.39188003540039,"Unknown"
"7014851",371865,2025-11-29 17:36:25,43.325382232666,-8.37313079833984,"Unknown"
"7014851",371865,2025-11-29 18:05:50,43.3613586425781,-8.39465045928955,"Unknown"
"7014851",371865,2025-11-29 18:35:52,43.3613891601562,-8.39483833312988,"Unknown"
"7014851",371865,2025-11-29 19:06:03,43.3619384765625,-8.39477825164795,"Unknown"
"7014851",371865,2025-11-29 19:35:53,43.3618011474609,-8.39492130279541,"Unknown"
"7014851",371865,2025-11-29 20:05:49,43.3616600036621,-8.39501190185547,"Unknown"
"7014851",371865,2025-11-29 20:35:54,43.3616561889648,-8.39492034912109,"Unknown"
"7014851",371865,2025-11-29 21:05:49,43.392894744873,-8.28774642944336,"Unknown"
"7014851",371865,2025-11-29 21:35:56,43.3927574157715,-8.28780269622803,"Unknown"
"7014851",371865,2025-11-29 22:06:05,43.3931083679199,-8.28747177124023,"Unknown"
"7014851",371865,2025-11-29 22:35:48,43.392894744873,-8.28745651245117,"Unknown"
"7014851",371865,2025-11-29 23:06:13,43.3944435119629,-8.28593254089355,"Unknown"
"7014851",371865,2025-11-29 23:35:47,43.394458770752,-8.2860746383667,"Unknown"
"7014851",371865,2025-11-30 00:05:49,43.393138885498,-8.28573703765869,"Unknown"
"7014851",371865,2025-11-30 00:35:49,43.3938636779785,-8.28574848175049,"Unknown"
"7014851",371865,2025-11-30 01:05:48,43.3945274353027,-8.28676128387451,"Unknown"
"7014851",371865,2025-11-30 01:35:49,43.3625526428223,-8.40348052978516,"Unknown"
"7014851",371865,2025-11-30 02:05:50,43.4261894226074,-8.30874824523926,"Unknown"
"7014851",371865,2025-11-30 02:35:49,43.4022216796875,-8.28153514862061,"Unknown"
"7014851",371865,2025-11-30 03:06:05,43.4033584594727,-8.28170013427734,"Unknown"
"7014851",371865,2025-11-30 03:36:29,43.403507232666,-8.28435230255127,"Unknown"
"7014851",371865,2025-11-30 04:05:55,43.4028778076172,-8.28131580352783,"Unknown"
"7014851",371865,2025-11-30 04:36:11,43.4029273986816,-8.28300952911377,"Unknown"
"7014851",371865,2025-11-30 05:05:50,43.4045944213867,-8.28429222106934,"Unknown"
"7014851",371865,2025-11-30 05:36:05,43.4059371948242,-8.28636646270752,"Unknown"
"7014851",371865,2025-11-30 06:06:14,43.4063148498535,-8.28619575500488,"Unknown"
"7014851",371865,2025-11-30 06:35:49,43.4068603515625,-8.28757476806641,"Unknown"
"7014851",371865,2025-11-30 07:06:23,43.4099044799805,-8.28234100341797,"Unknown"
"7014851",371865,2025-11-30 07:35:48,43.3691596984863,-8.39345169067383,"Unknown"
"7014851",371865,2025-11-30 08:05:51,43.3628959655762,-8.40414237976074,"Unknown"
"7014851",371865,2025-11-30 08:35:54,43.3741798400879,-8.42852115631104,"Unknown"
"7014851",371865,2025-11-30 09:05:46,43.3158187866211,-8.69184589385986,"Unknown"
"7014851",371865,2025-11-30 09:35:46,43.3526802062988,-8.84250831604004,"Unknown"
"7014851",371865,2025-11-30 10:05:58,43.365161895752,-8.82689094543457,"Unknown"
"7014851",371865,2025-11-30 10:36:35,43.3372268676758,-8.85006237030029,"Unknown"
"7014851",371865,2025-11-30 11:05:51,43.3226127624512,-8.80409812927246,"Unknown"
"7014851",371865,2025-11-30 11:35:49,43.3226356506348,-8.8040599822998,"Unknown"
"7014851",371865,2025-11-30 12:05:47,43.3223762512207,-8.80337715148926,"Unknown"
"7014851",371865,2025-11-30 12:35:46,43.3223724365234,-8.80318641662598,"Unknown"
"7014851",371865,2025-11-30 13:06:53,43.3225517272949,-8.80398941040039,"Unknown"
"7014851",371865,2025-11-30 13:35:55,43.323055267334,-8.80375099182129,"Unknown"
"7014851",371865,2025-11-30 14:05:48,43.3226051330566,-8.80367660522461,"Unknown"
"7014851",371865,2025-11-30 14:35:47,43.3227310180664,-8.80390453338623,"Unknown"
"7014851",371865,2025-11-30 15:05:50,43.3227157592773,-8.8040018081665,"Unknown"
"7014851",371865,2025-11-30 15:35:52,43.3225364685059,-8.80403137207031,"Unknown"
"7014851",371865,2025-11-30 16:05:46,43.4089622497559,-8.80134868621826,"Unknown"
"7014851",371865,2025-11-30 16:35:46,43.4419822692871,-8.80291080474854,"Unknown"
"7014851",371865,2025-11-30 17:05:46,43.4666481018066,-8.90124416351318,"Unknown"
"7014851",371865,2025-11-30 17:36:44,43.4764518737793,-8.99231433868408,"Unknown"
"7014851",371865,2025-11-30 18:05:46,43.4780082702637,-8.99899005889893,"Unknown"
"7014851",371865,2025-11-30 18:35:46,43.4852638244629,-9.00849914550781,"Unknown"
"7014851",371865,2025-11-30 19:05:53,43.4786529541016,-9.0199031829834,"Unknown"
"7014851",371865,2025-11-30 19:35:47,43.4911613464355,-9.02129077911377,"Unknown"
"7014851",371865,2025-11-30 20:05:47,43.4723472595215,-8.94636154174805,"Unknown"
"7014851",371865,2025-11-30 20:35:46,43.4478874206543,-8.90744495391846,"Unknown"
"7014851",371865,2025-11-30 21:06:30,43.4299430847168,-8.75234603881836,"Unknown"
"7014851",371865,2025-11-30 21:36:29,43.3652648925781,-8.62505149841309,"Unknown"
"7014851",371865,2025-11-30 22:05:56,43.3436851501465,-8.55669212341309,"Unknown"
"7014851",371865,2025-11-30 22:35:48,43.3415946960449,-8.55113124847412,"Unknown"
"7014851",371865,2025-11-30 23:06:00,43.3420753479004,-8.55118083953857,"Unknown"
"7014851",371865,2025-11-30 23:35:51,43.3425712585449,-8.55086326599121,"Unknown"
"7014851",371865,2025-12-01 00:06:05,43.3435478210449,-8.55059909820557,"Unknown"
"7014851",371865,2025-12-01 00:35:46,43.343505859375,-8.55137062072754,"Unknown"
"7014851",371865,2025-12-01 01:05:46,43.3426628112793,-8.55122852325439,"Unknown"
"7014851",371865,2025-12-01 01:35:47,43.341423034668,-8.55135917663574,"Unknown"
"7014851",371865,2025-12-01 02:05:47,43.3286590576172,-8.55021572113037,"Unknown"
"7014851",371865,2025-12-01 02:35:46,43.3288345336914,-8.55140686035156,"Unknown"
"7014851",371865,2025-12-01 03:05:46,43.3287353515625,-8.55252075195312,"Unknown"
"7014851",371865,2025-12-01 03:35:45,43.3296165466309,-8.55271244049072,"Unknown"
"7014851",371865,2025-12-01 04:05:46,43.3294868469238,-8.5538272857666,"Unknown"
"7014851",371865,2025-12-01 04:35:47,43.3309097290039,-8.55572032928467,"Unknown"
"7014851",371865,2025-12-01 05:05:50,43.3308372497559,-8.55472087860107,"Unknown"
"7014851",371865,2025-12-01 05:35:55,43.3312721252441,-8.55228805541992,"Unknown"
"7014851",371865,2025-12-01 06:06:03,43.3308372497559,-8.5529956817627,"Unknown"
"7014851",371865,2025-12-01 06:35:46,43.3303375244141,-8.55327892303467,"Unknown"
"7014851",371865,2025-12-01 07:05:44,43.3247222900391,-8.5343656539917,"Unknown"
"7014851",371865,2025-12-01 07:35:45,43.3296356201172,-8.50762939453125,"Unknown"
"7014851",371865,2025-12-01 08:06:03,43.2810401916504,-8.48405456542969,"Unknown"
"7014851",371865,2025-12-01 08:35:47,43.2163200378418,-8.46390914916992,"Unknown"
"7014851",371865,2025-12-01 09:05:47,43.1305160522461,-8.47091865539551,"Unknown"
"7014851",371865,2025-12-01 09:35:57,43.1317176818848,-8.47654819488525,"Unknown"
"7014851",371865,2025-12-01 10:05:49,43.1303596496582,-8.46860980987549,"Unknown"
"7014851",371865,2025-12-01 10:36:29,43.0987243652344,-8.49761772155762,"Unknown"
"7014851",371865,2025-12-01 11:05:54,43.0995407104492,-8.49739074707031,"Unknown"
"7014851",371865,2025-12-01 11:35:55,43.1294364929199,-8.47118759155273,"Unknown"
"7014851",371865,2025-12-01 12:05:51,43.1306953430176,-8.47082710266113,"Unknown"
"7014851",371865,2025-12-01 12:35:48,43.1288261413574,-8.47222232818604,"Unknown"
"7014851",371865,2025-12-01 13:06:05,43.1294441223145,-8.47023010253906,"Unknown"
"7014851",371865,2025-12-01 13:35:44,43.1295127868652,-8.47061634063721,"Unknown"
"7014851",371865,2025-12-01 14:05:55,43.1223106384277,-8.47626781463623,"Unknown"
"7014851",371865,2025-12-01 14:35:56,43.0982704162598,-8.50607395172119,"Unknown"
"7014851",371865,2025-12-01 15:06:02,43.1295318603516,-8.47025203704834,"Unknown"
"7014851",371865,2025-12-01 15:35:45,43.1296043395996,-8.4704475402832,"Unknown"
"7014851",371865,2025-12-01 16:06:14,43.1304969787598,-8.47134780883789,"Unknown"
"7014851",371865,2025-12-01 16:35:47,43.100399017334,-8.49954986572266,"Unknown"
"7014851",371865,2025-12-01 17:06:09,43.0981674194336,-8.50651836395264,"Unknown"
"7014851",371865,2025-12-01 17:36:05,43.1362915039062,-8.47057723999023,"Unknown"
"7014851",371865,2025-12-01 18:05:45,43.1911087036133,-8.42254257202148,"Unknown"
"7014851",371865,2025-12-01 18:35:46,43.1957015991211,-8.42719554901123,"Unknown"
"7014851",371865,2025-12-01 19:06:05,43.1931953430176,-8.42316722869873,"Unknown"
"7014851",371865,2025-12-01 19:35:44,43.1929550170898,-8.42301177978516,"Unknown"
"7014851",371865,2025-12-01 20:05:44,43.2000541687012,-8.41835784912109,"Unknown"
"7014851",371865,2025-12-01 20:35:46,43.3583869934082,-8.392409324646,"Unknown"
"7014851",371865,2025-12-01 21:05:44,43.3584938049316,-8.39234733581543,"Unknown"
"7014851",371865,2025-12-01 21:35:54,43.3584136962891,-8.39213466644287,"Unknown"
"7014851",371865,2025-12-01 22:06:05,43.3589019775391,-8.3931941986084,"Unknown"
"7014851",371865,2025-12-01 22:35:46,43.3589477539062,-8.39292049407959,"Unknown"
"7014851",371865,2025-12-01 23:05:44,43.3588905334473,-8.39260864257812,"Unknown"
"7014851",371865,2025-12-01 23:35:44,43.3588180541992,-8.3925838470459,"Unknown"
"7014851",371865,2025-12-02 00:06:05,43.3582496643066,-8.3926305770874,"Unknown"
"7014851",371865,2025-12-02 00:35:42,43.3581657409668,-8.39241790771484,"Unknown"
"7014851",371865,2025-12-02 01:05:43,43.3581771850586,-8.39255714416504,"Unknown"
"7014851",371865,2025-12-02 01:35:44,43.3583183288574,-8.39271354675293,"Unknown"
"7014851",371865,2025-12-02 02:06:05,43.3580322265625,-8.39243316650391,"Unknown"
"7014851",371865,2025-12-02 02:35:44,43.3580589294434,-8.39242362976074,"Unknown"
"7014851",371865,2025-12-02 03:05:51,43.3580207824707,-8.39251708984375,"Unknown"
"7014851",371865,2025-12-02 03:35:52,43.3580513000488,-8.39259433746338,"Unknown"
"7014851",371865,2025-12-02 04:05:44,43.3583946228027,-8.39354038238525,"Unknown"
"7014851",371865,2025-12-02 04:36:05,43.3585739135742,-8.39313220977783,"Unknown"
"7014851",371865,2025-12-02 05:05:48,43.3585815429688,-8.39308071136475,"Unknown"
"7014851",371865,2025-12-02 05:35:47,43.358154296875,-8.39249706268311,"Unknown"
"7014851",371865,2025-12-02 06:05:45,43.3582763671875,-8.39247512817383,"Unknown"
"7014851",371865,2025-12-02 06:35:54,43.3581809997559,-8.3925256729126,"Unknown"
"7014851",371865,2025-12-02 07:05:56,43.3289833068848,-8.37647151947021,"Unknown"
"7014851",371865,2025-12-02 07:36:05,43.2562713623047,-8.40178298950195,"Unknown"
"7014851",371865,2025-12-02 08:05:45,43.1915473937988,-8.38472747802734,"Unknown"
"7014851",371865,2025-12-02 08:35:48,43.1295433044434,-8.47019195556641,"Unknown"
"7014851",371865,2025-12-02 09:05:46,43.130744934082,-8.4719295501709,"Unknown"
"7014851",371865,2025-12-02 09:35:54,43.1310577392578,-8.47314548492432,"Unknown"
"7014851",371865,2025-12-02 10:06:06,43.1300277709961,-8.4698486328125,"Unknown"
"7014851",371865,2025-12-02 10:35:43,43.1299514770508,-8.46975994110107,"Unknown"
"7014851",371865,2025-12-02 11:05:42,43.1297225952148,-8.47064971923828,"Unknown"
"7014851",371865,2025-12-02 11:35:42,43.129711151123,-8.47042846679688,"Unknown"
"7014851",371865,2025-12-02 12:05:42,43.1297264099121,-8.47044086456299,"Unknown"
"7014851",371865,2025-12-02 12:36:02,43.1297264099121,-8.47043895721436,"Unknown"
"7014851",371865,2025-12-02 13:05:44,43.1291046142578,-8.4694766998291,"Unknown"
"7014851",371865,2025-12-02 13:35:53,43.1304473876953,-8.47124481201172,"Unknown"
"7014851",371865,2025-12-02 14:06:23,43.13037109375,-8.47159862518311,"Unknown"
"7014851",371865,2025-12-02 14:35:49,43.1305999755859,-8.47111034393311,"Unknown"
"7014851",371865,2025-12-02 15:06:05,43.1080093383789,-8.49472045898438,"Unknown"
"7014851",371865,2025-12-02 15:36:13,43.1300086975098,-8.46985721588135,"Unknown"
"7014851",371865,2025-12-02 16:05:59,43.1303901672363,-8.47110939025879,"Unknown"
"7014851",371865,2025-12-02 16:36:05,43.1725997924805,-8.44709014892578,"Unknown"
"7014851",371865,2025-12-02 17:05:43,43.3624725341797,-8.39623641967773,"Unknown"
"7014851",371865,2025-12-02 17:35:43,43.3605499267578,-8.40262222290039,"Unknown"
"7014851",371865,2025-12-02 18:05:43,43.3606147766113,-8.40261840820312,"Unknown"
"7014851",371865,2025-12-02 18:35:43,43.360523223877,-8.40266895294189,"Unknown"
"7014851",371865,2025-12-02 19:06:14,43.359619140625,-8.39994239807129,"Unknown"
"7014851",371865,2025-12-02 19:35:46,43.359561920166,-8.39969921112061,"Unknown"
"7014851",371865,2025-12-02 20:06:05,43.3580894470215,-8.39215278625488,"Unknown"
"7014851",371865,2025-12-02 20:35:54,43.3581924438477,-8.39208507537842,"Unknown"
"7014851",371865,2025-12-02 21:06:06,43.3580322265625,-8.39219760894775,"Unknown"
"7014851",371865,2025-12-02 21:35:46,43.3596725463867,-8.39953327178955,"Unknown"
"7014851",371865,2025-12-02 22:06:05,43.3596649169922,-8.39983081817627,"Unknown"
"7014851",371865,2025-12-02 22:35:44,43.3600387573242,-8.40073204040527,"Unknown"
"7014851",371865,2025-12-02 23:05:46,43.3596649169922,-8.40019989013672,"Unknown"
"7014851",371865,2025-12-02 23:35:59,43.3596572875977,-8.40037441253662,"Unknown"
"7014851",371865,2025-12-03 00:06:05,43.3642807006836,-8.40138149261475,"Unknown"
"7014851",371865,2025-12-03 00:35:43,43.3643035888672,-8.40137100219727,"Unknown"
"7014851",371865,2025-12-03 01:05:45,43.3642158508301,-8.40157318115234,"Unknown"
"7014851",371865,2025-12-03 01:35:46,43.3642539978027,-8.4014835357666,"Unknown"
"7014851",371865,2025-12-03 02:06:05,43.3643531799316,-8.4013729095459,"Unknown"
"7014851",371865,2025-12-03 02:36:35,43.358570098877,-8.39291381835938,"Unknown"
"7014851",371865,2025-12-03 03:05:43,43.3580741882324,-8.3919506072998,"Unknown"
"7014851",371865,2025-12-03 03:35:46,43.3578720092773,-8.39181900024414,"Unknown"
"7014851",371865,2025-12-03 04:05:42,43.3579902648926,-8.39230346679688,"Unknown"
"7014851",371865,2025-12-03 04:36:14,43.3608245849609,-8.4029016494751,"Unknown"
"7014851",371865,2025-12-03 05:05:41,43.362735748291,-8.4041166305542,"Unknown"
"7014851",371865,2025-12-03 05:36:05,43.3627395629883,-8.40403461456299,"Unknown"
"7014851",371865,2025-12-03 06:05:40,43.373161315918,-8.41426849365234,"Unknown"
"7014851",371865,2025-12-03 06:35:40,43.3512077331543,-8.55011653900146,"Unknown"
"7014851",371865,2025-12-03 07:05:40,43.3155403137207,-8.64806842803955,"Unknown"
"7014851",371865,2025-12-03 07:36:05,43.2925338745117,-8.69910335540771,"Unknown"
"7014851",371865,2025-12-03 08:05:45,43.297119140625,-8.71945095062256,"Unknown"
"7014851",371865,2025-12-03 08:36:05,43.357967376709,-8.84661293029785,"Unknown"
"7014851",371865,2025-12-03 09:05:41,43.3193893432617,-8.84572982788086,"Unknown"
"7014851",371865,2025-12-03 09:36:05,43.3195877075195,-8.84547519683838,"Unknown"
"7014851",371865,2025-12-03 10:06:05,43.3194923400879,-8.8455171585083,"Unknown"
"7014851",371865,2025-12-03 10:35:45,43.3195724487305,-8.84512519836426,"Unknown"
"7014851",371865,2025-12-03 11:05:43,43.3225746154785,-8.81018829345703,"Unknown"
"7014851",371865,2025-12-03 11:35:41,43.3237838745117,-8.81003475189209,"Unknown"
"7014851",371865,2025-12-03 12:05:41,43.3228302001953,-8.80453872680664,"Unknown"
"7014851",371865,2025-12-03 12:36:04,43.3237380981445,-8.80995082855225,"Unknown"
"7014851",371865,2025-12-03 13:05:40,43.322437286377,-8.81045722961426,"Unknown"
"7014851",371865,2025-12-03 13:36:14,43.3224334716797,-8.81031703948975,"Unknown"
"7014851",371865,2025-12-03 14:05:48,43.3224220275879,-8.81026077270508,"Unknown"
"7014851",371865,2025-12-03 14:36:05,43.3223457336426,-8.81035900115967,"Unknown"
"7014851",371865,2025-12-03 15:05:40,43.3223419189453,-8.81028842926025,"Unknown"
"7014851",371865,2025-12-03 15:35:41,43.3162002563477,-8.72778511047363,"Unknown"
"7014851",371865,2025-12-03 16:05:41,43.2921562194824,-8.69709396362305,"Unknown"
"7014851",371865,2025-12-03 16:35:44,43.2924499511719,-8.69705772399902,"Unknown"
"7014851",371865,2025-12-03 17:06:11,43.3239555358887,-8.62858867645264,"Unknown"
"7014851",371865,2025-12-03 17:36:15,43.367000579834,-8.40619277954102,"Unknown"
"7014851",371865,2025-12-03 18:06:05,43.3596572875977,-8.39958477020264,"Unknown"
"7014851",371865,2025-12-03 18:35:42,43.3596343994141,-8.39959239959717,"Unknown"
"7014851",371865,2025-12-03 19:05:47,43.3596992492676,-8.39963722229004,"Unknown"
"7014851",371865,2025-12-03 19:36:05,43.359691619873,-8.39957904815674,"Unknown"
"7014851",371865,2025-12-03 20:05:39,43.3596954345703,-8.39948081970215,"Unknown"
"7014851",371865,2025-12-03 20:35:43,43.3590850830078,-8.39816665649414,"Unknown"
"7014851",371865,2025-12-03 21:06:05,43.3591117858887,-8.39820384979248,"Unknown"
"7014851",371865,2025-12-03 21:35:43,43.3591690063477,-8.39822101593018,"Unknown"
"7014851",371865,2025-12-03 22:05:51,43.3591194152832,-8.39816665649414,"Unknown"
"7014851",371865,2025-12-03 22:35:43,43.3591079711914,-8.39834785461426,"Unknown"
"7014851",371865,2025-12-03 23:06:05,43.3591575622559,-8.39822578430176,"Unknown"
"7014851",371865,2025-12-03 23:35:40,43.3591041564941,-8.39899635314941,"Unknown"
"7014851",371865,2025-12-04 00:05:42,43.3590774536133,-8.39911937713623,"Unknown"
"7014851",371865,2025-12-04 00:35:43,43.359130859375,-8.39916229248047,"Unknown"
"7014851",371865,2025-12-04 01:05:40,43.3591918945312,-8.39900684356689,"Unknown"
"7014851",371865,2025-12-04 01:35:43,43.3601341247559,-8.40042114257812,"Unknown"
"7014851",371865,2025-12-04 02:06:05,43.3614196777344,-8.40324115753174,"Unknown"
"7014851",371865,2025-12-04 02:35:39,43.3614845275879,-8.40325450897217,"Unknown"
"7014851",371865,2025-12-04 03:05:40,43.361572265625,-8.40350341796875,"Unknown"
"7014851",371865,2025-12-04 03:35:40,43.3611793518066,-8.40311336517334,"Unknown"
"7014851",371865,2025-12-04 04:05:50,43.361198425293,-8.40314388275146,"Unknown"
"7014851",371865,2025-12-04 04:36:05,43.3612785339355,-8.40318489074707,"Unknown"
"7014851",371865,2025-12-04 05:05:39,43.3613014221191,-8.40324401855469,"Unknown"
"7014851",371865,2025-12-04 05:35:53,43.3613471984863,-8.4036979675293,"Unknown"
"7014851",371865,2025-12-04 06:05:58,43.3612518310547,-8.40342426300049,"Unknown"
"7014851",371865,2025-12-04 06:36:05,43.3613357543945,-8.40322971343994,"Unknown"
"7014851",371865,2025-12-04 07:05:41,43.3612976074219,-8.40317058563232,"Unknown"
"7014851",371865,2025-12-04 07:35:42,43.3735694885254,-8.47197818756104,"Unknown"
"7014851",371865,2025-12-04 08:06:05,43.3120613098145,-8.54892444610596,"Unknown"
"7014851",371865,2025-12-04 08:35:39,43.2545738220215,-8.54316425323486,"Unknown"
"7014851",371865,2025-12-04 09:05:43,43.130500793457,-8.47123718261719,"Unknown"
"7014851",371865,2025-12-04 09:35:43,43.1301536560059,-8.47014904022217,"Unknown"
"7014851",371865,2025-12-04 10:05:43,43.1298332214355,-8.4698600769043,"Unknown"
"7014851",371865,2025-12-04 10:36:05,43.1299514770508,-8.46999073028564,"Unknown"
"7014851",371865,2025-12-04 11:06:35,43.1303176879883,-8.47110939025879,"Unknown"
"7014851",371865,2025-12-04 11:35:46,43.1295700073242,-8.46958541870117,"Unknown"
"7014851",371865,2025-12-04 12:05:50,43.129940032959,-8.46972751617432,"Unknown"
"7014851",371865,2025-12-04 12:36:05,43.1299591064453,-8.46974086761475,"Unknown"
"7014851",371865,2025-12-04 13:05:52,43.1299743652344,-8.46978950500488,"Unknown"
"7014851",371865,2025-12-04 13:35:58,43.1304969787598,-8.47145652770996,"Unknown"
"7014851",371865,2025-12-04 14:06:05,43.1298561096191,-8.47069454193115,"Unknown"
"7014851",371865,2025-12-04 14:36:06,43.1299667358398,-8.46979236602783,"Unknown"
"7014851",371865,2025-12-04 15:05:38,43.129753112793,-8.46986389160156,"Unknown"
"7014851",371865,2025-12-04 15:35:40,43.1299018859863,-8.46934032440186,"Unknown"
"7014851",371865,2025-12-04 16:05:39,43.1298179626465,-8.4695291519165,"Unknown"
"7014851",371865,2025-12-04 16:35:43,43.1300239562988,-8.47002506256104,"Unknown"
"7014851",371865,2025-12-04 17:06:09,43.1927642822266,-8.42047023773193,"Unknown"
"7014851",371865,2025-12-04 17:35:38,43.3599433898926,-8.4009485244751,"Unknown"
"7014851",371865,2025-12-04 18:05:40,43.3596725463867,-8.39955615997314,"Unknown"
"7014851",371865,2025-12-04 18:36:53,43.3596115112305,-8.39947891235352,"Unknown"
"7014851",371865,2025-12-04 19:05:43,43.3608474731445,-8.40279006958008,"Unknown"
"7014851",371865,2025-12-04 19:36:05,43.3596954345703,-8.39987850189209,"Unknown"
"7014851",371865,2025-12-04 20:06:05,43.3596649169922,-8.39983558654785,"Unknown"
"7014851",371865,2025-12-04 20:35:38,43.3617401123047,-8.40333557128906,"Unknown"
"7014851",371865,2025-12-04 21:05:41,43.3617668151855,-8.40331268310547,"Unknown"
"7014851",371865,2025-12-04 21:35:40,43.3617744445801,-8.40342903137207,"Unknown"
"7014851",371865,2025-12-04 22:05:39,43.3619766235352,-8.40353202819824,"Unknown"
"7014851",371865,2025-12-04 22:35:40,43.3588752746582,-8.39234924316406,"Unknown"
"7014851",371865,2025-12-04 23:05:58,43.3586235046387,-8.39207649230957,"Unknown"
"7014851",371865,2025-12-04 23:35:54,43.3586502075195,-8.39214897155762,"Unknown"
"7014851",371865,2025-12-05 00:06:06,43.3585319519043,-8.39236164093018,"Unknown"
"7014851",371865,2025-12-05 00:35:38,43.3586044311523,-8.39247894287109,"Unknown"
"7014851",371865,2025-12-05 01:05:45,43.3590278625488,-8.39205265045166,"Unknown"
"7014851",371865,2025-12-05 01:36:05,43.3588218688965,-8.39306354522705,"Unknown"
"7014851",371865,2025-12-05 02:05:39,43.3589096069336,-8.39292240142822,"Unknown"
"7014851",371865,2025-12-05 02:36:05,43.3587760925293,-8.39303398132324,"Unknown"
"7014851",371865,2025-12-05 03:05:37,43.3610000610352,-8.39999675750732,"Unknown"
"7014851",371865,2025-12-05 03:35:37,43.3450736999512,-8.5610990524292,"Unknown"
"7014851",371865,2025-12-05 04:05:39,43.3211135864258,-8.75449180603027,"Unknown"
"7014851",371865,2025-12-05 04:36:35,43.3483505249023,-8.8789587020874,"Unknown"
"7014851",371865,2025-12-05 05:05:41,43.3501853942871,-8.87669849395752,"Unknown"
"7014851",371865,2025-12-05 05:37:02,43.3471488952637,-8.83936023712158,"Unknown"
"7014851",371865,2025-12-05 06:05:48,43.3226013183594,-8.77789974212646,"Unknown"
"7014851",371865,2025-12-05 06:36:05,43.3236198425293,-8.77723598480225,"Unknown"
"7014851",371865,2025-12-05 07:05:40,43.3239250183105,-8.77617740631104,"Unknown"
"7014851",371865,2025-12-05 07:35:38,43.3062057495117,-8.75410270690918,"Unknown"
"7014851",371865,2025-12-05 08:06:35,43.292366027832,-8.69852447509766,"Unknown"
"7014851",371865,2025-12-05 08:35:39,43.291675567627,-8.69885730743408,"Unknown"
"7014851",371865,2025-12-05 09:05:42,43.2681732177734,-8.61891555786133,"Unknown"
"7014851",371865,2025-12-05 09:36:05,43.1617202758789,-8.57040500640869,"Unknown"
"7014851",371865,2025-12-05 10:05:37,43.1305541992188,-8.47141551971436,"Unknown"
"7014851",371865,2025-12-05 10:35:40,43.1305274963379,-8.47166919708252,"Unknown"
"7014851",371865,2025-12-05 11:05:39,43.1296730041504,-8.4692554473877,"Unknown"
"7014851",371865,2025-12-05 11:35:38,43.1295166015625,-8.47093200683594,"Unknown"
"7014851",371865,2025-12-05 12:06:06,43.1248931884766,-8.47355079650879,"Unknown"
"7014851",371865,2025-12-05 12:35:39,43.0988883972168,-8.50417232513428,"Unknown"
"7014851",371865,2025-12-05 13:05:37,43.0972595214844,-8.49830532073975,"Unknown"
"7014851",371865,2025-12-05 13:35:44,43.0982360839844,-8.49693489074707,"Unknown"
"7014851",371865,2025-12-05 14:06:04,43.098991394043,-8.49544525146484,"Unknown"
"7014851",371865,2025-12-05 14:36:06,43.1001510620117,-8.49416446685791,"Unknown"
"7014851",371865,2025-12-05 15:05:39,43.0998306274414,-8.49526214599609,"Unknown"
"7014851",371865,2025-12-05 15:35:36,43.0993766784668,-8.49444484710693,"Unknown"
"7014851",371865,2025-12-05 16:05:39,43.0990447998047,-8.49494552612305,"Unknown"
"7014851",371865,2025-12-05 16:35:39,43.0993461608887,-8.49548721313477,"Unknown"
"7014851",371865,2025-12-05 17:06:35,43.1305084228516,-8.47134685516357,"Unknown"
"7014851",371865,2025-12-05 17:35:43,43.0975112915039,-8.50150680541992,"Unknown"
"7014851",371865,2025-12-05 18:06:05,43.0975036621094,-8.49629783630371,"Unknown"
"7014851",371865,2025-12-05 18:35:36,43.0970458984375,-8.49633884429932,"Unknown"
"7014851",371865,2025-12-05 19:05:40,43.0981216430664,-8.49678039550781,"Unknown"
"7014851",371865,2025-12-05 19:35:38,43.0977172851562,-8.49713516235352,"Unknown"
"7014852",371861,2025-06-05 14:07:05,43.3618659973145,-8.84336948394775,"Unknown"
"7014852",371861,2025-06-05 16:06:32,43.3604583740234,-8.84148120880127,"Unknown"
"7014852",371861,2025-06-05 18:06:46,43.3603630065918,-8.84143924713135,"Unknown"
"7014852",371861,2025-06-05 20:07:14,43.3602523803711,-8.84198951721191,"Unknown"
"7014852",371861,2025-06-05 20:58:15,43.360408782959,-8.84143733978271,"Unknown"
"7014852",371861,2025-06-06 01:58:15,43.3603973388672,-8.84141445159912,"Unknown"
"7014852",371861,2025-06-06 05:01:35,43.3602981567383,-8.84161853790283,"Unknown"
"7014852",371861,2025-06-06 07:01:29,43.3603439331055,-8.8414363861084,"Unknown"
"7014852",371861,2025-06-06 09:01:35,43.3604393005371,-8.84141540527344,"Unknown"
"7014852",371861,2025-06-06 09:31:21,43.3603706359863,-8.8413610458374,"Unknown"
"7014852",371861,2025-06-06 10:01:12,43.3610954284668,-8.84047412872314,"Unknown"
"7014852",371861,2025-06-06 10:31:13,43.3602905273438,-8.84130764007568,"Unknown"
"7014852",371861,2025-06-06 11:01:13,43.3603172302246,-8.84154987335205,"Unknown"
"7014852",371861,2025-06-06 11:31:17,43.3603286743164,-8.84135913848877,"Unknown"
"7014852",371861,2025-06-06 12:01:15,43.3608856201172,-8.84233665466309,"Unknown"
"7014852",371861,2025-06-06 12:31:18,43.3603935241699,-8.84139156341553,"Unknown"
"7014852",371861,2025-06-06 13:01:14,43.3604850769043,-8.84144592285156,"Unknown"
"7014852",371861,2025-06-06 13:31:14,43.3988761901855,-8.86683177947998,"Unknown"
"7014852",371861,2025-06-06 14:01:16,43.3615531921387,-8.84379768371582,"Unknown"
"7014852",371861,2025-06-06 14:31:16,43.3604927062988,-8.84171676635742,"Unknown"
"7014852",371861,2025-06-06 15:01:17,43.3605117797852,-8.84160900115967,"Unknown"
"7014852",371861,2025-06-06 15:31:15,43.3606719970703,-8.84169864654541,"Unknown"
"7014852",371861,2025-06-06 16:01:32,43.3603057861328,-8.84134960174561,"Unknown"
"7014852",371861,2025-06-06 16:31:12,43.3604011535645,-8.84149551391602,"Unknown"
"7014852",371861,2025-06-06 17:01:13,43.3606109619141,-8.84172439575195,"Unknown"
"7014852",371861,2025-06-06 17:31:35,43.3603172302246,-8.8414134979248,"Unknown"
"7014852",371861,2025-06-06 18:01:24,43.3603134155273,-8.84145450592041,"Unknown"
"7014852",371861,2025-06-06 18:31:26,43.3603363037109,-8.84145832061768,"Unknown"
"7014852",371861,2025-06-06 19:01:35,43.3603477478027,-8.84147644042969,"Unknown"
"7014852",371861,2025-06-06 19:31:13,43.3603782653809,-8.84144306182861,"Unknown"
"7014852",371861,2025-06-06 20:01:14,43.3603134155273,-8.8412971496582,"Unknown"
"7014852",371861,2025-06-06 20:31:13,43.3602828979492,-8.84128665924072,"Unknown"
"7014852",371861,2025-06-06 20:58:58,43.3602714538574,-8.84114265441895,"Unknown"
"7014852",371861,2025-06-07 01:59:17,43.3603210449219,-8.84068584442139,"Unknown"
"7014852",371861,2025-06-07 05:01:35,43.3599166870117,-8.84205436706543,"Unknown"
"7014852",371861,2025-06-07 05:31:43,43.3598251342773,-8.84230327606201,"Unknown"
"7014852",371861,2025-06-07 06:01:26,43.3600997924805,-8.84177780151367,"Unknown"
"7014852",371861,2025-06-07 06:31:34,43.3601951599121,-8.84144687652588,"Unknown"
"7014852",371861,2025-06-07 07:01:17,43.3205261230469,-8.85662174224854,"Unknown"
"7014852",371861,2025-06-07 07:31:23,43.3157806396484,-8.85729885101318,"Unknown"
"7014852",371861,2025-06-07 08:01:17,43.3155937194824,-8.85729789733887,"Unknown"
"7014852",371861,2025-06-07 08:31:17,43.3606071472168,-8.84109401702881,"Unknown"
"7014852",371861,2025-06-07 09:01:17,43.4924850463867,-8.93064403533936,"Unknown"
"7014852",371861,2025-06-07 09:31:21,43.5973091125488,-8.99900054931641,"Unknown"
"7014852",371861,2025-06-07 10:01:19,43.6672286987305,-8.83621025085449,"Unknown"
"7014852",371861,2025-06-07 10:31:16,43.6373291015625,-8.87174415588379,"Unknown"
"7014852",371861,2025-06-07 11:01:16,43.5481643676758,-8.89484024047852,"Unknown"
"7014852",371861,2025-06-07 11:31:21,43.4332885742188,-8.89301300048828,"Unknown"
"7014852",371861,2025-06-07 12:01:18,43.3601951599121,-8.84129524230957,"Unknown"
"7014852",371861,2025-06-07 12:11:17,43.3602752685547,-8.84140014648438,"Unknown"
"7014852",371861,2025-06-07 12:21:17,43.3603057861328,-8.8412971496582,"Unknown"
"7014852",371861,2025-06-07 12:31:19,43.3601608276367,-8.84141063690186,"Unknown"
"7014852",371861,2025-06-07 12:41:17,43.3601951599121,-8.84100341796875,"Unknown"
"7014852",371861,2025-06-07 12:51:22,43.3600769042969,-8.84136199951172,"Unknown"
"7014852",371861,2025-06-07 13:01:21,43.3601951599121,-8.8415470123291,"Unknown"
"7014852",371861,2025-06-07 13:11:19,43.3601722717285,-8.84157657623291,"Unknown"
"7014852",371861,2025-06-07 13:21:24,43.3602409362793,-8.84100151062012,"Unknown"
"7014852",371861,2025-06-07 13:31:19,43.3597297668457,-8.84143543243408,"Unknown"
"7014852",371861,2025-06-07 13:41:19,43.3596115112305,-8.84147453308105,"Unknown"
"7014852",371861,2025-06-07 13:51:21,43.3601417541504,-8.84123992919922,"Unknown"
"7014852",371861,2025-06-07 14:01:38,43.3608856201172,-8.84117698669434,"Unknown"
"7014852",371861,2025-06-07 14:11:24,43.3608322143555,-8.84126663208008,"Unknown"
"7014852",371861,2025-06-07 14:21:18,43.3610725402832,-8.84148502349854,"Unknown"
"7014852",371861,2025-06-07 14:31:18,43.3608245849609,-8.84158611297607,"Unknown"
"7014852",371861,2025-06-07 14:41:18,43.360710144043,-8.84163188934326,"Unknown"
"7014852",371861,2025-06-07 14:51:17,43.3606452941895,-8.84161853790283,"Unknown"
"7014852",371861,2025-06-07 15:01:17,43.3605995178223,-8.84158992767334,"Unknown"
"7014852",371861,2025-06-07 15:11:18,43.3605613708496,-8.84165382385254,"Unknown"
"7014852",371861,2025-06-07 15:21:16,43.3606300354004,-8.84174346923828,"Unknown"
"7014852",371861,2025-06-07 15:31:18,43.3606185913086,-8.841628074646,"Unknown"
"7014852",371861,2025-06-07 15:41:17,43.3604774475098,-8.84172344207764,"Unknown"
"7014852",371861,2025-06-07 15:51:17,43.3604850769043,-8.8415994644165,"Unknown"
"7014852",371861,2025-06-07 16:01:17,43.360466003418,-8.84183025360107,"Unknown"
"7014852",371861,2025-06-07 16:11:18,43.3603973388672,-8.841721534729,"Unknown"
"7014852",371861,2025-06-07 16:21:17,43.3603630065918,-8.84165954589844,"Unknown"
"7014852",371861,2025-06-07 16:31:17,43.3603515625,-8.84162330627441,"Unknown"
"7014852",371861,2025-06-07 16:41:17,43.3603515625,-8.84153079986572,"Unknown"
"7014852",371861,2025-06-07 16:51:21,43.3604011535645,-8.84142303466797,"Unknown"
"7014852",371861,2025-06-07 17:01:17,43.3603172302246,-8.84160232543945,"Unknown"
"7014852",371861,2025-06-07 17:11:17,43.3605842590332,-8.84144592285156,"Unknown"
"7014852",371861,2025-06-07 17:21:17,43.3606834411621,-8.84131813049316,"Unknown"
"7014852",371861,2025-06-07 17:31:16,43.3605308532715,-8.84150314331055,"Unknown"
"7014852",371861,2025-06-07 17:41:21,43.3606719970703,-8.84117603302002,"Unknown"
"7014852",371861,2025-06-07 17:51:18,43.3606071472168,-8.84142875671387,"Unknown"
"7014852",371861,2025-06-07 18:01:17,43.3606224060059,-8.84146022796631,"Unknown"
"7014852",371861,2025-06-07 18:11:19,43.3606376647949,-8.84137535095215,"Unknown"
"7014852",371861,2025-06-07 18:21:19,43.3605995178223,-8.84143829345703,"Unknown"
"7014852",371861,2025-06-07 18:31:19,43.3606147766113,-8.84150695800781,"Unknown"
"7014852",371861,2025-06-07 18:41:21,43.3610687255859,-8.8427791595459,"Unknown"
"7014852",371861,2025-06-07 18:51:18,43.3606300354004,-8.84158897399902,"Unknown"
"7014852",371861,2025-06-07 19:01:17,43.3607177734375,-8.84247207641602,"Unknown"
"7014852",371861,2025-06-07 19:11:19,43.3153762817383,-8.83290767669678,"Unknown"
"7014852",371861,2025-06-07 19:21:18,43.314525604248,-8.82208919525146,"Unknown"
"7014852",371861,2025-06-07 19:31:21,43.3147964477539,-8.82202434539795,"Unknown"
"7014852",371861,2025-06-07 19:41:22,43.3151435852051,-8.82235431671143,"Unknown"
"7014852",371861,2025-06-07 19:51:18,43.3155708312988,-8.82273387908936,"Unknown"
"7014852",371861,2025-06-07 20:01:22,43.3322219848633,-8.82697582244873,"Unknown"
"7014852",371861,2025-06-07 20:12:05,43.3605918884277,-8.84432220458984,"Unknown"
"7014852",371861,2025-06-07 20:21:18,43.3604469299316,-8.84190559387207,"Unknown"
"7014852",371861,2025-06-07 20:31:17,43.3605690002441,-8.84187507629395,"Unknown"
"7014852",371861,2025-06-07 20:41:17,43.3603096008301,-8.84121894836426,"Unknown"
"7014852",371861,2025-06-07 20:51:22,43.3603172302246,-8.84143161773682,"Unknown"
"7014852",371861,2025-06-07 20:59:39,43.3602714538574,-8.8412561416626,"Unknown"
"7014852",371861,2025-06-08 02:00:05,43.3603858947754,-8.84138011932373,"Unknown"
"7014852",371861,2025-06-08 05:01:00,43.2900657653809,-8.71773433685303,"Unknown"
"7014852",371861,2025-06-08 05:11:08,43.272834777832,-8.65593814849854,"Unknown"
"7014852",371861,2025-06-08 05:21:29,43.2493934631348,-8.60294723510742,"Unknown"
"7014852",371861,2025-06-08 05:30:58,43.2776031494141,-8.57070446014404,"Unknown"
"7014852",371861,2025-06-08 05:41:00,43.2756576538086,-8.56500053405762,"Unknown"
"7014852",371861,2025-06-08 05:50:59,43.2754821777344,-8.56500244140625,"Unknown"
"7014852",371861,2025-06-08 06:00:59,43.3000717163086,-8.52034854888916,"Unknown"
"7014852",371861,2025-06-08 06:11:00,43.3250617980957,-8.47600364685059,"Unknown"
"7014852",371861,2025-06-08 06:21:04,43.3342704772949,-8.42789077758789,"Unknown"
"7014852",371861,2025-06-08 06:31:00,43.3416213989258,-8.42131233215332,"Unknown"
"7014852",371861,2025-06-08 06:41:29,43.3422050476074,-8.42166328430176,"Unknown"
"7014852",371861,2025-06-08 06:50:58,43.3421897888184,-8.42240524291992,"Unknown"
"7014852",371861,2025-06-08 07:00:59,43.3420791625977,-8.4221773147583,"Unknown"
"7014852",371861,2025-06-08 07:10:59,43.3542594909668,-8.4585075378418,"Unknown"
"7014852",371861,2025-06-08 07:41:01,43.3491249084473,-8.45660495758057,"Unknown"
"7014852",371861,2025-06-08 07:51:01,43.3494186401367,-8.45627498626709,"Unknown"
"7014852",371861,2025-06-08 08:01:02,43.3521003723145,-8.45291423797607,"Unknown"
"7014852",371861,2025-06-08 08:11:04,43.3501281738281,-8.43209457397461,"Unknown"
"7014852",371861,2025-06-08 08:21:06,43.350025177002,-8.43231868743896,"Unknown"
"7014852",371861,2025-06-08 08:31:01,43.3508453369141,-8.43119525909424,"Unknown"
"7014852",371861,2025-06-08 08:41:11,43.3504066467285,-8.43173789978027,"Unknown"
"7014852",371861,2025-06-08 08:50:59,43.3504257202148,-8.4318380355835,"Unknown"
"7014852",371861,2025-06-08 09:01:01,43.3508949279785,-8.43134880065918,"Unknown"
"7014852",371861,2025-06-08 09:10:58,43.3532218933105,-8.4285135269165,"Unknown"
"7014852",371861,2025-06-08 09:20:58,43.3520622253418,-8.51613330841064,"Unknown"
"7014852",371861,2025-06-08 09:31:05,43.3132476806641,-8.62209987640381,"Unknown"
"7014852",371861,2025-06-08 09:41:00,43.2963409423828,-8.67034149169922,"Unknown"
"7014852",371861,2025-06-08 09:51:00,43.2964096069336,-8.67036151885986,"Unknown"
"7014852",371861,2025-06-08 10:00:59,43.2955894470215,-8.72487354278564,"Unknown"
"7014852",371861,2025-06-08 10:05:59,43.3000183105469,-8.76266765594482,"Unknown"
"7014852",371861,2025-06-08 10:11:04,43.3131790161133,-8.80318450927734,"Unknown"
"7014852",371861,2025-06-08 10:15:58,43.3304176330566,-8.82828426361084,"Unknown"
"7014852",371861,2025-06-08 10:21:01,43.3544578552246,-8.84328460693359,"Unknown"
"7014852",371861,2025-06-08 10:26:00,43.3603248596191,-8.84133052825928,"Unknown"
"7014852",371861,2025-06-08 10:31:02,43.3603935241699,-8.84124088287354,"Unknown"
"7014852",371861,2025-06-08 10:36:05,43.3603553771973,-8.84135627746582,"Unknown"
"7014852",371861,2025-06-08 10:41:14,43.3603858947754,-8.84150123596191,"Unknown"
"7014852",371861,2025-06-08 10:45:58,43.3602180480957,-8.8412561416626,"Unknown"
"7014852",371861,2025-06-08 10:50:58,43.3603172302246,-8.84134483337402,"Unknown"
"7014852",371861,2025-06-08 10:55:58,43.3603134155273,-8.84133815765381,"Unknown"
"7014852",371861,2025-06-08 11:00:58,43.3603134155273,-8.8415060043335,"Unknown"
"7014852",371861,2025-06-08 11:06:07,43.3603401184082,-8.84137630462646,"Unknown"
"7014852",371861,2025-06-08 11:10:58,43.3603630065918,-8.84134197235107,"Unknown"
"7014852",371861,2025-06-08 11:15:58,43.3601264953613,-8.84105491638184,"Unknown"
"7014852",371861,2025-06-08 11:20:59,43.3605270385742,-8.84136486053467,"Unknown"
"7014852",371861,2025-06-08 11:25:58,43.3604698181152,-8.84121799468994,"Unknown"
"7014852",371861,2025-06-08 11:31:00,43.3606300354004,-8.84108924865723,"Unknown"
"7014852",371861,2025-06-08 11:36:01,43.3606834411621,-8.84095478057861,"Unknown"
"7014852",371861,2025-06-08 11:41:02,43.3607177734375,-8.84107875823975,"Unknown"
"7014852",371861,2025-06-08 11:46:11,43.3604469299316,-8.84142971038818,"Unknown"
"7014852",371861,2025-06-08 11:50:59,43.360481262207,-8.84166717529297,"Unknown"
"7014852",371861,2025-06-08 11:56:01,43.3603057861328,-8.84134960174561,"Unknown"
"7014852",371861,2025-06-08 12:01:00,43.3604164123535,-8.84143924713135,"Unknown"
"7014852",371861,2025-06-08 12:06:01,43.3603897094727,-8.84135341644287,"Unknown"
"7014852",371861,2025-06-08 12:11:00,43.3603324890137,-8.84113121032715,"Unknown"
"7014852",371861,2025-06-08 12:15:58,43.360279083252,-8.84128856658936,"Unknown"
"7014852",371861,2025-06-08 12:20:59,43.3603706359863,-8.8411808013916,"Unknown"
"7014852",371861,2025-06-08 12:26:02,43.3603591918945,-8.84129810333252,"Unknown"
"7014852",371861,2025-06-08 12:31:14,43.3602676391602,-8.84113788604736,"Unknown"
"7014852",371861,2025-06-08 12:36:04,43.3602714538574,-8.84109115600586,"Unknown"
"7014852",371861,2025-06-08 12:41:19,43.3603286743164,-8.84107685089111,"Unknown"
"7014852",371861,2025-06-08 12:46:22,43.3603363037109,-8.84087085723877,"Unknown"
"7014852",371861,2025-06-08 12:51:22,43.3603744506836,-8.84099292755127,"Unknown"
"7014852",371861,2025-06-08 12:56:23,43.3603324890137,-8.84095096588135,"Unknown"
"7014852",371861,2025-06-08 13:01:23,43.3604125976562,-8.84101963043213,"Unknown"
"7014852",371861,2025-06-08 13:06:16,43.3603401184082,-8.84121513366699,"Unknown"
"7014852",371861,2025-06-08 13:11:09,43.3603172302246,-8.84122180938721,"Unknown"
"7014852",371861,2025-06-08 13:16:15,43.360424041748,-8.84120655059814,"Unknown"
"7014852",371861,2025-06-08 13:21:29,43.3603782653809,-8.84140014648438,"Unknown"
"7014852",371861,2025-06-08 13:25:57,43.3603439331055,-8.84139633178711,"Unknown"
"7014852",371861,2025-06-08 13:30:57,43.3604049682617,-8.84139251708984,"Unknown"
"7014852",371861,2025-06-08 13:35:57,43.3603897094727,-8.8414249420166,"Unknown"
"7014852",371861,2025-06-08 13:40:58,43.3603210449219,-8.84147834777832,"Unknown"
"7014852",371861,2025-06-08 13:45:58,43.3604049682617,-8.84134483337402,"Unknown"
"7014852",371861,2025-06-08 13:50:58,43.3604621887207,-8.84129905700684,"Unknown"
"7014852",371861,2025-06-08 13:55:57,43.3603591918945,-8.84131526947021,"Unknown"
"7014852",371861,2025-06-08 14:01:00,43.3603057861328,-8.84145545959473,"Unknown"
"7014852",371861,2025-06-08 14:05:59,43.360279083252,-8.84138774871826,"Unknown"
"7014852",371861,2025-06-08 14:10:58,43.3602638244629,-8.84152698516846,"Unknown"
"7014852",371861,2025-06-08 14:15:57,43.3602294921875,-8.84153079986572,"Unknown"
"7014852",371861,2025-06-08 14:20:57,43.3602294921875,-8.84152030944824,"Unknown"
"7014852",371861,2025-06-08 14:25:57,43.3602561950684,-8.84145450592041,"Unknown"
"7014852",371861,2025-06-08 14:30:58,43.3603248596191,-8.84142398834229,"Unknown"
"7014852",371861,2025-06-08 14:35:58,43.3603210449219,-8.84136390686035,"Unknown"
"7014852",371861,2025-06-08 14:40:58,43.3603172302246,-8.84135627746582,"Unknown"
"7014852",371861,2025-06-08 14:45:58,43.3603324890137,-8.8413724899292,"Unknown"
"7014852",371861,2025-06-08 14:50:57,43.3603134155273,-8.84144878387451,"Unknown"
"7014852",371861,2025-06-08 14:55:57,43.3602867126465,-8.84144687652588,"Unknown"
"7014852",371861,2025-06-08 15:00:57,43.3603363037109,-8.84139060974121,"Unknown"
"7014852",371861,2025-06-08 15:05:57,43.3602905273438,-8.84142208099365,"Unknown"
"7014852",371861,2025-06-08 15:10:57,43.3603477478027,-8.84144687652588,"Unknown"
"7014852",371861,2025-06-08 15:15:57,43.3603134155273,-8.84145832061768,"Unknown"
"7014852",371861,2025-06-08 15:20:57,43.3602447509766,-8.84143257141113,"Unknown"
"7014852",371861,2025-06-08 15:25:57,43.3603324890137,-8.84145069122314,"Unknown"
"7014852",371861,2025-06-08 15:30:57,43.3602676391602,-8.84143543243408,"Unknown"
"7014852",371861,2025-06-08 15:35:58,43.360279083252,-8.84141540527344,"Unknown"
"7014852",371861,2025-06-08 15:40:58,43.3603744506836,-8.84149074554443,"Unknown"
"7014852",371861,2025-06-08 15:45:59,43.3603401184082,-8.84143161773682,"Unknown"
"7014852",371861,2025-06-08 15:50:58,43.3604011535645,-8.84151649475098,"Unknown"
"7014852",371861,2025-06-08 15:55:59,43.360237121582,-8.84137344360352,"Unknown"
"7014852",371861,2025-06-08 16:00:58,43.3604698181152,-8.84429264068604,"Unknown"
"7014852",371861,2025-06-08 16:05:59,43.3602828979492,-8.8474292755127,"Unknown"
"7014852",371861,2025-06-08 16:10:58,43.3220748901367,-8.85607719421387,"Unknown"
"7014852",371861,2025-06-08 16:15:59,43.318775177002,-8.88389492034912,"Unknown"
"7014852",371861,2025-06-08 16:20:58,43.3130073547363,-8.92767906188965,"Unknown"
"7014852",371861,2025-06-08 16:25:58,43.2850379943848,-8.9647274017334,"Unknown"
"7014852",371861,2025-06-08 16:31:01,43.2748832702637,-9.0045223236084,"Unknown"
"7014852",371861,2025-06-08 16:36:05,43.2821846008301,-8.98133754730225,"Unknown"
"7014852",371861,2025-06-08 16:41:02,43.2886543273926,-8.95885276794434,"Unknown"
"7014852",371861,2025-06-08 16:46:00,43.2867736816406,-8.93522262573242,"Unknown"
"7014852",371861,2025-06-08 16:50:59,43.2941551208496,-8.90900135040283,"Unknown"
"7014852",371861,2025-06-08 16:55:58,43.2872047424316,-8.89798069000244,"Unknown"
"7014852",371861,2025-06-08 17:01:01,43.2901840209961,-8.87024879455566,"Unknown"
"7014852",371861,2025-06-08 17:06:00,43.2923851013184,-8.85745334625244,"Unknown"
"7014852",371861,2025-06-08 17:11:00,43.2971153259277,-8.84278583526611,"Unknown"
"7014852",371861,2025-06-08 17:16:05,43.2946319580078,-8.83965110778809,"Unknown"
"7014852",371861,2025-06-08 17:20:58,43.3117141723633,-8.85346698760986,"Unknown"
"7014852",371861,2025-06-08 17:26:00,43.3144187927246,-8.85696125030518,"Unknown"
"7014852",371861,2025-06-08 17:30:59,43.3145179748535,-8.85693454742432,"Unknown"
"7014852",371861,2025-06-08 17:36:00,43.3144760131836,-8.85689544677734,"Unknown"
"7014852",371861,2025-06-08 17:41:13,43.314624786377,-8.85691165924072,"Unknown"
"7014852",371861,2025-06-08 17:46:01,43.3156089782715,-8.85707664489746,"Unknown"
"7014852",371861,2025-06-08 17:51:02,43.3286552429199,-8.84842014312744,"Unknown"
"7014852",371861,2025-06-08 17:56:01,43.34326171875,-8.83662128448486,"Unknown"
"7014852",371861,2025-06-08 18:01:02,43.3606109619141,-8.84745502471924,"Unknown"
"7014852",371861,2025-06-08 18:06:11,43.3604469299316,-8.84169387817383,"Unknown"
"7014852",371861,2025-06-08 18:10:59,43.3603744506836,-8.84178733825684,"Unknown"
"7014852",371861,2025-06-08 18:15:59,43.3605308532715,-8.84147644042969,"Unknown"
"7014852",371861,2025-06-08 18:21:00,43.3604164123535,-8.84181022644043,"Unknown"
"7014852",371861,2025-06-08 18:26:00,43.3607139587402,-8.8410530090332,"Unknown"
"7014852",371861,2025-06-08 18:30:59,43.3607597351074,-8.84109210968018,"Unknown"
"7014852",371861,2025-06-08 18:35:59,43.360767364502,-8.84088134765625,"Unknown"
"7014852",371861,2025-06-08 18:41:27,43.3605422973633,-8.84146404266357,"Unknown"
"7014852",371861,2025-06-08 18:45:58,43.3605880737305,-8.84137535095215,"Unknown"
"7014852",371861,2025-06-08 18:50:58,43.360652923584,-8.84176921844482,"Unknown"
"7014852",371861,2025-06-08 18:55:58,43.3606414794922,-8.84112167358398,"Unknown"
"7014852",371861,2025-06-08 19:01:00,43.3606643676758,-8.84118366241455,"Unknown"
"7014852",371861,2025-06-08 19:05:58,43.3606796264648,-8.84133338928223,"Unknown"
"7014852",371861,2025-06-08 19:10:59,43.3607025146484,-8.84122943878174,"Unknown"
"7014852",371861,2025-06-08 19:15:59,43.3607025146484,-8.84128665924072,"Unknown"
"7014852",371861,2025-06-08 19:21:00,43.3607749938965,-8.84135913848877,"Unknown"
"7014852",371861,2025-06-08 19:26:00,43.3608322143555,-8.84142684936523,"Unknown"
"7014852",371861,2025-06-08 19:30:58,43.3608169555664,-8.84141540527344,"Unknown"
"7014852",371861,2025-06-08 19:35:58,43.3607749938965,-8.84137535095215,"Unknown"
"7014852",371861,2025-06-08 19:40:59,43.3608551025391,-8.84160137176514,"Unknown"
"7014852",371861,2025-06-08 19:45:59,43.3606643676758,-8.8415699005127,"Unknown"
"7014852",371861,2025-06-08 19:50:59,43.3609275817871,-8.84189891815186,"Unknown"
"7014852",371861,2025-06-08 19:56:00,43.3612365722656,-8.84220027923584,"Unknown"
"7014852",371861,2025-06-08 20:01:35,43.3603401184082,-8.84148502349854,"Unknown"
"7014852",371861,2025-06-08 20:05:57,43.3604278564453,-8.84155654907227,"Unknown"
"7014852",371861,2025-06-08 20:10:59,43.3603363037109,-8.84142303466797,"Unknown"
"7014852",371861,2025-06-08 20:16:02,43.3603439331055,-8.84146499633789,"Unknown"
"7014852",371861,2025-06-08 20:20:58,43.3603286743164,-8.84148788452148,"Unknown"
"7014852",371861,2025-06-08 20:25:59,43.360523223877,-8.84184074401855,"Unknown"
"7014852",371861,2025-06-08 20:31:00,43.3603363037109,-8.84143447875977,"Unknown"
"7014852",371861,2025-06-08 20:36:06,43.3603477478027,-8.84138011932373,"Unknown"
"7014852",371861,2025-06-08 20:40:58,43.3603935241699,-8.84139442443848,"Unknown"
"7014852",371861,2025-06-08 20:45:59,43.3603706359863,-8.84130764007568,"Unknown"
"7014852",371861,2025-06-08 20:51:00,43.3603210449219,-8.84121417999268,"Unknown"
"7014852",371861,2025-06-08 20:55:59,43.3602333068848,-8.84111404418945,"Unknown"
"7014852",371861,2025-06-08 21:00:24,43.3602600097656,-8.84113216400146,"Unknown"
"7014852",371861,2025-06-09 02:00:26,43.3605003356934,-8.84172344207764,"Unknown"
"7014852",371861,2025-06-09 05:00:50,43.360481262207,-8.84171867370605,"Unknown"
"7014852",371861,2025-06-09 05:05:50,43.3596572875977,-8.8418664932251,"Unknown"
"7014852",371861,2025-06-09 05:10:48,43.3594207763672,-8.84077262878418,"Unknown"
"7014852",371861,2025-06-09 05:15:49,43.3594169616699,-8.84078598022461,"Unknown"
"7014852",371861,2025-06-09 05:20:55,43.3601264953613,-8.84150314331055,"Unknown"
"7014852",371861,2025-06-09 05:25:53,43.3602104187012,-8.84163951873779,"Unknown"
"7014852",371861,2025-06-09 05:30:49,43.3598556518555,-8.84079837799072,"Unknown"
"7014852",371861,2025-06-09 05:35:50,43.3601341247559,-8.8416051864624,"Unknown"
"7014852",371861,2025-06-09 05:40:49,43.350887298584,-8.83195209503174,"Unknown"
"7014852",371861,2025-06-09 05:45:49,43.3238105773926,-8.81627750396729,"Unknown"
"7014852",371861,2025-06-09 05:50:52,43.3036346435547,-8.79506301879883,"Unknown"
"7014852",371861,2025-06-09 05:55:52,43.3038711547852,-8.7610502243042,"Unknown"
"7014852",371861,2025-06-09 06:00:49,43.3025093078613,-8.72609519958496,"Unknown"
"7014852",371861,2025-06-09 06:05:48,43.3112754821777,-8.6863317489624,"Unknown"
"7014852",371861,2025-06-09 06:10:48,43.3182334899902,-8.64880275726318,"Unknown"
"7014852",371861,2025-06-09 06:20:48,43.3336639404297,-8.5820837020874,"Unknown"
"7014852",371861,2025-06-09 06:25:47,43.3458557128906,-8.54609775543213,"Unknown"
"7014852",371861,2025-06-09 06:30:47,43.3558158874512,-8.5118408203125,"Unknown"
"7014852",371861,2025-06-09 06:35:47,43.3576583862305,-8.48087024688721,"Unknown"
"7014852",371861,2025-06-09 06:40:48,43.3511772155762,-8.47849655151367,"Unknown"
"7014852",371861,2025-06-09 06:45:47,43.3548774719238,-8.47251605987549,"Unknown"
"7014852",371861,2025-06-09 06:50:48,43.3557777404785,-8.45840454101562,"Unknown"
"7014852",371861,2025-06-09 06:55:48,43.3544960021973,-8.45919227600098,"Unknown"
"7014852",371861,2025-06-09 07:00:49,43.3543891906738,-8.45883274078369,"Unknown"
"7014852",371861,2025-06-09 07:05:49,43.3552131652832,-8.45911407470703,"Unknown"
"7014852",371861,2025-06-09 07:12:06,43.3541412353516,-8.45845127105713,"Unknown"
"7014852",371861,2025-06-09 07:15:50,43.354175567627,-8.45826816558838,"Unknown"
"7014852",371861,2025-06-09 07:20:52,43.3540687561035,-8.45834445953369,"Unknown"
"7014852",371861,2025-06-09 07:25:58,43.3540954589844,-8.45865821838379,"Unknown"
"7014852",371861,2025-06-09 07:31:30,43.3540802001953,-8.45863151550293,"Unknown"
"7014852",371861,2025-06-09 07:37:05,43.3483695983887,-8.45724391937256,"Unknown"
"7014852",371861,2025-06-09 07:41:04,43.3482894897461,-8.45731163024902,"Unknown"
"7014852",371861,2025-06-09 07:45:47,43.3490142822266,-8.45679187774658,"Unknown"
"7014852",371861,2025-06-09 07:50:47,43.355842590332,-8.45807456970215,"Unknown"
"7014852",371861,2025-06-09 07:55:47,43.3558197021484,-8.45818424224854,"Unknown"
"7014852",371861,2025-06-09 08:01:05,43.3556632995605,-8.45795726776123,"Unknown"
"7014852",371861,2025-06-09 08:05:47,43.3558235168457,-8.45816993713379,"Unknown"
"7014852",371861,2025-06-09 08:10:47,43.3558006286621,-8.45822238922119,"Unknown"
"7014852",371861,2025-06-09 08:15:47,43.3556518554688,-8.45803928375244,"Unknown"
"7014852",371861,2025-06-09 08:20:48,43.355770111084,-8.45817565917969,"Unknown"
"7014852",371861,2025-06-09 08:25:48,43.3557090759277,-8.45814990997314,"Unknown"
"7014852",371861,2025-06-09 08:30:47,43.3556747436523,-8.45825290679932,"Unknown"
"7014852",371861,2025-06-09 08:35:47,43.3556632995605,-8.45826625823975,"Unknown"
"7014852",371861,2025-06-09 08:40:47,43.3558692932129,-8.45808410644531,"Unknown"
"7014852",371861,2025-06-09 08:45:47,43.3585243225098,-8.46151542663574,"Unknown"
"7014852",371861,2025-06-09 08:50:47,43.3581047058105,-8.4743185043335,"Unknown"
"7014852",371861,2025-06-09 08:55:47,43.3394813537598,-8.52792644500732,"Unknown"
"7014852",371861,2025-06-09 09:00:47,43.3158760070801,-8.57645606994629,"Unknown"
"7014852",371861,2025-06-09 09:05:48,43.3149909973145,-8.61117172241211,"Unknown"
"7014852",371861,2025-06-09 09:10:47,43.3159065246582,-8.636399269104,"Unknown"
"7014852",371861,2025-06-09 09:15:48,43.3148612976074,-8.68188190460205,"Unknown"
"7014852",371861,2025-06-09 09:20:47,43.3067359924316,-8.73920726776123,"Unknown"
"7014852",371861,2025-06-09 09:25:47,43.311595916748,-8.79706287384033,"Unknown"
"7014852",371861,2025-06-09 09:30:47,43.3349990844727,-8.82979011535645,"Unknown"
"7014852",371861,2025-06-09 09:35:47,43.3540687561035,-8.83810424804688,"Unknown"
"7014852",371861,2025-06-09 09:40:48,43.3603401184082,-8.84141063690186,"Unknown"
"7014852",371861,2025-06-09 09:45:47,43.3603973388672,-8.84144115447998,"Unknown"
"7014852",371861,2025-06-09 09:50:47,43.3603858947754,-8.84124851226807,"Unknown"
"7014852",371861,2025-06-09 09:55:49,43.360595703125,-8.84103775024414,"Unknown"
"7014852",371861,2025-06-09 10:00:47,43.3607177734375,-8.84108638763428,"Unknown"
"7014852",371861,2025-06-09 10:05:48,43.3603973388672,-8.84113121032715,"Unknown"
"7014852",371861,2025-06-09 10:11:35,43.3604888916016,-8.84141254425049,"Unknown"
"7014852",371861,2025-06-09 10:15:46,43.3603515625,-8.84134864807129,"Unknown"
"7014852",371861,2025-06-09 10:20:46,43.3603057861328,-8.84145832061768,"Unknown"
"7014852",371861,2025-06-09 10:25:47,43.3603935241699,-8.84141254425049,"Unknown"
"7014852",371861,2025-06-09 10:30:46,43.3603515625,-8.84135818481445,"Unknown"
"7014852",371861,2025-06-09 10:35:47,43.3602333068848,-8.84139347076416,"Unknown"
"7014852",371861,2025-06-09 10:40:47,43.3604125976562,-8.84138298034668,"Unknown"
"7014852",371861,2025-06-09 10:45:49,43.3603324890137,-8.84139442443848,"Unknown"
"7014852",371861,2025-06-09 10:50:47,43.3604545593262,-8.84102058410645,"Unknown"
"7014852",371861,2025-06-09 10:55:48,43.3605155944824,-8.84122467041016,"Unknown"
"7014852",371861,2025-06-09 11:00:47,43.3608245849609,-8.84172248840332,"Unknown"
"7014852",371861,2025-06-09 11:05:52,43.3608093261719,-8.8413610458374,"Unknown"
"7014852",371861,2025-06-09 11:10:48,43.3608245849609,-8.84164619445801,"Unknown"
"7014852",371861,2025-06-09 11:15:47,43.3608016967773,-8.84160041809082,"Unknown"
"7014852",371861,2025-06-09 11:20:48,43.3607292175293,-8.84165859222412,"Unknown"
"7014852",371861,2025-06-09 11:25:47,43.3608665466309,-8.84169769287109,"Unknown"
"7014852",371861,2025-06-09 11:30:49,43.3608169555664,-8.84152412414551,"Unknown"
"7014852",371861,2025-06-09 11:35:49,43.36083984375,-8.84158039093018,"Unknown"
"7014852",371861,2025-06-09 11:40:48,43.3608627319336,-8.84171676635742,"Unknown"
"7014852",371861,2025-06-09 11:45:47,43.3605003356934,-8.84083271026611,"Unknown"
"7014852",371861,2025-06-09 11:50:47,43.3608283996582,-8.84170055389404,"Unknown"
"7014852",371861,2025-06-09 11:55:53,43.3606872558594,-8.84140205383301,"Unknown"
"7014852",371861,2025-06-09 12:00:47,43.3605499267578,-8.84134578704834,"Unknown"
"7014852",371861,2025-06-09 12:06:14,43.360466003418,-8.84141159057617,"Unknown"
"7014852",371861,2025-06-09 12:10:46,43.3604507446289,-8.84130477905273,"Unknown"
"7014852",371861,2025-06-09 12:15:47,43.3604736328125,-8.84144878387451,"Unknown"
"7014852",371861,2025-06-09 12:20:46,43.3604583740234,-8.84131240844727,"Unknown"
"7014852",371861,2025-06-09 12:25:47,43.3604583740234,-8.84138584136963,"Unknown"
"7014852",371861,2025-06-09 12:30:47,43.3605003356934,-8.84138202667236,"Unknown"
"7014852",371861,2025-06-09 12:35:47,43.3604965209961,-8.84146690368652,"Unknown"
"7014852",371861,2025-06-09 12:40:47,43.3604545593262,-8.84132099151611,"Unknown"
"7014852",371861,2025-06-09 12:45:47,43.3604850769043,-8.84149646759033,"Unknown"
"7014852",371861,2025-06-09 12:50:47,43.3606147766113,-8.84181022644043,"Unknown"
"7014852",371861,2025-06-09 12:55:47,43.3605880737305,-8.84182167053223,"Unknown"
"7014852",371861,2025-06-09 13:00:47,43.3605880737305,-8.84183025360107,"Unknown"
"7014852",371861,2025-06-09 13:05:48,43.3606643676758,-8.8417797088623,"Unknown"
"7014852",371861,2025-06-09 13:10:47,43.3606262207031,-8.84180736541748,"Unknown"
"7014852",371861,2025-06-09 13:15:48,43.3606376647949,-8.8416633605957,"Unknown"
"7014852",371861,2025-06-09 13:21:05,43.3605346679688,-8.84140300750732,"Unknown"
"7014852",371861,2025-06-09 13:25:46,43.3605194091797,-8.84132194519043,"Unknown"
"7014852",371861,2025-06-09 13:30:47,43.3605155944824,-8.84142208099365,"Unknown"
"7014852",371861,2025-06-09 13:35:46,43.3605422973633,-8.84137344360352,"Unknown"
"7014852",371861,2025-06-09 13:40:47,43.3604774475098,-8.84141254425049,"Unknown"
"7014852",371861,2025-06-09 13:45:56,43.3604507446289,-8.84149360656738,"Unknown"
"7014852",371861,2025-06-09 13:50:48,43.3605422973633,-8.84130096435547,"Unknown"
"7014852",371861,2025-06-09 13:55:48,43.3605537414551,-8.84144687652588,"Unknown"
"7014852",371861,2025-06-09 14:00:52,43.3603858947754,-8.84140872955322,"Unknown"
"7014852",371861,2025-06-09 14:06:05,43.3604278564453,-8.8414306640625,"Unknown"
"7014852",371861,2025-06-09 14:10:46,43.3604469299316,-8.84137058258057,"Unknown"
"7014852",371861,2025-06-09 14:15:47,43.3601417541504,-8.84150218963623,"Unknown"
"7014852",371861,2025-06-09 14:20:46,43.3604049682617,-8.84146881103516,"Unknown"
"7014852",371861,2025-06-09 14:25:47,43.3605117797852,-8.84144496917725,"Unknown"
"7014852",371861,2025-06-09 14:30:47,43.3603782653809,-8.8415355682373,"Unknown"
"7014852",371861,2025-06-09 14:35:47,43.360408782959,-8.8414945602417,"Unknown"
"7014852",371861,2025-06-09 14:40:46,43.3603973388672,-8.84154796600342,"Unknown"
"7014852",371861,2025-06-09 14:45:47,43.3602714538574,-8.84145259857178,"Unknown"
"7014852",371861,2025-06-09 14:50:48,43.3605155944824,-8.84169006347656,"Unknown"
"7014852",371861,2025-06-09 14:55:47,43.3604774475098,-8.84142303466797,"Unknown"
"7014852",371861,2025-06-09 15:00:48,43.3603744506836,-8.84153652191162,"Unknown"
"7014852",371861,2025-06-09 15:05:46,43.3602828979492,-8.84149169921875,"Unknown"
"7014852",371861,2025-06-09 15:10:47,43.3604431152344,-8.841552734375,"Unknown"
"7014852",371861,2025-06-09 15:15:47,43.3603820800781,-8.8415470123291,"Unknown"
"7014852",371861,2025-06-09 15:20:46,43.3604431152344,-8.84162330627441,"Unknown"
"7014852",371861,2025-06-09 15:25:46,43.360523223877,-8.84162139892578,"Unknown"
"7014852",371861,2025-06-09 15:30:47,43.3605728149414,-8.8416576385498,"Unknown"
"7014852",371861,2025-06-09 15:35:47,43.3605690002441,-8.84169292449951,"Unknown"
"7014852",371861,2025-06-09 15:40:47,43.3606185913086,-8.84176254272461,"Unknown"
"7014852",371861,2025-06-09 15:45:47,43.3605499267578,-8.8417501449585,"Unknown"
"7014852",371861,2025-06-09 15:50:47,43.3606910705566,-8.84178256988525,"Unknown"
"7014852",371861,2025-06-09 15:57:10,43.3608016967773,-8.84417057037354,"Unknown"
"7014852",371861,2025-06-09 16:00:48,43.3603591918945,-8.84146308898926,"Unknown"
"7014852",371861,2025-06-09 16:05:48,43.360424041748,-8.84145927429199,"Unknown"
"7014852",371861,2025-06-09 16:10:47,43.3605461120605,-8.84158420562744,"Unknown"
"7014852",371861,2025-06-09 16:15:47,43.360523223877,-8.84155178070068,"Unknown"
"7014852",371861,2025-06-09 16:20:47,43.3605003356934,-8.84151172637939,"Unknown"
"7014852",371861,2025-06-09 16:25:48,43.3605766296387,-8.84145641326904,"Unknown"
"7014852",371861,2025-06-09 16:30:47,43.3606071472168,-8.84156131744385,"Unknown"
"7014852",371861,2025-06-09 16:35:48,43.3604774475098,-8.84142589569092,"Unknown"
"7014852",371861,2025-06-09 16:40:47,43.3605613708496,-8.84162044525146,"Unknown"
"7014852",371861,2025-06-09 16:45:48,43.3605499267578,-8.84157848358154,"Unknown"
"7014852",371861,2025-06-09 16:50:47,43.360595703125,-8.84169483184814,"Unknown"
"7014852",371861,2025-06-09 16:55:49,43.3603248596191,-8.84132671356201,"Unknown"
"7014852",371861,2025-06-09 17:01:05,43.3604049682617,-8.84144496917725,"Unknown"
"7014852",371861,2025-06-09 17:05:47,43.3603134155273,-8.84146499633789,"Unknown"
"7014852",371861,2025-06-09 17:10:47,43.3603477478027,-8.8414134979248,"Unknown"
"7014852",371861,2025-06-09 17:15:47,43.3603782653809,-8.84136581420898,"Unknown"
"7014852",371861,2025-06-09 17:20:47,43.3603553771973,-8.84137630462646,"Unknown"
"7014852",371861,2025-06-09 17:25:47,43.3603973388672,-8.8413782119751,"Unknown"
"7014852",371861,2025-06-09 17:30:47,43.3603172302246,-8.84140396118164,"Unknown"
"7014852",371861,2025-06-09 17:35:47,43.3603363037109,-8.84137630462646,"Unknown"
"7014852",371861,2025-06-09 17:40:47,43.3603019714355,-8.84137153625488,"Unknown"
"7014852",371861,2025-06-09 17:45:47,43.3603286743164,-8.8413782119751,"Unknown"
"7014852",371861,2025-06-09 17:50:47,43.3603019714355,-8.84145069122314,"Unknown"
"7014852",371861,2025-06-09 17:55:47,43.360408782959,-8.84147357940674,"Unknown"
"7014852",371861,2025-06-09 18:00:47,43.3604125976562,-8.84149551391602,"Unknown"
"7014852",371861,2025-06-09 18:05:47,43.3603248596191,-8.8413667678833,"Unknown"
"7014852",371861,2025-06-09 18:10:47,43.3603439331055,-8.84139156341553,"Unknown"
"7014852",371861,2025-06-09 18:15:47,43.3603630065918,-8.8414192199707,"Unknown"
"7014852",371861,2025-06-09 18:20:47,43.3603668212891,-8.84142303466797,"Unknown"
"7014852",371861,2025-06-09 18:25:47,43.3604011535645,-8.84145545959473,"Unknown"
"7014852",371861,2025-06-09 18:30:47,43.3603744506836,-8.84136867523193,"Unknown"
"7014852",371861,2025-06-09 18:35:47,43.360294342041,-8.84140205383301,"Unknown"
"7014852",371861,2025-06-09 18:40:47,43.3603706359863,-8.84141159057617,"Unknown"
"7014852",371861,2025-06-09 18:45:47,43.3603172302246,-8.84139919281006,"Unknown"
"7014852",371861,2025-06-09 18:50:47,43.3604965209961,-8.841552734375,"Unknown"
"7014852",371861,2025-06-09 18:55:48,43.3603591918945,-8.84142398834229,"Unknown"
"7014852",371861,2025-06-09 19:00:50,43.3602294921875,-8.84135437011719,"Unknown"
"7014852",371861,2025-06-09 19:05:50,43.3603210449219,-8.84132671356201,"Unknown"
"7014852",371861,2025-06-09 19:10:52,43.3602638244629,-8.84128665924072,"Unknown"
"7014852",371861,2025-06-09 19:15:52,43.3605728149414,-8.84165287017822,"Unknown"
"7014852",371861,2025-06-09 19:20:55,43.3602714538574,-8.84136295318604,"Unknown"
"7014852",371861,2025-06-09 19:25:55,43.3603096008301,-8.84138011932373,"Unknown"
"7014852",371861,2025-06-09 19:30:55,43.3603401184082,-8.84135818481445,"Unknown"
"7014852",371861,2025-06-09 19:35:56,43.3603210449219,-8.84134864807129,"Unknown"
"7014852",371861,2025-06-09 19:40:55,43.3603248596191,-8.84132289886475,"Unknown"
"7014852",371861,2025-06-09 19:45:56,43.3603591918945,-8.8414134979248,"Unknown"
"7014852",371861,2025-06-09 19:50:55,43.3602523803711,-8.84132385253906,"Unknown"
"7014852",371861,2025-06-09 19:56:05,43.3603515625,-8.8414363861084,"Unknown"
"7014852",371861,2025-06-09 20:00:47,43.3603706359863,-8.84150791168213,"Unknown"
"7014852",371861,2025-06-09 20:05:48,43.3606643676758,-8.84203815460205,"Unknown"
"7014852",371861,2025-06-09 20:10:49,43.3606224060059,-8.84192657470703,"Unknown"
"7014852",371861,2025-06-09 20:15:55,43.3603515625,-8.84145259857178,"Unknown"
"7014852",371861,2025-06-09 20:20:47,43.3603401184082,-8.84148406982422,"Unknown"
"7014852",371861,2025-06-09 20:25:55,43.3603515625,-8.84146690368652,"Unknown"
"7014852",371861,2025-06-09 20:30:47,43.3603515625,-8.84150314331055,"Unknown"
"7014852",371861,2025-06-09 20:35:55,43.3603363037109,-8.84146308898926,"Unknown"
"7014852",371861,2025-06-09 20:40:52,43.3603820800781,-8.8414134979248,"Unknown"
"7014852",371861,2025-06-09 20:45:49,43.3603057861328,-8.84125709533691,"Unknown"
"7014852",371861,2025-06-09 20:50:55,43.3603286743164,-8.84146785736084,"Unknown"
"7014852",371861,2025-06-09 20:55:55,43.3603591918945,-8.84150791168213,"Unknown"
"7014852",371861,2025-06-09 21:01:07,43.3603820800781,-8.84153366088867,"Unknown"
"7014852",371861,2025-06-10 02:01:29,43.3605079650879,-8.84134006500244,"Unknown"
"7014852",371861,2025-06-10 05:01:14,43.2966232299805,-8.8060131072998,"Unknown"
"7014852",371861,2025-06-10 05:05:27,43.2966194152832,-8.80642986297607,"Unknown"
"7014852",371861,2025-06-10 05:10:44,43.2956008911133,-8.80551147460938,"Unknown"
"7014852",371861,2025-06-10 05:15:25,43.3012619018555,-8.82161426544189,"Unknown"
"7014852",371861,2025-06-10 05:20:38,43.3142700195312,-8.85688400268555,"Unknown"
"7014852",371861,2025-06-10 05:25:36,43.3142700195312,-8.85679244995117,"Unknown"
"7014852",371861,2025-06-10 05:30:37,43.3143348693848,-8.8570032119751,"Unknown"
"7014852",371861,2025-06-10 05:35:27,43.3295478820801,-8.8525562286377,"Unknown"
"7014852",371861,2025-06-10 05:40:30,43.3454780578613,-8.85279178619385,"Unknown"
"7014852",371861,2025-06-10 05:46:14,43.3603439331055,-8.84135150909424,"Unknown"
"7014852",371861,2025-06-10 05:50:28,43.360408782959,-8.84107112884521,"Unknown"
"7014852",371861,2025-06-10 05:55:33,43.3603134155273,-8.84141254425049,"Unknown"
"7014852",371861,2025-06-10 06:00:33,43.3602867126465,-8.84141731262207,"Unknown"
"7014852",371861,2025-06-10 06:05:31,43.3603401184082,-8.8410758972168,"Unknown"
"7014852",371861,2025-06-10 06:10:31,43.3601951599121,-8.84145736694336,"Unknown"
"7014852",371861,2025-06-10 06:15:31,43.3603401184082,-8.8413667678833,"Unknown"
"7014852",371861,2025-06-10 06:20:29,43.3604965209961,-8.84108924865723,"Unknown"
"7014852",371861,2025-06-10 06:25:44,43.3603630065918,-8.84146404266357,"Unknown"
"7014852",371861,2025-06-10 06:30:28,43.3601608276367,-8.84182357788086,"Unknown"
"7014852",371861,2025-06-10 06:35:52,43.3602523803711,-8.84135341644287,"Unknown"
"7014852",371861,2025-06-10 06:40:44,43.3603096008301,-8.84132289886475,"Unknown"
"7014852",371861,2025-06-10 06:45:25,43.3603096008301,-8.84117126464844,"Unknown"
"7014852",371861,2025-06-10 06:50:36,43.3603057861328,-8.84137058258057,"Unknown"
"7014852",371861,2025-06-10 06:55:30,43.3603210449219,-8.84140968322754,"Unknown"
"7014852",371861,2025-06-10 07:00:36,43.3602867126465,-8.84124279022217,"Unknown"
"7014852",371861,2025-06-10 07:05:31,43.3603286743164,-8.84138774871826,"Unknown"
"7014852",371861,2025-06-10 07:10:25,43.3602256774902,-8.84153079986572,"Unknown"
"7014852",371861,2025-06-10 07:15:26,43.360466003418,-8.84106636047363,"Unknown"
"7014852",371861,2025-06-10 07:20:26,43.3603935241699,-8.84127044677734,"Unknown"
"7014852",371861,2025-06-10 07:25:28,43.3603897094727,-8.84099006652832,"Unknown"
"7014852",371861,2025-06-10 07:30:54,43.3603591918945,-8.84135246276855,"Unknown"
"7014852",371861,2025-06-10 07:35:31,43.360424041748,-8.84126472473145,"Unknown"
"7014852",371861,2025-06-10 07:40:40,43.3603248596191,-8.84125804901123,"Unknown"
"7014852",371861,2025-06-10 07:45:24,43.3603324890137,-8.84125232696533,"Unknown"
"7014852",371861,2025-06-10 07:50:29,43.3603401184082,-8.84121894836426,"Unknown"
"7014852",371861,2025-06-10 07:55:26,43.3603439331055,-8.84128284454346,"Unknown"
"7014852",371861,2025-06-10 08:00:38,43.3603248596191,-8.84126758575439,"Unknown"
"7014852",371861,2025-06-10 08:05:36,43.3603019714355,-8.84130096435547,"Unknown"
"7014852",371861,2025-06-10 08:10:36,43.3602867126465,-8.84124755859375,"Unknown"
"7014852",371861,2025-06-10 08:15:44,43.3603401184082,-8.84144401550293,"Unknown"
"7014852",371861,2025-06-10 08:20:29,43.3604125976562,-8.84187030792236,"Unknown"
"7014852",371861,2025-06-10 08:25:28,43.3605041503906,-8.84215354919434,"Unknown"
"7014852",371861,2025-06-10 08:30:31,43.3603401184082,-8.84154319763184,"Unknown"
"7014852",371861,2025-06-10 08:35:28,43.3605155944824,-8.84221649169922,"Unknown"
"7014852",371861,2025-06-10 08:40:31,43.3602867126465,-8.84146690368652,"Unknown"
"7014852",371861,2025-06-10 08:45:45,43.3603668212891,-8.84133625030518,"Unknown"
"7014852",371861,2025-06-10 08:50:27,43.3605079650879,-8.84154796600342,"Unknown"
"7014852",371861,2025-06-10 08:55:44,43.3603477478027,-8.8416576385498,"Unknown"
"7014852",371861,2025-06-10 09:00:36,43.3603858947754,-8.84147834777832,"Unknown"
"7014852",371861,2025-06-10 09:05:33,43.3603858947754,-8.84153461456299,"Unknown"
"7014852",371861,2025-06-10 09:10:28,43.3606758117676,-8.84215831756592,"Unknown"
"7014852",371861,2025-06-10 09:15:36,43.361946105957,-8.83721828460693,"Unknown"
"7014852",371861,2025-06-10 09:20:36,43.3636360168457,-8.80964088439941,"Unknown"
"7014852",371861,2025-06-10 09:25:36,43.3613662719727,-8.81585121154785,"Unknown"
"7014852",371861,2025-06-10 09:30:36,43.3613357543945,-8.83490467071533,"Unknown"
"7014852",371861,2025-06-10 09:35:41,43.3602600097656,-8.84149265289307,"Unknown"
"7014852",371861,2025-06-10 09:40:36,43.3601989746094,-8.84129047393799,"Unknown"
"7014852",371861,2025-06-10 09:45:35,43.3611259460449,-8.83795928955078,"Unknown"
"7014852",371861,2025-06-10 09:51:05,43.3551254272461,-8.82531356811523,"Unknown"
"7014852",371861,2025-06-10 09:55:24,43.361255645752,-8.83334445953369,"Unknown"
"7014852",371861,2025-06-10 10:00:25,43.3730506896973,-8.82968902587891,"Unknown"
"7014852",371861,2025-06-10 10:05:25,43.3824195861816,-8.82577896118164,"Unknown"
"7014852",371861,2025-06-10 10:10:29,43.3829574584961,-8.82726860046387,"Unknown"
"7014852",371861,2025-06-10 10:15:31,43.3607635498047,-8.83722019195557,"Unknown"
"7014852",371861,2025-06-10 10:20:25,43.3604927062988,-8.8413782119751,"Unknown"
"7014852",371861,2025-06-10 10:25:29,43.3602600097656,-8.84149551391602,"Unknown"
"7014852",371861,2025-06-10 10:30:59,43.3603553771973,-8.84143543243408,"Unknown"
"7014852",371861,2025-06-10 10:35:23,43.3603134155273,-8.84145069122314,"Unknown"
"7014852",371861,2025-06-10 10:40:23,43.3602981567383,-8.84144687652588,"Unknown"
"7014852",371861,2025-06-10 10:45:24,43.3603668212891,-8.84146499633789,"Unknown"
"7014852",371861,2025-06-10 10:50:24,43.3603363037109,-8.84145641326904,"Unknown"
"7014852",371861,2025-06-10 10:55:24,43.3603324890137,-8.84150886535645,"Unknown"
"7014852",371861,2025-06-10 11:00:24,43.3603286743164,-8.84145545959473,"Unknown"
"7014852",371861,2025-06-10 11:05:24,43.3602981567383,-8.84143447875977,"Unknown"
"7014852",371861,2025-06-10 11:10:25,43.3603477478027,-8.84147071838379,"Unknown"
"7014852",371861,2025-06-10 11:15:24,43.360294342041,-8.84149742126465,"Unknown"
"7014852",371861,2025-06-10 11:20:24,43.3603706359863,-8.84149265289307,"Unknown"
"7014852",371861,2025-06-10 11:25:25,43.3603515625,-8.84146308898926,"Unknown"
"7014852",371861,2025-06-10 11:30:24,43.3603134155273,-8.8415002822876,"Unknown"
"7014852",371861,2025-06-10 11:35:24,43.3603324890137,-8.84150314331055,"Unknown"
"7014852",371861,2025-06-10 11:40:24,43.3603591918945,-8.84145927429199,"Unknown"
"7014852",371861,2025-06-10 11:45:24,43.3603515625,-8.84152793884277,"Unknown"
"7014852",371861,2025-06-10 11:50:25,43.3603897094727,-8.84146404266357,"Unknown"
"7014852",371861,2025-06-10 11:55:24,43.360466003418,-8.84165668487549,"Unknown"
"7014852",371861,2025-06-10 12:00:25,43.3604049682617,-8.84140014648438,"Unknown"
"7014852",371861,2025-06-10 12:05:25,43.3603057861328,-8.84136295318604,"Unknown"
"7014852",371861,2025-06-10 12:10:26,43.3605804443359,-8.84177303314209,"Unknown"
"7014852",371861,2025-06-10 12:15:30,43.3605842590332,-8.8417911529541,"Unknown"
"7014852",371861,2025-06-10 12:20:37,43.3603668212891,-8.84143543243408,"Unknown"
"7014852",371861,2025-06-10 12:25:30,43.3606414794922,-8.84189224243164,"Unknown"
"7014852",371861,2025-06-10 12:30:32,43.3604431152344,-8.84127426147461,"Unknown"
"7014852",371861,2025-06-10 12:35:28,43.3602447509766,-8.84116458892822,"Unknown"
"7014852",371861,2025-06-10 12:40:37,43.360408782959,-8.84135246276855,"Unknown"
"7014852",371861,2025-06-10 12:45:29,43.3605690002441,-8.84153270721436,"Unknown"
"7014852",371861,2025-06-10 12:50:30,43.3605804443359,-8.84155559539795,"Unknown"
"7014852",371861,2025-06-10 12:55:30,43.3604164123535,-8.8413553237915,"Unknown"
"7014852",371861,2025-06-10 13:00:27,43.3604164123535,-8.84127902984619,"Unknown"
"7014852",371861,2025-06-10 13:05:28,43.3604850769043,-8.84131908416748,"Unknown"
"7014852",371861,2025-06-10 13:10:28,43.3604393005371,-8.84130573272705,"Unknown"
"7014852",371861,2025-06-10 13:15:44,43.3602600097656,-8.84145259857178,"Unknown"
"7014852",371861,2025-06-10 13:20:26,43.3604354858398,-8.84145450592041,"Unknown"
"7014852",371861,2025-06-10 13:25:30,43.3603477478027,-8.84142112731934,"Unknown"
"7014852",371861,2025-06-10 13:30:25,43.3606071472168,-8.8419017791748,"Unknown"
"7014852",371861,2025-06-10 13:36:48,43.3606948852539,-8.84412956237793,"Unknown"
"7014852",371861,2025-06-10 13:40:25,43.3621635437012,-8.84292888641357,"Unknown"
"7014852",371861,2025-06-10 13:45:26,43.3622741699219,-8.83938312530518,"Unknown"
"7014852",371861,2025-06-10 13:50:26,43.356689453125,-8.84160041809082,"Unknown"
"7014852",371861,2025-06-10 13:55:25,43.3602905273438,-8.8412914276123,"Unknown"
"7014852",371861,2025-06-10 14:00:27,43.3603019714355,-8.84137058258057,"Unknown"
"7014852",371861,2025-06-10 14:05:27,43.3601112365723,-8.84144592285156,"Unknown"
"7014852",371861,2025-06-10 14:10:27,43.3601226806641,-8.84120750427246,"Unknown"
"7014852",371861,2025-06-10 14:15:29,43.3603134155273,-8.84147548675537,"Unknown"
"7014852",371861,2025-06-10 14:20:28,43.3605041503906,-8.84116458892822,"Unknown"
"7014852",371861,2025-06-10 14:25:28,43.3602981567383,-8.84125232696533,"Unknown"
"7014852",371861,2025-06-10 14:30:26,43.3602714538574,-8.84146404266357,"Unknown"
"7014852",371861,2025-06-10 14:35:25,43.3600082397461,-8.84126377105713,"Unknown"
"7014852",371861,2025-06-10 14:40:27,43.3603134155273,-8.84164619445801,"Unknown"
"7014852",371861,2025-06-10 14:45:39,43.3602638244629,-8.84139347076416,"Unknown"
"7014852",371861,2025-06-10 14:50:28,43.3603591918945,-8.84164237976074,"Unknown"
"7014852",371861,2025-06-10 14:55:29,43.3603630065918,-8.84150886535645,"Unknown"
"7014852",371861,2025-06-10 15:00:25,43.3603744506836,-8.84156036376953,"Unknown"
"7014852",371861,2025-06-10 15:05:29,43.3636245727539,-8.83639240264893,"Unknown"
"7014852",371861,2025-06-10 15:10:34,43.3891716003418,-8.8112096786499,"Unknown"
"7014852",371861,2025-06-10 15:15:40,43.4145164489746,-8.79546928405762,"Unknown"
"7014852",371861,2025-06-10 15:20:27,43.4364318847656,-8.78411960601807,"Unknown"
"7014852",371861,2025-06-10 15:25:27,43.4596519470215,-8.78168296813965,"Unknown"
"7014852",371861,2025-06-10 15:30:46,43.4852561950684,-8.78530597686768,"Unknown"
"7014852",371861,2025-06-10 15:35:38,43.5029029846191,-8.80775451660156,"Unknown"
"7014852",371861,2025-06-10 15:40:26,43.5164947509766,-8.84061717987061,"Unknown"
"7014852",371861,2025-06-10 15:45:26,43.5356216430664,-8.86475086212158,"Unknown"
"7014852",371861,2025-06-10 15:50:31,43.5575370788574,-8.86402702331543,"Unknown"
"7014852",371861,2025-06-10 15:55:30,43.5583724975586,-8.86165142059326,"Unknown"
"7014852",371861,2025-06-10 16:00:27,43.5590324401855,-8.85981845855713,"Unknown"
"7014852",371861,2025-06-10 16:05:32,43.5603370666504,-8.85941600799561,"Unknown"
"7014852",371861,2025-06-10 16:10:47,43.5510711669922,-8.85643100738525,"Unknown"
"7014852",371861,2025-06-10 16:15:29,43.5134162902832,-8.85223865509033,"Unknown"
"7014852",371861,2025-06-10 16:20:59,43.4787826538086,-8.83704471588135,"Unknown"
"7014852",371861,2025-06-10 16:25:24,43.4492301940918,-8.82937622070312,"Unknown"
"7014852",371861,2025-06-10 16:30:26,43.4151382446289,-8.83616161346436,"Unknown"
"7014852",371861,2025-06-10 16:35:27,43.3825187683105,-8.84419441223145,"Unknown"
"7014852",371861,2025-06-10 16:40:27,43.3605041503906,-8.84152698516846,"Unknown"
"7014852",371861,2025-06-10 16:45:27,43.360481262207,-8.84143924713135,"Unknown"
"7014852",371861,2025-06-10 16:50:32,43.3604507446289,-8.84144115447998,"Unknown"
"7014852",371861,2025-06-10 16:55:35,43.3604125976562,-8.84133148193359,"Unknown"
"7014852",371861,2025-06-10 17:00:36,43.3604507446289,-8.84140300750732,"Unknown"
"7014852",371861,2025-06-10 17:05:36,43.3605422973633,-8.84146213531494,"Unknown"
"7014852",371861,2025-06-10 17:10:59,43.3603210449219,-8.84141635894775,"Unknown"
"7014852",371861,2025-06-10 17:15:26,43.3603858947754,-8.84136867523193,"Unknown"
"7014852",371861,2025-06-10 17:20:26,43.3603858947754,-8.84141254425049,"Unknown"
"7014852",371861,2025-06-10 17:25:25,43.3603553771973,-8.8414306640625,"Unknown"
"7014852",371861,2025-06-10 17:30:27,43.3603858947754,-8.84140110015869,"Unknown"
"7014852",371861,2025-06-10 17:35:26,43.3603019714355,-8.84144973754883,"Unknown"
"7014852",371861,2025-06-10 17:40:25,43.3603820800781,-8.84141254425049,"Unknown"
"7014852",371861,2025-06-10 17:45:27,43.3603515625,-8.84138488769531,"Unknown"
"7014852",371861,2025-06-10 17:50:25,43.3602561950684,-8.8414831161499,"Unknown"
"7014852",371861,2025-06-10 17:55:25,43.3603210449219,-8.84140014648438,"Unknown"
"7014852",371861,2025-06-10 18:00:24,43.3603248596191,-8.84144496917725,"Unknown"
"7014852",371861,2025-06-10 18:05:25,43.3602981567383,-8.84144878387451,"Unknown"
"7014852",371861,2025-06-10 18:10:24,43.3606872558594,-8.84122371673584,"Unknown"
"7014852",371861,2025-06-10 18:15:24,43.360408782959,-8.84140014648438,"Unknown"
"7014852",371861,2025-06-10 18:20:25,43.3603248596191,-8.84140777587891,"Unknown"
"7014852",371861,2025-06-10 18:25:25,43.3603286743164,-8.8413724899292,"Unknown"
"7014852",371861,2025-06-10 18:30:27,43.3601875305176,-8.84140110015869,"Unknown"
"7014852",371861,2025-06-10 18:35:27,43.3602561950684,-8.84140491485596,"Unknown"
"7014852",371861,2025-06-10 18:40:27,43.3600921630859,-8.84132194519043,"Unknown"
"7014852",371861,2025-06-10 18:45:29,43.3602142333984,-8.84137344360352,"Unknown"
"7014852",371861,2025-06-10 18:50:36,43.3603553771973,-8.84143161773682,"Unknown"
"7014852",371861,2025-06-10 18:55:25,43.3603477478027,-8.84147453308105,"Unknown"
"7014852",371861,2025-06-10 19:00:37,43.3603172302246,-8.84138584136963,"Unknown"
"7014852",371861,2025-06-10 19:05:26,43.360237121582,-8.84131240844727,"Unknown"
"7014852",371861,2025-06-10 19:10:37,43.3603324890137,-8.84140205383301,"Unknown"
"7014852",371861,2025-06-10 19:15:36,43.3602752685547,-8.84135055541992,"Unknown"
"7014852",371861,2025-06-10 19:20:37,43.3603172302246,-8.8414306640625,"Unknown"
"7014852",371861,2025-06-10 19:25:32,43.3603057861328,-8.84131526947021,"Unknown"
"7014852",371861,2025-06-10 19:30:32,43.3602905273438,-8.84127140045166,"Unknown"
"7014852",371861,2025-06-10 19:35:29,43.3603210449219,-8.84134864807129,"Unknown"
"7014852",371861,2025-06-10 19:40:42,43.3624877929688,-8.84499263763428,"Unknown"
"7014852",371861,2025-06-10 19:45:25,43.3622512817383,-8.84408092498779,"Unknown"
"7014852",371861,2025-06-10 19:51:10,43.3622016906738,-8.84444713592529,"Unknown"
"7014852",371861,2025-06-10 19:56:48,43.3628082275391,-8.84541988372803,"Unknown"
"7014852",371861,2025-06-10 20:01:35,43.3593673706055,-8.84676456451416,"Unknown"
"7014852",371861,2025-06-10 20:05:25,43.359992980957,-8.84076118469238,"Unknown"
"7014852",371861,2025-06-10 20:10:25,43.3603744506836,-8.84151649475098,"Unknown"
"7014852",371861,2025-06-10 20:15:29,43.3601722717285,-8.8410758972168,"Unknown"
"7014852",371861,2025-06-10 20:20:25,43.3604698181152,-8.84163188934326,"Unknown"
"7014852",371861,2025-06-10 20:25:27,43.3603706359863,-8.8414192199707,"Unknown"
"7014852",371861,2025-06-10 20:30:24,43.3603286743164,-8.84150218963623,"Unknown"
"7014852",371861,2025-06-10 20:35:25,43.3602104187012,-8.84143733978271,"Unknown"
"7014852",371861,2025-06-10 20:40:25,43.3602867126465,-8.8414831161499,"Unknown"
"7014852",371861,2025-06-10 20:45:44,43.3603439331055,-8.84148406982422,"Unknown"
"7014852",371861,2025-06-10 20:50:24,43.3603096008301,-8.84145069122314,"Unknown"
"7014852",371861,2025-06-10 20:55:26,43.3602828979492,-8.84145259857178,"Unknown"
"7014852",371861,2025-06-10 21:01:43,43.3601837158203,-8.84150123596191,"Unknown"
"7014852",371861,2025-06-11 02:02:05,43.3603591918945,-8.84138584136963,"Unknown"
"7014852",371861,2025-06-11 05:00:27,43.3605155944824,-8.84143543243408,"Unknown"
"7014852",371861,2025-06-11 05:05:27,43.3602714538574,-8.84120464324951,"Unknown"
"7014852",371861,2025-06-11 05:10:40,43.3603477478027,-8.84143257141113,"Unknown"
"7014852",371861,2025-06-11 05:15:24,43.3603324890137,-8.84144973754883,"Unknown"
"7014852",371861,2025-06-11 05:20:25,43.360294342041,-8.84139060974121,"Unknown"
"7014852",371861,2025-06-11 05:25:24,43.3603820800781,-8.84143829345703,"Unknown"
"7014852",371861,2025-06-11 05:30:25,43.3603630065918,-8.84142112731934,"Unknown"
"7014852",371861,2025-06-11 05:35:25,43.3604354858398,-8.84146785736084,"Unknown"
"7014852",371861,2025-06-11 05:40:24,43.3604011535645,-8.84138584136963,"Unknown"
"7014852",371861,2025-06-11 05:45:38,43.3604164123535,-8.84145545959473,"Unknown"
"7014852",371861,2025-06-11 05:50:38,43.3603515625,-8.84148788452148,"Unknown"
"7014852",371861,2025-06-11 05:55:37,43.3603858947754,-8.84146976470947,"Unknown"
"7014852",371861,2025-06-11 06:00:44,43.3603706359863,-8.84145069122314,"Unknown"
"7014852",371861,2025-06-11 06:05:24,43.3603363037109,-8.84138584136963,"Unknown"
"7014852",371861,2025-06-11 06:10:25,43.3603553771973,-8.84139919281006,"Unknown"
"7014852",371861,2025-06-11 06:15:32,43.3602676391602,-8.84119892120361,"Unknown"
"7014852",371861,2025-06-11 06:20:26,43.3603668212891,-8.84144687652588,"Unknown"
"7014852",371861,2025-06-11 06:25:29,43.3604850769043,-8.84183692932129,"Unknown"
"7014852",371861,2025-06-11 06:30:28,43.3603515625,-8.84119129180908,"Unknown"
"7014852",371861,2025-06-11 06:35:24,43.3603477478027,-8.84135055541992,"Unknown"
"7014852",371861,2025-06-11 06:40:25,43.3603134155273,-8.84137725830078,"Unknown"
"7014852",371861,2025-06-11 06:45:51,43.3607978820801,-8.84232807159424,"Unknown"
"7014852",371861,2025-06-11 06:50:44,43.3603401184082,-8.84131908416748,"Unknown"
"7014852",371861,2025-06-11 06:55:27,43.3603630065918,-8.84109306335449,"Unknown"
"7014852",371861,2025-06-11 07:00:24,43.3603706359863,-8.84117221832275,"Unknown"
"7014852",371861,2025-06-11 07:05:32,43.3602867126465,-8.84108734130859,"Unknown"
"7014852",371861,2025-06-11 07:10:31,43.3603019714355,-8.84108066558838,"Unknown"
"7014852",371861,2025-06-11 07:15:27,43.3603706359863,-8.841383934021,"Unknown"
"7014852",371861,2025-06-11 07:20:25,43.3602600097656,-8.84146308898926,"Unknown"
"7014852",371861,2025-06-11 07:25:28,43.3603019714355,-8.84114456176758,"Unknown"
"7014852",371861,2025-06-11 07:30:30,43.3603591918945,-8.84252071380615,"Unknown"
"7014852",371861,2025-06-11 07:35:42,43.3604125976562,-8.84276866912842,"Unknown"
"7014852",371861,2025-06-11 07:40:45,43.3603286743164,-8.84147453308105,"Unknown"
"7014852",371861,2025-06-11 07:45:29,43.3603019714355,-8.8414249420166,"Unknown"
"7014852",371861,2025-06-11 07:50:24,43.3609733581543,-8.8458137512207,"Unknown"
"7014852",371861,2025-06-11 07:55:29,43.3604164123535,-8.84153175354004,"Unknown"
"7014852",371861,2025-06-11 08:00:37,43.3602409362793,-8.84092903137207,"Unknown"
"7014852",371861,2025-06-11 08:05:38,43.3603324890137,-8.84144306182861,"Unknown"
"7014852",371861,2025-06-11 08:10:44,43.3603515625,-8.84139347076416,"Unknown"
"7014852",371861,2025-06-11 08:15:40,43.3603706359863,-8.84139156341553,"Unknown"
"7014852",371861,2025-06-11 08:20:30,43.3603401184082,-8.84126949310303,"Unknown"
"7014852",371861,2025-06-11 08:25:37,43.3602867126465,-8.84141540527344,"Unknown"
"7014852",371861,2025-06-11 08:30:26,43.3603324890137,-8.84121513366699,"Unknown"
"7014852",371861,2025-06-11 08:35:37,43.3603858947754,-8.84132862091064,"Unknown"
"7014852",371861,2025-06-11 08:40:30,43.3600234985352,-8.8402795791626,"Unknown"
"7014852",371861,2025-06-11 08:46:00,43.3603401184082,-8.84125995635986,"Unknown"
"7014852",371861,2025-06-11 08:50:25,43.3603630065918,-8.84125423431396,"Unknown"
"7014852",371861,2025-06-11 08:55:25,43.3603477478027,-8.84123992919922,"Unknown"
"7014852",371861,2025-06-11 09:00:25,43.3603782653809,-8.84115886688232,"Unknown"
"7014852",371861,2025-06-11 09:05:25,43.3603553771973,-8.84106826782227,"Unknown"
"7014852",371861,2025-06-11 09:10:25,43.3602905273438,-8.84152317047119,"Unknown"
"7014852",371861,2025-06-11 09:15:25,43.3603096008301,-8.84151268005371,"Unknown"
"7014852",371861,2025-06-11 09:20:25,43.3603477478027,-8.84150886535645,"Unknown"
"7014852",371861,2025-06-11 09:25:59,43.3603210449219,-8.84142971038818,"Unknown"
"7014852",371861,2025-06-11 09:30:24,43.3603439331055,-8.84135913848877,"Unknown"
"7014852",371861,2025-06-11 09:35:25,43.3606071472168,-8.84120750427246,"Unknown"
"7014852",371861,2025-06-11 09:40:25,43.3604393005371,-8.84140205383301,"Unknown"
"7014852",371861,2025-06-11 09:45:24,43.3604354858398,-8.84137725830078,"Unknown"
"7014852",371861,2025-06-11 09:50:26,43.360408782959,-8.84149360656738,"Unknown"
"7014852",371861,2025-06-11 09:55:30,43.3603401184082,-8.84147357940674,"Unknown"
"7014852",371861,2025-06-11 10:00:25,43.3602867126465,-8.84149646759033,"Unknown"
"7014852",371861,2025-06-11 10:05:30,43.3603286743164,-8.84139537811279,"Unknown"
"7014852",371861,2025-06-11 10:10:30,43.3603897094727,-8.84153747558594,"Unknown"
"7014852",371861,2025-06-11 10:15:28,43.3604431152344,-8.84152126312256,"Unknown"
"7014852",371861,2025-06-11 10:20:25,43.3603591918945,-8.84139823913574,"Unknown"
"7014852",371861,2025-06-11 10:25:29,43.3603515625,-8.84154415130615,"Unknown"
"7014852",371861,2025-06-11 10:30:25,43.3602752685547,-8.84126281738281,"Unknown"
"7014852",371861,2025-06-11 10:35:43,43.3603591918945,-8.84140968322754,"Unknown"
"7014852",371861,2025-06-11 10:40:24,43.3603744506836,-8.84150409698486,"Unknown"
"7014852",371861,2025-06-11 10:45:24,43.3603057861328,-8.84108638763428,"Unknown"
"7014852",371861,2025-06-11 10:50:25,43.3603706359863,-8.84139251708984,"Unknown"
"7014852",371861,2025-06-11 10:55:25,43.3603591918945,-8.84163284301758,"Unknown"
"7014852",371861,2025-06-11 11:00:32,43.3603858947754,-8.8414134979248,"Unknown"
"7014852",371861,2025-06-11 11:05:27,43.3603363037109,-8.84146595001221,"Unknown"
"7014852",371861,2025-06-11 11:10:25,43.3603591918945,-8.84141635894775,"Unknown"
"7014852",371861,2025-06-11 11:15:25,43.3603591918945,-8.84151744842529,"Unknown"
"7014852",371861,2025-06-11 11:20:26,43.3604507446289,-8.8415355682373,"Unknown"
"7014852",371861,2025-06-11 11:25:25,43.3603477478027,-8.84146690368652,"Unknown"
"7014852",371861,2025-06-11 11:30:30,43.3603706359863,-8.84248065948486,"Unknown"
"7014852",371861,2025-06-11 11:35:37,43.3603668212891,-8.84146690368652,"Unknown"
"7014852",371861,2025-06-11 11:40:37,43.3603744506836,-8.84150123596191,"Unknown"
"7014852",371861,2025-06-11 11:45:37,43.3603668212891,-8.84148025512695,"Unknown"
"7014852",371861,2025-06-11 11:50:32,43.3603858947754,-8.84146404266357,"Unknown"
"7014852",371861,2025-06-11 11:55:37,43.3603363037109,-8.84145832061768,"Unknown"
"7014852",371861,2025-06-11 12:00:31,43.3603591918945,-8.84181022644043,"Unknown"
"7014852",371861,2025-06-11 12:05:37,43.3603782653809,-8.84146308898926,"Unknown"
"7014852",371861,2025-06-11 12:10:38,43.361141204834,-8.84354972839355,"Unknown"
"7014852",371861,2025-06-11 12:15:38,43.3596954345703,-8.84677314758301,"Unknown"
"7014852",371861,2025-06-11 12:20:45,43.3603744506836,-8.84145832061768,"Unknown"
"7014852",371861,2025-06-11 12:25:59,43.3604545593262,-8.84147930145264,"Unknown"
"7014852",371861,2025-06-11 12:30:27,43.3602638244629,-8.84106540679932,"Unknown"
"7014852",371861,2025-06-11 12:35:35,43.3603897094727,-8.84123039245605,"Unknown"
"7014852",371861,2025-06-11 12:40:26,43.3604278564453,-8.84129524230957,"Unknown"
"7014852",371861,2025-06-11 12:45:44,43.3604164123535,-8.84142684936523,"Unknown"
"7014852",371861,2025-06-11 12:50:24,43.3603973388672,-8.84151172637939,"Unknown"
"7014852",371861,2025-06-11 12:55:24,43.3603515625,-8.84175109863281,"Unknown"
"7014852",371861,2025-06-11 13:00:24,43.3604164123535,-8.84150695800781,"Unknown"
"7014852",371861,2025-06-11 13:05:25,43.3603973388672,-8.84138870239258,"Unknown"
"7014852",371861,2025-06-11 13:10:25,43.3602638244629,-8.84109497070312,"Unknown"
"7014852",371861,2025-06-11 13:15:26,43.3609657287598,-8.84806632995605,"Unknown"
"7014852",371861,2025-06-11 13:20:26,43.3467483520508,-8.8428258895874,"Unknown"
"7014852",371861,2025-06-11 13:25:25,43.3272590637207,-8.84645938873291,"Unknown"
"7014852",371861,2025-06-11 13:30:59,43.3137397766113,-8.85746955871582,"Unknown"
"7014852",371861,2025-06-11 13:35:30,43.313777923584,-8.85751152038574,"Unknown"
"7014852",371861,2025-06-11 13:41:05,43.317756652832,-8.85989475250244,"Unknown"
"7014852",371861,2025-06-11 13:45:25,43.3169746398926,-8.86039638519287,"Unknown"
"7014852",371861,2025-06-11 13:50:30,43.3169288635254,-8.86043739318848,"Unknown"
"7014852",371861,2025-06-11 13:55:28,43.3310241699219,-8.85355281829834,"Unknown"
"7014852",371861,2025-06-11 14:00:31,43.3598136901855,-8.84152984619141,"Unknown"
"7014852",371861,2025-06-11 14:05:27,43.3609733581543,-8.84123134613037,"Unknown"
"7014852",371861,2025-06-11 14:10:42,43.3602905273438,-8.84142303466797,"Unknown"
"7014852",371861,2025-06-11 14:15:43,43.3603363037109,-8.84146499633789,"Unknown"
"7014852",371861,2025-06-11 14:20:25,43.3603401184082,-8.84138679504395,"Unknown"
"7014852",371861,2025-06-11 14:25:28,43.3603286743164,-8.84146308898926,"Unknown"
"7014852",371861,2025-06-11 14:30:25,43.3600654602051,-8.84274387359619,"Unknown"
"7014852",371861,2025-06-11 14:35:25,43.3602752685547,-8.84141445159912,"Unknown"
"7014852",371861,2025-06-11 14:40:28,43.3597984313965,-8.84459018707275,"Unknown"
"7014852",371861,2025-06-11 14:45:26,43.3605804443359,-8.84128189086914,"Unknown"
"7014852",371861,2025-06-11 14:50:25,43.3605537414551,-8.84124088287354,"Unknown"
"7014852",371861,2025-06-11 14:55:32,43.3604431152344,-8.84146499633789,"Unknown"
"7014852",371861,2025-06-11 15:00:38,43.3605079650879,-8.84150505065918,"Unknown"
"7014852",371861,2025-06-11 15:05:37,43.3605346679688,-8.84154605865479,"Unknown"
"7014852",371861,2025-06-11 15:10:38,43.3604698181152,-8.84160709381104,"Unknown"
"7014852",371861,2025-06-11 15:15:38,43.360466003418,-8.84170055389404,"Unknown"
"7014852",371861,2025-06-11 15:20:45,43.3604049682617,-8.84156608581543,"Unknown"
"7014852",371861,2025-06-11 15:25:29,43.3603630065918,-8.84127616882324,"Unknown"
"7014852",371861,2025-06-11 15:30:28,43.3603782653809,-8.84158706665039,"Unknown"
"7014852",371861,2025-06-11 15:35:37,43.3605270385742,-8.84162712097168,"Unknown"
"7014852",371861,2025-06-11 15:40:37,43.3605842590332,-8.84170722961426,"Unknown"
"7014852",371861,2025-06-11 15:45:59,43.3603477478027,-8.84154510498047,"Unknown"
"7014852",371861,2025-06-11 15:50:28,43.360408782959,-8.84151363372803,"Unknown"
"7014852",371861,2025-06-11 15:55:27,43.3603820800781,-8.84150791168213,"Unknown"
"7014852",371861,2025-06-11 16:00:28,43.3604507446289,-8.84161758422852,"Unknown"
"7014852",371861,2025-06-11 16:05:25,43.3603591918945,-8.84144592285156,"Unknown"
"7014852",371861,2025-06-11 16:10:39,43.3607368469238,-8.84183311462402,"Unknown"
"7014852",371861,2025-06-11 16:15:38,43.3607978820801,-8.84174823760986,"Unknown"
"7014852",371861,2025-06-11 16:20:44,43.3606376647949,-8.84166812896729,"Unknown"
"7014852",371861,2025-06-11 16:25:27,43.3604698181152,-8.84241390228271,"Unknown"
"7014852",371861,2025-06-11 16:30:30,43.3597183227539,-8.84097099304199,"Unknown"
"7014852",371861,2025-06-11 16:35:32,43.3603324890137,-8.84133052825928,"Unknown"
"7014852",371861,2025-06-11 16:40:27,43.3601722717285,-8.84122085571289,"Unknown"
"7014852",371861,2025-06-11 16:45:45,43.3602409362793,-8.84138202667236,"Unknown"
"7014852",371861,2025-06-11 16:50:31,43.3601760864258,-8.8411750793457,"Unknown"
"7014852",371861,2025-06-11 16:55:37,43.3601760864258,-8.84140872955322,"Unknown"
"7014852",371861,2025-06-11 17:00:38,43.3603515625,-8.84142208099365,"Unknown"
"7014852",371861,2025-06-11 17:05:37,43.3605461120605,-8.84145450592041,"Unknown"
"7014852",371861,2025-06-11 17:10:36,43.3604888916016,-8.84148788452148,"Unknown"
"7014852",371861,2025-06-11 17:15:31,43.3606147766113,-8.84159564971924,"Unknown"
"7014852",371861,2025-06-11 17:20:37,43.3603553771973,-8.84130859375,"Unknown"
"7014852",371861,2025-06-11 17:25:34,43.3603553771973,-8.84137725830078,"Unknown"
"7014852",371861,2025-06-11 17:30:59,43.3603286743164,-8.84136295318604,"Unknown"
"7014852",371861,2025-06-11 17:35:24,43.3603858947754,-8.84129810333252,"Unknown"
"7014852",371861,2025-06-11 17:40:25,43.360481262207,-8.84129333496094,"Unknown"
"7014852",371861,2025-06-11 17:45:25,43.3604011535645,-8.8412561416626,"Unknown"
"7014852",371861,2025-06-11 17:50:26,43.360408782959,-8.8412914276123,"Unknown"
"7014852",371861,2025-06-11 17:55:25,43.3603401184082,-8.84132289886475,"Unknown"
"7014852",371861,2025-06-11 18:00:25,43.3603096008301,-8.84141159057617,"Unknown"
"7014852",371861,2025-06-11 18:05:26,43.3603591918945,-8.8413553237915,"Unknown"
"7014852",371861,2025-06-11 18:10:27,43.3602905273438,-8.84148216247559,"Unknown"
"7014852",371861,2025-06-11 18:15:31,43.3601341247559,-8.84174156188965,"Unknown"
"7014852",371861,2025-06-11 18:20:38,43.3603935241699,-8.84135723114014,"Unknown"
"7014852",371861,2025-06-11 18:25:27,43.3604469299316,-8.84122467041016,"Unknown"
"7014852",371861,2025-06-11 18:30:37,43.3604011535645,-8.84133338928223,"Unknown"
"7014852",371861,2025-06-11 18:35:36,43.3604545593262,-8.8413257598877,"Unknown"
"7014852",371861,2025-06-11 18:40:37,43.3604507446289,-8.84145641326904,"Unknown"
"7014852",371861,2025-06-11 18:45:44,43.3604316711426,-8.84137535095215,"Unknown"
"7014852",371861,2025-06-11 18:50:29,43.3606605529785,-8.84128952026367,"Unknown"
"7014852",371861,2025-06-11 18:55:25,43.3604125976562,-8.84135723114014,"Unknown"
"7014852",371861,2025-06-11 19:00:26,43.3603897094727,-8.84141731262207,"Unknown"
"7014852",371861,2025-06-11 19:05:25,43.3603630065918,-8.84151268005371,"Unknown"
"7014852",371861,2025-06-11 19:10:25,43.3604469299316,-8.84138965606689,"Unknown"
"7014852",371861,2025-06-11 19:15:44,43.3603973388672,-8.84139347076416,"Unknown"
"7014852",371861,2025-06-11 19:20:25,43.360466003418,-8.84140205383301,"Unknown"
"7014852",371861,2025-06-11 19:25:26,43.3604507446289,-8.84136486053467,"Unknown"
"7014852",371861,2025-06-11 19:30:25,43.3604545593262,-8.84145927429199,"Unknown"
"7014852",371861,2025-06-11 19:35:26,43.3600463867188,-8.84145355224609,"Unknown"
"7014852",371861,2025-06-11 19:40:27,43.3604011535645,-8.84155559539795,"Unknown"
"7014852",371861,2025-06-11 19:45:44,43.3603706359863,-8.84131622314453,"Unknown"
"7014852",371861,2025-06-11 19:50:26,43.3601837158203,-8.84110260009766,"Unknown"
"7014852",371861,2025-06-11 19:55:31,43.3605728149414,-8.84155559539795,"Unknown"
"7014852",371861,2025-06-11 20:00:57,43.3603973388672,-8.84141445159912,"Unknown"
"7014852",371861,2025-06-11 20:05:44,43.3603897094727,-8.84140396118164,"Unknown"
"7014852",371861,2025-06-11 20:10:25,43.3602256774902,-8.84141445159912,"Unknown"
"7014852",371861,2025-06-11 20:15:31,43.3603248596191,-8.84133815765381,"Unknown"
"7014852",371861,2025-06-11 20:20:30,43.3602867126465,-8.84134006500244,"Unknown"
"7014852",371861,2025-06-11 20:25:27,43.3602561950684,-8.84122562408447,"Unknown"
"7014852",371861,2025-06-11 20:30:32,43.3603973388672,-8.84174156188965,"Unknown"
"7014852",371861,2025-06-11 20:35:31,43.3601531982422,-8.84123611450195,"Unknown"
"7014852",371861,2025-06-11 20:40:31,43.3602676391602,-8.84126853942871,"Unknown"
"7014852",371861,2025-06-11 20:45:44,43.3603591918945,-8.84131717681885,"Unknown"
"7014852",371861,2025-06-11 20:50:25,43.3602561950684,-8.84132766723633,"Unknown"
"7014852",371861,2025-06-11 20:55:27,43.360424041748,-8.84127426147461,"Unknown"
"7014852",371861,2025-06-11 21:02:22,43.3601875305176,-8.84144592285156,"Unknown"
"7014852",371861,2025-06-12 02:02:53,43.3602828979492,-8.84136867523193,"Unknown"
"7014852",371861,2025-06-12 05:00:37,43.3603057861328,-8.84145259857178,"Unknown"
"7014852",371861,2025-06-12 05:05:14,43.360279083252,-8.84152221679688,"Unknown"
"7014852",371861,2025-06-12 05:10:25,43.3603210449219,-8.84144496917725,"Unknown"
"7014852",371861,2025-06-12 05:15:17,43.3603057861328,-8.84148025512695,"Unknown"
"7014852",371861,2025-06-12 05:20:15,43.3603858947754,-8.84133529663086,"Unknown"
"7014852",371861,2025-06-12 05:25:25,43.3603363037109,-8.84128189086914,"Unknown"
"7014852",371861,2025-06-12 05:30:18,43.3603591918945,-8.84139728546143,"Unknown"
"7014852",371861,2025-06-12 05:35:14,43.3603668212891,-8.84139060974121,"Unknown"
"7014852",371861,2025-06-12 05:40:15,43.360279083252,-8.8413667678833,"Unknown"
"7014852",371861,2025-06-12 05:45:24,43.3603515625,-8.84141159057617,"Unknown"
"7014852",371861,2025-06-12 05:50:18,43.3603858947754,-8.84138870239258,"Unknown"
"7014852",371861,2025-06-12 05:55:15,43.3603744506836,-8.84143352508545,"Unknown"
"7014852",371861,2025-06-12 06:00:17,43.3602638244629,-8.84135818481445,"Unknown"
"7014852",371861,2025-06-12 06:05:14,43.3603286743164,-8.84143161773682,"Unknown"
"7014852",371861,2025-06-12 06:10:14,43.3603439331055,-8.84140586853027,"Unknown"
"7014852",371861,2025-06-12 06:15:16,43.3603057861328,-8.84142684936523,"Unknown"
"7014852",371861,2025-06-12 06:20:23,43.3603973388672,-8.84147167205811,"Unknown"
"7014852",371861,2025-06-12 06:25:36,43.3603286743164,-8.8414478302002,"Unknown"
"7014852",371861,2025-06-12 06:30:15,43.3602828979492,-8.84138488769531,"Unknown"
"7014852",371861,2025-06-12 06:35:20,43.3603630065918,-8.84143733978271,"Unknown"
"7014852",371861,2025-06-12 06:40:14,43.3603477478027,-8.84146499633789,"Unknown"
"7014852",371861,2025-06-12 06:45:15,43.3604354858398,-8.8414831161499,"Unknown"
"7014852",371861,2025-06-12 06:50:23,43.3602981567383,-8.84145832061768,"Unknown"
"7014852",371861,2025-06-12 06:55:15,43.3603019714355,-8.84136009216309,"Unknown"
"7014852",371861,2025-06-12 07:00:25,43.3603286743164,-8.84147930145264,"Unknown"
"7014852",371861,2025-06-12 07:05:15,43.3602561950684,-8.84127330780029,"Unknown"
"7014852",371861,2025-06-12 07:10:25,43.3603134155273,-8.84140872955322,"Unknown"
"7014852",371861,2025-06-12 07:15:24,43.360279083252,-8.84134197235107,"Unknown"
"7014852",371861,2025-06-12 07:20:25,43.360294342041,-8.84139633178711,"Unknown"
"7014852",371861,2025-06-12 07:25:45,43.3603324890137,-8.84140682220459,"Unknown"
"7014852",371861,2025-06-12 07:30:22,43.3601150512695,-8.84101676940918,"Unknown"
"7014852",371861,2025-06-12 07:35:16,43.3591651916504,-8.83995342254639,"Unknown"
"7014852",371861,2025-06-12 07:40:24,43.3603019714355,-8.84136295318604,"Unknown"
"7014852",371861,2025-06-12 07:45:35,43.3603248596191,-8.84140205383301,"Unknown"
"7014852",371861,2025-06-12 07:50:14,43.3603172302246,-8.84144115447998,"Unknown"
"7014852",371861,2025-06-12 07:55:14,43.3603134155273,-8.84142017364502,"Unknown"
"7014852",371861,2025-06-12 08:00:14,43.3602256774902,-8.84121131896973,"Unknown"
"7014852",371861,2025-06-12 08:05:16,43.3604545593262,-8.84140205383301,"Unknown"
"7014852",371861,2025-06-12 08:10:53,43.360294342041,-8.84145259857178,"Unknown"
"7014852",371861,2025-06-12 08:15:17,43.3602027893066,-8.84145641326904,"Unknown"
"7014852",371861,2025-06-12 08:20:20,43.3601989746094,-8.84142398834229,"Unknown"
"7014852",371861,2025-06-12 08:25:15,43.360237121582,-8.84156513214111,"Unknown"
"7014852",371861,2025-06-12 08:30:19,43.3602714538574,-8.84144592285156,"Unknown"
"7014852",371861,2025-06-12 08:35:16,43.3602180480957,-8.84128665924072,"Unknown"
"7014852",371861,2025-06-12 08:40:15,43.3602638244629,-8.84141159057617,"Unknown"
"7014852",371861,2025-06-12 08:45:44,43.360294342041,-8.84138488769531,"Unknown"
"7014852",371861,2025-06-12 08:50:14,43.360279083252,-8.84130859375,"Unknown"
"7014852",371861,2025-06-12 08:55:15,43.3602600097656,-8.84136772155762,"Unknown"
"7014852",371861,2025-06-12 09:00:15,43.3603630065918,-8.84146595001221,"Unknown"
"7014852",371861,2025-06-12 09:05:16,43.3674507141113,-8.8422679901123,"Unknown"
"7014852",371861,2025-06-12 09:10:14,43.3717727661133,-8.83268451690674,"Unknown"
"7014852",371861,2025-06-12 09:15:24,43.3602752685547,-8.84139347076416,"Unknown"
"7014852",371861,2025-06-12 09:20:15,43.3602867126465,-8.84142971038818,"Unknown"
"7014852",371861,2025-06-12 09:25:16,43.3603057861328,-8.84145259857178,"Unknown"
"7014852",371861,2025-06-12 09:30:27,43.3602752685547,-8.84142017364502,"Unknown"
"7014852",371861,2025-06-12 09:35:26,43.3603248596191,-8.84150695800781,"Unknown"
"7014852",371861,2025-06-12 09:40:26,43.3603439331055,-8.8414945602417,"Unknown"
"7014852",371861,2025-06-12 09:45:45,43.3603439331055,-8.84146595001221,"Unknown"
"7014852",371861,2025-06-12 09:50:22,43.3603668212891,-8.84135913848877,"Unknown"
"7014852",371861,2025-06-12 09:55:20,43.3603248596191,-8.84123802185059,"Unknown"
"7014852",371861,2025-06-12 10:00:19,43.3603706359863,-8.84151554107666,"Unknown"
"7014852",371861,2025-06-12 10:05:19,43.3603515625,-8.84142971038818,"Unknown"
"7014852",371861,2025-06-12 10:10:14,43.3604736328125,-8.84208106994629,"Unknown"
"7014852",371861,2025-06-12 10:15:18,43.3603401184082,-8.84156894683838,"Unknown"
"7014852",371861,2025-06-12 10:20:14,43.3603630065918,-8.84154605865479,"Unknown"
"7014852",371861,2025-06-12 10:25:22,43.3603630065918,-8.84150123596191,"Unknown"
"7014852",371861,2025-06-12 10:30:45,43.3604049682617,-8.8414421081543,"Unknown"
"7014852",371861,2025-06-12 10:35:17,43.3604927062988,-8.84127330780029,"Unknown"
"7014852",371861,2025-06-12 10:40:14,43.3604316711426,-8.84146308898926,"Unknown"
"7014852",371861,2025-06-12 10:45:25,43.3604621887207,-8.84136199951172,"Unknown"
"7014852",371861,2025-06-12 10:50:25,43.3602447509766,-8.84177780151367,"Unknown"
"7014852",371861,2025-06-12 10:55:22,43.3603668212891,-8.8415994644165,"Unknown"
"7014852",371861,2025-06-12 11:00:19,43.3603515625,-8.84174633026123,"Unknown"
"7014852",371861,2025-06-12 11:05:45,43.3603477478027,-8.8414134979248,"Unknown"
"7014852",371861,2025-06-12 11:10:24,43.3603897094727,-8.84134197235107,"Unknown"
"7014852",371861,2025-06-12 11:15:20,43.3604049682617,-8.84132385253906,"Unknown"
"7014852",371861,2025-06-12 11:20:15,43.3597526550293,-8.84264278411865,"Unknown"
"7014852",371861,2025-06-12 11:25:15,43.3605155944824,-8.84109687805176,"Unknown"
"7014852",371861,2025-06-12 11:30:24,43.360538482666,-8.8411922454834,"Unknown"
"7014852",371861,2025-06-12 11:35:32,43.360424041748,-8.84135055541992,"Unknown"
"7014852",371861,2025-06-12 11:40:14,43.3604393005371,-8.84139251708984,"Unknown"
"7014852",371861,2025-06-12 11:45:44,43.3603935241699,-8.84140586853027,"Unknown"
"7014852",371861,2025-06-12 11:50:18,43.3603820800781,-8.84142303466797,"Unknown"
"7014852",371861,2025-06-12 11:55:20,43.3603324890137,-8.84140491485596,"Unknown"
"7014852",371861,2025-06-12 12:00:16,43.360424041748,-8.8413553237915,"Unknown"
"7014852",371861,2025-06-12 12:05:15,43.3915939331055,-8.8505163192749,"Unknown"
"7014852",371861,2025-06-12 12:10:14,43.4272499084473,-8.86120414733887,"Unknown"
"7014852",371861,2025-06-12 12:15:19,43.4422607421875,-8.84564971923828,"Unknown"
"7014852",371861,2025-06-12 12:20:22,43.4429969787598,-8.83915328979492,"Unknown"
"7014852",371861,2025-06-12 12:25:16,43.4428062438965,-8.83383464813232,"Unknown"
"7014852",371861,2025-06-12 12:30:48,43.4288902282715,-8.83281898498535,"Unknown"
"7014852",371861,2025-06-12 12:35:15,43.4116821289062,-8.83498573303223,"Unknown"
"7014852",371861,2025-06-12 12:40:16,43.3918151855469,-8.83893775939941,"Unknown"
"7014852",371861,2025-06-12 12:45:18,43.3740730285645,-8.84040260314941,"Unknown"
"7014852",371861,2025-06-12 12:51:05,43.3603782653809,-8.84146785736084,"Unknown"
"7014852",371861,2025-06-12 12:55:16,43.3603820800781,-8.84156322479248,"Unknown"
"7014852",371861,2025-06-12 13:00:44,43.360408782959,-8.84141826629639,"Unknown"
"7014852",371861,2025-06-12 13:05:14,43.360424041748,-8.8413028717041,"Unknown"
"7014852",371861,2025-06-12 13:10:17,43.3605194091797,-8.84128475189209,"Unknown"
"7014852",371861,2025-06-12 13:15:24,43.3605651855469,-8.84132289886475,"Unknown"
"7014852",371861,2025-06-12 13:20:16,43.3604888916016,-8.84137535095215,"Unknown"
"7014852",371861,2025-06-12 13:25:14,43.3602867126465,-8.84138584136963,"Unknown"
"7014852",371861,2025-06-12 13:30:16,43.3603401184082,-8.84123516082764,"Unknown"
"7014852",371861,2025-06-12 13:35:19,43.3603630065918,-8.84127807617188,"Unknown"
"7014852",371861,2025-06-12 13:40:16,43.3603019714355,-8.84139823913574,"Unknown"
"7014852",371861,2025-06-12 13:45:44,43.3603706359863,-8.84140396118164,"Unknown"
"7014852",371861,2025-06-12 13:50:15,43.3602104187012,-8.84142971038818,"Unknown"
"7014852",371861,2025-06-12 13:55:23,43.3603515625,-8.84140014648438,"Unknown"
"7014852",371861,2025-06-12 14:00:15,43.3602104187012,-8.84142017364502,"Unknown"
"7014852",371861,2025-06-12 14:05:15,43.3602905273438,-8.84142303466797,"Unknown"
"7014852",371861,2025-06-12 14:10:15,43.3602409362793,-8.84148597717285,"Unknown"
"7014852",371861,2025-06-12 14:15:14,43.3602256774902,-8.84151458740234,"Unknown"
"7014852",371861,2025-06-12 14:20:15,43.3603324890137,-8.84142208099365,"Unknown"
"7014852",371861,2025-06-12 14:25:17,43.3602676391602,-8.84152126312256,"Unknown"
"7014852",371861,2025-06-12 14:30:15,43.3603096008301,-8.84140872955322,"Unknown"
"7014852",371861,2025-06-12 14:35:15,43.3602867126465,-8.84129428863525,"Unknown"
"7014852",371861,2025-06-12 14:40:25,43.3604011535645,-8.84156036376953,"Unknown"
"7014852",371861,2025-06-12 14:45:24,43.3602714538574,-8.84146404266357,"Unknown"
"7014852",371861,2025-06-12 14:50:15,43.3603096008301,-8.84132862091064,"Unknown"
"7014852",371861,2025-06-12 14:55:25,43.3603477478027,-8.84142971038818,"Unknown"
"7014852",371861,2025-06-12 15:00:25,43.3603248596191,-8.84144401550293,"Unknown"
"7014852",371861,2025-06-12 15:05:24,43.3603210449219,-8.84144687652588,"Unknown"
"7014852",371861,2025-06-12 15:10:24,43.3603210449219,-8.84143733978271,"Unknown"
"7014852",371861,2025-06-12 15:15:24,43.3603363037109,-8.84146404266357,"Unknown"
"7014852",371861,2025-06-12 15:20:27,43.3603248596191,-8.84144496917725,"Unknown"
"7014852",371861,2025-06-12 15:25:44,43.3603401184082,-8.84141731262207,"Unknown"
"7014852",371861,2025-06-12 15:30:17,43.3603134155273,-8.8414478302002,"Unknown"
"7014852",371861,2025-06-12 15:35:20,43.3603515625,-8.84149551391602,"Unknown"
"7014852",371861,2025-06-12 15:40:53,43.3603744506836,-8.84148693084717,"Unknown"
"7014852",371861,2025-06-12 15:45:15,43.3603363037109,-8.84147357940674,"Unknown"
"7014852",371861,2025-06-12 15:50:14,43.3603897094727,-8.84149742126465,"Unknown"
"7014852",371861,2025-06-12 15:55:15,43.3603477478027,-8.84143924713135,"Unknown"
"7014852",371861,2025-06-12 16:00:15,43.3603248596191,-8.8414192199707,"Unknown"
"7014852",371861,2025-06-12 16:05:14,43.3604049682617,-8.84151744842529,"Unknown"
"7014852",371861,2025-06-12 16:10:35,43.3603706359863,-8.84147834777832,"Unknown"
"7014852",371861,2025-06-12 16:15:14,43.3604125976562,-8.84149742126465,"Unknown"
"7014852",371861,2025-06-12 16:20:14,43.3558883666992,-8.83680152893066,"Unknown"
"7014852",371861,2025-06-12 16:25:14,43.355655670166,-8.83654022216797,"Unknown"
"7014852",371861,2025-06-12 16:30:25,43.3602828979492,-8.84128475189209,"Unknown"
"7014852",371861,2025-06-12 16:35:22,43.3603134155273,-8.84130764007568,"Unknown"
"7014852",371861,2025-06-12 16:40:21,43.3603019714355,-8.84127902984619,"Unknown"
"7014852",371861,2025-06-12 16:45:27,43.3604545593262,-8.84272289276123,"Unknown"
"7014852",371861,2025-06-12 16:50:31,43.3409042358398,-8.82093715667725,"Unknown"
"7014852",371861,2025-06-12 16:55:44,43.3592948913574,-8.8342456817627,"Unknown"
"7014852",371861,2025-06-12 17:00:23,43.3603172302246,-8.84212684631348,"Unknown"
"7014852",371861,2025-06-12 17:05:24,43.3603057861328,-8.84201526641846,"Unknown"
"7014852",371861,2025-06-12 17:10:23,43.3604011535645,-8.84058094024658,"Unknown"
"7014852",371861,2025-06-12 17:15:35,43.360279083252,-8.8413028717041,"Unknown"
"7014852",371861,2025-06-12 17:20:18,43.360237121582,-8.84127807617188,"Unknown"
"7014852",371861,2025-06-12 17:25:21,43.3602066040039,-8.8413028717041,"Unknown"
"7014852",371861,2025-06-12 17:30:43,43.3603210449219,-8.84135913848877,"Unknown"
"7014852",371861,2025-06-12 17:35:15,43.3603286743164,-8.84135246276855,"Unknown"
"7014852",371861,2025-06-12 17:40:13,43.3603897094727,-8.84134197235107,"Unknown"
"7014852",371861,2025-06-12 17:45:19,43.3600807189941,-8.84177684783936,"Unknown"
"7014852",371861,2025-06-12 17:50:22,43.3603591918945,-8.84140014648438,"Unknown"
"7014852",371861,2025-06-12 17:55:16,43.3603477478027,-8.84145832061768,"Unknown"
"7014852",371861,2025-06-12 18:00:18,43.3597412109375,-8.84169578552246,"Unknown"
"7014852",371861,2025-06-12 18:05:22,43.3602905273438,-8.84135150909424,"Unknown"
"7014852",371861,2025-06-12 18:10:14,43.360221862793,-8.84144687652588,"Unknown"
"7014852",371861,2025-06-12 18:15:19,43.3603515625,-8.84135055541992,"Unknown"
"7014852",371861,2025-06-12 18:20:15,43.3602333068848,-8.84150123596191,"Unknown"
"7014852",371861,2025-06-12 18:25:17,43.3605537414551,-8.84149169921875,"Unknown"
"7014852",371861,2025-06-12 18:30:19,43.3607444763184,-8.8427848815918,"Unknown"
"7014852",371861,2025-06-12 18:35:21,43.3603134155273,-8.84144687652588,"Unknown"
"7014852",371861,2025-06-12 18:40:27,43.3603782653809,-8.84151268005371,"Unknown"
"7014852",371861,2025-06-12 18:45:23,43.3603897094727,-8.84164237976074,"Unknown"
"7014852",371861,2025-06-12 18:55:14,43.3604583740234,-8.84146976470947,"Unknown"
"7014852",371861,2025-06-12 19:00:16,43.3603858947754,-8.84130382537842,"Unknown"
"7014852",371861,2025-06-12 19:05:17,43.3604011535645,-8.84144878387451,"Unknown"
"7014852",371861,2025-06-12 19:10:23,43.3605003356934,-8.84151363372803,"Unknown"
"7014852",371861,2025-06-12 19:15:14,43.3604545593262,-8.84149074554443,"Unknown"
"7014852",371861,2025-06-12 19:20:19,43.3604354858398,-8.84174060821533,"Unknown"
"7014852",371861,2025-06-12 19:25:14,43.3604583740234,-8.84153366088867,"Unknown"
"7014852",371861,2025-06-12 19:30:14,43.360424041748,-8.84146499633789,"Unknown"
"7014852",371861,2025-06-12 19:35:14,43.3603782653809,-8.84143924713135,"Unknown"
"7014852",371861,2025-06-12 19:40:14,43.3603935241699,-8.84141826629639,"Unknown"
"7014852",371861,2025-06-12 19:45:15,43.3603668212891,-8.8413782119751,"Unknown"
"7014852",371861,2025-06-12 19:50:19,43.3603858947754,-8.84139633178711,"Unknown"
"7014852",371861,2025-06-12 19:55:17,43.3604888916016,-8.84150791168213,"Unknown"
"7014852",371861,2025-06-12 20:00:15,43.3602333068848,-8.84150791168213,"Unknown"
"7014852",371861,2025-06-12 20:05:15,43.3604469299316,-8.84128093719482,"Unknown"
"7014852",371861,2025-06-12 20:10:17,43.3604011535645,-8.84148788452148,"Unknown"
"7014852",371861,2025-06-12 20:15:15,43.3603706359863,-8.8413610458374,"Unknown"
"7014852",371861,2025-06-12 20:20:14,43.3603210449219,-8.84138202667236,"Unknown"
"7014852",371861,2025-06-12 20:25:14,43.3603706359863,-8.84136581420898,"Unknown"
"7014852",371861,2025-06-12 20:30:14,43.3603439331055,-8.84136581420898,"Unknown"
"7014852",371861,2025-06-12 20:35:14,43.3604125976562,-8.84125232696533,"Unknown"
"7014852",371861,2025-06-12 20:40:14,43.3603858947754,-8.84130573272705,"Unknown"
"7014852",371861,2025-06-12 20:45:16,43.3605041503906,-8.8412446975708,"Unknown"
"7014852",371861,2025-06-12 20:50:16,43.3604965209961,-8.84128570556641,"Unknown"
"7014852",371861,2025-06-12 20:55:17,43.3605117797852,-8.84122848510742,"Unknown"
"7014852",371861,2025-06-12 21:00:14,43.3602142333984,-8.8414192199707,"Unknown"
"7014852",371861,2025-06-12 21:02:56,43.3603096008301,-8.84129238128662,"Unknown"
"7014852",371861,2025-06-13 02:03:34,43.3603935241699,-8.84138202667236,"Unknown"
"7014852",371861,2025-06-13 05:00:18,43.3603744506836,-8.84161758422852,"Unknown"
"7014852",371861,2025-06-13 05:05:11,43.3602447509766,-8.84128475189209,"Unknown"
"7014852",371861,2025-06-13 05:10:18,43.3603477478027,-8.84150409698486,"Unknown"
"7014852",371861,2025-06-13 05:15:19,43.3603820800781,-8.84153461456299,"Unknown"
"7014852",371861,2025-06-13 05:20:20,43.3603935241699,-8.84141635894775,"Unknown"
"7014852",371861,2025-06-13 05:25:18,43.3603820800781,-8.84152221679688,"Unknown"
"7014852",371861,2025-06-13 05:30:18,43.3603782653809,-8.84148120880127,"Unknown"
"7014852",371861,2025-06-13 05:35:18,43.3603744506836,-8.84149360656738,"Unknown"
"7014852",371861,2025-06-13 05:40:33,43.3603668212891,-8.841477394104,"Unknown"
"7014852",371861,2025-06-13 05:45:10,43.3603439331055,-8.84148216247559,"Unknown"
"7014852",371861,2025-06-13 05:50:10,43.3603706359863,-8.84147644042969,"Unknown"
"7014852",371861,2025-06-13 05:55:09,43.3603439331055,-8.84151744842529,"Unknown"
"7014852",371861,2025-06-13 06:00:09,43.3603668212891,-8.84150314331055,"Unknown"
"7014852",371861,2025-06-13 06:05:09,43.3603630065918,-8.84152507781982,"Unknown"
"7014852",371861,2025-06-13 06:10:09,43.3603706359863,-8.84149646759033,"Unknown"
"7014852",371861,2025-06-13 06:15:10,43.3603515625,-8.84140396118164,"Unknown"
"7014852",371861,2025-06-13 06:20:11,43.3604469299316,-8.84152126312256,"Unknown"
"7014852",371861,2025-06-13 06:25:11,43.3604774475098,-8.84153175354004,"Unknown"
"7014852",371861,2025-06-13 06:30:09,43.3604888916016,-8.84157180786133,"Unknown"
"7014852",371861,2025-06-13 06:35:10,43.3603401184082,-8.84144687652588,"Unknown"
"7014852",371861,2025-06-13 06:40:09,43.3604927062988,-8.84158134460449,"Unknown"
"7014852",371861,2025-06-13 06:45:09,43.3605079650879,-8.84156131744385,"Unknown"
"7014852",371861,2025-06-13 06:50:09,43.360466003418,-8.84153270721436,"Unknown"
"7014852",371861,2025-06-13 06:55:09,43.3604698181152,-8.84148788452148,"Unknown"
"7014852",371861,2025-06-13 07:00:09,43.360408782959,-8.841552734375,"Unknown"
"7014852",371861,2025-06-13 07:05:09,43.3605041503906,-8.84163188934326,"Unknown"
"7014852",371861,2025-06-13 07:10:12,43.3604888916016,-8.84160041809082,"Unknown"
"7014852",371861,2025-06-13 07:15:15,43.3604583740234,-8.8414888381958,"Unknown"
"7014852",371861,2025-06-13 07:20:09,43.3604736328125,-8.84156513214111,"Unknown"
"7014852",371861,2025-06-13 07:25:11,43.3602104187012,-8.84134006500244,"Unknown"
"7014852",371861,2025-06-13 07:30:09,43.360179901123,-8.84133625030518,"Unknown"
"7014852",371861,2025-06-13 07:35:09,43.3602066040039,-8.84127521514893,"Unknown"
"7014852",371861,2025-06-13 07:40:09,43.3602066040039,-8.84125709533691,"Unknown"
"7014852",371861,2025-06-13 07:45:22,43.3602447509766,-8.84123992919922,"Unknown"
"7014852",371861,2025-06-13 07:50:10,43.3602104187012,-8.84125900268555,"Unknown"
"7014852",371861,2025-06-13 07:55:10,43.3602027893066,-8.84116172790527,"Unknown"
"7014852",371861,2025-06-13 08:00:09,43.3602714538574,-8.84117984771729,"Unknown"
"7014852",371861,2025-06-13 08:05:13,43.3601417541504,-8.84140682220459,"Unknown"
"7014852",371861,2025-06-13 08:10:09,43.3600463867188,-8.84129524230957,"Unknown"
"7014852",371861,2025-06-13 08:15:09,43.3600807189941,-8.84119129180908,"Unknown"
"7014852",371861,2025-06-13 08:20:12,43.3599586486816,-8.84113597869873,"Unknown"
"7014852",371861,2025-06-13 08:25:12,43.3599128723145,-8.84105777740479,"Unknown"
"7014852",371861,2025-06-13 08:30:10,43.3579368591309,-8.8263988494873,"Unknown"
"7014852",371861,2025-06-13 08:35:10,43.3497695922852,-8.79208850860596,"Unknown"
"7014852",371861,2025-06-13 08:40:10,43.3388900756836,-8.76012229919434,"Unknown"
"7014852",371861,2025-06-13 08:45:10,43.3319244384766,-8.72437572479248,"Unknown"
"7014852",371861,2025-06-13 08:50:10,43.3306312561035,-8.68908309936523,"Unknown"
"7014852",371861,2025-06-13 08:55:10,43.3267669677734,-8.65270805358887,"Unknown"
"7014852",371861,2025-06-13 09:00:11,43.3335914611816,-8.61747264862061,"Unknown"
"7014852",371861,2025-06-13 09:05:09,43.3409042358398,-8.58193969726562,"Unknown"
"7014852",371861,2025-06-13 09:10:10,43.3451919555664,-8.54614162445068,"Unknown"
"7014852",371861,2025-06-13 09:15:09,43.3444747924805,-8.5275707244873,"Unknown"
"7014852",371861,2025-06-13 09:20:10,43.3444404602051,-8.52777862548828,"Unknown"
"7014852",371861,2025-06-13 09:25:10,43.3557319641113,-8.51252937316895,"Unknown"
"7014852",371861,2025-06-13 09:30:10,43.3596992492676,-8.48056507110596,"Unknown"
"7014852",371861,2025-06-13 09:35:11,43.3550453186035,-8.45712184906006,"Unknown"
"7014852",371861,2025-06-13 09:40:15,43.3552589416504,-8.45803451538086,"Unknown"
"7014852",371861,2025-06-13 09:45:34,43.3535804748535,-8.45899963378906,"Unknown"
"7014852",371861,2025-06-13 09:50:18,43.3535690307617,-8.45853137969971,"Unknown"
"7014852",371861,2025-06-13 09:55:10,43.3546142578125,-8.45848083496094,"Unknown"
"7014852",371861,2025-06-13 10:00:18,43.3545799255371,-8.45861721038818,"Unknown"
"7014852",371861,2025-06-13 10:05:23,43.3537139892578,-8.45855712890625,"Unknown"
"7014852",371861,2025-06-13 10:11:03,43.3540802001953,-8.45883655548096,"Unknown"
"7014852",371861,2025-06-13 10:15:22,43.3537063598633,-8.45864868164062,"Unknown"
"7014852",371861,2025-06-13 10:20:09,43.354736328125,-8.45829010009766,"Unknown"
"7014852",371861,2025-06-13 10:25:09,43.3550338745117,-8.45845699310303,"Unknown"
"7014852",371861,2025-06-13 10:30:18,43.3554801940918,-8.45792961120605,"Unknown"
"7014852",371861,2025-06-13 10:35:18,43.354907989502,-8.45827293395996,"Unknown"
"7014852",371861,2025-06-13 10:40:23,43.3553886413574,-8.45803070068359,"Unknown"
"7014852",371861,2025-06-13 10:45:44,43.3549346923828,-8.45817756652832,"Unknown"
"7014852",371861,2025-06-13 10:50:10,43.3548316955566,-8.45789337158203,"Unknown"
"7014852",371861,2025-06-13 10:55:44,43.3543853759766,-8.45838737487793,"Unknown"
"7014852",371861,2025-06-13 11:00:16,43.3543472290039,-8.45861053466797,"Unknown"
"7014852",371861,2025-06-13 11:05:18,43.3543434143066,-8.45838642120361,"Unknown"
"7014852",371861,2025-06-13 11:10:16,43.3540229797363,-8.45875549316406,"Unknown"
"7014852",371861,2025-06-13 11:15:13,43.3544998168945,-8.45868968963623,"Unknown"
"7014852",371861,2025-06-13 11:20:56,43.3544082641602,-8.45838737487793,"Unknown"
"7014852",371861,2025-06-13 11:26:19,43.3542518615723,-8.45862674713135,"Unknown"
"7014852",371861,2025-06-13 11:30:17,43.3539390563965,-8.45859241485596,"Unknown"
"7014852",371861,2025-06-13 11:35:35,43.3539352416992,-8.45841217041016,"Unknown"
"7014852",371861,2025-06-13 11:40:24,43.3538093566895,-8.45846366882324,"Unknown"
"7014852",371861,2025-06-13 11:46:05,43.3551940917969,-8.45692825317383,"Unknown"
"7014852",371861,2025-06-13 11:50:11,43.3534851074219,-8.45860004425049,"Unknown"
"7014852",371861,2025-06-13 11:55:23,43.3539733886719,-8.45861148834229,"Unknown"
"7014852",371861,2025-06-13 12:00:08,43.3544616699219,-8.45857715606689,"Unknown"
"7014852",371861,2025-06-13 12:05:12,43.354190826416,-8.45879745483398,"Unknown"
"7014852",371861,2025-06-13 12:10:08,43.3496932983398,-8.45213603973389,"Unknown"
"7014852",371861,2025-06-13 12:15:09,43.3391647338867,-8.45541286468506,"Unknown"
"7014852",371861,2025-06-13 12:20:08,43.3444061279297,-8.4459342956543,"Unknown"
"7014852",371861,2025-06-13 12:25:08,43.3471374511719,-8.43963241577148,"Unknown"
"7014852",371861,2025-06-13 12:30:08,43.3507080078125,-8.43146896362305,"Unknown"
"7014852",371861,2025-06-13 12:35:09,43.3506240844727,-8.43153285980225,"Unknown"
"7014852",371861,2025-06-13 12:40:11,43.3506851196289,-8.43142986297607,"Unknown"
"7014852",371861,2025-06-13 12:45:10,43.3507080078125,-8.43155479431152,"Unknown"
"7014852",371861,2025-06-13 12:50:08,43.3506813049316,-8.4314661026001,"Unknown"
"7014852",371861,2025-06-13 12:55:08,43.3507118225098,-8.43152904510498,"Unknown"
"7014852",371861,2025-06-13 13:00:09,43.3533477783203,-8.42531108856201,"Unknown"
"7014852",371861,2025-06-13 13:05:09,43.3537368774414,-8.42548847198486,"Unknown"
"7014852",371861,2025-06-13 13:10:12,43.3533782958984,-8.42562103271484,"Unknown"
"7014852",371861,2025-06-13 13:15:09,43.3539543151855,-8.42539024353027,"Unknown"
"7014852",371861,2025-06-13 13:20:10,43.3554611206055,-8.44256019592285,"Unknown"
"7014852",371861,2025-06-13 13:25:09,43.3600273132324,-8.44969463348389,"Unknown"
"7014852",371861,2025-06-13 13:30:17,43.3550834655762,-8.45844459533691,"Unknown"
"7014852",371861,2025-06-13 13:35:44,43.3550224304199,-8.45846652984619,"Unknown"
"7014852",371861,2025-06-13 13:40:10,43.3550758361816,-8.45835971832275,"Unknown"
"7014852",371861,2025-06-13 13:45:09,43.3550605773926,-8.45839786529541,"Unknown"
"7014852",371861,2025-06-13 13:50:09,43.3534240722656,-8.47431564331055,"Unknown"
"7014852",371861,2025-06-13 13:55:13,43.3527412414551,-8.50098037719727,"Unknown"
"7014852",371861,2025-06-13 14:00:15,43.3490028381348,-8.53607368469238,"Unknown"
"7014852",371861,2025-06-13 14:05:12,43.351375579834,-8.57351303100586,"Unknown"
"7014852",371861,2025-06-13 14:10:09,43.3476867675781,-8.60884284973145,"Unknown"
"7014852",371861,2025-06-13 14:15:12,43.3401489257812,-8.6364221572876,"Unknown"
"7014852",371861,2025-06-13 14:20:10,43.3388061523438,-8.66596698760986,"Unknown"
"7014852",371861,2025-06-13 14:25:08,43.3420562744141,-8.69852256774902,"Unknown"
"7014852",371861,2025-06-13 14:31:29,43.3402671813965,-8.73259735107422,"Unknown"
"7014852",371861,2025-06-13 14:35:10,43.3356285095215,-8.75298023223877,"Unknown"
"7014852",371861,2025-06-13 14:41:32,43.3374404907227,-8.78994083404541,"Unknown"
"7014852",371861,2025-06-13 14:45:52,43.335750579834,-8.80364418029785,"Unknown"
"7014852",371861,2025-06-13 14:50:08,43.3394470214844,-8.81811809539795,"Unknown"
"7014852",371861,2025-06-13 14:55:08,43.356315612793,-8.8359317779541,"Unknown"
"7014852",371861,2025-06-13 15:00:08,43.3604431152344,-8.8414888381958,"Unknown"
"7014852",371861,2025-06-13 15:05:08,43.3603477478027,-8.84144020080566,"Unknown"
"7014852",371861,2025-06-13 15:10:08,43.3603515625,-8.84142208099365,"Unknown"
"7014852",371861,2025-06-13 15:15:09,43.3602867126465,-8.8413724899292,"Unknown"
"7014852",371861,2025-06-13 15:20:08,43.3603820800781,-8.84147644042969,"Unknown"
"7014852",371861,2025-06-13 15:25:08,43.3603134155273,-8.84137344360352,"Unknown"
"7014852",371861,2025-06-13 15:30:08,43.3602638244629,-8.84137630462646,"Unknown"
"7014852",371861,2025-06-13 15:35:09,43.360408782959,-8.84154510498047,"Unknown"
"7014852",371861,2025-06-13 15:40:09,43.3603630065918,-8.84157943725586,"Unknown"
"7014852",371861,2025-06-13 15:45:12,43.3603439331055,-8.84146118164062,"Unknown"
"7014852",371861,2025-06-13 15:50:12,43.3605651855469,-8.84159374237061,"Unknown"
"7014852",371861,2025-06-13 15:55:10,43.3604927062988,-8.84156131744385,"Unknown"
"7014852",371861,2025-06-13 16:00:24,43.3604965209961,-8.84166812896729,"Unknown"
"7014852",371861,2025-06-13 16:05:11,43.3604125976562,-8.84152126312256,"Unknown"
"7014852",371861,2025-06-13 16:10:34,43.3604965209961,-8.84163475036621,"Unknown"
"7014852",371861,2025-06-13 16:15:10,43.3602828979492,-8.84134578704834,"Unknown"
"7014852",371861,2025-06-13 16:20:10,43.3603553771973,-8.8415470123291,"Unknown"
"7014852",371861,2025-06-13 16:25:11,43.3604202270508,-8.84149551391602,"Unknown"
"7014852",371861,2025-06-13 16:30:09,43.3604850769043,-8.84160709381104,"Unknown"
"7014852",371861,2025-06-13 16:35:10,43.3603897094727,-8.84143733978271,"Unknown"
"7014852",371861,2025-06-13 16:40:11,43.3602676391602,-8.84129428863525,"Unknown"
"7014852",371861,2025-06-13 16:45:09,43.3605194091797,-8.84152317047119,"Unknown"
"7014852",371861,2025-06-13 16:50:43,43.3603630065918,-8.84136867523193,"Unknown"
"7014852",371861,2025-06-13 16:55:35,43.3603744506836,-8.84145736694336,"Unknown"
"7014852",371861,2025-06-13 17:00:31,43.3603782653809,-8.84139537811279,"Unknown"
"7014852",371861,2025-06-13 17:05:10,43.3603553771973,-8.84146213531494,"Unknown"
"7014852",371861,2025-06-13 17:10:10,43.3599472045898,-8.84068202972412,"Unknown"
"7014852",371861,2025-06-13 17:15:10,43.3604125976562,-8.84135723114014,"Unknown"
"7014852",371861,2025-06-13 17:20:09,43.360538482666,-8.84182548522949,"Unknown"
"7014852",371861,2025-06-13 17:25:13,43.3603363037109,-8.84139347076416,"Unknown"
"7014852",371861,2025-06-13 17:30:09,43.3603668212891,-8.84132957458496,"Unknown"
"7014852",371861,2025-06-13 17:35:12,43.3605651855469,-8.84182834625244,"Unknown"
"7014852",371861,2025-06-13 17:40:13,43.3603630065918,-8.84140300750732,"Unknown"
"7014852",371861,2025-06-13 17:45:13,43.3603668212891,-8.84144020080566,"Unknown"
"7014852",371861,2025-06-13 17:50:12,43.3605499267578,-8.84179973602295,"Unknown"
"7014852",371861,2025-06-13 17:55:18,43.3603935241699,-8.84146499633789,"Unknown"
"7014852",371861,2025-06-13 18:00:13,43.3603591918945,-8.84142875671387,"Unknown"
"7014852",371861,2025-06-13 18:05:11,43.3605308532715,-8.84167194366455,"Unknown"
"7014852",371861,2025-06-13 18:10:18,43.3603248596191,-8.84130954742432,"Unknown"
"7014852",371861,2025-06-13 18:15:18,43.3603782653809,-8.84149360656738,"Unknown"
"7014852",371861,2025-06-13 18:20:35,43.3603820800781,-8.84142684936523,"Unknown"
"7014852",371861,2025-06-13 18:25:19,43.3604011535645,-8.84147930145264,"Unknown"
"7014852",371861,2025-06-13 18:30:19,43.3603591918945,-8.84141159057617,"Unknown"
"7014852",371861,2025-06-13 18:35:10,43.3603248596191,-8.84144306182861,"Unknown"
"7014852",371861,2025-06-13 18:40:10,43.3605117797852,-8.84153079986572,"Unknown"
"7014852",371861,2025-06-13 18:45:11,43.3602409362793,-8.84121417999268,"Unknown"
"7014852",371861,2025-06-13 18:50:09,43.3604125976562,-8.84147357940674,"Unknown"
"7014852",371861,2025-06-13 18:55:10,43.3603935241699,-8.84145641326904,"Unknown"
"7014852",371861,2025-06-13 19:00:11,43.3603782653809,-8.84148693084717,"Unknown"
"7014852",371861,2025-06-13 19:05:09,43.3604278564453,-8.84147167205811,"Unknown"
"7014852",371861,2025-06-13 19:10:15,43.3603477478027,-8.84158611297607,"Unknown"
"7014852",371861,2025-06-13 19:15:11,43.3604354858398,-8.84164714813232,"Unknown"
"7014852",371861,2025-06-13 19:20:11,43.3603668212891,-8.84152507781982,"Unknown"
"7014852",371861,2025-06-13 19:25:11,43.3603401184082,-8.84148120880127,"Unknown"
"7014852",371861,2025-06-13 19:30:10,43.3603591918945,-8.84144496917725,"Unknown"
"7014852",371861,2025-06-13 19:35:11,43.3603439331055,-8.84151554107666,"Unknown"
"7014852",371861,2025-06-13 19:40:11,43.3603019714355,-8.84162712097168,"Unknown"
"7014852",371861,2025-06-13 19:45:35,43.3604049682617,-8.84138774871826,"Unknown"
"7014852",371861,2025-06-13 19:50:08,43.3604049682617,-8.84135627746582,"Unknown"
"7014852",371861,2025-06-13 19:55:09,43.3603515625,-8.84138774871826,"Unknown"
"7014852",371861,2025-06-13 20:00:08,43.3603019714355,-8.84139442443848,"Unknown"
"7014852",371861,2025-06-13 20:05:12,43.3602905273438,-8.84125423431396,"Unknown"
"7014852",371861,2025-06-13 20:10:08,43.3602142333984,-8.84109783172607,"Unknown"
"7014852",371861,2025-06-13 20:15:09,43.3603668212891,-8.84140300750732,"Unknown"
"7014852",371861,2025-06-13 20:20:08,43.3603668212891,-8.84140777587891,"Unknown"
"7014852",371861,2025-06-13 20:25:08,43.3603668212891,-8.84140872955322,"Unknown"
"7014852",371861,2025-06-13 20:30:08,43.3603515625,-8.84141540527344,"Unknown"
"7014852",371861,2025-06-13 20:35:08,43.3603515625,-8.84139060974121,"Unknown"
"7014852",371861,2025-06-13 20:40:09,43.3603248596191,-8.84147167205811,"Unknown"
"7014852",371861,2025-06-13 20:45:11,43.360294342041,-8.84136867523193,"Unknown"
"7014852",371861,2025-06-13 20:50:08,43.3603134155273,-8.84142589569092,"Unknown"
"7014852",371861,2025-06-13 20:55:08,43.3604354858398,-8.84133052825928,"Unknown"
"7014852",371861,2025-06-13 21:00:10,43.3603172302246,-8.84144592285156,"Unknown"
"7014852",371861,2025-06-13 21:03:27,43.3602714538574,-8.8414192199707,"Unknown"
"7014852",371861,2025-06-14 02:03:45,43.3601760864258,-8.84125328063965,"Unknown"
"7014852",371861,2025-06-14 05:00:36,43.3603019714355,-8.84138202667236,"Unknown"
"7014852",371861,2025-06-14 05:05:04,43.3602905273438,-8.84134483337402,"Unknown"
"7014852",371861,2025-06-14 05:10:04,43.3602676391602,-8.84133052825928,"Unknown"
"7014852",371861,2025-06-14 05:15:06,43.3603477478027,-8.84132289886475,"Unknown"
"7014852",371861,2025-06-14 05:20:06,43.3603401184082,-8.84130954742432,"Unknown"
"7014852",371861,2025-06-14 05:25:08,43.360279083252,-8.84127235412598,"Unknown"
"7014852",371861,2025-06-14 05:30:06,43.3602714538574,-8.8412971496582,"Unknown"
"7014852",371861,2025-06-14 05:35:09,43.360221862793,-8.84127998352051,"Unknown"
"7014852",371861,2025-06-14 05:40:08,43.3602828979492,-8.8412971496582,"Unknown"
"7014852",371861,2025-06-14 05:45:08,43.3659133911133,-8.835036277771,"Unknown"
"7014852",371861,2025-06-14 05:50:06,43.3755493164062,-8.83169937133789,"Unknown"
"7014852",371861,2025-06-14 05:55:08,43.3747711181641,-8.82997417449951,"Unknown"
"7014852",371861,2025-06-14 06:00:07,43.3626747131348,-8.84124183654785,"Unknown"
"7014852",371861,2025-06-14 06:05:06,43.3603553771973,-8.84146499633789,"Unknown"
"7014852",371861,2025-06-14 06:10:15,43.3601684570312,-8.84120845794678,"Unknown"
"7014852",371861,2025-06-14 06:15:07,43.3603172302246,-8.84132194519043,"Unknown"
"7014852",371861,2025-06-14 06:20:07,43.3602104187012,-8.84121608734131,"Unknown"
"7014852",371861,2025-06-14 06:25:09,43.3603935241699,-8.84146881103516,"Unknown"
"7014852",371861,2025-06-14 06:30:09,43.3603401184082,-8.84140872955322,"Unknown"
"7014852",371861,2025-06-14 06:35:35,43.3603401184082,-8.84138011932373,"Unknown"
"7014852",371861,2025-06-14 06:40:04,43.3603401184082,-8.84140205383301,"Unknown"
"7014852",371861,2025-06-14 06:45:04,43.3603096008301,-8.84134197235107,"Unknown"
"7014852",371861,2025-06-14 06:50:06,43.360279083252,-8.84132385253906,"Unknown"
"7014852",371861,2025-06-14 06:55:08,43.3603591918945,-8.84133815765381,"Unknown"
"7014852",371861,2025-06-14 07:00:09,43.3603096008301,-8.84136581420898,"Unknown"
"7014852",371861,2025-06-14 07:05:09,43.3603134155273,-8.84136962890625,"Unknown"
"7014852",371861,2025-06-14 07:10:06,43.3691864013672,-8.83520889282227,"Unknown"
"7014852",371861,2025-06-14 07:15:09,43.3759002685547,-8.83480167388916,"Unknown"
"7014852",371861,2025-06-14 07:20:09,43.3629455566406,-8.83899974822998,"Unknown"
"7014852",371861,2025-06-14 07:25:44,43.3606147766113,-8.84387588500977,"Unknown"
"7014852",371861,2025-06-14 07:30:09,43.3603782653809,-8.84133911132812,"Unknown"
"7014852",371861,2025-06-14 07:35:09,43.3603477478027,-8.84138870239258,"Unknown"
"7014852",371861,2025-06-14 07:40:08,43.3603248596191,-8.8412561416626,"Unknown"
"7014852",371861,2025-06-14 07:45:35,43.3602867126465,-8.84133338928223,"Unknown"
"7014852",371861,2025-06-14 07:50:04,43.3602828979492,-8.84130764007568,"Unknown"
"7014852",371861,2025-06-14 07:55:04,43.3603858947754,-8.84128093719482,"Unknown"
"7014852",371861,2025-06-14 08:00:04,43.3602828979492,-8.84128761291504,"Unknown"
"7014852",371861,2025-06-14 08:05:04,43.3602981567383,-8.84128856658936,"Unknown"
"7014852",371861,2025-06-14 08:10:14,43.3603668212891,-8.84132766723633,"Unknown"
"7014852",371861,2025-06-14 08:15:14,43.3603210449219,-8.84147548675537,"Unknown"
"7014852",371861,2025-06-14 08:20:14,43.3603439331055,-8.84141159057617,"Unknown"
"7014852",371861,2025-06-14 08:25:16,43.3604507446289,-8.84141159057617,"Unknown"
"7014852",371861,2025-06-14 08:30:14,43.3603019714355,-8.84136962890625,"Unknown"
"7014852",371861,2025-06-14 08:35:21,43.3602523803711,-8.84140872955322,"Unknown"
"7014852",371861,2025-06-14 08:40:15,43.360294342041,-8.84142303466797,"Unknown"
"7014852",371861,2025-06-14 08:45:14,43.3602294921875,-8.84141063690186,"Unknown"
"7014852",371861,2025-06-14 08:50:16,43.3602256774902,-8.84128952026367,"Unknown"
"7014852",371861,2025-06-14 08:55:15,43.3603706359863,-8.84147262573242,"Unknown"
"7014852",371861,2025-06-14 09:00:15,43.3599510192871,-8.84622478485107,"Unknown"
"7014852",371861,2025-06-14 09:05:15,43.3856582641602,-8.84961795806885,"Unknown"
"7014852",371861,2025-06-14 09:10:15,43.4152793884277,-8.85788249969482,"Unknown"
"7014852",371861,2025-06-14 09:15:15,43.4202194213867,-8.87326431274414,"Unknown"
"7014852",371861,2025-06-14 09:20:15,43.4020004272461,-8.84255313873291,"Unknown"
"7014852",371861,2025-06-14 09:25:16,43.3813629150391,-8.83386898040771,"Unknown"
"7014852",371861,2025-06-14 09:30:17,43.3790435791016,-8.83994197845459,"Unknown"
"7014852",371861,2025-06-14 09:35:15,43.3622856140137,-8.83512020111084,"Unknown"
"7014852",371861,2025-06-14 09:40:24,43.3603134155273,-8.8412504196167,"Unknown"
"7014852",371861,2025-06-14 09:45:18,43.3603096008301,-8.84139251708984,"Unknown"
"7014852",371861,2025-06-14 09:50:17,43.3605003356934,-8.84180641174316,"Unknown"
"7014852",371861,2025-06-14 09:55:17,43.3603935241699,-8.84168529510498,"Unknown"
"7014852",371861,2025-06-14 10:00:15,43.3605194091797,-8.84185123443604,"Unknown"
"7014852",371861,2025-06-14 10:05:15,43.3608741760254,-8.84244251251221,"Unknown"
"7014852",371861,2025-06-14 10:10:19,43.3601837158203,-8.84125423431396,"Unknown"
"7014852",371861,2025-06-14 10:15:16,43.3601989746094,-8.84130096435547,"Unknown"
"7014852",371861,2025-06-14 10:20:16,43.3604278564453,-8.84127426147461,"Unknown"
"7014852",371861,2025-06-14 10:25:15,43.360294342041,-8.84128570556641,"Unknown"
"7014852",371861,2025-06-14 10:30:16,43.3603248596191,-8.84122657775879,"Unknown"
"7014852",371861,2025-06-14 10:35:16,43.3601837158203,-8.84136009216309,"Unknown"
"7014852",371861,2025-06-14 10:40:19,43.3603820800781,-8.84078216552734,"Unknown"
"7014852",371861,2025-06-14 10:45:19,43.3603019714355,-8.84079360961914,"Unknown"
"7014852",371861,2025-06-14 10:50:18,43.3606147766113,-8.83937740325928,"Unknown"
"7014852",371861,2025-06-14 10:55:17,43.3606376647949,-8.83951187133789,"Unknown"
"7014852",371861,2025-06-14 11:00:19,43.3604316711426,-8.84011745452881,"Unknown"
"7014852",371861,2025-06-14 11:05:27,43.3604927062988,-8.83910274505615,"Unknown"
"7014852",371861,2025-06-14 11:10:18,43.3610916137695,-8.83859062194824,"Unknown"
"7014852",371861,2025-06-14 11:15:16,43.3606300354004,-8.83958721160889,"Unknown"
"7014852",371861,2025-06-14 11:20:23,43.3602066040039,-8.84052658081055,"Unknown"
"7014852",371861,2025-06-14 11:25:19,43.360179901123,-8.84074687957764,"Unknown"
"7014852",371861,2025-06-14 11:30:18,43.3609848022461,-8.83923625946045,"Unknown"
"7014852",371861,2025-06-14 11:35:21,43.359977722168,-8.84085178375244,"Unknown"
"7014852",371861,2025-06-14 11:40:19,43.3596649169922,-8.84115886688232,"Unknown"
"7014852",371861,2025-06-14 11:45:17,43.3610610961914,-8.8394889831543,"Unknown"
"7014852",371861,2025-06-14 11:50:25,43.3602066040039,-8.84160423278809,"Unknown"
"7014852",371861,2025-06-14 11:55:41,43.3606796264648,-8.84016895294189,"Unknown"
"7014852",371861,2025-06-14 12:00:17,43.3604354858398,-8.84125328063965,"Unknown"
"7014852",371861,2025-06-14 12:05:15,43.360424041748,-8.8408203125,"Unknown"
"7014852",371861,2025-06-14 12:10:16,43.3602867126465,-8.84098625183105,"Unknown"
"7014852",371861,2025-06-14 12:15:15,43.3605270385742,-8.84100151062012,"Unknown"
"7014852",371861,2025-06-14 12:20:15,43.3605270385742,-8.84106063842773,"Unknown"
"7014852",371861,2025-06-14 12:25:16,43.3604469299316,-8.84113693237305,"Unknown"
"7014852",371861,2025-06-14 12:30:15,43.3603782653809,-8.84120559692383,"Unknown"
"7014852",371861,2025-06-14 12:35:17,43.3604545593262,-8.84154415130615,"Unknown"
"7014852",371861,2025-06-14 12:40:15,43.3604545593262,-8.84130954742432,"Unknown"
"7014852",371861,2025-06-14 12:45:15,43.3683166503906,-8.85379314422607,"Unknown"
"7014852",371861,2025-06-14 12:50:15,43.3802108764648,-8.86083602905273,"Unknown"
"7014852",371861,2025-06-14 12:55:15,43.3603706359863,-8.84127616882324,"Unknown"
"7014852",371861,2025-06-14 13:00:16,43.3605079650879,-8.84136867523193,"Unknown"
"7014852",371861,2025-06-14 13:05:16,43.3605117797852,-8.84136962890625,"Unknown"
"7014852",371861,2025-06-14 13:10:15,43.3604469299316,-8.8413257598877,"Unknown"
"7014852",371861,2025-06-14 13:15:15,43.360481262207,-8.8414421081543,"Unknown"
"7014852",371861,2025-06-14 13:20:15,43.3605575561523,-8.84129810333252,"Unknown"
"7014852",371861,2025-06-14 13:25:15,43.3605194091797,-8.84129524230957,"Unknown"
"7014852",371861,2025-06-14 13:30:15,43.3605880737305,-8.84125995635986,"Unknown"
"7014852",371861,2025-06-14 13:35:15,43.3603210449219,-8.84124565124512,"Unknown"
"7014852",371861,2025-06-14 13:40:15,43.3609771728516,-8.84050941467285,"Unknown"
"7014852",371861,2025-06-14 13:45:15,43.3606109619141,-8.84133815765381,"Unknown"
"7014852",371861,2025-06-14 13:50:15,43.3605155944824,-8.84138870239258,"Unknown"
"7014852",371861,2025-06-14 13:55:15,43.3605003356934,-8.8414478302002,"Unknown"
"7014852",371861,2025-06-14 14:00:15,43.3605575561523,-8.84140777587891,"Unknown"
"7014852",371861,2025-06-14 14:05:16,43.3605766296387,-8.84132862091064,"Unknown"
"7014852",371861,2025-06-14 14:10:15,43.3603096008301,-8.84135913848877,"Unknown"
"7014852",371861,2025-06-14 14:15:15,43.3604469299316,-8.84135055541992,"Unknown"
"7014852",371861,2025-06-14 14:20:15,43.3604507446289,-8.84134578704834,"Unknown"
"7014852",371861,2025-06-14 14:25:15,43.3605995178223,-8.84147071838379,"Unknown"
"7014852",371861,2025-06-14 14:30:15,43.3606224060059,-8.84123992919922,"Unknown"
"7014852",371861,2025-06-14 14:35:15,43.3605422973633,-8.84146881103516,"Unknown"
"7014852",371861,2025-06-14 14:40:16,43.3604278564453,-8.84128093719482,"Unknown"
"7014852",371861,2025-06-14 14:45:14,43.3603477478027,-8.84146022796631,"Unknown"
"7014852",371861,2025-06-14 14:50:16,43.3603820800781,-8.84162616729736,"Unknown"
"7014852",371861,2025-06-14 14:55:15,43.3602485656738,-8.84143733978271,"Unknown"
"7014852",371861,2025-06-14 15:00:15,43.3609504699707,-8.84407329559326,"Unknown"
"7014852",371861,2025-06-14 15:05:16,43.360538482666,-8.84154605865479,"Unknown"
"7014852",371861,2025-06-14 15:10:15,43.3605804443359,-8.841477394104,"Unknown"
"7014852",371861,2025-06-14 15:15:15,43.3604316711426,-8.84156513214111,"Unknown"
"7014852",371861,2025-06-14 15:20:15,43.3603782653809,-8.84153652191162,"Unknown"
"7014852",371861,2025-06-14 15:25:16,43.3602867126465,-8.8415470123291,"Unknown"
"7014852",371861,2025-06-14 15:30:17,43.3603973388672,-8.84155941009521,"Unknown"
"7014852",371861,2025-06-14 15:35:15,43.3603706359863,-8.84164714813232,"Unknown"
"7014852",371861,2025-06-14 15:40:15,43.360424041748,-8.84160423278809,"Unknown"
"7014852",371861,2025-06-14 15:45:15,43.3603935241699,-8.84167861938477,"Unknown"
"7014852",371861,2025-06-14 15:50:15,43.365364074707,-8.85312938690186,"Unknown"
"7014852",371861,2025-06-14 15:55:15,43.3791236877441,-8.87121868133545,"Unknown"
"7014852",371861,2025-06-14 16:00:15,43.3681945800781,-8.88776397705078,"Unknown"
"7014852",371861,2025-06-14 16:05:17,43.3675079345703,-8.8874397277832,"Unknown"
"7014852",371861,2025-06-14 16:10:17,43.3667030334473,-8.88673210144043,"Unknown"
"7014852",371861,2025-06-14 16:15:16,43.365234375,-8.8861722946167,"Unknown"
"7014852",371861,2025-06-14 16:20:16,43.3644905090332,-8.88572120666504,"Unknown"
"7014852",371861,2025-06-14 16:25:16,43.363410949707,-8.88588523864746,"Unknown"
"7014852",371861,2025-06-14 16:30:16,43.3621711730957,-8.8855037689209,"Unknown"
"7014852",371861,2025-06-14 16:35:16,43.3610725402832,-8.88437080383301,"Unknown"
"7014852",371861,2025-06-14 16:40:16,43.3598480224609,-8.88403129577637,"Unknown"
"7014852",371861,2025-06-14 16:45:16,43.3546104431152,-8.89529037475586,"Unknown"
"7014852",371861,2025-06-14 16:50:15,43.3549957275391,-8.90072822570801,"Unknown"
"7014852",371861,2025-06-14 16:55:15,43.3563232421875,-8.9285831451416,"Unknown"
"7014852",371861,2025-06-14 17:00:16,43.3473358154297,-8.94052696228027,"Unknown"
"7014852",371861,2025-06-14 17:05:15,43.3356018066406,-8.93890762329102,"Unknown"
"7014852",371861,2025-06-14 17:10:15,43.3345603942871,-8.93831920623779,"Unknown"
"7014852",371861,2025-06-14 17:15:17,43.3335304260254,-8.93711280822754,"Unknown"
"7014852",371861,2025-06-14 17:20:17,43.3309707641602,-8.93875026702881,"Unknown"
"7014852",371861,2025-06-14 17:25:15,43.3298606872559,-8.93816184997559,"Unknown"
"7014852",371861,2025-06-14 17:30:16,43.3292579650879,-8.93711757659912,"Unknown"
"7014852",371861,2025-06-14 17:35:15,43.3286819458008,-8.93624210357666,"Unknown"
"7014852",371861,2025-06-14 17:40:17,43.3284454345703,-8.93496894836426,"Unknown"
"7014852",371861,2025-06-14 17:45:16,43.3278884887695,-8.93338489532471,"Unknown"
"7014852",371861,2025-06-14 17:50:17,43.3274421691895,-8.93252754211426,"Unknown"
"7014852",371861,2025-06-14 17:55:16,43.3271636962891,-8.93107414245605,"Unknown"
"7014852",371861,2025-06-14 18:00:16,43.3266868591309,-8.93025970458984,"Unknown"
"7014852",371861,2025-06-14 18:05:16,43.3261795043945,-8.92937183380127,"Unknown"
"7014852",371861,2025-06-14 18:10:17,43.325366973877,-8.92941188812256,"Unknown"
"7014852",371861,2025-06-14 18:15:15,43.3251419067383,-8.92859268188477,"Unknown"
"7014852",371861,2025-06-14 18:20:16,43.3315773010254,-8.94010257720947,"Unknown"
"7014852",371861,2025-06-14 18:25:17,43.3302955627441,-8.94090557098389,"Unknown"
"7014852",371861,2025-06-14 18:30:15,43.3272361755371,-8.92789649963379,"Unknown"
"7014852",371861,2025-06-14 18:35:16,43.3262557983398,-8.92801761627197,"Unknown"
"7014852",371861,2025-06-14 18:40:15,43.3252372741699,-8.92808818817139,"Unknown"
"7014852",371861,2025-06-14 18:45:15,43.3207855224609,-8.9027853012085,"Unknown"
"7014852",371861,2025-06-14 18:50:15,43.322681427002,-8.8748664855957,"Unknown"
"7014852",371861,2025-06-14 18:55:15,43.3149566650391,-8.85705089569092,"Unknown"
"7014852",371861,2025-06-14 19:00:15,43.3151092529297,-8.85713481903076,"Unknown"
"7014852",371861,2025-06-14 19:05:15,43.3169250488281,-8.85781192779541,"Unknown"
"7014852",371861,2025-06-14 19:10:15,43.3390922546387,-8.84247398376465,"Unknown"
"7014852",371861,2025-06-14 19:15:15,43.354190826416,-8.84283351898193,"Unknown"
"7014852",371861,2025-06-14 19:20:16,43.3607559204102,-8.84128284454346,"Unknown"
"7014852",371861,2025-06-14 19:25:17,43.3606643676758,-8.84126377105713,"Unknown"
"7014852",371861,2025-06-14 19:30:17,43.3607978820801,-8.84151840209961,"Unknown"
"7014852",371861,2025-06-14 19:35:15,43.3599853515625,-8.84172630310059,"Unknown"
"7014852",371861,2025-06-14 19:40:15,43.3599433898926,-8.84179210662842,"Unknown"
"7014852",371861,2025-06-14 19:45:15,43.3601531982422,-8.8415060043335,"Unknown"
"7014852",371861,2025-06-14 19:50:15,43.3597640991211,-8.84187507629395,"Unknown"
"7014852",371861,2025-06-14 19:55:15,43.360466003418,-8.8411169052124,"Unknown"
"7014852",371861,2025-06-14 20:00:16,43.3603553771973,-8.84118366241455,"Unknown"
"7014852",371861,2025-06-14 20:05:15,43.3604278564453,-8.84101963043213,"Unknown"
"7014852",371861,2025-06-14 20:10:15,43.3604125976562,-8.84105968475342,"Unknown"
"7014852",371861,2025-06-14 20:15:15,43.3604507446289,-8.8410120010376,"Unknown"
"7014852",371861,2025-06-14 20:20:16,43.359992980957,-8.84170532226562,"Unknown"
"7014852",371861,2025-06-14 20:25:16,43.360481262207,-8.84089279174805,"Unknown"
"7014852",371861,2025-06-14 20:30:16,43.3603782653809,-8.84099960327148,"Unknown"
"7014852",371861,2025-06-14 20:35:17,43.3604545593262,-8.84093761444092,"Unknown"
"7014852",371861,2025-06-14 20:40:16,43.3604850769043,-8.84088325500488,"Unknown"
"7014852",371861,2025-06-14 20:45:15,43.3605194091797,-8.84087467193604,"Unknown"
"7014852",371861,2025-06-14 20:50:16,43.3605613708496,-8.84088325500488,"Unknown"
"7014852",371861,2025-06-14 20:55:16,43.3605651855469,-8.84094905853271,"Unknown"
"7014852",371861,2025-06-14 21:00:16,43.3605728149414,-8.8409309387207,"Unknown"
"7014852",371861,2025-06-14 21:04:01,43.3604850769043,-8.8410062789917,"Unknown"
"7014852",371861,2025-06-15 02:04:15,43.3603935241699,-8.84132099151611,"Unknown"
"7014852",371861,2025-06-15 05:00:01,43.3320426940918,-8.93249797821045,"Unknown"
"7014852",371861,2025-06-15 05:05:01,43.3208847045898,-8.90896606445312,"Unknown"
"7014852",371861,2025-06-15 05:10:01,43.3153343200684,-8.88436222076416,"Unknown"
"7014852",371861,2025-06-15 05:15:01,43.2808532714844,-8.87422847747803,"Unknown"
"7014852",371861,2025-06-15 05:20:03,43.2760047912598,-8.87050533294678,"Unknown"
"7014852",371861,2025-06-15 05:25:03,43.2755355834961,-8.86989974975586,"Unknown"
"7014852",371861,2025-06-15 05:30:02,43.2739791870117,-8.88060092926025,"Unknown"
"7014852",371861,2025-06-15 05:35:04,43.2780227661133,-8.88022518157959,"Unknown"
"7014852",371861,2025-06-15 05:40:03,43.2774658203125,-8.88060855865479,"Unknown"
"7014852",371861,2025-06-15 05:45:02,43.2776184082031,-8.88008403778076,"Unknown"
"7014852",371861,2025-06-15 05:50:02,43.2774200439453,-8.87792110443115,"Unknown"
"7014852",371861,2025-06-15 05:55:02,43.277027130127,-8.8781909942627,"Unknown"
"7014852",371861,2025-06-15 06:00:05,43.2756462097168,-8.87131690979004,"Unknown"
"7014852",371861,2025-06-15 06:05:01,43.2761726379395,-8.87306213378906,"Unknown"
"7014852",371861,2025-06-15 06:10:02,43.2762260437012,-8.87343311309814,"Unknown"
"7014852",371861,2025-06-15 06:15:01,43.2777099609375,-8.88178062438965,"Unknown"
"7014852",371861,2025-06-15 06:20:02,43.2770347595215,-8.88197898864746,"Unknown"
"7014852",371861,2025-06-15 06:25:03,43.277759552002,-8.8823709487915,"Unknown"
"7014852",371861,2025-06-15 06:30:03,43.2775802612305,-8.88349056243896,"Unknown"
"7014852",371861,2025-06-15 06:35:04,43.2775459289551,-8.88430118560791,"Unknown"
"7014852",371861,2025-06-15 06:40:02,43.2774810791016,-8.88340377807617,"Unknown"
"7014852",371861,2025-06-15 06:45:01,43.2933769226074,-8.87252521514893,"Unknown"
"7014852",371861,2025-06-15 06:50:01,43.3024406433105,-8.87129783630371,"Unknown"
"7014852",371861,2025-06-15 06:55:01,43.3213768005371,-8.87037944793701,"Unknown"
"7014852",371861,2025-06-15 07:00:02,43.3148803710938,-8.86618137359619,"Unknown"
"7014852",371861,2025-06-15 07:05:05,43.3147926330566,-8.86597061157227,"Unknown"
"7014852",371861,2025-06-15 07:10:01,43.3148040771484,-8.8639087677002,"Unknown"
"7014852",371861,2025-06-15 07:15:01,43.3255577087402,-8.84821701049805,"Unknown"
"7014852",371861,2025-06-15 07:20:01,43.3449401855469,-8.8402624130249,"Unknown"
"7014852",371861,2025-06-15 07:25:02,43.3561782836914,-8.83365821838379,"Unknown"
"7014852",371861,2025-06-15 07:30:01,43.3618583679199,-8.84117698669434,"Unknown"
"7014852",371861,2025-06-15 07:35:01,43.3608741760254,-8.84133720397949,"Unknown"
"7014852",371861,2025-06-15 07:40:02,43.3603706359863,-8.84133052825928,"Unknown"
"7014852",371861,2025-06-15 07:45:05,43.3606185913086,-8.84135055541992,"Unknown"
"7014852",371861,2025-06-15 07:50:03,43.3599700927734,-8.84133434295654,"Unknown"
"7014852",371861,2025-06-15 07:55:02,43.3599548339844,-8.84129333496094,"Unknown"
"7014852",371861,2025-06-15 08:00:06,43.3603324890137,-8.84130573272705,"Unknown"
"7014852",371861,2025-06-15 08:05:03,43.3599815368652,-8.84129524230957,"Unknown"
"7014852",371861,2025-06-15 08:10:05,43.3599548339844,-8.84113502502441,"Unknown"
"7014852",371861,2025-06-15 08:15:06,43.3600807189941,-8.84110450744629,"Unknown"
"7014852",371861,2025-06-15 08:20:03,43.3601417541504,-8.84114933013916,"Unknown"
"7014852",371861,2025-06-15 08:25:02,43.3472137451172,-8.84946918487549,"Unknown"
"7014852",371861,2025-06-15 08:30:02,43.3144035339355,-8.86565780639648,"Unknown"
"7014852",371861,2025-06-15 08:35:02,43.314697265625,-8.86616516113281,"Unknown"
"7014852",371861,2025-06-15 08:40:04,43.3146438598633,-8.86624431610107,"Unknown"
"7014852",371861,2025-06-15 08:45:03,43.3147087097168,-8.86604595184326,"Unknown"
"7014852",371861,2025-06-15 08:50:03,43.3149795532227,-8.86650371551514,"Unknown"
"7014852",371861,2025-06-15 08:55:02,43.3148498535156,-8.86670207977295,"Unknown"
"7014852",371861,2025-06-15 09:00:02,43.3143920898438,-8.86566543579102,"Unknown"
"7014852",371861,2025-06-15 09:05:02,43.3147087097168,-8.86621856689453,"Unknown"
"7014852",371861,2025-06-15 09:10:02,43.3147888183594,-8.86613655090332,"Unknown"
"7014852",371861,2025-06-15 09:15:02,43.314769744873,-8.86605739593506,"Unknown"
"7014852",371861,2025-06-15 09:20:03,43.3148040771484,-8.86613368988037,"Unknown"
"7014852",371861,2025-06-15 09:25:03,43.314868927002,-8.86649799346924,"Unknown"
"7014852",371861,2025-06-15 09:30:04,43.3148498535156,-8.86632347106934,"Unknown"
"7014852",371861,2025-06-15 09:35:03,43.3149909973145,-8.86640167236328,"Unknown"
"7014852",371861,2025-06-15 09:40:04,43.3149070739746,-8.86664867401123,"Unknown"
"7014852",371861,2025-06-15 09:45:02,43.3150939941406,-8.86672973632812,"Unknown"
"7014852",371861,2025-06-15 09:50:03,43.3150291442871,-8.86658096313477,"Unknown"
"7014852",371861,2025-06-15 09:55:04,43.3152236938477,-8.86737632751465,"Unknown"
"7014852",371861,2025-06-15 10:00:02,43.3149452209473,-8.86637401580811,"Unknown"
"7014852",371861,2025-06-15 10:05:07,43.3149757385254,-8.8663272857666,"Unknown"
"7014852",371861,2025-06-15 10:10:04,43.3146591186523,-8.86679935455322,"Unknown"
"7014852",371861,2025-06-15 10:15:04,43.3144874572754,-8.86650085449219,"Unknown"
"7014852",371861,2025-06-15 10:20:03,43.3147315979004,-8.86714458465576,"Unknown"
"7014852",371861,2025-06-15 10:25:09,43.314037322998,-8.86666774749756,"Unknown"
"7014852",371861,2025-06-15 10:30:06,43.3140258789062,-8.8661470413208,"Unknown"
"7014852",371861,2025-06-15 10:35:03,43.3139762878418,-8.86668968200684,"Unknown"
"7014852",371861,2025-06-15 10:40:02,43.3150825500488,-8.86423206329346,"Unknown"
"7014852",371861,2025-06-15 10:45:02,43.3132133483887,-8.85910511016846,"Unknown"
"7014852",371861,2025-06-15 10:50:02,43.3143692016602,-8.8579683303833,"Unknown"
"7014852",371861,2025-06-15 10:55:02,43.3143272399902,-8.85825538635254,"Unknown"
"7014852",371861,2025-06-15 11:00:03,43.3145751953125,-8.85787391662598,"Unknown"
"7014852",371861,2025-06-15 11:05:02,43.3146896362305,-8.86079978942871,"Unknown"
"7014852",371861,2025-06-15 11:10:03,43.3216590881348,-8.85023403167725,"Unknown"
"7014852",371861,2025-06-15 11:15:02,43.3440246582031,-8.84036922454834,"Unknown"
"7014852",371861,2025-06-15 11:20:03,43.3607215881348,-8.8484354019165,"Unknown"
"7014852",371861,2025-06-15 11:25:02,43.3604965209961,-8.84196472167969,"Unknown"
"7014852",371861,2025-06-15 11:30:02,43.3604850769043,-8.8418493270874,"Unknown"
"7014852",371861,2025-06-15 11:35:02,43.3605804443359,-8.84142875671387,"Unknown"
"7014852",371861,2025-06-15 11:40:03,43.3606109619141,-8.8411808013916,"Unknown"
"7014852",371861,2025-06-15 11:45:03,43.361385345459,-8.83826637268066,"Unknown"
"7014852",371861,2025-06-15 11:50:03,43.3606224060059,-8.8410701751709,"Unknown"
"7014852",371861,2025-06-15 11:55:03,43.3606719970703,-8.84093952178955,"Unknown"
"7014852",371861,2025-06-15 12:00:02,43.3606071472168,-8.84097099304199,"Unknown"
"7014852",371861,2025-06-15 12:05:04,43.3607215881348,-8.84091949462891,"Unknown"
"7014852",371861,2025-06-15 12:10:02,43.3607444763184,-8.84062004089355,"Unknown"
"7014852",371861,2025-06-15 12:15:02,43.3605995178223,-8.84059238433838,"Unknown"
"7014852",371861,2025-06-15 12:20:02,43.360652923584,-8.84039211273193,"Unknown"
"7014852",371861,2025-06-15 12:25:02,43.3604583740234,-8.84070587158203,"Unknown"
"7014852",371861,2025-06-15 12:30:02,43.3606414794922,-8.840576171875,"Unknown"
"7014852",371861,2025-06-15 12:35:02,43.3604507446289,-8.84111595153809,"Unknown"
"7014852",371861,2025-06-15 12:40:02,43.3603172302246,-8.84084987640381,"Unknown"
"7014852",371861,2025-06-15 12:45:02,43.3602981567383,-8.8410472869873,"Unknown"
"7014852",371861,2025-06-15 12:50:02,43.3603210449219,-8.84101390838623,"Unknown"
"7014852",371861,2025-06-15 12:55:04,43.3613624572754,-8.8403902053833,"Unknown"
"7014852",371861,2025-06-15 13:00:06,43.3614692687988,-8.84033966064453,"Unknown"
"7014852",371861,2025-06-15 13:05:04,43.3612937927246,-8.84133052825928,"Unknown"
"7014852",371861,2025-06-15 13:10:03,43.3602104187012,-8.841383934021,"Unknown"
"7014852",371861,2025-06-15 13:15:02,43.3601608276367,-8.84127426147461,"Unknown"
"7014852",371861,2025-06-15 13:20:02,43.3601760864258,-8.84147167205811,"Unknown"
"7014852",371861,2025-06-15 13:25:02,43.3600807189941,-8.84150409698486,"Unknown"
"7014852",371861,2025-06-15 13:30:15,43.359992980957,-8.84170246124268,"Unknown"
"7014852",371861,2025-06-15 13:35:02,43.3598823547363,-8.84159374237061,"Unknown"
"7014852",371861,2025-06-15 13:40:07,43.3600120544434,-8.84163761138916,"Unknown"
"7014852",371861,2025-06-15 13:45:03,43.3598403930664,-8.84156513214111,"Unknown"
"7014852",371861,2025-06-15 13:50:02,43.3600540161133,-8.84159755706787,"Unknown"
"7014852",371861,2025-06-15 13:55:03,43.3602676391602,-8.84170722961426,"Unknown"
"7014852",371861,2025-06-15 14:00:02,43.3171501159668,-8.8663854598999,"Unknown"
"7014852",371861,2025-06-15 14:05:03,43.314338684082,-8.86655521392822,"Unknown"
"7014852",371861,2025-06-15 14:10:04,43.3144378662109,-8.86625576019287,"Unknown"
"7014852",371861,2025-06-15 14:15:02,43.3146629333496,-8.8661642074585,"Unknown"
"7014852",371861,2025-06-15 14:20:04,43.3150024414062,-8.86524772644043,"Unknown"
"7014852",371861,2025-06-15 14:25:02,43.3147850036621,-8.85745143890381,"Unknown"
"7014852",371861,2025-06-15 14:30:09,43.3148078918457,-8.85725402832031,"Unknown"
"7014852",371861,2025-06-15 14:35:04,43.3145523071289,-8.85717582702637,"Unknown"
"7014852",371861,2025-06-15 14:40:03,43.3178825378418,-8.85742568969727,"Unknown"
"7014852",371861,2025-06-15 14:45:02,43.3146629333496,-8.83297634124756,"Unknown"
"7014852",371861,2025-06-15 14:50:06,43.3174781799316,-8.82941436767578,"Unknown"
"7014852",371861,2025-06-15 14:55:07,43.3173141479492,-8.8291654586792,"Unknown"
"7014852",371861,2025-06-15 15:00:06,43.3173561096191,-8.82902145385742,"Unknown"
"7014852",371861,2025-06-15 15:05:04,43.3174781799316,-8.82922840118408,"Unknown"
"7014852",371861,2025-06-15 15:10:06,43.3172874450684,-8.82896900177002,"Unknown"
"7014852",371861,2025-06-15 15:15:08,43.3174324035645,-8.82920074462891,"Unknown"
"7014852",371861,2025-06-15 15:20:02,43.3174133300781,-8.82913494110107,"Unknown"
"7014852",371861,2025-06-15 15:25:03,43.3305511474609,-8.82976150512695,"Unknown"
"7014852",371861,2025-06-15 15:30:06,43.3444671630859,-8.83945274353027,"Unknown"
"7014852",371861,2025-06-15 15:35:08,43.3604431152344,-8.84699249267578,"Unknown"
"7014852",371861,2025-06-15 15:40:10,43.3664894104004,-8.8989896774292,"Unknown"
"7014852",371861,2025-06-15 15:45:04,43.3553009033203,-8.92477035522461,"Unknown"
"7014852",371861,2025-06-15 15:50:32,43.3213233947754,-8.90512561798096,"Unknown"
"7014852",371861,2025-06-15 15:55:09,43.318058013916,-8.88339805603027,"Unknown"
"7014852",371861,2025-06-15 16:00:03,43.3124656677246,-8.86921215057373,"Unknown"
"7014852",371861,2025-06-15 16:05:09,43.314266204834,-8.86619472503662,"Unknown"
"7014852",371861,2025-06-15 16:10:04,43.314510345459,-8.8658561706543,"Unknown"
"7014852",371861,2025-06-15 16:15:02,43.315055847168,-8.86595153808594,"Unknown"
"7014852",371861,2025-06-15 16:20:04,43.3151779174805,-8.86606693267822,"Unknown"
"7014852",371861,2025-06-15 16:25:03,43.3153533935547,-8.86642837524414,"Unknown"
"7014852",371861,2025-06-15 16:30:04,43.315673828125,-8.86660099029541,"Unknown"
"7014852",371861,2025-06-15 16:35:10,43.314826965332,-8.8657751083374,"Unknown"
"7014852",371861,2025-06-15 16:40:02,43.3145523071289,-8.86552238464355,"Unknown"
"7014852",371861,2025-06-15 16:45:08,43.3145294189453,-8.86573886871338,"Unknown"
"7014852",371861,2025-06-15 16:50:03,43.314510345459,-8.86558723449707,"Unknown"
"7014852",371861,2025-06-15 16:55:06,43.3144721984863,-8.86555004119873,"Unknown"
"7014852",371861,2025-06-15 17:00:10,43.3144264221191,-8.85679626464844,"Unknown"
"7014852",371861,2025-06-15 17:05:06,43.3249473571777,-8.84809875488281,"Unknown"
"7014852",371861,2025-06-15 17:10:08,43.3423767089844,-8.83871459960938,"Unknown"
"7014852",371861,2025-06-15 17:15:06,43.3570289611816,-8.84595680236816,"Unknown"
"7014852",371861,2025-06-15 17:20:11,43.3608932495117,-8.84151554107666,"Unknown"
"7014852",371861,2025-06-15 17:25:08,43.3605499267578,-8.84166240692139,"Unknown"
"7014852",371861,2025-06-15 17:30:15,43.3605308532715,-8.84174346923828,"Unknown"
"7014852",371861,2025-06-15 17:35:14,43.360424041748,-8.8414192199707,"Unknown"
"7014852",371861,2025-06-15 17:40:09,43.3603477478027,-8.84128665924072,"Unknown"
"7014852",371861,2025-06-15 17:45:11,43.3602142333984,-8.84099006652832,"Unknown"
"7014852",371861,2025-06-15 17:50:09,43.3603630065918,-8.84115695953369,"Unknown"
"7014852",371861,2025-06-15 17:55:09,43.3603668212891,-8.84127521514893,"Unknown"
"7014852",371861,2025-06-15 18:00:09,43.3604011535645,-8.84141254425049,"Unknown"
"7014852",371861,2025-06-15 18:05:09,43.3603935241699,-8.84130764007568,"Unknown"
"7014852",371861,2025-06-15 18:10:09,43.3604049682617,-8.84125804901123,"Unknown"
"7014852",371861,2025-06-15 18:15:08,43.360424041748,-8.84140396118164,"Unknown"
"7014852",371861,2025-06-15 18:20:16,43.3604164123535,-8.84121417999268,"Unknown"
"7014852",371861,2025-06-15 18:25:04,43.3604011535645,-8.84158515930176,"Unknown"
"7014852",371861,2025-06-15 18:30:07,43.3604278564453,-8.84113311767578,"Unknown"
"7014852",371861,2025-06-15 18:35:02,43.3604431152344,-8.84146404266357,"Unknown"
"7014852",371861,2025-06-15 18:40:07,43.3603210449219,-8.84132385253906,"Unknown"
"7014852",371861,2025-06-15 18:45:13,43.3604278564453,-8.84137153625488,"Unknown"
"7014852",371861,2025-06-15 18:50:03,43.3603897094727,-8.84146690368652,"Unknown"
"7014852",371861,2025-06-15 18:55:03,43.3605079650879,-8.84139633178711,"Unknown"
"7014852",371861,2025-06-15 19:00:02,43.3604736328125,-8.84140205383301,"Unknown"
"7014852",371861,2025-06-15 19:05:04,43.3605041503906,-8.84130573272705,"Unknown"
"7014852",371861,2025-06-15 19:10:12,43.3605728149414,-8.8413143157959,"Unknown"
"7014852",371861,2025-06-15 19:15:07,43.3601989746094,-8.84139633178711,"Unknown"
"7014852",371861,2025-06-15 19:20:02,43.3601570129395,-8.84142589569092,"Unknown"
"7014852",371861,2025-06-15 19:25:06,43.3602523803711,-8.84147834777832,"Unknown"
"7014852",371861,2025-06-15 19:30:35,43.3604049682617,-8.84142398834229,"Unknown"
"7014852",371861,2025-06-15 19:35:02,43.3603591918945,-8.84143161773682,"Unknown"
"7014852",371861,2025-06-15 19:40:01,43.3603134155273,-8.8414192199707,"Unknown"
"7014852",371861,2025-06-15 19:45:01,43.3603172302246,-8.84137916564941,"Unknown"
"7014852",371861,2025-06-15 19:50:01,43.3603286743164,-8.84137058258057,"Unknown"
"7014852",371861,2025-06-15 19:55:01,43.3603515625,-8.84143447875977,"Unknown"
"7014852",371861,2025-06-15 20:00:02,43.3602409362793,-8.84146690368652,"Unknown"
"7014852",371861,2025-06-15 20:05:02,43.3603363037109,-8.84140205383301,"Unknown"
"7014852",371861,2025-06-15 20:10:01,43.3603248596191,-8.84143543243408,"Unknown"
"7014852",371861,2025-06-15 20:15:01,43.3603439331055,-8.84140491485596,"Unknown"
"7014852",371861,2025-06-15 20:20:01,43.3603630065918,-8.8413782119751,"Unknown"
"7014852",371861,2025-06-15 20:25:02,43.3603630065918,-8.84139537811279,"Unknown"
"7014852",371861,2025-06-15 20:30:01,43.3603744506836,-8.84135246276855,"Unknown"
"7014852",371861,2025-06-15 20:35:01,43.3603668212891,-8.84137439727783,"Unknown"
"7014852",371861,2025-06-15 20:40:02,43.3603248596191,-8.84141635894775,"Unknown"
"7014852",371861,2025-06-15 20:45:01,43.3603210449219,-8.84143257141113,"Unknown"
"7014852",371861,2025-06-15 20:50:01,43.3603286743164,-8.84143829345703,"Unknown"
"7014852",371861,2025-06-15 20:55:01,43.3603057861328,-8.84142112731934,"Unknown"
"7014852",371861,2025-06-15 21:00:01,43.3603210449219,-8.84139537811279,"Unknown"
"7014852",371861,2025-06-15 21:04:27,43.3603401184082,-8.84137439727783,"Unknown"
"7014852",371861,2025-06-16 02:04:44,43.3603973388672,-8.8414478302002,"Unknown"
"7014852",371861,2025-06-16 05:00:35,43.2782707214355,-8.84999465942383,"Unknown"
"7014852",371861,2025-06-16 05:05:09,43.2865333557129,-8.86008930206299,"Unknown"
"7014852",371861,2025-06-16 05:10:06,43.3007965087891,-8.86715793609619,"Unknown"
"7014852",371861,2025-06-16 05:15:08,43.312614440918,-8.8682222366333,"Unknown"
"7014852",371861,2025-06-16 05:20:13,43.3129959106445,-8.86798095703125,"Unknown"
"7014852",371861,2025-06-16 05:25:10,43.3131217956543,-8.86769390106201,"Unknown"
"7014852",371861,2025-06-16 05:30:06,43.3128967285156,-8.86808013916016,"Unknown"
"7014852",371861,2025-06-16 05:35:13,43.31298828125,-8.86793804168701,"Unknown"
"7014852",371861,2025-06-16 05:40:15,43.3132553100586,-8.86766815185547,"Unknown"
"7014852",371861,2025-06-16 05:45:08,43.3131217956543,-8.86770343780518,"Unknown"
"7014852",371861,2025-06-16 05:50:10,43.3130874633789,-8.8680944442749,"Unknown"
"7014852",371861,2025-06-16 05:55:07,43.312328338623,-8.86846446990967,"Unknown"
"7014852",371861,2025-06-16 06:00:26,43.3132553100586,-8.86761283874512,"Unknown"
"7014852",371861,2025-06-16 06:05:06,43.3126983642578,-8.86887454986572,"Unknown"
"7014852",371861,2025-06-16 06:10:35,43.3128967285156,-8.8680944442749,"Unknown"
"7014852",371861,2025-06-16 06:15:07,43.3129463195801,-8.86798572540283,"Unknown"
"7014852",371861,2025-06-16 06:20:05,43.318244934082,-8.86625003814697,"Unknown"
"7014852",371861,2025-06-16 06:25:06,43.3157119750977,-8.86582183837891,"Unknown"
"7014852",371861,2025-06-16 06:30:05,43.3145599365234,-8.86649608612061,"Unknown"
"7014852",371861,2025-06-16 06:35:07,43.3146095275879,-8.86644649505615,"Unknown"
"7014852",371861,2025-06-16 06:40:06,43.3146286010742,-8.86655807495117,"Unknown"
"7014852",371861,2025-06-16 06:45:06,43.3145980834961,-8.86658668518066,"Unknown"
"7014852",371861,2025-06-16 06:50:12,43.3188133239746,-8.86479949951172,"Unknown"
"7014852",371861,2025-06-16 06:55:06,43.3177299499512,-8.86504650115967,"Unknown"
"7014852",371861,2025-06-16 07:00:07,43.3280067443848,-8.85318470001221,"Unknown"
"7014852",371861,2025-06-16 07:05:07,43.3491325378418,-8.84590244293213,"Unknown"
"7014852",371861,2025-06-16 07:10:11,43.3601264953613,-8.84104442596436,"Unknown"
"7014852",371861,2025-06-16 07:15:18,43.3603286743164,-8.84125518798828,"Unknown"
"7014852",371861,2025-06-16 07:20:06,43.3603363037109,-8.84132480621338,"Unknown"
"7014852",371861,2025-06-16 07:25:09,43.3603324890137,-8.84132766723633,"Unknown"
"7014852",371861,2025-06-16 07:30:09,43.3601417541504,-8.84097099304199,"Unknown"
"7014852",371861,2025-06-16 07:35:11,43.3602561950684,-8.84121990203857,"Unknown"
"7014852",371861,2025-06-16 07:40:08,43.3602523803711,-8.84110546112061,"Unknown"
"7014852",371861,2025-06-16 07:45:09,43.3602867126465,-8.84114551544189,"Unknown"
"7014852",371861,2025-06-16 07:50:11,43.3676872253418,-8.83687591552734,"Unknown"
"7014852",371861,2025-06-16 07:55:09,43.3450775146484,-8.8390064239502,"Unknown"
"7014852",371861,2025-06-16 08:00:11,43.3211059570312,-8.84737682342529,"Unknown"
"7014852",371861,2025-06-16 08:05:16,43.3114318847656,-8.8642578125,"Unknown"
"7014852",371861,2025-06-16 08:10:07,43.3132209777832,-8.86827659606934,"Unknown"
"7014852",371861,2025-06-16 08:16:15,43.3130645751953,-8.8675365447998,"Unknown"
"7014852",371861,2025-06-16 08:20:13,43.3131256103516,-8.86752319335938,"Unknown"
"7014852",371861,2025-06-16 08:25:06,43.3143768310547,-8.86646556854248,"Unknown"
"7014852",371861,2025-06-16 08:30:08,43.3143844604492,-8.86624431610107,"Unknown"
"7014852",371861,2025-06-16 08:35:13,43.3143310546875,-8.86606502532959,"Unknown"
"7014852",371861,2025-06-16 08:40:06,43.312801361084,-8.86797618865967,"Unknown"
"7014852",371861,2025-06-16 08:45:06,43.3130378723145,-8.86862659454346,"Unknown"
"7014852",371861,2025-06-16 08:50:07,43.3130493164062,-8.86864471435547,"Unknown"
"7014852",371861,2025-06-16 08:55:12,43.3129463195801,-8.86842155456543,"Unknown"
"7014852",371861,2025-06-16 09:00:07,43.3139801025391,-8.87623882293701,"Unknown"
"7014852",371861,2025-06-16 09:05:07,43.3178215026855,-8.88414573669434,"Unknown"
"7014852",371861,2025-06-16 09:10:06,43.3154411315918,-8.8611536026001,"Unknown"
"7014852",371861,2025-06-16 09:15:17,43.3224105834961,-8.86431789398193,"Unknown"
"7014852",371861,2025-06-16 09:20:13,43.3329811096191,-8.85104084014893,"Unknown"
"7014852",371861,2025-06-16 09:25:11,43.3528709411621,-8.84884834289551,"Unknown"
"7014852",371861,2025-06-16 09:30:11,43.3603134155273,-8.84143161773682,"Unknown"
"7014852",371861,2025-06-16 09:35:13,43.3602752685547,-8.84149074554443,"Unknown"
"7014852",371861,2025-06-16 09:40:06,43.3792381286621,-8.85241603851318,"Unknown"
"7014852",371861,2025-06-16 09:45:07,43.400749206543,-8.87839031219482,"Unknown"
"7014852",371861,2025-06-16 09:50:08,43.4203033447266,-8.90459632873535,"Unknown"
"7014852",371861,2025-06-16 09:55:10,43.4373664855957,-8.93384838104248,"Unknown"
"7014852",371861,2025-06-16 10:00:17,43.4159469604492,-8.94330883026123,"Unknown"
"7014852",371861,2025-06-16 10:05:07,43.3833236694336,-8.93675899505615,"Unknown"
"7014852",371861,2025-06-16 10:10:06,43.356273651123,-8.92055034637451,"Unknown"
"7014852",371861,2025-06-16 10:15:07,43.3256988525391,-8.90772438049316,"Unknown"
"7014852",371861,2025-06-16 10:20:08,43.3182525634766,-8.89175033569336,"Unknown"
"7014852",371861,2025-06-16 10:25:12,43.3144340515137,-8.86630725860596,"Unknown"
"7014852",371861,2025-06-16 10:30:35,43.3142700195312,-8.86583518981934,"Unknown"
"7014852",371861,2025-06-16 10:35:05,43.3145332336426,-8.86558437347412,"Unknown"
"7014852",371861,2025-06-16 10:40:05,43.3143768310547,-8.86597442626953,"Unknown"
"7014852",371861,2025-06-16 10:45:07,43.3143577575684,-8.86697101593018,"Unknown"
"7014852",371861,2025-06-16 10:50:09,43.3144912719727,-8.86608600616455,"Unknown"
"7014852",371861,2025-06-16 10:55:08,43.3144264221191,-8.86634635925293,"Unknown"
"7014852",371861,2025-06-16 11:00:06,43.3144454956055,-8.86571598052979,"Unknown"
"7014852",371861,2025-06-16 11:05:06,43.3143920898438,-8.89089393615723,"Unknown"
"7014852",371861,2025-06-16 11:10:06,43.2979507446289,-8.91929244995117,"Unknown"
"7014852",371861,2025-06-16 11:15:07,43.2684135437012,-8.95498275756836,"Unknown"
"7014852",371861,2025-06-16 11:20:08,43.2397041320801,-8.97430038452148,"Unknown"
"7014852",371861,2025-06-16 11:25:06,43.240119934082,-8.97217559814453,"Unknown"
"7014852",371861,2025-06-16 11:30:06,43.2412147521973,-8.97084522247314,"Unknown"
"7014852",371861,2025-06-16 11:35:05,43.2421989440918,-8.97188568115234,"Unknown"
"7014852",371861,2025-06-16 11:40:08,43.2423706054688,-8.97342872619629,"Unknown"
"7014852",371861,2025-06-16 11:45:06,43.2392082214355,-8.97987461090088,"Unknown"
"7014852",371861,2025-06-16 11:50:06,43.2266807556152,-9.01533889770508,"Unknown"
"7014852",371861,2025-06-16 11:55:05,43.1960372924805,-9.04869079589844,"Unknown"
"7014852",371861,2025-06-16 12:00:06,43.1853446960449,-9.08947563171387,"Unknown"
"7014852",371861,2025-06-16 12:05:06,43.1806182861328,-9.09149360656738,"Unknown"
"7014852",371861,2025-06-16 12:10:06,43.1809120178223,-9.09137535095215,"Unknown"
"7014852",371861,2025-06-16 12:15:07,43.180736541748,-9.09130668640137,"Unknown"
"7014852",371861,2025-06-16 12:20:06,43.1806411743164,-9.09146022796631,"Unknown"
"7014852",371861,2025-06-16 12:25:07,43.1807518005371,-9.09131145477295,"Unknown"
"7014852",371861,2025-06-16 12:30:05,43.1807136535645,-9.09134292602539,"Unknown"
"7014852",371861,2025-06-16 12:35:06,43.180549621582,-9.09122753143311,"Unknown"
"7014852",371861,2025-06-16 12:40:06,43.1807632446289,-9.09132385253906,"Unknown"
"7014852",371861,2025-06-16 12:45:08,43.1834106445312,-9.09262275695801,"Unknown"
"7014852",371861,2025-06-16 12:50:08,43.1833190917969,-9.09269428253174,"Unknown"
"7014852",371861,2025-06-16 12:55:06,43.1861190795898,-9.09133338928223,"Unknown"
"7014852",371861,2025-06-16 13:00:07,43.1814956665039,-9.09165668487549,"Unknown"
"7014852",371861,2025-06-16 13:05:08,43.1816444396973,-9.09180736541748,"Unknown"
"7014852",371861,2025-06-16 13:10:06,43.1810188293457,-9.09114551544189,"Unknown"
"7014852",371861,2025-06-16 13:15:06,43.1811981201172,-9.09095478057861,"Unknown"
"7014852",371861,2025-06-16 13:20:06,43.182071685791,-9.09181213378906,"Unknown"
"7014852",371861,2025-06-16 13:25:06,43.1861877441406,-9.09033679962158,"Unknown"
"7014852",371861,2025-06-16 13:30:06,43.1851654052734,-9.0915355682373,"Unknown"
"7014852",371861,2025-06-16 13:35:12,43.183464050293,-9.0929708480835,"Unknown"
"7014852",371861,2025-06-16 13:40:15,43.1837310791016,-9.09254264831543,"Unknown"
"7014852",371861,2025-06-16 13:45:08,43.1814765930176,-9.09154224395752,"Unknown"
"7014852",371861,2025-06-16 13:50:09,43.1811332702637,-9.09129333496094,"Unknown"
"7014852",371861,2025-06-16 13:55:09,43.1810646057129,-9.09142589569092,"Unknown"
"7014852",371861,2025-06-16 14:00:06,43.1806831359863,-9.09122943878174,"Unknown"
"7014852",371861,2025-06-16 14:05:07,43.1812477111816,-9.0911111831665,"Unknown"
"7014852",371861,2025-06-16 14:10:07,43.1812133789062,-9.09108638763428,"Unknown"
"7014852",371861,2025-06-16 14:15:07,43.1811752319336,-9.09104824066162,"Unknown"
"7014852",371861,2025-06-16 14:20:06,43.18359375,-9.09276390075684,"Unknown"
"7014852",371861,2025-06-16 14:25:06,43.1832427978516,-9.09289646148682,"Unknown"
"7014852",371861,2025-06-16 14:30:06,43.1842880249023,-9.09255504608154,"Unknown"
"7014852",371861,2025-06-16 14:35:06,43.1830368041992,-9.09342956542969,"Unknown"
"7014852",371861,2025-06-16 14:40:08,43.1851615905762,-9.09187507629395,"Unknown"
"7014852",371861,2025-06-16 14:45:07,43.1854057312012,-9.10426616668701,"Unknown"
"7014852",371861,2025-06-16 14:50:08,43.1983108520508,-9.14023780822754,"Unknown"
"7014852",371861,2025-06-16 14:55:07,43.1805953979492,-9.16825008392334,"Unknown"
"7014852",371861,2025-06-16 15:00:10,43.1899833679199,-9.2325496673584,"Unknown"
"7014852",371861,2025-06-16 15:05:07,43.1762542724609,-9.23615074157715,"Unknown"
"7014852",371861,2025-06-16 15:10:08,43.162654876709,-9.23727607727051,"Unknown"
"7014852",371861,2025-06-16 15:15:08,43.1642456054688,-9.23751449584961,"Unknown"
"7014852",371861,2025-06-16 15:20:08,43.1645088195801,-9.23775672912598,"Unknown"
"7014852",371861,2025-06-16 15:25:08,43.1580810546875,-9.22539234161377,"Unknown"
"7014852",371861,2025-06-16 15:30:11,43.1564903259277,-9.20938968658447,"Unknown"
"7014852",371861,2025-06-16 15:35:07,43.1558456420898,-9.21060276031494,"Unknown"
"7014852",371861,2025-06-16 15:40:13,43.1557540893555,-9.21065044403076,"Unknown"
"7014852",371861,2025-06-16 15:45:08,43.1557655334473,-9.21103096008301,"Unknown"
"7014852",371861,2025-06-16 15:50:07,43.1556282043457,-9.21102046966553,"Unknown"
"7014852",371861,2025-06-16 15:55:08,43.1556091308594,-9.21097373962402,"Unknown"
"7014852",371861,2025-06-16 16:00:08,43.1556129455566,-9.21097183227539,"Unknown"
"7014852",371861,2025-06-16 16:05:35,43.1556549072266,-9.21092796325684,"Unknown"
"7014852",371861,2025-06-16 16:10:07,43.1555519104004,-9.21100616455078,"Unknown"
"7014852",371861,2025-06-16 16:15:07,43.1556701660156,-9.21082973480225,"Unknown"
"7014852",371861,2025-06-16 16:20:07,43.1556777954102,-9.21081161499023,"Unknown"
"7014852",371861,2025-06-16 16:25:07,43.1556854248047,-9.21084594726562,"Unknown"
"7014852",371861,2025-06-16 16:30:06,43.155647277832,-9.21097850799561,"Unknown"
"7014852",371861,2025-06-16 16:35:06,43.1556625366211,-9.21085166931152,"Unknown"
"7014852",371861,2025-06-16 16:40:06,43.1556053161621,-9.21086406707764,"Unknown"
"7014852",371861,2025-06-16 16:45:06,43.1557159423828,-9.21077632904053,"Unknown"
"7014852",371861,2025-06-16 16:50:06,43.1557235717773,-9.21080493927002,"Unknown"
"7014852",371861,2025-06-16 16:55:06,43.1557540893555,-9.21096038818359,"Unknown"
"7014852",371861,2025-06-16 17:00:07,43.1557159423828,-9.21094989776611,"Unknown"
"7014852",371861,2025-06-16 17:05:06,43.1557731628418,-9.21074867248535,"Unknown"
"7014852",371861,2025-06-16 17:10:07,43.1558876037598,-9.2107515335083,"Unknown"
"7014852",371861,2025-06-16 17:15:07,43.155632019043,-9.20877933502197,"Unknown"
"7014852",371861,2025-06-16 17:20:07,43.154712677002,-9.2015438079834,"Unknown"
"7014852",371861,2025-06-16 17:25:06,43.1607284545898,-9.1934871673584,"Unknown"
"7014852",371861,2025-06-16 17:30:08,43.1709518432617,-9.17701148986816,"Unknown"
"7014852",371861,2025-06-16 17:35:06,43.185359954834,-9.16794872283936,"Unknown"
"7014852",371861,2025-06-16 17:40:08,43.1873016357422,-9.15385913848877,"Unknown"
"7014852",371861,2025-06-16 17:45:07,43.1885566711426,-9.13607597351074,"Unknown"
"7014852",371861,2025-06-16 17:50:07,43.1867523193359,-9.10480976104736,"Unknown"
"7014852",371861,2025-06-16 17:55:07,43.1844863891602,-9.07491016387939,"Unknown"
"7014852",371861,2025-06-16 18:00:07,43.1921653747559,-9.04887962341309,"Unknown"
"7014852",371861,2025-06-16 18:05:07,43.2106971740723,-9.03407669067383,"Unknown"
"7014852",371861,2025-06-16 18:10:06,43.2210006713867,-9.0095796585083,"Unknown"
"7014852",371861,2025-06-16 18:15:07,43.2312660217285,-9.0089693069458,"Unknown"
"7014852",371861,2025-06-16 18:20:07,43.2439346313477,-8.99090385437012,"Unknown"
"7014852",371861,2025-06-16 18:25:07,43.2687072753906,-8.98967266082764,"Unknown"
"7014852",371861,2025-06-16 18:30:08,43.2723808288574,-8.98337364196777,"Unknown"
"7014852",371861,2025-06-16 18:35:07,43.29052734375,-8.95861339569092,"Unknown"
"7014852",371861,2025-06-16 18:40:07,43.2873497009277,-8.93213367462158,"Unknown"
"7014852",371861,2025-06-16 18:45:07,43.3121147155762,-8.91412448883057,"Unknown"
"7014852",371861,2025-06-16 18:50:07,43.3189086914062,-8.8980188369751,"Unknown"
"7014852",371861,2025-06-16 18:55:07,43.3213882446289,-8.86475086212158,"Unknown"
"7014852",371861,2025-06-16 19:00:08,43.3291130065918,-8.84937191009521,"Unknown"
"7014852",371861,2025-06-16 19:05:07,43.3555183410645,-8.84879207611084,"Unknown"
"7014852",371861,2025-06-16 19:10:07,43.3605880737305,-8.84165382385254,"Unknown"
"7014852",371861,2025-06-16 19:15:08,43.3608055114746,-8.84170913696289,"Unknown"
"7014852",371861,2025-06-16 19:20:07,43.3604850769043,-8.84161567687988,"Unknown"
"7014852",371861,2025-06-16 19:25:07,43.3603782653809,-8.84152030944824,"Unknown"
"7014852",371861,2025-06-16 19:30:07,43.3603210449219,-8.84169769287109,"Unknown"
"7014852",371861,2025-06-16 19:35:07,43.3604698181152,-8.84156036376953,"Unknown"
"7014852",371861,2025-06-16 19:40:08,43.3600425720215,-8.84181690216064,"Unknown"
"7014852",371861,2025-06-16 19:45:07,43.3603286743164,-8.84148406982422,"Unknown"
"7014852",371861,2025-06-16 19:50:07,43.3604507446289,-8.84159564971924,"Unknown"
"7014852",371861,2025-06-16 19:55:07,43.3603324890137,-8.84144115447998,"Unknown"
"7014852",371861,2025-06-16 20:00:07,43.3604049682617,-8.84160232543945,"Unknown"
"7014852",371861,2025-06-16 20:05:07,43.3602561950684,-8.84140968322754,"Unknown"
"7014852",371861,2025-06-16 20:10:07,43.3602066040039,-8.84149360656738,"Unknown"
"7014852",371861,2025-06-16 20:15:07,43.3601226806641,-8.84146499633789,"Unknown"
"7014852",371861,2025-06-16 20:20:07,43.3601112365723,-8.84157085418701,"Unknown"
"7014852",371861,2025-06-16 20:25:13,43.3604354858398,-8.84156131744385,"Unknown"
"7014852",371861,2025-06-16 20:30:07,43.3595314025879,-8.84177207946777,"Unknown"
"7014852",371861,2025-06-16 20:35:35,43.3603401184082,-8.84135913848877,"Unknown"
"7014852",371861,2025-06-16 20:40:07,43.3604774475098,-8.8413143157959,"Unknown"
"7014852",371861,2025-06-16 20:45:07,43.3603744506836,-8.84136295318604,"Unknown"
"7014852",371861,2025-06-16 20:50:07,43.360424041748,-8.84133148193359,"Unknown"
"7014852",371861,2025-06-16 20:55:07,43.3605537414551,-8.84128379821777,"Unknown"
"7014852",371861,2025-06-16 21:00:06,43.3603782653809,-8.84141254425049,"Unknown"
"7014852",371861,2025-06-16 21:04:53,43.3603591918945,-8.84150123596191,"Unknown"
"7014852",371861,2025-06-17 02:05:23,43.3603553771973,-8.84128856658936,"Unknown"
"7014852",371861,2025-06-17 05:00:12,43.3615455627441,-8.8428201675415,"Unknown"
"7014852",371861,2025-06-17 05:05:11,43.3619766235352,-8.84312629699707,"Unknown"
"7014852",371861,2025-06-17 05:10:09,43.3600463867188,-8.84125709533691,"Unknown"
"7014852",371861,2025-06-17 05:15:07,43.3601608276367,-8.84140968322754,"Unknown"
"7014852",371861,2025-06-17 05:20:07,43.3602180480957,-8.84152507781982,"Unknown"
"7014852",371861,2025-06-17 05:25:07,43.3602905273438,-8.84149646759033,"Unknown"
"7014852",371861,2025-06-17 05:30:08,43.3600921630859,-8.84110069274902,"Unknown"
"7014852",371861,2025-06-17 05:35:07,43.3602714538574,-8.84158420562744,"Unknown"
"7014852",371861,2025-06-17 05:40:07,43.3602905273438,-8.84157562255859,"Unknown"
"7014852",371861,2025-06-17 05:45:07,43.3600654602051,-8.84145355224609,"Unknown"
"7014852",371861,2025-06-17 05:50:07,43.360107421875,-8.84078598022461,"Unknown"
"7014852",371861,2025-06-17 05:55:08,43.3297691345215,-8.85595893859863,"Unknown"
"7014852",371861,2025-06-17 06:00:10,43.3142204284668,-8.86574745178223,"Unknown"
"7014852",371861,2025-06-17 06:05:09,43.3144607543945,-8.8669548034668,"Unknown"
"7014852",371861,2025-06-17 06:10:08,43.3143119812012,-8.86672019958496,"Unknown"
"7014852",371861,2025-06-17 06:15:07,43.3141670227051,-8.86606502532959,"Unknown"
"7014852",371861,2025-06-17 06:20:07,43.3144264221191,-8.86550998687744,"Unknown"
"7014852",371861,2025-06-17 06:25:11,43.3146209716797,-8.86556529998779,"Unknown"
"7014852",371861,2025-06-17 06:30:11,43.3130798339844,-8.86763763427734,"Unknown"
"7014852",371861,2025-06-17 06:35:09,43.313175201416,-8.86820030212402,"Unknown"
"7014852",371861,2025-06-17 06:40:09,43.3115730285645,-8.86910247802734,"Unknown"
"7014852",371861,2025-06-17 06:45:11,43.3126411437988,-8.86879920959473,"Unknown"
"7014852",371861,2025-06-17 06:50:09,43.3127822875977,-8.86879348754883,"Unknown"
"7014852",371861,2025-06-17 06:55:12,43.3133544921875,-8.86765766143799,"Unknown"
"7014852",371861,2025-06-17 07:00:08,43.3134651184082,-8.867751121521,"Unknown"
"7014852",371861,2025-06-17 07:05:16,43.3134994506836,-8.8676290512085,"Unknown"
"7014852",371861,2025-06-17 07:10:08,43.3129272460938,-8.86806774139404,"Unknown"
"7014852",371861,2025-06-17 07:15:10,43.3134536743164,-8.86765766143799,"Unknown"
"7014852",371861,2025-06-17 07:20:21,43.3128395080566,-8.86799144744873,"Unknown"
"7014852",371861,2025-06-17 07:25:08,43.3116569519043,-8.86651706695557,"Unknown"
"7014852",371861,2025-06-17 07:30:11,43.3115882873535,-8.86624908447266,"Unknown"
"7014852",371861,2025-06-17 07:35:16,43.3131637573242,-8.86776447296143,"Unknown"
"7014852",371861,2025-06-17 07:40:08,43.3129043579102,-8.86809253692627,"Unknown"
"7014852",371861,2025-06-17 07:45:11,43.3142127990723,-8.86625480651855,"Unknown"
"7014852",371861,2025-06-17 07:50:09,43.3147010803223,-8.86661338806152,"Unknown"
"7014852",371861,2025-06-17 07:55:18,43.3148040771484,-8.86692047119141,"Unknown"
"7014852",371861,2025-06-17 08:00:08,43.3140830993652,-8.86520576477051,"Unknown"
"7014852",371861,2025-06-17 08:05:09,43.3142547607422,-8.86523818969727,"Unknown"
"7014852",371861,2025-06-17 08:10:09,43.3146171569824,-8.86562252044678,"Unknown"
"7014852",371861,2025-06-17 08:15:11,43.3142433166504,-8.8658971786499,"Unknown"
"7014852",371861,2025-06-17 08:20:09,43.3144187927246,-8.8665132522583,"Unknown"
"7014852",371861,2025-06-17 08:25:07,43.3234558105469,-8.85872268676758,"Unknown"
"7014852",371861,2025-06-17 08:30:08,43.3405799865723,-8.84368515014648,"Unknown"
"7014852",371861,2025-06-17 08:35:07,43.3526191711426,-8.84046936035156,"Unknown"
"7014852",371861,2025-06-17 08:40:08,43.3601303100586,-8.84116840362549,"Unknown"
"7014852",371861,2025-06-17 08:45:07,43.3602104187012,-8.84114646911621,"Unknown"
"7014852",371861,2025-06-17 08:50:07,43.3602180480957,-8.84112071990967,"Unknown"
"7014852",371861,2025-06-17 08:55:07,43.3602447509766,-8.84117412567139,"Unknown"
"7014852",371861,2025-06-17 09:00:07,43.3602561950684,-8.84119415283203,"Unknown"
"7014852",371861,2025-06-17 09:05:07,43.3602638244629,-8.84117221832275,"Unknown"
"7014852",371861,2025-06-17 09:10:07,43.3602714538574,-8.84119701385498,"Unknown"
"7014852",371861,2025-06-17 09:15:07,43.3602828979492,-8.84117126464844,"Unknown"
"7014852",371861,2025-06-17 09:20:07,43.3602333068848,-8.84109687805176,"Unknown"
"7014852",371861,2025-06-17 09:25:07,43.3602333068848,-8.8411979675293,"Unknown"
"7014852",371861,2025-06-17 09:30:07,43.3602676391602,-8.84122657775879,"Unknown"
"7014852",371861,2025-06-17 09:35:08,43.3602027893066,-8.84119129180908,"Unknown"
"7014852",371861,2025-06-17 09:40:10,43.3603553771973,-8.84115028381348,"Unknown"
"7014852",371861,2025-06-17 09:45:07,43.360179901123,-8.84106922149658,"Unknown"
"7014852",371861,2025-06-17 09:50:08,43.3602485656738,-8.84112358093262,"Unknown"
"7014852",371861,2025-06-17 09:55:35,43.3603057861328,-8.84143733978271,"Unknown"
"7014852",371861,2025-06-17 10:00:07,43.3603477478027,-8.84141731262207,"Unknown"
"7014852",371861,2025-06-17 10:05:06,43.3603591918945,-8.84141731262207,"Unknown"
"7014852",371861,2025-06-17 10:10:07,43.3603591918945,-8.8412914276123,"Unknown"
"7014852",371861,2025-06-17 10:15:07,43.3603324890137,-8.84136486053467,"Unknown"
"7014852",371861,2025-06-17 10:20:07,43.3603820800781,-8.84141063690186,"Unknown"
"7014852",371861,2025-06-17 10:25:07,43.3602638244629,-8.84151744842529,"Unknown"
"7014852",371861,2025-06-17 10:30:07,43.3603591918945,-8.841552734375,"Unknown"
"7014852",371861,2025-06-17 10:35:07,43.3602867126465,-8.84151363372803,"Unknown"
"7014852",371861,2025-06-17 10:40:35,43.3603591918945,-8.84142589569092,"Unknown"
"7014852",371861,2025-06-17 10:45:11,43.3603363037109,-8.8414888381958,"Unknown"
"7014852",371861,2025-06-17 10:50:07,43.3603668212891,-8.84105968475342,"Unknown"
"7014852",371861,2025-06-17 10:55:07,43.3603439331055,-8.84140777587891,"Unknown"
"7014852",371861,2025-06-17 11:00:07,43.3603744506836,-8.84127807617188,"Unknown"
"7014852",371861,2025-06-17 11:05:07,43.360408782959,-8.84162330627441,"Unknown"
"7014852",371861,2025-06-17 11:10:07,43.3603172302246,-8.84140300750732,"Unknown"
"7014852",371861,2025-06-17 11:15:08,43.3604202270508,-8.84122371673584,"Unknown"
"7014852",371861,2025-06-17 11:20:08,43.3604393005371,-8.8414306640625,"Unknown"
"7014852",371861,2025-06-17 11:25:10,43.3603935241699,-8.84125328063965,"Unknown"
"7014852",371861,2025-06-17 11:30:35,43.3603782653809,-8.84140777587891,"Unknown"
"7014852",371861,2025-06-17 11:35:06,43.352481842041,-8.85109519958496,"Unknown"
"7014852",371861,2025-06-17 11:40:06,43.3427391052246,-8.83727550506592,"Unknown"
"7014852",371861,2025-06-17 11:45:06,43.3200531005859,-8.86320781707764,"Unknown"
"7014852",371861,2025-06-17 11:50:06,43.3186798095703,-8.8985538482666,"Unknown"
"7014852",371861,2025-06-17 11:55:06,43.3039360046387,-8.92522048950195,"Unknown"
"7014852",371861,2025-06-17 12:00:06,43.3097763061523,-8.96454429626465,"Unknown"
"7014852",371861,2025-06-17 12:05:06,43.3313598632812,-8.99298191070557,"Unknown"
"7014852",371861,2025-06-17 12:10:06,43.3511047363281,-9.01312065124512,"Unknown"
"7014852",371861,2025-06-17 12:15:07,43.3698196411133,-9.0167064666748,"Unknown"
"7014852",371861,2025-06-17 12:20:06,43.3785552978516,-9.0059232711792,"Unknown"
"7014852",371861,2025-06-17 12:25:07,43.378791809082,-8.99972534179688,"Unknown"
"7014852",371861,2025-06-17 12:30:07,43.3619003295898,-9.0372142791748,"Unknown"
"7014852",371861,2025-06-17 12:35:07,43.316951751709,-9.04138469696045,"Unknown"
"7014852",371861,2025-06-17 12:40:07,43.2922859191895,-9.04591655731201,"Unknown"
"7014852",371861,2025-06-17 12:45:07,43.2868843078613,-9.03383827209473,"Unknown"
"7014852",371861,2025-06-17 12:50:07,43.2847900390625,-9.02121639251709,"Unknown"
"7014852",371861,2025-06-17 12:55:08,43.2800979614258,-9.01973724365234,"Unknown"
"7014852",371861,2025-06-17 13:00:08,43.2681312561035,-9.01796245574951,"Unknown"
"7014852",371861,2025-06-17 13:05:08,43.2573356628418,-9.01070690155029,"Unknown"
"7014852",371861,2025-06-17 13:10:07,43.2499237060547,-9.00594520568848,"Unknown"
"7014852",371861,2025-06-17 13:15:07,43.2439041137695,-9.00054836273193,"Unknown"
"7014852",371861,2025-06-17 13:20:09,43.242057800293,-8.9986515045166,"Unknown"
"7014852",371861,2025-06-17 13:25:08,43.2407112121582,-8.9970178604126,"Unknown"
"7014852",371861,2025-06-17 13:30:09,43.2386360168457,-8.99552631378174,"Unknown"
"7014852",371861,2025-06-17 13:35:10,43.2360572814941,-8.99560165405273,"Unknown"
"7014852",371861,2025-06-17 13:40:07,43.2355117797852,-8.99653053283691,"Unknown"
"7014852",371861,2025-06-17 13:45:07,43.2209968566895,-9.00356388092041,"Unknown"
"7014852",371861,2025-06-17 13:50:08,43.2160530090332,-8.99790668487549,"Unknown"
"7014852",371861,2025-06-17 13:55:10,43.2161445617676,-8.99777030944824,"Unknown"
"7014852",371861,2025-06-17 14:00:08,43.2167282104492,-8.99760913848877,"Unknown"
"7014852",371861,2025-06-17 14:05:08,43.2163696289062,-8.9976282119751,"Unknown"
"7014852",371861,2025-06-17 14:10:08,43.2165679931641,-8.99762916564941,"Unknown"
"7014852",371861,2025-06-17 14:15:09,43.216480255127,-8.99783325195312,"Unknown"
"7014852",371861,2025-06-17 14:20:09,43.2165832519531,-8.99784851074219,"Unknown"
"7014852",371861,2025-06-17 14:25:08,43.2166213989258,-8.99783611297607,"Unknown"
"7014852",371861,2025-06-17 14:30:11,43.216381072998,-8.99765968322754,"Unknown"
"7014852",371861,2025-06-17 14:35:08,43.2165946960449,-8.99772357940674,"Unknown"
"7014852",371861,2025-06-17 14:40:09,43.2164306640625,-8.99771785736084,"Unknown"
"7014852",371861,2025-06-17 14:45:11,43.2163696289062,-8.99772262573242,"Unknown"
"7014852",371861,2025-06-17 14:50:12,43.2173347473145,-9.0046329498291,"Unknown"
"7014852",371861,2025-06-17 14:55:15,43.2172355651855,-9.0047082901001,"Unknown"
"7014852",371861,2025-06-17 15:00:15,43.2172775268555,-9.00457286834717,"Unknown"
"7014852",371861,2025-06-17 15:05:19,43.2174873352051,-9.00453472137451,"Unknown"
"7014852",371861,2025-06-17 15:10:09,43.2282867431641,-9.00402927398682,"Unknown"
"7014852",371861,2025-06-17 15:15:08,43.2353706359863,-9.00458717346191,"Unknown"
"7014852",371861,2025-06-17 15:20:08,43.2521095275879,-8.99722766876221,"Unknown"
"7014852",371861,2025-06-17 15:25:08,43.265811920166,-8.98759078979492,"Unknown"
"7014852",371861,2025-06-17 15:30:08,43.2816772460938,-8.98448848724365,"Unknown"
"7014852",371861,2025-06-17 15:35:09,43.2877044677734,-8.96113204956055,"Unknown"
"7014852",371861,2025-06-17 15:40:08,43.2870674133301,-8.93362331390381,"Unknown"
"7014852",371861,2025-06-17 15:45:08,43.2989387512207,-8.91888427734375,"Unknown"
"7014852",371861,2025-06-17 15:50:09,43.3115539550781,-8.91516590118408,"Unknown"
"7014852",371861,2025-06-17 15:55:08,43.3196334838867,-8.89957427978516,"Unknown"
"7014852",371861,2025-06-17 16:00:16,43.322826385498,-8.86636352539062,"Unknown"
"7014852",371861,2025-06-17 16:05:16,43.3208885192871,-8.85412120819092,"Unknown"
"7014852",371861,2025-06-17 16:10:12,43.3354644775391,-8.84858322143555,"Unknown"
"7014852",371861,2025-06-17 16:15:12,43.3607063293457,-8.84679889678955,"Unknown"
"7014852",371861,2025-06-17 16:20:12,43.3622512817383,-8.8393383026123,"Unknown"
"7014852",371861,2025-06-17 16:25:11,43.3618278503418,-8.83992385864258,"Unknown"
"7014852",371861,2025-06-17 16:30:11,43.3618927001953,-8.83988189697266,"Unknown"
"7014852",371861,2025-06-17 16:35:09,43.3616371154785,-8.84021472930908,"Unknown"
"7014852",371861,2025-06-17 16:40:10,43.361572265625,-8.84029769897461,"Unknown"
"7014852",371861,2025-06-17 16:45:11,43.3613204956055,-8.84068489074707,"Unknown"
"7014852",371861,2025-06-17 16:50:10,43.361515045166,-8.84037399291992,"Unknown"
"7014852",371861,2025-06-17 16:55:09,43.3613052368164,-8.84068393707275,"Unknown"
"7014852",371861,2025-06-17 17:00:09,43.3612937927246,-8.84076023101807,"Unknown"
"7014852",371861,2025-06-17 17:05:09,43.3611259460449,-8.84099674224854,"Unknown"
"7014852",371861,2025-06-17 17:10:18,43.3610687255859,-8.84106826782227,"Unknown"
"7014852",371861,2025-06-17 17:15:09,43.3611030578613,-8.84109115600586,"Unknown"
"7014852",371861,2025-06-17 17:20:12,43.3608360290527,-8.84153842926025,"Unknown"
"7014852",371861,2025-06-17 17:25:08,43.3610000610352,-8.84123706817627,"Unknown"
"7014852",371861,2025-06-17 17:30:17,43.3609809875488,-8.84156799316406,"Unknown"
"7014852",371861,2025-06-17 17:35:08,43.3608894348145,-8.84153366088867,"Unknown"
"7014852",371861,2025-06-17 17:40:09,43.3610496520996,-8.84126853942871,"Unknown"
"7014852",371861,2025-06-17 17:45:10,43.3611183166504,-8.84148406982422,"Unknown"
"7014852",371861,2025-06-17 17:50:11,43.3608245849609,-8.84138774871826,"Unknown"
"7014852",371861,2025-06-17 17:55:10,43.3610305786133,-8.8412389755249,"Unknown"
"7014852",371861,2025-06-17 18:00:12,43.3610038757324,-8.84134960174561,"Unknown"
"7014852",371861,2025-06-17 18:05:12,43.3609313964844,-8.84126663208008,"Unknown"
"7014852",371861,2025-06-17 18:10:09,43.3609390258789,-8.84152603149414,"Unknown"
"7014852",371861,2025-06-17 18:15:11,43.3608665466309,-8.84149169921875,"Unknown"
"7014852",371861,2025-06-17 18:20:10,43.3608894348145,-8.84152889251709,"Unknown"
"7014852",371861,2025-06-17 18:25:10,43.3610191345215,-8.84157562255859,"Unknown"
"7014852",371861,2025-06-17 18:30:09,43.3609237670898,-8.84157562255859,"Unknown"
"7014852",371861,2025-06-17 18:35:09,43.3609466552734,-8.8416919708252,"Unknown"
"7014852",371861,2025-06-17 18:40:13,43.3610610961914,-8.84179210662842,"Unknown"
"7014852",371861,2025-06-17 18:45:09,43.3610038757324,-8.84173393249512,"Unknown"
"7014852",371861,2025-06-17 18:50:11,43.3612670898438,-8.84183120727539,"Unknown"
"7014852",371861,2025-06-17 18:55:12,43.3609848022461,-8.84190464019775,"Unknown"
"7014852",371861,2025-06-17 19:00:10,43.360912322998,-8.84176349639893,"Unknown"
"7014852",371861,2025-06-17 19:05:11,43.3609237670898,-8.84187602996826,"Unknown"
"7014852",371861,2025-06-17 19:10:11,43.3598251342773,-8.84245777130127,"Unknown"
"7014852",371861,2025-06-17 19:15:17,43.3606948852539,-8.84170436859131,"Unknown"
"7014852",371861,2025-06-17 19:20:09,43.3607940673828,-8.84172630310059,"Unknown"
"7014852",371861,2025-06-17 19:25:09,43.3605575561523,-8.84142780303955,"Unknown"
"7014852",371861,2025-06-17 19:30:11,43.3615570068359,-8.84319019317627,"Unknown"
"7014852",371861,2025-06-17 19:35:16,43.3603172302246,-8.84170341491699,"Unknown"
"7014852",371861,2025-06-17 19:40:10,43.360279083252,-8.8415994644165,"Unknown"
"7014852",371861,2025-06-17 19:45:11,43.3601608276367,-8.8417329788208,"Unknown"
"7014852",371861,2025-06-17 19:50:10,43.3601036071777,-8.84177303314209,"Unknown"
"7014852",371861,2025-06-17 19:55:10,43.3605422973633,-8.84110355377197,"Unknown"
"7014852",371861,2025-06-17 20:00:13,43.3604583740234,-8.84132099151611,"Unknown"
"7014852",371861,2025-06-17 20:05:11,43.3602447509766,-8.84155941009521,"Unknown"
"7014852",371861,2025-06-17 20:10:10,43.3602676391602,-8.84150505065918,"Unknown"
"7014852",371861,2025-06-17 20:15:10,43.360294342041,-8.84153747558594,"Unknown"
"7014852",371861,2025-06-17 20:20:10,43.3606376647949,-8.84116172790527,"Unknown"
"7014852",371861,2025-06-17 20:25:10,43.3599433898926,-8.84151554107666,"Unknown"
"7014852",371861,2025-06-17 20:30:09,43.3606338500977,-8.84073829650879,"Unknown"
"7014852",371861,2025-06-17 20:35:09,43.3605575561523,-8.84076881408691,"Unknown"
"7014852",371861,2025-06-17 20:40:16,43.3605079650879,-8.84097957611084,"Unknown"
"7014852",371861,2025-06-17 20:45:10,43.3605842590332,-8.84097862243652,"Unknown"
"7014852",371861,2025-06-17 20:50:10,43.3605499267578,-8.84107112884521,"Unknown"
"7014852",371861,2025-06-17 20:55:10,43.3605346679688,-8.84093761444092,"Unknown"
"7014852",371861,2025-06-17 21:00:10,43.3605155944824,-8.8410062789917,"Unknown"
"7014852",371861,2025-06-17 21:05:14,43.3605422973633,-8.84100723266602,"Unknown"
"7014852",371861,2025-06-18 02:05:35,43.360408782959,-8.84125900268555,"Unknown"
"7014852",371861,2025-06-18 05:00:29,43.380744934082,-8.87075042724609,"Unknown"
"7014852",371861,2025-06-18 05:05:28,43.3998222351074,-8.89066886901855,"Unknown"
"7014852",371861,2025-06-18 05:10:27,43.4220733642578,-8.89005756378174,"Unknown"
"7014852",371861,2025-06-18 05:15:30,43.4372215270996,-8.8959846496582,"Unknown"
"7014852",371861,2025-06-18 05:20:25,43.4383888244629,-8.89515781402588,"Unknown"
"7014852",371861,2025-06-18 05:25:29,43.4386405944824,-8.89418601989746,"Unknown"
"7014852",371861,2025-06-18 05:30:33,43.4364013671875,-8.89654064178467,"Unknown"
"7014852",371861,2025-06-18 05:35:44,43.4328422546387,-8.89917087554932,"Unknown"
"7014852",371861,2025-06-18 05:40:20,43.432746887207,-8.90046501159668,"Unknown"
"7014852",371861,2025-06-18 05:45:14,43.4300270080566,-8.90172386169434,"Unknown"
"7014852",371861,2025-06-18 05:50:15,43.4297294616699,-8.90303325653076,"Unknown"
"7014852",371861,2025-06-18 05:55:31,43.4273834228516,-8.90560436248779,"Unknown"
"7014852",371861,2025-06-18 06:00:16,43.4115219116211,-8.92070865631104,"Unknown"
"7014852",371861,2025-06-18 06:05:34,43.4101905822754,-8.92155170440674,"Unknown"
"7014852",371861,2025-06-18 06:10:13,43.4089584350586,-8.92247676849365,"Unknown"
"7014852",371861,2025-06-18 06:15:13,43.399787902832,-8.92824459075928,"Unknown"
"7014852",371861,2025-06-18 06:20:12,43.3986473083496,-8.93123340606689,"Unknown"
"7014852",371861,2025-06-18 06:25:13,43.3937339782715,-8.93733024597168,"Unknown"
"7014852",371861,2025-06-18 06:30:12,43.3908920288086,-8.94329357147217,"Unknown"
"7014852",371861,2025-06-18 06:35:44,43.3909034729004,-8.94409465789795,"Unknown"
"7014852",371861,2025-06-18 06:40:13,43.3830070495605,-8.9239616394043,"Unknown"
"7014852",371861,2025-06-18 06:45:12,43.3736801147461,-8.88570022583008,"Unknown"
"7014852",371861,2025-06-18 06:50:12,43.3620758056641,-8.84528636932373,"Unknown"
"7014852",371861,2025-06-18 06:55:12,43.3619194030762,-8.83777809143066,"Unknown"
"7014852",371861,2025-06-18 07:00:14,43.3606567382812,-8.84116268157959,"Unknown"
"7014852",371861,2025-06-18 07:05:12,43.360954284668,-8.84128379821777,"Unknown"
"7014852",371861,2025-06-18 07:10:16,43.3608589172363,-8.84121990203857,"Unknown"
"7014852",371861,2025-06-18 07:15:15,43.3608016967773,-8.84120273590088,"Unknown"
"7014852",371861,2025-06-18 07:20:14,43.3607711791992,-8.84114360809326,"Unknown"
"7014852",371861,2025-06-18 07:25:14,43.3607177734375,-8.84116649627686,"Unknown"
"7014852",371861,2025-06-18 07:30:14,43.3608245849609,-8.84122943878174,"Unknown"
"7014852",371861,2025-06-18 07:35:12,43.36083984375,-8.84126472473145,"Unknown"
"7014852",371861,2025-06-18 07:40:15,43.3607559204102,-8.84108448028564,"Unknown"
"7014852",371861,2025-06-18 07:45:23,43.3604736328125,-8.84117603302002,"Unknown"
"7014852",371861,2025-06-18 07:50:15,43.360767364502,-8.84129524230957,"Unknown"
"7014852",371861,2025-06-18 07:55:16,43.3606185913086,-8.84152698516846,"Unknown"
"7014852",371861,2025-06-18 08:00:35,43.3603553771973,-8.84111404418945,"Unknown"
"7014852",371861,2025-06-18 08:05:12,43.3603820800781,-8.8409538269043,"Unknown"
"7014852",371861,2025-06-18 08:10:12,43.3603553771973,-8.84086132049561,"Unknown"
"7014852",371861,2025-06-18 08:15:16,43.3602409362793,-8.84115982055664,"Unknown"
"7014852",371861,2025-06-18 08:20:13,43.3603324890137,-8.84111309051514,"Unknown"
"7014852",371861,2025-06-18 08:25:12,43.3603477478027,-8.84106349945068,"Unknown"
"7014852",371861,2025-06-18 08:30:13,43.3603973388672,-8.84078788757324,"Unknown"
"7014852",371861,2025-06-18 08:35:12,43.360294342041,-8.84123229980469,"Unknown"
"7014852",371861,2025-06-18 08:40:13,43.360279083252,-8.84167671203613,"Unknown"
"7014852",371861,2025-06-18 08:45:13,43.3602905273438,-8.84106826782227,"Unknown"
"7014852",371861,2025-06-18 08:50:14,43.3603858947754,-8.84062671661377,"Unknown"
"7014852",371861,2025-06-18 08:55:15,43.3602142333984,-8.84180545806885,"Unknown"
"7014852",371861,2025-06-18 09:00:13,43.360237121582,-8.84193515777588,"Unknown"
"7014852",371861,2025-06-18 09:05:16,43.3602905273438,-8.84087181091309,"Unknown"
"7014852",371861,2025-06-18 09:10:15,43.3603248596191,-8.84094047546387,"Unknown"
"7014852",371861,2025-06-18 09:15:16,43.3602676391602,-8.84138202667236,"Unknown"
"7014852",371861,2025-06-18 09:20:16,43.360221862793,-8.84174633026123,"Unknown"
"7014852",371861,2025-06-18 09:25:14,43.3601951599121,-8.84123420715332,"Unknown"
"7014852",371861,2025-06-18 09:30:18,43.3603134155273,-8.84127998352051,"Unknown"
"7014852",371861,2025-06-18 09:35:16,43.3602485656738,-8.84159469604492,"Unknown"
"7014852",371861,2025-06-18 09:40:13,43.3602104187012,-8.84105110168457,"Unknown"
"7014852",371861,2025-06-18 09:45:16,43.360221862793,-8.84152221679688,"Unknown"
"7014852",371861,2025-06-18 09:50:15,43.3601875305176,-8.84185791015625,"Unknown"
"7014852",371861,2025-06-18 09:55:23,43.3602256774902,-8.84145641326904,"Unknown"
"7014852",371861,2025-06-18 10:00:17,43.3594779968262,-8.84136009216309,"Unknown"
"7014852",371861,2025-06-18 10:05:14,43.3603858947754,-8.84156894683838,"Unknown"
"7014852",371861,2025-06-18 10:10:35,43.3603515625,-8.841477394104,"Unknown"
"7014852",371861,2025-06-18 10:15:14,43.3603019714355,-8.84145164489746,"Unknown"
"7014852",371861,2025-06-18 10:20:12,43.3603782653809,-8.8414306640625,"Unknown"
"7014852",371861,2025-06-18 10:25:11,43.3603820800781,-8.84133625030518,"Unknown"
"7014852",371861,2025-06-18 10:30:12,43.3603782653809,-8.84145164489746,"Unknown"
"7014852",371861,2025-06-18 10:35:12,43.3603553771973,-8.84149551391602,"Unknown"
"7014852",371861,2025-06-18 10:40:16,43.3603172302246,-8.84168338775635,"Unknown"
"7014852",371861,2025-06-18 10:45:14,43.3603858947754,-8.84147834777832,"Unknown"
"7014852",371861,2025-06-18 10:50:12,43.3603897094727,-8.84123039245605,"Unknown"
"7014852",371861,2025-06-18 10:55:11,43.3604507446289,-8.84127521514893,"Unknown"
"7014852",371861,2025-06-18 11:00:12,43.3604278564453,-8.84137439727783,"Unknown"
"7014852",371861,2025-06-18 11:05:37,43.3608818054199,-8.8440113067627,"Unknown"
"7014852",371861,2025-06-18 11:10:12,43.3531188964844,-8.8698205947876,"Unknown"
"7014852",371861,2025-06-18 11:15:11,43.3482666015625,-8.90385437011719,"Unknown"
"7014852",371861,2025-06-18 11:20:11,43.343692779541,-8.939377784729,"Unknown"
"7014852",371861,2025-06-18 11:25:12,43.3358612060547,-8.97573566436768,"Unknown"
"7014852",371861,2025-06-18 11:30:11,43.3269462585449,-9.0087366104126,"Unknown"
"7014852",371861,2025-06-18 11:35:11,43.3430595397949,-9.03191947937012,"Unknown"
"7014852",371861,2025-06-18 11:40:11,43.3668251037598,-9.03214550018311,"Unknown"
"7014852",371861,2025-06-18 11:45:11,43.3932876586914,-9.01849937438965,"Unknown"
"7014852",371861,2025-06-18 11:50:12,43.3984336853027,-9.00795650482178,"Unknown"
"7014852",371861,2025-06-18 11:55:16,43.399959564209,-9.00277519226074,"Unknown"
"7014852",371861,2025-06-18 12:00:14,43.401237487793,-9.0004940032959,"Unknown"
"7014852",371861,2025-06-18 12:05:14,43.4018669128418,-8.99274635314941,"Unknown"
"7014852",371861,2025-06-18 12:10:13,43.4031143188477,-8.99352741241455,"Unknown"
"7014852",371861,2025-06-18 12:15:16,43.4048347473145,-8.97968292236328,"Unknown"
"7014852",371861,2025-06-18 12:20:15,43.4060401916504,-8.97240734100342,"Unknown"
"7014852",371861,2025-06-18 12:25:19,43.4071159362793,-8.97291851043701,"Unknown"
"7014852",371861,2025-06-18 12:30:12,43.4081192016602,-8.97309017181396,"Unknown"
"7014852",371861,2025-06-18 12:35:13,43.4093627929688,-8.97367858886719,"Unknown"
"7014852",371861,2025-06-18 12:40:12,43.4207954406738,-8.98958873748779,"Unknown"
"7014852",371861,2025-06-18 12:45:13,43.4363021850586,-9.01288509368896,"Unknown"
"7014852",371861,2025-06-18 12:50:13,43.4444961547852,-9.03743362426758,"Unknown"
"7014852",371861,2025-06-18 12:55:13,43.4576187133789,-9.0689640045166,"Unknown"
"7014852",371861,2025-06-18 13:00:12,43.4687042236328,-9.10226726531982,"Unknown"
"7014852",371861,2025-06-18 13:05:13,43.4731216430664,-9.13302040100098,"Unknown"
"7014852",371861,2025-06-18 13:10:13,43.477668762207,-9.16382884979248,"Unknown"
"7014852",371861,2025-06-18 13:20:13,43.489933013916,-9.18138122558594,"Unknown"
"7014852",371861,2025-06-18 13:25:24,43.4883804321289,-9.18110466003418,"Unknown"
"7014852",371861,2025-06-18 13:30:15,43.4872856140137,-9.18067264556885,"Unknown"
"7014852",371861,2025-06-18 13:35:16,43.4898567199707,-9.18016529083252,"Unknown"
"7014852",371861,2025-06-18 13:40:45,43.4892654418945,-9.17979907989502,"Unknown"
"7014852",371861,2025-06-18 13:45:59,43.4895515441895,-9.17949485778809,"Unknown"
"7014852",371861,2025-06-18 13:50:12,43.4902038574219,-9.17897796630859,"Unknown"
"7014852",371861,2025-06-18 13:55:14,43.4916687011719,-9.17716598510742,"Unknown"
"7014852",371861,2025-06-18 14:01:03,43.492057800293,-9.17541313171387,"Unknown"
"7014852",371861,2025-06-18 14:05:15,43.4923515319824,-9.17434597015381,"Unknown"
"7014852",371861,2025-06-18 14:10:17,43.4926910400391,-9.1730785369873,"Unknown"
"7014852",371861,2025-06-18 14:15:17,43.4918975830078,-9.17105293273926,"Unknown"
"7014852",371861,2025-06-18 14:20:16,43.4914741516113,-9.17088317871094,"Unknown"
"7014852",371861,2025-06-18 14:25:17,43.4913215637207,-9.17013740539551,"Unknown"
"7014852",371861,2025-06-18 14:30:15,43.4920692443848,-9.16860675811768,"Unknown"
"7014852",371861,2025-06-18 14:35:16,43.4947471618652,-9.11803150177002,"Unknown"
"7014852",371861,2025-06-18 14:40:16,43.4935493469238,-9.0919361114502,"Unknown"
"7014852",371861,2025-06-18 14:45:17,43.4925422668457,-9.09146976470947,"Unknown"
"7014852",371861,2025-06-18 14:50:15,43.4809608459473,-9.08239459991455,"Unknown"
"7014852",371861,2025-06-18 14:55:15,43.4699554443359,-9.06113147735596,"Unknown"
"7014852",371861,2025-06-18 15:00:16,43.4531173706055,-9.02548122406006,"Unknown"
"7014852",371861,2025-06-18 15:05:16,43.4378662109375,-8.99334907531738,"Unknown"
"7014852",371861,2025-06-18 15:10:18,43.4182548522949,-8.95571422576904,"Unknown"
"7014852",371861,2025-06-18 15:15:17,43.3943748474121,-8.92628383636475,"Unknown"
"7014852",371861,2025-06-18 15:20:18,43.3834342956543,-8.89532375335693,"Unknown"
"7014852",371861,2025-06-18 15:25:18,43.3689880371094,-8.8626766204834,"Unknown"
"7014852",371861,2025-06-18 15:31:00,43.3556632995605,-8.85040283203125,"Unknown"
"7014852",371861,2025-06-18 15:35:33,43.3603134155273,-8.84145069122314,"Unknown"
"7014852",371861,2025-06-18 15:40:15,43.3603858947754,-8.84146499633789,"Unknown"
"7014852",371861,2025-06-18 15:45:14,43.3605575561523,-8.84150409698486,"Unknown"
"7014852",371861,2025-06-18 15:50:13,43.3605346679688,-8.84154987335205,"Unknown"
"7014852",371861,2025-06-18 15:55:35,43.3604965209961,-8.84148693084717,"Unknown"
"7014852",371861,2025-06-18 16:00:12,43.3605117797852,-8.84143352508545,"Unknown"
"7014852",371861,2025-06-18 16:05:17,43.3604965209961,-8.84147548675537,"Unknown"
"7014852",371861,2025-06-18 16:10:14,43.3604316711426,-8.84187602996826,"Unknown"
"7014852",371861,2025-06-18 16:15:17,43.3608779907227,-8.84094429016113,"Unknown"
"7014852",371861,2025-06-18 16:20:16,43.3604431152344,-8.84156608581543,"Unknown"
"7014852",371861,2025-06-18 16:25:16,43.3607711791992,-8.8412036895752,"Unknown"
"7014852",371861,2025-06-18 16:30:17,43.3608551025391,-8.84107112884521,"Unknown"
"7014852",371861,2025-06-18 16:35:20,43.3605728149414,-8.84145545959473,"Unknown"
"7014852",371861,2025-06-18 16:40:22,43.3605308532715,-8.84140014648438,"Unknown"
"7014852",371861,2025-06-18 16:45:17,43.3607635498047,-8.8411808013916,"Unknown"
"7014852",371861,2025-06-18 16:50:17,43.3604583740234,-8.84145832061768,"Unknown"
"7014852",371861,2025-06-18 16:55:17,43.3608932495117,-8.84089183807373,"Unknown"
"7014852",371861,2025-06-18 17:00:18,43.3609733581543,-8.84078216552734,"Unknown"
"7014852",371861,2025-06-18 17:05:17,43.3610534667969,-8.84081840515137,"Unknown"
"7014852",371861,2025-06-18 17:10:19,43.3607864379883,-8.84099674224854,"Unknown"
"7014852",371861,2025-06-18 17:15:22,43.3604583740234,-8.84120273590088,"Unknown"
"7014852",371861,2025-06-18 17:20:17,43.360710144043,-8.84118461608887,"Unknown"
"7014852",371861,2025-06-18 17:25:23,43.3604125976562,-8.8413610458374,"Unknown"
"7014852",371861,2025-06-18 17:30:25,43.3603858947754,-8.84139537811279,"Unknown"
"7014852",371861,2025-06-18 17:35:25,43.3603935241699,-8.84128379821777,"Unknown"
"7014852",371861,2025-06-18 17:40:35,43.3603553771973,-8.84142208099365,"Unknown"
"7014852",371861,2025-06-18 17:45:13,43.3603591918945,-8.84154415130615,"Unknown"
"7014852",371861,2025-06-18 17:50:13,43.3603858947754,-8.84148979187012,"Unknown"
"7014852",371861,2025-06-18 17:55:13,43.3603515625,-8.84138965606689,"Unknown"
"7014852",371861,2025-06-18 18:00:12,43.3603935241699,-8.84139442443848,"Unknown"
"7014852",371861,2025-06-18 18:05:12,43.3603744506836,-8.84139060974121,"Unknown"
"7014852",371861,2025-06-18 18:10:12,43.3603248596191,-8.84151363372803,"Unknown"
"7014852",371861,2025-06-18 18:15:12,43.3603553771973,-8.84152793884277,"Unknown"
"7014852",371861,2025-06-18 18:20:12,43.3603706359863,-8.84146308898926,"Unknown"
"7014852",371861,2025-06-18 18:25:12,43.3603935241699,-8.84149074554443,"Unknown"
"7014852",371861,2025-06-18 18:30:12,43.3603439331055,-8.84156513214111,"Unknown"
"7014852",371861,2025-06-18 18:35:12,43.3603324890137,-8.84158515930176,"Unknown"
"7014852",371861,2025-06-18 18:40:12,43.3603477478027,-8.84160804748535,"Unknown"
"7014852",371861,2025-06-18 18:45:13,43.3604202270508,-8.84160041809082,"Unknown"
"7014852",371861,2025-06-18 18:50:13,43.3604049682617,-8.84140205383301,"Unknown"
"7014852",371861,2025-06-18 18:55:14,43.3604125976562,-8.84163379669189,"Unknown"
"7014852",371861,2025-06-18 19:00:13,43.3603706359863,-8.84159183502197,"Unknown"
"7014852",371861,2025-06-18 19:05:14,43.3604393005371,-8.8416576385498,"Unknown"
"7014852",371861,2025-06-18 19:10:14,43.3604011535645,-8.84180068969727,"Unknown"
"7014852",371861,2025-06-18 19:15:15,43.3605422973633,-8.84188079833984,"Unknown"
"7014852",371861,2025-06-18 19:20:16,43.3605461120605,-8.84183597564697,"Unknown"
"7014852",371861,2025-06-18 19:25:16,43.3607063293457,-8.8421516418457,"Unknown"
"7014852",371861,2025-06-18 19:30:28,43.3602714538574,-8.84137344360352,"Unknown"
"7014852",371861,2025-06-18 19:35:28,43.360279083252,-8.84134578704834,"Unknown"
"7014852",371861,2025-06-18 19:40:27,43.3602027893066,-8.8414134979248,"Unknown"
"7014852",371861,2025-06-18 19:45:27,43.3602867126465,-8.84142971038818,"Unknown"
"7014852",371861,2025-06-18 19:50:25,43.3603401184082,-8.84139728546143,"Unknown"
"7014852",371861,2025-06-18 19:55:26,43.3603782653809,-8.84147548675537,"Unknown"
"7014852",371861,2025-06-18 20:00:34,43.3603515625,-8.84141635894775,"Unknown"
"7014852",371861,2025-06-18 20:05:13,43.3603477478027,-8.84139728546143,"Unknown"
"7014852",371861,2025-06-18 20:10:13,43.3603668212891,-8.84139633178711,"Unknown"
"7014852",371861,2025-06-18 20:15:13,43.3603630065918,-8.84134006500244,"Unknown"
"7014852",371861,2025-06-18 20:20:13,43.3601722717285,-8.8415641784668,"Unknown"
"7014852",371861,2025-06-18 20:25:14,43.3604927062988,-8.84122943878174,"Unknown"
"7014852",371861,2025-06-18 20:30:15,43.3603706359863,-8.84132766723633,"Unknown"
"7014852",371861,2025-06-18 20:35:13,43.3603477478027,-8.84151077270508,"Unknown"
"7014852",371861,2025-06-18 20:40:18,43.3603324890137,-8.8412914276123,"Unknown"
"7014852",371861,2025-06-18 20:45:14,43.3603057861328,-8.84130859375,"Unknown"
"7014852",371861,2025-06-18 20:50:14,43.3603057861328,-8.84133815765381,"Unknown"
"7014852",371861,2025-06-18 20:55:14,43.3603439331055,-8.84134006500244,"Unknown"
"7014852",371861,2025-06-18 21:00:12,43.3603248596191,-8.84131717681885,"Unknown"
"7014852",371861,2025-06-18 21:05:38,43.3603515625,-8.84131908416748,"Unknown"
"7014852",371861,2025-06-19 02:06:05,43.3603363037109,-8.84140205383301,"Unknown"
"7014852",371861,2025-06-19 05:00:23,43.3601493835449,-8.84082794189453,"Unknown"
"7014852",371861,2025-06-19 05:05:32,43.3603057861328,-8.84112453460693,"Unknown"
"7014852",371861,2025-06-19 05:10:22,43.3602752685547,-8.84122562408447,"Unknown"
"7014852",371861,2025-06-19 05:15:25,43.3601951599121,-8.84094905853271,"Unknown"
"7014852",371861,2025-06-19 05:20:22,43.3601837158203,-8.84084987640381,"Unknown"
"7014852",371861,2025-06-19 05:25:33,43.3603057861328,-8.84135437011719,"Unknown"
"7014852",371861,2025-06-19 05:30:29,43.3604393005371,-8.84125423431396,"Unknown"
"7014852",371861,2025-06-19 05:35:40,43.3604354858398,-8.84144115447998,"Unknown"
"7014852",371861,2025-06-19 05:40:19,43.360424041748,-8.84134483337402,"Unknown"
"7014852",371861,2025-06-19 05:45:23,43.360523223877,-8.84157276153564,"Unknown"
"7014852",371861,2025-06-19 05:50:25,43.360237121582,-8.84120273590088,"Unknown"
"7014852",371861,2025-06-19 05:55:28,43.3603363037109,-8.84148597717285,"Unknown"
"7014852",371861,2025-06-19 06:00:19,43.3603515625,-8.8410758972168,"Unknown"
"7014852",371861,2025-06-19 06:05:23,43.3603439331055,-8.84115409851074,"Unknown"
"7014852",371861,2025-06-19 06:10:35,43.3605003356934,-8.84142589569092,"Unknown"
"7014852",371861,2025-06-19 06:15:18,43.3604545593262,-8.84142017364502,"Unknown"
"7014852",371861,2025-06-19 06:20:24,43.3602523803711,-8.84131813049316,"Unknown"
"7014852",371861,2025-06-19 06:25:21,43.3602256774902,-8.84122753143311,"Unknown"
"7014852",371861,2025-06-19 06:30:44,43.3603591918945,-8.84148216247559,"Unknown"
"7014852",371861,2025-06-19 06:35:20,43.3603057861328,-8.84133625030518,"Unknown"
"7014852",371861,2025-06-19 06:40:22,43.3603057861328,-8.84135913848877,"Unknown"
"7014852",371861,2025-06-19 06:45:26,43.3604164123535,-8.8414363861084,"Unknown"
"7014852",371861,2025-06-19 06:50:30,43.360408782959,-8.84146118164062,"Unknown"
"7014852",371861,2025-06-19 06:55:24,43.3605155944824,-8.8416166305542,"Unknown"
"7014852",371861,2025-06-19 07:00:25,43.3602447509766,-8.84071159362793,"Unknown"
"7014852",371861,2025-06-19 07:05:53,43.3604202270508,-8.84134292602539,"Unknown"
"7014852",371861,2025-06-19 07:10:24,43.360424041748,-8.84134960174561,"Unknown"
"7014852",371861,2025-06-19 07:15:23,43.3603591918945,-8.84145450592041,"Unknown"
"7014852",371861,2025-06-19 07:20:25,43.3602066040039,-8.84197807312012,"Unknown"
"7014852",371861,2025-06-19 07:25:53,43.3603782653809,-8.84138870239258,"Unknown"
"7014852",371861,2025-06-19 07:30:19,43.3604888916016,-8.84138298034668,"Unknown"
"7014852",371861,2025-06-19 07:35:19,43.3604469299316,-8.84145355224609,"Unknown"
"7014852",371861,2025-06-19 07:40:17,43.3604545593262,-8.84137916564941,"Unknown"
"7014852",371861,2025-06-19 07:45:21,43.3604507446289,-8.84133815765381,"Unknown"
"7014852",371861,2025-06-19 07:50:20,43.3604049682617,-8.84123992919922,"Unknown"
"7014852",371861,2025-06-19 07:55:44,43.3603973388672,-8.84125900268555,"Unknown"
"7014852",371861,2025-06-19 08:00:17,43.3604431152344,-8.8413610458374,"Unknown"
"7014852",371861,2025-06-19 08:05:19,43.3604049682617,-8.8413782119751,"Unknown"
"7014852",371861,2025-06-19 08:10:19,43.3603858947754,-8.84142303466797,"Unknown"
"7014852",371861,2025-06-19 08:15:18,43.3587493896484,-8.84343814849854,"Unknown"
"7014852",371861,2025-06-19 08:20:18,43.3603210449219,-8.84127330780029,"Unknown"
"7014852",371861,2025-06-19 08:25:18,43.3603439331055,-8.84138774871826,"Unknown"
"7014852",371861,2025-06-19 08:30:18,43.3604698181152,-8.84152889251709,"Unknown"
"7014852",371861,2025-06-19 08:35:22,43.3601341247559,-8.84102821350098,"Unknown"
"7014852",371861,2025-06-19 08:40:19,43.3603248596191,-8.84152698516846,"Unknown"
"7014852",371861,2025-06-19 08:45:44,43.3603515625,-8.84124374389648,"Unknown"
"7014852",371861,2025-06-19 08:50:23,43.3603477478027,-8.84136962890625,"Unknown"
"7014852",371861,2025-06-19 08:55:21,43.360424041748,-8.84115409851074,"Unknown"
"7014852",371861,2025-06-19 09:00:31,43.3603553771973,-8.84130477905273,"Unknown"
"7014852",371861,2025-06-19 09:05:20,43.3602180480957,-8.84116363525391,"Unknown"
"7014852",371861,2025-06-19 09:10:19,43.3604049682617,-8.84111595153809,"Unknown"
"7014852",371861,2025-06-19 09:15:20,43.3604011535645,-8.84120559692383,"Unknown"
"7014852",371861,2025-06-19 09:20:22,43.3604545593262,-8.84131908416748,"Unknown"
"7014852",371861,2025-06-19 09:25:19,43.3601341247559,-8.84126472473145,"Unknown"
"7014852",371861,2025-06-19 09:31:19,43.3756980895996,-8.86255168914795,"Unknown"
"7014852",371861,2025-06-19 09:35:18,43.3899841308594,-8.87462425231934,"Unknown"
"7014852",371861,2025-06-19 09:40:19,43.4137077331543,-8.89791202545166,"Unknown"
"7014852",371861,2025-06-19 09:45:19,43.4431114196777,-8.91641521453857,"Unknown"
"7014852",371861,2025-06-19 09:50:19,43.4659690856934,-8.94150257110596,"Unknown"
"7014852",371861,2025-06-19 09:55:18,43.4888305664062,-8.96849632263184,"Unknown"
"7014852",371861,2025-06-19 10:00:29,43.5188865661621,-8.99593830108643,"Unknown"
"7014852",371861,2025-06-19 10:05:26,43.5594673156738,-8.98807048797607,"Unknown"
"7014852",371861,2025-06-19 10:10:19,43.5577392578125,-8.99500560760498,"Unknown"
"7014852",371861,2025-06-19 10:15:37,43.5557594299316,-9.00203704833984,"Unknown"
"7014852",371861,2025-06-19 10:21:14,43.5537033081055,-9.009840965271,"Unknown"
"7014852",371861,2025-06-19 10:26:05,43.5721893310547,-8.99873638153076,"Unknown"
"7014852",371861,2025-06-19 10:30:18,43.5819778442383,-8.97533988952637,"Unknown"
"7014852",371861,2025-06-19 10:35:18,43.5822486877441,-8.97161865234375,"Unknown"
"7014852",371861,2025-06-19 10:40:28,43.5827102661133,-8.96768093109131,"Unknown"
"7014852",371861,2025-06-19 10:45:38,43.5837364196777,-8.96638584136963,"Unknown"
"7014852",371861,2025-06-19 10:50:36,43.5840034484863,-8.96554565429688,"Unknown"
"7014852",371861,2025-06-19 10:55:31,43.5844650268555,-8.96512699127197,"Unknown"
"7014852",371861,2025-06-19 11:00:31,43.5851097106934,-8.96501350402832,"Unknown"
"7014852",371861,2025-06-19 11:05:26,43.5849761962891,-8.96428966522217,"Unknown"
"7014852",371861,2025-06-19 11:10:25,43.584300994873,-8.96550750732422,"Unknown"
"7014852",371861,2025-06-19 11:15:55,43.5923690795898,-8.95264339447021,"Unknown"
"7014852",371861,2025-06-19 11:20:22,43.6015892028809,-8.94516563415527,"Unknown"
"7014852",371861,2025-06-19 11:25:25,43.6043472290039,-8.9429988861084,"Unknown"
"7014852",371861,2025-06-19 11:30:19,43.6077194213867,-8.94238090515137,"Unknown"
"7014852",371861,2025-06-19 11:35:21,43.6115875244141,-8.94204139709473,"Unknown"
"7014852",371861,2025-06-19 11:40:21,43.6151885986328,-8.94219493865967,"Unknown"
"7014852",371861,2025-06-19 11:45:43,43.6182594299316,-8.94165229797363,"Unknown"
"7014852",371861,2025-06-19 11:50:20,43.6208381652832,-8.94139385223389,"Unknown"
"7014852",371861,2025-06-19 11:55:31,43.6238250732422,-8.94143199920654,"Unknown"
"7014852",371861,2025-06-19 12:00:31,43.6269226074219,-8.94097995758057,"Unknown"
"7014852",371861,2025-06-19 12:05:53,43.6280288696289,-8.94290447235107,"Unknown"
"7014852",371861,2025-06-19 12:10:20,43.628719329834,-8.94417762756348,"Unknown"
"7014852",371861,2025-06-19 12:15:20,43.6296157836914,-8.9456033706665,"Unknown"
"7014852",371861,2025-06-19 12:20:21,43.6304473876953,-8.94669532775879,"Unknown"
"7014852",371861,2025-06-19 12:25:21,43.6315040588379,-8.94707489013672,"Unknown"
"7014852",371861,2025-06-19 12:30:21,43.6320762634277,-8.94705772399902,"Unknown"
"7014852",371861,2025-06-19 12:35:20,43.6324462890625,-8.9473991394043,"Unknown"
"7014852",371861,2025-06-19 12:40:19,43.6329879760742,-8.94829273223877,"Unknown"
"7014852",371861,2025-06-19 12:45:18,43.6330642700195,-8.9472599029541,"Unknown"
"7014852",371861,2025-06-19 12:50:21,43.6331520080566,-8.94652080535889,"Unknown"
"7014852",371861,2025-06-19 12:55:28,43.6328582763672,-8.94564342498779,"Unknown"
"7014852",371861,2025-06-19 13:00:24,43.6318092346191,-8.94638729095459,"Unknown"
"7014852",371861,2025-06-19 13:06:13,43.6308326721191,-8.94737911224365,"Unknown"
"7014852",371861,2025-06-19 13:10:23,43.6306381225586,-8.9480619430542,"Unknown"
"7014852",371861,2025-06-19 13:15:23,43.630615234375,-8.94885540008545,"Unknown"
"7014852",371861,2025-06-19 13:20:25,43.6292762756348,-8.94959926605225,"Unknown"
"7014852",371861,2025-06-19 13:25:24,43.6295356750488,-8.94978427886963,"Unknown"
"7014852",371861,2025-06-19 13:30:30,43.6288261413574,-8.95014381408691,"Unknown"
"7014852",371861,2025-06-19 13:35:25,43.629020690918,-8.94832611083984,"Unknown"
"7014852",371861,2025-06-19 13:40:32,43.6293678283691,-8.94745540618896,"Unknown"
"7014852",371861,2025-06-19 13:45:20,43.6293983459473,-8.94766044616699,"Unknown"
"7014852",371861,2025-06-19 13:50:22,43.6297607421875,-8.94745922088623,"Unknown"
"7014852",371861,2025-06-19 13:55:28,43.6295852661133,-8.94681453704834,"Unknown"
"7014852",371861,2025-06-19 14:00:29,43.6290893554688,-8.94663715362549,"Unknown"
"7014852",371861,2025-06-19 14:05:22,43.6299781799316,-8.9434871673584,"Unknown"
"7014852",371861,2025-06-19 14:10:20,43.6301727294922,-8.94253158569336,"Unknown"
"7014852",371861,2025-06-19 14:15:28,43.6299362182617,-8.94245624542236,"Unknown"
"7014852",371861,2025-06-19 14:20:32,43.6302337646484,-8.94150161743164,"Unknown"
"7014852",371861,2025-06-19 14:25:32,43.6289329528809,-8.94265365600586,"Unknown"
"7014852",371861,2025-06-19 14:30:32,43.6279525756836,-8.9427375793457,"Unknown"
"7014852",371861,2025-06-19 14:35:21,43.6291580200195,-8.94268989562988,"Unknown"
"7014852",371861,2025-06-19 14:41:05,43.6290588378906,-8.94318103790283,"Unknown"
"7014852",371861,2025-06-19 14:45:20,43.6285247802734,-8.94452953338623,"Unknown"
"7014852",371861,2025-06-19 14:50:21,43.6223831176758,-8.94678211212158,"Unknown"
"7014852",371861,2025-06-19 14:56:11,43.5895462036133,-8.95080280303955,"Unknown"
"7014852",371861,2025-06-19 15:00:20,43.5668449401855,-8.94481468200684,"Unknown"
"7014852",371861,2025-06-19 15:05:22,43.5402221679688,-8.92092514038086,"Unknown"
"7014852",371861,2025-06-19 15:10:22,43.5106315612793,-8.90568161010742,"Unknown"
"7014852",371861,2025-06-19 15:15:24,43.4796142578125,-8.89953422546387,"Unknown"
"7014852",371861,2025-06-19 15:20:22,43.4496192932129,-8.88491439819336,"Unknown"
"7014852",371861,2025-06-19 15:25:21,43.4183616638184,-8.86978244781494,"Unknown"
"7014852",371861,2025-06-19 15:30:23,43.3857460021973,-8.85474395751953,"Unknown"
"7014852",371861,2025-06-19 15:35:41,43.3603591918945,-8.84147357940674,"Unknown"
"7014852",371861,2025-06-19 15:40:21,43.3605003356934,-8.84152603149414,"Unknown"
"7014852",371861,2025-06-19 15:45:21,43.3607025146484,-8.84141635894775,"Unknown"
"7014852",371861,2025-06-19 15:50:23,43.3603096008301,-8.8413257598877,"Unknown"
"7014852",371861,2025-06-19 15:55:23,43.3604164123535,-8.84142303466797,"Unknown"
"7014852",371861,2025-06-19 16:00:53,43.3603744506836,-8.84136390686035,"Unknown"
"7014852",371861,2025-06-19 16:05:18,43.3603401184082,-8.84139060974121,"Unknown"
"7014852",371861,2025-06-19 16:10:18,43.3603591918945,-8.84135150909424,"Unknown"
"7014852",371861,2025-06-19 16:15:18,43.3603973388672,-8.84126853942871,"Unknown"
"7014852",371861,2025-06-19 16:20:18,43.3603820800781,-8.84139728546143,"Unknown"
"7014852",371861,2025-06-19 16:25:20,43.3604049682617,-8.84131145477295,"Unknown"
"7014852",371861,2025-06-19 16:30:19,43.360294342041,-8.84139347076416,"Unknown"
"7014852",371861,2025-06-19 16:35:19,43.3603286743164,-8.84121704101562,"Unknown"
"7014852",371861,2025-06-19 16:40:23,43.3603973388672,-8.84137344360352,"Unknown"
"7014852",371861,2025-06-19 16:45:44,43.3603019714355,-8.84136486053467,"Unknown"
"7014852",371861,2025-06-19 16:50:20,43.3603324890137,-8.84136390686035,"Unknown"
"7014852",371861,2025-06-19 16:55:21,43.360164642334,-8.84096145629883,"Unknown"
"7014852",371861,2025-06-19 17:00:34,43.3603477478027,-8.84136199951172,"Unknown"
"7014852",371861,2025-06-19 17:05:22,43.3601493835449,-8.84095573425293,"Unknown"
"7014852",371861,2025-06-19 17:11:33,43.3607711791992,-8.84386157989502,"Unknown"
"7014852",371861,2025-06-19 17:15:25,43.3608779907227,-8.84403419494629,"Unknown"
"7014852",371861,2025-06-19 17:20:19,43.3624496459961,-8.84535121917725,"Unknown"
"7014852",371861,2025-06-19 17:25:22,43.362621307373,-8.83921718597412,"Unknown"
"7014852",371861,2025-06-19 17:30:19,43.3627471923828,-8.83924961090088,"Unknown"
"7014852",371861,2025-06-19 17:35:26,43.360424041748,-8.84146785736084,"Unknown"
"7014852",371861,2025-06-19 17:40:32,43.3603286743164,-8.84145164489746,"Unknown"
"7014852",371861,2025-06-19 17:45:24,43.3603858947754,-8.84148502349854,"Unknown"
"7014852",371861,2025-06-19 17:50:23,43.360466003418,-8.84146881103516,"Unknown"
"7014852",371861,2025-06-19 17:55:22,43.3604125976562,-8.84148979187012,"Unknown"
"7014852",371861,2025-06-19 18:00:22,43.3603782653809,-8.84158706665039,"Unknown"
"7014852",371861,2025-06-19 18:05:19,43.3603515625,-8.84157752990723,"Unknown"
"7014852",371861,2025-06-19 18:10:19,43.3603706359863,-8.84158229827881,"Unknown"
"7014852",371861,2025-06-19 18:15:22,43.3603668212891,-8.84153842926025,"Unknown"
"7014852",371861,2025-06-19 18:20:19,43.360523223877,-8.84178066253662,"Unknown"
"7014852",371861,2025-06-19 18:25:34,43.3603630065918,-8.84142589569092,"Unknown"
"7014852",371861,2025-06-19 18:30:32,43.3603897094727,-8.84145259857178,"Unknown"
"7014852",371861,2025-06-19 18:35:20,43.3604011535645,-8.8414134979248,"Unknown"
"7014852",371861,2025-06-19 18:40:44,43.3603401184082,-8.8413724899292,"Unknown"
"7014852",371861,2025-06-19 18:45:20,43.3603477478027,-8.84141635894775,"Unknown"
"7014852",371861,2025-06-19 18:50:19,43.3603286743164,-8.84144687652588,"Unknown"
"7014852",371861,2025-06-19 18:55:19,43.3603858947754,-8.84149742126465,"Unknown"
"7014852",371861,2025-06-19 19:00:18,43.3603401184082,-8.84137058258057,"Unknown"
"7014852",371861,2025-06-19 19:05:19,43.3602256774902,-8.84126377105713,"Unknown"
"7014852",371861,2025-06-19 19:10:19,43.3602867126465,-8.84127235412598,"Unknown"
"7014852",371861,2025-06-19 19:15:32,43.3603973388672,-8.8414945602417,"Unknown"
"7014852",371861,2025-06-19 19:20:31,43.3604698181152,-8.84160995483398,"Unknown"
"7014852",371861,2025-06-19 19:25:31,43.3603591918945,-8.84144020080566,"Unknown"
"7014852",371861,2025-06-19 19:30:45,43.3603210449219,-8.84130954742432,"Unknown"
"7014852",371861,2025-06-19 19:35:23,43.3596534729004,-8.84026432037354,"Unknown"
"7014852",371861,2025-06-19 19:40:20,43.3603782653809,-8.84127902984619,"Unknown"
"7014852",371861,2025-06-19 19:45:21,43.3604125976562,-8.84134578704834,"Unknown"
"7014852",371861,2025-06-19 19:50:22,43.3601493835449,-8.84090042114258,"Unknown"
"7014852",371861,2025-06-19 19:55:23,43.3602256774902,-8.84111404418945,"Unknown"
"7014852",371861,2025-06-19 20:00:29,43.360725402832,-8.84116172790527,"Unknown"
"7014852",371861,2025-06-19 20:05:23,43.3607177734375,-8.84202671051025,"Unknown"
"7014852",371861,2025-06-19 20:10:19,43.3603591918945,-8.84127712249756,"Unknown"
"7014852",371861,2025-06-19 20:15:46,43.3603858947754,-8.84140968322754,"Unknown"
"7014852",371861,2025-06-19 20:20:20,43.3596611022949,-8.84365749359131,"Unknown"
"7014852",371861,2025-06-19 20:25:23,43.3603591918945,-8.84121799468994,"Unknown"
"7014852",371861,2025-06-19 20:30:25,43.3604049682617,-8.84121990203857,"Unknown"
"7014852",371861,2025-06-19 20:35:31,43.3602905273438,-8.84125709533691,"Unknown"
"7014852",371861,2025-06-19 20:40:28,43.3603210449219,-8.84130001068115,"Unknown"
"7014852",371861,2025-06-19 20:45:45,43.3602600097656,-8.84139537811279,"Unknown"
"7014852",371861,2025-06-19 20:50:21,43.3603820800781,-8.84117984771729,"Unknown"
"7014852",371861,2025-06-19 20:55:30,43.3603134155273,-8.84135437011719,"Unknown"
"7014852",371861,2025-06-19 21:00:44,43.3602828979492,-8.84146499633789,"Unknown"
"7014852",371861,2025-06-19 21:05:34,43.3603439331055,-8.84143352508545,"Unknown"
"7014852",371861,2025-06-20 02:06:05,43.360408782959,-8.84139537811279,"Unknown"
"7014852",371861,2025-06-20 05:01:00,43.3881683349609,-8.86957931518555,"Unknown"
"7014852",371861,2025-06-20 05:05:23,43.4011192321777,-8.90029907226562,"Unknown"
"7014852",371861,2025-06-20 05:10:24,43.4217910766602,-8.90943241119385,"Unknown"
"7014852",371861,2025-06-20 05:15:23,43.4401435852051,-8.89173030853271,"Unknown"
"7014852",371861,2025-06-20 05:20:25,43.4455757141113,-8.8810567855835,"Unknown"
"7014852",371861,2025-06-20 05:25:23,43.4459037780762,-8.8782958984375,"Unknown"
"7014852",371861,2025-06-20 05:30:24,43.4459800720215,-8.87929916381836,"Unknown"
"7014852",371861,2025-06-20 05:35:25,43.445728302002,-8.88148593902588,"Unknown"
"7014852",371861,2025-06-20 05:40:24,43.4443893432617,-8.88124084472656,"Unknown"
"7014852",371861,2025-06-20 05:45:22,43.4454689025879,-8.87969589233398,"Unknown"
"7014852",371861,2025-06-20 05:50:27,43.4493789672852,-8.86419296264648,"Unknown"
"7014852",371861,2025-06-20 05:55:23,43.4516410827637,-8.85616588592529,"Unknown"
"7014852",371861,2025-06-20 06:00:25,43.4518508911133,-8.85550880432129,"Unknown"
"7014852",371861,2025-06-20 06:05:29,43.4534034729004,-8.84679985046387,"Unknown"
"7014852",371861,2025-06-20 06:10:25,43.4567031860352,-8.83786392211914,"Unknown"
"7014852",371861,2025-06-20 06:15:27,43.4354362487793,-8.83403491973877,"Unknown"
"7014852",371861,2025-06-20 06:20:25,43.3926277160645,-8.84146118164062,"Unknown"
"7014852",371861,2025-06-20 06:25:26,43.3604011535645,-8.84133625030518,"Unknown"
"7014852",371861,2025-06-20 06:30:36,43.3602561950684,-8.84128475189209,"Unknown"
"7014852",371861,2025-06-20 06:35:25,43.3602638244629,-8.84117412567139,"Unknown"
"7014852",371861,2025-06-20 06:40:36,43.3602867126465,-8.8413143157959,"Unknown"
"7014852",371861,2025-06-20 06:45:44,43.3603210449219,-8.84130573272705,"Unknown"
"7014852",371861,2025-06-20 06:50:28,43.3603591918945,-8.84150695800781,"Unknown"
"7014852",371861,2025-06-20 06:55:35,43.3602294921875,-8.84130573272705,"Unknown"
"7014852",371861,2025-06-20 07:00:25,43.3602905273438,-8.84136867523193,"Unknown"
"7014852",371861,2025-06-20 07:05:43,43.3602714538574,-8.84145927429199,"Unknown"
"7014852",371861,2025-06-20 07:10:24,43.3604202270508,-8.84145355224609,"Unknown"
"7014852",371861,2025-06-20 07:15:34,43.3603324890137,-8.84129619598389,"Unknown"
"7014852",371861,2025-06-20 07:20:23,43.3603820800781,-8.84127140045166,"Unknown"
"7014852",371861,2025-06-20 07:25:36,43.3603668212891,-8.84126853942871,"Unknown"
"7014852",371861,2025-06-20 07:30:36,43.3603744506836,-8.84132957458496,"Unknown"
"7014852",371861,2025-06-20 07:35:30,43.3604011535645,-8.84133148193359,"Unknown"
"7014852",371861,2025-06-20 07:40:31,43.3603057861328,-8.84130477905273,"Unknown"
"7014852",371861,2025-06-20 07:45:59,43.3603439331055,-8.84136867523193,"Unknown"
"7014852",371861,2025-06-20 07:50:25,43.3602294921875,-8.84130859375,"Unknown"
"7014852",371861,2025-06-20 07:55:22,43.3603134155273,-8.84140110015869,"Unknown"
"7014852",371861,2025-06-20 08:00:44,43.3603019714355,-8.84129047393799,"Unknown"
"7014852",371861,2025-06-20 08:05:30,43.360523223877,-8.84169006347656,"Unknown"
"7014852",371861,2025-06-20 08:10:25,43.3602485656738,-8.8411979675293,"Unknown"
"7014852",371861,2025-06-20 08:15:23,43.3602447509766,-8.84130954742432,"Unknown"
"7014852",371861,2025-06-20 08:20:23,43.3603019714355,-8.84130477905273,"Unknown"
"7014852",371861,2025-06-20 08:25:23,43.3601760864258,-8.84105014801025,"Unknown"
"7014852",371861,2025-06-20 08:30:23,43.3603134155273,-8.841383934021,"Unknown"
"7014852",371861,2025-06-20 08:35:26,43.3603096008301,-8.84133529663086,"Unknown"
"7014852",371861,2025-06-20 08:40:29,43.3601188659668,-8.8408670425415,"Unknown"
"7014852",371861,2025-06-20 08:45:35,43.3603477478027,-8.84140777587891,"Unknown"
"7014852",371861,2025-06-20 08:50:30,43.3603820800781,-8.84147453308105,"Unknown"
"7014852",371861,2025-06-20 08:55:44,43.3603630065918,-8.84138584136963,"Unknown"
"7014852",371861,2025-06-20 09:00:25,43.3603668212891,-8.84136295318604,"Unknown"
"7014852",371861,2025-06-20 09:05:24,43.3604583740234,-8.84161949157715,"Unknown"
"7014852",371861,2025-06-20 09:10:27,43.3603401184082,-8.84136581420898,"Unknown"
"7014852",371861,2025-06-20 09:15:25,43.3600769042969,-8.84100914001465,"Unknown"
"7014852",371861,2025-06-20 09:20:30,43.3603706359863,-8.84147453308105,"Unknown"
"7014852",371861,2025-06-20 09:25:24,43.360164642334,-8.84117126464844,"Unknown"
"7014852",371861,2025-06-20 09:30:33,43.3603668212891,-8.84147453308105,"Unknown"
"7014852",371861,2025-06-20 09:35:27,43.3602333068848,-8.84172534942627,"Unknown"
"7014852",371861,2025-06-20 09:40:26,43.360408782959,-8.84189796447754,"Unknown"
"7014852",371861,2025-06-20 09:45:44,43.3603897094727,-8.84138488769531,"Unknown"
"7014852",371861,2025-06-20 09:50:27,43.3603363037109,-8.84134006500244,"Unknown"
"7014852",371861,2025-06-20 09:55:36,43.3604125976562,-8.84148025512695,"Unknown"
"7014852",371861,2025-06-20 10:00:25,43.3600463867188,-8.84115505218506,"Unknown"
"7014852",371861,2025-06-20 10:05:26,43.3693885803223,-8.85013961791992,"Unknown"
"7014852",371861,2025-06-20 10:10:59,43.3920364379883,-8.86487579345703,"Unknown"
"7014852",371861,2025-06-20 10:15:30,43.4132499694824,-8.87900161743164,"Unknown"
"7014852",371861,2025-06-20 10:20:25,43.4395065307617,-8.87994575500488,"Unknown"
"7014852",371861,2025-06-20 10:25:23,43.46533203125,-8.88398170471191,"Unknown"
"7014852",371861,2025-06-20 10:31:35,43.4994277954102,-8.8921012878418,"Unknown"
"7014852",371861,2025-06-20 10:35:27,43.5206680297852,-8.90316200256348,"Unknown"
"7014852",371861,2025-06-20 10:40:30,43.5501594543457,-8.90930366516113,"Unknown"
"7014852",371861,2025-06-20 10:45:34,43.5743064880371,-8.9325590133667,"Unknown"
"7014852",371861,2025-06-20 10:50:39,43.5916976928711,-8.95769882202148,"Unknown"
"7014852",371861,2025-06-20 10:55:36,43.5950775146484,-8.95884132385254,"Unknown"
"7014852",371861,2025-06-20 11:00:36,43.597770690918,-8.9558572769165,"Unknown"
"7014852",371861,2025-06-20 11:05:36,43.5983695983887,-8.95665168762207,"Unknown"
"7014852",371861,2025-06-20 11:10:31,43.6023902893066,-8.95464420318604,"Unknown"
"7014852",371861,2025-06-20 11:15:59,43.6050910949707,-8.95180797576904,"Unknown"
"7014852",371861,2025-06-20 11:20:24,43.605598449707,-8.95275115966797,"Unknown"
"7014852",371861,2025-06-20 11:25:29,43.6062088012695,-8.95353984832764,"Unknown"
"7014852",371861,2025-06-20 11:30:28,43.6065330505371,-8.9550313949585,"Unknown"
"7014852",371861,2025-06-20 11:35:27,43.6079940795898,-8.9533805847168,"Unknown"
"7014852",371861,2025-06-20 11:40:26,43.6167259216309,-8.94390678405762,"Unknown"
"7014852",371861,2025-06-20 11:45:26,43.6202583312988,-8.94252967834473,"Unknown"
"7014852",371861,2025-06-20 11:50:28,43.6211204528809,-8.94356727600098,"Unknown"
"7014852",371861,2025-06-20 11:55:30,43.6205978393555,-8.94541549682617,"Unknown"
"7014852",371861,2025-06-20 12:01:14,43.6209182739258,-8.9406623840332,"Unknown"
"7014852",371861,2025-06-20 12:05:25,43.5870361328125,-8.93512344360352,"Unknown"
"7014852",371861,2025-06-20 12:10:27,43.5429725646973,-8.93479251861572,"Unknown"
"7014852",371861,2025-06-20 12:15:24,43.4992561340332,-8.92978763580322,"Unknown"
"7014852",371861,2025-06-20 12:20:36,43.453197479248,-8.91811084747314,"Unknown"
"7014852",371861,2025-06-20 12:25:24,43.4153137207031,-8.89165210723877,"Unknown"
"7014852",371861,2025-06-20 12:30:36,43.3784866333008,-8.85764217376709,"Unknown"
"7014852",371861,2025-06-20 12:35:29,43.360237121582,-8.84071922302246,"Unknown"
"7014852",371861,2025-06-20 12:40:30,43.3604736328125,-8.84123134613037,"Unknown"
"7014852",371861,2025-06-20 12:45:44,43.3604774475098,-8.84129524230957,"Unknown"
"7014852",371861,2025-06-20 12:50:27,43.3604850769043,-8.84140491485596,"Unknown"
"7014852",371861,2025-06-20 12:55:23,43.3604583740234,-8.84135437011719,"Unknown"
"7014852",371861,2025-06-20 13:00:24,43.36083984375,-8.84160995483398,"Unknown"
"7014852",371861,2025-06-20 13:05:26,43.3609504699707,-8.84140586853027,"Unknown"
"7014852",371861,2025-06-20 13:10:44,43.3603858947754,-8.84128665924072,"Unknown"
"7014852",371861,2025-06-20 13:15:31,43.3605461120605,-8.84127521514893,"Unknown"
"7014852",371861,2025-06-20 13:20:24,43.3603744506836,-8.84124851226807,"Unknown"
"7014852",371861,2025-06-20 13:25:32,43.3600654602051,-8.84133338928223,"Unknown"
"7014852",371861,2025-06-20 13:30:44,43.3604316711426,-8.84139728546143,"Unknown"
"7014852",371861,2025-06-20 13:35:28,43.3606452941895,-8.84084701538086,"Unknown"
"7014852",371861,2025-06-20 13:40:27,43.3602867126465,-8.84150886535645,"Unknown"
"7014852",371861,2025-06-20 13:45:28,43.3603858947754,-8.84113597869873,"Unknown"
"7014852",371861,2025-06-20 13:50:59,43.3602905273438,-8.84135913848877,"Unknown"
"7014852",371861,2025-06-20 13:55:23,43.360279083252,-8.84139633178711,"Unknown"
"7014852",371861,2025-06-20 14:00:24,43.3603363037109,-8.84106636047363,"Unknown"
"7014852",371861,2025-06-20 14:05:23,43.3603019714355,-8.84124279022217,"Unknown"
"7014852",371861,2025-06-20 14:10:24,43.3603477478027,-8.84133243560791,"Unknown"
"7014852",371861,2025-06-20 14:15:32,43.3603820800781,-8.84140205383301,"Unknown"
"7014852",371861,2025-06-20 14:20:28,43.3603057861328,-8.8414134979248,"Unknown"
"7014852",371861,2025-06-20 14:25:30,43.3603782653809,-8.84135627746582,"Unknown"
"7014852",371861,2025-06-20 14:30:23,43.3603477478027,-8.84141445159912,"Unknown"
"7014852",371861,2025-06-20 14:35:29,43.3603973388672,-8.84135055541992,"Unknown"
"7014852",371861,2025-06-20 14:40:33,43.3603973388672,-8.84133434295654,"Unknown"
"7014852",371861,2025-06-20 14:45:33,43.3602752685547,-8.84139251708984,"Unknown"
"7014852",371861,2025-06-20 14:50:44,43.3602981567383,-8.84138584136963,"Unknown"
"7014852",371861,2025-06-20 14:55:28,43.3602142333984,-8.84128952026367,"Unknown"
"7014852",371861,2025-06-20 15:00:30,43.3601989746094,-8.84121990203857,"Unknown"
"7014852",371861,2025-06-20 15:05:44,43.360408782959,-8.8413257598877,"Unknown"
"7014852",371861,2025-06-20 15:10:38,43.3607902526855,-8.84182548522949,"Unknown"
"7014852",371861,2025-06-20 15:15:30,43.3606605529785,-8.84162998199463,"Unknown"
"7014852",371861,2025-06-20 15:20:23,43.3600997924805,-8.84640789031982,"Unknown"
"7014852",371861,2025-06-20 15:25:27,43.3249053955078,-8.85438251495361,"Unknown"
"7014852",371861,2025-06-20 15:30:31,43.3141288757324,-8.85697650909424,"Unknown"
"7014852",371861,2025-06-20 15:35:28,43.314136505127,-8.85683155059814,"Unknown"
"7014852",371861,2025-06-20 15:40:28,43.3144073486328,-8.85703945159912,"Unknown"
"7014852",371861,2025-06-20 15:45:47,43.3142890930176,-8.85696887969971,"Unknown"
"7014852",371861,2025-06-20 15:50:26,43.3144416809082,-8.85683250427246,"Unknown"
"7014852",371861,2025-06-20 15:55:25,43.3142852783203,-8.85690975189209,"Unknown"
"7014852",371861,2025-06-20 16:01:09,43.3202476501465,-8.86087989807129,"Unknown"
"7014852",371861,2025-06-20 16:05:22,43.3202095031738,-8.86086940765381,"Unknown"
"7014852",371861,2025-06-20 16:10:23,43.3256454467773,-8.85454750061035,"Unknown"
"7014852",371861,2025-06-20 16:15:23,43.3488388061523,-8.84086132049561,"Unknown"
"7014852",371861,2025-06-20 16:20:23,43.3604431152344,-8.8411979675293,"Unknown"
"7014852",371861,2025-06-20 16:25:38,43.3602523803711,-8.84102249145508,"Unknown"
"7014852",371861,2025-06-20 16:30:44,43.3603706359863,-8.8413553237915,"Unknown"
"7014852",371861,2025-06-20 16:35:25,43.3603706359863,-8.84137058258057,"Unknown"
"7014852",371861,2025-06-20 16:40:22,43.3605918884277,-8.84138679504395,"Unknown"
"7014852",371861,2025-06-20 16:45:26,43.3603820800781,-8.84110736846924,"Unknown"
"7014852",371861,2025-06-20 16:50:27,43.3605194091797,-8.8411693572998,"Unknown"
"7014852",371861,2025-06-20 16:55:23,43.360523223877,-8.84121990203857,"Unknown"
"7014852",371861,2025-06-20 17:00:27,43.3613090515137,-8.84128475189209,"Unknown"
"7014852",371861,2025-06-20 17:05:23,43.3604278564453,-8.84117984771729,"Unknown"
"7014852",371861,2025-06-20 17:10:26,43.3600082397461,-8.84201908111572,"Unknown"
"7014852",371861,2025-06-20 17:15:44,43.3603897094727,-8.84131813049316,"Unknown"
"7014852",371861,2025-06-20 17:20:27,43.3604278564453,-8.84138679504395,"Unknown"
"7014852",371861,2025-06-20 17:25:24,43.3603324890137,-8.84124374389648,"Unknown"
"7014852",371861,2025-06-20 17:30:23,43.3603096008301,-8.84139060974121,"Unknown"
"7014852",371861,2025-06-20 17:35:23,43.3604316711426,-8.84134483337402,"Unknown"
"7014852",371861,2025-06-20 17:40:24,43.3604278564453,-8.84137153625488,"Unknown"
"7014852",371861,2025-06-20 17:46:29,43.360408782959,-8.84142208099365,"Unknown"
"7014852",371861,2025-06-20 17:50:22,43.3603935241699,-8.84144401550293,"Unknown"
"7014852",371861,2025-06-20 17:55:23,43.3604164123535,-8.84143733978271,"Unknown"
"7014852",371861,2025-06-20 18:00:23,43.3603591918945,-8.84141445159912,"Unknown"
"7014852",371861,2025-06-20 18:05:22,43.3603515625,-8.84144687652588,"Unknown"
"7014852",371861,2025-06-20 18:10:22,43.3603172302246,-8.8414478302002,"Unknown"
"7014852",371861,2025-06-20 18:15:22,43.3604774475098,-8.84131526947021,"Unknown"
"7014852",371861,2025-06-20 18:20:26,43.3604011535645,-8.84125518798828,"Unknown"
"7014852",371861,2025-06-20 18:25:22,43.3604621887207,-8.84136295318604,"Unknown"
"7014852",371861,2025-06-20 18:30:25,43.360424041748,-8.84160995483398,"Unknown"
"7014852",371861,2025-06-20 18:35:22,43.3604011535645,-8.84145069122314,"Unknown"
"7014852",371861,2025-06-20 18:40:24,43.3604507446289,-8.84142017364502,"Unknown"
"7014852",371861,2025-06-20 18:45:41,43.3604125976562,-8.84131240844727,"Unknown"
"7014852",371861,2025-06-20 18:50:26,43.3603973388672,-8.84128856658936,"Unknown"
"7014852",371861,2025-06-20 18:55:22,43.3604278564453,-8.84142112731934,"Unknown"
"7014852",371861,2025-06-20 19:00:23,43.3603439331055,-8.84130859375,"Unknown"
"7014852",371861,2025-06-20 19:05:23,43.3602867126465,-8.84139823913574,"Unknown"
"7014852",371861,2025-06-20 19:10:22,43.3604698181152,-8.84153175354004,"Unknown"
"7014852",371861,2025-06-20 19:15:24,43.3602523803711,-8.8412914276123,"Unknown"
"7014852",371861,2025-06-20 19:20:29,43.3602256774902,-8.84124946594238,"Unknown"
"7014852",371861,2025-06-20 19:25:27,43.3604202270508,-8.8415002822876,"Unknown"
"7014852",371861,2025-06-20 19:30:44,43.3604583740234,-8.84139347076416,"Unknown"
"7014852",371861,2025-06-20 19:35:24,43.361026763916,-8.84126281738281,"Unknown"
"7014852",371861,2025-06-20 19:40:25,43.3602142333984,-8.84158229827881,"Unknown"
"7014852",371861,2025-06-20 19:45:25,43.3601951599121,-8.84167575836182,"Unknown"
"7014852",371861,2025-06-20 19:50:28,43.3605270385742,-8.84147834777832,"Unknown"
"7014852",371861,2025-06-20 19:55:41,43.3603782653809,-8.84143352508545,"Unknown"
"7014852",371861,2025-06-20 20:00:25,43.3602142333984,-8.84137153625488,"Unknown"
"7014852",371861,2025-06-20 20:05:23,43.3602294921875,-8.84128475189209,"Unknown"
"7014852",371861,2025-06-20 20:10:25,43.3602981567383,-8.84132385253906,"Unknown"
"7014852",371861,2025-06-20 20:15:31,43.3603706359863,-8.84142780303955,"Unknown"
"7014852",371861,2025-06-20 20:20:29,43.3602905273438,-8.84176254272461,"Unknown"
"7014852",371861,2025-06-20 20:25:34,43.3602561950684,-8.84146308898926,"Unknown"
"7014852",371861,2025-06-20 20:30:36,43.3602714538574,-8.84140872955322,"Unknown"
"7014852",371861,2025-06-20 20:35:34,43.3602676391602,-8.84134578704834,"Unknown"
"7014852",371861,2025-06-20 20:40:37,43.3602752685547,-8.84146308898926,"Unknown"
"7014852",371861,2025-06-20 20:45:59,43.3603248596191,-8.84141635894775,"Unknown"
"7014852",371861,2025-06-20 20:50:22,43.3603096008301,-8.84143447875977,"Unknown"
"7014852",371861,2025-06-20 20:55:25,43.3603706359863,-8.84138488769531,"Unknown"
"7014852",371861,2025-06-20 21:00:24,43.3602676391602,-8.84140110015869,"Unknown"
"7014852",371861,2025-06-20 21:06:08,43.3603439331055,-8.84140586853027,"Unknown"
"7014852",371861,2025-06-21 02:06:36,43.3603782653809,-8.84140014648438,"Unknown"
"7014852",371861,2025-06-21 05:01:06,43.3603515625,-8.84144401550293,"Unknown"
"7014852",371861,2025-06-21 05:05:42,43.3603630065918,-8.84127044677734,"Unknown"
"7014852",371861,2025-06-21 05:10:46,43.3606224060059,-8.84175300598145,"Unknown"
"7014852",371861,2025-06-21 05:15:50,43.3606414794922,-8.84169101715088,"Unknown"
"7014852",371861,2025-06-21 05:21:02,43.3608169555664,-8.84165382385254,"Unknown"
"7014852",371861,2025-06-21 05:25:40,43.3606071472168,-8.84160137176514,"Unknown"
"7014852",371861,2025-06-21 05:30:39,43.3603515625,-8.84143257141113,"Unknown"
"7014852",371861,2025-06-21 05:35:39,43.3603210449219,-8.84142780303955,"Unknown"
"7014852",371861,2025-06-21 05:40:40,43.3603820800781,-8.84151554107666,"Unknown"
"7014852",371861,2025-06-21 05:45:42,43.3604202270508,-8.84156799316406,"Unknown"
"7014852",371861,2025-06-21 05:50:39,43.3731803894043,-8.84274864196777,"Unknown"
"7014852",371861,2025-06-21 05:55:39,43.357063293457,-8.84218215942383,"Unknown"
"7014852",371861,2025-06-21 06:00:45,43.3604469299316,-8.84153079986572,"Unknown"
"7014852",371861,2025-06-21 06:05:57,43.3605079650879,-8.84161186218262,"Unknown"
"7014852",371861,2025-06-21 06:10:39,43.3603096008301,-8.84137153625488,"Unknown"
"7014852",371861,2025-06-21 06:16:04,43.3604888916016,-8.8414831161499,"Unknown"
"7014852",371861,2025-06-21 06:20:42,43.3604431152344,-8.84153079986572,"Unknown"
"7014852",371861,2025-06-21 06:25:46,43.360408782959,-8.84145927429199,"Unknown"
"7014852",371861,2025-06-21 06:30:43,43.3604888916016,-8.84148788452148,"Unknown"
"7014852",371861,2025-06-21 06:35:43,43.3605690002441,-8.84159469604492,"Unknown"
"7014852",371861,2025-06-21 06:40:50,43.3604507446289,-8.8414945602417,"Unknown"
"7014852",371861,2025-06-21 06:46:15,43.3603363037109,-8.84140968322754,"Unknown"
"7014852",371861,2025-06-21 06:50:48,43.3604545593262,-8.84152412414551,"Unknown"
"7014852",371861,2025-06-21 06:55:56,43.3603668212891,-8.84150314331055,"Unknown"
"7014852",371861,2025-06-21 07:00:47,43.3603172302246,-8.84138107299805,"Unknown"
"7014852",371861,2025-06-21 07:05:48,43.3605537414551,-8.84162044525146,"Unknown"
"7014852",371861,2025-06-21 07:10:50,43.3602256774902,-8.84139251708984,"Unknown"
"7014852",371861,2025-06-21 07:15:40,43.3606147766113,-8.84139537811279,"Unknown"
"7014852",371861,2025-06-21 07:20:48,43.3603668212891,-8.84147644042969,"Unknown"
"7014852",371861,2025-06-21 07:25:41,43.3602561950684,-8.84125232696533,"Unknown"
"7014852",371861,2025-06-21 07:31:05,43.3604125976562,-8.8414306640625,"Unknown"
"7014852",371861,2025-06-21 07:35:39,43.3606376647949,-8.84171485900879,"Unknown"
"7014852",371861,2025-06-21 07:40:40,43.3603210449219,-8.84142303466797,"Unknown"
"7014852",371861,2025-06-21 07:45:43,43.3603706359863,-8.841383934021,"Unknown"
"7014852",371861,2025-06-21 07:50:42,43.3604316711426,-8.84139728546143,"Unknown"
"7014852",371861,2025-06-21 07:55:43,43.360538482666,-8.84132480621338,"Unknown"
"7014852",371861,2025-06-21 08:00:42,43.3604164123535,-8.84147453308105,"Unknown"
"7014852",371861,2025-06-21 08:05:39,43.3604469299316,-8.84148216247559,"Unknown"
"7014852",371861,2025-06-21 08:10:42,43.3604507446289,-8.84136486053467,"Unknown"
"7014852",371861,2025-06-21 08:15:43,43.3604927062988,-8.841477394104,"Unknown"
"7014852",371861,2025-06-21 08:20:42,43.3604927062988,-8.84146595001221,"Unknown"
"7014852",371861,2025-06-21 08:25:48,43.3603935241699,-8.84131145477295,"Unknown"
"7014852",371861,2025-06-21 08:30:45,43.3604011535645,-8.84155464172363,"Unknown"
"7014852",371861,2025-06-21 08:35:46,43.3602523803711,-8.84140586853027,"Unknown"
"7014852",371861,2025-06-21 08:40:52,43.3603248596191,-8.84140300750732,"Unknown"
"7014852",371861,2025-06-21 08:45:39,43.3599662780762,-8.84100723266602,"Unknown"
"7014852",371861,2025-06-21 08:50:41,43.360782623291,-8.84342479705811,"Unknown"
"7014852",371861,2025-06-21 08:56:32,43.370304107666,-8.88691425323486,"Unknown"
"7014852",371861,2025-06-21 09:00:39,43.3733367919922,-8.90442657470703,"Unknown"
"7014852",371861,2025-06-21 09:05:39,43.3860549926758,-8.93680000305176,"Unknown"
"7014852",371861,2025-06-21 09:10:42,43.3976554870605,-8.97403526306152,"Unknown"
"7014852",371861,2025-06-21 09:15:40,43.4137229919434,-9.00941944122314,"Unknown"
"7014852",371861,2025-06-21 09:20:42,43.4270439147949,-9.0443172454834,"Unknown"
"7014852",371861,2025-06-21 09:25:41,43.4467010498047,-9.07320594787598,"Unknown"
"7014852",371861,2025-06-21 09:30:41,43.473934173584,-9.09572315216064,"Unknown"
"7014852",371861,2025-06-21 09:35:41,43.4900779724121,-9.12454128265381,"Unknown"
"7014852",371861,2025-06-21 09:40:39,43.5226974487305,-9.13379192352295,"Unknown"
"7014852",371861,2025-06-21 09:45:39,43.5629920959473,-9.13448524475098,"Unknown"
"7014852",371861,2025-06-21 09:50:42,43.6031341552734,-9.13293266296387,"Unknown"
"7014852",371861,2025-06-21 09:55:45,43.6120529174805,-9.0936107635498,"Unknown"
"7014852",371861,2025-06-21 10:00:41,43.6044998168945,-9.06109237670898,"Unknown"
"7014852",371861,2025-06-21 10:05:49,43.6008338928223,-9.02356052398682,"Unknown"
"7014852",371861,2025-06-21 10:10:49,43.6353759765625,-9.00360584259033,"Unknown"
"7014852",371861,2025-06-21 10:16:23,43.677562713623,-9.00832939147949,"Unknown"
"7014852",371861,2025-06-21 10:20:40,43.7068977355957,-8.99387645721436,"Unknown"
"7014852",371861,2025-06-21 10:25:43,43.695930480957,-8.9612398147583,"Unknown"
"7014852",371861,2025-06-21 10:30:46,43.6803245544434,-8.92785739898682,"Unknown"
"7014852",371861,2025-06-21 10:35:49,43.6595611572266,-8.90824317932129,"Unknown"
"7014852",371861,2025-06-21 10:40:48,43.6377334594727,-8.89434719085693,"Unknown"
"7014852",371861,2025-06-21 10:45:43,43.617603302002,-8.86972332000732,"Unknown"
"7014852",371861,2025-06-21 10:50:41,43.6019287109375,-8.8311595916748,"Unknown"
"7014852",371861,2025-06-21 10:55:45,43.6028709411621,-8.8298225402832,"Unknown"
"7014852",371861,2025-06-21 11:00:41,43.608585357666,-8.82233428955078,"Unknown"
"7014852",371861,2025-06-21 11:05:42,43.6115417480469,-8.82101154327393,"Unknown"
"7014852",371861,2025-06-21 11:10:43,43.6118583679199,-8.82137489318848,"Unknown"
"7014852",371861,2025-06-21 11:15:40,43.6118927001953,-8.82455539703369,"Unknown"
"7014852",371861,2025-06-21 11:20:41,43.6122817993164,-8.82520294189453,"Unknown"
"7014852",371861,2025-06-21 11:25:47,43.6124458312988,-8.82679462432861,"Unknown"
"7014852",371861,2025-06-21 11:30:39,43.6024360656738,-8.82387828826904,"Unknown"
"7014852",371861,2025-06-21 11:36:01,43.5800476074219,-8.80451011657715,"Unknown"
"7014852",371861,2025-06-21 11:40:39,43.557014465332,-8.79107761383057,"Unknown"
"7014852",371861,2025-06-21 11:45:40,43.5299530029297,-8.78159618377686,"Unknown"
"7014852",371861,2025-06-21 11:50:39,43.5017242431641,-8.77742576599121,"Unknown"
"7014852",371861,2025-06-21 11:55:40,43.4812164306641,-8.77780914306641,"Unknown"
"7014852",371861,2025-06-21 12:00:41,43.4516563415527,-8.77456855773926,"Unknown"
"7014852",371861,2025-06-21 12:05:40,43.4247665405273,-8.78626918792725,"Unknown"
"7014852",371861,2025-06-21 12:10:41,43.3977127075195,-8.80252075195312,"Unknown"
"7014852",371861,2025-06-21 12:15:40,43.3710861206055,-8.82462120056152,"Unknown"
"7014852",371861,2025-06-21 12:20:56,43.3604393005371,-8.84136962890625,"Unknown"
"7014852",371861,2025-06-21 12:25:39,43.360481262207,-8.84135150909424,"Unknown"
"7014852",371861,2025-06-21 12:30:40,43.3605728149414,-8.84136199951172,"Unknown"
"7014852",371861,2025-06-21 12:35:42,43.360538482666,-8.84133338928223,"Unknown"
"7014852",371861,2025-06-21 12:40:41,43.3603363037109,-8.84140872955322,"Unknown"
"7014852",371861,2025-06-21 12:45:41,43.3607406616211,-8.8413028717041,"Unknown"
"7014852",371861,2025-06-21 12:50:41,43.3603897094727,-8.84134483337402,"Unknown"
"7014852",371861,2025-06-21 12:55:40,43.3605155944824,-8.84138202667236,"Unknown"
"7014852",371861,2025-06-21 13:00:45,43.360954284668,-8.84136962890625,"Unknown"
"7014852",371861,2025-06-21 13:06:05,43.3604125976562,-8.84121704101562,"Unknown"
"7014852",371861,2025-06-21 13:10:47,43.3602447509766,-8.84128093719482,"Unknown"
"7014852",371861,2025-06-21 13:15:41,43.3598403930664,-8.84130668640137,"Unknown"
"7014852",371861,2025-06-21 13:20:43,43.3602981567383,-8.8412446975708,"Unknown"
"7014852",371861,2025-06-21 13:25:53,43.3604888916016,-8.84141159057617,"Unknown"
"7014852",371861,2025-06-21 13:30:43,43.3603477478027,-8.84136581420898,"Unknown"
"7014852",371861,2025-06-21 13:35:41,43.3601570129395,-8.84142875671387,"Unknown"
"7014852",371861,2025-06-21 13:46:05,43.3606758117676,-8.84443950653076,"Unknown"
"7014852",371861,2025-06-21 13:50:42,43.3604583740234,-8.8417854309082,"Unknown"
"7014852",371861,2025-06-21 13:55:45,43.3603439331055,-8.84139060974121,"Unknown"
"7014852",371861,2025-06-21 14:00:39,43.3602180480957,-8.84115219116211,"Unknown"
"7014852",371861,2025-06-21 14:05:40,43.3602867126465,-8.8411922454834,"Unknown"
"7014852",371861,2025-06-21 14:10:41,43.3603744506836,-8.84142780303955,"Unknown"
"7014852",371861,2025-06-21 14:15:39,43.3603286743164,-8.84127902984619,"Unknown"
"7014852",371861,2025-06-21 14:20:41,43.3603324890137,-8.84140300750732,"Unknown"
"7014852",371861,2025-06-21 14:25:41,43.3602714538574,-8.84132671356201,"Unknown"
"7014852",371861,2025-06-21 14:30:42,43.3603286743164,-8.84134578704834,"Unknown"
"7014852",371861,2025-06-21 14:36:05,43.3603057861328,-8.84134101867676,"Unknown"
"7014852",371861,2025-06-21 14:40:42,43.3603172302246,-8.84138679504395,"Unknown"
"7014852",371861,2025-06-21 14:45:46,43.3603134155273,-8.84138870239258,"Unknown"
"7014852",371861,2025-06-21 14:50:43,43.3603096008301,-8.84138870239258,"Unknown"
"7014852",371861,2025-06-21 14:55:49,43.3602676391602,-8.84137630462646,"Unknown"
"7014852",371861,2025-06-21 15:00:45,43.3603935241699,-8.84145927429199,"Unknown"
"7014852",371861,2025-06-21 15:05:45,43.3604202270508,-8.84146785736084,"Unknown"
"7014852",371861,2025-06-21 15:10:40,43.360237121582,-8.84127140045166,"Unknown"
"7014852",371861,2025-06-21 15:15:40,43.3603286743164,-8.84135055541992,"Unknown"
"7014852",371861,2025-06-21 15:20:48,43.3603630065918,-8.84138965606689,"Unknown"
"7014852",371861,2025-06-21 15:25:41,43.3603096008301,-8.8413143157959,"Unknown"
"7014852",371861,2025-06-21 15:30:48,43.3603706359863,-8.84135627746582,"Unknown"
"7014852",371861,2025-06-21 15:35:42,43.360279083252,-8.84126567840576,"Unknown"
"7014852",371861,2025-06-21 15:40:48,43.3603782653809,-8.84137630462646,"Unknown"
"7014852",371861,2025-06-21 15:45:46,43.3603630065918,-8.84139728546143,"Unknown"
"7014852",371861,2025-06-21 15:51:01,43.3603477478027,-8.84137916564941,"Unknown"
"7014852",371861,2025-06-21 15:55:40,43.3603630065918,-8.841383934021,"Unknown"
"7014852",371861,2025-06-21 16:00:41,43.360481262207,-8.84149646759033,"Unknown"
"7014852",371861,2025-06-21 16:05:40,43.3603630065918,-8.84137344360352,"Unknown"
"7014852",371861,2025-06-21 16:10:42,43.3603744506836,-8.84145927429199,"Unknown"
"7014852",371861,2025-06-21 16:15:41,43.3603401184082,-8.84138679504395,"Unknown"
"7014852",371861,2025-06-21 16:20:51,43.3603935241699,-8.84131622314453,"Unknown"
"7014852",371861,2025-06-21 16:25:48,43.3603324890137,-8.84136581420898,"Unknown"
"7014852",371861,2025-06-21 16:31:05,43.3603363037109,-8.84136962890625,"Unknown"
"7014852",371861,2025-06-21 16:35:40,43.3604202270508,-8.84136867523193,"Unknown"
"7014852",371861,2025-06-21 16:40:39,43.360424041748,-8.8413553237915,"Unknown"
"7014852",371861,2025-06-21 16:45:39,43.360424041748,-8.84144687652588,"Unknown"
"7014852",371861,2025-06-21 16:50:39,43.3603744506836,-8.84136390686035,"Unknown"
"7014852",371861,2025-06-21 16:55:40,43.3604164123535,-8.84133243560791,"Unknown"
"7014852",371861,2025-06-21 17:00:40,43.3603553771973,-8.8413724899292,"Unknown"
"7014852",371861,2025-06-21 17:05:39,43.3603096008301,-8.84136486053467,"Unknown"
"7014852",371861,2025-06-21 17:10:39,43.3604125976562,-8.84144115447998,"Unknown"
"7014852",371861,2025-06-21 17:15:41,43.361499786377,-8.83294010162354,"Unknown"
"7014852",371861,2025-06-21 17:20:39,43.3658599853516,-8.81396389007568,"Unknown"
"7014852",371861,2025-06-21 17:25:40,43.3646392822266,-8.81348323822021,"Unknown"
"7014852",371861,2025-06-21 17:30:40,43.3653793334961,-8.8127613067627,"Unknown"
"7014852",371861,2025-06-21 17:35:39,43.3629760742188,-8.82485485076904,"Unknown"
"7014852",371861,2025-06-21 17:41:14,43.3603401184082,-8.84131717681885,"Unknown"
"7014852",371861,2025-06-21 17:45:39,43.3603973388672,-8.84142112731934,"Unknown"
"7014852",371861,2025-06-21 17:50:39,43.3603668212891,-8.84139347076416,"Unknown"
"7014852",371861,2025-06-21 17:55:41,43.360408782959,-8.84146499633789,"Unknown"
"7014852",371861,2025-06-21 18:00:41,43.3603172302246,-8.84131908416748,"Unknown"
"7014852",371861,2025-06-21 18:05:40,43.3604278564453,-8.84139251708984,"Unknown"
"7014852",371861,2025-06-21 18:10:40,43.3603820800781,-8.84140396118164,"Unknown"
"7014852",371861,2025-06-21 18:15:41,43.3603897094727,-8.84131050109863,"Unknown"
"7014852",371861,2025-06-21 18:20:42,43.3603897094727,-8.84138107299805,"Unknown"
"7014852",371861,2025-06-21 18:25:43,43.3604888916016,-8.84142112731934,"Unknown"
"7014852",371861,2025-06-21 18:31:05,43.3603973388672,-8.84142112731934,"Unknown"
"7014852",371861,2025-06-21 18:35:42,43.3603782653809,-8.84136867523193,"Unknown"
"7014852",371861,2025-06-21 18:40:42,43.3604049682617,-8.84142303466797,"Unknown"
"7014852",371861,2025-06-21 18:45:42,43.3603820800781,-8.84145450592041,"Unknown"
"7014852",371861,2025-06-21 18:50:43,43.3603591918945,-8.84138488769531,"Unknown"
"7014852",371861,2025-06-21 18:55:42,43.360294342041,-8.84147548675537,"Unknown"
"7014852",371861,2025-06-21 19:00:53,43.3604125976562,-8.8413724899292,"Unknown"
"7014852",371861,2025-06-21 19:05:49,43.3602981567383,-8.84142112731934,"Unknown"
"7014852",371861,2025-06-21 19:10:42,43.3602752685547,-8.84145355224609,"Unknown"
"7014852",371861,2025-06-21 19:15:42,43.3603897094727,-8.84140396118164,"Unknown"
"7014852",371861,2025-06-21 19:20:42,43.3604278564453,-8.84138870239258,"Unknown"
"7014852",371861,2025-06-21 19:25:42,43.360294342041,-8.84140205383301,"Unknown"
"7014852",371861,2025-06-21 19:30:45,43.3602027893066,-8.84140777587891,"Unknown"
"7014852",371861,2025-06-21 19:35:42,43.360237121582,-8.84146785736084,"Unknown"
"7014852",371861,2025-06-21 19:40:45,43.3602867126465,-8.84142780303955,"Unknown"
"7014852",371861,2025-06-21 19:45:44,43.3601722717285,-8.84147644042969,"Unknown"
"7014852",371861,2025-06-21 19:50:42,43.360279083252,-8.84143352508545,"Unknown"
"7014852",371861,2025-06-21 19:55:43,43.3603019714355,-8.84146785736084,"Unknown"
"7014852",371861,2025-06-21 20:00:54,43.3697395324707,-8.83205223083496,"Unknown"
"7014852",371861,2025-06-21 20:05:42,43.3697204589844,-8.83106422424316,"Unknown"
"7014852",371861,2025-06-21 20:10:52,43.3681716918945,-8.82835102081299,"Unknown"
"7014852",371861,2025-06-21 20:15:42,43.3689460754395,-8.82880973815918,"Unknown"
"7014852",371861,2025-06-21 20:20:48,43.3680686950684,-8.82855796813965,"Unknown"
"7014852",371861,2025-06-21 20:25:45,43.3684997558594,-8.82835483551025,"Unknown"
"7014852",371861,2025-06-21 20:30:49,43.3606948852539,-8.84680938720703,"Unknown"
"7014852",371861,2025-06-21 20:36:05,43.3603286743164,-8.84137535095215,"Unknown"
"7014852",371861,2025-06-21 20:40:45,43.3601341247559,-8.84145927429199,"Unknown"
"7014852",371861,2025-06-21 20:45:44,43.3603439331055,-8.84136867523193,"Unknown"
"7014852",371861,2025-06-21 20:50:53,43.3602867126465,-8.8414249420166,"Unknown"
"7014852",371861,2025-06-21 20:56:05,43.3603439331055,-8.8414249420166,"Unknown"
"7014852",371861,2025-06-21 21:00:42,43.3603286743164,-8.84138584136963,"Unknown"
"7014852",371861,2025-06-21 21:06:22,43.3603553771973,-8.8414192199707,"Unknown"
"7014852",371861,2025-06-22 02:06:59,43.3603935241699,-8.84142398834229,"Unknown"
"7014852",371861,2025-06-22 05:01:24,43.363597869873,-8.82397270202637,"Unknown"
"7014852",371861,2025-06-22 05:05:55,43.3636741638184,-8.82395935058594,"Unknown"
"7014852",371861,2025-06-22 05:10:57,43.3641662597656,-8.82409000396729,"Unknown"
"7014852",371861,2025-06-22 05:15:51,43.3635635375977,-8.82505512237549,"Unknown"
"7014852",371861,2025-06-22 05:20:57,43.3609008789062,-8.82350540161133,"Unknown"
"7014852",371861,2025-06-22 05:25:51,43.3605690002441,-8.84572601318359,"Unknown"
"7014852",371861,2025-06-22 05:30:51,43.3602294921875,-8.84130096435547,"Unknown"
"7014852",371861,2025-06-22 05:35:55,43.3603630065918,-8.84143352508545,"Unknown"
"7014852",371861,2025-06-22 05:40:58,43.3603630065918,-8.84148502349854,"Unknown"
"7014852",371861,2025-06-22 05:45:57,43.3602561950684,-8.84134960174561,"Unknown"
"7014852",371861,2025-06-22 05:51:00,43.360179901123,-8.84127140045166,"Unknown"
"7014852",371861,2025-06-22 05:55:58,43.3603363037109,-8.84144115447998,"Unknown"
"7014852",371861,2025-06-22 06:01:02,43.3604202270508,-8.84149932861328,"Unknown"
"7014852",371861,2025-06-22 06:05:55,43.3603591918945,-8.84143924713135,"Unknown"
"7014852",371861,2025-06-22 06:10:57,43.3603172302246,-8.84126663208008,"Unknown"
"7014852",371861,2025-06-22 06:15:51,43.3603324890137,-8.84134483337402,"Unknown"
"7014852",371861,2025-06-22 06:20:59,43.3603515625,-8.84133529663086,"Unknown"
"7014852",371861,2025-06-22 06:25:59,43.3603706359863,-8.84137439727783,"Unknown"
"7014852",371861,2025-06-22 06:31:15,43.360294342041,-8.84122371673584,"Unknown"
"7014852",371861,2025-06-22 06:35:55,43.3603553771973,-8.84128475189209,"Unknown"
"7014852",371861,2025-06-22 06:40:59,43.3604049682617,-8.84097671508789,"Unknown"
"7014852",371861,2025-06-22 06:45:58,43.3603019714355,-8.84105777740479,"Unknown"
"7014852",371861,2025-06-22 06:51:23,43.3604202270508,-8.84132671356201,"Unknown"
"7014852",371861,2025-06-22 06:55:50,43.360408782959,-8.84129619598389,"Unknown"
"7014852",371861,2025-06-22 07:00:53,43.3604469299316,-8.84133243560791,"Unknown"
"7014852",371861,2025-06-22 07:05:51,43.3672904968262,-8.82729911804199,"Unknown"
"7014852",371861,2025-06-22 07:10:52,43.3685531616211,-8.81438636779785,"Unknown"
"7014852",371861,2025-06-22 07:15:52,43.3689231872559,-8.81288814544678,"Unknown"
"7014852",371861,2025-06-22 07:20:55,43.3694000244141,-8.81170558929443,"Unknown"
"7014852",371861,2025-06-22 07:25:53,43.3700942993164,-8.8110294342041,"Unknown"
"7014852",371861,2025-06-22 07:30:50,43.3707122802734,-8.80993747711182,"Unknown"
"7014852",371861,2025-06-22 07:35:57,43.3713302612305,-8.80936241149902,"Unknown"
"7014852",371861,2025-06-22 07:40:52,43.3710250854492,-8.80841064453125,"Unknown"
"7014852",371861,2025-06-22 07:45:50,43.3695411682129,-8.81333255767822,"Unknown"
"7014852",371861,2025-06-22 07:50:58,43.3603897094727,-8.84133911132812,"Unknown"
"7014852",371861,2025-06-22 07:56:14,43.3603591918945,-8.84133434295654,"Unknown"
"7014852",371861,2025-06-22 08:00:54,43.3606567382812,-8.8413610458374,"Unknown"
"7014852",371861,2025-06-22 08:05:57,43.3604049682617,-8.84130096435547,"Unknown"
"7014852",371861,2025-06-22 08:10:51,43.3603210449219,-8.84133815765381,"Unknown"
"7014852",371861,2025-06-22 08:15:53,43.3603858947754,-8.84143543243408,"Unknown"
"7014852",371861,2025-06-22 08:20:54,43.3604393005371,-8.8414831161499,"Unknown"
"7014852",371861,2025-06-22 08:25:58,43.3603134155273,-8.84129905700684,"Unknown"
"7014852",371861,2025-06-22 08:31:12,43.3604431152344,-8.84130859375,"Unknown"
"7014852",371861,2025-06-22 08:42:15,43.361629486084,-8.84400272369385,"Unknown"
"7014852",371861,2025-06-22 08:45:52,43.3622436523438,-8.8394193649292,"Unknown"
"7014852",371861,2025-06-22 08:50:52,43.360237121582,-8.8413610458374,"Unknown"
"7014852",371861,2025-06-22 08:56:02,43.3603782653809,-8.84135723114014,"Unknown"
"7014852",371861,2025-06-22 09:00:51,43.3607025146484,-8.84164237976074,"Unknown"
"7014852",371861,2025-06-22 09:05:50,43.3605575561523,-8.8415470123291,"Unknown"
"7014852",371861,2025-06-22 09:10:51,43.3605079650879,-8.84145164489746,"Unknown"
"7014852",371861,2025-06-22 09:15:53,43.360652923584,-8.84168434143066,"Unknown"
"7014852",371861,2025-06-22 09:20:54,43.3602561950684,-8.84109592437744,"Unknown"
"7014852",371861,2025-06-22 09:25:58,43.3603096008301,-8.84136486053467,"Unknown"
"7014852",371861,2025-06-22 09:30:53,43.3603363037109,-8.84137630462646,"Unknown"
"7014852",371861,2025-06-22 09:35:55,43.3601989746094,-8.84121513366699,"Unknown"
"7014852",371861,2025-06-22 09:40:52,43.3604316711426,-8.84132289886475,"Unknown"
"7014852",371861,2025-06-22 09:45:55,43.3604583740234,-8.84133434295654,"Unknown"
"7014852",371861,2025-06-22 09:50:55,43.3606109619141,-8.84139060974121,"Unknown"
"7014852",371861,2025-06-22 09:56:07,43.3602142333984,-8.84127616882324,"Unknown"
"7014852",371861,2025-06-22 10:01:23,43.3608627319336,-8.84087371826172,"Unknown"
"7014852",371861,2025-06-22 10:06:00,43.3693923950195,-8.84281063079834,"Unknown"
"7014852",371861,2025-06-22 10:10:57,43.3690147399902,-8.84235095977783,"Unknown"
"7014852",371861,2025-06-22 10:15:53,43.3688125610352,-8.84258270263672,"Unknown"
"7014852",371861,2025-06-22 10:20:57,43.3691596984863,-8.84213447570801,"Unknown"
"7014852",371861,2025-06-22 10:25:52,43.3618774414062,-8.84096527099609,"Unknown"
"7014852",371861,2025-06-22 10:31:00,43.3603668212891,-8.8414421081543,"Unknown"
"7014852",371861,2025-06-22 10:35:53,43.360221862793,-8.84148693084717,"Unknown"
"7014852",371861,2025-06-22 10:40:53,43.3606376647949,-8.84125232696533,"Unknown"
"7014852",371861,2025-06-22 10:46:14,43.3603706359863,-8.84160232543945,"Unknown"
"7014852",371861,2025-06-22 10:50:50,43.3603744506836,-8.84158992767334,"Unknown"
"7014852",371861,2025-06-22 10:55:51,43.3603668212891,-8.84156322479248,"Unknown"
"7014852",371861,2025-06-22 11:00:54,43.3603172302246,-8.84161853790283,"Unknown"
"7014852",371861,2025-06-22 11:06:14,43.3602638244629,-8.84143447875977,"Unknown"
"7014852",371861,2025-06-22 11:10:50,43.3602714538574,-8.84140110015869,"Unknown"
"7014852",371861,2025-06-22 11:15:50,43.3603553771973,-8.8413553237915,"Unknown"
"7014852",371861,2025-06-22 11:20:50,43.3603439331055,-8.84145927429199,"Unknown"
"7014852",371861,2025-06-22 11:25:55,43.3603591918945,-8.84126758575439,"Unknown"
"7014852",371861,2025-06-22 11:30:54,43.3605155944824,-8.84133625030518,"Unknown"
"7014852",371861,2025-06-22 11:35:54,43.3603172302246,-8.84133243560791,"Unknown"
"7014852",371861,2025-06-22 11:40:51,43.3603172302246,-8.84128856658936,"Unknown"
"7014852",371861,2025-06-22 11:46:14,43.3603363037109,-8.84137058258057,"Unknown"
"7014852",371861,2025-06-22 11:50:51,43.3603439331055,-8.84133625030518,"Unknown"
"7014852",371861,2025-06-22 11:55:51,43.360424041748,-8.84140968322754,"Unknown"
"7014852",371861,2025-06-22 12:00:52,43.3603935241699,-8.8413553237915,"Unknown"
"7014852",371861,2025-06-22 12:05:50,43.3603248596191,-8.84135723114014,"Unknown"
"7014852",371861,2025-06-22 12:10:50,43.3603172302246,-8.84150123596191,"Unknown"
"7014852",371861,2025-06-22 12:15:59,43.3604125976562,-8.84135246276855,"Unknown"
"7014852",371861,2025-06-22 12:20:50,43.3603553771973,-8.84142303466797,"Unknown"
"7014852",371861,2025-06-22 12:25:51,43.3603248596191,-8.84126758575439,"Unknown"
"7014852",371861,2025-06-22 12:31:15,43.3603858947754,-8.84179878234863,"Unknown"
"7014852",371861,2025-06-22 12:35:52,43.360408782959,-8.84126567840576,"Unknown"
"7014852",371861,2025-06-22 12:41:14,43.3603591918945,-8.84225082397461,"Unknown"
"7014852",371861,2025-06-22 12:45:54,43.3643951416016,-8.83775997161865,"Unknown"
"7014852",371861,2025-06-22 12:51:00,43.3646812438965,-8.83804321289062,"Unknown"
"7014852",371861,2025-06-22 12:55:58,43.3653945922852,-8.83909130096436,"Unknown"
"7014852",371861,2025-06-22 13:01:00,43.365119934082,-8.83922576904297,"Unknown"
"7014852",371861,2025-06-22 13:06:01,43.3643112182617,-8.83796310424805,"Unknown"
"7014852",371861,2025-06-22 13:11:00,43.3644104003906,-8.83791637420654,"Unknown"
"7014852",371861,2025-06-22 13:17:15,43.3610534667969,-8.84428977966309,"Unknown"
"7014852",371861,2025-06-22 13:21:12,43.361328125,-8.84356880187988,"Unknown"
"7014852",371861,2025-06-22 13:26:00,43.3610000610352,-8.84367179870605,"Unknown"
"7014852",371861,2025-06-22 13:31:36,43.3606452941895,-8.840895652771,"Unknown"
"7014852",371861,2025-06-22 13:35:51,43.3606986999512,-8.84147644042969,"Unknown"
"7014852",371861,2025-06-22 13:41:14,43.360294342041,-8.84123420715332,"Unknown"
"7014852",371861,2025-06-22 13:45:50,43.3603553771973,-8.84163951873779,"Unknown"
"7014852",371861,2025-06-22 13:50:53,43.3603096008301,-8.8414888381958,"Unknown"
"7014852",371861,2025-06-22 13:55:51,43.3603591918945,-8.84137344360352,"Unknown"
"7014852",371861,2025-06-22 14:00:50,43.3603706359863,-8.84136486053467,"Unknown"
"7014852",371861,2025-06-22 14:05:52,43.3602104187012,-8.84126377105713,"Unknown"
"7014852",371861,2025-06-22 14:10:53,43.3602981567383,-8.84131526947021,"Unknown"
"7014852",371861,2025-06-22 14:15:55,43.3603172302246,-8.84146976470947,"Unknown"
"7014852",371861,2025-06-22 14:20:53,43.3603363037109,-8.84139823913574,"Unknown"
"7014852",371861,2025-06-22 14:25:52,43.3609390258789,-8.84018707275391,"Unknown"
"7014852",371861,2025-06-22 14:30:52,43.3665924072266,-8.83875560760498,"Unknown"
"7014852",371861,2025-06-22 14:35:54,43.3720779418945,-8.85068416595459,"Unknown"
"7014852",371861,2025-06-22 14:40:54,43.3728256225586,-8.8519344329834,"Unknown"
"7014852",371861,2025-06-22 14:45:59,43.3608703613281,-8.84037494659424,"Unknown"
"7014852",371861,2025-06-22 14:50:53,43.3604278564453,-8.84157180786133,"Unknown"
"7014852",371861,2025-06-22 14:55:58,43.3603248596191,-8.84148502349854,"Unknown"
"7014852",371861,2025-06-22 15:00:57,43.3603439331055,-8.84141635894775,"Unknown"
"7014852",371861,2025-06-22 15:05:54,43.3603477478027,-8.84148120880127,"Unknown"
"7014852",371861,2025-06-22 15:10:58,43.3603515625,-8.84152126312256,"Unknown"
"7014852",371861,2025-06-22 15:15:51,43.3603324890137,-8.84130382537842,"Unknown"
"7014852",371861,2025-06-22 15:20:51,43.3603744506836,-8.84140968322754,"Unknown"
"7014852",371861,2025-06-22 15:25:51,43.3603363037109,-8.841383934021,"Unknown"
"7014852",371861,2025-06-22 15:30:52,43.3599548339844,-8.834885597229,"Unknown"
"7014852",371861,2025-06-22 15:35:59,43.3567390441895,-8.82866668701172,"Unknown"
"7014852",371861,2025-06-22 15:41:14,43.3494338989258,-8.8336124420166,"Unknown"
"7014852",371861,2025-06-22 15:46:00,43.3509559631348,-8.83290767669678,"Unknown"
"7014852",371861,2025-06-22 15:51:00,43.3500213623047,-8.83702182769775,"Unknown"
"7014852",371861,2025-06-22 15:56:15,43.3501853942871,-8.83804798126221,"Unknown"
"7014852",371861,2025-06-22 16:00:54,43.3560676574707,-8.83233165740967,"Unknown"
"7014852",371861,2025-06-22 16:05:52,43.360279083252,-8.84147930145264,"Unknown"
"7014852",371861,2025-06-22 16:10:54,43.3601760864258,-8.84132957458496,"Unknown"
"7014852",371861,2025-06-22 16:16:15,43.3603515625,-8.84136772155762,"Unknown"
"7014852",371861,2025-06-22 16:20:50,43.3603515625,-8.84138011932373,"Unknown"
"7014852",371861,2025-06-22 16:25:53,43.3604774475098,-8.84127044677734,"Unknown"
"7014852",371861,2025-06-22 16:31:14,43.3603286743164,-8.84134864807129,"Unknown"
"7014852",371861,2025-06-22 16:36:10,43.3603134155273,-8.84138584136963,"Unknown"
"7014852",371861,2025-06-22 16:40:57,43.3602638244629,-8.8412389755249,"Unknown"
"7014852",371861,2025-06-22 16:46:00,43.3602828979492,-8.84121417999268,"Unknown"
"7014852",371861,2025-06-22 16:50:54,43.3603973388672,-8.84136295318604,"Unknown"
"7014852",371861,2025-06-22 16:55:53,43.3617477416992,-8.83818435668945,"Unknown"
"7014852",371861,2025-06-22 17:01:00,43.3668556213379,-8.82278633117676,"Unknown"
"7014852",371861,2025-06-22 17:06:00,43.3621368408203,-8.8271427154541,"Unknown"
"7014852",371861,2025-06-22 17:11:10,43.3612251281738,-8.83351039886475,"Unknown"
"7014852",371861,2025-06-22 17:16:13,43.3614234924316,-8.83353996276855,"Unknown"
"7014852",371861,2025-06-22 17:20:54,43.3614959716797,-8.83341503143311,"Unknown"
"7014852",371861,2025-06-22 17:25:50,43.3609733581543,-8.84234714508057,"Unknown"
"7014852",371861,2025-06-22 17:31:15,43.3600540161133,-8.84144306182861,"Unknown"
"7014852",371861,2025-06-22 17:35:58,43.3608627319336,-8.84120941162109,"Unknown"
"7014852",371861,2025-06-22 17:40:54,43.3606948852539,-8.84127235412598,"Unknown"
"7014852",371861,2025-06-22 17:46:14,43.3603363037109,-8.84140110015869,"Unknown"
"7014852",371861,2025-06-22 17:50:51,43.3603973388672,-8.8412971496582,"Unknown"
"7014852",371861,2025-06-22 17:55:51,43.3600044250488,-8.84150505065918,"Unknown"
"7014852",371861,2025-06-22 18:00:55,43.3603858947754,-8.84139919281006,"Unknown"
"7014852",371861,2025-06-22 18:06:00,43.3604431152344,-8.8413782119751,"Unknown"
"7014852",371861,2025-06-22 18:10:52,43.3605880737305,-8.84138679504395,"Unknown"
"7014852",371861,2025-06-22 18:16:01,43.3605537414551,-8.84134864807129,"Unknown"
"7014852",371861,2025-06-22 18:20:53,43.3604583740234,-8.84140682220459,"Unknown"
"7014852",371861,2025-06-22 18:26:15,43.360294342041,-8.84136295318604,"Unknown"
"7014852",371861,2025-06-22 18:31:23,43.360294342041,-8.84151172637939,"Unknown"
"7014852",371861,2025-06-22 18:35:52,43.3602447509766,-8.84154033660889,"Unknown"
"7014852",371861,2025-06-22 18:40:50,43.3602981567383,-8.84146690368652,"Unknown"
"7014852",371861,2025-06-22 18:45:50,43.3602523803711,-8.84139156341553,"Unknown"
"7014852",371861,2025-06-22 18:50:50,43.360294342041,-8.84149932861328,"Unknown"
"7014852",371861,2025-06-22 18:55:50,43.3602294921875,-8.84153747558594,"Unknown"
"7014852",371861,2025-06-22 19:00:50,43.3736724853516,-8.83002281188965,"Unknown"
"7014852",371861,2025-06-22 19:05:51,43.3871154785156,-8.83128929138184,"Unknown"
"7014852",371861,2025-06-22 19:10:52,43.3864250183105,-8.83141326904297,"Unknown"
"7014852",371861,2025-06-22 19:15:51,43.3874931335449,-8.83424472808838,"Unknown"
"7014852",371861,2025-06-22 19:21:00,43.3861351013184,-8.83226776123047,"Unknown"
"7014852",371861,2025-06-22 19:25:51,43.3854026794434,-8.83193588256836,"Unknown"
"7014852",371861,2025-06-22 19:31:00,43.3848915100098,-8.83210849761963,"Unknown"
"7014852",371861,2025-06-22 19:35:53,43.3843421936035,-8.83248329162598,"Unknown"
"7014852",371861,2025-06-22 19:41:00,43.3829956054688,-8.83122825622559,"Unknown"
"7014852",371861,2025-06-22 19:45:57,43.3824882507324,-8.83007526397705,"Unknown"
"7014852",371861,2025-06-22 19:50:52,43.3786239624023,-8.831955909729,"Unknown"
"7014852",371861,2025-06-22 19:56:14,43.3603324890137,-8.84138011932373,"Unknown"
"7014852",371861,2025-06-22 20:00:52,43.3602714538574,-8.84119987487793,"Unknown"
"7014852",371861,2025-06-22 20:05:57,43.3603744506836,-8.8413610458374,"Unknown"
"7014852",371861,2025-06-22 20:10:51,43.3603439331055,-8.84141731262207,"Unknown"
"7014852",371861,2025-06-22 20:15:52,43.3603477478027,-8.8414192199707,"Unknown"
"7014852",371861,2025-06-22 20:20:55,43.3603591918945,-8.84126472473145,"Unknown"
"7014852",371861,2025-06-22 20:25:53,43.3603897094727,-8.84133434295654,"Unknown"
"7014852",371861,2025-06-22 20:31:02,43.3603286743164,-8.84150505065918,"Unknown"
"7014852",371861,2025-06-22 20:35:54,43.3604164123535,-8.84144973754883,"Unknown"
"7014852",371861,2025-06-22 20:41:14,43.3602905273438,-8.84121704101562,"Unknown"
"7014852",371861,2025-06-22 20:45:50,43.3603973388672,-8.84153842926025,"Unknown"
"7014852",371861,2025-06-22 20:51:06,43.360279083252,-8.8411865234375,"Unknown"
"7014852",371861,2025-06-22 20:55:54,43.3602828979492,-8.84124279022217,"Unknown"
"7014852",371861,2025-06-22 21:00:57,43.3602828979492,-8.84115219116211,"Unknown"
"7014852",371861,2025-06-22 21:06:39,43.3601875305176,-8.84091663360596,"Unknown"
"7014852",371861,2025-06-23 02:07:05,43.3603515625,-8.84137535095215,"Unknown"
"7014852",371861,2025-06-23 05:01:13,43.3603324890137,-8.84138774871826,"Unknown"
"7014852",371861,2025-06-23 05:06:28,43.3603820800781,-8.84142684936523,"Unknown"
"7014852",371861,2025-06-23 05:10:59,43.3603858947754,-8.84143161773682,"Unknown"
"7014852",371861,2025-06-23 05:16:29,43.3603248596191,-8.84142589569092,"Unknown"
"7014852",371861,2025-06-23 05:20:57,43.3603858947754,-8.84135913848877,"Unknown"
"7014852",371861,2025-06-23 05:25:57,43.3603210449219,-8.84132957458496,"Unknown"
"7014852",371861,2025-06-23 05:30:57,43.3603782653809,-8.84146213531494,"Unknown"
"7014852",371861,2025-06-23 05:35:58,43.3605690002441,-8.84168529510498,"Unknown"
"7014852",371861,2025-06-23 05:40:58,43.3603591918945,-8.84143352508545,"Unknown"
"7014852",371861,2025-06-23 05:45:57,43.3643531799316,-8.83827209472656,"Unknown"
"7014852",371861,2025-06-23 05:50:58,43.371467590332,-8.83246517181396,"Unknown"
"7014852",371861,2025-06-23 05:55:58,43.3604354858398,-8.84139347076416,"Unknown"
"7014852",371861,2025-06-23 06:01:01,43.3603439331055,-8.84137058258057,"Unknown"
"7014852",371861,2025-06-23 06:05:58,43.3605422973633,-8.84159278869629,"Unknown"
"7014852",371861,2025-06-23 06:10:59,43.3604621887207,-8.841477394104,"Unknown"
"7014852",371861,2025-06-23 06:16:00,43.3604774475098,-8.84165287017822,"Unknown"
"7014852",371861,2025-06-23 06:20:59,43.3603057861328,-8.84132385253906,"Unknown"
"7014852",371861,2025-06-23 06:25:59,43.3603096008301,-8.84138202667236,"Unknown"
"7014852",371861,2025-06-23 06:31:06,43.360279083252,-8.84135913848877,"Unknown"
"7014852",371861,2025-06-23 06:36:01,43.3603477478027,-8.84131526947021,"Unknown"
"7014852",371861,2025-06-23 06:41:07,43.3603248596191,-8.84135055541992,"Unknown"
"7014852",371861,2025-06-23 06:46:07,43.3603134155273,-8.84133625030518,"Unknown"
"7014852",371861,2025-06-23 06:51:09,43.3602752685547,-8.84133243560791,"Unknown"
"7014852",371861,2025-06-23 06:55:58,43.3605117797852,-8.84167385101318,"Unknown"
"7014852",371861,2025-06-23 07:01:06,43.3603134155273,-8.84134578704834,"Unknown"
"7014852",371861,2025-06-23 07:05:59,43.3601951599121,-8.84116363525391,"Unknown"
"7014852",371861,2025-06-23 07:11:07,43.3603324890137,-8.84136009216309,"Unknown"
"7014852",371861,2025-06-23 07:16:06,43.3603134155273,-8.84125518798828,"Unknown"
"7014852",371861,2025-06-23 07:20:59,43.3604621887207,-8.84175872802734,"Unknown"
"7014852",371861,2025-06-23 07:26:06,43.3618011474609,-8.8383207321167,"Unknown"
"7014852",371861,2025-06-23 07:31:01,43.3633308410645,-8.8212366104126,"Unknown"
"7014852",371861,2025-06-23 07:37:22,43.3683128356934,-8.82463359832764,"Unknown"
"7014852",371861,2025-06-23 07:41:35,43.3686408996582,-8.82569789886475,"Unknown"
"7014852",371861,2025-06-23 07:45:57,43.3705596923828,-8.82841873168945,"Unknown"
"7014852",371861,2025-06-23 07:50:57,43.3691482543945,-8.8278169631958,"Unknown"
"7014852",371861,2025-06-23 07:55:58,43.3605842590332,-8.84132099151611,"Unknown"
"7014852",371861,2025-06-23 08:00:57,43.3604393005371,-8.84144401550293,"Unknown"
"7014852",371861,2025-06-23 08:05:57,43.3606414794922,-8.84137439727783,"Unknown"
"7014852",371861,2025-06-23 08:10:57,43.3600692749023,-8.84136390686035,"Unknown"
"7014852",371861,2025-06-23 08:15:58,43.3600616455078,-8.84126281738281,"Unknown"
"7014852",371861,2025-06-23 08:20:57,43.3600959777832,-8.84127330780029,"Unknown"
"7014852",371861,2025-06-23 08:25:58,43.3604393005371,-8.8413028717041,"Unknown"
"7014852",371861,2025-06-23 08:31:01,43.360237121582,-8.84130859375,"Unknown"
"7014852",371861,2025-06-23 08:36:07,43.360523223877,-8.84135246276855,"Unknown"
"7014852",371861,2025-06-23 08:41:07,43.3604316711426,-8.84136486053467,"Unknown"
"7014852",371861,2025-06-23 08:46:07,43.3605041503906,-8.84142112731934,"Unknown"
"7014852",371861,2025-06-23 08:51:08,43.3605613708496,-8.84147357940674,"Unknown"
"7014852",371861,2025-06-23 08:56:07,43.3605728149414,-8.84147930145264,"Unknown"
"7014852",371861,2025-06-23 09:01:07,43.3606414794922,-8.84149932861328,"Unknown"
"7014852",371861,2025-06-23 09:06:08,43.3606414794922,-8.84150981903076,"Unknown"
"7014852",371861,2025-06-23 09:11:05,43.3607139587402,-8.84154224395752,"Unknown"
"7014852",371861,2025-06-23 09:16:08,43.3606986999512,-8.841628074646,"Unknown"
"7014852",371861,2025-06-23 09:21:08,43.3607406616211,-8.84165954589844,"Unknown"
"7014852",371861,2025-06-23 09:26:09,43.3607749938965,-8.84165954589844,"Unknown"
"7014852",371861,2025-06-23 09:31:12,43.3615951538086,-8.84227752685547,"Unknown"
"7014852",371861,2025-06-23 09:36:10,43.3713836669922,-8.85007381439209,"Unknown"
"7014852",371861,2025-06-23 09:41:13,43.3706207275391,-8.84574413299561,"Unknown"
"7014852",371861,2025-06-23 09:46:11,43.3691368103027,-8.84570026397705,"Unknown"
"7014852",371861,2025-06-23 09:50:58,43.3610954284668,-8.84266471862793,"Unknown"
"7014852",371861,2025-06-23 09:56:00,43.3608932495117,-8.84233570098877,"Unknown"
"7014852",371861,2025-06-23 10:01:07,43.3603286743164,-8.84160137176514,"Unknown"
"7014852",371861,2025-06-23 10:06:17,43.3604621887207,-8.84172439575195,"Unknown"
"7014852",371861,2025-06-23 10:11:27,43.3603973388672,-8.84140682220459,"Unknown"
"7014852",371861,2025-06-23 10:15:57,43.3604316711426,-8.84143829345703,"Unknown"
"7014852",371861,2025-06-23 10:20:58,43.3603553771973,-8.84139060974121,"Unknown"
"7014852",371861,2025-06-23 10:26:01,43.3604278564453,-8.84142303466797,"Unknown"
"7014852",371861,2025-06-23 10:30:57,43.3603210449219,-8.84138298034668,"Unknown"
"7014852",371861,2025-06-23 10:35:58,43.3603363037109,-8.84138870239258,"Unknown"
"7014852",371861,2025-06-23 10:40:57,43.3603973388672,-8.8414306640625,"Unknown"
"7014852",371861,2025-06-23 10:45:58,43.3603248596191,-8.84151840209961,"Unknown"
"7014852",371861,2025-06-23 10:50:58,43.3603439331055,-8.84151554107666,"Unknown"
"7014852",371861,2025-06-23 10:55:58,43.3603820800781,-8.84134292602539,"Unknown"
"7014852",371861,2025-06-23 11:00:59,43.3603477478027,-8.84152793884277,"Unknown"
"7014852",371861,2025-06-23 11:05:59,43.3603668212891,-8.84158611297607,"Unknown"
"7014852",371861,2025-06-23 11:10:59,43.3603630065918,-8.84159851074219,"Unknown"
"7014852",371861,2025-06-23 11:16:01,43.3603477478027,-8.84130668640137,"Unknown"
"7014852",371861,2025-06-23 11:20:58,43.3603820800781,-8.84145545959473,"Unknown"
"7014852",371861,2025-06-23 11:26:00,43.3604202270508,-8.84163761138916,"Unknown"
"7014852",371861,2025-06-23 11:30:58,43.3661727905273,-8.8401050567627,"Unknown"
"7014852",371861,2025-06-23 11:35:58,43.3609657287598,-8.8422966003418,"Unknown"
"7014852",371861,2025-06-23 11:41:03,43.3603363037109,-8.8413667678833,"Unknown"
"7014852",371861,2025-06-23 11:46:00,43.3604354858398,-8.84160709381104,"Unknown"
"7014852",371861,2025-06-23 11:51:03,43.3603744506836,-8.84142971038818,"Unknown"
"7014852",371861,2025-06-23 11:56:01,43.3603973388672,-8.84143543243408,"Unknown"
"7014852",371861,2025-06-23 12:01:07,43.3603477478027,-8.84146213531494,"Unknown"
"7014852",371861,2025-06-23 12:06:09,43.3603820800781,-8.84143733978271,"Unknown"
"7014852",371861,2025-06-23 12:11:14,43.3603935241699,-8.8413667678833,"Unknown"
"7014852",371861,2025-06-23 12:15:57,43.3603897094727,-8.84130382537842,"Unknown"
"7014852",371861,2025-06-23 12:20:57,43.3603324890137,-8.84132099151611,"Unknown"
"7014852",371861,2025-06-23 12:25:57,43.3604049682617,-8.84130668640137,"Unknown"
"7014852",371861,2025-06-23 12:30:57,43.360408782959,-8.84129810333252,"Unknown"
"7014852",371861,2025-06-23 12:36:00,43.3604278564453,-8.84108924865723,"Unknown"
"7014852",371861,2025-06-23 12:41:01,43.3603096008301,-8.84122180938721,"Unknown"
"7014852",371861,2025-06-23 12:46:14,43.3603096008301,-8.84122371673584,"Unknown"
"7014852",371861,2025-06-23 12:50:58,43.3603782653809,-8.84120845794678,"Unknown"
"7014852",371861,2025-06-23 12:56:00,43.3662643432617,-8.83902740478516,"Unknown"
"7014852",371861,2025-06-23 13:00:57,43.3821334838867,-8.85379695892334,"Unknown"
"7014852",371861,2025-06-23 13:05:58,43.400806427002,-8.86927700042725,"Unknown"
"7014852",371861,2025-06-23 13:10:59,43.4207954406738,-8.88195514678955,"Unknown"
"7014852",371861,2025-06-23 13:16:07,43.4361228942871,-8.89768600463867,"Unknown"
"7014852",371861,2025-06-23 13:21:03,43.409912109375,-8.88557052612305,"Unknown"
"7014852",371861,2025-06-23 13:25:59,43.3798675537109,-8.86505603790283,"Unknown"
"7014852",371861,2025-06-23 13:31:16,43.3610382080078,-8.84156036376953,"Unknown"
"7014852",371861,2025-06-23 13:36:14,43.3602638244629,-8.84135341644287,"Unknown"
"7014852",371861,2025-06-23 13:40:59,43.3603401184082,-8.84122467041016,"Unknown"
"7014852",371861,2025-06-23 13:46:04,43.3603286743164,-8.8413782119751,"Unknown"
"7014852",371861,2025-06-23 13:50:59,43.3602600097656,-8.84182167053223,"Unknown"
"7014852",371861,2025-06-23 13:56:06,43.3603897094727,-8.84130573272705,"Unknown"
"7014852",371861,2025-06-23 14:00:59,43.3603591918945,-8.84142017364502,"Unknown"
"7014852",371861,2025-06-23 14:06:06,43.360408782959,-8.84129047393799,"Unknown"
"7014852",371861,2025-06-23 14:11:00,43.3603096008301,-8.84206104278564,"Unknown"
"7014852",371861,2025-06-23 14:16:06,43.3602867126465,-8.84114933013916,"Unknown"
"7014852",371861,2025-06-23 14:21:06,43.3604316711426,-8.84121990203857,"Unknown"
"7014852",371861,2025-06-23 14:26:06,43.3604011535645,-8.84134960174561,"Unknown"
"7014852",371861,2025-06-23 14:31:29,43.3603897094727,-8.84138774871826,"Unknown"
"7014852",371861,2025-06-23 14:36:00,43.3603019714355,-8.84137535095215,"Unknown"
"7014852",371861,2025-06-23 14:41:00,43.3604545593262,-8.84134483337402,"Unknown"
"7014852",371861,2025-06-23 14:45:58,43.3603286743164,-8.84146118164062,"Unknown"
"7014852",371861,2025-06-23 14:51:00,43.3603363037109,-8.841383934021,"Unknown"
"7014852",371861,2025-06-23 14:55:58,43.3603477478027,-8.84147357940674,"Unknown"
"7014852",371861,2025-06-23 15:01:00,43.3603706359863,-8.84139251708984,"Unknown"
"7014852",371861,2025-06-23 15:05:58,43.3602981567383,-8.84133911132812,"Unknown"
"7014852",371861,2025-06-23 15:10:58,43.3602676391602,-8.84134960174561,"Unknown"
"7014852",371861,2025-06-23 15:16:03,43.3604850769043,-8.84143733978271,"Unknown"
"7014852",371861,2025-06-23 15:21:14,43.3604583740234,-8.84140682220459,"Unknown"
"7014852",371861,2025-06-23 15:25:58,43.3603744506836,-8.84132480621338,"Unknown"
"7014852",371861,2025-06-23 15:30:58,43.3604965209961,-8.84139156341553,"Unknown"
"7014852",371861,2025-06-23 15:36:00,43.3603782653809,-8.84136390686035,"Unknown"
"7014852",371861,2025-06-23 15:40:59,43.3604431152344,-8.84148025512695,"Unknown"
"7014852",371861,2025-06-23 15:46:14,43.3605804443359,-8.84168243408203,"Unknown"
"7014852",371861,2025-06-23 15:51:00,43.3606758117676,-8.84177589416504,"Unknown"
"7014852",371861,2025-06-23 15:56:06,43.360538482666,-8.84160804748535,"Unknown"
"7014852",371861,2025-06-23 16:01:06,43.3602638244629,-8.84118366241455,"Unknown"
"7014852",371861,2025-06-23 16:06:06,43.3601188659668,-8.84093856811523,"Unknown"
"7014852",371861,2025-06-23 16:11:14,43.3603744506836,-8.84131908416748,"Unknown"
"7014852",371861,2025-06-23 16:16:00,43.3603820800781,-8.84135437011719,"Unknown"
"7014852",371861,2025-06-23 16:20:59,43.3605499267578,-8.8415584564209,"Unknown"
"7014852",371861,2025-06-23 16:26:03,43.360466003418,-8.84146499633789,"Unknown"
"7014852",371861,2025-06-23 16:31:01,43.3604011535645,-8.84131717681885,"Unknown"
"7014852",371861,2025-06-23 16:36:22,43.3605308532715,-8.84143924713135,"Unknown"
"7014852",371861,2025-06-23 16:40:59,43.3604316711426,-8.84144306182861,"Unknown"
"7014852",371861,2025-06-23 16:46:51,43.3603019714355,-8.84134101867676,"Unknown"
"7014852",371861,2025-06-23 16:51:34,43.3603630065918,-8.84140682220459,"Unknown"
"7014852",371861,2025-06-23 16:55:59,43.3603782653809,-8.84141635894775,"Unknown"
"7014852",371861,2025-06-23 17:00:58,43.3603744506836,-8.8414945602417,"Unknown"
"7014852",371861,2025-06-23 17:05:58,43.3603439331055,-8.8414306640625,"Unknown"
"7014852",371861,2025-06-23 17:10:58,43.3603630065918,-8.84138965606689,"Unknown"
"7014852",371861,2025-06-23 17:15:59,43.3603935241699,-8.84144401550293,"Unknown"
"7014852",371861,2025-06-23 17:20:58,43.3603782653809,-8.84133911132812,"Unknown"
"7014852",371861,2025-06-23 17:25:58,43.3604393005371,-8.84126377105713,"Unknown"
"7014852",371861,2025-06-23 17:31:00,43.3604202270508,-8.84137725830078,"Unknown"
"7014852",371861,2025-06-23 17:35:58,43.3604011535645,-8.84146404266357,"Unknown"
"7014852",371861,2025-06-23 17:40:58,43.3603897094727,-8.84142971038818,"Unknown"
"7014852",371861,2025-06-23 17:45:59,43.360466003418,-8.84132480621338,"Unknown"
"7014852",371861,2025-06-23 17:51:00,43.3604049682617,-8.84132099151611,"Unknown"
"7014852",371861,2025-06-23 17:56:01,43.3758659362793,-8.83823490142822,"Unknown"
"7014852",371861,2025-06-23 18:00:58,43.3760070800781,-8.84029674530029,"Unknown"
"7014852",371861,2025-06-23 18:06:00,43.3768043518066,-8.84746551513672,"Unknown"
"7014852",371861,2025-06-23 18:10:59,43.3809776306152,-8.85856151580811,"Unknown"
"7014852",371861,2025-06-23 18:16:03,43.380485534668,-8.85552024841309,"Unknown"
"7014852",371861,2025-06-23 18:20:59,43.3798561096191,-8.85742855072021,"Unknown"
"7014852",371861,2025-06-23 18:26:10,43.3790664672852,-8.85941410064697,"Unknown"
"7014852",371861,2025-06-23 18:31:01,43.3793411254883,-8.86079025268555,"Unknown"
"7014852",371861,2025-06-23 18:36:02,43.3792304992676,-8.86233043670654,"Unknown"
"7014852",371861,2025-06-23 18:41:01,43.378833770752,-8.86251831054688,"Unknown"
"7014852",371861,2025-06-23 18:47:05,43.3755760192871,-8.85123538970947,"Unknown"
"7014852",371861,2025-06-23 18:51:44,43.3605575561523,-8.84405708312988,"Unknown"
"7014852",371861,2025-06-23 18:56:06,43.3607177734375,-8.84415817260742,"Unknown"
"7014852",371861,2025-06-23 19:00:59,43.3598785400391,-8.84037399291992,"Unknown"
"7014852",371861,2025-06-23 19:05:59,43.3603973388672,-8.84149169921875,"Unknown"
"7014852",371861,2025-06-23 19:11:04,43.3603019714355,-8.84142589569092,"Unknown"
"7014852",371861,2025-06-23 19:15:59,43.3604164123535,-8.84150505065918,"Unknown"
"7014852",371861,2025-06-23 19:21:05,43.3603439331055,-8.84135627746582,"Unknown"
"7014852",371861,2025-06-23 19:26:00,43.3603515625,-8.84144592285156,"Unknown"
"7014852",371861,2025-06-23 19:31:06,43.3603096008301,-8.84148025512695,"Unknown"
"7014852",371861,2025-06-23 19:35:59,43.3604774475098,-8.84165191650391,"Unknown"
"7014852",371861,2025-06-23 19:41:06,43.3603515625,-8.84146785736084,"Unknown"
"7014852",371861,2025-06-23 19:46:03,43.3604278564453,-8.84129810333252,"Unknown"
"7014852",371861,2025-06-23 19:51:08,43.3603668212891,-8.84143161773682,"Unknown"
"7014852",371861,2025-06-23 19:55:59,43.3603363037109,-8.84146022796631,"Unknown"
"7014852",371861,2025-06-23 20:01:07,43.360408782959,-8.84152889251709,"Unknown"
"7014852",371861,2025-06-23 20:06:15,43.3602333068848,-8.84135246276855,"Unknown"
"7014852",371861,2025-06-23 20:11:00,43.3603744506836,-8.84166812896729,"Unknown"
"7014852",371861,2025-06-23 20:16:10,43.3603706359863,-8.84151744842529,"Unknown"
"7014852",371861,2025-06-23 20:21:06,43.3603630065918,-8.84132862091064,"Unknown"
"7014852",371861,2025-06-23 20:26:04,43.3676452636719,-8.83748912811279,"Unknown"
"7014852",371861,2025-06-23 20:31:24,43.3773994445801,-8.85515117645264,"Unknown"
"7014852",371861,2025-06-23 20:36:02,43.377571105957,-8.85607147216797,"Unknown"
"7014852",371861,2025-06-23 20:40:59,43.3690338134766,-8.85158157348633,"Unknown"
"7014852",371861,2025-06-23 20:46:15,43.3602905273438,-8.8412504196167,"Unknown"
"7014852",371861,2025-06-23 20:51:03,43.3603096008301,-8.84133052825928,"Unknown"
"7014852",371861,2025-06-23 20:56:01,43.360279083252,-8.84135818481445,"Unknown"
"7014852",371861,2025-06-23 21:01:09,43.3602294921875,-8.84121704101562,"Unknown"
"7014852",371861,2025-06-23 21:06:35,43.3602142333984,-8.84134197235107,"Unknown"
"7014852",371861,2025-06-24 02:07:05,43.3603668212891,-8.8414249420166,"Unknown"
"7014852",371861,2025-06-24 05:01:36,43.3601188659668,-8.84088611602783,"Unknown"
"7014852",371861,2025-06-24 05:06:48,43.3604393005371,-8.84153079986572,"Unknown"
"7014852",371861,2025-06-24 05:11:20,43.3602600097656,-8.84115982055664,"Unknown"
"7014852",371861,2025-06-24 05:16:22,43.3603248596191,-8.84149265289307,"Unknown"
"7014852",371861,2025-06-24 05:21:33,43.3603401184082,-8.84142208099365,"Unknown"
"7014852",371861,2025-06-24 05:26:25,43.3603858947754,-8.84138488769531,"Unknown"
"7014852",371861,2025-06-24 05:31:25,43.3603096008301,-8.84129238128662,"Unknown"
"7014852",371861,2025-06-24 05:36:23,43.3604011535645,-8.84153366088867,"Unknown"
"7014852",371861,2025-06-24 05:41:30,43.3603858947754,-8.84146499633789,"Unknown"
"7014852",371861,2025-06-24 05:46:44,43.3603248596191,-8.84132671356201,"Unknown"
"7014852",371861,2025-06-24 05:51:33,43.360179901123,-8.84123039245605,"Unknown"
"7014852",371861,2025-06-24 05:56:28,43.3603324890137,-8.84145641326904,"Unknown"
"7014852",371861,2025-06-24 06:01:25,43.3605003356934,-8.84170913696289,"Unknown"
"7014852",371861,2025-06-24 06:06:21,43.360523223877,-8.84171485900879,"Unknown"
"7014852",371861,2025-06-24 06:11:44,43.3603210449219,-8.84141254425049,"Unknown"
"7014852",371861,2025-06-24 06:16:23,43.3603210449219,-8.8413553237915,"Unknown"
"7014852",371861,2025-06-24 06:21:24,43.3603897094727,-8.84158515930176,"Unknown"
"7014852",371861,2025-06-24 06:26:21,43.3603973388672,-8.8416690826416,"Unknown"
"7014852",371861,2025-06-24 06:31:53,43.3603057861328,-8.84127521514893,"Unknown"
"7014852",371861,2025-06-24 06:36:20,43.3600959777832,-8.84091281890869,"Unknown"
"7014852",371861,2025-06-24 06:41:42,43.3599128723145,-8.80643367767334,"Unknown"
"7014852",371861,2025-06-24 06:47:43,43.3549385070801,-8.76061058044434,"Unknown"
"7014852",371861,2025-06-24 06:52:43,43.3551445007324,-8.72179698944092,"Unknown"
"7014852",371861,2025-06-24 06:57:43,43.3569107055664,-8.69028568267822,"Unknown"
"7014852",371861,2025-06-24 07:02:43,43.361873626709,-8.6897439956665,"Unknown"
"7014852",371861,2025-06-24 07:07:35,43.3657722473145,-8.686354637146,"Unknown"
"7014852",371861,2025-06-24 07:11:20,43.3699226379395,-8.68397045135498,"Unknown"
"7014852",371861,2025-06-24 07:16:23,43.3807716369629,-8.67517948150635,"Unknown"
"7014852",371861,2025-06-24 07:21:19,43.3893203735352,-8.6710147857666,"Unknown"
"7014852",371861,2025-06-24 07:26:44,43.386833190918,-8.66993522644043,"Unknown"
"7014852",371861,2025-06-24 07:31:22,43.3876571655273,-8.66996669769287,"Unknown"
"7014852",371861,2025-06-24 07:36:24,43.3873062133789,-8.66975593566895,"Unknown"
"7014852",371861,2025-06-24 07:41:19,43.3871841430664,-8.66982078552246,"Unknown"
"7014852",371861,2025-06-24 07:46:44,43.3869400024414,-8.67189502716064,"Unknown"
"7014852",371861,2025-06-24 07:51:20,43.3870277404785,-8.6739387512207,"Unknown"
"7014852",371861,2025-06-24 07:56:19,43.3869476318359,-8.67472171783447,"Unknown"
"7014852",371861,2025-06-24 08:01:20,43.3866195678711,-8.67466640472412,"Unknown"
"7014852",371861,2025-06-24 08:06:25,43.3844184875488,-8.66745567321777,"Unknown"
"7014852",371861,2025-06-24 08:11:24,43.3844451904297,-8.66677761077881,"Unknown"
"7014852",371861,2025-06-24 08:16:22,43.3845252990723,-8.6638011932373,"Unknown"
"7014852",371861,2025-06-24 08:21:20,43.3842544555664,-8.66394138336182,"Unknown"
"7014852",371861,2025-06-24 08:26:20,43.3838119506836,-8.66349029541016,"Unknown"
"7014852",371861,2025-06-24 08:31:44,43.3836364746094,-8.6631965637207,"Unknown"
"7014852",371861,2025-06-24 08:36:22,43.3829040527344,-8.66326236724854,"Unknown"
"7014852",371861,2025-06-24 08:41:21,43.3825454711914,-8.66432762145996,"Unknown"
"7014852",371861,2025-06-24 08:46:20,43.386058807373,-8.6668701171875,"Unknown"
"7014852",371861,2025-06-24 08:51:22,43.3869171142578,-8.66811656951904,"Unknown"
"7014852",371861,2025-06-24 08:56:21,43.3864822387695,-8.66853523254395,"Unknown"
"7014852",371861,2025-06-24 09:01:24,43.3866310119629,-8.66938781738281,"Unknown"
"7014852",371861,2025-06-24 09:06:21,43.3872451782227,-8.67015933990479,"Unknown"
"7014852",371861,2025-06-24 09:11:22,43.3882026672363,-8.67183208465576,"Unknown"
"7014852",371861,2025-06-24 09:16:24,43.3885917663574,-8.67291736602783,"Unknown"
"7014852",371861,2025-06-24 09:21:24,43.3891830444336,-8.67391014099121,"Unknown"
"7014852",371861,2025-06-24 09:26:22,43.3877944946289,-8.67654132843018,"Unknown"
"7014852",371861,2025-06-24 09:31:21,43.3857307434082,-8.67572021484375,"Unknown"
"7014852",371861,2025-06-24 09:36:43,43.3859710693359,-8.67594623565674,"Unknown"
"7014852",371861,2025-06-24 09:41:21,43.3861656188965,-8.67591953277588,"Unknown"
"7014852",371861,2025-06-24 09:46:21,43.386848449707,-8.67551422119141,"Unknown"
"7014852",371861,2025-06-24 09:52:23,43.3888511657715,-8.6780309677124,"Unknown"
"7014852",371861,2025-06-24 09:56:19,43.3842658996582,-8.70341205596924,"Unknown"
"7014852",371861,2025-06-24 10:01:56,43.3693809509277,-8.73587989807129,"Unknown"
"7014852",371861,2025-06-24 10:06:44,43.3591651916504,-8.76742649078369,"Unknown"
"7014852",371861,2025-06-24 10:11:25,43.3547782897949,-8.79763317108154,"Unknown"
"7014852",371861,2025-06-24 10:16:21,43.3572196960449,-8.83473682403564,"Unknown"
"7014852",371861,2025-06-24 10:21:40,43.3604164123535,-8.84141635894775,"Unknown"
"7014852",371861,2025-06-24 10:26:22,43.3602485656738,-8.84125995635986,"Unknown"
"7014852",371861,2025-06-24 10:31:19,43.360523223877,-8.84145641326904,"Unknown"
"7014852",371861,2025-06-24 10:36:24,43.3605041503906,-8.84129619598389,"Unknown"
"7014852",371861,2025-06-24 10:41:20,43.3603630065918,-8.84140300750732,"Unknown"
"7014852",371861,2025-06-24 10:46:44,43.3603820800781,-8.84134769439697,"Unknown"
"7014852",371861,2025-06-24 10:51:37,43.3603668212891,-8.84104347229004,"Unknown"
"7014852",371861,2025-06-24 10:56:22,43.3605918884277,-8.84139156341553,"Unknown"
"7014852",371861,2025-06-24 11:01:23,43.360481262207,-8.84149646759033,"Unknown"
"7014852",371861,2025-06-24 11:06:28,43.3603820800781,-8.84132385253906,"Unknown"
"7014852",371861,2025-06-24 11:11:21,43.360652923584,-8.84219360351562,"Unknown"
"7014852",371861,2025-06-24 11:17:11,43.3617286682129,-8.84402084350586,"Unknown"
"7014852",371861,2025-06-24 11:21:23,43.360538482666,-8.84161567687988,"Unknown"
"7014852",371861,2025-06-24 11:26:22,43.3596801757812,-8.84020900726318,"Unknown"
"7014852",371861,2025-06-24 11:31:45,43.3603248596191,-8.84132766723633,"Unknown"
"7014852",371861,2025-06-24 11:36:24,43.3603858947754,-8.84155368804932,"Unknown"
"7014852",371861,2025-06-24 11:41:23,43.3603858947754,-8.84136867523193,"Unknown"
"7014852",371861,2025-06-24 11:46:28,43.3604202270508,-8.84148406982422,"Unknown"
"7014852",371861,2025-06-24 11:51:22,43.3604698181152,-8.84163570404053,"Unknown"
"7014852",371861,2025-06-24 11:56:22,43.3605079650879,-8.84147167205811,"Unknown"
"7014852",371861,2025-06-24 12:01:44,43.3603973388672,-8.84137344360352,"Unknown"
"7014852",371861,2025-06-24 12:06:20,43.3604965209961,-8.8410758972168,"Unknown"
"7014852",371861,2025-06-24 12:11:30,43.3603820800781,-8.84134864807129,"Unknown"
"7014852",371861,2025-06-24 12:16:23,43.3604850769043,-8.84117126464844,"Unknown"
"7014852",371861,2025-06-24 12:21:30,43.3603363037109,-8.84140014648438,"Unknown"
"7014852",371861,2025-06-24 12:26:25,43.3603134155273,-8.84128284454346,"Unknown"
"7014852",371861,2025-06-24 12:31:21,43.3602638244629,-8.84141063690186,"Unknown"
"7014852",371861,2025-06-24 12:36:35,43.3609504699707,-8.8423023223877,"Unknown"
"7014852",371861,2025-06-24 12:41:44,43.3603515625,-8.84138679504395,"Unknown"
"7014852",371861,2025-06-24 12:46:44,43.3637580871582,-8.82918357849121,"Unknown"
"7014852",371861,2025-06-24 12:51:22,43.3725814819336,-8.78630256652832,"Unknown"
"7014852",371861,2025-06-24 12:56:30,43.381031036377,-8.73785209655762,"Unknown"
"7014852",371861,2025-06-24 13:01:22,43.3944320678711,-8.71103763580322,"Unknown"
"7014852",371861,2025-06-24 13:06:29,43.399715423584,-8.72052383422852,"Unknown"
"7014852",371861,2025-06-24 13:11:31,43.3799667358398,-8.71477699279785,"Unknown"
"7014852",371861,2025-06-24 13:16:53,43.3800811767578,-8.71413612365723,"Unknown"
"7014852",371861,2025-06-24 13:21:20,43.38037109375,-8.71337699890137,"Unknown"
"7014852",371861,2025-06-24 13:26:20,43.3953628540039,-8.69099617004395,"Unknown"
"7014852",371861,2025-06-24 13:32:43,43.3969764709473,-8.67654418945312,"Unknown"
"7014852",371861,2025-06-24 13:37:35,43.3877944946289,-8.66541767120361,"Unknown"
"7014852",371861,2025-06-24 13:41:22,43.3876190185547,-8.6635913848877,"Unknown"
"7014852",371861,2025-06-24 13:46:20,43.3880844116211,-8.66338729858398,"Unknown"
"7014852",371861,2025-06-24 13:51:22,43.3877296447754,-8.66189098358154,"Unknown"
"7014852",371861,2025-06-24 13:56:20,43.3877449035645,-8.66144371032715,"Unknown"
"7014852",371861,2025-06-24 14:01:21,43.3737373352051,-8.68428802490234,"Unknown"
"7014852",371861,2025-06-24 14:06:20,43.3699226379395,-8.71688938140869,"Unknown"
"7014852",371861,2025-06-24 14:11:21,43.3605575561523,-8.75845527648926,"Unknown"
"7014852",371861,2025-06-24 14:16:20,43.3558197021484,-8.80214881896973,"Unknown"
"7014852",371861,2025-06-24 14:21:20,43.3614692687988,-8.83768463134766,"Unknown"
"7014852",371861,2025-06-24 14:26:24,43.3603782653809,-8.84172058105469,"Unknown"
"7014852",371861,2025-06-24 14:31:39,43.3603248596191,-8.84128856658936,"Unknown"
"7014852",371861,2025-06-24 14:36:27,43.3603706359863,-8.84127712249756,"Unknown"
"7014852",371861,2025-06-24 14:41:25,43.3603591918945,-8.84128761291504,"Unknown"
"7014852",371861,2025-06-24 14:46:30,43.3604011535645,-8.84127807617188,"Unknown"
"7014852",371861,2025-06-24 14:51:30,43.3603820800781,-8.84128665924072,"Unknown"
"7014852",371861,2025-06-24 14:56:44,43.3603858947754,-8.84128665924072,"Unknown"
"7014852",371861,2025-06-24 15:01:20,43.3604011535645,-8.84127044677734,"Unknown"
"7014852",371861,2025-06-24 15:06:22,43.3603630065918,-8.84167003631592,"Unknown"
"7014852",371861,2025-06-24 15:11:22,43.3603668212891,-8.84137439727783,"Unknown"
"7014852",371861,2025-06-24 15:16:24,43.3603935241699,-8.84146118164062,"Unknown"
"7014852",371861,2025-06-24 15:21:23,43.3603973388672,-8.84157848358154,"Unknown"
"7014852",371861,2025-06-24 15:26:30,43.3603553771973,-8.84146404266357,"Unknown"
"7014852",371861,2025-06-24 15:31:30,43.3603439331055,-8.84135627746582,"Unknown"
"7014852",371861,2025-06-24 15:36:30,43.3604011535645,-8.8414478302002,"Unknown"
"7014852",371861,2025-06-24 15:41:30,43.3603935241699,-8.8413143157959,"Unknown"
"7014852",371861,2025-06-24 15:46:45,43.3603210449219,-8.841383934021,"Unknown"
"7014852",371861,2025-06-24 15:51:24,43.3601417541504,-8.84110450744629,"Unknown"
"7014852",371861,2025-06-24 15:56:24,43.3601951599121,-8.84116649627686,"Unknown"
"7014852",371861,2025-06-24 16:01:30,43.3604049682617,-8.84136581420898,"Unknown"
"7014852",371861,2025-06-24 16:06:25,43.3604011535645,-8.8412914276123,"Unknown"
"7014852",371861,2025-06-24 16:11:22,43.3602600097656,-8.84126853942871,"Unknown"
"7014852",371861,2025-06-24 16:16:30,43.360424041748,-8.84127235412598,"Unknown"
"7014852",371861,2025-06-24 16:21:23,43.3606071472168,-8.84178256988525,"Unknown"
"7014852",371861,2025-06-24 16:26:27,43.3603897094727,-8.8412914276123,"Unknown"
"7014852",371861,2025-06-24 16:31:45,43.3603897094727,-8.84132194519043,"Unknown"
"7014852",371861,2025-06-24 16:36:20,43.3604011535645,-8.84135913848877,"Unknown"
"7014852",371861,2025-06-24 16:41:24,43.3603363037109,-8.84105968475342,"Unknown"
"7014852",371861,2025-06-24 16:46:23,43.3606605529785,-8.84166526794434,"Unknown"
"7014852",371861,2025-06-24 16:51:21,43.3605461120605,-8.84175586700439,"Unknown"
"7014852",371861,2025-06-24 16:56:24,43.3603744506836,-8.84160900115967,"Unknown"
"7014852",371861,2025-06-24 17:01:24,43.3604278564453,-8.84054374694824,"Unknown"
"7014852",371861,2025-06-24 17:06:24,43.3604965209961,-8.8414363861084,"Unknown"
"7014852",371861,2025-06-24 17:11:22,43.3602523803711,-8.84134101867676,"Unknown"
"7014852",371861,2025-06-24 17:16:45,43.3603439331055,-8.84144115447998,"Unknown"
"7014852",371861,2025-06-24 17:21:20,43.3603858947754,-8.84138202667236,"Unknown"
"7014852",371861,2025-06-24 17:26:23,43.360466003418,-8.84114742279053,"Unknown"
"7014852",371861,2025-06-24 17:31:22,43.3604393005371,-8.84133338928223,"Unknown"
"7014852",371861,2025-06-24 17:36:24,43.3603134155273,-8.84134483337402,"Unknown"
"7014852",371861,2025-06-24 17:41:24,43.3602104187012,-8.84124374389648,"Unknown"
"7014852",371861,2025-06-24 17:46:53,43.3603630065918,-8.84134578704834,"Unknown"
"7014852",371861,2025-06-24 17:51:24,43.3602066040039,-8.84121704101562,"Unknown"
"7014852",371861,2025-06-24 17:56:19,43.3603439331055,-8.84134578704834,"Unknown"
"7014852",371861,2025-06-24 18:01:19,43.3603591918945,-8.8413610458374,"Unknown"
"7014852",371861,2025-06-24 18:06:20,43.360279083252,-8.84127712249756,"Unknown"
"7014852",371861,2025-06-24 18:11:19,43.3602561950684,-8.84125900268555,"Unknown"
"7014852",371861,2025-06-24 18:16:19,43.3603324890137,-8.84139156341553,"Unknown"
"7014852",371861,2025-06-24 18:21:21,43.3603553771973,-8.84106159210205,"Unknown"
"7014852",371861,2025-06-24 18:26:19,43.3604354858398,-8.84153652191162,"Unknown"
"7014852",371861,2025-06-24 18:31:44,43.3603668212891,-8.84134101867676,"Unknown"
"7014852",371861,2025-06-24 18:36:19,43.3789978027344,-8.8267993927002,"Unknown"
"7014852",371861,2025-06-24 18:41:19,43.3741569519043,-8.79718208312988,"Unknown"
"7014852",371861,2025-06-24 18:46:20,43.3667259216309,-8.76527214050293,"Unknown"
"7014852",371861,2025-06-24 18:51:20,43.3713111877441,-8.7313928604126,"Unknown"
"7014852",371861,2025-06-24 18:56:28,43.376838684082,-8.73843765258789,"Unknown"
"7014852",371861,2025-06-24 19:01:25,43.3767852783203,-8.73920917510986,"Unknown"
"7014852",371861,2025-06-24 19:06:29,43.3765411376953,-8.73947811126709,"Unknown"
"7014852",371861,2025-06-24 19:11:29,43.3761367797852,-8.73969745635986,"Unknown"
"7014852",371861,2025-06-24 19:17:23,43.3751335144043,-8.73965740203857,"Unknown"
"7014852",371861,2025-06-24 19:21:22,43.3747863769531,-8.74003601074219,"Unknown"
"7014852",371861,2025-06-24 19:26:30,43.3788986206055,-8.73336791992188,"Unknown"
"7014852",371861,2025-06-24 19:31:22,43.3786582946777,-8.73379325866699,"Unknown"
"7014852",371861,2025-06-24 19:36:24,43.376636505127,-8.73155689239502,"Unknown"
"7014852",371861,2025-06-24 19:41:24,43.3854751586914,-8.71094417572021,"Unknown"
"7014852",371861,2025-06-24 19:46:22,43.3897018432617,-8.70583343505859,"Unknown"
"7014852",371861,2025-06-24 19:51:30,43.3836097717285,-8.70064353942871,"Unknown"
"7014852",371861,2025-06-24 19:56:30,43.3831977844238,-8.70089340209961,"Unknown"
"7014852",371861,2025-06-24 20:01:29,43.3828163146973,-8.7009220123291,"Unknown"
"7014852",371861,2025-06-24 20:06:30,43.3826637268066,-8.70106029510498,"Unknown"
"7014852",371861,2025-06-24 20:11:24,43.395263671875,-8.69555187225342,"Unknown"
"7014852",371861,2025-06-24 20:16:30,43.3960990905762,-8.69727611541748,"Unknown"
"7014852",371861,2025-06-24 20:21:24,43.3958015441895,-8.69750785827637,"Unknown"
"7014852",371861,2025-06-24 20:26:30,43.3960266113281,-8.69913101196289,"Unknown"
"7014852",371861,2025-06-24 20:31:27,43.3956413269043,-8.69108009338379,"Unknown"
"7014852",371861,2025-06-24 20:36:30,43.3952713012695,-8.69184970855713,"Unknown"
"7014852",371861,2025-06-24 20:41:29,43.3943405151367,-8.69286727905273,"Unknown"
"7014852",371861,2025-06-24 20:46:25,43.3841819763184,-8.71571159362793,"Unknown"
"7014852",371861,2025-06-24 20:51:44,43.3685455322266,-8.73804569244385,"Unknown"
"7014852",371861,2025-06-24 20:56:44,43.3529777526855,-8.78066635131836,"Unknown"
"7014852",371861,2025-06-24 21:01:25,43.3569145202637,-8.82409286499023,"Unknown"
"7014852",371861,2025-06-24 21:06:49,43.3603286743164,-8.84142303466797,"Unknown"
"7014852",371861,2025-06-25 02:07:05,43.3604011535645,-8.84144496917725,"Unknown"
"7014852",371861,2025-06-25 05:01:39,43.360107421875,-8.84114742279053,"Unknown"
"7014852",371861,2025-06-25 05:06:31,43.3622016906738,-8.82296180725098,"Unknown"
"7014852",371861,2025-06-25 05:11:32,43.3726997375488,-8.76785564422607,"Unknown"
"7014852",371861,2025-06-25 05:16:32,43.3586463928223,-8.71936130523682,"Unknown"
"7014852",371861,2025-06-25 05:21:31,43.3357963562012,-8.69340896606445,"Unknown"
"7014852",371861,2025-06-25 05:26:32,43.336727142334,-8.68064785003662,"Unknown"
"7014852",371861,2025-06-25 05:31:33,43.3388175964355,-8.67787075042725,"Unknown"
"7014852",371861,2025-06-25 05:36:33,43.3369026184082,-8.68225479125977,"Unknown"
"7014852",371861,2025-06-25 05:41:38,43.3374214172363,-8.68276119232178,"Unknown"
"7014852",371861,2025-06-25 05:46:31,43.3377456665039,-8.6776647567749,"Unknown"
"7014852",371861,2025-06-25 05:51:33,43.3457794189453,-8.67484283447266,"Unknown"
"7014852",371861,2025-06-25 05:56:34,43.3492126464844,-8.67499828338623,"Unknown"
"7014852",371861,2025-06-25 06:01:38,43.3497276306152,-8.67540264129639,"Unknown"
"7014852",371861,2025-06-25 06:06:39,43.3555679321289,-8.66668605804443,"Unknown"
"7014852",371861,2025-06-25 06:11:32,43.3577537536621,-8.66150188446045,"Unknown"
"7014852",371861,2025-06-25 06:16:32,43.357105255127,-8.66192054748535,"Unknown"
"7014852",371861,2025-06-25 06:21:43,43.3562660217285,-8.65575122833252,"Unknown"
"7014852",371861,2025-06-25 06:26:32,43.3574371337891,-8.65699577331543,"Unknown"
"7014852",371861,2025-06-25 06:31:38,43.3647651672363,-8.66462802886963,"Unknown"
"7014852",371861,2025-06-25 06:36:37,43.3682670593262,-8.67399597167969,"Unknown"
"7014852",371861,2025-06-25 06:41:38,43.3687133789062,-8.67405319213867,"Unknown"
"7014852",371861,2025-06-25 06:46:36,43.3692588806152,-8.67987155914307,"Unknown"
"7014852",371861,2025-06-25 06:51:38,43.3704109191895,-8.68059730529785,"Unknown"
"7014852",371861,2025-06-25 06:56:39,43.3710556030273,-8.68118381500244,"Unknown"
"7014852",371861,2025-06-25 07:01:32,43.3722496032715,-8.68107891082764,"Unknown"
"7014852",371861,2025-06-25 07:06:33,43.3865852355957,-8.66973209381104,"Unknown"
"7014852",371861,2025-06-25 07:11:32,43.3801460266113,-8.66057872772217,"Unknown"
"7014852",371861,2025-06-25 07:16:34,43.3795127868652,-8.6566162109375,"Unknown"
"7014852",371861,2025-06-25 07:21:39,43.3797607421875,-8.65635108947754,"Unknown"
"7014852",371861,2025-06-25 07:26:32,43.3782730102539,-8.65628528594971,"Unknown"
"7014852",371861,2025-06-25 07:31:34,43.3761215209961,-8.6513843536377,"Unknown"
"7014852",371861,2025-06-25 07:36:40,43.3765716552734,-8.65045166015625,"Unknown"
"7014852",371861,2025-06-25 07:41:31,43.3766326904297,-8.65049934387207,"Unknown"
"7014852",371861,2025-06-25 07:46:31,43.3765487670898,-8.6498556137085,"Unknown"
"7014852",371861,2025-06-25 07:51:31,43.3761100769043,-8.64909553527832,"Unknown"
"7014852",371861,2025-06-25 07:56:31,43.3756141662598,-8.64809894561768,"Unknown"
"7014852",371861,2025-06-25 08:01:31,43.3749732971191,-8.64692497253418,"Unknown"
"7014852",371861,2025-06-25 08:06:31,43.3730697631836,-8.63877487182617,"Unknown"
"7014852",371861,2025-06-25 08:11:31,43.3723258972168,-8.63626766204834,"Unknown"
"7014852",371861,2025-06-25 08:16:33,43.3686599731445,-8.62840270996094,"Unknown"
"7014852",371861,2025-06-25 08:21:32,43.3687553405762,-8.62776565551758,"Unknown"
"7014852",371861,2025-06-25 08:26:31,43.3692283630371,-8.62777900695801,"Unknown"
"7014852",371861,2025-06-25 08:31:31,43.3641586303711,-8.62299060821533,"Unknown"
"7014852",371861,2025-06-25 08:36:31,43.3558158874512,-8.61341953277588,"Unknown"
"7014852",371861,2025-06-25 08:41:31,43.3561096191406,-8.61306095123291,"Unknown"
"7014852",371861,2025-06-25 08:46:32,43.3565673828125,-8.61255836486816,"Unknown"
"7014852",371861,2025-06-25 08:51:31,43.3569488525391,-8.61226558685303,"Unknown"
"7014852",371861,2025-06-25 08:56:33,43.3566246032715,-8.60655403137207,"Unknown"
"7014852",371861,2025-06-25 09:01:33,43.3577499389648,-8.60627269744873,"Unknown"
"7014852",371861,2025-06-25 09:06:32,43.3575477600098,-8.60379695892334,"Unknown"
"7014852",371861,2025-06-25 09:11:36,43.357738494873,-8.60446643829346,"Unknown"
"7014852",371861,2025-06-25 09:16:32,43.3578338623047,-8.60416316986084,"Unknown"
"7014852",371861,2025-06-25 09:21:31,43.3586769104004,-8.60293483734131,"Unknown"
"7014852",371861,2025-06-25 09:26:34,43.3585548400879,-8.59954261779785,"Unknown"
"7014852",371861,2025-06-25 09:31:31,43.3592987060547,-8.59970092773438,"Unknown"
"7014852",371861,2025-06-25 09:36:33,43.3598823547363,-8.59981536865234,"Unknown"
"7014852",371861,2025-06-25 09:41:32,43.3603324890137,-8.60037708282471,"Unknown"
"7014852",371861,2025-06-25 09:46:36,43.360279083252,-8.59867668151855,"Unknown"
"7014852",371861,2025-06-25 09:51:34,43.3603134155273,-8.5975399017334,"Unknown"
"7014852",371861,2025-06-25 09:56:32,43.3606338500977,-8.59695911407471,"Unknown"
"7014852",371861,2025-06-25 10:01:39,43.3622703552246,-8.59536266326904,"Unknown"
"7014852",371861,2025-06-25 10:06:33,43.362476348877,-8.59403610229492,"Unknown"
"7014852",371861,2025-06-25 10:11:32,43.3634643554688,-8.59540271759033,"Unknown"
"7014852",371861,2025-06-25 10:16:32,43.3642425537109,-8.59417343139648,"Unknown"
"7014852",371861,2025-06-25 10:21:32,43.3644943237305,-8.59434032440186,"Unknown"
"7014852",371861,2025-06-25 10:26:33,43.3647956848145,-8.59415531158447,"Unknown"
"7014852",371861,2025-06-25 10:31:33,43.3654556274414,-8.59362983703613,"Unknown"
"7014852",371861,2025-06-25 10:36:32,43.3659133911133,-8.59309005737305,"Unknown"
"7014852",371861,2025-06-25 10:41:32,43.3665313720703,-8.59269237518311,"Unknown"
"7014852",371861,2025-06-25 10:46:32,43.3667602539062,-8.59245300292969,"Unknown"
"7014852",371861,2025-06-25 10:51:33,43.3667335510254,-8.59181785583496,"Unknown"
"7014852",371861,2025-06-25 10:56:31,43.3668365478516,-8.59145259857178,"Unknown"
"7014852",371861,2025-06-25 11:01:31,43.3669891357422,-8.59062671661377,"Unknown"
"7014852",371861,2025-06-25 11:06:31,43.3668098449707,-8.58974266052246,"Unknown"
"7014852",371861,2025-06-25 11:11:33,43.3670120239258,-8.58946990966797,"Unknown"
"7014852",371861,2025-06-25 11:16:38,43.3708114624023,-8.60143089294434,"Unknown"
"7014852",371861,2025-06-25 11:21:39,43.3705635070801,-8.60062122344971,"Unknown"
"7014852",371861,2025-06-25 11:26:40,43.3702735900879,-8.59995746612549,"Unknown"
"7014852",371861,2025-06-25 11:31:36,43.3697166442871,-8.59860420227051,"Unknown"
"7014852",371861,2025-06-25 11:36:39,43.3688621520996,-8.59745788574219,"Unknown"
"7014852",371861,2025-06-25 11:41:38,43.3683052062988,-8.59669208526611,"Unknown"
"7014852",371861,2025-06-25 11:47:05,43.3705635070801,-8.59914016723633,"Unknown"
"7014852",371861,2025-06-25 11:51:32,43.370002746582,-8.598464012146,"Unknown"
"7014852",371861,2025-06-25 11:56:31,43.3694648742676,-8.59775638580322,"Unknown"
"7014852",371861,2025-06-25 12:01:31,43.3690032958984,-8.59731483459473,"Unknown"
"7014852",371861,2025-06-25 12:06:31,43.3686103820801,-8.5970401763916,"Unknown"
"7014852",371861,2025-06-25 12:11:32,43.3681831359863,-8.59679889678955,"Unknown"
"7014852",371861,2025-06-25 12:16:32,43.3679847717285,-8.59608936309814,"Unknown"
"7014852",371861,2025-06-25 12:21:33,43.3668975830078,-8.59548854827881,"Unknown"
"7014852",371861,2025-06-25 12:26:33,43.3658447265625,-8.5947208404541,"Unknown"
"7014852",371861,2025-06-25 12:31:33,43.3647651672363,-8.59418773651123,"Unknown"
"7014852",371861,2025-06-25 12:36:36,43.3639602661133,-8.59363651275635,"Unknown"
"7014852",371861,2025-06-25 12:41:34,43.3662071228027,-8.59569263458252,"Unknown"
"7014852",371861,2025-06-25 12:46:34,43.366283416748,-8.59522533416748,"Unknown"
"7014852",371861,2025-06-25 12:51:33,43.3652534484863,-8.59525680541992,"Unknown"
"7014852",371861,2025-06-25 12:56:36,43.3644599914551,-8.5938663482666,"Unknown"
"7014852",371861,2025-06-25 13:01:32,43.3639373779297,-8.59427642822266,"Unknown"
"7014852",371861,2025-06-25 13:06:35,43.3637199401855,-8.59392166137695,"Unknown"
"7014852",371861,2025-06-25 13:11:39,43.3628387451172,-8.59453201293945,"Unknown"
"7014852",371861,2025-06-25 13:16:31,43.3634147644043,-8.59506702423096,"Unknown"
"7014852",371861,2025-06-25 13:21:33,43.3686141967773,-8.59574031829834,"Unknown"
"7014852",371861,2025-06-25 13:26:35,43.3684005737305,-8.59538078308105,"Unknown"
"7014852",371861,2025-06-25 13:31:32,43.3661041259766,-8.59797954559326,"Unknown"
"7014852",371861,2025-06-25 13:36:32,43.3712539672852,-8.59830093383789,"Unknown"
"7014852",371861,2025-06-25 13:41:34,43.3701782226562,-8.59799861907959,"Unknown"
"7014852",371861,2025-06-25 13:46:31,43.3690757751465,-8.59789180755615,"Unknown"
"7014852",371861,2025-06-25 13:51:32,43.3682060241699,-8.59839916229248,"Unknown"
"7014852",371861,2025-06-25 13:56:31,43.3688735961914,-8.59980964660645,"Unknown"
"7014852",371861,2025-06-25 14:01:31,43.3727874755859,-8.60696697235107,"Unknown"
"7014852",371861,2025-06-25 14:06:31,43.369930267334,-8.60554790496826,"Unknown"
"7014852",371861,2025-06-25 14:11:34,43.3690032958984,-8.60596752166748,"Unknown"
"7014852",371861,2025-06-25 14:16:33,43.3677825927734,-8.6104793548584,"Unknown"
"7014852",371861,2025-06-25 14:21:34,43.3655128479004,-8.6104211807251,"Unknown"
"7014852",371861,2025-06-25 14:26:38,43.3652229309082,-8.61154270172119,"Unknown"
"7014852",371861,2025-06-25 14:31:36,43.364387512207,-8.61175918579102,"Unknown"
"7014852",371861,2025-06-25 14:36:34,43.3643989562988,-8.61257553100586,"Unknown"
"7014852",371861,2025-06-25 14:41:33,43.3619689941406,-8.61353778839111,"Unknown"
"7014852",371861,2025-06-25 14:46:38,43.3597793579102,-8.61447143554688,"Unknown"
"7014852",371861,2025-06-25 14:51:33,43.3588371276855,-8.61519813537598,"Unknown"
"7014852",371861,2025-06-25 14:56:34,43.3579483032227,-8.61582183837891,"Unknown"
"7014852",371861,2025-06-25 15:01:31,43.3568878173828,-8.61704730987549,"Unknown"
"7014852",371861,2025-06-25 15:06:36,43.3561019897461,-8.61811828613281,"Unknown"
"7014852",371861,2025-06-25 15:11:31,43.3512687683105,-8.62057495117188,"Unknown"
"7014852",371861,2025-06-25 15:16:34,43.3490333557129,-8.62131214141846,"Unknown"
"7014852",371861,2025-06-25 15:21:36,43.3473625183105,-8.62252616882324,"Unknown"
"7014852",371861,2025-06-25 15:26:34,43.3459815979004,-8.62355899810791,"Unknown"
"7014852",371861,2025-06-25 15:31:32,43.3453712463379,-8.62568855285645,"Unknown"
"7014852",371861,2025-06-25 15:36:36,43.344108581543,-8.62542819976807,"Unknown"
"7014852",371861,2025-06-25 15:41:34,43.3437919616699,-8.62711143493652,"Unknown"
"7014852",371861,2025-06-25 15:46:32,43.3312644958496,-8.63061428070068,"Unknown"
"7014852",371861,2025-06-25 15:51:31,43.3046455383301,-8.64908313751221,"Unknown"
"7014852",371861,2025-06-25 15:56:31,43.3008842468262,-8.67009830474854,"Unknown"
"7014852",371861,2025-06-25 16:01:32,43.2912788391113,-8.69783115386963,"Unknown"
"7014852",371861,2025-06-25 16:06:31,43.292121887207,-8.69668483734131,"Unknown"
"7014852",371861,2025-06-25 16:11:31,43.292350769043,-8.69707584381104,"Unknown"
"7014852",371861,2025-06-25 16:16:39,43.2920799255371,-8.69658660888672,"Unknown"
"7014852",371861,2025-06-25 16:21:32,43.2950439453125,-8.70904445648193,"Unknown"
"7014852",371861,2025-06-25 16:26:34,43.3045120239258,-8.72558689117432,"Unknown"
"7014852",371861,2025-06-25 16:31:31,43.3054580688477,-8.75669288635254,"Unknown"
"7014852",371861,2025-06-25 16:36:31,43.3063201904297,-8.77609157562256,"Unknown"
"7014852",371861,2025-06-25 16:41:31,43.3141250610352,-8.79573535919189,"Unknown"
"7014852",371861,2025-06-25 16:46:31,43.3298835754395,-8.81267929077148,"Unknown"
"7014852",371861,2025-06-25 16:51:31,43.3469619750977,-8.8328332901001,"Unknown"
"7014852",371861,2025-06-25 16:56:32,43.3607521057129,-8.84119033813477,"Unknown"
"7014852",371861,2025-06-25 17:01:34,43.3608665466309,-8.84137535095215,"Unknown"
"7014852",371861,2025-06-25 17:06:32,43.3606986999512,-8.84125328063965,"Unknown"
"7014852",371861,2025-06-25 17:11:31,43.3609580993652,-8.84127140045166,"Unknown"
"7014852",371861,2025-06-25 17:16:31,43.3609657287598,-8.84130764007568,"Unknown"
"7014852",371861,2025-06-25 17:21:31,43.3610076904297,-8.84120941162109,"Unknown"
"7014852",371861,2025-06-25 17:26:32,43.3609313964844,-8.84120178222656,"Unknown"
"7014852",371861,2025-06-25 17:31:33,43.3616676330566,-8.83943843841553,"Unknown"
"7014852",371861,2025-06-25 17:36:31,43.3612785339355,-8.84054565429688,"Unknown"
"7014852",371861,2025-06-25 17:41:31,43.3609466552734,-8.84135627746582,"Unknown"
"7014852",371861,2025-06-25 17:46:31,43.3608779907227,-8.84134960174561,"Unknown"
"7014852",371861,2025-06-25 17:51:32,43.3609657287598,-8.84100818634033,"Unknown"
"7014852",371861,2025-06-25 17:56:31,43.3608512878418,-8.8413667678833,"Unknown"
"7014852",371861,2025-06-25 18:01:31,43.36083984375,-8.84131717681885,"Unknown"
"7014852",371861,2025-06-25 18:06:31,43.3608703613281,-8.84140491485596,"Unknown"
"7014852",371861,2025-06-25 18:11:31,43.3607444763184,-8.84129428863525,"Unknown"
"7014852",371861,2025-06-25 18:16:31,43.3610534667969,-8.84130001068115,"Unknown"
"7014852",371861,2025-06-25 18:21:31,43.3611221313477,-8.84136199951172,"Unknown"
"7014852",371861,2025-06-25 18:26:32,43.3607788085938,-8.84134197235107,"Unknown"
"7014852",371861,2025-06-25 18:31:32,43.360668182373,-8.84129428863525,"Unknown"
"7014852",371861,2025-06-25 18:36:31,43.3607292175293,-8.84129905700684,"Unknown"
"7014852",371861,2025-06-25 18:41:31,43.3619384765625,-8.83868408203125,"Unknown"
"7014852",371861,2025-06-25 18:46:32,43.3760719299316,-8.7776575088501,"Unknown"
"7014852",371861,2025-06-25 18:51:31,43.389274597168,-8.71674537658691,"Unknown"
"7014852",371861,2025-06-25 18:56:32,43.3799819946289,-8.67239189147949,"Unknown"
"7014852",371861,2025-06-25 19:01:36,43.3877487182617,-8.64026641845703,"Unknown"
"7014852",371861,2025-06-25 19:06:41,43.3877601623535,-8.63947868347168,"Unknown"
"7014852",371861,2025-06-25 19:11:31,43.389030456543,-8.63999843597412,"Unknown"
"7014852",371861,2025-06-25 19:16:39,43.3863525390625,-8.64320278167725,"Unknown"
"7014852",371861,2025-06-25 19:21:32,43.3864517211914,-8.64288997650146,"Unknown"
"7014852",371861,2025-06-25 19:26:39,43.3866806030273,-8.64231586456299,"Unknown"
"7014852",371861,2025-06-25 19:31:33,43.3912239074707,-8.63346195220947,"Unknown"
"7014852",371861,2025-06-25 19:36:34,43.3919448852539,-8.63448143005371,"Unknown"
"7014852",371861,2025-06-25 19:41:37,43.3780975341797,-8.63472175598145,"Unknown"
"7014852",371861,2025-06-25 19:46:38,43.3715667724609,-8.64208984375,"Unknown"
"7014852",371861,2025-06-25 19:51:39,43.3717193603516,-8.64169692993164,"Unknown"
"7014852",371861,2025-06-25 19:56:39,43.3718223571777,-8.64149188995361,"Unknown"
"7014852",371861,2025-06-25 20:01:39,43.3721389770508,-8.64090728759766,"Unknown"
"7014852",371861,2025-06-25 20:06:38,43.3658905029297,-8.64365005493164,"Unknown"
"7014852",371861,2025-06-25 20:11:38,43.3605461120605,-8.64385032653809,"Unknown"
"7014852",371861,2025-06-25 20:16:40,43.3609237670898,-8.64388370513916,"Unknown"
"7014852",371861,2025-06-25 20:21:34,43.3615760803223,-8.64388656616211,"Unknown"
"7014852",371861,2025-06-25 20:26:33,43.3721160888672,-8.65167999267578,"Unknown"
"7014852",371861,2025-06-25 20:31:34,43.3775939941406,-8.66842746734619,"Unknown"
"7014852",371861,2025-06-25 20:36:34,43.3769912719727,-8.66646862030029,"Unknown"
"7014852",371861,2025-06-25 20:41:33,43.3768081665039,-8.66701412200928,"Unknown"
"7014852",371861,2025-06-25 20:46:33,43.3750762939453,-8.66830158233643,"Unknown"
"7014852",371861,2025-06-25 20:51:32,43.3750343322754,-8.67372608184814,"Unknown"
"7014852",371861,2025-06-25 20:56:39,43.3733711242676,-8.67879104614258,"Unknown"
"7014852",371861,2025-06-25 21:01:32,43.3741798400879,-8.68345642089844,"Unknown"
"7014852",371861,2025-06-25 21:06:18,43.3709449768066,-8.71157360076904,"Unknown"
"7014852",371861,2025-06-26 02:06:16,43.3602714538574,-8.84151363372803,"Unknown"
"7014852",371861,2025-06-26 05:01:31,43.3651466369629,-8.83588886260986,"Unknown"
"7014852",371861,2025-06-26 05:06:42,43.3661575317383,-8.83320236206055,"Unknown"
"7014852",371861,2025-06-26 05:11:42,43.366756439209,-8.83319854736328,"Unknown"
"7014852",371861,2025-06-26 05:16:28,43.3691864013672,-8.8287992477417,"Unknown"
"7014852",371861,2025-06-26 05:21:29,43.3666381835938,-8.83135223388672,"Unknown"
"7014852",371861,2025-06-26 05:26:40,43.3602409362793,-8.84128952026367,"Unknown"
"7014852",371861,2025-06-26 05:31:30,43.3600578308105,-8.84093189239502,"Unknown"
"7014852",371861,2025-06-26 05:36:28,43.3603134155273,-8.84129524230957,"Unknown"
"7014852",371861,2025-06-26 05:41:29,43.360164642334,-8.84103870391846,"Unknown"
"7014852",371861,2025-06-26 05:46:44,43.3603744506836,-8.8414134979248,"Unknown"
"7014852",371861,2025-06-26 05:51:27,43.360408782959,-8.84132766723633,"Unknown"
"7014852",371861,2025-06-26 05:56:29,43.3603286743164,-8.84110641479492,"Unknown"
"7014852",371861,2025-06-26 06:01:27,43.3603630065918,-8.84134387969971,"Unknown"
"7014852",371861,2025-06-26 06:06:28,43.3603401184082,-8.84138107299805,"Unknown"
"7014852",371861,2025-06-26 06:11:29,43.3603744506836,-8.8412446975708,"Unknown"
"7014852",371861,2025-06-26 06:16:27,43.3603210449219,-8.84137630462646,"Unknown"
"7014852",371861,2025-06-26 06:21:28,43.3603057861328,-8.84112453460693,"Unknown"
"7014852",371861,2025-06-26 06:26:27,43.3602676391602,-8.84118843078613,"Unknown"
"7014852",371861,2025-06-26 06:31:43,43.3604125976562,-8.84138202667236,"Unknown"
"7014852",371861,2025-06-26 06:36:28,43.3603820800781,-8.84151363372803,"Unknown"
"7014852",371861,2025-06-26 06:41:37,43.3603668212891,-8.84138011932373,"Unknown"
"7014852",371861,2025-06-26 06:46:31,43.3603668212891,-8.84148979187012,"Unknown"
"7014852",371861,2025-06-26 06:51:37,43.3603324890137,-8.84121799468994,"Unknown"
"7014852",371861,2025-06-26 06:56:37,43.3603591918945,-8.84141731262207,"Unknown"
"7014852",371861,2025-06-26 07:01:38,43.3610229492188,-8.84403705596924,"Unknown"
"7014852",371861,2025-06-26 07:07:50,43.3604698181152,-8.84390735626221,"Unknown"
"7014852",371861,2025-06-26 07:11:59,43.3608665466309,-8.84405708312988,"Unknown"
"7014852",371861,2025-06-26 07:16:37,43.3601226806641,-8.84705066680908,"Unknown"
"7014852",371861,2025-06-26 07:21:30,43.3601379394531,-8.84028053283691,"Unknown"
"7014852",371861,2025-06-26 07:26:37,43.3602828979492,-8.8414306640625,"Unknown"
"7014852",371861,2025-06-26 07:31:31,43.3602142333984,-8.84121799468994,"Unknown"
"7014852",371861,2025-06-26 07:36:37,43.3602981567383,-8.84137344360352,"Unknown"
"7014852",371861,2025-06-26 07:41:29,43.360279083252,-8.84139060974121,"Unknown"
"7014852",371861,2025-06-26 07:46:44,43.3603324890137,-8.84132099151611,"Unknown"
"7014852",371861,2025-06-26 07:51:32,43.3603477478027,-8.84135913848877,"Unknown"
"7014852",371861,2025-06-26 07:56:32,43.3604011535645,-8.84139442443848,"Unknown"
"7014852",371861,2025-06-26 08:01:30,43.3605690002441,-8.84179782867432,"Unknown"
"7014852",371861,2025-06-26 08:07:14,43.360408782959,-8.84127426147461,"Unknown"
"7014852",371861,2025-06-26 08:11:32,43.3604164123535,-8.84123611450195,"Unknown"
"7014852",371861,2025-06-26 08:16:32,43.3603706359863,-8.84130477905273,"Unknown"
"7014852",371861,2025-06-26 08:21:31,43.3603591918945,-8.84128856658936,"Unknown"
"7014852",371861,2025-06-26 08:26:29,43.3647575378418,-8.83569145202637,"Unknown"
"7014852",371861,2025-06-26 08:31:34,43.3818435668945,-8.82419395446777,"Unknown"
"7014852",371861,2025-06-26 08:36:28,43.3849678039551,-8.83374881744385,"Unknown"
"7014852",371861,2025-06-26 08:41:31,43.3795471191406,-8.82870864868164,"Unknown"
"7014852",371861,2025-06-26 08:57:05,43.3928337097168,-8.83023738861084,"Unknown"
"7014852",371861,2025-06-26 09:01:29,43.3949279785156,-8.83149719238281,"Unknown"
"7014852",371861,2025-06-26 09:06:30,43.3950080871582,-8.83169651031494,"Unknown"
"7014852",371861,2025-06-26 09:11:27,43.3725090026855,-8.83838367462158,"Unknown"
"7014852",371861,2025-06-26 09:16:42,43.3603706359863,-8.84150314331055,"Unknown"
"7014852",371861,2025-06-26 09:21:57,43.3603210449219,-8.84134387969971,"Unknown"
"7014852",371861,2025-06-26 09:26:38,43.3603477478027,-8.84146785736084,"Unknown"
"7014852",371861,2025-06-26 09:31:27,43.3603515625,-8.84135341644287,"Unknown"
"7014852",371861,2025-06-26 09:36:30,43.3603439331055,-8.84130764007568,"Unknown"
"7014852",371861,2025-06-26 09:41:26,43.3603286743164,-8.84136199951172,"Unknown"
"7014852",371861,2025-06-26 09:47:05,43.3603439331055,-8.84139919281006,"Unknown"
"7014852",371861,2025-06-26 09:51:27,43.3603935241699,-8.84138298034668,"Unknown"
"7014852",371861,2025-06-26 09:56:26,43.3603515625,-8.84138870239258,"Unknown"
"7014852",371861,2025-06-26 10:01:26,43.3603973388672,-8.84142589569092,"Unknown"
"7014852",371861,2025-06-26 10:06:27,43.3603630065918,-8.84140491485596,"Unknown"
"7014852",371861,2025-06-26 10:11:30,43.3603668212891,-8.84138965606689,"Unknown"
"7014852",371861,2025-06-26 10:16:29,43.3603248596191,-8.84139156341553,"Unknown"
"7014852",371861,2025-06-26 10:21:30,43.3603286743164,-8.84129810333252,"Unknown"
"7014852",371861,2025-06-26 10:31:32,43.3604202270508,-8.84152030944824,"Unknown"
"7014852",371861,2025-06-26 10:36:40,43.3603477478027,-8.84136009216309,"Unknown"
"7014852",371861,2025-06-26 10:41:30,43.360424041748,-8.84124660491943,"Unknown"
"7014852",371861,2025-06-26 10:46:30,43.3603630065918,-8.84139823913574,"Unknown"
"7014852",371861,2025-06-26 10:51:31,43.360466003418,-8.84149932861328,"Unknown"
"7014852",371861,2025-06-26 10:56:31,43.3603973388672,-8.84141540527344,"Unknown"
"7014852",371861,2025-06-26 11:01:30,43.3602828979492,-8.84115123748779,"Unknown"
"7014852",371861,2025-06-26 11:06:29,43.3603363037109,-8.84170246124268,"Unknown"
"7014852",371861,2025-06-26 11:11:27,43.3868370056152,-8.83882904052734,"Unknown"
"7014852",371861,2025-06-26 11:16:27,43.3773498535156,-8.82679653167725,"Unknown"
"7014852",371861,2025-06-26 11:21:37,43.3767738342285,-8.82513046264648,"Unknown"
"7014852",371861,2025-06-26 11:26:37,43.3761901855469,-8.82340431213379,"Unknown"
"7014852",371861,2025-06-26 11:31:37,43.3754463195801,-8.82160758972168,"Unknown"
"7014852",371861,2025-06-26 11:36:27,43.3682022094727,-8.83002090454102,"Unknown"
"7014852",371861,2025-06-26 11:41:37,43.3603591918945,-8.84118556976318,"Unknown"
"7014852",371861,2025-06-26 11:46:27,43.3604545593262,-8.84153938293457,"Unknown"
"7014852",371861,2025-06-26 11:51:37,43.3603591918945,-8.84127902984619,"Unknown"
"7014852",371861,2025-06-26 11:56:26,43.360408782959,-8.84138011932373,"Unknown"
"7014852",371861,2025-06-26 12:01:31,43.3603782653809,-8.84128284454346,"Unknown"
"7014852",371861,2025-06-26 12:06:31,43.3603973388672,-8.84123802185059,"Unknown"
"7014852",371861,2025-06-26 12:11:27,43.3603782653809,-8.84124755859375,"Unknown"
"7014852",371861,2025-06-26 12:16:26,43.3603820800781,-8.841233253479,"Unknown"
"7014852",371861,2025-06-26 12:21:34,43.3604164123535,-8.8412389755249,"Unknown"
"7014852",371861,2025-06-26 12:26:34,43.3603324890137,-8.84123706817627,"Unknown"
"7014852",371861,2025-06-26 12:31:34,43.3603706359863,-8.84124183654785,"Unknown"
"7014852",371861,2025-06-26 12:36:39,43.360408782959,-8.84121417999268,"Unknown"
"7014852",371861,2025-06-26 12:41:59,43.3604469299316,-8.84128952026367,"Unknown"
"7014852",371861,2025-06-26 12:47:20,43.3603324890137,-8.84140205383301,"Unknown"
"7014852",371861,2025-06-26 12:51:30,43.3670539855957,-8.83658504486084,"Unknown"
"7014852",371861,2025-06-26 12:56:36,43.373908996582,-8.83356952667236,"Unknown"
"7014852",371861,2025-06-26 13:01:37,43.3748397827148,-8.8342113494873,"Unknown"
"7014852",371861,2025-06-26 13:06:28,43.3691825866699,-8.83835124969482,"Unknown"
"7014852",371861,2025-06-26 13:11:37,43.3603553771973,-8.84139633178711,"Unknown"
"7014852",371861,2025-06-26 13:16:28,43.3600807189941,-8.84178638458252,"Unknown"
"7014852",371861,2025-06-26 13:21:37,43.3603439331055,-8.84133529663086,"Unknown"
"7014852",371861,2025-06-26 13:26:27,43.3603401184082,-8.84147071838379,"Unknown"
"7014852",371861,2025-06-26 13:31:37,43.3604278564453,-8.84134769439697,"Unknown"
"7014852",371861,2025-06-26 13:36:36,43.3604621887207,-8.84150791168213,"Unknown"
"7014852",371861,2025-06-26 13:41:27,43.3603630065918,-8.84130668640137,"Unknown"
"7014852",371861,2025-06-26 13:46:27,43.3604125976562,-8.84133338928223,"Unknown"
"7014852",371861,2025-06-26 13:51:28,43.360424041748,-8.84142398834229,"Unknown"
"7014852",371861,2025-06-26 13:56:30,43.3605270385742,-8.84130382537842,"Unknown"
"7014852",371861,2025-06-26 14:01:59,43.3604278564453,-8.84140396118164,"Unknown"
"7014852",371861,2025-06-26 14:06:26,43.3603172302246,-8.84140396118164,"Unknown"
"7014852",371861,2025-06-26 14:11:28,43.3604202270508,-8.84140205383301,"Unknown"
"7014852",371861,2025-06-26 14:16:36,43.3603477478027,-8.84139823913574,"Unknown"
"7014852",371861,2025-06-26 14:21:30,43.3603363037109,-8.8414945602417,"Unknown"
"7014852",371861,2025-06-26 14:26:31,43.3603210449219,-8.84144115447998,"Unknown"
"7014852",371861,2025-06-26 14:31:28,43.3603248596191,-8.84141159057617,"Unknown"
"7014852",371861,2025-06-26 14:36:27,43.3603515625,-8.84139823913574,"Unknown"
"7014852",371861,2025-06-26 14:41:28,43.3603630065918,-8.84151935577393,"Unknown"
"7014852",371861,2025-06-26 14:46:27,43.3688812255859,-8.82961940765381,"Unknown"
"7014852",371861,2025-06-26 14:51:37,43.3694000244141,-8.8288049697876,"Unknown"
"7014852",371861,2025-06-26 14:56:35,43.3694000244141,-8.82871150970459,"Unknown"
"7014852",371861,2025-06-26 15:01:50,43.369068145752,-8.82882118225098,"Unknown"
"7014852",371861,2025-06-26 15:06:36,43.3682060241699,-8.82820892333984,"Unknown"
"7014852",371861,2025-06-26 15:11:35,43.3699073791504,-8.8328218460083,"Unknown"
"7014852",371861,2025-06-26 15:16:39,43.3696365356445,-8.83222007751465,"Unknown"
"7014852",371861,2025-06-26 15:22:29,43.3621444702148,-8.83714008331299,"Unknown"
"7014852",371861,2025-06-26 15:27:05,43.3606910705566,-8.84173583984375,"Unknown"
"7014852",371861,2025-06-26 15:31:27,43.3607406616211,-8.84179973602295,"Unknown"
"7014852",371861,2025-06-26 15:36:26,43.3608055114746,-8.84173774719238,"Unknown"
"7014852",371861,2025-06-26 15:41:27,43.360782623291,-8.84191513061523,"Unknown"
"7014852",371861,2025-06-26 15:46:27,43.3608436584473,-8.84183025360107,"Unknown"
"7014852",371861,2025-06-26 15:51:27,43.3607368469238,-8.84179210662842,"Unknown"
"7014852",371861,2025-06-26 15:56:27,43.3604393005371,-8.84145259857178,"Unknown"
"7014852",371861,2025-06-26 16:01:28,43.3604164123535,-8.84141540527344,"Unknown"
"7014852",371861,2025-06-26 16:06:30,43.360179901123,-8.8411750793457,"Unknown"
"7014852",371861,2025-06-26 16:11:37,43.3603134155273,-8.84127235412598,"Unknown"
"7014852",371861,2025-06-26 16:16:26,43.3604049682617,-8.84142589569092,"Unknown"
"7014852",371861,2025-06-26 16:22:05,43.3603401184082,-8.84131717681885,"Unknown"
"7014852",371861,2025-06-26 16:26:27,43.3603782653809,-8.84138679504395,"Unknown"
"7014852",371861,2025-06-26 16:31:27,43.3603401184082,-8.84131050109863,"Unknown"
"7014852",371861,2025-06-26 16:36:44,43.3603553771973,-8.84128570556641,"Unknown"
"7014852",371861,2025-06-26 16:41:27,43.3603935241699,-8.84132671356201,"Unknown"
"7014852",371861,2025-06-26 16:46:26,43.3604965209961,-8.84156131744385,"Unknown"
"7014852",371861,2025-06-26 16:51:26,43.3604507446289,-8.84150695800781,"Unknown"
"7014852",371861,2025-06-26 16:56:27,43.3604888916016,-8.8415994644165,"Unknown"
"7014852",371861,2025-06-26 17:01:29,43.360408782959,-8.8414363861084,"Unknown"
"7014852",371861,2025-06-26 17:06:30,43.3603858947754,-8.84152698516846,"Unknown"
"7014852",371861,2025-06-26 17:11:32,43.3603019714355,-8.84116840362549,"Unknown"
"7014852",371861,2025-06-26 17:16:27,43.3603515625,-8.84144020080566,"Unknown"
"7014852",371861,2025-06-26 17:21:36,43.3659172058105,-8.83054542541504,"Unknown"
"7014852",371861,2025-06-26 17:26:26,43.364429473877,-8.82391548156738,"Unknown"
"7014852",371861,2025-06-26 17:31:45,43.3604125976562,-8.82159519195557,"Unknown"
"7014852",371861,2025-06-26 17:36:27,43.351749420166,-8.82748699188232,"Unknown"
"7014852",371861,2025-06-26 17:41:29,43.3511009216309,-8.82858085632324,"Unknown"
"7014852",371861,2025-06-26 17:46:42,43.3518981933594,-8.8286657333374,"Unknown"
"7014852",371861,2025-06-26 17:51:30,43.3522872924805,-8.82840442657471,"Unknown"
"7014852",371861,2025-06-26 17:56:31,43.3527030944824,-8.82774829864502,"Unknown"
"7014852",371861,2025-06-26 18:01:31,43.3534736633301,-8.82788276672363,"Unknown"
"7014852",371861,2025-06-26 18:06:27,43.3588066101074,-8.83523941040039,"Unknown"
"7014852",371861,2025-06-26 18:11:29,43.3587799072266,-8.84562015533447,"Unknown"
"7014852",371861,2025-06-26 18:16:44,43.3607025146484,-8.84121322631836,"Unknown"
"7014852",371861,2025-06-26 18:21:29,43.3604774475098,-8.84152889251709,"Unknown"
"7014852",371861,2025-06-26 18:26:28,43.3604316711426,-8.84141445159912,"Unknown"
"7014852",371861,2025-06-26 18:31:31,43.3604278564453,-8.84145259857178,"Unknown"
"7014852",371861,2025-06-26 18:36:29,43.360481262207,-8.84142208099365,"Unknown"
"7014852",371861,2025-06-26 18:41:27,43.3605155944824,-8.84140396118164,"Unknown"
"7014852",371861,2025-06-26 18:46:59,43.3603744506836,-8.84135437011719,"Unknown"
"7014852",371861,2025-06-26 18:51:37,43.3606224060059,-8.84124374389648,"Unknown"
"7014852",371861,2025-06-26 18:56:29,43.3603744506836,-8.84131050109863,"Unknown"
"7014852",371861,2025-06-26 19:01:31,43.3605918884277,-8.84114265441895,"Unknown"
"7014852",371861,2025-06-26 19:06:37,43.3603286743164,-8.84143543243408,"Unknown"
"7014852",371861,2025-06-26 19:11:32,43.3603401184082,-8.84140205383301,"Unknown"
"7014852",371861,2025-06-26 19:16:26,43.360164642334,-8.84150123596191,"Unknown"
"7014852",371861,2025-06-26 19:21:29,43.360279083252,-8.84143733978271,"Unknown"
"7014852",371861,2025-06-26 19:26:28,43.3605461120605,-8.84171581268311,"Unknown"
"7014852",371861,2025-06-26 19:31:44,43.3770446777344,-8.83181953430176,"Unknown"
"7014852",371861,2025-06-26 19:36:30,43.3776473999023,-8.83345413208008,"Unknown"
"7014852",371861,2025-06-26 19:41:30,43.3779258728027,-8.83423042297363,"Unknown"
"7014852",371861,2025-06-26 19:46:29,43.3742904663086,-8.82841873168945,"Unknown"
"7014852",371861,2025-06-26 19:51:32,43.3717613220215,-8.82904720306396,"Unknown"
"7014852",371861,2025-06-26 19:56:26,43.3603858947754,-8.84753131866455,"Unknown"
"7014852",371861,2025-06-26 20:01:40,43.3602142333984,-8.8415470123291,"Unknown"
"7014852",371861,2025-06-26 20:06:27,43.360050201416,-8.84118461608887,"Unknown"
"7014852",371861,2025-06-26 20:11:28,43.3601417541504,-8.84126663208008,"Unknown"
"7014852",371861,2025-06-26 20:16:28,43.3602066040039,-8.84134006500244,"Unknown"
"7014852",371861,2025-06-26 20:21:30,43.3601150512695,-8.8418025970459,"Unknown"
"7014852",371861,2025-06-26 20:26:32,43.3600959777832,-8.84134006500244,"Unknown"
"7014852",371861,2025-06-26 20:31:34,43.3602523803711,-8.84141159057617,"Unknown"
"7014852",371861,2025-06-26 20:36:30,43.3548583984375,-8.83425617218018,"Unknown"
"7014852",371861,2025-06-26 20:41:28,43.3603515625,-8.84148979187012,"Unknown"
"7014852",371861,2025-06-26 20:46:48,43.3604698181152,-8.84162712097168,"Unknown"
"7014852",371861,2025-06-26 20:51:29,43.3603935241699,-8.84147357940674,"Unknown"
"7014852",371861,2025-06-26 20:56:34,43.3606452941895,-8.84187602996826,"Unknown"
"7014852",371861,2025-06-26 21:01:29,43.3603553771973,-8.84153747558594,"Unknown"
"7014852",371861,2025-06-26 21:06:51,43.3604469299316,-8.84167861938477,"Unknown"
"7014852",371861,2025-06-27 02:07:24,43.3604125976562,-8.84135818481445,"Unknown"
"7014852",371861,2025-06-27 05:02:40,43.3602714538574,-8.8413610458374,"Unknown"
"7014852",371861,2025-06-27 05:07:27,43.3601951599121,-8.84106922149658,"Unknown"
"7014852",371861,2025-06-27 05:12:24,43.3602561950684,-8.84122180938721,"Unknown"
"7014852",371861,2025-06-27 05:17:25,43.3603515625,-8.84135150909424,"Unknown"
"7014852",371861,2025-06-27 05:22:29,43.3603935241699,-8.84134769439697,"Unknown"
"7014852",371861,2025-06-27 05:27:28,43.3581466674805,-8.83712196350098,"Unknown"
"7014852",371861,2025-06-27 05:32:27,43.3602104187012,-8.84115409851074,"Unknown"
"7014852",371861,2025-06-27 05:37:37,43.363208770752,-8.84269142150879,"Unknown"
"7014852",371861,2025-06-27 05:42:33,43.3602294921875,-8.84107971191406,"Unknown"
"7014852",371861,2025-06-27 05:47:36,43.360294342041,-8.84121894836426,"Unknown"
"7014852",371861,2025-06-27 05:52:44,43.3603286743164,-8.84134101867676,"Unknown"
"7014852",371861,2025-06-27 05:57:27,43.3604049682617,-8.84147357940674,"Unknown"
"7014852",371861,2025-06-27 06:02:36,43.3603248596191,-8.84131908416748,"Unknown"
"7014852",371861,2025-06-27 06:07:36,43.3603515625,-8.84137535095215,"Unknown"
"7014852",371861,2025-06-27 06:12:36,43.3603057861328,-8.84133911132812,"Unknown"
"7014852",371861,2025-06-27 06:17:59,43.3602447509766,-8.84115695953369,"Unknown"
"7014852",371861,2025-06-27 06:22:38,43.3602409362793,-8.84117317199707,"Unknown"
"7014852",371861,2025-06-27 06:27:30,43.3602905273438,-8.8414888381958,"Unknown"
"7014852",371861,2025-06-27 06:32:44,43.3602256774902,-8.84108352661133,"Unknown"
"7014852",371861,2025-06-27 06:37:38,43.3602638244629,-8.84087181091309,"Unknown"
"7014852",371861,2025-06-27 06:42:35,43.3602027893066,-8.84087467193604,"Unknown"
"7014852",371861,2025-06-27 06:47:59,43.3601837158203,-8.84147071838379,"Unknown"
"7014852",371861,2025-06-27 06:52:50,43.360279083252,-8.84135818481445,"Unknown"
"7014852",371861,2025-06-27 06:57:38,43.3601417541504,-8.84151268005371,"Unknown"
"7014852",371861,2025-06-27 07:02:36,43.3604545593262,-8.8411922454834,"Unknown"
"7014852",371861,2025-06-27 07:07:26,43.3603363037109,-8.8413143157959,"Unknown"
"7014852",371861,2025-06-27 07:13:01,43.361515045166,-8.84448909759521,"Unknown"
"7014852",371861,2025-06-27 07:17:28,43.3677978515625,-8.83665943145752,"Unknown"
"7014852",371861,2025-06-27 07:22:23,43.3657264709473,-8.83571434020996,"Unknown"
"7014852",371861,2025-06-27 07:27:28,43.3700752258301,-8.83292388916016,"Unknown"
"7014852",371861,2025-06-27 07:32:27,43.3753623962402,-8.83692741394043,"Unknown"
"7014852",371861,2025-06-27 07:37:34,43.3758964538574,-8.83843326568604,"Unknown"
"7014852",371861,2025-06-27 07:42:26,43.3774909973145,-8.84070682525635,"Unknown"
"7014852",371861,2025-06-27 07:48:05,43.3624877929688,-8.83903884887695,"Unknown"
"7014852",371861,2025-06-27 07:52:25,43.3624038696289,-8.83919048309326,"Unknown"
"7014852",371861,2025-06-27 07:57:25,43.362377166748,-8.83943748474121,"Unknown"
"7014852",371861,2025-06-27 08:02:25,43.3623847961426,-8.83938217163086,"Unknown"
"7014852",371861,2025-06-27 08:07:53,43.3670768737793,-8.83151626586914,"Unknown"
"7014852",371861,2025-06-27 08:12:54,43.368350982666,-8.83177471160889,"Unknown"
"7014852",371861,2025-06-27 08:17:54,43.3744010925293,-8.82476043701172,"Unknown"
"7014852",371861,2025-06-27 08:22:54,43.3755187988281,-8.82533836364746,"Unknown"
"7014852",371861,2025-06-27 08:27:56,43.3784790039062,-8.82671451568604,"Unknown"
"7014852",371861,2025-06-27 08:32:52,43.3844299316406,-8.83398246765137,"Unknown"
"7014852",371861,2025-06-27 08:37:55,43.3874206542969,-8.83818531036377,"Unknown"
"7014852",371861,2025-06-27 08:42:53,43.3886108398438,-8.83873271942139,"Unknown"
"7014852",371861,2025-06-27 08:47:53,43.380729675293,-8.84102344512939,"Unknown"
"7014852",371861,2025-06-27 08:52:53,43.3599433898926,-8.84100341796875,"Unknown"
"7014852",371861,2025-06-27 08:57:53,43.3603172302246,-8.84148406982422,"Unknown"
"7014852",371861,2025-06-27 09:02:54,43.359977722168,-8.84109401702881,"Unknown"
"7014852",371861,2025-06-27 09:08:02,43.3597869873047,-8.8411340713501,"Unknown"
"7014852",371861,2025-06-27 09:12:54,43.3604278564453,-8.84162998199463,"Unknown"
"7014852",371861,2025-06-27 09:17:54,43.3596000671387,-8.84100818634033,"Unknown"
"7014852",371861,2025-06-27 09:22:54,43.3595314025879,-8.84100151062012,"Unknown"
"7014852",371861,2025-06-27 09:27:55,43.360050201416,-8.84106254577637,"Unknown"
"7014852",371861,2025-06-27 09:32:54,43.3596572875977,-8.84150409698486,"Unknown"
"7014852",371861,2025-06-27 09:37:53,43.3603096008301,-8.84146499633789,"Unknown"
"7014852",371861,2025-06-27 09:42:53,43.3601493835449,-8.84154796600342,"Unknown"
"7014852",371861,2025-06-27 09:47:53,43.359676361084,-8.84153938293457,"Unknown"
"7014852",371861,2025-06-27 09:52:55,43.3596000671387,-8.84142684936523,"Unknown"
"7014852",371861,2025-06-27 09:57:55,43.359561920166,-8.84145545959473,"Unknown"
"7014852",371861,2025-06-27 10:03:00,43.3598976135254,-8.84140872955322,"Unknown"
"7014852",371861,2025-06-27 10:07:53,43.3631820678711,-8.83693313598633,"Unknown"
"7014852",371861,2025-06-27 10:12:53,43.3824691772461,-8.82643699645996,"Unknown"
"7014852",371861,2025-06-27 10:17:55,43.383358001709,-8.82564163208008,"Unknown"
"7014852",371861,2025-06-27 10:22:54,43.3772201538086,-8.81537914276123,"Unknown"
"7014852",371861,2025-06-27 10:27:54,43.3777351379395,-8.81439876556396,"Unknown"
"7014852",371861,2025-06-27 10:32:54,43.3772392272949,-8.81354999542236,"Unknown"
"7014852",371861,2025-06-27 10:37:56,43.373348236084,-8.81691837310791,"Unknown"
"7014852",371861,2025-06-27 10:42:57,43.3732109069824,-8.81580543518066,"Unknown"
"7014852",371861,2025-06-27 10:47:55,43.3727874755859,-8.81533050537109,"Unknown"
"7014852",371861,2025-06-27 10:52:57,43.3712997436523,-8.81405448913574,"Unknown"
"7014852",371861,2025-06-27 10:57:57,43.372501373291,-8.81456089019775,"Unknown"
"7014852",371861,2025-06-27 11:03:00,43.3728675842285,-8.81355953216553,"Unknown"
"7014852",371861,2025-06-27 11:07:54,43.3709487915039,-8.8146276473999,"Unknown"
"7014852",371861,2025-06-27 11:18:00,43.3599281311035,-8.84047794342041,"Unknown"
"7014852",371861,2025-06-27 11:23:03,43.3603591918945,-8.84095859527588,"Unknown"
"7014852",371861,2025-06-27 11:27:53,43.3606109619141,-8.84101009368896,"Unknown"
"7014852",371861,2025-06-27 11:32:55,43.3606033325195,-8.8411750793457,"Unknown"
"7014852",371861,2025-06-27 11:37:54,43.3606033325195,-8.84124755859375,"Unknown"
"7014852",371861,2025-06-27 11:42:54,43.3605690002441,-8.84114742279053,"Unknown"
"7014852",371861,2025-06-27 11:47:55,43.3606109619141,-8.84110260009766,"Unknown"
"7014852",371861,2025-06-27 11:52:54,43.3606834411621,-8.84121608734131,"Unknown"
"7014852",371861,2025-06-27 11:57:54,43.360668182373,-8.84120750427246,"Unknown"
"7014852",371861,2025-06-27 12:02:57,43.3606414794922,-8.84097099304199,"Unknown"
"7014852",371861,2025-06-27 12:07:55,43.3604888916016,-8.84105587005615,"Unknown"
"7014852",371861,2025-06-27 12:12:55,43.360538482666,-8.84111785888672,"Unknown"
"7014852",371861,2025-06-27 12:17:53,43.3604316711426,-8.84101963043213,"Unknown"
"7014852",371861,2025-06-27 12:23:00,43.3605842590332,-8.84112358093262,"Unknown"
"7014852",371861,2025-06-27 12:28:00,43.3606376647949,-8.84107685089111,"Unknown"
"7014852",371861,2025-06-27 12:32:54,43.3605346679688,-8.84128475189209,"Unknown"
"7014852",371861,2025-06-27 12:37:53,43.3606872558594,-8.84115886688232,"Unknown"
"7014852",371861,2025-06-27 12:42:59,43.3606300354004,-8.84124374389648,"Unknown"
"7014852",371861,2025-06-27 12:47:54,43.3603096008301,-8.84124088287354,"Unknown"
"7014852",371861,2025-06-27 12:52:53,43.360652923584,-8.84071826934814,"Unknown"
"7014852",371861,2025-06-27 12:57:58,43.3663330078125,-8.82717800140381,"Unknown"
"7014852",371861,2025-06-27 13:02:54,43.3698272705078,-8.82949924468994,"Unknown"
"7014852",371861,2025-06-27 13:07:53,43.3693542480469,-8.82907009124756,"Unknown"
"7014852",371861,2025-06-27 13:12:55,43.3696784973145,-8.83271789550781,"Unknown"
"7014852",371861,2025-06-27 13:17:56,43.3690452575684,-8.83277034759521,"Unknown"
"7014852",371861,2025-06-27 13:22:55,43.3616409301758,-8.84258460998535,"Unknown"
"7014852",371861,2025-06-27 13:27:54,43.3602867126465,-8.84144592285156,"Unknown"
"7014852",371861,2025-06-27 13:32:54,43.360538482666,-8.84132480621338,"Unknown"
"7014852",371861,2025-06-27 13:37:54,43.360481262207,-8.84129047393799,"Unknown"
"7014852",371861,2025-06-27 13:42:56,43.3604698181152,-8.84136199951172,"Unknown"
"7014852",371861,2025-06-27 13:47:53,43.360481262207,-8.84127330780029,"Unknown"
"7014852",371861,2025-06-27 13:52:55,43.3606071472168,-8.84119415283203,"Unknown"
"7014852",371861,2025-06-27 13:57:53,43.3605422973633,-8.84148406982422,"Unknown"
"7014852",371861,2025-06-27 14:02:53,43.3605117797852,-8.84139823913574,"Unknown"
"7014852",371861,2025-06-27 14:07:56,43.3605308532715,-8.8415355682373,"Unknown"
"7014852",371861,2025-06-27 14:13:00,43.360424041748,-8.84107685089111,"Unknown"
"7014852",371861,2025-06-27 14:18:04,43.3604850769043,-8.84109592437744,"Unknown"
"7014852",371861,2025-06-27 14:22:54,43.360523223877,-8.84155941009521,"Unknown"
"7014852",371861,2025-06-27 14:27:56,43.360523223877,-8.84176540374756,"Unknown"
"7014852",371861,2025-06-27 14:32:55,43.3606224060059,-8.84145832061768,"Unknown"
"7014852",371861,2025-06-27 14:37:57,43.3605995178223,-8.84142017364502,"Unknown"
"7014852",371861,2025-06-27 14:42:54,43.3605155944824,-8.84149169921875,"Unknown"
"7014852",371861,2025-06-27 14:47:53,43.3602752685547,-8.84188175201416,"Unknown"
"7014852",371861,2025-06-27 14:52:54,43.3477783203125,-8.827561378479,"Unknown"
"7014852",371861,2025-06-27 14:57:53,43.3459701538086,-8.82546997070312,"Unknown"
"7014852",371861,2025-06-27 15:02:55,43.3503875732422,-8.82720756530762,"Unknown"
"7014852",371861,2025-06-27 15:07:56,43.3513336181641,-8.82708644866943,"Unknown"
"7014852",371861,2025-06-27 15:13:00,43.3569068908691,-8.82777500152588,"Unknown"
"7014852",371861,2025-06-27 15:18:00,43.356632232666,-8.82783031463623,"Unknown"
"7014852",371861,2025-06-27 15:22:57,43.3611755371094,-8.84220314025879,"Unknown"
"7014852",371861,2025-06-27 15:27:58,43.3604736328125,-8.84137535095215,"Unknown"
"7014852",371861,2025-06-27 15:33:00,43.3601036071777,-8.84109687805176,"Unknown"
"7014852",371861,2025-06-27 15:38:05,43.3605308532715,-8.84145355224609,"Unknown"
"7014852",371861,2025-06-27 15:42:55,43.3603248596191,-8.84133338928223,"Unknown"
"7014852",371861,2025-06-27 15:47:55,43.3604011535645,-8.84139633178711,"Unknown"
"7014852",371861,2025-06-27 15:52:56,43.3599967956543,-8.8409366607666,"Unknown"
"7014852",371861,2025-06-27 15:58:00,43.360164642334,-8.84105491638184,"Unknown"
"7014852",371861,2025-06-27 16:02:57,43.3602142333984,-8.84109973907471,"Unknown"
"7014852",371861,2025-06-27 16:07:55,43.3603019714355,-8.84116840362549,"Unknown"
"7014852",371861,2025-06-27 16:12:56,43.360424041748,-8.84133148193359,"Unknown"
"7014852",371861,2025-06-27 16:18:04,43.3606872558594,-8.84163379669189,"Unknown"
"7014852",371861,2025-06-27 16:22:55,43.3613624572754,-8.84195041656494,"Unknown"
"7014852",371861,2025-06-27 16:27:55,43.3705368041992,-8.85879039764404,"Unknown"
"7014852",371861,2025-06-27 16:32:55,43.3711051940918,-8.90406131744385,"Unknown"
"7014852",371861,2025-06-27 16:37:55,43.375186920166,-8.94001579284668,"Unknown"
"7014852",371861,2025-06-27 16:42:55,43.367015838623,-8.91495418548584,"Unknown"
"7014852",371861,2025-06-27 16:47:57,43.3535385131836,-8.88415241241455,"Unknown"
"7014852",371861,2025-06-27 16:52:58,43.3562126159668,-8.8708381652832,"Unknown"
"7014852",371861,2025-06-27 16:57:57,43.3603134155273,-8.87153244018555,"Unknown"
"7014852",371861,2025-06-27 17:03:00,43.3593139648438,-8.87218761444092,"Unknown"
"7014852",371861,2025-06-27 17:07:55,43.361026763916,-8.84903430938721,"Unknown"
"7014852",371861,2025-06-27 17:12:57,43.3604965209961,-8.84121990203857,"Unknown"
"7014852",371861,2025-06-27 17:17:55,43.3605804443359,-8.84136867523193,"Unknown"
"7014852",371861,2025-06-27 17:22:57,43.3608779907227,-8.84079551696777,"Unknown"
"7014852",371861,2025-06-27 17:27:56,43.3605308532715,-8.84143161773682,"Unknown"
"7014852",371861,2025-06-27 17:33:00,43.3605194091797,-8.84127140045166,"Unknown"
"7014852",371861,2025-06-27 17:37:56,43.3606910705566,-8.84164905548096,"Unknown"
"7014852",371861,2025-06-27 17:43:06,43.3605651855469,-8.84152698516846,"Unknown"
"7014852",371861,2025-06-27 17:47:56,43.3605766296387,-8.84145355224609,"Unknown"
"7014852",371861,2025-06-27 17:52:56,43.3606605529785,-8.84122657775879,"Unknown"
"7014852",371861,2025-06-27 17:57:56,43.3606719970703,-8.84139728546143,"Unknown"
"7014852",371861,2025-06-27 18:02:56,43.3607063293457,-8.84164047241211,"Unknown"
"7014852",371861,2025-06-27 18:07:56,43.3607177734375,-8.84166622161865,"Unknown"
"7014852",371861,2025-06-27 18:12:55,43.3608665466309,-8.84135913848877,"Unknown"
"7014852",371861,2025-06-27 18:17:55,43.3645553588867,-8.81910610198975,"Unknown"
"7014852",371861,2025-06-27 18:22:57,43.3658714294434,-8.83012104034424,"Unknown"
"7014852",371861,2025-06-27 18:27:58,43.3672294616699,-8.83103370666504,"Unknown"
"7014852",371861,2025-06-27 18:32:56,43.368034362793,-8.83212184906006,"Unknown"
"7014852",371861,2025-06-27 18:37:59,43.3663291931152,-8.82863140106201,"Unknown"
"7014852",371861,2025-06-27 18:43:08,43.3622665405273,-8.82250690460205,"Unknown"
"7014852",371861,2025-06-27 18:48:06,43.3632011413574,-8.82311725616455,"Unknown"
"7014852",371861,2025-06-27 18:53:08,43.3640403747559,-8.82384586334229,"Unknown"
"7014852",371861,2025-06-27 18:58:10,43.3647232055664,-8.82432079315186,"Unknown"
"7014852",371861,2025-06-27 19:03:07,43.3641586303711,-8.82972049713135,"Unknown"
"7014852",371861,2025-06-27 19:08:08,43.3607292175293,-8.84156608581543,"Unknown"
"7014852",371861,2025-06-27 19:13:09,43.3607177734375,-8.84207916259766,"Unknown"
"7014852",371861,2025-06-27 19:18:06,43.3607940673828,-8.84185600280762,"Unknown"
"7014852",371861,2025-06-27 19:23:06,43.3606224060059,-8.84187984466553,"Unknown"
"7014852",371861,2025-06-27 19:28:06,43.3606033325195,-8.84192180633545,"Unknown"
"7014852",371861,2025-06-27 19:32:57,43.3590965270996,-8.84151172637939,"Unknown"
"7014852",371861,2025-06-27 19:38:06,43.3607063293457,-8.84155654907227,"Unknown"
"7014852",371861,2025-06-27 19:42:58,43.3609275817871,-8.84155082702637,"Unknown"
"7014852",371861,2025-06-27 19:47:56,43.3607368469238,-8.84142780303955,"Unknown"
"7014852",371861,2025-06-27 19:53:14,43.3603973388672,-8.84124183654785,"Unknown"
"7014852",371861,2025-06-27 19:57:55,43.3603096008301,-8.84130573272705,"Unknown"
"7014852",371861,2025-06-27 20:02:58,43.3603630065918,-8.8412618637085,"Unknown"
"7014852",371861,2025-06-27 20:07:55,43.3604774475098,-8.8413028717041,"Unknown"
"7014852",371861,2025-06-27 20:12:55,43.3605995178223,-8.84122753143311,"Unknown"
"7014852",371861,2025-06-27 20:17:57,43.3605346679688,-8.84129428863525,"Unknown"
"7014852",371861,2025-06-27 20:23:06,43.3597869873047,-8.84104061126709,"Unknown"
"7014852",371861,2025-06-27 20:28:06,43.3603935241699,-8.84114456176758,"Unknown"
"7014852",371861,2025-06-27 20:33:05,43.3605842590332,-8.84133052825928,"Unknown"
"7014852",371861,2025-06-27 20:38:06,43.3608665466309,-8.84144401550293,"Unknown"
"7014852",371861,2025-06-27 20:43:07,43.3608894348145,-8.84143924713135,"Unknown"
"7014852",371861,2025-06-27 20:48:06,43.3607749938965,-8.84130668640137,"Unknown"
"7014852",371861,2025-06-27 20:53:06,43.3609085083008,-8.84145164489746,"Unknown"
"7014852",371861,2025-06-27 20:58:06,43.3608322143555,-8.84137058258057,"Unknown"
"7014852",371861,2025-06-27 21:03:06,43.3607063293457,-8.84121513366699,"Unknown"
"7014852",371861,2025-06-27 21:06:48,43.3607864379883,-8.84125328063965,"Unknown"
"7014852",371861,2025-06-28 02:06:42,43.3606643676758,-8.84118747711182,"Unknown"
"7014852",371861,2025-06-28 05:02:42,43.3616218566895,-8.82593727111816,"Unknown"
"7014852",371861,2025-06-28 05:07:48,43.3609046936035,-8.82432460784912,"Unknown"
"7014852",371861,2025-06-28 05:12:40,43.360969543457,-8.8240852355957,"Unknown"
"7014852",371861,2025-06-28 05:17:47,43.3609428405762,-8.82301425933838,"Unknown"
"7014852",371861,2025-06-28 05:22:43,43.3607406616211,-8.82198905944824,"Unknown"
"7014852",371861,2025-06-28 05:27:46,43.3611297607422,-8.82232856750488,"Unknown"
"7014852",371861,2025-06-28 05:32:41,43.3612480163574,-8.82310962677002,"Unknown"
"7014852",371861,2025-06-28 05:37:46,43.3624992370605,-8.81805610656738,"Unknown"
"7014852",371861,2025-06-28 05:42:42,43.3632545471191,-8.81913280487061,"Unknown"
"7014852",371861,2025-06-28 05:47:48,43.3629722595215,-8.82613372802734,"Unknown"
"7014852",371861,2025-06-28 05:52:46,43.3635482788086,-8.82725048065186,"Unknown"
"7014852",371861,2025-06-28 05:57:45,43.3637504577637,-8.82751655578613,"Unknown"
"7014852",371861,2025-06-28 06:02:48,43.36083984375,-8.84158515930176,"Unknown"
"7014852",371861,2025-06-28 06:07:42,43.3606262207031,-8.84173965454102,"Unknown"
"7014852",371861,2025-06-28 06:12:41,43.360595703125,-8.84170722961426,"Unknown"
"7014852",371861,2025-06-28 06:17:42,43.3598976135254,-8.84229946136475,"Unknown"
"7014852",371861,2025-06-28 06:22:42,43.3606300354004,-8.84165477752686,"Unknown"
"7014852",371861,2025-06-28 06:27:41,43.3599624633789,-8.84198474884033,"Unknown"
"7014852",371861,2025-06-28 06:32:45,43.3601112365723,-8.84185028076172,"Unknown"
"7014852",371861,2025-06-28 06:37:42,43.3601112365723,-8.84187030792236,"Unknown"
"7014852",371861,2025-06-28 06:42:42,43.3600921630859,-8.84194469451904,"Unknown"
"7014852",371861,2025-06-28 06:47:40,43.3599967956543,-8.84203147888184,"Unknown"
"7014852",371861,2025-06-28 06:52:45,43.3600997924805,-8.8418493270874,"Unknown"
"7014852",371861,2025-06-28 06:57:42,43.3647232055664,-8.85560321807861,"Unknown"
"7014852",371861,2025-06-28 07:02:46,43.3656845092773,-8.85746765136719,"Unknown"
"7014852",371861,2025-06-28 07:07:43,43.3547019958496,-8.85249996185303,"Unknown"
"7014852",371861,2025-06-28 07:12:46,43.3554801940918,-8.85504913330078,"Unknown"
"7014852",371861,2025-06-28 07:17:41,43.3562545776367,-8.8561315536499,"Unknown"
"7014852",371861,2025-06-28 07:22:48,43.3574905395508,-8.85721588134766,"Unknown"
"7014852",371861,2025-06-28 07:27:41,43.3586578369141,-8.85752010345459,"Unknown"
"7014852",371861,2025-06-28 07:32:45,43.3594932556152,-8.85916233062744,"Unknown"
"7014852",371861,2025-06-28 07:37:40,43.3599624633789,-8.86029529571533,"Unknown"
"7014852",371861,2025-06-28 07:44:00,43.3609848022461,-8.84468460083008,"Unknown"
"7014852",371861,2025-06-28 07:47:39,43.3601264953613,-8.84150981903076,"Unknown"
"7014852",371861,2025-06-28 07:52:40,43.3601150512695,-8.84164142608643,"Unknown"
"7014852",371861,2025-06-28 07:57:42,43.3600883483887,-8.84161949157715,"Unknown"
"7014852",371861,2025-06-28 08:02:41,43.3601379394531,-8.84154987335205,"Unknown"
"7014852",371861,2025-06-28 08:07:46,43.3600921630859,-8.84158706665039,"Unknown"
"7014852",371861,2025-06-28 08:12:46,43.3600883483887,-8.84150218963623,"Unknown"
"7014852",371861,2025-06-28 08:17:47,43.3601531982422,-8.84140682220459,"Unknown"
"7014852",371861,2025-06-28 08:22:52,43.3601531982422,-8.84154891967773,"Unknown"
"7014852",371861,2025-06-28 08:27:46,43.3601341247559,-8.84145641326904,"Unknown"
"7014852",371861,2025-06-28 08:32:47,43.3601570129395,-8.84140586853027,"Unknown"
"7014852",371861,2025-06-28 08:37:46,43.3601493835449,-8.84150123596191,"Unknown"
"7014852",371861,2025-06-28 08:42:46,43.3601493835449,-8.84124565124512,"Unknown"
"7014852",371861,2025-06-28 08:47:47,43.360279083252,-8.84121990203857,"Unknown"
"7014852",371861,2025-06-28 08:52:47,43.3601989746094,-8.84157562255859,"Unknown"
"7014852",371861,2025-06-28 08:57:46,43.3602981567383,-8.84132671356201,"Unknown"
"7014852",371861,2025-06-28 09:02:46,43.3603057861328,-8.84139251708984,"Unknown"
"7014852",371861,2025-06-28 09:07:47,43.360279083252,-8.84131622314453,"Unknown"
"7014852",371861,2025-06-28 09:12:48,43.3600540161133,-8.84074687957764,"Unknown"
"7014852",371861,2025-06-28 09:17:49,43.3606491088867,-8.84136867523193,"Unknown"
"7014852",371861,2025-06-28 09:22:47,43.3609848022461,-8.84137725830078,"Unknown"
"7014852",371861,2025-06-28 09:27:48,43.3606643676758,-8.84125518798828,"Unknown"
"7014852",371861,2025-06-28 09:32:47,43.3612289428711,-8.8416051864624,"Unknown"
"7014852",371861,2025-06-28 09:37:51,43.3608627319336,-8.84158229827881,"Unknown"
"7014852",371861,2025-06-28 09:42:46,43.3681831359863,-8.82053375244141,"Unknown"
"7014852",371861,2025-06-28 09:47:47,43.370792388916,-8.79719257354736,"Unknown"
"7014852",371861,2025-06-28 09:52:47,43.3692588806152,-8.75651359558105,"Unknown"
"7014852",371861,2025-06-28 09:57:46,43.3731422424316,-8.71611309051514,"Unknown"
"7014852",371861,2025-06-28 10:02:47,43.3776817321777,-8.67512989044189,"Unknown"
"7014852",371861,2025-06-28 10:07:47,43.3912773132324,-8.64786052703857,"Unknown"
"7014852",371861,2025-06-28 10:12:48,43.3942604064941,-8.64627456665039,"Unknown"
"7014852",371861,2025-06-28 10:17:49,43.3946304321289,-8.64593887329102,"Unknown"
"7014852",371861,2025-06-28 10:22:46,43.3934898376465,-8.64166259765625,"Unknown"
"7014852",371861,2025-06-28 10:27:47,43.3946342468262,-8.64386653900146,"Unknown"
"7014852",371861,2025-06-28 10:32:48,43.3943939208984,-8.64339542388916,"Unknown"
"7014852",371861,2025-06-28 10:37:46,43.3858489990234,-8.61174201965332,"Unknown"
"7014852",371861,2025-06-28 10:42:47,43.3859405517578,-8.60469436645508,"Unknown"
"7014852",371861,2025-06-28 10:47:47,43.3874969482422,-8.59129333496094,"Unknown"
"7014852",371861,2025-06-28 10:52:48,43.3879661560059,-8.59033584594727,"Unknown"
"7014852",371861,2025-06-28 10:57:51,43.3880004882812,-8.58951950073242,"Unknown"
"7014852",371861,2025-06-28 11:02:54,43.3879051208496,-8.58839797973633,"Unknown"
"7014852",371861,2025-06-28 11:07:54,43.3879165649414,-8.58652019500732,"Unknown"
"7014852",371861,2025-06-28 11:12:54,43.388500213623,-8.58454132080078,"Unknown"
"7014852",371861,2025-06-28 11:17:53,43.3856773376465,-8.58028221130371,"Unknown"
"7014852",371861,2025-06-28 11:22:54,43.385440826416,-8.57913208007812,"Unknown"
"7014852",371861,2025-06-28 11:27:52,43.3845863342285,-8.57771873474121,"Unknown"
"7014852",371861,2025-06-28 11:32:52,43.3839492797852,-8.57647705078125,"Unknown"
"7014852",371861,2025-06-28 11:37:49,43.3836402893066,-8.57607841491699,"Unknown"
"7014852",371861,2025-06-28 11:42:55,43.3835334777832,-8.57459545135498,"Unknown"
"7014852",371861,2025-06-28 11:47:51,43.3830680847168,-8.57426834106445,"Unknown"
"7014852",371861,2025-06-28 11:52:51,43.3820724487305,-8.5729341506958,"Unknown"
"7014852",371861,2025-06-28 11:57:58,43.3805694580078,-8.56657123565674,"Unknown"
"7014852",371861,2025-06-28 12:02:51,43.3831214904785,-8.56752014160156,"Unknown"
"7014852",371861,2025-06-28 12:07:56,43.3824653625488,-8.56693077087402,"Unknown"
"7014852",371861,2025-06-28 12:12:51,43.3819541931152,-8.56622314453125,"Unknown"
"7014852",371861,2025-06-28 12:17:52,43.3829040527344,-8.57112121582031,"Unknown"
"7014852",371861,2025-06-28 12:22:53,43.3829917907715,-8.56996631622314,"Unknown"
"7014852",371861,2025-06-28 12:27:55,43.3822975158691,-8.5637845993042,"Unknown"
"7014852",371861,2025-06-28 12:32:52,43.3732414245605,-8.55460166931152,"Unknown"
"7014852",371861,2025-06-28 12:37:56,43.3726997375488,-8.55477333068848,"Unknown"
"7014852",371861,2025-06-28 12:42:52,43.3721199035645,-8.55422115325928,"Unknown"
"7014852",371861,2025-06-28 12:47:57,43.3711967468262,-8.55517482757568,"Unknown"
"7014852",371861,2025-06-28 12:52:55,43.3715019226074,-8.55380058288574,"Unknown"
"7014852",371861,2025-06-28 12:58:05,43.3706665039062,-8.55249977111816,"Unknown"
"7014852",371861,2025-06-28 13:02:54,43.3704071044922,-8.55179309844971,"Unknown"
"7014852",371861,2025-06-28 13:07:54,43.3701248168945,-8.55049705505371,"Unknown"
"7014852",371861,2025-06-28 13:12:49,43.3720169067383,-8.54515171051025,"Unknown"
"7014852",371861,2025-06-28 13:17:53,43.3711013793945,-8.54420852661133,"Unknown"
"7014852",371861,2025-06-28 13:22:54,43.3709526062012,-8.54332733154297,"Unknown"
"7014852",371861,2025-06-28 13:27:54,43.3705101013184,-8.54200553894043,"Unknown"
"7014852",371861,2025-06-28 13:32:54,43.3625030517578,-8.56711196899414,"Unknown"
"7014852",371861,2025-06-28 13:37:55,43.3468627929688,-8.60146141052246,"Unknown"
"7014852",371861,2025-06-28 13:42:54,43.3366394042969,-8.63810062408447,"Unknown"
"7014852",371861,2025-06-28 13:47:54,43.3291206359863,-8.67244720458984,"Unknown"
"7014852",371861,2025-06-28 13:53:06,43.3291549682617,-8.71026039123535,"Unknown"
"7014852",371861,2025-06-28 13:57:48,43.3304481506348,-8.75226402282715,"Unknown"
"7014852",371861,2025-06-28 14:03:19,43.3410263061523,-8.79511165618896,"Unknown"
"7014852",371861,2025-06-28 14:08:01,43.3544998168945,-8.83215427398682,"Unknown"
"7014852",371861,2025-06-28 14:13:01,43.3604583740234,-8.84146595001221,"Unknown"
"7014852",371861,2025-06-28 14:17:48,43.3604888916016,-8.84146118164062,"Unknown"
"7014852",371861,2025-06-28 14:22:46,43.3604393005371,-8.8414478302002,"Unknown"
"7014852",371861,2025-06-28 14:27:46,43.3606071472168,-8.84151268005371,"Unknown"
"7014852",371861,2025-06-28 14:32:46,43.3607177734375,-8.84170150756836,"Unknown"
"7014852",371861,2025-06-28 14:37:46,43.3605842590332,-8.84160995483398,"Unknown"
"7014852",371861,2025-06-28 14:42:46,43.360725402832,-8.84164714813232,"Unknown"
"7014852",371861,2025-06-28 14:47:46,43.3607559204102,-8.84155464172363,"Unknown"
"7014852",371861,2025-06-28 14:52:46,43.3606109619141,-8.84176445007324,"Unknown"
"7014852",371861,2025-06-28 14:57:46,43.3606033325195,-8.84169006347656,"Unknown"
"7014852",371861,2025-06-28 15:02:47,43.3606300354004,-8.84160614013672,"Unknown"
"7014852",371861,2025-06-28 15:07:46,43.3606033325195,-8.84221363067627,"Unknown"
"7014852",371861,2025-06-28 15:14:10,43.3609313964844,-8.84405422210693,"Unknown"
"7014852",371861,2025-06-28 15:17:46,43.3636131286621,-8.8399658203125,"Unknown"
"7014852",371861,2025-06-28 15:22:48,43.364574432373,-8.83918476104736,"Unknown"
"7014852",371861,2025-06-28 15:27:49,43.3652572631836,-8.84078502655029,"Unknown"
"7014852",371861,2025-06-28 15:32:51,43.36474609375,-8.84160041809082,"Unknown"
"7014852",371861,2025-06-28 15:37:46,43.3580207824707,-8.85261631011963,"Unknown"
"7014852",371861,2025-06-28 15:42:50,43.3530693054199,-8.85093688964844,"Unknown"
"7014852",371861,2025-06-28 15:47:48,43.3515205383301,-8.8535213470459,"Unknown"
"7014852",371861,2025-06-28 15:52:51,43.3557090759277,-8.84922885894775,"Unknown"
"7014852",371861,2025-06-28 15:57:49,43.3606338500977,-8.84150505065918,"Unknown"
"7014852",371861,2025-06-28 16:02:54,43.3605918884277,-8.84164237976074,"Unknown"
"7014852",371861,2025-06-28 16:07:54,43.3605461120605,-8.84190845489502,"Unknown"
"7014852",371861,2025-06-28 16:12:54,43.3605346679688,-8.84167766571045,"Unknown"
"7014852",371861,2025-06-28 16:17:54,43.360523223877,-8.84175491333008,"Unknown"
"7014852",371861,2025-06-28 16:23:05,43.3604202270508,-8.84138870239258,"Unknown"
"7014852",371861,2025-06-28 16:27:46,43.360408782959,-8.84137630462646,"Unknown"
"7014852",371861,2025-06-28 16:32:46,43.3603820800781,-8.8414945602417,"Unknown"
"7014852",371861,2025-06-28 16:37:47,43.3603477478027,-8.84146690368652,"Unknown"
"7014852",371861,2025-06-28 16:42:46,43.3604202270508,-8.8413782119751,"Unknown"
"7014852",371861,2025-06-28 16:47:46,43.3603706359863,-8.84140205383301,"Unknown"
"7014852",371861,2025-06-28 16:52:45,43.3604316711426,-8.84136295318604,"Unknown"
"7014852",371861,2025-06-28 16:57:46,43.3604583740234,-8.84137153625488,"Unknown"
"7014852",371861,2025-06-28 17:02:46,43.3604469299316,-8.84137153625488,"Unknown"
"7014852",371861,2025-06-28 17:07:46,43.3604354858398,-8.84138774871826,"Unknown"
"7014852",371861,2025-06-28 17:12:46,43.3605003356934,-8.8412389755249,"Unknown"
"7014852",371861,2025-06-28 17:17:46,43.3603858947754,-8.8414306640625,"Unknown"
"7014852",371861,2025-06-28 17:22:48,43.3603782653809,-8.84148693084717,"Unknown"
"7014852",371861,2025-06-28 17:27:46,43.3602561950684,-8.84151268005371,"Unknown"
"7014852",371861,2025-06-28 17:32:46,43.3603439331055,-8.84147834777832,"Unknown"
"7014852",371861,2025-06-28 17:37:46,43.3603897094727,-8.84150218963623,"Unknown"
"7014852",371861,2025-06-28 17:42:46,43.3603630065918,-8.84137153625488,"Unknown"
"7014852",371861,2025-06-28 17:47:46,43.3611488342285,-8.84170341491699,"Unknown"
"7014852",371861,2025-06-28 17:52:46,43.3606414794922,-8.8413028717041,"Unknown"
"7014852",371861,2025-06-28 17:57:46,43.3643989562988,-8.84829425811768,"Unknown"
"7014852",371861,2025-06-28 18:02:51,43.3508796691895,-8.84563159942627,"Unknown"
"7014852",371861,2025-06-28 18:07:50,43.3514633178711,-8.84763526916504,"Unknown"
"7014852",371861,2025-06-28 18:12:46,43.3506393432617,-8.83586597442627,"Unknown"
"7014852",371861,2025-06-28 18:17:48,43.3550338745117,-8.83495044708252,"Unknown"
"7014852",371861,2025-06-28 18:22:51,43.360668182373,-8.84189510345459,"Unknown"
"7014852",371861,2025-06-28 18:27:49,43.3607559204102,-8.84179973602295,"Unknown"
"7014852",371861,2025-06-28 18:32:47,43.3608474731445,-8.841872215271,"Unknown"
"7014852",371861,2025-06-28 18:38:03,43.3603019714355,-8.84146118164062,"Unknown"
"7014852",371861,2025-06-28 18:42:46,43.3601112365723,-8.84132766723633,"Unknown"
"7014852",371861,2025-06-28 18:47:48,43.3602485656738,-8.84146118164062,"Unknown"
"7014852",371861,2025-06-28 18:52:47,43.3600006103516,-8.84098720550537,"Unknown"
"7014852",371861,2025-06-28 18:57:47,43.3603858947754,-8.841233253479,"Unknown"
"7014852",371861,2025-06-28 19:02:48,43.3602333068848,-8.84118366241455,"Unknown"
"7014852",371861,2025-06-28 19:07:47,43.3602752685547,-8.84129524230957,"Unknown"
"7014852",371861,2025-06-28 19:12:58,43.360466003418,-8.84129238128662,"Unknown"
"7014852",371861,2025-06-28 19:17:49,43.3603935241699,-8.84141540527344,"Unknown"
"7014852",371861,2025-06-28 19:22:47,43.360279083252,-8.84114265441895,"Unknown"
"7014852",371861,2025-06-28 19:27:46,43.3603324890137,-8.84134387969971,"Unknown"
"7014852",371861,2025-06-28 19:32:46,43.3602752685547,-8.84133720397949,"Unknown"
"7014852",371861,2025-06-28 19:37:56,43.3603935241699,-8.84152221679688,"Unknown"
"7014852",371861,2025-06-28 19:42:47,43.3603706359863,-8.84147548675537,"Unknown"
"7014852",371861,2025-06-28 19:47:48,43.3603248596191,-8.84139919281006,"Unknown"
"7014852",371861,2025-06-28 19:52:47,43.3602867126465,-8.8412618637085,"Unknown"
"7014852",371861,2025-06-28 19:57:47,43.3603324890137,-8.84134101867676,"Unknown"
"7014852",371861,2025-06-28 20:03:05,43.3603477478027,-8.84134960174561,"Unknown"
"7014852",371861,2025-06-28 20:07:46,43.3603439331055,-8.84130859375,"Unknown"
"7014852",371861,2025-06-28 20:12:47,43.3603286743164,-8.84137535095215,"Unknown"
"7014852",371861,2025-06-28 20:17:47,43.3603134155273,-8.84131050109863,"Unknown"
"7014852",371861,2025-06-28 20:22:49,43.360408782959,-8.84138774871826,"Unknown"
"7014852",371861,2025-06-28 20:27:51,43.3603706359863,-8.84135913848877,"Unknown"
"7014852",371861,2025-06-28 20:32:51,43.3603439331055,-8.84132099151611,"Unknown"
"7014852",371861,2025-06-28 20:37:52,43.3605308532715,-8.84149074554443,"Unknown"
"7014852",371861,2025-06-28 20:42:52,43.3603324890137,-8.84142303466797,"Unknown"
"7014852",371861,2025-06-28 20:47:49,43.3602752685547,-8.84117794036865,"Unknown"
"7014852",371861,2025-06-28 20:52:49,43.3602676391602,-8.84096527099609,"Unknown"
"7014852",371861,2025-06-28 20:57:48,43.3603210449219,-8.8412971496582,"Unknown"
"7014852",371861,2025-06-28 21:02:49,43.3602714538574,-8.84126377105713,"Unknown"
"7014852",371861,2025-06-28 21:06:58,43.3602523803711,-8.84108543395996,"Unknown"
"7014852",371861,2025-06-29 02:07:05,43.3603820800781,-8.84140968322754,"Unknown"
"7014852",371861,2025-06-29 05:03:02,43.3603935241699,-8.84120273590088,"Unknown"
"7014852",371861,2025-06-29 05:08:06,43.3609008789062,-8.84176731109619,"Unknown"
"7014852",371861,2025-06-29 05:13:01,43.3603630065918,-8.8412618637085,"Unknown"
"7014852",371861,2025-06-29 05:18:04,43.3599510192871,-8.84109973907471,"Unknown"
"7014852",371861,2025-06-29 05:23:06,43.3604736328125,-8.8413610458374,"Unknown"
"7014852",371861,2025-06-29 05:28:03,43.3603477478027,-8.84135341644287,"Unknown"
"7014852",371861,2025-06-29 05:33:02,43.360237121582,-8.8412389755249,"Unknown"
"7014852",371861,2025-06-29 05:38:02,43.3601760864258,-8.84116458892822,"Unknown"
"7014852",371861,2025-06-29 05:43:07,43.3603782653809,-8.84125518798828,"Unknown"
"7014852",371861,2025-06-29 05:48:02,43.3604888916016,-8.84148788452148,"Unknown"
"7014852",371861,2025-06-29 05:53:00,43.3602561950684,-8.84114265441895,"Unknown"
"7014852",371861,2025-06-29 05:58:04,43.3601379394531,-8.84105777740479,"Unknown"
"7014852",371861,2025-06-29 06:03:10,43.3601150512695,-8.84115695953369,"Unknown"
"7014852",371861,2025-06-29 06:08:06,43.3600845336914,-8.84137153625488,"Unknown"
"7014852",371861,2025-06-29 06:13:01,43.3604431152344,-8.84154319763184,"Unknown"
"7014852",371861,2025-06-29 06:18:13,43.3603439331055,-8.84146499633789,"Unknown"
"7014852",371861,2025-06-29 06:23:02,43.3541107177734,-8.84135627746582,"Unknown"
"7014852",371861,2025-06-29 06:28:03,43.3569297790527,-8.82410430908203,"Unknown"
"7014852",371861,2025-06-29 06:33:14,43.3791770935059,-8.78831768035889,"Unknown"
"7014852",371861,2025-06-29 06:38:10,43.385326385498,-8.74626064300537,"Unknown"
"7014852",371861,2025-06-29 06:43:09,43.3961372375488,-8.70911026000977,"Unknown"
"7014852",371861,2025-06-29 06:48:55,43.402416229248,-8.65338325500488,"Unknown"
"7014852",371861,2025-06-29 06:53:01,43.3980979919434,-8.61631774902344,"Unknown"
"7014852",371861,2025-06-29 06:58:12,43.381778717041,-8.5770320892334,"Unknown"
"7014852",371861,2025-06-29 07:03:00,43.3825263977051,-8.53848361968994,"Unknown"
"7014852",371861,2025-06-29 07:08:06,43.3833427429199,-8.50003814697266,"Unknown"
"7014852",371861,2025-06-29 07:13:08,43.3780326843262,-8.48574542999268,"Unknown"
"7014852",371861,2025-06-29 07:18:04,43.3786697387695,-8.48582649230957,"Unknown"
"7014852",371861,2025-06-29 07:23:04,43.379695892334,-8.48539352416992,"Unknown"
"7014852",371861,2025-06-29 07:28:07,43.3806838989258,-8.48505783081055,"Unknown"
"7014852",371861,2025-06-29 07:33:05,43.3859901428223,-8.49096488952637,"Unknown"
"7014852",371861,2025-06-29 07:38:04,43.393253326416,-8.5247688293457,"Unknown"
"7014852",371861,2025-06-29 07:43:02,43.3842735290527,-8.55636310577393,"Unknown"
"7014852",371861,2025-06-29 07:48:44,43.3645973205566,-8.58452892303467,"Unknown"
"7014852",371861,2025-06-29 07:53:00,43.3580207824707,-8.6091194152832,"Unknown"
"7014852",371861,2025-06-29 07:58:00,43.3582344055176,-8.64098834991455,"Unknown"
"7014852",371861,2025-06-29 08:03:00,43.3555946350098,-8.67372417449951,"Unknown"
"7014852",371861,2025-06-29 08:08:00,43.3563423156738,-8.70491313934326,"Unknown"
"7014852",371861,2025-06-29 08:13:00,43.3485641479492,-8.73891830444336,"Unknown"
"7014852",371861,2025-06-29 08:18:00,43.3443336486816,-8.76350212097168,"Unknown"
"7014852",371861,2025-06-29 08:23:00,43.3411102294922,-8.80091857910156,"Unknown"
"7014852",371861,2025-06-29 08:28:00,43.3486175537109,-8.83317565917969,"Unknown"
"7014852",371861,2025-06-29 08:33:03,43.3601493835449,-8.84090232849121,"Unknown"
"7014852",371861,2025-06-29 08:38:04,43.3601837158203,-8.84197521209717,"Unknown"
"7014852",371861,2025-06-29 08:43:04,43.360294342041,-8.84193420410156,"Unknown"
"7014852",371861,2025-06-29 08:48:00,43.3602142333984,-8.84193706512451,"Unknown"
"7014852",371861,2025-06-29 08:53:04,43.360294342041,-8.84196281433105,"Unknown"
"7014852",371861,2025-06-29 08:58:01,43.3602256774902,-8.84187126159668,"Unknown"
"7014852",371861,2025-06-29 09:03:09,43.3601760864258,-8.84197330474854,"Unknown"
"7014852",371861,2025-06-29 09:08:06,43.3603973388672,-8.84195899963379,"Unknown"
"7014852",371861,2025-06-29 09:13:02,43.3602256774902,-8.84158420562744,"Unknown"
"7014852",371861,2025-06-29 09:18:06,43.3603363037109,-8.841721534729,"Unknown"
"7014852",371861,2025-06-29 09:23:06,43.3603096008301,-8.84180355072021,"Unknown"
"7014852",371861,2025-06-29 09:28:09,43.3602828979492,-8.84176540374756,"Unknown"
"7014852",371861,2025-06-29 09:33:10,43.3604011535645,-8.841796875,"Unknown"
"7014852",371861,2025-06-29 09:38:04,43.3602676391602,-8.84178733825684,"Unknown"
"7014852",371861,2025-06-29 09:43:04,43.3601989746094,-8.84144401550293,"Unknown"
"7014852",371861,2025-06-29 09:48:02,43.3601684570312,-8.84163093566895,"Unknown"
"7014852",371861,2025-06-29 09:53:06,43.3601570129395,-8.84183120727539,"Unknown"
"7014852",371861,2025-06-29 09:58:09,43.3602714538574,-8.84170722961426,"Unknown"
"7014852",371861,2025-06-29 10:03:03,43.3603591918945,-8.84213733673096,"Unknown"
"7014852",371861,2025-06-29 10:08:09,43.3604164123535,-8.84146785736084,"Unknown"
"7014852",371861,2025-06-29 10:13:04,43.3603248596191,-8.84150409698486,"Unknown"
"7014852",371861,2025-06-29 10:18:02,43.3604316711426,-8.84149837493896,"Unknown"
"7014852",371861,2025-06-29 10:23:09,43.3608055114746,-8.84101104736328,"Unknown"
"7014852",371861,2025-06-29 10:28:06,43.3609771728516,-8.84080410003662,"Unknown"
"7014852",371861,2025-06-29 10:33:14,43.3601684570312,-8.84170818328857,"Unknown"
"7014852",371861,2025-06-29 10:38:03,43.3603744506836,-8.84163570404053,"Unknown"
"7014852",371861,2025-06-29 10:43:02,43.3601150512695,-8.84155559539795,"Unknown"
"7014852",371861,2025-06-29 10:48:09,43.3601760864258,-8.84158611297607,"Unknown"
"7014852",371861,2025-06-29 10:53:04,43.3600845336914,-8.84152507781982,"Unknown"
"7014852",371861,2025-06-29 10:58:03,43.3603324890137,-8.84162425994873,"Unknown"
"7014852",371861,2025-06-29 11:03:07,43.3602600097656,-8.8414478302002,"Unknown"
"7014852",371861,2025-06-29 11:08:02,43.360107421875,-8.84158992767334,"Unknown"
"7014852",371861,2025-06-29 11:13:04,43.3601112365723,-8.84140682220459,"Unknown"
"7014852",371861,2025-06-29 11:18:04,43.360164642334,-8.84175586700439,"Unknown"
"7014852",371861,2025-06-29 11:23:07,43.3601989746094,-8.84167861938477,"Unknown"
"7014852",371861,2025-06-29 11:28:07,43.3600387573242,-8.84074020385742,"Unknown"
"7014852",371861,2025-06-29 11:33:06,43.3602561950684,-8.84151554107666,"Unknown"
"7014852",371861,2025-06-29 11:38:08,43.3601608276367,-8.84178924560547,"Unknown"
"7014852",371861,2025-06-29 11:43:35,43.3605117797852,-8.8414945602417,"Unknown"
"7014852",371861,2025-06-29 11:48:03,43.3606109619141,-8.84150314331055,"Unknown"
"7014852",371861,2025-06-29 11:53:02,43.3602676391602,-8.84175491333008,"Unknown"
"7014852",371861,2025-06-29 11:58:01,43.3605194091797,-8.84150695800781,"Unknown"
"7014852",371861,2025-06-29 12:03:02,43.3606414794922,-8.84101676940918,"Unknown"
"7014852",371861,2025-06-29 12:08:03,43.3605079650879,-8.84176731109619,"Unknown"
"7014852",371861,2025-06-29 12:13:00,43.360969543457,-8.8438138961792,"Unknown"
"7014852",371861,2025-06-29 12:18:02,43.360725402832,-8.84140491485596,"Unknown"
"7014852",371861,2025-06-29 12:23:01,43.3606986999512,-8.84157180786133,"Unknown"
"7014852",371861,2025-06-29 12:28:01,43.3606491088867,-8.84165859222412,"Unknown"
"7014852",371861,2025-06-29 12:33:03,43.360179901123,-8.84138488769531,"Unknown"
"7014852",371861,2025-06-29 12:38:02,43.3604431152344,-8.84146785736084,"Unknown"
"7014852",371861,2025-06-29 12:43:00,43.3605194091797,-8.8415002822876,"Unknown"
"7014852",371861,2025-06-29 12:48:02,43.3605690002441,-8.84146690368652,"Unknown"
"7014852",371861,2025-06-29 12:53:01,43.3606414794922,-8.84098148345947,"Unknown"
"7014852",371861,2025-06-29 12:58:01,43.3604354858398,-8.84120273590088,"Unknown"
"7014852",371861,2025-06-29 13:03:00,43.3605003356934,-8.84120655059814,"Unknown"
"7014852",371861,2025-06-29 13:08:00,43.3604011535645,-8.84123420715332,"Unknown"
"7014852",371861,2025-06-29 13:13:01,43.3606605529785,-8.84145545959473,"Unknown"
"7014852",371861,2025-06-29 13:18:00,43.3573150634766,-8.82876110076904,"Unknown"
"7014852",371861,2025-06-29 13:23:00,43.336971282959,-8.84930229187012,"Unknown"
"7014852",371861,2025-06-29 13:28:01,43.3139801025391,-8.85712814331055,"Unknown"
"7014852",371861,2025-06-29 13:33:00,43.3144683837891,-8.85694694519043,"Unknown"
"7014852",371861,2025-06-29 13:38:01,43.3145523071289,-8.85700702667236,"Unknown"
"7014852",371861,2025-06-29 13:43:00,43.314754486084,-8.8568754196167,"Unknown"
"7014852",371861,2025-06-29 13:48:01,43.3146057128906,-8.85686302185059,"Unknown"
"7014852",371861,2025-06-29 13:53:00,43.3146324157715,-8.85693836212158,"Unknown"
"7014852",371861,2025-06-29 13:58:00,43.310604095459,-8.86199283599854,"Unknown"
"7014852",371861,2025-06-29 14:03:00,43.3183937072754,-8.8424186706543,"Unknown"
"7014852",371861,2025-06-29 14:08:00,43.3186836242676,-8.83044338226318,"Unknown"
"7014852",371861,2025-06-29 14:13:00,43.3190078735352,-8.83064270019531,"Unknown"
"7014852",371861,2025-06-29 14:18:00,43.3187522888184,-8.83064842224121,"Unknown"
"7014852",371861,2025-06-29 14:23:00,43.318775177002,-8.83061122894287,"Unknown"
"7014852",371861,2025-06-29 14:28:00,43.3187370300293,-8.83060932159424,"Unknown"
"7014852",371861,2025-06-29 14:33:00,43.3188247680664,-8.83035087585449,"Unknown"
"7014852",371861,2025-06-29 14:38:01,43.3186111450195,-8.8304500579834,"Unknown"
"7014852",371861,2025-06-29 14:43:00,43.3259582519531,-8.8282995223999,"Unknown"
"7014852",371861,2025-06-29 14:48:00,43.3450164794922,-8.81702423095703,"Unknown"
"7014852",371861,2025-06-29 14:53:00,43.3609924316406,-8.82539176940918,"Unknown"
"7014852",371861,2025-06-29 14:58:01,43.3606300354004,-8.84172630310059,"Unknown"
"7014852",371861,2025-06-29 15:03:07,43.3604469299316,-8.84153079986572,"Unknown"
"7014852",371861,2025-06-29 15:08:01,43.3603706359863,-8.84146213531494,"Unknown"
"7014852",371861,2025-06-29 15:13:03,43.3603630065918,-8.84140396118164,"Unknown"
"7014852",371861,2025-06-29 15:18:02,43.3605690002441,-8.84150886535645,"Unknown"
"7014852",371861,2025-06-29 15:23:01,43.3607330322266,-8.84139251708984,"Unknown"
"7014852",371861,2025-06-29 15:28:02,43.3600311279297,-8.84069061279297,"Unknown"
"7014852",371861,2025-06-29 15:33:03,43.3604202270508,-8.84134101867676,"Unknown"
"7014852",371861,2025-06-29 15:38:01,43.3605308532715,-8.84131813049316,"Unknown"
"7014852",371861,2025-06-29 15:43:01,43.3604774475098,-8.84156227111816,"Unknown"
"7014852",371861,2025-06-29 15:48:06,43.3605346679688,-8.84128856658936,"Unknown"
"7014852",371861,2025-06-29 15:53:01,43.3606185913086,-8.84147357940674,"Unknown"
"7014852",371861,2025-06-29 15:58:02,43.3606452941895,-8.84132289886475,"Unknown"
"7014852",371861,2025-06-29 16:03:02,43.3606224060059,-8.84134960174561,"Unknown"
"7014852",371861,2025-06-29 16:08:03,43.3606262207031,-8.84136772155762,"Unknown"
"7014852",371861,2025-06-29 16:13:01,43.3606033325195,-8.84128189086914,"Unknown"
"7014852",371861,2025-06-29 16:18:00,43.360595703125,-8.84137535095215,"Unknown"
"7014852",371861,2025-06-29 16:23:01,43.3606986999512,-8.84147930145264,"Unknown"
"7014852",371861,2025-06-29 16:28:01,43.3607559204102,-8.84154033660889,"Unknown"
"7014852",371861,2025-06-29 16:33:01,43.360710144043,-8.84157562255859,"Unknown"
"7014852",371861,2025-06-29 16:38:01,43.3606033325195,-8.84130668640137,"Unknown"
"7014852",371861,2025-06-29 16:43:01,43.3606300354004,-8.84144973754883,"Unknown"
"7014852",371861,2025-06-29 16:48:01,43.360179901123,-8.84244346618652,"Unknown"
"7014852",371861,2025-06-29 16:53:01,43.3603553771973,-8.84209156036377,"Unknown"
"7014852",371861,2025-06-29 16:58:01,43.3605270385742,-8.8414831161499,"Unknown"
"7014852",371861,2025-06-29 17:03:01,43.3607635498047,-8.84148502349854,"Unknown"
"7014852",371861,2025-06-29 17:08:00,43.3608169555664,-8.8413667678833,"Unknown"
"7014852",371861,2025-06-29 17:13:00,43.3605690002441,-8.8412036895752,"Unknown"
"7014852",371861,2025-06-29 17:18:01,43.3606491088867,-8.84123802185059,"Unknown"
"7014852",371861,2025-06-29 17:23:01,43.3606605529785,-8.84118366241455,"Unknown"
"7014852",371861,2025-06-29 17:28:01,43.3607177734375,-8.84135055541992,"Unknown"
"7014852",371861,2025-06-29 17:33:01,43.3606948852539,-8.8413028717041,"Unknown"
"7014852",371861,2025-06-29 17:38:01,43.3608169555664,-8.84131240844727,"Unknown"
"7014852",371861,2025-06-29 17:43:01,43.3608551025391,-8.84133815765381,"Unknown"
"7014852",371861,2025-06-29 17:48:01,43.3606300354004,-8.8415355682373,"Unknown"
"7014852",371861,2025-06-29 17:53:01,43.360725402832,-8.84134674072266,"Unknown"
"7014852",371861,2025-06-29 17:58:00,43.3607597351074,-8.84132289886475,"Unknown"
"7014852",371861,2025-06-29 18:03:35,43.3608551025391,-8.84177684783936,"Unknown"
"7014852",371861,2025-06-29 18:08:00,43.360424041748,-8.84148406982422,"Unknown"
"7014852",371861,2025-06-29 18:13:00,43.3604393005371,-8.84150981903076,"Unknown"
"7014852",371861,2025-06-29 18:18:00,43.3601875305176,-8.84148216247559,"Unknown"
"7014852",371861,2025-06-29 18:23:00,43.3602714538574,-8.84130191802979,"Unknown"
"7014852",371861,2025-06-29 18:27:59,43.3602600097656,-8.84135246276855,"Unknown"
"7014852",371861,2025-06-29 18:33:00,43.3601036071777,-8.84154796600342,"Unknown"
"7014852",371861,2025-06-29 18:38:00,43.3601837158203,-8.84163379669189,"Unknown"
"7014852",371861,2025-06-29 18:43:00,43.3601760864258,-8.8414945602417,"Unknown"
"7014852",371861,2025-06-29 18:48:00,43.3602409362793,-8.8413782119751,"Unknown"
"7014852",371861,2025-06-29 18:53:00,43.3605155944824,-8.84126663208008,"Unknown"
"7014852",371861,2025-06-29 18:58:01,43.3603172302246,-8.84150791168213,"Unknown"
"7014852",371861,2025-06-29 19:03:00,43.3601226806641,-8.84111499786377,"Unknown"
"7014852",371861,2025-06-29 19:08:00,43.360294342041,-8.84139823913574,"Unknown"
"7014852",371861,2025-06-29 19:13:00,43.3603286743164,-8.8414945602417,"Unknown"
"7014852",371861,2025-06-29 19:18:00,43.3599395751953,-8.84186172485352,"Unknown"
"7014852",371861,2025-06-29 19:23:00,43.3603897094727,-8.84149742126465,"Unknown"
"7014852",371861,2025-06-29 19:28:02,43.3604965209961,-8.84177589416504,"Unknown"
"7014852",371861,2025-06-29 19:33:01,43.3606452941895,-8.84145736694336,"Unknown"
"7014852",371861,2025-06-29 19:37:59,43.3603973388672,-8.84168720245361,"Unknown"
"7014852",371861,2025-06-29 19:43:00,43.3604164123535,-8.84163284301758,"Unknown"
"7014852",371861,2025-06-29 19:48:01,43.3605575561523,-8.8415355682373,"Unknown"
"7014852",371861,2025-06-29 19:53:00,43.3603668212891,-8.84158802032471,"Unknown"
"7014852",371861,2025-06-29 19:58:01,43.3602256774902,-8.84141445159912,"Unknown"
"7014852",371861,2025-06-29 20:03:00,43.3603706359863,-8.84136199951172,"Unknown"
"7014852",371861,2025-06-29 20:08:01,43.3604545593262,-8.8414306640625,"Unknown"
"7014852",371861,2025-06-29 20:13:00,43.3603668212891,-8.84142684936523,"Unknown"
"7014852",371861,2025-06-29 20:18:01,43.3603553771973,-8.84137344360352,"Unknown"
"7014852",371861,2025-06-29 20:23:04,43.3604545593262,-8.84149932861328,"Unknown"
"7014852",371861,2025-06-29 20:28:00,43.3602981567383,-8.84149742126465,"Unknown"
"7014852",371861,2025-06-29 20:33:03,43.3603515625,-8.84150123596191,"Unknown"
"7014852",371861,2025-06-29 20:38:01,43.3603820800781,-8.84150505065918,"Unknown"
"7014852",371861,2025-06-29 20:43:02,43.3602981567383,-8.84147644042969,"Unknown"
"7014852",371861,2025-06-29 20:48:01,43.3602180480957,-8.84122562408447,"Unknown"
"7014852",371861,2025-06-29 20:53:01,43.360294342041,-8.84115505218506,"Unknown"
"7014852",371861,2025-06-29 20:58:05,43.3604774475098,-8.84140872955322,"Unknown"
"7014852",371861,2025-06-29 21:03:00,43.3603858947754,-8.84140205383301,"Unknown"
"7014852",371861,2025-06-29 21:06:38,43.3603935241699,-8.84150791168213,"Unknown"
"7014852",371861,2025-06-30 02:06:38,43.3605537414551,-8.84142208099365,"Unknown"
"7014852",371861,2025-06-30 05:03:54,43.3622741699219,-8.8362512588501,"Unknown"
"7014852",371861,2025-06-30 05:08:51,43.3654632568359,-8.839035987854,"Unknown"
"7014852",371861,2025-06-30 05:13:44,43.3617744445801,-8.85030269622803,"Unknown"
"7014852",371861,2025-06-30 05:18:54,43.3611679077148,-8.8518590927124,"Unknown"
"7014852",371861,2025-06-30 05:23:54,43.3579406738281,-8.85575103759766,"Unknown"
"7014852",371861,2025-06-30 05:28:46,43.3567123413086,-8.85573577880859,"Unknown"
"7014852",371861,2025-06-30 05:33:54,43.3575439453125,-8.85941123962402,"Unknown"
"7014852",371861,2025-06-30 05:38:54,43.3572120666504,-8.86021423339844,"Unknown"
"7014852",371861,2025-06-30 05:43:46,43.3614082336426,-8.85003852844238,"Unknown"
"7014852",371861,2025-06-30 05:54:05,43.3623390197754,-8.8386926651001,"Unknown"
"7014852",371861,2025-06-30 05:58:48,43.3614616394043,-8.84260749816895,"Unknown"
"7014852",371861,2025-06-30 06:03:54,43.360408782959,-8.84127616882324,"Unknown"
"7014852",371861,2025-06-30 06:08:52,43.3604469299316,-8.8414192199707,"Unknown"
"7014852",371861,2025-06-30 06:13:49,43.3603706359863,-8.84142589569092,"Unknown"
"7014852",371861,2025-06-30 06:18:48,43.3605270385742,-8.84141635894775,"Unknown"
"7014852",371861,2025-06-30 06:23:54,43.3602409362793,-8.84127616882324,"Unknown"
"7014852",371861,2025-06-30 06:28:54,43.3602867126465,-8.84131813049316,"Unknown"
"7014852",371861,2025-06-30 06:33:44,43.3604011535645,-8.84145450592041,"Unknown"
"7014852",371861,2025-06-30 06:38:51,43.3603706359863,-8.84144687652588,"Unknown"
"7014852",371861,2025-06-30 06:43:44,43.3602447509766,-8.84100723266602,"Unknown"
"7014852",371861,2025-06-30 06:48:49,43.3602600097656,-8.84138870239258,"Unknown"
"7014852",371861,2025-06-30 06:53:46,43.360279083252,-8.84117984771729,"Unknown"
"7014852",371861,2025-06-30 06:58:46,43.360279083252,-8.84122657775879,"Unknown"
"7014852",371861,2025-06-30 07:04:34,43.3753242492676,-8.85087013244629,"Unknown"
"7014852",371861,2025-06-30 07:08:44,43.390193939209,-8.84996795654297,"Unknown"
"7014852",371861,2025-06-30 07:13:44,43.404426574707,-8.82954788208008,"Unknown"
"7014852",371861,2025-06-30 07:18:43,43.4230613708496,-8.84646320343018,"Unknown"
"7014852",371861,2025-06-30 07:23:44,43.4404907226562,-8.88025188446045,"Unknown"
"7014852",371861,2025-06-30 07:28:43,43.4611663818359,-8.90825366973877,"Unknown"
"7014852",371861,2025-06-30 07:33:45,43.4830627441406,-8.92256927490234,"Unknown"
"7014852",371861,2025-06-30 07:38:45,43.501895904541,-8.94602966308594,"Unknown"
"7014852",371861,2025-06-30 07:43:44,43.5269622802734,-8.95596981048584,"Unknown"
"7014852",371861,2025-06-30 07:48:45,43.5504722595215,-8.95623683929443,"Unknown"
"7014852",371861,2025-06-30 07:53:44,43.5748062133789,-8.95202159881592,"Unknown"
"7014852",371861,2025-06-30 07:58:44,43.6003303527832,-8.94943523406982,"Unknown"
"7014852",371861,2025-06-30 08:03:47,43.6105537414551,-8.95358562469482,"Unknown"
"7014852",371861,2025-06-30 08:12:50,43.6164741516113,-8.95189571380615,"Unknown"
"7014852",371861,2025-06-30 08:17:49,43.6193809509277,-8.95173740386963,"Unknown"
"7014852",371861,2025-06-30 08:22:50,43.6193580627441,-8.95246696472168,"Unknown"
"7014852",371861,2025-06-30 08:27:52,43.619068145752,-8.953537940979,"Unknown"
"7014852",371861,2025-06-30 08:32:53,43.6266136169434,-8.95037364959717,"Unknown"
"7014852",371861,2025-06-30 08:37:54,43.6262130737305,-8.95041084289551,"Unknown"
"7014852",371861,2025-06-30 08:42:50,43.6299819946289,-8.94908714294434,"Unknown"
"7014852",371861,2025-06-30 08:47:53,43.6308288574219,-8.95065212249756,"Unknown"
"7014852",371861,2025-06-30 08:52:49,43.634105682373,-8.94726371765137,"Unknown"
"7014852",371861,2025-06-30 08:57:50,43.6359443664551,-8.94594764709473,"Unknown"
"7014852",371861,2025-06-30 09:02:51,43.6363945007324,-8.94677257537842,"Unknown"
"7014852",371861,2025-06-30 09:07:51,43.636589050293,-8.94727802276611,"Unknown"
"7014852",371861,2025-06-30 09:12:49,43.6405448913574,-8.94179821014404,"Unknown"
"7014852",371861,2025-06-30 09:17:50,43.6572761535645,-8.92020797729492,"Unknown"
"7014852",371861,2025-06-30 09:22:52,43.6623954772949,-8.91557502746582,"Unknown"
"7014852",371861,2025-06-30 09:28:11,43.6549034118652,-8.9059534072876,"Unknown"
"7014852",371861,2025-06-30 09:32:49,43.6299438476562,-8.89089584350586,"Unknown"
"7014852",371861,2025-06-30 09:37:51,43.5993843078613,-8.88961124420166,"Unknown"
"7014852",371861,2025-06-30 09:42:48,43.563907623291,-8.88422393798828,"Unknown"
"7014852",371861,2025-06-30 09:48:14,43.5252990722656,-8.87374782562256,"Unknown"
"7014852",371861,2025-06-30 09:52:50,43.4929962158203,-8.86435985565186,"Unknown"
"7014852",371861,2025-06-30 09:57:51,43.4621238708496,-8.85413551330566,"Unknown"
"7014852",371861,2025-06-30 10:02:49,43.4323272705078,-8.85329532623291,"Unknown"
"7014852",371861,2025-06-30 10:07:49,43.399097442627,-8.85139751434326,"Unknown"
"7014852",371861,2025-06-30 10:12:49,43.3796463012695,-8.85011196136475,"Unknown"
"7014852",371861,2025-06-30 10:17:52,43.3603668212891,-8.84261417388916,"Unknown"
"7014852",371861,2025-06-30 10:22:59,43.3604431152344,-8.84132385253906,"Unknown"
"7014852",371861,2025-06-30 10:27:52,43.3603363037109,-8.84241008758545,"Unknown"
"7014852",371861,2025-06-30 10:32:53,43.3603858947754,-8.84261226654053,"Unknown"
"7014852",371861,2025-06-30 10:37:52,43.3604125976562,-8.84265899658203,"Unknown"
"7014852",371861,2025-06-30 10:42:50,43.3603897094727,-8.84272861480713,"Unknown"
"7014852",371861,2025-06-30 10:47:49,43.3604583740234,-8.8423376083374,"Unknown"
"7014852",371861,2025-06-30 10:52:50,43.3605079650879,-8.84202671051025,"Unknown"
"7014852",371861,2025-06-30 10:57:50,43.3605041503906,-8.84237098693848,"Unknown"
"7014852",371861,2025-06-30 11:02:51,43.360538482666,-8.84203433990479,"Unknown"
"7014852",371861,2025-06-30 11:08:00,43.3606834411621,-8.84151744842529,"Unknown"
"7014852",371861,2025-06-30 11:13:00,43.3606643676758,-8.84147167205811,"Unknown"
"7014852",371861,2025-06-30 11:18:00,43.3606910705566,-8.84146213531494,"Unknown"
"7014852",371861,2025-06-30 11:22:51,43.3607597351074,-8.84031963348389,"Unknown"
"7014852",371861,2025-06-30 11:28:00,43.360595703125,-8.84144592285156,"Unknown"
"7014852",371861,2025-06-30 11:33:00,43.3604965209961,-8.84147357940674,"Unknown"
"7014852",371861,2025-06-30 11:38:13,43.3605728149414,-8.84137153625488,"Unknown"
"7014852",371861,2025-06-30 11:42:55,43.3602180480957,-8.84101963043213,"Unknown"
"7014852",371861,2025-06-30 11:48:01,43.3602027893066,-8.84103298187256,"Unknown"
"7014852",371861,2025-06-30 11:53:03,43.3600120544434,-8.84107208251953,"Unknown"
"7014852",371861,2025-06-30 11:57:52,43.3606414794922,-8.84152698516846,"Unknown"
"7014852",371861,2025-06-30 12:03:09,43.3608283996582,-8.84169006347656,"Unknown"
"7014852",371861,2025-06-30 12:07:55,43.3600234985352,-8.84165668487549,"Unknown"
"7014852",371861,2025-06-30 12:12:53,43.3601112365723,-8.84236145019531,"Unknown"
"7014852",371861,2025-06-30 12:17:52,43.3824234008789,-8.84925746917725,"Unknown"
"7014852",371861,2025-06-30 12:23:12,43.3854217529297,-8.85257530212402,"Unknown"
"7014852",371861,2025-06-30 12:28:35,43.3856773376465,-8.84816646575928,"Unknown"
"7014852",371861,2025-06-30 12:32:51,43.3849029541016,-8.84867668151855,"Unknown"
"7014852",371861,2025-06-30 12:37:51,43.3853950500488,-8.84857940673828,"Unknown"
"7014852",371861,2025-06-30 12:42:52,43.3857879638672,-8.84865951538086,"Unknown"
"7014852",371861,2025-06-30 12:47:52,43.3912391662598,-8.8613805770874,"Unknown"
"7014852",371861,2025-06-30 12:52:52,43.3910636901855,-8.86270713806152,"Unknown"
"7014852",371861,2025-06-30 12:57:50,43.390022277832,-8.86317348480225,"Unknown"
"7014852",371861,2025-06-30 13:02:51,43.3890342712402,-8.86282539367676,"Unknown"
"7014852",371861,2025-06-30 13:07:50,43.3853988647461,-8.85525131225586,"Unknown"
"7014852",371861,2025-06-30 13:12:53,43.3867683410645,-8.8511323928833,"Unknown"
"7014852",371861,2025-06-30 13:17:53,43.384708404541,-8.84927654266357,"Unknown"
"7014852",371861,2025-06-30 13:22:54,43.3838500976562,-8.84952735900879,"Unknown"
"7014852",371861,2025-06-30 13:27:51,43.3830451965332,-8.84984874725342,"Unknown"
"7014852",371861,2025-06-30 13:32:49,43.3827743530273,-8.87141036987305,"Unknown"
"7014852",371861,2025-06-30 13:37:54,43.3796310424805,-8.87351036071777,"Unknown"
"7014852",371861,2025-06-30 13:42:49,43.3620872497559,-8.84894275665283,"Unknown"
"7014852",371861,2025-06-30 13:48:36,43.361011505127,-8.84400939941406,"Unknown"
"7014852",371861,2025-06-30 13:53:00,43.3610877990723,-8.84386444091797,"Unknown"
"7014852",371861,2025-06-30 13:58:01,43.3605308532715,-8.84404754638672,"Unknown"
"7014852",371861,2025-06-30 14:02:51,43.3600997924805,-8.84371852874756,"Unknown"
"7014852",371861,2025-06-30 14:07:55,43.3611373901367,-8.84417629241943,"Unknown"
"7014852",371861,2025-06-30 14:13:06,43.3610153198242,-8.84445571899414,"Unknown"
"7014852",371861,2025-06-30 14:18:13,43.3610191345215,-8.84385204315186,"Unknown"
"7014852",371861,2025-06-30 14:22:52,43.3609275817871,-8.84362506866455,"Unknown"
"7014852",371861,2025-06-30 14:27:49,43.3611869812012,-8.84395790100098,"Unknown"
"7014852",371861,2025-06-30 14:32:49,43.3650779724121,-8.84780693054199,"Unknown"
"7014852",371861,2025-06-30 14:37:52,43.3710556030273,-8.85055828094482,"Unknown"
"7014852",371861,2025-06-30 14:42:54,43.3742866516113,-8.85111331939697,"Unknown"
"7014852",371861,2025-06-30 14:48:03,43.3742752075195,-8.85071468353271,"Unknown"
"7014852",371861,2025-06-30 14:52:51,43.3732795715332,-8.85008430480957,"Unknown"
"7014852",371861,2025-06-30 14:57:55,43.3724136352539,-8.85032749176025,"Unknown"
"7014852",371861,2025-06-30 15:03:18,43.3610801696777,-8.84305000305176,"Unknown"
"7014852",371861,2025-06-30 15:08:14,43.3603172302246,-8.84141731262207,"Unknown"
"7014852",371861,2025-06-30 15:12:50,43.3604202270508,-8.8413782119751,"Unknown"
"7014852",371861,2025-06-30 15:17:50,43.3603057861328,-8.84137916564941,"Unknown"
"7014852",371861,2025-06-30 15:22:48,43.3603324890137,-8.84163284301758,"Unknown"
"7014852",371861,2025-06-30 15:27:48,43.3604316711426,-8.84139060974121,"Unknown"
"7014852",371861,2025-06-30 15:32:51,43.3603820800781,-8.8413782119751,"Unknown"
"7014852",371861,2025-06-30 15:37:53,43.3596229553223,-8.83978176116943,"Unknown"
"7014852",371861,2025-06-30 15:42:58,43.3603401184082,-8.8413782119751,"Unknown"
"7014852",371861,2025-06-30 15:48:10,43.3602600097656,-8.84123992919922,"Unknown"
"7014852",371861,2025-06-30 15:52:52,43.3606719970703,-8.84202194213867,"Unknown"
"7014852",371861,2025-06-30 15:57:54,43.3603897094727,-8.84136581420898,"Unknown"
"7014852",371861,2025-06-30 16:02:48,43.360466003418,-8.84152221679688,"Unknown"
"7014852",371861,2025-06-30 16:07:53,43.3607139587402,-8.84142875671387,"Unknown"
"7014852",371861,2025-06-30 16:12:51,43.3603515625,-8.84142589569092,"Unknown"
"7014852",371861,2025-06-30 16:18:03,43.3604011535645,-8.84127902984619,"Unknown"
"7014852",371861,2025-06-30 16:23:05,43.3606872558594,-8.84161758422852,"Unknown"
"7014852",371861,2025-06-30 16:28:08,43.3607788085938,-8.84175586700439,"Unknown"
"7014852",371861,2025-06-30 16:33:16,43.3604774475098,-8.84148788452148,"Unknown"
"7014852",371861,2025-06-30 16:37:52,43.3606147766113,-8.84162330627441,"Unknown"
"7014852",371861,2025-06-30 16:42:54,43.3605308532715,-8.84174537658691,"Unknown"
"7014852",371861,2025-06-30 16:47:53,43.3607025146484,-8.84121227264404,"Unknown"
"7014852",371861,2025-06-30 16:53:02,43.3603363037109,-8.8412971496582,"Unknown"
"7014852",371861,2025-06-30 16:57:59,43.3605346679688,-8.84150218963623,"Unknown"
"7014852",371861,2025-06-30 17:03:21,43.3604469299316,-8.84126091003418,"Unknown"
"7014852",371861,2025-06-30 17:07:48,43.3603744506836,-8.84127521514893,"Unknown"
"7014852",371861,2025-06-30 17:12:47,43.3604011535645,-8.84131050109863,"Unknown"
"7014852",371861,2025-06-30 17:17:48,43.3600158691406,-8.84140491485596,"Unknown"
"7014852",371861,2025-06-30 17:22:48,43.3603782653809,-8.84093856811523,"Unknown"
"7014852",371861,2025-06-30 17:27:47,43.3639488220215,-8.84152030944824,"Unknown"
"7014852",371861,2025-06-30 17:32:48,43.3823509216309,-8.85464096069336,"Unknown"
"7014852",371861,2025-06-30 17:37:48,43.3823394775391,-8.85449886322021,"Unknown"
"7014852",371861,2025-06-30 17:42:48,43.3825263977051,-8.85550785064697,"Unknown"
"7014852",371861,2025-06-30 17:47:48,43.382625579834,-8.85655975341797,"Unknown"
"7014852",371861,2025-06-30 17:52:50,43.3842620849609,-8.85324859619141,"Unknown"
"7014852",371861,2025-06-30 17:57:48,43.3721580505371,-8.85070896148682,"Unknown"
"7014852",371861,2025-06-30 18:02:47,43.360523223877,-8.84116172790527,"Unknown"
"7014852",371861,2025-06-30 18:07:48,43.3604927062988,-8.84149265289307,"Unknown"
"7014852",371861,2025-06-30 18:12:48,43.3605461120605,-8.84142684936523,"Unknown"
"7014852",371861,2025-06-30 18:17:49,43.3602600097656,-8.84140968322754,"Unknown"
"7014852",371861,2025-06-30 18:22:49,43.3601760864258,-8.84132099151611,"Unknown"
"7014852",371861,2025-06-30 18:27:50,43.360279083252,-8.84107494354248,"Unknown"
"7014852",371861,2025-06-30 18:32:50,43.3600807189941,-8.8408088684082,"Unknown"
"7014852",371861,2025-06-30 18:37:51,43.3602027893066,-8.84103012084961,"Unknown"
"7014852",371861,2025-06-30 18:42:49,43.3599967956543,-8.8409252166748,"Unknown"
"7014852",371861,2025-06-30 18:47:50,43.3602523803711,-8.84129047393799,"Unknown"
"7014852",371861,2025-06-30 18:52:52,43.3602981567383,-8.84119606018066,"Unknown"
"7014852",371861,2025-06-30 18:57:49,43.3607025146484,-8.84019756317139,"Unknown"
"7014852",371861,2025-06-30 19:02:49,43.3749542236328,-8.82374000549316,"Unknown"
"7014852",371861,2025-06-30 19:07:53,43.376407623291,-8.81737899780273,"Unknown"
"7014852",371861,2025-06-30 19:12:49,43.3765296936035,-8.81762790679932,"Unknown"
"7014852",371861,2025-06-30 19:17:50,43.3766708374023,-8.81551361083984,"Unknown"
"7014852",371861,2025-06-30 19:22:48,43.3770408630371,-8.81137180328369,"Unknown"
"7014852",371861,2025-06-30 19:27:49,43.3773956298828,-8.81223392486572,"Unknown"
"7014852",371861,2025-06-30 19:32:50,43.3776206970215,-8.81337070465088,"Unknown"
"7014852",371861,2025-06-30 19:37:48,43.3759765625,-8.8333740234375,"Unknown"
"7014852",371861,2025-06-30 19:42:51,43.3608894348145,-8.8478946685791,"Unknown"
"7014852",371861,2025-06-30 19:47:51,43.3603286743164,-8.84142875671387,"Unknown"
"7014852",371861,2025-06-30 19:52:54,43.3604583740234,-8.84140682220459,"Unknown"
"7014852",371861,2025-06-30 19:57:51,43.3603973388672,-8.8413782119751,"Unknown"
"7014852",371861,2025-06-30 20:02:49,43.3602638244629,-8.84128475189209,"Unknown"
"7014852",371861,2025-06-30 20:07:50,43.3602180480957,-8.84113216400146,"Unknown"
"7014852",371861,2025-06-30 20:12:52,43.3601112365723,-8.84100818634033,"Unknown"
"7014852",371861,2025-06-30 20:17:54,43.3602638244629,-8.84126949310303,"Unknown"
"7014852",371861,2025-06-30 20:23:09,43.3602294921875,-8.84128189086914,"Unknown"
"7014852",371861,2025-06-30 20:28:14,43.3603591918945,-8.84137725830078,"Unknown"
"7014852",371861,2025-06-30 20:32:49,43.3603744506836,-8.84135627746582,"Unknown"
"7014852",371861,2025-06-30 20:37:50,43.3606262207031,-8.84212875366211,"Unknown"
"7014852",371861,2025-06-30 20:42:53,43.3603286743164,-8.84131050109863,"Unknown"
"7014852",371861,2025-06-30 20:47:59,43.3603210449219,-8.84131717681885,"Unknown"
"7014852",371861,2025-06-30 20:52:54,43.3600845336914,-8.8410120010376,"Unknown"
"7014852",371861,2025-06-30 20:57:55,43.3604850769043,-8.84184551239014,"Unknown"
"7014852",371861,2025-06-30 21:03:11,43.3618049621582,-8.84015560150146,"Unknown"
"7014852",371861,2025-06-30 21:06:06,43.3664360046387,-8.82449531555176,"Unknown"
"7014852",371861,2025-07-01 02:06:35,43.3603744506836,-8.84132385253906,"Unknown"
"7014852",371861,2025-07-01 05:04:35,43.3603286743164,-8.84135723114014,"Unknown"
"7014852",371861,2025-07-01 05:09:08,43.3603096008301,-8.84137344360352,"Unknown"
"7014852",371861,2025-07-01 05:14:09,43.3602981567383,-8.84121513366699,"Unknown"
"7014852",371861,2025-07-01 05:19:06,43.3603515625,-8.84134674072266,"Unknown"
"7014852",371861,2025-07-01 05:24:06,43.3603515625,-8.84131813049316,"Unknown"
"7014852",371861,2025-07-01 05:29:07,43.3603553771973,-8.84137439727783,"Unknown"
"7014852",371861,2025-07-01 05:34:07,43.3603401184082,-8.84138298034668,"Unknown"
"7014852",371861,2025-07-01 05:39:07,43.3603553771973,-8.8414363861084,"Unknown"
"7014852",371861,2025-07-01 05:44:07,43.3603401184082,-8.84139347076416,"Unknown"
"7014852",371861,2025-07-01 05:49:07,43.3603172302246,-8.84137725830078,"Unknown"
"7014852",371861,2025-07-01 05:54:07,43.3603782653809,-8.84136581420898,"Unknown"
"7014852",371861,2025-07-01 05:59:07,43.3603706359863,-8.84134197235107,"Unknown"
"7014852",371861,2025-07-01 06:04:08,43.3603553771973,-8.84136867523193,"Unknown"
"7014852",371861,2025-07-01 06:09:06,43.3617630004883,-8.84055328369141,"Unknown"
"7014852",371861,2025-07-01 06:14:07,43.3603439331055,-8.84134960174561,"Unknown"
"7014852",371861,2025-07-01 06:19:07,43.3603401184082,-8.84132862091064,"Unknown"
"7014852",371861,2025-07-01 06:25:23,43.36083984375,-8.84402561187744,"Unknown"
"7014852",371861,2025-07-01 06:29:07,43.3606986999512,-8.8305139541626,"Unknown"
"7014852",371861,2025-07-01 06:34:06,43.3704490661621,-8.8331127166748,"Unknown"
"7014852",371861,2025-07-01 06:39:06,43.3794555664062,-8.83240985870361,"Unknown"
"7014852",371861,2025-07-01 06:44:06,43.3758926391602,-8.84608173370361,"Unknown"
"7014852",371861,2025-07-01 06:49:18,43.3604049682617,-8.84139442443848,"Unknown"
"7014852",371861,2025-07-01 06:54:08,43.3603630065918,-8.84142208099365,"Unknown"
"7014852",371861,2025-07-01 06:59:09,43.3603401184082,-8.84137058258057,"Unknown"
"7014852",371861,2025-07-01 07:04:08,43.3611297607422,-8.84200954437256,"Unknown"
"7014852",371861,2025-07-01 07:09:11,43.3604621887207,-8.84108352661133,"Unknown"
"7014852",371861,2025-07-01 07:14:10,43.3604469299316,-8.84107208251953,"Unknown"
"7014852",371861,2025-07-01 07:19:07,43.3607406616211,-8.8432731628418,"Unknown"
"7014852",371861,2025-07-01 07:24:07,43.3576583862305,-8.88680553436279,"Unknown"
"7014852",371861,2025-07-01 07:29:11,43.3548622131348,-8.90828132629395,"Unknown"
"7014852",371861,2025-07-01 07:34:12,43.354923248291,-8.90751171112061,"Unknown"
"7014852",371861,2025-07-01 07:39:08,43.3547439575195,-8.90607070922852,"Unknown"
"7014852",371861,2025-07-01 07:44:09,43.355899810791,-8.89169692993164,"Unknown"
"7014852",371861,2025-07-01 07:49:10,43.360725402832,-8.85308265686035,"Unknown"
"7014852",371861,2025-07-01 07:54:08,43.3608703613281,-8.84132194519043,"Unknown"
"7014852",371861,2025-07-01 07:59:25,43.3602828979492,-8.84086894989014,"Unknown"
"7014852",371861,2025-07-01 08:04:09,43.3602828979492,-8.84103298187256,"Unknown"
"7014852",371861,2025-07-01 08:09:42,43.3603973388672,-8.84144401550293,"Unknown"
"7014852",371861,2025-07-01 08:14:10,43.3602981567383,-8.84118175506592,"Unknown"
"7014852",371861,2025-07-01 08:19:08,43.3603401184082,-8.84121799468994,"Unknown"
"7014852",371861,2025-07-01 08:24:09,43.3603668212891,-8.84129619598389,"Unknown"
"7014852",371861,2025-07-01 08:29:08,43.3603744506836,-8.84122276306152,"Unknown"
"7014852",371861,2025-07-01 08:34:07,43.3603973388672,-8.84152030944824,"Unknown"
"7014852",371861,2025-07-01 08:39:07,43.3603477478027,-8.84140491485596,"Unknown"
"7014852",371861,2025-07-01 08:44:11,43.3603553771973,-8.84127330780029,"Unknown"
"7014852",371861,2025-07-01 08:49:24,43.3603439331055,-8.84127807617188,"Unknown"
"7014852",371861,2025-07-01 08:54:24,43.3603172302246,-8.84139823913574,"Unknown"
"7014852",371861,2025-07-01 08:59:35,43.3603439331055,-8.84139060974121,"Unknown"
"7014852",371861,2025-07-01 09:04:07,43.3602752685547,-8.84119129180908,"Unknown"
"7014852",371861,2025-07-01 09:09:09,43.3602523803711,-8.8416633605957,"Unknown"
"7014852",371861,2025-07-01 09:14:07,43.3604125976562,-8.84141826629639,"Unknown"
"7014852",371861,2025-07-01 09:19:07,43.3604125976562,-8.84163570404053,"Unknown"
"7014852",371861,2025-07-01 09:24:09,43.3604545593262,-8.84151077270508,"Unknown"
"7014852",371861,2025-07-01 09:29:08,43.3605041503906,-8.8413724899292,"Unknown"
"7014852",371861,2025-07-01 09:34:10,43.360538482666,-8.84136199951172,"Unknown"
"7014852",371861,2025-07-01 09:39:09,43.3605537414551,-8.8416109085083,"Unknown"
"7014852",371861,2025-07-01 09:44:15,43.3605766296387,-8.84143924713135,"Unknown"
"7014852",371861,2025-07-01 09:49:07,43.3603668212891,-8.84120464324951,"Unknown"
"7014852",371861,2025-07-01 09:54:18,43.3604354858398,-8.84147834777832,"Unknown"
"7014852",371861,2025-07-01 09:59:11,43.360408782959,-8.84200286865234,"Unknown"
"7014852",371861,2025-07-01 10:04:18,43.3604736328125,-8.84138584136963,"Unknown"
"7014852",371861,2025-07-01 10:09:24,43.3604316711426,-8.84137725830078,"Unknown"
"7014852",371861,2025-07-01 10:14:18,43.3604316711426,-8.8413610458374,"Unknown"
"7014852",371861,2025-07-01 10:19:13,43.3604164123535,-8.84129524230957,"Unknown"
"7014852",371861,2025-07-01 10:24:07,43.3604927062988,-8.84156608581543,"Unknown"
"7014852",371861,2025-07-01 10:29:17,43.360523223877,-8.84127998352051,"Unknown"
"7014852",371861,2025-07-01 10:34:13,43.3606033325195,-8.841139793396,"Unknown"
"7014852",371861,2025-07-01 10:39:19,43.360538482666,-8.84126281738281,"Unknown"
"7014852",371861,2025-07-01 10:44:19,43.3604888916016,-8.84132480621338,"Unknown"
"7014852",371861,2025-07-01 10:49:19,43.3605041503906,-8.84127998352051,"Unknown"
"7014852",371861,2025-07-01 10:54:15,43.3604774475098,-8.84131526947021,"Unknown"
"7014852",371861,2025-07-01 10:59:20,43.3604507446289,-8.84142398834229,"Unknown"
"7014852",371861,2025-07-01 11:04:15,43.3605346679688,-8.84116840362549,"Unknown"
"7014852",371861,2025-07-01 11:09:35,43.3604888916016,-8.8413257598877,"Unknown"
"7014852",371861,2025-07-01 11:14:08,43.3602523803711,-8.84106159210205,"Unknown"
"7014852",371861,2025-07-01 11:19:08,43.3603019714355,-8.841064453125,"Unknown"
"7014852",371861,2025-07-01 11:24:09,43.3603286743164,-8.84112358093262,"Unknown"
"7014852",371861,2025-07-01 11:29:08,43.3603172302246,-8.84105396270752,"Unknown"
"7014852",371861,2025-07-01 11:34:07,43.3581581115723,-8.8558874130249,"Unknown"
"7014852",371861,2025-07-01 11:39:06,43.3474960327148,-8.90587902069092,"Unknown"
"7014852",371861,2025-07-01 11:44:06,43.340518951416,-8.92560482025146,"Unknown"
"7014852",371861,2025-07-01 11:49:08,43.3403053283691,-8.92373275756836,"Unknown"
"7014852",371861,2025-07-01 11:54:07,43.3410720825195,-8.92143440246582,"Unknown"
"7014852",371861,2025-07-01 11:59:07,43.3419418334961,-8.92006015777588,"Unknown"
"7014852",371861,2025-07-01 12:04:07,43.3436393737793,-8.91888809204102,"Unknown"
"7014852",371861,2025-07-01 12:09:10,43.3227081298828,-8.89071178436279,"Unknown"
"7014852",371861,2025-07-01 12:14:08,43.3198661804199,-8.87576484680176,"Unknown"
"7014852",371861,2025-07-01 12:19:10,43.3199653625488,-8.87573528289795,"Unknown"
"7014852",371861,2025-07-01 12:24:11,43.3197593688965,-8.87562656402588,"Unknown"
"7014852",371861,2025-07-01 12:29:08,43.3198089599609,-8.87566184997559,"Unknown"
"7014852",371861,2025-07-01 12:34:07,43.3196640014648,-8.87564754486084,"Unknown"
"7014852",371861,2025-07-01 12:39:08,43.3195533752441,-8.87572860717773,"Unknown"
"7014852",371861,2025-07-01 12:44:09,43.3197212219238,-8.87579727172852,"Unknown"
"7014852",371861,2025-07-01 12:49:17,43.3197479248047,-8.87572002410889,"Unknown"
"7014852",371861,2025-07-01 12:54:07,43.3197135925293,-8.8757152557373,"Unknown"
"7014852",371861,2025-07-01 12:59:07,43.3141632080078,-8.85696220397949,"Unknown"
"7014852",371861,2025-07-01 13:04:07,43.3138809204102,-8.857177734375,"Unknown"
"7014852",371861,2025-07-01 13:09:08,43.3142623901367,-8.8571834564209,"Unknown"
"7014852",371861,2025-07-01 13:14:35,43.3160018920898,-8.85825157165527,"Unknown"
"7014852",371861,2025-07-01 13:19:06,43.3165321350098,-8.85820388793945,"Unknown"
"7014852",371861,2025-07-01 13:24:07,43.3165550231934,-8.85827350616455,"Unknown"
"7014852",371861,2025-07-01 13:29:07,43.316707611084,-8.85831928253174,"Unknown"
"7014852",371861,2025-07-01 13:34:07,43.3166961669922,-8.85839080810547,"Unknown"
"7014852",371861,2025-07-01 13:39:07,43.3177185058594,-8.84660148620605,"Unknown"
"7014852",371861,2025-07-01 13:44:07,43.3402099609375,-8.83957004547119,"Unknown"
"7014852",371861,2025-07-01 13:49:06,43.3527908325195,-8.84831237792969,"Unknown"
"7014852",371861,2025-07-01 13:54:09,43.3603744506836,-8.84140110015869,"Unknown"
"7014852",371861,2025-07-01 13:59:09,43.360294342041,-8.84138107299805,"Unknown"
"7014852",371861,2025-07-01 14:04:07,43.3604202270508,-8.84143924713135,"Unknown"
"7014852",371861,2025-07-01 14:09:07,43.3603591918945,-8.84134101867676,"Unknown"
"7014852",371861,2025-07-01 14:14:09,43.3606033325195,-8.84151649475098,"Unknown"
"7014852",371861,2025-07-01 14:19:07,43.3604545593262,-8.84133338928223,"Unknown"
"7014852",371861,2025-07-01 14:24:10,43.3604431152344,-8.84143257141113,"Unknown"
"7014852",371861,2025-07-01 14:29:08,43.3605308532715,-8.84138965606689,"Unknown"
"7014852",371861,2025-07-01 14:34:07,43.360538482666,-8.84148788452148,"Unknown"
"7014852",371861,2025-07-01 14:39:07,43.3604927062988,-8.84146499633789,"Unknown"
"7014852",371861,2025-07-01 14:44:07,43.3605422973633,-8.8414363861084,"Unknown"
"7014852",371861,2025-07-01 14:49:10,43.3606605529785,-8.84155464172363,"Unknown"
"7014852",371861,2025-07-01 14:54:08,43.3604431152344,-8.84149265289307,"Unknown"
"7014852",371861,2025-07-01 14:59:09,43.3612251281738,-8.84041595458984,"Unknown"
"7014852",371861,2025-07-01 15:04:12,43.3740615844727,-8.82502269744873,"Unknown"
"7014852",371861,2025-07-01 15:09:25,43.3730888366699,-8.824875831604,"Unknown"
"7014852",371861,2025-07-01 15:14:13,43.3720741271973,-8.8249979019165,"Unknown"
"7014852",371861,2025-07-01 15:19:12,43.3729553222656,-8.82797622680664,"Unknown"
"7014852",371861,2025-07-01 15:24:12,43.3726654052734,-8.82840347290039,"Unknown"
"7014852",371861,2025-07-01 15:29:13,43.3720245361328,-8.82902908325195,"Unknown"
"7014852",371861,2025-07-01 15:34:09,43.3718185424805,-8.83137798309326,"Unknown"
"7014852",371861,2025-07-01 15:39:16,43.3710174560547,-8.83118438720703,"Unknown"
"7014852",371861,2025-07-01 15:44:13,43.3718872070312,-8.83187866210938,"Unknown"
"7014852",371861,2025-07-01 15:49:19,43.3710746765137,-8.83349227905273,"Unknown"
"7014852",371861,2025-07-01 15:54:35,43.3601341247559,-8.84138202667236,"Unknown"
"7014852",371861,2025-07-01 15:59:09,43.3602294921875,-8.84114837646484,"Unknown"
"7014852",371861,2025-07-01 16:04:10,43.3601875305176,-8.84115791320801,"Unknown"
"7014852",371861,2025-07-01 16:09:15,43.3603134155273,-8.84127235412598,"Unknown"
"7014852",371861,2025-07-01 16:14:09,43.3602981567383,-8.8411808013916,"Unknown"
"7014852",371861,2025-07-01 16:19:09,43.3605003356934,-8.841628074646,"Unknown"
"7014852",371861,2025-07-01 16:24:12,43.3606605529785,-8.8420295715332,"Unknown"
"7014852",371861,2025-07-01 16:29:10,43.3605575561523,-8.8418436050415,"Unknown"
"7014852",371861,2025-07-01 16:34:11,43.3605499267578,-8.84181308746338,"Unknown"
"7014852",371861,2025-07-01 16:39:10,43.360710144043,-8.84180450439453,"Unknown"
"7014852",371861,2025-07-01 16:44:09,43.3607788085938,-8.84216594696045,"Unknown"
"7014852",371861,2025-07-01 16:49:09,43.3606338500977,-8.84190368652344,"Unknown"
"7014852",371861,2025-07-01 16:54:10,43.3606872558594,-8.84189891815186,"Unknown"
"7014852",371861,2025-07-01 16:59:12,43.3606452941895,-8.84187698364258,"Unknown"
"7014852",371861,2025-07-01 17:04:30,43.3632965087891,-8.85255241394043,"Unknown"
"7014852",371861,2025-07-01 17:09:34,43.3662223815918,-8.89362144470215,"Unknown"
"7014852",371861,2025-07-01 17:14:11,43.3590660095215,-8.92416954040527,"Unknown"
"7014852",371861,2025-07-01 17:19:10,43.3419532775879,-8.97101211547852,"Unknown"
"7014852",371861,2025-07-01 17:24:09,43.3120765686035,-9.01562213897705,"Unknown"
"7014852",371861,2025-07-01 17:29:21,43.2879638671875,-9.01831245422363,"Unknown"
"7014852",371861,2025-07-01 17:34:11,43.2802810668945,-9.01578998565674,"Unknown"
"7014852",371861,2025-07-01 17:39:18,43.2729873657227,-9.01327896118164,"Unknown"
"7014852",371861,2025-07-01 17:44:20,43.2662010192871,-9.01010704040527,"Unknown"
"7014852",371861,2025-07-01 17:50:05,43.2663993835449,-8.9864330291748,"Unknown"
"7014852",371861,2025-07-01 17:54:08,43.2683982849121,-8.98491764068604,"Unknown"
"7014852",371861,2025-07-01 17:59:09,43.2685508728027,-8.98527336120605,"Unknown"
"7014852",371861,2025-07-01 18:04:13,43.268440246582,-8.98498725891113,"Unknown"
"7014852",371861,2025-07-01 18:09:12,43.2683258056641,-8.984787940979,"Unknown"
"7014852",371861,2025-07-01 18:14:35,43.2682304382324,-8.98471546173096,"Unknown"
"7014852",371861,2025-07-01 18:19:06,43.2682266235352,-8.984694480896,"Unknown"
"7014852",371861,2025-07-01 18:24:07,43.2682495117188,-8.98472499847412,"Unknown"
"7014852",371861,2025-07-01 18:29:08,43.2682647705078,-8.98470878601074,"Unknown"
"7014852",371861,2025-07-01 18:34:07,43.2682952880859,-8.98462390899658,"Unknown"
"7014852",371861,2025-07-01 18:39:07,43.2682647705078,-8.98465347290039,"Unknown"
"7014852",371861,2025-07-01 18:44:08,43.268253326416,-8.9846887588501,"Unknown"
"7014852",371861,2025-07-01 18:49:07,43.2753982543945,-8.98866558074951,"Unknown"
"7014852",371861,2025-07-01 18:54:07,43.2845458984375,-8.97017192840576,"Unknown"
"7014852",371861,2025-07-01 18:59:07,43.2897644042969,-8.94715785980225,"Unknown"
"7014852",371861,2025-07-01 19:04:07,43.2939949035645,-8.91911792755127,"Unknown"
"7014852",371861,2025-07-01 19:09:10,43.3186683654785,-8.91214942932129,"Unknown"
"7014852",371861,2025-07-01 19:14:07,43.3192825317383,-8.88741970062256,"Unknown"
"7014852",371861,2025-07-01 19:19:07,43.3234024047852,-8.85704708099365,"Unknown"
"7014852",371861,2025-07-01 19:24:07,43.3463478088379,-8.84796905517578,"Unknown"
"7014852",371861,2025-07-01 19:29:07,43.3603134155273,-8.84174919128418,"Unknown"
"7014852",371861,2025-07-01 19:34:08,43.3603668212891,-8.84164142608643,"Unknown"
"7014852",371861,2025-07-01 19:39:07,43.360294342041,-8.84118175506592,"Unknown"
"7014852",371861,2025-07-01 19:44:07,43.3602905273438,-8.8413782119751,"Unknown"
"7014852",371861,2025-07-01 19:49:07,43.3602256774902,-8.84134578704834,"Unknown"
"7014852",371861,2025-07-01 19:54:07,43.3602333068848,-8.84161853790283,"Unknown"
"7014852",371861,2025-07-01 19:59:07,43.3603363037109,-8.84141254425049,"Unknown"
"7014852",371861,2025-07-01 20:04:08,43.3602828979492,-8.8415355682373,"Unknown"
"7014852",371861,2025-07-01 20:09:07,43.3605079650879,-8.84161758422852,"Unknown"
"7014852",371861,2025-07-01 20:14:09,43.360179901123,-8.84116268157959,"Unknown"
"7014852",371861,2025-07-01 20:19:09,43.3604393005371,-8.8416109085083,"Unknown"
"7014852",371861,2025-07-01 20:24:23,43.3602867126465,-8.84109115600586,"Unknown"
"7014852",371861,2025-07-01 20:29:16,43.3604164123535,-8.84142017364502,"Unknown"
"7014852",371861,2025-07-01 20:34:12,43.360466003418,-8.84155082702637,"Unknown"
"7014852",371861,2025-07-01 20:39:10,43.3606643676758,-8.84157562255859,"Unknown"
"7014852",371861,2025-07-01 20:44:08,43.3600730895996,-8.8410177230835,"Unknown"
"7014852",371861,2025-07-01 20:49:09,43.3604278564453,-8.84114170074463,"Unknown"
"7014852",371861,2025-07-01 20:54:08,43.3603782653809,-8.84137535095215,"Unknown"
"7014852",371861,2025-07-01 20:59:16,43.3601150512695,-8.8407621383667,"Unknown"
"7014852",371861,2025-07-01 21:06:08,43.3602828979492,-8.84130477905273,"Unknown"
"7014852",371861,2025-07-02 02:06:44,43.3602714538574,-8.84126377105713,"Unknown"
"7014852",371861,2025-07-02 05:05:05,43.3603401184082,-8.84137535095215,"Unknown"
"7014852",371861,2025-07-02 05:09:49,43.3602981567383,-8.8413782119751,"Unknown"
"7014852",371861,2025-07-02 05:14:47,43.3602867126465,-8.84142684936523,"Unknown"
"7014852",371861,2025-07-02 05:19:54,43.3603324890137,-8.84137535095215,"Unknown"
"7014852",371861,2025-07-02 05:24:44,43.3603553771973,-8.84142208099365,"Unknown"
"7014852",371861,2025-07-02 05:29:45,43.3602828979492,-8.84140491485596,"Unknown"
"7014852",371861,2025-07-02 05:34:53,43.3603057861328,-8.84133434295654,"Unknown"
"7014852",371861,2025-07-02 05:39:44,43.3611335754395,-8.84203338623047,"Unknown"
"7014852",371861,2025-07-02 05:44:52,43.3604278564453,-8.84121131896973,"Unknown"
"7014852",371861,2025-07-02 05:49:45,43.3603858947754,-8.84145832061768,"Unknown"
"7014852",371861,2025-07-02 05:54:49,43.3603248596191,-8.84134101867676,"Unknown"
"7014852",371861,2025-07-02 05:59:44,43.3600425720215,-8.82486248016357,"Unknown"
"7014852",371861,2025-07-02 06:04:47,43.3595504760742,-8.83163833618164,"Unknown"
"7014852",371861,2025-07-02 06:10:05,43.3602104187012,-8.8412914276123,"Unknown"
"7014852",371861,2025-07-02 06:14:43,43.3601875305176,-8.8412618637085,"Unknown"
"7014852",371861,2025-07-02 06:19:43,43.3602409362793,-8.84128093719482,"Unknown"
"7014852",371861,2025-07-02 06:24:43,43.3602066040039,-8.84122276306152,"Unknown"
"7014852",371861,2025-07-02 06:29:43,43.3602561950684,-8.84124565124512,"Unknown"
"7014852",371861,2025-07-02 06:34:44,43.3602027893066,-8.8412561416626,"Unknown"
"7014852",371861,2025-07-02 06:39:43,43.3601913452148,-8.84133148193359,"Unknown"
"7014852",371861,2025-07-02 06:44:43,43.3602752685547,-8.84123420715332,"Unknown"
"7014852",371861,2025-07-02 06:49:45,43.3603096008301,-8.84124183654785,"Unknown"
"7014852",371861,2025-07-02 06:54:46,43.3604202270508,-8.84113502502441,"Unknown"
"7014852",371861,2025-07-02 06:59:46,43.3604774475098,-8.84110164642334,"Unknown"
"7014852",371861,2025-07-02 07:04:48,43.360481262207,-8.84103202819824,"Unknown"
"7014852",371861,2025-07-02 07:10:05,43.3602981567383,-8.84147834777832,"Unknown"
"7014852",371861,2025-07-02 07:14:43,43.3604202270508,-8.84137344360352,"Unknown"
"7014852",371861,2025-07-02 07:19:43,43.363452911377,-8.83812713623047,"Unknown"
"7014852",371861,2025-07-02 07:24:43,43.3725662231445,-8.82295608520508,"Unknown"
"7014852",371861,2025-07-02 07:29:43,43.3697776794434,-8.82712554931641,"Unknown"
"7014852",371861,2025-07-02 07:34:43,43.3603706359863,-8.84140014648438,"Unknown"
"7014852",371861,2025-07-02 07:39:43,43.3602485656738,-8.84142589569092,"Unknown"
"7014852",371861,2025-07-02 07:44:43,43.3603134155273,-8.84142589569092,"Unknown"
"7014852",371861,2025-07-02 07:49:44,43.3603477478027,-8.84138202667236,"Unknown"
"7014852",371861,2025-07-02 07:54:43,43.3603401184082,-8.84140682220459,"Unknown"
"7014852",371861,2025-07-02 07:59:44,43.3603057861328,-8.84142398834229,"Unknown"
"7014852",371861,2025-07-02 08:04:43,43.3603134155273,-8.84137439727783,"Unknown"
"7014852",371861,2025-07-02 08:09:44,43.3603706359863,-8.84138011932373,"Unknown"
"7014852",371861,2025-07-02 08:14:43,43.3603744506836,-8.84140110015869,"Unknown"
"7014852",371861,2025-07-02 08:19:44,43.3603630065918,-8.84141254425049,"Unknown"
"7014852",371861,2025-07-02 08:24:44,43.3603324890137,-8.8413782119751,"Unknown"
"7014852",371861,2025-07-02 08:29:43,43.3602752685547,-8.84135913848877,"Unknown"
"7014852",371861,2025-07-02 08:34:44,43.3602561950684,-8.84125328063965,"Unknown"
"7014852",371861,2025-07-02 08:39:44,43.3618316650391,-8.83985900878906,"Unknown"
"7014852",371861,2025-07-02 08:44:44,43.3586311340332,-8.82698059082031,"Unknown"
"7014852",371861,2025-07-02 08:49:45,43.3602294921875,-8.84107875823975,"Unknown"
"7014852",371861,2025-07-02 08:54:44,43.3603515625,-8.84131908416748,"Unknown"
"7014852",371861,2025-07-02 08:59:48,43.3601570129395,-8.84097862243652,"Unknown"
"7014852",371861,2025-07-02 09:04:47,43.359935760498,-8.84034061431885,"Unknown"
"7014852",371861,2025-07-02 09:09:46,43.360179901123,-8.84091854095459,"Unknown"
"7014852",371861,2025-07-02 09:14:46,43.3599433898926,-8.84036254882812,"Unknown"
"7014852",371861,2025-07-02 09:19:44,43.3599128723145,-8.84126472473145,"Unknown"
"7014852",371861,2025-07-02 09:24:46,43.3630867004395,-8.867112159729,"Unknown"
"7014852",371861,2025-07-02 09:29:45,43.3607025146484,-8.84355735778809,"Unknown"
"7014852",371861,2025-07-02 09:34:48,43.360294342041,-8.84147071838379,"Unknown"
"7014852",371861,2025-07-02 09:39:48,43.3603248596191,-8.84131050109863,"Unknown"
"7014852",371861,2025-07-02 09:44:52,43.3603439331055,-8.84148979187012,"Unknown"
"7014852",371861,2025-07-02 09:49:54,43.3603210449219,-8.84157276153564,"Unknown"
"7014852",371861,2025-07-02 09:54:54,43.3603286743164,-8.84162044525146,"Unknown"
"7014852",371861,2025-07-02 09:59:54,43.3603324890137,-8.84161281585693,"Unknown"
"7014852",371861,2025-07-02 10:04:54,43.3603744506836,-8.84169960021973,"Unknown"
"7014852",371861,2025-07-02 10:09:52,43.3603286743164,-8.8415470123291,"Unknown"
"7014852",371861,2025-07-02 10:15:03,43.3603019714355,-8.84134960174561,"Unknown"
"7014852",371861,2025-07-02 10:19:43,43.3603363037109,-8.84128379821777,"Unknown"
"7014852",371861,2025-07-02 10:24:45,43.3603439331055,-8.84132194519043,"Unknown"
"7014852",371861,2025-07-02 10:29:44,43.3602485656738,-8.84123992919922,"Unknown"
"7014852",371861,2025-07-02 10:34:45,43.3603401184082,-8.84127426147461,"Unknown"
"7014852",371861,2025-07-02 10:39:43,43.3603630065918,-8.84137058258057,"Unknown"
"7014852",371861,2025-07-02 10:44:46,43.3603630065918,-8.84118747711182,"Unknown"
"7014852",371861,2025-07-02 10:49:54,43.3603286743164,-8.84130954742432,"Unknown"
"7014852",371861,2025-07-02 10:54:43,43.3604049682617,-8.84146595001221,"Unknown"
"7014852",371861,2025-07-02 10:59:52,43.3603744506836,-8.84127330780029,"Unknown"
"7014852",371861,2025-07-02 11:04:52,43.3603363037109,-8.84128665924072,"Unknown"
"7014852",371861,2025-07-02 11:09:45,43.3603897094727,-8.84133338928223,"Unknown"
"7014852",371861,2025-07-02 11:14:46,43.3602981567383,-8.84127235412598,"Unknown"
"7014852",371861,2025-07-02 11:19:46,43.3603782653809,-8.84136867523193,"Unknown"
"7014852",371861,2025-07-02 11:24:44,43.3604507446289,-8.84141540527344,"Unknown"
"7014852",371861,2025-07-02 11:29:47,43.3603057861328,-8.84132194519043,"Unknown"
"7014852",371861,2025-07-02 11:34:44,43.3602981567383,-8.84136199951172,"Unknown"
"7014852",371861,2025-07-02 11:39:48,43.3603897094727,-8.84135341644287,"Unknown"
"7014852",371861,2025-07-02 11:44:51,43.3602600097656,-8.84127902984619,"Unknown"
"7014852",371861,2025-07-02 11:49:44,43.3591613769531,-8.84491062164307,"Unknown"
"7014852",371861,2025-07-02 11:54:43,43.3302154541016,-8.85099220275879,"Unknown"
"7014852",371861,2025-07-02 11:59:45,43.3246116638184,-8.85329246520996,"Unknown"
"7014852",371861,2025-07-02 12:06:07,43.3287963867188,-8.85315608978271,"Unknown"
"7014852",371861,2025-07-02 12:10:05,43.3277435302734,-8.855881690979,"Unknown"
"7014852",371861,2025-07-02 12:14:44,43.3266143798828,-8.85682201385498,"Unknown"
"7014852",371861,2025-07-02 12:19:44,43.3138732910156,-8.85754871368408,"Unknown"
"7014852",371861,2025-07-02 12:24:43,43.3139114379883,-8.85712146759033,"Unknown"
"7014852",371861,2025-07-02 12:29:43,43.313720703125,-8.857177734375,"Unknown"
"7014852",371861,2025-07-02 12:34:43,43.3138885498047,-8.85716247558594,"Unknown"
"7014852",371861,2025-07-02 12:40:05,43.3139038085938,-8.85716152191162,"Unknown"
"7014852",371861,2025-07-02 12:44:43,43.3180541992188,-8.88199901580811,"Unknown"
"7014852",371861,2025-07-02 12:49:45,43.287166595459,-8.93793106079102,"Unknown"
"7014852",371861,2025-07-02 12:54:43,43.2661743164062,-9.00062465667725,"Unknown"
"7014852",371861,2025-07-02 12:59:43,43.2132530212402,-9.05868816375732,"Unknown"
"7014852",371861,2025-07-02 13:04:54,43.1824569702148,-9.09212303161621,"Unknown"
"7014852",371861,2025-07-02 13:09:47,43.1836929321289,-9.09273052215576,"Unknown"
"7014852",371861,2025-07-02 13:14:44,43.1836204528809,-9.09265518188477,"Unknown"
"7014852",371861,2025-07-02 13:19:47,43.1839637756348,-9.09263134002686,"Unknown"
"7014852",371861,2025-07-02 13:24:43,43.1850051879883,-9.09130001068115,"Unknown"
"7014852",371861,2025-07-02 13:29:44,43.1838493347168,-9.09215450286865,"Unknown"
"7014852",371861,2025-07-02 13:34:43,43.1824989318848,-9.10668277740479,"Unknown"
"7014852",371861,2025-07-02 13:39:46,43.1857452392578,-9.10565853118896,"Unknown"
"7014852",371861,2025-07-02 13:44:43,43.1858406066895,-9.10565185546875,"Unknown"
"7014852",371861,2025-07-02 13:49:44,43.1858139038086,-9.1058874130249,"Unknown"
"7014852",371861,2025-07-02 13:54:43,43.1857604980469,-9.10562133789062,"Unknown"
"7014852",371861,2025-07-02 13:59:43,43.1857414245605,-9.10560989379883,"Unknown"
"7014852",371861,2025-07-02 14:04:43,43.1857757568359,-9.1057071685791,"Unknown"
"7014852",371861,2025-07-02 14:09:43,43.1855545043945,-9.1054162979126,"Unknown"
"7014852",371861,2025-07-02 14:14:43,43.185604095459,-9.10539817810059,"Unknown"
"7014852",371861,2025-07-02 14:19:43,43.1851425170898,-9.11123752593994,"Unknown"
"7014852",371861,2025-07-02 14:24:43,43.197566986084,-9.12853717803955,"Unknown"
"7014852",371861,2025-07-02 14:29:44,43.1924057006836,-9.11806488037109,"Unknown"
"7014852",371861,2025-07-02 14:35:03,43.1835975646973,-9.09290599822998,"Unknown"
"7014852",371861,2025-07-02 14:39:43,43.1857643127441,-9.09412288665771,"Unknown"
"7014852",371861,2025-07-02 14:44:43,43.1851921081543,-9.09344577789307,"Unknown"
"7014852",371861,2025-07-02 14:49:44,43.183235168457,-9.1066370010376,"Unknown"
"7014852",371861,2025-07-02 14:54:45,43.1833000183105,-9.09172916412354,"Unknown"
"7014852",371861,2025-07-02 14:59:44,43.1937942504883,-9.11546516418457,"Unknown"
"7014852",371861,2025-07-02 15:05:02,43.192310333252,-9.14703464508057,"Unknown"
"7014852",371861,2025-07-02 15:09:44,43.1934509277344,-9.13374519348145,"Unknown"
"7014852",371861,2025-07-02 15:14:51,43.1940727233887,-9.13241291046143,"Unknown"
"7014852",371861,2025-07-02 15:20:05,43.1940536499023,-9.13237190246582,"Unknown"
"7014852",371861,2025-07-02 15:24:44,43.1940689086914,-9.13234043121338,"Unknown"
"7014852",371861,2025-07-02 15:29:43,43.1941375732422,-9.1322660446167,"Unknown"
"7014852",371861,2025-07-02 15:34:43,43.1940498352051,-9.13234710693359,"Unknown"
"7014852",371861,2025-07-02 15:39:44,43.1931419372559,-9.13282299041748,"Unknown"
"7014852",371861,2025-07-02 15:44:43,43.1931953430176,-9.13217639923096,"Unknown"
"7014852",371861,2025-07-02 15:49:44,43.1931800842285,-9.13220405578613,"Unknown"
"7014852",371861,2025-07-02 15:54:43,43.1931762695312,-9.13226413726807,"Unknown"
"7014852",371861,2025-07-02 15:59:44,43.1931533813477,-9.13221645355225,"Unknown"
"7014852",371861,2025-07-02 16:04:44,43.193229675293,-9.13227367401123,"Unknown"
"7014852",371861,2025-07-02 16:09:46,43.1931571960449,-9.13216781616211,"Unknown"
"7014852",371861,2025-07-02 16:14:43,43.193172454834,-9.13220500946045,"Unknown"
"7014852",371861,2025-07-02 16:19:43,43.1931533813477,-9.13218593597412,"Unknown"
"7014852",371861,2025-07-02 16:24:43,43.1931762695312,-9.13223838806152,"Unknown"
"7014852",371861,2025-07-02 16:29:44,43.1931266784668,-9.13222599029541,"Unknown"
"7014852",371861,2025-07-02 16:34:44,43.1930618286133,-9.13211822509766,"Unknown"
"7014852",371861,2025-07-02 16:39:45,43.1873359680176,-9.1121997833252,"Unknown"
"7014852",371861,2025-07-02 16:44:43,43.1891403198242,-9.08711719512939,"Unknown"
"7014852",371861,2025-07-02 16:49:43,43.1848258972168,-9.06409454345703,"Unknown"
"7014852",371861,2025-07-02 16:54:43,43.1857795715332,-9.04477119445801,"Unknown"
"7014852",371861,2025-07-02 16:59:43,43.1948509216309,-9.03971862792969,"Unknown"
"7014852",371861,2025-07-02 17:04:43,43.1948356628418,-9.03999042510986,"Unknown"
"7014852",371861,2025-07-02 17:09:43,43.208251953125,-9.03252029418945,"Unknown"
"7014852",371861,2025-07-02 17:14:44,43.2196807861328,-9.01749992370605,"Unknown"
"7014852",371861,2025-07-02 17:19:43,43.2309379577637,-9.00563144683838,"Unknown"
"7014852",371861,2025-07-02 17:24:43,43.2423248291016,-8.99532985687256,"Unknown"
"7014852",371861,2025-07-02 17:29:49,43.2543182373047,-8.9803581237793,"Unknown"
"7014852",371861,2025-07-02 17:34:43,43.2726821899414,-8.98421859741211,"Unknown"
"7014852",371861,2025-07-02 17:39:47,43.2834968566895,-8.97413921356201,"Unknown"
"7014852",371861,2025-07-02 17:45:05,43.2920799255371,-8.95353698730469,"Unknown"
"7014852",371861,2025-07-02 17:49:43,43.2923393249512,-8.92715454101562,"Unknown"
"7014852",371861,2025-07-02 17:54:43,43.3051643371582,-8.90870571136475,"Unknown"
"7014852",371861,2025-07-02 17:59:43,43.32080078125,-8.90224742889404,"Unknown"
"7014852",371861,2025-07-02 18:04:44,43.3202896118164,-8.87511730194092,"Unknown"
"7014852",371861,2025-07-02 18:09:44,43.3197746276855,-8.84946346282959,"Unknown"
"7014852",371861,2025-07-02 18:14:45,43.3397598266602,-8.84468269348145,"Unknown"
"7014852",371861,2025-07-02 18:19:47,43.3505859375,-8.84006977081299,"Unknown"
"7014852",371861,2025-07-02 18:24:55,43.3610916137695,-8.83422565460205,"Unknown"
"7014852",371861,2025-07-02 18:29:47,43.3604278564453,-8.84149265289307,"Unknown"
"7014852",371861,2025-07-02 18:34:54,43.3603363037109,-8.84131908416748,"Unknown"
"7014852",371861,2025-07-02 18:39:54,43.3603935241699,-8.84133720397949,"Unknown"
"7014852",371861,2025-07-02 18:44:54,43.3603782653809,-8.84134960174561,"Unknown"
"7014852",371861,2025-07-02 18:49:54,43.3603782653809,-8.84129810333252,"Unknown"
"7014852",371861,2025-07-02 18:54:54,43.3603515625,-8.84131526947021,"Unknown"
"7014852",371861,2025-07-02 18:59:54,43.3603401184082,-8.84138298034668,"Unknown"
"7014852",371861,2025-07-02 19:05:05,43.3603897094727,-8.84132671356201,"Unknown"
"7014852",371861,2025-07-02 19:09:43,43.3603210449219,-8.841383934021,"Unknown"
"7014852",371861,2025-07-02 19:14:43,43.3603858947754,-8.84131336212158,"Unknown"
"7014852",371861,2025-07-02 19:19:43,43.3601913452148,-8.84145164489746,"Unknown"
"7014852",371861,2025-07-02 19:24:43,43.3602828979492,-8.84142398834229,"Unknown"
"7014852",371861,2025-07-02 19:29:44,43.3603515625,-8.84130954742432,"Unknown"
"7014852",371861,2025-07-02 19:34:43,43.360424041748,-8.84123420715332,"Unknown"
"7014852",371861,2025-07-02 19:39:43,43.3603363037109,-8.84130954742432,"Unknown"
"7014852",371861,2025-07-02 19:44:43,43.3603782653809,-8.84130191802979,"Unknown"
"7014852",371861,2025-07-02 19:49:43,43.3603248596191,-8.84130477905273,"Unknown"
"7014852",371861,2025-07-02 19:54:43,43.3603477478027,-8.84133338928223,"Unknown"
"7014852",371861,2025-07-02 19:59:43,43.3603935241699,-8.8412914276123,"Unknown"
"7014852",371861,2025-07-02 20:04:43,43.3603439331055,-8.84129810333252,"Unknown"
"7014852",371861,2025-07-02 20:09:43,43.3603858947754,-8.84131813049316,"Unknown"
"7014852",371861,2025-07-02 20:14:43,43.3603477478027,-8.84129428863525,"Unknown"
"7014852",371861,2025-07-02 20:19:43,43.3602714538574,-8.84131050109863,"Unknown"
"7014852",371861,2025-07-02 20:24:43,43.3604202270508,-8.84135913848877,"Unknown"
"7014852",371861,2025-07-02 20:29:43,43.3604469299316,-8.8413143157959,"Unknown"
"7014852",371861,2025-07-02 20:34:43,43.3603668212891,-8.84132289886475,"Unknown"
"7014852",371861,2025-07-02 20:39:43,43.3602561950684,-8.84126377105713,"Unknown"
"7014852",371861,2025-07-02 20:44:43,43.360408782959,-8.84121608734131,"Unknown"
"7014852",371861,2025-07-02 20:49:43,43.360424041748,-8.84140586853027,"Unknown"
"7014852",371861,2025-07-02 20:54:45,43.3604316711426,-8.84145259857178,"Unknown"
"7014852",371861,2025-07-02 21:00:05,43.3603248596191,-8.84132289886475,"Unknown"
"7014852",371861,2025-07-02 21:05:39,43.3603973388672,-8.84136581420898,"Unknown"
"7014852",371861,2025-07-03 02:06:06,43.3603782653809,-8.84132957458496,"Unknown"
"7014852",371861,2025-07-03 05:05:44,43.3603019714355,-8.84138965606689,"Unknown"
"7014852",371861,2025-07-03 05:10:19,43.3603591918945,-8.84136867523193,"Unknown"
"7014852",371861,2025-07-03 05:15:19,43.3603897094727,-8.84144592285156,"Unknown"
"7014852",371861,2025-07-03 05:20:18,43.3604774475098,-8.84152126312256,"Unknown"
"7014852",371861,2025-07-03 05:25:18,43.3603515625,-8.84139633178711,"Unknown"
"7014852",371861,2025-07-03 05:30:19,43.3605728149414,-8.84166717529297,"Unknown"
"7014852",371861,2025-07-03 05:35:18,43.3603477478027,-8.84149074554443,"Unknown"
"7014852",371861,2025-07-03 05:40:20,43.3603935241699,-8.84134864807129,"Unknown"
"7014852",371861,2025-07-03 05:45:44,43.3603820800781,-8.84150981903076,"Unknown"
"7014852",371861,2025-07-03 05:50:22,43.3603897094727,-8.84107208251953,"Unknown"
"7014852",371861,2025-07-03 05:55:21,43.3604125976562,-8.84142303466797,"Unknown"
"7014852",371861,2025-07-03 06:00:18,43.3603820800781,-8.84133338928223,"Unknown"
"7014852",371861,2025-07-03 06:05:23,43.3604431152344,-8.84141635894775,"Unknown"
"7014852",371861,2025-07-03 06:10:21,43.3603782653809,-8.84144496917725,"Unknown"
"7014852",371861,2025-07-03 06:15:33,43.3603019714355,-8.84151935577393,"Unknown"
"7014852",371861,2025-07-03 06:20:22,43.3603744506836,-8.84148597717285,"Unknown"
"7014852",371861,2025-07-03 06:25:31,43.360408782959,-8.84145259857178,"Unknown"
"7014852",371861,2025-07-03 06:30:45,43.3603057861328,-8.84151363372803,"Unknown"
"7014852",371861,2025-07-03 06:35:24,43.3601417541504,-8.84131240844727,"Unknown"
"7014852",371861,2025-07-03 06:40:22,43.36083984375,-8.84157180786133,"Unknown"
"7014852",371861,2025-07-03 06:45:22,43.360538482666,-8.84214687347412,"Unknown"
"7014852",371861,2025-07-03 06:50:25,43.3604354858398,-8.84138679504395,"Unknown"
"7014852",371861,2025-07-03 06:55:25,43.3605194091797,-8.84209537506104,"Unknown"
"7014852",371861,2025-07-03 07:00:44,43.3603591918945,-8.84141731262207,"Unknown"
"7014852",371861,2025-07-03 07:05:24,43.3605308532715,-8.84146308898926,"Unknown"
"7014852",371861,2025-07-03 07:10:19,43.3603515625,-8.84151840209961,"Unknown"
"7014852",371861,2025-07-03 07:15:19,43.3603363037109,-8.84142017364502,"Unknown"
"7014852",371861,2025-07-03 07:20:19,43.3606834411621,-8.8416166305542,"Unknown"
"7014852",371861,2025-07-03 07:25:22,43.3605880737305,-8.84151363372803,"Unknown"
"7014852",371861,2025-07-03 07:30:24,43.3605422973633,-8.84142971038818,"Unknown"
"7014852",371861,2025-07-03 07:35:20,43.3605003356934,-8.84160423278809,"Unknown"
"7014852",371861,2025-07-03 07:40:24,43.3604583740234,-8.84147357940674,"Unknown"
"7014852",371861,2025-07-03 07:45:45,43.3603973388672,-8.84134387969971,"Unknown"
"7014852",371861,2025-07-03 07:50:19,43.3605728149414,-8.84117984771729,"Unknown"
"7014852",371861,2025-07-03 07:55:19,43.360523223877,-8.84137916564941,"Unknown"
"7014852",371861,2025-07-03 08:00:19,43.3602561950684,-8.84123516082764,"Unknown"
"7014852",371861,2025-07-03 08:05:19,43.360424041748,-8.84140872955322,"Unknown"
"7014852",371861,2025-07-03 08:10:21,43.3602676391602,-8.84125995635986,"Unknown"
"7014852",371861,2025-07-03 08:15:29,43.3603286743164,-8.84158706665039,"Unknown"
"7014852",371861,2025-07-03 08:20:31,43.3602027893066,-8.8412971496582,"Unknown"
"7014852",371861,2025-07-03 08:25:31,43.3601303100586,-8.84135150909424,"Unknown"
"7014852",371861,2025-07-03 08:30:53,43.3603324890137,-8.8414134979248,"Unknown"
"7014852",371861,2025-07-03 08:35:18,43.3602828979492,-8.84141826629639,"Unknown"
"7014852",371861,2025-07-03 08:40:18,43.3603172302246,-8.84144306182861,"Unknown"
"7014852",371861,2025-07-03 08:45:18,43.3602981567383,-8.84147262573242,"Unknown"
"7014852",371861,2025-07-03 08:50:18,43.3602981567383,-8.84143829345703,"Unknown"
"7014852",371861,2025-07-03 08:55:18,43.3603439331055,-8.84144401550293,"Unknown"
"7014852",371861,2025-07-03 09:00:18,43.3602180480957,-8.84128379821777,"Unknown"
"7014852",371861,2025-07-03 09:05:19,43.3603820800781,-8.84143829345703,"Unknown"
"7014852",371861,2025-07-03 09:10:20,43.3606986999512,-8.84145927429199,"Unknown"
"7014852",371861,2025-07-03 09:15:19,43.3604507446289,-8.84160232543945,"Unknown"
"7014852",371861,2025-07-03 09:20:19,43.3603630065918,-8.84142398834229,"Unknown"
"7014852",371861,2025-07-03 09:25:18,43.360408782959,-8.84156131744385,"Unknown"
"7014852",371861,2025-07-03 09:30:19,43.3604698181152,-8.84161853790283,"Unknown"
"7014852",371861,2025-07-03 09:35:23,43.3604354858398,-8.84191036224365,"Unknown"
"7014852",371861,2025-07-03 09:40:22,43.3603935241699,-8.84142017364502,"Unknown"
"7014852",371861,2025-07-03 09:45:26,43.3603820800781,-8.84140014648438,"Unknown"
"7014852",371861,2025-07-03 09:50:22,43.3603591918945,-8.84052467346191,"Unknown"
"7014852",371861,2025-07-03 09:55:31,43.3604583740234,-8.8413782119751,"Unknown"
"7014852",371861,2025-07-03 10:00:25,43.3604965209961,-8.84163761138916,"Unknown"
"7014852",371861,2025-07-03 10:05:26,43.3604583740234,-8.84130191802979,"Unknown"
"7014852",371861,2025-07-03 10:10:29,43.3603363037109,-8.8414478302002,"Unknown"
"7014852",371861,2025-07-03 10:15:23,43.3603935241699,-8.84115791320801,"Unknown"
"7014852",371861,2025-07-03 10:20:23,43.3603782653809,-8.84119033813477,"Unknown"
"7014852",371861,2025-07-03 10:25:44,43.3604011535645,-8.8413724899292,"Unknown"
"7014852",371861,2025-07-03 10:30:21,43.3604888916016,-8.84139537811279,"Unknown"
"7014852",371861,2025-07-03 10:35:19,43.3604927062988,-8.84137630462646,"Unknown"
"7014852",371861,2025-07-03 10:40:22,43.3604621887207,-8.84121417999268,"Unknown"
"7014852",371861,2025-07-03 10:46:05,43.3603706359863,-8.84134864807129,"Unknown"
"7014852",371861,2025-07-03 10:50:18,43.3603363037109,-8.84136772155762,"Unknown"
"7014852",371861,2025-07-03 10:55:18,43.3603782653809,-8.84135818481445,"Unknown"
"7014852",371861,2025-07-03 11:00:18,43.3604278564453,-8.84132862091064,"Unknown"
"7014852",371861,2025-07-03 11:05:18,43.3604202270508,-8.84143733978271,"Unknown"
"7014852",371861,2025-07-03 11:10:20,43.3604011535645,-8.84132862091064,"Unknown"
"7014852",371861,2025-07-03 11:15:19,43.3604164123535,-8.84147453308105,"Unknown"
"7014852",371861,2025-07-03 11:20:19,43.3603591918945,-8.84135341644287,"Unknown"
"7014852",371861,2025-07-03 11:25:18,43.3602981567383,-8.84113693237305,"Unknown"
"7014852",371861,2025-07-03 11:30:19,43.3603172302246,-8.84117889404297,"Unknown"
"7014852",371861,2025-07-03 11:35:19,43.3602600097656,-8.84111404418945,"Unknown"
"7014852",371861,2025-07-03 11:40:19,43.3602638244629,-8.84097671508789,"Unknown"
"7014852",371861,2025-07-03 11:45:20,43.3604202270508,-8.84128570556641,"Unknown"
"7014852",371861,2025-07-03 11:50:20,43.3604469299316,-8.84139442443848,"Unknown"
"7014852",371861,2025-07-03 11:55:20,43.3603630065918,-8.84133720397949,"Unknown"
"7014852",371861,2025-07-03 12:00:21,43.3606872558594,-8.84153938293457,"Unknown"
"7014852",371861,2025-07-03 12:05:24,43.3604698181152,-8.84137439727783,"Unknown"
"7014852",371861,2025-07-03 12:10:23,43.3602333068848,-8.84139251708984,"Unknown"
"7014852",371861,2025-07-03 12:15:29,43.360107421875,-8.84142684936523,"Unknown"
"7014852",371861,2025-07-03 12:20:44,43.3601493835449,-8.84142398834229,"Unknown"
"7014852",371861,2025-07-03 12:25:22,43.3601303100586,-8.84133338928223,"Unknown"
"7014852",371861,2025-07-03 12:30:24,43.3600311279297,-8.8414421081543,"Unknown"
"7014852",371861,2025-07-03 12:35:23,43.360107421875,-8.84150218963623,"Unknown"
"7014852",371861,2025-07-03 12:40:22,43.360221862793,-8.84146308898926,"Unknown"
"7014852",371861,2025-07-03 12:45:31,43.3602142333984,-8.84136962890625,"Unknown"
"7014852",371861,2025-07-03 12:50:30,43.3602066040039,-8.84141063690186,"Unknown"
"7014852",371861,2025-07-03 12:55:26,43.3603477478027,-8.84133243560791,"Unknown"
"7014852",371861,2025-07-03 13:00:21,43.3603172302246,-8.84143257141113,"Unknown"
"7014852",371861,2025-07-03 13:05:22,43.3601760864258,-8.84149360656738,"Unknown"
"7014852",371861,2025-07-03 13:10:22,43.3603439331055,-8.84122753143311,"Unknown"
"7014852",371861,2025-07-03 13:15:42,43.3602714538574,-8.8412971496582,"Unknown"
"7014852",371861,2025-07-03 13:20:19,43.3602752685547,-8.84131526947021,"Unknown"
"7014852",371861,2025-07-03 13:25:19,43.3603134155273,-8.8414249420166,"Unknown"
"7014852",371861,2025-07-03 13:30:21,43.3601722717285,-8.84119415283203,"Unknown"
"7014852",371861,2025-07-03 13:35:22,43.3600997924805,-8.84110355377197,"Unknown"
"7014852",371861,2025-07-03 13:40:26,43.3603057861328,-8.84135055541992,"Unknown"
"7014852",371861,2025-07-03 13:45:44,43.3603248596191,-8.84138774871826,"Unknown"
"7014852",371861,2025-07-03 13:50:18,43.3603324890137,-8.84142589569092,"Unknown"
"7014852",371861,2025-07-03 13:55:18,43.3602905273438,-8.84139823913574,"Unknown"
"7014852",371861,2025-07-03 14:00:20,43.360424041748,-8.84155654907227,"Unknown"
"7014852",371861,2025-07-03 14:05:22,43.3602828979492,-8.84130573272705,"Unknown"
"7014852",371861,2025-07-03 14:10:23,43.3600463867188,-8.84105110168457,"Unknown"
"7014852",371861,2025-07-03 14:15:19,43.3603973388672,-8.84148216247559,"Unknown"
"7014852",371861,2025-07-03 14:20:21,43.3605499267578,-8.84159183502197,"Unknown"
"7014852",371861,2025-07-03 14:25:20,43.3606185913086,-8.84158706665039,"Unknown"
"7014852",371861,2025-07-03 14:30:45,43.3603248596191,-8.84131813049316,"Unknown"
"7014852",371861,2025-07-03 14:35:20,43.3603401184082,-8.84135723114014,"Unknown"
"7014852",371861,2025-07-03 14:40:31,43.3603439331055,-8.84133243560791,"Unknown"
"7014852",371861,2025-07-03 14:45:21,43.3603973388672,-8.84142684936523,"Unknown"
"7014852",371861,2025-07-03 14:50:24,43.3603477478027,-8.84135055541992,"Unknown"
"7014852",371861,2025-07-03 14:55:31,43.3602485656738,-8.84142398834229,"Unknown"
"7014852",371861,2025-07-03 15:00:18,43.3601608276367,-8.84121894836426,"Unknown"
"7014852",371861,2025-07-03 15:05:19,43.3603439331055,-8.84140396118164,"Unknown"
"7014852",371861,2025-07-03 15:10:23,43.3604545593262,-8.84169006347656,"Unknown"
"7014852",371861,2025-07-03 15:15:45,43.3603668212891,-8.84137344360352,"Unknown"
"7014852",371861,2025-07-03 15:20:21,43.3602409362793,-8.84125518798828,"Unknown"
"7014852",371861,2025-07-03 15:25:23,43.3603324890137,-8.84138298034668,"Unknown"
"7014852",371861,2025-07-03 15:30:22,43.3601455688477,-8.84101486206055,"Unknown"
"7014852",371861,2025-07-03 15:35:28,43.3602981567383,-8.84136390686035,"Unknown"
"7014852",371861,2025-07-03 15:40:28,43.3603172302246,-8.84127616882324,"Unknown"
"7014852",371861,2025-07-03 15:45:46,43.3603057861328,-8.84133625030518,"Unknown"
"7014852",371861,2025-07-03 15:50:22,43.3603248596191,-8.84127330780029,"Unknown"
"7014852",371861,2025-07-03 15:55:33,43.3603057861328,-8.84128761291504,"Unknown"
"7014852",371861,2025-07-03 16:00:25,43.360424041748,-8.84136390686035,"Unknown"
"7014852",371861,2025-07-03 16:05:23,43.3605194091797,-8.84144973754883,"Unknown"
"7014852",371861,2025-07-03 16:10:24,43.3603973388672,-8.84133052825928,"Unknown"
"7014852",371861,2025-07-03 16:15:26,43.3602523803711,-8.84127616882324,"Unknown"
"7014852",371861,2025-07-03 16:20:29,43.3602256774902,-8.84131145477295,"Unknown"
"7014852",371861,2025-07-03 16:25:33,43.3597373962402,-8.84067535400391,"Unknown"
"7014852",371861,2025-07-03 16:30:46,43.3602333068848,-8.84123420715332,"Unknown"
"7014852",371861,2025-07-03 16:35:31,43.3605728149414,-8.84161281585693,"Unknown"
"7014852",371861,2025-07-03 16:40:36,43.3609809875488,-8.84205532073975,"Unknown"
"7014852",371861,2025-07-03 16:45:44,43.3603134155273,-8.84136390686035,"Unknown"
"7014852",371861,2025-07-03 16:50:22,43.3602066040039,-8.84136009216309,"Unknown"
"7014852",371861,2025-07-03 16:55:22,43.3603324890137,-8.84139347076416,"Unknown"
"7014852",371861,2025-07-03 17:00:24,43.3603515625,-8.84130954742432,"Unknown"
"7014852",371861,2025-07-03 17:05:21,43.3604316711426,-8.84134769439697,"Unknown"
"7014852",371861,2025-07-03 17:10:25,43.3603439331055,-8.84135818481445,"Unknown"
"7014852",371861,2025-07-03 17:15:44,43.3602714538574,-8.84135627746582,"Unknown"
"7014852",371861,2025-07-03 17:20:25,43.3599624633789,-8.84106063842773,"Unknown"
"7014852",371861,2025-07-03 17:25:25,43.3602256774902,-8.84130764007568,"Unknown"
"7014852",371861,2025-07-03 17:30:23,43.3603096008301,-8.8411808013916,"Unknown"
"7014852",371861,2025-07-03 17:35:25,43.3602180480957,-8.84141063690186,"Unknown"
"7014852",371861,2025-07-03 17:40:24,43.3603019714355,-8.84126567840576,"Unknown"
"7014852",371861,2025-07-03 17:45:45,43.3603134155273,-8.84131336212158,"Unknown"
"7014852",371861,2025-07-03 17:50:25,43.3603591918945,-8.84131050109863,"Unknown"
"7014852",371861,2025-07-03 17:55:26,43.3604049682617,-8.84127616882324,"Unknown"
"7014852",371861,2025-07-03 18:00:25,43.3602561950684,-8.84132194519043,"Unknown"
"7014852",371861,2025-07-03 18:05:44,43.3603630065918,-8.84130573272705,"Unknown"
"7014852",371861,2025-07-03 18:10:26,43.3603057861328,-8.84132957458496,"Unknown"
"7014852",371861,2025-07-03 18:15:26,43.3602600097656,-8.84145164489746,"Unknown"
"7014852",371861,2025-07-03 18:20:25,43.3603439331055,-8.84128093719482,"Unknown"
"7014852",371861,2025-07-03 18:25:28,43.3603363037109,-8.84138298034668,"Unknown"
"7014852",371861,2025-07-03 18:30:25,43.3603591918945,-8.84116744995117,"Unknown"
"7014852",371861,2025-07-03 18:35:22,43.3603935241699,-8.84140110015869,"Unknown"
"7014852",371861,2025-07-03 18:40:34,43.3603630065918,-8.84129619598389,"Unknown"
"7014852",371861,2025-07-03 18:45:47,43.3603363037109,-8.84150218963623,"Unknown"
"7014852",371861,2025-07-03 18:50:33,43.3603591918945,-8.84149646759033,"Unknown"
"7014852",371861,2025-07-03 18:55:45,43.3603591918945,-8.84138107299805,"Unknown"
"7014852",371861,2025-07-03 19:00:25,43.3603172302246,-8.84143161773682,"Unknown"
"7014852",371861,2025-07-03 19:05:23,43.3603553771973,-8.84133529663086,"Unknown"
"7014852",371861,2025-07-03 19:10:22,43.3603935241699,-8.84144401550293,"Unknown"
"7014852",371861,2025-07-03 19:15:25,43.3604583740234,-8.84134960174561,"Unknown"
"7014852",371861,2025-07-03 19:20:30,43.360408782959,-8.84148120880127,"Unknown"
"7014852",371861,2025-07-03 19:25:25,43.3604202270508,-8.84149265289307,"Unknown"
"7014852",371861,2025-07-03 19:30:32,43.3600997924805,-8.84260082244873,"Unknown"
"7014852",371861,2025-07-03 19:35:32,43.3603630065918,-8.84157276153564,"Unknown"
"7014852",371861,2025-07-03 19:40:31,43.360481262207,-8.84149646759033,"Unknown"
"7014852",371861,2025-07-03 19:45:53,43.3604316711426,-8.84124088287354,"Unknown"
"7014852",371861,2025-07-03 19:50:20,43.3603553771973,-8.84138107299805,"Unknown"
"7014852",371861,2025-07-03 19:55:20,43.3604011535645,-8.84131145477295,"Unknown"
"7014852",371861,2025-07-03 20:00:21,43.3603668212891,-8.84139823913574,"Unknown"
"7014852",371861,2025-07-03 20:05:21,43.360408782959,-8.84134197235107,"Unknown"
"7014852",371861,2025-07-03 20:10:20,43.3602905273438,-8.84136962890625,"Unknown"
"7014852",371861,2025-07-03 20:15:20,43.360408782959,-8.84136772155762,"Unknown"
"7014852",371861,2025-07-03 20:20:21,43.3603439331055,-8.84135913848877,"Unknown"
"7014852",371861,2025-07-03 20:25:20,43.3604049682617,-8.84141063690186,"Unknown"
"7014852",371861,2025-07-03 20:30:22,43.3603401184082,-8.84139537811279,"Unknown"
"7014852",371861,2025-07-03 20:35:21,43.360294342041,-8.84125232696533,"Unknown"
"7014852",371861,2025-07-03 20:40:21,43.3603286743164,-8.84136199951172,"Unknown"
"7014852",371861,2025-07-03 20:45:20,43.3603096008301,-8.84137630462646,"Unknown"
"7014852",371861,2025-07-03 20:50:22,43.3603248596191,-8.84138870239258,"Unknown"
"7014852",371861,2025-07-03 20:55:42,43.3602867126465,-8.8413553237915,"Unknown"
"7014852",371861,2025-07-03 21:00:21,43.3603363037109,-8.84115505218506,"Unknown"
"7014852",371861,2025-07-03 21:05:40,43.3603439331055,-8.84146690368652,"Unknown"
"7014852",371861,2025-07-04 02:06:14,43.360424041748,-8.84127998352051,"Unknown"
"7014852",371861,2025-07-04 05:06:14,43.3603324890137,-8.84132862091064,"Unknown"
"7014852",371861,2025-07-04 05:10:54,43.3337593078613,-8.85130596160889,"Unknown"
"7014852",371861,2025-07-04 05:15:54,43.3144683837891,-8.85671901702881,"Unknown"
"7014852",371861,2025-07-04 05:20:55,43.3144950866699,-8.85674095153809,"Unknown"
"7014852",371861,2025-07-04 05:25:54,43.3151359558105,-8.85724639892578,"Unknown"
"7014852",371861,2025-07-04 05:30:57,43.3160514831543,-8.88044834136963,"Unknown"
"7014852",371861,2025-07-04 05:35:57,43.3154258728027,-8.87947940826416,"Unknown"
"7014852",371861,2025-07-04 05:40:55,43.3153762817383,-8.87960338592529,"Unknown"
"7014852",371861,2025-07-04 05:46:17,43.3154373168945,-8.879714012146,"Unknown"
"7014852",371861,2025-07-04 05:51:06,43.315357208252,-8.87950325012207,"Unknown"
"7014852",371861,2025-07-04 05:56:14,43.315315246582,-8.87953186035156,"Unknown"
"7014852",371861,2025-07-04 06:00:54,43.3154335021973,-8.8799934387207,"Unknown"
"7014852",371861,2025-07-04 06:06:06,43.3154449462891,-8.87950611114502,"Unknown"
"7014852",371861,2025-07-04 06:11:06,43.3154640197754,-8.8794469833374,"Unknown"
"7014852",371861,2025-07-04 06:16:30,43.3154525756836,-8.87948799133301,"Unknown"
"7014852",371861,2025-07-04 06:21:04,43.3137893676758,-8.87534999847412,"Unknown"
"7014852",371861,2025-07-04 06:26:06,43.3213005065918,-8.86417293548584,"Unknown"
"7014852",371861,2025-07-04 06:30:56,43.3261032104492,-8.84852027893066,"Unknown"
"7014852",371861,2025-07-04 06:36:06,43.3449478149414,-8.83992195129395,"Unknown"
"7014852",371861,2025-07-04 06:41:06,43.3599281311035,-8.84827518463135,"Unknown"
"7014852",371861,2025-07-04 06:46:29,43.3603897094727,-8.84140110015869,"Unknown"
"7014852",371861,2025-07-04 06:50:53,43.3603515625,-8.84136772155762,"Unknown"
"7014852",371861,2025-07-04 06:55:53,43.3603630065918,-8.84136390686035,"Unknown"
"7014852",371861,2025-07-04 07:00:53,43.3603897094727,-8.84143161773682,"Unknown"
"7014852",371861,2025-07-04 07:05:53,43.3603439331055,-8.84141159057617,"Unknown"
"7014852",371861,2025-07-04 07:10:53,43.3603401184082,-8.84137439727783,"Unknown"
"7014852",371861,2025-07-04 07:15:53,43.3603515625,-8.8414249420166,"Unknown"
"7014852",371861,2025-07-04 07:20:53,43.3603820800781,-8.841383934021,"Unknown"
"7014852",371861,2025-07-04 07:25:53,43.3603973388672,-8.84139442443848,"Unknown"
"7014852",371861,2025-07-04 07:30:53,43.3603363037109,-8.84139919281006,"Unknown"
"7014852",371861,2025-07-04 07:35:53,43.3603363037109,-8.84142971038818,"Unknown"
"7014852",371861,2025-07-04 07:40:53,43.3603820800781,-8.84137535095215,"Unknown"
"7014852",371861,2025-07-04 07:45:53,43.3603439331055,-8.84142017364502,"Unknown"
"7014852",371861,2025-07-04 07:50:53,43.3603019714355,-8.84138584136963,"Unknown"
"7014852",371861,2025-07-04 07:55:53,43.3603248596191,-8.84147167205811,"Unknown"
"7014852",371861,2025-07-04 08:00:53,43.3603782653809,-8.84147548675537,"Unknown"
"7014852",371861,2025-07-04 08:05:53,43.3603210449219,-8.84138011932373,"Unknown"
"7014852",371861,2025-07-04 08:10:54,43.3603515625,-8.84133720397949,"Unknown"
"7014852",371861,2025-07-04 08:15:55,43.3602752685547,-8.84116554260254,"Unknown"
"7014852",371861,2025-07-04 08:20:56,43.3603897094727,-8.84130573272705,"Unknown"
"7014852",371861,2025-07-04 08:25:57,43.3601112365723,-8.84128189086914,"Unknown"
"7014852",371861,2025-07-04 08:30:57,43.3603897094727,-8.84139537811279,"Unknown"
"7014852",371861,2025-07-04 08:35:58,43.360652923584,-8.84159278869629,"Unknown"
"7014852",371861,2025-07-04 08:40:57,43.3598022460938,-8.84064769744873,"Unknown"
"7014852",371861,2025-07-04 08:45:57,43.3602600097656,-8.84112644195557,"Unknown"
"7014852",371861,2025-07-04 08:50:58,43.3598327636719,-8.84046077728271,"Unknown"
"7014852",371861,2025-07-04 08:55:56,43.3599052429199,-8.8407154083252,"Unknown"
"7014852",371861,2025-07-04 09:00:58,43.360279083252,-8.84122753143311,"Unknown"
"7014852",371861,2025-07-04 09:06:01,43.3603248596191,-8.84146118164062,"Unknown"
"7014852",371861,2025-07-04 09:10:55,43.3603782653809,-8.84144592285156,"Unknown"
"7014852",371861,2025-07-04 09:16:00,43.3603477478027,-8.84149360656738,"Unknown"
"7014852",371861,2025-07-04 09:20:56,43.3598327636719,-8.84058856964111,"Unknown"
"7014852",371861,2025-07-04 09:25:56,43.3493919372559,-8.84917259216309,"Unknown"
"7014852",371861,2025-07-04 09:30:57,43.3293724060059,-8.85206985473633,"Unknown"
"7014852",371861,2025-07-04 09:36:06,43.3301200866699,-8.852952003479,"Unknown"
"7014852",371861,2025-07-04 09:42:18,43.3192176818848,-8.855299949646,"Unknown"
"7014852",371861,2025-07-04 09:46:14,43.3144493103027,-8.85706520080566,"Unknown"
"7014852",371861,2025-07-04 09:50:54,43.3144493103027,-8.85716533660889,"Unknown"
"7014852",371861,2025-07-04 09:55:57,43.314567565918,-8.85715675354004,"Unknown"
"7014852",371861,2025-07-04 10:00:54,43.3197212219238,-8.85457992553711,"Unknown"
"7014852",371861,2025-07-04 10:05:54,43.3378257751465,-8.84524440765381,"Unknown"
"7014852",371861,2025-07-04 10:10:54,43.3519515991211,-8.84067249298096,"Unknown"
"7014852",371861,2025-07-04 10:16:12,43.3603324890137,-8.84158515930176,"Unknown"
"7014852",371861,2025-07-04 10:20:57,43.3603820800781,-8.84137058258057,"Unknown"
"7014852",371861,2025-07-04 10:25:56,43.3603744506836,-8.84152507781982,"Unknown"
"7014852",371861,2025-07-04 10:31:29,43.360424041748,-8.84131240844727,"Unknown"
"7014852",371861,2025-07-04 10:35:54,43.3603782653809,-8.84131145477295,"Unknown"
"7014852",371861,2025-07-04 10:40:57,43.3603820800781,-8.84135150909424,"Unknown"
"7014852",371861,2025-07-04 10:45:54,43.3603591918945,-8.8414831161499,"Unknown"
"7014852",371861,2025-07-04 10:50:57,43.3604278564453,-8.84129619598389,"Unknown"
"7014852",371861,2025-07-04 10:55:54,43.3604316711426,-8.8412389755249,"Unknown"
"7014852",371861,2025-07-04 11:00:56,43.3604354858398,-8.8411922454834,"Unknown"
"7014852",371861,2025-07-04 11:05:56,43.3604850769043,-8.84100341796875,"Unknown"
"7014852",371861,2025-07-04 11:10:56,43.3604354858398,-8.84124946594238,"Unknown"
"7014852",371861,2025-07-04 11:15:55,43.3604354858398,-8.84132957458496,"Unknown"
"7014852",371861,2025-07-04 11:20:55,43.3603057861328,-8.8415002822876,"Unknown"
"7014852",371861,2025-07-04 11:25:55,43.3604621887207,-8.84122276306152,"Unknown"
"7014852",371861,2025-07-04 11:30:54,43.3603820800781,-8.84162425994873,"Unknown"
"7014852",371861,2025-07-04 11:35:54,43.3604583740234,-8.84124088287354,"Unknown"
"7014852",371861,2025-07-04 11:40:55,43.3604164123535,-8.84140205383301,"Unknown"
"7014852",371861,2025-07-04 11:45:55,43.3604278564453,-8.84166717529297,"Unknown"
"7014852",371861,2025-07-04 11:50:56,43.3606262207031,-8.84113502502441,"Unknown"
"7014852",371861,2025-07-04 11:56:03,43.3603324890137,-8.84138107299805,"Unknown"
"7014852",371861,2025-07-04 12:01:29,43.3603668212891,-8.84134292602539,"Unknown"
"7014852",371861,2025-07-04 12:05:53,43.3603706359863,-8.84135818481445,"Unknown"
"7014852",371861,2025-07-04 12:10:53,43.3603706359863,-8.84131908416748,"Unknown"
"7014852",371861,2025-07-04 12:15:54,43.3603706359863,-8.84133720397949,"Unknown"
"7014852",371861,2025-07-04 12:20:54,43.3604011535645,-8.84136581420898,"Unknown"
"7014852",371861,2025-07-04 12:25:54,43.3603706359863,-8.84133815765381,"Unknown"
"7014852",371861,2025-07-04 12:30:54,43.3603897094727,-8.84138774871826,"Unknown"
"7014852",371861,2025-07-04 12:35:54,43.3339385986328,-8.85522937774658,"Unknown"
"7014852",371861,2025-07-04 12:40:53,43.3156433105469,-8.8811149597168,"Unknown"
"7014852",371861,2025-07-04 12:45:53,43.3238182067871,-8.93123435974121,"Unknown"
"7014852",371861,2025-07-04 12:50:53,43.2913131713867,-8.95134544372559,"Unknown"
"7014852",371861,2025-07-04 12:55:53,43.2832221984863,-8.9638090133667,"Unknown"
"7014852",371861,2025-07-04 13:00:53,43.2530517578125,-8.96699047088623,"Unknown"
"7014852",371861,2025-07-04 13:05:53,43.2405319213867,-8.99234676361084,"Unknown"
"7014852",371861,2025-07-04 13:10:53,43.2137489318848,-9.00983047485352,"Unknown"
"7014852",371861,2025-07-04 13:15:55,43.1912879943848,-9.05862617492676,"Unknown"
"7014852",371861,2025-07-04 13:20:53,43.1870498657227,-9.09720611572266,"Unknown"
"7014852",371861,2025-07-04 13:25:53,43.1873626708984,-9.1006326675415,"Unknown"
"7014852",371861,2025-07-04 13:30:56,43.187141418457,-9.10054302215576,"Unknown"
"7014852",371861,2025-07-04 13:36:00,43.1874465942383,-9.10047054290771,"Unknown"
"7014852",371861,2025-07-04 13:40:55,43.1873550415039,-9.09972858428955,"Unknown"
"7014852",371861,2025-07-04 13:45:53,43.1874313354492,-9.09978008270264,"Unknown"
"7014852",371861,2025-07-04 13:50:54,43.1874771118164,-9.09976482391357,"Unknown"
"7014852",371861,2025-07-04 13:55:53,43.187385559082,-9.09963512420654,"Unknown"
"7014852",371861,2025-07-04 14:00:53,43.1875114440918,-9.0998363494873,"Unknown"
"7014852",371861,2025-07-04 14:05:55,43.1875228881836,-9.09964561462402,"Unknown"
"7014852",371861,2025-07-04 14:10:55,43.1931991577148,-9.11491298675537,"Unknown"
"7014852",371861,2025-07-04 14:16:04,43.1931114196777,-9.13453197479248,"Unknown"
"7014852",371861,2025-07-04 14:20:59,43.1932563781738,-9.13464069366455,"Unknown"
"7014852",371861,2025-07-04 14:26:12,43.1931381225586,-9.13459587097168,"Unknown"
"7014852",371861,2025-07-04 14:31:23,43.1932716369629,-9.13468360900879,"Unknown"
"7014852",371861,2025-07-04 14:37:05,43.1926422119141,-9.13439273834229,"Unknown"
"7014852",371861,2025-07-04 14:40:53,43.1926498413086,-9.13430786132812,"Unknown"
"7014852",371861,2025-07-04 14:45:54,43.1925926208496,-9.1343412399292,"Unknown"
"7014852",371861,2025-07-04 14:50:53,43.1930122375488,-9.13503932952881,"Unknown"
"7014852",371861,2025-07-04 14:55:54,43.1929931640625,-9.13484287261963,"Unknown"
"7014852",371861,2025-07-04 15:00:53,43.1930084228516,-9.13492488861084,"Unknown"
"7014852",371861,2025-07-04 15:05:53,43.1929740905762,-9.13495254516602,"Unknown"
"7014852",371861,2025-07-04 15:10:54,43.193042755127,-9.13483428955078,"Unknown"
"7014852",371861,2025-07-04 15:15:53,43.1869583129883,-9.11215877532959,"Unknown"
"7014852",371861,2025-07-04 15:20:53,43.1802024841309,-9.08118724822998,"Unknown"
"7014852",371861,2025-07-04 15:25:53,43.1840209960938,-9.05600452423096,"Unknown"
"7014852",371861,2025-07-04 15:30:54,43.1955490112305,-9.0387134552002,"Unknown"
"7014852",371861,2025-07-04 15:35:53,43.2141571044922,-9.02760696411133,"Unknown"
"7014852",371861,2025-07-04 15:40:54,43.221565246582,-9.00641822814941,"Unknown"
"7014852",371861,2025-07-04 15:45:54,43.2282981872559,-8.98873233795166,"Unknown"
"7014852",371861,2025-07-04 15:50:54,43.2259254455566,-8.96879196166992,"Unknown"
"7014852",371861,2025-07-04 15:55:55,43.2402114868164,-8.95497703552246,"Unknown"
"7014852",371861,2025-07-04 16:01:01,43.2531585693359,-8.95347023010254,"Unknown"
"7014852",371861,2025-07-04 16:05:57,43.2616233825684,-8.95261192321777,"Unknown"
"7014852",371861,2025-07-04 16:10:55,43.2745590209961,-8.95828914642334,"Unknown"
"7014852",371861,2025-07-04 16:16:14,43.2905960083008,-8.94791507720947,"Unknown"
"7014852",371861,2025-07-04 16:20:53,43.2918090820312,-8.92509460449219,"Unknown"
"7014852",371861,2025-07-04 16:25:53,43.3056945800781,-8.90913105010986,"Unknown"
"7014852",371861,2025-07-04 16:30:54,43.3204193115234,-8.90106773376465,"Unknown"
"7014852",371861,2025-07-04 16:35:54,43.3185844421387,-8.8776159286499,"Unknown"
"7014852",371861,2025-07-04 16:40:54,43.3186721801758,-8.85443210601807,"Unknown"
"7014852",371861,2025-07-04 16:46:29,43.3369827270508,-8.84651374816895,"Unknown"
"7014852",371861,2025-07-04 16:50:54,43.3449630737305,-8.83614349365234,"Unknown"
"7014852",371861,2025-07-04 16:55:54,43.3613357543945,-8.83567714691162,"Unknown"
"7014852",371861,2025-07-04 17:00:55,43.3604354858398,-8.8414363861084,"Unknown"
"7014852",371861,2025-07-04 17:05:53,43.3605079650879,-8.84153079986572,"Unknown"
"7014852",371861,2025-07-04 17:10:53,43.3605041503906,-8.84152984619141,"Unknown"
"7014852",371861,2025-07-04 17:15:53,43.3604431152344,-8.84158039093018,"Unknown"
"7014852",371861,2025-07-04 17:20:56,43.3605079650879,-8.84152030944824,"Unknown"
"7014852",371861,2025-07-04 17:25:54,43.360538482666,-8.84158229827881,"Unknown"
"7014852",371861,2025-07-04 17:31:14,43.3604736328125,-8.84141635894775,"Unknown"
"7014852",371861,2025-07-04 17:35:56,43.3604431152344,-8.84148406982422,"Unknown"
"7014852",371861,2025-07-04 17:40:54,43.3603973388672,-8.84138298034668,"Unknown"
"7014852",371861,2025-07-04 17:45:54,43.360408782959,-8.84137916564941,"Unknown"
"7014852",371861,2025-07-04 17:50:55,43.3604278564453,-8.8413028717041,"Unknown"
"7014852",371861,2025-07-04 17:55:54,43.3604164123535,-8.84137916564941,"Unknown"
"7014852",371861,2025-07-04 18:00:55,43.3604011535645,-8.84148406982422,"Unknown"
"7014852",371861,2025-07-04 18:05:55,43.3604621887207,-8.84141445159912,"Unknown"
"7014852",371861,2025-07-04 18:10:54,43.3605003356934,-8.84151935577393,"Unknown"
"7014852",371861,2025-07-04 18:16:14,43.3603668212891,-8.84121704101562,"Unknown"
"7014852",371861,2025-07-04 18:21:14,43.3604278564453,-8.84117984771729,"Unknown"
"7014852",371861,2025-07-04 18:25:54,43.3604164123535,-8.84117031097412,"Unknown"
"7014852",371861,2025-07-04 18:30:55,43.3603858947754,-8.84103965759277,"Unknown"
"7014852",371861,2025-07-04 18:35:57,43.3605003356934,-8.84097480773926,"Unknown"
"7014852",371861,2025-07-04 18:40:57,43.3603782653809,-8.84114551544189,"Unknown"
"7014852",371861,2025-07-04 18:46:14,43.3603858947754,-8.84133720397949,"Unknown"
"7014852",371861,2025-07-04 18:50:54,43.3603820800781,-8.84135818481445,"Unknown"
"7014852",371861,2025-07-04 18:55:55,43.3603820800781,-8.84135723114014,"Unknown"
"7014852",371861,2025-07-04 19:00:57,43.3604469299316,-8.84117889404297,"Unknown"
"7014852",371861,2025-07-04 19:05:58,43.360523223877,-8.84125804901123,"Unknown"
"7014852",371861,2025-07-04 19:10:58,43.360954284668,-8.84106159210205,"Unknown"
"7014852",371861,2025-07-04 19:16:22,43.3602256774902,-8.84142017364502,"Unknown"
"7014852",371861,2025-07-04 19:21:12,43.3603401184082,-8.84133815765381,"Unknown"
"7014852",371861,2025-07-04 19:25:59,43.3606567382812,-8.84122562408447,"Unknown"
"7014852",371861,2025-07-04 19:31:14,43.3603553771973,-8.84120941162109,"Unknown"
"7014852",371861,2025-07-04 19:35:59,43.3603858947754,-8.84134483337402,"Unknown"
"7014852",371861,2025-07-04 19:40:55,43.3604774475098,-8.84121322631836,"Unknown"
"7014852",371861,2025-07-04 19:46:05,43.3603172302246,-8.8412971496582,"Unknown"
"7014852",371861,2025-07-04 19:50:58,43.360107421875,-8.84171295166016,"Unknown"
"7014852",371861,2025-07-04 19:55:58,43.3605079650879,-8.84072399139404,"Unknown"
"7014852",371861,2025-07-04 20:01:06,43.3603096008301,-8.84125995635986,"Unknown"
"7014852",371861,2025-07-04 20:06:03,43.3604698181152,-8.84111499786377,"Unknown"
"7014852",371861,2025-07-04 20:11:03,43.3602867126465,-8.84146118164062,"Unknown"
"7014852",371861,2025-07-04 20:16:17,43.3602867126465,-8.84130764007568,"Unknown"
"7014852",371861,2025-07-04 20:21:07,43.3602333068848,-8.84130096435547,"Unknown"
"7014852",371861,2025-07-04 20:26:06,43.3603515625,-8.8409595489502,"Unknown"
"7014852",371861,2025-07-04 20:31:03,43.3601837158203,-8.8416109085083,"Unknown"
"7014852",371861,2025-07-04 20:36:06,43.360466003418,-8.84115982055664,"Unknown"
"7014852",371861,2025-07-04 20:41:26,43.3602867126465,-8.8414192199707,"Unknown"
"7014852",371861,2025-07-04 20:45:55,43.3604164123535,-8.84142398834229,"Unknown"
"7014852",371861,2025-07-04 20:50:55,43.3604049682617,-8.84140777587891,"Unknown"
"7014852",371861,2025-07-04 20:55:55,43.3604278564453,-8.84138202667236,"Unknown"
"7014852",371861,2025-07-04 21:00:55,43.3604278564453,-8.84136199951172,"Unknown"
"7014852",371861,2025-07-04 21:05:22,43.3603401184082,-8.84131240844727,"Unknown"
"7014852",371861,2025-07-05 02:05:54,43.3603401184082,-8.8413143157959,"Unknown"
"7014852",371861,2025-07-05 05:07:05,43.3603668212891,-8.84142780303955,"Unknown"
"7014852",371861,2025-07-05 05:11:31,43.360237121582,-8.84115219116211,"Unknown"
"7014852",371861,2025-07-05 05:16:29,43.3602676391602,-8.84132385253906,"Unknown"
"7014852",371861,2025-07-05 05:21:29,43.3602828979492,-8.84135341644287,"Unknown"
"7014852",371861,2025-07-05 05:26:34,43.3604965209961,-8.84152126312256,"Unknown"
"7014852",371861,2025-07-05 05:31:29,43.3605079650879,-8.84157562255859,"Unknown"
"7014852",371861,2025-07-05 05:36:33,43.3604927062988,-8.84159851074219,"Unknown"
"7014852",371861,2025-07-05 05:42:05,43.3604698181152,-8.84140777587891,"Unknown"
"7014852",371861,2025-07-05 05:46:29,43.3605041503906,-8.84138107299805,"Unknown"
"7014852",371861,2025-07-05 05:51:29,43.3604278564453,-8.84133338928223,"Unknown"
"7014852",371861,2025-07-05 05:56:29,43.3607635498047,-8.84141063690186,"Unknown"
"7014852",371861,2025-07-05 06:01:30,43.3606452941895,-8.84144592285156,"Unknown"
"7014852",371861,2025-07-05 06:06:31,43.360652923584,-8.84141159057617,"Unknown"
"7014852",371861,2025-07-05 06:11:31,43.3605651855469,-8.84141159057617,"Unknown"
"7014852",371861,2025-07-05 06:16:29,43.360408782959,-8.84136581420898,"Unknown"
"7014852",371861,2025-07-05 06:21:30,43.3604354858398,-8.84136390686035,"Unknown"
"7014852",371861,2025-07-05 06:26:30,43.3602981567383,-8.84135150909424,"Unknown"
"7014852",371861,2025-07-05 06:31:32,43.3603706359863,-8.84141063690186,"Unknown"
"7014852",371861,2025-07-05 06:36:31,43.3603172302246,-8.84138870239258,"Unknown"
"7014852",371861,2025-07-05 06:41:36,43.3604278564453,-8.84129047393799,"Unknown"
"7014852",371861,2025-07-05 06:46:29,43.3603782653809,-8.84131336212158,"Unknown"
"7014852",371861,2025-07-05 06:51:32,43.3603782653809,-8.84133911132812,"Unknown"
"7014852",371861,2025-07-05 06:56:30,43.360424041748,-8.84121036529541,"Unknown"
"7014852",371861,2025-07-05 07:01:30,43.360424041748,-8.8412446975708,"Unknown"
"7014852",371861,2025-07-05 07:06:33,43.3616905212402,-8.84031581878662,"Unknown"
"7014852",371861,2025-07-05 07:11:30,43.3609924316406,-8.82231521606445,"Unknown"
"7014852",371861,2025-07-05 07:16:33,43.3591842651367,-8.81849193572998,"Unknown"
"7014852",371861,2025-07-05 07:22:14,43.3607177734375,-8.83325290679932,"Unknown"
"7014852",371861,2025-07-05 07:26:34,43.3603782653809,-8.84139156341553,"Unknown"
"7014852",371861,2025-07-05 07:31:31,43.3604354858398,-8.84165382385254,"Unknown"
"7014852",371861,2025-07-05 07:36:39,43.3602066040039,-8.84068775177002,"Unknown"
"7014852",371861,2025-07-05 07:41:32,43.3603286743164,-8.84077835083008,"Unknown"
"7014852",371861,2025-07-05 07:46:44,43.3602600097656,-8.84110736846924,"Unknown"
"7014852",371861,2025-07-05 07:51:31,43.3601875305176,-8.84141731262207,"Unknown"
"7014852",371861,2025-07-05 07:57:05,43.3603515625,-8.84142398834229,"Unknown"
"7014852",371861,2025-07-05 08:01:29,43.3602714538574,-8.84143924713135,"Unknown"
"7014852",371861,2025-07-05 08:06:29,43.3603210449219,-8.84140205383301,"Unknown"
"7014852",371861,2025-07-05 08:11:29,43.3602828979492,-8.84140014648438,"Unknown"
"7014852",371861,2025-07-05 08:16:29,43.3603096008301,-8.84134292602539,"Unknown"
"7014852",371861,2025-07-05 08:21:30,43.3603286743164,-8.84145069122314,"Unknown"
"7014852",371861,2025-07-05 08:26:30,43.360237121582,-8.8413143157959,"Unknown"
"7014852",371861,2025-07-05 08:31:31,43.3603134155273,-8.8413724899292,"Unknown"
"7014852",371861,2025-07-05 08:36:30,43.3602752685547,-8.8413200378418,"Unknown"
"7014852",371861,2025-07-05 08:41:30,43.3603630065918,-8.84159278869629,"Unknown"
"7014852",371861,2025-07-05 08:46:34,43.3604278564453,-8.84141731262207,"Unknown"
"7014852",371861,2025-07-05 08:52:35,43.361743927002,-8.84760189056396,"Unknown"
"7014852",371861,2025-07-05 08:56:33,43.360034942627,-8.84108638763428,"Unknown"
"7014852",371861,2025-07-05 09:01:34,43.3604545593262,-8.84151172637939,"Unknown"
"7014852",371861,2025-07-05 09:06:30,43.3605308532715,-8.84159088134766,"Unknown"
"7014852",371861,2025-07-05 09:11:36,43.3603973388672,-8.84140777587891,"Unknown"
"7014852",371861,2025-07-05 09:16:32,43.3603630065918,-8.84142303466797,"Unknown"
"7014852",371861,2025-07-05 09:21:52,43.3604965209961,-8.84141540527344,"Unknown"
"7014852",371861,2025-07-05 09:26:30,43.3603439331055,-8.8414945602417,"Unknown"
"7014852",371861,2025-07-05 09:31:44,43.3603820800781,-8.8415699005127,"Unknown"
"7014852",371861,2025-07-05 09:36:31,43.3610572814941,-8.8339900970459,"Unknown"
"7014852",371861,2025-07-05 09:41:31,43.3618011474609,-8.82709503173828,"Unknown"
"7014852",371861,2025-07-05 09:46:31,43.3620719909668,-8.82784271240234,"Unknown"
"7014852",371861,2025-07-05 09:51:42,43.3605880737305,-8.84096527099609,"Unknown"
"7014852",371861,2025-07-05 09:56:33,43.3605842590332,-8.84106922149658,"Unknown"
"7014852",371861,2025-07-05 10:01:32,43.3605003356934,-8.84096527099609,"Unknown"
"7014852",371861,2025-07-05 10:06:39,43.3601989746094,-8.84160709381104,"Unknown"
"7014852",371861,2025-07-05 10:11:29,43.360538482666,-8.8411111831665,"Unknown"
"7014852",371861,2025-07-05 10:16:47,43.3602180480957,-8.84172248840332,"Unknown"
"7014852",371861,2025-07-05 10:21:40,43.3602256774902,-8.84156894683838,"Unknown"
"7014852",371861,2025-07-05 10:26:41,43.3602256774902,-8.8415699005127,"Unknown"
"7014852",371861,2025-07-05 10:31:40,43.3603096008301,-8.84157752990723,"Unknown"
"7014852",371861,2025-07-05 10:36:29,43.3603706359863,-8.84149646759033,"Unknown"
"7014852",371861,2025-07-05 10:41:29,43.3603363037109,-8.84144496917725,"Unknown"
"7014852",371861,2025-07-05 10:46:29,43.3604049682617,-8.84146022796631,"Unknown"
"7014852",371861,2025-07-05 10:51:32,43.3603668212891,-8.84140300750732,"Unknown"
"7014852",371861,2025-07-05 10:56:29,43.3609924316406,-8.82433319091797,"Unknown"
"7014852",371861,2025-07-05 11:01:30,43.3632392883301,-8.82197570800781,"Unknown"
"7014852",371861,2025-07-05 11:06:30,43.3638763427734,-8.84572792053223,"Unknown"
"7014852",371861,2025-07-05 11:11:30,43.3763122558594,-8.86274242401123,"Unknown"
"7014852",371861,2025-07-05 11:21:45,43.3604621887207,-8.84145832061768,"Unknown"
"7014852",371861,2025-07-05 11:26:30,43.3605041503906,-8.84167098999023,"Unknown"
"7014852",371861,2025-07-05 11:31:36,43.3606376647949,-8.84161472320557,"Unknown"
"7014852",371861,2025-07-05 11:36:33,43.360466003418,-8.84154224395752,"Unknown"
"7014852",371861,2025-07-05 11:41:40,43.3607749938965,-8.8417272567749,"Unknown"
"7014852",371861,2025-07-05 11:47:05,43.3604469299316,-8.84139823913574,"Unknown"
"7014852",371861,2025-07-05 11:51:30,43.3608474731445,-8.84137344360352,"Unknown"
"7014852",371861,2025-07-05 11:56:30,43.3611831665039,-8.84139060974121,"Unknown"
"7014852",371861,2025-07-05 12:01:34,43.3605194091797,-8.84125423431396,"Unknown"
"7014852",371861,2025-07-05 12:06:33,43.3605041503906,-8.84126281738281,"Unknown"
"7014852",371861,2025-07-05 12:11:30,43.3605422973633,-8.8413143157959,"Unknown"
"7014852",371861,2025-07-05 12:16:30,43.3601608276367,-8.84121227264404,"Unknown"
"7014852",371861,2025-07-05 12:21:42,43.3603477478027,-8.8413782119751,"Unknown"
"7014852",371861,2025-07-05 12:26:34,43.3604469299316,-8.84139060974121,"Unknown"
"7014852",371861,2025-07-05 12:31:45,43.3603706359863,-8.84137058258057,"Unknown"
"7014852",371861,2025-07-05 12:36:29,43.3603820800781,-8.841383934021,"Unknown"
"7014852",371861,2025-07-05 12:41:40,43.3602104187012,-8.84133911132812,"Unknown"
"7014852",371861,2025-07-05 12:46:35,43.360538482666,-8.84139251708984,"Unknown"
"7014852",371861,2025-07-05 12:51:31,43.3602447509766,-8.84133720397949,"Unknown"
"7014852",371861,2025-07-05 12:56:32,43.360179901123,-8.84132194519043,"Unknown"
"7014852",371861,2025-07-05 13:01:35,43.3601760864258,-8.8413143157959,"Unknown"
"7014852",371861,2025-07-05 13:06:30,43.3695983886719,-8.85338115692139,"Unknown"
"7014852",371861,2025-07-05 13:11:29,43.3747253417969,-8.86645889282227,"Unknown"
"7014852",371861,2025-07-05 13:16:33,43.3732070922852,-8.86728000640869,"Unknown"
"7014852",371861,2025-07-05 13:22:19,43.3606452941895,-8.84404850006104,"Unknown"
"7014852",371861,2025-07-05 13:26:30,43.3604049682617,-8.84148597717285,"Unknown"
"7014852",371861,2025-07-05 13:31:29,43.360481262207,-8.84147644042969,"Unknown"
"7014852",371861,2025-07-05 13:36:31,43.3602981567383,-8.84132671356201,"Unknown"
"7014852",371861,2025-07-05 13:41:29,43.3602752685547,-8.84126472473145,"Unknown"
"7014852",371861,2025-07-05 13:46:29,43.3604393005371,-8.8414945602417,"Unknown"
"7014852",371861,2025-07-05 13:51:29,43.3603286743164,-8.8414945602417,"Unknown"
"7014852",371861,2025-07-05 13:57:04,43.3604049682617,-8.84134674072266,"Unknown"
"7014852",371861,2025-07-05 14:01:32,43.3603286743164,-8.84125518798828,"Unknown"
"7014852",371861,2025-07-05 14:06:29,43.3603477478027,-8.8413782119751,"Unknown"
"7014852",371861,2025-07-05 14:11:33,43.360424041748,-8.84144496917725,"Unknown"
"7014852",371861,2025-07-05 14:16:29,43.3212738037109,-8.85862922668457,"Unknown"
"7014852",371861,2025-07-05 14:21:39,43.3140983581543,-8.85690975189209,"Unknown"
"7014852",371861,2025-07-05 14:26:34,43.3141937255859,-8.85695743560791,"Unknown"
"7014852",371861,2025-07-05 14:31:31,43.3141822814941,-8.85690307617188,"Unknown"
"7014852",371861,2025-07-05 14:36:30,43.3187065124512,-8.85356712341309,"Unknown"
"7014852",371861,2025-07-05 14:41:58,43.3368873596191,-8.8452205657959,"Unknown"
"7014852",371861,2025-07-05 14:46:41,43.3491439819336,-8.83644485473633,"Unknown"
"7014852",371861,2025-07-05 14:51:37,43.3604278564453,-8.84141826629639,"Unknown"
"7014852",371861,2025-07-05 14:56:31,43.3604278564453,-8.84152507781982,"Unknown"
"7014852",371861,2025-07-05 15:01:39,43.3603973388672,-8.84138488769531,"Unknown"
"7014852",371861,2025-07-05 15:06:32,43.360523223877,-8.84146690368652,"Unknown"
"7014852",371861,2025-07-05 15:11:39,43.3603706359863,-8.84131813049316,"Unknown"
"7014852",371861,2025-07-05 15:16:33,43.3605651855469,-8.84134387969971,"Unknown"
"7014852",371861,2025-07-05 15:21:40,43.3605117797852,-8.84147930145264,"Unknown"
"7014852",371861,2025-07-05 15:26:39,43.3604125976562,-8.8413724899292,"Unknown"
"7014852",371861,2025-07-05 15:31:37,43.3604621887207,-8.84144115447998,"Unknown"
"7014852",371861,2025-07-05 15:36:44,43.360424041748,-8.84134197235107,"Unknown"
"7014852",371861,2025-07-05 15:41:29,43.3604698181152,-8.84138107299805,"Unknown"
"7014852",371861,2025-07-05 15:46:30,43.3604431152344,-8.84132671356201,"Unknown"
"7014852",371861,2025-07-05 15:51:31,43.3604049682617,-8.84130954742432,"Unknown"
"7014852",371861,2025-07-05 15:56:33,43.3605613708496,-8.84149646759033,"Unknown"
"7014852",371861,2025-07-05 16:01:32,43.3605346679688,-8.8414134979248,"Unknown"
"7014852",371861,2025-07-05 16:06:34,43.3603286743164,-8.84150695800781,"Unknown"
"7014852",371861,2025-07-05 16:11:38,43.3603591918945,-8.84142971038818,"Unknown"
"7014852",371861,2025-07-05 16:16:37,43.3604049682617,-8.84151077270508,"Unknown"
"7014852",371861,2025-07-05 16:21:37,43.3604393005371,-8.84149646759033,"Unknown"
"7014852",371861,2025-07-05 16:26:43,43.3604011535645,-8.84152698516846,"Unknown"
"7014852",371861,2025-07-05 16:31:31,43.3610191345215,-8.84265422821045,"Unknown"
"7014852",371861,2025-07-05 16:36:32,43.3703994750977,-8.87400722503662,"Unknown"
"7014852",371861,2025-07-05 16:42:05,43.3739318847656,-8.89029026031494,"Unknown"
"7014852",371861,2025-07-05 16:47:36,43.3795547485352,-8.87748146057129,"Unknown"
"7014852",371861,2025-07-05 16:52:30,43.3755493164062,-8.8531494140625,"Unknown"
"7014852",371861,2025-07-05 16:57:54,43.3711395263672,-8.83070182800293,"Unknown"
"7014852",371861,2025-07-05 17:01:31,43.3698501586914,-8.83012580871582,"Unknown"
"7014852",371861,2025-07-05 17:06:32,43.3602600097656,-8.84153842926025,"Unknown"
"7014852",371861,2025-07-05 17:11:29,43.3602752685547,-8.84134578704834,"Unknown"
"7014852",371861,2025-07-05 17:16:29,43.3604011535645,-8.841383934021,"Unknown"
"7014852",371861,2025-07-05 17:21:30,43.3604431152344,-8.84135723114014,"Unknown"
"7014852",371861,2025-07-05 17:26:32,43.3605499267578,-8.84151554107666,"Unknown"
"7014852",371861,2025-07-05 17:31:43,43.360466003418,-8.84148502349854,"Unknown"
"7014852",371861,2025-07-05 17:36:31,43.3603706359863,-8.84147644042969,"Unknown"
"7014852",371861,2025-07-05 17:41:44,43.3603744506836,-8.84138965606689,"Unknown"
"7014852",371861,2025-07-05 17:46:30,43.3603019714355,-8.84132671356201,"Unknown"
"7014852",371861,2025-07-05 17:51:30,43.3603935241699,-8.8413028717041,"Unknown"
"7014852",371861,2025-07-05 17:56:33,43.3603744506836,-8.84140110015869,"Unknown"
"7014852",371861,2025-07-05 18:01:37,43.3603286743164,-8.84139347076416,"Unknown"
"7014852",371861,2025-07-05 18:06:31,43.360424041748,-8.84134769439697,"Unknown"
"7014852",371861,2025-07-05 18:11:32,43.3605079650879,-8.84137535095215,"Unknown"
"7014852",371861,2025-07-05 18:16:37,43.3602027893066,-8.8414421081543,"Unknown"
"7014852",371861,2025-07-05 18:21:33,43.3604431152344,-8.84138107299805,"Unknown"
"7014852",371861,2025-07-05 18:26:32,43.3599510192871,-8.84148216247559,"Unknown"
"7014852",371861,2025-07-05 18:31:45,43.362720489502,-8.8340539932251,"Unknown"
"7014852",371861,2025-07-05 18:36:33,43.3597068786621,-8.82069206237793,"Unknown"
"7014852",371861,2025-07-05 18:41:39,43.3612213134766,-8.84107875823975,"Unknown"
"7014852",371861,2025-07-05 18:46:44,43.3605651855469,-8.84097385406494,"Unknown"
"7014852",371861,2025-07-05 18:51:34,43.3605041503906,-8.84140396118164,"Unknown"
"7014852",371861,2025-07-05 18:56:33,43.3604164123535,-8.84135150909424,"Unknown"
"7014852",371861,2025-07-05 19:01:36,43.3607292175293,-8.8408670425415,"Unknown"
"7014852",371861,2025-07-05 19:06:37,43.3604927062988,-8.8411750793457,"Unknown"
"7014852",371861,2025-07-05 19:11:36,43.3605422973633,-8.84089469909668,"Unknown"
"7014852",371861,2025-07-05 19:17:05,43.3603782653809,-8.84136867523193,"Unknown"
"7014852",371861,2025-07-05 19:21:30,43.3603935241699,-8.84136962890625,"Unknown"
"7014852",371861,2025-07-05 19:26:30,43.3603286743164,-8.84131240844727,"Unknown"
"7014852",371861,2025-07-05 19:31:30,43.3603248596191,-8.84136009216309,"Unknown"
"7014852",371861,2025-07-05 19:36:31,43.3604202270508,-8.84130668640137,"Unknown"
"7014852",371861,2025-07-05 19:41:30,43.3603782653809,-8.84133911132812,"Unknown"
"7014852",371861,2025-07-05 19:46:30,43.3603401184082,-8.84136486053467,"Unknown"
"7014852",371861,2025-07-05 19:51:30,43.3603553771973,-8.84137630462646,"Unknown"
"7014852",371861,2025-07-05 19:56:31,43.3602981567383,-8.84137153625488,"Unknown"
"7014852",371861,2025-07-05 20:01:30,43.3638000488281,-8.84558868408203,"Unknown"
"7014852",371861,2025-07-05 20:06:31,43.3603210449219,-8.84137630462646,"Unknown"
"7014852",371861,2025-07-05 20:11:31,43.3604278564453,-8.84142780303955,"Unknown"
"7014852",371861,2025-07-05 20:16:30,43.3603782653809,-8.8413782119751,"Unknown"
"7014852",371861,2025-07-05 20:21:30,43.3604698181152,-8.8414249420166,"Unknown"
"7014852",371861,2025-07-05 20:26:30,43.3603858947754,-8.84131813049316,"Unknown"
"7014852",371861,2025-07-05 20:31:30,43.360408782959,-8.84137535095215,"Unknown"
"7014852",371861,2025-07-05 20:36:32,43.3603706359863,-8.84139060974121,"Unknown"
"7014852",371861,2025-07-05 20:41:30,43.3604545593262,-8.84146595001221,"Unknown"
"7014852",371861,2025-07-05 20:46:38,43.360279083252,-8.84154796600342,"Unknown"
"7014852",371861,2025-07-05 20:51:31,43.3604202270508,-8.8414306640625,"Unknown"
"7014852",371861,2025-07-05 20:56:34,43.3603477478027,-8.84128856658936,"Unknown"
"7014852",371861,2025-07-05 21:01:31,43.3603706359863,-8.84133148193359,"Unknown"
"7014852",371861,2025-07-05 21:04:59,43.3603401184082,-8.84123516082764,"Unknown"
"7014852",371861,2025-07-06 02:05:30,43.3602600097656,-8.84144115447998,"Unknown"
"7014852",371861,2025-07-06 05:07:37,43.3602905273438,-8.84137535095215,"Unknown"
"7014852",371861,2025-07-06 05:12:35,43.3727378845215,-8.85319328308105,"Unknown"
"7014852",371861,2025-07-06 05:17:13,43.3603134155273,-8.84130764007568,"Unknown"
"7014852",371861,2025-07-06 05:22:08,43.3603057861328,-8.84115409851074,"Unknown"
"7014852",371861,2025-07-06 05:27:07,43.3603515625,-8.84128284454346,"Unknown"
"7014852",371861,2025-07-06 05:32:07,43.3603324890137,-8.84125518798828,"Unknown"
"7014852",371861,2025-07-06 05:37:07,43.3627700805664,-8.83098125457764,"Unknown"
"7014852",371861,2025-07-06 05:42:07,43.3604736328125,-8.81966781616211,"Unknown"
"7014852",371861,2025-07-06 05:47:10,43.3700752258301,-8.81998920440674,"Unknown"
"7014852",371861,2025-07-06 05:52:07,43.3704147338867,-8.81990337371826,"Unknown"
"7014852",371861,2025-07-06 05:57:07,43.3671379089355,-8.82519340515137,"Unknown"
"7014852",371861,2025-07-06 06:02:08,43.3604621887207,-8.8408784866333,"Unknown"
"7014852",371861,2025-07-06 06:07:10,43.36083984375,-8.84127521514893,"Unknown"
"7014852",371861,2025-07-06 06:12:08,43.3603706359863,-8.84140110015869,"Unknown"
"7014852",371861,2025-07-06 06:17:08,43.3605079650879,-8.84138202667236,"Unknown"
"7014852",371861,2025-07-06 06:22:10,43.3603515625,-8.84122276306152,"Unknown"
"7014852",371861,2025-07-06 06:27:08,43.3603706359863,-8.84113502502441,"Unknown"
"7014852",371861,2025-07-06 06:32:09,43.3603591918945,-8.84117317199707,"Unknown"
"7014852",371861,2025-07-06 06:37:09,43.3603286743164,-8.84118175506592,"Unknown"
"7014852",371861,2025-07-06 06:42:11,43.3602828979492,-8.84122180938721,"Unknown"
"7014852",371861,2025-07-06 06:47:08,43.3604011535645,-8.84142017364502,"Unknown"
"7014852",371861,2025-07-06 06:52:11,43.3603439331055,-8.84131050109863,"Unknown"
"7014852",371861,2025-07-06 06:57:08,43.3603096008301,-8.84122943878174,"Unknown"
"7014852",371861,2025-07-06 07:02:08,43.3603363037109,-8.84123039245605,"Unknown"
"7014852",371861,2025-07-06 07:07:10,43.3603363037109,-8.8411865234375,"Unknown"
"7014852",371861,2025-07-06 07:12:44,43.3604125976562,-8.84117698669434,"Unknown"
"7014852",371861,2025-07-06 07:17:09,43.3605308532715,-8.84156322479248,"Unknown"
"7014852",371861,2025-07-06 07:22:08,43.3694343566895,-8.83705520629883,"Unknown"
"7014852",371861,2025-07-06 07:32:09,43.3598709106445,-8.84489917755127,"Unknown"
"7014852",371861,2025-07-06 07:37:08,43.3604049682617,-8.84146785736084,"Unknown"
"7014852",371861,2025-07-06 07:42:09,43.3604278564453,-8.84142589569092,"Unknown"
"7014852",371861,2025-07-06 07:47:18,43.3603477478027,-8.84134769439697,"Unknown"
"7014852",371861,2025-07-06 07:52:31,43.3603401184082,-8.84136486053467,"Unknown"
"7014852",371861,2025-07-06 07:57:08,43.3603172302246,-8.84136962890625,"Unknown"
"7014852",371861,2025-07-06 08:02:12,43.360279083252,-8.84136390686035,"Unknown"
"7014852",371861,2025-07-06 08:07:07,43.3603973388672,-8.84151268005371,"Unknown"
"7014852",371861,2025-07-06 08:12:10,43.3603630065918,-8.84162044525146,"Unknown"
"7014852",371861,2025-07-06 08:17:11,43.3598098754883,-8.84116172790527,"Unknown"
"7014852",371861,2025-07-06 08:22:09,43.3601150512695,-8.84076690673828,"Unknown"
"7014852",371861,2025-07-06 08:27:09,43.3603172302246,-8.84139537811279,"Unknown"
"7014852",371861,2025-07-06 08:32:08,43.3607597351074,-8.84553623199463,"Unknown"
"7014852",371861,2025-07-06 08:37:08,43.3425178527832,-8.85147094726562,"Unknown"
"7014852",371861,2025-07-06 08:42:09,43.3182258605957,-8.8568115234375,"Unknown"
"7014852",371861,2025-07-06 08:47:09,43.3157234191895,-8.87925910949707,"Unknown"
"7014852",371861,2025-07-06 08:52:31,43.3149108886719,-8.88025188446045,"Unknown"
"7014852",371861,2025-07-06 08:57:07,43.3176231384277,-8.88140392303467,"Unknown"
"7014852",371861,2025-07-06 09:02:07,43.3275756835938,-8.90370655059814,"Unknown"
"7014852",371861,2025-07-06 09:07:07,43.3553848266602,-8.88866806030273,"Unknown"
"7014852",371861,2025-07-06 09:12:11,43.359203338623,-8.84667587280273,"Unknown"
"7014852",371861,2025-07-06 09:17:08,43.3608818054199,-8.84150886535645,"Unknown"
"7014852",371861,2025-07-06 09:22:41,43.3605308532715,-8.84139633178711,"Unknown"
"7014852",371861,2025-07-06 09:27:12,43.3604888916016,-8.84136867523193,"Unknown"
"7014852",371861,2025-07-06 09:32:08,43.3606338500977,-8.84134387969971,"Unknown"
"7014852",371861,2025-07-06 09:37:08,43.3771896362305,-8.81668472290039,"Unknown"
"7014852",371861,2025-07-06 09:42:07,43.3827018737793,-8.81752395629883,"Unknown"
"7014852",371861,2025-07-06 09:47:07,43.3838157653809,-8.81676006317139,"Unknown"
"7014852",371861,2025-07-06 09:52:08,43.3736038208008,-8.81490135192871,"Unknown"
"7014852",371861,2025-07-06 09:57:08,43.3597717285156,-8.83399963378906,"Unknown"
"7014852",371861,2025-07-06 10:02:19,43.360408782959,-8.84139347076416,"Unknown"
"7014852",371861,2025-07-06 10:07:13,43.3603706359863,-8.84137439727783,"Unknown"
"7014852",371861,2025-07-06 10:12:08,43.3605041503906,-8.84137058258057,"Unknown"
"7014852",371861,2025-07-06 10:17:27,43.3603668212891,-8.84135627746582,"Unknown"
"7014852",371861,2025-07-06 10:22:19,43.3603897094727,-8.8413724899292,"Unknown"
"7014852",371861,2025-07-06 10:27:19,43.3603820800781,-8.84139060974121,"Unknown"
"7014852",371861,2025-07-06 10:32:19,43.3603820800781,-8.84133052825928,"Unknown"
"7014852",371861,2025-07-06 10:37:19,43.3602638244629,-8.84146595001221,"Unknown"
"7014852",371861,2025-07-06 10:42:19,43.3603897094727,-8.84129810333252,"Unknown"
"7014852",371861,2025-07-06 10:47:35,43.3603553771973,-8.84125709533691,"Unknown"
"7014852",371861,2025-07-06 10:52:35,43.3603973388672,-8.84135818481445,"Unknown"
"7014852",371861,2025-07-06 10:57:17,43.3603591918945,-8.84132862091064,"Unknown"
"7014852",371861,2025-07-06 11:02:12,43.3604583740234,-8.84144401550293,"Unknown"
"7014852",371861,2025-07-06 11:07:30,43.3603248596191,-8.84140682220459,"Unknown"
"7014852",371861,2025-07-06 11:12:16,43.3604164123535,-8.8415584564209,"Unknown"
"7014852",371861,2025-07-06 11:17:13,43.3603286743164,-8.84185123443604,"Unknown"
"7014852",371861,2025-07-06 11:22:25,43.3738670349121,-8.85204219818115,"Unknown"
"7014852",371861,2025-07-06 11:27:22,43.3740577697754,-8.85184860229492,"Unknown"
"7014852",371861,2025-07-06 11:32:25,43.3601188659668,-8.84688949584961,"Unknown"
"7014852",371861,2025-07-06 11:37:11,43.360179901123,-8.8411169052124,"Unknown"
"7014852",371861,2025-07-06 11:42:15,43.3603935241699,-8.84170818328857,"Unknown"
"7014852",371861,2025-07-06 11:47:15,43.3604393005371,-8.84166812896729,"Unknown"
"7014852",371861,2025-07-06 11:52:32,43.3604316711426,-8.84177780151367,"Unknown"
"7014852",371861,2025-07-06 11:57:10,43.3604507446289,-8.84171390533447,"Unknown"
"7014852",371861,2025-07-06 12:02:08,43.3601837158203,-8.84172248840332,"Unknown"
"7014852",371861,2025-07-06 12:07:11,43.3602066040039,-8.84158611297607,"Unknown"
"7014852",371861,2025-07-06 12:12:35,43.3603553771973,-8.84134292602539,"Unknown"
"7014852",371861,2025-07-06 12:17:08,43.3603935241699,-8.84135341644287,"Unknown"
"7014852",371861,2025-07-06 12:22:08,43.3603363037109,-8.84138011932373,"Unknown"
"7014852",371861,2025-07-06 12:27:08,43.3603935241699,-8.84134006500244,"Unknown"
"7014852",371861,2025-07-06 12:32:07,43.3603782653809,-8.84136295318604,"Unknown"
"7014852",371861,2025-07-06 12:37:08,43.3602752685547,-8.84137535095215,"Unknown"
"7014852",371861,2025-07-06 12:42:09,43.3602981567383,-8.84137058258057,"Unknown"
"7014852",371861,2025-07-06 12:47:08,43.3603057861328,-8.84139251708984,"Unknown"
"7014852",371861,2025-07-06 12:52:07,43.3603057861328,-8.84138965606689,"Unknown"
"7014852",371861,2025-07-06 12:57:08,43.3603019714355,-8.84144401550293,"Unknown"
"7014852",371861,2025-07-06 13:02:09,43.3603553771973,-8.84126758575439,"Unknown"
"7014852",371861,2025-07-06 13:07:08,43.3603248596191,-8.84144401550293,"Unknown"
"7014852",371861,2025-07-06 13:12:07,43.3603172302246,-8.84143733978271,"Unknown"
"7014852",371861,2025-07-06 13:17:07,43.3603515625,-8.84147453308105,"Unknown"
"7014852",371861,2025-07-06 13:22:07,43.3603630065918,-8.8413724899292,"Unknown"
"7014852",371861,2025-07-06 13:27:07,43.3603019714355,-8.84137535095215,"Unknown"
"7014852",371861,2025-07-06 13:32:08,43.3603782653809,-8.84141445159912,"Unknown"
"7014852",371861,2025-07-06 13:37:09,43.3603858947754,-8.84132957458496,"Unknown"
"7014852",371861,2025-07-06 13:42:08,43.3602828979492,-8.84130859375,"Unknown"
"7014852",371861,2025-07-06 13:47:07,43.3603553771973,-8.84130668640137,"Unknown"
"7014852",371861,2025-07-06 13:52:07,43.3603630065918,-8.84134101867676,"Unknown"
"7014852",371861,2025-07-06 13:57:13,43.3602333068848,-8.84118843078613,"Unknown"
"7014852",371861,2025-07-06 14:02:08,43.3602828979492,-8.84117889404297,"Unknown"
"7014852",371861,2025-07-06 14:07:08,43.3606185913086,-8.84151458740234,"Unknown"
"7014852",371861,2025-07-06 14:12:08,43.3601379394531,-8.84183311462402,"Unknown"
"7014852",371861,2025-07-06 14:17:07,43.360294342041,-8.84132766723633,"Unknown"
"7014852",371861,2025-07-06 14:22:08,43.3602828979492,-8.84134292602539,"Unknown"
"7014852",371861,2025-07-06 14:27:08,43.3602905273438,-8.84132385253906,"Unknown"
"7014852",371861,2025-07-06 14:32:08,43.3689575195312,-8.85120010375977,"Unknown"
"7014852",371861,2025-07-06 14:38:14,43.3449287414551,-8.84995079040527,"Unknown"
"7014852",371861,2025-07-06 14:42:07,43.3243942260742,-8.84824085235596,"Unknown"
"7014852",371861,2025-07-06 14:47:28,43.3136329650879,-8.85738658905029,"Unknown"
"7014852",371861,2025-07-06 14:52:08,43.3148460388184,-8.85653591156006,"Unknown"
"7014852",371861,2025-07-06 14:57:25,43.3163833618164,-8.85984039306641,"Unknown"
"7014852",371861,2025-07-06 15:02:08,43.3163719177246,-8.85984706878662,"Unknown"
"7014852",371861,2025-07-06 15:07:17,43.3261680603027,-8.84874153137207,"Unknown"
"7014852",371861,2025-07-06 15:12:08,43.3538017272949,-8.84094524383545,"Unknown"
"7014852",371861,2025-07-06 15:17:20,43.3606643676758,-8.84175205230713,"Unknown"
"7014852",371861,2025-07-06 15:22:29,43.3604431152344,-8.84151840209961,"Unknown"
"7014852",371861,2025-07-06 15:27:18,43.3608322143555,-8.84189796447754,"Unknown"
"7014852",371861,2025-07-06 15:32:35,43.3604393005371,-8.84127998352051,"Unknown"
"7014852",371861,2025-07-06 15:37:07,43.3604393005371,-8.84125804901123,"Unknown"
"7014852",371861,2025-07-06 15:42:15,43.360408782959,-8.84114074707031,"Unknown"
"7014852",371861,2025-07-06 15:47:10,43.3604011535645,-8.84142303466797,"Unknown"
"7014852",371861,2025-07-06 15:52:11,43.3604202270508,-8.84131336212158,"Unknown"
"7014852",371861,2025-07-06 15:57:11,43.3604049682617,-8.84128475189209,"Unknown"
"7014852",371861,2025-07-06 16:02:08,43.3603401184082,-8.84129238128662,"Unknown"
"7014852",371861,2025-07-06 16:07:07,43.3603401184082,-8.84135055541992,"Unknown"
"7014852",371861,2025-07-06 16:12:07,43.3603744506836,-8.84132385253906,"Unknown"
"7014852",371861,2025-07-06 16:17:13,43.3603210449219,-8.84136486053467,"Unknown"
"7014852",371861,2025-07-06 16:22:08,43.3602638244629,-8.84133434295654,"Unknown"
"7014852",371861,2025-07-06 16:27:12,43.3602523803711,-8.84114742279053,"Unknown"
"7014852",371861,2025-07-06 16:32:07,43.3604202270508,-8.84143257141113,"Unknown"
"7014852",371861,2025-07-06 16:37:08,43.3603286743164,-8.84125232696533,"Unknown"
"7014852",371861,2025-07-06 16:42:07,43.3603782653809,-8.84138011932373,"Unknown"
"7014852",371861,2025-07-06 16:47:08,43.3603172302246,-8.84119415283203,"Unknown"
"7014852",371861,2025-07-06 16:52:08,43.3603477478027,-8.84135341644287,"Unknown"
"7014852",371861,2025-07-06 16:57:07,43.3603324890137,-8.8413610458374,"Unknown"
"7014852",371861,2025-07-06 17:02:08,43.3603172302246,-8.84127902984619,"Unknown"
"7014852",371861,2025-07-06 17:07:09,43.3602447509766,-8.84122085571289,"Unknown"
"7014852",371861,2025-07-06 17:12:09,43.3599815368652,-8.84081554412842,"Unknown"
"7014852",371861,2025-07-06 17:17:18,43.3603820800781,-8.84136581420898,"Unknown"
"7014852",371861,2025-07-06 17:22:08,43.3604049682617,-8.84137725830078,"Unknown"
"7014852",371861,2025-07-06 17:27:12,43.3604927062988,-8.84154224395752,"Unknown"
"7014852",371861,2025-07-06 17:32:08,43.3605117797852,-8.84147930145264,"Unknown"
"7014852",371861,2025-07-06 17:37:08,43.3603858947754,-8.8415002822876,"Unknown"
"7014852",371861,2025-07-06 17:42:09,43.3604736328125,-8.84153842926025,"Unknown"
"7014852",371861,2025-07-06 17:47:08,43.3604278564453,-8.84149646759033,"Unknown"
"7014852",371861,2025-07-06 17:52:09,43.3603782653809,-8.84135723114014,"Unknown"
"7014852",371861,2025-07-06 17:57:20,43.3604736328125,-8.84152126312256,"Unknown"
"7014852",371861,2025-07-06 18:02:44,43.3604049682617,-8.84141540527344,"Unknown"
"7014852",371861,2025-07-06 18:07:10,43.3603324890137,-8.84146118164062,"Unknown"
"7014852",371861,2025-07-06 18:12:21,43.3602485656738,-8.84132480621338,"Unknown"
"7014852",371861,2025-07-06 18:17:19,43.3604774475098,-8.84137439727783,"Unknown"
"7014852",371861,2025-07-06 18:22:12,43.3603286743164,-8.84141731262207,"Unknown"
"7014852",371861,2025-07-06 18:27:19,43.3605041503906,-8.84124279022217,"Unknown"
"7014852",371861,2025-07-06 18:32:09,43.3604202270508,-8.84167671203613,"Unknown"
"7014852",371861,2025-07-06 18:37:08,43.3602561950684,-8.84181594848633,"Unknown"
"7014852",371861,2025-07-06 18:42:07,43.3603515625,-8.84148025512695,"Unknown"
"7014852",371861,2025-07-06 18:47:35,43.3603668212891,-8.84150695800781,"Unknown"
"7014852",371861,2025-07-06 18:52:08,43.372314453125,-8.85001754760742,"Unknown"
"7014852",371861,2025-07-06 18:57:08,43.3792343139648,-8.88022518157959,"Unknown"
"7014852",371861,2025-07-06 19:02:11,43.3909759521484,-8.86399364471436,"Unknown"
"7014852",371861,2025-07-06 19:07:08,43.3974418640137,-8.85152626037598,"Unknown"
"7014852",371861,2025-07-06 19:12:07,43.4019088745117,-8.83887004852295,"Unknown"
"7014852",371861,2025-07-06 19:17:08,43.4052543640137,-8.8297872543335,"Unknown"
"7014852",371861,2025-07-06 19:22:11,43.3650665283203,-8.84383869171143,"Unknown"
"7014852",371861,2025-07-06 19:27:09,43.3603820800781,-8.84156513214111,"Unknown"
"7014852",371861,2025-07-06 19:32:07,43.3605041503906,-8.84170055389404,"Unknown"
"7014852",371861,2025-07-06 19:37:13,43.3603363037109,-8.8413028717041,"Unknown"
"7014852",371861,2025-07-06 19:42:07,43.3602828979492,-8.8415060043335,"Unknown"
"7014852",371861,2025-07-06 19:47:08,43.360294342041,-8.8411283493042,"Unknown"
"7014852",371861,2025-07-06 19:52:17,43.3603706359863,-8.8414363861084,"Unknown"
"7014852",371861,2025-07-06 19:57:13,43.3603515625,-8.84135055541992,"Unknown"
"7014852",371861,2025-07-06 20:02:35,43.3603439331055,-8.8413610458374,"Unknown"
"7014852",371861,2025-07-06 20:07:07,43.3603668212891,-8.84138774871826,"Unknown"
"7014852",371861,2025-07-06 20:12:07,43.3603744506836,-8.84142303466797,"Unknown"
"7014852",371861,2025-07-06 20:17:07,43.3604393005371,-8.84144687652588,"Unknown"
"7014852",371861,2025-07-06 20:22:07,43.3603706359863,-8.84132385253906,"Unknown"
"7014852",371861,2025-07-06 20:27:07,43.3603324890137,-8.84132289886475,"Unknown"
"7014852",371861,2025-07-06 20:32:08,43.3602752685547,-8.84116268157959,"Unknown"
"7014852",371861,2025-07-06 20:37:11,43.3603744506836,-8.84132194519043,"Unknown"
"7014852",371861,2025-07-06 20:42:10,43.3606796264648,-8.84159088134766,"Unknown"
"7014852",371861,2025-07-06 20:47:12,43.3605041503906,-8.84144020080566,"Unknown"
"7014852",371861,2025-07-06 20:52:08,43.3603286743164,-8.84127712249756,"Unknown"
"7014852",371861,2025-07-06 20:57:07,43.3604431152344,-8.84144401550293,"Unknown"
"7014852",371861,2025-07-06 21:02:07,43.3603286743164,-8.84129333496094,"Unknown"
"7014852",371861,2025-07-06 21:04:36,43.360294342041,-8.84123229980469,"Unknown"
"7014852",371861,2025-07-07 02:05:06,43.3603935241699,-8.84134483337402,"Unknown"
"7014852",371861,2025-07-07 05:08:05,43.3602981567383,-8.84141540527344,"Unknown"
"7014852",371861,2025-07-07 05:12:46,43.3602180480957,-8.8414831161499,"Unknown"
"7014852",371861,2025-07-07 05:17:45,43.3599014282227,-8.84091377258301,"Unknown"
"7014852",371861,2025-07-07 05:22:45,43.3524703979492,-8.8263692855835,"Unknown"
"7014852",371861,2025-07-07 05:27:46,43.3498382568359,-8.82530784606934,"Unknown"
"7014852",371861,2025-07-07 05:32:45,43.3511619567871,-8.827712059021,"Unknown"
"7014852",371861,2025-07-07 05:37:46,43.3500366210938,-8.82680892944336,"Unknown"
"7014852",371861,2025-07-07 05:42:45,43.3551826477051,-8.8330192565918,"Unknown"
"7014852",371861,2025-07-07 05:47:46,43.3610649108887,-8.84128284454346,"Unknown"
"7014852",371861,2025-07-07 05:52:51,43.3603096008301,-8.84134960174561,"Unknown"
"7014852",371861,2025-07-07 05:57:46,43.3604011535645,-8.84144401550293,"Unknown"
"7014852",371861,2025-07-07 06:02:45,43.3603935241699,-8.8412914276123,"Unknown"
"7014852",371861,2025-07-07 06:07:46,43.3604507446289,-8.84134006500244,"Unknown"
"7014852",371861,2025-07-07 06:12:47,43.360237121582,-8.84142303466797,"Unknown"
"7014852",371861,2025-07-07 06:17:47,43.3602333068848,-8.84143733978271,"Unknown"
"7014852",371861,2025-07-07 06:22:46,43.360221862793,-8.84121894836426,"Unknown"
"7014852",371861,2025-07-07 06:27:46,43.3602066040039,-8.84145355224609,"Unknown"
"7014852",371861,2025-07-07 06:32:47,43.3602294921875,-8.84138679504395,"Unknown"
"7014852",371861,2025-07-07 06:37:49,43.3603096008301,-8.84161186218262,"Unknown"
"7014852",371861,2025-07-07 06:42:51,43.3603439331055,-8.84167194366455,"Unknown"
"7014852",371861,2025-07-07 06:47:46,43.3603744506836,-8.84152698516846,"Unknown"
"7014852",371861,2025-07-07 06:52:48,43.3603057861328,-8.84135913848877,"Unknown"
"7014852",371861,2025-07-07 06:57:47,43.3604354858398,-8.84162998199463,"Unknown"
"7014852",371861,2025-07-07 07:02:47,43.3602714538574,-8.84133720397949,"Unknown"
"7014852",371861,2025-07-07 07:07:47,43.3603324890137,-8.84132099151611,"Unknown"
"7014852",371861,2025-07-07 07:12:52,43.3603782653809,-8.8416690826416,"Unknown"
"7014852",371861,2025-07-07 07:17:54,43.360424041748,-8.84167671203613,"Unknown"
"7014852",371861,2025-07-07 07:22:47,43.360767364502,-8.8423900604248,"Unknown"
"7014852",371861,2025-07-07 07:27:53,43.3604583740234,-8.84159183502197,"Unknown"
"7014852",371861,2025-07-07 07:38:43,43.3608131408691,-8.84427642822266,"Unknown"
"7014852",371861,2025-07-07 07:42:46,43.3605194091797,-8.84181213378906,"Unknown"
"7014852",371861,2025-07-07 07:47:46,43.3603515625,-8.84147357940674,"Unknown"
"7014852",371861,2025-07-07 07:52:48,43.3611221313477,-8.84391689300537,"Unknown"
"7014852",371861,2025-07-07 07:57:46,43.3604545593262,-8.84165859222412,"Unknown"
"7014852",371861,2025-07-07 08:02:46,43.3603706359863,-8.84169387817383,"Unknown"
"7014852",371861,2025-07-07 08:07:49,43.360466003418,-8.8417501449585,"Unknown"
"7014852",371861,2025-07-07 08:12:49,43.3605690002441,-8.84207153320312,"Unknown"
"7014852",371861,2025-07-07 08:17:50,43.3604621887207,-8.84173393249512,"Unknown"
"7014852",371861,2025-07-07 08:22:49,43.3604774475098,-8.841721534729,"Unknown"
"7014852",371861,2025-07-07 08:28:00,43.3597869873047,-8.84158420562744,"Unknown"
"7014852",371861,2025-07-07 08:32:55,43.3605079650879,-8.84140872955322,"Unknown"
"7014852",371861,2025-07-07 08:38:07,43.3601531982422,-8.84145545959473,"Unknown"
"7014852",371861,2025-07-07 08:42:54,43.3624572753906,-8.84198379516602,"Unknown"
"7014852",371861,2025-07-07 08:47:49,43.3604469299316,-8.84174823760986,"Unknown"
"7014852",371861,2025-07-07 08:53:15,43.3614654541016,-8.84117603302002,"Unknown"
"7014852",371861,2025-07-07 08:57:48,43.3613395690918,-8.84132480621338,"Unknown"
"7014852",371861,2025-07-07 09:02:49,43.361213684082,-8.84141731262207,"Unknown"
"7014852",371861,2025-07-07 09:07:50,43.3609046936035,-8.84141159057617,"Unknown"
"7014852",371861,2025-07-07 09:12:49,43.3608512878418,-8.84119606018066,"Unknown"
"7014852",371861,2025-07-07 09:17:49,43.3607864379883,-8.8412971496582,"Unknown"
"7014852",371861,2025-07-07 09:22:49,43.3608207702637,-8.84147071838379,"Unknown"
"7014852",371861,2025-07-07 09:28:18,43.3468627929688,-8.85202789306641,"Unknown"
"7014852",371861,2025-07-07 09:32:49,43.3453750610352,-8.85070705413818,"Unknown"
"7014852",371861,2025-07-07 09:37:48,43.3403663635254,-8.83401298522949,"Unknown"
"7014852",371861,2025-07-07 09:42:48,43.3243942260742,-8.8610725402832,"Unknown"
"7014852",371861,2025-07-07 09:48:15,43.3123931884766,-8.88257503509521,"Unknown"
"7014852",371861,2025-07-07 09:52:48,43.3070030212402,-8.92396450042725,"Unknown"
"7014852",371861,2025-07-07 09:57:48,43.286922454834,-8.96391105651855,"Unknown"
"7014852",371861,2025-07-07 10:02:48,43.2821235656738,-9.01436710357666,"Unknown"
"7014852",371861,2025-07-07 10:07:48,43.2724342346191,-9.06841278076172,"Unknown"
"7014852",371861,2025-07-07 10:12:52,43.2713356018066,-9.06955528259277,"Unknown"
"7014852",371861,2025-07-07 10:17:48,43.2685737609863,-9.074143409729,"Unknown"
"7014852",371861,2025-07-07 10:22:49,43.2386589050293,-9.10608959197998,"Unknown"
"7014852",371861,2025-07-07 10:27:48,43.2180213928223,-9.13006496429443,"Unknown"
"7014852",371861,2025-07-07 10:32:50,43.1927528381348,-9.13659858703613,"Unknown"
"7014852",371861,2025-07-07 10:37:53,43.1928825378418,-9.13669109344482,"Unknown"
"7014852",371861,2025-07-07 10:42:57,43.1927642822266,-9.13630390167236,"Unknown"
"7014852",371861,2025-07-07 10:48:23,43.1919174194336,-9.13269233703613,"Unknown"
"7014852",371861,2025-07-07 10:52:48,43.1936111450195,-9.13153648376465,"Unknown"
"7014852",371861,2025-07-07 10:57:48,43.1936225891113,-9.13163757324219,"Unknown"
"7014852",371861,2025-07-07 11:02:47,43.194278717041,-9.13255977630615,"Unknown"
"7014852",371861,2025-07-07 11:07:48,43.1942176818848,-9.13250064849854,"Unknown"
"7014852",371861,2025-07-07 11:12:49,43.1941680908203,-9.13232898712158,"Unknown"
"7014852",371861,2025-07-07 11:17:47,43.1941032409668,-9.13222217559814,"Unknown"
"7014852",371861,2025-07-07 11:22:48,43.1940994262695,-9.13232326507568,"Unknown"
"7014852",371861,2025-07-07 11:27:48,43.1927871704102,-9.13642597198486,"Unknown"
"7014852",371861,2025-07-07 11:32:49,43.1930885314941,-9.13671875,"Unknown"
"7014852",371861,2025-07-07 11:37:47,43.1930465698242,-9.13676834106445,"Unknown"
"7014852",371861,2025-07-07 11:42:48,43.1924095153809,-9.13482284545898,"Unknown"
"7014852",371861,2025-07-07 11:47:53,43.1923179626465,-9.13472270965576,"Unknown"
"7014852",371861,2025-07-07 11:52:51,43.1930465698242,-9.13485908508301,"Unknown"
"7014852",371861,2025-07-07 11:58:14,43.1920471191406,-9.13465690612793,"Unknown"
"7014852",371861,2025-07-07 12:02:47,43.1919097900391,-9.13460254669189,"Unknown"
"7014852",371861,2025-07-07 12:07:50,43.1918182373047,-9.13462257385254,"Unknown"
"7014852",371861,2025-07-07 12:12:50,43.1921653747559,-9.13456916809082,"Unknown"
"7014852",371861,2025-07-07 12:17:50,43.1918830871582,-9.13470363616943,"Unknown"
"7014852",371861,2025-07-07 12:22:49,43.1924018859863,-9.13461780548096,"Unknown"
"7014852",371861,2025-07-07 12:27:50,43.1920127868652,-9.13460731506348,"Unknown"
"7014852",371861,2025-07-07 12:33:00,43.192008972168,-9.1346378326416,"Unknown"
"7014852",371861,2025-07-07 12:37:53,43.1920585632324,-9.13460445404053,"Unknown"
"7014852",371861,2025-07-07 12:42:50,43.1922607421875,-9.13459777832031,"Unknown"
"7014852",371861,2025-07-07 12:48:16,43.1920471191406,-9.13465881347656,"Unknown"
"7014852",371861,2025-07-07 12:52:49,43.1928291320801,-9.11807727813721,"Unknown"
"7014852",371861,2025-07-07 12:57:49,43.1846656799316,-9.0908842086792,"Unknown"
"7014852",371861,2025-07-07 13:02:50,43.1843185424805,-9.06274509429932,"Unknown"
"7014852",371861,2025-07-07 13:07:50,43.1889762878418,-9.0489501953125,"Unknown"
"7014852",371861,2025-07-07 13:12:55,43.194896697998,-9.03950119018555,"Unknown"
"7014852",371861,2025-07-07 13:18:07,43.1948432922363,-9.03965663909912,"Unknown"
"7014852",371861,2025-07-07 13:22:49,43.2107696533203,-9.02794647216797,"Unknown"
"7014852",371861,2025-07-07 13:27:51,43.2214622497559,-9.00531196594238,"Unknown"
"7014852",371861,2025-07-07 13:33:08,43.2353515625,-8.99768924713135,"Unknown"
"7014852",371861,2025-07-07 13:37:50,43.2508354187012,-8.99112415313721,"Unknown"
"7014852",371861,2025-07-07 13:43:00,43.2628860473633,-8.98157596588135,"Unknown"
"7014852",371861,2025-07-07 13:48:29,43.2830352783203,-8.97904109954834,"Unknown"
"7014852",371861,2025-07-07 13:52:48,43.287467956543,-8.96224117279053,"Unknown"
"7014852",371861,2025-07-07 13:58:32,43.2892951965332,-8.93087291717529,"Unknown"
"7014852",371861,2025-07-07 14:02:47,43.298942565918,-8.90945625305176,"Unknown"
"7014852",371861,2025-07-07 14:07:47,43.3209457397461,-8.90748691558838,"Unknown"
"7014852",371861,2025-07-07 14:12:47,43.3196792602539,-8.8777437210083,"Unknown"
"7014852",371861,2025-07-07 14:17:47,43.3196716308594,-8.84977054595947,"Unknown"
"7014852",371861,2025-07-07 14:22:47,43.336067199707,-8.84204769134521,"Unknown"
"7014852",371861,2025-07-07 14:27:47,43.3550796508789,-8.83299827575684,"Unknown"
"7014852",371861,2025-07-07 14:32:47,43.3607292175293,-8.84103393554688,"Unknown"
"7014852",371861,2025-07-07 14:37:47,43.3606605529785,-8.8409366607666,"Unknown"
"7014852",371861,2025-07-07 14:42:47,43.3605880737305,-8.84145069122314,"Unknown"
"7014852",371861,2025-07-07 14:47:48,43.360725402832,-8.84117889404297,"Unknown"
"7014852",371861,2025-07-07 14:52:47,43.3607559204102,-8.84103012084961,"Unknown"
"7014852",371861,2025-07-07 14:57:47,43.3607063293457,-8.84110069274902,"Unknown"
"7014852",371861,2025-07-07 15:02:47,43.360725402832,-8.84106636047363,"Unknown"
"7014852",371861,2025-07-07 15:07:47,43.3606986999512,-8.84111213684082,"Unknown"
"7014852",371861,2025-07-07 15:12:47,43.3605575561523,-8.84113502502441,"Unknown"
"7014852",371861,2025-07-07 15:17:48,43.3606147766113,-8.84106636047363,"Unknown"
"7014852",371861,2025-07-07 15:22:48,43.3605613708496,-8.84120845794678,"Unknown"
"7014852",371861,2025-07-07 15:27:48,43.3604698181152,-8.84109115600586,"Unknown"
"7014852",371861,2025-07-07 15:32:48,43.3606185913086,-8.84120178222656,"Unknown"
"7014852",371861,2025-07-07 15:37:47,43.3605079650879,-8.84138774871826,"Unknown"
"7014852",371861,2025-07-07 15:42:47,43.3605155944824,-8.84127998352051,"Unknown"
"7014852",371861,2025-07-07 15:47:47,43.3603858947754,-8.84140968322754,"Unknown"
"7014852",371861,2025-07-07 15:52:48,43.3604469299316,-8.84131717681885,"Unknown"
"7014852",371861,2025-07-07 15:57:48,43.3603897094727,-8.84145545959473,"Unknown"
"7014852",371861,2025-07-07 16:02:52,43.3603134155273,-8.8415002822876,"Unknown"
"7014852",371861,2025-07-07 16:07:50,43.362621307373,-8.83768653869629,"Unknown"
"7014852",371861,2025-07-07 16:12:48,43.3659439086914,-8.83217620849609,"Unknown"
"7014852",371861,2025-07-07 16:17:47,43.3607330322266,-8.83331871032715,"Unknown"
"7014852",371861,2025-07-07 16:23:14,43.3603782653809,-8.84134674072266,"Unknown"
"7014852",371861,2025-07-07 16:27:47,43.3603096008301,-8.8413257598877,"Unknown"
"7014852",371861,2025-07-07 16:32:47,43.3605804443359,-8.84120273590088,"Unknown"
"7014852",371861,2025-07-07 16:37:47,43.3603706359863,-8.8413028717041,"Unknown"
"7014852",371861,2025-07-07 16:42:47,43.3604011535645,-8.84139156341553,"Unknown"
"7014852",371861,2025-07-07 16:48:14,43.3603820800781,-8.84135246276855,"Unknown"
"7014852",371861,2025-07-07 16:52:48,43.3604049682617,-8.84135818481445,"Unknown"
"7014852",371861,2025-07-07 16:57:48,43.3604316711426,-8.84137153625488,"Unknown"
"7014852",371861,2025-07-07 17:02:47,43.3603973388672,-8.84138965606689,"Unknown"
"7014852",371861,2025-07-07 17:07:48,43.3603744506836,-8.84129619598389,"Unknown"
"7014852",371861,2025-07-07 17:12:48,43.3603324890137,-8.84134674072266,"Unknown"
"7014852",371861,2025-07-07 17:17:48,43.3603820800781,-8.84134101867676,"Unknown"
"7014852",371861,2025-07-07 17:22:49,43.3604164123535,-8.84136009216309,"Unknown"
"7014852",371861,2025-07-07 17:27:49,43.3604393005371,-8.84134387969971,"Unknown"
"7014852",371861,2025-07-07 17:32:49,43.3604393005371,-8.84138679504395,"Unknown"
"7014852",371861,2025-07-07 17:37:51,43.3604278564453,-8.84145450592041,"Unknown"
"7014852",371861,2025-07-07 17:42:50,43.3603515625,-8.84138298034668,"Unknown"
"7014852",371861,2025-07-07 17:48:15,43.3604011535645,-8.84133148193359,"Unknown"
"7014852",371861,2025-07-07 17:52:49,43.3603935241699,-8.84131240844727,"Unknown"
"7014852",371861,2025-07-07 17:57:50,43.3603591918945,-8.84130764007568,"Unknown"
"7014852",371861,2025-07-07 18:02:55,43.3604469299316,-8.84130859375,"Unknown"
"7014852",371861,2025-07-07 18:07:53,43.3605537414551,-8.84106922149658,"Unknown"
"7014852",371861,2025-07-07 18:12:51,43.360481262207,-8.84113597869873,"Unknown"
"7014852",371861,2025-07-07 18:17:55,43.3605575561523,-8.84109687805176,"Unknown"
"7014852",371861,2025-07-07 18:22:56,43.3604125976562,-8.84134960174561,"Unknown"
"7014852",371861,2025-07-07 18:27:50,43.3606338500977,-8.84121799468994,"Unknown"
"7014852",371861,2025-07-07 18:32:53,43.360164642334,-8.84163665771484,"Unknown"
"7014852",371861,2025-07-07 18:37:53,43.3602828979492,-8.84162616729736,"Unknown"
"7014852",371861,2025-07-07 18:43:00,43.3605117797852,-8.8414363861084,"Unknown"
"7014852",371861,2025-07-07 18:48:15,43.360424041748,-8.8413782119751,"Unknown"
"7014852",371861,2025-07-07 18:52:54,43.3604125976562,-8.84120941162109,"Unknown"
"7014852",371861,2025-07-07 18:57:51,43.3602867126465,-8.84143543243408,"Unknown"
"7014852",371861,2025-07-07 19:02:48,43.360034942627,-8.84162330627441,"Unknown"
"7014852",371861,2025-07-07 19:07:52,43.3604011535645,-8.84132480621338,"Unknown"
"7014852",371861,2025-07-07 19:12:55,43.3605690002441,-8.84123229980469,"Unknown"
"7014852",371861,2025-07-07 19:17:53,43.3604507446289,-8.84124660491943,"Unknown"
"7014852",371861,2025-07-07 19:22:53,43.3602638244629,-8.84150218963623,"Unknown"
"7014852",371861,2025-07-07 19:27:52,43.3603935241699,-8.84127426147461,"Unknown"
"7014852",371861,2025-07-07 19:33:13,43.360424041748,-8.84124946594238,"Unknown"
"7014852",371861,2025-07-07 19:37:55,43.3602523803711,-8.84142208099365,"Unknown"
"7014852",371861,2025-07-07 19:42:49,43.3603897094727,-8.84141254425049,"Unknown"
"7014852",371861,2025-07-07 19:48:16,43.360408782959,-8.84135246276855,"Unknown"
"7014852",371861,2025-07-07 19:52:58,43.3604011535645,-8.84129905700684,"Unknown"
"7014852",371861,2025-07-07 19:58:06,43.360481262207,-8.84132385253906,"Unknown"
"7014852",371861,2025-07-07 20:03:14,43.3604125976562,-8.84135150909424,"Unknown"
"7014852",371861,2025-07-07 20:07:55,43.3603515625,-8.84144401550293,"Unknown"
"7014852",371861,2025-07-07 20:12:55,43.3603935241699,-8.84140491485596,"Unknown"
"7014852",371861,2025-07-07 20:17:56,43.3604202270508,-8.84126377105713,"Unknown"
"7014852",371861,2025-07-07 20:22:56,43.3637046813965,-8.83047199249268,"Unknown"
"7014852",371861,2025-07-07 20:27:49,43.3609085083008,-8.84193134307861,"Unknown"
"7014852",371861,2025-07-07 20:32:55,43.3602066040039,-8.84157657623291,"Unknown"
"7014852",371861,2025-07-07 20:37:52,43.3602676391602,-8.8414249420166,"Unknown"
"7014852",371861,2025-07-07 20:42:53,43.3603591918945,-8.84124279022217,"Unknown"
"7014852",371861,2025-07-07 20:48:15,43.3603706359863,-8.84131908416748,"Unknown"
"7014852",371861,2025-07-07 20:53:01,43.3602981567383,-8.84131336212158,"Unknown"
"7014852",371861,2025-07-07 20:58:02,43.3603706359863,-8.84129524230957,"Unknown"
"7014852",371861,2025-07-07 21:04:01,43.3602180480957,-8.84113502502441,"Unknown"
"7014852",371861,2025-07-08 02:04:17,43.3603553771973,-8.84132480621338,"Unknown"
"7014852",371861,2025-07-08 05:14:43,43.2372169494629,-9.01044178009033,"Unknown"
"7014852",371861,2025-07-08 05:19:43,43.2016334533691,-9.08388042449951,"Unknown"
"7014852",371861,2025-07-08 05:23:26,43.1882171630859,-9.09964561462402,"Unknown"
"7014852",371861,2025-07-08 05:28:20,43.1935768127441,-9.13884449005127,"Unknown"
"7014852",371861,2025-07-08 05:33:21,43.1933097839355,-9.13575458526611,"Unknown"
"7014852",371861,2025-07-08 05:38:19,43.1927146911621,-9.1396427154541,"Unknown"
"7014852",371861,2025-07-08 05:43:20,43.1933822631836,-9.13574409484863,"Unknown"
"7014852",371861,2025-07-08 05:48:19,43.1924133300781,-9.13683795928955,"Unknown"
"7014852",371861,2025-07-08 05:53:20,43.1933517456055,-9.13586044311523,"Unknown"
"7014852",371861,2025-07-08 05:58:28,43.1933174133301,-9.1356897354126,"Unknown"
"7014852",371861,2025-07-08 06:03:20,43.1932220458984,-9.13582992553711,"Unknown"
"7014852",371861,2025-07-08 06:08:31,43.1930923461914,-9.13231754302979,"Unknown"
"7014852",371861,2025-07-08 06:13:21,43.1932640075684,-9.13222312927246,"Unknown"
"7014852",371861,2025-07-08 06:18:21,43.1930503845215,-9.13187408447266,"Unknown"
"7014852",371861,2025-07-08 06:23:22,43.1933631896973,-9.13597011566162,"Unknown"
"7014852",371861,2025-07-08 06:28:26,43.1933135986328,-9.13554286956787,"Unknown"
"7014852",371861,2025-07-08 06:33:23,43.1932601928711,-9.13564491271973,"Unknown"
"7014852",371861,2025-07-08 06:38:26,43.1928482055664,-9.13630199432373,"Unknown"
"7014852",371861,2025-07-08 06:43:28,43.1936569213867,-9.13608169555664,"Unknown"
"7014852",371861,2025-07-08 06:48:22,43.1934814453125,-9.13607883453369,"Unknown"
"7014852",371861,2025-07-08 06:53:19,43.1927337646484,-9.13640022277832,"Unknown"
"7014852",371861,2025-07-08 06:58:24,43.1909408569336,-9.13494300842285,"Unknown"
"7014852",371861,2025-07-08 07:03:21,43.1909294128418,-9.13476181030273,"Unknown"
"7014852",371861,2025-07-08 07:08:28,43.1927947998047,-9.13631153106689,"Unknown"
"7014852",371861,2025-07-08 07:13:23,43.1929359436035,-9.13608455657959,"Unknown"
"7014852",371861,2025-07-08 07:18:23,43.1933517456055,-9.13577175140381,"Unknown"
"7014852",371861,2025-07-08 07:23:26,43.1929244995117,-9.13627815246582,"Unknown"
"7014852",371861,2025-07-08 07:28:22,43.1925621032715,-9.13707733154297,"Unknown"
"7014852",371861,2025-07-08 07:33:22,43.1928749084473,-9.13650608062744,"Unknown"
"7014852",371861,2025-07-08 07:38:23,43.1917304992676,-9.13486003875732,"Unknown"
"7014852",371861,2025-07-08 07:43:44,43.1909332275391,-9.13502025604248,"Unknown"
"7014852",371861,2025-07-08 07:48:21,43.192985534668,-9.13587951660156,"Unknown"
"7014852",371861,2025-07-08 07:53:23,43.193229675293,-9.13558197021484,"Unknown"
"7014852",371861,2025-07-08 07:58:24,43.1923942565918,-9.13626575469971,"Unknown"
"7014852",371861,2025-07-08 08:03:31,43.1906089782715,-9.13512706756592,"Unknown"
"7014852",371861,2025-07-08 08:08:23,43.1917037963867,-9.13586235046387,"Unknown"
"7014852",371861,2025-07-08 08:13:22,43.1933517456055,-9.13312149047852,"Unknown"
"7014852",371861,2025-07-08 08:18:21,43.1857490539551,-9.10928344726562,"Unknown"
"7014852",371861,2025-07-08 08:23:22,43.1840744018555,-9.09324836730957,"Unknown"
"7014852",371861,2025-07-08 08:28:22,43.1815643310547,-9.09174823760986,"Unknown"
"7014852",371861,2025-07-08 08:33:53,43.1879806518555,-9.09682369232178,"Unknown"
"7014852",371861,2025-07-08 08:38:31,43.1892204284668,-9.10396385192871,"Unknown"
"7014852",371861,2025-07-08 08:43:23,43.1836853027344,-9.0929708480835,"Unknown"
"7014852",371861,2025-07-08 08:48:32,43.181583404541,-9.09212970733643,"Unknown"
"7014852",371861,2025-07-08 08:53:31,43.1813659667969,-9.09176445007324,"Unknown"
"7014852",371861,2025-07-08 08:58:33,43.1839866638184,-9.09137725830078,"Unknown"
"7014852",371861,2025-07-08 09:03:35,43.1833229064941,-9.09344577789307,"Unknown"
"7014852",371861,2025-07-08 09:08:31,43.1824798583984,-9.09134864807129,"Unknown"
"7014852",371861,2025-07-08 09:13:33,43.1827926635742,-9.09214305877686,"Unknown"
"7014852",371861,2025-07-08 09:18:36,43.1821556091309,-9.09120273590088,"Unknown"
"7014852",371861,2025-07-08 09:23:37,43.1811065673828,-9.09141540527344,"Unknown"
"7014852",371861,2025-07-08 09:28:43,43.1820526123047,-9.09169101715088,"Unknown"
"7014852",371861,2025-07-08 09:33:23,43.1804847717285,-9.09199619293213,"Unknown"
"7014852",371861,2025-07-08 09:38:22,43.1815223693848,-9.09194374084473,"Unknown"
"7014852",371861,2025-07-08 09:43:20,43.181770324707,-9.09179878234863,"Unknown"
"7014852",371861,2025-07-08 09:49:05,43.1809349060059,-9.0919942855835,"Unknown"
"7014852",371861,2025-07-08 09:53:39,43.1817512512207,-9.09152698516846,"Unknown"
"7014852",371861,2025-07-08 09:58:34,43.1814956665039,-9.09171581268311,"Unknown"
"7014852",371861,2025-07-08 10:03:45,43.1840705871582,-9.09272289276123,"Unknown"
"7014852",371861,2025-07-08 10:08:20,43.194149017334,-9.11516189575195,"Unknown"
"7014852",371861,2025-07-08 10:13:31,43.1947822570801,-9.12329959869385,"Unknown"
"7014852",371861,2025-07-08 10:18:20,43.1866149902344,-9.10232257843018,"Unknown"
"7014852",371861,2025-07-08 10:23:32,43.1822624206543,-9.09170055389404,"Unknown"
"7014852",371861,2025-07-08 10:28:22,43.1838111877441,-9.09233379364014,"Unknown"
"7014852",371861,2025-07-08 10:33:25,43.1840400695801,-9.09196662902832,"Unknown"
"7014852",371861,2025-07-08 10:38:44,43.1829376220703,-9.09256362915039,"Unknown"
"7014852",371861,2025-07-08 10:43:21,43.1849479675293,-9.09567451477051,"Unknown"
"7014852",371861,2025-07-08 10:48:31,43.1830749511719,-9.09342575073242,"Unknown"
"7014852",371861,2025-07-08 10:53:34,43.1829223632812,-9.09349155426025,"Unknown"
"7014852",371861,2025-07-08 10:58:37,43.1823043823242,-9.09256458282471,"Unknown"
"7014852",371861,2025-07-08 11:03:37,43.1820106506348,-9.09178733825684,"Unknown"
"7014852",371861,2025-07-08 11:08:31,43.183292388916,-9.0930871963501,"Unknown"
"7014852",371861,2025-07-08 11:13:35,43.1933326721191,-9.13342571258545,"Unknown"
"7014852",371861,2025-07-08 11:18:44,43.1930847167969,-9.13497829437256,"Unknown"
"7014852",371861,2025-07-08 11:23:37,43.193244934082,-9.13430881500244,"Unknown"
"7014852",371861,2025-07-08 11:28:47,43.1932182312012,-9.13474941253662,"Unknown"
"7014852",371861,2025-07-08 11:33:45,43.1931037902832,-9.13446235656738,"Unknown"
"7014852",371861,2025-07-08 11:38:31,43.1930503845215,-9.13484287261963,"Unknown"
"7014852",371861,2025-07-08 11:43:20,43.193244934082,-9.13494968414307,"Unknown"
"7014852",371861,2025-07-08 11:48:31,43.1931800842285,-9.13487434387207,"Unknown"
"7014852",371861,2025-07-08 11:53:32,43.1932907104492,-9.13449859619141,"Unknown"
"7014852",371861,2025-07-08 11:58:19,43.1929130554199,-9.11691379547119,"Unknown"
"7014852",371861,2025-07-08 12:04:13,43.1830749511719,-9.10526561737061,"Unknown"
"7014852",371861,2025-07-08 12:08:34,43.1831283569336,-9.09188747406006,"Unknown"
"7014852",371861,2025-07-08 12:13:32,43.1834335327148,-9.09325790405273,"Unknown"
"7014852",371861,2025-07-08 12:18:32,43.1851425170898,-9.093017578125,"Unknown"
"7014852",371861,2025-07-08 12:24:23,43.1857795715332,-9.09192180633545,"Unknown"
"7014852",371861,2025-07-08 12:28:19,43.1845626831055,-9.09144496917725,"Unknown"
"7014852",371861,2025-07-08 12:33:19,43.185188293457,-9.09264278411865,"Unknown"
"7014852",371861,2025-07-08 12:38:44,43.1829986572266,-9.09260368347168,"Unknown"
"7014852",371861,2025-07-08 12:43:22,43.184009552002,-9.09223365783691,"Unknown"
"7014852",371861,2025-07-08 12:48:30,43.1824493408203,-9.09183883666992,"Unknown"
"7014852",371861,2025-07-08 12:53:32,43.1822280883789,-9.0918550491333,"Unknown"
"7014852",371861,2025-07-08 12:58:32,43.1822662353516,-9.09181308746338,"Unknown"
"7014852",371861,2025-07-08 13:03:32,43.1826934814453,-9.09172630310059,"Unknown"
"7014852",371861,2025-07-08 13:09:05,43.1822967529297,-9.09185791015625,"Unknown"
"7014852",371861,2025-07-08 13:13:19,43.1821632385254,-9.09193706512451,"Unknown"
"7014852",371861,2025-07-08 13:18:20,43.1848220825195,-9.0874719619751,"Unknown"
"7014852",371861,2025-07-08 13:23:21,43.1839408874512,-9.06267356872559,"Unknown"
"7014852",371861,2025-07-08 13:28:30,43.1938133239746,-9.04016590118408,"Unknown"
"7014852",371861,2025-07-08 13:33:34,43.194278717041,-9.0382604598999,"Unknown"
"7014852",371861,2025-07-08 13:38:35,43.211051940918,-9.02355003356934,"Unknown"
"7014852",371861,2025-07-08 13:43:40,43.2248725891113,-9.00425815582275,"Unknown"
"7014852",371861,2025-07-08 13:48:20,43.2309837341309,-9.00418853759766,"Unknown"
"7014852",371861,2025-07-08 13:53:20,43.2432975769043,-8.99790668487549,"Unknown"
"7014852",371861,2025-07-08 13:58:20,43.2558441162109,-8.98550605773926,"Unknown"
"7014852",371861,2025-07-08 14:03:21,43.2690925598145,-8.98425769805908,"Unknown"
"7014852",371861,2025-07-08 14:08:24,43.2822151184082,-8.97674465179443,"Unknown"
"7014852",371861,2025-07-08 14:13:32,43.2908248901367,-8.95033359527588,"Unknown"
"7014852",371861,2025-07-08 14:18:23,43.2928237915039,-8.92080116271973,"Unknown"
"7014852",371861,2025-07-08 14:23:28,43.3089294433594,-8.90964221954346,"Unknown"
"7014852",371861,2025-07-08 14:28:20,43.3202285766602,-8.89867305755615,"Unknown"
"7014852",371861,2025-07-08 14:34:29,43.3155517578125,-8.86143970489502,"Unknown"
"7014852",371861,2025-07-08 14:38:19,43.3150787353516,-8.857253074646,"Unknown"
"7014852",371861,2025-07-08 14:43:20,43.3286476135254,-8.846848487854,"Unknown"
"7014852",371861,2025-07-08 14:48:21,43.3429985046387,-8.83561706542969,"Unknown"
"7014852",371861,2025-07-08 14:53:20,43.3581123352051,-8.83167934417725,"Unknown"
"7014852",371861,2025-07-08 14:58:31,43.3603553771973,-8.8413200378418,"Unknown"
"7014852",371861,2025-07-08 15:03:19,43.3603096008301,-8.84128284454346,"Unknown"
"7014852",371861,2025-07-08 15:08:22,43.3604164123535,-8.8414421081543,"Unknown"
"7014852",371861,2025-07-08 15:13:31,43.3603744506836,-8.84138011932373,"Unknown"
"7014852",371861,2025-07-08 15:18:21,43.3603668212891,-8.84136772155762,"Unknown"
"7014852",371861,2025-07-08 15:23:23,43.3604927062988,-8.8415470123291,"Unknown"
"7014852",371861,2025-07-08 15:28:31,43.3603820800781,-8.84136962890625,"Unknown"
"7014852",371861,2025-07-08 15:33:19,43.360279083252,-8.84118747711182,"Unknown"
"7014852",371861,2025-07-08 15:38:32,43.3603744506836,-8.84141540527344,"Unknown"
"7014852",371861,2025-07-08 15:43:42,43.3603858947754,-8.84137439727783,"Unknown"
"7014852",371861,2025-07-08 15:48:19,43.3603172302246,-8.84137725830078,"Unknown"
"7014852",371861,2025-07-08 15:53:19,43.3603019714355,-8.84124660491943,"Unknown"
"7014852",371861,2025-07-08 15:58:21,43.3603973388672,-8.8414192199707,"Unknown"
"7014852",371861,2025-07-08 16:03:21,43.3603668212891,-8.84140014648438,"Unknown"
"7014852",371861,2025-07-08 16:08:19,43.3603172302246,-8.8413724899292,"Unknown"
"7014852",371861,2025-07-08 16:13:19,43.3603515625,-8.84142971038818,"Unknown"
"7014852",371861,2025-07-08 16:18:22,43.3604049682617,-8.84141254425049,"Unknown"
"7014852",371861,2025-07-08 16:23:19,43.3603706359863,-8.84136199951172,"Unknown"
"7014852",371861,2025-07-08 16:28:21,43.3604393005371,-8.84154319763184,"Unknown"
"7014852",371861,2025-07-08 16:33:45,43.3603973388672,-8.84140682220459,"Unknown"
"7014852",371861,2025-07-08 16:38:19,43.3603439331055,-8.84141445159912,"Unknown"
"7014852",371861,2025-07-08 16:43:21,43.3617553710938,-8.83743572235107,"Unknown"
"7014852",371861,2025-07-08 16:48:20,43.3603439331055,-8.84126091003418,"Unknown"
"7014852",371861,2025-07-08 16:53:20,43.3604011535645,-8.84152698516846,"Unknown"
"7014852",371861,2025-07-08 16:58:21,43.3603897094727,-8.84140396118164,"Unknown"
"7014852",371861,2025-07-08 17:03:22,43.3603858947754,-8.8415002822876,"Unknown"
"7014852",371861,2025-07-08 17:08:25,43.3603820800781,-8.84135246276855,"Unknown"
"7014852",371861,2025-07-08 17:13:22,43.3604202270508,-8.84148025512695,"Unknown"
"7014852",371861,2025-07-08 17:18:20,43.3604049682617,-8.84138584136963,"Unknown"
"7014852",371861,2025-07-08 17:23:43,43.3603706359863,-8.84140300750732,"Unknown"
"7014852",371861,2025-07-08 17:28:22,43.3604011535645,-8.84139251708984,"Unknown"
"7014852",371861,2025-07-08 17:33:19,43.3604011535645,-8.84142112731934,"Unknown"
"7014852",371861,2025-07-08 17:38:19,43.3603897094727,-8.84143829345703,"Unknown"
"7014852",371861,2025-07-08 17:43:22,43.3602867126465,-8.84130764007568,"Unknown"
"7014852",371861,2025-07-08 17:48:46,43.3604164123535,-8.84143543243408,"Unknown"
"7014852",371861,2025-07-08 17:53:31,43.3604049682617,-8.84119033813477,"Unknown"
"7014852",371861,2025-07-08 17:58:30,43.3601684570312,-8.84078025817871,"Unknown"
"7014852",371861,2025-07-08 18:03:45,43.360294342041,-8.8413143157959,"Unknown"
"7014852",371861,2025-07-08 18:08:20,43.3602142333984,-8.84136962890625,"Unknown"
"7014852",371861,2025-07-08 18:13:22,43.3602638244629,-8.84132766723633,"Unknown"
"7014852",371861,2025-07-08 18:18:19,43.3602256774902,-8.84114265441895,"Unknown"
"7014852",371861,2025-07-08 18:23:20,43.3603439331055,-8.84131717681885,"Unknown"
"7014852",371861,2025-07-08 18:28:26,43.3603744506836,-8.84131622314453,"Unknown"
"7014852",371861,2025-07-08 18:33:22,43.360221862793,-8.84128189086914,"Unknown"
"7014852",371861,2025-07-08 18:38:25,43.3603935241699,-8.84136581420898,"Unknown"
"7014852",371861,2025-07-08 18:43:24,43.3602561950684,-8.84133529663086,"Unknown"
"7014852",371861,2025-07-08 18:48:52,43.3603515625,-8.84133815765381,"Unknown"
"7014852",371861,2025-07-08 18:53:19,43.3603668212891,-8.84130382537842,"Unknown"
"7014852",371861,2025-07-08 18:58:19,43.3603286743164,-8.84129428863525,"Unknown"
"7014852",371861,2025-07-08 19:03:19,43.3601570129395,-8.84109687805176,"Unknown"
"7014852",371861,2025-07-08 19:08:19,43.3609733581543,-8.84200859069824,"Unknown"
"7014852",371861,2025-07-08 19:13:19,43.360424041748,-8.84134483337402,"Unknown"
"7014852",371861,2025-07-08 19:18:19,43.3603744506836,-8.84139537811279,"Unknown"
"7014852",371861,2025-07-08 19:23:19,43.3603744506836,-8.84134101867676,"Unknown"
"7014852",371861,2025-07-08 19:28:20,43.3602676391602,-8.84131145477295,"Unknown"
"7014852",371861,2025-07-08 19:33:19,43.3603248596191,-8.84125328063965,"Unknown"
"7014852",371861,2025-07-08 19:38:19,43.3604011535645,-8.84134578704834,"Unknown"
"7014852",371861,2025-07-08 19:43:20,43.3633880615234,-8.83197021484375,"Unknown"
"7014852",371861,2025-07-08 19:48:21,43.3603897094727,-8.84146404266357,"Unknown"
"7014852",371861,2025-07-08 19:53:19,43.360279083252,-8.84140682220459,"Unknown"
"7014852",371861,2025-07-08 19:58:21,43.360481262207,-8.84135246276855,"Unknown"
"7014852",371861,2025-07-08 20:03:19,43.3603401184082,-8.84141254425049,"Unknown"
"7014852",371861,2025-07-08 20:08:19,43.3603172302246,-8.84134578704834,"Unknown"
"7014852",371861,2025-07-08 20:13:20,43.3602752685547,-8.84121513366699,"Unknown"
"7014852",371861,2025-07-08 20:18:27,43.3602523803711,-8.84122848510742,"Unknown"
"7014852",371861,2025-07-08 20:23:20,43.3602142333984,-8.84118843078613,"Unknown"
"7014852",371861,2025-07-08 20:28:19,43.3603591918945,-8.84143829345703,"Unknown"
"7014852",371861,2025-07-08 20:33:20,43.3604011535645,-8.84135341644287,"Unknown"
"7014852",371861,2025-07-08 20:38:44,43.3603134155273,-8.84132766723633,"Unknown"
"7014852",371861,2025-07-08 20:43:18,43.3604736328125,-8.84160995483398,"Unknown"
"7014852",371861,2025-07-08 20:48:20,43.3604316711426,-8.84139251708984,"Unknown"
"7014852",371861,2025-07-08 20:53:23,43.3607025146484,-8.84185028076172,"Unknown"
"7014852",371861,2025-07-08 20:58:35,43.3603668212891,-8.8413143157959,"Unknown"
"7014852",371861,2025-07-08 21:03:21,43.3603591918945,-8.84131336212158,"Unknown"
"7014852",371861,2025-07-09 02:03:53,43.3585929870605,-8.83219718933105,"Unknown"
"7014852",371861,2025-07-09 05:09:35,43.3603324890137,-8.84137058258057,"Unknown"
"7014852",371861,2025-07-09 05:14:07,43.3604583740234,-8.8415060043335,"Unknown"
"7014852",371861,2025-07-09 05:19:08,43.3605194091797,-8.84143447875977,"Unknown"
"7014852",371861,2025-07-09 05:24:08,43.3607139587402,-8.84144973754883,"Unknown"
"7014852",371861,2025-07-09 05:29:08,43.3603591918945,-8.84123420715332,"Unknown"
"7014852",371861,2025-07-09 05:34:12,43.3607063293457,-8.84184646606445,"Unknown"
"7014852",371861,2025-07-09 05:39:11,43.3607597351074,-8.84094047546387,"Unknown"
"7014852",371861,2025-07-09 05:44:11,43.3618354797363,-8.84121036529541,"Unknown"
"7014852",371861,2025-07-09 05:49:11,43.3613395690918,-8.8411750793457,"Unknown"
"7014852",371861,2025-07-09 05:54:21,43.3600540161133,-8.84172630310059,"Unknown"
"7014852",371861,2025-07-09 05:59:29,43.3602333068848,-8.84147930145264,"Unknown"
"7014852",371861,2025-07-09 06:04:32,43.3602867126465,-8.8414192199707,"Unknown"
"7014852",371861,2025-07-09 06:09:08,43.3602714538574,-8.84143829345703,"Unknown"
"7014852",371861,2025-07-09 06:14:07,43.3602600097656,-8.84145927429199,"Unknown"
"7014852",371861,2025-07-09 06:19:08,43.3603096008301,-8.84137535095215,"Unknown"
"7014852",371861,2025-07-09 06:24:08,43.3602752685547,-8.84145259857178,"Unknown"
"7014852",371861,2025-07-09 06:29:08,43.3602676391602,-8.84146690368652,"Unknown"
"7014852",371861,2025-07-09 06:34:07,43.3603553771973,-8.84142112731934,"Unknown"
"7014852",371861,2025-07-09 06:39:07,43.3602828979492,-8.84146499633789,"Unknown"
"7014852",371861,2025-07-09 06:44:08,43.3603363037109,-8.84133625030518,"Unknown"
"7014852",371861,2025-07-09 06:49:08,43.3608055114746,-8.84166812896729,"Unknown"
"7014852",371861,2025-07-09 06:54:08,43.3607063293457,-8.84211826324463,"Unknown"
"7014852",371861,2025-07-09 06:59:08,43.360279083252,-8.84142112731934,"Unknown"
"7014852",371861,2025-07-09 07:04:07,43.3603134155273,-8.8413200378418,"Unknown"
"7014852",371861,2025-07-09 07:09:08,43.3603019714355,-8.8413143157959,"Unknown"
"7014852",371861,2025-07-09 07:14:07,43.3603057861328,-8.84135818481445,"Unknown"
"7014852",371861,2025-07-09 07:19:08,43.3602447509766,-8.84135055541992,"Unknown"
"7014852",371861,2025-07-09 07:24:08,43.3602981567383,-8.84129810333252,"Unknown"
"7014852",371861,2025-07-09 07:29:10,43.3605499267578,-8.84177303314209,"Unknown"
"7014852",371861,2025-07-09 07:34:07,43.3609962463379,-8.84180545806885,"Unknown"
"7014852",371861,2025-07-09 07:39:07,43.3603858947754,-8.84114933013916,"Unknown"
"7014852",371861,2025-07-09 07:44:08,43.3603324890137,-8.8411283493042,"Unknown"
"7014852",371861,2025-07-09 07:49:08,43.3603630065918,-8.8413610458374,"Unknown"
"7014852",371861,2025-07-09 07:54:09,43.3602905273438,-8.84116649627686,"Unknown"
"7014852",371861,2025-07-09 07:59:10,43.3602676391602,-8.84124565124512,"Unknown"
"7014852",371861,2025-07-09 08:04:10,43.3603057861328,-8.84126281738281,"Unknown"
"7014852",371861,2025-07-09 08:09:10,43.3595504760742,-8.84065818786621,"Unknown"
"7014852",371861,2025-07-09 08:14:17,43.3603820800781,-8.84142017364502,"Unknown"
"7014852",371861,2025-07-09 08:19:13,43.3603515625,-8.84138298034668,"Unknown"
"7014852",371861,2025-07-09 08:24:09,43.3603515625,-8.84140014648438,"Unknown"
"7014852",371861,2025-07-09 08:29:13,43.3603134155273,-8.84142303466797,"Unknown"
"7014852",371861,2025-07-09 08:34:13,43.3603553771973,-8.84144306182861,"Unknown"
"7014852",371861,2025-07-09 08:39:08,43.3603363037109,-8.84126472473145,"Unknown"
"7014852",371861,2025-07-09 08:44:11,43.3604888916016,-8.84143543243408,"Unknown"
"7014852",371861,2025-07-09 08:49:18,43.3605842590332,-8.84331798553467,"Unknown"
"7014852",371861,2025-07-09 08:54:10,43.3502311706543,-8.83475780487061,"Unknown"
"7014852",371861,2025-07-09 08:59:13,43.3608093261719,-8.83314228057861,"Unknown"
"7014852",371861,2025-07-09 09:04:12,43.3607444763184,-8.84334659576416,"Unknown"
"7014852",371861,2025-07-09 09:09:18,43.3604354858398,-8.84147453308105,"Unknown"
"7014852",371861,2025-07-09 09:14:39,43.3606033325195,-8.84070110321045,"Unknown"
"7014852",371861,2025-07-09 09:19:19,43.3605422973633,-8.84111022949219,"Unknown"
"7014852",371861,2025-07-09 09:24:18,43.3604469299316,-8.84099292755127,"Unknown"
"7014852",371861,2025-07-09 09:29:35,43.3674621582031,-8.84584999084473,"Unknown"
"7014852",371861,2025-07-09 09:34:08,43.375602722168,-8.85926818847656,"Unknown"
"7014852",371861,2025-07-09 09:39:07,43.3763961791992,-8.85700416564941,"Unknown"
"7014852",371861,2025-07-09 09:44:12,43.3755111694336,-8.85940837860107,"Unknown"
"7014852",371861,2025-07-09 09:49:08,43.3674774169922,-8.85139274597168,"Unknown"
"7014852",371861,2025-07-09 09:54:16,43.3604164123535,-8.84135055541992,"Unknown"
"7014852",371861,2025-07-09 09:59:09,43.360424041748,-8.84124946594238,"Unknown"
"7014852",371861,2025-07-09 10:04:35,43.360424041748,-8.84136295318604,"Unknown"
"7014852",371861,2025-07-09 10:09:08,43.3603897094727,-8.84141159057617,"Unknown"
"7014852",371861,2025-07-09 10:14:07,43.3603706359863,-8.84140682220459,"Unknown"
"7014852",371861,2025-07-09 10:19:08,43.3603744506836,-8.84135150909424,"Unknown"
"7014852",371861,2025-07-09 10:24:08,43.3603553771973,-8.84135437011719,"Unknown"
"7014852",371861,2025-07-09 10:29:08,43.3603706359863,-8.84128093719482,"Unknown"
"7014852",371861,2025-07-09 10:34:08,43.3603744506836,-8.84139442443848,"Unknown"
"7014852",371861,2025-07-09 10:39:08,43.3604431152344,-8.84127140045166,"Unknown"
"7014852",371861,2025-07-09 10:44:09,43.3603820800781,-8.84130001068115,"Unknown"
"7014852",371861,2025-07-09 10:49:09,43.3603248596191,-8.8413610458374,"Unknown"
"7014852",371861,2025-07-09 10:54:07,43.3603897094727,-8.84133052825928,"Unknown"
"7014852",371861,2025-07-09 10:59:07,43.3603553771973,-8.84138107299805,"Unknown"
"7014852",371861,2025-07-09 11:04:07,43.3630981445312,-8.83737564086914,"Unknown"
"7014852",371861,2025-07-09 11:09:07,43.3656921386719,-8.84415817260742,"Unknown"
"7014852",371861,2025-07-09 11:14:08,43.3650207519531,-8.82223796844482,"Unknown"
"7014852",371861,2025-07-09 11:19:08,43.3481063842773,-8.82949447631836,"Unknown"
"7014852",371861,2025-07-09 11:24:08,43.3491554260254,-8.83158683776855,"Unknown"
"7014852",371861,2025-07-09 11:29:07,43.368091583252,-8.82906341552734,"Unknown"
"7014852",371861,2025-07-09 11:34:08,43.3727035522461,-8.83576011657715,"Unknown"
"7014852",371861,2025-07-09 11:39:10,43.3921318054199,-8.83365917205811,"Unknown"
"7014852",371861,2025-07-09 11:44:09,43.4131660461426,-8.84230136871338,"Unknown"
"7014852",371861,2025-07-09 11:49:07,43.3851928710938,-8.85912322998047,"Unknown"
"7014852",371861,2025-07-09 11:55:32,43.3757934570312,-8.85850429534912,"Unknown"
"7014852",371861,2025-07-09 11:59:35,43.3718681335449,-8.85032939910889,"Unknown"
"7014852",371861,2025-07-09 12:04:18,43.3604354858398,-8.84127330780029,"Unknown"
"7014852",371861,2025-07-09 12:09:13,43.3602638244629,-8.84110069274902,"Unknown"
"7014852",371861,2025-07-09 12:14:08,43.3605766296387,-8.84119701385498,"Unknown"
"7014852",371861,2025-07-09 12:19:18,43.3601913452148,-8.8414888381958,"Unknown"
"7014852",371861,2025-07-09 12:24:18,43.3602714538574,-8.84133434295654,"Unknown"
"7014852",371861,2025-07-09 12:29:18,43.3602676391602,-8.84142780303955,"Unknown"
"7014852",371861,2025-07-09 12:34:15,43.3602485656738,-8.84126949310303,"Unknown"
"7014852",371861,2025-07-09 12:39:35,43.3603820800781,-8.84134769439697,"Unknown"
"7014852",371861,2025-07-09 12:44:08,43.3604316711426,-8.841383934021,"Unknown"
"7014852",371861,2025-07-09 12:49:08,43.3603820800781,-8.84138107299805,"Unknown"
"7014852",371861,2025-07-09 12:54:07,43.3603401184082,-8.84147357940674,"Unknown"
"7014852",371861,2025-07-09 12:59:10,43.3607406616211,-8.84158325195312,"Unknown"
"7014852",371861,2025-07-09 13:04:07,43.3601913452148,-8.84115982055664,"Unknown"
"7014852",371861,2025-07-09 13:09:09,43.360164642334,-8.84092044830322,"Unknown"
"7014852",371861,2025-07-09 13:14:07,43.3602066040039,-8.84110546112061,"Unknown"
"7014852",371861,2025-07-09 13:19:07,43.3667297363281,-8.83633613586426,"Unknown"
"7014852",371861,2025-07-09 13:24:10,43.3701667785645,-8.83515453338623,"Unknown"
"7014852",371861,2025-07-09 13:29:07,43.3683166503906,-8.83606910705566,"Unknown"
"7014852",371861,2025-07-09 13:35:02,43.3610038757324,-8.84415340423584,"Unknown"
"7014852",371861,2025-07-09 13:40:16,43.360710144043,-8.84430027008057,"Unknown"
"7014852",371861,2025-07-09 13:44:07,43.3623809814453,-8.84320259094238,"Unknown"
"7014852",371861,2025-07-09 13:49:10,43.3602676391602,-8.84122943878174,"Unknown"
"7014852",371861,2025-07-09 13:54:09,43.3602142333984,-8.84122467041016,"Unknown"
"7014852",371861,2025-07-09 13:59:09,43.3602828979492,-8.84156227111816,"Unknown"
"7014852",371861,2025-07-09 14:04:19,43.3603973388672,-8.84125518798828,"Unknown"
"7014852",371861,2025-07-09 14:09:11,43.3605766296387,-8.84160995483398,"Unknown"
"7014852",371861,2025-07-09 14:14:07,43.3604354858398,-8.84123992919922,"Unknown"
"7014852",371861,2025-07-09 14:19:10,43.3606796264648,-8.84149265289307,"Unknown"
"7014852",371861,2025-07-09 14:24:11,43.3604049682617,-8.84109401702881,"Unknown"
"7014852",371861,2025-07-09 14:29:17,43.3604278564453,-8.84129333496094,"Unknown"
"7014852",371861,2025-07-09 14:34:12,43.3602714538574,-8.84124565124512,"Unknown"
"7014852",371861,2025-07-09 14:39:08,43.3603324890137,-8.84139347076416,"Unknown"
"7014852",371861,2025-07-09 14:44:09,43.360408782959,-8.84143447875977,"Unknown"
"7014852",371861,2025-07-09 14:49:08,43.3601951599121,-8.84116268157959,"Unknown"
"7014852",371861,2025-07-09 14:54:09,43.3604354858398,-8.84138011932373,"Unknown"
"7014852",371861,2025-07-09 14:59:20,43.3603668212891,-8.84130573272705,"Unknown"
"7014852",371861,2025-07-09 15:04:34,43.3603286743164,-8.8413610458374,"Unknown"
"7014852",371861,2025-07-09 15:09:11,43.3604850769043,-8.84175777435303,"Unknown"
"7014852",371861,2025-07-09 15:14:44,43.3603363037109,-8.84111976623535,"Unknown"
"7014852",371861,2025-07-09 15:19:08,43.3612480163574,-8.84165191650391,"Unknown"
"7014852",371861,2025-07-09 15:24:31,43.3603668212891,-8.84123706817627,"Unknown"
"7014852",371861,2025-07-09 15:29:07,43.3611297607422,-8.84095478057861,"Unknown"
"7014852",371861,2025-07-09 15:34:10,43.3604698181152,-8.84117794036865,"Unknown"
"7014852",371861,2025-07-09 15:39:18,43.3603477478027,-8.84128284454346,"Unknown"
"7014852",371861,2025-07-09 15:44:08,43.3576126098633,-8.83852291107178,"Unknown"
"7014852",371861,2025-07-09 15:49:09,43.3569068908691,-8.83963203430176,"Unknown"
"7014852",371861,2025-07-09 15:54:09,43.362117767334,-8.85172176361084,"Unknown"
"7014852",371861,2025-07-09 15:59:28,43.3605995178223,-8.83710289001465,"Unknown"
"7014852",371861,2025-07-09 16:04:12,43.3605461120605,-8.84098243713379,"Unknown"
"7014852",371861,2025-07-09 16:09:35,43.3603668212891,-8.84132480621338,"Unknown"
"7014852",371861,2025-07-09 16:14:12,43.3603134155273,-8.84122657775879,"Unknown"
"7014852",371861,2025-07-09 16:19:09,43.3603858947754,-8.84144592285156,"Unknown"
"7014852",371861,2025-07-09 16:24:08,43.3603019714355,-8.84131336212158,"Unknown"
"7014852",371861,2025-07-09 16:29:07,43.3603363037109,-8.84133338928223,"Unknown"
"7014852",371861,2025-07-09 16:34:18,43.3603515625,-8.84138488769531,"Unknown"
"7014852",371861,2025-07-09 16:39:10,43.3603210449219,-8.8412389755249,"Unknown"
"7014852",371861,2025-07-09 16:44:11,43.3604125976562,-8.84133148193359,"Unknown"
"7014852",371861,2025-07-09 16:49:22,43.3603363037109,-8.84129047393799,"Unknown"
"7014852",371861,2025-07-09 16:54:07,43.3603782653809,-8.84127616882324,"Unknown"
"7014852",371861,2025-07-09 16:59:09,43.3604469299316,-8.84141159057617,"Unknown"
"7014852",371861,2025-07-09 17:04:08,43.3604164123535,-8.84126949310303,"Unknown"
"7014852",371861,2025-07-09 17:09:44,43.3603935241699,-8.84120750427246,"Unknown"
"7014852",371861,2025-07-09 17:14:33,43.360424041748,-8.84126758575439,"Unknown"
"7014852",371861,2025-07-09 17:19:08,43.3603935241699,-8.84135818481445,"Unknown"
"7014852",371861,2025-07-09 17:24:08,43.360523223877,-8.84136581420898,"Unknown"
"7014852",371861,2025-07-09 17:29:08,43.360538482666,-8.84139633178711,"Unknown"
"7014852",371861,2025-07-09 17:34:12,43.360538482666,-8.84150695800781,"Unknown"
"7014852",371861,2025-07-09 17:39:12,43.3606071472168,-8.84157848358154,"Unknown"
"7014852",371861,2025-07-09 17:44:22,43.3604736328125,-8.8418436050415,"Unknown"
"7014852",371861,2025-07-09 17:49:34,43.3603363037109,-8.84129905700684,"Unknown"
"7014852",371861,2025-07-09 17:54:09,43.3603286743164,-8.84172534942627,"Unknown"
"7014852",371861,2025-07-09 17:59:08,43.3603477478027,-8.84165573120117,"Unknown"
"7014852",371861,2025-07-09 18:04:08,43.3601150512695,-8.84119987487793,"Unknown"
"7014852",371861,2025-07-09 18:09:08,43.360668182373,-8.84216117858887,"Unknown"
"7014852",371861,2025-07-09 18:14:09,43.3604431152344,-8.84199333190918,"Unknown"
"7014852",371861,2025-07-09 18:19:11,43.3603096008301,-8.84156608581543,"Unknown"
"7014852",371861,2025-07-09 18:24:09,43.3605041503906,-8.84176921844482,"Unknown"
"7014852",371861,2025-07-09 18:29:10,43.3603782653809,-8.84118270874023,"Unknown"
"7014852",371861,2025-07-09 18:34:11,43.3602561950684,-8.8410120010376,"Unknown"
"7014852",371861,2025-07-09 18:39:13,43.3596420288086,-8.83990287780762,"Unknown"
"7014852",371861,2025-07-09 18:44:11,43.3603248596191,-8.84130764007568,"Unknown"
"7014852",371861,2025-07-09 18:49:18,43.3602142333984,-8.84138488769531,"Unknown"
"7014852",371861,2025-07-09 18:54:10,43.3704872131348,-8.85482215881348,"Unknown"
"7014852",371861,2025-07-09 18:59:16,43.374382019043,-8.86434364318848,"Unknown"
"7014852",371861,2025-07-09 19:04:08,43.3803596496582,-8.86682415008545,"Unknown"
"7014852",371861,2025-07-09 19:09:11,43.3713111877441,-8.86177825927734,"Unknown"
"7014852",371861,2025-07-09 19:14:08,43.3620147705078,-8.84390258789062,"Unknown"
"7014852",371861,2025-07-09 19:19:16,43.3603630065918,-8.8415002822876,"Unknown"
"7014852",371861,2025-07-09 19:24:12,43.3603515625,-8.84151363372803,"Unknown"
"7014852",371861,2025-07-09 19:29:09,43.3604011535645,-8.84163188934326,"Unknown"
"7014852",371861,2025-07-09 19:34:19,43.3603706359863,-8.84146308898926,"Unknown"
"7014852",371861,2025-07-09 19:39:23,43.3603591918945,-8.84145832061768,"Unknown"
"7014852",371861,2025-07-09 19:44:11,43.3602027893066,-8.84122276306152,"Unknown"
"7014852",371861,2025-07-09 19:49:17,43.3603210449219,-8.84146595001221,"Unknown"
"7014852",371861,2025-07-09 19:54:35,43.3603858947754,-8.84145355224609,"Unknown"
"7014852",371861,2025-07-09 19:59:08,43.3603744506836,-8.84142589569092,"Unknown"
"7014852",371861,2025-07-09 20:04:10,43.3603744506836,-8.84147167205811,"Unknown"
"7014852",371861,2025-07-09 20:09:08,43.3600616455078,-8.84124374389648,"Unknown"
"7014852",371861,2025-07-09 20:14:11,43.3602981567383,-8.84136009216309,"Unknown"
"7014852",371861,2025-07-09 20:19:10,43.3603324890137,-8.84141445159912,"Unknown"
"7014852",371861,2025-07-09 20:24:18,43.3603401184082,-8.84140300750732,"Unknown"
"7014852",371861,2025-07-09 20:29:09,43.3603401184082,-8.8414134979248,"Unknown"
"7014852",371861,2025-07-09 20:34:10,43.360294342041,-8.84135437011719,"Unknown"
"7014852",371861,2025-07-09 20:39:35,43.3603630065918,-8.84138679504395,"Unknown"
"7014852",371861,2025-07-09 20:44:07,43.3603591918945,-8.84138965606689,"Unknown"
"7014852",371861,2025-07-09 20:49:08,43.3603363037109,-8.84129333496094,"Unknown"
"7014852",371861,2025-07-09 20:54:07,43.3603477478027,-8.84134674072266,"Unknown"
"7014852",371861,2025-07-09 20:59:07,43.3602981567383,-8.84136962890625,"Unknown"
"7014852",371861,2025-07-09 21:03:03,43.3603401184082,-8.84139633178711,"Unknown"
"7014852",371861,2025-07-10 02:03:35,43.3603668212891,-8.84133529663086,"Unknown"
"7014852",371861,2025-07-10 05:10:14,43.3603668212891,-8.84143543243408,"Unknown"
"7014852",371861,2025-07-10 05:15:07,43.3602561950684,-8.84128665924072,"Unknown"
"7014852",371861,2025-07-10 05:20:07,43.3602752685547,-8.84119129180908,"Unknown"
"7014852",371861,2025-07-10 05:25:08,43.3602485656738,-8.84114742279053,"Unknown"
"7014852",371861,2025-07-10 05:30:12,43.3603363037109,-8.84128475189209,"Unknown"
"7014852",371861,2025-07-10 05:34:57,43.3602676391602,-8.8412036895752,"Unknown"
"7014852",371861,2025-07-10 05:40:05,43.3603477478027,-8.84120941162109,"Unknown"
"7014852",371861,2025-07-10 05:45:08,43.3603057861328,-8.8413257598877,"Unknown"
"7014852",371861,2025-07-10 05:50:04,43.3602447509766,-8.84126091003418,"Unknown"
"7014852",371861,2025-07-10 05:55:00,43.3600845336914,-8.84086418151855,"Unknown"
"7014852",371861,2025-07-10 06:00:06,43.3602905273438,-8.84135150909424,"Unknown"
"7014852",371861,2025-07-10 06:05:06,43.3603019714355,-8.84118461608887,"Unknown"
"7014852",371861,2025-07-10 06:09:57,43.3602752685547,-8.84112071990967,"Unknown"
"7014852",371861,2025-07-10 06:14:59,43.3603248596191,-8.84156799316406,"Unknown"
"7014852",371861,2025-07-10 06:20:28,43.3603248596191,-8.84134292602539,"Unknown"
"7014852",371861,2025-07-10 06:24:54,43.3603782653809,-8.84144306182861,"Unknown"
"7014852",371861,2025-07-10 06:29:54,43.3603019714355,-8.84146595001221,"Unknown"
"7014852",371861,2025-07-10 06:34:58,43.3606414794922,-8.84114837646484,"Unknown"
"7014852",371861,2025-07-10 06:39:58,43.3601379394531,-8.8418493270874,"Unknown"
"7014852",371861,2025-07-10 06:44:56,43.3602867126465,-8.84144115447998,"Unknown"
"7014852",371861,2025-07-10 06:50:14,43.3603286743164,-8.8413610458374,"Unknown"
"7014852",371861,2025-07-10 06:54:54,43.3602714538574,-8.84136009216309,"Unknown"
"7014852",371861,2025-07-10 06:59:57,43.3603935241699,-8.84167003631592,"Unknown"
"7014852",371861,2025-07-10 07:05:03,43.3603858947754,-8.84169864654541,"Unknown"
"7014852",371861,2025-07-10 07:09:57,43.360279083252,-8.84138965606689,"Unknown"
"7014852",371861,2025-07-10 07:14:54,43.3617515563965,-8.82777976989746,"Unknown"
"7014852",371861,2025-07-10 07:20:04,43.3652839660645,-8.82767772674561,"Unknown"
"7014852",371861,2025-07-10 07:25:14,43.3670845031738,-8.83030414581299,"Unknown"
"7014852",371861,2025-07-10 07:30:14,43.367919921875,-8.83159732818604,"Unknown"
"7014852",371861,2025-07-10 07:34:58,43.3676528930664,-8.83073902130127,"Unknown"
"7014852",371861,2025-07-10 07:39:57,43.3646087646484,-8.82711219787598,"Unknown"
"7014852",371861,2025-07-10 07:44:56,43.3648300170898,-8.82804393768311,"Unknown"
"7014852",371861,2025-07-10 07:50:59,43.3747978210449,-8.86099338531494,"Unknown"
"7014852",371861,2025-07-10 07:54:56,43.3635101318359,-8.84863471984863,"Unknown"
"7014852",371861,2025-07-10 08:00:00,43.3602676391602,-8.84124279022217,"Unknown"
"7014852",371861,2025-07-10 08:05:00,43.3602104187012,-8.84143257141113,"Unknown"
"7014852",371861,2025-07-10 08:10:36,43.3603210449219,-8.84130477905273,"Unknown"
"7014852",371861,2025-07-10 08:14:54,43.3602027893066,-8.84128475189209,"Unknown"
"7014852",371861,2025-07-10 08:20:03,43.3602714538574,-8.84127712249756,"Unknown"
"7014852",371861,2025-07-10 08:25:09,43.3602447509766,-8.84123611450195,"Unknown"
"7014852",371861,2025-07-10 08:30:16,43.3602066040039,-8.84134006500244,"Unknown"
"7014852",371861,2025-07-10 08:35:10,43.3602676391602,-8.84129524230957,"Unknown"
"7014852",371861,2025-07-10 08:39:58,43.3603248596191,-8.84142112731934,"Unknown"
"7014852",371861,2025-07-10 08:44:57,43.3603820800781,-8.8412618637085,"Unknown"
"7014852",371861,2025-07-10 08:51:18,43.3611755371094,-8.84426879882812,"Unknown"
"7014852",371861,2025-07-10 08:55:01,43.3617248535156,-8.84122657775879,"Unknown"
"7014852",371861,2025-07-10 08:59:58,43.3603248596191,-8.84146785736084,"Unknown"
"7014852",371861,2025-07-10 09:04:58,43.3605613708496,-8.84145927429199,"Unknown"
"7014852",371861,2025-07-10 09:09:57,43.3603401184082,-8.84150981903076,"Unknown"
"7014852",371861,2025-07-10 09:14:59,43.3603477478027,-8.84168338775635,"Unknown"
"7014852",371861,2025-07-10 09:20:00,43.3604125976562,-8.84159660339355,"Unknown"
"7014852",371861,2025-07-10 09:25:04,43.3604125976562,-8.84147930145264,"Unknown"
"7014852",371861,2025-07-10 09:30:29,43.3604393005371,-8.84146404266357,"Unknown"
"7014852",371861,2025-07-10 09:34:58,43.3603973388672,-8.84136486053467,"Unknown"
"7014852",371861,2025-07-10 09:40:06,43.3603973388672,-8.84134387969971,"Unknown"
"7014852",371861,2025-07-10 09:44:59,43.3603935241699,-8.84171199798584,"Unknown"
"7014852",371861,2025-07-10 09:49:57,43.3603401184082,-8.84067726135254,"Unknown"
"7014852",371861,2025-07-10 09:55:08,43.3707275390625,-8.83394145965576,"Unknown"
"7014852",371861,2025-07-10 09:59:55,43.3703231811523,-8.83579540252686,"Unknown"
"7014852",371861,2025-07-10 10:05:06,43.3561782836914,-8.84126472473145,"Unknown"
"7014852",371861,2025-07-10 10:09:55,43.3541717529297,-8.85811996459961,"Unknown"
"7014852",371861,2025-07-10 10:15:44,43.3604469299316,-8.84811210632324,"Unknown"
"7014852",371861,2025-07-10 10:20:03,43.3604736328125,-8.84129619598389,"Unknown"
"7014852",371861,2025-07-10 10:24:59,43.3605041503906,-8.84131336212158,"Unknown"
"7014852",371861,2025-07-10 10:29:54,43.360408782959,-8.84128189086914,"Unknown"
"7014852",371861,2025-07-10 10:34:58,43.3604507446289,-8.84118461608887,"Unknown"
"7014852",371861,2025-07-10 10:39:57,43.3605079650879,-8.84126281738281,"Unknown"
"7014852",371861,2025-07-10 10:44:58,43.3604698181152,-8.84121322631836,"Unknown"
"7014852",371861,2025-07-10 10:49:58,43.3603935241699,-8.84126472473145,"Unknown"
"7014852",371861,2025-07-10 10:54:56,43.3607025146484,-8.84152030944824,"Unknown"
"7014852",371861,2025-07-10 11:00:15,43.3602905273438,-8.84149551391602,"Unknown"
"7014852",371861,2025-07-10 11:04:55,43.3609237670898,-8.84165000915527,"Unknown"
"7014852",371861,2025-07-10 11:09:55,43.3605766296387,-8.8413724899292,"Unknown"
"7014852",371861,2025-07-10 11:14:56,43.3610687255859,-8.84214305877686,"Unknown"
"7014852",371861,2025-07-10 11:19:55,43.3580322265625,-8.85527515411377,"Unknown"
"7014852",371861,2025-07-10 11:25:09,43.3561973571777,-8.84714221954346,"Unknown"
"7014852",371861,2025-07-10 11:29:58,43.3605461120605,-8.84127235412598,"Unknown"
"7014852",371861,2025-07-10 11:34:57,43.3606300354004,-8.84134292602539,"Unknown"
"7014852",371861,2025-07-10 11:40:09,43.3604850769043,-8.84127140045166,"Unknown"
"7014852",371861,2025-07-10 11:45:04,43.3604583740234,-8.84138202667236,"Unknown"
"7014852",371861,2025-07-10 11:50:14,43.360179901123,-8.84119987487793,"Unknown"
"7014852",371861,2025-07-10 11:54:59,43.3605880737305,-8.84159374237061,"Unknown"
"7014852",371861,2025-07-10 11:59:54,43.3654670715332,-8.85127830505371,"Unknown"
"7014852",371861,2025-07-10 12:04:55,43.3722038269043,-8.85604190826416,"Unknown"
"7014852",371861,2025-07-10 12:10:12,43.3703727722168,-8.8543815612793,"Unknown"
"7014852",371861,2025-07-10 12:14:55,43.3605155944824,-8.84613418579102,"Unknown"
"7014852",371861,2025-07-10 12:20:07,43.3605041503906,-8.84139347076416,"Unknown"
"7014852",371861,2025-07-10 12:24:56,43.3605575561523,-8.84132862091064,"Unknown"
"7014852",371861,2025-07-10 12:29:58,43.3603477478027,-8.8413724899292,"Unknown"
"7014852",371861,2025-07-10 12:35:03,43.3604049682617,-8.84137439727783,"Unknown"
"7014852",371861,2025-07-10 12:40:03,43.3605308532715,-8.84139442443848,"Unknown"
"7014852",371861,2025-07-10 12:45:31,43.3598403930664,-8.84134769439697,"Unknown"
"7014852",371861,2025-07-10 12:49:59,43.3604125976562,-8.8413782119751,"Unknown"
"7014852",371861,2025-07-10 12:54:56,43.3603935241699,-8.84131717681885,"Unknown"
"7014852",371861,2025-07-10 12:59:54,43.3607940673828,-8.84146118164062,"Unknown"
"7014852",371861,2025-07-10 13:05:04,43.3604927062988,-8.84143352508545,"Unknown"
"7014852",371861,2025-07-10 13:09:54,43.3604545593262,-8.84144973754883,"Unknown"
"7014852",371861,2025-07-10 13:14:54,43.3604469299316,-8.84145545959473,"Unknown"
"7014852",371861,2025-07-10 13:19:55,43.3605003356934,-8.84151554107666,"Unknown"
"7014852",371861,2025-07-10 13:24:57,43.3603706359863,-8.84137153625488,"Unknown"
"7014852",371861,2025-07-10 13:29:55,43.3606185913086,-8.84119892120361,"Unknown"
"7014852",371861,2025-07-10 13:34:55,43.3608093261719,-8.84080982208252,"Unknown"
"7014852",371861,2025-07-10 13:39:55,43.3604850769043,-8.84152126312256,"Unknown"
"7014852",371861,2025-07-10 13:44:56,43.3608818054199,-8.84839725494385,"Unknown"
"7014852",371861,2025-07-10 13:49:55,43.3533477783203,-8.85457324981689,"Unknown"
"7014852",371861,2025-07-10 13:56:05,43.3576812744141,-8.84687423706055,"Unknown"
"7014852",371861,2025-07-10 13:59:58,43.3574485778809,-8.84681797027588,"Unknown"
"7014852",371861,2025-07-10 14:05:00,43.3579063415527,-8.84564304351807,"Unknown"
"7014852",371861,2025-07-10 14:09:59,43.357852935791,-8.84569931030273,"Unknown"
"7014852",371861,2025-07-10 14:14:55,43.3587875366211,-8.84676456451416,"Unknown"
"7014852",371861,2025-07-10 14:19:55,43.360424041748,-8.84840202331543,"Unknown"
"7014852",371861,2025-07-10 14:24:55,43.3603248596191,-8.84101963043213,"Unknown"
"7014852",371861,2025-07-10 14:29:56,43.3605270385742,-8.84155654907227,"Unknown"
"7014852",371861,2025-07-10 14:34:57,43.360538482666,-8.841552734375,"Unknown"
"7014852",371861,2025-07-10 14:39:56,43.3605041503906,-8.84154319763184,"Unknown"
"7014852",371861,2025-07-10 14:44:56,43.3605270385742,-8.84154891967773,"Unknown"
"7014852",371861,2025-07-10 14:49:57,43.3605041503906,-8.84154891967773,"Unknown"
"7014852",371861,2025-07-10 14:54:57,43.3605537414551,-8.84158325195312,"Unknown"
"7014852",371861,2025-07-10 14:59:57,43.360466003418,-8.84165191650391,"Unknown"
"7014852",371861,2025-07-10 15:04:56,43.3608283996582,-8.84220218658447,"Unknown"
"7014852",371861,2025-07-10 15:09:56,43.3610916137695,-8.84142589569092,"Unknown"
"7014852",371861,2025-07-10 15:14:56,43.3604965209961,-8.84083652496338,"Unknown"
"7014852",371861,2025-07-10 15:19:56,43.3684120178223,-8.84744358062744,"Unknown"
"7014852",371861,2025-07-10 15:24:56,43.3697166442871,-8.84722423553467,"Unknown"
"7014852",371861,2025-07-10 15:29:56,43.3604469299316,-8.84169864654541,"Unknown"
"7014852",371861,2025-07-10 15:34:57,43.3604927062988,-8.84172916412354,"Unknown"
"7014852",371861,2025-07-10 15:39:56,43.3604888916016,-8.8416919708252,"Unknown"
"7014852",371861,2025-07-10 15:44:56,43.3604774475098,-8.84168338775635,"Unknown"
"7014852",371861,2025-07-10 15:49:59,43.3605117797852,-8.84174156188965,"Unknown"
"7014852",371861,2025-07-10 15:54:58,43.3605155944824,-8.84166717529297,"Unknown"
"7014852",371861,2025-07-10 15:59:59,43.3604965209961,-8.84172630310059,"Unknown"
"7014852",371861,2025-07-10 16:04:56,43.3605041503906,-8.84168148040771,"Unknown"
"7014852",371861,2025-07-10 16:09:57,43.3604698181152,-8.84163188934326,"Unknown"
"7014852",371861,2025-07-10 16:14:56,43.3604965209961,-8.84166717529297,"Unknown"
"7014852",371861,2025-07-10 16:19:58,43.3605308532715,-8.84167671203613,"Unknown"
"7014852",371861,2025-07-10 16:25:03,43.3604431152344,-8.84163379669189,"Unknown"
"7014852",371861,2025-07-10 16:29:56,43.3605308532715,-8.84051990509033,"Unknown"
"7014852",371861,2025-07-10 16:34:57,43.360767364502,-8.84067821502686,"Unknown"
"7014852",371861,2025-07-10 16:39:56,43.3610305786133,-8.84067630767822,"Unknown"
"7014852",371861,2025-07-10 16:44:58,43.3607788085938,-8.84045600891113,"Unknown"
"7014852",371861,2025-07-10 16:49:56,43.360466003418,-8.84149837493896,"Unknown"
"7014852",371861,2025-07-10 16:54:57,43.3603973388672,-8.84136581420898,"Unknown"
"7014852",371861,2025-07-10 16:59:58,43.3605270385742,-8.84155750274658,"Unknown"
"7014852",371861,2025-07-10 17:05:03,43.3607177734375,-8.84074974060059,"Unknown"
"7014852",371861,2025-07-10 17:10:14,43.3603553771973,-8.84125328063965,"Unknown"
"7014852",371861,2025-07-10 17:14:56,43.3605041503906,-8.84135341644287,"Unknown"
"7014852",371861,2025-07-10 17:19:56,43.3603439331055,-8.84109497070312,"Unknown"
"7014852",371861,2025-07-10 17:24:56,43.3604164123535,-8.84116744995117,"Unknown"
"7014852",371861,2025-07-10 17:30:12,43.3604774475098,-8.84139823913574,"Unknown"
"7014852",371861,2025-07-10 17:34:56,43.3604736328125,-8.84216213226318,"Unknown"
"7014852",371861,2025-07-10 17:39:56,43.3632850646973,-8.86037254333496,"Unknown"
"7014852",371861,2025-07-10 17:44:57,43.3633689880371,-8.85968494415283,"Unknown"
"7014852",371861,2025-07-10 17:50:00,43.3618545532227,-8.85236549377441,"Unknown"
"7014852",371861,2025-07-10 17:55:06,43.3605270385742,-8.84195995330811,"Unknown"
"7014852",371861,2025-07-10 17:59:58,43.3597259521484,-8.83982753753662,"Unknown"
"7014852",371861,2025-07-10 18:04:59,43.3593368530273,-8.83884906768799,"Unknown"
"7014852",371861,2025-07-10 18:10:06,43.3606376647949,-8.84137916564941,"Unknown"
"7014852",371861,2025-07-10 18:15:14,43.3606758117676,-8.8414888381958,"Unknown"
"7014852",371861,2025-07-10 18:19:57,43.3608703613281,-8.84140777587891,"Unknown"
"7014852",371861,2025-07-10 18:24:56,43.3604583740234,-8.84099864959717,"Unknown"
"7014852",371861,2025-07-10 18:29:59,43.3605613708496,-8.84099292755127,"Unknown"
"7014852",371861,2025-07-10 18:34:56,43.360782623291,-8.8412914276123,"Unknown"
"7014852",371861,2025-07-10 18:40:01,43.3606224060059,-8.84132289886475,"Unknown"
"7014852",371861,2025-07-10 18:45:15,43.3608779907227,-8.84165000915527,"Unknown"
"7014852",371861,2025-07-10 18:50:06,43.3608856201172,-8.84164905548096,"Unknown"
"7014852",371861,2025-07-10 18:55:06,43.3610534667969,-8.8418025970459,"Unknown"
"7014852",371861,2025-07-10 18:59:59,43.3612442016602,-8.84196472167969,"Unknown"
"7014852",371861,2025-07-10 19:05:08,43.3610458374023,-8.84170818328857,"Unknown"
"7014852",371861,2025-07-10 19:10:14,43.3610343933105,-8.84190654754639,"Unknown"
"7014852",371861,2025-07-10 19:15:05,43.3611869812012,-8.84291648864746,"Unknown"
"7014852",371861,2025-07-10 19:20:04,43.360481262207,-8.8413257598877,"Unknown"
"7014852",371861,2025-07-10 19:24:57,43.3605270385742,-8.84106540679932,"Unknown"
"7014852",371861,2025-07-10 19:30:05,43.3600769042969,-8.84192180633545,"Unknown"
"7014852",371861,2025-07-10 19:35:06,43.3605842590332,-8.84138965606689,"Unknown"
"7014852",371861,2025-07-10 19:40:23,43.3600540161133,-8.84177398681641,"Unknown"
"7014852",371861,2025-07-10 19:45:04,43.361156463623,-8.84274005889893,"Unknown"
"7014852",371861,2025-07-10 19:50:06,43.3630485534668,-8.85413360595703,"Unknown"
"7014852",371861,2025-07-10 19:55:15,43.3603897094727,-8.84130859375,"Unknown"
"7014852",371861,2025-07-10 19:59:59,43.3603515625,-8.84124660491943,"Unknown"
"7014852",371861,2025-07-10 20:05:03,43.3603820800781,-8.84127140045166,"Unknown"
"7014852",371861,2025-07-10 20:10:01,43.3604278564453,-8.84128284454346,"Unknown"
"7014852",371861,2025-07-10 20:15:27,43.3604888916016,-8.84121990203857,"Unknown"
"7014852",371861,2025-07-10 20:20:00,43.3603324890137,-8.84133434295654,"Unknown"
"7014852",371861,2025-07-10 20:25:04,43.3603363037109,-8.84096717834473,"Unknown"
"7014852",371861,2025-07-10 20:30:33,43.3602561950684,-8.84111976623535,"Unknown"
"7014852",371861,2025-07-10 20:34:58,43.3603630065918,-8.84114837646484,"Unknown"
"7014852",371861,2025-07-10 20:39:58,43.3603935241699,-8.84173107147217,"Unknown"
"7014852",371861,2025-07-10 20:44:57,43.360237121582,-8.84166240692139,"Unknown"
"7014852",371861,2025-07-10 20:49:55,43.3604354858398,-8.84131813049316,"Unknown"
"7014852",371861,2025-07-10 20:54:57,43.3605728149414,-8.84139347076416,"Unknown"
"7014852",371861,2025-07-10 20:59:57,43.3605422973633,-8.84121894836426,"Unknown"
"7014852",371861,2025-07-10 21:02:27,43.3605804443359,-8.84126758575439,"Unknown"
"7014852",371861,2025-07-11 02:02:58,43.3603210449219,-8.84130191802979,"Unknown"
"7014852",371861,2025-07-11 05:11:07,43.3605346679688,-8.84174346923828,"Unknown"
"7014852",371861,2025-07-11 05:15:48,43.3605346679688,-8.84175109863281,"Unknown"
"7014852",371861,2025-07-11 05:20:39,43.3680572509766,-8.83516120910645,"Unknown"
"7014852",371861,2025-07-11 05:25:42,43.3598899841309,-8.84161949157715,"Unknown"
"7014852",371861,2025-07-11 05:30:39,43.3602447509766,-8.84151649475098,"Unknown"
"7014852",371861,2025-07-11 05:35:40,43.3575630187988,-8.85479164123535,"Unknown"
"7014852",371861,2025-07-11 05:40:43,43.3551979064941,-8.86965465545654,"Unknown"
"7014852",371861,2025-07-11 05:45:42,43.3543891906738,-8.86957263946533,"Unknown"
"7014852",371861,2025-07-11 05:50:39,43.3589897155762,-8.85012722015381,"Unknown"
"7014852",371861,2025-07-11 05:55:41,43.3595008850098,-8.842453956604,"Unknown"
"7014852",371861,2025-07-11 06:00:42,43.3595085144043,-8.84189033508301,"Unknown"
"7014852",371861,2025-07-11 06:05:40,43.3592300415039,-8.84224414825439,"Unknown"
"7014852",371861,2025-07-11 06:10:41,43.3596611022949,-8.84186172485352,"Unknown"
"7014852",371861,2025-07-11 06:15:39,43.359561920166,-8.84172821044922,"Unknown"
"7014852",371861,2025-07-11 06:20:39,43.3596611022949,-8.84177684783936,"Unknown"
"7014852",371861,2025-07-11 06:25:41,43.359691619873,-8.84166145324707,"Unknown"
"7014852",371861,2025-07-11 06:30:39,43.3598747253418,-8.84107494354248,"Unknown"
"7014852",371861,2025-07-11 06:35:40,43.3601379394531,-8.84139633178711,"Unknown"
"7014852",371861,2025-07-11 06:40:41,43.3605041503906,-8.84124374389648,"Unknown"
"7014852",371861,2025-07-11 06:45:39,43.3604927062988,-8.84116077423096,"Unknown"
"7014852",371861,2025-07-11 06:50:40,43.360481262207,-8.84120178222656,"Unknown"
"7014852",371861,2025-07-11 06:55:46,43.3605308532715,-8.84138774871826,"Unknown"
"7014852",371861,2025-07-11 07:00:39,43.3600311279297,-8.84195232391357,"Unknown"
"7014852",371861,2025-07-11 07:05:40,43.360279083252,-8.84155750274658,"Unknown"
"7014852",371861,2025-07-11 07:10:42,43.3600311279297,-8.84124660491943,"Unknown"
"7014852",371861,2025-07-11 07:15:39,43.3603248596191,-8.84751033782959,"Unknown"
"7014852",371861,2025-07-11 07:20:39,43.3624420166016,-8.87540626525879,"Unknown"
"7014852",371861,2025-07-11 07:25:39,43.3720550537109,-8.88467693328857,"Unknown"
"7014852",371861,2025-07-11 07:30:39,43.3609428405762,-8.87447738647461,"Unknown"
"7014852",371861,2025-07-11 07:35:39,43.359073638916,-8.87061786651611,"Unknown"
"7014852",371861,2025-07-11 07:40:42,43.3602180480957,-8.84124946594238,"Unknown"
"7014852",371861,2025-07-11 07:45:40,43.3600654602051,-8.84101963043213,"Unknown"
"7014852",371861,2025-07-11 07:50:39,43.3600883483887,-8.84102535247803,"Unknown"
"7014852",371861,2025-07-11 07:55:47,43.3602828979492,-8.84115028381348,"Unknown"
"7014852",371861,2025-07-11 08:00:40,43.360107421875,-8.84097957611084,"Unknown"
"7014852",371861,2025-07-11 08:05:45,43.3595542907715,-8.84109973907471,"Unknown"
"7014852",371861,2025-07-11 08:10:42,43.3601188659668,-8.8408670425415,"Unknown"
"7014852",371861,2025-07-11 08:15:41,43.3600311279297,-8.84086990356445,"Unknown"
"7014852",371861,2025-07-11 08:20:39,43.3600692749023,-8.84082984924316,"Unknown"
"7014852",371861,2025-07-11 08:25:42,43.3599739074707,-8.84051418304443,"Unknown"
"7014852",371861,2025-07-11 08:31:05,43.3603210449219,-8.84126663208008,"Unknown"
"7014852",371861,2025-07-11 08:35:39,43.3607978820801,-8.84181118011475,"Unknown"
"7014852",371861,2025-07-11 08:41:14,43.361011505127,-8.84182739257812,"Unknown"
"7014852",371861,2025-07-11 08:45:40,43.3597145080566,-8.8466968536377,"Unknown"
"7014852",371861,2025-07-11 08:50:42,43.3605041503906,-8.8420352935791,"Unknown"
"7014852",371861,2025-07-11 08:55:39,43.3602676391602,-8.84138298034668,"Unknown"
"7014852",371861,2025-07-11 09:00:39,43.3603897094727,-8.84141731262207,"Unknown"
"7014852",371861,2025-07-11 09:05:39,43.3603477478027,-8.8412036895752,"Unknown"
"7014852",371861,2025-07-11 09:10:39,43.3602638244629,-8.84140682220459,"Unknown"
"7014852",371861,2025-07-11 09:15:40,43.3603019714355,-8.84132862091064,"Unknown"
"7014852",371861,2025-07-11 09:20:39,43.3660011291504,-8.86349010467529,"Unknown"
"7014852",371861,2025-07-11 09:25:39,43.3831176757812,-8.88456058502197,"Unknown"
"7014852",371861,2025-07-11 09:30:39,43.3971099853516,-8.89337062835693,"Unknown"
"7014852",371861,2025-07-11 09:35:40,43.4247169494629,-8.89598655700684,"Unknown"
"7014852",371861,2025-07-11 09:40:42,43.4526596069336,-8.89775466918945,"Unknown"
"7014852",371861,2025-07-11 09:45:41,43.4680328369141,-8.88343048095703,"Unknown"
"7014852",371861,2025-07-11 09:50:40,43.4681739807129,-8.87526035308838,"Unknown"
"7014852",371861,2025-07-11 09:55:40,43.4409065246582,-8.86374187469482,"Unknown"
"7014852",371861,2025-07-11 10:00:41,43.4120788574219,-8.85280609130859,"Unknown"
"7014852",371861,2025-07-11 10:05:41,43.3878364562988,-8.8469123840332,"Unknown"
"7014852",371861,2025-07-11 10:10:40,43.3640594482422,-8.84004306793213,"Unknown"
"7014852",371861,2025-07-11 10:15:48,43.3596343994141,-8.84664058685303,"Unknown"
"7014852",371861,2025-07-11 10:20:48,43.3601303100586,-8.8415060043335,"Unknown"
"7014852",371861,2025-07-11 10:25:39,43.3602066040039,-8.84145641326904,"Unknown"
"7014852",371861,2025-07-11 10:30:40,43.3601760864258,-8.84153366088867,"Unknown"
"7014852",371861,2025-07-11 10:35:42,43.3601760864258,-8.84146308898926,"Unknown"
"7014852",371861,2025-07-11 10:40:40,43.3601760864258,-8.84153747558594,"Unknown"
"7014852",371861,2025-07-11 10:45:40,43.3601455688477,-8.84154224395752,"Unknown"
"7014852",371861,2025-07-11 10:50:40,43.3601150512695,-8.84158706665039,"Unknown"
"7014852",371861,2025-07-11 10:55:40,43.3601150512695,-8.84158992767334,"Unknown"
"7014852",371861,2025-07-11 11:00:40,43.3600959777832,-8.84168243408203,"Unknown"
"7014852",371861,2025-07-11 11:05:41,43.3601188659668,-8.84159374237061,"Unknown"
"7014852",371861,2025-07-11 11:10:40,43.3601150512695,-8.8416109085083,"Unknown"
"7014852",371861,2025-07-11 11:15:40,43.3600616455078,-8.84166240692139,"Unknown"
"7014852",371861,2025-07-11 11:20:41,43.3600959777832,-8.8416805267334,"Unknown"
"7014852",371861,2025-07-11 11:25:42,43.3601150512695,-8.84165096282959,"Unknown"
"7014852",371861,2025-07-11 11:30:41,43.3601531982422,-8.84187984466553,"Unknown"
"7014852",371861,2025-07-11 11:35:46,43.3602256774902,-8.84152603149414,"Unknown"
"7014852",371861,2025-07-11 11:40:39,43.3601188659668,-8.84200477600098,"Unknown"
"7014852",371861,2025-07-11 11:45:40,43.3601875305176,-8.84192848205566,"Unknown"
"7014852",371861,2025-07-11 11:50:48,43.3605918884277,-8.84156703948975,"Unknown"
"7014852",371861,2025-07-11 11:55:41,43.3604431152344,-8.84179496765137,"Unknown"
"7014852",371861,2025-07-11 12:00:41,43.3595504760742,-8.84188938140869,"Unknown"
"7014852",371861,2025-07-11 12:05:47,43.3606376647949,-8.84142112731934,"Unknown"
"7014852",371861,2025-07-11 12:10:42,43.3605804443359,-8.84149646759033,"Unknown"
"7014852",371861,2025-07-11 12:15:40,43.3606109619141,-8.84151935577393,"Unknown"
"7014852",371861,2025-07-11 12:20:40,43.3606567382812,-8.84157562255859,"Unknown"
"7014852",371861,2025-07-11 12:25:40,43.3605690002441,-8.84158229827881,"Unknown"
"7014852",371861,2025-07-11 12:30:41,43.3605461120605,-8.84158706665039,"Unknown"
"7014852",371861,2025-07-11 12:35:41,43.3605270385742,-8.84158515930176,"Unknown"
"7014852",371861,2025-07-11 12:40:48,43.3606567382812,-8.84149646759033,"Unknown"
"7014852",371861,2025-07-11 12:45:46,43.3607864379883,-8.84119892120361,"Unknown"
"7014852",371861,2025-07-11 12:50:41,43.3606758117676,-8.84146118164062,"Unknown"
"7014852",371861,2025-07-11 12:55:48,43.3607177734375,-8.84129524230957,"Unknown"
"7014852",371861,2025-07-11 13:00:41,43.3605308532715,-8.84175777435303,"Unknown"
"7014852",371861,2025-07-11 13:05:48,43.3607215881348,-8.84161376953125,"Unknown"
"7014852",371861,2025-07-11 13:10:59,43.360767364502,-8.84178924560547,"Unknown"
"7014852",371861,2025-07-11 13:15:47,43.360725402832,-8.84167289733887,"Unknown"
"7014852",371861,2025-07-11 13:20:50,43.3607711791992,-8.8417501449585,"Unknown"
"7014852",371861,2025-07-11 13:25:40,43.3605079650879,-8.84260272979736,"Unknown"
"7014852",371861,2025-07-11 13:30:47,43.3608512878418,-8.84150123596191,"Unknown"
"7014852",371861,2025-07-11 13:36:04,43.3603820800781,-8.84101963043213,"Unknown"
"7014852",371861,2025-07-11 13:40:39,43.3604736328125,-8.84230709075928,"Unknown"
"7014852",371861,2025-07-11 13:45:41,43.3605155944824,-8.84216785430908,"Unknown"
"7014852",371861,2025-07-11 13:50:42,43.3605003356934,-8.84199714660645,"Unknown"
"7014852",371861,2025-07-11 13:55:39,43.3605155944824,-8.84208106994629,"Unknown"
"7014852",371861,2025-07-11 14:00:39,43.3613319396973,-8.84192180633545,"Unknown"
"7014852",371861,2025-07-11 14:05:39,43.3730735778809,-8.84611988067627,"Unknown"
"7014852",371861,2025-07-11 14:10:39,43.3863792419434,-8.83131122589111,"Unknown"
"7014852",371861,2025-07-11 14:15:39,43.4167022705078,-8.83003807067871,"Unknown"
"7014852",371861,2025-07-11 14:20:40,43.4419822692871,-8.80664348602295,"Unknown"
"7014852",371861,2025-07-11 14:25:40,43.4395294189453,-8.78840732574463,"Unknown"
"7014852",371861,2025-07-11 14:30:39,43.4377899169922,-8.77005767822266,"Unknown"
"7014852",371861,2025-07-11 14:35:39,43.4355850219727,-8.75108051300049,"Unknown"
"7014852",371861,2025-07-11 14:40:41,43.4332046508789,-8.73187255859375,"Unknown"
"7014852",371861,2025-07-11 14:45:39,43.4414825439453,-8.71066093444824,"Unknown"
"7014852",371861,2025-07-11 14:50:39,43.4394760131836,-8.70164775848389,"Unknown"
"7014852",371861,2025-07-11 14:55:39,43.4189910888672,-8.72441291809082,"Unknown"
"7014852",371861,2025-07-11 15:00:40,43.4032096862793,-8.75907707214355,"Unknown"
"7014852",371861,2025-07-11 15:05:39,43.3878860473633,-8.79460144042969,"Unknown"
"7014852",371861,2025-07-11 15:10:39,43.3686218261719,-8.81845760345459,"Unknown"
"7014852",371861,2025-07-11 15:15:39,43.3620910644531,-8.83869457244873,"Unknown"
"7014852",371861,2025-07-11 15:20:39,43.3603935241699,-8.84216499328613,"Unknown"
"7014852",371861,2025-07-11 15:25:41,43.360466003418,-8.84228897094727,"Unknown"
"7014852",371861,2025-07-11 15:30:47,43.3607711791992,-8.84263610839844,"Unknown"
"7014852",371861,2025-07-11 15:35:47,43.360767364502,-8.84251117706299,"Unknown"
"7014852",371861,2025-07-11 15:40:39,43.360424041748,-8.84203720092773,"Unknown"
"7014852",371861,2025-07-11 15:45:45,43.3604965209961,-8.84202480316162,"Unknown"
"7014852",371861,2025-07-11 15:50:39,43.3604774475098,-8.8419713973999,"Unknown"
"7014852",371861,2025-07-11 15:55:39,43.3605690002441,-8.84204578399658,"Unknown"
"7014852",371861,2025-07-11 16:00:39,43.3604583740234,-8.84182071685791,"Unknown"
"7014852",371861,2025-07-11 16:05:42,43.3604202270508,-8.84181022644043,"Unknown"
"7014852",371861,2025-07-11 16:10:57,43.3604583740234,-8.8417444229126,"Unknown"
"7014852",371861,2025-07-11 16:15:42,43.3604202270508,-8.84149551391602,"Unknown"
"7014852",371861,2025-07-11 16:20:46,43.3605575561523,-8.8416051864624,"Unknown"
"7014852",371861,2025-07-11 16:25:43,43.3605613708496,-8.84156131744385,"Unknown"
"7014852",371861,2025-07-11 16:30:43,43.3605422973633,-8.84153652191162,"Unknown"
"7014852",371861,2025-07-11 16:35:45,43.3606376647949,-8.84145259857178,"Unknown"
"7014852",371861,2025-07-11 16:40:42,43.3601264953613,-8.84099578857422,"Unknown"
"7014852",371861,2025-07-11 16:45:40,43.3600730895996,-8.84081840515137,"Unknown"
"7014852",371861,2025-07-11 16:50:39,43.3599853515625,-8.84065723419189,"Unknown"
"7014852",371861,2025-07-11 16:55:40,43.3600044250488,-8.84051895141602,"Unknown"
"7014852",371861,2025-07-11 17:00:42,43.3595504760742,-8.83973789215088,"Unknown"
"7014852",371861,2025-07-11 17:06:05,43.3602638244629,-8.84098052978516,"Unknown"
"7014852",371861,2025-07-11 17:11:05,43.3603363037109,-8.84143829345703,"Unknown"
"7014852",371861,2025-07-11 17:15:39,43.3602180480957,-8.8411979675293,"Unknown"
"7014852",371861,2025-07-11 17:20:39,43.3602447509766,-8.84115886688232,"Unknown"
"7014852",371861,2025-07-11 17:25:38,43.3601875305176,-8.84107398986816,"Unknown"
"7014852",371861,2025-07-11 17:30:38,43.3602485656738,-8.84115123748779,"Unknown"
"7014852",371861,2025-07-11 17:35:39,43.3603363037109,-8.84127616882324,"Unknown"
"7014852",371861,2025-07-11 17:40:41,43.3603096008301,-8.84126281738281,"Unknown"
"7014852",371861,2025-07-11 17:45:39,43.360034942627,-8.84069061279297,"Unknown"
"7014852",371861,2025-07-11 17:50:39,43.3600769042969,-8.84079265594482,"Unknown"
"7014852",371861,2025-07-11 17:55:41,43.3591041564941,-8.8386812210083,"Unknown"
"7014852",371861,2025-07-11 18:00:40,43.3594818115234,-8.83913516998291,"Unknown"
"7014852",371861,2025-07-11 18:05:42,43.3591041564941,-8.8371410369873,"Unknown"
"7014852",371861,2025-07-11 18:10:46,43.3604354858398,-8.8415060043335,"Unknown"
"7014852",371861,2025-07-11 18:15:39,43.360237121582,-8.84111309051514,"Unknown"
"7014852",371861,2025-07-11 18:20:42,43.3605194091797,-8.84179019927979,"Unknown"
"7014852",371861,2025-07-11 18:25:39,43.3602027893066,-8.84076118469238,"Unknown"
"7014852",371861,2025-07-11 18:30:43,43.3604125976562,-8.84145832061768,"Unknown"
"7014852",371861,2025-07-11 18:35:42,43.3604202270508,-8.84169006347656,"Unknown"
"7014852",371861,2025-07-11 18:40:48,43.3607597351074,-8.8418436050415,"Unknown"
"7014852",371861,2025-07-11 18:46:05,43.3603820800781,-8.84128856658936,"Unknown"
"7014852",371861,2025-07-11 18:50:38,43.3604125976562,-8.84125328063965,"Unknown"
"7014852",371861,2025-07-11 18:55:45,43.3603668212891,-8.84132957458496,"Unknown"
"7014852",371861,2025-07-11 19:00:40,43.3602027893066,-8.84142875671387,"Unknown"
"7014852",371861,2025-07-11 19:05:38,43.3603210449219,-8.84139060974121,"Unknown"
"7014852",371861,2025-07-11 19:10:39,43.3604049682617,-8.84150886535645,"Unknown"
"7014852",371861,2025-07-11 19:15:45,43.3603553771973,-8.84136199951172,"Unknown"
"7014852",371861,2025-07-11 19:20:39,43.3606224060059,-8.84171390533447,"Unknown"
"7014852",371861,2025-07-11 19:25:41,43.3603134155273,-8.84145832061768,"Unknown"
"7014852",371861,2025-07-11 19:30:38,43.3603706359863,-8.8414363861084,"Unknown"
"7014852",371861,2025-07-11 19:35:53,43.3602752685547,-8.84142875671387,"Unknown"
"7014852",371861,2025-07-11 19:40:41,43.3601875305176,-8.84130477905273,"Unknown"
"7014852",371861,2025-07-11 19:45:47,43.3603782653809,-8.84136009216309,"Unknown"
"7014852",371861,2025-07-11 19:50:41,43.3603706359863,-8.84140110015869,"Unknown"
"7014852",371861,2025-07-11 19:55:46,43.3603744506836,-8.84150123596191,"Unknown"
"7014852",371861,2025-07-11 20:00:39,43.3603172302246,-8.84136772155762,"Unknown"
"7014852",371861,2025-07-11 20:05:45,43.3606605529785,-8.84146118164062,"Unknown"
"7014852",371861,2025-07-11 20:10:41,43.3606147766113,-8.84144592285156,"Unknown"
"7014852",371861,2025-07-11 20:15:41,43.3603477478027,-8.84152221679688,"Unknown"
"7014852",371861,2025-07-11 20:20:43,43.3602600097656,-8.84146213531494,"Unknown"
"7014852",371861,2025-07-11 20:26:14,43.3602066040039,-8.84133720397949,"Unknown"
"7014852",371861,2025-07-11 20:30:39,43.3601913452148,-8.84114933013916,"Unknown"
"7014852",371861,2025-07-11 20:35:46,43.3601303100586,-8.8412504196167,"Unknown"
"7014852",371861,2025-07-11 20:40:39,43.3602828979492,-8.84145259857178,"Unknown"
"7014852",371861,2025-07-11 20:45:41,43.3600463867188,-8.84144592285156,"Unknown"
"7014852",371861,2025-07-11 20:50:39,43.359977722168,-8.84142303466797,"Unknown"
"7014852",371861,2025-07-11 20:55:39,43.3599014282227,-8.84146595001221,"Unknown"
"7014852",371861,2025-07-11 21:02:14,43.3601989746094,-8.84128570556641,"Unknown"
"7014852",371861,2025-07-12 02:02:23,43.3603668212891,-8.8413724899292,"Unknown"
"7014852",371861,2025-07-12 05:11:02,43.3616523742676,-8.85647296905518,"Unknown"
"7014852",371861,2025-07-12 05:16:12,43.3654823303223,-8.85470199584961,"Unknown"
"7014852",371861,2025-07-12 05:21:07,43.3694839477539,-8.85097885131836,"Unknown"
"7014852",371861,2025-07-12 05:26:01,43.3709602355957,-8.84899044036865,"Unknown"
"7014852",371861,2025-07-12 05:31:09,43.3605117797852,-8.84135723114014,"Unknown"
"7014852",371861,2025-07-12 05:36:04,43.360279083252,-8.84148597717285,"Unknown"
"7014852",371861,2025-07-12 05:41:05,43.3606986999512,-8.84114742279053,"Unknown"
"7014852",371861,2025-07-12 05:46:01,43.361156463623,-8.84119510650635,"Unknown"
"7014852",371861,2025-07-12 05:51:02,43.3608245849609,-8.84111881256104,"Unknown"
"7014852",371861,2025-07-12 05:56:03,43.3608703613281,-8.8411111831665,"Unknown"
"7014852",371861,2025-07-12 06:01:02,43.3608932495117,-8.8411111831665,"Unknown"
"7014852",371861,2025-07-12 06:06:03,43.3609504699707,-8.8411111831665,"Unknown"
"7014852",371861,2025-07-12 06:11:06,43.360538482666,-8.84141826629639,"Unknown"
"7014852",371861,2025-07-12 06:16:08,43.3606986999512,-8.84130191802979,"Unknown"
"7014852",371861,2025-07-12 06:21:03,43.3609619140625,-8.84110736846924,"Unknown"
"7014852",371861,2025-07-12 06:26:04,43.3607444763184,-8.84108352661133,"Unknown"
"7014852",371861,2025-07-12 06:31:14,43.3601608276367,-8.84177112579346,"Unknown"
"7014852",371861,2025-07-12 06:36:03,43.3607025146484,-8.84125423431396,"Unknown"
"7014852",371861,2025-07-12 06:41:01,43.3607330322266,-8.84158325195312,"Unknown"
"7014852",371861,2025-07-12 06:46:03,43.3605690002441,-8.8412504196167,"Unknown"
"7014852",371861,2025-07-12 06:51:01,43.3606414794922,-8.84120750427246,"Unknown"
"7014852",371861,2025-07-12 06:56:03,43.3605499267578,-8.84120845794678,"Unknown"
"7014852",371861,2025-07-12 07:01:03,43.3605461120605,-8.84124374389648,"Unknown"
"7014852",371861,2025-07-12 07:06:02,43.3605155944824,-8.84111404418945,"Unknown"
"7014852",371861,2025-07-12 07:11:02,43.3606758117676,-8.84123420715332,"Unknown"
"7014852",371861,2025-07-12 07:16:02,43.3607635498047,-8.84152317047119,"Unknown"
"7014852",371861,2025-07-12 07:21:02,43.3609161376953,-8.8423957824707,"Unknown"
"7014852",371861,2025-07-12 07:26:02,43.3606605529785,-8.84097290039062,"Unknown"
"7014852",371861,2025-07-12 07:31:02,43.3605003356934,-8.84134769439697,"Unknown"
"7014852",371861,2025-07-12 07:36:02,43.3601493835449,-8.84108257293701,"Unknown"
"7014852",371861,2025-07-12 07:41:02,43.3600120544434,-8.84108448028564,"Unknown"
"7014852",371861,2025-07-12 07:46:02,43.3603286743164,-8.84114456176758,"Unknown"
"7014852",371861,2025-07-12 07:51:02,43.3601684570312,-8.84115886688232,"Unknown"
"7014852",371861,2025-07-12 07:56:04,43.3605041503906,-8.84117126464844,"Unknown"
"7014852",371861,2025-07-12 08:01:01,43.3602828979492,-8.84078025817871,"Unknown"
"7014852",371861,2025-07-12 08:06:06,43.3604011535645,-8.84110260009766,"Unknown"
"7014852",371861,2025-07-12 08:11:02,43.360538482666,-8.84131240844727,"Unknown"
"7014852",371861,2025-07-12 08:16:02,43.3589706420898,-8.84151077270508,"Unknown"
"7014852",371861,2025-07-12 08:21:02,43.360237121582,-8.8411340713501,"Unknown"
"7014852",371861,2025-07-12 08:26:03,43.3604850769043,-8.84091091156006,"Unknown"
"7014852",371861,2025-07-12 08:31:02,43.3608856201172,-8.84085464477539,"Unknown"
"7014852",371861,2025-07-12 08:36:04,43.3603782653809,-8.84150505065918,"Unknown"
"7014852",371861,2025-07-12 08:41:04,43.3605346679688,-8.84072017669678,"Unknown"
"7014852",371861,2025-07-12 08:46:02,43.3603210449219,-8.84158420562744,"Unknown"
"7014852",371861,2025-07-12 08:51:06,43.3602294921875,-8.84076118469238,"Unknown"
"7014852",371861,2025-07-12 08:56:06,43.3607902526855,-8.84049892425537,"Unknown"
"7014852",371861,2025-07-12 09:01:04,43.3604393005371,-8.8406343460083,"Unknown"
"7014852",371861,2025-07-12 09:06:02,43.3602180480957,-8.84117984771729,"Unknown"
"7014852",371861,2025-07-12 09:11:07,43.3602600097656,-8.84151077270508,"Unknown"
"7014852",371861,2025-07-12 09:16:03,43.3602447509766,-8.84180545806885,"Unknown"
"7014852",371861,2025-07-12 09:21:07,43.3605041503906,-8.84104537963867,"Unknown"
"7014852",371861,2025-07-12 09:26:02,43.3607063293457,-8.84100723266602,"Unknown"
"7014852",371861,2025-07-12 09:31:02,43.3603439331055,-8.84104442596436,"Unknown"
"7014852",371861,2025-07-12 09:36:04,43.3605880737305,-8.84092140197754,"Unknown"
"7014852",371861,2025-07-12 09:41:01,43.3603057861328,-8.8412036895752,"Unknown"
"7014852",371861,2025-07-12 09:46:01,43.3602104187012,-8.84104919433594,"Unknown"
"7014852",371861,2025-07-12 09:51:01,43.3602638244629,-8.84094333648682,"Unknown"
"7014852",371861,2025-07-12 09:56:02,43.3602523803711,-8.84084415435791,"Unknown"
"7014852",371861,2025-07-12 10:01:01,43.3604278564453,-8.84087753295898,"Unknown"
"7014852",371861,2025-07-12 10:06:01,43.3607444763184,-8.84114837646484,"Unknown"
"7014852",371861,2025-07-12 10:11:02,43.3611946105957,-8.84826183319092,"Unknown"
"7014852",371861,2025-07-12 10:16:02,43.3862609863281,-8.84933471679688,"Unknown"
"7014852",371861,2025-07-12 10:21:01,43.3608322143555,-8.84144687652588,"Unknown"
"7014852",371861,2025-07-12 10:26:02,43.3606071472168,-8.84068965911865,"Unknown"
"7014852",371861,2025-07-12 10:31:02,43.3606758117676,-8.84078884124756,"Unknown"
"7014852",371861,2025-07-12 10:36:03,43.3604736328125,-8.84082698822021,"Unknown"
"7014852",371861,2025-07-12 10:41:02,43.3606491088867,-8.84097480773926,"Unknown"
"7014852",371861,2025-07-12 10:46:02,43.3606185913086,-8.84109973907471,"Unknown"
"7014852",371861,2025-07-12 10:51:01,43.3600769042969,-8.8414249420166,"Unknown"
"7014852",371861,2025-07-12 10:56:01,43.3604431152344,-8.84063529968262,"Unknown"
"7014852",371861,2025-07-12 11:01:02,43.3604011535645,-8.84108257293701,"Unknown"
"7014852",371861,2025-07-12 11:06:06,43.3605690002441,-8.8412036895752,"Unknown"
"7014852",371861,2025-07-12 11:11:01,43.3604393005371,-8.84106826782227,"Unknown"
"7014852",371861,2025-07-12 11:16:02,43.3604354858398,-8.84114837646484,"Unknown"
"7014852",371861,2025-07-12 11:21:09,43.3601837158203,-8.84006977081299,"Unknown"
"7014852",371861,2025-07-12 11:26:02,43.3601531982422,-8.84113883972168,"Unknown"
"7014852",371861,2025-07-12 11:31:01,43.3607177734375,-8.84623432159424,"Unknown"
"7014852",371861,2025-07-12 11:36:01,43.3620262145996,-8.86325740814209,"Unknown"
"7014852",371861,2025-07-12 11:41:02,43.3604965209961,-8.85469436645508,"Unknown"
"7014852",371861,2025-07-12 11:46:20,43.3602256774902,-8.84202289581299,"Unknown"
"7014852",371861,2025-07-12 11:51:02,43.3605842590332,-8.8416919708252,"Unknown"
"7014852",371861,2025-07-12 11:56:02,43.359920501709,-8.84212875366211,"Unknown"
"7014852",371861,2025-07-12 12:01:02,43.3603782653809,-8.84154987335205,"Unknown"
"7014852",371861,2025-07-12 12:06:03,43.3608169555664,-8.84073257446289,"Unknown"
"7014852",371861,2025-07-12 12:11:02,43.3597717285156,-8.8419132232666,"Unknown"
"7014852",371861,2025-07-12 12:16:03,43.360279083252,-8.84164142608643,"Unknown"
"7014852",371861,2025-07-12 12:21:01,43.3600616455078,-8.84181976318359,"Unknown"
"7014852",371861,2025-07-12 12:26:03,43.3600540161133,-8.84169578552246,"Unknown"
"7014852",371861,2025-07-12 12:31:02,43.3608894348145,-8.84188175201416,"Unknown"
"7014852",371861,2025-07-12 12:36:05,43.3611793518066,-8.84065246582031,"Unknown"
"7014852",371861,2025-07-12 12:41:09,43.3610610961914,-8.84078311920166,"Unknown"
"7014852",371861,2025-07-12 12:46:03,43.343318939209,-8.84101963043213,"Unknown"
"7014852",371861,2025-07-12 12:51:02,43.3251495361328,-8.84297847747803,"Unknown"
"7014852",371861,2025-07-12 12:56:02,43.3157958984375,-8.85621738433838,"Unknown"
"7014852",371861,2025-07-12 13:01:03,43.3168869018555,-8.85732936859131,"Unknown"
"7014852",371861,2025-07-12 13:06:05,43.3167839050293,-8.85787773132324,"Unknown"
"7014852",371861,2025-07-12 13:11:03,43.3167762756348,-8.85749816894531,"Unknown"
"7014852",371861,2025-07-12 13:16:02,43.3420143127441,-8.84333801269531,"Unknown"
"7014852",371861,2025-07-12 13:21:02,43.3604888916016,-8.84062385559082,"Unknown"
"7014852",371861,2025-07-12 13:26:06,43.3605308532715,-8.84120082855225,"Unknown"
"7014852",371861,2025-07-12 13:31:04,43.3605575561523,-8.84126472473145,"Unknown"
"7014852",371861,2025-07-12 13:36:02,43.3604583740234,-8.840989112854,"Unknown"
"7014852",371861,2025-07-12 13:41:02,43.3605270385742,-8.84103393554688,"Unknown"
"7014852",371861,2025-07-12 13:46:01,43.3605422973633,-8.84111022949219,"Unknown"
"7014852",371861,2025-07-12 13:51:03,43.3605194091797,-8.84106636047363,"Unknown"
"7014852",371861,2025-07-12 13:56:02,43.3706398010254,-8.84488296508789,"Unknown"
"7014852",371861,2025-07-12 14:01:05,43.3777961730957,-8.83258628845215,"Unknown"
"7014852",371861,2025-07-12 14:06:01,43.3602676391602,-8.84287166595459,"Unknown"
"7014852",371861,2025-07-12 14:11:02,43.3604354858398,-8.84138107299805,"Unknown"
"7014852",371861,2025-07-12 14:16:04,43.3604011535645,-8.84121036529541,"Unknown"
"7014852",371861,2025-07-12 14:21:01,43.3607940673828,-8.84082508087158,"Unknown"
"7014852",371861,2025-07-12 14:26:05,43.3603019714355,-8.84081935882568,"Unknown"
"7014852",371861,2025-07-12 14:31:03,43.3606109619141,-8.84097862243652,"Unknown"
"7014852",371861,2025-07-12 14:36:04,43.360424041748,-8.8409948348999,"Unknown"
"7014852",371861,2025-07-12 14:41:03,43.3606376647949,-8.8408899307251,"Unknown"
"7014852",371861,2025-07-12 14:46:02,43.3605613708496,-8.84101963043213,"Unknown"
"7014852",371861,2025-07-12 14:51:02,43.3605003356934,-8.84101963043213,"Unknown"
"7014852",371861,2025-07-12 14:56:01,43.3602447509766,-8.84127140045166,"Unknown"
"7014852",371861,2025-07-12 15:01:02,43.3605461120605,-8.84101486206055,"Unknown"
"7014852",371861,2025-07-12 15:06:01,43.3604736328125,-8.8410177230835,"Unknown"
"7014852",371861,2025-07-12 15:11:02,43.3605194091797,-8.84104061126709,"Unknown"
"7014852",371861,2025-07-12 15:16:03,43.3604583740234,-8.84121322631836,"Unknown"
"7014852",371861,2025-07-12 15:21:03,43.3604927062988,-8.84303760528564,"Unknown"
"7014852",371861,2025-07-12 15:26:02,43.3818969726562,-8.84790802001953,"Unknown"
"7014852",371861,2025-07-12 15:31:02,43.4184722900391,-8.83416748046875,"Unknown"
"7014852",371861,2025-07-12 15:36:01,43.4524879455566,-8.82244491577148,"Unknown"
"7014852",371861,2025-07-12 15:41:01,43.477840423584,-8.81443691253662,"Unknown"
"7014852",371861,2025-07-12 15:46:02,43.5079193115234,-8.81594085693359,"Unknown"
"7014852",371861,2025-07-12 15:51:03,43.5347328186035,-8.8248233795166,"Unknown"
"7014852",371861,2025-07-12 15:56:03,43.5501594543457,-8.84046936035156,"Unknown"
"7014852",371861,2025-07-12 16:01:02,43.5774002075195,-8.84577560424805,"Unknown"
"7014852",371861,2025-07-12 16:06:02,43.5866317749023,-8.86587047576904,"Unknown"
"7014852",371861,2025-07-12 16:11:02,43.587718963623,-8.89354133605957,"Unknown"
"7014852",371861,2025-07-12 16:16:04,43.5897521972656,-8.91947746276855,"Unknown"
"7014852",371861,2025-07-12 16:21:02,43.580883026123,-8.94921112060547,"Unknown"
"7014852",371861,2025-07-12 16:26:02,43.5764198303223,-8.97509002685547,"Unknown"
"7014852",371861,2025-07-12 16:31:02,43.5780715942383,-9.00044059753418,"Unknown"
"7014852",371861,2025-07-12 16:36:03,43.5787086486816,-9.02572631835938,"Unknown"
"7014852",371861,2025-07-12 16:41:02,43.5692977905273,-9.04648780822754,"Unknown"
"7014852",371861,2025-07-12 16:46:03,43.5527954101562,-9.05764293670654,"Unknown"
"7014852",371861,2025-07-12 16:51:02,43.5329170227051,-9.05364227294922,"Unknown"
"7014852",371861,2025-07-12 16:56:03,43.5128974914551,-9.05306243896484,"Unknown"
"7014852",371861,2025-07-12 17:01:03,43.4971160888672,-9.07316207885742,"Unknown"
"7014852",371861,2025-07-12 17:06:06,43.4801445007324,-9.08876419067383,"Unknown"
"7014852",371861,2025-07-12 17:11:03,43.4628372192383,-9.10532569885254,"Unknown"
"7014852",371861,2025-07-12 17:16:04,43.444408416748,-9.12444972991943,"Unknown"
"7014852",371861,2025-07-12 17:21:04,43.4228286743164,-9.13861274719238,"Unknown"
"7014852",371861,2025-07-12 17:26:04,43.4019737243652,-9.15329647064209,"Unknown"
"7014852",371861,2025-07-12 17:31:03,43.3805999755859,-9.16351222991943,"Unknown"
"7014852",371861,2025-07-12 17:36:06,43.3653411865234,-9.16682529449463,"Unknown"
"7014852",371861,2025-07-12 17:41:04,43.3448905944824,-9.1751537322998,"Unknown"
"7014852",371861,2025-07-12 17:46:06,43.3246765136719,-9.18567752838135,"Unknown"
"7014852",371861,2025-07-12 17:51:03,43.3021354675293,-9.19102764129639,"Unknown"
"7014852",371861,2025-07-12 17:56:04,43.2803573608398,-9.19593715667725,"Unknown"
"7014852",371861,2025-07-12 18:01:04,43.2571182250977,-9.19748878479004,"Unknown"
"7014852",371861,2025-07-12 18:06:10,43.2379608154297,-9.18918991088867,"Unknown"
"7014852",371861,2025-07-12 18:11:03,43.2265396118164,-9.17190361022949,"Unknown"
"7014852",371861,2025-07-12 18:16:10,43.2089729309082,-9.15085315704346,"Unknown"
"7014852",371861,2025-07-12 18:21:06,43.1950988769531,-9.13045501708984,"Unknown"
"7014852",371861,2025-07-12 18:26:04,43.2054405212402,-9.09299755096436,"Unknown"
"7014852",371861,2025-07-12 18:31:11,43.2047004699707,-9.09200668334961,"Unknown"
"7014852",371861,2025-07-12 18:36:23,43.204402923584,-9.09147357940674,"Unknown"
"7014852",371861,2025-07-12 18:41:10,43.193920135498,-9.0975341796875,"Unknown"
"7014852",371861,2025-07-12 18:46:10,43.1921043395996,-9.09846687316895,"Unknown"
"7014852",371861,2025-07-12 18:51:04,43.1920166015625,-9.09833240509033,"Unknown"
"7014852",371861,2025-07-12 18:56:06,43.1919364929199,-9.09826850891113,"Unknown"
"7014852",371861,2025-07-12 19:01:03,43.1914024353027,-9.09932613372803,"Unknown"
"7014852",371861,2025-07-12 19:06:07,43.1921691894531,-9.09830474853516,"Unknown"
"7014852",371861,2025-07-12 19:11:05,43.1921882629395,-9.09839153289795,"Unknown"
"7014852",371861,2025-07-12 19:16:07,43.1922416687012,-9.09843635559082,"Unknown"
"7014852",371861,2025-07-12 19:21:03,43.1919403076172,-9.09895801544189,"Unknown"
"7014852",371861,2025-07-12 19:26:08,43.1921997070312,-9.09827518463135,"Unknown"
"7014852",371861,2025-07-12 19:31:14,43.1923027038574,-9.09834480285645,"Unknown"
"7014852",371861,2025-07-12 19:36:14,43.1921005249023,-9.09827899932861,"Unknown"
"7014852",371861,2025-07-12 19:41:06,43.1923332214355,-9.0983190536499,"Unknown"
"7014852",371861,2025-07-12 19:46:12,43.1923675537109,-9.09823131561279,"Unknown"
"7014852",371861,2025-07-12 19:51:08,43.1922607421875,-9.09821224212646,"Unknown"
"7014852",371861,2025-07-12 19:56:09,43.192497253418,-9.09837245941162,"Unknown"
"7014852",371861,2025-07-12 20:01:08,43.1841430664062,-9.09239482879639,"Unknown"
"7014852",371861,2025-07-12 20:06:09,43.1856575012207,-9.09170436859131,"Unknown"
"7014852",371861,2025-07-12 20:11:05,43.2055931091309,-9.08964157104492,"Unknown"
"7014852",371861,2025-07-12 20:16:09,43.2210731506348,-9.07035446166992,"Unknown"
"7014852",371861,2025-07-12 20:21:06,43.2412643432617,-9.02221775054932,"Unknown"
"7014852",371861,2025-07-12 20:26:06,43.2740898132324,-8.9881763458252,"Unknown"
"7014852",371861,2025-07-12 20:31:23,43.3060646057129,-8.94641780853271,"Unknown"
"7014852",371861,2025-07-12 20:36:08,43.331298828125,-8.89752388000488,"Unknown"
"7014852",371861,2025-07-12 20:41:09,43.3583908081055,-8.84554481506348,"Unknown"
"7014852",371861,2025-07-12 20:46:10,43.3599472045898,-8.8401460647583,"Unknown"
"7014852",371861,2025-07-12 20:51:11,43.3593368530273,-8.84160137176514,"Unknown"
"7014852",371861,2025-07-12 20:56:08,43.359245300293,-8.84180736541748,"Unknown"
"7014852",371861,2025-07-12 21:01:09,43.359260559082,-8.84183979034424,"Unknown"
"7014852",371861,2025-07-13 02:01:14,43.360954284668,-8.84213924407959,"Unknown"
"7014852",371861,2025-07-13 05:13:05,43.2789306640625,-8.99532699584961,"Unknown"
"7014852",371861,2025-07-13 05:17:08,43.2703018188477,-9.00725078582764,"Unknown"
"7014852",371861,2025-07-13 05:22:11,43.2543678283691,-9.02450180053711,"Unknown"
"7014852",371861,2025-07-13 05:27:09,43.2380332946777,-9.0402193069458,"Unknown"
"7014852",371861,2025-07-13 05:32:09,43.2216033935547,-9.05954265594482,"Unknown"
"7014852",371861,2025-07-13 05:37:25,43.2038383483887,-9.07346725463867,"Unknown"
"7014852",371861,2025-07-13 05:42:08,43.188533782959,-9.08858394622803,"Unknown"
"7014852",371861,2025-07-13 05:47:41,43.1829452514648,-9.09149551391602,"Unknown"
"7014852",371861,2025-07-13 05:52:35,43.182373046875,-9.09195995330811,"Unknown"
"7014852",371861,2025-07-13 05:57:08,43.1800498962402,-9.09144115447998,"Unknown"
"7014852",371861,2025-07-13 06:02:12,43.180362701416,-9.09165000915527,"Unknown"
"7014852",371861,2025-07-13 06:07:11,43.1800804138184,-9.09170627593994,"Unknown"
"7014852",371861,2025-07-13 06:12:35,43.1801071166992,-9.0915355682373,"Unknown"
"7014852",371861,2025-07-13 06:17:07,43.1798858642578,-9.09154987335205,"Unknown"
"7014852",371861,2025-07-13 06:22:07,43.179874420166,-9.09156513214111,"Unknown"
"7014852",371861,2025-07-13 06:27:08,43.1797409057617,-9.09144306182861,"Unknown"
"7014852",371861,2025-07-13 06:32:08,43.185432434082,-9.10534191131592,"Unknown"
"7014852",371861,2025-07-13 06:37:11,43.1853904724121,-9.10537528991699,"Unknown"
"7014852",371861,2025-07-13 06:42:08,43.1853141784668,-9.10564136505127,"Unknown"
"7014852",371861,2025-07-13 06:47:08,43.1854248046875,-9.10550308227539,"Unknown"
"7014852",371861,2025-07-13 06:52:08,43.185417175293,-9.10558795928955,"Unknown"
"7014852",371861,2025-07-13 06:57:08,43.1855697631836,-9.10542488098145,"Unknown"
"7014852",371861,2025-07-13 07:02:07,43.1854705810547,-9.10554027557373,"Unknown"
"7014852",371861,2025-07-13 07:07:08,43.1854629516602,-9.10549449920654,"Unknown"
"7014852",371861,2025-07-13 07:12:08,43.1854133605957,-9.10566329956055,"Unknown"
"7014852",371861,2025-07-13 07:17:08,43.1855125427246,-9.10538387298584,"Unknown"
"7014852",371861,2025-07-13 07:22:08,43.1852684020996,-9.10596656799316,"Unknown"
"7014852",371861,2025-07-13 07:27:08,43.1852989196777,-9.10574913024902,"Unknown"
"7014852",371861,2025-07-13 07:32:08,43.1852531433105,-9.1057710647583,"Unknown"
"7014852",371861,2025-07-13 07:37:07,43.1853179931641,-9.10571956634521,"Unknown"
"7014852",371861,2025-07-13 07:42:08,43.1853485107422,-9.10572528839111,"Unknown"
"7014852",371861,2025-07-13 07:47:07,43.1859092712402,-9.10611057281494,"Unknown"
"7014852",371861,2025-07-13 07:52:08,43.2011833190918,-9.09601879119873,"Unknown"
"7014852",371861,2025-07-13 07:57:08,43.2010116577148,-9.06697940826416,"Unknown"
"7014852",371861,2025-07-13 08:02:09,43.1932907104492,-9.05011177062988,"Unknown"
"7014852",371861,2025-07-13 08:07:08,43.1937141418457,-9.04186344146729,"Unknown"
"7014852",371861,2025-07-13 08:12:08,43.1938171386719,-9.04197120666504,"Unknown"
"7014852",371861,2025-07-13 08:17:08,43.1936302185059,-9.0415620803833,"Unknown"
"7014852",371861,2025-07-13 08:22:08,43.1940231323242,-9.04200744628906,"Unknown"
"7014852",371861,2025-07-13 08:27:09,43.1937789916992,-9.04156589508057,"Unknown"
"7014852",371861,2025-07-13 08:32:08,43.1940536499023,-9.04226779937744,"Unknown"
"7014852",371861,2025-07-13 08:37:09,43.1939735412598,-9.04252338409424,"Unknown"
"7014852",371861,2025-07-13 08:42:09,43.2153930664062,-9.02453994750977,"Unknown"
"7014852",371861,2025-07-13 08:47:19,43.2318954467773,-9.00785064697266,"Unknown"
"7014852",371861,2025-07-13 08:52:07,43.2674751281738,-8.9782886505127,"Unknown"
"7014852",371861,2025-07-13 08:57:10,43.2890129089355,-8.95786952972412,"Unknown"
"7014852",371861,2025-07-13 09:02:17,43.3038864135742,-8.92371940612793,"Unknown"
"7014852",371861,2025-07-13 09:07:09,43.3288040161133,-8.88914203643799,"Unknown"
"7014852",371861,2025-07-13 09:12:10,43.3563613891602,-8.8460807800293,"Unknown"
"7014852",371861,2025-07-13 09:17:20,43.3604774475098,-8.84138202667236,"Unknown"
"7014852",371861,2025-07-13 09:22:35,43.3603706359863,-8.84131240844727,"Unknown"
"7014852",371861,2025-07-13 09:27:10,43.3600006103516,-8.84042644500732,"Unknown"
"7014852",371861,2025-07-13 09:32:09,43.3604202270508,-8.84138202667236,"Unknown"
"7014852",371861,2025-07-13 09:37:08,43.3604698181152,-8.84133148193359,"Unknown"
"7014852",371861,2025-07-13 09:42:08,43.3605270385742,-8.84138774871826,"Unknown"
"7014852",371861,2025-07-13 09:47:09,43.3603363037109,-8.84119892120361,"Unknown"
"7014852",371861,2025-07-13 09:52:09,43.3606109619141,-8.84152221679688,"Unknown"
"7014852",371861,2025-07-13 09:57:11,43.360481262207,-8.84142875671387,"Unknown"
"7014852",371861,2025-07-13 10:02:08,43.3606872558594,-8.84153461456299,"Unknown"
"7014852",371861,2025-07-13 10:07:08,43.3602867126465,-8.84133625030518,"Unknown"
"7014852",371861,2025-07-13 10:12:10,43.3606147766113,-8.84146881103516,"Unknown"
"7014852",371861,2025-07-13 10:17:08,43.359806060791,-8.83884143829346,"Unknown"
"7014852",371861,2025-07-13 10:22:08,43.3599586486816,-8.8220329284668,"Unknown"
"7014852",371861,2025-07-13 10:27:08,43.3605155944824,-8.83445453643799,"Unknown"
"7014852",371861,2025-07-13 10:32:13,43.3604164123535,-8.84147930145264,"Unknown"
"7014852",371861,2025-07-13 10:37:19,43.3604049682617,-8.84134197235107,"Unknown"
"7014852",371861,2025-07-13 10:42:09,43.3582458496094,-8.84757995605469,"Unknown"
"7014852",371861,2025-07-13 10:47:08,43.3385734558105,-8.84370613098145,"Unknown"
"7014852",371861,2025-07-13 10:52:08,43.3221893310547,-8.8521785736084,"Unknown"
"7014852",371861,2025-07-13 10:57:09,43.3101806640625,-8.86563873291016,"Unknown"
"7014852",371861,2025-07-13 11:02:10,43.3194198608398,-8.88595581054688,"Unknown"
"7014852",371861,2025-07-13 11:07:12,43.3129997253418,-8.90853309631348,"Unknown"
"7014852",371861,2025-07-13 11:12:09,43.2946319580078,-8.91865634918213,"Unknown"
"7014852",371861,2025-07-13 11:17:18,43.2915077209473,-8.93950271606445,"Unknown"
"7014852",371861,2025-07-13 11:22:13,43.2865943908691,-8.96238708496094,"Unknown"
"7014852",371861,2025-07-13 11:27:12,43.2758598327637,-8.98496532440186,"Unknown"
"7014852",371861,2025-07-13 11:32:12,43.263427734375,-8.98796558380127,"Unknown"
"7014852",371861,2025-07-13 11:37:13,43.2687835693359,-8.98143291473389,"Unknown"
"7014852",371861,2025-07-13 11:42:44,43.2624931335449,-8.97670555114746,"Unknown"
"7014852",371861,2025-07-13 11:47:10,43.2624778747559,-8.97670078277588,"Unknown"
"7014852",371861,2025-07-13 11:52:09,43.262580871582,-8.97666072845459,"Unknown"
"7014852",371861,2025-07-13 11:57:09,43.2625274658203,-8.97667026519775,"Unknown"
"7014852",371861,2025-07-13 12:02:10,43.2625274658203,-8.97673511505127,"Unknown"
"7014852",371861,2025-07-13 12:07:09,43.2623825073242,-8.97675037384033,"Unknown"
"7014852",371861,2025-07-13 12:12:08,43.2625198364258,-8.97661876678467,"Unknown"
"7014852",371861,2025-07-13 12:17:12,43.2624664306641,-8.97670459747314,"Unknown"
"7014852",371861,2025-07-13 12:22:08,43.2629661560059,-8.97665023803711,"Unknown"
"7014852",371861,2025-07-13 12:27:09,43.2674255371094,-8.98157024383545,"Unknown"
"7014852",371861,2025-07-13 12:32:44,43.2679138183594,-8.98157978057861,"Unknown"
"7014852",371861,2025-07-13 12:37:10,43.267822265625,-8.98151588439941,"Unknown"
"7014852",371861,2025-07-13 12:42:13,43.2679710388184,-8.98134994506836,"Unknown"
"7014852",371861,2025-07-13 12:47:11,43.2678718566895,-8.981614112854,"Unknown"
"7014852",371861,2025-07-13 12:52:17,43.2678146362305,-8.98166465759277,"Unknown"
"7014852",371861,2025-07-13 12:57:13,43.2678642272949,-8.98074054718018,"Unknown"
"7014852",371861,2025-07-13 13:02:16,43.2678146362305,-8.98130798339844,"Unknown"
"7014852",371861,2025-07-13 13:07:16,43.2677230834961,-8.98140430450439,"Unknown"
"7014852",371861,2025-07-13 13:12:13,43.2678909301758,-8.9810152053833,"Unknown"
"7014852",371861,2025-07-13 13:17:22,43.2677993774414,-8.98127555847168,"Unknown"
"7014852",371861,2025-07-13 13:22:23,43.267635345459,-8.98147487640381,"Unknown"
"7014852",371861,2025-07-13 13:27:11,43.2625999450684,-8.98962211608887,"Unknown"
"7014852",371861,2025-07-13 13:32:08,43.2617530822754,-8.99098110198975,"Unknown"
"7014852",371861,2025-07-13 13:37:14,43.2682228088379,-8.98111438751221,"Unknown"
"7014852",371861,2025-07-13 13:42:23,43.2679481506348,-8.98129749298096,"Unknown"
"7014852",371861,2025-07-13 13:47:23,43.2679595947266,-8.98119831085205,"Unknown"
"7014852",371861,2025-07-13 13:52:35,43.2680740356445,-8.98205089569092,"Unknown"
"7014852",371861,2025-07-13 13:57:08,43.2680206298828,-8.98190212249756,"Unknown"
"7014852",371861,2025-07-13 14:02:16,43.2679824829102,-8.98194599151611,"Unknown"
"7014852",371861,2025-07-13 14:07:10,43.2633781433105,-8.97690296173096,"Unknown"
"7014852",371861,2025-07-13 14:12:10,43.2632942199707,-8.97675895690918,"Unknown"
"7014852",371861,2025-07-13 14:17:11,43.2632827758789,-8.97686100006104,"Unknown"
"7014852",371861,2025-07-13 14:22:10,43.2634429931641,-8.9770450592041,"Unknown"
"7014852",371861,2025-07-13 14:27:11,43.2631797790527,-8.97674465179443,"Unknown"
"7014852",371861,2025-07-13 14:32:10,43.263240814209,-8.97677993774414,"Unknown"
"7014852",371861,2025-07-13 14:37:18,43.2631149291992,-8.97659301757812,"Unknown"
"7014852",371861,2025-07-13 14:42:09,43.2631149291992,-8.97654914855957,"Unknown"
"7014852",371861,2025-07-13 14:47:09,43.2630958557129,-8.9765625,"Unknown"
"7014852",371861,2025-07-13 14:52:34,43.2631187438965,-8.97656154632568,"Unknown"
"7014852",371861,2025-07-13 14:57:09,43.2632293701172,-8.97657489776611,"Unknown"
"7014852",371861,2025-07-13 15:02:09,43.2631797790527,-8.9765510559082,"Unknown"
"7014852",371861,2025-07-13 15:07:09,43.2631683349609,-8.9765682220459,"Unknown"
"7014852",371861,2025-07-13 15:12:08,43.2638130187988,-8.97687244415283,"Unknown"
"7014852",371861,2025-07-13 15:17:08,43.2598991394043,-8.97556495666504,"Unknown"
"7014852",371861,2025-07-13 15:22:10,43.2638130187988,-8.97699451446533,"Unknown"
"7014852",371861,2025-07-13 15:27:09,43.2637977600098,-8.97696113586426,"Unknown"
"7014852",371861,2025-07-13 15:32:09,43.2637825012207,-8.97696971893311,"Unknown"
"7014852",371861,2025-07-13 15:37:10,43.2637481689453,-8.97695255279541,"Unknown"
"7014852",371861,2025-07-13 15:42:09,43.2638549804688,-8.97691345214844,"Unknown"
"7014852",371861,2025-07-13 15:47:11,43.2605438232422,-8.97756767272949,"Unknown"
"7014852",371861,2025-07-13 15:52:08,43.2609252929688,-8.97739696502686,"Unknown"
"7014852",371861,2025-07-13 15:57:09,43.262996673584,-8.97666263580322,"Unknown"
"7014852",371861,2025-07-13 16:02:11,43.2628517150879,-8.97637844085693,"Unknown"
"7014852",371861,2025-07-13 16:07:11,43.2630233764648,-8.97676181793213,"Unknown"
"7014852",371861,2025-07-13 16:12:09,43.2630767822266,-8.97677040100098,"Unknown"
"7014852",371861,2025-07-13 16:17:09,43.2630043029785,-8.97665691375732,"Unknown"
"7014852",371861,2025-07-13 16:22:09,43.2629852294922,-8.97672748565674,"Unknown"
"7014852",371861,2025-07-13 16:27:08,43.2630195617676,-8.97672367095947,"Unknown"
"7014852",371861,2025-07-13 16:32:09,43.2629776000977,-8.97669124603271,"Unknown"
"7014852",371861,2025-07-13 16:37:09,43.2612724304199,-8.97774219512939,"Unknown"
"7014852",371861,2025-07-13 16:42:13,43.2638206481934,-8.97701549530029,"Unknown"
"7014852",371861,2025-07-13 16:47:09,43.2632522583008,-8.97680568695068,"Unknown"
"7014852",371861,2025-07-13 16:52:11,43.2634010314941,-8.97669792175293,"Unknown"
"7014852",371861,2025-07-13 16:57:09,43.2632598876953,-8.97688007354736,"Unknown"
"7014852",371861,2025-07-13 17:02:09,43.2633819580078,-8.97677612304688,"Unknown"
"7014852",371861,2025-07-13 17:07:12,43.2633781433105,-8.97680282592773,"Unknown"
"7014852",371861,2025-07-13 17:12:14,43.264965057373,-8.98647308349609,"Unknown"
"7014852",371861,2025-07-13 17:17:13,43.2652854919434,-8.98690128326416,"Unknown"
"7014852",371861,2025-07-13 17:22:13,43.2652435302734,-8.98709297180176,"Unknown"
"7014852",371861,2025-07-13 17:27:28,43.2649803161621,-8.98741245269775,"Unknown"
"7014852",371861,2025-07-13 17:32:14,43.2656745910645,-8.98859882354736,"Unknown"
"7014852",371861,2025-07-13 17:37:10,43.2630348205566,-8.97656440734863,"Unknown"
"7014852",371861,2025-07-13 17:42:12,43.2633209228516,-8.9769458770752,"Unknown"
"7014852",371861,2025-07-13 17:47:13,43.2633934020996,-8.9772367477417,"Unknown"
"7014852",371861,2025-07-13 17:52:24,43.2634582519531,-8.97714710235596,"Unknown"
"7014852",371861,2025-07-13 17:57:09,43.2702369689941,-8.98117351531982,"Unknown"
"7014852",371861,2025-07-13 18:02:11,43.2878761291504,-8.96353244781494,"Unknown"
"7014852",371861,2025-07-13 18:07:10,43.3049850463867,-8.93227767944336,"Unknown"
"7014852",371861,2025-07-13 18:12:14,43.3213500976562,-8.90959358215332,"Unknown"
"7014852",371861,2025-07-13 18:17:13,43.3340606689453,-8.8769416809082,"Unknown"
"7014852",371861,2025-07-13 18:22:12,43.3560066223145,-8.84597396850586,"Unknown"
"7014852",371861,2025-07-13 18:27:11,43.3605499267578,-8.84139728546143,"Unknown"
"7014852",371861,2025-07-13 18:32:14,43.3608245849609,-8.84144020080566,"Unknown"
"7014852",371861,2025-07-13 18:37:11,43.3673515319824,-8.82867908477783,"Unknown"
"7014852",371861,2025-07-13 18:43:05,43.3684501647949,-8.83143901824951,"Unknown"
"7014852",371861,2025-07-13 18:47:13,43.3643951416016,-8.82187747955322,"Unknown"
"7014852",371861,2025-07-13 18:52:14,43.3596382141113,-8.81584548950195,"Unknown"
"7014852",371861,2025-07-13 18:57:21,43.3594551086426,-8.81636428833008,"Unknown"
"7014852",371861,2025-07-13 19:02:13,43.3577156066895,-8.81510353088379,"Unknown"
"7014852",371861,2025-07-13 19:07:20,43.3570022583008,-8.81550884246826,"Unknown"
"7014852",371861,2025-07-13 19:12:19,43.3566513061523,-8.81538772583008,"Unknown"
"7014852",371861,2025-07-13 19:17:16,43.3562164306641,-8.81623363494873,"Unknown"
"7014852",371861,2025-07-13 19:22:09,43.3577690124512,-8.82555484771729,"Unknown"
"7014852",371861,2025-07-13 19:27:15,43.3603858947754,-8.84066009521484,"Unknown"
"7014852",371861,2025-07-13 19:32:09,43.3605842590332,-8.84158134460449,"Unknown"
"7014852",371861,2025-07-13 19:37:14,43.3605766296387,-8.84046745300293,"Unknown"
"7014852",371861,2025-07-13 19:42:25,43.3605499267578,-8.84062099456787,"Unknown"
"7014852",371861,2025-07-13 19:47:13,43.3605155944824,-8.84080505371094,"Unknown"
"7014852",371861,2025-07-13 19:52:13,43.360652923584,-8.84134387969971,"Unknown"
"7014852",371861,2025-07-13 19:57:12,43.3606567382812,-8.84238624572754,"Unknown"
"7014852",371861,2025-07-13 20:02:17,43.3602981567383,-8.84081745147705,"Unknown"
"7014852",371861,2025-07-13 20:07:09,43.3605155944824,-8.84097385406494,"Unknown"
"7014852",371861,2025-07-13 20:12:19,43.3603858947754,-8.84082221984863,"Unknown"
"7014852",371861,2025-07-13 20:17:43,43.3603324890137,-8.84137344360352,"Unknown"
"7014852",371861,2025-07-13 20:22:08,43.3602905273438,-8.84148120880127,"Unknown"
"7014852",371861,2025-07-13 20:27:08,43.3601875305176,-8.84146690368652,"Unknown"
"7014852",371861,2025-07-13 20:32:08,43.3602066040039,-8.84149551391602,"Unknown"
"7014852",371861,2025-07-13 20:37:11,43.3602485656738,-8.8414831161499,"Unknown"
"7014852",371861,2025-07-13 20:42:08,43.3602714538574,-8.84144020080566,"Unknown"
"7014852",371861,2025-07-13 20:47:08,43.3602981567383,-8.84140682220459,"Unknown"
"7014852",371861,2025-07-13 20:52:08,43.3603820800781,-8.84130382537842,"Unknown"
"7014852",371861,2025-07-13 20:57:08,43.3603096008301,-8.84136581420898,"Unknown"
"7014852",371861,2025-07-13 21:00:26,43.3603134155273,-8.84135246276855,"Unknown"
"7014852",371861,2025-07-14 02:00:59,43.360424041748,-8.84137058258057,"Unknown"
"7014852",371861,2025-07-14 05:13:07,43.3605804443359,-8.84123420715332,"Unknown"
"7014852",371861,2025-07-14 05:18:35,43.3604621887207,-8.84137153625488,"Unknown"
"7014852",371861,2025-07-14 05:23:03,43.3604583740234,-8.84122753143311,"Unknown"
"7014852",371861,2025-07-14 05:28:02,43.3603515625,-8.84129047393799,"Unknown"
"7014852",371861,2025-07-14 05:33:03,43.360424041748,-8.84131526947021,"Unknown"
"7014852",371861,2025-07-14 05:38:03,43.3604354858398,-8.84127712249756,"Unknown"
"7014852",371861,2025-07-14 05:43:03,43.3604125976562,-8.84135341644287,"Unknown"
"7014852",371861,2025-07-14 05:48:02,43.360481262207,-8.84133434295654,"Unknown"
"7014852",371861,2025-07-14 05:53:04,43.3603324890137,-8.84151077270508,"Unknown"
"7014852",371861,2025-07-14 05:58:04,43.3605117797852,-8.84134101867676,"Unknown"
"7014852",371861,2025-07-14 06:03:03,43.3604774475098,-8.84143352508545,"Unknown"
"7014852",371861,2025-07-14 06:08:08,43.3605728149414,-8.84133815765381,"Unknown"
"7014852",371861,2025-07-14 06:13:04,43.3604621887207,-8.84130859375,"Unknown"
"7014852",371861,2025-07-14 06:18:06,43.3604927062988,-8.84136009216309,"Unknown"
"7014852",371861,2025-07-14 06:23:04,43.3604393005371,-8.84146213531494,"Unknown"
"7014852",371861,2025-07-14 06:28:04,43.3610305786133,-8.84164428710938,"Unknown"
"7014852",371861,2025-07-14 06:33:04,43.3604316711426,-8.8414306640625,"Unknown"
"7014852",371861,2025-07-14 06:38:06,43.3605194091797,-8.84140777587891,"Unknown"
"7014852",371861,2025-07-14 06:43:06,43.3605499267578,-8.84138202667236,"Unknown"
"7014852",371861,2025-07-14 06:48:04,43.360710144043,-8.84138774871826,"Unknown"
"7014852",371861,2025-07-14 06:53:04,43.360668182373,-8.84137916564941,"Unknown"
"7014852",371861,2025-07-14 06:58:14,43.3603744506836,-8.84142780303955,"Unknown"
"7014852",371861,2025-07-14 07:03:03,43.3642044067383,-8.84756374359131,"Unknown"
"7014852",371861,2025-07-14 07:08:03,43.3734893798828,-8.85951328277588,"Unknown"
"7014852",371861,2025-07-14 07:13:03,43.3704528808594,-8.86320400238037,"Unknown"
"7014852",371861,2025-07-14 07:18:03,43.357364654541,-8.84073066711426,"Unknown"
"7014852",371861,2025-07-14 07:23:04,43.3601226806641,-8.84160041809082,"Unknown"
"7014852",371861,2025-07-14 07:28:02,43.360164642334,-8.84117031097412,"Unknown"
"7014852",371861,2025-07-14 07:33:03,43.359691619873,-8.84119319915771,"Unknown"
"7014852",371861,2025-07-14 07:38:03,43.3602828979492,-8.84134864807129,"Unknown"
"7014852",371861,2025-07-14 07:43:11,43.3602981567383,-8.84116077423096,"Unknown"
"7014852",371861,2025-07-14 07:48:05,43.3603858947754,-8.8413724899292,"Unknown"
"7014852",371861,2025-07-14 07:53:03,43.3602676391602,-8.8411750793457,"Unknown"
"7014852",371861,2025-07-14 07:58:03,43.3604354858398,-8.84128093719482,"Unknown"
"7014852",371861,2025-07-14 08:03:03,43.3604469299316,-8.84133815765381,"Unknown"
"7014852",371861,2025-07-14 08:08:11,43.3607368469238,-8.84183597564697,"Unknown"
"7014852",371861,2025-07-14 08:13:02,43.3606491088867,-8.84174537658691,"Unknown"
"7014852",371861,2025-07-14 08:18:35,43.3602066040039,-8.84139060974121,"Unknown"
"7014852",371861,2025-07-14 08:23:04,43.3603248596191,-8.84146785736084,"Unknown"
"7014852",371861,2025-07-14 08:28:04,43.3605346679688,-8.84152507781982,"Unknown"
"7014852",371861,2025-07-14 08:33:04,43.3602523803711,-8.84149169921875,"Unknown"
"7014852",371861,2025-07-14 08:38:04,43.3603210449219,-8.84122276306152,"Unknown"
"7014852",371861,2025-07-14 08:43:14,43.3603210449219,-8.84147644042969,"Unknown"
"7014852",371861,2025-07-14 08:48:04,43.3603820800781,-8.84147167205811,"Unknown"
"7014852",371861,2025-07-14 08:53:04,43.3602409362793,-8.84131145477295,"Unknown"
"7014852",371861,2025-07-14 08:58:03,43.3602714538574,-8.8413143157959,"Unknown"
"7014852",371861,2025-07-14 09:04:26,43.3607063293457,-8.84450531005859,"Unknown"
"7014852",371861,2025-07-14 09:08:03,43.3631210327148,-8.85697460174561,"Unknown"
"7014852",371861,2025-07-14 09:13:03,43.3629531860352,-8.86084461212158,"Unknown"
"7014852",371861,2025-07-14 09:18:03,43.3626976013184,-8.86166000366211,"Unknown"
"7014852",371861,2025-07-14 09:23:04,43.3621826171875,-8.86257362365723,"Unknown"
"7014852",371861,2025-07-14 09:28:04,43.361743927002,-8.86346054077148,"Unknown"
"7014852",371861,2025-07-14 09:33:03,43.3619766235352,-8.86419582366943,"Unknown"
"7014852",371861,2025-07-14 09:38:04,43.3624420166016,-8.86371517181396,"Unknown"
"7014852",371861,2025-07-14 09:43:04,43.3715896606445,-8.84602069854736,"Unknown"
"7014852",371861,2025-07-14 09:48:04,43.3627319335938,-8.83513832092285,"Unknown"
"7014852",371861,2025-07-14 09:53:02,43.3604507446289,-8.84128475189209,"Unknown"
"7014852",371861,2025-07-14 09:58:04,43.3602600097656,-8.84122085571289,"Unknown"
"7014852",371861,2025-07-14 10:03:03,43.3603858947754,-8.8411865234375,"Unknown"
"7014852",371861,2025-07-14 10:08:05,43.360294342041,-8.84123706817627,"Unknown"
"7014852",371861,2025-07-14 10:13:04,43.3602828979492,-8.8411922454834,"Unknown"
"7014852",371861,2025-07-14 10:18:06,43.3604621887207,-8.84129524230957,"Unknown"
"7014852",371861,2025-07-14 10:23:03,43.3603172302246,-8.84130668640137,"Unknown"
"7014852",371861,2025-07-14 10:28:02,43.3603630065918,-8.84130191802979,"Unknown"
"7014852",371861,2025-07-14 10:33:04,43.3602752685547,-8.8411693572998,"Unknown"
"7014852",371861,2025-07-14 10:38:02,43.3602867126465,-8.84130764007568,"Unknown"
"7014852",371861,2025-07-14 10:43:14,43.3603210449219,-8.84127807617188,"Unknown"
"7014852",371861,2025-07-14 10:48:04,43.3603706359863,-8.84123992919922,"Unknown"
"7014852",371861,2025-07-14 10:53:03,43.3602676391602,-8.84126472473145,"Unknown"
"7014852",371861,2025-07-14 10:58:04,43.3602027893066,-8.84115982055664,"Unknown"
"7014852",371861,2025-07-14 11:03:05,43.3608856201172,-8.84145450592041,"Unknown"
"7014852",371861,2025-07-14 11:08:04,43.3607406616211,-8.84362602233887,"Unknown"
"7014852",371861,2025-07-14 11:13:04,43.364372253418,-8.82593727111816,"Unknown"
"7014852",371861,2025-07-14 11:18:15,43.3657379150391,-8.82400703430176,"Unknown"
"7014852",371861,2025-07-14 11:23:06,43.3659553527832,-8.82426166534424,"Unknown"
"7014852",371861,2025-07-14 11:28:06,43.3648681640625,-8.82264709472656,"Unknown"
"7014852",371861,2025-07-14 11:33:06,43.3594932556152,-8.83619403839111,"Unknown"
"7014852",371861,2025-07-14 11:38:44,43.3544006347656,-8.83509063720703,"Unknown"
"7014852",371861,2025-07-14 11:43:04,43.3545265197754,-8.83498573303223,"Unknown"
"7014852",371861,2025-07-14 11:48:04,43.3615303039551,-8.83457469940186,"Unknown"
"7014852",371861,2025-07-14 11:53:04,43.3602485656738,-8.84117794036865,"Unknown"
"7014852",371861,2025-07-14 11:58:06,43.3603286743164,-8.84137535095215,"Unknown"
"7014852",371861,2025-07-14 12:03:06,43.3603210449219,-8.8413257598877,"Unknown"
"7014852",371861,2025-07-14 12:08:04,43.3603744506836,-8.84145069122314,"Unknown"
"7014852",371861,2025-07-14 12:13:04,43.3602600097656,-8.84118556976318,"Unknown"
"7014852",371861,2025-07-14 12:18:04,43.3602638244629,-8.84121513366699,"Unknown"
"7014852",371861,2025-07-14 12:23:06,43.3602638244629,-8.84119892120361,"Unknown"
"7014852",371861,2025-07-14 12:28:04,43.360294342041,-8.84115028381348,"Unknown"
"7014852",371861,2025-07-14 12:33:07,43.3604049682617,-8.84139823913574,"Unknown"
"7014852",371861,2025-07-14 12:38:07,43.3604469299316,-8.84118175506592,"Unknown"
"7014852",371861,2025-07-14 12:43:06,43.360294342041,-8.84115123748779,"Unknown"
"7014852",371861,2025-07-14 12:48:04,43.3609237670898,-8.84005260467529,"Unknown"
"7014852",371861,2025-07-14 12:53:04,43.3607330322266,-8.8419075012207,"Unknown"
"7014852",371861,2025-07-14 12:58:04,43.3604965209961,-8.83993721008301,"Unknown"
"7014852",371861,2025-07-14 13:03:04,43.3602600097656,-8.84058475494385,"Unknown"
"7014852",371861,2025-07-14 13:08:05,43.3605728149414,-8.84167957305908,"Unknown"
"7014852",371861,2025-07-14 13:13:05,43.3613357543945,-8.82290172576904,"Unknown"
"7014852",371861,2025-07-14 13:18:04,43.3609809875488,-8.82244491577148,"Unknown"
"7014852",371861,2025-07-14 13:23:07,43.360668182373,-8.84176254272461,"Unknown"
"7014852",371861,2025-07-14 13:28:07,43.3606147766113,-8.84156227111816,"Unknown"
"7014852",371861,2025-07-14 13:33:04,43.3606300354004,-8.84142971038818,"Unknown"
"7014852",371861,2025-07-14 13:38:04,43.3606109619141,-8.84185218811035,"Unknown"
"7014852",371861,2025-07-14 13:43:04,43.3606796264648,-8.84173965454102,"Unknown"
"7014852",371861,2025-07-14 13:48:04,43.3605575561523,-8.84176349639893,"Unknown"
"7014852",371861,2025-07-14 13:53:04,43.3605003356934,-8.84169006347656,"Unknown"
"7014852",371861,2025-07-14 13:58:04,43.3605117797852,-8.84174346923828,"Unknown"
"7014852",371861,2025-07-14 14:03:04,43.3606147766113,-8.84179782867432,"Unknown"
"7014852",371861,2025-07-14 14:08:06,43.360710144043,-8.84153938293457,"Unknown"
"7014852",371861,2025-07-14 14:13:06,43.3606300354004,-8.84174346923828,"Unknown"
"7014852",371861,2025-07-14 14:18:04,43.3609161376953,-8.84113311767578,"Unknown"
"7014852",371861,2025-07-14 14:23:04,43.3610992431641,-8.84191417694092,"Unknown"
"7014852",371861,2025-07-14 14:28:06,43.3609809875488,-8.8407506942749,"Unknown"
"7014852",371861,2025-07-14 14:33:59,43.3609352111816,-8.84118366241455,"Unknown"
"7014852",371861,2025-07-14 14:38:42,43.3610916137695,-8.8443431854248,"Unknown"
"7014852",371861,2025-07-14 14:43:04,43.3604049682617,-8.84137535095215,"Unknown"
"7014852",371861,2025-07-14 14:48:04,43.3605041503906,-8.84098148345947,"Unknown"
"7014852",371861,2025-07-14 14:53:08,43.360466003418,-8.84153842926025,"Unknown"
"7014852",371861,2025-07-14 14:58:08,43.3603973388672,-8.84139060974121,"Unknown"
"7014852",371861,2025-07-14 15:03:04,43.3603782653809,-8.84129428863525,"Unknown"
"7014852",371861,2025-07-14 15:08:04,43.3604621887207,-8.84126281738281,"Unknown"
"7014852",371861,2025-07-14 15:13:06,43.360466003418,-8.84134960174561,"Unknown"
"7014852",371861,2025-07-14 15:18:04,43.3618965148926,-8.82342910766602,"Unknown"
"7014852",371861,2025-07-14 15:23:04,43.3620376586914,-8.82123470306396,"Unknown"
"7014852",371861,2025-07-14 15:28:04,43.3649063110352,-8.82135105133057,"Unknown"
"7014852",371861,2025-07-14 15:33:06,43.3615036010742,-8.82281112670898,"Unknown"
"7014852",371861,2025-07-14 15:38:06,43.3603057861328,-8.83988761901855,"Unknown"
"7014852",371861,2025-07-14 15:43:06,43.3605766296387,-8.84145832061768,"Unknown"
"7014852",371861,2025-07-14 15:48:03,43.3604469299316,-8.8414363861084,"Unknown"
"7014852",371861,2025-07-14 15:53:04,43.3606147766113,-8.84139823913574,"Unknown"
"7014852",371861,2025-07-14 15:58:04,43.3606262207031,-8.84142398834229,"Unknown"
"7014852",371861,2025-07-14 16:03:07,43.3606719970703,-8.84141731262207,"Unknown"
"7014852",371861,2025-07-14 16:08:09,43.3606338500977,-8.84153747558594,"Unknown"
"7014852",371861,2025-07-14 16:13:04,43.360652923584,-8.84161758422852,"Unknown"
"7014852",371861,2025-07-14 16:18:04,43.3606872558594,-8.84163761138916,"Unknown"
"7014852",371861,2025-07-14 16:23:14,43.3606452941895,-8.84161281585693,"Unknown"
"7014852",371861,2025-07-14 16:28:07,43.3606071472168,-8.84161567687988,"Unknown"
"7014852",371861,2025-07-14 16:33:06,43.3605422973633,-8.84151744842529,"Unknown"
"7014852",371861,2025-07-14 16:38:06,43.3606948852539,-8.84169673919678,"Unknown"
"7014852",371861,2025-07-14 16:43:07,43.3606605529785,-8.84175395965576,"Unknown"
"7014852",371861,2025-07-14 16:48:05,43.3606262207031,-8.84160041809082,"Unknown"
"7014852",371861,2025-07-14 16:53:06,43.3609619140625,-8.84201717376709,"Unknown"
"7014852",371861,2025-07-14 16:58:35,43.3605918884277,-8.84173011779785,"Unknown"
"7014852",371861,2025-07-14 17:03:08,43.3605422973633,-8.84162712097168,"Unknown"
"7014852",371861,2025-07-14 17:08:10,43.3604316711426,-8.84154796600342,"Unknown"
"7014852",371861,2025-07-14 17:13:07,43.3607749938965,-8.84160995483398,"Unknown"
"7014852",371861,2025-07-14 17:18:05,43.361011505127,-8.84219074249268,"Unknown"
"7014852",371861,2025-07-14 17:23:05,43.3608474731445,-8.84172534942627,"Unknown"
"7014852",371861,2025-07-14 17:28:06,43.3608322143555,-8.84195995330811,"Unknown"
"7014852",371861,2025-07-14 17:33:06,43.3607330322266,-8.84171390533447,"Unknown"
"7014852",371861,2025-07-14 17:38:06,43.3608169555664,-8.84167575836182,"Unknown"
"7014852",371861,2025-07-14 17:43:05,43.3607635498047,-8.84162139892578,"Unknown"
"7014852",371861,2025-07-14 17:48:07,43.3695335388184,-8.82812690734863,"Unknown"
"7014852",371861,2025-07-14 17:53:05,43.3597831726074,-8.81807899475098,"Unknown"
"7014852",371861,2025-07-14 17:58:05,43.3469276428223,-8.84018135070801,"Unknown"
"7014852",371861,2025-07-14 18:03:07,43.3195381164551,-8.85338306427002,"Unknown"
"7014852",371861,2025-07-14 18:08:06,43.3142356872559,-8.85733699798584,"Unknown"
"7014852",371861,2025-07-14 18:13:06,43.3209991455078,-8.85300159454346,"Unknown"
"7014852",371861,2025-07-14 18:18:08,43.3208465576172,-8.85315132141113,"Unknown"
"7014852",371861,2025-07-14 18:23:11,43.3211059570312,-8.85290908813477,"Unknown"
"7014852",371861,2025-07-14 18:28:06,43.3232536315918,-8.85180187225342,"Unknown"
"7014852",371861,2025-07-14 18:33:05,43.3503303527832,-8.84311103820801,"Unknown"
"7014852",371861,2025-07-14 18:38:06,43.3604125976562,-8.84204292297363,"Unknown"
"7014852",371861,2025-07-14 18:43:06,43.360424041748,-8.84171199798584,"Unknown"
"7014852",371861,2025-07-14 18:48:06,43.3602676391602,-8.84212779998779,"Unknown"
"7014852",371861,2025-07-14 18:53:06,43.3607139587402,-8.84158515930176,"Unknown"
"7014852",371861,2025-07-14 18:58:06,43.360725402832,-8.84209156036377,"Unknown"
"7014852",371861,2025-07-14 19:03:08,43.360408782959,-8.84188938140869,"Unknown"
"7014852",371861,2025-07-14 19:08:06,43.3603973388672,-8.8419361114502,"Unknown"
"7014852",371861,2025-07-14 19:13:06,43.3605537414551,-8.84171581268311,"Unknown"
"7014852",371861,2025-07-14 19:18:07,43.3605041503906,-8.84167575836182,"Unknown"
"7014852",371861,2025-07-14 19:23:06,43.3605880737305,-8.84164524078369,"Unknown"
"7014852",371861,2025-07-14 19:28:07,43.3605995178223,-8.84163379669189,"Unknown"
"7014852",371861,2025-07-14 19:33:10,43.3605041503906,-8.84190368652344,"Unknown"
"7014852",371861,2025-07-14 19:38:06,43.3603935241699,-8.84204196929932,"Unknown"
"7014852",371861,2025-07-14 19:43:06,43.3604393005371,-8.84198188781738,"Unknown"
"7014852",371861,2025-07-14 19:48:07,43.3604316711426,-8.8416690826416,"Unknown"
"7014852",371861,2025-07-14 19:53:08,43.3604965209961,-8.841628074646,"Unknown"
"7014852",371861,2025-07-14 19:58:35,43.3603401184082,-8.84158134460449,"Unknown"
"7014852",371861,2025-07-14 20:03:07,43.3602256774902,-8.84134101867676,"Unknown"
"7014852",371861,2025-07-14 20:08:04,43.3603019714355,-8.84146499633789,"Unknown"
"7014852",371861,2025-07-14 20:13:06,43.3603782653809,-8.84142398834229,"Unknown"
"7014852",371861,2025-07-14 20:18:04,43.3602600097656,-8.84160900115967,"Unknown"
"7014852",371861,2025-07-14 20:23:06,43.3602447509766,-8.84156513214111,"Unknown"
"7014852",371861,2025-07-14 20:28:06,43.3603057861328,-8.84130382537842,"Unknown"
"7014852",371861,2025-07-14 20:33:04,43.3602828979492,-8.8412561416626,"Unknown"
"7014852",371861,2025-07-14 20:38:07,43.3601875305176,-8.84170150756836,"Unknown"
"7014852",371861,2025-07-14 20:43:06,43.3603172302246,-8.84140110015869,"Unknown"
"7014852",371861,2025-07-14 20:48:06,43.3603210449219,-8.84138298034668,"Unknown"
"7014852",371861,2025-07-14 20:53:07,43.3603134155273,-8.84140205383301,"Unknown"
"7014852",371861,2025-07-14 20:59:40,43.3602828979492,-8.84144306182861,"Unknown"
"7014852",371861,2025-07-15 02:00:14,43.3603439331055,-8.84130859375,"Unknown"
"7014852",371861,2025-07-15 05:14:35,43.3603210449219,-8.84084415435791,"Unknown"
"7014852",371861,2025-07-15 05:18:55,43.360179901123,-8.84097194671631,"Unknown"
"7014852",371861,2025-07-15 05:24:00,43.3602905273438,-8.8410177230835,"Unknown"
"7014852",371861,2025-07-15 05:28:55,43.3602294921875,-8.84099674224854,"Unknown"
"7014852",371861,2025-07-15 05:33:58,43.3603324890137,-8.84127330780029,"Unknown"
"7014852",371861,2025-07-15 05:38:54,43.3604164123535,-8.84196758270264,"Unknown"
"7014852",371861,2025-07-15 05:44:00,43.3603477478027,-8.84129905700684,"Unknown"
"7014852",371861,2025-07-15 05:48:50,43.3604507446289,-8.84145927429199,"Unknown"
"7014852",371861,2025-07-15 05:53:51,43.3604125976562,-8.84142971038818,"Unknown"
"7014852",371861,2025-07-15 05:58:53,43.3600425720215,-8.84051132202148,"Unknown"
"7014852",371861,2025-07-15 06:03:51,43.3603820800781,-8.84134769439697,"Unknown"
"7014852",371861,2025-07-15 06:08:53,43.3603363037109,-8.84108352661133,"Unknown"
"7014852",371861,2025-07-15 06:14:04,43.3604583740234,-8.84122276306152,"Unknown"
"7014852",371861,2025-07-15 06:18:51,43.3604888916016,-8.84081268310547,"Unknown"
"7014852",371861,2025-07-15 06:23:55,43.3602256774902,-8.84118556976318,"Unknown"
"7014852",371861,2025-07-15 06:29:06,43.3603630065918,-8.84134578704834,"Unknown"
"7014852",371861,2025-07-15 06:34:01,43.3603668212891,-8.84136486053467,"Unknown"
"7014852",371861,2025-07-15 06:38:52,43.3603172302246,-8.84117126464844,"Unknown"
"7014852",371861,2025-07-15 06:44:00,43.3603744506836,-8.84133338928223,"Unknown"
"7014852",371861,2025-07-15 06:48:57,43.3603706359863,-8.84129905700684,"Unknown"
"7014852",371861,2025-07-15 06:53:57,43.3603858947754,-8.84129428863525,"Unknown"
"7014852",371861,2025-07-15 06:59:02,43.3606262207031,-8.84161281585693,"Unknown"
"7014852",371861,2025-07-15 07:03:59,43.3606414794922,-8.84104347229004,"Unknown"
"7014852",371861,2025-07-15 07:08:59,43.3601455688477,-8.84136962890625,"Unknown"
"7014852",371861,2025-07-15 07:14:01,43.3603363037109,-8.84130764007568,"Unknown"
"7014852",371861,2025-07-15 07:19:05,43.3602867126465,-8.84117317199707,"Unknown"
"7014852",371861,2025-07-15 07:24:58,43.3655014038086,-8.82426452636719,"Unknown"
"7014852",371861,2025-07-15 07:28:54,43.3635330200195,-8.82399940490723,"Unknown"
"7014852",371861,2025-07-15 07:34:14,43.3608932495117,-8.84299755096436,"Unknown"
"7014852",371861,2025-07-15 07:38:54,43.3603782653809,-8.84075546264648,"Unknown"
"7014852",371861,2025-07-15 07:44:11,43.360408782959,-8.84130859375,"Unknown"
"7014852",371861,2025-07-15 07:48:50,43.3603858947754,-8.84144020080566,"Unknown"
"7014852",371861,2025-07-15 07:53:52,43.3603248596191,-8.84153938293457,"Unknown"
"7014852",371861,2025-07-15 07:58:59,43.3605117797852,-8.84144496917725,"Unknown"
"7014852",371861,2025-07-15 08:04:01,43.3604316711426,-8.84130764007568,"Unknown"
"7014852",371861,2025-07-15 08:08:54,43.3603973388672,-8.84166240692139,"Unknown"
"7014852",371861,2025-07-15 08:13:52,43.3604583740234,-8.84113693237305,"Unknown"
"7014852",371861,2025-07-15 08:18:53,43.3603668212891,-8.84162712097168,"Unknown"
"7014852",371861,2025-07-15 08:24:05,43.3603324890137,-8.8411979675293,"Unknown"
"7014852",371861,2025-07-15 08:29:00,43.3599662780762,-8.84175968170166,"Unknown"
"7014852",371861,2025-07-15 08:34:14,43.3604888916016,-8.84142875671387,"Unknown"
"7014852",371861,2025-07-15 08:39:14,43.360481262207,-8.84128570556641,"Unknown"
"7014852",371861,2025-07-15 08:43:55,43.3605041503906,-8.84126663208008,"Unknown"
"7014852",371861,2025-07-15 08:49:00,43.3603134155273,-8.84133911132812,"Unknown"
"7014852",371861,2025-07-15 08:53:59,43.3602714538574,-8.84157276153564,"Unknown"
"7014852",371861,2025-07-15 08:58:58,43.3603858947754,-8.8414192199707,"Unknown"
"7014852",371861,2025-07-15 09:03:58,43.3602828979492,-8.84136390686035,"Unknown"
"7014852",371861,2025-07-15 09:09:00,43.3603630065918,-8.84115505218506,"Unknown"
"7014852",371861,2025-07-15 09:13:58,43.3604698181152,-8.84154605865479,"Unknown"
"7014852",371861,2025-07-15 09:19:04,43.3608818054199,-8.84145736694336,"Unknown"
"7014852",371861,2025-07-15 09:25:05,43.360668182373,-8.84422588348389,"Unknown"
"7014852",371861,2025-07-15 09:28:50,43.3612365722656,-8.83748435974121,"Unknown"
"7014852",371861,2025-07-15 09:34:22,43.3603668212891,-8.84140110015869,"Unknown"
"7014852",371861,2025-07-15 09:38:50,43.3603668212891,-8.84138298034668,"Unknown"
"7014852",371861,2025-07-15 09:43:50,43.3603630065918,-8.84142112731934,"Unknown"
"7014852",371861,2025-07-15 09:48:50,43.3603858947754,-8.84124565124512,"Unknown"
"7014852",371861,2025-07-15 09:53:51,43.3603630065918,-8.84130096435547,"Unknown"
"7014852",371861,2025-07-15 09:58:49,43.360424041748,-8.84134769439697,"Unknown"
"7014852",371861,2025-07-15 10:03:51,43.3604125976562,-8.84130096435547,"Unknown"
"7014852",371861,2025-07-15 10:08:49,43.3603363037109,-8.84136962890625,"Unknown"
"7014852",371861,2025-07-15 10:13:50,43.3604507446289,-8.84145355224609,"Unknown"
"7014852",371861,2025-07-15 10:18:49,43.3601951599121,-8.84159851074219,"Unknown"
"7014852",371861,2025-07-15 10:23:49,43.360279083252,-8.84149265289307,"Unknown"
"7014852",371861,2025-07-15 10:28:50,43.3602523803711,-8.84149551391602,"Unknown"
"7014852",371861,2025-07-15 10:33:50,43.3602714538574,-8.84144878387451,"Unknown"
"7014852",371861,2025-07-15 10:38:50,43.3603134155273,-8.84144592285156,"Unknown"
"7014852",371861,2025-07-15 10:43:50,43.3603057861328,-8.84142398834229,"Unknown"
"7014852",371861,2025-07-15 10:48:50,43.3604354858398,-8.84146118164062,"Unknown"
"7014852",371861,2025-07-15 10:53:51,43.3603324890137,-8.84144115447998,"Unknown"
"7014852",371861,2025-07-15 10:58:50,43.3643798828125,-8.83018016815186,"Unknown"
"7014852",371861,2025-07-15 11:03:52,43.3656272888184,-8.83111763000488,"Unknown"
"7014852",371861,2025-07-15 11:08:51,43.3623847961426,-8.83896923065186,"Unknown"
"7014852",371861,2025-07-15 11:13:52,43.3603248596191,-8.84137535095215,"Unknown"
"7014852",371861,2025-07-15 11:18:50,43.360595703125,-8.841383934021,"Unknown"
"7014852",371861,2025-07-15 11:23:50,43.360523223877,-8.84134960174561,"Unknown"
"7014852",371861,2025-07-15 11:28:51,43.3605613708496,-8.84139060974121,"Unknown"
"7014852",371861,2025-07-15 11:33:52,43.3602561950684,-8.84133911132812,"Unknown"
"7014852",371861,2025-07-15 11:38:52,43.3603477478027,-8.84139728546143,"Unknown"
"7014852",371861,2025-07-15 11:44:00,43.3594055175781,-8.84158992767334,"Unknown"
"7014852",371861,2025-07-15 11:48:50,43.3594818115234,-8.84161567687988,"Unknown"
"7014852",371861,2025-07-15 11:54:05,43.3583068847656,-8.84238910675049,"Unknown"
"7014852",371861,2025-07-15 11:58:52,43.3601760864258,-8.84149074554443,"Unknown"
"7014852",371861,2025-07-15 12:03:50,43.3600692749023,-8.84148406982422,"Unknown"
"7014852",371861,2025-07-15 12:08:50,43.3601417541504,-8.84140777587891,"Unknown"
"7014852",371861,2025-07-15 12:13:53,43.3599739074707,-8.84142780303955,"Unknown"
"7014852",371861,2025-07-15 12:18:52,43.3603248596191,-8.84127521514893,"Unknown"
"7014852",371861,2025-07-15 12:23:51,43.3603477478027,-8.84129238128662,"Unknown"
"7014852",371861,2025-07-15 12:28:51,43.3603782653809,-8.84133243560791,"Unknown"
"7014852",371861,2025-07-15 12:33:53,43.3601951599121,-8.8414249420166,"Unknown"
"7014852",371861,2025-07-15 12:40:09,43.3620567321777,-8.84427356719971,"Unknown"
"7014852",371861,2025-07-15 12:43:53,43.3613815307617,-8.84044361114502,"Unknown"
"7014852",371861,2025-07-15 12:48:53,43.3602256774902,-8.84089374542236,"Unknown"
"7014852",371861,2025-07-15 12:54:01,43.3603515625,-8.84133529663086,"Unknown"
"7014852",371861,2025-07-15 12:59:00,43.3603363037109,-8.84137916564941,"Unknown"
"7014852",371861,2025-07-15 13:04:06,43.3604469299316,-8.84160709381104,"Unknown"
"7014852",371861,2025-07-15 13:09:01,43.3674812316895,-8.83035850524902,"Unknown"
"7014852",371861,2025-07-15 13:14:01,43.3634567260742,-8.82608604431152,"Unknown"
"7014852",371861,2025-07-15 13:19:00,43.3646202087402,-8.82561111450195,"Unknown"
"7014852",371861,2025-07-15 13:24:10,43.3637428283691,-8.82317066192627,"Unknown"
"7014852",371861,2025-07-15 13:28:51,43.3643188476562,-8.82275295257568,"Unknown"
"7014852",371861,2025-07-15 13:33:55,43.3612098693848,-8.82267284393311,"Unknown"
"7014852",371861,2025-07-15 13:39:00,43.3473052978516,-8.84043216705322,"Unknown"
"7014852",371861,2025-07-15 13:43:51,43.3225288391113,-8.85324096679688,"Unknown"
"7014852",371861,2025-07-15 13:49:14,43.3139991760254,-8.85694217681885,"Unknown"
"7014852",371861,2025-07-15 13:53:50,43.3147392272949,-8.85828876495361,"Unknown"
"7014852",371861,2025-07-15 13:58:54,43.3184204101562,-8.85867118835449,"Unknown"
"7014852",371861,2025-07-15 14:03:50,43.3264389038086,-8.84853363037109,"Unknown"
"7014852",371861,2025-07-15 14:08:51,43.3393363952637,-8.84558010101318,"Unknown"
"7014852",371861,2025-07-15 14:13:50,43.3394050598145,-8.84515476226807,"Unknown"
"7014852",371861,2025-07-15 14:18:51,43.3564720153809,-8.84102725982666,"Unknown"
"7014852",371861,2025-07-15 14:23:51,43.3604736328125,-8.84150791168213,"Unknown"
"7014852",371861,2025-07-15 14:28:52,43.3602638244629,-8.84145069122314,"Unknown"
"7014852",371861,2025-07-15 14:33:57,43.3601989746094,-8.84134578704834,"Unknown"
"7014852",371861,2025-07-15 14:38:53,43.3604621887207,-8.84152126312256,"Unknown"
"7014852",371861,2025-07-15 14:43:56,43.3600120544434,-8.84144306182861,"Unknown"
"7014852",371861,2025-07-15 14:49:02,43.3597602844238,-8.84113883972168,"Unknown"
"7014852",371861,2025-07-15 14:54:14,43.3600959777832,-8.84179401397705,"Unknown"
"7014852",371861,2025-07-15 14:58:53,43.3603057861328,-8.84196662902832,"Unknown"
"7014852",371861,2025-07-15 15:03:54,43.3611335754395,-8.84177303314209,"Unknown"
"7014852",371861,2025-07-15 15:09:00,43.3601875305176,-8.84185028076172,"Unknown"
"7014852",371861,2025-07-15 15:14:11,43.3603172302246,-8.84140014648438,"Unknown"
"7014852",371861,2025-07-15 15:18:51,43.3606491088867,-8.84181499481201,"Unknown"
"7014852",371861,2025-07-15 15:23:54,43.3612594604492,-8.84271240234375,"Unknown"
"7014852",371861,2025-07-15 15:29:00,43.3603477478027,-8.84129810333252,"Unknown"
"7014852",371861,2025-07-15 15:33:55,43.3603630065918,-8.84146595001221,"Unknown"
"7014852",371861,2025-07-15 15:38:51,43.3604316711426,-8.84159564971924,"Unknown"
"7014852",371861,2025-07-15 15:44:01,43.3605537414551,-8.84099102020264,"Unknown"
"7014852",371861,2025-07-15 15:49:15,43.3603820800781,-8.84154987335205,"Unknown"
"7014852",371861,2025-07-15 15:53:51,43.360668182373,-8.84204959869385,"Unknown"
"7014852",371861,2025-07-15 15:58:51,43.3605804443359,-8.84181213378906,"Unknown"
"7014852",371861,2025-07-15 16:04:05,43.3603668212891,-8.84153079986572,"Unknown"
"7014852",371861,2025-07-15 16:08:54,43.3607635498047,-8.84166717529297,"Unknown"
"7014852",371861,2025-07-15 16:14:01,43.3602714538574,-8.84124755859375,"Unknown"
"7014852",371861,2025-07-15 16:18:55,43.3602066040039,-8.84092998504639,"Unknown"
"7014852",371861,2025-07-15 16:24:05,43.3604125976562,-8.84120273590088,"Unknown"
"7014852",371861,2025-07-15 16:28:53,43.3625831604004,-8.8374080657959,"Unknown"
"7014852",371861,2025-07-15 16:34:13,43.3614387512207,-8.8238468170166,"Unknown"
"7014852",371861,2025-07-15 16:39:08,43.360221862793,-8.84164524078369,"Unknown"
"7014852",371861,2025-07-15 16:44:16,43.3603782653809,-8.84139537811279,"Unknown"
"7014852",371861,2025-07-15 16:49:14,43.3603820800781,-8.84137153625488,"Unknown"
"7014852",371861,2025-07-15 16:53:53,43.3605766296387,-8.84142971038818,"Unknown"
"7014852",371861,2025-07-15 16:59:01,43.3601493835449,-8.8411865234375,"Unknown"
"7014852",371861,2025-07-15 17:04:01,43.3602828979492,-8.84129524230957,"Unknown"
"7014852",371861,2025-07-15 17:08:58,43.360279083252,-8.84129619598389,"Unknown"
"7014852",371861,2025-07-15 17:13:55,43.3605079650879,-8.8414134979248,"Unknown"
"7014852",371861,2025-07-15 17:19:01,43.3596572875977,-8.84086227416992,"Unknown"
"7014852",371861,2025-07-15 17:24:03,43.3601837158203,-8.84119987487793,"Unknown"
"7014852",371861,2025-07-15 17:29:23,43.3603820800781,-8.84136867523193,"Unknown"
"7014852",371861,2025-07-15 17:33:50,43.3603858947754,-8.84138679504395,"Unknown"
"7014852",371861,2025-07-15 17:38:50,43.360294342041,-8.84135150909424,"Unknown"
"7014852",371861,2025-07-15 17:43:51,43.3603782653809,-8.84139537811279,"Unknown"
"7014852",371861,2025-07-15 17:48:51,43.3603897094727,-8.84139442443848,"Unknown"
"7014852",371861,2025-07-15 17:53:51,43.369441986084,-8.83658695220947,"Unknown"
"7014852",371861,2025-07-15 17:58:53,43.3691558837891,-8.83454322814941,"Unknown"
"7014852",371861,2025-07-15 18:03:52,43.3698692321777,-8.83279991149902,"Unknown"
"7014852",371861,2025-07-15 18:08:51,43.3607292175293,-8.83710861206055,"Unknown"
"7014852",371861,2025-07-15 18:13:51,43.3612670898438,-8.84076404571533,"Unknown"
"7014852",371861,2025-07-15 18:18:53,43.3610305786133,-8.84106731414795,"Unknown"
"7014852",371861,2025-07-15 18:23:51,43.3604354858398,-8.84129810333252,"Unknown"
"7014852",371861,2025-07-15 18:28:51,43.3602905273438,-8.84138202667236,"Unknown"
"7014852",371861,2025-07-15 18:33:59,43.3603668212891,-8.84134578704834,"Unknown"
"7014852",371861,2025-07-15 18:38:51,43.3603477478027,-8.84128475189209,"Unknown"
"7014852",371861,2025-07-15 18:43:54,43.360164642334,-8.84119606018066,"Unknown"
"7014852",371861,2025-07-15 18:48:51,43.3603782653809,-8.84134101867676,"Unknown"
"7014852",371861,2025-07-15 18:53:51,43.3603172302246,-8.84134578704834,"Unknown"
"7014852",371861,2025-07-15 18:58:51,43.3603706359863,-8.84136772155762,"Unknown"
"7014852",371861,2025-07-15 19:03:52,43.3604011535645,-8.8413610458374,"Unknown"
"7014852",371861,2025-07-15 19:08:52,43.3605155944824,-8.84145069122314,"Unknown"
"7014852",371861,2025-07-15 19:13:53,43.3605308532715,-8.84145545959473,"Unknown"
"7014852",371861,2025-07-15 19:18:51,43.3606147766113,-8.84147834777832,"Unknown"
"7014852",371861,2025-07-15 19:23:52,43.3603668212891,-8.84138679504395,"Unknown"
"7014852",371861,2025-07-15 19:28:54,43.3603286743164,-8.84136867523193,"Unknown"
"7014852",371861,2025-07-15 19:34:01,43.3603591918945,-8.84133338928223,"Unknown"
"7014852",371861,2025-07-15 19:38:53,43.3605346679688,-8.84136295318604,"Unknown"
"7014852",371861,2025-07-15 19:43:55,43.3606491088867,-8.84151935577393,"Unknown"
"7014852",371861,2025-07-15 19:48:59,43.3603210449219,-8.84124755859375,"Unknown"
"7014852",371861,2025-07-15 19:53:52,43.3602180480957,-8.84119987487793,"Unknown"
"7014852",371861,2025-07-15 19:59:03,43.3603172302246,-8.84127330780029,"Unknown"
"7014852",371861,2025-07-15 20:03:56,43.3602905273438,-8.84134674072266,"Unknown"
"7014852",371861,2025-07-15 20:08:52,43.360538482666,-8.84134101867676,"Unknown"
"7014852",371861,2025-07-15 20:13:54,43.3609733581543,-8.8420877456665,"Unknown"
"7014852",371861,2025-07-15 20:18:52,43.3602066040039,-8.84251880645752,"Unknown"
"7014852",371861,2025-07-15 20:23:52,43.3605880737305,-8.84139728546143,"Unknown"
"7014852",371861,2025-07-15 20:28:53,43.3602752685547,-8.84125709533691,"Unknown"
"7014852",371861,2025-07-15 20:33:56,43.3601684570312,-8.84208869934082,"Unknown"
"7014852",371861,2025-07-15 20:39:14,43.3603477478027,-8.84150695800781,"Unknown"
"7014852",371861,2025-07-15 20:43:52,43.3602981567383,-8.84112548828125,"Unknown"
"7014852",371861,2025-07-15 20:49:23,43.3602905273438,-8.84140110015869,"Unknown"
"7014852",371861,2025-07-15 20:53:51,43.3602828979492,-8.84127521514893,"Unknown"
"7014852",371861,2025-07-15 20:58:54,43.3603553771973,-8.84127426147461,"Unknown"
"7014852",371861,2025-07-16 01:59:31,43.3603973388672,-8.84129238128662,"Unknown"
"7014852",371861,2025-07-16 05:15:00,43.3609352111816,-8.84791564941406,"Unknown"
"7014852",371861,2025-07-16 05:19:58,43.3605804443359,-8.84133529663086,"Unknown"
"7014852",371861,2025-07-16 05:25:01,43.3605690002441,-8.84133338928223,"Unknown"
"7014852",371861,2025-07-16 05:29:49,43.3605308532715,-8.84126853942871,"Unknown"
"7014852",371861,2025-07-16 05:34:46,43.3604927062988,-8.84126853942871,"Unknown"
"7014852",371861,2025-07-16 05:39:49,43.3605690002441,-8.84116268157959,"Unknown"
"7014852",371861,2025-07-16 05:44:45,43.3605880737305,-8.84124851226807,"Unknown"
"7014852",371861,2025-07-16 05:49:47,43.3605651855469,-8.84124279022217,"Unknown"
"7014852",371861,2025-07-16 05:54:47,43.3604698181152,-8.84120941162109,"Unknown"
"7014852",371861,2025-07-16 05:59:48,43.3606872558594,-8.84119606018066,"Unknown"
"7014852",371861,2025-07-16 06:05:05,43.3619422912598,-8.8424186706543,"Unknown"
"7014852",371861,2025-07-16 06:09:45,43.3614044189453,-8.84202480316162,"Unknown"
"7014852",371861,2025-07-16 06:14:54,43.360466003418,-8.841383934021,"Unknown"
"7014852",371861,2025-07-16 06:19:52,43.3604164123535,-8.84129619598389,"Unknown"
"7014852",371861,2025-07-16 06:24:55,43.3604354858398,-8.8418493270874,"Unknown"
"7014852",371861,2025-07-16 06:29:43,43.3741302490234,-8.85188388824463,"Unknown"
"7014852",371861,2025-07-16 06:34:45,43.377742767334,-8.86275672912598,"Unknown"
"7014852",371861,2025-07-16 06:39:47,43.3620300292969,-8.84500122070312,"Unknown"
"7014852",371861,2025-07-16 06:44:44,43.3605918884277,-8.84201526641846,"Unknown"
"7014852",371861,2025-07-16 06:49:48,43.3602638244629,-8.84130668640137,"Unknown"
"7014852",371861,2025-07-16 06:54:46,43.3600578308105,-8.84108066558838,"Unknown"
"7014852",371861,2025-07-16 06:59:57,43.3603744506836,-8.8414945602417,"Unknown"
"7014852",371861,2025-07-16 07:04:45,43.3604431152344,-8.84150695800781,"Unknown"
"7014852",371861,2025-07-16 07:09:45,43.3603744506836,-8.84143447875977,"Unknown"
"7014852",371861,2025-07-16 07:14:47,43.3604736328125,-8.84142971038818,"Unknown"
"7014852",371861,2025-07-16 07:19:51,43.3604927062988,-8.84152030944824,"Unknown"
"7014852",371861,2025-07-16 07:24:44,43.3603057861328,-8.84125328063965,"Unknown"
"7014852",371861,2025-07-16 07:29:45,43.360424041748,-8.84152317047119,"Unknown"
"7014852",371861,2025-07-16 07:34:45,43.3601303100586,-8.84103584289551,"Unknown"
"7014852",371861,2025-07-16 07:39:49,43.3600959777832,-8.84092998504639,"Unknown"
"7014852",371861,2025-07-16 07:45:05,43.3603019714355,-8.84128761291504,"Unknown"
"7014852",371861,2025-07-16 07:49:44,43.3603630065918,-8.84147548675537,"Unknown"
"7014852",371861,2025-07-16 07:54:46,43.3603477478027,-8.8414421081543,"Unknown"
"7014852",371861,2025-07-16 07:59:46,43.3601722717285,-8.84111499786377,"Unknown"
"7014852",371861,2025-07-16 08:04:44,43.3602676391602,-8.84128761291504,"Unknown"
"7014852",371861,2025-07-16 08:09:45,43.3602409362793,-8.84144020080566,"Unknown"
"7014852",371861,2025-07-16 08:14:46,43.360523223877,-8.84111022949219,"Unknown"
"7014852",371861,2025-07-16 08:19:46,43.3601951599121,-8.84136199951172,"Unknown"
"7014852",371861,2025-07-16 08:25:44,43.3613700866699,-8.83919048309326,"Unknown"
"7014852",371861,2025-07-16 08:29:43,43.3680686950684,-8.83350086212158,"Unknown"
"7014852",371861,2025-07-16 08:35:05,43.3679542541504,-8.82620620727539,"Unknown"
"7014852",371861,2025-07-16 08:39:45,43.3608551025391,-8.84374237060547,"Unknown"
"7014852",371861,2025-07-16 08:44:48,43.3602676391602,-8.84156703948975,"Unknown"
"7014852",371861,2025-07-16 08:49:54,43.3604888916016,-8.84135723114014,"Unknown"
"7014852",371861,2025-07-16 08:54:54,43.3604049682617,-8.84144306182861,"Unknown"
"7014852",371861,2025-07-16 08:59:54,43.3604888916016,-8.84138488769531,"Unknown"
"7014852",371861,2025-07-16 09:04:54,43.3604850769043,-8.84140014648438,"Unknown"
"7014852",371861,2025-07-16 09:10:05,43.360424041748,-8.84141635894775,"Unknown"
"7014852",371861,2025-07-16 09:14:47,43.3604507446289,-8.84135627746582,"Unknown"
"7014852",371861,2025-07-16 09:19:44,43.3601760864258,-8.84156322479248,"Unknown"
"7014852",371861,2025-07-16 09:24:46,43.3603172302246,-8.84120750427246,"Unknown"
"7014852",371861,2025-07-16 09:29:47,43.3603134155273,-8.84180545806885,"Unknown"
"7014852",371861,2025-07-16 09:34:44,43.3608932495117,-8.84144306182861,"Unknown"
"7014852",371861,2025-07-16 09:39:44,43.360424041748,-8.84138584136963,"Unknown"
"7014852",371861,2025-07-16 09:44:44,43.3604049682617,-8.84138679504395,"Unknown"
"7014852",371861,2025-07-16 09:49:44,43.3603935241699,-8.84139442443848,"Unknown"
"7014852",371861,2025-07-16 09:54:44,43.3603973388672,-8.84138202667236,"Unknown"
"7014852",371861,2025-07-16 09:59:44,43.3603782653809,-8.84140586853027,"Unknown"
"7014852",371861,2025-07-16 10:04:44,43.3603744506836,-8.84143161773682,"Unknown"
"7014852",371861,2025-07-16 10:09:43,43.3603820800781,-8.84139823913574,"Unknown"
"7014852",371861,2025-07-16 10:14:43,43.3603782653809,-8.84138488769531,"Unknown"
"7014852",371861,2025-07-16 10:19:44,43.3607292175293,-8.84015941619873,"Unknown"
"7014852",371861,2025-07-16 10:24:44,43.3690338134766,-8.83015441894531,"Unknown"
"7014852",371861,2025-07-16 10:29:44,43.3695869445801,-8.83113384246826,"Unknown"
"7014852",371861,2025-07-16 10:34:46,43.3668823242188,-8.83097457885742,"Unknown"
"7014852",371861,2025-07-16 10:39:46,43.3604278564453,-8.8414363861084,"Unknown"
"7014852",371861,2025-07-16 10:44:45,43.3604316711426,-8.84138298034668,"Unknown"
"7014852",371861,2025-07-16 10:49:44,43.3604927062988,-8.8414134979248,"Unknown"
"7014852",371861,2025-07-16 10:54:44,43.3605155944824,-8.8413200378418,"Unknown"
"7014852",371861,2025-07-16 10:59:44,43.3605613708496,-8.8413610458374,"Unknown"
"7014852",371861,2025-07-16 11:04:45,43.3603439331055,-8.8413667678833,"Unknown"
"7014852",371861,2025-07-16 11:09:44,43.3604469299316,-8.84141159057617,"Unknown"
"7014852",371861,2025-07-16 11:14:44,43.3603134155273,-8.84137344360352,"Unknown"
"7014852",371861,2025-07-16 11:19:56,43.360424041748,-8.84135246276855,"Unknown"
"7014852",371861,2025-07-16 11:24:44,43.3603172302246,-8.84129810333252,"Unknown"
"7014852",371861,2025-07-16 11:30:05,43.3603591918945,-8.84137916564941,"Unknown"
"7014852",371861,2025-07-16 11:34:44,43.3604507446289,-8.8414192199707,"Unknown"
"7014852",371861,2025-07-16 11:39:43,43.3603363037109,-8.84137916564941,"Unknown"
"7014852",371861,2025-07-16 11:44:43,43.3607444763184,-8.84213066101074,"Unknown"
"7014852",371861,2025-07-16 11:51:08,43.3614921569824,-8.84430503845215,"Unknown"
"7014852",371861,2025-07-16 11:55:10,43.3609466552734,-8.84450340270996,"Unknown"
"7014852",371861,2025-07-16 11:59:46,43.3608627319336,-8.8447790145874,"Unknown"
"7014852",371861,2025-07-16 12:04:43,43.3617095947266,-8.8394250869751,"Unknown"
"7014852",371861,2025-07-16 12:09:43,43.3716049194336,-8.83254909515381,"Unknown"
"7014852",371861,2025-07-16 12:14:43,43.3694648742676,-8.83298873901367,"Unknown"
"7014852",371861,2025-07-16 12:19:44,43.3603820800781,-8.84125900268555,"Unknown"
"7014852",371861,2025-07-16 12:24:43,43.3602752685547,-8.84142398834229,"Unknown"
"7014852",371861,2025-07-16 12:29:44,43.3603477478027,-8.8414192199707,"Unknown"
"7014852",371861,2025-07-16 12:34:46,43.3603706359863,-8.84143161773682,"Unknown"
"7014852",371861,2025-07-16 12:39:43,43.3604545593262,-8.84144973754883,"Unknown"
"7014852",371861,2025-07-16 12:44:46,43.3603820800781,-8.84141445159912,"Unknown"
"7014852",371861,2025-07-16 12:49:47,43.3603401184082,-8.84138965606689,"Unknown"
"7014852",371861,2025-07-16 12:54:48,43.3603591918945,-8.84134006500244,"Unknown"
"7014852",371861,2025-07-16 12:59:48,43.360179901123,-8.84126567840576,"Unknown"
"7014852",371861,2025-07-16 13:04:47,43.3602867126465,-8.84135627746582,"Unknown"
"7014852",371861,2025-07-16 13:09:45,43.3604431152344,-8.84136486053467,"Unknown"
"7014852",371861,2025-07-16 13:14:46,43.3602828979492,-8.84131145477295,"Unknown"
"7014852",371861,2025-07-16 13:19:45,43.3602447509766,-8.84129238128662,"Unknown"
"7014852",371861,2025-07-16 13:24:45,43.3599243164062,-8.84150886535645,"Unknown"
"7014852",371861,2025-07-16 13:29:46,43.360107421875,-8.84097671508789,"Unknown"
"7014852",371861,2025-07-16 13:34:45,43.3602600097656,-8.84126281738281,"Unknown"
"7014852",371861,2025-07-16 13:39:45,43.3603744506836,-8.84130096435547,"Unknown"
"7014852",371861,2025-07-16 13:44:45,43.3613700866699,-8.84047698974609,"Unknown"
"7014852",371861,2025-07-16 13:49:44,43.3620643615723,-8.83541774749756,"Unknown"
"7014852",371861,2025-07-16 13:54:45,43.3609352111816,-8.84572124481201,"Unknown"
"7014852",371861,2025-07-16 13:59:45,43.3358497619629,-8.85067749023438,"Unknown"
"7014852",371861,2025-07-16 14:04:44,43.3193321228027,-8.8840160369873,"Unknown"
"7014852",371861,2025-07-16 14:09:46,43.3101043701172,-8.92447471618652,"Unknown"
"7014852",371861,2025-07-16 14:14:45,43.2914505004883,-8.91593456268311,"Unknown"
"7014852",371861,2025-07-16 14:19:46,43.2834358215332,-8.8854455947876,"Unknown"
"7014852",371861,2025-07-16 14:24:48,43.2969360351562,-8.86603450775146,"Unknown"
"7014852",371861,2025-07-16 14:29:44,43.3148040771484,-8.85714340209961,"Unknown"
"7014852",371861,2025-07-16 14:34:55,43.3197937011719,-8.85666275024414,"Unknown"
"7014852",371861,2025-07-16 14:39:55,43.3197479248047,-8.85663890838623,"Unknown"
"7014852",371861,2025-07-16 14:45:02,43.3197174072266,-8.8565845489502,"Unknown"
"7014852",371861,2025-07-16 14:49:44,43.3161849975586,-8.84415245056152,"Unknown"
"7014852",371861,2025-07-16 14:54:46,43.3366279602051,-8.84274291992188,"Unknown"
"7014852",371861,2025-07-16 14:59:45,43.3525276184082,-8.83716201782227,"Unknown"
"7014852",371861,2025-07-16 15:05:05,43.360912322998,-8.84192180633545,"Unknown"
"7014852",371861,2025-07-16 15:09:45,43.3599967956543,-8.84192276000977,"Unknown"
"7014852",371861,2025-07-16 15:14:44,43.3602828979492,-8.84151458740234,"Unknown"
"7014852",371861,2025-07-16 15:19:45,43.3603668212891,-8.84147167205811,"Unknown"
"7014852",371861,2025-07-16 15:24:48,43.3603782653809,-8.8414421081543,"Unknown"
"7014852",371861,2025-07-16 15:29:44,43.3603515625,-8.8413667678833,"Unknown"
"7014852",371861,2025-07-16 15:34:45,43.3603134155273,-8.84142780303955,"Unknown"
"7014852",371861,2025-07-16 15:39:45,43.3603172302246,-8.84141159057617,"Unknown"
"7014852",371861,2025-07-16 15:44:43,43.3603096008301,-8.84143829345703,"Unknown"
"7014852",371861,2025-07-16 15:49:43,43.3603172302246,-8.84150123596191,"Unknown"
"7014852",371861,2025-07-16 15:54:43,43.3617134094238,-8.84190940856934,"Unknown"
"7014852",371861,2025-07-16 15:59:45,43.3657379150391,-8.81209659576416,"Unknown"
"7014852",371861,2025-07-16 16:04:54,43.3652801513672,-8.81200790405273,"Unknown"
"7014852",371861,2025-07-16 16:09:46,43.3611640930176,-8.83340072631836,"Unknown"
"7014852",371861,2025-07-16 16:14:49,43.3604354858398,-8.84126377105713,"Unknown"
"7014852",371861,2025-07-16 16:19:51,43.360424041748,-8.84132766723633,"Unknown"
"7014852",371861,2025-07-16 16:25:05,43.3603439331055,-8.84139251708984,"Unknown"
"7014852",371861,2025-07-16 16:29:43,43.3603973388672,-8.8414363861084,"Unknown"
"7014852",371861,2025-07-16 16:34:44,43.3604011535645,-8.84142684936523,"Unknown"
"7014852",371861,2025-07-16 16:39:43,43.3604125976562,-8.8414478302002,"Unknown"
"7014852",371861,2025-07-16 16:44:43,43.3603706359863,-8.84138965606689,"Unknown"
"7014852",371861,2025-07-16 16:49:43,43.360408782959,-8.84146022796631,"Unknown"
"7014852",371861,2025-07-16 16:54:43,43.3603668212891,-8.84143733978271,"Unknown"
"7014852",371861,2025-07-16 16:59:43,43.3604621887207,-8.8414831161499,"Unknown"
"7014852",371861,2025-07-16 17:04:44,43.3603973388672,-8.84144687652588,"Unknown"
"7014852",371861,2025-07-16 17:09:43,43.3604545593262,-8.8414831161499,"Unknown"
"7014852",371861,2025-07-16 17:14:44,43.3604774475098,-8.84137916564941,"Unknown"
"7014852",371861,2025-07-16 17:19:45,43.3604278564453,-8.84148597717285,"Unknown"
"7014852",371861,2025-07-16 17:24:45,43.3604545593262,-8.84158325195312,"Unknown"
"7014852",371861,2025-07-16 17:29:43,43.3604469299316,-8.84106826782227,"Unknown"
"7014852",371861,2025-07-16 17:34:44,43.3614501953125,-8.8410472869873,"Unknown"
"7014852",371861,2025-07-16 17:39:45,43.3601036071777,-8.84052658081055,"Unknown"
"7014852",371861,2025-07-16 17:44:46,43.3604354858398,-8.84122753143311,"Unknown"
"7014852",371861,2025-07-16 17:49:46,43.365234375,-8.84398078918457,"Unknown"
"7014852",371861,2025-07-16 17:54:44,43.372386932373,-8.85176849365234,"Unknown"
"7014852",371861,2025-07-16 17:59:54,43.3605690002441,-8.84438037872314,"Unknown"
"7014852",371861,2025-07-16 18:04:46,43.3610000610352,-8.84406185150146,"Unknown"
"7014852",371861,2025-07-16 18:09:47,43.3608703613281,-8.84357452392578,"Unknown"
"7014852",371861,2025-07-16 18:14:48,43.3608016967773,-8.84339714050293,"Unknown"
"7014852",371861,2025-07-16 18:19:57,43.3603858947754,-8.84135818481445,"Unknown"
"7014852",371861,2025-07-16 18:24:49,43.3603210449219,-8.84120655059814,"Unknown"
"7014852",371861,2025-07-16 18:29:45,43.3603935241699,-8.84109401702881,"Unknown"
"7014852",371861,2025-07-16 18:34:46,43.3603210449219,-8.84122276306152,"Unknown"
"7014852",371861,2025-07-16 18:39:46,43.3603515625,-8.84134864807129,"Unknown"
"7014852",371861,2025-07-16 18:44:48,43.3602409362793,-8.84102535247803,"Unknown"
"7014852",371861,2025-07-16 18:50:06,43.3603858947754,-8.84140586853027,"Unknown"
"7014852",371861,2025-07-16 18:54:44,43.3603897094727,-8.84138298034668,"Unknown"
"7014852",371861,2025-07-16 18:59:53,43.3603744506836,-8.8414192199707,"Unknown"
"7014852",371861,2025-07-16 19:04:43,43.3604202270508,-8.84143924713135,"Unknown"
"7014852",371861,2025-07-16 19:09:44,43.3603401184082,-8.84139633178711,"Unknown"
"7014852",371861,2025-07-16 19:14:45,43.360294342041,-8.84152793884277,"Unknown"
"7014852",371861,2025-07-16 19:20:05,43.3603286743164,-8.84138202667236,"Unknown"
"7014852",371861,2025-07-16 19:24:43,43.3603973388672,-8.84134387969971,"Unknown"
"7014852",371861,2025-07-16 19:29:44,43.3601875305176,-8.84125232696533,"Unknown"
"7014852",371861,2025-07-16 19:34:43,43.3695793151855,-8.85111999511719,"Unknown"
"7014852",371861,2025-07-16 19:39:43,43.3729858398438,-8.85284519195557,"Unknown"
"7014852",371861,2025-07-16 19:44:43,43.3669204711914,-8.84804725646973,"Unknown"
"7014852",371861,2025-07-16 19:49:45,43.3604393005371,-8.84143257141113,"Unknown"
"7014852",371861,2025-07-16 19:54:43,43.3604545593262,-8.84148120880127,"Unknown"
"7014852",371861,2025-07-16 19:59:48,43.3604927062988,-8.84158802032471,"Unknown"
"7014852",371861,2025-07-16 20:05:05,43.3603324890137,-8.84134960174561,"Unknown"
"7014852",371861,2025-07-16 20:09:44,43.3603858947754,-8.8413724899292,"Unknown"
"7014852",371861,2025-07-16 20:14:44,43.3603706359863,-8.84133148193359,"Unknown"
"7014852",371861,2025-07-16 20:19:44,43.360408782959,-8.84132671356201,"Unknown"
"7014852",371861,2025-07-16 20:24:43,43.3603057861328,-8.84138679504395,"Unknown"
"7014852",371861,2025-07-16 20:29:43,43.3602905273438,-8.84138774871826,"Unknown"
"7014852",371861,2025-07-16 20:34:43,43.3605041503906,-8.84139537811279,"Unknown"
"7014852",371861,2025-07-16 20:39:44,43.3606300354004,-8.84140777587891,"Unknown"
"7014852",371861,2025-07-16 20:44:44,43.3604545593262,-8.84136009216309,"Unknown"
"7014852",371861,2025-07-16 20:49:44,43.3603630065918,-8.84123611450195,"Unknown"
"7014852",371861,2025-07-16 20:54:43,43.360466003418,-8.84128665924072,"Unknown"
"7014852",371861,2025-07-16 20:58:06,43.3603820800781,-8.84123039245605,"Unknown"
"7014852",371861,2025-07-17 01:58:37,43.3604507446289,-8.84148788452148,"Unknown"
"7014852",371861,2025-07-17 05:16:06,43.3603553771973,-8.84134960174561,"Unknown"
"7014852",371861,2025-07-17 05:20:33,43.3603973388672,-8.84133148193359,"Unknown"
"7014852",371861,2025-07-17 05:25:33,43.3603515625,-8.84132862091064,"Unknown"
"7014852",371861,2025-07-17 05:30:33,43.3603782653809,-8.84135055541992,"Unknown"
"7014852",371861,2025-07-17 05:35:38,43.3603782653809,-8.84142017364502,"Unknown"
"7014852",371861,2025-07-17 05:40:33,43.3603363037109,-8.84130477905273,"Unknown"
"7014852",371861,2025-07-17 05:45:33,43.3604393005371,-8.84132862091064,"Unknown"
"7014852",371861,2025-07-17 05:50:34,43.3603172302246,-8.84139060974121,"Unknown"
"7014852",371861,2025-07-17 05:55:38,43.3604469299316,-8.84140968322754,"Unknown"
"7014852",371861,2025-07-17 06:00:41,43.3603668212891,-8.84138202667236,"Unknown"
"7014852",371861,2025-07-17 06:05:33,43.3603706359863,-8.84133434295654,"Unknown"
"7014852",371861,2025-07-17 06:10:33,43.3603935241699,-8.84129905700684,"Unknown"
"7014852",371861,2025-07-17 06:15:33,43.3603744506836,-8.84136009216309,"Unknown"
"7014852",371861,2025-07-17 06:20:33,43.3603744506836,-8.84131145477295,"Unknown"
"7014852",371861,2025-07-17 06:25:33,43.3603935241699,-8.84142112731934,"Unknown"
"7014852",371861,2025-07-17 06:30:34,43.3603858947754,-8.84135818481445,"Unknown"
"7014852",371861,2025-07-17 06:35:34,43.3603706359863,-8.84120178222656,"Unknown"
"7014852",371861,2025-07-17 06:40:34,43.3603668212891,-8.84121608734131,"Unknown"
"7014852",371861,2025-07-17 06:46:08,43.3606910705566,-8.84090709686279,"Unknown"
"7014852",371861,2025-07-17 06:50:33,43.3604316711426,-8.84125995635986,"Unknown"
"7014852",371861,2025-07-17 06:55:43,43.360237121582,-8.84156799316406,"Unknown"
"7014852",371861,2025-07-17 07:00:33,43.3601760864258,-8.84107112884521,"Unknown"
"7014852",371861,2025-07-17 07:05:34,43.3604431152344,-8.84143829345703,"Unknown"
"7014852",371861,2025-07-17 07:10:34,43.3603553771973,-8.84142589569092,"Unknown"
"7014852",371861,2025-07-17 07:15:34,43.3604202270508,-8.84134006500244,"Unknown"
"7014852",371861,2025-07-17 07:20:34,43.3604469299316,-8.84131145477295,"Unknown"
"7014852",371861,2025-07-17 07:25:36,43.3603858947754,-8.84122848510742,"Unknown"
"7014852",371861,2025-07-17 07:31:04,43.3603706359863,-8.84140777587891,"Unknown"
"7014852",371861,2025-07-17 07:35:34,43.3603477478027,-8.84140586853027,"Unknown"
"7014852",371861,2025-07-17 07:40:33,43.3611335754395,-8.84052753448486,"Unknown"
"7014852",371861,2025-07-17 07:45:33,43.3714904785156,-8.84661674499512,"Unknown"
"7014852",371861,2025-07-17 07:50:34,43.3657302856445,-8.84743976593018,"Unknown"
"7014852",371861,2025-07-17 07:56:18,43.3612289428711,-8.84458160400391,"Unknown"
"7014852",371861,2025-07-17 08:00:34,43.3603363037109,-8.84123992919922,"Unknown"
"7014852",371861,2025-07-17 08:05:37,43.3601684570312,-8.84167194366455,"Unknown"
"7014852",371861,2025-07-17 08:10:34,43.3605804443359,-8.84135246276855,"Unknown"
"7014852",371861,2025-07-17 08:15:38,43.3604774475098,-8.84158802032471,"Unknown"
"7014852",371861,2025-07-17 08:20:33,43.360221862793,-8.84095859527588,"Unknown"
"7014852",371861,2025-07-17 08:25:33,43.3603973388672,-8.84151077270508,"Unknown"
"7014852",371861,2025-07-17 08:30:34,43.3603553771973,-8.8413782119751,"Unknown"
"7014852",371861,2025-07-17 08:35:42,43.3604316711426,-8.84134292602539,"Unknown"
"7014852",371861,2025-07-17 08:40:34,43.3604354858398,-8.84138774871826,"Unknown"
"7014852",371861,2025-07-17 08:45:51,43.3604507446289,-8.84130954742432,"Unknown"
"7014852",371861,2025-07-17 08:50:37,43.3605079650879,-8.84131622314453,"Unknown"
"7014852",371861,2025-07-17 08:55:34,43.360595703125,-8.8413200378418,"Unknown"
"7014852",371861,2025-07-17 09:00:38,43.3605117797852,-8.84128761291504,"Unknown"
"7014852",371861,2025-07-17 09:05:34,43.3604125976562,-8.84134387969971,"Unknown"
"7014852",371861,2025-07-17 09:10:33,43.3603591918945,-8.84133052825928,"Unknown"
"7014852",371861,2025-07-17 09:15:33,43.3603248596191,-8.8413553237915,"Unknown"
"7014852",371861,2025-07-17 09:20:33,43.3604431152344,-8.84132480621338,"Unknown"
"7014852",371861,2025-07-17 09:25:34,43.3611488342285,-8.84149551391602,"Unknown"
"7014852",371861,2025-07-17 09:30:40,43.3709716796875,-8.83162593841553,"Unknown"
"7014852",371861,2025-07-17 09:35:36,43.3628463745117,-8.8350191116333,"Unknown"
"7014852",371861,2025-07-17 09:40:44,43.360538482666,-8.84126663208008,"Unknown"
"7014852",371861,2025-07-17 09:45:36,43.3605079650879,-8.84138107299805,"Unknown"
"7014852",371861,2025-07-17 09:50:37,43.3604469299316,-8.8414249420166,"Unknown"
"7014852",371861,2025-07-17 09:55:38,43.3604736328125,-8.84133052825928,"Unknown"
"7014852",371861,2025-07-17 10:00:36,43.3607292175293,-8.84105110168457,"Unknown"
"7014852",371861,2025-07-17 10:05:36,43.360408782959,-8.84133911132812,"Unknown"
"7014852",371861,2025-07-17 10:10:37,43.3604583740234,-8.84135437011719,"Unknown"
"7014852",371861,2025-07-17 10:15:34,43.3604545593262,-8.84131145477295,"Unknown"
"7014852",371861,2025-07-17 10:20:37,43.3605003356934,-8.84144306182861,"Unknown"
"7014852",371861,2025-07-17 10:26:04,43.3604545593262,-8.84132289886475,"Unknown"
"7014852",371861,2025-07-17 10:30:34,43.360408782959,-8.84128379821777,"Unknown"
"7014852",371861,2025-07-17 10:35:34,43.360466003418,-8.84134292602539,"Unknown"
"7014852",371861,2025-07-17 10:40:34,43.3607940673828,-8.84106922149658,"Unknown"
"7014852",371861,2025-07-17 10:45:34,43.3605270385742,-8.84125709533691,"Unknown"
"7014852",371861,2025-07-17 10:50:42,43.3604545593262,-8.8411340713501,"Unknown"
"7014852",371861,2025-07-17 10:55:38,43.3604965209961,-8.84114360809326,"Unknown"
"7014852",371861,2025-07-17 11:00:34,43.3604774475098,-8.84114551544189,"Unknown"
"7014852",371861,2025-07-17 11:05:34,43.3604850769043,-8.84134960174561,"Unknown"
"7014852",371861,2025-07-17 11:10:36,43.3604927062988,-8.84119415283203,"Unknown"
"7014852",371861,2025-07-17 11:15:37,43.3603820800781,-8.84157657623291,"Unknown"
"7014852",371861,2025-07-17 11:20:36,43.3617210388184,-8.83942604064941,"Unknown"
"7014852",371861,2025-07-17 11:25:36,43.3640556335449,-8.82563495635986,"Unknown"
"7014852",371861,2025-07-17 11:30:39,43.3664131164551,-8.83004379272461,"Unknown"
"7014852",371861,2025-07-17 11:35:37,43.3675003051758,-8.83112525939941,"Unknown"
"7014852",371861,2025-07-17 11:40:36,43.3691101074219,-8.83182525634766,"Unknown"
"7014852",371861,2025-07-17 11:45:34,43.3705787658691,-8.8319673538208,"Unknown"
"7014852",371861,2025-07-17 11:50:33,43.3711814880371,-8.83385181427002,"Unknown"
"7014852",371861,2025-07-17 11:55:34,43.3603630065918,-8.84134864807129,"Unknown"
"7014852",371861,2025-07-17 12:00:53,43.3603134155273,-8.84133815765381,"Unknown"
"7014852",371861,2025-07-17 12:06:05,43.3603591918945,-8.84135150909424,"Unknown"
"7014852",371861,2025-07-17 12:10:33,43.3603858947754,-8.84133052825928,"Unknown"
"7014852",371861,2025-07-17 12:15:36,43.3603591918945,-8.84135818481445,"Unknown"
"7014852",371861,2025-07-17 12:20:42,43.3603439331055,-8.84137439727783,"Unknown"
"7014852",371861,2025-07-17 12:25:34,43.3603591918945,-8.84119701385498,"Unknown"
"7014852",371861,2025-07-17 12:30:34,43.3602523803711,-8.84135055541992,"Unknown"
"7014852",371861,2025-07-17 12:35:36,43.3602600097656,-8.84134292602539,"Unknown"
"7014852",371861,2025-07-17 12:40:33,43.3605537414551,-8.84043312072754,"Unknown"
"7014852",371861,2025-07-17 12:45:38,43.3604507446289,-8.84139156341553,"Unknown"
"7014852",371861,2025-07-17 12:50:37,43.3603134155273,-8.84136009216309,"Unknown"
"7014852",371861,2025-07-17 12:55:36,43.3603515625,-8.84140872955322,"Unknown"
"7014852",371861,2025-07-17 13:00:33,43.3605270385742,-8.84064960479736,"Unknown"
"7014852",371861,2025-07-17 13:05:39,43.3597602844238,-8.84085750579834,"Unknown"
"7014852",371861,2025-07-17 13:10:35,43.3602447509766,-8.84126377105713,"Unknown"
"7014852",371861,2025-07-17 13:15:36,43.3600921630859,-8.84123229980469,"Unknown"
"7014852",371861,2025-07-17 13:20:37,43.360034942627,-8.84131526947021,"Unknown"
"7014852",371861,2025-07-17 13:26:05,43.3605728149414,-8.84146022796631,"Unknown"
"7014852",371861,2025-07-17 13:30:35,43.360595703125,-8.84133815765381,"Unknown"
"7014852",371861,2025-07-17 13:35:34,43.3606147766113,-8.84156894683838,"Unknown"
"7014852",371861,2025-07-17 13:40:35,43.3604316711426,-8.84136772155762,"Unknown"
"7014852",371861,2025-07-17 13:45:37,43.3604888916016,-8.84131908416748,"Unknown"
"7014852",371861,2025-07-17 13:50:35,43.3604049682617,-8.84128665924072,"Unknown"
"7014852",371861,2025-07-17 13:55:35,43.3586769104004,-8.82970714569092,"Unknown"
"7014852",371861,2025-07-17 14:00:34,43.3537254333496,-8.83894634246826,"Unknown"
"7014852",371861,2025-07-17 14:05:34,43.3602600097656,-8.84116172790527,"Unknown"
"7014852",371861,2025-07-17 14:10:36,43.3603706359863,-8.84114456176758,"Unknown"
"7014852",371861,2025-07-17 14:15:33,43.360954284668,-8.84035682678223,"Unknown"
"7014852",371861,2025-07-17 14:20:34,43.3605728149414,-8.84156322479248,"Unknown"
"7014852",371861,2025-07-17 14:25:34,43.3604316711426,-8.84138202667236,"Unknown"
"7014852",371861,2025-07-17 14:30:34,43.3604965209961,-8.84157085418701,"Unknown"
"7014852",371861,2025-07-17 14:35:34,43.3609733581543,-8.8424711227417,"Unknown"
"7014852",371861,2025-07-17 14:40:33,43.3777313232422,-8.85744380950928,"Unknown"
"7014852",371861,2025-07-17 14:45:35,43.404239654541,-8.87049674987793,"Unknown"
"7014852",371861,2025-07-17 14:50:35,43.4284019470215,-8.89341163635254,"Unknown"
"7014852",371861,2025-07-17 14:55:39,43.4366111755371,-8.9118595123291,"Unknown"
"7014852",371861,2025-07-17 15:00:37,43.4306869506836,-8.91403770446777,"Unknown"
"7014852",371861,2025-07-17 15:05:38,43.4272956848145,-8.91807651519775,"Unknown"
"7014852",371861,2025-07-17 15:10:39,43.4231147766113,-8.92129611968994,"Unknown"
"7014852",371861,2025-07-17 15:15:38,43.4190940856934,-8.9246883392334,"Unknown"
"7014852",371861,2025-07-17 15:20:37,43.3974113464355,-8.90341186523438,"Unknown"
"7014852",371861,2025-07-17 15:25:38,43.3682098388672,-8.85955619812012,"Unknown"
"7014852",371861,2025-07-17 15:30:58,43.3606300354004,-8.84156036376953,"Unknown"
"7014852",371861,2025-07-17 15:35:36,43.3605117797852,-8.84150505065918,"Unknown"
"7014852",371861,2025-07-17 15:40:36,43.3604164123535,-8.84141731262207,"Unknown"
"7014852",371861,2025-07-17 15:45:36,43.3606796264648,-8.84206295013428,"Unknown"
"7014852",371861,2025-07-17 15:50:38,43.3604278564453,-8.84145832061768,"Unknown"
"7014852",371861,2025-07-17 15:55:43,43.3603401184082,-8.84122657775879,"Unknown"
"7014852",371861,2025-07-17 16:00:33,43.3603706359863,-8.84133148193359,"Unknown"
"7014852",371861,2025-07-17 16:05:37,43.3603973388672,-8.84133911132812,"Unknown"
"7014852",371861,2025-07-17 16:10:33,43.360424041748,-8.84132671356201,"Unknown"
"7014852",371861,2025-07-17 16:15:33,43.3605155944824,-8.84140872955322,"Unknown"
"7014852",371861,2025-07-17 16:20:39,43.3602333068848,-8.84109210968018,"Unknown"
"7014852",371861,2025-07-17 16:25:37,43.3603439331055,-8.84126949310303,"Unknown"
"7014852",371861,2025-07-17 16:30:36,43.3603553771973,-8.84128284454346,"Unknown"
"7014852",371861,2025-07-17 16:35:33,43.3604545593262,-8.84133148193359,"Unknown"
"7014852",371861,2025-07-17 16:40:33,43.3609046936035,-8.84153175354004,"Unknown"
"7014852",371861,2025-07-17 16:45:44,43.3602561950684,-8.84130477905273,"Unknown"
"7014852",371861,2025-07-17 16:50:33,43.3603134155273,-8.84145927429199,"Unknown"
"7014852",371861,2025-07-17 16:55:38,43.3602409362793,-8.84132385253906,"Unknown"
"7014852",371861,2025-07-17 17:00:37,43.3604011535645,-8.84149265289307,"Unknown"
"7014852",371861,2025-07-17 17:05:35,43.3603782653809,-8.84160614013672,"Unknown"
"7014852",371861,2025-07-17 17:10:39,43.3603897094727,-8.84169578552246,"Unknown"
"7014852",371861,2025-07-17 17:15:44,43.3602066040039,-8.84161376953125,"Unknown"
"7014852",371861,2025-07-17 17:20:36,43.3605117797852,-8.8409481048584,"Unknown"
"7014852",371861,2025-07-17 17:25:44,43.3603553771973,-8.84149646759033,"Unknown"
"7014852",371861,2025-07-17 17:30:44,43.3601341247559,-8.84119319915771,"Unknown"
"7014852",371861,2025-07-17 17:35:36,43.3602027893066,-8.84135150909424,"Unknown"
"7014852",371861,2025-07-17 17:40:37,43.3603210449219,-8.84178161621094,"Unknown"
"7014852",371861,2025-07-17 17:45:44,43.3609924316406,-8.84142971038818,"Unknown"
"7014852",371861,2025-07-17 17:50:38,43.3605117797852,-8.84165287017822,"Unknown"
"7014852",371861,2025-07-17 17:55:39,43.3605766296387,-8.84158134460449,"Unknown"
"7014852",371861,2025-07-17 18:00:44,43.3604507446289,-8.84163284301758,"Unknown"
"7014852",371861,2025-07-17 18:06:01,43.3605155944824,-8.84161376953125,"Unknown"
"7014852",371861,2025-07-17 18:10:35,43.3604698181152,-8.84126949310303,"Unknown"
"7014852",371861,2025-07-17 18:15:35,43.360424041748,-8.84127330780029,"Unknown"
"7014852",371861,2025-07-17 18:20:33,43.3603439331055,-8.84136390686035,"Unknown"
"7014852",371861,2025-07-17 18:25:33,43.3603706359863,-8.84129524230957,"Unknown"
"7014852",371861,2025-07-17 18:30:33,43.3603553771973,-8.8414249420166,"Unknown"
"7014852",371861,2025-07-17 18:35:33,43.360725402832,-8.84157180786133,"Unknown"
"7014852",371861,2025-07-17 18:40:36,43.3653182983398,-8.83703327178955,"Unknown"
"7014852",371861,2025-07-17 18:45:34,43.3654670715332,-8.83723926544189,"Unknown"
"7014852",371861,2025-07-17 18:50:34,43.3606033325195,-8.84125709533691,"Unknown"
"7014852",371861,2025-07-17 18:55:35,43.3605651855469,-8.84119415283203,"Unknown"
"7014852",371861,2025-07-17 19:00:35,43.360279083252,-8.84129619598389,"Unknown"
"7014852",371861,2025-07-17 19:05:33,43.3604507446289,-8.84135723114014,"Unknown"
"7014852",371861,2025-07-17 19:10:35,43.3604125976562,-8.84132194519043,"Unknown"
"7014852",371861,2025-07-17 19:15:44,43.3603668212891,-8.8413028717041,"Unknown"
"7014852",371861,2025-07-17 19:20:35,43.3603820800781,-8.84139537811279,"Unknown"
"7014852",371861,2025-07-17 19:25:35,43.3603019714355,-8.84140777587891,"Unknown"
"7014852",371861,2025-07-17 19:30:39,43.3603858947754,-8.84139728546143,"Unknown"
"7014852",371861,2025-07-17 19:35:34,43.3604850769043,-8.84132194519043,"Unknown"
"7014852",371861,2025-07-17 19:40:36,43.3603172302246,-8.84133148193359,"Unknown"
"7014852",371861,2025-07-17 19:45:41,43.3602523803711,-8.8411283493042,"Unknown"
"7014852",371861,2025-07-17 19:50:36,43.3602752685547,-8.8412446975708,"Unknown"
"7014852",371861,2025-07-17 19:55:39,43.360237121582,-8.8411922454834,"Unknown"
"7014852",371861,2025-07-17 20:00:37,43.3608207702637,-8.84154891967773,"Unknown"
"7014852",371861,2025-07-17 20:05:47,43.3601837158203,-8.84105587005615,"Unknown"
"7014852",371861,2025-07-17 20:10:33,43.3603172302246,-8.84119033813477,"Unknown"
"7014852",371861,2025-07-17 20:15:39,43.360164642334,-8.8409595489502,"Unknown"
"7014852",371861,2025-07-17 20:20:45,43.3602867126465,-8.84125995635986,"Unknown"
"7014852",371861,2025-07-17 20:25:33,43.3604049682617,-8.84119129180908,"Unknown"
"7014852",371861,2025-07-17 20:30:35,43.3604545593262,-8.84123039245605,"Unknown"
"7014852",371861,2025-07-17 20:35:33,43.3602752685547,-8.84114933013916,"Unknown"
"7014852",371861,2025-07-17 20:40:39,43.3602294921875,-8.84120559692383,"Unknown"
"7014852",371861,2025-07-17 20:46:35,43.3603286743164,-8.84122848510742,"Unknown"
"7014852",371861,2025-07-17 20:50:34,43.3602638244629,-8.84137344360352,"Unknown"
"7014852",371861,2025-07-17 20:57:11,43.3603096008301,-8.84132385253906,"Unknown"
"7014852",371861,2025-07-18 01:57:36,43.3603630065918,-8.84139251708984,"Unknown"
"7014852",371861,2025-07-18 05:17:05,43.3603973388672,-8.84131240844727,"Unknown"
"7014852",371861,2025-07-18 05:21:30,43.3605308532715,-8.84153461456299,"Unknown"
"7014852",371861,2025-07-18 05:26:36,43.3603591918945,-8.84132862091064,"Unknown"
"7014852",371861,2025-07-18 05:31:30,43.3604507446289,-8.84149646759033,"Unknown"
"7014852",371861,2025-07-18 05:36:36,43.3602485656738,-8.84108257293701,"Unknown"
"7014852",371861,2025-07-18 05:41:30,43.3602142333984,-8.8392448425293,"Unknown"
"7014852",371861,2025-07-18 05:46:36,43.3605003356934,-8.84128475189209,"Unknown"
"7014852",371861,2025-07-18 05:51:31,43.3605537414551,-8.84115886688232,"Unknown"
"7014852",371861,2025-07-18 05:56:29,43.3605079650879,-8.84177207946777,"Unknown"
"7014852",371861,2025-07-18 06:01:44,43.3603591918945,-8.84131336212158,"Unknown"
"7014852",371861,2025-07-18 06:06:30,43.3603401184082,-8.84161853790283,"Unknown"
"7014852",371861,2025-07-18 06:11:27,43.3603248596191,-8.84130001068115,"Unknown"
"7014852",371861,2025-07-18 06:16:28,43.3603630065918,-8.84157180786133,"Unknown"
"7014852",371861,2025-07-18 06:21:28,43.3603515625,-8.84149074554443,"Unknown"
"7014852",371861,2025-07-18 06:26:28,43.3604545593262,-8.84152507781982,"Unknown"
"7014852",371861,2025-07-18 06:31:29,43.3602867126465,-8.84122085571289,"Unknown"
"7014852",371861,2025-07-18 06:36:29,43.3604202270508,-8.84151935577393,"Unknown"
"7014852",371861,2025-07-18 06:41:27,43.360221862793,-8.84036731719971,"Unknown"
"7014852",371861,2025-07-18 06:46:44,43.360652923584,-8.84192848205566,"Unknown"
"7014852",371861,2025-07-18 06:51:34,43.3604354858398,-8.8413553237915,"Unknown"
"7014852",371861,2025-07-18 06:56:29,43.3602256774902,-8.84144401550293,"Unknown"
"7014852",371861,2025-07-18 07:01:30,43.3600769042969,-8.84140491485596,"Unknown"
"7014852",371861,2025-07-18 07:06:39,43.3607025146484,-8.84192752838135,"Unknown"
"7014852",371861,2025-07-18 07:11:28,43.3659400939941,-8.8331356048584,"Unknown"
"7014852",371861,2025-07-18 07:16:29,43.3640060424805,-8.83043384552002,"Unknown"
"7014852",371861,2025-07-18 07:21:36,43.3650932312012,-8.83209228515625,"Unknown"
"7014852",371861,2025-07-18 07:26:27,43.3597831726074,-8.84622859954834,"Unknown"
"7014852",371861,2025-07-18 07:31:45,43.3603248596191,-8.84141254425049,"Unknown"
"7014852",371861,2025-07-18 07:36:37,43.3603401184082,-8.84155178070068,"Unknown"
"7014852",371861,2025-07-18 07:41:30,43.3601264953613,-8.841552734375,"Unknown"
"7014852",371861,2025-07-18 07:46:35,43.3602676391602,-8.84136581420898,"Unknown"
"7014852",371861,2025-07-18 07:51:40,43.3602561950684,-8.84142875671387,"Unknown"
"7014852",371861,2025-07-18 07:56:33,43.3601875305176,-8.84144020080566,"Unknown"
"7014852",371861,2025-07-18 08:01:29,43.3602752685547,-8.84155178070068,"Unknown"
"7014852",371861,2025-07-18 08:06:30,43.3603591918945,-8.84144115447998,"Unknown"
"7014852",371861,2025-07-18 08:11:28,43.360466003418,-8.84139156341553,"Unknown"
"7014852",371861,2025-07-18 08:16:45,43.360408782959,-8.84126472473145,"Unknown"
"7014852",371861,2025-07-18 08:21:28,43.3603477478027,-8.84130382537842,"Unknown"
"7014852",371861,2025-07-18 08:26:44,43.3604278564453,-8.84133720397949,"Unknown"
"7014852",371861,2025-07-18 08:31:30,43.3602867126465,-8.84121894836426,"Unknown"
"7014852",371861,2025-07-18 08:36:30,43.3603515625,-8.84131526947021,"Unknown"
"7014852",371861,2025-07-18 08:41:28,43.3603973388672,-8.8412914276123,"Unknown"
"7014852",371861,2025-07-18 08:46:45,43.3604164123535,-8.84130382537842,"Unknown"
"7014852",371861,2025-07-18 08:51:36,43.3603515625,-8.84130573272705,"Unknown"
"7014852",371861,2025-07-18 08:56:39,43.3598327636719,-8.84246921539307,"Unknown"
"7014852",371861,2025-07-18 09:01:30,43.3607025146484,-8.84120559692383,"Unknown"
"7014852",371861,2025-07-18 09:06:30,43.3599815368652,-8.84173107147217,"Unknown"
"7014852",371861,2025-07-18 09:11:35,43.360466003418,-8.84126281738281,"Unknown"
"7014852",371861,2025-07-18 09:16:29,43.360279083252,-8.84142684936523,"Unknown"
"7014852",371861,2025-07-18 09:21:35,43.3613777160645,-8.8408088684082,"Unknown"
"7014852",371861,2025-07-18 09:26:36,43.3603935241699,-8.84109592437744,"Unknown"
"7014852",371861,2025-07-18 09:31:59,43.3604431152344,-8.84135055541992,"Unknown"
"7014852",371861,2025-07-18 09:36:28,43.3605842590332,-8.84155941009521,"Unknown"
"7014852",371861,2025-07-18 09:41:28,43.3604202270508,-8.84089946746826,"Unknown"
"7014852",371861,2025-07-18 09:46:33,43.3605918884277,-8.84093856811523,"Unknown"
"7014852",371861,2025-07-18 09:51:30,43.360408782959,-8.84080600738525,"Unknown"
"7014852",371861,2025-07-18 09:56:27,43.3605422973633,-8.84083366394043,"Unknown"
"7014852",371861,2025-07-18 10:01:27,43.3603668212891,-8.84045600891113,"Unknown"
"7014852",371861,2025-07-18 10:06:30,43.3603858947754,-8.84128189086914,"Unknown"
"7014852",371861,2025-07-18 10:11:29,43.3602066040039,-8.84102821350098,"Unknown"
"7014852",371861,2025-07-18 10:16:44,43.3603935241699,-8.84134387969971,"Unknown"
"7014852",371861,2025-07-18 10:21:29,43.3604698181152,-8.84131336212158,"Unknown"
"7014852",371861,2025-07-18 10:26:31,43.3603019714355,-8.84138202667236,"Unknown"
"7014852",371861,2025-07-18 10:31:59,43.3683395385742,-8.83356380462646,"Unknown"
"7014852",371861,2025-07-18 10:36:31,43.3697929382324,-8.83200740814209,"Unknown"
"7014852",371861,2025-07-18 10:41:33,43.3656311035156,-8.82608318328857,"Unknown"
"7014852",371861,2025-07-18 10:46:28,43.3680038452148,-8.82774543762207,"Unknown"
"7014852",371861,2025-07-18 10:51:28,43.351936340332,-8.83250617980957,"Unknown"
"7014852",371861,2025-07-18 10:56:36,43.3394813537598,-8.8444766998291,"Unknown"
"7014852",371861,2025-07-18 11:01:30,43.3176956176758,-8.85665512084961,"Unknown"
"7014852",371861,2025-07-18 11:06:29,43.3132553100586,-8.85718154907227,"Unknown"
"7014852",371861,2025-07-18 11:11:28,43.3179626464844,-8.85651779174805,"Unknown"
"7014852",371861,2025-07-18 11:16:29,43.3197250366211,-8.85670948028564,"Unknown"
"7014852",371861,2025-07-18 11:21:31,43.3197708129883,-8.85676002502441,"Unknown"
"7014852",371861,2025-07-18 11:26:38,43.3199081420898,-8.85673046112061,"Unknown"
"7014852",371861,2025-07-18 11:31:28,43.3199729919434,-8.85671997070312,"Unknown"
"7014852",371861,2025-07-18 11:36:29,43.3195304870605,-8.85681915283203,"Unknown"
"7014852",371861,2025-07-18 11:41:43,43.3195266723633,-8.85676670074463,"Unknown"
"7014852",371861,2025-07-18 11:46:35,43.3194923400879,-8.85683536529541,"Unknown"
"7014852",371861,2025-07-18 11:51:28,43.3195304870605,-8.85683155059814,"Unknown"
"7014852",371861,2025-07-18 11:56:35,43.3197250366211,-8.85679721832275,"Unknown"
"7014852",371861,2025-07-18 12:01:27,43.3369979858398,-8.84540367126465,"Unknown"
"7014852",371861,2025-07-18 12:06:35,43.3603324890137,-8.84141159057617,"Unknown"
"7014852",371861,2025-07-18 12:11:29,43.3602523803711,-8.84137439727783,"Unknown"
"7014852",371861,2025-07-18 12:16:27,43.3602600097656,-8.84124755859375,"Unknown"
"7014852",371861,2025-07-18 12:21:37,43.360408782959,-8.84150409698486,"Unknown"
"7014852",371861,2025-07-18 12:26:30,43.3603019714355,-8.84130573272705,"Unknown"
"7014852",371861,2025-07-18 12:31:44,43.3603553771973,-8.84138488769531,"Unknown"
"7014852",371861,2025-07-18 12:36:27,43.3604011535645,-8.841383934021,"Unknown"
"7014852",371861,2025-07-18 12:41:28,43.3667106628418,-8.83443641662598,"Unknown"
"7014852",371861,2025-07-18 12:46:28,43.3603134155273,-8.84132194519043,"Unknown"
"7014852",371861,2025-07-18 12:51:29,43.3602256774902,-8.84117984771729,"Unknown"
"7014852",371861,2025-07-18 12:56:28,43.3603324890137,-8.84126472473145,"Unknown"
"7014852",371861,2025-07-18 13:01:34,43.3603553771973,-8.84135341644287,"Unknown"
"7014852",371861,2025-07-18 13:06:29,43.3602294921875,-8.84121990203857,"Unknown"
"7014852",371861,2025-07-18 13:11:28,43.3595352172852,-8.84073162078857,"Unknown"
"7014852",371861,2025-07-18 13:16:39,43.3573684692383,-8.83788776397705,"Unknown"
"7014852",371861,2025-07-18 13:21:44,43.3600807189941,-8.84108734130859,"Unknown"
"7014852",371861,2025-07-18 13:26:36,43.3602600097656,-8.84143257141113,"Unknown"
"7014852",371861,2025-07-18 13:31:36,43.3605499267578,-8.84155941009521,"Unknown"
"7014852",371861,2025-07-18 13:36:36,43.3603668212891,-8.84149169921875,"Unknown"
"7014852",371861,2025-07-18 13:41:37,43.3603401184082,-8.8414831161499,"Unknown"
"7014852",371861,2025-07-18 13:46:44,43.3602142333984,-8.84139442443848,"Unknown"
"7014852",371861,2025-07-18 13:51:31,43.3609008789062,-8.83999252319336,"Unknown"
"7014852",371861,2025-07-18 13:56:28,43.3604469299316,-8.84240341186523,"Unknown"
"7014852",371861,2025-07-18 14:01:28,43.3603057861328,-8.84225845336914,"Unknown"
"7014852",371861,2025-07-18 14:06:37,43.3598785400391,-8.8404483795166,"Unknown"
"7014852",371861,2025-07-18 14:11:34,43.3603820800781,-8.84091377258301,"Unknown"
"7014852",371861,2025-07-18 14:16:35,43.3606262207031,-8.8413143157959,"Unknown"
"7014852",371861,2025-07-18 14:21:36,43.3605651855469,-8.84131145477295,"Unknown"
"7014852",371861,2025-07-18 14:26:31,43.360523223877,-8.84139156341553,"Unknown"
"7014852",371861,2025-07-18 14:31:45,43.3603401184082,-8.84137630462646,"Unknown"
"7014852",371861,2025-07-18 14:36:34,43.3603172302246,-8.84130764007568,"Unknown"
"7014852",371861,2025-07-18 14:41:34,43.3603744506836,-8.84134387969971,"Unknown"
"7014852",371861,2025-07-18 14:46:35,43.3604545593262,-8.841139793396,"Unknown"
"7014852",371861,2025-07-18 14:51:59,43.3604011535645,-8.84132862091064,"Unknown"
"7014852",371861,2025-07-18 14:56:27,43.3603782653809,-8.84135723114014,"Unknown"
"7014852",371861,2025-07-18 15:01:27,43.3603668212891,-8.84133720397949,"Unknown"
"7014852",371861,2025-07-18 15:06:31,43.3603935241699,-8.84128665924072,"Unknown"
"7014852",371861,2025-07-18 15:11:31,43.3603820800781,-8.84125709533691,"Unknown"
"7014852",371861,2025-07-18 15:16:29,43.3603515625,-8.84139823913574,"Unknown"
"7014852",371861,2025-07-18 15:21:29,43.3603858947754,-8.84133815765381,"Unknown"
"7014852",371861,2025-07-18 15:26:29,43.3603591918945,-8.841383934021,"Unknown"
"7014852",371861,2025-07-18 15:31:29,43.3674659729004,-8.82430458068848,"Unknown"
"7014852",371861,2025-07-18 15:36:29,43.3673439025879,-8.82502841949463,"Unknown"
"7014852",371861,2025-07-18 15:41:33,43.3604431152344,-8.84111785888672,"Unknown"
"7014852",371861,2025-07-18 15:46:29,43.3603553771973,-8.84140396118164,"Unknown"
"7014852",371861,2025-07-18 15:51:28,43.3603935241699,-8.84140014648438,"Unknown"
"7014852",371861,2025-07-18 15:56:28,43.3603668212891,-8.84139251708984,"Unknown"
"7014852",371861,2025-07-18 16:01:28,43.3603935241699,-8.84139537811279,"Unknown"
"7014852",371861,2025-07-18 16:06:29,43.3603706359863,-8.84142112731934,"Unknown"
"7014852",371861,2025-07-18 16:11:29,43.3604278564453,-8.84140777587891,"Unknown"
"7014852",371861,2025-07-18 16:16:29,43.3602638244629,-8.8411922454834,"Unknown"
"7014852",371861,2025-07-18 16:21:33,43.360279083252,-8.84120845794678,"Unknown"
"7014852",371861,2025-07-18 16:26:29,43.3603591918945,-8.8413610458374,"Unknown"
"7014852",371861,2025-07-18 16:31:30,43.360408782959,-8.84139156341553,"Unknown"
"7014852",371861,2025-07-18 16:36:30,43.3605422973633,-8.84152030944824,"Unknown"
"7014852",371861,2025-07-18 16:41:58,43.3601989746094,-8.84121608734131,"Unknown"
"7014852",371861,2025-07-18 16:46:30,43.3602828979492,-8.84127044677734,"Unknown"
"7014852",371861,2025-07-18 16:51:32,43.3606758117676,-8.84186172485352,"Unknown"
"7014852",371861,2025-07-18 16:56:53,43.3612213134766,-8.84422397613525,"Unknown"
"7014852",371861,2025-07-18 17:01:33,43.3625259399414,-8.83910083770752,"Unknown"
"7014852",371861,2025-07-18 17:06:32,43.3721885681152,-8.85140419006348,"Unknown"
"7014852",371861,2025-07-18 17:11:31,43.372386932373,-8.85244846343994,"Unknown"
"7014852",371861,2025-07-18 17:16:31,43.3719291687012,-8.85239505767822,"Unknown"
"7014852",371861,2025-07-18 17:21:33,43.3602981567383,-8.84123039245605,"Unknown"
"7014852",371861,2025-07-18 17:26:41,43.3600845336914,-8.84069919586182,"Unknown"
"7014852",371861,2025-07-18 17:31:36,43.360279083252,-8.8412446975708,"Unknown"
"7014852",371861,2025-07-18 17:36:33,43.3603439331055,-8.84135913848877,"Unknown"
"7014852",371861,2025-07-18 17:41:50,43.3604125976562,-8.84148025512695,"Unknown"
"7014852",371861,2025-07-18 17:47:05,43.3603477478027,-8.84133434295654,"Unknown"
"7014852",371861,2025-07-18 17:51:28,43.3603706359863,-8.8413143157959,"Unknown"
"7014852",371861,2025-07-18 17:56:29,43.3603477478027,-8.84134006500244,"Unknown"
"7014852",371861,2025-07-18 18:01:29,43.3603363037109,-8.84135055541992,"Unknown"
"7014852",371861,2025-07-18 18:06:28,43.3603363037109,-8.84140205383301,"Unknown"
"7014852",371861,2025-07-18 18:11:28,43.3603706359863,-8.84144878387451,"Unknown"
"7014852",371861,2025-07-18 18:16:28,43.3603477478027,-8.84141254425049,"Unknown"
"7014852",371861,2025-07-18 18:21:28,43.3602981567383,-8.84130191802979,"Unknown"
"7014852",371861,2025-07-18 18:26:28,43.3603744506836,-8.84136199951172,"Unknown"
"7014852",371861,2025-07-18 18:31:28,43.3612442016602,-8.84122467041016,"Unknown"
"7014852",371861,2025-07-18 18:36:28,43.3640174865723,-8.83748435974121,"Unknown"
"7014852",371861,2025-07-18 18:41:28,43.3607292175293,-8.84355735778809,"Unknown"
"7014852",371861,2025-07-18 18:46:29,43.3603515625,-8.84143257141113,"Unknown"
"7014852",371861,2025-07-18 18:51:31,43.3603820800781,-8.84146308898926,"Unknown"
"7014852",371861,2025-07-18 18:56:29,43.3603744506836,-8.84144592285156,"Unknown"
"7014852",371861,2025-07-18 19:01:28,43.3603286743164,-8.84137630462646,"Unknown"
"7014852",371861,2025-07-18 19:06:28,43.3603363037109,-8.84140014648438,"Unknown"
"7014852",371861,2025-07-18 19:11:44,43.3603553771973,-8.84143447875977,"Unknown"
"7014852",371861,2025-07-18 19:16:28,43.3602905273438,-8.84131336212158,"Unknown"
"7014852",371861,2025-07-18 19:21:32,43.3604278564453,-8.84156894683838,"Unknown"
"7014852",371861,2025-07-18 19:26:33,43.3603363037109,-8.84128379821777,"Unknown"
"7014852",371861,2025-07-18 19:31:29,43.3602256774902,-8.84109878540039,"Unknown"
"7014852",371861,2025-07-18 19:36:36,43.3603782653809,-8.84137630462646,"Unknown"
"7014852",371861,2025-07-18 19:41:43,43.360481262207,-8.84162044525146,"Unknown"
"7014852",371861,2025-07-18 19:46:31,43.3603477478027,-8.8413667678833,"Unknown"
"7014852",371861,2025-07-18 19:51:38,43.3605766296387,-8.84190654754639,"Unknown"
"7014852",371861,2025-07-18 19:56:37,43.3604164123535,-8.84138107299805,"Unknown"
"7014852",371861,2025-07-18 20:01:33,43.3603935241699,-8.84143733978271,"Unknown"
"7014852",371861,2025-07-18 20:06:44,43.3604278564453,-8.84148597717285,"Unknown"
"7014852",371861,2025-07-18 20:11:30,43.3604774475098,-8.84153938293457,"Unknown"
"7014852",371861,2025-07-18 20:16:29,43.3603096008301,-8.84106540679932,"Unknown"
"7014852",371861,2025-07-18 20:21:34,43.3607025146484,-8.84143543243408,"Unknown"
"7014852",371861,2025-07-18 20:26:30,43.3604431152344,-8.84152126312256,"Unknown"
"7014852",371861,2025-07-18 20:31:44,43.3604011535645,-8.84128761291504,"Unknown"
"7014852",371861,2025-07-18 20:36:36,43.3603820800781,-8.84132766723633,"Unknown"
"7014852",371861,2025-07-18 20:41:36,43.3604469299316,-8.84130954742432,"Unknown"
"7014852",371861,2025-07-18 20:46:34,43.3604774475098,-8.84150981903076,"Unknown"
"7014852",371861,2025-07-18 20:51:33,43.3603515625,-8.84118175506592,"Unknown"
"7014852",371861,2025-07-18 20:56:33,43.3603630065918,-8.84132957458496,"Unknown"
"7014852",371861,2025-07-19 01:56:35,43.3603973388672,-8.84134674072266,"Unknown"
"7014852",371861,2025-07-19 05:17:37,43.3604469299316,-8.84138488769531,"Unknown"
"7014852",371861,2025-07-19 05:22:08,43.3604316711426,-8.84140110015869,"Unknown"
"7014852",371861,2025-07-19 05:27:08,43.3603897094727,-8.84135150909424,"Unknown"
"7014852",371861,2025-07-19 05:32:09,43.3604621887207,-8.84158611297607,"Unknown"
"7014852",371861,2025-07-19 05:37:09,43.3604202270508,-8.84137725830078,"Unknown"
"7014852",371861,2025-07-19 05:42:07,43.3605041503906,-8.84138584136963,"Unknown"
"7014852",371861,2025-07-19 05:47:09,43.360538482666,-8.84138011932373,"Unknown"
"7014852",371861,2025-07-19 05:52:14,43.3605155944824,-8.84138298034668,"Unknown"
"7014852",371861,2025-07-19 05:57:04,43.3605155944824,-8.84138107299805,"Unknown"
"7014852",371861,2025-07-19 06:02:35,43.3603935241699,-8.84136962890625,"Unknown"
"7014852",371861,2025-07-19 06:07:03,43.3603897094727,-8.84130382537842,"Unknown"
"7014852",371861,2025-07-19 06:12:03,43.3603591918945,-8.84135150909424,"Unknown"
"7014852",371861,2025-07-19 06:17:03,43.3587608337402,-8.84506225585938,"Unknown"
"7014852",371861,2025-07-19 06:22:03,43.3602256774902,-8.84126472473145,"Unknown"
"7014852",371861,2025-07-19 06:27:04,43.3638687133789,-8.82803440093994,"Unknown"
"7014852",371861,2025-07-19 06:32:04,43.3620758056641,-8.8390474319458,"Unknown"
"7014852",371861,2025-07-19 06:37:03,43.3596038818359,-8.84418392181396,"Unknown"
"7014852",371861,2025-07-19 06:42:03,43.360279083252,-8.84128189086914,"Unknown"
"7014852",371861,2025-07-19 06:47:03,43.3603782653809,-8.84142017364502,"Unknown"
"7014852",371861,2025-07-19 06:52:07,43.3604011535645,-8.84141635894775,"Unknown"
"7014852",371861,2025-07-19 06:57:06,43.360294342041,-8.84133911132812,"Unknown"
"7014852",371861,2025-07-19 07:02:04,43.3601722717285,-8.84145164489746,"Unknown"
"7014852",371861,2025-07-19 07:07:04,43.3602905273438,-8.84143543243408,"Unknown"
"7014852",371861,2025-07-19 07:12:07,43.360221862793,-8.84140777587891,"Unknown"
"7014852",371861,2025-07-19 07:17:07,43.3603858947754,-8.84135150909424,"Unknown"
"7014852",371861,2025-07-19 07:22:07,43.3603897094727,-8.84157371520996,"Unknown"
"7014852",371861,2025-07-19 07:27:07,43.3604164123535,-8.84142875671387,"Unknown"
"7014852",371861,2025-07-19 07:32:06,43.3605270385742,-8.8414831161499,"Unknown"
"7014852",371861,2025-07-19 07:37:04,43.3605155944824,-8.84144687652588,"Unknown"
"7014852",371861,2025-07-19 07:42:12,43.3602485656738,-8.84137344360352,"Unknown"
"7014852",371861,2025-07-19 07:47:04,43.3798637390137,-8.84484195709229,"Unknown"
"7014852",371861,2025-07-19 07:52:04,43.385311126709,-8.84960746765137,"Unknown"
"7014852",371861,2025-07-19 07:57:04,43.3660545349121,-8.84464359283447,"Unknown"
"7014852",371861,2025-07-19 08:02:06,43.3602981567383,-8.84135341644287,"Unknown"
"7014852",371861,2025-07-19 08:07:11,43.3603973388672,-8.84133243560791,"Unknown"
"7014852",371861,2025-07-19 08:12:14,43.3603439331055,-8.84129238128662,"Unknown"
"7014852",371861,2025-07-19 08:17:04,43.3602905273438,-8.84124660491943,"Unknown"
"7014852",371861,2025-07-19 08:22:08,43.3603210449219,-8.84116554260254,"Unknown"
"7014852",371861,2025-07-19 08:27:04,43.3602828979492,-8.84128570556641,"Unknown"
"7014852",371861,2025-07-19 08:32:03,43.3603363037109,-8.84165287017822,"Unknown"
"7014852",371861,2025-07-19 08:37:09,43.3603439331055,-8.84139728546143,"Unknown"
"7014852",371861,2025-07-19 08:42:09,43.3603668212891,-8.84140205383301,"Unknown"
"7014852",371861,2025-07-19 08:47:34,43.3603706359863,-8.84131145477295,"Unknown"
"7014852",371861,2025-07-19 08:52:03,43.360408782959,-8.84139156341553,"Unknown"
"7014852",371861,2025-07-19 08:57:04,43.3604316711426,-8.8414306640625,"Unknown"
"7014852",371861,2025-07-19 09:02:04,43.3604278564453,-8.84136962890625,"Unknown"
"7014852",371861,2025-07-19 09:07:04,43.3603858947754,-8.84136581420898,"Unknown"
"7014852",371861,2025-07-19 09:12:04,43.3603935241699,-8.84135723114014,"Unknown"
"7014852",371861,2025-07-19 09:17:06,43.3604736328125,-8.84149551391602,"Unknown"
"7014852",371861,2025-07-19 09:22:07,43.3603935241699,-8.84164524078369,"Unknown"
"7014852",371861,2025-07-19 09:27:04,43.360408782959,-8.84147453308105,"Unknown"
"7014852",371861,2025-07-19 09:32:07,43.3603858947754,-8.84141445159912,"Unknown"
"7014852",371861,2025-07-19 09:37:08,43.3603935241699,-8.84141540527344,"Unknown"
"7014852",371861,2025-07-19 09:42:13,43.3603782653809,-8.84135246276855,"Unknown"
"7014852",371861,2025-07-19 09:47:08,43.3603134155273,-8.8414888381958,"Unknown"
"7014852",371861,2025-07-19 09:52:03,43.3604583740234,-8.84113025665283,"Unknown"
"7014852",371861,2025-07-19 09:57:08,43.3601264953613,-8.84092807769775,"Unknown"
"7014852",371861,2025-07-19 10:02:08,43.3616714477539,-8.84321117401123,"Unknown"
"7014852",371861,2025-07-19 10:07:03,43.3603172302246,-8.8414421081543,"Unknown"
"7014852",371861,2025-07-19 10:12:04,43.3603820800781,-8.84133815765381,"Unknown"
"7014852",371861,2025-07-19 10:17:06,43.3603935241699,-8.84128475189209,"Unknown"
"7014852",371861,2025-07-19 10:22:03,43.3603172302246,-8.84143447875977,"Unknown"
"7014852",371861,2025-07-19 10:27:03,43.3603630065918,-8.84142208099365,"Unknown"
"7014852",371861,2025-07-19 10:32:14,43.3603134155273,-8.84147548675537,"Unknown"
"7014852",371861,2025-07-19 10:37:07,43.3602981567383,-8.84138870239258,"Unknown"
"7014852",371861,2025-07-19 10:42:06,43.3603744506836,-8.84133434295654,"Unknown"
"7014852",371861,2025-07-19 10:47:08,43.3603515625,-8.84139633178711,"Unknown"
"7014852",371861,2025-07-19 10:52:04,43.3597640991211,-8.84104347229004,"Unknown"
"7014852",371861,2025-07-19 10:57:09,43.3609619140625,-8.82054138183594,"Unknown"
"7014852",371861,2025-07-19 11:02:07,43.3693656921387,-8.83255195617676,"Unknown"
"7014852",371861,2025-07-19 11:07:04,43.3728713989258,-8.83464527130127,"Unknown"
"7014852",371861,2025-07-19 11:12:18,43.3619728088379,-8.84126472473145,"Unknown"
"7014852",371861,2025-07-19 11:17:34,43.3603401184082,-8.8413553237915,"Unknown"
"7014852",371861,2025-07-19 11:22:03,43.3603820800781,-8.84135723114014,"Unknown"
"7014852",371861,2025-07-19 11:27:04,43.3604469299316,-8.84126472473145,"Unknown"
"7014852",371861,2025-07-19 11:32:03,43.3604049682617,-8.84141445159912,"Unknown"
"7014852",371861,2025-07-19 11:37:03,43.3600807189941,-8.84134674072266,"Unknown"
"7014852",371861,2025-07-19 11:42:02,43.3603630065918,-8.8414306640625,"Unknown"
"7014852",371861,2025-07-19 11:47:02,43.3602638244629,-8.8414134979248,"Unknown"
"7014852",371861,2025-07-19 11:52:04,43.3602180480957,-8.84133243560791,"Unknown"
"7014852",371861,2025-07-19 11:57:03,43.3603820800781,-8.84159183502197,"Unknown"
"7014852",371861,2025-07-19 12:02:04,43.3603210449219,-8.84140586853027,"Unknown"
"7014852",371861,2025-07-19 12:07:03,43.3602027893066,-8.84129428863525,"Unknown"
"7014852",371861,2025-07-19 12:12:04,43.3603134155273,-8.84147453308105,"Unknown"
"7014852",371861,2025-07-19 12:17:04,43.3603363037109,-8.84140968322754,"Unknown"
"7014852",371861,2025-07-19 12:22:04,43.3603134155273,-8.841383934021,"Unknown"
"7014852",371861,2025-07-19 12:27:03,43.3602981567383,-8.84146785736084,"Unknown"
"7014852",371861,2025-07-19 12:32:03,43.3603324890137,-8.8413724899292,"Unknown"
"7014852",371861,2025-07-19 12:37:04,43.3603172302246,-8.84144306182861,"Unknown"
"7014852",371861,2025-07-19 12:42:07,43.3603515625,-8.84140872955322,"Unknown"
"7014852",371861,2025-07-19 12:47:07,43.360408782959,-8.84159278869629,"Unknown"
"7014852",371861,2025-07-19 12:52:06,43.3603782653809,-8.84150314331055,"Unknown"
"7014852",371861,2025-07-19 12:57:03,43.3603553771973,-8.84137344360352,"Unknown"
"7014852",371861,2025-07-19 13:02:03,43.3603630065918,-8.84146690368652,"Unknown"
"7014852",371861,2025-07-19 13:07:04,43.3603324890137,-8.8414478302002,"Unknown"
"7014852",371861,2025-07-19 13:12:03,43.3603782653809,-8.84151363372803,"Unknown"
"7014852",371861,2025-07-19 13:17:06,43.3603096008301,-8.84143447875977,"Unknown"
"7014852",371861,2025-07-19 13:22:07,43.3603019714355,-8.84138488769531,"Unknown"
"7014852",371861,2025-07-19 13:27:04,43.360279083252,-8.84136199951172,"Unknown"
"7014852",371861,2025-07-19 13:32:09,43.3600845336914,-8.84120559692383,"Unknown"
"7014852",371861,2025-07-19 13:37:14,43.3603057861328,-8.84137535095215,"Unknown"
"7014852",371861,2025-07-19 13:42:04,43.360294342041,-8.84135818481445,"Unknown"
"7014852",371861,2025-07-19 13:47:04,43.3601188659668,-8.84151363372803,"Unknown"
"7014852",371861,2025-07-19 13:52:12,43.3603134155273,-8.84137916564941,"Unknown"
"7014852",371861,2025-07-19 13:57:04,43.360279083252,-8.84127998352051,"Unknown"
"7014852",371861,2025-07-19 14:02:04,43.3602180480957,-8.8412389755249,"Unknown"
"7014852",371861,2025-07-19 14:07:04,43.3603858947754,-8.84116649627686,"Unknown"
"7014852",371861,2025-07-19 14:12:04,43.3603248596191,-8.84136581420898,"Unknown"
"7014852",371861,2025-07-19 14:17:06,43.3603477478027,-8.8413257598877,"Unknown"
"7014852",371861,2025-07-19 14:22:07,43.3603668212891,-8.84142589569092,"Unknown"
"7014852",371861,2025-07-19 14:27:09,43.3603706359863,-8.84142017364502,"Unknown"
"7014852",371861,2025-07-19 14:32:08,43.3602905273438,-8.84128284454346,"Unknown"
"7014852",371861,2025-07-19 14:37:06,43.3602027893066,-8.84113311767578,"Unknown"
"7014852",371861,2025-07-19 14:42:07,43.3602142333984,-8.84109210968018,"Unknown"
"7014852",371861,2025-07-19 14:47:15,43.360424041748,-8.84137916564941,"Unknown"
"7014852",371861,2025-07-19 14:52:09,43.3604354858398,-8.84132671356201,"Unknown"
"7014852",371861,2025-07-19 14:57:09,43.3604164123535,-8.84133815765381,"Unknown"
"7014852",371861,2025-07-19 15:02:10,43.3603858947754,-8.84138870239258,"Unknown"
"7014852",371861,2025-07-19 15:07:04,43.360408782959,-8.84148025512695,"Unknown"
"7014852",371861,2025-07-19 15:12:09,43.3604125976562,-8.84146118164062,"Unknown"
"7014852",371861,2025-07-19 15:17:09,43.3603858947754,-8.84147357940674,"Unknown"
"7014852",371861,2025-07-19 15:22:08,43.3603553771973,-8.84150981903076,"Unknown"
"7014852",371861,2025-07-19 15:27:04,43.360424041748,-8.84156894683838,"Unknown"
"7014852",371861,2025-07-19 15:32:08,43.3603363037109,-8.84142017364502,"Unknown"
"7014852",371861,2025-07-19 15:37:14,43.3604049682617,-8.84140014648438,"Unknown"
"7014852",371861,2025-07-19 15:42:10,43.3603553771973,-8.84135437011719,"Unknown"
"7014852",371861,2025-07-19 15:47:04,43.360466003418,-8.84121513366699,"Unknown"
"7014852",371861,2025-07-19 15:52:10,43.3602714538574,-8.8411922454834,"Unknown"
"7014852",371861,2025-07-19 15:57:09,43.360221862793,-8.84110736846924,"Unknown"
"7014852",371861,2025-07-19 16:02:06,43.360538482666,-8.84131050109863,"Unknown"
"7014852",371861,2025-07-19 16:07:04,43.3710327148438,-8.85187149047852,"Unknown"
"7014852",371861,2025-07-19 16:12:04,43.3709716796875,-8.85287570953369,"Unknown"
"7014852",371861,2025-07-19 16:17:07,43.3636322021484,-8.84464168548584,"Unknown"
"7014852",371861,2025-07-19 16:22:09,43.3602714538574,-8.8413724899292,"Unknown"
"7014852",371861,2025-07-19 16:27:08,43.3603096008301,-8.84146404266357,"Unknown"
"7014852",371861,2025-07-19 16:32:15,43.3600883483887,-8.84145450592041,"Unknown"
"7014852",371861,2025-07-19 16:37:08,43.3602180480957,-8.84143257141113,"Unknown"
"7014852",371861,2025-07-19 16:42:14,43.3598594665527,-8.84123611450195,"Unknown"
"7014852",371861,2025-07-19 16:47:04,43.3599433898926,-8.8412504196167,"Unknown"
"7014852",371861,2025-07-19 16:52:09,43.3597145080566,-8.841233253479,"Unknown"
"7014852",371861,2025-07-19 16:57:10,43.3601875305176,-8.84138965606689,"Unknown"
"7014852",371861,2025-07-19 17:02:04,43.3603057861328,-8.84157752990723,"Unknown"
"7014852",371861,2025-07-19 17:07:07,43.3603668212891,-8.84131145477295,"Unknown"
"7014852",371861,2025-07-19 17:12:06,43.3602752685547,-8.84130096435547,"Unknown"
"7014852",371861,2025-07-19 17:17:04,43.3602638244629,-8.84138679504395,"Unknown"
"7014852",371861,2025-07-19 17:22:48,43.360969543457,-8.84428119659424,"Unknown"
"7014852",371861,2025-07-19 17:27:20,43.3609848022461,-8.84422206878662,"Unknown"
"7014852",371861,2025-07-19 17:32:04,43.3601875305176,-8.84125423431396,"Unknown"
"7014852",371861,2025-07-19 17:37:03,43.3598365783691,-8.84177589416504,"Unknown"
"7014852",371861,2025-07-19 17:42:13,43.3606758117676,-8.84156894683838,"Unknown"
"7014852",371861,2025-07-19 17:47:14,43.360595703125,-8.84153842926025,"Unknown"
"7014852",371861,2025-07-19 17:52:07,43.3605003356934,-8.84154033660889,"Unknown"
"7014852",371861,2025-07-19 17:57:04,43.3605270385742,-8.84149074554443,"Unknown"
"7014852",371861,2025-07-19 18:02:04,43.3605499267578,-8.84146595001221,"Unknown"
"7014852",371861,2025-07-19 18:07:06,43.3605499267578,-8.84151172637939,"Unknown"
"7014852",371861,2025-07-19 18:12:06,43.3605690002441,-8.84146976470947,"Unknown"
"7014852",371861,2025-07-19 18:17:07,43.3605041503906,-8.84151554107666,"Unknown"
"7014852",371861,2025-07-19 18:22:03,43.3605422973633,-8.84130573272705,"Unknown"
"7014852",371861,2025-07-19 18:27:10,43.3603134155273,-8.84143733978271,"Unknown"
"7014852",371861,2025-07-19 18:32:03,43.3603668212891,-8.84142780303955,"Unknown"
"7014852",371861,2025-07-19 18:37:03,43.3603553771973,-8.8414831161499,"Unknown"
"7014852",371861,2025-07-19 18:42:04,43.3603096008301,-8.84143924713135,"Unknown"
"7014852",371861,2025-07-19 18:47:11,43.3603096008301,-8.84142589569092,"Unknown"
"7014852",371861,2025-07-19 18:52:03,43.3601913452148,-8.8412561416626,"Unknown"
"7014852",371861,2025-07-19 18:57:03,43.359935760498,-8.84115982055664,"Unknown"
"7014852",371861,2025-07-19 19:02:04,43.3606338500977,-8.84155082702637,"Unknown"
"7014852",371861,2025-07-19 19:07:07,43.3602523803711,-8.84151744842529,"Unknown"
"7014852",371861,2025-07-19 19:12:03,43.3727226257324,-8.85059356689453,"Unknown"
"7014852",371861,2025-07-19 19:17:09,43.3655128479004,-8.84165096282959,"Unknown"
"7014852",371861,2025-07-19 19:22:03,43.3662261962891,-8.8505220413208,"Unknown"
"7014852",371861,2025-07-19 19:27:06,43.3649864196777,-8.84164524078369,"Unknown"
"7014852",371861,2025-07-19 19:32:15,43.3550186157227,-8.83502674102783,"Unknown"
"7014852",371861,2025-07-19 19:37:13,43.3514099121094,-8.83349990844727,"Unknown"
"7014852",371861,2025-07-19 19:42:13,43.3571281433105,-8.83724498748779,"Unknown"
"7014852",371861,2025-07-19 19:47:35,43.3586006164551,-8.83724594116211,"Unknown"
"7014852",371861,2025-07-19 19:52:04,43.3602828979492,-8.84134197235107,"Unknown"
"7014852",371861,2025-07-19 19:57:03,43.360279083252,-8.84137344360352,"Unknown"
"7014852",371861,2025-07-19 20:02:04,43.3602447509766,-8.84134674072266,"Unknown"
"7014852",371861,2025-07-19 20:07:07,43.3602752685547,-8.84139823913574,"Unknown"
"7014852",371861,2025-07-19 20:12:06,43.3602828979492,-8.84139919281006,"Unknown"
"7014852",371861,2025-07-19 20:17:04,43.3603019714355,-8.84144592285156,"Unknown"
"7014852",371861,2025-07-19 20:22:14,43.3602256774902,-8.84133911132812,"Unknown"
"7014852",371861,2025-07-19 20:27:06,43.3602752685547,-8.84138107299805,"Unknown"
"7014852",371861,2025-07-19 20:32:03,43.3603286743164,-8.84156322479248,"Unknown"
"7014852",371861,2025-07-19 20:37:04,43.3603973388672,-8.84138202667236,"Unknown"
"7014852",371861,2025-07-19 20:42:03,43.3604049682617,-8.84133338928223,"Unknown"
"7014852",371861,2025-07-19 20:47:15,43.3603096008301,-8.84122276306152,"Unknown"
"7014852",371861,2025-07-19 20:52:03,43.3602981567383,-8.8412389755249,"Unknown"
"7014852",371861,2025-07-19 20:55:26,43.3602867126465,-8.84156036376953,"Unknown"
"7014852",371861,2025-07-20 01:55:59,43.3603172302246,-8.8414306640625,"Unknown"
"7014852",371861,2025-07-20 05:18:36,43.3603820800781,-8.84134769439697,"Unknown"
"7014852",371861,2025-07-20 05:23:14,43.3603363037109,-8.84143161773682,"Unknown"
"7014852",371861,2025-07-20 05:28:17,43.3603363037109,-8.84137153625488,"Unknown"
"7014852",371861,2025-07-20 05:33:14,43.3603668212891,-8.8413782119751,"Unknown"
"7014852",371861,2025-07-20 05:38:14,43.3603668212891,-8.8413724899292,"Unknown"
"7014852",371861,2025-07-20 05:43:14,43.3603858947754,-8.84134674072266,"Unknown"
"7014852",371861,2025-07-20 05:48:14,43.3603553771973,-8.84129619598389,"Unknown"
"7014852",371861,2025-07-20 05:53:14,43.3606643676758,-8.84141063690186,"Unknown"
"7014852",371861,2025-07-20 05:58:17,43.360408782959,-8.84133720397949,"Unknown"
"7014852",371861,2025-07-20 06:03:15,43.3603782653809,-8.84129619598389,"Unknown"
"7014852",371861,2025-07-20 06:08:14,43.3603897094727,-8.84127807617188,"Unknown"
"7014852",371861,2025-07-20 06:13:14,43.3603973388672,-8.84135246276855,"Unknown"
"7014852",371861,2025-07-20 06:18:16,43.3603706359863,-8.84131908416748,"Unknown"
"7014852",371861,2025-07-20 06:23:14,43.3603897094727,-8.84132766723633,"Unknown"
"7014852",371861,2025-07-20 06:28:44,43.3603553771973,-8.84138870239258,"Unknown"
"7014852",371861,2025-07-20 06:33:14,43.3603363037109,-8.8412971496582,"Unknown"
"7014852",371861,2025-07-20 06:38:15,43.3601837158203,-8.84108638763428,"Unknown"
"7014852",371861,2025-07-20 06:43:18,43.3604049682617,-8.84139060974121,"Unknown"
"7014852",371861,2025-07-20 06:48:35,43.3603363037109,-8.84133434295654,"Unknown"
"7014852",371861,2025-07-20 06:53:15,43.3603782653809,-8.84136295318604,"Unknown"
"7014852",371861,2025-07-20 06:58:14,43.3603439331055,-8.84137725830078,"Unknown"
"7014852",371861,2025-07-20 07:03:14,43.3604125976562,-8.84130764007568,"Unknown"
"7014852",371861,2025-07-20 07:08:14,43.359790802002,-8.84513759613037,"Unknown"
"7014852",371861,2025-07-20 07:13:15,43.3733291625977,-8.85056304931641,"Unknown"
"7014852",371861,2025-07-20 07:18:15,43.370189666748,-8.83987045288086,"Unknown"
"7014852",371861,2025-07-20 07:23:14,43.3687934875488,-8.83642482757568,"Unknown"
"7014852",371861,2025-07-20 07:28:15,43.3594512939453,-8.84578800201416,"Unknown"
"7014852",371861,2025-07-20 07:33:16,43.3603668212891,-8.84134197235107,"Unknown"
"7014852",371861,2025-07-20 07:38:50,43.3603172302246,-8.84139442443848,"Unknown"
"7014852",371861,2025-07-20 07:43:17,43.3603019714355,-8.84136295318604,"Unknown"
"7014852",371861,2025-07-20 07:48:44,43.3603439331055,-8.84139537811279,"Unknown"
"7014852",371861,2025-07-20 07:53:14,43.3603096008301,-8.84132671356201,"Unknown"
"7014852",371861,2025-07-20 07:58:16,43.3603439331055,-8.84145259857178,"Unknown"
"7014852",371861,2025-07-20 08:03:23,43.3603477478027,-8.84148025512695,"Unknown"
"7014852",371861,2025-07-20 08:08:15,43.360279083252,-8.8413610458374,"Unknown"
"7014852",371861,2025-07-20 08:13:14,43.3603248596191,-8.84132766723633,"Unknown"
"7014852",371861,2025-07-20 08:18:14,43.3604888916016,-8.84143543243408,"Unknown"
"7014852",371861,2025-07-20 08:23:15,43.3603363037109,-8.84129619598389,"Unknown"
"7014852",371861,2025-07-20 08:28:16,43.3605003356934,-8.84151458740234,"Unknown"
"7014852",371861,2025-07-20 08:33:25,43.3603439331055,-8.84133148193359,"Unknown"
"7014852",371861,2025-07-20 08:38:19,43.3603172302246,-8.84137058258057,"Unknown"
"7014852",371861,2025-07-20 08:43:14,43.3603515625,-8.84146785736084,"Unknown"
"7014852",371861,2025-07-20 08:48:35,43.3603858947754,-8.84143733978271,"Unknown"
"7014852",371861,2025-07-20 08:53:14,43.3603744506836,-8.8414306640625,"Unknown"
"7014852",371861,2025-07-20 08:58:14,43.3603324890137,-8.84144401550293,"Unknown"
"7014852",371861,2025-07-20 09:03:14,43.3603973388672,-8.84136962890625,"Unknown"
"7014852",371861,2025-07-20 09:08:14,43.3603172302246,-8.84135627746582,"Unknown"
"7014852",371861,2025-07-20 09:13:14,43.359920501709,-8.84085845947266,"Unknown"
"7014852",371861,2025-07-20 09:18:14,43.3603858947754,-8.84146785736084,"Unknown"
"7014852",371861,2025-07-20 09:23:15,43.3604393005371,-8.84134578704834,"Unknown"
"7014852",371861,2025-07-20 09:28:14,43.3603706359863,-8.84136199951172,"Unknown"
"7014852",371861,2025-07-20 09:33:14,43.3667411804199,-8.82536602020264,"Unknown"
"7014852",371861,2025-07-20 09:38:14,43.3531684875488,-8.82767772674561,"Unknown"
"7014852",371861,2025-07-20 09:43:14,43.3510093688965,-8.82944583892822,"Unknown"
"7014852",371861,2025-07-20 09:48:14,43.3531074523926,-8.8318395614624,"Unknown"
"7014852",371861,2025-07-20 09:53:17,43.3606910705566,-8.84484767913818,"Unknown"
"7014852",371861,2025-07-20 09:58:16,43.3603515625,-8.84143543243408,"Unknown"
"7014852",371861,2025-07-20 10:03:16,43.3603897094727,-8.84139919281006,"Unknown"
"7014852",371861,2025-07-20 10:08:15,43.3603782653809,-8.841383934021,"Unknown"
"7014852",371861,2025-07-20 10:13:15,43.3604049682617,-8.84149074554443,"Unknown"
"7014852",371861,2025-07-20 10:18:15,43.3603477478027,-8.84126377105713,"Unknown"
"7014852",371861,2025-07-20 10:23:15,43.3603591918945,-8.84114837646484,"Unknown"
"7014852",371861,2025-07-20 10:28:16,43.3601341247559,-8.84134578704834,"Unknown"
"7014852",371861,2025-07-20 10:33:15,43.3603630065918,-8.84135437011719,"Unknown"
"7014852",371861,2025-07-20 10:38:15,43.3603744506836,-8.84131717681885,"Unknown"
"7014852",371861,2025-07-20 10:43:15,43.360424041748,-8.8413667678833,"Unknown"
"7014852",371861,2025-07-20 10:48:17,43.360408782959,-8.84134578704834,"Unknown"
"7014852",371861,2025-07-20 10:53:17,43.3604850769043,-8.84137344360352,"Unknown"
"7014852",371861,2025-07-20 10:58:20,43.3604278564453,-8.84138965606689,"Unknown"
"7014852",371861,2025-07-20 11:03:18,43.3602485656738,-8.84135246276855,"Unknown"
"7014852",371861,2025-07-20 11:08:44,43.3603973388672,-8.84133338928223,"Unknown"
"7014852",371861,2025-07-20 11:13:15,43.3603134155273,-8.8413724899292,"Unknown"
"7014852",371861,2025-07-20 11:18:15,43.3603820800781,-8.84130382537842,"Unknown"
"7014852",371861,2025-07-20 11:23:15,43.3602561950684,-8.84134387969971,"Unknown"
"7014852",371861,2025-07-20 11:28:25,43.3603935241699,-8.84144687652588,"Unknown"
"7014852",371861,2025-07-20 11:33:16,43.360279083252,-8.84134674072266,"Unknown"
"7014852",371861,2025-07-20 11:38:14,43.360279083252,-8.84127616882324,"Unknown"
"7014852",371861,2025-07-20 11:43:18,43.3604431152344,-8.84176349639893,"Unknown"
"7014852",371861,2025-07-20 11:48:23,43.3603515625,-8.84148979187012,"Unknown"
"7014852",371861,2025-07-20 11:53:15,43.3603096008301,-8.84138965606689,"Unknown"
"7014852",371861,2025-07-20 11:58:17,43.3602333068848,-8.84128570556641,"Unknown"
"7014852",371861,2025-07-20 12:03:19,43.3603668212891,-8.84154319763184,"Unknown"
"7014852",371861,2025-07-20 12:08:23,43.3602180480957,-8.84163379669189,"Unknown"
"7014852",371861,2025-07-20 12:13:22,43.3602752685547,-8.84139156341553,"Unknown"
"7014852",371861,2025-07-20 12:18:27,43.3602676391602,-8.84140396118164,"Unknown"
"7014852",371861,2025-07-20 12:23:26,43.3602905273438,-8.8414249420166,"Unknown"
"7014852",371861,2025-07-20 12:28:35,43.3603820800781,-8.84141445159912,"Unknown"
"7014852",371861,2025-07-20 12:33:15,43.3603096008301,-8.8413143157959,"Unknown"
"7014852",371861,2025-07-20 12:38:14,43.3603553771973,-8.84137916564941,"Unknown"
"7014852",371861,2025-07-20 12:43:14,43.3603591918945,-8.84144592285156,"Unknown"
"7014852",371861,2025-07-20 12:48:14,43.3603248596191,-8.84142684936523,"Unknown"
"7014852",371861,2025-07-20 12:53:14,43.3603515625,-8.84139823913574,"Unknown"
"7014852",371861,2025-07-20 12:58:14,43.3604125976562,-8.8414831161499,"Unknown"
"7014852",371861,2025-07-20 13:03:14,43.3603668212891,-8.84134197235107,"Unknown"
"7014852",371861,2025-07-20 13:08:14,43.3603439331055,-8.84139633178711,"Unknown"
"7014852",371861,2025-07-20 13:13:14,43.3603515625,-8.84140110015869,"Unknown"
"7014852",371861,2025-07-20 13:18:15,43.3603897094727,-8.84150791168213,"Unknown"
"7014852",371861,2025-07-20 13:23:17,43.3604278564453,-8.84127426147461,"Unknown"
"7014852",371861,2025-07-20 13:28:17,43.3602981567383,-8.84145164489746,"Unknown"
"7014852",371861,2025-07-20 13:33:22,43.3603286743164,-8.84130001068115,"Unknown"
"7014852",371861,2025-07-20 13:38:14,43.3691940307617,-8.84251689910889,"Unknown"
"7014852",371861,2025-07-20 13:43:14,43.3653678894043,-8.82628917694092,"Unknown"
"7014852",371861,2025-07-20 13:48:15,43.3640403747559,-8.83162689208984,"Unknown"
"7014852",371861,2025-07-20 13:53:17,43.3603973388672,-8.84146499633789,"Unknown"
"7014852",371861,2025-07-20 13:58:16,43.3605003356934,-8.84155464172363,"Unknown"
"7014852",371861,2025-07-20 14:03:27,43.3603210449219,-8.84140491485596,"Unknown"
"7014852",371861,2025-07-20 14:08:19,43.3603210449219,-8.8413724899292,"Unknown"
"7014852",371861,2025-07-20 14:13:16,43.3603897094727,-8.84134006500244,"Unknown"
"7014852",371861,2025-07-20 14:18:24,43.3603210449219,-8.84137916564941,"Unknown"
"7014852",371861,2025-07-20 14:23:17,43.3603019714355,-8.84135246276855,"Unknown"
"7014852",371861,2025-07-20 14:28:15,43.360424041748,-8.84146976470947,"Unknown"
"7014852",371861,2025-07-20 14:33:17,43.360279083252,-8.84122180938721,"Unknown"
"7014852",371861,2025-07-20 14:38:17,43.3603553771973,-8.84059143066406,"Unknown"
"7014852",371861,2025-07-20 14:43:17,43.3603744506836,-8.84136199951172,"Unknown"
"7014852",371861,2025-07-20 14:48:19,43.3603935241699,-8.84135341644287,"Unknown"
"7014852",371861,2025-07-20 14:53:18,43.3603744506836,-8.84131813049316,"Unknown"
"7014852",371861,2025-07-20 14:58:32,43.360408782959,-8.84136295318604,"Unknown"
"7014852",371861,2025-07-20 15:03:14,43.3602867126465,-8.84143257141113,"Unknown"
"7014852",371861,2025-07-20 15:08:14,43.3603591918945,-8.84145545959473,"Unknown"
"7014852",371861,2025-07-20 15:13:14,43.3603286743164,-8.84135723114014,"Unknown"
"7014852",371861,2025-07-20 15:18:15,43.3603401184082,-8.84141826629639,"Unknown"
"7014852",371861,2025-07-20 15:23:15,43.3602828979492,-8.8413667678833,"Unknown"
"7014852",371861,2025-07-20 15:28:14,43.3603019714355,-8.84143733978271,"Unknown"
"7014852",371861,2025-07-20 15:33:15,43.3603324890137,-8.84139537811279,"Unknown"
"7014852",371861,2025-07-20 15:38:15,43.3605422973633,-8.84130764007568,"Unknown"
"7014852",371861,2025-07-20 15:43:15,43.3716812133789,-8.85079097747803,"Unknown"
"7014852",371861,2025-07-20 15:48:14,43.3691329956055,-8.84851455688477,"Unknown"
"7014852",371861,2025-07-20 15:53:14,43.3611831665039,-8.84462356567383,"Unknown"
"7014852",371861,2025-07-20 15:58:16,43.3603553771973,-8.84137153625488,"Unknown"
"7014852",371861,2025-07-20 16:03:15,43.3602142333984,-8.84122848510742,"Unknown"
"7014852",371861,2025-07-20 16:08:19,43.3602294921875,-8.84139823913574,"Unknown"
"7014852",371861,2025-07-20 16:13:16,43.3602867126465,-8.84129905700684,"Unknown"
"7014852",371861,2025-07-20 16:18:24,43.3602714538574,-8.84133911132812,"Unknown"
"7014852",371861,2025-07-20 16:23:22,43.3603935241699,-8.8414363861084,"Unknown"
"7014852",371861,2025-07-20 16:28:19,43.3602676391602,-8.84122943878174,"Unknown"
"7014852",371861,2025-07-20 16:33:18,43.3601531982422,-8.84106254577637,"Unknown"
"7014852",371861,2025-07-20 16:38:17,43.3603630065918,-8.84133338928223,"Unknown"
"7014852",371861,2025-07-20 16:43:17,43.3604393005371,-8.84146022796631,"Unknown"
"7014852",371861,2025-07-20 16:48:35,43.3603515625,-8.84130859375,"Unknown"
"7014852",371861,2025-07-20 16:53:16,43.3603401184082,-8.84138202667236,"Unknown"
"7014852",371861,2025-07-20 16:58:15,43.360481262207,-8.84152889251709,"Unknown"
"7014852",371861,2025-07-20 17:03:18,43.360523223877,-8.84175872802734,"Unknown"
"7014852",371861,2025-07-20 17:08:18,43.3604736328125,-8.84154796600342,"Unknown"
"7014852",371861,2025-07-20 17:13:16,43.3601226806641,-8.84101581573486,"Unknown"
"7014852",371861,2025-07-20 17:18:17,43.3605918884277,-8.84173679351807,"Unknown"
"7014852",371861,2025-07-20 17:23:21,43.3603324890137,-8.84135150909424,"Unknown"
"7014852",371861,2025-07-20 17:28:35,43.3603210449219,-8.84134483337402,"Unknown"
"7014852",371861,2025-07-20 17:33:15,43.3603591918945,-8.84176635742188,"Unknown"
"7014852",371861,2025-07-20 17:38:15,43.3700790405273,-8.85394477844238,"Unknown"
"7014852",371861,2025-07-20 17:43:15,43.3665046691895,-8.83812999725342,"Unknown"
"7014852",371861,2025-07-20 17:48:15,43.3631896972656,-8.83528804779053,"Unknown"
"7014852",371861,2025-07-20 17:53:16,43.3691520690918,-8.829345703125,"Unknown"
"7014852",371861,2025-07-20 17:58:15,43.3611717224121,-8.83996868133545,"Unknown"
"7014852",371861,2025-07-20 18:03:16,43.3602523803711,-8.84117221832275,"Unknown"
"7014852",371861,2025-07-20 18:08:16,43.3602409362793,-8.84126758575439,"Unknown"
"7014852",371861,2025-07-20 18:13:16,43.3603057861328,-8.84134387969971,"Unknown"
"7014852",371861,2025-07-20 18:18:15,43.3603897094727,-8.84143352508545,"Unknown"
"7014852",371861,2025-07-20 18:23:16,43.3602485656738,-8.84130954742432,"Unknown"
"7014852",371861,2025-07-20 18:28:16,43.3602714538574,-8.84134101867676,"Unknown"
"7014852",371861,2025-07-20 18:33:17,43.3603096008301,-8.84134197235107,"Unknown"
"7014852",371861,2025-07-20 18:38:16,43.3602867126465,-8.84134101867676,"Unknown"
"7014852",371861,2025-07-20 18:43:17,43.3603057861328,-8.84127616882324,"Unknown"
"7014852",371861,2025-07-20 18:48:17,43.3603363037109,-8.84146595001221,"Unknown"
"7014852",371861,2025-07-20 18:53:16,43.3599319458008,-8.84656620025635,"Unknown"
"7014852",371861,2025-07-20 18:58:16,43.338680267334,-8.84248638153076,"Unknown"
"7014852",371861,2025-07-20 19:03:15,43.3207244873047,-8.84839630126953,"Unknown"
"7014852",371861,2025-07-20 19:08:17,43.3140335083008,-8.85683059692383,"Unknown"
"7014852",371861,2025-07-20 19:13:18,43.3149070739746,-8.85703468322754,"Unknown"
"7014852",371861,2025-07-20 19:18:15,43.3392181396484,-8.84353256225586,"Unknown"
"7014852",371861,2025-07-20 19:23:16,43.3622245788574,-8.82761001586914,"Unknown"
"7014852",371861,2025-07-20 19:28:25,43.3602256774902,-8.84142589569092,"Unknown"
"7014852",371861,2025-07-20 19:33:18,43.360221862793,-8.84136390686035,"Unknown"
"7014852",371861,2025-07-20 19:38:25,43.3602294921875,-8.84141445159912,"Unknown"
"7014852",371861,2025-07-20 19:43:38,43.3602600097656,-8.84141445159912,"Unknown"
"7014852",371861,2025-07-20 19:48:18,43.3602333068848,-8.84138202667236,"Unknown"
"7014852",371861,2025-07-20 19:53:18,43.3602561950684,-8.84544849395752,"Unknown"
"7014852",371861,2025-07-20 19:58:18,43.3723106384277,-8.85171794891357,"Unknown"
"7014852",371861,2025-07-20 20:04:39,43.3696823120117,-8.83950901031494,"Unknown"
"7014852",371861,2025-07-20 20:12:05,43.3603553771973,-8.8413724899292,"Unknown"
"7014852",371861,2025-07-20 20:16:38,43.3604316711426,-8.84123420715332,"Unknown"
"7014852",371861,2025-07-20 20:21:37,43.3603897094727,-8.84149646759033,"Unknown"
"7014852",371861,2025-07-20 20:26:38,43.3603477478027,-8.84134387969971,"Unknown"
"7014852",371861,2025-07-20 20:31:38,43.3603820800781,-8.84139251708984,"Unknown"
"7014852",371861,2025-07-20 20:36:39,43.3603553771973,-8.84138202667236,"Unknown"
"7014852",371861,2025-07-20 20:41:38,43.3603363037109,-8.84163761138916,"Unknown"
"7014852",371861,2025-07-20 20:46:37,43.3604393005371,-8.84150886535645,"Unknown"
"7014852",371861,2025-07-20 20:51:39,43.3603439331055,-8.84163379669189,"Unknown"
"7014852",371861,2025-07-20 20:54:25,43.3603973388672,-8.84206104278564,"Unknown"
"7014852",371861,2025-07-21 01:54:46,43.3604354858398,-8.84148406982422,"Unknown"
"7014852",371861,2025-07-21 05:19:36,43.3603935241699,-8.84134864807129,"Unknown"
"7014852",371861,2025-07-21 05:24:13,43.3603591918945,-8.84117031097412,"Unknown"
"7014852",371861,2025-07-21 05:29:19,43.3603858947754,-8.84136581420898,"Unknown"
"7014852",371861,2025-07-21 05:34:11,43.3603668212891,-8.84155178070068,"Unknown"
"7014852",371861,2025-07-21 05:39:14,43.3603553771973,-8.84138298034668,"Unknown"
"7014852",371861,2025-07-21 05:44:11,43.3603630065918,-8.84143829345703,"Unknown"
"7014852",371861,2025-07-21 05:49:11,43.3604927062988,-8.84176254272461,"Unknown"
"7014852",371861,2025-07-21 05:54:12,43.3611259460449,-8.84267139434814,"Unknown"
"7014852",371861,2025-07-21 05:59:12,43.3680191040039,-8.83772277832031,"Unknown"
"7014852",371861,2025-07-21 06:04:12,43.3606224060059,-8.84275245666504,"Unknown"
"7014852",371861,2025-07-21 06:09:12,43.3603744506836,-8.84164333343506,"Unknown"
"7014852",371861,2025-07-21 06:14:10,43.3604011535645,-8.84144687652588,"Unknown"
"7014852",371861,2025-07-21 06:19:10,43.3736305236816,-8.83571815490723,"Unknown"
"7014852",371861,2025-07-21 06:24:10,43.3613243103027,-8.8204927444458,"Unknown"
"7014852",371861,2025-07-21 06:29:13,43.3555068969727,-8.82674121856689,"Unknown"
"7014852",371861,2025-07-21 06:35:34,43.3607482910156,-8.84442901611328,"Unknown"
"7014852",371861,2025-07-21 06:39:10,43.3601188659668,-8.84097576141357,"Unknown"
"7014852",371861,2025-07-21 06:44:11,43.360523223877,-8.84149265289307,"Unknown"
"7014852",371861,2025-07-21 06:49:16,43.3603172302246,-8.84128761291504,"Unknown"
"7014852",371861,2025-07-21 06:54:11,43.3602447509766,-8.84133911132812,"Unknown"
"7014852",371861,2025-07-21 06:59:13,43.3603134155273,-8.84131240844727,"Unknown"
"7014852",371861,2025-07-21 07:04:14,43.360294342041,-8.84132862091064,"Unknown"
"7014852",371861,2025-07-21 07:09:16,43.3602905273438,-8.84138488769531,"Unknown"
"7014852",371861,2025-07-21 07:14:13,43.360408782959,-8.84138202667236,"Unknown"
"7014852",371861,2025-07-21 07:19:11,43.3603324890137,-8.84158420562744,"Unknown"
"7014852",371861,2025-07-21 07:24:21,43.3605003356934,-8.84146595001221,"Unknown"
"7014852",371861,2025-07-21 07:29:13,43.3605346679688,-8.84134769439697,"Unknown"
"7014852",371861,2025-07-21 07:34:16,43.3604621887207,-8.84155750274658,"Unknown"
"7014852",371861,2025-07-21 07:39:14,43.3605155944824,-8.84147644042969,"Unknown"
"7014852",371861,2025-07-21 07:44:12,43.3603477478027,-8.84154987335205,"Unknown"
"7014852",371861,2025-07-21 07:49:12,43.3604431152344,-8.84165191650391,"Unknown"
"7014852",371861,2025-07-21 07:54:17,43.3605194091797,-8.84130477905273,"Unknown"
"7014852",371861,2025-07-21 07:59:18,43.3602180480957,-8.84144020080566,"Unknown"
"7014852",371861,2025-07-21 08:04:18,43.3600234985352,-8.84571361541748,"Unknown"
"7014852",371861,2025-07-21 08:09:40,43.3603324890137,-8.84142780303955,"Unknown"
"7014852",371861,2025-07-21 08:14:10,43.3602104187012,-8.84128284454346,"Unknown"
"7014852",371861,2025-07-21 08:19:17,43.3602523803711,-8.84141063690186,"Unknown"
"7014852",371861,2025-07-21 08:24:10,43.3605499267578,-8.84152603149414,"Unknown"
"7014852",371861,2025-07-21 08:29:11,43.3603057861328,-8.84145736694336,"Unknown"
"7014852",371861,2025-07-21 08:34:11,43.3603363037109,-8.84147644042969,"Unknown"
"7014852",371861,2025-07-21 08:39:16,43.3605461120605,-8.84171485900879,"Unknown"
"7014852",371861,2025-07-21 08:44:16,43.3603363037109,-8.84151744842529,"Unknown"
"7014852",371861,2025-07-21 08:49:35,43.3603744506836,-8.84142589569092,"Unknown"
"7014852",371861,2025-07-21 08:54:11,43.3621139526367,-8.8372974395752,"Unknown"
"7014852",371861,2025-07-21 08:59:12,43.3498992919922,-8.84245586395264,"Unknown"
"7014852",371861,2025-07-21 09:04:10,43.330451965332,-8.84554767608643,"Unknown"
"7014852",371861,2025-07-21 09:09:11,43.3208808898926,-8.87032794952393,"Unknown"
"7014852",371861,2025-07-21 09:14:10,43.3191680908203,-8.87336349487305,"Unknown"
"7014852",371861,2025-07-21 09:19:11,43.3212242126465,-8.87131786346436,"Unknown"
"7014852",371861,2025-07-21 09:24:11,43.3206481933594,-8.87274074554443,"Unknown"
"7014852",371861,2025-07-21 09:29:11,43.3206405639648,-8.87264919281006,"Unknown"
"7014852",371861,2025-07-21 09:34:11,43.320556640625,-8.87273120880127,"Unknown"
"7014852",371861,2025-07-21 09:39:11,43.3239212036133,-8.88920307159424,"Unknown"
"7014852",371861,2025-07-21 09:44:11,43.3238563537598,-8.88584804534912,"Unknown"
"7014852",371861,2025-07-21 09:49:13,43.3215522766113,-8.88011932373047,"Unknown"
"7014852",371861,2025-07-21 09:54:14,43.3563537597656,-8.84523582458496,"Unknown"
"7014852",371861,2025-07-21 09:59:11,43.3601608276367,-8.8413200378418,"Unknown"
"7014852",371861,2025-07-21 10:04:14,43.3603248596191,-8.84139728546143,"Unknown"
"7014852",371861,2025-07-21 10:09:10,43.3603096008301,-8.84130764007568,"Unknown"
"7014852",371861,2025-07-21 10:14:19,43.3603515625,-8.8414134979248,"Unknown"
"7014852",371861,2025-07-21 10:19:10,43.3602752685547,-8.84128379821777,"Unknown"
"7014852",371861,2025-07-21 10:24:13,43.3603858947754,-8.8413724899292,"Unknown"
"7014852",371861,2025-07-21 10:29:12,43.3603591918945,-8.84140014648438,"Unknown"
"7014852",371861,2025-07-21 10:34:11,43.3603935241699,-8.8414478302002,"Unknown"
"7014852",371861,2025-07-21 10:39:15,43.3602333068848,-8.84153461456299,"Unknown"
"7014852",371861,2025-07-21 10:44:17,43.3604583740234,-8.84137058258057,"Unknown"
"7014852",371861,2025-07-21 10:49:35,43.3604736328125,-8.84137916564941,"Unknown"
"7014852",371861,2025-07-21 10:54:11,43.3603744506836,-8.84136867523193,"Unknown"
"7014852",371861,2025-07-21 10:59:11,43.3603668212891,-8.8413782119751,"Unknown"
"7014852",371861,2025-07-21 11:04:11,43.3603172302246,-8.8413782119751,"Unknown"
"7014852",371861,2025-07-21 11:09:10,43.3601493835449,-8.84137439727783,"Unknown"
"7014852",371861,2025-07-21 11:14:10,43.3602752685547,-8.84141159057617,"Unknown"
"7014852",371861,2025-07-21 11:19:10,43.3447952270508,-8.84145927429199,"Unknown"
"7014852",371861,2025-07-21 11:24:10,43.3295478820801,-8.84592342376709,"Unknown"
"7014852",371861,2025-07-21 11:29:14,43.3217964172363,-8.8692455291748,"Unknown"
"7014852",371861,2025-07-21 11:34:13,43.3197402954102,-8.89318180084229,"Unknown"
"7014852",371861,2025-07-21 11:39:20,43.3071670532227,-8.90598201751709,"Unknown"
"7014852",371861,2025-07-21 11:44:10,43.2926750183105,-8.92230033874512,"Unknown"
"7014852",371861,2025-07-21 11:49:11,43.2915077209473,-8.95167446136475,"Unknown"
"7014852",371861,2025-07-21 11:54:11,43.2853584289551,-8.97360801696777,"Unknown"
"7014852",371861,2025-07-21 11:59:10,43.2768592834473,-8.9837818145752,"Unknown"
"7014852",371861,2025-07-21 12:04:10,43.2624320983887,-8.98349571228027,"Unknown"
"7014852",371861,2025-07-21 12:09:11,43.241268157959,-9.0012321472168,"Unknown"
"7014852",371861,2025-07-21 12:14:10,43.2232894897461,-9.01160049438477,"Unknown"
"7014852",371861,2025-07-21 12:19:35,43.2114372253418,-9.03138732910156,"Unknown"
"7014852",371861,2025-07-21 12:24:10,43.191722869873,-9.0447359085083,"Unknown"
"7014852",371861,2025-07-21 12:29:10,43.1866760253906,-9.0704174041748,"Unknown"
"7014852",371861,2025-07-21 12:34:10,43.1839027404785,-9.09224414825439,"Unknown"
"7014852",371861,2025-07-21 12:39:14,43.1846656799316,-9.09190940856934,"Unknown"
"7014852",371861,2025-07-21 12:44:16,43.1842842102051,-9.09154415130615,"Unknown"
"7014852",371861,2025-07-21 12:49:16,43.1843185424805,-9.09168243408203,"Unknown"
"7014852",371861,2025-07-21 12:54:13,43.1845474243164,-9.09189224243164,"Unknown"
"7014852",371861,2025-07-21 12:59:11,43.1831893920898,-9.09163475036621,"Unknown"
"7014852",371861,2025-07-21 13:04:11,43.1819000244141,-9.09177017211914,"Unknown"
"7014852",371861,2025-07-21 13:09:16,43.1837768554688,-9.09293651580811,"Unknown"
"7014852",371861,2025-07-21 13:14:19,43.1831245422363,-9.09267807006836,"Unknown"
"7014852",371861,2025-07-21 13:19:19,43.1836700439453,-9.09331035614014,"Unknown"
"7014852",371861,2025-07-21 13:24:35,43.1832008361816,-9.09263801574707,"Unknown"
"7014852",371861,2025-07-21 13:29:10,43.1834335327148,-9.09158611297607,"Unknown"
"7014852",371861,2025-07-21 13:34:10,43.1832046508789,-9.0926456451416,"Unknown"
"7014852",371861,2025-07-21 13:39:13,43.1829872131348,-9.09255981445312,"Unknown"
"7014852",371861,2025-07-21 13:44:10,43.1805534362793,-9.09146881103516,"Unknown"
"7014852",371861,2025-07-21 13:49:10,43.1854095458984,-9.0914363861084,"Unknown"
"7014852",371861,2025-07-21 13:54:10,43.1855850219727,-9.09293460845947,"Unknown"
"7014852",371861,2025-07-21 13:59:11,43.1879348754883,-9.10091114044189,"Unknown"
"7014852",371861,2025-07-21 14:04:12,43.1940536499023,-9.07993984222412,"Unknown"
"7014852",371861,2025-07-21 14:09:11,43.2115516662598,-9.02683734893799,"Unknown"
"7014852",371861,2025-07-21 14:14:12,43.2423782348633,-8.98291397094727,"Unknown"
"7014852",371861,2025-07-21 14:19:10,43.2631950378418,-8.96975517272949,"Unknown"
"7014852",371861,2025-07-21 14:24:10,43.2789192199707,-8.98267936706543,"Unknown"
"7014852",371861,2025-07-21 14:29:26,43.2894859313965,-8.96103668212891,"Unknown"
"7014852",371861,2025-07-21 14:34:20,43.2895011901855,-8.96138381958008,"Unknown"
"7014852",371861,2025-07-21 14:39:14,43.3036346435547,-8.93486404418945,"Unknown"
"7014852",371861,2025-07-21 14:44:30,43.3183326721191,-8.89517974853516,"Unknown"
"7014852",371861,2025-07-21 14:49:12,43.3143119812012,-8.85676670074463,"Unknown"
"7014852",371861,2025-07-21 14:54:11,43.3346061706543,-8.84635448455811,"Unknown"
"7014852",371861,2025-07-21 14:59:11,43.3591499328613,-8.84535121917725,"Unknown"
"7014852",371861,2025-07-21 15:04:10,43.3602485656738,-8.84146976470947,"Unknown"
"7014852",371861,2025-07-21 15:09:11,43.3602905273438,-8.84155750274658,"Unknown"
"7014852",371861,2025-07-21 15:14:10,43.3602256774902,-8.84155178070068,"Unknown"
"7014852",371861,2025-07-21 15:19:21,43.3604888916016,-8.8414478302002,"Unknown"
"7014852",371861,2025-07-21 15:24:35,43.3604202270508,-8.84145069122314,"Unknown"
"7014852",371861,2025-07-21 15:29:10,43.3603591918945,-8.8413724899292,"Unknown"
"7014852",371861,2025-07-21 15:34:10,43.3603858947754,-8.84140396118164,"Unknown"
"7014852",371861,2025-07-21 15:39:11,43.360294342041,-8.8414192199707,"Unknown"
"7014852",371861,2025-07-21 15:44:14,43.3603286743164,-8.84139633178711,"Unknown"
"7014852",371861,2025-07-21 15:49:10,43.360466003418,-8.84152317047119,"Unknown"
"7014852",371861,2025-07-21 15:54:10,43.3603515625,-8.84130668640137,"Unknown"
"7014852",371861,2025-07-21 15:59:10,43.3603401184082,-8.84135055541992,"Unknown"
"7014852",371861,2025-07-21 16:04:10,43.3604698181152,-8.84133338928223,"Unknown"
"7014852",371861,2025-07-21 16:09:10,43.3604507446289,-8.84131145477295,"Unknown"
"7014852",371861,2025-07-21 16:14:12,43.3610572814941,-8.84025287628174,"Unknown"
"7014852",371861,2025-07-21 16:19:10,43.3601951599121,-8.84114933013916,"Unknown"
"7014852",371861,2025-07-21 16:24:12,43.3602676391602,-8.84117794036865,"Unknown"
"7014852",371861,2025-07-21 16:29:53,43.360954284668,-8.84408092498779,"Unknown"
"7014852",371861,2025-07-21 16:34:11,43.3604850769043,-8.84156703948975,"Unknown"
"7014852",371861,2025-07-21 16:39:12,43.3601684570312,-8.84079647064209,"Unknown"
"7014852",371861,2025-07-21 16:44:11,43.3604316711426,-8.84153461456299,"Unknown"
"7014852",371861,2025-07-21 16:49:11,43.3604850769043,-8.84156799316406,"Unknown"
"7014852",371861,2025-07-21 16:54:12,43.3605461120605,-8.84162616729736,"Unknown"
"7014852",371861,2025-07-21 16:59:14,43.3602752685547,-8.84142684936523,"Unknown"
"7014852",371861,2025-07-21 17:04:12,43.3602104187012,-8.84142780303955,"Unknown"
"7014852",371861,2025-07-21 17:09:15,43.3605346679688,-8.8417911529541,"Unknown"
"7014852",371861,2025-07-21 17:14:13,43.3602676391602,-8.84127426147461,"Unknown"
"7014852",371861,2025-07-21 17:19:12,43.359790802002,-8.84127998352051,"Unknown"
"7014852",371861,2025-07-21 17:24:12,43.3605346679688,-8.84175205230713,"Unknown"
"7014852",371861,2025-07-21 17:29:13,43.3602027893066,-8.84112358093262,"Unknown"
"7014852",371861,2025-07-21 17:34:12,43.360279083252,-8.84154224395752,"Unknown"
"7014852",371861,2025-07-21 17:39:12,43.3603210449219,-8.84138584136963,"Unknown"
"7014852",371861,2025-07-21 17:44:11,43.3602066040039,-8.84136867523193,"Unknown"
"7014852",371861,2025-07-21 17:49:11,43.3602027893066,-8.84106636047363,"Unknown"
"7014852",371861,2025-07-21 17:54:12,43.3604011535645,-8.84130954742432,"Unknown"
"7014852",371861,2025-07-21 17:59:11,43.3602867126465,-8.84134674072266,"Unknown"
"7014852",371861,2025-07-21 18:04:11,43.3602905273438,-8.84135913848877,"Unknown"
"7014852",371861,2025-07-21 18:09:12,43.3602333068848,-8.8411922454834,"Unknown"
"7014852",371861,2025-07-21 18:14:12,43.3603477478027,-8.84160614013672,"Unknown"
"7014852",371861,2025-07-21 18:19:12,43.3603363037109,-8.84131813049316,"Unknown"
"7014852",371861,2025-07-21 18:24:11,43.3603019714355,-8.84108829498291,"Unknown"
"7014852",371861,2025-07-21 18:29:35,43.3603591918945,-8.84140014648438,"Unknown"
"7014852",371861,2025-07-21 18:34:10,43.3603553771973,-8.84133625030518,"Unknown"
"7014852",371861,2025-07-21 18:39:10,43.3608818054199,-8.84122562408447,"Unknown"
"7014852",371861,2025-07-21 18:44:13,43.3617858886719,-8.83962917327881,"Unknown"
"7014852",371861,2025-07-21 18:49:11,43.3604011535645,-8.84152793884277,"Unknown"
"7014852",371861,2025-07-21 18:54:19,43.3603973388672,-8.84142875671387,"Unknown"
"7014852",371861,2025-07-21 19:00:34,43.3598785400391,-8.84616184234619,"Unknown"
"7014852",371861,2025-07-21 19:05:02,43.3645935058594,-8.84189319610596,"Unknown"
"7014852",371861,2025-07-21 19:09:14,43.3603363037109,-8.84152030944824,"Unknown"
"7014852",371861,2025-07-21 19:14:14,43.3601837158203,-8.84155178070068,"Unknown"
"7014852",371861,2025-07-21 19:19:18,43.3603210449219,-8.84132480621338,"Unknown"
"7014852",371861,2025-07-21 19:24:11,43.360408782959,-8.84139823913574,"Unknown"
"7014852",371861,2025-07-21 19:29:16,43.3603782653809,-8.84143257141113,"Unknown"
"7014852",371861,2025-07-21 19:34:12,43.3604278564453,-8.8415060043335,"Unknown"
"7014852",371861,2025-07-21 19:39:12,43.3604049682617,-8.84174823760986,"Unknown"
"7014852",371861,2025-07-21 19:44:14,43.3602485656738,-8.84133529663086,"Unknown"
"7014852",371861,2025-07-21 19:49:35,43.3603897094727,-8.8414306640625,"Unknown"
"7014852",371861,2025-07-21 19:54:11,43.3603935241699,-8.84143352508545,"Unknown"
"7014852",371861,2025-07-21 19:59:10,43.3603935241699,-8.84148120880127,"Unknown"
"7014852",371861,2025-07-21 20:04:12,43.360408782959,-8.84147357940674,"Unknown"
"7014852",371861,2025-07-21 20:09:36,43.3603439331055,-8.84134387969971,"Unknown"
"7014852",371861,2025-07-21 20:14:20,43.3603134155273,-8.84138870239258,"Unknown"
"7014852",371861,2025-07-21 20:19:10,43.3603439331055,-8.84129333496094,"Unknown"
"7014852",371861,2025-07-21 20:24:11,43.3603286743164,-8.84131145477295,"Unknown"
"7014852",371861,2025-07-21 20:29:10,43.3602905273438,-8.84137344360352,"Unknown"
"7014852",371861,2025-07-21 20:34:10,43.3603019714355,-8.84138011932373,"Unknown"
"7014852",371861,2025-07-21 20:39:10,43.3603096008301,-8.8413200378418,"Unknown"
"7014852",371861,2025-07-21 20:44:10,43.3603248596191,-8.8413257598877,"Unknown"
"7014852",371861,2025-07-21 20:49:10,43.3602333068848,-8.84137439727783,"Unknown"
"7014852",371861,2025-07-21 20:53:25,43.3602867126465,-8.84128379821777,"Unknown"
"7014852",371861,2025-07-22 01:53:46,43.3603439331055,-8.8413782119751,"Unknown"
"7014852",371861,2025-07-22 05:31:33,43.2517242431641,-8.99619197845459,"Unknown"
"7014852",371861,2025-07-22 05:35:09,43.239200592041,-9.01494884490967,"Unknown"
"7014852",371861,2025-07-22 05:40:09,43.2298469543457,-9.04116630554199,"Unknown"
"7014852",371861,2025-07-22 05:45:09,43.216854095459,-9.06279563903809,"Unknown"
"7014852",371861,2025-07-22 05:50:09,43.2017631530762,-9.07907676696777,"Unknown"
"7014852",371861,2025-07-22 05:55:09,43.1849327087402,-9.09157085418701,"Unknown"
"7014852",371861,2025-07-22 06:00:09,43.1848487854004,-9.09140968322754,"Unknown"
"7014852",371861,2025-07-22 06:05:10,43.1840667724609,-9.09196186065674,"Unknown"
"7014852",371861,2025-07-22 06:10:10,43.1845932006836,-9.09107398986816,"Unknown"
"7014852",371861,2025-07-22 06:15:35,43.1848220825195,-9.09170722961426,"Unknown"
"7014852",371861,2025-07-22 06:20:10,43.1845359802246,-9.09159564971924,"Unknown"
"7014852",371861,2025-07-22 06:25:09,43.1836318969727,-9.09272193908691,"Unknown"
"7014852",371861,2025-07-22 06:30:30,43.183048248291,-9.09191131591797,"Unknown"
"7014852",371861,2025-07-22 06:35:09,43.1825714111328,-9.09176826477051,"Unknown"
"7014852",371861,2025-07-22 06:40:09,43.1823387145996,-9.0925121307373,"Unknown"
"7014852",371861,2025-07-22 06:45:10,43.1822319030762,-9.09252071380615,"Unknown"
"7014852",371861,2025-07-22 06:50:09,43.1818351745605,-9.09224224090576,"Unknown"
"7014852",371861,2025-07-22 06:55:09,43.1835784912109,-9.09278774261475,"Unknown"
"7014852",371861,2025-07-22 07:00:17,43.1825180053711,-9.09233379364014,"Unknown"
"7014852",371861,2025-07-22 07:05:11,43.1825485229492,-9.09259605407715,"Unknown"
"7014852",371861,2025-07-22 07:10:10,43.182975769043,-9.09163188934326,"Unknown"
"7014852",371861,2025-07-22 07:15:11,43.1807403564453,-9.09162712097168,"Unknown"
"7014852",371861,2025-07-22 07:20:11,43.186408996582,-9.09290599822998,"Unknown"
"7014852",371861,2025-07-22 07:25:14,43.1830673217773,-9.09260272979736,"Unknown"
"7014852",371861,2025-07-22 07:30:36,43.1831130981445,-9.09248065948486,"Unknown"
"7014852",371861,2025-07-22 07:35:16,43.1826286315918,-9.09225940704346,"Unknown"
"7014852",371861,2025-07-22 07:40:20,43.1830558776855,-9.09263896942139,"Unknown"
"7014852",371861,2025-07-22 07:45:13,43.1830596923828,-9.09269714355469,"Unknown"
"7014852",371861,2025-07-22 07:50:17,43.1832809448242,-9.09181785583496,"Unknown"
"7014852",371861,2025-07-22 07:55:11,43.1937484741211,-9.06974124908447,"Unknown"
"7014852",371861,2025-07-22 08:00:27,43.1940231323242,-9.04244041442871,"Unknown"
"7014852",371861,2025-07-22 08:05:34,43.1945724487305,-9.04227447509766,"Unknown"
"7014852",371861,2025-07-22 08:10:10,43.1946868896484,-9.04225158691406,"Unknown"
"7014852",371861,2025-07-22 08:15:11,43.1947708129883,-9.04215335845947,"Unknown"
"7014852",371861,2025-07-22 08:20:10,43.194091796875,-9.04259777069092,"Unknown"
"7014852",371861,2025-07-22 08:25:10,43.1941108703613,-9.04259872436523,"Unknown"
"7014852",371861,2025-07-22 08:30:10,43.1922492980957,-9.0452938079834,"Unknown"
"7014852",371861,2025-07-22 08:35:10,43.1922225952148,-9.04522132873535,"Unknown"
"7014852",371861,2025-07-22 08:40:10,43.1920051574707,-9.04538536071777,"Unknown"
"7014852",371861,2025-07-22 08:45:12,43.1918411254883,-9.04570579528809,"Unknown"
"7014852",371861,2025-07-22 08:50:10,43.1917953491211,-9.04588031768799,"Unknown"
"7014852",371861,2025-07-22 08:55:11,43.1917724609375,-9.04582595825195,"Unknown"
"7014852",371861,2025-07-22 09:00:10,43.1886558532715,-9.05026435852051,"Unknown"
"7014852",371861,2025-07-22 09:05:08,43.1849632263184,-9.0810661315918,"Unknown"
"7014852",371861,2025-07-22 09:10:08,43.1836967468262,-9.09303665161133,"Unknown"
"7014852",371861,2025-07-22 09:15:12,43.184326171875,-9.09240818023682,"Unknown"
"7014852",371861,2025-07-22 09:20:14,43.1844024658203,-9.09275054931641,"Unknown"
"7014852",371861,2025-07-22 09:25:09,43.1832122802734,-9.09303760528564,"Unknown"
"7014852",371861,2025-07-22 09:30:12,43.1833419799805,-9.09337997436523,"Unknown"
"7014852",371861,2025-07-22 09:35:11,43.1831130981445,-9.09258651733398,"Unknown"
"7014852",371861,2025-07-22 09:40:08,43.1830940246582,-9.09254837036133,"Unknown"
"7014852",371861,2025-07-22 09:45:10,43.1827354431152,-9.09218978881836,"Unknown"
"7014852",371861,2025-07-22 09:50:08,43.1828308105469,-9.09245014190674,"Unknown"
"7014852",371861,2025-07-22 09:55:09,43.1788673400879,-9.08929538726807,"Unknown"
"7014852",371861,2025-07-22 10:00:13,43.1818923950195,-9.09227085113525,"Unknown"
"7014852",371861,2025-07-22 10:05:09,43.1836776733398,-9.0923490524292,"Unknown"
"7014852",371861,2025-07-22 10:10:35,43.1827163696289,-9.09241104125977,"Unknown"
"7014852",371861,2025-07-22 10:15:08,43.1830024719238,-9.09255409240723,"Unknown"
"7014852",371861,2025-07-22 10:20:08,43.1846923828125,-9.08894729614258,"Unknown"
"7014852",371861,2025-07-22 10:25:08,43.2058868408203,-9.04603099822998,"Unknown"
"7014852",371861,2025-07-22 10:30:08,43.2299652099609,-9.01149272918701,"Unknown"
"7014852",371861,2025-07-22 10:35:08,43.2637977600098,-8.98712062835693,"Unknown"
"7014852",371861,2025-07-22 10:40:10,43.2786026000977,-8.98160076141357,"Unknown"
"7014852",371861,2025-07-22 10:45:19,43.3012771606445,-8.93637466430664,"Unknown"
"7014852",371861,2025-07-22 10:50:34,43.3205986022949,-8.89995002746582,"Unknown"
"7014852",371861,2025-07-22 10:55:08,43.3399391174316,-8.86342906951904,"Unknown"
"7014852",371861,2025-07-22 11:05:11,43.3607940673828,-8.84550094604492,"Unknown"
"7014852",371861,2025-07-22 11:10:10,43.3605346679688,-8.84141254425049,"Unknown"
"7014852",371861,2025-07-22 11:15:10,43.3600425720215,-8.84164428710938,"Unknown"
"7014852",371861,2025-07-22 11:20:15,43.3603324890137,-8.84136486053467,"Unknown"
"7014852",371861,2025-07-22 11:26:33,43.3604736328125,-8.84398937225342,"Unknown"
"7014852",371861,2025-07-22 11:30:12,43.3603363037109,-8.84134101867676,"Unknown"
"7014852",371861,2025-07-22 11:35:11,43.3603782653809,-8.84126853942871,"Unknown"
"7014852",371861,2025-07-22 11:40:12,43.3603324890137,-8.84133529663086,"Unknown"
"7014852",371861,2025-07-22 11:45:09,43.3601531982422,-8.84144496917725,"Unknown"
"7014852",371861,2025-07-22 11:50:27,43.3603515625,-8.84135913848877,"Unknown"
"7014852",371861,2025-07-22 11:55:08,43.3612670898438,-8.84028339385986,"Unknown"
"7014852",371861,2025-07-22 12:00:33,43.3603973388672,-8.84134578704834,"Unknown"
"7014852",371861,2025-07-22 12:05:11,43.3603630065918,-8.84130668640137,"Unknown"
"7014852",371861,2025-07-22 12:10:08,43.3604011535645,-8.84145355224609,"Unknown"
"7014852",371861,2025-07-22 12:15:08,43.360408782959,-8.84140872955322,"Unknown"
"7014852",371861,2025-07-22 12:20:12,43.3603439331055,-8.84134674072266,"Unknown"
"7014852",371861,2025-07-22 12:25:08,43.3603172302246,-8.84137535095215,"Unknown"
"7014852",371861,2025-07-22 12:30:09,43.3603858947754,-8.84140872955322,"Unknown"
"7014852",371861,2025-07-22 12:35:09,43.3603668212891,-8.84136199951172,"Unknown"
"7014852",371861,2025-07-22 12:40:12,43.3604011535645,-8.84139060974121,"Unknown"
"7014852",371861,2025-07-22 12:45:09,43.3603401184082,-8.84139347076416,"Unknown"
"7014852",371861,2025-07-22 12:50:09,43.3604049682617,-8.84145832061768,"Unknown"
"7014852",371861,2025-07-22 12:55:20,43.360538482666,-8.84410190582275,"Unknown"
"7014852",371861,2025-07-22 13:00:11,43.3603897094727,-8.84152984619141,"Unknown"
"7014852",371861,2025-07-22 13:05:10,43.3603515625,-8.84138679504395,"Unknown"
"7014852",371861,2025-07-22 13:10:12,43.3603706359863,-8.84138011932373,"Unknown"
"7014852",371861,2025-07-22 13:15:11,43.3604393005371,-8.8415641784668,"Unknown"
"7014852",371861,2025-07-22 13:20:10,43.3603897094727,-8.84143161773682,"Unknown"
"7014852",371861,2025-07-22 13:25:20,43.3604125976562,-8.84144020080566,"Unknown"
"7014852",371861,2025-07-22 13:30:42,43.3603935241699,-8.84137344360352,"Unknown"
"7014852",371861,2025-07-22 13:35:35,43.3603706359863,-8.8413610458374,"Unknown"
"7014852",371861,2025-07-22 13:40:09,43.3603897094727,-8.84139823913574,"Unknown"
"7014852",371861,2025-07-22 13:45:09,43.3603935241699,-8.84142303466797,"Unknown"
"7014852",371861,2025-07-22 13:50:09,43.3603820800781,-8.84139156341553,"Unknown"
"7014852",371861,2025-07-22 13:55:10,43.3603439331055,-8.84131240844727,"Unknown"
"7014852",371861,2025-07-22 14:00:09,43.3603210449219,-8.8412971496582,"Unknown"
"7014852",371861,2025-07-22 14:05:09,43.3603134155273,-8.84131622314453,"Unknown"
"7014852",371861,2025-07-22 14:10:59,43.3610153198242,-8.84436225891113,"Unknown"
"7014852",371861,2025-07-22 14:15:12,43.360969543457,-8.84368705749512,"Unknown"
"7014852",371861,2025-07-22 14:20:09,43.3603935241699,-8.84131717681885,"Unknown"
"7014852",371861,2025-07-22 14:25:09,43.3604354858398,-8.84134483337402,"Unknown"
"7014852",371861,2025-07-22 14:30:09,43.3604278564453,-8.84128284454346,"Unknown"
"7014852",371861,2025-07-22 14:35:09,43.3603591918945,-8.84140682220459,"Unknown"
"7014852",371861,2025-07-22 14:40:09,43.3603324890137,-8.84139156341553,"Unknown"
"7014852",371861,2025-07-22 14:45:13,43.3604888916016,-8.84153079986572,"Unknown"
"7014852",371861,2025-07-22 14:50:09,43.3603744506836,-8.84142589569092,"Unknown"
"7014852",371861,2025-07-22 14:55:14,43.3603096008301,-8.84130096435547,"Unknown"
"7014852",371861,2025-07-22 15:00:11,43.3603973388672,-8.84148406982422,"Unknown"
"7014852",371861,2025-07-22 15:05:09,43.3603897094727,-8.84139919281006,"Unknown"
"7014852",371861,2025-07-22 15:10:09,43.3603973388672,-8.84145069122314,"Unknown"
"7014852",371861,2025-07-22 15:15:09,43.3604049682617,-8.84138298034668,"Unknown"
"7014852",371861,2025-07-22 15:20:17,43.3604354858398,-8.84140968322754,"Unknown"
"7014852",371861,2025-07-22 15:25:35,43.360408782959,-8.84140682220459,"Unknown"
"7014852",371861,2025-07-22 15:30:10,43.3603439331055,-8.84140014648438,"Unknown"
"7014852",371861,2025-07-22 15:35:09,43.3604011535645,-8.84142684936523,"Unknown"
"7014852",371861,2025-07-22 15:40:09,43.3604049682617,-8.84129810333252,"Unknown"
"7014852",371861,2025-07-22 15:45:09,43.3604202270508,-8.84139537811279,"Unknown"
"7014852",371861,2025-07-22 15:50:09,43.3604125976562,-8.84140205383301,"Unknown"
"7014852",371861,2025-07-22 15:55:09,43.3603553771973,-8.84139823913574,"Unknown"
"7014852",371861,2025-07-22 16:00:09,43.3604125976562,-8.84132385253906,"Unknown"
"7014852",371861,2025-07-22 16:05:09,43.3603439331055,-8.84138202667236,"Unknown"
"7014852",371861,2025-07-22 16:10:09,43.3604621887207,-8.84149360656738,"Unknown"
"7014852",371861,2025-07-22 16:15:11,43.360481262207,-8.84149360656738,"Unknown"
"7014852",371861,2025-07-22 16:20:09,43.3604393005371,-8.84140300750732,"Unknown"
"7014852",371861,2025-07-22 16:25:10,43.3604011535645,-8.8414192199707,"Unknown"
"7014852",371861,2025-07-22 16:30:09,43.3604278564453,-8.84146785736084,"Unknown"
"7014852",371861,2025-07-22 16:35:10,43.3603210449219,-8.84135627746582,"Unknown"
"7014852",371861,2025-07-22 16:40:17,43.360424041748,-8.84146881103516,"Unknown"
"7014852",371861,2025-07-22 16:45:20,43.3603706359863,-8.84149265289307,"Unknown"
"7014852",371861,2025-07-22 16:50:09,43.3604507446289,-8.84141826629639,"Unknown"
"7014852",371861,2025-07-22 16:55:11,43.360466003418,-8.84154319763184,"Unknown"
"7014852",371861,2025-07-22 17:00:11,43.3605194091797,-8.84184455871582,"Unknown"
"7014852",371861,2025-07-22 17:05:19,43.3602714538574,-8.84141635894775,"Unknown"
"7014852",371861,2025-07-22 17:10:11,43.3602714538574,-8.84134483337402,"Unknown"
"7014852",371861,2025-07-22 17:15:20,43.3604125976562,-8.84128475189209,"Unknown"
"7014852",371861,2025-07-22 17:20:10,43.3600997924805,-8.84108829498291,"Unknown"
"7014852",371861,2025-07-22 17:25:19,43.3603057861328,-8.84136199951172,"Unknown"
"7014852",371861,2025-07-22 17:30:11,43.3606796264648,-8.84161376953125,"Unknown"
"7014852",371861,2025-07-22 17:35:35,43.3605422973633,-8.8413200378418,"Unknown"
"7014852",371861,2025-07-22 17:40:14,43.3604583740234,-8.84125995635986,"Unknown"
"7014852",371861,2025-07-22 17:45:14,43.3605346679688,-8.84118175506592,"Unknown"
"7014852",371861,2025-07-22 17:50:13,43.3605270385742,-8.841233253479,"Unknown"
"7014852",371861,2025-07-22 17:55:19,43.3605194091797,-8.84135150909424,"Unknown"
"7014852",371861,2025-07-22 18:00:37,43.3605194091797,-8.84136486053467,"Unknown"
"7014852",371861,2025-07-22 18:05:19,43.3604774475098,-8.84146118164062,"Unknown"
"7014852",371861,2025-07-22 18:10:19,43.3603324890137,-8.84143829345703,"Unknown"
"7014852",371861,2025-07-22 18:15:16,43.360294342041,-8.84140491485596,"Unknown"
"7014852",371861,2025-07-22 18:20:16,43.3603134155273,-8.84134292602539,"Unknown"
"7014852",371861,2025-07-22 18:25:14,43.3603286743164,-8.84139919281006,"Unknown"
"7014852",371861,2025-07-22 18:30:14,43.3603630065918,-8.84136199951172,"Unknown"
"7014852",371861,2025-07-22 18:35:19,43.3604698181152,-8.84145355224609,"Unknown"
"7014852",371861,2025-07-22 18:40:19,43.3603744506836,-8.84140682220459,"Unknown"
"7014852",371861,2025-07-22 18:45:35,43.3603553771973,-8.84136390686035,"Unknown"
"7014852",371861,2025-07-22 18:50:09,43.3604545593262,-8.84142780303955,"Unknown"
"7014852",371861,2025-07-22 18:55:10,43.3604278564453,-8.8414363861084,"Unknown"
"7014852",371861,2025-07-22 19:00:12,43.3603591918945,-8.8413200378418,"Unknown"
"7014852",371861,2025-07-22 19:05:09,43.3603706359863,-8.84136581420898,"Unknown"
"7014852",371861,2025-07-22 19:10:13,43.3603820800781,-8.84141445159912,"Unknown"
"7014852",371861,2025-07-22 19:15:10,43.3603401184082,-8.84135723114014,"Unknown"
"7014852",371861,2025-07-22 19:20:09,43.360523223877,-8.84129905700684,"Unknown"
"7014852",371861,2025-07-22 19:25:10,43.3602256774902,-8.84125137329102,"Unknown"
"7014852",371861,2025-07-22 19:30:09,43.3604507446289,-8.84143543243408,"Unknown"
"7014852",371861,2025-07-22 19:35:09,43.3604850769043,-8.84160423278809,"Unknown"
"7014852",371861,2025-07-22 19:40:13,43.3603935241699,-8.84147548675537,"Unknown"
"7014852",371861,2025-07-22 19:45:10,43.3604316711426,-8.84142780303955,"Unknown"
"7014852",371861,2025-07-22 19:50:14,43.3603897094727,-8.84140586853027,"Unknown"
"7014852",371861,2025-07-22 19:55:10,43.3602752685547,-8.84116744995117,"Unknown"
"7014852",371861,2025-07-22 20:00:12,43.3604316711426,-8.84146022796631,"Unknown"
"7014852",371861,2025-07-22 20:05:11,43.3602066040039,-8.84099769592285,"Unknown"
"7014852",371861,2025-07-22 20:10:12,43.360424041748,-8.84149169921875,"Unknown"
"7014852",371861,2025-07-22 20:15:14,43.3603286743164,-8.84119606018066,"Unknown"
"7014852",371861,2025-07-22 20:20:11,43.3603401184082,-8.84135055541992,"Unknown"
"7014852",371861,2025-07-22 20:25:19,43.3603477478027,-8.84115791320801,"Unknown"
"7014852",371861,2025-07-22 20:30:11,43.3603057861328,-8.84109783172607,"Unknown"
"7014852",371861,2025-07-22 20:35:35,43.3603591918945,-8.84131908416748,"Unknown"
"7014852",371861,2025-07-22 20:40:10,43.3603591918945,-8.84134960174561,"Unknown"
"7014852",371861,2025-07-22 20:45:09,43.3603515625,-8.8413610458374,"Unknown"
"7014852",371861,2025-07-22 20:50:09,43.3603630065918,-8.84131526947021,"Unknown"
"7014852",371861,2025-07-22 20:52:23,43.3603897094727,-8.84143924713135,"Unknown"
"7014852",371861,2025-07-23 01:53:00,43.360408782959,-8.84142971038818,"Unknown"
"7014852",371861,2025-07-23 05:21:50,43.3601341247559,-8.84107208251953,"Unknown"
"7014852",371861,2025-07-23 05:26:10,43.3604736328125,-8.84147071838379,"Unknown"
"7014852",371861,2025-07-23 05:31:34,43.3603744506836,-8.84137153625488,"Unknown"
"7014852",371861,2025-07-23 05:36:06,43.3603858947754,-8.84134387969971,"Unknown"
"7014852",371861,2025-07-23 05:41:06,43.3602981567383,-8.84139442443848,"Unknown"
"7014852",371861,2025-07-23 05:46:12,43.3604393005371,-8.84153461456299,"Unknown"
"7014852",371861,2025-07-23 05:51:06,43.3604125976562,-8.84150314331055,"Unknown"
"7014852",371861,2025-07-23 05:56:08,43.3604125976562,-8.84150123596191,"Unknown"
"7014852",371861,2025-07-23 06:01:17,43.3607902526855,-8.84142017364502,"Unknown"
"7014852",371861,2025-07-23 06:06:08,43.3608512878418,-8.84144306182861,"Unknown"
"7014852",371861,2025-07-23 06:11:10,43.3607063293457,-8.84130001068115,"Unknown"
"7014852",371861,2025-07-23 06:16:08,43.3605575561523,-8.8413724899292,"Unknown"
"7014852",371861,2025-07-23 06:21:16,43.3605041503906,-8.84126377105713,"Unknown"
"7014852",371861,2025-07-23 06:26:35,43.3604965209961,-8.84134101867676,"Unknown"
"7014852",371861,2025-07-23 06:31:07,43.3604583740234,-8.84131240844727,"Unknown"
"7014852",371861,2025-07-23 06:36:07,43.360466003418,-8.84134197235107,"Unknown"
"7014852",371861,2025-07-23 06:41:17,43.3605270385742,-8.84135150909424,"Unknown"
"7014852",371861,2025-07-23 06:46:07,43.3605728149414,-8.84130954742432,"Unknown"
"7014852",371861,2025-07-23 06:51:06,43.3606643676758,-8.84140491485596,"Unknown"
"7014852",371861,2025-07-23 06:56:07,43.3605422973633,-8.84134387969971,"Unknown"
"7014852",371861,2025-07-23 07:01:07,43.3605499267578,-8.84139537811279,"Unknown"
"7014852",371861,2025-07-23 07:06:07,43.3605117797852,-8.84138870239258,"Unknown"
"7014852",371861,2025-07-23 07:11:06,43.3604965209961,-8.84135913848877,"Unknown"
"7014852",371861,2025-07-23 07:16:08,43.360466003418,-8.84100151062012,"Unknown"
"7014852",371861,2025-07-23 07:21:07,43.3604431152344,-8.84125328063965,"Unknown"
"7014852",371861,2025-07-23 07:26:07,43.3605308532715,-8.84140586853027,"Unknown"
"7014852",371861,2025-07-23 07:31:12,43.3605995178223,-8.84137535095215,"Unknown"
"7014852",371861,2025-07-23 07:36:12,43.3604507446289,-8.84151554107666,"Unknown"
"7014852",371861,2025-07-23 07:41:10,43.3603477478027,-8.84141731262207,"Unknown"
"7014852",371861,2025-07-23 07:46:09,43.3603057861328,-8.84093475341797,"Unknown"
"7014852",371861,2025-07-23 07:51:21,43.3604507446289,-8.84140014648438,"Unknown"
"7014852",371861,2025-07-23 07:56:09,43.3603820800781,-8.84131145477295,"Unknown"
"7014852",371861,2025-07-23 08:01:06,43.3602752685547,-8.84102630615234,"Unknown"
"7014852",371861,2025-07-23 08:06:10,43.3603172302246,-8.84142971038818,"Unknown"
"7014852",371861,2025-07-23 08:11:16,43.3603324890137,-8.84148120880127,"Unknown"
"7014852",371861,2025-07-23 08:16:09,43.360595703125,-8.84146308898926,"Unknown"
"7014852",371861,2025-07-23 08:21:08,43.3603286743164,-8.84152889251709,"Unknown"
"7014852",371861,2025-07-23 08:26:35,43.3603172302246,-8.84138011932373,"Unknown"
"7014852",371861,2025-07-23 08:31:07,43.3604927062988,-8.84136199951172,"Unknown"
"7014852",371861,2025-07-23 08:36:07,43.3605041503906,-8.84136295318604,"Unknown"
"7014852",371861,2025-07-23 08:41:07,43.3603973388672,-8.84133529663086,"Unknown"
"7014852",371861,2025-07-23 08:46:07,43.3605346679688,-8.84125900268555,"Unknown"
"7014852",371861,2025-07-23 08:51:06,43.3605499267578,-8.84133338928223,"Unknown"
"7014852",371861,2025-07-23 08:56:06,43.3600997924805,-8.84161472320557,"Unknown"
"7014852",371861,2025-07-23 09:01:07,43.3603057861328,-8.8484935760498,"Unknown"
"7014852",371861,2025-07-23 09:06:06,43.3254661560059,-8.85250473022461,"Unknown"
"7014852",371861,2025-07-23 09:11:06,43.3279266357422,-8.85189342498779,"Unknown"
"7014852",371861,2025-07-23 09:16:06,43.3271636962891,-8.85398101806641,"Unknown"
"7014852",371861,2025-07-23 09:21:06,43.3278923034668,-8.85074710845947,"Unknown"
"7014852",371861,2025-07-23 09:26:06,43.3184204101562,-8.8556957244873,"Unknown"
"7014852",371861,2025-07-23 09:31:07,43.3142280578613,-8.85712051391602,"Unknown"
"7014852",371861,2025-07-23 09:36:06,43.3165893554688,-8.86021709442139,"Unknown"
"7014852",371861,2025-07-23 09:41:06,43.3332252502441,-8.84647655487061,"Unknown"
"7014852",371861,2025-07-23 09:46:08,43.3468322753906,-8.83872127532959,"Unknown"
"7014852",371861,2025-07-23 09:51:08,43.3604888916016,-8.84158897399902,"Unknown"
"7014852",371861,2025-07-23 09:56:08,43.3604736328125,-8.84159564971924,"Unknown"
"7014852",371861,2025-07-23 10:01:06,43.3603172302246,-8.84112071990967,"Unknown"
"7014852",371861,2025-07-23 10:06:08,43.3604698181152,-8.84150314331055,"Unknown"
"7014852",371861,2025-07-23 10:11:09,43.360294342041,-8.84096431732178,"Unknown"
"7014852",371861,2025-07-23 10:16:08,43.3603515625,-8.84115695953369,"Unknown"
"7014852",371861,2025-07-23 10:21:12,43.3605613708496,-8.84150791168213,"Unknown"
"7014852",371861,2025-07-23 10:26:07,43.3604393005371,-8.84124088287354,"Unknown"
"7014852",371861,2025-07-23 10:31:08,43.3603248596191,-8.84123802185059,"Unknown"
"7014852",371861,2025-07-23 10:36:09,43.3602447509766,-8.84127140045166,"Unknown"
"7014852",371861,2025-07-23 10:41:25,43.3605308532715,-8.84128189086914,"Unknown"
"7014852",371861,2025-07-23 10:46:08,43.360538482666,-8.84140205383301,"Unknown"
"7014852",371861,2025-07-23 10:51:18,43.3603744506836,-8.84139728546143,"Unknown"
"7014852",371861,2025-07-23 10:56:35,43.3603897094727,-8.84135723114014,"Unknown"
"7014852",371861,2025-07-23 11:01:08,43.3601531982422,-8.84151840209961,"Unknown"
"7014852",371861,2025-07-23 11:06:13,43.3603858947754,-8.84138011932373,"Unknown"
"7014852",371861,2025-07-23 11:11:06,43.360279083252,-8.84148216247559,"Unknown"
"7014852",371861,2025-07-23 11:16:07,43.3602485656738,-8.84136390686035,"Unknown"
"7014852",371861,2025-07-23 11:21:07,43.360107421875,-8.8414192199707,"Unknown"
"7014852",371861,2025-07-23 11:26:09,43.3603286743164,-8.84139251708984,"Unknown"
"7014852",371861,2025-07-23 11:31:06,43.3604583740234,-8.84136486053467,"Unknown"
"7014852",371861,2025-07-23 11:36:16,43.360408782959,-8.84139728546143,"Unknown"
"7014852",371861,2025-07-23 11:41:06,43.360424041748,-8.84133434295654,"Unknown"
"7014852",371861,2025-07-23 11:46:06,43.3603019714355,-8.84140205383301,"Unknown"
"7014852",371861,2025-07-23 11:51:07,43.3603782653809,-8.84134960174561,"Unknown"
"7014852",371861,2025-07-23 11:56:06,43.3603820800781,-8.84141540527344,"Unknown"
"7014852",371861,2025-07-23 12:01:34,43.3603668212891,-8.8413610458374,"Unknown"
"7014852",371861,2025-07-23 12:06:06,43.3604927062988,-8.84133625030518,"Unknown"
"7014852",371861,2025-07-23 12:11:06,43.3603820800781,-8.84143924713135,"Unknown"
"7014852",371861,2025-07-23 12:16:07,43.3602180480957,-8.84126949310303,"Unknown"
"7014852",371861,2025-07-23 12:21:06,43.3603019714355,-8.84139823913574,"Unknown"
"7014852",371861,2025-07-23 12:26:06,43.3603324890137,-8.84134674072266,"Unknown"
"7014852",371861,2025-07-23 12:31:07,43.360237121582,-8.84126663208008,"Unknown"
"7014852",371861,2025-07-23 12:36:06,43.3606414794922,-8.84136199951172,"Unknown"
"7014852",371861,2025-07-23 12:41:06,43.3605003356934,-8.84138107299805,"Unknown"
"7014852",371861,2025-07-23 12:46:07,43.3605155944824,-8.8413028717041,"Unknown"
"7014852",371861,2025-07-23 12:51:06,43.3604927062988,-8.84132194519043,"Unknown"
"7014852",371861,2025-07-23 12:56:06,43.3604927062988,-8.84133434295654,"Unknown"
"7014852",371861,2025-07-23 13:01:08,43.3605308532715,-8.84140682220459,"Unknown"
"7014852",371861,2025-07-23 13:06:09,43.3605499267578,-8.84137916564941,"Unknown"
"7014852",371861,2025-07-23 13:11:08,43.3605270385742,-8.8414134979248,"Unknown"
"7014852",371861,2025-07-23 13:16:08,43.3604850769043,-8.84144496917725,"Unknown"
"7014852",371861,2025-07-23 13:21:08,43.3605537414551,-8.84137916564941,"Unknown"
"7014852",371861,2025-07-23 13:26:09,43.3603897094727,-8.84127616882324,"Unknown"
"7014852",371861,2025-07-23 13:31:06,43.3606071472168,-8.84133148193359,"Unknown"
"7014852",371861,2025-07-23 13:36:11,43.3605804443359,-8.84144496917725,"Unknown"
"7014852",371861,2025-07-23 13:41:10,43.3603019714355,-8.84118938446045,"Unknown"
"7014852",371861,2025-07-23 13:46:09,43.3602066040039,-8.84128665924072,"Unknown"
"7014852",371861,2025-07-23 13:51:11,43.3605766296387,-8.84142589569092,"Unknown"
"7014852",371861,2025-07-23 13:56:11,43.3615264892578,-8.84239196777344,"Unknown"
"7014852",371861,2025-07-23 14:01:35,43.3605270385742,-8.84131526947021,"Unknown"
"7014852",371861,2025-07-23 14:06:07,43.3605155944824,-8.84135055541992,"Unknown"
"7014852",371861,2025-07-23 14:11:08,43.360466003418,-8.84132385253906,"Unknown"
"7014852",371861,2025-07-23 14:16:07,43.360523223877,-8.84130477905273,"Unknown"
"7014852",371861,2025-07-23 14:21:08,43.3603591918945,-8.8409948348999,"Unknown"
"7014852",371861,2025-07-23 14:26:08,43.3605308532715,-8.84132862091064,"Unknown"
"7014852",371861,2025-07-23 14:31:13,43.360523223877,-8.84142780303955,"Unknown"
"7014852",371861,2025-07-23 14:36:07,43.3605079650879,-8.84143257141113,"Unknown"
"7014852",371861,2025-07-23 14:41:07,43.3605308532715,-8.84134960174561,"Unknown"
"7014852",371861,2025-07-23 14:46:09,43.3604850769043,-8.84124755859375,"Unknown"
"7014852",371861,2025-07-23 14:51:07,43.3607749938965,-8.84159183502197,"Unknown"
"7014852",371861,2025-07-23 14:56:07,43.360538482666,-8.84134864807129,"Unknown"
"7014852",371861,2025-07-23 15:01:07,43.3605308532715,-8.84134006500244,"Unknown"
"7014852",371861,2025-07-23 15:06:08,43.3605575561523,-8.84131526947021,"Unknown"
"7014852",371861,2025-07-23 15:11:08,43.3605422973633,-8.84140014648438,"Unknown"
"7014852",371861,2025-07-23 15:16:07,43.3606109619141,-8.84247016906738,"Unknown"
"7014852",371861,2025-07-23 15:21:07,43.3606872558594,-8.84149360656738,"Unknown"
"7014852",371861,2025-07-23 15:26:07,43.3604316711426,-8.84140396118164,"Unknown"
"7014852",371861,2025-07-23 15:31:07,43.3606567382812,-8.84158039093018,"Unknown"
"7014852",371861,2025-07-23 15:36:11,43.3605499267578,-8.84129333496094,"Unknown"
"7014852",371861,2025-07-23 15:41:07,43.3605804443359,-8.84134578704834,"Unknown"
"7014852",371861,2025-07-23 15:46:07,43.3605194091797,-8.84128093719482,"Unknown"
"7014852",371861,2025-07-23 15:51:08,43.3606414794922,-8.84139060974121,"Unknown"
"7014852",371861,2025-07-23 15:56:07,43.360279083252,-8.84137725830078,"Unknown"
"7014852",371861,2025-07-23 16:01:08,43.3602752685547,-8.84144306182861,"Unknown"
"7014852",371861,2025-07-23 16:06:07,43.3603706359863,-8.84105968475342,"Unknown"
"7014852",371861,2025-07-23 16:11:19,43.3602447509766,-8.8412914276123,"Unknown"
"7014852",371861,2025-07-23 16:16:07,43.3684616088867,-8.83999252319336,"Unknown"
"7014852",371861,2025-07-23 16:21:26,43.3604354858398,-8.84152030944824,"Unknown"
"7014852",371861,2025-07-23 16:26:17,43.3604393005371,-8.84149742126465,"Unknown"
"7014852",371861,2025-07-23 16:31:10,43.3603973388672,-8.84158420562744,"Unknown"
"7014852",371861,2025-07-23 16:36:35,43.3607864379883,-8.84189414978027,"Unknown"
"7014852",371861,2025-07-23 16:41:07,43.3715209960938,-8.86294460296631,"Unknown"
"7014852",371861,2025-07-23 16:46:08,43.3918571472168,-8.87304019927979,"Unknown"
"7014852",371861,2025-07-23 16:51:08,43.4126739501953,-8.88565826416016,"Unknown"
"7014852",371861,2025-07-23 16:56:09,43.4326210021973,-8.89619255065918,"Unknown"
"7014852",371861,2025-07-23 17:01:07,43.4493713378906,-8.89523124694824,"Unknown"
"7014852",371861,2025-07-23 17:06:09,43.4645309448242,-8.89420700073242,"Unknown"
"7014852",371861,2025-07-23 17:11:09,43.472599029541,-8.9246940612793,"Unknown"
"7014852",371861,2025-07-23 17:16:08,43.4896659851074,-8.9517297744751,"Unknown"
"7014852",371861,2025-07-23 17:21:09,43.5094566345215,-8.96722412109375,"Unknown"
"7014852",371861,2025-07-23 17:26:20,43.5129508972168,-8.94666004180908,"Unknown"
"7014852",371861,2025-07-23 17:31:07,43.4978141784668,-8.93196201324463,"Unknown"
"7014852",371861,2025-07-23 17:36:10,43.4600868225098,-8.90918922424316,"Unknown"
"7014852",371861,2025-07-23 17:41:09,43.421688079834,-8.88511562347412,"Unknown"
"7014852",371861,2025-07-23 17:46:08,43.3801002502441,-8.86026477813721,"Unknown"
"7014852",371861,2025-07-23 17:51:08,43.3603668212891,-8.84155941009521,"Unknown"
"7014852",371861,2025-07-23 17:56:09,43.3602638244629,-8.84115600585938,"Unknown"
"7014852",371861,2025-07-23 18:01:10,43.3603439331055,-8.84141826629639,"Unknown"
"7014852",371861,2025-07-23 18:06:26,43.3603630065918,-8.84133625030518,"Unknown"
"7014852",371861,2025-07-23 18:11:10,43.3603057861328,-8.84124660491943,"Unknown"
"7014852",371861,2025-07-23 18:16:11,43.3602333068848,-8.84115123748779,"Unknown"
"7014852",371861,2025-07-23 18:21:35,43.3605422973633,-8.84128284454346,"Unknown"
"7014852",371861,2025-07-23 18:26:08,43.3604431152344,-8.84129524230957,"Unknown"
"7014852",371861,2025-07-23 18:31:07,43.3605766296387,-8.84126663208008,"Unknown"
"7014852",371861,2025-07-23 18:36:07,43.3605155944824,-8.84142208099365,"Unknown"
"7014852",371861,2025-07-23 18:41:16,43.3605499267578,-8.84134578704834,"Unknown"
"7014852",371861,2025-07-23 18:46:23,43.360523223877,-8.84136772155762,"Unknown"
"7014852",371861,2025-07-23 18:51:07,43.3605308532715,-8.84134197235107,"Unknown"
"7014852",371861,2025-07-23 18:56:14,43.3607749938965,-8.8416805267334,"Unknown"
"7014852",371861,2025-07-23 19:01:07,43.3605575561523,-8.84135723114014,"Unknown"
"7014852",371861,2025-07-23 19:06:20,43.3605422973633,-8.84131050109863,"Unknown"
"7014852",371861,2025-07-23 19:11:10,43.3604774475098,-8.84131050109863,"Unknown"
"7014852",371861,2025-07-23 19:16:09,43.3604507446289,-8.84129238128662,"Unknown"
"7014852",371861,2025-07-23 19:21:08,43.3603630065918,-8.84140491485596,"Unknown"
"7014852",371861,2025-07-23 19:26:26,43.3603591918945,-8.84130096435547,"Unknown"
"7014852",371861,2025-07-23 19:31:12,43.3602333068848,-8.84123229980469,"Unknown"
"7014852",371861,2025-07-23 19:36:33,43.3603363037109,-8.84133338928223,"Unknown"
"7014852",371861,2025-07-23 19:41:07,43.3602600097656,-8.84126758575439,"Unknown"
"7014852",371861,2025-07-23 19:46:07,43.3603401184082,-8.84129333496094,"Unknown"
"7014852",371861,2025-07-23 19:51:08,43.3603248596191,-8.84128856658936,"Unknown"
"7014852",371861,2025-07-23 19:56:07,43.3603553771973,-8.84133148193359,"Unknown"
"7014852",371861,2025-07-23 20:01:07,43.3603706359863,-8.84134197235107,"Unknown"
"7014852",371861,2025-07-23 20:06:07,43.3603973388672,-8.84136581420898,"Unknown"
"7014852",371861,2025-07-23 20:11:08,43.3603897094727,-8.84125232696533,"Unknown"
"7014852",371861,2025-07-23 20:16:07,43.3603553771973,-8.84140205383301,"Unknown"
"7014852",371861,2025-07-23 20:21:07,43.3603630065918,-8.8413028717041,"Unknown"
"7014852",371861,2025-07-23 20:26:07,43.3603973388672,-8.84132099151611,"Unknown"
"7014852",371861,2025-07-23 20:31:07,43.3603591918945,-8.84126377105713,"Unknown"
"7014852",371861,2025-07-23 20:36:10,43.3603782653809,-8.84130191802979,"Unknown"
"7014852",371861,2025-07-23 20:41:07,43.3604507446289,-8.84130477905273,"Unknown"
"7014852",371861,2025-07-23 20:46:06,43.3604965209961,-8.84134578704834,"Unknown"
"7014852",371861,2025-07-23 20:51:19,43.3603858947754,-8.84128475189209,"Unknown"
"7014852",371861,2025-07-24 01:51:54,43.3603477478027,-8.84146118164062,"Unknown"
"7014852",371861,2025-07-24 05:22:35,43.3603820800781,-8.84139156341553,"Unknown"
"7014852",371861,2025-07-24 05:27:04,43.3613891601562,-8.84341716766357,"Unknown"
"7014852",371861,2025-07-24 05:32:04,43.3655128479004,-8.851318359375,"Unknown"
"7014852",371861,2025-07-24 05:37:05,43.3672790527344,-8.86211776733398,"Unknown"
"7014852",371861,2025-07-24 05:42:04,43.3601837158203,-8.84142303466797,"Unknown"
"7014852",371861,2025-07-24 05:47:05,43.3608055114746,-8.84127140045166,"Unknown"
"7014852",371861,2025-07-24 05:52:04,43.3604927062988,-8.84143161773682,"Unknown"
"7014852",371861,2025-07-24 05:57:04,43.3605117797852,-8.84133625030518,"Unknown"
"7014852",371861,2025-07-24 06:02:05,43.3603668212891,-8.8413667678833,"Unknown"
"7014852",371861,2025-07-24 06:07:04,43.3602714538574,-8.84139060974121,"Unknown"
"7014852",371861,2025-07-24 06:12:04,43.3603820800781,-8.84122753143311,"Unknown"
"7014852",371861,2025-07-24 06:17:04,43.3601837158203,-8.84113025665283,"Unknown"
"7014852",371861,2025-07-24 06:22:05,43.3603057861328,-8.84124851226807,"Unknown"
"7014852",371861,2025-07-24 06:27:04,43.3603096008301,-8.84132194519043,"Unknown"
"7014852",371861,2025-07-24 06:32:06,43.357048034668,-8.83913993835449,"Unknown"
"7014852",371861,2025-07-24 06:37:05,43.3578071594238,-8.83791446685791,"Unknown"
"7014852",371861,2025-07-24 06:42:04,43.3573608398438,-8.83747863769531,"Unknown"
"7014852",371861,2025-07-24 06:47:05,43.3603401184082,-8.84129524230957,"Unknown"
"7014852",371861,2025-07-24 06:52:04,43.3602828979492,-8.84126377105713,"Unknown"
"7014852",371861,2025-07-24 06:57:05,43.3603248596191,-8.84120845794678,"Unknown"
"7014852",371861,2025-07-24 07:02:05,43.3603439331055,-8.84125232696533,"Unknown"
"7014852",371861,2025-07-24 07:07:10,43.3603210449219,-8.84123134613037,"Unknown"
"7014852",371861,2025-07-24 07:12:06,43.3603439331055,-8.8412504196167,"Unknown"
"7014852",371861,2025-07-24 07:17:06,43.3603477478027,-8.84128379821777,"Unknown"
"7014852",371861,2025-07-24 07:22:06,43.3603439331055,-8.84128379821777,"Unknown"
"7014852",371861,2025-07-24 07:27:05,43.3539085388184,-8.85028171539307,"Unknown"
"7014852",371861,2025-07-24 07:32:06,43.3216209411621,-8.86749458312988,"Unknown"
"7014852",371861,2025-07-24 07:37:05,43.3169174194336,-8.90533924102783,"Unknown"
"7014852",371861,2025-07-24 07:42:05,43.2872428894043,-8.96889972686768,"Unknown"
"7014852",371861,2025-07-24 07:47:04,43.2589340209961,-9.02950096130371,"Unknown"
"7014852",371861,2025-07-24 07:52:05,43.2396507263184,-9.09173965454102,"Unknown"
"7014852",371861,2025-07-24 07:57:18,43.2011337280273,-9.10262775421143,"Unknown"
"7014852",371861,2025-07-24 08:02:05,43.1842308044434,-9.09225273132324,"Unknown"
"7014852",371861,2025-07-24 08:08:20,43.1823501586914,-9.09307098388672,"Unknown"
"7014852",371861,2025-07-24 08:12:04,43.1823081970215,-9.09284591674805,"Unknown"
"7014852",371861,2025-07-24 08:17:18,43.1841316223145,-9.09235000610352,"Unknown"
"7014852",371861,2025-07-24 08:22:04,43.1836585998535,-9.09027481079102,"Unknown"
"7014852",371861,2025-07-24 08:27:05,43.1833572387695,-9.09137058258057,"Unknown"
"7014852",371861,2025-07-24 08:32:05,43.1834373474121,-9.09077167510986,"Unknown"
"7014852",371861,2025-07-24 08:37:04,43.1822738647461,-9.09257125854492,"Unknown"
"7014852",371861,2025-07-24 08:42:06,43.1856651306152,-9.10550117492676,"Unknown"
"7014852",371861,2025-07-24 08:47:06,43.1865921020508,-9.10569095611572,"Unknown"
"7014852",371861,2025-07-24 08:52:06,43.1866226196289,-9.10576152801514,"Unknown"
"7014852",371861,2025-07-24 08:57:05,43.1860237121582,-9.10526657104492,"Unknown"
"7014852",371861,2025-07-24 09:02:04,43.1859359741211,-9.10549926757812,"Unknown"
"7014852",371861,2025-07-24 09:07:07,43.1859245300293,-9.10591220855713,"Unknown"
"7014852",371861,2025-07-24 09:12:07,43.185962677002,-9.10592174530029,"Unknown"
"7014852",371861,2025-07-24 09:17:05,43.185962677002,-9.10585689544678,"Unknown"
"7014852",371861,2025-07-24 09:22:05,43.1865196228027,-9.10521411895752,"Unknown"
"7014852",371861,2025-07-24 09:27:05,43.1827545166016,-9.09220504760742,"Unknown"
"7014852",371861,2025-07-24 09:32:05,43.1829948425293,-9.09213829040527,"Unknown"
"7014852",371861,2025-07-24 09:37:06,43.1832275390625,-9.09238719940186,"Unknown"
"7014852",371861,2025-07-24 09:42:06,43.1834297180176,-9.09001541137695,"Unknown"
"7014852",371861,2025-07-24 09:47:07,43.1834411621094,-9.09004974365234,"Unknown"
"7014852",371861,2025-07-24 09:52:08,43.1827239990234,-9.09035301208496,"Unknown"
"7014852",371861,2025-07-24 09:57:10,43.1833992004395,-9.09217166900635,"Unknown"
"7014852",371861,2025-07-24 10:02:40,43.1840934753418,-9.09230518341064,"Unknown"
"7014852",371861,2025-07-24 10:07:05,43.1823539733887,-9.0919361114502,"Unknown"
"7014852",371861,2025-07-24 10:12:07,43.1821899414062,-9.09206676483154,"Unknown"
"7014852",371861,2025-07-24 10:17:05,43.183292388916,-9.09061145782471,"Unknown"
"7014852",371861,2025-07-24 10:22:05,43.1839828491211,-9.09300804138184,"Unknown"
"7014852",371861,2025-07-24 10:27:05,43.184268951416,-9.08834934234619,"Unknown"
"7014852",371861,2025-07-24 10:32:05,43.1849174499512,-9.06301403045654,"Unknown"
"7014852",371861,2025-07-24 10:37:06,43.1930465698242,-9.04243564605713,"Unknown"
"7014852",371861,2025-07-24 10:42:07,43.2112083435059,-9.0261344909668,"Unknown"
"7014852",371861,2025-07-24 10:47:05,43.2209358215332,-9.00717353820801,"Unknown"
"7014852",371861,2025-07-24 10:53:28,43.2412033081055,-9.00007343292236,"Unknown"
"7014852",371861,2025-07-24 10:58:28,43.2561950683594,-8.98810577392578,"Unknown"
"7014852",371861,2025-07-24 11:03:28,43.270580291748,-8.9843225479126,"Unknown"
"7014852",371861,2025-07-24 11:08:05,43.2823257446289,-8.97698974609375,"Unknown"
"7014852",371861,2025-07-24 11:12:05,43.2876396179199,-8.96001148223877,"Unknown"
"7014852",371861,2025-07-24 11:17:06,43.2893104553223,-8.93328189849854,"Unknown"
"7014852",371861,2025-07-24 11:22:05,43.2978248596191,-8.90893173217773,"Unknown"
"7014852",371861,2025-07-24 11:27:05,43.3207321166992,-8.90774440765381,"Unknown"
"7014852",371861,2025-07-24 11:32:06,43.3205528259277,-8.88027477264404,"Unknown"
"7014852",371861,2025-07-24 11:37:05,43.3145446777344,-8.85975456237793,"Unknown"
"7014852",371861,2025-07-24 11:42:05,43.3266792297363,-8.84861946105957,"Unknown"
"7014852",371861,2025-07-24 11:47:05,43.344108581543,-8.84263229370117,"Unknown"
"7014852",371861,2025-07-24 11:52:05,43.3535842895508,-8.83898830413818,"Unknown"
"7014852",371861,2025-07-24 11:57:05,43.3604850769043,-8.84143543243408,"Unknown"
"7014852",371861,2025-07-24 12:02:09,43.3602714538574,-8.84144687652588,"Unknown"
"7014852",371861,2025-07-24 12:07:05,43.3603477478027,-8.84144306182861,"Unknown"
"7014852",371861,2025-07-24 12:12:06,43.3604278564453,-8.8413724899292,"Unknown"
"7014852",371861,2025-07-24 12:17:07,43.360294342041,-8.84140300750732,"Unknown"
"7014852",371861,2025-07-24 12:22:25,43.3603553771973,-8.84137153625488,"Unknown"
"7014852",371861,2025-07-24 12:27:05,43.3603973388672,-8.84139823913574,"Unknown"
"7014852",371861,2025-07-24 12:32:06,43.3603668212891,-8.84139060974121,"Unknown"
"7014852",371861,2025-07-24 12:37:07,43.3603324890137,-8.84129428863525,"Unknown"
"7014852",371861,2025-07-24 12:42:10,43.3603820800781,-8.8413553237915,"Unknown"
"7014852",371861,2025-07-24 12:47:12,43.3603706359863,-8.84131240844727,"Unknown"
"7014852",371861,2025-07-24 12:52:10,43.3603515625,-8.84135627746582,"Unknown"
"7014852",371861,2025-07-24 12:57:35,43.3602561950684,-8.84123802185059,"Unknown"
"7014852",371861,2025-07-24 13:02:10,43.360481262207,-8.84143924713135,"Unknown"
"7014852",371861,2025-07-24 13:07:09,43.3605613708496,-8.8414831161499,"Unknown"
"7014852",371861,2025-07-24 13:12:10,43.3603591918945,-8.84130096435547,"Unknown"
"7014852",371861,2025-07-24 13:17:15,43.3611373901367,-8.84195137023926,"Unknown"
"7014852",371861,2025-07-24 13:22:15,43.3609580993652,-8.84187126159668,"Unknown"
"7014852",371861,2025-07-24 13:27:19,43.3608245849609,-8.841796875,"Unknown"
"7014852",371861,2025-07-24 13:32:29,43.3607368469238,-8.84169578552246,"Unknown"
"7014852",371861,2025-07-24 13:37:22,43.360668182373,-8.8416633605957,"Unknown"
"7014852",371861,2025-07-24 13:42:18,43.3606414794922,-8.84155559539795,"Unknown"
"7014852",371861,2025-07-24 13:47:09,43.3605537414551,-8.84148693084717,"Unknown"
"7014852",371861,2025-07-24 13:52:19,43.3607139587402,-8.84169864654541,"Unknown"
"7014852",371861,2025-07-24 13:57:12,43.3606147766113,-8.84163475036621,"Unknown"
"7014852",371861,2025-07-24 14:02:35,43.3605194091797,-8.84153461456299,"Unknown"
"7014852",371861,2025-07-24 14:07:09,43.3605117797852,-8.84159183502197,"Unknown"
"7014852",371861,2025-07-24 14:12:07,43.3605270385742,-8.84141159057617,"Unknown"
"7014852",371861,2025-07-24 14:17:06,43.3608016967773,-8.84117984771729,"Unknown"
"7014852",371861,2025-07-24 14:22:15,43.3606605529785,-8.84127330780029,"Unknown"
"7014852",371861,2025-07-24 14:27:12,43.360652923584,-8.84131908416748,"Unknown"
"7014852",371861,2025-07-24 14:32:11,43.3604507446289,-8.84147644042969,"Unknown"
"7014852",371861,2025-07-24 14:37:15,43.360538482666,-8.84134483337402,"Unknown"
"7014852",371861,2025-07-24 14:42:12,43.3604354858398,-8.84151077270508,"Unknown"
"7014852",371861,2025-07-24 14:47:10,43.3604774475098,-8.84150409698486,"Unknown"
"7014852",371861,2025-07-24 14:52:11,43.3600959777832,-8.84138298034668,"Unknown"
"7014852",371861,2025-07-24 14:57:19,43.3604125976562,-8.84136199951172,"Unknown"
"7014852",371861,2025-07-24 15:02:35,43.3603706359863,-8.84138679504395,"Unknown"
"7014852",371861,2025-07-24 15:07:07,43.3603630065918,-8.8413724899292,"Unknown"
"7014852",371861,2025-07-24 15:12:07,43.3603515625,-8.84139633178711,"Unknown"
"7014852",371861,2025-07-24 15:17:07,43.3604049682617,-8.84130668640137,"Unknown"
"7014852",371861,2025-07-24 15:22:08,43.3604011535645,-8.84122562408447,"Unknown"
"7014852",371861,2025-07-24 15:27:07,43.3603897094727,-8.84126567840576,"Unknown"
"7014852",371861,2025-07-24 15:32:07,43.3603515625,-8.84130859375,"Unknown"
"7014852",371861,2025-07-24 15:37:07,43.3604393005371,-8.84135150909424,"Unknown"
"7014852",371861,2025-07-24 15:42:07,43.3603744506836,-8.84128570556641,"Unknown"
"7014852",371861,2025-07-24 15:47:09,43.3605308532715,-8.84151744842529,"Unknown"
"7014852",371861,2025-07-24 15:52:07,43.3605728149414,-8.84162521362305,"Unknown"
"7014852",371861,2025-07-24 15:57:07,43.360466003418,-8.8413257598877,"Unknown"
"7014852",371861,2025-07-24 16:02:08,43.3603858947754,-8.84162902832031,"Unknown"
"7014852",371861,2025-07-24 16:07:07,43.3603439331055,-8.84146118164062,"Unknown"
"7014852",371861,2025-07-24 16:12:07,43.3605194091797,-8.8411922454834,"Unknown"
"7014852",371861,2025-07-24 16:17:07,43.3606872558594,-8.84152793884277,"Unknown"
"7014852",371861,2025-07-24 16:22:07,43.3607444763184,-8.84155178070068,"Unknown"
"7014852",371861,2025-07-24 16:27:07,43.3605041503906,-8.84156227111816,"Unknown"
"7014852",371861,2025-07-24 16:32:07,43.3604888916016,-8.84151363372803,"Unknown"
"7014852",371861,2025-07-24 16:37:07,43.3605194091797,-8.84158611297607,"Unknown"
"7014852",371861,2025-07-24 16:42:07,43.3604583740234,-8.84156322479248,"Unknown"
"7014852",371861,2025-07-24 16:47:07,43.3604698181152,-8.84155178070068,"Unknown"
"7014852",371861,2025-07-24 16:52:07,43.3604698181152,-8.84151077270508,"Unknown"
"7014852",371861,2025-07-24 16:57:07,43.3604545593262,-8.8415584564209,"Unknown"
"7014852",371861,2025-07-24 17:02:06,43.3604774475098,-8.84153270721436,"Unknown"
"7014852",371861,2025-07-24 17:07:07,43.3604774475098,-8.84159469604492,"Unknown"
"7014852",371861,2025-07-24 17:12:07,43.3605918884277,-8.84139537811279,"Unknown"
"7014852",371861,2025-07-24 17:17:07,43.3606071472168,-8.84151172637939,"Unknown"
"7014852",371861,2025-07-24 17:22:07,43.3605003356934,-8.84158897399902,"Unknown"
"7014852",371861,2025-07-24 17:27:07,43.3605461120605,-8.84157466888428,"Unknown"
"7014852",371861,2025-07-24 17:32:07,43.3604927062988,-8.8415699005127,"Unknown"
"7014852",371861,2025-07-24 17:37:07,43.3604049682617,-8.84158706665039,"Unknown"
"7014852",371861,2025-07-24 17:42:08,43.360466003418,-8.84157562255859,"Unknown"
"7014852",371861,2025-07-24 17:47:07,43.3604164123535,-8.84160041809082,"Unknown"
"7014852",371861,2025-07-24 17:52:08,43.3604316711426,-8.84163379669189,"Unknown"
"7014852",371861,2025-07-24 17:57:07,43.3604698181152,-8.84149265289307,"Unknown"
"7014852",371861,2025-07-24 18:02:09,43.3603820800781,-8.84157180786133,"Unknown"
"7014852",371861,2025-07-24 18:07:07,43.3605194091797,-8.84138488769531,"Unknown"
"7014852",371861,2025-07-24 18:12:08,43.3603744506836,-8.84164237976074,"Unknown"
"7014852",371861,2025-07-24 18:17:09,43.3604583740234,-8.84146022796631,"Unknown"
"7014852",371861,2025-07-24 18:22:07,43.3603858947754,-8.84139156341553,"Unknown"
"7014852",371861,2025-07-24 18:27:09,43.3603973388672,-8.8414363861084,"Unknown"
"7014852",371861,2025-07-24 18:32:08,43.3603706359863,-8.84119129180908,"Unknown"
"7014852",371861,2025-07-24 18:37:10,43.3603248596191,-8.84136581420898,"Unknown"
"7014852",371861,2025-07-24 18:42:35,43.360424041748,-8.84147262573242,"Unknown"
"7014852",371861,2025-07-24 18:47:07,43.3604354858398,-8.84144115447998,"Unknown"
"7014852",371861,2025-07-24 18:52:07,43.3604202270508,-8.84133815765381,"Unknown"
"7014852",371861,2025-07-24 18:57:06,43.3604354858398,-8.84137439727783,"Unknown"
"7014852",371861,2025-07-24 19:02:07,43.3604393005371,-8.84141540527344,"Unknown"
"7014852",371861,2025-07-24 19:07:10,43.3606147766113,-8.84140586853027,"Unknown"
"7014852",371861,2025-07-24 19:12:13,43.3604049682617,-8.84144973754883,"Unknown"
"7014852",371861,2025-07-24 19:17:09,43.3604736328125,-8.84148025512695,"Unknown"
"7014852",371861,2025-07-24 19:22:11,43.3605079650879,-8.84146881103516,"Unknown"
"7014852",371861,2025-07-24 19:27:07,43.3603858947754,-8.84129333496094,"Unknown"
"7014852",371861,2025-07-24 19:32:10,43.3604698181152,-8.8413610458374,"Unknown"
"7014852",371861,2025-07-24 19:37:10,43.3603630065918,-8.84131240844727,"Unknown"
"7014852",371861,2025-07-24 19:42:09,43.3601722717285,-8.84108734130859,"Unknown"
"7014852",371861,2025-07-24 19:47:11,43.3603706359863,-8.84134960174561,"Unknown"
"7014852",371861,2025-07-24 19:52:10,43.3603973388672,-8.84118366241455,"Unknown"
"7014852",371861,2025-07-24 19:57:09,43.3603630065918,-8.84120273590088,"Unknown"
"7014852",371861,2025-07-24 20:02:07,43.3604545593262,-8.84127140045166,"Unknown"
"7014852",371861,2025-07-24 20:07:07,43.3603439331055,-8.84126663208008,"Unknown"
"7014852",371861,2025-07-24 20:12:07,43.3603515625,-8.84125232696533,"Unknown"
"7014852",371861,2025-07-24 20:17:07,43.3603401184082,-8.8412618637085,"Unknown"
"7014852",371861,2025-07-24 20:22:07,43.3603591918945,-8.84129810333252,"Unknown"
"7014852",371861,2025-07-24 20:27:07,43.3604431152344,-8.8412914276123,"Unknown"
"7014852",371861,2025-07-24 20:32:07,43.3604431152344,-8.84126472473145,"Unknown"
"7014852",371861,2025-07-24 20:37:08,43.3604850769043,-8.8412446975708,"Unknown"
"7014852",371861,2025-07-24 20:42:07,43.3604736328125,-8.84127712249756,"Unknown"
"7014852",371861,2025-07-24 20:47:10,43.3604545593262,-8.84122467041016,"Unknown"
"7014852",371861,2025-07-24 20:50:10,43.3603630065918,-8.84134864807129,"Unknown"
"7014852",371861,2025-07-25 01:50:35,43.3603210449219,-8.84138870239258,"Unknown"
"7014852",371861,2025-07-25 05:23:04,43.4328651428223,-8.92655658721924,"Unknown"
"7014852",371861,2025-07-25 05:28:09,43.4076499938965,-8.9155445098877,"Unknown"
"7014852",371861,2025-07-25 05:33:05,43.3827743530273,-8.89438056945801,"Unknown"
"7014852",371861,2025-07-25 05:38:03,43.3681716918945,-8.86787605285645,"Unknown"
"7014852",371861,2025-07-25 05:43:06,43.3596534729004,-8.84196376800537,"Unknown"
"7014852",371861,2025-07-25 05:48:15,43.3603439331055,-8.84154033660889,"Unknown"
"7014852",371861,2025-07-25 05:53:07,43.3600997924805,-8.84160900115967,"Unknown"
"7014852",371861,2025-07-25 05:58:09,43.360237121582,-8.84154510498047,"Unknown"
"7014852",371861,2025-07-25 06:03:08,43.3600425720215,-8.84150981903076,"Unknown"
"7014852",371861,2025-07-25 06:08:04,43.3600616455078,-8.84155464172363,"Unknown"
"7014852",371861,2025-07-25 06:13:06,43.3601913452148,-8.84152317047119,"Unknown"
"7014852",371861,2025-07-25 06:18:03,43.3607292175293,-8.84285163879395,"Unknown"
"7014852",371861,2025-07-25 06:23:04,43.3602104187012,-8.8413610458374,"Unknown"
"7014852",371861,2025-07-25 06:28:04,43.3600540161133,-8.84147834777832,"Unknown"
"7014852",371861,2025-07-25 06:33:06,43.3600959777832,-8.84138679504395,"Unknown"
"7014852",371861,2025-07-25 06:38:04,43.3599395751953,-8.84129810333252,"Unknown"
"7014852",371861,2025-07-25 06:43:03,43.3600387573242,-8.84132099151611,"Unknown"
"7014852",371861,2025-07-25 06:48:04,43.3597755432129,-8.84131526947021,"Unknown"
"7014852",371861,2025-07-25 06:53:42,43.3257369995117,-8.87149047851562,"Unknown"
"7014852",371861,2025-07-25 06:58:02,43.3188591003418,-8.89759635925293,"Unknown"
"7014852",371861,2025-07-25 07:03:13,43.2906455993652,-8.95328426361084,"Unknown"
"7014852",371861,2025-07-25 07:08:02,43.2652206420898,-8.99541568756104,"Unknown"
"7014852",371861,2025-07-25 07:13:02,43.2425651550293,-9.01780605316162,"Unknown"
"7014852",371861,2025-07-25 07:18:02,43.2061653137207,-9.07720279693604,"Unknown"
"7014852",371861,2025-07-25 07:23:02,43.1834564208984,-9.09288311004639,"Unknown"
"7014852",371861,2025-07-25 07:28:03,43.1835289001465,-9.09385299682617,"Unknown"
"7014852",371861,2025-07-25 07:33:02,43.183032989502,-9.09241771697998,"Unknown"
"7014852",371861,2025-07-25 07:38:02,43.1817359924316,-9.09236907958984,"Unknown"
"7014852",371861,2025-07-25 07:43:02,43.1835174560547,-9.09290885925293,"Unknown"
"7014852",371861,2025-07-25 07:48:02,43.1828918457031,-9.09323978424072,"Unknown"
"7014852",371861,2025-07-25 07:53:02,43.1855850219727,-9.09057331085205,"Unknown"
"7014852",371861,2025-07-25 07:58:03,43.1840515136719,-9.09291839599609,"Unknown"
"7014852",371861,2025-07-25 08:03:03,43.1826972961426,-9.09304237365723,"Unknown"
"7014852",371861,2025-07-25 08:08:02,43.1827774047852,-9.09196186065674,"Unknown"
"7014852",371861,2025-07-25 08:13:03,43.184154510498,-9.09336757659912,"Unknown"
"7014852",371861,2025-07-25 08:18:02,43.182918548584,-9.09250164031982,"Unknown"
"7014852",371861,2025-07-25 08:23:02,43.1834678649902,-9.09088611602783,"Unknown"
"7014852",371861,2025-07-25 08:28:02,43.1834564208984,-9.09289646148682,"Unknown"
"7014852",371861,2025-07-25 08:33:02,43.1829299926758,-9.09270000457764,"Unknown"
"7014852",371861,2025-07-25 08:38:03,43.183032989502,-9.09244918823242,"Unknown"
"7014852",371861,2025-07-25 08:43:03,43.1849822998047,-9.09250831604004,"Unknown"
"7014852",371861,2025-07-25 08:48:03,43.1842765808105,-9.09202861785889,"Unknown"
"7014852",371861,2025-07-25 08:53:04,43.1849327087402,-9.0910120010376,"Unknown"
"7014852",371861,2025-07-25 08:58:03,43.1835403442383,-9.0914134979248,"Unknown"
"7014852",371861,2025-07-25 09:03:02,43.1836013793945,-9.09176635742188,"Unknown"
"7014852",371861,2025-07-25 09:08:02,43.1848945617676,-9.09312915802002,"Unknown"
"7014852",371861,2025-07-25 09:13:02,43.1824913024902,-9.09166145324707,"Unknown"
"7014852",371861,2025-07-25 09:18:02,43.1832160949707,-9.09262180328369,"Unknown"
"7014852",371861,2025-07-25 09:23:03,43.1817321777344,-9.09153652191162,"Unknown"
"7014852",371861,2025-07-25 09:28:03,43.1842002868652,-9.09194660186768,"Unknown"
"7014852",371861,2025-07-25 09:33:03,43.1817779541016,-9.09176731109619,"Unknown"
"7014852",371861,2025-07-25 09:38:03,43.1829528808594,-9.09206676483154,"Unknown"
"7014852",371861,2025-07-25 09:43:03,43.1831741333008,-9.09238147735596,"Unknown"
"7014852",371861,2025-07-25 09:48:30,43.182430267334,-9.09208679199219,"Unknown"
"7014852",371861,2025-07-25 09:53:02,43.1833915710449,-9.09318351745605,"Unknown"
"7014852",371861,2025-07-25 09:58:02,43.1826667785645,-9.09219169616699,"Unknown"
"7014852",371861,2025-07-25 10:03:03,43.1827583312988,-9.09232616424561,"Unknown"
"7014852",371861,2025-07-25 10:08:02,43.1849746704102,-9.09318447113037,"Unknown"
"7014852",371861,2025-07-25 10:13:02,43.1844139099121,-9.09396934509277,"Unknown"
"7014852",371861,2025-07-25 10:18:02,43.1874046325684,-9.09943580627441,"Unknown"
"7014852",371861,2025-07-25 10:23:02,43.1949615478516,-9.123779296875,"Unknown"
"7014852",371861,2025-07-25 10:28:02,43.1926231384277,-9.11975288391113,"Unknown"
"7014852",371861,2025-07-25 10:33:03,43.1835784912109,-9.09218597412109,"Unknown"
"7014852",371861,2025-07-25 10:38:03,43.1825714111328,-9.0921049118042,"Unknown"
"7014852",371861,2025-07-25 10:43:03,43.182559967041,-9.09216976165771,"Unknown"
"7014852",371861,2025-07-25 10:48:03,43.1841201782227,-9.09354782104492,"Unknown"
"7014852",371861,2025-07-25 10:53:03,43.1833992004395,-9.09268760681152,"Unknown"
"7014852",371861,2025-07-25 10:58:06,43.1833000183105,-9.09256172180176,"Unknown"
"7014852",371861,2025-07-25 11:03:03,43.1831932067871,-9.09235763549805,"Unknown"
"7014852",371861,2025-07-25 11:08:05,43.18310546875,-9.09249114990234,"Unknown"
"7014852",371861,2025-07-25 11:13:04,43.1831207275391,-9.09253883361816,"Unknown"
"7014852",371861,2025-07-25 11:18:04,43.1825675964355,-9.09247779846191,"Unknown"
"7014852",371861,2025-07-25 11:23:03,43.184627532959,-9.09367656707764,"Unknown"
"7014852",371861,2025-07-25 11:28:03,43.1833572387695,-9.10581207275391,"Unknown"
"7014852",371861,2025-07-25 11:33:03,43.1845703125,-9.10240077972412,"Unknown"
"7014852",371861,2025-07-25 11:38:03,43.183837890625,-9.09337902069092,"Unknown"
"7014852",371861,2025-07-25 11:43:06,43.1839790344238,-9.09307861328125,"Unknown"
"7014852",371861,2025-07-25 11:48:04,43.1841468811035,-9.092942237854,"Unknown"
"7014852",371861,2025-07-25 11:53:04,43.1838302612305,-9.09247493743896,"Unknown"
"7014852",371861,2025-07-25 11:58:05,43.1827049255371,-9.09206771850586,"Unknown"
"7014852",371861,2025-07-25 12:03:06,43.1817970275879,-9.09236717224121,"Unknown"
"7014852",371861,2025-07-25 12:08:12,43.1832504272461,-9.09258365631104,"Unknown"
"7014852",371861,2025-07-25 12:13:12,43.1830825805664,-9.09266757965088,"Unknown"
"7014852",371861,2025-07-25 12:18:03,43.1838226318359,-9.09267902374268,"Unknown"
"7014852",371861,2025-07-25 12:23:04,43.180850982666,-9.09232807159424,"Unknown"
"7014852",371861,2025-07-25 12:28:19,43.1830673217773,-9.09150123596191,"Unknown"
"7014852",371861,2025-07-25 12:33:04,43.1832275390625,-9.09267044067383,"Unknown"
"7014852",371861,2025-07-25 12:38:03,43.1827583312988,-9.09246826171875,"Unknown"
"7014852",371861,2025-07-25 12:43:04,43.1807518005371,-9.0915699005127,"Unknown"
"7014852",371861,2025-07-25 12:48:04,43.1827659606934,-9.0924711227417,"Unknown"
"7014852",371861,2025-07-25 12:53:05,43.183837890625,-9.09311580657959,"Unknown"
"7014852",371861,2025-07-25 12:58:04,43.1834602355957,-9.09335994720459,"Unknown"
"7014852",371861,2025-07-25 13:03:04,43.1833572387695,-9.09275913238525,"Unknown"
"7014852",371861,2025-07-25 13:08:04,43.1837463378906,-9.09302616119385,"Unknown"
"7014852",371861,2025-07-25 13:13:04,43.1827278137207,-9.09215450286865,"Unknown"
"7014852",371861,2025-07-25 13:18:05,43.1827011108398,-9.09171390533447,"Unknown"
"7014852",371861,2025-07-25 13:23:04,43.1849708557129,-9.09128379821777,"Unknown"
"7014852",371861,2025-07-25 13:28:04,43.191951751709,-9.11384201049805,"Unknown"
"7014852",371861,2025-07-25 13:33:05,43.1880378723145,-9.14564228057861,"Unknown"
"7014852",371861,2025-07-25 13:38:04,43.1720542907715,-9.19785690307617,"Unknown"
"7014852",371861,2025-07-25 13:43:04,43.1614799499512,-9.21197414398193,"Unknown"
"7014852",371861,2025-07-25 13:48:04,43.1550025939941,-9.20233154296875,"Unknown"
"7014852",371861,2025-07-25 13:53:13,43.1542701721191,-9.19942760467529,"Unknown"
"7014852",371861,2025-07-25 13:58:07,43.1632194519043,-9.21283435821533,"Unknown"
"7014852",371861,2025-07-25 14:03:04,43.1697692871094,-9.23245239257812,"Unknown"
"7014852",371861,2025-07-25 14:08:06,43.1716690063477,-9.28406143188477,"Unknown"
"7014852",371861,2025-07-25 14:13:04,43.1711692810059,-9.33525848388672,"Unknown"
"7014852",371861,2025-07-25 14:18:04,43.1598625183105,-9.39333820343018,"Unknown"
"7014852",371861,2025-07-25 14:23:06,43.1459617614746,-9.37781429290771,"Unknown"
"7014852",371861,2025-07-25 14:28:07,43.137092590332,-9.36404228210449,"Unknown"
"7014852",371861,2025-07-25 14:33:12,43.1219482421875,-9.35750198364258,"Unknown"
"7014852",371861,2025-07-25 14:38:05,43.1151008605957,-9.33893871307373,"Unknown"
"7014852",371861,2025-07-25 14:43:11,43.1087379455566,-9.31959056854248,"Unknown"
"7014852",371861,2025-07-25 14:48:07,43.0929908752441,-9.29413795471191,"Unknown"
"7014852",371861,2025-07-25 14:53:05,43.0783157348633,-9.26257991790771,"Unknown"
"7014852",371861,2025-07-25 14:58:05,43.0904579162598,-9.25397109985352,"Unknown"
"7014852",371861,2025-07-25 15:03:04,43.09033203125,-9.23108386993408,"Unknown"
"7014852",371861,2025-07-25 15:08:06,43.0991554260254,-9.22144985198975,"Unknown"
"7014852",371861,2025-07-25 15:13:06,43.099292755127,-9.22128868103027,"Unknown"
"7014852",371861,2025-07-25 15:18:10,43.0991859436035,-9.22112655639648,"Unknown"
"7014852",371861,2025-07-25 15:23:11,43.0992774963379,-9.22130393981934,"Unknown"
"7014852",371861,2025-07-25 15:28:05,43.0994148254395,-9.22103404998779,"Unknown"
"7014852",371861,2025-07-25 15:33:07,43.099494934082,-9.22120094299316,"Unknown"
"7014852",371861,2025-07-25 15:38:07,43.0995445251465,-9.22114562988281,"Unknown"
"7014852",371861,2025-07-25 15:43:06,43.1047286987305,-9.21685028076172,"Unknown"
"7014852",371861,2025-07-25 15:48:17,43.1188659667969,-9.21228408813477,"Unknown"
"7014852",371861,2025-07-25 15:53:05,43.1352844238281,-9.20448970794678,"Unknown"
"7014852",371861,2025-07-25 15:58:07,43.1461296081543,-9.21208381652832,"Unknown"
"7014852",371861,2025-07-25 16:03:07,43.1458358764648,-9.21494293212891,"Unknown"
"7014852",371861,2025-07-25 16:08:08,43.1457023620605,-9.21529960632324,"Unknown"
"7014852",371861,2025-07-25 16:13:06,43.1455307006836,-9.21552181243896,"Unknown"
"7014852",371861,2025-07-25 16:18:06,43.1450576782227,-9.21579742431641,"Unknown"
"7014852",371861,2025-07-25 16:23:05,43.1446800231934,-9.21581745147705,"Unknown"
"7014852",371861,2025-07-25 16:28:07,43.1551628112793,-9.20926761627197,"Unknown"
"7014852",371861,2025-07-25 16:33:07,43.1606101989746,-9.19140148162842,"Unknown"
"7014852",371861,2025-07-25 16:38:06,43.1780738830566,-9.17527389526367,"Unknown"
"7014852",371861,2025-07-25 16:43:04,43.1822357177734,-9.15804767608643,"Unknown"
"7014852",371861,2025-07-25 16:48:07,43.1890602111816,-9.13031673431396,"Unknown"
"7014852",371861,2025-07-25 16:53:04,43.1853446960449,-9.10902690887451,"Unknown"
"7014852",371861,2025-07-25 16:58:04,43.1804008483887,-9.08419704437256,"Unknown"
"7014852",371861,2025-07-25 17:03:04,43.183177947998,-9.05716037750244,"Unknown"
"7014852",371861,2025-07-25 17:08:07,43.1879806518555,-9.04436874389648,"Unknown"
"7014852",371861,2025-07-25 17:13:04,43.2041282653809,-9.03287124633789,"Unknown"
"7014852",371861,2025-07-25 17:18:04,43.2205200195312,-9.01555728912354,"Unknown"
"7014852",371861,2025-07-25 17:23:07,43.2331809997559,-9.00458526611328,"Unknown"
"7014852",371861,2025-07-25 17:28:04,43.2485771179199,-8.99073314666748,"Unknown"
"7014852",371861,2025-07-25 17:33:04,43.2606925964355,-8.98128032684326,"Unknown"
"7014852",371861,2025-07-25 17:38:04,43.2785568237305,-8.98548412322998,"Unknown"
"7014852",371861,2025-07-25 17:43:04,43.2887115478516,-8.96022605895996,"Unknown"
"7014852",371861,2025-07-25 17:48:06,43.2889595031738,-8.9312572479248,"Unknown"
"7014852",371861,2025-07-25 17:53:05,43.3045883178711,-8.90794944763184,"Unknown"
"7014852",371861,2025-07-25 17:58:04,43.3191528320312,-8.8991060256958,"Unknown"
"7014852",371861,2025-07-25 18:03:04,43.3216819763184,-8.87110424041748,"Unknown"
"7014852",371861,2025-07-25 18:08:05,43.3239440917969,-8.84899616241455,"Unknown"
"7014852",371861,2025-07-25 18:13:04,43.3412857055664,-8.84295558929443,"Unknown"
"7014852",371861,2025-07-25 18:18:05,43.3507308959961,-8.83597564697266,"Unknown"
"7014852",371861,2025-07-25 18:23:05,43.3601684570312,-8.84153842926025,"Unknown"
"7014852",371861,2025-07-25 18:28:05,43.3602485656738,-8.84136867523193,"Unknown"
"7014852",371861,2025-07-25 18:33:05,43.3602676391602,-8.8413257598877,"Unknown"
"7014852",371861,2025-07-25 18:38:06,43.3605499267578,-8.84140586853027,"Unknown"
"7014852",371861,2025-07-25 18:43:05,43.3602981567383,-8.84132194519043,"Unknown"
"7014852",371861,2025-07-25 18:48:06,43.3604431152344,-8.84144496917725,"Unknown"
"7014852",371861,2025-07-25 18:53:05,43.3602714538574,-8.8412036895752,"Unknown"
"7014852",371861,2025-07-25 18:58:05,43.3602561950684,-8.84136199951172,"Unknown"
"7014852",371861,2025-07-25 19:03:06,43.3604583740234,-8.84129238128662,"Unknown"
"7014852",371861,2025-07-25 19:08:05,43.3604469299316,-8.84124851226807,"Unknown"
"7014852",371861,2025-07-25 19:13:05,43.3605766296387,-8.84129524230957,"Unknown"
"7014852",371861,2025-07-25 19:18:06,43.3608131408691,-8.84135627746582,"Unknown"
"7014852",371861,2025-07-25 19:23:07,43.3608665466309,-8.84144115447998,"Unknown"
"7014852",371861,2025-07-25 19:28:06,43.360652923584,-8.84124851226807,"Unknown"
"7014852",371861,2025-07-25 19:33:07,43.3606910705566,-8.84132099151611,"Unknown"
"7014852",371861,2025-07-25 19:38:05,43.3604621887207,-8.84114646911621,"Unknown"
"7014852",371861,2025-07-25 19:43:04,43.3605461120605,-8.84130764007568,"Unknown"
"7014852",371861,2025-07-25 19:48:04,43.3604316711426,-8.84126853942871,"Unknown"
"7014852",371861,2025-07-25 19:53:06,43.3606185913086,-8.84136390686035,"Unknown"
"7014852",371861,2025-07-25 19:58:05,43.3602752685547,-8.84127998352051,"Unknown"
"7014852",371861,2025-07-25 20:03:06,43.360523223877,-8.84134578704834,"Unknown"
"7014852",371861,2025-07-25 20:08:07,43.3605575561523,-8.84145736694336,"Unknown"
"7014852",371861,2025-07-25 20:13:07,43.3605690002441,-8.84139251708984,"Unknown"
"7014852",371861,2025-07-25 20:18:07,43.3605499267578,-8.84134769439697,"Unknown"
"7014852",371861,2025-07-25 20:23:06,43.3607864379883,-8.84127902984619,"Unknown"
"7014852",371861,2025-07-25 20:28:07,43.3607444763184,-8.84127235412598,"Unknown"
"7014852",371861,2025-07-25 20:33:08,43.3607902526855,-8.84129619598389,"Unknown"
"7014852",371861,2025-07-25 20:38:07,43.3606605529785,-8.8411979675293,"Unknown"
"7014852",371861,2025-07-25 20:43:10,43.3606109619141,-8.8412914276123,"Unknown"
"7014852",371861,2025-07-25 20:49:00,43.3605155944824,-8.84192371368408,"Unknown"
"7014852",371861,2025-07-26 01:49:00,43.3607635498047,-8.84181022644043,"Unknown"
"7014852",371861,2025-07-26 05:24:15,43.360725402832,-8.84081363677979,"Unknown"
"7014852",371861,2025-07-26 05:29:12,43.3607902526855,-8.84099197387695,"Unknown"
"7014852",371861,2025-07-26 05:34:04,43.3609504699707,-8.84065818786621,"Unknown"
"7014852",371861,2025-07-26 05:39:03,43.36083984375,-8.84128379821777,"Unknown"
"7014852",371861,2025-07-26 05:44:10,43.3606109619141,-8.84093379974365,"Unknown"
"7014852",371861,2025-07-26 05:49:09,43.3603172302246,-8.84079456329346,"Unknown"
"7014852",371861,2025-07-26 05:54:09,43.3603210449219,-8.84099960327148,"Unknown"
"7014852",371861,2025-07-26 05:59:09,43.3603096008301,-8.84076595306396,"Unknown"
"7014852",371861,2025-07-26 06:04:09,43.3603744506836,-8.84128952026367,"Unknown"
"7014852",371861,2025-07-26 06:09:11,43.3598823547363,-8.84101009368896,"Unknown"
"7014852",371861,2025-07-26 06:14:07,43.3603515625,-8.84129619598389,"Unknown"
"7014852",371861,2025-07-26 06:19:09,43.3604583740234,-8.84113502502441,"Unknown"
"7014852",371861,2025-07-26 06:24:17,43.3604736328125,-8.84139156341553,"Unknown"
"7014852",371861,2025-07-26 06:29:11,43.3604316711426,-8.84146785736084,"Unknown"
"7014852",371861,2025-07-26 06:34:15,43.3606414794922,-8.84099102020264,"Unknown"
"7014852",371861,2025-07-26 06:39:16,43.3604774475098,-8.84127521514893,"Unknown"
"7014852",371861,2025-07-26 06:44:13,43.3604278564453,-8.84138870239258,"Unknown"
"7014852",371861,2025-07-26 06:49:08,43.3603439331055,-8.84126281738281,"Unknown"
"7014852",371861,2025-07-26 06:54:03,43.3605422973633,-8.84254837036133,"Unknown"
"7014852",371861,2025-07-26 06:59:07,43.3604888916016,-8.84203338623047,"Unknown"
"7014852",371861,2025-07-26 07:04:04,43.3603668212891,-8.84108924865723,"Unknown"
"7014852",371861,2025-07-26 07:09:02,43.3603591918945,-8.84121608734131,"Unknown"
"7014852",371861,2025-07-26 07:14:17,43.3609886169434,-8.84399509429932,"Unknown"
"7014852",371861,2025-07-26 07:19:07,43.360221862793,-8.84113311767578,"Unknown"
"7014852",371861,2025-07-26 07:24:02,43.3601875305176,-8.84110164642334,"Unknown"
"7014852",371861,2025-07-26 07:29:04,43.3603172302246,-8.8411169052124,"Unknown"
"7014852",371861,2025-07-26 07:34:32,43.3605461120605,-8.84135055541992,"Unknown"
"7014852",371861,2025-07-26 07:39:01,43.3603172302246,-8.84133148193359,"Unknown"
"7014852",371861,2025-07-26 07:44:01,43.3604164123535,-8.84131622314453,"Unknown"
"7014852",371861,2025-07-26 07:49:01,43.3603935241699,-8.84126377105713,"Unknown"
"7014852",371861,2025-07-26 07:54:01,43.3604774475098,-8.84126853942871,"Unknown"
"7014852",371861,2025-07-26 07:59:02,43.3603668212891,-8.8414134979248,"Unknown"
"7014852",371861,2025-07-26 08:04:01,43.3604049682617,-8.84140205383301,"Unknown"
"7014852",371861,2025-07-26 08:09:01,43.3603744506836,-8.84137630462646,"Unknown"
"7014852",371861,2025-07-26 08:14:01,43.3603591918945,-8.84143257141113,"Unknown"
"7014852",371861,2025-07-26 08:19:02,43.3604507446289,-8.84136867523193,"Unknown"
"7014852",371861,2025-07-26 08:24:01,43.3603630065918,-8.84140586853027,"Unknown"
"7014852",371861,2025-07-26 08:29:02,43.3648300170898,-8.82853889465332,"Unknown"
"7014852",371861,2025-07-26 08:34:01,43.3609733581543,-8.84192276000977,"Unknown"
"7014852",371861,2025-07-26 08:39:02,43.3600616455078,-8.84710788726807,"Unknown"
"7014852",371861,2025-07-26 08:44:02,43.3603401184082,-8.84134864807129,"Unknown"
"7014852",371861,2025-07-26 08:49:02,43.3603210449219,-8.84137344360352,"Unknown"
"7014852",371861,2025-07-26 08:54:02,43.3604202270508,-8.8414192199707,"Unknown"
"7014852",371861,2025-07-26 08:59:01,43.3503456115723,-8.85598564147949,"Unknown"
"7014852",371861,2025-07-26 09:04:02,43.3186302185059,-8.88267135620117,"Unknown"
"7014852",371861,2025-07-26 09:09:02,43.3014831542969,-8.92199420928955,"Unknown"
"7014852",371861,2025-07-26 09:14:02,43.2831726074219,-8.9678840637207,"Unknown"
"7014852",371861,2025-07-26 09:19:02,43.2569274902344,-8.99089908599854,"Unknown"
"7014852",371861,2025-07-26 09:24:02,43.2342300415039,-9.00998306274414,"Unknown"
"7014852",371861,2025-07-26 09:29:02,43.2078628540039,-9.04743957519531,"Unknown"
"7014852",371861,2025-07-26 09:34:02,43.183235168457,-9.0922737121582,"Unknown"
"7014852",371861,2025-07-26 09:39:17,43.1830558776855,-9.0920934677124,"Unknown"
"7014852",371861,2025-07-26 09:44:09,43.183048248291,-9.09246921539307,"Unknown"
"7014852",371861,2025-07-26 09:49:04,43.1831512451172,-9.09252548217773,"Unknown"
"7014852",371861,2025-07-26 09:54:05,43.1830902099609,-9.0923490524292,"Unknown"
"7014852",371861,2025-07-26 09:59:03,43.1830215454102,-9.09267711639404,"Unknown"
"7014852",371861,2025-07-26 10:04:09,43.1829032897949,-9.0924825668335,"Unknown"
"7014852",371861,2025-07-26 10:09:11,43.1826477050781,-9.09204483032227,"Unknown"
"7014852",371861,2025-07-26 10:14:04,43.1810073852539,-9.09086513519287,"Unknown"
"7014852",371861,2025-07-26 10:19:02,43.181095123291,-9.09084033966064,"Unknown"
"7014852",371861,2025-07-26 10:24:04,43.1814651489258,-9.09119510650635,"Unknown"
"7014852",371861,2025-07-26 10:29:13,43.1830596923828,-9.09244441986084,"Unknown"
"7014852",371861,2025-07-26 10:34:35,43.1826934814453,-9.09230709075928,"Unknown"
"7014852",371861,2025-07-26 10:39:02,43.1835479736328,-9.09347724914551,"Unknown"
"7014852",371861,2025-07-26 10:44:02,43.1839485168457,-9.09326648712158,"Unknown"
"7014852",371861,2025-07-26 10:49:12,43.1824951171875,-9.09222316741943,"Unknown"
"7014852",371861,2025-07-26 10:54:04,43.1827507019043,-9.09199142456055,"Unknown"
"7014852",371861,2025-07-26 10:59:03,43.1831016540527,-9.09260749816895,"Unknown"
"7014852",371861,2025-07-26 11:04:03,43.1875076293945,-9.09967136383057,"Unknown"
"7014852",371861,2025-07-26 11:09:02,43.1873741149902,-9.09992694854736,"Unknown"
"7014852",371861,2025-07-26 11:14:01,43.1892700195312,-9.1005334854126,"Unknown"
"7014852",371861,2025-07-26 11:19:01,43.1891479492188,-9.10056209564209,"Unknown"
"7014852",371861,2025-07-26 11:24:01,43.1892356872559,-9.10056209564209,"Unknown"
"7014852",371861,2025-07-26 11:29:02,43.1891822814941,-9.10048866271973,"Unknown"
"7014852",371861,2025-07-26 11:34:01,43.188892364502,-9.1002082824707,"Unknown"
"7014852",371861,2025-07-26 11:39:01,43.1832962036133,-9.09370231628418,"Unknown"
"7014852",371861,2025-07-26 11:44:01,43.1838607788086,-9.09218883514404,"Unknown"
"7014852",371861,2025-07-26 11:49:02,43.1826057434082,-9.09195995330811,"Unknown"
"7014852",371861,2025-07-26 11:54:03,43.1826171875,-9.09239196777344,"Unknown"
"7014852",371861,2025-07-26 11:59:04,43.1830368041992,-9.09250545501709,"Unknown"
"7014852",371861,2025-07-26 12:04:02,43.1833229064941,-9.09280586242676,"Unknown"
"7014852",371861,2025-07-26 12:09:06,43.184928894043,-9.09263896942139,"Unknown"
"7014852",371861,2025-07-26 12:14:16,43.1841735839844,-9.09359264373779,"Unknown"
"7014852",371861,2025-07-26 12:19:05,43.1846160888672,-9.09254455566406,"Unknown"
"7014852",371861,2025-07-26 12:24:33,43.1841468811035,-9.0929126739502,"Unknown"
"7014852",371861,2025-07-26 12:29:03,43.1838912963867,-9.09251403808594,"Unknown"
"7014852",371861,2025-07-26 12:34:02,43.1832389831543,-9.09200286865234,"Unknown"
"7014852",371861,2025-07-26 12:39:02,43.1831741333008,-9.09244155883789,"Unknown"
"7014852",371861,2025-07-26 12:44:02,43.1832084655762,-9.09252548217773,"Unknown"
"7014852",371861,2025-07-26 12:49:01,43.1818809509277,-9.08791351318359,"Unknown"
"7014852",371861,2025-07-26 12:54:02,43.1848640441895,-9.06533432006836,"Unknown"
"7014852",371861,2025-07-26 12:59:02,43.1903190612793,-9.04447174072266,"Unknown"
"7014852",371861,2025-07-26 13:04:04,43.1901969909668,-9.04442501068115,"Unknown"
"7014852",371861,2025-07-26 13:09:02,43.1931533813477,-9.04064464569092,"Unknown"
"7014852",371861,2025-07-26 13:14:01,43.2094917297363,-9.02954006195068,"Unknown"
"7014852",371861,2025-07-26 13:19:02,43.219913482666,-9.01592350006104,"Unknown"
"7014852",371861,2025-07-26 13:24:03,43.2162666320801,-8.99771976470947,"Unknown"
"7014852",371861,2025-07-26 13:29:03,43.2161254882812,-8.99757862091064,"Unknown"
"7014852",371861,2025-07-26 13:34:04,43.2161293029785,-8.99763488769531,"Unknown"
"7014852",371861,2025-07-26 13:39:06,43.2162818908691,-8.99761390686035,"Unknown"
"7014852",371861,2025-07-26 13:44:03,43.2162628173828,-8.99760246276855,"Unknown"
"7014852",371861,2025-07-26 13:49:02,43.2164001464844,-8.99777221679688,"Unknown"
"7014852",371861,2025-07-26 13:54:02,43.2163963317871,-8.99772834777832,"Unknown"
"7014852",371861,2025-07-26 13:59:32,43.2259826660156,-8.98359203338623,"Unknown"
"7014852",371861,2025-07-26 14:04:02,43.2307472229004,-8.9648609161377,"Unknown"
"7014852",371861,2025-07-26 14:09:05,43.2476425170898,-8.95656967163086,"Unknown"
"7014852",371861,2025-07-26 14:14:05,43.2676849365234,-8.97846603393555,"Unknown"
"7014852",371861,2025-07-26 14:19:08,43.2829856872559,-8.97870254516602,"Unknown"
"7014852",371861,2025-07-26 14:24:08,43.2880058288574,-8.95974254608154,"Unknown"
"7014852",371861,2025-07-26 14:29:02,43.2874221801758,-8.93684959411621,"Unknown"
"7014852",371861,2025-07-26 14:34:09,43.2914810180664,-8.91075801849365,"Unknown"
"7014852",371861,2025-07-26 14:39:09,43.3161506652832,-8.91065120697021,"Unknown"
"7014852",371861,2025-07-26 14:44:09,43.3193778991699,-8.88715171813965,"Unknown"
"7014852",371861,2025-07-26 14:49:10,43.3213882446289,-8.86166858673096,"Unknown"
"7014852",371861,2025-07-26 14:54:10,43.3254165649414,-8.84555244445801,"Unknown"
"7014852",371861,2025-07-26 14:59:10,43.3443794250488,-8.83899879455566,"Unknown"
"7014852",371861,2025-07-26 15:04:07,43.3609657287598,-8.84757137298584,"Unknown"
"7014852",371861,2025-07-26 15:09:13,43.3606033325195,-8.84139919281006,"Unknown"
"7014852",371861,2025-07-26 15:14:02,43.3605651855469,-8.84194183349609,"Unknown"
"7014852",371861,2025-07-26 15:19:05,43.3605499267578,-8.84178733825684,"Unknown"
"7014852",371861,2025-07-26 15:24:05,43.3604431152344,-8.84154796600342,"Unknown"
"7014852",371861,2025-07-26 15:29:08,43.3604125976562,-8.84133148193359,"Unknown"
"7014852",371861,2025-07-26 15:34:07,43.3605194091797,-8.84167957305908,"Unknown"
"7014852",371861,2025-07-26 15:39:04,43.360782623291,-8.84455680847168,"Unknown"
"7014852",371861,2025-07-26 15:44:05,43.3618240356445,-8.84312725067139,"Unknown"
"7014852",371861,2025-07-26 15:49:35,43.3604164123535,-8.84138965606689,"Unknown"
"7014852",371861,2025-07-26 15:54:06,43.3603515625,-8.84154891967773,"Unknown"
"7014852",371861,2025-07-26 15:59:02,43.360408782959,-8.84146881103516,"Unknown"
"7014852",371861,2025-07-26 16:04:02,43.3604125976562,-8.84144496917725,"Unknown"
"7014852",371861,2025-07-26 16:09:03,43.3604011535645,-8.84147357940674,"Unknown"
"7014852",371861,2025-07-26 16:14:02,43.3604278564453,-8.84145355224609,"Unknown"
"7014852",371861,2025-07-26 16:19:03,43.3603706359863,-8.84146118164062,"Unknown"
"7014852",371861,2025-07-26 16:24:03,43.3604011535645,-8.84143733978271,"Unknown"
"7014852",371861,2025-07-26 16:29:02,43.3603553771973,-8.84153747558594,"Unknown"
"7014852",371861,2025-07-26 16:34:02,43.3603553771973,-8.84143829345703,"Unknown"
"7014852",371861,2025-07-26 16:39:02,43.3603439331055,-8.84154319763184,"Unknown"
"7014852",371861,2025-07-26 16:44:02,43.3603515625,-8.84145832061768,"Unknown"
"7014852",371861,2025-07-26 16:49:02,43.3603172302246,-8.84150695800781,"Unknown"
"7014852",371861,2025-07-26 16:54:03,43.360408782959,-8.84136962890625,"Unknown"
"7014852",371861,2025-07-26 16:59:02,43.3603134155273,-8.8415355682373,"Unknown"
"7014852",371861,2025-07-26 17:04:02,43.3603057861328,-8.84146213531494,"Unknown"
"7014852",371861,2025-07-26 17:09:04,43.3609046936035,-8.84153938293457,"Unknown"
"7014852",371861,2025-07-26 17:14:22,43.3603935241699,-8.84130096435547,"Unknown"
"7014852",371861,2025-07-26 17:19:19,43.3606071472168,-8.84167003631592,"Unknown"
"7014852",371861,2025-07-26 17:24:04,43.3603897094727,-8.84120559692383,"Unknown"
"7014852",371861,2025-07-26 17:29:30,43.3606185913086,-8.84215545654297,"Unknown"
"7014852",371861,2025-07-26 17:34:31,43.3604011535645,-8.84149265289307,"Unknown"
"7014852",371861,2025-07-26 17:39:02,43.3604125976562,-8.84150409698486,"Unknown"
"7014852",371861,2025-07-26 17:44:02,43.3603401184082,-8.84140682220459,"Unknown"
"7014852",371861,2025-07-26 17:49:02,43.3603324890137,-8.84151077270508,"Unknown"
"7014852",371861,2025-07-26 17:54:02,43.3603630065918,-8.84148025512695,"Unknown"
"7014852",371861,2025-07-26 17:59:02,43.3603630065918,-8.84145069122314,"Unknown"
"7014852",371861,2025-07-26 18:04:02,43.3604011535645,-8.84162616729736,"Unknown"
"7014852",371861,2025-07-26 18:09:02,43.3604354858398,-8.84151744842529,"Unknown"
"7014852",371861,2025-07-26 18:14:02,43.3603630065918,-8.84148693084717,"Unknown"
"7014852",371861,2025-07-26 18:19:11,43.3604316711426,-8.84135246276855,"Unknown"
"7014852",371861,2025-07-26 18:24:02,43.3603553771973,-8.84149360656738,"Unknown"
"7014852",371861,2025-07-26 18:29:03,43.3603515625,-8.84138965606689,"Unknown"
"7014852",371861,2025-07-26 18:34:03,43.3603782653809,-8.84142112731934,"Unknown"
"7014852",371861,2025-07-26 18:39:14,43.3603591918945,-8.84138870239258,"Unknown"
"7014852",371861,2025-07-26 18:44:03,43.3604545593262,-8.8415699005127,"Unknown"
"7014852",371861,2025-07-26 18:49:04,43.3604507446289,-8.84148788452148,"Unknown"
"7014852",371861,2025-07-26 18:54:22,43.360481262207,-8.84152889251709,"Unknown"
"7014852",371861,2025-07-26 18:59:07,43.3603286743164,-8.84139633178711,"Unknown"
"7014852",371861,2025-07-26 19:04:09,43.3603897094727,-8.84149837493896,"Unknown"
"7014852",371861,2025-07-26 19:09:08,43.3602294921875,-8.84133815765381,"Unknown"
"7014852",371861,2025-07-26 19:14:07,43.3605346679688,-8.84185791015625,"Unknown"
"7014852",371861,2025-07-26 19:19:08,43.3605155944824,-8.84186172485352,"Unknown"
"7014852",371861,2025-07-26 19:24:16,43.3604393005371,-8.84154987335205,"Unknown"
"7014852",371861,2025-07-26 19:29:10,43.3604049682617,-8.84134101867676,"Unknown"
"7014852",371861,2025-07-26 19:34:04,43.3602409362793,-8.84146690368652,"Unknown"
"7014852",371861,2025-07-26 19:39:06,43.3602333068848,-8.84104347229004,"Unknown"
"7014852",371861,2025-07-26 19:44:09,43.3602409362793,-8.84122085571289,"Unknown"
"7014852",371861,2025-07-26 19:49:13,43.3603210449219,-8.84126949310303,"Unknown"
"7014852",371861,2025-07-26 19:54:07,43.3603668212891,-8.84141445159912,"Unknown"
"7014852",371861,2025-07-26 19:59:06,43.3602714538574,-8.84099674224854,"Unknown"
"7014852",371861,2025-07-26 20:04:32,43.3603973388672,-8.84133338928223,"Unknown"
"7014852",371861,2025-07-26 20:09:03,43.3603706359863,-8.84132099151611,"Unknown"
"7014852",371861,2025-07-26 20:14:03,43.3606567382812,-8.84175491333008,"Unknown"
"7014852",371861,2025-07-26 20:19:02,43.3603248596191,-8.84150123596191,"Unknown"
"7014852",371861,2025-07-26 20:24:03,43.360408782959,-8.8413782119751,"Unknown"
"7014852",371861,2025-07-26 20:29:03,43.3603515625,-8.84132099151611,"Unknown"
"7014852",371861,2025-07-26 20:34:04,43.3603897094727,-8.84128665924072,"Unknown"
"7014852",371861,2025-07-26 20:39:03,43.3604621887207,-8.84126758575439,"Unknown"
"7014852",371861,2025-07-26 20:44:06,43.3606147766113,-8.84141063690186,"Unknown"
"7014852",371861,2025-07-26 20:47:53,43.3602676391602,-8.84137344360352,"Unknown"
"7014852",371861,2025-07-27 01:48:00,43.3601913452148,-8.84184455871582,"Unknown"
"7014852",371861,2025-07-27 05:25:08,43.3599052429199,-8.84188270568848,"Unknown"
"7014852",371861,2025-07-27 05:30:02,43.3598289489746,-8.84209156036377,"Unknown"
"7014852",371861,2025-07-27 05:35:01,43.3598594665527,-8.84197521209717,"Unknown"
"7014852",371861,2025-07-27 05:40:03,43.3599281311035,-8.84172630310059,"Unknown"
"7014852",371861,2025-07-27 05:45:35,43.3600082397461,-8.84179019927979,"Unknown"
"7014852",371861,2025-07-27 05:50:00,43.3603515625,-8.84155654907227,"Unknown"
"7014852",371861,2025-07-27 05:55:00,43.3603248596191,-8.84157085418701,"Unknown"
"7014852",371861,2025-07-27 06:00:00,43.3603973388672,-8.84143352508545,"Unknown"
"7014852",371861,2025-07-27 06:05:00,43.3603744506836,-8.84133815765381,"Unknown"
"7014852",371861,2025-07-27 06:09:59,43.3603172302246,-8.8413257598877,"Unknown"
"7014852",371861,2025-07-27 06:15:00,43.3603096008301,-8.84138584136963,"Unknown"
"7014852",371861,2025-07-27 06:20:00,43.3602561950684,-8.84154605865479,"Unknown"
"7014852",371861,2025-07-27 06:25:00,43.360164642334,-8.84148788452148,"Unknown"
"7014852",371861,2025-07-27 06:29:59,43.3601913452148,-8.84143447875977,"Unknown"
"7014852",371861,2025-07-27 06:35:00,43.3601036071777,-8.8413200378418,"Unknown"
"7014852",371861,2025-07-27 06:40:00,43.3601608276367,-8.84124183654785,"Unknown"
"7014852",371861,2025-07-27 06:45:00,43.3602981567383,-8.84132957458496,"Unknown"
"7014852",371861,2025-07-27 06:50:00,43.3601760864258,-8.84145355224609,"Unknown"
"7014852",371861,2025-07-27 06:55:14,43.3602752685547,-8.84135055541992,"Unknown"
"7014852",371861,2025-07-27 07:00:00,43.3602256774902,-8.84134960174561,"Unknown"
"7014852",371861,2025-07-27 07:05:00,43.3603591918945,-8.84151649475098,"Unknown"
"7014852",371861,2025-07-27 07:10:00,43.3604278564453,-8.84148406982422,"Unknown"
"7014852",371861,2025-07-27 07:15:00,43.3604011535645,-8.84142589569092,"Unknown"
"7014852",371861,2025-07-27 07:20:00,43.3603630065918,-8.84143447875977,"Unknown"
"7014852",371861,2025-07-27 07:25:00,43.3604354858398,-8.84144878387451,"Unknown"
"7014852",371861,2025-07-27 07:30:00,43.3604354858398,-8.84142875671387,"Unknown"
"7014852",371861,2025-07-27 07:35:00,43.3603248596191,-8.8414249420166,"Unknown"
"7014852",371861,2025-07-27 07:40:01,43.3603630065918,-8.84139060974121,"Unknown"
"7014852",371861,2025-07-27 07:45:02,43.3605041503906,-8.84150695800781,"Unknown"
"7014852",371861,2025-07-27 07:50:00,43.3603134155273,-8.84154224395752,"Unknown"
"7014852",371861,2025-07-27 07:55:01,43.360424041748,-8.84132766723633,"Unknown"
"7014852",371861,2025-07-27 08:00:09,43.3604202270508,-8.84118366241455,"Unknown"
"7014852",371861,2025-07-27 08:05:00,43.3604965209961,-8.84147548675537,"Unknown"
"7014852",371861,2025-07-27 08:10:00,43.3604202270508,-8.84112644195557,"Unknown"
"7014852",371861,2025-07-27 08:15:01,43.3605079650879,-8.84127998352051,"Unknown"
"7014852",371861,2025-07-27 08:20:14,43.3603858947754,-8.8411922454834,"Unknown"
"7014852",371861,2025-07-27 08:25:00,43.3603439331055,-8.84098052978516,"Unknown"
"7014852",371861,2025-07-27 08:30:07,43.3602561950684,-8.84093761444092,"Unknown"
"7014852",371861,2025-07-27 08:35:10,43.3607139587402,-8.84104633331299,"Unknown"
"7014852",371861,2025-07-27 08:40:07,43.3605918884277,-8.84086799621582,"Unknown"
"7014852",371861,2025-07-27 08:45:35,43.3603630065918,-8.84086608886719,"Unknown"
"7014852",371861,2025-07-27 08:50:00,43.3604927062988,-8.84099960327148,"Unknown"
"7014852",371861,2025-07-27 08:55:01,43.3605422973633,-8.84105396270752,"Unknown"
"7014852",371861,2025-07-27 09:00:00,43.3605079650879,-8.84102725982666,"Unknown"
"7014852",371861,2025-07-27 09:05:00,43.3604278564453,-8.84115695953369,"Unknown"
"7014852",371861,2025-07-27 09:10:00,43.3607215881348,-8.84080219268799,"Unknown"
"7014852",371861,2025-07-27 09:15:01,43.3606948852539,-8.84088802337646,"Unknown"
"7014852",371861,2025-07-27 09:20:01,43.3606872558594,-8.84040069580078,"Unknown"
"7014852",371861,2025-07-27 09:25:00,43.3607482910156,-8.84084987640381,"Unknown"
"7014852",371861,2025-07-27 09:30:00,43.3607788085938,-8.84172058105469,"Unknown"
"7014852",371861,2025-07-27 09:35:00,43.3603439331055,-8.84098148345947,"Unknown"
"7014852",371861,2025-07-27 09:40:00,43.3603973388672,-8.84110260009766,"Unknown"
"7014852",371861,2025-07-27 09:45:01,43.3604621887207,-8.84120178222656,"Unknown"
"7014852",371861,2025-07-27 09:50:00,43.3605651855469,-8.84121513366699,"Unknown"
"7014852",371861,2025-07-27 09:55:02,43.3607063293457,-8.84117794036865,"Unknown"
"7014852",371861,2025-07-27 10:00:01,43.3604125976562,-8.84115314483643,"Unknown"
"7014852",371861,2025-07-27 10:05:00,43.3603782653809,-8.84116363525391,"Unknown"
"7014852",371861,2025-07-27 10:10:00,43.3603973388672,-8.84126281738281,"Unknown"
"7014852",371861,2025-07-27 10:15:00,43.3604736328125,-8.84118843078613,"Unknown"
"7014852",371861,2025-07-27 10:20:00,43.3603820800781,-8.84127521514893,"Unknown"
"7014852",371861,2025-07-27 10:25:00,43.3606338500977,-8.84125995635986,"Unknown"
"7014852",371861,2025-07-27 10:30:00,43.3600692749023,-8.84122753143311,"Unknown"
"7014852",371861,2025-07-27 10:35:01,43.3599662780762,-8.8413200378418,"Unknown"
"7014852",371861,2025-07-27 10:40:00,43.3601493835449,-8.84124946594238,"Unknown"
"7014852",371861,2025-07-27 10:45:00,43.360466003418,-8.84121131896973,"Unknown"
"7014852",371861,2025-07-27 10:50:00,43.3604354858398,-8.84145069122314,"Unknown"
"7014852",371861,2025-07-27 10:55:00,43.3600578308105,-8.8413553237915,"Unknown"
"7014852",371861,2025-07-27 11:00:00,43.3601608276367,-8.84127712249756,"Unknown"
"7014852",371861,2025-07-27 11:05:01,43.3604393005371,-8.8414249420166,"Unknown"
"7014852",371861,2025-07-27 11:10:00,43.3613739013672,-8.84047889709473,"Unknown"
"7014852",371861,2025-07-27 11:15:00,43.360725402832,-8.84134292602539,"Unknown"
"7014852",371861,2025-07-27 11:20:00,43.3607215881348,-8.8416633605957,"Unknown"
"7014852",371861,2025-07-27 11:25:00,43.3604469299316,-8.84130001068115,"Unknown"
"7014852",371861,2025-07-27 11:30:00,43.3603897094727,-8.84137344360352,"Unknown"
"7014852",371861,2025-07-27 11:35:00,43.3603744506836,-8.84136772155762,"Unknown"
"7014852",371861,2025-07-27 11:40:00,43.3604545593262,-8.84127140045166,"Unknown"
"7014852",371861,2025-07-27 11:45:04,43.3603019714355,-8.84135246276855,"Unknown"
"7014852",371861,2025-07-27 11:50:01,43.3603706359863,-8.84125232696533,"Unknown"
"7014852",371861,2025-07-27 11:55:00,43.3603591918945,-8.84142303466797,"Unknown"
"7014852",371861,2025-07-27 12:00:00,43.3603248596191,-8.84128952026367,"Unknown"
"7014852",371861,2025-07-27 12:05:35,43.360279083252,-8.84130001068115,"Unknown"
"7014852",371861,2025-07-27 12:10:00,43.3602638244629,-8.84132671356201,"Unknown"
"7014852",371861,2025-07-27 12:15:00,43.3604011535645,-8.84141826629639,"Unknown"
"7014852",371861,2025-07-27 12:20:00,43.3604583740234,-8.84143543243408,"Unknown"
"7014852",371861,2025-07-27 12:25:00,43.3605422973633,-8.84079170227051,"Unknown"
"7014852",371861,2025-07-27 12:30:00,43.3606033325195,-8.84135627746582,"Unknown"
"7014852",371861,2025-07-27 12:35:00,43.3605651855469,-8.84135437011719,"Unknown"
"7014852",371861,2025-07-27 12:40:17,43.3610343933105,-8.84396171569824,"Unknown"
"7014852",371861,2025-07-27 12:45:00,43.3601722717285,-8.84429264068604,"Unknown"
"7014852",371861,2025-07-27 12:50:00,43.3603401184082,-8.84138965606689,"Unknown"
"7014852",371861,2025-07-27 12:55:01,43.3604011535645,-8.84143829345703,"Unknown"
"7014852",371861,2025-07-27 13:00:01,43.3604164123535,-8.84150886535645,"Unknown"
"7014852",371861,2025-07-27 13:05:01,43.360179901123,-8.84176731109619,"Unknown"
"7014852",371861,2025-07-27 13:10:00,43.3602600097656,-8.84133529663086,"Unknown"
"7014852",371861,2025-07-27 13:14:59,43.3601989746094,-8.84144687652588,"Unknown"
"7014852",371861,2025-07-27 13:20:00,43.3602752685547,-8.84106254577637,"Unknown"
"7014852",371861,2025-07-27 13:25:00,43.3603668212891,-8.84134578704834,"Unknown"
"7014852",371861,2025-07-27 13:30:00,43.360466003418,-8.84142398834229,"Unknown"
"7014852",371861,2025-07-27 13:35:00,43.3602828979492,-8.84134674072266,"Unknown"
"7014852",371861,2025-07-27 13:40:00,43.3608741760254,-8.84169769287109,"Unknown"
"7014852",371861,2025-07-27 13:45:00,43.3607940673828,-8.84171009063721,"Unknown"
"7014852",371861,2025-07-27 13:50:02,43.3603172302246,-8.84138774871826,"Unknown"
"7014852",371861,2025-07-27 13:55:12,43.3604927062988,-8.84135627746582,"Unknown"
"7014852",371861,2025-07-27 14:00:00,43.3604278564453,-8.84142875671387,"Unknown"
"7014852",371861,2025-07-27 14:05:03,43.3605117797852,-8.84133148193359,"Unknown"
"7014852",371861,2025-07-27 14:10:03,43.3605880737305,-8.84135341644287,"Unknown"
"7014852",371861,2025-07-27 14:15:03,43.360408782959,-8.84139537811279,"Unknown"
"7014852",371861,2025-07-27 14:20:01,43.3608665466309,-8.84200954437256,"Unknown"
"7014852",371861,2025-07-27 14:25:00,43.3606910705566,-8.8415060043335,"Unknown"
"7014852",371861,2025-07-27 14:30:01,43.3606491088867,-8.84138584136963,"Unknown"
"7014852",371861,2025-07-27 14:35:01,43.3605613708496,-8.84128189086914,"Unknown"
"7014852",371861,2025-07-27 14:40:03,43.3605766296387,-8.84138774871826,"Unknown"
"7014852",371861,2025-07-27 14:45:01,43.360668182373,-8.84153842926025,"Unknown"
"7014852",371861,2025-07-27 14:50:02,43.3607711791992,-8.84163093566895,"Unknown"
"7014852",371861,2025-07-27 14:55:02,43.3605155944824,-8.84123802185059,"Unknown"
"7014852",371861,2025-07-27 15:00:00,43.3605422973633,-8.84121036529541,"Unknown"
"7014852",371861,2025-07-27 15:05:35,43.360279083252,-8.84130191802979,"Unknown"
"7014852",371861,2025-07-27 15:10:00,43.3602638244629,-8.84074306488037,"Unknown"
"7014852",371861,2025-07-27 15:15:00,43.3602104187012,-8.8406457901001,"Unknown"
"7014852",371861,2025-07-27 15:20:00,43.3602981567383,-8.84149932861328,"Unknown"
"7014852",371861,2025-07-27 15:25:01,43.3605461120605,-8.84118175506592,"Unknown"
"7014852",371861,2025-07-27 15:30:01,43.360652923584,-8.84133815765381,"Unknown"
"7014852",371861,2025-07-27 15:35:00,43.3608322143555,-8.84084987640381,"Unknown"
"7014852",371861,2025-07-27 15:40:00,43.3609085083008,-8.8419017791748,"Unknown"
"7014852",371861,2025-07-27 15:45:00,43.3611335754395,-8.84133720397949,"Unknown"
"7014852",371861,2025-07-27 15:50:02,43.3610038757324,-8.8418607711792,"Unknown"
"7014852",371861,2025-07-27 15:55:00,43.3607978820801,-8.84226894378662,"Unknown"
"7014852",371861,2025-07-27 16:00:00,43.3605842590332,-8.84138011932373,"Unknown"
"7014852",371861,2025-07-27 16:05:01,43.3600921630859,-8.84111309051514,"Unknown"
"7014852",371861,2025-07-27 16:10:01,43.3604393005371,-8.84128189086914,"Unknown"
"7014852",371861,2025-07-27 16:15:01,43.3604125976562,-8.84135246276855,"Unknown"
"7014852",371861,2025-07-27 16:20:00,43.3604621887207,-8.84123992919922,"Unknown"
"7014852",371861,2025-07-27 16:25:01,43.3604316711426,-8.84137153625488,"Unknown"
"7014852",371861,2025-07-27 16:30:01,43.3603973388672,-8.84168720245361,"Unknown"
"7014852",371861,2025-07-27 16:35:00,43.3555908203125,-8.83525276184082,"Unknown"
"7014852",371861,2025-07-27 16:40:08,43.3609008789062,-8.84145545959473,"Unknown"
"7014852",371861,2025-07-27 16:45:00,43.3607444763184,-8.84190464019775,"Unknown"
"7014852",371861,2025-07-27 16:50:00,43.3606071472168,-8.84188556671143,"Unknown"
"7014852",371861,2025-07-27 16:55:01,43.3605308532715,-8.84169769287109,"Unknown"
"7014852",371861,2025-07-27 17:00:00,43.360523223877,-8.84147357940674,"Unknown"
"7014852",371861,2025-07-27 17:05:00,43.3605041503906,-8.84171104431152,"Unknown"
"7014852",371861,2025-07-27 17:10:00,43.360538482666,-8.8416690826416,"Unknown"
"7014852",371861,2025-07-27 17:15:00,43.3604164123535,-8.84162330627441,"Unknown"
"7014852",371861,2025-07-27 17:20:00,43.3605613708496,-8.84164047241211,"Unknown"
"7014852",371861,2025-07-27 17:25:00,43.3605995178223,-8.84145927429199,"Unknown"
"7014852",371861,2025-07-27 17:30:35,43.3602294921875,-8.84167098999023,"Unknown"
"7014852",371861,2025-07-27 17:35:00,43.3605194091797,-8.84139347076416,"Unknown"
"7014852",371861,2025-07-27 17:40:00,43.3602981567383,-8.84144687652588,"Unknown"
"7014852",371861,2025-07-27 17:45:00,43.3604393005371,-8.84134674072266,"Unknown"
"7014852",371861,2025-07-27 17:50:00,43.3603286743164,-8.84125328063965,"Unknown"
"7014852",371861,2025-07-27 17:55:00,43.3603172302246,-8.84115886688232,"Unknown"
"7014852",371861,2025-07-27 18:00:00,43.3585205078125,-8.83309650421143,"Unknown"
"7014852",371861,2025-07-27 18:05:00,43.3369483947754,-8.8295431137085,"Unknown"
"7014852",371861,2025-07-27 18:10:00,43.3201217651367,-8.81954002380371,"Unknown"
"7014852",371861,2025-07-27 18:15:00,43.3158531188965,-8.8222770690918,"Unknown"
"7014852",371861,2025-07-27 18:20:00,43.3123359680176,-8.81704425811768,"Unknown"
"7014852",371861,2025-07-27 18:25:00,43.315559387207,-8.81913757324219,"Unknown"
"7014852",371861,2025-07-27 18:30:00,43.3181266784668,-8.81850910186768,"Unknown"
"7014852",371861,2025-07-27 18:35:00,43.3183746337891,-8.8285436630249,"Unknown"
"7014852",371861,2025-07-27 18:40:01,43.3175888061523,-8.82919979095459,"Unknown"
"7014852",371861,2025-07-27 18:45:01,43.3143653869629,-8.82734298706055,"Unknown"
"7014852",371861,2025-07-27 18:50:01,43.3127136230469,-8.82683181762695,"Unknown"
"7014852",371861,2025-07-27 18:55:01,43.3129043579102,-8.82404136657715,"Unknown"
"7014852",371861,2025-07-27 19:00:00,43.3152198791504,-8.82316970825195,"Unknown"
"7014852",371861,2025-07-27 19:05:01,43.3293304443359,-8.82231140136719,"Unknown"
"7014852",371861,2025-07-27 19:10:04,43.3340339660645,-8.82803440093994,"Unknown"
"7014852",371861,2025-07-27 19:15:04,43.3357124328613,-8.8280668258667,"Unknown"
"7014852",371861,2025-07-27 19:20:01,43.3367919921875,-8.82840633392334,"Unknown"
"7014852",371861,2025-07-27 19:25:01,43.3602676391602,-8.83406925201416,"Unknown"
"7014852",371861,2025-07-27 19:30:01,43.3633346557617,-8.83660411834717,"Unknown"
"7014852",371861,2025-07-27 19:35:02,43.3599662780762,-8.84079265594482,"Unknown"
"7014852",371861,2025-07-27 19:40:01,43.3606338500977,-8.84093570709229,"Unknown"
"7014852",371861,2025-07-27 19:45:01,43.3606109619141,-8.84101867675781,"Unknown"
"7014852",371861,2025-07-27 19:50:00,43.3606147766113,-8.84100341796875,"Unknown"
"7014852",371861,2025-07-27 19:55:01,43.3606872558594,-8.84103870391846,"Unknown"
"7014852",371861,2025-07-27 20:00:01,43.3605346679688,-8.84106063842773,"Unknown"
"7014852",371861,2025-07-27 20:05:00,43.3606262207031,-8.84136962890625,"Unknown"
"7014852",371861,2025-07-27 20:10:00,43.3605537414551,-8.84111785888672,"Unknown"
"7014852",371861,2025-07-27 20:15:01,43.3607788085938,-8.84116077423096,"Unknown"
"7014852",371861,2025-07-27 20:20:00,43.3609199523926,-8.84118556976318,"Unknown"
"7014852",371861,2025-07-27 20:25:01,43.3612785339355,-8.84098339080811,"Unknown"
"7014852",371861,2025-07-27 20:30:01,43.3611145019531,-8.84102916717529,"Unknown"
"7014852",371861,2025-07-27 20:35:10,43.3603019714355,-8.84133338928223,"Unknown"
"7014852",371861,2025-07-27 20:40:00,43.3603935241699,-8.84130001068115,"Unknown"
"7014852",371861,2025-07-27 20:46:44,43.3600883483887,-8.84130096435547,"Unknown"
"7014852",371861,2025-07-28 01:47:05,43.3603439331055,-8.84158229827881,"Unknown"
"7014852",371861,2025-07-28 05:26:03,43.3607749938965,-8.8408203125,"Unknown"
"7014852",371861,2025-07-28 05:31:03,43.360652923584,-8.84176635742188,"Unknown"
"7014852",371861,2025-07-28 05:36:01,43.3606605529785,-8.84173393249512,"Unknown"
"7014852",371861,2025-07-28 05:41:07,43.3608512878418,-8.84160327911377,"Unknown"
"7014852",371861,2025-07-28 05:46:01,43.3607292175293,-8.8416690826416,"Unknown"
"7014852",371861,2025-07-28 05:51:09,43.3607597351074,-8.84165573120117,"Unknown"
"7014852",371861,2025-07-28 05:56:04,43.360668182373,-8.84176731109619,"Unknown"
"7014852",371861,2025-07-28 06:01:02,43.3606605529785,-8.84227180480957,"Unknown"
"7014852",371861,2025-07-28 06:06:08,43.3603744506836,-8.84176731109619,"Unknown"
"7014852",371861,2025-07-28 06:11:04,43.3608131408691,-8.84166240692139,"Unknown"
"7014852",371861,2025-07-28 06:16:04,43.3605117797852,-8.84165096282959,"Unknown"
"7014852",371861,2025-07-28 06:22:24,43.3610916137695,-8.84417533874512,"Unknown"
"7014852",371861,2025-07-28 06:26:34,43.3610000610352,-8.84408950805664,"Unknown"
"7014852",371861,2025-07-28 06:31:01,43.36279296875,-8.84619426727295,"Unknown"
"7014852",371861,2025-07-28 06:36:02,43.3600883483887,-8.84098243713379,"Unknown"
"7014852",371861,2025-07-28 06:41:04,43.3605270385742,-8.84130668640137,"Unknown"
"7014852",371861,2025-07-28 06:46:01,43.3604545593262,-8.8414134979248,"Unknown"
"7014852",371861,2025-07-28 06:51:03,43.360523223877,-8.84151744842529,"Unknown"
"7014852",371861,2025-07-28 06:56:02,43.3607292175293,-8.84154415130615,"Unknown"
"7014852",371861,2025-07-28 07:01:11,43.3606910705566,-8.84144306182861,"Unknown"
"7014852",371861,2025-07-28 07:06:02,43.3607215881348,-8.84139156341553,"Unknown"
"7014852",371861,2025-07-28 07:11:01,43.3608016967773,-8.84145450592041,"Unknown"
"7014852",371861,2025-07-28 07:16:02,43.360595703125,-8.84116744995117,"Unknown"
"7014852",371861,2025-07-28 07:21:02,43.3607444763184,-8.84096336364746,"Unknown"
"7014852",371861,2025-07-28 07:26:20,43.3603439331055,-8.84145736694336,"Unknown"
"7014852",371861,2025-07-28 07:31:01,43.3609809875488,-8.84110736846924,"Unknown"
"7014852",371861,2025-07-28 07:36:02,43.3608932495117,-8.84095668792725,"Unknown"
"7014852",371861,2025-07-28 07:41:02,43.3609046936035,-8.84139537811279,"Unknown"
"7014852",371861,2025-07-28 07:46:03,43.3607292175293,-8.84143257141113,"Unknown"
"7014852",371861,2025-07-28 07:51:03,43.3607597351074,-8.83925342559814,"Unknown"
"7014852",371861,2025-07-28 07:56:06,43.3608016967773,-8.84150314331055,"Unknown"
"7014852",371861,2025-07-28 08:01:08,43.3605117797852,-8.84164905548096,"Unknown"
"7014852",371861,2025-07-28 08:06:06,43.3605804443359,-8.84179878234863,"Unknown"
"7014852",371861,2025-07-28 08:11:08,43.3607749938965,-8.84163951873779,"Unknown"
"7014852",371861,2025-07-28 08:16:08,43.3608055114746,-8.84165382385254,"Unknown"
"7014852",371861,2025-07-28 08:21:09,43.3606719970703,-8.84178638458252,"Unknown"
"7014852",371861,2025-07-28 08:26:08,43.3607482910156,-8.84171581268311,"Unknown"
"7014852",371861,2025-07-28 08:31:13,43.3606910705566,-8.84163761138916,"Unknown"
"7014852",371861,2025-07-28 08:36:06,43.360767364502,-8.84157943725586,"Unknown"
"7014852",371861,2025-07-28 08:41:15,43.3606262207031,-8.84184265136719,"Unknown"
"7014852",371861,2025-07-28 08:46:09,43.3606376647949,-8.84151172637939,"Unknown"
"7014852",371861,2025-07-28 08:51:08,43.3606414794922,-8.84151935577393,"Unknown"
"7014852",371861,2025-07-28 08:56:08,43.3606185913086,-8.84160709381104,"Unknown"
"7014852",371861,2025-07-28 09:01:09,43.3598022460938,-8.84136772155762,"Unknown"
"7014852",371861,2025-07-28 09:06:07,43.3605079650879,-8.84161853790283,"Unknown"
"7014852",371861,2025-07-28 09:11:07,43.3604888916016,-8.84160614013672,"Unknown"
"7014852",371861,2025-07-28 09:16:07,43.3604125976562,-8.84159183502197,"Unknown"
"7014852",371861,2025-07-28 09:21:07,43.3604049682617,-8.84168815612793,"Unknown"
"7014852",371861,2025-07-28 09:26:03,43.3605880737305,-8.84115028381348,"Unknown"
"7014852",371861,2025-07-28 09:31:06,43.3602600097656,-8.84126091003418,"Unknown"
"7014852",371861,2025-07-28 09:36:08,43.3602142333984,-8.84128475189209,"Unknown"
"7014852",371861,2025-07-28 09:41:27,43.3603057861328,-8.84120273590088,"Unknown"
"7014852",371861,2025-07-28 09:46:31,43.3604011535645,-8.84120559692383,"Unknown"
"7014852",371861,2025-07-28 09:51:03,43.3604736328125,-8.84125328063965,"Unknown"
"7014852",371861,2025-07-28 09:56:08,43.3606147766113,-8.84117698669434,"Unknown"
"7014852",371861,2025-07-28 10:01:09,43.3603744506836,-8.84110260009766,"Unknown"
"7014852",371861,2025-07-28 10:06:03,43.3605499267578,-8.84131050109863,"Unknown"
"7014852",371861,2025-07-28 10:11:07,43.3603477478027,-8.84154033660889,"Unknown"
"7014852",371861,2025-07-28 10:16:34,43.3603591918945,-8.84135341644287,"Unknown"
"7014852",371861,2025-07-28 10:21:02,43.3603439331055,-8.84134006500244,"Unknown"
"7014852",371861,2025-07-28 10:26:01,43.3608589172363,-8.84264183044434,"Unknown"
"7014852",371861,2025-07-28 10:31:01,43.3602104187012,-8.84133815765381,"Unknown"
"7014852",371861,2025-07-28 10:36:01,43.3603248596191,-8.84129524230957,"Unknown"
"7014852",371861,2025-07-28 10:41:01,43.3601570129395,-8.84161186218262,"Unknown"
"7014852",371861,2025-07-28 10:46:01,43.3603591918945,-8.84138202667236,"Unknown"
"7014852",371861,2025-07-28 10:51:01,43.3603477478027,-8.8413724899292,"Unknown"
"7014852",371861,2025-07-28 10:56:00,43.3603591918945,-8.84135341644287,"Unknown"
"7014852",371861,2025-07-28 11:01:01,43.3595924377441,-8.85820484161377,"Unknown"
"7014852",371861,2025-07-28 11:06:01,43.3765563964844,-8.88653755187988,"Unknown"
"7014852",371861,2025-07-28 11:11:00,43.3988761901855,-8.89233875274658,"Unknown"
"7014852",371861,2025-07-28 11:16:00,43.4208831787109,-8.90506458282471,"Unknown"
"7014852",371861,2025-07-28 11:21:00,43.4380035400391,-8.89795207977295,"Unknown"
"7014852",371861,2025-07-28 11:26:00,43.440113067627,-8.89216709136963,"Unknown"
"7014852",371861,2025-07-28 11:31:01,43.4419898986816,-8.88625335693359,"Unknown"
"7014852",371861,2025-07-28 11:36:01,43.4437408447266,-8.88085269927979,"Unknown"
"7014852",371861,2025-07-28 11:41:01,43.4458923339844,-8.87488460540771,"Unknown"
"7014852",371861,2025-07-28 11:46:01,43.4479293823242,-8.86926174163818,"Unknown"
"7014852",371861,2025-07-28 11:51:01,43.4501991271973,-8.86330032348633,"Unknown"
"7014852",371861,2025-07-28 11:56:02,43.4515113830566,-8.86195087432861,"Unknown"
"7014852",371861,2025-07-28 12:01:01,43.4436492919922,-8.84888744354248,"Unknown"
"7014852",371861,2025-07-28 12:06:01,43.404655456543,-8.84961318969727,"Unknown"
"7014852",371861,2025-07-28 12:11:01,43.3741798400879,-8.85119533538818,"Unknown"
"7014852",371861,2025-07-28 12:16:01,43.3408050537109,-8.85368156433105,"Unknown"
"7014852",371861,2025-07-28 12:21:03,43.3142242431641,-8.85733509063721,"Unknown"
"7014852",371861,2025-07-28 12:26:01,43.3151321411133,-8.8585033416748,"Unknown"
"7014852",371861,2025-07-28 12:31:03,43.3191184997559,-8.89106369018555,"Unknown"
"7014852",371861,2025-07-28 12:36:03,43.2905731201172,-8.95374870300293,"Unknown"
"7014852",371861,2025-07-28 12:41:01,43.2595138549805,-8.9970588684082,"Unknown"
"7014852",371861,2025-07-28 12:46:02,43.2231864929199,-9.01463794708252,"Unknown"
"7014852",371861,2025-07-28 12:51:02,43.1886520385742,-9.08372497558594,"Unknown"
"7014852",371861,2025-07-28 12:56:07,43.1832122802734,-9.09159660339355,"Unknown"
"7014852",371861,2025-07-28 13:01:06,43.1826591491699,-9.09240627288818,"Unknown"
"7014852",371861,2025-07-28 13:06:31,43.1829643249512,-9.09256839752197,"Unknown"
"7014852",371861,2025-07-28 13:11:06,43.1828498840332,-9.09221076965332,"Unknown"
"7014852",371861,2025-07-28 13:16:02,43.1844635009766,-9.09603691101074,"Unknown"
"7014852",371861,2025-07-28 13:21:02,43.1854934692383,-9.09131145477295,"Unknown"
"7014852",371861,2025-07-28 13:26:02,43.1835556030273,-9.09300708770752,"Unknown"
"7014852",371861,2025-07-28 13:31:03,43.1876831054688,-9.09689521789551,"Unknown"
"7014852",371861,2025-07-28 13:36:04,43.1817016601562,-9.07551574707031,"Unknown"
"7014852",371861,2025-07-28 13:41:02,43.1879539489746,-9.050217628479,"Unknown"
"7014852",371861,2025-07-28 13:46:08,43.193229675293,-9.04205513000488,"Unknown"
"7014852",371861,2025-07-28 13:51:04,43.1968154907227,-9.03521537780762,"Unknown"
"7014852",371861,2025-07-28 13:56:03,43.2154121398926,-9.02048301696777,"Unknown"
"7014852",371861,2025-07-28 14:01:32,43.2160682678223,-8.99747276306152,"Unknown"
"7014852",371861,2025-07-28 14:06:00,43.2158584594727,-8.99757480621338,"Unknown"
"7014852",371861,2025-07-28 14:11:00,43.2161293029785,-8.9974250793457,"Unknown"
"7014852",371861,2025-07-28 14:16:01,43.2259368896484,-8.98595237731934,"Unknown"
"7014852",371861,2025-07-28 14:21:01,43.2295265197754,-8.96771717071533,"Unknown"
"7014852",371861,2025-07-28 14:26:00,43.2348594665527,-8.95358276367188,"Unknown"
"7014852",371861,2025-07-28 14:31:00,43.2537002563477,-8.9511604309082,"Unknown"
"7014852",371861,2025-07-28 14:36:00,43.2696342468262,-8.95882892608643,"Unknown"
"7014852",371861,2025-07-28 14:41:02,43.2894668579102,-8.95780944824219,"Unknown"
"7014852",371861,2025-07-28 14:46:02,43.289119720459,-8.93257904052734,"Unknown"
"7014852",371861,2025-07-28 14:51:02,43.2962989807129,-8.909423828125,"Unknown"
"7014852",371861,2025-07-28 14:56:01,43.3177185058594,-8.9090633392334,"Unknown"
"7014852",371861,2025-07-28 15:01:02,43.3193893432617,-8.88817119598389,"Unknown"
"7014852",371861,2025-07-28 15:06:02,43.3210182189941,-8.86408042907715,"Unknown"
"7014852",371861,2025-07-28 15:11:01,43.3250427246094,-8.84762096405029,"Unknown"
"7014852",371861,2025-07-28 15:16:01,43.3411827087402,-8.83895206451416,"Unknown"
"7014852",371861,2025-07-28 15:21:01,43.3546676635742,-8.83272743225098,"Unknown"
"7014852",371861,2025-07-28 15:26:04,43.3603553771973,-8.84128189086914,"Unknown"
"7014852",371861,2025-07-28 15:31:07,43.3603210449219,-8.84132194519043,"Unknown"
"7014852",371861,2025-07-28 15:36:03,43.3605995178223,-8.84149742126465,"Unknown"
"7014852",371861,2025-07-28 15:41:08,43.3604125976562,-8.84133243560791,"Unknown"
"7014852",371861,2025-07-28 15:46:01,43.3606872558594,-8.84170818328857,"Unknown"
"7014852",371861,2025-07-28 15:51:06,43.3601112365723,-8.84110164642334,"Unknown"
"7014852",371861,2025-07-28 15:56:03,43.3603057861328,-8.8412914276123,"Unknown"
"7014852",371861,2025-07-28 16:01:06,43.3606033325195,-8.84165573120117,"Unknown"
"7014852",371861,2025-07-28 16:06:02,43.3607177734375,-8.84171485900879,"Unknown"
"7014852",371861,2025-07-28 16:11:04,43.3608589172363,-8.84207439422607,"Unknown"
"7014852",371861,2025-07-28 16:16:02,43.3609199523926,-8.84217071533203,"Unknown"
"7014852",371861,2025-07-28 16:21:02,43.3609428405762,-8.84224033355713,"Unknown"
"7014852",371861,2025-07-28 16:26:10,43.3603668212891,-8.8413610458374,"Unknown"
"7014852",371861,2025-07-28 16:31:02,43.3603210449219,-8.84159564971924,"Unknown"
"7014852",371861,2025-07-28 16:36:01,43.3603668212891,-8.84140396118164,"Unknown"
"7014852",371861,2025-07-28 16:41:02,43.3603820800781,-8.8415584564209,"Unknown"
"7014852",371861,2025-07-28 16:46:10,43.3603973388672,-8.84140586853027,"Unknown"
"7014852",371861,2025-07-28 16:51:02,43.3602142333984,-8.84126949310303,"Unknown"
"7014852",371861,2025-07-28 16:56:01,43.3603324890137,-8.84125518798828,"Unknown"
"7014852",371861,2025-07-28 17:01:03,43.3605422973633,-8.8415002822876,"Unknown"
"7014852",371861,2025-07-28 17:06:08,43.3604545593262,-8.84159374237061,"Unknown"
"7014852",371861,2025-07-28 17:11:06,43.3604202270508,-8.8414421081543,"Unknown"
"7014852",371861,2025-07-28 17:16:09,43.360237121582,-8.84111976623535,"Unknown"
"7014852",371861,2025-07-28 17:21:03,43.360523223877,-8.84146499633789,"Unknown"
"7014852",371861,2025-07-28 17:26:13,43.3604583740234,-8.84142589569092,"Unknown"
"7014852",371861,2025-07-28 17:31:01,43.3602828979492,-8.84116172790527,"Unknown"
"7014852",371861,2025-07-28 17:36:13,43.3608512878418,-8.84138107299805,"Unknown"
"7014852",371861,2025-07-28 17:41:04,43.3606643676758,-8.84177303314209,"Unknown"
"7014852",371861,2025-07-28 17:46:07,43.3606986999512,-8.84145641326904,"Unknown"
"7014852",371861,2025-07-28 17:51:07,43.3608055114746,-8.841628074646,"Unknown"
"7014852",371861,2025-07-28 17:56:11,43.3602561950684,-8.8414478302002,"Unknown"
"7014852",371861,2025-07-28 18:01:02,43.3608856201172,-8.84126853942871,"Unknown"
"7014852",371861,2025-07-28 18:06:06,43.3603935241699,-8.84135150909424,"Unknown"
"7014852",371861,2025-07-28 18:11:04,43.3602828979492,-8.84132766723633,"Unknown"
"7014852",371861,2025-07-28 18:16:04,43.3603401184082,-8.84146404266357,"Unknown"
"7014852",371861,2025-07-28 18:21:02,43.3601531982422,-8.84119319915771,"Unknown"
"7014852",371861,2025-07-28 18:26:06,43.3600692749023,-8.84150505065918,"Unknown"
"7014852",371861,2025-07-28 18:31:06,43.3625564575195,-8.83670043945312,"Unknown"
"7014852",371861,2025-07-28 18:36:12,43.360221862793,-8.84115695953369,"Unknown"
"7014852",371861,2025-07-28 18:41:09,43.3602828979492,-8.84113883972168,"Unknown"
"7014852",371861,2025-07-28 18:46:09,43.3601989746094,-8.84107398986816,"Unknown"
"7014852",371861,2025-07-28 18:51:03,43.3602561950684,-8.84051609039307,"Unknown"
"7014852",371861,2025-07-28 18:56:10,43.3602485656738,-8.8413610458374,"Unknown"
"7014852",371861,2025-07-28 19:01:01,43.360294342041,-8.84176731109619,"Unknown"
"7014852",371861,2025-07-28 19:06:32,43.3603134155273,-8.84140586853027,"Unknown"
"7014852",371861,2025-07-28 19:11:00,43.3604125976562,-8.84140872955322,"Unknown"
"7014852",371861,2025-07-28 19:16:00,43.3603897094727,-8.84140300750732,"Unknown"
"7014852",371861,2025-07-28 19:21:00,43.3603706359863,-8.84135627746582,"Unknown"
"7014852",371861,2025-07-28 19:26:01,43.3603858947754,-8.84138584136963,"Unknown"
"7014852",371861,2025-07-28 19:31:01,43.3603477478027,-8.84130954742432,"Unknown"
"7014852",371861,2025-07-28 19:36:01,43.3604469299316,-8.84137344360352,"Unknown"
"7014852",371861,2025-07-28 19:41:01,43.3604202270508,-8.84140968322754,"Unknown"
"7014852",371861,2025-07-28 19:46:01,43.3604850769043,-8.84139442443848,"Unknown"
"7014852",371861,2025-07-28 19:51:06,43.3608093261719,-8.84086608886719,"Unknown"
"7014852",371861,2025-07-28 19:56:14,43.360294342041,-8.84137058258057,"Unknown"
"7014852",371861,2025-07-28 20:01:01,43.3604125976562,-8.84147453308105,"Unknown"
"7014852",371861,2025-07-28 20:06:01,43.3604393005371,-8.84147834777832,"Unknown"
"7014852",371861,2025-07-28 20:11:01,43.3603706359863,-8.84146213531494,"Unknown"
"7014852",371861,2025-07-28 20:16:01,43.3603515625,-8.84143733978271,"Unknown"
"7014852",371861,2025-07-28 20:21:01,43.3603782653809,-8.84153842926025,"Unknown"
"7014852",371861,2025-07-28 20:26:01,43.3603477478027,-8.84147071838379,"Unknown"
"7014852",371861,2025-07-28 20:31:01,43.3603363037109,-8.84153461456299,"Unknown"
"7014852",371861,2025-07-28 20:36:01,43.3602828979492,-8.84141063690186,"Unknown"
"7014852",371861,2025-07-28 20:41:02,43.3597183227539,-8.8420295715332,"Unknown"
"7014852",371861,2025-07-28 20:45:43,43.3602066040039,-8.84152317047119,"Unknown"
"7014852",371861,2025-07-29 01:45:59,43.3603477478027,-8.84141826629639,"Unknown"
"7014852",371861,2025-07-29 05:27:23,43.3497619628906,-8.86630821228027,"Unknown"
"7014852",371861,2025-07-29 05:31:59,43.3504371643066,-8.92262744903564,"Unknown"
"7014852",371861,2025-07-29 05:36:52,43.3465042114258,-8.97755241394043,"Unknown"
"7014852",371861,2025-07-29 05:41:53,43.3318519592285,-9.02683448791504,"Unknown"
"7014852",371861,2025-07-29 05:46:53,43.2893218994141,-9.05422878265381,"Unknown"
"7014852",371861,2025-07-29 05:51:54,43.2407913208008,-9.08255386352539,"Unknown"
"7014852",371861,2025-07-29 05:56:53,43.1962432861328,-9.09562015533447,"Unknown"
"7014852",371861,2025-07-29 06:02:05,43.1828308105469,-9.09249496459961,"Unknown"
"7014852",371861,2025-07-29 06:07:03,43.184700012207,-9.09139633178711,"Unknown"
"7014852",371861,2025-07-29 06:12:06,43.1836853027344,-9.09265041351318,"Unknown"
"7014852",371861,2025-07-29 06:17:22,43.1835746765137,-9.09271240234375,"Unknown"
"7014852",371861,2025-07-29 06:22:14,43.1837272644043,-9.09272956848145,"Unknown"
"7014852",371861,2025-07-29 06:27:06,43.1824645996094,-9.09174156188965,"Unknown"
"7014852",371861,2025-07-29 06:37:11,43.1827125549316,-9.09234523773193,"Unknown"
"7014852",371861,2025-07-29 06:41:58,43.1824417114258,-9.09238719940186,"Unknown"
"7014852",371861,2025-07-29 06:47:23,43.183292388916,-9.09362506866455,"Unknown"
"7014852",371861,2025-07-29 06:51:58,43.1828689575195,-9.0925178527832,"Unknown"
"7014852",371861,2025-07-29 06:56:55,43.1829414367676,-9.09247493743896,"Unknown"
"7014852",371861,2025-07-29 07:01:51,43.1824493408203,-9.09230041503906,"Unknown"
"7014852",371861,2025-07-29 07:06:50,43.1830902099609,-9.09299373626709,"Unknown"
"7014852",371861,2025-07-29 07:11:50,43.1831436157227,-9.09264850616455,"Unknown"
"7014852",371861,2025-07-29 07:16:49,43.1870422363281,-9.09603214263916,"Unknown"
"7014852",371861,2025-07-29 07:21:49,43.1829605102539,-9.08488655090332,"Unknown"
"7014852",371861,2025-07-29 07:26:48,43.184398651123,-9.0617618560791,"Unknown"
"7014852",371861,2025-07-29 07:31:50,43.194652557373,-9.04006862640381,"Unknown"
"7014852",371861,2025-07-29 07:36:49,43.1957168579102,-9.0400447845459,"Unknown"
"7014852",371861,2025-07-29 07:41:50,43.195671081543,-9.04011344909668,"Unknown"
"7014852",371861,2025-07-29 07:46:52,43.1957473754883,-9.04007911682129,"Unknown"
"7014852",371861,2025-07-29 07:51:52,43.1956748962402,-9.03991317749023,"Unknown"
"7014852",371861,2025-07-29 07:56:58,43.1956596374512,-9.03997993469238,"Unknown"
"7014852",371861,2025-07-29 08:01:56,43.1956520080566,-9.04000854492188,"Unknown"
"7014852",371861,2025-07-29 08:06:54,43.1948890686035,-9.04017639160156,"Unknown"
"7014852",371861,2025-07-29 08:11:54,43.1956214904785,-9.03989028930664,"Unknown"
"7014852",371861,2025-07-29 08:16:59,43.1956062316895,-9.0399112701416,"Unknown"
"7014852",371861,2025-07-29 08:21:58,43.1956443786621,-9.03987407684326,"Unknown"
"7014852",371861,2025-07-29 08:26:56,43.1956672668457,-9.03980731964111,"Unknown"
"7014852",371861,2025-07-29 08:31:52,43.1956329345703,-9.03958129882812,"Unknown"
"7014852",371861,2025-07-29 08:36:58,43.1955947875977,-9.03986358642578,"Unknown"
"7014852",371861,2025-07-29 08:41:52,43.1949691772461,-9.0396556854248,"Unknown"
"7014852",371861,2025-07-29 08:46:52,43.1957130432129,-9.0397310256958,"Unknown"
"7014852",371861,2025-07-29 08:52:14,43.1957740783691,-9.03982353210449,"Unknown"
"7014852",371861,2025-07-29 08:56:49,43.19580078125,-9.03989601135254,"Unknown"
"7014852",371861,2025-07-29 09:01:53,43.1957397460938,-9.03980255126953,"Unknown"
"7014852",371861,2025-07-29 09:06:51,43.1960945129395,-9.03957271575928,"Unknown"
"7014852",371861,2025-07-29 09:11:49,43.1959381103516,-9.0397253036499,"Unknown"
"7014852",371861,2025-07-29 09:17:00,43.1965141296387,-9.03913497924805,"Unknown"
"7014852",371861,2025-07-29 09:21:51,43.1964530944824,-9.03852367401123,"Unknown"
"7014852",371861,2025-07-29 09:26:53,43.2138977050781,-9.02795791625977,"Unknown"
"7014852",371861,2025-07-29 09:31:52,43.220703125,-9.00727272033691,"Unknown"
"7014852",371861,2025-07-29 09:37:04,43.2356948852539,-8.99588012695312,"Unknown"
"7014852",371861,2025-07-29 09:47:59,43.2621726989746,-8.96269035339355,"Unknown"
"7014852",371861,2025-07-29 09:52:59,43.2712097167969,-8.9595365524292,"Unknown"
"7014852",371861,2025-07-29 09:56:48,43.2745056152344,-8.95569610595703,"Unknown"
"7014852",371861,2025-07-29 10:01:52,43.2913436889648,-8.94965267181396,"Unknown"
"7014852",371861,2025-07-29 10:06:49,43.2919158935547,-8.9252233505249,"Unknown"
"7014852",371861,2025-07-29 10:11:49,43.3051605224609,-8.9062032699585,"Unknown"
"7014852",371861,2025-07-29 10:16:49,43.3209381103516,-8.90226459503174,"Unknown"
"7014852",371861,2025-07-29 10:21:53,43.3200492858887,-8.88092041015625,"Unknown"
"7014852",371861,2025-07-29 10:26:50,43.3246154785156,-8.86209774017334,"Unknown"
"7014852",371861,2025-07-29 10:31:50,43.3392639160156,-8.84598541259766,"Unknown"
"7014852",371861,2025-07-29 10:36:49,43.3489151000977,-8.83622360229492,"Unknown"
"7014852",371861,2025-07-29 10:41:52,43.3604011535645,-8.84138965606689,"Unknown"
"7014852",371861,2025-07-29 10:46:51,43.3601112365723,-8.84141445159912,"Unknown"
"7014852",371861,2025-07-29 10:51:49,43.3603897094727,-8.84132289886475,"Unknown"
"7014852",371861,2025-07-29 10:56:50,43.3600959777832,-8.84144973754883,"Unknown"
"7014852",371861,2025-07-29 11:01:50,43.3604125976562,-8.84152221679688,"Unknown"
"7014852",371861,2025-07-29 11:06:51,43.3600387573242,-8.84150886535645,"Unknown"
"7014852",371861,2025-07-29 11:11:50,43.3604278564453,-8.84150791168213,"Unknown"
"7014852",371861,2025-07-29 11:16:51,43.3603439331055,-8.84150314331055,"Unknown"
"7014852",371861,2025-07-29 11:21:51,43.3602294921875,-8.84143924713135,"Unknown"
"7014852",371861,2025-07-29 11:26:52,43.3603782653809,-8.84151077270508,"Unknown"
"7014852",371861,2025-07-29 11:31:52,43.3602409362793,-8.84132194519043,"Unknown"
"7014852",371861,2025-07-29 11:36:52,43.3604850769043,-8.84150981903076,"Unknown"
"7014852",371861,2025-07-29 11:41:52,43.3603591918945,-8.84145545959473,"Unknown"
"7014852",371861,2025-07-29 11:47:20,43.3603591918945,-8.84134769439697,"Unknown"
"7014852",371861,2025-07-29 11:51:48,43.3603439331055,-8.84142398834229,"Unknown"
"7014852",371861,2025-07-29 11:56:48,43.3603553771973,-8.841383934021,"Unknown"
"7014852",371861,2025-07-29 12:01:49,43.3603286743164,-8.84141063690186,"Unknown"
"7014852",371861,2025-07-29 12:06:49,43.3603248596191,-8.84134197235107,"Unknown"
"7014852",371861,2025-07-29 12:11:48,43.3603019714355,-8.84129333496094,"Unknown"
"7014852",371861,2025-07-29 12:16:49,43.3602294921875,-8.84121131896973,"Unknown"
"7014852",371861,2025-07-29 12:21:49,43.3603096008301,-8.84136199951172,"Unknown"
"7014852",371861,2025-07-29 12:26:49,43.3604278564453,-8.84148502349854,"Unknown"
"7014852",371861,2025-07-29 12:31:49,43.3603744506836,-8.84142875671387,"Unknown"
"7014852",371861,2025-07-29 12:36:49,43.3604469299316,-8.84151363372803,"Unknown"
"7014852",371861,2025-07-29 12:41:49,43.3603096008301,-8.84128379821777,"Unknown"
"7014852",371861,2025-07-29 12:46:49,43.3602981567383,-8.84132194519043,"Unknown"
"7014852",371861,2025-07-29 12:51:49,43.360221862793,-8.84128379821777,"Unknown"
"7014852",371861,2025-07-29 12:56:51,43.3603630065918,-8.84126949310303,"Unknown"
"7014852",371861,2025-07-29 13:01:51,43.3605003356934,-8.84141254425049,"Unknown"
"7014852",371861,2025-07-29 13:06:50,43.3603134155273,-8.84135437011719,"Unknown"
"7014852",371861,2025-07-29 13:11:58,43.3601455688477,-8.84127521514893,"Unknown"
"7014852",371861,2025-07-29 13:16:51,43.3602333068848,-8.84269046783447,"Unknown"
"7014852",371861,2025-07-29 13:21:50,43.360221862793,-8.84127712249756,"Unknown"
"7014852",371861,2025-07-29 13:27:15,43.3602752685547,-8.84139823913574,"Unknown"
"7014852",371861,2025-07-29 13:31:48,43.3601989746094,-8.84115600585938,"Unknown"
"7014852",371861,2025-07-29 13:36:49,43.3603363037109,-8.84140110015869,"Unknown"
"7014852",371861,2025-07-29 13:41:50,43.3602867126465,-8.84128761291504,"Unknown"
"7014852",371861,2025-07-29 13:47:18,43.3602104187012,-8.84117984771729,"Unknown"
"7014852",371861,2025-07-29 13:51:58,43.360294342041,-8.84135055541992,"Unknown"
"7014852",371861,2025-07-29 13:56:50,43.3601684570312,-8.84108543395996,"Unknown"
"7014852",371861,2025-07-29 14:01:51,43.3599472045898,-8.84074401855469,"Unknown"
"7014852",371861,2025-07-29 14:07:01,43.3600997924805,-8.84092426300049,"Unknown"
"7014852",371861,2025-07-29 14:11:55,43.3598976135254,-8.84060192108154,"Unknown"
"7014852",371861,2025-07-29 14:17:14,43.3601112365723,-8.8414888381958,"Unknown"
"7014852",371861,2025-07-29 14:21:53,43.3599319458008,-8.8417272567749,"Unknown"
"7014852",371861,2025-07-29 14:26:55,43.3604278564453,-8.84122562408447,"Unknown"
"7014852",371861,2025-07-29 14:31:54,43.3604736328125,-8.84137535095215,"Unknown"
"7014852",371861,2025-07-29 14:37:23,43.3603973388672,-8.84133434295654,"Unknown"
"7014852",371861,2025-07-29 14:41:48,43.3604202270508,-8.84130954742432,"Unknown"
"7014852",371861,2025-07-29 14:46:49,43.360424041748,-8.84130954742432,"Unknown"
"7014852",371861,2025-07-29 14:51:48,43.3603706359863,-8.84145164489746,"Unknown"
"7014852",371861,2025-07-29 14:56:49,43.3602523803711,-8.84120750427246,"Unknown"
"7014852",371861,2025-07-29 15:01:48,43.3602828979492,-8.84125232696533,"Unknown"
"7014852",371861,2025-07-29 15:06:48,43.3602638244629,-8.84112739562988,"Unknown"
"7014852",371861,2025-07-29 15:11:48,43.3603973388672,-8.8413553237915,"Unknown"
"7014852",371861,2025-07-29 15:16:49,43.3602867126465,-8.84119701385498,"Unknown"
"7014852",371861,2025-07-29 15:21:49,43.3603210449219,-8.84122657775879,"Unknown"
"7014852",371861,2025-07-29 15:26:49,43.3604202270508,-8.84140014648438,"Unknown"
"7014852",371861,2025-07-29 15:31:49,43.3604125976562,-8.84135246276855,"Unknown"
"7014852",371861,2025-07-29 15:36:49,43.3604316711426,-8.84144115447998,"Unknown"
"7014852",371861,2025-07-29 15:41:49,43.3603668212891,-8.84143161773682,"Unknown"
"7014852",371861,2025-07-29 15:46:49,43.3603210449219,-8.84272575378418,"Unknown"
"7014852",371861,2025-07-29 15:51:50,43.3603096008301,-8.84126853942871,"Unknown"
"7014852",371861,2025-07-29 15:56:50,43.3603248596191,-8.84130191802979,"Unknown"
"7014852",371861,2025-07-29 16:01:50,43.3603744506836,-8.84134292602539,"Unknown"
"7014852",371861,2025-07-29 16:06:50,43.3603248596191,-8.84125804901123,"Unknown"
"7014852",371861,2025-07-29 16:11:52,43.3607521057129,-8.84150695800781,"Unknown"
"7014852",371861,2025-07-29 16:16:51,43.3603324890137,-8.84134769439697,"Unknown"
"7014852",371861,2025-07-29 16:21:49,43.3604774475098,-8.84148597717285,"Unknown"
"7014852",371861,2025-07-29 16:26:51,43.3603935241699,-8.84141826629639,"Unknown"
"7014852",371861,2025-07-29 16:31:53,43.3605995178223,-8.84170341491699,"Unknown"
"7014852",371861,2025-07-29 16:36:52,43.3598365783691,-8.8407506942749,"Unknown"
"7014852",371861,2025-07-29 16:41:51,43.3601913452148,-8.84114742279053,"Unknown"
"7014852",371861,2025-07-29 16:46:52,43.3602714538574,-8.84115886688232,"Unknown"
"7014852",371861,2025-07-29 16:51:51,43.3599395751953,-8.84086990356445,"Unknown"
"7014852",371861,2025-07-29 16:56:52,43.3602981567383,-8.84127521514893,"Unknown"
"7014852",371861,2025-07-29 17:01:50,43.360237121582,-8.84120178222656,"Unknown"
"7014852",371861,2025-07-29 17:06:50,43.3601455688477,-8.84101295471191,"Unknown"
"7014852",371861,2025-07-29 17:11:49,43.3602027893066,-8.84105491638184,"Unknown"
"7014852",371861,2025-07-29 17:16:49,43.359992980957,-8.84066963195801,"Unknown"
"7014852",371861,2025-07-29 17:21:49,43.3600654602051,-8.84079360961914,"Unknown"
"7014852",371861,2025-07-29 17:26:49,43.3602180480957,-8.84126281738281,"Unknown"
"7014852",371861,2025-07-29 17:31:49,43.3603782653809,-8.84142398834229,"Unknown"
"7014852",371861,2025-07-29 17:36:59,43.3603706359863,-8.84120750427246,"Unknown"
"7014852",371861,2025-07-29 17:41:49,43.3601417541504,-8.84116363525391,"Unknown"
"7014852",371861,2025-07-29 17:46:51,43.3602638244629,-8.84117603302002,"Unknown"
"7014852",371861,2025-07-29 17:51:50,43.3602447509766,-8.84121799468994,"Unknown"
"7014852",371861,2025-07-29 17:56:51,43.3603897094727,-8.84135723114014,"Unknown"
"7014852",371861,2025-07-29 18:01:52,43.3592300415039,-8.83201789855957,"Unknown"
"7014852",371861,2025-07-29 18:06:51,43.3517684936523,-8.82487964630127,"Unknown"
"7014852",371861,2025-07-29 18:13:12,43.3534164428711,-8.82719421386719,"Unknown"
"7014852",371861,2025-07-29 18:16:52,43.3606224060059,-8.83322238922119,"Unknown"
"7014852",371861,2025-07-29 18:22:09,43.3601913452148,-8.84109783172607,"Unknown"
"7014852",371861,2025-07-29 18:27:10,43.3602104187012,-8.84112644195557,"Unknown"
"7014852",371861,2025-07-29 18:31:49,43.3602905273438,-8.84127521514893,"Unknown"
"7014852",371861,2025-07-29 18:36:52,43.3600196838379,-8.840651512146,"Unknown"
"7014852",371861,2025-07-29 18:41:53,43.3600196838379,-8.84066200256348,"Unknown"
"7014852",371861,2025-07-29 18:47:14,43.3602447509766,-8.84128856658936,"Unknown"
"7014852",371861,2025-07-29 18:51:52,43.3602409362793,-8.84136772155762,"Unknown"
"7014852",371861,2025-07-29 18:56:55,43.3601036071777,-8.84078025817871,"Unknown"
"7014852",371861,2025-07-29 19:01:52,43.3603248596191,-8.8412914276123,"Unknown"
"7014852",371861,2025-07-29 19:06:50,43.3606796264648,-8.8417797088623,"Unknown"
"7014852",371861,2025-07-29 19:11:56,43.3602447509766,-8.84127902984619,"Unknown"
"7014852",371861,2025-07-29 19:16:50,43.360481262207,-8.84135723114014,"Unknown"
"7014852",371861,2025-07-29 19:21:55,43.3602828979492,-8.84079265594482,"Unknown"
"7014852",371861,2025-07-29 19:26:55,43.3604011535645,-8.84109592437744,"Unknown"
"7014852",371861,2025-07-29 19:32:15,43.3601989746094,-8.84080600738525,"Unknown"
"7014852",371861,2025-07-29 19:37:23,43.3601417541504,-8.84113597869873,"Unknown"
"7014852",371861,2025-07-29 19:41:49,43.3606300354004,-8.84189128875732,"Unknown"
"7014852",371861,2025-07-29 19:46:49,43.3605918884277,-8.84146881103516,"Unknown"
"7014852",371861,2025-07-29 19:51:50,43.3602180480957,-8.84119606018066,"Unknown"
"7014852",371861,2025-07-29 19:56:50,43.3603553771973,-8.84137058258057,"Unknown"
"7014852",371861,2025-07-29 20:01:53,43.3604164123535,-8.84141731262207,"Unknown"
"7014852",371861,2025-07-29 20:06:52,43.3603591918945,-8.84134197235107,"Unknown"
"7014852",371861,2025-07-29 20:11:53,43.3603553771973,-8.84136962890625,"Unknown"
"7014852",371861,2025-07-29 20:16:49,43.3604736328125,-8.84134578704834,"Unknown"
"7014852",371861,2025-07-29 20:21:50,43.3605117797852,-8.84137058258057,"Unknown"
"7014852",371861,2025-07-29 20:26:49,43.3601264953613,-8.84163761138916,"Unknown"
"7014852",371861,2025-07-29 20:32:14,43.3601188659668,-8.84126281738281,"Unknown"
"7014852",371861,2025-07-29 20:36:50,43.3602981567383,-8.84143543243408,"Unknown"
"7014852",371861,2025-07-29 20:41:50,43.3604316711426,-8.84132099151611,"Unknown"
"7014852",371861,2025-07-29 20:44:12,43.3603553771973,-8.84145736694336,"Unknown"
"7014852",371861,2025-07-30 01:44:44,43.3602142333984,-8.84124565124512,"Unknown"
"7014852",371861,2025-07-30 05:34:06,43.2133941650391,-9.08128833770752,"Unknown"
"7014852",371861,2025-07-30 05:38:08,43.1829032897949,-9.09242343902588,"Unknown"
"7014852",371861,2025-07-30 05:43:12,43.182991027832,-9.09270286560059,"Unknown"
"7014852",371861,2025-07-30 05:48:09,43.1830673217773,-9.09248542785645,"Unknown"
"7014852",371861,2025-07-30 05:53:09,43.1837921142578,-9.09269618988037,"Unknown"
"7014852",371861,2025-07-30 05:58:44,43.1832427978516,-9.09296798706055,"Unknown"
"7014852",371861,2025-07-30 06:03:44,43.1806716918945,-9.09203052520752,"Unknown"
"7014852",371861,2025-07-30 06:08:06,43.1799240112305,-9.09278583526611,"Unknown"
"7014852",371861,2025-07-30 06:13:21,43.1833572387695,-9.09309482574463,"Unknown"
"7014852",371861,2025-07-30 06:18:36,43.1837272644043,-9.09321880340576,"Unknown"
"7014852",371861,2025-07-30 06:23:07,43.1834831237793,-9.09371376037598,"Unknown"
"7014852",371861,2025-07-30 06:28:12,43.1829299926758,-9.09272766113281,"Unknown"
"7014852",371861,2025-07-30 06:33:19,43.1829452514648,-9.09261322021484,"Unknown"
"7014852",371861,2025-07-30 06:38:09,43.1836128234863,-9.09291362762451,"Unknown"
"7014852",371861,2025-07-30 06:43:16,43.183650970459,-9.09309387207031,"Unknown"
"7014852",371861,2025-07-30 06:48:09,43.1830215454102,-9.09277439117432,"Unknown"
"7014852",371861,2025-07-30 06:53:21,43.1830787658691,-9.09201717376709,"Unknown"
"7014852",371861,2025-07-30 06:58:09,43.1824951171875,-9.09213161468506,"Unknown"
"7014852",371861,2025-07-30 07:03:09,43.1822624206543,-9.09146976470947,"Unknown"
"7014852",371861,2025-07-30 07:08:08,43.1856956481934,-9.07356071472168,"Unknown"
"7014852",371861,2025-07-30 07:13:08,43.188606262207,-9.04849624633789,"Unknown"
"7014852",371861,2025-07-30 07:18:08,43.1944198608398,-9.03884983062744,"Unknown"
"7014852",371861,2025-07-30 07:23:09,43.1947593688965,-9.03970623016357,"Unknown"
"7014852",371861,2025-07-30 07:28:10,43.2141304016113,-9.02967166900635,"Unknown"
"7014852",371861,2025-07-30 07:33:08,43.222827911377,-9.00455760955811,"Unknown"
"7014852",371861,2025-07-30 07:38:08,43.2366333007812,-8.99783420562744,"Unknown"
"7014852",371861,2025-07-30 07:43:10,43.2520980834961,-8.98389911651611,"Unknown"
"7014852",371861,2025-07-30 07:48:07,43.2677421569824,-8.98106288909912,"Unknown"
"7014852",371861,2025-07-30 07:53:19,43.283332824707,-8.97942638397217,"Unknown"
"7014852",371861,2025-07-30 07:58:20,43.2909240722656,-8.9585428237915,"Unknown"
"7014852",371861,2025-07-30 08:03:35,43.2891845703125,-8.93002319335938,"Unknown"
"7014852",371861,2025-07-30 08:08:11,43.3014373779297,-8.91012573242188,"Unknown"
"7014852",371861,2025-07-30 08:13:11,43.3208847045898,-8.90636920928955,"Unknown"
"7014852",371861,2025-07-30 08:18:10,43.3194046020508,-8.8835506439209,"Unknown"
"7014852",371861,2025-07-30 08:23:10,43.3237991333008,-8.86460494995117,"Unknown"
"7014852",371861,2025-07-30 08:28:10,43.3394508361816,-8.85070610046387,"Unknown"
"7014852",371861,2025-07-30 08:33:37,43.3610687255859,-8.84854412078857,"Unknown"
"7014852",371861,2025-07-30 08:38:09,43.360034942627,-8.83956527709961,"Unknown"
"7014852",371861,2025-07-30 08:43:12,43.3602638244629,-8.84101486206055,"Unknown"
"7014852",371861,2025-07-30 08:48:19,43.3602905273438,-8.84140300750732,"Unknown"
"7014852",371861,2025-07-30 08:53:35,43.3602676391602,-8.84120750427246,"Unknown"
"7014852",371861,2025-07-30 08:58:08,43.3603515625,-8.84113597869873,"Unknown"
"7014852",371861,2025-07-30 09:03:07,43.3604545593262,-8.84120655059814,"Unknown"
"7014852",371861,2025-07-30 09:08:07,43.360538482666,-8.84114170074463,"Unknown"
"7014852",371861,2025-07-30 09:13:10,43.3603401184082,-8.84115505218506,"Unknown"
"7014852",371861,2025-07-30 09:18:10,43.3602447509766,-8.84127712249756,"Unknown"
"7014852",371861,2025-07-30 09:23:07,43.3604202270508,-8.84083271026611,"Unknown"
"7014852",371861,2025-07-30 09:28:10,43.3603744506836,-8.84089088439941,"Unknown"
"7014852",371861,2025-07-30 09:33:08,43.3602867126465,-8.84106254577637,"Unknown"
"7014852",371861,2025-07-30 09:38:07,43.3604469299316,-8.84078502655029,"Unknown"
"7014852",371861,2025-07-30 09:43:07,43.3604354858398,-8.84088706970215,"Unknown"
"7014852",371861,2025-07-30 09:48:09,43.3606071472168,-8.84090328216553,"Unknown"
"7014852",371861,2025-07-30 09:53:07,43.3606872558594,-8.84054946899414,"Unknown"
"7014852",371861,2025-07-30 09:58:08,43.3604545593262,-8.84093761444092,"Unknown"
"7014852",371861,2025-07-30 10:03:36,43.3602523803711,-8.84113788604736,"Unknown"
"7014852",371861,2025-07-30 10:08:07,43.3602828979492,-8.84122753143311,"Unknown"
"7014852",371861,2025-07-30 10:13:07,43.3603057861328,-8.84120750427246,"Unknown"
"7014852",371861,2025-07-30 10:18:06,43.3602561950684,-8.8411922454834,"Unknown"
"7014852",371861,2025-07-30 10:23:07,43.3602447509766,-8.84124374389648,"Unknown"
"7014852",371861,2025-07-30 10:28:07,43.3602447509766,-8.84122180938721,"Unknown"
"7014852",371861,2025-07-30 10:33:07,43.3602333068848,-8.8411865234375,"Unknown"
"7014852",371861,2025-07-30 10:38:07,43.3603477478027,-8.8411693572998,"Unknown"
"7014852",371861,2025-07-30 10:43:07,43.3602447509766,-8.84121322631836,"Unknown"
"7014852",371861,2025-07-30 10:49:30,43.3605003356934,-8.8441162109375,"Unknown"
"7014852",371861,2025-07-30 10:53:08,43.3603096008301,-8.84121990203857,"Unknown"
"7014852",371861,2025-07-30 10:58:10,43.3600921630859,-8.84107685089111,"Unknown"
"7014852",371861,2025-07-30 11:03:07,43.3601951599121,-8.84116363525391,"Unknown"
"7014852",371861,2025-07-30 11:08:06,43.3602180480957,-8.84122562408447,"Unknown"
"7014852",371861,2025-07-30 11:13:06,43.3602638244629,-8.84114646911621,"Unknown"
"7014852",371861,2025-07-30 11:18:06,43.360279083252,-8.84118843078613,"Unknown"
"7014852",371861,2025-07-30 11:23:07,43.3602294921875,-8.84115219116211,"Unknown"
"7014852",371861,2025-07-30 11:28:06,43.3603324890137,-8.8411922454834,"Unknown"
"7014852",371861,2025-07-30 11:33:35,43.3602447509766,-8.84120559692383,"Unknown"
"7014852",371861,2025-07-30 11:38:06,43.3602104187012,-8.84121894836426,"Unknown"
"7014852",371861,2025-07-30 11:43:07,43.3602561950684,-8.84119892120361,"Unknown"
"7014852",371861,2025-07-30 11:48:06,43.3602180480957,-8.84123039245605,"Unknown"
"7014852",371861,2025-07-30 11:53:06,43.3602981567383,-8.84118461608887,"Unknown"
"7014852",371861,2025-07-30 11:58:17,43.3602676391602,-8.84120178222656,"Unknown"
"7014852",371861,2025-07-30 12:03:06,43.360237121582,-8.84118175506592,"Unknown"
"7014852",371861,2025-07-30 12:08:06,43.3602676391602,-8.84119319915771,"Unknown"
"7014852",371861,2025-07-30 12:13:06,43.3603096008301,-8.84121704101562,"Unknown"
"7014852",371861,2025-07-30 12:18:06,43.3602142333984,-8.84128475189209,"Unknown"
"7014852",371861,2025-07-30 12:23:06,43.3603820800781,-8.84130764007568,"Unknown"
"7014852",371861,2025-07-30 12:28:06,43.3603210449219,-8.8412971496582,"Unknown"
"7014852",371861,2025-07-30 12:33:06,43.3601913452148,-8.84118556976318,"Unknown"
"7014852",371861,2025-07-30 12:38:07,43.3602409362793,-8.84126377105713,"Unknown"
"7014852",371861,2025-07-30 12:43:07,43.3601570129395,-8.84116458892822,"Unknown"
"7014852",371861,2025-07-30 12:48:16,43.3602981567383,-8.84127330780029,"Unknown"
"7014852",371861,2025-07-30 12:53:20,43.3602867126465,-8.84124088287354,"Unknown"
"7014852",371861,2025-07-30 12:58:35,43.3602600097656,-8.84117794036865,"Unknown"
"7014852",371861,2025-07-30 13:03:06,43.3602256774902,-8.84122276306152,"Unknown"
"7014852",371861,2025-07-30 13:08:07,43.360279083252,-8.84126472473145,"Unknown"
"7014852",371861,2025-07-30 13:13:06,43.3602867126465,-8.84126567840576,"Unknown"
"7014852",371861,2025-07-30 13:18:06,43.360237121582,-8.84124946594238,"Unknown"
"7014852",371861,2025-07-30 13:23:06,43.3603019714355,-8.84116363525391,"Unknown"
"7014852",371861,2025-07-30 13:28:07,43.3603019714355,-8.84120464324951,"Unknown"
"7014852",371861,2025-07-30 13:33:06,43.360279083252,-8.84124088287354,"Unknown"
"7014852",371861,2025-07-30 13:38:07,43.3602905273438,-8.84115505218506,"Unknown"
"7014852",371861,2025-07-30 13:43:06,43.360279083252,-8.84119415283203,"Unknown"
"7014852",371861,2025-07-30 13:48:06,43.3602600097656,-8.84127235412598,"Unknown"
"7014852",371861,2025-07-30 13:53:06,43.3602600097656,-8.84117126464844,"Unknown"
"7014852",371861,2025-07-30 13:58:06,43.3604011535645,-8.84132289886475,"Unknown"
"7014852",371861,2025-07-30 14:03:07,43.3603401184082,-8.84124183654785,"Unknown"
"7014852",371861,2025-07-30 14:08:07,43.360294342041,-8.84115886688232,"Unknown"
"7014852",371861,2025-07-30 14:13:07,43.3602676391602,-8.84118270874023,"Unknown"
"7014852",371861,2025-07-30 14:18:06,43.360237121582,-8.8412389755249,"Unknown"
"7014852",371861,2025-07-30 14:23:08,43.3604965209961,-8.84136486053467,"Unknown"
"7014852",371861,2025-07-30 14:28:16,43.3603706359863,-8.84139156341553,"Unknown"
"7014852",371861,2025-07-30 14:33:08,43.3601913452148,-8.841139793396,"Unknown"
"7014852",371861,2025-07-30 14:38:08,43.360294342041,-8.84121513366699,"Unknown"
"7014852",371861,2025-07-30 14:43:08,43.3602676391602,-8.84123992919922,"Unknown"
"7014852",371861,2025-07-30 14:48:35,43.3602485656738,-8.84115695953369,"Unknown"
"7014852",371861,2025-07-30 14:53:07,43.3602447509766,-8.84112930297852,"Unknown"
"7014852",371861,2025-07-30 14:58:06,43.3601875305176,-8.84122562408447,"Unknown"
"7014852",371861,2025-07-30 15:03:06,43.3602294921875,-8.8412036895752,"Unknown"
"7014852",371861,2025-07-30 15:08:06,43.3602676391602,-8.84117221832275,"Unknown"
"7014852",371861,2025-07-30 15:13:06,43.3602600097656,-8.8411693572998,"Unknown"
"7014852",371861,2025-07-30 15:18:07,43.3604316711426,-8.84135055541992,"Unknown"
"7014852",371861,2025-07-30 15:23:07,43.3612518310547,-8.84045314788818,"Unknown"
"7014852",371861,2025-07-30 15:28:06,43.3601875305176,-8.84150505065918,"Unknown"
"7014852",371861,2025-07-30 15:33:16,43.3602256774902,-8.84129238128662,"Unknown"
"7014852",371861,2025-07-30 15:38:07,43.3603286743164,-8.84127235412598,"Unknown"
"7014852",371861,2025-07-30 15:43:07,43.3602714538574,-8.84119892120361,"Unknown"
"7014852",371861,2025-07-30 15:48:07,43.3603019714355,-8.84113216400146,"Unknown"
"7014852",371861,2025-07-30 15:53:07,43.360294342041,-8.84116649627686,"Unknown"
"7014852",371861,2025-07-30 15:58:10,43.3603057861328,-8.84129810333252,"Unknown"
"7014852",371861,2025-07-30 16:03:35,43.3602676391602,-8.8412504196167,"Unknown"
"7014852",371861,2025-07-30 16:08:06,43.3602409362793,-8.84120845794678,"Unknown"
"7014852",371861,2025-07-30 16:13:07,43.3602333068848,-8.84121417999268,"Unknown"
"7014852",371861,2025-07-30 16:18:06,43.360237121582,-8.84121990203857,"Unknown"
"7014852",371861,2025-07-30 16:23:06,43.360221862793,-8.84123229980469,"Unknown"
"7014852",371861,2025-07-30 16:28:07,43.3602752685547,-8.84136199951172,"Unknown"
"7014852",371861,2025-07-30 16:33:07,43.3601493835449,-8.8411865234375,"Unknown"
"7014852",371861,2025-07-30 16:38:06,43.360237121582,-8.84123229980469,"Unknown"
"7014852",371861,2025-07-30 16:43:06,43.3602333068848,-8.84116744995117,"Unknown"
"7014852",371861,2025-07-30 16:48:07,43.3602142333984,-8.84122180938721,"Unknown"
"7014852",371861,2025-07-30 16:53:06,43.3602752685547,-8.84117889404297,"Unknown"
"7014852",371861,2025-07-30 16:58:07,43.3602600097656,-8.84120941162109,"Unknown"
"7014852",371861,2025-07-30 17:03:06,43.3602180480957,-8.84122276306152,"Unknown"
"7014852",371861,2025-07-30 17:08:07,43.3603134155273,-8.84115695953369,"Unknown"
"7014852",371861,2025-07-30 17:13:06,43.3602256774902,-8.84124565124512,"Unknown"
"7014852",371861,2025-07-30 17:18:07,43.3603401184082,-8.84114646911621,"Unknown"
"7014852",371861,2025-07-30 17:23:06,43.3603630065918,-8.84149169921875,"Unknown"
"7014852",371861,2025-07-30 17:28:06,43.3602104187012,-8.84122848510742,"Unknown"
"7014852",371861,2025-07-30 17:33:06,43.3601875305176,-8.84123706817627,"Unknown"
"7014852",371861,2025-07-30 17:38:07,43.3602256774902,-8.84129238128662,"Unknown"
"7014852",371861,2025-07-30 17:43:06,43.360221862793,-8.84126091003418,"Unknown"
"7014852",371861,2025-07-30 17:48:09,43.3602714538574,-8.84124755859375,"Unknown"
"7014852",371861,2025-07-30 17:53:10,43.3601951599121,-8.84104251861572,"Unknown"
"7014852",371861,2025-07-30 17:58:07,43.360107421875,-8.84107398986816,"Unknown"
"7014852",371861,2025-07-30 18:03:07,43.360179901123,-8.84115886688232,"Unknown"
"7014852",371861,2025-07-30 18:08:17,43.3601264953613,-8.84101486206055,"Unknown"
"7014852",371861,2025-07-30 18:13:35,43.3617668151855,-8.83947467803955,"Unknown"
"7014852",371861,2025-07-30 18:18:06,43.3577995300293,-8.8247184753418,"Unknown"
"7014852",371861,2025-07-30 18:23:07,43.3577842712402,-8.8275842666626,"Unknown"
"7014852",371861,2025-07-30 18:28:06,43.3607444763184,-8.8291072845459,"Unknown"
"7014852",371861,2025-07-30 18:33:06,43.3598823547363,-8.8210620880127,"Unknown"
"7014852",371861,2025-07-30 18:38:06,43.3408050537109,-8.83104515075684,"Unknown"
"7014852",371861,2025-07-30 18:43:06,43.3213691711426,-8.81118488311768,"Unknown"
"7014852",371861,2025-07-30 18:48:07,43.323543548584,-8.8299560546875,"Unknown"
"7014852",371861,2025-07-30 18:53:08,43.3430671691895,-8.83300018310547,"Unknown"
"7014852",371861,2025-07-30 18:58:07,43.3591117858887,-8.8325309753418,"Unknown"
"7014852",371861,2025-07-30 19:03:08,43.3602180480957,-8.84122943878174,"Unknown"
"7014852",371861,2025-07-30 19:08:06,43.3603324890137,-8.84129524230957,"Unknown"
"7014852",371861,2025-07-30 19:13:06,43.3603630065918,-8.84145545959473,"Unknown"
"7014852",371861,2025-07-30 19:18:06,43.360912322998,-8.83071804046631,"Unknown"
"7014852",371861,2025-07-30 19:23:08,43.3612899780273,-8.82508277893066,"Unknown"
"7014852",371861,2025-07-30 19:28:07,43.3612937927246,-8.82633113861084,"Unknown"
"7014852",371861,2025-07-30 19:33:07,43.3610305786133,-8.82796382904053,"Unknown"
"7014852",371861,2025-07-30 19:38:13,43.3591346740723,-8.82664203643799,"Unknown"
"7014852",371861,2025-07-30 19:43:08,43.3546142578125,-8.82577323913574,"Unknown"
"7014852",371861,2025-07-30 19:48:09,43.353931427002,-8.82652568817139,"Unknown"
"7014852",371861,2025-07-30 19:53:07,43.3601264953613,-8.84124279022217,"Unknown"
"7014852",371861,2025-07-30 19:58:19,43.3602409362793,-8.84117221832275,"Unknown"
"7014852",371861,2025-07-30 20:03:16,43.3601493835449,-8.8411111831665,"Unknown"
"7014852",371861,2025-07-30 20:08:09,43.3602027893066,-8.84130382537842,"Unknown"
"7014852",371861,2025-07-30 20:13:35,43.3601875305176,-8.8411693572998,"Unknown"
"7014852",371861,2025-07-30 20:18:07,43.3602333068848,-8.84107303619385,"Unknown"
"7014852",371861,2025-07-30 20:23:08,43.3601989746094,-8.84125328063965,"Unknown"
"7014852",371861,2025-07-30 20:28:06,43.3601913452148,-8.84110450744629,"Unknown"
"7014852",371861,2025-07-30 20:33:06,43.3602523803711,-8.84117603302002,"Unknown"
"7014852",371861,2025-07-30 20:38:06,43.3601226806641,-8.84117889404297,"Unknown"
"7014852",371861,2025-07-30 20:42:56,43.360164642334,-8.84116077423096,"Unknown"
"7014852",371861,2025-07-31 01:43:29,43.3601951599121,-8.84123516082764,"Unknown"
"7014852",371861,2025-07-31 05:30:23,43.2911949157715,-8.95189476013184,"Unknown"
"7014852",371861,2025-07-31 05:34:08,43.2634925842285,-8.99594783782959,"Unknown"
"7014852",371861,2025-07-31 05:39:08,43.2343597412109,-9.02361297607422,"Unknown"
"7014852",371861,2025-07-31 05:44:09,43.2136077880859,-9.04835224151611,"Unknown"
"7014852",371861,2025-07-31 05:49:08,43.2080192565918,-9.05836868286133,"Unknown"
"7014852",371861,2025-07-31 05:54:09,43.1823196411133,-9.09192943572998,"Unknown"
"7014852",371861,2025-07-31 05:59:08,43.1837425231934,-9.09280490875244,"Unknown"
"7014852",371861,2025-07-31 06:04:13,43.1831741333008,-9.09334278106689,"Unknown"
"7014852",371861,2025-07-31 06:09:18,43.1835784912109,-9.09294509887695,"Unknown"
"7014852",371861,2025-07-31 06:14:11,43.1831970214844,-9.09284210205078,"Unknown"
"7014852",371861,2025-07-31 06:19:12,43.1836624145508,-9.09277248382568,"Unknown"
"7014852",371861,2025-07-31 06:24:35,43.1831665039062,-9.09257888793945,"Unknown"
"7014852",371861,2025-07-31 06:29:28,43.1833381652832,-9.09261035919189,"Unknown"
"7014852",371861,2025-07-31 06:34:37,43.1832046508789,-9.09269428253174,"Unknown"
"7014852",371861,2025-07-31 06:39:08,43.1830940246582,-9.09268474578857,"Unknown"
"7014852",371861,2025-07-31 06:44:12,43.1826133728027,-9.09218215942383,"Unknown"
"7014852",371861,2025-07-31 06:49:15,43.1832008361816,-9.09274101257324,"Unknown"
"7014852",371861,2025-07-31 06:54:09,43.1826591491699,-9.09231090545654,"Unknown"
"7014852",371861,2025-07-31 06:59:15,43.1824722290039,-9.0919132232666,"Unknown"
"7014852",371861,2025-07-31 07:04:08,43.1821479797363,-9.08999824523926,"Unknown"
"7014852",371861,2025-07-31 07:09:10,43.1835327148438,-9.09109592437744,"Unknown"
"7014852",371861,2025-07-31 07:14:13,43.182788848877,-9.09173583984375,"Unknown"
"7014852",371861,2025-07-31 07:19:09,43.1821670532227,-9.09072303771973,"Unknown"
"7014852",371861,2025-07-31 07:24:19,43.1832962036133,-9.09221839904785,"Unknown"
"7014852",371861,2025-07-31 07:29:09,43.1838607788086,-9.09169006347656,"Unknown"
"7014852",371861,2025-07-31 07:34:20,43.187744140625,-9.08833122253418,"Unknown"
"7014852",371861,2025-07-31 07:39:10,43.1831016540527,-9.09284687042236,"Unknown"
"7014852",371861,2025-07-31 07:44:13,43.1823081970215,-9.09044933319092,"Unknown"
"7014852",371861,2025-07-31 07:49:44,43.1848754882812,-9.06442165374756,"Unknown"
"7014852",371861,2025-07-31 07:54:18,43.1909942626953,-9.0463752746582,"Unknown"
"7014852",371861,2025-07-31 07:59:18,43.1948089599609,-9.03991317749023,"Unknown"
"7014852",371861,2025-07-31 08:04:18,43.1948318481445,-9.03990077972412,"Unknown"
"7014852",371861,2025-07-31 08:09:18,43.1953582763672,-9.04033946990967,"Unknown"
"7014852",371861,2025-07-31 08:14:18,43.1953773498535,-9.04029083251953,"Unknown"
"7014852",371861,2025-07-31 08:19:10,43.1953659057617,-9.04001331329346,"Unknown"
"7014852",371861,2025-07-31 08:24:35,43.1954116821289,-9.04007434844971,"Unknown"
"7014852",371861,2025-07-31 08:29:08,43.1954574584961,-9.04001426696777,"Unknown"
"7014852",371861,2025-07-31 08:34:07,43.1954574584961,-9.0398006439209,"Unknown"
"7014852",371861,2025-07-31 08:39:07,43.1955184936523,-9.04006481170654,"Unknown"
"7014852",371861,2025-07-31 08:44:07,43.1929969787598,-9.04730892181396,"Unknown"
"7014852",371861,2025-07-31 08:49:15,43.1856231689453,-9.09049320220947,"Unknown"
"7014852",371861,2025-07-31 08:54:07,43.184886932373,-9.09178256988525,"Unknown"
"7014852",371861,2025-07-31 08:59:07,43.1854934692383,-9.08989906311035,"Unknown"
"7014852",371861,2025-07-31 09:04:08,43.1855812072754,-9.08965873718262,"Unknown"
"7014852",371861,2025-07-31 09:09:09,43.1854820251465,-9.08969688415527,"Unknown"
"7014852",371861,2025-07-31 09:14:08,43.1847457885742,-9.0913028717041,"Unknown"
"7014852",371861,2025-07-31 09:19:07,43.1832618713379,-9.09251022338867,"Unknown"
"7014852",371861,2025-07-31 09:24:07,43.1831169128418,-9.09314441680908,"Unknown"
"7014852",371861,2025-07-31 09:29:08,43.1825981140137,-9.09163856506348,"Unknown"
"7014852",371861,2025-07-31 09:34:07,43.1832275390625,-9.09281539916992,"Unknown"
"7014852",371861,2025-07-31 09:39:07,43.1851539611816,-9.09076023101807,"Unknown"
"7014852",371861,2025-07-31 09:44:07,43.1839027404785,-9.07733631134033,"Unknown"
"7014852",371861,2025-07-31 09:49:07,43.1865272521973,-9.05527877807617,"Unknown"
"7014852",371861,2025-07-31 09:54:08,43.1937789916992,-9.04112911224365,"Unknown"
"7014852",371861,2025-07-31 09:59:11,43.2093772888184,-9.02951812744141,"Unknown"
"7014852",371861,2025-07-31 10:04:35,43.2211036682129,-9.01258659362793,"Unknown"
"7014852",371861,2025-07-31 10:09:08,43.2308006286621,-9.00435733795166,"Unknown"
"7014852",371861,2025-07-31 10:14:08,43.2467498779297,-8.99770736694336,"Unknown"
"7014852",371861,2025-07-31 10:19:07,43.2586441040039,-8.98672485351562,"Unknown"
"7014852",371861,2025-07-31 10:24:07,43.274356842041,-8.98937129974365,"Unknown"
"7014852",371861,2025-07-31 10:29:08,43.2864837646484,-8.97215843200684,"Unknown"
"7014852",371861,2025-07-31 10:34:08,43.2914428710938,-8.95011234283447,"Unknown"
"7014852",371861,2025-07-31 10:39:08,43.2923316955566,-8.92327785491943,"Unknown"
"7014852",371861,2025-07-31 10:44:07,43.3057022094727,-8.90871334075928,"Unknown"
"7014852",371861,2025-07-31 10:49:08,43.3208923339844,-8.90134429931641,"Unknown"
"7014852",371861,2025-07-31 10:54:09,43.3198127746582,-8.87724781036377,"Unknown"
"7014852",371861,2025-07-31 10:59:08,43.3196296691895,-8.85126113891602,"Unknown"
"7014852",371861,2025-07-31 11:04:07,43.3368644714355,-8.84767055511475,"Unknown"
"7014852",371861,2025-07-31 11:09:07,43.349422454834,-8.83852386474609,"Unknown"
"7014852",371861,2025-07-31 11:14:07,43.3604583740234,-8.84125518798828,"Unknown"
"7014852",371861,2025-07-31 11:19:19,43.3601684570312,-8.84120273590088,"Unknown"
"7014852",371861,2025-07-31 11:24:09,43.3601341247559,-8.84116744995117,"Unknown"
"7014852",371861,2025-07-31 11:29:11,43.3602066040039,-8.84122180938721,"Unknown"
"7014852",371861,2025-07-31 11:34:17,43.3602523803711,-8.84130668640137,"Unknown"
"7014852",371861,2025-07-31 11:39:09,43.3603096008301,-8.84132099151611,"Unknown"
"7014852",371861,2025-07-31 11:44:11,43.3602828979492,-8.84131240844727,"Unknown"
"7014852",371861,2025-07-31 11:49:10,43.3602981567383,-8.84135150909424,"Unknown"
"7014852",371861,2025-07-31 11:54:10,43.3603820800781,-8.84132099151611,"Unknown"
"7014852",371861,2025-07-31 11:59:08,43.3603324890137,-8.84133720397949,"Unknown"
"7014852",371861,2025-07-31 12:04:09,43.3603744506836,-8.84139442443848,"Unknown"
"7014852",371861,2025-07-31 12:09:09,43.3602027893066,-8.84119606018066,"Unknown"
"7014852",371861,2025-07-31 12:14:10,43.3600463867188,-8.84109878540039,"Unknown"
"7014852",371861,2025-07-31 12:19:26,43.3603439331055,-8.84139728546143,"Unknown"
"7014852",371861,2025-07-31 12:24:19,43.3603096008301,-8.84137058258057,"Unknown"
"7014852",371861,2025-07-31 12:29:19,43.3603134155273,-8.84135627746582,"Unknown"
"7014852",371861,2025-07-31 12:34:20,43.3603286743164,-8.84136009216309,"Unknown"
"7014852",371861,2025-07-31 12:39:20,43.3603782653809,-8.84145164489746,"Unknown"
"7014852",371861,2025-07-31 12:44:19,43.3602676391602,-8.84129905700684,"Unknown"
"7014852",371861,2025-07-31 12:49:19,43.3603134155273,-8.84130954742432,"Unknown"
"7014852",371861,2025-07-31 12:54:35,43.3601760864258,-8.84120559692383,"Unknown"
"7014852",371861,2025-07-31 12:59:07,43.3601570129395,-8.84112071990967,"Unknown"
"7014852",371861,2025-07-31 13:04:07,43.3601760864258,-8.841139793396,"Unknown"
"7014852",371861,2025-07-31 13:09:08,43.360179901123,-8.84121036529541,"Unknown"
"7014852",371861,2025-07-31 13:14:08,43.3601341247559,-8.84110546112061,"Unknown"
"7014852",371861,2025-07-31 13:19:07,43.360107421875,-8.84124565124512,"Unknown"
"7014852",371861,2025-07-31 13:24:08,43.3601341247559,-8.84126281738281,"Unknown"
"7014852",371861,2025-07-31 13:29:08,43.3601722717285,-8.84118461608887,"Unknown"
"7014852",371861,2025-07-31 13:34:08,43.3601875305176,-8.84114933013916,"Unknown"
"7014852",371861,2025-07-31 13:39:07,43.3601531982422,-8.84122371673584,"Unknown"
"7014852",371861,2025-07-31 13:44:07,43.3602256774902,-8.84116363525391,"Unknown"
"7014852",371861,2025-07-31 13:49:08,43.3602333068848,-8.84151077270508,"Unknown"
"7014852",371861,2025-07-31 13:54:08,43.360424041748,-8.84132862091064,"Unknown"
"7014852",371861,2025-07-31 13:59:07,43.3601760864258,-8.84175586700439,"Unknown"
"7014852",371861,2025-07-31 14:04:08,43.3624382019043,-8.84265327453613,"Unknown"
"7014852",371861,2025-07-31 14:09:07,43.3602523803711,-8.84123516082764,"Unknown"
"7014852",371861,2025-07-31 14:14:07,43.3603439331055,-8.84137439727783,"Unknown"
"7014852",371861,2025-07-31 14:19:07,43.3603477478027,-8.84129810333252,"Unknown"
"7014852",371861,2025-07-31 14:24:10,43.3603553771973,-8.84140110015869,"Unknown"
"7014852",371861,2025-07-31 14:29:07,43.3603096008301,-8.84137439727783,"Unknown"
"7014852",371861,2025-07-31 14:34:08,43.3603363037109,-8.8414192199707,"Unknown"
"7014852",371861,2025-07-31 14:39:08,43.3604049682617,-8.84143924713135,"Unknown"
"7014852",371861,2025-07-31 14:44:35,43.3603439331055,-8.84138584136963,"Unknown"
"7014852",371861,2025-07-31 14:49:08,43.3603820800781,-8.84138584136963,"Unknown"
"7014852",371861,2025-07-31 14:54:09,43.3604278564453,-8.84136581420898,"Unknown"
"7014852",371861,2025-07-31 14:59:08,43.3603782653809,-8.8412971496582,"Unknown"
"7014852",371861,2025-07-31 15:04:08,43.3603324890137,-8.84122371673584,"Unknown"
"7014852",371861,2025-07-31 15:09:08,43.3603782653809,-8.84132289886475,"Unknown"
"7014852",371861,2025-07-31 15:14:08,43.3604202270508,-8.84130668640137,"Unknown"
"7014852",371861,2025-07-31 15:19:08,43.3603820800781,-8.84134292602539,"Unknown"
"7014852",371861,2025-07-31 15:24:08,43.3603630065918,-8.84131813049316,"Unknown"
"7014852",371861,2025-07-31 15:29:08,43.360408782959,-8.84132194519043,"Unknown"
"7014852",371861,2025-07-31 15:34:08,43.3603820800781,-8.84130001068115,"Unknown"
"7014852",371861,2025-07-31 15:39:09,43.3603744506836,-8.84127330780029,"Unknown"
"7014852",371861,2025-07-31 15:44:08,43.3604202270508,-8.8413257598877,"Unknown"
"7014852",371861,2025-07-31 15:49:08,43.360424041748,-8.84138298034668,"Unknown"
"7014852",371861,2025-07-31 15:54:08,43.3603820800781,-8.84133625030518,"Unknown"
"7014852",371861,2025-07-31 15:59:08,43.3604850769043,-8.84126472473145,"Unknown"
"7014852",371861,2025-07-31 16:04:09,43.3490333557129,-8.84120464324951,"Unknown"
"7014852",371861,2025-07-31 16:09:09,43.3396644592285,-8.84280300140381,"Unknown"
"7014852",371861,2025-07-31 16:14:07,43.3279762268066,-8.81951999664307,"Unknown"
"7014852",371861,2025-07-31 16:19:09,43.3146896362305,-8.80115795135498,"Unknown"
"7014852",371861,2025-07-31 16:24:09,43.3236618041992,-8.80632877349854,"Unknown"
"7014852",371861,2025-07-31 16:29:09,43.3252944946289,-8.80313873291016,"Unknown"
"7014852",371861,2025-07-31 16:34:10,43.3264770507812,-8.77614593505859,"Unknown"
"7014852",371861,2025-07-31 16:39:10,43.3270072937012,-8.75015640258789,"Unknown"
"7014852",371861,2025-07-31 16:44:10,43.3425025939941,-8.74617958068848,"Unknown"
"7014852",371861,2025-07-31 16:49:10,43.3551330566406,-8.74826526641846,"Unknown"
"7014852",371861,2025-07-31 16:54:10,43.3699989318848,-8.73876285552979,"Unknown"
"7014852",371861,2025-07-31 16:59:10,43.388355255127,-8.73409175872803,"Unknown"
"7014852",371861,2025-07-31 17:04:10,43.4076652526855,-8.72838020324707,"Unknown"
"7014852",371861,2025-07-31 17:09:11,43.4205627441406,-8.71660900115967,"Unknown"
"7014852",371861,2025-07-31 17:14:09,43.4229164123535,-8.71177387237549,"Unknown"
"7014852",371861,2025-07-31 17:19:09,43.4195861816406,-8.72554492950439,"Unknown"
"7014852",371861,2025-07-31 17:24:09,43.3955459594727,-8.78865814208984,"Unknown"
"7014852",371861,2025-07-31 17:29:09,43.3614120483398,-8.83824920654297,"Unknown"
"7014852",371861,2025-07-31 17:34:08,43.3604888916016,-8.84156513214111,"Unknown"
"7014852",371861,2025-07-31 17:39:21,43.3603515625,-8.84127235412598,"Unknown"
"7014852",371861,2025-07-31 17:44:10,43.360294342041,-8.84125900268555,"Unknown"
"7014852",371861,2025-07-31 17:49:35,43.3603363037109,-8.84138870239258,"Unknown"
"7014852",371861,2025-07-31 17:54:07,43.3604698181152,-8.84134864807129,"Unknown"
"7014852",371861,2025-07-31 17:59:07,43.3604049682617,-8.84139728546143,"Unknown"
"7014852",371861,2025-07-31 18:04:09,43.3603515625,-8.84136772155762,"Unknown"
"7014852",371861,2025-07-31 18:09:08,43.3603897094727,-8.84135246276855,"Unknown"
"7014852",371861,2025-07-31 18:14:08,43.3602828979492,-8.84134864807129,"Unknown"
"7014852",371861,2025-07-31 18:19:09,43.3603401184082,-8.84140205383301,"Unknown"
"7014852",371861,2025-07-31 18:24:08,43.3603782653809,-8.841383934021,"Unknown"
"7014852",371861,2025-07-31 18:29:07,43.3603134155273,-8.84133434295654,"Unknown"
"7014852",371861,2025-07-31 18:34:08,43.3603897094727,-8.84135341644287,"Unknown"
"7014852",371861,2025-07-31 18:39:08,43.360424041748,-8.84127712249756,"Unknown"
"7014852",371861,2025-07-31 18:44:12,43.3605003356934,-8.84144115447998,"Unknown"
"7014852",371861,2025-07-31 18:49:09,43.3604698181152,-8.84134006500244,"Unknown"
"7014852",371861,2025-07-31 18:54:08,43.360408782959,-8.84138584136963,"Unknown"
"7014852",371861,2025-07-31 18:59:10,43.3603935241699,-8.84130382537842,"Unknown"
"7014852",371861,2025-07-31 19:04:15,43.3604888916016,-8.84139060974121,"Unknown"
"7014852",371861,2025-07-31 19:09:09,43.3604965209961,-8.84147930145264,"Unknown"
"7014852",371861,2025-07-31 19:14:10,43.3605308532715,-8.84150123596191,"Unknown"
"7014852",371861,2025-07-31 19:19:34,43.3603668212891,-8.84135818481445,"Unknown"
"7014852",371861,2025-07-31 19:24:07,43.3603706359863,-8.84130477905273,"Unknown"
"7014852",371861,2025-07-31 19:29:08,43.3603477478027,-8.84134101867676,"Unknown"
"7014852",371861,2025-07-31 19:34:07,43.3603439331055,-8.84142971038818,"Unknown"
"7014852",371861,2025-07-31 19:39:07,43.3603630065918,-8.84135913848877,"Unknown"
"7014852",371861,2025-07-31 19:44:07,43.3603210449219,-8.84148120880127,"Unknown"
"7014852",371861,2025-07-31 19:49:07,43.3603668212891,-8.8413553237915,"Unknown"
"7014852",371861,2025-07-31 19:54:08,43.3603324890137,-8.8413667678833,"Unknown"
"7014852",371861,2025-07-31 19:59:07,43.3603134155273,-8.84144687652588,"Unknown"
"7014852",371861,2025-07-31 20:04:07,43.3603401184082,-8.84140014648438,"Unknown"
"7014852",371861,2025-07-31 20:09:07,43.3603019714355,-8.84119892120361,"Unknown"
"7014852",371861,2025-07-31 20:14:07,43.360279083252,-8.84134006500244,"Unknown"
"7014852",371861,2025-07-31 20:19:08,43.3603248596191,-8.84145355224609,"Unknown"
"7014852",371861,2025-07-31 20:24:07,43.3602867126465,-8.84137439727783,"Unknown"
"7014852",371861,2025-07-31 20:29:07,43.3603172302246,-8.84132957458496,"Unknown"
"7014852",371861,2025-07-31 20:34:08,43.360294342041,-8.84146213531494,"Unknown"
"7014852",371861,2025-07-31 20:39:07,43.3602981567383,-8.84134101867676,"Unknown"
"7014852",371861,2025-07-31 20:41:38,43.3603782653809,-8.84137535095215,"Unknown"
"7014852",371861,2025-08-01 01:42:05,43.3603286743164,-8.84144020080566,"Unknown"
"7014852",371861,2025-08-01 05:36:04,43.3691825866699,-8.86596012115479,"Unknown"
"7014852",371861,2025-08-01 05:40:11,43.3608322143555,-8.84473609924316,"Unknown"
"7014852",371861,2025-08-01 05:45:10,43.3600654602051,-8.84112644195557,"Unknown"
"7014852",371861,2025-08-01 05:50:11,43.3602142333984,-8.84127616882324,"Unknown"
"7014852",371861,2025-08-01 05:55:11,43.3597984313965,-8.84091472625732,"Unknown"
"7014852",371861,2025-08-01 06:00:35,43.3611488342285,-8.84152221679688,"Unknown"
"7014852",371861,2025-08-01 06:05:10,43.359992980957,-8.84113693237305,"Unknown"
"7014852",371861,2025-08-01 06:10:11,43.3599548339844,-8.84116840362549,"Unknown"
"7014852",371861,2025-08-01 06:15:10,43.3599433898926,-8.84117412567139,"Unknown"
"7014852",371861,2025-08-01 06:20:11,43.3596839904785,-8.84091758728027,"Unknown"
"7014852",371861,2025-08-01 06:25:12,43.3600120544434,-8.84106159210205,"Unknown"
"7014852",371861,2025-08-01 06:30:14,43.3597564697266,-8.84095859527588,"Unknown"
"7014852",371861,2025-08-01 06:35:12,43.3531684875488,-8.83964061737061,"Unknown"
"7014852",371861,2025-08-01 06:40:12,43.3393020629883,-8.85599708557129,"Unknown"
"7014852",371861,2025-08-01 06:45:11,43.3558120727539,-8.84824085235596,"Unknown"
"7014852",371861,2025-08-01 06:50:14,43.3602828979492,-8.8413667678833,"Unknown"
"7014852",371861,2025-08-01 06:55:12,43.3602447509766,-8.84135627746582,"Unknown"
"7014852",371861,2025-08-01 07:00:11,43.3602600097656,-8.84139156341553,"Unknown"
"7014852",371861,2025-08-01 07:05:12,43.3603439331055,-8.8413610458374,"Unknown"
"7014852",371861,2025-08-01 07:10:11,43.360179901123,-8.84122943878174,"Unknown"
"7014852",371861,2025-08-01 07:15:12,43.360279083252,-8.84136295318604,"Unknown"
"7014852",371861,2025-08-01 07:20:11,43.3603668212891,-8.84127235412598,"Unknown"
"7014852",371861,2025-08-01 07:25:12,43.3603744506836,-8.84140968322754,"Unknown"
"7014852",371861,2025-08-01 07:30:11,43.3604316711426,-8.84133625030518,"Unknown"
"7014852",371861,2025-08-01 07:35:11,43.360523223877,-8.84162998199463,"Unknown"
"7014852",371861,2025-08-01 07:40:12,43.3603553771973,-8.84166812896729,"Unknown"
"7014852",371861,2025-08-01 07:45:16,43.3604125976562,-8.84118747711182,"Unknown"
"7014852",371861,2025-08-01 07:50:18,43.3604431152344,-8.84136295318604,"Unknown"
"7014852",371861,2025-08-01 07:55:15,43.3603439331055,-8.84047603607178,"Unknown"
"7014852",371861,2025-08-01 08:00:24,43.3603820800781,-8.84134864807129,"Unknown"
"7014852",371861,2025-08-01 08:05:13,43.3603477478027,-8.84123611450195,"Unknown"
"7014852",371861,2025-08-01 08:10:13,43.3603515625,-8.84127616882324,"Unknown"
"7014852",371861,2025-08-01 08:15:12,43.3602409362793,-8.84066581726074,"Unknown"
"7014852",371861,2025-08-01 08:20:13,43.3603591918945,-8.84129810333252,"Unknown"
"7014852",371861,2025-08-01 08:25:12,43.3603324890137,-8.84116077423096,"Unknown"
"7014852",371861,2025-08-01 08:30:16,43.3603973388672,-8.84133052825928,"Unknown"
"7014852",371861,2025-08-01 08:35:17,43.3603248596191,-8.84133243560791,"Unknown"
"7014852",371861,2025-08-01 08:40:35,43.3603477478027,-8.84138011932373,"Unknown"
"7014852",371861,2025-08-01 08:45:10,43.3603820800781,-8.84138011932373,"Unknown"
"7014852",371861,2025-08-01 08:50:10,43.3604011535645,-8.84118747711182,"Unknown"
"7014852",371861,2025-08-01 08:55:11,43.3601722717285,-8.84120273590088,"Unknown"
"7014852",371861,2025-08-01 09:00:10,43.3602294921875,-8.84121036529541,"Unknown"
"7014852",371861,2025-08-01 09:05:11,43.3601531982422,-8.84117698669434,"Unknown"
"7014852",371861,2025-08-01 09:10:11,43.3602409362793,-8.84110641479492,"Unknown"
"7014852",371861,2025-08-01 09:15:11,43.360179901123,-8.84115409851074,"Unknown"
"7014852",371861,2025-08-01 09:20:11,43.3602638244629,-8.84112358093262,"Unknown"
"7014852",371861,2025-08-01 09:25:48,43.3609390258789,-8.84438514709473,"Unknown"
"7014852",371861,2025-08-01 09:30:10,43.3603096008301,-8.84135723114014,"Unknown"
"7014852",371861,2025-08-01 09:35:10,43.3603935241699,-8.84135723114014,"Unknown"
"7014852",371861,2025-08-01 09:40:10,43.3603630065918,-8.84138965606689,"Unknown"
"7014852",371861,2025-08-01 09:45:11,43.3603324890137,-8.84139442443848,"Unknown"
"7014852",371861,2025-08-01 09:50:11,43.3602561950684,-8.84146690368652,"Unknown"
"7014852",371861,2025-08-01 09:55:11,43.3602142333984,-8.84115314483643,"Unknown"
"7014852",371861,2025-08-01 10:00:11,43.3605422973633,-8.84182262420654,"Unknown"
"7014852",371861,2025-08-01 10:05:12,43.3604736328125,-8.84133720397949,"Unknown"
"7014852",371861,2025-08-01 10:10:12,43.3607063293457,-8.8412389755249,"Unknown"
"7014852",371861,2025-08-01 10:15:34,43.3605270385742,-8.84130096435547,"Unknown"
"7014852",371861,2025-08-01 10:20:10,43.3605079650879,-8.8412618637085,"Unknown"
"7014852",371861,2025-08-01 10:25:10,43.360538482666,-8.84127807617188,"Unknown"
"7014852",371861,2025-08-01 10:30:10,43.3604431152344,-8.84130859375,"Unknown"
"7014852",371861,2025-08-01 10:35:10,43.3604774475098,-8.84130477905273,"Unknown"
"7014852",371861,2025-08-01 10:40:11,43.360466003418,-8.84133911132812,"Unknown"
"7014852",371861,2025-08-01 10:45:10,43.3604736328125,-8.84130859375,"Unknown"
"7014852",371861,2025-08-01 10:50:11,43.3604774475098,-8.8412971496582,"Unknown"
"7014852",371861,2025-08-01 10:55:10,43.3604469299316,-8.84133434295654,"Unknown"
"7014852",371861,2025-08-01 11:00:10,43.3604316711426,-8.84134292602539,"Unknown"
"7014852",371861,2025-08-01 11:05:10,43.3604583740234,-8.84133911132812,"Unknown"
"7014852",371861,2025-08-01 11:10:10,43.3604774475098,-8.84133434295654,"Unknown"
"7014852",371861,2025-08-01 11:15:10,43.3605308532715,-8.84133529663086,"Unknown"
"7014852",371861,2025-08-01 11:20:10,43.3604316711426,-8.84136390686035,"Unknown"
"7014852",371861,2025-08-01 11:25:10,43.3604583740234,-8.84135437011719,"Unknown"
"7014852",371861,2025-08-01 11:30:11,43.3604164123535,-8.84133148193359,"Unknown"
"7014852",371861,2025-08-01 11:35:10,43.3604621887207,-8.84140872955322,"Unknown"
"7014852",371861,2025-08-01 11:40:10,43.3603134155273,-8.84142017364502,"Unknown"
"7014852",371861,2025-08-01 11:45:10,43.3604125976562,-8.84140110015869,"Unknown"
"7014852",371861,2025-08-01 11:50:10,43.3604316711426,-8.84140586853027,"Unknown"
"7014852",371861,2025-08-01 11:55:11,43.3603858947754,-8.84145927429199,"Unknown"
"7014852",371861,2025-08-01 12:00:13,43.3604888916016,-8.84146499633789,"Unknown"
"7014852",371861,2025-08-01 12:05:11,43.3603973388672,-8.84142303466797,"Unknown"
"7014852",371861,2025-08-01 12:10:11,43.3616333007812,-8.85052585601807,"Unknown"
"7014852",371861,2025-08-01 12:15:10,43.364387512207,-8.87154579162598,"Unknown"
"7014852",371861,2025-08-01 12:20:11,43.3661804199219,-8.85158252716064,"Unknown"
"7014852",371861,2025-08-01 12:25:11,43.3656997680664,-8.85120677947998,"Unknown"
"7014852",371861,2025-08-01 12:30:10,43.3606376647949,-8.84671974182129,"Unknown"
"7014852",371861,2025-08-01 12:35:11,43.3604278564453,-8.84141254425049,"Unknown"
"7014852",371861,2025-08-01 12:40:11,43.3604393005371,-8.8414363861084,"Unknown"
"7014852",371861,2025-08-01 12:45:11,43.3603477478027,-8.84137344360352,"Unknown"
"7014852",371861,2025-08-01 12:50:34,43.3603820800781,-8.84138965606689,"Unknown"
"7014852",371861,2025-08-01 12:55:10,43.3603858947754,-8.84134483337402,"Unknown"
"7014852",371861,2025-08-01 13:00:10,43.3603973388672,-8.84140205383301,"Unknown"
"7014852",371861,2025-08-01 13:05:11,43.3603744506836,-8.8413257598877,"Unknown"
"7014852",371861,2025-08-01 13:10:12,43.3603134155273,-8.84117412567139,"Unknown"
"7014852",371861,2025-08-01 13:15:10,43.3600769042969,-8.84124851226807,"Unknown"
"7014852",371861,2025-08-01 13:20:10,43.3601837158203,-8.84114456176758,"Unknown"
"7014852",371861,2025-08-01 13:25:10,43.3602180480957,-8.84118270874023,"Unknown"
"7014852",371861,2025-08-01 13:30:11,43.3601913452148,-8.8411693572998,"Unknown"
"7014852",371861,2025-08-01 13:35:11,43.3603706359863,-8.84138584136963,"Unknown"
"7014852",371861,2025-08-01 13:40:12,43.360237121582,-8.84112930297852,"Unknown"
"7014852",371861,2025-08-01 13:45:12,43.3602638244629,-8.84110450744629,"Unknown"
"7014852",371861,2025-08-01 13:50:11,43.3601760864258,-8.84114837646484,"Unknown"
"7014852",371861,2025-08-01 13:55:11,43.3602600097656,-8.84113121032715,"Unknown"
"7014852",371861,2025-08-01 14:00:12,43.3602294921875,-8.84115600585938,"Unknown"
"7014852",371861,2025-08-01 14:05:11,43.3601760864258,-8.84118938446045,"Unknown"
"7014852",371861,2025-08-01 14:10:12,43.3601722717285,-8.84117317199707,"Unknown"
"7014852",371861,2025-08-01 14:15:16,43.3601913452148,-8.84117984771729,"Unknown"
"7014852",371861,2025-08-01 14:20:11,43.360221862793,-8.84117603302002,"Unknown"
"7014852",371861,2025-08-01 14:25:12,43.3602142333984,-8.84122848510742,"Unknown"
"7014852",371861,2025-08-01 14:30:12,43.3602104187012,-8.84115600585938,"Unknown"
"7014852",371861,2025-08-01 14:35:11,43.3601531982422,-8.84114646911621,"Unknown"
"7014852",371861,2025-08-01 14:40:22,43.3603134155273,-8.84127044677734,"Unknown"
"7014852",371861,2025-08-01 14:45:35,43.3605041503906,-8.84171009063721,"Unknown"
"7014852",371861,2025-08-01 14:50:11,43.3605117797852,-8.84169578552246,"Unknown"
"7014852",371861,2025-08-01 14:55:11,43.3608283996582,-8.84220695495605,"Unknown"
"7014852",371861,2025-08-01 15:00:12,43.3602828979492,-8.84121799468994,"Unknown"
"7014852",371861,2025-08-01 15:05:11,43.3601913452148,-8.84124660491943,"Unknown"
"7014852",371861,2025-08-01 15:10:11,43.3602104187012,-8.84122753143311,"Unknown"
"7014852",371861,2025-08-01 15:15:12,43.3621215820312,-8.83766078948975,"Unknown"
"7014852",371861,2025-08-01 15:20:13,43.3738327026367,-8.82229709625244,"Unknown"
"7014852",371861,2025-08-01 15:25:11,43.3850784301758,-8.80598926544189,"Unknown"
"7014852",371861,2025-08-01 15:30:12,43.4018974304199,-8.79728889465332,"Unknown"
"7014852",371861,2025-08-01 15:35:11,43.4148635864258,-8.77999591827393,"Unknown"
"7014852",371861,2025-08-01 15:40:12,43.4192199707031,-8.75272560119629,"Unknown"
"7014852",371861,2025-08-01 15:45:11,43.4248390197754,-8.7290563583374,"Unknown"
"7014852",371861,2025-08-01 15:50:12,43.4313888549805,-8.70424365997314,"Unknown"
"7014852",371861,2025-08-01 15:55:12,43.4261283874512,-8.67430591583252,"Unknown"
"7014852",371861,2025-08-01 16:00:12,43.4099807739258,-8.64728355407715,"Unknown"
"7014852",371861,2025-08-01 16:05:13,43.399341583252,-8.61937999725342,"Unknown"
"7014852",371861,2025-08-01 16:10:13,43.3958358764648,-8.59492969512939,"Unknown"
"7014852",371861,2025-08-01 16:20:18,43.3903274536133,-8.54952621459961,"Unknown"
"7014852",371861,2025-08-01 16:25:19,43.3675003051758,-8.52011775970459,"Unknown"
"7014852",371861,2025-08-01 16:30:51,43.3577346801758,-8.49593830108643,"Unknown"
"7014852",371861,2025-08-01 16:35:13,43.3534812927246,-8.47440052032471,"Unknown"
"7014852",371861,2025-08-01 16:40:32,43.3552398681641,-8.4579610824585,"Unknown"
"7014852",371861,2025-08-01 16:45:13,43.3666076660156,-8.45599460601807,"Unknown"
"7014852",371861,2025-08-01 16:50:13,43.3804550170898,-8.43872356414795,"Unknown"
"7014852",371861,2025-08-01 16:55:12,43.3837051391602,-8.41509532928467,"Unknown"
"7014852",371861,2025-08-01 17:00:12,43.3874359130859,-8.40420436859131,"Unknown"
"7014852",371861,2025-08-01 17:05:13,43.3803787231445,-8.38203716278076,"Unknown"
"7014852",371861,2025-08-01 17:10:12,43.3642692565918,-8.37226867675781,"Unknown"
"7014852",371861,2025-08-01 17:15:12,43.363208770752,-8.39268589019775,"Unknown"
"7014852",371861,2025-08-01 17:20:12,43.359691619873,-8.39898777008057,"Unknown"
"7014852",371861,2025-08-01 17:25:12,43.3613204956055,-8.4053955078125,"Unknown"
"7014852",371861,2025-08-01 17:30:12,43.3748016357422,-8.42059135437012,"Unknown"
"7014852",371861,2025-08-01 17:35:12,43.3869438171387,-8.42632293701172,"Unknown"
"7014852",371861,2025-08-01 17:40:12,43.3995895385742,-8.41194629669189,"Unknown"
"7014852",371861,2025-08-01 17:45:12,43.3809471130371,-8.40021705627441,"Unknown"
"7014852",371861,2025-08-01 17:50:12,43.3588714599609,-8.40235900878906,"Unknown"
"7014852",371861,2025-08-01 17:55:12,43.3384399414062,-8.41802787780762,"Unknown"
"7014852",371861,2025-08-01 18:00:12,43.3359756469727,-8.42237281799316,"Unknown"
"7014852",371861,2025-08-01 18:05:12,43.3369979858398,-8.4219913482666,"Unknown"
"7014852",371861,2025-08-01 18:10:12,43.3467330932617,-8.4219388961792,"Unknown"
"7014852",371861,2025-08-01 18:15:12,43.3521728515625,-8.44068050384521,"Unknown"
"7014852",371861,2025-08-01 18:20:12,43.3561782836914,-8.45547008514404,"Unknown"
"7014852",371861,2025-08-01 18:25:12,43.3582725524902,-8.4614315032959,"Unknown"
"7014852",371861,2025-08-01 18:30:13,43.3537063598633,-8.5139856338501,"Unknown"
"7014852",371861,2025-08-01 18:35:13,43.3535575866699,-8.51371002197266,"Unknown"
"7014852",371861,2025-08-01 18:40:27,43.3532028198242,-8.51455783843994,"Unknown"
"7014852",371861,2025-08-01 18:45:13,43.3572845458984,-8.51501178741455,"Unknown"
"7014852",371861,2025-08-01 18:50:12,43.3579063415527,-8.51658725738525,"Unknown"
"7014852",371861,2025-08-01 18:55:14,43.3558464050293,-8.51594924926758,"Unknown"
"7014852",371861,2025-08-01 19:00:13,43.3422966003418,-8.55175685882568,"Unknown"
"7014852",371861,2025-08-01 19:05:16,43.3209114074707,-8.59186553955078,"Unknown"
"7014852",371861,2025-08-01 19:10:13,43.3051261901855,-8.65193939208984,"Unknown"
"7014852",371861,2025-08-01 19:15:35,43.2922782897949,-8.6963529586792,"Unknown"
"7014852",371861,2025-08-01 19:20:13,43.2909240722656,-8.72074031829834,"Unknown"
"7014852",371861,2025-08-01 19:25:13,43.2978210449219,-8.7578182220459,"Unknown"
"7014852",371861,2025-08-01 19:30:12,43.3129806518555,-8.79913425445557,"Unknown"
"7014852",371861,2025-08-01 19:35:13,43.3299827575684,-8.82932090759277,"Unknown"
"7014852",371861,2025-08-01 19:40:13,43.3468589782715,-8.83879852294922,"Unknown"
"7014852",371861,2025-08-01 19:45:25,43.3607978820801,-8.84199905395508,"Unknown"
"7014852",371861,2025-08-01 19:50:12,43.3603782653809,-8.84115219116211,"Unknown"
"7014852",371861,2025-08-01 19:55:13,43.360179901123,-8.84115886688232,"Unknown"
"7014852",371861,2025-08-01 20:00:13,43.3601303100586,-8.84138870239258,"Unknown"
"7014852",371861,2025-08-01 20:05:16,43.3602905273438,-8.84221363067627,"Unknown"
"7014852",371861,2025-08-01 20:10:23,43.3603019714355,-8.84126281738281,"Unknown"
"7014852",371861,2025-08-01 20:15:13,43.3602485656738,-8.84129810333252,"Unknown"
"7014852",371861,2025-08-01 20:20:17,43.3601837158203,-8.84135723114014,"Unknown"
"7014852",371861,2025-08-01 20:25:15,43.3602104187012,-8.84146595001221,"Unknown"
"7014852",371861,2025-08-01 20:30:19,43.360179901123,-8.84116268157959,"Unknown"
"7014852",371861,2025-08-01 20:35:18,43.3603935241699,-8.84152030944824,"Unknown"
"7014852",371861,2025-08-01 20:40:35,43.3603706359863,-8.84137439727783,"Unknown"
"7014852",371861,2025-08-02 01:40:35,43.3601760864258,-8.84119319915771,"Unknown"
"7014852",371861,2025-08-02 05:37:08,43.1835899353027,-9.09287166595459,"Unknown"
"7014852",371861,2025-08-02 05:41:02,43.1832237243652,-9.09201908111572,"Unknown"
"7014852",371861,2025-08-02 05:46:09,43.1832885742188,-9.09166240692139,"Unknown"
"7014852",371861,2025-08-02 05:51:23,43.183162689209,-9.09155464172363,"Unknown"
"7014852",371861,2025-08-02 05:56:36,43.1816177368164,-9.09171199798584,"Unknown"
"7014852",371861,2025-08-02 06:01:35,43.185661315918,-9.10541248321533,"Unknown"
"7014852",371861,2025-08-02 06:05:53,43.1853790283203,-9.1054515838623,"Unknown"
"7014852",371861,2025-08-02 06:10:51,43.1857795715332,-9.10552310943604,"Unknown"
"7014852",371861,2025-08-02 06:15:51,43.1867599487305,-9.1022310256958,"Unknown"
"7014852",371861,2025-08-02 06:20:51,43.1830062866211,-9.09261798858643,"Unknown"
"7014852",371861,2025-08-02 06:26:14,43.1835136413574,-9.0928783416748,"Unknown"
"7014852",371861,2025-08-02 06:30:51,43.1825752258301,-9.08293533325195,"Unknown"
"7014852",371861,2025-08-02 06:35:51,43.1846237182617,-9.05834484100342,"Unknown"
"7014852",371861,2025-08-02 06:40:51,43.1947135925293,-9.03971195220947,"Unknown"
"7014852",371861,2025-08-02 06:46:14,43.1955070495605,-9.03992366790771,"Unknown"
"7014852",371861,2025-08-02 06:50:51,43.2054290771484,-9.03214550018311,"Unknown"
"7014852",371861,2025-08-02 06:55:51,43.2197608947754,-9.01805877685547,"Unknown"
"7014852",371861,2025-08-02 07:00:51,43.228141784668,-9.00331592559814,"Unknown"
"7014852",371861,2025-08-02 07:05:51,43.2385864257812,-9.00111293792725,"Unknown"
"7014852",371861,2025-08-02 07:10:51,43.2501983642578,-8.98747539520264,"Unknown"
"7014852",371861,2025-08-02 07:15:51,43.2634124755859,-8.97797298431396,"Unknown"
"7014852",371861,2025-08-02 07:20:51,43.2787818908691,-8.98480701446533,"Unknown"
"7014852",371861,2025-08-02 07:25:51,43.2847175598145,-8.9675350189209,"Unknown"
"7014852",371861,2025-08-02 07:30:55,43.2888336181641,-8.9412727355957,"Unknown"
"7014852",371861,2025-08-02 07:35:58,43.2920875549316,-8.91218280792236,"Unknown"
"7014852",371861,2025-08-02 07:42:14,43.3208694458008,-8.91060924530029,"Unknown"
"7014852",371861,2025-08-02 07:45:53,43.3184242248535,-8.89231967926025,"Unknown"
"7014852",371861,2025-08-02 07:51:00,43.3211097717285,-8.86579322814941,"Unknown"
"7014852",371861,2025-08-02 07:56:00,43.3278770446777,-8.84952449798584,"Unknown"
"7014852",371861,2025-08-02 08:00:52,43.3451805114746,-8.84090328216553,"Unknown"
"7014852",371861,2025-08-02 08:06:00,43.3534812927246,-8.83252143859863,"Unknown"
"7014852",371861,2025-08-02 08:11:12,43.3602180480957,-8.84122943878174,"Unknown"
"7014852",371861,2025-08-02 08:15:55,43.360221862793,-8.84115409851074,"Unknown"
"7014852",371861,2025-08-02 08:20:54,43.3602294921875,-8.84122276306152,"Unknown"
"7014852",371861,2025-08-02 08:25:51,43.3603591918945,-8.84118556976318,"Unknown"
"7014852",371861,2025-08-02 08:30:57,43.3602142333984,-8.84103584289551,"Unknown"
"7014852",371861,2025-08-02 08:35:55,43.3602638244629,-8.84124088287354,"Unknown"
"7014852",371861,2025-08-02 08:40:53,43.3603286743164,-8.84127712249756,"Unknown"
"7014852",371861,2025-08-02 08:46:14,43.3603897094727,-8.84132671356201,"Unknown"
"7014852",371861,2025-08-02 08:50:57,43.3604316711426,-8.84120178222656,"Unknown"
"7014852",371861,2025-08-02 08:55:57,43.3604011535645,-8.8413553237915,"Unknown"
"7014852",371861,2025-08-02 09:00:53,43.3604850769043,-8.84110164642334,"Unknown"
"7014852",371861,2025-08-02 09:06:03,43.3604202270508,-8.84142112731934,"Unknown"
"7014852",371861,2025-08-02 09:10:58,43.3604888916016,-8.84122657775879,"Unknown"
"7014852",371861,2025-08-02 09:15:54,43.3605003356934,-8.84133434295654,"Unknown"
"7014852",371861,2025-08-02 09:20:54,43.3604431152344,-8.84120178222656,"Unknown"
"7014852",371861,2025-08-02 09:25:58,43.3605995178223,-8.84102916717529,"Unknown"
"7014852",371861,2025-08-02 09:31:23,43.3603935241699,-8.84107303619385,"Unknown"
"7014852",371861,2025-08-02 09:35:51,43.3602485656738,-8.84125137329102,"Unknown"
"7014852",371861,2025-08-02 09:40:51,43.3602676391602,-8.8411865234375,"Unknown"
"7014852",371861,2025-08-02 09:45:52,43.360294342041,-8.84113311767578,"Unknown"
"7014852",371861,2025-08-02 09:50:52,43.3603324890137,-8.8407039642334,"Unknown"
"7014852",371861,2025-08-02 09:55:57,43.3596839904785,-8.84119319915771,"Unknown"
"7014852",371861,2025-08-02 10:01:14,43.3600616455078,-8.84151649475098,"Unknown"
"7014852",371861,2025-08-02 10:05:51,43.3601608276367,-8.84142875671387,"Unknown"
"7014852",371861,2025-08-02 10:10:53,43.360179901123,-8.84114933013916,"Unknown"
"7014852",371861,2025-08-02 10:16:07,43.3612785339355,-8.84509468078613,"Unknown"
"7014852",371861,2025-08-02 10:22:16,43.3625946044922,-8.84238624572754,"Unknown"
"7014852",371861,2025-08-02 10:26:23,43.3605308532715,-8.84102821350098,"Unknown"
"7014852",371861,2025-08-02 10:30:53,43.3605766296387,-8.84097099304199,"Unknown"
"7014852",371861,2025-08-02 10:35:52,43.3606643676758,-8.84104537963867,"Unknown"
"7014852",371861,2025-08-02 10:40:53,43.3605003356934,-8.84104347229004,"Unknown"
"7014852",371861,2025-08-02 10:45:55,43.3604393005371,-8.84094429016113,"Unknown"
"7014852",371861,2025-08-02 10:50:54,43.3604965209961,-8.84107875823975,"Unknown"
"7014852",371861,2025-08-02 10:56:02,43.3602409362793,-8.84082889556885,"Unknown"
"7014852",371861,2025-08-02 11:01:02,43.3602409362793,-8.84080791473389,"Unknown"
"7014852",371861,2025-08-02 11:06:01,43.3600654602051,-8.84064960479736,"Unknown"
"7014852",371861,2025-08-02 11:11:03,43.3600921630859,-8.8406810760498,"Unknown"
"7014852",371861,2025-08-02 11:16:04,43.359992980957,-8.84058952331543,"Unknown"
"7014852",371861,2025-08-02 11:21:05,43.359920501709,-8.8405818939209,"Unknown"
"7014852",371861,2025-08-02 11:26:23,43.3603324890137,-8.84140872955322,"Unknown"
"7014852",371861,2025-08-02 11:30:51,43.360279083252,-8.84144973754883,"Unknown"
"7014852",371861,2025-08-02 11:35:51,43.3603363037109,-8.84146022796631,"Unknown"
"7014852",371861,2025-08-02 11:40:51,43.3603096008301,-8.84138011932373,"Unknown"
"7014852",371861,2025-08-02 11:45:51,43.3602638244629,-8.84137725830078,"Unknown"
"7014852",371861,2025-08-02 11:50:51,43.3603248596191,-8.84138965606689,"Unknown"
"7014852",371861,2025-08-02 11:55:52,43.3603248596191,-8.84132289886475,"Unknown"
"7014852",371861,2025-08-02 12:00:51,43.3603057861328,-8.84120178222656,"Unknown"
"7014852",371861,2025-08-02 12:05:51,43.3602905273438,-8.84139823913574,"Unknown"
"7014852",371861,2025-08-02 12:10:52,43.360221862793,-8.84148788452148,"Unknown"
"7014852",371861,2025-08-02 12:15:52,43.3602409362793,-8.84135246276855,"Unknown"
"7014852",371861,2025-08-02 12:20:52,43.3606910705566,-8.84161186218262,"Unknown"
"7014852",371861,2025-08-02 12:25:51,43.360237121582,-8.841383934021,"Unknown"
"7014852",371861,2025-08-02 12:30:51,43.3602714538574,-8.84137439727783,"Unknown"
"7014852",371861,2025-08-02 12:35:51,43.3603820800781,-8.84138584136963,"Unknown"
"7014852",371861,2025-08-02 12:40:51,43.3603897094727,-8.84133815765381,"Unknown"
"7014852",371861,2025-08-02 12:45:51,43.3603057861328,-8.84128665924072,"Unknown"
"7014852",371861,2025-08-02 12:50:53,43.3603630065918,-8.84132385253906,"Unknown"
"7014852",371861,2025-08-02 12:55:57,43.3601837158203,-8.84132194519043,"Unknown"
"7014852",371861,2025-08-02 13:00:52,43.3603439331055,-8.84137344360352,"Unknown"
"7014852",371861,2025-08-02 13:05:52,43.3600959777832,-8.84113883972168,"Unknown"
"7014852",371861,2025-08-02 13:11:01,43.3598518371582,-8.840744972229,"Unknown"
"7014852",371861,2025-08-02 13:15:54,43.3603820800781,-8.84147357940674,"Unknown"
"7014852",371861,2025-08-02 13:21:14,43.3602676391602,-8.84135723114014,"Unknown"
"7014852",371861,2025-08-02 13:25:52,43.3602333068848,-8.84133243560791,"Unknown"
"7014852",371861,2025-08-02 13:30:54,43.3602867126465,-8.84129238128662,"Unknown"
"7014852",371861,2025-08-02 13:35:55,43.3603134155273,-8.84126567840576,"Unknown"
"7014852",371861,2025-08-02 13:40:55,43.3603591918945,-8.84124183654785,"Unknown"
"7014852",371861,2025-08-02 13:46:14,43.3605194091797,-8.8416862487793,"Unknown"
"7014852",371861,2025-08-02 13:50:59,43.3604774475098,-8.84154319763184,"Unknown"
"7014852",371861,2025-08-02 13:56:18,43.3596496582031,-8.83986663818359,"Unknown"
"7014852",371861,2025-08-02 14:01:04,43.3600463867188,-8.84064865112305,"Unknown"
"7014852",371861,2025-08-02 14:05:57,43.3604545593262,-8.84153747558594,"Unknown"
"7014852",371861,2025-08-02 14:11:14,43.3603591918945,-8.84138298034668,"Unknown"
"7014852",371861,2025-08-02 14:16:00,43.3604393005371,-8.84150695800781,"Unknown"
"7014852",371861,2025-08-02 14:21:00,43.360424041748,-8.84151172637939,"Unknown"
"7014852",371861,2025-08-02 14:26:23,43.3603591918945,-8.84141254425049,"Unknown"
"7014852",371861,2025-08-02 14:30:52,43.3603172302246,-8.84143924713135,"Unknown"
"7014852",371861,2025-08-02 14:35:51,43.3604049682617,-8.84133338928223,"Unknown"
"7014852",371861,2025-08-02 14:40:51,43.3603477478027,-8.84139823913574,"Unknown"
"7014852",371861,2025-08-02 14:45:52,43.360279083252,-8.84125995635986,"Unknown"
"7014852",371861,2025-08-02 14:50:51,43.3602714538574,-8.84138488769531,"Unknown"
"7014852",371861,2025-08-02 14:55:51,43.3602256774902,-8.84121704101562,"Unknown"
"7014852",371861,2025-08-02 15:00:51,43.3603477478027,-8.84134769439697,"Unknown"
"7014852",371861,2025-08-02 15:05:51,43.3604431152344,-8.84146118164062,"Unknown"
"7014852",371861,2025-08-02 15:10:52,43.3603744506836,-8.84147548675537,"Unknown"
"7014852",371861,2025-08-02 15:15:51,43.3603744506836,-8.84145164489746,"Unknown"
"7014852",371861,2025-08-02 15:20:51,43.360424041748,-8.84139347076416,"Unknown"
"7014852",371861,2025-08-02 15:25:51,43.3603973388672,-8.84137439727783,"Unknown"
"7014852",371861,2025-08-02 15:30:51,43.3603096008301,-8.84138679504395,"Unknown"
"7014852",371861,2025-08-02 15:35:52,43.3603515625,-8.84139060974121,"Unknown"
"7014852",371861,2025-08-02 15:40:51,43.3603286743164,-8.84140396118164,"Unknown"
"7014852",371861,2025-08-02 15:45:51,43.3604202270508,-8.84144306182861,"Unknown"
"7014852",371861,2025-08-02 15:50:52,43.3604354858398,-8.84151649475098,"Unknown"
"7014852",371861,2025-08-02 15:55:52,43.3603439331055,-8.84154987335205,"Unknown"
"7014852",371861,2025-08-02 16:00:52,43.3603210449219,-8.84142875671387,"Unknown"
"7014852",371861,2025-08-02 16:05:52,43.3604164123535,-8.84136962890625,"Unknown"
"7014852",371861,2025-08-02 16:10:53,43.3604774475098,-8.84153079986572,"Unknown"
"7014852",371861,2025-08-02 16:15:53,43.3603057861328,-8.84115314483643,"Unknown"
"7014852",371861,2025-08-02 16:20:53,43.3603057861328,-8.84133243560791,"Unknown"
"7014852",371861,2025-08-02 16:25:53,43.3603553771973,-8.84157943725586,"Unknown"
"7014852",371861,2025-08-02 16:30:53,43.3598937988281,-8.84054756164551,"Unknown"
"7014852",371861,2025-08-02 16:35:53,43.3602752685547,-8.84119606018066,"Unknown"
"7014852",371861,2025-08-02 16:40:53,43.3602294921875,-8.84102058410645,"Unknown"
"7014852",371861,2025-08-02 16:45:53,43.3603172302246,-8.84119510650635,"Unknown"
"7014852",371861,2025-08-02 16:50:54,43.3601913452148,-8.84121131896973,"Unknown"
"7014852",371861,2025-08-02 16:55:52,43.3603591918945,-8.8412618637085,"Unknown"
"7014852",371861,2025-08-02 17:01:00,43.3603782653809,-8.84135913848877,"Unknown"
"7014852",371861,2025-08-02 17:05:53,43.360595703125,-8.8415994644165,"Unknown"
"7014852",371861,2025-08-02 17:10:52,43.3603172302246,-8.84128189086914,"Unknown"
"7014852",371861,2025-08-02 17:15:52,43.360279083252,-8.84120464324951,"Unknown"
"7014852",371861,2025-08-02 17:20:52,43.360408782959,-8.84149742126465,"Unknown"
"7014852",371861,2025-08-02 17:25:53,43.3602294921875,-8.84129810333252,"Unknown"
"7014852",371861,2025-08-02 17:31:00,43.3603935241699,-8.84142112731934,"Unknown"
"7014852",371861,2025-08-02 17:35:54,43.3603820800781,-8.84142589569092,"Unknown"
"7014852",371861,2025-08-02 17:41:09,43.3603744506836,-8.84136199951172,"Unknown"
"7014852",371861,2025-08-02 17:46:14,43.3603706359863,-8.84139919281006,"Unknown"
"7014852",371861,2025-08-02 17:50:51,43.3604965209961,-8.84123420715332,"Unknown"
"7014852",371861,2025-08-02 17:55:54,43.3604507446289,-8.84138965606689,"Unknown"
"7014852",371861,2025-08-02 18:00:52,43.3601112365723,-8.84066772460938,"Unknown"
"7014852",371861,2025-08-02 18:05:54,43.3603630065918,-8.84125232696533,"Unknown"
"7014852",371861,2025-08-02 18:10:55,43.3604469299316,-8.8413610458374,"Unknown"
"7014852",371861,2025-08-02 18:15:52,43.3602828979492,-8.84121131896973,"Unknown"
"7014852",371861,2025-08-02 18:20:58,43.3602905273438,-8.8411693572998,"Unknown"
"7014852",371861,2025-08-02 18:25:55,43.3602561950684,-8.84116744995117,"Unknown"
"7014852",371861,2025-08-02 18:31:14,43.3602676391602,-8.84131145477295,"Unknown"
"7014852",371861,2025-08-02 18:35:51,43.3603630065918,-8.84133911132812,"Unknown"
"7014852",371861,2025-08-02 18:40:52,43.3602294921875,-8.84114933013916,"Unknown"
"7014852",371861,2025-08-02 18:45:51,43.3603363037109,-8.84120082855225,"Unknown"
"7014852",371861,2025-08-02 18:50:54,43.3602409362793,-8.84115886688232,"Unknown"
"7014852",371861,2025-08-02 18:56:00,43.3603706359863,-8.84128952026367,"Unknown"
"7014852",371861,2025-08-02 19:01:00,43.3603744506836,-8.84129810333252,"Unknown"
"7014852",371861,2025-08-02 19:05:57,43.3603897094727,-8.84126949310303,"Unknown"
"7014852",371861,2025-08-02 19:10:52,43.360767364502,-8.84094333648682,"Unknown"
"7014852",371861,2025-08-02 19:16:16,43.360164642334,-8.84115791320801,"Unknown"
"7014852",371861,2025-08-02 19:20:58,43.3601493835449,-8.84110164642334,"Unknown"
"7014852",371861,2025-08-02 19:25:58,43.3604278564453,-8.84115123748779,"Unknown"
"7014852",371861,2025-08-02 19:30:54,43.3602142333984,-8.84092617034912,"Unknown"
"7014852",371861,2025-08-02 19:36:14,43.3603820800781,-8.84137344360352,"Unknown"
"7014852",371861,2025-08-02 19:40:53,43.3603668212891,-8.84104347229004,"Unknown"
"7014852",371861,2025-08-02 19:46:00,43.360408782959,-8.84122467041016,"Unknown"
"7014852",371861,2025-08-02 19:51:19,43.3599014282227,-8.84122753143311,"Unknown"
"7014852",371861,2025-08-02 19:56:11,43.3604736328125,-8.84145641326904,"Unknown"
"7014852",371861,2025-08-02 20:00:53,43.3606567382812,-8.84249877929688,"Unknown"
"7014852",371861,2025-08-02 20:06:03,43.3604927062988,-8.84106063842773,"Unknown"
"7014852",371861,2025-08-02 20:11:01,43.3600044250488,-8.84123039245605,"Unknown"
"7014852",371861,2025-08-02 20:15:58,43.360107421875,-8.84115409851074,"Unknown"
"7014852",371861,2025-08-02 20:20:58,43.3603019714355,-8.84130477905273,"Unknown"
"7014852",371861,2025-08-02 20:26:23,43.360294342041,-8.84135437011719,"Unknown"
"7014852",371861,2025-08-02 20:30:51,43.3602752685547,-8.84135913848877,"Unknown"
"7014852",371861,2025-08-02 20:35:51,43.360294342041,-8.84139251708984,"Unknown"
"7014852",371861,2025-08-02 20:38:56,43.3602523803711,-8.84133148193359,"Unknown"
"7014852",371861,2025-08-03 01:39:29,43.3602676391602,-8.84147930145264,"Unknown"
"7014852",371861,2025-08-03 05:32:44,43.1824340820312,-9.09151363372803,"Unknown"
"7014852",371861,2025-08-03 05:37:23,43.1808090209961,-9.09173011779785,"Unknown"
"7014852",371861,2025-08-03 05:42:24,43.1841125488281,-9.09189891815186,"Unknown"
"7014852",371861,2025-08-03 05:47:23,43.1835250854492,-9.09293079376221,"Unknown"
"7014852",371861,2025-08-03 05:52:19,43.1809616088867,-9.09208202362061,"Unknown"
"7014852",371861,2025-08-03 05:57:24,43.1830749511719,-9.09258651733398,"Unknown"
"7014852",371861,2025-08-03 06:02:29,43.1831932067871,-9.09233283996582,"Unknown"
"7014852",371861,2025-08-03 06:07:35,43.1830673217773,-9.09273815155029,"Unknown"
"7014852",371861,2025-08-03 06:12:17,43.1835021972656,-9.09233856201172,"Unknown"
"7014852",371861,2025-08-03 06:17:19,43.1833343505859,-9.09268474578857,"Unknown"
"7014852",371861,2025-08-03 06:22:24,43.1836776733398,-9.09287929534912,"Unknown"
"7014852",371861,2025-08-03 06:27:22,43.1841011047363,-9.09311866760254,"Unknown"
"7014852",371861,2025-08-03 06:37:44,43.1835479736328,-9.09293937683105,"Unknown"
"7014852",371861,2025-08-03 06:42:21,43.1836090087891,-9.09286212921143,"Unknown"
"7014852",371861,2025-08-03 06:47:17,43.1826515197754,-9.09245300292969,"Unknown"
"7014852",371861,2025-08-03 06:52:16,43.184196472168,-9.09230709075928,"Unknown"
"7014852",371861,2025-08-03 06:57:21,43.183277130127,-9.0929479598999,"Unknown"
"7014852",371861,2025-08-03 07:02:19,43.1832046508789,-9.09273910522461,"Unknown"
"7014852",371861,2025-08-03 07:07:25,43.1834602355957,-9.09287166595459,"Unknown"
"7014852",371861,2025-08-03 07:12:22,43.1831932067871,-9.0924072265625,"Unknown"
"7014852",371861,2025-08-03 07:17:21,43.1825752258301,-9.09229564666748,"Unknown"
"7014852",371861,2025-08-03 07:22:19,43.1835098266602,-9.09351253509521,"Unknown"
"7014852",371861,2025-08-03 07:27:21,43.1831741333008,-9.09269618988037,"Unknown"
"7014852",371861,2025-08-03 07:33:26,43.1836471557617,-9.09317874908447,"Unknown"
"7014852",371861,2025-08-03 07:37:24,43.1836242675781,-9.0930700302124,"Unknown"
"7014852",371861,2025-08-03 07:42:24,43.1827125549316,-9.09206104278564,"Unknown"
"7014852",371861,2025-08-03 07:47:22,43.1843376159668,-9.09204959869385,"Unknown"
"7014852",371861,2025-08-03 07:52:29,43.1846961975098,-9.09188556671143,"Unknown"
"7014852",371861,2025-08-03 07:57:19,43.1844863891602,-9.09133434295654,"Unknown"
"7014852",371861,2025-08-03 08:02:24,43.1844482421875,-9.09186553955078,"Unknown"
"7014852",371861,2025-08-03 08:07:17,43.1873817443848,-9.09586143493652,"Unknown"
"7014852",371861,2025-08-03 08:12:18,43.1830787658691,-9.09323120117188,"Unknown"
"7014852",371861,2025-08-03 08:17:20,43.1830139160156,-9.09197902679443,"Unknown"
"7014852",371861,2025-08-03 08:22:21,43.1834869384766,-9.09298038482666,"Unknown"
"7014852",371861,2025-08-03 08:27:17,43.1834526062012,-9.09211444854736,"Unknown"
"7014852",371861,2025-08-03 08:32:19,43.1833305358887,-9.09168720245361,"Unknown"
"7014852",371861,2025-08-03 08:37:21,43.1839294433594,-9.09248924255371,"Unknown"
"7014852",371861,2025-08-03 08:43:22,43.1831436157227,-9.09254169464111,"Unknown"
"7014852",371861,2025-08-03 08:47:26,43.1825752258301,-9.09214496612549,"Unknown"
"7014852",371861,2025-08-03 08:52:26,43.1827697753906,-9.09220790863037,"Unknown"
"7014852",371861,2025-08-03 08:57:28,43.1829605102539,-9.09246635437012,"Unknown"
"7014852",371861,2025-08-03 09:02:25,43.1831741333008,-9.09320259094238,"Unknown"
"7014852",371861,2025-08-03 09:07:25,43.1832847595215,-9.093505859375,"Unknown"
"7014852",371861,2025-08-03 09:12:23,43.1830253601074,-9.0924186706543,"Unknown"
"7014852",371861,2025-08-03 09:17:29,43.1830062866211,-9.09341430664062,"Unknown"
"7014852",371861,2025-08-03 09:22:51,43.1835861206055,-9.09290027618408,"Unknown"
"7014852",371861,2025-08-03 09:27:17,43.1835975646973,-9.09296417236328,"Unknown"
"7014852",371861,2025-08-03 09:32:16,43.1824417114258,-9.09235572814941,"Unknown"
"7014852",371861,2025-08-03 09:37:16,43.1839904785156,-9.0924129486084,"Unknown"
"7014852",371861,2025-08-03 09:42:17,43.183952331543,-9.0924129486084,"Unknown"
"7014852",371861,2025-08-03 09:47:16,43.1840057373047,-9.09236717224121,"Unknown"
"7014852",371861,2025-08-03 09:52:17,43.1828918457031,-9.09249019622803,"Unknown"
"7014852",371861,2025-08-03 09:57:16,43.1834945678711,-9.0928783416748,"Unknown"
"7014852",371861,2025-08-03 10:02:17,43.1838340759277,-9.09204578399658,"Unknown"
"7014852",371861,2025-08-03 10:07:16,43.1842193603516,-9.09240245819092,"Unknown"
"7014852",371861,2025-08-03 10:12:17,43.1841812133789,-9.0923900604248,"Unknown"
"7014852",371861,2025-08-03 10:17:17,43.1824798583984,-9.09225273132324,"Unknown"
"7014852",371861,2025-08-03 10:22:25,43.1824913024902,-9.09219837188721,"Unknown"
"7014852",371861,2025-08-03 10:27:16,43.1851806640625,-9.10491561889648,"Unknown"
"7014852",371861,2025-08-03 10:32:16,43.1826858520508,-9.07748889923096,"Unknown"
"7014852",371861,2025-08-03 10:37:16,43.1847343444824,-9.05200004577637,"Unknown"
"7014852",371861,2025-08-03 10:42:20,43.1930885314941,-9.04084873199463,"Unknown"
"7014852",371861,2025-08-03 10:47:16,43.1952171325684,-9.0441951751709,"Unknown"
"7014852",371861,2025-08-03 10:52:16,43.2052726745605,-9.0329122543335,"Unknown"
"7014852",371861,2025-08-03 10:57:17,43.2192573547363,-9.01859283447266,"Unknown"
"7014852",371861,2025-08-03 11:02:16,43.2160606384277,-8.99759101867676,"Unknown"
"7014852",371861,2025-08-03 11:07:22,43.2160415649414,-8.99766731262207,"Unknown"
"7014852",371861,2025-08-03 11:12:20,43.2160339355469,-8.99766063690186,"Unknown"
"7014852",371861,2025-08-03 11:17:18,43.2160987854004,-8.99729824066162,"Unknown"
"7014852",371861,2025-08-03 11:22:19,43.2161331176758,-8.99720096588135,"Unknown"
"7014852",371861,2025-08-03 11:27:32,43.228759765625,-8.98039054870605,"Unknown"
"7014852",371861,2025-08-03 11:32:19,43.2422180175781,-8.97825813293457,"Unknown"
"7014852",371861,2025-08-03 11:37:17,43.2575721740723,-8.97095584869385,"Unknown"
"7014852",371861,2025-08-03 11:42:16,43.2724075317383,-8.95906639099121,"Unknown"
"7014852",371861,2025-08-03 11:47:17,43.2915153503418,-8.95151805877686,"Unknown"
"7014852",371861,2025-08-03 11:52:18,43.2912940979004,-8.92318630218506,"Unknown"
"7014852",371861,2025-08-03 11:57:18,43.3112907409668,-8.90997219085693,"Unknown"
"7014852",371861,2025-08-03 12:02:25,43.3183479309082,-8.89262104034424,"Unknown"
"7014852",371861,2025-08-03 12:07:19,43.3222007751465,-8.87236309051514,"Unknown"
"7014852",371861,2025-08-03 12:12:31,43.3241310119629,-8.84881973266602,"Unknown"
"7014852",371861,2025-08-03 12:17:30,43.3423881530762,-8.84029579162598,"Unknown"
"7014852",371861,2025-08-03 12:22:37,43.3541679382324,-8.83250713348389,"Unknown"
"7014852",371861,2025-08-03 12:27:53,43.3603668212891,-8.84136581420898,"Unknown"
"7014852",371861,2025-08-03 12:32:19,43.3603706359863,-8.84142398834229,"Unknown"
"7014852",371861,2025-08-03 12:37:20,43.3603820800781,-8.84137439727783,"Unknown"
"7014852",371861,2025-08-03 12:42:17,43.3603439331055,-8.84145164489746,"Unknown"
"7014852",371861,2025-08-03 12:47:17,43.3604354858398,-8.84141731262207,"Unknown"
"7014852",371861,2025-08-03 12:52:18,43.360424041748,-8.84137535095215,"Unknown"
"7014852",371861,2025-08-03 12:57:18,43.3604545593262,-8.84142208099365,"Unknown"
"7014852",371861,2025-08-03 13:02:18,43.360466003418,-8.84138011932373,"Unknown"
"7014852",371861,2025-08-03 13:07:27,43.3604202270508,-8.84137344360352,"Unknown"
"7014852",371861,2025-08-03 13:12:25,43.3603935241699,-8.84135150909424,"Unknown"
"7014852",371861,2025-08-03 13:17:28,43.3605041503906,-8.84147453308105,"Unknown"
"7014852",371861,2025-08-03 13:22:44,43.3603858947754,-8.84141826629639,"Unknown"
"7014852",371861,2025-08-03 13:27:17,43.3604049682617,-8.84147167205811,"Unknown"
"7014852",371861,2025-08-03 13:32:18,43.3602523803711,-8.84135627746582,"Unknown"
"7014852",371861,2025-08-03 13:37:21,43.3603897094727,-8.84121227264404,"Unknown"
"7014852",371861,2025-08-03 13:42:17,43.3600883483887,-8.84119415283203,"Unknown"
"7014852",371861,2025-08-03 13:47:44,43.3603248596191,-8.84133815765381,"Unknown"
"7014852",371861,2025-08-03 13:52:17,43.3602104187012,-8.84146690368652,"Unknown"
"7014852",371861,2025-08-03 13:57:20,43.3603172302246,-8.84127140045166,"Unknown"
"7014852",371861,2025-08-03 14:02:19,43.3601150512695,-8.84038829803467,"Unknown"
"7014852",371861,2025-08-03 14:07:20,43.3602142333984,-8.84097099304199,"Unknown"
"7014852",371861,2025-08-03 14:12:19,43.3602104187012,-8.84080505371094,"Unknown"
"7014852",371861,2025-08-03 14:17:21,43.360164642334,-8.84129333496094,"Unknown"
"7014852",371861,2025-08-03 14:22:32,43.3603477478027,-8.84142208099365,"Unknown"
"7014852",371861,2025-08-03 14:27:18,43.3602409362793,-8.84101390838623,"Unknown"
"7014852",371861,2025-08-03 14:33:05,43.3602561950684,-8.8413553237915,"Unknown"
"7014852",371861,2025-08-03 14:37:17,43.360408782959,-8.84133815765381,"Unknown"
"7014852",371861,2025-08-03 14:42:17,43.3603324890137,-8.8414478302002,"Unknown"
"7014852",371861,2025-08-03 14:47:18,43.3603172302246,-8.84139823913574,"Unknown"
"7014852",371861,2025-08-03 14:52:18,43.3603286743164,-8.84145164489746,"Unknown"
"7014852",371861,2025-08-03 14:57:18,43.3603858947754,-8.84142398834229,"Unknown"
"7014852",371861,2025-08-03 15:02:18,43.3603210449219,-8.84152126312256,"Unknown"
"7014852",371861,2025-08-03 15:07:18,43.3603858947754,-8.84153461456299,"Unknown"
"7014852",371861,2025-08-03 15:12:17,43.331356048584,-8.87863159179688,"Unknown"
"7014852",371861,2025-08-03 15:17:18,43.3000297546387,-8.933669090271,"Unknown"
"7014852",371861,2025-08-03 15:22:18,43.285530090332,-8.96577453613281,"Unknown"
"7014852",371861,2025-08-03 15:27:17,43.2568054199219,-8.99676132202148,"Unknown"
"7014852",371861,2025-08-03 15:32:18,43.2299270629883,-9.03581237792969,"Unknown"
"7014852",371861,2025-08-03 15:37:18,43.190788269043,-9.08589553833008,"Unknown"
"7014852",371861,2025-08-03 15:42:17,43.1854209899902,-9.09244728088379,"Unknown"
"7014852",371861,2025-08-03 15:47:18,43.1828651428223,-9.09244728088379,"Unknown"
"7014852",371861,2025-08-03 15:52:17,43.1863327026367,-9.09370040893555,"Unknown"
"7014852",371861,2025-08-03 15:57:18,43.1848831176758,-9.09151077270508,"Unknown"
"7014852",371861,2025-08-03 16:02:19,43.1826133728027,-9.09206676483154,"Unknown"
"7014852",371861,2025-08-03 16:07:19,43.1822242736816,-9.0914306640625,"Unknown"
"7014852",371861,2025-08-03 16:12:20,43.1830520629883,-9.09231948852539,"Unknown"
"7014852",371861,2025-08-03 16:17:18,43.1831359863281,-9.0917444229126,"Unknown"
"7014852",371861,2025-08-03 16:22:20,43.1814117431641,-9.09227752685547,"Unknown"
"7014852",371861,2025-08-03 16:27:19,43.1824111938477,-9.09164047241211,"Unknown"
"7014852",371861,2025-08-03 16:32:20,43.1827049255371,-9.09200096130371,"Unknown"
"7014852",371861,2025-08-03 16:37:41,43.1832389831543,-9.09271144866943,"Unknown"
"7014852",371861,2025-08-03 16:42:18,43.1835174560547,-9.09242343902588,"Unknown"
"7014852",371861,2025-08-03 16:47:19,43.184440612793,-9.0919246673584,"Unknown"
"7014852",371861,2025-08-03 16:52:18,43.1845855712891,-9.09213352203369,"Unknown"
"7014852",371861,2025-08-03 16:57:20,43.1848220825195,-9.09232711791992,"Unknown"
"7014852",371861,2025-08-03 17:02:21,43.1847801208496,-9.09244441986084,"Unknown"
"7014852",371861,2025-08-03 17:07:20,43.1855964660645,-9.09206008911133,"Unknown"
"7014852",371861,2025-08-03 17:12:19,43.1831588745117,-9.08169269561768,"Unknown"
"7014852",371861,2025-08-03 17:17:30,43.1884078979492,-9.0503625869751,"Unknown"
"7014852",371861,2025-08-03 17:22:20,43.1958312988281,-9.03982257843018,"Unknown"
"7014852",371861,2025-08-03 17:27:19,43.2147827148438,-9.0302906036377,"Unknown"
"7014852",371861,2025-08-03 17:32:20,43.2208709716797,-9.01219844818115,"Unknown"
"7014852",371861,2025-08-03 17:37:41,43.2158203125,-8.99755573272705,"Unknown"
"7014852",371861,2025-08-03 17:42:22,43.2158126831055,-8.99744892120361,"Unknown"
"7014852",371861,2025-08-03 17:47:22,43.2157936096191,-8.99744701385498,"Unknown"
"7014852",371861,2025-08-03 17:52:22,43.2158622741699,-8.99748039245605,"Unknown"
"7014852",371861,2025-08-03 17:57:19,43.2287292480469,-8.97984600067139,"Unknown"
"7014852",371861,2025-08-03 18:02:18,43.240535736084,-8.97171974182129,"Unknown"
"7014852",371861,2025-08-03 18:07:21,43.2593650817871,-8.96774864196777,"Unknown"
"7014852",371861,2025-08-03 18:12:21,43.2744522094727,-8.95810794830322,"Unknown"
"7014852",371861,2025-08-03 18:17:19,43.2919006347656,-8.95523643493652,"Unknown"
"7014852",371861,2025-08-03 18:22:24,43.2921257019043,-8.93231678009033,"Unknown"
"7014852",371861,2025-08-03 18:27:20,43.3068656921387,-8.91379547119141,"Unknown"
"7014852",371861,2025-08-03 18:32:47,43.3200263977051,-8.89946556091309,"Unknown"
"7014852",371861,2025-08-03 18:37:20,43.3236999511719,-8.87867736816406,"Unknown"
"7014852",371861,2025-08-03 18:42:45,43.3431015014648,-8.85722541809082,"Unknown"
"7014852",371861,2025-08-03 18:47:21,43.3613929748535,-8.84445667266846,"Unknown"
"7014852",371861,2025-08-03 18:52:44,43.3603706359863,-8.84131145477295,"Unknown"
"7014852",371861,2025-08-03 18:57:19,43.3603401184082,-8.84097862243652,"Unknown"
"7014852",371861,2025-08-03 19:02:23,43.3603096008301,-8.84094142913818,"Unknown"
"7014852",371861,2025-08-03 19:07:44,43.3604278564453,-8.84142875671387,"Unknown"
"7014852",371861,2025-08-03 19:12:30,43.3602333068848,-8.84123802185059,"Unknown"
"7014852",371861,2025-08-03 19:17:30,43.3601608276367,-8.84123229980469,"Unknown"
"7014852",371861,2025-08-03 19:22:20,43.3602409362793,-8.84103679656982,"Unknown"
"7014852",371861,2025-08-03 19:27:24,43.3603286743164,-8.84111976623535,"Unknown"
"7014852",371861,2025-08-03 19:32:21,43.3601341247559,-8.84109878540039,"Unknown"
"7014852",371861,2025-08-03 19:37:24,43.3602485656738,-8.8411979675293,"Unknown"
"7014852",371861,2025-08-03 19:42:22,43.3601951599121,-8.84074401855469,"Unknown"
"7014852",371861,2025-08-03 19:47:45,43.3601951599121,-8.84123039245605,"Unknown"
"7014852",371861,2025-08-03 19:52:24,43.3602638244629,-8.84167671203613,"Unknown"
"7014852",371861,2025-08-03 19:57:25,43.3601989746094,-8.84123229980469,"Unknown"
"7014852",371861,2025-08-03 20:02:23,43.3602638244629,-8.8411693572998,"Unknown"
"7014852",371861,2025-08-03 20:07:27,43.3603363037109,-8.84097957611084,"Unknown"
"7014852",371861,2025-08-03 20:12:28,43.3601341247559,-8.8414134979248,"Unknown"
"7014852",371861,2025-08-03 20:17:29,43.3601226806641,-8.84121131896973,"Unknown"
"7014852",371861,2025-08-03 20:22:46,43.3602561950684,-8.84111595153809,"Unknown"
"7014852",371861,2025-08-03 20:27:25,43.3602027893066,-8.8411169052124,"Unknown"
"7014852",371861,2025-08-03 20:32:53,43.3601989746094,-8.84115409851074,"Unknown"
"7014852",371861,2025-08-03 20:36:58,43.3601760864258,-8.84113216400146,"Unknown"
"7014852",371861,2025-08-04 01:37:35,43.3602638244629,-8.8411922454834,"Unknown"
"7014852",371861,2025-08-04 05:33:46,43.3602180480957,-8.84110641479492,"Unknown"
"7014852",371861,2025-08-04 05:38:26,43.3604202270508,-8.84098625183105,"Unknown"
"7014852",371861,2025-08-04 05:43:24,43.3611488342285,-8.84133052825928,"Unknown"
"7014852",371861,2025-08-04 05:48:28,43.3604583740234,-8.84135818481445,"Unknown"
"7014852",371861,2025-08-04 05:53:31,43.3603782653809,-8.84149932861328,"Unknown"
"7014852",371861,2025-08-04 05:58:31,43.3603858947754,-8.84141731262207,"Unknown"
"7014852",371861,2025-08-04 06:03:33,43.3603668212891,-8.84119987487793,"Unknown"
"7014852",371861,2025-08-04 06:08:53,43.3603248596191,-8.84135437011719,"Unknown"
"7014852",371861,2025-08-04 06:13:21,43.3602142333984,-8.84133911132812,"Unknown"
"7014852",371861,2025-08-04 06:18:21,43.3599662780762,-8.84116172790527,"Unknown"
"7014852",371861,2025-08-04 06:23:21,43.3601036071777,-8.84107398986816,"Unknown"
"7014852",371861,2025-08-04 06:28:23,43.3599624633789,-8.84110450744629,"Unknown"
"7014852",371861,2025-08-04 06:33:33,43.3603096008301,-8.84137153625488,"Unknown"
"7014852",371861,2025-08-04 06:38:30,43.3603630065918,-8.84135246276855,"Unknown"
"7014852",371861,2025-08-04 06:43:21,43.3607940673828,-8.84093189239502,"Unknown"
"7014852",371861,2025-08-04 06:48:53,43.3602142333984,-8.84126663208008,"Unknown"
"7014852",371861,2025-08-04 06:53:21,43.3602638244629,-8.84130764007568,"Unknown"
"7014852",371861,2025-08-04 06:58:22,43.3604965209961,-8.84125423431396,"Unknown"
"7014852",371861,2025-08-04 07:03:21,43.3601036071777,-8.8412618637085,"Unknown"
"7014852",371861,2025-08-04 07:08:22,43.3602333068848,-8.8413028717041,"Unknown"
"7014852",371861,2025-08-04 07:13:20,43.3605651855469,-8.84173488616943,"Unknown"
"7014852",371861,2025-08-04 07:18:21,43.3604965209961,-8.84138774871826,"Unknown"
"7014852",371861,2025-08-04 07:23:21,43.3604545593262,-8.84158420562744,"Unknown"
"7014852",371861,2025-08-04 07:28:44,43.3605308532715,-8.84133625030518,"Unknown"
"7014852",371861,2025-08-04 07:33:22,43.3604011535645,-8.84161853790283,"Unknown"
"7014852",371861,2025-08-04 07:38:21,43.3601722717285,-8.84118270874023,"Unknown"
"7014852",371861,2025-08-04 07:43:23,43.3604316711426,-8.84122371673584,"Unknown"
"7014852",371861,2025-08-04 07:48:44,43.3602256774902,-8.84120941162109,"Unknown"
"7014852",371861,2025-08-04 07:53:23,43.3602027893066,-8.8413143157959,"Unknown"
"7014852",371861,2025-08-04 07:58:22,43.3602066040039,-8.8411865234375,"Unknown"
"7014852",371861,2025-08-04 08:03:20,43.3602256774902,-8.84098815917969,"Unknown"
"7014852",371861,2025-08-04 08:08:24,43.3602561950684,-8.84100818634033,"Unknown"
"7014852",371861,2025-08-04 08:13:38,43.3603439331055,-8.84115314483643,"Unknown"
"7014852",371861,2025-08-04 08:18:20,43.3603134155273,-8.84103012084961,"Unknown"
"7014852",371861,2025-08-04 08:23:24,43.3603591918945,-8.84109497070312,"Unknown"
"7014852",371861,2025-08-04 08:28:20,43.3603706359863,-8.84104633331299,"Unknown"
"7014852",371861,2025-08-04 08:33:22,43.3603248596191,-8.84131050109863,"Unknown"
"7014852",371861,2025-08-04 08:38:23,43.3603935241699,-8.84104442596436,"Unknown"
"7014852",371861,2025-08-04 08:43:20,43.3602638244629,-8.84116077423096,"Unknown"
"7014852",371861,2025-08-04 08:48:31,43.3602485656738,-8.84108829498291,"Unknown"
"7014852",371861,2025-08-04 08:53:24,43.3605651855469,-8.84117412567139,"Unknown"
"7014852",371861,2025-08-04 08:58:28,43.3603172302246,-8.84106731414795,"Unknown"
"7014852",371861,2025-08-04 09:03:22,43.3603935241699,-8.84104061126709,"Unknown"
"7014852",371861,2025-08-04 09:08:26,43.3603363037109,-8.84103870391846,"Unknown"
"7014852",371861,2025-08-04 09:13:21,43.3604507446289,-8.84122753143311,"Unknown"
"7014852",371861,2025-08-04 09:18:21,43.3603019714355,-8.84127044677734,"Unknown"
"7014852",371861,2025-08-04 09:23:21,43.3603782653809,-8.84130764007568,"Unknown"
"7014852",371861,2025-08-04 09:28:21,43.3603935241699,-8.84126853942871,"Unknown"
"7014852",371861,2025-08-04 09:33:21,43.3603515625,-8.8413257598877,"Unknown"
"7014852",371861,2025-08-04 09:38:21,43.3606376647949,-8.84119701385498,"Unknown"
"7014852",371861,2025-08-04 09:43:21,43.3607788085938,-8.84122180938721,"Unknown"
"7014852",371861,2025-08-04 09:48:23,43.3603782653809,-8.84130382537842,"Unknown"
"7014852",371861,2025-08-04 09:53:22,43.3610000610352,-8.84127426147461,"Unknown"
"7014852",371861,2025-08-04 09:58:22,43.3605041503906,-8.84121608734131,"Unknown"
"7014852",371861,2025-08-04 10:03:25,43.3605422973633,-8.8412618637085,"Unknown"
"7014852",371861,2025-08-04 10:08:44,43.3600959777832,-8.84121417999268,"Unknown"
"7014852",371861,2025-08-04 10:13:53,43.3602867126465,-8.84120178222656,"Unknown"
"7014852",371861,2025-08-04 10:18:20,43.3602600097656,-8.84125137329102,"Unknown"
"7014852",371861,2025-08-04 10:23:20,43.3602561950684,-8.84123706817627,"Unknown"
"7014852",371861,2025-08-04 10:28:20,43.3602638244629,-8.84123039245605,"Unknown"
"7014852",371861,2025-08-04 10:33:20,43.3608932495117,-8.8419189453125,"Unknown"
"7014852",371861,2025-08-04 10:38:21,43.3604202270508,-8.84131622314453,"Unknown"
"7014852",371861,2025-08-04 10:43:21,43.3603858947754,-8.84136486053467,"Unknown"
"7014852",371861,2025-08-04 10:48:20,43.3603591918945,-8.84142875671387,"Unknown"
"7014852",371861,2025-08-04 10:53:21,43.3603744506836,-8.84135818481445,"Unknown"
"7014852",371861,2025-08-04 10:58:20,43.359748840332,-8.84115886688232,"Unknown"
"7014852",371861,2025-08-04 11:03:20,43.3601951599121,-8.84126758575439,"Unknown"
"7014852",371861,2025-08-04 11:08:20,43.360221862793,-8.84121227264404,"Unknown"
"7014852",371861,2025-08-04 11:13:20,43.3602104187012,-8.84117984771729,"Unknown"
"7014852",371861,2025-08-04 11:18:20,43.3602027893066,-8.84113693237305,"Unknown"
"7014852",371861,2025-08-04 11:23:21,43.3603324890137,-8.84135913848877,"Unknown"
"7014852",371861,2025-08-04 11:28:29,43.3603019714355,-8.84120941162109,"Unknown"
"7014852",371861,2025-08-04 11:33:20,43.3602256774902,-8.84123611450195,"Unknown"
"7014852",371861,2025-08-04 11:38:20,43.3602333068848,-8.84119319915771,"Unknown"
"7014852",371861,2025-08-04 11:43:24,43.360237121582,-8.84116363525391,"Unknown"
"7014852",371861,2025-08-04 11:48:21,43.3602142333984,-8.84126472473145,"Unknown"
"7014852",371861,2025-08-04 11:53:22,43.3601722717285,-8.84124851226807,"Unknown"
"7014852",371861,2025-08-04 11:58:20,43.3603439331055,-8.84143924713135,"Unknown"
"7014852",371861,2025-08-04 12:03:44,43.3602294921875,-8.84122848510742,"Unknown"
"7014852",371861,2025-08-04 12:08:22,43.3603096008301,-8.84202480316162,"Unknown"
"7014852",371861,2025-08-04 12:13:23,43.3601684570312,-8.84121036529541,"Unknown"
"7014852",371861,2025-08-04 12:18:21,43.3603439331055,-8.84134578704834,"Unknown"
"7014852",371861,2025-08-04 12:23:21,43.3604393005371,-8.84142398834229,"Unknown"
"7014852",371861,2025-08-04 12:28:21,43.3603858947754,-8.84119606018066,"Unknown"
"7014852",371861,2025-08-04 12:33:21,43.3601760864258,-8.84119987487793,"Unknown"
"7014852",371861,2025-08-04 12:38:24,43.360107421875,-8.84111022949219,"Unknown"
"7014852",371861,2025-08-04 12:43:21,43.3600654602051,-8.84102821350098,"Unknown"
"7014852",371861,2025-08-04 12:48:44,43.3601264953613,-8.8411226272583,"Unknown"
"7014852",371861,2025-08-04 12:53:20,43.3604316711426,-8.84146213531494,"Unknown"
"7014852",371861,2025-08-04 12:58:22,43.3603324890137,-8.84135341644287,"Unknown"
"7014852",371861,2025-08-04 13:03:25,43.3602638244629,-8.84134578704834,"Unknown"
"7014852",371861,2025-08-04 13:08:29,43.3602752685547,-8.84128665924072,"Unknown"
"7014852",371861,2025-08-04 13:13:25,43.3602180480957,-8.84125995635986,"Unknown"
"7014852",371861,2025-08-04 13:18:23,43.3601608276367,-8.84118843078613,"Unknown"
"7014852",371861,2025-08-04 13:23:22,43.3604354858398,-8.84150123596191,"Unknown"
"7014852",371861,2025-08-04 13:28:30,43.3602600097656,-8.84121417999268,"Unknown"
"7014852",371861,2025-08-04 13:33:25,43.3602409362793,-8.84112548828125,"Unknown"
"7014852",371861,2025-08-04 13:38:27,43.3602142333984,-8.84106349945068,"Unknown"
"7014852",371861,2025-08-04 13:43:28,43.3601379394531,-8.84092330932617,"Unknown"
"7014852",371861,2025-08-04 13:48:44,43.3603057861328,-8.84125518798828,"Unknown"
"7014852",371861,2025-08-04 13:53:25,43.3602333068848,-8.84132766723633,"Unknown"
"7014852",371861,2025-08-04 13:58:22,43.3602447509766,-8.84125328063965,"Unknown"
"7014852",371861,2025-08-04 14:03:23,43.3607597351074,-8.84152221679688,"Unknown"
"7014852",371861,2025-08-04 14:08:23,43.3587684631348,-8.84222316741943,"Unknown"
"7014852",371861,2025-08-04 14:13:27,43.3603363037109,-8.84150791168213,"Unknown"
"7014852",371861,2025-08-04 14:18:29,43.3602333068848,-8.84133911132812,"Unknown"
"7014852",371861,2025-08-04 14:23:25,43.3602409362793,-8.84131526947021,"Unknown"
"7014852",371861,2025-08-04 14:28:25,43.3605995178223,-8.84191417694092,"Unknown"
"7014852",371861,2025-08-04 14:33:44,43.3604011535645,-8.84151840209961,"Unknown"
"7014852",371861,2025-08-04 14:38:25,43.3604049682617,-8.84166431427002,"Unknown"
"7014852",371861,2025-08-04 14:43:21,43.3603477478027,-8.84147167205811,"Unknown"
"7014852",371861,2025-08-04 14:48:44,43.3603782653809,-8.8414945602417,"Unknown"
"7014852",371861,2025-08-04 14:53:28,43.3603363037109,-8.84121608734131,"Unknown"
"7014852",371861,2025-08-04 14:58:25,43.3603057861328,-8.84135627746582,"Unknown"
"7014852",371861,2025-08-04 15:03:27,43.360179901123,-8.84109210968018,"Unknown"
"7014852",371861,2025-08-04 15:08:24,43.3602180480957,-8.84112739562988,"Unknown"
"7014852",371861,2025-08-04 15:13:30,43.3600578308105,-8.84117794036865,"Unknown"
"7014852",371861,2025-08-04 15:18:29,43.3600845336914,-8.84107208251953,"Unknown"
"7014852",371861,2025-08-04 15:23:25,43.3600883483887,-8.84113502502441,"Unknown"
"7014852",371861,2025-08-04 15:28:31,43.3601417541504,-8.84109306335449,"Unknown"
"7014852",371861,2025-08-04 15:33:32,43.3600730895996,-8.84114742279053,"Unknown"
"7014852",371861,2025-08-04 15:38:35,43.3600540161133,-8.84102535247803,"Unknown"
"7014852",371861,2025-08-04 15:43:34,43.3599510192871,-8.84106826782227,"Unknown"
"7014852",371861,2025-08-04 15:48:45,43.3602714538574,-8.84117221832275,"Unknown"
"7014852",371861,2025-08-04 15:53:28,43.3602561950684,-8.8411865234375,"Unknown"
"7014852",371861,2025-08-04 15:58:20,43.3603706359863,-8.84117889404297,"Unknown"
"7014852",371861,2025-08-04 16:03:32,43.3602409362793,-8.84123039245605,"Unknown"
"7014852",371861,2025-08-04 16:08:44,43.3602638244629,-8.84118938446045,"Unknown"
"7014852",371861,2025-08-04 16:13:29,43.3602561950684,-8.84124565124512,"Unknown"
"7014852",371861,2025-08-04 16:18:32,43.3601608276367,-8.84136581420898,"Unknown"
"7014852",371861,2025-08-04 16:23:30,43.3602104187012,-8.84134101867676,"Unknown"
"7014852",371861,2025-08-04 16:28:28,43.3602600097656,-8.84130191802979,"Unknown"
"7014852",371861,2025-08-04 16:33:25,43.3600997924805,-8.84151458740234,"Unknown"
"7014852",371861,2025-08-04 16:38:44,43.3601341247559,-8.84145641326904,"Unknown"
"7014852",371861,2025-08-04 16:43:25,43.3602409362793,-8.84128665924072,"Unknown"
"7014852",371861,2025-08-04 16:48:22,43.3607559204102,-8.84102153778076,"Unknown"
"7014852",371861,2025-08-04 16:53:23,43.360767364502,-8.84101104736328,"Unknown"
"7014852",371861,2025-08-04 16:58:25,43.3605728149414,-8.84179306030273,"Unknown"
"7014852",371861,2025-08-04 17:03:22,43.3604049682617,-8.84143924713135,"Unknown"
"7014852",371861,2025-08-04 17:08:27,43.3601951599121,-8.84136295318604,"Unknown"
"7014852",371861,2025-08-04 17:13:24,43.3601608276367,-8.84127902984619,"Unknown"
"7014852",371861,2025-08-04 17:18:23,43.3604927062988,-8.84184646606445,"Unknown"
"7014852",371861,2025-08-04 17:23:32,43.3603858947754,-8.84120273590088,"Unknown"
"7014852",371861,2025-08-04 17:28:30,43.360237121582,-8.84121799468994,"Unknown"
"7014852",371861,2025-08-04 17:33:47,43.3602409362793,-8.84110260009766,"Unknown"
"7014852",371861,2025-08-04 17:38:33,43.360221862793,-8.84143447875977,"Unknown"
"7014852",371861,2025-08-04 17:43:45,43.3602905273438,-8.84114265441895,"Unknown"
"7014852",371861,2025-08-04 17:48:28,43.3604736328125,-8.84170913696289,"Unknown"
"7014852",371861,2025-08-04 17:53:31,43.3603706359863,-8.84151268005371,"Unknown"
"7014852",371861,2025-08-04 17:58:30,43.3603973388672,-8.84133434295654,"Unknown"
"7014852",371861,2025-08-04 18:03:30,43.3603706359863,-8.84128379821777,"Unknown"
"7014852",371861,2025-08-04 18:08:30,43.3603782653809,-8.8412914276123,"Unknown"
"7014852",371861,2025-08-04 18:13:30,43.3604202270508,-8.84113216400146,"Unknown"
"7014852",371861,2025-08-04 18:18:30,43.3601989746094,-8.84109401702881,"Unknown"
"7014852",371861,2025-08-04 18:23:53,43.360164642334,-8.84110260009766,"Unknown"
"7014852",371861,2025-08-04 18:28:21,43.3602104187012,-8.84113311767578,"Unknown"
"7014852",371861,2025-08-04 18:33:29,43.3602294921875,-8.84112644195557,"Unknown"
"7014852",371861,2025-08-04 18:38:25,43.3602447509766,-8.84116744995117,"Unknown"
"7014852",371861,2025-08-04 18:43:22,43.3601303100586,-8.84105110168457,"Unknown"
"7014852",371861,2025-08-04 18:48:23,43.3603591918945,-8.8414478302002,"Unknown"
"7014852",371861,2025-08-04 18:53:28,43.3603248596191,-8.84210968017578,"Unknown"
"7014852",371861,2025-08-04 18:58:22,43.3604316711426,-8.84127902984619,"Unknown"
"7014852",371861,2025-08-04 19:03:25,43.360164642334,-8.84106540679932,"Unknown"
"7014852",371861,2025-08-04 19:08:32,43.3601608276367,-8.8410120010376,"Unknown"
"7014852",371861,2025-08-04 19:13:29,43.3602066040039,-8.84107112884521,"Unknown"
"7014852",371861,2025-08-04 19:18:30,43.3602409362793,-8.84118175506592,"Unknown"
"7014852",371861,2025-08-04 19:23:28,43.3602142333984,-8.84113693237305,"Unknown"
"7014852",371861,2025-08-04 19:28:30,43.3602142333984,-8.84121322631836,"Unknown"
"7014852",371861,2025-08-04 19:33:30,43.3602752685547,-8.8411283493042,"Unknown"
"7014852",371861,2025-08-04 19:38:30,43.3601722717285,-8.84105014801025,"Unknown"
"7014852",371861,2025-08-04 19:43:25,43.3602142333984,-8.84110641479492,"Unknown"
"7014852",371861,2025-08-04 19:48:30,43.3601875305176,-8.84101104736328,"Unknown"
"7014852",371861,2025-08-04 19:54:05,43.3602180480957,-8.84115123748779,"Unknown"
"7014852",371861,2025-08-04 19:58:21,43.3602409362793,-8.84112071990967,"Unknown"
"7014852",371861,2025-08-04 20:03:22,43.3601608276367,-8.84128665924072,"Unknown"
"7014852",371861,2025-08-04 20:08:21,43.3601531982422,-8.84126949310303,"Unknown"
"7014852",371861,2025-08-04 20:13:22,43.3601684570312,-8.84132385253906,"Unknown"
"7014852",371861,2025-08-04 20:18:21,43.3601951599121,-8.84117698669434,"Unknown"
"7014852",371861,2025-08-04 20:23:22,43.3602447509766,-8.84119319915771,"Unknown"
"7014852",371861,2025-08-04 20:28:22,43.3602905273438,-8.8411750793457,"Unknown"
"7014852",371861,2025-08-04 20:33:21,43.360237121582,-8.84109973907471,"Unknown"
"7014852",371861,2025-08-04 20:36:08,43.3602485656738,-8.84114742279053,"Unknown"
"7014852",371861,2025-08-05 01:36:36,43.360221862793,-8.84111881256104,"Unknown"
"7014852",371861,2025-08-05 05:34:59,43.3575057983398,-8.85300350189209,"Unknown"
"7014852",371861,2025-08-05 05:39:26,43.3364677429199,-8.92227649688721,"Unknown"
"7014852",371861,2025-08-05 05:44:39,43.3143539428711,-8.99783039093018,"Unknown"
"7014852",371861,2025-08-05 05:50:29,43.2800407409668,-9.08112621307373,"Unknown"
"7014852",371861,2025-08-05 05:54:25,43.2404594421387,-9.10382270812988,"Unknown"
"7014852",371861,2025-08-05 05:59:26,43.2011222839355,-9.10201835632324,"Unknown"
"7014852",371861,2025-08-05 06:04:32,43.1823921203613,-9.09200096130371,"Unknown"
"7014852",371861,2025-08-05 06:09:25,43.183723449707,-9.09297847747803,"Unknown"
"7014852",371861,2025-08-05 06:14:38,43.1836853027344,-9.09338092803955,"Unknown"
"7014852",371861,2025-08-05 06:19:32,43.1840476989746,-9.09288597106934,"Unknown"
"7014852",371861,2025-08-05 06:24:30,43.185417175293,-9.09229373931885,"Unknown"
"7014852",371861,2025-08-05 06:29:37,43.1825332641602,-9.09179878234863,"Unknown"
"7014852",371861,2025-08-05 06:34:44,43.1840286254883,-9.09335899353027,"Unknown"
"7014852",371861,2025-08-05 06:39:29,43.1834449768066,-9.09358406066895,"Unknown"
"7014852",371861,2025-08-05 06:44:37,43.1832427978516,-9.09238624572754,"Unknown"
"7014852",371861,2025-08-05 06:49:26,43.1829986572266,-9.09219169616699,"Unknown"
"7014852",371861,2025-08-05 06:54:24,43.1835899353027,-9.09286212921143,"Unknown"
"7014852",371861,2025-08-05 06:59:28,43.1830902099609,-9.09322166442871,"Unknown"
"7014852",371861,2025-08-05 07:04:36,43.1830978393555,-9.09339618682861,"Unknown"
"7014852",371861,2025-08-05 07:09:28,43.1836853027344,-9.09429264068604,"Unknown"
"7014852",371861,2025-08-05 07:14:24,43.1827278137207,-9.09253406524658,"Unknown"
"7014852",371861,2025-08-05 07:19:24,43.1832504272461,-9.0933952331543,"Unknown"
"7014852",371861,2025-08-05 07:24:59,43.1829948425293,-9.09253883361816,"Unknown"
"7014852",371861,2025-08-05 07:29:24,43.1838111877441,-9.0944709777832,"Unknown"
"7014852",371861,2025-08-05 07:34:24,43.1825141906738,-9.092453956604,"Unknown"
"7014852",371861,2025-08-05 07:39:25,43.1829452514648,-9.0924129486084,"Unknown"
"7014852",371861,2025-08-05 07:44:24,43.1833114624023,-9.09340000152588,"Unknown"
"7014852",371861,2025-08-05 07:49:26,43.183292388916,-9.09344387054443,"Unknown"
"7014852",371861,2025-08-05 07:54:25,43.1829948425293,-9.09191131591797,"Unknown"
"7014852",371861,2025-08-05 07:59:34,43.1835784912109,-9.09299468994141,"Unknown"
"7014852",371861,2025-08-05 08:04:24,43.1830940246582,-9.09249401092529,"Unknown"
"7014852",371861,2025-08-05 08:09:24,43.1824607849121,-9.09187412261963,"Unknown"
"7014852",371861,2025-08-05 08:14:27,43.1836166381836,-9.09271049499512,"Unknown"
"7014852",371861,2025-08-05 08:19:31,43.1832389831543,-9.09255504608154,"Unknown"
"7014852",371861,2025-08-05 08:24:27,43.1832122802734,-9.09257411956787,"Unknown"
"7014852",371861,2025-08-05 08:29:24,43.1837539672852,-9.09309768676758,"Unknown"
"7014852",371861,2025-08-05 08:34:39,43.1832809448242,-9.09269714355469,"Unknown"
"7014852",371861,2025-08-05 08:39:24,43.1827087402344,-9.09253120422363,"Unknown"
"7014852",371861,2025-08-05 08:44:27,43.1827430725098,-9.09211540222168,"Unknown"
"7014852",371861,2025-08-05 08:49:26,43.1837501525879,-9.09145736694336,"Unknown"
"7014852",371861,2025-08-05 08:54:26,43.1833877563477,-9.09302234649658,"Unknown"
"7014852",371861,2025-08-05 08:59:24,43.1834526062012,-9.09270000457764,"Unknown"
"7014852",371861,2025-08-05 09:04:25,43.1856536865234,-9.09064388275146,"Unknown"
"7014852",371861,2025-08-05 09:09:28,43.1848793029785,-9.09034061431885,"Unknown"
"7014852",371861,2025-08-05 09:14:26,43.1865348815918,-9.07262802124023,"Unknown"
"7014852",371861,2025-08-05 09:19:25,43.1907844543457,-9.04703617095947,"Unknown"
"7014852",371861,2025-08-05 09:24:35,43.2076110839844,-9.03078842163086,"Unknown"
"7014852",371861,2025-08-05 09:29:24,43.2194938659668,-9.01656627655029,"Unknown"
"7014852",371861,2025-08-05 09:34:25,43.2162094116211,-8.99808406829834,"Unknown"
"7014852",371861,2025-08-05 09:39:25,43.2169380187988,-9.00188636779785,"Unknown"
"7014852",371861,2025-08-05 09:44:26,43.2374267578125,-9.00676727294922,"Unknown"
"7014852",371861,2025-08-05 09:50:28,43.2548370361328,-8.9903621673584,"Unknown"
"7014852",371861,2025-08-05 09:54:28,43.2673759460449,-8.9853343963623,"Unknown"
"7014852",371861,2025-08-05 09:59:44,43.2823486328125,-8.97766876220703,"Unknown"
"7014852",371861,2025-08-05 10:04:25,43.2919960021973,-8.95754718780518,"Unknown"
"7014852",371861,2025-08-05 10:09:26,43.2892189025879,-8.92988777160645,"Unknown"
"7014852",371861,2025-08-05 10:14:26,43.3010292053223,-8.91055202484131,"Unknown"
"7014852",371861,2025-08-05 10:19:28,43.3208160400391,-8.91110706329346,"Unknown"
"7014852",371861,2025-08-05 10:24:28,43.3189353942871,-8.89283275604248,"Unknown"
"7014852",371861,2025-08-05 10:29:28,43.316650390625,-8.87524890899658,"Unknown"
"7014852",371861,2025-08-05 10:34:28,43.3223075866699,-8.871262550354,"Unknown"
"7014852",371861,2025-08-05 10:40:29,43.3230056762695,-8.84781360626221,"Unknown"
"7014852",371861,2025-08-05 10:44:26,43.3393096923828,-8.84004878997803,"Unknown"
"7014852",371861,2025-08-05 10:49:34,43.3551368713379,-8.83315467834473,"Unknown"
"7014852",371861,2025-08-05 10:54:27,43.3610725402832,-8.84097862243652,"Unknown"
"7014852",371861,2025-08-05 10:59:29,43.3603439331055,-8.84106254577637,"Unknown"
"7014852",371861,2025-08-05 11:04:40,43.3603134155273,-8.84134006500244,"Unknown"
"7014852",371861,2025-08-05 11:09:30,43.360424041748,-8.84133529663086,"Unknown"
"7014852",371861,2025-08-05 11:14:28,43.3603019714355,-8.84140014648438,"Unknown"
"7014852",371861,2025-08-05 11:19:26,43.3603286743164,-8.8414478302002,"Unknown"
"7014852",371861,2025-08-05 11:24:28,43.360408782959,-8.84139442443848,"Unknown"
"7014852",371861,2025-08-05 11:29:27,43.3603630065918,-8.84142112731934,"Unknown"
"7014852",371861,2025-08-05 11:34:28,43.3604583740234,-8.84134292602539,"Unknown"
"7014852",371861,2025-08-05 11:39:35,43.3605499267578,-8.84138298034668,"Unknown"
"7014852",371861,2025-08-05 11:44:29,43.3600921630859,-8.841233253479,"Unknown"
"7014852",371861,2025-08-05 11:49:44,43.3601837158203,-8.84147262573242,"Unknown"
"7014852",371861,2025-08-05 11:54:31,43.3602752685547,-8.84146213531494,"Unknown"
"7014852",371861,2025-08-05 11:59:31,43.3603172302246,-8.8414363861084,"Unknown"
"7014852",371861,2025-08-05 12:04:59,43.3603401184082,-8.84138965606689,"Unknown"
"7014852",371861,2025-08-05 12:09:26,43.3603439331055,-8.84140300750732,"Unknown"
"7014852",371861,2025-08-05 12:14:26,43.3603668212891,-8.84137344360352,"Unknown"
"7014852",371861,2025-08-05 12:19:26,43.3603477478027,-8.84139537811279,"Unknown"
"7014852",371861,2025-08-05 12:24:27,43.3603515625,-8.84139633178711,"Unknown"
"7014852",371861,2025-08-05 12:29:27,43.3603439331055,-8.8413610458374,"Unknown"
"7014852",371861,2025-08-05 12:34:27,43.3603019714355,-8.84135627746582,"Unknown"
"7014852",371861,2025-08-05 12:39:27,43.3604621887207,-8.84144306182861,"Unknown"
"7014852",371861,2025-08-05 12:44:27,43.3601760864258,-8.84114646911621,"Unknown"
"7014852",371861,2025-08-05 12:49:36,43.3601341247559,-8.8411226272583,"Unknown"
"7014852",371861,2025-08-05 12:54:32,43.3601760864258,-8.8411808013916,"Unknown"
"7014852",371861,2025-08-05 12:59:40,43.3600616455078,-8.84112548828125,"Unknown"
"7014852",371861,2025-08-05 13:04:27,43.3603248596191,-8.84131050109863,"Unknown"
"7014852",371861,2025-08-05 13:09:27,43.3602409362793,-8.84128093719482,"Unknown"
"7014852",371861,2025-08-05 13:14:27,43.3602523803711,-8.84115219116211,"Unknown"
"7014852",371861,2025-08-05 13:19:31,43.360237121582,-8.84097290039062,"Unknown"
"7014852",371861,2025-08-05 13:24:31,43.3604927062988,-8.84162139892578,"Unknown"
"7014852",371861,2025-08-05 13:29:35,43.3602333068848,-8.84108543395996,"Unknown"
"7014852",371861,2025-08-05 13:34:30,43.3600692749023,-8.84078884124756,"Unknown"
"7014852",371861,2025-08-05 13:39:32,43.3603591918945,-8.84113121032715,"Unknown"
"7014852",371861,2025-08-05 13:44:32,43.360279083252,-8.84114265441895,"Unknown"
"7014852",371861,2025-08-05 13:49:44,43.3603630065918,-8.84127902984619,"Unknown"
"7014852",371861,2025-08-05 13:54:29,43.360408782959,-8.84146785736084,"Unknown"
"7014852",371861,2025-08-05 13:59:28,43.3603553771973,-8.84123706817627,"Unknown"
"7014852",371861,2025-08-05 14:04:36,43.3603286743164,-8.84078598022461,"Unknown"
"7014852",371861,2025-08-05 14:09:36,43.3603935241699,-8.84158229827881,"Unknown"
"7014852",371861,2025-08-05 14:14:27,43.3603057861328,-8.8413610458374,"Unknown"
"7014852",371861,2025-08-05 14:19:59,43.3603477478027,-8.84142112731934,"Unknown"
"7014852",371861,2025-08-05 14:24:26,43.3603515625,-8.84134006500244,"Unknown"
"7014852",371861,2025-08-05 14:29:26,43.3604049682617,-8.8414306640625,"Unknown"
"7014852",371861,2025-08-05 14:34:27,43.3603744506836,-8.84139156341553,"Unknown"
"7014852",371861,2025-08-05 14:39:26,43.3603591918945,-8.84133148193359,"Unknown"
"7014852",371861,2025-08-05 14:44:26,43.3603973388672,-8.84142875671387,"Unknown"
"7014852",371861,2025-08-05 14:49:27,43.3603668212891,-8.84138870239258,"Unknown"
"7014852",371861,2025-08-05 14:54:26,43.3603668212891,-8.84133815765381,"Unknown"
"7014852",371861,2025-08-05 14:59:26,43.3604278564453,-8.84140491485596,"Unknown"
"7014852",371861,2025-08-05 15:04:26,43.3604125976562,-8.84136962890625,"Unknown"
"7014852",371861,2025-08-05 15:09:27,43.3604621887207,-8.84159183502197,"Unknown"
"7014852",371861,2025-08-05 15:14:27,43.3604850769043,-8.84148025512695,"Unknown"
"7014852",371861,2025-08-05 15:19:27,43.3604469299316,-8.84150981903076,"Unknown"
"7014852",371861,2025-08-05 15:24:27,43.3603744506836,-8.84143161773682,"Unknown"
"7014852",371861,2025-08-05 15:29:26,43.3603973388672,-8.84148406982422,"Unknown"
"7014852",371861,2025-08-05 15:34:27,43.360424041748,-8.84147262573242,"Unknown"
"7014852",371861,2025-08-05 15:39:27,43.3603744506836,-8.84143733978271,"Unknown"
"7014852",371861,2025-08-05 15:44:32,43.3602905273438,-8.84141445159912,"Unknown"
"7014852",371861,2025-08-05 15:49:26,43.3604393005371,-8.84154510498047,"Unknown"
"7014852",371861,2025-08-05 15:54:28,43.360424041748,-8.8414945602417,"Unknown"
"7014852",371861,2025-08-05 15:59:26,43.3604049682617,-8.84142017364502,"Unknown"
"7014852",371861,2025-08-05 16:04:31,43.3608589172363,-8.84218978881836,"Unknown"
"7014852",371861,2025-08-05 16:09:37,43.3603210449219,-8.84137630462646,"Unknown"
"7014852",371861,2025-08-05 16:14:27,43.360424041748,-8.84151554107666,"Unknown"
"7014852",371861,2025-08-05 16:19:31,43.3597984313965,-8.84027194976807,"Unknown"
"7014852",371861,2025-08-05 16:24:31,43.3598022460938,-8.84053707122803,"Unknown"
"7014852",371861,2025-08-05 16:29:28,43.3598785400391,-8.84070014953613,"Unknown"
"7014852",371861,2025-08-05 16:34:28,43.3601264953613,-8.84122180938721,"Unknown"
"7014852",371861,2025-08-05 16:39:31,43.3596992492676,-8.84015464782715,"Unknown"
"7014852",371861,2025-08-05 16:44:28,43.3599243164062,-8.84059524536133,"Unknown"
"7014852",371861,2025-08-05 16:49:27,43.359977722168,-8.84084987640381,"Unknown"
"7014852",371861,2025-08-05 16:54:35,43.3600730895996,-8.84145355224609,"Unknown"
"7014852",371861,2025-08-05 16:59:27,43.3601188659668,-8.84057807922363,"Unknown"
"7014852",371861,2025-08-05 17:04:39,43.3603477478027,-8.84156322479248,"Unknown"
"7014852",371861,2025-08-05 17:09:44,43.3604011535645,-8.84148502349854,"Unknown"
"7014852",371861,2025-08-05 17:14:28,43.360466003418,-8.84118461608887,"Unknown"
"7014852",371861,2025-08-05 17:19:26,43.3604583740234,-8.84106731414795,"Unknown"
"7014852",371861,2025-08-05 17:24:32,43.360424041748,-8.84108543395996,"Unknown"
"7014852",371861,2025-08-05 17:29:27,43.3603973388672,-8.84134197235107,"Unknown"
"7014852",371861,2025-08-05 17:34:31,43.3603324890137,-8.84138584136963,"Unknown"
"7014852",371861,2025-08-05 17:39:32,43.3602752685547,-8.84102439880371,"Unknown"
"7014852",371861,2025-08-05 17:44:30,43.3603324890137,-8.84174251556396,"Unknown"
"7014852",371861,2025-08-05 17:49:45,43.360179901123,-8.84113502502441,"Unknown"
"7014852",371861,2025-08-05 17:54:31,43.3601722717285,-8.84122943878174,"Unknown"
"7014852",371861,2025-08-05 17:59:34,43.3601684570312,-8.84120273590088,"Unknown"
"7014852",371861,2025-08-05 18:04:34,43.3601570129395,-8.84096431732178,"Unknown"
"7014852",371861,2025-08-05 18:09:36,43.3600463867188,-8.8410005569458,"Unknown"
"7014852",371861,2025-08-05 18:14:39,43.3600921630859,-8.84105587005615,"Unknown"
"7014852",371861,2025-08-05 18:19:32,43.3601036071777,-8.84092807769775,"Unknown"
"7014852",371861,2025-08-05 18:24:31,43.3602409362793,-8.84107494354248,"Unknown"
"7014852",371861,2025-08-05 18:29:37,43.3601264953613,-8.84097194671631,"Unknown"
"7014852",371861,2025-08-05 18:34:38,43.3601951599121,-8.84116649627686,"Unknown"
"7014852",371861,2025-08-05 18:39:44,43.3601493835449,-8.84119987487793,"Unknown"
"7014852",371861,2025-08-05 18:44:31,43.3602066040039,-8.84092903137207,"Unknown"
"7014852",371861,2025-08-05 18:49:45,43.3601684570312,-8.84115409851074,"Unknown"
"7014852",371861,2025-08-05 18:54:31,43.360179901123,-8.84092044830322,"Unknown"
"7014852",371861,2025-08-05 18:59:37,43.3601417541504,-8.84121036529541,"Unknown"
"7014852",371861,2025-08-05 19:04:29,43.3601112365723,-8.84203910827637,"Unknown"
"7014852",371861,2025-08-05 19:09:37,43.3603668212891,-8.84139537811279,"Unknown"
"7014852",371861,2025-08-05 19:14:44,43.3603477478027,-8.84136199951172,"Unknown"
"7014852",371861,2025-08-05 19:19:34,43.3600883483887,-8.84117889404297,"Unknown"
"7014852",371861,2025-08-05 19:24:37,43.3601913452148,-8.84121990203857,"Unknown"
"7014852",371861,2025-08-05 19:29:36,43.360107421875,-8.8413553237915,"Unknown"
"7014852",371861,2025-08-05 19:34:35,43.3600273132324,-8.84128570556641,"Unknown"
"7014852",371861,2025-08-05 19:39:37,43.3601112365723,-8.84133529663086,"Unknown"
"7014852",371861,2025-08-05 19:44:52,43.3604011535645,-8.84140682220459,"Unknown"
"7014852",371861,2025-08-05 19:49:59,43.3603706359863,-8.84138774871826,"Unknown"
"7014852",371861,2025-08-05 19:54:26,43.3603096008301,-8.84122467041016,"Unknown"
"7014852",371861,2025-08-05 19:59:26,43.3601722717285,-8.84120464324951,"Unknown"
"7014852",371861,2025-08-05 20:04:26,43.3601531982422,-8.84120082855225,"Unknown"
"7014852",371861,2025-08-05 20:09:26,43.3601684570312,-8.84120941162109,"Unknown"
"7014852",371861,2025-08-05 20:14:26,43.3602905273438,-8.84120655059814,"Unknown"
"7014852",371861,2025-08-05 20:19:26,43.3601684570312,-8.84119129180908,"Unknown"
"7014852",371861,2025-08-05 20:24:26,43.3602600097656,-8.8412036895752,"Unknown"
"7014852",371861,2025-08-05 20:29:26,43.3602485656738,-8.84112167358398,"Unknown"
"7014852",371861,2025-08-05 20:34:44,43.3602142333984,-8.84123992919922,"Unknown"
"7014852",371861,2025-08-06 01:35:06,43.3602638244629,-8.84132385253906,"Unknown"
"7014852",371861,2025-08-06 05:36:00,43.1812896728516,-9.09156608581543,"Unknown"
"7014852",371861,2025-08-06 05:40:55,43.1832733154297,-9.09280586242676,"Unknown"
"7014852",371861,2025-08-06 05:45:37,43.1833114624023,-9.09352874755859,"Unknown"
"7014852",371861,2025-08-06 05:50:26,43.1834259033203,-9.09352588653564,"Unknown"
"7014852",371861,2025-08-06 05:55:31,43.1833839416504,-9.092604637146,"Unknown"
"7014852",371861,2025-08-06 06:00:59,43.1853866577148,-9.10533618927002,"Unknown"
"7014852",371861,2025-08-06 06:05:28,43.1854133605957,-9.10539436340332,"Unknown"
"7014852",371861,2025-08-06 06:10:28,43.185474395752,-9.10560035705566,"Unknown"
"7014852",371861,2025-08-06 06:15:27,43.1852722167969,-9.1054162979126,"Unknown"
"7014852",371861,2025-08-06 06:20:26,43.1854209899902,-9.10538768768311,"Unknown"
"7014852",371861,2025-08-06 06:25:40,43.1858024597168,-9.10587406158447,"Unknown"
"7014852",371861,2025-08-06 06:30:28,43.1828765869141,-9.09350204467773,"Unknown"
"7014852",371861,2025-08-06 06:35:26,43.193489074707,-9.07767009735107,"Unknown"
"7014852",371861,2025-08-06 06:40:25,43.1910552978516,-9.0470724105835,"Unknown"
"7014852",371861,2025-08-06 06:45:26,43.2090797424316,-9.03234004974365,"Unknown"
"7014852",371861,2025-08-06 06:50:26,43.2212905883789,-9.01274681091309,"Unknown"
"7014852",371861,2025-08-06 06:55:28,43.2161026000977,-8.99826049804688,"Unknown"
"7014852",371861,2025-08-06 07:00:26,43.2160873413086,-8.99805641174316,"Unknown"
"7014852",371861,2025-08-06 07:05:26,43.2221641540527,-9.00441646575928,"Unknown"
"7014852",371861,2025-08-06 07:10:26,43.2377815246582,-8.9915246963501,"Unknown"
"7014852",371861,2025-08-06 07:15:27,43.2579574584961,-8.98105239868164,"Unknown"
"7014852",371861,2025-08-06 07:20:29,43.2775421142578,-8.98477077484131,"Unknown"
"7014852",371861,2025-08-06 07:25:30,43.2883338928223,-8.96283721923828,"Unknown"
"7014852",371861,2025-08-06 07:30:36,43.2856826782227,-8.93487071990967,"Unknown"
"7014852",371861,2025-08-06 07:35:31,43.303092956543,-8.91047954559326,"Unknown"
"7014852",371861,2025-08-06 07:40:29,43.3209419250488,-8.90222549438477,"Unknown"
"7014852",371861,2025-08-06 07:45:31,43.318359375,-8.88323974609375,"Unknown"
"7014852",371861,2025-08-06 07:50:29,43.3199844360352,-8.85944557189941,"Unknown"
"7014852",371861,2025-08-06 07:55:27,43.3194274902344,-8.83426856994629,"Unknown"
"7014852",371861,2025-08-06 08:00:28,43.3223609924316,-8.8091869354248,"Unknown"
"7014852",371861,2025-08-06 08:06:50,43.3177146911621,-8.80503940582275,"Unknown"
"7014852",371861,2025-08-06 08:10:26,43.3285331726074,-8.82104110717773,"Unknown"
"7014852",371861,2025-08-06 08:15:26,43.3493118286133,-8.8346643447876,"Unknown"
"7014852",371861,2025-08-06 08:20:28,43.3602447509766,-8.84148597717285,"Unknown"
"7014852",371861,2025-08-06 08:25:28,43.3603134155273,-8.84109210968018,"Unknown"
"7014852",371861,2025-08-06 08:30:36,43.3603553771973,-8.84128665924072,"Unknown"
"7014852",371861,2025-08-06 08:35:36,43.3603515625,-8.84129524230957,"Unknown"
"7014852",371861,2025-08-06 08:40:33,43.3603477478027,-8.8415002822876,"Unknown"
"7014852",371861,2025-08-06 08:45:42,43.3603630065918,-8.84141159057617,"Unknown"
"7014852",371861,2025-08-06 08:51:50,43.3608474731445,-8.8440408706665,"Unknown"
"7014852",371861,2025-08-06 08:56:50,43.3609428405762,-8.84401226043701,"Unknown"
"7014852",371861,2025-08-06 09:01:00,43.3612442016602,-8.84442138671875,"Unknown"
"7014852",371861,2025-08-06 09:05:28,43.360424041748,-8.84164428710938,"Unknown"
"7014852",371861,2025-08-06 09:10:28,43.3605003356934,-8.84178733825684,"Unknown"
"7014852",371861,2025-08-06 09:15:28,43.360538482666,-8.84209537506104,"Unknown"
"7014852",371861,2025-08-06 09:20:29,43.360538482666,-8.84184455871582,"Unknown"
"7014852",371861,2025-08-06 09:25:36,43.3604049682617,-8.841477394104,"Unknown"
"7014852",371861,2025-08-06 09:30:26,43.3604545593262,-8.84154033660889,"Unknown"
"7014852",371861,2025-08-06 09:35:44,43.360466003418,-8.84148025512695,"Unknown"
"7014852",371861,2025-08-06 09:40:33,43.3605194091797,-8.84140300750732,"Unknown"
"7014852",371861,2025-08-06 09:45:35,43.3603820800781,-8.84140777587891,"Unknown"
"7014852",371861,2025-08-06 09:50:28,43.3481674194336,-8.84165287017822,"Unknown"
"7014852",371861,2025-08-06 09:55:27,43.3215141296387,-8.82467174530029,"Unknown"
"7014852",371861,2025-08-06 10:00:25,43.3137054443359,-8.83257484436035,"Unknown"
"7014852",371861,2025-08-06 10:05:29,43.2895240783691,-8.85588073730469,"Unknown"
"7014852",371861,2025-08-06 10:10:29,43.2774925231934,-8.85475063323975,"Unknown"
"7014852",371861,2025-08-06 10:15:59,43.2762489318848,-8.85212993621826,"Unknown"
"7014852",371861,2025-08-06 10:20:36,43.2762298583984,-8.85228252410889,"Unknown"
"7014852",371861,2025-08-06 10:25:32,43.2761993408203,-8.85231018066406,"Unknown"
"7014852",371861,2025-08-06 10:30:34,43.2761497497559,-8.85210132598877,"Unknown"
"7014852",371861,2025-08-06 10:35:27,43.2766189575195,-8.8524169921875,"Unknown"
"7014852",371861,2025-08-06 10:40:26,43.2765274047852,-8.85254669189453,"Unknown"
"7014852",371861,2025-08-06 10:45:31,43.276496887207,-8.85254764556885,"Unknown"
"7014852",371861,2025-08-06 10:50:42,43.2762489318848,-8.85227012634277,"Unknown"
"7014852",371861,2025-08-06 10:55:54,43.276439666748,-8.85246181488037,"Unknown"
"7014852",371861,2025-08-06 11:00:40,43.2764587402344,-8.85221290588379,"Unknown"
"7014852",371861,2025-08-06 11:05:28,43.2762870788574,-8.85219573974609,"Unknown"
"7014852",371861,2025-08-06 11:10:30,43.2764549255371,-8.85241985321045,"Unknown"
"7014852",371861,2025-08-06 11:15:25,43.2773132324219,-8.85349750518799,"Unknown"
"7014852",371861,2025-08-06 11:20:25,43.2817153930664,-8.87674140930176,"Unknown"
"7014852",371861,2025-08-06 11:25:25,43.2862434387207,-8.89997673034668,"Unknown"
"7014852",371861,2025-08-06 11:30:28,43.2918739318848,-8.93382930755615,"Unknown"
"7014852",371861,2025-08-06 11:35:26,43.2734107971191,-8.98732662200928,"Unknown"
"7014852",371861,2025-08-06 11:40:27,43.2305526733398,-9.0066442489624,"Unknown"
"7014852",371861,2025-08-06 11:45:44,43.2138137817383,-9.02644538879395,"Unknown"
"7014852",371861,2025-08-06 11:50:26,43.2146835327148,-9.02664184570312,"Unknown"
"7014852",371861,2025-08-06 11:55:27,43.1846008300781,-9.0798511505127,"Unknown"
"7014852",371861,2025-08-06 12:00:36,43.1832580566406,-9.09263038635254,"Unknown"
"7014852",371861,2025-08-06 12:05:26,43.1853256225586,-9.09209823608398,"Unknown"
"7014852",371861,2025-08-06 12:11:29,43.183048248291,-9.09257316589355,"Unknown"
"7014852",371861,2025-08-06 12:16:50,43.1838264465332,-9.09206581115723,"Unknown"
"7014852",371861,2025-08-06 12:20:26,43.1814804077148,-9.09111022949219,"Unknown"
"7014852",371861,2025-08-06 12:25:31,43.184009552002,-9.09369850158691,"Unknown"
"7014852",371861,2025-08-06 12:30:44,43.1840553283691,-9.09299850463867,"Unknown"
"7014852",371861,2025-08-06 12:35:25,43.1839790344238,-9.0930347442627,"Unknown"
"7014852",371861,2025-08-06 12:40:27,43.1840209960938,-9.09299182891846,"Unknown"
"7014852",371861,2025-08-06 12:45:29,43.1838150024414,-9.09262657165527,"Unknown"
"7014852",371861,2025-08-06 12:50:29,43.184211730957,-9.09274291992188,"Unknown"
"7014852",371861,2025-08-06 12:55:44,43.1838798522949,-9.09250640869141,"Unknown"
"7014852",371861,2025-08-06 13:00:31,43.1841201782227,-9.09283828735352,"Unknown"
"7014852",371861,2025-08-06 13:05:29,43.1838722229004,-9.09245014190674,"Unknown"
"7014852",371861,2025-08-06 13:10:27,43.1839141845703,-9.09280681610107,"Unknown"
"7014852",371861,2025-08-06 13:15:29,43.1840782165527,-9.09307670593262,"Unknown"
"7014852",371861,2025-08-06 13:20:27,43.184154510498,-9.09364604949951,"Unknown"
"7014852",371861,2025-08-06 13:25:30,43.1839752197266,-9.09283065795898,"Unknown"
"7014852",371861,2025-08-06 13:30:34,43.1838645935059,-9.09323024749756,"Unknown"
"7014852",371861,2025-08-06 13:35:27,43.1825637817383,-9.09171295166016,"Unknown"
"7014852",371861,2025-08-06 13:40:30,43.1827583312988,-9.09248447418213,"Unknown"
"7014852",371861,2025-08-06 13:46:29,43.1839866638184,-9.09250831604004,"Unknown"
"7014852",371861,2025-08-06 13:50:28,43.1831703186035,-9.09279918670654,"Unknown"
"7014852",371861,2025-08-06 13:55:25,43.1831893920898,-9.09292030334473,"Unknown"
"7014852",371861,2025-08-06 14:00:28,43.1831817626953,-9.09268856048584,"Unknown"
"7014852",371861,2025-08-06 14:05:46,43.1833152770996,-9.09252548217773,"Unknown"
"7014852",371861,2025-08-06 14:10:25,43.1806144714355,-9.09174823760986,"Unknown"
"7014852",371861,2025-08-06 14:15:25,43.1849021911621,-9.09081840515137,"Unknown"
"7014852",371861,2025-08-06 14:20:31,43.1889495849609,-9.09235858917236,"Unknown"
"7014852",371861,2025-08-06 14:25:35,43.1881408691406,-9.05550193786621,"Unknown"
"7014852",371861,2025-08-06 14:30:27,43.1872825622559,-9.04520702362061,"Unknown"
"7014852",371861,2025-08-06 14:35:30,43.1949195861816,-9.03811264038086,"Unknown"
"7014852",371861,2025-08-06 14:40:34,43.2139701843262,-9.03050518035889,"Unknown"
"7014852",371861,2025-08-06 14:45:37,43.2198257446289,-9.0082311630249,"Unknown"
"7014852",371861,2025-08-06 14:50:27,43.216667175293,-8.99699878692627,"Unknown"
"7014852",371861,2025-08-06 14:55:27,43.227409362793,-8.97899150848389,"Unknown"
"7014852",371861,2025-08-06 15:00:27,43.2448501586914,-8.96831035614014,"Unknown"
"7014852",371861,2025-08-06 15:05:27,43.2614822387695,-8.96381855010986,"Unknown"
"7014852",371861,2025-08-06 15:10:33,43.2616882324219,-8.95223712921143,"Unknown"
"7014852",371861,2025-08-06 15:15:31,43.2717590332031,-8.95973205566406,"Unknown"
"7014852",371861,2025-08-06 15:20:44,43.2911643981934,-8.95505142211914,"Unknown"
"7014852",371861,2025-08-06 15:25:28,43.2930068969727,-8.93424797058105,"Unknown"
"7014852",371861,2025-08-06 15:30:27,43.3047180175781,-8.9131326675415,"Unknown"
"7014852",371861,2025-08-06 15:35:27,43.3209533691406,-8.90638446807861,"Unknown"
"7014852",371861,2025-08-06 15:40:28,43.3205757141113,-8.88545322418213,"Unknown"
"7014852",371861,2025-08-06 15:46:18,43.3288459777832,-8.85284328460693,"Unknown"
"7014852",371861,2025-08-06 15:50:30,43.345085144043,-8.84988117218018,"Unknown"
"7014852",371861,2025-08-06 15:55:56,43.3588066101074,-8.83925628662109,"Unknown"
"7014852",371861,2025-08-06 16:01:00,43.3600311279297,-8.84147548675537,"Unknown"
"7014852",371861,2025-08-06 16:05:28,43.3598403930664,-8.84150886535645,"Unknown"
"7014852",371861,2025-08-06 16:10:28,43.3597602844238,-8.84167575836182,"Unknown"
"7014852",371861,2025-08-06 16:15:28,43.3598480224609,-8.84152698516846,"Unknown"
"7014852",371861,2025-08-06 16:20:29,43.3596496582031,-8.84174156188965,"Unknown"
"7014852",371861,2025-08-06 16:25:28,43.3599128723145,-8.84147071838379,"Unknown"
"7014852",371861,2025-08-06 16:30:29,43.3597755432129,-8.84163284301758,"Unknown"
"7014852",371861,2025-08-06 16:35:29,43.3604049682617,-8.84129238128662,"Unknown"
"7014852",371861,2025-08-06 16:40:28,43.3603820800781,-8.84132480621338,"Unknown"
"7014852",371861,2025-08-06 16:45:28,43.3603553771973,-8.84133052825928,"Unknown"
"7014852",371861,2025-08-06 16:50:33,43.3602600097656,-8.84148120880127,"Unknown"
"7014852",371861,2025-08-06 16:55:29,43.3603820800781,-8.84125995635986,"Unknown"
"7014852",371861,2025-08-06 17:00:28,43.3603820800781,-8.84136390686035,"Unknown"
"7014852",371861,2025-08-06 17:05:30,43.3603019714355,-8.84130096435547,"Unknown"
"7014852",371861,2025-08-06 17:10:44,43.3604393005371,-8.84140586853027,"Unknown"
"7014852",371861,2025-08-06 17:15:28,43.3604469299316,-8.84153270721436,"Unknown"
"7014852",371861,2025-08-06 17:20:27,43.3603820800781,-8.84149169921875,"Unknown"
"7014852",371861,2025-08-06 17:25:27,43.3603439331055,-8.8415584564209,"Unknown"
"7014852",371861,2025-08-06 17:30:45,43.3608093261719,-8.84423446655273,"Unknown"
"7014852",371861,2025-08-06 17:35:27,43.3608245849609,-8.83774566650391,"Unknown"
"7014852",371861,2025-08-06 17:40:30,43.3602027893066,-8.84103107452393,"Unknown"
"7014852",371861,2025-08-06 17:45:30,43.360279083252,-8.84121608734131,"Unknown"
"7014852",371861,2025-08-06 17:50:36,43.3603324890137,-8.84134960174561,"Unknown"
"7014852",371861,2025-08-06 17:55:30,43.3605041503906,-8.84127330780029,"Unknown"
"7014852",371861,2025-08-06 18:00:44,43.3602828979492,-8.84125232696533,"Unknown"
"7014852",371861,2025-08-06 18:05:31,43.3602638244629,-8.84103965759277,"Unknown"
"7014852",371861,2025-08-06 18:10:30,43.3603820800781,-8.84076881408691,"Unknown"
"7014852",371861,2025-08-06 18:15:42,43.3602981567383,-8.84113597869873,"Unknown"
"7014852",371861,2025-08-06 18:20:30,43.3603477478027,-8.84123134613037,"Unknown"
"7014852",371861,2025-08-06 18:25:27,43.3603744506836,-8.84094333648682,"Unknown"
"7014852",371861,2025-08-06 18:30:29,43.3608474731445,-8.84060001373291,"Unknown"
"7014852",371861,2025-08-06 18:35:34,43.3605117797852,-8.8413257598877,"Unknown"
"7014852",371861,2025-08-06 18:40:28,43.3600883483887,-8.83996772766113,"Unknown"
"7014852",371861,2025-08-06 18:45:45,43.3607177734375,-8.84139251708984,"Unknown"
"7014852",371861,2025-08-06 18:50:43,43.3603706359863,-8.8405590057373,"Unknown"
"7014852",371861,2025-08-06 18:55:31,43.3607444763184,-8.84137630462646,"Unknown"
"7014852",371861,2025-08-06 19:00:38,43.3608665466309,-8.84116172790527,"Unknown"
"7014852",371861,2025-08-06 19:05:33,43.360668182373,-8.84113311767578,"Unknown"
"7014852",371861,2025-08-06 19:10:29,43.3605880737305,-8.84103393554688,"Unknown"
"7014852",371861,2025-08-06 19:15:30,43.3605613708496,-8.8409538269043,"Unknown"
"7014852",371861,2025-08-06 19:21:44,43.3609008789062,-8.84392166137695,"Unknown"
"7014852",371861,2025-08-06 19:25:38,43.3608818054199,-8.84382343292236,"Unknown"
"7014852",371861,2025-08-06 19:30:28,43.3601341247559,-8.84041976928711,"Unknown"
"7014852",371861,2025-08-06 19:35:28,43.360237121582,-8.84098434448242,"Unknown"
"7014852",371861,2025-08-06 19:40:34,43.360164642334,-8.84113883972168,"Unknown"
"7014852",371861,2025-08-06 19:45:40,43.3602905273438,-8.84147167205811,"Unknown"
"7014852",371861,2025-08-06 19:50:31,43.3603706359863,-8.84126567840576,"Unknown"
"7014852",371861,2025-08-06 19:55:29,43.3603210449219,-8.8416051864624,"Unknown"
"7014852",371861,2025-08-06 20:00:33,43.3603591918945,-8.84126281738281,"Unknown"
"7014852",371861,2025-08-06 20:05:28,43.3604049682617,-8.84141254425049,"Unknown"
"7014852",371861,2025-08-06 20:10:34,43.3603134155273,-8.84134960174561,"Unknown"
"7014852",371861,2025-08-06 20:15:28,43.3601913452148,-8.84117412567139,"Unknown"
"7014852",371861,2025-08-06 20:20:36,43.360237121582,-8.84141159057617,"Unknown"
"7014852",371861,2025-08-06 20:25:27,43.3602638244629,-8.84141635894775,"Unknown"
"7014852",371861,2025-08-06 20:30:44,43.3602752685547,-8.84151077270508,"Unknown"
"7014852",371861,2025-08-06 20:32:58,43.3602600097656,-8.84162521362305,"Unknown"
"7014852",371861,2025-08-07 01:34:05,43.3604431152344,-8.84115600585938,"Unknown"
"7014852",371861,2025-08-07 05:42:05,43.3602828979492,-8.84136295318604,"Unknown"
"7014852",371861,2025-08-07 05:46:31,43.3602981567383,-8.84129905700684,"Unknown"
"7014852",371861,2025-08-07 05:51:31,43.3603248596191,-8.84122753143311,"Unknown"
"7014852",371861,2025-08-07 05:56:32,43.3603782653809,-8.84130573272705,"Unknown"
"7014852",371861,2025-08-07 06:01:32,43.3603858947754,-8.84143829345703,"Unknown"
"7014852",371861,2025-08-07 06:06:32,43.3603057861328,-8.8413553237915,"Unknown"
"7014852",371861,2025-08-07 06:11:44,43.3601188659668,-8.84129047393799,"Unknown"
"7014852",371861,2025-08-07 06:16:38,43.360107421875,-8.84130573272705,"Unknown"
"7014852",371861,2025-08-07 06:21:32,43.3604507446289,-8.84148788452148,"Unknown"
"7014852",371861,2025-08-07 06:26:31,43.3603591918945,-8.84134292602539,"Unknown"
"7014852",371861,2025-08-07 06:31:31,43.3602676391602,-8.84137630462646,"Unknown"
"7014852",371861,2025-08-07 06:36:32,43.360294342041,-8.8415699005127,"Unknown"
"7014852",371861,2025-08-07 06:41:33,43.3603668212891,-8.84149169921875,"Unknown"
"7014852",371861,2025-08-07 06:46:31,43.3602905273438,-8.84148120880127,"Unknown"
"7014852",371861,2025-08-07 06:51:32,43.3604545593262,-8.84139823913574,"Unknown"
"7014852",371861,2025-08-07 06:56:31,43.3603363037109,-8.84141445159912,"Unknown"
"7014852",371861,2025-08-07 07:01:33,43.3604621887207,-8.84145450592041,"Unknown"
"7014852",371861,2025-08-07 07:06:32,43.3605880737305,-8.84136867523193,"Unknown"
"7014852",371861,2025-08-07 07:11:32,43.3605308532715,-8.8414945602417,"Unknown"
"7014852",371861,2025-08-07 07:16:43,43.3604316711426,-8.84136581420898,"Unknown"
"7014852",371861,2025-08-07 07:21:47,43.3604011535645,-8.84139156341553,"Unknown"
"7014852",371861,2025-08-07 07:26:32,43.3604354858398,-8.84138965606689,"Unknown"
"7014852",371861,2025-08-07 07:31:36,43.3603935241699,-8.84137153625488,"Unknown"
"7014852",371861,2025-08-07 07:36:39,43.3606109619141,-8.84144687652588,"Unknown"
"7014852",371861,2025-08-07 07:41:36,43.3602981567383,-8.84128665924072,"Unknown"
"7014852",371861,2025-08-07 07:46:44,43.3604774475098,-8.84133911132812,"Unknown"
"7014852",371861,2025-08-07 07:51:31,43.3604850769043,-8.84147071838379,"Unknown"
"7014852",371861,2025-08-07 07:56:31,43.3602485656738,-8.84158992767334,"Unknown"
"7014852",371861,2025-08-07 08:01:32,43.3603630065918,-8.84151649475098,"Unknown"
"7014852",371861,2025-08-07 08:07:14,43.3603668212891,-8.84135341644287,"Unknown"
"7014852",371861,2025-08-07 08:11:33,43.3603134155273,-8.84153079986572,"Unknown"
"7014852",371861,2025-08-07 08:17:06,43.3603744506836,-8.84140014648438,"Unknown"
"7014852",371861,2025-08-07 08:22:23,43.3604011535645,-8.84138488769531,"Unknown"
"7014852",371861,2025-08-07 08:26:36,43.3605308532715,-8.8412036895752,"Unknown"
"7014852",371861,2025-08-07 08:31:34,43.3603820800781,-8.84143161773682,"Unknown"
"7014852",371861,2025-08-07 08:36:34,43.3603248596191,-8.84154415130615,"Unknown"
"7014852",371861,2025-08-07 08:41:31,43.360424041748,-8.84142780303955,"Unknown"
"7014852",371861,2025-08-07 08:46:31,43.3603591918945,-8.84149837493896,"Unknown"
"7014852",371861,2025-08-07 08:51:31,43.3604202270508,-8.8413724899292,"Unknown"
"7014852",371861,2025-08-07 08:56:31,43.360424041748,-8.84138774871826,"Unknown"
"7014852",371861,2025-08-07 09:01:31,43.3603935241699,-8.84140110015869,"Unknown"
"7014852",371861,2025-08-07 09:06:31,43.3603973388672,-8.84146595001221,"Unknown"
"7014852",371861,2025-08-07 09:11:32,43.3606872558594,-8.8423433303833,"Unknown"
"7014852",371861,2025-08-07 09:16:33,43.3601455688477,-8.84128761291504,"Unknown"
"7014852",371861,2025-08-07 09:21:33,43.3604965209961,-8.8414192199707,"Unknown"
"7014852",371861,2025-08-07 09:26:32,43.360408782959,-8.84143543243408,"Unknown"
"7014852",371861,2025-08-07 09:31:34,43.3611907958984,-8.84171104431152,"Unknown"
"7014852",371861,2025-08-07 09:36:39,43.360221862793,-8.84136295318604,"Unknown"
"7014852",371861,2025-08-07 09:41:32,43.3606185913086,-8.84127712249756,"Unknown"
"7014852",371861,2025-08-07 09:46:33,43.3603248596191,-8.84133052825928,"Unknown"
"7014852",371861,2025-08-07 09:51:40,43.3601493835449,-8.84140205383301,"Unknown"
"7014852",371861,2025-08-07 09:56:36,43.3600692749023,-8.84130573272705,"Unknown"
"7014852",371861,2025-08-07 10:01:43,43.3600807189941,-8.84553050994873,"Unknown"
"7014852",371861,2025-08-07 10:06:39,43.3601226806641,-8.84135913848877,"Unknown"
"7014852",371861,2025-08-07 10:11:39,43.3601455688477,-8.84141540527344,"Unknown"
"7014852",371861,2025-08-07 10:16:33,43.3599128723145,-8.84140396118164,"Unknown"
"7014852",371861,2025-08-07 10:22:05,43.3602676391602,-8.84138679504395,"Unknown"
"7014852",371861,2025-08-07 10:26:32,43.3603363037109,-8.84142684936523,"Unknown"
"7014852",371861,2025-08-07 10:31:33,43.3602523803711,-8.84141254425049,"Unknown"
"7014852",371861,2025-08-07 10:36:31,43.3602104187012,-8.84132289886475,"Unknown"
"7014852",371861,2025-08-07 10:41:31,43.3602333068848,-8.84133815765381,"Unknown"
"7014852",371861,2025-08-07 10:46:31,43.3602981567383,-8.84137725830078,"Unknown"
"7014852",371861,2025-08-07 10:51:31,43.3602523803711,-8.84124088287354,"Unknown"
"7014852",371861,2025-08-07 10:56:31,43.3529167175293,-8.87762260437012,"Unknown"
"7014852",371861,2025-08-07 11:01:31,43.356071472168,-8.93251991271973,"Unknown"
"7014852",371861,2025-08-07 11:06:31,43.349796295166,-8.97774982452393,"Unknown"
"7014852",371861,2025-08-07 11:11:31,43.3263092041016,-9.02390766143799,"Unknown"
"7014852",371861,2025-08-07 11:16:33,43.2857284545898,-9.03761577606201,"Unknown"
"7014852",371861,2025-08-07 11:21:31,43.2381401062012,-9.06408882141113,"Unknown"
"7014852",371861,2025-08-07 11:26:31,43.1875915527344,-9.09065532684326,"Unknown"
"7014852",371861,2025-08-07 11:31:35,43.183235168457,-9.09265518188477,"Unknown"
"7014852",371861,2025-08-07 11:36:39,43.1823120117188,-9.09214878082275,"Unknown"
"7014852",371861,2025-08-07 11:41:34,43.1836967468262,-9.09287452697754,"Unknown"
"7014852",371861,2025-08-07 11:46:32,43.1840400695801,-9.09290218353271,"Unknown"
"7014852",371861,2025-08-07 11:51:33,43.1838417053223,-9.09286403656006,"Unknown"
"7014852",371861,2025-08-07 11:56:31,43.1841087341309,-9.09289741516113,"Unknown"
"7014852",371861,2025-08-07 12:01:40,43.1839408874512,-9.09297847747803,"Unknown"
"7014852",371861,2025-08-07 12:06:31,43.1840057373047,-9.09306907653809,"Unknown"
"7014852",371861,2025-08-07 12:11:32,43.1838531494141,-9.09297275543213,"Unknown"
"7014852",371861,2025-08-07 12:16:31,43.1838569641113,-9.09290790557861,"Unknown"
"7014852",371861,2025-08-07 12:21:31,43.183967590332,-9.09306240081787,"Unknown"
"7014852",371861,2025-08-07 12:26:32,43.1840286254883,-9.09305477142334,"Unknown"
"7014852",371861,2025-08-07 12:32:05,43.1839447021484,-9.09297180175781,"Unknown"
"7014852",371861,2025-08-07 12:36:31,43.183910369873,-9.09299564361572,"Unknown"
"7014852",371861,2025-08-07 12:41:33,43.1827774047852,-9.09242725372314,"Unknown"
"7014852",371861,2025-08-07 12:47:11,43.1832580566406,-9.09260177612305,"Unknown"
"7014852",371861,2025-08-07 12:51:36,43.1838493347168,-9.09280204772949,"Unknown"
"7014852",371861,2025-08-07 12:56:32,43.1839790344238,-9.09291458129883,"Unknown"
"7014852",371861,2025-08-07 13:01:32,43.1836814880371,-9.09264850616455,"Unknown"
"7014852",371861,2025-08-07 13:06:33,43.183292388916,-9.09278583526611,"Unknown"
"7014852",371861,2025-08-07 13:11:40,43.1833801269531,-9.09243297576904,"Unknown"
"7014852",371861,2025-08-07 13:16:40,43.1829223632812,-9.09230422973633,"Unknown"
"7014852",371861,2025-08-07 13:21:41,43.1829032897949,-9.09221172332764,"Unknown"
"7014852",371861,2025-08-07 13:27:56,43.1833038330078,-9.09249401092529,"Unknown"
"7014852",371861,2025-08-07 13:31:44,43.1840476989746,-9.09246253967285,"Unknown"
"7014852",371861,2025-08-07 13:36:37,43.1936569213867,-9.12119674682617,"Unknown"
"7014852",371861,2025-08-07 13:41:32,43.1907348632812,-9.14980983734131,"Unknown"
"7014852",371861,2025-08-07 13:46:39,43.1909027099609,-9.14981365203857,"Unknown"
"7014852",371861,2025-08-07 13:51:48,43.1885566711426,-9.15342903137207,"Unknown"
"7014852",371861,2025-08-07 13:56:39,43.1908073425293,-9.14978790283203,"Unknown"
"7014852",371861,2025-08-07 14:01:39,43.1908264160156,-9.14976596832275,"Unknown"
"7014852",371861,2025-08-07 14:06:39,43.1908226013184,-9.1497802734375,"Unknown"
"7014852",371861,2025-08-07 14:11:38,43.1931610107422,-9.14770793914795,"Unknown"
"7014852",371861,2025-08-07 14:16:40,43.1941986083984,-9.12135791778564,"Unknown"
"7014852",371861,2025-08-07 14:21:39,43.1833000183105,-9.0929708480835,"Unknown"
"7014852",371861,2025-08-07 14:26:39,43.1837882995605,-9.09300327301025,"Unknown"
"7014852",371861,2025-08-07 14:31:42,43.182991027832,-9.09316062927246,"Unknown"
"7014852",371861,2025-08-07 14:36:39,43.1814193725586,-9.08132457733154,"Unknown"
"7014852",371861,2025-08-07 14:41:37,43.1863288879395,-9.05513477325439,"Unknown"
"7014852",371861,2025-08-07 14:46:42,43.186637878418,-9.04462337493896,"Unknown"
"7014852",371861,2025-08-07 14:51:42,43.197868347168,-9.03403663635254,"Unknown"
"7014852",371861,2025-08-07 14:56:36,43.2137184143066,-9.02571105957031,"Unknown"
"7014852",371861,2025-08-07 15:01:41,43.2156829833984,-8.999680519104,"Unknown"
"7014852",371861,2025-08-07 15:06:40,43.2154426574707,-8.99712657928467,"Unknown"
"7014852",371861,2025-08-07 15:11:33,43.2155265808105,-8.99717807769775,"Unknown"
"7014852",371861,2025-08-07 15:16:32,43.2158508300781,-8.99743747711182,"Unknown"
"7014852",371861,2025-08-07 15:21:32,43.2200012207031,-9.00631427764893,"Unknown"
"7014852",371861,2025-08-07 15:26:33,43.2200736999512,-9.00626087188721,"Unknown"
"7014852",371861,2025-08-07 15:31:33,43.2200622558594,-9.00650310516357,"Unknown"
"7014852",371861,2025-08-07 15:36:34,43.2200355529785,-9.00648498535156,"Unknown"
"7014852",371861,2025-08-07 15:41:33,43.2210540771484,-9.01268482208252,"Unknown"
"7014852",371861,2025-08-07 15:47:05,43.1936378479004,-9.07107162475586,"Unknown"
"7014852",371861,2025-08-07 15:51:36,43.1831398010254,-9.09267330169678,"Unknown"
"7014852",371861,2025-08-07 15:56:41,43.1832809448242,-9.0926399230957,"Unknown"
"7014852",371861,2025-08-07 16:01:33,43.1832733154297,-9.09291934967041,"Unknown"
"7014852",371861,2025-08-07 16:06:39,43.1830902099609,-9.09267997741699,"Unknown"
"7014852",371861,2025-08-07 16:11:37,43.1831130981445,-9.09267997741699,"Unknown"
"7014852",371861,2025-08-07 16:16:52,43.183952331543,-9.09237289428711,"Unknown"
"7014852",371861,2025-08-07 16:22:14,43.1837921142578,-9.09302711486816,"Unknown"
"7014852",371861,2025-08-07 16:26:36,43.1833572387695,-9.09310436248779,"Unknown"
"7014852",371861,2025-08-07 16:31:44,43.1840438842773,-9.09301948547363,"Unknown"
"7014852",371861,2025-08-07 16:37:13,43.1837768554688,-9.09294605255127,"Unknown"
"7014852",371861,2025-08-07 16:41:36,43.1837768554688,-9.09298515319824,"Unknown"
"7014852",371861,2025-08-07 16:46:44,43.1824073791504,-9.09224891662598,"Unknown"
"7014852",371861,2025-08-07 16:51:38,43.1832313537598,-9.09244918823242,"Unknown"
"7014852",371861,2025-08-07 16:56:34,43.1829833984375,-9.09256935119629,"Unknown"
"7014852",371861,2025-08-07 17:02:05,43.1831207275391,-9.09263324737549,"Unknown"
"7014852",371861,2025-08-07 17:06:32,43.1830825805664,-9.09277629852295,"Unknown"
"7014852",371861,2025-08-07 17:11:32,43.1830940246582,-9.09269046783447,"Unknown"
"7014852",371861,2025-08-07 17:16:32,43.183162689209,-9.09262752532959,"Unknown"
"7014852",371861,2025-08-07 17:21:32,43.1830749511719,-9.09273815155029,"Unknown"
"7014852",371861,2025-08-07 17:26:32,43.1830863952637,-9.09265899658203,"Unknown"
"7014852",371861,2025-08-07 17:31:32,43.1831436157227,-9.09264087677002,"Unknown"
"7014852",371861,2025-08-07 17:36:32,43.1832046508789,-9.09345245361328,"Unknown"
"7014852",371861,2025-08-07 17:41:32,43.184440612793,-9.0925989151001,"Unknown"
"7014852",371861,2025-08-07 17:46:33,43.1838455200195,-9.09387302398682,"Unknown"
"7014852",371861,2025-08-07 17:51:33,43.1851844787598,-9.09130573272705,"Unknown"
"7014852",371861,2025-08-07 17:56:32,43.1848907470703,-9.09167003631592,"Unknown"
"7014852",371861,2025-08-07 18:01:37,43.1840362548828,-9.09289264678955,"Unknown"
"7014852",371861,2025-08-07 18:06:33,43.1838188171387,-9.09292221069336,"Unknown"
"7014852",371861,2025-08-07 18:11:34,43.1834030151367,-9.09293460845947,"Unknown"
"7014852",371861,2025-08-07 18:16:36,43.1830024719238,-9.09264469146729,"Unknown"
"7014852",371861,2025-08-07 18:21:36,43.1835327148438,-9.09299564361572,"Unknown"
"7014852",371861,2025-08-07 18:27:14,43.1835289001465,-9.09279155731201,"Unknown"
"7014852",371861,2025-08-07 18:31:34,43.1892280578613,-9.0857515335083,"Unknown"
"7014852",371861,2025-08-07 18:36:33,43.203125,-9.0657787322998,"Unknown"
"7014852",371861,2025-08-07 18:41:34,43.2184867858887,-9.04445934295654,"Unknown"
"7014852",371861,2025-08-07 18:46:33,43.2302284240723,-9.02359867095947,"Unknown"
"7014852",371861,2025-08-07 18:52:04,43.2361602783203,-9.00332736968994,"Unknown"
"7014852",371861,2025-08-07 18:56:32,43.2512893676758,-8.99195861816406,"Unknown"
"7014852",371861,2025-08-07 19:01:32,43.2684860229492,-8.98327922821045,"Unknown"
"7014852",371861,2025-08-07 19:06:33,43.284366607666,-8.97344303131104,"Unknown"
"7014852",371861,2025-08-07 19:11:33,43.2928047180176,-8.95538234710693,"Unknown"
"7014852",371861,2025-08-07 19:16:32,43.3095359802246,-8.92766380310059,"Unknown"
"7014852",371861,2025-08-07 19:21:33,43.3209609985352,-8.90252017974854,"Unknown"
"7014852",371861,2025-08-07 19:26:32,43.3410186767578,-8.87610340118408,"Unknown"
"7014852",371861,2025-08-07 19:31:33,43.3500099182129,-8.8497896194458,"Unknown"
"7014852",371861,2025-08-07 19:36:33,43.3603706359863,-8.84136390686035,"Unknown"
"7014852",371861,2025-08-07 19:41:32,43.3601341247559,-8.84121513366699,"Unknown"
"7014852",371861,2025-08-07 19:46:34,43.3604202270508,-8.84162902832031,"Unknown"
"7014852",371861,2025-08-07 19:51:32,43.360294342041,-8.84134006500244,"Unknown"
"7014852",371861,2025-08-07 19:56:33,43.3605766296387,-8.84160327911377,"Unknown"
"7014852",371861,2025-08-07 20:01:42,43.3603973388672,-8.84153366088867,"Unknown"
"7014852",371861,2025-08-07 20:06:32,43.3609886169434,-8.84086990356445,"Unknown"
"7014852",371861,2025-08-07 20:11:39,43.3605270385742,-8.84146404266357,"Unknown"
"7014852",371861,2025-08-07 20:16:37,43.3603515625,-8.84173011779785,"Unknown"
"7014852",371861,2025-08-07 20:21:39,43.360408782959,-8.84162998199463,"Unknown"
"7014852",371861,2025-08-07 20:26:39,43.3604202270508,-8.84164905548096,"Unknown"
"7014852",371861,2025-08-07 20:31:48,43.3603706359863,-8.84141254425049,"Unknown"
"7014852",371861,2025-08-08 01:32:14,43.3603935241699,-8.84140872955322,"Unknown"
"7014852",371861,2025-08-08 05:48:05,43.3375053405762,-8.90533542633057,"Unknown"
"7014852",371861,2025-08-08 05:52:39,43.3389587402344,-8.87931728363037,"Unknown"
"7014852",371861,2025-08-08 05:58:29,43.337345123291,-8.8606481552124,"Unknown"
"7014852",371861,2025-08-08 06:02:41,43.335132598877,-8.86614418029785,"Unknown"
"7014852",371861,2025-08-08 06:07:44,43.3353462219238,-8.86615943908691,"Unknown"
"7014852",371861,2025-08-08 06:12:42,43.335578918457,-8.86564922332764,"Unknown"
"7014852",371861,2025-08-08 06:17:39,43.3374862670898,-8.85917568206787,"Unknown"
"7014852",371861,2025-08-08 06:22:39,43.3456077575684,-8.84165287017822,"Unknown"
"7014852",371861,2025-08-08 06:27:38,43.3569717407227,-8.8328800201416,"Unknown"
"7014852",371861,2025-08-08 06:33:03,43.3603858947754,-8.8414945602417,"Unknown"
"7014852",371861,2025-08-08 06:38:05,43.3604393005371,-8.84144020080566,"Unknown"
"7014852",371861,2025-08-08 06:42:35,43.3605079650879,-8.84127140045166,"Unknown"
"7014852",371861,2025-08-08 06:47:33,43.3603439331055,-8.84140110015869,"Unknown"
"7014852",371861,2025-08-08 06:52:30,43.3606643676758,-8.84114933013916,"Unknown"
"7014852",371861,2025-08-08 06:57:32,43.3606071472168,-8.84136772155762,"Unknown"
"7014852",371861,2025-08-08 07:02:30,43.360538482666,-8.84147262573242,"Unknown"
"7014852",371861,2025-08-08 07:07:30,43.3603019714355,-8.84142017364502,"Unknown"
"7014852",371861,2025-08-08 07:13:04,43.3603782653809,-8.84139251708984,"Unknown"
"7014852",371861,2025-08-08 07:17:29,43.3603591918945,-8.8413724899292,"Unknown"
"7014852",371861,2025-08-08 07:22:29,43.3603553771973,-8.84145450592041,"Unknown"
"7014852",371861,2025-08-08 07:27:29,43.3604125976562,-8.84140586853027,"Unknown"
"7014852",371861,2025-08-08 07:32:29,43.3603630065918,-8.84145259857178,"Unknown"
"7014852",371861,2025-08-08 07:37:29,43.3603782653809,-8.84138584136963,"Unknown"
"7014852",371861,2025-08-08 07:42:29,43.3603134155273,-8.84140491485596,"Unknown"
"7014852",371861,2025-08-08 07:47:29,43.3603782653809,-8.84138107299805,"Unknown"
"7014852",371861,2025-08-08 07:52:30,43.3603553771973,-8.84142017364502,"Unknown"
"7014852",371861,2025-08-08 07:57:29,43.3603477478027,-8.84146595001221,"Unknown"
"7014852",371861,2025-08-08 08:02:29,43.3604354858398,-8.84125995635986,"Unknown"
"7014852",371861,2025-08-08 08:07:30,43.3604125976562,-8.84136390686035,"Unknown"
"7014852",371861,2025-08-08 08:12:29,43.360424041748,-8.84128093719482,"Unknown"
"7014852",371861,2025-08-08 08:17:40,43.3603820800781,-8.84135055541992,"Unknown"
"7014852",371861,2025-08-08 08:22:29,43.3603630065918,-8.84144020080566,"Unknown"
"7014852",371861,2025-08-08 08:27:29,43.3603515625,-8.84138107299805,"Unknown"
"7014852",371861,2025-08-08 08:32:29,43.3603858947754,-8.84142017364502,"Unknown"
"7014852",371861,2025-08-08 08:37:29,43.3603363037109,-8.84134197235107,"Unknown"
"7014852",371861,2025-08-08 08:42:30,43.3604049682617,-8.84133815765381,"Unknown"
"7014852",371861,2025-08-08 08:47:29,43.3604202270508,-8.84134674072266,"Unknown"
"7014852",371861,2025-08-08 08:52:29,43.3604393005371,-8.84129238128662,"Unknown"
"7014852",371861,2025-08-08 08:57:30,43.360466003418,-8.84143733978271,"Unknown"
"7014852",371861,2025-08-08 09:02:30,43.3604774475098,-8.84137344360352,"Unknown"
"7014852",371861,2025-08-08 09:07:29,43.3603973388672,-8.84146404266357,"Unknown"
"7014852",371861,2025-08-08 09:12:30,43.3604621887207,-8.84132957458496,"Unknown"
"7014852",371861,2025-08-08 09:17:31,43.3606033325195,-8.84129905700684,"Unknown"
"7014852",371861,2025-08-08 09:22:30,43.3608283996582,-8.8417854309082,"Unknown"
"7014852",371861,2025-08-08 09:27:31,43.3603363037109,-8.84117126464844,"Unknown"
"7014852",371861,2025-08-08 09:32:31,43.3603477478027,-8.84131717681885,"Unknown"
"7014852",371861,2025-08-08 09:37:30,43.3605155944824,-8.8412971496582,"Unknown"
"7014852",371861,2025-08-08 09:42:31,43.3606452941895,-8.84160804748535,"Unknown"
"7014852",371861,2025-08-08 09:47:43,43.3603210449219,-8.84136295318604,"Unknown"
"7014852",371861,2025-08-08 09:52:31,43.360481262207,-8.84133529663086,"Unknown"
"7014852",371861,2025-08-08 09:57:30,43.3602142333984,-8.84140586853027,"Unknown"
"7014852",371861,2025-08-08 10:02:33,43.3602867126465,-8.84132671356201,"Unknown"
"7014852",371861,2025-08-08 10:07:34,43.3603172302246,-8.84131813049316,"Unknown"
"7014852",371861,2025-08-08 10:12:31,43.3604164123535,-8.84139633178711,"Unknown"
"7014852",371861,2025-08-08 10:17:32,43.3602485656738,-8.84119033813477,"Unknown"
"7014852",371861,2025-08-08 10:22:30,43.3603782653809,-8.84140682220459,"Unknown"
"7014852",371861,2025-08-08 10:27:44,43.3604011535645,-8.84139728546143,"Unknown"
"7014852",371861,2025-08-08 10:32:30,43.3605041503906,-8.84148025512695,"Unknown"
"7014852",371861,2025-08-08 10:37:32,43.3609313964844,-8.84111976623535,"Unknown"
"7014852",371861,2025-08-08 10:42:39,43.3603401184082,-8.84139251708984,"Unknown"
"7014852",371861,2025-08-08 10:47:45,43.3603782653809,-8.8413610458374,"Unknown"
"7014852",371861,2025-08-08 10:52:29,43.3604316711426,-8.84155750274658,"Unknown"
"7014852",371861,2025-08-08 10:57:51,43.3604125976562,-8.84136390686035,"Unknown"
"7014852",371861,2025-08-08 11:02:46,43.3606605529785,-8.84109973907471,"Unknown"
"7014852",371861,2025-08-08 11:07:44,43.3604354858398,-8.84166145324707,"Unknown"
"7014852",371861,2025-08-08 11:12:34,43.3604125976562,-8.84132099151611,"Unknown"
"7014852",371861,2025-08-08 11:17:34,43.3604774475098,-8.84120750427246,"Unknown"
"7014852",371861,2025-08-08 11:22:32,43.3605003356934,-8.84186363220215,"Unknown"
"7014852",371861,2025-08-08 11:27:31,43.3603630065918,-8.8406343460083,"Unknown"
"7014852",371861,2025-08-08 11:32:38,43.3604545593262,-8.84140682220459,"Unknown"
"7014852",371861,2025-08-08 11:37:40,43.3606071472168,-8.84139251708984,"Unknown"
"7014852",371861,2025-08-08 11:42:39,43.3604164123535,-8.84105587005615,"Unknown"
"7014852",371861,2025-08-08 11:47:39,43.3605461120605,-8.8413553237915,"Unknown"
"7014852",371861,2025-08-08 11:52:40,43.3603515625,-8.84134483337402,"Unknown"
"7014852",371861,2025-08-08 11:57:44,43.3602714538574,-8.84134674072266,"Unknown"
"7014852",371861,2025-08-08 12:02:39,43.3603172302246,-8.84120178222656,"Unknown"
"7014852",371861,2025-08-08 12:07:39,43.3603210449219,-8.84121608734131,"Unknown"
"7014852",371861,2025-08-08 12:13:05,43.3609771728516,-8.84411811828613,"Unknown"
"7014852",371861,2025-08-08 12:17:30,43.3609466552734,-8.84398651123047,"Unknown"
"7014852",371861,2025-08-08 12:22:39,43.3598823547363,-8.84423160552979,"Unknown"
"7014852",371861,2025-08-08 12:27:41,43.3608474731445,-8.84408760070801,"Unknown"
"7014852",371861,2025-08-08 12:32:30,43.3611907958984,-8.84425163269043,"Unknown"
"7014852",371861,2025-08-08 12:37:38,43.361156463623,-8.84372806549072,"Unknown"
"7014852",371861,2025-08-08 12:42:37,43.3611755371094,-8.84383773803711,"Unknown"
"7014852",371861,2025-08-08 12:48:53,43.3612670898438,-8.84378433227539,"Unknown"
"7014852",371861,2025-08-08 12:52:44,43.3604202270508,-8.84741687774658,"Unknown"
"7014852",371861,2025-08-08 12:58:03,43.360294342041,-8.84133148193359,"Unknown"
"7014852",371861,2025-08-08 13:02:30,43.3604316711426,-8.84141445159912,"Unknown"
"7014852",371861,2025-08-08 13:07:29,43.3604545593262,-8.84162425994873,"Unknown"
"7014852",371861,2025-08-08 13:12:30,43.3605041503906,-8.84170913696289,"Unknown"
"7014852",371861,2025-08-08 13:17:34,43.3603172302246,-8.84126567840576,"Unknown"
"7014852",371861,2025-08-08 13:22:31,43.3603897094727,-8.84135723114014,"Unknown"
"7014852",371861,2025-08-08 13:27:33,43.3607330322266,-8.84215068817139,"Unknown"
"7014852",371861,2025-08-08 13:32:30,43.3607940673828,-8.84236335754395,"Unknown"
"7014852",371861,2025-08-08 13:37:34,43.3604316711426,-8.84162521362305,"Unknown"
"7014852",371861,2025-08-08 13:42:30,43.3606605529785,-8.84220600128174,"Unknown"
"7014852",371861,2025-08-08 13:47:32,43.3605041503906,-8.84163093566895,"Unknown"
"7014852",371861,2025-08-08 13:52:31,43.3604278564453,-8.84139919281006,"Unknown"
"7014852",371861,2025-08-08 13:57:31,43.3604431152344,-8.84138584136963,"Unknown"
"7014852",371861,2025-08-08 14:02:39,43.3604202270508,-8.84139633178711,"Unknown"
"7014852",371861,2025-08-08 14:07:39,43.360424041748,-8.84137058258057,"Unknown"
"7014852",371861,2025-08-08 14:12:39,43.3604545593262,-8.84135246276855,"Unknown"
"7014852",371861,2025-08-08 14:17:39,43.360221862793,-8.8409481048584,"Unknown"
"7014852",371861,2025-08-08 14:22:43,43.3602256774902,-8.84123706817627,"Unknown"
"7014852",371861,2025-08-08 14:27:30,43.3603706359863,-8.84118366241455,"Unknown"
"7014852",371861,2025-08-08 14:32:32,43.3601264953613,-8.8408842086792,"Unknown"
"7014852",371861,2025-08-08 14:37:31,43.360237121582,-8.84117412567139,"Unknown"
"7014852",371861,2025-08-08 14:42:32,43.3604507446289,-8.84152126312256,"Unknown"
"7014852",371861,2025-08-08 14:47:44,43.3606834411621,-8.84195518493652,"Unknown"
"7014852",371861,2025-08-08 14:52:30,43.3602409362793,-8.84119510650635,"Unknown"
"7014852",371861,2025-08-08 15:03:53,43.3608779907227,-8.84338092803955,"Unknown"
"7014852",371861,2025-08-08 15:08:35,43.3616333007812,-8.84350776672363,"Unknown"
"7014852",371861,2025-08-08 15:12:32,43.362003326416,-8.8435001373291,"Unknown"
"7014852",371861,2025-08-08 15:17:30,43.3621139526367,-8.84340381622314,"Unknown"
"7014852",371861,2025-08-08 15:22:30,43.3621788024902,-8.84368515014648,"Unknown"
"7014852",371861,2025-08-08 15:27:32,43.3622817993164,-8.8434534072876,"Unknown"
"7014852",371861,2025-08-08 15:32:30,43.362133026123,-8.84349155426025,"Unknown"
"7014852",371861,2025-08-08 15:37:30,43.3623352050781,-8.84362125396729,"Unknown"
"7014852",371861,2025-08-08 15:42:32,43.3621215820312,-8.84372138977051,"Unknown"
"7014852",371861,2025-08-08 15:47:44,43.3621063232422,-8.84341812133789,"Unknown"
"7014852",371861,2025-08-08 15:52:30,43.3620491027832,-8.84358024597168,"Unknown"
"7014852",371861,2025-08-08 15:57:30,43.3620185852051,-8.84343338012695,"Unknown"
"7014852",371861,2025-08-08 16:02:31,43.3616981506348,-8.84336090087891,"Unknown"
"7014852",371861,2025-08-08 16:07:31,43.362190246582,-8.84376430511475,"Unknown"
"7014852",371861,2025-08-08 16:12:37,43.3620414733887,-8.84348964691162,"Unknown"
"7014852",371861,2025-08-08 16:17:36,43.3619804382324,-8.8434362411499,"Unknown"
"7014852",371861,2025-08-08 16:23:15,43.3619728088379,-8.84343528747559,"Unknown"
"7014852",371861,2025-08-08 16:28:53,43.3619384765625,-8.84341526031494,"Unknown"
"7014852",371861,2025-08-08 16:32:40,43.3619155883789,-8.84340667724609,"Unknown"
"7014852",371861,2025-08-08 16:37:33,43.3620109558105,-8.84345722198486,"Unknown"
"7014852",371861,2025-08-08 16:42:38,43.3620262145996,-8.84346389770508,"Unknown"
"7014852",371861,2025-08-08 16:48:14,43.3606910705566,-8.84412002563477,"Unknown"
"7014852",371861,2025-08-08 16:53:53,43.3607521057129,-8.84425735473633,"Unknown"
"7014852",371861,2025-08-08 16:58:03,43.3607330322266,-8.84411907196045,"Unknown"
"7014852",371861,2025-08-08 17:02:40,43.3606033325195,-8.84420776367188,"Unknown"
"7014852",371861,2025-08-08 17:07:39,43.3606147766113,-8.8441686630249,"Unknown"
"7014852",371861,2025-08-08 17:12:39,43.3614501953125,-8.8439998626709,"Unknown"
"7014852",371861,2025-08-08 17:17:30,43.3614196777344,-8.83858394622803,"Unknown"
"7014852",371861,2025-08-08 17:22:30,43.3603401184082,-8.84163284301758,"Unknown"
"7014852",371861,2025-08-08 17:27:31,43.3604393005371,-8.8416109085083,"Unknown"
"7014852",371861,2025-08-08 17:32:30,43.360466003418,-8.84144973754883,"Unknown"
"7014852",371861,2025-08-08 17:37:31,43.3602600097656,-8.8415355682373,"Unknown"
"7014852",371861,2025-08-08 17:42:30,43.3603744506836,-8.8415002822876,"Unknown"
"7014852",371861,2025-08-08 17:47:30,43.3605079650879,-8.8414363861084,"Unknown"
"7014852",371861,2025-08-08 17:52:30,43.3603820800781,-8.84135437011719,"Unknown"
"7014852",371861,2025-08-08 17:57:30,43.3603515625,-8.84137153625488,"Unknown"
"7014852",371861,2025-08-08 18:02:30,43.3603858947754,-8.84137725830078,"Unknown"
"7014852",371861,2025-08-08 18:07:30,43.3602867126465,-8.84132289886475,"Unknown"
"7014852",371861,2025-08-08 18:12:31,43.3603324890137,-8.84132099151611,"Unknown"
"7014852",371861,2025-08-08 18:17:30,43.3607139587402,-8.84151935577393,"Unknown"
"7014852",371861,2025-08-08 18:22:30,43.3607025146484,-8.841965675354,"Unknown"
"7014852",371861,2025-08-08 18:27:42,43.3602981567383,-8.84150505065918,"Unknown"
"7014852",371861,2025-08-08 18:32:29,43.3605728149414,-8.83330535888672,"Unknown"
"7014852",371861,2025-08-08 18:37:33,43.358715057373,-8.83093452453613,"Unknown"
"7014852",371861,2025-08-08 18:42:30,43.358699798584,-8.83216190338135,"Unknown"
"7014852",371861,2025-08-08 18:47:44,43.3586807250977,-8.83198070526123,"Unknown"
"7014852",371861,2025-08-08 18:52:30,43.3586387634277,-8.83191299438477,"Unknown"
"7014852",371861,2025-08-08 18:57:30,43.3585357666016,-8.83180713653564,"Unknown"
"7014852",371861,2025-08-08 19:02:29,43.3585777282715,-8.83172035217285,"Unknown"
"7014852",371861,2025-08-08 19:07:29,43.3591423034668,-8.83329582214355,"Unknown"
"7014852",371861,2025-08-08 19:12:33,43.3591003417969,-8.83153057098389,"Unknown"
"7014852",371861,2025-08-08 19:17:30,43.3605155944824,-8.84267234802246,"Unknown"
"7014852",371861,2025-08-08 19:22:41,43.3605346679688,-8.84112930297852,"Unknown"
"7014852",371861,2025-08-08 19:27:30,43.3616676330566,-8.83983993530273,"Unknown"
"7014852",371861,2025-08-08 19:32:31,43.3606109619141,-8.84075260162354,"Unknown"
"7014852",371861,2025-08-08 19:37:39,43.3610382080078,-8.84195137023926,"Unknown"
"7014852",371861,2025-08-08 19:42:39,43.3585891723633,-8.83219337463379,"Unknown"
"7014852",371861,2025-08-08 19:47:46,43.3602409362793,-8.83273124694824,"Unknown"
"7014852",371861,2025-08-08 19:53:05,43.3608436584473,-8.83789539337158,"Unknown"
"7014852",371861,2025-08-08 19:57:29,43.3585891723633,-8.8320951461792,"Unknown"
"7014852",371861,2025-08-08 20:02:29,43.3586082458496,-8.83216190338135,"Unknown"
"7014852",371861,2025-08-08 20:07:29,43.3587265014648,-8.83215618133545,"Unknown"
"7014852",371861,2025-08-08 20:12:29,43.3606491088867,-8.84060668945312,"Unknown"
"7014852",371861,2025-08-08 20:17:29,43.3597412109375,-8.84050750732422,"Unknown"
"7014852",371861,2025-08-08 20:22:29,43.3602638244629,-8.84138870239258,"Unknown"
"7014852",371861,2025-08-08 20:27:29,43.3603019714355,-8.8413610458374,"Unknown"
"7014852",371861,2025-08-08 20:30:24,43.360034942627,-8.84161567687988,"Unknown"
"7014852",371861,2025-08-09 01:30:53,43.3602714538574,-8.8414363861084,"Unknown"
"7014852",371861,2025-08-09 05:38:39,43.2762451171875,-8.8522424697876,"Unknown"
"7014852",371861,2025-08-09 05:43:40,43.2760238647461,-8.85235500335693,"Unknown"
"7014852",371861,2025-08-09 05:48:41,43.2763862609863,-8.85217189788818,"Unknown"
"7014852",371861,2025-08-09 05:53:45,43.2762908935547,-8.85244178771973,"Unknown"
"7014852",371861,2025-08-09 05:58:38,43.2760734558105,-8.85248470306396,"Unknown"
"7014852",371861,2025-08-09 06:03:39,43.2761535644531,-8.85254955291748,"Unknown"
"7014852",371861,2025-08-09 06:08:43,43.2763862609863,-8.85234546661377,"Unknown"
"7014852",371861,2025-08-09 06:13:38,43.2860298156738,-8.85488986968994,"Unknown"
"7014852",371861,2025-08-09 06:18:37,43.3021202087402,-8.85848236083984,"Unknown"
"7014852",371861,2025-08-09 06:23:42,43.3140754699707,-8.85711002349854,"Unknown"
"7014852",371861,2025-08-09 06:28:39,43.3166618347168,-8.85842895507812,"Unknown"
"7014852",371861,2025-08-09 06:33:41,43.3165321350098,-8.85849285125732,"Unknown"
"7014852",371861,2025-08-09 06:38:51,43.3098564147949,-8.85709190368652,"Unknown"
"7014852",371861,2025-08-09 06:44:23,43.2832794189453,-8.86240386962891,"Unknown"
"7014852",371861,2025-08-09 06:48:36,43.2763710021973,-8.8523530960083,"Unknown"
"7014852",371861,2025-08-09 06:53:36,43.2763748168945,-8.85228157043457,"Unknown"
"7014852",371861,2025-08-09 06:58:37,43.2761878967285,-8.85229396820068,"Unknown"
"7014852",371861,2025-08-09 07:03:37,43.2761993408203,-8.85218524932861,"Unknown"
"7014852",371861,2025-08-09 07:08:37,43.2763328552246,-8.85218715667725,"Unknown"
"7014852",371861,2025-08-09 07:13:36,43.2761840820312,-8.8522481918335,"Unknown"
"7014852",371861,2025-08-09 07:18:37,43.276309967041,-8.85204219818115,"Unknown"
"7014852",371861,2025-08-09 07:23:37,43.2763061523438,-8.85214996337891,"Unknown"
"7014852",371861,2025-08-09 07:28:36,43.276294708252,-8.85219192504883,"Unknown"
"7014852",371861,2025-08-09 07:33:39,43.2759437561035,-8.85200023651123,"Unknown"
"7014852",371861,2025-08-09 07:38:39,43.2759819030762,-8.85223770141602,"Unknown"
"7014852",371861,2025-08-09 07:43:40,43.2761650085449,-8.85177040100098,"Unknown"
"7014852",371861,2025-08-09 07:48:39,43.2761077880859,-8.8519344329834,"Unknown"
"7014852",371861,2025-08-09 07:53:37,43.2761421203613,-8.85176658630371,"Unknown"
"7014852",371861,2025-08-09 07:58:36,43.2761688232422,-8.85188388824463,"Unknown"
"7014852",371861,2025-08-09 08:03:36,43.2760353088379,-8.85186004638672,"Unknown"
"7014852",371861,2025-08-09 08:09:00,43.2765617370605,-8.85212421417236,"Unknown"
"7014852",371861,2025-08-09 08:14:05,43.2765655517578,-8.85191059112549,"Unknown"
"7014852",371861,2025-08-09 08:18:58,43.2765121459961,-8.85167694091797,"Unknown"
"7014852",371861,2025-08-09 08:23:57,43.276927947998,-8.85220718383789,"Unknown"
"7014852",371861,2025-08-09 08:29:04,43.2764778137207,-8.85184001922607,"Unknown"
"7014852",371861,2025-08-09 08:34:06,43.2761306762695,-8.85189437866211,"Unknown"
"7014852",371861,2025-08-09 08:38:58,43.2765579223633,-8.85188674926758,"Unknown"
"7014852",371861,2025-08-09 08:43:58,43.2765846252441,-8.85194396972656,"Unknown"
"7014852",371861,2025-08-09 08:48:58,43.2765426635742,-8.85189056396484,"Unknown"
"7014852",371861,2025-08-09 08:54:05,43.2765121459961,-8.85201549530029,"Unknown"
"7014852",371861,2025-08-09 08:59:06,43.276725769043,-8.85195827484131,"Unknown"
"7014852",371861,2025-08-09 09:04:06,43.276481628418,-8.85213088989258,"Unknown"
"7014852",371861,2025-08-09 09:09:12,43.2766418457031,-8.85194778442383,"Unknown"
"7014852",371861,2025-08-09 09:14:06,43.2765655517578,-8.85226821899414,"Unknown"
"7014852",371861,2025-08-09 09:18:59,43.2767028808594,-8.85205459594727,"Unknown"
"7014852",371861,2025-08-09 09:24:06,43.2764358520508,-8.8520565032959,"Unknown"
"7014852",371861,2025-08-09 09:29:06,43.2761611938477,-8.85207843780518,"Unknown"
"7014852",371861,2025-08-09 09:34:06,43.2760848999023,-8.85215473175049,"Unknown"
"7014852",371861,2025-08-09 09:38:57,43.2765884399414,-8.8519926071167,"Unknown"
"7014852",371861,2025-08-09 09:44:06,43.2763328552246,-8.85175704956055,"Unknown"
"7014852",371861,2025-08-09 09:48:57,43.2756843566895,-8.85214138031006,"Unknown"
"7014852",371861,2025-08-09 09:53:58,43.2757606506348,-8.85209655761719,"Unknown"
"7014852",371861,2025-08-09 09:58:58,43.275447845459,-8.85213661193848,"Unknown"
"7014852",371861,2025-08-09 10:04:04,43.276237487793,-8.85189247131348,"Unknown"
"7014852",371861,2025-08-09 10:08:56,43.2723655700684,-8.8498649597168,"Unknown"
"7014852",371861,2025-08-09 10:13:57,43.248462677002,-8.85005378723145,"Unknown"
"7014852",371861,2025-08-09 10:18:57,43.228702545166,-8.8429651260376,"Unknown"
"7014852",371861,2025-08-09 10:23:57,43.2149505615234,-8.83324909210205,"Unknown"
"7014852",371861,2025-08-09 10:28:57,43.2003631591797,-8.81431293487549,"Unknown"
"7014852",371861,2025-08-09 10:33:57,43.1848831176758,-8.79863166809082,"Unknown"
"7014852",371861,2025-08-09 10:38:58,43.1767997741699,-8.77617168426514,"Unknown"
"7014852",371861,2025-08-09 10:43:57,43.1894569396973,-8.76737308502197,"Unknown"
"7014852",371861,2025-08-09 10:48:57,43.1953926086426,-8.77191925048828,"Unknown"
"7014852",371861,2025-08-09 10:53:57,43.2067794799805,-8.79059600830078,"Unknown"
"7014852",371861,2025-08-09 10:58:57,43.22216796875,-8.80999088287354,"Unknown"
"7014852",371861,2025-08-09 11:03:58,43.2367286682129,-8.83120918273926,"Unknown"
"7014852",371861,2025-08-09 11:08:56,43.2329292297363,-8.88821601867676,"Unknown"
"7014852",371861,2025-08-09 11:13:57,43.2318534851074,-8.93027687072754,"Unknown"
"7014852",371861,2025-08-09 11:18:59,43.246997833252,-8.96884059906006,"Unknown"
"7014852",371861,2025-08-09 11:24:03,43.2399787902832,-8.9881763458252,"Unknown"
"7014852",371861,2025-08-09 11:28:57,43.2118377685547,-9.05210304260254,"Unknown"
"7014852",371861,2025-08-09 11:34:06,43.1837272644043,-9.0927562713623,"Unknown"
"7014852",371861,2025-08-09 11:38:57,43.1829032897949,-9.09278774261475,"Unknown"
"7014852",371861,2025-08-09 11:44:00,43.1831321716309,-9.09164047241211,"Unknown"
"7014852",371861,2025-08-09 11:49:00,43.182804107666,-9.09448528289795,"Unknown"
"7014852",371861,2025-08-09 11:53:58,43.1878395080566,-9.09860134124756,"Unknown"
"7014852",371861,2025-08-09 11:58:57,43.1936569213867,-9.13566303253174,"Unknown"
"7014852",371861,2025-08-09 12:03:58,43.163875579834,-9.18959903717041,"Unknown"
"7014852",371861,2025-08-09 12:09:14,43.1552352905273,-9.1995792388916,"Unknown"
"7014852",371861,2025-08-09 12:14:15,43.1542816162109,-9.1991720199585,"Unknown"
"7014852",371861,2025-08-09 12:18:56,43.1557540893555,-9.21126079559326,"Unknown"
"7014852",371861,2025-08-09 12:23:58,43.155834197998,-9.21144676208496,"Unknown"
"7014852",371861,2025-08-09 12:28:59,43.1559867858887,-9.21117782592773,"Unknown"
"7014852",371861,2025-08-09 12:34:06,43.1559448242188,-9.21104717254639,"Unknown"
"7014852",371861,2025-08-09 12:39:06,43.1559829711914,-9.21107482910156,"Unknown"
"7014852",371861,2025-08-09 12:44:06,43.1559524536133,-9.21125411987305,"Unknown"
"7014852",371861,2025-08-09 12:48:56,43.1565361022949,-9.21030807495117,"Unknown"
"7014852",371861,2025-08-09 12:53:57,43.1563911437988,-9.21036529541016,"Unknown"
"7014852",371861,2025-08-09 12:59:08,43.1549072265625,-9.21212577819824,"Unknown"
"7014852",371861,2025-08-09 13:03:57,43.1561584472656,-9.21087455749512,"Unknown"
"7014852",371861,2025-08-09 13:09:00,43.1562881469727,-9.21077728271484,"Unknown"
"7014852",371861,2025-08-09 13:13:59,43.1566200256348,-9.21041774749756,"Unknown"
"7014852",371861,2025-08-09 13:19:00,43.156551361084,-9.21065235137939,"Unknown"
"7014852",371861,2025-08-09 13:23:57,43.156623840332,-9.21070671081543,"Unknown"
"7014852",371861,2025-08-09 13:28:57,43.156436920166,-9.210862159729,"Unknown"
"7014852",371861,2025-08-09 13:33:56,43.156551361084,-9.21074962615967,"Unknown"
"7014852",371861,2025-08-09 13:38:58,43.1562156677246,-9.21107959747314,"Unknown"
"7014852",371861,2025-08-09 13:43:56,43.1563491821289,-9.21106147766113,"Unknown"
"7014852",371861,2025-08-09 13:48:59,43.1496315002441,-9.21283531188965,"Unknown"
"7014852",371861,2025-08-09 13:53:58,43.1498374938965,-9.21283054351807,"Unknown"
"7014852",371861,2025-08-09 13:58:59,43.1504211425781,-9.21293163299561,"Unknown"
"7014852",371861,2025-08-09 14:03:58,43.1499824523926,-9.21291542053223,"Unknown"
"7014852",371861,2025-08-09 14:08:57,43.1496772766113,-9.21287441253662,"Unknown"
"7014852",371861,2025-08-09 14:13:57,43.1498489379883,-9.21317195892334,"Unknown"
"7014852",371861,2025-08-09 14:18:58,43.1495132446289,-9.21305370330811,"Unknown"
"7014852",371861,2025-08-09 14:23:59,43.1494255065918,-9.21320152282715,"Unknown"
"7014852",371861,2025-08-09 14:28:58,43.1496047973633,-9.21310043334961,"Unknown"
"7014852",371861,2025-08-09 14:34:03,43.1496849060059,-9.21302509307861,"Unknown"
"7014852",371861,2025-08-09 14:38:58,43.149658203125,-9.21306037902832,"Unknown"
"7014852",371861,2025-08-09 14:43:58,43.1495819091797,-9.21296691894531,"Unknown"
"7014852",371861,2025-08-09 14:49:00,43.1495208740234,-9.21282196044922,"Unknown"
"7014852",371861,2025-08-09 14:53:59,43.1495628356934,-9.21273517608643,"Unknown"
"7014852",371861,2025-08-09 14:58:58,43.1497077941895,-9.21268463134766,"Unknown"
"7014852",371861,2025-08-09 15:03:58,43.1448783874512,-9.21254730224609,"Unknown"
"7014852",371861,2025-08-09 15:08:56,43.1533851623535,-9.21281623840332,"Unknown"
"7014852",371861,2025-08-09 15:13:57,43.1553001403809,-9.21036052703857,"Unknown"
"7014852",371861,2025-08-09 15:18:57,43.1557884216309,-9.21087455749512,"Unknown"
"7014852",371861,2025-08-09 15:23:57,43.1556777954102,-9.21078205108643,"Unknown"
"7014852",371861,2025-08-09 15:28:56,43.1552772521973,-9.21036815643311,"Unknown"
"7014852",371861,2025-08-09 15:33:57,43.1554908752441,-9.2105655670166,"Unknown"
"7014852",371861,2025-08-09 15:38:57,43.1561317443848,-9.21117782592773,"Unknown"
"7014852",371861,2025-08-09 15:43:57,43.1560897827148,-9.2111873626709,"Unknown"
"7014852",371861,2025-08-09 15:48:56,43.156078338623,-9.21106338500977,"Unknown"
"7014852",371861,2025-08-09 15:53:57,43.1561088562012,-9.21113586425781,"Unknown"
"7014852",371861,2025-08-09 15:58:57,43.1560859680176,-9.21109390258789,"Unknown"
"7014852",371861,2025-08-09 16:03:58,43.1567268371582,-9.21064472198486,"Unknown"
"7014852",371861,2025-08-09 16:08:57,43.156120300293,-9.21110057830811,"Unknown"
"7014852",371861,2025-08-09 16:13:57,43.1560707092285,-9.21112155914307,"Unknown"
"7014852",371861,2025-08-09 16:18:57,43.1559715270996,-9.21117973327637,"Unknown"
"7014852",371861,2025-08-09 16:23:57,43.1560440063477,-9.21120548248291,"Unknown"
"7014852",371861,2025-08-09 16:28:57,43.1560859680176,-9.21104717254639,"Unknown"
"7014852",371861,2025-08-09 16:33:57,43.1555404663086,-9.20109081268311,"Unknown"
"7014852",371861,2025-08-09 16:38:57,43.1624526977539,-9.19423007965088,"Unknown"
"7014852",371861,2025-08-09 16:43:57,43.1638374328613,-9.1862964630127,"Unknown"
"7014852",371861,2025-08-09 16:48:57,43.1818237304688,-9.17624664306641,"Unknown"
"7014852",371861,2025-08-09 16:53:57,43.183349609375,-9.16923522949219,"Unknown"
"7014852",371861,2025-08-09 16:58:58,43.1611404418945,-9.21164894104004,"Unknown"
"7014852",371861,2025-08-09 17:03:57,43.1515350341797,-9.21452331542969,"Unknown"
"7014852",371861,2025-08-09 17:08:57,43.1513786315918,-9.214599609375,"Unknown"
"7014852",371861,2025-08-09 17:13:57,43.1514472961426,-9.21450614929199,"Unknown"
"7014852",371861,2025-08-09 17:18:57,43.1518211364746,-9.21416473388672,"Unknown"
"7014852",371861,2025-08-09 17:23:57,43.1590118408203,-9.19333171844482,"Unknown"
"7014852",371861,2025-08-09 17:28:57,43.170093536377,-9.18054389953613,"Unknown"
"7014852",371861,2025-08-09 17:33:56,43.1857261657715,-9.17645263671875,"Unknown"
"7014852",371861,2025-08-09 17:38:57,43.1816482543945,-9.15466976165771,"Unknown"
"7014852",371861,2025-08-09 17:43:56,43.1909599304199,-9.1284008026123,"Unknown"
"7014852",371861,2025-08-09 17:48:57,43.1866569519043,-9.09764289855957,"Unknown"
"7014852",371861,2025-08-09 17:53:56,43.1843223571777,-9.07258415222168,"Unknown"
"7014852",371861,2025-08-09 17:58:56,43.1906356811523,-9.04418468475342,"Unknown"
"7014852",371861,2025-08-09 18:04:04,43.2142486572266,-9.03169059753418,"Unknown"
"7014852",371861,2025-08-09 18:08:57,43.2218246459961,-9.00886249542236,"Unknown"
"7014852",371861,2025-08-09 18:15:18,43.2410583496094,-8.99776935577393,"Unknown"
"7014852",371861,2025-08-09 18:18:57,43.2550811767578,-8.98788356781006,"Unknown"
"7014852",371861,2025-08-09 18:23:57,43.2713661193848,-8.98751640319824,"Unknown"
"7014852",371861,2025-08-09 18:28:59,43.2851181030273,-8.96934795379639,"Unknown"
"7014852",371861,2025-08-09 18:34:07,43.288387298584,-8.94536209106445,"Unknown"
"7014852",371861,2025-08-09 18:39:00,43.2970924377441,-8.91593742370605,"Unknown"
"7014852",371861,2025-08-09 18:43:57,43.3168296813965,-8.91262435913086,"Unknown"
"7014852",371861,2025-08-09 18:49:29,43.3199462890625,-8.88773632049561,"Unknown"
"7014852",371861,2025-08-09 18:53:56,43.3215713500977,-8.86878776550293,"Unknown"
"7014852",371861,2025-08-09 18:58:56,43.3341941833496,-8.85053825378418,"Unknown"
"7014852",371861,2025-08-09 19:03:57,43.3424644470215,-8.83541011810303,"Unknown"
"7014852",371861,2025-08-09 19:08:58,43.3580627441406,-8.83208274841309,"Unknown"
"7014852",371861,2025-08-09 19:13:57,43.3603172302246,-8.84188461303711,"Unknown"
"7014852",371861,2025-08-09 19:19:01,43.3603935241699,-8.84154605865479,"Unknown"
"7014852",371861,2025-08-09 19:24:00,43.359992980957,-8.84268665313721,"Unknown"
"7014852",371861,2025-08-09 19:28:56,43.3601036071777,-8.84249687194824,"Unknown"
"7014852",371861,2025-08-09 19:33:57,43.3602676391602,-8.8434534072876,"Unknown"
"7014852",371861,2025-08-09 19:38:58,43.3603210449219,-8.84347438812256,"Unknown"
"7014852",371861,2025-08-09 19:43:56,43.3603248596191,-8.84337902069092,"Unknown"
"7014852",371861,2025-08-09 19:48:56,43.3604011535645,-8.84353637695312,"Unknown"
"7014852",371861,2025-08-09 19:53:55,43.3605155944824,-8.84343242645264,"Unknown"
"7014852",371861,2025-08-09 19:59:06,43.3602256774902,-8.84167861938477,"Unknown"
"7014852",371861,2025-08-09 20:03:57,43.3601684570312,-8.84265327453613,"Unknown"
"7014852",371861,2025-08-09 20:08:59,43.3602714538574,-8.84281063079834,"Unknown"
"7014852",371861,2025-08-09 20:13:58,43.360668182373,-8.84341430664062,"Unknown"
"7014852",371861,2025-08-09 20:18:59,43.3608055114746,-8.84361267089844,"Unknown"
"7014852",371861,2025-08-09 20:24:06,43.3595199584961,-8.84208488464355,"Unknown"
"7014852",371861,2025-08-09 20:28:48,43.3602485656738,-8.84189033508301,"Unknown"
"7014852",371861,2025-08-10 01:28:37,43.3602104187012,-8.84151363372803,"Unknown"
"7014852",371861,2025-08-10 05:39:37,43.3613395690918,-8.89340686798096,"Unknown"
"7014852",371861,2025-08-10 05:44:37,43.3561058044434,-8.869065284729,"Unknown"
"7014852",371861,2025-08-10 05:49:38,43.3612174987793,-8.84634685516357,"Unknown"
"7014852",371861,2025-08-10 05:54:54,43.3603401184082,-8.84136009216309,"Unknown"
"7014852",371861,2025-08-10 05:59:45,43.3605155944824,-8.84131908416748,"Unknown"
"7014852",371861,2025-08-10 06:04:40,43.3604316711426,-8.84082794189453,"Unknown"
"7014852",371861,2025-08-10 06:09:55,43.3608360290527,-8.84117889404297,"Unknown"
"7014852",371861,2025-08-10 06:14:55,43.3606872558594,-8.84124660491943,"Unknown"
"7014852",371861,2025-08-10 06:19:42,43.3604431152344,-8.84080219268799,"Unknown"
"7014852",371861,2025-08-10 06:24:58,43.3611602783203,-8.84120273590088,"Unknown"
"7014852",371861,2025-08-10 06:30:00,43.3615608215332,-8.84107303619385,"Unknown"
"7014852",371861,2025-08-10 06:35:00,43.3614730834961,-8.84110927581787,"Unknown"
"7014852",371861,2025-08-10 06:39:58,43.361515045166,-8.84115409851074,"Unknown"
"7014852",371861,2025-08-10 06:45:02,43.360408782959,-8.84151649475098,"Unknown"
"7014852",371861,2025-08-10 06:49:36,43.3603591918945,-8.84167003631592,"Unknown"
"7014852",371861,2025-08-10 06:54:36,43.3603477478027,-8.84134197235107,"Unknown"
"7014852",371861,2025-08-10 06:59:36,43.3603935241699,-8.84149265289307,"Unknown"
"7014852",371861,2025-08-10 07:04:38,43.3605308532715,-8.84362030029297,"Unknown"
"7014852",371861,2025-08-10 07:09:45,43.360279083252,-8.84140872955322,"Unknown"
"7014852",371861,2025-08-10 07:14:48,43.3603744506836,-8.8414192199707,"Unknown"
"7014852",371861,2025-08-10 07:19:40,43.3603668212891,-8.84100437164307,"Unknown"
"7014852",371861,2025-08-10 07:24:41,43.3603591918945,-8.8406343460083,"Unknown"
"7014852",371861,2025-08-10 07:29:40,43.3603591918945,-8.84050369262695,"Unknown"
"7014852",371861,2025-08-10 07:34:45,43.3603897094727,-8.84137153625488,"Unknown"
"7014852",371861,2025-08-10 07:39:38,43.3602905273438,-8.84121131896973,"Unknown"
"7014852",371861,2025-08-10 07:44:41,43.3600769042969,-8.8404369354248,"Unknown"
"7014852",371861,2025-08-10 07:49:39,43.3601188659668,-8.84034538269043,"Unknown"
"7014852",371861,2025-08-10 07:54:38,43.3603630065918,-8.8404541015625,"Unknown"
"7014852",371861,2025-08-10 07:59:38,43.360481262207,-8.840895652771,"Unknown"
"7014852",371861,2025-08-10 08:04:39,43.3605842590332,-8.84093284606934,"Unknown"
"7014852",371861,2025-08-10 08:09:40,43.3603630065918,-8.84082889556885,"Unknown"
"7014852",371861,2025-08-10 08:14:37,43.3603324890137,-8.84132385253906,"Unknown"
"7014852",371861,2025-08-10 08:19:39,43.3604927062988,-8.8408899307251,"Unknown"
"7014852",371861,2025-08-10 08:24:37,43.360538482666,-8.84083843231201,"Unknown"
"7014852",371861,2025-08-10 08:29:37,43.3603019714355,-8.84041881561279,"Unknown"
"7014852",371861,2025-08-10 08:34:39,43.3605651855469,-8.84119606018066,"Unknown"
"7014852",371861,2025-08-10 08:39:41,43.3607330322266,-8.84124660491943,"Unknown"
"7014852",371861,2025-08-10 08:44:37,43.3607368469238,-8.84134674072266,"Unknown"
"7014852",371861,2025-08-10 08:49:37,43.3607139587402,-8.84131908416748,"Unknown"
"7014852",371861,2025-08-10 08:54:36,43.3606719970703,-8.84132766723633,"Unknown"
"7014852",371861,2025-08-10 08:59:37,43.3606948852539,-8.84127902984619,"Unknown"
"7014852",371861,2025-08-10 09:04:36,43.3607025146484,-8.84132289886475,"Unknown"
"7014852",371861,2025-08-10 09:09:36,43.3606605529785,-8.84129810333252,"Unknown"
"7014852",371861,2025-08-10 09:14:37,43.3606834411621,-8.84128284454346,"Unknown"
"7014852",371861,2025-08-10 09:19:36,43.3606796264648,-8.8412914276123,"Unknown"
"7014852",371861,2025-08-10 09:24:37,43.3606719970703,-8.84129047393799,"Unknown"
"7014852",371861,2025-08-10 09:29:36,43.3605575561523,-8.84127426147461,"Unknown"
"7014852",371861,2025-08-10 09:34:36,43.3606910705566,-8.84133243560791,"Unknown"
"7014852",371861,2025-08-10 09:39:36,43.3605194091797,-8.84128093719482,"Unknown"
"7014852",371861,2025-08-10 09:44:36,43.3606834411621,-8.84135055541992,"Unknown"
"7014852",371861,2025-08-10 09:49:36,43.3607330322266,-8.84135437011719,"Unknown"
"7014852",371861,2025-08-10 09:54:37,43.3602409362793,-8.84130382537842,"Unknown"
"7014852",371861,2025-08-10 09:59:51,43.3603935241699,-8.84111976623535,"Unknown"
"7014852",371861,2025-08-10 10:04:48,43.3605575561523,-8.84115123748779,"Unknown"
"7014852",371861,2025-08-10 10:09:55,43.3601226806641,-8.84101295471191,"Unknown"
"7014852",371861,2025-08-10 10:14:38,43.3605079650879,-8.84120845794678,"Unknown"
"7014852",371861,2025-08-10 10:19:48,43.3603363037109,-8.84080123901367,"Unknown"
"7014852",371861,2025-08-10 10:24:38,43.3600273132324,-8.84138679504395,"Unknown"
"7014852",371861,2025-08-10 10:29:46,43.3603134155273,-8.84082412719727,"Unknown"
"7014852",371861,2025-08-10 10:34:39,43.3602333068848,-8.84076881408691,"Unknown"
"7014852",371861,2025-08-10 10:39:44,43.3603515625,-8.8410062789917,"Unknown"
"7014852",371861,2025-08-10 10:44:51,43.3601608276367,-8.84108257293701,"Unknown"
"7014852",371861,2025-08-10 10:49:51,43.360279083252,-8.84133815765381,"Unknown"
"7014852",371861,2025-08-10 10:54:36,43.3456344604492,-8.87261581420898,"Unknown"
"7014852",371861,2025-08-10 11:00:17,43.3164443969727,-8.92362976074219,"Unknown"
"7014852",371861,2025-08-10 11:04:54,43.2936058044434,-8.95108985900879,"Unknown"
"7014852",371861,2025-08-10 11:09:36,43.2864265441895,-8.98349761962891,"Unknown"
"7014852",371861,2025-08-10 11:15:20,43.2528648376465,-8.996657371521,"Unknown"
"7014852",371861,2025-08-10 11:20:18,43.2294235229492,-9.02045822143555,"Unknown"
"7014852",371861,2025-08-10 11:25:15,43.2111701965332,-9.05646991729736,"Unknown"
"7014852",371861,2025-08-10 11:30:09,43.188663482666,-9.08704090118408,"Unknown"
"7014852",371861,2025-08-10 11:35:05,43.1839218139648,-9.09297752380371,"Unknown"
"7014852",371861,2025-08-10 11:39:35,43.1839752197266,-9.09303855895996,"Unknown"
"7014852",371861,2025-08-10 11:44:35,43.1839866638184,-9.09301948547363,"Unknown"
"7014852",371861,2025-08-10 11:49:36,43.1839942932129,-9.09312438964844,"Unknown"
"7014852",371861,2025-08-10 11:54:37,43.1840476989746,-9.09302616119385,"Unknown"
"7014852",371861,2025-08-10 11:59:36,43.1831855773926,-9.09249877929688,"Unknown"
"7014852",371861,2025-08-10 12:04:37,43.183406829834,-9.09330368041992,"Unknown"
"7014852",371861,2025-08-10 12:09:36,43.1833305358887,-9.09286117553711,"Unknown"
"7014852",371861,2025-08-10 12:14:37,43.1833686828613,-9.09345436096191,"Unknown"
"7014852",371861,2025-08-10 12:19:37,43.1838531494141,-9.09255981445312,"Unknown"
"7014852",371861,2025-08-10 12:24:36,43.1839599609375,-9.09270477294922,"Unknown"
"7014852",371861,2025-08-10 12:29:37,43.1841697692871,-9.09317779541016,"Unknown"
"7014852",371861,2025-08-10 12:34:36,43.184139251709,-9.09313583374023,"Unknown"
"7014852",371861,2025-08-10 12:39:39,43.1840171813965,-9.09293365478516,"Unknown"
"7014852",371861,2025-08-10 12:44:37,43.1837997436523,-9.0932149887085,"Unknown"
"7014852",371861,2025-08-10 12:49:37,43.1833534240723,-9.09312438964844,"Unknown"
"7014852",371861,2025-08-10 12:54:42,43.1833381652832,-9.09306144714355,"Unknown"
"7014852",371861,2025-08-10 12:59:36,43.1832504272461,-9.09296703338623,"Unknown"
"7014852",371861,2025-08-10 13:04:36,43.1849060058594,-9.09309577941895,"Unknown"
"7014852",371861,2025-08-10 13:09:45,43.1840362548828,-9.09307956695557,"Unknown"
"7014852",371861,2025-08-10 13:14:39,43.1840019226074,-9.0931510925293,"Unknown"
"7014852",371861,2025-08-10 13:19:36,43.1840896606445,-9.09319686889648,"Unknown"
"7014852",371861,2025-08-10 13:24:36,43.1840934753418,-9.09322357177734,"Unknown"
"7014852",371861,2025-08-10 13:29:52,43.1843070983887,-9.09325790405273,"Unknown"
"7014852",371861,2025-08-10 13:34:36,43.1826553344727,-9.09220790863037,"Unknown"
"7014852",371861,2025-08-10 13:39:36,43.1833038330078,-9.09302997589111,"Unknown"
"7014852",371861,2025-08-10 13:44:43,43.1838912963867,-9.0934886932373,"Unknown"
"7014852",371861,2025-08-10 13:49:37,43.1834144592285,-9.09381294250488,"Unknown"
"7014852",371861,2025-08-10 13:54:40,43.185432434082,-9.09103107452393,"Unknown"
"7014852",371861,2025-08-10 13:59:36,43.1851654052734,-9.0903902053833,"Unknown"
"7014852",371861,2025-08-10 14:04:47,43.1863136291504,-9.09097862243652,"Unknown"
"7014852",371861,2025-08-10 14:09:37,43.1840705871582,-9.09336090087891,"Unknown"
"7014852",371861,2025-08-10 14:14:41,43.1839981079102,-9.09329795837402,"Unknown"
"7014852",371861,2025-08-10 14:19:49,43.1832160949707,-9.09258651733398,"Unknown"
"7014852",371861,2025-08-10 14:24:36,43.1914978027344,-9.11392021179199,"Unknown"
"7014852",371861,2025-08-10 14:29:36,43.1932182312012,-9.14775657653809,"Unknown"
"7014852",371861,2025-08-10 14:34:38,43.1914672851562,-9.15108203887939,"Unknown"
"7014852",371861,2025-08-10 14:39:42,43.1919479370117,-9.15171718597412,"Unknown"
"7014852",371861,2025-08-10 14:44:56,43.1910781860352,-9.15054798126221,"Unknown"
"7014852",371861,2025-08-10 14:49:57,43.1910133361816,-9.15060520172119,"Unknown"
"7014852",371861,2025-08-10 14:54:51,43.1910972595215,-9.15069389343262,"Unknown"
"7014852",371861,2025-08-10 14:59:43,43.1909446716309,-9.15057182312012,"Unknown"
"7014852",371861,2025-08-10 15:04:36,43.1866493225098,-9.17042350769043,"Unknown"
"7014852",371861,2025-08-10 15:09:39,43.1809768676758,-9.17884635925293,"Unknown"
"7014852",371861,2025-08-10 15:14:41,43.1705703735352,-9.18111896514893,"Unknown"
"7014852",371861,2025-08-10 15:19:38,43.1707305908203,-9.18112754821777,"Unknown"
"7014852",371861,2025-08-10 15:24:43,43.1708335876465,-9.18124866485596,"Unknown"
"7014852",371861,2025-08-10 15:29:40,43.1708068847656,-9.18142318725586,"Unknown"
"7014852",371861,2025-08-10 15:34:47,43.1708755493164,-9.18140125274658,"Unknown"
"7014852",371861,2025-08-10 15:39:42,43.1706161499023,-9.18168544769287,"Unknown"
"7014852",371861,2025-08-10 15:44:53,43.1701202392578,-9.18148994445801,"Unknown"
"7014852",371861,2025-08-10 15:49:55,43.1699333190918,-9.18159103393555,"Unknown"
"7014852",371861,2025-08-10 15:54:42,43.1697654724121,-9.18169784545898,"Unknown"
"7014852",371861,2025-08-10 15:59:41,43.1695747375488,-9.18148517608643,"Unknown"
"7014852",371861,2025-08-10 16:04:40,43.1697425842285,-9.18133544921875,"Unknown"
"7014852",371861,2025-08-10 16:09:39,43.1586647033691,-9.19932746887207,"Unknown"
"7014852",371861,2025-08-10 16:14:40,43.1584548950195,-9.20104122161865,"Unknown"
"7014852",371861,2025-08-10 16:19:59,43.156421661377,-9.21175670623779,"Unknown"
"7014852",371861,2025-08-10 16:24:50,43.1538848876953,-9.21179866790771,"Unknown"
"7014852",371861,2025-08-10 16:29:50,43.1542587280273,-9.21152782440186,"Unknown"
"7014852",371861,2025-08-10 16:34:47,43.1548004150391,-9.21121215820312,"Unknown"
"7014852",371861,2025-08-10 16:39:46,43.1545753479004,-9.21124458312988,"Unknown"
"7014852",371861,2025-08-10 16:44:47,43.1546363830566,-9.21114921569824,"Unknown"
"7014852",371861,2025-08-10 16:49:37,43.160228729248,-9.20358276367188,"Unknown"
"7014852",371861,2025-08-10 16:54:37,43.185791015625,-9.17706775665283,"Unknown"
"7014852",371861,2025-08-10 16:59:39,43.2016296386719,-9.14177703857422,"Unknown"
"7014852",371861,2025-08-10 17:04:41,43.2179718017578,-9.0979700088501,"Unknown"
"7014852",371861,2025-08-10 17:09:40,43.2371253967285,-9.05148601531982,"Unknown"
"7014852",371861,2025-08-10 17:14:41,43.263614654541,-9.00618457794189,"Unknown"
"7014852",371861,2025-08-10 17:20:05,43.292366027832,-8.95565128326416,"Unknown"
"7014852",371861,2025-08-10 17:24:36,43.3156623840332,-8.91844272613525,"Unknown"
"7014852",371861,2025-08-10 17:29:36,43.3362922668457,-8.8856840133667,"Unknown"
"7014852",371861,2025-08-10 17:34:37,43.3559379577637,-8.85080814361572,"Unknown"
"7014852",371861,2025-08-10 17:39:36,43.3604393005371,-8.8412446975708,"Unknown"
"7014852",371861,2025-08-10 17:44:37,43.360481262207,-8.84124660491943,"Unknown"
"7014852",371861,2025-08-10 17:49:36,43.3603897094727,-8.84118938446045,"Unknown"
"7014852",371861,2025-08-10 17:54:45,43.3605461120605,-8.84115505218506,"Unknown"
"7014852",371861,2025-08-10 17:59:35,43.3605041503906,-8.84112453460693,"Unknown"
"7014852",371861,2025-08-10 18:04:36,43.360523223877,-8.84144020080566,"Unknown"
"7014852",371861,2025-08-10 18:09:36,43.3605041503906,-8.8413610458374,"Unknown"
"7014852",371861,2025-08-10 18:14:36,43.3605995178223,-8.84128952026367,"Unknown"
"7014852",371861,2025-08-10 18:19:37,43.3605194091797,-8.84140014648438,"Unknown"
"7014852",371861,2025-08-10 18:24:36,43.3605461120605,-8.84133338928223,"Unknown"
"7014852",371861,2025-08-10 18:29:36,43.3605117797852,-8.84140205383301,"Unknown"
"7014852",371861,2025-08-10 18:34:37,43.3604507446289,-8.84142017364502,"Unknown"
"7014852",371861,2025-08-10 18:39:36,43.3603668212891,-8.84130096435547,"Unknown"
"7014852",371861,2025-08-10 18:44:36,43.3604011535645,-8.84125137329102,"Unknown"
"7014852",371861,2025-08-10 18:49:37,43.3602523803711,-8.84129047393799,"Unknown"
"7014852",371861,2025-08-10 18:54:36,43.3603477478027,-8.84126853942871,"Unknown"
"7014852",371861,2025-08-10 18:59:36,43.3603515625,-8.84128093719482,"Unknown"
"7014852",371861,2025-08-10 19:04:36,43.3602066040039,-8.84125518798828,"Unknown"
"7014852",371861,2025-08-10 19:09:37,43.3601837158203,-8.84115219116211,"Unknown"
"7014852",371861,2025-08-10 19:14:36,43.3602828979492,-8.84113025665283,"Unknown"
"7014852",371861,2025-08-10 19:19:36,43.3601684570312,-8.8411169052124,"Unknown"
"7014852",371861,2025-08-10 19:24:36,43.3601875305176,-8.84107875823975,"Unknown"
"7014852",371861,2025-08-10 19:29:36,43.360164642334,-8.84111499786377,"Unknown"
"7014852",371861,2025-08-10 19:34:36,43.3586349487305,-8.84232425689697,"Unknown"
"7014852",371861,2025-08-10 19:40:05,43.3603630065918,-8.84128475189209,"Unknown"
"7014852",371861,2025-08-10 19:44:36,43.3604202270508,-8.84136009216309,"Unknown"
"7014852",371861,2025-08-10 19:49:37,43.3601455688477,-8.84115505218506,"Unknown"
"7014852",371861,2025-08-10 19:54:38,43.3603172302246,-8.84136390686035,"Unknown"
"7014852",371861,2025-08-10 19:59:37,43.3604049682617,-8.84133434295654,"Unknown"
"7014852",371861,2025-08-10 20:04:37,43.3602066040039,-8.84103679656982,"Unknown"
"7014852",371861,2025-08-10 20:09:37,43.3601570129395,-8.84116840362549,"Unknown"
"7014852",371861,2025-08-10 20:14:37,43.3601684570312,-8.84111881256104,"Unknown"
"7014852",371861,2025-08-10 20:19:36,43.3602561950684,-8.84108066558838,"Unknown"
"7014852",371861,2025-08-10 20:24:36,43.3602523803711,-8.8410816192627,"Unknown"
"7014852",371861,2025-08-10 20:27:11,43.3602256774902,-8.84111499786377,"Unknown"
"7014852",371861,2025-08-11 01:27:35,43.360179901123,-8.84114265441895,"Unknown"
"7014852",371861,2025-08-11 05:41:12,43.3607635498047,-8.84161758422852,"Unknown"
"7014852",371861,2025-08-11 05:45:53,43.3606796264648,-8.84184646606445,"Unknown"
"7014852",371861,2025-08-11 05:50:53,43.3606758117676,-8.84172630310059,"Unknown"
"7014852",371861,2025-08-11 05:55:53,43.3602027893066,-8.84121894836426,"Unknown"
"7014852",371861,2025-08-11 06:00:52,43.3605728149414,-8.84137916564941,"Unknown"
"7014852",371861,2025-08-11 06:05:53,43.3602333068848,-8.841383934021,"Unknown"
"7014852",371861,2025-08-11 06:10:53,43.3606071472168,-8.84138202667236,"Unknown"
"7014852",371861,2025-08-11 06:15:53,43.360523223877,-8.84145259857178,"Unknown"
"7014852",371861,2025-08-11 06:20:53,43.3605766296387,-8.84141826629639,"Unknown"
"7014852",371861,2025-08-11 06:25:53,43.3604736328125,-8.84138107299805,"Unknown"
"7014852",371861,2025-08-11 06:30:53,43.3604125976562,-8.84135150909424,"Unknown"
"7014852",371861,2025-08-11 06:35:55,43.3605003356934,-8.84127712249756,"Unknown"
"7014852",371861,2025-08-11 06:40:54,43.3605613708496,-8.84167766571045,"Unknown"
"7014852",371861,2025-08-11 06:45:54,43.3605079650879,-8.84100723266602,"Unknown"
"7014852",371861,2025-08-11 06:50:53,43.3605766296387,-8.84116840362549,"Unknown"
"7014852",371861,2025-08-11 06:55:53,43.3605461120605,-8.84119319915771,"Unknown"
"7014852",371861,2025-08-11 07:00:54,43.3605499267578,-8.84124851226807,"Unknown"
"7014852",371861,2025-08-11 07:05:53,43.360538482666,-8.84115791320801,"Unknown"
"7014852",371861,2025-08-11 07:10:53,43.3605651855469,-8.84114265441895,"Unknown"
"7014852",371861,2025-08-11 07:15:53,43.3605461120605,-8.8411922454834,"Unknown"
"7014852",371861,2025-08-11 07:20:54,43.3605270385742,-8.84121513366699,"Unknown"
"7014852",371861,2025-08-11 07:25:54,43.3605651855469,-8.84114551544189,"Unknown"
"7014852",371861,2025-08-11 07:30:54,43.3605651855469,-8.84117317199707,"Unknown"
"7014852",371861,2025-08-11 07:35:53,43.3605537414551,-8.84120655059814,"Unknown"
"7014852",371861,2025-08-11 07:40:54,43.3604965209961,-8.84122276306152,"Unknown"
"7014852",371861,2025-08-11 07:45:54,43.3605346679688,-8.84117698669434,"Unknown"
"7014852",371861,2025-08-11 07:50:54,43.3605995178223,-8.84125423431396,"Unknown"
"7014852",371861,2025-08-11 07:55:54,43.3606376647949,-8.84109115600586,"Unknown"
"7014852",371861,2025-08-11 08:00:55,43.3605995178223,-8.84107494354248,"Unknown"
"7014852",371861,2025-08-11 08:05:53,43.3606262207031,-8.84108924865723,"Unknown"
"7014852",371861,2025-08-11 08:10:58,43.3605537414551,-8.84096622467041,"Unknown"
"7014852",371861,2025-08-11 08:15:54,43.3602447509766,-8.8464879989624,"Unknown"
"7014852",371861,2025-08-11 08:20:56,43.3372116088867,-8.84299373626709,"Unknown"
"7014852",371861,2025-08-11 08:25:54,43.3090972900391,-8.85692501068115,"Unknown"
"7014852",371861,2025-08-11 08:30:55,43.2971534729004,-8.86180305480957,"Unknown"
"7014852",371861,2025-08-11 08:35:54,43.2761688232422,-8.851806640625,"Unknown"
"7014852",371861,2025-08-11 08:40:56,43.2759094238281,-8.85248374938965,"Unknown"
"7014852",371861,2025-08-11 08:45:56,43.2765197753906,-8.85216808319092,"Unknown"
"7014852",371861,2025-08-11 08:50:54,43.2926750183105,-8.86312389373779,"Unknown"
"7014852",371861,2025-08-11 08:55:54,43.3125343322754,-8.87674713134766,"Unknown"
"7014852",371861,2025-08-11 09:00:53,43.3248596191406,-8.89220905303955,"Unknown"
"7014852",371861,2025-08-11 09:05:55,43.3240509033203,-8.89132690429688,"Unknown"
"7014852",371861,2025-08-11 09:10:58,43.3214263916016,-8.87795639038086,"Unknown"
"7014852",371861,2025-08-11 09:15:55,43.3214149475098,-8.8780574798584,"Unknown"
"7014852",371861,2025-08-11 09:20:55,43.3212776184082,-8.87812900543213,"Unknown"
"7014852",371861,2025-08-11 09:25:54,43.3212585449219,-8.87788581848145,"Unknown"
"7014852",371861,2025-08-11 09:30:55,43.3219146728516,-8.87738418579102,"Unknown"
"7014852",371861,2025-08-11 09:35:55,43.3213386535645,-8.87815093994141,"Unknown"
"7014852",371861,2025-08-11 09:40:54,43.3213081359863,-8.87837409973145,"Unknown"
"7014852",371861,2025-08-11 09:45:54,43.3211975097656,-8.90543365478516,"Unknown"
"7014852",371861,2025-08-11 09:50:54,43.3076095581055,-8.90704250335693,"Unknown"
"7014852",371861,2025-08-11 09:55:54,43.2932357788086,-8.9227123260498,"Unknown"
"7014852",371861,2025-08-11 10:00:54,43.2916984558105,-8.94862270355225,"Unknown"
"7014852",371861,2025-08-11 10:06:23,43.2919158935547,-8.95986938476562,"Unknown"
"7014852",371861,2025-08-11 10:10:54,43.2866554260254,-8.96235370635986,"Unknown"
"7014852",371861,2025-08-11 10:15:53,43.2878341674805,-8.96220588684082,"Unknown"
"7014852",371861,2025-08-11 10:20:54,43.2877731323242,-8.96226406097412,"Unknown"
"7014852",371861,2025-08-11 10:25:53,43.2879066467285,-8.96212863922119,"Unknown"
"7014852",371861,2025-08-11 10:30:53,43.2878952026367,-8.96218967437744,"Unknown"
"7014852",371861,2025-08-11 10:35:54,43.2879524230957,-8.96199989318848,"Unknown"
"7014852",371861,2025-08-11 10:40:53,43.2878913879395,-8.9622278213501,"Unknown"
"7014852",371861,2025-08-11 10:45:53,43.2876319885254,-8.96207904815674,"Unknown"
"7014852",371861,2025-08-11 10:50:53,43.2877197265625,-8.96236515045166,"Unknown"
"7014852",371861,2025-08-11 10:55:53,43.2866554260254,-8.97954559326172,"Unknown"
"7014852",371861,2025-08-11 11:00:53,43.2789726257324,-8.9855842590332,"Unknown"
"7014852",371861,2025-08-11 11:05:53,43.2783966064453,-8.98611640930176,"Unknown"
"7014852",371861,2025-08-11 11:10:53,43.2607650756836,-8.98752975463867,"Unknown"
"7014852",371861,2025-08-11 11:15:53,43.245532989502,-9.00267028808594,"Unknown"
"7014852",371861,2025-08-11 11:20:53,43.231990814209,-9.01403999328613,"Unknown"
"7014852",371861,2025-08-11 11:26:01,43.2183876037598,-9.01678562164307,"Unknown"
"7014852",371861,2025-08-11 11:30:53,43.2119102478027,-9.04226493835449,"Unknown"
"7014852",371861,2025-08-11 11:35:53,43.1972961425781,-9.06601619720459,"Unknown"
"7014852",371861,2025-08-11 11:40:53,43.1845436096191,-9.08913612365723,"Unknown"
"7014852",371861,2025-08-11 11:45:53,43.1835670471191,-9.09308815002441,"Unknown"
"7014852",371861,2025-08-11 11:51:29,43.183177947998,-9.09329891204834,"Unknown"
"7014852",371861,2025-08-11 11:55:53,43.1839790344238,-9.09281635284424,"Unknown"
"7014852",371861,2025-08-11 12:00:54,43.1833877563477,-9.09307956695557,"Unknown"
"7014852",371861,2025-08-11 12:05:54,43.1833534240723,-9.09322452545166,"Unknown"
"7014852",371861,2025-08-11 12:11:00,43.1833763122559,-9.09287738800049,"Unknown"
"7014852",371861,2025-08-11 12:15:54,43.1833457946777,-9.09282398223877,"Unknown"
"7014852",371861,2025-08-11 12:20:56,43.1831741333008,-9.09295845031738,"Unknown"
"7014852",371861,2025-08-11 12:25:53,43.1831665039062,-9.09364223480225,"Unknown"
"7014852",371861,2025-08-11 12:30:53,43.1832542419434,-9.09232425689697,"Unknown"
"7014852",371861,2025-08-11 12:36:13,43.1833076477051,-9.09280872344971,"Unknown"
"7014852",371861,2025-08-11 12:40:54,43.1827964782715,-9.09262847900391,"Unknown"
"7014852",371861,2025-08-11 12:46:02,43.1831474304199,-9.09247303009033,"Unknown"
"7014852",371861,2025-08-11 12:51:36,43.1835098266602,-9.0928258895874,"Unknown"
"7014852",371861,2025-08-11 12:55:54,43.1833152770996,-9.09305858612061,"Unknown"
"7014852",371861,2025-08-11 13:00:55,43.1877708435059,-9.10028171539307,"Unknown"
"7014852",371861,2025-08-11 13:06:03,43.1902465820312,-9.10161590576172,"Unknown"
"7014852",371861,2025-08-11 13:11:07,43.1900367736816,-9.10139751434326,"Unknown"
"7014852",371861,2025-08-11 13:15:55,43.1898040771484,-9.10110664367676,"Unknown"
"7014852",371861,2025-08-11 13:20:53,43.190315246582,-9.10194301605225,"Unknown"
"7014852",371861,2025-08-11 13:25:53,43.1902656555176,-9.10179901123047,"Unknown"
"7014852",371861,2025-08-11 13:30:53,43.1903228759766,-9.10193061828613,"Unknown"
"7014852",371861,2025-08-11 13:35:53,43.190315246582,-9.1018533706665,"Unknown"
"7014852",371861,2025-08-11 13:40:53,43.1903266906738,-9.10191822052002,"Unknown"
"7014852",371861,2025-08-11 13:46:14,43.1902084350586,-9.10152053833008,"Unknown"
"7014852",371861,2025-08-11 13:50:53,43.1902275085449,-9.10159015655518,"Unknown"
"7014852",371861,2025-08-11 13:55:53,43.1902961730957,-9.1017951965332,"Unknown"
"7014852",371861,2025-08-11 14:00:53,43.190315246582,-9.10175037384033,"Unknown"
"7014852",371861,2025-08-11 14:05:53,43.1902770996094,-9.10171127319336,"Unknown"
"7014852",371861,2025-08-11 14:10:53,43.1902351379395,-9.10162830352783,"Unknown"
"7014852",371861,2025-08-11 14:15:53,43.1903038024902,-9.10174465179443,"Unknown"
"7014852",371861,2025-08-11 14:20:53,43.2014427185059,-9.06104469299316,"Unknown"
"7014852",371861,2025-08-11 14:25:53,43.2061347961426,-9.03188323974609,"Unknown"
"7014852",371861,2025-08-11 14:30:53,43.2329063415527,-9.0087194442749,"Unknown"
"7014852",371861,2025-08-11 14:35:54,43.264030456543,-8.9822940826416,"Unknown"
"7014852",371861,2025-08-11 14:40:53,43.2843170166016,-8.97375774383545,"Unknown"
"7014852",371861,2025-08-11 14:46:06,43.286018371582,-8.96225166320801,"Unknown"
"7014852",371861,2025-08-11 14:51:29,43.2866821289062,-8.96235942840576,"Unknown"
"7014852",371861,2025-08-11 14:55:52,43.2867279052734,-8.96237659454346,"Unknown"
"7014852",371861,2025-08-11 15:00:52,43.2868270874023,-8.96247577667236,"Unknown"
"7014852",371861,2025-08-11 15:05:53,43.286808013916,-8.9623966217041,"Unknown"
"7014852",371861,2025-08-11 15:10:53,43.2877197265625,-8.96221828460693,"Unknown"
"7014852",371861,2025-08-11 15:15:56,43.2878189086914,-8.96230983734131,"Unknown"
"7014852",371861,2025-08-11 15:20:52,43.305835723877,-8.93691062927246,"Unknown"
"7014852",371861,2025-08-11 15:25:52,43.3336639404297,-8.8919620513916,"Unknown"
"7014852",371861,2025-08-11 15:30:53,43.3565292358398,-8.84838390350342,"Unknown"
"7014852",371861,2025-08-11 15:35:53,43.3604278564453,-8.84156131744385,"Unknown"
"7014852",371861,2025-08-11 15:40:53,43.3604965209961,-8.84165191650391,"Unknown"
"7014852",371861,2025-08-11 15:45:53,43.3605575561523,-8.84378242492676,"Unknown"
"7014852",371861,2025-08-11 15:50:53,43.3611946105957,-8.84197807312012,"Unknown"
"7014852",371861,2025-08-11 15:55:53,43.3609161376953,-8.84185886383057,"Unknown"
"7014852",371861,2025-08-11 16:00:53,43.3608551025391,-8.84184169769287,"Unknown"
"7014852",371861,2025-08-11 16:05:54,43.3608703613281,-8.84187316894531,"Unknown"
"7014852",371861,2025-08-11 16:10:55,43.3604507446289,-8.84156322479248,"Unknown"
"7014852",371861,2025-08-11 16:15:53,43.3608436584473,-8.84204483032227,"Unknown"
"7014852",371861,2025-08-11 16:20:54,43.3604202270508,-8.84151744842529,"Unknown"
"7014852",371861,2025-08-11 16:25:54,43.3604774475098,-8.84155178070068,"Unknown"
"7014852",371861,2025-08-11 16:30:54,43.360466003418,-8.84177398681641,"Unknown"
"7014852",371861,2025-08-11 16:35:53,43.3604011535645,-8.84158229827881,"Unknown"
"7014852",371861,2025-08-11 16:40:54,43.3603858947754,-8.84154796600342,"Unknown"
"7014852",371861,2025-08-11 16:45:53,43.3605346679688,-8.84152126312256,"Unknown"
"7014852",371861,2025-08-11 16:50:53,43.3603591918945,-8.84134578704834,"Unknown"
"7014852",371861,2025-08-11 16:55:53,43.3606605529785,-8.84055995941162,"Unknown"
"7014852",371861,2025-08-11 17:00:54,43.3605155944824,-8.84152603149414,"Unknown"
"7014852",371861,2025-08-11 17:05:54,43.360538482666,-8.841383934021,"Unknown"
"7014852",371861,2025-08-11 17:10:53,43.3610420227051,-8.84360408782959,"Unknown"
"7014852",371861,2025-08-11 17:15:52,43.360782623291,-8.84330940246582,"Unknown"
"7014852",371861,2025-08-11 17:20:53,43.3604888916016,-8.84508037567139,"Unknown"
"7014852",371861,2025-08-11 17:25:53,43.3603668212891,-8.84496593475342,"Unknown"
"7014852",371861,2025-08-11 17:30:53,43.3615417480469,-8.83917713165283,"Unknown"
"7014852",371861,2025-08-11 17:35:53,43.3611602783203,-8.84249973297119,"Unknown"
"7014852",371861,2025-08-11 17:40:54,43.3603515625,-8.8451623916626,"Unknown"
"7014852",371861,2025-08-11 17:45:53,43.3606224060059,-8.84023857116699,"Unknown"
"7014852",371861,2025-08-11 17:50:53,43.3605804443359,-8.84117889404297,"Unknown"
"7014852",371861,2025-08-11 17:55:53,43.3605995178223,-8.84109306335449,"Unknown"
"7014852",371861,2025-08-11 18:00:54,43.3605766296387,-8.84157562255859,"Unknown"
"7014852",371861,2025-08-11 18:05:55,43.3602600097656,-8.84085369110107,"Unknown"
"7014852",371861,2025-08-11 18:10:54,43.3605270385742,-8.84093189239502,"Unknown"
"7014852",371861,2025-08-11 18:15:53,43.3607749938965,-8.84014987945557,"Unknown"
"7014852",371861,2025-08-11 18:20:55,43.360523223877,-8.84125423431396,"Unknown"
"7014852",371861,2025-08-11 18:25:53,43.3603248596191,-8.84119033813477,"Unknown"
"7014852",371861,2025-08-11 18:30:58,43.3598251342773,-8.8411693572998,"Unknown"
"7014852",371861,2025-08-11 18:35:55,43.3601112365723,-8.84134483337402,"Unknown"
"7014852",371861,2025-08-11 18:41:01,43.3603248596191,-8.84118175506592,"Unknown"
"7014852",371861,2025-08-11 18:45:56,43.3602485656738,-8.84121322631836,"Unknown"
"7014852",371861,2025-08-11 18:50:54,43.3602828979492,-8.8411979675293,"Unknown"
"7014852",371861,2025-08-11 18:55:53,43.3603935241699,-8.84140396118164,"Unknown"
"7014852",371861,2025-08-11 19:00:53,43.3606491088867,-8.84098243713379,"Unknown"
"7014852",371861,2025-08-11 19:05:53,43.3602561950684,-8.84162425994873,"Unknown"
"7014852",371861,2025-08-11 19:11:01,43.3607330322266,-8.84081649780273,"Unknown"
"7014852",371861,2025-08-11 19:15:53,43.3609848022461,-8.8410816192627,"Unknown"
"7014852",371861,2025-08-11 19:20:58,43.3617286682129,-8.84249782562256,"Unknown"
"7014852",371861,2025-08-11 19:25:54,43.361686706543,-8.84232521057129,"Unknown"
"7014852",371861,2025-08-11 19:30:54,43.3615951538086,-8.84239959716797,"Unknown"
"7014852",371861,2025-08-11 19:35:53,43.3607482910156,-8.84112453460693,"Unknown"
"7014852",371861,2025-08-11 19:40:54,43.3610153198242,-8.84096908569336,"Unknown"
"7014852",371861,2025-08-11 19:45:54,43.3603515625,-8.8413200378418,"Unknown"
"7014852",371861,2025-08-11 19:50:54,43.3604049682617,-8.84131908416748,"Unknown"
"7014852",371861,2025-08-11 19:55:54,43.3606567382812,-8.84116363525391,"Unknown"
"7014852",371861,2025-08-11 20:00:56,43.3608741760254,-8.84138870239258,"Unknown"
"7014852",371861,2025-08-11 20:05:54,43.3604354858398,-8.84133052825928,"Unknown"
"7014852",371861,2025-08-11 20:10:53,43.3610229492188,-8.84172248840332,"Unknown"
"7014852",371861,2025-08-11 20:15:53,43.3612213134766,-8.84136199951172,"Unknown"
"7014852",371861,2025-08-11 20:20:54,43.3607711791992,-8.84128379821777,"Unknown"
"7014852",371861,2025-08-11 20:25:37,43.3604965209961,-8.84121704101562,"Unknown"
"7014852",371861,2025-08-12 01:25:37,43.3603057861328,-8.84165954589844,"Unknown"
"7014852",371861,2025-08-12 05:57:29,43.3314208984375,-8.93958282470703,"Unknown"
"7014852",371861,2025-08-12 06:01:57,43.3220291137695,-8.92254829406738,"Unknown"
"7014852",371861,2025-08-12 06:06:58,43.3219032287598,-8.90600299835205,"Unknown"
"7014852",371861,2025-08-12 06:12:00,43.3216361999512,-8.90582370758057,"Unknown"
"7014852",371861,2025-08-12 06:16:59,43.3213539123535,-8.90580940246582,"Unknown"
"7014852",371861,2025-08-12 06:22:00,43.3211631774902,-8.90567111968994,"Unknown"
"7014852",371861,2025-08-12 06:27:00,43.3213043212891,-8.90574264526367,"Unknown"
"7014852",371861,2025-08-12 06:31:57,43.3190116882324,-8.89540195465088,"Unknown"
"7014852",371861,2025-08-12 06:36:59,43.3340682983398,-8.86584949493408,"Unknown"
"7014852",371861,2025-08-12 06:41:57,43.3578186035156,-8.85118389129639,"Unknown"
"7014852",371861,2025-08-12 06:47:00,43.3601570129395,-8.84116363525391,"Unknown"
"7014852",371861,2025-08-12 06:52:00,43.3600463867188,-8.84142780303955,"Unknown"
"7014852",371861,2025-08-12 06:57:00,43.360221862793,-8.84145736694336,"Unknown"
"7014852",371861,2025-08-12 07:02:00,43.3603553771973,-8.84130764007568,"Unknown"
"7014852",371861,2025-08-12 07:06:59,43.3603515625,-8.84129333496094,"Unknown"
"7014852",371861,2025-08-12 07:11:59,43.3602638244629,-8.8414478302002,"Unknown"
"7014852",371861,2025-08-12 07:16:59,43.3603248596191,-8.84123611450195,"Unknown"
"7014852",371861,2025-08-12 07:22:10,43.3604545593262,-8.84124851226807,"Unknown"
"7014852",371861,2025-08-12 07:26:57,43.3605079650879,-8.8410816192627,"Unknown"
"7014852",371861,2025-08-12 07:31:57,43.3604125976562,-8.84112453460693,"Unknown"
"7014852",371861,2025-08-12 07:36:59,43.3604698181152,-8.84110355377197,"Unknown"
"7014852",371861,2025-08-12 07:41:57,43.3605880737305,-8.84151744842529,"Unknown"
"7014852",371861,2025-08-12 07:46:59,43.3603744506836,-8.84138679504395,"Unknown"
"7014852",371861,2025-08-12 07:52:01,43.3605308532715,-8.84119319915771,"Unknown"
"7014852",371861,2025-08-12 07:56:59,43.3603935241699,-8.84151744842529,"Unknown"
"7014852",371861,2025-08-12 08:02:07,43.3605842590332,-8.84162616729736,"Unknown"
"7014852",371861,2025-08-12 08:07:07,43.3605690002441,-8.84118938446045,"Unknown"
"7014852",371861,2025-08-12 08:12:08,43.3604393005371,-8.84106922149658,"Unknown"
"7014852",371861,2025-08-12 08:17:02,43.3604202270508,-8.84095287322998,"Unknown"
"7014852",371861,2025-08-12 08:22:04,43.3604278564453,-8.84106063842773,"Unknown"
"7014852",371861,2025-08-12 08:26:59,43.3604927062988,-8.84083080291748,"Unknown"
"7014852",371861,2025-08-12 08:32:09,43.3604698181152,-8.84091854095459,"Unknown"
"7014852",371861,2025-08-12 08:37:00,43.3602981567383,-8.8411169052124,"Unknown"
"7014852",371861,2025-08-12 08:42:00,43.3604202270508,-8.84109020233154,"Unknown"
"7014852",371861,2025-08-12 08:47:01,43.3605346679688,-8.84138584136963,"Unknown"
"7014852",371861,2025-08-12 08:52:12,43.360668182373,-8.84156036376953,"Unknown"
"7014852",371861,2025-08-12 08:57:01,43.3606033325195,-8.84137535095215,"Unknown"
"7014852",371861,2025-08-12 09:01:58,43.3606262207031,-8.84157180786133,"Unknown"
"7014852",371861,2025-08-12 09:07:00,43.3604774475098,-8.8412446975708,"Unknown"
"7014852",371861,2025-08-12 09:11:59,43.3607063293457,-8.84178256988525,"Unknown"
"7014852",371861,2025-08-12 09:16:59,43.3608818054199,-8.84182929992676,"Unknown"
"7014852",371861,2025-08-12 09:21:57,43.3608207702637,-8.84168434143066,"Unknown"
"7014852",371861,2025-08-12 09:27:26,43.360767364502,-8.84183502197266,"Unknown"
"7014852",371861,2025-08-12 09:31:59,43.360538482666,-8.84121417999268,"Unknown"
"7014852",371861,2025-08-12 09:36:57,43.3606414794922,-8.84156608581543,"Unknown"
"7014852",371861,2025-08-12 09:41:59,43.3604698181152,-8.84120750427246,"Unknown"
"7014852",371861,2025-08-12 09:46:59,43.3606452941895,-8.84117698669434,"Unknown"
"7014852",371861,2025-08-12 09:51:58,43.3606986999512,-8.84111309051514,"Unknown"
"7014852",371861,2025-08-12 09:56:57,43.3606834411621,-8.84126949310303,"Unknown"
"7014852",371861,2025-08-12 10:01:58,43.3605041503906,-8.84108829498291,"Unknown"
"7014852",371861,2025-08-12 10:06:57,43.3605804443359,-8.84136581420898,"Unknown"
"7014852",371861,2025-08-12 10:11:57,43.3606224060059,-8.84166717529297,"Unknown"
"7014852",371861,2025-08-12 10:16:58,43.3605346679688,-8.84146118164062,"Unknown"
"7014852",371861,2025-08-12 10:21:58,43.3606643676758,-8.84118270874023,"Unknown"
"7014852",371861,2025-08-12 10:26:59,43.3605270385742,-8.84128475189209,"Unknown"
"7014852",371861,2025-08-12 10:31:57,43.3606262207031,-8.84114646911621,"Unknown"
"7014852",371861,2025-08-12 10:36:58,43.3603706359863,-8.84137439727783,"Unknown"
"7014852",371861,2025-08-12 10:41:58,43.3373603820801,-8.85455322265625,"Unknown"
"7014852",371861,2025-08-12 10:46:59,43.3171882629395,-8.86315155029297,"Unknown"
"7014852",371861,2025-08-12 10:51:57,43.3211822509766,-8.9054594039917,"Unknown"
"7014852",371861,2025-08-12 10:56:57,43.297004699707,-8.94728469848633,"Unknown"
"7014852",371861,2025-08-12 11:01:58,43.2774238586426,-8.99101829528809,"Unknown"
"7014852",371861,2025-08-12 11:06:57,43.2458305358887,-9.01969528198242,"Unknown"
"7014852",371861,2025-08-12 11:11:58,43.2159614562988,-9.05385112762451,"Unknown"
"7014852",371861,2025-08-12 11:16:57,43.2015686035156,-9.07985687255859,"Unknown"
"7014852",371861,2025-08-12 11:22:01,43.1897735595703,-9.10098552703857,"Unknown"
"7014852",371861,2025-08-12 11:26:59,43.1875152587891,-9.09980583190918,"Unknown"
"7014852",371861,2025-08-12 11:31:58,43.1873741149902,-9.09967708587646,"Unknown"
"7014852",371861,2025-08-12 11:36:58,43.1874961853027,-9.09975528717041,"Unknown"
"7014852",371861,2025-08-12 11:42:00,43.1877098083496,-9.09983348846436,"Unknown"
"7014852",371861,2025-08-12 11:47:14,43.189395904541,-9.10064506530762,"Unknown"
"7014852",371861,2025-08-12 11:51:57,43.1892166137695,-9.10050868988037,"Unknown"
"7014852",371861,2025-08-12 11:56:57,43.1892242431641,-9.10044097900391,"Unknown"
"7014852",371861,2025-08-12 12:01:58,43.1892967224121,-9.10050392150879,"Unknown"
"7014852",371861,2025-08-12 12:06:57,43.1892471313477,-9.10048389434814,"Unknown"
"7014852",371861,2025-08-12 12:11:57,43.1891250610352,-9.10038089752197,"Unknown"
"7014852",371861,2025-08-12 12:16:57,43.189338684082,-9.10061168670654,"Unknown"
"7014852",371861,2025-08-12 12:21:58,43.1893005371094,-9.10056495666504,"Unknown"
"7014852",371861,2025-08-12 12:26:57,43.1892166137695,-9.09994125366211,"Unknown"
"7014852",371861,2025-08-12 12:32:14,43.1874885559082,-9.09973335266113,"Unknown"
"7014852",371861,2025-08-12 12:37:09,43.1874313354492,-9.09965705871582,"Unknown"
"7014852",371861,2025-08-12 12:42:14,43.1838302612305,-9.09328746795654,"Unknown"
"7014852",371861,2025-08-12 12:46:59,43.1834297180176,-9.09299564361572,"Unknown"
"7014852",371861,2025-08-12 12:52:05,43.1834259033203,-9.09256458282471,"Unknown"
"7014852",371861,2025-08-12 12:56:59,43.1844100952148,-9.09382820129395,"Unknown"
"7014852",371861,2025-08-12 13:02:05,43.183910369873,-9.09277057647705,"Unknown"
"7014852",371861,2025-08-12 13:07:07,43.1831169128418,-9.09259128570557,"Unknown"
"7014852",371861,2025-08-12 13:12:10,43.1839904785156,-9.09300231933594,"Unknown"
"7014852",371861,2025-08-12 13:17:07,43.1840019226074,-9.0928897857666,"Unknown"
"7014852",371861,2025-08-12 13:22:07,43.1839942932129,-9.09296989440918,"Unknown"
"7014852",371861,2025-08-12 13:27:07,43.1840934753418,-9.09305477142334,"Unknown"
"7014852",371861,2025-08-12 13:32:15,43.1839485168457,-9.09329128265381,"Unknown"
"7014852",371861,2025-08-12 13:36:59,43.1841926574707,-9.09326362609863,"Unknown"
"7014852",371861,2025-08-12 13:42:03,43.1830940246582,-9.09299564361572,"Unknown"
"7014852",371861,2025-08-12 13:47:06,43.1834754943848,-9.0933313369751,"Unknown"
"7014852",371861,2025-08-12 13:52:06,43.1836395263672,-9.09369277954102,"Unknown"
"7014852",371861,2025-08-12 13:57:00,43.1837959289551,-9.09376907348633,"Unknown"
"7014852",371861,2025-08-12 14:02:12,43.1837158203125,-9.09310150146484,"Unknown"
"7014852",371861,2025-08-12 14:07:01,43.1833572387695,-9.0933198928833,"Unknown"
"7014852",371861,2025-08-12 14:12:02,43.1847648620605,-9.09420871734619,"Unknown"
"7014852",371861,2025-08-12 14:17:19,43.1829833984375,-9.09342098236084,"Unknown"
"7014852",371861,2025-08-12 14:22:22,43.1848030090332,-9.09451580047607,"Unknown"
"7014852",371861,2025-08-12 14:27:17,43.1831474304199,-9.09339618682861,"Unknown"
"7014852",371861,2025-08-12 14:32:07,43.1830749511719,-9.09334850311279,"Unknown"
"7014852",371861,2025-08-12 14:37:07,43.1830749511719,-9.09324836730957,"Unknown"
"7014852",371861,2025-08-12 14:42:07,43.1837463378906,-9.0931396484375,"Unknown"
"7014852",371861,2025-08-12 14:47:30,43.183837890625,-9.09327220916748,"Unknown"
"7014852",371861,2025-08-12 14:51:57,43.1838836669922,-9.09323978424072,"Unknown"
"7014852",371861,2025-08-12 14:56:57,43.1838073730469,-9.09330558776855,"Unknown"
"7014852",371861,2025-08-12 15:01:57,43.1832084655762,-9.0928373336792,"Unknown"
"7014852",371861,2025-08-12 15:06:58,43.183277130127,-9.09279632568359,"Unknown"
"7014852",371861,2025-08-12 15:11:58,43.1832275390625,-9.09280204772949,"Unknown"
"7014852",371861,2025-08-12 15:16:58,43.1839447021484,-9.09285545349121,"Unknown"
"7014852",371861,2025-08-12 15:21:57,43.1842308044434,-9.09319305419922,"Unknown"
"7014852",371861,2025-08-12 15:26:58,43.18408203125,-9.09310054779053,"Unknown"
"7014852",371861,2025-08-12 15:31:58,43.1839485168457,-9.09298229217529,"Unknown"
"7014852",371861,2025-08-12 15:36:58,43.1840324401855,-9.09310150146484,"Unknown"
"7014852",371861,2025-08-12 15:41:58,43.1841163635254,-9.09334087371826,"Unknown"
"7014852",371861,2025-08-12 15:46:58,43.1841621398926,-9.09332942962646,"Unknown"
"7014852",371861,2025-08-12 15:51:58,43.1857490539551,-9.09175586700439,"Unknown"
"7014852",371861,2025-08-12 15:57:01,43.1841278076172,-9.09406566619873,"Unknown"
"7014852",371861,2025-08-12 16:02:00,43.1847114562988,-9.09226989746094,"Unknown"
"7014852",371861,2025-08-12 16:07:06,43.1850242614746,-9.09271907806396,"Unknown"
"7014852",371861,2025-08-12 16:11:59,43.1851081848145,-9.09328842163086,"Unknown"
"7014852",371861,2025-08-12 16:17:01,43.1848449707031,-9.09245204925537,"Unknown"
"7014852",371861,2025-08-12 16:22:01,43.1846504211426,-9.09183692932129,"Unknown"
"7014852",371861,2025-08-12 16:27:00,43.1849212646484,-9.09253120422363,"Unknown"
"7014852",371861,2025-08-12 16:32:00,43.1850814819336,-9.09343910217285,"Unknown"
"7014852",371861,2025-08-12 16:37:02,43.1828689575195,-9.09232616424561,"Unknown"
"7014852",371861,2025-08-12 16:41:58,43.184627532959,-9.09155654907227,"Unknown"
"7014852",371861,2025-08-12 16:46:59,43.1948318481445,-9.12641334533691,"Unknown"
"7014852",371861,2025-08-12 16:51:58,43.1849136352539,-9.17676734924316,"Unknown"
"7014852",371861,2025-08-12 16:56:59,43.1760444641113,-9.18385219573975,"Unknown"
"7014852",371861,2025-08-12 17:02:10,43.1550178527832,-9.20121002197266,"Unknown"
"7014852",371861,2025-08-12 17:07:02,43.1557540893555,-9.21095657348633,"Unknown"
"7014852",371861,2025-08-12 17:12:13,43.1556396484375,-9.21128559112549,"Unknown"
"7014852",371861,2025-08-12 17:16:59,43.1557960510254,-9.21146583557129,"Unknown"
"7014852",371861,2025-08-12 17:21:58,43.1557426452637,-9.21148109436035,"Unknown"
"7014852",371861,2025-08-12 17:26:58,43.1557807922363,-9.21141815185547,"Unknown"
"7014852",371861,2025-08-12 17:32:00,43.1558647155762,-9.21168613433838,"Unknown"
"7014852",371861,2025-08-12 17:37:00,43.1557731628418,-9.2114200592041,"Unknown"
"7014852",371861,2025-08-12 17:41:57,43.1597633361816,-9.21163749694824,"Unknown"
"7014852",371861,2025-08-12 17:46:59,43.1508178710938,-9.21666622161865,"Unknown"
"7014852",371861,2025-08-12 17:52:07,43.1330337524414,-9.22872447967529,"Unknown"
"7014852",371861,2025-08-12 17:56:59,43.1386299133301,-9.21341800689697,"Unknown"
"7014852",371861,2025-08-12 18:02:17,43.155647277832,-9.21108627319336,"Unknown"
"7014852",371861,2025-08-12 18:06:59,43.1556434631348,-9.2111988067627,"Unknown"
"7014852",371861,2025-08-12 18:12:26,43.1557579040527,-9.21133518218994,"Unknown"
"7014852",371861,2025-08-12 18:17:09,43.1557998657227,-9.21137428283691,"Unknown"
"7014852",371861,2025-08-12 18:22:00,43.1647415161133,-9.21300315856934,"Unknown"
"7014852",371861,2025-08-12 18:27:07,43.1784133911133,-9.19043922424316,"Unknown"
"7014852",371861,2025-08-12 18:32:11,43.1955108642578,-9.16460037231445,"Unknown"
"7014852",371861,2025-08-12 18:36:59,43.2069892883301,-9.13976669311523,"Unknown"
"7014852",371861,2025-08-12 18:42:01,43.2075805664062,-9.10929679870605,"Unknown"
"7014852",371861,2025-08-12 18:47:00,43.2058486938477,-9.0795783996582,"Unknown"
"7014852",371861,2025-08-12 18:52:29,43.2099990844727,-9.05202579498291,"Unknown"
"7014852",371861,2025-08-12 18:57:27,43.2141151428223,-9.02757263183594,"Unknown"
"7014852",371861,2025-08-12 19:01:58,43.2178916931152,-9.00612640380859,"Unknown"
"7014852",371861,2025-08-12 19:06:58,43.2314987182617,-9.0039234161377,"Unknown"
"7014852",371861,2025-08-12 19:11:59,43.2341842651367,-9.0011568069458,"Unknown"
"7014852",371861,2025-08-12 19:16:59,43.2344245910645,-9.00126266479492,"Unknown"
"7014852",371861,2025-08-12 19:21:58,43.2316474914551,-9.0064582824707,"Unknown"
"7014852",371861,2025-08-12 19:27:00,43.2314682006836,-9.00695610046387,"Unknown"
"7014852",371861,2025-08-12 19:32:05,43.2314605712891,-9.00699901580811,"Unknown"
"7014852",371861,2025-08-12 19:36:59,43.2314376831055,-9.00692081451416,"Unknown"
"7014852",371861,2025-08-12 19:42:00,43.2314567565918,-9.00697708129883,"Unknown"
"7014852",371861,2025-08-12 19:47:04,43.2316360473633,-9.00675964355469,"Unknown"
"7014852",371861,2025-08-12 19:52:01,43.2314720153809,-9.00692462921143,"Unknown"
"7014852",371861,2025-08-12 19:56:59,43.2368774414062,-9.00591564178467,"Unknown"
"7014852",371861,2025-08-12 20:01:59,43.252555847168,-8.99243640899658,"Unknown"
"7014852",371861,2025-08-12 20:06:59,43.2760009765625,-8.98967933654785,"Unknown"
"7014852",371861,2025-08-12 20:12:00,43.2935676574707,-8.96892070770264,"Unknown"
"7014852",371861,2025-08-12 20:16:59,43.3087425231934,-8.9411563873291,"Unknown"
"7014852",371861,2025-08-12 20:21:59,43.3245544433594,-8.91437435150146,"Unknown"
"7014852",371861,2025-08-12 20:24:13,43.3317985534668,-8.90194511413574,"Unknown"
"7014852",371861,2025-08-13 01:24:35,43.3602714538574,-8.8412561416626,"Unknown"
"7014852",371861,2025-08-13 05:43:47,43.3619003295898,-8.84325218200684,"Unknown"
"7014852",371861,2025-08-13 05:48:53,43.3619194030762,-8.84340858459473,"Unknown"
"7014852",371861,2025-08-13 05:53:21,43.3622512817383,-8.84381294250488,"Unknown"
"7014852",371861,2025-08-13 05:58:24,43.3622894287109,-8.8436279296875,"Unknown"
"7014852",371861,2025-08-13 06:03:27,43.3619270324707,-8.84348773956299,"Unknown"
"7014852",371861,2025-08-13 06:08:21,43.3621368408203,-8.84364604949951,"Unknown"
"7014852",371861,2025-08-13 06:13:38,43.3620185852051,-8.84356880187988,"Unknown"
"7014852",371861,2025-08-13 06:18:23,43.3623809814453,-8.84288787841797,"Unknown"
"7014852",371861,2025-08-13 06:23:53,43.3619270324707,-8.84343910217285,"Unknown"
"7014852",371861,2025-08-13 06:28:23,43.361946105957,-8.8433837890625,"Unknown"
"7014852",371861,2025-08-13 06:33:28,43.3618850708008,-8.84345436096191,"Unknown"
"7014852",371861,2025-08-13 06:38:24,43.3619728088379,-8.84353923797607,"Unknown"
"7014852",371861,2025-08-13 06:43:20,43.3619613647461,-8.84336566925049,"Unknown"
"7014852",371861,2025-08-13 06:48:29,43.3619346618652,-8.84353256225586,"Unknown"
"7014852",371861,2025-08-13 06:53:24,43.3619117736816,-8.84334945678711,"Unknown"
"7014852",371861,2025-08-13 06:58:28,43.3619651794434,-8.84344005584717,"Unknown"
"7014852",371861,2025-08-13 07:03:28,43.3619384765625,-8.84353828430176,"Unknown"
"7014852",371861,2025-08-13 07:08:29,43.3619270324707,-8.84356594085693,"Unknown"
"7014852",371861,2025-08-13 07:13:25,43.3619537353516,-8.84359264373779,"Unknown"
"7014852",371861,2025-08-13 07:18:28,43.3619499206543,-8.84365177154541,"Unknown"
"7014852",371861,2025-08-13 07:23:24,43.3627624511719,-8.84199619293213,"Unknown"
"7014852",371861,2025-08-13 07:28:43,43.3608093261719,-8.84867858886719,"Unknown"
"7014852",371861,2025-08-13 07:33:21,43.3608055114746,-8.84821224212646,"Unknown"
"7014852",371861,2025-08-13 07:38:21,43.3607749938965,-8.8486385345459,"Unknown"
"7014852",371861,2025-08-13 07:43:23,43.3577308654785,-8.84796047210693,"Unknown"
"7014852",371861,2025-08-13 07:48:44,43.3298416137695,-8.8537015914917,"Unknown"
"7014852",371861,2025-08-13 07:53:33,43.3144569396973,-8.85599327087402,"Unknown"
"7014852",371861,2025-08-13 07:58:44,43.3145332336426,-8.85685348510742,"Unknown"
"7014852",371861,2025-08-13 08:03:23,43.3146896362305,-8.85703945159912,"Unknown"
"7014852",371861,2025-08-13 08:08:25,43.3100700378418,-8.8582706451416,"Unknown"
"7014852",371861,2025-08-13 08:13:22,43.2836494445801,-8.86207962036133,"Unknown"
"7014852",371861,2025-08-13 08:18:28,43.2763137817383,-8.85221672058105,"Unknown"
"7014852",371861,2025-08-13 08:23:27,43.2763328552246,-8.85221099853516,"Unknown"
"7014852",371861,2025-08-13 08:28:29,43.2763137817383,-8.85235595703125,"Unknown"
"7014852",371861,2025-08-13 08:33:28,43.2763061523438,-8.85226345062256,"Unknown"
"7014852",371861,2025-08-13 08:38:24,43.2761726379395,-8.85233116149902,"Unknown"
"7014852",371861,2025-08-13 08:43:25,43.2762680053711,-8.85221290588379,"Unknown"
"7014852",371861,2025-08-13 08:48:44,43.2763595581055,-8.85205936431885,"Unknown"
"7014852",371861,2025-08-13 08:53:44,43.2763137817383,-8.85230445861816,"Unknown"
"7014852",371861,2025-08-13 08:58:21,43.276496887207,-8.85233688354492,"Unknown"
"7014852",371861,2025-08-13 09:03:24,43.2761993408203,-8.85223388671875,"Unknown"
"7014852",371861,2025-08-13 09:08:43,43.2763862609863,-8.85249996185303,"Unknown"
"7014852",371861,2025-08-13 09:13:37,43.2758483886719,-8.85237407684326,"Unknown"
"7014852",371861,2025-08-13 09:18:34,43.2761497497559,-8.85225200653076,"Unknown"
"7014852",371861,2025-08-13 09:23:27,43.2763862609863,-8.85238170623779,"Unknown"
"7014852",371861,2025-08-13 09:28:24,43.2747192382812,-8.84650421142578,"Unknown"
"7014852",371861,2025-08-13 09:33:44,43.2759742736816,-8.85258960723877,"Unknown"
"7014852",371861,2025-08-13 09:38:53,43.2759284973145,-8.85253715515137,"Unknown"
"7014852",371861,2025-08-13 09:43:20,43.2758407592773,-8.85258674621582,"Unknown"
"7014852",371861,2025-08-13 09:48:22,43.2759323120117,-8.85243701934814,"Unknown"
"7014852",371861,2025-08-13 09:53:21,43.2822875976562,-8.87372779846191,"Unknown"
"7014852",371861,2025-08-13 09:58:20,43.2866172790527,-8.89535617828369,"Unknown"
"7014852",371861,2025-08-13 10:03:21,43.2902526855469,-8.90726757049561,"Unknown"
"7014852",371861,2025-08-13 10:08:21,43.2854804992676,-8.95002746582031,"Unknown"
"7014852",371861,2025-08-13 10:13:20,43.2618103027344,-8.98295211791992,"Unknown"
"7014852",371861,2025-08-13 10:18:21,43.2539939880371,-8.99234771728516,"Unknown"
"7014852",371861,2025-08-13 10:23:21,43.242244720459,-9.0506067276001,"Unknown"
"7014852",371861,2025-08-13 10:28:22,43.214771270752,-9.09069156646729,"Unknown"
"7014852",371861,2025-08-13 10:33:30,43.1839179992676,-9.09291648864746,"Unknown"
"7014852",371861,2025-08-13 10:38:25,43.1838912963867,-9.09292697906494,"Unknown"
"7014852",371861,2025-08-13 10:43:20,43.1838874816895,-9.09304714202881,"Unknown"
"7014852",371861,2025-08-13 10:48:20,43.1839294433594,-9.09299945831299,"Unknown"
"7014852",371861,2025-08-13 10:53:20,43.1838798522949,-9.09287452697754,"Unknown"
"7014852",371861,2025-08-13 10:58:21,43.1838531494141,-9.09292030334473,"Unknown"
"7014852",371861,2025-08-13 11:03:21,43.183910369873,-9.09293842315674,"Unknown"
"7014852",371861,2025-08-13 11:08:20,43.1838607788086,-9.09298801422119,"Unknown"
"7014852",371861,2025-08-13 11:13:20,43.1838684082031,-9.09287166595459,"Unknown"
"7014852",371861,2025-08-13 11:18:24,43.1840057373047,-9.09297275543213,"Unknown"
"7014852",371861,2025-08-13 11:23:21,43.1831474304199,-9.0927848815918,"Unknown"
"7014852",371861,2025-08-13 11:28:38,43.1833457946777,-9.09271907806396,"Unknown"
"7014852",371861,2025-08-13 11:33:21,43.1836204528809,-9.09302043914795,"Unknown"
"7014852",371861,2025-08-13 11:38:24,43.183162689209,-9.09280967712402,"Unknown"
"7014852",371861,2025-08-13 11:43:23,43.1831932067871,-9.09289264678955,"Unknown"
"7014852",371861,2025-08-13 11:48:25,43.1826782226562,-9.09236526489258,"Unknown"
"7014852",371861,2025-08-13 11:53:23,43.1827735900879,-9.09238052368164,"Unknown"
"7014852",371861,2025-08-13 11:58:22,43.1830596923828,-9.09253692626953,"Unknown"
"7014852",371861,2025-08-13 12:03:43,43.1830902099609,-9.09271621704102,"Unknown"
"7014852",371861,2025-08-13 12:08:20,43.1831741333008,-9.09282112121582,"Unknown"
"7014852",371861,2025-08-13 12:13:20,43.1839408874512,-9.09330654144287,"Unknown"
"7014852",371861,2025-08-13 12:18:20,43.1830291748047,-9.09266757965088,"Unknown"
"7014852",371861,2025-08-13 12:23:20,43.1830253601074,-9.09274196624756,"Unknown"
"7014852",371861,2025-08-13 12:28:21,43.1833457946777,-9.09258460998535,"Unknown"
"7014852",371861,2025-08-13 12:33:21,43.1832466125488,-9.09260559082031,"Unknown"
"7014852",371861,2025-08-13 12:38:35,43.1831703186035,-9.09252834320068,"Unknown"
"7014852",371861,2025-08-13 12:43:27,43.1836776733398,-9.09255886077881,"Unknown"
"7014852",371861,2025-08-13 12:48:45,43.1836929321289,-9.09284400939941,"Unknown"
"7014852",371861,2025-08-13 12:53:45,43.1874961853027,-9.0997486114502,"Unknown"
"7014852",371861,2025-08-13 12:58:38,43.1875877380371,-9.09974002838135,"Unknown"
"7014852",371861,2025-08-13 13:03:29,43.1880950927734,-9.1005163192749,"Unknown"
"7014852",371861,2025-08-13 13:08:43,43.1885070800781,-9.10068893432617,"Unknown"
"7014852",371861,2025-08-13 13:13:53,43.1881637573242,-9.10008525848389,"Unknown"
"7014852",371861,2025-08-13 13:18:37,43.1882820129395,-9.10027885437012,"Unknown"
"7014852",371861,2025-08-13 13:23:38,43.1883354187012,-9.1002893447876,"Unknown"
"7014852",371861,2025-08-13 13:28:25,43.1882820129395,-9.10019683837891,"Unknown"
"7014852",371861,2025-08-13 13:33:44,43.1882247924805,-9.10027885437012,"Unknown"
"7014852",371861,2025-08-13 13:38:22,43.1881332397461,-9.10025978088379,"Unknown"
"7014852",371861,2025-08-13 13:43:25,43.1883354187012,-9.10040378570557,"Unknown"
"7014852",371861,2025-08-13 13:48:21,43.1882934570312,-9.10023975372314,"Unknown"
"7014852",371861,2025-08-13 13:53:22,43.1884155273438,-9.1003246307373,"Unknown"
"7014852",371861,2025-08-13 13:58:21,43.187370300293,-9.09949493408203,"Unknown"
"7014852",371861,2025-08-13 14:03:30,43.1827545166016,-9.09248733520508,"Unknown"
"7014852",371861,2025-08-13 14:08:23,43.1827545166016,-9.09252262115479,"Unknown"
"7014852",371861,2025-08-13 14:13:35,43.1826782226562,-9.09253215789795,"Unknown"
"7014852",371861,2025-08-13 14:18:31,43.1832160949707,-9.09258556365967,"Unknown"
"7014852",371861,2025-08-13 14:23:53,43.1831398010254,-9.09267902374268,"Unknown"
"7014852",371861,2025-08-13 14:28:20,43.1823616027832,-9.0921745300293,"Unknown"
"7014852",371861,2025-08-13 14:33:20,43.1823997497559,-9.0919713973999,"Unknown"
"7014852",371861,2025-08-13 14:38:22,43.1824417114258,-9.0919361114502,"Unknown"
"7014852",371861,2025-08-13 14:43:20,43.1832008361816,-9.09279632568359,"Unknown"
"7014852",371861,2025-08-13 14:48:25,43.183536529541,-9.0929069519043,"Unknown"
"7014852",371861,2025-08-13 14:53:24,43.1835632324219,-9.09285068511963,"Unknown"
"7014852",371861,2025-08-13 14:58:20,43.1838912963867,-9.09294033050537,"Unknown"
"7014852",371861,2025-08-13 15:03:20,43.1839942932129,-9.09294509887695,"Unknown"
"7014852",371861,2025-08-13 15:08:25,43.1840438842773,-9.09288692474365,"Unknown"
"7014852",371861,2025-08-13 15:13:22,43.1839218139648,-9.09298133850098,"Unknown"
"7014852",371861,2025-08-13 15:18:21,43.1842231750488,-9.09311103820801,"Unknown"
"7014852",371861,2025-08-13 15:23:29,43.1839408874512,-9.09296321868896,"Unknown"
"7014852",371861,2025-08-13 15:28:22,43.184944152832,-9.09447383880615,"Unknown"
"7014852",371861,2025-08-13 15:33:44,43.1839752197266,-9.09288883209229,"Unknown"
"7014852",371861,2025-08-13 15:38:20,43.1838989257812,-9.09284591674805,"Unknown"
"7014852",371861,2025-08-13 15:43:21,43.1839637756348,-9.09290981292725,"Unknown"
"7014852",371861,2025-08-13 15:48:21,43.1839904785156,-9.09290409088135,"Unknown"
"7014852",371861,2025-08-13 15:53:21,43.1839485168457,-9.09296894073486,"Unknown"
"7014852",371861,2025-08-13 15:58:21,43.1839370727539,-9.09298706054688,"Unknown"
"7014852",371861,2025-08-13 16:03:20,43.1839828491211,-9.09289646148682,"Unknown"
"7014852",371861,2025-08-13 16:08:20,43.1839370727539,-9.0929594039917,"Unknown"
"7014852",371861,2025-08-13 16:13:20,43.1877708435059,-9.0967321395874,"Unknown"
"7014852",371861,2025-08-13 16:18:23,43.1874389648438,-9.09583377838135,"Unknown"
"7014852",371861,2025-08-13 16:23:23,43.1832542419434,-9.09342765808105,"Unknown"
"7014852",371861,2025-08-13 16:28:27,43.1832275390625,-9.09321880340576,"Unknown"
"7014852",371861,2025-08-13 16:33:33,43.184009552002,-9.09268474578857,"Unknown"
"7014852",371861,2025-08-13 16:38:33,43.1830444335938,-9.09284687042236,"Unknown"
"7014852",371861,2025-08-13 16:43:33,43.1831359863281,-9.09264659881592,"Unknown"
"7014852",371861,2025-08-13 16:48:44,43.1831588745117,-9.09275150299072,"Unknown"
"7014852",371861,2025-08-13 16:53:28,43.183048248291,-9.09263610839844,"Unknown"
"7014852",371861,2025-08-13 16:58:25,43.1835250854492,-9.09292697906494,"Unknown"
"7014852",371861,2025-08-13 17:03:30,43.1839561462402,-9.09249401092529,"Unknown"
"7014852",371861,2025-08-13 17:08:30,43.1839065551758,-9.09279727935791,"Unknown"
"7014852",371861,2025-08-13 17:13:53,43.1839218139648,-9.09291934967041,"Unknown"
"7014852",371861,2025-08-13 17:18:20,43.183967590332,-9.09294891357422,"Unknown"
"7014852",371861,2025-08-13 17:23:21,43.1840057373047,-9.09295177459717,"Unknown"
"7014852",371861,2025-08-13 17:28:20,43.1838455200195,-9.09286117553711,"Unknown"
"7014852",371861,2025-08-13 17:33:21,43.1831398010254,-9.09271240234375,"Unknown"
"7014852",371861,2025-08-13 17:38:21,43.1830749511719,-9.09347248077393,"Unknown"
"7014852",371861,2025-08-13 17:43:22,43.183837890625,-9.0930643081665,"Unknown"
"7014852",371861,2025-08-13 17:48:22,43.1837310791016,-9.09300899505615,"Unknown"
"7014852",371861,2025-08-13 17:53:22,43.1857070922852,-9.0906925201416,"Unknown"
"7014852",371861,2025-08-13 17:58:23,43.195873260498,-9.0685567855835,"Unknown"
"7014852",371861,2025-08-13 18:03:27,43.2100601196289,-9.04577159881592,"Unknown"
"7014852",371861,2025-08-13 18:08:21,43.2142639160156,-9.02302551269531,"Unknown"
"7014852",371861,2025-08-13 18:13:24,43.226505279541,-9.00443649291992,"Unknown"
"7014852",371861,2025-08-13 18:18:23,43.2432670593262,-8.99386501312256,"Unknown"
"7014852",371861,2025-08-13 18:23:24,43.2473754882812,-8.98889064788818,"Unknown"
"7014852",371861,2025-08-13 18:28:23,43.2472724914551,-8.98926067352295,"Unknown"
"7014852",371861,2025-08-13 18:33:22,43.2461585998535,-8.97788143157959,"Unknown"
"7014852",371861,2025-08-13 18:38:21,43.260570526123,-8.96249294281006,"Unknown"
"7014852",371861,2025-08-13 18:43:21,43.2500190734863,-8.97088432312012,"Unknown"
"7014852",371861,2025-08-13 18:48:21,43.2489128112793,-8.96903896331787,"Unknown"
"7014852",371861,2025-08-13 18:53:27,43.2498054504395,-8.96867370605469,"Unknown"
"7014852",371861,2025-08-13 18:58:30,43.2542839050293,-8.96639633178711,"Unknown"
"7014852",371861,2025-08-13 19:03:22,43.2745056152344,-8.98896026611328,"Unknown"
"7014852",371861,2025-08-13 19:08:44,43.284553527832,-8.96770000457764,"Unknown"
"7014852",371861,2025-08-13 19:13:21,43.2893447875977,-8.94559192657471,"Unknown"
"7014852",371861,2025-08-13 19:18:21,43.292049407959,-8.92275619506836,"Unknown"
"7014852",371861,2025-08-13 19:23:22,43.3159942626953,-8.91395568847656,"Unknown"
"7014852",371861,2025-08-13 19:28:22,43.3188133239746,-8.89625549316406,"Unknown"
"7014852",371861,2025-08-13 19:33:23,43.3214569091797,-8.87172031402588,"Unknown"
"7014852",371861,2025-08-13 19:38:22,43.3337898254395,-8.85334587097168,"Unknown"
"7014852",371861,2025-08-13 19:43:22,43.3546867370605,-8.84982395172119,"Unknown"
"7014852",371861,2025-08-13 19:48:44,43.3619194030762,-8.83993911743164,"Unknown"
"7014852",371861,2025-08-13 19:53:23,43.3633003234863,-8.84185123443604,"Unknown"
"7014852",371861,2025-08-13 19:58:31,43.3615646362305,-8.84389400482178,"Unknown"
"7014852",371861,2025-08-13 20:03:31,43.3618545532227,-8.8435230255127,"Unknown"
"7014852",371861,2025-08-13 20:08:27,43.3618278503418,-8.84344387054443,"Unknown"
"7014852",371861,2025-08-13 20:13:24,43.361141204834,-8.84145927429199,"Unknown"
"7014852",371861,2025-08-13 20:18:38,43.3606872558594,-8.84171199798584,"Unknown"
"7014852",371861,2025-08-13 20:22:27,43.3603477478027,-8.84147834777832,"Unknown"
"7014852",371861,2025-08-14 01:22:44,43.3602828979492,-8.84146595001221,"Unknown"
"7014852",371861,2025-08-14 05:44:29,43.319206237793,-8.89774703979492,"Unknown"
"7014852",371861,2025-08-14 05:48:52,43.2882118225098,-8.93685436248779,"Unknown"
"7014852",371861,2025-08-14 05:53:53,43.2816390991211,-8.98004341125488,"Unknown"
"7014852",371861,2025-08-14 05:58:52,43.2465209960938,-8.98920345306396,"Unknown"
"7014852",371861,2025-08-14 06:03:52,43.2199363708496,-9.00932884216309,"Unknown"
"7014852",371861,2025-08-14 06:08:52,43.1969337463379,-9.06407165527344,"Unknown"
"7014852",371861,2025-08-14 06:13:53,43.1838531494141,-9.09310340881348,"Unknown"
"7014852",371861,2025-08-14 06:18:53,43.183292388916,-9.0932788848877,"Unknown"
"7014852",371861,2025-08-14 06:23:53,43.1850509643555,-9.09323978424072,"Unknown"
"7014852",371861,2025-08-14 06:28:52,43.1843185424805,-9.09274768829346,"Unknown"
"7014852",371861,2025-08-14 06:33:58,43.1829719543457,-9.09295845031738,"Unknown"
"7014852",371861,2025-08-14 06:38:57,43.182788848877,-9.0927734375,"Unknown"
"7014852",371861,2025-08-14 06:43:55,43.1830215454102,-9.09269142150879,"Unknown"
"7014852",371861,2025-08-14 06:48:52,43.1818656921387,-9.09241008758545,"Unknown"
"7014852",371861,2025-08-14 06:54:00,43.1827049255371,-9.09263706207275,"Unknown"
"7014852",371861,2025-08-14 06:58:54,43.1827926635742,-9.09262943267822,"Unknown"
"7014852",371861,2025-08-14 07:03:53,43.1831398010254,-9.09273147583008,"Unknown"
"7014852",371861,2025-08-14 07:08:57,43.1827926635742,-9.09240341186523,"Unknown"
"7014852",371861,2025-08-14 07:13:57,43.1828651428223,-9.09076499938965,"Unknown"
"7014852",371861,2025-08-14 07:18:54,43.1826591491699,-9.09233283996582,"Unknown"
"7014852",371861,2025-08-14 07:23:53,43.1832389831543,-9.09264373779297,"Unknown"
"7014852",371861,2025-08-14 07:28:54,43.1832046508789,-9.09292697906494,"Unknown"
"7014852",371861,2025-08-14 07:33:56,43.183650970459,-9.09338283538818,"Unknown"
"7014852",371861,2025-08-14 07:39:06,43.1833610534668,-9.09264183044434,"Unknown"
"7014852",371861,2025-08-14 07:43:52,43.1836585998535,-9.09264659881592,"Unknown"
"7014852",371861,2025-08-14 07:48:57,43.1833267211914,-9.09276676177979,"Unknown"
"7014852",371861,2025-08-14 07:53:54,43.1837120056152,-9.09343814849854,"Unknown"
"7014852",371861,2025-08-14 07:58:55,43.1840629577637,-9.09300327301025,"Unknown"
"7014852",371861,2025-08-14 08:03:59,43.1840896606445,-9.09289264678955,"Unknown"
"7014852",371861,2025-08-14 08:09:01,43.1839866638184,-9.09300327301025,"Unknown"
"7014852",371861,2025-08-14 08:14:02,43.182315826416,-9.09111309051514,"Unknown"
"7014852",371861,2025-08-14 08:19:05,43.1832542419434,-9.09235954284668,"Unknown"
"7014852",371861,2025-08-14 08:24:06,43.1829566955566,-9.09224987030029,"Unknown"
"7014852",371861,2025-08-14 08:29:01,43.1828880310059,-9.09270286560059,"Unknown"
"7014852",371861,2025-08-14 08:34:04,43.1829299926758,-9.09230136871338,"Unknown"
"7014852",371861,2025-08-14 08:39:15,43.1827507019043,-9.09200382232666,"Unknown"
"7014852",371861,2025-08-14 08:44:11,43.1829261779785,-9.09244251251221,"Unknown"
"7014852",371861,2025-08-14 08:48:59,43.1830635070801,-9.09216785430908,"Unknown"
"7014852",371861,2025-08-14 08:54:07,43.183048248291,-9.09255409240723,"Unknown"
"7014852",371861,2025-08-14 08:59:04,43.1837539672852,-9.09308910369873,"Unknown"
"7014852",371861,2025-08-14 09:04:06,43.1836471557617,-9.09305286407471,"Unknown"
"7014852",371861,2025-08-14 09:09:06,43.1838684082031,-9.09256553649902,"Unknown"
"7014852",371861,2025-08-14 09:13:59,43.1843795776367,-9.09257125854492,"Unknown"
"7014852",371861,2025-08-14 09:19:07,43.1845703125,-9.09236145019531,"Unknown"
"7014852",371861,2025-08-14 09:24:06,43.1847076416016,-9.09234428405762,"Unknown"
"7014852",371861,2025-08-14 09:29:11,43.1842079162598,-9.09264373779297,"Unknown"
"7014852",371861,2025-08-14 09:34:35,43.1835632324219,-9.09307956695557,"Unknown"
"7014852",371861,2025-08-14 09:39:03,43.1835632324219,-9.09281349182129,"Unknown"
"7014852",371861,2025-08-14 09:43:58,43.1846809387207,-9.09261131286621,"Unknown"
"7014852",371861,2025-08-14 09:48:59,43.184741973877,-9.09253215789795,"Unknown"
"7014852",371861,2025-08-14 09:54:01,43.1847839355469,-9.09258270263672,"Unknown"
"7014852",371861,2025-08-14 09:59:00,43.1847114562988,-9.0924596786499,"Unknown"
"7014852",371861,2025-08-14 10:04:06,43.1847267150879,-9.09251117706299,"Unknown"
"7014852",371861,2025-08-14 10:09:01,43.1839256286621,-9.09296035766602,"Unknown"
"7014852",371861,2025-08-14 10:13:59,43.1838340759277,-9.09273147583008,"Unknown"
"7014852",371861,2025-08-14 10:19:01,43.1839256286621,-9.09286403656006,"Unknown"
"7014852",371861,2025-08-14 10:23:59,43.1839218139648,-9.09297180175781,"Unknown"
"7014852",371861,2025-08-14 10:29:05,43.1839637756348,-9.09298610687256,"Unknown"
"7014852",371861,2025-08-14 10:34:15,43.1839218139648,-9.09298515319824,"Unknown"
"7014852",371861,2025-08-14 10:38:59,43.1834678649902,-9.09283447265625,"Unknown"
"7014852",371861,2025-08-14 10:44:01,43.1827850341797,-9.09240818023682,"Unknown"
"7014852",371861,2025-08-14 10:49:01,43.1839904785156,-9.09296321868896,"Unknown"
"7014852",371861,2025-08-14 10:53:59,43.1839752197266,-9.09298229217529,"Unknown"
"7014852",371861,2025-08-14 10:58:58,43.1839141845703,-9.09301090240479,"Unknown"
"7014852",371861,2025-08-14 11:03:59,43.1839866638184,-9.09296035766602,"Unknown"
"7014852",371861,2025-08-14 11:09:05,43.1839027404785,-9.09295749664307,"Unknown"
"7014852",371861,2025-08-14 11:14:04,43.1838264465332,-9.09286212921143,"Unknown"
"7014852",371861,2025-08-14 11:19:02,43.1838150024414,-9.09285259246826,"Unknown"
"7014852",371861,2025-08-14 11:24:04,43.183952331543,-9.09293174743652,"Unknown"
"7014852",371861,2025-08-14 11:29:00,43.1832008361816,-9.09287929534912,"Unknown"
"7014852",371861,2025-08-14 11:35:05,43.1829452514648,-9.092698097229,"Unknown"
"7014852",371861,2025-08-14 11:38:58,43.1826858520508,-9.09224128723145,"Unknown"
"7014852",371861,2025-08-14 11:43:58,43.1824531555176,-9.09186935424805,"Unknown"
"7014852",371861,2025-08-14 11:48:59,43.1830940246582,-9.0925350189209,"Unknown"
"7014852",371861,2025-08-14 11:53:58,43.1829643249512,-9.09262371063232,"Unknown"
"7014852",371861,2025-08-14 11:58:59,43.18310546875,-9.09257316589355,"Unknown"
"7014852",371861,2025-08-14 12:03:59,43.1831817626953,-9.09267902374268,"Unknown"
"7014852",371861,2025-08-14 12:09:16,43.1830825805664,-9.09250354766846,"Unknown"
"7014852",371861,2025-08-14 12:14:01,43.1836090087891,-9.09300708770752,"Unknown"
"7014852",371861,2025-08-14 12:19:02,43.183536529541,-9.09331130981445,"Unknown"
"7014852",371861,2025-08-14 12:24:03,43.1834297180176,-9.09249496459961,"Unknown"
"7014852",371861,2025-08-14 12:29:08,43.1833953857422,-9.09288120269775,"Unknown"
"7014852",371861,2025-08-14 12:34:06,43.1832313537598,-9.09292984008789,"Unknown"
"7014852",371861,2025-08-14 12:39:00,43.1879653930664,-9.10054874420166,"Unknown"
"7014852",371861,2025-08-14 12:43:59,43.1880493164062,-9.10065746307373,"Unknown"
"7014852",371861,2025-08-14 12:49:05,43.1883277893066,-9.10037231445312,"Unknown"
"7014852",371861,2025-08-14 12:53:59,43.1883964538574,-9.10032653808594,"Unknown"
"7014852",371861,2025-08-14 12:59:02,43.1885643005371,-9.10079383850098,"Unknown"
"7014852",371861,2025-08-14 13:04:13,43.1883316040039,-9.10025882720947,"Unknown"
"7014852",371861,2025-08-14 13:09:03,43.1886215209961,-9.10087013244629,"Unknown"
"7014852",371861,2025-08-14 13:14:00,43.1884422302246,-9.10042667388916,"Unknown"
"7014852",371861,2025-08-14 13:19:06,43.1883888244629,-9.10039138793945,"Unknown"
"7014852",371861,2025-08-14 13:24:03,43.1884536743164,-9.10044097900391,"Unknown"
"7014852",371861,2025-08-14 13:29:03,43.1884994506836,-9.10050868988037,"Unknown"
"7014852",371861,2025-08-14 13:34:06,43.1875839233398,-9.09995651245117,"Unknown"
"7014852",371861,2025-08-14 13:39:03,43.1900024414062,-9.10140609741211,"Unknown"
"7014852",371861,2025-08-14 13:44:02,43.1900939941406,-9.10129642486572,"Unknown"
"7014852",371861,2025-08-14 13:49:14,43.190071105957,-9.10128116607666,"Unknown"
"7014852",371861,2025-08-14 13:54:00,43.1900634765625,-9.10131168365479,"Unknown"
"7014852",371861,2025-08-14 13:59:02,43.1899375915527,-9.10103130340576,"Unknown"
"7014852",371861,2025-08-14 14:04:01,43.1900405883789,-9.10133934020996,"Unknown"
"7014852",371861,2025-08-14 14:09:02,43.1900100708008,-9.10126686096191,"Unknown"
"7014852",371861,2025-08-14 14:14:02,43.1899566650391,-9.10118198394775,"Unknown"
"7014852",371861,2025-08-14 14:19:02,43.1900215148926,-9.1012716293335,"Unknown"
"7014852",371861,2025-08-14 14:24:01,43.1899604797363,-9.10120868682861,"Unknown"
"7014852",371861,2025-08-14 14:29:01,43.1899375915527,-9.10119438171387,"Unknown"
"7014852",371861,2025-08-14 14:34:02,43.1899147033691,-9.10116004943848,"Unknown"
"7014852",371861,2025-08-14 14:39:02,43.1898765563965,-9.10115718841553,"Unknown"
"7014852",371861,2025-08-14 14:44:02,43.1898155212402,-9.10110569000244,"Unknown"
"7014852",371861,2025-08-14 14:49:14,43.1874351501465,-9.09965991973877,"Unknown"
"7014852",371861,2025-08-14 14:54:10,43.1901588439941,-9.10122871398926,"Unknown"
"7014852",371861,2025-08-14 14:59:06,43.1900749206543,-9.10129356384277,"Unknown"
"7014852",371861,2025-08-14 15:04:07,43.1899833679199,-9.10120296478271,"Unknown"
"7014852",371861,2025-08-14 15:09:06,43.1900634765625,-9.10128021240234,"Unknown"
"7014852",371861,2025-08-14 15:14:04,43.1899871826172,-9.10139942169189,"Unknown"
"7014852",371861,2025-08-14 15:19:09,43.1899108886719,-9.10116577148438,"Unknown"
"7014852",371861,2025-08-14 15:24:06,43.1899909973145,-9.10138511657715,"Unknown"
"7014852",371861,2025-08-14 15:29:12,43.1894989013672,-9.09970855712891,"Unknown"
"7014852",371861,2025-08-14 15:34:09,43.1868133544922,-9.09064960479736,"Unknown"
"7014852",371861,2025-08-14 15:39:11,43.182933807373,-9.06041622161865,"Unknown"
"7014852",371861,2025-08-14 15:44:33,43.2024879455566,-9.03282451629639,"Unknown"
"7014852",371861,2025-08-14 15:49:01,43.2132377624512,-9.0264196395874,"Unknown"
"7014852",371861,2025-08-14 15:54:01,43.2152786254883,-8.99930381774902,"Unknown"
"7014852",371861,2025-08-14 15:59:04,43.2219085693359,-9.00548458099365,"Unknown"
"7014852",371861,2025-08-14 16:04:07,43.2219657897949,-9.00572395324707,"Unknown"
"7014852",371861,2025-08-14 16:09:14,43.2220726013184,-9.00520610809326,"Unknown"
"7014852",371861,2025-08-14 16:14:14,43.2220840454102,-9.00526332855225,"Unknown"
"7014852",371861,2025-08-14 16:19:09,43.2220077514648,-9.00527858734131,"Unknown"
"7014852",371861,2025-08-14 16:24:01,43.2218208312988,-9.0053596496582,"Unknown"
"7014852",371861,2025-08-14 16:29:00,43.2359962463379,-8.99801540374756,"Unknown"
"7014852",371861,2025-08-14 16:34:03,43.2575721740723,-8.98956394195557,"Unknown"
"7014852",371861,2025-08-14 16:39:09,43.2771186828613,-8.98498249053955,"Unknown"
"7014852",371861,2025-08-14 16:44:01,43.2859153747559,-8.96559906005859,"Unknown"
"7014852",371861,2025-08-14 16:49:02,43.2909851074219,-8.951735496521,"Unknown"
"7014852",371861,2025-08-14 16:55:05,43.2989730834961,-8.91934490203857,"Unknown"
"7014852",371861,2025-08-14 16:59:00,43.304859161377,-8.90813064575195,"Unknown"
"7014852",371861,2025-08-14 17:04:00,43.3199119567871,-8.89890956878662,"Unknown"
"7014852",371861,2025-08-14 17:09:01,43.3249435424805,-8.86843013763428,"Unknown"
"7014852",371861,2025-08-14 17:14:04,43.3281402587891,-8.85968017578125,"Unknown"
"7014852",371861,2025-08-14 17:19:04,43.351505279541,-8.85083293914795,"Unknown"
"7014852",371861,2025-08-14 17:24:04,43.3625831604004,-8.84220886230469,"Unknown"
"7014852",371861,2025-08-14 17:29:03,43.3628692626953,-8.84253883361816,"Unknown"
"7014852",371861,2025-08-14 17:34:09,43.3626556396484,-8.84224987030029,"Unknown"
"7014852",371861,2025-08-14 17:39:09,43.3626480102539,-8.84232902526855,"Unknown"
"7014852",371861,2025-08-14 17:44:13,43.3620338439941,-8.84340381622314,"Unknown"
"7014852",371861,2025-08-14 17:49:00,43.3617858886719,-8.84296989440918,"Unknown"
"7014852",371861,2025-08-14 17:54:00,43.3619804382324,-8.84343338012695,"Unknown"
"7014852",371861,2025-08-14 17:59:04,43.3618392944336,-8.84371471405029,"Unknown"
"7014852",371861,2025-08-14 18:04:02,43.3616676330566,-8.84366035461426,"Unknown"
"7014852",371861,2025-08-14 18:09:04,43.3615417480469,-8.84316825866699,"Unknown"
"7014852",371861,2025-08-14 18:14:04,43.361701965332,-8.84286212921143,"Unknown"
"7014852",371861,2025-08-14 18:19:14,43.3623962402344,-8.84328174591064,"Unknown"
"7014852",371861,2025-08-14 18:24:02,43.3622894287109,-8.84294414520264,"Unknown"
"7014852",371861,2025-08-14 18:29:06,43.3619651794434,-8.84317970275879,"Unknown"
"7014852",371861,2025-08-14 18:34:01,43.362060546875,-8.84334754943848,"Unknown"
"7014852",371861,2025-08-14 18:39:09,43.3619995117188,-8.84340667724609,"Unknown"
"7014852",371861,2025-08-14 18:44:00,43.361930847168,-8.84356212615967,"Unknown"
"7014852",371861,2025-08-14 18:49:14,43.361930847168,-8.84338188171387,"Unknown"
"7014852",371861,2025-08-14 18:54:00,43.3620529174805,-8.84343814849854,"Unknown"
"7014852",371861,2025-08-14 18:59:09,43.3620071411133,-8.84329319000244,"Unknown"
"7014852",371861,2025-08-14 19:04:03,43.3620147705078,-8.84332466125488,"Unknown"
"7014852",371861,2025-08-14 19:09:07,43.3620414733887,-8.84322166442871,"Unknown"
"7014852",371861,2025-08-14 19:14:03,43.3620719909668,-8.84329986572266,"Unknown"
"7014852",371861,2025-08-14 19:19:09,43.3618850708008,-8.84320068359375,"Unknown"
"7014852",371861,2025-08-14 19:24:06,43.3619613647461,-8.8432092666626,"Unknown"
"7014852",371861,2025-08-14 19:29:06,43.3618545532227,-8.84354591369629,"Unknown"
"7014852",371861,2025-08-14 19:34:35,43.3618774414062,-8.84318828582764,"Unknown"
"7014852",371861,2025-08-14 19:39:00,43.3619384765625,-8.84337425231934,"Unknown"
"7014852",371861,2025-08-14 19:44:00,43.3617973327637,-8.84326839447021,"Unknown"
"7014852",371861,2025-08-14 19:49:00,43.3620643615723,-8.8410758972168,"Unknown"
"7014852",371861,2025-08-14 19:54:01,43.3606834411621,-8.84320068359375,"Unknown"
"7014852",371861,2025-08-14 19:59:00,43.3617134094238,-8.8396635055542,"Unknown"
"7014852",371861,2025-08-14 20:04:00,43.3609886169434,-8.83738708496094,"Unknown"
"7014852",371861,2025-08-14 20:09:02,43.3604888916016,-8.84139633178711,"Unknown"
"7014852",371861,2025-08-14 20:14:03,43.3601989746094,-8.84101390838623,"Unknown"
"7014852",371861,2025-08-14 20:20:49,43.3603248596191,-8.84120273590088,"Unknown"
"7014852",371861,2025-08-15 01:21:23,43.3602180480957,-8.8413610458374,"Unknown"
"7014852",371861,2025-08-15 05:46:26,43.2547569274902,-9.01005172729492,"Unknown"
"7014852",371861,2025-08-15 05:50:16,43.2321357727051,-9.0269889831543,"Unknown"
"7014852",371861,2025-08-15 05:55:16,43.2093467712402,-9.05735301971436,"Unknown"
"7014852",371861,2025-08-15 06:01:15,43.1844329833984,-9.09177303314209,"Unknown"
"7014852",371861,2025-08-15 06:05:15,43.1833190917969,-9.09262466430664,"Unknown"
"7014852",371861,2025-08-15 06:10:16,43.1827812194824,-9.09333610534668,"Unknown"
"7014852",371861,2025-08-15 06:15:17,43.1829566955566,-9.09269714355469,"Unknown"
"7014852",371861,2025-08-15 06:20:23,43.18310546875,-9.09262180328369,"Unknown"
"7014852",371861,2025-08-15 06:25:21,43.183967590332,-9.09295463562012,"Unknown"
"7014852",371861,2025-08-15 06:30:14,43.1837692260742,-9.09299850463867,"Unknown"
"7014852",371861,2025-08-15 06:35:14,43.1840286254883,-9.09311485290527,"Unknown"
"7014852",371861,2025-08-15 06:40:15,43.1833992004395,-9.09270095825195,"Unknown"
"7014852",371861,2025-08-15 06:45:35,43.1830253601074,-9.092604637146,"Unknown"
"7014852",371861,2025-08-15 06:50:23,43.1830711364746,-9.09256076812744,"Unknown"
"7014852",371861,2025-08-15 06:55:14,43.1831283569336,-9.09244537353516,"Unknown"
"7014852",371861,2025-08-15 07:00:35,43.1833610534668,-9.09275531768799,"Unknown"
"7014852",371861,2025-08-15 07:05:15,43.1840057373047,-9.09317493438721,"Unknown"
"7014852",371861,2025-08-15 07:10:14,43.1830978393555,-9.09285736083984,"Unknown"
"7014852",371861,2025-08-15 07:15:14,43.1831321716309,-9.09264850616455,"Unknown"
"7014852",371861,2025-08-15 07:20:17,43.1831092834473,-9.09278011322021,"Unknown"
"7014852",371861,2025-08-15 07:25:14,43.1831665039062,-9.09285163879395,"Unknown"
"7014852",371861,2025-08-15 07:30:14,43.1831283569336,-9.09285640716553,"Unknown"
"7014852",371861,2025-08-15 07:35:14,43.1845169067383,-9.09282398223877,"Unknown"
"7014852",371861,2025-08-15 07:40:14,43.1848907470703,-9.09312629699707,"Unknown"
"7014852",371861,2025-08-15 07:45:15,43.1849098205566,-9.09321403503418,"Unknown"
"7014852",371861,2025-08-15 07:50:15,43.1849174499512,-9.09304428100586,"Unknown"
"7014852",371861,2025-08-15 07:55:17,43.1849098205566,-9.09298992156982,"Unknown"
"7014852",371861,2025-08-15 08:00:17,43.1848983764648,-9.09297847747803,"Unknown"
"7014852",371861,2025-08-15 08:05:35,43.1840057373047,-9.09291172027588,"Unknown"
"7014852",371861,2025-08-15 08:10:14,43.1839752197266,-9.09298801422119,"Unknown"
"7014852",371861,2025-08-15 08:15:14,43.1840362548828,-9.09265422821045,"Unknown"
"7014852",371861,2025-08-15 08:20:25,43.1831359863281,-9.0927152633667,"Unknown"
"7014852",371861,2025-08-15 08:25:14,43.1840019226074,-9.09304714202881,"Unknown"
"7014852",371861,2025-08-15 08:30:14,43.1840705871582,-9.09304332733154,"Unknown"
"7014852",371861,2025-08-15 08:35:14,43.1840400695801,-9.09306907653809,"Unknown"
"7014852",371861,2025-08-15 08:40:15,43.1830444335938,-9.09235382080078,"Unknown"
"7014852",371861,2025-08-15 08:45:17,43.1830101013184,-9.09205341339111,"Unknown"
"7014852",371861,2025-08-15 08:50:15,43.1831283569336,-9.09276580810547,"Unknown"
"7014852",371861,2025-08-15 08:55:14,43.1831321716309,-9.09285831451416,"Unknown"
"7014852",371861,2025-08-15 09:00:16,43.1831207275391,-9.0927619934082,"Unknown"
"7014852",371861,2025-08-15 09:05:25,43.1831665039062,-9.09268856048584,"Unknown"
"7014852",371861,2025-08-15 09:10:21,43.1840553283691,-9.09299755096436,"Unknown"
"7014852",371861,2025-08-15 09:15:42,43.1839714050293,-9.09305000305176,"Unknown"
"7014852",371861,2025-08-15 09:20:15,43.182975769043,-9.09243583679199,"Unknown"
"7014852",371861,2025-08-15 09:25:17,43.1827583312988,-9.09232616424561,"Unknown"
"7014852",371861,2025-08-15 09:30:35,43.1829032897949,-9.092453956604,"Unknown"
"7014852",371861,2025-08-15 09:35:16,43.1831016540527,-9.09261512756348,"Unknown"
"7014852",371861,2025-08-15 09:40:18,43.1828536987305,-9.09262752532959,"Unknown"
"7014852",371861,2025-08-15 09:45:14,43.1822776794434,-9.09230899810791,"Unknown"
"7014852",371861,2025-08-15 09:50:14,43.1823234558105,-9.09219932556152,"Unknown"
"7014852",371861,2025-08-15 09:55:14,43.1831207275391,-9.09174251556396,"Unknown"
"7014852",371861,2025-08-15 10:00:16,43.1847229003906,-9.09231758117676,"Unknown"
"7014852",371861,2025-08-15 10:05:16,43.1853218078613,-9.09145259857178,"Unknown"
"7014852",371861,2025-08-15 10:10:14,43.1898460388184,-9.09109592437744,"Unknown"
"7014852",371861,2025-08-15 10:15:15,43.1883010864258,-9.10043525695801,"Unknown"
"7014852",371861,2025-08-15 10:20:16,43.1883659362793,-9.10031127929688,"Unknown"
"7014852",371861,2025-08-15 10:25:15,43.188346862793,-9.10043811798096,"Unknown"
"7014852",371861,2025-08-15 10:30:17,43.1884689331055,-9.10053825378418,"Unknown"
"7014852",371861,2025-08-15 10:35:15,43.1883544921875,-9.10029697418213,"Unknown"
"7014852",371861,2025-08-15 10:40:17,43.1882705688477,-9.10025119781494,"Unknown"
"7014852",371861,2025-08-15 10:45:18,43.1879577636719,-9.0994815826416,"Unknown"
"7014852",371861,2025-08-15 10:50:18,43.1879768371582,-9.09978485107422,"Unknown"
"7014852",371861,2025-08-15 10:55:14,43.1874084472656,-9.10068225860596,"Unknown"
"7014852",371861,2025-08-15 11:00:14,43.1873664855957,-9.10066509246826,"Unknown"
"7014852",371861,2025-08-15 11:05:17,43.1900024414062,-9.10130786895752,"Unknown"
"7014852",371861,2025-08-15 11:10:19,43.190013885498,-9.10138034820557,"Unknown"
"7014852",371861,2025-08-15 11:15:16,43.1900024414062,-9.10132217407227,"Unknown"
"7014852",371861,2025-08-15 11:20:17,43.1899490356445,-9.10121440887451,"Unknown"
"7014852",371861,2025-08-15 11:25:18,43.1899223327637,-9.10122108459473,"Unknown"
"7014852",371861,2025-08-15 11:30:17,43.1899719238281,-9.10122871398926,"Unknown"
"7014852",371861,2025-08-15 11:35:19,43.190055847168,-9.10129165649414,"Unknown"
"7014852",371861,2025-08-15 11:40:17,43.1898880004883,-9.10116577148438,"Unknown"
"7014852",371861,2025-08-15 11:45:16,43.1899337768555,-9.10118675231934,"Unknown"
"7014852",371861,2025-08-15 11:50:27,43.1900444030762,-9.10115909576416,"Unknown"
"7014852",371861,2025-08-15 11:55:19,43.1901550292969,-9.10132598876953,"Unknown"
"7014852",371861,2025-08-15 12:00:35,43.189998626709,-9.10114002227783,"Unknown"
"7014852",371861,2025-08-15 12:05:21,43.1900634765625,-9.10130023956299,"Unknown"
"7014852",371861,2025-08-15 12:10:17,43.1899147033691,-9.10118293762207,"Unknown"
"7014852",371861,2025-08-15 12:15:15,43.1901741027832,-9.1013822555542,"Unknown"
"7014852",371861,2025-08-15 12:20:15,43.1902389526367,-9.10153484344482,"Unknown"
"7014852",371861,2025-08-15 12:25:15,43.1903648376465,-9.10170269012451,"Unknown"
"7014852",371861,2025-08-15 12:30:17,43.187858581543,-9.10002994537354,"Unknown"
"7014852",371861,2025-08-15 12:35:15,43.1844787597656,-9.09097671508789,"Unknown"
"7014852",371861,2025-08-15 12:40:21,43.1853446960449,-9.09205627441406,"Unknown"
"7014852",371861,2025-08-15 12:45:18,43.1850280761719,-9.09181499481201,"Unknown"
"7014852",371861,2025-08-15 12:50:16,43.1847991943359,-9.09200763702393,"Unknown"
"7014852",371861,2025-08-15 12:55:19,43.184986114502,-9.09138584136963,"Unknown"
"7014852",371861,2025-08-15 13:00:16,43.1849479675293,-9.09156322479248,"Unknown"
"7014852",371861,2025-08-15 13:05:15,43.1833381652832,-9.09264469146729,"Unknown"
"7014852",371861,2025-08-15 13:10:16,43.1833229064941,-9.09289073944092,"Unknown"
"7014852",371861,2025-08-15 13:15:29,43.1833305358887,-9.0930061340332,"Unknown"
"7014852",371861,2025-08-15 13:20:16,43.187255859375,-9.09288024902344,"Unknown"
"7014852",371861,2025-08-15 13:25:15,43.1902008056641,-9.10117530822754,"Unknown"
"7014852",371861,2025-08-15 13:30:16,43.1901893615723,-9.10155773162842,"Unknown"
"7014852",371861,2025-08-15 13:35:16,43.1901931762695,-9.10144138336182,"Unknown"
"7014852",371861,2025-08-15 13:40:15,43.1901206970215,-9.10145854949951,"Unknown"
"7014852",371861,2025-08-15 13:45:15,43.1877975463867,-9.09997463226318,"Unknown"
"7014852",371861,2025-08-15 13:50:18,43.1896667480469,-9.10127067565918,"Unknown"
"7014852",371861,2025-08-15 13:55:15,43.1896057128906,-9.10107231140137,"Unknown"
"7014852",371861,2025-08-15 14:00:35,43.1894340515137,-9.10082340240479,"Unknown"
"7014852",371861,2025-08-15 14:05:14,43.1894264221191,-9.10090065002441,"Unknown"
"7014852",371861,2025-08-15 14:10:14,43.18994140625,-9.10139846801758,"Unknown"
"7014852",371861,2025-08-15 14:15:15,43.1899528503418,-9.10141277313232,"Unknown"
"7014852",371861,2025-08-15 14:20:17,43.1900253295898,-9.10149478912354,"Unknown"
"7014852",371861,2025-08-15 14:25:14,43.1899871826172,-9.10140991210938,"Unknown"
"7014852",371861,2025-08-15 14:30:14,43.1899299621582,-9.10142040252686,"Unknown"
"7014852",371861,2025-08-15 14:35:24,43.1899108886719,-9.10146903991699,"Unknown"
"7014852",371861,2025-08-15 14:40:14,43.190055847168,-9.10131454467773,"Unknown"
"7014852",371861,2025-08-15 14:45:35,43.1900749206543,-9.10133171081543,"Unknown"
"7014852",371861,2025-08-15 14:50:14,43.190013885498,-9.10123252868652,"Unknown"
"7014852",371861,2025-08-15 14:55:14,43.1900405883789,-9.10135841369629,"Unknown"
"7014852",371861,2025-08-15 15:00:14,43.190071105957,-9.10138320922852,"Unknown"
"7014852",371861,2025-08-15 15:05:14,43.1900787353516,-9.10147857666016,"Unknown"
"7014852",371861,2025-08-15 15:10:16,43.1900863647461,-9.10150814056396,"Unknown"
"7014852",371861,2025-08-15 15:15:15,43.1902656555176,-9.10182094573975,"Unknown"
"7014852",371861,2025-08-15 15:20:16,43.1902694702148,-9.10189247131348,"Unknown"
"7014852",371861,2025-08-15 15:25:18,43.1904106140137,-9.10216999053955,"Unknown"
"7014852",371861,2025-08-15 15:30:25,43.1900024414062,-9.10137844085693,"Unknown"
"7014852",371861,2025-08-15 15:35:21,43.189998626709,-9.10136413574219,"Unknown"
"7014852",371861,2025-08-15 15:40:35,43.1899833679199,-9.10133743286133,"Unknown"
"7014852",371861,2025-08-15 15:45:14,43.1899642944336,-9.10134983062744,"Unknown"
"7014852",371861,2025-08-15 15:50:14,43.1900062561035,-9.10137939453125,"Unknown"
"7014852",371861,2025-08-15 15:55:14,43.1900100708008,-9.10130977630615,"Unknown"
"7014852",371861,2025-08-15 16:00:14,43.1900062561035,-9.10133934020996,"Unknown"
"7014852",371861,2025-08-15 16:05:15,43.1877784729004,-9.09946060180664,"Unknown"
"7014852",371861,2025-08-15 16:10:14,43.1900405883789,-9.10134696960449,"Unknown"
"7014852",371861,2025-08-15 16:15:14,43.1900291442871,-9.10134887695312,"Unknown"
"7014852",371861,2025-08-15 16:20:14,43.1900062561035,-9.10137557983398,"Unknown"
"7014852",371861,2025-08-15 16:25:14,43.189998626709,-9.10134315490723,"Unknown"
"7014852",371861,2025-08-15 16:30:14,43.1899833679199,-9.10135173797607,"Unknown"
"7014852",371861,2025-08-15 16:35:14,43.190055847168,-9.10131359100342,"Unknown"
"7014852",371861,2025-08-15 16:40:14,43.1899757385254,-9.10145568847656,"Unknown"
"7014852",371861,2025-08-15 16:45:14,43.1874198913574,-9.09961223602295,"Unknown"
"7014852",371861,2025-08-15 16:50:15,43.1889038085938,-9.09959030151367,"Unknown"
"7014852",371861,2025-08-15 16:55:14,43.1888809204102,-9.09959602355957,"Unknown"
"7014852",371861,2025-08-15 17:00:14,43.1889114379883,-9.09961605072021,"Unknown"
"7014852",371861,2025-08-15 17:05:17,43.188907623291,-9.09954643249512,"Unknown"
"7014852",371861,2025-08-15 17:10:14,43.1888542175293,-9.0995979309082,"Unknown"
"7014852",371861,2025-08-15 17:15:15,43.1888732910156,-9.09959316253662,"Unknown"
"7014852",371861,2025-08-15 17:20:15,43.1888618469238,-9.09953212738037,"Unknown"
"7014852",371861,2025-08-15 17:25:14,43.1889381408691,-9.09964466094971,"Unknown"
"7014852",371861,2025-08-15 17:30:14,43.1888465881348,-9.09957218170166,"Unknown"
"7014852",371861,2025-08-15 17:35:15,43.1888580322266,-9.09965229034424,"Unknown"
"7014852",371861,2025-08-15 17:40:15,43.1889152526855,-9.09960269927979,"Unknown"
"7014852",371861,2025-08-15 17:45:16,43.1935234069824,-9.09811782836914,"Unknown"
"7014852",371861,2025-08-15 17:50:18,43.1934432983398,-9.09802722930908,"Unknown"
"7014852",371861,2025-08-15 17:55:23,43.193431854248,-9.09810447692871,"Unknown"
"7014852",371861,2025-08-15 18:00:28,43.1931991577148,-9.0977783203125,"Unknown"
"7014852",371861,2025-08-15 18:05:16,43.1936683654785,-9.09788990020752,"Unknown"
"7014852",371861,2025-08-15 18:10:18,43.1936531066895,-9.0979585647583,"Unknown"
"7014852",371861,2025-08-15 18:15:19,43.1935768127441,-9.09784030914307,"Unknown"
"7014852",371861,2025-08-15 18:20:17,43.1929473876953,-9.08744525909424,"Unknown"
"7014852",371861,2025-08-15 18:25:18,43.2005081176758,-9.0587682723999,"Unknown"
"7014852",371861,2025-08-15 18:30:47,43.200611114502,-9.05172252655029,"Unknown"
"7014852",371861,2025-08-15 18:35:35,43.2252006530762,-9.01676845550537,"Unknown"
"7014852",371861,2025-08-15 18:40:15,43.2606811523438,-8.9819917678833,"Unknown"
"7014852",371861,2025-08-15 18:45:16,43.2843627929688,-8.97480964660645,"Unknown"
"7014852",371861,2025-08-15 18:50:15,43.300910949707,-8.94194793701172,"Unknown"
"7014852",371861,2025-08-15 18:55:15,43.3212738037109,-8.90762138366699,"Unknown"
"7014852",371861,2025-08-15 19:00:16,43.3211555480957,-8.90775871276855,"Unknown"
"7014852",371861,2025-08-15 19:05:18,43.3213157653809,-8.90776920318604,"Unknown"
"7014852",371861,2025-08-15 19:10:18,43.3210716247559,-8.90756225585938,"Unknown"
"7014852",371861,2025-08-15 19:15:18,43.3210678100586,-8.9074878692627,"Unknown"
"7014852",371861,2025-08-15 19:20:18,43.3210754394531,-8.90750026702881,"Unknown"
"7014852",371861,2025-08-15 19:25:17,43.3210830688477,-8.90753746032715,"Unknown"
"7014852",371861,2025-08-15 19:30:22,43.3211479187012,-8.90750503540039,"Unknown"
"7014852",371861,2025-08-15 19:35:16,43.321102142334,-8.90772247314453,"Unknown"
"7014852",371861,2025-08-15 19:40:15,43.321117401123,-8.9075403213501,"Unknown"
"7014852",371861,2025-08-15 19:45:18,43.321102142334,-8.90759563446045,"Unknown"
"7014852",371861,2025-08-15 19:50:15,43.321117401123,-8.90762615203857,"Unknown"
"7014852",371861,2025-08-15 19:55:17,43.3212394714355,-8.90743541717529,"Unknown"
"7014852",371861,2025-08-15 20:00:16,43.3317222595215,-8.89670753479004,"Unknown"
"7014852",371861,2025-08-15 20:05:41,43.3598747253418,-8.84791564941406,"Unknown"
"7014852",371861,2025-08-15 20:10:15,43.360164642334,-8.84661197662354,"Unknown"
"7014852",371861,2025-08-15 20:15:35,43.360408782959,-8.8449764251709,"Unknown"
"7014852",371861,2025-08-15 20:18:53,43.3602066040039,-8.84121131896973,"Unknown"
"7014852",371861,2025-08-16 01:19:15,43.3601722717285,-8.8412971496582,"Unknown"
"7014852",371861,2025-08-16 05:57:35,43.2199516296387,-9.0418004989624,"Unknown"
"7014852",371861,2025-08-16 06:01:20,43.2056770324707,-9.06664848327637,"Unknown"
"7014852",371861,2025-08-16 06:06:44,43.1828956604004,-9.09243679046631,"Unknown"
"7014852",371861,2025-08-16 06:11:24,43.1828689575195,-9.09253025054932,"Unknown"
"7014852",371861,2025-08-16 06:16:23,43.1832885742188,-9.09267711639404,"Unknown"
"7014852",371861,2025-08-16 06:21:29,43.1830596923828,-9.09256649017334,"Unknown"
"7014852",371861,2025-08-16 06:26:25,43.1836318969727,-9.09313583374023,"Unknown"
"7014852",371861,2025-08-16 06:31:30,43.1831321716309,-9.09275054931641,"Unknown"
"7014852",371861,2025-08-16 06:36:25,43.183177947998,-9.0928258895874,"Unknown"
"7014852",371861,2025-08-16 06:41:21,43.183048248291,-9.09255599975586,"Unknown"
"7014852",371861,2025-08-16 06:46:55,43.1835517883301,-9.09290027618408,"Unknown"
"7014852",371861,2025-08-16 06:51:44,43.1831741333008,-9.09297847747803,"Unknown"
"7014852",371861,2025-08-16 06:56:21,43.1832237243652,-9.09263896942139,"Unknown"
"7014852",371861,2025-08-16 07:01:20,43.1831092834473,-9.09288311004639,"Unknown"
"7014852",371861,2025-08-16 07:06:20,43.1826210021973,-9.09240627288818,"Unknown"
"7014852",371861,2025-08-16 07:11:21,43.1840858459473,-9.09313869476318,"Unknown"
"7014852",371861,2025-08-16 07:16:23,43.1843528747559,-9.09256649017334,"Unknown"
"7014852",371861,2025-08-16 07:21:23,43.1831016540527,-9.09234523773193,"Unknown"
"7014852",371861,2025-08-16 07:26:31,43.1830863952637,-9.09248828887939,"Unknown"
"7014852",371861,2025-08-16 07:31:20,43.1854591369629,-9.09051132202148,"Unknown"
"7014852",371861,2025-08-16 07:36:23,43.1844482421875,-9.09256935119629,"Unknown"
"7014852",371861,2025-08-16 07:41:27,43.1845893859863,-9.09312343597412,"Unknown"
"7014852",371861,2025-08-16 07:46:44,43.1844635009766,-9.09265327453613,"Unknown"
"7014852",371861,2025-08-16 07:51:25,43.1829223632812,-9.09243869781494,"Unknown"
"7014852",371861,2025-08-16 07:56:35,43.1829299926758,-9.09201145172119,"Unknown"
"7014852",371861,2025-08-16 08:01:38,43.1828117370605,-9.09253406524658,"Unknown"
"7014852",371861,2025-08-16 08:06:29,43.1826972961426,-9.09220123291016,"Unknown"
"7014852",371861,2025-08-16 08:11:45,43.1828727722168,-9.09261322021484,"Unknown"
"7014852",371861,2025-08-16 08:16:28,43.1828689575195,-9.09300899505615,"Unknown"
"7014852",371861,2025-08-16 08:21:44,43.1829948425293,-9.09248733520508,"Unknown"
"7014852",371861,2025-08-16 08:26:25,43.1829566955566,-9.09255504608154,"Unknown"
"7014852",371861,2025-08-16 08:31:28,43.1829872131348,-9.09247016906738,"Unknown"
"7014852",371861,2025-08-16 08:36:22,43.1835975646973,-9.092942237854,"Unknown"
"7014852",371861,2025-08-16 08:42:05,43.1837272644043,-9.0929479598999,"Unknown"
"7014852",371861,2025-08-16 08:46:21,43.1831932067871,-9.09255599975586,"Unknown"
"7014852",371861,2025-08-16 08:51:24,43.1836204528809,-9.09261035919189,"Unknown"
"7014852",371861,2025-08-16 08:56:21,43.182674407959,-9.09220504760742,"Unknown"
"7014852",371861,2025-08-16 09:01:21,43.1829376220703,-9.09312438964844,"Unknown"
"7014852",371861,2025-08-16 09:06:28,43.183235168457,-9.0925350189209,"Unknown"
"7014852",371861,2025-08-16 09:11:43,43.1823921203613,-9.09160995483398,"Unknown"
"7014852",371861,2025-08-16 09:16:25,43.1823806762695,-9.09196662902832,"Unknown"
"7014852",371861,2025-08-16 09:21:22,43.1832313537598,-9.09255886077881,"Unknown"
"7014852",371861,2025-08-16 09:26:30,43.1826438903809,-9.09184074401855,"Unknown"
"7014852",371861,2025-08-16 09:31:44,43.182445526123,-9.09183979034424,"Unknown"
"7014852",371861,2025-08-16 09:36:21,43.1824378967285,-9.09205913543701,"Unknown"
"7014852",371861,2025-08-16 09:41:20,43.1890144348145,-9.09704685211182,"Unknown"
"7014852",371861,2025-08-16 09:46:20,43.1831893920898,-9.09287166595459,"Unknown"
"7014852",371861,2025-08-16 09:51:20,43.1830673217773,-9.09263610839844,"Unknown"
"7014852",371861,2025-08-16 09:56:20,43.1838531494141,-9.0928897857666,"Unknown"
"7014852",371861,2025-08-16 10:01:21,43.1840782165527,-9.09284400939941,"Unknown"
"7014852",371861,2025-08-16 10:06:20,43.1838722229004,-9.09296226501465,"Unknown"
"7014852",371861,2025-08-16 10:11:20,43.1871871948242,-9.09588623046875,"Unknown"
"7014852",371861,2025-08-16 10:16:22,43.1882858276367,-9.09986305236816,"Unknown"
"7014852",371861,2025-08-16 10:21:43,43.1883697509766,-9.10025596618652,"Unknown"
"7014852",371861,2025-08-16 10:26:20,43.1883926391602,-9.10033512115479,"Unknown"
"7014852",371861,2025-08-16 10:31:23,43.1882171630859,-9.10008239746094,"Unknown"
"7014852",371861,2025-08-16 10:36:20,43.1874084472656,-9.09970188140869,"Unknown"
"7014852",371861,2025-08-16 10:41:20,43.187801361084,-9.09992408752441,"Unknown"
"7014852",371861,2025-08-16 10:46:34,43.190013885498,-9.101318359375,"Unknown"
"7014852",371861,2025-08-16 10:51:32,43.1900787353516,-9.10139751434326,"Unknown"
"7014852",371861,2025-08-16 10:56:32,43.1899948120117,-9.10139751434326,"Unknown"
"7014852",371861,2025-08-16 11:01:44,43.1900634765625,-9.10133647918701,"Unknown"
"7014852",371861,2025-08-16 11:06:20,43.1899147033691,-9.10122203826904,"Unknown"
"7014852",371861,2025-08-16 11:11:24,43.1902503967285,-9.10156917572021,"Unknown"
"7014852",371861,2025-08-16 11:16:23,43.1900596618652,-9.1013822555542,"Unknown"
"7014852",371861,2025-08-16 11:21:20,43.189998626709,-9.10133743286133,"Unknown"
"7014852",371861,2025-08-16 11:26:20,43.1901359558105,-9.10147285461426,"Unknown"
"7014852",371861,2025-08-16 11:31:24,43.1900978088379,-9.10140514373779,"Unknown"
"7014852",371861,2025-08-16 11:36:23,43.1897506713867,-9.1010570526123,"Unknown"
"7014852",371861,2025-08-16 11:41:22,43.185375213623,-9.09284591674805,"Unknown"
"7014852",371861,2025-08-16 11:46:45,43.1828880310059,-9.09244346618652,"Unknown"
"7014852",371861,2025-08-16 11:51:24,43.1829795837402,-9.09245204925537,"Unknown"
"7014852",371861,2025-08-16 11:56:45,43.1831321716309,-9.09268474578857,"Unknown"
"7014852",371861,2025-08-16 12:01:21,43.1828155517578,-9.09143924713135,"Unknown"
"7014852",371861,2025-08-16 12:06:23,43.1830139160156,-9.09257316589355,"Unknown"
"7014852",371861,2025-08-16 12:11:22,43.1830177307129,-9.09222793579102,"Unknown"
"7014852",371861,2025-08-16 12:16:25,43.1830253601074,-9.09269142150879,"Unknown"
"7014852",371861,2025-08-16 12:21:24,43.1831550598145,-9.09258270263672,"Unknown"
"7014852",371861,2025-08-16 12:26:53,43.1832237243652,-9.09262084960938,"Unknown"
"7014852",371861,2025-08-16 12:31:22,43.1868133544922,-9.09836578369141,"Unknown"
"7014852",371861,2025-08-16 12:36:30,43.1874389648438,-9.09963703155518,"Unknown"
"7014852",371861,2025-08-16 12:41:24,43.1873817443848,-9.0997257232666,"Unknown"
"7014852",371861,2025-08-16 12:51:53,43.1882667541504,-9.10013580322266,"Unknown"
"7014852",371861,2025-08-16 12:56:20,43.1882209777832,-9.10009098052979,"Unknown"
"7014852",371861,2025-08-16 13:01:24,43.1883163452148,-9.1002254486084,"Unknown"
"7014852",371861,2025-08-16 13:06:43,43.1882667541504,-9.10005378723145,"Unknown"
"7014852",371861,2025-08-16 13:11:34,43.1882095336914,-9.10028553009033,"Unknown"
"7014852",371861,2025-08-16 13:16:21,43.1883277893066,-9.10028457641602,"Unknown"
"7014852",371861,2025-08-16 13:21:21,43.1885566711426,-9.10072326660156,"Unknown"
"7014852",371861,2025-08-16 13:26:20,43.1883506774902,-9.10019493103027,"Unknown"
"7014852",371861,2025-08-16 13:31:24,43.1883087158203,-9.10022449493408,"Unknown"
"7014852",371861,2025-08-16 13:36:20,43.1883544921875,-9.10037899017334,"Unknown"
"7014852",371861,2025-08-16 13:41:27,43.1883163452148,-9.10021018981934,"Unknown"
"7014852",371861,2025-08-16 13:46:44,43.1883964538574,-9.10031604766846,"Unknown"
"7014852",371861,2025-08-16 13:51:20,43.1884307861328,-9.10038185119629,"Unknown"
"7014852",371861,2025-08-16 13:56:20,43.1884269714355,-9.10034656524658,"Unknown"
"7014852",371861,2025-08-16 14:01:23,43.1883850097656,-9.1002311706543,"Unknown"
"7014852",371861,2025-08-16 14:06:21,43.1883087158203,-9.10019111633301,"Unknown"
"7014852",371861,2025-08-16 14:11:22,43.1883316040039,-9.10024642944336,"Unknown"
"7014852",371861,2025-08-16 14:16:20,43.1883888244629,-9.10035610198975,"Unknown"
"7014852",371861,2025-08-16 14:21:21,43.1883430480957,-9.1001091003418,"Unknown"
"7014852",371861,2025-08-16 14:26:21,43.1884765625,-9.10042667388916,"Unknown"
"7014852",371861,2025-08-16 14:31:45,43.1883811950684,-9.10033416748047,"Unknown"
"7014852",371861,2025-08-16 14:36:20,43.188362121582,-9.10030269622803,"Unknown"
"7014852",371861,2025-08-16 14:41:20,43.1883430480957,-9.10022068023682,"Unknown"
"7014852",371861,2025-08-16 14:46:27,43.1885185241699,-9.10032367706299,"Unknown"
"7014852",371861,2025-08-16 14:51:22,43.1885566711426,-9.10031223297119,"Unknown"
"7014852",371861,2025-08-16 14:56:22,43.1884765625,-9.10021591186523,"Unknown"
"7014852",371861,2025-08-16 15:01:36,43.1884536743164,-9.10028743743896,"Unknown"
"7014852",371861,2025-08-16 15:06:23,43.1884651184082,-9.10019683837891,"Unknown"
"7014852",371861,2025-08-16 15:11:23,43.1884918212891,-9.10029125213623,"Unknown"
"7014852",371861,2025-08-16 15:16:53,43.1884689331055,-9.10026073455811,"Unknown"
"7014852",371861,2025-08-16 15:21:31,43.1884689331055,-9.10031604766846,"Unknown"
"7014852",371861,2025-08-16 15:26:20,43.1884765625,-9.10033798217773,"Unknown"
"7014852",371861,2025-08-16 15:31:23,43.1884155273438,-9.10047245025635,"Unknown"
"7014852",371861,2025-08-16 15:36:23,43.1881217956543,-9.09969902038574,"Unknown"
"7014852",371861,2025-08-16 15:41:22,43.188289642334,-9.10005855560303,"Unknown"
"7014852",371861,2025-08-16 15:46:22,43.1881866455078,-9.09966278076172,"Unknown"
"7014852",371861,2025-08-16 15:51:25,43.1884651184082,-9.10033321380615,"Unknown"
"7014852",371861,2025-08-16 15:56:25,43.18310546875,-9.09260845184326,"Unknown"
"7014852",371861,2025-08-16 16:01:27,43.1831398010254,-9.09263801574707,"Unknown"
"7014852",371861,2025-08-16 16:06:23,43.1835441589355,-9.09378051757812,"Unknown"
"7014852",371861,2025-08-16 16:11:23,43.1829490661621,-9.09239768981934,"Unknown"
"7014852",371861,2025-08-16 16:16:40,43.18310546875,-9.09354305267334,"Unknown"
"7014852",371861,2025-08-16 16:21:27,43.1833419799805,-9.09268760681152,"Unknown"
"7014852",371861,2025-08-16 16:26:31,43.1833343505859,-9.09337902069092,"Unknown"
"7014852",371861,2025-08-16 16:31:44,43.1877174377441,-9.1008472442627,"Unknown"
"7014852",371861,2025-08-16 16:36:53,43.1899948120117,-9.10141181945801,"Unknown"
"7014852",371861,2025-08-16 16:41:20,43.1900329589844,-9.10143756866455,"Unknown"
"7014852",371861,2025-08-16 16:46:21,43.1899719238281,-9.10133171081543,"Unknown"
"7014852",371861,2025-08-16 16:51:20,43.1900405883789,-9.101318359375,"Unknown"
"7014852",371861,2025-08-16 16:56:20,43.1900482177734,-9.10134983062744,"Unknown"
"7014852",371861,2025-08-16 17:01:20,43.1899528503418,-9.10137748718262,"Unknown"
"7014852",371861,2025-08-16 17:06:21,43.18994140625,-9.10120010375977,"Unknown"
"7014852",371861,2025-08-16 17:11:22,43.1901779174805,-9.10153007507324,"Unknown"
"7014852",371861,2025-08-16 17:16:20,43.1899909973145,-9.10143184661865,"Unknown"
"7014852",371861,2025-08-16 17:21:20,43.1922454833984,-9.09855556488037,"Unknown"
"7014852",371861,2025-08-16 17:26:22,43.1921577453613,-9.09859943389893,"Unknown"
"7014852",371861,2025-08-16 17:31:24,43.192211151123,-9.09863662719727,"Unknown"
"7014852",371861,2025-08-16 17:36:21,43.1922569274902,-9.09859466552734,"Unknown"
"7014852",371861,2025-08-16 17:41:21,43.1921310424805,-9.09834575653076,"Unknown"
"7014852",371861,2025-08-16 17:46:22,43.1921577453613,-9.09836483001709,"Unknown"
"7014852",371861,2025-08-16 17:51:28,43.1921768188477,-9.09843063354492,"Unknown"
"7014852",371861,2025-08-16 17:56:44,43.1921119689941,-9.09842109680176,"Unknown"
"7014852",371861,2025-08-16 18:01:20,43.1920928955078,-9.0983362197876,"Unknown"
"7014852",371861,2025-08-16 18:06:20,43.1922302246094,-9.09844398498535,"Unknown"
"7014852",371861,2025-08-16 18:11:21,43.1920776367188,-9.0984001159668,"Unknown"
"7014852",371861,2025-08-16 18:16:21,43.1920585632324,-9.09826850891113,"Unknown"
"7014852",371861,2025-08-16 18:21:20,43.1921424865723,-9.09844398498535,"Unknown"
"7014852",371861,2025-08-16 18:26:21,43.1878967285156,-9.07492351531982,"Unknown"
"7014852",371861,2025-08-16 18:31:20,43.1907577514648,-9.04667472839355,"Unknown"
"7014852",371861,2025-08-16 18:36:20,43.2122497558594,-9.03354930877686,"Unknown"
"7014852",371861,2025-08-16 18:41:21,43.2207908630371,-9.00926780700684,"Unknown"
"7014852",371861,2025-08-16 18:46:53,43.2363395690918,-9.0048303604126,"Unknown"
"7014852",371861,2025-08-16 18:51:21,43.2546005249023,-8.99090099334717,"Unknown"
"7014852",371861,2025-08-16 18:56:21,43.2765159606934,-8.98677444458008,"Unknown"
"7014852",371861,2025-08-16 19:01:21,43.2860527038574,-8.97055721282959,"Unknown"
"7014852",371861,2025-08-16 19:06:24,43.2865180969238,-8.96241283416748,"Unknown"
"7014852",371861,2025-08-16 19:11:21,43.2957954406738,-8.94569110870361,"Unknown"
"7014852",371861,2025-08-16 19:16:27,43.3108673095703,-8.9207592010498,"Unknown"
"7014852",371861,2025-08-16 19:21:21,43.3214988708496,-8.90847587585449,"Unknown"
"7014852",371861,2025-08-16 19:26:21,43.3384056091309,-8.88368034362793,"Unknown"
"7014852",371861,2025-08-16 19:31:22,43.3506126403809,-8.85909461975098,"Unknown"
"7014852",371861,2025-08-16 19:36:24,43.3608093261719,-8.84363746643066,"Unknown"
"7014852",371861,2025-08-16 19:41:24,43.3609848022461,-8.84371662139893,"Unknown"
"7014852",371861,2025-08-16 19:46:29,43.3607444763184,-8.84353160858154,"Unknown"
"7014852",371861,2025-08-16 19:51:24,43.3609504699707,-8.84360885620117,"Unknown"
"7014852",371861,2025-08-16 19:56:21,43.361026763916,-8.84367752075195,"Unknown"
"7014852",371861,2025-08-16 20:01:29,43.3607940673828,-8.84351825714111,"Unknown"
"7014852",371861,2025-08-16 20:06:27,43.3607978820801,-8.84351348876953,"Unknown"
"7014852",371861,2025-08-16 20:11:21,43.3600883483887,-8.841477394104,"Unknown"
"7014852",371861,2025-08-16 20:17:44,43.3601913452148,-8.84119987487793,"Unknown"
"7014852",371861,2025-08-17 01:17:46,43.3601722717285,-8.84120559692383,"Unknown"
"7014852",371861,2025-08-17 05:48:40,43.3051986694336,-8.9796838760376,"Unknown"
"7014852",371861,2025-08-17 05:53:40,43.2832984924316,-8.98937606811523,"Unknown"
"7014852",371861,2025-08-17 05:57:19,43.2641334533691,-8.99140357971191,"Unknown"
"7014852",371861,2025-08-17 06:02:21,43.2449188232422,-9.01467990875244,"Unknown"
"7014852",371861,2025-08-17 06:07:15,43.2251243591309,-9.03458499908447,"Unknown"
"7014852",371861,2025-08-17 06:12:16,43.2078437805176,-9.06142139434814,"Unknown"
"7014852",371861,2025-08-17 06:17:21,43.1890487670898,-9.08710861206055,"Unknown"
"7014852",371861,2025-08-17 06:22:16,43.1828193664551,-9.09285449981689,"Unknown"
"7014852",371861,2025-08-17 06:27:15,43.1828651428223,-9.0925931930542,"Unknown"
"7014852",371861,2025-08-17 06:32:15,43.1836395263672,-9.09301090240479,"Unknown"
"7014852",371861,2025-08-17 06:37:18,43.1830520629883,-9.09275150299072,"Unknown"
"7014852",371861,2025-08-17 06:43:40,43.1831169128418,-9.09311199188232,"Unknown"
"7014852",371861,2025-08-17 06:47:16,43.1826438903809,-9.09268379211426,"Unknown"
"7014852",371861,2025-08-17 06:52:15,43.1830787658691,-9.09313869476318,"Unknown"
"7014852",371861,2025-08-17 06:57:25,43.1831283569336,-9.09293365478516,"Unknown"
"7014852",371861,2025-08-17 07:02:15,43.1831092834473,-9.09304904937744,"Unknown"
"7014852",371861,2025-08-17 07:07:44,43.1831207275391,-9.0930700302124,"Unknown"
"7014852",371861,2025-08-17 07:12:15,43.1827087402344,-9.09265041351318,"Unknown"
"7014852",371861,2025-08-17 07:17:16,43.1827430725098,-9.09282970428467,"Unknown"
"7014852",371861,2025-08-17 07:22:54,43.1827583312988,-9.09255504608154,"Unknown"
"7014852",371861,2025-08-17 07:27:15,43.1829109191895,-9.09269523620605,"Unknown"
"7014852",371861,2025-08-17 07:32:15,43.1841850280762,-9.09236717224121,"Unknown"
"7014852",371861,2025-08-17 07:37:16,43.1840629577637,-9.0923490524292,"Unknown"
"7014852",371861,2025-08-17 07:42:17,43.1841354370117,-9.09115028381348,"Unknown"
"7014852",371861,2025-08-17 07:47:16,43.1833114624023,-9.09425735473633,"Unknown"
"7014852",371861,2025-08-17 07:52:24,43.1827774047852,-9.09268951416016,"Unknown"
"7014852",371861,2025-08-17 07:57:30,43.1830024719238,-9.09232997894287,"Unknown"
"7014852",371861,2025-08-17 08:02:19,43.185375213623,-9.09119510650635,"Unknown"
"7014852",371861,2025-08-17 08:07:23,43.1847953796387,-9.09227848052979,"Unknown"
"7014852",371861,2025-08-17 08:12:18,43.1849479675293,-9.09285449981689,"Unknown"
"7014852",371861,2025-08-17 08:17:24,43.1848068237305,-9.09230899810791,"Unknown"
"7014852",371861,2025-08-17 08:22:16,43.1848182678223,-9.09244823455811,"Unknown"
"7014852",371861,2025-08-17 08:27:23,43.1845169067383,-9.09202289581299,"Unknown"
"7014852",371861,2025-08-17 08:32:35,43.1830711364746,-9.09248447418213,"Unknown"
"7014852",371861,2025-08-17 08:37:16,43.1832275390625,-9.09297657012939,"Unknown"
"7014852",371861,2025-08-17 08:42:18,43.1831321716309,-9.09248828887939,"Unknown"
"7014852",371861,2025-08-17 08:47:19,43.1830787658691,-9.0925121307373,"Unknown"
"7014852",371861,2025-08-17 08:52:26,43.1835746765137,-9.09251117706299,"Unknown"
"7014852",371861,2025-08-17 08:57:16,43.1825942993164,-9.09091854095459,"Unknown"
"7014852",371861,2025-08-17 09:02:43,43.1831817626953,-9.09165477752686,"Unknown"
"7014852",371861,2025-08-17 09:07:30,43.1825904846191,-9.09269046783447,"Unknown"
"7014852",371861,2025-08-17 09:12:21,43.1833114624023,-9.09243869781494,"Unknown"
"7014852",371861,2025-08-17 09:17:22,43.1831932067871,-9.09258079528809,"Unknown"
"7014852",371861,2025-08-17 09:22:16,43.1835861206055,-9.09248065948486,"Unknown"
"7014852",371861,2025-08-17 09:27:25,43.183162689209,-9.09253025054932,"Unknown"
"7014852",371861,2025-08-17 09:32:18,43.1831817626953,-9.09264373779297,"Unknown"
"7014852",371861,2025-08-17 09:37:15,43.1831970214844,-9.09280014038086,"Unknown"
"7014852",371861,2025-08-17 09:42:24,43.1834030151367,-9.09273624420166,"Unknown"
"7014852",371861,2025-08-17 09:47:44,43.1832313537598,-9.09227752685547,"Unknown"
"7014852",371861,2025-08-17 09:52:18,43.1833763122559,-9.09189224243164,"Unknown"
"7014852",371861,2025-08-17 09:57:18,43.1836814880371,-9.09273338317871,"Unknown"
"7014852",371861,2025-08-17 10:03:14,43.1832466125488,-9.09262847900391,"Unknown"
"7014852",371861,2025-08-17 10:07:18,43.1828842163086,-9.09246158599854,"Unknown"
"7014852",371861,2025-08-17 10:12:18,43.1830940246582,-9.09264850616455,"Unknown"
"7014852",371861,2025-08-17 10:17:18,43.1874504089355,-9.09955406188965,"Unknown"
"7014852",371861,2025-08-17 10:22:15,43.1875,-9.0994291305542,"Unknown"
"7014852",371861,2025-08-17 10:27:15,43.1901969909668,-9.1014928817749,"Unknown"
"7014852",371861,2025-08-17 10:32:15,43.1902923583984,-9.10143184661865,"Unknown"
"7014852",371861,2025-08-17 10:37:27,43.1901931762695,-9.10143089294434,"Unknown"
"7014852",371861,2025-08-17 10:42:18,43.190113067627,-9.10136413574219,"Unknown"
"7014852",371861,2025-08-17 10:47:22,43.1890525817871,-9.10319042205811,"Unknown"
"7014852",371861,2025-08-17 10:52:26,43.1891250610352,-9.10318279266357,"Unknown"
"7014852",371861,2025-08-17 10:57:26,43.1889762878418,-9.10313701629639,"Unknown"
"7014852",371861,2025-08-17 11:02:27,43.1891479492188,-9.10313320159912,"Unknown"
"7014852",371861,2025-08-17 11:07:27,43.1889915466309,-9.10305404663086,"Unknown"
"7014852",371861,2025-08-17 11:12:27,43.1890716552734,-9.10312843322754,"Unknown"
"7014852",371861,2025-08-17 11:17:28,43.1890296936035,-9.10311603546143,"Unknown"
"7014852",371861,2025-08-17 11:22:27,43.1891098022461,-9.10312461853027,"Unknown"
"7014852",371861,2025-08-17 11:27:27,43.1891059875488,-9.10307502746582,"Unknown"
"7014852",371861,2025-08-17 11:32:27,43.189079284668,-9.10314083099365,"Unknown"
"7014852",371861,2025-08-17 11:37:29,43.1891593933105,-9.1031665802002,"Unknown"
"7014852",371861,2025-08-17 11:42:19,43.1891708374023,-9.10322570800781,"Unknown"
"7014852",371861,2025-08-17 11:48:14,43.1892166137695,-9.10346794128418,"Unknown"
"7014852",371861,2025-08-17 11:52:19,43.1891593933105,-9.10346031188965,"Unknown"
"7014852",371861,2025-08-17 11:57:21,43.1893043518066,-9.10374546051025,"Unknown"
"7014852",371861,2025-08-17 12:02:35,43.1890754699707,-9.10326671600342,"Unknown"
"7014852",371861,2025-08-17 12:07:15,43.1890869140625,-9.10326290130615,"Unknown"
"7014852",371861,2025-08-17 12:12:15,43.189079284668,-9.10321712493896,"Unknown"
"7014852",371861,2025-08-17 12:17:15,43.1891021728516,-9.10319900512695,"Unknown"
"7014852",371861,2025-08-17 12:22:15,43.189094543457,-9.10317802429199,"Unknown"
"7014852",371861,2025-08-17 12:27:15,43.1891326904297,-9.10309982299805,"Unknown"
"7014852",371861,2025-08-17 12:32:15,43.189094543457,-9.10316944122314,"Unknown"
"7014852",371861,2025-08-17 12:37:15,43.189136505127,-9.10325145721436,"Unknown"
"7014852",371861,2025-08-17 12:42:15,43.189136505127,-9.10321521759033,"Unknown"
"7014852",371861,2025-08-17 12:47:15,43.1891059875488,-9.10322856903076,"Unknown"
"7014852",371861,2025-08-17 12:52:15,43.1889915466309,-9.10347366333008,"Unknown"
"7014852",371861,2025-08-17 12:57:15,43.1890907287598,-9.10325717926025,"Unknown"
"7014852",371861,2025-08-17 13:02:18,43.1889953613281,-9.10331630706787,"Unknown"
"7014852",371861,2025-08-17 13:07:33,43.1890029907227,-9.10326671600342,"Unknown"
"7014852",371861,2025-08-17 13:12:16,43.1890144348145,-9.1033296585083,"Unknown"
"7014852",371861,2025-08-17 13:17:15,43.1889724731445,-9.10325622558594,"Unknown"
"7014852",371861,2025-08-17 13:22:15,43.1889839172363,-9.10305213928223,"Unknown"
"7014852",371861,2025-08-17 13:27:17,43.1891136169434,-9.10321140289307,"Unknown"
"7014852",371861,2025-08-17 13:32:15,43.1890449523926,-9.10324478149414,"Unknown"
"7014852",371861,2025-08-17 13:37:16,43.1883163452148,-9.09942150115967,"Unknown"
"7014852",371861,2025-08-17 13:42:17,43.1831092834473,-9.09272766113281,"Unknown"
"7014852",371861,2025-08-17 13:47:16,43.1833229064941,-9.09288787841797,"Unknown"
"7014852",371861,2025-08-17 13:52:24,43.1830825805664,-9.0926342010498,"Unknown"
"7014852",371861,2025-08-17 13:57:21,43.1831703186035,-9.09276866912842,"Unknown"
"7014852",371861,2025-08-17 14:02:16,43.1830749511719,-9.09262371063232,"Unknown"
"7014852",371861,2025-08-17 14:07:15,43.1834831237793,-9.09283542633057,"Unknown"
"7014852",371861,2025-08-17 14:12:19,43.1829795837402,-9.09251117706299,"Unknown"
"7014852",371861,2025-08-17 14:17:29,43.1832466125488,-9.09263610839844,"Unknown"
"7014852",371861,2025-08-17 14:23:17,43.1832580566406,-9.09263038635254,"Unknown"
"7014852",371861,2025-08-17 14:27:16,43.1878890991211,-9.09934520721436,"Unknown"
"7014852",371861,2025-08-17 14:32:16,43.1882171630859,-9.10024547576904,"Unknown"
"7014852",371861,2025-08-17 14:37:18,43.1882362365723,-9.10025310516357,"Unknown"
"7014852",371861,2025-08-17 14:42:17,43.1883964538574,-9.10045623779297,"Unknown"
"7014852",371861,2025-08-17 14:47:21,43.1899833679199,-9.10115528106689,"Unknown"
"7014852",371861,2025-08-17 14:52:28,43.1901512145996,-9.1013765335083,"Unknown"
"7014852",371861,2025-08-17 14:57:16,43.1902046203613,-9.10140037536621,"Unknown"
"7014852",371861,2025-08-17 15:02:18,43.1900787353516,-9.10127735137939,"Unknown"
"7014852",371861,2025-08-17 15:07:16,43.1899375915527,-9.1010799407959,"Unknown"
"7014852",371861,2025-08-17 15:12:18,43.1899642944336,-9.10109901428223,"Unknown"
"7014852",371861,2025-08-17 15:17:21,43.1900177001953,-9.10123538970947,"Unknown"
"7014852",371861,2025-08-17 15:22:17,43.1901168823242,-9.10130977630615,"Unknown"
"7014852",371861,2025-08-17 15:27:16,43.1900787353516,-9.10136222839355,"Unknown"
"7014852",371861,2025-08-17 15:32:24,43.1899948120117,-9.10110473632812,"Unknown"
"7014852",371861,2025-08-17 15:37:18,43.1899909973145,-9.10116577148438,"Unknown"
"7014852",371861,2025-08-17 15:42:18,43.1873550415039,-9.09932041168213,"Unknown"
"7014852",371861,2025-08-17 15:47:18,43.1882362365723,-9.09985256195068,"Unknown"
"7014852",371861,2025-08-17 15:52:17,43.1887817382812,-9.10071468353271,"Unknown"
"7014852",371861,2025-08-17 15:57:21,43.1885223388672,-9.10025024414062,"Unknown"
"7014852",371861,2025-08-17 16:02:24,43.1884498596191,-9.10028743743896,"Unknown"
"7014852",371861,2025-08-17 16:07:29,43.1884269714355,-9.10026264190674,"Unknown"
"7014852",371861,2025-08-17 16:12:33,43.1884155273438,-9.10035133361816,"Unknown"
"7014852",371861,2025-08-17 16:17:25,43.1884231567383,-9.10035037994385,"Unknown"
"7014852",371861,2025-08-17 16:22:17,43.194206237793,-9.09456157684326,"Unknown"
"7014852",371861,2025-08-17 16:27:18,43.2108383178711,-9.05832672119141,"Unknown"
"7014852",371861,2025-08-17 16:32:18,43.2251205444336,-9.02018070220947,"Unknown"
"7014852",371861,2025-08-17 16:37:44,43.2477378845215,-8.99240684509277,"Unknown"
"7014852",371861,2025-08-17 16:42:18,43.2687225341797,-8.98344421386719,"Unknown"
"7014852",371861,2025-08-17 16:47:22,43.2853164672852,-8.96797275543213,"Unknown"
"7014852",371861,2025-08-17 16:52:16,43.2939186096191,-8.92629241943359,"Unknown"
"7014852",371861,2025-08-17 16:57:21,43.3213500976562,-8.90939617156982,"Unknown"
"7014852",371861,2025-08-17 17:02:26,43.340015411377,-8.86798286437988,"Unknown"
"7014852",371861,2025-08-17 17:08:22,43.3609962463379,-8.84492492675781,"Unknown"
"7014852",371861,2025-08-17 17:12:19,43.3610229492188,-8.84487819671631,"Unknown"
"7014852",371861,2025-08-17 17:17:17,43.3610534667969,-8.84482002258301,"Unknown"
"7014852",371861,2025-08-17 17:22:16,43.3610076904297,-8.84494876861572,"Unknown"
"7014852",371861,2025-08-17 17:27:19,43.3610610961914,-8.84488868713379,"Unknown"
"7014852",371861,2025-08-17 17:32:44,43.3610229492188,-8.84488296508789,"Unknown"
"7014852",371861,2025-08-17 17:37:15,43.3609466552734,-8.84507942199707,"Unknown"
"7014852",371861,2025-08-17 17:42:18,43.3609809875488,-8.84499168395996,"Unknown"
"7014852",371861,2025-08-17 17:47:18,43.361011505127,-8.8448314666748,"Unknown"
"7014852",371861,2025-08-17 17:52:19,43.3609619140625,-8.84490966796875,"Unknown"
"7014852",371861,2025-08-17 17:57:19,43.3610000610352,-8.84492015838623,"Unknown"
"7014852",371861,2025-08-17 18:02:16,43.3610420227051,-8.84494972229004,"Unknown"
"7014852",371861,2025-08-17 18:07:16,43.3609962463379,-8.84501457214355,"Unknown"
"7014852",371861,2025-08-17 18:12:15,43.360767364502,-8.84466361999512,"Unknown"
"7014852",371861,2025-08-17 18:17:19,43.3611030578613,-8.84490489959717,"Unknown"
"7014852",371861,2025-08-17 18:22:18,43.3609428405762,-8.8447790145874,"Unknown"
"7014852",371861,2025-08-17 18:27:17,43.361011505127,-8.8449535369873,"Unknown"
"7014852",371861,2025-08-17 18:32:18,43.3609886169434,-8.84556770324707,"Unknown"
"7014852",371861,2025-08-17 18:37:56,43.3612480163574,-8.84406089782715,"Unknown"
"7014852",371861,2025-08-17 18:42:16,43.3612899780273,-8.84403610229492,"Unknown"
"7014852",371861,2025-08-17 18:47:24,43.3612785339355,-8.84400939941406,"Unknown"
"7014852",371861,2025-08-17 18:52:16,43.3613700866699,-8.84407997131348,"Unknown"
"7014852",371861,2025-08-17 18:57:17,43.3609199523926,-8.8439826965332,"Unknown"
"7014852",371861,2025-08-17 19:02:35,43.3611373901367,-8.84408092498779,"Unknown"
"7014852",371861,2025-08-17 19:07:16,43.3611221313477,-8.8440055847168,"Unknown"
"7014852",371861,2025-08-17 19:12:15,43.3610877990723,-8.84408283233643,"Unknown"
"7014852",371861,2025-08-17 19:17:15,43.3611946105957,-8.84396839141846,"Unknown"
"7014852",371861,2025-08-17 19:22:19,43.3611869812012,-8.84391403198242,"Unknown"
"7014852",371861,2025-08-17 19:27:16,43.3614082336426,-8.8436222076416,"Unknown"
"7014852",371861,2025-08-17 19:32:21,43.3613929748535,-8.84376525878906,"Unknown"
"7014852",371861,2025-08-17 19:37:18,43.3614044189453,-8.84366703033447,"Unknown"
"7014852",371861,2025-08-17 19:42:19,43.3619079589844,-8.84302043914795,"Unknown"
"7014852",371861,2025-08-17 19:47:24,43.3619155883789,-8.84296703338623,"Unknown"
"7014852",371861,2025-08-17 19:52:23,43.3619270324707,-8.84299659729004,"Unknown"
"7014852",371861,2025-08-17 19:57:30,43.3619575500488,-8.84296894073486,"Unknown"
"7014852",371861,2025-08-17 20:02:44,43.3619422912598,-8.84305286407471,"Unknown"
"7014852",371861,2025-08-17 20:07:21,43.3618392944336,-8.84319877624512,"Unknown"
"7014852",371861,2025-08-17 20:12:15,43.3606796264648,-8.84150886535645,"Unknown"
"7014852",371861,2025-08-17 20:15:51,43.3602638244629,-8.84091091156006,"Unknown"
"7014852",371861,2025-08-18 01:16:23,43.3603324890137,-8.84140872955322,"Unknown"
"7014852",371861,2025-08-18 05:49:15,43.360652923584,-8.84884357452393,"Unknown"
"7014852",371861,2025-08-18 05:53:40,43.3603172302246,-8.84812164306641,"Unknown"
"7014852",371861,2025-08-18 05:58:34,43.3605690002441,-8.84810161590576,"Unknown"
"7014852",371861,2025-08-18 06:04:05,43.3603897094727,-8.84815692901611,"Unknown"
"7014852",371861,2025-08-18 06:08:32,43.3605842590332,-8.84790706634521,"Unknown"
"7014852",371861,2025-08-18 06:13:34,43.3606986999512,-8.84819030761719,"Unknown"
"7014852",371861,2025-08-18 06:18:32,43.3605422973633,-8.84800148010254,"Unknown"
"7014852",371861,2025-08-18 06:23:36,43.3606910705566,-8.84809589385986,"Unknown"
"7014852",371861,2025-08-18 06:28:34,43.3606376647949,-8.84805011749268,"Unknown"
"7014852",371861,2025-08-18 06:33:32,43.3561477661133,-8.84837532043457,"Unknown"
"7014852",371861,2025-08-18 06:38:32,43.3430137634277,-8.87966442108154,"Unknown"
"7014852",371861,2025-08-18 06:43:32,43.3229827880859,-8.89868927001953,"Unknown"
"7014852",371861,2025-08-18 06:48:38,43.3156127929688,-8.93244075775146,"Unknown"
"7014852",371861,2025-08-18 06:53:36,43.3009872436523,-8.96484184265137,"Unknown"
"7014852",371861,2025-08-18 06:58:34,43.2855110168457,-8.99575614929199,"Unknown"
"7014852",371861,2025-08-18 07:03:34,43.2652320861816,-9.01016521453857,"Unknown"
"7014852",371861,2025-08-18 07:08:33,43.2391548156738,-9.02296352386475,"Unknown"
"7014852",371861,2025-08-18 07:13:33,43.2179527282715,-9.04425430297852,"Unknown"
"7014852",371861,2025-08-18 07:18:33,43.1990928649902,-9.08007526397705,"Unknown"
"7014852",371861,2025-08-18 07:23:39,43.1832427978516,-9.09234142303467,"Unknown"
"7014852",371861,2025-08-18 07:29:05,43.1831169128418,-9.0925760269165,"Unknown"
"7014852",371861,2025-08-18 07:33:33,43.1838645935059,-9.09304046630859,"Unknown"
"7014852",371861,2025-08-18 07:38:33,43.1839370727539,-9.09254455566406,"Unknown"
"7014852",371861,2025-08-18 07:43:36,43.1831130981445,-9.0925989151001,"Unknown"
"7014852",371861,2025-08-18 07:48:32,43.1832656860352,-9.09287643432617,"Unknown"
"7014852",371861,2025-08-18 07:53:38,43.183292388916,-9.09259510040283,"Unknown"
"7014852",371861,2025-08-18 07:58:36,43.1827583312988,-9.09206199645996,"Unknown"
"7014852",371861,2025-08-18 08:03:37,43.1830673217773,-9.09287929534912,"Unknown"
"7014852",371861,2025-08-18 08:08:39,43.1829948425293,-9.09237003326416,"Unknown"
"7014852",371861,2025-08-18 08:13:34,43.1831665039062,-9.09265041351318,"Unknown"
"7014852",371861,2025-08-18 08:18:36,43.1830940246582,-9.09257411956787,"Unknown"
"7014852",371861,2025-08-18 08:23:44,43.1832160949707,-9.09261322021484,"Unknown"
"7014852",371861,2025-08-18 08:28:32,43.1832008361816,-9.09255599975586,"Unknown"
"7014852",371861,2025-08-18 08:33:32,43.18310546875,-9.09267902374268,"Unknown"
"7014852",371861,2025-08-18 08:38:32,43.1831207275391,-9.09254932403564,"Unknown"
"7014852",371861,2025-08-18 08:43:32,43.1831321716309,-9.09247970581055,"Unknown"
"7014852",371861,2025-08-18 08:48:44,43.1833152770996,-9.09257316589355,"Unknown"
"7014852",371861,2025-08-18 08:53:34,43.1834335327148,-9.09262752532959,"Unknown"
"7014852",371861,2025-08-18 08:58:36,43.1830139160156,-9.0925178527832,"Unknown"
"7014852",371861,2025-08-18 09:04:57,43.1832084655762,-9.09247589111328,"Unknown"
"7014852",371861,2025-08-18 09:08:43,43.1825866699219,-9.09282970428467,"Unknown"
"7014852",371861,2025-08-18 09:13:33,43.1851234436035,-9.09112358093262,"Unknown"
"7014852",371861,2025-08-18 09:18:43,43.1848030090332,-9.0918550491333,"Unknown"
"7014852",371861,2025-08-18 09:23:33,43.1847877502441,-9.0921106338501,"Unknown"
"7014852",371861,2025-08-18 09:28:40,43.1846084594727,-9.09182167053223,"Unknown"
"7014852",371861,2025-08-18 09:33:36,43.1825942993164,-9.09229946136475,"Unknown"
"7014852",371861,2025-08-18 09:38:36,43.1826972961426,-9.09215927124023,"Unknown"
"7014852",371861,2025-08-18 09:43:36,43.1829109191895,-9.09211444854736,"Unknown"
"7014852",371861,2025-08-18 09:49:35,43.1832008361816,-9.09267044067383,"Unknown"
"7014852",371861,2025-08-18 09:53:37,43.1832618713379,-9.09247016906738,"Unknown"
"7014852",371861,2025-08-18 09:58:32,43.1874046325684,-9.09955310821533,"Unknown"
"7014852",371861,2025-08-18 10:03:32,43.1883850097656,-9.10020160675049,"Unknown"
"7014852",371861,2025-08-18 10:08:33,43.1883697509766,-9.10016632080078,"Unknown"
"7014852",371861,2025-08-18 10:13:33,43.1883811950684,-9.1002311706543,"Unknown"
"7014852",371861,2025-08-18 10:18:36,43.1883888244629,-9.10021114349365,"Unknown"
"7014852",371861,2025-08-18 10:23:39,43.1888999938965,-9.09946918487549,"Unknown"
"7014852",371861,2025-08-18 10:28:33,43.1888809204102,-9.09954929351807,"Unknown"
"7014852",371861,2025-08-18 10:33:33,43.1889991760254,-9.09970951080322,"Unknown"
"7014852",371861,2025-08-18 10:38:33,43.1888542175293,-9.09943103790283,"Unknown"
"7014852",371861,2025-08-18 10:43:32,43.189037322998,-9.09947490692139,"Unknown"
"7014852",371861,2025-08-18 10:48:33,43.1890068054199,-9.09950351715088,"Unknown"
"7014852",371861,2025-08-18 10:53:32,43.1889877319336,-9.09946060180664,"Unknown"
"7014852",371861,2025-08-18 10:58:32,43.1889381408691,-9.09961605072021,"Unknown"
"7014852",371861,2025-08-18 11:03:32,43.1875991821289,-9.09945201873779,"Unknown"
"7014852",371861,2025-08-18 11:08:32,43.1874008178711,-9.09953498840332,"Unknown"
"7014852",371861,2025-08-18 11:13:33,43.187557220459,-9.09968757629395,"Unknown"
"7014852",371861,2025-08-18 11:18:38,43.188793182373,-9.09947109222412,"Unknown"
"7014852",371861,2025-08-18 11:23:33,43.1888809204102,-9.09954452514648,"Unknown"
"7014852",371861,2025-08-18 11:28:43,43.1888580322266,-9.09945583343506,"Unknown"
"7014852",371861,2025-08-18 11:33:32,43.1875381469727,-9.09949111938477,"Unknown"
"7014852",371861,2025-08-18 11:38:33,43.1890602111816,-9.09953689575195,"Unknown"
"7014852",371861,2025-08-18 11:43:33,43.1889877319336,-9.09958934783936,"Unknown"
"7014852",371861,2025-08-18 11:48:44,43.1888961791992,-9.0994815826416,"Unknown"
"7014852",371861,2025-08-18 11:53:32,43.1891403198242,-9.09956836700439,"Unknown"
"7014852",371861,2025-08-18 11:58:39,43.1888427734375,-9.09945011138916,"Unknown"
"7014852",371861,2025-08-18 12:03:36,43.1888427734375,-9.09951686859131,"Unknown"
"7014852",371861,2025-08-18 12:08:36,43.1890296936035,-9.09950828552246,"Unknown"
"7014852",371861,2025-08-18 12:13:34,43.1889953613281,-9.09946537017822,"Unknown"
"7014852",371861,2025-08-18 12:18:37,43.1890296936035,-9.09936428070068,"Unknown"
"7014852",371861,2025-08-18 12:23:33,43.1891021728516,-9.0996732711792,"Unknown"
"7014852",371861,2025-08-18 12:28:42,43.1890258789062,-9.09955978393555,"Unknown"
"7014852",371861,2025-08-18 12:33:37,43.1890106201172,-9.09958744049072,"Unknown"
"7014852",371861,2025-08-18 12:38:39,43.1888732910156,-9.0993824005127,"Unknown"
"7014852",371861,2025-08-18 12:43:56,43.1894073486328,-9.10041618347168,"Unknown"
"7014852",371861,2025-08-18 12:48:44,43.1889114379883,-9.09953689575195,"Unknown"
"7014852",371861,2025-08-18 12:53:40,43.1890296936035,-9.09951591491699,"Unknown"
"7014852",371861,2025-08-18 12:58:44,43.1889801025391,-9.09960556030273,"Unknown"
"7014852",371861,2025-08-18 13:03:43,43.1875,-9.09952545166016,"Unknown"
"7014852",371861,2025-08-18 13:08:38,43.1890869140625,-9.09957218170166,"Unknown"
"7014852",371861,2025-08-18 13:13:43,43.1902275085449,-9.10133838653564,"Unknown"
"7014852",371861,2025-08-18 13:18:37,43.1902160644531,-9.10140609741211,"Unknown"
"7014852",371861,2025-08-18 13:23:37,43.1905097961426,-9.10154438018799,"Unknown"
"7014852",371861,2025-08-18 13:28:36,43.1902732849121,-9.10145378112793,"Unknown"
"7014852",371861,2025-08-18 13:33:36,43.1902275085449,-9.10146617889404,"Unknown"
"7014852",371861,2025-08-18 13:38:37,43.1902770996094,-9.10141944885254,"Unknown"
"7014852",371861,2025-08-18 13:43:37,43.1902770996094,-9.10139846801758,"Unknown"
"7014852",371861,2025-08-18 13:48:51,43.1902465820312,-9.10166645050049,"Unknown"
"7014852",371861,2025-08-18 13:53:44,43.190242767334,-9.10145473480225,"Unknown"
"7014852",371861,2025-08-18 13:58:36,43.1902084350586,-9.10147190093994,"Unknown"
"7014852",371861,2025-08-18 14:03:38,43.1901893615723,-9.10147476196289,"Unknown"
"7014852",371861,2025-08-18 14:08:36,43.190315246582,-9.10147190093994,"Unknown"
"7014852",371861,2025-08-18 14:13:37,43.190242767334,-9.10121536254883,"Unknown"
"7014852",371861,2025-08-18 14:18:48,43.1902961730957,-9.10103607177734,"Unknown"
"7014852",371861,2025-08-18 14:23:32,43.1904716491699,-9.10164260864258,"Unknown"
"7014852",371861,2025-08-18 14:28:45,43.1873359680176,-9.09975147247314,"Unknown"
"7014852",371861,2025-08-18 14:33:42,43.1901092529297,-9.10146522521973,"Unknown"
"7014852",371861,2025-08-18 14:38:37,43.1902732849121,-9.10191345214844,"Unknown"
"7014852",371861,2025-08-18 14:43:38,43.1903800964355,-9.10110855102539,"Unknown"
"7014852",371861,2025-08-18 14:49:05,43.1900367736816,-9.10115051269531,"Unknown"
"7014852",371861,2025-08-18 14:53:38,43.1898536682129,-9.10068511962891,"Unknown"
"7014852",371861,2025-08-18 14:58:33,43.1895942687988,-9.10059261322021,"Unknown"
"7014852",371861,2025-08-18 15:03:34,43.1902351379395,-9.10209083557129,"Unknown"
"7014852",371861,2025-08-18 15:08:38,43.1902503967285,-9.10203170776367,"Unknown"
"7014852",371861,2025-08-18 15:13:43,43.1901626586914,-9.10189437866211,"Unknown"
"7014852",371861,2025-08-18 15:18:38,43.1903190612793,-9.10226058959961,"Unknown"
"7014852",371861,2025-08-18 15:23:36,43.1903457641602,-9.10213088989258,"Unknown"
"7014852",371861,2025-08-18 15:28:34,43.1903381347656,-9.10203456878662,"Unknown"
"7014852",371861,2025-08-18 15:33:34,43.1902885437012,-9.10204696655273,"Unknown"
"7014852",371861,2025-08-18 15:38:37,43.1902656555176,-9.10197639465332,"Unknown"
"7014852",371861,2025-08-18 15:43:37,43.1904220581055,-9.10201358795166,"Unknown"
"7014852",371861,2025-08-18 15:48:45,43.1902732849121,-9.10219669342041,"Unknown"
"7014852",371861,2025-08-18 15:53:34,43.1902694702148,-9.10206413269043,"Unknown"
"7014852",371861,2025-08-18 15:58:39,43.1902389526367,-9.10215473175049,"Unknown"
"7014852",371861,2025-08-18 16:03:33,43.1904449462891,-9.10237884521484,"Unknown"
"7014852",371861,2025-08-18 16:08:34,43.1904335021973,-9.10237312316895,"Unknown"
"7014852",371861,2025-08-18 16:13:33,43.190372467041,-9.10208797454834,"Unknown"
"7014852",371861,2025-08-18 16:18:48,43.1903915405273,-9.10241889953613,"Unknown"
"7014852",371861,2025-08-18 16:23:40,43.1903686523438,-9.10205173492432,"Unknown"
"7014852",371861,2025-08-18 16:28:37,43.190357208252,-9.10200119018555,"Unknown"
"7014852",371861,2025-08-18 16:33:39,43.1903991699219,-9.1022253036499,"Unknown"
"7014852",371861,2025-08-18 16:38:39,43.1903610229492,-9.10199546813965,"Unknown"
"7014852",371861,2025-08-18 16:43:37,43.190315246582,-9.1018533706665,"Unknown"
"7014852",371861,2025-08-18 16:49:05,43.1905479431152,-9.10201168060303,"Unknown"
"7014852",371861,2025-08-18 16:53:34,43.1904411315918,-9.10211372375488,"Unknown"
"7014852",371861,2025-08-18 16:58:34,43.190559387207,-9.10216236114502,"Unknown"
"7014852",371861,2025-08-18 17:03:33,43.1905975341797,-9.10223197937012,"Unknown"
"7014852",371861,2025-08-18 17:08:34,43.1830139160156,-9.09268665313721,"Unknown"
"7014852",371861,2025-08-18 17:13:34,43.1833114624023,-9.09240055084229,"Unknown"
"7014852",371861,2025-08-18 17:18:33,43.183406829834,-9.09260559082031,"Unknown"
"7014852",371861,2025-08-18 17:23:34,43.1833457946777,-9.09241390228271,"Unknown"
"7014852",371861,2025-08-18 17:28:34,43.1833724975586,-9.09245109558105,"Unknown"
"7014852",371861,2025-08-18 17:33:34,43.1833877563477,-9.0924596786499,"Unknown"
"7014852",371861,2025-08-18 17:38:34,43.1834106445312,-9.09243106842041,"Unknown"
"7014852",371861,2025-08-18 17:43:37,43.183406829834,-9.09245300292969,"Unknown"
"7014852",371861,2025-08-18 17:48:33,43.1983642578125,-9.07101440429688,"Unknown"
"7014852",371861,2025-08-18 17:53:33,43.2149810791016,-9.03567695617676,"Unknown"
"7014852",371861,2025-08-18 17:58:36,43.2155570983887,-9.03187465667725,"Unknown"
"7014852",371861,2025-08-18 18:03:37,43.2158279418945,-9.03185558319092,"Unknown"
"7014852",371861,2025-08-18 18:08:34,43.2331428527832,-9.01046848297119,"Unknown"
"7014852",371861,2025-08-18 18:13:33,43.2472381591797,-8.97955703735352,"Unknown"
"7014852",371861,2025-08-18 18:18:34,43.2639770507812,-8.97916126251221,"Unknown"
"7014852",371861,2025-08-18 18:23:34,43.2639770507812,-8.97913455963135,"Unknown"
"7014852",371861,2025-08-18 18:28:34,43.2638702392578,-8.97921657562256,"Unknown"
"7014852",371861,2025-08-18 18:33:34,43.2639923095703,-8.97914028167725,"Unknown"
"7014852",371861,2025-08-18 18:38:33,43.2641677856445,-8.97922897338867,"Unknown"
"7014852",371861,2025-08-18 18:43:33,43.2639389038086,-8.97923946380615,"Unknown"
"7014852",371861,2025-08-18 18:48:33,43.2640190124512,-8.97937965393066,"Unknown"
"7014852",371861,2025-08-18 18:53:36,43.2638969421387,-8.97917461395264,"Unknown"
"7014852",371861,2025-08-18 18:58:44,43.2637672424316,-8.97927474975586,"Unknown"
"7014852",371861,2025-08-18 19:03:38,43.2639350891113,-8.97904586791992,"Unknown"
"7014852",371861,2025-08-18 19:08:34,43.2638092041016,-8.97902584075928,"Unknown"
"7014852",371861,2025-08-18 19:13:40,43.2637252807617,-8.97908496856689,"Unknown"
"7014852",371861,2025-08-18 19:18:35,43.2697372436523,-8.98575687408447,"Unknown"
"7014852",371861,2025-08-18 19:23:36,43.2913970947266,-8.97050380706787,"Unknown"
"7014852",371861,2025-08-18 19:28:36,43.305492401123,-8.93423175811768,"Unknown"
"7014852",371861,2025-08-18 19:33:35,43.3269920349121,-8.9054479598999,"Unknown"
"7014852",371861,2025-08-18 19:38:37,43.3459434509277,-8.86830139160156,"Unknown"
"7014852",371861,2025-08-18 19:43:38,43.3607902526855,-8.84879684448242,"Unknown"
"7014852",371861,2025-08-18 19:48:41,43.3607635498047,-8.84887504577637,"Unknown"
"7014852",371861,2025-08-18 19:53:50,43.3607025146484,-8.84883213043213,"Unknown"
"7014852",371861,2025-08-18 19:58:36,43.360710144043,-8.848876953125,"Unknown"
"7014852",371861,2025-08-18 20:03:33,43.3606605529785,-8.84349727630615,"Unknown"
"7014852",371861,2025-08-18 20:08:33,43.3607215881348,-8.84352874755859,"Unknown"
"7014852",371861,2025-08-18 20:14:22,43.3600082397461,-8.84120464324951,"Unknown"
"7014852",371861,2025-08-19 01:14:36,43.3601760864258,-8.84127902984619,"Unknown"
"7014852",371861,2025-08-19 05:50:05,43.3604507446289,-8.84879398345947,"Unknown"
"7014852",371861,2025-08-19 05:54:29,43.3605346679688,-8.84880924224854,"Unknown"
"7014852",371861,2025-08-19 05:59:31,43.3604354858398,-8.84878730773926,"Unknown"
"7014852",371861,2025-08-19 06:04:29,43.360782623291,-8.8484935760498,"Unknown"
"7014852",371861,2025-08-19 06:09:50,43.3457717895508,-8.86933326721191,"Unknown"
"7014852",371861,2025-08-19 06:14:29,43.3250465393066,-8.884596824646,"Unknown"
"7014852",371861,2025-08-19 06:19:30,43.3247947692871,-8.90923500061035,"Unknown"
"7014852",371861,2025-08-19 06:24:28,43.3069648742676,-8.91542053222656,"Unknown"
"7014852",371861,2025-08-19 06:29:34,43.3069915771484,-8.91516017913818,"Unknown"
"7014852",371861,2025-08-19 06:34:31,43.3069229125977,-8.91510772705078,"Unknown"
"7014852",371861,2025-08-19 06:39:30,43.3068237304688,-8.91527366638184,"Unknown"
"7014852",371861,2025-08-19 06:44:37,43.306812286377,-8.91525650024414,"Unknown"
"7014852",371861,2025-08-19 06:49:44,43.3067779541016,-8.91537952423096,"Unknown"
"7014852",371861,2025-08-19 06:54:30,43.3067474365234,-8.91527271270752,"Unknown"
"7014852",371861,2025-08-19 06:59:29,43.3067016601562,-8.91541481018066,"Unknown"
"7014852",371861,2025-08-19 07:04:29,43.3067054748535,-8.91530418395996,"Unknown"
"7014852",371861,2025-08-19 07:09:30,43.3067398071289,-8.91540431976318,"Unknown"
"7014852",371861,2025-08-19 07:14:29,43.306812286377,-8.91518783569336,"Unknown"
"7014852",371861,2025-08-19 07:19:29,43.2980003356934,-8.93178653717041,"Unknown"
"7014852",371861,2025-08-19 07:24:28,43.2912864685059,-8.96260738372803,"Unknown"
"7014852",371861,2025-08-19 07:29:28,43.2798805236816,-8.98894691467285,"Unknown"
"7014852",371861,2025-08-19 07:34:29,43.260066986084,-9.01552295684814,"Unknown"
"7014852",371861,2025-08-19 07:39:28,43.2421417236328,-9.03763771057129,"Unknown"
"7014852",371861,2025-08-19 07:44:28,43.2314300537109,-9.05829811096191,"Unknown"
"7014852",371861,2025-08-19 07:49:29,43.2109260559082,-9.07525539398193,"Unknown"
"7014852",371861,2025-08-19 07:54:28,43.1915626525879,-9.08606910705566,"Unknown"
"7014852",371861,2025-08-19 07:59:36,43.1830406188965,-9.09216976165771,"Unknown"
"7014852",371861,2025-08-19 08:04:33,43.1831016540527,-9.0918493270874,"Unknown"
"7014852",371861,2025-08-19 08:09:44,43.1838874816895,-9.09280967712402,"Unknown"
"7014852",371861,2025-08-19 08:14:29,43.1838531494141,-9.09280586242676,"Unknown"
"7014852",371861,2025-08-19 08:19:29,43.1839332580566,-9.09259223937988,"Unknown"
"7014852",371861,2025-08-19 08:24:28,43.183910369873,-9.09280681610107,"Unknown"
"7014852",371861,2025-08-19 08:29:29,43.1829071044922,-9.09177112579346,"Unknown"
"7014852",371861,2025-08-19 08:34:30,43.1828346252441,-9.09192657470703,"Unknown"
"7014852",371861,2025-08-19 08:39:34,43.182788848877,-9.09206676483154,"Unknown"
"7014852",371861,2025-08-19 08:44:36,43.1829833984375,-9.09223937988281,"Unknown"
"7014852",371861,2025-08-19 08:49:44,43.1830444335938,-9.09256744384766,"Unknown"
"7014852",371861,2025-08-19 08:54:36,43.1832389831543,-9.09256267547607,"Unknown"
"7014852",371861,2025-08-19 08:59:38,43.1830368041992,-9.09251499176025,"Unknown"
"7014852",371861,2025-08-19 09:04:44,43.1832008361816,-9.09254837036133,"Unknown"
"7014852",371861,2025-08-19 09:09:33,43.1832122802734,-9.09269905090332,"Unknown"
"7014852",371861,2025-08-19 09:14:36,43.1831130981445,-9.0927562713623,"Unknown"
"7014852",371861,2025-08-19 09:19:44,43.1832008361816,-9.09265422821045,"Unknown"
"7014852",371861,2025-08-19 09:24:41,43.1831398010254,-9.0926685333252,"Unknown"
"7014852",371861,2025-08-19 09:29:44,43.1831932067871,-9.09266567230225,"Unknown"
"7014852",371861,2025-08-19 09:34:38,43.1834259033203,-9.09253311157227,"Unknown"
"7014852",371861,2025-08-19 09:40:05,43.1830825805664,-9.09271812438965,"Unknown"
"7014852",371861,2025-08-19 09:44:28,43.1831855773926,-9.09259510040283,"Unknown"
"7014852",371861,2025-08-19 09:49:28,43.1830177307129,-9.0925464630127,"Unknown"
"7014852",371861,2025-08-19 09:54:28,43.1831130981445,-9.09246921539307,"Unknown"
"7014852",371861,2025-08-19 09:59:28,43.1831855773926,-9.09174537658691,"Unknown"
"7014852",371861,2025-08-19 10:04:53,43.183032989502,-9.09275531768799,"Unknown"
"7014852",371861,2025-08-19 10:09:30,43.1828689575195,-9.09263706207275,"Unknown"
"7014852",371861,2025-08-19 10:14:30,43.1828842163086,-9.09305191040039,"Unknown"
"7014852",371861,2025-08-19 10:19:30,43.1829376220703,-9.09253025054932,"Unknown"
"7014852",371861,2025-08-19 10:24:35,43.1838493347168,-9.09335136413574,"Unknown"
"7014852",371861,2025-08-19 10:29:28,43.1831436157227,-9.09260940551758,"Unknown"
"7014852",371861,2025-08-19 10:34:44,43.1829071044922,-9.09289932250977,"Unknown"
"7014852",371861,2025-08-19 10:39:30,43.1832008361816,-9.09263134002686,"Unknown"
"7014852",371861,2025-08-19 10:44:31,43.1831092834473,-9.09262847900391,"Unknown"
"7014852",371861,2025-08-19 10:49:44,43.1829833984375,-9.0926570892334,"Unknown"
"7014852",371861,2025-08-19 10:54:36,43.1829795837402,-9.09265327453613,"Unknown"
"7014852",371861,2025-08-19 10:59:33,43.1831703186035,-9.09269237518311,"Unknown"
"7014852",371861,2025-08-19 11:05:14,43.1827926635742,-9.09230613708496,"Unknown"
"7014852",371861,2025-08-19 11:09:30,43.1829566955566,-9.09256267547607,"Unknown"
"7014852",371861,2025-08-19 11:14:33,43.1827774047852,-9.0923023223877,"Unknown"
"7014852",371861,2025-08-19 11:19:33,43.1825828552246,-9.09225082397461,"Unknown"
"7014852",371861,2025-08-19 11:24:36,43.1828460693359,-9.09243392944336,"Unknown"
"7014852",371861,2025-08-19 11:29:29,43.182991027832,-9.0924711227417,"Unknown"
"7014852",371861,2025-08-19 11:34:30,43.1833190917969,-9.09265613555908,"Unknown"
"7014852",371861,2025-08-19 11:39:51,43.1833572387695,-9.09228706359863,"Unknown"
"7014852",371861,2025-08-19 11:44:30,43.1833686828613,-9.09280300140381,"Unknown"
"7014852",371861,2025-08-19 11:50:06,43.1835823059082,-9.09259128570557,"Unknown"
"7014852",371861,2025-08-19 11:54:31,43.1874160766602,-9.09591770172119,"Unknown"
"7014852",371861,2025-08-19 11:59:39,43.1900939941406,-9.10155391693115,"Unknown"
"7014852",371861,2025-08-19 12:04:36,43.190299987793,-9.10158157348633,"Unknown"
"7014852",371861,2025-08-19 12:09:44,43.1902313232422,-9.10162353515625,"Unknown"
"7014852",371861,2025-08-19 12:14:28,43.1902160644531,-9.10144805908203,"Unknown"
"7014852",371861,2025-08-19 12:19:28,43.1902236938477,-9.10167789459229,"Unknown"
"7014852",371861,2025-08-19 12:24:28,43.1902046203613,-9.1015043258667,"Unknown"
"7014852",371861,2025-08-19 12:29:28,43.1902008056641,-9.10168075561523,"Unknown"
"7014852",371861,2025-08-19 12:34:30,43.1902275085449,-9.10166931152344,"Unknown"
"7014852",371861,2025-08-19 12:39:32,43.1902732849121,-9.10170078277588,"Unknown"
"7014852",371861,2025-08-19 12:44:32,43.1903610229492,-9.10165882110596,"Unknown"
"7014852",371861,2025-08-19 12:49:44,43.1902618408203,-9.10169792175293,"Unknown"
"7014852",371861,2025-08-19 12:54:31,43.1902198791504,-9.10167407989502,"Unknown"
"7014852",371861,2025-08-19 12:59:31,43.1902008056641,-9.10166549682617,"Unknown"
"7014852",371861,2025-08-19 13:04:30,43.1901588439941,-9.10166931152344,"Unknown"
"7014852",371861,2025-08-19 13:09:31,43.1901664733887,-9.10163497924805,"Unknown"
"7014852",371861,2025-08-19 13:14:33,43.1902351379395,-9.10207271575928,"Unknown"
"7014852",371861,2025-08-19 13:19:31,43.1890525817871,-9.09896755218506,"Unknown"
"7014852",371861,2025-08-19 13:24:33,43.1877784729004,-9.0682315826416,"Unknown"
"7014852",371861,2025-08-19 13:29:33,43.1943130493164,-9.0407247543335,"Unknown"
"7014852",371861,2025-08-19 13:34:33,43.2030143737793,-9.03393077850342,"Unknown"
"7014852",371861,2025-08-19 13:39:35,43.2166519165039,-9.00180339813232,"Unknown"
"7014852",371861,2025-08-19 13:44:32,43.2158584594727,-8.99745750427246,"Unknown"
"7014852",371861,2025-08-19 13:50:06,43.2168045043945,-8.99588203430176,"Unknown"
"7014852",371861,2025-08-19 13:54:33,43.2170524597168,-8.99606323242188,"Unknown"
"7014852",371861,2025-08-19 13:59:32,43.2166061401367,-8.9974889755249,"Unknown"
"7014852",371861,2025-08-19 14:05:05,43.220775604248,-9.00599765777588,"Unknown"
"7014852",371861,2025-08-19 14:09:30,43.2206382751465,-9.00607204437256,"Unknown"
"7014852",371861,2025-08-19 14:14:32,43.2206268310547,-9.00598335266113,"Unknown"
"7014852",371861,2025-08-19 14:20:05,43.220588684082,-9.00601291656494,"Unknown"
"7014852",371861,2025-08-19 14:24:29,43.2206344604492,-9.0059986114502,"Unknown"
"7014852",371861,2025-08-19 14:29:30,43.220645904541,-9.00605392456055,"Unknown"
"7014852",371861,2025-08-19 14:34:29,43.2205810546875,-9.00606250762939,"Unknown"
"7014852",371861,2025-08-19 14:39:29,43.220531463623,-9.00602436065674,"Unknown"
"7014852",371861,2025-08-19 14:44:29,43.2206382751465,-9.00610542297363,"Unknown"
"7014852",371861,2025-08-19 14:49:30,43.2206382751465,-9.00614261627197,"Unknown"
"7014852",371861,2025-08-19 14:54:30,43.2205543518066,-9.00594520568848,"Unknown"
"7014852",371861,2025-08-19 14:59:29,43.2205810546875,-9.00599765777588,"Unknown"
"7014852",371861,2025-08-19 15:04:29,43.2206153869629,-9.00596237182617,"Unknown"
"7014852",371861,2025-08-19 15:09:30,43.220458984375,-9.00556087493896,"Unknown"
"7014852",371861,2025-08-19 15:14:30,43.220531463623,-9.00595760345459,"Unknown"
"7014852",371861,2025-08-19 15:19:33,43.220531463623,-9.006028175354,"Unknown"
"7014852",371861,2025-08-19 15:24:29,43.2204818725586,-9.00599670410156,"Unknown"
"7014852",371861,2025-08-19 15:29:30,43.2205390930176,-9.00594997406006,"Unknown"
"7014852",371861,2025-08-19 15:34:29,43.2205429077148,-9.00587749481201,"Unknown"
"7014852",371861,2025-08-19 15:39:30,43.2205924987793,-9.00594806671143,"Unknown"
"7014852",371861,2025-08-19 15:44:30,43.2206382751465,-9.0058479309082,"Unknown"
"7014852",371861,2025-08-19 15:49:29,43.220573425293,-9.00600624084473,"Unknown"
"7014852",371861,2025-08-19 15:54:29,43.2346534729004,-9.001389503479,"Unknown"
"7014852",371861,2025-08-19 15:59:29,43.2682571411133,-8.98286819458008,"Unknown"
"7014852",371861,2025-08-19 16:04:34,43.2821235656738,-8.98427391052246,"Unknown"
"7014852",371861,2025-08-19 16:09:29,43.282154083252,-8.9841947555542,"Unknown"
"7014852",371861,2025-08-19 16:14:29,43.2821807861328,-8.98419189453125,"Unknown"
"7014852",371861,2025-08-19 16:19:30,43.2819862365723,-8.98418807983398,"Unknown"
"7014852",371861,2025-08-19 16:24:30,43.2822532653809,-8.98365783691406,"Unknown"
"7014852",371861,2025-08-19 16:29:31,43.2821998596191,-8.98379135131836,"Unknown"
"7014852",371861,2025-08-19 16:34:44,43.2822494506836,-8.98380947113037,"Unknown"
"7014852",371861,2025-08-19 16:39:29,43.2822761535645,-8.98374462127686,"Unknown"
"7014852",371861,2025-08-19 16:44:30,43.2823104858398,-8.98368644714355,"Unknown"
"7014852",371861,2025-08-19 16:49:29,43.2865753173828,-8.96217918395996,"Unknown"
"7014852",371861,2025-08-19 16:54:33,43.2875480651855,-8.96199226379395,"Unknown"
"7014852",371861,2025-08-19 16:59:38,43.2876243591309,-8.96180057525635,"Unknown"
"7014852",371861,2025-08-19 17:04:37,43.2877349853516,-8.96180820465088,"Unknown"
"7014852",371861,2025-08-19 17:09:45,43.2878875732422,-8.96170711517334,"Unknown"
"7014852",371861,2025-08-19 17:14:29,43.2875862121582,-8.96194553375244,"Unknown"
"7014852",371861,2025-08-19 17:19:30,43.2877426147461,-8.96181011199951,"Unknown"
"7014852",371861,2025-08-19 17:24:33,43.2884941101074,-8.96196365356445,"Unknown"
"7014852",371861,2025-08-19 17:29:29,43.3131484985352,-8.91996192932129,"Unknown"
"7014852",371861,2025-08-19 17:34:44,43.3216438293457,-8.90302848815918,"Unknown"
"7014852",371861,2025-08-19 17:39:31,43.3215789794922,-8.903076171875,"Unknown"
"7014852",371861,2025-08-19 17:44:33,43.3216934204102,-8.90350437164307,"Unknown"
"7014852",371861,2025-08-19 17:49:39,43.3215637207031,-8.90304565429688,"Unknown"
"7014852",371861,2025-08-19 17:54:30,43.3217430114746,-8.90230178833008,"Unknown"
"7014852",371861,2025-08-19 17:59:36,43.3216781616211,-8.90283966064453,"Unknown"
"7014852",371861,2025-08-19 18:04:39,43.3216934204102,-8.90303230285645,"Unknown"
"7014852",371861,2025-08-19 18:09:39,43.321704864502,-8.90311145782471,"Unknown"
"7014852",371861,2025-08-19 18:14:39,43.3217086791992,-8.90296077728271,"Unknown"
"7014852",371861,2025-08-19 18:19:39,43.3216552734375,-8.90313339233398,"Unknown"
"7014852",371861,2025-08-19 18:24:39,43.3216552734375,-8.90268898010254,"Unknown"
"7014852",371861,2025-08-19 18:29:39,43.3217353820801,-8.90315532684326,"Unknown"
"7014852",371861,2025-08-19 18:35:05,43.3216018676758,-8.90302467346191,"Unknown"
"7014852",371861,2025-08-19 18:39:29,43.3215713500977,-8.90298461914062,"Unknown"
"7014852",371861,2025-08-19 18:44:29,43.3216171264648,-8.90291404724121,"Unknown"
"7014852",371861,2025-08-19 18:49:29,43.3215675354004,-8.90302562713623,"Unknown"
"7014852",371861,2025-08-19 18:54:29,43.3216323852539,-8.90300750732422,"Unknown"
"7014852",371861,2025-08-19 18:59:29,43.3215980529785,-8.90301990509033,"Unknown"
"7014852",371861,2025-08-19 19:04:29,43.321590423584,-8.9031286239624,"Unknown"
"7014852",371861,2025-08-19 19:09:29,43.3216323852539,-8.9030237197876,"Unknown"
"7014852",371861,2025-08-19 19:14:32,43.3216285705566,-8.90299320220947,"Unknown"
"7014852",371861,2025-08-19 19:19:29,43.3215065002441,-8.90299797058105,"Unknown"
"7014852",371861,2025-08-19 19:24:37,43.3215827941895,-8.90296936035156,"Unknown"
"7014852",371861,2025-08-19 19:29:45,43.3215942382812,-8.90294075012207,"Unknown"
"7014852",371861,2025-08-19 19:34:29,43.3214874267578,-8.90287399291992,"Unknown"
"7014852",371861,2025-08-19 19:39:29,43.321590423584,-8.90297985076904,"Unknown"
"7014852",371861,2025-08-19 19:44:31,43.3215484619141,-8.9029712677002,"Unknown"
"7014852",371861,2025-08-19 19:49:44,43.3422317504883,-8.88326263427734,"Unknown"
"7014852",371861,2025-08-19 19:55:29,43.3618659973145,-8.84363079071045,"Unknown"
"7014852",371861,2025-08-19 19:59:32,43.3611755371094,-8.84467792510986,"Unknown"
"7014852",371861,2025-08-19 20:04:32,43.3605155944824,-8.84352684020996,"Unknown"
"7014852",371861,2025-08-19 20:11:26,43.3605079650879,-8.84387683868408,"Unknown"
"7014852",371861,2025-08-20 01:11:35,43.3601303100586,-8.84122371673584,"Unknown"
"7014852",371861,2025-08-20 05:55:46,43.2635841369629,-9.01549816131592,"Unknown"
"7014852",371861,2025-08-20 06:00:40,43.2373123168945,-9.02949237823486,"Unknown"
"7014852",371861,2025-08-20 06:05:37,43.216381072998,-9.04965209960938,"Unknown"
"7014852",371861,2025-08-20 06:10:34,43.1985511779785,-9.07687473297119,"Unknown"
"7014852",371861,2025-08-20 06:15:34,43.1834106445312,-9.09224796295166,"Unknown"
"7014852",371861,2025-08-20 06:20:37,43.1833114624023,-9.09213256835938,"Unknown"
"7014852",371861,2025-08-20 06:25:34,43.1838264465332,-9.09231185913086,"Unknown"
"7014852",371861,2025-08-20 06:30:48,43.1826286315918,-9.09244728088379,"Unknown"
"7014852",371861,2025-08-20 06:35:34,43.1836853027344,-9.09224414825439,"Unknown"
"7014852",371861,2025-08-20 06:40:34,43.1841506958008,-9.09237766265869,"Unknown"
"7014852",371861,2025-08-20 06:45:34,43.1838912963867,-9.0925350189209,"Unknown"
"7014852",371861,2025-08-20 06:50:37,43.1839027404785,-9.09230995178223,"Unknown"
"7014852",371861,2025-08-20 06:55:34,43.183162689209,-9.09198951721191,"Unknown"
"7014852",371861,2025-08-20 07:00:37,43.1831703186035,-9.09200572967529,"Unknown"
"7014852",371861,2025-08-20 07:05:39,43.1829872131348,-9.09195709228516,"Unknown"
"7014852",371861,2025-08-20 07:10:34,43.1810111999512,-9.09085655212402,"Unknown"
"7014852",371861,2025-08-20 07:15:34,43.1810302734375,-9.09079933166504,"Unknown"
"7014852",371861,2025-08-20 07:20:34,43.1809539794922,-9.09109973907471,"Unknown"
"7014852",371861,2025-08-20 07:25:34,43.1809349060059,-9.0910120010376,"Unknown"
"7014852",371861,2025-08-20 07:30:34,43.1808395385742,-9.09101104736328,"Unknown"
"7014852",371861,2025-08-20 07:35:34,43.1812705993652,-9.09133338928223,"Unknown"
"7014852",371861,2025-08-20 07:40:34,43.1812477111816,-9.09147453308105,"Unknown"
"7014852",371861,2025-08-20 07:45:34,43.1827621459961,-9.09164047241211,"Unknown"
"7014852",371861,2025-08-20 07:50:34,43.1834945678711,-9.0922794342041,"Unknown"
"7014852",371861,2025-08-20 07:55:39,43.1832466125488,-9.09228324890137,"Unknown"
"7014852",371861,2025-08-20 08:00:34,43.1833572387695,-9.09228420257568,"Unknown"
"7014852",371861,2025-08-20 08:05:38,43.1831817626953,-9.09235954284668,"Unknown"
"7014852",371861,2025-08-20 08:11:49,43.1835670471191,-9.09245681762695,"Unknown"
"7014852",371861,2025-08-20 08:16:49,43.1834869384766,-9.09216022491455,"Unknown"
"7014852",371861,2025-08-20 08:21:48,43.1836547851562,-9.09273052215576,"Unknown"
"7014852",371861,2025-08-20 08:26:49,43.1839561462402,-9.09331798553467,"Unknown"
"7014852",371861,2025-08-20 08:31:52,43.1837425231934,-9.09283828735352,"Unknown"
"7014852",371861,2025-08-20 08:37:28,43.1832885742188,-9.09226989746094,"Unknown"
"7014852",371861,2025-08-20 08:42:09,43.1830711364746,-9.09245491027832,"Unknown"
"7014852",371861,2025-08-20 08:46:59,43.1830024719238,-9.09251308441162,"Unknown"
"7014852",371861,2025-08-20 08:52:05,43.1830749511719,-9.0924243927002,"Unknown"
"7014852",371861,2025-08-20 08:56:49,43.1840438842773,-9.09257793426514,"Unknown"
"7014852",371861,2025-08-20 09:01:54,43.1832084655762,-9.09243583679199,"Unknown"
"7014852",371861,2025-08-20 09:06:48,43.1832504272461,-9.09278678894043,"Unknown"
"7014852",371861,2025-08-20 09:11:52,43.185905456543,-9.105299949646,"Unknown"
"7014852",371861,2025-08-20 09:16:49,43.1859703063965,-9.1056079864502,"Unknown"
"7014852",371861,2025-08-20 09:21:48,43.1862411499023,-9.10578346252441,"Unknown"
"7014852",371861,2025-08-20 09:26:48,43.1856880187988,-9.10553073883057,"Unknown"
"7014852",371861,2025-08-20 09:31:49,43.1856307983398,-9.10556125640869,"Unknown"
"7014852",371861,2025-08-20 09:36:48,43.1862754821777,-9.10552883148193,"Unknown"
"7014852",371861,2025-08-20 09:41:49,43.1862411499023,-9.10545063018799,"Unknown"
"7014852",371861,2025-08-20 09:46:48,43.1856689453125,-9.10549354553223,"Unknown"
"7014852",371861,2025-08-20 09:51:48,43.1857147216797,-9.1053638458252,"Unknown"
"7014852",371861,2025-08-20 09:56:48,43.1849708557129,-9.10539722442627,"Unknown"
"7014852",371861,2025-08-20 10:01:48,43.1854209899902,-9.10571193695068,"Unknown"
"7014852",371861,2025-08-20 10:06:49,43.1855773925781,-9.10579872131348,"Unknown"
"7014852",371861,2025-08-20 10:11:48,43.1859855651855,-9.10554218292236,"Unknown"
"7014852",371861,2025-08-20 10:16:48,43.1874694824219,-9.10418796539307,"Unknown"
"7014852",371861,2025-08-20 10:21:48,43.183292388916,-9.09290981292725,"Unknown"
"7014852",371861,2025-08-20 10:26:48,43.182804107666,-9.09246444702148,"Unknown"
"7014852",371861,2025-08-20 10:31:48,43.1829032897949,-9.09258460998535,"Unknown"
"7014852",371861,2025-08-20 10:36:49,43.1829872131348,-9.09267997741699,"Unknown"
"7014852",371861,2025-08-20 10:41:48,43.1840324401855,-9.09308433532715,"Unknown"
"7014852",371861,2025-08-20 10:46:48,43.1841659545898,-9.09314060211182,"Unknown"
"7014852",371861,2025-08-20 10:51:48,43.1839714050293,-9.09310245513916,"Unknown"
"7014852",371861,2025-08-20 10:56:48,43.1841011047363,-9.09315776824951,"Unknown"
"7014852",371861,2025-08-20 11:01:48,43.1840782165527,-9.0931510925293,"Unknown"
"7014852",371861,2025-08-20 11:06:48,43.1842079162598,-9.09303951263428,"Unknown"
"7014852",371861,2025-08-20 11:11:48,43.1831016540527,-9.09267616271973,"Unknown"
"7014852",371861,2025-08-20 11:16:49,43.1832046508789,-9.09258842468262,"Unknown"
"7014852",371861,2025-08-20 11:21:48,43.1831245422363,-9.09257793426514,"Unknown"
"7014852",371861,2025-08-20 11:26:51,43.1832504272461,-9.09284114837646,"Unknown"
"7014852",371861,2025-08-20 11:31:49,43.1833000183105,-9.09276580810547,"Unknown"
"7014852",371861,2025-08-20 11:36:49,43.1832122802734,-9.09289741516113,"Unknown"
"7014852",371861,2025-08-20 11:41:49,43.1832656860352,-9.0928258895874,"Unknown"
"7014852",371861,2025-08-20 11:46:49,43.1836700439453,-9.09305000305176,"Unknown"
"7014852",371861,2025-08-20 11:51:49,43.1833534240723,-9.09300327301025,"Unknown"
"7014852",371861,2025-08-20 11:56:48,43.1832542419434,-9.09286594390869,"Unknown"
"7014852",371861,2025-08-20 12:01:48,43.1834030151367,-9.0929126739502,"Unknown"
"7014852",371861,2025-08-20 12:06:50,43.1834907531738,-9.09282779693604,"Unknown"
"7014852",371861,2025-08-20 12:11:51,43.1878089904785,-9.09950065612793,"Unknown"
"7014852",371861,2025-08-20 12:16:48,43.1834716796875,-9.09265613555908,"Unknown"
"7014852",371861,2025-08-20 12:21:48,43.1834259033203,-9.0927267074585,"Unknown"
"7014852",371861,2025-08-20 12:26:48,43.1834106445312,-9.09266090393066,"Unknown"
"7014852",371861,2025-08-20 12:31:52,43.1833724975586,-9.09268569946289,"Unknown"
"7014852",371861,2025-08-20 12:36:48,43.1833534240723,-9.09260368347168,"Unknown"
"7014852",371861,2025-08-20 12:41:57,43.183422088623,-9.09251403808594,"Unknown"
"7014852",371861,2025-08-20 12:47:17,43.1828880310059,-9.09365367889404,"Unknown"
"7014852",371861,2025-08-20 12:51:49,43.1831703186035,-9.09261131286621,"Unknown"
"7014852",371861,2025-08-20 12:57:00,43.1832695007324,-9.09234046936035,"Unknown"
"7014852",371861,2025-08-20 13:01:48,43.1902618408203,-9.10212898254395,"Unknown"
"7014852",371861,2025-08-20 13:06:48,43.1903228759766,-9.1019926071167,"Unknown"
"7014852",371861,2025-08-20 13:11:48,43.1903076171875,-9.10217380523682,"Unknown"
"7014852",371861,2025-08-20 13:16:48,43.1903038024902,-9.10211086273193,"Unknown"
"7014852",371861,2025-08-20 13:21:50,43.1905670166016,-9.10252952575684,"Unknown"
"7014852",371861,2025-08-20 13:26:50,43.1917304992676,-9.09820652008057,"Unknown"
"7014852",371861,2025-08-20 13:31:52,43.1917724609375,-9.09814548492432,"Unknown"
"7014852",371861,2025-08-20 13:36:49,43.1917152404785,-9.09821701049805,"Unknown"
"7014852",371861,2025-08-20 13:41:48,43.1918144226074,-9.09829330444336,"Unknown"
"7014852",371861,2025-08-20 13:46:48,43.1917610168457,-9.09836387634277,"Unknown"
"7014852",371861,2025-08-20 13:51:49,43.1916809082031,-9.09841728210449,"Unknown"
"7014852",371861,2025-08-20 13:56:48,43.1918830871582,-9.09854698181152,"Unknown"
"7014852",371861,2025-08-20 14:01:49,43.1918525695801,-9.09850978851318,"Unknown"
"7014852",371861,2025-08-20 14:06:49,43.1914291381836,-9.09759712219238,"Unknown"
"7014852",371861,2025-08-20 14:11:49,43.1915473937988,-9.09775924682617,"Unknown"
"7014852",371861,2025-08-20 14:16:49,43.1917839050293,-9.09811305999756,"Unknown"
"7014852",371861,2025-08-20 14:21:50,43.1918258666992,-9.0982084274292,"Unknown"
"7014852",371861,2025-08-20 14:26:51,43.1918411254883,-9.09821891784668,"Unknown"
"7014852",371861,2025-08-20 14:31:49,43.1918525695801,-9.09818744659424,"Unknown"
"7014852",371861,2025-08-20 14:36:50,43.1910705566406,-9.09687900543213,"Unknown"
"7014852",371861,2025-08-20 14:41:53,43.1916160583496,-9.09777736663818,"Unknown"
"7014852",371861,2025-08-20 14:47:01,43.1919937133789,-9.0983772277832,"Unknown"
"7014852",371861,2025-08-20 14:51:48,43.1920394897461,-9.09845066070557,"Unknown"
"7014852",371861,2025-08-20 14:56:49,43.1920204162598,-9.09850597381592,"Unknown"
"7014852",371861,2025-08-20 15:01:51,43.1918411254883,-9.0981616973877,"Unknown"
"7014852",371861,2025-08-20 15:06:49,43.1918716430664,-9.09814834594727,"Unknown"
"7014852",371861,2025-08-20 15:11:49,43.1918716430664,-9.09830570220947,"Unknown"
"7014852",371861,2025-08-20 15:16:49,43.1884536743164,-9.10004138946533,"Unknown"
"7014852",371861,2025-08-20 15:21:50,43.1889305114746,-9.10007190704346,"Unknown"
"7014852",371861,2025-08-20 15:26:49,43.191707611084,-9.09819316864014,"Unknown"
"7014852",371861,2025-08-20 15:31:49,43.1914863586426,-9.09839916229248,"Unknown"
"7014852",371861,2025-08-20 15:36:49,43.1916694641113,-9.09796237945557,"Unknown"
"7014852",371861,2025-08-20 15:41:51,43.191291809082,-9.0987663269043,"Unknown"
"7014852",371861,2025-08-20 15:46:49,43.1906585693359,-9.09930896759033,"Unknown"
"7014852",371861,2025-08-20 15:51:50,43.1906585693359,-9.0989351272583,"Unknown"
"7014852",371861,2025-08-20 15:56:49,43.1915321350098,-9.09852409362793,"Unknown"
"7014852",371861,2025-08-20 16:01:51,43.1924285888672,-9.09773540496826,"Unknown"
"7014852",371861,2025-08-20 16:06:49,43.192066192627,-9.09803867340088,"Unknown"
"7014852",371861,2025-08-20 16:11:49,43.1923942565918,-9.09775352478027,"Unknown"
"7014852",371861,2025-08-20 16:16:49,43.1916580200195,-9.0983943939209,"Unknown"
"7014852",371861,2025-08-20 16:21:49,43.1918830871582,-9.09813022613525,"Unknown"
"7014852",371861,2025-08-20 16:26:50,43.192066192627,-9.09794998168945,"Unknown"
"7014852",371861,2025-08-20 16:31:50,43.1915397644043,-9.09882831573486,"Unknown"
"7014852",371861,2025-08-20 16:36:51,43.1919136047363,-9.09790515899658,"Unknown"
"7014852",371861,2025-08-20 16:41:52,43.1912307739258,-9.09844970703125,"Unknown"
"7014852",371861,2025-08-20 16:46:51,43.1914291381836,-9.09882640838623,"Unknown"
"7014852",371861,2025-08-20 16:51:51,43.1917915344238,-9.09850311279297,"Unknown"
"7014852",371861,2025-08-20 16:56:50,43.1916084289551,-9.09856414794922,"Unknown"
"7014852",371861,2025-08-20 17:01:50,43.192024230957,-9.09818267822266,"Unknown"
"7014852",371861,2025-08-20 17:06:50,43.1917495727539,-9.09846687316895,"Unknown"
"7014852",371861,2025-08-20 17:11:51,43.191333770752,-9.09860897064209,"Unknown"
"7014852",371861,2025-08-20 17:16:51,43.1920547485352,-9.0979118347168,"Unknown"
"7014852",371861,2025-08-20 17:21:51,43.191707611084,-9.0981330871582,"Unknown"
"7014852",371861,2025-08-20 17:27:03,43.1919784545898,-9.0983419418335,"Unknown"
"7014852",371861,2025-08-20 17:31:52,43.1921195983887,-9.09846591949463,"Unknown"
"7014852",371861,2025-08-20 17:36:52,43.1922645568848,-9.09820079803467,"Unknown"
"7014852",371861,2025-08-20 17:41:51,43.1923942565918,-9.09810543060303,"Unknown"
"7014852",371861,2025-08-20 17:46:49,43.1921348571777,-9.09805107116699,"Unknown"
"7014852",371861,2025-08-20 17:51:49,43.1918830871582,-9.09844875335693,"Unknown"
"7014852",371861,2025-08-20 17:56:54,43.1927680969238,-9.09855270385742,"Unknown"
"7014852",371861,2025-08-20 18:02:01,43.1938743591309,-9.09649753570557,"Unknown"
"7014852",371861,2025-08-20 18:06:51,43.1935043334961,-9.0968132019043,"Unknown"
"7014852",371861,2025-08-20 18:11:51,43.193675994873,-9.09659671783447,"Unknown"
"7014852",371861,2025-08-20 18:16:51,43.2064971923828,-9.06153106689453,"Unknown"
"7014852",371861,2025-08-20 18:21:51,43.2265090942383,-9.02602195739746,"Unknown"
"7014852",371861,2025-08-20 18:26:51,43.2495079040527,-8.9969596862793,"Unknown"
"7014852",371861,2025-08-20 18:31:51,43.2771682739258,-8.98638248443604,"Unknown"
"7014852",371861,2025-08-20 18:36:51,43.2871208190918,-8.9620475769043,"Unknown"
"7014852",371861,2025-08-20 18:41:54,43.2876319885254,-8.96216773986816,"Unknown"
"7014852",371861,2025-08-20 18:47:00,43.2877388000488,-8.96147346496582,"Unknown"
"7014852",371861,2025-08-20 18:51:50,43.2875633239746,-8.9617919921875,"Unknown"
"7014852",371861,2025-08-20 18:56:51,43.2876129150391,-8.96170234680176,"Unknown"
"7014852",371861,2025-08-20 19:01:52,43.2875938415527,-8.96164226531982,"Unknown"
"7014852",371861,2025-08-20 19:06:57,43.2877502441406,-8.96166133880615,"Unknown"
"7014852",371861,2025-08-20 19:12:14,43.2873420715332,-8.96176433563232,"Unknown"
"7014852",371861,2025-08-20 19:16:51,43.2873611450195,-8.96191024780273,"Unknown"
"7014852",371861,2025-08-20 19:21:50,43.287281036377,-8.96222400665283,"Unknown"
"7014852",371861,2025-08-20 19:26:50,43.2871284484863,-8.96170711517334,"Unknown"
"7014852",371861,2025-08-20 19:31:50,43.3042984008789,-8.9433126449585,"Unknown"
"7014852",371861,2025-08-20 19:36:50,43.326732635498,-8.90803050994873,"Unknown"
"7014852",371861,2025-08-20 19:41:50,43.3479118347168,-8.86970233917236,"Unknown"
"7014852",371861,2025-08-20 19:47:20,43.3612403869629,-8.84403610229492,"Unknown"
"7014852",371861,2025-08-20 19:51:49,43.361083984375,-8.84408569335938,"Unknown"
"7014852",371861,2025-08-20 19:56:50,43.3610610961914,-8.84415054321289,"Unknown"
"7014852",371861,2025-08-20 20:01:50,43.361083984375,-8.84408378601074,"Unknown"
"7014852",371861,2025-08-20 20:06:52,43.3612518310547,-8.84410190582275,"Unknown"
"7014852",371861,2025-08-20 20:10:45,43.3594779968262,-8.84113883972168,"Unknown"
"7014852",371861,2025-08-21 01:10:46,43.3604011535645,-8.84131908416748,"Unknown"
"7014852",371861,2025-08-21 05:52:19,43.1945724487305,-9.07453918457031,"Unknown"
"7014852",371861,2025-08-21 05:57:36,43.1830024719238,-9.09260559082031,"Unknown"
"7014852",371861,2025-08-21 06:02:22,43.1831665039062,-9.09267807006836,"Unknown"
"7014852",371861,2025-08-21 06:06:51,43.1830978393555,-9.09244060516357,"Unknown"
"7014852",371861,2025-08-21 06:11:51,43.1833915710449,-9.09220695495605,"Unknown"
"7014852",371861,2025-08-21 06:16:51,43.1831665039062,-9.09265041351318,"Unknown"
"7014852",371861,2025-08-21 06:21:54,43.1831207275391,-9.09263896942139,"Unknown"
"7014852",371861,2025-08-21 06:26:51,43.1831436157227,-9.0926456451416,"Unknown"
"7014852",371861,2025-08-21 06:31:51,43.1831512451172,-9.09268379211426,"Unknown"
"7014852",371861,2025-08-21 06:37:00,43.1833000183105,-9.09290409088135,"Unknown"
"7014852",371861,2025-08-21 06:42:00,43.1834144592285,-9.09290313720703,"Unknown"
"7014852",371861,2025-08-21 06:46:51,43.1832504272461,-9.09297752380371,"Unknown"
"7014852",371861,2025-08-21 06:52:02,43.1831665039062,-9.09250831604004,"Unknown"
"7014852",371861,2025-08-21 06:56:53,43.1829490661621,-9.09251689910889,"Unknown"
"7014852",371861,2025-08-21 07:01:51,43.1828880310059,-9.09233665466309,"Unknown"
"7014852",371861,2025-08-21 07:06:55,43.1829223632812,-9.09231758117676,"Unknown"
"7014852",371861,2025-08-21 07:11:55,43.1834564208984,-9.09257316589355,"Unknown"
"7014852",371861,2025-08-21 07:16:51,43.1833648681641,-9.09275913238525,"Unknown"
"7014852",371861,2025-08-21 07:21:51,43.1833038330078,-9.09278392791748,"Unknown"
"7014852",371861,2025-08-21 07:26:52,43.1832542419434,-9.09252548217773,"Unknown"
"7014852",371861,2025-08-21 07:31:54,43.1832962036133,-9.09253311157227,"Unknown"
"7014852",371861,2025-08-21 07:37:14,43.1835594177246,-9.09288787841797,"Unknown"
"7014852",371861,2025-08-21 07:41:51,43.1834869384766,-9.09347820281982,"Unknown"
"7014852",371861,2025-08-21 07:46:57,43.1833419799805,-9.09254741668701,"Unknown"
"7014852",371861,2025-08-21 07:51:51,43.1831169128418,-9.09282112121582,"Unknown"
"7014852",371861,2025-08-21 07:57:21,43.1831283569336,-9.09220218658447,"Unknown"
"7014852",371861,2025-08-21 08:01:58,43.1841163635254,-9.09407615661621,"Unknown"
"7014852",371861,2025-08-21 08:07:59,43.1830902099609,-9.09316921234131,"Unknown"
"7014852",371861,2025-08-21 08:12:14,43.1830787658691,-9.09333324432373,"Unknown"
"7014852",371861,2025-08-21 08:16:52,43.1831207275391,-9.09266090393066,"Unknown"
"7014852",371861,2025-08-21 08:21:51,43.1833381652832,-9.09245300292969,"Unknown"
"7014852",371861,2025-08-21 08:27:14,43.1834716796875,-9.0937557220459,"Unknown"
"7014852",371861,2025-08-21 08:31:57,43.1832008361816,-9.09228324890137,"Unknown"
"7014852",371861,2025-08-21 08:36:52,43.1830406188965,-9.09194278717041,"Unknown"
"7014852",371861,2025-08-21 08:42:01,43.1824073791504,-9.09298419952393,"Unknown"
"7014852",371861,2025-08-21 08:47:15,43.1829872131348,-9.09216594696045,"Unknown"
"7014852",371861,2025-08-21 08:51:57,43.1830444335938,-9.09213447570801,"Unknown"
"7014852",371861,2025-08-21 08:56:59,43.1830444335938,-9.09214496612549,"Unknown"
"7014852",371861,2025-08-21 09:01:51,43.1827011108398,-9.09433460235596,"Unknown"
"7014852",371861,2025-08-21 09:06:55,43.1832466125488,-9.09246635437012,"Unknown"
"7014852",371861,2025-08-21 09:11:59,43.1830444335938,-9.09257030487061,"Unknown"
"7014852",371861,2025-08-21 09:17:01,43.1833000183105,-9.09182643890381,"Unknown"
"7014852",371861,2025-08-21 09:22:14,43.1831588745117,-9.09240341186523,"Unknown"
"7014852",371861,2025-08-21 09:26:55,43.183219909668,-9.09229469299316,"Unknown"
"7014852",371861,2025-08-21 09:32:23,43.1832160949707,-9.09233856201172,"Unknown"
"7014852",371861,2025-08-21 09:36:57,43.1883392333984,-9.10004997253418,"Unknown"
"7014852",371861,2025-08-21 09:41:53,43.1887855529785,-9.10006427764893,"Unknown"
"7014852",371861,2025-08-21 09:47:01,43.1903533935547,-9.1006326675415,"Unknown"
"7014852",371861,2025-08-21 09:52:44,43.1874732971191,-9.09977436065674,"Unknown"
"7014852",371861,2025-08-21 09:57:27,43.1886215209961,-9.10012817382812,"Unknown"
"7014852",371861,2025-08-21 10:01:59,43.1905975341797,-9.10036659240723,"Unknown"
"7014852",371861,2025-08-21 10:07:29,43.1903953552246,-9.10085105895996,"Unknown"
"7014852",371861,2025-08-21 10:11:57,43.1904029846191,-9.10087966918945,"Unknown"
"7014852",371861,2025-08-21 10:16:57,43.1904067993164,-9.10085105895996,"Unknown"
"7014852",371861,2025-08-21 10:21:52,43.1903038024902,-9.10015201568604,"Unknown"
"7014852",371861,2025-08-21 10:26:53,43.1902618408203,-9.10077857971191,"Unknown"
"7014852",371861,2025-08-21 10:31:57,43.1902809143066,-9.1008472442627,"Unknown"
"7014852",371861,2025-08-21 10:37:00,43.1901969909668,-9.10123538970947,"Unknown"
"7014852",371861,2025-08-21 10:42:00,43.1899948120117,-9.1010217666626,"Unknown"
"7014852",371861,2025-08-21 10:47:14,43.190013885498,-9.10108184814453,"Unknown"
"7014852",371861,2025-08-21 10:51:58,43.1899909973145,-9.10102653503418,"Unknown"
"7014852",371861,2025-08-21 10:56:53,43.189998626709,-9.1010913848877,"Unknown"
"7014852",371861,2025-08-21 11:01:57,43.190013885498,-9.10108470916748,"Unknown"
"7014852",371861,2025-08-21 11:06:53,43.1899528503418,-9.10074329376221,"Unknown"
"7014852",371861,2025-08-21 11:11:56,43.1900863647461,-9.1014404296875,"Unknown"
"7014852",371861,2025-08-21 11:16:52,43.1900825500488,-9.10161018371582,"Unknown"
"7014852",371861,2025-08-21 11:22:01,43.1899223327637,-9.10080337524414,"Unknown"
"7014852",371861,2025-08-21 11:27:00,43.1898536682129,-9.10073852539062,"Unknown"
"7014852",371861,2025-08-21 11:32:15,43.1900634765625,-9.1010799407959,"Unknown"
"7014852",371861,2025-08-21 11:36:54,43.1898880004883,-9.10060405731201,"Unknown"
"7014852",371861,2025-08-21 11:41:58,43.1900329589844,-9.10114192962646,"Unknown"
"7014852",371861,2025-08-21 11:46:51,43.1899261474609,-9.10105800628662,"Unknown"
"7014852",371861,2025-08-21 11:51:55,43.1900444030762,-9.10109806060791,"Unknown"
"7014852",371861,2025-08-21 11:56:54,43.1900253295898,-9.10123634338379,"Unknown"
"7014852",371861,2025-08-21 12:01:51,43.1901206970215,-9.10141181945801,"Unknown"
"7014852",371861,2025-08-21 12:06:51,43.1900062561035,-9.10124206542969,"Unknown"
"7014852",371861,2025-08-21 12:11:52,43.190013885498,-9.10131549835205,"Unknown"
"7014852",371861,2025-08-21 12:17:01,43.1900024414062,-9.10097408294678,"Unknown"
"7014852",371861,2025-08-21 12:21:58,43.1899337768555,-9.10111618041992,"Unknown"
"7014852",371861,2025-08-21 12:26:59,43.1899299621582,-9.10097122192383,"Unknown"
"7014852",371861,2025-08-21 12:32:29,43.190055847168,-9.10117340087891,"Unknown"
"7014852",371861,2025-08-21 12:36:50,43.1900978088379,-9.10125732421875,"Unknown"
"7014852",371861,2025-08-21 12:41:51,43.1901016235352,-9.1010684967041,"Unknown"
"7014852",371861,2025-08-21 12:46:50,43.1875953674316,-9.09933471679688,"Unknown"
"7014852",371861,2025-08-21 12:51:50,43.1875686645508,-9.09945011138916,"Unknown"
"7014852",371861,2025-08-21 12:56:51,43.1890411376953,-9.09943103790283,"Unknown"
"7014852",371861,2025-08-21 13:01:51,43.1890258789062,-9.09949398040771,"Unknown"
"7014852",371861,2025-08-21 13:06:51,43.1890182495117,-9.0995044708252,"Unknown"
"7014852",371861,2025-08-21 13:11:52,43.1889877319336,-9.09945297241211,"Unknown"
"7014852",371861,2025-08-21 13:16:53,43.1890182495117,-9.09947299957275,"Unknown"
"7014852",371861,2025-08-21 13:21:51,43.189022064209,-9.09947872161865,"Unknown"
"7014852",371861,2025-08-21 13:26:51,43.1889991760254,-9.09956645965576,"Unknown"
"7014852",371861,2025-08-21 13:31:51,43.1889877319336,-9.09955883026123,"Unknown"
"7014852",371861,2025-08-21 13:36:54,43.1890182495117,-9.0994987487793,"Unknown"
"7014852",371861,2025-08-21 13:41:52,43.1890144348145,-9.0994815826416,"Unknown"
"7014852",371861,2025-08-21 13:46:52,43.1890563964844,-9.0995044708252,"Unknown"
"7014852",371861,2025-08-21 13:51:52,43.1890487670898,-9.09948635101318,"Unknown"
"7014852",371861,2025-08-21 13:56:53,43.1890525817871,-9.09952545166016,"Unknown"
"7014852",371861,2025-08-21 14:01:53,43.1828193664551,-9.09277057647705,"Unknown"
"7014852",371861,2025-08-21 14:06:52,43.182991027832,-9.09241008758545,"Unknown"
"7014852",371861,2025-08-21 14:11:52,43.1831474304199,-9.09272289276123,"Unknown"
"7014852",371861,2025-08-21 14:16:57,43.1840667724609,-9.0930700302124,"Unknown"
"7014852",371861,2025-08-21 14:22:14,43.1840057373047,-9.09291934967041,"Unknown"
"7014852",371861,2025-08-21 14:26:53,43.1840629577637,-9.09299182891846,"Unknown"
"7014852",371861,2025-08-21 14:31:58,43.1840553283691,-9.09304904937744,"Unknown"
"7014852",371861,2025-08-21 14:36:57,43.184944152832,-9.09205150604248,"Unknown"
"7014852",371861,2025-08-21 14:42:14,43.1848564147949,-9.09197521209717,"Unknown"
"7014852",371861,2025-08-21 14:46:53,43.1847877502441,-9.09155368804932,"Unknown"
"7014852",371861,2025-08-21 14:51:53,43.1848602294922,-9.09188461303711,"Unknown"
"7014852",371861,2025-08-21 14:56:53,43.1847152709961,-9.09164619445801,"Unknown"
"7014852",371861,2025-08-21 15:01:53,43.1847686767578,-9.09169292449951,"Unknown"
"7014852",371861,2025-08-21 15:06:53,43.1832466125488,-9.09255599975586,"Unknown"
"7014852",371861,2025-08-21 15:11:58,43.183277130127,-9.09284400939941,"Unknown"
"7014852",371861,2025-08-21 15:16:54,43.183521270752,-9.09236907958984,"Unknown"
"7014852",371861,2025-08-21 15:22:28,43.1832313537598,-9.09192657470703,"Unknown"
"7014852",371861,2025-08-21 15:26:53,43.1828002929688,-9.09224319458008,"Unknown"
"7014852",371861,2025-08-21 15:32:14,43.1837463378906,-9.09256744384766,"Unknown"
"7014852",371861,2025-08-21 15:36:54,43.1855316162109,-9.09097099304199,"Unknown"
"7014852",371861,2025-08-21 15:42:29,43.1829261779785,-9.09284019470215,"Unknown"
"7014852",371861,2025-08-21 15:47:10,43.1830673217773,-9.09255409240723,"Unknown"
"7014852",371861,2025-08-21 15:51:53,43.1830825805664,-9.09250926971436,"Unknown"
"7014852",371861,2025-08-21 15:56:52,43.1830902099609,-9.09245491027832,"Unknown"
"7014852",371861,2025-08-21 16:01:53,43.1831207275391,-9.09277439117432,"Unknown"
"7014852",371861,2025-08-21 16:06:52,43.1848793029785,-9.09305572509766,"Unknown"
"7014852",371861,2025-08-21 16:11:54,43.1849479675293,-9.09285736083984,"Unknown"
"7014852",371861,2025-08-21 16:16:54,43.1830520629883,-9.09234714508057,"Unknown"
"7014852",371861,2025-08-21 16:21:53,43.1897850036621,-9.09809970855713,"Unknown"
"7014852",371861,2025-08-21 16:26:53,43.1912078857422,-9.09825897216797,"Unknown"
"7014852",371861,2025-08-21 16:32:05,43.1913032531738,-9.0985689163208,"Unknown"
"7014852",371861,2025-08-21 16:37:03,43.1912956237793,-9.0984411239624,"Unknown"
"7014852",371861,2025-08-21 16:42:04,43.1912994384766,-9.09846305847168,"Unknown"
"7014852",371861,2025-08-21 16:47:04,43.191333770752,-9.09845352172852,"Unknown"
"7014852",371861,2025-08-21 16:52:03,43.1913223266602,-9.09847450256348,"Unknown"
"7014852",371861,2025-08-21 16:57:07,43.1913299560547,-9.09854698181152,"Unknown"
"7014852",371861,2025-08-21 17:02:07,43.1913452148438,-9.09849071502686,"Unknown"
"7014852",371861,2025-08-21 17:07:07,43.1913528442383,-9.098557472229,"Unknown"
"7014852",371861,2025-08-21 17:12:07,43.1913528442383,-9.09860515594482,"Unknown"
"7014852",371861,2025-08-21 17:17:11,43.1913452148438,-9.09825611114502,"Unknown"
"7014852",371861,2025-08-21 17:22:00,43.1909790039062,-9.09788513183594,"Unknown"
"7014852",371861,2025-08-21 17:27:01,43.191276550293,-9.09810829162598,"Unknown"
"7014852",371861,2025-08-21 17:32:14,43.191276550293,-9.09822273254395,"Unknown"
"7014852",371861,2025-08-21 17:37:00,43.1911659240723,-9.09800338745117,"Unknown"
"7014852",371861,2025-08-21 17:41:56,43.1912879943848,-9.09812450408936,"Unknown"
"7014852",371861,2025-08-21 17:46:54,43.1913261413574,-9.09820747375488,"Unknown"
"7014852",371861,2025-08-21 17:51:59,43.1913375854492,-9.09802532196045,"Unknown"
"7014852",371861,2025-08-21 17:56:58,43.1913032531738,-9.09812355041504,"Unknown"
"7014852",371861,2025-08-21 18:02:00,43.1913070678711,-9.0988712310791,"Unknown"
"7014852",371861,2025-08-21 18:06:57,43.1913681030273,-9.09787368774414,"Unknown"
"7014852",371861,2025-08-21 18:11:57,43.192008972168,-9.10092544555664,"Unknown"
"7014852",371861,2025-08-21 18:16:58,43.1911468505859,-9.09744262695312,"Unknown"
"7014852",371861,2025-08-21 18:22:15,43.1912956237793,-9.09827327728271,"Unknown"
"7014852",371861,2025-08-21 18:26:55,43.1913566589355,-9.09835433959961,"Unknown"
"7014852",371861,2025-08-21 18:32:29,43.1913146972656,-9.09829330444336,"Unknown"
"7014852",371861,2025-08-21 18:36:53,43.1911735534668,-9.09830093383789,"Unknown"
"7014852",371861,2025-08-21 18:41:53,43.191276550293,-9.09828662872314,"Unknown"
"7014852",371861,2025-08-21 18:46:53,43.1916160583496,-9.09786319732666,"Unknown"
"7014852",371861,2025-08-21 18:51:54,43.1914672851562,-9.09798336029053,"Unknown"
"7014852",371861,2025-08-21 18:56:53,43.191837310791,-9.09817218780518,"Unknown"
"7014852",371861,2025-08-21 19:01:54,43.1911888122559,-9.09775829315186,"Unknown"
"7014852",371861,2025-08-21 19:06:55,43.1916313171387,-9.09804821014404,"Unknown"
"7014852",371861,2025-08-21 19:11:56,43.1915893554688,-9.09806823730469,"Unknown"
"7014852",371861,2025-08-21 19:16:55,43.1920280456543,-9.0981388092041,"Unknown"
"7014852",371861,2025-08-21 19:21:57,43.1923446655273,-9.09823894500732,"Unknown"
"7014852",371861,2025-08-21 19:26:59,43.1919593811035,-9.09802341461182,"Unknown"
"7014852",371861,2025-08-21 19:32:14,43.1918182373047,-9.0980281829834,"Unknown"
"7014852",371861,2025-08-21 19:36:53,43.1918869018555,-9.09800815582275,"Unknown"
"7014852",371861,2025-08-21 19:41:53,43.1918258666992,-9.0980281829834,"Unknown"
"7014852",371861,2025-08-21 19:46:53,43.1918716430664,-9.09790992736816,"Unknown"
"7014852",371861,2025-08-21 19:51:54,43.1930809020996,-9.09799671173096,"Unknown"
"7014852",371861,2025-08-21 19:56:54,43.1932563781738,-9.09754943847656,"Unknown"
"7014852",371861,2025-08-21 20:01:54,43.1931800842285,-9.09762668609619,"Unknown"
"7014852",371861,2025-08-21 20:06:54,43.2006416320801,-9.08086395263672,"Unknown"
"7014852",371861,2025-08-21 20:09:37,43.2042388916016,-9.06621932983398,"Unknown"
"7014852",371861,2025-08-22 01:10:05,43.3604125976562,-8.84135913848877,"Unknown"
"7014852",371861,2025-08-22 05:54:09,43.2165222167969,-9.01904678344727,"Unknown"
"7014852",371861,2025-08-22 05:59:09,43.2167549133301,-9.02008247375488,"Unknown"
"7014852",371861,2025-08-22 06:04:10,43.2170295715332,-9.01988983154297,"Unknown"
"7014852",371861,2025-08-22 06:09:07,43.217041015625,-9.01985454559326,"Unknown"
"7014852",371861,2025-08-22 06:14:09,43.2170944213867,-9.01988220214844,"Unknown"
"7014852",371861,2025-08-22 06:19:12,43.2170600891113,-9.01977348327637,"Unknown"
"7014852",371861,2025-08-22 06:24:09,43.2170143127441,-9.01986026763916,"Unknown"
"7014852",371861,2025-08-22 06:29:09,43.2171440124512,-9.01974201202393,"Unknown"
"7014852",371861,2025-08-22 06:34:13,43.2171287536621,-9.01976776123047,"Unknown"
"7014852",371861,2025-08-22 06:39:08,43.217113494873,-9.01979064941406,"Unknown"
"7014852",371861,2025-08-22 06:44:10,43.2157516479492,-9.0323429107666,"Unknown"
"7014852",371861,2025-08-22 06:49:09,43.1909790039062,-9.07803630828857,"Unknown"
"7014852",371861,2025-08-22 06:54:11,43.1924858093262,-9.09779739379883,"Unknown"
"7014852",371861,2025-08-22 06:59:12,43.1924438476562,-9.09784603118896,"Unknown"
"7014852",371861,2025-08-22 07:04:18,43.1923866271973,-9.0979528427124,"Unknown"
"7014852",371861,2025-08-22 07:09:09,43.1923637390137,-9.09794330596924,"Unknown"
"7014852",371861,2025-08-22 07:14:18,43.1923713684082,-9.0977783203125,"Unknown"
"7014852",371861,2025-08-22 07:19:44,43.192310333252,-9.09818935394287,"Unknown"
"7014852",371861,2025-08-22 07:24:07,43.1922760009766,-9.0982608795166,"Unknown"
"7014852",371861,2025-08-22 07:29:05,43.1922836303711,-9.09833717346191,"Unknown"
"7014852",371861,2025-08-22 07:34:06,43.1923446655273,-9.09827709197998,"Unknown"
"7014852",371861,2025-08-22 07:39:06,43.1922836303711,-9.09835720062256,"Unknown"
"7014852",371861,2025-08-22 07:44:11,43.1923561096191,-9.09817409515381,"Unknown"
"7014852",371861,2025-08-22 07:49:35,43.1922607421875,-9.09820938110352,"Unknown"
"7014852",371861,2025-08-22 07:54:06,43.1922836303711,-9.09826850891113,"Unknown"
"7014852",371861,2025-08-22 07:59:06,43.1923675537109,-9.09823799133301,"Unknown"
"7014852",371861,2025-08-22 08:04:06,43.1923332214355,-9.09829425811768,"Unknown"
"7014852",371861,2025-08-22 08:09:15,43.1923942565918,-9.09821796417236,"Unknown"
"7014852",371861,2025-08-22 08:14:15,43.1924324035645,-9.09820747375488,"Unknown"
"7014852",371861,2025-08-22 08:19:15,43.1922187805176,-9.09832859039307,"Unknown"
"7014852",371861,2025-08-22 08:24:14,43.1922035217285,-9.09814167022705,"Unknown"
"7014852",371861,2025-08-22 08:29:14,43.1923904418945,-9.09817600250244,"Unknown"
"7014852",371861,2025-08-22 08:34:16,43.1922721862793,-9.09828090667725,"Unknown"
"7014852",371861,2025-08-22 08:39:15,43.1925163269043,-9.09816074371338,"Unknown"
"7014852",371861,2025-08-22 08:44:15,43.1925048828125,-9.09805488586426,"Unknown"
"7014852",371861,2025-08-22 08:49:17,43.1924858093262,-9.09812545776367,"Unknown"
"7014852",371861,2025-08-22 08:54:15,43.1924819946289,-9.09813117980957,"Unknown"
"7014852",371861,2025-08-22 08:59:15,43.1924095153809,-9.09804248809814,"Unknown"
"7014852",371861,2025-08-22 09:04:15,43.1924171447754,-9.09814834594727,"Unknown"
"7014852",371861,2025-08-22 09:09:15,43.1925239562988,-9.0982084274292,"Unknown"
"7014852",371861,2025-08-22 09:14:16,43.1831245422363,-9.09270858764648,"Unknown"
"7014852",371861,2025-08-22 09:19:16,43.1834335327148,-9.09248638153076,"Unknown"
"7014852",371861,2025-08-22 09:24:16,43.1833267211914,-9.09255218505859,"Unknown"
"7014852",371861,2025-08-22 09:29:15,43.184139251709,-9.09232711791992,"Unknown"
"7014852",371861,2025-08-22 09:34:17,43.1833038330078,-9.09250450134277,"Unknown"
"7014852",371861,2025-08-22 09:39:15,43.1839370727539,-9.0927848815918,"Unknown"
"7014852",371861,2025-08-22 09:44:16,43.18310546875,-9.09266948699951,"Unknown"
"7014852",371861,2025-08-22 09:49:16,43.1837730407715,-9.09312725067139,"Unknown"
"7014852",371861,2025-08-22 09:54:16,43.183780670166,-9.09271621704102,"Unknown"
"7014852",371861,2025-08-22 09:59:16,43.1847534179688,-9.0924129486084,"Unknown"
"7014852",371861,2025-08-22 10:04:16,43.1846923828125,-9.09242630004883,"Unknown"
"7014852",371861,2025-08-22 10:09:18,43.1848106384277,-9.09220314025879,"Unknown"
"7014852",371861,2025-08-22 10:14:15,43.1847229003906,-9.09253215789795,"Unknown"
"7014852",371861,2025-08-22 10:19:17,43.1850090026855,-9.09347724914551,"Unknown"
"7014852",371861,2025-08-22 10:24:16,43.1848793029785,-9.09276103973389,"Unknown"
"7014852",371861,2025-08-22 10:29:21,43.1849517822266,-9.09348106384277,"Unknown"
"7014852",371861,2025-08-22 10:34:19,43.1836700439453,-9.09326648712158,"Unknown"
"7014852",371861,2025-08-22 10:39:15,43.1845588684082,-9.09278678894043,"Unknown"
"7014852",371861,2025-08-22 10:44:16,43.1845474243164,-9.09255218505859,"Unknown"
"7014852",371861,2025-08-22 10:49:16,43.1844863891602,-9.09251499176025,"Unknown"
"7014852",371861,2025-08-22 10:54:16,43.1846885681152,-9.09141063690186,"Unknown"
"7014852",371861,2025-08-22 10:59:19,43.1846542358398,-9.0916805267334,"Unknown"
"7014852",371861,2025-08-22 11:04:17,43.1845474243164,-9.09145259857178,"Unknown"
"7014852",371861,2025-08-22 11:09:16,43.1844520568848,-9.09122753143311,"Unknown"
"7014852",371861,2025-08-22 11:14:18,43.1841049194336,-9.09110927581787,"Unknown"
"7014852",371861,2025-08-22 11:19:18,43.1844520568848,-9.09055042266846,"Unknown"
"7014852",371861,2025-08-22 11:24:22,43.1850547790527,-9.09131622314453,"Unknown"
"7014852",371861,2025-08-22 11:29:18,43.1843795776367,-9.09056663513184,"Unknown"
"7014852",371861,2025-08-22 11:34:27,43.1854705810547,-9.09131622314453,"Unknown"
"7014852",371861,2025-08-22 11:39:20,43.1836395263672,-9.08952808380127,"Unknown"
"7014852",371861,2025-08-22 11:44:17,43.1853370666504,-9.09188747406006,"Unknown"
"7014852",371861,2025-08-22 11:49:21,43.1859588623047,-9.09139537811279,"Unknown"
"7014852",371861,2025-08-22 11:54:19,43.1859664916992,-9.09148025512695,"Unknown"
"7014852",371861,2025-08-22 11:59:18,43.185848236084,-9.09171485900879,"Unknown"
"7014852",371861,2025-08-22 12:04:17,43.1858940124512,-9.09124755859375,"Unknown"
"7014852",371861,2025-08-22 12:09:17,43.185863494873,-9.09134864807129,"Unknown"
"7014852",371861,2025-08-22 12:14:17,43.1858520507812,-9.09148788452148,"Unknown"
"7014852",371861,2025-08-22 12:19:18,43.1856918334961,-9.09150123596191,"Unknown"
"7014852",371861,2025-08-22 12:24:18,43.1856842041016,-9.09146976470947,"Unknown"
"7014852",371861,2025-08-22 12:29:17,43.1856307983398,-9.09162616729736,"Unknown"
"7014852",371861,2025-08-22 12:34:17,43.1856803894043,-9.09154796600342,"Unknown"
"7014852",371861,2025-08-22 12:39:18,43.1857452392578,-9.09156703948975,"Unknown"
"7014852",371861,2025-08-22 12:44:17,43.1857872009277,-9.09155368804932,"Unknown"
"7014852",371861,2025-08-22 12:49:17,43.1877365112305,-9.09979724884033,"Unknown"
"7014852",371861,2025-08-22 12:54:16,43.1867294311523,-9.09485149383545,"Unknown"
"7014852",371861,2025-08-22 12:59:17,43.1848182678223,-9.09192180633545,"Unknown"
"7014852",371861,2025-08-22 13:04:17,43.1847305297852,-9.09195518493652,"Unknown"
"7014852",371861,2025-08-22 13:09:17,43.1847877502441,-9.09196853637695,"Unknown"
"7014852",371861,2025-08-22 13:14:17,43.1848907470703,-9.09189128875732,"Unknown"
"7014852",371861,2025-08-22 13:19:17,43.1848564147949,-9.09189701080322,"Unknown"
"7014852",371861,2025-08-22 13:24:17,43.1847343444824,-9.09202003479004,"Unknown"
"7014852",371861,2025-08-22 13:29:17,43.1847991943359,-9.0919713973999,"Unknown"
"7014852",371861,2025-08-22 13:34:17,43.1847229003906,-9.0919885635376,"Unknown"
"7014852",371861,2025-08-22 13:39:17,43.1847038269043,-9.0920581817627,"Unknown"
"7014852",371861,2025-08-22 13:44:17,43.1846618652344,-9.09200000762939,"Unknown"
"7014852",371861,2025-08-22 13:49:17,43.1847038269043,-9.09192180633545,"Unknown"
"7014852",371861,2025-08-22 13:54:17,43.1848983764648,-9.09203815460205,"Unknown"
"7014852",371861,2025-08-22 13:59:17,43.1847686767578,-9.09183311462402,"Unknown"
"7014852",371861,2025-08-22 14:04:17,43.1832656860352,-9.09280395507812,"Unknown"
"7014852",371861,2025-08-22 14:09:17,43.1832160949707,-9.0927038192749,"Unknown"
"7014852",371861,2025-08-22 14:14:21,43.1831169128418,-9.09255886077881,"Unknown"
"7014852",371861,2025-08-22 14:19:18,43.1830596923828,-9.09259223937988,"Unknown"
"7014852",371861,2025-08-22 14:24:17,43.1830596923828,-9.09250450134277,"Unknown"
"7014852",371861,2025-08-22 14:29:19,43.1849670410156,-9.0918550491333,"Unknown"
"7014852",371861,2025-08-22 14:34:41,43.1848373413086,-9.09157657623291,"Unknown"
"7014852",371861,2025-08-22 14:39:17,43.1846771240234,-9.09118461608887,"Unknown"
"7014852",371861,2025-08-22 14:44:17,43.1852035522461,-9.09160614013672,"Unknown"
"7014852",371861,2025-08-22 14:49:17,43.1917877197266,-9.09845924377441,"Unknown"
"7014852",371861,2025-08-22 14:54:17,43.191822052002,-9.09836292266846,"Unknown"
"7014852",371861,2025-08-22 14:59:17,43.191780090332,-9.0982723236084,"Unknown"
"7014852",371861,2025-08-22 15:04:17,43.1918258666992,-9.09843158721924,"Unknown"
"7014852",371861,2025-08-22 15:09:17,43.1917381286621,-9.09836196899414,"Unknown"
"7014852",371861,2025-08-22 15:14:17,43.1918296813965,-9.09839534759521,"Unknown"
"7014852",371861,2025-08-22 15:19:17,43.191837310791,-9.09843063354492,"Unknown"
"7014852",371861,2025-08-22 15:24:17,43.1918678283691,-9.09832859039307,"Unknown"
"7014852",371861,2025-08-22 15:29:17,43.1919898986816,-9.09824371337891,"Unknown"
"7014852",371861,2025-08-22 15:34:17,43.1911926269531,-9.09874153137207,"Unknown"
"7014852",371861,2025-08-22 15:39:17,43.1918449401855,-9.09818649291992,"Unknown"
"7014852",371861,2025-08-22 15:44:24,43.1916542053223,-9.09819221496582,"Unknown"
"7014852",371861,2025-08-22 15:49:18,43.1915702819824,-9.09823608398438,"Unknown"
"7014852",371861,2025-08-22 15:54:17,43.1917762756348,-9.09788036346436,"Unknown"
"7014852",371861,2025-08-22 15:59:17,43.1918296813965,-9.09796524047852,"Unknown"
"7014852",371861,2025-08-22 16:04:17,43.1918830871582,-9.09794235229492,"Unknown"
"7014852",371861,2025-08-22 16:09:17,43.1919250488281,-9.09792804718018,"Unknown"
"7014852",371861,2025-08-22 16:14:18,43.1918563842773,-9.09793090820312,"Unknown"
"7014852",371861,2025-08-22 16:19:17,43.1865234375,-9.10232543945312,"Unknown"
"7014852",371861,2025-08-22 16:24:17,43.1881332397461,-9.09927940368652,"Unknown"
"7014852",371861,2025-08-22 16:29:17,43.1881332397461,-9.09943389892578,"Unknown"
"7014852",371861,2025-08-22 16:34:17,43.1921310424805,-9.09796905517578,"Unknown"
"7014852",371861,2025-08-22 16:39:17,43.1922225952148,-9.09797382354736,"Unknown"
"7014852",371861,2025-08-22 16:44:17,43.1919326782227,-9.0980920791626,"Unknown"
"7014852",371861,2025-08-22 16:49:22,43.1915130615234,-9.09829902648926,"Unknown"
"7014852",371861,2025-08-22 16:54:18,43.1921157836914,-9.09801483154297,"Unknown"
"7014852",371861,2025-08-22 16:59:19,43.1915550231934,-9.0982608795166,"Unknown"
"7014852",371861,2025-08-22 17:04:17,43.1921081542969,-9.09799480438232,"Unknown"
"7014852",371861,2025-08-22 17:09:18,43.1929168701172,-9.09716987609863,"Unknown"
"7014852",371861,2025-08-22 17:14:21,43.1915321350098,-9.09790706634521,"Unknown"
"7014852",371861,2025-08-22 17:19:19,43.1915588378906,-9.09795188903809,"Unknown"
"7014852",371861,2025-08-22 17:24:18,43.1919898986816,-9.09802055358887,"Unknown"
"7014852",371861,2025-08-22 17:29:18,43.1919364929199,-9.09811019897461,"Unknown"
"7014852",371861,2025-08-22 17:34:19,43.1916236877441,-9.09790897369385,"Unknown"
"7014852",371861,2025-08-22 17:39:24,43.1920280456543,-9.09737491607666,"Unknown"
"7014852",371861,2025-08-22 17:44:22,43.1919708251953,-9.09754943847656,"Unknown"
"7014852",371861,2025-08-22 17:49:17,43.192268371582,-9.09756565093994,"Unknown"
"7014852",371861,2025-08-22 17:54:18,43.1923561096191,-9.09748935699463,"Unknown"
"7014852",371861,2025-08-22 17:59:24,43.1920776367188,-9.0973072052002,"Unknown"
"7014852",371861,2025-08-22 18:04:22,43.1920776367188,-9.09730339050293,"Unknown"
"7014852",371861,2025-08-22 18:09:19,43.1921463012695,-9.09721755981445,"Unknown"
"7014852",371861,2025-08-22 18:14:24,43.1921272277832,-9.09723663330078,"Unknown"
"7014852",371861,2025-08-22 18:19:24,43.1922302246094,-9.09722995758057,"Unknown"
"7014852",371861,2025-08-22 18:24:28,43.1922721862793,-9.09726428985596,"Unknown"
"7014852",371861,2025-08-22 18:29:28,43.1921424865723,-9.09712600708008,"Unknown"
"7014852",371861,2025-08-22 18:34:28,43.1920852661133,-9.09728813171387,"Unknown"
"7014852",371861,2025-08-22 18:39:28,43.1920967102051,-9.09727954864502,"Unknown"
"7014852",371861,2025-08-22 18:44:28,43.1922035217285,-9.09718990325928,"Unknown"
"7014852",371861,2025-08-22 18:49:28,43.1922225952148,-9.0971508026123,"Unknown"
"7014852",371861,2025-08-22 18:54:28,43.1921691894531,-9.09720039367676,"Unknown"
"7014852",371861,2025-08-22 18:59:28,43.1922035217285,-9.09728336334229,"Unknown"
"7014852",371861,2025-08-22 19:04:24,43.1922225952148,-9.09725856781006,"Unknown"
"7014852",371861,2025-08-22 19:09:28,43.1922416687012,-9.09718799591064,"Unknown"
"7014852",371861,2025-08-22 19:14:28,43.1922264099121,-9.09719657897949,"Unknown"
"7014852",371861,2025-08-22 19:19:30,43.1924934387207,-9.09763336181641,"Unknown"
"7014852",371861,2025-08-22 19:24:24,43.1922340393066,-9.09755229949951,"Unknown"
"7014852",371861,2025-08-22 19:29:30,43.1924133300781,-9.09719085693359,"Unknown"
"7014852",371861,2025-08-22 19:34:23,43.1924247741699,-9.09726810455322,"Unknown"
"7014852",371861,2025-08-22 19:39:23,43.1921310424805,-9.09838390350342,"Unknown"
"7014852",371861,2025-08-22 19:44:23,43.1921653747559,-9.09842205047607,"Unknown"
"7014852",371861,2025-08-22 19:50:29,43.1924705505371,-9.09805870056152,"Unknown"
"7014852",371861,2025-08-22 19:54:16,43.1948852539062,-9.10288143157959,"Unknown"
"7014852",371861,2025-08-22 19:59:16,43.1960563659668,-9.1181755065918,"Unknown"
"7014852",371861,2025-08-22 20:04:15,43.1960716247559,-9.1168737411499,"Unknown"
"7014852",371861,2025-08-22 20:08:08,43.1962890625,-9.11677265167236,"Unknown"
"7014852",371861,2025-08-23 01:08:07,43.1025085449219,-9.21692943572998,"Unknown"
"7014852",371861,2025-08-23 05:55:20,43.1951026916504,-9.1221399307251,"Unknown"
"7014852",371861,2025-08-23 06:00:24,43.1850280761719,-9.10660266876221,"Unknown"
"7014852",371861,2025-08-23 06:05:22,43.18798828125,-9.09877300262451,"Unknown"
"7014852",371861,2025-08-23 06:10:24,43.1839790344238,-9.09347724914551,"Unknown"
"7014852",371861,2025-08-23 06:15:30,43.1840782165527,-9.09274959564209,"Unknown"
"7014852",371861,2025-08-23 06:20:19,43.1841201782227,-9.09229469299316,"Unknown"
"7014852",371861,2025-08-23 06:25:30,43.1840362548828,-9.09269714355469,"Unknown"
"7014852",371861,2025-08-23 06:30:23,43.1840896606445,-9.09211444854736,"Unknown"
"7014852",371861,2025-08-23 06:35:23,43.1832046508789,-9.09157752990723,"Unknown"
"7014852",371861,2025-08-23 06:40:30,43.1833000183105,-9.0925121307373,"Unknown"
"7014852",371861,2025-08-23 06:45:29,43.1831359863281,-9.0922794342041,"Unknown"
"7014852",371861,2025-08-23 06:50:39,43.1830558776855,-9.0925121307373,"Unknown"
"7014852",371861,2025-08-23 06:55:20,43.1837348937988,-9.09200763702393,"Unknown"
"7014852",371861,2025-08-23 07:00:29,43.1832466125488,-9.09235286712646,"Unknown"
"7014852",371861,2025-08-23 07:05:30,43.1834678649902,-9.09277725219727,"Unknown"
"7014852",371861,2025-08-23 07:10:22,43.1833419799805,-9.09221839904785,"Unknown"
"7014852",371861,2025-08-23 07:15:21,43.1834106445312,-9.09311962127686,"Unknown"
"7014852",371861,2025-08-23 07:20:44,43.1847724914551,-9.09137535095215,"Unknown"
"7014852",371861,2025-08-23 07:25:24,43.1847038269043,-9.09156227111816,"Unknown"
"7014852",371861,2025-08-23 07:30:23,43.1848106384277,-9.09119033813477,"Unknown"
"7014852",371861,2025-08-23 07:35:20,43.1847763061523,-9.09144687652588,"Unknown"
"7014852",371861,2025-08-23 07:40:21,43.1856498718262,-9.09122562408447,"Unknown"
"7014852",371861,2025-08-23 07:45:31,43.1857795715332,-9.09115314483643,"Unknown"
"7014852",371861,2025-08-23 07:50:29,43.1827850341797,-9.09221935272217,"Unknown"
"7014852",371861,2025-08-23 07:55:22,43.1828536987305,-9.09236431121826,"Unknown"
"7014852",371861,2025-08-23 08:00:41,43.1831092834473,-9.09243488311768,"Unknown"
"7014852",371861,2025-08-23 08:05:30,43.1828956604004,-9.09250164031982,"Unknown"
"7014852",371861,2025-08-23 08:10:28,43.1832122802734,-9.09253883361816,"Unknown"
"7014852",371861,2025-08-23 08:15:22,43.1871490478516,-9.09985065460205,"Unknown"
"7014852",371861,2025-08-23 08:20:21,43.1895751953125,-9.10126876831055,"Unknown"
"7014852",371861,2025-08-23 08:25:25,43.1875686645508,-9.09987735748291,"Unknown"
"7014852",371861,2025-08-23 08:30:44,43.1876220703125,-9.09999942779541,"Unknown"
"7014852",371861,2025-08-23 08:35:20,43.1876792907715,-9.09995460510254,"Unknown"
"7014852",371861,2025-08-23 08:40:22,43.1897850036621,-9.10097122192383,"Unknown"
"7014852",371861,2025-08-23 08:45:21,43.189754486084,-9.10088634490967,"Unknown"
"7014852",371861,2025-08-23 08:50:19,43.1897621154785,-9.100905418396,"Unknown"
"7014852",371861,2025-08-23 08:55:24,43.1898040771484,-9.1009578704834,"Unknown"
"7014852",371861,2025-08-23 09:00:19,43.1898307800293,-9.10092163085938,"Unknown"
"7014852",371861,2025-08-23 09:05:18,43.1896438598633,-9.10099029541016,"Unknown"
"7014852",371861,2025-08-23 09:10:21,43.1897010803223,-9.10093975067139,"Unknown"
"7014852",371861,2025-08-23 09:15:21,43.1897354125977,-9.10100936889648,"Unknown"
"7014852",371861,2025-08-23 09:20:23,43.1898536682129,-9.10094833374023,"Unknown"
"7014852",371861,2025-08-23 09:25:21,43.1897163391113,-9.10096454620361,"Unknown"
"7014852",371861,2025-08-23 09:30:19,43.1897239685059,-9.10095882415771,"Unknown"
"7014852",371861,2025-08-23 09:35:23,43.1899604797363,-9.10040378570557,"Unknown"
"7014852",371861,2025-08-23 09:40:36,43.1899108886719,-9.10066413879395,"Unknown"
"7014852",371861,2025-08-23 09:45:21,43.1896095275879,-9.10017585754395,"Unknown"
"7014852",371861,2025-08-23 09:50:28,43.189567565918,-9.10021114349365,"Unknown"
"7014852",371861,2025-08-23 09:55:20,43.1897201538086,-9.10003757476807,"Unknown"
"7014852",371861,2025-08-23 10:00:23,43.1897392272949,-9.10036087036133,"Unknown"
"7014852",371861,2025-08-23 10:05:42,43.1893997192383,-9.10097503662109,"Unknown"
"7014852",371861,2025-08-23 10:10:22,43.1894187927246,-9.10028266906738,"Unknown"
"7014852",371861,2025-08-23 10:15:30,43.1895332336426,-9.10020446777344,"Unknown"
"7014852",371861,2025-08-23 10:20:24,43.1897201538086,-9.10066699981689,"Unknown"
"7014852",371861,2025-08-23 10:25:32,43.1894569396973,-9.10020732879639,"Unknown"
"7014852",371861,2025-08-23 10:30:33,43.1893539428711,-9.10027122497559,"Unknown"
"7014852",371861,2025-08-23 10:35:39,43.1896018981934,-9.10025405883789,"Unknown"
"7014852",371861,2025-08-23 10:40:44,43.1897468566895,-9.10046005249023,"Unknown"
"7014852",371861,2025-08-23 10:45:44,43.1896743774414,-9.10051727294922,"Unknown"
"7014852",371861,2025-08-23 10:50:36,43.1897125244141,-9.10077667236328,"Unknown"
"7014852",371861,2025-08-23 10:55:50,43.1897010803223,-9.10047245025635,"Unknown"
"7014852",371861,2025-08-23 11:00:31,43.189811706543,-9.10058212280273,"Unknown"
"7014852",371861,2025-08-23 11:05:20,43.1896591186523,-9.10024356842041,"Unknown"
"7014852",371861,2025-08-23 11:10:21,43.1897087097168,-9.1005744934082,"Unknown"
"7014852",371861,2025-08-23 11:15:21,43.1894950866699,-9.09993267059326,"Unknown"
"7014852",371861,2025-08-23 11:20:21,43.1896820068359,-9.10051155090332,"Unknown"
"7014852",371861,2025-08-23 11:25:53,43.189754486084,-9.1008996963501,"Unknown"
"7014852",371861,2025-08-23 11:30:19,43.189811706543,-9.10090351104736,"Unknown"
"7014852",371861,2025-08-23 11:35:19,43.1898040771484,-9.10098552703857,"Unknown"
"7014852",371861,2025-08-23 11:40:18,43.189769744873,-9.10090255737305,"Unknown"
"7014852",371861,2025-08-23 11:45:18,43.1887969970703,-9.09956741333008,"Unknown"
"7014852",371861,2025-08-23 11:50:19,43.1900825500488,-9.1012544631958,"Unknown"
"7014852",371861,2025-08-23 11:55:19,43.190113067627,-9.10138416290283,"Unknown"
"7014852",371861,2025-08-23 12:00:18,43.1900825500488,-9.10130310058594,"Unknown"
"7014852",371861,2025-08-23 12:05:19,43.1900405883789,-9.10138988494873,"Unknown"
"7014852",371861,2025-08-23 12:10:18,43.1901741027832,-9.10123729705811,"Unknown"
"7014852",371861,2025-08-23 12:15:21,43.1902389526367,-9.10125160217285,"Unknown"
"7014852",371861,2025-08-23 12:20:21,43.1901321411133,-9.10132122039795,"Unknown"
"7014852",371861,2025-08-23 12:25:17,43.1901092529297,-9.10133171081543,"Unknown"
"7014852",371861,2025-08-23 12:30:30,43.1902160644531,-9.10119342803955,"Unknown"
"7014852",371861,2025-08-23 12:35:21,43.1901397705078,-9.10106563568115,"Unknown"
"7014852",371861,2025-08-23 12:40:18,43.1900749206543,-9.10145568847656,"Unknown"
"7014852",371861,2025-08-23 12:45:21,43.1900367736816,-9.10147380828857,"Unknown"
"7014852",371861,2025-08-23 12:50:19,43.1900367736816,-9.1014232635498,"Unknown"
"7014852",371861,2025-08-23 12:55:23,43.190113067627,-9.10150814056396,"Unknown"
"7014852",371861,2025-08-23 13:00:19,43.1900520324707,-9.10142135620117,"Unknown"
"7014852",371861,2025-08-23 13:05:19,43.1901245117188,-9.10147476196289,"Unknown"
"7014852",371861,2025-08-23 13:10:36,43.189998626709,-9.1013355255127,"Unknown"
"7014852",371861,2025-08-23 13:15:21,43.1900634765625,-9.10147762298584,"Unknown"
"7014852",371861,2025-08-23 13:20:19,43.190486907959,-9.09943008422852,"Unknown"
"7014852",371861,2025-08-23 13:25:30,43.1916885375977,-9.09802532196045,"Unknown"
"7014852",371861,2025-08-23 13:30:21,43.1918182373047,-9.09798908233643,"Unknown"
"7014852",371861,2025-08-23 13:35:44,43.1917419433594,-9.09810066223145,"Unknown"
"7014852",371861,2025-08-23 13:40:22,43.191822052002,-9.09788513183594,"Unknown"
"7014852",371861,2025-08-23 13:45:23,43.1917304992676,-9.09800052642822,"Unknown"
"7014852",371861,2025-08-23 13:50:18,43.1848068237305,-9.09138202667236,"Unknown"
"7014852",371861,2025-08-23 13:55:19,43.184814453125,-9.09145736694336,"Unknown"
"7014852",371861,2025-08-23 14:00:19,43.1830596923828,-9.09258556365967,"Unknown"
"7014852",371861,2025-08-23 14:05:22,43.183349609375,-9.09318733215332,"Unknown"
"7014852",371861,2025-08-23 14:10:41,43.1834983825684,-9.09313201904297,"Unknown"
"7014852",371861,2025-08-23 14:15:21,43.1834983825684,-9.09318828582764,"Unknown"
"7014852",371861,2025-08-23 14:20:53,43.1831359863281,-9.0924825668335,"Unknown"
"7014852",371861,2025-08-23 14:25:22,43.1840972900391,-9.09284496307373,"Unknown"
"7014852",371861,2025-08-23 14:30:20,43.1840629577637,-9.09309387207031,"Unknown"
"7014852",371861,2025-08-23 14:35:21,43.1841163635254,-9.09285354614258,"Unknown"
"7014852",371861,2025-08-23 14:40:25,43.1841621398926,-9.0929536819458,"Unknown"
"7014852",371861,2025-08-23 14:45:20,43.1841506958008,-9.09313201904297,"Unknown"
"7014852",371861,2025-08-23 14:50:18,43.1848106384277,-9.09183692932129,"Unknown"
"7014852",371861,2025-08-23 14:55:19,43.1847953796387,-9.09178352355957,"Unknown"
"7014852",371861,2025-08-23 15:00:18,43.1847915649414,-9.09169960021973,"Unknown"
"7014852",371861,2025-08-23 15:05:19,43.1838722229004,-9.08667659759521,"Unknown"
"7014852",371861,2025-08-23 15:10:22,43.1833381652832,-9.0849781036377,"Unknown"
"7014852",371861,2025-08-23 15:15:38,43.18359375,-9.08512115478516,"Unknown"
"7014852",371861,2025-08-23 15:20:20,43.186222076416,-9.08754444122314,"Unknown"
"7014852",371861,2025-08-23 15:25:21,43.1891860961914,-9.09994602203369,"Unknown"
"7014852",371861,2025-08-23 15:30:35,43.189151763916,-9.09994602203369,"Unknown"
"7014852",371861,2025-08-23 15:35:21,43.1891746520996,-9.09999370574951,"Unknown"
"7014852",371861,2025-08-23 15:40:40,43.1890525817871,-9.0997371673584,"Unknown"
"7014852",371861,2025-08-23 15:45:28,43.1891403198242,-9.09976673126221,"Unknown"
"7014852",371861,2025-08-23 15:50:22,43.1891212463379,-9.09989356994629,"Unknown"
"7014852",371861,2025-08-23 15:55:22,43.1875038146973,-9.09954071044922,"Unknown"
"7014852",371861,2025-08-23 16:00:20,43.1940040588379,-9.10703468322754,"Unknown"
"7014852",371861,2025-08-23 16:05:20,43.1938285827637,-9.14243793487549,"Unknown"
"7014852",371861,2025-08-23 16:10:22,43.1911773681641,-9.15135860443115,"Unknown"
"7014852",371861,2025-08-23 16:15:53,43.1908187866211,-9.15090179443359,"Unknown"
"7014852",371861,2025-08-23 16:20:17,43.1911849975586,-9.15067386627197,"Unknown"
"7014852",371861,2025-08-23 16:25:18,43.1911582946777,-9.15074920654297,"Unknown"
"7014852",371861,2025-08-23 16:30:19,43.1910781860352,-9.15052223205566,"Unknown"
"7014852",371861,2025-08-23 16:35:22,43.1911087036133,-9.1505880355835,"Unknown"
"7014852",371861,2025-08-23 16:40:20,43.1911201477051,-9.15052318572998,"Unknown"
"7014852",371861,2025-08-23 16:45:19,43.1911392211914,-9.15072822570801,"Unknown"
"7014852",371861,2025-08-23 16:50:21,43.1911201477051,-9.150634765625,"Unknown"
"7014852",371861,2025-08-23 16:55:20,43.1910972595215,-9.15063095092773,"Unknown"
"7014852",371861,2025-08-23 17:00:23,43.1911888122559,-9.15087985992432,"Unknown"
"7014852",371861,2025-08-23 17:05:22,43.1912040710449,-9.1506929397583,"Unknown"
"7014852",371861,2025-08-23 17:10:21,43.1911239624023,-9.15065383911133,"Unknown"
"7014852",371861,2025-08-23 17:15:20,43.191162109375,-9.15064907073975,"Unknown"
"7014852",371861,2025-08-23 17:20:40,43.1912574768066,-9.1508960723877,"Unknown"
"7014852",371861,2025-08-23 17:25:19,43.1912574768066,-9.15096664428711,"Unknown"
"7014852",371861,2025-08-23 17:30:19,43.191593170166,-9.1518087387085,"Unknown"
"7014852",371861,2025-08-23 17:35:19,43.1918869018555,-9.15018367767334,"Unknown"
"7014852",371861,2025-08-23 17:40:19,43.1915855407715,-9.14992141723633,"Unknown"
"7014852",371861,2025-08-23 17:45:19,43.1949348449707,-9.11439323425293,"Unknown"
"7014852",371861,2025-08-23 17:50:27,43.1888732910156,-9.09895706176758,"Unknown"
"7014852",371861,2025-08-23 17:55:21,43.1888389587402,-9.09895706176758,"Unknown"
"7014852",371861,2025-08-23 18:00:27,43.1889419555664,-9.09896945953369,"Unknown"
"7014852",371861,2025-08-23 18:05:18,43.2046890258789,-9.0666036605835,"Unknown"
"7014852",371861,2025-08-23 18:10:49,43.2148895263672,-9.03130054473877,"Unknown"
"7014852",371861,2025-08-23 18:15:18,43.2147369384766,-9.03146839141846,"Unknown"
"7014852",371861,2025-08-23 18:20:18,43.2147979736328,-9.03143119812012,"Unknown"
"7014852",371861,2025-08-23 18:25:17,43.2147102355957,-9.03147792816162,"Unknown"
"7014852",371861,2025-08-23 18:30:17,43.2147903442383,-9.03148746490479,"Unknown"
"7014852",371861,2025-08-23 18:35:17,43.2148323059082,-9.03144454956055,"Unknown"
"7014852",371861,2025-08-23 18:40:19,43.214786529541,-9.0315113067627,"Unknown"
"7014852",371861,2025-08-23 18:45:19,43.2148094177246,-9.03145122528076,"Unknown"
"7014852",371861,2025-08-23 18:50:19,43.2148399353027,-9.03146266937256,"Unknown"
"7014852",371861,2025-08-23 18:55:19,43.2148246765137,-9.03152275085449,"Unknown"
"7014852",371861,2025-08-23 19:00:21,43.2148208618164,-9.03139495849609,"Unknown"
"7014852",371861,2025-08-23 19:05:21,43.215160369873,-9.03134059906006,"Unknown"
"7014852",371861,2025-08-23 19:10:21,43.2148399353027,-9.03154373168945,"Unknown"
"7014852",371861,2025-08-23 19:15:21,43.2140426635742,-9.03167629241943,"Unknown"
"7014852",371861,2025-08-23 19:20:25,43.2147789001465,-9.03159427642822,"Unknown"
"7014852",371861,2025-08-23 19:25:22,43.2148551940918,-9.03160190582275,"Unknown"
"7014852",371861,2025-08-23 19:30:24,43.2148323059082,-9.03161525726318,"Unknown"
"7014852",371861,2025-08-23 19:35:23,43.2149772644043,-9.03165340423584,"Unknown"
"7014852",371861,2025-08-23 19:40:19,43.2148590087891,-9.03169059753418,"Unknown"
"7014852",371861,2025-08-23 19:45:19,43.2256202697754,-9.03265380859375,"Unknown"
"7014852",371861,2025-08-23 19:50:20,43.2553977966309,-9.00656223297119,"Unknown"
"7014852",371861,2025-08-23 19:55:20,43.2886695861816,-8.98482227325439,"Unknown"
"7014852",371861,2025-08-23 20:00:19,43.309513092041,-8.94291496276855,"Unknown"
"7014852",371861,2025-08-23 20:05:52,43.3340339660645,-8.90087413787842,"Unknown"
"7014852",371861,2025-08-24 01:06:14,43.3603820800781,-8.84114837646484,"Unknown"
"7014852",371861,2025-08-24 05:56:05,43.298942565918,-8.93295192718506,"Unknown"
"7014852",371861,2025-08-24 06:00:44,43.291431427002,-8.95884323120117,"Unknown"
"7014852",371861,2025-08-24 06:05:24,43.2807807922363,-8.99004364013672,"Unknown"
"7014852",371861,2025-08-24 06:10:26,43.2539024353027,-9.00217533111572,"Unknown"
"7014852",371861,2025-08-24 06:15:26,43.2253456115723,-9.01931190490723,"Unknown"
"7014852",371861,2025-08-24 06:20:25,43.2056007385254,-9.05205726623535,"Unknown"
"7014852",371861,2025-08-24 06:25:26,43.1874046325684,-9.08116436004639,"Unknown"
"7014852",371861,2025-08-24 06:30:26,43.1831970214844,-9.09162998199463,"Unknown"
"7014852",371861,2025-08-24 06:35:34,43.1830177307129,-9.09206104278564,"Unknown"
"7014852",371861,2025-08-24 06:40:27,43.1829414367676,-9.09194850921631,"Unknown"
"7014852",371861,2025-08-24 06:46:00,43.1836776733398,-9.09237480163574,"Unknown"
"7014852",371861,2025-08-24 06:50:44,43.1830062866211,-9.09229183197021,"Unknown"
"7014852",371861,2025-08-24 06:55:35,43.1827850341797,-9.09234523773193,"Unknown"
"7014852",371861,2025-08-24 07:00:26,43.1830673217773,-9.09232807159424,"Unknown"
"7014852",371861,2025-08-24 07:05:30,43.1829032897949,-9.0923957824707,"Unknown"
"7014852",371861,2025-08-24 07:10:37,43.182933807373,-9.09228229522705,"Unknown"
"7014852",371861,2025-08-24 07:15:28,43.1860504150391,-9.09202098846436,"Unknown"
"7014852",371861,2025-08-24 07:20:29,43.1852722167969,-9.09161281585693,"Unknown"
"7014852",371861,2025-08-24 07:25:25,43.1853179931641,-9.09175395965576,"Unknown"
"7014852",371861,2025-08-24 07:30:26,43.1875877380371,-9.09037303924561,"Unknown"
"7014852",371861,2025-08-24 07:35:36,43.1856651306152,-9.09244060516357,"Unknown"
"7014852",371861,2025-08-24 07:40:24,43.1856689453125,-9.09257793426514,"Unknown"
"7014852",371861,2025-08-24 07:45:24,43.1846694946289,-9.09151172637939,"Unknown"
"7014852",371861,2025-08-24 07:50:30,43.1849098205566,-9.09133529663086,"Unknown"
"7014852",371861,2025-08-24 07:55:27,43.1850357055664,-9.09128475189209,"Unknown"
"7014852",371861,2025-08-24 08:00:28,43.1856117248535,-9.0910701751709,"Unknown"
"7014852",371861,2025-08-24 08:05:31,43.1845626831055,-9.09148025512695,"Unknown"
"7014852",371861,2025-08-24 08:10:29,43.1888465881348,-9.09839630126953,"Unknown"
"7014852",371861,2025-08-24 08:15:26,43.1865539550781,-9.10569095611572,"Unknown"
"7014852",371861,2025-08-24 08:20:31,43.1871910095215,-9.09992122650146,"Unknown"
"7014852",371861,2025-08-24 08:25:36,43.1891212463379,-9.10078430175781,"Unknown"
"7014852",371861,2025-08-24 08:30:24,43.1892013549805,-9.10077857971191,"Unknown"
"7014852",371861,2025-08-24 08:35:30,43.1896324157715,-9.10030460357666,"Unknown"
"7014852",371861,2025-08-24 08:40:25,43.1897163391113,-9.10000038146973,"Unknown"
"7014852",371861,2025-08-24 08:45:28,43.1890487670898,-9.10098266601562,"Unknown"
"7014852",371861,2025-08-24 08:50:26,43.1894149780273,-9.10041999816895,"Unknown"
"7014852",371861,2025-08-24 08:55:28,43.188533782959,-9.09897327423096,"Unknown"
"7014852",371861,2025-08-24 09:00:26,43.1876335144043,-9.09914398193359,"Unknown"
"7014852",371861,2025-08-24 09:05:24,43.1896858215332,-9.10028553009033,"Unknown"
"7014852",371861,2025-08-24 09:10:25,43.189395904541,-9.10063457489014,"Unknown"
"7014852",371861,2025-08-24 09:15:36,43.1898307800293,-9.10009670257568,"Unknown"
"7014852",371861,2025-08-24 09:20:27,43.1894416809082,-9.10073280334473,"Unknown"
"7014852",371861,2025-08-24 09:25:30,43.1896324157715,-9.10036468505859,"Unknown"
"7014852",371861,2025-08-24 09:30:24,43.1897201538086,-9.10043048858643,"Unknown"
"7014852",371861,2025-08-24 09:35:26,43.1895446777344,-9.10044384002686,"Unknown"
"7014852",371861,2025-08-24 09:40:24,43.189624786377,-9.10037899017334,"Unknown"
"7014852",371861,2025-08-24 09:45:24,43.1895408630371,-9.10053634643555,"Unknown"
"7014852",371861,2025-08-24 09:50:25,43.1897354125977,-9.10011386871338,"Unknown"
"7014852",371861,2025-08-24 09:55:25,43.1896057128906,-9.10030269622803,"Unknown"
"7014852",371861,2025-08-24 10:00:28,43.1890602111816,-9.08768939971924,"Unknown"
"7014852",371861,2025-08-24 10:05:29,43.1873054504395,-9.08873748779297,"Unknown"
"7014852",371861,2025-08-24 10:10:30,43.1829261779785,-9.09205150604248,"Unknown"
"7014852",371861,2025-08-24 10:16:05,43.1826629638672,-9.09265232086182,"Unknown"
"7014852",371861,2025-08-24 10:20:26,43.1831398010254,-9.09274959564209,"Unknown"
"7014852",371861,2025-08-24 10:25:25,43.1833686828613,-9.09321689605713,"Unknown"
"7014852",371861,2025-08-24 10:30:25,43.1842498779297,-9.09287643432617,"Unknown"
"7014852",371861,2025-08-24 10:35:25,43.1842613220215,-9.09309864044189,"Unknown"
"7014852",371861,2025-08-24 10:40:24,43.1842155456543,-9.09297657012939,"Unknown"
"7014852",371861,2025-08-24 10:45:24,43.1842193603516,-9.092848777771,"Unknown"
"7014852",371861,2025-08-24 10:50:24,43.1841125488281,-9.09304332733154,"Unknown"
"7014852",371861,2025-08-24 10:55:24,43.1841506958008,-9.0930757522583,"Unknown"
"7014852",371861,2025-08-24 11:00:25,43.1850242614746,-9.09137725830078,"Unknown"
"7014852",371861,2025-08-24 11:05:24,43.1852149963379,-9.09131050109863,"Unknown"
"7014852",371861,2025-08-24 11:10:24,43.1851081848145,-9.09152507781982,"Unknown"
"7014852",371861,2025-08-24 11:15:24,43.1827163696289,-9.09199142456055,"Unknown"
"7014852",371861,2025-08-24 11:20:25,43.1830825805664,-9.09280490875244,"Unknown"
"7014852",371861,2025-08-24 11:25:25,43.1831588745117,-9.09266757965088,"Unknown"
"7014852",371861,2025-08-24 11:30:26,43.1853866577148,-9.09135913848877,"Unknown"
"7014852",371861,2025-08-24 11:35:24,43.1853294372559,-9.09178066253662,"Unknown"
"7014852",371861,2025-08-24 11:40:29,43.1835136413574,-9.09231758117676,"Unknown"
"7014852",371861,2025-08-24 11:45:24,43.18310546875,-9.0924596786499,"Unknown"
"7014852",371861,2025-08-24 11:50:24,43.1831817626953,-9.0927152633667,"Unknown"
"7014852",371861,2025-08-24 11:55:24,43.1830863952637,-9.09282875061035,"Unknown"
"7014852",371861,2025-08-24 12:00:24,43.1832084655762,-9.09251403808594,"Unknown"
"7014852",371861,2025-08-24 12:05:24,43.1831741333008,-9.09257507324219,"Unknown"
"7014852",371861,2025-08-24 12:10:24,43.183650970459,-9.09178256988525,"Unknown"
"7014852",371861,2025-08-24 12:15:26,43.1830368041992,-9.09254932403564,"Unknown"
"7014852",371861,2025-08-24 12:20:24,43.1892547607422,-9.08819770812988,"Unknown"
"7014852",371861,2025-08-24 12:25:27,43.1891899108887,-9.0882682800293,"Unknown"
"7014852",371861,2025-08-24 12:30:27,43.1893005371094,-9.08832263946533,"Unknown"
"7014852",371861,2025-08-24 12:35:54,43.1889305114746,-9.08848667144775,"Unknown"
"7014852",371861,2025-08-24 12:40:25,43.1891288757324,-9.08817863464355,"Unknown"
"7014852",371861,2025-08-24 12:45:24,43.1891860961914,-9.08828067779541,"Unknown"
"7014852",371861,2025-08-24 12:50:24,43.1882476806641,-9.08927345275879,"Unknown"
"7014852",371861,2025-08-24 12:55:28,43.1860733032227,-9.09140968322754,"Unknown"
"7014852",371861,2025-08-24 13:00:26,43.186164855957,-9.09138298034668,"Unknown"
"7014852",371861,2025-08-24 13:05:25,43.1860580444336,-9.09154510498047,"Unknown"
"7014852",371861,2025-08-24 13:10:25,43.1859169006348,-9.09127902984619,"Unknown"
"7014852",371861,2025-08-24 13:15:25,43.1861038208008,-9.09114456176758,"Unknown"
"7014852",371861,2025-08-24 13:20:29,43.1860466003418,-9.09114646911621,"Unknown"
"7014852",371861,2025-08-24 13:25:24,43.1860694885254,-9.09134387969971,"Unknown"
"7014852",371861,2025-08-24 13:30:26,43.1860961914062,-9.09106254577637,"Unknown"
"7014852",371861,2025-08-24 13:35:46,43.1864433288574,-9.09097671508789,"Unknown"
"7014852",371861,2025-08-24 13:40:27,43.1853446960449,-9.09042835235596,"Unknown"
"7014852",371861,2025-08-24 13:45:26,43.1855964660645,-9.09073638916016,"Unknown"
"7014852",371861,2025-08-24 13:50:25,43.1858367919922,-9.09134578704834,"Unknown"
"7014852",371861,2025-08-24 13:55:24,43.1856918334961,-9.09121036529541,"Unknown"
"7014852",371861,2025-08-24 14:00:24,43.1859283447266,-9.09031963348389,"Unknown"
"7014852",371861,2025-08-24 14:05:24,43.1898956298828,-9.0903844833374,"Unknown"
"7014852",371861,2025-08-24 14:10:24,43.1899261474609,-9.09033584594727,"Unknown"
"7014852",371861,2025-08-24 14:15:24,43.1898498535156,-9.09034442901611,"Unknown"
"7014852",371861,2025-08-24 14:20:24,43.1899528503418,-9.09054756164551,"Unknown"
"7014852",371861,2025-08-24 14:25:24,43.1899566650391,-9.09048175811768,"Unknown"
"7014852",371861,2025-08-24 14:30:24,43.1899337768555,-9.09042739868164,"Unknown"
"7014852",371861,2025-08-24 14:35:25,43.1899604797363,-9.09052276611328,"Unknown"
"7014852",371861,2025-08-24 14:40:25,43.1899490356445,-9.09054565429688,"Unknown"
"7014852",371861,2025-08-24 14:45:24,43.1899375915527,-9.09054279327393,"Unknown"
"7014852",371861,2025-08-24 14:50:25,43.18994140625,-9.09071350097656,"Unknown"
"7014852",371861,2025-08-24 14:55:27,43.1898384094238,-9.09054279327393,"Unknown"
"7014852",371861,2025-08-24 15:00:24,43.1899795532227,-9.0906982421875,"Unknown"
"7014852",371861,2025-08-24 15:05:24,43.1897659301758,-9.09042835235596,"Unknown"
"7014852",371861,2025-08-24 15:10:25,43.189640045166,-9.09021854400635,"Unknown"
"7014852",371861,2025-08-24 15:15:24,43.1857719421387,-9.09157657623291,"Unknown"
"7014852",371861,2025-08-24 15:20:24,43.1857757568359,-9.09157466888428,"Unknown"
"7014852",371861,2025-08-24 15:25:24,43.1850318908691,-9.09215641021729,"Unknown"
"7014852",371861,2025-08-24 15:30:24,43.1850357055664,-9.0921688079834,"Unknown"
"7014852",371861,2025-08-24 15:35:24,43.1848945617676,-9.09210014343262,"Unknown"
"7014852",371861,2025-08-24 15:40:25,43.184814453125,-9.09200096130371,"Unknown"
"7014852",371861,2025-08-24 15:45:59,43.1847457885742,-9.09212303161621,"Unknown"
"7014852",371861,2025-08-24 15:50:24,43.1847343444824,-9.0920581817627,"Unknown"
"7014852",371861,2025-08-24 15:55:24,43.1846733093262,-9.09195899963379,"Unknown"
"7014852",371861,2025-08-24 16:00:23,43.1847190856934,-9.09196186065674,"Unknown"
"7014852",371861,2025-08-24 16:05:24,43.1831283569336,-9.09281730651855,"Unknown"
"7014852",371861,2025-08-24 16:10:27,43.1828498840332,-9.09249687194824,"Unknown"
"7014852",371861,2025-08-24 16:15:26,43.1828231811523,-9.09262466430664,"Unknown"
"7014852",371861,2025-08-24 16:20:26,43.1828384399414,-9.09251976013184,"Unknown"
"7014852",371861,2025-08-24 16:25:25,43.1836051940918,-9.09278583526611,"Unknown"
"7014852",371861,2025-08-24 16:30:26,43.1832656860352,-9.09263515472412,"Unknown"
"7014852",371861,2025-08-24 16:35:24,43.1838607788086,-9.09300518035889,"Unknown"
"7014852",371861,2025-08-24 16:40:24,43.1838226318359,-9.09290313720703,"Unknown"
"7014852",371861,2025-08-24 16:45:23,43.1838073730469,-9.09290885925293,"Unknown"
"7014852",371861,2025-08-24 16:50:23,43.1840553283691,-9.0929126739502,"Unknown"
"7014852",371861,2025-08-24 16:55:23,43.1838493347168,-9.09292888641357,"Unknown"
"7014852",371861,2025-08-24 17:00:23,43.1839866638184,-9.09292316436768,"Unknown"
"7014852",371861,2025-08-24 17:05:26,43.1840133666992,-9.09293842315674,"Unknown"
"7014852",371861,2025-08-24 17:10:25,43.1838531494141,-9.09285545349121,"Unknown"
"7014852",371861,2025-08-24 17:15:26,43.1840171813965,-9.0928316116333,"Unknown"
"7014852",371861,2025-08-24 17:20:25,43.1840171813965,-9.09264278411865,"Unknown"
"7014852",371861,2025-08-24 17:25:28,43.1839828491211,-9.09286880493164,"Unknown"
"7014852",371861,2025-08-24 17:30:28,43.1841697692871,-9.09318351745605,"Unknown"
"7014852",371861,2025-08-24 17:35:44,43.1840362548828,-9.09305286407471,"Unknown"
"7014852",371861,2025-08-24 17:40:24,43.184139251709,-9.09295082092285,"Unknown"
"7014852",371861,2025-08-24 17:45:24,43.1840934753418,-9.09313774108887,"Unknown"
"7014852",371861,2025-08-24 17:50:24,43.1840667724609,-9.09314727783203,"Unknown"
"7014852",371861,2025-08-24 17:55:25,43.1837768554688,-9.09292697906494,"Unknown"
"7014852",371861,2025-08-24 18:00:24,43.1856727600098,-9.09102249145508,"Unknown"
"7014852",371861,2025-08-24 18:05:24,43.1917419433594,-9.09792327880859,"Unknown"
"7014852",371861,2025-08-24 18:10:24,43.1918106079102,-9.09838676452637,"Unknown"
"7014852",371861,2025-08-24 18:15:26,43.1918411254883,-9.09829044342041,"Unknown"
"7014852",371861,2025-08-24 18:20:28,43.191478729248,-9.09813785552979,"Unknown"
"7014852",371861,2025-08-24 18:25:29,43.1914901733398,-9.09811496734619,"Unknown"
"7014852",371861,2025-08-24 18:30:44,43.1918525695801,-9.09832763671875,"Unknown"
"7014852",371861,2025-08-24 18:35:30,43.1918754577637,-9.09833717346191,"Unknown"
"7014852",371861,2025-08-24 18:40:47,43.1918601989746,-9.09825992584229,"Unknown"
"7014852",371861,2025-08-24 18:45:26,43.1915550231934,-9.09786033630371,"Unknown"
"7014852",371861,2025-08-24 18:50:26,43.1916427612305,-9.09817409515381,"Unknown"
"7014852",371861,2025-08-24 18:55:24,43.1918487548828,-9.0981330871582,"Unknown"
"7014852",371861,2025-08-24 19:00:25,43.1918525695801,-9.09819507598877,"Unknown"
"7014852",371861,2025-08-24 19:05:25,43.1917839050293,-9.09822463989258,"Unknown"
"7014852",371861,2025-08-24 19:10:27,43.1919555664062,-9.0981969833374,"Unknown"
"7014852",371861,2025-08-24 19:15:27,43.1917152404785,-9.09811019897461,"Unknown"
"7014852",371861,2025-08-24 19:20:37,43.1915740966797,-9.09775829315186,"Unknown"
"7014852",371861,2025-08-24 19:25:28,43.1914024353027,-9.09819889068604,"Unknown"
"7014852",371861,2025-08-24 19:30:59,43.1917953491211,-9.09826564788818,"Unknown"
"7014852",371861,2025-08-24 19:35:24,43.1945648193359,-9.10891532897949,"Unknown"
"7014852",371861,2025-08-24 19:40:24,43.1927604675293,-9.15958690643311,"Unknown"
"7014852",371861,2025-08-24 19:45:24,43.1683082580566,-9.20627689361572,"Unknown"
"7014852",371861,2025-08-24 19:50:24,43.1318969726562,-9.22593593597412,"Unknown"
"7014852",371861,2025-08-24 19:55:23,43.1030578613281,-9.21795749664307,"Unknown"
"7014852",371861,2025-08-24 20:00:24,43.1141357421875,-9.2260684967041,"Unknown"
"7014852",371861,2025-08-24 20:04:47,43.1340560913086,-9.2246150970459,"Unknown"
"7014852",371861,2025-08-25 01:05:26,43.1623878479004,-9.21401500701904,"Unknown"
"7014852",371861,2025-08-25 05:58:24,43.1828651428223,-9.10479164123535,"Unknown"
"7014852",371861,2025-08-25 06:03:24,43.1824607849121,-9.10588550567627,"Unknown"
"7014852",371861,2025-08-25 06:09:30,43.1869163513184,-9.10209846496582,"Unknown"
"7014852",371861,2025-08-25 06:13:17,43.1848831176758,-9.0919942855835,"Unknown"
"7014852",371861,2025-08-25 06:18:35,43.1851005554199,-9.09173965454102,"Unknown"
"7014852",371861,2025-08-25 06:23:12,43.1850357055664,-9.0915470123291,"Unknown"
"7014852",371861,2025-08-25 06:28:07,43.1845893859863,-9.09174060821533,"Unknown"
"7014852",371861,2025-08-25 06:33:07,43.1849975585938,-9.09179973602295,"Unknown"
"7014852",371861,2025-08-25 06:38:08,43.1850090026855,-9.09189414978027,"Unknown"
"7014852",371861,2025-08-25 06:43:09,43.184139251709,-9.09287261962891,"Unknown"
"7014852",371861,2025-08-25 06:48:07,43.1840667724609,-9.0928430557251,"Unknown"
"7014852",371861,2025-08-25 06:53:07,43.1839828491211,-9.09288692474365,"Unknown"
"7014852",371861,2025-08-25 06:58:12,43.1841278076172,-9.09306240081787,"Unknown"
"7014852",371861,2025-08-25 07:03:10,43.1841201782227,-9.09310340881348,"Unknown"
"7014852",371861,2025-08-25 07:08:10,43.1841773986816,-9.09322547912598,"Unknown"
"7014852",371861,2025-08-25 07:13:11,43.1833190917969,-9.09269714355469,"Unknown"
"7014852",371861,2025-08-25 07:18:12,43.183536529541,-9.09299087524414,"Unknown"
"7014852",371861,2025-08-25 07:23:10,43.1833915710449,-9.09361267089844,"Unknown"
"7014852",371861,2025-08-25 07:28:09,43.1828422546387,-9.09226036071777,"Unknown"
"7014852",371861,2025-08-25 07:33:10,43.1830139160156,-9.09219932556152,"Unknown"
"7014852",371861,2025-08-25 07:38:09,43.1828804016113,-9.09232902526855,"Unknown"
"7014852",371861,2025-08-25 07:43:15,43.1832466125488,-9.09257984161377,"Unknown"
"7014852",371861,2025-08-25 07:48:08,43.18310546875,-9.09242630004883,"Unknown"
"7014852",371861,2025-08-25 07:53:07,43.183422088623,-9.09257125854492,"Unknown"
"7014852",371861,2025-08-25 07:58:07,43.1832618713379,-9.09246063232422,"Unknown"
"7014852",371861,2025-08-25 08:03:07,43.1830177307129,-9.09240913391113,"Unknown"
"7014852",371861,2025-08-25 08:08:12,43.182975769043,-9.09263610839844,"Unknown"
"7014852",371861,2025-08-25 08:13:08,43.1870803833008,-9.09969806671143,"Unknown"
"7014852",371861,2025-08-25 08:18:10,43.1871566772461,-9.09972667694092,"Unknown"
"7014852",371861,2025-08-25 08:23:09,43.1872978210449,-9.0998706817627,"Unknown"
"7014852",371861,2025-08-25 08:28:08,43.1879386901855,-9.10037422180176,"Unknown"
"7014852",371861,2025-08-25 08:33:10,43.1884994506836,-9.10042190551758,"Unknown"
"7014852",371861,2025-08-25 08:38:08,43.1876945495605,-9.10040664672852,"Unknown"
"7014852",371861,2025-08-25 08:43:13,43.1882858276367,-9.10018920898438,"Unknown"
"7014852",371861,2025-08-25 08:48:10,43.188663482666,-9.10021781921387,"Unknown"
"7014852",371861,2025-08-25 08:53:07,43.187931060791,-9.10027408599854,"Unknown"
"7014852",371861,2025-08-25 08:58:09,43.1883392333984,-9.10018920898438,"Unknown"
"7014852",371861,2025-08-25 09:03:09,43.1872177124023,-9.09970664978027,"Unknown"
"7014852",371861,2025-08-25 09:08:08,43.1880416870117,-9.1003475189209,"Unknown"
"7014852",371861,2025-08-25 09:13:07,43.1877708435059,-9.10021686553955,"Unknown"
"7014852",371861,2025-08-25 09:18:07,43.188117980957,-9.10030269622803,"Unknown"
"7014852",371861,2025-08-25 09:23:18,43.1880073547363,-9.10036087036133,"Unknown"
"7014852",371861,2025-08-25 09:28:09,43.1882247924805,-9.10025501251221,"Unknown"
"7014852",371861,2025-08-25 09:33:18,43.1881675720215,-9.10030841827393,"Unknown"
"7014852",371861,2025-08-25 09:38:07,43.1881828308105,-9.100266456604,"Unknown"
"7014852",371861,2025-08-25 09:43:18,43.1880989074707,-9.10036754608154,"Unknown"
"7014852",371861,2025-08-25 09:48:13,43.1872367858887,-9.09981727600098,"Unknown"
"7014852",371861,2025-08-25 09:53:08,43.1878776550293,-9.10015964508057,"Unknown"
"7014852",371861,2025-08-25 09:58:17,43.1888656616211,-9.10075855255127,"Unknown"
"7014852",371861,2025-08-25 10:03:09,43.189136505127,-9.10064506530762,"Unknown"
"7014852",371861,2025-08-25 10:08:09,43.189094543457,-9.10073089599609,"Unknown"
"7014852",371861,2025-08-25 10:13:15,43.189022064209,-9.10073661804199,"Unknown"
"7014852",371861,2025-08-25 10:18:16,43.1892471313477,-9.10059356689453,"Unknown"
"7014852",371861,2025-08-25 10:23:15,43.1892166137695,-9.10064506530762,"Unknown"
"7014852",371861,2025-08-25 10:28:15,43.1891555786133,-9.10071277618408,"Unknown"
"7014852",371861,2025-08-25 10:33:18,43.189266204834,-9.1005802154541,"Unknown"
"7014852",371861,2025-08-25 10:38:16,43.1894187927246,-9.10037422180176,"Unknown"
"7014852",371861,2025-08-25 10:43:17,43.1894989013672,-9.10038661956787,"Unknown"
"7014852",371861,2025-08-25 10:48:08,43.1896057128906,-9.10062503814697,"Unknown"
"7014852",371861,2025-08-25 10:53:10,43.1899299621582,-9.10092926025391,"Unknown"
"7014852",371861,2025-08-25 10:58:12,43.1898384094238,-9.10086059570312,"Unknown"
"7014852",371861,2025-08-25 11:03:08,43.1867713928223,-9.08964061737061,"Unknown"
"7014852",371861,2025-08-25 11:08:16,43.1856727600098,-9.09148216247559,"Unknown"
"7014852",371861,2025-08-25 11:13:11,43.1861228942871,-9.09151172637939,"Unknown"
"7014852",371861,2025-08-25 11:18:11,43.1867523193359,-9.09105968475342,"Unknown"
"7014852",371861,2025-08-25 11:23:15,43.1857681274414,-9.09140682220459,"Unknown"
"7014852",371861,2025-08-25 11:28:10,43.1865501403809,-9.09090423583984,"Unknown"
"7014852",371861,2025-08-25 11:33:10,43.1906356811523,-9.08976078033447,"Unknown"
"7014852",371861,2025-08-25 11:38:10,43.1909065246582,-9.08965301513672,"Unknown"
"7014852",371861,2025-08-25 11:43:10,43.1908302307129,-9.0894603729248,"Unknown"
"7014852",371861,2025-08-25 11:48:32,43.18994140625,-9.09015083312988,"Unknown"
"7014852",371861,2025-08-25 11:53:08,43.1899185180664,-9.09008121490479,"Unknown"
"7014852",371861,2025-08-25 11:58:07,43.1899528503418,-9.09004783630371,"Unknown"
"7014852",371861,2025-08-25 12:03:07,43.1899528503418,-9.09010982513428,"Unknown"
"7014852",371861,2025-08-25 12:08:13,43.1899299621582,-9.09008979797363,"Unknown"
"7014852",371861,2025-08-25 12:13:07,43.1898498535156,-9.0901346206665,"Unknown"
"7014852",371861,2025-08-25 12:18:07,43.1898803710938,-9.09015941619873,"Unknown"
"7014852",371861,2025-08-25 12:23:08,43.1899452209473,-9.09004402160645,"Unknown"
"7014852",371861,2025-08-25 12:28:07,43.1899375915527,-9.09017276763916,"Unknown"
"7014852",371861,2025-08-25 12:33:07,43.1899223327637,-9.09006404876709,"Unknown"
"7014852",371861,2025-08-25 12:38:08,43.1898956298828,-9.09002876281738,"Unknown"
"7014852",371861,2025-08-25 12:43:07,43.1899795532227,-9.08987426757812,"Unknown"
"7014852",371861,2025-08-25 12:48:07,43.1867561340332,-9.09043121337891,"Unknown"
"7014852",371861,2025-08-25 12:53:09,43.1832008361816,-9.09256935119629,"Unknown"
"7014852",371861,2025-08-25 12:58:10,43.1831893920898,-9.09244632720947,"Unknown"
"7014852",371861,2025-08-25 13:03:10,43.1835632324219,-9.09285545349121,"Unknown"
"7014852",371861,2025-08-25 13:08:11,43.1832313537598,-9.09286975860596,"Unknown"
"7014852",371861,2025-08-25 13:13:07,43.1900062561035,-9.09035015106201,"Unknown"
"7014852",371861,2025-08-25 13:18:08,43.1897735595703,-9.0903434753418,"Unknown"
"7014852",371861,2025-08-25 13:23:07,43.189769744873,-9.09037399291992,"Unknown"
"7014852",371861,2025-08-25 13:28:07,43.1897850036621,-9.09027576446533,"Unknown"
"7014852",371861,2025-08-25 13:33:07,43.1896286010742,-9.09034633636475,"Unknown"
"7014852",371861,2025-08-25 13:38:08,43.1896057128906,-9.0903205871582,"Unknown"
"7014852",371861,2025-08-25 13:43:07,43.1896286010742,-9.09024524688721,"Unknown"
"7014852",371861,2025-08-25 13:48:07,43.189136505127,-9.09402275085449,"Unknown"
"7014852",371861,2025-08-25 13:53:07,43.1875648498535,-9.09955310821533,"Unknown"
"7014852",371861,2025-08-25 13:58:07,43.1908493041992,-9.09589576721191,"Unknown"
"7014852",371861,2025-08-25 14:03:07,43.1907958984375,-9.09580230712891,"Unknown"
"7014852",371861,2025-08-25 14:08:08,43.1910400390625,-9.09617137908936,"Unknown"
"7014852",371861,2025-08-25 14:13:07,43.1907958984375,-9.09574794769287,"Unknown"
"7014852",371861,2025-08-25 14:18:07,43.1907806396484,-9.09575176239014,"Unknown"
"7014852",371861,2025-08-25 14:23:22,43.1911468505859,-9.09616565704346,"Unknown"
"7014852",371861,2025-08-25 14:28:10,43.1912879943848,-9.09658527374268,"Unknown"
"7014852",371861,2025-08-25 14:33:09,43.1910858154297,-9.09621238708496,"Unknown"
"7014852",371861,2025-08-25 14:38:07,43.1911163330078,-9.09624099731445,"Unknown"
"7014852",371861,2025-08-25 14:43:07,43.1911010742188,-9.09625053405762,"Unknown"
"7014852",371861,2025-08-25 14:48:07,43.1911201477051,-9.0962381362915,"Unknown"
"7014852",371861,2025-08-25 14:53:08,43.191219329834,-9.09660720825195,"Unknown"
"7014852",371861,2025-08-25 14:58:17,43.1909828186035,-9.09620189666748,"Unknown"
"7014852",371861,2025-08-25 15:03:11,43.1910743713379,-9.0964469909668,"Unknown"
"7014852",371861,2025-08-25 15:08:12,43.1911964416504,-9.09683132171631,"Unknown"
"7014852",371861,2025-08-25 15:13:08,43.1909446716309,-9.09620571136475,"Unknown"
"7014852",371861,2025-08-25 15:18:08,43.1910438537598,-9.09644794464111,"Unknown"
"7014852",371861,2025-08-25 15:23:21,43.1908836364746,-9.09615612030029,"Unknown"
"7014852",371861,2025-08-25 15:28:09,43.1908798217773,-9.09625911712646,"Unknown"
"7014852",371861,2025-08-25 15:33:18,43.190845489502,-9.09631443023682,"Unknown"
"7014852",371861,2025-08-25 15:38:25,43.1908073425293,-9.09597015380859,"Unknown"
"7014852",371861,2025-08-25 15:43:20,43.1907691955566,-9.09597301483154,"Unknown"
"7014852",371861,2025-08-25 15:48:09,43.1908416748047,-9.09623050689697,"Unknown"
"7014852",371861,2025-08-25 15:53:08,43.1908683776855,-9.0962495803833,"Unknown"
"7014852",371861,2025-08-25 15:58:12,43.1908302307129,-9.09604740142822,"Unknown"
"7014852",371861,2025-08-25 16:03:09,43.1910095214844,-9.09617614746094,"Unknown"
"7014852",371861,2025-08-25 16:08:08,43.191032409668,-9.09613418579102,"Unknown"
"7014852",371861,2025-08-25 16:13:08,43.1909980773926,-9.09617519378662,"Unknown"
"7014852",371861,2025-08-25 16:18:17,43.1908798217773,-9.09614849090576,"Unknown"
"7014852",371861,2025-08-25 16:23:09,43.1909141540527,-9.09620952606201,"Unknown"
"7014852",371861,2025-08-25 16:28:09,43.1909484863281,-9.09636783599854,"Unknown"
"7014852",371861,2025-08-25 16:33:18,43.1909980773926,-9.09631729125977,"Unknown"
"7014852",371861,2025-08-25 16:38:09,43.1909523010254,-9.09627914428711,"Unknown"
"7014852",371861,2025-08-25 16:43:17,43.1910095214844,-9.09636211395264,"Unknown"
"7014852",371861,2025-08-25 16:48:15,43.1910362243652,-9.09631252288818,"Unknown"
"7014852",371861,2025-08-25 16:53:08,43.1909446716309,-9.09642028808594,"Unknown"
"7014852",371861,2025-08-25 16:58:10,43.1909637451172,-9.09635829925537,"Unknown"
"7014852",371861,2025-08-25 17:03:10,43.1910209655762,-9.09649562835693,"Unknown"
"7014852",371861,2025-08-25 17:08:22,43.1911354064941,-9.0964527130127,"Unknown"
"7014852",371861,2025-08-25 17:13:35,43.1907615661621,-9.09604930877686,"Unknown"
"7014852",371861,2025-08-25 17:18:06,43.1906356811523,-9.09593772888184,"Unknown"
"7014852",371861,2025-08-25 17:23:07,43.190673828125,-9.0959997177124,"Unknown"
"7014852",371861,2025-08-25 17:28:07,43.1906776428223,-9.09602451324463,"Unknown"
"7014852",371861,2025-08-25 17:33:06,43.1906814575195,-9.0960521697998,"Unknown"
"7014852",371861,2025-08-25 17:38:07,43.1907157897949,-9.0960636138916,"Unknown"
"7014852",371861,2025-08-25 17:43:07,43.1907196044922,-9.09603595733643,"Unknown"
"7014852",371861,2025-08-25 17:48:07,43.1907005310059,-9.09602355957031,"Unknown"
"7014852",371861,2025-08-25 17:53:07,43.1907768249512,-9.09604930877686,"Unknown"
"7014852",371861,2025-08-25 17:58:07,43.1914558410645,-9.09782600402832,"Unknown"
"7014852",371861,2025-08-25 18:03:06,43.1916084289551,-9.09777545928955,"Unknown"
"7014852",371861,2025-08-25 18:08:08,43.1916236877441,-9.09775543212891,"Unknown"
"7014852",371861,2025-08-25 18:13:07,43.1915817260742,-9.0977725982666,"Unknown"
"7014852",371861,2025-08-25 18:18:10,43.191593170166,-9.09777641296387,"Unknown"
"7014852",371861,2025-08-25 18:23:09,43.1917991638184,-9.09768486022949,"Unknown"
"7014852",371861,2025-08-25 18:28:07,43.1916313171387,-9.09779357910156,"Unknown"
"7014852",371861,2025-08-25 18:33:10,43.1916923522949,-9.09776592254639,"Unknown"
"7014852",371861,2025-08-25 18:38:07,43.191577911377,-9.0977668762207,"Unknown"
"7014852",371861,2025-08-25 18:43:06,43.1916046142578,-9.09774017333984,"Unknown"
"7014852",371861,2025-08-25 18:48:06,43.1916084289551,-9.0977725982666,"Unknown"
"7014852",371861,2025-08-25 18:53:09,43.191593170166,-9.09776401519775,"Unknown"
"7014852",371861,2025-08-25 18:58:06,43.1916046142578,-9.09776020050049,"Unknown"
"7014852",371861,2025-08-25 19:03:08,43.1916007995605,-9.09769153594971,"Unknown"
"7014852",371861,2025-08-25 19:08:07,43.1916275024414,-9.09778785705566,"Unknown"
"7014852",371861,2025-08-25 19:13:22,43.1915168762207,-9.09737586975098,"Unknown"
"7014852",371861,2025-08-25 19:18:06,43.1916313171387,-9.09780311584473,"Unknown"
"7014852",371861,2025-08-25 19:23:08,43.1916885375977,-9.09780597686768,"Unknown"
"7014852",371861,2025-08-25 19:28:08,43.1915664672852,-9.09782886505127,"Unknown"
"7014852",371861,2025-08-25 19:33:09,43.1911659240723,-9.09750461578369,"Unknown"
"7014852",371861,2025-08-25 19:38:16,43.1916427612305,-9.09790134429932,"Unknown"
"7014852",371861,2025-08-25 19:43:10,43.191722869873,-9.09788131713867,"Unknown"
"7014852",371861,2025-08-25 19:48:08,43.2106857299805,-9.1079797744751,"Unknown"
"7014852",371861,2025-08-25 19:53:08,43.2115707397461,-9.13311386108398,"Unknown"
"7014852",371861,2025-08-25 19:58:07,43.2062911987305,-9.16941547393799,"Unknown"
"7014852",371861,2025-08-25 20:03:09,43.2007522583008,-9.20276927947998,"Unknown"
"7014852",371861,2025-08-26 01:04:04,43.1633453369141,-9.21397113800049,"Unknown"
"7014852",371861,2025-08-26 05:59:44,43.184154510498,-9.10597801208496,"Unknown"
"7014852",371861,2025-08-26 06:03:57,43.1853103637695,-9.10548782348633,"Unknown"
"7014852",371861,2025-08-26 06:08:54,43.1850509643555,-9.10496234893799,"Unknown"
"7014852",371861,2025-08-26 06:14:03,43.1871604919434,-9.10379886627197,"Unknown"
"7014852",371861,2025-08-26 06:19:00,43.1874961853027,-9.09974479675293,"Unknown"
"7014852",371861,2025-08-26 06:23:59,43.1875610351562,-9.09954071044922,"Unknown"
"7014852",371861,2025-08-26 06:28:57,43.1878128051758,-9.09985637664795,"Unknown"
"7014852",371861,2025-08-26 06:33:54,43.1875076293945,-9.09891414642334,"Unknown"
"7014852",371861,2025-08-26 06:38:57,43.1862983703613,-9.09227561950684,"Unknown"
"7014852",371861,2025-08-26 06:44:01,43.1862449645996,-9.09231662750244,"Unknown"
"7014852",371861,2025-08-26 06:49:14,43.1854286193848,-9.09088039398193,"Unknown"
"7014852",371861,2025-08-26 06:54:01,43.185375213623,-9.09059524536133,"Unknown"
"7014852",371861,2025-08-26 06:58:57,43.1849746704102,-9.09039688110352,"Unknown"
"7014852",371861,2025-08-26 07:04:00,43.185173034668,-9.09075546264648,"Unknown"
"7014852",371861,2025-08-26 07:08:57,43.1851081848145,-9.09043788909912,"Unknown"
"7014852",371861,2025-08-26 07:13:59,43.1852416992188,-9.09062480926514,"Unknown"
"7014852",371861,2025-08-26 07:18:57,43.1853446960449,-9.09026336669922,"Unknown"
"7014852",371861,2025-08-26 07:24:03,43.185432434082,-9.09054851531982,"Unknown"
"7014852",371861,2025-08-26 07:29:01,43.1845932006836,-9.091383934021,"Unknown"
"7014852",371861,2025-08-26 07:34:14,43.1844329833984,-9.0919246673584,"Unknown"
"7014852",371861,2025-08-26 07:38:54,43.1847915649414,-9.09146881103516,"Unknown"
"7014852",371861,2025-08-26 07:43:58,43.1849136352539,-9.09146881103516,"Unknown"
"7014852",371861,2025-08-26 07:48:58,43.183536529541,-9.09243202209473,"Unknown"
"7014852",371861,2025-08-26 07:54:00,43.183521270752,-9.09245014190674,"Unknown"
"7014852",371861,2025-08-26 07:59:00,43.1836471557617,-9.09235286712646,"Unknown"
"7014852",371861,2025-08-26 08:04:00,43.1835784912109,-9.09248924255371,"Unknown"
"7014852",371861,2025-08-26 08:09:35,43.1834831237793,-9.09235763549805,"Unknown"
"7014852",371861,2025-08-26 08:14:12,43.1834983825684,-9.09237194061279,"Unknown"
"7014852",371861,2025-08-26 08:19:12,43.1835479736328,-9.09293842315674,"Unknown"
"7014852",371861,2025-08-26 08:24:13,43.1835823059082,-9.09300422668457,"Unknown"
"7014852",371861,2025-08-26 08:29:21,43.1835556030273,-9.09294319152832,"Unknown"
"7014852",371861,2025-08-26 08:34:25,43.1834564208984,-9.09304809570312,"Unknown"
"7014852",371861,2025-08-26 08:39:53,43.1834754943848,-9.09284400939941,"Unknown"
"7014852",371861,2025-08-26 08:44:13,43.1835021972656,-9.09328937530518,"Unknown"
"7014852",371861,2025-08-26 08:49:16,43.1833953857422,-9.09314918518066,"Unknown"
"7014852",371861,2025-08-26 08:54:12,43.1837158203125,-9.093430519104,"Unknown"
"7014852",371861,2025-08-26 08:59:13,43.1836624145508,-9.09306335449219,"Unknown"
"7014852",371861,2025-08-26 09:04:14,43.1823577880859,-9.09284687042236,"Unknown"
"7014852",371861,2025-08-26 09:09:12,43.1830368041992,-9.09251880645752,"Unknown"
"7014852",371861,2025-08-26 09:14:13,43.1835289001465,-9.09280395507812,"Unknown"
"7014852",371861,2025-08-26 09:19:15,43.1834602355957,-9.09275245666504,"Unknown"
"7014852",371861,2025-08-26 09:24:25,43.1836166381836,-9.09268093109131,"Unknown"
"7014852",371861,2025-08-26 09:29:22,43.1835746765137,-9.09307765960693,"Unknown"
"7014852",371861,2025-08-26 09:34:22,43.1833076477051,-9.0925817489624,"Unknown"
"7014852",371861,2025-08-26 09:39:11,43.1829643249512,-9.09242630004883,"Unknown"
"7014852",371861,2025-08-26 09:44:12,43.1828727722168,-9.09238910675049,"Unknown"
"7014852",371861,2025-08-26 09:49:12,43.1831321716309,-9.09253311157227,"Unknown"
"7014852",371861,2025-08-26 09:54:12,43.1828918457031,-9.09236717224121,"Unknown"
"7014852",371861,2025-08-26 09:59:13,43.1829490661621,-9.09244632720947,"Unknown"
"7014852",371861,2025-08-26 10:04:14,43.1828117370605,-9.09229278564453,"Unknown"
"7014852",371861,2025-08-26 10:09:23,43.1826629638672,-9.09232139587402,"Unknown"
"7014852",371861,2025-08-26 10:14:12,43.1841468811035,-9.09226226806641,"Unknown"
"7014852",371861,2025-08-26 10:19:16,43.1846542358398,-9.09161949157715,"Unknown"
"7014852",371861,2025-08-26 10:24:13,43.1830024719238,-9.09249782562256,"Unknown"
"7014852",371861,2025-08-26 10:29:16,43.1831893920898,-9.09264469146729,"Unknown"
"7014852",371861,2025-08-26 10:34:14,43.1826019287109,-9.09194755554199,"Unknown"
"7014852",371861,2025-08-26 10:39:21,43.1832122802734,-9.09252166748047,"Unknown"
"7014852",371861,2025-08-26 10:44:18,43.1832160949707,-9.0925989151001,"Unknown"
"7014852",371861,2025-08-26 10:49:22,43.1830902099609,-9.09253597259521,"Unknown"
"7014852",371861,2025-08-26 10:54:14,43.1838150024414,-9.09310340881348,"Unknown"
"7014852",371861,2025-08-26 10:59:57,43.1832962036133,-9.09208011627197,"Unknown"
"7014852",371861,2025-08-26 11:04:26,43.1835174560547,-9.09288024902344,"Unknown"
"7014852",371861,2025-08-26 11:09:35,43.1875419616699,-9.09970474243164,"Unknown"
"7014852",371861,2025-08-26 11:14:13,43.1874961853027,-9.09984302520752,"Unknown"
"7014852",371861,2025-08-26 11:19:13,43.1886100769043,-9.09969615936279,"Unknown"
"7014852",371861,2025-08-26 11:24:12,43.1886711120605,-9.0995979309082,"Unknown"
"7014852",371861,2025-08-26 11:29:19,43.1887130737305,-9.09983825683594,"Unknown"
"7014852",371861,2025-08-26 11:34:13,43.1887626647949,-9.09964752197266,"Unknown"
"7014852",371861,2025-08-26 11:39:16,43.1830062866211,-9.0925464630127,"Unknown"
"7014852",371861,2025-08-26 11:44:18,43.1831130981445,-9.09258937835693,"Unknown"
"7014852",371861,2025-08-26 11:49:35,43.1830787658691,-9.09271240234375,"Unknown"
"7014852",371861,2025-08-26 11:54:11,43.1831398010254,-9.0925760269165,"Unknown"
"7014852",371861,2025-08-26 11:59:11,43.1831398010254,-9.09268474578857,"Unknown"
"7014852",371861,2025-08-26 12:04:13,43.1831321716309,-9.09251117706299,"Unknown"
"7014852",371861,2025-08-26 12:09:11,43.1832160949707,-9.09270668029785,"Unknown"
"7014852",371861,2025-08-26 12:14:11,43.1831703186035,-9.09269237518311,"Unknown"
"7014852",371861,2025-08-26 12:19:11,43.1831474304199,-9.09263896942139,"Unknown"
"7014852",371861,2025-08-26 12:25:10,43.1832618713379,-9.0924596786499,"Unknown"
"7014852",371861,2025-08-26 12:29:11,43.1835594177246,-9.09298133850098,"Unknown"
"7014852",371861,2025-08-26 12:34:11,43.183162689209,-9.0925989151001,"Unknown"
"7014852",371861,2025-08-26 12:39:12,43.185676574707,-9.09240341186523,"Unknown"
"7014852",371861,2025-08-26 12:44:12,43.1874580383301,-9.09950637817383,"Unknown"
"7014852",371861,2025-08-26 12:49:11,43.1875610351562,-9.09946060180664,"Unknown"
"7014852",371861,2025-08-26 12:54:11,43.1874732971191,-9.09960651397705,"Unknown"
"7014852",371861,2025-08-26 12:59:11,43.1875381469727,-9.09957122802734,"Unknown"
"7014852",371861,2025-08-26 13:04:16,43.1874504089355,-9.09963893890381,"Unknown"
"7014852",371861,2025-08-26 13:09:13,43.188648223877,-9.09970951080322,"Unknown"
"7014852",371861,2025-08-26 13:14:13,43.1886215209961,-9.09965419769287,"Unknown"
"7014852",371861,2025-08-26 13:19:13,43.1914672851562,-9.0979700088501,"Unknown"
"7014852",371861,2025-08-26 13:24:13,43.1916122436523,-9.09815502166748,"Unknown"
"7014852",371861,2025-08-26 13:29:12,43.191535949707,-9.09800815582275,"Unknown"
"7014852",371861,2025-08-26 13:34:12,43.1916275024414,-9.098219871521,"Unknown"
"7014852",371861,2025-08-26 13:39:13,43.1915054321289,-9.09804439544678,"Unknown"
"7014852",371861,2025-08-26 13:44:12,43.1916236877441,-9.0981502532959,"Unknown"
"7014852",371861,2025-08-26 13:49:12,43.1915473937988,-9.09810733795166,"Unknown"
"7014852",371861,2025-08-26 13:54:12,43.1915969848633,-9.09809303283691,"Unknown"
"7014852",371861,2025-08-26 13:59:12,43.1915855407715,-9.09815311431885,"Unknown"
"7014852",371861,2025-08-26 14:04:12,43.1875801086426,-9.09959602355957,"Unknown"
"7014852",371861,2025-08-26 14:09:14,43.191047668457,-9.09800815582275,"Unknown"
"7014852",371861,2025-08-26 14:14:12,43.191104888916,-9.09806156158447,"Unknown"
"7014852",371861,2025-08-26 14:19:13,43.1911659240723,-9.09823608398438,"Unknown"
"7014852",371861,2025-08-26 14:24:18,43.1915397644043,-9.098708152771,"Unknown"
"7014852",371861,2025-08-26 14:29:30,43.1909675598145,-9.09792995452881,"Unknown"
"7014852",371861,2025-08-26 14:34:13,43.1910018920898,-9.09799480438232,"Unknown"
"7014852",371861,2025-08-26 14:39:16,43.1909446716309,-9.09797954559326,"Unknown"
"7014852",371861,2025-08-26 14:44:15,43.1908645629883,-9.09772872924805,"Unknown"
"7014852",371861,2025-08-26 14:49:14,43.1907157897949,-9.09737682342529,"Unknown"
"7014852",371861,2025-08-26 14:54:33,43.1914596557617,-9.098069190979,"Unknown"
"7014852",371861,2025-08-26 14:59:12,43.1914405822754,-9.09810733795166,"Unknown"
"7014852",371861,2025-08-26 15:04:12,43.1914405822754,-9.09804916381836,"Unknown"
"7014852",371861,2025-08-26 15:09:13,43.1914443969727,-9.09808254241943,"Unknown"
"7014852",371861,2025-08-26 15:14:12,43.1914939880371,-9.09800434112549,"Unknown"
"7014852",371861,2025-08-26 15:19:12,43.1914291381836,-9.09817123413086,"Unknown"
"7014852",371861,2025-08-26 15:24:11,43.191535949707,-9.09797191619873,"Unknown"
"7014852",371861,2025-08-26 15:29:12,43.1914825439453,-9.09798145294189,"Unknown"
"7014852",371861,2025-08-26 15:34:12,43.1915397644043,-9.09805107116699,"Unknown"
"7014852",371861,2025-08-26 15:39:12,43.1914291381836,-9.09814262390137,"Unknown"
"7014852",371861,2025-08-26 15:44:12,43.1914520263672,-9.09807109832764,"Unknown"
"7014852",371861,2025-08-26 15:49:17,43.1916885375977,-9.09786033630371,"Unknown"
"7014852",371861,2025-08-26 15:54:15,43.1914482116699,-9.09811305999756,"Unknown"
"7014852",371861,2025-08-26 15:59:18,43.1917839050293,-9.09830665588379,"Unknown"
"7014852",371861,2025-08-26 16:04:15,43.1914291381836,-9.0988655090332,"Unknown"
"7014852",371861,2025-08-26 16:09:16,43.191520690918,-9.09885215759277,"Unknown"
"7014852",371861,2025-08-26 16:14:21,43.1914253234863,-9.09818744659424,"Unknown"
"7014852",371861,2025-08-26 16:19:23,43.1913681030273,-9.09811496734619,"Unknown"
"7014852",371861,2025-08-26 16:24:22,43.1913642883301,-9.0981273651123,"Unknown"
"7014852",371861,2025-08-26 16:29:22,43.1913528442383,-9.09809494018555,"Unknown"
"7014852",371861,2025-08-26 16:34:24,43.1913108825684,-9.09804344177246,"Unknown"
"7014852",371861,2025-08-26 16:39:28,43.1913795471191,-9.09807777404785,"Unknown"
"7014852",371861,2025-08-26 16:44:30,43.1913528442383,-9.09810161590576,"Unknown"
"7014852",371861,2025-08-26 16:49:35,43.1914100646973,-9.09814071655273,"Unknown"
"7014852",371861,2025-08-26 16:54:11,43.1914138793945,-9.09815883636475,"Unknown"
"7014852",371861,2025-08-26 16:59:11,43.1914215087891,-9.09815311431885,"Unknown"
"7014852",371861,2025-08-26 17:04:12,43.1914100646973,-9.09814357757568,"Unknown"
"7014852",371861,2025-08-26 17:09:12,43.1915664672852,-9.09837532043457,"Unknown"
"7014852",371861,2025-08-26 17:14:23,43.1913528442383,-9.09810829162598,"Unknown"
"7014852",371861,2025-08-26 17:19:13,43.1914405822754,-9.09823608398438,"Unknown"
"7014852",371861,2025-08-26 17:24:12,43.1913642883301,-9.09809684753418,"Unknown"
"7014852",371861,2025-08-26 17:29:12,43.1913909912109,-9.09817504882812,"Unknown"
"7014852",371861,2025-08-26 17:34:13,43.1914291381836,-9.09833812713623,"Unknown"
"7014852",371861,2025-08-26 17:39:15,43.1914100646973,-9.09818077087402,"Unknown"
"7014852",371861,2025-08-26 17:44:13,43.1913833618164,-9.09812164306641,"Unknown"
"7014852",371861,2025-08-26 17:49:13,43.1914901733398,-9.09823322296143,"Unknown"
"7014852",371861,2025-08-26 17:54:11,43.1914138793945,-9.09812068939209,"Unknown"
"7014852",371861,2025-08-26 17:59:14,43.1913299560547,-9.09794044494629,"Unknown"
"7014852",371861,2025-08-26 18:04:14,43.1914138793945,-9.09819507598877,"Unknown"
"7014852",371861,2025-08-26 18:09:13,43.19140625,-9.09815216064453,"Unknown"
"7014852",371861,2025-08-26 18:14:15,43.1914138793945,-9.09840679168701,"Unknown"
"7014852",371861,2025-08-26 18:19:30,43.1914710998535,-9.09792613983154,"Unknown"
"7014852",371861,2025-08-26 18:24:34,43.1913948059082,-9.09813117980957,"Unknown"
"7014852",371861,2025-08-26 18:29:11,43.1913757324219,-9.09815216064453,"Unknown"
"7014852",371861,2025-08-26 18:34:11,43.1913642883301,-9.09808921813965,"Unknown"
"7014852",371861,2025-08-26 18:39:11,43.1913795471191,-9.09810447692871,"Unknown"
"7014852",371861,2025-08-26 18:44:11,43.1913833618164,-9.09816074371338,"Unknown"
"7014852",371861,2025-08-26 18:49:11,43.1914100646973,-9.09811782836914,"Unknown"
"7014852",371861,2025-08-26 18:54:11,43.191349029541,-9.0981273651123,"Unknown"
"7014852",371861,2025-08-26 18:59:11,43.1913681030273,-9.09819316864014,"Unknown"
"7014852",371861,2025-08-26 19:04:11,43.1913604736328,-9.09819602966309,"Unknown"
"7014852",371861,2025-08-26 19:09:11,43.1913375854492,-9.09819793701172,"Unknown"
"7014852",371861,2025-08-26 19:14:11,43.1914176940918,-9.09818077087402,"Unknown"
"7014852",371861,2025-08-26 19:19:12,43.19140625,-9.09810066223145,"Unknown"
"7014852",371861,2025-08-26 19:24:11,43.1948509216309,-9.11076927185059,"Unknown"
"7014852",371861,2025-08-26 19:29:11,43.1965370178223,-9.1419677734375,"Unknown"
"7014852",371861,2025-08-26 19:34:11,43.1893501281738,-9.17544746398926,"Unknown"
"7014852",371861,2025-08-26 19:39:12,43.1689758300781,-9.20927238464355,"Unknown"
"7014852",371861,2025-08-26 19:44:14,43.1639633178711,-9.2136116027832,"Unknown"
"7014852",371861,2025-08-26 19:49:12,43.163990020752,-9.21368312835693,"Unknown"
"7014852",371861,2025-08-26 19:54:12,43.1641654968262,-9.21395301818848,"Unknown"
"7014852",371861,2025-08-26 19:59:11,43.164134979248,-9.21390151977539,"Unknown"
"7014852",371861,2025-08-26 20:01:20,43.1641616821289,-9.21410465240479,"Unknown"
"7014852",371861,2025-08-27 01:01:54,43.1627731323242,-9.21380138397217,"Unknown"
"7014852",371861,2025-08-27 06:00:35,43.1848335266113,-9.10563945770264,"Unknown"
"7014852",371861,2025-08-27 06:05:13,43.189022064209,-9.09977149963379,"Unknown"
"7014852",371861,2025-08-27 06:10:14,43.1859550476074,-9.09167861938477,"Unknown"
"7014852",371861,2025-08-27 06:15:21,43.1831550598145,-9.0925464630127,"Unknown"
"7014852",371861,2025-08-27 06:20:21,43.1836204528809,-9.09264659881592,"Unknown"
"7014852",371861,2025-08-27 06:25:12,43.1850357055664,-9.09204387664795,"Unknown"
"7014852",371861,2025-08-27 06:30:13,43.1824722290039,-9.09211349487305,"Unknown"
"7014852",371861,2025-08-27 06:35:26,43.1826362609863,-9.09235858917236,"Unknown"
"7014852",371861,2025-08-27 06:40:24,43.1829643249512,-9.09258270263672,"Unknown"
"7014852",371861,2025-08-27 06:45:22,43.1813545227051,-9.09185981750488,"Unknown"
"7014852",371861,2025-08-27 06:50:14,43.1816787719727,-9.0916748046875,"Unknown"
"7014852",371861,2025-08-27 06:55:27,43.1823577880859,-9.09193706512451,"Unknown"
"7014852",371861,2025-08-27 07:00:18,43.182502746582,-9.09229373931885,"Unknown"
"7014852",371861,2025-08-27 07:05:24,43.1837615966797,-9.09279823303223,"Unknown"
"7014852",371861,2025-08-27 07:10:18,43.1842231750488,-9.09303855895996,"Unknown"
"7014852",371861,2025-08-27 07:15:14,43.1829032897949,-9.09278869628906,"Unknown"
"7014852",371861,2025-08-27 07:20:14,43.1829032897949,-9.09273338317871,"Unknown"
"7014852",371861,2025-08-27 07:25:14,43.1829071044922,-9.09274768829346,"Unknown"
"7014852",371861,2025-08-27 07:30:24,43.1831817626953,-9.09339237213135,"Unknown"
"7014852",371861,2025-08-27 07:35:16,43.1835021972656,-9.09264373779297,"Unknown"
"7014852",371861,2025-08-27 07:40:23,43.1838150024414,-9.09269332885742,"Unknown"
"7014852",371861,2025-08-27 07:45:14,43.1833534240723,-9.09257793426514,"Unknown"
"7014852",371861,2025-08-27 07:50:14,43.1837539672852,-9.09284591674805,"Unknown"
"7014852",371861,2025-08-27 07:55:16,43.1838912963867,-9.0928201675415,"Unknown"
"7014852",371861,2025-08-27 08:00:25,43.1836585998535,-9.09281253814697,"Unknown"
"7014852",371861,2025-08-27 08:05:35,43.1828956604004,-9.09235000610352,"Unknown"
"7014852",371861,2025-08-27 08:10:12,43.1828880310059,-9.09242916107178,"Unknown"
"7014852",371861,2025-08-27 08:15:12,43.1828498840332,-9.09238529205322,"Unknown"
"7014852",371861,2025-08-27 08:20:13,43.1836166381836,-9.0927848815918,"Unknown"
"7014852",371861,2025-08-27 08:25:12,43.1836433410645,-9.09273815155029,"Unknown"
"7014852",371861,2025-08-27 08:30:15,43.1837272644043,-9.09278583526611,"Unknown"
"7014852",371861,2025-08-27 08:35:12,43.1836318969727,-9.09275531768799,"Unknown"
"7014852",371861,2025-08-27 08:40:13,43.1840553283691,-9.09256649017334,"Unknown"
"7014852",371861,2025-08-27 08:45:13,43.183032989502,-9.09217929840088,"Unknown"
"7014852",371861,2025-08-27 08:50:14,43.1833343505859,-9.09183502197266,"Unknown"
"7014852",371861,2025-08-27 08:55:16,43.1825942993164,-9.09292888641357,"Unknown"
"7014852",371861,2025-08-27 09:00:24,43.1838645935059,-9.093017578125,"Unknown"
"7014852",371861,2025-08-27 09:05:16,43.1838150024414,-9.09336566925049,"Unknown"
"7014852",371861,2025-08-27 09:10:24,43.1832427978516,-9.09271049499512,"Unknown"
"7014852",371861,2025-08-27 09:15:15,43.1835975646973,-9.09264850616455,"Unknown"
"7014852",371861,2025-08-27 09:20:12,43.182918548584,-9.09237098693848,"Unknown"
"7014852",371861,2025-08-27 09:25:16,43.1832389831543,-9.09251976013184,"Unknown"
"7014852",371861,2025-08-27 09:30:22,43.1831283569336,-9.09281635284424,"Unknown"
"7014852",371861,2025-08-27 09:35:17,43.1832160949707,-9.09268093109131,"Unknown"
"7014852",371861,2025-08-27 09:40:32,43.1830711364746,-9.09250259399414,"Unknown"
"7014852",371861,2025-08-27 09:45:12,43.1832389831543,-9.09266376495361,"Unknown"
"7014852",371861,2025-08-27 09:50:21,43.1832389831543,-9.09286022186279,"Unknown"
"7014852",371861,2025-08-27 09:55:13,43.1832389831543,-9.09281635284424,"Unknown"
"7014852",371861,2025-08-27 10:00:26,43.1833267211914,-9.09296131134033,"Unknown"
"7014852",371861,2025-08-27 10:05:30,43.1832237243652,-9.09286403656006,"Unknown"
"7014852",371861,2025-08-27 10:10:15,43.187427520752,-9.09968566894531,"Unknown"
"7014852",371861,2025-08-27 10:15:12,43.188346862793,-9.10002040863037,"Unknown"
"7014852",371861,2025-08-27 10:20:14,43.1884918212891,-9.10041522979736,"Unknown"
"7014852",371861,2025-08-27 10:25:15,43.1884002685547,-9.10015678405762,"Unknown"
"7014852",371861,2025-08-27 10:30:25,43.1884155273438,-9.10035133361816,"Unknown"
"7014852",371861,2025-08-27 10:35:25,43.1884231567383,-9.10053634643555,"Unknown"
"7014852",371861,2025-08-27 10:40:25,43.1883659362793,-9.1004056930542,"Unknown"
"7014852",371861,2025-08-27 10:45:25,43.188404083252,-9.10048294067383,"Unknown"
"7014852",371861,2025-08-27 10:50:25,43.188289642334,-9.10034275054932,"Unknown"
"7014852",371861,2025-08-27 10:55:35,43.1883811950684,-9.10044574737549,"Unknown"
"7014852",371861,2025-08-27 11:00:11,43.1901016235352,-9.10177516937256,"Unknown"
"7014852",371861,2025-08-27 11:05:12,43.1884689331055,-9.10030651092529,"Unknown"
"7014852",371861,2025-08-27 11:10:11,43.1884689331055,-9.10032939910889,"Unknown"
"7014852",371861,2025-08-27 11:15:11,43.1884613037109,-9.10031795501709,"Unknown"
"7014852",371861,2025-08-27 11:20:11,43.1885223388672,-9.10039234161377,"Unknown"
"7014852",371861,2025-08-27 11:25:11,43.1885223388672,-9.10035228729248,"Unknown"
"7014852",371861,2025-08-27 11:30:12,43.1884841918945,-9.10041904449463,"Unknown"
"7014852",371861,2025-08-27 11:35:11,43.1875,-9.09976291656494,"Unknown"
"7014852",371861,2025-08-27 11:40:14,43.1874542236328,-9.09960746765137,"Unknown"
"7014852",371861,2025-08-27 11:45:13,43.187427520752,-9.09961128234863,"Unknown"
"7014852",371861,2025-08-27 11:50:12,43.1876220703125,-9.09992504119873,"Unknown"
"7014852",371861,2025-08-27 11:55:16,43.187629699707,-9.10003757476807,"Unknown"
"7014852",371861,2025-08-27 12:00:19,43.188304901123,-9.1001501083374,"Unknown"
"7014852",371861,2025-08-27 12:05:18,43.1882476806641,-9.10017776489258,"Unknown"
"7014852",371861,2025-08-27 12:10:12,43.1881713867188,-9.10013961791992,"Unknown"
"7014852",371861,2025-08-27 12:15:35,43.1882858276367,-9.10032749176025,"Unknown"
"7014852",371861,2025-08-27 12:20:11,43.1883430480957,-9.10033893585205,"Unknown"
"7014852",371861,2025-08-27 12:25:12,43.1883277893066,-9.10030937194824,"Unknown"
"7014852",371861,2025-08-27 12:30:11,43.1883201599121,-9.10034275054932,"Unknown"
"7014852",371861,2025-08-27 12:35:11,43.1883544921875,-9.10027599334717,"Unknown"
"7014852",371861,2025-08-27 12:40:12,43.1875419616699,-9.09423828125,"Unknown"
"7014852",371861,2025-08-27 12:45:28,43.1832122802734,-9.09281349182129,"Unknown"
"7014852",371861,2025-08-27 12:50:15,43.1831474304199,-9.09203815460205,"Unknown"
"7014852",371861,2025-08-27 12:55:16,43.1831436157227,-9.09221458435059,"Unknown"
"7014852",371861,2025-08-27 13:00:12,43.1874237060547,-9.09952449798584,"Unknown"
"7014852",371861,2025-08-27 13:05:11,43.1882781982422,-9.10032367706299,"Unknown"
"7014852",371861,2025-08-27 13:10:11,43.1882934570312,-9.1002950668335,"Unknown"
"7014852",371861,2025-08-27 13:15:11,43.1882781982422,-9.10025978088379,"Unknown"
"7014852",371861,2025-08-27 13:20:12,43.1882743835449,-9.10028553009033,"Unknown"
"7014852",371861,2025-08-27 13:25:12,43.1883201599121,-9.10026073455811,"Unknown"
"7014852",371861,2025-08-27 13:30:11,43.1883544921875,-9.10027599334717,"Unknown"
"7014852",371861,2025-08-27 13:35:12,43.1883316040039,-9.10032558441162,"Unknown"
"7014852",371861,2025-08-27 13:40:11,43.1884231567383,-9.10044479370117,"Unknown"
"7014852",371861,2025-08-27 13:45:12,43.1874504089355,-9.09943103790283,"Unknown"
"7014852",371861,2025-08-27 13:50:14,43.1884460449219,-9.10024833679199,"Unknown"
"7014852",371861,2025-08-27 13:55:11,43.1885108947754,-9.10043907165527,"Unknown"
"7014852",371861,2025-08-27 14:00:13,43.188419342041,-9.10025691986084,"Unknown"
"7014852",371861,2025-08-27 14:05:13,43.1845779418945,-9.09160995483398,"Unknown"
"7014852",371861,2025-08-27 14:10:14,43.1828956604004,-9.09255695343018,"Unknown"
"7014852",371861,2025-08-27 14:15:14,43.1858444213867,-9.08783626556396,"Unknown"
"7014852",371861,2025-08-27 14:20:13,43.1904335021973,-9.044189453125,"Unknown"
"7014852",371861,2025-08-27 14:25:14,43.1904449462891,-9.04423904418945,"Unknown"
"7014852",371861,2025-08-27 14:30:23,43.1904716491699,-9.04419803619385,"Unknown"
"7014852",371861,2025-08-27 14:35:25,43.1903610229492,-9.04437923431396,"Unknown"
"7014852",371861,2025-08-27 14:40:28,43.1903800964355,-9.04440116882324,"Unknown"
"7014852",371861,2025-08-27 14:45:28,43.1903953552246,-9.04437637329102,"Unknown"
"7014852",371861,2025-08-27 14:50:28,43.1903800964355,-9.04442596435547,"Unknown"
"7014852",371861,2025-08-27 14:55:28,43.1903419494629,-9.04449844360352,"Unknown"
"7014852",371861,2025-08-27 15:00:28,43.1902618408203,-9.04454898834229,"Unknown"
"7014852",371861,2025-08-27 15:05:28,43.1900367736816,-9.04466819763184,"Unknown"
"7014852",371861,2025-08-27 15:10:28,43.1901359558105,-9.04459667205811,"Unknown"
"7014852",371861,2025-08-27 15:15:28,43.1900367736816,-9.04462909698486,"Unknown"
"7014852",371861,2025-08-27 15:20:28,43.1899299621582,-9.04460048675537,"Unknown"
"7014852",371861,2025-08-27 15:25:28,43.1898727416992,-9.04452705383301,"Unknown"
"7014852",371861,2025-08-27 15:30:24,43.1897583007812,-9.04454612731934,"Unknown"
"7014852",371861,2025-08-27 15:35:35,43.1898307800293,-9.04444980621338,"Unknown"
"7014852",371861,2025-08-27 15:40:11,43.189884185791,-9.04425239562988,"Unknown"
"7014852",371861,2025-08-27 15:45:12,43.1899108886719,-9.04429817199707,"Unknown"
"7014852",371861,2025-08-27 15:50:13,43.1898422241211,-9.04426002502441,"Unknown"
"7014852",371861,2025-08-27 15:55:11,43.1898612976074,-9.04425621032715,"Unknown"
"7014852",371861,2025-08-27 16:00:35,43.191219329834,-9.04582786560059,"Unknown"
"7014852",371861,2025-08-27 16:05:11,43.1911659240723,-9.04583835601807,"Unknown"
"7014852",371861,2025-08-27 16:10:11,43.1911163330078,-9.0455265045166,"Unknown"
"7014852",371861,2025-08-27 16:15:12,43.1888122558594,-9.04751777648926,"Unknown"
"7014852",371861,2025-08-27 16:20:12,43.1888122558594,-9.04753684997559,"Unknown"
"7014852",371861,2025-08-27 16:25:11,43.1889343261719,-9.04791259765625,"Unknown"
"7014852",371861,2025-08-27 16:30:11,43.1885757446289,-9.0475378036499,"Unknown"
"7014852",371861,2025-08-27 16:35:13,43.188663482666,-9.04806995391846,"Unknown"
"7014852",371861,2025-08-27 16:40:13,43.1888961791992,-9.04745197296143,"Unknown"
"7014852",371861,2025-08-27 16:45:14,43.1890068054199,-9.04744243621826,"Unknown"
"7014852",371861,2025-08-27 16:50:12,43.1890754699707,-9.04744529724121,"Unknown"
"7014852",371861,2025-08-27 16:55:14,43.1887817382812,-9.04771137237549,"Unknown"
"7014852",371861,2025-08-27 17:00:14,43.1887588500977,-9.0477294921875,"Unknown"
"7014852",371861,2025-08-27 17:05:14,43.1887817382812,-9.04813289642334,"Unknown"
"7014852",371861,2025-08-27 17:10:13,43.1886253356934,-9.04823780059814,"Unknown"
"7014852",371861,2025-08-27 17:15:22,43.1885375976562,-9.04820442199707,"Unknown"
"7014852",371861,2025-08-27 17:20:13,43.1884155273438,-9.04826736450195,"Unknown"
"7014852",371861,2025-08-27 17:25:24,43.188304901123,-9.04839611053467,"Unknown"
"7014852",371861,2025-08-27 17:30:13,43.1882286071777,-9.0486307144165,"Unknown"
"7014852",371861,2025-08-27 17:35:14,43.1882476806641,-9.04834365844727,"Unknown"
"7014852",371861,2025-08-27 17:40:17,43.1879653930664,-9.04989528656006,"Unknown"
"7014852",371861,2025-08-27 17:45:18,43.1880416870117,-9.04900360107422,"Unknown"
"7014852",371861,2025-08-27 17:50:18,43.1881141662598,-9.04933452606201,"Unknown"
"7014852",371861,2025-08-27 17:55:16,43.1881980895996,-9.04962921142578,"Unknown"
"7014852",371861,2025-08-27 18:00:21,43.1880798339844,-9.04967021942139,"Unknown"
"7014852",371861,2025-08-27 18:05:22,43.188362121582,-9.05018615722656,"Unknown"
"7014852",371861,2025-08-27 18:10:18,43.2103309631348,-9.0319128036499,"Unknown"
"7014852",371861,2025-08-27 18:15:35,43.2242088317871,-9.004807472229,"Unknown"
"7014852",371861,2025-08-27 18:20:12,43.2242546081543,-9.0048360824585,"Unknown"
"7014852",371861,2025-08-27 18:25:12,43.2241897583008,-9.00472545623779,"Unknown"
"7014852",371861,2025-08-27 18:30:12,43.2241859436035,-9.00461673736572,"Unknown"
"7014852",371861,2025-08-27 18:35:12,43.2241516113281,-9.0047607421875,"Unknown"
"7014852",371861,2025-08-27 18:40:12,43.2240676879883,-9.00485038757324,"Unknown"
"7014852",371861,2025-08-27 18:45:13,43.224063873291,-9.00478649139404,"Unknown"
"7014852",371861,2025-08-27 18:50:13,43.2242851257324,-9.00491809844971,"Unknown"
"7014852",371861,2025-08-27 18:55:15,43.2242622375488,-9.00488758087158,"Unknown"
"7014852",371861,2025-08-27 19:00:13,43.2241592407227,-9.00482749938965,"Unknown"
"7014852",371861,2025-08-27 19:05:28,43.2242469787598,-9.00479412078857,"Unknown"
"7014852",371861,2025-08-27 19:10:22,43.2242431640625,-9.00479698181152,"Unknown"
"7014852",371861,2025-08-27 19:15:22,43.2242431640625,-9.00484371185303,"Unknown"
"7014852",371861,2025-08-27 19:20:14,43.2242698669434,-9.00491046905518,"Unknown"
"7014852",371861,2025-08-27 19:25:17,43.2242279052734,-9.00478076934814,"Unknown"
"7014852",371861,2025-08-27 19:30:15,43.2408065795898,-9.01209354400635,"Unknown"
"7014852",371861,2025-08-27 19:35:13,43.2747955322266,-8.9987735748291,"Unknown"
"7014852",371861,2025-08-27 19:40:13,43.291919708252,-8.98870754241943,"Unknown"
"7014852",371861,2025-08-27 19:45:13,43.3172607421875,-8.94183444976807,"Unknown"
"7014852",371861,2025-08-27 19:50:13,43.3386878967285,-8.89456272125244,"Unknown"
"7014852",371861,2025-08-27 19:55:13,43.359302520752,-8.84902000427246,"Unknown"
"7014852",371861,2025-08-27 19:58:31,43.3608894348145,-8.84171581268311,"Unknown"
"7014852",371861,2025-08-28 00:59:05,43.3603668212891,-8.84129619598389,"Unknown"
"7014852",371861,2025-08-28 06:05:29,43.2865333557129,-8.97223281860352,"Unknown"
"7014852",371861,2025-08-28 06:09:33,43.286376953125,-8.97209548950195,"Unknown"
"7014852",371861,2025-08-28 06:14:39,43.2863731384277,-8.97221851348877,"Unknown"
"7014852",371861,2025-08-28 06:19:31,43.2792129516602,-8.98947620391846,"Unknown"
"7014852",371861,2025-08-28 06:24:35,43.2599983215332,-9.00356388092041,"Unknown"
"7014852",371861,2025-08-28 06:29:33,43.2405700683594,-9.01424217224121,"Unknown"
"7014852",371861,2025-08-28 06:34:31,43.2226753234863,-9.0287389755249,"Unknown"
"7014852",371861,2025-08-28 06:39:31,43.2035980224609,-9.048828125,"Unknown"
"7014852",371861,2025-08-28 06:44:32,43.1893348693848,-9.0739803314209,"Unknown"
"7014852",371861,2025-08-28 06:49:39,43.1850852966309,-9.09091854095459,"Unknown"
"7014852",371861,2025-08-28 06:54:45,43.1838150024414,-9.0927209854126,"Unknown"
"7014852",371861,2025-08-28 07:00:04,43.1830787658691,-9.09245491027832,"Unknown"
"7014852",371861,2025-08-28 07:04:30,43.1844711303711,-9.09204387664795,"Unknown"
"7014852",371861,2025-08-28 07:09:30,43.1845359802246,-9.0919885635376,"Unknown"
"7014852",371861,2025-08-28 07:14:30,43.184642791748,-9.09200572967529,"Unknown"
"7014852",371861,2025-08-28 07:19:31,43.1844596862793,-9.09189319610596,"Unknown"
"7014852",371861,2025-08-28 07:24:43,43.1845512390137,-9.09193801879883,"Unknown"
"7014852",371861,2025-08-28 07:29:32,43.1845664978027,-9.09191703796387,"Unknown"
"7014852",371861,2025-08-28 07:34:31,43.1846580505371,-9.09204864501953,"Unknown"
"7014852",371861,2025-08-28 07:39:33,43.1829833984375,-9.09257888793945,"Unknown"
"7014852",371861,2025-08-28 07:44:36,43.1829109191895,-9.09251880645752,"Unknown"
"7014852",371861,2025-08-28 07:49:59,43.1836395263672,-9.09188556671143,"Unknown"
"7014852",371861,2025-08-28 07:54:31,43.183708190918,-9.09212017059326,"Unknown"
"7014852",371861,2025-08-28 07:59:36,43.1838417053223,-9.09221076965332,"Unknown"
"7014852",371861,2025-08-28 08:04:30,43.1860046386719,-9.09405708312988,"Unknown"
"7014852",371861,2025-08-28 08:09:44,43.1835899353027,-9.09278678894043,"Unknown"
"7014852",371861,2025-08-28 08:14:32,43.1835594177246,-9.09281253814697,"Unknown"
"7014852",371861,2025-08-28 08:20:04,43.183521270752,-9.09291839599609,"Unknown"
"7014852",371861,2025-08-28 08:24:30,43.1834754943848,-9.09296989440918,"Unknown"
"7014852",371861,2025-08-28 08:29:33,43.183464050293,-9.09289932250977,"Unknown"
"7014852",371861,2025-08-28 08:34:36,43.1806106567383,-9.09129619598389,"Unknown"
"7014852",371861,2025-08-28 08:40:01,43.180606842041,-9.09137344360352,"Unknown"
"7014852",371861,2025-08-28 08:44:31,43.1805191040039,-9.09087753295898,"Unknown"
"7014852",371861,2025-08-28 08:49:44,43.1806221008301,-9.09123611450195,"Unknown"
"7014852",371861,2025-08-28 08:54:31,43.1804237365723,-9.09038829803467,"Unknown"
"7014852",371861,2025-08-28 08:59:39,43.1805992126465,-9.09170246124268,"Unknown"
"7014852",371861,2025-08-28 09:04:32,43.1871948242188,-9.09968852996826,"Unknown"
"7014852",371861,2025-08-28 09:09:40,43.1873817443848,-9.09955406188965,"Unknown"
"7014852",371861,2025-08-28 09:14:34,43.1899223327637,-9.09844303131104,"Unknown"
"7014852",371861,2025-08-28 09:19:44,43.1847686767578,-9.09175777435303,"Unknown"
"7014852",371861,2025-08-28 09:24:36,43.1847915649414,-9.09194946289062,"Unknown"
"7014852",371861,2025-08-28 09:29:37,43.184814453125,-9.09186553955078,"Unknown"
"7014852",371861,2025-08-28 09:34:43,43.1847801208496,-9.09157562255859,"Unknown"
"7014852",371861,2025-08-28 09:40:35,43.184757232666,-9.0918083190918,"Unknown"
"7014852",371861,2025-08-28 09:44:30,43.1847457885742,-9.09160709381104,"Unknown"
"7014852",371861,2025-08-28 09:49:31,43.1847610473633,-9.09182357788086,"Unknown"
"7014852",371861,2025-08-28 09:54:43,43.1848182678223,-9.09178256988525,"Unknown"
"7014852",371861,2025-08-28 09:59:32,43.1848068237305,-9.09173488616943,"Unknown"
"7014852",371861,2025-08-28 10:04:36,43.1848182678223,-9.09174060821533,"Unknown"
"7014852",371861,2025-08-28 10:09:33,43.1848258972168,-9.09215641021729,"Unknown"
"7014852",371861,2025-08-28 10:14:33,43.1847724914551,-9.09170150756836,"Unknown"
"7014852",371861,2025-08-28 10:19:31,43.1848487854004,-9.09177494049072,"Unknown"
"7014852",371861,2025-08-28 10:24:34,43.1848487854004,-9.09186744689941,"Unknown"
"7014852",371861,2025-08-28 10:29:31,43.1848640441895,-9.09149742126465,"Unknown"
"7014852",371861,2025-08-28 10:34:34,43.1848907470703,-9.09182739257812,"Unknown"
"7014852",371861,2025-08-28 10:39:31,43.1845207214355,-9.09146881103516,"Unknown"
"7014852",371861,2025-08-28 10:44:39,43.1844863891602,-9.09169578552246,"Unknown"
"7014852",371861,2025-08-28 10:49:36,43.1846313476562,-9.09177494049072,"Unknown"
"7014852",371861,2025-08-28 10:54:31,43.1846656799316,-9.09227752685547,"Unknown"
"7014852",371861,2025-08-28 10:59:42,43.184326171875,-9.09129047393799,"Unknown"
"7014852",371861,2025-08-28 11:04:44,43.1844711303711,-9.09175395965576,"Unknown"
"7014852",371861,2025-08-28 11:09:33,43.1845855712891,-9.09188747406006,"Unknown"
"7014852",371861,2025-08-28 11:14:39,43.1846618652344,-9.09131813049316,"Unknown"
"7014852",371861,2025-08-28 11:19:34,43.1845283508301,-9.09128761291504,"Unknown"
"7014852",371861,2025-08-28 11:24:30,43.184383392334,-9.09095478057861,"Unknown"
"7014852",371861,2025-08-28 11:29:34,43.184497833252,-9.09144687652588,"Unknown"
"7014852",371861,2025-08-28 11:34:32,43.1850357055664,-9.09084987640381,"Unknown"
"7014852",371861,2025-08-28 11:39:39,43.1850929260254,-9.09131336212158,"Unknown"
"7014852",371861,2025-08-28 11:44:34,43.1848449707031,-9.09164047241211,"Unknown"
"7014852",371861,2025-08-28 11:49:45,43.1849632263184,-9.09151840209961,"Unknown"
"7014852",371861,2025-08-28 11:54:33,43.184741973877,-9.09196281433105,"Unknown"
"7014852",371861,2025-08-28 11:59:44,43.1848373413086,-9.09144401550293,"Unknown"
"7014852",371861,2025-08-28 12:04:33,43.1845397949219,-9.09130001068115,"Unknown"
"7014852",371861,2025-08-28 12:09:44,43.1848564147949,-9.09197616577148,"Unknown"
"7014852",371861,2025-08-28 12:14:36,43.1848945617676,-9.09202671051025,"Unknown"
"7014852",371861,2025-08-28 12:19:36,43.1848831176758,-9.09174633026123,"Unknown"
"7014852",371861,2025-08-28 12:24:34,43.1848182678223,-9.09188270568848,"Unknown"
"7014852",371861,2025-08-28 12:29:38,43.184741973877,-9.09300994873047,"Unknown"
"7014852",371861,2025-08-28 12:34:39,43.1831703186035,-9.09276676177979,"Unknown"
"7014852",371861,2025-08-28 12:39:33,43.1846313476562,-9.09184169769287,"Unknown"
"7014852",371861,2025-08-28 12:44:40,43.1846961975098,-9.09334659576416,"Unknown"
"7014852",371861,2025-08-28 12:49:33,43.184642791748,-9.09346675872803,"Unknown"
"7014852",371861,2025-08-28 12:54:31,43.1847114562988,-9.09315395355225,"Unknown"
"7014852",371861,2025-08-28 12:59:32,43.1848335266113,-9.09321594238281,"Unknown"
"7014852",371861,2025-08-28 13:04:32,43.1848106384277,-9.09310913085938,"Unknown"
"7014852",371861,2025-08-28 13:09:30,43.1848068237305,-9.09315872192383,"Unknown"
"7014852",371861,2025-08-28 13:14:33,43.1847305297852,-9.09312152862549,"Unknown"
"7014852",371861,2025-08-28 13:19:45,43.184642791748,-9.09316158294678,"Unknown"
"7014852",371861,2025-08-28 13:24:41,43.1849174499512,-9.09316062927246,"Unknown"
"7014852",371861,2025-08-28 13:29:39,43.1847114562988,-9.09312629699707,"Unknown"
"7014852",371861,2025-08-28 13:34:45,43.1848487854004,-9.09313774108887,"Unknown"
"7014852",371861,2025-08-28 13:39:33,43.1849517822266,-9.09306049346924,"Unknown"
"7014852",371861,2025-08-28 13:44:31,43.1848182678223,-9.09315299987793,"Unknown"
"7014852",371861,2025-08-28 13:49:33,43.18505859375,-9.09323787689209,"Unknown"
"7014852",371861,2025-08-28 13:54:32,43.184928894043,-9.09310436248779,"Unknown"
"7014852",371861,2025-08-28 13:59:34,43.1848411560059,-9.09307861328125,"Unknown"
"7014852",371861,2025-08-28 14:04:44,43.1848564147949,-9.09311008453369,"Unknown"
"7014852",371861,2025-08-28 14:09:36,43.1849365234375,-9.09306812286377,"Unknown"
"7014852",371861,2025-08-28 14:14:49,43.1849212646484,-9.09316349029541,"Unknown"
"7014852",371861,2025-08-28 14:19:41,43.1848526000977,-9.09295558929443,"Unknown"
"7014852",371861,2025-08-28 14:24:33,43.1846046447754,-9.09351634979248,"Unknown"
"7014852",371861,2025-08-28 14:29:31,43.184986114502,-9.09293556213379,"Unknown"
"7014852",371861,2025-08-28 14:34:44,43.1848411560059,-9.09310150146484,"Unknown"
"7014852",371861,2025-08-28 14:39:34,43.1848297119141,-9.09306716918945,"Unknown"
"7014852",371861,2025-08-28 14:44:33,43.184944152832,-9.09291458129883,"Unknown"
"7014852",371861,2025-08-28 14:49:36,43.1848182678223,-9.09316539764404,"Unknown"
"7014852",371861,2025-08-28 14:54:36,43.1848526000977,-9.093186378479,"Unknown"
"7014852",371861,2025-08-28 15:00:04,43.1847305297852,-9.09324073791504,"Unknown"
"7014852",371861,2025-08-28 15:04:33,43.1847343444824,-9.09324645996094,"Unknown"
"7014852",371861,2025-08-28 15:09:34,43.1849746704102,-9.09301471710205,"Unknown"
"7014852",371861,2025-08-28 15:14:44,43.1875038146973,-9.09953308105469,"Unknown"
"7014852",371861,2025-08-28 15:19:30,43.1874389648438,-9.09955978393555,"Unknown"
"7014852",371861,2025-08-28 15:24:39,43.1886825561523,-9.1042366027832,"Unknown"
"7014852",371861,2025-08-28 15:29:39,43.1887474060059,-9.10427188873291,"Unknown"
"7014852",371861,2025-08-28 15:34:32,43.1886558532715,-9.10445499420166,"Unknown"
"7014852",371861,2025-08-28 15:39:36,43.1889533996582,-9.10405349731445,"Unknown"
"7014852",371861,2025-08-28 15:44:36,43.1888580322266,-9.10421085357666,"Unknown"
"7014852",371861,2025-08-28 15:49:45,43.1884651184082,-9.10488319396973,"Unknown"
"7014852",371861,2025-08-28 15:54:36,43.1884422302246,-9.10483741760254,"Unknown"
"7014852",371861,2025-08-28 15:59:39,43.1887474060059,-9.10403347015381,"Unknown"
"7014852",371861,2025-08-28 16:04:30,43.1888313293457,-9.10401058197021,"Unknown"
"7014852",371861,2025-08-28 16:09:42,43.189022064209,-9.09205055236816,"Unknown"
"7014852",371861,2025-08-28 16:14:31,43.1848754882812,-9.09254741668701,"Unknown"
"7014852",371861,2025-08-28 16:19:39,43.1845016479492,-9.09269237518311,"Unknown"
"7014852",371861,2025-08-28 16:24:40,43.1846618652344,-9.09206676483154,"Unknown"
"7014852",371861,2025-08-28 16:29:33,43.1848373413086,-9.09216403961182,"Unknown"
"7014852",371861,2025-08-28 16:34:45,43.1849899291992,-9.09047698974609,"Unknown"
"7014852",371861,2025-08-28 16:39:37,43.1846466064453,-9.09208393096924,"Unknown"
"7014852",371861,2025-08-28 16:44:36,43.1846733093262,-9.09218215942383,"Unknown"
"7014852",371861,2025-08-28 16:50:03,43.184814453125,-9.09165477752686,"Unknown"
"7014852",371861,2025-08-28 16:54:31,43.1849250793457,-9.09171676635742,"Unknown"
"7014852",371861,2025-08-28 16:59:31,43.1847991943359,-9.09165382385254,"Unknown"
"7014852",371861,2025-08-28 17:04:34,43.1847991943359,-9.09175777435303,"Unknown"
"7014852",371861,2025-08-28 17:09:32,43.184814453125,-9.09188556671143,"Unknown"
"7014852",371861,2025-08-28 17:14:31,43.1849250793457,-9.09206008911133,"Unknown"
"7014852",371861,2025-08-28 17:19:30,43.1847724914551,-9.09166145324707,"Unknown"
"7014852",371861,2025-08-28 17:24:30,43.1848297119141,-9.0917911529541,"Unknown"
"7014852",371861,2025-08-28 17:29:33,43.1830253601074,-9.09232425689697,"Unknown"
"7014852",371861,2025-08-28 17:34:34,43.1829872131348,-9.09245014190674,"Unknown"
"7014852",371861,2025-08-28 17:39:37,43.1831588745117,-9.09266090393066,"Unknown"
"7014852",371861,2025-08-28 17:44:31,43.1847496032715,-9.0917272567749,"Unknown"
"7014852",371861,2025-08-28 17:49:44,43.1848258972168,-9.0916166305542,"Unknown"
"7014852",371861,2025-08-28 17:54:30,43.1848831176758,-9.09152317047119,"Unknown"
"7014852",371861,2025-08-28 17:59:31,43.1847114562988,-9.09179306030273,"Unknown"
"7014852",371861,2025-08-28 18:04:34,43.18505859375,-9.09081268310547,"Unknown"
"7014852",371861,2025-08-28 18:09:31,43.1837959289551,-9.09280776977539,"Unknown"
"7014852",371861,2025-08-28 18:14:32,43.1860694885254,-9.09164810180664,"Unknown"
"7014852",371861,2025-08-28 18:19:32,43.1862373352051,-9.09122276306152,"Unknown"
"7014852",371861,2025-08-28 18:24:32,43.186107635498,-9.09149742126465,"Unknown"
"7014852",371861,2025-08-28 18:29:33,43.1862297058105,-9.09088897705078,"Unknown"
"7014852",371861,2025-08-28 18:34:36,43.1861457824707,-9.09137725830078,"Unknown"
"7014852",371861,2025-08-28 18:39:40,43.1861610412598,-9.09181976318359,"Unknown"
"7014852",371861,2025-08-28 18:44:44,43.1862030029297,-9.09119987487793,"Unknown"
"7014852",371861,2025-08-28 18:49:31,43.1861839294434,-9.09103202819824,"Unknown"
"7014852",371861,2025-08-28 18:54:39,43.1861915588379,-9.09120273590088,"Unknown"
"7014852",371861,2025-08-28 18:59:31,43.2002944946289,-9.06712532043457,"Unknown"
"7014852",371861,2025-08-28 19:04:41,43.2298316955566,-9.01655197143555,"Unknown"
"7014852",371861,2025-08-28 19:09:36,43.2472724914551,-9.0086727142334,"Unknown"
"7014852",371861,2025-08-28 19:15:05,43.2799835205078,-8.98455429077148,"Unknown"
"7014852",371861,2025-08-28 19:19:37,43.2800254821777,-8.98452568054199,"Unknown"
"7014852",371861,2025-08-28 19:24:39,43.2799377441406,-8.98456192016602,"Unknown"
"7014852",371861,2025-08-28 19:29:39,43.280216217041,-8.98448467254639,"Unknown"
"7014852",371861,2025-08-28 19:35:08,43.2799453735352,-8.9845027923584,"Unknown"
"7014852",371861,2025-08-28 19:40:54,43.2797088623047,-8.98448181152344,"Unknown"
"7014852",371861,2025-08-28 19:45:54,43.2801628112793,-8.98453521728516,"Unknown"
"7014852",371861,2025-08-28 19:49:30,43.2984771728516,-8.96228122711182,"Unknown"
"7014852",371861,2025-08-28 19:54:40,43.3317375183105,-8.90318965911865,"Unknown"
"7014852",371861,2025-08-28 19:56:41,43.3451271057129,-8.87876319885254,"Unknown"
"7014852",371861,2025-08-29 00:57:06,43.3601722717285,-8.84119606018066,"Unknown"
"7014852",371861,2025-08-29 06:36:16,43.1847915649414,-9.09159755706787,"Unknown"
"7014852",371861,2025-08-29 06:40:53,43.1845359802246,-9.09175586700439,"Unknown"
"7014852",371861,2025-08-29 06:46:23,43.1847763061523,-9.09152793884277,"Unknown"
"7014852",371861,2025-08-29 06:50:48,43.1848678588867,-9.09165000915527,"Unknown"
"7014852",371861,2025-08-29 06:55:48,43.1848220825195,-9.09156322479248,"Unknown"
"7014852",371861,2025-08-29 07:00:49,43.1836204528809,-9.09270572662354,"Unknown"
"7014852",371861,2025-08-29 07:05:50,43.1836853027344,-9.09261131286621,"Unknown"
"7014852",371861,2025-08-29 07:10:51,43.1853446960449,-9.09133815765381,"Unknown"
"7014852",371861,2025-08-29 07:15:48,43.1839179992676,-9.09301471710205,"Unknown"
"7014852",371861,2025-08-29 07:20:50,43.1839828491211,-9.09320449829102,"Unknown"
"7014852",371861,2025-08-29 07:25:48,43.1839447021484,-9.09250736236572,"Unknown"
"7014852",371861,2025-08-29 07:30:50,43.183895111084,-9.09289169311523,"Unknown"
"7014852",371861,2025-08-29 07:35:50,43.1835517883301,-9.09292793273926,"Unknown"
"7014852",371861,2025-08-29 07:40:51,43.1839065551758,-9.09292411804199,"Unknown"
"7014852",371861,2025-08-29 07:45:50,43.1834259033203,-9.09287261962891,"Unknown"
"7014852",371861,2025-08-29 07:50:50,43.1834182739258,-9.09279441833496,"Unknown"
"7014852",371861,2025-08-29 07:55:56,43.1835746765137,-9.0929012298584,"Unknown"
"7014852",371861,2025-08-29 08:00:53,43.1835441589355,-9.09292602539062,"Unknown"
"7014852",371861,2025-08-29 08:05:52,43.1838302612305,-9.09294509887695,"Unknown"
"7014852",371861,2025-08-29 08:10:51,43.1834526062012,-9.09291744232178,"Unknown"
"7014852",371861,2025-08-29 08:16:14,43.1833915710449,-9.0929069519043,"Unknown"
"7014852",371861,2025-08-29 08:20:52,43.1830253601074,-9.09316635131836,"Unknown"
"7014852",371861,2025-08-29 08:26:01,43.1839408874512,-9.09293556213379,"Unknown"
"7014852",371861,2025-08-29 08:31:23,43.1839408874512,-9.09291648864746,"Unknown"
"7014852",371861,2025-08-29 08:35:49,43.1837959289551,-9.09317874908447,"Unknown"
"7014852",371861,2025-08-29 08:40:48,43.1839179992676,-9.09294891357422,"Unknown"
"7014852",371861,2025-08-29 08:45:48,43.183952331543,-9.09293174743652,"Unknown"
"7014852",371861,2025-08-29 08:50:48,43.1840019226074,-9.09291076660156,"Unknown"
"7014852",371861,2025-08-29 08:55:48,43.1840209960938,-9.09294509887695,"Unknown"
"7014852",371861,2025-08-29 09:00:49,43.1839218139648,-9.09296035766602,"Unknown"
"7014852",371861,2025-08-29 09:05:48,43.1835021972656,-9.09266185760498,"Unknown"
"7014852",371861,2025-08-29 09:10:51,43.1835021972656,-9.09298419952393,"Unknown"
"7014852",371861,2025-08-29 09:15:56,43.1832275390625,-9.09262943267822,"Unknown"
"7014852",371861,2025-08-29 09:20:51,43.1838836669922,-9.09309482574463,"Unknown"
"7014852",371861,2025-08-29 09:26:01,43.1839027404785,-9.09254837036133,"Unknown"
"7014852",371861,2025-08-29 09:30:51,43.1838264465332,-9.09283351898193,"Unknown"
"7014852",371861,2025-08-29 09:35:51,43.1831359863281,-9.09351062774658,"Unknown"
"7014852",371861,2025-08-29 09:40:51,43.1830062866211,-9.09335899353027,"Unknown"
"7014852",371861,2025-08-29 09:45:58,43.1832695007324,-9.09356117248535,"Unknown"
"7014852",371861,2025-08-29 09:50:49,43.1840400695801,-9.09308338165283,"Unknown"
"7014852",371861,2025-08-29 09:55:49,43.1836585998535,-9.09280204772949,"Unknown"
"7014852",371861,2025-08-29 10:00:50,43.1836624145508,-9.0929012298584,"Unknown"
"7014852",371861,2025-08-29 10:05:49,43.1835021972656,-9.09287071228027,"Unknown"
"7014852",371861,2025-08-29 10:10:53,43.1835632324219,-9.09318542480469,"Unknown"
"7014852",371861,2025-08-29 10:15:56,43.1836471557617,-9.0930814743042,"Unknown"
"7014852",371861,2025-08-29 10:20:51,43.1836128234863,-9.09282398223877,"Unknown"
"7014852",371861,2025-08-29 10:25:53,43.1833953857422,-9.09303760528564,"Unknown"
"7014852",371861,2025-08-29 10:30:58,43.183837890625,-9.09340953826904,"Unknown"
"7014852",371861,2025-08-29 10:35:52,43.1836090087891,-9.09341239929199,"Unknown"
"7014852",371861,2025-08-29 10:40:49,43.1836128234863,-9.09337615966797,"Unknown"
"7014852",371861,2025-08-29 10:45:53,43.1836395263672,-9.09330749511719,"Unknown"
"7014852",371861,2025-08-29 10:50:51,43.1830825805664,-9.09242057800293,"Unknown"
"7014852",371861,2025-08-29 10:56:15,43.1829528808594,-9.09234142303467,"Unknown"
"7014852",371861,2025-08-29 11:00:48,43.1829223632812,-9.0924129486084,"Unknown"
"7014852",371861,2025-08-29 11:05:48,43.182975769043,-9.09245491027832,"Unknown"
"7014852",371861,2025-08-29 11:10:49,43.1836204528809,-9.09175586700439,"Unknown"
"7014852",371861,2025-08-29 11:15:49,43.1811180114746,-9.09069061279297,"Unknown"
"7014852",371861,2025-08-29 11:20:52,43.1809310913086,-9.09114265441895,"Unknown"
"7014852",371861,2025-08-29 11:25:48,43.1808280944824,-9.09107112884521,"Unknown"
"7014852",371861,2025-08-29 11:30:48,43.1809463500977,-9.09113025665283,"Unknown"
"7014852",371861,2025-08-29 11:35:49,43.1808967590332,-9.09080982208252,"Unknown"
"7014852",371861,2025-08-29 11:40:48,43.1808929443359,-9.09109210968018,"Unknown"
"7014852",371861,2025-08-29 11:46:23,43.1809158325195,-9.09110546112061,"Unknown"
"7014852",371861,2025-08-29 11:50:50,43.183708190918,-9.09240913391113,"Unknown"
"7014852",371861,2025-08-29 11:56:15,43.1839599609375,-9.09328746795654,"Unknown"
"7014852",371861,2025-08-29 12:02:04,43.1832275390625,-9.09240531921387,"Unknown"
"7014852",371861,2025-08-29 12:05:55,43.1830253601074,-9.09236717224121,"Unknown"
"7014852",371861,2025-08-29 12:10:48,43.1819381713867,-9.09165287017822,"Unknown"
"7014852",371861,2025-08-29 12:15:51,43.1841506958008,-9.09375286102295,"Unknown"
"7014852",371861,2025-08-29 12:20:55,43.1841239929199,-9.09359455108643,"Unknown"
"7014852",371861,2025-08-29 12:25:50,43.1836204528809,-9.0928840637207,"Unknown"
"7014852",371861,2025-08-29 12:30:52,43.1838111877441,-9.0931339263916,"Unknown"
"7014852",371861,2025-08-29 12:35:59,43.1839370727539,-9.09336566925049,"Unknown"
"7014852",371861,2025-08-29 12:41:00,43.1839561462402,-9.0931339263916,"Unknown"
"7014852",371861,2025-08-29 12:45:59,43.1838798522949,-9.09317874908447,"Unknown"
"7014852",371861,2025-08-29 12:51:00,43.1838111877441,-9.09319114685059,"Unknown"
"7014852",371861,2025-08-29 12:55:54,43.1836547851562,-9.09278392791748,"Unknown"
"7014852",371861,2025-08-29 13:01:01,43.1873359680176,-9.09939575195312,"Unknown"
"7014852",371861,2025-08-29 13:06:03,43.1878814697266,-9.10069370269775,"Unknown"
"7014852",371861,2025-08-29 13:11:15,43.1873970031738,-9.09971904754639,"Unknown"
"7014852",371861,2025-08-29 13:15:48,43.1861038208008,-9.10574340820312,"Unknown"
"7014852",371861,2025-08-29 13:20:48,43.1858825683594,-9.10594272613525,"Unknown"
"7014852",371861,2025-08-29 13:25:50,43.1860580444336,-9.10570335388184,"Unknown"
"7014852",371861,2025-08-29 13:30:50,43.1861114501953,-9.10565567016602,"Unknown"
"7014852",371861,2025-08-29 13:35:48,43.1860885620117,-9.10566902160645,"Unknown"
"7014852",371861,2025-08-29 13:40:48,43.1860198974609,-9.10555076599121,"Unknown"
"7014852",371861,2025-08-29 13:46:59,43.1834526062012,-9.09274005889893,"Unknown"
"7014852",371861,2025-08-29 13:50:53,43.1856384277344,-9.09134578704834,"Unknown"
"7014852",371861,2025-08-29 13:55:52,43.1831588745117,-9.09258270263672,"Unknown"
"7014852",371861,2025-08-29 14:00:52,43.1832427978516,-9.09270763397217,"Unknown"
"7014852",371861,2025-08-29 14:05:59,43.1831207275391,-9.09244346618652,"Unknown"
"7014852",371861,2025-08-29 14:10:52,43.1830368041992,-9.09218597412109,"Unknown"
"7014852",371861,2025-08-29 14:15:54,43.1829528808594,-9.09224319458008,"Unknown"
"7014852",371861,2025-08-29 14:20:52,43.1835594177246,-9.09178447723389,"Unknown"
"7014852",371861,2025-08-29 14:25:58,43.1836700439453,-9.09191226959229,"Unknown"
"7014852",371861,2025-08-29 14:30:50,43.1847343444824,-9.09115219116211,"Unknown"
"7014852",371861,2025-08-29 14:36:36,43.1837539672852,-9.09315967559814,"Unknown"
"7014852",371861,2025-08-29 14:41:00,43.1840400695801,-9.09318351745605,"Unknown"
"7014852",371861,2025-08-29 14:46:21,43.1833381652832,-9.09262943267822,"Unknown"
"7014852",371861,2025-08-29 14:50:53,43.1822280883789,-9.09130573272705,"Unknown"
"7014852",371861,2025-08-29 14:56:01,43.1824760437012,-9.09154605865479,"Unknown"
"7014852",371861,2025-08-29 15:01:14,43.1823883056641,-9.09165096282959,"Unknown"
"7014852",371861,2025-08-29 15:05:48,43.1823425292969,-9.09161281585693,"Unknown"
"7014852",371861,2025-08-29 15:10:48,43.1823539733887,-9.09162139892578,"Unknown"
"7014852",371861,2025-08-29 15:15:51,43.1822738647461,-9.09191513061523,"Unknown"
"7014852",371861,2025-08-29 15:20:51,43.182544708252,-9.09185028076172,"Unknown"
"7014852",371861,2025-08-29 15:25:48,43.1823768615723,-9.09170055389404,"Unknown"
"7014852",371861,2025-08-29 15:30:48,43.182430267334,-9.0916576385498,"Unknown"
"7014852",371861,2025-08-29 15:35:48,43.1826667785645,-9.09187698364258,"Unknown"
"7014852",371861,2025-08-29 15:40:50,43.1824188232422,-9.0918436050415,"Unknown"
"7014852",371861,2025-08-29 15:46:53,43.1824073791504,-9.09176158905029,"Unknown"
"7014852",371861,2025-08-29 15:50:49,43.1823768615723,-9.09180164337158,"Unknown"
"7014852",371861,2025-08-29 15:55:49,43.1823692321777,-9.09187984466553,"Unknown"
"7014852",371861,2025-08-29 16:00:48,43.1858253479004,-9.06984901428223,"Unknown"
"7014852",371861,2025-08-29 16:05:48,43.1872749328613,-9.05041885375977,"Unknown"
"7014852",371861,2025-08-29 16:10:48,43.187255859375,-9.05043411254883,"Unknown"
"7014852",371861,2025-08-29 16:15:48,43.1872482299805,-9.05038166046143,"Unknown"
"7014852",371861,2025-08-29 16:20:48,43.1871566772461,-9.05022811889648,"Unknown"
"7014852",371861,2025-08-29 16:25:48,43.1877250671387,-9.0497875213623,"Unknown"
"7014852",371861,2025-08-29 16:31:23,43.1878280639648,-9.04989147186279,"Unknown"
"7014852",371861,2025-08-29 16:35:48,43.1878776550293,-9.0501070022583,"Unknown"
"7014852",371861,2025-08-29 16:40:47,43.1879119873047,-9.05016422271729,"Unknown"
"7014852",371861,2025-08-29 16:45:48,43.1879539489746,-9.05008506774902,"Unknown"
"7014852",371861,2025-08-29 16:50:48,43.1901473999023,-9.04792022705078,"Unknown"
"7014852",371861,2025-08-29 16:55:48,43.1901359558105,-9.04792881011963,"Unknown"
"7014852",371861,2025-08-29 17:00:47,43.1900444030762,-9.04787731170654,"Unknown"
"7014852",371861,2025-08-29 17:05:47,43.1900634765625,-9.04787349700928,"Unknown"
"7014852",371861,2025-08-29 17:10:48,43.1899604797363,-9.04775238037109,"Unknown"
"7014852",371861,2025-08-29 17:15:56,43.1899261474609,-9.0477352142334,"Unknown"
"7014852",371861,2025-08-29 17:20:48,43.1901359558105,-9.04805469512939,"Unknown"
"7014852",371861,2025-08-29 17:25:50,43.1898231506348,-9.0474157333374,"Unknown"
"7014852",371861,2025-08-29 17:31:03,43.1900100708008,-9.04779434204102,"Unknown"
"7014852",371861,2025-08-29 17:35:53,43.1899833679199,-9.04775047302246,"Unknown"
"7014852",371861,2025-08-29 17:40:50,43.1899375915527,-9.04756641387939,"Unknown"
"7014852",371861,2025-08-29 17:46:03,43.1899337768555,-9.04817867279053,"Unknown"
"7014852",371861,2025-08-29 17:50:58,43.1907615661621,-9.04660320281982,"Unknown"
"7014852",371861,2025-08-29 17:55:53,43.1907386779785,-9.04702186584473,"Unknown"
"7014852",371861,2025-08-29 18:01:44,43.1958541870117,-9.04092407226562,"Unknown"
"7014852",371861,2025-08-29 18:05:49,43.218921661377,-9.01601791381836,"Unknown"
"7014852",371861,2025-08-29 18:10:52,43.2541427612305,-8.99717903137207,"Unknown"
"7014852",371861,2025-08-29 18:16:14,43.2783889770508,-8.98558712005615,"Unknown"
"7014852",371861,2025-08-29 18:20:52,43.2783393859863,-8.98550987243652,"Unknown"
"7014852",371861,2025-08-29 18:26:14,43.2781105041504,-8.98576641082764,"Unknown"
"7014852",371861,2025-08-29 18:30:51,43.2782249450684,-8.98610687255859,"Unknown"
"7014852",371861,2025-08-29 18:35:51,43.2781791687012,-8.98562908172607,"Unknown"
"7014852",371861,2025-08-29 18:40:50,43.2782440185547,-8.98580360412598,"Unknown"
"7014852",371861,2025-08-29 18:46:14,43.2783088684082,-8.98576354980469,"Unknown"
"7014852",371861,2025-08-29 18:50:51,43.2784461975098,-8.98585605621338,"Unknown"
"7014852",371861,2025-08-29 18:56:00,43.278751373291,-8.98560619354248,"Unknown"
"7014852",371861,2025-08-29 19:00:57,43.2783470153809,-8.98564910888672,"Unknown"
"7014852",371861,2025-08-29 19:05:53,43.2788047790527,-8.98572731018066,"Unknown"
"7014852",371861,2025-08-29 19:10:52,43.2783660888672,-8.98580551147461,"Unknown"
"7014852",371861,2025-08-29 19:15:53,43.2782745361328,-8.98579883575439,"Unknown"
"7014852",371861,2025-08-29 19:21:23,43.2781524658203,-8.98576736450195,"Unknown"
"7014852",371861,2025-08-29 19:25:48,43.278434753418,-8.98586559295654,"Unknown"
"7014852",371861,2025-08-29 19:31:00,43.2780876159668,-8.98590660095215,"Unknown"
"7014852",371861,2025-08-29 19:36:00,43.2780532836914,-8.98597049713135,"Unknown"
"7014852",371861,2025-08-29 19:41:00,43.2999954223633,-8.96078586578369,"Unknown"
"7014852",371861,2025-08-29 19:46:14,43.3416481018066,-8.89473533630371,"Unknown"
"7014852",371861,2025-08-29 19:50:51,43.3608283996582,-8.84165477752686,"Unknown"
"7014852",371861,2025-08-29 19:55:00,43.3601837158203,-8.84151458740234,"Unknown"
"7014852",371861,2025-08-30 00:55:15,43.360424041748,-8.84126758575439,"Unknown"
"7014852",371861,2025-08-30 06:07:23,43.2864303588867,-8.97272872924805,"Unknown"
"7014852",371861,2025-08-30 06:11:31,43.2756576538086,-8.98863315582275,"Unknown"
"7014852",371861,2025-08-30 06:16:31,43.2629776000977,-8.96777820587158,"Unknown"
"7014852",371861,2025-08-30 06:21:31,43.2505912780762,-8.98475646972656,"Unknown"
"7014852",371861,2025-08-30 06:26:42,43.2372245788574,-9.00478839874268,"Unknown"
"7014852",371861,2025-08-30 06:31:33,43.2246894836426,-9.01121807098389,"Unknown"
"7014852",371861,2025-08-30 06:36:32,43.2157897949219,-9.03728485107422,"Unknown"
"7014852",371861,2025-08-30 06:41:49,43.2034568786621,-9.06125831604004,"Unknown"
"7014852",371861,2025-08-30 06:47:56,43.1889762878418,-9.08652687072754,"Unknown"
"7014852",371861,2025-08-30 06:51:44,43.1848068237305,-9.09144592285156,"Unknown"
"7014852",371861,2025-08-30 06:56:37,43.1847839355469,-9.09133148193359,"Unknown"
"7014852",371861,2025-08-30 07:01:35,43.183650970459,-9.09332466125488,"Unknown"
"7014852",371861,2025-08-30 07:06:35,43.183479309082,-9.09280586242676,"Unknown"
"7014852",371861,2025-08-30 07:11:37,43.1834945678711,-9.09310436248779,"Unknown"
"7014852",371861,2025-08-30 07:16:33,43.1837005615234,-9.09139919281006,"Unknown"
"7014852",371861,2025-08-30 07:22:01,43.1839599609375,-9.09296035766602,"Unknown"
"7014852",371861,2025-08-30 07:26:35,43.183666229248,-9.09268093109131,"Unknown"
"7014852",371861,2025-08-30 07:31:41,43.1836624145508,-9.09277248382568,"Unknown"
"7014852",371861,2025-08-30 07:36:32,43.1827926635742,-9.09236621856689,"Unknown"
"7014852",371861,2025-08-30 07:41:32,43.1828880310059,-9.09228038787842,"Unknown"
"7014852",371861,2025-08-30 07:46:32,43.1829605102539,-9.09249114990234,"Unknown"
"7014852",371861,2025-08-30 07:51:33,43.1829986572266,-9.09241485595703,"Unknown"
"7014852",371861,2025-08-30 07:56:33,43.1829795837402,-9.09272575378418,"Unknown"
"7014852",371861,2025-08-30 08:01:35,43.1828651428223,-9.09297180175781,"Unknown"
"7014852",371861,2025-08-30 08:06:33,43.1835174560547,-9.09249973297119,"Unknown"
"7014852",371861,2025-08-30 08:11:43,43.1831970214844,-9.09264278411865,"Unknown"
"7014852",371861,2025-08-30 08:16:44,43.1831550598145,-9.0925874710083,"Unknown"
"7014852",371861,2025-08-30 08:21:40,43.1830673217773,-9.09257030487061,"Unknown"
"7014852",371861,2025-08-30 08:26:50,43.1831092834473,-9.09247398376465,"Unknown"
"7014852",371861,2025-08-30 08:31:59,43.1831741333008,-9.09263610839844,"Unknown"
"7014852",371861,2025-08-30 08:36:37,43.1833610534668,-9.09261512756348,"Unknown"
"7014852",371861,2025-08-30 08:41:32,43.1833572387695,-9.09233474731445,"Unknown"
"7014852",371861,2025-08-30 08:46:44,43.1832733154297,-9.09251499176025,"Unknown"
"7014852",371861,2025-08-30 08:51:31,43.1834297180176,-9.0925178527832,"Unknown"
"7014852",371861,2025-08-30 08:56:31,43.1832542419434,-9.09256649017334,"Unknown"
"7014852",371861,2025-08-30 09:01:31,43.1832962036133,-9.09265327453613,"Unknown"
"7014852",371861,2025-08-30 09:06:31,43.1833267211914,-9.09247493743896,"Unknown"
"7014852",371861,2025-08-30 09:11:35,43.1832847595215,-9.0925931930542,"Unknown"
"7014852",371861,2025-08-30 09:16:31,43.1820373535156,-9.091552734375,"Unknown"
"7014852",371861,2025-08-30 09:21:47,43.1832504272461,-9.0932445526123,"Unknown"
"7014852",371861,2025-08-30 09:26:44,43.1832275390625,-9.0925407409668,"Unknown"
"7014852",371861,2025-08-30 09:31:36,43.1826362609863,-9.09175491333008,"Unknown"
"7014852",371861,2025-08-30 09:36:38,43.1828536987305,-9.09138774871826,"Unknown"
"7014852",371861,2025-08-30 09:41:38,43.1826362609863,-9.09170341491699,"Unknown"
"7014852",371861,2025-08-30 09:46:52,43.1825561523438,-9.09193706512451,"Unknown"
"7014852",371861,2025-08-30 09:51:35,43.1824607849121,-9.09178924560547,"Unknown"
"7014852",371861,2025-08-30 09:56:35,43.1824989318848,-9.09186458587646,"Unknown"
"7014852",371861,2025-08-30 10:01:31,43.1824760437012,-9.09191513061523,"Unknown"
"7014852",371861,2025-08-30 10:06:37,43.1824607849121,-9.09202671051025,"Unknown"
"7014852",371861,2025-08-30 10:11:38,43.1825752258301,-9.09240341186523,"Unknown"
"7014852",371861,2025-08-30 10:16:33,43.1825981140137,-9.09202766418457,"Unknown"
"7014852",371861,2025-08-30 10:21:39,43.1826553344727,-9.09228706359863,"Unknown"
"7014852",371861,2025-08-30 10:26:36,43.1829261779785,-9.09252738952637,"Unknown"
"7014852",371861,2025-08-30 10:32:44,43.1831207275391,-9.09238719940186,"Unknown"
"7014852",371861,2025-08-30 10:36:44,43.183032989502,-9.0923490524292,"Unknown"
"7014852",371861,2025-08-30 10:41:36,43.1829528808594,-9.09248161315918,"Unknown"
"7014852",371861,2025-08-30 10:46:31,43.1837921142578,-9.09314441680908,"Unknown"
"7014852",371861,2025-08-30 10:51:51,43.1841316223145,-9.09354114532471,"Unknown"
"7014852",371861,2025-08-30 10:56:38,43.183967590332,-9.0933837890625,"Unknown"
"7014852",371861,2025-08-30 11:01:36,43.1840515136719,-9.09282684326172,"Unknown"
"7014852",371861,2025-08-30 11:06:40,43.1839065551758,-9.09293460845947,"Unknown"
"7014852",371861,2025-08-30 11:11:38,43.1839370727539,-9.09290981292725,"Unknown"
"7014852",371861,2025-08-30 11:16:33,43.1838035583496,-9.09277248382568,"Unknown"
"7014852",371861,2025-08-30 11:21:38,43.184326171875,-9.09289264678955,"Unknown"
"7014852",371861,2025-08-30 11:26:41,43.183479309082,-9.09279727935791,"Unknown"
"7014852",371861,2025-08-30 11:31:44,43.1829147338867,-9.09245872497559,"Unknown"
"7014852",371861,2025-08-30 11:36:36,43.1831398010254,-9.09276008605957,"Unknown"
"7014852",371861,2025-08-30 11:41:43,43.1835441589355,-9.0925235748291,"Unknown"
"7014852",371861,2025-08-30 11:46:44,43.1809692382812,-9.09072875976562,"Unknown"
"7014852",371861,2025-08-30 11:51:45,43.1811027526855,-9.09066772460938,"Unknown"
"7014852",371861,2025-08-30 11:56:39,43.1812057495117,-9.09064674377441,"Unknown"
"7014852",371861,2025-08-30 12:01:37,43.1811599731445,-9.0907506942749,"Unknown"
"7014852",371861,2025-08-30 12:06:36,43.1811752319336,-9.09088516235352,"Unknown"
"7014852",371861,2025-08-30 12:11:38,43.1810684204102,-9.09084606170654,"Unknown"
"7014852",371861,2025-08-30 12:17:23,43.1892547607422,-9.0995044708252,"Unknown"
"7014852",371861,2025-08-30 12:21:31,43.1883583068848,-9.10017108917236,"Unknown"
"7014852",371861,2025-08-30 12:26:35,43.1882705688477,-9.1001443862915,"Unknown"
"7014852",371861,2025-08-30 12:31:36,43.1882553100586,-9.10024642944336,"Unknown"
"7014852",371861,2025-08-30 12:36:37,43.1883125305176,-9.1002779006958,"Unknown"
"7014852",371861,2025-08-30 12:41:35,43.1882820129395,-9.10019016265869,"Unknown"
"7014852",371861,2025-08-30 12:47:05,43.1883354187012,-9.1003303527832,"Unknown"
"7014852",371861,2025-08-30 12:51:33,43.1882934570312,-9.10033512115479,"Unknown"
"7014852",371861,2025-08-30 12:56:33,43.1876335144043,-9.09953784942627,"Unknown"
"7014852",371861,2025-08-30 13:01:31,43.1875457763672,-9.09963226318359,"Unknown"
"7014852",371861,2025-08-30 13:06:31,43.1878204345703,-9.09978485107422,"Unknown"
"7014852",371861,2025-08-30 13:11:31,43.1877136230469,-9.0998706817627,"Unknown"
"7014852",371861,2025-08-30 13:16:32,43.190013885498,-9.10132122039795,"Unknown"
"7014852",371861,2025-08-30 13:21:31,43.1900520324707,-9.10134506225586,"Unknown"
"7014852",371861,2025-08-30 13:26:31,43.1901473999023,-9.10125732421875,"Unknown"
"7014852",371861,2025-08-30 13:31:32,43.1901206970215,-9.10107707977295,"Unknown"
"7014852",371861,2025-08-30 13:36:44,43.1900596618652,-9.10132598876953,"Unknown"
"7014852",371861,2025-08-30 13:41:32,43.1899909973145,-9.10134029388428,"Unknown"
"7014852",371861,2025-08-30 13:46:32,43.1900329589844,-9.10145092010498,"Unknown"
"7014852",371861,2025-08-30 13:51:32,43.1899223327637,-9.10129451751709,"Unknown"
"7014852",371861,2025-08-30 13:56:36,43.1900749206543,-9.10135269165039,"Unknown"
"7014852",371861,2025-08-30 14:01:33,43.1900367736816,-9.10135746002197,"Unknown"
"7014852",371861,2025-08-30 14:06:31,43.1900100708008,-9.10141944885254,"Unknown"
"7014852",371861,2025-08-30 14:11:32,43.1899566650391,-9.1014461517334,"Unknown"
"7014852",371861,2025-08-30 14:16:31,43.1898498535156,-9.10131359100342,"Unknown"
"7014852",371861,2025-08-30 14:21:32,43.1898880004883,-9.10123634338379,"Unknown"
"7014852",371861,2025-08-30 14:26:32,43.1899375915527,-9.10133838653564,"Unknown"
"7014852",371861,2025-08-30 14:31:44,43.1899299621582,-9.10148239135742,"Unknown"
"7014852",371861,2025-08-30 14:36:33,43.1899337768555,-9.10161399841309,"Unknown"
"7014852",371861,2025-08-30 14:41:41,43.1898422241211,-9.10143184661865,"Unknown"
"7014852",371861,2025-08-30 14:46:32,43.1897964477539,-9.10142040252686,"Unknown"
"7014852",371861,2025-08-30 14:51:32,43.1899185180664,-9.1014461517334,"Unknown"
"7014852",371861,2025-08-30 14:56:31,43.1899719238281,-9.10133838653564,"Unknown"
"7014852",371861,2025-08-30 15:01:31,43.1899261474609,-9.1013879776001,"Unknown"
"7014852",371861,2025-08-30 15:06:32,43.1899070739746,-9.10132789611816,"Unknown"
"7014852",371861,2025-08-30 15:11:31,43.18994140625,-9.10142517089844,"Unknown"
"7014852",371861,2025-08-30 15:16:37,43.1898803710938,-9.1014518737793,"Unknown"
"7014852",371861,2025-08-30 15:21:31,43.1899032592773,-9.10135936737061,"Unknown"
"7014852",371861,2025-08-30 15:26:31,43.1899604797363,-9.10135650634766,"Unknown"
"7014852",371861,2025-08-30 15:31:44,43.1899490356445,-9.1014404296875,"Unknown"
"7014852",371861,2025-08-30 15:36:44,43.1899909973145,-9.10144424438477,"Unknown"
"7014852",371861,2025-08-30 15:41:33,43.190357208252,-9.09481048583984,"Unknown"
"7014852",371861,2025-08-30 15:46:31,43.1895561218262,-9.09046649932861,"Unknown"
"7014852",371861,2025-08-30 15:51:34,43.1894912719727,-9.09010982513428,"Unknown"
"7014852",371861,2025-08-30 15:56:31,43.1894607543945,-9.09016799926758,"Unknown"
"7014852",371861,2025-08-30 16:01:31,43.189510345459,-9.09034061431885,"Unknown"
"7014852",371861,2025-08-30 16:06:36,43.1894836425781,-9.09017562866211,"Unknown"
"7014852",371861,2025-08-30 16:11:37,43.1895065307617,-9.09026718139648,"Unknown"
"7014852",371861,2025-08-30 16:16:31,43.1894645690918,-9.09017086029053,"Unknown"
"7014852",371861,2025-08-30 16:21:31,43.1894912719727,-9.09028053283691,"Unknown"
"7014852",371861,2025-08-30 16:26:39,43.1895141601562,-9.0901403427124,"Unknown"
"7014852",371861,2025-08-30 16:31:44,43.1894874572754,-9.09012126922607,"Unknown"
"7014852",371861,2025-08-30 16:36:34,43.1894264221191,-9.08999538421631,"Unknown"
"7014852",371861,2025-08-30 16:41:31,43.1894569396973,-9.09025764465332,"Unknown"
"7014852",371861,2025-08-30 16:46:32,43.1895904541016,-9.09033679962158,"Unknown"
"7014852",371861,2025-08-30 16:51:34,43.189525604248,-9.08996963500977,"Unknown"
"7014852",371861,2025-08-30 16:56:37,43.1894989013672,-9.09032535552979,"Unknown"
"7014852",371861,2025-08-30 17:01:44,43.189582824707,-9.09007167816162,"Unknown"
"7014852",371861,2025-08-30 17:06:37,43.1897506713867,-9.08978080749512,"Unknown"
"7014852",371861,2025-08-30 17:11:36,43.1894912719727,-9.0900993347168,"Unknown"
"7014852",371861,2025-08-30 17:17:05,43.1894950866699,-9.09011840820312,"Unknown"
"7014852",371861,2025-08-30 17:21:31,43.1894989013672,-9.09002494812012,"Unknown"
"7014852",371861,2025-08-30 17:26:31,43.189510345459,-9.09009170532227,"Unknown"
"7014852",371861,2025-08-30 17:31:31,43.1895484924316,-9.09014129638672,"Unknown"
"7014852",371861,2025-08-30 17:36:31,43.1895332336426,-9.09008502960205,"Unknown"
"7014852",371861,2025-08-30 17:41:31,43.1939926147461,-9.05824279785156,"Unknown"
"7014852",371861,2025-08-30 17:46:31,43.2283630371094,-9.01508140563965,"Unknown"
"7014852",371861,2025-08-30 17:51:31,43.2674331665039,-8.98748302459717,"Unknown"
"7014852",371861,2025-08-30 17:56:31,43.3022193908691,-8.94649982452393,"Unknown"
"7014852",371861,2025-08-30 18:01:31,43.3230094909668,-8.89995956420898,"Unknown"
"7014852",371861,2025-08-30 18:06:31,43.3213424682617,-8.90117645263672,"Unknown"
"7014852",371861,2025-08-30 18:11:32,43.3213348388672,-8.901123046875,"Unknown"
"7014852",371861,2025-08-30 18:16:31,43.3212966918945,-8.90122509002686,"Unknown"
"7014852",371861,2025-08-30 18:21:32,43.321361541748,-8.90127086639404,"Unknown"
"7014852",371861,2025-08-30 18:26:31,43.3211326599121,-8.90072631835938,"Unknown"
"7014852",371861,2025-08-30 18:31:34,43.3211402893066,-8.90145587921143,"Unknown"
"7014852",371861,2025-08-30 18:36:32,43.3211288452148,-8.90151214599609,"Unknown"
"7014852",371861,2025-08-30 18:41:37,43.3211135864258,-8.90168285369873,"Unknown"
"7014852",371861,2025-08-30 18:46:32,43.3210792541504,-8.90131378173828,"Unknown"
"7014852",371861,2025-08-30 18:51:32,43.321102142334,-8.90137100219727,"Unknown"
"7014852",371861,2025-08-30 18:56:32,43.3211669921875,-8.90131282806396,"Unknown"
"7014852",371861,2025-08-30 19:01:36,43.3211441040039,-8.90136241912842,"Unknown"
"7014852",371861,2025-08-30 19:06:40,43.3211708068848,-8.90146923065186,"Unknown"
"7014852",371861,2025-08-30 19:11:31,43.3211898803711,-8.90135669708252,"Unknown"
"7014852",371861,2025-08-30 19:16:33,43.3321838378906,-8.88840961456299,"Unknown"
"7014852",371861,2025-08-30 19:21:31,43.3592262268066,-8.84682655334473,"Unknown"
"7014852",371861,2025-08-30 19:26:32,43.3592109680176,-8.84634017944336,"Unknown"
"7014852",371861,2025-08-30 19:31:39,43.3567390441895,-8.84632396697998,"Unknown"
"7014852",371861,2025-08-30 19:36:42,43.3567276000977,-8.84624576568604,"Unknown"
"7014852",371861,2025-08-30 19:41:42,43.3564796447754,-8.84656238555908,"Unknown"
"7014852",371861,2025-08-30 19:46:31,43.3610153198242,-8.8416051864624,"Unknown"
"7014852",371861,2025-08-30 19:53:15,43.3608818054199,-8.8410005569458,"Unknown"
"7014852",371861,2025-08-31 00:53:35,43.3603515625,-8.84122753143311,"Unknown"
"7014852",371861,2025-08-31 06:19:02,43.2002754211426,-9.06258106231689,"Unknown"
"7014852",371861,2025-08-31 06:22:54,43.1920928955078,-9.07956314086914,"Unknown"
"7014852",371861,2025-08-31 06:27:50,43.1836624145508,-9.09297943115234,"Unknown"
"7014852",371861,2025-08-31 06:32:48,43.1853446960449,-9.09150314331055,"Unknown"
"7014852",371861,2025-08-31 06:37:48,43.1849174499512,-9.09090423583984,"Unknown"
"7014852",371861,2025-08-31 06:42:48,43.1854095458984,-9.09137344360352,"Unknown"
"7014852",371861,2025-08-31 06:47:50,43.1854553222656,-9.09173774719238,"Unknown"
"7014852",371861,2025-08-31 06:52:48,43.184871673584,-9.09187698364258,"Unknown"
"7014852",371861,2025-08-31 06:57:48,43.1848449707031,-9.09194850921631,"Unknown"
"7014852",371861,2025-08-31 07:03:05,43.1848526000977,-9.09172916412354,"Unknown"
"7014852",371861,2025-08-31 07:07:38,43.1847267150879,-9.09133148193359,"Unknown"
"7014852",371861,2025-08-31 07:12:41,43.1846771240234,-9.09170627593994,"Unknown"
"7014852",371861,2025-08-31 07:17:40,43.1847763061523,-9.0910530090332,"Unknown"
"7014852",371861,2025-08-31 07:22:39,43.1846885681152,-9.09167671203613,"Unknown"
"7014852",371861,2025-08-31 07:27:40,43.1846389770508,-9.09186840057373,"Unknown"
"7014852",371861,2025-08-31 07:32:38,43.184814453125,-9.09162998199463,"Unknown"
"7014852",371861,2025-08-31 07:37:40,43.1848335266113,-9.09167575836182,"Unknown"
"7014852",371861,2025-08-31 07:42:37,43.184886932373,-9.09185981750488,"Unknown"
"7014852",371861,2025-08-31 07:47:37,43.1839637756348,-9.09313678741455,"Unknown"
"7014852",371861,2025-08-31 07:52:58,43.1839714050293,-9.09299850463867,"Unknown"
"7014852",371861,2025-08-31 07:57:38,43.1839408874512,-9.09285068511963,"Unknown"
"7014852",371861,2025-08-31 08:02:38,43.1839179992676,-9.09308910369873,"Unknown"
"7014852",371861,2025-08-31 08:08:01,43.1841278076172,-9.09293842315674,"Unknown"
"7014852",371861,2025-08-31 08:12:38,43.1840705871582,-9.09312534332275,"Unknown"
"7014852",371861,2025-08-31 08:17:38,43.1831169128418,-9.09219837188721,"Unknown"
"7014852",371861,2025-08-31 08:22:43,43.1830978393555,-9.09248828887939,"Unknown"
"7014852",371861,2025-08-31 08:27:39,43.183162689209,-9.09246349334717,"Unknown"
"7014852",371861,2025-08-31 08:32:38,43.18310546875,-9.09258842468262,"Unknown"
"7014852",371861,2025-08-31 08:37:38,43.1830749511719,-9.09258270263672,"Unknown"
"7014852",371861,2025-08-31 08:43:03,43.1829643249512,-9.09219074249268,"Unknown"
"7014852",371861,2025-08-31 08:47:37,43.1829872131348,-9.09254169464111,"Unknown"
"7014852",371861,2025-08-31 08:52:47,43.1830825805664,-9.09261131286621,"Unknown"
"7014852",371861,2025-08-31 08:57:38,43.182991027832,-9.09269332885742,"Unknown"
"7014852",371861,2025-08-31 09:02:38,43.1831283569336,-9.09244537353516,"Unknown"
"7014852",371861,2025-08-31 09:07:38,43.1840400695801,-9.09309768676758,"Unknown"
"7014852",371861,2025-08-31 09:12:38,43.1840858459473,-9.09307289123535,"Unknown"
"7014852",371861,2025-08-31 09:17:38,43.1840782165527,-9.09281349182129,"Unknown"
"7014852",371861,2025-08-31 09:22:40,43.1839561462402,-9.09284687042236,"Unknown"
"7014852",371861,2025-08-31 09:27:39,43.1839485168457,-9.09289836883545,"Unknown"
"7014852",371861,2025-08-31 09:32:37,43.1839218139648,-9.09294700622559,"Unknown"
"7014852",371861,2025-08-31 09:37:37,43.1836891174316,-9.09281063079834,"Unknown"
"7014852",371861,2025-08-31 09:42:39,43.1839218139648,-9.09336853027344,"Unknown"
"7014852",371861,2025-08-31 09:47:42,43.1838989257812,-9.09339809417725,"Unknown"
"7014852",371861,2025-08-31 09:52:45,43.1833915710449,-9.09274387359619,"Unknown"
"7014852",371861,2025-08-31 09:57:42,43.1833763122559,-9.09294128417969,"Unknown"
"7014852",371861,2025-08-31 10:02:43,43.1838912963867,-9.09306621551514,"Unknown"
"7014852",371861,2025-08-31 10:07:38,43.1842880249023,-9.09306907653809,"Unknown"
"7014852",371861,2025-08-31 10:12:48,43.183837890625,-9.09333419799805,"Unknown"
"7014852",371861,2025-08-31 10:17:49,43.1844520568848,-9.09151554107666,"Unknown"
"7014852",371861,2025-08-31 10:22:40,43.1845474243164,-9.09167098999023,"Unknown"
"7014852",371861,2025-08-31 10:27:48,43.1846237182617,-9.09185791015625,"Unknown"
"7014852",371861,2025-08-31 10:32:39,43.1845932006836,-9.09179878234863,"Unknown"
"7014852",371861,2025-08-31 10:37:55,43.1838493347168,-9.0927791595459,"Unknown"
"7014852",371861,2025-08-31 10:42:54,43.189136505127,-9.09032535552979,"Unknown"
"7014852",371861,2025-08-31 10:48:05,43.1893081665039,-9.09021949768066,"Unknown"
"7014852",371861,2025-08-31 10:52:37,43.1893043518066,-9.09016704559326,"Unknown"
"7014852",371861,2025-08-31 10:57:37,43.1892852783203,-9.09022235870361,"Unknown"
"7014852",371861,2025-08-31 11:02:42,43.1893043518066,-9.09018707275391,"Unknown"
"7014852",371861,2025-08-31 11:07:38,43.1892509460449,-9.09016418457031,"Unknown"
"7014852",371861,2025-08-31 11:12:39,43.1892433166504,-9.09016227722168,"Unknown"
"7014852",371861,2025-08-31 11:17:38,43.189338684082,-9.09029579162598,"Unknown"
"7014852",371861,2025-08-31 11:22:39,43.1892204284668,-9.09012413024902,"Unknown"
"7014852",371861,2025-08-31 11:27:38,43.1891670227051,-9.09006786346436,"Unknown"
"7014852",371861,2025-08-31 11:32:41,43.1892127990723,-9.09008312225342,"Unknown"
"7014852",371861,2025-08-31 11:38:05,43.1893005371094,-9.09017753601074,"Unknown"
"7014852",371861,2025-08-31 11:42:37,43.1891822814941,-9.09035968780518,"Unknown"
"7014852",371861,2025-08-31 11:47:37,43.189151763916,-9.09034442901611,"Unknown"
"7014852",371861,2025-08-31 11:52:37,43.1893463134766,-9.09018707275391,"Unknown"
"7014852",371861,2025-08-31 11:57:37,43.1893310546875,-9.09018421173096,"Unknown"
"7014852",371861,2025-08-31 12:02:39,43.1892471313477,-9.09012603759766,"Unknown"
"7014852",371861,2025-08-31 12:07:41,43.1893157958984,-9.09015941619873,"Unknown"
"7014852",371861,2025-08-31 12:12:39,43.1893005371094,-9.09018325805664,"Unknown"
"7014852",371861,2025-08-31 12:17:48,43.1892204284668,-9.09004878997803,"Unknown"
"7014852",371861,2025-08-31 12:22:41,43.1893310546875,-9.09020233154297,"Unknown"
"7014852",371861,2025-08-31 12:27:38,43.1892700195312,-9.09012317657471,"Unknown"
"7014852",371861,2025-08-31 12:32:37,43.1892318725586,-9.09021759033203,"Unknown"
"7014852",371861,2025-08-31 12:37:37,43.189338684082,-9.09018421173096,"Unknown"
"7014852",371861,2025-08-31 12:42:37,43.1893348693848,-9.09019374847412,"Unknown"
"7014852",371861,2025-08-31 12:47:41,43.1892585754395,-9.0901403427124,"Unknown"
"7014852",371861,2025-08-31 12:52:38,43.1893692016602,-9.09018802642822,"Unknown"
"7014852",371861,2025-08-31 12:57:37,43.1893577575684,-9.090256690979,"Unknown"
"7014852",371861,2025-08-31 13:02:38,43.1848297119141,-9.09174060821533,"Unknown"
"7014852",371861,2025-08-31 13:07:39,43.1828346252441,-9.09214687347412,"Unknown"
"7014852",371861,2025-08-31 13:13:05,43.1825294494629,-9.09189987182617,"Unknown"
"7014852",371861,2025-08-31 13:17:38,43.1824417114258,-9.0919771194458,"Unknown"
"7014852",371861,2025-08-31 13:22:39,43.1824951171875,-9.09200096130371,"Unknown"
"7014852",371861,2025-08-31 13:27:41,43.182502746582,-9.09194755554199,"Unknown"
"7014852",371861,2025-08-31 13:32:41,43.1824913024902,-9.09191131591797,"Unknown"
"7014852",371861,2025-08-31 13:37:38,43.1834335327148,-9.09265232086182,"Unknown"
"7014852",371861,2025-08-31 13:42:47,43.1834907531738,-9.09267139434814,"Unknown"
"7014852",371861,2025-08-31 13:47:37,43.1835517883301,-9.092529296875,"Unknown"
"7014852",371861,2025-08-31 13:52:37,43.1834602355957,-9.0926456451416,"Unknown"
"7014852",371861,2025-08-31 13:57:37,43.1835174560547,-9.09271907806396,"Unknown"
"7014852",371861,2025-08-31 14:02:40,43.1835823059082,-9.09269905090332,"Unknown"
"7014852",371861,2025-08-31 14:07:41,43.1836357116699,-9.0940580368042,"Unknown"
"7014852",371861,2025-08-31 14:12:39,43.183536529541,-9.0938081741333,"Unknown"
"7014852",371861,2025-08-31 14:17:59,43.1831436157227,-9.09252262115479,"Unknown"
"7014852",371861,2025-08-31 14:22:38,43.183765411377,-9.09291744232178,"Unknown"
"7014852",371861,2025-08-31 14:27:48,43.183666229248,-9.09274291992188,"Unknown"
"7014852",371861,2025-08-31 14:33:16,43.1832618713379,-9.0933780670166,"Unknown"
"7014852",371861,2025-08-31 14:37:41,43.1831970214844,-9.0931453704834,"Unknown"
"7014852",371861,2025-08-31 14:43:05,43.1832389831543,-9.09334850311279,"Unknown"
"7014852",371861,2025-08-31 14:47:37,43.1832160949707,-9.09335613250732,"Unknown"
"7014852",371861,2025-08-31 14:52:37,43.183219909668,-9.09333896636963,"Unknown"
"7014852",371861,2025-08-31 14:57:37,43.183235168457,-9.0933084487915,"Unknown"
"7014852",371861,2025-08-31 15:02:37,43.1830825805664,-9.09344863891602,"Unknown"
"7014852",371861,2025-08-31 15:07:37,43.1832733154297,-9.09335994720459,"Unknown"
"7014852",371861,2025-08-31 15:12:37,43.1832389831543,-9.09327030181885,"Unknown"
"7014852",371861,2025-08-31 15:17:38,43.1831283569336,-9.09352970123291,"Unknown"
"7014852",371861,2025-08-31 15:22:37,43.1833763122559,-9.0925817489624,"Unknown"
"7014852",371861,2025-08-31 15:27:37,43.1834297180176,-9.09248828887939,"Unknown"
"7014852",371861,2025-08-31 15:32:38,43.18359375,-9.09236907958984,"Unknown"
"7014852",371861,2025-08-31 15:37:38,43.1833114624023,-9.09245586395264,"Unknown"
"7014852",371861,2025-08-31 15:42:37,43.1833953857422,-9.09256649017334,"Unknown"
"7014852",371861,2025-08-31 15:47:38,43.1839218139648,-9.09305572509766,"Unknown"
"7014852",371861,2025-08-31 15:52:37,43.1875076293945,-9.09949398040771,"Unknown"
"7014852",371861,2025-08-31 15:57:38,43.1874046325684,-9.09957504272461,"Unknown"
"7014852",371861,2025-08-31 16:02:38,43.1875343322754,-9.09960174560547,"Unknown"
"7014852",371861,2025-08-31 16:07:37,43.1915321350098,-9.09822463989258,"Unknown"
"7014852",371861,2025-08-31 16:12:37,43.1915969848633,-9.09832286834717,"Unknown"
"7014852",371861,2025-08-31 16:17:37,43.1915092468262,-9.09825992584229,"Unknown"
"7014852",371861,2025-08-31 16:22:37,43.1914672851562,-9.09831142425537,"Unknown"
"7014852",371861,2025-08-31 16:27:38,43.191478729248,-9.09836483001709,"Unknown"
"7014852",371861,2025-08-31 16:32:37,43.1914520263672,-9.09821510314941,"Unknown"
"7014852",371861,2025-08-31 16:37:37,43.1861457824707,-9.09335231781006,"Unknown"
"7014852",371861,2025-08-31 16:42:37,43.1839752197266,-9.09297847747803,"Unknown"
"7014852",371861,2025-08-31 16:47:52,43.1837272644043,-9.09300231933594,"Unknown"
"7014852",371861,2025-08-31 16:53:03,43.1838340759277,-9.09305095672607,"Unknown"
"7014852",371861,2025-08-31 16:57:41,43.1838035583496,-9.09280490875244,"Unknown"
"7014852",371861,2025-08-31 17:02:38,43.1840553283691,-9.09315872192383,"Unknown"
"7014852",371861,2025-08-31 17:07:38,43.1831588745117,-9.09274768829346,"Unknown"
"7014852",371861,2025-08-31 17:12:38,43.183967590332,-9.09225273132324,"Unknown"
"7014852",371861,2025-08-31 17:17:51,43.1834259033203,-9.09261512756348,"Unknown"
"7014852",371861,2025-08-31 17:22:38,43.1840400695801,-9.09253120422363,"Unknown"
"7014852",371861,2025-08-31 17:27:39,43.1842422485352,-9.09176921844482,"Unknown"
"7014852",371861,2025-08-31 17:32:50,43.1832084655762,-9.09232997894287,"Unknown"
"7014852",371861,2025-08-31 17:37:38,43.1855621337891,-9.09192657470703,"Unknown"
"7014852",371861,2025-08-31 17:42:39,43.1855545043945,-9.0910177230835,"Unknown"
"7014852",371861,2025-08-31 17:47:43,43.1834945678711,-9.09274959564209,"Unknown"
"7014852",371861,2025-08-31 17:52:37,43.1838417053223,-9.09311008453369,"Unknown"
"7014852",371861,2025-08-31 17:57:38,43.183406829834,-9.09290504455566,"Unknown"
"7014852",371861,2025-08-31 18:02:38,43.1834526062012,-9.09377956390381,"Unknown"
"7014852",371861,2025-08-31 18:07:40,43.183464050293,-9.09386444091797,"Unknown"
"7014852",371861,2025-08-31 18:12:40,43.1835670471191,-9.09383773803711,"Unknown"
"7014852",371861,2025-08-31 18:17:41,43.1835479736328,-9.09377098083496,"Unknown"
"7014852",371861,2025-08-31 18:22:45,43.1834869384766,-9.09382152557373,"Unknown"
"7014852",371861,2025-08-31 18:28:05,43.1833648681641,-9.09358406066895,"Unknown"
"7014852",371861,2025-08-31 18:32:42,43.1833419799805,-9.09354686737061,"Unknown"
"7014852",371861,2025-08-31 18:37:41,43.1877098083496,-9.0904541015625,"Unknown"
"7014852",371861,2025-08-31 18:42:38,43.1894416809082,-9.0905179977417,"Unknown"
"7014852",371861,2025-08-31 18:47:41,43.1892890930176,-9.09004688262939,"Unknown"
"7014852",371861,2025-08-31 18:52:37,43.1894340515137,-9.09050750732422,"Unknown"
"7014852",371861,2025-08-31 18:57:39,43.1894721984863,-9.09040832519531,"Unknown"
"7014852",371861,2025-08-31 19:02:46,43.1893768310547,-9.09051132202148,"Unknown"
"7014852",371861,2025-08-31 19:07:43,43.1894912719727,-9.09038543701172,"Unknown"
"7014852",371861,2025-08-31 19:13:02,43.1894874572754,-9.09040451049805,"Unknown"
"7014852",371861,2025-08-31 19:17:38,43.1894569396973,-9.09039974212646,"Unknown"
"7014852",371861,2025-08-31 19:22:38,43.1894454956055,-9.09044170379639,"Unknown"
"7014852",371861,2025-08-31 19:27:37,43.2104072570801,-9.05961799621582,"Unknown"
"7014852",371861,2025-08-31 19:32:37,43.2397346496582,-9.01774120330811,"Unknown"
"7014852",371861,2025-08-31 19:37:37,43.2792091369629,-8.98646354675293,"Unknown"
"7014852",371861,2025-08-31 19:42:37,43.316535949707,-8.93143367767334,"Unknown"
"7014852",371861,2025-08-31 19:47:38,43.3505020141602,-8.87019729614258,"Unknown"
"7014852",371861,2025-08-31 19:51:18,43.3600006103516,-8.84095001220703,"Unknown"
"7014852",371861,2025-09-01 00:51:53,43.3603706359863,-8.84129905700684,"Unknown"
"7014852",371861,2025-09-01 06:40:20,43.1876106262207,-9.0923957824707,"Unknown"
"7014852",371861,2025-09-01 06:43:58,43.1842498779297,-9.09277629852295,"Unknown"
"7014852",371861,2025-09-01 06:49:06,43.184497833252,-9.09375667572021,"Unknown"
"7014852",371861,2025-09-01 06:54:15,43.1827735900879,-9.09162330627441,"Unknown"
"7014852",371861,2025-09-01 06:58:58,43.1836624145508,-9.09256649017334,"Unknown"
"7014852",371861,2025-09-01 07:04:10,43.183521270752,-9.09275913238525,"Unknown"
"7014852",371861,2025-09-01 07:09:05,43.1830024719238,-9.09253025054932,"Unknown"
"7014852",371861,2025-09-01 07:13:59,43.1836547851562,-9.09221363067627,"Unknown"
"7014852",371861,2025-09-01 07:19:05,43.1836357116699,-9.0925235748291,"Unknown"
"7014852",371861,2025-09-01 07:24:01,43.1835632324219,-9.09245872497559,"Unknown"
"7014852",371861,2025-09-01 07:29:00,43.1836624145508,-9.09262752532959,"Unknown"
"7014852",371861,2025-09-01 07:34:05,43.1834449768066,-9.09211349487305,"Unknown"
"7014852",371861,2025-09-01 07:39:03,43.1832618713379,-9.09255886077881,"Unknown"
"7014852",371861,2025-09-01 07:44:35,43.183723449707,-9.09259510040283,"Unknown"
"7014852",371861,2025-09-01 07:49:54,43.1833839416504,-9.09231185913086,"Unknown"
"7014852",371861,2025-09-01 07:54:29,43.1833305358887,-9.09239482879639,"Unknown"
"7014852",371861,2025-09-01 07:59:14,43.182804107666,-9.09185028076172,"Unknown"
"7014852",371861,2025-09-01 08:04:03,43.1827659606934,-9.09228420257568,"Unknown"
"7014852",371861,2025-09-01 08:09:10,43.1828231811523,-9.092453956604,"Unknown"
"7014852",371861,2025-09-01 08:14:10,43.1831130981445,-9.09316444396973,"Unknown"
"7014852",371861,2025-09-01 08:19:26,43.1839179992676,-9.09295177459717,"Unknown"
"7014852",371861,2025-09-01 08:24:20,43.1831321716309,-9.09245300292969,"Unknown"
"7014852",371861,2025-09-01 08:29:35,43.1830253601074,-9.09243297576904,"Unknown"
"7014852",371861,2025-09-01 08:34:11,43.1830444335938,-9.09259605407715,"Unknown"
"7014852",371861,2025-09-01 08:39:10,43.1830978393555,-9.09258556365967,"Unknown"
"7014852",371861,2025-09-01 08:44:09,43.1829948425293,-9.09261798858643,"Unknown"
"7014852",371861,2025-09-01 08:49:09,43.1830673217773,-9.09247589111328,"Unknown"
"7014852",371861,2025-09-01 08:54:11,43.1834831237793,-9.09285736083984,"Unknown"
"7014852",371861,2025-09-01 08:59:19,43.1833381652832,-9.0928430557251,"Unknown"
"7014852",371861,2025-09-01 09:04:17,43.1833877563477,-9.09283638000488,"Unknown"
"7014852",371861,2025-09-01 09:09:10,43.1830406188965,-9.09232521057129,"Unknown"
"7014852",371861,2025-09-01 09:14:10,43.182804107666,-9.09244346618652,"Unknown"
"7014852",371861,2025-09-01 09:19:13,43.1829261779785,-9.09252643585205,"Unknown"
"7014852",371861,2025-09-01 09:24:15,43.1828079223633,-9.09236145019531,"Unknown"
"7014852",371861,2025-09-01 09:29:12,43.1829109191895,-9.0924072265625,"Unknown"
"7014852",371861,2025-09-01 09:34:19,43.1828956604004,-9.09242630004883,"Unknown"
"7014852",371861,2025-09-01 09:39:12,43.1831741333008,-9.09274005889893,"Unknown"
"7014852",371861,2025-09-01 09:44:35,43.1831512451172,-9.09264850616455,"Unknown"
"7014852",371861,2025-09-01 09:49:11,43.1830406188965,-9.09276580810547,"Unknown"
"7014852",371861,2025-09-01 09:54:11,43.1831588745117,-9.09251308441162,"Unknown"
"7014852",371861,2025-09-01 09:59:14,43.1833152770996,-9.09259510040283,"Unknown"
"7014852",371861,2025-09-01 10:04:22,43.1829071044922,-9.0924186706543,"Unknown"
"7014852",371861,2025-09-01 10:09:10,43.1830406188965,-9.09257125854492,"Unknown"
"7014852",371861,2025-09-01 10:14:09,43.1831550598145,-9.09271240234375,"Unknown"
"7014852",371861,2025-09-01 10:19:16,43.1831970214844,-9.09247303009033,"Unknown"
"7014852",371861,2025-09-01 10:24:09,43.1831092834473,-9.09256744384766,"Unknown"
"7014852",371861,2025-09-01 10:29:12,43.1831665039062,-9.09281730651855,"Unknown"
"7014852",371861,2025-09-01 10:34:10,43.1831932067871,-9.0927038192749,"Unknown"
"7014852",371861,2025-09-01 10:39:12,43.1831092834473,-9.09246826171875,"Unknown"
"7014852",371861,2025-09-01 10:44:35,43.1831016540527,-9.0924129486084,"Unknown"
"7014852",371861,2025-09-01 10:49:09,43.1832389831543,-9.09230804443359,"Unknown"
"7014852",371861,2025-09-01 10:54:09,43.1829986572266,-9.09255218505859,"Unknown"
"7014852",371861,2025-09-01 10:59:11,43.1836624145508,-9.09274578094482,"Unknown"
"7014852",371861,2025-09-01 11:04:13,43.1833038330078,-9.09272003173828,"Unknown"
"7014852",371861,2025-09-01 11:09:39,43.1834259033203,-9.09262657165527,"Unknown"
"7014852",371861,2025-09-01 11:14:13,43.1829872131348,-9.09241008758545,"Unknown"
"7014852",371861,2025-09-01 11:19:11,43.1836585998535,-9.09316444396973,"Unknown"
"7014852",371861,2025-09-01 11:24:11,43.1858825683594,-9.10459041595459,"Unknown"
"7014852",371861,2025-09-01 11:29:12,43.185661315918,-9.10539245605469,"Unknown"
"7014852",371861,2025-09-01 11:34:13,43.1854858398438,-9.10551071166992,"Unknown"
"7014852",371861,2025-09-01 11:39:19,43.185489654541,-9.10555744171143,"Unknown"
"7014852",371861,2025-09-01 11:44:35,43.1854515075684,-9.10540294647217,"Unknown"
"7014852",371861,2025-09-01 11:49:17,43.1853828430176,-9.10537242889404,"Unknown"
"7014852",371861,2025-09-01 11:54:18,43.1854820251465,-9.10554313659668,"Unknown"
"7014852",371861,2025-09-01 11:59:17,43.1855621337891,-9.10539150238037,"Unknown"
"7014852",371861,2025-09-01 12:04:16,43.1854667663574,-9.10554027557373,"Unknown"
"7014852",371861,2025-09-01 12:09:15,43.1854515075684,-9.10552883148193,"Unknown"
"7014852",371861,2025-09-01 12:14:14,43.1852073669434,-9.10492515563965,"Unknown"
"7014852",371861,2025-09-01 12:19:13,43.1839447021484,-9.09244918823242,"Unknown"
"7014852",371861,2025-09-01 12:24:12,43.1838531494141,-9.09318065643311,"Unknown"
"7014852",371861,2025-09-01 12:29:15,43.1837120056152,-9.09315586090088,"Unknown"
"7014852",371861,2025-09-01 12:34:22,43.1832733154297,-9.09286499023438,"Unknown"
"7014852",371861,2025-09-01 12:39:18,43.1834373474121,-9.09354209899902,"Unknown"
"7014852",371861,2025-09-01 12:44:35,43.1831092834473,-9.09266185760498,"Unknown"
"7014852",371861,2025-09-01 12:49:10,43.1831398010254,-9.09271049499512,"Unknown"
"7014852",371861,2025-09-01 12:54:10,43.1831321716309,-9.09273147583008,"Unknown"
"7014852",371861,2025-09-01 12:59:12,43.1831398010254,-9.0927038192749,"Unknown"
"7014852",371861,2025-09-01 13:04:11,43.1831321716309,-9.09265995025635,"Unknown"
"7014852",371861,2025-09-01 13:10:07,43.1836585998535,-9.09287071228027,"Unknown"
"7014852",371861,2025-09-01 13:14:55,43.1860961914062,-9.09153842926025,"Unknown"
"7014852",371861,2025-09-01 13:19:12,43.1861572265625,-9.09081840515137,"Unknown"
"7014852",371861,2025-09-01 13:24:12,43.1860885620117,-9.0913200378418,"Unknown"
"7014852",371861,2025-09-01 13:29:13,43.1863632202148,-9.09139251708984,"Unknown"
"7014852",371861,2025-09-01 13:34:14,43.1862640380859,-9.09127998352051,"Unknown"
"7014852",371861,2025-09-01 13:39:44,43.1861610412598,-9.09140968322754,"Unknown"
"7014852",371861,2025-09-01 13:44:12,43.186164855957,-9.09121322631836,"Unknown"
"7014852",371861,2025-09-01 13:49:13,43.1860160827637,-9.09064197540283,"Unknown"
"7014852",371861,2025-09-01 13:54:12,43.1864356994629,-9.09142303466797,"Unknown"
"7014852",371861,2025-09-01 13:59:15,43.1867218017578,-9.09175777435303,"Unknown"
"7014852",371861,2025-09-01 14:04:35,43.1860542297363,-9.09085559844971,"Unknown"
"7014852",371861,2025-09-01 14:09:12,43.1854782104492,-9.09132385253906,"Unknown"
"7014852",371861,2025-09-01 14:14:13,43.1862258911133,-9.09179592132568,"Unknown"
"7014852",371861,2025-09-01 14:19:24,43.1860008239746,-9.09104442596436,"Unknown"
"7014852",371861,2025-09-01 14:24:15,43.1861457824707,-9.09128856658936,"Unknown"
"7014852",371861,2025-09-01 14:29:13,43.1860084533691,-9.09044170379639,"Unknown"
"7014852",371861,2025-09-01 14:34:16,43.1848983764648,-9.09157943725586,"Unknown"
"7014852",371861,2025-09-01 14:39:17,43.1853103637695,-9.09259033203125,"Unknown"
"7014852",371861,2025-09-01 14:44:16,43.1849670410156,-9.09086227416992,"Unknown"
"7014852",371861,2025-09-01 14:49:15,43.1844444274902,-9.090012550354,"Unknown"
"7014852",371861,2025-09-01 14:54:15,43.184871673584,-9.09092140197754,"Unknown"
"7014852",371861,2025-09-01 14:59:21,43.1843872070312,-9.09326648712158,"Unknown"
"7014852",371861,2025-09-01 15:05:35,43.183219909668,-9.0925407409668,"Unknown"
"7014852",371861,2025-09-01 15:09:15,43.1829261779785,-9.09219455718994,"Unknown"
"7014852",371861,2025-09-01 15:14:17,43.1831893920898,-9.09292030334473,"Unknown"
"7014852",371861,2025-09-01 15:19:17,43.1827812194824,-9.09191703796387,"Unknown"
"7014852",371861,2025-09-01 15:24:18,43.1872100830078,-9.09893703460693,"Unknown"
"7014852",371861,2025-09-01 15:29:17,43.1907234191895,-9.09805393218994,"Unknown"
"7014852",371861,2025-09-01 15:34:16,43.1907806396484,-9.09781837463379,"Unknown"
"7014852",371861,2025-09-01 15:39:16,43.1906967163086,-9.09770202636719,"Unknown"
"7014852",371861,2025-09-01 15:44:14,43.1904220581055,-9.09762573242188,"Unknown"
"7014852",371861,2025-09-01 15:49:15,43.187198638916,-9.09892749786377,"Unknown"
"7014852",371861,2025-09-01 15:54:17,43.1908111572266,-9.09754371643066,"Unknown"
"7014852",371861,2025-09-01 15:59:16,43.1909828186035,-9.09791469573975,"Unknown"
"7014852",371861,2025-09-01 16:04:24,43.1911659240723,-9.0981388092041,"Unknown"
"7014852",371861,2025-09-01 16:09:12,43.191089630127,-9.09801864624023,"Unknown"
"7014852",371861,2025-09-01 16:14:24,43.1911964416504,-9.09816455841064,"Unknown"
"7014852",371861,2025-09-01 16:19:13,43.1912231445312,-9.09821701049805,"Unknown"
"7014852",371861,2025-09-01 16:24:26,43.1912002563477,-9.09816551208496,"Unknown"
"7014852",371861,2025-09-01 16:29:25,43.1912231445312,-9.09823989868164,"Unknown"
"7014852",371861,2025-09-01 16:34:25,43.1911849975586,-9.09815692901611,"Unknown"
"7014852",371861,2025-09-01 16:39:35,43.1911811828613,-9.09814834594727,"Unknown"
"7014852",371861,2025-09-01 16:44:11,43.1911201477051,-9.09813499450684,"Unknown"
"7014852",371861,2025-09-01 16:49:19,43.1911735534668,-9.09815883636475,"Unknown"
"7014852",371861,2025-09-01 16:54:14,43.1910820007324,-9.09801769256592,"Unknown"
"7014852",371861,2025-09-01 16:59:16,43.1912269592285,-9.09825801849365,"Unknown"
"7014852",371861,2025-09-01 17:04:13,43.1909828186035,-9.09767150878906,"Unknown"
"7014852",371861,2025-09-01 17:09:15,43.191234588623,-9.09817409515381,"Unknown"
"7014852",371861,2025-09-01 17:14:14,43.1912612915039,-9.09814357757568,"Unknown"
"7014852",371861,2025-09-01 17:19:14,43.1911315917969,-9.09815216064453,"Unknown"
"7014852",371861,2025-09-01 17:24:13,43.1907615661621,-9.09795570373535,"Unknown"
"7014852",371861,2025-09-01 17:29:13,43.1911468505859,-9.09821796417236,"Unknown"
"7014852",371861,2025-09-01 17:34:13,43.1910285949707,-9.09792613983154,"Unknown"
"7014852",371861,2025-09-01 17:39:14,43.1911125183105,-9.09826564788818,"Unknown"
"7014852",371861,2025-09-01 17:44:13,43.1910514831543,-9.09803581237793,"Unknown"
"7014852",371861,2025-09-01 17:49:14,43.1908264160156,-9.0977783203125,"Unknown"
"7014852",371861,2025-09-01 17:54:13,43.191032409668,-9.09808444976807,"Unknown"
"7014852",371861,2025-09-01 17:59:15,43.1909484863281,-9.09801769256592,"Unknown"
"7014852",371861,2025-09-01 18:04:14,43.1909713745117,-9.09793567657471,"Unknown"
"7014852",371861,2025-09-01 18:09:34,43.1909675598145,-9.09792709350586,"Unknown"
"7014852",371861,2025-09-01 18:14:12,43.1909599304199,-9.09792041778564,"Unknown"
"7014852",371861,2025-09-01 18:19:12,43.1909675598145,-9.09790420532227,"Unknown"
"7014852",371861,2025-09-01 18:24:13,43.1909255981445,-9.09788417816162,"Unknown"
"7014852",371861,2025-09-01 18:29:12,43.1910095214844,-9.09789848327637,"Unknown"
"7014852",371861,2025-09-01 18:34:13,43.1908836364746,-9.0979471206665,"Unknown"
"7014852",371861,2025-09-01 18:39:12,43.1909713745117,-9.09790134429932,"Unknown"
"7014852",371861,2025-09-01 18:44:12,43.19091796875,-9.09787750244141,"Unknown"
"7014852",371861,2025-09-01 18:49:12,43.1909408569336,-9.0978832244873,"Unknown"
"7014852",371861,2025-09-01 18:54:12,43.1909828186035,-9.09793472290039,"Unknown"
"7014852",371861,2025-09-01 18:59:12,43.1909675598145,-9.09803676605225,"Unknown"
"7014852",371861,2025-09-01 19:04:12,43.1909561157227,-9.09786415100098,"Unknown"
"7014852",371861,2025-09-01 19:09:12,43.1910171508789,-9.09789657592773,"Unknown"
"7014852",371861,2025-09-01 19:14:17,43.1908950805664,-9.0979118347168,"Unknown"
"7014852",371861,2025-09-01 19:19:22,43.1908340454102,-9.09799385070801,"Unknown"
"7014852",371861,2025-09-01 19:24:13,43.1913261413574,-9.09821128845215,"Unknown"
"7014852",371861,2025-09-01 19:29:16,43.1913528442383,-9.09838199615479,"Unknown"
"7014852",371861,2025-09-01 19:34:12,43.2015190124512,-9.09392547607422,"Unknown"
"7014852",371861,2025-09-01 19:39:13,43.2302894592285,-9.04323387145996,"Unknown"
"7014852",371861,2025-09-01 19:44:13,43.2714424133301,-8.99819564819336,"Unknown"
"7014852",371861,2025-09-01 19:49:52,43.3129997253418,-8.94107151031494,"Unknown"
"7014852",371861,2025-09-02 00:50:23,43.3602676391602,-8.8413200378418,"Unknown"
"7014852",371861,2025-09-02 06:06:52,43.3200149536133,-8.8986349105835,"Unknown"
"7014852",371861,2025-09-02 06:10:28,43.3185958862305,-8.91221714019775,"Unknown"
"7014852",371861,2025-09-02 06:15:28,43.3041534423828,-8.90834045410156,"Unknown"
"7014852",371861,2025-09-02 06:20:28,43.2956199645996,-8.91783237457275,"Unknown"
"7014852",371861,2025-09-02 06:25:28,43.2853050231934,-8.93341159820557,"Unknown"
"7014852",371861,2025-09-02 06:30:28,43.2914199829102,-8.95923328399658,"Unknown"
"7014852",371861,2025-09-02 06:35:28,43.2852973937988,-8.975905418396,"Unknown"
"7014852",371861,2025-09-02 06:40:29,43.2725296020508,-8.98651313781738,"Unknown"
"7014852",371861,2025-09-02 06:45:36,43.2637023925781,-8.97688961029053,"Unknown"
"7014852",371861,2025-09-02 06:50:36,43.2639350891113,-8.97736930847168,"Unknown"
"7014852",371861,2025-09-02 06:55:32,43.2629203796387,-8.97588062286377,"Unknown"
"7014852",371861,2025-09-02 07:00:36,43.2633666992188,-8.97643089294434,"Unknown"
"7014852",371861,2025-09-02 07:05:29,43.2498359680176,-8.98734569549561,"Unknown"
"7014852",371861,2025-09-02 07:10:42,43.2377128601074,-9.00231266021729,"Unknown"
"7014852",371861,2025-09-02 07:15:29,43.2276725769043,-9.00976467132568,"Unknown"
"7014852",371861,2025-09-02 07:20:37,43.2228584289551,-9.01570892333984,"Unknown"
"7014852",371861,2025-09-02 07:25:31,43.2156829833984,-9.01954460144043,"Unknown"
"7014852",371861,2025-09-02 07:30:35,43.215690612793,-9.01958179473877,"Unknown"
"7014852",371861,2025-09-02 07:35:28,43.215705871582,-9.01955890655518,"Unknown"
"7014852",371861,2025-09-02 07:40:45,43.2157745361328,-9.01959419250488,"Unknown"
"7014852",371861,2025-09-02 07:45:30,43.2155342102051,-9.01967716217041,"Unknown"
"7014852",371861,2025-09-02 07:50:36,43.2156600952148,-9.01944065093994,"Unknown"
"7014852",371861,2025-09-02 07:55:31,43.2156562805176,-9.01955032348633,"Unknown"
"7014852",371861,2025-09-02 08:00:28,43.2157020568848,-9.01948738098145,"Unknown"
"7014852",371861,2025-09-02 08:05:31,43.2155647277832,-9.0196533203125,"Unknown"
"7014852",371861,2025-09-02 08:10:30,43.2154388427734,-9.01986026763916,"Unknown"
"7014852",371861,2025-09-02 08:15:30,43.2155265808105,-9.01980686187744,"Unknown"
"7014852",371861,2025-09-02 08:20:36,43.2165374755859,-9.02311420440674,"Unknown"
"7014852",371861,2025-09-02 08:25:32,43.2068710327148,-9.03900527954102,"Unknown"
"7014852",371861,2025-09-02 08:40:45,43.1831817626953,-9.09236335754395,"Unknown"
"7014852",371861,2025-09-02 08:45:36,43.1835823059082,-9.09281063079834,"Unknown"
"7014852",371861,2025-09-02 08:50:36,43.1832656860352,-9.09276103973389,"Unknown"
"7014852",371861,2025-09-02 08:55:37,43.1828269958496,-9.09325504302979,"Unknown"
"7014852",371861,2025-09-02 09:00:44,43.1833610534668,-9.09257030487061,"Unknown"
"7014852",371861,2025-09-02 09:05:35,43.1830291748047,-9.09234237670898,"Unknown"
"7014852",371861,2025-09-02 09:10:36,43.1830711364746,-9.09246635437012,"Unknown"
"7014852",371861,2025-09-02 09:15:35,43.1830177307129,-9.09236240386963,"Unknown"
"7014852",371861,2025-09-02 09:20:34,43.1831970214844,-9.09258270263672,"Unknown"
"7014852",371861,2025-09-02 09:25:37,43.1833419799805,-9.09250545501709,"Unknown"
"7014852",371861,2025-09-02 09:30:36,43.1830940246582,-9.09289073944092,"Unknown"
"7014852",371861,2025-09-02 09:35:49,43.1831283569336,-9.09266185760498,"Unknown"
"7014852",371861,2025-09-02 09:40:36,43.1830978393555,-9.09213161468506,"Unknown"
"7014852",371861,2025-09-02 09:46:05,43.1830368041992,-9.09250831604004,"Unknown"
"7014852",371861,2025-09-02 09:50:36,43.1829986572266,-9.09250736236572,"Unknown"
"7014852",371861,2025-09-02 09:55:30,43.1830406188965,-9.09254264831543,"Unknown"
"7014852",371861,2025-09-02 10:00:34,43.1830940246582,-9.09244441986084,"Unknown"
"7014852",371861,2025-09-02 10:05:30,43.1832237243652,-9.09266757965088,"Unknown"
"7014852",371861,2025-09-02 10:10:45,43.1835556030273,-9.09281921386719,"Unknown"
"7014852",371861,2025-09-02 10:15:30,43.1835670471191,-9.09285736083984,"Unknown"
"7014852",371861,2025-09-02 10:20:28,43.1842422485352,-9.09279727935791,"Unknown"
"7014852",371861,2025-09-02 10:25:31,43.1839561462402,-9.09303855895996,"Unknown"
"7014852",371861,2025-09-02 10:30:37,43.1839332580566,-9.09285449981689,"Unknown"
"7014852",371861,2025-09-02 10:35:34,43.1840209960938,-9.09300136566162,"Unknown"
"7014852",371861,2025-09-02 10:40:41,43.1840591430664,-9.09320163726807,"Unknown"
"7014852",371861,2025-09-02 10:45:29,43.183765411377,-9.09317779541016,"Unknown"
"7014852",371861,2025-09-02 10:50:32,43.1841850280762,-9.09342670440674,"Unknown"
"7014852",371861,2025-09-02 10:55:39,43.1838111877441,-9.09303855895996,"Unknown"
"7014852",371861,2025-09-02 11:01:40,43.1831932067871,-9.09211730957031,"Unknown"
"7014852",371861,2025-09-02 11:06:19,43.1832237243652,-9.0926628112793,"Unknown"
"7014852",371861,2025-09-02 11:10:30,43.1839294433594,-9.09313488006592,"Unknown"
"7014852",371861,2025-09-02 11:15:34,43.1840171813965,-9.09303188323975,"Unknown"
"7014852",371861,2025-09-02 11:20:29,43.1841201782227,-9.09311962127686,"Unknown"
"7014852",371861,2025-09-02 11:25:32,43.1841888427734,-9.09327220916748,"Unknown"
"7014852",371861,2025-09-02 11:30:38,43.1839790344238,-9.09302234649658,"Unknown"
"7014852",371861,2025-09-02 11:35:44,43.1840286254883,-9.09299087524414,"Unknown"
"7014852",371861,2025-09-02 11:40:33,43.1839408874512,-9.09293746948242,"Unknown"
"7014852",371861,2025-09-02 11:45:33,43.1838035583496,-9.09238147735596,"Unknown"
"7014852",371861,2025-09-02 11:51:33,43.183536529541,-9.09190368652344,"Unknown"
"7014852",371861,2025-09-02 11:55:33,43.1845207214355,-9.09314632415771,"Unknown"
"7014852",371861,2025-09-02 12:00:32,43.1846733093262,-9.09296417236328,"Unknown"
"7014852",371861,2025-09-02 12:05:39,43.1847991943359,-9.09331893920898,"Unknown"
"7014852",371861,2025-09-02 12:10:33,43.1849327087402,-9.09359645843506,"Unknown"
"7014852",371861,2025-09-02 12:15:44,43.1912727355957,-9.09813594818115,"Unknown"
"7014852",371861,2025-09-02 12:20:29,43.1912460327148,-9.0980806350708,"Unknown"
"7014852",371861,2025-09-02 12:25:29,43.1912460327148,-9.09814453125,"Unknown"
"7014852",371861,2025-09-02 12:30:29,43.1913261413574,-9.09825134277344,"Unknown"
"7014852",371861,2025-09-02 12:35:30,43.1912612915039,-9.09804058074951,"Unknown"
"7014852",371861,2025-09-02 12:40:29,43.1912498474121,-9.09816551208496,"Unknown"
"7014852",371861,2025-09-02 12:46:05,43.1912574768066,-9.09816837310791,"Unknown"
"7014852",371861,2025-09-02 12:50:44,43.1912384033203,-9.09815406799316,"Unknown"
"7014852",371861,2025-09-02 12:55:31,43.1912384033203,-9.09816265106201,"Unknown"
"7014852",371861,2025-09-02 13:00:29,43.1912536621094,-9.09807968139648,"Unknown"
"7014852",371861,2025-09-02 13:05:29,43.191219329834,-9.09811878204346,"Unknown"
"7014852",371861,2025-09-02 13:10:29,43.1913795471191,-9.09827327728271,"Unknown"
"7014852",371861,2025-09-02 13:15:29,43.1913909912109,-9.0982608795166,"Unknown"
"7014852",371861,2025-09-02 13:20:30,43.1914558410645,-9.09824085235596,"Unknown"
"7014852",371861,2025-09-02 13:25:31,43.1914215087891,-9.09833812713623,"Unknown"
"7014852",371861,2025-09-02 13:30:34,43.1913986206055,-9.0983247756958,"Unknown"
"7014852",371861,2025-09-02 13:35:36,43.1914100646973,-9.09834575653076,"Unknown"
"7014852",371861,2025-09-02 13:40:38,43.1914176940918,-9.09836578369141,"Unknown"
"7014852",371861,2025-09-02 13:45:44,43.1882133483887,-9.09929084777832,"Unknown"
"7014852",371861,2025-09-02 13:51:05,43.1875762939453,-9.09955787658691,"Unknown"
"7014852",371861,2025-09-02 13:55:33,43.1871795654297,-9.09943008422852,"Unknown"
"7014852",371861,2025-09-02 14:00:31,43.1873626708984,-9.09991264343262,"Unknown"
"7014852",371861,2025-09-02 14:05:32,43.187572479248,-9.09986972808838,"Unknown"
"7014852",371861,2025-09-02 14:10:32,43.191535949707,-9.09818363189697,"Unknown"
"7014852",371861,2025-09-02 14:15:32,43.1916236877441,-9.09836196899414,"Unknown"
"7014852",371861,2025-09-02 14:20:32,43.1916427612305,-9.09847354888916,"Unknown"
"7014852",371861,2025-09-02 14:25:40,43.1916084289551,-9.09823799133301,"Unknown"
"7014852",371861,2025-09-02 14:30:38,43.1915283203125,-9.09841918945312,"Unknown"
"7014852",371861,2025-09-02 14:35:31,43.1915092468262,-9.0984354019165,"Unknown"
"7014852",371861,2025-09-02 14:40:30,43.1914939880371,-9.09828567504883,"Unknown"
"7014852",371861,2025-09-02 14:45:44,43.1914329528809,-9.09827041625977,"Unknown"
"7014852",371861,2025-09-02 14:50:32,43.1915168762207,-9.09834671020508,"Unknown"
"7014852",371861,2025-09-02 14:55:32,43.191535949707,-9.098388671875,"Unknown"
"7014852",371861,2025-09-02 15:01:14,43.1913528442383,-9.09846687316895,"Unknown"
"7014852",371861,2025-09-02 15:05:34,43.1894607543945,-9.09681034088135,"Unknown"
"7014852",371861,2025-09-02 15:10:44,43.1838455200195,-9.09319591522217,"Unknown"
"7014852",371861,2025-09-02 15:15:31,43.1838798522949,-9.09319019317627,"Unknown"
"7014852",371861,2025-09-02 15:20:29,43.1838111877441,-9.09316158294678,"Unknown"
"7014852",371861,2025-09-02 15:25:29,43.1838798522949,-9.09322929382324,"Unknown"
"7014852",371861,2025-09-02 15:30:29,43.1838417053223,-9.09322452545166,"Unknown"
"7014852",371861,2025-09-02 15:35:29,43.1838340759277,-9.09295845031738,"Unknown"
"7014852",371861,2025-09-02 15:40:29,43.1839714050293,-9.09322834014893,"Unknown"
"7014852",371861,2025-09-02 15:45:44,43.1838836669922,-9.09329032897949,"Unknown"
"7014852",371861,2025-09-02 15:50:29,43.1838150024414,-9.09316921234131,"Unknown"
"7014852",371861,2025-09-02 15:55:33,43.1838607788086,-9.09321212768555,"Unknown"
"7014852",371861,2025-09-02 16:00:32,43.1830368041992,-9.09238433837891,"Unknown"
"7014852",371861,2025-09-02 16:05:30,43.1832046508789,-9.09265327453613,"Unknown"
"7014852",371861,2025-09-02 16:10:32,43.1836929321289,-9.09250736236572,"Unknown"
"7014852",371861,2025-09-02 16:15:39,43.1836395263672,-9.09265422821045,"Unknown"
"7014852",371861,2025-09-02 16:20:39,43.1835784912109,-9.09286499023438,"Unknown"
"7014852",371861,2025-09-02 16:25:39,43.1837310791016,-9.0924129486084,"Unknown"
"7014852",371861,2025-09-02 16:30:45,43.1876411437988,-9.09949684143066,"Unknown"
"7014852",371861,2025-09-02 16:35:29,43.1910018920898,-9.09555244445801,"Unknown"
"7014852",371861,2025-09-02 16:40:37,43.1914176940918,-9.09771919250488,"Unknown"
"7014852",371861,2025-09-02 16:45:34,43.1913299560547,-9.09766101837158,"Unknown"
"7014852",371861,2025-09-02 16:50:34,43.1913871765137,-9.09748363494873,"Unknown"
"7014852",371861,2025-09-02 16:55:36,43.1912460327148,-9.09743976593018,"Unknown"
"7014852",371861,2025-09-02 17:00:34,43.19140625,-9.09774589538574,"Unknown"
"7014852",371861,2025-09-02 17:05:52,43.1914329528809,-9.09778594970703,"Unknown"
"7014852",371861,2025-09-02 17:11:05,43.1914215087891,-9.09785079956055,"Unknown"
"7014852",371861,2025-09-02 17:15:29,43.1915473937988,-9.09785079956055,"Unknown"
"7014852",371861,2025-09-02 17:20:29,43.1914367675781,-9.09785747528076,"Unknown"
"7014852",371861,2025-09-02 17:25:29,43.1914443969727,-9.09788036346436,"Unknown"
"7014852",371861,2025-09-02 17:30:30,43.1914024353027,-9.09806251525879,"Unknown"
"7014852",371861,2025-09-02 17:35:29,43.1913833618164,-9.09805488586426,"Unknown"
"7014852",371861,2025-09-02 17:40:29,43.1913909912109,-9.09814071655273,"Unknown"
"7014852",371861,2025-09-02 17:45:29,43.1914329528809,-9.09805965423584,"Unknown"
"7014852",371861,2025-09-02 17:50:29,43.1914176940918,-9.09804725646973,"Unknown"
"7014852",371861,2025-09-02 17:55:29,43.1913948059082,-9.09807014465332,"Unknown"
"7014852",371861,2025-09-02 18:00:30,43.1914482116699,-9.09806442260742,"Unknown"
"7014852",371861,2025-09-02 18:05:29,43.1913871765137,-9.0980396270752,"Unknown"
"7014852",371861,2025-09-02 18:10:29,43.1913871765137,-9.09807777404785,"Unknown"
"7014852",371861,2025-09-02 18:15:30,43.1914100646973,-9.09806060791016,"Unknown"
"7014852",371861,2025-09-02 18:20:29,43.1913871765137,-9.09803104400635,"Unknown"
"7014852",371861,2025-09-02 18:25:29,43.1914024353027,-9.09812641143799,"Unknown"
"7014852",371861,2025-09-02 18:30:29,43.1914367675781,-9.09806251525879,"Unknown"
"7014852",371861,2025-09-02 18:35:32,43.1914291381836,-9.09798336029053,"Unknown"
"7014852",371861,2025-09-02 18:40:30,43.1914291381836,-9.09806346893311,"Unknown"
"7014852",371861,2025-09-02 18:45:29,43.1914482116699,-9.09810924530029,"Unknown"
"7014852",371861,2025-09-02 18:50:31,43.1914367675781,-9.0981388092041,"Unknown"
"7014852",371861,2025-09-02 18:55:32,43.1915969848633,-9.09828567504883,"Unknown"
"7014852",371861,2025-09-02 19:00:33,43.1914710998535,-9.09816837310791,"Unknown"
"7014852",371861,2025-09-02 19:05:31,43.1915397644043,-9.09825992584229,"Unknown"
"7014852",371861,2025-09-02 19:10:30,43.19140625,-9.09802722930908,"Unknown"
"7014852",371861,2025-09-02 19:15:32,43.1911659240723,-9.0977668762207,"Unknown"
"7014852",371861,2025-09-02 19:20:32,43.1916007995605,-9.09823417663574,"Unknown"
"7014852",371861,2025-09-02 19:25:33,43.1913032531738,-9.0978422164917,"Unknown"
"7014852",371861,2025-09-02 19:30:36,43.191478729248,-9.0980978012085,"Unknown"
"7014852",371861,2025-09-02 19:35:40,43.1913261413574,-9.09811019897461,"Unknown"
"7014852",371861,2025-09-02 19:40:30,43.2020492553711,-9.08721160888672,"Unknown"
"7014852",371861,2025-09-02 19:45:30,43.2196159362793,-9.03517436981201,"Unknown"
"7014852",371861,2025-09-02 19:48:07,43.2384605407715,-9.01560878753662,"Unknown"
"7014852",371861,2025-09-03 00:48:36,43.3603744506836,-8.84128761291504,"Unknown"
"7014852",371861,2025-09-03 06:07:29,43.3225555419922,-8.8130054473877,"Unknown"
"7014852",371861,2025-09-03 06:11:54,43.3225975036621,-8.81298542022705,"Unknown"
"7014852",371861,2025-09-03 06:16:56,43.3225631713867,-8.81300163269043,"Unknown"
"7014852",371861,2025-09-03 06:21:55,43.3226547241211,-8.81317710876465,"Unknown"
"7014852",371861,2025-09-03 06:26:56,43.3226661682129,-8.8123893737793,"Unknown"
"7014852",371861,2025-09-03 06:31:55,43.322639465332,-8.81296157836914,"Unknown"
"7014852",371861,2025-09-03 06:36:55,43.3139495849609,-8.78954696655273,"Unknown"
"7014852",371861,2025-09-03 06:41:54,43.3037757873535,-8.74420547485352,"Unknown"
"7014852",371861,2025-09-03 06:46:55,43.2988204956055,-8.72099590301514,"Unknown"
"7014852",371861,2025-09-03 06:51:55,43.2928161621094,-8.69572830200195,"Unknown"
"7014852",371861,2025-09-03 06:56:58,43.2968711853027,-8.66720390319824,"Unknown"
"7014852",371861,2025-09-03 07:01:56,43.2972831726074,-8.66735935211182,"Unknown"
"7014852",371861,2025-09-03 07:06:55,43.2973098754883,-8.66747379302979,"Unknown"
"7014852",371861,2025-09-03 07:11:56,43.2973289489746,-8.66757774353027,"Unknown"
"7014852",371861,2025-09-03 07:16:54,43.3090286254883,-8.64194869995117,"Unknown"
"7014852",371861,2025-09-03 07:21:54,43.3249206542969,-8.56403827667236,"Unknown"
"7014852",371861,2025-09-03 07:26:57,43.3492164611816,-8.5223560333252,"Unknown"
"7014852",371861,2025-09-03 07:31:54,43.3508071899414,-8.50767421722412,"Unknown"
"7014852",371861,2025-09-03 07:37:04,43.350456237793,-8.50789070129395,"Unknown"
"7014852",371861,2025-09-03 07:41:57,43.3501472473145,-8.5071325302124,"Unknown"
"7014852",371861,2025-09-03 07:46:55,43.3496398925781,-8.50764751434326,"Unknown"
"7014852",371861,2025-09-03 07:52:00,43.3502883911133,-8.5077953338623,"Unknown"
"7014852",371861,2025-09-03 07:57:08,43.3491973876953,-8.50759410858154,"Unknown"
"7014852",371861,2025-09-03 08:02:20,43.3493118286133,-8.50916290283203,"Unknown"
"7014852",371861,2025-09-03 08:06:56,43.3352355957031,-8.50862884521484,"Unknown"
"7014852",371861,2025-09-03 08:11:54,43.3277015686035,-8.51138210296631,"Unknown"
"7014852",371861,2025-09-03 08:16:55,43.3280792236328,-8.51137161254883,"Unknown"
"7014852",371861,2025-09-03 08:21:57,43.3281211853027,-8.51123428344727,"Unknown"
"7014852",371861,2025-09-03 08:26:56,43.328125,-8.51120948791504,"Unknown"
"7014852",371861,2025-09-03 08:31:55,43.3236236572266,-8.51079082489014,"Unknown"
"7014852",371861,2025-09-03 08:36:57,43.315860748291,-8.50668048858643,"Unknown"
"7014852",371861,2025-09-03 08:41:57,43.3158531188965,-8.50665092468262,"Unknown"
"7014852",371861,2025-09-03 08:47:15,43.3159713745117,-8.50644493103027,"Unknown"
"7014852",371861,2025-09-03 08:51:54,43.3160133361816,-8.50630664825439,"Unknown"
"7014852",371861,2025-09-03 08:56:55,43.316032409668,-8.50641632080078,"Unknown"
"7014852",371861,2025-09-03 09:01:57,43.3160514831543,-8.50620365142822,"Unknown"
"7014852",371861,2025-09-03 09:06:58,43.3160820007324,-8.50634002685547,"Unknown"
"7014852",371861,2025-09-03 09:11:57,43.3160171508789,-8.50644302368164,"Unknown"
"7014852",371861,2025-09-03 09:17:07,43.3160247802734,-8.50637722015381,"Unknown"
"7014852",371861,2025-09-03 09:22:00,43.3160057067871,-8.50638771057129,"Unknown"
"7014852",371861,2025-09-03 09:26:57,43.3160133361816,-8.50647926330566,"Unknown"
"7014852",371861,2025-09-03 09:32:15,43.3159484863281,-8.50637340545654,"Unknown"
"7014852",371861,2025-09-03 09:36:58,43.3159332275391,-8.50579166412354,"Unknown"
"7014852",371861,2025-09-03 09:41:57,43.3159065246582,-8.50591278076172,"Unknown"
"7014852",371861,2025-09-03 09:47:05,43.3159294128418,-8.50645732879639,"Unknown"
"7014852",371861,2025-09-03 09:52:06,43.3159217834473,-8.50654602050781,"Unknown"
"7014852",371861,2025-09-03 09:57:07,43.3159370422363,-8.50649166107178,"Unknown"
"7014852",371861,2025-09-03 10:02:04,43.3159675598145,-8.50647258758545,"Unknown"
"7014852",371861,2025-09-03 10:07:00,43.3160972595215,-8.50767421722412,"Unknown"
"7014852",371861,2025-09-03 10:12:07,43.3159828186035,-8.50647640228271,"Unknown"
"7014852",371861,2025-09-03 10:17:08,43.317008972168,-8.50997829437256,"Unknown"
"7014852",371861,2025-09-03 10:22:07,43.3206443786621,-8.52848434448242,"Unknown"
"7014852",371861,2025-09-03 10:27:30,43.3108100891113,-8.54673480987549,"Unknown"
"7014852",371861,2025-09-03 10:32:59,43.3161964416504,-8.57684993743896,"Unknown"
"7014852",371861,2025-09-03 10:36:55,43.3171272277832,-8.59527778625488,"Unknown"
"7014852",371861,2025-09-03 10:41:56,43.3149032592773,-8.61930465698242,"Unknown"
"7014852",371861,2025-09-03 10:47:12,43.307056427002,-8.64126491546631,"Unknown"
"7014852",371861,2025-09-03 10:52:02,43.3015365600586,-8.65698623657227,"Unknown"
"7014852",371861,2025-09-03 10:57:07,43.2980613708496,-8.67226409912109,"Unknown"
"7014852",371861,2025-09-03 11:02:07,43.2964096069336,-8.68948841094971,"Unknown"
"7014852",371861,2025-09-03 11:07:07,43.2895622253418,-8.70508003234863,"Unknown"
"7014852",371861,2025-09-03 11:13:19,43.2981071472168,-8.72829246520996,"Unknown"
"7014852",371861,2025-09-03 11:17:33,43.2960357666016,-8.75277519226074,"Unknown"
"7014852",371861,2025-09-03 11:21:55,43.3015975952148,-8.77157783508301,"Unknown"
"7014852",371861,2025-09-03 11:27:00,43.3132286071777,-8.79385852813721,"Unknown"
"7014852",371861,2025-09-03 11:32:14,43.3221435546875,-8.80500221252441,"Unknown"
"7014852",371861,2025-09-03 11:36:59,43.3188667297363,-8.82431411743164,"Unknown"
"7014852",371861,2025-09-03 11:42:00,43.3140602111816,-8.84492874145508,"Unknown"
"7014852",371861,2025-09-03 11:47:29,43.3109130859375,-8.87261009216309,"Unknown"
"7014852",371861,2025-09-03 11:53:19,43.3207778930664,-8.90680694580078,"Unknown"
"7014852",371861,2025-09-03 11:57:28,43.3065376281738,-8.90675354003906,"Unknown"
"7014852",371861,2025-09-03 12:01:55,43.2957420349121,-8.91660499572754,"Unknown"
"7014852",371861,2025-09-03 12:06:56,43.2891044616699,-8.93901920318604,"Unknown"
"7014852",371861,2025-09-03 12:11:56,43.2880058288574,-8.96152400970459,"Unknown"
"7014852",371861,2025-09-03 12:16:55,43.2793846130371,-8.98320484161377,"Unknown"
"7014852",371861,2025-09-03 12:21:55,43.2609748840332,-8.98262405395508,"Unknown"
"7014852",371861,2025-09-03 12:26:55,43.2427406311035,-8.99094390869141,"Unknown"
"7014852",371861,2025-09-03 12:31:55,43.2319297790527,-9.00875473022461,"Unknown"
"7014852",371861,2025-09-03 12:36:55,43.2193412780762,-9.01881504058838,"Unknown"
"7014852",371861,2025-09-03 12:41:55,43.2103843688965,-9.0350227355957,"Unknown"
"7014852",371861,2025-09-03 12:46:55,43.1926803588867,-9.04379367828369,"Unknown"
"7014852",371861,2025-09-03 12:51:56,43.1849937438965,-9.06490230560303,"Unknown"
"7014852",371861,2025-09-03 12:56:55,43.1842460632324,-9.08306407928467,"Unknown"
"7014852",371861,2025-09-03 13:02:06,43.1830978393555,-9.09258651733398,"Unknown"
"7014852",371861,2025-09-03 13:07:05,43.1837196350098,-9.09293937683105,"Unknown"
"7014852",371861,2025-09-03 13:13:07,43.183235168457,-9.0926456451416,"Unknown"
"7014852",371861,2025-09-03 13:16:56,43.183536529541,-9.091796875,"Unknown"
"7014852",371861,2025-09-03 13:21:55,43.1849098205566,-9.09168529510498,"Unknown"
"7014852",371861,2025-09-03 13:27:00,43.1848297119141,-9.09186363220215,"Unknown"
"7014852",371861,2025-09-03 13:32:05,43.1847991943359,-9.09171867370605,"Unknown"
"7014852",371861,2025-09-03 13:36:57,43.1848335266113,-9.09183120727539,"Unknown"
"7014852",371861,2025-09-03 13:41:59,43.1850204467773,-9.09203624725342,"Unknown"
"7014852",371861,2025-09-03 13:46:58,43.1848411560059,-9.09201049804688,"Unknown"
"7014852",371861,2025-09-03 13:52:14,43.1847915649414,-9.09187412261963,"Unknown"
"7014852",371861,2025-09-03 13:56:55,43.1849479675293,-9.0916166305542,"Unknown"
"7014852",371861,2025-09-03 14:01:56,43.1847267150879,-9.09229469299316,"Unknown"
"7014852",371861,2025-09-03 14:06:55,43.1848182678223,-9.09199714660645,"Unknown"
"7014852",371861,2025-09-03 14:11:55,43.1855163574219,-9.09306716918945,"Unknown"
"7014852",371861,2025-09-03 14:16:58,43.1855735778809,-9.09276676177979,"Unknown"
"7014852",371861,2025-09-03 14:21:56,43.1869773864746,-9.09146213531494,"Unknown"
"7014852",371861,2025-09-03 14:26:56,43.1843109130859,-9.09310245513916,"Unknown"
"7014852",371861,2025-09-03 14:31:59,43.1824340820312,-9.09193897247314,"Unknown"
"7014852",371861,2025-09-03 14:36:59,43.1829948425293,-9.0927677154541,"Unknown"
"7014852",371861,2025-09-03 14:42:00,43.1824111938477,-9.09194183349609,"Unknown"
"7014852",371861,2025-09-03 14:48:19,43.1848640441895,-9.09165096282959,"Unknown"
"7014852",371861,2025-09-03 14:52:44,43.1824913024902,-9.09224605560303,"Unknown"
"7014852",371861,2025-09-03 14:56:58,43.1833000183105,-9.09355545043945,"Unknown"
"7014852",371861,2025-09-03 15:01:57,43.185245513916,-9.09124946594238,"Unknown"
"7014852",371861,2025-09-03 15:07:08,43.1851425170898,-9.09070777893066,"Unknown"
"7014852",371861,2025-09-03 15:12:29,43.1851348876953,-9.09083271026611,"Unknown"
"7014852",371861,2025-09-03 15:16:59,43.1851844787598,-9.09147071838379,"Unknown"
"7014852",371861,2025-09-03 15:22:11,43.1831283569336,-9.0924825668335,"Unknown"
"7014852",371861,2025-09-03 15:26:57,43.182502746582,-9.09188652038574,"Unknown"
"7014852",371861,2025-09-03 15:31:56,43.1822662353516,-9.09162712097168,"Unknown"
"7014852",371861,2025-09-03 15:36:56,43.1824607849121,-9.0922155380249,"Unknown"
"7014852",371861,2025-09-03 15:42:07,43.1822624206543,-9.09175109863281,"Unknown"
"7014852",371861,2025-09-03 15:47:14,43.1824989318848,-9.09181785583496,"Unknown"
"7014852",371861,2025-09-03 15:52:02,43.1827087402344,-9.0921516418457,"Unknown"
"7014852",371861,2025-09-03 15:56:57,43.1823196411133,-9.09157657623291,"Unknown"
"7014852",371861,2025-09-03 16:02:29,43.1824531555176,-9.09193134307861,"Unknown"
"7014852",371861,2025-09-03 16:07:29,43.1822853088379,-9.09171199798584,"Unknown"
"7014852",371861,2025-09-03 16:11:56,43.1834449768066,-9.09282302856445,"Unknown"
"7014852",371861,2025-09-03 16:16:55,43.1849594116211,-9.09240245819092,"Unknown"
"7014852",371861,2025-09-03 16:21:55,43.1840133666992,-9.09295463562012,"Unknown"
"7014852",371861,2025-09-03 16:26:55,43.1840896606445,-9.09306049346924,"Unknown"
"7014852",371861,2025-09-03 16:31:57,43.1829376220703,-9.09220027923584,"Unknown"
"7014852",371861,2025-09-03 16:36:55,43.1833915710449,-9.09277725219727,"Unknown"
"7014852",371861,2025-09-03 16:41:55,43.1830749511719,-9.09259223937988,"Unknown"
"7014852",371861,2025-09-03 16:47:14,43.1830902099609,-9.09271144866943,"Unknown"
"7014852",371861,2025-09-03 16:52:26,43.1831817626953,-9.09255695343018,"Unknown"
"7014852",371861,2025-09-03 16:57:02,43.1832466125488,-9.09279251098633,"Unknown"
"7014852",371861,2025-09-03 17:02:14,43.1830787658691,-9.09237861633301,"Unknown"
"7014852",371861,2025-09-03 17:06:55,43.1830902099609,-9.09257698059082,"Unknown"
"7014852",371861,2025-09-03 17:12:02,43.1831130981445,-9.09224605560303,"Unknown"
"7014852",371861,2025-09-03 17:17:00,43.1830253601074,-9.09245014190674,"Unknown"
"7014852",371861,2025-09-03 17:21:59,43.1827392578125,-9.09312534332275,"Unknown"
"7014852",371861,2025-09-03 17:27:27,43.1840171813965,-9.09233283996582,"Unknown"
"7014852",371861,2025-09-03 17:32:00,43.1840782165527,-9.09261417388916,"Unknown"
"7014852",371861,2025-09-03 17:36:58,43.185302734375,-9.0910005569458,"Unknown"
"7014852",371861,2025-09-03 17:41:58,43.1852378845215,-9.09176921844482,"Unknown"
"7014852",371861,2025-09-03 17:47:02,43.1851654052734,-9.09181022644043,"Unknown"
"7014852",371861,2025-09-03 17:51:57,43.1830520629883,-9.09218597412109,"Unknown"
"7014852",371861,2025-09-03 17:56:57,43.1833457946777,-9.09164810180664,"Unknown"
"7014852",371861,2025-09-03 18:01:57,43.1830787658691,-9.09293842315674,"Unknown"
"7014852",371861,2025-09-03 18:06:57,43.1831588745117,-9.09177780151367,"Unknown"
"7014852",371861,2025-09-03 18:11:56,43.1831398010254,-9.09263038635254,"Unknown"
"7014852",371861,2025-09-03 18:17:14,43.1840438842773,-9.0931224822998,"Unknown"
"7014852",371861,2025-09-03 18:21:57,43.18408203125,-9.09344100952148,"Unknown"
"7014852",371861,2025-09-03 18:26:57,43.1840972900391,-9.09304332733154,"Unknown"
"7014852",371861,2025-09-03 18:31:56,43.1841049194336,-9.09302616119385,"Unknown"
"7014852",371861,2025-09-03 18:36:59,43.1841926574707,-9.0935583114624,"Unknown"
"7014852",371861,2025-09-03 18:41:59,43.1857070922852,-9.09286308288574,"Unknown"
"7014852",371861,2025-09-03 18:47:15,43.1856575012207,-9.09268379211426,"Unknown"
"7014852",371861,2025-09-03 18:51:58,43.1857490539551,-9.09262084960938,"Unknown"
"7014852",371861,2025-09-03 18:57:14,43.1856575012207,-9.09266090393066,"Unknown"
"7014852",371861,2025-09-03 19:02:00,43.1855087280273,-9.09214115142822,"Unknown"
"7014852",371861,2025-09-03 19:07:07,43.1854782104492,-9.09268474578857,"Unknown"
"7014852",371861,2025-09-03 19:11:59,43.1855278015137,-9.0913782119751,"Unknown"
"7014852",371861,2025-09-03 19:17:07,43.1913719177246,-9.09814834594727,"Unknown"
"7014852",371861,2025-09-03 19:21:59,43.1913757324219,-9.09808826446533,"Unknown"
"7014852",371861,2025-09-03 19:27:02,43.1916618347168,-9.09809303283691,"Unknown"
"7014852",371861,2025-09-03 19:32:22,43.1916618347168,-9.0981330871582,"Unknown"
"7014852",371861,2025-09-03 19:37:01,43.1922302246094,-9.09898376464844,"Unknown"
"7014852",371861,2025-09-03 19:42:02,43.2029876708984,-9.09462928771973,"Unknown"
"7014852",371861,2025-09-03 19:46:29,43.2029342651367,-9.09435367584229,"Unknown"
"7014852",371861,2025-09-04 00:46:54,43.2655067443848,-8.96207332611084,"Unknown"
"7014852",371861,2025-09-04 05:47:07,43.225700378418,-9.02198886871338,"Unknown"
"7014852",371861,2025-09-04 06:08:22,43.183708190918,-9.09234046936035,"Unknown"
"7014852",371861,2025-09-04 06:13:44,43.1821556091309,-9.09217834472656,"Unknown"
"7014852",371861,2025-09-04 06:18:45,43.1896209716797,-9.09121799468994,"Unknown"
"7014852",371861,2025-09-04 06:23:46,43.1916847229004,-9.08815860748291,"Unknown"
"7014852",371861,2025-09-04 06:28:19,43.192024230957,-9.10439682006836,"Unknown"
"7014852",371861,2025-09-04 06:33:53,43.1901092529297,-9.10465908050537,"Unknown"
"7014852",371861,2025-09-04 06:38:25,43.1902275085449,-9.10355567932129,"Unknown"
"7014852",371861,2025-09-04 06:43:26,43.1923370361328,-9.10178184509277,"Unknown"
"7014852",371861,2025-09-04 06:48:18,43.190315246582,-9.10161590576172,"Unknown"
"7014852",371861,2025-09-04 06:53:24,43.1837539672852,-9.0923376083374,"Unknown"
"7014852",371861,2025-09-04 06:58:27,43.1835899353027,-9.09273147583008,"Unknown"
"7014852",371861,2025-09-04 07:03:33,43.1834907531738,-9.09318828582764,"Unknown"
"7014852",371861,2025-09-04 07:08:21,43.1891899108887,-9.09390163421631,"Unknown"
"7014852",371861,2025-09-04 07:13:27,43.182804107666,-9.09162902832031,"Unknown"
"7014852",371861,2025-09-04 07:18:23,43.1825561523438,-9.09112739562988,"Unknown"
"7014852",371861,2025-09-04 07:23:18,43.1842765808105,-9.08751392364502,"Unknown"
"7014852",371861,2025-09-04 07:28:19,43.1838836669922,-9.08788299560547,"Unknown"
"7014852",371861,2025-09-04 07:33:18,43.1826324462891,-9.09128761291504,"Unknown"
"7014852",371861,2025-09-04 07:38:16,43.1824035644531,-9.09175586700439,"Unknown"
"7014852",371861,2025-09-04 07:43:32,43.1836471557617,-9.09323406219482,"Unknown"
"7014852",371861,2025-09-04 07:48:16,43.1832122802734,-9.09281826019287,"Unknown"
"7014852",371861,2025-09-04 07:53:26,43.1835174560547,-9.09348392486572,"Unknown"
"7014852",371861,2025-09-04 07:58:25,43.1834564208984,-9.09266090393066,"Unknown"
"7014852",371861,2025-09-04 08:03:19,43.1833724975586,-9.09261894226074,"Unknown"
"7014852",371861,2025-09-04 08:11:29,43.183219909668,-9.09261512756348,"Unknown"
"7014852",371861,2025-09-04 08:13:17,43.1831169128418,-9.09256267547607,"Unknown"
"7014852",371861,2025-09-04 08:18:16,43.1839790344238,-9.0929479598999,"Unknown"
"7014852",371861,2025-09-04 08:23:15,43.1837997436523,-9.09306335449219,"Unknown"
"7014852",371861,2025-09-04 08:28:15,43.1840057373047,-9.09299564361572,"Unknown"
"7014852",371861,2025-09-04 08:33:15,43.1839332580566,-9.09302520751953,"Unknown"
"7014852",371861,2025-09-04 08:38:15,43.1839485168457,-9.09292697906494,"Unknown"
"7014852",371861,2025-09-04 08:43:15,43.1839599609375,-9.0929479598999,"Unknown"
"7014852",371861,2025-09-04 08:48:15,43.1839866638184,-9.09292697906494,"Unknown"
"7014852",371861,2025-09-04 08:53:15,43.1839332580566,-9.093092918396,"Unknown"
"7014852",371861,2025-09-04 08:58:15,43.1839828491211,-9.09287452697754,"Unknown"
"7014852",371861,2025-09-04 09:03:15,43.1839942932129,-9.09288311004639,"Unknown"
"7014852",371861,2025-09-04 09:08:17,43.1840209960938,-9.09354782104492,"Unknown"
"7014852",371861,2025-09-04 09:13:18,43.1840209960938,-9.09319591522217,"Unknown"
"7014852",371861,2025-09-04 09:18:16,43.183967590332,-9.09293460845947,"Unknown"
"7014852",371861,2025-09-04 09:23:16,43.1839218139648,-9.0931453704834,"Unknown"
"7014852",371861,2025-09-04 09:28:15,43.1839218139648,-9.09312725067139,"Unknown"
"7014852",371861,2025-09-04 09:33:17,43.1838226318359,-9.09295654296875,"Unknown"
"7014852",371861,2025-09-04 09:38:15,43.183765411377,-9.09303379058838,"Unknown"
"7014852",371861,2025-09-04 09:43:15,43.183895111084,-9.09285449981689,"Unknown"
"7014852",371861,2025-09-04 09:48:17,43.1838188171387,-9.09283256530762,"Unknown"
"7014852",371861,2025-09-04 09:53:18,43.1840400695801,-9.09314250946045,"Unknown"
"7014852",371861,2025-09-04 09:58:17,43.1837882995605,-9.09279251098633,"Unknown"
"7014852",371861,2025-09-04 10:03:19,43.1839981079102,-9.09315490722656,"Unknown"
"7014852",371861,2025-09-04 10:08:25,43.1839141845703,-9.09294128417969,"Unknown"
"7014852",371861,2025-09-04 10:13:29,43.1831092834473,-9.09250545501709,"Unknown"
"7014852",371861,2025-09-04 10:18:17,43.1832542419434,-9.09266376495361,"Unknown"
"7014852",371861,2025-09-04 10:23:19,43.1829681396484,-9.09216022491455,"Unknown"
"7014852",371861,2025-09-04 10:28:23,43.184814453125,-9.09158325195312,"Unknown"
"7014852",371861,2025-09-04 10:33:41,43.1849021911621,-9.09165573120117,"Unknown"
"7014852",371861,2025-09-04 10:38:22,43.1847877502441,-9.09178924560547,"Unknown"
"7014852",371861,2025-09-04 10:43:20,43.1848945617676,-9.09186363220215,"Unknown"
"7014852",371861,2025-09-04 10:48:28,43.1848030090332,-9.09177112579346,"Unknown"
"7014852",371861,2025-09-04 10:53:19,43.1849822998047,-9.09179592132568,"Unknown"
"7014852",371861,2025-09-04 10:58:34,43.1857719421387,-9.09279823303223,"Unknown"
"7014852",371861,2025-09-04 11:03:30,43.1865196228027,-9.0935230255127,"Unknown"
"7014852",371861,2025-09-04 11:08:45,43.1858177185059,-9.09284591674805,"Unknown"
"7014852",371861,2025-09-04 11:13:19,43.1858215332031,-9.09281349182129,"Unknown"
"7014852",371861,2025-09-04 11:18:25,43.1857681274414,-9.09256839752197,"Unknown"
"7014852",371861,2025-09-04 11:23:17,43.1856880187988,-9.09262275695801,"Unknown"
"7014852",371861,2025-09-04 11:28:22,43.1858329772949,-9.09275341033936,"Unknown"
"7014852",371861,2025-09-04 11:34:00,43.1845626831055,-9.09153461456299,"Unknown"
"7014852",371861,2025-09-04 11:38:17,43.1843948364258,-9.09141159057617,"Unknown"
"7014852",371861,2025-09-04 11:43:22,43.1845283508301,-9.09152984619141,"Unknown"
"7014852",371861,2025-09-04 11:48:23,43.1845512390137,-9.09159088134766,"Unknown"
"7014852",371861,2025-09-04 11:53:17,43.1845817565918,-9.09176540374756,"Unknown"
"7014852",371861,2025-09-04 11:58:18,43.1845474243164,-9.09161376953125,"Unknown"
"7014852",371861,2025-09-04 12:03:17,43.1845970153809,-9.09158897399902,"Unknown"
"7014852",371861,2025-09-04 12:08:24,43.1845588684082,-9.09168148040771,"Unknown"
"7014852",371861,2025-09-04 12:13:22,43.1846580505371,-9.09167289733887,"Unknown"
"7014852",371861,2025-09-04 12:18:23,43.1845474243164,-9.09169960021973,"Unknown"
"7014852",371861,2025-09-04 12:23:26,43.1849060058594,-9.09226226806641,"Unknown"
"7014852",371861,2025-09-04 12:28:25,43.1847305297852,-9.09216594696045,"Unknown"
"7014852",371861,2025-09-04 12:33:53,43.1857032775879,-9.09265518188477,"Unknown"
"7014852",371861,2025-09-04 12:38:15,43.1857490539551,-9.0927209854126,"Unknown"
"7014852",371861,2025-09-04 12:43:16,43.1857414245605,-9.09256649017334,"Unknown"
"7014852",371861,2025-09-04 12:48:16,43.1857490539551,-9.09260368347168,"Unknown"
"7014852",371861,2025-09-04 12:53:15,43.1857147216797,-9.09270095825195,"Unknown"
"7014852",371861,2025-09-04 12:58:15,43.185718536377,-9.0926456451416,"Unknown"
"7014852",371861,2025-09-04 13:03:15,43.185619354248,-9.09256935119629,"Unknown"
"7014852",371861,2025-09-04 13:08:17,43.185791015625,-9.09290218353271,"Unknown"
"7014852",371861,2025-09-04 13:13:15,43.1857681274414,-9.0927038192749,"Unknown"
"7014852",371861,2025-09-04 13:18:15,43.1857566833496,-9.09273910522461,"Unknown"
"7014852",371861,2025-09-04 13:23:15,43.185791015625,-9.09271335601807,"Unknown"
"7014852",371861,2025-09-04 13:28:16,43.1858863830566,-9.09271240234375,"Unknown"
"7014852",371861,2025-09-04 13:33:16,43.185920715332,-9.09277629852295,"Unknown"
"7014852",371861,2025-09-04 13:38:16,43.1858520507812,-9.09280395507812,"Unknown"
"7014852",371861,2025-09-04 13:43:15,43.1858978271484,-9.09275722503662,"Unknown"
"7014852",371861,2025-09-04 13:48:16,43.1861686706543,-9.09318161010742,"Unknown"
"7014852",371861,2025-09-04 13:53:18,43.1859130859375,-9.0928430557251,"Unknown"
"7014852",371861,2025-09-04 13:58:16,43.1860542297363,-9.09329605102539,"Unknown"
"7014852",371861,2025-09-04 14:03:15,43.191593170166,-9.09830951690674,"Unknown"
"7014852",371861,2025-09-04 14:08:17,43.191463470459,-9.09809875488281,"Unknown"
"7014852",371861,2025-09-04 14:13:40,43.1914558410645,-9.09805774688721,"Unknown"
"7014852",371861,2025-09-04 14:18:16,43.191463470459,-9.09815311431885,"Unknown"
"7014852",371861,2025-09-04 14:23:21,43.1914749145508,-9.09810924530029,"Unknown"
"7014852",371861,2025-09-04 14:28:16,43.1914558410645,-9.09803009033203,"Unknown"
"7014852",371861,2025-09-04 14:33:22,43.1914749145508,-9.09807205200195,"Unknown"
"7014852",371861,2025-09-04 14:38:19,43.1914978027344,-9.09818744659424,"Unknown"
"7014852",371861,2025-09-04 14:43:20,43.1915168762207,-9.09794902801514,"Unknown"
"7014852",371861,2025-09-04 14:48:44,43.1915016174316,-9.09814739227295,"Unknown"
"7014852",371861,2025-09-04 14:53:15,43.1914405822754,-9.0979585647583,"Unknown"
"7014852",371861,2025-09-04 14:58:18,43.1915245056152,-9.09858417510986,"Unknown"
"7014852",371861,2025-09-04 15:03:17,43.191463470459,-9.09831809997559,"Unknown"
"7014852",371861,2025-09-04 15:08:17,43.1915168762207,-9.09810638427734,"Unknown"
"7014852",371861,2025-09-04 15:13:20,43.191463470459,-9.09814071655273,"Unknown"
"7014852",371861,2025-09-04 15:18:17,43.1914863586426,-9.09809303283691,"Unknown"
"7014852",371861,2025-09-04 15:23:31,43.1914749145508,-9.09812355041504,"Unknown"
"7014852",371861,2025-09-04 15:28:16,43.1914138793945,-9.09812927246094,"Unknown"
"7014852",371861,2025-09-04 15:33:16,43.191478729248,-9.09805297851562,"Unknown"
"7014852",371861,2025-09-04 15:38:17,43.19140625,-9.097900390625,"Unknown"
"7014852",371861,2025-09-04 15:43:22,43.1875419616699,-9.09941959381104,"Unknown"
"7014852",371861,2025-09-04 15:48:30,43.1875305175781,-9.09950542449951,"Unknown"
"7014852",371861,2025-09-04 15:53:27,43.1876220703125,-9.09952640533447,"Unknown"
"7014852",371861,2025-09-04 15:58:44,43.1875991821289,-9.09968566894531,"Unknown"
"7014852",371861,2025-09-04 16:03:18,43.1874847412109,-9.09960079193115,"Unknown"
"7014852",371861,2025-09-04 16:08:16,43.1874847412109,-9.09967613220215,"Unknown"
"7014852",371861,2025-09-04 16:13:16,43.1913909912109,-9.09806442260742,"Unknown"
"7014852",371861,2025-09-04 16:18:17,43.19140625,-9.098069190979,"Unknown"
"7014852",371861,2025-09-04 16:23:17,43.1914138793945,-9.09806346893311,"Unknown"
"7014852",371861,2025-09-04 16:28:17,43.1913604736328,-9.09806251525879,"Unknown"
"7014852",371861,2025-09-04 16:33:17,43.1913032531738,-9.09804916381836,"Unknown"
"7014852",371861,2025-09-04 16:38:17,43.1912498474121,-9.09801769256592,"Unknown"
"7014852",371861,2025-09-04 16:43:17,43.1913032531738,-9.09799289703369,"Unknown"
"7014852",371861,2025-09-04 16:48:22,43.1913719177246,-9.09796810150146,"Unknown"
"7014852",371861,2025-09-04 16:53:25,43.1913146972656,-9.09796333312988,"Unknown"
"7014852",371861,2025-09-04 16:58:17,43.1913528442383,-9.09797954559326,"Unknown"
"7014852",371861,2025-09-04 17:03:17,43.1913833618164,-9.09796619415283,"Unknown"
"7014852",371861,2025-09-04 17:08:16,43.1913452148438,-9.09792327880859,"Unknown"
"7014852",371861,2025-09-04 17:13:16,43.1913299560547,-9.09793567657471,"Unknown"
"7014852",371861,2025-09-04 17:18:18,43.1913795471191,-9.09788608551025,"Unknown"
"7014852",371861,2025-09-04 17:23:17,43.1913146972656,-9.09792709350586,"Unknown"
"7014852",371861,2025-09-04 17:28:17,43.1914558410645,-9.09788608551025,"Unknown"
"7014852",371861,2025-09-04 17:33:35,43.1914329528809,-9.09814453125,"Unknown"
"7014852",371861,2025-09-04 17:38:18,43.1913909912109,-9.09812355041504,"Unknown"
"7014852",371861,2025-09-04 17:43:18,43.1913604736328,-9.09814929962158,"Unknown"
"7014852",371861,2025-09-04 17:48:17,43.1913414001465,-9.0981388092041,"Unknown"
"7014852",371861,2025-09-04 17:53:17,43.191535949707,-9.09811305999756,"Unknown"
"7014852",371861,2025-09-04 17:58:17,43.1914253234863,-9.09815120697021,"Unknown"
"7014852",371861,2025-09-04 18:03:17,43.1915664672852,-9.09817028045654,"Unknown"
"7014852",371861,2025-09-04 18:08:17,43.1914939880371,-9.09818458557129,"Unknown"
"7014852",371861,2025-09-04 18:13:24,43.1914405822754,-9.09813594818115,"Unknown"
"7014852",371861,2025-09-04 18:18:24,43.1914710998535,-9.09810829162598,"Unknown"
"7014852",371861,2025-09-04 18:23:18,43.1910820007324,-9.0981330871582,"Unknown"
"7014852",371861,2025-09-04 18:28:25,43.1921005249023,-9.09792709350586,"Unknown"
"7014852",371861,2025-09-04 18:33:20,43.1919860839844,-9.09791946411133,"Unknown"
"7014852",371861,2025-09-04 18:38:22,43.1920204162598,-9.09792423248291,"Unknown"
"7014852",371861,2025-09-04 18:43:25,43.192081451416,-9.09794235229492,"Unknown"
"7014852",371861,2025-09-04 18:48:25,43.1921234130859,-9.09792995452881,"Unknown"
"7014852",371861,2025-09-04 18:53:25,43.1920204162598,-9.09795951843262,"Unknown"
"7014852",371861,2025-09-04 18:58:22,43.1920051574707,-9.09798908233643,"Unknown"
"7014852",371861,2025-09-04 19:03:44,43.1918830871582,-9.09773921966553,"Unknown"
"7014852",371861,2025-09-04 19:08:16,43.1916656494141,-9.09741497039795,"Unknown"
"7014852",371861,2025-09-04 19:13:16,43.1918144226074,-9.09768295288086,"Unknown"
"7014852",371861,2025-09-04 19:18:18,43.1918716430664,-9.09767055511475,"Unknown"
"7014852",371861,2025-09-04 19:23:15,43.1918296813965,-9.09769248962402,"Unknown"
"7014852",371861,2025-09-04 19:28:18,43.1984100341797,-9.07785224914551,"Unknown"
"7014852",371861,2025-09-04 19:33:16,43.2182426452637,-9.04485321044922,"Unknown"
"7014852",371861,2025-09-04 19:38:18,43.2416076660156,-9.00935363769531,"Unknown"
"7014852",371861,2025-09-04 19:44:32,43.2638244628906,-8.96334838867188,"Unknown"
"7014852",371861,2025-09-05 00:44:31,43.2654075622559,-8.96206569671631,"Unknown"
"7014852",371861,2025-09-05 05:44:28,43.2226486206055,-9.03878688812256,"Unknown"
"7014852",371861,2025-09-05 06:09:11,43.1833992004395,-9.09298038482666,"Unknown"
"7014852",371861,2025-09-05 06:14:48,43.1831092834473,-9.09328937530518,"Unknown"
"7014852",371861,2025-09-05 06:18:48,43.1811408996582,-9.09160232543945,"Unknown"
"7014852",371861,2025-09-05 06:23:43,43.1814422607422,-9.0914421081543,"Unknown"
"7014852",371861,2025-09-05 06:28:42,43.1812591552734,-9.09160709381104,"Unknown"
"7014852",371861,2025-09-05 06:33:40,43.180965423584,-9.09158706665039,"Unknown"
"7014852",371861,2025-09-05 06:38:46,43.1811981201172,-9.0912971496582,"Unknown"
"7014852",371861,2025-09-05 06:43:42,43.1833267211914,-9.09297752380371,"Unknown"
"7014852",371861,2025-09-05 06:48:41,43.1836395263672,-9.09247589111328,"Unknown"
"7014852",371861,2025-09-05 06:53:41,43.1833648681641,-9.09302616119385,"Unknown"
"7014852",371861,2025-09-05 06:58:45,43.1836051940918,-9.09283351898193,"Unknown"
"7014852",371861,2025-09-05 07:03:49,43.1835823059082,-9.09275913238525,"Unknown"
"7014852",371861,2025-09-05 07:08:41,43.1839828491211,-9.09302616119385,"Unknown"
"7014852",371861,2025-09-05 07:13:46,43.183277130127,-9.09249973297119,"Unknown"
"7014852",371861,2025-09-05 07:19:05,43.1846580505371,-9.09213161468506,"Unknown"
"7014852",371861,2025-09-05 07:24:56,43.1844329833984,-9.09193706512451,"Unknown"
"7014852",371861,2025-09-05 07:28:40,43.1857604980469,-9.09255886077881,"Unknown"
"7014852",371861,2025-09-05 07:33:40,43.184757232666,-9.0914249420166,"Unknown"
"7014852",371861,2025-09-05 07:38:41,43.1847381591797,-9.09134674072266,"Unknown"
"7014852",371861,2025-09-05 07:43:40,43.1848983764648,-9.09136772155762,"Unknown"
"7014852",371861,2025-09-05 07:48:41,43.1859245300293,-9.09226226806641,"Unknown"
"7014852",371861,2025-09-05 07:53:42,43.184211730957,-9.09264373779297,"Unknown"
"7014852",371861,2025-09-05 07:58:41,43.1839141845703,-9.09286594390869,"Unknown"
"7014852",371861,2025-09-05 08:03:41,43.1840782165527,-9.09289646148682,"Unknown"
"7014852",371861,2025-09-05 08:08:41,43.1857109069824,-9.09259223937988,"Unknown"
"7014852",371861,2025-09-05 08:13:41,43.1848335266113,-9.09162139892578,"Unknown"
"7014852",371861,2025-09-05 08:18:41,43.1848945617676,-9.09159755706787,"Unknown"
"7014852",371861,2025-09-05 08:23:41,43.1847953796387,-9.09166622161865,"Unknown"
"7014852",371861,2025-09-05 08:28:41,43.1857528686523,-9.09255123138428,"Unknown"
"7014852",371861,2025-09-05 08:33:41,43.1857147216797,-9.09262466430664,"Unknown"
"7014852",371861,2025-09-05 08:38:40,43.1856117248535,-9.09249210357666,"Unknown"
"7014852",371861,2025-09-05 08:43:40,43.1856307983398,-9.09270095825195,"Unknown"
"7014852",371861,2025-09-05 08:48:41,43.1857147216797,-9.0927267074585,"Unknown"
"7014852",371861,2025-09-05 08:53:41,43.185718536377,-9.09261322021484,"Unknown"
"7014852",371861,2025-09-05 08:58:41,43.1856994628906,-9.09256935119629,"Unknown"
"7014852",371861,2025-09-05 09:03:41,43.1856422424316,-9.09262275695801,"Unknown"
"7014852",371861,2025-09-05 09:08:40,43.185718536377,-9.09271430969238,"Unknown"
"7014852",371861,2025-09-05 09:13:41,43.1857261657715,-9.09280681610107,"Unknown"
"7014852",371861,2025-09-05 09:18:40,43.1858825683594,-9.0931978225708,"Unknown"
"7014852",371861,2025-09-05 09:23:41,43.1862373352051,-9.09295558929443,"Unknown"
"7014852",371861,2025-09-05 09:28:41,43.1862831115723,-9.09279823303223,"Unknown"
"7014852",371861,2025-09-05 09:33:41,43.1862258911133,-9.09293365478516,"Unknown"
"7014852",371861,2025-09-05 09:38:41,43.1863059997559,-9.09297657012939,"Unknown"
"7014852",371861,2025-09-05 09:43:41,43.186351776123,-9.09297180175781,"Unknown"
"7014852",371861,2025-09-05 09:48:41,43.1863212585449,-9.09296798706055,"Unknown"
"7014852",371861,2025-09-05 09:53:41,43.1863250732422,-9.09307956695557,"Unknown"
"7014852",371861,2025-09-05 09:58:42,43.1865081787109,-9.09296703338623,"Unknown"
"7014852",371861,2025-09-05 10:03:41,43.1866836547852,-9.09329223632812,"Unknown"
"7014852",371861,2025-09-05 10:08:41,43.1863670349121,-9.09291553497314,"Unknown"
"7014852",371861,2025-09-05 10:13:45,43.1860580444336,-9.092848777771,"Unknown"
"7014852",371861,2025-09-05 10:18:40,43.1857032775879,-9.09259605407715,"Unknown"
"7014852",371861,2025-09-05 10:23:41,43.185718536377,-9.09261989593506,"Unknown"
"7014852",371861,2025-09-05 10:28:41,43.1857604980469,-9.09270572662354,"Unknown"
"7014852",371861,2025-09-05 10:33:43,43.1856918334961,-9.09263706207275,"Unknown"
"7014852",371861,2025-09-05 10:38:41,43.1857719421387,-9.09257221221924,"Unknown"
"7014852",371861,2025-09-05 10:43:42,43.1857872009277,-9.09263324737549,"Unknown"
"7014852",371861,2025-09-05 10:48:41,43.1862602233887,-9.08985900878906,"Unknown"
"7014852",371861,2025-09-05 10:53:41,43.1865768432617,-9.09074401855469,"Unknown"
"7014852",371861,2025-09-05 10:58:41,43.184944152832,-9.09163475036621,"Unknown"
"7014852",371861,2025-09-05 11:03:40,43.1849098205566,-9.09164810180664,"Unknown"
"7014852",371861,2025-09-05 11:08:41,43.1849708557129,-9.0917797088623,"Unknown"
"7014852",371861,2025-09-05 11:13:41,43.184986114502,-9.09162521362305,"Unknown"
"7014852",371861,2025-09-05 11:18:40,43.1848907470703,-9.0917501449585,"Unknown"
"7014852",371861,2025-09-05 11:23:41,43.185131072998,-9.09134864807129,"Unknown"
"7014852",371861,2025-09-05 11:28:41,43.1851501464844,-9.09147644042969,"Unknown"
"7014852",371861,2025-09-05 11:33:43,43.1851921081543,-9.09224414825439,"Unknown"
"7014852",371861,2025-09-05 11:38:41,43.1849937438965,-9.09245586395264,"Unknown"
"7014852",371861,2025-09-05 11:43:44,43.1842765808105,-9.09318256378174,"Unknown"
"7014852",371861,2025-09-05 11:48:43,43.1841812133789,-9.09292507171631,"Unknown"
"7014852",371861,2025-09-05 11:53:41,43.1850395202637,-9.09351253509521,"Unknown"
"7014852",371861,2025-09-05 11:58:54,43.1851692199707,-9.0934009552002,"Unknown"
"7014852",371861,2025-09-05 12:03:41,43.1850395202637,-9.09360885620117,"Unknown"
"7014852",371861,2025-09-05 12:08:41,43.185173034668,-9.09347152709961,"Unknown"
"7014852",371861,2025-09-05 12:13:41,43.1852989196777,-9.0934534072876,"Unknown"
"7014852",371861,2025-09-05 12:18:43,43.1848831176758,-9.09215259552002,"Unknown"
"7014852",371861,2025-09-05 12:23:40,43.1849365234375,-9.09189796447754,"Unknown"
"7014852",371861,2025-09-05 12:28:40,43.1849021911621,-9.0921516418457,"Unknown"
"7014852",371861,2025-09-05 12:33:40,43.1848983764648,-9.09229373931885,"Unknown"
"7014852",371861,2025-09-05 12:38:41,43.1849937438965,-9.09181118011475,"Unknown"
"7014852",371861,2025-09-05 12:43:40,43.1850357055664,-9.09207820892334,"Unknown"
"7014852",371861,2025-09-05 12:48:41,43.1841163635254,-9.08784294128418,"Unknown"
"7014852",371861,2025-09-05 12:53:41,43.1844062805176,-9.0874547958374,"Unknown"
"7014852",371861,2025-09-05 12:58:41,43.184513092041,-9.08747005462646,"Unknown"
"7014852",371861,2025-09-05 13:03:41,43.184383392334,-9.08838939666748,"Unknown"
"7014852",371861,2025-09-05 13:08:41,43.1861724853516,-9.093505859375,"Unknown"
"7014852",371861,2025-09-05 13:13:41,43.1862754821777,-9.09378242492676,"Unknown"
"7014852",371861,2025-09-05 13:18:47,43.1890640258789,-9.11497211456299,"Unknown"
"7014852",371861,2025-09-05 13:23:41,43.1851425170898,-9.10943031311035,"Unknown"
"7014852",371861,2025-09-05 13:28:42,43.18701171875,-9.10078430175781,"Unknown"
"7014852",371861,2025-09-05 13:33:42,43.189380645752,-9.09424114227295,"Unknown"
"7014852",371861,2025-09-05 13:38:42,43.1893920898438,-9.09428405761719,"Unknown"
"7014852",371861,2025-09-05 13:43:41,43.1858787536621,-9.09358024597168,"Unknown"
"7014852",371861,2025-09-05 13:48:43,43.1841735839844,-9.09319305419922,"Unknown"
"7014852",371861,2025-09-05 13:53:41,43.1836204528809,-9.09390449523926,"Unknown"
"7014852",371861,2025-09-05 13:58:46,43.1837196350098,-9.09304618835449,"Unknown"
"7014852",371861,2025-09-05 14:03:41,43.1859130859375,-9.09354496002197,"Unknown"
"7014852",371861,2025-09-05 14:08:45,43.1863784790039,-9.09345436096191,"Unknown"
"7014852",371861,2025-09-05 14:13:48,43.1863479614258,-9.09364318847656,"Unknown"
"7014852",371861,2025-09-05 14:18:41,43.1858520507812,-9.09358501434326,"Unknown"
"7014852",371861,2025-09-05 14:23:42,43.1834564208984,-9.09286975860596,"Unknown"
"7014852",371861,2025-09-05 14:28:42,43.1831283569336,-9.0929594039917,"Unknown"
"7014852",371861,2025-09-05 14:33:42,43.1833724975586,-9.09280776977539,"Unknown"
"7014852",371861,2025-09-05 14:38:43,43.1834297180176,-9.0928258895874,"Unknown"
"7014852",371861,2025-09-05 14:43:41,43.1832466125488,-9.09272193908691,"Unknown"
"7014852",371861,2025-09-05 14:48:40,43.1835289001465,-9.09281539916992,"Unknown"
"7014852",371861,2025-09-05 14:53:43,43.1834030151367,-9.09231567382812,"Unknown"
"7014852",371861,2025-09-05 14:58:45,43.1836738586426,-9.09237480163574,"Unknown"
"7014852",371861,2025-09-05 15:03:41,43.1834297180176,-9.09234714508057,"Unknown"
"7014852",371861,2025-09-05 15:08:42,43.1832885742188,-9.09237194061279,"Unknown"
"7014852",371861,2025-09-05 15:23:59,43.1839790344238,-9.09342765808105,"Unknown"
"7014852",371861,2025-09-05 15:28:41,43.1837882995605,-9.09335899353027,"Unknown"
"7014852",371861,2025-09-05 15:33:45,43.1831665039062,-9.09253120422363,"Unknown"
"7014852",371861,2025-09-05 15:38:40,43.1859245300293,-9.09279251098633,"Unknown"
"7014852",371861,2025-09-05 15:43:41,43.184326171875,-9.09334373474121,"Unknown"
"7014852",371861,2025-09-05 15:48:40,43.1843681335449,-9.09324645996094,"Unknown"
"7014852",371861,2025-09-05 15:53:40,43.1839981079102,-9.09242820739746,"Unknown"
"7014852",371861,2025-09-05 15:58:42,43.1838493347168,-9.09280014038086,"Unknown"
"7014852",371861,2025-09-05 16:03:40,43.1841430664062,-9.093017578125,"Unknown"
"7014852",371861,2025-09-05 16:08:40,43.1841049194336,-9.09305667877197,"Unknown"
"7014852",371861,2025-09-05 16:13:41,43.1840209960938,-9.09283924102783,"Unknown"
"7014852",371861,2025-09-05 16:18:40,43.1841278076172,-9.09287452697754,"Unknown"
"7014852",371861,2025-09-05 16:23:41,43.1834106445312,-9.09193897247314,"Unknown"
"7014852",371861,2025-09-05 16:28:41,43.1842498779297,-9.09210395812988,"Unknown"
"7014852",371861,2025-09-05 16:33:41,43.1858863830566,-9.0926570892334,"Unknown"
"7014852",371861,2025-09-05 16:38:40,43.1859397888184,-9.09269428253174,"Unknown"
"7014852",371861,2025-09-05 16:43:41,43.184928894043,-9.09144306182861,"Unknown"
"7014852",371861,2025-09-05 16:48:42,43.1848678588867,-9.0913782119751,"Unknown"
"7014852",371861,2025-09-05 16:53:40,43.184871673584,-9.09136199951172,"Unknown"
"7014852",371861,2025-09-05 16:58:45,43.1848945617676,-9.09144687652588,"Unknown"
"7014852",371861,2025-09-05 17:03:42,43.1844291687012,-9.09140491485596,"Unknown"
"7014852",371861,2025-09-05 17:08:41,43.1856727600098,-9.09238052368164,"Unknown"
"7014852",371861,2025-09-05 17:13:42,43.1853942871094,-9.09273719787598,"Unknown"
"7014852",371861,2025-09-05 17:18:42,43.1856498718262,-9.09255886077881,"Unknown"
"7014852",371861,2025-09-05 17:23:41,43.1860237121582,-9.092529296875,"Unknown"
"7014852",371861,2025-09-05 17:28:41,43.1860466003418,-9.09255313873291,"Unknown"
"7014852",371861,2025-09-05 17:33:40,43.185905456543,-9.09251117706299,"Unknown"
"7014852",371861,2025-09-05 17:38:40,43.185962677002,-9.09250068664551,"Unknown"
"7014852",371861,2025-09-05 17:43:43,43.1858100891113,-9.09308242797852,"Unknown"
"7014852",371861,2025-09-05 17:48:40,43.1860237121582,-9.09321403503418,"Unknown"
"7014852",371861,2025-09-05 17:53:43,43.1863708496094,-9.09323406219482,"Unknown"
"7014852",371861,2025-09-05 17:58:43,43.1862831115723,-9.09318161010742,"Unknown"
"7014852",371861,2025-09-05 18:03:43,43.1863021850586,-9.09326267242432,"Unknown"
"7014852",371861,2025-09-05 18:08:42,43.1862106323242,-9.09328079223633,"Unknown"
"7014852",371861,2025-09-05 18:13:40,43.1857681274414,-9.0926399230957,"Unknown"
"7014852",371861,2025-09-05 18:18:40,43.1833000183105,-9.09246730804443,"Unknown"
"7014852",371861,2025-09-05 18:24:02,43.1830978393555,-9.09257888793945,"Unknown"
"7014852",371861,2025-09-05 18:28:40,43.191764831543,-9.09685039520264,"Unknown"
"7014852",371861,2025-09-05 18:33:40,43.1923370361328,-9.09816265106201,"Unknown"
"7014852",371861,2025-09-05 18:38:48,43.1926536560059,-9.09837436676025,"Unknown"
"7014852",371861,2025-09-05 18:43:40,43.192440032959,-9.09822940826416,"Unknown"
"7014852",371861,2025-09-05 18:48:42,43.1923217773438,-9.09830951690674,"Unknown"
"7014852",371861,2025-09-05 18:53:40,43.192497253418,-9.09818935394287,"Unknown"
"7014852",371861,2025-09-05 18:58:46,43.1924438476562,-9.09824466705322,"Unknown"
"7014852",371861,2025-09-05 19:03:46,43.1926193237305,-9.0985050201416,"Unknown"
"7014852",371861,2025-09-05 19:08:49,43.1920356750488,-9.09778785705566,"Unknown"
"7014852",371861,2025-09-05 19:13:48,43.1917877197266,-9.09771537780762,"Unknown"
"7014852",371861,2025-09-05 19:18:48,43.1920051574707,-9.09780406951904,"Unknown"
"7014852",371861,2025-09-05 19:23:56,43.1922187805176,-9.09794807434082,"Unknown"
"7014852",371861,2025-09-05 19:28:47,43.1920700073242,-9.09786415100098,"Unknown"
"7014852",371861,2025-09-05 19:33:40,43.1948661804199,-9.10570049285889,"Unknown"
"7014852",371861,2025-09-05 19:38:47,43.1958770751953,-9.14894580841064,"Unknown"
"7014852",371861,2025-09-05 19:43:03,43.1846733093262,-9.18950748443604,"Unknown"
"7014852",371861,2025-09-06 00:43:22,43.1626434326172,-9.213134765625,"Unknown"
"7014852",371861,2025-09-06 05:43:29,43.1542358398438,-9.19949436187744,"Unknown"
"7014852",371861,2025-09-06 06:10:49,43.1628532409668,-9.18789386749268,"Unknown"
"7014852",371861,2025-09-06 06:15:53,43.1633644104004,-9.18542194366455,"Unknown"
"7014852",371861,2025-09-06 06:20:51,43.1635589599609,-9.18573093414307,"Unknown"
"7014852",371861,2025-09-06 06:25:52,43.1637687683105,-9.18540859222412,"Unknown"
"7014852",371861,2025-09-06 06:30:51,43.1641464233398,-9.18487453460693,"Unknown"
"7014852",371861,2025-09-06 06:35:49,43.16357421875,-9.1848783493042,"Unknown"
"7014852",371861,2025-09-06 06:40:52,43.1640090942383,-9.18509674072266,"Unknown"
"7014852",371861,2025-09-06 06:45:49,43.1642303466797,-9.18500804901123,"Unknown"
"7014852",371861,2025-09-06 06:50:49,43.1639289855957,-9.18524074554443,"Unknown"
"7014852",371861,2025-09-06 06:55:51,43.1639518737793,-9.18524742126465,"Unknown"
"7014852",371861,2025-09-06 07:00:49,43.1639366149902,-9.18526840209961,"Unknown"
"7014852",371861,2025-09-06 07:05:49,43.1694793701172,-9.18364238739014,"Unknown"
"7014852",371861,2025-09-06 07:10:49,43.1946258544922,-9.15064811706543,"Unknown"
"7014852",371861,2025-09-06 07:15:52,43.1960525512695,-9.13521480560303,"Unknown"
"7014852",371861,2025-09-06 07:20:50,43.1899948120117,-9.10960578918457,"Unknown"
"7014852",371861,2025-09-06 07:25:51,43.1860046386719,-9.10567951202393,"Unknown"
"7014852",371861,2025-09-06 07:30:53,43.1883239746094,-9.09973049163818,"Unknown"
"7014852",371861,2025-09-06 07:35:52,43.1841163635254,-9.09304332733154,"Unknown"
"7014852",371861,2025-09-06 07:40:53,43.1851272583008,-9.09304141998291,"Unknown"
"7014852",371861,2025-09-06 07:46:10,43.1833839416504,-9.09277725219727,"Unknown"
"7014852",371861,2025-09-06 07:51:11,43.1835098266602,-9.0925121307373,"Unknown"
"7014852",371861,2025-09-06 07:56:09,43.1835479736328,-9.09242725372314,"Unknown"
"7014852",371861,2025-09-06 08:01:01,43.1834945678711,-9.09274196624756,"Unknown"
"7014852",371861,2025-09-06 08:05:52,43.1839256286621,-9.09128856658936,"Unknown"
"7014852",371861,2025-09-06 08:11:03,43.1846008300781,-9.09145927429199,"Unknown"
"7014852",371861,2025-09-06 08:15:51,43.1850509643555,-9.09162330627441,"Unknown"
"7014852",371861,2025-09-06 08:20:52,43.1850891113281,-9.09093952178955,"Unknown"
"7014852",371861,2025-09-06 08:26:06,43.1828269958496,-9.09302997589111,"Unknown"
"7014852",371861,2025-09-06 08:31:15,43.1834754943848,-9.09375476837158,"Unknown"
"7014852",371861,2025-09-06 08:36:02,43.1855583190918,-9.09322166442871,"Unknown"
"7014852",371861,2025-09-06 08:41:01,43.185417175293,-9.0932445526123,"Unknown"
"7014852",371861,2025-09-06 08:46:23,43.1843338012695,-9.09241390228271,"Unknown"
"7014852",371861,2025-09-06 08:50:57,43.1838035583496,-9.093092918396,"Unknown"
"7014852",371861,2025-09-06 08:55:49,43.1840515136719,-9.09266090393066,"Unknown"
"7014852",371861,2025-09-06 09:00:52,43.183952331543,-9.09261608123779,"Unknown"
"7014852",371861,2025-09-06 09:05:52,43.1837310791016,-9.09325313568115,"Unknown"
"7014852",371861,2025-09-06 09:10:51,43.1839179992676,-9.09301948547363,"Unknown"
"7014852",371861,2025-09-06 09:16:01,43.1829261779785,-9.09273052215576,"Unknown"
"7014852",371861,2025-09-06 09:21:06,43.1834754943848,-9.09268665313721,"Unknown"
"7014852",371861,2025-09-06 09:25:49,43.183235168457,-9.09167671203613,"Unknown"
"7014852",371861,2025-09-06 09:30:57,43.1897735595703,-9.10126972198486,"Unknown"
"7014852",371861,2025-09-06 09:35:49,43.1898193359375,-9.10119152069092,"Unknown"
"7014852",371861,2025-09-06 09:41:00,43.1893005371094,-9.10068798065186,"Unknown"
"7014852",371861,2025-09-06 09:45:51,43.1893920898438,-9.10076999664307,"Unknown"
"7014852",371861,2025-09-06 09:50:55,43.1891174316406,-9.10067176818848,"Unknown"
"7014852",371861,2025-09-06 09:55:53,43.1899719238281,-9.10144233703613,"Unknown"
"7014852",371861,2025-09-06 10:00:55,43.1899490356445,-9.10118103027344,"Unknown"
"7014852",371861,2025-09-06 10:05:58,43.1898994445801,-9.10115528106689,"Unknown"
"7014852",371861,2025-09-06 10:11:00,43.1898880004883,-9.10114002227783,"Unknown"
"7014852",371861,2025-09-06 10:16:08,43.1898155212402,-9.10111618041992,"Unknown"
"7014852",371861,2025-09-06 10:21:14,43.190071105957,-9.10118579864502,"Unknown"
"7014852",371861,2025-09-06 10:25:49,43.1898536682129,-9.10131740570068,"Unknown"
"7014852",371861,2025-09-06 10:30:50,43.1899642944336,-9.10121822357178,"Unknown"
"7014852",371861,2025-09-06 10:35:50,43.1899871826172,-9.10132598876953,"Unknown"
"7014852",371861,2025-09-06 10:40:49,43.1900787353516,-9.1011905670166,"Unknown"
"7014852",371861,2025-09-06 10:45:51,43.1899147033691,-9.10150146484375,"Unknown"
"7014852",371861,2025-09-06 10:51:13,43.1900482177734,-9.10128021240234,"Unknown"
"7014852",371861,2025-09-06 10:55:49,43.1898918151855,-9.10183238983154,"Unknown"
"7014852",371861,2025-09-06 11:00:53,43.1898803710938,-9.10165691375732,"Unknown"
"7014852",371861,2025-09-06 11:05:51,43.1901702880859,-9.10126686096191,"Unknown"
"7014852",371861,2025-09-06 11:10:52,43.1899261474609,-9.10153865814209,"Unknown"
"7014852",371861,2025-09-06 11:16:14,43.1899261474609,-9.10101222991943,"Unknown"
"7014852",371861,2025-09-06 11:20:52,43.1899795532227,-9.10118103027344,"Unknown"
"7014852",371861,2025-09-06 11:26:08,43.1898803710938,-9.10040760040283,"Unknown"
"7014852",371861,2025-09-06 11:31:07,43.1901359558105,-9.1016321182251,"Unknown"
"7014852",371861,2025-09-06 11:36:00,43.1901550292969,-9.10189533233643,"Unknown"
"7014852",371861,2025-09-06 11:41:23,43.1874809265137,-9.09956550598145,"Unknown"
"7014852",371861,2025-09-06 11:45:50,43.1882362365723,-9.10011291503906,"Unknown"
"7014852",371861,2025-09-06 11:50:50,43.1886558532715,-9.10096549987793,"Unknown"
"7014852",371861,2025-09-06 11:55:51,43.1877403259277,-9.10040187835693,"Unknown"
"7014852",371861,2025-09-06 12:00:54,43.1889572143555,-9.10269451141357,"Unknown"
"7014852",371861,2025-09-06 12:05:49,43.1885833740234,-9.10187911987305,"Unknown"
"7014852",371861,2025-09-06 12:10:49,43.1892433166504,-9.103196144104,"Unknown"
"7014852",371861,2025-09-06 12:15:49,43.1889839172363,-9.10279655456543,"Unknown"
"7014852",371861,2025-09-06 12:20:49,43.1885948181152,-9.10220718383789,"Unknown"
"7014852",371861,2025-09-06 12:25:49,43.1885986328125,-9.10216045379639,"Unknown"
"7014852",371861,2025-09-06 12:30:57,43.1890144348145,-9.10279655456543,"Unknown"
"7014852",371861,2025-09-06 12:35:50,43.1890411376953,-9.10280895233154,"Unknown"
"7014852",371861,2025-09-06 12:40:52,43.188793182373,-9.10259056091309,"Unknown"
"7014852",371861,2025-09-06 12:45:49,43.1889724731445,-9.10276985168457,"Unknown"
"7014852",371861,2025-09-06 12:50:54,43.183479309082,-9.092942237854,"Unknown"
"7014852",371861,2025-09-06 12:55:53,43.1832275390625,-9.09257507324219,"Unknown"
"7014852",371861,2025-09-06 13:00:53,43.1833038330078,-9.09258270263672,"Unknown"
"7014852",371861,2025-09-06 13:05:51,43.1826782226562,-9.09279727935791,"Unknown"
"7014852",371861,2025-09-06 13:10:49,43.1832237243652,-9.0925817489624,"Unknown"
"7014852",371861,2025-09-06 13:15:57,43.1839332580566,-9.09296226501465,"Unknown"
"7014852",371861,2025-09-06 13:20:49,43.1842002868652,-9.09341144561768,"Unknown"
"7014852",371861,2025-09-06 13:25:49,43.1842155456543,-9.09334564208984,"Unknown"
"7014852",371861,2025-09-06 13:30:50,43.1841087341309,-9.09353065490723,"Unknown"
"7014852",371861,2025-09-06 13:35:49,43.1838150024414,-9.09378814697266,"Unknown"
"7014852",371861,2025-09-06 13:40:49,43.1837539672852,-9.09383583068848,"Unknown"
"7014852",371861,2025-09-06 13:45:50,43.1837997436523,-9.09383678436279,"Unknown"
"7014852",371861,2025-09-06 13:50:49,43.183967590332,-9.08791637420654,"Unknown"
"7014852",371861,2025-09-06 13:55:49,43.1840057373047,-9.0878324508667,"Unknown"
"7014852",371861,2025-09-06 14:00:49,43.183723449707,-9.08793163299561,"Unknown"
"7014852",371861,2025-09-06 14:05:49,43.1840362548828,-9.09371566772461,"Unknown"
"7014852",371861,2025-09-06 14:10:52,43.182918548584,-9.09329223632812,"Unknown"
"7014852",371861,2025-09-06 14:15:54,43.1838798522949,-9.09249019622803,"Unknown"
"7014852",371861,2025-09-06 14:20:53,43.1836471557617,-9.09271812438965,"Unknown"
"7014852",371861,2025-09-06 14:25:52,43.1834106445312,-9.09275913238525,"Unknown"
"7014852",371861,2025-09-06 14:30:51,43.1840972900391,-9.09324836730957,"Unknown"
"7014852",371861,2025-09-06 14:36:07,43.1833534240723,-9.09314441680908,"Unknown"
"7014852",371861,2025-09-06 14:41:00,43.183277130127,-9.09309577941895,"Unknown"
"7014852",371861,2025-09-06 14:45:50,43.1909980773926,-9.09365558624268,"Unknown"
"7014852",371861,2025-09-06 14:50:52,43.1918563842773,-9.09346675872803,"Unknown"
"7014852",371861,2025-09-06 14:55:51,43.1922187805176,-9.09357452392578,"Unknown"
"7014852",371861,2025-09-06 15:00:49,43.1871070861816,-9.09190273284912,"Unknown"
"7014852",371861,2025-09-06 15:05:49,43.1867027282715,-9.09173393249512,"Unknown"
"7014852",371861,2025-09-06 15:10:52,43.1868858337402,-9.09177684783936,"Unknown"
"7014852",371861,2025-09-06 15:15:50,43.1866302490234,-9.09171772003174,"Unknown"
"7014852",371861,2025-09-06 15:20:49,43.1865425109863,-9.09170627593994,"Unknown"
"7014852",371861,2025-09-06 15:25:50,43.1843070983887,-9.09321689605713,"Unknown"
"7014852",371861,2025-09-06 15:30:50,43.1843795776367,-9.09345531463623,"Unknown"
"7014852",371861,2025-09-06 15:35:51,43.1842842102051,-9.09325981140137,"Unknown"
"7014852",371861,2025-09-06 15:40:54,43.1864967346191,-9.08997917175293,"Unknown"
"7014852",371861,2025-09-06 15:46:01,43.1889038085938,-9.10462474822998,"Unknown"
"7014852",371861,2025-09-06 15:51:02,43.1890563964844,-9.10451221466064,"Unknown"
"7014852",371861,2025-09-06 15:56:03,43.1891174316406,-9.10458660125732,"Unknown"
"7014852",371861,2025-09-06 16:01:01,43.1887664794922,-9.10466194152832,"Unknown"
"7014852",371861,2025-09-06 16:06:01,43.1889686584473,-9.10468578338623,"Unknown"
"7014852",371861,2025-09-06 16:11:00,43.1889991760254,-9.10482311248779,"Unknown"
"7014852",371861,2025-09-06 16:15:57,43.18896484375,-9.10466384887695,"Unknown"
"7014852",371861,2025-09-06 16:20:54,43.1892585754395,-9.10513591766357,"Unknown"
"7014852",371861,2025-09-06 16:25:53,43.1893310546875,-9.10519313812256,"Unknown"
"7014852",371861,2025-09-06 16:30:52,43.1893615722656,-9.10517120361328,"Unknown"
"7014852",371861,2025-09-06 16:35:51,43.1893272399902,-9.10524940490723,"Unknown"
"7014852",371861,2025-09-06 16:40:54,43.1892890930176,-9.10516929626465,"Unknown"
"7014852",371861,2025-09-06 16:45:51,43.1894416809082,-9.10544586181641,"Unknown"
"7014852",371861,2025-09-06 16:50:52,43.1894454956055,-9.10538291931152,"Unknown"
"7014852",371861,2025-09-06 16:55:50,43.1892738342285,-9.10512638092041,"Unknown"
"7014852",371861,2025-09-06 17:00:53,43.1892395019531,-9.10509490966797,"Unknown"
"7014852",371861,2025-09-06 17:05:51,43.1892623901367,-9.10514450073242,"Unknown"
"7014852",371861,2025-09-06 17:11:01,43.1891899108887,-9.1049633026123,"Unknown"
"7014852",371861,2025-09-06 17:15:52,43.1891288757324,-9.10527801513672,"Unknown"
"7014852",371861,2025-09-06 17:21:23,43.1892471313477,-9.10401344299316,"Unknown"
"7014852",371861,2025-09-06 17:25:49,43.1886596679688,-9.10413265228271,"Unknown"
"7014852",371861,2025-09-06 17:30:50,43.1892929077148,-9.1043004989624,"Unknown"
"7014852",371861,2025-09-06 17:35:53,43.1883926391602,-9.10422992706299,"Unknown"
"7014852",371861,2025-09-06 17:40:55,43.1885147094727,-9.10422897338867,"Unknown"
"7014852",371861,2025-09-06 17:45:50,43.1885986328125,-9.10428333282471,"Unknown"
"7014852",371861,2025-09-06 17:50:52,43.1887016296387,-9.10422706604004,"Unknown"
"7014852",371861,2025-09-06 17:55:52,43.1888275146484,-9.10423183441162,"Unknown"
"7014852",371861,2025-09-06 18:00:53,43.1888160705566,-9.10428142547607,"Unknown"
"7014852",371861,2025-09-06 18:05:50,43.1889610290527,-9.10429954528809,"Unknown"
"7014852",371861,2025-09-06 18:10:50,43.1885871887207,-9.10434532165527,"Unknown"
"7014852",371861,2025-09-06 18:15:51,43.1889839172363,-9.09776306152344,"Unknown"
"7014852",371861,2025-09-06 18:20:57,43.1836814880371,-9.09278869628906,"Unknown"
"7014852",371861,2025-09-06 18:25:50,43.1830825805664,-9.09264755249023,"Unknown"
"7014852",371861,2025-09-06 18:31:00,43.1830215454102,-9.09200382232666,"Unknown"
"7014852",371861,2025-09-06 18:36:07,43.182918548584,-9.09270191192627,"Unknown"
"7014852",371861,2025-09-06 18:40:50,43.1878433227539,-9.09433555603027,"Unknown"
"7014852",371861,2025-09-06 18:46:00,43.1891326904297,-9.10081386566162,"Unknown"
"7014852",371861,2025-09-06 18:50:51,43.1895523071289,-9.10075283050537,"Unknown"
"7014852",371861,2025-09-06 18:55:51,43.1894721984863,-9.10063076019287,"Unknown"
"7014852",371861,2025-09-06 19:01:15,43.1890411376953,-9.10080718994141,"Unknown"
"7014852",371861,2025-09-06 19:05:50,43.1894836425781,-9.10070514678955,"Unknown"
"7014852",371861,2025-09-06 19:10:51,43.1892013549805,-9.10048580169678,"Unknown"
"7014852",371861,2025-09-06 19:15:50,43.1892623901367,-9.10059547424316,"Unknown"
"7014852",371861,2025-09-06 19:20:52,43.1891021728516,-9.10011100769043,"Unknown"
"7014852",371861,2025-09-06 19:25:52,43.190128326416,-9.10196208953857,"Unknown"
"7014852",371861,2025-09-06 19:30:52,43.1976661682129,-9.11361980438232,"Unknown"
"7014852",371861,2025-09-06 19:36:00,43.1986427307129,-9.11529159545898,"Unknown"
"7014852",371861,2025-09-06 19:41:00,43.1987266540527,-9.1154670715332,"Unknown"
"7014852",371861,2025-09-07 00:41:23,43.264949798584,-8.96109294891357,"Unknown"
"7014852",371861,2025-09-07 06:11:39,43.1945304870605,-9.04139518737793,"Unknown"
"7014852",371861,2025-09-07 06:17:14,43.1944694519043,-9.04168319702148,"Unknown"
"7014852",371861,2025-09-07 06:21:42,43.1940498352051,-9.04154109954834,"Unknown"
"7014852",371861,2025-09-07 06:26:38,43.1945877075195,-9.04157733917236,"Unknown"
"7014852",371861,2025-09-07 06:31:38,43.1944885253906,-9.04170513153076,"Unknown"
"7014852",371861,2025-09-07 06:36:37,43.1944770812988,-9.04169654846191,"Unknown"
"7014852",371861,2025-09-07 06:41:38,43.1944618225098,-9.04175186157227,"Unknown"
"7014852",371861,2025-09-07 06:46:38,43.1944885253906,-9.04181003570557,"Unknown"
"7014852",371861,2025-09-07 06:51:38,43.1932830810547,-9.04438304901123,"Unknown"
"7014852",371861,2025-09-07 06:56:38,43.1863403320312,-9.05353355407715,"Unknown"
"7014852",371861,2025-09-07 07:01:39,43.1862869262695,-9.05320167541504,"Unknown"
"7014852",371861,2025-09-07 07:07:05,43.1866912841797,-9.05298328399658,"Unknown"
"7014852",371861,2025-09-07 07:11:38,43.1865463256836,-9.05263900756836,"Unknown"
"7014852",371861,2025-09-07 07:16:39,43.1874465942383,-9.05036354064941,"Unknown"
"7014852",371861,2025-09-07 07:21:38,43.1871490478516,-9.05104064941406,"Unknown"
"7014852",371861,2025-09-07 07:26:38,43.1864814758301,-9.05316638946533,"Unknown"
"7014852",371861,2025-09-07 07:31:38,43.1890525817871,-9.087815284729,"Unknown"
"7014852",371861,2025-09-07 07:37:05,43.1864356994629,-9.09064197540283,"Unknown"
"7014852",371861,2025-09-07 07:41:38,43.1833724975586,-9.0926628112793,"Unknown"
"7014852",371861,2025-09-07 07:46:38,43.1854019165039,-9.09235286712646,"Unknown"
"7014852",371861,2025-09-07 07:51:38,43.1847152709961,-9.09224796295166,"Unknown"
"7014852",371861,2025-09-07 07:56:39,43.1847305297852,-9.09219169616699,"Unknown"
"7014852",371861,2025-09-07 08:01:38,43.1847305297852,-9.09232139587402,"Unknown"
"7014852",371861,2025-09-07 08:06:38,43.1848220825195,-9.09217929840088,"Unknown"
"7014852",371861,2025-09-07 08:12:01,43.1846618652344,-9.09247970581055,"Unknown"
"7014852",371861,2025-09-07 08:17:02,43.1848335266113,-9.09226131439209,"Unknown"
"7014852",371861,2025-09-07 08:22:03,43.1847686767578,-9.09217166900635,"Unknown"
"7014852",371861,2025-09-07 08:27:01,43.1846656799316,-9.09230899810791,"Unknown"
"7014852",371861,2025-09-07 08:32:01,43.1846046447754,-9.09220123291016,"Unknown"
"7014852",371861,2025-09-07 08:37:01,43.1846160888672,-9.09233570098877,"Unknown"
"7014852",371861,2025-09-07 08:42:01,43.1847190856934,-9.09231948852539,"Unknown"
"7014852",371861,2025-09-07 08:47:01,43.1846733093262,-9.09213829040527,"Unknown"
"7014852",371861,2025-09-07 08:52:01,43.1847343444824,-9.09212398529053,"Unknown"
"7014852",371861,2025-09-07 08:57:01,43.1846656799316,-9.09210300445557,"Unknown"
"7014852",371861,2025-09-07 09:02:01,43.1847534179688,-9.09215641021729,"Unknown"
"7014852",371861,2025-09-07 09:07:00,43.1830749511719,-9.0927209854126,"Unknown"
"7014852",371861,2025-09-07 09:12:02,43.1832580566406,-9.09256267547607,"Unknown"
"7014852",371861,2025-09-07 09:17:01,43.1830978393555,-9.09276390075684,"Unknown"
"7014852",371861,2025-09-07 09:22:01,43.1831588745117,-9.09264659881592,"Unknown"
"7014852",371861,2025-09-07 09:27:01,43.1831703186035,-9.09262657165527,"Unknown"
"7014852",371861,2025-09-07 09:32:01,43.1831474304199,-9.09261894226074,"Unknown"
"7014852",371861,2025-09-07 09:37:01,43.1831817626953,-9.09248352050781,"Unknown"
"7014852",371861,2025-09-07 09:42:03,43.1840438842773,-9.09284210205078,"Unknown"
"7014852",371861,2025-09-07 09:47:01,43.1838569641113,-9.09318256378174,"Unknown"
"7014852",371861,2025-09-07 09:52:01,43.1848754882812,-9.09257030487061,"Unknown"
"7014852",371861,2025-09-07 09:57:14,43.1857147216797,-9.09266948699951,"Unknown"
"7014852",371861,2025-09-07 10:02:01,43.1852493286133,-9.09159851074219,"Unknown"
"7014852",371861,2025-09-07 10:07:04,43.1856727600098,-9.09159278869629,"Unknown"
"7014852",371861,2025-09-07 10:12:04,43.1852569580078,-9.09176254272461,"Unknown"
"7014852",371861,2025-09-07 10:17:02,43.1853675842285,-9.0917501449585,"Unknown"
"7014852",371861,2025-09-07 10:22:03,43.1853904724121,-9.09189510345459,"Unknown"
"7014852",371861,2025-09-07 10:27:07,43.1852416992188,-9.09168815612793,"Unknown"
"7014852",371861,2025-09-07 10:32:04,43.1852493286133,-9.09168243408203,"Unknown"
"7014852",371861,2025-09-07 10:37:03,43.1855163574219,-9.0918140411377,"Unknown"
"7014852",371861,2025-09-07 10:42:01,43.1853370666504,-9.0919713973999,"Unknown"
"7014852",371861,2025-09-07 10:47:04,43.1853256225586,-9.09171962738037,"Unknown"
"7014852",371861,2025-09-07 10:52:02,43.1854095458984,-9.09203338623047,"Unknown"
"7014852",371861,2025-09-07 10:57:04,43.1855316162109,-9.0923433303833,"Unknown"
"7014852",371861,2025-09-07 11:02:06,43.1855049133301,-9.09235286712646,"Unknown"
"7014852",371861,2025-09-07 11:07:08,43.1854591369629,-9.09238433837891,"Unknown"
"7014852",371861,2025-09-07 11:12:09,43.1852340698242,-9.09238243103027,"Unknown"
"7014852",371861,2025-09-07 11:17:11,43.1853675842285,-9.09237384796143,"Unknown"
"7014852",371861,2025-09-07 11:22:02,43.1923942565918,-9.09874629974365,"Unknown"
"7014852",371861,2025-09-07 11:27:06,43.1923370361328,-9.09850406646729,"Unknown"
"7014852",371861,2025-09-07 11:32:04,43.1922264099121,-9.09836196899414,"Unknown"
"7014852",371861,2025-09-07 11:37:07,43.1923141479492,-9.09845066070557,"Unknown"
"7014852",371861,2025-09-07 11:42:09,43.1922950744629,-9.09845924377441,"Unknown"
"7014852",371861,2025-09-07 11:47:09,43.1922416687012,-9.09839344024658,"Unknown"
"7014852",371861,2025-09-07 11:52:09,43.1922378540039,-9.09844970703125,"Unknown"
"7014852",371861,2025-09-07 11:57:06,43.1923217773438,-9.09850406646729,"Unknown"
"7014852",371861,2025-09-07 12:02:11,43.1922340393066,-9.09842967987061,"Unknown"
"7014852",371861,2025-09-07 12:07:02,43.1922035217285,-9.09830188751221,"Unknown"
"7014852",371861,2025-09-07 12:12:07,43.1921997070312,-9.09839916229248,"Unknown"
"7014852",371861,2025-09-07 12:17:04,43.192253112793,-9.0985279083252,"Unknown"
"7014852",371861,2025-09-07 12:22:07,43.1890411376953,-9.10340881347656,"Unknown"
"7014852",371861,2025-09-07 12:27:04,43.188892364502,-9.10430526733398,"Unknown"
"7014852",371861,2025-09-07 12:32:03,43.1889839172363,-9.10434818267822,"Unknown"
"7014852",371861,2025-09-07 12:37:02,43.1889495849609,-9.10427761077881,"Unknown"
"7014852",371861,2025-09-07 12:42:03,43.1888008117676,-9.10397338867188,"Unknown"
"7014852",371861,2025-09-07 12:47:04,43.1889724731445,-9.10419464111328,"Unknown"
"7014852",371861,2025-09-07 12:52:02,43.1887016296387,-9.1038646697998,"Unknown"
"7014852",371861,2025-09-07 12:57:06,43.1890602111816,-9.10445785522461,"Unknown"
"7014852",371861,2025-09-07 13:02:09,43.1889228820801,-9.10436058044434,"Unknown"
"7014852",371861,2025-09-07 13:07:09,43.1889305114746,-9.10434722900391,"Unknown"
"7014852",371861,2025-09-07 13:12:14,43.1888618469238,-9.10421562194824,"Unknown"
"7014852",371861,2025-09-07 13:17:06,43.1889801025391,-9.10431003570557,"Unknown"
"7014852",371861,2025-09-07 13:22:06,43.1889724731445,-9.10440540313721,"Unknown"
"7014852",371861,2025-09-07 13:27:03,43.1892280578613,-9.10447788238525,"Unknown"
"7014852",371861,2025-09-07 13:32:07,43.1887855529785,-9.10544967651367,"Unknown"
"7014852",371861,2025-09-07 13:37:07,43.1889419555664,-9.10430335998535,"Unknown"
"7014852",371861,2025-09-07 13:42:08,43.1889495849609,-9.10435676574707,"Unknown"
"7014852",371861,2025-09-07 13:47:03,43.1872177124023,-9.10677146911621,"Unknown"
"7014852",371861,2025-09-07 13:52:02,43.1943626403809,-9.11938571929932,"Unknown"
"7014852",371861,2025-09-07 13:57:01,43.1943702697754,-9.11936473846436,"Unknown"
"7014852",371861,2025-09-07 14:02:02,43.1925964355469,-9.13211917877197,"Unknown"
"7014852",371861,2025-09-07 14:07:35,43.1904563903809,-9.13566780090332,"Unknown"
"7014852",371861,2025-09-07 14:12:01,43.1906776428223,-9.14208984375,"Unknown"
"7014852",371861,2025-09-07 14:17:01,43.1910514831543,-9.13710880279541,"Unknown"
"7014852",371861,2025-09-07 14:22:03,43.1919708251953,-9.11327743530273,"Unknown"
"7014852",371861,2025-09-07 14:27:03,43.1921005249023,-9.11348247528076,"Unknown"
"7014852",371861,2025-09-07 14:32:03,43.1918563842773,-9.1135082244873,"Unknown"
"7014852",371861,2025-09-07 14:37:03,43.1921272277832,-9.11326885223389,"Unknown"
"7014852",371861,2025-09-07 14:42:09,43.1920776367188,-9.11329936981201,"Unknown"
"7014852",371861,2025-09-07 14:47:01,43.1921577453613,-9.11334800720215,"Unknown"
"7014852",371861,2025-09-07 14:52:01,43.1920547485352,-9.11336612701416,"Unknown"
"7014852",371861,2025-09-07 14:57:02,43.1920013427734,-9.11336803436279,"Unknown"
"7014852",371861,2025-09-07 15:02:01,43.1918678283691,-9.11329555511475,"Unknown"
"7014852",371861,2025-09-07 15:07:01,43.1920127868652,-9.11322402954102,"Unknown"
"7014852",371861,2025-09-07 15:12:01,43.1919403076172,-9.11314678192139,"Unknown"
"7014852",371861,2025-09-07 15:17:01,43.1919326782227,-9.1129903793335,"Unknown"
"7014852",371861,2025-09-07 15:22:01,43.1917343139648,-9.11286544799805,"Unknown"
"7014852",371861,2025-09-07 15:27:59,43.1919326782227,-9.11273384094238,"Unknown"
"7014852",371861,2025-09-07 15:32:00,43.1885757446289,-9.10424995422363,"Unknown"
"7014852",371861,2025-09-07 15:37:00,43.1885795593262,-9.10427284240723,"Unknown"
"7014852",371861,2025-09-07 15:42:00,43.1884689331055,-9.10433483123779,"Unknown"
"7014852",371861,2025-09-07 15:47:00,43.1885223388672,-9.10441112518311,"Unknown"
"7014852",371861,2025-09-07 15:52:00,43.1884651184082,-9.10434722900391,"Unknown"
"7014852",371861,2025-09-07 15:57:01,43.1885032653809,-9.1043643951416,"Unknown"
"7014852",371861,2025-09-07 16:02:00,43.1885108947754,-9.10435962677002,"Unknown"
"7014852",371861,2025-09-07 16:07:01,43.1885681152344,-9.10438442230225,"Unknown"
"7014852",371861,2025-09-07 16:12:02,43.1952438354492,-9.10515975952148,"Unknown"
"7014852",371861,2025-09-07 16:17:02,43.1951332092285,-9.10550403594971,"Unknown"
"7014852",371861,2025-09-07 16:22:02,43.195011138916,-9.10517597198486,"Unknown"
"7014852",371861,2025-09-07 16:27:03,43.1952018737793,-9.1052942276001,"Unknown"
"7014852",371861,2025-09-07 16:32:02,43.1952095031738,-9.10508346557617,"Unknown"
"7014852",371861,2025-09-07 16:37:02,43.1914443969727,-9.09823131561279,"Unknown"
"7014852",371861,2025-09-07 16:42:03,43.1914215087891,-9.09823989868164,"Unknown"
"7014852",371861,2025-09-07 16:47:02,43.1914482116699,-9.09834671020508,"Unknown"
"7014852",371861,2025-09-07 16:52:02,43.1914863586426,-9.09812164306641,"Unknown"
"7014852",371861,2025-09-07 16:57:03,43.1914482116699,-9.09819030761719,"Unknown"
"7014852",371861,2025-09-07 17:02:03,43.191478729248,-9.09814453125,"Unknown"
"7014852",371861,2025-09-07 17:07:03,43.1916046142578,-9.09781551361084,"Unknown"
"7014852",371861,2025-09-07 17:12:03,43.1917114257812,-9.09776210784912,"Unknown"
"7014852",371861,2025-09-07 17:17:02,43.1916732788086,-9.09780693054199,"Unknown"
"7014852",371861,2025-09-07 17:22:02,43.1916236877441,-9.09775829315186,"Unknown"
"7014852",371861,2025-09-07 17:27:02,43.1916999816895,-9.0977611541748,"Unknown"
"7014852",371861,2025-09-07 17:32:02,43.1917572021484,-9.09777164459229,"Unknown"
"7014852",371861,2025-09-07 17:37:03,43.1918106079102,-9.09774017333984,"Unknown"
"7014852",371861,2025-09-07 17:42:14,43.1916732788086,-9.09774780273438,"Unknown"
"7014852",371861,2025-09-07 17:47:01,43.1916656494141,-9.0977783203125,"Unknown"
"7014852",371861,2025-09-07 17:52:02,43.1916198730469,-9.09777355194092,"Unknown"
"7014852",371861,2025-09-07 17:57:01,43.1916275024414,-9.0977087020874,"Unknown"
"7014852",371861,2025-09-07 18:02:01,43.1916542053223,-9.09775352478027,"Unknown"
"7014852",371861,2025-09-07 18:07:01,43.1916542053223,-9.09772872924805,"Unknown"
"7014852",371861,2025-09-07 18:12:03,43.1917037963867,-9.09781932830811,"Unknown"
"7014852",371861,2025-09-07 18:17:07,43.1916313171387,-9.09770393371582,"Unknown"
"7014852",371861,2025-09-07 18:22:06,43.1915664672852,-9.0977087020874,"Unknown"
"7014852",371861,2025-09-07 18:27:02,43.191577911377,-9.09759902954102,"Unknown"
"7014852",371861,2025-09-07 18:32:05,43.1915435791016,-9.09752178192139,"Unknown"
"7014852",371861,2025-09-07 18:37:08,43.1916313171387,-9.09764099121094,"Unknown"
"7014852",371861,2025-09-07 18:42:06,43.1916809082031,-9.09762668609619,"Unknown"
"7014852",371861,2025-09-07 18:47:04,43.1917839050293,-9.09793758392334,"Unknown"
"7014852",371861,2025-09-07 18:52:06,43.1846885681152,-9.09116077423096,"Unknown"
"7014852",371861,2025-09-07 18:57:04,43.1848449707031,-9.09161949157715,"Unknown"
"7014852",371861,2025-09-07 19:02:04,43.184814453125,-9.09145832061768,"Unknown"
"7014852",371861,2025-09-07 19:07:09,43.1848487854004,-9.09146022796631,"Unknown"
"7014852",371861,2025-09-07 19:12:26,43.184684753418,-9.09145927429199,"Unknown"
"7014852",371861,2025-09-07 19:17:11,43.1858901977539,-9.09110164642334,"Unknown"
"7014852",371861,2025-09-07 19:22:12,43.1858177185059,-9.09120082855225,"Unknown"
"7014852",371861,2025-09-07 19:27:07,43.1962623596191,-9.09637355804443,"Unknown"
"7014852",371861,2025-09-07 19:32:10,43.2123947143555,-9.05579090118408,"Unknown"
"7014852",371861,2025-09-07 19:38:51,43.2399063110352,-9.00979900360107,"Unknown"
"7014852",371861,2025-09-08 00:39:14,43.2654838562012,-8.96181392669678,"Unknown"
"7014852",371861,2025-09-08 05:38:49,43.2213516235352,-9.00580024719238,"Unknown"
"7014852",371861,2025-09-08 06:12:25,43.1949195861816,-9.04026508331299,"Unknown"
"7014852",371861,2025-09-08 06:17:22,43.1948165893555,-9.03958034515381,"Unknown"
"7014852",371861,2025-09-08 06:22:20,43.1950187683105,-9.04091644287109,"Unknown"
"7014852",371861,2025-09-08 06:27:22,43.1947593688965,-9.04255104064941,"Unknown"
"7014852",371861,2025-09-08 06:32:24,43.1948127746582,-9.04242706298828,"Unknown"
"7014852",371861,2025-09-08 06:37:21,43.194694519043,-9.04377555847168,"Unknown"
"7014852",371861,2025-09-08 06:42:19,43.193431854248,-9.04683017730713,"Unknown"
"7014852",371861,2025-09-08 06:47:20,43.1884346008301,-9.08725070953369,"Unknown"
"7014852",371861,2025-09-08 06:52:25,43.1854553222656,-9.09148597717285,"Unknown"
"7014852",371861,2025-09-08 06:57:21,43.185417175293,-9.09280490875244,"Unknown"
"7014852",371861,2025-09-08 07:02:21,43.1854667663574,-9.09273719787598,"Unknown"
"7014852",371861,2025-09-08 07:07:20,43.1850395202637,-9.09218788146973,"Unknown"
"7014852",371861,2025-09-08 07:12:20,43.1853294372559,-9.09190654754639,"Unknown"
"7014852",371861,2025-09-08 07:17:21,43.185417175293,-9.09171581268311,"Unknown"
"7014852",371861,2025-09-08 07:22:20,43.185474395752,-9.09128379821777,"Unknown"
"7014852",371861,2025-09-08 07:27:23,43.185375213623,-9.09183406829834,"Unknown"
"7014852",371861,2025-09-08 07:32:21,43.1854515075684,-9.09162425994873,"Unknown"
"7014852",371861,2025-09-08 07:37:24,43.1865692138672,-9.09068870544434,"Unknown"
"7014852",371861,2025-09-08 07:42:23,43.1847534179688,-9.09264945983887,"Unknown"
"7014852",371861,2025-09-08 07:47:22,43.1852798461914,-9.0916051864624,"Unknown"
"7014852",371861,2025-09-08 07:52:23,43.1851272583008,-9.09169483184814,"Unknown"
"7014852",371861,2025-09-08 07:57:21,43.1849822998047,-9.09211540222168,"Unknown"
"7014852",371861,2025-09-08 08:02:23,43.1854362487793,-9.09121036529541,"Unknown"
"7014852",371861,2025-09-08 08:07:21,43.1849365234375,-9.09208869934082,"Unknown"
"7014852",371861,2025-09-08 08:12:21,43.1848793029785,-9.09217929840088,"Unknown"
"7014852",371861,2025-09-08 08:17:21,43.1847801208496,-9.09213924407959,"Unknown"
"7014852",371861,2025-09-08 08:22:30,43.1852416992188,-9.09159660339355,"Unknown"
"7014852",371861,2025-09-08 08:27:23,43.1834754943848,-9.09335517883301,"Unknown"
"7014852",371861,2025-09-08 08:32:24,43.1834411621094,-9.09323215484619,"Unknown"
"7014852",371861,2025-09-08 08:37:20,43.1835784912109,-9.0930061340332,"Unknown"
"7014852",371861,2025-09-08 08:42:20,43.1839752197266,-9.09346008300781,"Unknown"
"7014852",371861,2025-09-08 08:47:20,43.183708190918,-9.0930814743042,"Unknown"
"7014852",371861,2025-09-08 08:52:20,43.1837463378906,-9.09299373626709,"Unknown"
"7014852",371861,2025-09-08 08:57:27,43.1838531494141,-9.09275245666504,"Unknown"
"7014852",371861,2025-09-08 09:02:21,43.183765411377,-9.09300708770752,"Unknown"
"7014852",371861,2025-09-08 09:07:27,43.1836929321289,-9.09302139282227,"Unknown"
"7014852",371861,2025-09-08 09:12:21,43.1833915710449,-9.09284210205078,"Unknown"
"7014852",371861,2025-09-08 09:17:21,43.1834907531738,-9.09292411804199,"Unknown"
"7014852",371861,2025-09-08 09:22:20,43.1835098266602,-9.09294414520264,"Unknown"
"7014852",371861,2025-09-08 09:27:21,43.1832466125488,-9.09264945983887,"Unknown"
"7014852",371861,2025-09-08 09:32:20,43.1831016540527,-9.09255695343018,"Unknown"
"7014852",371861,2025-09-08 09:37:25,43.18359375,-9.09286689758301,"Unknown"
"7014852",371861,2025-09-08 09:42:40,43.1833114624023,-9.09257698059082,"Unknown"
"7014852",371861,2025-09-08 09:47:35,43.1835556030273,-9.09284019470215,"Unknown"
"7014852",371861,2025-09-08 09:52:34,43.183650970459,-9.09262466430664,"Unknown"
"7014852",371861,2025-09-08 09:57:41,43.1836585998535,-9.0927791595459,"Unknown"
"7014852",371861,2025-09-08 10:02:23,43.1828460693359,-9.09222316741943,"Unknown"
"7014852",371861,2025-09-08 10:07:21,43.1838455200195,-9.09294414520264,"Unknown"
"7014852",371861,2025-09-08 10:12:29,43.1838111877441,-9.09291172027588,"Unknown"
"7014852",371861,2025-09-08 10:17:36,43.1859283447266,-9.09284591674805,"Unknown"
"7014852",371861,2025-09-08 10:22:28,43.1865692138672,-9.09323692321777,"Unknown"
"7014852",371861,2025-09-08 10:27:23,43.1861305236816,-9.09288120269775,"Unknown"
"7014852",371861,2025-09-08 10:32:53,43.1857833862305,-9.09240913391113,"Unknown"
"7014852",371861,2025-09-08 10:37:44,43.1832542419434,-9.09236717224121,"Unknown"
"7014852",371861,2025-09-08 10:42:20,43.1839790344238,-9.09325313568115,"Unknown"
"7014852",371861,2025-09-08 10:47:21,43.1840019226074,-9.09326839447021,"Unknown"
"7014852",371861,2025-09-08 10:52:32,43.1833419799805,-9.0924711227417,"Unknown"
"7014852",371861,2025-09-08 10:57:20,43.1890869140625,-9.10104274749756,"Unknown"
"7014852",371861,2025-09-08 11:02:32,43.1885185241699,-9.100022315979,"Unknown"
"7014852",371861,2025-09-08 11:07:23,43.1878280639648,-9.09897804260254,"Unknown"
"7014852",371861,2025-09-08 11:12:30,43.188793182373,-9.10016441345215,"Unknown"
"7014852",371861,2025-09-08 11:17:24,43.1894416809082,-9.10111427307129,"Unknown"
"7014852",371861,2025-09-08 11:22:33,43.1860160827637,-9.09235191345215,"Unknown"
"7014852",371861,2025-09-08 11:27:32,43.183277130127,-9.0925874710083,"Unknown"
"7014852",371861,2025-09-08 11:32:44,43.182746887207,-9.09278964996338,"Unknown"
"7014852",371861,2025-09-08 11:37:32,43.1826667785645,-9.09304332733154,"Unknown"
"7014852",371861,2025-09-08 11:42:31,43.1826210021973,-9.09258460998535,"Unknown"
"7014852",371861,2025-09-08 11:47:30,43.1830024719238,-9.09293746948242,"Unknown"
"7014852",371861,2025-09-08 11:52:23,43.1825065612793,-9.09239768981934,"Unknown"
"7014852",371861,2025-09-08 11:57:30,43.1836204528809,-9.09304332733154,"Unknown"
"7014852",371861,2025-09-08 12:02:30,43.1840362548828,-9.09290218353271,"Unknown"
"7014852",371861,2025-09-08 12:07:30,43.1833076477051,-9.09311962127686,"Unknown"
"7014852",371861,2025-09-08 12:12:30,43.183349609375,-9.09300231933594,"Unknown"
"7014852",371861,2025-09-08 12:17:30,43.1836242675781,-9.09300231933594,"Unknown"
"7014852",371861,2025-09-08 12:22:38,43.183650970459,-9.09345722198486,"Unknown"
"7014852",371861,2025-09-08 12:27:28,43.184642791748,-9.09209156036377,"Unknown"
"7014852",371861,2025-09-08 12:32:44,43.1848945617676,-9.09216976165771,"Unknown"
"7014852",371861,2025-09-08 12:37:30,43.184700012207,-9.09218215942383,"Unknown"
"7014852",371861,2025-09-08 12:42:30,43.1848754882812,-9.09232807159424,"Unknown"
"7014852",371861,2025-09-08 12:47:44,43.1848754882812,-9.09176826477051,"Unknown"
"7014852",371861,2025-09-08 12:52:29,43.1848297119141,-9.09182071685791,"Unknown"
"7014852",371861,2025-09-08 12:57:24,43.1844177246094,-9.09243774414062,"Unknown"
"7014852",371861,2025-09-08 13:02:23,43.1838417053223,-9.09279632568359,"Unknown"
"7014852",371861,2025-09-08 13:07:24,43.183895111084,-9.09286308288574,"Unknown"
"7014852",371861,2025-09-08 13:12:25,43.1841697692871,-9.09348297119141,"Unknown"
"7014852",371861,2025-09-08 13:17:25,43.1841316223145,-9.0933666229248,"Unknown"
"7014852",371861,2025-09-08 13:22:24,43.1843566894531,-9.09368991851807,"Unknown"
"7014852",371861,2025-09-08 13:27:23,43.1831130981445,-9.09211349487305,"Unknown"
"7014852",371861,2025-09-08 13:32:44,43.1840400695801,-9.09290981292725,"Unknown"
"7014852",371861,2025-09-08 13:37:32,43.1840286254883,-9.09298324584961,"Unknown"
"7014852",371861,2025-09-08 13:42:32,43.1841011047363,-9.0930004119873,"Unknown"
"7014852",371861,2025-09-08 13:47:47,43.1840438842773,-9.09300518035889,"Unknown"
"7014852",371861,2025-09-08 13:52:48,43.1839942932129,-9.09307956695557,"Unknown"
"7014852",371861,2025-09-08 13:57:53,43.1840171813965,-9.09294414520264,"Unknown"
"7014852",371861,2025-09-08 14:02:19,43.1840553283691,-9.09293937683105,"Unknown"
"7014852",371861,2025-09-08 14:07:20,43.1839752197266,-9.09298610687256,"Unknown"
"7014852",371861,2025-09-08 14:12:19,43.1839828491211,-9.09299087524414,"Unknown"
"7014852",371861,2025-09-08 14:17:19,43.1840019226074,-9.09294605255127,"Unknown"
"7014852",371861,2025-09-08 14:22:19,43.1840133666992,-9.09293746948242,"Unknown"
"7014852",371861,2025-09-08 14:27:24,43.1839828491211,-9.09298324584961,"Unknown"
"7014852",371861,2025-09-08 14:32:44,43.1839561462402,-9.09299945831299,"Unknown"
"7014852",371861,2025-09-08 14:37:22,43.1890563964844,-9.09350204467773,"Unknown"
"7014852",371861,2025-09-08 14:42:19,43.1890869140625,-9.0934419631958,"Unknown"
"7014852",371861,2025-09-08 14:47:19,43.1888809204102,-9.09317398071289,"Unknown"
"7014852",371861,2025-09-08 14:52:19,43.1836967468262,-9.09273624420166,"Unknown"
"7014852",371861,2025-09-08 14:57:22,43.1835784912109,-9.09278869628906,"Unknown"
"7014852",371861,2025-09-08 15:02:19,43.1857948303223,-9.09267044067383,"Unknown"
"7014852",371861,2025-09-08 15:07:20,43.185863494873,-9.0925874710083,"Unknown"
"7014852",371861,2025-09-08 15:12:19,43.1883239746094,-9.0944185256958,"Unknown"
"7014852",371861,2025-09-08 15:17:21,43.1907615661621,-9.09669971466064,"Unknown"
"7014852",371861,2025-09-08 15:22:19,43.1907501220703,-9.09671211242676,"Unknown"
"7014852",371861,2025-09-08 15:27:24,43.1907348632812,-9.09697341918945,"Unknown"
"7014852",371861,2025-09-08 15:32:19,43.1907272338867,-9.09699630737305,"Unknown"
"7014852",371861,2025-09-08 15:37:23,43.1908226013184,-9.09798812866211,"Unknown"
"7014852",371861,2025-09-08 15:42:21,43.1906433105469,-9.09800815582275,"Unknown"
"7014852",371861,2025-09-08 15:47:22,43.1910705566406,-9.09802055358887,"Unknown"
"7014852",371861,2025-09-08 15:52:22,43.1909866333008,-9.09802722930908,"Unknown"
"7014852",371861,2025-09-08 15:57:22,43.1906585693359,-9.09797096252441,"Unknown"
"7014852",371861,2025-09-08 16:02:20,43.1907958984375,-9.09791469573975,"Unknown"
"7014852",371861,2025-09-08 16:07:20,43.1908302307129,-9.0980339050293,"Unknown"
"7014852",371861,2025-09-08 16:12:22,43.1908149719238,-9.09796714782715,"Unknown"
"7014852",371861,2025-09-08 16:17:21,43.1856651306152,-9.09264850616455,"Unknown"
"7014852",371861,2025-09-08 16:22:21,43.1861953735352,-9.09126567840576,"Unknown"
"7014852",371861,2025-09-08 16:27:21,43.1849098205566,-9.09182453155518,"Unknown"
"7014852",371861,2025-09-08 16:32:21,43.1849136352539,-9.09164905548096,"Unknown"
"7014852",371861,2025-09-08 16:37:23,43.1851005554199,-9.09195041656494,"Unknown"
"7014852",371861,2025-09-08 16:42:24,43.1847953796387,-9.09169292449951,"Unknown"
"7014852",371861,2025-09-08 16:47:21,43.1831588745117,-9.09249401092529,"Unknown"
"7014852",371861,2025-09-08 16:52:22,43.1831703186035,-9.09238338470459,"Unknown"
"7014852",371861,2025-09-08 16:57:22,43.1831169128418,-9.09241199493408,"Unknown"
"7014852",371861,2025-09-08 17:02:21,43.1831588745117,-9.09235858917236,"Unknown"
"7014852",371861,2025-09-08 17:07:25,43.1832542419434,-9.09274291992188,"Unknown"
"7014852",371861,2025-09-08 17:12:40,43.1843376159668,-9.09185028076172,"Unknown"
"7014852",371861,2025-09-08 17:17:30,43.1835441589355,-9.09201240539551,"Unknown"
"7014852",371861,2025-09-08 17:22:30,43.1836395263672,-9.0917854309082,"Unknown"
"7014852",371861,2025-09-08 17:27:53,43.1836280822754,-9.09280586242676,"Unknown"
"7014852",371861,2025-09-08 17:32:21,43.1837921142578,-9.09286117553711,"Unknown"
"7014852",371861,2025-09-08 17:37:23,43.1838111877441,-9.09267139434814,"Unknown"
"7014852",371861,2025-09-08 17:42:30,43.1840133666992,-9.09267616271973,"Unknown"
"7014852",371861,2025-09-08 17:47:27,43.1838684082031,-9.09265422821045,"Unknown"
"7014852",371861,2025-09-08 17:52:25,43.1842460632324,-9.09298992156982,"Unknown"
"7014852",371861,2025-09-08 17:57:23,43.1841354370117,-9.0930233001709,"Unknown"
"7014852",371861,2025-09-08 18:02:53,43.1839370727539,-9.09297275543213,"Unknown"
"7014852",371861,2025-09-08 18:07:20,43.1838417053223,-9.09306621551514,"Unknown"
"7014852",371861,2025-09-08 18:12:21,43.1839408874512,-9.09294033050537,"Unknown"
"7014852",371861,2025-09-08 18:17:20,43.1838150024414,-9.09297561645508,"Unknown"
"7014852",371861,2025-09-08 18:22:22,43.1834564208984,-9.09212589263916,"Unknown"
"7014852",371861,2025-09-08 18:27:28,43.1830520629883,-9.0924654006958,"Unknown"
"7014852",371861,2025-09-08 18:32:23,43.1830902099609,-9.09253215789795,"Unknown"
"7014852",371861,2025-09-08 18:37:21,43.1829643249512,-9.09268379211426,"Unknown"
"7014852",371861,2025-09-08 18:42:51,43.1831970214844,-9.0927848815918,"Unknown"
"7014852",371861,2025-09-08 18:47:30,43.1833190917969,-9.09248924255371,"Unknown"
"7014852",371861,2025-09-08 18:52:36,43.1833992004395,-9.09267520904541,"Unknown"
"7014852",371861,2025-09-08 18:57:45,43.1832313537598,-9.09288311004639,"Unknown"
"7014852",371861,2025-09-08 19:02:49,43.1831932067871,-9.09256553649902,"Unknown"
"7014852",371861,2025-09-08 19:07:32,43.1831893920898,-9.09211921691895,"Unknown"
"7014852",371861,2025-09-08 19:12:20,43.1856384277344,-9.09261894226074,"Unknown"
"7014852",371861,2025-09-08 19:17:21,43.1917533874512,-9.09857749938965,"Unknown"
"7014852",371861,2025-09-08 19:22:21,43.1965293884277,-9.12425231933594,"Unknown"
"7014852",371861,2025-09-08 19:27:21,43.1964416503906,-9.12428283691406,"Unknown"
"7014852",371861,2025-09-08 19:32:21,43.1961326599121,-9.14740562438965,"Unknown"
"7014852",371861,2025-09-08 19:37:29,43.194019317627,-9.15114307403564,"Unknown"
"7014852",371861,2025-09-09 00:38:05,43.1628303527832,-9.21327018737793,"Unknown"
"7014852",371861,2025-09-09 05:37:59,43.1628646850586,-9.21331405639648,"Unknown"
"7014852",371861,2025-09-09 06:14:02,43.1855087280273,-9.10517311096191,"Unknown"
"7014852",371861,2025-09-09 06:19:08,43.185546875,-9.10524940490723,"Unknown"
"7014852",371861,2025-09-09 06:24:04,43.1855392456055,-9.10551071166992,"Unknown"
"7014852",371861,2025-09-09 06:29:02,43.1855354309082,-9.10542106628418,"Unknown"
"7014852",371861,2025-09-09 06:34:06,43.184455871582,-9.09225082397461,"Unknown"
"7014852",371861,2025-09-09 06:39:02,43.1838722229004,-9.09169387817383,"Unknown"
"7014852",371861,2025-09-09 06:44:03,43.1836051940918,-9.09182071685791,"Unknown"
"7014852",371861,2025-09-09 06:49:10,43.1838035583496,-9.09309387207031,"Unknown"
"7014852",371861,2025-09-09 06:54:03,43.1848640441895,-9.09167575836182,"Unknown"
"7014852",371861,2025-09-09 06:59:02,43.1849327087402,-9.09181880950928,"Unknown"
"7014852",371861,2025-09-09 07:04:02,43.1843376159668,-9.09223556518555,"Unknown"
"7014852",371861,2025-09-09 07:09:05,43.1831130981445,-9.09220695495605,"Unknown"
"7014852",371861,2025-09-09 07:14:02,43.1844291687012,-9.09296703338623,"Unknown"
"7014852",371861,2025-09-09 07:19:09,43.1831512451172,-9.09324359893799,"Unknown"
"7014852",371861,2025-09-09 07:24:02,43.1832122802734,-9.09269046783447,"Unknown"
"7014852",371861,2025-09-09 07:29:12,43.1833839416504,-9.09308242797852,"Unknown"
"7014852",371861,2025-09-09 07:34:03,43.183837890625,-9.09307384490967,"Unknown"
"7014852",371861,2025-09-09 07:39:14,43.1836090087891,-9.09304237365723,"Unknown"
"7014852",371861,2025-09-09 07:44:04,43.1835746765137,-9.09298038482666,"Unknown"
"7014852",371861,2025-09-09 07:49:09,43.1833839416504,-9.0932035446167,"Unknown"
"7014852",371861,2025-09-09 07:54:09,43.1834297180176,-9.09283065795898,"Unknown"
"7014852",371861,2025-09-09 07:59:10,43.1833572387695,-9.09303092956543,"Unknown"
"7014852",371861,2025-09-09 08:04:09,43.1835250854492,-9.09286212921143,"Unknown"
"7014852",371861,2025-09-09 08:09:09,43.184024810791,-9.09236717224121,"Unknown"
"7014852",371861,2025-09-09 08:14:09,43.184211730957,-9.09197998046875,"Unknown"
"7014852",371861,2025-09-09 08:19:09,43.1842422485352,-9.09203052520752,"Unknown"
"7014852",371861,2025-09-09 08:24:09,43.1840896606445,-9.09236240386963,"Unknown"
"7014852",371861,2025-09-09 08:29:09,43.1826705932617,-9.09180927276611,"Unknown"
"7014852",371861,2025-09-09 08:34:09,43.1838035583496,-9.09270858764648,"Unknown"
"7014852",371861,2025-09-09 08:39:09,43.183780670166,-9.09288883209229,"Unknown"
"7014852",371861,2025-09-09 08:44:09,43.1836891174316,-9.09312343597412,"Unknown"
"7014852",371861,2025-09-09 08:49:14,43.1835632324219,-9.09290504455566,"Unknown"
"7014852",371861,2025-09-09 08:54:09,43.1835136413574,-9.09279727935791,"Unknown"
"7014852",371861,2025-09-09 08:59:07,43.183837890625,-9.09280967712402,"Unknown"
"7014852",371861,2025-09-09 09:04:09,43.1838912963867,-9.09271430969238,"Unknown"
"7014852",371861,2025-09-09 09:09:11,43.1836128234863,-9.09313774108887,"Unknown"
"7014852",371861,2025-09-09 09:14:09,43.1835021972656,-9.0930061340332,"Unknown"
"7014852",371861,2025-09-09 09:19:04,43.1839256286621,-9.0930700302124,"Unknown"
"7014852",371861,2025-09-09 09:24:08,43.183219909668,-9.09267330169678,"Unknown"
"7014852",371861,2025-09-09 09:29:08,43.1830902099609,-9.09255695343018,"Unknown"
"7014852",371861,2025-09-09 09:34:11,43.1813621520996,-9.09133243560791,"Unknown"
"7014852",371861,2025-09-09 09:39:04,43.1809234619141,-9.09135437011719,"Unknown"
"7014852",371861,2025-09-09 09:44:11,43.1809539794922,-9.09122180938721,"Unknown"
"7014852",371861,2025-09-09 09:49:14,43.185619354248,-9.09282398223877,"Unknown"
"7014852",371861,2025-09-09 09:54:08,43.1839981079102,-9.09280490875244,"Unknown"
"7014852",371861,2025-09-09 09:59:06,43.1839714050293,-9.09278774261475,"Unknown"
"7014852",371861,2025-09-09 10:04:03,43.1839256286621,-9.09310340881348,"Unknown"
"7014852",371861,2025-09-09 10:09:09,43.1856384277344,-9.09258937835693,"Unknown"
"7014852",371861,2025-09-09 10:14:09,43.1838989257812,-9.09312057495117,"Unknown"
"7014852",371861,2025-09-09 10:19:09,43.1836318969727,-9.09273624420166,"Unknown"
"7014852",371861,2025-09-09 10:24:09,43.1839714050293,-9.09282779693604,"Unknown"
"7014852",371861,2025-09-09 10:29:09,43.1839332580566,-9.09285545349121,"Unknown"
"7014852",371861,2025-09-09 10:34:15,43.1838722229004,-9.09286022186279,"Unknown"
"7014852",371861,2025-09-09 10:39:08,43.183952331543,-9.0927906036377,"Unknown"
"7014852",371861,2025-09-09 10:44:03,43.1835670471191,-9.09217643737793,"Unknown"
"7014852",371861,2025-09-09 10:49:12,43.1831474304199,-9.09182453155518,"Unknown"
"7014852",371861,2025-09-09 10:54:09,43.1809310913086,-9.09142589569092,"Unknown"
"7014852",371861,2025-09-09 10:59:14,43.1807594299316,-9.09100437164307,"Unknown"
"7014852",371861,2025-09-09 11:04:06,43.1807632446289,-9.09104919433594,"Unknown"
"7014852",371861,2025-09-09 11:09:08,43.1808280944824,-9.09107303619385,"Unknown"
"7014852",371861,2025-09-09 11:14:11,43.1807174682617,-9.09113502502441,"Unknown"
"7014852",371861,2025-09-09 11:19:26,43.180736541748,-9.09103965759277,"Unknown"
"7014852",371861,2025-09-09 11:24:10,43.1854553222656,-9.07731056213379,"Unknown"
"7014852",371861,2025-09-09 11:29:10,43.1938018798828,-9.04024219512939,"Unknown"
"7014852",371861,2025-09-09 11:34:23,43.193187713623,-9.04055976867676,"Unknown"
"7014852",371861,2025-09-09 11:39:07,43.193244934082,-9.04049396514893,"Unknown"
"7014852",371861,2025-09-09 11:44:09,43.1938095092773,-9.04202461242676,"Unknown"
"7014852",371861,2025-09-09 11:49:35,43.1938209533691,-9.04212188720703,"Unknown"
"7014852",371861,2025-09-09 11:54:03,43.1937370300293,-9.04222106933594,"Unknown"
"7014852",371861,2025-09-09 11:59:05,43.1938056945801,-9.04215049743652,"Unknown"
"7014852",371861,2025-09-09 12:04:10,43.1935005187988,-9.04222202301025,"Unknown"
"7014852",371861,2025-09-09 12:09:06,43.1935653686523,-9.04185009002686,"Unknown"
"7014852",371861,2025-09-09 12:14:10,43.1934776306152,-9.04216480255127,"Unknown"
"7014852",371861,2025-09-09 12:19:02,43.1935348510742,-9.04216766357422,"Unknown"
"7014852",371861,2025-09-09 12:24:01,43.1935119628906,-9.04215335845947,"Unknown"
"7014852",371861,2025-09-09 12:29:01,43.1934471130371,-9.0422945022583,"Unknown"
"7014852",371861,2025-09-09 12:34:02,43.1935768127441,-9.0422477722168,"Unknown"
"7014852",371861,2025-09-09 12:39:02,43.193531036377,-9.04226016998291,"Unknown"
"7014852",371861,2025-09-09 12:44:04,43.1927299499512,-9.04793930053711,"Unknown"
"7014852",371861,2025-09-09 12:49:13,43.1934509277344,-9.04230117797852,"Unknown"
"7014852",371861,2025-09-09 12:54:03,43.1936264038086,-9.04239845275879,"Unknown"
"7014852",371861,2025-09-09 12:59:09,43.1939888000488,-9.04227066040039,"Unknown"
"7014852",371861,2025-09-09 13:04:03,43.1939849853516,-9.04240703582764,"Unknown"
"7014852",371861,2025-09-09 13:09:12,43.193416595459,-9.04240226745605,"Unknown"
"7014852",371861,2025-09-09 13:14:02,43.1931762695312,-9.04248905181885,"Unknown"
"7014852",371861,2025-09-09 13:19:06,43.1933631896973,-9.04232597351074,"Unknown"
"7014852",371861,2025-09-09 13:24:09,43.1932563781738,-9.04254531860352,"Unknown"
"7014852",371861,2025-09-09 13:29:06,43.1962814331055,-9.03935718536377,"Unknown"
"7014852",371861,2025-09-09 13:34:11,43.1933212280273,-9.04248905181885,"Unknown"
"7014852",371861,2025-09-09 13:39:02,43.1932144165039,-9.04245281219482,"Unknown"
"7014852",371861,2025-09-09 13:44:03,43.188663482666,-9.0465841293335,"Unknown"
"7014852",371861,2025-09-09 13:49:33,43.1883964538574,-9.04693031311035,"Unknown"
"7014852",371861,2025-09-09 13:54:02,43.1881332397461,-9.04691791534424,"Unknown"
"7014852",371861,2025-09-09 13:59:03,43.1880226135254,-9.04629230499268,"Unknown"
"7014852",371861,2025-09-09 14:04:02,43.1880378723145,-9.04642009735107,"Unknown"
"7014852",371861,2025-09-09 14:09:02,43.1880149841309,-9.04648113250732,"Unknown"
"7014852",371861,2025-09-09 14:14:02,43.1880531311035,-9.04658603668213,"Unknown"
"7014852",371861,2025-09-09 14:19:02,43.1883430480957,-9.04762363433838,"Unknown"
"7014852",371861,2025-09-09 14:24:02,43.1883201599121,-9.04770946502686,"Unknown"
"7014852",371861,2025-09-09 14:29:02,43.1883659362793,-9.04780006408691,"Unknown"
"7014852",371861,2025-09-09 14:34:01,43.1882820129395,-9.04802322387695,"Unknown"
"7014852",371861,2025-09-09 14:39:02,43.1881103515625,-9.04813385009766,"Unknown"
"7014852",371861,2025-09-09 14:44:04,43.188045501709,-9.04831409454346,"Unknown"
"7014852",371861,2025-09-09 14:49:06,43.1876831054688,-9.04988479614258,"Unknown"
"7014852",371861,2025-09-09 14:54:04,43.1876640319824,-9.04995441436768,"Unknown"
"7014852",371861,2025-09-09 14:59:07,43.1877059936523,-9.04988765716553,"Unknown"
"7014852",371861,2025-09-09 15:04:06,43.1877136230469,-9.05003261566162,"Unknown"
"7014852",371861,2025-09-09 15:09:06,43.187671661377,-9.04984092712402,"Unknown"
"7014852",371861,2025-09-09 15:14:08,43.1875877380371,-9.04972743988037,"Unknown"
"7014852",371861,2025-09-09 15:19:03,43.1867980957031,-9.05112552642822,"Unknown"
"7014852",371861,2025-09-09 15:24:08,43.1864204406738,-9.05220508575439,"Unknown"
"7014852",371861,2025-09-09 15:29:06,43.1868171691895,-9.08375549316406,"Unknown"
"7014852",371861,2025-09-09 15:34:12,43.1839790344238,-9.09315299987793,"Unknown"
"7014852",371861,2025-09-09 15:39:35,43.1833724975586,-9.09253978729248,"Unknown"
"7014852",371861,2025-09-09 15:44:03,43.1833343505859,-9.0925464630127,"Unknown"
"7014852",371861,2025-09-09 15:49:03,43.183536529541,-9.09262752532959,"Unknown"
"7014852",371861,2025-09-09 15:54:02,43.1833000183105,-9.09275245666504,"Unknown"
"7014852",371861,2025-09-09 15:59:11,43.1833000183105,-9.09288215637207,"Unknown"
"7014852",371861,2025-09-09 16:04:30,43.1836013793945,-9.09287357330322,"Unknown"
"7014852",371861,2025-09-09 16:09:04,43.1835670471191,-9.09286785125732,"Unknown"
"7014852",371861,2025-09-09 16:14:18,43.183177947998,-9.09282112121582,"Unknown"
"7014852",371861,2025-09-09 16:19:06,43.184024810791,-9.09289932250977,"Unknown"
"7014852",371861,2025-09-09 16:24:02,43.1838798522949,-9.09280014038086,"Unknown"
"7014852",371861,2025-09-09 16:29:02,43.1839904785156,-9.09296321868896,"Unknown"
"7014852",371861,2025-09-09 16:34:08,43.1839942932129,-9.09294700622559,"Unknown"
"7014852",371861,2025-09-09 16:39:03,43.1839599609375,-9.09270763397217,"Unknown"
"7014852",371861,2025-09-09 16:44:02,43.1839370727539,-9.09293651580811,"Unknown"
"7014852",371861,2025-09-09 16:49:02,43.1839904785156,-9.09293842315674,"Unknown"
"7014852",371861,2025-09-09 16:54:03,43.1840705871582,-9.09297847747803,"Unknown"
"7014852",371861,2025-09-09 16:59:03,43.1839828491211,-9.09292697906494,"Unknown"
"7014852",371861,2025-09-09 17:04:06,43.1834526062012,-9.09310150146484,"Unknown"
"7014852",371861,2025-09-09 17:09:02,43.1841888427734,-9.09256744384766,"Unknown"
"7014852",371861,2025-09-09 17:14:04,43.1897430419922,-9.09262084960938,"Unknown"
"7014852",371861,2025-09-09 17:19:04,43.1897430419922,-9.09255886077881,"Unknown"
"7014852",371861,2025-09-09 17:24:06,43.1903648376465,-9.09234142303467,"Unknown"
"7014852",371861,2025-09-09 17:29:06,43.1894340515137,-9.09305000305176,"Unknown"
"7014852",371861,2025-09-09 17:34:11,43.1892204284668,-9.09333896636963,"Unknown"
"7014852",371861,2025-09-09 17:39:06,43.1847152709961,-9.09193801879883,"Unknown"
"7014852",371861,2025-09-09 17:44:14,43.183967590332,-9.09288120269775,"Unknown"
"7014852",371861,2025-09-09 17:49:03,43.184154510498,-9.09302711486816,"Unknown"
"7014852",371861,2025-09-09 17:54:02,43.1936569213867,-9.08692455291748,"Unknown"
"7014852",371861,2025-09-09 17:59:05,43.1851081848145,-9.09134960174561,"Unknown"
"7014852",371861,2025-09-09 18:04:04,43.1848258972168,-9.09220790863037,"Unknown"
"7014852",371861,2025-09-09 18:09:35,43.1847763061523,-9.09171199798584,"Unknown"
"7014852",371861,2025-09-09 18:14:01,43.1848564147949,-9.09182357788086,"Unknown"
"7014852",371861,2025-09-09 18:19:01,43.184814453125,-9.09181213378906,"Unknown"
"7014852",371861,2025-09-09 18:24:01,43.1848526000977,-9.09182834625244,"Unknown"
"7014852",371861,2025-09-09 18:29:01,43.1848487854004,-9.09190464019775,"Unknown"
"7014852",371861,2025-09-09 18:34:01,43.1848297119141,-9.09179401397705,"Unknown"
"7014852",371861,2025-09-09 18:39:30,43.1831703186035,-9.09248638153076,"Unknown"
"7014852",371861,2025-09-09 18:44:35,43.1830558776855,-9.09241104125977,"Unknown"
"7014852",371861,2025-09-09 18:49:02,43.1830825805664,-9.09248352050781,"Unknown"
"7014852",371861,2025-09-09 18:54:02,43.183162689209,-9.09259510040283,"Unknown"
"7014852",371861,2025-09-09 18:59:02,43.1833152770996,-9.09245777130127,"Unknown"
"7014852",371861,2025-09-09 19:04:01,43.1831092834473,-9.09249019622803,"Unknown"
"7014852",371861,2025-09-09 19:09:07,43.1831893920898,-9.09244728088379,"Unknown"
"7014852",371861,2025-09-09 19:14:04,43.1848487854004,-9.09153079986572,"Unknown"
"7014852",371861,2025-09-09 19:19:01,43.1868133544922,-9.09098148345947,"Unknown"
"7014852",371861,2025-09-09 19:24:07,43.186824798584,-9.09084606170654,"Unknown"
"7014852",371861,2025-09-09 19:29:08,43.186767578125,-9.09096527099609,"Unknown"
"7014852",371861,2025-09-09 19:35:14,43.1968612670898,-9.09388256072998,"Unknown"
"7014852",371861,2025-09-10 00:35:44,43.1999778747559,-9.0925350189209,"Unknown"
"7014852",371861,2025-09-10 05:35:35,43.2654876708984,-8.96207237243652,"Unknown"
"7014852",371861,2025-09-10 06:15:07,43.2280158996582,-8.95874309539795,"Unknown"
"7014852",371861,2025-09-10 06:19:57,43.2267684936523,-8.98207378387451,"Unknown"
"7014852",371861,2025-09-10 06:24:57,43.215991973877,-8.99725151062012,"Unknown"
"7014852",371861,2025-09-10 06:29:59,43.216007232666,-8.99722862243652,"Unknown"
"7014852",371861,2025-09-10 06:34:57,43.216121673584,-8.99705696105957,"Unknown"
"7014852",371861,2025-09-10 06:39:56,43.2162246704102,-8.99750804901123,"Unknown"
"7014852",371861,2025-09-10 06:45:02,43.2161560058594,-8.99708271026611,"Unknown"
"7014852",371861,2025-09-10 06:49:56,43.2161521911621,-8.99714183807373,"Unknown"
"7014852",371861,2025-09-10 06:54:56,43.2161293029785,-8.99704742431641,"Unknown"
"7014852",371861,2025-09-10 06:59:56,43.2227668762207,-9.01318073272705,"Unknown"
"7014852",371861,2025-09-10 07:05:07,43.2143707275391,-9.03219604492188,"Unknown"
"7014852",371861,2025-09-10 07:09:58,43.1944961547852,-9.03986263275146,"Unknown"
"7014852",371861,2025-09-10 07:15:07,43.1850738525391,-9.06375789642334,"Unknown"
"7014852",371861,2025-09-10 07:20:14,43.1847381591797,-9.09196472167969,"Unknown"
"7014852",371861,2025-09-10 07:25:07,43.1840133666992,-9.09279251098633,"Unknown"
"7014852",371861,2025-09-10 07:30:14,43.1840133666992,-9.09279537200928,"Unknown"
"7014852",371861,2025-09-10 07:35:04,43.1837043762207,-9.09308052062988,"Unknown"
"7014852",371861,2025-09-10 07:39:58,43.184253692627,-9.09245014190674,"Unknown"
"7014852",371861,2025-09-10 07:45:31,43.1831703186035,-9.09244060516357,"Unknown"
"7014852",371861,2025-09-10 07:49:55,43.1829643249512,-9.09258270263672,"Unknown"
"7014852",371861,2025-09-10 07:54:55,43.1830177307129,-9.09256553649902,"Unknown"
"7014852",371861,2025-09-10 07:59:55,43.1830558776855,-9.09267330169678,"Unknown"
"7014852",371861,2025-09-10 08:04:56,43.1836547851562,-9.09284210205078,"Unknown"
"7014852",371861,2025-09-10 08:10:07,43.183219909668,-9.09255313873291,"Unknown"
"7014852",371861,2025-09-10 08:15:51,43.1830749511719,-9.09255695343018,"Unknown"
"7014852",371861,2025-09-10 08:20:49,43.1831169128418,-9.09232807159424,"Unknown"
"7014852",371861,2025-09-10 08:25:44,43.183048248291,-9.09256553649902,"Unknown"
"7014852",371861,2025-09-10 08:30:49,43.1841239929199,-9.09306907653809,"Unknown"
"7014852",371861,2025-09-10 08:35:43,43.1841354370117,-9.09237003326416,"Unknown"
"7014852",371861,2025-09-10 08:40:42,43.1839561462402,-9.09270668029785,"Unknown"
"7014852",371861,2025-09-10 08:45:45,43.1841659545898,-9.09280490875244,"Unknown"
"7014852",371861,2025-09-10 08:50:45,43.1841430664062,-9.09263324737549,"Unknown"
"7014852",371861,2025-09-10 08:56:05,43.1847686767578,-9.0916862487793,"Unknown"
"7014852",371861,2025-09-10 09:00:42,43.1848068237305,-9.09175205230713,"Unknown"
"7014852",371861,2025-09-10 09:05:49,43.1848106384277,-9.09166145324707,"Unknown"
"7014852",371861,2025-09-10 09:10:43,43.1847114562988,-9.09233093261719,"Unknown"
"7014852",371861,2025-09-10 09:15:47,43.1849136352539,-9.09123420715332,"Unknown"
"7014852",371861,2025-09-10 09:20:46,43.1848449707031,-9.09176826477051,"Unknown"
"7014852",371861,2025-09-10 09:25:42,43.1847915649414,-9.09171772003174,"Unknown"
"7014852",371861,2025-09-10 09:30:42,43.1865081787109,-9.08683300018311,"Unknown"
"7014852",371861,2025-09-10 09:35:44,43.1885681152344,-9.08956146240234,"Unknown"
"7014852",371861,2025-09-10 09:40:45,43.1886024475098,-9.08929252624512,"Unknown"
"7014852",371861,2025-09-10 09:45:42,43.1885604858398,-9.08916568756104,"Unknown"
"7014852",371861,2025-09-10 09:50:42,43.1886253356934,-9.09005260467529,"Unknown"
"7014852",371861,2025-09-10 09:55:47,43.188549041748,-9.0886402130127,"Unknown"
"7014852",371861,2025-09-10 10:00:43,43.1852607727051,-9.09193706512451,"Unknown"
"7014852",371861,2025-09-10 10:05:46,43.1847839355469,-9.09201717376709,"Unknown"
"7014852",371861,2025-09-10 10:11:05,43.1849136352539,-9.09182167053223,"Unknown"
"7014852",371861,2025-09-10 10:15:42,43.1835632324219,-9.09302711486816,"Unknown"
"7014852",371861,2025-09-10 10:20:41,43.1835594177246,-9.09300422668457,"Unknown"
"7014852",371861,2025-09-10 10:25:42,43.1835136413574,-9.09300518035889,"Unknown"
"7014852",371861,2025-09-10 10:30:41,43.1834907531738,-9.09306907653809,"Unknown"
"7014852",371861,2025-09-10 10:35:42,43.183464050293,-9.09284782409668,"Unknown"
"7014852",371861,2025-09-10 10:40:43,43.184268951416,-9.09310817718506,"Unknown"
"7014852",371861,2025-09-10 10:45:41,43.1847724914551,-9.09175205230713,"Unknown"
"7014852",371861,2025-09-10 10:50:48,43.1832656860352,-9.09268474578857,"Unknown"
"7014852",371861,2025-09-10 10:55:47,43.1837196350098,-9.09271717071533,"Unknown"
"7014852",371861,2025-09-10 11:00:42,43.1848258972168,-9.09177780151367,"Unknown"
"7014852",371861,2025-09-10 11:05:41,43.1848335266113,-9.09189033508301,"Unknown"
"7014852",371861,2025-09-10 11:10:41,43.1856575012207,-9.09271621704102,"Unknown"
"7014852",371861,2025-09-10 11:15:47,43.1856079101562,-9.09280204772949,"Unknown"
"7014852",371861,2025-09-10 11:20:48,43.1856918334961,-9.09274482727051,"Unknown"
"7014852",371861,2025-09-10 11:25:42,43.1856651306152,-9.09272003173828,"Unknown"
"7014852",371861,2025-09-10 11:30:41,43.1856498718262,-9.09267520904541,"Unknown"
"7014852",371861,2025-09-10 11:35:42,43.1856727600098,-9.09265995025635,"Unknown"
"7014852",371861,2025-09-10 11:40:56,43.185733795166,-9.09257698059082,"Unknown"
"7014852",371861,2025-09-10 11:45:42,43.1857643127441,-9.09253692626953,"Unknown"
"7014852",371861,2025-09-10 11:50:43,43.1858253479004,-9.09250736236572,"Unknown"
"7014852",371861,2025-09-10 11:55:42,43.1857681274414,-9.09252071380615,"Unknown"
"7014852",371861,2025-09-10 12:01:05,43.185718536377,-9.09257507324219,"Unknown"
"7014852",371861,2025-09-10 12:05:41,43.1857261657715,-9.09261608123779,"Unknown"
"7014852",371861,2025-09-10 12:10:41,43.1857719421387,-9.09261989593506,"Unknown"
"7014852",371861,2025-09-10 12:15:42,43.1857261657715,-9.09264373779297,"Unknown"
"7014852",371861,2025-09-10 12:20:41,43.1858177185059,-9.09259510040283,"Unknown"
"7014852",371861,2025-09-10 12:25:41,43.1862106323242,-9.09016704559326,"Unknown"
"7014852",371861,2025-09-10 12:30:42,43.1896209716797,-9.08982753753662,"Unknown"
"7014852",371861,2025-09-10 12:35:41,43.1896362304688,-9.08993053436279,"Unknown"
"7014852",371861,2025-09-10 12:40:41,43.1895713806152,-9.09009838104248,"Unknown"
"7014852",371861,2025-09-10 12:45:42,43.1895599365234,-9.09012794494629,"Unknown"
"7014852",371861,2025-09-10 12:50:42,43.1894874572754,-9.09005546569824,"Unknown"
"7014852",371861,2025-09-10 12:55:45,43.1894989013672,-9.0898904800415,"Unknown"
"7014852",371861,2025-09-10 13:00:42,43.1894836425781,-9.09004497528076,"Unknown"
"7014852",371861,2025-09-10 13:05:45,43.1895561218262,-9.09007740020752,"Unknown"
"7014852",371861,2025-09-10 13:10:42,43.1895027160645,-9.09005832672119,"Unknown"
"7014852",371861,2025-09-10 13:15:46,43.1895408630371,-9.09021186828613,"Unknown"
"7014852",371861,2025-09-10 13:20:41,43.189697265625,-9.09016513824463,"Unknown"
"7014852",371861,2025-09-10 13:25:44,43.1896514892578,-9.09024047851562,"Unknown"
"7014852",371861,2025-09-10 13:30:41,43.1895980834961,-9.09012985229492,"Unknown"
"7014852",371861,2025-09-10 13:35:43,43.1894226074219,-9.09060192108154,"Unknown"
"7014852",371861,2025-09-10 13:40:41,43.1895599365234,-9.09051132202148,"Unknown"
"7014852",371861,2025-09-10 13:45:41,43.1895141601562,-9.09049224853516,"Unknown"
"7014852",371861,2025-09-10 13:50:46,43.1896820068359,-9.090576171875,"Unknown"
"7014852",371861,2025-09-10 13:55:45,43.1891784667969,-9.09178352355957,"Unknown"
"7014852",371861,2025-09-10 14:00:55,43.1888656616211,-9.09101581573486,"Unknown"
"7014852",371861,2025-09-10 14:05:43,43.189453125,-9.09034442901611,"Unknown"
"7014852",371861,2025-09-10 14:10:55,43.1895599365234,-9.09064769744873,"Unknown"
"7014852",371861,2025-09-10 14:15:45,43.1895294189453,-9.09062099456787,"Unknown"
"7014852",371861,2025-09-10 14:20:45,43.1896324157715,-9.09102916717529,"Unknown"
"7014852",371861,2025-09-10 14:25:55,43.189380645752,-9.09078216552734,"Unknown"
"7014852",371861,2025-09-10 14:30:43,43.1893692016602,-9.09056663513184,"Unknown"
"7014852",371861,2025-09-10 14:35:43,43.189338684082,-9.09053230285645,"Unknown"
"7014852",371861,2025-09-10 14:40:44,43.1895065307617,-9.09099960327148,"Unknown"
"7014852",371861,2025-09-10 14:45:44,43.1893196105957,-9.09035396575928,"Unknown"
"7014852",371861,2025-09-10 14:50:43,43.1894874572754,-9.0909595489502,"Unknown"
"7014852",371861,2025-09-10 14:55:43,43.1894187927246,-9.09063148498535,"Unknown"
"7014852",371861,2025-09-10 15:00:42,43.1894111633301,-9.09063339233398,"Unknown"
"7014852",371861,2025-09-10 15:06:05,43.1894035339355,-9.09060287475586,"Unknown"
"7014852",371861,2025-09-10 15:10:42,43.1856002807617,-9.09271240234375,"Unknown"
"7014852",371861,2025-09-10 15:15:44,43.1857719421387,-9.09262657165527,"Unknown"
"7014852",371861,2025-09-10 15:20:41,43.1857223510742,-9.09255886077881,"Unknown"
"7014852",371861,2025-09-10 15:25:41,43.1838340759277,-9.09277725219727,"Unknown"
"7014852",371861,2025-09-10 15:30:42,43.1838645935059,-9.09280300140381,"Unknown"
"7014852",371861,2025-09-10 15:35:42,43.1839141845703,-9.09286308288574,"Unknown"
"7014852",371861,2025-09-10 15:40:42,43.1839981079102,-9.09308815002441,"Unknown"
"7014852",371861,2025-09-10 15:45:42,43.1838912963867,-9.09280490875244,"Unknown"
"7014852",371861,2025-09-10 15:50:43,43.1839408874512,-9.09293174743652,"Unknown"
"7014852",371861,2025-09-10 15:55:43,43.1839752197266,-9.09290790557861,"Unknown"
"7014852",371861,2025-09-10 16:00:43,43.1840209960938,-9.09296703338623,"Unknown"
"7014852",371861,2025-09-10 16:05:44,43.1839981079102,-9.09300422668457,"Unknown"
"7014852",371861,2025-09-10 16:10:44,43.1845893859863,-9.09381103515625,"Unknown"
"7014852",371861,2025-09-10 16:15:45,43.1839332580566,-9.09288215637207,"Unknown"
"7014852",371861,2025-09-10 16:20:43,43.1839179992676,-9.09282875061035,"Unknown"
"7014852",371861,2025-09-10 16:25:52,43.1840515136719,-9.09291362762451,"Unknown"
"7014852",371861,2025-09-10 16:31:05,43.1839332580566,-9.09284687042236,"Unknown"
"7014852",371861,2025-09-10 16:35:44,43.1892509460449,-9.09347534179688,"Unknown"
"7014852",371861,2025-09-10 16:40:42,43.1885566711426,-9.09321784973145,"Unknown"
"7014852",371861,2025-09-10 16:45:42,43.1885528564453,-9.0933084487915,"Unknown"
"7014852",371861,2025-09-10 16:50:44,43.1830673217773,-9.0926570892334,"Unknown"
"7014852",371861,2025-09-10 16:55:42,43.1831474304199,-9.09240436553955,"Unknown"
"7014852",371861,2025-09-10 17:00:56,43.1841354370117,-9.09236335754395,"Unknown"
"7014852",371861,2025-09-10 17:05:47,43.1842079162598,-9.09217262268066,"Unknown"
"7014852",371861,2025-09-10 17:10:47,43.1831474304199,-9.09239292144775,"Unknown"
"7014852",371861,2025-09-10 17:15:54,43.1829605102539,-9.09218120574951,"Unknown"
"7014852",371861,2025-09-10 17:20:49,43.1830024719238,-9.0919189453125,"Unknown"
"7014852",371861,2025-09-10 17:25:43,43.1830825805664,-9.0920524597168,"Unknown"
"7014852",371861,2025-09-10 17:30:43,43.1824798583984,-9.09188270568848,"Unknown"
"7014852",371861,2025-09-10 17:35:52,43.1823120117188,-9.09189224243164,"Unknown"
"7014852",371861,2025-09-10 17:40:52,43.1824073791504,-9.09223651885986,"Unknown"
"7014852",371861,2025-09-10 17:45:49,43.1840324401855,-9.09295463562012,"Unknown"
"7014852",371861,2025-09-10 17:51:05,43.1839294433594,-9.09294414520264,"Unknown"
"7014852",371861,2025-09-10 17:55:42,43.1838645935059,-9.0928783416748,"Unknown"
"7014852",371861,2025-09-10 18:00:43,43.183837890625,-9.0928258895874,"Unknown"
"7014852",371861,2025-09-10 18:05:42,43.1839714050293,-9.09294033050537,"Unknown"
"7014852",371861,2025-09-10 18:10:42,43.1839370727539,-9.09292030334473,"Unknown"
"7014852",371861,2025-09-10 18:15:42,43.18408203125,-9.09292030334473,"Unknown"
"7014852",371861,2025-09-10 18:20:43,43.1839218139648,-9.09291934967041,"Unknown"
"7014852",371861,2025-09-10 18:25:43,43.1839256286621,-9.09281253814697,"Unknown"
"7014852",371861,2025-09-10 18:30:46,43.1838912963867,-9.09294986724854,"Unknown"
"7014852",371861,2025-09-10 18:35:44,43.1838607788086,-9.09275722503662,"Unknown"
"7014852",371861,2025-09-10 18:40:43,43.1835098266602,-9.09285831451416,"Unknown"
"7014852",371861,2025-09-10 18:45:44,43.183521270752,-9.09276390075684,"Unknown"
"7014852",371861,2025-09-10 18:50:44,43.1832733154297,-9.09261989593506,"Unknown"
"7014852",371861,2025-09-10 18:56:05,43.183536529541,-9.09297847747803,"Unknown"
"7014852",371861,2025-09-10 19:00:42,43.1834678649902,-9.09299850463867,"Unknown"
"7014852",371861,2025-09-10 19:05:43,43.1836357116699,-9.09293651580811,"Unknown"
"7014852",371861,2025-09-10 19:10:42,43.1834983825684,-9.09299182891846,"Unknown"
"7014852",371861,2025-09-10 19:15:46,43.1837272644043,-9.09298324584961,"Unknown"
"7014852",371861,2025-09-10 19:20:49,43.1866683959961,-9.09064960479736,"Unknown"
"7014852",371861,2025-09-10 19:25:47,43.1867218017578,-9.09086227416992,"Unknown"
"7014852",371861,2025-09-10 19:30:47,43.1868858337402,-9.09106254577637,"Unknown"
"7014852",371861,2025-09-10 19:33:26,43.2015724182129,-9.08588409423828,"Unknown"
"7014852",371861,2025-09-11 00:33:59,43.2656555175781,-8.96272087097168,"Unknown"
"7014852",371861,2025-09-11 05:33:45,43.2654037475586,-8.9620361328125,"Unknown"
"7014852",371861,2025-09-11 06:15:59,43.232349395752,-9.01231002807617,"Unknown"
"7014852",371861,2025-09-11 06:21:05,43.2146339416504,-9.01979541778564,"Unknown"
"7014852",371861,2025-09-11 06:26:02,43.2061576843262,-9.03363990783691,"Unknown"
"7014852",371861,2025-09-11 06:32:21,43.1868705749512,-9.04996681213379,"Unknown"
"7014852",371861,2025-09-11 06:35:59,43.1866989135742,-9.05009841918945,"Unknown"
"7014852",371861,2025-09-11 06:40:58,43.1861381530762,-9.05149745941162,"Unknown"
"7014852",371861,2025-09-11 06:46:00,43.1859283447266,-9.05209255218506,"Unknown"
"7014852",371861,2025-09-11 06:51:00,43.1861228942871,-9.05275630950928,"Unknown"
"7014852",371861,2025-09-11 06:56:00,43.1857986450195,-9.05341339111328,"Unknown"
"7014852",371861,2025-09-11 07:00:57,43.1857452392578,-9.05367946624756,"Unknown"
"7014852",371861,2025-09-11 07:06:01,43.1857604980469,-9.05393600463867,"Unknown"
"7014852",371861,2025-09-11 07:11:00,43.1858863830566,-9.05369567871094,"Unknown"
"7014852",371861,2025-09-11 07:16:08,43.1859169006348,-9.05388736724854,"Unknown"
"7014852",371861,2025-09-11 07:20:58,43.1858558654785,-9.05445003509521,"Unknown"
"7014852",371861,2025-09-11 07:25:59,43.1855735778809,-9.05616092681885,"Unknown"
"7014852",371861,2025-09-11 07:32:21,43.1863899230957,-9.09021663665771,"Unknown"
"7014852",371861,2025-09-11 07:36:14,43.1839370727539,-9.09284496307373,"Unknown"
"7014852",371861,2025-09-11 07:40:58,43.1838798522949,-9.09321689605713,"Unknown"
"7014852",371861,2025-09-11 07:46:00,43.1837272644043,-9.09303569793701,"Unknown"
"7014852",371861,2025-09-11 07:50:59,43.1837768554688,-9.0928201675415,"Unknown"
"7014852",371861,2025-09-11 07:56:07,43.1840324401855,-9.09299278259277,"Unknown"
"7014852",371861,2025-09-11 08:00:58,43.1840171813965,-9.09286022186279,"Unknown"
"7014852",371861,2025-09-11 08:06:01,43.1835861206055,-9.09275722503662,"Unknown"
"7014852",371861,2025-09-11 08:11:01,43.1836891174316,-9.09277248382568,"Unknown"
"7014852",371861,2025-09-11 08:16:00,43.18359375,-9.09294033050537,"Unknown"
"7014852",371861,2025-09-11 08:21:01,43.1838073730469,-9.09306812286377,"Unknown"
"7014852",371861,2025-09-11 08:26:04,43.1835556030273,-9.09312152862549,"Unknown"
"7014852",371861,2025-09-11 08:31:14,43.1835708618164,-9.09281921386719,"Unknown"
"7014852",371861,2025-09-11 08:36:02,43.1833648681641,-9.0929594039917,"Unknown"
"7014852",371861,2025-09-11 08:40:59,43.1833229064941,-9.09291076660156,"Unknown"
"7014852",371861,2025-09-11 08:46:02,43.1833152770996,-9.09298324584961,"Unknown"
"7014852",371861,2025-09-11 08:51:02,43.1834602355957,-9.0930871963501,"Unknown"
"7014852",371861,2025-09-11 08:55:59,43.183464050293,-9.09298801422119,"Unknown"
"7014852",371861,2025-09-11 09:00:58,43.1838417053223,-9.09275150299072,"Unknown"
"7014852",371861,2025-09-11 09:06:09,43.1835784912109,-9.09248065948486,"Unknown"
"7014852",371861,2025-09-11 09:11:02,43.1841735839844,-9.09284782409668,"Unknown"
"7014852",371861,2025-09-11 09:16:15,43.1844177246094,-9.09287548065186,"Unknown"
"7014852",371861,2025-09-11 09:21:00,43.1844673156738,-9.09308338165283,"Unknown"
"7014852",371861,2025-09-11 09:26:11,43.1839866638184,-9.09286212921143,"Unknown"
"7014852",371861,2025-09-11 09:31:01,43.1838874816895,-9.09303188323975,"Unknown"
"7014852",371861,2025-09-11 09:36:07,43.1871566772461,-9.09237670898438,"Unknown"
"7014852",371861,2025-09-11 09:41:07,43.1834182739258,-9.09272575378418,"Unknown"
"7014852",371861,2025-09-11 09:46:29,43.1835670471191,-9.09281921386719,"Unknown"
"7014852",371861,2025-09-11 09:50:58,43.1842231750488,-9.09275531768799,"Unknown"
"7014852",371861,2025-09-11 09:55:58,43.1839599609375,-9.09300327301025,"Unknown"
"7014852",371861,2025-09-11 10:00:58,43.184196472168,-9.09314060211182,"Unknown"
"7014852",371861,2025-09-11 10:05:58,43.1841850280762,-9.09307670593262,"Unknown"
"7014852",371861,2025-09-11 10:11:00,43.1842994689941,-9.09329986572266,"Unknown"
"7014852",371861,2025-09-11 10:16:06,43.1841926574707,-9.09307670593262,"Unknown"
"7014852",371861,2025-09-11 10:21:09,43.1841926574707,-9.09311199188232,"Unknown"
"7014852",371861,2025-09-11 10:26:01,43.1841850280762,-9.09306335449219,"Unknown"
"7014852",371861,2025-09-11 10:31:14,43.1841888427734,-9.09311962127686,"Unknown"
"7014852",371861,2025-09-11 10:36:04,43.1842155456543,-9.09313774108887,"Unknown"
"7014852",371861,2025-09-11 10:40:58,43.184154510498,-9.0930700302124,"Unknown"
"7014852",371861,2025-09-11 10:45:57,43.1839904785156,-9.09300231933594,"Unknown"
"7014852",371861,2025-09-11 10:51:02,43.1841430664062,-9.09310817718506,"Unknown"
"7014852",371861,2025-09-11 10:55:56,43.1842422485352,-9.09321022033691,"Unknown"
"7014852",371861,2025-09-11 11:00:58,43.1835441589355,-9.09200096130371,"Unknown"
"7014852",371861,2025-09-11 11:06:08,43.1842041015625,-9.09309196472168,"Unknown"
"7014852",371861,2025-09-11 11:10:59,43.1841659545898,-9.09298610687256,"Unknown"
"7014852",371861,2025-09-11 11:16:15,43.1840744018555,-9.09285068511963,"Unknown"
"7014852",371861,2025-09-11 11:20:58,43.1831016540527,-9.09118461608887,"Unknown"
"7014852",371861,2025-09-11 11:26:01,43.1838188171387,-9.09258651733398,"Unknown"
"7014852",371861,2025-09-11 11:31:05,43.1840629577637,-9.09302043914795,"Unknown"
"7014852",371861,2025-09-11 11:35:59,43.1904373168945,-9.10752487182617,"Unknown"
"7014852",371861,2025-09-11 11:41:05,43.1840438842773,-9.09299182891846,"Unknown"
"7014852",371861,2025-09-11 11:46:14,43.1839981079102,-9.09291934967041,"Unknown"
"7014852",371861,2025-09-11 11:50:57,43.1839752197266,-9.09298419952393,"Unknown"
"7014852",371861,2025-09-11 11:55:58,43.1840896606445,-9.09292697906494,"Unknown"
"7014852",371861,2025-09-11 12:00:59,43.184024810791,-9.09277725219727,"Unknown"
"7014852",371861,2025-09-11 12:05:59,43.1840286254883,-9.09284114837646,"Unknown"
"7014852",371861,2025-09-11 12:10:57,43.1840209960938,-9.09297180175781,"Unknown"
"7014852",371861,2025-09-11 12:16:04,43.1831169128418,-9.09250259399414,"Unknown"
"7014852",371861,2025-09-11 12:21:07,43.1830596923828,-9.09229564666748,"Unknown"
"7014852",371861,2025-09-11 12:25:59,43.1835861206055,-9.09259796142578,"Unknown"
"7014852",371861,2025-09-11 12:31:20,43.1839447021484,-9.0929651260376,"Unknown"
"7014852",371861,2025-09-11 12:36:25,43.1831970214844,-9.09273147583008,"Unknown"
"7014852",371861,2025-09-11 12:40:57,43.1831855773926,-9.09257984161377,"Unknown"
"7014852",371861,2025-09-11 12:45:59,43.1837463378906,-9.09298801422119,"Unknown"
"7014852",371861,2025-09-11 12:51:00,43.1836280822754,-9.09283447265625,"Unknown"
"7014852",371861,2025-09-11 12:55:57,43.1855506896973,-9.09345436096191,"Unknown"
"7014852",371861,2025-09-11 13:00:57,43.1838989257812,-9.09291553497314,"Unknown"
"7014852",371861,2025-09-11 13:05:59,43.1835174560547,-9.09333515167236,"Unknown"
"7014852",371861,2025-09-11 13:10:57,43.1834259033203,-9.09345054626465,"Unknown"
"7014852",371861,2025-09-11 13:16:11,43.1831245422363,-9.09325408935547,"Unknown"
"7014852",371861,2025-09-11 13:20:58,43.1833229064941,-9.09351062774658,"Unknown"
"7014852",371861,2025-09-11 13:25:57,43.1862602233887,-9.09314346313477,"Unknown"
"7014852",371861,2025-09-11 13:30:58,43.1837692260742,-9.09322357177734,"Unknown"
"7014852",371861,2025-09-11 13:35:59,43.1837043762207,-9.09316539764404,"Unknown"
"7014852",371861,2025-09-11 13:40:59,43.18359375,-9.09356594085693,"Unknown"
"7014852",371861,2025-09-11 13:46:14,43.1834182739258,-9.09352493286133,"Unknown"
"7014852",371861,2025-09-11 13:51:09,43.1833610534668,-9.09250164031982,"Unknown"
"7014852",371861,2025-09-11 13:55:58,43.1837158203125,-9.09173774719238,"Unknown"
"7014852",371861,2025-09-11 14:00:58,43.1838035583496,-9.09281539916992,"Unknown"
"7014852",371861,2025-09-11 14:06:04,43.1839179992676,-9.09292221069336,"Unknown"
"7014852",371861,2025-09-11 14:10:58,43.1838912963867,-9.09298324584961,"Unknown"
"7014852",371861,2025-09-11 14:16:01,43.183837890625,-9.09292602539062,"Unknown"
"7014852",371861,2025-09-11 14:21:04,43.1839332580566,-9.09293842315674,"Unknown"
"7014852",371861,2025-09-11 14:26:00,43.1838874816895,-9.09302616119385,"Unknown"
"7014852",371861,2025-09-11 14:31:29,43.1839485168457,-9.09288883209229,"Unknown"
"7014852",371861,2025-09-11 14:35:57,43.1839141845703,-9.09286499023438,"Unknown"
"7014852",371861,2025-09-11 14:40:57,43.1839294433594,-9.09280586242676,"Unknown"
"7014852",371861,2025-09-11 14:45:57,43.1839752197266,-9.09292984008789,"Unknown"
"7014852",371861,2025-09-11 14:50:57,43.1839294433594,-9.09299087524414,"Unknown"
"7014852",371861,2025-09-11 14:55:57,43.183910369873,-9.09295558929443,"Unknown"
"7014852",371861,2025-09-11 15:00:57,43.1839218139648,-9.09289836883545,"Unknown"
"7014852",371861,2025-09-11 15:06:00,43.1838264465332,-9.09297943115234,"Unknown"
"7014852",371861,2025-09-11 15:10:58,43.1835784912109,-9.0929708480835,"Unknown"
"7014852",371861,2025-09-11 15:16:14,43.1835250854492,-9.09286022186279,"Unknown"
"7014852",371861,2025-09-11 15:20:58,43.1835021972656,-9.0927848815918,"Unknown"
"7014852",371861,2025-09-11 15:25:57,43.1835594177246,-9.09298229217529,"Unknown"
"7014852",371861,2025-09-11 15:31:00,43.1836357116699,-9.09303951263428,"Unknown"
"7014852",371861,2025-09-11 15:35:59,43.1836013793945,-9.09296607971191,"Unknown"
"7014852",371861,2025-09-11 15:41:01,43.1835632324219,-9.09286022186279,"Unknown"
"7014852",371861,2025-09-11 15:46:29,43.1835556030273,-9.0929069519043,"Unknown"
"7014852",371861,2025-09-11 15:50:58,43.1835517883301,-9.09287166595459,"Unknown"
"7014852",371861,2025-09-11 15:55:58,43.1835632324219,-9.09281063079834,"Unknown"
"7014852",371861,2025-09-11 16:00:57,43.1835746765137,-9.09290027618408,"Unknown"
"7014852",371861,2025-09-11 16:05:57,43.1834945678711,-9.09282112121582,"Unknown"
"7014852",371861,2025-09-11 16:10:58,43.1836051940918,-9.09280967712402,"Unknown"
"7014852",371861,2025-09-11 16:15:57,43.1835327148438,-9.09282779693604,"Unknown"
"7014852",371861,2025-09-11 16:20:57,43.1836013793945,-9.09283065795898,"Unknown"
"7014852",371861,2025-09-11 16:25:57,43.1834907531738,-9.09296703338623,"Unknown"
"7014852",371861,2025-09-11 16:30:59,43.1835899353027,-9.0930290222168,"Unknown"
"7014852",371861,2025-09-11 16:35:57,43.1835784912109,-9.09290599822998,"Unknown"
"7014852",371861,2025-09-11 16:40:59,43.1835861206055,-9.09299278259277,"Unknown"
"7014852",371861,2025-09-11 16:46:00,43.1835250854492,-9.09259796142578,"Unknown"
"7014852",371861,2025-09-11 16:50:57,43.183967590332,-9.09299278259277,"Unknown"
"7014852",371861,2025-09-11 16:55:58,43.1840972900391,-9.09291076660156,"Unknown"
"7014852",371861,2025-09-11 17:00:57,43.1840744018555,-9.09291076660156,"Unknown"
"7014852",371861,2025-09-11 17:05:58,43.1837882995605,-9.09282779693604,"Unknown"
"7014852",371861,2025-09-11 17:10:58,43.183952331543,-9.09293746948242,"Unknown"
"7014852",371861,2025-09-11 17:16:00,43.1840171813965,-9.09282779693604,"Unknown"
"7014852",371861,2025-09-11 17:20:57,43.1841926574707,-9.09286212921143,"Unknown"
"7014852",371861,2025-09-11 17:25:58,43.1839179992676,-9.09292697906494,"Unknown"
"7014852",371861,2025-09-11 17:30:57,43.1839370727539,-9.09279441833496,"Unknown"
"7014852",371861,2025-09-11 17:36:00,43.1841773986816,-9.09302806854248,"Unknown"
"7014852",371861,2025-09-11 17:40:58,43.1840476989746,-9.09314823150635,"Unknown"
"7014852",371861,2025-09-11 17:46:12,43.1840476989746,-9.09308910369873,"Unknown"
"7014852",371861,2025-09-11 17:50:59,43.1838531494141,-9.09291362762451,"Unknown"
"7014852",371861,2025-09-11 17:55:57,43.1841888427734,-9.09301471710205,"Unknown"
"7014852",371861,2025-09-11 18:00:56,43.1842498779297,-9.09315776824951,"Unknown"
"7014852",371861,2025-09-11 18:06:02,43.1839218139648,-9.0929594039917,"Unknown"
"7014852",371861,2025-09-11 18:10:59,43.1838417053223,-9.09296035766602,"Unknown"
"7014852",371861,2025-09-11 18:16:02,43.1839408874512,-9.09298419952393,"Unknown"
"7014852",371861,2025-09-11 18:21:00,43.1837768554688,-9.09288024902344,"Unknown"
"7014852",371861,2025-09-11 18:26:06,43.1839065551758,-9.09286880493164,"Unknown"
"7014852",371861,2025-09-11 18:31:14,43.183952331543,-9.09303760528564,"Unknown"
"7014852",371861,2025-09-11 18:36:07,43.1838417053223,-9.09275054931641,"Unknown"
"7014852",371861,2025-09-11 18:41:07,43.1838874816895,-9.09292221069336,"Unknown"
"7014852",371861,2025-09-11 18:45:59,43.1837348937988,-9.0926399230957,"Unknown"
"7014852",371861,2025-09-11 18:51:49,43.1836547851562,-9.09299373626709,"Unknown"
"7014852",371861,2025-09-11 18:55:57,43.1837425231934,-9.09319496154785,"Unknown"
"7014852",371861,2025-09-11 19:01:00,43.1842308044434,-9.09242820739746,"Unknown"
"7014852",371861,2025-09-11 19:06:08,43.1836051940918,-9.09285736083984,"Unknown"
"7014852",371861,2025-09-11 19:11:07,43.1856498718262,-9.0915584564209,"Unknown"
"7014852",371861,2025-09-11 19:16:07,43.1858520507812,-9.09136390686035,"Unknown"
"7014852",371861,2025-09-11 19:21:00,43.186351776123,-9.09091377258301,"Unknown"
"7014852",371861,2025-09-11 19:26:00,43.1866226196289,-9.09172248840332,"Unknown"
"7014852",371861,2025-09-11 19:31:42,43.2061538696289,-9.06543445587158,"Unknown"
"7014852",371861,2025-09-12 00:32:05,43.2656631469727,-8.96260547637939,"Unknown"
"7014852",371861,2025-09-12 05:32:05,43.2657089233398,-8.96271324157715,"Unknown"
"7014852",371861,2025-09-12 06:17:15,43.1846542358398,-9.09240531921387,"Unknown"
"7014852",371861,2025-09-12 06:22:11,43.1845397949219,-9.09169769287109,"Unknown"
"7014852",371861,2025-09-12 06:27:00,43.1836357116699,-9.09273338317871,"Unknown"
"7014852",371861,2025-09-12 06:31:55,43.1841011047363,-9.09308528900146,"Unknown"
"7014852",371861,2025-09-12 06:36:52,43.1848640441895,-9.09171581268311,"Unknown"
"7014852",371861,2025-09-12 06:41:57,43.1847305297852,-9.09137439727783,"Unknown"
"7014852",371861,2025-09-12 06:47:23,43.1847038269043,-9.09228992462158,"Unknown"
"7014852",371861,2025-09-12 06:52:14,43.1830520629883,-9.09247016906738,"Unknown"
"7014852",371861,2025-09-12 06:56:57,43.1831283569336,-9.09260559082031,"Unknown"
"7014852",371861,2025-09-12 07:02:07,43.1832847595215,-9.09234142303467,"Unknown"
"7014852",371861,2025-09-12 07:06:52,43.1826057434082,-9.09181880950928,"Unknown"
"7014852",371861,2025-09-12 07:12:00,43.1822166442871,-9.09176349639893,"Unknown"
"7014852",371861,2025-09-12 07:17:29,43.1832656860352,-9.09265232086182,"Unknown"
"7014852",371861,2025-09-12 07:21:53,43.182991027832,-9.0925931930542,"Unknown"
"7014852",371861,2025-09-12 07:26:53,43.184455871582,-9.09262371063232,"Unknown"
"7014852",371861,2025-09-12 07:31:55,43.1838226318359,-9.09291744232178,"Unknown"
"7014852",371861,2025-09-12 07:36:52,43.1837348937988,-9.09323215484619,"Unknown"
"7014852",371861,2025-09-12 07:41:57,43.1834182739258,-9.09288692474365,"Unknown"
"7014852",371861,2025-09-12 07:46:52,43.1830558776855,-9.09309196472168,"Unknown"
"7014852",371861,2025-09-12 07:51:52,43.1835708618164,-9.09332275390625,"Unknown"
"7014852",371861,2025-09-12 07:56:57,43.1840629577637,-9.09297943115234,"Unknown"
"7014852",371861,2025-09-12 08:01:54,43.182559967041,-9.09358215332031,"Unknown"
"7014852",371861,2025-09-12 08:06:55,43.1831893920898,-9.09360885620117,"Unknown"
"7014852",371861,2025-09-12 08:12:03,43.1835556030273,-9.09279251098633,"Unknown"
"7014852",371861,2025-09-12 08:17:14,43.1835784912109,-9.09280776977539,"Unknown"
"7014852",371861,2025-09-12 08:22:02,43.1836624145508,-9.09259033203125,"Unknown"
"7014852",371861,2025-09-12 08:27:00,43.1835021972656,-9.09298038482666,"Unknown"
"7014852",371861,2025-09-12 08:32:01,43.1841125488281,-9.09310436248779,"Unknown"
"7014852",371861,2025-09-12 08:37:00,43.1838264465332,-9.09287261962891,"Unknown"
"7014852",371861,2025-09-12 08:42:02,43.1839294433594,-9.09291553497314,"Unknown"
"7014852",371861,2025-09-12 08:47:14,43.1838302612305,-9.09289646148682,"Unknown"
"7014852",371861,2025-09-12 08:52:01,43.1834182739258,-9.09249973297119,"Unknown"
"7014852",371861,2025-09-12 08:57:10,43.1837005615234,-9.09282970428467,"Unknown"
"7014852",371861,2025-09-12 09:02:03,43.1835861206055,-9.09265613555908,"Unknown"
"7014852",371861,2025-09-12 09:07:03,43.1833724975586,-9.09275150299072,"Unknown"
"7014852",371861,2025-09-12 09:12:02,43.1834373474121,-9.0928201675415,"Unknown"
"7014852",371861,2025-09-12 09:17:02,43.1836166381836,-9.09309482574463,"Unknown"
"7014852",371861,2025-09-12 09:22:02,43.1832962036133,-9.09278869628906,"Unknown"
"7014852",371861,2025-09-12 09:27:11,43.1833038330078,-9.09247207641602,"Unknown"
"7014852",371861,2025-09-12 09:32:01,43.1831436157227,-9.09237861633301,"Unknown"
"7014852",371861,2025-09-12 09:37:12,43.1835632324219,-9.09287738800049,"Unknown"
"7014852",371861,2025-09-12 09:42:11,43.1835327148438,-9.0928430557251,"Unknown"
"7014852",371861,2025-09-12 09:47:03,43.1835556030273,-9.09286403656006,"Unknown"
"7014852",371861,2025-09-12 09:52:25,43.1837043762207,-9.09321975708008,"Unknown"
"7014852",371861,2025-09-12 09:57:10,43.183521270752,-9.0928955078125,"Unknown"
"7014852",371861,2025-09-12 10:02:13,43.1834449768066,-9.09282684326172,"Unknown"
"7014852",371861,2025-09-12 10:07:09,43.1834411621094,-9.09301948547363,"Unknown"
"7014852",371861,2025-09-12 10:12:09,43.1835098266602,-9.09269714355469,"Unknown"
"7014852",371861,2025-09-12 10:17:10,43.1834335327148,-9.09289455413818,"Unknown"
"7014852",371861,2025-09-12 10:22:09,43.1834526062012,-9.09293460845947,"Unknown"
"7014852",371861,2025-09-12 10:27:10,43.1832504272461,-9.09261131286621,"Unknown"
"7014852",371861,2025-09-12 10:32:23,43.1839294433594,-9.09298706054688,"Unknown"
"7014852",371861,2025-09-12 10:37:28,43.1835975646973,-9.09286022186279,"Unknown"
"7014852",371861,2025-09-12 10:42:11,43.182918548584,-9.09228706359863,"Unknown"
"7014852",371861,2025-09-12 10:47:35,43.1825790405273,-9.09162998199463,"Unknown"
"7014852",371861,2025-09-12 10:52:00,43.1823348999023,-9.09137058258057,"Unknown"
"7014852",371861,2025-09-12 10:57:02,43.1823921203613,-9.09159183502197,"Unknown"
"7014852",371861,2025-09-12 11:02:11,43.182487487793,-9.09164810180664,"Unknown"
"7014852",371861,2025-09-12 11:07:00,43.1840057373047,-9.09223079681396,"Unknown"
"7014852",371861,2025-09-12 11:12:02,43.1840438842773,-9.09220027923584,"Unknown"
"7014852",371861,2025-09-12 11:16:59,43.1848526000977,-9.09228706359863,"Unknown"
"7014852",371861,2025-09-12 11:21:59,43.1846389770508,-9.09226703643799,"Unknown"
"7014852",371861,2025-09-12 11:27:02,43.1846351623535,-9.09223556518555,"Unknown"
"7014852",371861,2025-09-12 11:32:02,43.1840133666992,-9.09294605255127,"Unknown"
"7014852",371861,2025-09-12 11:37:00,43.1838493347168,-9.09271717071533,"Unknown"
"7014852",371861,2025-09-12 11:42:01,43.1839218139648,-9.09286022186279,"Unknown"
"7014852",371861,2025-09-12 11:47:35,43.1839561462402,-9.0929069519043,"Unknown"
"7014852",371861,2025-09-12 11:51:59,43.1839904785156,-9.0930290222168,"Unknown"
"7014852",371861,2025-09-12 11:56:59,43.183967590332,-9.09297657012939,"Unknown"
"7014852",371861,2025-09-12 12:01:59,43.1839332580566,-9.0928201675415,"Unknown"
"7014852",371861,2025-09-12 12:06:59,43.1840476989746,-9.09310817718506,"Unknown"
"7014852",371861,2025-09-12 12:12:03,43.1839561462402,-9.09285926818848,"Unknown"
"7014852",371861,2025-09-12 12:17:00,43.1835403442383,-9.09312152862549,"Unknown"
"7014852",371861,2025-09-12 12:21:59,43.1835517883301,-9.0929708480835,"Unknown"
"7014852",371861,2025-09-12 12:26:59,43.185733795166,-9.09272480010986,"Unknown"
"7014852",371861,2025-09-12 12:31:59,43.1833686828613,-9.09250831604004,"Unknown"
"7014852",371861,2025-09-12 12:37:02,43.1835174560547,-9.09269618988037,"Unknown"
"7014852",371861,2025-09-12 12:42:00,43.1840438842773,-9.09312438964844,"Unknown"
"7014852",371861,2025-09-12 12:46:59,43.1840934753418,-9.09313106536865,"Unknown"
"7014852",371861,2025-09-12 12:52:35,43.1833915710449,-9.09282112121582,"Unknown"
"7014852",371861,2025-09-12 12:56:59,43.1832046508789,-9.09278297424316,"Unknown"
"7014852",371861,2025-09-12 13:01:59,43.1833381652832,-9.09277629852295,"Unknown"
"7014852",371861,2025-09-12 13:07:00,43.1833000183105,-9.0929012298584,"Unknown"
"7014852",371861,2025-09-12 13:12:00,43.1832733154297,-9.09281444549561,"Unknown"
"7014852",371861,2025-09-12 13:17:03,43.1831970214844,-9.09276962280273,"Unknown"
"7014852",371861,2025-09-12 13:21:59,43.1831474304199,-9.09279346466064,"Unknown"
"7014852",371861,2025-09-12 13:27:09,43.1831550598145,-9.09268760681152,"Unknown"
"7014852",371861,2025-09-12 13:32:05,43.1838226318359,-9.09301471710205,"Unknown"
"7014852",371861,2025-09-12 13:37:13,43.1834106445312,-9.09303092956543,"Unknown"
"7014852",371861,2025-09-12 13:42:02,43.1834106445312,-9.09407806396484,"Unknown"
"7014852",371861,2025-09-12 13:47:02,43.1828308105469,-9.09135818481445,"Unknown"
"7014852",371861,2025-09-12 13:52:02,43.1834907531738,-9.09263896942139,"Unknown"
"7014852",371861,2025-09-12 13:57:06,43.1835327148438,-9.09280872344971,"Unknown"
"7014852",371861,2025-09-12 14:02:00,43.1857299804688,-9.09146690368652,"Unknown"
"7014852",371861,2025-09-12 14:07:53,43.1828269958496,-9.09309959411621,"Unknown"
"7014852",371861,2025-09-12 14:13:01,43.1831512451172,-9.09267616271973,"Unknown"
"7014852",371861,2025-09-12 14:17:01,43.1812286376953,-9.09130668640137,"Unknown"
"7014852",371861,2025-09-12 14:22:03,43.1813659667969,-9.09142017364502,"Unknown"
"7014852",371861,2025-09-12 14:27:01,43.1812286376953,-9.09172534942627,"Unknown"
"7014852",371861,2025-09-12 14:32:04,43.181022644043,-9.09156703948975,"Unknown"
"7014852",371861,2025-09-12 14:37:08,43.1808433532715,-9.09143924713135,"Unknown"
"7014852",371861,2025-09-12 14:42:02,43.181468963623,-9.09244346618652,"Unknown"
"7014852",371861,2025-09-12 14:47:08,43.1808776855469,-9.09135150909424,"Unknown"
"7014852",371861,2025-09-12 14:52:03,43.1807708740234,-9.09132099151611,"Unknown"
"7014852",371861,2025-09-12 14:57:03,43.1806411743164,-9.0913610458374,"Unknown"
"7014852",371861,2025-09-12 15:02:06,43.1805839538574,-9.0914134979248,"Unknown"
"7014852",371861,2025-09-12 15:07:03,43.1805725097656,-9.09138011932373,"Unknown"
"7014852",371861,2025-09-12 15:12:07,43.1806259155273,-9.09143829345703,"Unknown"
"7014852",371861,2025-09-12 15:17:06,43.1802635192871,-9.09145259857178,"Unknown"
"7014852",371861,2025-09-12 15:22:03,43.1803512573242,-9.09129047393799,"Unknown"
"7014852",371861,2025-09-12 15:27:03,43.1804161071777,-9.09137630462646,"Unknown"
"7014852",371861,2025-09-12 15:32:09,43.1841163635254,-9.09294986724854,"Unknown"
"7014852",371861,2025-09-12 15:37:10,43.1840782165527,-9.09291362762451,"Unknown"
"7014852",371861,2025-09-12 15:42:17,43.1843757629395,-9.09301662445068,"Unknown"
"7014852",371861,2025-09-12 15:47:16,43.1836051940918,-9.09366416931152,"Unknown"
"7014852",371861,2025-09-12 15:53:25,43.1843757629395,-9.09239196777344,"Unknown"
"7014852",371861,2025-09-12 15:57:03,43.1857032775879,-9.09243488311768,"Unknown"
"7014852",371861,2025-09-12 16:02:07,43.183910369873,-9.09301567077637,"Unknown"
"7014852",371861,2025-09-12 16:07:08,43.1837997436523,-9.09306049346924,"Unknown"
"7014852",371861,2025-09-12 16:12:08,43.1839332580566,-9.09298801422119,"Unknown"
"7014852",371861,2025-09-12 16:17:08,43.1839027404785,-9.09302806854248,"Unknown"
"7014852",371861,2025-09-12 16:22:08,43.1838760375977,-9.09295463562012,"Unknown"
"7014852",371861,2025-09-12 16:27:06,43.1839904785156,-9.09317588806152,"Unknown"
"7014852",371861,2025-09-12 16:32:14,43.1840171813965,-9.09305000305176,"Unknown"
"7014852",371861,2025-09-12 16:37:03,43.183967590332,-9.09296894073486,"Unknown"
"7014852",371861,2025-09-12 16:42:07,43.1835632324219,-9.09287166595459,"Unknown"
"7014852",371861,2025-09-12 16:47:07,43.1833763122559,-9.09272766113281,"Unknown"
"7014852",371861,2025-09-12 16:52:03,43.184009552002,-9.09192752838135,"Unknown"
"7014852",371861,2025-09-12 16:57:35,43.183349609375,-9.09223747253418,"Unknown"
"7014852",371861,2025-09-12 17:02:01,43.1837844848633,-9.09298706054688,"Unknown"
"7014852",371861,2025-09-12 17:07:08,43.1830902099609,-9.09276008605957,"Unknown"
"7014852",371861,2025-09-12 17:12:07,43.183048248291,-9.09265422821045,"Unknown"
"7014852",371861,2025-09-12 17:17:03,43.1832962036133,-9.09285926818848,"Unknown"
"7014852",371861,2025-09-12 17:22:01,43.1830749511719,-9.09257125854492,"Unknown"
"7014852",371861,2025-09-12 17:27:02,43.1830368041992,-9.09244632720947,"Unknown"
"7014852",371861,2025-09-12 17:32:02,43.1830024719238,-9.09248924255371,"Unknown"
"7014852",371861,2025-09-12 17:37:01,43.1832313537598,-9.09290599822998,"Unknown"
"7014852",371861,2025-09-12 17:42:02,43.1834335327148,-9.09271621704102,"Unknown"
"7014852",371861,2025-09-12 17:47:02,43.1837959289551,-9.09304237365723,"Unknown"
"7014852",371861,2025-09-12 17:52:03,43.1839904785156,-9.09287929534912,"Unknown"
"7014852",371861,2025-09-12 17:57:02,43.183967590332,-9.09296894073486,"Unknown"
"7014852",371861,2025-09-12 18:02:05,43.1838455200195,-9.09282398223877,"Unknown"
"7014852",371861,2025-09-12 18:07:05,43.1839294433594,-9.09295177459717,"Unknown"
"7014852",371861,2025-09-12 18:12:06,43.1841354370117,-9.09296894073486,"Unknown"
"7014852",371861,2025-09-12 18:17:05,43.1833000183105,-9.09287929534912,"Unknown"
"7014852",371861,2025-09-12 18:22:06,43.1832847595215,-9.09296417236328,"Unknown"
"7014852",371861,2025-09-12 18:27:12,43.1834945678711,-9.09294605255127,"Unknown"
"7014852",371861,2025-09-12 18:32:14,43.1832389831543,-9.09283638000488,"Unknown"
"7014852",371861,2025-09-12 18:37:00,43.1836204528809,-9.09288883209229,"Unknown"
"7014852",371861,2025-09-12 18:42:05,43.1837463378906,-9.09294891357422,"Unknown"
"7014852",371861,2025-09-12 18:47:01,43.1835708618164,-9.09283065795898,"Unknown"
"7014852",371861,2025-09-12 18:52:02,43.1837310791016,-9.09288024902344,"Unknown"
"7014852",371861,2025-09-12 18:57:06,43.1829414367676,-9.09186267852783,"Unknown"
"7014852",371861,2025-09-12 19:02:14,43.1830024719238,-9.09276485443115,"Unknown"
"7014852",371861,2025-09-12 19:07:01,43.1867523193359,-9.090744972229,"Unknown"
"7014852",371861,2025-09-12 19:12:01,43.1870498657227,-9.09121799468994,"Unknown"
"7014852",371861,2025-09-12 19:17:01,43.1866226196289,-9.09079837799072,"Unknown"
"7014852",371861,2025-09-12 19:22:01,43.2124443054199,-9.07073593139648,"Unknown"
"7014852",371861,2025-09-12 19:27:01,43.2336921691895,-9.02958488464355,"Unknown"
"7014852",371861,2025-09-12 19:29:37,43.2458419799805,-9.00991725921631,"Unknown"
"7014852",371861,2025-09-13 00:30:06,43.2657203674316,-8.96182060241699,"Unknown"
"7014852",371861,2025-09-13 05:30:05,43.2657241821289,-8.96272277832031,"Unknown"
"7014852",371861,2025-09-13 06:17:48,43.1828536987305,-9.09187984466553,"Unknown"
"7014852",371861,2025-09-13 06:22:49,43.1838760375977,-9.0927209854126,"Unknown"
"7014852",371861,2025-09-13 06:27:49,43.1838760375977,-9.0926628112793,"Unknown"
"7014852",371861,2025-09-13 06:32:52,43.1840400695801,-9.09326362609863,"Unknown"
"7014852",371861,2025-09-13 06:37:51,43.1834182739258,-9.09266948699951,"Unknown"
"7014852",371861,2025-09-13 06:42:53,43.1835861206055,-9.09262657165527,"Unknown"
"7014852",371861,2025-09-13 06:47:51,43.1835289001465,-9.09289932250977,"Unknown"
"7014852",371861,2025-09-13 06:52:51,43.1834144592285,-9.09282398223877,"Unknown"
"7014852",371861,2025-09-13 06:57:49,43.1834335327148,-9.09288120269775,"Unknown"
"7014852",371861,2025-09-13 07:02:52,43.1833992004395,-9.09191608428955,"Unknown"
"7014852",371861,2025-09-13 07:08:10,43.1835899353027,-9.09280586242676,"Unknown"
"7014852",371861,2025-09-13 07:13:52,43.1832542419434,-9.09299564361572,"Unknown"
"7014852",371861,2025-09-13 07:17:52,43.1830902099609,-9.09265041351318,"Unknown"
"7014852",371861,2025-09-13 07:22:52,43.183967590332,-9.09226989746094,"Unknown"
"7014852",371861,2025-09-13 07:28:02,43.1832542419434,-9.09263324737549,"Unknown"
"7014852",371861,2025-09-13 07:32:50,43.1832084655762,-9.09283256530762,"Unknown"
"7014852",371861,2025-09-13 07:38:00,43.1832733154297,-9.09267234802246,"Unknown"
"7014852",371861,2025-09-13 07:42:50,43.1831817626953,-9.09256267547607,"Unknown"
"7014852",371861,2025-09-13 07:47:49,43.1832695007324,-9.09303760528564,"Unknown"
"7014852",371861,2025-09-13 07:52:50,43.1829833984375,-9.09239673614502,"Unknown"
"7014852",371861,2025-09-13 07:57:55,43.1829071044922,-9.09252166748047,"Unknown"
"7014852",371861,2025-09-13 08:02:48,43.1828842163086,-9.09243869781494,"Unknown"
"7014852",371861,2025-09-13 08:07:49,43.1831321716309,-9.09286212921143,"Unknown"
"7014852",371861,2025-09-13 08:12:53,43.1833267211914,-9.09273338317871,"Unknown"
"7014852",371861,2025-09-13 08:18:11,43.1832618713379,-9.09286880493164,"Unknown"
"7014852",371861,2025-09-13 08:22:54,43.1832160949707,-9.09269428253174,"Unknown"
"7014852",371861,2025-09-13 08:27:48,43.1831550598145,-9.0922212600708,"Unknown"
"7014852",371861,2025-09-13 08:32:50,43.1834487915039,-9.09286975860596,"Unknown"
"7014852",371861,2025-09-13 08:37:50,43.1834487915039,-9.09303283691406,"Unknown"
"7014852",371861,2025-09-13 08:42:50,43.1834411621094,-9.0929069519043,"Unknown"
"7014852",371861,2025-09-13 08:48:07,43.1856155395508,-9.09265613555908,"Unknown"
"7014852",371861,2025-09-13 08:53:00,43.1831245422363,-9.09273910522461,"Unknown"
"7014852",371861,2025-09-13 08:58:00,43.1829452514648,-9.0916748046875,"Unknown"
"7014852",371861,2025-09-13 09:02:54,43.1839294433594,-9.09312152862549,"Unknown"
"7014852",371861,2025-09-13 09:08:06,43.1839714050293,-9.0931396484375,"Unknown"
"7014852",371861,2025-09-13 09:13:01,43.1857452392578,-9.09277439117432,"Unknown"
"7014852",371861,2025-09-13 09:18:01,43.1840858459473,-9.09318828582764,"Unknown"
"7014852",371861,2025-09-13 09:23:01,43.1840629577637,-9.09317874908447,"Unknown"
"7014852",371861,2025-09-13 09:27:52,43.1857490539551,-9.09272956848145,"Unknown"
"7014852",371861,2025-09-13 09:33:12,43.1856384277344,-9.0927152633667,"Unknown"
"7014852",371861,2025-09-13 09:37:49,43.1862297058105,-9.09324359893799,"Unknown"
"7014852",371861,2025-09-13 09:43:02,43.1856460571289,-9.0927038192749,"Unknown"
"7014852",371861,2025-09-13 09:47:53,43.1859359741211,-9.09311485290527,"Unknown"
"7014852",371861,2025-09-13 09:52:51,43.1846466064453,-9.09162330627441,"Unknown"
"7014852",371861,2025-09-13 09:57:53,43.1845932006836,-9.09186267852783,"Unknown"
"7014852",371861,2025-09-13 10:03:13,43.185661315918,-9.09243011474609,"Unknown"
"7014852",371861,2025-09-13 10:08:07,43.1856002807617,-9.09257030487061,"Unknown"
"7014852",371861,2025-09-13 10:13:02,43.1857109069824,-9.09236240386963,"Unknown"
"7014852",371861,2025-09-13 10:17:55,43.1885032653809,-9.09036064147949,"Unknown"
"7014852",371861,2025-09-13 10:22:55,43.1892356872559,-9.08982753753662,"Unknown"
"7014852",371861,2025-09-13 10:28:01,43.1893196105957,-9.08957576751709,"Unknown"
"7014852",371861,2025-09-13 10:33:04,43.189338684082,-9.08945560455322,"Unknown"
"7014852",371861,2025-09-13 10:37:53,43.1892623901367,-9.08929824829102,"Unknown"
"7014852",371861,2025-09-13 10:42:54,43.1895866394043,-9.09018135070801,"Unknown"
"7014852",371861,2025-09-13 10:48:15,43.1894264221191,-9.08982276916504,"Unknown"
"7014852",371861,2025-09-13 10:52:50,43.1892623901367,-9.08981990814209,"Unknown"
"7014852",371861,2025-09-13 10:58:00,43.1894035339355,-9.08981323242188,"Unknown"
"7014852",371861,2025-09-13 11:02:53,43.1893615722656,-9.08994102478027,"Unknown"
"7014852",371861,2025-09-13 11:08:00,43.1894683837891,-9.08988761901855,"Unknown"
"7014852",371861,2025-09-13 11:13:00,43.189380645752,-9.08981990814209,"Unknown"
"7014852",371861,2025-09-13 11:17:50,43.1893768310547,-9.0897216796875,"Unknown"
"7014852",371861,2025-09-13 11:23:00,43.1893577575684,-9.08969497680664,"Unknown"
"7014852",371861,2025-09-13 11:28:00,43.1886901855469,-9.09058475494385,"Unknown"
"7014852",371861,2025-09-13 11:33:00,43.1888198852539,-9.09086608886719,"Unknown"
"7014852",371861,2025-09-13 11:38:07,43.1887474060059,-9.09097385406494,"Unknown"
"7014852",371861,2025-09-13 11:43:13,43.1888236999512,-9.09099292755127,"Unknown"
"7014852",371861,2025-09-13 11:48:22,43.1888313293457,-9.0910701751709,"Unknown"
"7014852",371861,2025-09-13 11:52:49,43.1895294189453,-9.0900182723999,"Unknown"
"7014852",371861,2025-09-13 11:57:48,43.1895637512207,-9.09000205993652,"Unknown"
"7014852",371861,2025-09-13 12:02:48,43.1895332336426,-9.08998012542725,"Unknown"
"7014852",371861,2025-09-13 12:07:48,43.1895713806152,-9.08999443054199,"Unknown"
"7014852",371861,2025-09-13 12:12:48,43.1895141601562,-9.09002304077148,"Unknown"
"7014852",371861,2025-09-13 12:17:48,43.1895446777344,-9.09007167816162,"Unknown"
"7014852",371861,2025-09-13 12:22:48,43.1895561218262,-9.08996772766113,"Unknown"
"7014852",371861,2025-09-13 12:27:48,43.1895751953125,-9.09000110626221,"Unknown"
"7014852",371861,2025-09-13 12:32:48,43.1895446777344,-9.09003448486328,"Unknown"
"7014852",371861,2025-09-13 12:37:48,43.1896171569824,-9.08998870849609,"Unknown"
"7014852",371861,2025-09-13 12:42:49,43.1896018981934,-9.090012550354,"Unknown"
"7014852",371861,2025-09-13 12:47:48,43.1895713806152,-9.08996677398682,"Unknown"
"7014852",371861,2025-09-13 12:52:48,43.1895561218262,-9.09003257751465,"Unknown"
"7014852",371861,2025-09-13 12:57:50,43.1895904541016,-9.09006500244141,"Unknown"
"7014852",371861,2025-09-13 13:02:48,43.1895904541016,-9.09005355834961,"Unknown"
"7014852",371861,2025-09-13 13:07:49,43.1896591186523,-9.09008598327637,"Unknown"
"7014852",371861,2025-09-13 13:13:14,43.1895065307617,-9.08998203277588,"Unknown"
"7014852",371861,2025-09-13 13:17:48,43.1894416809082,-9.09003925323486,"Unknown"
"7014852",371861,2025-09-13 13:22:49,43.1894340515137,-9.08986759185791,"Unknown"
"7014852",371861,2025-09-13 13:27:48,43.1895790100098,-9.08989334106445,"Unknown"
"7014852",371861,2025-09-13 13:32:48,43.1895446777344,-9.09007549285889,"Unknown"
"7014852",371861,2025-09-13 13:37:49,43.1895637512207,-9.08991432189941,"Unknown"
"7014852",371861,2025-09-13 13:42:48,43.189567565918,-9.09002494812012,"Unknown"
"7014852",371861,2025-09-13 13:48:14,43.1894836425781,-9.08994197845459,"Unknown"
"7014852",371861,2025-09-13 13:52:48,43.189567565918,-9.08997535705566,"Unknown"
"7014852",371861,2025-09-13 13:57:48,43.1895790100098,-9.08984756469727,"Unknown"
"7014852",371861,2025-09-13 14:02:48,43.1895713806152,-9.08988475799561,"Unknown"
"7014852",371861,2025-09-13 14:07:48,43.1895065307617,-9.08999633789062,"Unknown"
"7014852",371861,2025-09-13 14:12:48,43.1896324157715,-9.09011936187744,"Unknown"
"7014852",371861,2025-09-13 14:17:49,43.1895027160645,-9.09032917022705,"Unknown"
"7014852",371861,2025-09-13 14:22:48,43.1894989013672,-9.08995723724365,"Unknown"
"7014852",371861,2025-09-13 14:27:48,43.1895980834961,-9.09021282196045,"Unknown"
"7014852",371861,2025-09-13 14:32:48,43.1895446777344,-9.08989334106445,"Unknown"
"7014852",371861,2025-09-13 14:37:49,43.1895751953125,-9.09002304077148,"Unknown"
"7014852",371861,2025-09-13 14:42:50,43.1896438598633,-9.08992671966553,"Unknown"
"7014852",371861,2025-09-13 14:48:14,43.189510345459,-9.08999919891357,"Unknown"
"7014852",371861,2025-09-13 14:52:48,43.189453125,-9.09008407592773,"Unknown"
"7014852",371861,2025-09-13 14:58:00,43.1895141601562,-9.08998680114746,"Unknown"
"7014852",371861,2025-09-13 15:02:49,43.1894912719727,-9.09012031555176,"Unknown"
"7014852",371861,2025-09-13 15:07:48,43.1895713806152,-9.08975982666016,"Unknown"
"7014852",371861,2025-09-13 15:12:48,43.1895294189453,-9.09002685546875,"Unknown"
"7014852",371861,2025-09-13 15:17:49,43.1894989013672,-9.08988761901855,"Unknown"
"7014852",371861,2025-09-13 15:22:48,43.1895790100098,-9.08989810943604,"Unknown"
"7014852",371861,2025-09-13 15:27:49,43.1895179748535,-9.09014320373535,"Unknown"
"7014852",371861,2025-09-13 15:32:51,43.1894111633301,-9.08987522125244,"Unknown"
"7014852",371861,2025-09-13 15:37:51,43.1895751953125,-9.08950901031494,"Unknown"
"7014852",371861,2025-09-13 15:42:51,43.1894493103027,-9.08997917175293,"Unknown"
"7014852",371861,2025-09-13 15:48:15,43.1894683837891,-9.0898323059082,"Unknown"
"7014852",371861,2025-09-13 15:53:00,43.1892166137695,-9.0909423828125,"Unknown"
"7014852",371861,2025-09-13 15:58:00,43.1894073486328,-9.09003162384033,"Unknown"
"7014852",371861,2025-09-13 16:04:06,43.1858177185059,-9.05791282653809,"Unknown"
"7014852",371861,2025-09-13 16:07:52,43.1866493225098,-9.04994583129883,"Unknown"
"7014852",371861,2025-09-13 16:12:49,43.1866188049316,-9.05013084411621,"Unknown"
"7014852",371861,2025-09-13 16:17:49,43.1865463256836,-9.04991245269775,"Unknown"
"7014852",371861,2025-09-13 16:22:52,43.1864967346191,-9.04997634887695,"Unknown"
"7014852",371861,2025-09-13 16:27:50,43.186595916748,-9.04984188079834,"Unknown"
"7014852",371861,2025-09-13 16:32:50,43.1864776611328,-9.05006980895996,"Unknown"
"7014852",371861,2025-09-13 16:38:15,43.1865653991699,-9.04985618591309,"Unknown"
"7014852",371861,2025-09-13 16:42:52,43.1866455078125,-9.05010890960693,"Unknown"
"7014852",371861,2025-09-13 16:47:58,43.1866912841797,-9.04986381530762,"Unknown"
"7014852",371861,2025-09-13 16:53:20,43.1866149902344,-9.04992294311523,"Unknown"
"7014852",371861,2025-09-13 16:57:49,43.1866416931152,-9.05007362365723,"Unknown"
"7014852",371861,2025-09-13 17:02:49,43.1866149902344,-9.04998683929443,"Unknown"
"7014852",371861,2025-09-13 17:07:49,43.1866302490234,-9.05012226104736,"Unknown"
"7014852",371861,2025-09-13 17:12:49,43.1866111755371,-9.0500955581665,"Unknown"
"7014852",371861,2025-09-13 17:17:49,43.1866149902344,-9.05003356933594,"Unknown"
"7014852",371861,2025-09-13 17:22:50,43.1865730285645,-9.05014991760254,"Unknown"
"7014852",371861,2025-09-13 17:27:49,43.1865653991699,-9.05000591278076,"Unknown"
"7014852",371861,2025-09-13 17:32:49,43.1865615844727,-9.04999256134033,"Unknown"
"7014852",371861,2025-09-13 17:37:50,43.1866188049316,-9.05056953430176,"Unknown"
"7014852",371861,2025-09-13 17:42:50,43.1865615844727,-9.05016040802002,"Unknown"
"7014852",371861,2025-09-13 17:48:01,43.1865921020508,-9.0500316619873,"Unknown"
"7014852",371861,2025-09-13 17:52:59,43.1866073608398,-9.04989147186279,"Unknown"
"7014852",371861,2025-09-13 17:58:05,43.1866149902344,-9.05016136169434,"Unknown"
"7014852",371861,2025-09-13 18:02:55,43.1865997314453,-9.05019283294678,"Unknown"
"7014852",371861,2025-09-13 18:07:57,43.186595916748,-9.05004787445068,"Unknown"
"7014852",371861,2025-09-13 18:12:52,43.1865463256836,-9.05004978179932,"Unknown"
"7014852",371861,2025-09-13 18:17:57,43.1865653991699,-9.05017566680908,"Unknown"
"7014852",371861,2025-09-13 18:22:59,43.1866035461426,-9.05010509490967,"Unknown"
"7014852",371861,2025-09-13 18:28:00,43.1865539550781,-9.05006217956543,"Unknown"
"7014852",371861,2025-09-13 18:33:04,43.186580657959,-9.05015277862549,"Unknown"
"7014852",371861,2025-09-13 18:37:58,43.1865348815918,-9.05008983612061,"Unknown"
"7014852",371861,2025-09-13 18:42:58,43.1865539550781,-9.05007076263428,"Unknown"
"7014852",371861,2025-09-13 18:48:14,43.1865539550781,-9.05006790161133,"Unknown"
"7014852",371861,2025-09-13 18:52:50,43.1862335205078,-9.04969596862793,"Unknown"
"7014852",371861,2025-09-13 18:57:53,43.1863594055176,-9.04984664916992,"Unknown"
"7014852",371861,2025-09-13 19:02:51,43.186336517334,-9.0498514175415,"Unknown"
"7014852",371861,2025-09-13 19:07:53,43.1879615783691,-9.05244255065918,"Unknown"
"7014852",371861,2025-09-13 19:12:51,43.2192420959473,-9.03168869018555,"Unknown"
"7014852",371861,2025-09-13 19:17:54,43.2571067810059,-8.97641086578369,"Unknown"
"7014852",371861,2025-09-13 19:23:02,43.2657089233398,-8.96331787109375,"Unknown"
"7014852",371861,2025-09-13 19:27:31,43.2656326293945,-8.96243762969971,"Unknown"
"7014852",371861,2025-09-14 00:27:53,43.2656288146973,-8.9627685546875,"Unknown"
"7014852",371861,2025-09-14 05:27:53,43.2656745910645,-8.96269416809082,"Unknown"
"7014852",371861,2025-09-14 06:18:34,43.2162551879883,-8.99767684936523,"Unknown"
"7014852",371861,2025-09-14 06:23:33,43.2162437438965,-8.99772453308105,"Unknown"
"7014852",371861,2025-09-14 06:28:36,43.2162590026855,-8.99767684936523,"Unknown"
"7014852",371861,2025-09-14 06:33:36,43.2162742614746,-8.99771308898926,"Unknown"
"7014852",371861,2025-09-14 06:38:32,43.2162246704102,-8.99779796600342,"Unknown"
"7014852",371861,2025-09-14 06:43:33,43.2193565368652,-9.00602436065674,"Unknown"
"7014852",371861,2025-09-14 06:48:34,43.2150688171387,-9.03244400024414,"Unknown"
"7014852",371861,2025-09-14 06:53:33,43.1988792419434,-9.04843616485596,"Unknown"
"7014852",371861,2025-09-14 06:58:34,43.1860694885254,-9.05199241638184,"Unknown"
"7014852",371861,2025-09-14 07:03:36,43.1861915588379,-9.05147457122803,"Unknown"
"7014852",371861,2025-09-14 07:08:34,43.1853065490723,-9.05121803283691,"Unknown"
"7014852",371861,2025-09-14 07:13:44,43.185604095459,-9.05113983154297,"Unknown"
"7014852",371861,2025-09-14 07:18:41,43.185546875,-9.05136966705322,"Unknown"
"7014852",371861,2025-09-14 07:23:32,43.1855621337891,-9.05135822296143,"Unknown"
"7014852",371861,2025-09-14 07:28:33,43.185604095459,-9.05136299133301,"Unknown"
"7014852",371861,2025-09-14 07:33:34,43.1855697631836,-9.05138206481934,"Unknown"
"7014852",371861,2025-09-14 07:38:38,43.1854782104492,-9.05171871185303,"Unknown"
"7014852",371861,2025-09-14 07:43:34,43.1855697631836,-9.05173778533936,"Unknown"
"7014852",371861,2025-09-14 07:49:05,43.185604095459,-9.0517692565918,"Unknown"
"7014852",371861,2025-09-14 07:53:32,43.1855430603027,-9.05178451538086,"Unknown"
"7014852",371861,2025-09-14 07:58:33,43.1855773925781,-9.05179214477539,"Unknown"
"7014852",371861,2025-09-14 08:03:32,43.1855354309082,-9.05174827575684,"Unknown"
"7014852",371861,2025-09-14 08:08:33,43.1850547790527,-9.05785846710205,"Unknown"
"7014852",371861,2025-09-14 08:13:32,43.1854667663574,-9.09016132354736,"Unknown"
"7014852",371861,2025-09-14 08:18:33,43.1833992004395,-9.09300327301025,"Unknown"
"7014852",371861,2025-09-14 08:23:44,43.1836280822754,-9.09263515472412,"Unknown"
"7014852",371861,2025-09-14 08:28:32,43.1834411621094,-9.09292507171631,"Unknown"
"7014852",371861,2025-09-14 08:33:34,43.1836471557617,-9.09288787841797,"Unknown"
"7014852",371861,2025-09-14 08:38:34,43.1833839416504,-9.09301567077637,"Unknown"
"7014852",371861,2025-09-14 08:43:32,43.1836471557617,-9.09290218353271,"Unknown"
"7014852",371861,2025-09-14 08:48:39,43.1836967468262,-9.09235954284668,"Unknown"
"7014852",371861,2025-09-14 08:53:40,43.1835250854492,-9.09298038482666,"Unknown"
"7014852",371861,2025-09-14 08:58:33,43.1833839416504,-9.09285449981689,"Unknown"
"7014852",371861,2025-09-14 09:03:33,43.183235168457,-9.09258937835693,"Unknown"
"7014852",371861,2025-09-14 09:08:32,43.1852073669434,-9.09245872497559,"Unknown"
"7014852",371861,2025-09-14 09:13:48,43.1861343383789,-9.09073162078857,"Unknown"
"7014852",371861,2025-09-14 09:18:33,43.1861381530762,-9.09079933166504,"Unknown"
"7014852",371861,2025-09-14 09:24:05,43.1860847473145,-9.09065818786621,"Unknown"
"7014852",371861,2025-09-14 09:28:36,43.1863059997559,-9.09093952178955,"Unknown"
"7014852",371861,2025-09-14 09:33:38,43.1861152648926,-9.09080600738525,"Unknown"
"7014852",371861,2025-09-14 09:38:34,43.1863136291504,-9.09100532531738,"Unknown"
"7014852",371861,2025-09-14 09:43:36,43.1858825683594,-9.09086608886719,"Unknown"
"7014852",371861,2025-09-14 09:48:41,43.1838722229004,-9.09285259246826,"Unknown"
"7014852",371861,2025-09-14 09:53:32,43.1839256286621,-9.09296035766602,"Unknown"
"7014852",371861,2025-09-14 09:58:32,43.1837921142578,-9.09273529052734,"Unknown"
"7014852",371861,2025-09-14 10:03:36,43.183708190918,-9.09262943267822,"Unknown"
"7014852",371861,2025-09-14 10:08:32,43.1838188171387,-9.09279727935791,"Unknown"
"7014852",371861,2025-09-14 10:13:34,43.1838264465332,-9.09276580810547,"Unknown"
"7014852",371861,2025-09-14 10:18:38,43.1834487915039,-9.09205722808838,"Unknown"
"7014852",371861,2025-09-14 10:23:45,43.1841659545898,-9.09307384490967,"Unknown"
"7014852",371861,2025-09-14 10:28:38,43.1839332580566,-9.09288501739502,"Unknown"
"7014852",371861,2025-09-14 10:33:45,43.1837768554688,-9.09289646148682,"Unknown"
"7014852",371861,2025-09-14 10:38:36,43.1845588684082,-9.09118843078613,"Unknown"
"7014852",371861,2025-09-14 10:43:34,43.1846046447754,-9.0911979675293,"Unknown"
"7014852",371861,2025-09-14 10:49:05,43.1847190856934,-9.09140682220459,"Unknown"
"7014852",371861,2025-09-14 10:53:32,43.1848106384277,-9.09120750427246,"Unknown"
"7014852",371861,2025-09-14 10:58:34,43.1857757568359,-9.09131240844727,"Unknown"
"7014852",371861,2025-09-14 11:03:38,43.1855888366699,-9.09114646911621,"Unknown"
"7014852",371861,2025-09-14 11:08:32,43.1856269836426,-9.09131908416748,"Unknown"
"7014852",371861,2025-09-14 11:13:34,43.185733795166,-9.09148502349854,"Unknown"
"7014852",371861,2025-09-14 11:18:33,43.1838569641113,-9.09180450439453,"Unknown"
"7014852",371861,2025-09-14 11:23:33,43.1837425231934,-9.09169960021973,"Unknown"
"7014852",371861,2025-09-14 11:28:32,43.1839179992676,-9.09176635742188,"Unknown"
"7014852",371861,2025-09-14 11:33:33,43.1850357055664,-9.09027576446533,"Unknown"
"7014852",371861,2025-09-14 11:38:34,43.1848793029785,-9.09172630310059,"Unknown"
"7014852",371861,2025-09-14 11:43:33,43.1849060058594,-9.09182357788086,"Unknown"
"7014852",371861,2025-09-14 11:48:33,43.184886932373,-9.09171581268311,"Unknown"
"7014852",371861,2025-09-14 11:53:34,43.1847763061523,-9.0919246673584,"Unknown"
"7014852",371861,2025-09-14 11:58:34,43.1848602294922,-9.09175682067871,"Unknown"
"7014852",371861,2025-09-14 12:03:40,43.1848640441895,-9.09177684783936,"Unknown"
"7014852",371861,2025-09-14 12:08:34,43.184814453125,-9.09182453155518,"Unknown"
"7014852",371861,2025-09-14 12:13:33,43.1847801208496,-9.09186363220215,"Unknown"
"7014852",371861,2025-09-14 12:18:37,43.1847763061523,-9.09185218811035,"Unknown"
"7014852",371861,2025-09-14 12:23:34,43.1849594116211,-9.09185028076172,"Unknown"
"7014852",371861,2025-09-14 12:28:34,43.1848793029785,-9.09167766571045,"Unknown"
"7014852",371861,2025-09-14 12:33:32,43.1849365234375,-9.09166049957275,"Unknown"
"7014852",371861,2025-09-14 12:38:32,43.1850662231445,-9.09164810180664,"Unknown"
"7014852",371861,2025-09-14 12:43:34,43.184871673584,-9.09179592132568,"Unknown"
"7014852",371861,2025-09-14 12:48:44,43.1848030090332,-9.09176921844482,"Unknown"
"7014852",371861,2025-09-14 12:53:33,43.1848983764648,-9.09239292144775,"Unknown"
"7014852",371861,2025-09-14 12:58:34,43.1847991943359,-9.09176921844482,"Unknown"
"7014852",371861,2025-09-14 13:03:32,43.1815605163574,-9.09209442138672,"Unknown"
"7014852",371861,2025-09-14 13:08:32,43.1809005737305,-9.09106349945068,"Unknown"
"7014852",371861,2025-09-14 13:13:33,43.1809005737305,-9.09102725982666,"Unknown"
"7014852",371861,2025-09-14 13:18:38,43.179443359375,-9.09088230133057,"Unknown"
"7014852",371861,2025-09-14 13:23:33,43.1794166564941,-9.0908260345459,"Unknown"
"7014852",371861,2025-09-14 13:28:38,43.1803512573242,-9.09041023254395,"Unknown"
"7014852",371861,2025-09-14 13:33:32,43.1808242797852,-9.0907154083252,"Unknown"
"7014852",371861,2025-09-14 13:38:33,43.1809539794922,-9.09100341796875,"Unknown"
"7014852",371861,2025-09-14 13:43:32,43.1806030273438,-9.09032440185547,"Unknown"
"7014852",371861,2025-09-14 13:48:44,43.1807899475098,-9.0907621383667,"Unknown"
"7014852",371861,2025-09-14 13:53:32,43.1807975769043,-9.09081649780273,"Unknown"
"7014852",371861,2025-09-14 13:58:32,43.1808242797852,-9.0908031463623,"Unknown"
"7014852",371861,2025-09-14 14:03:32,43.1808166503906,-9.09078979492188,"Unknown"
"7014852",371861,2025-09-14 14:08:33,43.180778503418,-9.0906457901001,"Unknown"
"7014852",371861,2025-09-14 14:13:36,43.180835723877,-9.09085655212402,"Unknown"
"7014852",371861,2025-09-14 14:18:36,43.1808738708496,-9.09079933166504,"Unknown"
"7014852",371861,2025-09-14 14:23:36,43.1810073852539,-9.09114456176758,"Unknown"
"7014852",371861,2025-09-14 14:29:05,43.1860580444336,-9.09079456329346,"Unknown"
"7014852",371861,2025-09-14 14:33:32,43.1860427856445,-9.09074783325195,"Unknown"
"7014852",371861,2025-09-14 14:38:33,43.1860008239746,-9.09109115600586,"Unknown"
"7014852",371861,2025-09-14 14:43:32,43.1858711242676,-9.09050559997559,"Unknown"
"7014852",371861,2025-09-14 14:48:44,43.1860656738281,-9.09074974060059,"Unknown"
"7014852",371861,2025-09-14 14:53:32,43.1859931945801,-9.09078502655029,"Unknown"
"7014852",371861,2025-09-14 14:58:33,43.185962677002,-9.0908260345459,"Unknown"
"7014852",371861,2025-09-14 15:03:38,43.1860771179199,-9.09075355529785,"Unknown"
"7014852",371861,2025-09-14 15:08:33,43.186092376709,-9.09050941467285,"Unknown"
"7014852",371861,2025-09-14 15:13:37,43.185905456543,-9.09062671661377,"Unknown"
"7014852",371861,2025-09-14 15:19:44,43.1860389709473,-9.09075164794922,"Unknown"
"7014852",371861,2025-09-14 15:23:39,43.1860694885254,-9.09066486358643,"Unknown"
"7014852",371861,2025-09-14 15:28:39,43.1860008239746,-9.09065055847168,"Unknown"
"7014852",371861,2025-09-14 15:33:37,43.1861000061035,-9.09111976623535,"Unknown"
"7014852",371861,2025-09-14 15:38:40,43.1860542297363,-9.09121417999268,"Unknown"
"7014852",371861,2025-09-14 15:43:36,43.186149597168,-9.09128379821777,"Unknown"
"7014852",371861,2025-09-14 15:48:42,43.1850967407227,-9.09142208099365,"Unknown"
"7014852",371861,2025-09-14 15:53:37,43.184253692627,-9.09148693084717,"Unknown"
"7014852",371861,2025-09-14 15:58:32,43.1842155456543,-9.0910177230835,"Unknown"
"7014852",371861,2025-09-14 16:03:36,43.1845436096191,-9.09150791168213,"Unknown"
"7014852",371861,2025-09-14 16:08:39,43.1844329833984,-9.09145069122314,"Unknown"
"7014852",371861,2025-09-14 16:13:32,43.1850624084473,-9.0916805267334,"Unknown"
"7014852",371861,2025-09-14 16:18:37,43.1848106384277,-9.0917797088623,"Unknown"
"7014852",371861,2025-09-14 16:23:39,43.1847953796387,-9.09180545806885,"Unknown"
"7014852",371861,2025-09-14 16:28:39,43.1846809387207,-9.09162616729736,"Unknown"
"7014852",371861,2025-09-14 16:33:38,43.1848335266113,-9.09180641174316,"Unknown"
"7014852",371861,2025-09-14 16:38:39,43.1848258972168,-9.0917911529541,"Unknown"
"7014852",371861,2025-09-14 16:43:34,43.1848602294922,-9.09181022644043,"Unknown"
"7014852",371861,2025-09-14 16:48:44,43.1848602294922,-9.0914888381958,"Unknown"
"7014852",371861,2025-09-14 16:53:34,43.1848373413086,-9.09157943725586,"Unknown"
"7014852",371861,2025-09-14 16:58:36,43.184928894043,-9.09152317047119,"Unknown"
"7014852",371861,2025-09-14 17:03:39,43.184814453125,-9.09135627746582,"Unknown"
"7014852",371861,2025-09-14 17:08:39,43.1848678588867,-9.09144687652588,"Unknown"
"7014852",371861,2025-09-14 17:13:39,43.18408203125,-9.09384155273438,"Unknown"
"7014852",371861,2025-09-14 17:19:05,43.1839599609375,-9.09385681152344,"Unknown"
"7014852",371861,2025-09-14 17:23:32,43.1849708557129,-9.09195899963379,"Unknown"
"7014852",371861,2025-09-14 17:28:39,43.1842079162598,-9.09154319763184,"Unknown"
"7014852",371861,2025-09-14 17:34:09,43.1842994689941,-9.09109878540039,"Unknown"
"7014852",371861,2025-09-14 17:38:41,43.1860771179199,-9.09109783172607,"Unknown"
"7014852",371861,2025-09-14 17:43:38,43.1859703063965,-9.09066486358643,"Unknown"
"7014852",371861,2025-09-14 17:48:32,43.1859359741211,-9.09081363677979,"Unknown"
"7014852",371861,2025-09-14 17:53:36,43.1860771179199,-9.09079837799072,"Unknown"
"7014852",371861,2025-09-14 17:58:33,43.186149597168,-9.09076595306396,"Unknown"
"7014852",371861,2025-09-14 18:03:39,43.1862831115723,-9.09072303771973,"Unknown"
"7014852",371861,2025-09-14 18:08:38,43.185115814209,-9.09128570556641,"Unknown"
"7014852",371861,2025-09-14 18:13:50,43.1851196289062,-9.091721534729,"Unknown"
"7014852",371861,2025-09-14 18:18:45,43.1850776672363,-9.09132480621338,"Unknown"
"7014852",371861,2025-09-14 18:23:39,43.1850509643555,-9.09146499633789,"Unknown"
"7014852",371861,2025-09-14 18:28:36,43.1849632263184,-9.09123039245605,"Unknown"
"7014852",371861,2025-09-14 18:33:38,43.1850662231445,-9.09142971038818,"Unknown"
"7014852",371861,2025-09-14 18:38:34,43.1850471496582,-9.09150695800781,"Unknown"
"7014852",371861,2025-09-14 18:43:50,43.1850280761719,-9.09144592285156,"Unknown"
"7014852",371861,2025-09-14 18:49:05,43.1834564208984,-9.09241580963135,"Unknown"
"7014852",371861,2025-09-14 18:53:34,43.189510345459,-9.09049129486084,"Unknown"
"7014852",371861,2025-09-14 18:58:37,43.1896591186523,-9.09038829803467,"Unknown"
"7014852",371861,2025-09-14 19:03:33,43.1896286010742,-9.0904426574707,"Unknown"
"7014852",371861,2025-09-14 19:08:37,43.1895866394043,-9.09043979644775,"Unknown"
"7014852",371861,2025-09-14 19:14:05,43.1896553039551,-9.09040832519531,"Unknown"
"7014852",371861,2025-09-14 19:18:32,43.1987228393555,-9.0933084487915,"Unknown"
"7014852",371861,2025-09-14 19:23:33,43.2168579101562,-9.04300022125244,"Unknown"
"7014852",371861,2025-09-14 19:25:53,43.232063293457,-9.02054405212402,"Unknown"
"7014852",371861,2025-09-15 00:26:29,43.2655792236328,-8.9627857208252,"Unknown"
"7014852",371861,2025-09-15 05:26:18,43.2654113769531,-8.96289825439453,"Unknown"
"7014852",371861,2025-09-15 06:20:53,43.1931991577148,-9.0431432723999,"Unknown"
"7014852",371861,2025-09-15 06:25:04,43.193187713623,-9.04312515258789,"Unknown"
"7014852",371861,2025-09-15 06:30:09,43.1860542297363,-9.05342864990234,"Unknown"
"7014852",371861,2025-09-15 06:35:04,43.1861686706543,-9.052490234375,"Unknown"
"7014852",371861,2025-09-15 06:40:07,43.1860580444336,-9.05161476135254,"Unknown"
"7014852",371861,2025-09-15 06:45:23,43.1860008239746,-9.05133152008057,"Unknown"
"7014852",371861,2025-09-15 06:50:06,43.1864700317383,-9.07334327697754,"Unknown"
"7014852",371861,2025-09-15 06:56:04,43.1835746765137,-9.09206295013428,"Unknown"
"7014852",371861,2025-09-15 07:00:08,43.1836357116699,-9.09268474578857,"Unknown"
"7014852",371861,2025-09-15 07:05:33,43.1838226318359,-9.09272193908691,"Unknown"
"7014852",371861,2025-09-15 07:10:04,43.1846122741699,-9.09204292297363,"Unknown"
"7014852",371861,2025-09-15 07:15:07,43.1850891113281,-9.09197616577148,"Unknown"
"7014852",371861,2025-09-15 07:20:13,43.184886932373,-9.09206104278564,"Unknown"
"7014852",371861,2025-09-15 07:25:08,43.1848411560059,-9.09204196929932,"Unknown"
"7014852",371861,2025-09-15 07:30:07,43.1853256225586,-9.09166049957275,"Unknown"
"7014852",371861,2025-09-15 07:35:05,43.1837921142578,-9.09309005737305,"Unknown"
"7014852",371861,2025-09-15 07:40:09,43.184814453125,-9.09196472167969,"Unknown"
"7014852",371861,2025-09-15 07:45:35,43.1849136352539,-9.09186458587646,"Unknown"
"7014852",371861,2025-09-15 07:50:04,43.1831665039062,-9.09271240234375,"Unknown"
"7014852",371861,2025-09-15 07:55:04,43.1835823059082,-9.09301853179932,"Unknown"
"7014852",371861,2025-09-15 08:00:04,43.1850852966309,-9.09186172485352,"Unknown"
"7014852",371861,2025-09-15 08:05:06,43.1850700378418,-9.09147453308105,"Unknown"
"7014852",371861,2025-09-15 08:10:05,43.1845779418945,-9.09212112426758,"Unknown"
"7014852",371861,2025-09-15 08:15:14,43.1850051879883,-9.09167957305908,"Unknown"
"7014852",371861,2025-09-15 08:20:03,43.1853370666504,-9.09157085418701,"Unknown"
"7014852",371861,2025-09-15 08:25:03,43.1829948425293,-9.09259414672852,"Unknown"
"7014852",371861,2025-09-15 08:30:06,43.1842308044434,-9.09396076202393,"Unknown"
"7014852",371861,2025-09-15 08:35:11,43.1840171813965,-9.09315395355225,"Unknown"
"7014852",371861,2025-09-15 08:40:04,43.18310546875,-9.09264945983887,"Unknown"
"7014852",371861,2025-09-15 08:45:03,43.1839942932129,-9.09225845336914,"Unknown"
"7014852",371861,2025-09-15 08:50:20,43.1835174560547,-9.09346389770508,"Unknown"
"7014852",371861,2025-09-15 08:55:11,43.1835098266602,-9.09287643432617,"Unknown"
"7014852",371861,2025-09-15 09:00:03,43.1839141845703,-9.09292316436768,"Unknown"
"7014852",371861,2025-09-15 09:05:06,43.1839942932129,-9.09300994873047,"Unknown"
"7014852",371861,2025-09-15 09:10:07,43.1838836669922,-9.09290885925293,"Unknown"
"7014852",371861,2025-09-15 09:15:03,43.1839141845703,-9.09292125701904,"Unknown"
"7014852",371861,2025-09-15 09:20:04,43.1838836669922,-9.09289264678955,"Unknown"
"7014852",371861,2025-09-15 09:25:08,43.1838722229004,-9.09309864044189,"Unknown"
"7014852",371861,2025-09-15 09:30:09,43.1839714050293,-9.09296989440918,"Unknown"
"7014852",371861,2025-09-15 09:35:07,43.1840476989746,-9.09299850463867,"Unknown"
"7014852",371861,2025-09-15 09:40:04,43.1839828491211,-9.09300231933594,"Unknown"
"7014852",371861,2025-09-15 09:45:03,43.1837615966797,-9.09284114837646,"Unknown"
"7014852",371861,2025-09-15 09:51:07,43.1840362548828,-9.09230804443359,"Unknown"
"7014852",371861,2025-09-15 09:55:06,43.1860275268555,-9.09066963195801,"Unknown"
"7014852",371861,2025-09-15 10:00:35,43.1833114624023,-9.09255409240723,"Unknown"
"7014852",371861,2025-09-15 10:05:04,43.1832656860352,-9.09267044067383,"Unknown"
"7014852",371861,2025-09-15 10:10:05,43.1833877563477,-9.0927677154541,"Unknown"
"7014852",371861,2025-09-15 10:15:04,43.1856498718262,-9.09130859375,"Unknown"
"7014852",371861,2025-09-15 10:20:03,43.1848220825195,-9.09170818328857,"Unknown"
"7014852",371861,2025-09-15 10:25:03,43.1846733093262,-9.09168910980225,"Unknown"
"7014852",371861,2025-09-15 10:30:03,43.1847496032715,-9.09176349639893,"Unknown"
"7014852",371861,2025-09-15 10:35:03,43.1846580505371,-9.09161281585693,"Unknown"
"7014852",371861,2025-09-15 10:40:03,43.1848068237305,-9.09150695800781,"Unknown"
"7014852",371861,2025-09-15 10:45:13,43.1847686767578,-9.09162330627441,"Unknown"
"7014852",371861,2025-09-15 10:50:03,43.1853981018066,-9.09239768981934,"Unknown"
"7014852",371861,2025-09-15 10:55:07,43.1856689453125,-9.09264850616455,"Unknown"
"7014852",371861,2025-09-15 11:00:07,43.1856079101562,-9.09249305725098,"Unknown"
"7014852",371861,2025-09-15 11:05:07,43.1855888366699,-9.09244728088379,"Unknown"
"7014852",371861,2025-09-15 11:10:10,43.1855278015137,-9.09368324279785,"Unknown"
"7014852",371861,2025-09-15 11:15:07,43.1856422424316,-9.09256553649902,"Unknown"
"7014852",371861,2025-09-15 11:20:03,43.1856002807617,-9.09100246429443,"Unknown"
"7014852",371861,2025-09-15 11:25:03,43.1860504150391,-9.09096336364746,"Unknown"
"7014852",371861,2025-09-15 11:30:03,43.1860427856445,-9.09111213684082,"Unknown"
"7014852",371861,2025-09-15 11:35:04,43.1861572265625,-9.091233253479,"Unknown"
"7014852",371861,2025-09-15 11:40:04,43.1851272583008,-9.09156894683838,"Unknown"
"7014852",371861,2025-09-15 11:45:14,43.1860618591309,-9.09142017364502,"Unknown"
"7014852",371861,2025-09-15 11:50:08,43.186092376709,-9.0914306640625,"Unknown"
"7014852",371861,2025-09-15 11:55:06,43.1860694885254,-9.09156227111816,"Unknown"
"7014852",371861,2025-09-15 12:00:04,43.1861228942871,-9.09142684936523,"Unknown"
"7014852",371861,2025-09-15 12:05:03,43.1861419677734,-9.09152889251709,"Unknown"
"7014852",371861,2025-09-15 12:10:07,43.1860885620117,-9.0914888381958,"Unknown"
"7014852",371861,2025-09-15 12:15:06,43.1861228942871,-9.09150981903076,"Unknown"
"7014852",371861,2025-09-15 12:20:03,43.1860961914062,-9.09160900115967,"Unknown"
"7014852",371861,2025-09-15 12:25:03,43.1859855651855,-9.09104156494141,"Unknown"
"7014852",371861,2025-09-15 12:30:15,43.1860275268555,-9.09148502349854,"Unknown"
"7014852",371861,2025-09-15 12:35:04,43.1860427856445,-9.09158420562744,"Unknown"
"7014852",371861,2025-09-15 12:40:04,43.185863494873,-9.09157848358154,"Unknown"
"7014852",371861,2025-09-15 12:45:07,43.1859436035156,-9.09151077270508,"Unknown"
"7014852",371861,2025-09-15 12:50:06,43.1859741210938,-9.09157752990723,"Unknown"
"7014852",371861,2025-09-15 12:55:07,43.1859474182129,-9.09164524078369,"Unknown"
"7014852",371861,2025-09-15 13:00:04,43.1859588623047,-9.09147453308105,"Unknown"
"7014852",371861,2025-09-15 13:05:13,43.1860771179199,-9.09157180786133,"Unknown"
"7014852",371861,2025-09-15 13:10:04,43.1859664916992,-9.09154796600342,"Unknown"
"7014852",371861,2025-09-15 13:15:09,43.1864471435547,-9.09272861480713,"Unknown"
"7014852",371861,2025-09-15 13:20:12,43.186149597168,-9.0919075012207,"Unknown"
"7014852",371861,2025-09-15 13:25:09,43.1862144470215,-9.0922966003418,"Unknown"
"7014852",371861,2025-09-15 13:30:09,43.1863059997559,-9.09227275848389,"Unknown"
"7014852",371861,2025-09-15 13:35:09,43.1860427856445,-9.0919713973999,"Unknown"
"7014852",371861,2025-09-15 13:40:07,43.185962677002,-9.09212112426758,"Unknown"
"7014852",371861,2025-09-15 13:45:35,43.1860733032227,-9.091477394104,"Unknown"
"7014852",371861,2025-09-15 13:50:04,43.1860961914062,-9.09141635894775,"Unknown"
"7014852",371861,2025-09-15 13:55:04,43.1861457824707,-9.09141159057617,"Unknown"
"7014852",371861,2025-09-15 14:00:08,43.186107635498,-9.09143829345703,"Unknown"
"7014852",371861,2025-09-15 14:05:06,43.1861305236816,-9.09140300750732,"Unknown"
"7014852",371861,2025-09-15 14:10:04,43.1896591186523,-9.09044456481934,"Unknown"
"7014852",371861,2025-09-15 14:15:04,43.1896667480469,-9.09043788909912,"Unknown"
"7014852",371861,2025-09-15 14:20:03,43.1896820068359,-9.09055423736572,"Unknown"
"7014852",371861,2025-09-15 14:25:03,43.1896095275879,-9.09064769744873,"Unknown"
"7014852",371861,2025-09-15 14:30:03,43.1897735595703,-9.09056854248047,"Unknown"
"7014852",371861,2025-09-15 14:35:03,43.1896896362305,-9.09060192108154,"Unknown"
"7014852",371861,2025-09-15 14:40:03,43.1895866394043,-9.09066200256348,"Unknown"
"7014852",371861,2025-09-15 14:45:03,43.1895904541016,-9.09070205688477,"Unknown"
"7014852",371861,2025-09-15 14:50:03,43.1895637512207,-9.09070110321045,"Unknown"
"7014852",371861,2025-09-15 14:55:03,43.1897010803223,-9.09064865112305,"Unknown"
"7014852",371861,2025-09-15 15:00:03,43.1896858215332,-9.09063339233398,"Unknown"
"7014852",371861,2025-09-15 15:05:03,43.1897048950195,-9.09067153930664,"Unknown"
"7014852",371861,2025-09-15 15:10:03,43.1896629333496,-9.09070682525635,"Unknown"
"7014852",371861,2025-09-15 15:15:03,43.1897125244141,-9.09061622619629,"Unknown"
"7014852",371861,2025-09-15 15:20:04,43.1895980834961,-9.09060573577881,"Unknown"
"7014852",371861,2025-09-15 15:25:04,43.189624786377,-9.09062576293945,"Unknown"
"7014852",371861,2025-09-15 15:30:04,43.1896324157715,-9.09066390991211,"Unknown"
"7014852",371861,2025-09-15 15:35:03,43.1897926330566,-9.09059810638428,"Unknown"
"7014852",371861,2025-09-15 15:40:04,43.1896476745605,-9.09066295623779,"Unknown"
"7014852",371861,2025-09-15 15:45:07,43.189624786377,-9.09070587158203,"Unknown"
"7014852",371861,2025-09-15 15:50:04,43.1896629333496,-9.09064102172852,"Unknown"
"7014852",371861,2025-09-15 15:55:03,43.1897811889648,-9.09060478210449,"Unknown"
"7014852",371861,2025-09-15 16:00:11,43.1896705627441,-9.09060096740723,"Unknown"
"7014852",371861,2025-09-15 16:05:03,43.1897430419922,-9.09071731567383,"Unknown"
"7014852",371861,2025-09-15 16:10:03,43.1896286010742,-9.09055233001709,"Unknown"
"7014852",371861,2025-09-15 16:15:07,43.1897315979004,-9.09053993225098,"Unknown"
"7014852",371861,2025-09-15 16:20:03,43.1897735595703,-9.09063911437988,"Unknown"
"7014852",371861,2025-09-15 16:25:03,43.1896057128906,-9.09044647216797,"Unknown"
"7014852",371861,2025-09-15 16:30:03,43.1897239685059,-9.09066867828369,"Unknown"
"7014852",371861,2025-09-15 16:35:03,43.1896820068359,-9.09066200256348,"Unknown"
"7014852",371861,2025-09-15 16:40:04,43.1897468566895,-9.09057331085205,"Unknown"
"7014852",371861,2025-09-15 16:45:34,43.1896705627441,-9.09053611755371,"Unknown"
"7014852",371861,2025-09-15 16:50:03,43.1896324157715,-9.09066295623779,"Unknown"
"7014852",371861,2025-09-15 16:55:04,43.1896743774414,-9.09060573577881,"Unknown"
"7014852",371861,2025-09-15 17:00:03,43.1896705627441,-9.09096050262451,"Unknown"
"7014852",371861,2025-09-15 17:05:03,43.1855850219727,-9.09256362915039,"Unknown"
"7014852",371861,2025-09-15 17:10:04,43.1857681274414,-9.09231662750244,"Unknown"
"7014852",371861,2025-09-15 17:15:04,43.1854934692383,-9.09270095825195,"Unknown"
"7014852",371861,2025-09-15 17:20:07,43.1855278015137,-9.09256172180176,"Unknown"
"7014852",371861,2025-09-15 17:25:03,43.1857109069824,-9.09252262115479,"Unknown"
"7014852",371861,2025-09-15 17:30:03,43.1847839355469,-9.09173583984375,"Unknown"
"7014852",371861,2025-09-15 17:35:03,43.1847801208496,-9.09180164337158,"Unknown"
"7014852",371861,2025-09-15 17:40:03,43.1847877502441,-9.09163093566895,"Unknown"
"7014852",371861,2025-09-15 17:45:04,43.1847496032715,-9.09186553955078,"Unknown"
"7014852",371861,2025-09-15 17:50:04,43.1838340759277,-9.0927848815918,"Unknown"
"7014852",371861,2025-09-15 17:55:04,43.1839942932129,-9.09278106689453,"Unknown"
"7014852",371861,2025-09-15 18:00:13,43.1840972900391,-9.09257984161377,"Unknown"
"7014852",371861,2025-09-15 18:05:03,43.183895111084,-9.09291458129883,"Unknown"
"7014852",371861,2025-09-15 18:10:03,43.1840133666992,-9.0928316116333,"Unknown"
"7014852",371861,2025-09-15 18:15:03,43.1839408874512,-9.09289741516113,"Unknown"
"7014852",371861,2025-09-15 18:20:03,43.1838798522949,-9.09298419952393,"Unknown"
"7014852",371861,2025-09-15 18:25:03,43.183967590332,-9.09292888641357,"Unknown"
"7014852",371861,2025-09-15 18:30:03,43.1840362548828,-9.09281349182129,"Unknown"
"7014852",371861,2025-09-15 18:35:03,43.1838836669922,-9.09275245666504,"Unknown"
"7014852",371861,2025-09-15 18:40:03,43.1840019226074,-9.09283351898193,"Unknown"
"7014852",371861,2025-09-15 18:45:34,43.1847877502441,-9.091796875,"Unknown"
"7014852",371861,2025-09-15 18:50:04,43.1847381591797,-9.09170436859131,"Unknown"
"7014852",371861,2025-09-15 18:55:03,43.1847763061523,-9.09176158905029,"Unknown"
"7014852",371861,2025-09-15 19:00:03,43.1847953796387,-9.09168243408203,"Unknown"
"7014852",371861,2025-09-15 19:05:03,43.184757232666,-9.091796875,"Unknown"
"7014852",371861,2025-09-15 19:10:04,43.1848030090332,-9.0917329788208,"Unknown"
"7014852",371861,2025-09-15 19:15:03,43.1876945495605,-9.0952262878418,"Unknown"
"7014852",371861,2025-09-15 19:20:03,43.1975631713867,-9.13819789886475,"Unknown"
"7014852",371861,2025-09-15 19:24:27,43.1842346191406,-9.18771553039551,"Unknown"
"7014852",371861,2025-09-16 00:25:50,43.1628227233887,-9.21287441253662,"Unknown"
"7014852",371861,2025-09-16 05:25:05,43.1629486083984,-9.21288108825684,"Unknown"
"7014852",371861,2025-09-16 06:21:55,43.1857604980469,-9.10563564300537,"Unknown"
"7014852",371861,2025-09-16 06:26:59,43.1855354309082,-9.10516834259033,"Unknown"
"7014852",371861,2025-09-16 06:32:14,43.1858329772949,-9.10560035705566,"Unknown"
"7014852",371861,2025-09-16 06:36:49,43.1858940124512,-9.10571575164795,"Unknown"
"7014852",371861,2025-09-16 06:41:49,43.1860275268555,-9.10558032989502,"Unknown"
"7014852",371861,2025-09-16 06:46:49,43.1857490539551,-9.1054801940918,"Unknown"
"7014852",371861,2025-09-16 06:51:50,43.1858291625977,-9.10555458068848,"Unknown"
"7014852",371861,2025-09-16 06:56:52,43.1895523071289,-9.09721755981445,"Unknown"
"7014852",371861,2025-09-16 07:02:14,43.1850357055664,-9.09164428710938,"Unknown"
"7014852",371861,2025-09-16 07:06:55,43.1856880187988,-9.09262180328369,"Unknown"
"7014852",371861,2025-09-16 07:11:51,43.1857528686523,-9.09277534484863,"Unknown"
"7014852",371861,2025-09-16 07:16:53,43.1858940124512,-9.0923490524292,"Unknown"
"7014852",371861,2025-09-16 07:21:50,43.1857948303223,-9.09214687347412,"Unknown"
"7014852",371861,2025-09-16 07:26:54,43.1847534179688,-9.09200668334961,"Unknown"
"7014852",371861,2025-09-16 07:31:59,43.184253692627,-9.09181308746338,"Unknown"
"7014852",371861,2025-09-16 07:36:53,43.1849746704102,-9.09059906005859,"Unknown"
"7014852",371861,2025-09-16 07:41:52,43.1848182678223,-9.09123611450195,"Unknown"
"7014852",371861,2025-09-16 07:47:16,43.1848564147949,-9.09169101715088,"Unknown"
"7014852",371861,2025-09-16 07:51:51,43.1830520629883,-9.09262847900391,"Unknown"
"7014852",371861,2025-09-16 07:56:54,43.1830673217773,-9.09175109863281,"Unknown"
"7014852",371861,2025-09-16 08:01:55,43.1838645935059,-9.09299468994141,"Unknown"
"7014852",371861,2025-09-16 08:07:00,43.1829833984375,-9.09267425537109,"Unknown"
"7014852",371861,2025-09-16 08:11:59,43.1821212768555,-9.09105205535889,"Unknown"
"7014852",371861,2025-09-16 08:17:04,43.1804008483887,-9.09116744995117,"Unknown"
"7014852",371861,2025-09-16 08:22:04,43.1805038452148,-9.09151744842529,"Unknown"
"7014852",371861,2025-09-16 08:27:05,43.180419921875,-9.09139156341553,"Unknown"
"7014852",371861,2025-09-16 08:32:35,43.1805648803711,-9.09165191650391,"Unknown"
"7014852",371861,2025-09-16 08:36:58,43.1803283691406,-9.09156894683838,"Unknown"
"7014852",371861,2025-09-16 08:42:00,43.1804313659668,-9.09163570404053,"Unknown"
"7014852",371861,2025-09-16 08:46:59,43.1841049194336,-9.09272289276123,"Unknown"
"7014852",371861,2025-09-16 08:52:00,43.1838607788086,-9.09308052062988,"Unknown"
"7014852",371861,2025-09-16 08:57:03,43.1839981079102,-9.09311771392822,"Unknown"
"7014852",371861,2025-09-16 09:02:01,43.1838760375977,-9.09309768676758,"Unknown"
"7014852",371861,2025-09-16 09:07:16,43.1838684082031,-9.09313106536865,"Unknown"
"7014852",371861,2025-09-16 09:12:01,43.183536529541,-9.09291744232178,"Unknown"
"7014852",371861,2025-09-16 09:17:04,43.183837890625,-9.09313869476318,"Unknown"
"7014852",371861,2025-09-16 09:22:05,43.1836929321289,-9.09298324584961,"Unknown"
"7014852",371861,2025-09-16 09:27:05,43.1836700439453,-9.09292125701904,"Unknown"
"7014852",371861,2025-09-16 09:32:01,43.1832809448242,-9.0926342010498,"Unknown"
"7014852",371861,2025-09-16 09:37:25,43.1828117370605,-9.09149074554443,"Unknown"
"7014852",371861,2025-09-16 09:42:03,43.1833686828613,-9.0926456451416,"Unknown"
"7014852",371861,2025-09-16 09:47:05,43.1834678649902,-9.09273624420166,"Unknown"
"7014852",371861,2025-09-16 09:52:01,43.1836280822754,-9.09303092956543,"Unknown"
"7014852",371861,2025-09-16 09:57:15,43.1836471557617,-9.09305858612061,"Unknown"
"7014852",371861,2025-09-16 10:02:14,43.1835975646973,-9.09304046630859,"Unknown"
"7014852",371861,2025-09-16 10:07:06,43.1836624145508,-9.09281826019287,"Unknown"
"7014852",371861,2025-09-16 10:12:06,43.1836738586426,-9.0927152633667,"Unknown"
"7014852",371861,2025-09-16 10:17:06,43.1836547851562,-9.0928258895874,"Unknown"
"7014852",371861,2025-09-16 10:22:06,43.1836204528809,-9.09270572662354,"Unknown"
"7014852",371861,2025-09-16 10:27:09,43.1837272644043,-9.09281730651855,"Unknown"
"7014852",371861,2025-09-16 10:32:05,43.18359375,-9.09293937683105,"Unknown"
"7014852",371861,2025-09-16 10:37:06,43.1836433410645,-9.09284591674805,"Unknown"
"7014852",371861,2025-09-16 10:42:05,43.1836051940918,-9.09277439117432,"Unknown"
"7014852",371861,2025-09-16 10:47:15,43.1833839416504,-9.09285354614258,"Unknown"
"7014852",371861,2025-09-16 10:52:14,43.1835784912109,-9.09299087524414,"Unknown"
"7014852",371861,2025-09-16 10:56:59,43.1838035583496,-9.09329414367676,"Unknown"
"7014852",371861,2025-09-16 11:02:06,43.1837959289551,-9.09280300140381,"Unknown"
"7014852",371861,2025-09-16 11:06:59,43.1884384155273,-9.09763240814209,"Unknown"
"7014852",371861,2025-09-16 11:12:03,43.1850357055664,-9.09153938293457,"Unknown"
"7014852",371861,2025-09-16 11:16:58,43.1866493225098,-9.07455539703369,"Unknown"
"7014852",371861,2025-09-16 11:22:00,43.1927032470703,-9.04383563995361,"Unknown"
"7014852",371861,2025-09-16 11:27:04,43.193717956543,-9.04098987579346,"Unknown"
"7014852",371861,2025-09-16 11:32:02,43.1937255859375,-9.0410327911377,"Unknown"
"7014852",371861,2025-09-16 11:37:08,43.1934242248535,-9.04085540771484,"Unknown"
"7014852",371861,2025-09-16 11:42:14,43.1933212280273,-9.0427770614624,"Unknown"
"7014852",371861,2025-09-16 11:47:29,43.1932258605957,-9.04279232025146,"Unknown"
"7014852",371861,2025-09-16 11:51:58,43.1931686401367,-9.04265594482422,"Unknown"
"7014852",371861,2025-09-16 11:57:00,43.1932907104492,-9.04291439056396,"Unknown"
"7014852",371861,2025-09-16 12:01:59,43.1932487487793,-9.04271125793457,"Unknown"
"7014852",371861,2025-09-16 12:07:22,43.193286895752,-9.04269695281982,"Unknown"
"7014852",371861,2025-09-16 12:12:03,43.1933937072754,-9.04277229309082,"Unknown"
"7014852",371861,2025-09-16 12:16:58,43.1934547424316,-9.04265880584717,"Unknown"
"7014852",371861,2025-09-16 12:22:01,43.1933746337891,-9.04277801513672,"Unknown"
"7014852",371861,2025-09-16 12:27:03,43.1933937072754,-9.04277992248535,"Unknown"
"7014852",371861,2025-09-16 12:32:14,43.1933746337891,-9.04278659820557,"Unknown"
"7014852",371861,2025-09-16 12:36:58,43.1933898925781,-9.04274368286133,"Unknown"
"7014852",371861,2025-09-16 12:42:06,43.193359375,-9.04275894165039,"Unknown"
"7014852",371861,2025-09-16 12:46:58,43.1934204101562,-9.04276657104492,"Unknown"
"7014852",371861,2025-09-16 12:52:03,43.1933784484863,-9.04279613494873,"Unknown"
"7014852",371861,2025-09-16 12:56:58,43.1933326721191,-9.04273319244385,"Unknown"
"7014852",371861,2025-09-16 13:01:58,43.1933670043945,-9.04279518127441,"Unknown"
"7014852",371861,2025-09-16 13:07:00,43.193244934082,-9.04254055023193,"Unknown"
"7014852",371861,2025-09-16 13:12:14,43.1933250427246,-9.04273700714111,"Unknown"
"7014852",371861,2025-09-16 13:16:58,43.1933288574219,-9.04272079467773,"Unknown"
"7014852",371861,2025-09-16 13:22:05,43.1933212280273,-9.04270839691162,"Unknown"
"7014852",371861,2025-09-16 13:27:05,43.1933937072754,-9.04264354705811,"Unknown"
"7014852",371861,2025-09-16 13:31:58,43.1933631896973,-9.04287147521973,"Unknown"
"7014852",371861,2025-09-16 13:37:03,43.193286895752,-9.04295635223389,"Unknown"
"7014852",371861,2025-09-16 13:41:58,43.193302154541,-9.04290390014648,"Unknown"
"7014852",371861,2025-09-16 13:47:15,43.1933288574219,-9.04284191131592,"Unknown"
"7014852",371861,2025-09-16 13:52:01,43.1932640075684,-9.04291248321533,"Unknown"
"7014852",371861,2025-09-16 13:56:58,43.1932983398438,-9.0430154800415,"Unknown"
"7014852",371861,2025-09-16 14:01:58,43.193286895752,-9.04293441772461,"Unknown"
"7014852",371861,2025-09-16 14:06:59,43.1867332458496,-9.07156467437744,"Unknown"
"7014852",371861,2025-09-16 14:12:09,43.1847991943359,-9.09185886383057,"Unknown"
"7014852",371861,2025-09-16 14:17:00,43.183910369873,-9.09263515472412,"Unknown"
"7014852",371861,2025-09-16 14:22:09,43.1839218139648,-9.09289455413818,"Unknown"
"7014852",371861,2025-09-16 14:27:05,43.1839027404785,-9.0929126739502,"Unknown"
"7014852",371861,2025-09-16 14:32:15,43.183967590332,-9.09289932250977,"Unknown"
"7014852",371861,2025-09-16 14:37:35,43.1838607788086,-9.09281539916992,"Unknown"
"7014852",371861,2025-09-16 14:41:58,43.1838912963867,-9.09275341033936,"Unknown"
"7014852",371861,2025-09-16 14:46:58,43.1838874816895,-9.09273242950439,"Unknown"
"7014852",371861,2025-09-16 14:51:58,43.1838531494141,-9.09304141998291,"Unknown"
"7014852",371861,2025-09-16 14:57:03,43.1833305358887,-9.09235954284668,"Unknown"
"7014852",371861,2025-09-16 15:01:58,43.1835517883301,-9.09256649017334,"Unknown"
"7014852",371861,2025-09-16 15:07:00,43.1855087280273,-9.09179019927979,"Unknown"
"7014852",371861,2025-09-16 15:12:00,43.1856422424316,-9.09249591827393,"Unknown"
"7014852",371861,2025-09-16 15:16:59,43.1867561340332,-9.09063243865967,"Unknown"
"7014852",371861,2025-09-16 15:21:58,43.1867904663086,-9.090576171875,"Unknown"
"7014852",371861,2025-09-16 15:26:58,43.186695098877,-9.09059715270996,"Unknown"
"7014852",371861,2025-09-16 15:32:14,43.1866226196289,-9.09066581726074,"Unknown"
"7014852",371861,2025-09-16 15:37:01,43.1867179870605,-9.09041309356689,"Unknown"
"7014852",371861,2025-09-16 15:42:14,43.1867027282715,-9.09060001373291,"Unknown"
"7014852",371861,2025-09-16 15:47:01,43.1866874694824,-9.09068012237549,"Unknown"
"7014852",371861,2025-09-16 15:52:03,43.1866111755371,-9.09071159362793,"Unknown"
"7014852",371861,2025-09-16 15:57:02,43.1866149902344,-9.09050750732422,"Unknown"
"7014852",371861,2025-09-16 16:02:14,43.1866760253906,-9.09068584442139,"Unknown"
"7014852",371861,2025-09-16 16:07:01,43.1866760253906,-9.09061622619629,"Unknown"
"7014852",371861,2025-09-16 16:12:01,43.1866836547852,-9.09070014953613,"Unknown"
"7014852",371861,2025-09-16 16:17:02,43.1866798400879,-9.09065914154053,"Unknown"
"7014852",371861,2025-09-16 16:22:00,43.1867218017578,-9.09084701538086,"Unknown"
"7014852",371861,2025-09-16 16:27:01,43.1866874694824,-9.09067058563232,"Unknown"
"7014852",371861,2025-09-16 16:32:03,43.1865196228027,-9.09046936035156,"Unknown"
"7014852",371861,2025-09-16 16:36:59,43.1866455078125,-9.09068202972412,"Unknown"
"7014852",371861,2025-09-16 16:42:09,43.1866989135742,-9.0907096862793,"Unknown"
"7014852",371861,2025-09-16 16:47:35,43.1867141723633,-9.09067058563232,"Unknown"
"7014852",371861,2025-09-16 16:51:58,43.1837463378906,-9.09302997589111,"Unknown"
"7014852",371861,2025-09-16 16:56:58,43.1839370727539,-9.09286975860596,"Unknown"
"7014852",371861,2025-09-16 17:01:58,43.1838417053223,-9.09308528900146,"Unknown"
"7014852",371861,2025-09-16 17:06:58,43.1838684082031,-9.09295082092285,"Unknown"
"7014852",371861,2025-09-16 17:11:58,43.1838188171387,-9.0931396484375,"Unknown"
"7014852",371861,2025-09-16 17:16:58,43.1838531494141,-9.0931339263916,"Unknown"
"7014852",371861,2025-09-16 17:21:58,43.1838684082031,-9.09299564361572,"Unknown"
"7014852",371861,2025-09-16 17:26:58,43.1829528808594,-9.09253597259521,"Unknown"
"7014852",371861,2025-09-16 17:31:58,43.1829643249512,-9.09256458282471,"Unknown"
"7014852",371861,2025-09-16 17:36:58,43.1830253601074,-9.09249401092529,"Unknown"
"7014852",371861,2025-09-16 17:41:59,43.1831474304199,-9.09243106842041,"Unknown"
"7014852",371861,2025-09-16 17:46:59,43.1829490661621,-9.09204483032227,"Unknown"
"7014852",371861,2025-09-16 17:52:01,43.1830444335938,-9.09257984161377,"Unknown"
"7014852",371861,2025-09-16 17:57:01,43.1830673217773,-9.09224319458008,"Unknown"
"7014852",371861,2025-09-16 18:02:00,43.1831512451172,-9.09257698059082,"Unknown"
"7014852",371861,2025-09-16 18:07:09,43.1830787658691,-9.09242534637451,"Unknown"
"7014852",371861,2025-09-16 18:12:06,43.1830558776855,-9.09246826171875,"Unknown"
"7014852",371861,2025-09-16 18:17:02,43.1856956481934,-9.09269523620605,"Unknown"
"7014852",371861,2025-09-16 18:21:59,43.1847038269043,-9.09175395965576,"Unknown"
"7014852",371861,2025-09-16 18:26:59,43.1848220825195,-9.09178447723389,"Unknown"
"7014852",371861,2025-09-16 18:31:59,43.1847801208496,-9.09177207946777,"Unknown"
"7014852",371861,2025-09-16 18:36:58,43.1847229003906,-9.09176921844482,"Unknown"
"7014852",371861,2025-09-16 18:41:58,43.1847801208496,-9.09176635742188,"Unknown"
"7014852",371861,2025-09-16 18:46:59,43.184741973877,-9.09169769287109,"Unknown"
"7014852",371861,2025-09-16 18:52:01,43.1869010925293,-9.09095573425293,"Unknown"
"7014852",371861,2025-09-16 18:57:09,43.1868667602539,-9.09097766876221,"Unknown"
"7014852",371861,2025-09-16 19:02:35,43.1867523193359,-9.09088802337646,"Unknown"
"7014852",371861,2025-09-16 19:06:58,43.1868476867676,-9.09078407287598,"Unknown"
"7014852",371861,2025-09-16 19:12:03,43.1868019104004,-9.09091854095459,"Unknown"
"7014852",371861,2025-09-16 19:16:58,43.1903228759766,-9.08962345123291,"Unknown"
"7014852",371861,2025-09-16 19:22:22,43.2072257995605,-9.07330131530762,"Unknown"
"7014852",371861,2025-09-17 00:22:59,43.2651405334473,-8.9637565612793,"Unknown"
"7014852",371861,2025-09-17 05:22:53,43.2651672363281,-8.96376323699951,"Unknown"
"7014852",371861,2025-09-17 06:22:45,43.2144317626953,-9.02198505401611,"Unknown"
"7014852",371861,2025-09-17 06:27:29,43.2143936157227,-9.02206993103027,"Unknown"
"7014852",371861,2025-09-17 06:32:36,43.2151718139648,-9.02919101715088,"Unknown"
"7014852",371861,2025-09-17 06:37:33,43.1989326477051,-9.06521797180176,"Unknown"
"7014852",371861,2025-09-17 06:42:33,43.1842155456543,-9.09074020385742,"Unknown"
"7014852",371861,2025-09-17 06:48:05,43.184700012207,-9.09130191802979,"Unknown"
"7014852",371861,2025-09-17 06:52:30,43.1847381591797,-9.09122276306152,"Unknown"
"7014852",371861,2025-09-17 06:57:30,43.184642791748,-9.09164047241211,"Unknown"
"7014852",371861,2025-09-17 07:02:44,43.1847496032715,-9.09156322479248,"Unknown"
"7014852",371861,2025-09-17 07:07:44,43.1837310791016,-9.0929012298584,"Unknown"
"7014852",371861,2025-09-17 07:12:33,43.1836395263672,-9.09336280822754,"Unknown"
"7014852",371861,2025-09-17 07:17:37,43.1839561462402,-9.09292411804199,"Unknown"
"7014852",371861,2025-09-17 07:22:36,43.1836471557617,-9.09314346313477,"Unknown"
"7014852",371861,2025-09-17 07:27:39,43.183952331543,-9.0929536819458,"Unknown"
"7014852",371861,2025-09-17 07:32:37,43.1837730407715,-9.09279918670654,"Unknown"
"7014852",371861,2025-09-17 07:37:29,43.1846961975098,-9.09154415130615,"Unknown"
"7014852",371861,2025-09-17 07:42:43,43.1844711303711,-9.09208679199219,"Unknown"
"7014852",371861,2025-09-17 07:47:38,43.1845550537109,-9.0906229019165,"Unknown"
"7014852",371861,2025-09-17 07:52:32,43.1850242614746,-9.0904655456543,"Unknown"
"7014852",371861,2025-09-17 07:57:41,43.1850967407227,-9.0907735824585,"Unknown"
"7014852",371861,2025-09-17 08:02:31,43.184700012207,-9.09164524078369,"Unknown"
"7014852",371861,2025-09-17 08:07:37,43.1855087280273,-9.09095478057861,"Unknown"
"7014852",371861,2025-09-17 08:12:41,43.1839599609375,-9.09251022338867,"Unknown"
"7014852",371861,2025-09-17 08:17:30,43.1832427978516,-9.09265327453613,"Unknown"
"7014852",371861,2025-09-17 08:22:51,43.1832962036133,-9.09256935119629,"Unknown"
"7014852",371861,2025-09-17 08:27:32,43.1831665039062,-9.09182834625244,"Unknown"
"7014852",371861,2025-09-17 08:32:44,43.1857757568359,-9.09255123138428,"Unknown"
"7014852",371861,2025-09-17 08:37:36,43.1857604980469,-9.09245109558105,"Unknown"
"7014852",371861,2025-09-17 08:42:33,43.1856117248535,-9.09188175201416,"Unknown"
"7014852",371861,2025-09-17 08:47:39,43.1858406066895,-9.09232425689697,"Unknown"
"7014852",371861,2025-09-17 08:52:38,43.185791015625,-9.092360496521,"Unknown"
"7014852",371861,2025-09-17 08:57:31,43.1857452392578,-9.09228420257568,"Unknown"
"7014852",371861,2025-09-17 09:02:39,43.1859664916992,-9.09256362915039,"Unknown"
"7014852",371861,2025-09-17 09:07:39,43.1857757568359,-9.09261703491211,"Unknown"
"7014852",371861,2025-09-17 09:12:39,43.1856307983398,-9.092698097229,"Unknown"
"7014852",371861,2025-09-17 09:17:41,43.185661315918,-9.09249877929688,"Unknown"
"7014852",371861,2025-09-17 09:22:39,43.185848236084,-9.09221267700195,"Unknown"
"7014852",371861,2025-09-17 09:27:34,43.1857070922852,-9.09244346618652,"Unknown"
"7014852",371861,2025-09-17 09:32:45,43.1840362548828,-9.09256935119629,"Unknown"
"7014852",371861,2025-09-17 09:37:44,43.1839447021484,-9.09288120269775,"Unknown"
"7014852",371861,2025-09-17 09:42:39,43.1839294433594,-9.09295463562012,"Unknown"
"7014852",371861,2025-09-17 09:47:30,43.1839027404785,-9.09278202056885,"Unknown"
"7014852",371861,2025-09-17 09:52:32,43.1854095458984,-9.09224224090576,"Unknown"
"7014852",371861,2025-09-17 09:57:39,43.185604095459,-9.09261512756348,"Unknown"
"7014852",371861,2025-09-17 10:02:44,43.1855888366699,-9.09251117706299,"Unknown"
"7014852",371861,2025-09-17 10:07:36,43.1854972839355,-9.09292316436768,"Unknown"
"7014852",371861,2025-09-17 10:12:32,43.1837997436523,-9.09271430969238,"Unknown"
"7014852",371861,2025-09-17 10:17:32,43.1839828491211,-9.09280681610107,"Unknown"
"7014852",371861,2025-09-17 10:22:33,43.1838836669922,-9.09284400939941,"Unknown"
"7014852",371861,2025-09-17 10:27:38,43.183910369873,-9.09289646148682,"Unknown"
"7014852",371861,2025-09-17 10:33:05,43.1839561462402,-9.09290218353271,"Unknown"
"7014852",371861,2025-09-17 10:37:30,43.1857681274414,-9.09298419952393,"Unknown"
"7014852",371861,2025-09-17 10:42:33,43.1856803894043,-9.092529296875,"Unknown"
"7014852",371861,2025-09-17 10:47:36,43.1855964660645,-9.09263706207275,"Unknown"
"7014852",371861,2025-09-17 10:52:37,43.1897239685059,-9.09025382995605,"Unknown"
"7014852",371861,2025-09-17 10:57:39,43.1900329589844,-9.08956241607666,"Unknown"
"7014852",371861,2025-09-17 11:02:39,43.1897392272949,-9.09017372131348,"Unknown"
"7014852",371861,2025-09-17 11:07:40,43.1897354125977,-9.09013938903809,"Unknown"
"7014852",371861,2025-09-17 11:12:29,43.1896018981934,-9.09038352966309,"Unknown"
"7014852",371861,2025-09-17 11:17:29,43.1895294189453,-9.09036636352539,"Unknown"
"7014852",371861,2025-09-17 11:22:29,43.1895713806152,-9.09021949768066,"Unknown"
"7014852",371861,2025-09-17 11:27:29,43.1896591186523,-9.09018421173096,"Unknown"
"7014852",371861,2025-09-17 11:32:33,43.189510345459,-9.08981227874756,"Unknown"
"7014852",371861,2025-09-17 11:37:34,43.1896133422852,-9.08989429473877,"Unknown"
"7014852",371861,2025-09-17 11:42:30,43.189281463623,-9.08967590332031,"Unknown"
"7014852",371861,2025-09-17 11:47:41,43.1895332336426,-9.09004306793213,"Unknown"
"7014852",371861,2025-09-17 11:52:33,43.1894721984863,-9.08997249603271,"Unknown"
"7014852",371861,2025-09-17 11:57:44,43.1894874572754,-9.09000968933105,"Unknown"
"7014852",371861,2025-09-17 12:02:31,43.1895637512207,-9.09000968933105,"Unknown"
"7014852",371861,2025-09-17 12:07:31,43.1892318725586,-9.09013557434082,"Unknown"
"7014852",371861,2025-09-17 12:12:32,43.1896934509277,-9.09013652801514,"Unknown"
"7014852",371861,2025-09-17 12:17:30,43.1895408630371,-9.08990955352783,"Unknown"
"7014852",371861,2025-09-17 12:22:31,43.1897010803223,-9.0900297164917,"Unknown"
"7014852",371861,2025-09-17 12:27:29,43.1896209716797,-9.0900297164917,"Unknown"
"7014852",371861,2025-09-17 12:32:31,43.1896057128906,-9.09010028839111,"Unknown"
"7014852",371861,2025-09-17 12:37:31,43.1895599365234,-9.09002494812012,"Unknown"
"7014852",371861,2025-09-17 12:42:44,43.1896438598633,-9.09000873565674,"Unknown"
"7014852",371861,2025-09-17 12:47:33,43.1894264221191,-9.08967304229736,"Unknown"
"7014852",371861,2025-09-17 12:52:39,43.1892929077148,-9.08948993682861,"Unknown"
"7014852",371861,2025-09-17 12:57:44,43.189624786377,-9.08979988098145,"Unknown"
"7014852",371861,2025-09-17 13:02:38,43.1894607543945,-9.09014129638672,"Unknown"
"7014852",371861,2025-09-17 13:07:32,43.1894569396973,-9.09025096893311,"Unknown"
"7014852",371861,2025-09-17 13:12:39,43.189582824707,-9.08989334106445,"Unknown"
"7014852",371861,2025-09-17 13:18:05,43.1895866394043,-9.08994007110596,"Unknown"
"7014852",371861,2025-09-17 13:22:30,43.1894378662109,-9.08975791931152,"Unknown"
"7014852",371861,2025-09-17 13:27:29,43.1896324157715,-9.089919090271,"Unknown"
"7014852",371861,2025-09-17 13:32:34,43.1897239685059,-9.08981418609619,"Unknown"
"7014852",371861,2025-09-17 13:37:39,43.1896362304688,-9.08988094329834,"Unknown"
"7014852",371861,2025-09-17 13:42:34,43.1896133422852,-9.08994102478027,"Unknown"
"7014852",371861,2025-09-17 13:47:44,43.1895599365234,-9.08994483947754,"Unknown"
"7014852",371861,2025-09-17 13:52:30,43.1896820068359,-9.08982944488525,"Unknown"
"7014852",371861,2025-09-17 13:57:32,43.1896057128906,-9.08988380432129,"Unknown"
"7014852",371861,2025-09-17 14:02:31,43.1896362304688,-9.08995819091797,"Unknown"
"7014852",371861,2025-09-17 14:07:29,43.1897735595703,-9.08997344970703,"Unknown"
"7014852",371861,2025-09-17 14:12:29,43.1897010803223,-9.08985328674316,"Unknown"
"7014852",371861,2025-09-17 14:17:29,43.1895942687988,-9.08991432189941,"Unknown"
"7014852",371861,2025-09-17 14:22:29,43.1895904541016,-9.08986854553223,"Unknown"
"7014852",371861,2025-09-17 14:27:36,43.1895599365234,-9.09000492095947,"Unknown"
"7014852",371861,2025-09-17 14:33:05,43.1895713806152,-9.08994674682617,"Unknown"
"7014852",371861,2025-09-17 14:37:30,43.1895599365234,-9.08991241455078,"Unknown"
"7014852",371861,2025-09-17 14:42:30,43.1895523071289,-9.08990001678467,"Unknown"
"7014852",371861,2025-09-17 14:47:30,43.189582824707,-9.08990478515625,"Unknown"
"7014852",371861,2025-09-17 14:52:29,43.189525604248,-9.08995532989502,"Unknown"
"7014852",371861,2025-09-17 14:57:29,43.1895866394043,-9.08994483947754,"Unknown"
"7014852",371861,2025-09-17 15:02:30,43.1896057128906,-9.08999633789062,"Unknown"
"7014852",371861,2025-09-17 15:07:29,43.1896209716797,-9.08999061584473,"Unknown"
"7014852",371861,2025-09-17 15:12:30,43.1895637512207,-9.09000492095947,"Unknown"
"7014852",371861,2025-09-17 15:17:29,43.1895866394043,-9.08998775482178,"Unknown"
"7014852",371861,2025-09-17 15:22:29,43.1895599365234,-9.09002590179443,"Unknown"
"7014852",371861,2025-09-17 15:27:29,43.1895942687988,-9.09006881713867,"Unknown"
"7014852",371861,2025-09-17 15:32:30,43.1896209716797,-9.089919090271,"Unknown"
"7014852",371861,2025-09-17 15:37:29,43.1895904541016,-9.08997631072998,"Unknown"
"7014852",371861,2025-09-17 15:42:36,43.1868591308594,-9.08966445922852,"Unknown"
"7014852",371861,2025-09-17 15:47:30,43.1849212646484,-9.09135437011719,"Unknown"
"7014852",371861,2025-09-17 15:52:33,43.1857299804688,-9.09288024902344,"Unknown"
"7014852",371861,2025-09-17 15:57:30,43.1865463256836,-9.09099292755127,"Unknown"
"7014852",371861,2025-09-17 16:02:29,43.1866607666016,-9.09072399139404,"Unknown"
"7014852",371861,2025-09-17 16:07:32,43.1856117248535,-9.09034633636475,"Unknown"
"7014852",371861,2025-09-17 16:12:31,43.1851234436035,-9.09169578552246,"Unknown"
"7014852",371861,2025-09-17 16:17:30,43.1848907470703,-9.09211540222168,"Unknown"
"7014852",371861,2025-09-17 16:22:29,43.1833915710449,-9.09286308288574,"Unknown"
"7014852",371861,2025-09-17 16:27:30,43.1851196289062,-9.09183979034424,"Unknown"
"7014852",371861,2025-09-17 16:32:30,43.184440612793,-9.09176349639893,"Unknown"
"7014852",371861,2025-09-17 16:37:35,43.1847229003906,-9.09205532073975,"Unknown"
"7014852",371861,2025-09-17 16:42:39,43.1846008300781,-9.09183788299561,"Unknown"
"7014852",371861,2025-09-17 16:47:44,43.1847610473633,-9.09169006347656,"Unknown"
"7014852",371861,2025-09-17 16:52:31,43.1827278137207,-9.09207725524902,"Unknown"
"7014852",371861,2025-09-17 16:57:32,43.1827163696289,-9.09193515777588,"Unknown"
"7014852",371861,2025-09-17 17:02:29,43.1840133666992,-9.09218311309814,"Unknown"
"7014852",371861,2025-09-17 17:07:31,43.185417175293,-9.09128284454346,"Unknown"
"7014852",371861,2025-09-17 17:12:30,43.1855239868164,-9.09126091003418,"Unknown"
"7014852",371861,2025-09-17 17:17:33,43.184814453125,-9.09117603302002,"Unknown"
"7014852",371861,2025-09-17 17:22:34,43.1856384277344,-9.09110355377197,"Unknown"
"7014852",371861,2025-09-17 17:27:32,43.1862678527832,-9.09103584289551,"Unknown"
"7014852",371861,2025-09-17 17:32:30,43.1856384277344,-9.09122943878174,"Unknown"
"7014852",371861,2025-09-17 17:37:34,43.1846008300781,-9.09142684936523,"Unknown"
"7014852",371861,2025-09-17 17:42:33,43.1848564147949,-9.09135246276855,"Unknown"
"7014852",371861,2025-09-17 17:47:33,43.1848640441895,-9.09138584136963,"Unknown"
"7014852",371861,2025-09-17 17:52:32,43.1846008300781,-9.09135913848877,"Unknown"
"7014852",371861,2025-09-17 17:57:31,43.184871673584,-9.09138774871826,"Unknown"
"7014852",371861,2025-09-17 18:02:45,43.1850509643555,-9.09146690368652,"Unknown"
"7014852",371861,2025-09-17 18:07:31,43.1841125488281,-9.09113883972168,"Unknown"
"7014852",371861,2025-09-17 18:12:47,43.1849517822266,-9.091721534729,"Unknown"
"7014852",371861,2025-09-17 18:17:30,43.1830825805664,-9.09266090393066,"Unknown"
"7014852",371861,2025-09-17 18:23:53,43.183666229248,-9.09287929534912,"Unknown"
"7014852",371861,2025-09-17 18:28:32,43.1833457946777,-9.09232425689697,"Unknown"
"7014852",371861,2025-09-17 18:32:30,43.1855010986328,-9.09256362915039,"Unknown"
"7014852",371861,2025-09-17 18:37:34,43.1861038208008,-9.09134769439697,"Unknown"
"7014852",371861,2025-09-17 18:42:30,43.1866035461426,-9.09071922302246,"Unknown"
"7014852",371861,2025-09-17 18:47:39,43.1937789916992,-9.11385345458984,"Unknown"
"7014852",371861,2025-09-17 18:52:30,43.1957664489746,-9.16318607330322,"Unknown"
"7014852",371861,2025-09-17 18:57:47,43.163688659668,-9.21298885345459,"Unknown"
"7014852",371861,2025-09-17 19:02:44,43.1616516113281,-9.21357536315918,"Unknown"
"7014852",371861,2025-09-17 19:07:55,43.1616897583008,-9.21324825286865,"Unknown"
"7014852",371861,2025-09-17 19:12:45,43.161808013916,-9.21297073364258,"Unknown"
"7014852",371861,2025-09-17 19:17:36,43.1617240905762,-9.2130069732666,"Unknown"
"7014852",371861,2025-09-17 19:20:54,43.1616897583008,-9.21298599243164,"Unknown"
"7014852",371861,2025-09-18 00:21:24,43.162727355957,-9.21274662017822,"Unknown"
"7014852",371861,2025-09-18 05:21:29,43.1626472473145,-9.21293830871582,"Unknown"
"7014852",371861,2025-09-18 06:24:45,43.1812629699707,-9.09100914001465,"Unknown"
"7014852",371861,2025-09-18 06:29:07,43.1837272644043,-9.09104347229004,"Unknown"
"7014852",371861,2025-09-18 06:34:06,43.1811218261719,-9.09108352661133,"Unknown"
"7014852",371861,2025-09-18 06:39:24,43.18115234375,-9.09097003936768,"Unknown"
"7014852",371861,2025-09-18 06:44:20,43.18115234375,-9.09104442596436,"Unknown"
"7014852",371861,2025-09-18 06:50:05,43.1811561584473,-9.09103488922119,"Unknown"
"7014852",371861,2025-09-18 06:54:06,43.1810989379883,-9.09100341796875,"Unknown"
"7014852",371861,2025-09-18 06:59:35,43.1810989379883,-9.09093761444092,"Unknown"
"7014852",371861,2025-09-18 07:04:07,43.180908203125,-9.09092330932617,"Unknown"
"7014852",371861,2025-09-18 07:09:07,43.1811637878418,-9.09099006652832,"Unknown"
"7014852",371861,2025-09-18 07:14:07,43.1811180114746,-9.0910062789917,"Unknown"
"7014852",371861,2025-09-18 07:19:07,43.1811485290527,-9.09096050262451,"Unknown"
"7014852",371861,2025-09-18 07:24:06,43.1857719421387,-9.09252071380615,"Unknown"
"7014852",371861,2025-09-18 07:29:06,43.1830940246582,-9.09256649017334,"Unknown"
"7014852",371861,2025-09-18 07:34:06,43.1839256286621,-9.09220027923584,"Unknown"
"7014852",371861,2025-09-18 07:39:07,43.1857719421387,-9.09274864196777,"Unknown"
"7014852",371861,2025-09-18 07:44:07,43.1856803894043,-9.09274959564209,"Unknown"
"7014852",371861,2025-09-18 07:49:07,43.1857528686523,-9.09251022338867,"Unknown"
"7014852",371861,2025-09-18 07:54:07,43.1857070922852,-9.0926456451416,"Unknown"
"7014852",371861,2025-09-18 07:59:09,43.1857261657715,-9.09263038635254,"Unknown"
"7014852",371861,2025-09-18 08:04:06,43.1856231689453,-9.0926685333252,"Unknown"
"7014852",371861,2025-09-18 08:09:44,43.1856498718262,-9.09269428253174,"Unknown"
"7014852",371861,2025-09-18 08:14:17,43.1856307983398,-9.09261417388916,"Unknown"
"7014852",371861,2025-09-18 08:19:15,43.1856231689453,-9.09272384643555,"Unknown"
"7014852",371861,2025-09-18 08:24:16,43.1854400634766,-9.09289646148682,"Unknown"
"7014852",371861,2025-09-18 08:29:35,43.1857223510742,-9.09238052368164,"Unknown"
"7014852",371861,2025-09-18 08:34:18,43.1855621337891,-9.09275817871094,"Unknown"
"7014852",371861,2025-09-18 08:39:09,43.1857719421387,-9.09262943267822,"Unknown"
"7014852",371861,2025-09-18 08:44:11,43.1857872009277,-9.09256839752197,"Unknown"
"7014852",371861,2025-09-18 08:49:20,43.1856536865234,-9.09268379211426,"Unknown"
"7014852",371861,2025-09-18 08:54:35,43.1833763122559,-9.09254741668701,"Unknown"
"7014852",371861,2025-09-18 08:59:09,43.1838531494141,-9.09333419799805,"Unknown"
"7014852",371861,2025-09-18 09:04:12,43.1837959289551,-9.09321117401123,"Unknown"
"7014852",371861,2025-09-18 09:09:06,43.1838874816895,-9.09320735931396,"Unknown"
"7014852",371861,2025-09-18 09:14:12,43.1839065551758,-9.09314250946045,"Unknown"
"7014852",371861,2025-09-18 09:19:08,43.1839218139648,-9.09311866760254,"Unknown"
"7014852",371861,2025-09-18 09:24:32,43.1836242675781,-9.09303855895996,"Unknown"
"7014852",371861,2025-09-18 09:29:35,43.1836090087891,-9.09305763244629,"Unknown"
"7014852",371861,2025-09-18 09:35:13,43.1836624145508,-9.09294700622559,"Unknown"
"7014852",371861,2025-09-18 09:39:16,43.1835708618164,-9.09281253814697,"Unknown"
"7014852",371861,2025-09-18 09:44:10,43.1831130981445,-9.092604637146,"Unknown"
"7014852",371861,2025-09-18 09:49:09,43.184139251709,-9.09309196472168,"Unknown"
"7014852",371861,2025-09-18 09:54:09,43.182804107666,-9.0925121307373,"Unknown"
"7014852",371861,2025-09-18 09:59:15,43.1839637756348,-9.09327411651611,"Unknown"
"7014852",371861,2025-09-18 10:04:35,43.1838989257812,-9.09312057495117,"Unknown"
"7014852",371861,2025-09-18 10:09:06,43.1839485168457,-9.0933084487915,"Unknown"
"7014852",371861,2025-09-18 10:14:08,43.1838150024414,-9.09308338165283,"Unknown"
"7014852",371861,2025-09-18 10:19:18,43.1838760375977,-9.09313297271729,"Unknown"
"7014852",371861,2025-09-18 10:24:09,43.183349609375,-9.09221649169922,"Unknown"
"7014852",371861,2025-09-18 10:29:12,43.1836967468262,-9.09301376342773,"Unknown"
"7014852",371861,2025-09-18 10:34:19,43.1831970214844,-9.0925350189209,"Unknown"
"7014852",371861,2025-09-18 10:39:11,43.1849136352539,-9.09553623199463,"Unknown"
"7014852",371861,2025-09-18 10:44:12,43.1845359802246,-9.09378910064697,"Unknown"
"7014852",371861,2025-09-18 10:49:12,43.1840515136719,-9.09319400787354,"Unknown"
"7014852",371861,2025-09-18 10:54:11,43.1834831237793,-9.09191036224365,"Unknown"
"7014852",371861,2025-09-18 10:59:19,43.1836853027344,-9.09299278259277,"Unknown"
"7014852",371861,2025-09-18 11:04:09,43.1831893920898,-9.09265327453613,"Unknown"
"7014852",371861,2025-09-18 11:09:10,43.1861381530762,-9.09384250640869,"Unknown"
"7014852",371861,2025-09-18 11:14:18,43.1841049194336,-9.09295177459717,"Unknown"
"7014852",371861,2025-09-18 11:19:11,43.1836814880371,-9.09269714355469,"Unknown"
"7014852",371861,2025-09-18 11:24:13,43.1838150024414,-9.09326457977295,"Unknown"
"7014852",371861,2025-09-18 11:29:15,43.1838226318359,-9.09305953979492,"Unknown"
"7014852",371861,2025-09-18 11:34:18,43.1838912963867,-9.09311676025391,"Unknown"
"7014852",371861,2025-09-18 11:39:35,43.1837959289551,-9.09313678741455,"Unknown"
"7014852",371861,2025-09-18 11:44:06,43.1838798522949,-9.09315299987793,"Unknown"
"7014852",371861,2025-09-18 11:49:07,43.1836929321289,-9.09347724914551,"Unknown"
"7014852",371861,2025-09-18 11:54:08,43.1844863891602,-9.09114074707031,"Unknown"
"7014852",371861,2025-09-18 11:59:13,43.1844711303711,-9.09124088287354,"Unknown"
"7014852",371861,2025-09-18 12:04:07,43.1831817626953,-9.09265422821045,"Unknown"
"7014852",371861,2025-09-18 12:09:29,43.1832427978516,-9.0926513671875,"Unknown"
"7014852",371861,2025-09-18 12:14:06,43.1837005615234,-9.092698097229,"Unknown"
"7014852",371861,2025-09-18 12:19:11,43.1858749389648,-9.09278869628906,"Unknown"
"7014852",371861,2025-09-18 12:24:06,43.1857299804688,-9.09266567230225,"Unknown"
"7014852",371861,2025-09-18 12:29:06,43.1857528686523,-9.0926456451416,"Unknown"
"7014852",371861,2025-09-18 12:34:08,43.1857872009277,-9.0925817489624,"Unknown"
"7014852",371861,2025-09-18 12:39:09,43.1857032775879,-9.09277439117432,"Unknown"
"7014852",371861,2025-09-18 12:44:06,43.1857261657715,-9.09269905090332,"Unknown"
"7014852",371861,2025-09-18 12:49:09,43.185848236084,-9.09286880493164,"Unknown"
"7014852",371861,2025-09-18 12:54:07,43.1858940124512,-9.09275531768799,"Unknown"
"7014852",371861,2025-09-18 12:59:07,43.1857528686523,-9.09265327453613,"Unknown"
"7014852",371861,2025-09-18 13:04:08,43.1857452392578,-9.09266376495361,"Unknown"
"7014852",371861,2025-09-18 13:09:13,43.1857032775879,-9.09252452850342,"Unknown"
"7014852",371861,2025-09-18 13:14:12,43.1862716674805,-9.09068489074707,"Unknown"
"7014852",371861,2025-09-18 13:19:35,43.1866493225098,-9.0907039642334,"Unknown"
"7014852",371861,2025-09-18 13:24:08,43.1866264343262,-9.09066581726074,"Unknown"
"7014852",371861,2025-09-18 13:29:10,43.1865425109863,-9.09071826934814,"Unknown"
"7014852",371861,2025-09-18 13:34:09,43.1866188049316,-9.09084129333496,"Unknown"
"7014852",371861,2025-09-18 13:39:10,43.1866226196289,-9.09063720703125,"Unknown"
"7014852",371861,2025-09-18 13:44:07,43.1867828369141,-9.09103488922119,"Unknown"
"7014852",371861,2025-09-18 13:49:06,43.1856460571289,-9.09261131286621,"Unknown"
"7014852",371861,2025-09-18 13:54:08,43.1856269836426,-9.09262466430664,"Unknown"
"7014852",371861,2025-09-18 13:59:12,43.1857795715332,-9.09271430969238,"Unknown"
"7014852",371861,2025-09-18 14:04:06,43.1857643127441,-9.09264945983887,"Unknown"
"7014852",371861,2025-09-18 14:09:44,43.186653137207,-9.09064865112305,"Unknown"
"7014852",371861,2025-09-18 14:14:06,43.1866912841797,-9.0906229019165,"Unknown"
"7014852",371861,2025-09-18 14:19:06,43.1866493225098,-9.09063529968262,"Unknown"
"7014852",371861,2025-09-18 14:24:06,43.1866226196289,-9.09069347381592,"Unknown"
"7014852",371861,2025-09-18 14:29:06,43.1866836547852,-9.09082508087158,"Unknown"
"7014852",371861,2025-09-18 14:34:06,43.186637878418,-9.0905876159668,"Unknown"
"7014852",371861,2025-09-18 14:39:06,43.1867256164551,-9.09079074859619,"Unknown"
"7014852",371861,2025-09-18 14:44:06,43.1867942810059,-9.09080600738525,"Unknown"
"7014852",371861,2025-09-18 14:49:35,43.1866722106934,-9.09069538116455,"Unknown"
"7014852",371861,2025-09-18 14:54:06,43.1867218017578,-9.0906982421875,"Unknown"
"7014852",371861,2025-09-18 14:59:06,43.1867218017578,-9.0908031463623,"Unknown"
"7014852",371861,2025-09-18 15:04:08,43.1856346130371,-9.09269046783447,"Unknown"
"7014852",371861,2025-09-18 15:09:08,43.1856727600098,-9.09271144866943,"Unknown"
"7014852",371861,2025-09-18 15:14:06,43.1857872009277,-9.09268665313721,"Unknown"
"7014852",371861,2025-09-18 15:19:07,43.1857604980469,-9.09259223937988,"Unknown"
"7014852",371861,2025-09-18 15:24:06,43.1857299804688,-9.09251689910889,"Unknown"
"7014852",371861,2025-09-18 15:29:07,43.1857719421387,-9.09277248382568,"Unknown"
"7014852",371861,2025-09-18 15:34:08,43.1871795654297,-9.09072685241699,"Unknown"
"7014852",371861,2025-09-18 15:39:07,43.1876106262207,-9.09170246124268,"Unknown"
"7014852",371861,2025-09-18 15:44:07,43.1871223449707,-9.09084606170654,"Unknown"
"7014852",371861,2025-09-18 15:49:08,43.187141418457,-9.09089088439941,"Unknown"
"7014852",371861,2025-09-18 15:54:09,43.1871681213379,-9.09112739562988,"Unknown"
"7014852",371861,2025-09-18 15:59:19,43.1870498657227,-9.0908031463623,"Unknown"
"7014852",371861,2025-09-18 16:04:44,43.1897354125977,-9.09079170227051,"Unknown"
"7014852",371861,2025-09-18 16:09:08,43.1896934509277,-9.09094619750977,"Unknown"
"7014852",371861,2025-09-18 16:14:08,43.189769744873,-9.09126663208008,"Unknown"
"7014852",371861,2025-09-18 16:19:07,43.1897163391113,-9.09109020233154,"Unknown"
"7014852",371861,2025-09-18 16:24:08,43.1897010803223,-9.09134483337402,"Unknown"
"7014852",371861,2025-09-18 16:29:11,43.1897239685059,-9.09207248687744,"Unknown"
"7014852",371861,2025-09-18 16:34:18,43.1897354125977,-9.09079074859619,"Unknown"
"7014852",371861,2025-09-18 16:39:18,43.1897850036621,-9.09091091156006,"Unknown"
"7014852",371861,2025-09-18 16:44:15,43.1897125244141,-9.09093570709229,"Unknown"
"7014852",371861,2025-09-18 16:49:19,43.1898307800293,-9.09096622467041,"Unknown"
"7014852",371861,2025-09-18 16:54:23,43.1897926330566,-9.091139793396,"Unknown"
"7014852",371861,2025-09-18 16:59:21,43.189868927002,-9.0910120010376,"Unknown"
"7014852",371861,2025-09-18 17:04:19,43.1898422241211,-9.09093761444092,"Unknown"
"7014852",371861,2025-09-18 17:09:19,43.1898231506348,-9.0909423828125,"Unknown"
"7014852",371861,2025-09-18 17:14:35,43.1897926330566,-9.09101486206055,"Unknown"
"7014852",371861,2025-09-18 17:19:07,43.1897773742676,-9.09101104736328,"Unknown"
"7014852",371861,2025-09-18 17:24:09,43.1843528747559,-9.09123992919922,"Unknown"
"7014852",371861,2025-09-18 17:29:11,43.184383392334,-9.09133815765381,"Unknown"
"7014852",371861,2025-09-18 17:34:09,43.184741973877,-9.09138298034668,"Unknown"
"7014852",371861,2025-09-18 17:39:07,43.1857490539551,-9.09263229370117,"Unknown"
"7014852",371861,2025-09-18 17:44:08,43.1857719421387,-9.09273815155029,"Unknown"
"7014852",371861,2025-09-18 17:49:07,43.1857452392578,-9.09255313873291,"Unknown"
"7014852",371861,2025-09-18 17:54:07,43.1928634643555,-9.09833812713623,"Unknown"
"7014852",371861,2025-09-18 17:59:16,43.1929931640625,-9.09836387634277,"Unknown"
"7014852",371861,2025-09-18 18:04:11,43.1929016113281,-9.09828472137451,"Unknown"
"7014852",371861,2025-09-18 18:09:08,43.1928062438965,-9.09817123413086,"Unknown"
"7014852",371861,2025-09-18 18:14:32,43.1928405761719,-9.09823608398438,"Unknown"
"7014852",371861,2025-09-18 18:19:07,43.1927223205566,-9.09815692901611,"Unknown"
"7014852",371861,2025-09-18 18:24:09,43.1927337646484,-9.09814071655273,"Unknown"
"7014852",371861,2025-09-18 18:29:08,43.1926116943359,-9.09810447692871,"Unknown"
"7014852",371861,2025-09-18 18:34:07,43.1926116943359,-9.09804630279541,"Unknown"
"7014852",371861,2025-09-18 18:39:06,43.1928024291992,-9.09808349609375,"Unknown"
"7014852",371861,2025-09-18 18:44:08,43.1927604675293,-9.09811782836914,"Unknown"
"7014852",371861,2025-09-18 18:49:07,43.1927833557129,-9.09814453125,"Unknown"
"7014852",371861,2025-09-18 18:54:07,43.1928291320801,-9.09811592102051,"Unknown"
"7014852",371861,2025-09-18 18:59:09,43.2001037597656,-9.12059783935547,"Unknown"
"7014852",371861,2025-09-18 19:04:09,43.1972045898438,-9.16717052459717,"Unknown"
"7014852",371861,2025-09-18 19:09:08,43.174488067627,-9.20653629302979,"Unknown"
"7014852",371861,2025-09-18 19:14:24,43.1620101928711,-9.21309661865234,"Unknown"
"7014852",371861,2025-09-18 19:19:12,43.1619491577148,-9.21304035186768,"Unknown"
"7014852",371861,2025-09-19 00:19:29,43.1629333496094,-9.21382617950439,"Unknown"
"7014852",371861,2025-09-19 05:19:35,43.1630210876465,-9.21378993988037,"Unknown"
"7014852",371861,2025-09-19 06:25:01,43.1861343383789,-9.10632991790771,"Unknown"
"7014852",371861,2025-09-19 06:29:58,43.1858520507812,-9.10593795776367,"Unknown"
"7014852",371861,2025-09-19 06:34:54,43.1860198974609,-9.10641288757324,"Unknown"
"7014852",371861,2025-09-19 06:39:53,43.1861534118652,-9.10656833648682,"Unknown"
"7014852",371861,2025-09-19 06:44:55,43.1857261657715,-9.10620498657227,"Unknown"
"7014852",371861,2025-09-19 06:49:54,43.1838302612305,-9.09154033660889,"Unknown"
"7014852",371861,2025-09-19 06:54:53,43.1838836669922,-9.09138774871826,"Unknown"
"7014852",371861,2025-09-19 06:59:53,43.1831665039062,-9.09242725372314,"Unknown"
"7014852",371861,2025-09-19 07:04:53,43.1849021911621,-9.09161853790283,"Unknown"
"7014852",371861,2025-09-19 07:09:54,43.184928894043,-9.09163665771484,"Unknown"
"7014852",371861,2025-09-19 07:14:55,43.1849060058594,-9.09161949157715,"Unknown"
"7014852",371861,2025-09-19 07:19:53,43.1849060058594,-9.09161376953125,"Unknown"
"7014852",371861,2025-09-19 07:24:53,43.1849555969238,-9.09157562255859,"Unknown"
"7014852",371861,2025-09-19 07:29:55,43.1838340759277,-9.09306144714355,"Unknown"
"7014852",371861,2025-09-19 07:34:57,43.1835517883301,-9.09299564361572,"Unknown"
"7014852",371861,2025-09-19 07:39:53,43.1842994689941,-9.09298324584961,"Unknown"
"7014852",371861,2025-09-19 07:44:53,43.1843566894531,-9.09307479858398,"Unknown"
"7014852",371861,2025-09-19 07:49:54,43.1854248046875,-9.09117698669434,"Unknown"
"7014852",371861,2025-09-19 07:54:56,43.1853294372559,-9.09122276306152,"Unknown"
"7014852",371861,2025-09-19 07:59:54,43.1853141784668,-9.0913724899292,"Unknown"
"7014852",371861,2025-09-19 08:04:56,43.1838874816895,-9.09289264678955,"Unknown"
"7014852",371861,2025-09-19 08:09:55,43.1836357116699,-9.0928430557251,"Unknown"
"7014852",371861,2025-09-19 08:14:59,43.183521270752,-9.0926456451416,"Unknown"
"7014852",371861,2025-09-19 08:20:06,43.1836242675781,-9.09267807006836,"Unknown"
"7014852",371861,2025-09-19 08:25:11,43.1838798522949,-9.09295749664307,"Unknown"
"7014852",371861,2025-09-19 08:30:01,43.1840209960938,-9.0927906036377,"Unknown"
"7014852",371861,2025-09-19 08:35:01,43.184009552002,-9.09280014038086,"Unknown"
"7014852",371861,2025-09-19 08:40:01,43.1839447021484,-9.09281539916992,"Unknown"
"7014852",371861,2025-09-19 08:45:01,43.1837615966797,-9.09269905090332,"Unknown"
"7014852",371861,2025-09-19 08:50:05,43.1839447021484,-9.09278392791748,"Unknown"
"7014852",371861,2025-09-19 08:55:01,43.183910369873,-9.09278774261475,"Unknown"
"7014852",371861,2025-09-19 09:00:01,43.1839981079102,-9.09288311004639,"Unknown"
"7014852",371861,2025-09-19 09:05:06,43.183837890625,-9.09274291992188,"Unknown"
"7014852",371861,2025-09-19 09:10:03,43.1837768554688,-9.09259414672852,"Unknown"
"7014852",371861,2025-09-19 09:15:06,43.1838493347168,-9.09269428253174,"Unknown"
"7014852",371861,2025-09-19 09:20:01,43.1838798522949,-9.0926513671875,"Unknown"
"7014852",371861,2025-09-19 09:25:15,43.1839637756348,-9.09273910522461,"Unknown"
"7014852",371861,2025-09-19 09:30:01,43.1839370727539,-9.09278106689453,"Unknown"
"7014852",371861,2025-09-19 09:35:01,43.183967590332,-9.09284496307373,"Unknown"
"7014852",371861,2025-09-19 09:40:01,43.1848487854004,-9.09154224395752,"Unknown"
"7014852",371861,2025-09-19 09:45:25,43.1846885681152,-9.09168529510498,"Unknown"
"7014852",371861,2025-09-19 09:49:55,43.1855659484863,-9.09248542785645,"Unknown"
"7014852",371861,2025-09-19 09:54:59,43.1853904724121,-9.0914306640625,"Unknown"
"7014852",371861,2025-09-19 09:59:53,43.1849174499512,-9.09187698364258,"Unknown"
"7014852",371861,2025-09-19 10:05:29,43.1836624145508,-9.09282112121582,"Unknown"
"7014852",371861,2025-09-19 10:10:10,43.1836357116699,-9.09291839599609,"Unknown"
"7014852",371861,2025-09-19 10:14:54,43.183837890625,-9.0931282043457,"Unknown"
"7014852",371861,2025-09-19 10:19:54,43.1839485168457,-9.09301471710205,"Unknown"
"7014852",371861,2025-09-19 10:24:52,43.1839561462402,-9.09301853179932,"Unknown"
"7014852",371861,2025-09-19 10:29:52,43.1839218139648,-9.09303569793701,"Unknown"
"7014852",371861,2025-09-19 10:34:53,43.1838874816895,-9.09298133850098,"Unknown"
"7014852",371861,2025-09-19 10:39:54,43.1838874816895,-9.09294891357422,"Unknown"
"7014852",371861,2025-09-19 10:44:52,43.1838798522949,-9.09293365478516,"Unknown"
"7014852",371861,2025-09-19 10:49:56,43.183895111084,-9.09312534332275,"Unknown"
"7014852",371861,2025-09-19 10:54:55,43.183837890625,-9.09318733215332,"Unknown"
"7014852",371861,2025-09-19 10:59:52,43.1839179992676,-9.09300899505615,"Unknown"
"7014852",371861,2025-09-19 11:04:53,43.1837768554688,-9.093092918396,"Unknown"
"7014852",371861,2025-09-19 11:09:53,43.1837692260742,-9.09316730499268,"Unknown"
"7014852",371861,2025-09-19 11:14:52,43.1838607788086,-9.09308338165283,"Unknown"
"7014852",371861,2025-09-19 11:19:52,43.1838035583496,-9.09302043914795,"Unknown"
"7014852",371861,2025-09-19 11:24:52,43.1838645935059,-9.09288501739502,"Unknown"
"7014852",371861,2025-09-19 11:29:53,43.1839065551758,-9.09307670593262,"Unknown"
"7014852",371861,2025-09-19 11:34:53,43.1837882995605,-9.09314632415771,"Unknown"
"7014852",371861,2025-09-19 11:39:52,43.1844635009766,-9.0919361114502,"Unknown"
"7014852",371861,2025-09-19 11:44:54,43.1846542358398,-9.09170913696289,"Unknown"
"7014852",371861,2025-09-19 11:49:56,43.1845893859863,-9.09163951873779,"Unknown"
"7014852",371861,2025-09-19 11:54:54,43.1848373413086,-9.09203147888184,"Unknown"
"7014852",371861,2025-09-19 11:59:58,43.1856498718262,-9.09271240234375,"Unknown"
"7014852",371861,2025-09-19 12:04:55,43.1843566894531,-9.09342479705811,"Unknown"
"7014852",371861,2025-09-19 12:10:14,43.1839752197266,-9.09296035766602,"Unknown"
"7014852",371861,2025-09-19 12:14:54,43.1850852966309,-9.09272193908691,"Unknown"
"7014852",371861,2025-09-19 12:19:52,43.1851844787598,-9.09290790557861,"Unknown"
"7014852",371861,2025-09-19 12:24:56,43.1852989196777,-9.09313201904297,"Unknown"
"7014852",371861,2025-09-19 12:30:08,43.1853485107422,-9.09307384490967,"Unknown"
"7014852",371861,2025-09-19 12:34:52,43.1853790283203,-9.09327602386475,"Unknown"
"7014852",371861,2025-09-19 12:39:58,43.1854362487793,-9.09323978424072,"Unknown"
"7014852",371861,2025-09-19 12:44:53,43.1854858398438,-9.09307765960693,"Unknown"
"7014852",371861,2025-09-19 12:50:14,43.1866416931152,-9.09108352661133,"Unknown"
"7014852",371861,2025-09-19 12:54:55,43.1869049072266,-9.09070587158203,"Unknown"
"7014852",371861,2025-09-19 12:59:55,43.1867599487305,-9.09100437164307,"Unknown"
"7014852",371861,2025-09-19 13:04:59,43.186637878418,-9.09091567993164,"Unknown"
"7014852",371861,2025-09-19 13:09:53,43.1844329833984,-9.09206581115723,"Unknown"
"7014852",371861,2025-09-19 13:14:55,43.1831321716309,-9.0888032913208,"Unknown"
"7014852",371861,2025-09-19 13:19:55,43.1837272644043,-9.08802795410156,"Unknown"
"7014852",371861,2025-09-19 13:24:57,43.1836624145508,-9.08818817138672,"Unknown"
"7014852",371861,2025-09-19 13:29:56,43.1838874816895,-9.09410667419434,"Unknown"
"7014852",371861,2025-09-19 13:35:02,43.184513092041,-9.09221458435059,"Unknown"
"7014852",371861,2025-09-19 13:40:03,43.1850471496582,-9.09147644042969,"Unknown"
"7014852",371861,2025-09-19 13:45:22,43.184871673584,-9.09140968322754,"Unknown"
"7014852",371861,2025-09-19 13:50:05,43.1844787597656,-9.09206485748291,"Unknown"
"7014852",371861,2025-09-19 13:55:01,43.1843185424805,-9.09206676483154,"Unknown"
"7014852",371861,2025-09-19 14:00:07,43.1845741271973,-9.09187412261963,"Unknown"
"7014852",371861,2025-09-19 14:05:01,43.1893997192383,-9.09679508209229,"Unknown"
"7014852",371861,2025-09-19 14:10:09,43.1891708374023,-9.11375141143799,"Unknown"
"7014852",371861,2025-09-19 14:15:01,43.1892929077148,-9.11363410949707,"Unknown"
"7014852",371861,2025-09-19 14:20:01,43.1895980834961,-9.11408519744873,"Unknown"
"7014852",371861,2025-09-19 14:25:07,43.1894302368164,-9.11440086364746,"Unknown"
"7014852",371861,2025-09-19 14:30:01,43.188289642334,-9.11035060882568,"Unknown"
"7014852",371861,2025-09-19 14:35:06,43.1909103393555,-9.09635925292969,"Unknown"
"7014852",371861,2025-09-19 14:40:23,43.1910743713379,-9.09603309631348,"Unknown"
"7014852",371861,2025-09-19 14:45:01,43.1910438537598,-9.09591579437256,"Unknown"
"7014852",371861,2025-09-19 14:50:01,43.1911430358887,-9.09601974487305,"Unknown"
"7014852",371861,2025-09-19 14:55:00,43.1910514831543,-9.09601879119873,"Unknown"
"7014852",371861,2025-09-19 15:00:00,43.1853637695312,-9.09272193908691,"Unknown"
"7014852",371861,2025-09-19 15:05:00,43.1854629516602,-9.09262084960938,"Unknown"
"7014852",371861,2025-09-19 15:10:02,43.1855964660645,-9.09265232086182,"Unknown"
"7014852",371861,2025-09-19 15:15:00,43.1843528747559,-9.09098529815674,"Unknown"
"7014852",371861,2025-09-19 15:20:00,43.1847839355469,-9.09086418151855,"Unknown"
"7014852",371861,2025-09-19 15:25:00,43.1848068237305,-9.09089183807373,"Unknown"
"7014852",371861,2025-09-19 15:30:29,43.1849746704102,-9.09119606018066,"Unknown"
"7014852",371861,2025-09-19 15:34:54,43.1851119995117,-9.09114646911621,"Unknown"
"7014852",371861,2025-09-19 15:39:55,43.1850051879883,-9.09123802185059,"Unknown"
"7014852",371861,2025-09-19 15:44:53,43.1848831176758,-9.09104061126709,"Unknown"
"7014852",371861,2025-09-19 15:49:54,43.1848831176758,-9.090989112854,"Unknown"
"7014852",371861,2025-09-19 15:54:53,43.1849746704102,-9.09099674224854,"Unknown"
"7014852",371861,2025-09-19 15:59:53,43.1849060058594,-9.09100532531738,"Unknown"
"7014852",371861,2025-09-19 16:04:54,43.1849136352539,-9.09105396270752,"Unknown"
"7014852",371861,2025-09-19 16:09:53,43.184871673584,-9.09078407287598,"Unknown"
"7014852",371861,2025-09-19 16:14:54,43.1849670410156,-9.09083938598633,"Unknown"
"7014852",371861,2025-09-19 16:19:53,43.1849708557129,-9.09087085723877,"Unknown"
"7014852",371861,2025-09-19 16:24:53,43.184684753418,-9.09097957611084,"Unknown"
"7014852",371861,2025-09-19 16:29:53,43.1839599609375,-9.09273719787598,"Unknown"
"7014852",371861,2025-09-19 16:34:53,43.1840744018555,-9.0926456451416,"Unknown"
"7014852",371861,2025-09-19 16:39:53,43.1838989257812,-9.09278392791748,"Unknown"
"7014852",371861,2025-09-19 16:44:53,43.1840744018555,-9.09258651733398,"Unknown"
"7014852",371861,2025-09-19 16:49:53,43.1839828491211,-9.09266948699951,"Unknown"
"7014852",371861,2025-09-19 16:54:53,43.1886711120605,-9.08918571472168,"Unknown"
"7014852",371861,2025-09-19 16:59:55,43.1873588562012,-9.09963130950928,"Unknown"
"7014852",371861,2025-09-19 17:04:53,43.1877555847168,-9.09942150115967,"Unknown"
"7014852",371861,2025-09-19 17:09:53,43.187198638916,-9.09950256347656,"Unknown"
"7014852",371861,2025-09-19 17:14:55,43.1900024414062,-9.10098361968994,"Unknown"
"7014852",371861,2025-09-19 17:19:53,43.1897239685059,-9.10096454620361,"Unknown"
"7014852",371861,2025-09-19 17:24:55,43.1898727416992,-9.10094451904297,"Unknown"
"7014852",371861,2025-09-19 17:29:59,43.1898422241211,-9.10095500946045,"Unknown"
"7014852",371861,2025-09-19 17:34:54,43.1903610229492,-9.1009578704834,"Unknown"
"7014852",371861,2025-09-19 17:40:00,43.1902732849121,-9.10100746154785,"Unknown"
"7014852",371861,2025-09-19 17:44:54,43.1898994445801,-9.10104465484619,"Unknown"
"7014852",371861,2025-09-19 17:49:55,43.1902198791504,-9.10109424591064,"Unknown"
"7014852",371861,2025-09-19 17:54:53,43.1902160644531,-9.10125064849854,"Unknown"
"7014852",371861,2025-09-19 17:59:55,43.1902122497559,-9.1012077331543,"Unknown"
"7014852",371861,2025-09-19 18:04:53,43.1902084350586,-9.10129928588867,"Unknown"
"7014852",371861,2025-09-19 18:09:55,43.1903266906738,-9.10130596160889,"Unknown"
"7014852",371861,2025-09-19 18:14:55,43.1902694702148,-9.10125160217285,"Unknown"
"7014852",371861,2025-09-19 18:19:57,43.1901893615723,-9.10140895843506,"Unknown"
"7014852",371861,2025-09-19 18:24:55,43.1902885437012,-9.1014986038208,"Unknown"
"7014852",371861,2025-09-19 18:29:53,43.1904067993164,-9.10143375396729,"Unknown"
"7014852",371861,2025-09-19 18:34:53,43.1904525756836,-9.10150051116943,"Unknown"
"7014852",371861,2025-09-19 18:39:53,43.190299987793,-9.10147094726562,"Unknown"
"7014852",371861,2025-09-19 18:44:57,43.1908149719238,-9.10105419158936,"Unknown"
"7014852",371861,2025-09-19 18:49:56,43.1907691955566,-9.10134983062744,"Unknown"
"7014852",371861,2025-09-19 18:54:58,43.1923217773438,-9.10139274597168,"Unknown"
"7014852",371861,2025-09-19 19:00:00,43.192066192627,-9.10116767883301,"Unknown"
"7014852",371861,2025-09-19 19:04:56,43.1989440917969,-9.11758708953857,"Unknown"
"7014852",371861,2025-09-19 19:10:08,43.198917388916,-9.11750888824463,"Unknown"
"7014852",371861,2025-09-19 19:17:01,43.1988143920898,-9.11769008636475,"Unknown"
"7014852",371861,2025-09-20 00:16:49,43.2123947143555,-9.06478309631348,"Unknown"
"7014852",371861,2025-09-20 05:16:43,43.1978607177734,-9.05705738067627,"Unknown"
"7014852",371861,2025-09-20 06:25:50,43.1950492858887,-9.04158782958984,"Unknown"
"7014852",371861,2025-09-20 06:30:37,43.194694519043,-9.04161834716797,"Unknown"
"7014852",371861,2025-09-20 06:35:38,43.1950263977051,-9.04174137115479,"Unknown"
"7014852",371861,2025-09-20 06:40:36,43.1948165893555,-9.04148387908936,"Unknown"
"7014852",371861,2025-09-20 06:45:36,43.1898574829102,-9.04638957977295,"Unknown"
"7014852",371861,2025-09-20 06:50:37,43.190055847168,-9.04572486877441,"Unknown"
"7014852",371861,2025-09-20 06:55:36,43.1902618408203,-9.04549121856689,"Unknown"
"7014852",371861,2025-09-20 07:00:38,43.1900405883789,-9.04565525054932,"Unknown"
"7014852",371861,2025-09-20 07:05:36,43.1897201538086,-9.0453462600708,"Unknown"
"7014852",371861,2025-09-20 07:10:37,43.1901397705078,-9.04496383666992,"Unknown"
"7014852",371861,2025-09-20 07:15:36,43.1901245117188,-9.04496479034424,"Unknown"
"7014852",371861,2025-09-20 07:20:36,43.1901702880859,-9.04490280151367,"Unknown"
"7014852",371861,2025-09-20 07:25:36,43.1898803710938,-9.04499053955078,"Unknown"
"7014852",371861,2025-09-20 07:30:36,43.1896553039551,-9.04508590698242,"Unknown"
"7014852",371861,2025-09-20 07:35:37,43.189624786377,-9.04534530639648,"Unknown"
"7014852",371861,2025-09-20 07:40:36,43.1894721984863,-9.04562950134277,"Unknown"
"7014852",371861,2025-09-20 07:45:41,43.1893424987793,-9.04561233520508,"Unknown"
"7014852",371861,2025-09-20 07:50:37,43.1892852783203,-9.04636573791504,"Unknown"
"7014852",371861,2025-09-20 07:55:36,43.1894912719727,-9.04702949523926,"Unknown"
"7014852",371861,2025-09-20 08:00:36,43.1891937255859,-9.04710865020752,"Unknown"
"7014852",371861,2025-09-20 08:05:36,43.1890258789062,-9.04749298095703,"Unknown"
"7014852",371861,2025-09-20 08:10:36,43.189079284668,-9.04751873016357,"Unknown"
"7014852",371861,2025-09-20 08:15:36,43.1890525817871,-9.04757785797119,"Unknown"
"7014852",371861,2025-09-20 08:20:37,43.1890411376953,-9.04738235473633,"Unknown"
"7014852",371861,2025-09-20 08:25:37,43.1888885498047,-9.04758548736572,"Unknown"
"7014852",371861,2025-09-20 08:30:37,43.1889419555664,-9.04756927490234,"Unknown"
"7014852",371861,2025-09-20 08:35:37,43.1889457702637,-9.04716110229492,"Unknown"
"7014852",371861,2025-09-20 08:40:37,43.1890029907227,-9.0472469329834,"Unknown"
"7014852",371861,2025-09-20 08:45:38,43.1887130737305,-9.04774284362793,"Unknown"
"7014852",371861,2025-09-20 08:50:36,43.1864242553711,-9.07169723510742,"Unknown"
"7014852",371861,2025-09-20 08:55:36,43.1849403381348,-9.09164810180664,"Unknown"
"7014852",371861,2025-09-20 09:00:38,43.1851005554199,-9.09168338775635,"Unknown"
"7014852",371861,2025-09-20 09:05:40,43.1849746704102,-9.09182071685791,"Unknown"
"7014852",371861,2025-09-20 09:10:36,43.184886932373,-9.09187412261963,"Unknown"
"7014852",371861,2025-09-20 09:15:38,43.1836585998535,-9.09293460845947,"Unknown"
"7014852",371861,2025-09-20 09:20:36,43.1831588745117,-9.09263801574707,"Unknown"
"7014852",371861,2025-09-20 09:25:38,43.1831550598145,-9.09250259399414,"Unknown"
"7014852",371861,2025-09-20 09:30:36,43.1856117248535,-9.09214210510254,"Unknown"
"7014852",371861,2025-09-20 09:35:38,43.1847877502441,-9.09178447723389,"Unknown"
"7014852",371861,2025-09-20 09:40:39,43.1848106384277,-9.0918140411377,"Unknown"
"7014852",371861,2025-09-20 09:45:38,43.1846389770508,-9.09204578399658,"Unknown"
"7014852",371861,2025-09-20 09:50:37,43.1837882995605,-9.0927209854126,"Unknown"
"7014852",371861,2025-09-20 09:55:38,43.1829147338867,-9.09224796295166,"Unknown"
"7014852",371861,2025-09-20 10:00:37,43.183910369873,-9.09297370910645,"Unknown"
"7014852",371861,2025-09-20 10:05:39,43.1838836669922,-9.09283638000488,"Unknown"
"7014852",371861,2025-09-20 10:10:37,43.183910369873,-9.09284687042236,"Unknown"
"7014852",371861,2025-09-20 10:15:37,43.1839752197266,-9.09266757965088,"Unknown"
"7014852",371861,2025-09-20 10:21:16,43.1832847595215,-9.09256458282471,"Unknown"
"7014852",371861,2025-09-20 10:25:36,43.1856651306152,-9.09247398376465,"Unknown"
"7014852",371861,2025-09-20 10:30:36,43.1892166137695,-9.09127521514893,"Unknown"
"7014852",371861,2025-09-20 10:35:36,43.189266204834,-9.09112453460693,"Unknown"
"7014852",371861,2025-09-20 10:40:38,43.1893424987793,-9.09123134613037,"Unknown"
"7014852",371861,2025-09-20 10:45:38,43.1893997192383,-9.09124755859375,"Unknown"
"7014852",371861,2025-09-20 10:50:39,43.1892585754395,-9.09112548828125,"Unknown"
"7014852",371861,2025-09-20 10:55:39,43.1894149780273,-9.09141540527344,"Unknown"
"7014852",371861,2025-09-20 11:00:36,43.1892929077148,-9.09121990203857,"Unknown"
"7014852",371861,2025-09-20 11:05:37,43.1892738342285,-9.09127140045166,"Unknown"
"7014852",371861,2025-09-20 11:10:36,43.1873245239258,-9.09937191009521,"Unknown"
"7014852",371861,2025-09-20 11:15:38,43.1875457763672,-9.0993537902832,"Unknown"
"7014852",371861,2025-09-20 11:20:36,43.1900405883789,-9.10120010375977,"Unknown"
"7014852",371861,2025-09-20 11:25:37,43.1900177001953,-9.10128974914551,"Unknown"
"7014852",371861,2025-09-20 11:30:36,43.1900215148926,-9.10122203826904,"Unknown"
"7014852",371861,2025-09-20 11:35:37,43.1900863647461,-9.10125160217285,"Unknown"
"7014852",371861,2025-09-20 11:40:37,43.1900367736816,-9.10126304626465,"Unknown"
"7014852",371861,2025-09-20 11:45:36,43.1888542175293,-9.10282516479492,"Unknown"
"7014852",371861,2025-09-20 11:50:38,43.1889038085938,-9.10282325744629,"Unknown"
"7014852",371861,2025-09-20 11:55:40,43.1901588439941,-9.10178279876709,"Unknown"
"7014852",371861,2025-09-20 12:00:37,43.189826965332,-9.1014518737793,"Unknown"
"7014852",371861,2025-09-20 12:05:37,43.1898193359375,-9.10133647918701,"Unknown"
"7014852",371861,2025-09-20 12:10:38,43.1895751953125,-9.10119342803955,"Unknown"
"7014852",371861,2025-09-20 12:15:38,43.1902770996094,-9.10185146331787,"Unknown"
"7014852",371861,2025-09-20 12:20:43,43.1904449462891,-9.10212135314941,"Unknown"
"7014852",371861,2025-09-20 12:25:36,43.1903266906738,-9.10186004638672,"Unknown"
"7014852",371861,2025-09-20 12:30:37,43.1902351379395,-9.10188865661621,"Unknown"
"7014852",371861,2025-09-20 12:35:37,43.1903915405273,-9.1020336151123,"Unknown"
"7014852",371861,2025-09-20 12:40:40,43.1903419494629,-9.10202693939209,"Unknown"
"7014852",371861,2025-09-20 12:45:40,43.1903610229492,-9.10201358795166,"Unknown"
"7014852",371861,2025-09-20 12:50:36,43.1903457641602,-9.10214233398438,"Unknown"
"7014852",371861,2025-09-20 12:55:38,43.1903686523438,-9.10209083557129,"Unknown"
"7014852",371861,2025-09-20 13:00:37,43.1903533935547,-9.1020679473877,"Unknown"
"7014852",371861,2025-09-20 13:05:39,43.1903648376465,-9.10208988189697,"Unknown"
"7014852",371861,2025-09-20 13:10:39,43.1902503967285,-9.10210704803467,"Unknown"
"7014852",371861,2025-09-20 13:15:38,43.1903190612793,-9.09754848480225,"Unknown"
"7014852",371861,2025-09-20 13:20:37,43.1876792907715,-9.09765338897705,"Unknown"
"7014852",371861,2025-09-20 13:25:37,43.1858291625977,-9.09290409088135,"Unknown"
"7014852",371861,2025-09-20 13:30:37,43.1857986450195,-9.0929126739502,"Unknown"
"7014852",371861,2025-09-20 13:35:37,43.1855812072754,-9.09298038482666,"Unknown"
"7014852",371861,2025-09-20 13:40:38,43.1857795715332,-9.09279155731201,"Unknown"
"7014852",371861,2025-09-20 13:45:37,43.1856384277344,-9.09295272827148,"Unknown"
"7014852",371861,2025-09-20 13:50:39,43.1856231689453,-9.09295177459717,"Unknown"
"7014852",371861,2025-09-20 13:55:41,43.1856307983398,-9.09296894073486,"Unknown"
"7014852",371861,2025-09-20 14:00:39,43.1856460571289,-9.09287548065186,"Unknown"
"7014852",371861,2025-09-20 14:05:38,43.1854591369629,-9.0931568145752,"Unknown"
"7014852",371861,2025-09-20 14:10:40,43.1857299804688,-9.09288787841797,"Unknown"
"7014852",371861,2025-09-20 14:15:38,43.1867065429688,-9.09169006347656,"Unknown"
"7014852",371861,2025-09-20 14:20:38,43.1867065429688,-9.09152221679688,"Unknown"
"7014852",371861,2025-09-20 14:25:38,43.1866645812988,-9.09167385101318,"Unknown"
"7014852",371861,2025-09-20 14:30:38,43.186595916748,-9.09185314178467,"Unknown"
"7014852",371861,2025-09-20 14:35:41,43.1854515075684,-9.09324932098389,"Unknown"
"7014852",371861,2025-09-20 14:40:40,43.1856498718262,-9.0927038192749,"Unknown"
"7014852",371861,2025-09-20 14:45:41,43.185546875,-9.09288215637207,"Unknown"
"7014852",371861,2025-09-20 14:50:41,43.1854553222656,-9.09246921539307,"Unknown"
"7014852",371861,2025-09-20 14:55:49,43.1853713989258,-9.0922327041626,"Unknown"
"7014852",371861,2025-09-20 15:00:41,43.185302734375,-9.0924186706543,"Unknown"
"7014852",371861,2025-09-20 15:05:41,43.1867904663086,-9.09097862243652,"Unknown"
"7014852",371861,2025-09-20 15:10:52,43.1861152648926,-9.09183406829834,"Unknown"
"7014852",371861,2025-09-20 15:15:43,43.1867713928223,-9.09234714508057,"Unknown"
"7014852",371861,2025-09-20 15:20:42,43.1869049072266,-9.09264087677002,"Unknown"
"7014852",371861,2025-09-20 15:25:39,43.1873626708984,-9.09304332733154,"Unknown"
"7014852",371861,2025-09-20 15:30:43,43.1869735717773,-9.09225940704346,"Unknown"
"7014852",371861,2025-09-20 15:35:43,43.1869697570801,-9.09222793579102,"Unknown"
"7014852",371861,2025-09-20 15:40:43,43.1868858337402,-9.09197235107422,"Unknown"
"7014852",371861,2025-09-20 15:45:41,43.1870040893555,-9.09234619140625,"Unknown"
"7014852",371861,2025-09-20 15:50:43,43.1869735717773,-9.092116355896,"Unknown"
"7014852",371861,2025-09-20 15:55:43,43.1870765686035,-9.0926399230957,"Unknown"
"7014852",371861,2025-09-20 16:00:41,43.1870727539062,-9.09189224243164,"Unknown"
"7014852",371861,2025-09-20 16:05:42,43.1870346069336,-9.09201145172119,"Unknown"
"7014852",371861,2025-09-20 16:10:39,43.1870346069336,-9.09190940856934,"Unknown"
"7014852",371861,2025-09-20 16:15:47,43.1870193481445,-9.09218215942383,"Unknown"
"7014852",371861,2025-09-20 16:20:38,43.18701171875,-9.09153079986572,"Unknown"
"7014852",371861,2025-09-20 16:25:39,43.1868743896484,-9.09168338775635,"Unknown"
"7014852",371861,2025-09-20 16:30:41,43.1868896484375,-9.09206199645996,"Unknown"
"7014852",371861,2025-09-20 16:35:41,43.1870193481445,-9.09188747406006,"Unknown"
"7014852",371861,2025-09-20 16:40:43,43.1870155334473,-9.09154415130615,"Unknown"
"7014852",371861,2025-09-20 16:45:43,43.1851196289062,-9.09133529663086,"Unknown"
"7014852",371861,2025-09-20 16:51:05,43.1849021911621,-9.09174823760986,"Unknown"
"7014852",371861,2025-09-20 16:55:37,43.1848335266113,-9.09165477752686,"Unknown"
"7014852",371861,2025-09-20 17:00:37,43.1849708557129,-9.09169006347656,"Unknown"
"7014852",371861,2025-09-20 17:05:37,43.1849594116211,-9.0917797088623,"Unknown"
"7014852",371861,2025-09-20 17:10:37,43.1848945617676,-9.09172248840332,"Unknown"
"7014852",371861,2025-09-20 17:15:37,43.1848793029785,-9.09166431427002,"Unknown"
"7014852",371861,2025-09-20 17:20:36,43.1848526000977,-9.09172344207764,"Unknown"
"7014852",371861,2025-09-20 17:25:36,43.1847305297852,-9.09163856506348,"Unknown"
"7014852",371861,2025-09-20 17:30:37,43.1849250793457,-9.09173774719238,"Unknown"
"7014852",371861,2025-09-20 17:35:38,43.1849212646484,-9.09175491333008,"Unknown"
"7014852",371861,2025-09-20 17:40:37,43.1849250793457,-9.09176254272461,"Unknown"
"7014852",371861,2025-09-20 17:45:37,43.1847724914551,-9.09173393249512,"Unknown"
"7014852",371861,2025-09-20 17:50:42,43.1840476989746,-9.09334754943848,"Unknown"
"7014852",371861,2025-09-20 17:55:53,43.18359375,-9.09248065948486,"Unknown"
"7014852",371861,2025-09-20 18:00:37,43.1847877502441,-9.0914478302002,"Unknown"
"7014852",371861,2025-09-20 18:05:38,43.184684753418,-9.09141635894775,"Unknown"
"7014852",371861,2025-09-20 18:10:38,43.1847229003906,-9.0914363861084,"Unknown"
"7014852",371861,2025-09-20 18:15:49,43.1838607788086,-9.09291076660156,"Unknown"
"7014852",371861,2025-09-20 18:20:49,43.183895111084,-9.092848777771,"Unknown"
"7014852",371861,2025-09-20 18:25:49,43.1836471557617,-9.09250640869141,"Unknown"
"7014852",371861,2025-09-20 18:30:49,43.1834335327148,-9.09241008758545,"Unknown"
"7014852",371861,2025-09-20 18:35:37,43.1850624084473,-9.09074974060059,"Unknown"
"7014852",371861,2025-09-20 18:40:38,43.1851005554199,-9.09078216552734,"Unknown"
"7014852",371861,2025-09-20 18:46:01,43.1858253479004,-9.091233253479,"Unknown"
"7014852",371861,2025-09-20 18:50:37,43.1900901794434,-9.09574890136719,"Unknown"
"7014852",371861,2025-09-20 18:55:37,43.1987495422363,-9.11746883392334,"Unknown"
"7014852",371861,2025-09-20 19:00:37,43.1988143920898,-9.11760902404785,"Unknown"
"7014852",371861,2025-09-20 19:05:37,43.1988410949707,-9.11772727966309,"Unknown"
"7014852",371861,2025-09-20 19:10:36,43.1967811584473,-9.14057731628418,"Unknown"
"7014852",371861,2025-09-20 19:15:11,43.1892356872559,-9.17132186889648,"Unknown"
"7014852",371861,2025-09-21 00:15:35,43.1626777648926,-9.21289920806885,"Unknown"
"7014852",371861,2025-09-21 05:15:35,43.1626319885254,-9.21292781829834,"Unknown"
"7014852",371861,2025-09-21 06:27:20,43.1858749389648,-9.1060266494751,"Unknown"
"7014852",371861,2025-09-21 06:32:17,43.1856575012207,-9.10620498657227,"Unknown"
"7014852",371861,2025-09-21 06:37:16,43.1862030029297,-9.1063060760498,"Unknown"
"7014852",371861,2025-09-21 06:42:16,43.1860427856445,-9.10612010955811,"Unknown"
"7014852",371861,2025-09-21 06:47:16,43.1856803894043,-9.10610198974609,"Unknown"
"7014852",371861,2025-09-21 06:52:44,43.1863250732422,-9.10570526123047,"Unknown"
"7014852",371861,2025-09-21 06:57:35,43.1861457824707,-9.10578155517578,"Unknown"
"7014852",371861,2025-09-21 07:02:18,43.1858406066895,-9.10604190826416,"Unknown"
"7014852",371861,2025-09-21 07:07:15,43.1859664916992,-9.10608005523682,"Unknown"
"7014852",371861,2025-09-21 07:12:16,43.1858673095703,-9.10604095458984,"Unknown"
"7014852",371861,2025-09-21 07:17:19,43.1867332458496,-9.10471725463867,"Unknown"
"7014852",371861,2025-09-21 07:22:21,43.1859970092773,-9.10579967498779,"Unknown"
"7014852",371861,2025-09-21 07:27:17,43.1856803894043,-9.09071063995361,"Unknown"
"7014852",371861,2025-09-21 07:32:18,43.18603515625,-9.09020614624023,"Unknown"
"7014852",371861,2025-09-21 07:37:17,43.1857566833496,-9.09135723114014,"Unknown"
"7014852",371861,2025-09-21 07:42:17,43.1821746826172,-9.09158706665039,"Unknown"
"7014852",371861,2025-09-21 07:47:17,43.1839904785156,-9.09278774261475,"Unknown"
"7014852",371861,2025-09-21 07:52:17,43.1841354370117,-9.09253025054932,"Unknown"
"7014852",371861,2025-09-21 07:57:21,43.1842155456543,-9.09274864196777,"Unknown"
"7014852",371861,2025-09-21 08:02:17,43.1839294433594,-9.09252643585205,"Unknown"
"7014852",371861,2025-09-21 08:07:16,43.1861686706543,-9.09043979644775,"Unknown"
"7014852",371861,2025-09-21 08:12:18,43.1844863891602,-9.09102153778076,"Unknown"
"7014852",371861,2025-09-21 08:17:17,43.1847381591797,-9.09131526947021,"Unknown"
"7014852",371861,2025-09-21 08:22:24,43.1847114562988,-9.09122467041016,"Unknown"
"7014852",371861,2025-09-21 08:27:17,43.1845779418945,-9.09105587005615,"Unknown"
"7014852",371861,2025-09-21 08:32:17,43.1848068237305,-9.09122943878174,"Unknown"
"7014852",371861,2025-09-21 08:37:17,43.1846694946289,-9.09107875823975,"Unknown"
"7014852",371861,2025-09-21 08:42:17,43.1849060058594,-9.09137439727783,"Unknown"
"7014852",371861,2025-09-21 08:47:34,43.1831665039062,-9.09250640869141,"Unknown"
"7014852",371861,2025-09-21 08:52:17,43.1834564208984,-9.09284400939941,"Unknown"
"7014852",371861,2025-09-21 08:57:18,43.1829681396484,-9.09247398376465,"Unknown"
"7014852",371861,2025-09-21 09:02:19,43.1857757568359,-9.09272575378418,"Unknown"
"7014852",371861,2025-09-21 09:07:21,43.1858253479004,-9.09269428253174,"Unknown"
"7014852",371861,2025-09-21 09:12:44,43.1874656677246,-9.09968757629395,"Unknown"
"7014852",371861,2025-09-21 09:17:15,43.1875686645508,-9.09989070892334,"Unknown"
"7014852",371861,2025-09-21 09:22:16,43.187629699707,-9.09999465942383,"Unknown"
"7014852",371861,2025-09-21 09:27:21,43.1876487731934,-9.10008335113525,"Unknown"
"7014852",371861,2025-09-21 09:32:19,43.1877250671387,-9.10002994537354,"Unknown"
"7014852",371861,2025-09-21 09:37:17,43.1875801086426,-9.0999641418457,"Unknown"
"7014852",371861,2025-09-21 09:42:21,43.1861915588379,-9.10640525817871,"Unknown"
"7014852",371861,2025-09-21 09:47:35,43.1861114501953,-9.10631465911865,"Unknown"
"7014852",371861,2025-09-21 09:52:15,43.1860809326172,-9.10631370544434,"Unknown"
"7014852",371861,2025-09-21 09:57:19,43.1860542297363,-9.10729122161865,"Unknown"
"7014852",371861,2025-09-21 10:02:19,43.185920715332,-9.10711479187012,"Unknown"
"7014852",371861,2025-09-21 10:07:16,43.1858253479004,-9.10680675506592,"Unknown"
"7014852",371861,2025-09-21 10:12:24,43.1859436035156,-9.10684490203857,"Unknown"
"7014852",371861,2025-09-21 10:17:35,43.1858520507812,-9.1068172454834,"Unknown"
"7014852",371861,2025-09-21 10:22:44,43.1858749389648,-9.10666275024414,"Unknown"
"7014852",371861,2025-09-21 10:27:18,43.1861572265625,-9.10709381103516,"Unknown"
"7014852",371861,2025-09-21 10:32:24,43.1838264465332,-9.10798072814941,"Unknown"
"7014852",371861,2025-09-21 10:37:24,43.1838912963867,-9.09279346466064,"Unknown"
"7014852",371861,2025-09-21 10:42:44,43.1839599609375,-9.09291934967041,"Unknown"
"7014852",371861,2025-09-21 10:47:21,43.1839942932129,-9.09296607971191,"Unknown"
"7014852",371861,2025-09-21 10:52:19,43.1837425231934,-9.09251880645752,"Unknown"
"7014852",371861,2025-09-21 10:57:26,43.1839752197266,-9.09295082092285,"Unknown"
"7014852",371861,2025-09-21 11:02:22,43.1839828491211,-9.09296894073486,"Unknown"
"7014852",371861,2025-09-21 11:07:35,43.1839904785156,-9.09290981292725,"Unknown"
"7014852",371861,2025-09-21 11:12:17,43.1839256286621,-9.09293651580811,"Unknown"
"7014852",371861,2025-09-21 11:17:17,43.1840515136719,-9.09290599822998,"Unknown"
"7014852",371861,2025-09-21 11:22:33,43.1839866638184,-9.09301662445068,"Unknown"
"7014852",371861,2025-09-21 11:27:15,43.1837844848633,-9.09289836883545,"Unknown"
"7014852",371861,2025-09-21 11:32:17,43.1840438842773,-9.09303665161133,"Unknown"
"7014852",371861,2025-09-21 11:37:19,43.184139251709,-9.0930004119873,"Unknown"
"7014852",371861,2025-09-21 11:42:25,43.1840553283691,-9.09267997741699,"Unknown"
"7014852",371861,2025-09-21 11:47:47,43.1835556030273,-9.09285449981689,"Unknown"
"7014852",371861,2025-09-21 11:52:25,43.1834831237793,-9.09285449981689,"Unknown"
"7014852",371861,2025-09-21 11:57:16,43.1839256286621,-9.09315586090088,"Unknown"
"7014852",371861,2025-09-21 12:02:16,43.1839408874512,-9.09304237365723,"Unknown"
"7014852",371861,2025-09-21 12:07:16,43.1839218139648,-9.09311103820801,"Unknown"
"7014852",371861,2025-09-21 12:12:44,43.1838760375977,-9.09308910369873,"Unknown"
"7014852",371861,2025-09-21 12:17:16,43.1838417053223,-9.09306049346924,"Unknown"
"7014852",371861,2025-09-21 12:22:18,43.1837921142578,-9.09303665161133,"Unknown"
"7014852",371861,2025-09-21 12:27:19,43.1838188171387,-9.09306144714355,"Unknown"
"7014852",371861,2025-09-21 12:32:16,43.1838150024414,-9.09306907653809,"Unknown"
"7014852",371861,2025-09-21 12:37:15,43.1839294433594,-9.09312629699707,"Unknown"
"7014852",371861,2025-09-21 12:42:20,43.1841125488281,-9.09173583984375,"Unknown"
"7014852",371861,2025-09-21 12:47:35,43.184928894043,-9.09201145172119,"Unknown"
"7014852",371861,2025-09-21 12:52:18,43.1848449707031,-9.09188556671143,"Unknown"
"7014852",371861,2025-09-21 12:57:19,43.1832313537598,-9.0928430557251,"Unknown"
"7014852",371861,2025-09-21 13:02:26,43.1830749511719,-9.09250736236572,"Unknown"
"7014852",371861,2025-09-21 13:07:25,43.1832122802734,-9.09278106689453,"Unknown"
"7014852",371861,2025-09-21 13:12:43,43.1845817565918,-9.09194374084473,"Unknown"
"7014852",371861,2025-09-21 13:17:44,43.1832008361816,-9.09283638000488,"Unknown"
"7014852",371861,2025-09-21 13:22:35,43.1841049194336,-9.09304618835449,"Unknown"
"7014852",371861,2025-09-21 13:27:24,43.1844825744629,-9.09133434295654,"Unknown"
"7014852",371861,2025-09-21 13:32:23,43.1845207214355,-9.09114551544189,"Unknown"
"7014852",371861,2025-09-21 13:37:26,43.1845359802246,-9.09146022796631,"Unknown"
"7014852",371861,2025-09-21 13:42:21,43.1847114562988,-9.09169387817383,"Unknown"
"7014852",371861,2025-09-21 13:47:44,43.1850128173828,-9.09182357788086,"Unknown"
"7014852",371861,2025-09-21 13:52:25,43.1848831176758,-9.09190368652344,"Unknown"
"7014852",371861,2025-09-21 13:57:16,43.1848487854004,-9.09200286865234,"Unknown"
"7014852",371861,2025-09-21 14:02:19,43.1847839355469,-9.0919361114502,"Unknown"
"7014852",371861,2025-09-21 14:07:17,43.1849098205566,-9.0919017791748,"Unknown"
"7014852",371861,2025-09-21 14:12:16,43.1849479675293,-9.09217929840088,"Unknown"
"7014852",371861,2025-09-21 14:17:16,43.184814453125,-9.09203624725342,"Unknown"
"7014852",371861,2025-09-21 14:22:18,43.1841125488281,-9.09303855895996,"Unknown"
"7014852",371861,2025-09-21 14:27:22,43.1840782165527,-9.09318733215332,"Unknown"
"7014852",371861,2025-09-21 14:32:44,43.1839485168457,-9.0930290222168,"Unknown"
"7014852",371861,2025-09-21 14:37:17,43.1840400695801,-9.09300899505615,"Unknown"
"7014852",371861,2025-09-21 14:42:16,43.1838874816895,-9.09292602539062,"Unknown"
"7014852",371861,2025-09-21 14:47:18,43.184440612793,-9.09248542785645,"Unknown"
"7014852",371861,2025-09-21 14:52:23,43.183349609375,-9.09290027618408,"Unknown"
"7014852",371861,2025-09-21 14:58:24,43.1833572387695,-9.09265327453613,"Unknown"
"7014852",371861,2025-09-21 15:02:18,43.1832389831543,-9.0923376083374,"Unknown"
"7014852",371861,2025-09-21 15:07:24,43.182991027832,-9.0926513671875,"Unknown"
"7014852",371861,2025-09-21 15:12:24,43.1856956481934,-9.09246444702148,"Unknown"
"7014852",371861,2025-09-21 15:17:21,43.1868019104004,-9.09215641021729,"Unknown"
"7014852",371861,2025-09-21 15:22:21,43.1867980957031,-9.09173583984375,"Unknown"
"7014852",371861,2025-09-21 15:27:51,43.1867523193359,-9.09194850921631,"Unknown"
"7014852",371861,2025-09-21 15:32:17,43.1866569519043,-9.09193325042725,"Unknown"
"7014852",371861,2025-09-21 15:37:19,43.1867446899414,-9.09190940856934,"Unknown"
"7014852",371861,2025-09-21 15:42:21,43.1868362426758,-9.09212303161621,"Unknown"
"7014852",371861,2025-09-21 15:47:24,43.1858825683594,-9.09272575378418,"Unknown"
"7014852",371861,2025-09-21 15:52:27,43.1866569519043,-9.09472179412842,"Unknown"
"7014852",371861,2025-09-21 15:57:24,43.1821517944336,-9.09155464172363,"Unknown"
"7014852",371861,2025-09-21 16:02:27,43.1830406188965,-9.09308528900146,"Unknown"
"7014852",371861,2025-09-21 16:07:25,43.1825675964355,-9.09197235107422,"Unknown"
"7014852",371861,2025-09-21 16:12:44,43.1831436157227,-9.09260082244873,"Unknown"
"7014852",371861,2025-09-21 16:17:17,43.1857681274414,-9.09262943267822,"Unknown"
"7014852",371861,2025-09-21 16:22:30,43.1863861083984,-9.09093570709229,"Unknown"
"7014852",371861,2025-09-21 16:27:25,43.1867904663086,-9.09232044219971,"Unknown"
"7014852",371861,2025-09-21 16:32:25,43.1866798400879,-9.09145927429199,"Unknown"
"7014852",371861,2025-09-21 16:37:19,43.1839218139648,-9.09231567382812,"Unknown"
"7014852",371861,2025-09-21 16:42:32,43.1843566894531,-9.09034252166748,"Unknown"
"7014852",371861,2025-09-21 16:47:44,43.1847229003906,-9.09170246124268,"Unknown"
"7014852",371861,2025-09-21 16:52:18,43.1848335266113,-9.09162044525146,"Unknown"
"7014852",371861,2025-09-21 16:57:18,43.184757232666,-9.09199142456055,"Unknown"
"7014852",371861,2025-09-21 17:02:17,43.1848526000977,-9.09135246276855,"Unknown"
"7014852",371861,2025-09-21 17:07:22,43.1846961975098,-9.09203147888184,"Unknown"
"7014852",371861,2025-09-21 17:12:24,43.1847229003906,-9.091796875,"Unknown"
"7014852",371861,2025-09-21 17:17:32,43.1848068237305,-9.0917911529541,"Unknown"
"7014852",371861,2025-09-21 17:22:18,43.1846466064453,-9.09250164031982,"Unknown"
"7014852",371861,2025-09-21 17:27:22,43.1845550537109,-9.09022617340088,"Unknown"
"7014852",371861,2025-09-21 17:32:44,43.1847915649414,-9.09178256988525,"Unknown"
"7014852",371861,2025-09-21 17:37:19,43.1833114624023,-9.09255886077881,"Unknown"
"7014852",371861,2025-09-21 17:42:18,43.182975769043,-9.09159278869629,"Unknown"
"7014852",371861,2025-09-21 17:47:22,43.1836814880371,-9.0943660736084,"Unknown"
"7014852",371861,2025-09-21 17:52:27,43.183219909668,-9.0925874710083,"Unknown"
"7014852",371861,2025-09-21 17:57:18,43.1829986572266,-9.09199714660645,"Unknown"
"7014852",371861,2025-09-21 18:02:24,43.1879119873047,-9.09934234619141,"Unknown"
"7014852",371861,2025-09-21 18:07:19,43.194149017334,-9.12041664123535,"Unknown"
"7014852",371861,2025-09-21 18:12:24,43.1851959228516,-9.16143131256104,"Unknown"
"7014852",371861,2025-09-21 18:17:19,43.1762390136719,-9.18756198883057,"Unknown"
"7014852",371861,2025-09-21 18:22:21,43.1629257202148,-9.21288204193115,"Unknown"
"7014852",371861,2025-09-21 18:27:19,43.1607360839844,-9.2108907699585,"Unknown"
"7014852",371861,2025-09-21 18:32:44,43.1611747741699,-9.21163558959961,"Unknown"
"7014852",371861,2025-09-21 18:37:29,43.1610946655273,-9.21165657043457,"Unknown"
"7014852",371861,2025-09-21 18:43:40,43.1613655090332,-9.21171188354492,"Unknown"
"7014852",371861,2025-09-21 18:47:22,43.1614532470703,-9.21173763275146,"Unknown"
"7014852",371861,2025-09-21 18:52:23,43.1614837646484,-9.21164798736572,"Unknown"
"7014852",371861,2025-09-21 18:57:24,43.1614227294922,-9.21168994903564,"Unknown"
"7014852",371861,2025-09-21 19:02:53,43.1627578735352,-9.21292209625244,"Unknown"
"7014852",371861,2025-09-21 19:07:19,43.1627655029297,-9.2130651473999,"Unknown"
"7014852",371861,2025-09-21 19:13:35,43.1627655029297,-9.21292591094971,"Unknown"
"7014852",371861,2025-09-22 00:14:05,43.1626052856445,-9.2131175994873,"Unknown"
"7014852",371861,2025-09-22 05:13:44,43.1627883911133,-9.21267318725586,"Unknown"
"7014852",371861,2025-09-22 06:29:56,43.1972045898438,-9.13054752349854,"Unknown"
"7014852",371861,2025-09-22 06:33:49,43.1877288818359,-9.10992336273193,"Unknown"
"7014852",371861,2025-09-22 06:38:42,43.1854591369629,-9.10518932342529,"Unknown"
"7014852",371861,2025-09-22 06:43:41,43.1848220825195,-9.10510158538818,"Unknown"
"7014852",371861,2025-09-22 06:48:35,43.1859550476074,-9.10584831237793,"Unknown"
"7014852",371861,2025-09-22 06:53:37,43.1851654052734,-9.10582542419434,"Unknown"
"7014852",371861,2025-09-22 06:58:38,43.1852035522461,-9.10584354400635,"Unknown"
"7014852",371861,2025-09-22 07:03:34,43.1852607727051,-9.10571956634521,"Unknown"
"7014852",371861,2025-09-22 07:08:36,43.1893424987793,-9.09763526916504,"Unknown"
"7014852",371861,2025-09-22 07:13:44,43.1832122802734,-9.09282779693604,"Unknown"
"7014852",371861,2025-09-22 07:18:38,43.1799392700195,-9.08973979949951,"Unknown"
"7014852",371861,2025-09-22 07:23:43,43.1811332702637,-9.09061908721924,"Unknown"
"7014852",371861,2025-09-22 07:28:39,43.1845359802246,-9.09164047241211,"Unknown"
"7014852",371861,2025-09-22 07:33:39,43.184627532959,-9.09158992767334,"Unknown"
"7014852",371861,2025-09-22 07:38:39,43.1845436096191,-9.09152698516846,"Unknown"
"7014852",371861,2025-09-22 07:43:38,43.1846046447754,-9.09158039093018,"Unknown"
"7014852",371861,2025-09-22 07:48:44,43.183708190918,-9.09194278717041,"Unknown"
"7014852",371861,2025-09-22 07:53:39,43.1836433410645,-9.09223079681396,"Unknown"
"7014852",371861,2025-09-22 07:58:39,43.1839408874512,-9.09231758117676,"Unknown"
"7014852",371861,2025-09-22 08:03:52,43.18505859375,-9.0900821685791,"Unknown"
"7014852",371861,2025-09-22 08:08:38,43.1845779418945,-9.09164905548096,"Unknown"
"7014852",371861,2025-09-22 08:13:44,43.1853523254395,-9.09181499481201,"Unknown"
"7014852",371861,2025-09-22 08:18:39,43.1831550598145,-9.09231281280518,"Unknown"
"7014852",371861,2025-09-22 08:23:53,43.1833457946777,-9.09257888793945,"Unknown"
"7014852",371861,2025-09-22 08:28:38,43.1831970214844,-9.09212684631348,"Unknown"
"7014852",371861,2025-09-22 08:33:37,43.1833915710449,-9.09255313873291,"Unknown"
"7014852",371861,2025-09-22 08:38:50,43.1833953857422,-9.09260940551758,"Unknown"
"7014852",371861,2025-09-22 08:43:42,43.1828994750977,-9.09213066101074,"Unknown"
"7014852",371861,2025-09-22 08:48:42,43.183177947998,-9.09306240081787,"Unknown"
"7014852",371861,2025-09-22 08:53:39,43.18310546875,-9.09322738647461,"Unknown"
"7014852",371861,2025-09-22 08:58:42,43.1835632324219,-9.0927677154541,"Unknown"
"7014852",371861,2025-09-22 09:03:34,43.1847038269043,-9.0915470123291,"Unknown"
"7014852",371861,2025-09-22 09:08:34,43.1846542358398,-9.09163188934326,"Unknown"
"7014852",371861,2025-09-22 09:13:33,43.1845779418945,-9.09177112579346,"Unknown"
"7014852",371861,2025-09-22 09:18:33,43.1845550537109,-9.09255886077881,"Unknown"
"7014852",371861,2025-09-22 09:23:33,43.183837890625,-9.09313488006592,"Unknown"
"7014852",371861,2025-09-22 09:28:33,43.1839447021484,-9.09297657012939,"Unknown"
"7014852",371861,2025-09-22 09:33:32,43.1885070800781,-9.09720230102539,"Unknown"
"7014852",371861,2025-09-22 09:38:33,43.1873474121094,-9.10046672821045,"Unknown"
"7014852",371861,2025-09-22 09:43:32,43.1871528625488,-9.100661277771,"Unknown"
"7014852",371861,2025-09-22 09:48:33,43.1872253417969,-9.10052967071533,"Unknown"
"7014852",371861,2025-09-22 09:54:04,43.188289642334,-9.10036087036133,"Unknown"
"7014852",371861,2025-09-22 09:58:32,43.1884651184082,-9.10002899169922,"Unknown"
"7014852",371861,2025-09-22 10:03:33,43.1887474060059,-9.09980583190918,"Unknown"
"7014852",371861,2025-09-22 10:08:41,43.1883010864258,-9.10025501251221,"Unknown"
"7014852",371861,2025-09-22 10:13:32,43.1883964538574,-9.10013389587402,"Unknown"
"7014852",371861,2025-09-22 10:18:32,43.188304901123,-9.10026550292969,"Unknown"
"7014852",371861,2025-09-22 10:23:32,43.1885185241699,-9.10006332397461,"Unknown"
"7014852",371861,2025-09-22 10:28:45,43.1882934570312,-9.10024356842041,"Unknown"
"7014852",371861,2025-09-22 10:33:34,43.1881942749023,-9.10042381286621,"Unknown"
"7014852",371861,2025-09-22 10:38:32,43.1879234313965,-9.1005687713623,"Unknown"
"7014852",371861,2025-09-22 10:43:38,43.1885032653809,-9.09998798370361,"Unknown"
"7014852",371861,2025-09-22 10:48:44,43.188346862793,-9.10019397735596,"Unknown"
"7014852",371861,2025-09-22 10:53:32,43.1882743835449,-9.10029411315918,"Unknown"
"7014852",371861,2025-09-22 10:58:36,43.1883697509766,-9.10018157958984,"Unknown"
"7014852",371861,2025-09-22 11:03:32,43.1883010864258,-9.10032081604004,"Unknown"
"7014852",371861,2025-09-22 11:08:32,43.1882171630859,-9.10037422180176,"Unknown"
"7014852",371861,2025-09-22 11:13:32,43.1882781982422,-9.10039043426514,"Unknown"
"7014852",371861,2025-09-22 11:18:32,43.1882934570312,-9.10037422180176,"Unknown"
"7014852",371861,2025-09-22 11:23:32,43.1882858276367,-9.10037708282471,"Unknown"
"7014852",371861,2025-09-22 11:28:32,43.1882972717285,-9.10041332244873,"Unknown"
"7014852",371861,2025-09-22 11:33:32,43.1882972717285,-9.10038661956787,"Unknown"
"7014852",371861,2025-09-22 11:38:34,43.188232421875,-9.10044860839844,"Unknown"
"7014852",371861,2025-09-22 11:43:32,43.1884956359863,-9.10037231445312,"Unknown"
"7014852",371861,2025-09-22 11:48:43,43.1882095336914,-9.10029220581055,"Unknown"
"7014852",371861,2025-09-22 11:53:32,43.1882820129395,-9.10030841827393,"Unknown"
"7014852",371861,2025-09-22 11:58:39,43.1881904602051,-9.10028839111328,"Unknown"
"7014852",371861,2025-09-22 12:03:38,43.1881790161133,-9.10013389587402,"Unknown"
"7014852",371861,2025-09-22 12:08:32,43.1881828308105,-9.10058116912842,"Unknown"
"7014852",371861,2025-09-22 12:13:32,43.188304901123,-9.10037326812744,"Unknown"
"7014852",371861,2025-09-22 12:18:32,43.1882820129395,-9.10045528411865,"Unknown"
"7014852",371861,2025-09-22 12:23:32,43.1882209777832,-9.10049152374268,"Unknown"
"7014852",371861,2025-09-22 12:28:33,43.188419342041,-9.10044384002686,"Unknown"
"7014852",371861,2025-09-22 12:33:33,43.1881446838379,-9.1003246307373,"Unknown"
"7014852",371861,2025-09-22 12:38:36,43.1883773803711,-9.10077476501465,"Unknown"
"7014852",371861,2025-09-22 12:43:33,43.1884231567383,-9.10031700134277,"Unknown"
"7014852",371861,2025-09-22 12:48:37,43.1884002685547,-9.10084342956543,"Unknown"
"7014852",371861,2025-09-22 12:53:43,43.1886444091797,-9.09991073608398,"Unknown"
"7014852",371861,2025-09-22 12:58:32,43.1885757446289,-9.09965038299561,"Unknown"
"7014852",371861,2025-09-22 13:03:32,43.1885833740234,-9.09961605072021,"Unknown"
"7014852",371861,2025-09-22 13:08:32,43.1886863708496,-9.09974479675293,"Unknown"
"7014852",371861,2025-09-22 13:13:32,43.1884269714355,-9.09951782226562,"Unknown"
"7014852",371861,2025-09-22 13:18:34,43.1886711120605,-9.09973526000977,"Unknown"
"7014852",371861,2025-09-22 13:23:32,43.1886253356934,-9.09971046447754,"Unknown"
"7014852",371861,2025-09-22 13:28:32,43.188533782959,-9.09969043731689,"Unknown"
"7014852",371861,2025-09-22 13:33:32,43.1887359619141,-9.09966373443604,"Unknown"
"7014852",371861,2025-09-22 13:38:32,43.188720703125,-9.09983253479004,"Unknown"
"7014852",371861,2025-09-22 13:43:42,43.188648223877,-9.09966278076172,"Unknown"
"7014852",371861,2025-09-22 13:48:37,43.1886253356934,-9.09963417053223,"Unknown"
"7014852",371861,2025-09-22 13:53:37,43.1888008117676,-9.09967231750488,"Unknown"
"7014852",371861,2025-09-22 13:58:31,43.1886825561523,-9.0997371673584,"Unknown"
"7014852",371861,2025-09-22 14:03:32,43.1885833740234,-9.09970855712891,"Unknown"
"7014852",371861,2025-09-22 14:08:41,43.1885795593262,-9.09991073608398,"Unknown"
"7014852",371861,2025-09-22 14:13:39,43.1884498596191,-9.09988307952881,"Unknown"
"7014852",371861,2025-09-22 14:18:33,43.1885414123535,-9.09982299804688,"Unknown"
"7014852",371861,2025-09-22 14:23:36,43.1851387023926,-9.09228324890137,"Unknown"
"7014852",371861,2025-09-22 14:28:38,43.1856155395508,-9.09278678894043,"Unknown"
"7014852",371861,2025-09-22 14:33:43,43.1856079101562,-9.09294128417969,"Unknown"
"7014852",371861,2025-09-22 14:38:38,43.1856498718262,-9.09223747253418,"Unknown"
"7014852",371861,2025-09-22 14:43:38,43.1856422424316,-9.091872215271,"Unknown"
"7014852",371861,2025-09-22 14:48:38,43.1855659484863,-9.09154605865479,"Unknown"
"7014852",371861,2025-09-22 14:53:38,43.1856880187988,-9.09187793731689,"Unknown"
"7014852",371861,2025-09-22 14:58:39,43.1858253479004,-9.09225273132324,"Unknown"
"7014852",371861,2025-09-22 15:03:38,43.1861152648926,-9.09316158294678,"Unknown"
"7014852",371861,2025-09-22 15:08:39,43.185604095459,-9.09350109100342,"Unknown"
"7014852",371861,2025-09-22 15:13:39,43.1858406066895,-9.09279727935791,"Unknown"
"7014852",371861,2025-09-22 15:18:49,43.1856803894043,-9.09276294708252,"Unknown"
"7014852",371861,2025-09-22 15:23:44,43.1856536865234,-9.09258270263672,"Unknown"
"7014852",371861,2025-09-22 15:28:38,43.1856079101562,-9.09256553649902,"Unknown"
"7014852",371861,2025-09-22 15:33:39,43.1857872009277,-9.09249877929688,"Unknown"
"7014852",371861,2025-09-22 15:38:37,43.1858329772949,-9.09262657165527,"Unknown"
"7014852",371861,2025-09-22 15:43:37,43.1855926513672,-9.09247493743896,"Unknown"
"7014852",371861,2025-09-22 15:48:44,43.1859588623047,-9.09228706359863,"Unknown"
"7014852",371861,2025-09-22 15:53:52,43.186107635498,-9.09180355072021,"Unknown"
"7014852",371861,2025-09-22 15:58:49,43.1841697692871,-9.09245014190674,"Unknown"
"7014852",371861,2025-09-22 16:03:40,43.1840438842773,-9.09309101104736,"Unknown"
"7014852",371861,2025-09-22 16:08:56,43.1845550537109,-9.09233474731445,"Unknown"
"7014852",371861,2025-09-22 16:13:49,43.1848831176758,-9.09238815307617,"Unknown"
"7014852",371861,2025-09-22 16:18:48,43.1845016479492,-9.09235191345215,"Unknown"
"7014852",371861,2025-09-22 16:23:40,43.1845474243164,-9.09227085113525,"Unknown"
"7014852",371861,2025-09-22 16:28:47,43.184814453125,-9.09225559234619,"Unknown"
"7014852",371861,2025-09-22 16:33:40,43.1849632263184,-9.09251976013184,"Unknown"
"7014852",371861,2025-09-22 16:38:41,43.1847610473633,-9.0919885635376,"Unknown"
"7014852",371861,2025-09-22 16:43:44,43.1846618652344,-9.09212779998779,"Unknown"
"7014852",371861,2025-09-22 16:48:53,43.1846733093262,-9.09201812744141,"Unknown"
"7014852",371861,2025-09-22 16:53:51,43.1848258972168,-9.09229469299316,"Unknown"
"7014852",371861,2025-09-22 16:58:39,43.1848907470703,-9.09246349334717,"Unknown"
"7014852",371861,2025-09-22 17:04:05,43.1845626831055,-9.09191608428955,"Unknown"
"7014852",371861,2025-09-22 17:08:35,43.1845016479492,-9.09201526641846,"Unknown"
"7014852",371861,2025-09-22 17:13:35,43.1845207214355,-9.09194278717041,"Unknown"
"7014852",371861,2025-09-22 17:18:36,43.1845321655273,-9.09188556671143,"Unknown"
"7014852",371861,2025-09-22 17:23:36,43.1845359802246,-9.09190464019775,"Unknown"
"7014852",371861,2025-09-22 17:28:34,43.1845550537109,-9.09188461303711,"Unknown"
"7014852",371861,2025-09-22 17:33:36,43.184513092041,-9.09192657470703,"Unknown"
"7014852",371861,2025-09-22 17:38:35,43.1845283508301,-9.09174251556396,"Unknown"
"7014852",371861,2025-09-22 17:43:35,43.1845626831055,-9.09192085266113,"Unknown"
"7014852",371861,2025-09-22 17:48:37,43.1844825744629,-9.09175968170166,"Unknown"
"7014852",371861,2025-09-22 17:53:43,43.184513092041,-9.0917272567749,"Unknown"
"7014852",371861,2025-09-22 17:58:35,43.1845397949219,-9.09172344207764,"Unknown"
"7014852",371861,2025-09-22 18:03:35,43.1845703125,-9.09156227111816,"Unknown"
"7014852",371861,2025-09-22 18:08:35,43.1844482421875,-9.09195137023926,"Unknown"
"7014852",371861,2025-09-22 18:13:35,43.1844062805176,-9.09185791015625,"Unknown"
"7014852",371861,2025-09-22 18:18:37,43.1844062805176,-9.0918607711792,"Unknown"
"7014852",371861,2025-09-22 18:23:38,43.1845016479492,-9.09176349639893,"Unknown"
"7014852",371861,2025-09-22 18:28:38,43.1843070983887,-9.09166812896729,"Unknown"
"7014852",371861,2025-09-22 18:33:36,43.1843910217285,-9.09179019927979,"Unknown"
"7014852",371861,2025-09-22 18:38:40,43.1846046447754,-9.09194278717041,"Unknown"
"7014852",371861,2025-09-22 18:43:46,43.1839065551758,-9.09221649169922,"Unknown"
"7014852",371861,2025-09-22 18:48:38,43.1867942810059,-9.09079647064209,"Unknown"
"7014852",371861,2025-09-22 18:53:35,43.1929931640625,-9.10996437072754,"Unknown"
"7014852",371861,2025-09-22 18:58:43,43.1991119384766,-9.1175365447998,"Unknown"
"7014852",371861,2025-09-22 19:03:41,43.1991424560547,-9.11755561828613,"Unknown"
"7014852",371861,2025-09-22 19:08:38,43.1991653442383,-9.11750793457031,"Unknown"
"7014852",371861,2025-09-22 19:11:27,43.199161529541,-9.11743354797363,"Unknown"
"7014852",371861,2025-09-23 00:11:33,43.1625175476074,-9.21357822418213,"Unknown"
"7014852",371861,2025-09-23 05:11:30,43.1628684997559,-9.21299076080322,"Unknown"
"7014852",371861,2025-09-23 06:29:32,43.1853675842285,-9.10550498962402,"Unknown"
"7014852",371861,2025-09-23 06:34:13,43.1850700378418,-9.10546112060547,"Unknown"
"7014852",371861,2025-09-23 06:39:13,43.1851348876953,-9.10547924041748,"Unknown"
"7014852",371861,2025-09-23 06:44:18,43.1851501464844,-9.10548877716064,"Unknown"
"7014852",371861,2025-09-23 06:49:18,43.1856803894043,-9.10569477081299,"Unknown"
"7014852",371861,2025-09-23 06:54:13,43.1856460571289,-9.10560512542725,"Unknown"
"7014852",371861,2025-09-23 06:59:14,43.1850318908691,-9.10544776916504,"Unknown"
"7014852",371861,2025-09-23 07:04:18,43.1855621337891,-9.10564613342285,"Unknown"
"7014852",371861,2025-09-23 07:09:13,43.1856155395508,-9.10560607910156,"Unknown"
"7014852",371861,2025-09-23 07:14:13,43.1856689453125,-9.10557079315186,"Unknown"
"7014852",371861,2025-09-23 07:19:21,43.1855010986328,-9.10560894012451,"Unknown"
"7014852",371861,2025-09-23 07:24:13,43.1875038146973,-9.09483242034912,"Unknown"
"7014852",371861,2025-09-23 07:29:21,43.183349609375,-9.09296703338623,"Unknown"
"7014852",371861,2025-09-23 07:34:13,43.1837272644043,-9.09257698059082,"Unknown"
"7014852",371861,2025-09-23 07:39:35,43.1835441589355,-9.09286975860596,"Unknown"
"7014852",371861,2025-09-23 07:44:16,43.18359375,-9.09279823303223,"Unknown"
"7014852",371861,2025-09-23 07:49:16,43.1833686828613,-9.09299373626709,"Unknown"
"7014852",371861,2025-09-23 07:54:14,43.1799659729004,-9.09208297729492,"Unknown"
"7014852",371861,2025-09-23 07:59:13,43.179630279541,-9.09203147888184,"Unknown"
"7014852",371861,2025-09-23 08:04:12,43.1802673339844,-9.09193897247314,"Unknown"
"7014852",371861,2025-09-23 08:09:14,43.1842727661133,-9.09326171875,"Unknown"
"7014852",371861,2025-09-23 08:14:24,43.1833915710449,-9.09287357330322,"Unknown"
"7014852",371861,2025-09-23 08:19:16,43.1834030151367,-9.09283638000488,"Unknown"
"7014852",371861,2025-09-23 08:24:15,43.1824989318848,-9.09255599975586,"Unknown"
"7014852",371861,2025-09-23 08:29:13,43.1834831237793,-9.09270763397217,"Unknown"
"7014852",371861,2025-09-23 08:34:15,43.179931640625,-9.0924654006958,"Unknown"
"7014852",371861,2025-09-23 08:39:12,43.1800270080566,-9.09248924255371,"Unknown"
"7014852",371861,2025-09-23 08:44:13,43.1835556030273,-9.09274864196777,"Unknown"
"7014852",371861,2025-09-23 08:49:17,43.1831817626953,-9.09210968017578,"Unknown"
"7014852",371861,2025-09-23 08:54:13,43.1830520629883,-9.09273433685303,"Unknown"
"7014852",371861,2025-09-23 08:59:13,43.1833000183105,-9.09304904937744,"Unknown"
"7014852",371861,2025-09-23 09:04:13,43.1833915710449,-9.09304809570312,"Unknown"
"7014852",371861,2025-09-23 09:09:13,43.1835556030273,-9.09308052062988,"Unknown"
"7014852",371861,2025-09-23 09:14:12,43.1836395263672,-9.09312343597412,"Unknown"
"7014852",371861,2025-09-23 09:19:12,43.1838455200195,-9.09333038330078,"Unknown"
"7014852",371861,2025-09-23 09:24:15,43.1833992004395,-9.09299850463867,"Unknown"
"7014852",371861,2025-09-23 09:29:17,43.1849746704102,-9.09169101715088,"Unknown"
"7014852",371861,2025-09-23 09:34:13,43.1848945617676,-9.0915002822876,"Unknown"
"7014852",371861,2025-09-23 09:39:12,43.1828918457031,-9.09252452850342,"Unknown"
"7014852",371861,2025-09-23 09:44:13,43.1848258972168,-9.09164237976074,"Unknown"
"7014852",371861,2025-09-23 09:49:35,43.1836395263672,-9.0929069519043,"Unknown"
"7014852",371861,2025-09-23 09:54:11,43.183780670166,-9.09311676025391,"Unknown"
"7014852",371861,2025-09-23 09:59:15,43.1838531494141,-9.09288787841797,"Unknown"
"7014852",371861,2025-09-23 10:04:16,43.1839370727539,-9.09315586090088,"Unknown"
"7014852",371861,2025-09-23 10:09:13,43.1836891174316,-9.09298419952393,"Unknown"
"7014852",371861,2025-09-23 10:14:13,43.1836929321289,-9.09283256530762,"Unknown"
"7014852",371861,2025-09-23 10:19:11,43.1855354309082,-9.09269237518311,"Unknown"
"7014852",371861,2025-09-23 10:24:13,43.1808967590332,-9.09100818634033,"Unknown"
"7014852",371861,2025-09-23 10:29:12,43.1810188293457,-9.09091472625732,"Unknown"
"7014852",371861,2025-09-23 10:34:14,43.1809387207031,-9.09095478057861,"Unknown"
"7014852",371861,2025-09-23 10:39:12,43.185604095459,-9.09113025665283,"Unknown"
"7014852",371861,2025-09-23 10:44:22,43.1834564208984,-9.09285545349121,"Unknown"
"7014852",371861,2025-09-23 10:49:12,43.1814193725586,-9.09084129333496,"Unknown"
"7014852",371861,2025-09-23 10:54:13,43.1811065673828,-9.09101486206055,"Unknown"
"7014852",371861,2025-09-23 10:59:13,43.1811485290527,-9.09107780456543,"Unknown"
"7014852",371861,2025-09-23 11:04:13,43.1809883117676,-9.09094333648682,"Unknown"
"7014852",371861,2025-09-23 11:09:14,43.1810760498047,-9.09102725982666,"Unknown"
"7014852",371861,2025-09-23 11:14:16,43.1810531616211,-9.09125423431396,"Unknown"
"7014852",371861,2025-09-23 11:19:14,43.1831893920898,-9.09170055389404,"Unknown"
"7014852",371861,2025-09-23 11:24:15,43.1856269836426,-9.09264087677002,"Unknown"
"7014852",371861,2025-09-23 11:29:14,43.1855773925781,-9.09256076812744,"Unknown"
"7014852",371861,2025-09-23 11:34:17,43.1856536865234,-9.09267616271973,"Unknown"
"7014852",371861,2025-09-23 11:39:13,43.1856269836426,-9.09258651733398,"Unknown"
"7014852",371861,2025-09-23 11:44:19,43.1857757568359,-9.0928316116333,"Unknown"
"7014852",371861,2025-09-23 11:49:23,43.1857566833496,-9.09257984161377,"Unknown"
"7014852",371861,2025-09-23 11:54:13,43.1859855651855,-9.09275245666504,"Unknown"
"7014852",371861,2025-09-23 11:59:19,43.1858940124512,-9.09317588806152,"Unknown"
"7014852",371861,2025-09-23 12:04:12,43.1859550476074,-9.0930004119873,"Unknown"
"7014852",371861,2025-09-23 12:09:28,43.1857872009277,-9.09274101257324,"Unknown"
"7014852",371861,2025-09-23 12:14:12,43.1858901977539,-9.09301567077637,"Unknown"
"7014852",371861,2025-09-23 12:19:13,43.1858558654785,-9.0929536819458,"Unknown"
"7014852",371861,2025-09-23 12:24:12,43.1859436035156,-9.09300708770752,"Unknown"
"7014852",371861,2025-09-23 12:29:13,43.1860084533691,-9.09295177459717,"Unknown"
"7014852",371861,2025-09-23 12:34:13,43.1858978271484,-9.09281730651855,"Unknown"
"7014852",371861,2025-09-23 12:39:14,43.1861267089844,-9.09290790557861,"Unknown"
"7014852",371861,2025-09-23 12:44:15,43.1856346130371,-9.09245681762695,"Unknown"
"7014852",371861,2025-09-23 12:49:16,43.1858406066895,-9.09266376495361,"Unknown"
"7014852",371861,2025-09-23 12:54:31,43.1852722167969,-9.09275913238525,"Unknown"
"7014852",371861,2025-09-23 12:59:12,43.1853866577148,-9.09269332885742,"Unknown"
"7014852",371861,2025-09-23 13:04:11,43.1853256225586,-9.09258365631104,"Unknown"
"7014852",371861,2025-09-23 13:09:12,43.1857070922852,-9.09260940551758,"Unknown"
"7014852",371861,2025-09-23 13:14:12,43.1856460571289,-9.09265613555908,"Unknown"
"7014852",371861,2025-09-23 13:19:12,43.1857147216797,-9.09255123138428,"Unknown"
"7014852",371861,2025-09-23 13:24:11,43.1857948303223,-9.09089469909668,"Unknown"
"7014852",371861,2025-09-23 13:29:11,43.1857643127441,-9.09252643585205,"Unknown"
"7014852",371861,2025-09-23 13:34:13,43.1857681274414,-9.09256267547607,"Unknown"
"7014852",371861,2025-09-23 13:39:11,43.1856231689453,-9.09264373779297,"Unknown"
"7014852",371861,2025-09-23 13:44:12,43.1858100891113,-9.09237670898438,"Unknown"
"7014852",371861,2025-09-23 13:49:13,43.1858177185059,-9.09243774414062,"Unknown"
"7014852",371861,2025-09-23 13:54:13,43.185661315918,-9.09244728088379,"Unknown"
"7014852",371861,2025-09-23 13:59:12,43.186824798584,-9.0910530090332,"Unknown"
"7014852",371861,2025-09-23 14:04:12,43.1870727539062,-9.09085273742676,"Unknown"
"7014852",371861,2025-09-23 14:09:12,43.1871070861816,-9.09082412719727,"Unknown"
"7014852",371861,2025-09-23 14:14:12,43.1871643066406,-9.09062576293945,"Unknown"
"7014852",371861,2025-09-23 14:19:13,43.1871681213379,-9.09068489074707,"Unknown"
"7014852",371861,2025-09-23 14:24:14,43.1870765686035,-9.090651512146,"Unknown"
"7014852",371861,2025-09-23 14:29:14,43.1869316101074,-9.09096908569336,"Unknown"
"7014852",371861,2025-09-23 14:34:13,43.1870803833008,-9.09079265594482,"Unknown"
"7014852",371861,2025-09-23 14:39:14,43.1873550415039,-9.09078979492188,"Unknown"
"7014852",371861,2025-09-23 14:44:15,43.1870307922363,-9.09090232849121,"Unknown"
"7014852",371861,2025-09-23 14:49:35,43.18701171875,-9.09086894989014,"Unknown"
"7014852",371861,2025-09-23 14:54:12,43.1871910095215,-9.09091281890869,"Unknown"
"7014852",371861,2025-09-23 14:59:11,43.1871452331543,-9.09085083007812,"Unknown"
"7014852",371861,2025-09-23 15:04:12,43.1871528625488,-9.09089279174805,"Unknown"
"7014852",371861,2025-09-23 15:09:12,43.1872863769531,-9.09083843231201,"Unknown"
"7014852",371861,2025-09-23 15:14:22,43.1871185302734,-9.09083080291748,"Unknown"
"7014852",371861,2025-09-23 15:19:12,43.1870994567871,-9.09087944030762,"Unknown"
"7014852",371861,2025-09-23 15:24:13,43.1847991943359,-9.09180927276611,"Unknown"
"7014852",371861,2025-09-23 15:29:13,43.184944152832,-9.09171295166016,"Unknown"
"7014852",371861,2025-09-23 15:34:14,43.184627532959,-9.09170722961426,"Unknown"
"7014852",371861,2025-09-23 15:39:13,43.1845779418945,-9.09159374237061,"Unknown"
"7014852",371861,2025-09-23 15:44:13,43.1843719482422,-9.09167957305908,"Unknown"
"7014852",371861,2025-09-23 15:49:13,43.1849136352539,-9.091628074646,"Unknown"
"7014852",371861,2025-09-23 15:54:12,43.1846160888672,-9.09154891967773,"Unknown"
"7014852",371861,2025-09-23 15:59:13,43.1844596862793,-9.09203243255615,"Unknown"
"7014852",371861,2025-09-23 16:04:13,43.184513092041,-9.09186553955078,"Unknown"
"7014852",371861,2025-09-23 16:09:13,43.1845054626465,-9.09182262420654,"Unknown"
"7014852",371861,2025-09-23 16:14:13,43.1845054626465,-9.09170246124268,"Unknown"
"7014852",371861,2025-09-23 16:19:13,43.1844787597656,-9.09163475036621,"Unknown"
"7014852",371861,2025-09-23 16:24:13,43.1846122741699,-9.09172058105469,"Unknown"
"7014852",371861,2025-09-23 16:29:13,43.1846122741699,-9.09157371520996,"Unknown"
"7014852",371861,2025-09-23 16:34:13,43.1846122741699,-9.09155750274658,"Unknown"
"7014852",371861,2025-09-23 16:39:13,43.1846160888672,-9.09163570404053,"Unknown"
"7014852",371861,2025-09-23 16:44:13,43.1845817565918,-9.09151268005371,"Unknown"
"7014852",371861,2025-09-23 16:49:13,43.1844940185547,-9.09171772003174,"Unknown"
"7014852",371861,2025-09-23 16:54:13,43.1846008300781,-9.09148597717285,"Unknown"
"7014852",371861,2025-09-23 16:59:13,43.1845970153809,-9.09164905548096,"Unknown"
"7014852",371861,2025-09-23 17:04:13,43.1846618652344,-9.09171009063721,"Unknown"
"7014852",371861,2025-09-23 17:09:13,43.1846771240234,-9.09159660339355,"Unknown"
"7014852",371861,2025-09-23 17:14:13,43.1845855712891,-9.09177589416504,"Unknown"
"7014852",371861,2025-09-23 17:19:13,43.183666229248,-9.09271144866943,"Unknown"
"7014852",371861,2025-09-23 17:24:13,43.1839408874512,-9.09280586242676,"Unknown"
"7014852",371861,2025-09-23 17:29:14,43.1839561462402,-9.09281826019287,"Unknown"
"7014852",371861,2025-09-23 17:34:13,43.1840667724609,-9.09295272827148,"Unknown"
"7014852",371861,2025-09-23 17:39:14,43.1834716796875,-9.09307193756104,"Unknown"
"7014852",371861,2025-09-23 17:44:13,43.1835250854492,-9.09267711639404,"Unknown"
"7014852",371861,2025-09-23 17:49:14,43.1837882995605,-9.09236335754395,"Unknown"
"7014852",371861,2025-09-23 17:54:13,43.1831359863281,-9.0921573638916,"Unknown"
"7014852",371861,2025-09-23 17:59:13,43.1838989257812,-9.09282207489014,"Unknown"
"7014852",371861,2025-09-23 18:04:13,43.1851806640625,-9.09078121185303,"Unknown"
"7014852",371861,2025-09-23 18:09:13,43.184700012207,-9.09158515930176,"Unknown"
"7014852",371861,2025-09-23 18:14:17,43.1847686767578,-9.09123802185059,"Unknown"
"7014852",371861,2025-09-23 18:19:16,43.184440612793,-9.09122467041016,"Unknown"
"7014852",371861,2025-09-23 18:24:14,43.1855125427246,-9.09115886688232,"Unknown"
"7014852",371861,2025-09-23 18:29:15,43.184684753418,-9.09101581573486,"Unknown"
"7014852",371861,2025-09-23 18:34:14,43.185432434082,-9.09117698669434,"Unknown"
"7014852",371861,2025-09-23 18:39:14,43.187671661377,-9.09268474578857,"Unknown"
"7014852",371861,2025-09-23 18:44:14,43.1993942260742,-9.11774063110352,"Unknown"
"7014852",371861,2025-09-23 18:49:17,43.1996231079102,-9.11788463592529,"Unknown"
"7014852",371861,2025-09-23 18:54:23,43.1986389160156,-9.11759662628174,"Unknown"
"7014852",371861,2025-09-23 18:59:17,43.1991539001465,-9.11777210235596,"Unknown"
"7014852",371861,2025-09-23 19:04:17,43.1995658874512,-9.11806774139404,"Unknown"
"7014852",371861,2025-09-23 19:09:39,43.198673248291,-9.11729717254639,"Unknown"
"7014852",371861,2025-09-24 00:09:44,43.1630363464355,-9.21266746520996,"Unknown"
"7014852",371861,2025-09-24 05:09:39,43.1629524230957,-9.21304416656494,"Unknown"
"7014852",371861,2025-09-24 06:30:15,43.1849174499512,-9.09161853790283,"Unknown"
"7014852",371861,2025-09-24 06:35:14,43.1849479675293,-9.09138965606689,"Unknown"
"7014852",371861,2025-09-24 06:40:30,43.1837158203125,-9.09253787994385,"Unknown"
"7014852",371861,2025-09-24 06:45:28,43.18359375,-9.09183216094971,"Unknown"
"7014852",371861,2025-09-24 06:50:32,43.1834602355957,-9.09235668182373,"Unknown"
"7014852",371861,2025-09-24 06:55:24,43.1852149963379,-9.09082221984863,"Unknown"
"7014852",371861,2025-09-24 07:00:16,43.1850318908691,-9.09122371673584,"Unknown"
"7014852",371861,2025-09-24 07:05:14,43.1833839416504,-9.0909538269043,"Unknown"
"7014852",371861,2025-09-24 07:10:16,43.1836471557617,-9.09262943267822,"Unknown"
"7014852",371861,2025-09-24 07:15:13,43.1831665039062,-9.09287071228027,"Unknown"
"7014852",371861,2025-09-24 07:20:13,43.1829147338867,-9.09087467193604,"Unknown"
"7014852",371861,2025-09-24 07:25:15,43.1848220825195,-9.09081172943115,"Unknown"
"7014852",371861,2025-09-24 07:30:17,43.1848564147949,-9.09082126617432,"Unknown"
"7014852",371861,2025-09-24 07:35:14,43.1846313476562,-9.09242630004883,"Unknown"
"7014852",371861,2025-09-24 07:40:15,43.184871673584,-9.09143829345703,"Unknown"
"7014852",371861,2025-09-24 07:45:13,43.1848449707031,-9.09140396118164,"Unknown"
"7014852",371861,2025-09-24 07:50:14,43.1848907470703,-9.09177112579346,"Unknown"
"7014852",371861,2025-09-24 07:55:17,43.1855354309082,-9.09084510803223,"Unknown"
"7014852",371861,2025-09-24 08:00:35,43.1850128173828,-9.09163188934326,"Unknown"
"7014852",371861,2025-09-24 08:05:16,43.1856727600098,-9.0923900604248,"Unknown"
"7014852",371861,2025-09-24 08:10:14,43.1851577758789,-9.09086513519287,"Unknown"
"7014852",371861,2025-09-24 08:15:15,43.1850547790527,-9.09052848815918,"Unknown"
"7014852",371861,2025-09-24 08:20:15,43.1851348876953,-9.090895652771,"Unknown"
"7014852",371861,2025-09-24 08:25:14,43.1851692199707,-9.09110546112061,"Unknown"
"7014852",371861,2025-09-24 08:30:14,43.1851501464844,-9.09175395965576,"Unknown"
"7014852",371861,2025-09-24 08:35:17,43.1850280761719,-9.09234142303467,"Unknown"
"7014852",371861,2025-09-24 08:40:13,43.1848564147949,-9.09249687194824,"Unknown"
"7014852",371861,2025-09-24 08:45:18,43.1848945617676,-9.09130382537842,"Unknown"
"7014852",371861,2025-09-24 08:50:14,43.1848564147949,-9.09145927429199,"Unknown"
"7014852",371861,2025-09-24 08:55:19,43.183032989502,-9.09271049499512,"Unknown"
"7014852",371861,2025-09-24 09:00:13,43.1831436157227,-9.09288120269775,"Unknown"
"7014852",371861,2025-09-24 09:05:25,43.1835060119629,-9.09270000457764,"Unknown"
"7014852",371861,2025-09-24 09:10:14,43.183521270752,-9.09303951263428,"Unknown"
"7014852",371861,2025-09-24 09:15:14,43.1839179992676,-9.09298133850098,"Unknown"
"7014852",371861,2025-09-24 09:20:15,43.1836585998535,-9.09288120269775,"Unknown"
"7014852",371861,2025-09-24 09:25:14,43.182861328125,-9.09295177459717,"Unknown"
"7014852",371861,2025-09-24 09:30:13,43.1859283447266,-9.09222984313965,"Unknown"
"7014852",371861,2025-09-24 09:35:18,43.1833992004395,-9.0926628112793,"Unknown"
"7014852",371861,2025-09-24 09:40:13,43.1817855834961,-9.0910758972168,"Unknown"
"7014852",371861,2025-09-24 09:45:13,43.1811180114746,-9.09127330780029,"Unknown"
"7014852",371861,2025-09-24 09:50:13,43.1810493469238,-9.09109401702881,"Unknown"
"7014852",371861,2025-09-24 09:55:13,43.1811141967773,-9.09120559692383,"Unknown"
"7014852",371861,2025-09-24 10:00:13,43.1810684204102,-9.09114933013916,"Unknown"
"7014852",371861,2025-09-24 10:05:13,43.1812362670898,-9.09121417999268,"Unknown"
"7014852",371861,2025-09-24 10:10:13,43.1811561584473,-9.09121417999268,"Unknown"
"7014852",371861,2025-09-24 10:15:14,43.1813316345215,-9.09103679656982,"Unknown"
"7014852",371861,2025-09-24 10:20:13,43.1857643127441,-9.09296131134033,"Unknown"
"7014852",371861,2025-09-24 10:25:13,43.1816444396973,-9.0913257598877,"Unknown"
"7014852",371861,2025-09-24 10:30:13,43.182674407959,-9.09160327911377,"Unknown"
"7014852",371861,2025-09-24 10:35:16,43.1827507019043,-9.09138488769531,"Unknown"
"7014852",371861,2025-09-24 10:40:15,43.1825180053711,-9.09173202514648,"Unknown"
"7014852",371861,2025-09-24 10:45:13,43.1826820373535,-9.09124755859375,"Unknown"
"7014852",371861,2025-09-24 10:50:13,43.182731628418,-9.09147262573242,"Unknown"
"7014852",371861,2025-09-24 10:55:13,43.1825370788574,-9.09151554107666,"Unknown"
"7014852",371861,2025-09-24 11:00:14,43.1851081848145,-9.09221839904785,"Unknown"
"7014852",371861,2025-09-24 11:05:16,43.1849098205566,-9.09212875366211,"Unknown"
"7014852",371861,2025-09-24 11:10:23,43.1845855712891,-9.09207534790039,"Unknown"
"7014852",371861,2025-09-24 11:15:13,43.1849327087402,-9.09159755706787,"Unknown"
"7014852",371861,2025-09-24 11:20:13,43.1864852905273,-9.09183311462402,"Unknown"
"7014852",371861,2025-09-24 11:25:16,43.1833000183105,-9.09269142150879,"Unknown"
"7014852",371861,2025-09-24 11:30:14,43.1849060058594,-9.09216403961182,"Unknown"
"7014852",371861,2025-09-24 11:35:14,43.1842842102051,-9.09100914001465,"Unknown"
"7014852",371861,2025-09-24 11:40:13,43.1872329711914,-9.09065914154053,"Unknown"
"7014852",371861,2025-09-24 11:45:15,43.1838722229004,-9.09326553344727,"Unknown"
"7014852",371861,2025-09-24 11:50:13,43.1865882873535,-9.091064453125,"Unknown"
"7014852",371861,2025-09-24 11:55:14,43.1855850219727,-9.09251117706299,"Unknown"
"7014852",371861,2025-09-24 12:00:14,43.1865119934082,-9.09143924713135,"Unknown"
"7014852",371861,2025-09-24 12:05:13,43.1865844726562,-9.09139919281006,"Unknown"
"7014852",371861,2025-09-24 12:10:17,43.1855812072754,-9.09159374237061,"Unknown"
"7014852",371861,2025-09-24 12:15:13,43.1851806640625,-9.09200572967529,"Unknown"
"7014852",371861,2025-09-24 12:20:13,43.1850357055664,-9.09146595001221,"Unknown"
"7014852",371861,2025-09-24 12:25:14,43.1850967407227,-9.0915002822876,"Unknown"
"7014852",371861,2025-09-24 12:30:14,43.1849594116211,-9.09154224395752,"Unknown"
"7014852",371861,2025-09-24 12:35:14,43.1847991943359,-9.09158897399902,"Unknown"
"7014852",371861,2025-09-24 12:40:14,43.1854362487793,-9.09164524078369,"Unknown"
"7014852",371861,2025-09-24 12:45:13,43.1832389831543,-9.09226608276367,"Unknown"
"7014852",371861,2025-09-24 12:50:16,43.183895111084,-9.09403991699219,"Unknown"
"7014852",371861,2025-09-24 12:55:17,43.1831817626953,-9.09255981445312,"Unknown"
"7014852",371861,2025-09-24 13:00:16,43.1832046508789,-9.0925407409668,"Unknown"
"7014852",371861,2025-09-24 13:05:13,43.1831512451172,-9.09246349334717,"Unknown"
"7014852",371861,2025-09-24 13:10:13,43.1848487854004,-9.09144020080566,"Unknown"
"7014852",371861,2025-09-24 13:15:14,43.1824188232422,-9.09113693237305,"Unknown"
"7014852",371861,2025-09-24 13:20:14,43.1836967468262,-9.0929536819458,"Unknown"
"7014852",371861,2025-09-24 13:25:13,43.1835517883301,-9.09289169311523,"Unknown"
"7014852",371861,2025-09-24 13:30:16,43.1835250854492,-9.09276485443115,"Unknown"
"7014852",371861,2025-09-24 13:35:35,43.1827697753906,-9.09240531921387,"Unknown"
"7014852",371861,2025-09-24 13:40:33,43.1832160949707,-9.09201812744141,"Unknown"
"7014852",371861,2025-09-24 13:45:14,43.1806869506836,-9.09110355377197,"Unknown"
"7014852",371861,2025-09-24 13:50:14,43.1805076599121,-9.09123039245605,"Unknown"
"7014852",371861,2025-09-24 13:55:16,43.1804504394531,-9.09130954742432,"Unknown"
"7014852",371861,2025-09-24 14:00:13,43.1805725097656,-9.09114170074463,"Unknown"
"7014852",371861,2025-09-24 14:05:13,43.1856498718262,-9.09257793426514,"Unknown"
"7014852",371861,2025-09-24 14:10:14,43.1857261657715,-9.09272480010986,"Unknown"
"7014852",371861,2025-09-24 14:15:14,43.1860542297363,-9.09249782562256,"Unknown"
"7014852",371861,2025-09-24 14:20:15,43.1856918334961,-9.09261417388916,"Unknown"
"7014852",371861,2025-09-24 14:25:13,43.1857490539551,-9.09261608123779,"Unknown"
"7014852",371861,2025-09-24 14:30:13,43.185733795166,-9.09267044067383,"Unknown"
"7014852",371861,2025-09-24 14:35:15,43.1858520507812,-9.09265041351318,"Unknown"
"7014852",371861,2025-09-24 14:40:13,43.1857833862305,-9.09261894226074,"Unknown"
"7014852",371861,2025-09-24 14:45:13,43.1858558654785,-9.09275436401367,"Unknown"
"7014852",371861,2025-09-24 14:50:13,43.1858520507812,-9.09275817871094,"Unknown"
"7014852",371861,2025-09-24 14:55:14,43.1858863830566,-9.09274101257324,"Unknown"
"7014852",371861,2025-09-24 15:00:14,43.1859703063965,-9.0927677154541,"Unknown"
"7014852",371861,2025-09-24 15:05:14,43.1859855651855,-9.09270095825195,"Unknown"
"7014852",371861,2025-09-24 15:10:17,43.1858673095703,-9.09247970581055,"Unknown"
"7014852",371861,2025-09-24 15:15:35,43.1857109069824,-9.0926399230957,"Unknown"
"7014852",371861,2025-09-24 15:20:16,43.1855773925781,-9.09270095825195,"Unknown"
"7014852",371861,2025-09-24 15:25:22,43.1857528686523,-9.09255981445312,"Unknown"
"7014852",371861,2025-09-24 15:30:14,43.1858329772949,-9.09236145019531,"Unknown"
"7014852",371861,2025-09-24 15:35:25,43.1857223510742,-9.09253025054932,"Unknown"
"7014852",371861,2025-09-24 15:40:17,43.1857833862305,-9.09255123138428,"Unknown"
"7014852",371861,2025-09-24 15:45:16,43.1855850219727,-9.09277248382568,"Unknown"
"7014852",371861,2025-09-24 15:50:17,43.1862907409668,-9.09167957305908,"Unknown"
"7014852",371861,2025-09-24 15:55:17,43.1856384277344,-9.09270286560059,"Unknown"
"7014852",371861,2025-09-24 16:00:17,43.1872253417969,-9.090576171875,"Unknown"
"7014852",371861,2025-09-24 16:05:21,43.1857414245605,-9.09257411956787,"Unknown"
"7014852",371861,2025-09-24 16:10:19,43.1856536865234,-9.09264183044434,"Unknown"
"7014852",371861,2025-09-24 16:15:21,43.1857261657715,-9.09260368347168,"Unknown"
"7014852",371861,2025-09-24 16:20:18,43.185962677002,-9.09237384796143,"Unknown"
"7014852",371861,2025-09-24 16:25:24,43.1857948303223,-9.09253787994385,"Unknown"
"7014852",371861,2025-09-24 16:30:18,43.1859588623047,-9.09237957000732,"Unknown"
"7014852",371861,2025-09-24 16:35:35,43.1856384277344,-9.09268474578857,"Unknown"
"7014852",371861,2025-09-24 16:40:13,43.185676574707,-9.09272575378418,"Unknown"
"7014852",371861,2025-09-24 16:45:13,43.1869201660156,-9.09101486206055,"Unknown"
"7014852",371861,2025-09-24 16:50:12,43.1870727539062,-9.09100818634033,"Unknown"
"7014852",371861,2025-09-24 16:55:12,43.1870079040527,-9.09102725982666,"Unknown"
"7014852",371861,2025-09-24 17:00:13,43.1870956420898,-9.09104347229004,"Unknown"
"7014852",371861,2025-09-24 17:05:15,43.18701171875,-9.09096908569336,"Unknown"
"7014852",371861,2025-09-24 17:10:13,43.186954498291,-9.09089183807373,"Unknown"
"7014852",371861,2025-09-24 17:15:35,43.1870040893555,-9.09099388122559,"Unknown"
"7014852",371861,2025-09-24 17:20:14,43.1871337890625,-9.09112548828125,"Unknown"
"7014852",371861,2025-09-24 17:25:13,43.1871452331543,-9.09095764160156,"Unknown"
"7014852",371861,2025-09-24 17:30:13,43.1868324279785,-9.09065914154053,"Unknown"
"7014852",371861,2025-09-24 17:35:13,43.1865692138672,-9.09068584442139,"Unknown"
"7014852",371861,2025-09-24 17:40:12,43.1867713928223,-9.09056282043457,"Unknown"
"7014852",371861,2025-09-24 17:45:12,43.186580657959,-9.09069538116455,"Unknown"
"7014852",371861,2025-09-24 17:50:13,43.1866760253906,-9.09072494506836,"Unknown"
"7014852",371861,2025-09-24 17:55:12,43.1868362426758,-9.09091472625732,"Unknown"
"7014852",371861,2025-09-24 18:00:14,43.1867218017578,-9.09096050262451,"Unknown"
"7014852",371861,2025-09-24 18:05:13,43.1867141723633,-9.09083366394043,"Unknown"
"7014852",371861,2025-09-24 18:10:13,43.1867065429688,-9.0908374786377,"Unknown"
"7014852",371861,2025-09-24 18:15:12,43.1867752075195,-9.09082317352295,"Unknown"
"7014852",371861,2025-09-24 18:20:14,43.1866760253906,-9.09082794189453,"Unknown"
"7014852",371861,2025-09-24 18:25:14,43.1867942810059,-9.09090042114258,"Unknown"
"7014852",371861,2025-09-24 18:30:13,43.1922836303711,-9.09804534912109,"Unknown"
"7014852",371861,2025-09-24 18:35:14,43.1978950500488,-9.15077590942383,"Unknown"
"7014852",371861,2025-09-24 18:40:13,43.172477722168,-9.20291519165039,"Unknown"
"7014852",371861,2025-09-24 18:45:14,43.1621894836426,-9.21328926086426,"Unknown"
"7014852",371861,2025-09-24 18:50:17,43.162181854248,-9.21326923370361,"Unknown"
"7014852",371861,2025-09-24 18:55:17,43.1621437072754,-9.21341133117676,"Unknown"
"7014852",371861,2025-09-24 19:00:17,43.1612892150879,-9.21333694458008,"Unknown"
"7014852",371861,2025-09-24 19:05:17,43.1617012023926,-9.21322154998779,"Unknown"
"7014852",371861,2025-09-24 19:08:03,43.1616516113281,-9.21321582794189,"Unknown"
"7014852",371861,2025-09-25 00:08:21,43.162712097168,-9.21252155303955,"Unknown"
"7014852",371861,2025-09-25 05:08:35,43.163646697998,-9.21288299560547,"Unknown"
"7014852",371861,2025-09-25 06:31:53,43.184139251709,-9.09162330627441,"Unknown"
"7014852",371861,2025-09-25 06:36:52,43.183479309082,-9.09180355072021,"Unknown"
"7014852",371861,2025-09-25 06:41:58,43.1836738586426,-9.09116268157959,"Unknown"
"7014852",371861,2025-09-25 06:47:24,43.1832618713379,-9.09255599975586,"Unknown"
"7014852",371861,2025-09-25 06:51:52,43.183666229248,-9.09279155731201,"Unknown"
"7014852",371861,2025-09-25 06:56:52,43.1837539672852,-9.09260654449463,"Unknown"
"7014852",371861,2025-09-25 07:02:14,43.1836433410645,-9.09270572662354,"Unknown"
"7014852",371861,2025-09-25 07:06:50,43.1831398010254,-9.09275341033936,"Unknown"
"7014852",371861,2025-09-25 07:11:51,43.183048248291,-9.09242343902588,"Unknown"
"7014852",371861,2025-09-25 07:16:52,43.183422088623,-9.09288501739502,"Unknown"
"7014852",371861,2025-09-25 07:21:52,43.1832695007324,-9.09293937683105,"Unknown"
"7014852",371861,2025-09-25 07:26:52,43.1831550598145,-9.0927619934082,"Unknown"
"7014852",371861,2025-09-25 07:31:51,43.1836547851562,-9.09315776824951,"Unknown"
"7014852",371861,2025-09-25 07:36:52,43.1806259155273,-9.09113597869873,"Unknown"
"7014852",371861,2025-09-25 07:41:52,43.1807670593262,-9.09147262573242,"Unknown"
"7014852",371861,2025-09-25 07:46:52,43.1805038452148,-9.09142971038818,"Unknown"
"7014852",371861,2025-09-25 07:51:52,43.1805229187012,-9.09150695800781,"Unknown"
"7014852",371861,2025-09-25 07:56:52,43.1804733276367,-9.09140872955322,"Unknown"
"7014852",371861,2025-09-25 08:01:51,43.1804046630859,-9.09130477905273,"Unknown"
"7014852",371861,2025-09-25 08:06:52,43.1804809570312,-9.09131526947021,"Unknown"
"7014852",371861,2025-09-25 08:12:49,43.1804389953613,-9.09121894836426,"Unknown"
"7014852",371861,2025-09-25 08:17:45,43.1806449890137,-9.09151935577393,"Unknown"
"7014852",371861,2025-09-25 08:22:49,43.184009552002,-9.092529296875,"Unknown"
"7014852",371861,2025-09-25 08:27:52,43.1832466125488,-9.09233474731445,"Unknown"
"7014852",371861,2025-09-25 08:32:56,43.1835823059082,-9.09276390075684,"Unknown"
"7014852",371861,2025-09-25 08:37:44,43.1836013793945,-9.09305095672607,"Unknown"
"7014852",371861,2025-09-25 08:42:43,43.183765411377,-9.09340000152588,"Unknown"
"7014852",371861,2025-09-25 08:47:48,43.1838912963867,-9.09321689605713,"Unknown"
"7014852",371861,2025-09-25 08:52:42,43.1831550598145,-9.09166622161865,"Unknown"
"7014852",371861,2025-09-25 08:57:44,43.1838073730469,-9.09312057495117,"Unknown"
"7014852",371861,2025-09-25 09:02:46,43.1840362548828,-9.0930643081665,"Unknown"
"7014852",371861,2025-09-25 09:07:53,43.1834907531738,-9.09290790557861,"Unknown"
"7014852",371861,2025-09-25 09:12:43,43.1838607788086,-9.09144878387451,"Unknown"
"7014852",371861,2025-09-25 09:17:53,43.1830825805664,-9.09291553497314,"Unknown"
"7014852",371861,2025-09-25 09:22:44,43.185131072998,-9.09307384490967,"Unknown"
"7014852",371861,2025-09-25 09:27:49,43.1855316162109,-9.09318065643311,"Unknown"
"7014852",371861,2025-09-25 09:33:01,43.183650970459,-9.09262084960938,"Unknown"
"7014852",371861,2025-09-25 09:37:43,43.1815948486328,-9.09107398986816,"Unknown"
"7014852",371861,2025-09-25 09:42:43,43.1813087463379,-9.09121513366699,"Unknown"
"7014852",371861,2025-09-25 09:47:44,43.181266784668,-9.09130668640137,"Unknown"
"7014852",371861,2025-09-25 09:53:05,43.18115234375,-9.09105205535889,"Unknown"
"7014852",371861,2025-09-25 09:57:41,43.1811676025391,-9.09098148345947,"Unknown"
"7014852",371861,2025-09-25 10:02:41,43.1811180114746,-9.09102725982666,"Unknown"
"7014852",371861,2025-09-25 10:07:41,43.1811408996582,-9.0910587310791,"Unknown"
"7014852",371861,2025-09-25 10:12:41,43.1811828613281,-9.09102916717529,"Unknown"
"7014852",371861,2025-09-25 10:17:50,43.1811943054199,-9.09098815917969,"Unknown"
"7014852",371861,2025-09-25 10:22:50,43.1811218261719,-9.09105682373047,"Unknown"
"7014852",371861,2025-09-25 10:27:55,43.1811065673828,-9.09107398986816,"Unknown"
"7014852",371861,2025-09-25 10:32:42,43.1811103820801,-9.09103107452393,"Unknown"
"7014852",371861,2025-09-25 10:37:50,43.1811332702637,-9.091064453125,"Unknown"
"7014852",371861,2025-09-25 10:42:49,43.1810836791992,-9.09110164642334,"Unknown"
"7014852",371861,2025-09-25 10:47:42,43.1811103820801,-9.09108543395996,"Unknown"
"7014852",371861,2025-09-25 10:52:41,43.1810836791992,-9.09114456176758,"Unknown"
"7014852",371861,2025-09-25 10:57:41,43.1810417175293,-9.09111022949219,"Unknown"
"7014852",371861,2025-09-25 11:02:44,43.1808967590332,-9.09093284606934,"Unknown"
"7014852",371861,2025-09-25 11:07:42,43.1811294555664,-9.09107398986816,"Unknown"
"7014852",371861,2025-09-25 11:12:42,43.1811103820801,-9.0910530090332,"Unknown"
"7014852",371861,2025-09-25 11:17:42,43.18115234375,-9.09118938446045,"Unknown"
"7014852",371861,2025-09-25 11:22:42,43.1810111999512,-9.09110069274902,"Unknown"
"7014852",371861,2025-09-25 11:27:42,43.1810607910156,-9.09105491638184,"Unknown"
"7014852",371861,2025-09-25 11:32:44,43.1834144592285,-9.09298133850098,"Unknown"
"7014852",371861,2025-09-25 11:37:42,43.1833763122559,-9.09288597106934,"Unknown"
"7014852",371861,2025-09-25 11:42:42,43.1832008361816,-9.0927209854126,"Unknown"
"7014852",371861,2025-09-25 11:47:41,43.1831207275391,-9.09261417388916,"Unknown"
"7014852",371861,2025-09-25 11:52:42,43.1831932067871,-9.09277439117432,"Unknown"
"7014852",371861,2025-09-25 11:57:43,43.1833114624023,-9.09294700622559,"Unknown"
"7014852",371861,2025-09-25 12:02:42,43.1833953857422,-9.09278106689453,"Unknown"
"7014852",371861,2025-09-25 12:08:05,43.18310546875,-9.0925407409668,"Unknown"
"7014852",371861,2025-09-25 12:12:41,43.1857948303223,-9.09286594390869,"Unknown"
"7014852",371861,2025-09-25 12:17:42,43.1857795715332,-9.09280204772949,"Unknown"
"7014852",371861,2025-09-25 12:22:45,43.185474395752,-9.09234523773193,"Unknown"
"7014852",371861,2025-09-25 12:27:45,43.1856994628906,-9.09261894226074,"Unknown"
"7014852",371861,2025-09-25 12:32:43,43.1857528686523,-9.09266185760498,"Unknown"
"7014852",371861,2025-09-25 12:37:52,43.1856002807617,-9.09263801574707,"Unknown"
"7014852",371861,2025-09-25 12:42:43,43.1857757568359,-9.09268474578857,"Unknown"
"7014852",371861,2025-09-25 12:47:46,43.1857414245605,-9.09267902374268,"Unknown"
"7014852",371861,2025-09-25 12:52:47,43.1864051818848,-9.09357166290283,"Unknown"
"7014852",371861,2025-09-25 12:57:50,43.1874198913574,-9.09963321685791,"Unknown"
"7014852",371861,2025-09-25 13:02:45,43.1875534057617,-9.09992504119873,"Unknown"
"7014852",371861,2025-09-25 13:07:47,43.1875114440918,-9.09991931915283,"Unknown"
"7014852",371861,2025-09-25 13:12:47,43.1875,-9.09994220733643,"Unknown"
"7014852",371861,2025-09-25 13:17:55,43.1882781982422,-9.10013675689697,"Unknown"
"7014852",371861,2025-09-25 13:23:03,43.1882972717285,-9.1002836227417,"Unknown"
"7014852",371861,2025-09-25 13:27:58,43.1924247741699,-9.10798740386963,"Unknown"
"7014852",371861,2025-09-25 13:32:54,43.1987724304199,-9.11766338348389,"Unknown"
"7014852",371861,2025-09-25 13:37:57,43.1988143920898,-9.11763286590576,"Unknown"
"7014852",371861,2025-09-25 13:42:58,43.1987991333008,-9.11771488189697,"Unknown"
"7014852",371861,2025-09-25 13:47:56,43.198787689209,-9.1178035736084,"Unknown"
"7014852",371861,2025-09-25 13:52:56,43.1988105773926,-9.11771678924561,"Unknown"
"7014852",371861,2025-09-25 13:57:53,43.1988296508789,-9.11774253845215,"Unknown"
"7014852",371861,2025-09-25 14:03:05,43.1988334655762,-9.11768531799316,"Unknown"
"7014852",371861,2025-09-25 14:07:41,43.1988258361816,-9.11767387390137,"Unknown"
"7014852",371861,2025-09-25 14:12:42,43.1988410949707,-9.11771678924561,"Unknown"
"7014852",371861,2025-09-25 14:17:41,43.198802947998,-9.11767292022705,"Unknown"
"7014852",371861,2025-09-25 14:22:42,43.1988983154297,-9.11772918701172,"Unknown"
"7014852",371861,2025-09-25 14:27:45,43.1987228393555,-9.11759757995605,"Unknown"
"7014852",371861,2025-09-25 14:32:44,43.1991081237793,-9.11770725250244,"Unknown"
"7014852",371861,2025-09-25 14:37:46,43.1988220214844,-9.11759376525879,"Unknown"
"7014852",371861,2025-09-25 14:42:58,43.1988410949707,-9.11769676208496,"Unknown"
"7014852",371861,2025-09-25 14:47:49,43.198860168457,-9.11743640899658,"Unknown"
"7014852",371861,2025-09-25 14:52:55,43.1989059448242,-9.11761379241943,"Unknown"
"7014852",371861,2025-09-25 14:57:54,43.198657989502,-9.11767292022705,"Unknown"
"7014852",371861,2025-09-25 15:02:42,43.1984519958496,-9.1173849105835,"Unknown"
"7014852",371861,2025-09-25 15:08:05,43.1990547180176,-9.11761283874512,"Unknown"
"7014852",371861,2025-09-25 15:12:42,43.1915702819824,-9.11128234863281,"Unknown"
"7014852",371861,2025-09-25 15:17:42,43.1859741210938,-9.09119033813477,"Unknown"
"7014852",371861,2025-09-25 15:22:42,43.1880722045898,-9.10095405578613,"Unknown"
"7014852",371861,2025-09-25 15:27:43,43.1957855224609,-9.12406158447266,"Unknown"
"7014852",371861,2025-09-25 15:32:42,43.1869125366211,-9.17460060119629,"Unknown"
"7014852",371861,2025-09-25 15:37:42,43.1789779663086,-9.17873859405518,"Unknown"
"7014852",371861,2025-09-25 15:42:43,43.1784439086914,-9.17940807342529,"Unknown"
"7014852",371861,2025-09-25 15:47:42,43.1786918640137,-9.17920303344727,"Unknown"
"7014852",371861,2025-09-25 15:52:45,43.1786651611328,-9.17921447753906,"Unknown"
"7014852",371861,2025-09-25 15:57:42,43.1787567138672,-9.1787281036377,"Unknown"
"7014852",371861,2025-09-25 16:02:42,43.1622581481934,-9.20907115936279,"Unknown"
"7014852",371861,2025-09-25 16:07:43,43.1606101989746,-9.2103443145752,"Unknown"
"7014852",371861,2025-09-25 16:12:43,43.1605987548828,-9.21033096313477,"Unknown"
"7014852",371861,2025-09-25 16:17:44,43.1606369018555,-9.21038246154785,"Unknown"
"7014852",371861,2025-09-25 16:22:44,43.1606025695801,-9.21017646789551,"Unknown"
"7014852",371861,2025-09-25 16:27:43,43.1605796813965,-9.2101993560791,"Unknown"
"7014852",371861,2025-09-25 16:32:44,43.1606025695801,-9.21046447753906,"Unknown"
"7014852",371861,2025-09-25 16:37:43,43.1605415344238,-9.21029949188232,"Unknown"
"7014852",371861,2025-09-25 16:42:43,43.1605758666992,-9.21022605895996,"Unknown"
"7014852",371861,2025-09-25 16:47:43,43.1605224609375,-9.21028327941895,"Unknown"
"7014852",371861,2025-09-25 16:52:44,43.1606521606445,-9.21031379699707,"Unknown"
"7014852",371861,2025-09-25 16:57:43,43.1605529785156,-9.21006393432617,"Unknown"
"7014852",371861,2025-09-25 17:02:44,43.1606101989746,-9.21081638336182,"Unknown"
"7014852",371861,2025-09-25 17:08:02,43.1612777709961,-9.21189212799072,"Unknown"
"7014852",371861,2025-09-25 17:12:43,43.1613388061523,-9.21179676055908,"Unknown"
"7014852",371861,2025-09-25 17:17:45,43.161262512207,-9.21309661865234,"Unknown"
"7014852",371861,2025-09-25 17:22:44,43.1614685058594,-9.21285438537598,"Unknown"
"7014852",371861,2025-09-25 17:27:44,43.1619300842285,-9.21303749084473,"Unknown"
"7014852",371861,2025-09-25 17:32:46,43.161750793457,-9.21299839019775,"Unknown"
"7014852",371861,2025-09-25 17:37:42,43.1570053100586,-9.20761013031006,"Unknown"
"7014852",371861,2025-09-25 17:42:44,43.1584510803223,-9.21244239807129,"Unknown"
"7014852",371861,2025-09-25 17:47:46,43.1584854125977,-9.21232795715332,"Unknown"
"7014852",371861,2025-09-25 17:52:44,43.158073425293,-9.21229553222656,"Unknown"
"7014852",371861,2025-09-25 17:57:44,43.1584930419922,-9.21237564086914,"Unknown"
"7014852",371861,2025-09-25 18:02:44,43.1587333679199,-9.21246910095215,"Unknown"
"7014852",371861,2025-09-25 18:07:55,43.1579933166504,-9.21294689178467,"Unknown"
"7014852",371861,2025-09-25 18:12:43,43.1576881408691,-9.21284961700439,"Unknown"
"7014852",371861,2025-09-25 18:17:45,43.156307220459,-9.21404838562012,"Unknown"
"7014852",371861,2025-09-25 18:23:02,43.1575775146484,-9.21304321289062,"Unknown"
"7014852",371861,2025-09-25 18:27:46,43.1623229980469,-9.21543121337891,"Unknown"
"7014852",371861,2025-09-25 18:32:49,43.1623649597168,-9.2153959274292,"Unknown"
"7014852",371861,2025-09-25 18:38:14,43.1615142822266,-9.21458148956299,"Unknown"
"7014852",371861,2025-09-25 18:42:42,43.1628913879395,-9.21489143371582,"Unknown"
"7014852",371861,2025-09-25 18:47:45,43.1635780334473,-9.21540260314941,"Unknown"
"7014852",371861,2025-09-25 18:52:44,43.1629791259766,-9.21569538116455,"Unknown"
"7014852",371861,2025-09-25 18:57:44,43.1626434326172,-9.21491718292236,"Unknown"
"7014852",371861,2025-09-25 19:02:45,43.1629829406738,-9.21506881713867,"Unknown"
"7014852",371861,2025-09-25 19:06:18,43.1623878479004,-9.21469593048096,"Unknown"
"7014852",371861,2025-09-26 00:06:39,43.1637687683105,-9.21302700042725,"Unknown"
"7014852",371861,2025-09-26 05:06:35,43.1637382507324,-9.21392726898193,"Unknown"
"7014852",371861,2025-09-26 06:33:14,43.184757232666,-9.09154796600342,"Unknown"
"7014852",371861,2025-09-26 06:38:07,43.1840744018555,-9.09154319763184,"Unknown"
"7014852",371861,2025-09-26 06:43:02,43.1839866638184,-9.0916805267334,"Unknown"
"7014852",371861,2025-09-26 06:48:01,43.1850547790527,-9.09147930145264,"Unknown"
"7014852",371861,2025-09-26 06:53:05,43.1846923828125,-9.09151935577393,"Unknown"
"7014852",371861,2025-09-26 06:58:14,43.1850852966309,-9.09086990356445,"Unknown"
"7014852",371861,2025-09-26 07:02:58,43.1850395202637,-9.0911283493042,"Unknown"
"7014852",371861,2025-09-26 07:07:59,43.1850814819336,-9.09092044830322,"Unknown"
"7014852",371861,2025-09-26 07:13:04,43.1858253479004,-9.09259605407715,"Unknown"
"7014852",371861,2025-09-26 07:17:57,43.1861114501953,-9.09310531616211,"Unknown"
"7014852",371861,2025-09-26 07:22:59,43.1858024597168,-9.09288024902344,"Unknown"
"7014852",371861,2025-09-26 07:28:08,43.1858062744141,-9.09259510040283,"Unknown"
"7014852",371861,2025-09-26 07:32:59,43.1856346130371,-9.09236335754395,"Unknown"
"7014852",371861,2025-09-26 07:37:58,43.1828536987305,-9.09281444549561,"Unknown"
"7014852",371861,2025-09-26 07:42:56,43.1823844909668,-9.09293556213379,"Unknown"
"7014852",371861,2025-09-26 07:48:14,43.1838569641113,-9.09291648864746,"Unknown"
"7014852",371861,2025-09-26 07:53:02,43.1837158203125,-9.09284591674805,"Unknown"
"7014852",371861,2025-09-26 07:57:58,43.1844177246094,-9.09299278259277,"Unknown"
"7014852",371861,2025-09-26 08:03:00,43.1839790344238,-9.09287643432617,"Unknown"
"7014852",371861,2025-09-26 08:07:58,43.183910369873,-9.09303283691406,"Unknown"
"7014852",371861,2025-09-26 08:12:59,43.1837539672852,-9.0931396484375,"Unknown"
"7014852",371861,2025-09-26 08:17:57,43.1836891174316,-9.09274864196777,"Unknown"
"7014852",371861,2025-09-26 08:23:00,43.1837387084961,-9.09292030334473,"Unknown"
"7014852",371861,2025-09-26 08:27:59,43.1839714050293,-9.0929536819458,"Unknown"
"7014852",371861,2025-09-26 08:33:02,43.1829948425293,-9.09232234954834,"Unknown"
"7014852",371861,2025-09-26 08:38:11,43.1829261779785,-9.09244155883789,"Unknown"
"7014852",371861,2025-09-26 08:43:05,43.1834449768066,-9.09283351898193,"Unknown"
"7014852",371861,2025-09-26 08:48:07,43.1833992004395,-9.09275722503662,"Unknown"
"7014852",371861,2025-09-26 08:53:11,43.1836357116699,-9.09297180175781,"Unknown"
"7014852",371861,2025-09-26 08:58:08,43.18359375,-9.09278106689453,"Unknown"
"7014852",371861,2025-09-26 09:03:15,43.1830825805664,-9.09256839752197,"Unknown"
"7014852",371861,2025-09-26 09:08:09,43.1836242675781,-9.09329128265381,"Unknown"
"7014852",371861,2025-09-26 09:13:05,43.1834983825684,-9.09280014038086,"Unknown"
"7014852",371861,2025-09-26 09:18:12,43.1834716796875,-9.09260559082031,"Unknown"
"7014852",371861,2025-09-26 09:23:37,43.183177947998,-9.09266185760498,"Unknown"
"7014852",371861,2025-09-26 09:28:07,43.1834564208984,-9.09286022186279,"Unknown"
"7014852",371861,2025-09-26 09:33:35,43.1829414367676,-9.09271430969238,"Unknown"
"7014852",371861,2025-09-26 09:37:59,43.1830635070801,-9.09242820739746,"Unknown"
"7014852",371861,2025-09-26 09:43:02,43.1830635070801,-9.09259510040283,"Unknown"
"7014852",371861,2025-09-26 09:48:08,43.1835441589355,-9.09294891357422,"Unknown"
"7014852",371861,2025-09-26 09:53:02,43.1836166381836,-9.09286785125732,"Unknown"
"7014852",371861,2025-09-26 09:57:59,43.1834754943848,-9.09280681610107,"Unknown"
"7014852",371861,2025-09-26 10:03:00,43.1835289001465,-9.09290409088135,"Unknown"
"7014852",371861,2025-09-26 10:08:05,43.1834983825684,-9.092848777771,"Unknown"
"7014852",371861,2025-09-26 10:12:59,43.1836395263672,-9.0927038192749,"Unknown"
"7014852",371861,2025-09-26 10:17:57,43.1836471557617,-9.09266090393066,"Unknown"
"7014852",371861,2025-09-26 10:23:08,43.1833953857422,-9.0926342010498,"Unknown"
"7014852",371861,2025-09-26 10:27:57,43.1827926635742,-9.09150886535645,"Unknown"
"7014852",371861,2025-09-26 10:32:56,43.1826095581055,-9.09189033508301,"Unknown"
"7014852",371861,2025-09-26 10:38:07,43.1835327148438,-9.0928316116333,"Unknown"
"7014852",371861,2025-09-26 10:43:10,43.1835517883301,-9.09282684326172,"Unknown"
"7014852",371861,2025-09-26 10:48:06,43.1830940246582,-9.09269618988037,"Unknown"
"7014852",371861,2025-09-26 10:52:56,43.1809463500977,-9.09128761291504,"Unknown"
"7014852",371861,2025-09-26 10:57:58,43.1811943054199,-9.09096527099609,"Unknown"
"7014852",371861,2025-09-26 11:02:57,43.1811180114746,-9.0910701751709,"Unknown"
"7014852",371861,2025-09-26 11:07:56,43.1811256408691,-9.09130001068115,"Unknown"
"7014852",371861,2025-09-26 11:12:59,43.181266784668,-9.09158515930176,"Unknown"
"7014852",371861,2025-09-26 11:17:59,43.1812858581543,-9.09154796600342,"Unknown"
"7014852",371861,2025-09-26 11:23:05,43.1809997558594,-9.09100341796875,"Unknown"
"7014852",371861,2025-09-26 11:28:06,43.1811256408691,-9.09123229980469,"Unknown"
"7014852",371861,2025-09-26 11:33:14,43.1811256408691,-9.09111976623535,"Unknown"
"7014852",371861,2025-09-26 11:37:57,43.1811752319336,-9.09109973907471,"Unknown"
"7014852",371861,2025-09-26 11:42:57,43.1811714172363,-9.09122180938721,"Unknown"
"7014852",371861,2025-09-26 11:47:59,43.1830711364746,-9.09277248382568,"Unknown"
"7014852",371861,2025-09-26 11:52:57,43.1830825805664,-9.09272480010986,"Unknown"
"7014852",371861,2025-09-26 11:57:57,43.1833076477051,-9.09296321868896,"Unknown"
"7014852",371861,2025-09-26 12:02:57,43.1835250854492,-9.09318828582764,"Unknown"
"7014852",371861,2025-09-26 12:07:58,43.1833000183105,-9.09307670593262,"Unknown"
"7014852",371861,2025-09-26 12:12:56,43.1833877563477,-9.09287452697754,"Unknown"
"7014852",371861,2025-09-26 12:17:57,43.1846046447754,-9.09171772003174,"Unknown"
"7014852",371861,2025-09-26 12:23:04,43.1847038269043,-9.0922269821167,"Unknown"
"7014852",371861,2025-09-26 12:27:59,43.1847152709961,-9.09194850921631,"Unknown"
"7014852",371861,2025-09-26 12:33:45,43.1848220825195,-9.09194469451904,"Unknown"
"7014852",371861,2025-09-26 12:38:27,43.1849327087402,-9.09195995330811,"Unknown"
"7014852",371861,2025-09-26 12:42:59,43.1855087280273,-9.09140491485596,"Unknown"
"7014852",371861,2025-09-26 12:48:00,43.1855392456055,-9.09109783172607,"Unknown"
"7014852",371861,2025-09-26 12:53:01,43.1856002807617,-9.09133911132812,"Unknown"
"7014852",371861,2025-09-26 12:57:59,43.1849632263184,-9.09087753295898,"Unknown"
"7014852",371861,2025-09-26 13:02:59,43.1813697814941,-9.09150981903076,"Unknown"
"7014852",371861,2025-09-26 13:08:01,43.1802635192871,-9.08939456939697,"Unknown"
"7014852",371861,2025-09-26 13:13:29,43.1810035705566,-9.09121894836426,"Unknown"
"7014852",371861,2025-09-26 13:17:56,43.1810340881348,-9.09119701385498,"Unknown"
"7014852",371861,2025-09-26 13:22:57,43.1811103820801,-9.09110736846924,"Unknown"
"7014852",371861,2025-09-26 13:27:56,43.1810264587402,-9.09115314483643,"Unknown"
"7014852",371861,2025-09-26 13:32:56,43.1810684204102,-9.09116077423096,"Unknown"
"7014852",371861,2025-09-26 13:37:56,43.1810607910156,-9.09114074707031,"Unknown"
"7014852",371861,2025-09-26 13:42:56,43.1809883117676,-9.09124946594238,"Unknown"
"7014852",371861,2025-09-26 13:47:56,43.1809387207031,-9.09124088287354,"Unknown"
"7014852",371861,2025-09-26 13:52:59,43.1809883117676,-9.09124088287354,"Unknown"
"7014852",371861,2025-09-26 13:57:56,43.180908203125,-9.09120178222656,"Unknown"
"7014852",371861,2025-09-26 14:02:57,43.180793762207,-9.09131050109863,"Unknown"
"7014852",371861,2025-09-26 14:07:57,43.1809387207031,-9.09121417999268,"Unknown"
"7014852",371861,2025-09-26 14:13:00,43.1808586120605,-9.09127235412598,"Unknown"
"7014852",371861,2025-09-26 14:17:57,43.1806907653809,-9.09140682220459,"Unknown"
"7014852",371861,2025-09-26 14:23:07,43.1806716918945,-9.09130954742432,"Unknown"
"7014852",371861,2025-09-26 14:27:59,43.1803741455078,-9.09115982055664,"Unknown"
"7014852",371861,2025-09-26 14:33:07,43.1806869506836,-9.09132766723633,"Unknown"
"7014852",371861,2025-09-26 14:37:58,43.1808090209961,-9.0915470123291,"Unknown"
"7014852",371861,2025-09-26 14:43:07,43.180591583252,-9.09131622314453,"Unknown"
"7014852",371861,2025-09-26 14:48:07,43.1805992126465,-9.09139060974121,"Unknown"
"7014852",371861,2025-09-26 14:53:15,43.1805763244629,-9.09129810333252,"Unknown"
"7014852",371861,2025-09-26 14:58:29,43.1805610656738,-9.09128093719482,"Unknown"
"7014852",371861,2025-09-26 15:02:59,43.1805381774902,-9.09124088287354,"Unknown"
"7014852",371861,2025-09-26 15:07:57,43.1806411743164,-9.09131240844727,"Unknown"
"7014852",371861,2025-09-26 15:12:56,43.1805534362793,-9.09137058258057,"Unknown"
"7014852",371861,2025-09-26 15:17:59,43.1804389953613,-9.09131336212158,"Unknown"
"7014852",371861,2025-09-26 15:22:59,43.1804656982422,-9.0913610458374,"Unknown"
"7014852",371861,2025-09-26 15:27:56,43.1804695129395,-9.09133625030518,"Unknown"
"7014852",371861,2025-09-26 15:32:56,43.1803359985352,-9.09138965606689,"Unknown"
"7014852",371861,2025-09-26 15:37:56,43.1803321838379,-9.09127044677734,"Unknown"
"7014852",371861,2025-09-26 15:42:56,43.180233001709,-9.09142398834229,"Unknown"
"7014852",371861,2025-09-26 15:48:14,43.1802597045898,-9.09137630462646,"Unknown"
"7014852",371861,2025-09-26 15:52:57,43.185604095459,-9.09268188476562,"Unknown"
"7014852",371861,2025-09-26 15:58:01,43.1854820251465,-9.09281444549561,"Unknown"
"7014852",371861,2025-09-26 16:02:57,43.185131072998,-9.09073352813721,"Unknown"
"7014852",371861,2025-09-26 16:07:59,43.1851081848145,-9.09072399139404,"Unknown"
"7014852",371861,2025-09-26 16:12:57,43.1856803894043,-9.09100437164307,"Unknown"
"7014852",371861,2025-09-26 16:17:57,43.1836853027344,-9.09246158599854,"Unknown"
"7014852",371861,2025-09-26 16:22:57,43.1862144470215,-9.09082698822021,"Unknown"
"7014852",371861,2025-09-26 16:28:00,43.1853141784668,-9.09134483337402,"Unknown"
"7014852",371861,2025-09-26 16:33:04,43.1836090087891,-9.09298324584961,"Unknown"
"7014852",371861,2025-09-26 16:38:16,43.1835861206055,-9.09267520904541,"Unknown"
"7014852",371861,2025-09-26 16:43:00,43.1838340759277,-9.09299373626709,"Unknown"
"7014852",371861,2025-09-26 16:48:15,43.1838455200195,-9.09294605255127,"Unknown"
"7014852",371861,2025-09-26 16:53:00,43.1840896606445,-9.09224128723145,"Unknown"
"7014852",371861,2025-09-26 16:58:09,43.1837539672852,-9.09232139587402,"Unknown"
"7014852",371861,2025-09-26 17:03:00,43.1934127807617,-9.09700489044189,"Unknown"
"7014852",371861,2025-09-26 17:07:59,43.1937294006348,-9.09855842590332,"Unknown"
"7014852",371861,2025-09-26 17:13:04,43.1935348510742,-9.09780597686768,"Unknown"
"7014852",371861,2025-09-26 17:18:09,43.1935997009277,-9.09792709350586,"Unknown"
"7014852",371861,2025-09-26 17:23:01,43.193603515625,-9.09805107116699,"Unknown"
"7014852",371861,2025-09-26 17:28:07,43.1936492919922,-9.0977897644043,"Unknown"
"7014852",371861,2025-09-26 17:33:07,43.1936531066895,-9.09757137298584,"Unknown"
"7014852",371861,2025-09-26 17:38:16,43.2038726806641,-9.08630657196045,"Unknown"
"7014852",371861,2025-09-26 17:43:02,43.2173881530762,-9.03950214385986,"Unknown"
"7014852",371861,2025-09-26 17:48:15,43.2314453125,-9.01397609710693,"Unknown"
"7014852",371861,2025-09-26 17:53:00,43.2314605712891,-9.01382160186768,"Unknown"
"7014852",371861,2025-09-26 17:58:02,43.2314033508301,-9.01400184631348,"Unknown"
"7014852",371861,2025-09-26 18:03:15,43.2313766479492,-9.01392555236816,"Unknown"
"7014852",371861,2025-09-26 18:08:07,43.2314453125,-9.01409244537354,"Unknown"
"7014852",371861,2025-09-26 18:13:04,43.2312507629395,-9.01399421691895,"Unknown"
"7014852",371861,2025-09-26 18:18:02,43.2311096191406,-9.01388359069824,"Unknown"
"7014852",371861,2025-09-26 18:23:02,43.2313385009766,-9.01391220092773,"Unknown"
"7014852",371861,2025-09-26 18:28:02,43.2313423156738,-9.0141134262085,"Unknown"
"7014852",371861,2025-09-26 18:33:01,43.230899810791,-9.01324558258057,"Unknown"
"7014852",371861,2025-09-26 18:38:14,43.2311820983887,-9.01389980316162,"Unknown"
"7014852",371861,2025-09-26 18:43:02,43.2312278747559,-9.01385307312012,"Unknown"
"7014852",371861,2025-09-26 18:48:14,43.2312469482422,-9.01388072967529,"Unknown"
"7014852",371861,2025-09-26 18:53:07,43.2364807128906,-9.01739025115967,"Unknown"
"7014852",371861,2025-09-26 18:58:04,43.2361793518066,-9.01692008972168,"Unknown"
"7014852",371861,2025-09-26 19:03:41,43.2360877990723,-9.01764678955078,"Unknown"
"7014852",371861,2025-09-27 00:04:06,43.2402000427246,-9.02023029327393,"Unknown"
"7014852",371861,2025-09-27 05:04:05,43.2427444458008,-9.01641845703125,"Unknown"
"7014852",371861,2025-09-27 06:33:35,43.1850738525391,-9.09083366394043,"Unknown"
"7014852",371861,2025-09-27 06:38:13,43.1848335266113,-9.09125518798828,"Unknown"
"7014852",371861,2025-09-27 06:43:14,43.1851577758789,-9.09084892272949,"Unknown"
"7014852",371861,2025-09-27 06:48:14,43.1847229003906,-9.09086608886719,"Unknown"
"7014852",371861,2025-09-27 06:53:14,43.1850090026855,-9.0914249420166,"Unknown"
"7014852",371861,2025-09-27 06:58:12,43.1843338012695,-9.09257316589355,"Unknown"
"7014852",371861,2025-09-27 07:03:15,43.1847648620605,-9.0916109085083,"Unknown"
"7014852",371861,2025-09-27 07:08:25,43.1851577758789,-9.09214019775391,"Unknown"
"7014852",371861,2025-09-27 07:13:15,43.1850891113281,-9.09215545654297,"Unknown"
"7014852",371861,2025-09-27 07:18:24,43.1848449707031,-9.09158134460449,"Unknown"
"7014852",371861,2025-09-27 07:23:14,43.183277130127,-9.09259605407715,"Unknown"
"7014852",371861,2025-09-27 07:28:14,43.183723449707,-9.09258079528809,"Unknown"
"7014852",371861,2025-09-27 07:33:17,43.1847114562988,-9.09243202209473,"Unknown"
"7014852",371861,2025-09-27 07:38:12,43.1846046447754,-9.0923957824707,"Unknown"
"7014852",371861,2025-09-27 07:43:16,43.1846122741699,-9.09241199493408,"Unknown"
"7014852",371861,2025-09-27 07:48:24,43.18505859375,-9.09189128875732,"Unknown"
"7014852",371861,2025-09-27 07:53:15,43.184814453125,-9.09156322479248,"Unknown"
"7014852",371861,2025-09-27 07:58:16,43.1850242614746,-9.09122657775879,"Unknown"
"7014852",371861,2025-09-27 08:03:12,43.1849555969238,-9.09174060821533,"Unknown"
"7014852",371861,2025-09-27 08:08:14,43.1850128173828,-9.09163093566895,"Unknown"
"7014852",371861,2025-09-27 08:13:18,43.1849822998047,-9.09178161621094,"Unknown"
"7014852",371861,2025-09-27 08:18:16,43.1847038269043,-9.09140777587891,"Unknown"
"7014852",371861,2025-09-27 08:23:35,43.1850433349609,-9.09174537658691,"Unknown"
"7014852",371861,2025-09-27 08:28:12,43.1850051879883,-9.09162044525146,"Unknown"
"7014852",371861,2025-09-27 08:33:12,43.1851463317871,-9.09176063537598,"Unknown"
"7014852",371861,2025-09-27 08:38:13,43.1855735778809,-9.09280776977539,"Unknown"
"7014852",371861,2025-09-27 08:43:12,43.1857528686523,-9.09271240234375,"Unknown"
"7014852",371861,2025-09-27 08:48:19,43.1857032775879,-9.09260272979736,"Unknown"
"7014852",371861,2025-09-27 08:53:13,43.1849174499512,-9.09172630310059,"Unknown"
"7014852",371861,2025-09-27 08:58:15,43.1841659545898,-9.09286212921143,"Unknown"
"7014852",371861,2025-09-27 09:03:23,43.1839828491211,-9.09283351898193,"Unknown"
"7014852",371861,2025-09-27 09:08:17,43.184024810791,-9.09276103973389,"Unknown"
"7014852",371861,2025-09-27 09:13:15,43.1837387084961,-9.09290790557861,"Unknown"
"7014852",371861,2025-09-27 09:18:14,43.1840133666992,-9.09303283691406,"Unknown"
"7014852",371861,2025-09-27 09:23:15,43.1841201782227,-9.09320068359375,"Unknown"
"7014852",371861,2025-09-27 09:28:35,43.1839790344238,-9.09300708770752,"Unknown"
"7014852",371861,2025-09-27 09:33:12,43.1841812133789,-9.09281063079834,"Unknown"
"7014852",371861,2025-09-27 09:38:13,43.1840972900391,-9.09275150299072,"Unknown"
"7014852",371861,2025-09-27 09:43:16,43.1841773986816,-9.09307956695557,"Unknown"
"7014852",371861,2025-09-27 09:48:12,43.1840972900391,-9.09294509887695,"Unknown"
"7014852",371861,2025-09-27 09:53:16,43.1840209960938,-9.09296798706055,"Unknown"
"7014852",371861,2025-09-27 09:58:15,43.184986114502,-9.09196376800537,"Unknown"
"7014852",371861,2025-09-27 10:03:12,43.1811714172363,-9.09106063842773,"Unknown"
"7014852",371861,2025-09-27 10:08:14,43.1809768676758,-9.09088802337646,"Unknown"
"7014852",371861,2025-09-27 10:13:15,43.1806373596191,-9.09105205535889,"Unknown"
"7014852",371861,2025-09-27 10:18:14,43.1806411743164,-9.09104442596436,"Unknown"
"7014852",371861,2025-09-27 10:23:16,43.1807327270508,-9.0912036895752,"Unknown"
"7014852",371861,2025-09-27 10:28:13,43.1806831359863,-9.09121131896973,"Unknown"
"7014852",371861,2025-09-27 10:33:14,43.1807556152344,-9.09134197235107,"Unknown"
"7014852",371861,2025-09-27 10:38:13,43.1805381774902,-9.09113502502441,"Unknown"
"7014852",371861,2025-09-27 10:43:14,43.1807250976562,-9.09095287322998,"Unknown"
"7014852",371861,2025-09-27 10:48:13,43.1836357116699,-9.09301376342773,"Unknown"
"7014852",371861,2025-09-27 10:53:13,43.1896514892578,-9.10031414031982,"Unknown"
"7014852",371861,2025-09-27 10:58:18,43.190128326416,-9.1013355255127,"Unknown"
"7014852",371861,2025-09-27 11:03:13,43.1900863647461,-9.10123348236084,"Unknown"
"7014852",371861,2025-09-27 11:08:14,43.1901359558105,-9.10121154785156,"Unknown"
"7014852",371861,2025-09-27 11:13:17,43.190559387207,-9.10137939453125,"Unknown"
"7014852",371861,2025-09-27 11:18:13,43.1899795532227,-9.10112190246582,"Unknown"
"7014852",371861,2025-09-27 11:23:14,43.1900482177734,-9.10121822357178,"Unknown"
"7014852",371861,2025-09-27 11:28:14,43.190258026123,-9.10142135620117,"Unknown"
"7014852",371861,2025-09-27 11:33:18,43.1900901794434,-9.10124397277832,"Unknown"
"7014852",371861,2025-09-27 11:38:41,43.1901664733887,-9.10124015808105,"Unknown"
"7014852",371861,2025-09-27 11:43:12,43.1900444030762,-9.10120964050293,"Unknown"
"7014852",371861,2025-09-27 11:48:13,43.1901359558105,-9.10112285614014,"Unknown"
"7014852",371861,2025-09-27 11:53:26,43.1900482177734,-9.10118770599365,"Unknown"
"7014852",371861,2025-09-27 11:58:15,43.1900367736816,-9.10124683380127,"Unknown"
"7014852",371861,2025-09-27 12:03:12,43.1921234130859,-9.10128116607666,"Unknown"
"7014852",371861,2025-09-27 12:08:13,43.1938934326172,-9.06781196594238,"Unknown"
"7014852",371861,2025-09-27 12:13:15,43.1939353942871,-9.04121685028076,"Unknown"
"7014852",371861,2025-09-27 12:18:14,43.1932563781738,-9.04325485229492,"Unknown"
"7014852",371861,2025-09-27 12:23:18,43.193286895752,-9.04400062561035,"Unknown"
"7014852",371861,2025-09-27 12:28:17,43.1932792663574,-9.04365825653076,"Unknown"
"7014852",371861,2025-09-27 12:33:25,43.1938896179199,-9.04119777679443,"Unknown"
"7014852",371861,2025-09-27 12:38:21,43.1847648620605,-9.04171085357666,"Unknown"
"7014852",371861,2025-09-27 12:43:21,43.1845932006836,-9.0408239364624,"Unknown"
"7014852",371861,2025-09-27 12:48:16,43.1846961975098,-9.04079246520996,"Unknown"
"7014852",371861,2025-09-27 12:53:34,43.1901741027832,-9.04445552825928,"Unknown"
"7014852",371861,2025-09-27 12:58:13,43.190071105957,-9.04436111450195,"Unknown"
"7014852",371861,2025-09-27 13:03:14,43.1899909973145,-9.04434108734131,"Unknown"
"7014852",371861,2025-09-27 13:08:17,43.1898994445801,-9.04463291168213,"Unknown"
"7014852",371861,2025-09-27 13:13:16,43.1899795532227,-9.04439067840576,"Unknown"
"7014852",371861,2025-09-27 13:18:17,43.1898612976074,-9.04449939727783,"Unknown"
"7014852",371861,2025-09-27 13:23:14,43.189754486084,-9.044508934021,"Unknown"
"7014852",371861,2025-09-27 13:28:15,43.1899528503418,-9.04447746276855,"Unknown"
"7014852",371861,2025-09-27 13:33:19,43.1906890869141,-9.04489612579346,"Unknown"
"7014852",371861,2025-09-27 13:38:15,43.1905097961426,-9.04489707946777,"Unknown"
"7014852",371861,2025-09-27 13:43:14,43.1904373168945,-9.04478549957275,"Unknown"
"7014852",371861,2025-09-27 13:48:14,43.1904182434082,-9.04484081268311,"Unknown"
"7014852",371861,2025-09-27 13:53:23,43.1905212402344,-9.04468250274658,"Unknown"
"7014852",371861,2025-09-27 13:58:25,43.1902847290039,-9.04409503936768,"Unknown"
"7014852",371861,2025-09-27 14:03:35,43.190299987793,-9.04411315917969,"Unknown"
"7014852",371861,2025-09-27 14:08:13,43.1903495788574,-9.04404544830322,"Unknown"
"7014852",371861,2025-09-27 14:13:17,43.190372467041,-9.04402637481689,"Unknown"
"7014852",371861,2025-09-27 14:18:19,43.1903114318848,-9.04407978057861,"Unknown"
"7014852",371861,2025-09-27 14:23:45,43.1912574768066,-9.04293537139893,"Unknown"
"7014852",371861,2025-09-27 14:28:15,43.191577911377,-9.04273796081543,"Unknown"
"7014852",371861,2025-09-27 14:33:16,43.1913604736328,-9.04294490814209,"Unknown"
"7014852",371861,2025-09-27 14:38:15,43.1913566589355,-9.0428352355957,"Unknown"
"7014852",371861,2025-09-27 14:43:19,43.1913642883301,-9.0430269241333,"Unknown"
"7014852",371861,2025-09-27 14:48:35,43.1913833618164,-9.0430793762207,"Unknown"
"7014852",371861,2025-09-27 14:53:21,43.1913375854492,-9.04315853118896,"Unknown"
"7014852",371861,2025-09-27 14:58:35,43.1931457519531,-9.04346084594727,"Unknown"
"7014852",371861,2025-09-27 15:03:12,43.1930541992188,-9.04347324371338,"Unknown"
"7014852",371861,2025-09-27 15:08:12,43.1930694580078,-9.04358100891113,"Unknown"
"7014852",371861,2025-09-27 15:13:15,43.1913948059082,-9.04351234436035,"Unknown"
"7014852",371861,2025-09-27 15:18:13,43.1910743713379,-9.04374599456787,"Unknown"
"7014852",371861,2025-09-27 15:23:16,43.1907958984375,-9.04389762878418,"Unknown"
"7014852",371861,2025-09-27 15:28:15,43.1913909912109,-9.04313373565674,"Unknown"
"7014852",371861,2025-09-27 15:33:13,43.1912536621094,-9.04347133636475,"Unknown"
"7014852",371861,2025-09-27 15:38:18,43.1911163330078,-9.04354858398438,"Unknown"
"7014852",371861,2025-09-27 15:43:13,43.1909332275391,-9.04324817657471,"Unknown"
"7014852",371861,2025-09-27 15:48:12,43.190731048584,-9.04271984100342,"Unknown"
"7014852",371861,2025-09-27 15:53:13,43.1907005310059,-9.04262924194336,"Unknown"
"7014852",371861,2025-09-27 15:58:13,43.1906700134277,-9.04255294799805,"Unknown"
"7014852",371861,2025-09-27 16:03:12,43.1907768249512,-9.04236888885498,"Unknown"
"7014852",371861,2025-09-27 16:08:12,43.1909942626953,-9.04210472106934,"Unknown"
"7014852",371861,2025-09-27 16:13:14,43.1912689208984,-9.04204082489014,"Unknown"
"7014852",371861,2025-09-27 16:18:12,43.191333770752,-9.04256916046143,"Unknown"
"7014852",371861,2025-09-27 16:23:13,43.1912422180176,-9.04249572753906,"Unknown"
"7014852",371861,2025-09-27 16:28:13,43.1911735534668,-9.04360103607178,"Unknown"
"7014852",371861,2025-09-27 16:33:13,43.1912689208984,-9.0436315536499,"Unknown"
"7014852",371861,2025-09-27 16:38:12,43.1912956237793,-9.04354858398438,"Unknown"
"7014852",371861,2025-09-27 16:43:12,43.1913032531738,-9.04360866546631,"Unknown"
"7014852",371861,2025-09-27 16:48:15,43.1913681030273,-9.04359436035156,"Unknown"
"7014852",371861,2025-09-27 16:53:13,43.1913299560547,-9.04359436035156,"Unknown"
"7014852",371861,2025-09-27 16:58:13,43.1913528442383,-9.04362201690674,"Unknown"
"7014852",371861,2025-09-27 17:03:12,43.1913032531738,-9.04366970062256,"Unknown"
"7014852",371861,2025-09-27 17:08:13,43.1913032531738,-9.04354953765869,"Unknown"
"7014852",371861,2025-09-27 17:13:15,43.1913566589355,-9.04358673095703,"Unknown"
"7014852",371861,2025-09-27 17:18:16,43.1917266845703,-9.04299831390381,"Unknown"
"7014852",371861,2025-09-27 17:23:14,43.1916084289551,-9.04292964935303,"Unknown"
"7014852",371861,2025-09-27 17:28:25,43.1916961669922,-9.04237270355225,"Unknown"
"7014852",371861,2025-09-27 17:33:29,43.192138671875,-9.04239845275879,"Unknown"
"7014852",371861,2025-09-27 17:38:22,43.1922798156738,-9.0421724319458,"Unknown"
"7014852",371861,2025-09-27 17:43:29,43.1925239562988,-9.04219818115234,"Unknown"
"7014852",371861,2025-09-27 17:48:25,43.1922492980957,-9.04264736175537,"Unknown"
"7014852",371861,2025-09-27 17:53:25,43.1926193237305,-9.04209613800049,"Unknown"
"7014852",371861,2025-09-27 17:58:24,43.1942596435547,-9.04143810272217,"Unknown"
"7014852",371861,2025-09-27 18:03:35,43.1943511962891,-9.04159832000732,"Unknown"
"7014852",371861,2025-09-27 18:08:13,43.1943473815918,-9.04159641265869,"Unknown"
"7014852",371861,2025-09-27 18:13:12,43.1943359375,-9.04153919219971,"Unknown"
"7014852",371861,2025-09-27 18:18:12,43.1942863464355,-9.04157638549805,"Unknown"
"7014852",371861,2025-09-27 18:23:13,43.1942901611328,-9.041579246521,"Unknown"
"7014852",371861,2025-09-27 18:28:13,43.1942710876465,-9.04155540466309,"Unknown"
"7014852",371861,2025-09-27 18:33:12,43.1942672729492,-9.04160308837891,"Unknown"
"7014852",371861,2025-09-27 18:38:12,43.1943473815918,-9.04162693023682,"Unknown"
"7014852",371861,2025-09-27 18:43:12,43.199291229248,-9.09214496612549,"Unknown"
"7014852",371861,2025-09-27 18:48:14,43.1989860534668,-9.11752319335938,"Unknown"
"7014852",371861,2025-09-27 18:53:13,43.1989555358887,-9.11754322052002,"Unknown"
"7014852",371861,2025-09-27 18:58:15,43.1989593505859,-9.11758136749268,"Unknown"
"7014852",371861,2025-09-27 19:02:15,43.1989555358887,-9.11762619018555,"Unknown"
"7014852",371861,2025-09-28 00:02:53,43.1629447937012,-9.21311378479004,"Unknown"
"7014852",371861,2025-09-28 05:02:36,43.1629104614258,-9.21309089660645,"Unknown"
"7014852",371861,2025-09-28 06:34:57,43.1975059509277,-9.1294641494751,"Unknown"
"7014852",371861,2025-09-28 06:39:51,43.1850814819336,-9.10537242889404,"Unknown"
"7014852",371861,2025-09-28 06:44:52,43.185245513916,-9.10563182830811,"Unknown"
"7014852",371861,2025-09-28 06:49:57,43.1853294372559,-9.10536098480225,"Unknown"
"7014852",371861,2025-09-28 06:54:51,43.1871032714844,-9.1029806137085,"Unknown"
"7014852",371861,2025-09-28 07:00:29,43.1837768554688,-9.09164714813232,"Unknown"
"7014852",371861,2025-09-28 07:04:50,43.1849060058594,-9.09151935577393,"Unknown"
"7014852",371861,2025-09-28 07:09:54,43.185131072998,-9.09168529510498,"Unknown"
"7014852",371861,2025-09-28 07:14:59,43.1844139099121,-9.09141445159912,"Unknown"
"7014852",371861,2025-09-28 07:19:51,43.1841850280762,-9.09287738800049,"Unknown"
"7014852",371861,2025-09-28 07:25:00,43.1834716796875,-9.09259033203125,"Unknown"
"7014852",371861,2025-09-28 07:29:54,43.1836242675781,-9.09304141998291,"Unknown"
"7014852",371861,2025-09-28 07:34:52,43.1836395263672,-9.09234428405762,"Unknown"
"7014852",371861,2025-09-28 07:40:00,43.1836318969727,-9.09270668029785,"Unknown"
"7014852",371861,2025-09-28 07:46:15,43.1840286254883,-9.0925760269165,"Unknown"
"7014852",371861,2025-09-28 07:50:14,43.1839218139648,-9.09298419952393,"Unknown"
"7014852",371861,2025-09-28 07:54:55,43.1838607788086,-9.0929708480835,"Unknown"
"7014852",371861,2025-09-28 07:59:53,43.1840057373047,-9.09390068054199,"Unknown"
"7014852",371861,2025-09-28 08:04:59,43.1839408874512,-9.09278202056885,"Unknown"
"7014852",371861,2025-09-28 08:09:57,43.1837959289551,-9.09284019470215,"Unknown"
"7014852",371861,2025-09-28 08:15:00,43.1839256286621,-9.09289360046387,"Unknown"
"7014852",371861,2025-09-28 08:20:00,43.1839141845703,-9.09280586242676,"Unknown"
"7014852",371861,2025-09-28 08:24:59,43.1839027404785,-9.09268093109131,"Unknown"
"7014852",371861,2025-09-28 08:29:54,43.1844940185547,-9.09371280670166,"Unknown"
"7014852",371861,2025-09-28 08:35:01,43.1858711242676,-9.09362030029297,"Unknown"
"7014852",371861,2025-09-28 08:39:57,43.1861724853516,-9.09335041046143,"Unknown"
"7014852",371861,2025-09-28 08:45:00,43.1858596801758,-9.09366989135742,"Unknown"
"7014852",371861,2025-09-28 08:50:23,43.183967590332,-9.09300422668457,"Unknown"
"7014852",371861,2025-09-28 08:54:51,43.1839828491211,-9.09287929534912,"Unknown"
"7014852",371861,2025-09-28 08:59:51,43.1840133666992,-9.09306907653809,"Unknown"
"7014852",371861,2025-09-28 09:04:50,43.1832237243652,-9.09284019470215,"Unknown"
"7014852",371861,2025-09-28 09:09:50,43.1833572387695,-9.09270191192627,"Unknown"
"7014852",371861,2025-09-28 09:14:50,43.1840782165527,-9.09282684326172,"Unknown"
"7014852",371861,2025-09-28 09:19:50,43.1847190856934,-9.09190082550049,"Unknown"
"7014852",371861,2025-09-28 09:24:50,43.1860580444336,-9.09438610076904,"Unknown"
"7014852",371861,2025-09-28 09:29:50,43.1852874755859,-9.09349918365479,"Unknown"
"7014852",371861,2025-09-28 09:34:51,43.1836814880371,-9.0929536819458,"Unknown"
"7014852",371861,2025-09-28 09:39:50,43.18359375,-9.0928897857666,"Unknown"
"7014852",371861,2025-09-28 09:44:51,43.1828842163086,-9.09245300292969,"Unknown"
"7014852",371861,2025-09-28 09:49:51,43.1847953796387,-9.09221363067627,"Unknown"
"7014852",371861,2025-09-28 09:54:52,43.1837158203125,-9.09139060974121,"Unknown"
"7014852",371861,2025-09-28 09:59:51,43.1849899291992,-9.09198474884033,"Unknown"
"7014852",371861,2025-09-28 10:04:51,43.1849555969238,-9.09194278717041,"Unknown"
"7014852",371861,2025-09-28 10:09:52,43.184944152832,-9.0919075012207,"Unknown"
"7014852",371861,2025-09-28 10:14:50,43.1849365234375,-9.09193134307861,"Unknown"
"7014852",371861,2025-09-28 10:19:53,43.1849746704102,-9.09192562103271,"Unknown"
"7014852",371861,2025-09-28 10:24:51,43.1850166320801,-9.09203720092773,"Unknown"
"7014852",371861,2025-09-28 10:29:51,43.1849555969238,-9.09194564819336,"Unknown"
"7014852",371861,2025-09-28 10:35:00,43.1830787658691,-9.0926342010498,"Unknown"
"7014852",371861,2025-09-28 10:39:50,43.1857376098633,-9.09271812438965,"Unknown"
"7014852",371861,2025-09-28 10:44:52,43.1858787536621,-9.09249305725098,"Unknown"
"7014852",371861,2025-09-28 10:49:50,43.1847877502441,-9.09235191345215,"Unknown"
"7014852",371861,2025-09-28 10:54:51,43.1847915649414,-9.09223937988281,"Unknown"
"7014852",371861,2025-09-28 11:00:00,43.1848640441895,-9.0916223526001,"Unknown"
"7014852",371861,2025-09-28 11:04:59,43.18310546875,-9.09249019622803,"Unknown"
"7014852",371861,2025-09-28 11:09:58,43.1831092834473,-9.09280586242676,"Unknown"
"7014852",371861,2025-09-28 11:14:53,43.1830520629883,-9.09280490875244,"Unknown"
"7014852",371861,2025-09-28 11:19:54,43.1832504272461,-9.09244251251221,"Unknown"
"7014852",371861,2025-09-28 11:25:00,43.1851692199707,-9.09184169769287,"Unknown"
"7014852",371861,2025-09-28 11:30:00,43.1844749450684,-9.09154224395752,"Unknown"
"7014852",371861,2025-09-28 11:35:00,43.1809043884277,-9.09115314483643,"Unknown"
"7014852",371861,2025-09-28 11:40:03,43.1811828613281,-9.09153747558594,"Unknown"
"7014852",371861,2025-09-28 11:45:14,43.1809196472168,-9.09122943878174,"Unknown"
"7014852",371861,2025-09-28 11:49:51,43.1809921264648,-9.09118747711182,"Unknown"
"7014852",371861,2025-09-28 11:54:53,43.1808891296387,-9.09094429016113,"Unknown"
"7014852",371861,2025-09-28 11:59:52,43.1810073852539,-9.09140014648438,"Unknown"
"7014852",371861,2025-09-28 12:04:53,43.180965423584,-9.09126281738281,"Unknown"
"7014852",371861,2025-09-28 12:09:52,43.1809539794922,-9.09137916564941,"Unknown"
"7014852",371861,2025-09-28 12:14:52,43.1809539794922,-9.09142208099365,"Unknown"
"7014852",371861,2025-09-28 12:19:52,43.180980682373,-9.09139728546143,"Unknown"
"7014852",371861,2025-09-28 12:24:53,43.1810340881348,-9.09167289733887,"Unknown"
"7014852",371861,2025-09-28 12:29:53,43.1809692382812,-9.09136009216309,"Unknown"
"7014852",371861,2025-09-28 12:35:15,43.1809616088867,-9.09133338928223,"Unknown"
"7014852",371861,2025-09-28 12:39:54,43.180980682373,-9.09137439727783,"Unknown"
"7014852",371861,2025-09-28 12:44:55,43.1809844970703,-9.09124851226807,"Unknown"
"7014852",371861,2025-09-28 12:49:54,43.1808471679688,-9.09090900421143,"Unknown"
"7014852",371861,2025-09-28 12:54:54,43.1809692382812,-9.0910758972168,"Unknown"
"7014852",371861,2025-09-28 12:59:57,43.1810646057129,-9.09120845794678,"Unknown"
"7014852",371861,2025-09-28 13:05:15,43.1810188293457,-9.09117126464844,"Unknown"
"7014852",371861,2025-09-28 13:09:55,43.180980682373,-9.09120082855225,"Unknown"
"7014852",371861,2025-09-28 13:14:55,43.1810607910156,-9.09126091003418,"Unknown"
"7014852",371861,2025-09-28 13:19:57,43.1810684204102,-9.09124755859375,"Unknown"
"7014852",371861,2025-09-28 13:24:58,43.1809883117676,-9.09138774871826,"Unknown"
"7014852",371861,2025-09-28 13:30:00,43.1809844970703,-9.09133911132812,"Unknown"
"7014852",371861,2025-09-28 13:35:00,43.181022644043,-9.09136486053467,"Unknown"
"7014852",371861,2025-09-28 13:40:03,43.1846466064453,-9.09170150756836,"Unknown"
"7014852",371861,2025-09-28 13:45:10,43.1844215393066,-9.09271049499512,"Unknown"
"7014852",371861,2025-09-28 13:50:19,43.1847038269043,-9.09150218963623,"Unknown"
"7014852",371861,2025-09-28 13:54:51,43.1836776733398,-9.0927677154541,"Unknown"
"7014852",371861,2025-09-28 13:59:50,43.1847190856934,-9.09122657775879,"Unknown"
"7014852",371861,2025-09-28 14:04:55,43.1839485168457,-9.09199810028076,"Unknown"
"7014852",371861,2025-09-28 14:09:51,43.1846008300781,-9.0914192199707,"Unknown"
"7014852",371861,2025-09-28 14:14:53,43.1848831176758,-9.09182643890381,"Unknown"
"7014852",371861,2025-09-28 14:19:50,43.184871673584,-9.09192276000977,"Unknown"
"7014852",371861,2025-09-28 14:24:54,43.1844673156738,-9.09248447418213,"Unknown"
"7014852",371861,2025-09-28 14:29:52,43.1848678588867,-9.09250068664551,"Unknown"
"7014852",371861,2025-09-28 14:34:57,43.1839752197266,-9.09202861785889,"Unknown"
"7014852",371861,2025-09-28 14:40:13,43.1849899291992,-9.09196186065674,"Unknown"
"7014852",371861,2025-09-28 14:44:50,43.1811943054199,-9.09066581726074,"Unknown"
"7014852",371861,2025-09-28 14:49:50,43.1811256408691,-9.09107971191406,"Unknown"
"7014852",371861,2025-09-28 14:54:50,43.1811790466309,-9.09088516235352,"Unknown"
"7014852",371861,2025-09-28 14:59:51,43.1807556152344,-9.09086036682129,"Unknown"
"7014852",371861,2025-09-28 15:04:51,43.1806449890137,-9.09103679656982,"Unknown"
"7014852",371861,2025-09-28 15:09:53,43.1806526184082,-9.09119319915771,"Unknown"
"7014852",371861,2025-09-28 15:14:52,43.1807861328125,-9.09099197387695,"Unknown"
"7014852",371861,2025-09-28 15:19:51,43.1809959411621,-9.09073925018311,"Unknown"
"7014852",371861,2025-09-28 15:24:51,43.1808204650879,-9.09171962738037,"Unknown"
"7014852",371861,2025-09-28 15:29:52,43.1807632446289,-9.09094619750977,"Unknown"
"7014852",371861,2025-09-28 15:34:55,43.185604095459,-9.09264755249023,"Unknown"
"7014852",371861,2025-09-28 15:39:54,43.1859703063965,-9.09143829345703,"Unknown"
"7014852",371861,2025-09-28 15:44:57,43.1856536865234,-9.092604637146,"Unknown"
"7014852",371861,2025-09-28 15:49:53,43.1857032775879,-9.0924654006958,"Unknown"
"7014852",371861,2025-09-28 15:54:52,43.185733795166,-9.09251308441162,"Unknown"
"7014852",371861,2025-09-28 15:59:54,43.1857223510742,-9.09250736236572,"Unknown"
"7014852",371861,2025-09-28 16:04:52,43.1855964660645,-9.09263896942139,"Unknown"
"7014852",371861,2025-09-28 16:09:52,43.1859016418457,-9.09252452850342,"Unknown"
"7014852",371861,2025-09-28 16:14:50,43.185791015625,-9.09259128570557,"Unknown"
"7014852",371861,2025-09-28 16:19:50,43.1857299804688,-9.09249973297119,"Unknown"
"7014852",371861,2025-09-28 16:25:12,43.185604095459,-9.09265041351318,"Unknown"
"7014852",371861,2025-09-28 16:29:50,43.1880149841309,-9.09700107574463,"Unknown"
"7014852",371861,2025-09-28 16:34:50,43.1943702697754,-9.1214599609375,"Unknown"
"7014852",371861,2025-09-28 16:39:53,43.1813583374023,-9.17763996124268,"Unknown"
"7014852",371861,2025-09-28 16:44:57,43.1607398986816,-9.21107006072998,"Unknown"
"7014852",371861,2025-09-28 16:50:15,43.160774230957,-9.21109199523926,"Unknown"
"7014852",371861,2025-09-28 16:54:53,43.1607856750488,-9.21074199676514,"Unknown"
"7014852",371861,2025-09-28 17:00:20,43.1607704162598,-9.21106433868408,"Unknown"
"7014852",371861,2025-09-28 17:06:14,43.1607704162598,-9.21113395690918,"Unknown"
"7014852",371861,2025-09-28 17:09:55,43.1607894897461,-9.21105861663818,"Unknown"
"7014852",371861,2025-09-28 17:15:39,43.160816192627,-9.21115398406982,"Unknown"
"7014852",371861,2025-09-28 17:19:57,43.1608619689941,-9.21106147766113,"Unknown"
"7014852",371861,2025-09-28 17:25:07,43.1607780456543,-9.21108531951904,"Unknown"
"7014852",371861,2025-09-28 17:30:55,43.1608543395996,-9.21098804473877,"Unknown"
"7014852",371861,2025-09-28 17:34:55,43.160758972168,-9.21109676361084,"Unknown"
"7014852",371861,2025-09-28 17:40:14,43.1608390808105,-9.2109956741333,"Unknown"
"7014852",371861,2025-09-28 17:45:07,43.1608810424805,-9.21097087860107,"Unknown"
"7014852",371861,2025-09-28 17:50:23,43.1608505249023,-9.211012840271,"Unknown"
"7014852",371861,2025-09-28 17:54:51,43.160774230957,-9.21097850799561,"Unknown"
"7014852",371861,2025-09-28 17:59:54,43.1620063781738,-9.21120929718018,"Unknown"
"7014852",371861,2025-09-28 18:04:54,43.1607704162598,-9.21147537231445,"Unknown"
"7014852",371861,2025-09-28 18:09:52,43.160701751709,-9.21104907989502,"Unknown"
"7014852",371861,2025-09-28 18:15:03,43.1607131958008,-9.21109580993652,"Unknown"
"7014852",371861,2025-09-28 18:19:54,43.1611099243164,-9.21147632598877,"Unknown"
"7014852",371861,2025-09-28 18:25:03,43.1608505249023,-9.2111759185791,"Unknown"
"7014852",371861,2025-09-28 18:30:00,43.1607398986816,-9.21108245849609,"Unknown"
"7014852",371861,2025-09-28 18:35:00,43.160701751709,-9.2110424041748,"Unknown"
"7014852",371861,2025-09-28 18:39:52,43.1629371643066,-9.21298122406006,"Unknown"
"7014852",371861,2025-09-28 18:44:51,43.1609764099121,-9.21196174621582,"Unknown"
"7014852",371861,2025-09-28 18:50:23,43.1628913879395,-9.21301651000977,"Unknown"
"7014852",371861,2025-09-28 18:54:53,43.1629867553711,-9.21283340454102,"Unknown"
"7014852",371861,2025-09-28 19:00:52,43.1630363464355,-9.21295642852783,"Unknown"
"7014852",371861,2025-09-29 00:01:23,43.1629333496094,-9.2130184173584,"Unknown"
"7014852",371861,2025-09-29 05:01:23,43.1635780334473,-9.21290969848633,"Unknown"
"7014852",371861,2025-09-29 06:36:35,43.1854095458984,-9.10549354553223,"Unknown"
"7014852",371861,2025-09-29 06:41:16,43.1898460388184,-9.09369468688965,"Unknown"
"7014852",371861,2025-09-29 06:46:15,43.1847267150879,-9.09333896636963,"Unknown"
"7014852",371861,2025-09-29 06:51:35,43.1849479675293,-9.09195423126221,"Unknown"
"7014852",371861,2025-09-29 06:56:28,43.1850166320801,-9.09193897247314,"Unknown"
"7014852",371861,2025-09-29 07:01:16,43.1839218139648,-9.09309768676758,"Unknown"
"7014852",371861,2025-09-29 07:06:15,43.1840858459473,-9.09296894073486,"Unknown"
"7014852",371861,2025-09-29 07:11:15,43.1839561462402,-9.09296321868896,"Unknown"
"7014852",371861,2025-09-29 07:16:15,43.1839179992676,-9.09316253662109,"Unknown"
"7014852",371861,2025-09-29 07:21:15,43.1837730407715,-9.09315586090088,"Unknown"
"7014852",371861,2025-09-29 07:26:16,43.18359375,-9.09304809570312,"Unknown"
"7014852",371861,2025-09-29 07:31:18,43.1838684082031,-9.09291648864746,"Unknown"
"7014852",371861,2025-09-29 07:36:16,43.1838340759277,-9.09299945831299,"Unknown"
"7014852",371861,2025-09-29 07:41:17,43.1840591430664,-9.0931510925293,"Unknown"
"7014852",371861,2025-09-29 07:46:16,43.1839370727539,-9.09301090240479,"Unknown"
"7014852",371861,2025-09-29 07:51:22,43.1835746765137,-9.0929594039917,"Unknown"
"7014852",371861,2025-09-29 07:56:18,43.1838455200195,-9.09317207336426,"Unknown"
"7014852",371861,2025-09-29 08:01:18,43.183406829834,-9.09287738800049,"Unknown"
"7014852",371861,2025-09-29 08:06:17,43.1837158203125,-9.09297275543213,"Unknown"
"7014852",371861,2025-09-29 08:11:21,43.1833000183105,-9.09345436096191,"Unknown"
"7014852",371861,2025-09-29 08:16:21,43.1833915710449,-9.09307670593262,"Unknown"
"7014852",371861,2025-09-29 08:21:22,43.1833915710449,-9.0930347442627,"Unknown"
"7014852",371861,2025-09-29 08:26:26,43.1838035583496,-9.09330081939697,"Unknown"
"7014852",371861,2025-09-29 08:31:26,43.1829833984375,-9.09258651733398,"Unknown"
"7014852",371861,2025-09-29 08:36:30,43.1835975646973,-9.09295558929443,"Unknown"
"7014852",371861,2025-09-29 08:41:34,43.1835136413574,-9.09293270111084,"Unknown"
"7014852",371861,2025-09-29 08:46:15,43.184398651123,-9.0924243927002,"Unknown"
"7014852",371861,2025-09-29 08:51:15,43.1837539672852,-9.09327793121338,"Unknown"
"7014852",371861,2025-09-29 08:56:15,43.1859817504883,-9.09096336364746,"Unknown"
"7014852",371861,2025-09-29 09:01:16,43.1852340698242,-9.09076309204102,"Unknown"
"7014852",371861,2025-09-29 09:06:16,43.1881713867188,-9.09037208557129,"Unknown"
"7014852",371861,2025-09-29 09:11:16,43.1896133422852,-9.09047317504883,"Unknown"
"7014852",371861,2025-09-29 09:16:17,43.1897888183594,-9.0906343460083,"Unknown"
"7014852",371861,2025-09-29 09:21:18,43.1897659301758,-9.09059429168701,"Unknown"
"7014852",371861,2025-09-29 09:26:18,43.1897392272949,-9.0905818939209,"Unknown"
"7014852",371861,2025-09-29 09:31:19,43.1895866394043,-9.09045124053955,"Unknown"
"7014852",371861,2025-09-29 09:36:17,43.1897888183594,-9.09064102172852,"Unknown"
"7014852",371861,2025-09-29 09:41:25,43.1896095275879,-9.0904426574707,"Unknown"
"7014852",371861,2025-09-29 09:46:23,43.1896209716797,-9.09037113189697,"Unknown"
"7014852",371861,2025-09-29 09:51:23,43.1896476745605,-9.09037113189697,"Unknown"
"7014852",371861,2025-09-29 09:56:24,43.1895790100098,-9.09049701690674,"Unknown"
"7014852",371861,2025-09-29 10:01:24,43.1896438598633,-9.09042263031006,"Unknown"
"7014852",371861,2025-09-29 10:06:22,43.1896438598633,-9.09043121337891,"Unknown"
"7014852",371861,2025-09-29 10:11:18,43.1897735595703,-9.09089088439941,"Unknown"
"7014852",371861,2025-09-29 10:16:24,43.187442779541,-9.09971046447754,"Unknown"
"7014852",371861,2025-09-29 10:21:18,43.1889114379883,-9.09280395507812,"Unknown"
"7014852",371861,2025-09-29 10:26:21,43.1895790100098,-9.09018039703369,"Unknown"
"7014852",371861,2025-09-29 10:31:24,43.1895561218262,-9.09027481079102,"Unknown"
"7014852",371861,2025-09-29 10:36:35,43.189567565918,-9.09017181396484,"Unknown"
"7014852",371861,2025-09-29 10:41:16,43.1895217895508,-9.09020042419434,"Unknown"
"7014852",371861,2025-09-29 10:46:16,43.1895561218262,-9.09011554718018,"Unknown"
"7014852",371861,2025-09-29 10:51:16,43.1896286010742,-9.09031867980957,"Unknown"
"7014852",371861,2025-09-29 10:56:15,43.189582824707,-9.09032440185547,"Unknown"
"7014852",371861,2025-09-29 11:01:16,43.1894950866699,-9.09020233154297,"Unknown"
"7014852",371861,2025-09-29 11:06:17,43.1895408630371,-9.09016036987305,"Unknown"
"7014852",371861,2025-09-29 11:11:16,43.1896934509277,-9.09041690826416,"Unknown"
"7014852",371861,2025-09-29 11:16:17,43.1893615722656,-9.09002876281738,"Unknown"
"7014852",371861,2025-09-29 11:21:22,43.1895637512207,-9.09022235870361,"Unknown"
"7014852",371861,2025-09-29 11:26:17,43.1895523071289,-9.09001159667969,"Unknown"
"7014852",371861,2025-09-29 11:31:21,43.1895141601562,-9.09019184112549,"Unknown"
"7014852",371861,2025-09-29 11:36:21,43.1894989013672,-9.09025764465332,"Unknown"
"7014852",371861,2025-09-29 11:41:21,43.1895866394043,-9.09023666381836,"Unknown"
"7014852",371861,2025-09-29 11:46:19,43.1895523071289,-9.09016799926758,"Unknown"
"7014852",371861,2025-09-29 11:51:21,43.1895790100098,-9.08990287780762,"Unknown"
"7014852",371861,2025-09-29 11:56:19,43.189582824707,-9.08983135223389,"Unknown"
"7014852",371861,2025-09-29 12:01:19,43.1895217895508,-9.08985805511475,"Unknown"
"7014852",371861,2025-09-29 12:06:19,43.1894798278809,-9.08986949920654,"Unknown"
"7014852",371861,2025-09-29 12:11:19,43.1895523071289,-9.08992481231689,"Unknown"
"7014852",371861,2025-09-29 12:16:18,43.1894874572754,-9.08977127075195,"Unknown"
"7014852",371861,2025-09-29 12:21:22,43.1856498718262,-9.09267520904541,"Unknown"
"7014852",371861,2025-09-29 12:26:19,43.1895599365234,-9.09018230438232,"Unknown"
"7014852",371861,2025-09-29 12:31:24,43.1895980834961,-9.08997440338135,"Unknown"
"7014852",371861,2025-09-29 12:36:24,43.189624786377,-9.09026145935059,"Unknown"
"7014852",371861,2025-09-29 12:41:25,43.1895484924316,-9.09008312225342,"Unknown"
"7014852",371861,2025-09-29 12:46:23,43.1895599365234,-9.09004974365234,"Unknown"
"7014852",371861,2025-09-29 12:51:29,43.189567565918,-9.09010219573975,"Unknown"
"7014852",371861,2025-09-29 12:56:27,43.1895713806152,-9.09008121490479,"Unknown"
"7014852",371861,2025-09-29 13:01:28,43.1895713806152,-9.09007263183594,"Unknown"
"7014852",371861,2025-09-29 13:06:29,43.1895790100098,-9.09000015258789,"Unknown"
"7014852",371861,2025-09-29 13:11:27,43.1895751953125,-9.09004592895508,"Unknown"
"7014852",371861,2025-09-29 13:16:26,43.1895599365234,-9.09001159667969,"Unknown"
"7014852",371861,2025-09-29 13:21:35,43.1895790100098,-9.09012889862061,"Unknown"
"7014852",371861,2025-09-29 13:26:21,43.1895866394043,-9.09012794494629,"Unknown"
"7014852",371861,2025-09-29 13:31:16,43.1896667480469,-9.09004592895508,"Unknown"
"7014852",371861,2025-09-29 13:36:16,43.1896286010742,-9.09011173248291,"Unknown"
"7014852",371861,2025-09-29 13:41:16,43.1898231506348,-9.08994007110596,"Unknown"
"7014852",371861,2025-09-29 13:46:24,43.1897277832031,-9.09000968933105,"Unknown"
"7014852",371861,2025-09-29 13:51:15,43.1896591186523,-9.09003734588623,"Unknown"
"7014852",371861,2025-09-29 13:56:15,43.1894683837891,-9.09011268615723,"Unknown"
"7014852",371861,2025-09-29 14:01:35,43.1861572265625,-9.09134864807129,"Unknown"
"7014852",371861,2025-09-29 14:06:15,43.1877021789551,-9.09893894195557,"Unknown"
"7014852",371861,2025-09-29 14:11:16,43.1874542236328,-9.09985733032227,"Unknown"
"7014852",371861,2025-09-29 14:16:16,43.1874198913574,-9.09999847412109,"Unknown"
"7014852",371861,2025-09-29 14:21:16,43.1875038146973,-9.10001087188721,"Unknown"
"7014852",371861,2025-09-29 14:26:16,43.1885032653809,-9.10067176818848,"Unknown"
"7014852",371861,2025-09-29 14:31:16,43.1884460449219,-9.10074901580811,"Unknown"
"7014852",371861,2025-09-29 14:36:18,43.1884994506836,-9.10049724578857,"Unknown"
"7014852",371861,2025-09-29 14:41:17,43.1885185241699,-9.10059261322021,"Unknown"
"7014852",371861,2025-09-29 14:46:23,43.1884460449219,-9.10050964355469,"Unknown"
"7014852",371861,2025-09-29 14:51:18,43.1885643005371,-9.10050010681152,"Unknown"
"7014852",371861,2025-09-29 14:56:15,43.1885299682617,-9.10053825378418,"Unknown"
"7014852",371861,2025-09-29 15:01:19,43.1885108947754,-9.10034275054932,"Unknown"
"7014852",371861,2025-09-29 15:06:24,43.1885375976562,-9.10037899017334,"Unknown"
"7014852",371861,2025-09-29 15:11:25,43.188720703125,-9.10030269622803,"Unknown"
"7014852",371861,2025-09-29 15:16:22,43.1887245178223,-9.10025024414062,"Unknown"
"7014852",371861,2025-09-29 15:21:31,43.1887664794922,-9.10020160675049,"Unknown"
"7014852",371861,2025-09-29 15:26:29,43.1887092590332,-9.10014915466309,"Unknown"
"7014852",371861,2025-09-29 15:31:19,43.1886444091797,-9.10019302368164,"Unknown"
"7014852",371861,2025-09-29 15:36:26,43.1878623962402,-9.10077285766602,"Unknown"
"7014852",371861,2025-09-29 15:41:15,43.1884078979492,-9.10048961639404,"Unknown"
"7014852",371861,2025-09-29 15:46:16,43.1887245178223,-9.10006332397461,"Unknown"
"7014852",371861,2025-09-29 15:51:18,43.1846885681152,-9.09167861938477,"Unknown"
"7014852",371861,2025-09-29 15:56:25,43.1847343444824,-9.09196758270264,"Unknown"
"7014852",371861,2025-09-29 16:01:19,43.1880226135254,-9.09026432037354,"Unknown"
"7014852",371861,2025-09-29 16:06:16,43.1847686767578,-9.09173774719238,"Unknown"
"7014852",371861,2025-09-29 16:11:16,43.1845588684082,-9.09167957305908,"Unknown"
"7014852",371861,2025-09-29 16:16:17,43.1848945617676,-9.09195232391357,"Unknown"
"7014852",371861,2025-09-29 16:21:18,43.1845664978027,-9.09162616729736,"Unknown"
"7014852",371861,2025-09-29 16:26:22,43.1845741271973,-9.09176254272461,"Unknown"
"7014852",371861,2025-09-29 16:31:21,43.1846046447754,-9.09159469604492,"Unknown"
"7014852",371861,2025-09-29 16:36:28,43.1846046447754,-9.09170532226562,"Unknown"
"7014852",371861,2025-09-29 16:41:27,43.1846008300781,-9.09169673919678,"Unknown"
"7014852",371861,2025-09-29 16:46:29,43.1845855712891,-9.09170532226562,"Unknown"
"7014852",371861,2025-09-29 16:51:28,43.184684753418,-9.09162521362305,"Unknown"
"7014852",371861,2025-09-29 16:56:26,43.184627532959,-9.09160804748535,"Unknown"
"7014852",371861,2025-09-29 17:01:35,43.1845245361328,-9.09152793884277,"Unknown"
"7014852",371861,2025-09-29 17:06:15,43.1846237182617,-9.09160041809082,"Unknown"
"7014852",371861,2025-09-29 17:11:18,43.1847343444824,-9.09218502044678,"Unknown"
"7014852",371861,2025-09-29 17:16:17,43.1832008361816,-9.09201431274414,"Unknown"
"7014852",371861,2025-09-29 17:21:21,43.1839599609375,-9.0927848815918,"Unknown"
"7014852",371861,2025-09-29 17:26:19,43.1885108947754,-9.09067249298096,"Unknown"
"7014852",371861,2025-09-29 17:31:21,43.1847496032715,-9.09230709075928,"Unknown"
"7014852",371861,2025-09-29 17:36:24,43.1848487854004,-9.09210014343262,"Unknown"
"7014852",371861,2025-09-29 17:41:24,43.1844673156738,-9.09338283538818,"Unknown"
"7014852",371861,2025-09-29 17:46:24,43.1862831115723,-9.09073352813721,"Unknown"
"7014852",371861,2025-09-29 17:51:35,43.1831130981445,-9.09286785125732,"Unknown"
"7014852",371861,2025-09-29 17:56:15,43.1830940246582,-9.09273719787598,"Unknown"
"7014852",371861,2025-09-29 18:01:17,43.1830825805664,-9.09269332885742,"Unknown"
"7014852",371861,2025-09-29 18:06:21,43.1830253601074,-9.09274005889893,"Unknown"
"7014852",371861,2025-09-29 18:11:18,43.1829795837402,-9.09283351898193,"Unknown"
"7014852",371861,2025-09-29 18:16:44,43.1835899353027,-9.09254455566406,"Unknown"
"7014852",371861,2025-09-29 18:21:16,43.1906661987305,-9.11271476745605,"Unknown"
"7014852",371861,2025-09-29 18:26:17,43.186710357666,-9.17162418365479,"Unknown"
"7014852",371861,2025-09-29 18:31:24,43.1626815795898,-9.21325492858887,"Unknown"
"7014852",371861,2025-09-29 18:36:15,43.1627159118652,-9.21325492858887,"Unknown"
"7014852",371861,2025-09-29 18:41:15,43.1626319885254,-9.21326732635498,"Unknown"
"7014852",371861,2025-09-29 18:46:15,43.1626358032227,-9.21321296691895,"Unknown"
"7014852",371861,2025-09-29 18:51:19,43.1625900268555,-9.21356010437012,"Unknown"
"7014852",371861,2025-09-29 18:56:22,43.1627426147461,-9.21352291107178,"Unknown"
"7014852",371861,2025-09-29 18:59:03,43.1626510620117,-9.21351528167725,"Unknown"
"7014852",371861,2025-09-29 23:59:30,43.162712097168,-9.21341323852539,"Unknown"
"7014852",371861,2025-09-30 05:00:14,43.162841796875,-9.21342468261719,"Unknown"
"7014852",371861,2025-09-30 06:37:44,43.1847457885742,-9.091721534729,"Unknown"
"7014852",371861,2025-09-30 06:42:25,43.1846351623535,-9.09168720245361,"Unknown"
"7014852",371861,2025-09-30 06:47:24,43.1838493347168,-9.09284591674805,"Unknown"
"7014852",371861,2025-09-30 06:52:23,43.1847763061523,-9.09144592285156,"Unknown"
"7014852",371861,2025-09-30 06:57:24,43.184741973877,-9.09152221679688,"Unknown"
"7014852",371861,2025-09-30 07:02:24,43.1829528808594,-9.09365177154541,"Unknown"
"7014852",371861,2025-09-30 07:07:32,43.1836433410645,-9.0926570892334,"Unknown"
"7014852",371861,2025-09-30 07:12:23,43.1842498779297,-9.09236335754395,"Unknown"
"7014852",371861,2025-09-30 07:17:25,43.1833572387695,-9.09277439117432,"Unknown"
"7014852",371861,2025-09-30 07:22:37,43.1834106445312,-9.0925760269165,"Unknown"
"7014852",371861,2025-09-30 07:27:23,43.1857070922852,-9.09269237518311,"Unknown"
"7014852",371861,2025-09-30 07:32:24,43.1867256164551,-9.09076118469238,"Unknown"
"7014852",371861,2025-09-30 07:37:23,43.1864471435547,-9.09078598022461,"Unknown"
"7014852",371861,2025-09-30 07:42:23,43.1866302490234,-9.09066200256348,"Unknown"
"7014852",371861,2025-09-30 07:47:23,43.1865615844727,-9.09072494506836,"Unknown"
"7014852",371861,2025-09-30 07:52:24,43.182373046875,-9.09224796295166,"Unknown"
"7014852",371861,2025-09-30 07:57:23,43.1823921203613,-9.0922155380249,"Unknown"
"7014852",371861,2025-09-30 08:02:23,43.1824378967285,-9.09226036071777,"Unknown"
"7014852",371861,2025-09-30 08:07:25,43.1854133605957,-9.09186935424805,"Unknown"
"7014852",371861,2025-09-30 08:12:23,43.1848106384277,-9.09125137329102,"Unknown"
"7014852",371861,2025-09-30 08:17:23,43.1848258972168,-9.09133911132812,"Unknown"
"7014852",371861,2025-09-30 08:22:23,43.1847686767578,-9.09134864807129,"Unknown"
"7014852",371861,2025-09-30 08:27:23,43.1852798461914,-9.09169483184814,"Unknown"
"7014852",371861,2025-09-30 08:32:23,43.1853103637695,-9.09201049804688,"Unknown"
"7014852",371861,2025-09-30 08:37:23,43.1853523254395,-9.0920467376709,"Unknown"
"7014852",371861,2025-09-30 08:42:23,43.1850128173828,-9.09057140350342,"Unknown"
"7014852",371861,2025-09-30 08:47:23,43.1847305297852,-9.09315395355225,"Unknown"
"7014852",371861,2025-09-30 08:52:24,43.1845436096191,-9.09293556213379,"Unknown"
"7014852",371861,2025-09-30 08:57:24,43.1831665039062,-9.09279441833496,"Unknown"
"7014852",371861,2025-09-30 09:02:23,43.184741973877,-9.09312629699707,"Unknown"
"7014852",371861,2025-09-30 09:07:24,43.1858329772949,-9.09251403808594,"Unknown"
"7014852",371861,2025-09-30 09:12:24,43.1849098205566,-9.09248828887939,"Unknown"
"7014852",371861,2025-09-30 09:17:25,43.1848983764648,-9.09250640869141,"Unknown"
"7014852",371861,2025-09-30 09:22:23,43.1849670410156,-9.09259796142578,"Unknown"
"7014852",371861,2025-09-30 09:27:25,43.1848297119141,-9.09215641021729,"Unknown"
"7014852",371861,2025-09-30 09:32:24,43.1849708557129,-9.09234237670898,"Unknown"
"7014852",371861,2025-09-30 09:37:24,43.1849021911621,-9.09240818023682,"Unknown"
"7014852",371861,2025-09-30 09:42:23,43.1851577758789,-9.09238815307617,"Unknown"
"7014852",371861,2025-09-30 09:47:23,43.1840705871582,-9.09308815002441,"Unknown"
"7014852",371861,2025-09-30 09:52:26,43.1839981079102,-9.09316158294678,"Unknown"
"7014852",371861,2025-09-30 09:57:24,43.1839714050293,-9.0931978225708,"Unknown"
"7014852",371861,2025-09-30 10:02:23,43.1840209960938,-9.09308052062988,"Unknown"
"7014852",371861,2025-09-30 10:07:23,43.1840209960938,-9.09309196472168,"Unknown"
"7014852",371861,2025-09-30 10:12:23,43.1838531494141,-9.09328079223633,"Unknown"
"7014852",371861,2025-09-30 10:17:25,43.1839752197266,-9.09305381774902,"Unknown"
"7014852",371861,2025-09-30 10:22:24,43.1840591430664,-9.09324741363525,"Unknown"
"7014852",371861,2025-09-30 10:27:23,43.1839485168457,-9.09312915802002,"Unknown"
"7014852",371861,2025-09-30 10:32:27,43.1841354370117,-9.09305286407471,"Unknown"
"7014852",371861,2025-09-30 10:37:25,43.1840972900391,-9.09300327301025,"Unknown"
"7014852",371861,2025-09-30 10:42:24,43.1840171813965,-9.09281539916992,"Unknown"
"7014852",371861,2025-09-30 10:47:24,43.183967590332,-9.09309673309326,"Unknown"
"7014852",371861,2025-09-30 10:52:28,43.1858520507812,-9.09263134002686,"Unknown"
"7014852",371861,2025-09-30 10:57:28,43.1838302612305,-9.09313583374023,"Unknown"
"7014852",371861,2025-09-30 11:02:39,43.1829605102539,-9.09194755554199,"Unknown"
"7014852",371861,2025-09-30 11:07:28,43.1840438842773,-9.0928955078125,"Unknown"
"7014852",371861,2025-09-30 11:12:23,43.1855850219727,-9.09136486053467,"Unknown"
"7014852",371861,2025-09-30 11:17:23,43.1855812072754,-9.09125232696533,"Unknown"
"7014852",371861,2025-09-30 11:22:29,43.1849746704102,-9.09198665618896,"Unknown"
"7014852",371861,2025-09-30 11:27:28,43.1852722167969,-9.09166145324707,"Unknown"
"7014852",371861,2025-09-30 11:32:24,43.1850967407227,-9.09221172332764,"Unknown"
"7014852",371861,2025-09-30 11:37:24,43.185962677002,-9.09284782409668,"Unknown"
"7014852",371861,2025-09-30 11:42:24,43.185001373291,-9.09151649475098,"Unknown"
"7014852",371861,2025-09-30 11:47:24,43.1849975585938,-9.0912504196167,"Unknown"
"7014852",371861,2025-09-30 11:52:23,43.1841087341309,-9.09064197540283,"Unknown"
"7014852",371861,2025-09-30 11:57:23,43.1863784790039,-9.09157371520996,"Unknown"
"7014852",371861,2025-09-30 12:02:23,43.1864318847656,-9.09142303466797,"Unknown"
"7014852",371861,2025-09-30 12:07:24,43.1863899230957,-9.09148502349854,"Unknown"
"7014852",371861,2025-09-30 12:12:23,43.1870536804199,-9.09121322631836,"Unknown"
"7014852",371861,2025-09-30 12:17:24,43.1848640441895,-9.09198665618896,"Unknown"
"7014852",371861,2025-09-30 12:22:23,43.1836242675781,-9.09292984008789,"Unknown"
"7014852",371861,2025-09-30 12:27:24,43.1847839355469,-9.09216594696045,"Unknown"
"7014852",371861,2025-09-30 12:32:24,43.1856460571289,-9.09091758728027,"Unknown"
"7014852",371861,2025-09-30 12:37:24,43.1885643005371,-9.08883094787598,"Unknown"
"7014852",371861,2025-09-30 12:42:23,43.1886978149414,-9.08886814117432,"Unknown"
"7014852",371861,2025-09-30 12:47:24,43.1886520385742,-9.0888786315918,"Unknown"
"7014852",371861,2025-09-30 12:52:23,43.1847915649414,-9.09159088134766,"Unknown"
"7014852",371861,2025-09-30 12:57:23,43.1848106384277,-9.09156227111816,"Unknown"
"7014852",371861,2025-09-30 13:02:24,43.1847267150879,-9.09164428710938,"Unknown"
"7014852",371861,2025-09-30 13:07:24,43.1847534179688,-9.09164810180664,"Unknown"
"7014852",371861,2025-09-30 13:12:33,43.1846008300781,-9.09168243408203,"Unknown"
"7014852",371861,2025-09-30 13:17:24,43.1843757629395,-9.09166717529297,"Unknown"
"7014852",371861,2025-09-30 13:22:24,43.1881637573242,-9.08909034729004,"Unknown"
"7014852",371861,2025-09-30 13:27:23,43.1882820129395,-9.08920097351074,"Unknown"
"7014852",371861,2025-09-30 13:32:24,43.188304901123,-9.08930492401123,"Unknown"
"7014852",371861,2025-09-30 13:37:23,43.1887130737305,-9.08892726898193,"Unknown"
"7014852",371861,2025-09-30 13:42:24,43.1856880187988,-9.09119033813477,"Unknown"
"7014852",371861,2025-09-30 13:47:24,43.1858558654785,-9.09123992919922,"Unknown"
"7014852",371861,2025-09-30 13:52:23,43.1876640319824,-9.09041690826416,"Unknown"
"7014852",371861,2025-09-30 13:57:24,43.1883850097656,-9.0890645980835,"Unknown"
"7014852",371861,2025-09-30 14:02:23,43.1862602233887,-9.07456684112549,"Unknown"
"7014852",371861,2025-09-30 14:07:24,43.1865921020508,-9.05698680877686,"Unknown"
"7014852",371861,2025-09-30 14:12:26,43.1865310668945,-9.05716419219971,"Unknown"
"7014852",371861,2025-09-30 14:17:28,43.1865158081055,-9.05721855163574,"Unknown"
"7014852",371861,2025-09-30 14:22:24,43.1830940246582,-9.04150485992432,"Unknown"
"7014852",371861,2025-09-30 14:27:31,43.1947288513184,-9.03988265991211,"Unknown"
"7014852",371861,2025-09-30 14:32:23,43.1947593688965,-9.03989028930664,"Unknown"
"7014852",371861,2025-09-30 14:37:23,43.1948661804199,-9.04002285003662,"Unknown"
"7014852",371861,2025-09-30 14:42:24,43.195743560791,-9.03987503051758,"Unknown"
"7014852",371861,2025-09-30 14:47:25,43.195686340332,-9.03988361358643,"Unknown"
"7014852",371861,2025-09-30 14:52:23,43.195629119873,-9.03988170623779,"Unknown"
"7014852",371861,2025-09-30 14:57:23,43.1954154968262,-9.03987693786621,"Unknown"
"7014852",371861,2025-09-30 15:02:23,43.1957321166992,-9.03981304168701,"Unknown"
"7014852",371861,2025-09-30 15:07:23,43.1953811645508,-9.0397891998291,"Unknown"
"7014852",371861,2025-09-30 15:12:24,43.1955680847168,-9.03976535797119,"Unknown"
"7014852",371861,2025-09-30 15:17:23,43.1847381591797,-9.04093551635742,"Unknown"
"7014852",371861,2025-09-30 15:22:24,43.1848831176758,-9.04153633117676,"Unknown"
"7014852",371861,2025-09-30 15:27:23,43.1846733093262,-9.04119968414307,"Unknown"
"7014852",371861,2025-09-30 15:32:24,43.1848640441895,-9.04156494140625,"Unknown"
"7014852",371861,2025-09-30 15:37:25,43.1847190856934,-9.04115962982178,"Unknown"
"7014852",371861,2025-09-30 15:42:24,43.1850242614746,-9.04119300842285,"Unknown"
"7014852",371861,2025-09-30 15:47:23,43.1850471496582,-9.0412130355835,"Unknown"
"7014852",371861,2025-09-30 15:52:23,43.1852264404297,-9.04179763793945,"Unknown"
"7014852",371861,2025-09-30 15:57:23,43.1866722106934,-9.06565570831299,"Unknown"
"7014852",371861,2025-09-30 16:02:23,43.1865272521973,-9.090744972229,"Unknown"
"7014852",371861,2025-09-30 16:07:23,43.1855583190918,-9.09091567993164,"Unknown"
"7014852",371861,2025-09-30 16:12:28,43.1855316162109,-9.09112167358398,"Unknown"
"7014852",371861,2025-09-30 16:17:23,43.1854248046875,-9.09077548980713,"Unknown"
"7014852",371861,2025-09-30 16:22:23,43.1853256225586,-9.08978939056396,"Unknown"
"7014852",371861,2025-09-30 16:27:23,43.1852912902832,-9.08971309661865,"Unknown"
"7014852",371861,2025-09-30 16:32:23,43.1853561401367,-9.08940124511719,"Unknown"
"7014852",371861,2025-09-30 16:37:24,43.1862258911133,-9.09051036834717,"Unknown"
"7014852",371861,2025-09-30 16:42:24,43.1849021911621,-9.09207534790039,"Unknown"
"7014852",371861,2025-09-30 16:47:25,43.1856155395508,-9.09096240997314,"Unknown"
"7014852",371861,2025-09-30 16:52:24,43.1857376098633,-9.08970355987549,"Unknown"
"7014852",371861,2025-09-30 16:57:23,43.184928894043,-9.09082508087158,"Unknown"
"7014852",371861,2025-09-30 17:02:25,43.1847343444824,-9.09082984924316,"Unknown"
"7014852",371861,2025-09-30 17:07:24,43.1847686767578,-9.09098052978516,"Unknown"
"7014852",371861,2025-09-30 17:12:23,43.1849021911621,-9.09117794036865,"Unknown"
"7014852",371861,2025-09-30 17:17:24,43.1838073730469,-9.09259128570557,"Unknown"
"7014852",371861,2025-09-30 17:22:23,43.1865272521973,-9.09140777587891,"Unknown"
"7014852",371861,2025-09-30 17:27:23,43.1923446655273,-9.11505031585693,"Unknown"
"7014852",371861,2025-09-30 17:32:23,43.1885223388672,-9.16759872436523,"Unknown"
"7014852",371861,2025-09-30 17:37:23,43.164176940918,-9.21564292907715,"Unknown"
"7014852",371861,2025-09-30 17:42:23,43.1532402038574,-9.27208137512207,"Unknown"
"7014852",371861,2025-09-30 17:47:23,43.1415939331055,-9.26247787475586,"Unknown"
"7014852",371861,2025-09-30 17:52:23,43.1345443725586,-9.24898052215576,"Unknown"
"7014852",371861,2025-09-30 17:57:23,43.1435585021973,-9.22811031341553,"Unknown"
"7014852",371861,2025-09-30 18:02:23,43.1614151000977,-9.21416759490967,"Unknown"
"7014852",371861,2025-09-30 18:07:36,43.1596603393555,-9.20944309234619,"Unknown"
"7014852",371861,2025-09-30 18:12:49,43.1602897644043,-9.20914840698242,"Unknown"
"7014852",371861,2025-09-30 18:17:24,43.1601791381836,-9.20918560028076,"Unknown"
"7014852",371861,2025-09-30 18:22:29,43.1603889465332,-9.20916557312012,"Unknown"
"7014852",371861,2025-09-30 18:27:23,43.1603469848633,-9.20929527282715,"Unknown"
"7014852",371861,2025-09-30 18:32:24,43.1601943969727,-9.20938396453857,"Unknown"
"7014852",371861,2025-09-30 18:37:23,43.1601371765137,-9.20937061309814,"Unknown"
"7014852",371861,2025-09-30 18:42:23,43.1642456054688,-9.21380996704102,"Unknown"
"7014852",371861,2025-09-30 18:47:43,43.1642417907715,-9.21396923065186,"Unknown"
"7014852",371861,2025-09-30 18:52:23,43.1640892028809,-9.21342468261719,"Unknown"
"7014852",371861,2025-09-30 18:57:17,43.1635475158691,-9.21289825439453,"Unknown"
"7014852",371861,2025-09-30 23:57:35,43.164249420166,-9.21330451965332,"Unknown"
"7014852",371861,2025-10-01 04:57:21,43.1637992858887,-9.21265029907227,"Unknown"
"7014852",371861,2025-10-01 06:38:50,43.1850090026855,-9.09090709686279,"Unknown"
"7014852",371861,2025-10-01 06:43:40,43.1851272583008,-9.09097766876221,"Unknown"
"7014852",371861,2025-10-01 06:49:15,43.185489654541,-9.09026718139648,"Unknown"
"7014852",371861,2025-10-01 06:53:40,43.1849212646484,-9.09096717834473,"Unknown"
"7014852",371861,2025-10-01 06:59:04,43.1848602294922,-9.0909252166748,"Unknown"
"7014852",371861,2025-10-01 07:03:35,43.1847724914551,-9.09099769592285,"Unknown"
"7014852",371861,2025-10-01 07:08:35,43.18310546875,-9.09250640869141,"Unknown"
"7014852",371861,2025-10-01 07:13:34,43.184741973877,-9.09183979034424,"Unknown"
"7014852",371861,2025-10-01 07:18:36,43.1846542358398,-9.09173488616943,"Unknown"
"7014852",371861,2025-10-01 07:23:35,43.1836929321289,-9.09119606018066,"Unknown"
"7014852",371861,2025-10-01 07:28:35,43.1838188171387,-9.09214019775391,"Unknown"
"7014852",371861,2025-10-01 07:33:39,43.1829986572266,-9.09237003326416,"Unknown"
"7014852",371861,2025-10-01 07:38:36,43.1830940246582,-9.09263229370117,"Unknown"
"7014852",371861,2025-10-01 07:43:38,43.1829566955566,-9.0922155380249,"Unknown"
"7014852",371861,2025-10-01 07:48:42,43.1830406188965,-9.09259796142578,"Unknown"
"7014852",371861,2025-10-01 07:53:35,43.1830749511719,-9.09250640869141,"Unknown"
"7014852",371861,2025-10-01 07:58:36,43.1835289001465,-9.09251022338867,"Unknown"
"7014852",371861,2025-10-01 08:03:43,43.183177947998,-9.09287071228027,"Unknown"
"7014852",371861,2025-10-01 08:08:46,43.1853561401367,-9.09179210662842,"Unknown"
"7014852",371861,2025-10-01 08:13:59,43.1834678649902,-9.09278011322021,"Unknown"
"7014852",371861,2025-10-01 08:18:37,43.1831855773926,-9.0929069519043,"Unknown"
"7014852",371861,2025-10-01 08:23:42,43.1831207275391,-9.09256362915039,"Unknown"
"7014852",371861,2025-10-01 08:28:45,43.1832046508789,-9.09222793579102,"Unknown"
"7014852",371861,2025-10-01 08:33:38,43.1831550598145,-9.09284973144531,"Unknown"
"7014852",371861,2025-10-01 08:38:42,43.1828765869141,-9.09257221221924,"Unknown"
"7014852",371861,2025-10-01 08:43:48,43.1839942932129,-9.09237003326416,"Unknown"
"7014852",371861,2025-10-01 08:48:40,43.1844291687012,-9.09251403808594,"Unknown"
"7014852",371861,2025-10-01 08:54:05,43.1840209960938,-9.09234809875488,"Unknown"
"7014852",371861,2025-10-01 08:58:35,43.1831665039062,-9.09218883514404,"Unknown"
"7014852",371861,2025-10-01 09:03:35,43.1857528686523,-9.09268760681152,"Unknown"
"7014852",371861,2025-10-01 09:08:36,43.1836204528809,-9.0929594039917,"Unknown"
"7014852",371861,2025-10-01 09:13:40,43.1840057373047,-9.09340476989746,"Unknown"
"7014852",371861,2025-10-01 09:18:35,43.1857643127441,-9.09285831451416,"Unknown"
"7014852",371861,2025-10-01 09:23:39,43.1828002929688,-9.09243297576904,"Unknown"
"7014852",371861,2025-10-01 09:28:39,43.1850051879883,-9.09190273284912,"Unknown"
"7014852",371861,2025-10-01 09:33:37,43.1851539611816,-9.09180355072021,"Unknown"
"7014852",371861,2025-10-01 09:38:37,43.1874847412109,-9.09945774078369,"Unknown"
"7014852",371861,2025-10-01 09:43:40,43.1874465942383,-9.09959316253662,"Unknown"
"7014852",371861,2025-10-01 09:48:38,43.1875,-9.0997486114502,"Unknown"
"7014852",371861,2025-10-01 09:54:04,43.1875839233398,-9.09953689575195,"Unknown"
"7014852",371861,2025-10-01 09:58:39,43.1876411437988,-9.099440574646,"Unknown"
"7014852",371861,2025-10-01 10:03:36,43.1876640319824,-9.09963512420654,"Unknown"
"7014852",371861,2025-10-01 10:08:39,43.1843147277832,-9.09264659881592,"Unknown"
"7014852",371861,2025-10-01 10:13:36,43.1848258972168,-9.09165287017822,"Unknown"
"7014852",371861,2025-10-01 10:18:37,43.1848945617676,-9.09152793884277,"Unknown"
"7014852",371861,2025-10-01 10:23:41,43.1848373413086,-9.0917272567749,"Unknown"
"7014852",371861,2025-10-01 10:28:34,43.1849594116211,-9.09168529510498,"Unknown"
"7014852",371861,2025-10-01 10:33:37,43.1849670410156,-9.09170341491699,"Unknown"
"7014852",371861,2025-10-01 10:38:36,43.1847267150879,-9.09195995330811,"Unknown"
"7014852",371861,2025-10-01 10:43:35,43.1849594116211,-9.09168529510498,"Unknown"
"7014852",371861,2025-10-01 10:48:40,43.1850051879883,-9.09142303466797,"Unknown"
"7014852",371861,2025-10-01 10:53:41,43.1848983764648,-9.09212684631348,"Unknown"
"7014852",371861,2025-10-01 10:58:35,43.1832962036133,-9.09282493591309,"Unknown"
"7014852",371861,2025-10-01 11:03:37,43.18505859375,-9.09193992614746,"Unknown"
"7014852",371861,2025-10-01 11:08:37,43.1825752258301,-9.09200668334961,"Unknown"
"7014852",371861,2025-10-01 11:13:35,43.1826133728027,-9.09197044372559,"Unknown"
"7014852",371861,2025-10-01 11:18:53,43.1832122802734,-9.09245109558105,"Unknown"
"7014852",371861,2025-10-01 11:23:49,43.1830749511719,-9.09313774108887,"Unknown"
"7014852",371861,2025-10-01 11:28:39,43.1836776733398,-9.0927791595459,"Unknown"
"7014852",371861,2025-10-01 11:33:39,43.1851654052734,-9.0919303894043,"Unknown"
"7014852",371861,2025-10-01 11:38:47,43.1848297119141,-9.09189701080322,"Unknown"
"7014852",371861,2025-10-01 11:43:37,43.1850547790527,-9.09214878082275,"Unknown"
"7014852",371861,2025-10-01 11:48:35,43.1848220825195,-9.09223079681396,"Unknown"
"7014852",371861,2025-10-01 11:53:39,43.185417175293,-9.09252834320068,"Unknown"
"7014852",371861,2025-10-01 11:58:46,43.1850929260254,-9.09221267700195,"Unknown"
"7014852",371861,2025-10-01 12:03:47,43.1853485107422,-9.09242820739746,"Unknown"
"7014852",371861,2025-10-01 12:08:39,43.1878890991211,-9.10045909881592,"Unknown"
"7014852",371861,2025-10-01 12:13:39,43.1873397827148,-9.10015964508057,"Unknown"
"7014852",371861,2025-10-01 12:18:39,43.1874656677246,-9.10031414031982,"Unknown"
"7014852",371861,2025-10-01 12:23:37,43.187671661377,-9.10003471374512,"Unknown"
"7014852",371861,2025-10-01 12:28:52,43.1880874633789,-9.10068511962891,"Unknown"
"7014852",371861,2025-10-01 12:33:45,43.188060760498,-9.10049057006836,"Unknown"
"7014852",371861,2025-10-01 12:38:39,43.188060760498,-9.10084915161133,"Unknown"
"7014852",371861,2025-10-01 12:43:36,43.1878776550293,-9.10032367706299,"Unknown"
"7014852",371861,2025-10-01 12:48:39,43.1878280639648,-9.10056304931641,"Unknown"
"7014852",371861,2025-10-01 12:53:39,43.1875038146973,-9.09960651397705,"Unknown"
"7014852",371861,2025-10-01 12:58:37,43.1877937316895,-9.10042953491211,"Unknown"
"7014852",371861,2025-10-01 13:03:38,43.1900863647461,-9.10156345367432,"Unknown"
"7014852",371861,2025-10-01 13:08:39,43.1900787353516,-9.10130500793457,"Unknown"
"7014852",371861,2025-10-01 13:13:47,43.190055847168,-9.10136032104492,"Unknown"
"7014852",371861,2025-10-01 13:18:37,43.1898536682129,-9.10205268859863,"Unknown"
"7014852",371861,2025-10-01 13:23:36,43.190055847168,-9.10138034820557,"Unknown"
"7014852",371861,2025-10-01 13:28:35,43.1900672912598,-9.10130596160889,"Unknown"
"7014852",371861,2025-10-01 13:33:35,43.1849708557129,-9.09152507781982,"Unknown"
"7014852",371861,2025-10-01 13:38:38,43.1848487854004,-9.09183692932129,"Unknown"
"7014852",371861,2025-10-01 13:43:43,43.1838531494141,-9.09303569793701,"Unknown"
"7014852",371861,2025-10-01 13:48:37,43.1837425231934,-9.09270000457764,"Unknown"
"7014852",371861,2025-10-01 13:53:37,43.1838912963867,-9.0930061340332,"Unknown"
"7014852",371861,2025-10-01 13:58:36,43.1839599609375,-9.09300708770752,"Unknown"
"7014852",371861,2025-10-01 14:03:37,43.1838836669922,-9.09298610687256,"Unknown"
"7014852",371861,2025-10-01 14:08:36,43.1839027404785,-9.09291934967041,"Unknown"
"7014852",371861,2025-10-01 14:13:35,43.1838684082031,-9.09290599822998,"Unknown"
"7014852",371861,2025-10-01 14:18:35,43.1838226318359,-9.09298229217529,"Unknown"
"7014852",371861,2025-10-01 14:23:35,43.1841087341309,-9.09340190887451,"Unknown"
"7014852",371861,2025-10-01 14:28:36,43.1842193603516,-9.09352874755859,"Unknown"
"7014852",371861,2025-10-01 14:33:35,43.1839981079102,-9.09299945831299,"Unknown"
"7014852",371861,2025-10-01 14:38:37,43.1839752197266,-9.09279441833496,"Unknown"
"7014852",371861,2025-10-01 14:43:38,43.1844100952148,-9.09306144714355,"Unknown"
"7014852",371861,2025-10-01 14:48:42,43.1841697692871,-9.09274196624756,"Unknown"
"7014852",371861,2025-10-01 14:53:38,43.1843528747559,-9.09273338317871,"Unknown"
"7014852",371861,2025-10-01 14:58:39,43.1832847595215,-9.09339618682861,"Unknown"
"7014852",371861,2025-10-01 15:03:36,43.1834182739258,-9.09331798553467,"Unknown"
"7014852",371861,2025-10-01 15:08:42,43.1845321655273,-9.09377002716064,"Unknown"
"7014852",371861,2025-10-01 15:13:36,43.1834411621094,-9.09324073791504,"Unknown"
"7014852",371861,2025-10-01 15:18:36,43.1839370727539,-9.09063148498535,"Unknown"
"7014852",371861,2025-10-01 15:23:36,43.1833648681641,-9.09114646911621,"Unknown"
"7014852",371861,2025-10-01 15:28:38,43.1951599121094,-9.12482643127441,"Unknown"
"7014852",371861,2025-10-01 15:33:36,43.1911315917969,-9.16794013977051,"Unknown"
"7014852",371861,2025-10-01 15:38:36,43.1693077087402,-9.2063627243042,"Unknown"
"7014852",371861,2025-10-01 15:43:54,43.1626091003418,-9.21245574951172,"Unknown"
"7014852",371861,2025-10-01 15:48:48,43.1626892089844,-9.21237087249756,"Unknown"
"7014852",371861,2025-10-01 15:53:45,43.1622505187988,-9.21238136291504,"Unknown"
"7014852",371861,2025-10-01 15:58:42,43.1622543334961,-9.21246814727783,"Unknown"
"7014852",371861,2025-10-01 16:04:02,43.1622772216797,-9.21275806427002,"Unknown"
"7014852",371861,2025-10-01 16:08:37,43.1619529724121,-9.21255779266357,"Unknown"
"7014852",371861,2025-10-01 16:13:40,43.1619148254395,-9.21257019042969,"Unknown"
"7014852",371861,2025-10-01 16:18:36,43.1619415283203,-9.21250343322754,"Unknown"
"7014852",371861,2025-10-01 16:23:36,43.1619491577148,-9.21242809295654,"Unknown"
"7014852",371861,2025-10-01 16:28:46,43.1622657775879,-9.21270847320557,"Unknown"
"7014852",371861,2025-10-01 16:33:37,43.1622428894043,-9.21270084381104,"Unknown"
"7014852",371861,2025-10-01 16:38:36,43.1623420715332,-9.21269512176514,"Unknown"
"7014852",371861,2025-10-01 16:43:37,43.1713752746582,-9.23394775390625,"Unknown"
"7014852",371861,2025-10-01 16:48:36,43.1670227050781,-9.23674011230469,"Unknown"
"7014852",371861,2025-10-01 16:53:36,43.1620445251465,-9.21258640289307,"Unknown"
"7014852",371861,2025-10-01 16:58:36,43.1620903015137,-9.21264839172363,"Unknown"
"7014852",371861,2025-10-01 17:03:36,43.1634407043457,-9.2124490737915,"Unknown"
"7014852",371861,2025-10-01 17:08:36,43.1628265380859,-9.26258850097656,"Unknown"
"7014852",371861,2025-10-01 17:13:36,43.1565551757812,-9.28466033935547,"Unknown"
"7014852",371861,2025-10-01 17:18:41,43.1517601013184,-9.27830028533936,"Unknown"
"7014852",371861,2025-10-01 17:23:37,43.1514320373535,-9.27901649475098,"Unknown"
"7014852",371861,2025-10-01 17:28:37,43.1534614562988,-9.25901889801025,"Unknown"
"7014852",371861,2025-10-01 17:33:38,43.1284484863281,-9.24195957183838,"Unknown"
"7014852",371861,2025-10-01 17:38:37,43.126823425293,-9.23656463623047,"Unknown"
"7014852",371861,2025-10-01 17:43:38,43.1194763183594,-9.21157741546631,"Unknown"
"7014852",371861,2025-10-01 17:48:37,43.119499206543,-9.21126556396484,"Unknown"
"7014852",371861,2025-10-01 17:53:36,43.1226463317871,-9.2087869644165,"Unknown"
"7014852",371861,2025-10-01 17:58:38,43.1490058898926,-9.21362686157227,"Unknown"
"7014852",371861,2025-10-01 18:03:37,43.1487998962402,-9.21360015869141,"Unknown"
"7014852",371861,2025-10-01 18:08:42,43.1493911743164,-9.2135591506958,"Unknown"
"7014852",371861,2025-10-01 18:13:40,43.1494598388672,-9.213623046875,"Unknown"
"7014852",371861,2025-10-01 18:18:45,43.1491088867188,-9.2136697769165,"Unknown"
"7014852",371861,2025-10-01 18:23:37,43.149169921875,-9.21368980407715,"Unknown"
"7014852",371861,2025-10-01 18:28:42,43.1494064331055,-9.21359252929688,"Unknown"
"7014852",371861,2025-10-01 18:33:38,43.1494445800781,-9.21359634399414,"Unknown"
"7014852",371861,2025-10-01 18:38:37,43.1571197509766,-9.21585369110107,"Unknown"
"7014852",371861,2025-10-01 18:44:02,43.1613807678223,-9.21317481994629,"Unknown"
"7014852",371861,2025-10-01 18:48:36,43.1619987487793,-9.21334648132324,"Unknown"
"7014852",371861,2025-10-01 18:55:39,43.1629295349121,-9.21366405487061,"Unknown"
"7014852",371861,2025-10-01 23:55:39,43.1646537780762,-9.21449375152588,"Unknown"
"7014852",371861,2025-10-02 04:56:05,43.1641502380371,-9.21378898620605,"Unknown"
"7014852",371861,2025-10-02 06:39:38,43.1851463317871,-9.09085083007812,"Unknown"
"7014852",371861,2025-10-02 06:44:42,43.1850929260254,-9.09085845947266,"Unknown"
"7014852",371861,2025-10-02 06:49:40,43.1850852966309,-9.09058380126953,"Unknown"
"7014852",371861,2025-10-02 06:54:38,43.1850814819336,-9.09065532684326,"Unknown"
"7014852",371861,2025-10-02 07:00:05,43.1850700378418,-9.09079837799072,"Unknown"
"7014852",371861,2025-10-02 07:04:35,43.1850128173828,-9.090744972229,"Unknown"
"7014852",371861,2025-10-02 07:09:36,43.1850700378418,-9.09071636199951,"Unknown"
"7014852",371861,2025-10-02 07:14:35,43.1836624145508,-9.09279727935791,"Unknown"
"7014852",371861,2025-10-02 07:19:35,43.1837501525879,-9.09276008605957,"Unknown"
"7014852",371861,2025-10-02 07:24:36,43.18359375,-9.0926685333252,"Unknown"
"7014852",371861,2025-10-02 07:29:35,43.1837539672852,-9.09280872344971,"Unknown"
"7014852",371861,2025-10-02 07:34:36,43.183650970459,-9.09273242950439,"Unknown"
"7014852",371861,2025-10-02 07:39:37,43.1839447021484,-9.09062099456787,"Unknown"
"7014852",371861,2025-10-02 07:44:36,43.1847724914551,-9.0916223526001,"Unknown"
"7014852",371861,2025-10-02 07:49:37,43.1849327087402,-9.09175872802734,"Unknown"
"7014852",371861,2025-10-02 07:54:36,43.1848297119141,-9.09200954437256,"Unknown"
"7014852",371861,2025-10-02 07:59:36,43.1848526000977,-9.09187889099121,"Unknown"
"7014852",371861,2025-10-02 08:04:37,43.1849174499512,-9.09176158905029,"Unknown"
"7014852",371861,2025-10-02 08:10:16,43.1848945617676,-9.09190273284912,"Unknown"
"7014852",371861,2025-10-02 08:14:37,43.1848983764648,-9.09237289428711,"Unknown"
"7014852",371861,2025-10-02 08:19:36,43.1839981079102,-9.09133529663086,"Unknown"
"7014852",371861,2025-10-02 08:24:41,43.1838798522949,-9.09322547912598,"Unknown"
"7014852",371861,2025-10-02 08:29:45,43.1841354370117,-9.09307098388672,"Unknown"
"7014852",371861,2025-10-02 08:34:37,43.1835136413574,-9.092848777771,"Unknown"
"7014852",371861,2025-10-02 08:39:38,43.1837997436523,-9.09281635284424,"Unknown"
"7014852",371861,2025-10-02 08:44:36,43.1836166381836,-9.09289455413818,"Unknown"
"7014852",371861,2025-10-02 08:50:17,43.1835708618164,-9.09228324890137,"Unknown"
"7014852",371861,2025-10-02 08:55:05,43.1838455200195,-9.09307479858398,"Unknown"
"7014852",371861,2025-10-02 08:59:38,43.1837844848633,-9.09299755096436,"Unknown"
"7014852",371861,2025-10-02 09:04:36,43.1833381652832,-9.09272003173828,"Unknown"
"7014852",371861,2025-10-02 09:09:40,43.1829795837402,-9.09219360351562,"Unknown"
"7014852",371861,2025-10-02 09:14:51,43.1829833984375,-9.09278583526611,"Unknown"
"7014852",371861,2025-10-02 09:20:14,43.183162689209,-9.09265995025635,"Unknown"
"7014852",371861,2025-10-02 09:24:36,43.1831207275391,-9.09245014190674,"Unknown"
"7014852",371861,2025-10-02 09:29:36,43.1833267211914,-9.09295082092285,"Unknown"
"7014852",371861,2025-10-02 09:34:36,43.183032989502,-9.09225082397461,"Unknown"
"7014852",371861,2025-10-02 09:39:53,43.1698760986328,-9.0908145904541,"Unknown"
"7014852",371861,2025-10-02 09:44:39,43.1835479736328,-9.0934362411499,"Unknown"
"7014852",371861,2025-10-02 09:49:49,43.1830940246582,-9.09263896942139,"Unknown"
"7014852",371861,2025-10-02 09:54:41,43.1832313537598,-9.0922794342041,"Unknown"
"7014852",371861,2025-10-02 10:00:37,43.183219909668,-9.09265041351318,"Unknown"
"7014852",371861,2025-10-02 10:04:35,43.1832656860352,-9.09277057647705,"Unknown"
"7014852",371861,2025-10-02 10:09:41,43.1831321716309,-9.09284687042236,"Unknown"
"7014852",371861,2025-10-02 10:14:43,43.1831474304199,-9.09253215789795,"Unknown"
"7014852",371861,2025-10-02 10:19:40,43.1830902099609,-9.0923957824707,"Unknown"
"7014852",371861,2025-10-02 10:24:38,43.1830787658691,-9.09222888946533,"Unknown"
"7014852",371861,2025-10-02 10:29:39,43.1837005615234,-9.09311199188232,"Unknown"
"7014852",371861,2025-10-02 10:34:48,43.1836280822754,-9.09270668029785,"Unknown"
"7014852",371861,2025-10-02 10:39:39,43.1836929321289,-9.09296703338623,"Unknown"
"7014852",371861,2025-10-02 10:44:36,43.1836967468262,-9.09307193756104,"Unknown"
"7014852",371861,2025-10-02 10:49:39,43.1834297180176,-9.09205722808838,"Unknown"
"7014852",371861,2025-10-02 10:54:39,43.1833839416504,-9.09208488464355,"Unknown"
"7014852",371861,2025-10-02 10:59:42,43.1833724975586,-9.09197902679443,"Unknown"
"7014852",371861,2025-10-02 11:04:49,43.1834678649902,-9.09202766418457,"Unknown"
"7014852",371861,2025-10-02 11:09:39,43.1835021972656,-9.09219264984131,"Unknown"
"7014852",371861,2025-10-02 11:14:40,43.1848907470703,-9.09207820892334,"Unknown"
"7014852",371861,2025-10-02 11:19:42,43.1829681396484,-9.0927734375,"Unknown"
"7014852",371861,2025-10-02 11:24:38,43.1830101013184,-9.09245109558105,"Unknown"
"7014852",371861,2025-10-02 11:30:05,43.1830902099609,-9.09269332885742,"Unknown"
"7014852",371861,2025-10-02 11:34:36,43.1830787658691,-9.09260177612305,"Unknown"
"7014852",371861,2025-10-02 11:39:40,43.1850090026855,-9.09235095977783,"Unknown"
"7014852",371861,2025-10-02 11:44:37,43.1845512390137,-9.09225749969482,"Unknown"
"7014852",371861,2025-10-02 11:49:38,43.1846504211426,-9.09163570404053,"Unknown"
"7014852",371861,2025-10-02 11:54:36,43.1846923828125,-9.09140968322754,"Unknown"
"7014852",371861,2025-10-02 11:59:36,43.1847114562988,-9.09144496917725,"Unknown"
"7014852",371861,2025-10-02 12:04:35,43.1847648620605,-9.09130668640137,"Unknown"
"7014852",371861,2025-10-02 12:09:35,43.1847267150879,-9.09126567840576,"Unknown"
"7014852",371861,2025-10-02 12:14:36,43.1839179992676,-9.09239768981934,"Unknown"
"7014852",371861,2025-10-02 12:19:35,43.1852149963379,-9.09331512451172,"Unknown"
"7014852",371861,2025-10-02 12:24:36,43.1882514953613,-9.09679222106934,"Unknown"
"7014852",371861,2025-10-02 12:29:40,43.1855125427246,-9.10540580749512,"Unknown"
"7014852",371861,2025-10-02 12:34:36,43.1853904724121,-9.10557270050049,"Unknown"
"7014852",371861,2025-10-02 12:39:35,43.1854629516602,-9.1056661605835,"Unknown"
"7014852",371861,2025-10-02 12:44:35,43.1855087280273,-9.10561466217041,"Unknown"
"7014852",371861,2025-10-02 12:50:14,43.1855239868164,-9.10571575164795,"Unknown"
"7014852",371861,2025-10-02 12:54:36,43.1855812072754,-9.10577201843262,"Unknown"
"7014852",371861,2025-10-02 12:59:36,43.1856460571289,-9.10566139221191,"Unknown"
"7014852",371861,2025-10-02 13:04:35,43.1854438781738,-9.10577011108398,"Unknown"
"7014852",371861,2025-10-02 13:09:35,43.1854476928711,-9.10578632354736,"Unknown"
"7014852",371861,2025-10-02 13:14:35,43.1854362487793,-9.10590267181396,"Unknown"
"7014852",371861,2025-10-02 13:19:35,43.1854858398438,-9.1058874130249,"Unknown"
"7014852",371861,2025-10-02 13:24:36,43.1854438781738,-9.10575580596924,"Unknown"
"7014852",371861,2025-10-02 13:29:40,43.1854591369629,-9.1058464050293,"Unknown"
"7014852",371861,2025-10-02 13:34:41,43.1855697631836,-9.10578346252441,"Unknown"
"7014852",371861,2025-10-02 13:39:42,43.1855049133301,-9.10574245452881,"Unknown"
"7014852",371861,2025-10-02 13:44:41,43.185489654541,-9.10570049285889,"Unknown"
"7014852",371861,2025-10-02 13:50:05,43.1854858398438,-9.10566425323486,"Unknown"
"7014852",371861,2025-10-02 13:54:38,43.1855430603027,-9.10567760467529,"Unknown"
"7014852",371861,2025-10-02 14:00:05,43.1855087280273,-9.1057653427124,"Unknown"
"7014852",371861,2025-10-02 14:04:35,43.1854629516602,-9.10567283630371,"Unknown"
"7014852",371861,2025-10-02 14:09:35,43.185489654541,-9.10563087463379,"Unknown"
"7014852",371861,2025-10-02 14:14:36,43.185432434082,-9.10564136505127,"Unknown"
"7014852",371861,2025-10-02 14:19:35,43.1854133605957,-9.10561752319336,"Unknown"
"7014852",371861,2025-10-02 14:24:36,43.1856460571289,-9.1060094833374,"Unknown"
"7014852",371861,2025-10-02 14:29:35,43.1855545043945,-9.1057596206665,"Unknown"
"7014852",371861,2025-10-02 14:34:36,43.1855316162109,-9.10568618774414,"Unknown"
"7014852",371861,2025-10-02 14:39:38,43.185676574707,-9.10570335388184,"Unknown"
"7014852",371861,2025-10-02 14:44:36,43.185604095459,-9.10568428039551,"Unknown"
"7014852",371861,2025-10-02 14:49:36,43.1855278015137,-9.10569381713867,"Unknown"
"7014852",371861,2025-10-02 14:54:36,43.1854515075684,-9.10568332672119,"Unknown"
"7014852",371861,2025-10-02 14:59:36,43.1854133605957,-9.10564804077148,"Unknown"
"7014852",371861,2025-10-02 15:04:36,43.185546875,-9.10571670532227,"Unknown"
"7014852",371861,2025-10-02 15:09:42,43.185489654541,-9.10561180114746,"Unknown"
"7014852",371861,2025-10-02 15:14:36,43.1854553222656,-9.10553646087646,"Unknown"
"7014852",371861,2025-10-02 15:19:47,43.1855583190918,-9.10571670532227,"Unknown"
"7014852",371861,2025-10-02 15:25:05,43.1855392456055,-9.10566711425781,"Unknown"
"7014852",371861,2025-10-02 15:29:35,43.185474395752,-9.10556602478027,"Unknown"
"7014852",371861,2025-10-02 15:34:35,43.1854591369629,-9.1055154800415,"Unknown"
"7014852",371861,2025-10-02 15:39:35,43.1849479675293,-9.09085369110107,"Unknown"
"7014852",371861,2025-10-02 15:44:36,43.1849403381348,-9.09092617034912,"Unknown"
"7014852",371861,2025-10-02 15:49:36,43.1848564147949,-9.09082889556885,"Unknown"
"7014852",371861,2025-10-02 15:54:35,43.1849784851074,-9.09089374542236,"Unknown"
"7014852",371861,2025-10-02 15:59:35,43.1852416992188,-9.09053516387939,"Unknown"
"7014852",371861,2025-10-02 16:04:35,43.1852569580078,-9.09054660797119,"Unknown"
"7014852",371861,2025-10-02 16:09:35,43.1852416992188,-9.09062099456787,"Unknown"
"7014852",371861,2025-10-02 16:14:35,43.1853065490723,-9.09056282043457,"Unknown"
"7014852",371861,2025-10-02 16:19:35,43.1852569580078,-9.09064865112305,"Unknown"
"7014852",371861,2025-10-02 16:24:35,43.1853523254395,-9.09081363677979,"Unknown"
"7014852",371861,2025-10-02 16:29:36,43.1853561401367,-9.09118175506592,"Unknown"
"7014852",371861,2025-10-02 16:34:42,43.1853942871094,-9.09096908569336,"Unknown"
"7014852",371861,2025-10-02 16:39:35,43.1854209899902,-9.09138488769531,"Unknown"
"7014852",371861,2025-10-02 16:44:35,43.1879425048828,-9.09987354278564,"Unknown"
"7014852",371861,2025-10-02 16:49:35,43.1974182128906,-9.12729740142822,"Unknown"
"7014852",371861,2025-10-02 16:54:36,43.1981010437012,-9.16123676300049,"Unknown"
"7014852",371861,2025-10-02 16:59:36,43.197925567627,-9.19550514221191,"Unknown"
"7014852",371861,2025-10-02 17:04:37,43.1710662841797,-9.21243762969971,"Unknown"
"7014852",371861,2025-10-02 17:10:05,43.1612586975098,-9.21369552612305,"Unknown"
"7014852",371861,2025-10-02 17:14:38,43.1612510681152,-9.21370220184326,"Unknown"
"7014852",371861,2025-10-02 17:19:35,43.1699867248535,-9.2365026473999,"Unknown"
"7014852",371861,2025-10-02 17:24:36,43.1768074035645,-9.26494693756104,"Unknown"
"7014852",371861,2025-10-02 17:29:35,43.1612854003906,-9.24288749694824,"Unknown"
"7014852",371861,2025-10-02 17:34:40,43.16162109375,-9.21376609802246,"Unknown"
"7014852",371861,2025-10-02 17:39:41,43.1616401672363,-9.2138500213623,"Unknown"
"7014852",371861,2025-10-02 17:45:17,43.1617698669434,-9.2138557434082,"Unknown"
"7014852",371861,2025-10-02 17:49:40,43.161750793457,-9.21384048461914,"Unknown"
"7014852",371861,2025-10-02 17:55:34,43.1616554260254,-9.21384334564209,"Unknown"
"7014852",371861,2025-10-02 17:59:35,43.1615715026855,-9.21383953094482,"Unknown"
"7014852",371861,2025-10-02 18:04:42,43.1617050170898,-9.21379089355469,"Unknown"
"7014852",371861,2025-10-02 18:09:40,43.1618270874023,-9.21383571624756,"Unknown"
"7014852",371861,2025-10-02 18:15:05,43.1616134643555,-9.2138204574585,"Unknown"
"7014852",371861,2025-10-02 18:19:36,43.1616439819336,-9.21376991271973,"Unknown"
"7014852",371861,2025-10-02 18:24:35,43.161735534668,-9.21383190155029,"Unknown"
"7014852",371861,2025-10-02 18:29:36,43.1617431640625,-9.21378707885742,"Unknown"
"7014852",371861,2025-10-02 18:34:38,43.1618118286133,-9.21378326416016,"Unknown"
"7014852",371861,2025-10-02 18:39:38,43.161693572998,-9.21387481689453,"Unknown"
"7014852",371861,2025-10-02 18:44:37,43.1621513366699,-9.21322917938232,"Unknown"
"7014852",371861,2025-10-02 18:49:37,43.1618232727051,-9.21370410919189,"Unknown"
"7014852",371861,2025-10-02 18:53:47,43.1618690490723,-9.21382904052734,"Unknown"
"7014852",371861,2025-10-03 04:54:06,43.1636657714844,-9.21285343170166,"Unknown"
"7014852",371861,2025-10-03 06:40:50,43.186393737793,-9.10612201690674,"Unknown"
"7014852",371861,2025-10-03 06:45:51,43.1859130859375,-9.10612010955811,"Unknown"
"7014852",371861,2025-10-03 06:50:59,43.1858024597168,-9.10592269897461,"Unknown"
"7014852",371861,2025-10-03 06:56:13,43.1859359741211,-9.10616016387939,"Unknown"
"7014852",371861,2025-10-03 07:00:55,43.1859245300293,-9.1062068939209,"Unknown"
"7014852",371861,2025-10-03 07:05:50,43.1860313415527,-9.10608959197998,"Unknown"
"7014852",371861,2025-10-03 07:10:49,43.1860046386719,-9.10612297058105,"Unknown"
"7014852",371861,2025-10-03 07:15:49,43.1859436035156,-9.10624313354492,"Unknown"
"7014852",371861,2025-10-03 07:20:51,43.1859550476074,-9.10593128204346,"Unknown"
"7014852",371861,2025-10-03 07:25:51,43.1859817504883,-9.10615730285645,"Unknown"
"7014852",371861,2025-10-03 07:30:48,43.1844177246094,-9.09133338928223,"Unknown"
"7014852",371861,2025-10-03 07:35:54,43.1842460632324,-9.09233283996582,"Unknown"
"7014852",371861,2025-10-03 07:40:51,43.184211730957,-9.09268856048584,"Unknown"
"7014852",371861,2025-10-03 07:46:14,43.1848602294922,-9.09249687194824,"Unknown"
"7014852",371861,2025-10-03 07:50:49,43.1848106384277,-9.09228610992432,"Unknown"
"7014852",371861,2025-10-03 07:56:00,43.1848068237305,-9.09232234954834,"Unknown"
"7014852",371861,2025-10-03 08:00:50,43.1848030090332,-9.09226131439209,"Unknown"
"7014852",371861,2025-10-03 08:05:51,43.1847496032715,-9.09189987182617,"Unknown"
"7014852",371861,2025-10-03 08:10:51,43.1847877502441,-9.09245491027832,"Unknown"
"7014852",371861,2025-10-03 08:15:50,43.1848793029785,-9.09216022491455,"Unknown"
"7014852",371861,2025-10-03 08:20:57,43.1858024597168,-9.09233570098877,"Unknown"
"7014852",371861,2025-10-03 08:26:03,43.1851501464844,-9.09239959716797,"Unknown"
"7014852",371861,2025-10-03 08:31:16,43.1849594116211,-9.09214305877686,"Unknown"
"7014852",371861,2025-10-03 08:35:52,43.184154510498,-9.09137153625488,"Unknown"
"7014852",371861,2025-10-03 08:40:57,43.1844825744629,-9.09228420257568,"Unknown"
"7014852",371861,2025-10-03 08:46:00,43.1833457946777,-9.09253597259521,"Unknown"
"7014852",371861,2025-10-03 08:51:00,43.1828765869141,-9.09235572814941,"Unknown"
"7014852",371861,2025-10-03 08:56:00,43.183708190918,-9.09340381622314,"Unknown"
"7014852",371861,2025-10-03 09:01:04,43.1831817626953,-9.09272575378418,"Unknown"
"7014852",371861,2025-10-03 09:06:01,43.1833038330078,-9.09282493591309,"Unknown"
"7014852",371861,2025-10-03 09:11:03,43.1825828552246,-9.09225749969482,"Unknown"
"7014852",371861,2025-10-03 09:16:23,43.1830596923828,-9.09255981445312,"Unknown"
"7014852",371861,2025-10-03 09:20:50,43.1831970214844,-9.09236717224121,"Unknown"
"7014852",371861,2025-10-03 09:26:00,43.1829566955566,-9.09249782562256,"Unknown"
"7014852",371861,2025-10-03 09:31:01,43.182991027832,-9.09254169464111,"Unknown"
"7014852",371861,2025-10-03 09:36:14,43.1831932067871,-9.09243202209473,"Unknown"
"7014852",371861,2025-10-03 09:41:30,43.183177947998,-9.09238815307617,"Unknown"
"7014852",371861,2025-10-03 09:45:52,43.1831283569336,-9.09256458282471,"Unknown"
"7014852",371861,2025-10-03 09:50:48,43.1837882995605,-9.09261417388916,"Unknown"
"7014852",371861,2025-10-03 09:55:49,43.1838493347168,-9.09254550933838,"Unknown"
"7014852",371861,2025-10-03 10:00:48,43.183765411377,-9.09267139434814,"Unknown"
"7014852",371861,2025-10-03 10:05:52,43.1841850280762,-9.09352493286133,"Unknown"
"7014852",371861,2025-10-03 10:10:58,43.1836700439453,-9.09270191192627,"Unknown"
"7014852",371861,2025-10-03 10:15:49,43.1837615966797,-9.09287071228027,"Unknown"
"7014852",371861,2025-10-03 10:20:53,43.1832618713379,-9.09263801574707,"Unknown"
"7014852",371861,2025-10-03 10:25:49,43.1832580566406,-9.09258937835693,"Unknown"
"7014852",371861,2025-10-03 10:30:54,43.1846313476562,-9.09323501586914,"Unknown"
"7014852",371861,2025-10-03 10:35:50,43.1852416992188,-9.09064102172852,"Unknown"
"7014852",371861,2025-10-03 10:40:51,43.1851081848145,-9.09097862243652,"Unknown"
"7014852",371861,2025-10-03 10:45:51,43.1867179870605,-9.08239078521729,"Unknown"
"7014852",371861,2025-10-03 10:51:15,43.1831398010254,-9.09260177612305,"Unknown"
"7014852",371861,2025-10-03 10:55:49,43.1832542419434,-9.09274291992188,"Unknown"
"7014852",371861,2025-10-03 11:01:14,43.1832275390625,-9.09266662597656,"Unknown"
"7014852",371861,2025-10-03 11:05:48,43.1831169128418,-9.09273242950439,"Unknown"
"7014852",371861,2025-10-03 11:10:48,43.1845664978027,-9.09102249145508,"Unknown"
"7014852",371861,2025-10-03 11:15:48,43.1844482421875,-9.09119987487793,"Unknown"
"7014852",371861,2025-10-03 11:20:49,43.1844635009766,-9.09110832214355,"Unknown"
"7014852",371861,2025-10-03 11:25:50,43.1844482421875,-9.09108543395996,"Unknown"
"7014852",371861,2025-10-03 11:30:48,43.1853561401367,-9.09122276306152,"Unknown"
"7014852",371861,2025-10-03 11:35:49,43.1851081848145,-9.09168338775635,"Unknown"
"7014852",371861,2025-10-03 11:40:53,43.1852760314941,-9.0918140411377,"Unknown"
"7014852",371861,2025-10-03 11:46:14,43.1849594116211,-9.09194087982178,"Unknown"
"7014852",371861,2025-10-03 11:50:50,43.1846656799316,-9.09242725372314,"Unknown"
"7014852",371861,2025-10-03 11:55:48,43.1840667724609,-9.09215259552002,"Unknown"
"7014852",371861,2025-10-03 12:00:50,43.1850280761719,-9.09226989746094,"Unknown"
"7014852",371861,2025-10-03 12:05:51,43.1848983764648,-9.09162330627441,"Unknown"
"7014852",371861,2025-10-03 12:10:49,43.18505859375,-9.09178638458252,"Unknown"
"7014852",371861,2025-10-03 12:15:50,43.1844596862793,-9.09232139587402,"Unknown"
"7014852",371861,2025-10-03 12:20:55,43.1838073730469,-9.09286117553711,"Unknown"
"7014852",371861,2025-10-03 12:25:51,43.1853904724121,-9.09253311157227,"Unknown"
"7014852",371861,2025-10-03 12:30:51,43.1857643127441,-9.09263706207275,"Unknown"
"7014852",371861,2025-10-03 12:35:50,43.1857528686523,-9.09265899658203,"Unknown"
"7014852",371861,2025-10-03 12:40:49,43.1849021911621,-9.0927267074585,"Unknown"
"7014852",371861,2025-10-03 12:45:51,43.1840209960938,-9.09226989746094,"Unknown"
"7014852",371861,2025-10-03 12:50:57,43.1840476989746,-9.09213829040527,"Unknown"
"7014852",371861,2025-10-03 12:55:53,43.1839599609375,-9.09242820739746,"Unknown"
"7014852",371861,2025-10-03 13:00:51,43.1840057373047,-9.09291362762451,"Unknown"
"7014852",371861,2025-10-03 13:05:52,43.1839981079102,-9.09290313720703,"Unknown"
"7014852",371861,2025-10-03 13:10:58,43.18408203125,-9.09293270111084,"Unknown"
"7014852",371861,2025-10-03 13:15:50,43.1840400695801,-9.09289073944092,"Unknown"
"7014852",371861,2025-10-03 13:20:51,43.1840286254883,-9.09291648864746,"Unknown"
"7014852",371861,2025-10-03 13:25:50,43.1839752197266,-9.09282398223877,"Unknown"
"7014852",371861,2025-10-03 13:30:50,43.1840934753418,-9.09294414520264,"Unknown"
"7014852",371861,2025-10-03 13:35:51,43.1840896606445,-9.09278774261475,"Unknown"
"7014852",371861,2025-10-03 13:41:14,43.1840133666992,-9.09284114837646,"Unknown"
"7014852",371861,2025-10-03 13:45:49,43.1839370727539,-9.09286117553711,"Unknown"
"7014852",371861,2025-10-03 13:50:50,43.1839561462402,-9.09289073944092,"Unknown"
"7014852",371861,2025-10-03 13:55:54,43.1839141845703,-9.09297657012939,"Unknown"
"7014852",371861,2025-10-03 14:00:52,43.1838302612305,-9.09304618835449,"Unknown"
"7014852",371861,2025-10-03 14:05:52,43.1840171813965,-9.09304046630859,"Unknown"
"7014852",371861,2025-10-03 14:10:49,43.1835823059082,-9.09278106689453,"Unknown"
"7014852",371861,2025-10-03 14:15:50,43.1835899353027,-9.09270858764648,"Unknown"
"7014852",371861,2025-10-03 14:20:59,43.183650970459,-9.09274578094482,"Unknown"
"7014852",371861,2025-10-03 14:26:08,43.1852531433105,-9.09277153015137,"Unknown"
"7014852",371861,2025-10-03 14:30:54,43.183952331543,-9.09293842315674,"Unknown"
"7014852",371861,2025-10-03 14:36:14,43.1840629577637,-9.09304618835449,"Unknown"
"7014852",371861,2025-10-03 14:41:23,43.1858978271484,-9.09320068359375,"Unknown"
"7014852",371861,2025-10-03 14:45:48,43.1859321594238,-9.09313488006592,"Unknown"
"7014852",371861,2025-10-03 14:50:49,43.1859169006348,-9.09324932098389,"Unknown"
"7014852",371861,2025-10-03 14:55:48,43.1859474182129,-9.09322071075439,"Unknown"
"7014852",371861,2025-10-03 15:00:48,43.1859359741211,-9.09312343597412,"Unknown"
"7014852",371861,2025-10-03 15:05:49,43.1853294372559,-9.05446529388428,"Unknown"
"7014852",371861,2025-10-03 15:10:51,43.1845741271973,-9.04097175598145,"Unknown"
"7014852",371861,2025-10-03 15:15:48,43.1845359802246,-9.04095268249512,"Unknown"
"7014852",371861,2025-10-03 15:20:52,43.1905975341797,-9.04350757598877,"Unknown"
"7014852",371861,2025-10-03 15:25:55,43.1907806396484,-9.04444026947021,"Unknown"
"7014852",371861,2025-10-03 15:31:35,43.190544128418,-9.04442691802979,"Unknown"
"7014852",371861,2025-10-03 15:35:49,43.1904640197754,-9.04457473754883,"Unknown"
"7014852",371861,2025-10-03 15:40:49,43.1902770996094,-9.04461574554443,"Unknown"
"7014852",371861,2025-10-03 15:45:51,43.1903495788574,-9.04416847229004,"Unknown"
"7014852",371861,2025-10-03 15:50:48,43.1907157897949,-9.04494190216064,"Unknown"
"7014852",371861,2025-10-03 15:55:50,43.1935043334961,-9.04044914245605,"Unknown"
"7014852",371861,2025-10-03 16:00:48,43.1941184997559,-9.04007625579834,"Unknown"
"7014852",371861,2025-10-03 16:05:48,43.1944160461426,-9.0398473739624,"Unknown"
"7014852",371861,2025-10-03 16:10:48,43.1937522888184,-9.04177665710449,"Unknown"
"7014852",371861,2025-10-03 16:15:51,43.1937255859375,-9.04196929931641,"Unknown"
"7014852",371861,2025-10-03 16:20:53,43.1937217712402,-9.04197311401367,"Unknown"
"7014852",371861,2025-10-03 16:25:48,43.193790435791,-9.04196071624756,"Unknown"
"7014852",371861,2025-10-03 16:30:48,43.1937599182129,-9.04197883605957,"Unknown"
"7014852",371861,2025-10-03 16:35:49,43.1935844421387,-9.04208469390869,"Unknown"
"7014852",371861,2025-10-03 16:40:48,43.1907386779785,-9.0443172454834,"Unknown"
"7014852",371861,2025-10-03 16:45:55,43.1907577514648,-9.0443115234375,"Unknown"
"7014852",371861,2025-10-03 16:50:59,43.1907653808594,-9.04440498352051,"Unknown"
"7014852",371861,2025-10-03 16:56:23,43.190746307373,-9.04457569122314,"Unknown"
"7014852",371861,2025-10-03 17:00:49,43.1907653808594,-9.0446891784668,"Unknown"
"7014852",371861,2025-10-03 17:05:50,43.1868095397949,-9.07367134094238,"Unknown"
"7014852",371861,2025-10-03 17:10:51,43.1848526000977,-9.09182262420654,"Unknown"
"7014852",371861,2025-10-03 17:15:53,43.1849403381348,-9.09090518951416,"Unknown"
"7014852",371861,2025-10-03 17:20:51,43.1851272583008,-9.09082317352295,"Unknown"
"7014852",371861,2025-10-03 17:25:53,43.1851921081543,-9.09086799621582,"Unknown"
"7014852",371861,2025-10-03 17:30:53,43.1855697631836,-9.09116840362549,"Unknown"
"7014852",371861,2025-10-03 17:36:02,43.1852760314941,-9.09097671508789,"Unknown"
"7014852",371861,2025-10-03 17:41:14,43.1849365234375,-9.09064483642578,"Unknown"
"7014852",371861,2025-10-03 17:46:12,43.1834831237793,-9.09243679046631,"Unknown"
"7014852",371861,2025-10-03 17:51:01,43.1842346191406,-9.09307098388672,"Unknown"
"7014852",371861,2025-10-03 17:56:02,43.1836051940918,-9.09268760681152,"Unknown"
"7014852",371861,2025-10-03 18:01:23,43.1839447021484,-9.09271812438965,"Unknown"
"7014852",371861,2025-10-03 18:05:58,43.1849098205566,-9.09191608428955,"Unknown"
"7014852",371861,2025-10-03 18:11:06,43.1932182312012,-9.1013240814209,"Unknown"
"7014852",371861,2025-10-03 18:15:55,43.1983070373535,-9.13343715667725,"Unknown"
"7014852",371861,2025-10-03 18:20:50,43.1942291259766,-9.16004276275635,"Unknown"
"7014852",371861,2025-10-03 18:25:51,43.1855392456055,-9.18807792663574,"Unknown"
"7014852",371861,2025-10-03 18:30:59,43.1726455688477,-9.20374202728271,"Unknown"
"7014852",371861,2025-10-03 18:36:23,43.1639022827148,-9.21391773223877,"Unknown"
"7014852",371861,2025-10-03 18:42:12,43.1630210876465,-9.21360301971436,"Unknown"
"7014852",371861,2025-10-03 18:45:49,43.1628494262695,-9.213454246521,"Unknown"
"7014852",371861,2025-10-03 18:52:05,43.162956237793,-9.21340751647949,"Unknown"
"7014852",371861,2025-10-03 23:52:53,43.1628494262695,-9.21301364898682,"Unknown"
"7014852",371861,2025-10-04 04:52:01,43.1629829406738,-9.21320533752441,"Unknown"
"7014852",371861,2025-10-04 06:41:56,43.1856918334961,-9.10604000091553,"Unknown"
"7014852",371861,2025-10-04 06:46:55,43.1856689453125,-9.10600757598877,"Unknown"
"7014852",371861,2025-10-04 06:51:55,43.1864814758301,-9.09279441833496,"Unknown"
"7014852",371861,2025-10-04 06:56:57,43.1820373535156,-9.09147834777832,"Unknown"
"7014852",371861,2025-10-04 07:02:00,43.1823425292969,-9.09158515930176,"Unknown"
"7014852",371861,2025-10-04 07:07:06,43.1832275390625,-9.09202861785889,"Unknown"
"7014852",371861,2025-10-04 07:12:06,43.1831245422363,-9.09184169769287,"Unknown"
"7014852",371861,2025-10-04 07:16:57,43.1839141845703,-9.0928258895874,"Unknown"
"7014852",371861,2025-10-04 07:21:58,43.184009552002,-9.09300136566162,"Unknown"
"7014852",371861,2025-10-04 07:27:01,43.1839790344238,-9.09307289123535,"Unknown"
"7014852",371861,2025-10-04 07:31:57,43.1843490600586,-9.09347343444824,"Unknown"
"7014852",371861,2025-10-04 07:37:08,43.1835670471191,-9.09300518035889,"Unknown"
"7014852",371861,2025-10-04 07:41:59,43.1839256286621,-9.09342002868652,"Unknown"
"7014852",371861,2025-10-04 07:47:10,43.184642791748,-9.09175205230713,"Unknown"
"7014852",371861,2025-10-04 07:51:57,43.1842346191406,-9.09323883056641,"Unknown"
"7014852",371861,2025-10-04 07:56:56,43.1839790344238,-9.09280109405518,"Unknown"
"7014852",371861,2025-10-04 08:01:57,43.1837768554688,-9.09274959564209,"Unknown"
"7014852",371861,2025-10-04 08:07:00,43.1846122741699,-9.09280681610107,"Unknown"
"7014852",371861,2025-10-04 08:11:58,43.1847038269043,-9.09292316436768,"Unknown"
"7014852",371861,2025-10-04 08:17:01,43.1842002868652,-9.09299468994141,"Unknown"
"7014852",371861,2025-10-04 08:21:57,43.1837692260742,-9.09234046936035,"Unknown"
"7014852",371861,2025-10-04 08:26:59,43.1837348937988,-9.09280014038086,"Unknown"
"7014852",371861,2025-10-04 08:32:01,43.1839485168457,-9.09273815155029,"Unknown"
"7014852",371861,2025-10-04 08:36:59,43.1838722229004,-9.09284210205078,"Unknown"
"7014852",371861,2025-10-04 08:41:57,43.1850051879883,-9.09322452545166,"Unknown"
"7014852",371861,2025-10-04 08:46:59,43.1849975585938,-9.09327507019043,"Unknown"
"7014852",371861,2025-10-04 08:52:00,43.1850280761719,-9.09308433532715,"Unknown"
"7014852",371861,2025-10-04 08:56:59,43.1849746704102,-9.09317016601562,"Unknown"
"7014852",371861,2025-10-04 09:02:07,43.185001373291,-9.0931453704834,"Unknown"
"7014852",371861,2025-10-04 09:06:56,43.1851348876953,-9.09319972991943,"Unknown"
"7014852",371861,2025-10-04 09:11:57,43.1851654052734,-9.09324550628662,"Unknown"
"7014852",371861,2025-10-04 09:16:56,43.1849632263184,-9.09141445159912,"Unknown"
"7014852",371861,2025-10-04 09:21:58,43.1848564147949,-9.09195899963379,"Unknown"
"7014852",371861,2025-10-04 09:27:00,43.1847229003906,-9.09206199645996,"Unknown"
"7014852",371861,2025-10-04 09:32:14,43.1846580505371,-9.0919713973999,"Unknown"
"7014852",371861,2025-10-04 09:37:03,43.1850357055664,-9.09162521362305,"Unknown"
"7014852",371861,2025-10-04 09:42:00,43.184986114502,-9.0917387008667,"Unknown"
"7014852",371861,2025-10-04 09:47:01,43.1851959228516,-9.09159755706787,"Unknown"
"7014852",371861,2025-10-04 09:52:00,43.184871673584,-9.09188938140869,"Unknown"
"7014852",371861,2025-10-04 09:56:58,43.1848258972168,-9.09194564819336,"Unknown"
"7014852",371861,2025-10-04 10:02:00,43.1849174499512,-9.09143257141113,"Unknown"
"7014852",371861,2025-10-04 10:07:01,43.185115814209,-9.09125900268555,"Unknown"
"7014852",371861,2025-10-04 10:12:00,43.184757232666,-9.09175300598145,"Unknown"
"7014852",371861,2025-10-04 10:16:56,43.1849975585938,-9.09206104278564,"Unknown"
"7014852",371861,2025-10-04 10:21:59,43.1850433349609,-9.09221363067627,"Unknown"
"7014852",371861,2025-10-04 10:26:56,43.1851234436035,-9.09207725524902,"Unknown"
"7014852",371861,2025-10-04 10:31:57,43.1848793029785,-9.09206295013428,"Unknown"
"7014852",371861,2025-10-04 10:36:57,43.1848983764648,-9.09190273284912,"Unknown"
"7014852",371861,2025-10-04 10:41:56,43.184741973877,-9.09280109405518,"Unknown"
"7014852",371861,2025-10-04 10:46:57,43.1849670410156,-9.09188938140869,"Unknown"
"7014852",371861,2025-10-04 10:51:56,43.1848373413086,-9.09187507629395,"Unknown"
"7014852",371861,2025-10-04 10:56:57,43.183708190918,-9.09314441680908,"Unknown"
"7014852",371861,2025-10-04 11:01:58,43.1837310791016,-9.09436321258545,"Unknown"
"7014852",371861,2025-10-04 11:06:56,43.1837615966797,-9.09325981140137,"Unknown"
"7014852",371861,2025-10-04 11:11:56,43.1839904785156,-9.09318161010742,"Unknown"
"7014852",371861,2025-10-04 11:16:56,43.1838722229004,-9.09317588806152,"Unknown"
"7014852",371861,2025-10-04 11:21:56,43.1838645935059,-9.09316730499268,"Unknown"
"7014852",371861,2025-10-04 11:26:56,43.1837692260742,-9.09324264526367,"Unknown"
"7014852",371861,2025-10-04 11:31:56,43.1837005615234,-9.09314250946045,"Unknown"
"7014852",371861,2025-10-04 11:36:56,43.183708190918,-9.09327507019043,"Unknown"
"7014852",371861,2025-10-04 11:41:56,43.1833763122559,-9.09200096130371,"Unknown"
"7014852",371861,2025-10-04 11:46:56,43.1834487915039,-9.09204006195068,"Unknown"
"7014852",371861,2025-10-04 11:51:56,43.1845207214355,-9.09297943115234,"Unknown"
"7014852",371861,2025-10-04 11:56:56,43.1856117248535,-9.09240245819092,"Unknown"
"7014852",371861,2025-10-04 12:01:57,43.1854782104492,-9.09208965301514,"Unknown"
"7014852",371861,2025-10-04 12:06:59,43.1853790283203,-9.09260845184326,"Unknown"
"7014852",371861,2025-10-04 12:11:59,43.1851119995117,-9.09267997741699,"Unknown"
"7014852",371861,2025-10-04 12:16:57,43.1858444213867,-9.09321689605713,"Unknown"
"7014852",371861,2025-10-04 12:22:04,43.184211730957,-9.09309768676758,"Unknown"
"7014852",371861,2025-10-04 12:26:57,43.1849365234375,-9.09245681762695,"Unknown"
"7014852",371861,2025-10-04 12:31:59,43.1868362426758,-9.09309101104736,"Unknown"
"7014852",371861,2025-10-04 12:36:59,43.1857032775879,-9.09193229675293,"Unknown"
"7014852",371861,2025-10-04 12:41:58,43.1861038208008,-9.09353160858154,"Unknown"
"7014852",371861,2025-10-04 12:46:56,43.1846504211426,-9.09265327453613,"Unknown"
"7014852",371861,2025-10-04 12:52:01,43.1841697692871,-9.09326934814453,"Unknown"
"7014852",371861,2025-10-04 12:56:56,43.1842193603516,-9.09284687042236,"Unknown"
"7014852",371861,2025-10-04 13:01:57,43.1842155456543,-9.09303665161133,"Unknown"
"7014852",371861,2025-10-04 13:06:57,43.1842765808105,-9.093092918396,"Unknown"
"7014852",371861,2025-10-04 13:11:56,43.184139251709,-9.09253787994385,"Unknown"
"7014852",371861,2025-10-04 13:16:57,43.1841468811035,-9.09272193908691,"Unknown"
"7014852",371861,2025-10-04 13:21:56,43.1842269897461,-9.09272003173828,"Unknown"
"7014852",371861,2025-10-04 13:27:00,43.1832466125488,-9.09309005737305,"Unknown"
"7014852",371861,2025-10-04 13:31:58,43.1832427978516,-9.09289646148682,"Unknown"
"7014852",371861,2025-10-04 13:36:59,43.1836395263672,-9.09324169158936,"Unknown"
"7014852",371861,2025-10-04 13:41:56,43.1835250854492,-9.09395885467529,"Unknown"
"7014852",371861,2025-10-04 13:46:56,43.1839218139648,-9.09353160858154,"Unknown"
"7014852",371861,2025-10-04 13:51:58,43.1838493347168,-9.093430519104,"Unknown"
"7014852",371861,2025-10-04 13:57:00,43.185245513916,-9.09229564666748,"Unknown"
"7014852",371861,2025-10-04 14:01:56,43.184497833252,-9.09355449676514,"Unknown"
"7014852",371861,2025-10-04 14:06:56,43.184440612793,-9.09332847595215,"Unknown"
"7014852",371861,2025-10-04 14:11:58,43.1843376159668,-9.09293365478516,"Unknown"
"7014852",371861,2025-10-04 14:17:03,43.1840896606445,-9.09334850311279,"Unknown"
"7014852",371861,2025-10-04 14:21:57,43.1850700378418,-9.09427642822266,"Unknown"
"7014852",371861,2025-10-04 14:27:03,43.1840553283691,-9.09252548217773,"Unknown"
"7014852",371861,2025-10-04 14:32:08,43.184268951416,-9.09325695037842,"Unknown"
"7014852",371861,2025-10-04 14:37:06,43.1841201782227,-9.09323596954346,"Unknown"
"7014852",371861,2025-10-04 14:41:57,43.1845588684082,-9.09131717681885,"Unknown"
"7014852",371861,2025-10-04 14:46:57,43.1848831176758,-9.09165382385254,"Unknown"
"7014852",371861,2025-10-04 14:51:56,43.1846961975098,-9.09144496917725,"Unknown"
"7014852",371861,2025-10-04 14:56:56,43.1891174316406,-9.11449813842773,"Unknown"
"7014852",371861,2025-10-04 15:01:56,43.192554473877,-9.1467342376709,"Unknown"
"7014852",371861,2025-10-04 15:06:56,43.1839179992676,-9.17464637756348,"Unknown"
"7014852",371861,2025-10-04 15:11:59,43.1681098937988,-9.2007417678833,"Unknown"
"7014852",371861,2025-10-04 15:16:58,43.1665496826172,-9.19877338409424,"Unknown"
"7014852",371861,2025-10-04 15:21:57,43.1662864685059,-9.19915771484375,"Unknown"
"7014852",371861,2025-10-04 15:26:57,43.1661911010742,-9.19977951049805,"Unknown"
"7014852",371861,2025-10-04 15:31:56,43.1655387878418,-9.20336627960205,"Unknown"
"7014852",371861,2025-10-04 15:36:57,43.1654434204102,-9.2038745880127,"Unknown"
"7014852",371861,2025-10-04 15:41:58,43.162036895752,-9.21268272399902,"Unknown"
"7014852",371861,2025-10-04 15:46:59,43.1627044677734,-9.21299934387207,"Unknown"
"7014852",371861,2025-10-04 15:51:57,43.1627235412598,-9.21248054504395,"Unknown"
"7014852",371861,2025-10-04 15:56:59,43.1626358032227,-9.212890625,"Unknown"
"7014852",371861,2025-10-04 16:01:57,43.1631278991699,-9.21169567108154,"Unknown"
"7014852",371861,2025-10-04 16:06:57,43.1628723144531,-9.21257781982422,"Unknown"
"7014852",371861,2025-10-04 16:11:59,43.1627807617188,-9.21268177032471,"Unknown"
"7014852",371861,2025-10-04 16:16:59,43.1630096435547,-9.21251964569092,"Unknown"
"7014852",371861,2025-10-04 16:21:57,43.1629524230957,-9.21276950836182,"Unknown"
"7014852",371861,2025-10-04 16:26:57,43.1629524230957,-9.21264839172363,"Unknown"
"7014852",371861,2025-10-04 16:31:59,43.1630172729492,-9.21261978149414,"Unknown"
"7014852",371861,2025-10-04 16:36:59,43.1629066467285,-9.21277236938477,"Unknown"
"7014852",371861,2025-10-04 16:41:58,43.1629791259766,-9.21275329589844,"Unknown"
"7014852",371861,2025-10-04 16:47:16,43.1628074645996,-9.21319580078125,"Unknown"
"7014852",371861,2025-10-04 16:52:04,43.162899017334,-9.21330451965332,"Unknown"
"7014852",371861,2025-10-04 16:56:59,43.162899017334,-9.21319103240967,"Unknown"
"7014852",371861,2025-10-04 17:02:01,43.1627998352051,-9.21296882629395,"Unknown"
"7014852",371861,2025-10-04 17:06:59,43.162914276123,-9.21327781677246,"Unknown"
"7014852",371861,2025-10-04 17:11:59,43.162956237793,-9.21328353881836,"Unknown"
"7014852",371861,2025-10-04 17:17:01,43.162841796875,-9.21322250366211,"Unknown"
"7014852",371861,2025-10-04 17:22:00,43.163028717041,-9.21349430084229,"Unknown"
"7014852",371861,2025-10-04 17:27:04,43.1631622314453,-9.21351051330566,"Unknown"
"7014852",371861,2025-10-04 17:32:06,43.1632041931152,-9.21346282958984,"Unknown"
"7014852",371861,2025-10-04 17:37:00,43.1630706787109,-9.21342754364014,"Unknown"
"7014852",371861,2025-10-04 17:41:57,43.1630325317383,-9.21340847015381,"Unknown"
"7014852",371861,2025-10-04 17:46:57,43.1630706787109,-9.21342658996582,"Unknown"
"7014852",371861,2025-10-04 17:51:58,43.1630058288574,-9.21345138549805,"Unknown"
"7014852",371861,2025-10-04 17:57:00,43.1630706787109,-9.21345806121826,"Unknown"
"7014852",371861,2025-10-04 18:02:04,43.1631660461426,-9.21359443664551,"Unknown"
"7014852",371861,2025-10-04 18:06:57,43.1630630493164,-9.21341609954834,"Unknown"
"7014852",371861,2025-10-04 18:12:09,43.1630401611328,-9.21356678009033,"Unknown"
"7014852",371861,2025-10-04 18:16:58,43.1633491516113,-9.21366691589355,"Unknown"
"7014852",371861,2025-10-04 18:22:06,43.1630401611328,-9.21353912353516,"Unknown"
"7014852",371861,2025-10-04 18:26:58,43.1627578735352,-9.21340084075928,"Unknown"
"7014852",371861,2025-10-04 18:32:06,43.1629066467285,-9.21365737915039,"Unknown"
"7014852",371861,2025-10-04 18:37:00,43.1627006530762,-9.21358299255371,"Unknown"
"7014852",371861,2025-10-04 18:42:15,43.162914276123,-9.21322917938232,"Unknown"
"7014852",371861,2025-10-04 18:47:06,43.1626815795898,-9.21358680725098,"Unknown"
"7014852",371861,2025-10-04 18:50:09,43.1626052856445,-9.21337985992432,"Unknown"
"7014852",371861,2025-10-04 23:50:10,43.1630706787109,-9.21343517303467,"Unknown"
"7014852",371861,2025-10-05 04:50:35,43.1630554199219,-9.21322917938232,"Unknown"
"7014852",371861,2025-10-05 06:43:20,43.1845397949219,-9.09154605865479,"Unknown"
"7014852",371861,2025-10-05 06:48:33,43.1844367980957,-9.09071254730225,"Unknown"
"7014852",371861,2025-10-05 06:53:12,43.1846199035645,-9.09129333496094,"Unknown"
"7014852",371861,2025-10-05 06:58:20,43.1853332519531,-9.09091663360596,"Unknown"
"7014852",371861,2025-10-05 07:03:13,43.1846504211426,-9.09149646759033,"Unknown"
"7014852",371861,2025-10-05 07:08:31,43.184700012207,-9.09175491333008,"Unknown"
"7014852",371861,2025-10-05 07:13:14,43.1850852966309,-9.09170627593994,"Unknown"
"7014852",371861,2025-10-05 07:18:10,43.1854248046875,-9.09140586853027,"Unknown"
"7014852",371861,2025-10-05 07:23:09,43.1847114562988,-9.09136486053467,"Unknown"
"7014852",371861,2025-10-05 07:28:07,43.1846694946289,-9.09140300750732,"Unknown"
"7014852",371861,2025-10-05 07:33:10,43.1850547790527,-9.09131717681885,"Unknown"
"7014852",371861,2025-10-05 07:38:06,43.1850357055664,-9.09183597564697,"Unknown"
"7014852",371861,2025-10-05 07:43:10,43.1850433349609,-9.09189128875732,"Unknown"
"7014852",371861,2025-10-05 07:48:11,43.1848373413086,-9.09185791015625,"Unknown"
"7014852",371861,2025-10-05 07:53:06,43.184928894043,-9.09200286865234,"Unknown"
"7014852",371861,2025-10-05 07:58:06,43.1850624084473,-9.09208297729492,"Unknown"
"7014852",371861,2025-10-05 08:03:08,43.1850967407227,-9.0913028717041,"Unknown"
"7014852",371861,2025-10-05 08:08:04,43.1854362487793,-9.09140872955322,"Unknown"
"7014852",371861,2025-10-05 08:13:09,43.1854019165039,-9.09135055541992,"Unknown"
"7014852",371861,2025-10-05 08:18:10,43.1854820251465,-9.09134387969971,"Unknown"
"7014852",371861,2025-10-05 08:23:08,43.184757232666,-9.09132194519043,"Unknown"
"7014852",371861,2025-10-05 08:28:20,43.1848640441895,-9.09180641174316,"Unknown"
"7014852",371861,2025-10-05 08:33:09,43.1851501464844,-9.09233570098877,"Unknown"
"7014852",371861,2025-10-05 08:38:09,43.1854209899902,-9.09183025360107,"Unknown"
"7014852",371861,2025-10-05 08:43:09,43.1855049133301,-9.09155464172363,"Unknown"
"7014852",371861,2025-10-05 08:48:08,43.1848068237305,-9.09140777587891,"Unknown"
"7014852",371861,2025-10-05 08:53:09,43.1848030090332,-9.09138298034668,"Unknown"
"7014852",371861,2025-10-05 08:58:10,43.1848640441895,-9.09196758270264,"Unknown"
"7014852",371861,2025-10-05 09:03:28,43.1842384338379,-9.09266471862793,"Unknown"
"7014852",371861,2025-10-05 09:08:25,43.1836700439453,-9.09335041046143,"Unknown"
"7014852",371861,2025-10-05 09:13:23,43.1842765808105,-9.09315967559814,"Unknown"
"7014852",371861,2025-10-05 09:18:18,43.1844711303711,-9.09327220916748,"Unknown"
"7014852",371861,2025-10-05 09:23:26,43.1842346191406,-9.09329795837402,"Unknown"
"7014852",371861,2025-10-05 09:28:22,43.1862983703613,-9.09291458129883,"Unknown"
"7014852",371861,2025-10-05 09:33:18,43.1837615966797,-9.0927038192749,"Unknown"
"7014852",371861,2025-10-05 09:38:09,43.1866569519043,-9.09292411804199,"Unknown"
"7014852",371861,2025-10-05 09:43:35,43.1847305297852,-9.09135818481445,"Unknown"
"7014852",371861,2025-10-05 09:48:08,43.1848182678223,-9.09121990203857,"Unknown"
"7014852",371861,2025-10-05 09:53:09,43.1848030090332,-9.09149837493896,"Unknown"
"7014852",371861,2025-10-05 09:58:07,43.184928894043,-9.09194660186768,"Unknown"
"7014852",371861,2025-10-05 10:03:04,43.183032989502,-9.09254455566406,"Unknown"
"7014852",371861,2025-10-05 10:08:09,43.1833381652832,-9.09249210357666,"Unknown"
"7014852",371861,2025-10-05 10:13:04,43.1832160949707,-9.09244632720947,"Unknown"
"7014852",371861,2025-10-05 10:18:08,43.1833457946777,-9.09290790557861,"Unknown"
"7014852",371861,2025-10-05 10:23:09,43.1831512451172,-9.09263324737549,"Unknown"
"7014852",371861,2025-10-05 10:28:10,43.1831893920898,-9.09277153015137,"Unknown"
"7014852",371861,2025-10-05 10:33:07,43.1830787658691,-9.09270191192627,"Unknown"
"7014852",371861,2025-10-05 10:38:11,43.1831741333008,-9.09256458282471,"Unknown"
"7014852",371861,2025-10-05 10:43:12,43.1830596923828,-9.09316825866699,"Unknown"
"7014852",371861,2025-10-05 10:48:11,43.1832160949707,-9.09256172180176,"Unknown"
"7014852",371861,2025-10-05 10:53:08,43.1830215454102,-9.092604637146,"Unknown"
"7014852",371861,2025-10-05 10:58:07,43.1831398010254,-9.09246444702148,"Unknown"
"7014852",371861,2025-10-05 11:03:12,43.1829872131348,-9.09251117706299,"Unknown"
"7014852",371861,2025-10-05 11:08:35,43.183235168457,-9.09265327453613,"Unknown"
"7014852",371861,2025-10-05 11:13:05,43.1856155395508,-9.09106254577637,"Unknown"
"7014852",371861,2025-10-05 11:18:04,43.1824340820312,-9.09165382385254,"Unknown"
"7014852",371861,2025-10-05 11:23:04,43.1804504394531,-9.09144496917725,"Unknown"
"7014852",371861,2025-10-05 11:28:05,43.1802062988281,-9.0914945602417,"Unknown"
"7014852",371861,2025-10-05 11:33:06,43.180061340332,-9.09156513214111,"Unknown"
"7014852",371861,2025-10-05 11:38:07,43.1800880432129,-9.09157371520996,"Unknown"
"7014852",371861,2025-10-05 11:43:06,43.1800498962402,-9.09161949157715,"Unknown"
"7014852",371861,2025-10-05 11:48:06,43.1800689697266,-9.09162998199463,"Unknown"
"7014852",371861,2025-10-05 11:53:06,43.1799392700195,-9.09163379669189,"Unknown"
"7014852",371861,2025-10-05 11:58:06,43.1823921203613,-9.09191513061523,"Unknown"
"7014852",371861,2025-10-05 12:03:07,43.185302734375,-9.10536003112793,"Unknown"
"7014852",371861,2025-10-05 12:08:12,43.1851501464844,-9.10577583312988,"Unknown"
"7014852",371861,2025-10-05 12:13:05,43.1897621154785,-9.11421585083008,"Unknown"
"7014852",371861,2025-10-05 12:18:06,43.1894340515137,-9.11466026306152,"Unknown"
"7014852",371861,2025-10-05 12:23:06,43.189510345459,-9.11470985412598,"Unknown"
"7014852",371861,2025-10-05 12:28:05,43.1895408630371,-9.11464214324951,"Unknown"
"7014852",371861,2025-10-05 12:33:06,43.1896018981934,-9.1145658493042,"Unknown"
"7014852",371861,2025-10-05 12:38:07,43.1896133422852,-9.11454391479492,"Unknown"
"7014852",371861,2025-10-05 12:43:07,43.1895790100098,-9.11458396911621,"Unknown"
"7014852",371861,2025-10-05 12:48:08,43.1896133422852,-9.1142692565918,"Unknown"
"7014852",371861,2025-10-05 12:53:15,43.1896286010742,-9.11450386047363,"Unknown"
"7014852",371861,2025-10-05 12:58:07,43.1895790100098,-9.1145658493042,"Unknown"
"7014852",371861,2025-10-05 13:03:07,43.1896362304688,-9.11454677581787,"Unknown"
"7014852",371861,2025-10-05 13:08:06,43.1911315917969,-9.11343860626221,"Unknown"
"7014852",371861,2025-10-05 13:13:07,43.188793182373,-9.15311336517334,"Unknown"
"7014852",371861,2025-10-05 13:18:07,43.1807861328125,-9.18134593963623,"Unknown"
"7014852",371861,2025-10-05 13:23:06,43.1795768737793,-9.18223762512207,"Unknown"
"7014852",371861,2025-10-05 13:28:08,43.1789016723633,-9.18295383453369,"Unknown"
"7014852",371861,2025-10-05 13:33:10,43.1783256530762,-9.18293285369873,"Unknown"
"7014852",371861,2025-10-05 13:38:13,43.1790771484375,-9.18243026733398,"Unknown"
"7014852",371861,2025-10-05 13:43:13,43.1783103942871,-9.18311786651611,"Unknown"
"7014852",371861,2025-10-05 13:48:35,43.1772613525391,-9.18353176116943,"Unknown"
"7014852",371861,2025-10-05 13:53:05,43.1770820617676,-9.18357372283936,"Unknown"
"7014852",371861,2025-10-05 13:58:05,43.1786766052246,-9.18246459960938,"Unknown"
"7014852",371861,2025-10-05 14:03:05,43.1796875,-9.18081951141357,"Unknown"
"7014852",371861,2025-10-05 14:08:14,43.1805725097656,-9.17774486541748,"Unknown"
"7014852",371861,2025-10-05 14:13:07,43.1777877807617,-9.18256282806396,"Unknown"
"7014852",371861,2025-10-05 14:18:06,43.1766319274902,-9.18500518798828,"Unknown"
"7014852",371861,2025-10-05 14:23:09,43.1761283874512,-9.18571281433105,"Unknown"
"7014852",371861,2025-10-05 14:28:14,43.1610870361328,-9.21081829071045,"Unknown"
"7014852",371861,2025-10-05 14:33:09,43.1614227294922,-9.2108736038208,"Unknown"
"7014852",371861,2025-10-05 14:38:08,43.1607933044434,-9.21077537536621,"Unknown"
"7014852",371861,2025-10-05 14:43:10,43.1606063842773,-9.21070194244385,"Unknown"
"7014852",371861,2025-10-05 14:48:10,43.1608352661133,-9.21076965332031,"Unknown"
"7014852",371861,2025-10-05 14:53:13,43.1608963012695,-9.2107458114624,"Unknown"
"7014852",371861,2025-10-05 14:58:08,43.1607284545898,-9.21068382263184,"Unknown"
"7014852",371861,2025-10-05 15:03:09,43.1608352661133,-9.21069431304932,"Unknown"
"7014852",371861,2025-10-05 15:08:09,43.1607666015625,-9.21075916290283,"Unknown"
"7014852",371861,2025-10-05 15:13:08,43.160758972168,-9.21074771881104,"Unknown"
"7014852",371861,2025-10-05 15:18:10,43.1607704162598,-9.21075248718262,"Unknown"
"7014852",371861,2025-10-05 15:23:09,43.1606254577637,-9.2108211517334,"Unknown"
"7014852",371861,2025-10-05 15:28:08,43.1607475280762,-9.21063995361328,"Unknown"
"7014852",371861,2025-10-05 15:33:07,43.1606674194336,-9.21070766448975,"Unknown"
"7014852",371861,2025-10-05 15:38:07,43.1612129211426,-9.20930099487305,"Unknown"
"7014852",371861,2025-10-05 15:43:10,43.160774230957,-9.21042537689209,"Unknown"
"7014852",371861,2025-10-05 15:48:33,43.160701751709,-9.21075534820557,"Unknown"
"7014852",371861,2025-10-05 15:53:06,43.1606636047363,-9.21079921722412,"Unknown"
"7014852",371861,2025-10-05 15:58:06,43.1606979370117,-9.21122264862061,"Unknown"
"7014852",371861,2025-10-05 16:03:06,43.1605987548828,-9.21119689941406,"Unknown"
"7014852",371861,2025-10-05 16:08:05,43.1607055664062,-9.2113094329834,"Unknown"
"7014852",371861,2025-10-05 16:13:06,43.1622428894043,-9.21271991729736,"Unknown"
"7014852",371861,2025-10-05 16:18:07,43.1607360839844,-9.21083450317383,"Unknown"
"7014852",371861,2025-10-05 16:23:06,43.1608848571777,-9.21088123321533,"Unknown"
"7014852",371861,2025-10-05 16:28:06,43.1608848571777,-9.21089267730713,"Unknown"
"7014852",371861,2025-10-05 16:33:08,43.160816192627,-9.21087169647217,"Unknown"
"7014852",371861,2025-10-05 16:38:09,43.160831451416,-9.21078300476074,"Unknown"
"7014852",371861,2025-10-05 16:43:07,43.1612777709961,-9.2109956741333,"Unknown"
"7014852",371861,2025-10-05 16:48:35,43.1610145568848,-9.21113014221191,"Unknown"
"7014852",371861,2025-10-05 16:53:04,43.1609573364258,-9.21106433868408,"Unknown"
"7014852",371861,2025-10-05 16:58:04,43.1609992980957,-9.21120452880859,"Unknown"
"7014852",371861,2025-10-05 17:03:06,43.1609687805176,-9.21109294891357,"Unknown"
"7014852",371861,2025-10-05 17:08:06,43.1609649658203,-9.21106910705566,"Unknown"
"7014852",371861,2025-10-05 17:13:06,43.1610298156738,-9.21128749847412,"Unknown"
"7014852",371861,2025-10-05 17:18:08,43.1610794067383,-9.21127605438232,"Unknown"
"7014852",371861,2025-10-05 17:23:07,43.1611328125,-9.21108341217041,"Unknown"
"7014852",371861,2025-10-05 17:28:09,43.1609497070312,-9.21107959747314,"Unknown"
"7014852",371861,2025-10-05 17:33:09,43.1611137390137,-9.21113300323486,"Unknown"
"7014852",371861,2025-10-05 17:38:09,43.1611022949219,-9.21116638183594,"Unknown"
"7014852",371861,2025-10-05 17:43:08,43.1611404418945,-9.2111234664917,"Unknown"
"7014852",371861,2025-10-05 17:48:08,43.160758972168,-9.21115303039551,"Unknown"
"7014852",371861,2025-10-05 17:53:10,43.1608047485352,-9.21111869812012,"Unknown"
"7014852",371861,2025-10-05 17:58:09,43.1608772277832,-9.21117401123047,"Unknown"
"7014852",371861,2025-10-05 18:03:06,43.1608505249023,-9.21117782592773,"Unknown"
"7014852",371861,2025-10-05 18:08:07,43.1609382629395,-9.21119689941406,"Unknown"
"7014852",371861,2025-10-05 18:13:07,43.1606521606445,-9.21117687225342,"Unknown"
"7014852",371861,2025-10-05 18:18:07,43.1608009338379,-9.21120738983154,"Unknown"
"7014852",371861,2025-10-05 18:23:06,43.1608734130859,-9.2112455368042,"Unknown"
"7014852",371861,2025-10-05 18:28:06,43.1608238220215,-9.21120834350586,"Unknown"
"7014852",371861,2025-10-05 18:33:06,43.1607818603516,-9.21114730834961,"Unknown"
"7014852",371861,2025-10-05 18:38:06,43.1607055664062,-9.21107769012451,"Unknown"
"7014852",371861,2025-10-05 18:43:06,43.1629447937012,-9.21292304992676,"Unknown"
"7014852",371861,2025-10-05 18:48:29,43.1629180908203,-9.21296787261963,"Unknown"
"7014852",371861,2025-10-05 23:48:59,43.162784576416,-9.21252536773682,"Unknown"
"7014852",371861,2025-10-06 04:48:59,43.1629333496094,-9.21291542053223,"Unknown"
"7014852",371861,2025-10-06 06:44:21,43.1858100891113,-9.10552978515625,"Unknown"
"7014852",371861,2025-10-06 06:49:23,43.1850242614746,-9.10488128662109,"Unknown"
"7014852",371861,2025-10-06 06:54:44,43.1853485107422,-9.10524368286133,"Unknown"
"7014852",371861,2025-10-06 06:59:17,43.1851577758789,-9.10545921325684,"Unknown"
"7014852",371861,2025-10-06 07:04:53,43.185676574707,-9.10560512542725,"Unknown"
"7014852",371861,2025-10-06 07:09:17,43.1868133544922,-9.09372806549072,"Unknown"
"7014852",371861,2025-10-06 07:14:20,43.1835784912109,-9.09261608123779,"Unknown"
"7014852",371861,2025-10-06 07:19:17,43.1816253662109,-9.09115314483643,"Unknown"
"7014852",371861,2025-10-06 07:24:17,43.1790466308594,-9.09179496765137,"Unknown"
"7014852",371861,2025-10-06 07:29:18,43.1816482543945,-9.09112453460693,"Unknown"
"7014852",371861,2025-10-06 07:34:19,43.1850662231445,-9.09203147888184,"Unknown"
"7014852",371861,2025-10-06 07:39:19,43.1838340759277,-9.09261035919189,"Unknown"
"7014852",371861,2025-10-06 07:44:19,43.1836357116699,-9.09297752380371,"Unknown"
"7014852",371861,2025-10-06 07:49:19,43.1843681335449,-9.09332466125488,"Unknown"
"7014852",371861,2025-10-06 07:54:22,43.1841163635254,-9.09330654144287,"Unknown"
"7014852",371861,2025-10-06 07:59:21,43.1842460632324,-9.09316253662109,"Unknown"
"7014852",371861,2025-10-06 08:04:20,43.1838607788086,-9.09309101104736,"Unknown"
"7014852",371861,2025-10-06 08:09:18,43.183967590332,-9.0929594039917,"Unknown"
"7014852",371861,2025-10-06 08:14:17,43.1839790344238,-9.09284114837646,"Unknown"
"7014852",371861,2025-10-06 08:19:17,43.1872291564941,-9.08956050872803,"Unknown"
"7014852",371861,2025-10-06 08:24:17,43.1851806640625,-9.09081363677979,"Unknown"
"7014852",371861,2025-10-06 08:29:18,43.1850357055664,-9.09087657928467,"Unknown"
"7014852",371861,2025-10-06 08:34:20,43.1799850463867,-9.09227657318115,"Unknown"
"7014852",371861,2025-10-06 08:39:31,43.1799812316895,-9.09222602844238,"Unknown"
"7014852",371861,2025-10-06 08:44:20,43.1849098205566,-9.09151172637939,"Unknown"
"7014852",371861,2025-10-06 08:49:28,43.1845436096191,-9.09194564819336,"Unknown"
"7014852",371861,2025-10-06 08:54:33,43.1845283508301,-9.09193515777588,"Unknown"
"7014852",371861,2025-10-06 08:59:21,43.1844596862793,-9.09102725982666,"Unknown"
"7014852",371861,2025-10-06 09:04:30,43.1844787597656,-9.09184265136719,"Unknown"
"7014852",371861,2025-10-06 09:09:19,43.1838989257812,-9.0925989151001,"Unknown"
"7014852",371861,2025-10-06 09:14:18,43.1876182556152,-9.09974098205566,"Unknown"
"7014852",371861,2025-10-06 09:19:19,43.1875495910645,-9.10035991668701,"Unknown"
"7014852",371861,2025-10-06 09:24:20,43.1876792907715,-9.10022926330566,"Unknown"
"7014852",371861,2025-10-06 09:29:17,43.1898002624512,-9.10109424591064,"Unknown"
"7014852",371861,2025-10-06 09:34:44,43.1900405883789,-9.10103797912598,"Unknown"
"7014852",371861,2025-10-06 09:39:17,43.1899223327637,-9.1010799407959,"Unknown"
"7014852",371861,2025-10-06 09:44:43,43.1900634765625,-9.10090923309326,"Unknown"
"7014852",371861,2025-10-06 09:49:17,43.1898574829102,-9.10126876831055,"Unknown"
"7014852",371861,2025-10-06 09:54:17,43.1898803710938,-9.10117530822754,"Unknown"
"7014852",371861,2025-10-06 09:59:17,43.1899566650391,-9.10122585296631,"Unknown"
"7014852",371861,2025-10-06 10:04:17,43.1900062561035,-9.10124206542969,"Unknown"
"7014852",371861,2025-10-06 10:09:17,43.1898002624512,-9.10158824920654,"Unknown"
"7014852",371861,2025-10-06 10:14:17,43.1899337768555,-9.10125255584717,"Unknown"
"7014852",371861,2025-10-06 10:19:18,43.1850204467773,-9.09137535095215,"Unknown"
"7014852",371861,2025-10-06 10:24:19,43.1850700378418,-9.09155178070068,"Unknown"
"7014852",371861,2025-10-06 10:29:17,43.1852645874023,-9.09183979034424,"Unknown"
"7014852",371861,2025-10-06 10:34:18,43.1852989196777,-9.09190940856934,"Unknown"
"7014852",371861,2025-10-06 10:39:18,43.1853408813477,-9.09191417694092,"Unknown"
"7014852",371861,2025-10-06 10:44:22,43.1834030151367,-9.09262752532959,"Unknown"
"7014852",371861,2025-10-06 10:49:17,43.1837577819824,-9.09213733673096,"Unknown"
"7014852",371861,2025-10-06 10:54:18,43.1851768493652,-9.09215641021729,"Unknown"
"7014852",371861,2025-10-06 10:59:17,43.1851501464844,-9.09175491333008,"Unknown"
"7014852",371861,2025-10-06 11:04:20,43.1847457885742,-9.09195995330811,"Unknown"
"7014852",371861,2025-10-06 11:09:19,43.1847343444824,-9.09188270568848,"Unknown"
"7014852",371861,2025-10-06 11:14:17,43.1848640441895,-9.09232616424561,"Unknown"
"7014852",371861,2025-10-06 11:19:53,43.1845817565918,-9.09185409545898,"Unknown"
"7014852",371861,2025-10-06 11:24:17,43.1847991943359,-9.09200382232666,"Unknown"
"7014852",371861,2025-10-06 11:29:19,43.1847801208496,-9.09088325500488,"Unknown"
"7014852",371861,2025-10-06 11:34:17,43.1847076416016,-9.09049701690674,"Unknown"
"7014852",371861,2025-10-06 11:39:19,43.1847763061523,-9.09069919586182,"Unknown"
"7014852",371861,2025-10-06 11:44:19,43.184944152832,-9.09083366394043,"Unknown"
"7014852",371861,2025-10-06 11:49:18,43.1848030090332,-9.09060478210449,"Unknown"
"7014852",371861,2025-10-06 11:54:44,43.1849975585938,-9.09090423583984,"Unknown"
"7014852",371861,2025-10-06 11:59:17,43.1849670410156,-9.09119319915771,"Unknown"
"7014852",371861,2025-10-06 12:04:18,43.184944152832,-9.09072303771973,"Unknown"
"7014852",371861,2025-10-06 12:09:17,43.1850967407227,-9.09112071990967,"Unknown"
"7014852",371861,2025-10-06 12:14:19,43.1852149963379,-9.09082508087158,"Unknown"
"7014852",371861,2025-10-06 12:19:17,43.1850624084473,-9.09092044830322,"Unknown"
"7014852",371861,2025-10-06 12:24:17,43.1852798461914,-9.09116744995117,"Unknown"
"7014852",371861,2025-10-06 12:29:19,43.1851043701172,-9.09089660644531,"Unknown"
"7014852",371861,2025-10-06 12:34:18,43.1848220825195,-9.09027767181396,"Unknown"
"7014852",371861,2025-10-06 12:39:32,43.1851844787598,-9.09102249145508,"Unknown"
"7014852",371861,2025-10-06 12:44:18,43.1851196289062,-9.09123611450195,"Unknown"
"7014852",371861,2025-10-06 12:49:25,43.1882629394531,-9.0937442779541,"Unknown"
"7014852",371861,2025-10-06 12:54:17,43.1949691772461,-9.11990737915039,"Unknown"
"7014852",371861,2025-10-06 12:59:44,43.1912879943848,-9.14997291564941,"Unknown"
"7014852",371861,2025-10-06 13:04:17,43.1850852966309,-9.16302680969238,"Unknown"
"7014852",371861,2025-10-06 13:09:17,43.171875,-9.17910003662109,"Unknown"
"7014852",371861,2025-10-06 13:14:44,43.1746520996094,-9.17794418334961,"Unknown"
"7014852",371861,2025-10-06 13:19:17,43.1745910644531,-9.17811298370361,"Unknown"
"7014852",371861,2025-10-06 13:24:21,43.1745986938477,-9.1779146194458,"Unknown"
"7014852",371861,2025-10-06 13:29:17,43.174747467041,-9.17783641815186,"Unknown"
"7014852",371861,2025-10-06 13:34:25,43.1745910644531,-9.17769622802734,"Unknown"
"7014852",371861,2025-10-06 13:39:17,43.180606842041,-9.17805576324463,"Unknown"
"7014852",371861,2025-10-06 13:44:19,43.1801795959473,-9.17796516418457,"Unknown"
"7014852",371861,2025-10-06 13:49:17,43.1802101135254,-9.17798233032227,"Unknown"
"7014852",371861,2025-10-06 13:54:19,43.1827087402344,-9.18202495574951,"Unknown"
"7014852",371861,2025-10-06 13:59:17,43.1879348754883,-9.17048168182373,"Unknown"
"7014852",371861,2025-10-06 14:04:18,43.1932334899902,-9.14486598968506,"Unknown"
"7014852",371861,2025-10-06 14:09:18,43.1942825317383,-9.11588001251221,"Unknown"
"7014852",371861,2025-10-06 14:14:18,43.1872482299805,-9.10461902618408,"Unknown"
"7014852",371861,2025-10-06 14:19:17,43.1873970031738,-9.10419940948486,"Unknown"
"7014852",371861,2025-10-06 14:24:17,43.1872711181641,-9.10406112670898,"Unknown"
"7014852",371861,2025-10-06 14:29:19,43.1873474121094,-9.10439586639404,"Unknown"
"7014852",371861,2025-10-06 14:34:18,43.1873970031738,-9.10421180725098,"Unknown"
"7014852",371861,2025-10-06 14:39:18,43.187427520752,-9.10411071777344,"Unknown"
"7014852",371861,2025-10-06 14:44:17,43.1877555847168,-9.10409069061279,"Unknown"
"7014852",371861,2025-10-06 14:49:17,43.1878776550293,-9.10387897491455,"Unknown"
"7014852",371861,2025-10-06 14:54:18,43.1876754760742,-9.10404300689697,"Unknown"
"7014852",371861,2025-10-06 14:59:20,43.187328338623,-9.10407543182373,"Unknown"
"7014852",371861,2025-10-06 15:04:19,43.1874542236328,-9.1041431427002,"Unknown"
"7014852",371861,2025-10-06 15:09:18,43.1876029968262,-9.10381889343262,"Unknown"
"7014852",371861,2025-10-06 15:14:17,43.1874198913574,-9.10416030883789,"Unknown"
"7014852",371861,2025-10-06 15:19:18,43.1871070861816,-9.1043758392334,"Unknown"
"7014852",371861,2025-10-06 15:24:18,43.187572479248,-9.1041145324707,"Unknown"
"7014852",371861,2025-10-06 15:29:18,43.1874580383301,-9.10452365875244,"Unknown"
"7014852",371861,2025-10-06 15:34:17,43.1878623962402,-9.1050910949707,"Unknown"
"7014852",371861,2025-10-06 15:39:18,43.1875877380371,-9.10481357574463,"Unknown"
"7014852",371861,2025-10-06 15:44:59,43.1884727478027,-9.10419654846191,"Unknown"
"7014852",371861,2025-10-06 15:49:20,43.1885070800781,-9.10444927215576,"Unknown"
"7014852",371861,2025-10-06 15:54:17,43.1884117126465,-9.10445594787598,"Unknown"
"7014852",371861,2025-10-06 15:59:18,43.1884765625,-9.10446834564209,"Unknown"
"7014852",371861,2025-10-06 16:04:44,43.1885185241699,-9.10449886322021,"Unknown"
"7014852",371861,2025-10-06 16:09:17,43.1885299682617,-9.10453510284424,"Unknown"
"7014852",371861,2025-10-06 16:14:18,43.1883773803711,-9.10412406921387,"Unknown"
"7014852",371861,2025-10-06 16:19:44,43.1885375976562,-9.10448360443115,"Unknown"
"7014852",371861,2025-10-06 16:24:18,43.1885375976562,-9.10445594787598,"Unknown"
"7014852",371861,2025-10-06 16:29:18,43.1884574890137,-9.10442733764648,"Unknown"
"7014852",371861,2025-10-06 16:34:19,43.1885757446289,-9.10449886322021,"Unknown"
"7014852",371861,2025-10-06 16:39:17,43.1976013183594,-9.12765979766846,"Unknown"
"7014852",371861,2025-10-06 16:44:17,43.1949348449707,-9.14993190765381,"Unknown"
"7014852",371861,2025-10-06 16:49:44,43.1948661804199,-9.14966869354248,"Unknown"
"7014852",371861,2025-10-06 16:54:17,43.194953918457,-9.14970302581787,"Unknown"
"7014852",371861,2025-10-06 16:59:17,43.1949806213379,-9.14972972869873,"Unknown"
"7014852",371861,2025-10-06 17:04:19,43.1948928833008,-9.1497220993042,"Unknown"
"7014852",371861,2025-10-06 17:09:19,43.1949729919434,-9.14971351623535,"Unknown"
"7014852",371861,2025-10-06 17:14:17,43.1948509216309,-9.14967155456543,"Unknown"
"7014852",371861,2025-10-06 17:19:18,43.1948928833008,-9.1498556137085,"Unknown"
"7014852",371861,2025-10-06 17:24:18,43.1948509216309,-9.14970779418945,"Unknown"
"7014852",371861,2025-10-06 17:29:17,43.19482421875,-9.14975738525391,"Unknown"
"7014852",371861,2025-10-06 17:34:17,43.194938659668,-9.14976215362549,"Unknown"
"7014852",371861,2025-10-06 17:39:22,43.1948318481445,-9.17840099334717,"Unknown"
"7014852",371861,2025-10-06 17:44:17,43.1687698364258,-9.21016502380371,"Unknown"
"7014852",371861,2025-10-06 17:49:44,43.1618881225586,-9.21330738067627,"Unknown"
"7014852",371861,2025-10-06 17:54:31,43.1603584289551,-9.2195291519165,"Unknown"
"7014852",371861,2025-10-06 17:59:30,43.1510810852051,-9.25253868103027,"Unknown"
"7014852",371861,2025-10-06 18:04:17,43.1606140136719,-9.27881908416748,"Unknown"
"7014852",371861,2025-10-06 18:09:22,43.1517143249512,-9.26792335510254,"Unknown"
"7014852",371861,2025-10-06 18:14:19,43.1451606750488,-9.25124835968018,"Unknown"
"7014852",371861,2025-10-06 18:19:22,43.1563453674316,-9.22315788269043,"Unknown"
"7014852",371861,2025-10-06 18:24:44,43.1626167297363,-9.21338748931885,"Unknown"
"7014852",371861,2025-10-06 18:29:19,43.1624145507812,-9.2131929397583,"Unknown"
"7014852",371861,2025-10-06 18:34:19,43.1625633239746,-9.21353721618652,"Unknown"
"7014852",371861,2025-10-06 18:39:30,43.162525177002,-9.21368980407715,"Unknown"
"7014852",371861,2025-10-06 18:44:29,43.1625747680664,-9.21439456939697,"Unknown"
"7014852",371861,2025-10-06 18:47:05,43.1625480651855,-9.21329593658447,"Unknown"
"7014852",371861,2025-10-06 23:46:44,43.1623992919922,-9.21324253082275,"Unknown"
"7014852",371861,2025-10-07 04:47:06,43.1625289916992,-9.21418571472168,"Unknown"
"7014852",371861,2025-10-07 06:45:26,43.185791015625,-9.10640239715576,"Unknown"
"7014852",371861,2025-10-07 06:49:59,43.1857223510742,-9.10634326934814,"Unknown"
"7014852",371861,2025-10-07 06:55:05,43.1856727600098,-9.10634517669678,"Unknown"
"7014852",371861,2025-10-07 07:00:00,43.1857833862305,-9.10637283325195,"Unknown"
"7014852",371861,2025-10-07 07:05:12,43.1852989196777,-9.10533809661865,"Unknown"
"7014852",371861,2025-10-07 07:09:57,43.1846733093262,-9.09151172637939,"Unknown"
"7014852",371861,2025-10-07 07:14:57,43.1822319030762,-9.09191608428955,"Unknown"
"7014852",371861,2025-10-07 07:20:04,43.1825981140137,-9.09193420410156,"Unknown"
"7014852",371861,2025-10-07 07:25:04,43.1824111938477,-9.09177398681641,"Unknown"
"7014852",371861,2025-10-07 07:30:06,43.1824111938477,-9.09179878234863,"Unknown"
"7014852",371861,2025-10-07 07:35:00,43.182918548584,-9.09304523468018,"Unknown"
"7014852",371861,2025-10-07 07:39:59,43.1813278198242,-9.09112071990967,"Unknown"
"7014852",371861,2025-10-07 07:45:12,43.1808471679688,-9.09123516082764,"Unknown"
"7014852",371861,2025-10-07 07:49:57,43.1809234619141,-9.09113883972168,"Unknown"
"7014852",371861,2025-10-07 07:55:08,43.1814613342285,-9.09102630615234,"Unknown"
"7014852",371861,2025-10-07 08:00:13,43.1809234619141,-9.09045505523682,"Unknown"
"7014852",371861,2025-10-07 08:05:01,43.181640625,-9.09150886535645,"Unknown"
"7014852",371861,2025-10-07 08:10:04,43.1811370849609,-9.09083271026611,"Unknown"
"7014852",371861,2025-10-07 08:14:58,43.1810417175293,-9.09078216552734,"Unknown"
"7014852",371861,2025-10-07 08:20:01,43.1808929443359,-9.090895652771,"Unknown"
"7014852",371861,2025-10-07 08:24:59,43.1814613342285,-9.09177589416504,"Unknown"
"7014852",371861,2025-10-07 08:30:13,43.1809768676758,-9.09104442596436,"Unknown"
"7014852",371861,2025-10-07 08:34:59,43.1809120178223,-9.09100818634033,"Unknown"
"7014852",371861,2025-10-07 08:40:00,43.1806449890137,-9.09002208709717,"Unknown"
"7014852",371861,2025-10-07 08:44:58,43.1806602478027,-9.09007740020752,"Unknown"
"7014852",371861,2025-10-07 08:50:00,43.1811790466309,-9.09122753143311,"Unknown"
"7014852",371861,2025-10-07 08:55:09,43.1813201904297,-9.09178352355957,"Unknown"
"7014852",371861,2025-10-07 09:00:04,43.1811866760254,-9.09176158905029,"Unknown"
"7014852",371861,2025-10-07 09:05:04,43.181224822998,-9.09185600280762,"Unknown"
"7014852",371861,2025-10-07 09:10:14,43.1811408996582,-9.09189224243164,"Unknown"
"7014852",371861,2025-10-07 09:15:00,43.1813697814941,-9.09211158752441,"Unknown"
"7014852",371861,2025-10-07 09:20:12,43.1809997558594,-9.09121704101562,"Unknown"
"7014852",371861,2025-10-07 09:24:57,43.1810646057129,-9.09113883972168,"Unknown"
"7014852",371861,2025-10-07 09:30:04,43.1810188293457,-9.0911226272583,"Unknown"
"7014852",371861,2025-10-07 09:35:09,43.1815147399902,-9.09170341491699,"Unknown"
"7014852",371861,2025-10-07 09:40:07,43.1816635131836,-9.09197616577148,"Unknown"
"7014852",371861,2025-10-07 09:45:11,43.1815490722656,-9.09168720245361,"Unknown"
"7014852",371861,2025-10-07 09:50:06,43.1814804077148,-9.09161281585693,"Unknown"
"7014852",371861,2025-10-07 09:55:14,43.1845397949219,-9.09247207641602,"Unknown"
"7014852",371861,2025-10-07 10:00:01,43.184684753418,-9.09159278869629,"Unknown"
"7014852",371861,2025-10-07 10:05:04,43.1847648620605,-9.09135723114014,"Unknown"
"7014852",371861,2025-10-07 10:10:01,43.1835784912109,-9.09102344512939,"Unknown"
"7014852",371861,2025-10-07 10:15:00,43.180908203125,-9.09096813201904,"Unknown"
"7014852",371861,2025-10-07 10:20:03,43.1809577941895,-9.09124755859375,"Unknown"
"7014852",371861,2025-10-07 10:25:00,43.1808471679688,-9.091064453125,"Unknown"
"7014852",371861,2025-10-07 10:30:14,43.1809272766113,-9.0912389755249,"Unknown"
"7014852",371861,2025-10-07 10:34:57,43.1811714172363,-9.09158134460449,"Unknown"
"7014852",371861,2025-10-07 10:40:13,43.1809997558594,-9.09113025665283,"Unknown"
"7014852",371861,2025-10-07 10:45:00,43.1810684204102,-9.09112739562988,"Unknown"
"7014852",371861,2025-10-07 10:50:06,43.1809844970703,-9.09122562408447,"Unknown"
"7014852",371861,2025-10-07 10:55:00,43.1808662414551,-9.09099292755127,"Unknown"
"7014852",371861,2025-10-07 11:00:00,43.1806449890137,-9.09086132049561,"Unknown"
"7014852",371861,2025-10-07 11:05:01,43.1809387207031,-9.09088611602783,"Unknown"
"7014852",371861,2025-10-07 11:10:01,43.1807861328125,-9.09100437164307,"Unknown"
"7014852",371861,2025-10-07 11:15:06,43.1808319091797,-9.09092712402344,"Unknown"
"7014852",371861,2025-10-07 11:20:14,43.1809616088867,-9.09114074707031,"Unknown"
"7014852",371861,2025-10-07 11:25:03,43.1809501647949,-9.09115982055664,"Unknown"
"7014852",371861,2025-10-07 11:29:59,43.1808929443359,-9.09124660491943,"Unknown"
"7014852",371861,2025-10-07 11:35:03,43.1807708740234,-9.09101104736328,"Unknown"
"7014852",371861,2025-10-07 11:40:14,43.1835021972656,-9.09189128875732,"Unknown"
"7014852",371861,2025-10-07 11:45:04,43.1846771240234,-9.09174537658691,"Unknown"
"7014852",371861,2025-10-07 11:50:14,43.1848831176758,-9.0913667678833,"Unknown"
"7014852",371861,2025-10-07 11:54:58,43.1847076416016,-9.09143829345703,"Unknown"
"7014852",371861,2025-10-07 12:00:06,43.1848487854004,-9.09124088287354,"Unknown"
"7014852",371861,2025-10-07 12:04:57,43.1851119995117,-9.09109020233154,"Unknown"
"7014852",371861,2025-10-07 12:10:14,43.1848487854004,-9.09125709533691,"Unknown"
"7014852",371861,2025-10-07 12:15:01,43.1847763061523,-9.09103965759277,"Unknown"
"7014852",371861,2025-10-07 12:20:02,43.1848793029785,-9.09121894836426,"Unknown"
"7014852",371861,2025-10-07 12:24:57,43.1850090026855,-9.09087562561035,"Unknown"
"7014852",371861,2025-10-07 12:30:01,43.184757232666,-9.09164333343506,"Unknown"
"7014852",371861,2025-10-07 12:35:05,43.1851577758789,-9.09117317199707,"Unknown"
"7014852",371861,2025-10-07 12:40:00,43.1850357055664,-9.09127140045166,"Unknown"
"7014852",371861,2025-10-07 12:45:14,43.1848602294922,-9.09129524230957,"Unknown"
"7014852",371861,2025-10-07 12:50:06,43.1848106384277,-9.09141540527344,"Unknown"
"7014852",371861,2025-10-07 12:55:06,43.1848754882812,-9.09128189086914,"Unknown"
"7014852",371861,2025-10-07 13:00:01,43.1848487854004,-9.09124279022217,"Unknown"
"7014852",371861,2025-10-07 13:05:00,43.1842231750488,-9.09260559082031,"Unknown"
"7014852",371861,2025-10-07 13:10:09,43.1850204467773,-9.09123516082764,"Unknown"
"7014852",371861,2025-10-07 13:15:10,43.1851959228516,-9.09114742279053,"Unknown"
"7014852",371861,2025-10-07 13:20:00,43.1847038269043,-9.09158134460449,"Unknown"
"7014852",371861,2025-10-07 13:25:01,43.1849937438965,-9.09112453460693,"Unknown"
"7014852",371861,2025-10-07 13:29:57,43.1847457885742,-9.09152793884277,"Unknown"
"7014852",371861,2025-10-07 13:35:10,43.1849098205566,-9.09196186065674,"Unknown"
"7014852",371861,2025-10-07 13:40:09,43.1848030090332,-9.09169292449951,"Unknown"
"7014852",371861,2025-10-07 13:45:09,43.1847496032715,-9.09168910980225,"Unknown"
"7014852",371861,2025-10-07 13:50:12,43.1848106384277,-9.0916166305542,"Unknown"
"7014852",371861,2025-10-07 13:55:15,43.184757232666,-9.09165191650391,"Unknown"
"7014852",371861,2025-10-07 14:00:18,43.1847953796387,-9.09158611297607,"Unknown"
"7014852",371861,2025-10-07 14:05:11,43.1848335266113,-9.09169960021973,"Unknown"
"7014852",371861,2025-10-07 14:09:57,43.184814453125,-9.09176349639893,"Unknown"
"7014852",371861,2025-10-07 14:14:59,43.1846961975098,-9.09184741973877,"Unknown"
"7014852",371861,2025-10-07 14:20:01,43.1856346130371,-9.09259796142578,"Unknown"
"7014852",371861,2025-10-07 14:25:00,43.1858825683594,-9.09205341339111,"Unknown"
"7014852",371861,2025-10-07 14:30:00,43.1856803894043,-9.09261417388916,"Unknown"
"7014852",371861,2025-10-07 14:35:01,43.1856880187988,-9.09241390228271,"Unknown"
"7014852",371861,2025-10-07 14:40:25,43.1857376098633,-9.09261417388916,"Unknown"
"7014852",371861,2025-10-07 14:44:57,43.1856880187988,-9.09262847900391,"Unknown"
"7014852",371861,2025-10-07 14:49:57,43.1856536865234,-9.09240055084229,"Unknown"
"7014852",371861,2025-10-07 14:54:56,43.1856880187988,-9.09247398376465,"Unknown"
"7014852",371861,2025-10-07 14:59:56,43.1857376098633,-9.09252071380615,"Unknown"
"7014852",371861,2025-10-07 15:04:57,43.1857376098633,-9.09255599975586,"Unknown"
"7014852",371861,2025-10-07 15:09:56,43.1871109008789,-9.10076713562012,"Unknown"
"7014852",371861,2025-10-07 15:14:57,43.1886444091797,-9.10220146179199,"Unknown"
"7014852",371861,2025-10-07 15:19:57,43.1888122558594,-9.10240173339844,"Unknown"
"7014852",371861,2025-10-07 15:24:57,43.1878547668457,-9.10389041900635,"Unknown"
"7014852",371861,2025-10-07 15:29:57,43.1875686645508,-9.10391616821289,"Unknown"
"7014852",371861,2025-10-07 15:34:57,43.1875,-9.10391235351562,"Unknown"
"7014852",371861,2025-10-07 15:39:57,43.1871757507324,-9.10420036315918,"Unknown"
"7014852",371861,2025-10-07 15:44:59,43.1871719360352,-9.10431098937988,"Unknown"
"7014852",371861,2025-10-07 15:49:56,43.1873054504395,-9.1043586730957,"Unknown"
"7014852",371861,2025-10-07 15:54:58,43.194465637207,-9.12042713165283,"Unknown"
"7014852",371861,2025-10-07 16:00:00,43.1968955993652,-9.13599967956543,"Unknown"
"7014852",371861,2025-10-07 16:04:59,43.196891784668,-9.1358528137207,"Unknown"
"7014852",371861,2025-10-07 16:10:00,43.1969337463379,-9.13558769226074,"Unknown"
"7014852",371861,2025-10-07 16:14:59,43.1968765258789,-9.13578605651855,"Unknown"
"7014852",371861,2025-10-07 16:20:00,43.196907043457,-9.13578128814697,"Unknown"
"7014852",371861,2025-10-07 16:25:10,43.1968803405762,-9.1359691619873,"Unknown"
"7014852",371861,2025-10-07 16:29:57,43.1968994140625,-9.13607501983643,"Unknown"
"7014852",371861,2025-10-07 16:34:58,43.1968994140625,-9.13609600067139,"Unknown"
"7014852",371861,2025-10-07 16:39:57,43.1969032287598,-9.13617706298828,"Unknown"
"7014852",371861,2025-10-07 16:44:57,43.1968612670898,-9.13604545593262,"Unknown"
"7014852",371861,2025-10-07 16:50:07,43.1968574523926,-9.13579559326172,"Unknown"
"7014852",371861,2025-10-07 16:55:03,43.1968574523926,-9.13584136962891,"Unknown"
"7014852",371861,2025-10-07 16:59:58,43.1968078613281,-9.13585472106934,"Unknown"
"7014852",371861,2025-10-07 17:05:01,43.1969032287598,-9.13592052459717,"Unknown"
"7014852",371861,2025-10-07 17:10:11,43.197021484375,-9.13597393035889,"Unknown"
"7014852",371861,2025-10-07 17:14:57,43.1979293823242,-9.1366605758667,"Unknown"
"7014852",371861,2025-10-07 17:20:05,43.1976585388184,-9.13665866851807,"Unknown"
"7014852",371861,2025-10-07 17:25:07,43.1977920532227,-9.13691234588623,"Unknown"
"7014852",371861,2025-10-07 17:30:03,43.1977348327637,-9.13679695129395,"Unknown"
"7014852",371861,2025-10-07 17:35:06,43.1979637145996,-9.14293479919434,"Unknown"
"7014852",371861,2025-10-07 17:40:07,43.192626953125,-9.16783332824707,"Unknown"
"7014852",371861,2025-10-07 17:45:13,43.1844863891602,-9.19586372375488,"Unknown"
"7014852",371861,2025-10-07 17:55:29,43.1637115478516,-9.21413803100586,"Unknown"
"7014852",371861,2025-10-07 18:00:16,43.1632194519043,-9.21372604370117,"Unknown"
"7014852",371861,2025-10-07 18:05:03,43.163215637207,-9.21367645263672,"Unknown"
"7014852",371861,2025-10-07 18:09:57,43.1616592407227,-9.21353626251221,"Unknown"
"7014852",371861,2025-10-07 18:14:57,43.1692543029785,-9.24490356445312,"Unknown"
"7014852",371861,2025-10-07 18:19:59,43.1563110351562,-9.2574348449707,"Unknown"
"7014852",371861,2025-10-07 18:25:00,43.1548461914062,-9.25813388824463,"Unknown"
"7014852",371861,2025-10-07 18:30:00,43.1548538208008,-9.25954055786133,"Unknown"
"7014852",371861,2025-10-07 18:34:59,43.1545524597168,-9.2604513168335,"Unknown"
"7014852",371861,2025-10-07 18:39:58,43.1539001464844,-9.26069259643555,"Unknown"
"7014852",371861,2025-10-07 18:45:35,43.153263092041,-9.26177501678467,"Unknown"
"7014852",371861,2025-10-07 23:45:35,43.1522216796875,-9.24490451812744,"Unknown"
"7014852",371861,2025-10-08 04:45:35,43.1628036499023,-9.21308612823486,"Unknown"
"7014852",371861,2025-10-08 06:46:36,43.1859970092773,-9.10629272460938,"Unknown"
"7014852",371861,2025-10-08 06:51:36,43.1856231689453,-9.10607051849365,"Unknown"
"7014852",371861,2025-10-08 06:56:30,43.1857681274414,-9.10642719268799,"Unknown"
"7014852",371861,2025-10-08 07:01:30,43.1856689453125,-9.10628986358643,"Unknown"
"7014852",371861,2025-10-08 07:06:30,43.1857604980469,-9.1062650680542,"Unknown"
"7014852",371861,2025-10-08 07:11:30,43.1858100891113,-9.10643291473389,"Unknown"
"7014852",371861,2025-10-08 07:16:36,43.1852760314941,-9.1057014465332,"Unknown"
"7014852",371861,2025-10-08 07:21:34,43.1854095458984,-9.10571765899658,"Unknown"
"7014852",371861,2025-10-08 07:26:45,43.1848678588867,-9.0914831161499,"Unknown"
"7014852",371861,2025-10-08 07:31:29,43.1847343444824,-9.09131813049316,"Unknown"
"7014852",371861,2025-10-08 07:36:30,43.1839447021484,-9.09036731719971,"Unknown"
"7014852",371861,2025-10-08 07:41:30,43.1847305297852,-9.09118461608887,"Unknown"
"7014852",371861,2025-10-08 07:46:43,43.1848220825195,-9.09134292602539,"Unknown"
"7014852",371861,2025-10-08 07:51:30,43.1845092773438,-9.09113311767578,"Unknown"
"7014852",371861,2025-10-08 07:56:31,43.185115814209,-9.09166145324707,"Unknown"
"7014852",371861,2025-10-08 08:01:27,43.1850700378418,-9.09083080291748,"Unknown"
"7014852",371861,2025-10-08 08:06:37,43.1849822998047,-9.09086132049561,"Unknown"
"7014852",371861,2025-10-08 08:11:30,43.1854705810547,-9.09130096435547,"Unknown"
"7014852",371861,2025-10-08 08:16:34,43.1851692199707,-9.09096622467041,"Unknown"
"7014852",371861,2025-10-08 08:21:30,43.1851005554199,-9.09091472625732,"Unknown"
"7014852",371861,2025-10-08 08:26:31,43.184944152832,-9.09084606170654,"Unknown"
"7014852",371861,2025-10-08 08:32:06,43.1822738647461,-9.09186935424805,"Unknown"
"7014852",371861,2025-10-08 08:36:37,43.1824951171875,-9.09173011779785,"Unknown"
"7014852",371861,2025-10-08 08:41:37,43.1824569702148,-9.09169864654541,"Unknown"
"7014852",371861,2025-10-08 08:46:37,43.1812858581543,-9.09133243560791,"Unknown"
"7014852",371861,2025-10-08 08:51:42,43.1846389770508,-9.09127521514893,"Unknown"
"7014852",371861,2025-10-08 08:56:29,43.1846504211426,-9.09127521514893,"Unknown"
"7014852",371861,2025-10-08 09:01:37,43.1849746704102,-9.09193515777588,"Unknown"
"7014852",371861,2025-10-08 09:06:38,43.184944152832,-9.09181308746338,"Unknown"
"7014852",371861,2025-10-08 09:11:34,43.184627532959,-9.09134292602539,"Unknown"
"7014852",371861,2025-10-08 09:16:59,43.1809997558594,-9.09140110015869,"Unknown"
"7014852",371861,2025-10-08 09:21:35,43.1806335449219,-9.0914478302002,"Unknown"
"7014852",371861,2025-10-08 09:26:36,43.1810302734375,-9.09089088439941,"Unknown"
"7014852",371861,2025-10-08 09:31:31,43.1809501647949,-9.09111309051514,"Unknown"
"7014852",371861,2025-10-08 09:36:33,43.1808166503906,-9.09098434448242,"Unknown"
"7014852",371861,2025-10-08 09:41:36,43.1810264587402,-9.09112739562988,"Unknown"
"7014852",371861,2025-10-08 09:46:59,43.1850090026855,-9.09174919128418,"Unknown"
"7014852",371861,2025-10-08 09:51:31,43.1823616027832,-9.09192371368408,"Unknown"
"7014852",371861,2025-10-08 09:56:29,43.1823921203613,-9.0919132232666,"Unknown"
"7014852",371861,2025-10-08 10:01:44,43.1823577880859,-9.09161567687988,"Unknown"
"7014852",371861,2025-10-08 10:06:28,43.1815643310547,-9.0897798538208,"Unknown"
"7014852",371861,2025-10-08 10:11:36,43.1848297119141,-9.09047889709473,"Unknown"
"7014852",371861,2025-10-08 10:16:41,43.1851692199707,-9.09119892120361,"Unknown"
"7014852",371861,2025-10-08 10:21:44,43.1851425170898,-9.09096431732178,"Unknown"
"7014852",371861,2025-10-08 10:26:26,43.1850814819336,-9.09207630157471,"Unknown"
"7014852",371861,2025-10-08 10:31:31,43.1847114562988,-9.09115505218506,"Unknown"
"7014852",371861,2025-10-08 10:36:26,43.1846694946289,-9.09131622314453,"Unknown"
"7014852",371861,2025-10-08 10:41:27,43.1848106384277,-9.09148025512695,"Unknown"
"7014852",371861,2025-10-08 10:46:44,43.1846237182617,-9.09142875671387,"Unknown"
"7014852",371861,2025-10-08 10:51:30,43.1848068237305,-9.09150791168213,"Unknown"
"7014852",371861,2025-10-08 10:56:30,43.1846046447754,-9.09124946594238,"Unknown"
"7014852",371861,2025-10-08 11:01:31,43.1846885681152,-9.09115505218506,"Unknown"
"7014852",371861,2025-10-08 11:06:40,43.1836204528809,-9.09275150299072,"Unknown"
"7014852",371861,2025-10-08 11:11:31,43.1837348937988,-9.09270095825195,"Unknown"
"7014852",371861,2025-10-08 11:16:26,43.1839828491211,-9.09263229370117,"Unknown"
"7014852",371861,2025-10-08 11:21:59,43.1831207275391,-9.09267330169678,"Unknown"
"7014852",371861,2025-10-08 11:26:30,43.1829528808594,-9.092529296875,"Unknown"
"7014852",371861,2025-10-08 11:31:31,43.1837882995605,-9.09279155731201,"Unknown"
"7014852",371861,2025-10-08 11:36:28,43.1840209960938,-9.09329605102539,"Unknown"
"7014852",371861,2025-10-08 11:41:33,43.1850547790527,-9.09200000762939,"Unknown"
"7014852",371861,2025-10-08 11:46:42,43.1849937438965,-9.0920934677124,"Unknown"
"7014852",371861,2025-10-08 11:51:28,43.1858901977539,-9.09242153167725,"Unknown"
"7014852",371861,2025-10-08 11:56:36,43.1833343505859,-9.09252166748047,"Unknown"
"7014852",371861,2025-10-08 12:01:27,43.1883010864258,-9.09820175170898,"Unknown"
"7014852",371861,2025-10-08 12:06:36,43.1875114440918,-9.09966945648193,"Unknown"
"7014852",371861,2025-10-08 12:12:00,43.1874923706055,-9.09967517852783,"Unknown"
"7014852",371861,2025-10-08 12:16:33,43.1874580383301,-9.09975528717041,"Unknown"
"7014852",371861,2025-10-08 12:21:29,43.1873931884766,-9.09947109222412,"Unknown"
"7014852",371861,2025-10-08 12:26:44,43.1857986450195,-9.10543251037598,"Unknown"
"7014852",371861,2025-10-08 12:31:29,43.1874084472656,-9.0994234085083,"Unknown"
"7014852",371861,2025-10-08 12:36:33,43.1855659484863,-9.10555267333984,"Unknown"
"7014852",371861,2025-10-08 12:41:30,43.1853103637695,-9.10539817810059,"Unknown"
"7014852",371861,2025-10-08 12:46:44,43.1853179931641,-9.10585117340088,"Unknown"
"7014852",371861,2025-10-08 12:51:31,43.1853485107422,-9.10588455200195,"Unknown"
"7014852",371861,2025-10-08 12:56:28,43.1852188110352,-9.10605239868164,"Unknown"
"7014852",371861,2025-10-08 13:01:36,43.1853485107422,-9.10583591461182,"Unknown"
"7014852",371861,2025-10-08 13:06:33,43.185359954834,-9.10579204559326,"Unknown"
"7014852",371861,2025-10-08 13:11:37,43.1852340698242,-9.10594177246094,"Unknown"
"7014852",371861,2025-10-08 13:16:36,43.1852188110352,-9.10582256317139,"Unknown"
"7014852",371861,2025-10-08 13:21:44,43.185173034668,-9.10570430755615,"Unknown"
"7014852",371861,2025-10-08 13:26:31,43.1851501464844,-9.10597705841064,"Unknown"
"7014852",371861,2025-10-08 13:31:59,43.1851577758789,-9.10565662384033,"Unknown"
"7014852",371861,2025-10-08 13:36:28,43.1850929260254,-9.1055326461792,"Unknown"
"7014852",371861,2025-10-08 13:41:27,43.1850738525391,-9.10557746887207,"Unknown"
"7014852",371861,2025-10-08 13:46:29,43.1852951049805,-9.10573863983154,"Unknown"
"7014852",371861,2025-10-08 13:51:26,43.1851425170898,-9.10565280914307,"Unknown"
"7014852",371861,2025-10-08 13:56:27,43.1851272583008,-9.10552787780762,"Unknown"
"7014852",371861,2025-10-08 14:01:26,43.1851577758789,-9.10564136505127,"Unknown"
"7014852",371861,2025-10-08 14:06:31,43.1852607727051,-9.10573101043701,"Unknown"
"7014852",371861,2025-10-08 14:11:27,43.1851654052734,-9.10562610626221,"Unknown"
"7014852",371861,2025-10-08 14:16:27,43.1850700378418,-9.10559177398682,"Unknown"
"7014852",371861,2025-10-08 14:21:44,43.1850433349609,-9.10569095611572,"Unknown"
"7014852",371861,2025-10-08 14:26:29,43.1850700378418,-9.10571670532227,"Unknown"
"7014852",371861,2025-10-08 14:31:29,43.1850891113281,-9.10559844970703,"Unknown"
"7014852",371861,2025-10-08 14:36:29,43.1850662231445,-9.10551166534424,"Unknown"
"7014852",371861,2025-10-08 14:41:31,43.185188293457,-9.10564804077148,"Unknown"
"7014852",371861,2025-10-08 14:46:48,43.1850357055664,-9.10544586181641,"Unknown"
"7014852",371861,2025-10-08 14:51:34,43.1850509643555,-9.10551261901855,"Unknown"
"7014852",371861,2025-10-08 14:56:33,43.1850357055664,-9.1054859161377,"Unknown"
"7014852",371861,2025-10-08 15:01:27,43.1881484985352,-9.09852600097656,"Unknown"
"7014852",371861,2025-10-08 15:06:28,43.1884803771973,-9.09714794158936,"Unknown"
"7014852",371861,2025-10-08 15:11:34,43.1945915222168,-9.14652061462402,"Unknown"
"7014852",371861,2025-10-08 15:16:35,43.1681098937988,-9.203200340271,"Unknown"
"7014852",371861,2025-10-08 15:21:28,43.1637878417969,-9.21354484558105,"Unknown"
"7014852",371861,2025-10-08 15:26:59,43.1640930175781,-9.21392440795898,"Unknown"
"7014852",371861,2025-10-08 15:31:27,43.164234161377,-9.21387577056885,"Unknown"
"7014852",371861,2025-10-08 15:36:27,43.1641540527344,-9.21399879455566,"Unknown"
"7014852",371861,2025-10-08 15:41:31,43.1640472412109,-9.21392726898193,"Unknown"
"7014852",371861,2025-10-08 15:46:33,43.1641540527344,-9.21395969390869,"Unknown"
"7014852",371861,2025-10-08 15:51:38,43.1641235351562,-9.21381759643555,"Unknown"
"7014852",371861,2025-10-08 15:56:28,43.1641235351562,-9.21393299102783,"Unknown"
"7014852",371861,2025-10-08 16:01:27,43.1641120910645,-9.21395969390869,"Unknown"
"7014852",371861,2025-10-08 16:06:30,43.1640892028809,-9.21396064758301,"Unknown"
"7014852",371861,2025-10-08 16:11:29,43.1641311645508,-9.2139949798584,"Unknown"
"7014852",371861,2025-10-08 16:16:36,43.1640777587891,-9.21407699584961,"Unknown"
"7014852",371861,2025-10-08 16:21:33,43.164119720459,-9.21397304534912,"Unknown"
"7014852",371861,2025-10-08 16:26:29,43.1641502380371,-9.21414089202881,"Unknown"
"7014852",371861,2025-10-08 16:31:44,43.164134979248,-9.21392440795898,"Unknown"
"7014852",371861,2025-10-08 16:36:26,43.1609077453613,-9.21109676361084,"Unknown"
"7014852",371861,2025-10-08 16:41:26,43.1649017333984,-9.21652317047119,"Unknown"
"7014852",371861,2025-10-08 16:46:28,43.1641883850098,-9.21396064758301,"Unknown"
"7014852",371861,2025-10-08 16:51:29,43.1641693115234,-9.21393013000488,"Unknown"
"7014852",371861,2025-10-08 16:56:28,43.1641082763672,-9.21407222747803,"Unknown"
"7014852",371861,2025-10-08 17:01:28,43.1639976501465,-9.21447372436523,"Unknown"
"7014852",371861,2025-10-08 17:06:27,43.1643486022949,-9.21462059020996,"Unknown"
"7014852",371861,2025-10-08 17:11:36,43.1641464233398,-9.21407413482666,"Unknown"
"7014852",371861,2025-10-08 17:16:41,43.1713180541992,-9.23005104064941,"Unknown"
"7014852",371861,2025-10-08 17:21:26,43.188232421875,-9.25016784667969,"Unknown"
"7014852",371861,2025-10-08 17:26:28,43.1899070739746,-9.25735569000244,"Unknown"
"7014852",371861,2025-10-08 17:31:30,43.1755981445312,-9.24783229827881,"Unknown"
"7014852",371861,2025-10-08 17:36:45,43.1638221740723,-9.21292209625244,"Unknown"
"7014852",371861,2025-10-08 17:41:46,43.1609420776367,-9.21126365661621,"Unknown"
"7014852",371861,2025-10-08 17:46:26,43.1608009338379,-9.21139717102051,"Unknown"
"7014852",371861,2025-10-08 17:51:26,43.1610527038574,-9.21121501922607,"Unknown"
"7014852",371861,2025-10-08 17:56:26,43.160831451416,-9.21121311187744,"Unknown"
"7014852",371861,2025-10-08 18:01:30,43.1609420776367,-9.21136856079102,"Unknown"
"7014852",371861,2025-10-08 18:06:41,43.1617202758789,-9.21232986450195,"Unknown"
"7014852",371861,2025-10-08 18:11:33,43.1606254577637,-9.21082973480225,"Unknown"
"7014852",371861,2025-10-08 18:16:28,43.1625938415527,-9.21254634857178,"Unknown"
"7014852",371861,2025-10-08 18:21:33,43.1632308959961,-9.21316146850586,"Unknown"
"7014852",371861,2025-10-08 18:27:35,43.1632194519043,-9.21376323699951,"Unknown"
"7014852",371861,2025-10-08 18:32:23,43.1624221801758,-9.21219062805176,"Unknown"
"7014852",371861,2025-10-08 18:36:33,43.1625785827637,-9.21232032775879,"Unknown"
"7014852",371861,2025-10-08 18:43:24,43.1626319885254,-9.21271133422852,"Unknown"
"7014852",371861,2025-10-08 23:43:36,43.162525177002,-9.21362686157227,"Unknown"
"7014852",371861,2025-10-09 04:44:14,43.162971496582,-9.21334075927734,"Unknown"
"7014852",371861,2025-10-09 06:48:14,43.1950454711914,-9.14963436126709,"Unknown"
"7014852",371861,2025-10-09 06:53:02,43.1957092285156,-9.12565326690674,"Unknown"
"7014852",371861,2025-10-09 06:57:47,43.1854782104492,-9.1058988571167,"Unknown"
"7014852",371861,2025-10-09 07:02:42,43.1853942871094,-9.10580253601074,"Unknown"
"7014852",371861,2025-10-09 07:07:40,43.1856689453125,-9.10588073730469,"Unknown"
"7014852",371861,2025-10-09 07:12:42,43.1858901977539,-9.10565757751465,"Unknown"
"7014852",371861,2025-10-09 07:17:42,43.1861419677734,-9.10589122772217,"Unknown"
"7014852",371861,2025-10-09 07:22:40,43.1858940124512,-9.10568618774414,"Unknown"
"7014852",371861,2025-10-09 07:27:41,43.1860809326172,-9.10584545135498,"Unknown"
"7014852",371861,2025-10-09 07:32:42,43.1859397888184,-9.10569477081299,"Unknown"
"7014852",371861,2025-10-09 07:37:52,43.1858978271484,-9.10566520690918,"Unknown"
"7014852",371861,2025-10-09 07:43:05,43.1858406066895,-9.10574722290039,"Unknown"
"7014852",371861,2025-10-09 07:47:38,43.1858558654785,-9.10578536987305,"Unknown"
"7014852",371861,2025-10-09 07:52:39,43.1857376098633,-9.09139537811279,"Unknown"
"7014852",371861,2025-10-09 07:57:38,43.1847534179688,-9.09136009216309,"Unknown"
"7014852",371861,2025-10-09 08:02:38,43.1845779418945,-9.0913143157959,"Unknown"
"7014852",371861,2025-10-09 08:07:40,43.1846199035645,-9.09128761291504,"Unknown"
"7014852",371861,2025-10-09 08:12:39,43.1845817565918,-9.09121131896973,"Unknown"
"7014852",371861,2025-10-09 08:17:41,43.1850471496582,-9.09159469604492,"Unknown"
"7014852",371861,2025-10-09 08:22:39,43.1839447021484,-9.09071826934814,"Unknown"
"7014852",371861,2025-10-09 08:27:43,43.1808586120605,-9.09085655212402,"Unknown"
"7014852",371861,2025-10-09 08:32:40,43.1808433532715,-9.09088134765625,"Unknown"
"7014852",371861,2025-10-09 08:37:40,43.1837959289551,-9.09272956848145,"Unknown"
"7014852",371861,2025-10-09 08:42:42,43.1826820373535,-9.0918493270874,"Unknown"
"7014852",371861,2025-10-09 08:47:42,43.1835899353027,-9.09349155426025,"Unknown"
"7014852",371861,2025-10-09 08:52:41,43.1833686828613,-9.09232902526855,"Unknown"
"7014852",371861,2025-10-09 08:57:52,43.1837882995605,-9.09321784973145,"Unknown"
"7014852",371861,2025-10-09 09:02:47,43.1838798522949,-9.09325408935547,"Unknown"
"7014852",371861,2025-10-09 09:07:43,43.1842346191406,-9.09462070465088,"Unknown"
"7014852",371861,2025-10-09 09:12:49,43.1837310791016,-9.09333038330078,"Unknown"
"7014852",371861,2025-10-09 09:18:05,43.1837196350098,-9.09352970123291,"Unknown"
"7014852",371861,2025-10-09 09:22:39,43.1837959289551,-9.09321022033691,"Unknown"
"7014852",371861,2025-10-09 09:27:43,43.1846160888672,-9.09170150756836,"Unknown"
"7014852",371861,2025-10-09 09:32:38,43.1835327148438,-9.09283638000488,"Unknown"
"7014852",371861,2025-10-09 09:37:38,43.1835632324219,-9.09304141998291,"Unknown"
"7014852",371861,2025-10-09 09:42:39,43.1835327148438,-9.09309959411621,"Unknown"
"7014852",371861,2025-10-09 09:47:41,43.1835479736328,-9.09290981292725,"Unknown"
"7014852",371861,2025-10-09 09:52:39,43.1841125488281,-9.09233474731445,"Unknown"
"7014852",371861,2025-10-09 09:57:41,43.184513092041,-9.09160709381104,"Unknown"
"7014852",371861,2025-10-09 10:02:39,43.1843872070312,-9.09308338165283,"Unknown"
"7014852",371861,2025-10-09 10:07:40,43.1846008300781,-9.09304237365723,"Unknown"
"7014852",371861,2025-10-09 10:12:38,43.187671661377,-9.09976673126221,"Unknown"
"7014852",371861,2025-10-09 10:17:45,43.1876487731934,-9.09988021850586,"Unknown"
"7014852",371861,2025-10-09 10:22:43,43.1862373352051,-9.10582447052002,"Unknown"
"7014852",371861,2025-10-09 10:27:50,43.1861686706543,-9.1062593460083,"Unknown"
"7014852",371861,2025-10-09 10:32:41,43.1861572265625,-9.1061372756958,"Unknown"
"7014852",371861,2025-10-09 10:37:40,43.1861915588379,-9.1060848236084,"Unknown"
"7014852",371861,2025-10-09 10:42:41,43.1861610412598,-9.10586643218994,"Unknown"
"7014852",371861,2025-10-09 10:47:41,43.1861419677734,-9.10609245300293,"Unknown"
"7014852",371861,2025-10-09 10:52:41,43.1862030029297,-9.10635852813721,"Unknown"
"7014852",371861,2025-10-09 10:58:05,43.1861267089844,-9.10612010955811,"Unknown"
"7014852",371861,2025-10-09 11:02:44,43.1862030029297,-9.10598850250244,"Unknown"
"7014852",371861,2025-10-09 11:07:42,43.1863555908203,-9.10608577728271,"Unknown"
"7014852",371861,2025-10-09 11:12:41,43.1858406066895,-9.10680198669434,"Unknown"
"7014852",371861,2025-10-09 11:17:47,43.1860237121582,-9.10754489898682,"Unknown"
"7014852",371861,2025-10-09 11:23:05,43.1875457763672,-9.09988212585449,"Unknown"
"7014852",371861,2025-10-09 11:27:41,43.1875534057617,-9.09980487823486,"Unknown"
"7014852",371861,2025-10-09 11:32:38,43.1874923706055,-9.09984302520752,"Unknown"
"7014852",371861,2025-10-09 11:37:38,43.1874847412109,-9.09987926483154,"Unknown"
"7014852",371861,2025-10-09 11:42:38,43.1875419616699,-9.09978103637695,"Unknown"
"7014852",371861,2025-10-09 11:47:38,43.1874389648438,-9.09988689422607,"Unknown"
"7014852",371861,2025-10-09 11:52:38,43.1875381469727,-9.09980392456055,"Unknown"
"7014852",371861,2025-10-09 11:57:40,43.1875228881836,-9.09976673126221,"Unknown"
"7014852",371861,2025-10-09 12:02:39,43.1873970031738,-9.09985065460205,"Unknown"
"7014852",371861,2025-10-09 12:07:38,43.187427520752,-9.0997896194458,"Unknown"
"7014852",371861,2025-10-09 12:12:39,43.1873817443848,-9.09979152679443,"Unknown"
"7014852",371861,2025-10-09 12:17:41,43.187442779541,-9.09976291656494,"Unknown"
"7014852",371861,2025-10-09 12:22:40,43.1872825622559,-9.09978580474854,"Unknown"
"7014852",371861,2025-10-09 12:28:05,43.1874008178711,-9.09980869293213,"Unknown"
"7014852",371861,2025-10-09 12:32:39,43.1874351501465,-9.0997896194458,"Unknown"
"7014852",371861,2025-10-09 12:37:38,43.1872978210449,-9.09981632232666,"Unknown"
"7014852",371861,2025-10-09 12:42:38,43.1874389648438,-9.09972286224365,"Unknown"
"7014852",371861,2025-10-09 12:47:39,43.1875610351562,-9.09953784942627,"Unknown"
"7014852",371861,2025-10-09 12:52:38,43.1863822937012,-9.09412479400635,"Unknown"
"7014852",371861,2025-10-09 12:57:38,43.1847229003906,-9.09145164489746,"Unknown"
"7014852",371861,2025-10-09 13:02:39,43.1848907470703,-9.09319686889648,"Unknown"
"7014852",371861,2025-10-09 13:07:39,43.1874046325684,-9.09961414337158,"Unknown"
"7014852",371861,2025-10-09 13:12:39,43.1873664855957,-9.09964084625244,"Unknown"
"7014852",371861,2025-10-09 13:17:38,43.1873779296875,-9.09957790374756,"Unknown"
"7014852",371861,2025-10-09 13:22:39,43.187385559082,-9.09954357147217,"Unknown"
"7014852",371861,2025-10-09 13:27:38,43.1873931884766,-9.09963226318359,"Unknown"
"7014852",371861,2025-10-09 13:32:38,43.1874198913574,-9.09956455230713,"Unknown"
"7014852",371861,2025-10-09 13:37:41,43.1874237060547,-9.09955406188965,"Unknown"
"7014852",371861,2025-10-09 13:42:39,43.185173034668,-9.10583305358887,"Unknown"
"7014852",371861,2025-10-09 13:47:39,43.1855812072754,-9.10613918304443,"Unknown"
"7014852",371861,2025-10-09 13:52:40,43.1854438781738,-9.10619354248047,"Unknown"
"7014852",371861,2025-10-09 13:57:40,43.1851692199707,-9.10591983795166,"Unknown"
"7014852",371861,2025-10-09 14:02:41,43.1849822998047,-9.10576438903809,"Unknown"
"7014852",371861,2025-10-09 14:07:44,43.1850624084473,-9.10590648651123,"Unknown"
"7014852",371861,2025-10-09 14:12:39,43.1826057434082,-9.10442638397217,"Unknown"
"7014852",371861,2025-10-09 14:17:47,43.1890449523926,-9.10271739959717,"Unknown"
"7014852",371861,2025-10-09 14:22:44,43.1889877319336,-9.10273551940918,"Unknown"
"7014852",371861,2025-10-09 14:27:44,43.1889877319336,-9.10268878936768,"Unknown"
"7014852",371861,2025-10-09 14:32:41,43.1888198852539,-9.10229110717773,"Unknown"
"7014852",371861,2025-10-09 14:37:40,43.1889953613281,-9.10260009765625,"Unknown"
"7014852",371861,2025-10-09 14:42:44,43.1889991760254,-9.10266494750977,"Unknown"
"7014852",371861,2025-10-09 14:47:42,43.189037322998,-9.10283851623535,"Unknown"
"7014852",371861,2025-10-09 14:52:42,43.1890983581543,-9.10294055938721,"Unknown"
"7014852",371861,2025-10-09 14:57:40,43.1891670227051,-9.10314655303955,"Unknown"
"7014852",371861,2025-10-09 15:02:43,43.1891098022461,-9.10295486450195,"Unknown"
"7014852",371861,2025-10-09 15:07:48,43.1890411376953,-9.10259437561035,"Unknown"
"7014852",371861,2025-10-09 15:12:51,43.189136505127,-9.10239410400391,"Unknown"
"7014852",371861,2025-10-09 15:17:52,43.1890907287598,-9.10239887237549,"Unknown"
"7014852",371861,2025-10-09 15:23:04,43.1889610290527,-9.10270500183105,"Unknown"
"7014852",371861,2025-10-09 15:27:38,43.1889610290527,-9.10272789001465,"Unknown"
"7014852",371861,2025-10-09 15:32:38,43.1889228820801,-9.10287857055664,"Unknown"
"7014852",371861,2025-10-09 15:37:38,43.18896484375,-9.10257530212402,"Unknown"
"7014852",371861,2025-10-09 15:42:38,43.1890068054199,-9.10264873504639,"Unknown"
"7014852",371861,2025-10-09 15:47:38,43.1889343261719,-9.10274696350098,"Unknown"
"7014852",371861,2025-10-09 15:52:38,43.1889305114746,-9.10279750823975,"Unknown"
"7014852",371861,2025-10-09 15:57:38,43.1889228820801,-9.10270500183105,"Unknown"
"7014852",371861,2025-10-09 16:02:38,43.1889381408691,-9.10271739959717,"Unknown"
"7014852",371861,2025-10-09 16:07:38,43.1889266967773,-9.10272789001465,"Unknown"
"7014852",371861,2025-10-09 16:12:39,43.1878356933594,-9.10636329650879,"Unknown"
"7014852",371861,2025-10-09 16:17:38,43.1937370300293,-9.14009952545166,"Unknown"
"7014852",371861,2025-10-09 16:22:40,43.1610260009766,-9.21195697784424,"Unknown"
"7014852",371861,2025-10-09 16:27:42,43.1608276367188,-9.21169567108154,"Unknown"
"7014852",371861,2025-10-09 16:32:43,43.1610374450684,-9.21192741394043,"Unknown"
"7014852",371861,2025-10-09 16:38:05,43.1611862182617,-9.21153736114502,"Unknown"
"7014852",371861,2025-10-09 16:43:14,43.1605682373047,-9.21061611175537,"Unknown"
"7014852",371861,2025-10-09 16:47:39,43.1604652404785,-9.21080684661865,"Unknown"
"7014852",371861,2025-10-09 16:52:47,43.1605339050293,-9.21082401275635,"Unknown"
"7014852",371861,2025-10-09 16:57:40,43.1607437133789,-9.21006393432617,"Unknown"
"7014852",371861,2025-10-09 17:02:42,43.1607780456543,-9.21115207672119,"Unknown"
"7014852",371861,2025-10-09 17:07:40,43.1607360839844,-9.21105575561523,"Unknown"
"7014852",371861,2025-10-09 17:12:42,43.1606636047363,-9.21096134185791,"Unknown"
"7014852",371861,2025-10-09 17:17:42,43.1606483459473,-9.210862159729,"Unknown"
"7014852",371861,2025-10-09 17:22:39,43.1602668762207,-9.21087646484375,"Unknown"
"7014852",371861,2025-10-09 17:27:43,43.160587310791,-9.21078491210938,"Unknown"
"7014852",371861,2025-10-09 17:34:02,43.1608810424805,-9.21109199523926,"Unknown"
"7014852",371861,2025-10-09 17:38:14,43.1607894897461,-9.21084022521973,"Unknown"
"7014852",371861,2025-10-09 17:42:44,43.1607894897461,-9.21094512939453,"Unknown"
"7014852",371861,2025-10-09 17:47:41,43.1606369018555,-9.21109676361084,"Unknown"
"7014852",371861,2025-10-09 17:52:46,43.160888671875,-9.21089935302734,"Unknown"
"7014852",371861,2025-10-09 17:57:51,43.1606369018555,-9.21081924438477,"Unknown"
"7014852",371861,2025-10-09 18:03:59,43.1609420776367,-9.21090888977051,"Unknown"
"7014852",371861,2025-10-09 18:07:39,43.160831451416,-9.21071529388428,"Unknown"
"7014852",371861,2025-10-09 18:12:39,43.1607627868652,-9.21074295043945,"Unknown"
"7014852",371861,2025-10-09 18:17:38,43.1606864929199,-9.2108325958252,"Unknown"
"7014852",371861,2025-10-09 18:22:38,43.1607475280762,-9.21077442169189,"Unknown"
"7014852",371861,2025-10-09 18:27:38,43.1627769470215,-9.21285533905029,"Unknown"
"7014852",371861,2025-10-09 18:32:38,43.1627883911133,-9.21278858184814,"Unknown"
"7014852",371861,2025-10-09 18:37:41,43.1627464294434,-9.21296787261963,"Unknown"
"7014852",371861,2025-10-09 18:41:37,43.1627655029297,-9.21293163299561,"Unknown"
"7014852",371861,2025-10-09 23:42:59,43.1628913879395,-9.21273136138916,"Unknown"
"7014852",371861,2025-10-10 04:42:44,43.162769317627,-9.21287059783936,"Unknown"
"7014852",371861,2025-10-10 06:49:16,43.185474395752,-9.10581207275391,"Unknown"
"7014852",371861,2025-10-10 06:54:30,43.1851921081543,-9.10580635070801,"Unknown"
"7014852",371861,2025-10-10 06:58:59,43.1854972839355,-9.10575389862061,"Unknown"
"7014852",371861,2025-10-10 07:03:58,43.1853446960449,-9.10587787628174,"Unknown"
"7014852",371861,2025-10-10 07:09:02,43.1853942871094,-9.10583019256592,"Unknown"
"7014852",371861,2025-10-10 07:14:02,43.1854782104492,-9.1056432723999,"Unknown"
"7014852",371861,2025-10-10 07:18:58,43.1858100891113,-9.10550212860107,"Unknown"
"7014852",371861,2025-10-10 07:24:00,43.1854248046875,-9.10585117340088,"Unknown"
"7014852",371861,2025-10-10 07:28:57,43.1853561401367,-9.10586929321289,"Unknown"
"7014852",371861,2025-10-10 07:34:00,43.1854476928711,-9.10598564147949,"Unknown"
"7014852",371861,2025-10-10 07:39:02,43.1853446960449,-9.10595321655273,"Unknown"
"7014852",371861,2025-10-10 07:43:59,43.1854133605957,-9.10597515106201,"Unknown"
"7014852",371861,2025-10-10 07:49:14,43.1854057312012,-9.10598945617676,"Unknown"
"7014852",371861,2025-10-10 07:53:57,43.1855430603027,-9.10610008239746,"Unknown"
"7014852",371861,2025-10-10 07:58:57,43.1854553222656,-9.10615825653076,"Unknown"
"7014852",371861,2025-10-10 08:04:03,43.1854209899902,-9.10587596893311,"Unknown"
"7014852",371861,2025-10-10 08:09:00,43.1856117248535,-9.10617828369141,"Unknown"
"7014852",371861,2025-10-10 08:13:58,43.190242767334,-9.10156345367432,"Unknown"
"7014852",371861,2025-10-10 08:18:58,43.1899566650391,-9.10109329223633,"Unknown"
"7014852",371861,2025-10-10 08:24:00,43.1901245117188,-9.10137462615967,"Unknown"
"7014852",371861,2025-10-10 08:28:59,43.1901359558105,-9.10116004943848,"Unknown"
"7014852",371861,2025-10-10 08:34:01,43.1901016235352,-9.10099697113037,"Unknown"
"7014852",371861,2025-10-10 08:38:58,43.1903343200684,-9.10156917572021,"Unknown"
"7014852",371861,2025-10-10 08:44:01,43.1898345947266,-9.10049057006836,"Unknown"
"7014852",371861,2025-10-10 08:49:14,43.1901664733887,-9.10105514526367,"Unknown"
"7014852",371861,2025-10-10 08:53:58,43.1901664733887,-9.10106086730957,"Unknown"
"7014852",371861,2025-10-10 08:59:06,43.190185546875,-9.10104560852051,"Unknown"
"7014852",371861,2025-10-10 09:03:58,43.1901512145996,-9.10103225708008,"Unknown"
"7014852",371861,2025-10-10 09:09:06,43.1901817321777,-9.10123348236084,"Unknown"
"7014852",371861,2025-10-10 09:14:06,43.1901245117188,-9.10117053985596,"Unknown"
"7014852",371861,2025-10-10 09:19:06,43.1900100708008,-9.1011323928833,"Unknown"
"7014852",371861,2025-10-10 09:24:06,43.189624786377,-9.10076141357422,"Unknown"
"7014852",371861,2025-10-10 09:29:06,43.1894569396973,-9.10125637054443,"Unknown"
"7014852",371861,2025-10-10 09:34:30,43.1898422241211,-9.10086345672607,"Unknown"
"7014852",371861,2025-10-10 09:38:57,43.1830368041992,-9.09235858917236,"Unknown"
"7014852",371861,2025-10-10 09:43:59,43.1847610473633,-9.09128189086914,"Unknown"
"7014852",371861,2025-10-10 09:49:01,43.1824264526367,-9.09363460540771,"Unknown"
"7014852",371861,2025-10-10 09:54:01,43.1840858459473,-9.09190654754639,"Unknown"
"7014852",371861,2025-10-10 09:59:04,43.1808547973633,-9.0908374786377,"Unknown"
"7014852",371861,2025-10-10 10:03:59,43.1808280944824,-9.09093284606934,"Unknown"
"7014852",371861,2025-10-10 10:09:06,43.181037902832,-9.09097480773926,"Unknown"
"7014852",371861,2025-10-10 10:13:58,43.1811752319336,-9.09116363525391,"Unknown"
"7014852",371861,2025-10-10 10:19:06,43.180965423584,-9.09102535247803,"Unknown"
"7014852",371861,2025-10-10 10:24:00,43.1810150146484,-9.0910472869873,"Unknown"
"7014852",371861,2025-10-10 10:29:03,43.1808815002441,-9.09096527099609,"Unknown"
"7014852",371861,2025-10-10 10:34:14,43.1809463500977,-9.09098434448242,"Unknown"
"7014852",371861,2025-10-10 10:38:57,43.1809692382812,-9.09103393554688,"Unknown"
"7014852",371861,2025-10-10 10:44:01,43.1809959411621,-9.09098529815674,"Unknown"
"7014852",371861,2025-10-10 10:48:58,43.1807861328125,-9.09090137481689,"Unknown"
"7014852",371861,2025-10-10 10:53:59,43.1812553405762,-9.09127330780029,"Unknown"
"7014852",371861,2025-10-10 10:59:01,43.1888122558594,-9.08803272247314,"Unknown"
"7014852",371861,2025-10-10 11:03:57,43.1887130737305,-9.08806610107422,"Unknown"
"7014852",371861,2025-10-10 11:09:04,43.1886672973633,-9.0878734588623,"Unknown"
"7014852",371861,2025-10-10 11:13:57,43.1887969970703,-9.08807182312012,"Unknown"
"7014852",371861,2025-10-10 11:19:03,43.1887130737305,-9.08787727355957,"Unknown"
"7014852",371861,2025-10-10 11:23:57,43.1887016296387,-9.08789253234863,"Unknown"
"7014852",371861,2025-10-10 11:28:58,43.1887092590332,-9.0878849029541,"Unknown"
"7014852",371861,2025-10-10 11:34:15,43.188777923584,-9.08803462982178,"Unknown"
"7014852",371861,2025-10-10 11:39:00,43.1888809204102,-9.08811855316162,"Unknown"
"7014852",371861,2025-10-10 11:44:09,43.1888961791992,-9.08797645568848,"Unknown"
"7014852",371861,2025-10-10 11:49:11,43.1888198852539,-9.08791732788086,"Unknown"
"7014852",371861,2025-10-10 11:54:03,43.1888084411621,-9.08799457550049,"Unknown"
"7014852",371861,2025-10-10 11:59:05,43.1889038085938,-9.08808326721191,"Unknown"
"7014852",371861,2025-10-10 12:03:59,43.1887893676758,-9.08804321289062,"Unknown"
"7014852",371861,2025-10-10 12:09:08,43.1888122558594,-9.08814907073975,"Unknown"
"7014852",371861,2025-10-10 12:14:07,43.188835144043,-9.08813667297363,"Unknown"
"7014852",371861,2025-10-10 12:18:58,43.1890182495117,-9.08811950683594,"Unknown"
"7014852",371861,2025-10-10 12:24:14,43.1887855529785,-9.08810520172119,"Unknown"
"7014852",371861,2025-10-10 12:29:00,43.1887741088867,-9.08809661865234,"Unknown"
"7014852",371861,2025-10-10 12:34:00,43.1888046264648,-9.08812808990479,"Unknown"
"7014852",371861,2025-10-10 12:39:00,43.1888427734375,-9.08809375762939,"Unknown"
"7014852",371861,2025-10-10 12:44:14,43.188835144043,-9.08808708190918,"Unknown"
"7014852",371861,2025-10-10 12:49:01,43.1888198852539,-9.08807849884033,"Unknown"
"7014852",371861,2025-10-10 12:54:00,43.1886901855469,-9.08837604522705,"Unknown"
"7014852",371861,2025-10-10 12:59:00,43.1888580322266,-9.08780479431152,"Unknown"
"7014852",371861,2025-10-10 13:04:06,43.1888084411621,-9.08817863464355,"Unknown"
"7014852",371861,2025-10-10 13:09:04,43.188850402832,-9.08805179595947,"Unknown"
"7014852",371861,2025-10-10 13:14:11,43.1888694763184,-9.08807563781738,"Unknown"
"7014852",371861,2025-10-10 13:19:05,43.1888198852539,-9.0880298614502,"Unknown"
"7014852",371861,2025-10-10 13:24:04,43.1888122558594,-9.08796787261963,"Unknown"
"7014852",371861,2025-10-10 13:29:14,43.1887969970703,-9.08802795410156,"Unknown"
"7014852",371861,2025-10-10 13:33:58,43.1888427734375,-9.08846473693848,"Unknown"
"7014852",371861,2025-10-10 13:39:27,43.1888580322266,-9.0877857208252,"Unknown"
"7014852",371861,2025-10-10 13:43:57,43.1889381408691,-9.08781909942627,"Unknown"
"7014852",371861,2025-10-10 13:48:58,43.1888999938965,-9.08804416656494,"Unknown"
"7014852",371861,2025-10-10 13:54:06,43.1890449523926,-9.0874605178833,"Unknown"
"7014852",371861,2025-10-10 13:59:06,43.1891975402832,-9.08736133575439,"Unknown"
"7014852",371861,2025-10-10 14:04:35,43.1847152709961,-9.09130477905273,"Unknown"
"7014852",371861,2025-10-10 14:08:59,43.1845741271973,-9.09121799468994,"Unknown"
"7014852",371861,2025-10-10 14:14:01,43.1845626831055,-9.09119510650635,"Unknown"
"7014852",371861,2025-10-10 14:18:58,43.1849594116211,-9.09082317352295,"Unknown"
"7014852",371861,2025-10-10 14:23:58,43.1849479675293,-9.09085655212402,"Unknown"
"7014852",371861,2025-10-10 14:28:57,43.1849899291992,-9.09079170227051,"Unknown"
"7014852",371861,2025-10-10 14:33:58,43.1848945617676,-9.09077930450439,"Unknown"
"7014852",371861,2025-10-10 14:38:58,43.184814453125,-9.09073638916016,"Unknown"
"7014852",371861,2025-10-10 14:43:59,43.1866149902344,-9.09353733062744,"Unknown"
"7014852",371861,2025-10-10 14:48:57,43.1841278076172,-9.0920524597168,"Unknown"
"7014852",371861,2025-10-10 14:54:00,43.184642791748,-9.09110546112061,"Unknown"
"7014852",371861,2025-10-10 14:59:00,43.1847610473633,-9.09115219116211,"Unknown"
"7014852",371861,2025-10-10 15:03:58,43.184741973877,-9.09127807617188,"Unknown"
"7014852",371861,2025-10-10 15:08:58,43.1845703125,-9.09120559692383,"Unknown"
"7014852",371861,2025-10-10 15:13:58,43.1853866577148,-9.09121704101562,"Unknown"
"7014852",371861,2025-10-10 15:18:59,43.1856689453125,-9.09102344512939,"Unknown"
"7014852",371861,2025-10-10 15:23:59,43.1856002807617,-9.09094429016113,"Unknown"
"7014852",371861,2025-10-10 15:29:00,43.1856727600098,-9.0910177230835,"Unknown"
"7014852",371861,2025-10-10 15:34:00,43.1849174499512,-9.09059715270996,"Unknown"
"7014852",371861,2025-10-10 15:38:59,43.1849975585938,-9.09060382843018,"Unknown"
"7014852",371861,2025-10-10 15:43:59,43.1848793029785,-9.09073352813721,"Unknown"
"7014852",371861,2025-10-10 15:48:59,43.184944152832,-9.09057807922363,"Unknown"
"7014852",371861,2025-10-10 15:53:58,43.1849594116211,-9.09066867828369,"Unknown"
"7014852",371861,2025-10-10 15:58:58,43.1887245178223,-9.09701728820801,"Unknown"
"7014852",371861,2025-10-10 16:03:59,43.1944541931152,-9.12849044799805,"Unknown"
"7014852",371861,2025-10-10 16:08:58,43.1706962585449,-9.20047569274902,"Unknown"
"7014852",371861,2025-10-10 16:14:00,43.1606636047363,-9.21088886260986,"Unknown"
"7014852",371861,2025-10-10 16:18:59,43.160343170166,-9.21081447601318,"Unknown"
"7014852",371861,2025-10-10 16:24:05,43.1604080200195,-9.21070671081543,"Unknown"
"7014852",371861,2025-10-10 16:28:58,43.1603965759277,-9.21073818206787,"Unknown"
"7014852",371861,2025-10-10 16:34:00,43.1634635925293,-9.21370506286621,"Unknown"
"7014852",371861,2025-10-10 16:39:06,43.1632690429688,-9.21254253387451,"Unknown"
"7014852",371861,2025-10-10 16:44:14,43.1633720397949,-9.21278476715088,"Unknown"
"7014852",371861,2025-10-10 16:49:03,43.163387298584,-9.21279907226562,"Unknown"
"7014852",371861,2025-10-10 16:54:01,43.1634063720703,-9.21265506744385,"Unknown"
"7014852",371861,2025-10-10 16:58:58,43.1632499694824,-9.21285152435303,"Unknown"
"7014852",371861,2025-10-10 17:04:03,43.1631774902344,-9.21256351470947,"Unknown"
"7014852",371861,2025-10-10 17:09:02,43.1603012084961,-9.2104606628418,"Unknown"
"7014852",371861,2025-10-10 17:14:01,43.1603507995605,-9.21087265014648,"Unknown"
"7014852",371861,2025-10-10 17:19:00,43.159912109375,-9.21164989471436,"Unknown"
"7014852",371861,2025-10-10 17:24:01,43.1604919433594,-9.21061515808105,"Unknown"
"7014852",371861,2025-10-10 17:29:01,43.1606178283691,-9.21084976196289,"Unknown"
"7014852",371861,2025-10-10 17:34:01,43.1608657836914,-9.20781517028809,"Unknown"
"7014852",371861,2025-10-10 17:39:07,43.1599235534668,-9.21079635620117,"Unknown"
"7014852",371861,2025-10-10 17:43:58,43.1599426269531,-9.21095943450928,"Unknown"
"7014852",371861,2025-10-10 17:48:59,43.1627922058105,-9.21279239654541,"Unknown"
"7014852",371861,2025-10-10 17:53:58,43.1629180908203,-9.21295261383057,"Unknown"
"7014852",371861,2025-10-10 17:59:01,43.1629295349121,-9.21282768249512,"Unknown"
"7014852",371861,2025-10-10 18:04:06,43.1627159118652,-9.21340274810791,"Unknown"
"7014852",371861,2025-10-10 18:09:09,43.1626510620117,-9.21344661712646,"Unknown"
"7014852",371861,2025-10-10 18:14:06,43.1627235412598,-9.21352195739746,"Unknown"
"7014852",371861,2025-10-10 18:19:06,43.1631278991699,-9.21327304840088,"Unknown"
"7014852",371861,2025-10-10 18:24:12,43.1630249023438,-9.21330738067627,"Unknown"
"7014852",371861,2025-10-10 18:29:06,43.1629409790039,-9.21344661712646,"Unknown"
"7014852",371861,2025-10-10 18:34:01,43.1628570556641,-9.21326637268066,"Unknown"
"7014852",371861,2025-10-10 18:39:56,43.1625785827637,-9.21322059631348,"Unknown"
"7014852",371861,2025-10-10 23:39:58,43.1627464294434,-9.2139720916748,"Unknown"
"7014852",371861,2025-10-11 04:40:10,43.1631622314453,-9.21309947967529,"Unknown"
"7014852",371861,2025-10-11 06:50:18,43.1846694946289,-9.09099292755127,"Unknown"
"7014852",371861,2025-10-11 06:55:30,43.184886932373,-9.09101676940918,"Unknown"
"7014852",371861,2025-10-11 07:00:35,43.1849517822266,-9.0909366607666,"Unknown"
"7014852",371861,2025-10-11 07:05:07,43.1847114562988,-9.09092617034912,"Unknown"
"7014852",371861,2025-10-11 07:10:10,43.1845703125,-9.09168434143066,"Unknown"
"7014852",371861,2025-10-11 07:15:08,43.1835670471191,-9.09272289276123,"Unknown"
"7014852",371861,2025-10-11 07:20:09,43.1805763244629,-9.09181213378906,"Unknown"
"7014852",371861,2025-10-11 07:25:09,43.1801567077637,-9.09114360809326,"Unknown"
"7014852",371861,2025-10-11 07:30:07,43.1800765991211,-9.09157085418701,"Unknown"
"7014852",371861,2025-10-11 07:35:09,43.1800003051758,-9.09152793884277,"Unknown"
"7014852",371861,2025-10-11 07:40:10,43.1799468994141,-9.09158515930176,"Unknown"
"7014852",371861,2025-10-11 07:45:10,43.1803436279297,-9.0915994644165,"Unknown"
"7014852",371861,2025-10-11 07:50:09,43.1894073486328,-9.09026527404785,"Unknown"
"7014852",371861,2025-10-11 07:55:09,43.1893424987793,-9.09013652801514,"Unknown"
"7014852",371861,2025-10-11 08:00:12,43.1894607543945,-9.09023571014404,"Unknown"
"7014852",371861,2025-10-11 08:05:11,43.1895980834961,-9.09005928039551,"Unknown"
"7014852",371861,2025-10-11 08:10:09,43.189640045166,-9.09013271331787,"Unknown"
"7014852",371861,2025-10-11 08:15:10,43.1896095275879,-9.09021663665771,"Unknown"
"7014852",371861,2025-10-11 08:20:11,43.1895942687988,-9.09020042419434,"Unknown"
"7014852",371861,2025-10-11 08:25:09,43.1896667480469,-9.0901460647583,"Unknown"
"7014852",371861,2025-10-11 08:30:09,43.1896591186523,-9.09010696411133,"Unknown"
"7014852",371861,2025-10-11 08:35:08,43.1895561218262,-9.09020900726318,"Unknown"
"7014852",371861,2025-10-11 08:40:08,43.1896095275879,-9.09013938903809,"Unknown"
"7014852",371861,2025-10-11 08:45:08,43.1895446777344,-9.09009838104248,"Unknown"
"7014852",371861,2025-10-11 08:50:08,43.1895408630371,-9.0901050567627,"Unknown"
"7014852",371861,2025-10-11 08:55:08,43.1896095275879,-9.09010982513428,"Unknown"
"7014852",371861,2025-10-11 09:00:08,43.1896820068359,-9.09016990661621,"Unknown"
"7014852",371861,2025-10-11 09:05:08,43.1895637512207,-9.09020805358887,"Unknown"
"7014852",371861,2025-10-11 09:10:08,43.1895370483398,-9.08997535705566,"Unknown"
"7014852",371861,2025-10-11 09:15:09,43.1894683837891,-9.09006404876709,"Unknown"
"7014852",371861,2025-10-11 09:20:11,43.1894683837891,-9.09003925323486,"Unknown"
"7014852",371861,2025-10-11 09:25:09,43.1896057128906,-9.09017467498779,"Unknown"
"7014852",371861,2025-10-11 09:30:09,43.189323425293,-9.08974266052246,"Unknown"
"7014852",371861,2025-10-11 09:35:08,43.1895980834961,-9.09009838104248,"Unknown"
"7014852",371861,2025-10-11 09:40:08,43.1895751953125,-9.09000015258789,"Unknown"
"7014852",371861,2025-10-11 09:45:08,43.189624786377,-9.09005737304688,"Unknown"
"7014852",371861,2025-10-11 09:50:08,43.1895713806152,-9.08996295928955,"Unknown"
"7014852",371861,2025-10-11 09:55:08,43.1895484924316,-9.09002876281738,"Unknown"
"7014852",371861,2025-10-11 10:00:08,43.1895599365234,-9.09008598327637,"Unknown"
"7014852",371861,2025-10-11 10:05:08,43.1894607543945,-9.09000015258789,"Unknown"
"7014852",371861,2025-10-11 10:10:09,43.1885452270508,-9.09161567687988,"Unknown"
"7014852",371861,2025-10-11 10:15:09,43.1891593933105,-9.08943939208984,"Unknown"
"7014852",371861,2025-10-11 10:20:09,43.189094543457,-9.08957386016846,"Unknown"
"7014852",371861,2025-10-11 10:25:08,43.189136505127,-9.0895938873291,"Unknown"
"7014852",371861,2025-10-11 10:30:08,43.1890449523926,-9.08947086334229,"Unknown"
"7014852",371861,2025-10-11 10:35:09,43.1891632080078,-9.09083366394043,"Unknown"
"7014852",371861,2025-10-11 10:40:08,43.1889610290527,-9.08987712860107,"Unknown"
"7014852",371861,2025-10-11 10:45:08,43.1885604858398,-9.08844566345215,"Unknown"
"7014852",371861,2025-10-11 10:50:18,43.189037322998,-9.08942413330078,"Unknown"
"7014852",371861,2025-10-11 10:55:18,43.1888999938965,-9.09084892272949,"Unknown"
"7014852",371861,2025-10-11 11:00:11,43.1841926574707,-9.09037685394287,"Unknown"
"7014852",371861,2025-10-11 11:05:08,43.1869163513184,-9.08895969390869,"Unknown"
"7014852",371861,2025-10-11 11:10:20,43.1843185424805,-9.09127426147461,"Unknown"
"7014852",371861,2025-10-11 11:15:11,43.1849555969238,-9.09196949005127,"Unknown"
"7014852",371861,2025-10-11 11:20:10,43.1848526000977,-9.09203720092773,"Unknown"
"7014852",371861,2025-10-11 11:25:11,43.1846733093262,-9.09144020080566,"Unknown"
"7014852",371861,2025-10-11 11:30:08,43.1811485290527,-9.09184074401855,"Unknown"
"7014852",371861,2025-10-11 11:35:13,43.1790351867676,-9.08754253387451,"Unknown"
"7014852",371861,2025-10-11 11:40:08,43.184757232666,-9.09148025512695,"Unknown"
"7014852",371861,2025-10-11 11:45:08,43.1847610473633,-9.09151458740234,"Unknown"
"7014852",371861,2025-10-11 11:50:08,43.1848945617676,-9.0914478302002,"Unknown"
"7014852",371861,2025-10-11 11:55:08,43.1846084594727,-9.09171295166016,"Unknown"
"7014852",371861,2025-10-11 12:00:09,43.1848182678223,-9.0915641784668,"Unknown"
"7014852",371861,2025-10-11 12:05:09,43.1850395202637,-9.0911693572998,"Unknown"
"7014852",371861,2025-10-11 12:10:09,43.1849517822266,-9.09106826782227,"Unknown"
"7014852",371861,2025-10-11 12:15:09,43.1850891113281,-9.09113883972168,"Unknown"
"7014852",371861,2025-10-11 12:20:09,43.1849594116211,-9.09114360809326,"Unknown"
"7014852",371861,2025-10-11 12:25:09,43.1849174499512,-9.09124088287354,"Unknown"
"7014852",371861,2025-10-11 12:30:09,43.1848526000977,-9.09067726135254,"Unknown"
"7014852",371861,2025-10-11 12:35:10,43.1848297119141,-9.09133243560791,"Unknown"
"7014852",371861,2025-10-11 12:40:08,43.1849594116211,-9.09114265441895,"Unknown"
"7014852",371861,2025-10-11 12:45:08,43.1849250793457,-9.09117984771729,"Unknown"
"7014852",371861,2025-10-11 12:50:08,43.1880073547363,-9.09951305389404,"Unknown"
"7014852",371861,2025-10-11 12:55:08,43.1874160766602,-9.10010051727295,"Unknown"
"7014852",371861,2025-10-11 13:00:08,43.187572479248,-9.10030174255371,"Unknown"
"7014852",371861,2025-10-11 13:05:09,43.1888008117676,-9.10091209411621,"Unknown"
"7014852",371861,2025-10-11 13:10:10,43.1880950927734,-9.10058879852295,"Unknown"
"7014852",371861,2025-10-11 13:15:08,43.1882286071777,-9.10030364990234,"Unknown"
"7014852",371861,2025-10-11 13:20:15,43.1880111694336,-9.10011386871338,"Unknown"
"7014852",371861,2025-10-11 13:25:10,43.1875190734863,-9.09968090057373,"Unknown"
"7014852",371861,2025-10-11 13:30:16,43.1880531311035,-9.10027313232422,"Unknown"
"7014852",371861,2025-10-11 13:35:16,43.187931060791,-9.10007858276367,"Unknown"
"7014852",371861,2025-10-11 13:40:18,43.1881942749023,-9.10034370422363,"Unknown"
"7014852",371861,2025-10-11 13:45:18,43.1843299865723,-9.09136867523193,"Unknown"
"7014852",371861,2025-10-11 13:50:11,43.1863670349121,-9.09409427642822,"Unknown"
"7014852",371861,2025-10-11 13:55:17,43.1846199035645,-9.0916690826416,"Unknown"
"7014852",371861,2025-10-11 14:00:08,43.1850433349609,-9.091477394104,"Unknown"
"7014852",371861,2025-10-11 14:05:10,43.1842956542969,-9.0908031463623,"Unknown"
"7014852",371861,2025-10-11 14:10:12,43.1844482421875,-9.09121513366699,"Unknown"
"7014852",371861,2025-10-11 14:15:18,43.1848831176758,-9.09151172637939,"Unknown"
"7014852",371861,2025-10-11 14:20:19,43.1848983764648,-9.09134674072266,"Unknown"
"7014852",371861,2025-10-11 14:25:09,43.1846656799316,-9.09112739562988,"Unknown"
"7014852",371861,2025-10-11 14:30:08,43.1847267150879,-9.09137535095215,"Unknown"
"7014852",371861,2025-10-11 14:35:09,43.1846694946289,-9.09185981750488,"Unknown"
"7014852",371861,2025-10-11 14:40:08,43.184684753418,-9.09189796447754,"Unknown"
"7014852",371861,2025-10-11 14:45:08,43.1846961975098,-9.09197521209717,"Unknown"
"7014852",371861,2025-10-11 14:50:09,43.1846923828125,-9.09198093414307,"Unknown"
"7014852",371861,2025-10-11 14:55:08,43.1846618652344,-9.09209156036377,"Unknown"
"7014852",371861,2025-10-11 15:00:12,43.1845932006836,-9.09176445007324,"Unknown"
"7014852",371861,2025-10-11 15:05:08,43.1847038269043,-9.09203624725342,"Unknown"
"7014852",371861,2025-10-11 15:10:16,43.1846694946289,-9.09155559539795,"Unknown"
"7014852",371861,2025-10-11 15:15:08,43.1845474243164,-9.09191226959229,"Unknown"
"7014852",371861,2025-10-11 15:20:12,43.1846466064453,-9.09131145477295,"Unknown"
"7014852",371861,2025-10-11 15:25:12,43.1848068237305,-9.09109592437744,"Unknown"
"7014852",371861,2025-10-11 15:30:11,43.184684753418,-9.09128284454346,"Unknown"
"7014852",371861,2025-10-11 15:35:15,43.1846809387207,-9.09147262573242,"Unknown"
"7014852",371861,2025-10-11 15:40:09,43.1957321166992,-9.11929130554199,"Unknown"
"7014852",371861,2025-10-11 15:45:10,43.1991577148438,-9.13498497009277,"Unknown"
"7014852",371861,2025-10-11 15:50:13,43.1991310119629,-9.13512516021729,"Unknown"
"7014852",371861,2025-10-11 15:55:12,43.1990814208984,-9.1351318359375,"Unknown"
"7014852",371861,2025-10-11 16:00:10,43.1991539001465,-9.1347713470459,"Unknown"
"7014852",371861,2025-10-11 16:05:10,43.1990966796875,-9.13485908508301,"Unknown"
"7014852",371861,2025-10-11 16:10:10,43.1990814208984,-9.1348123550415,"Unknown"
"7014852",371861,2025-10-11 16:15:11,43.1990203857422,-9.13476181030273,"Unknown"
"7014852",371861,2025-10-11 16:20:23,43.1991500854492,-9.13555812835693,"Unknown"
"7014852",371861,2025-10-11 16:25:18,43.1991157531738,-9.13503837585449,"Unknown"
"7014852",371861,2025-10-11 16:30:11,43.1991691589355,-9.13507747650146,"Unknown"
"7014852",371861,2025-10-11 16:35:18,43.1991004943848,-9.13516712188721,"Unknown"
"7014852",371861,2025-10-11 16:40:09,43.1990928649902,-9.13524150848389,"Unknown"
"7014852",371861,2025-10-11 16:45:17,43.1991500854492,-9.13516139984131,"Unknown"
"7014852",371861,2025-10-11 16:50:09,43.1991310119629,-9.13516807556152,"Unknown"
"7014852",371861,2025-10-11 16:55:33,43.1991119384766,-9.13565540313721,"Unknown"
"7014852",371861,2025-10-11 17:00:08,43.1990661621094,-9.13559627532959,"Unknown"
"7014852",371861,2025-10-11 17:05:08,43.1870574951172,-9.18150806427002,"Unknown"
"7014852",371861,2025-10-11 17:10:16,43.1634559631348,-9.21381855010986,"Unknown"
"7014852",371861,2025-10-11 17:15:09,43.1635360717773,-9.21380996704102,"Unknown"
"7014852",371861,2025-10-11 17:20:09,43.1635932922363,-9.21377658843994,"Unknown"
"7014852",371861,2025-10-11 17:25:18,43.1634635925293,-9.21372413635254,"Unknown"
"7014852",371861,2025-10-11 17:30:12,43.1634864807129,-9.21379852294922,"Unknown"
"7014852",371861,2025-10-11 17:35:10,43.1634292602539,-9.21380043029785,"Unknown"
"7014852",371861,2025-10-11 17:40:08,43.1635704040527,-9.21379280090332,"Unknown"
"7014852",371861,2025-10-11 17:45:08,43.1635475158691,-9.21383571624756,"Unknown"
"7014852",371861,2025-10-11 17:50:08,43.1636848449707,-9.21388816833496,"Unknown"
"7014852",371861,2025-10-11 17:55:10,43.1639862060547,-9.21388149261475,"Unknown"
"7014852",371861,2025-10-11 18:00:08,43.163028717041,-9.212815284729,"Unknown"
"7014852",371861,2025-10-11 18:05:09,43.1631050109863,-9.21279621124268,"Unknown"
"7014852",371861,2025-10-11 18:10:09,43.1630363464355,-9.21277236938477,"Unknown"
"7014852",371861,2025-10-11 18:15:08,43.1631278991699,-9.21280097961426,"Unknown"
"7014852",371861,2025-10-11 18:20:08,43.1630592346191,-9.21274662017822,"Unknown"
"7014852",371861,2025-10-11 18:25:09,43.1631393432617,-9.21276378631592,"Unknown"
"7014852",371861,2025-10-11 18:30:08,43.1630973815918,-9.21281337738037,"Unknown"
"7014852",371861,2025-10-11 18:35:08,43.1630897521973,-9.21274852752686,"Unknown"
"7014852",371861,2025-10-11 18:38:17,43.1630744934082,-9.21272373199463,"Unknown"
"7014852",371861,2025-10-11 23:38:54,43.1633682250977,-9.212327003479,"Unknown"
"7014852",371861,2025-10-12 04:38:35,43.1637268066406,-9.21273708343506,"Unknown"
"7014852",371861,2025-10-12 06:51:22,43.1900749206543,-9.09397220611572,"Unknown"
"7014852",371861,2025-10-12 06:56:22,43.1848297119141,-9.09103965759277,"Unknown"
"7014852",371861,2025-10-12 07:01:21,43.1851196289062,-9.0909538269043,"Unknown"
"7014852",371861,2025-10-12 07:06:22,43.1850471496582,-9.09091567993164,"Unknown"
"7014852",371861,2025-10-12 07:11:25,43.1856918334961,-9.09047985076904,"Unknown"
"7014852",371861,2025-10-12 07:16:22,43.1857147216797,-9.09063816070557,"Unknown"
"7014852",371861,2025-10-12 07:21:22,43.1851043701172,-9.09059715270996,"Unknown"
"7014852",371861,2025-10-12 07:26:23,43.1848678588867,-9.09138774871826,"Unknown"
"7014852",371861,2025-10-12 07:31:22,43.1849746704102,-9.09098243713379,"Unknown"
"7014852",371861,2025-10-12 07:36:22,43.1849632263184,-9.0913782119751,"Unknown"
"7014852",371861,2025-10-12 07:41:28,43.1850929260254,-9.09088325500488,"Unknown"
"7014852",371861,2025-10-12 07:46:22,43.1850814819336,-9.09117603302002,"Unknown"
"7014852",371861,2025-10-12 07:51:24,43.1849937438965,-9.09101009368896,"Unknown"
"7014852",371861,2025-10-12 07:56:22,43.1849632263184,-9.09090137481689,"Unknown"
"7014852",371861,2025-10-12 08:01:30,43.1849899291992,-9.09084510803223,"Unknown"
"7014852",371861,2025-10-12 08:06:22,43.1854209899902,-9.09111595153809,"Unknown"
"7014852",371861,2025-10-12 08:11:30,43.1845283508301,-9.0905933380127,"Unknown"
"7014852",371861,2025-10-12 08:16:44,43.1848793029785,-9.09085464477539,"Unknown"
"7014852",371861,2025-10-12 08:21:21,43.1848411560059,-9.09078502655029,"Unknown"
"7014852",371861,2025-10-12 08:26:21,43.1848411560059,-9.09091854095459,"Unknown"
"7014852",371861,2025-10-12 08:31:21,43.1849060058594,-9.09094524383545,"Unknown"
"7014852",371861,2025-10-12 08:36:21,43.1847801208496,-9.09075832366943,"Unknown"
"7014852",371861,2025-10-12 08:41:24,43.1848754882812,-9.09064960479736,"Unknown"
"7014852",371861,2025-10-12 08:46:27,43.1850357055664,-9.09100151062012,"Unknown"
"7014852",371861,2025-10-12 08:51:25,43.1852378845215,-9.09118270874023,"Unknown"
"7014852",371861,2025-10-12 08:56:30,43.1850624084473,-9.09080791473389,"Unknown"
"7014852",371861,2025-10-12 09:01:53,43.1849212646484,-9.09107780456543,"Unknown"
"7014852",371861,2025-10-12 09:06:21,43.1849174499512,-9.09112548828125,"Unknown"
"7014852",371861,2025-10-12 09:11:21,43.1848754882812,-9.09115505218506,"Unknown"
"7014852",371861,2025-10-12 09:16:21,43.1849937438965,-9.09083843231201,"Unknown"
"7014852",371861,2025-10-12 09:21:23,43.1850700378418,-9.09089374542236,"Unknown"
"7014852",371861,2025-10-12 09:26:32,43.1847839355469,-9.09151077270508,"Unknown"
"7014852",371861,2025-10-12 09:31:25,43.1846084594727,-9.09134387969971,"Unknown"
"7014852",371861,2025-10-12 09:36:23,43.1847839355469,-9.09131145477295,"Unknown"
"7014852",371861,2025-10-12 09:41:24,43.184814453125,-9.09121513366699,"Unknown"
"7014852",371861,2025-10-12 09:46:27,43.1847381591797,-9.09148502349854,"Unknown"
"7014852",371861,2025-10-12 09:51:27,43.1848220825195,-9.09176921844482,"Unknown"
"7014852",371861,2025-10-12 09:56:22,43.1851844787598,-9.09103870391846,"Unknown"
"7014852",371861,2025-10-12 10:01:22,43.1852340698242,-9.09096527099609,"Unknown"
"7014852",371861,2025-10-12 10:06:21,43.1852416992188,-9.09102344512939,"Unknown"
"7014852",371861,2025-10-12 10:11:24,43.1854553222656,-9.09124279022217,"Unknown"
"7014852",371861,2025-10-12 10:16:44,43.1848793029785,-9.09083557128906,"Unknown"
"7014852",371861,2025-10-12 10:21:24,43.1854286193848,-9.09127998352051,"Unknown"
"7014852",371861,2025-10-12 10:26:27,43.1852684020996,-9.0910062789917,"Unknown"
"7014852",371861,2025-10-12 10:31:44,43.1852989196777,-9.09112071990967,"Unknown"
"7014852",371861,2025-10-12 10:36:25,43.1853141784668,-9.09117889404297,"Unknown"
"7014852",371861,2025-10-12 10:41:24,43.185661315918,-9.09149551391602,"Unknown"
"7014852",371861,2025-10-12 10:46:29,43.185131072998,-9.0906286239624,"Unknown"
"7014852",371861,2025-10-12 10:51:22,43.1882514953613,-9.09030437469482,"Unknown"
"7014852",371861,2025-10-12 10:56:44,43.1893730163574,-9.08990859985352,"Unknown"
"7014852",371861,2025-10-12 11:01:21,43.1894187927246,-9.08989524841309,"Unknown"
"7014852",371861,2025-10-12 11:06:21,43.1892166137695,-9.08975219726562,"Unknown"
"7014852",371861,2025-10-12 11:11:21,43.1895217895508,-9.08994388580322,"Unknown"
"7014852",371861,2025-10-12 11:16:22,43.1894111633301,-9.08979797363281,"Unknown"
"7014852",371861,2025-10-12 11:21:23,43.1895408630371,-9.08980083465576,"Unknown"
"7014852",371861,2025-10-12 11:26:22,43.189510345459,-9.08990859985352,"Unknown"
"7014852",371861,2025-10-12 11:31:24,43.1845741271973,-9.09147167205811,"Unknown"
"7014852",371861,2025-10-12 11:36:26,43.184642791748,-9.09160900115967,"Unknown"
"7014852",371861,2025-10-12 11:41:25,43.184642791748,-9.09162139892578,"Unknown"
"7014852",371861,2025-10-12 11:46:44,43.1845932006836,-9.09170913696289,"Unknown"
"7014852",371861,2025-10-12 11:51:25,43.1847648620605,-9.09171199798584,"Unknown"
"7014852",371861,2025-10-12 11:56:22,43.1845970153809,-9.09174251556396,"Unknown"
"7014852",371861,2025-10-12 12:01:22,43.1846580505371,-9.09178066253662,"Unknown"
"7014852",371861,2025-10-12 12:06:21,43.1846809387207,-9.09190464019775,"Unknown"
"7014852",371861,2025-10-12 12:11:21,43.1853866577148,-9.09132957458496,"Unknown"
"7014852",371861,2025-10-12 12:16:23,43.1853828430176,-9.09138965606689,"Unknown"
"7014852",371861,2025-10-12 12:21:21,43.1846046447754,-9.0916223526001,"Unknown"
"7014852",371861,2025-10-12 12:26:24,43.1851463317871,-9.09077072143555,"Unknown"
"7014852",371861,2025-10-12 12:31:49,43.1850776672363,-9.09080028533936,"Unknown"
"7014852",371861,2025-10-12 12:36:21,43.1856918334961,-9.091064453125,"Unknown"
"7014852",371861,2025-10-12 12:41:31,43.1851997375488,-9.09119129180908,"Unknown"
"7014852",371861,2025-10-12 12:46:24,43.1847152709961,-9.09103965759277,"Unknown"
"7014852",371861,2025-10-12 12:51:35,43.1843223571777,-9.09077739715576,"Unknown"
"7014852",371861,2025-10-12 12:56:35,43.1848678588867,-9.09029674530029,"Unknown"
"7014852",371861,2025-10-12 13:01:38,43.182300567627,-9.09160423278809,"Unknown"
"7014852",371861,2025-10-12 13:06:39,43.1816940307617,-9.09183979034424,"Unknown"
"7014852",371861,2025-10-12 13:11:39,43.1824645996094,-9.09242057800293,"Unknown"
"7014852",371861,2025-10-12 13:17:09,43.1830902099609,-9.09289360046387,"Unknown"
"7014852",371861,2025-10-12 13:21:23,43.1846122741699,-9.0921049118042,"Unknown"
"7014852",371861,2025-10-12 13:26:44,43.1848983764648,-9.0913257598877,"Unknown"
"7014852",371861,2025-10-12 13:31:29,43.1848983764648,-9.09138870239258,"Unknown"
"7014852",371861,2025-10-12 13:36:22,43.1843757629395,-9.09149360656738,"Unknown"
"7014852",371861,2025-10-12 13:41:25,43.1855010986328,-9.0933837890625,"Unknown"
"7014852",371861,2025-10-12 13:46:24,43.1842346191406,-9.0913782119751,"Unknown"
"7014852",371861,2025-10-12 13:51:30,43.1846313476562,-9.09156131744385,"Unknown"
"7014852",371861,2025-10-12 13:56:22,43.1845893859863,-9.09135055541992,"Unknown"
"7014852",371861,2025-10-12 14:01:42,43.1845359802246,-9.09130573272705,"Unknown"
"7014852",371861,2025-10-12 14:06:29,43.1852149963379,-9.09126663208008,"Unknown"
"7014852",371861,2025-10-12 14:11:22,43.1846694946289,-9.09202480316162,"Unknown"
"7014852",371861,2025-10-12 14:16:22,43.1847724914551,-9.09144401550293,"Unknown"
"7014852",371861,2025-10-12 14:21:22,43.1850624084473,-9.09163284301758,"Unknown"
"7014852",371861,2025-10-12 14:26:22,43.1846771240234,-9.09162330627441,"Unknown"
"7014852",371861,2025-10-12 14:31:22,43.1845664978027,-9.09112739562988,"Unknown"
"7014852",371861,2025-10-12 14:36:57,43.1841316223145,-9.09118270874023,"Unknown"
"7014852",371861,2025-10-12 14:41:22,43.1851806640625,-9.09182357788086,"Unknown"
"7014852",371861,2025-10-12 14:47:44,43.1851692199707,-9.09163570404053,"Unknown"
"7014852",371861,2025-10-12 14:51:22,43.1842498779297,-9.09201145172119,"Unknown"
"7014852",371861,2025-10-12 14:56:21,43.1854667663574,-9.09219169616699,"Unknown"
"7014852",371861,2025-10-12 15:01:22,43.1852035522461,-9.09189319610596,"Unknown"
"7014852",371861,2025-10-12 15:06:21,43.185230255127,-9.09196758270264,"Unknown"
"7014852",371861,2025-10-12 15:11:21,43.1852035522461,-9.09206962585449,"Unknown"
"7014852",371861,2025-10-12 15:16:21,43.1852149963379,-9.09214305877686,"Unknown"
"7014852",371861,2025-10-12 15:21:21,43.1851081848145,-9.09053611755371,"Unknown"
"7014852",371861,2025-10-12 15:26:22,43.1852760314941,-9.09078311920166,"Unknown"
"7014852",371861,2025-10-12 15:31:22,43.1850280761719,-9.09012985229492,"Unknown"
"7014852",371861,2025-10-12 15:36:21,43.1839942932129,-9.09242916107178,"Unknown"
"7014852",371861,2025-10-12 15:41:23,43.1865730285645,-9.090989112854,"Unknown"
"7014852",371861,2025-10-12 15:46:27,43.1863098144531,-9.09072399139404,"Unknown"
"7014852",371861,2025-10-12 15:51:22,43.1861801147461,-9.09086036682129,"Unknown"
"7014852",371861,2025-10-12 15:56:21,43.1845397949219,-9.09263134002686,"Unknown"
"7014852",371861,2025-10-12 16:01:21,43.1845817565918,-9.09309387207031,"Unknown"
"7014852",371861,2025-10-12 16:06:22,43.1848297119141,-9.09275341033936,"Unknown"
"7014852",371861,2025-10-12 16:11:21,43.1841011047363,-9.0928955078125,"Unknown"
"7014852",371861,2025-10-12 16:16:21,43.1887664794922,-9.09842300415039,"Unknown"
"7014852",371861,2025-10-12 16:21:22,43.1970672607422,-9.13596725463867,"Unknown"
"7014852",371861,2025-10-12 16:26:22,43.1960372924805,-9.15313339233398,"Unknown"
"7014852",371861,2025-10-12 16:31:21,43.1960639953613,-9.15303421020508,"Unknown"
"7014852",371861,2025-10-12 16:36:21,43.1960754394531,-9.15307331085205,"Unknown"
"7014852",371861,2025-10-12 16:41:21,43.1960296630859,-9.15297794342041,"Unknown"
"7014852",371861,2025-10-12 16:46:22,43.1961250305176,-9.15299224853516,"Unknown"
"7014852",371861,2025-10-12 16:51:22,43.1961517333984,-9.15281772613525,"Unknown"
"7014852",371861,2025-10-12 16:56:44,43.1961822509766,-9.15303611755371,"Unknown"
"7014852",371861,2025-10-12 17:01:21,43.1962089538574,-9.15309524536133,"Unknown"
"7014852",371861,2025-10-12 17:06:21,43.1962089538574,-9.153076171875,"Unknown"
"7014852",371861,2025-10-12 17:11:21,43.1963081359863,-9.15314102172852,"Unknown"
"7014852",371861,2025-10-12 17:16:22,43.1962203979492,-9.15299320220947,"Unknown"
"7014852",371861,2025-10-12 17:22:14,43.1961898803711,-9.15284824371338,"Unknown"
"7014852",371861,2025-10-12 17:26:33,43.1961936950684,-9.15298080444336,"Unknown"
"7014852",371861,2025-10-12 17:31:30,43.196403503418,-9.15291976928711,"Unknown"
"7014852",371861,2025-10-12 17:36:21,43.1962394714355,-9.15312004089355,"Unknown"
"7014852",371861,2025-10-12 17:41:21,43.1961898803711,-9.15309810638428,"Unknown"
"7014852",371861,2025-10-12 17:46:23,43.1963233947754,-9.15282249450684,"Unknown"
"7014852",371861,2025-10-12 17:56:22,43.1767692565918,-9.19540596008301,"Unknown"
"7014852",371861,2025-10-12 18:02:14,43.1637191772461,-9.21402835845947,"Unknown"
"7014852",371861,2025-10-12 18:06:21,43.1631011962891,-9.21371746063232,"Unknown"
"7014852",371861,2025-10-12 18:11:21,43.1633186340332,-9.21401405334473,"Unknown"
"7014852",371861,2025-10-12 18:16:30,43.1630325317383,-9.21381378173828,"Unknown"
"7014852",371861,2025-10-12 18:21:23,43.163459777832,-9.21417808532715,"Unknown"
"7014852",371861,2025-10-12 18:26:24,43.1631546020508,-9.21388053894043,"Unknown"
"7014852",371861,2025-10-12 18:31:30,43.1629829406738,-9.2139139175415,"Unknown"
"7014852",371861,2025-10-12 18:36:40,43.1629104614258,-9.21356010437012,"Unknown"
"7014852",371861,2025-10-13 04:37:05,43.1628379821777,-9.2135534286499,"Unknown"
"7014852",371861,2025-10-13 06:52:44,43.184757232666,-9.09156608581543,"Unknown"
"7014852",371861,2025-10-13 06:57:29,43.1841201782227,-9.09077548980713,"Unknown"
"7014852",371861,2025-10-13 07:02:30,43.1847038269043,-9.09094333648682,"Unknown"
"7014852",371861,2025-10-13 07:08:44,43.1854057312012,-9.09141731262207,"Unknown"
"7014852",371861,2025-10-13 07:12:29,43.1850814819336,-9.09091854095459,"Unknown"
"7014852",371861,2025-10-13 07:17:36,43.1848449707031,-9.09122848510742,"Unknown"
"7014852",371861,2025-10-13 07:22:25,43.1848030090332,-9.09166622161865,"Unknown"
"7014852",371861,2025-10-13 07:27:44,43.1866340637207,-9.09015655517578,"Unknown"
"7014852",371861,2025-10-13 07:32:29,43.1864280700684,-9.09032344818115,"Unknown"
"7014852",371861,2025-10-13 07:37:31,43.1863861083984,-9.09030818939209,"Unknown"
"7014852",371861,2025-10-13 07:42:39,43.1863899230957,-9.09006690979004,"Unknown"
"7014852",371861,2025-10-13 07:47:44,43.1863784790039,-9.09018707275391,"Unknown"
"7014852",371861,2025-10-13 07:52:26,43.1863975524902,-9.09016609191895,"Unknown"
"7014852",371861,2025-10-13 07:57:28,43.1864852905273,-9.09031200408936,"Unknown"
"7014852",371861,2025-10-13 08:02:35,43.1864776611328,-9.09043884277344,"Unknown"
"7014852",371861,2025-10-13 08:07:27,43.1863746643066,-9.09012413024902,"Unknown"
"7014852",371861,2025-10-13 08:12:31,43.1864814758301,-9.0901403427124,"Unknown"
"7014852",371861,2025-10-13 08:17:30,43.1837921142578,-9.08410549163818,"Unknown"
"7014852",371861,2025-10-13 08:22:40,43.1822738647461,-9.07919025421143,"Unknown"
"7014852",371861,2025-10-13 08:27:38,43.1822357177734,-9.0784215927124,"Unknown"
"7014852",371861,2025-10-13 08:32:44,43.183780670166,-9.07788944244385,"Unknown"
"7014852",371861,2025-10-13 08:37:33,43.1841011047363,-9.07827472686768,"Unknown"
"7014852",371861,2025-10-13 08:42:56,43.1837997436523,-9.07790756225586,"Unknown"
"7014852",371861,2025-10-13 08:47:35,43.1839179992676,-9.07790946960449,"Unknown"
"7014852",371861,2025-10-13 08:52:27,43.1839599609375,-9.07817649841309,"Unknown"
"7014852",371861,2025-10-13 08:57:44,43.1839218139648,-9.07810211181641,"Unknown"
"7014852",371861,2025-10-13 09:02:43,43.1847496032715,-9.09134292602539,"Unknown"
"7014852",371861,2025-10-13 09:07:29,43.1846504211426,-9.09073162078857,"Unknown"
"7014852",371861,2025-10-13 09:12:29,43.1846580505371,-9.09070587158203,"Unknown"
"7014852",371861,2025-10-13 09:17:29,43.1850891113281,-9.09058952331543,"Unknown"
"7014852",371861,2025-10-13 09:22:27,43.1852569580078,-9.09101963043213,"Unknown"
"7014852",371861,2025-10-13 09:27:29,43.1848335266113,-9.09084606170654,"Unknown"
"7014852",371861,2025-10-13 09:32:33,43.1856117248535,-9.09043502807617,"Unknown"
"7014852",371861,2025-10-13 09:37:26,43.1847877502441,-9.09058952331543,"Unknown"
"7014852",371861,2025-10-13 09:42:35,43.1846923828125,-9.0906867980957,"Unknown"
"7014852",371861,2025-10-13 09:47:59,43.1844329833984,-9.09063625335693,"Unknown"
"7014852",371861,2025-10-13 09:52:27,43.1829032897949,-9.09127902984619,"Unknown"
"7014852",371861,2025-10-13 09:57:29,43.1846504211426,-9.09088516235352,"Unknown"
"7014852",371861,2025-10-13 10:02:40,43.1856002807617,-9.09141159057617,"Unknown"
"7014852",371861,2025-10-13 10:07:35,43.1858596801758,-9.09154987335205,"Unknown"
"7014852",371861,2025-10-13 10:12:39,43.1849479675293,-9.09076118469238,"Unknown"
"7014852",371861,2025-10-13 10:17:31,43.1846618652344,-9.09037208557129,"Unknown"
"7014852",371861,2025-10-13 10:22:37,43.1862640380859,-9.09144973754883,"Unknown"
"7014852",371861,2025-10-13 10:27:29,43.1862564086914,-9.09150886535645,"Unknown"
"7014852",371861,2025-10-13 10:32:28,43.1863670349121,-9.09141635894775,"Unknown"
"7014852",371861,2025-10-13 10:37:44,43.1862182617188,-9.09127330780029,"Unknown"
"7014852",371861,2025-10-13 10:42:27,43.1807174682617,-9.09118938446045,"Unknown"
"7014852",371861,2025-10-13 10:47:26,43.1808280944824,-9.09148120880127,"Unknown"
"7014852",371861,2025-10-13 10:52:25,43.1806869506836,-9.09130191802979,"Unknown"
"7014852",371861,2025-10-13 10:57:38,43.1807746887207,-9.09140300750732,"Unknown"
"7014852",371861,2025-10-13 11:02:37,43.1807136535645,-9.09129619598389,"Unknown"
"7014852",371861,2025-10-13 11:07:25,43.1807289123535,-9.09121227264404,"Unknown"
"7014852",371861,2025-10-13 11:12:25,43.1806144714355,-9.09132289886475,"Unknown"
"7014852",371861,2025-10-13 11:17:29,43.1808738708496,-9.09181308746338,"Unknown"
"7014852",371861,2025-10-13 11:22:28,43.1808662414551,-9.09168148040771,"Unknown"
"7014852",371861,2025-10-13 11:27:25,43.1807327270508,-9.09160804748535,"Unknown"
"7014852",371861,2025-10-13 11:32:43,43.1806373596191,-9.09140968322754,"Unknown"
"7014852",371861,2025-10-13 11:37:29,43.1847114562988,-9.09132289886475,"Unknown"
"7014852",371861,2025-10-13 11:42:25,43.184684753418,-9.09151268005371,"Unknown"
"7014852",371861,2025-10-13 11:47:28,43.1846199035645,-9.09130668640137,"Unknown"
"7014852",371861,2025-10-13 11:52:28,43.184642791748,-9.09135913848877,"Unknown"
"7014852",371861,2025-10-13 11:57:27,43.1845779418945,-9.09116744995117,"Unknown"
"7014852",371861,2025-10-13 12:02:28,43.1847343444824,-9.09119415283203,"Unknown"
"7014852",371861,2025-10-13 12:07:27,43.1848449707031,-9.09137439727783,"Unknown"
"7014852",371861,2025-10-13 12:12:33,43.1850624084473,-9.0914363861084,"Unknown"
"7014852",371861,2025-10-13 12:17:59,43.1846504211426,-9.09131240844727,"Unknown"
"7014852",371861,2025-10-13 12:22:27,43.1855125427246,-9.09122848510742,"Unknown"
"7014852",371861,2025-10-13 12:27:28,43.1857070922852,-9.09134769439697,"Unknown"
"7014852",371861,2025-10-13 12:32:26,43.1856651306152,-9.09133052825928,"Unknown"
"7014852",371861,2025-10-13 12:37:30,43.1858444213867,-9.09133815765381,"Unknown"
"7014852",371861,2025-10-13 12:42:25,43.1846809387207,-9.09127521514893,"Unknown"
"7014852",371861,2025-10-13 12:47:25,43.1846199035645,-9.09114837646484,"Unknown"
"7014852",371861,2025-10-13 12:52:26,43.1843414306641,-9.09104919433594,"Unknown"
"7014852",371861,2025-10-13 12:57:26,43.1845703125,-9.09151077270508,"Unknown"
"7014852",371861,2025-10-13 13:02:28,43.1846542358398,-9.09073448181152,"Unknown"
"7014852",371861,2025-10-13 13:07:32,43.1845283508301,-9.09097099304199,"Unknown"
"7014852",371861,2025-10-13 13:12:28,43.1845054626465,-9.09142112731934,"Unknown"
"7014852",371861,2025-10-13 13:17:28,43.1859970092773,-9.09078216552734,"Unknown"
"7014852",371861,2025-10-13 13:22:29,43.1845626831055,-9.09083080291748,"Unknown"
"7014852",371861,2025-10-13 13:27:31,43.1861419677734,-9.09349346160889,"Unknown"
"7014852",371861,2025-10-13 13:32:59,43.1860427856445,-9.09324932098389,"Unknown"
"7014852",371861,2025-10-13 13:37:30,43.1861915588379,-9.09349346160889,"Unknown"
"7014852",371861,2025-10-13 13:42:28,43.1849746704102,-9.09338855743408,"Unknown"
"7014852",371861,2025-10-13 13:47:34,43.1832733154297,-9.09264373779297,"Unknown"
"7014852",371861,2025-10-13 13:52:25,43.1810531616211,-9.0915994644165,"Unknown"
"7014852",371861,2025-10-13 13:57:27,43.1877937316895,-9.10009670257568,"Unknown"
"7014852",371861,2025-10-13 14:02:40,43.1874923706055,-9.09963512420654,"Unknown"
"7014852",371861,2025-10-13 14:07:26,43.1875038146973,-9.09968948364258,"Unknown"
"7014852",371861,2025-10-13 14:12:44,43.1878509521484,-9.09963417053223,"Unknown"
"7014852",371861,2025-10-13 14:17:31,43.1878128051758,-9.09943008422852,"Unknown"
"7014852",371861,2025-10-13 14:22:25,43.1877746582031,-9.09953594207764,"Unknown"
"7014852",371861,2025-10-13 14:27:25,43.1878433227539,-9.09958457946777,"Unknown"
"7014852",371861,2025-10-13 14:32:29,43.1874542236328,-9.09946346282959,"Unknown"
"7014852",371861,2025-10-13 14:37:36,43.1875076293945,-9.0996732711792,"Unknown"
"7014852",371861,2025-10-13 14:42:38,43.1875114440918,-9.09931945800781,"Unknown"
"7014852",371861,2025-10-13 14:48:00,43.1878433227539,-9.09944438934326,"Unknown"
"7014852",371861,2025-10-13 14:52:44,43.1878051757812,-9.09961795806885,"Unknown"
"7014852",371861,2025-10-13 14:57:36,43.1885223388672,-9.10015392303467,"Unknown"
"7014852",371861,2025-10-13 15:02:44,43.1885299682617,-9.10000133514404,"Unknown"
"7014852",371861,2025-10-13 15:07:37,43.1885032653809,-9.09981536865234,"Unknown"
"7014852",371861,2025-10-13 15:12:30,43.1885719299316,-9.09888935089111,"Unknown"
"7014852",371861,2025-10-13 15:17:36,43.1886787414551,-9.09949111938477,"Unknown"
"7014852",371861,2025-10-13 15:22:42,43.1885986328125,-9.10007381439209,"Unknown"
"7014852",371861,2025-10-13 15:27:29,43.1885452270508,-9.09946155548096,"Unknown"
"7014852",371861,2025-10-13 15:32:38,43.1884422302246,-9.09999656677246,"Unknown"
"7014852",371861,2025-10-13 15:37:40,43.1883773803711,-9.10041522979736,"Unknown"
"7014852",371861,2025-10-13 15:42:36,43.1886100769043,-9.10010051727295,"Unknown"
"7014852",371861,2025-10-13 15:47:33,43.1884307861328,-9.10064506530762,"Unknown"
"7014852",371861,2025-10-13 15:52:31,43.1883659362793,-9.10036182403564,"Unknown"
"7014852",371861,2025-10-13 15:57:26,43.2015800476074,-9.12482357025146,"Unknown"
"7014852",371861,2025-10-13 16:02:26,43.2006187438965,-9.15657329559326,"Unknown"
"7014852",371861,2025-10-13 16:07:44,43.1828918457031,-9.18797969818115,"Unknown"
"7014852",371861,2025-10-13 16:12:31,43.182804107666,-9.1878662109375,"Unknown"
"7014852",371861,2025-10-13 16:17:44,43.1828994750977,-9.18801689147949,"Unknown"
"7014852",371861,2025-10-13 16:22:31,43.1828346252441,-9.18795871734619,"Unknown"
"7014852",371861,2025-10-13 16:27:36,43.1828575134277,-9.1881628036499,"Unknown"
"7014852",371861,2025-10-13 16:32:41,43.1828575134277,-9.18799686431885,"Unknown"
"7014852",371861,2025-10-13 16:37:30,43.1827278137207,-9.18800354003906,"Unknown"
"7014852",371861,2025-10-13 16:42:27,43.1804237365723,-9.19950294494629,"Unknown"
"7014852",371861,2025-10-13 16:47:37,43.1638031005859,-9.23418521881104,"Unknown"
"7014852",371861,2025-10-13 16:52:38,43.160572052002,-9.21328544616699,"Unknown"
"7014852",371861,2025-10-13 16:57:42,43.1605377197266,-9.21321868896484,"Unknown"
"7014852",371861,2025-10-13 17:02:48,43.1608123779297,-9.21331214904785,"Unknown"
"7014852",371861,2025-10-13 17:07:46,43.1608238220215,-9.21320629119873,"Unknown"
"7014852",371861,2025-10-13 17:12:48,43.1603126525879,-9.21302223205566,"Unknown"
"7014852",371861,2025-10-13 17:17:38,43.1602516174316,-9.21301078796387,"Unknown"
"7014852",371861,2025-10-13 17:22:40,43.1606941223145,-9.21319580078125,"Unknown"
"7014852",371861,2025-10-13 17:27:35,43.1604843139648,-9.21309566497803,"Unknown"
"7014852",371861,2025-10-13 17:32:36,43.1605186462402,-9.21318340301514,"Unknown"
"7014852",371861,2025-10-13 17:37:36,43.161563873291,-9.25020885467529,"Unknown"
"7014852",371861,2025-10-13 17:42:36,43.157787322998,-9.25587272644043,"Unknown"
"7014852",371861,2025-10-13 17:47:45,43.1573677062988,-9.25639057159424,"Unknown"
"7014852",371861,2025-10-13 17:52:39,43.1569480895996,-9.25686931610107,"Unknown"
"7014852",371861,2025-10-13 17:57:44,43.1573600769043,-9.25671768188477,"Unknown"
"7014852",371861,2025-10-13 18:07:26,43.1896476745605,-9.23711013793945,"Unknown"
"7014852",371861,2025-10-13 18:12:27,43.2019081115723,-9.24252605438232,"Unknown"
"7014852",371861,2025-10-13 18:17:29,43.1932563781738,-9.23956394195557,"Unknown"
"7014852",371861,2025-10-13 18:22:28,43.1926765441895,-9.23943424224854,"Unknown"
"7014852",371861,2025-10-13 18:27:40,43.1918258666992,-9.23987007141113,"Unknown"
"7014852",371861,2025-10-13 18:32:25,43.1912651062012,-9.24057483673096,"Unknown"
"7014852",371861,2025-10-13 18:35:06,43.1908111572266,-9.24064922332764,"Unknown"
"7014852",371861,2025-10-13 23:35:36,43.1932067871094,-9.29724025726318,"Unknown"
"7014852",371861,2025-10-14 04:35:35,43.2264709472656,-9.30937576293945,"Unknown"
"7014852",371861,2025-10-14 06:54:23,43.1903648376465,-9.16216659545898,"Unknown"
"7014852",371861,2025-10-14 06:59:01,43.1956634521484,-9.13101100921631,"Unknown"
"7014852",371861,2025-10-14 07:03:58,43.1908569335938,-9.09659481048584,"Unknown"
"7014852",371861,2025-10-14 07:08:57,43.183536529541,-9.09119415283203,"Unknown"
"7014852",371861,2025-10-14 07:14:00,43.1830444335938,-9.09200954437256,"Unknown"
"7014852",371861,2025-10-14 07:19:09,43.1841011047363,-9.09105491638184,"Unknown"
"7014852",371861,2025-10-14 07:23:57,43.1827850341797,-9.09219455718994,"Unknown"
"7014852",371861,2025-10-14 07:28:52,43.1851654052734,-9.09271717071533,"Unknown"
"7014852",371861,2025-10-14 07:34:00,43.1849060058594,-9.09069633483887,"Unknown"
"7014852",371861,2025-10-14 07:39:00,43.1846160888672,-9.09026622772217,"Unknown"
"7014852",371861,2025-10-14 07:43:59,43.1848373413086,-9.09063243865967,"Unknown"
"7014852",371861,2025-10-14 07:49:23,43.1853981018066,-9.09073638916016,"Unknown"
"7014852",371861,2025-10-14 07:53:58,43.1854019165039,-9.09072875976562,"Unknown"
"7014852",371861,2025-10-14 07:58:59,43.1859321594238,-9.0910177230835,"Unknown"
"7014852",371861,2025-10-14 08:04:09,43.1844902038574,-9.09267330169678,"Unknown"
"7014852",371861,2025-10-14 08:09:10,43.1841430664062,-9.09208106994629,"Unknown"
"7014852",371861,2025-10-14 08:13:59,43.1853141784668,-9.09122657775879,"Unknown"
"7014852",371861,2025-10-14 08:19:01,43.1831474304199,-9.09231853485107,"Unknown"
"7014852",371861,2025-10-14 08:23:59,43.1846084594727,-9.09174537658691,"Unknown"
"7014852",371861,2025-10-14 08:29:14,43.1830101013184,-9.09253978729248,"Unknown"
"7014852",371861,2025-10-14 08:33:55,43.1847877502441,-9.09158992767334,"Unknown"
"7014852",371861,2025-10-14 08:39:14,43.1841278076172,-9.09184265136719,"Unknown"
"7014852",371861,2025-10-14 08:44:00,43.1820602416992,-9.09185886383057,"Unknown"
"7014852",371861,2025-10-14 08:49:44,43.1845703125,-9.09193229675293,"Unknown"
"7014852",371861,2025-10-14 08:54:01,43.1848373413086,-9.09197807312012,"Unknown"
"7014852",371861,2025-10-14 08:58:59,43.1847724914551,-9.09197044372559,"Unknown"
"7014852",371861,2025-10-14 09:03:59,43.1845741271973,-9.09190654754639,"Unknown"
"7014852",371861,2025-10-14 09:09:29,43.1846923828125,-9.09168243408203,"Unknown"
"7014852",371861,2025-10-14 09:13:57,43.1854667663574,-9.09050750732422,"Unknown"
"7014852",371861,2025-10-14 09:18:58,43.1845588684082,-9.09180068969727,"Unknown"
"7014852",371861,2025-10-14 09:23:52,43.1831893920898,-9.09228038787842,"Unknown"
"7014852",371861,2025-10-14 09:28:53,43.1845703125,-9.09147071838379,"Unknown"
"7014852",371861,2025-10-14 09:34:14,43.1831092834473,-9.09240245819092,"Unknown"
"7014852",371861,2025-10-14 09:39:06,43.1837539672852,-9.09261798858643,"Unknown"
"7014852",371861,2025-10-14 09:44:09,43.1835708618164,-9.09278106689453,"Unknown"
"7014852",371861,2025-10-14 09:48:53,43.1845474243164,-9.0919075012207,"Unknown"
"7014852",371861,2025-10-14 09:54:00,43.184383392334,-9.09190940856934,"Unknown"
"7014852",371861,2025-10-14 09:58:55,43.1843910217285,-9.09214782714844,"Unknown"
"7014852",371861,2025-10-14 10:03:55,43.1844177246094,-9.09183979034424,"Unknown"
"7014852",371861,2025-10-14 10:08:57,43.1848793029785,-9.09195899963379,"Unknown"
"7014852",371861,2025-10-14 10:13:59,43.185619354248,-9.09154415130615,"Unknown"
"7014852",371861,2025-10-14 10:18:55,43.1856918334961,-9.09148693084717,"Unknown"
"7014852",371861,2025-10-14 10:24:03,43.1858825683594,-9.09210968017578,"Unknown"
"7014852",371861,2025-10-14 10:29:29,43.1855506896973,-9.09128761291504,"Unknown"
"7014852",371861,2025-10-14 10:33:53,43.1855087280273,-9.09124183654785,"Unknown"
"7014852",371861,2025-10-14 10:38:53,43.1854209899902,-9.09149742126465,"Unknown"
"7014852",371861,2025-10-14 10:43:53,43.1855163574219,-9.09138202667236,"Unknown"
"7014852",371861,2025-10-14 10:48:53,43.1856575012207,-9.09172534942627,"Unknown"
"7014852",371861,2025-10-14 10:53:55,43.1855430603027,-9.09122085571289,"Unknown"
"7014852",371861,2025-10-14 10:58:55,43.1857070922852,-9.09127998352051,"Unknown"
"7014852",371861,2025-10-14 11:03:53,43.1844673156738,-9.09197425842285,"Unknown"
"7014852",371861,2025-10-14 11:08:52,43.1845321655273,-9.0920295715332,"Unknown"
"7014852",371861,2025-10-14 11:13:52,43.1845970153809,-9.0919132232666,"Unknown"
"7014852",371861,2025-10-14 11:18:53,43.1845359802246,-9.09187126159668,"Unknown"
"7014852",371861,2025-10-14 11:23:52,43.1849784851074,-9.09339714050293,"Unknown"
"7014852",371861,2025-10-14 11:28:52,43.1844749450684,-9.09133052825928,"Unknown"
"7014852",371861,2025-10-14 11:33:52,43.1845588684082,-9.09153842926025,"Unknown"
"7014852",371861,2025-10-14 11:38:52,43.184741973877,-9.09143161773682,"Unknown"
"7014852",371861,2025-10-14 11:43:52,43.1847152709961,-9.09138202667236,"Unknown"
"7014852",371861,2025-10-14 11:48:53,43.1830253601074,-9.09249019622803,"Unknown"
"7014852",371861,2025-10-14 11:54:10,43.1847839355469,-9.09138870239258,"Unknown"
"7014852",371861,2025-10-14 11:58:54,43.1841697692871,-9.09278106689453,"Unknown"
"7014852",371861,2025-10-14 12:04:00,43.1849136352539,-9.09177780151367,"Unknown"
"7014852",371861,2025-10-14 12:09:16,43.1849670410156,-9.09186458587646,"Unknown"
"7014852",371861,2025-10-14 12:14:00,43.1849632263184,-9.09203147888184,"Unknown"
"7014852",371861,2025-10-14 12:18:59,43.1875534057617,-9.09949111938477,"Unknown"
"7014852",371861,2025-10-14 12:24:00,43.1874923706055,-9.09956645965576,"Unknown"
"7014852",371861,2025-10-14 12:29:00,43.1874732971191,-9.09949398040771,"Unknown"
"7014852",371861,2025-10-14 12:34:01,43.1873779296875,-9.09936809539795,"Unknown"
"7014852",371861,2025-10-14 12:39:00,43.1874847412109,-9.09957885742188,"Unknown"
"7014852",371861,2025-10-14 12:44:00,43.1875343322754,-9.09949493408203,"Unknown"
"7014852",371861,2025-10-14 12:49:14,43.187629699707,-9.09965705871582,"Unknown"
"7014852",371861,2025-10-14 12:53:53,43.1880874633789,-9.09970951080322,"Unknown"
"7014852",371861,2025-10-14 12:58:55,43.187686920166,-9.09960556030273,"Unknown"
"7014852",371861,2025-10-14 13:03:55,43.1900749206543,-9.1013650894165,"Unknown"
"7014852",371861,2025-10-14 13:09:00,43.1900100708008,-9.10136985778809,"Unknown"
"7014852",371861,2025-10-14 13:13:55,43.189826965332,-9.10073089599609,"Unknown"
"7014852",371861,2025-10-14 13:19:02,43.1898460388184,-9.1009521484375,"Unknown"
"7014852",371861,2025-10-14 13:23:58,43.1888160705566,-9.09993934631348,"Unknown"
"7014852",371861,2025-10-14 13:29:14,43.1900215148926,-9.10116672515869,"Unknown"
"7014852",371861,2025-10-14 13:33:55,43.1899490356445,-9.10092544555664,"Unknown"
"7014852",371861,2025-10-14 13:39:04,43.1902122497559,-9.10167598724365,"Unknown"
"7014852",371861,2025-10-14 13:44:00,43.1901321411133,-9.10149383544922,"Unknown"
"7014852",371861,2025-10-14 13:49:15,43.1900634765625,-9.10129165649414,"Unknown"
"7014852",371861,2025-10-14 13:53:55,43.190055847168,-9.10109519958496,"Unknown"
"7014852",371861,2025-10-14 13:58:58,43.190071105957,-9.10123920440674,"Unknown"
"7014852",371861,2025-10-14 14:04:23,43.1900329589844,-9.10115623474121,"Unknown"
"7014852",371861,2025-10-14 14:08:53,43.1899681091309,-9.10121726989746,"Unknown"
"7014852",371861,2025-10-14 14:14:29,43.1900177001953,-9.10118961334229,"Unknown"
"7014852",371861,2025-10-14 14:18:52,43.1900482177734,-9.10115146636963,"Unknown"
"7014852",371861,2025-10-14 14:23:53,43.1899795532227,-9.10119342803955,"Unknown"
"7014852",371861,2025-10-14 14:28:53,43.190013885498,-9.10121154785156,"Unknown"
"7014852",371861,2025-10-14 14:33:52,43.1847610473633,-9.09137725830078,"Unknown"
"7014852",371861,2025-10-14 14:38:54,43.1847724914551,-9.09133052825928,"Unknown"
"7014852",371861,2025-10-14 14:43:53,43.184741973877,-9.09219360351562,"Unknown"
"7014852",371861,2025-10-14 14:48:53,43.1847610473633,-9.0921516418457,"Unknown"
"7014852",371861,2025-10-14 14:53:53,43.1846771240234,-9.09228706359863,"Unknown"
"7014852",371861,2025-10-14 14:58:55,43.1847839355469,-9.09232139587402,"Unknown"
"7014852",371861,2025-10-14 15:03:54,43.1850700378418,-9.09242248535156,"Unknown"
"7014852",371861,2025-10-14 15:08:53,43.1852188110352,-9.09202194213867,"Unknown"
"7014852",371861,2025-10-14 15:13:53,43.1847915649414,-9.09213256835938,"Unknown"
"7014852",371861,2025-10-14 15:18:53,43.1847877502441,-9.09208202362061,"Unknown"
"7014852",371861,2025-10-14 15:23:53,43.1847190856934,-9.09214210510254,"Unknown"
"7014852",371861,2025-10-14 15:28:53,43.1848640441895,-9.09173965454102,"Unknown"
"7014852",371861,2025-10-14 15:33:53,43.1845893859863,-9.09130764007568,"Unknown"
"7014852",371861,2025-10-14 15:38:56,43.1841468811035,-9.09190559387207,"Unknown"
"7014852",371861,2025-10-14 15:43:53,43.1891441345215,-9.09968662261963,"Unknown"
"7014852",371861,2025-10-14 15:49:06,43.190258026123,-9.10170364379883,"Unknown"
"7014852",371861,2025-10-14 15:54:01,43.190128326416,-9.1014404296875,"Unknown"
"7014852",371861,2025-10-14 15:58:58,43.1901016235352,-9.10142230987549,"Unknown"
"7014852",371861,2025-10-14 16:04:01,43.1901702880859,-9.10145378112793,"Unknown"
"7014852",371861,2025-10-14 16:09:07,43.1902542114258,-9.10143089294434,"Unknown"
"7014852",371861,2025-10-14 16:14:03,43.1900482177734,-9.101487159729,"Unknown"
"7014852",371861,2025-10-14 16:19:00,43.1902046203613,-9.10140895843506,"Unknown"
"7014852",371861,2025-10-14 16:23:58,43.1901168823242,-9.10141277313232,"Unknown"
"7014852",371861,2025-10-14 16:29:00,43.190128326416,-9.10140419006348,"Unknown"
"7014852",371861,2025-10-14 16:34:04,43.1901588439941,-9.10138988494873,"Unknown"
"7014852",371861,2025-10-14 16:39:00,43.1903686523438,-9.101487159729,"Unknown"
"7014852",371861,2025-10-14 16:43:58,43.1902160644531,-9.10146045684814,"Unknown"
"7014852",371861,2025-10-14 16:49:09,43.1902732849121,-9.10135269165039,"Unknown"
"7014852",371861,2025-10-14 16:54:11,43.1902236938477,-9.10141372680664,"Unknown"
"7014852",371861,2025-10-14 16:58:57,43.1903800964355,-9.10146713256836,"Unknown"
"7014852",371861,2025-10-14 17:03:57,43.1960601806641,-9.11971759796143,"Unknown"
"7014852",371861,2025-10-14 17:08:53,43.1924514770508,-9.1699333190918,"Unknown"
"7014852",371861,2025-10-14 17:13:52,43.1632766723633,-9.21293067932129,"Unknown"
"7014852",371861,2025-10-14 17:18:54,43.1618309020996,-9.21263408660889,"Unknown"
"7014852",371861,2025-10-14 17:24:06,43.15576171875,-9.21105670928955,"Unknown"
"7014852",371861,2025-10-14 17:29:00,43.1557655334473,-9.21106719970703,"Unknown"
"7014852",371861,2025-10-14 17:34:00,43.1557426452637,-9.21097946166992,"Unknown"
"7014852",371861,2025-10-14 17:38:55,43.1557769775391,-9.21110153198242,"Unknown"
"7014852",371861,2025-10-14 17:44:01,43.1566619873047,-9.21355533599854,"Unknown"
"7014852",371861,2025-10-14 17:54:59,43.1923942565918,-9.27267074584961,"Unknown"
"7014852",371861,2025-10-14 17:58:55,43.1918678283691,-9.27966594696045,"Unknown"
"7014852",371861,2025-10-14 18:03:54,43.1730613708496,-9.26499843597412,"Unknown"
"7014852",371861,2025-10-14 18:08:54,43.1617813110352,-9.23746204376221,"Unknown"
"7014852",371861,2025-10-14 18:13:53,43.1618728637695,-9.21271705627441,"Unknown"
"7014852",371861,2025-10-14 18:18:52,43.1620292663574,-9.21351528167725,"Unknown"
"7014852",371861,2025-10-14 18:23:53,43.1634979248047,-9.21322154998779,"Unknown"
"7014852",371861,2025-10-14 18:28:53,43.1633491516113,-9.21285533905029,"Unknown"
"7014852",371861,2025-10-14 18:33:24,43.1634750366211,-9.21283149719238,"Unknown"
"7014852",371861,2025-10-14 23:33:53,43.1640663146973,-9.21344470977783,"Unknown"
"7014852",371861,2025-10-15 04:33:46,43.1642189025879,-9.21356010437012,"Unknown"
"7014852",371861,2025-10-15 06:55:15,43.184642791748,-9.09152221679688,"Unknown"
"7014852",371861,2025-10-15 07:00:07,43.1836090087891,-9.09291839599609,"Unknown"
"7014852",371861,2025-10-15 07:05:37,43.1830825805664,-9.09281253814697,"Unknown"
"7014852",371861,2025-10-15 07:10:01,43.1859245300293,-9.09117889404297,"Unknown"
"7014852",371861,2025-10-15 07:15:07,43.1849327087402,-9.09163475036621,"Unknown"
"7014852",371861,2025-10-15 07:20:06,43.1849174499512,-9.09184265136719,"Unknown"
"7014852",371861,2025-10-15 07:25:45,43.1845664978027,-9.0910816192627,"Unknown"
"7014852",371861,2025-10-15 07:30:28,43.1807861328125,-9.0908088684082,"Unknown"
"7014852",371861,2025-10-15 07:35:07,43.1807060241699,-9.09081649780273,"Unknown"
"7014852",371861,2025-10-15 07:40:04,43.1808090209961,-9.09019374847412,"Unknown"
"7014852",371861,2025-10-15 07:45:15,43.1807441711426,-9.0910120010376,"Unknown"
"7014852",371861,2025-10-15 07:49:59,43.1807823181152,-9.09095573425293,"Unknown"
"7014852",371861,2025-10-15 07:55:04,43.1806259155273,-9.09104633331299,"Unknown"
"7014852",371861,2025-10-15 08:00:01,43.1807327270508,-9.09090805053711,"Unknown"
"7014852",371861,2025-10-15 08:05:07,43.1811790466309,-9.09064769744873,"Unknown"
"7014852",371861,2025-10-15 08:09:59,43.1806106567383,-9.09090423583984,"Unknown"
"7014852",371861,2025-10-15 08:15:07,43.1810684204102,-9.0908842086792,"Unknown"
"7014852",371861,2025-10-15 08:20:04,43.1803321838379,-9.09091472625732,"Unknown"
"7014852",371861,2025-10-15 08:25:26,43.1800727844238,-9.09064960479736,"Unknown"
"7014852",371861,2025-10-15 08:30:29,43.184814453125,-9.09225463867188,"Unknown"
"7014852",371861,2025-10-15 08:35:00,43.1846580505371,-9.09236240386963,"Unknown"
"7014852",371861,2025-10-15 08:40:04,43.1847877502441,-9.09227275848389,"Unknown"
"7014852",371861,2025-10-15 08:45:45,43.1849784851074,-9.09195423126221,"Unknown"
"7014852",371861,2025-10-15 08:49:56,43.1853866577148,-9.09270477294922,"Unknown"
"7014852",371861,2025-10-15 08:55:01,43.1851615905762,-9.09223461151123,"Unknown"
"7014852",371861,2025-10-15 09:00:02,43.1849975585938,-9.0920295715332,"Unknown"
"7014852",371861,2025-10-15 09:04:58,43.184886932373,-9.09173011779785,"Unknown"
"7014852",371861,2025-10-15 09:09:59,43.184627532959,-9.09127044677734,"Unknown"
"7014852",371861,2025-10-15 09:15:09,43.1849174499512,-9.09197902679443,"Unknown"
"7014852",371861,2025-10-15 09:19:59,43.1845703125,-9.09281349182129,"Unknown"
"7014852",371861,2025-10-15 09:25:00,43.1851081848145,-9.09360790252686,"Unknown"
"7014852",371861,2025-10-15 09:30:09,43.184944152832,-9.09347820281982,"Unknown"
"7014852",371861,2025-10-15 09:35:58,43.1847686767578,-9.09322738647461,"Unknown"
"7014852",371861,2025-10-15 09:39:55,43.1847152709961,-9.09142303466797,"Unknown"
"7014852",371861,2025-10-15 09:44:55,43.1849746704102,-9.09089374542236,"Unknown"
"7014852",371861,2025-10-15 09:50:00,43.1849479675293,-9.09103870391846,"Unknown"
"7014852",371861,2025-10-15 09:54:58,43.1849174499512,-9.09085941314697,"Unknown"
"7014852",371861,2025-10-15 09:59:56,43.1849212646484,-9.09096622467041,"Unknown"
"7014852",371861,2025-10-15 10:04:58,43.1849212646484,-9.09097576141357,"Unknown"
"7014852",371861,2025-10-15 10:09:56,43.185001373291,-9.09202003479004,"Unknown"
"7014852",371861,2025-10-15 10:14:59,43.1849975585938,-9.09213447570801,"Unknown"
"7014852",371861,2025-10-15 10:19:58,43.1849708557129,-9.09203815460205,"Unknown"
"7014852",371861,2025-10-15 10:25:14,43.1850242614746,-9.09196758270264,"Unknown"
"7014852",371861,2025-10-15 10:29:56,43.1850852966309,-9.09202003479004,"Unknown"
"7014852",371861,2025-10-15 10:34:57,43.185173034668,-9.09229373931885,"Unknown"
"7014852",371861,2025-10-15 10:40:04,43.1850929260254,-9.09195995330811,"Unknown"
"7014852",371861,2025-10-15 10:45:18,43.1847076416016,-9.0911340713501,"Unknown"
"7014852",371861,2025-10-15 10:49:58,43.1848640441895,-9.09146213531494,"Unknown"
"7014852",371861,2025-10-15 10:54:58,43.1849365234375,-9.09170532226562,"Unknown"
"7014852",371861,2025-10-15 11:00:14,43.1850280761719,-9.09093570709229,"Unknown"
"7014852",371861,2025-10-15 11:04:59,43.1849784851074,-9.09092903137207,"Unknown"
"7014852",371861,2025-10-15 11:10:00,43.1849365234375,-9.09106159210205,"Unknown"
"7014852",371861,2025-10-15 11:14:56,43.1849632263184,-9.09103202819824,"Unknown"
"7014852",371861,2025-10-15 11:20:27,43.184944152832,-9.09092712402344,"Unknown"
"7014852",371861,2025-10-15 11:24:56,43.1863784790039,-9.09043788909912,"Unknown"
"7014852",371861,2025-10-15 11:29:56,43.1866073608398,-9.09037399291992,"Unknown"
"7014852",371861,2025-10-15 11:34:56,43.1864585876465,-9.0904541015625,"Unknown"
"7014852",371861,2025-10-15 11:39:56,43.1864700317383,-9.09053516387939,"Unknown"
"7014852",371861,2025-10-15 11:44:57,43.1864280700684,-9.09061145782471,"Unknown"
"7014852",371861,2025-10-15 11:50:04,43.1864738464355,-9.09045696258545,"Unknown"
"7014852",371861,2025-10-15 11:54:57,43.1864967346191,-9.09053611755371,"Unknown"
"7014852",371861,2025-10-15 11:59:57,43.1865653991699,-9.09047412872314,"Unknown"
"7014852",371861,2025-10-15 12:04:56,43.1864318847656,-9.09054374694824,"Unknown"
"7014852",371861,2025-10-15 12:09:56,43.1848068237305,-9.09080028533936,"Unknown"
"7014852",371861,2025-10-15 12:14:56,43.1849098205566,-9.09098434448242,"Unknown"
"7014852",371861,2025-10-15 12:19:56,43.1848640441895,-9.09099292755127,"Unknown"
"7014852",371861,2025-10-15 12:24:55,43.1848602294922,-9.09083271026611,"Unknown"
"7014852",371861,2025-10-15 12:29:56,43.1849784851074,-9.09094715118408,"Unknown"
"7014852",371861,2025-10-15 12:35:00,43.1849517822266,-9.09110069274902,"Unknown"
"7014852",371861,2025-10-15 12:40:00,43.1848983764648,-9.09097862243652,"Unknown"
"7014852",371861,2025-10-15 12:45:02,43.1848831176758,-9.09114170074463,"Unknown"
"7014852",371861,2025-10-15 12:49:58,43.184886932373,-9.09089756011963,"Unknown"
"7014852",371861,2025-10-15 12:54:56,43.1847610473633,-9.09099388122559,"Unknown"
"7014852",371861,2025-10-15 13:00:13,43.1848640441895,-9.09080028533936,"Unknown"
"7014852",371861,2025-10-15 13:04:56,43.1852226257324,-9.09021282196045,"Unknown"
"7014852",371861,2025-10-15 13:09:55,43.1845550537109,-9.0918025970459,"Unknown"
"7014852",371861,2025-10-15 13:14:58,43.1849784851074,-9.09209251403809,"Unknown"
"7014852",371861,2025-10-15 13:19:57,43.1850776672363,-9.09215450286865,"Unknown"
"7014852",371861,2025-10-15 13:24:56,43.1853713989258,-9.09232902526855,"Unknown"
"7014852",371861,2025-10-15 13:29:55,43.1850509643555,-9.0921106338501,"Unknown"
"7014852",371861,2025-10-15 13:34:58,43.1848793029785,-9.09176063537598,"Unknown"
"7014852",371861,2025-10-15 13:39:59,43.1849822998047,-9.09196853637695,"Unknown"
"7014852",371861,2025-10-15 13:45:29,43.1849937438965,-9.09190654754639,"Unknown"
"7014852",371861,2025-10-15 13:50:00,43.1867599487305,-9.09087562561035,"Unknown"
"7014852",371861,2025-10-15 13:54:58,43.1865425109863,-9.09069633483887,"Unknown"
"7014852",371861,2025-10-15 14:00:14,43.1867294311523,-9.09094715118408,"Unknown"
"7014852",371861,2025-10-15 14:04:55,43.1867485046387,-9.09092903137207,"Unknown"
"7014852",371861,2025-10-15 14:09:58,43.1866149902344,-9.09099006652832,"Unknown"
"7014852",371861,2025-10-15 14:14:56,43.1867370605469,-9.090895652771,"Unknown"
"7014852",371861,2025-10-15 14:19:55,43.1849937438965,-9.09196281433105,"Unknown"
"7014852",371861,2025-10-15 14:25:08,43.1849174499512,-9.09189319610596,"Unknown"
"7014852",371861,2025-10-15 14:29:56,43.1810188293457,-9.09126758575439,"Unknown"
"7014852",371861,2025-10-15 14:34:55,43.1811180114746,-9.09130477905273,"Unknown"
"7014852",371861,2025-10-15 14:39:55,43.1808662414551,-9.09117317199707,"Unknown"
"7014852",371861,2025-10-15 14:45:00,43.1806373596191,-9.09099578857422,"Unknown"
"7014852",371861,2025-10-15 14:49:59,43.1814041137695,-9.09170722961426,"Unknown"
"7014852",371861,2025-10-15 14:55:09,43.1808166503906,-9.09117221832275,"Unknown"
"7014852",371861,2025-10-15 15:00:01,43.1808166503906,-9.09117984771729,"Unknown"
"7014852",371861,2025-10-15 15:04:57,43.1808280944824,-9.09122180938721,"Unknown"
"7014852",371861,2025-10-15 15:09:59,43.1821136474609,-9.09254837036133,"Unknown"
"7014852",371861,2025-10-15 15:15:12,43.1808052062988,-9.09116458892822,"Unknown"
"7014852",371861,2025-10-15 15:19:56,43.1808090209961,-9.09099102020264,"Unknown"
"7014852",371861,2025-10-15 15:24:58,43.1807327270508,-9.09114933013916,"Unknown"
"7014852",371861,2025-10-15 15:29:58,43.1807708740234,-9.09109687805176,"Unknown"
"7014852",371861,2025-10-15 15:34:56,43.1807518005371,-9.0909595489502,"Unknown"
"7014852",371861,2025-10-15 15:39:57,43.1808929443359,-9.09110641479492,"Unknown"
"7014852",371861,2025-10-15 15:44:59,43.1809234619141,-9.09110355377197,"Unknown"
"7014852",371861,2025-10-15 15:50:15,43.1809272766113,-9.09107780456543,"Unknown"
"7014852",371861,2025-10-15 15:54:55,43.1809196472168,-9.09106636047363,"Unknown"
"7014852",371861,2025-10-15 16:00:06,43.1809196472168,-9.09113693237305,"Unknown"
"7014852",371861,2025-10-15 16:04:59,43.1810302734375,-9.09106254577637,"Unknown"
"7014852",371861,2025-10-15 16:10:18,43.1808052062988,-9.09109210968018,"Unknown"
"7014852",371861,2025-10-15 16:14:58,43.1805267333984,-9.09102821350098,"Unknown"
"7014852",371861,2025-10-15 16:19:58,43.1798896789551,-9.09070491790771,"Unknown"
"7014852",371861,2025-10-15 16:25:03,43.184684753418,-9.09135055541992,"Unknown"
"7014852",371861,2025-10-15 16:29:57,43.1867332458496,-9.09931945800781,"Unknown"
"7014852",371861,2025-10-15 16:35:01,43.1902122497559,-9.1013708114624,"Unknown"
"7014852",371861,2025-10-15 16:39:59,43.1900978088379,-9.10125350952148,"Unknown"
"7014852",371861,2025-10-15 16:45:14,43.1904067993164,-9.10142421722412,"Unknown"
"7014852",371861,2025-10-15 16:50:09,43.1903305053711,-9.10141277313232,"Unknown"
"7014852",371861,2025-10-15 16:55:07,43.1903266906738,-9.10129833221436,"Unknown"
"7014852",371861,2025-10-15 17:00:59,43.1965675354004,-9.11866760253906,"Unknown"
"7014852",371861,2025-10-15 17:04:56,43.1999816894531,-9.15250492095947,"Unknown"
"7014852",371861,2025-10-15 17:09:56,43.1977615356445,-9.17521953582764,"Unknown"
"7014852",371861,2025-10-15 17:14:56,43.1842193603516,-9.18734741210938,"Unknown"
"7014852",371861,2025-10-15 17:19:58,43.175121307373,-9.20190620422363,"Unknown"
"7014852",371861,2025-10-15 17:25:12,43.1616134643555,-9.21389007568359,"Unknown"
"7014852",371861,2025-10-15 17:29:57,43.1615562438965,-9.21397495269775,"Unknown"
"7014852",371861,2025-10-15 17:35:00,43.1616592407227,-9.2125244140625,"Unknown"
"7014852",371861,2025-10-15 17:40:00,43.161678314209,-9.21349430084229,"Unknown"
"7014852",371861,2025-10-15 17:45:14,43.1616516113281,-9.21379375457764,"Unknown"
"7014852",371861,2025-10-15 17:50:04,43.1616134643555,-9.21381950378418,"Unknown"
"7014852",371861,2025-10-15 17:54:59,43.1615600585938,-9.21363067626953,"Unknown"
"7014852",371861,2025-10-15 18:00:06,43.1616096496582,-9.21374416351318,"Unknown"
"7014852",371861,2025-10-15 18:05:06,43.1617393493652,-9.21415328979492,"Unknown"
"7014852",371861,2025-10-15 18:10:15,43.1616516113281,-9.21390819549561,"Unknown"
"7014852",371861,2025-10-15 18:14:58,43.1627349853516,-9.21355533599854,"Unknown"
"7014852",371861,2025-10-15 18:20:01,43.1626434326172,-9.21350193023682,"Unknown"
"7014852",371861,2025-10-15 18:25:01,43.1627464294434,-9.21356010437012,"Unknown"
"7014852",371861,2025-10-15 18:31:48,43.1625709533691,-9.21358013153076,"Unknown"
"7014852",371861,2025-10-15 23:32:07,43.1635131835938,-9.21389484405518,"Unknown"
"7014852",371861,2025-10-16 04:32:05,43.1635780334473,-9.21400165557861,"Unknown"
"7014852",371861,2025-10-16 06:57:14,43.1838493347168,-9.09302711486816,"Unknown"
"7014852",371861,2025-10-16 07:01:10,43.183952331543,-9.09280395507812,"Unknown"
"7014852",371861,2025-10-16 07:06:06,43.1846199035645,-9.09164047241211,"Unknown"
"7014852",371861,2025-10-16 07:11:10,43.183162689209,-9.09304523468018,"Unknown"
"7014852",371861,2025-10-16 07:16:22,43.184871673584,-9.09195518493652,"Unknown"
"7014852",371861,2025-10-16 07:21:09,43.1850242614746,-9.09199047088623,"Unknown"
"7014852",371861,2025-10-16 07:26:11,43.1839866638184,-9.09130191802979,"Unknown"
"7014852",371861,2025-10-16 07:31:03,43.1831016540527,-9.0925989151001,"Unknown"
"7014852",371861,2025-10-16 07:36:07,43.1830558776855,-9.09267139434814,"Unknown"
"7014852",371861,2025-10-16 07:41:07,43.1830444335938,-9.09269428253174,"Unknown"
"7014852",371861,2025-10-16 07:47:05,43.1848831176758,-9.09202766418457,"Unknown"
"7014852",371861,2025-10-16 07:51:03,43.1850738525391,-9.0908899307251,"Unknown"
"7014852",371861,2025-10-16 07:56:03,43.1850433349609,-9.09090232849121,"Unknown"
"7014852",371861,2025-10-16 08:01:04,43.1850662231445,-9.0908784866333,"Unknown"
"7014852",371861,2025-10-16 08:06:36,43.1850318908691,-9.09087657928467,"Unknown"
"7014852",371861,2025-10-16 08:11:02,43.1850280761719,-9.09077453613281,"Unknown"
"7014852",371861,2025-10-16 08:16:05,43.1851005554199,-9.09083843231201,"Unknown"
"7014852",371861,2025-10-16 08:21:35,43.1849746704102,-9.09094429016113,"Unknown"
"7014852",371861,2025-10-16 08:26:04,43.1849555969238,-9.09085083007812,"Unknown"
"7014852",371861,2025-10-16 08:31:02,43.1850547790527,-9.09086894989014,"Unknown"
"7014852",371861,2025-10-16 08:36:02,43.185230255127,-9.09078884124756,"Unknown"
"7014852",371861,2025-10-16 08:41:02,43.1850624084473,-9.09101867675781,"Unknown"
"7014852",371861,2025-10-16 08:46:02,43.1851272583008,-9.09097862243652,"Unknown"
"7014852",371861,2025-10-16 08:51:03,43.1850814819336,-9.09095573425293,"Unknown"
"7014852",371861,2025-10-16 08:56:04,43.1850547790527,-9.09096527099609,"Unknown"
"7014852",371861,2025-10-16 09:01:03,43.1851425170898,-9.09076595306396,"Unknown"
"7014852",371861,2025-10-16 09:06:03,43.1850852966309,-9.09079742431641,"Unknown"
"7014852",371861,2025-10-16 09:11:02,43.1850547790527,-9.09081649780273,"Unknown"
"7014852",371861,2025-10-16 09:16:03,43.1851463317871,-9.09087753295898,"Unknown"
"7014852",371861,2025-10-16 09:21:02,43.1851005554199,-9.09097003936768,"Unknown"
"7014852",371861,2025-10-16 09:26:02,43.185115814209,-9.09091281890869,"Unknown"
"7014852",371861,2025-10-16 09:31:04,43.1850814819336,-9.09100914001465,"Unknown"
"7014852",371861,2025-10-16 09:36:02,43.1850967407227,-9.09095096588135,"Unknown"
"7014852",371861,2025-10-16 09:41:07,43.1851043701172,-9.09097576141357,"Unknown"
"7014852",371861,2025-10-16 09:46:04,43.1851234436035,-9.090744972229,"Unknown"
"7014852",371861,2025-10-16 09:51:03,43.1851043701172,-9.09101390838623,"Unknown"
"7014852",371861,2025-10-16 09:56:04,43.185188293457,-9.09085178375244,"Unknown"
"7014852",371861,2025-10-16 10:01:13,43.1852645874023,-9.09075355529785,"Unknown"
"7014852",371861,2025-10-16 10:06:02,43.1851463317871,-9.09084892272949,"Unknown"
"7014852",371861,2025-10-16 10:11:03,43.1851387023926,-9.09090328216553,"Unknown"
"7014852",371861,2025-10-16 10:16:04,43.1851921081543,-9.09082698822021,"Unknown"
"7014852",371861,2025-10-16 10:21:08,43.1857643127441,-9.0909595489502,"Unknown"
"7014852",371861,2025-10-16 10:26:05,43.185131072998,-9.09095001220703,"Unknown"
"7014852",371861,2025-10-16 10:31:03,43.1850929260254,-9.09090995788574,"Unknown"
"7014852",371861,2025-10-16 10:36:03,43.185188293457,-9.0909423828125,"Unknown"
"7014852",371861,2025-10-16 10:41:04,43.1851196289062,-9.09084510803223,"Unknown"
"7014852",371861,2025-10-16 10:46:14,43.1850090026855,-9.09084415435791,"Unknown"
"7014852",371861,2025-10-16 10:51:03,43.1852722167969,-9.09116649627686,"Unknown"
"7014852",371861,2025-10-16 10:56:06,43.1848754882812,-9.09061336517334,"Unknown"
"7014852",371861,2025-10-16 11:01:04,43.184944152832,-9.09084606170654,"Unknown"
"7014852",371861,2025-10-16 11:06:04,43.1850318908691,-9.09094047546387,"Unknown"
"7014852",371861,2025-10-16 11:11:03,43.1851921081543,-9.09130859375,"Unknown"
"7014852",371861,2025-10-16 11:16:08,43.1849975585938,-9.09097957611084,"Unknown"
"7014852",371861,2025-10-16 11:21:11,43.1850738525391,-9.09105205535889,"Unknown"
"7014852",371861,2025-10-16 11:26:03,43.1850128173828,-9.09109306335449,"Unknown"
"7014852",371861,2025-10-16 11:31:02,43.1867637634277,-9.09086132049561,"Unknown"
"7014852",371861,2025-10-16 11:36:03,43.1868324279785,-9.09106349945068,"Unknown"
"7014852",371861,2025-10-16 11:41:04,43.1866760253906,-9.09090518951416,"Unknown"
"7014852",371861,2025-10-16 11:46:15,43.1867065429688,-9.09091854095459,"Unknown"
"7014852",371861,2025-10-16 11:51:08,43.185977935791,-9.08907699584961,"Unknown"
"7014852",371861,2025-10-16 11:56:06,43.1864051818848,-9.09001922607422,"Unknown"
"7014852",371861,2025-10-16 12:01:10,43.1874160766602,-9.09944248199463,"Unknown"
"7014852",371861,2025-10-16 12:06:09,43.1874084472656,-9.09959983825684,"Unknown"
"7014852",371861,2025-10-16 12:11:04,43.1874465942383,-9.09969139099121,"Unknown"
"7014852",371861,2025-10-16 12:16:04,43.1875953674316,-9.09962272644043,"Unknown"
"7014852",371861,2025-10-16 12:21:10,43.1901893615723,-9.10137748718262,"Unknown"
"7014852",371861,2025-10-16 12:26:10,43.1902084350586,-9.1013879776001,"Unknown"
"7014852",371861,2025-10-16 12:31:10,43.1902198791504,-9.10153293609619,"Unknown"
"7014852",371861,2025-10-16 12:36:10,43.1902275085449,-9.10129737854004,"Unknown"
"7014852",371861,2025-10-16 12:41:04,43.1901664733887,-9.10154056549072,"Unknown"
"7014852",371861,2025-10-16 12:46:35,43.1902275085449,-9.10141181945801,"Unknown"
"7014852",371861,2025-10-16 12:51:03,43.1902694702148,-9.10143947601318,"Unknown"
"7014852",371861,2025-10-16 12:56:02,43.1902847290039,-9.10139465332031,"Unknown"
"7014852",371861,2025-10-16 13:01:06,43.1901206970215,-9.10127735137939,"Unknown"
"7014852",371861,2025-10-16 13:06:04,43.1900978088379,-9.10114860534668,"Unknown"
"7014852",371861,2025-10-16 13:11:04,43.1901817321777,-9.10149669647217,"Unknown"
"7014852",371861,2025-10-16 13:16:03,43.1901321411133,-9.10128784179688,"Unknown"
"7014852",371861,2025-10-16 13:21:03,43.190055847168,-9.10118961334229,"Unknown"
"7014852",371861,2025-10-16 13:26:07,43.1899909973145,-9.10091114044189,"Unknown"
"7014852",371861,2025-10-16 13:31:03,43.1901702880859,-9.10120582580566,"Unknown"
"7014852",371861,2025-10-16 13:36:03,43.1901016235352,-9.1013240814209,"Unknown"
"7014852",371861,2025-10-16 13:41:03,43.1902542114258,-9.10156536102295,"Unknown"
"7014852",371861,2025-10-16 13:46:08,43.1902618408203,-9.10134601593018,"Unknown"
"7014852",371861,2025-10-16 13:51:06,43.1902465820312,-9.10142230987549,"Unknown"
"7014852",371861,2025-10-16 13:56:03,43.1903648376465,-9.10150241851807,"Unknown"
"7014852",371861,2025-10-16 14:01:07,43.1903038024902,-9.10146427154541,"Unknown"
"7014852",371861,2025-10-16 14:06:04,43.1902236938477,-9.10134983062744,"Unknown"
"7014852",371861,2025-10-16 14:11:14,43.1902542114258,-9.10137176513672,"Unknown"
"7014852",371861,2025-10-16 14:16:10,43.18505859375,-9.09114456176758,"Unknown"
"7014852",371861,2025-10-16 14:21:04,43.1849899291992,-9.09079074859619,"Unknown"
"7014852",371861,2025-10-16 14:26:07,43.1850967407227,-9.09117221832275,"Unknown"
"7014852",371861,2025-10-16 14:31:06,43.1852226257324,-9.09140777587891,"Unknown"
"7014852",371861,2025-10-16 14:36:08,43.1852188110352,-9.09119319915771,"Unknown"
"7014852",371861,2025-10-16 14:41:03,43.1850051879883,-9.09086894989014,"Unknown"
"7014852",371861,2025-10-16 14:46:14,43.1850280761719,-9.09102344512939,"Unknown"
"7014852",371861,2025-10-16 14:51:03,43.1850318908691,-9.09092712402344,"Unknown"
"7014852",371861,2025-10-16 14:56:06,43.1848258972168,-9.09192371368408,"Unknown"
"7014852",371861,2025-10-16 15:01:03,43.1848793029785,-9.09212493896484,"Unknown"
"7014852",371861,2025-10-16 15:06:03,43.1848297119141,-9.09190368652344,"Unknown"
"7014852",371861,2025-10-16 15:11:03,43.1847801208496,-9.09185409545898,"Unknown"
"7014852",371861,2025-10-16 15:16:14,43.1845970153809,-9.09145164489746,"Unknown"
"7014852",371861,2025-10-16 15:21:06,43.1847724914551,-9.09164714813232,"Unknown"
"7014852",371861,2025-10-16 15:26:18,43.1846923828125,-9.09170150756836,"Unknown"
"7014852",371861,2025-10-16 15:31:09,43.1885452270508,-9.10027980804443,"Unknown"
"7014852",371861,2025-10-16 15:36:08,43.18994140625,-9.10105800628662,"Unknown"
"7014852",371861,2025-10-16 15:41:08,43.1899452209473,-9.10082721710205,"Unknown"
"7014852",371861,2025-10-16 15:46:15,43.1899833679199,-9.10106086730957,"Unknown"
"7014852",371861,2025-10-16 15:51:06,43.1899566650391,-9.10097694396973,"Unknown"
"7014852",371861,2025-10-16 15:56:04,43.190013885498,-9.10110092163086,"Unknown"
"7014852",371861,2025-10-16 16:01:04,43.1899795532227,-9.10107707977295,"Unknown"
"7014852",371861,2025-10-16 16:06:09,43.190013885498,-9.10112762451172,"Unknown"
"7014852",371861,2025-10-16 16:11:09,43.1899375915527,-9.10111141204834,"Unknown"
"7014852",371861,2025-10-16 16:16:09,43.1900253295898,-9.10106563568115,"Unknown"
"7014852",371861,2025-10-16 16:21:09,43.1900405883789,-9.10102939605713,"Unknown"
"7014852",371861,2025-10-16 16:26:09,43.1900291442871,-9.10100173950195,"Unknown"
"7014852",371861,2025-10-16 16:31:17,43.1901092529297,-9.10119819641113,"Unknown"
"7014852",371861,2025-10-16 16:36:12,43.1901206970215,-9.10128879547119,"Unknown"
"7014852",371861,2025-10-16 16:41:17,43.1899032592773,-9.10118579864502,"Unknown"
"7014852",371861,2025-10-16 16:46:08,43.1898422241211,-9.10106182098389,"Unknown"
"7014852",371861,2025-10-16 16:51:14,43.1899642944336,-9.10125064849854,"Unknown"
"7014852",371861,2025-10-16 16:56:08,43.189998626709,-9.10120582580566,"Unknown"
"7014852",371861,2025-10-16 17:01:35,43.1899566650391,-9.10115718841553,"Unknown"
"7014852",371861,2025-10-16 17:06:02,43.190013885498,-9.10106372833252,"Unknown"
"7014852",371861,2025-10-16 17:11:09,43.1899833679199,-9.10123634338379,"Unknown"
"7014852",371861,2025-10-16 17:16:02,43.1900177001953,-9.101243019104,"Unknown"
"7014852",371861,2025-10-16 17:21:09,43.1900215148926,-9.10129547119141,"Unknown"
"7014852",371861,2025-10-16 17:26:09,43.1900291442871,-9.10122680664062,"Unknown"
"7014852",371861,2025-10-16 17:31:10,43.1899833679199,-9.10153007507324,"Unknown"
"7014852",371861,2025-10-16 17:36:09,43.1900100708008,-9.10142040252686,"Unknown"
"7014852",371861,2025-10-16 17:41:02,43.1901054382324,-9.1015625,"Unknown"
"7014852",371861,2025-10-16 17:46:12,43.190071105957,-9.10148143768311,"Unknown"
"7014852",371861,2025-10-16 17:51:09,43.1900024414062,-9.10141468048096,"Unknown"
"7014852",371861,2025-10-16 17:56:08,43.1899833679199,-9.10137557983398,"Unknown"
"7014852",371861,2025-10-16 18:01:09,43.1900787353516,-9.10145092010498,"Unknown"
"7014852",371861,2025-10-16 18:06:10,43.1974639892578,-9.12114715576172,"Unknown"
"7014852",371861,2025-10-16 18:11:15,43.1965103149414,-9.1586217880249,"Unknown"
"7014852",371861,2025-10-16 18:16:11,43.1832046508789,-9.18892478942871,"Unknown"
"7014852",371861,2025-10-16 18:21:09,43.183219909668,-9.18885040283203,"Unknown"
"7014852",371861,2025-10-16 18:26:09,43.1831741333008,-9.18897819519043,"Unknown"
"7014852",371861,2025-10-16 18:30:14,43.1831665039062,-9.18889999389648,"Unknown"
"7014852",371861,2025-10-16 23:30:35,43.1703109741211,-9.27621555328369,"Unknown"
"7014852",371861,2025-10-17 04:30:15,43.1967811584473,-9.23221969604492,"Unknown"
"7014852",371861,2025-10-17 06:57:34,43.1928977966309,-9.11314582824707,"Unknown"
"7014852",371861,2025-10-17 07:02:14,43.1860733032227,-9.10623931884766,"Unknown"
"7014852",371861,2025-10-17 07:07:08,43.1861152648926,-9.10597038269043,"Unknown"
"7014852",371861,2025-10-17 07:12:03,43.1861381530762,-9.1059398651123,"Unknown"
"7014852",371861,2025-10-17 07:17:05,43.1882019042969,-9.10357570648193,"Unknown"
"7014852",371861,2025-10-17 07:22:19,43.1844787597656,-9.09135437011719,"Unknown"
"7014852",371861,2025-10-17 07:27:12,43.1832656860352,-9.09236431121826,"Unknown"
"7014852",371861,2025-10-17 07:32:05,43.1848030090332,-9.09117412567139,"Unknown"
"7014852",371861,2025-10-17 07:37:09,43.1844863891602,-9.09199047088623,"Unknown"
"7014852",371861,2025-10-17 07:42:12,43.1844062805176,-9.09250736236572,"Unknown"
"7014852",371861,2025-10-17 07:47:06,43.1846694946289,-9.09261989593506,"Unknown"
"7014852",371861,2025-10-17 07:52:06,43.1844940185547,-9.09243392944336,"Unknown"
"7014852",371861,2025-10-17 07:57:07,43.1843681335449,-9.09238910675049,"Unknown"
"7014852",371861,2025-10-17 08:02:06,43.1845893859863,-9.09246444702148,"Unknown"
"7014852",371861,2025-10-17 08:07:05,43.1847686767578,-9.09228706359863,"Unknown"
"7014852",371861,2025-10-17 08:12:11,43.1858520507812,-9.09311676025391,"Unknown"
"7014852",371861,2025-10-17 08:17:05,43.187370300293,-9.09989738464355,"Unknown"
"7014852",371861,2025-10-17 08:22:05,43.1875419616699,-9.09966278076172,"Unknown"
"7014852",371861,2025-10-17 08:27:06,43.1875801086426,-9.09964275360107,"Unknown"
"7014852",371861,2025-10-17 08:32:08,43.1874389648438,-9.09977436065674,"Unknown"
"7014852",371861,2025-10-17 08:37:03,43.1873474121094,-9.09980487823486,"Unknown"
"7014852",371861,2025-10-17 08:42:03,43.1873779296875,-9.09978675842285,"Unknown"
"7014852",371861,2025-10-17 08:47:03,43.1874313354492,-9.09976482391357,"Unknown"
"7014852",371861,2025-10-17 08:52:05,43.1874084472656,-9.09973526000977,"Unknown"
"7014852",371861,2025-10-17 08:57:05,43.1892967224121,-9.09687232971191,"Unknown"
"7014852",371861,2025-10-17 09:02:05,43.1848182678223,-9.09124279022217,"Unknown"
"7014852",371861,2025-10-17 09:07:03,43.1848564147949,-9.09130096435547,"Unknown"
"7014852",371861,2025-10-17 09:12:03,43.1848068237305,-9.09122848510742,"Unknown"
"7014852",371861,2025-10-17 09:17:06,43.1848754882812,-9.09205055236816,"Unknown"
"7014852",371861,2025-10-17 09:22:06,43.1848030090332,-9.09210872650146,"Unknown"
"7014852",371861,2025-10-17 09:27:03,43.1845932006836,-9.09259605407715,"Unknown"
"7014852",371861,2025-10-17 09:32:08,43.184928894043,-9.09204483032227,"Unknown"
"7014852",371861,2025-10-17 09:37:05,43.1846466064453,-9.09215927124023,"Unknown"
"7014852",371861,2025-10-17 09:42:03,43.1846656799316,-9.09239482879639,"Unknown"
"7014852",371861,2025-10-17 09:47:08,43.1829299926758,-9.09230613708496,"Unknown"
"7014852",371861,2025-10-17 09:52:03,43.1847229003906,-9.0924072265625,"Unknown"
"7014852",371861,2025-10-17 09:57:03,43.184741973877,-9.0923376083374,"Unknown"
"7014852",371861,2025-10-17 10:02:03,43.1847763061523,-9.09228801727295,"Unknown"
"7014852",371861,2025-10-17 10:07:03,43.184757232666,-9.09223937988281,"Unknown"
"7014852",371861,2025-10-17 10:12:03,43.1850738525391,-9.09233570098877,"Unknown"
"7014852",371861,2025-10-17 10:17:05,43.1861724853516,-9.09343719482422,"Unknown"
"7014852",371861,2025-10-17 10:22:03,43.184757232666,-9.09143733978271,"Unknown"
"7014852",371861,2025-10-17 10:27:03,43.1847343444824,-9.09178733825684,"Unknown"
"7014852",371861,2025-10-17 10:32:03,43.184757232666,-9.09171772003174,"Unknown"
"7014852",371861,2025-10-17 10:37:03,43.1847610473633,-9.09215068817139,"Unknown"
"7014852",371861,2025-10-17 10:42:07,43.1846084594727,-9.09229183197021,"Unknown"
"7014852",371861,2025-10-17 10:47:04,43.1830711364746,-9.09238147735596,"Unknown"
"7014852",371861,2025-10-17 10:52:04,43.1850547790527,-9.0918664932251,"Unknown"
"7014852",371861,2025-10-17 10:57:06,43.1837425231934,-9.09200000762939,"Unknown"
"7014852",371861,2025-10-17 11:02:05,43.1830635070801,-9.09236431121826,"Unknown"
"7014852",371861,2025-10-17 11:07:05,43.1846160888672,-9.09228134155273,"Unknown"
"7014852",371861,2025-10-17 11:12:05,43.1848335266113,-9.09213066101074,"Unknown"
"7014852",371861,2025-10-17 11:17:05,43.1847381591797,-9.09109592437744,"Unknown"
"7014852",371861,2025-10-17 11:22:07,43.1860542297363,-9.09320163726807,"Unknown"
"7014852",371861,2025-10-17 11:27:06,43.183650970459,-9.09305381774902,"Unknown"
"7014852",371861,2025-10-17 11:32:05,43.1835594177246,-9.0930118560791,"Unknown"
"7014852",371861,2025-10-17 11:37:06,43.1836776733398,-9.09265899658203,"Unknown"
"7014852",371861,2025-10-17 11:42:10,43.1836891174316,-9.09314823150635,"Unknown"
"7014852",371861,2025-10-17 11:47:03,43.1850318908691,-9.09092235565186,"Unknown"
"7014852",371861,2025-10-17 11:52:03,43.1850776672363,-9.09077453613281,"Unknown"
"7014852",371861,2025-10-17 11:57:05,43.1850852966309,-9.09094619750977,"Unknown"
"7014852",371861,2025-10-17 12:02:03,43.1850852966309,-9.09070205688477,"Unknown"
"7014852",371861,2025-10-17 12:07:03,43.1850891113281,-9.09065437316895,"Unknown"
"7014852",371861,2025-10-17 12:12:05,43.1851387023926,-9.09083080291748,"Unknown"
"7014852",371861,2025-10-17 12:17:03,43.1851196289062,-9.09087371826172,"Unknown"
"7014852",371861,2025-10-17 12:22:06,43.1849212646484,-9.09084606170654,"Unknown"
"7014852",371861,2025-10-17 12:27:05,43.1850433349609,-9.09084033966064,"Unknown"
"7014852",371861,2025-10-17 12:32:05,43.1850776672363,-9.09089183807373,"Unknown"
"7014852",371861,2025-10-17 12:37:05,43.1851043701172,-9.09097671508789,"Unknown"
"7014852",371861,2025-10-17 12:42:05,43.1849136352539,-9.09095001220703,"Unknown"
"7014852",371861,2025-10-17 12:47:03,43.1851577758789,-9.09043407440186,"Unknown"
"7014852",371861,2025-10-17 12:52:05,43.18505859375,-9.09098720550537,"Unknown"
"7014852",371861,2025-10-17 12:57:05,43.1850242614746,-9.09097576141357,"Unknown"
"7014852",371861,2025-10-17 13:02:07,43.1850509643555,-9.09098339080811,"Unknown"
"7014852",371861,2025-10-17 13:07:05,43.1849899291992,-9.09081077575684,"Unknown"
"7014852",371861,2025-10-17 13:12:03,43.1850166320801,-9.09090709686279,"Unknown"
"7014852",371861,2025-10-17 13:17:03,43.1850700378418,-9.0908899307251,"Unknown"
"7014852",371861,2025-10-17 13:22:07,43.1850700378418,-9.09077167510986,"Unknown"
"7014852",371861,2025-10-17 13:27:06,43.1850814819336,-9.09078884124756,"Unknown"
"7014852",371861,2025-10-17 13:32:06,43.1850433349609,-9.09083271026611,"Unknown"
"7014852",371861,2025-10-17 13:37:05,43.184944152832,-9.09077262878418,"Unknown"
"7014852",371861,2025-10-17 13:42:06,43.1876449584961,-9.0905818939209,"Unknown"
"7014852",371861,2025-10-17 13:47:06,43.1876411437988,-9.09047222137451,"Unknown"
"7014852",371861,2025-10-17 13:52:07,43.1876182556152,-9.09051132202148,"Unknown"
"7014852",371861,2025-10-17 13:57:07,43.1883735656738,-9.09011650085449,"Unknown"
"7014852",371861,2025-10-17 14:02:04,43.1884460449219,-9.08990001678467,"Unknown"
"7014852",371861,2025-10-17 14:07:04,43.1884803771973,-9.09003829956055,"Unknown"
"7014852",371861,2025-10-17 14:12:06,43.186653137207,-9.09343814849854,"Unknown"
"7014852",371861,2025-10-17 14:17:05,43.1849250793457,-9.09108829498291,"Unknown"
"7014852",371861,2025-10-17 14:22:10,43.1845741271973,-9.09116554260254,"Unknown"
"7014852",371861,2025-10-17 14:27:08,43.1854972839355,-9.09128475189209,"Unknown"
"7014852",371861,2025-10-17 14:32:09,43.1868934631348,-9.09389781951904,"Unknown"
"7014852",371861,2025-10-17 14:37:10,43.1857643127441,-9.0911979675293,"Unknown"
"7014852",371861,2025-10-17 14:42:06,43.1857757568359,-9.09128856658936,"Unknown"
"7014852",371861,2025-10-17 14:47:08,43.1863403320312,-9.09110260009766,"Unknown"
"7014852",371861,2025-10-17 14:52:06,43.1862602233887,-9.09121990203857,"Unknown"
"7014852",371861,2025-10-17 14:57:08,43.1863059997559,-9.09125328063965,"Unknown"
"7014852",371861,2025-10-17 15:02:09,43.186351776123,-9.091233253479,"Unknown"
"7014852",371861,2025-10-17 15:07:05,43.1895713806152,-9.08981704711914,"Unknown"
"7014852",371861,2025-10-17 15:12:05,43.1897392272949,-9.08989429473877,"Unknown"
"7014852",371861,2025-10-17 15:17:06,43.1897087097168,-9.08972358703613,"Unknown"
"7014852",371861,2025-10-17 15:22:07,43.1896820068359,-9.08976078033447,"Unknown"
"7014852",371861,2025-10-17 15:27:06,43.1895446777344,-9.08987617492676,"Unknown"
"7014852",371861,2025-10-17 15:32:10,43.1896629333496,-9.08984756469727,"Unknown"
"7014852",371861,2025-10-17 15:37:09,43.1894721984863,-9.08992958068848,"Unknown"
"7014852",371861,2025-10-17 15:42:07,43.1897392272949,-9.08977222442627,"Unknown"
"7014852",371861,2025-10-17 15:47:05,43.1897239685059,-9.08982276916504,"Unknown"
"7014852",371861,2025-10-17 15:52:03,43.1895942687988,-9.08981418609619,"Unknown"
"7014852",371861,2025-10-17 15:57:03,43.1893768310547,-9.08987808227539,"Unknown"
"7014852",371861,2025-10-17 16:02:05,43.1897010803223,-9.08981037139893,"Unknown"
"7014852",371861,2025-10-17 16:07:05,43.1898078918457,-9.08997058868408,"Unknown"
"7014852",371861,2025-10-17 16:12:08,43.1898040771484,-9.08989238739014,"Unknown"
"7014852",371861,2025-10-17 16:17:08,43.1895484924316,-9.08989524841309,"Unknown"
"7014852",371861,2025-10-17 16:22:08,43.189624786377,-9.09000492095947,"Unknown"
"7014852",371861,2025-10-17 16:27:08,43.1895484924316,-9.0898551940918,"Unknown"
"7014852",371861,2025-10-17 16:32:35,43.1895332336426,-9.08995532989502,"Unknown"
"7014852",371861,2025-10-17 16:37:05,43.1895370483398,-9.09000492095947,"Unknown"
"7014852",371861,2025-10-17 16:42:03,43.1894569396973,-9.09010887145996,"Unknown"
"7014852",371861,2025-10-17 16:47:02,43.1893615722656,-9.09041500091553,"Unknown"
"7014852",371861,2025-10-17 16:52:19,43.1894912719727,-9.09007835388184,"Unknown"
"7014852",371861,2025-10-17 16:57:14,43.1895217895508,-9.08998680114746,"Unknown"
"7014852",371861,2025-10-17 17:02:05,43.1894149780273,-9.09009838104248,"Unknown"
"7014852",371861,2025-10-17 17:07:05,43.1894989013672,-9.08988761901855,"Unknown"
"7014852",371861,2025-10-17 17:12:06,43.1894416809082,-9.08992099761963,"Unknown"
"7014852",371861,2025-10-17 17:17:02,43.1895790100098,-9.08971214294434,"Unknown"
"7014852",371861,2025-10-17 17:22:02,43.1887435913086,-9.0894136428833,"Unknown"
"7014852",371861,2025-10-17 17:27:07,43.1888465881348,-9.08946514129639,"Unknown"
"7014852",371861,2025-10-17 17:32:04,43.1889114379883,-9.08933353424072,"Unknown"
"7014852",371861,2025-10-17 17:37:03,43.1901550292969,-9.10072422027588,"Unknown"
"7014852",371861,2025-10-17 17:42:03,43.1903610229492,-9.10092353820801,"Unknown"
"7014852",371861,2025-10-17 17:47:06,43.1904373168945,-9.10079956054688,"Unknown"
"7014852",371861,2025-10-17 17:52:22,43.1903266906738,-9.10077285766602,"Unknown"
"7014852",371861,2025-10-17 17:57:07,43.1900405883789,-9.10182762145996,"Unknown"
"7014852",371861,2025-10-17 18:02:03,43.1980781555176,-9.11601161956787,"Unknown"
"7014852",371861,2025-10-17 18:07:04,43.1989898681641,-9.11794662475586,"Unknown"
"7014852",371861,2025-10-17 18:12:04,43.1990051269531,-9.1178035736084,"Unknown"
"7014852",371861,2025-10-17 18:17:06,43.1991004943848,-9.11792373657227,"Unknown"
"7014852",371861,2025-10-17 18:22:12,43.1988906860352,-9.11800861358643,"Unknown"
"7014852",371861,2025-10-17 18:28:08,43.1990013122559,-9.11797332763672,"Unknown"
"7014852",371861,2025-10-17 23:28:10,43.2137565612793,-9.13421630859375,"Unknown"
"7014852",371861,2025-10-18 04:28:35,43.2159271240234,-9.11734867095947,"Unknown"
"7014852",371861,2025-10-18 06:58:12,43.1896896362305,-9.09232330322266,"Unknown"
"7014852",371861,2025-10-18 07:03:16,43.188793182373,-9.09270858764648,"Unknown"
"7014852",371861,2025-10-18 07:08:13,43.1858711242676,-9.09164810180664,"Unknown"
"7014852",371861,2025-10-18 07:13:14,43.1857872009277,-9.09224033355713,"Unknown"
"7014852",371861,2025-10-18 07:18:14,43.1850471496582,-9.09200572967529,"Unknown"
"7014852",371861,2025-10-18 07:23:26,43.1848030090332,-9.09167861938477,"Unknown"
"7014852",371861,2025-10-18 07:28:12,43.1869430541992,-9.09443855285645,"Unknown"
"7014852",371861,2025-10-18 07:33:13,43.1876106262207,-9.0999641418457,"Unknown"
"7014852",371861,2025-10-18 07:38:13,43.1876754760742,-9.10006237030029,"Unknown"
"7014852",371861,2025-10-18 07:43:19,43.1905708312988,-9.10186290740967,"Unknown"
"7014852",371861,2025-10-18 07:48:22,43.1904411315918,-9.10169124603271,"Unknown"
"7014852",371861,2025-10-18 07:53:25,43.1904182434082,-9.10164165496826,"Unknown"
"7014852",371861,2025-10-18 07:58:30,43.1903686523438,-9.1015510559082,"Unknown"
"7014852",371861,2025-10-18 08:03:12,43.1902122497559,-9.10142421722412,"Unknown"
"7014852",371861,2025-10-18 08:08:31,43.1901588439941,-9.10135746002197,"Unknown"
"7014852",371861,2025-10-18 08:13:17,43.1900215148926,-9.10135364532471,"Unknown"
"7014852",371861,2025-10-18 08:18:17,43.1901702880859,-9.10132884979248,"Unknown"
"7014852",371861,2025-10-18 08:23:16,43.1902389526367,-9.10144138336182,"Unknown"
"7014852",371861,2025-10-18 08:28:18,43.1901054382324,-9.10120296478271,"Unknown"
"7014852",371861,2025-10-18 08:33:31,43.1900215148926,-9.10124969482422,"Unknown"
"7014852",371861,2025-10-18 08:38:18,43.1899032592773,-9.10149097442627,"Unknown"
"7014852",371861,2025-10-18 08:43:16,43.1872367858887,-9.09984493255615,"Unknown"
"7014852",371861,2025-10-18 08:48:18,43.1869468688965,-9.0909481048584,"Unknown"
"7014852",371861,2025-10-18 08:53:15,43.184757232666,-9.09157752990723,"Unknown"
"7014852",371861,2025-10-18 08:58:18,43.1848258972168,-9.09151172637939,"Unknown"
"7014852",371861,2025-10-18 09:03:12,43.184871673584,-9.09139537811279,"Unknown"
"7014852",371861,2025-10-18 09:08:12,43.1849670410156,-9.09172439575195,"Unknown"
"7014852",371861,2025-10-18 09:13:11,43.1850776672363,-9.09179306030273,"Unknown"
"7014852",371861,2025-10-18 09:18:12,43.1832885742188,-9.09249401092529,"Unknown"
"7014852",371861,2025-10-18 09:23:46,43.1871223449707,-9.09073829650879,"Unknown"
"7014852",371861,2025-10-18 09:28:17,43.186939239502,-9.0906867980957,"Unknown"
"7014852",371861,2025-10-18 09:33:13,43.1870880126953,-9.09066390991211,"Unknown"
"7014852",371861,2025-10-18 09:38:12,43.1865844726562,-9.09122180938721,"Unknown"
"7014852",371861,2025-10-18 09:43:21,43.1869659423828,-9.09068870544434,"Unknown"
"7014852",371861,2025-10-18 09:48:15,43.1869773864746,-9.09082889556885,"Unknown"
"7014852",371861,2025-10-18 09:53:13,43.187068939209,-9.09069728851318,"Unknown"
"7014852",371861,2025-10-18 09:58:18,43.1870574951172,-9.09064769744873,"Unknown"
"7014852",371861,2025-10-18 10:03:12,43.1857032775879,-9.09240245819092,"Unknown"
"7014852",371861,2025-10-18 10:08:18,43.1875152587891,-9.09029865264893,"Unknown"
"7014852",371861,2025-10-18 10:13:12,43.1865272521973,-9.09132289886475,"Unknown"
"7014852",371861,2025-10-18 10:18:17,43.187183380127,-9.09079933166504,"Unknown"
"7014852",371861,2025-10-18 10:23:12,43.1866912841797,-9.09113311767578,"Unknown"
"7014852",371861,2025-10-18 10:28:16,43.1872024536133,-9.09082221984863,"Unknown"
"7014852",371861,2025-10-18 10:33:11,43.1856956481934,-9.10526657104492,"Unknown"
"7014852",371861,2025-10-18 10:38:11,43.1863212585449,-9.09116268157959,"Unknown"
"7014852",371861,2025-10-18 10:43:12,43.1863441467285,-9.09138679504395,"Unknown"
"7014852",371861,2025-10-18 10:48:15,43.1862525939941,-9.09131622314453,"Unknown"
"7014852",371861,2025-10-18 10:53:12,43.186279296875,-9.09166145324707,"Unknown"
"7014852",371861,2025-10-18 10:58:13,43.1862106323242,-9.09159755706787,"Unknown"
"7014852",371861,2025-10-18 11:03:15,43.1863021850586,-9.09135055541992,"Unknown"
"7014852",371861,2025-10-18 11:08:15,43.1872177124023,-9.09095191955566,"Unknown"
"7014852",371861,2025-10-18 11:13:15,43.1852111816406,-9.09157180786133,"Unknown"
"7014852",371861,2025-10-18 11:18:13,43.1827621459961,-9.09196472167969,"Unknown"
"7014852",371861,2025-10-18 11:23:13,43.1888885498047,-9.09276008605957,"Unknown"
"7014852",371861,2025-10-18 11:28:12,43.188777923584,-9.09296131134033,"Unknown"
"7014852",371861,2025-10-18 11:33:13,43.1889610290527,-9.09323024749756,"Unknown"
"7014852",371861,2025-10-18 11:38:12,43.1871032714844,-9.09082984924316,"Unknown"
"7014852",371861,2025-10-18 11:43:12,43.1855316162109,-9.09177875518799,"Unknown"
"7014852",371861,2025-10-18 11:48:13,43.1850891113281,-9.09211730957031,"Unknown"
"7014852",371861,2025-10-18 11:53:16,43.184928894043,-9.09285354614258,"Unknown"
"7014852",371861,2025-10-18 11:58:11,43.1831550598145,-9.09285640716553,"Unknown"
"7014852",371861,2025-10-18 12:03:12,43.184814453125,-9.09234142303467,"Unknown"
"7014852",371861,2025-10-18 12:08:19,43.1846923828125,-9.09219646453857,"Unknown"
"7014852",371861,2025-10-18 12:13:12,43.1823539733887,-9.09207820892334,"Unknown"
"7014852",371861,2025-10-18 12:18:26,43.1831741333008,-9.09284973144531,"Unknown"
"7014852",371861,2025-10-18 12:23:18,43.1846618652344,-9.09186744689941,"Unknown"
"7014852",371861,2025-10-18 12:28:11,43.1872062683105,-9.09103012084961,"Unknown"
"7014852",371861,2025-10-18 12:33:13,43.1870460510254,-9.09088516235352,"Unknown"
"7014852",371861,2025-10-18 12:38:14,43.187084197998,-9.09100818634033,"Unknown"
"7014852",371861,2025-10-18 12:43:34,43.1845474243164,-9.09213447570801,"Unknown"
"7014852",371861,2025-10-18 12:48:12,43.1846542358398,-9.09211158752441,"Unknown"
"7014852",371861,2025-10-18 12:53:13,43.1832695007324,-9.09307861328125,"Unknown"
"7014852",371861,2025-10-18 12:58:12,43.1870269775391,-9.09105777740479,"Unknown"
"7014852",371861,2025-10-18 13:03:11,43.1869659423828,-9.09103965759277,"Unknown"
"7014852",371861,2025-10-18 13:08:11,43.1871719360352,-9.09097671508789,"Unknown"
"7014852",371861,2025-10-18 13:13:12,43.1869735717773,-9.09095478057861,"Unknown"
"7014852",371861,2025-10-18 13:18:12,43.1866569519043,-9.09089279174805,"Unknown"
"7014852",371861,2025-10-18 13:23:12,43.1869659423828,-9.09084320068359,"Unknown"
"7014852",371861,2025-10-18 13:28:21,43.1866607666016,-9.09088611602783,"Unknown"
"7014852",371861,2025-10-18 13:33:18,43.1866989135742,-9.09090042114258,"Unknown"
"7014852",371861,2025-10-18 13:38:13,43.1847190856934,-9.092209815979,"Unknown"
"7014852",371861,2025-10-18 13:43:12,43.1846923828125,-9.09325504302979,"Unknown"
"7014852",371861,2025-10-18 13:48:12,43.1851654052734,-9.09290790557861,"Unknown"
"7014852",371861,2025-10-18 13:53:12,43.1846237182617,-9.09240055084229,"Unknown"
"7014852",371861,2025-10-18 13:58:11,43.1847343444824,-9.09230041503906,"Unknown"
"7014852",371861,2025-10-18 14:03:11,43.1845779418945,-9.09322643280029,"Unknown"
"7014852",371861,2025-10-18 14:08:11,43.1847839355469,-9.09219837188721,"Unknown"
"7014852",371861,2025-10-18 14:13:11,43.1846580505371,-9.09308528900146,"Unknown"
"7014852",371861,2025-10-18 14:18:11,43.1848449707031,-9.09173583984375,"Unknown"
"7014852",371861,2025-10-18 14:23:11,43.1849060058594,-9.09190845489502,"Unknown"
"7014852",371861,2025-10-18 14:28:11,43.1848106384277,-9.09186744689941,"Unknown"
"7014852",371861,2025-10-18 14:33:11,43.1855201721191,-9.09195423126221,"Unknown"
"7014852",371861,2025-10-18 14:38:11,43.1860580444336,-9.09131240844727,"Unknown"
"7014852",371861,2025-10-18 14:43:11,43.1860961914062,-9.09113502502441,"Unknown"
"7014852",371861,2025-10-18 14:48:13,43.1825065612793,-9.09199905395508,"Unknown"
"7014852",371861,2025-10-18 14:53:11,43.1823959350586,-9.0915641784668,"Unknown"
"7014852",371861,2025-10-18 14:58:13,43.185302734375,-9.09130477905273,"Unknown"
"7014852",371861,2025-10-18 15:03:11,43.1869468688965,-9.09023857116699,"Unknown"
"7014852",371861,2025-10-18 15:08:17,43.1850662231445,-9.09181499481201,"Unknown"
"7014852",371861,2025-10-18 15:13:12,43.1871643066406,-9.09021663665771,"Unknown"
"7014852",371861,2025-10-18 15:18:11,43.1869926452637,-9.09018802642822,"Unknown"
"7014852",371861,2025-10-18 15:23:11,43.186939239502,-9.09035587310791,"Unknown"
"7014852",371861,2025-10-18 15:28:11,43.1886405944824,-9.08814811706543,"Unknown"
"7014852",371861,2025-10-18 15:33:12,43.1896095275879,-9.08974456787109,"Unknown"
"7014852",371861,2025-10-18 15:38:12,43.1896667480469,-9.08979606628418,"Unknown"
"7014852",371861,2025-10-18 15:43:12,43.1896209716797,-9.08973121643066,"Unknown"
"7014852",371861,2025-10-18 15:48:11,43.1895790100098,-9.08975601196289,"Unknown"
"7014852",371861,2025-10-18 15:53:12,43.1896629333496,-9.08980941772461,"Unknown"
"7014852",371861,2025-10-18 15:58:12,43.1896476745605,-9.08983898162842,"Unknown"
"7014852",371861,2025-10-18 16:03:14,43.1893501281738,-9.08972454071045,"Unknown"
"7014852",371861,2025-10-18 16:08:16,43.189640045166,-9.08992004394531,"Unknown"
"7014852",371861,2025-10-18 16:13:16,43.1894683837891,-9.08979988098145,"Unknown"
"7014852",371861,2025-10-18 16:18:13,43.1895408630371,-9.08977890014648,"Unknown"
"7014852",371861,2025-10-18 16:23:15,43.189582824707,-9.08988380432129,"Unknown"
"7014852",371861,2025-10-18 16:28:14,43.1897010803223,-9.09003353118896,"Unknown"
"7014852",371861,2025-10-18 16:33:16,43.1894683837891,-9.08980655670166,"Unknown"
"7014852",371861,2025-10-18 16:38:12,43.1896820068359,-9.09004688262939,"Unknown"
"7014852",371861,2025-10-18 16:43:18,43.1894607543945,-9.08980083465576,"Unknown"
"7014852",371861,2025-10-18 16:48:14,43.1896858215332,-9.09019660949707,"Unknown"
"7014852",371861,2025-10-18 16:53:17,43.1891670227051,-9.08964347839355,"Unknown"
"7014852",371861,2025-10-18 16:58:24,43.1894035339355,-9.08986663818359,"Unknown"
"7014852",371861,2025-10-18 17:03:13,43.1853408813477,-9.09068965911865,"Unknown"
"7014852",371861,2025-10-18 17:08:18,43.1859550476074,-9.09138679504395,"Unknown"
"7014852",371861,2025-10-18 17:13:16,43.1860122680664,-9.09143447875977,"Unknown"
"7014852",371861,2025-10-18 17:18:16,43.1854782104492,-9.09173488616943,"Unknown"
"7014852",371861,2025-10-18 17:23:37,43.1855583190918,-9.09181499481201,"Unknown"
"7014852",371861,2025-10-18 17:28:15,43.1860046386719,-9.09195137023926,"Unknown"
"7014852",371861,2025-10-18 17:33:21,43.1905097961426,-9.09005260467529,"Unknown"
"7014852",371861,2025-10-18 17:38:15,43.1901741027832,-9.08993816375732,"Unknown"
"7014852",371861,2025-10-18 17:43:16,43.1902770996094,-9.09042453765869,"Unknown"
"7014852",371861,2025-10-18 17:48:32,43.1903305053711,-9.09047317504883,"Unknown"
"7014852",371861,2025-10-18 17:53:11,43.1901512145996,-9.09093856811523,"Unknown"
"7014852",371861,2025-10-18 17:58:12,43.1901016235352,-9.0909309387207,"Unknown"
"7014852",371861,2025-10-18 18:03:12,43.193962097168,-9.09768199920654,"Unknown"
"7014852",371861,2025-10-18 18:08:12,43.1937408447266,-9.0976505279541,"Unknown"
"7014852",371861,2025-10-18 18:13:11,43.1941108703613,-9.09875106811523,"Unknown"
"7014852",371861,2025-10-18 18:18:13,43.199836730957,-9.11738586425781,"Unknown"
"7014852",371861,2025-10-18 18:23:12,43.1997261047363,-9.11733818054199,"Unknown"
"7014852",371861,2025-10-18 18:26:39,43.1997375488281,-9.11744594573975,"Unknown"
"7014852",371861,2025-10-18 23:26:39,43.2025909423828,-9.0923023223877,"Unknown"
"7014852",371861,2025-10-19 04:26:41,43.2001419067383,-9.11747646331787,"Unknown"
"7014852",371861,2025-10-19 06:59:28,43.1893081665039,-9.09478855133057,"Unknown"
"7014852",371861,2025-10-19 07:04:27,43.1821708679199,-9.091064453125,"Unknown"
"7014852",371861,2025-10-19 07:09:27,43.1809120178223,-9.09093189239502,"Unknown"
"7014852",371861,2025-10-19 07:14:31,43.1806755065918,-9.09079933166504,"Unknown"
"7014852",371861,2025-10-19 07:19:33,43.1807174682617,-9.09087944030762,"Unknown"
"7014852",371861,2025-10-19 07:24:32,43.1810188293457,-9.09106254577637,"Unknown"
"7014852",371861,2025-10-19 07:29:36,43.1829147338867,-9.09227657318115,"Unknown"
"7014852",371861,2025-10-19 07:34:32,43.1828269958496,-9.09288120269775,"Unknown"
"7014852",371861,2025-10-19 07:39:27,43.1827812194824,-9.09211921691895,"Unknown"
"7014852",371861,2025-10-19 07:44:27,43.1840019226074,-9.09192752838135,"Unknown"
"7014852",371861,2025-10-19 07:49:30,43.1834983825684,-9.09273338317871,"Unknown"
"7014852",371861,2025-10-19 08:00:14,43.1824150085449,-9.09166431427002,"Unknown"
"7014852",371861,2025-10-19 08:04:26,43.1824798583984,-9.0916919708252,"Unknown"
"7014852",371861,2025-10-19 08:09:26,43.1869888305664,-9.06449794769287,"Unknown"
"7014852",371861,2025-10-19 08:14:26,43.1906471252441,-9.04453659057617,"Unknown"
"7014852",371861,2025-10-19 08:19:26,43.1899948120117,-9.04492855072021,"Unknown"
"7014852",371861,2025-10-19 08:24:26,43.1895408630371,-9.04487609863281,"Unknown"
"7014852",371861,2025-10-19 08:29:30,43.1892890930176,-9.04510498046875,"Unknown"
"7014852",371861,2025-10-19 08:34:26,43.1893730163574,-9.04528713226318,"Unknown"
"7014852",371861,2025-10-19 08:39:26,43.1892776489258,-9.04537296295166,"Unknown"
"7014852",371861,2025-10-19 08:44:26,43.1891975402832,-9.04658794403076,"Unknown"
"7014852",371861,2025-10-19 08:49:44,43.1887283325195,-9.04740047454834,"Unknown"
"7014852",371861,2025-10-19 08:54:26,43.1885948181152,-9.04764461517334,"Unknown"
"7014852",371861,2025-10-19 08:59:27,43.1885223388672,-9.04745578765869,"Unknown"
"7014852",371861,2025-10-19 09:04:26,43.1881675720215,-9.04809188842773,"Unknown"
"7014852",371861,2025-10-19 09:09:26,43.1881446838379,-9.04812526702881,"Unknown"
"7014852",371861,2025-10-19 09:14:26,43.1881523132324,-9.04810428619385,"Unknown"
"7014852",371861,2025-10-19 09:19:26,43.1881332397461,-9.04812049865723,"Unknown"
"7014852",371861,2025-10-19 09:24:27,43.1880989074707,-9.04812622070312,"Unknown"
"7014852",371861,2025-10-19 09:29:26,43.1881294250488,-9.0481538772583,"Unknown"
"7014852",371861,2025-10-19 09:34:26,43.1875114440918,-9.04975032806396,"Unknown"
"7014852",371861,2025-10-19 09:39:26,43.1874237060547,-9.04998683929443,"Unknown"
"7014852",371861,2025-10-19 09:44:26,43.1874351501465,-9.05010604858398,"Unknown"
"7014852",371861,2025-10-19 09:49:59,43.1873588562012,-9.05025100708008,"Unknown"
"7014852",371861,2025-10-19 09:54:27,43.187328338623,-9.05027866363525,"Unknown"
"7014852",371861,2025-10-19 09:59:26,43.187313079834,-9.05021667480469,"Unknown"
"7014852",371861,2025-10-19 10:04:26,43.1873741149902,-9.05030918121338,"Unknown"
"7014852",371861,2025-10-19 10:09:27,43.1869010925293,-9.05605506896973,"Unknown"
"7014852",371861,2025-10-19 10:14:28,43.1870346069336,-9.05626106262207,"Unknown"
"7014852",371861,2025-10-19 10:19:27,43.1870956420898,-9.05625438690186,"Unknown"
"7014852",371861,2025-10-19 10:24:28,43.1871185302734,-9.05620002746582,"Unknown"
"7014852",371861,2025-10-19 10:29:26,43.1871566772461,-9.05635166168213,"Unknown"
"7014852",371861,2025-10-19 10:34:27,43.1846199035645,-9.06103610992432,"Unknown"
"7014852",371861,2025-10-19 10:39:26,43.1888008117676,-9.08840847015381,"Unknown"
"7014852",371861,2025-10-19 10:44:27,43.1863327026367,-9.09167385101318,"Unknown"
"7014852",371861,2025-10-19 10:49:27,43.1864776611328,-9.09177017211914,"Unknown"
"7014852",371861,2025-10-19 10:54:26,43.1860542297363,-9.09162139892578,"Unknown"
"7014852",371861,2025-10-19 10:59:26,43.1860618591309,-9.09126949310303,"Unknown"
"7014852",371861,2025-10-19 11:04:31,43.185977935791,-9.091233253479,"Unknown"
"7014852",371861,2025-10-19 11:09:44,43.1862373352051,-9.09139442443848,"Unknown"
"7014852",371861,2025-10-19 11:14:26,43.1859245300293,-9.09137725830078,"Unknown"
"7014852",371861,2025-10-19 11:19:26,43.1847305297852,-9.09176158905029,"Unknown"
"7014852",371861,2025-10-19 11:24:29,43.1846580505371,-9.09194183349609,"Unknown"
"7014852",371861,2025-10-19 11:29:29,43.1846008300781,-9.09194374084473,"Unknown"
"7014852",371861,2025-10-19 11:34:28,43.1846046447754,-9.0923023223877,"Unknown"
"7014852",371861,2025-10-19 11:39:36,43.1845664978027,-9.09193134307861,"Unknown"
"7014852",371861,2025-10-19 11:44:31,43.1843299865723,-9.09165668487549,"Unknown"
"7014852",371861,2025-10-19 11:49:27,43.1843452453613,-9.09121417999268,"Unknown"
"7014852",371861,2025-10-19 11:54:26,43.1844139099121,-9.09126758575439,"Unknown"
"7014852",371861,2025-10-19 11:59:44,43.184440612793,-9.09159088134766,"Unknown"
"7014852",371861,2025-10-19 12:04:27,43.184642791748,-9.09185218811035,"Unknown"
"7014852",371861,2025-10-19 12:09:26,43.1850547790527,-9.09199714660645,"Unknown"
"7014852",371861,2025-10-19 12:14:29,43.1851043701172,-9.09180355072021,"Unknown"
"7014852",371861,2025-10-19 12:19:27,43.1851577758789,-9.09146976470947,"Unknown"
"7014852",371861,2025-10-19 12:24:26,43.1845397949219,-9.09134483337402,"Unknown"
"7014852",371861,2025-10-19 12:29:26,43.1846008300781,-9.0913143157959,"Unknown"
"7014852",371861,2025-10-19 12:34:26,43.1843338012695,-9.09122943878174,"Unknown"
"7014852",371861,2025-10-19 12:39:26,43.1841278076172,-9.09143829345703,"Unknown"
"7014852",371861,2025-10-19 12:44:27,43.1843948364258,-9.09143447875977,"Unknown"
"7014852",371861,2025-10-19 12:49:27,43.1800651550293,-9.09192276000977,"Unknown"
"7014852",371861,2025-10-19 12:54:30,43.1798629760742,-9.09168910980225,"Unknown"
"7014852",371861,2025-10-19 12:59:30,43.1801300048828,-9.09155654907227,"Unknown"
"7014852",371861,2025-10-19 13:04:28,43.1799011230469,-9.09147834777832,"Unknown"
"7014852",371861,2025-10-19 13:09:30,43.1818008422852,-9.09014987945557,"Unknown"
"7014852",371861,2025-10-19 13:14:44,43.180347442627,-9.09149932861328,"Unknown"
"7014852",371861,2025-10-19 13:19:26,43.1804084777832,-9.09116554260254,"Unknown"
"7014852",371861,2025-10-19 13:24:26,43.1802062988281,-9.0912914276123,"Unknown"
"7014852",371861,2025-10-19 13:29:26,43.1800422668457,-9.09166812896729,"Unknown"
"7014852",371861,2025-10-19 13:34:26,43.1799278259277,-9.09217357635498,"Unknown"
"7014852",371861,2025-10-19 13:39:26,43.1800346374512,-9.09191799163818,"Unknown"
"7014852",371861,2025-10-19 13:44:26,43.1799850463867,-9.09213829040527,"Unknown"
"7014852",371861,2025-10-19 13:49:26,43.1799011230469,-9.0918664932251,"Unknown"
"7014852",371861,2025-10-19 13:54:29,43.1799240112305,-9.09061241149902,"Unknown"
"7014852",371861,2025-10-19 13:59:28,43.1797561645508,-9.0909481048584,"Unknown"
"7014852",371861,2025-10-19 14:04:26,43.1797218322754,-9.09096622467041,"Unknown"
"7014852",371861,2025-10-19 14:09:26,43.1796340942383,-9.09072685241699,"Unknown"
"7014852",371861,2025-10-19 14:14:27,43.1796493530273,-9.09081268310547,"Unknown"
"7014852",371861,2025-10-19 14:19:27,43.1794395446777,-9.09129524230957,"Unknown"
"7014852",371861,2025-10-19 14:24:29,43.1791534423828,-9.09182357788086,"Unknown"
"7014852",371861,2025-10-19 14:29:27,43.1792678833008,-9.09123516082764,"Unknown"
"7014852",371861,2025-10-19 14:34:26,43.1796379089355,-9.09118843078613,"Unknown"
"7014852",371861,2025-10-19 14:39:25,43.1796646118164,-9.09158039093018,"Unknown"
"7014852",371861,2025-10-19 14:44:26,43.1795463562012,-9.09134674072266,"Unknown"
"7014852",371861,2025-10-19 14:49:26,43.1793327331543,-9.09123611450195,"Unknown"
"7014852",371861,2025-10-19 14:54:27,43.1794395446777,-9.09098529815674,"Unknown"
"7014852",371861,2025-10-19 14:59:26,43.183235168457,-9.09128093719482,"Unknown"
"7014852",371861,2025-10-19 15:04:30,43.1849060058594,-9.09200000762939,"Unknown"
"7014852",371861,2025-10-19 15:09:26,43.1850318908691,-9.09213924407959,"Unknown"
"7014852",371861,2025-10-19 15:14:26,43.1849975585938,-9.09096908569336,"Unknown"
"7014852",371861,2025-10-19 15:19:27,43.1849937438965,-9.09094619750977,"Unknown"
"7014852",371861,2025-10-19 15:24:27,43.1850852966309,-9.09096622467041,"Unknown"
"7014852",371861,2025-10-19 15:29:26,43.185001373291,-9.09095764160156,"Unknown"
"7014852",371861,2025-10-19 15:34:26,43.1850738525391,-9.09102821350098,"Unknown"
"7014852",371861,2025-10-19 15:39:26,43.1850967407227,-9.09102535247803,"Unknown"
"7014852",371861,2025-10-19 15:44:26,43.1850090026855,-9.09093189239502,"Unknown"
"7014852",371861,2025-10-19 15:49:27,43.1850624084473,-9.09119606018066,"Unknown"
"7014852",371861,2025-10-19 15:54:27,43.1849975585938,-9.09114360809326,"Unknown"
"7014852",371861,2025-10-19 15:59:29,43.1845397949219,-9.09128093719482,"Unknown"
"7014852",371861,2025-10-19 16:04:27,43.1897392272949,-9.0903205871582,"Unknown"
"7014852",371861,2025-10-19 16:09:30,43.1896743774414,-9.09025478363037,"Unknown"
"7014852",371861,2025-10-19 16:14:36,43.1896667480469,-9.09029006958008,"Unknown"
"7014852",371861,2025-10-19 16:19:27,43.1893424987793,-9.08941268920898,"Unknown"
"7014852",371861,2025-10-19 16:24:28,43.1894493103027,-9.08951950073242,"Unknown"
"7014852",371861,2025-10-19 16:29:28,43.1892585754395,-9.08896827697754,"Unknown"
"7014852",371861,2025-10-19 16:34:30,43.1891250610352,-9.08843898773193,"Unknown"
"7014852",371861,2025-10-19 16:39:33,43.1896629333496,-9.09009742736816,"Unknown"
"7014852",371861,2025-10-19 16:44:28,43.1894683837891,-9.08938789367676,"Unknown"
"7014852",371861,2025-10-19 16:49:29,43.1881675720215,-9.09025859832764,"Unknown"
"7014852",371861,2025-10-19 16:54:37,43.188591003418,-9.08985137939453,"Unknown"
"7014852",371861,2025-10-19 16:59:31,43.1884841918945,-9.08994102478027,"Unknown"
"7014852",371861,2025-10-19 17:04:34,43.1885375976562,-9.08981704711914,"Unknown"
"7014852",371861,2025-10-19 17:09:29,43.1885299682617,-9.09098720550537,"Unknown"
"7014852",371861,2025-10-19 17:14:27,43.1884994506836,-9.09087085723877,"Unknown"
"7014852",371861,2025-10-19 17:19:30,43.1885375976562,-9.09087562561035,"Unknown"
"7014852",371861,2025-10-19 17:24:28,43.1885566711426,-9.09086894989014,"Unknown"
"7014852",371861,2025-10-19 17:29:29,43.1885719299316,-9.09085083007812,"Unknown"
"7014852",371861,2025-10-19 17:34:31,43.189136505127,-9.09081363677979,"Unknown"
"7014852",371861,2025-10-19 17:39:28,43.188606262207,-9.09078407287598,"Unknown"
"7014852",371861,2025-10-19 17:44:29,43.1884078979492,-9.09066390991211,"Unknown"
"7014852",371861,2025-10-19 17:49:34,43.1893615722656,-9.09024143218994,"Unknown"
"7014852",371861,2025-10-19 17:54:29,43.1894035339355,-9.0901927947998,"Unknown"
"7014852",371861,2025-10-19 17:59:27,43.1892967224121,-9.09022808074951,"Unknown"
"7014852",371861,2025-10-19 18:04:28,43.189136505127,-9.09017276763916,"Unknown"
"7014852",371861,2025-10-19 18:09:36,43.1953506469727,-9.10345935821533,"Unknown"
"7014852",371861,2025-10-19 18:14:59,43.1990432739258,-9.11743831634521,"Unknown"
"7014852",371861,2025-10-19 18:19:25,43.1990623474121,-9.11740970611572,"Unknown"
"7014852",371861,2025-10-19 18:25:08,43.1990089416504,-9.1174955368042,"Unknown"
"7014852",371861,2025-10-19 23:25:35,43.2036209106445,-9.09603977203369,"Unknown"
"7014852",371861,2025-10-20 04:25:35,43.204174041748,-9.0961275100708,"Unknown"
"7014852",371861,2025-10-20 07:00:45,43.1858901977539,-9.10634517669678,"Unknown"
"7014852",371861,2025-10-20 07:05:44,43.1857376098633,-9.10620784759521,"Unknown"
"7014852",371861,2025-10-20 07:10:44,43.1858177185059,-9.10624122619629,"Unknown"
"7014852",371861,2025-10-20 07:15:43,43.1848182678223,-9.09210014343262,"Unknown"
"7014852",371861,2025-10-20 07:21:01,43.1838798522949,-9.0915412902832,"Unknown"
"7014852",371861,2025-10-20 07:25:46,43.1860580444336,-9.09149360656738,"Unknown"
"7014852",371861,2025-10-20 07:30:52,43.1861457824707,-9.09180641174316,"Unknown"
"7014852",371861,2025-10-20 07:35:44,43.18603515625,-9.09359645843506,"Unknown"
"7014852",371861,2025-10-20 07:40:55,43.1836051940918,-9.09231281280518,"Unknown"
"7014852",371861,2025-10-20 07:45:46,43.1855888366699,-9.09136390686035,"Unknown"
"7014852",371861,2025-10-20 07:51:02,43.1869583129883,-9.09064102172852,"Unknown"
"7014852",371861,2025-10-20 07:55:46,43.1871185302734,-9.09083366394043,"Unknown"
"7014852",371861,2025-10-20 08:00:45,43.1853523254395,-9.09125995635986,"Unknown"
"7014852",371861,2025-10-20 08:05:46,43.1862335205078,-9.09146690368652,"Unknown"
"7014852",371861,2025-10-20 08:10:50,43.1862373352051,-9.09131526947021,"Unknown"
"7014852",371861,2025-10-20 08:15:44,43.1831398010254,-9.09251594543457,"Unknown"
"7014852",371861,2025-10-20 08:21:05,43.1868667602539,-9.09061336517334,"Unknown"
"7014852",371861,2025-10-20 08:25:48,43.1870384216309,-9.09161853790283,"Unknown"
"7014852",371861,2025-10-20 08:30:45,43.1857643127441,-9.09308433532715,"Unknown"
"7014852",371861,2025-10-20 08:35:48,43.1831932067871,-9.0925817489624,"Unknown"
"7014852",371861,2025-10-20 08:40:49,43.183349609375,-9.09277439117432,"Unknown"
"7014852",371861,2025-10-20 08:45:44,43.1870498657227,-9.09105777740479,"Unknown"
"7014852",371861,2025-10-20 08:50:46,43.184326171875,-9.09267044067383,"Unknown"
"7014852",371861,2025-10-20 08:55:59,43.1832084655762,-9.09268665313721,"Unknown"
"7014852",371861,2025-10-20 09:00:43,43.1866722106934,-9.09082317352295,"Unknown"
"7014852",371861,2025-10-20 09:05:55,43.1868934631348,-9.09081935882568,"Unknown"
"7014852",371861,2025-10-20 09:10:44,43.183910369873,-9.09245681762695,"Unknown"
"7014852",371861,2025-10-20 09:15:49,43.183723449707,-9.09307193756104,"Unknown"
"7014852",371861,2025-10-20 09:20:49,43.184944152832,-9.0914249420166,"Unknown"
"7014852",371861,2025-10-20 09:25:53,43.1849708557129,-9.09133148193359,"Unknown"
"7014852",371861,2025-10-20 09:30:58,43.1849136352539,-9.09086990356445,"Unknown"
"7014852",371861,2025-10-20 09:36:05,43.1850700378418,-9.09158420562744,"Unknown"
"7014852",371861,2025-10-20 09:40:43,43.1817474365234,-9.09226036071777,"Unknown"
"7014852",371861,2025-10-20 09:45:43,43.1800155639648,-9.09190654754639,"Unknown"
"7014852",371861,2025-10-20 09:50:47,43.1789855957031,-9.092116355896,"Unknown"
"7014852",371861,2025-10-20 09:55:43,43.1787986755371,-9.09200763702393,"Unknown"
"7014852",371861,2025-10-20 10:00:47,43.1789665222168,-9.09222984313965,"Unknown"
"7014852",371861,2025-10-20 10:06:11,43.1839218139648,-9.0930290222168,"Unknown"
"7014852",371861,2025-10-20 10:10:52,43.1846084594727,-9.09178447723389,"Unknown"
"7014852",371861,2025-10-20 10:15:46,43.1847724914551,-9.09192180633545,"Unknown"
"7014852",371861,2025-10-20 10:20:47,43.1847953796387,-9.09156894683838,"Unknown"
"7014852",371861,2025-10-20 10:25:44,43.1848831176758,-9.09167575836182,"Unknown"
"7014852",371861,2025-10-20 10:30:45,43.1849746704102,-9.09164810180664,"Unknown"
"7014852",371861,2025-10-20 10:35:46,43.1853523254395,-9.0925350189209,"Unknown"
"7014852",371861,2025-10-20 10:40:46,43.1854782104492,-9.0912914276123,"Unknown"
"7014852",371861,2025-10-20 10:45:48,43.1862182617188,-9.09356498718262,"Unknown"
"7014852",371861,2025-10-20 10:50:46,43.1850547790527,-9.09230613708496,"Unknown"
"7014852",371861,2025-10-20 10:56:05,43.1844863891602,-9.09125518798828,"Unknown"
"7014852",371861,2025-10-20 11:00:54,43.184455871582,-9.09140777587891,"Unknown"
"7014852",371861,2025-10-20 11:05:45,43.1847991943359,-9.09140777587891,"Unknown"
"7014852",371861,2025-10-20 11:10:47,43.1850852966309,-9.09089183807373,"Unknown"
"7014852",371861,2025-10-20 11:15:46,43.1851272583008,-9.09095859527588,"Unknown"
"7014852",371861,2025-10-20 11:20:45,43.1804656982422,-9.09074592590332,"Unknown"
"7014852",371861,2025-10-20 11:25:46,43.1806716918945,-9.09145736694336,"Unknown"
"7014852",371861,2025-10-20 11:30:47,43.1805419921875,-9.09127330780029,"Unknown"
"7014852",371861,2025-10-20 11:35:46,43.180248260498,-9.09135150909424,"Unknown"
"7014852",371861,2025-10-20 11:40:46,43.1804962158203,-9.0916919708252,"Unknown"
"7014852",371861,2025-10-20 11:45:50,43.1802444458008,-9.09139156341553,"Unknown"
"7014852",371861,2025-10-20 11:50:45,43.1804122924805,-9.09192752838135,"Unknown"
"7014852",371861,2025-10-20 11:55:47,43.180046081543,-9.09096431732178,"Unknown"
"7014852",371861,2025-10-20 12:00:48,43.1801109313965,-9.09131336212158,"Unknown"
"7014852",371861,2025-10-20 12:05:46,43.1802597045898,-9.09150123596191,"Unknown"
"7014852",371861,2025-10-20 12:10:52,43.180248260498,-9.09162425994873,"Unknown"
"7014852",371861,2025-10-20 12:15:52,43.1801795959473,-9.09167861938477,"Unknown"
"7014852",371861,2025-10-20 12:20:52,43.1801986694336,-9.09181880950928,"Unknown"
"7014852",371861,2025-10-20 12:25:59,43.1843795776367,-9.09115028381348,"Unknown"
"7014852",371861,2025-10-20 12:30:49,43.1843452453613,-9.09110832214355,"Unknown"
"7014852",371861,2025-10-20 12:35:49,43.1845092773438,-9.09146213531494,"Unknown"
"7014852",371861,2025-10-20 12:41:05,43.1845245361328,-9.09160423278809,"Unknown"
"7014852",371861,2025-10-20 12:45:43,43.1845664978027,-9.09178161621094,"Unknown"
"7014852",371861,2025-10-20 12:50:43,43.1849098205566,-9.09147548675537,"Unknown"
"7014852",371861,2025-10-20 12:55:44,43.1847801208496,-9.09129428863525,"Unknown"
"7014852",371861,2025-10-20 13:00:43,43.184642791748,-9.09121799468994,"Unknown"
"7014852",371861,2025-10-20 13:05:43,43.1849403381348,-9.09134960174561,"Unknown"
"7014852",371861,2025-10-20 13:10:44,43.1847763061523,-9.09132957458496,"Unknown"
"7014852",371861,2025-10-20 13:15:44,43.184757232666,-9.09127616882324,"Unknown"
"7014852",371861,2025-10-20 13:20:43,43.1849708557129,-9.09123229980469,"Unknown"
"7014852",371861,2025-10-20 13:25:44,43.1849555969238,-9.09163475036621,"Unknown"
"7014852",371861,2025-10-20 13:30:44,43.1850318908691,-9.09148597717285,"Unknown"
"7014852",371861,2025-10-20 13:35:46,43.1853446960449,-9.09115123748779,"Unknown"
"7014852",371861,2025-10-20 13:40:43,43.1847915649414,-9.091233253479,"Unknown"
"7014852",371861,2025-10-20 13:45:44,43.1846046447754,-9.0915470123291,"Unknown"
"7014852",371861,2025-10-20 13:50:44,43.1900482177734,-9.09324073791504,"Unknown"
"7014852",371861,2025-10-20 13:55:43,43.1892433166504,-9.09573078155518,"Unknown"
"7014852",371861,2025-10-20 14:00:44,43.1884002685547,-9.11318206787109,"Unknown"
"7014852",371861,2025-10-20 14:05:47,43.189208984375,-9.11463642120361,"Unknown"
"7014852",371861,2025-10-20 14:10:50,43.1893272399902,-9.11370372772217,"Unknown"
"7014852",371861,2025-10-20 14:15:43,43.1877632141113,-9.10167407989502,"Unknown"
"7014852",371861,2025-10-20 14:21:05,43.1877746582031,-9.10181617736816,"Unknown"
"7014852",371861,2025-10-20 14:25:43,43.1876678466797,-9.10185527801514,"Unknown"
"7014852",371861,2025-10-20 14:30:43,43.1876525878906,-9.10188293457031,"Unknown"
"7014852",371861,2025-10-20 14:35:43,43.1877326965332,-9.10174751281738,"Unknown"
"7014852",371861,2025-10-20 14:40:44,43.1876525878906,-9.1019811630249,"Unknown"
"7014852",371861,2025-10-20 14:45:44,43.1876831054688,-9.10181617736816,"Unknown"
"7014852",371861,2025-10-20 14:50:44,43.1876602172852,-9.10177326202393,"Unknown"
"7014852",371861,2025-10-20 14:55:43,43.1877136230469,-9.10188007354736,"Unknown"
"7014852",371861,2025-10-20 15:00:44,43.1877021789551,-9.10187435150146,"Unknown"
"7014852",371861,2025-10-20 15:05:43,43.1870765686035,-9.08540344238281,"Unknown"
"7014852",371861,2025-10-20 15:10:44,43.1833839416504,-9.07941436767578,"Unknown"
"7014852",371861,2025-10-20 15:15:42,43.1836853027344,-9.07955074310303,"Unknown"
"7014852",371861,2025-10-20 15:20:43,43.1888465881348,-9.06780815124512,"Unknown"
"7014852",371861,2025-10-20 15:25:44,43.1930274963379,-9.04273509979248,"Unknown"
"7014852",371861,2025-10-20 15:30:44,43.1940956115723,-9.04127407073975,"Unknown"
"7014852",371861,2025-10-20 15:35:44,43.1939697265625,-9.04129505157471,"Unknown"
"7014852",371861,2025-10-20 15:40:46,43.193977355957,-9.04129886627197,"Unknown"
"7014852",371861,2025-10-20 15:45:44,43.1939811706543,-9.04125881195068,"Unknown"
"7014852",371861,2025-10-20 15:50:45,43.1942329406738,-9.04054260253906,"Unknown"
"7014852",371861,2025-10-20 15:56:59,43.1935005187988,-9.04042816162109,"Unknown"
"7014852",371861,2025-10-20 16:01:23,43.1935653686523,-9.04178619384766,"Unknown"
"7014852",371861,2025-10-20 16:05:42,43.1936225891113,-9.0417537689209,"Unknown"
"7014852",371861,2025-10-20 16:10:45,43.1937599182129,-9.04203319549561,"Unknown"
"7014852",371861,2025-10-20 16:15:44,43.1936683654785,-9.04192543029785,"Unknown"
"7014852",371861,2025-10-20 16:20:46,43.193733215332,-9.04200077056885,"Unknown"
"7014852",371861,2025-10-20 16:25:52,43.1936492919922,-9.0418701171875,"Unknown"
"7014852",371861,2025-10-20 16:30:58,43.1936988830566,-9.04174900054932,"Unknown"
"7014852",371861,2025-10-20 16:35:47,43.1938552856445,-9.04191970825195,"Unknown"
"7014852",371861,2025-10-20 16:41:14,43.193660736084,-9.04173755645752,"Unknown"
"7014852",371861,2025-10-20 16:45:50,43.1936073303223,-9.04179382324219,"Unknown"
"7014852",371861,2025-10-20 16:50:47,43.193733215332,-9.0417366027832,"Unknown"
"7014852",371861,2025-10-20 16:55:44,43.1924171447754,-9.04342079162598,"Unknown"
"7014852",371861,2025-10-20 17:00:45,43.1908874511719,-9.0445499420166,"Unknown"
"7014852",371861,2025-10-20 17:05:45,43.1907196044922,-9.04437923431396,"Unknown"
"7014852",371861,2025-10-20 17:10:50,43.1907119750977,-9.04433345794678,"Unknown"
"7014852",371861,2025-10-20 17:15:56,43.1906890869141,-9.04432201385498,"Unknown"
"7014852",371861,2025-10-20 17:20:47,43.190673828125,-9.04424953460693,"Unknown"
"7014852",371861,2025-10-20 17:25:49,43.1908721923828,-9.0445442199707,"Unknown"
"7014852",371861,2025-10-20 17:31:35,43.1907768249512,-9.04435253143311,"Unknown"
"7014852",371861,2025-10-20 17:35:45,43.1908149719238,-9.04441165924072,"Unknown"
"7014852",371861,2025-10-20 17:40:45,43.1907157897949,-9.04699420928955,"Unknown"
"7014852",371861,2025-10-20 17:45:44,43.1907691955566,-9.04710578918457,"Unknown"
"7014852",371861,2025-10-20 17:50:44,43.1906433105469,-9.04695606231689,"Unknown"
"7014852",371861,2025-10-20 17:55:49,43.190845489502,-9.04752540588379,"Unknown"
"7014852",371861,2025-10-20 18:00:45,43.1906127929688,-9.04692459106445,"Unknown"
"7014852",371861,2025-10-20 18:05:44,43.1908721923828,-9.04759788513184,"Unknown"
"7014852",371861,2025-10-20 18:10:44,43.2063751220703,-9.05544090270996,"Unknown"
"7014852",371861,2025-10-20 18:15:42,43.2367362976074,-9.01857280731201,"Unknown"
"7014852",371861,2025-10-20 18:20:45,43.2446937561035,-8.99971675872803,"Unknown"
"7014852",371861,2025-10-20 18:23:07,43.2448883056641,-8.99973964691162,"Unknown"
"7014852",371861,2025-10-20 23:23:36,43.3590621948242,-8.39981555938721,"Unknown"
"7014852",371861,2025-10-21 04:23:35,43.3590965270996,-8.39998340606689,"Unknown"
"7014852",371861,2025-10-21 07:01:34,43.3479843139648,-8.42185020446777,"Unknown"
"7014852",371861,2025-10-21 07:06:41,43.3492393493652,-8.42422580718994,"Unknown"
"7014852",371861,2025-10-21 07:11:43,43.348949432373,-8.42334938049316,"Unknown"
"7014852",371861,2025-10-21 07:16:29,43.3488464355469,-8.42341995239258,"Unknown"
"7014852",371861,2025-10-21 07:21:29,43.3490409851074,-8.42361450195312,"Unknown"
"7014852",371861,2025-10-21 07:26:30,43.3487548828125,-8.42327404022217,"Unknown"
"7014852",371861,2025-10-21 07:31:33,43.3488845825195,-8.4233922958374,"Unknown"
"7014852",371861,2025-10-21 07:36:36,43.3490562438965,-8.42355537414551,"Unknown"
"7014852",371861,2025-10-21 07:41:29,43.3486213684082,-8.42318439483643,"Unknown"
"7014852",371861,2025-10-21 07:46:36,43.3489685058594,-8.42339515686035,"Unknown"
"7014852",371861,2025-10-21 07:52:23,43.3465995788574,-8.42700481414795,"Unknown"
"7014852",371861,2025-10-21 07:56:28,43.3499908447266,-8.42738819122314,"Unknown"
"7014852",371861,2025-10-21 08:01:27,43.3500595092773,-8.42782497406006,"Unknown"
"7014852",371861,2025-10-21 08:07:43,43.3437347412109,-8.44816112518311,"Unknown"
"7014852",371861,2025-10-21 08:11:31,43.340015411377,-8.45529270172119,"Unknown"
"7014852",371861,2025-10-21 08:16:28,43.3395614624023,-8.4546422958374,"Unknown"
"7014852",371861,2025-10-21 08:21:31,43.3467140197754,-8.44018173217773,"Unknown"
"7014852",371861,2025-10-21 08:26:27,43.3503913879395,-8.43093967437744,"Unknown"
"7014852",371861,2025-10-21 08:31:29,43.3504791259766,-8.43104076385498,"Unknown"
"7014852",371861,2025-10-21 08:36:29,43.3505096435547,-8.43086814880371,"Unknown"
"7014852",371861,2025-10-21 08:41:31,43.3503189086914,-8.43081855773926,"Unknown"
"7014852",371861,2025-10-21 08:46:44,43.3504028320312,-8.43111610412598,"Unknown"
"7014852",371861,2025-10-21 08:51:30,43.3503608703613,-8.43102550506592,"Unknown"
"7014852",371861,2025-10-21 08:56:28,43.3505325317383,-8.43061065673828,"Unknown"
"7014852",371861,2025-10-21 09:01:27,43.3504219055176,-8.43109512329102,"Unknown"
"7014852",371861,2025-10-21 09:06:27,43.3504066467285,-8.4310245513916,"Unknown"
"7014852",371861,2025-10-21 09:11:28,43.3503646850586,-8.43103313446045,"Unknown"
"7014852",371861,2025-10-21 09:16:36,43.3551368713379,-8.40372562408447,"Unknown"
"7014852",371861,2025-10-21 09:21:31,43.3628463745117,-8.40398120880127,"Unknown"
"7014852",371861,2025-10-21 09:26:27,43.3627815246582,-8.40405654907227,"Unknown"
"7014852",371861,2025-10-21 09:31:44,43.3628158569336,-8.40396785736084,"Unknown"
"7014852",371861,2025-10-21 09:36:27,43.3626823425293,-8.40419864654541,"Unknown"
"7014852",371861,2025-10-21 09:41:28,43.3627586364746,-8.403977394104,"Unknown"
"7014852",371861,2025-10-21 09:46:30,43.3627319335938,-8.40393352508545,"Unknown"
"7014852",371861,2025-10-21 09:51:31,43.3627738952637,-8.40399074554443,"Unknown"
"7014852",371861,2025-10-21 09:56:28,43.3628387451172,-8.4041166305542,"Unknown"
"7014852",371861,2025-10-21 10:01:27,43.3627090454102,-8.40395545959473,"Unknown"
"7014852",371861,2025-10-21 10:06:30,43.3627662658691,-8.40404415130615,"Unknown"
"7014852",371861,2025-10-21 10:11:29,43.3629608154297,-8.40418720245361,"Unknown"
"7014852",371861,2025-10-21 10:16:44,43.3627586364746,-8.40397930145264,"Unknown"
"7014852",371861,2025-10-21 10:21:28,43.3608436584473,-8.40279769897461,"Unknown"
"7014852",371861,2025-10-21 10:26:31,43.3603439331055,-8.40279197692871,"Unknown"
"7014852",371861,2025-10-21 10:31:44,43.3602867126465,-8.40272235870361,"Unknown"
"7014852",371861,2025-10-21 10:36:34,43.3603057861328,-8.40302658081055,"Unknown"
"7014852",371861,2025-10-21 10:41:39,43.3601112365723,-8.40276718139648,"Unknown"
"7014852",371861,2025-10-21 10:46:28,43.360221862793,-8.40276527404785,"Unknown"
"7014852",371861,2025-10-21 10:51:57,43.3601608276367,-8.40274333953857,"Unknown"
"7014852",371861,2025-10-21 10:56:29,43.3601989746094,-8.40258312225342,"Unknown"
"7014852",371861,2025-10-21 11:01:30,43.3601913452148,-8.40260982513428,"Unknown"
"7014852",371861,2025-10-21 11:06:34,43.3601951599121,-8.40251922607422,"Unknown"
"7014852",371861,2025-10-21 11:11:34,43.3582611083984,-8.40256500244141,"Unknown"
"7014852",371861,2025-10-21 11:16:36,43.3525238037109,-8.42056179046631,"Unknown"
"7014852",371861,2025-10-21 11:21:36,43.3533554077148,-8.42512130737305,"Unknown"
"7014852",371861,2025-10-21 11:26:36,43.353343963623,-8.42510318756104,"Unknown"
"7014852",371861,2025-10-21 11:31:35,43.353328704834,-8.42507457733154,"Unknown"
"7014852",371861,2025-10-21 11:36:36,43.3532333374023,-8.42507362365723,"Unknown"
"7014852",371861,2025-10-21 11:41:30,43.353099822998,-8.42550373077393,"Unknown"
"7014852",371861,2025-10-21 11:46:35,43.353214263916,-8.42511367797852,"Unknown"
"7014852",371861,2025-10-21 11:51:34,43.3531532287598,-8.42508983612061,"Unknown"
"7014852",371861,2025-10-21 11:56:36,43.3531455993652,-8.42513847351074,"Unknown"
"7014852",371861,2025-10-21 12:01:29,43.3528327941895,-8.4254674911499,"Unknown"
"7014852",371861,2025-10-21 12:06:28,43.3527374267578,-8.42545700073242,"Unknown"
"7014852",371861,2025-10-21 12:11:33,43.3526992797852,-8.4249906539917,"Unknown"
"7014852",371861,2025-10-21 12:16:31,43.3527793884277,-8.42493629455566,"Unknown"
"7014852",371861,2025-10-21 12:21:30,43.3527946472168,-8.42531108856201,"Unknown"
"7014852",371861,2025-10-21 12:26:34,43.3527717590332,-8.42508316040039,"Unknown"
"7014852",371861,2025-10-21 12:31:29,43.352668762207,-8.42530822753906,"Unknown"
"7014852",371861,2025-10-21 12:36:34,43.3527984619141,-8.425124168396,"Unknown"
"7014852",371861,2025-10-21 12:41:34,43.352783203125,-8.42513275146484,"Unknown"
"7014852",371861,2025-10-21 12:46:36,43.3524322509766,-8.42548751831055,"Unknown"
"7014852",371861,2025-10-21 12:51:30,43.3527870178223,-8.42534065246582,"Unknown"
"7014852",371861,2025-10-21 12:56:30,43.352294921875,-8.42532825469971,"Unknown"
"7014852",371861,2025-10-21 13:01:31,43.3533706665039,-8.42545604705811,"Unknown"
"7014852",371861,2025-10-21 13:06:29,43.3531646728516,-8.42571544647217,"Unknown"
"7014852",371861,2025-10-21 13:11:31,43.3531265258789,-8.42468452453613,"Unknown"
"7014852",371861,2025-10-21 13:16:28,43.3533630371094,-8.42483043670654,"Unknown"
"7014852",371861,2025-10-21 13:21:28,43.3529777526855,-8.4250659942627,"Unknown"
"7014852",371861,2025-10-21 13:26:33,43.3534317016602,-8.4252815246582,"Unknown"
"7014852",371861,2025-10-21 13:31:33,43.3534965515137,-8.42459583282471,"Unknown"
"7014852",371861,2025-10-21 13:36:30,43.3530311584473,-8.42510223388672,"Unknown"
"7014852",371861,2025-10-21 13:41:33,43.3532829284668,-8.42388343811035,"Unknown"
"7014852",371861,2025-10-21 13:46:30,43.3530387878418,-8.42402935028076,"Unknown"
"7014852",371861,2025-10-21 13:51:29,43.3520317077637,-8.41740989685059,"Unknown"
"7014852",371861,2025-10-21 13:56:29,43.3620986938477,-8.40337753295898,"Unknown"
"7014852",371861,2025-10-21 14:01:29,43.3621482849121,-8.40334701538086,"Unknown"
"7014852",371861,2025-10-21 14:06:30,43.3620452880859,-8.40338802337646,"Unknown"
"7014852",371861,2025-10-21 14:11:28,43.362003326416,-8.40337944030762,"Unknown"
"7014852",371861,2025-10-21 14:16:31,43.3614654541016,-8.40294742584229,"Unknown"
"7014852",371861,2025-10-21 14:21:28,43.3614463806152,-8.40305423736572,"Unknown"
"7014852",371861,2025-10-21 14:26:28,43.3614540100098,-8.40309143066406,"Unknown"
"7014852",371861,2025-10-21 14:31:28,43.3614540100098,-8.40307235717773,"Unknown"
"7014852",371861,2025-10-21 14:36:28,43.3614273071289,-8.40304183959961,"Unknown"
"7014852",371861,2025-10-21 14:41:29,43.3615608215332,-8.4028491973877,"Unknown"
"7014852",371861,2025-10-21 14:46:29,43.3613433837891,-8.40312480926514,"Unknown"
"7014852",371861,2025-10-21 14:51:29,43.3613357543945,-8.40309238433838,"Unknown"
"7014852",371861,2025-10-21 14:56:29,43.3613433837891,-8.4030647277832,"Unknown"
"7014852",371861,2025-10-21 15:01:31,43.3599510192871,-8.40268993377686,"Unknown"
"7014852",371861,2025-10-21 15:06:29,43.3599166870117,-8.40272903442383,"Unknown"
"7014852",371861,2025-10-21 15:11:30,43.3604927062988,-8.40249633789062,"Unknown"
"7014852",371861,2025-10-21 15:16:30,43.360466003418,-8.40289878845215,"Unknown"
"7014852",371861,2025-10-21 15:21:29,43.3589897155762,-8.40012550354004,"Unknown"
"7014852",371861,2025-10-21 15:26:30,43.3588256835938,-8.40004634857178,"Unknown"
"7014852",371861,2025-10-21 15:31:30,43.359447479248,-8.40046215057373,"Unknown"
"7014852",371861,2025-10-21 15:36:31,43.3594703674316,-8.40017318725586,"Unknown"
"7014852",371861,2025-10-21 15:41:30,43.3593330383301,-8.40065670013428,"Unknown"
"7014852",371861,2025-10-21 15:46:30,43.3594551086426,-8.40062713623047,"Unknown"
"7014852",371861,2025-10-21 15:51:30,43.3594284057617,-8.40053558349609,"Unknown"
"7014852",371861,2025-10-21 15:56:31,43.3593559265137,-8.40031719207764,"Unknown"
"7014852",371861,2025-10-21 16:01:33,43.3593826293945,-8.40025424957275,"Unknown"
"7014852",371861,2025-10-21 16:06:33,43.3591423034668,-8.40040016174316,"Unknown"
"7014852",371861,2025-10-21 16:11:31,43.359203338623,-8.40043354034424,"Unknown"
"7014852",371861,2025-10-21 16:16:35,43.3591194152832,-8.40048217773438,"Unknown"
"7014852",371861,2025-10-21 16:21:36,43.3591041564941,-8.40057945251465,"Unknown"
"7014852",371861,2025-10-21 16:26:33,43.3591690063477,-8.40049362182617,"Unknown"
"7014852",371861,2025-10-21 16:31:31,43.3594055175781,-8.40052604675293,"Unknown"
"7014852",371861,2025-10-21 16:36:30,43.3590507507324,-8.400315284729,"Unknown"
"7014852",371861,2025-10-21 16:41:29,43.3592262268066,-8.40038776397705,"Unknown"
"7014852",371861,2025-10-21 16:46:29,43.3591651916504,-8.40032577514648,"Unknown"
"7014852",371861,2025-10-21 16:51:29,43.3592491149902,-8.40040016174316,"Unknown"
"7014852",371861,2025-10-21 16:56:29,43.3596992492676,-8.40046215057373,"Unknown"
"7014852",371861,2025-10-21 17:01:29,43.3598289489746,-8.40076160430908,"Unknown"
"7014852",371861,2025-10-21 17:06:30,43.3593444824219,-8.40008926391602,"Unknown"
"7014852",371861,2025-10-21 17:11:36,43.3593826293945,-8.40031337738037,"Unknown"
"7014852",371861,2025-10-21 17:16:30,43.3579444885254,-8.39812564849854,"Unknown"
"7014852",371861,2025-10-21 17:21:30,43.3578872680664,-8.39778900146484,"Unknown"
"7014852",371861,2025-10-21 17:26:29,43.3578071594238,-8.39763927459717,"Unknown"
"7014852",371861,2025-10-21 17:31:30,43.3578338623047,-8.39781665802002,"Unknown"
"7014852",371861,2025-10-21 17:36:34,43.3579406738281,-8.39828014373779,"Unknown"
"7014852",371861,2025-10-21 17:41:30,43.3581047058105,-8.39852237701416,"Unknown"
"7014852",371861,2025-10-21 17:46:30,43.3579864501953,-8.39818668365479,"Unknown"
"7014852",371861,2025-10-21 17:51:29,43.3580284118652,-8.39822578430176,"Unknown"
"7014852",371861,2025-10-21 17:56:33,43.3579597473145,-8.39820003509521,"Unknown"
"7014852",371861,2025-10-21 18:01:29,43.3581161499023,-8.3983907699585,"Unknown"
"7014852",371861,2025-10-21 18:06:30,43.3581657409668,-8.39846897125244,"Unknown"
"7014852",371861,2025-10-21 18:11:29,43.3581237792969,-8.39843940734863,"Unknown"
"7014852",371861,2025-10-21 18:16:30,43.3584861755371,-8.39885139465332,"Unknown"
"7014852",371861,2025-10-21 18:19:09,43.3591156005859,-8.39879512786865,"Unknown"
"7014852",371861,2025-10-21 23:19:06,43.3592338562012,-8.39913654327393,"Unknown"
"7014852",371861,2025-10-22 04:19:06,43.3619842529297,-8.40348148345947,"Unknown"
"7014852",371861,2025-10-22 07:00:31,43.3606109619141,-8.48825454711914,"Unknown"
"7014852",371861,2025-10-22 07:05:30,43.3555297851562,-8.51064491271973,"Unknown"
"7014852",371861,2025-10-22 07:10:30,43.3491020202637,-8.52775287628174,"Unknown"
"7014852",371861,2025-10-22 07:15:38,43.3420562744141,-8.54660224914551,"Unknown"
"7014852",371861,2025-10-22 07:20:37,43.3336181640625,-8.56588459014893,"Unknown"
"7014852",371861,2025-10-22 07:25:37,43.3235244750977,-8.58574390411377,"Unknown"
"7014852",371861,2025-10-22 07:30:28,43.315845489502,-8.60886192321777,"Unknown"
"7014852",371861,2025-10-22 07:35:29,43.3122940063477,-8.63216876983643,"Unknown"
"7014852",371861,2025-10-22 07:40:28,43.3064994812012,-8.65436744689941,"Unknown"
"7014852",371861,2025-10-22 07:50:28,43.2929611206055,-8.69806480407715,"Unknown"
"7014852",371861,2025-10-22 08:00:30,43.2929039001465,-8.69905567169189,"Unknown"
"7014852",371861,2025-10-22 08:05:31,43.2926559448242,-8.69873905181885,"Unknown"
"7014852",371861,2025-10-22 08:10:30,43.2950859069824,-8.72578907012939,"Unknown"
"7014852",371861,2025-10-22 08:21:50,43.3097839355469,-8.78239822387695,"Unknown"
"7014852",371861,2025-10-22 08:31:44,43.3249588012695,-8.82528018951416,"Unknown"
"7014852",371861,2025-10-22 08:40:27,43.3148765563965,-8.84740829467773,"Unknown"
"7014852",371861,2025-10-22 08:51:50,43.321418762207,-8.90480709075928,"Unknown"
"7014852",371861,2025-10-22 09:01:14,43.301570892334,-8.91029644012451,"Unknown"
"7014852",371861,2025-10-22 09:10:29,43.2929611206055,-8.94956111907959,"Unknown"
"7014852",371861,2025-10-22 09:20:36,43.2757301330566,-8.99010467529297,"Unknown"
"7014852",371861,2025-10-22 09:30:52,43.2523727416992,-8.99017333984375,"Unknown"
"7014852",371861,2025-10-22 09:40:37,43.2332916259766,-9.01403713226318,"Unknown"
"7014852",371861,2025-10-22 09:51:02,43.210075378418,-9.03159618377686,"Unknown"
"7014852",371861,2025-10-22 10:00:27,43.1870346069336,-9.04699039459229,"Unknown"
"7014852",371861,2025-10-22 10:10:27,43.1845321655273,-9.09158897399902,"Unknown"
"7014852",371861,2025-10-22 10:15:27,43.1847877502441,-9.09145736694336,"Unknown"
"7014852",371861,2025-10-22 10:20:27,43.1846504211426,-9.09146022796631,"Unknown"
"7014852",371861,2025-10-22 10:25:52,43.1848831176758,-9.09181785583496,"Unknown"
"7014852",371861,2025-10-22 10:30:59,43.1848907470703,-9.09193325042725,"Unknown"
"7014852",371861,2025-10-22 10:35:27,43.1836547851562,-9.09285545349121,"Unknown"
"7014852",371861,2025-10-22 10:40:27,43.1849708557129,-9.09343814849854,"Unknown"
"7014852",371861,2025-10-22 10:50:36,43.1837577819824,-9.09324645996094,"Unknown"
"7014852",371861,2025-10-22 10:55:31,43.1848182678223,-9.09169769287109,"Unknown"
"7014852",371861,2025-10-22 11:00:30,43.1845893859863,-9.09162902832031,"Unknown"
"7014852",371861,2025-10-22 11:05:31,43.1848106384277,-9.09233283996582,"Unknown"
"7014852",371861,2025-10-22 11:10:29,43.184886932373,-9.09229373931885,"Unknown"
"7014852",371861,2025-10-22 11:15:29,43.1848182678223,-9.09224987030029,"Unknown"
"7014852",371861,2025-10-22 11:20:27,43.1846733093262,-9.09156227111816,"Unknown"
"7014852",371861,2025-10-22 11:30:35,43.1811561584473,-9.09151840209961,"Unknown"
"7014852",371861,2025-10-22 11:35:28,43.1809463500977,-9.09092712402344,"Unknown"
"7014852",371861,2025-10-22 11:40:30,43.1810989379883,-9.09144306182861,"Unknown"
"7014852",371861,2025-10-22 11:50:30,43.1807632446289,-9.09115695953369,"Unknown"
"7014852",371861,2025-10-22 11:55:35,43.1808929443359,-9.09148120880127,"Unknown"
"7014852",371861,2025-10-22 12:05:33,43.1806678771973,-9.09152126312256,"Unknown"
"7014852",371861,2025-10-22 12:10:29,43.1806297302246,-9.09142780303955,"Unknown"
"7014852",371861,2025-10-22 12:15:41,43.180534362793,-9.09129047393799,"Unknown"
"7014852",371861,2025-10-22 12:20:27,43.1805152893066,-9.09122848510742,"Unknown"
"7014852",371861,2025-10-22 12:25:28,43.1805648803711,-9.09147930145264,"Unknown"
"7014852",371861,2025-10-22 12:30:29,43.1805763244629,-9.09171485900879,"Unknown"
"7014852",371861,2025-10-22 12:35:39,43.1804809570312,-9.09135627746582,"Unknown"
"7014852",371861,2025-10-22 12:40:31,43.1803283691406,-9.09147834777832,"Unknown"
"7014852",371861,2025-10-22 12:45:48,43.1805458068848,-9.09232997894287,"Unknown"
"7014852",371861,2025-10-22 12:50:27,43.1804275512695,-9.09195613861084,"Unknown"
"7014852",371861,2025-10-22 12:55:28,43.1804161071777,-9.09205532073975,"Unknown"
"7014852",371861,2025-10-22 13:00:29,43.1803169250488,-9.09164619445801,"Unknown"
"7014852",371861,2025-10-22 13:05:31,43.1802825927734,-9.09152698516846,"Unknown"
"7014852",371861,2025-10-22 13:10:46,43.1803359985352,-9.09146785736084,"Unknown"
"7014852",371861,2025-10-22 13:15:43,43.1803016662598,-9.09132099151611,"Unknown"
"7014852",371861,2025-10-22 13:20:29,43.1802635192871,-9.09164905548096,"Unknown"
"7014852",371861,2025-10-22 13:25:49,43.1802597045898,-9.09171485900879,"Unknown"
"7014852",371861,2025-10-22 13:30:30,43.1803436279297,-9.0906229019165,"Unknown"
"7014852",371861,2025-10-22 13:35:45,43.1801338195801,-9.09181594848633,"Unknown"
"7014852",371861,2025-10-22 13:40:47,43.1801681518555,-9.09218597412109,"Unknown"
"7014852",371861,2025-10-22 13:45:55,43.1801605224609,-9.09155178070068,"Unknown"
"7014852",371861,2025-10-22 13:55:27,43.1800231933594,-9.0912504196167,"Unknown"
"7014852",371861,2025-10-22 14:05:28,43.1802368164062,-9.09202861785889,"Unknown"
"7014852",371861,2025-10-22 14:10:29,43.1800956726074,-9.09175109863281,"Unknown"
"7014852",371861,2025-10-22 14:15:27,43.1800079345703,-9.09158515930176,"Unknown"
"7014852",371861,2025-10-22 14:20:27,43.1800498962402,-9.09141540527344,"Unknown"
"7014852",371861,2025-10-22 14:25:28,43.1800003051758,-9.09174156188965,"Unknown"
"7014852",371861,2025-10-22 14:35:29,43.180061340332,-9.09151458740234,"Unknown"
"7014852",371861,2025-10-22 14:45:37,43.1800155639648,-9.09160804748535,"Unknown"
"7014852",371861,2025-10-22 14:50:40,43.180004119873,-9.09157943725586,"Unknown"
"7014852",371861,2025-10-22 15:00:27,43.1799812316895,-9.09166240692139,"Unknown"
"7014852",371861,2025-10-22 15:10:29,43.1892166137695,-9.09217929840088,"Unknown"
"7014852",371861,2025-10-22 15:20:30,43.1882781982422,-9.0473518371582,"Unknown"
"7014852",371861,2025-10-22 15:30:33,43.1875762939453,-9.04738998413086,"Unknown"
"7014852",371861,2025-10-22 15:40:46,43.1870956420898,-9.04757785797119,"Unknown"
"7014852",371861,2025-10-22 15:45:30,43.1872863769531,-9.04651546478271,"Unknown"
"7014852",371861,2025-10-22 15:55:38,43.186882019043,-9.04697704315186,"Unknown"
"7014852",371861,2025-10-22 16:05:55,43.1872062683105,-9.04785823822021,"Unknown"
"7014852",371861,2025-10-22 16:15:27,43.1878242492676,-9.05018043518066,"Unknown"
"7014852",371861,2025-10-22 16:25:30,43.1877937316895,-9.04979610443115,"Unknown"
"7014852",371861,2025-10-22 16:35:31,43.1881370544434,-9.0490255355835,"Unknown"
"7014852",371861,2025-10-22 16:45:34,43.1873054504395,-9.04938888549805,"Unknown"
"7014852",371861,2025-10-22 16:55:27,43.1869163513184,-9.05017375946045,"Unknown"
"7014852",371861,2025-10-22 17:05:28,43.1828117370605,-9.04140758514404,"Unknown"
"7014852",371861,2025-10-22 17:15:30,43.2161064147949,-9.02754306793213,"Unknown"
"7014852",371861,2025-10-22 17:25:28,43.2797393798828,-8.93974590301514,"Unknown"
"7014852",371861,2025-10-22 17:35:37,43.340950012207,-8.84365272521973,"Unknown"
"7014852",371861,2025-10-22 17:45:28,43.3243675231934,-8.79968357086182,"Unknown"
"7014852",371861,2025-10-22 17:55:28,43.3088684082031,-8.72745227813721,"Unknown"
"7014852",371861,2025-10-22 18:05:29,43.3358955383301,-8.58752918243408,"Unknown"
"7014852",371861,2025-10-22 18:15:37,43.373291015625,-8.46084880828857,"Unknown"
"7014852",371861,2025-10-22 18:17:43,43.3797454833984,-8.42820739746094,"Unknown"
"7014852",371861,2025-10-22 23:18:05,43.3608512878418,-8.40308284759521,"Unknown"
"7014852",371861,2025-10-23 04:18:05,43.3609428405762,-8.40311241149902,"Unknown"
"7014852",371861,2025-10-23 07:01:56,43.3306007385254,-8.43150043487549,"Unknown"
"7014852",371861,2025-10-23 07:11:56,43.3304748535156,-8.43142604827881,"Unknown"
"7014852",371861,2025-10-23 07:21:55,43.3305931091309,-8.43141651153564,"Unknown"
"7014852",371861,2025-10-23 07:31:55,43.3306503295898,-8.43149948120117,"Unknown"
"7014852",371861,2025-10-23 07:41:56,43.3325347900391,-8.42926502227783,"Unknown"
"7014852",371861,2025-10-23 07:51:56,43.3329315185547,-8.42910671234131,"Unknown"
"7014852",371861,2025-10-23 08:01:56,43.3312225341797,-8.44036960601807,"Unknown"
"7014852",371861,2025-10-23 08:12:06,43.3235397338867,-8.47471618652344,"Unknown"
"7014852",371861,2025-10-23 08:22:07,43.3070487976074,-8.50776386260986,"Unknown"
"7014852",371861,2025-10-23 08:32:07,43.3070449829102,-8.50785064697266,"Unknown"
"7014852",371861,2025-10-23 08:42:07,43.308837890625,-8.50979137420654,"Unknown"
"7014852",371861,2025-10-23 08:52:07,43.308837890625,-8.50988578796387,"Unknown"
"7014852",371861,2025-10-23 09:02:07,43.3091239929199,-8.50994777679443,"Unknown"
"7014852",371861,2025-10-23 09:12:06,43.3138999938965,-8.52829933166504,"Unknown"
"7014852",371861,2025-10-23 09:22:06,43.3232498168945,-8.58591747283936,"Unknown"
"7014852",371861,2025-10-23 09:32:05,43.3167762756348,-8.62908840179443,"Unknown"
"7014852",371861,2025-10-23 09:42:06,43.3053703308105,-8.6810131072998,"Unknown"
"7014852",371861,2025-10-23 09:47:06,43.2983894348145,-8.70637130737305,"Unknown"
"7014852",371861,2025-10-23 09:52:06,43.3008155822754,-8.73266792297363,"Unknown"
"7014852",371861,2025-10-23 09:57:05,43.3034210205078,-8.76159286499023,"Unknown"
"7014852",371861,2025-10-23 10:02:06,43.3105888366699,-8.78678512573242,"Unknown"
"7014852",371861,2025-10-23 10:07:05,43.323070526123,-8.80831909179688,"Unknown"
"7014852",371861,2025-10-23 10:12:06,43.3177261352539,-8.83262634277344,"Unknown"
"7014852",371861,2025-10-23 10:17:05,43.3167304992676,-8.85299491882324,"Unknown"
"7014852",371861,2025-10-23 10:22:06,43.3206939697266,-8.86860466003418,"Unknown"
"7014852",371861,2025-10-23 10:27:05,43.3203201293945,-8.88978958129883,"Unknown"
"7014852",371861,2025-10-23 10:32:07,43.3202629089355,-8.91116714477539,"Unknown"
"7014852",371861,2025-10-23 10:37:06,43.2997131347656,-8.9094181060791,"Unknown"
"7014852",371861,2025-10-23 10:42:05,43.2934875488281,-8.93362617492676,"Unknown"
"7014852",371861,2025-10-23 10:47:07,43.2917442321777,-8.95938587188721,"Unknown"
"7014852",371861,2025-10-23 10:52:06,43.2811622619629,-8.9839563369751,"Unknown"
"7014852",371861,2025-10-23 10:57:06,43.2607536315918,-8.99686813354492,"Unknown"
"7014852",371861,2025-10-23 11:02:06,43.2431144714355,-9.01146697998047,"Unknown"
"7014852",371861,2025-10-23 11:07:05,43.2270812988281,-9.03131866455078,"Unknown"
"7014852",371861,2025-10-23 11:12:05,43.2111549377441,-9.05312824249268,"Unknown"
"7014852",371861,2025-10-23 11:17:05,43.1974906921387,-9.07650947570801,"Unknown"
"7014852",371861,2025-10-23 11:22:06,43.1850700378418,-9.09142017364502,"Unknown"
"7014852",371861,2025-10-23 11:27:07,43.1850433349609,-9.09173774719238,"Unknown"
"7014852",371861,2025-10-23 11:32:06,43.1848526000977,-9.091796875,"Unknown"
"7014852",371861,2025-10-23 11:37:06,43.184944152832,-9.09176921844482,"Unknown"
"7014852",371861,2025-10-23 11:42:07,43.1853523254395,-9.09156894683838,"Unknown"
"7014852",371861,2025-10-23 11:47:07,43.1839065551758,-9.09273433685303,"Unknown"
"7014852",371861,2025-10-23 11:52:09,43.1844673156738,-9.09175777435303,"Unknown"
"7014852",371861,2025-10-23 11:57:10,43.1848487854004,-9.0915355682373,"Unknown"
"7014852",371861,2025-10-23 12:02:09,43.1852111816406,-9.09182262420654,"Unknown"
"7014852",371861,2025-10-23 12:07:12,43.1855964660645,-9.09444999694824,"Unknown"
"7014852",371861,2025-10-23 12:12:06,43.1850852966309,-9.09237766265869,"Unknown"
"7014852",371861,2025-10-23 12:17:10,43.1849975585938,-9.09245872497559,"Unknown"
"7014852",371861,2025-10-23 12:22:06,43.1846199035645,-9.09263324737549,"Unknown"
"7014852",371861,2025-10-23 12:27:10,43.1851119995117,-9.09199237823486,"Unknown"
"7014852",371861,2025-10-23 12:32:52,43.1853485107422,-9.09192180633545,"Unknown"
"7014852",371861,2025-10-23 12:42:06,43.1870574951172,-9.09076023101807,"Unknown"
"7014852",371861,2025-10-23 12:47:28,43.1861839294434,-9.09035015106201,"Unknown"
"7014852",371861,2025-10-23 12:52:09,43.1862106323242,-9.0907039642334,"Unknown"
"7014852",371861,2025-10-23 12:57:11,43.1854782104492,-9.09078121185303,"Unknown"
"7014852",371861,2025-10-23 13:03:05,43.1844024658203,-9.09108924865723,"Unknown"
"7014852",371861,2025-10-23 13:07:05,43.1863670349121,-9.09078121185303,"Unknown"
"7014852",371861,2025-10-23 13:12:05,43.1862907409668,-9.09079837799072,"Unknown"
"7014852",371861,2025-10-23 13:17:06,43.1855926513672,-9.08946800231934,"Unknown"
"7014852",371861,2025-10-23 13:22:09,43.1845092773438,-9.09182262420654,"Unknown"
"7014852",371861,2025-10-23 13:27:05,43.1845512390137,-9.091872215271,"Unknown"
"7014852",371861,2025-10-23 13:32:07,43.1844024658203,-9.09187507629395,"Unknown"
"7014852",371861,2025-10-23 13:37:06,43.1847724914551,-9.0916690826416,"Unknown"
"7014852",371861,2025-10-23 13:42:06,43.1844940185547,-9.09183025360107,"Unknown"
"7014852",371861,2025-10-23 13:47:06,43.1844902038574,-9.09166431427002,"Unknown"
"7014852",371861,2025-10-23 13:52:06,43.1847343444824,-9.09120559692383,"Unknown"
"7014852",371861,2025-10-23 13:57:06,43.1846961975098,-9.09114551544189,"Unknown"
"7014852",371861,2025-10-23 14:02:06,43.183723449707,-9.09243202209473,"Unknown"
"7014852",371861,2025-10-23 14:07:05,43.1850090026855,-9.09197616577148,"Unknown"
"7014852",371861,2025-10-23 14:12:05,43.1850509643555,-9.09196853637695,"Unknown"
"7014852",371861,2025-10-23 14:17:06,43.1848564147949,-9.09178256988525,"Unknown"
"7014852",371861,2025-10-23 14:22:05,43.1848030090332,-9.09176158905029,"Unknown"
"7014852",371861,2025-10-23 14:27:11,43.1835289001465,-9.0926342010498,"Unknown"
"7014852",371861,2025-10-23 14:32:05,43.1863479614258,-9.09045600891113,"Unknown"
"7014852",371861,2025-10-23 14:37:09,43.1862869262695,-9.09074401855469,"Unknown"
"7014852",371861,2025-10-23 14:42:13,43.1850242614746,-9.09171867370605,"Unknown"
"7014852",371861,2025-10-23 14:47:13,43.184497833252,-9.09189510345459,"Unknown"
"7014852",371861,2025-10-23 14:52:05,43.1860313415527,-9.09133148193359,"Unknown"
"7014852",371861,2025-10-23 14:57:05,43.1859092712402,-9.0911169052124,"Unknown"
"7014852",371861,2025-10-23 15:02:05,43.1860237121582,-9.09113502502441,"Unknown"
"7014852",371861,2025-10-23 15:07:07,43.1858825683594,-9.09113025665283,"Unknown"
"7014852",371861,2025-10-23 15:12:05,43.1859550476074,-9.09108066558838,"Unknown"
"7014852",371861,2025-10-23 15:17:06,43.1858558654785,-9.09118175506592,"Unknown"
"7014852",371861,2025-10-23 15:22:08,43.1858444213867,-9.09112167358398,"Unknown"
"7014852",371861,2025-10-23 15:27:07,43.1861305236816,-9.09115886688232,"Unknown"
"7014852",371861,2025-10-23 15:32:07,43.1859245300293,-9.09119701385498,"Unknown"
"7014852",371861,2025-10-23 15:37:14,43.1860008239746,-9.09111595153809,"Unknown"
"7014852",371861,2025-10-23 15:42:35,43.1858558654785,-9.09109306335449,"Unknown"
"7014852",371861,2025-10-23 15:47:59,43.1869468688965,-9.09086227416992,"Unknown"
"7014852",371861,2025-10-23 15:52:05,43.1871528625488,-9.09090805053711,"Unknown"
"7014852",371861,2025-10-23 15:57:06,43.1872062683105,-9.0912504196167,"Unknown"
"7014852",371861,2025-10-23 16:02:06,43.1865119934082,-9.09089660644531,"Unknown"
"7014852",371861,2025-10-23 16:07:07,43.1870613098145,-9.09084701538086,"Unknown"
"7014852",371861,2025-10-23 16:12:04,43.1870231628418,-9.09082126617432,"Unknown"
"7014852",371861,2025-10-23 16:17:17,43.1868896484375,-9.09106159210205,"Unknown"
"7014852",371861,2025-10-23 16:22:06,43.1872978210449,-9.09070301055908,"Unknown"
"7014852",371861,2025-10-23 16:27:10,43.1871147155762,-9.09086799621582,"Unknown"
"7014852",371861,2025-10-23 16:32:14,43.186450958252,-9.09115982055664,"Unknown"
"7014852",371861,2025-10-23 16:37:13,43.1863708496094,-9.09108257293701,"Unknown"
"7014852",371861,2025-10-23 16:42:06,43.1962242126465,-9.05679321289062,"Unknown"
"7014852",371861,2025-10-23 16:47:11,43.1945838928223,-9.04091739654541,"Unknown"
"7014852",371861,2025-10-23 16:52:06,43.1942977905273,-9.04040241241455,"Unknown"
"7014852",371861,2025-10-23 16:57:06,43.1945686340332,-9.04085540771484,"Unknown"
"7014852",371861,2025-10-23 17:02:09,43.1946258544922,-9.04091262817383,"Unknown"
"7014852",371861,2025-10-23 17:07:06,43.1948738098145,-9.04078483581543,"Unknown"
"7014852",371861,2025-10-23 17:12:31,43.1948776245117,-9.04073238372803,"Unknown"
"7014852",371861,2025-10-23 17:17:07,43.1949882507324,-9.04065990447998,"Unknown"
"7014852",371861,2025-10-23 17:22:07,43.1947708129883,-9.04069519042969,"Unknown"
"7014852",371861,2025-10-23 17:27:05,43.1944541931152,-9.04089260101318,"Unknown"
"7014852",371861,2025-10-23 17:32:06,43.1945724487305,-9.0408878326416,"Unknown"
"7014852",371861,2025-10-23 17:37:06,43.1946220397949,-9.0409107208252,"Unknown"
"7014852",371861,2025-10-23 17:42:05,43.1956558227539,-9.04207515716553,"Unknown"
"7014852",371861,2025-10-23 17:47:05,43.2288589477539,-9.03000354766846,"Unknown"
"7014852",371861,2025-10-23 17:52:04,43.2626304626465,-9.00184535980225,"Unknown"
"7014852",371861,2025-10-23 17:57:04,43.2947883605957,-8.96887302398682,"Unknown"
"7014852",371861,2025-10-23 18:02:05,43.3152351379395,-8.92936611175537,"Unknown"
"7014852",371861,2025-10-23 18:07:05,43.3364677429199,-8.88359260559082,"Unknown"
"7014852",371861,2025-10-23 18:12:05,43.3488006591797,-8.83383274078369,"Unknown"
"7014852",371861,2025-10-23 18:17:54,43.3502235412598,-8.77656364440918,"Unknown"
"7014852",371861,2025-10-23 23:17:55,43.3602867126465,-8.4028377532959,"Unknown"
"7014852",371861,2025-10-24 04:17:56,43.360294342041,-8.40286350250244,"Unknown"
"7014852",371861,2025-10-24 07:05:05,43.3355979919434,-8.4210729598999,"Unknown"
"7014852",371861,2025-10-24 07:09:36,43.3353652954102,-8.42154693603516,"Unknown"
"7014852",371861,2025-10-24 07:14:36,43.3350105285645,-8.42126083374023,"Unknown"
"7014852",371861,2025-10-24 07:19:33,43.3345985412598,-8.42788219451904,"Unknown"
"7014852",371861,2025-10-24 07:24:37,43.3341751098633,-8.42769145965576,"Unknown"
"7014852",371861,2025-10-24 07:29:34,43.3342208862305,-8.42771148681641,"Unknown"
"7014852",371861,2025-10-24 07:34:36,43.334285736084,-8.42790031433105,"Unknown"
"7014852",371861,2025-10-24 07:39:33,43.334415435791,-8.42786407470703,"Unknown"
"7014852",371861,2025-10-24 07:44:38,43.3327903747559,-8.42871952056885,"Unknown"
"7014852",371861,2025-10-24 07:49:39,43.3326263427734,-8.42847537994385,"Unknown"
"7014852",371861,2025-10-24 07:54:37,43.33251953125,-8.42870140075684,"Unknown"
"7014852",371861,2025-10-24 07:59:37,43.3326644897461,-8.42874431610107,"Unknown"
"7014852",371861,2025-10-24 08:04:37,43.333065032959,-8.42913246154785,"Unknown"
"7014852",371861,2025-10-24 08:09:35,43.3467216491699,-8.42644119262695,"Unknown"
"7014852",371861,2025-10-24 08:14:38,43.3496170043945,-8.4275016784668,"Unknown"
"7014852",371861,2025-10-24 08:19:37,43.3498878479004,-8.42726802825928,"Unknown"
"7014852",371861,2025-10-24 08:24:40,43.3496322631836,-8.42733764648438,"Unknown"
"7014852",371861,2025-10-24 08:29:39,43.3497543334961,-8.42727088928223,"Unknown"
"7014852",371861,2025-10-24 08:34:37,43.3497734069824,-8.42723751068115,"Unknown"
"7014852",371861,2025-10-24 08:39:36,43.3498497009277,-8.42736434936523,"Unknown"
"7014852",371861,2025-10-24 08:44:38,43.3496932983398,-8.42741203308105,"Unknown"
"7014852",371861,2025-10-24 08:49:37,43.3496589660645,-8.42732429504395,"Unknown"
"7014852",371861,2025-10-24 08:54:36,43.3497161865234,-8.42736911773682,"Unknown"
"7014852",371861,2025-10-24 08:59:38,43.3497123718262,-8.42750453948975,"Unknown"
"7014852",371861,2025-10-24 09:04:37,43.3496932983398,-8.42742824554443,"Unknown"
"7014852",371861,2025-10-24 09:09:38,43.3497581481934,-8.42747211456299,"Unknown"
"7014852",371861,2025-10-24 09:14:37,43.3497505187988,-8.42748355865479,"Unknown"
"7014852",371861,2025-10-24 09:19:34,43.3497734069824,-8.42747497558594,"Unknown"
"7014852",371861,2025-10-24 09:24:34,43.349853515625,-8.42745113372803,"Unknown"
"7014852",371861,2025-10-24 09:29:33,43.3527183532715,-8.44480037689209,"Unknown"
"7014852",371861,2025-10-24 09:34:39,43.3541374206543,-8.45787334442139,"Unknown"
"7014852",371861,2025-10-24 09:39:39,43.3546676635742,-8.45848655700684,"Unknown"
"7014852",371861,2025-10-24 09:44:39,43.3541641235352,-8.45834541320801,"Unknown"
"7014852",371861,2025-10-24 09:50:05,43.3539733886719,-8.4588041305542,"Unknown"
"7014852",371861,2025-10-24 09:54:45,43.3539237976074,-8.45823955535889,"Unknown"
"7014852",371861,2025-10-24 09:59:52,43.3541946411133,-8.45833778381348,"Unknown"
"7014852",371861,2025-10-24 10:04:39,43.3540420532227,-8.45840549468994,"Unknown"
"7014852",371861,2025-10-24 10:09:33,43.3537063598633,-8.45805835723877,"Unknown"
"7014852",371861,2025-10-24 10:14:39,43.3559379577637,-8.45835971832275,"Unknown"
"7014852",371861,2025-10-24 10:19:34,43.355884552002,-8.45830535888672,"Unknown"
"7014852",371861,2025-10-24 10:24:34,43.3562393188477,-8.45845031738281,"Unknown"
"7014852",371861,2025-10-24 10:29:33,43.3558959960938,-8.45829486846924,"Unknown"
"7014852",371861,2025-10-24 10:34:33,43.3559226989746,-8.45834255218506,"Unknown"
"7014852",371861,2025-10-24 10:39:33,43.3558959960938,-8.45842361450195,"Unknown"
"7014852",371861,2025-10-24 10:44:33,43.3559303283691,-8.45826816558838,"Unknown"
"7014852",371861,2025-10-24 10:49:38,43.3540077209473,-8.45832252502441,"Unknown"
"7014852",371861,2025-10-24 10:54:48,43.3539581298828,-8.45880508422852,"Unknown"
"7014852",371861,2025-10-24 11:09:33,43.34765625,-8.45068454742432,"Unknown"
"7014852",371861,2025-10-24 11:14:33,43.3402252197266,-8.45430755615234,"Unknown"
"7014852",371861,2025-10-24 11:19:34,43.3405227661133,-8.45487308502197,"Unknown"
"7014852",371861,2025-10-24 11:24:33,43.3418197631836,-8.45248508453369,"Unknown"
"7014852",371861,2025-10-24 11:29:33,43.3468017578125,-8.44020843505859,"Unknown"
"7014852",371861,2025-10-24 11:34:33,43.353271484375,-8.42528820037842,"Unknown"
"7014852",371861,2025-10-24 11:39:33,43.3539428710938,-8.42506694793701,"Unknown"
"7014852",371861,2025-10-24 11:44:33,43.3539772033691,-8.42503833770752,"Unknown"
"7014852",371861,2025-10-24 11:49:33,43.3539047241211,-8.4251184463501,"Unknown"
"7014852",371861,2025-10-24 11:54:34,43.3536071777344,-8.42537593841553,"Unknown"
"7014852",371861,2025-10-24 11:59:34,43.3535461425781,-8.42538738250732,"Unknown"
"7014852",371861,2025-10-24 12:04:33,43.3534698486328,-8.42525005340576,"Unknown"
"7014852",371861,2025-10-24 12:09:34,43.3536720275879,-8.4249906539917,"Unknown"
"7014852",371861,2025-10-24 12:14:33,43.3538093566895,-8.42523670196533,"Unknown"
"7014852",371861,2025-10-24 12:19:33,43.353572845459,-8.42524909973145,"Unknown"
"7014852",371861,2025-10-24 12:24:34,43.3532066345215,-8.42519664764404,"Unknown"
"7014852",371861,2025-10-24 12:29:33,43.3510131835938,-8.42917728424072,"Unknown"
"7014852",371861,2025-10-24 12:34:34,43.3533172607422,-8.42523670196533,"Unknown"
"7014852",371861,2025-10-24 12:39:35,43.3528175354004,-8.42491817474365,"Unknown"
"7014852",371861,2025-10-24 12:44:36,43.3522872924805,-8.42490291595459,"Unknown"
"7014852",371861,2025-10-24 12:49:34,43.3528327941895,-8.42492198944092,"Unknown"
"7014852",371861,2025-10-24 12:54:40,43.3533058166504,-8.4252872467041,"Unknown"
"7014852",371861,2025-10-24 12:59:34,43.3531837463379,-8.42278289794922,"Unknown"
"7014852",371861,2025-10-24 13:04:34,43.3526763916016,-8.42473411560059,"Unknown"
"7014852",371861,2025-10-24 13:09:33,43.3536109924316,-8.42473793029785,"Unknown"
"7014852",371861,2025-10-24 13:14:33,43.3533477783203,-8.42489910125732,"Unknown"
"7014852",371861,2025-10-24 13:19:33,43.3534660339355,-8.42489814758301,"Unknown"
"7014852",371861,2025-10-24 13:24:33,43.353157043457,-8.42503070831299,"Unknown"
"7014852",371861,2025-10-24 13:29:33,43.3533172607422,-8.42502593994141,"Unknown"
"7014852",371861,2025-10-24 13:34:33,43.3533134460449,-8.42504215240479,"Unknown"
"7014852",371861,2025-10-24 13:39:33,43.3533706665039,-8.42505836486816,"Unknown"
"7014852",371861,2025-10-24 13:44:33,43.3533058166504,-8.4250431060791,"Unknown"
"7014852",371861,2025-10-24 13:49:33,43.3532447814941,-8.42500782012939,"Unknown"
"7014852",371861,2025-10-24 13:54:33,43.3532638549805,-8.42505073547363,"Unknown"
"7014852",371861,2025-10-24 13:59:33,43.3531684875488,-8.42509269714355,"Unknown"
"7014852",371861,2025-10-24 14:04:33,43.3534278869629,-8.42505645751953,"Unknown"
"7014852",371861,2025-10-24 14:09:33,43.3531951904297,-8.42501831054688,"Unknown"
"7014852",371861,2025-10-24 14:14:33,43.3533401489258,-8.42508602142334,"Unknown"
"7014852",371861,2025-10-24 14:19:33,43.3532257080078,-8.42503833770752,"Unknown"
"7014852",371861,2025-10-24 14:24:33,43.3533210754395,-8.42508888244629,"Unknown"
"7014852",371861,2025-10-24 14:29:33,43.3533058166504,-8.42498970031738,"Unknown"
"7014852",371861,2025-10-24 14:34:33,43.3532524108887,-8.42504024505615,"Unknown"
"7014852",371861,2025-10-24 14:39:33,43.3533554077148,-8.42303466796875,"Unknown"
"7014852",371861,2025-10-24 14:44:33,43.3532104492188,-8.42304134368896,"Unknown"
"7014852",371861,2025-10-24 14:49:33,43.3533020019531,-8.42315006256104,"Unknown"
"7014852",371861,2025-10-24 14:54:33,43.3534240722656,-8.42331504821777,"Unknown"
"7014852",371861,2025-10-24 14:59:33,43.3534355163574,-8.42332077026367,"Unknown"
"7014852",371861,2025-10-24 15:04:33,43.3532524108887,-8.42308044433594,"Unknown"
"7014852",371861,2025-10-24 15:09:33,43.3534240722656,-8.42332077026367,"Unknown"
"7014852",371861,2025-10-24 15:14:34,43.3534393310547,-8.4232234954834,"Unknown"
"7014852",371861,2025-10-24 15:19:33,43.3532676696777,-8.42306137084961,"Unknown"
"7014852",371861,2025-10-24 15:24:33,43.3532981872559,-8.42306232452393,"Unknown"
"7014852",371861,2025-10-24 15:29:33,43.3533058166504,-8.42306137084961,"Unknown"
"7014852",371861,2025-10-24 15:34:33,43.3532485961914,-8.42301273345947,"Unknown"
"7014852",371861,2025-10-24 15:39:33,43.3532600402832,-8.42302513122559,"Unknown"
"7014852",371861,2025-10-24 15:44:33,43.3532562255859,-8.42295074462891,"Unknown"
"7014852",371861,2025-10-24 15:49:33,43.3529891967773,-8.42209911346436,"Unknown"
"7014852",371861,2025-10-24 15:54:34,43.3532752990723,-8.42324829101562,"Unknown"
"7014852",371861,2025-10-24 15:59:33,43.3534317016602,-8.42319297790527,"Unknown"
"7014852",371861,2025-10-24 16:04:34,43.3533706665039,-8.42307090759277,"Unknown"
"7014852",371861,2025-10-24 16:09:33,43.3590698242188,-8.40013694763184,"Unknown"
"7014852",371861,2025-10-24 16:14:36,43.3590469360352,-8.40004253387451,"Unknown"
"7014852",371861,2025-10-24 16:19:37,43.3590393066406,-8.40005588531494,"Unknown"
"7014852",371861,2025-10-24 16:24:34,43.3590431213379,-8.40001964569092,"Unknown"
"7014852",371861,2025-10-24 16:29:36,43.3589477539062,-8.4000186920166,"Unknown"
"7014852",371861,2025-10-24 16:34:36,43.359016418457,-8.40003871917725,"Unknown"
"7014852",371861,2025-10-24 16:39:34,43.3591423034668,-8.40008163452148,"Unknown"
"7014852",371861,2025-10-24 16:44:36,43.3590126037598,-8.39999771118164,"Unknown"
"7014852",371861,2025-10-24 16:49:34,43.3591117858887,-8.39999294281006,"Unknown"
"7014852",371861,2025-10-24 16:54:33,43.3590431213379,-8.40018749237061,"Unknown"
"7014852",371861,2025-10-24 16:59:33,43.3589897155762,-8.40010643005371,"Unknown"
"7014852",371861,2025-10-24 17:04:35,43.3587913513184,-8.40024185180664,"Unknown"
"7014852",371861,2025-10-24 17:09:33,43.3588523864746,-8.40015602111816,"Unknown"
"7014852",371861,2025-10-24 17:14:33,43.3589553833008,-8.40006637573242,"Unknown"
"7014852",371861,2025-10-24 17:19:36,43.3591423034668,-8.40010070800781,"Unknown"
"7014852",371861,2025-10-24 17:24:33,43.3591270446777,-8.40013027191162,"Unknown"
"7014852",371861,2025-10-24 17:29:33,43.3589820861816,-8.40012073516846,"Unknown"
"7014852",371861,2025-10-24 17:34:33,43.3590278625488,-8.40006637573242,"Unknown"
"7014852",371861,2025-10-24 17:39:33,43.3590888977051,-8.40014362335205,"Unknown"
"7014852",371861,2025-10-24 17:44:33,43.3590927124023,-8.40020561218262,"Unknown"
"7014852",371861,2025-10-24 17:49:33,43.3591384887695,-8.40020942687988,"Unknown"
"7014852",371861,2025-10-24 17:54:33,43.3591842651367,-8.40029716491699,"Unknown"
"7014852",371861,2025-10-24 17:59:36,43.3591804504395,-8.40027236938477,"Unknown"
"7014852",371861,2025-10-24 18:04:34,43.3592338562012,-8.40030670166016,"Unknown"
"7014852",371861,2025-10-24 18:09:37,43.3592414855957,-8.40039825439453,"Unknown"
"7014852",371861,2025-10-24 18:14:43,43.3592376708984,-8.4001932144165,"Unknown"
"7014852",371861,2025-10-24 23:15:05,43.359245300293,-8.40016460418701,"Unknown"
"7014852",371861,2025-10-25 04:15:05,43.3603935241699,-8.40303421020508,"Unknown"
"7014852",371861,2025-10-25 07:04:15,43.3381614685059,-8.4132194519043,"Unknown"
"7014852",371861,2025-10-25 07:09:19,43.3363304138184,-8.42181777954102,"Unknown"
"7014852",371861,2025-10-25 07:14:25,43.3357276916504,-8.42161083221436,"Unknown"
"7014852",371861,2025-10-25 07:19:35,43.3356056213379,-8.4213695526123,"Unknown"
"7014852",371861,2025-10-25 07:24:15,43.3355827331543,-8.42136764526367,"Unknown"
"7014852",371861,2025-10-25 07:29:14,43.3347663879395,-8.40858268737793,"Unknown"
"7014852",371861,2025-10-25 07:34:13,43.338924407959,-8.40933418273926,"Unknown"
"7014852",371861,2025-10-25 07:39:14,43.338924407959,-8.40973281860352,"Unknown"
"7014852",371861,2025-10-25 07:44:14,43.3388633728027,-8.40959930419922,"Unknown"
"7014852",371861,2025-10-25 07:49:14,43.3388862609863,-8.40974617004395,"Unknown"
"7014852",371861,2025-10-25 07:54:14,43.3388595581055,-8.40954113006592,"Unknown"
"7014852",371861,2025-10-25 07:59:14,43.3389358520508,-8.40961074829102,"Unknown"
"7014852",371861,2025-10-25 08:04:14,43.3388519287109,-8.40958309173584,"Unknown"
"7014852",371861,2025-10-25 08:09:15,43.3389282226562,-8.40967750549316,"Unknown"
"7014852",371861,2025-10-25 08:14:15,43.3387336730957,-8.40974712371826,"Unknown"
"7014852",371861,2025-10-25 08:19:14,43.3388442993164,-8.40961074829102,"Unknown"
"7014852",371861,2025-10-25 08:24:13,43.3388710021973,-8.40958786010742,"Unknown"
"7014852",371861,2025-10-25 08:29:14,43.3389091491699,-8.40951061248779,"Unknown"
"7014852",371861,2025-10-25 08:34:15,43.3387107849121,-8.40942287445068,"Unknown"
"7014852",371861,2025-10-25 08:39:21,43.3390121459961,-8.4093017578125,"Unknown"
"7014852",371861,2025-10-25 08:44:15,43.3388671875,-8.40950393676758,"Unknown"
"7014852",371861,2025-10-25 08:49:14,43.3387489318848,-8.40957832336426,"Unknown"
"7014852",371861,2025-10-25 08:54:15,43.3390426635742,-8.40963649749756,"Unknown"
"7014852",371861,2025-10-25 08:59:14,43.3506851196289,-8.42343997955322,"Unknown"
"7014852",371861,2025-10-25 09:04:22,43.3532638549805,-8.42504978179932,"Unknown"
"7014852",371861,2025-10-25 09:09:14,43.3533592224121,-8.42549800872803,"Unknown"
"7014852",371861,2025-10-25 09:14:19,43.3534126281738,-8.42560768127441,"Unknown"
"7014852",371861,2025-10-25 09:19:17,43.3537826538086,-8.42622089385986,"Unknown"
"7014852",371861,2025-10-25 09:24:14,43.3538208007812,-8.42604064941406,"Unknown"
"7014852",371861,2025-10-25 09:29:14,43.3536186218262,-8.42580318450928,"Unknown"
"7014852",371861,2025-10-25 09:34:35,43.3532600402832,-8.4254150390625,"Unknown"
"7014852",371861,2025-10-25 09:39:15,43.3532829284668,-8.42522525787354,"Unknown"
"7014852",371861,2025-10-25 09:44:14,43.3533363342285,-8.42529296875,"Unknown"
"7014852",371861,2025-10-25 09:49:14,43.3537139892578,-8.42554187774658,"Unknown"
"7014852",371861,2025-10-25 09:54:17,43.3539733886719,-8.4244966506958,"Unknown"
"7014852",371861,2025-10-25 09:59:15,43.3538780212402,-8.42569255828857,"Unknown"
"7014852",371861,2025-10-25 10:04:15,43.3536643981934,-8.42557430267334,"Unknown"
"7014852",371861,2025-10-25 10:09:13,43.3537292480469,-8.42549228668213,"Unknown"
"7014852",371861,2025-10-25 10:14:17,43.3536109924316,-8.42543315887451,"Unknown"
"7014852",371861,2025-10-25 10:19:14,43.3538208007812,-8.4256010055542,"Unknown"
"7014852",371861,2025-10-25 10:24:16,43.3533706665039,-8.42488861083984,"Unknown"
"7014852",371861,2025-10-25 10:29:15,43.3538246154785,-8.42570781707764,"Unknown"
"7014852",371861,2025-10-25 10:34:16,43.3536338806152,-8.42558193206787,"Unknown"
"7014852",371861,2025-10-25 10:39:16,43.353572845459,-8.42538642883301,"Unknown"
"7014852",371861,2025-10-25 10:44:22,43.3536071777344,-8.42542743682861,"Unknown"
"7014852",371861,2025-10-25 10:49:14,43.3535308837891,-8.42515754699707,"Unknown"
"7014852",371861,2025-10-25 10:54:19,43.3535766601562,-8.42531967163086,"Unknown"
"7014852",371861,2025-10-25 10:59:17,43.3534965515137,-8.42542171478271,"Unknown"
"7014852",371861,2025-10-25 11:04:16,43.3535766601562,-8.42548179626465,"Unknown"
"7014852",371861,2025-10-25 11:09:15,43.3535079956055,-8.42529487609863,"Unknown"
"7014852",371861,2025-10-25 11:14:21,43.353702545166,-8.42479991912842,"Unknown"
"7014852",371861,2025-10-25 11:19:30,43.3536720275879,-8.42482280731201,"Unknown"
"7014852",371861,2025-10-25 11:24:16,43.3534889221191,-8.42509460449219,"Unknown"
"7014852",371861,2025-10-25 11:29:15,43.3535652160645,-8.42522525787354,"Unknown"
"7014852",371861,2025-10-25 11:34:18,43.3536148071289,-8.42557525634766,"Unknown"
"7014852",371861,2025-10-25 11:39:16,43.3535079956055,-8.42543315887451,"Unknown"
"7014852",371861,2025-10-25 11:44:22,43.3532524108887,-8.42509078979492,"Unknown"
"7014852",371861,2025-10-25 11:49:18,43.3533554077148,-8.4255313873291,"Unknown"
"7014852",371861,2025-10-25 11:54:16,43.3533821105957,-8.42547798156738,"Unknown"
"7014852",371861,2025-10-25 11:59:17,43.3535614013672,-8.42560291290283,"Unknown"
"7014852",371861,2025-10-25 12:04:15,43.3534507751465,-8.42558670043945,"Unknown"
"7014852",371861,2025-10-25 12:09:17,43.3532943725586,-8.42541885375977,"Unknown"
"7014852",371861,2025-10-25 12:14:14,43.3534049987793,-8.42558860778809,"Unknown"
"7014852",371861,2025-10-25 12:19:19,43.3531188964844,-8.42560195922852,"Unknown"
"7014852",371861,2025-10-25 12:24:24,43.3526840209961,-8.42381191253662,"Unknown"
"7014852",371861,2025-10-25 12:29:22,43.3531799316406,-8.42305278778076,"Unknown"
"7014852",371861,2025-10-25 12:34:24,43.353687286377,-8.42377471923828,"Unknown"
"7014852",371861,2025-10-25 12:39:24,43.353630065918,-8.42361354827881,"Unknown"
"7014852",371861,2025-10-25 12:44:19,43.3536949157715,-8.42358589172363,"Unknown"
"7014852",371861,2025-10-25 12:49:19,43.353084564209,-8.42402267456055,"Unknown"
"7014852",371861,2025-10-25 12:54:15,43.3535118103027,-8.42417812347412,"Unknown"
"7014852",371861,2025-10-25 12:59:16,43.3536376953125,-8.423996925354,"Unknown"
"7014852",371861,2025-10-25 13:04:35,43.3534126281738,-8.42414474487305,"Unknown"
"7014852",371861,2025-10-25 13:09:14,43.3534126281738,-8.42405223846436,"Unknown"
"7014852",371861,2025-10-25 13:14:13,43.3533668518066,-8.42403888702393,"Unknown"
"7014852",371861,2025-10-25 13:19:14,43.3534088134766,-8.42408084869385,"Unknown"
"7014852",371861,2025-10-25 13:24:14,43.3533477783203,-8.42399787902832,"Unknown"
"7014852",371861,2025-10-25 13:29:14,43.3533782958984,-8.42395782470703,"Unknown"
"7014852",371861,2025-10-25 13:34:14,43.3533706665039,-8.42400360107422,"Unknown"
"7014852",371861,2025-10-25 13:39:14,43.3533897399902,-8.42398357391357,"Unknown"
"7014852",371861,2025-10-25 13:44:14,43.3533401489258,-8.42393684387207,"Unknown"
"7014852",371861,2025-10-25 13:49:14,43.3533477783203,-8.42391395568848,"Unknown"
"7014852",371861,2025-10-25 13:54:14,43.3533668518066,-8.42392539978027,"Unknown"
"7014852",371861,2025-10-25 13:59:14,43.3533210754395,-8.42398548126221,"Unknown"
"7014852",371861,2025-10-25 14:04:14,43.3533172607422,-8.4240198135376,"Unknown"
"7014852",371861,2025-10-25 14:09:14,43.3533134460449,-8.42397594451904,"Unknown"
"7014852",371861,2025-10-25 14:14:14,43.3532981872559,-8.42399597167969,"Unknown"
"7014852",371861,2025-10-25 14:19:14,43.3533248901367,-8.42397499084473,"Unknown"
"7014852",371861,2025-10-25 14:24:14,43.3533134460449,-8.42400455474854,"Unknown"
"7014852",371861,2025-10-25 14:29:14,43.3532981872559,-8.42385196685791,"Unknown"
"7014852",371861,2025-10-25 14:34:14,43.353271484375,-8.42395877838135,"Unknown"
"7014852",371861,2025-10-25 14:39:14,43.3532943725586,-8.4239559173584,"Unknown"
"7014852",371861,2025-10-25 14:44:14,43.3532943725586,-8.42383193969727,"Unknown"
"7014852",371861,2025-10-25 14:49:14,43.3532104492188,-8.42389488220215,"Unknown"
"7014852",371861,2025-10-25 14:54:15,43.353328704834,-8.42398262023926,"Unknown"
"7014852",371861,2025-10-25 14:59:14,43.3501205444336,-8.41773128509521,"Unknown"
"7014852",371861,2025-10-25 15:04:15,43.3459854125977,-8.410325050354,"Unknown"
"7014852",371861,2025-10-25 15:09:15,43.3460350036621,-8.41019630432129,"Unknown"
"7014852",371861,2025-10-25 15:14:15,43.3461952209473,-8.41032218933105,"Unknown"
"7014852",371861,2025-10-25 15:19:15,43.3459930419922,-8.41021347045898,"Unknown"
"7014852",371861,2025-10-25 15:24:14,43.346134185791,-8.41031742095947,"Unknown"
"7014852",371861,2025-10-25 15:29:14,43.3461036682129,-8.41038131713867,"Unknown"
"7014852",371861,2025-10-25 15:34:14,43.346019744873,-8.41043376922607,"Unknown"
"7014852",371861,2025-10-25 15:39:14,43.3460731506348,-8.41022872924805,"Unknown"
"7014852",371861,2025-10-25 15:44:14,43.3460922241211,-8.41022968292236,"Unknown"
"7014852",371861,2025-10-25 15:49:14,43.3459243774414,-8.4102087020874,"Unknown"
"7014852",371861,2025-10-25 15:54:14,43.3460159301758,-8.41024398803711,"Unknown"
"7014852",371861,2025-10-25 15:59:15,43.3459930419922,-8.41042900085449,"Unknown"
"7014852",371861,2025-10-25 16:04:16,43.3454055786133,-8.41033840179443,"Unknown"
"7014852",371861,2025-10-25 16:09:17,43.3458480834961,-8.41030025482178,"Unknown"
"7014852",371861,2025-10-25 16:14:16,43.3457183837891,-8.41038513183594,"Unknown"
"7014852",371861,2025-10-25 16:19:35,43.3460998535156,-8.41035270690918,"Unknown"
"7014852",371861,2025-10-25 16:24:15,43.3459510803223,-8.41033458709717,"Unknown"
"7014852",371861,2025-10-25 16:29:15,43.3459320068359,-8.41032123565674,"Unknown"
"7014852",371861,2025-10-25 16:34:14,43.3460121154785,-8.41031265258789,"Unknown"
"7014852",371861,2025-10-25 16:39:14,43.3460159301758,-8.4102668762207,"Unknown"
"7014852",371861,2025-10-25 16:44:15,43.3460464477539,-8.41035938262939,"Unknown"
"7014852",371861,2025-10-25 16:49:20,43.3412704467773,-8.40570831298828,"Unknown"
"7014852",371861,2025-10-25 16:54:15,43.3418884277344,-8.40571689605713,"Unknown"
"7014852",371861,2025-10-25 16:59:17,43.3420944213867,-8.40609073638916,"Unknown"
"7014852",371861,2025-10-25 17:04:16,43.342357635498,-8.40552043914795,"Unknown"
"7014852",371861,2025-10-25 17:09:16,43.3425369262695,-8.40599250793457,"Unknown"
"7014852",371861,2025-10-25 17:14:14,43.3429145812988,-8.40624809265137,"Unknown"
"7014852",371861,2025-10-25 17:19:18,43.342700958252,-8.40601348876953,"Unknown"
"7014852",371861,2025-10-25 17:24:17,43.3428382873535,-8.405837059021,"Unknown"
"7014852",371861,2025-10-25 17:29:14,43.3548774719238,-8.39988231658936,"Unknown"
"7014852",371861,2025-10-25 17:34:15,43.3591384887695,-8.39977359771729,"Unknown"
"7014852",371861,2025-10-25 17:39:14,43.3590660095215,-8.39963531494141,"Unknown"
"7014852",371861,2025-10-25 17:44:14,43.3591194152832,-8.39989471435547,"Unknown"
"7014852",371861,2025-10-25 17:49:14,43.3591270446777,-8.39987373352051,"Unknown"
"7014852",371861,2025-10-25 17:54:17,43.3589630126953,-8.39973926544189,"Unknown"
"7014852",371861,2025-10-25 17:59:16,43.3591079711914,-8.39970970153809,"Unknown"
"7014852",371861,2025-10-25 18:04:23,43.3591117858887,-8.39986038208008,"Unknown"
"7014852",371861,2025-10-25 18:09:17,43.359130859375,-8.3998556137085,"Unknown"
"7014852",371861,2025-10-25 18:13:26,43.3592338562012,-8.39997100830078,"Unknown"
"7014852",371861,2025-10-25 23:13:19,43.3591690063477,-8.39800834655762,"Unknown"
"7014852",371861,2025-10-26 04:13:16,43.3601188659668,-8.39981174468994,"Unknown"
"7014852",371861,2025-10-26 07:05:27,43.3329124450684,-8.42951488494873,"Unknown"
"7014852",371861,2025-10-26 07:10:31,43.3371200561523,-8.42196273803711,"Unknown"
"7014852",371861,2025-10-26 07:15:36,43.3463935852051,-8.43617725372314,"Unknown"
"7014852",371861,2025-10-26 07:20:25,43.354793548584,-8.4581470489502,"Unknown"
"7014852",371861,2025-10-26 07:25:26,43.3602714538574,-8.50263977050781,"Unknown"
"7014852",371861,2025-10-26 07:30:26,43.3576736450195,-8.5490608215332,"Unknown"
"7014852",371861,2025-10-26 07:35:25,43.3510856628418,-8.60084056854248,"Unknown"
"7014852",371861,2025-10-26 07:41:05,43.3450126647949,-8.64115619659424,"Unknown"
"7014852",371861,2025-10-26 07:45:28,43.3382339477539,-8.68588066101074,"Unknown"
"7014852",371861,2025-10-26 07:50:25,43.3329963684082,-8.74795150756836,"Unknown"
"7014852",371861,2025-10-26 07:55:34,43.3248710632324,-8.80675411224365,"Unknown"
"7014852",371861,2025-10-26 08:00:25,43.3379440307617,-8.82859230041504,"Unknown"
"7014852",371861,2025-10-26 08:05:44,43.3362884521484,-8.83468532562256,"Unknown"
"7014852",371861,2025-10-26 08:10:27,43.3269004821777,-8.89304828643799,"Unknown"
"7014852",371861,2025-10-26 08:15:26,43.3086013793945,-8.95083236694336,"Unknown"
"7014852",371861,2025-10-26 08:20:26,43.283519744873,-8.98811531066895,"Unknown"
"7014852",371861,2025-10-26 08:25:25,43.2477989196777,-9.03268718719482,"Unknown"
"7014852",371861,2025-10-26 08:30:25,43.2202339172363,-9.07105255126953,"Unknown"
"7014852",371861,2025-10-26 08:35:25,43.1999130249023,-9.08881187438965,"Unknown"
"7014852",371861,2025-10-26 08:40:29,43.1848335266113,-9.09200096130371,"Unknown"
"7014852",371861,2025-10-26 08:45:25,43.1853218078613,-9.09303283691406,"Unknown"
"7014852",371861,2025-10-26 08:50:25,43.1869277954102,-9.09043502807617,"Unknown"
"7014852",371861,2025-10-26 08:55:30,43.1868934631348,-9.09075260162354,"Unknown"
"7014852",371861,2025-10-26 09:00:25,43.1839942932129,-9.09236240386963,"Unknown"
"7014852",371861,2025-10-26 09:05:28,43.1849250793457,-9.09206771850586,"Unknown"
"7014852",371861,2025-10-26 09:10:31,43.1845703125,-9.09183979034424,"Unknown"
"7014852",371861,2025-10-26 09:16:36,43.1870994567871,-9.09057903289795,"Unknown"
"7014852",371861,2025-10-26 09:20:25,43.1854438781738,-9.09134197235107,"Unknown"
"7014852",371861,2025-10-26 09:25:31,43.1836967468262,-9.0929536819458,"Unknown"
"7014852",371861,2025-10-26 09:30:30,43.1835784912109,-9.09274864196777,"Unknown"
"7014852",371861,2025-10-26 09:35:28,43.183708190918,-9.09289169311523,"Unknown"
"7014852",371861,2025-10-26 09:40:25,43.1809921264648,-9.09097290039062,"Unknown"
"7014852",371861,2025-10-26 09:45:26,43.181037902832,-9.09100723266602,"Unknown"
"7014852",371861,2025-10-26 09:50:25,43.1810760498047,-9.09096908569336,"Unknown"
"7014852",371861,2025-10-26 09:55:59,43.1810455322266,-9.09097099304199,"Unknown"
"7014852",371861,2025-10-26 10:00:24,43.1810493469238,-9.09098815917969,"Unknown"
"7014852",371861,2025-10-26 10:05:25,43.1813888549805,-9.09156894683838,"Unknown"
"7014852",371861,2025-10-26 10:10:25,43.1811790466309,-9.09117221832275,"Unknown"
"7014852",371861,2025-10-26 10:15:24,43.180908203125,-9.09083366394043,"Unknown"
"7014852",371861,2025-10-26 10:20:25,43.1810302734375,-9.0909595489502,"Unknown"
"7014852",371861,2025-10-26 10:25:27,43.1809768676758,-9.09080028533936,"Unknown"
"7014852",371861,2025-10-26 10:30:27,43.1811370849609,-9.09097385406494,"Unknown"
"7014852",371861,2025-10-26 10:35:26,43.181209564209,-9.09115982055664,"Unknown"
"7014852",371861,2025-10-26 10:40:28,43.1810188293457,-9.09071826934814,"Unknown"
"7014852",371861,2025-10-26 10:45:42,43.1812133789062,-9.09070777893066,"Unknown"
"7014852",371861,2025-10-26 10:50:25,43.1830253601074,-9.09212112426758,"Unknown"
"7014852",371861,2025-10-26 10:55:28,43.1870193481445,-9.08976364135742,"Unknown"
"7014852",371861,2025-10-26 11:00:28,43.1809272766113,-9.09046745300293,"Unknown"
"7014852",371861,2025-10-26 11:05:29,43.1810646057129,-9.0909252166748,"Unknown"
"7014852",371861,2025-10-26 11:10:30,43.1808547973633,-9.09042835235596,"Unknown"
"7014852",371861,2025-10-26 11:15:29,43.1808815002441,-9.09055423736572,"Unknown"
"7014852",371861,2025-10-26 11:20:35,43.1810493469238,-9.09112548828125,"Unknown"
"7014852",371861,2025-10-26 11:25:35,43.1855430603027,-9.09081172943115,"Unknown"
"7014852",371861,2025-10-26 11:30:34,43.1850738525391,-9.0914134979248,"Unknown"
"7014852",371861,2025-10-26 11:35:37,43.1856384277344,-9.09162425994873,"Unknown"
"7014852",371861,2025-10-26 11:40:41,43.1855964660645,-9.09107971191406,"Unknown"
"7014852",371861,2025-10-26 11:45:34,43.1848182678223,-9.09134483337402,"Unknown"
"7014852",371861,2025-10-26 11:50:31,43.1816329956055,-9.09141063690186,"Unknown"
"7014852",371861,2025-10-26 11:55:34,43.1852531433105,-9.09301376342773,"Unknown"
"7014852",371861,2025-10-26 12:01:22,43.182186126709,-9.09116363525391,"Unknown"
"7014852",371861,2025-10-26 12:05:36,43.1847305297852,-9.09106636047363,"Unknown"
"7014852",371861,2025-10-26 12:11:14,43.1813201904297,-9.09136581420898,"Unknown"
"7014852",371861,2025-10-26 12:15:27,43.184642791748,-9.09170532226562,"Unknown"
"7014852",371861,2025-10-26 12:20:36,43.1848182678223,-9.09152984619141,"Unknown"
"7014852",371861,2025-10-26 12:25:24,43.1842613220215,-9.09103488922119,"Unknown"
"7014852",371861,2025-10-26 12:30:27,43.1853675842285,-9.09126377105713,"Unknown"
"7014852",371861,2025-10-26 12:35:26,43.1809387207031,-9.09124660491943,"Unknown"
"7014852",371861,2025-10-26 12:40:28,43.1812782287598,-9.09102630615234,"Unknown"
"7014852",371861,2025-10-26 12:45:30,43.186767578125,-9.09034729003906,"Unknown"
"7014852",371861,2025-10-26 12:51:11,43.1837615966797,-9.09218597412109,"Unknown"
"7014852",371861,2025-10-26 12:55:29,43.1837844848633,-9.09282398223877,"Unknown"
"7014852",371861,2025-10-26 13:00:29,43.1849632263184,-9.09160900115967,"Unknown"
"7014852",371861,2025-10-26 13:05:37,43.1853866577148,-9.09089088439941,"Unknown"
"7014852",371861,2025-10-26 13:10:32,43.1811943054199,-9.09105014801025,"Unknown"
"7014852",371861,2025-10-26 13:16:05,43.1855239868164,-9.09174728393555,"Unknown"
"7014852",371861,2025-10-26 13:20:24,43.1871604919434,-9.09073543548584,"Unknown"
"7014852",371861,2025-10-26 13:25:27,43.186466217041,-9.09143543243408,"Unknown"
"7014852",371861,2025-10-26 13:30:28,43.1864356994629,-9.0916633605957,"Unknown"
"7014852",371861,2025-10-26 13:35:31,43.1862182617188,-9.09135913848877,"Unknown"
"7014852",371861,2025-10-26 13:40:26,43.1857452392578,-9.09154224395752,"Unknown"
"7014852",371861,2025-10-26 13:45:28,43.1862411499023,-9.09129428863525,"Unknown"
"7014852",371861,2025-10-26 13:50:28,43.185676574707,-9.09067249298096,"Unknown"
"7014852",371861,2025-10-26 13:55:26,43.185905456543,-9.09092998504639,"Unknown"
"7014852",371861,2025-10-26 14:00:26,43.1856536865234,-9.09138679504395,"Unknown"
"7014852",371861,2025-10-26 14:05:25,43.1855812072754,-9.09153079986572,"Unknown"
"7014852",371861,2025-10-26 14:10:34,43.1863594055176,-9.09125137329102,"Unknown"
"7014852",371861,2025-10-26 14:15:26,43.1860046386719,-9.0910472869873,"Unknown"
"7014852",371861,2025-10-26 14:20:26,43.1853561401367,-9.09119033813477,"Unknown"
"7014852",371861,2025-10-26 14:25:28,43.1844329833984,-9.09139347076416,"Unknown"
"7014852",371861,2025-10-26 14:30:27,43.1851387023926,-9.09141063690186,"Unknown"
"7014852",371861,2025-10-26 14:35:32,43.1845169067383,-9.09139537811279,"Unknown"
"7014852",371861,2025-10-26 14:40:47,43.1866683959961,-9.0906810760498,"Unknown"
"7014852",371861,2025-10-26 14:45:30,43.1849899291992,-9.09097194671631,"Unknown"
"7014852",371861,2025-10-26 14:50:44,43.1862030029297,-9.09422779083252,"Unknown"
"7014852",371861,2025-10-26 14:55:36,43.1850204467773,-9.09144687652588,"Unknown"
"7014852",371861,2025-10-26 15:00:59,43.1874198913574,-9.09954166412354,"Unknown"
"7014852",371861,2025-10-26 15:05:25,43.187427520752,-9.09952640533447,"Unknown"
"7014852",371861,2025-10-26 15:10:27,43.1874580383301,-9.09962558746338,"Unknown"
"7014852",371861,2025-10-26 15:15:25,43.1894874572754,-9.08996105194092,"Unknown"
"7014852",371861,2025-10-26 15:20:25,43.1895217895508,-9.08997917175293,"Unknown"
"7014852",371861,2025-10-26 15:25:25,43.1894836425781,-9.08994770050049,"Unknown"
"7014852",371861,2025-10-26 15:30:25,43.1894073486328,-9.08993244171143,"Unknown"
"7014852",371861,2025-10-26 15:35:26,43.1894378662109,-9.08997249603271,"Unknown"
"7014852",371861,2025-10-26 15:40:27,43.189567565918,-9.08995532989502,"Unknown"
"7014852",371861,2025-10-26 15:45:36,43.1890869140625,-9.09002017974854,"Unknown"
"7014852",371861,2025-10-26 15:50:26,43.1890640258789,-9.0895938873291,"Unknown"
"7014852",371861,2025-10-26 15:55:30,43.1891784667969,-9.09006118774414,"Unknown"
"7014852",371861,2025-10-26 16:00:29,43.1895599365234,-9.09029865264893,"Unknown"
"7014852",371861,2025-10-26 16:05:28,43.1898307800293,-9.09028244018555,"Unknown"
"7014852",371861,2025-10-26 16:10:40,43.1896820068359,-9.09009265899658,"Unknown"
"7014852",371861,2025-10-26 16:15:59,43.1854400634766,-9.10523986816406,"Unknown"
"7014852",371861,2025-10-26 16:20:24,43.1854019165039,-9.10523223876953,"Unknown"
"7014852",371861,2025-10-26 16:25:24,43.185375213623,-9.10522651672363,"Unknown"
"7014852",371861,2025-10-26 16:30:24,43.185359954834,-9.10539817810059,"Unknown"
"7014852",371861,2025-10-26 16:35:24,43.1854515075684,-9.10539627075195,"Unknown"
"7014852",371861,2025-10-26 16:40:24,43.1854553222656,-9.10544872283936,"Unknown"
"7014852",371861,2025-10-26 16:45:24,43.1855354309082,-9.10543632507324,"Unknown"
"7014852",371861,2025-10-26 16:50:25,43.1853141784668,-9.10552406311035,"Unknown"
"7014852",371861,2025-10-26 16:55:29,43.1852607727051,-9.10577583312988,"Unknown"
"7014852",371861,2025-10-26 17:00:26,43.1851081848145,-9.10603809356689,"Unknown"
"7014852",371861,2025-10-26 17:05:26,43.1850471496582,-9.10602283477783,"Unknown"
"7014852",371861,2025-10-26 17:10:26,43.1850814819336,-9.1060848236084,"Unknown"
"7014852",371861,2025-10-26 17:15:26,43.1851844787598,-9.10553455352783,"Unknown"
"7014852",371861,2025-10-26 17:20:26,43.185131072998,-9.10555648803711,"Unknown"
"7014852",371861,2025-10-26 17:25:25,43.1852188110352,-9.10582065582275,"Unknown"
"7014852",371861,2025-10-26 17:30:26,43.1852073669434,-9.10570335388184,"Unknown"
"7014852",371861,2025-10-26 17:35:25,43.1853179931641,-9.10536193847656,"Unknown"
"7014852",371861,2025-10-26 17:40:25,43.1852226257324,-9.10586547851562,"Unknown"
"7014852",371861,2025-10-26 17:45:25,43.1851501464844,-9.10610008239746,"Unknown"
"7014852",371861,2025-10-26 17:50:25,43.1850280761719,-9.1062593460083,"Unknown"
"7014852",371861,2025-10-26 17:55:24,43.1927833557129,-9.11411762237549,"Unknown"
"7014852",371861,2025-10-26 18:00:26,43.1866912841797,-9.16755676269531,"Unknown"
"7014852",371861,2025-10-26 18:05:26,43.1675453186035,-9.21053981781006,"Unknown"
"7014852",371861,2025-10-26 18:10:44,43.1627731323242,-9.21335315704346,"Unknown"
"7014852",371861,2025-10-26 18:15:09,43.1627197265625,-9.21335601806641,"Unknown"
"7014852",371861,2025-10-26 23:15:35,43.1626892089844,-9.21341514587402,"Unknown"
"7014852",371861,2025-10-27 04:15:35,43.1629791259766,-9.21341228485107,"Unknown"
"7014852",371861,2025-10-27 07:09:41,43.1852073669434,-9.10584259033203,"Unknown"
"7014852",371861,2025-10-27 07:14:41,43.185546875,-9.1056432723999,"Unknown"
"7014852",371861,2025-10-27 07:19:40,43.1852531433105,-9.09147834777832,"Unknown"
"7014852",371861,2025-10-27 07:24:45,43.1845855712891,-9.09120082855225,"Unknown"
"7014852",371861,2025-10-27 07:29:39,43.1849594116211,-9.09240818023682,"Unknown"
"7014852",371861,2025-10-27 07:34:39,43.1847534179688,-9.09146595001221,"Unknown"
"7014852",371861,2025-10-27 07:40:05,43.1823654174805,-9.09169292449951,"Unknown"
"7014852",371861,2025-10-27 07:44:40,43.1823806762695,-9.09153366088867,"Unknown"
"7014852",371861,2025-10-27 07:49:43,43.1822738647461,-9.09200668334961,"Unknown"
"7014852",371861,2025-10-27 07:54:41,43.1873588562012,-9.09119033813477,"Unknown"
"7014852",371861,2025-10-27 07:59:40,43.1831512451172,-9.09251499176025,"Unknown"
"7014852",371861,2025-10-27 08:04:48,43.18310546875,-9.09252166748047,"Unknown"
"7014852",371861,2025-10-27 08:10:23,43.1832389831543,-9.09269618988037,"Unknown"
"7014852",371861,2025-10-27 08:14:43,43.1835861206055,-9.09199810028076,"Unknown"
"7014852",371861,2025-10-27 08:19:41,43.183967590332,-9.09047508239746,"Unknown"
"7014852",371861,2025-10-27 08:24:45,43.1847915649414,-9.09137630462646,"Unknown"
"7014852",371861,2025-10-27 08:29:42,43.1847724914551,-9.09128761291504,"Unknown"
"7014852",371861,2025-10-27 08:34:43,43.1847953796387,-9.09125995635986,"Unknown"
"7014852",371861,2025-10-27 08:39:57,43.1846618652344,-9.09134101867676,"Unknown"
"7014852",371861,2025-10-27 08:44:41,43.1830673217773,-9.09231948852539,"Unknown"
"7014852",371861,2025-10-27 08:49:39,43.1826629638672,-9.09196758270264,"Unknown"
"7014852",371861,2025-10-27 08:55:28,43.1832237243652,-9.092604637146,"Unknown"
"7014852",371861,2025-10-27 08:59:51,43.1830596923828,-9.09252548217773,"Unknown"
"7014852",371861,2025-10-27 09:05:05,43.1830558776855,-9.09273052215576,"Unknown"
"7014852",371861,2025-10-27 09:09:49,43.183235168457,-9.09261417388916,"Unknown"
"7014852",371861,2025-10-27 09:15:00,43.1832275390625,-9.09250831604004,"Unknown"
"7014852",371861,2025-10-27 09:19:51,43.1831741333008,-9.09253597259521,"Unknown"
"7014852",371861,2025-10-27 09:24:43,43.1808853149414,-9.09179210662842,"Unknown"
"7014852",371861,2025-10-27 09:29:40,43.1806602478027,-9.09151077270508,"Unknown"
"7014852",371861,2025-10-27 09:34:39,43.1806335449219,-9.09129905700684,"Unknown"
"7014852",371861,2025-10-27 09:39:40,43.1807250976562,-9.09132385253906,"Unknown"
"7014852",371861,2025-10-27 09:44:38,43.1806411743164,-9.0912914276123,"Unknown"
"7014852",371861,2025-10-27 09:49:39,43.1806983947754,-9.09137344360352,"Unknown"
"7014852",371861,2025-10-27 09:54:39,43.1806030273438,-9.09123992919922,"Unknown"
"7014852",371861,2025-10-27 09:59:39,43.1806335449219,-9.09134960174561,"Unknown"
"7014852",371861,2025-10-27 10:04:39,43.1806678771973,-9.09141159057617,"Unknown"
"7014852",371861,2025-10-27 10:09:39,43.1837158203125,-9.09201145172119,"Unknown"
"7014852",371861,2025-10-27 10:14:42,43.1845855712891,-9.09153079986572,"Unknown"
"7014852",371861,2025-10-27 10:19:40,43.1844482421875,-9.09190845489502,"Unknown"
"7014852",371861,2025-10-27 10:24:41,43.1843719482422,-9.09144496917725,"Unknown"
"7014852",371861,2025-10-27 10:29:47,43.1844329833984,-9.09171485900879,"Unknown"
"7014852",371861,2025-10-27 10:34:39,43.1840476989746,-9.0912971496582,"Unknown"
"7014852",371861,2025-10-27 10:39:41,43.1845588684082,-9.09168910980225,"Unknown"
"7014852",371861,2025-10-27 10:44:46,43.1844902038574,-9.09162902832031,"Unknown"
"7014852",371861,2025-10-27 10:49:39,43.1845970153809,-9.09185791015625,"Unknown"
"7014852",371861,2025-10-27 10:54:48,43.1830520629883,-9.09271144866943,"Unknown"
"7014852",371861,2025-10-27 10:59:40,43.186336517334,-9.0903787612915,"Unknown"
"7014852",371861,2025-10-27 11:04:42,43.1849174499512,-9.09147357940674,"Unknown"
"7014852",371861,2025-10-27 11:09:40,43.1849517822266,-9.09202194213867,"Unknown"
"7014852",371861,2025-10-27 11:14:40,43.1841087341309,-9.09025478363037,"Unknown"
"7014852",371861,2025-10-27 11:19:49,43.1833953857422,-9.09207057952881,"Unknown"
"7014852",371861,2025-10-27 11:24:41,43.1851005554199,-9.09045696258545,"Unknown"
"7014852",371861,2025-10-27 11:29:40,43.1849555969238,-9.09303855895996,"Unknown"
"7014852",371861,2025-10-27 11:34:42,43.1835517883301,-9.09248733520508,"Unknown"
"7014852",371861,2025-10-27 11:39:43,43.1837158203125,-9.0931921005249,"Unknown"
"7014852",371861,2025-10-27 11:44:43,43.1813278198242,-9.09218978881836,"Unknown"
"7014852",371861,2025-10-27 11:49:47,43.1812591552734,-9.09163856506348,"Unknown"
"7014852",371861,2025-10-27 11:55:06,43.1839828491211,-9.09292984008789,"Unknown"
"7014852",371861,2025-10-27 11:59:48,43.1840629577637,-9.0899019241333,"Unknown"
"7014852",371861,2025-10-27 12:04:43,43.1844062805176,-9.09099769592285,"Unknown"
"7014852",371861,2025-10-27 12:09:52,43.1845092773438,-9.09078693389893,"Unknown"
"7014852",371861,2025-10-27 12:15:05,43.1860809326172,-9.09094333648682,"Unknown"
"7014852",371861,2025-10-27 12:19:40,43.1838340759277,-9.09274673461914,"Unknown"
"7014852",371861,2025-10-27 12:24:41,43.1849250793457,-9.09090232849121,"Unknown"
"7014852",371861,2025-10-27 12:30:01,43.1810188293457,-9.09100246429443,"Unknown"
"7014852",371861,2025-10-27 12:34:39,43.1809272766113,-9.09078502655029,"Unknown"
"7014852",371861,2025-10-27 12:39:43,43.1810455322266,-9.09100914001465,"Unknown"
"7014852",371861,2025-10-27 12:44:39,43.1810722351074,-9.09120178222656,"Unknown"
"7014852",371861,2025-10-27 12:49:42,43.1809883117676,-9.09092807769775,"Unknown"
"7014852",371861,2025-10-27 12:54:48,43.1809616088867,-9.0910062789917,"Unknown"
"7014852",371861,2025-10-27 12:59:48,43.1808853149414,-9.09097957611084,"Unknown"
"7014852",371861,2025-10-27 13:04:53,43.1811256408691,-9.09109878540039,"Unknown"
"7014852",371861,2025-10-27 13:09:46,43.1813583374023,-9.09149074554443,"Unknown"
"7014852",371861,2025-10-27 13:14:46,43.1810531616211,-9.09104537963867,"Unknown"
"7014852",371861,2025-10-27 13:19:48,43.1810073852539,-9.09107112884521,"Unknown"
"7014852",371861,2025-10-27 13:24:39,43.1812362670898,-9.09144496917725,"Unknown"
"7014852",371861,2025-10-27 13:29:42,43.1810302734375,-9.09132385253906,"Unknown"
"7014852",371861,2025-10-27 13:34:41,43.1808204650879,-9.09072399139404,"Unknown"
"7014852",371861,2025-10-27 13:39:43,43.1875305175781,-9.0996732711792,"Unknown"
"7014852",371861,2025-10-27 13:45:04,43.1873397827148,-9.09964370727539,"Unknown"
"7014852",371861,2025-10-27 13:49:58,43.1873893737793,-9.09969711303711,"Unknown"
"7014852",371861,2025-10-27 13:55:03,43.1873931884766,-9.09971809387207,"Unknown"
"7014852",371861,2025-10-27 13:59:39,43.1874465942383,-9.0997371673584,"Unknown"
"7014852",371861,2025-10-27 14:04:39,43.1874694824219,-9.09970951080322,"Unknown"
"7014852",371861,2025-10-27 14:09:39,43.1874465942383,-9.09974479675293,"Unknown"
"7014852",371861,2025-10-27 14:14:39,43.1882705688477,-9.10026073455811,"Unknown"
"7014852",371861,2025-10-27 14:19:39,43.1882629394531,-9.1003246307373,"Unknown"
"7014852",371861,2025-10-27 14:24:38,43.1883697509766,-9.10038661956787,"Unknown"
"7014852",371861,2025-10-27 14:29:40,43.1882934570312,-9.1002779006958,"Unknown"
"7014852",371861,2025-10-27 14:34:41,43.1883735656738,-9.10031223297119,"Unknown"
"7014852",371861,2025-10-27 14:39:42,43.1882476806641,-9.10032272338867,"Unknown"
"7014852",371861,2025-10-27 14:44:42,43.1882667541504,-9.10029220581055,"Unknown"
"7014852",371861,2025-10-27 14:49:48,43.1883506774902,-9.10031986236572,"Unknown"
"7014852",371861,2025-10-27 14:54:40,43.1878128051758,-9.10032272338867,"Unknown"
"7014852",371861,2025-10-27 14:59:48,43.1883697509766,-9.10030269622803,"Unknown"
"7014852",371861,2025-10-27 15:04:42,43.1883239746094,-9.10036087036133,"Unknown"
"7014852",371861,2025-10-27 15:10:03,43.1883430480957,-9.100266456604,"Unknown"
"7014852",371861,2025-10-27 15:14:38,43.1883316040039,-9.10021114349365,"Unknown"
"7014852",371861,2025-10-27 15:19:39,43.1883392333984,-9.10032749176025,"Unknown"
"7014852",371861,2025-10-27 15:24:38,43.1882514953613,-9.1003246307373,"Unknown"
"7014852",371861,2025-10-27 15:29:38,43.1883277893066,-9.10031223297119,"Unknown"
"7014852",371861,2025-10-27 15:34:39,43.1882705688477,-9.10014343261719,"Unknown"
"7014852",371861,2025-10-27 15:39:38,43.1884002685547,-9.10025978088379,"Unknown"
"7014852",371861,2025-10-27 15:44:39,43.188362121582,-9.10036563873291,"Unknown"
"7014852",371861,2025-10-27 15:49:39,43.1882858276367,-9.09998416900635,"Unknown"
"7014852",371861,2025-10-27 15:54:39,43.1883659362793,-9.10026741027832,"Unknown"
"7014852",371861,2025-10-27 15:59:42,43.1858177185059,-9.1058292388916,"Unknown"
"7014852",371861,2025-10-27 16:04:40,43.1858329772949,-9.10567951202393,"Unknown"
"7014852",371861,2025-10-27 16:09:46,43.1858444213867,-9.10566425323486,"Unknown"
"7014852",371861,2025-10-27 16:14:42,43.1859130859375,-9.10566234588623,"Unknown"
"7014852",371861,2025-10-27 16:19:58,43.1858253479004,-9.10558223724365,"Unknown"
"7014852",371861,2025-10-27 16:24:42,43.1858024597168,-9.10555171966553,"Unknown"
"7014852",371861,2025-10-27 16:29:40,43.1855316162109,-9.10577392578125,"Unknown"
"7014852",371861,2025-10-27 16:34:47,43.1855049133301,-9.10579013824463,"Unknown"
"7014852",371861,2025-10-27 16:39:42,43.187442779541,-9.11237049102783,"Unknown"
"7014852",371861,2025-10-27 16:44:40,43.1923675537109,-9.15700149536133,"Unknown"
"7014852",371861,2025-10-27 16:49:40,43.1632881164551,-9.21291828155518,"Unknown"
"7014852",371861,2025-10-27 16:54:42,43.1604843139648,-9.2109489440918,"Unknown"
"7014852",371861,2025-10-27 17:00:02,43.15966796875,-9.22252750396729,"Unknown"
"7014852",371861,2025-10-27 17:04:44,43.1317481994629,-9.25920104980469,"Unknown"
"7014852",371861,2025-10-27 17:09:53,43.1303405761719,-9.25532817840576,"Unknown"
"7014852",371861,2025-10-27 17:15:42,43.1301460266113,-9.25611305236816,"Unknown"
"7014852",371861,2025-10-27 17:20:35,43.1300849914551,-9.25700664520264,"Unknown"
"7014852",371861,2025-10-27 17:24:39,43.129768371582,-9.25702667236328,"Unknown"
"7014852",371861,2025-10-27 17:29:39,43.1310195922852,-9.26719188690186,"Unknown"
"7014852",371861,2025-10-27 17:34:39,43.1480903625488,-9.30274105072021,"Unknown"
"7014852",371861,2025-10-27 17:39:39,43.1655960083008,-9.32215690612793,"Unknown"
"7014852",371861,2025-10-27 17:44:47,43.1598854064941,-9.31237602233887,"Unknown"
"7014852",371861,2025-10-27 17:49:39,43.1511459350586,-9.29254627227783,"Unknown"
"7014852",371861,2025-10-27 17:54:41,43.1435966491699,-9.28616046905518,"Unknown"
"7014852",371861,2025-10-27 17:59:46,43.1428031921387,-9.28721618652344,"Unknown"
"7014852",371861,2025-10-27 18:04:41,43.1314392089844,-9.30434799194336,"Unknown"
"7014852",371861,2025-10-27 18:09:49,43.1287117004395,-9.30316352844238,"Unknown"
"7014852",371861,2025-10-27 18:14:35,43.1282119750977,-9.30169200897217,"Unknown"
"7014852",371861,2025-10-27 23:14:44,43.1632347106934,-9.2131929397583,"Unknown"
"7014852",371861,2025-10-28 04:14:50,43.1641387939453,-9.21394348144531,"Unknown"
"7014852",371861,2025-10-28 07:11:59,43.1891899108887,-9.09589099884033,"Unknown"
"7014852",371861,2025-10-28 07:16:10,43.1825256347656,-9.09196376800537,"Unknown"
"7014852",371861,2025-10-28 07:21:15,43.1821937561035,-9.09171295166016,"Unknown"
"7014852",371861,2025-10-28 07:26:14,43.1820259094238,-9.09174728393555,"Unknown"
"7014852",371861,2025-10-28 07:31:01,43.182186126709,-9.09170627593994,"Unknown"
"7014852",371861,2025-10-28 07:36:29,43.1828651428223,-9.09236431121826,"Unknown"
"7014852",371861,2025-10-28 07:40:59,43.183521270752,-9.09173965454102,"Unknown"
"7014852",371861,2025-10-28 07:46:26,43.1831970214844,-9.09269142150879,"Unknown"
"7014852",371861,2025-10-28 07:51:01,43.182674407959,-9.09257316589355,"Unknown"
"7014852",371861,2025-10-28 07:55:57,43.1839332580566,-9.09223079681396,"Unknown"
"7014852",371861,2025-10-28 08:01:07,43.1847915649414,-9.09154224395752,"Unknown"
"7014852",371861,2025-10-28 08:05:59,43.184684753418,-9.09138011932373,"Unknown"
"7014852",371861,2025-10-28 08:10:56,43.1846885681152,-9.09166431427002,"Unknown"
"7014852",371861,2025-10-28 08:15:57,43.1845893859863,-9.09156608581543,"Unknown"
"7014852",371861,2025-10-28 08:20:56,43.1847076416016,-9.09138774871826,"Unknown"
"7014852",371861,2025-10-28 08:25:58,43.1848411560059,-9.09140491485596,"Unknown"
"7014852",371861,2025-10-28 08:30:59,43.184928894043,-9.09094333648682,"Unknown"
"7014852",371861,2025-10-28 08:41:41,43.1803016662598,-9.09125137329102,"Unknown"
"7014852",371861,2025-10-28 08:46:56,43.1807022094727,-9.0917272567749,"Unknown"
"7014852",371861,2025-10-28 08:55:58,43.1804351806641,-9.09160804748535,"Unknown"
"7014852",371861,2025-10-28 09:05:59,43.1803703308105,-9.0916051864624,"Unknown"
"7014852",371861,2025-10-28 09:10:58,43.1803665161133,-9.09152317047119,"Unknown"
"7014852",371861,2025-10-28 09:15:58,43.1803894042969,-9.09165382385254,"Unknown"
"7014852",371861,2025-10-28 09:20:57,43.1802291870117,-9.09156036376953,"Unknown"
"7014852",371861,2025-10-28 09:26:00,43.1802825927734,-9.09141635894775,"Unknown"
"7014852",371861,2025-10-28 09:35:57,43.1827430725098,-9.09177303314209,"Unknown"
"7014852",371861,2025-10-28 09:46:14,43.1840744018555,-9.09302139282227,"Unknown"
"7014852",371861,2025-10-28 09:55:58,43.1808929443359,-9.09163665771484,"Unknown"
"7014852",371861,2025-10-28 10:06:00,43.184211730957,-9.09308052062988,"Unknown"
"7014852",371861,2025-10-28 10:16:01,43.18408203125,-9.09297466278076,"Unknown"
"7014852",371861,2025-10-28 10:21:01,43.1835250854492,-9.09215831756592,"Unknown"
"7014852",371861,2025-10-28 10:26:02,43.1839065551758,-9.09279823303223,"Unknown"
"7014852",371861,2025-10-28 10:31:15,43.1839866638184,-9.09288597106934,"Unknown"
"7014852",371861,2025-10-28 10:36:10,43.1836051940918,-9.09292984008789,"Unknown"
"7014852",371861,2025-10-28 10:41:00,43.1809577941895,-9.09179973602295,"Unknown"
"7014852",371861,2025-10-28 10:46:00,43.1807403564453,-9.0914249420166,"Unknown"
"7014852",371861,2025-10-28 10:56:08,43.1808052062988,-9.0916748046875,"Unknown"
"7014852",371861,2025-10-28 11:06:00,43.1808586120605,-9.09102725982666,"Unknown"
"7014852",371861,2025-10-28 11:16:30,43.1809234619141,-9.09118366241455,"Unknown"
"7014852",371861,2025-10-28 11:26:07,43.1811561584473,-9.09128475189209,"Unknown"
"7014852",371861,2025-10-28 11:36:14,43.1808242797852,-9.09139728546143,"Unknown"
"7014852",371861,2025-10-28 11:46:00,43.1848449707031,-9.09116458892822,"Unknown"
"7014852",371861,2025-10-28 11:56:01,43.1855430603027,-9.09138202667236,"Unknown"
"7014852",371861,2025-10-28 12:06:07,43.1849136352539,-9.0910120010376,"Unknown"
"7014852",371861,2025-10-28 12:15:59,43.1850509643555,-9.09118175506592,"Unknown"
"7014852",371861,2025-10-28 12:25:59,43.1848258972168,-9.09094524383545,"Unknown"
"7014852",371861,2025-10-28 12:31:15,43.1848640441895,-9.09090805053711,"Unknown"
"7014852",371861,2025-10-28 12:41:14,43.1856498718262,-9.09137916564941,"Unknown"
"7014852",371861,2025-10-28 12:51:20,43.1855773925781,-9.09123229980469,"Unknown"
"7014852",371861,2025-10-28 13:00:56,43.184154510498,-9.09363842010498,"Unknown"
"7014852",371861,2025-10-28 13:11:18,43.1834602355957,-9.09255886077881,"Unknown"
"7014852",371861,2025-10-28 13:21:05,43.1830215454102,-9.09233093261719,"Unknown"
"7014852",371861,2025-10-28 13:31:02,43.1848068237305,-9.09135437011719,"Unknown"
"7014852",371861,2025-10-28 13:40:57,43.1848258972168,-9.09166145324707,"Unknown"
"7014852",371861,2025-10-28 13:51:29,43.1846694946289,-9.09146022796631,"Unknown"
"7014852",371861,2025-10-28 14:00:55,43.1848411560059,-9.09151268005371,"Unknown"
"7014852",371861,2025-10-28 14:11:14,43.184886932373,-9.09193801879883,"Unknown"
"7014852",371861,2025-10-28 14:21:09,43.1831474304199,-9.09263610839844,"Unknown"
"7014852",371861,2025-10-28 14:30:56,43.1833763122559,-9.09282112121582,"Unknown"
"7014852",371861,2025-10-28 14:35:57,43.1833114624023,-9.0927906036377,"Unknown"
"7014852",371861,2025-10-28 14:46:14,43.1832580566406,-9.09271240234375,"Unknown"
"7014852",371861,2025-10-28 14:50:56,43.1832237243652,-9.09270000457764,"Unknown"
"7014852",371861,2025-10-28 14:55:55,43.183235168457,-9.09270286560059,"Unknown"
"7014852",371861,2025-10-28 15:00:56,43.1838226318359,-9.09241676330566,"Unknown"
"7014852",371861,2025-10-28 15:06:01,43.183479309082,-9.09252738952637,"Unknown"
"7014852",371861,2025-10-28 15:10:56,43.1839065551758,-9.09246730804443,"Unknown"
"7014852",371861,2025-10-28 15:16:45,43.1866874694824,-9.09074020385742,"Unknown"
"7014852",371861,2025-10-28 15:20:56,43.1856307983398,-9.0906343460083,"Unknown"
"7014852",371861,2025-10-28 15:31:00,43.1857147216797,-9.09061431884766,"Unknown"
"7014852",371861,2025-10-28 15:35:59,43.1856231689453,-9.09062385559082,"Unknown"
"7014852",371861,2025-10-28 15:41:01,43.185619354248,-9.09054946899414,"Unknown"
"7014852",371861,2025-10-28 15:46:04,43.1856231689453,-9.10554981231689,"Unknown"
"7014852",371861,2025-10-28 15:51:03,43.1857681274414,-9.10567855834961,"Unknown"
"7014852",371861,2025-10-28 16:01:29,43.1858291625977,-9.10556793212891,"Unknown"
"7014852",371861,2025-10-28 16:05:55,43.1857757568359,-9.10558986663818,"Unknown"
"7014852",371861,2025-10-28 16:10:56,43.1925163269043,-9.11362457275391,"Unknown"
"7014852",371861,2025-10-28 16:20:56,43.176155090332,-9.20626354217529,"Unknown"
"7014852",371861,2025-10-28 16:30:56,43.1280937194824,-9.23642253875732,"Unknown"
"7014852",371861,2025-10-28 16:41:14,43.1283950805664,-9.23557281494141,"Unknown"
"7014852",371861,2025-10-28 16:45:55,43.137508392334,-9.24444675445557,"Unknown"
"7014852",371861,2025-10-28 16:55:56,43.1377563476562,-9.24534034729004,"Unknown"
"7014852",371861,2025-10-28 17:06:29,43.1614303588867,-9.2138671875,"Unknown"
"7014852",371861,2025-10-28 17:15:58,43.1614265441895,-9.21382999420166,"Unknown"
"7014852",371861,2025-10-28 17:26:00,43.1614265441895,-9.21384143829346,"Unknown"
"7014852",371861,2025-10-28 17:35:55,43.1613655090332,-9.21378993988037,"Unknown"
"7014852",371861,2025-10-28 17:45:57,43.1628608703613,-9.21285915374756,"Unknown"
"7014852",371861,2025-10-28 17:55:58,43.1625061035156,-9.21306610107422,"Unknown"
"7014852",371861,2025-10-28 18:06:03,43.1628265380859,-9.21261692047119,"Unknown"
"7014852",371861,2025-10-28 18:12:42,43.1623916625977,-9.21311092376709,"Unknown"
"7014852",371861,2025-10-28 23:13:05,43.1627960205078,-9.21318626403809,"Unknown"
"7014852",371861,2025-10-29 04:13:05,43.1626434326172,-9.21347332000732,"Unknown"
"7014852",371861,2025-10-29 07:12:41,43.1852264404297,-9.10589981079102,"Unknown"
"7014852",371861,2025-10-29 07:22:35,43.1852912902832,-9.10591602325439,"Unknown"
"7014852",371861,2025-10-29 07:32:09,43.1852722167969,-9.10592174530029,"Unknown"
"7014852",371861,2025-10-29 07:42:08,43.1848983764648,-9.09175395965576,"Unknown"
"7014852",371861,2025-10-29 07:53:05,43.1847152709961,-9.09130096435547,"Unknown"
"7014852",371861,2025-10-29 08:02:15,43.1847496032715,-9.09128952026367,"Unknown"
"7014852",371861,2025-10-29 08:12:09,43.184684753418,-9.09162044525146,"Unknown"
"7014852",371861,2025-10-29 08:22:07,43.1831970214844,-9.09251880645752,"Unknown"
"7014852",371861,2025-10-29 08:32:09,43.1847343444824,-9.09144115447998,"Unknown"
"7014852",371861,2025-10-29 08:42:17,43.1819114685059,-9.0917329788208,"Unknown"
"7014852",371861,2025-10-29 08:52:08,43.1830520629883,-9.09261894226074,"Unknown"
"7014852",371861,2025-10-29 09:03:21,43.1836814880371,-9.09308052062988,"Unknown"
"7014852",371861,2025-10-29 09:12:07,43.1847457885742,-9.09139156341553,"Unknown"
"7014852",371861,2025-10-29 09:22:09,43.182975769043,-9.0924825668335,"Unknown"
"7014852",371861,2025-10-29 09:32:08,43.1840133666992,-9.09268856048584,"Unknown"
"7014852",371861,2025-10-29 09:42:13,43.1846542358398,-9.09153652191162,"Unknown"
"7014852",371861,2025-10-29 09:52:35,43.1840629577637,-9.09266567230225,"Unknown"
"7014852",371861,2025-10-29 10:02:21,43.1841163635254,-9.0927848815918,"Unknown"
"7014852",371861,2025-10-29 10:12:31,43.1831512451172,-9.09272193908691,"Unknown"
"7014852",371861,2025-10-29 10:22:07,43.1830787658691,-9.09262752532959,"Unknown"
"7014852",371861,2025-10-29 10:32:08,43.1831932067871,-9.09289360046387,"Unknown"
"7014852",371861,2025-10-29 10:42:07,43.1830062866211,-9.09250164031982,"Unknown"
"7014852",371861,2025-10-29 10:52:08,43.180477142334,-9.09129524230957,"Unknown"
"7014852",371861,2025-10-29 11:02:08,43.1805801391602,-9.09177780151367,"Unknown"
"7014852",371861,2025-10-29 11:12:08,43.1805114746094,-9.09138774871826,"Unknown"
"7014852",371861,2025-10-29 11:22:44,43.1804046630859,-9.09121417999268,"Unknown"
"7014852",371861,2025-10-29 11:32:19,43.1806602478027,-9.09143543243408,"Unknown"
"7014852",371861,2025-10-29 11:42:22,43.1804695129395,-9.09104633331299,"Unknown"
"7014852",371861,2025-10-29 11:52:41,43.1805305480957,-9.0913028717041,"Unknown"
"7014852",371861,2025-10-29 12:02:16,43.1806945800781,-9.09130096435547,"Unknown"
"7014852",371861,2025-10-29 12:12:22,43.1804504394531,-9.0910530090332,"Unknown"
"7014852",371861,2025-10-29 12:22:29,43.1802978515625,-9.09067440032959,"Unknown"
"7014852",371861,2025-10-29 12:32:35,43.180606842041,-9.09142303466797,"Unknown"
"7014852",371861,2025-10-29 12:42:08,43.1807022094727,-9.09142303466797,"Unknown"
"7014852",371861,2025-10-29 12:52:09,43.1807289123535,-9.09132671356201,"Unknown"
"7014852",371861,2025-10-29 13:02:07,43.188346862793,-9.09224510192871,"Unknown"
"7014852",371861,2025-10-29 13:12:09,43.1855773925781,-9.10661792755127,"Unknown"
"7014852",371861,2025-10-29 13:22:06,43.1856002807617,-9.10672760009766,"Unknown"
"7014852",371861,2025-10-29 13:32:07,43.1856498718262,-9.10683059692383,"Unknown"
"7014852",371861,2025-10-29 13:42:07,43.1861763000488,-9.1076192855835,"Unknown"
"7014852",371861,2025-10-29 13:47:08,43.1866836547852,-9.09072399139404,"Unknown"
"7014852",371861,2025-10-29 13:57:09,43.1866569519043,-9.09075927734375,"Unknown"
"7014852",371861,2025-10-29 14:07:44,43.1895904541016,-9.08987712860107,"Unknown"
"7014852",371861,2025-10-29 14:17:06,43.1896553039551,-9.09002685546875,"Unknown"
"7014852",371861,2025-10-29 14:22:07,43.189525604248,-9.08995532989502,"Unknown"
"7014852",371861,2025-10-29 14:27:07,43.1896591186523,-9.08991146087646,"Unknown"
"7014852",371861,2025-10-29 14:32:06,43.189640045166,-9.09000396728516,"Unknown"
"7014852",371861,2025-10-29 14:42:09,43.1894874572754,-9.08995056152344,"Unknown"
"7014852",371861,2025-10-29 14:47:24,43.1894912719727,-9.08994197845459,"Unknown"
"7014852",371861,2025-10-29 14:52:44,43.1901016235352,-9.09796237945557,"Unknown"
"7014852",371861,2025-10-29 14:57:18,43.1958122253418,-9.12403392791748,"Unknown"
"7014852",371861,2025-10-29 15:07:18,43.1738510131836,-9.19494342803955,"Unknown"
"7014852",371861,2025-10-29 15:17:17,43.1637992858887,-9.21398162841797,"Unknown"
"7014852",371861,2025-10-29 15:22:18,43.1638450622559,-9.21403884887695,"Unknown"
"7014852",371861,2025-10-29 15:32:35,43.1641159057617,-9.21389484405518,"Unknown"
"7014852",371861,2025-10-29 15:42:09,43.1846771240234,-9.24732303619385,"Unknown"
"7014852",371861,2025-10-29 15:47:07,43.203296661377,-9.25751399993896,"Unknown"
"7014852",371861,2025-10-29 15:52:06,43.2270851135254,-9.26866340637207,"Unknown"
"7014852",371861,2025-10-29 15:57:07,43.2539367675781,-9.27277088165283,"Unknown"
"7014852",371861,2025-10-29 16:02:06,43.2812652587891,-9.28048038482666,"Unknown"
"7014852",371861,2025-10-29 16:12:42,43.3432312011719,-9.27752876281738,"Unknown"
"7014852",371861,2025-10-29 16:17:13,43.3720779418945,-9.27765274047852,"Unknown"
"7014852",371861,2025-10-29 16:22:06,43.3868560791016,-9.2839183807373,"Unknown"
"7014852",371861,2025-10-29 16:27:08,43.4079627990723,-9.2686939239502,"Unknown"
"7014852",371861,2025-10-29 16:32:09,43.4334487915039,-9.26133251190186,"Unknown"
"7014852",371861,2025-10-29 16:37:06,43.4391593933105,-9.24739742279053,"Unknown"
"7014852",371861,2025-10-29 16:42:08,43.4560241699219,-9.21233463287354,"Unknown"
"7014852",371861,2025-10-29 16:47:08,43.4801063537598,-9.17529392242432,"Unknown"
"7014852",371861,2025-10-29 16:52:33,43.4838981628418,-9.17119979858398,"Unknown"
"7014852",371861,2025-10-29 16:57:07,43.4846992492676,-9.17079734802246,"Unknown"
"7014852",371861,2025-10-29 17:02:09,43.4848442077637,-9.17057800292969,"Unknown"
"7014852",371861,2025-10-29 17:07:10,43.4848823547363,-9.1697940826416,"Unknown"
"7014852",371861,2025-10-29 17:12:09,43.4824409484863,-9.16613864898682,"Unknown"
"7014852",371861,2025-10-29 17:17:07,43.4826889038086,-9.16652584075928,"Unknown"
"7014852",371861,2025-10-29 17:22:08,43.4812622070312,-9.16642665863037,"Unknown"
"7014852",371861,2025-10-29 17:27:10,43.4822998046875,-9.1658296585083,"Unknown"
"7014852",371861,2025-10-29 17:37:12,43.4838104248047,-9.16509342193604,"Unknown"
"7014852",371861,2025-10-29 17:42:10,43.4848403930664,-9.16540908813477,"Unknown"
"7014852",371861,2025-10-29 17:47:12,43.4850082397461,-9.16375541687012,"Unknown"
"7014852",371861,2025-10-29 17:52:18,43.4852447509766,-9.16281795501709,"Unknown"
"7014852",371861,2025-10-29 18:02:44,43.4862518310547,-9.16329956054688,"Unknown"
"7014852",371861,2025-10-29 18:10:06,43.4871215820312,-9.16198253631592,"Unknown"
"7014852",371861,2025-10-29 23:10:35,43.5144958496094,-9.11389636993408,"Unknown"
"7014852",371861,2025-10-30 07:14:53,43.1856880187988,-9.10556316375732,"Unknown"
"7014852",371861,2025-10-30 07:24:12,43.1856002807617,-9.10554313659668,"Unknown"
"7014852",371861,2025-10-30 07:34:14,43.1855049133301,-9.10564804077148,"Unknown"
"7014852",371861,2025-10-30 07:44:07,43.1854057312012,-9.1056022644043,"Unknown"
"7014852",371861,2025-10-30 07:54:08,43.185619354248,-9.10581970214844,"Unknown"
"7014852",371861,2025-10-30 08:04:12,43.1852912902832,-9.10581684112549,"Unknown"
"7014852",371861,2025-10-30 08:14:59,43.185245513916,-9.1057653427124,"Unknown"
"7014852",371861,2025-10-30 08:24:08,43.185375213623,-9.10565090179443,"Unknown"
"7014852",371861,2025-10-30 08:34:11,43.1823043823242,-9.0913257598877,"Unknown"
"7014852",371861,2025-10-30 08:44:09,43.1849136352539,-9.0914192199707,"Unknown"
"7014852",371861,2025-10-30 08:54:15,43.1802177429199,-9.0914363861084,"Unknown"
"7014852",371861,2025-10-30 09:04:03,43.1803665161133,-9.08901691436768,"Unknown"
"7014852",371861,2025-10-30 09:14:02,43.1897163391113,-9.09048271179199,"Unknown"
"7014852",371861,2025-10-30 09:24:09,43.1895980834961,-9.08992862701416,"Unknown"
"7014852",371861,2025-10-30 09:34:09,43.1895332336426,-9.09003353118896,"Unknown"
"7014852",371861,2025-10-30 09:44:44,43.1851348876953,-9.09017562866211,"Unknown"
"7014852",371861,2025-10-30 09:54:44,43.1803207397461,-9.0917444229126,"Unknown"
"7014852",371861,2025-10-30 10:04:02,43.1802749633789,-9.09170722961426,"Unknown"
"7014852",371861,2025-10-30 10:14:09,43.180492401123,-9.09154796600342,"Unknown"
"7014852",371861,2025-10-30 10:24:14,43.180290222168,-9.09163284301758,"Unknown"
"7014852",371861,2025-10-30 10:34:00,43.1805953979492,-9.09186363220215,"Unknown"
"7014852",371861,2025-10-30 10:44:09,43.1804122924805,-9.09171009063721,"Unknown"
"7014852",371861,2025-10-30 10:54:35,43.1803436279297,-9.0914478302002,"Unknown"
"7014852",371861,2025-10-30 11:03:59,43.1803016662598,-9.09138679504395,"Unknown"
"7014852",371861,2025-10-30 11:14:00,43.1803016662598,-9.09143161773682,"Unknown"
"7014852",371861,2025-10-30 11:23:59,43.1805458068848,-9.09176540374756,"Unknown"
"7014852",371861,2025-10-30 11:33:59,43.1893920898438,-9.09032726287842,"Unknown"
"7014852",371861,2025-10-30 11:38:59,43.1894035339355,-9.09023189544678,"Unknown"
"7014852",371861,2025-10-30 11:48:59,43.189380645752,-9.0903434753418,"Unknown"
"7014852",371861,2025-10-30 11:53:59,43.1894226074219,-9.09021282196045,"Unknown"
"7014852",371861,2025-10-30 12:03:59,43.1893692016602,-9.0903205871582,"Unknown"
"7014852",371861,2025-10-30 12:08:59,43.1894378662109,-9.0902271270752,"Unknown"
"7014852",371861,2025-10-30 12:13:59,43.1893424987793,-9.09025859832764,"Unknown"
"7014852",371861,2025-10-30 12:19:00,43.1893577575684,-9.09017467498779,"Unknown"
"7014852",371861,2025-10-30 12:24:01,43.1896095275879,-9.09041976928711,"Unknown"
"7014852",371861,2025-10-30 12:28:59,43.1892776489258,-9.09006500244141,"Unknown"
"7014852",371861,2025-10-30 12:34:01,43.1893577575684,-9.09021377563477,"Unknown"
"7014852",371861,2025-10-30 12:39:03,43.189525604248,-9.09032249450684,"Unknown"
"7014852",371861,2025-10-30 12:44:44,43.1894340515137,-9.09016227722168,"Unknown"
"7014852",371861,2025-10-30 12:49:00,43.1894302368164,-9.09025287628174,"Unknown"
"7014852",371861,2025-10-30 12:53:59,43.1893692016602,-9.09011173248291,"Unknown"
"7014852",371861,2025-10-30 12:59:00,43.1894683837891,-9.09026527404785,"Unknown"
"7014852",371861,2025-10-30 13:04:00,43.1893463134766,-9.09022808074951,"Unknown"
"7014852",371861,2025-10-30 13:09:00,43.1893348693848,-9.09011363983154,"Unknown"
"7014852",371861,2025-10-30 13:14:00,43.1893692016602,-9.09017658233643,"Unknown"
"7014852",371861,2025-10-30 13:19:00,43.1893577575684,-9.09007930755615,"Unknown"
"7014852",371861,2025-10-30 13:24:00,43.1894187927246,-9.0901575088501,"Unknown"
"7014852",371861,2025-10-30 13:29:00,43.1893692016602,-9.09017753601074,"Unknown"
"7014852",371861,2025-10-30 13:34:00,43.1892967224121,-9.0906925201416,"Unknown"
"7014852",371861,2025-10-30 13:39:01,43.1891632080078,-9.09138298034668,"Unknown"
"7014852",371861,2025-10-30 13:44:00,43.1893692016602,-9.08989715576172,"Unknown"
"7014852",371861,2025-10-30 13:49:00,43.1893119812012,-9.08998012542725,"Unknown"
"7014852",371861,2025-10-30 13:54:00,43.1892318725586,-9.0911922454834,"Unknown"
"7014852",371861,2025-10-30 13:59:01,43.1891899108887,-9.09161186218262,"Unknown"
"7014852",371861,2025-10-30 14:04:01,43.1894149780273,-9.08884048461914,"Unknown"
"7014852",371861,2025-10-30 14:09:01,43.189151763916,-9.09268856048584,"Unknown"
"7014852",371861,2025-10-30 14:14:03,43.1893653869629,-9.09003353118896,"Unknown"
"7014852",371861,2025-10-30 14:19:00,43.1894264221191,-9.09004688262939,"Unknown"
"7014852",371861,2025-10-30 14:24:03,43.1896133422852,-9.07106781005859,"Unknown"
"7014852",371861,2025-10-30 14:29:35,43.1886825561523,-9.04489135742188,"Unknown"
"7014852",371861,2025-10-30 14:33:59,43.1941566467285,-9.04172039031982,"Unknown"
"7014852",371861,2025-10-30 14:39:01,43.1938934326172,-9.04106140136719,"Unknown"
"7014852",371861,2025-10-30 14:44:01,43.193904876709,-9.04133033752441,"Unknown"
"7014852",371861,2025-10-30 14:49:12,43.1935157775879,-9.04152393341064,"Unknown"
"7014852",371861,2025-10-30 14:54:09,43.193431854248,-9.04156398773193,"Unknown"
"7014852",371861,2025-10-30 14:59:09,43.1935119628906,-9.04157733917236,"Unknown"
"7014852",371861,2025-10-30 15:04:09,43.1934623718262,-9.04149055480957,"Unknown"
"7014852",371861,2025-10-30 15:09:08,43.1934432983398,-9.04152774810791,"Unknown"
"7014852",371861,2025-10-30 15:14:14,43.1874122619629,-9.04402828216553,"Unknown"
"7014852",371861,2025-10-30 15:19:12,43.1838340759277,-9.03663349151611,"Unknown"
"7014852",371861,2025-10-30 15:24:07,43.184627532959,-9.03805351257324,"Unknown"
"7014852",371861,2025-10-30 15:29:01,43.1838150024414,-9.03674125671387,"Unknown"
"7014852",371861,2025-10-30 15:34:08,43.1837882995605,-9.0368766784668,"Unknown"
"7014852",371861,2025-10-30 15:39:05,43.1838684082031,-9.03691577911377,"Unknown"
"7014852",371861,2025-10-30 15:44:02,43.2034721374512,-9.04023170471191,"Unknown"
"7014852",371861,2025-10-30 15:49:15,43.2457695007324,-8.99652004241943,"Unknown"
"7014852",371861,2025-10-30 15:54:04,43.2918891906738,-8.97062587738037,"Unknown"
"7014852",371861,2025-10-30 15:59:07,43.3052520751953,-8.93478298187256,"Unknown"
"7014852",371861,2025-10-30 16:04:11,43.3269271850586,-8.89804649353027,"Unknown"
"7014852",371861,2025-10-30 16:09:08,43.3312377929688,-8.86733627319336,"Unknown"
"7014852",371861,2025-10-30 16:20:17,43.3320693969727,-8.81088352203369,"Unknown"
"7014852",371861,2025-10-30 16:29:09,43.31396484375,-8.78026294708252,"Unknown"
"7014852",371861,2025-10-30 16:39:36,43.3213386535645,-8.7303524017334,"Unknown"
"7014852",371861,2025-10-30 16:49:01,43.3358154296875,-8.65389919281006,"Unknown"
"7014852",371861,2025-10-30 16:59:00,43.3245010375977,-8.60202312469482,"Unknown"
"7014852",371861,2025-10-30 17:09:04,43.3504905700684,-8.52373027801514,"Unknown"
"7014852",371861,2025-10-30 17:19:01,43.3708610534668,-8.45848274230957,"Unknown"
"7014852",371861,2025-10-30 17:29:01,43.367618560791,-8.40209197998047,"Unknown"
"7014852",371861,2025-10-30 17:39:14,43.3586044311523,-8.3930606842041,"Unknown"
"7014852",371861,2025-10-30 17:49:01,43.3626441955566,-8.39644527435303,"Unknown"
"7014852",371861,2025-10-30 17:59:09,43.3589553833008,-8.40028476715088,"Unknown"
"7014852",371861,2025-10-30 18:06:30,43.3589363098145,-8.40025615692139,"Unknown"
"7014852",371861,2025-10-30 23:06:45,43.3595275878906,-8.40007019042969,"Unknown"
"7014852",371861,2025-10-31 04:06:45,43.359977722168,-8.40271949768066,"Unknown"
"7014852",371861,2025-10-31 07:12:01,43.3366241455078,-8.45438671112061,"Unknown"
"7014852",371861,2025-10-31 07:22:02,43.3189392089844,-8.50380897521973,"Unknown"
"7014852",371861,2025-10-31 07:32:01,43.3167152404785,-8.55611896514893,"Unknown"
"7014852",371861,2025-10-31 07:42:00,43.3166618347168,-8.60584449768066,"Unknown"
"7014852",371861,2025-10-31 07:51:53,43.3106269836426,-8.66402912139893,"Unknown"
"7014852",371861,2025-10-31 08:01:56,43.3108940124512,-8.71906757354736,"Unknown"
"7014852",371861,2025-10-31 08:12:10,43.3054351806641,-8.76889705657959,"Unknown"
"7014852",371861,2025-10-31 08:22:07,43.3294448852539,-8.82457733154297,"Unknown"
"7014852",371861,2025-10-31 08:32:06,43.3290748596191,-8.8594388961792,"Unknown"
"7014852",371861,2025-10-31 08:42:13,43.3200950622559,-8.9107027053833,"Unknown"
"7014852",371861,2025-10-31 08:52:07,43.2910537719727,-8.93520641326904,"Unknown"
"7014852",371861,2025-10-31 09:02:07,43.2819175720215,-8.9851713180542,"Unknown"
"7014852",371861,2025-10-31 09:12:06,43.2559776306152,-8.98289775848389,"Unknown"
"7014852",371861,2025-10-31 09:22:13,43.2298583984375,-9.01346588134766,"Unknown"
"7014852",371861,2025-10-31 09:32:03,43.2065811157227,-9.03872871398926,"Unknown"
"7014852",371861,2025-10-31 09:42:04,43.1894493103027,-9.07855701446533,"Unknown"
"7014852",371861,2025-10-31 09:52:05,43.1851921081543,-9.0908842086792,"Unknown"
"7014852",371861,2025-10-31 10:02:17,43.1800727844238,-9.09165859222412,"Unknown"
"7014852",371861,2025-10-31 10:07:07,43.1800727844238,-9.09175300598145,"Unknown"
"7014852",371861,2025-10-31 10:17:04,43.1801605224609,-9.09158229827881,"Unknown"
"7014852",371861,2025-10-31 10:27:06,43.180118560791,-9.09161281585693,"Unknown"
"7014852",371861,2025-10-31 10:32:05,43.1801490783691,-9.09164428710938,"Unknown"
"7014852",371861,2025-10-31 10:42:06,43.1801681518555,-9.0917329788208,"Unknown"
"7014852",371861,2025-10-31 10:47:13,43.1803131103516,-9.09169960021973,"Unknown"
"7014852",371861,2025-10-31 10:52:06,43.1830368041992,-9.09279823303223,"Unknown"
"7014852",371861,2025-10-31 10:57:03,43.1835632324219,-9.09312915802002,"Unknown"
"7014852",371861,2025-10-31 11:07:07,43.1845817565918,-9.09205627441406,"Unknown"
"7014852",371861,2025-10-31 11:12:04,43.1870651245117,-9.09096527099609,"Unknown"
"7014852",371861,2025-10-31 11:17:03,43.1851005554199,-9.09153938293457,"Unknown"
"7014852",371861,2025-10-31 11:22:05,43.1831283569336,-9.09262561798096,"Unknown"
"7014852",371861,2025-10-31 11:27:04,43.1849021911621,-9.09193801879883,"Unknown"
"7014852",371861,2025-10-31 11:32:06,43.184741973877,-9.09214687347412,"Unknown"
"7014852",371861,2025-10-31 11:37:04,43.1866683959961,-9.09104251861572,"Unknown"
"7014852",371861,2025-10-31 11:42:04,43.1868171691895,-9.09098148345947,"Unknown"
"7014852",371861,2025-10-31 11:47:07,43.184513092041,-9.09179878234863,"Unknown"
"7014852",371861,2025-10-31 11:52:04,43.1845321655273,-9.09164524078369,"Unknown"
"7014852",371861,2025-10-31 11:57:04,43.184684753418,-9.09165096282959,"Unknown"
"7014852",371861,2025-10-31 12:02:04,43.1844749450684,-9.09150314331055,"Unknown"
"7014852",371861,2025-10-31 12:07:07,43.1844863891602,-9.09149360656738,"Unknown"
"7014852",371861,2025-10-31 12:12:05,43.1845283508301,-9.09153366088867,"Unknown"
"7014852",371861,2025-10-31 12:17:04,43.1845664978027,-9.09140777587891,"Unknown"
"7014852",371861,2025-10-31 12:22:05,43.1801376342773,-9.09125328063965,"Unknown"
"7014852",371861,2025-10-31 12:27:07,43.1798400878906,-9.09152793884277,"Unknown"
"7014852",371861,2025-10-31 12:32:06,43.1794853210449,-9.09184551239014,"Unknown"
"7014852",371861,2025-10-31 12:37:10,43.1798667907715,-9.09154891967773,"Unknown"
"7014852",371861,2025-10-31 12:42:04,43.1798667907715,-9.09148693084717,"Unknown"
"7014852",371861,2025-10-31 12:47:03,43.1798095703125,-9.09162998199463,"Unknown"
"7014852",371861,2025-10-31 12:52:03,43.179801940918,-9.09158420562744,"Unknown"
"7014852",371861,2025-10-31 12:57:04,43.1797790527344,-9.09151268005371,"Unknown"
"7014852",371861,2025-10-31 13:02:03,43.1797866821289,-9.09161567687988,"Unknown"
"7014852",371861,2025-10-31 13:07:03,43.1798210144043,-9.09153652191162,"Unknown"
"7014852",371861,2025-10-31 13:12:03,43.1798515319824,-9.09147453308105,"Unknown"
"7014852",371861,2025-10-31 13:17:04,43.1806106567383,-9.09174823760986,"Unknown"
"7014852",371861,2025-10-31 13:22:04,43.1806106567383,-9.09176635742188,"Unknown"
"7014852",371861,2025-10-31 13:27:03,43.1806755065918,-9.09145927429199,"Unknown"
"7014852",371861,2025-10-31 13:32:05,43.1808662414551,-9.0917387008667,"Unknown"
"7014852",371861,2025-10-31 13:37:05,43.1807479858398,-9.09165573120117,"Unknown"
"7014852",371861,2025-10-31 13:42:06,43.1806831359863,-9.09171962738037,"Unknown"
"7014852",371861,2025-10-31 13:47:07,43.1808319091797,-9.09179306030273,"Unknown"
"7014852",371861,2025-10-31 13:52:04,43.183162689209,-9.0910816192627,"Unknown"
"7014852",371861,2025-10-31 13:57:07,43.1831283569336,-9.0926628112793,"Unknown"
"7014852",371861,2025-10-31 14:02:05,43.1829261779785,-9.09168529510498,"Unknown"
"7014852",371861,2025-10-31 14:07:07,43.1826171875,-9.09164810180664,"Unknown"
"7014852",371861,2025-10-31 14:12:04,43.1825714111328,-9.09115982055664,"Unknown"
"7014852",371861,2025-10-31 14:17:04,43.1825675964355,-9.09111881256104,"Unknown"
"7014852",371861,2025-10-31 14:22:05,43.1822204589844,-9.09116840362549,"Unknown"
"7014852",371861,2025-10-31 14:27:06,43.1860885620117,-9.09058666229248,"Unknown"
"7014852",371861,2025-10-31 14:32:04,43.1847267150879,-9.09148788452148,"Unknown"
"7014852",371861,2025-10-31 14:37:04,43.1840591430664,-9.09238052368164,"Unknown"
"7014852",371861,2025-10-31 14:42:04,43.1846618652344,-9.09172534942627,"Unknown"
"7014852",371861,2025-10-31 14:47:06,43.1848106384277,-9.09121036529541,"Unknown"
"7014852",371861,2025-10-31 14:52:06,43.1846199035645,-9.09147834777832,"Unknown"
"7014852",371861,2025-10-31 14:57:06,43.1845779418945,-9.09141254425049,"Unknown"
"7014852",371861,2025-10-31 15:02:04,43.1857757568359,-9.09089088439941,"Unknown"
"7014852",371861,2025-10-31 15:07:03,43.1845245361328,-9.09220790863037,"Unknown"
"7014852",371861,2025-10-31 15:12:06,43.1845588684082,-9.09225177764893,"Unknown"
"7014852",371861,2025-10-31 15:17:06,43.1847763061523,-9.09265041351318,"Unknown"
"7014852",371861,2025-10-31 15:22:04,43.1845550537109,-9.09155368804932,"Unknown"
"7014852",371861,2025-10-31 15:27:04,43.1837387084961,-9.09265041351318,"Unknown"
"7014852",371861,2025-10-31 15:32:06,43.1863746643066,-9.09050559997559,"Unknown"
"7014852",371861,2025-10-31 15:37:06,43.1864624023438,-9.09041786193848,"Unknown"
"7014852",371861,2025-10-31 15:42:04,43.1849632263184,-9.09312343597412,"Unknown"
"7014852",371861,2025-10-31 15:47:06,43.186954498291,-9.09063053131104,"Unknown"
"7014852",371861,2025-10-31 15:52:12,43.1866607666016,-9.09095764160156,"Unknown"
"7014852",371861,2025-10-31 15:57:07,43.1870231628418,-9.09072208404541,"Unknown"
"7014852",371861,2025-10-31 16:02:06,43.186840057373,-9.09091949462891,"Unknown"
"7014852",371861,2025-10-31 16:07:15,43.186882019043,-9.09080505371094,"Unknown"
"7014852",371861,2025-10-31 16:12:04,43.1869621276855,-9.09094333648682,"Unknown"
"7014852",371861,2025-10-31 16:17:06,43.18701171875,-9.09080791473389,"Unknown"
"7014852",371861,2025-10-31 16:22:04,43.1869964599609,-9.09136867523193,"Unknown"
"7014852",371861,2025-10-31 16:27:06,43.1868896484375,-9.0900297164917,"Unknown"
"7014852",371861,2025-10-31 16:32:07,43.1868553161621,-9.090012550354,"Unknown"
"7014852",371861,2025-10-31 16:37:07,43.1830940246582,-9.09246158599854,"Unknown"
"7014852",371861,2025-10-31 16:42:04,43.1829414367676,-9.09245109558105,"Unknown"
"7014852",371861,2025-10-31 16:47:07,43.1851692199707,-9.09130477905273,"Unknown"
"7014852",371861,2025-10-31 16:52:10,43.1850929260254,-9.09127330780029,"Unknown"
"7014852",371861,2025-10-31 16:57:03,43.1849403381348,-9.09128665924072,"Unknown"
"7014852",371861,2025-10-31 17:02:07,43.1873016357422,-9.0908727645874,"Unknown"
"7014852",371861,2025-10-31 17:07:07,43.1895599365234,-9.09052848815918,"Unknown"
"7014852",371861,2025-10-31 17:12:08,43.189567565918,-9.09048366546631,"Unknown"
"7014852",371861,2025-10-31 17:17:09,43.1896286010742,-9.09060287475586,"Unknown"
"7014852",371861,2025-10-31 17:22:08,43.189582824707,-9.09043216705322,"Unknown"
"7014852",371861,2025-10-31 17:27:09,43.1894912719727,-9.0903844833374,"Unknown"
"7014852",371861,2025-10-31 17:32:05,43.1978187561035,-9.07352828979492,"Unknown"
"7014852",371861,2025-10-31 17:37:06,43.2235069274902,-9.04010486602783,"Unknown"
"7014852",371861,2025-10-31 17:42:06,43.2414283752441,-8.99549579620361,"Unknown"
"7014852",371861,2025-10-31 17:47:14,43.2768783569336,-8.96173095703125,"Unknown"
"7014852",371861,2025-10-31 17:52:35,43.3296051025391,-8.88869667053223,"Unknown"
"7014852",371861,2025-10-31 17:57:03,43.3462600708008,-8.85300350189209,"Unknown"
"7014852",371861,2025-10-31 18:02:03,43.3364715576172,-8.81102275848389,"Unknown"
"7014852",371861,2025-10-31 18:06:54,43.321647644043,-8.79211235046387,"Unknown"
"7014852",371861,2025-10-31 23:07:29,43.3590927124023,-8.40072059631348,"Unknown"
"7014852",371861,2025-11-01 04:07:23,43.3603858947754,-8.40533447265625,"Unknown"
"7014852",371861,2025-11-01 07:14:57,43.3370132446289,-8.42516899108887,"Unknown"
"7014852",371861,2025-11-01 07:24:58,43.3320693969727,-8.47161865234375,"Unknown"
"7014852",371861,2025-11-01 07:34:57,43.3120422363281,-8.52427864074707,"Unknown"
"7014852",371861,2025-11-01 07:45:05,43.3238410949707,-8.59378051757812,"Unknown"
"7014852",371861,2025-11-01 07:54:57,43.3151741027832,-8.63546562194824,"Unknown"
"7014852",371861,2025-11-01 08:04:57,43.2983055114746,-8.69319534301758,"Unknown"
"7014852",371861,2025-11-01 08:09:58,43.2917175292969,-8.69749355316162,"Unknown"
"7014852",371861,2025-11-01 08:19:59,43.2916374206543,-8.69757175445557,"Unknown"
"7014852",371861,2025-11-01 08:30:11,43.2943649291992,-8.7037992477417,"Unknown"
"7014852",371861,2025-11-01 08:35:15,43.3017578125,-8.73684120178223,"Unknown"
"7014852",371861,2025-11-01 08:40:24,43.3144645690918,-8.77182960510254,"Unknown"
"7014852",371861,2025-11-01 08:45:12,43.3205947875977,-8.8057279586792,"Unknown"
"7014852",371861,2025-11-01 08:55:05,43.3240127563477,-8.8098258972168,"Unknown"
"7014852",371861,2025-11-01 09:04:52,43.3238105773926,-8.84377098083496,"Unknown"
"7014852",371861,2025-11-01 09:11:08,43.3230857849121,-8.88945960998535,"Unknown"
"7014852",371861,2025-11-01 09:19:57,43.3074340820312,-8.92129039764404,"Unknown"
"7014852",371861,2025-11-01 09:24:57,43.2960395812988,-8.94554996490479,"Unknown"
"7014852",371861,2025-11-01 09:40:36,43.2555656433105,-9.01176452636719,"Unknown"
"7014852",371861,2025-11-01 09:49:49,43.2261009216309,-9.04047012329102,"Unknown"
"7014852",371861,2025-11-01 09:54:47,43.2107315063477,-9.05752944946289,"Unknown"
"7014852",371861,2025-11-01 09:59:51,43.1947135925293,-9.07986640930176,"Unknown"
"7014852",371861,2025-11-01 10:04:48,43.1872291564941,-9.09068965911865,"Unknown"
"7014852",371861,2025-11-01 10:10:06,43.1871757507324,-9.09047698974609,"Unknown"
"7014852",371861,2025-11-01 10:14:47,43.1870574951172,-9.09037017822266,"Unknown"
"7014852",371861,2025-11-01 10:19:47,43.1871337890625,-9.09066867828369,"Unknown"
"7014852",371861,2025-11-01 10:24:46,43.187313079834,-9.09094905853271,"Unknown"
"7014852",371861,2025-11-01 10:29:49,43.1861419677734,-9.09070014953613,"Unknown"
"7014852",371861,2025-11-01 10:39:47,43.1861801147461,-9.09063148498535,"Unknown"
"7014852",371861,2025-11-01 10:44:49,43.1860885620117,-9.09057521820068,"Unknown"
"7014852",371861,2025-11-01 10:49:49,43.1861801147461,-9.09057521820068,"Unknown"
"7014852",371861,2025-11-01 10:54:47,43.1862335205078,-9.090576171875,"Unknown"
"7014852",371861,2025-11-01 10:59:51,43.1860771179199,-9.0907735824585,"Unknown"
"7014852",371861,2025-11-01 11:04:54,43.1847152709961,-9.09149360656738,"Unknown"
"7014852",371861,2025-11-01 11:09:53,43.1858558654785,-9.0911340713501,"Unknown"
"7014852",371861,2025-11-01 11:14:46,43.1859512329102,-9.09131050109863,"Unknown"
"7014852",371861,2025-11-01 11:19:46,43.1859359741211,-9.09143924713135,"Unknown"
"7014852",371861,2025-11-01 11:24:46,43.1857795715332,-9.09095001220703,"Unknown"
"7014852",371861,2025-11-01 11:29:46,43.1871910095215,-9.09078311920166,"Unknown"
"7014852",371861,2025-11-01 11:35:00,43.1868476867676,-9.09107208251953,"Unknown"
"7014852",371861,2025-11-01 11:39:47,43.1848449707031,-9.09164142608643,"Unknown"
"7014852",371861,2025-11-01 11:44:55,43.1843414306641,-9.09233283996582,"Unknown"
"7014852",371861,2025-11-01 11:49:55,43.184440612793,-9.09234714508057,"Unknown"
"7014852",371861,2025-11-01 11:54:52,43.1845016479492,-9.09208202362061,"Unknown"
"7014852",371861,2025-11-01 11:59:49,43.1870727539062,-9.09073066711426,"Unknown"
"7014852",371861,2025-11-01 12:05:08,43.1870613098145,-9.09076404571533,"Unknown"
"7014852",371861,2025-11-01 12:09:45,43.1853675842285,-9.09086322784424,"Unknown"
"7014852",371861,2025-11-01 12:14:54,43.1866455078125,-9.09090137481689,"Unknown"
"7014852",371861,2025-11-01 12:19:48,43.1867294311523,-9.09089851379395,"Unknown"
"7014852",371861,2025-11-01 12:24:47,43.1851234436035,-9.0918664932251,"Unknown"
"7014852",371861,2025-11-01 12:29:48,43.184871673584,-9.09142208099365,"Unknown"
"7014852",371861,2025-11-01 12:34:46,43.1844367980957,-9.09109401702881,"Unknown"
"7014852",371861,2025-11-01 12:39:48,43.1844596862793,-9.09111213684082,"Unknown"
"7014852",371861,2025-11-01 12:44:52,43.1842880249023,-9.09114551544189,"Unknown"
"7014852",371861,2025-11-01 12:49:46,43.1841316223145,-9.09151649475098,"Unknown"
"7014852",371861,2025-11-01 12:54:45,43.1843528747559,-9.09142208099365,"Unknown"
"7014852",371861,2025-11-01 12:59:52,43.1841850280762,-9.09146690368652,"Unknown"
"7014852",371861,2025-11-01 13:04:45,43.1844024658203,-9.09105968475342,"Unknown"
"7014852",371861,2025-11-01 13:09:48,43.18505859375,-9.09086894989014,"Unknown"
"7014852",371861,2025-11-01 13:14:45,43.1850776672363,-9.09067916870117,"Unknown"
"7014852",371861,2025-11-01 13:19:46,43.1872596740723,-9.09202480316162,"Unknown"
"7014852",371861,2025-11-01 13:24:47,43.1857414245605,-9.10543251037598,"Unknown"
"7014852",371861,2025-11-01 13:29:54,43.1850357055664,-9.10514831542969,"Unknown"
"7014852",371861,2025-11-01 13:34:48,43.1852340698242,-9.10539436340332,"Unknown"
"7014852",371861,2025-11-01 13:39:48,43.1852035522461,-9.10544490814209,"Unknown"
"7014852",371861,2025-11-01 13:44:53,43.1855278015137,-9.10526943206787,"Unknown"
"7014852",371861,2025-11-01 13:49:55,43.1855278015137,-9.10542392730713,"Unknown"
"7014852",371861,2025-11-01 13:54:54,43.1851959228516,-9.10518264770508,"Unknown"
"7014852",371861,2025-11-01 13:59:48,43.1853981018066,-9.10524368286133,"Unknown"
"7014852",371861,2025-11-01 14:04:49,43.1852531433105,-9.10526752471924,"Unknown"
"7014852",371861,2025-11-01 14:09:47,43.1853713989258,-9.10547065734863,"Unknown"
"7014852",371861,2025-11-01 14:14:48,43.1853675842285,-9.10530757904053,"Unknown"
"7014852",371861,2025-11-01 14:19:48,43.1853485107422,-9.10533428192139,"Unknown"
"7014852",371861,2025-11-01 14:24:47,43.1852684020996,-9.10532569885254,"Unknown"
"7014852",371861,2025-11-01 14:29:47,43.185359954834,-9.10539150238037,"Unknown"
"7014852",371861,2025-11-01 14:34:52,43.1852493286133,-9.10538101196289,"Unknown"
"7014852",371861,2025-11-01 14:39:56,43.1858100891113,-9.10592937469482,"Unknown"
"7014852",371861,2025-11-01 14:44:53,43.1852111816406,-9.10542678833008,"Unknown"
"7014852",371861,2025-11-01 14:49:54,43.1852073669434,-9.10540580749512,"Unknown"
"7014852",371861,2025-11-01 14:54:58,43.1852416992188,-9.10540199279785,"Unknown"
"7014852",371861,2025-11-01 15:00:05,43.1853408813477,-9.10562515258789,"Unknown"
"7014852",371861,2025-11-01 15:04:54,43.1853294372559,-9.10564041137695,"Unknown"
"7014852",371861,2025-11-01 15:10:00,43.1853981018066,-9.10557651519775,"Unknown"
"7014852",371861,2025-11-01 15:14:48,43.1853256225586,-9.1055154800415,"Unknown"
"7014852",371861,2025-11-01 15:19:45,43.1854934692383,-9.10557842254639,"Unknown"
"7014852",371861,2025-11-01 15:24:47,43.1856155395508,-9.10570335388184,"Unknown"
"7014852",371861,2025-11-01 15:29:47,43.1855773925781,-9.10570907592773,"Unknown"
"7014852",371861,2025-11-01 15:34:46,43.1856918334961,-9.10575008392334,"Unknown"
"7014852",371861,2025-11-01 15:39:48,43.1855964660645,-9.10567855834961,"Unknown"
"7014852",371861,2025-11-01 15:44:47,43.1856117248535,-9.10569667816162,"Unknown"
"7014852",371861,2025-11-01 15:49:53,43.1857833862305,-9.10577392578125,"Unknown"
"7014852",371861,2025-11-01 15:54:54,43.1857833862305,-9.10583209991455,"Unknown"
"7014852",371861,2025-11-01 15:59:49,43.1859588623047,-9.10577774047852,"Unknown"
"7014852",371861,2025-11-01 16:04:46,43.1888580322266,-9.10528564453125,"Unknown"
"7014852",371861,2025-11-01 16:09:45,43.1889228820801,-9.10527324676514,"Unknown"
"7014852",371861,2025-11-01 16:14:47,43.1884765625,-9.10489463806152,"Unknown"
"7014852",371861,2025-11-01 16:20:02,43.1887741088867,-9.1052770614624,"Unknown"
"7014852",371861,2025-11-01 16:24:45,43.1888389587402,-9.10534858703613,"Unknown"
"7014852",371861,2025-11-01 16:30:03,43.1887397766113,-9.10525703430176,"Unknown"
"7014852",371861,2025-11-01 16:34:44,43.1887130737305,-9.10524559020996,"Unknown"
"7014852",371861,2025-11-01 16:39:45,43.1887588500977,-9.10530281066895,"Unknown"
"7014852",371861,2025-11-01 16:44:45,43.1887474060059,-9.10528373718262,"Unknown"
"7014852",371861,2025-11-01 16:49:46,43.1887512207031,-9.1055850982666,"Unknown"
"7014852",371861,2025-11-01 16:54:46,43.1887626647949,-9.10542869567871,"Unknown"
"7014852",371861,2025-11-01 16:59:46,43.1886520385742,-9.10500907897949,"Unknown"
"7014852",371861,2025-11-01 17:04:49,43.1896667480469,-9.09053611755371,"Unknown"
"7014852",371861,2025-11-01 17:09:47,43.1896858215332,-9.09079170227051,"Unknown"
"7014852",371861,2025-11-01 17:14:48,43.1896781921387,-9.09085655212402,"Unknown"
"7014852",371861,2025-11-01 17:19:49,43.1896705627441,-9.09066390991211,"Unknown"
"7014852",371861,2025-11-01 17:24:47,43.189640045166,-9.09044933319092,"Unknown"
"7014852",371861,2025-11-01 17:29:46,43.1896896362305,-9.0905179977417,"Unknown"
"7014852",371861,2025-11-01 17:34:48,43.1897468566895,-9.09032917022705,"Unknown"
"7014852",371861,2025-11-01 17:39:47,43.1979217529297,-9.09512519836426,"Unknown"
"7014852",371861,2025-11-01 17:44:49,43.2052230834961,-9.09408760070801,"Unknown"
"7014852",371861,2025-11-01 17:49:54,43.2052726745605,-9.09395408630371,"Unknown"
"7014852",371861,2025-11-01 17:54:48,43.2090606689453,-9.08609771728516,"Unknown"
"7014852",371861,2025-11-01 17:59:50,43.2166366577148,-9.06505584716797,"Unknown"
"7014852",371861,2025-11-01 18:06:45,43.2580070495605,-9.01425838470459,"Unknown"
"7014852",371861,2025-11-01 23:06:51,43.3591728210449,-8.40027809143066,"Unknown"
"7014852",371861,2025-11-02 04:07:06,43.3604469299316,-8.40343379974365,"Unknown"
"7014852",371861,2025-11-02 07:16:50,43.3501091003418,-8.42101764678955,"Unknown"
"7014852",371861,2025-11-02 07:26:50,43.350025177002,-8.42866992950439,"Unknown"
"7014852",371861,2025-11-02 07:31:50,43.3502464294434,-8.43410873413086,"Unknown"
"7014852",371861,2025-11-02 07:37:44,43.3505554199219,-8.44512271881104,"Unknown"
"7014852",371861,2025-11-02 07:46:50,43.3471488952637,-8.43972969055176,"Unknown"
"7014852",371861,2025-11-02 07:56:50,43.3472061157227,-8.4396915435791,"Unknown"
"7014852",371861,2025-11-02 08:06:49,43.3498229980469,-8.42848587036133,"Unknown"
"7014852",371861,2025-11-02 08:16:49,43.3498954772949,-8.42836666107178,"Unknown"
"7014852",371861,2025-11-02 08:26:50,43.3497924804688,-8.42828369140625,"Unknown"
"7014852",371861,2025-11-02 08:36:54,43.3498191833496,-8.42821025848389,"Unknown"
"7014852",371861,2025-11-02 08:41:53,43.3497734069824,-8.42805576324463,"Unknown"
"7014852",371861,2025-11-02 08:51:50,43.3495101928711,-8.42773723602295,"Unknown"
"7014852",371861,2025-11-02 09:02:14,43.3498840332031,-8.42821407318115,"Unknown"
"7014852",371861,2025-11-02 09:06:49,43.3497848510742,-8.42720985412598,"Unknown"
"7014852",371861,2025-11-02 09:11:51,43.349983215332,-8.42811393737793,"Unknown"
"7014852",371861,2025-11-02 09:21:59,43.3502616882324,-8.42804336547852,"Unknown"
"7014852",371861,2025-11-02 09:26:49,43.3540534973145,-8.42398262023926,"Unknown"
"7014852",371861,2025-11-02 09:31:49,43.3539047241211,-8.4249439239502,"Unknown"
"7014852",371861,2025-11-02 09:36:49,43.353946685791,-8.42523860931396,"Unknown"
"7014852",371861,2025-11-02 09:41:49,43.3538665771484,-8.42524528503418,"Unknown"
"7014852",371861,2025-11-02 09:47:23,43.3526725769043,-8.42743396759033,"Unknown"
"7014852",371861,2025-11-02 09:51:49,43.3525848388672,-8.42732524871826,"Unknown"
"7014852",371861,2025-11-02 09:56:49,43.3528099060059,-8.4271993637085,"Unknown"
"7014852",371861,2025-11-02 10:01:49,43.352783203125,-8.42725944519043,"Unknown"
"7014852",371861,2025-11-02 10:06:49,43.3527908325195,-8.42720031738281,"Unknown"
"7014852",371861,2025-11-02 10:11:50,43.3527717590332,-8.42727470397949,"Unknown"
"7014852",371861,2025-11-02 10:16:49,43.3524971008301,-8.42753982543945,"Unknown"
"7014852",371861,2025-11-02 10:21:49,43.3525314331055,-8.42743396759033,"Unknown"
"7014852",371861,2025-11-02 10:26:49,43.352611541748,-8.4276065826416,"Unknown"
"7014852",371861,2025-11-02 10:31:49,43.3525466918945,-8.42738342285156,"Unknown"
"7014852",371861,2025-11-02 10:36:51,43.3495903015137,-8.4281177520752,"Unknown"
"7014852",371861,2025-11-02 10:42:02,43.3500747680664,-8.42496490478516,"Unknown"
"7014852",371861,2025-11-02 10:46:49,43.350212097168,-8.42484855651855,"Unknown"
"7014852",371861,2025-11-02 10:51:51,43.3501472473145,-8.42477512359619,"Unknown"
"7014852",371861,2025-11-02 10:56:49,43.3501892089844,-8.42477416992188,"Unknown"
"7014852",371861,2025-11-02 11:01:49,43.350227355957,-8.42481708526611,"Unknown"
"7014852",371861,2025-11-02 11:06:49,43.3501892089844,-8.42477321624756,"Unknown"
"7014852",371861,2025-11-02 11:11:49,43.3513946533203,-8.42414665222168,"Unknown"
"7014852",371861,2025-11-02 11:16:51,43.3503913879395,-8.42422199249268,"Unknown"
"7014852",371861,2025-11-02 11:21:49,43.3503837585449,-8.42433738708496,"Unknown"
"7014852",371861,2025-11-02 11:26:49,43.3518524169922,-8.41314315795898,"Unknown"
"7014852",371861,2025-11-02 11:31:49,43.3569183349609,-8.41507530212402,"Unknown"
"7014852",371861,2025-11-02 11:36:49,43.3568801879883,-8.41559791564941,"Unknown"
"7014852",371861,2025-11-02 11:41:49,43.3574638366699,-8.41921234130859,"Unknown"
"7014852",371861,2025-11-02 11:46:50,43.3566131591797,-8.42403888702393,"Unknown"
"7014852",371861,2025-11-02 11:51:49,43.3546752929688,-8.42164516448975,"Unknown"
"7014852",371861,2025-11-02 11:56:49,43.3551406860352,-8.42197322845459,"Unknown"
"7014852",371861,2025-11-02 12:01:51,43.3552207946777,-8.42196559906006,"Unknown"
"7014852",371861,2025-11-02 12:06:49,43.3547439575195,-8.42237091064453,"Unknown"
"7014852",371861,2025-11-02 12:11:50,43.3552513122559,-8.4227933883667,"Unknown"
"7014852",371861,2025-11-02 12:16:50,43.353874206543,-8.41968536376953,"Unknown"
"7014852",371861,2025-11-02 12:21:49,43.3549919128418,-8.42211532592773,"Unknown"
"7014852",371861,2025-11-02 12:26:49,43.3533325195312,-8.4251127243042,"Unknown"
"7014852",371861,2025-11-02 12:31:51,43.3534469604492,-8.42547130584717,"Unknown"
"7014852",371861,2025-11-02 12:36:49,43.3534622192383,-8.42535209655762,"Unknown"
"7014852",371861,2025-11-02 12:41:50,43.3555717468262,-8.42232990264893,"Unknown"
"7014852",371861,2025-11-02 12:46:49,43.3498992919922,-8.42001152038574,"Unknown"
"7014852",371861,2025-11-02 12:51:50,43.3522071838379,-8.41645336151123,"Unknown"
"7014852",371861,2025-11-02 12:56:49,43.3522338867188,-8.41558361053467,"Unknown"
"7014852",371861,2025-11-02 13:01:51,43.3525085449219,-8.41551208496094,"Unknown"
"7014852",371861,2025-11-02 13:06:49,43.3541488647461,-8.4241418838501,"Unknown"
"7014852",371861,2025-11-02 13:11:49,43.3679389953613,-8.42074012756348,"Unknown"
"7014852",371861,2025-11-02 13:16:51,43.3666572570801,-8.42194175720215,"Unknown"
"7014852",371861,2025-11-02 13:21:51,43.3667182922363,-8.42208576202393,"Unknown"
"7014852",371861,2025-11-02 13:26:49,43.3576965332031,-8.42707633972168,"Unknown"
"7014852",371861,2025-11-02 13:31:50,43.3568458557129,-8.42709255218506,"Unknown"
"7014852",371861,2025-11-02 13:36:49,43.3512496948242,-8.43950080871582,"Unknown"
"7014852",371861,2025-11-02 13:41:51,43.3483390808105,-8.45357799530029,"Unknown"
"7014852",371861,2025-11-02 13:46:49,43.3541145324707,-8.4585075378418,"Unknown"
"7014852",371861,2025-11-02 13:51:49,43.3541221618652,-8.45843696594238,"Unknown"
"7014852",371861,2025-11-02 13:56:50,43.3566360473633,-8.45321083068848,"Unknown"
"7014852",371861,2025-11-02 14:01:51,43.3667449951172,-8.45285034179688,"Unknown"
"7014852",371861,2025-11-02 14:06:50,43.3891830444336,-8.40602874755859,"Unknown"
"7014852",371861,2025-11-02 14:11:49,43.3729400634766,-8.40331554412842,"Unknown"
"7014852",371861,2025-11-02 14:16:50,43.3594245910645,-8.42089176177979,"Unknown"
"7014852",371861,2025-11-02 14:21:49,43.3501052856445,-8.41966152191162,"Unknown"
"7014852",371861,2025-11-02 14:26:49,43.350887298584,-8.41520881652832,"Unknown"
"7014852",371861,2025-11-02 14:31:50,43.3453826904297,-8.41536712646484,"Unknown"
"7014852",371861,2025-11-02 14:36:49,43.3502044677734,-8.41831588745117,"Unknown"
"7014852",371861,2025-11-02 14:41:50,43.3533630371094,-8.42491149902344,"Unknown"
"7014852",371861,2025-11-02 14:46:50,43.3533210754395,-8.4247989654541,"Unknown"
"7014852",371861,2025-11-02 14:51:52,43.3531951904297,-8.42451190948486,"Unknown"
"7014852",371861,2025-11-02 14:56:50,43.3548698425293,-8.42027950286865,"Unknown"
"7014852",371861,2025-11-02 15:02:00,43.3553047180176,-8.42134284973145,"Unknown"
"7014852",371861,2025-11-02 15:06:55,43.3555450439453,-8.41983413696289,"Unknown"
"7014852",371861,2025-11-02 15:12:00,43.3554534912109,-8.42094993591309,"Unknown"
"7014852",371861,2025-11-02 15:16:50,43.3556480407715,-8.42128562927246,"Unknown"
"7014852",371861,2025-11-02 15:22:13,43.3535346984863,-8.42281723022461,"Unknown"
"7014852",371861,2025-11-02 15:26:49,43.3498115539551,-8.42732524871826,"Unknown"
"7014852",371861,2025-11-02 15:31:49,43.3497924804688,-8.42710018157959,"Unknown"
"7014852",371861,2025-11-02 15:36:49,43.349479675293,-8.42726135253906,"Unknown"
"7014852",371861,2025-11-02 15:41:49,43.3495635986328,-8.42741775512695,"Unknown"
"7014852",371861,2025-11-02 15:46:49,43.3497085571289,-8.42785167694092,"Unknown"
"7014852",371861,2025-11-02 15:51:51,43.3499183654785,-8.42853260040283,"Unknown"
"7014852",371861,2025-11-02 15:56:50,43.3498191833496,-8.42699718475342,"Unknown"
"7014852",371861,2025-11-02 16:01:52,43.3499183654785,-8.4270601272583,"Unknown"
"7014852",371861,2025-11-02 16:06:51,43.3496932983398,-8.42742347717285,"Unknown"
"7014852",371861,2025-11-02 16:11:50,43.3497657775879,-8.42736148834229,"Unknown"
"7014852",371861,2025-11-02 16:16:50,43.3498001098633,-8.42746639251709,"Unknown"
"7014852",371861,2025-11-02 16:21:54,43.3498153686523,-8.42758655548096,"Unknown"
"7014852",371861,2025-11-02 16:26:54,43.3496208190918,-8.42728519439697,"Unknown"
"7014852",371861,2025-11-02 16:31:55,43.3496589660645,-8.42756652832031,"Unknown"
"7014852",371861,2025-11-02 16:37:00,43.3506278991699,-8.42447853088379,"Unknown"
"7014852",371861,2025-11-02 16:41:51,43.350887298584,-8.42463874816895,"Unknown"
"7014852",371861,2025-11-02 16:47:00,43.3506546020508,-8.42446994781494,"Unknown"
"7014852",371861,2025-11-02 16:51:49,43.3506088256836,-8.42440128326416,"Unknown"
"7014852",371861,2025-11-02 16:56:52,43.3516807556152,-8.42288589477539,"Unknown"
"7014852",371861,2025-11-02 17:02:10,43.3555603027344,-8.42117691040039,"Unknown"
"7014852",371861,2025-11-02 17:06:51,43.355770111084,-8.42134189605713,"Unknown"
"7014852",371861,2025-11-02 17:11:51,43.3551559448242,-8.42086696624756,"Unknown"
"7014852",371861,2025-11-02 17:16:54,43.3551750183105,-8.42065620422363,"Unknown"
"7014852",371861,2025-11-02 17:22:01,43.3556175231934,-8.42110061645508,"Unknown"
"7014852",371861,2025-11-02 17:26:54,43.3551445007324,-8.42038726806641,"Unknown"
"7014852",371861,2025-11-02 17:32:04,43.3551635742188,-8.42074584960938,"Unknown"
"7014852",371861,2025-11-02 17:36:58,43.3553581237793,-8.4208927154541,"Unknown"
"7014852",371861,2025-11-02 17:42:06,43.3558692932129,-8.41449069976807,"Unknown"
"7014852",371861,2025-11-02 17:47:14,43.3589057922363,-8.40036106109619,"Unknown"
"7014852",371861,2025-11-02 17:51:49,43.3591384887695,-8.40031147003174,"Unknown"
"7014852",371861,2025-11-02 17:56:59,43.3588752746582,-8.4003963470459,"Unknown"
"7014852",371861,2025-11-02 18:02:36,43.3588638305664,-8.40040969848633,"Unknown"
"7014852",371861,2025-11-02 23:03:05,43.3595199584961,-8.39989185333252,"Unknown"
"7014852",371861,2025-11-03 04:02:42,43.3598213195801,-8.39969539642334,"Unknown"
"7014852",371861,2025-11-03 07:16:00,43.3328437805176,-8.42305278778076,"Unknown"
"7014852",371861,2025-11-03 07:20:59,43.3336982727051,-8.42294025421143,"Unknown"
"7014852",371861,2025-11-03 07:25:58,43.344295501709,-8.42569160461426,"Unknown"
"7014852",371861,2025-11-03 07:31:02,43.3493118286133,-8.42750072479248,"Unknown"
"7014852",371861,2025-11-03 07:35:55,43.3492050170898,-8.42749977111816,"Unknown"
"7014852",371861,2025-11-03 07:41:01,43.3493347167969,-8.42786502838135,"Unknown"
"7014852",371861,2025-11-03 07:46:00,43.3497543334961,-8.44007205963135,"Unknown"
"7014852",371861,2025-11-03 07:51:12,43.3615341186523,-8.46316909790039,"Unknown"
"7014852",371861,2025-11-03 07:56:08,43.3603782653809,-8.50239086151123,"Unknown"
"7014852",371861,2025-11-03 08:01:03,43.348030090332,-8.53060913085938,"Unknown"
"7014852",371861,2025-11-03 08:06:00,43.3426971435547,-8.57024383544922,"Unknown"
"7014852",371861,2025-11-03 08:11:00,43.3419494628906,-8.60685062408447,"Unknown"
"7014852",371861,2025-11-03 08:16:13,43.3404235839844,-8.64418888092041,"Unknown"
"7014852",371861,2025-11-03 08:21:15,43.3399543762207,-8.68368625640869,"Unknown"
"7014852",371861,2025-11-03 08:26:10,43.3350715637207,-8.71938228607178,"Unknown"
"7014852",371861,2025-11-03 08:31:05,43.3261833190918,-8.74896430969238,"Unknown"
"7014852",371861,2025-11-03 08:36:04,43.320140838623,-8.78296661376953,"Unknown"
"7014852",371861,2025-11-03 08:41:05,43.3237419128418,-8.81526374816895,"Unknown"
"7014852",371861,2025-11-03 08:46:07,43.3441390991211,-8.83326625823975,"Unknown"
"7014852",371861,2025-11-03 08:51:23,43.3442420959473,-8.83333778381348,"Unknown"
"7014852",371861,2025-11-03 08:55:51,43.3442153930664,-8.83343315124512,"Unknown"
"7014852",371861,2025-11-03 09:00:52,43.3442192077637,-8.83346366882324,"Unknown"
"7014852",371861,2025-11-03 09:05:51,43.3447036743164,-8.86037921905518,"Unknown"
"7014852",371861,2025-11-03 09:10:51,43.3332443237305,-8.8895378112793,"Unknown"
"7014852",371861,2025-11-03 09:15:52,43.3219032287598,-8.91179084777832,"Unknown"
"7014852",371861,2025-11-03 09:20:51,43.3079833984375,-8.93440437316895,"Unknown"
"7014852",371861,2025-11-03 09:25:51,43.2943458557129,-8.96130561828613,"Unknown"
"7014852",371861,2025-11-03 09:30:51,43.2819671630859,-8.98804473876953,"Unknown"
"7014852",371861,2025-11-03 09:35:52,43.2640113830566,-9.00403785705566,"Unknown"
"7014852",371861,2025-11-03 09:41:00,43.2439918518066,-9.02175903320312,"Unknown"
"7014852",371861,2025-11-03 09:45:51,43.226490020752,-9.03856468200684,"Unknown"
"7014852",371861,2025-11-03 09:50:53,43.2071342468262,-9.05716896057129,"Unknown"
"7014852",371861,2025-11-03 09:55:53,43.1919021606445,-9.07635879516602,"Unknown"
"7014852",371861,2025-11-03 10:01:14,43.1846237182617,-9.09131050109863,"Unknown"
"7014852",371861,2025-11-03 10:05:54,43.1844444274902,-9.09027194976807,"Unknown"
"7014852",371861,2025-11-03 10:10:51,43.1845245361328,-9.09097480773926,"Unknown"
"7014852",371861,2025-11-03 10:15:51,43.1865425109863,-9.0901460647583,"Unknown"
"7014852",371861,2025-11-03 10:20:52,43.1862983703613,-9.08949184417725,"Unknown"
"7014852",371861,2025-11-03 10:25:52,43.1866111755371,-9.09061336517334,"Unknown"
"7014852",371861,2025-11-03 10:30:53,43.1866416931152,-9.09057807922363,"Unknown"
"7014852",371861,2025-11-03 10:35:59,43.1867218017578,-9.0907506942749,"Unknown"
"7014852",371861,2025-11-03 10:40:52,43.1870040893555,-9.09056758880615,"Unknown"
"7014852",371861,2025-11-03 10:45:51,43.1864891052246,-9.09100151062012,"Unknown"
"7014852",371861,2025-11-03 10:51:29,43.1838264465332,-9.09159660339355,"Unknown"
"7014852",371861,2025-11-03 10:55:55,43.1829681396484,-9.09239864349365,"Unknown"
"7014852",371861,2025-11-03 11:00:58,43.1829147338867,-9.0927677154541,"Unknown"
"7014852",371861,2025-11-03 11:06:02,43.1831283569336,-9.09252738952637,"Unknown"
"7014852",371861,2025-11-03 11:10:55,43.1830406188965,-9.09255981445312,"Unknown"
"7014852",371861,2025-11-03 11:15:55,43.1828918457031,-9.09196853637695,"Unknown"
"7014852",371861,2025-11-03 11:20:54,43.1828079223633,-9.09211349487305,"Unknown"
"7014852",371861,2025-11-03 11:25:52,43.1852569580078,-9.09118747711182,"Unknown"
"7014852",371861,2025-11-03 11:30:52,43.1851959228516,-9.09193992614746,"Unknown"
"7014852",371861,2025-11-03 11:36:03,43.1799354553223,-9.09154319763184,"Unknown"
"7014852",371861,2025-11-03 11:41:12,43.1799659729004,-9.09171009063721,"Unknown"
"7014852",371861,2025-11-03 11:45:53,43.1802749633789,-9.09139823913574,"Unknown"
"7014852",371861,2025-11-03 11:50:54,43.1800842285156,-9.09198665618896,"Unknown"
"7014852",371861,2025-11-03 11:55:51,43.1800956726074,-9.09227561950684,"Unknown"
"7014852",371861,2025-11-03 12:00:53,43.1801071166992,-9.09176254272461,"Unknown"
"7014852",371861,2025-11-03 12:05:53,43.1800346374512,-9.09167861938477,"Unknown"
"7014852",371861,2025-11-03 12:10:55,43.1849136352539,-9.09118747711182,"Unknown"
"7014852",371861,2025-11-03 12:16:01,43.1847496032715,-9.09138011932373,"Unknown"
"7014852",371861,2025-11-03 12:20:57,43.1843757629395,-9.09088230133057,"Unknown"
"7014852",371861,2025-11-03 12:25:52,43.183967590332,-9.09098339080811,"Unknown"
"7014852",371861,2025-11-03 12:31:23,43.1843795776367,-9.09122276306152,"Unknown"
"7014852",371861,2025-11-03 12:35:55,43.1860046386719,-9.09237098693848,"Unknown"
"7014852",371861,2025-11-03 12:41:21,43.1857032775879,-9.09241104125977,"Unknown"
"7014852",371861,2025-11-03 12:45:51,43.1855278015137,-9.10458374023438,"Unknown"
"7014852",371861,2025-11-03 12:50:51,43.1855354309082,-9.10529136657715,"Unknown"
"7014852",371861,2025-11-03 12:55:51,43.1853256225586,-9.10512733459473,"Unknown"
"7014852",371861,2025-11-03 13:00:51,43.1886253356934,-9.10464096069336,"Unknown"
"7014852",371861,2025-11-03 13:05:51,43.1881294250488,-9.10504150390625,"Unknown"
"7014852",371861,2025-11-03 13:10:51,43.1882362365723,-9.10458087921143,"Unknown"
"7014852",371861,2025-11-03 13:15:52,43.1884269714355,-9.10439395904541,"Unknown"
"7014852",371861,2025-11-03 13:20:54,43.1885452270508,-9.1043176651001,"Unknown"
"7014852",371861,2025-11-03 13:25:55,43.1886024475098,-9.10423183441162,"Unknown"
"7014852",371861,2025-11-03 13:31:00,43.1882858276367,-9.10444641113281,"Unknown"
"7014852",371861,2025-11-03 13:36:23,43.1882858276367,-9.10449028015137,"Unknown"
"7014852",371861,2025-11-03 13:40:51,43.1883125305176,-9.10452651977539,"Unknown"
"7014852",371861,2025-11-03 13:45:51,43.1884155273438,-9.10447311401367,"Unknown"
"7014852",371861,2025-11-03 13:50:51,43.1883926391602,-9.1044921875,"Unknown"
"7014852",371861,2025-11-03 13:55:51,43.1883277893066,-9.10450172424316,"Unknown"
"7014852",371861,2025-11-03 14:00:52,43.1883544921875,-9.1045036315918,"Unknown"
"7014852",371861,2025-11-03 14:05:51,43.1883354187012,-9.10453605651855,"Unknown"
"7014852",371861,2025-11-03 14:10:51,43.188304901123,-9.10445880889893,"Unknown"
"7014852",371861,2025-11-03 14:15:53,43.1883773803711,-9.10444831848145,"Unknown"
"7014852",371861,2025-11-03 14:20:56,43.188289642334,-9.10444927215576,"Unknown"
"7014852",371861,2025-11-03 14:25:52,43.1886024475098,-9.10447216033936,"Unknown"
"7014852",371861,2025-11-03 14:30:52,43.1887092590332,-9.10444450378418,"Unknown"
"7014852",371861,2025-11-03 14:35:54,43.1885757446289,-9.10449409484863,"Unknown"
"7014852",371861,2025-11-03 14:40:53,43.1883850097656,-9.10437488555908,"Unknown"
"7014852",371861,2025-11-03 14:45:54,43.1883316040039,-9.10441017150879,"Unknown"
"7014852",371861,2025-11-03 14:50:52,43.1887893676758,-9.10454559326172,"Unknown"
"7014852",371861,2025-11-03 14:55:54,43.1886100769043,-9.10454273223877,"Unknown"
"7014852",371861,2025-11-03 15:00:52,43.1885604858398,-9.10445976257324,"Unknown"
"7014852",371861,2025-11-03 15:05:53,43.1884574890137,-9.10443782806396,"Unknown"
"7014852",371861,2025-11-03 15:10:54,43.1878356933594,-9.10413074493408,"Unknown"
"7014852",371861,2025-11-03 15:15:53,43.1885566711426,-9.10452270507812,"Unknown"
"7014852",371861,2025-11-03 15:20:51,43.1885299682617,-9.10455131530762,"Unknown"
"7014852",371861,2025-11-03 15:25:59,43.1883316040039,-9.10441112518311,"Unknown"
"7014852",371861,2025-11-03 15:30:52,43.1882400512695,-9.10435581207275,"Unknown"
"7014852",371861,2025-11-03 15:35:52,43.1883506774902,-9.104323387146,"Unknown"
"7014852",371861,2025-11-03 15:41:03,43.1884117126465,-9.10444355010986,"Unknown"
"7014852",371861,2025-11-03 15:45:55,43.1884078979492,-9.10442352294922,"Unknown"
"7014852",371861,2025-11-03 15:51:18,43.1886329650879,-9.1045093536377,"Unknown"
"7014852",371861,2025-11-03 15:55:59,43.1885261535645,-9.10452938079834,"Unknown"
"7014852",371861,2025-11-03 16:00:56,43.1881942749023,-9.10441875457764,"Unknown"
"7014852",371861,2025-11-03 16:06:10,43.1885375976562,-9.10460758209229,"Unknown"
"7014852",371861,2025-11-03 16:11:21,43.1883163452148,-9.10454940795898,"Unknown"
"7014852",371861,2025-11-03 16:15:50,43.188419342041,-9.10441398620605,"Unknown"
"7014852",371861,2025-11-03 16:20:51,43.1883850097656,-9.10440826416016,"Unknown"
"7014852",371861,2025-11-03 16:25:50,43.1885719299316,-9.10511779785156,"Unknown"
"7014852",371861,2025-11-03 16:30:50,43.1886367797852,-9.10494232177734,"Unknown"
"7014852",371861,2025-11-03 16:35:54,43.1885643005371,-9.10505104064941,"Unknown"
"7014852",371861,2025-11-03 16:40:50,43.1885147094727,-9.10432910919189,"Unknown"
"7014852",371861,2025-11-03 16:45:50,43.1884346008301,-9.10442733764648,"Unknown"
"7014852",371861,2025-11-03 16:50:50,43.188362121582,-9.10439205169678,"Unknown"
"7014852",371861,2025-11-03 16:55:51,43.1884841918945,-9.10434627532959,"Unknown"
"7014852",371861,2025-11-03 17:00:50,43.1884384155273,-9.10447216033936,"Unknown"
"7014852",371861,2025-11-03 17:05:51,43.188404083252,-9.10452270507812,"Unknown"
"7014852",371861,2025-11-03 17:10:52,43.188419342041,-9.10466575622559,"Unknown"
"7014852",371861,2025-11-03 17:15:52,43.1884574890137,-9.10431671142578,"Unknown"
"7014852",371861,2025-11-03 17:20:58,43.1886138916016,-9.10520172119141,"Unknown"
"7014852",371861,2025-11-03 17:25:51,43.1886596679688,-9.10504341125488,"Unknown"
"7014852",371861,2025-11-03 17:30:51,43.1886177062988,-9.10520935058594,"Unknown"
"7014852",371861,2025-11-03 17:35:50,43.1954765319824,-9.11491584777832,"Unknown"
"7014852",371861,2025-11-03 17:40:50,43.1992454528809,-9.11740875244141,"Unknown"
"7014852",371861,2025-11-03 17:45:53,43.1991691589355,-9.11748027801514,"Unknown"
"7014852",371861,2025-11-03 17:50:51,43.1991348266602,-9.11732387542725,"Unknown"
"7014852",371861,2025-11-03 17:56:14,43.1991195678711,-9.11740112304688,"Unknown"
"7014852",371861,2025-11-03 18:00:56,43.1991195678711,-9.11741161346436,"Unknown"
"7014852",371861,2025-11-03 18:04:32,43.1992111206055,-9.11746501922607,"Unknown"
"7014852",371861,2025-11-03 23:05:06,43.1992073059082,-9.117506980896,"Unknown"
"7014852",371861,2025-11-04 04:04:44,43.1996536254883,-9.11741352081299,"Unknown"
"7014852",371861,2025-11-04 07:20:14,43.1861228942871,-9.10601615905762,"Unknown"
"7014852",371861,2025-11-04 07:24:44,43.1862182617188,-9.1061372756958,"Unknown"
"7014852",371861,2025-11-04 07:29:45,43.1862869262695,-9.10626029968262,"Unknown"
"7014852",371861,2025-11-04 07:34:44,43.1836891174316,-9.09035587310791,"Unknown"
"7014852",371861,2025-11-04 07:39:46,43.1870155334473,-9.09067153930664,"Unknown"
"7014852",371861,2025-11-04 07:44:46,43.1873321533203,-9.0905294418335,"Unknown"
"7014852",371861,2025-11-04 07:49:57,43.1858749389648,-9.09073829650879,"Unknown"
"7014852",371861,2025-11-04 07:55:14,43.1866760253906,-9.09072685241699,"Unknown"
"7014852",371861,2025-11-04 08:00:03,43.1865310668945,-9.0903434753418,"Unknown"
"7014852",371861,2025-11-04 08:05:07,43.1811981201172,-9.09131622314453,"Unknown"
"7014852",371861,2025-11-04 08:10:05,43.1811294555664,-9.09138584136963,"Unknown"
"7014852",371861,2025-11-04 08:14:47,43.1806335449219,-9.09096336364746,"Unknown"
"7014852",371861,2025-11-04 08:19:54,43.1810111999512,-9.09113502502441,"Unknown"
"7014852",371861,2025-11-04 08:25:03,43.1811408996582,-9.09115314483643,"Unknown"
"7014852",371861,2025-11-04 08:29:41,43.181095123291,-9.09124660491943,"Unknown"
"7014852",371861,2025-11-04 08:34:47,43.1808624267578,-9.09085369110107,"Unknown"
"7014852",371861,2025-11-04 08:39:54,43.1811752319336,-9.09117412567139,"Unknown"
"7014852",371861,2025-11-04 08:44:43,43.181095123291,-9.0912504196167,"Unknown"
"7014852",371861,2025-11-04 08:49:48,43.1812133789062,-9.09103775024414,"Unknown"
"7014852",371861,2025-11-04 08:54:44,43.1830863952637,-9.09245777130127,"Unknown"
"7014852",371861,2025-11-04 08:59:47,43.1830635070801,-9.09234428405762,"Unknown"
"7014852",371861,2025-11-04 09:04:49,43.1811447143555,-9.09162712097168,"Unknown"
"7014852",371861,2025-11-04 09:09:45,43.1800956726074,-9.09124374389648,"Unknown"
"7014852",371861,2025-11-04 09:14:48,43.1812019348145,-9.09163379669189,"Unknown"
"7014852",371861,2025-11-04 09:19:43,43.182933807373,-9.09243679046631,"Unknown"
"7014852",371861,2025-11-04 09:24:49,43.1831245422363,-9.09261894226074,"Unknown"
"7014852",371861,2025-11-04 09:29:44,43.1827430725098,-9.0923547744751,"Unknown"
"7014852",371861,2025-11-04 09:34:44,43.1811790466309,-9.09137439727783,"Unknown"
"7014852",371861,2025-11-04 09:39:47,43.1811141967773,-9.09152603149414,"Unknown"
"7014852",371861,2025-11-04 09:44:49,43.1809501647949,-9.09145641326904,"Unknown"
"7014852",371861,2025-11-04 09:49:44,43.1820602416992,-9.09106922149658,"Unknown"
"7014852",371861,2025-11-04 09:54:46,43.1819000244141,-9.09137916564941,"Unknown"
"7014852",371861,2025-11-04 09:59:49,43.1824188232422,-9.09122848510742,"Unknown"
"7014852",371861,2025-11-04 10:04:46,43.180721282959,-9.09152126312256,"Unknown"
"7014852",371861,2025-11-04 10:09:55,43.180835723877,-9.09136867523193,"Unknown"
"7014852",371861,2025-11-04 10:15:05,43.180721282959,-9.09130573272705,"Unknown"
"7014852",371861,2025-11-04 10:19:42,43.1806640625,-9.09088706970215,"Unknown"
"7014852",371861,2025-11-04 10:24:43,43.1806602478027,-9.09143161773682,"Unknown"
"7014852",371861,2025-11-04 10:29:42,43.1806793212891,-9.09139537811279,"Unknown"
"7014852",371861,2025-11-04 10:34:44,43.1805992126465,-9.09170627593994,"Unknown"
"7014852",371861,2025-11-04 10:39:42,43.1805229187012,-9.09139060974121,"Unknown"
"7014852",371861,2025-11-04 10:44:44,43.1802597045898,-9.09105205535889,"Unknown"
"7014852",371861,2025-11-04 10:49:43,43.1802101135254,-9.0910816192627,"Unknown"
"7014852",371861,2025-11-04 10:54:45,43.1804580688477,-9.09192562103271,"Unknown"
"7014852",371861,2025-11-04 10:59:45,43.1801605224609,-9.09117126464844,"Unknown"
"7014852",371861,2025-11-04 11:04:43,43.1800765991211,-9.09150314331055,"Unknown"
"7014852",371861,2025-11-04 11:09:52,43.1801223754883,-9.09154224395752,"Unknown"
"7014852",371861,2025-11-04 11:14:52,43.1801376342773,-9.09163188934326,"Unknown"
"7014852",371861,2025-11-04 11:20:01,43.1802024841309,-9.09194564819336,"Unknown"
"7014852",371861,2025-11-04 11:25:01,43.1801109313965,-9.09182548522949,"Unknown"
"7014852",371861,2025-11-04 11:29:41,43.1800918579102,-9.09123706817627,"Unknown"
"7014852",371861,2025-11-04 11:34:44,43.1799011230469,-9.09122371673584,"Unknown"
"7014852",371861,2025-11-04 11:39:42,43.1799659729004,-9.09174919128418,"Unknown"
"7014852",371861,2025-11-04 11:44:43,43.179859161377,-9.09173202514648,"Unknown"
"7014852",371861,2025-11-04 11:49:43,43.179817199707,-9.09163284301758,"Unknown"
"7014852",371861,2025-11-04 11:54:46,43.1796226501465,-9.09125900268555,"Unknown"
"7014852",371861,2025-11-04 11:59:44,43.1798706054688,-9.09178066253662,"Unknown"
"7014852",371861,2025-11-04 12:05:02,43.1800155639648,-9.09161281585693,"Unknown"
"7014852",371861,2025-11-04 12:09:42,43.1827507019043,-9.09209442138672,"Unknown"
"7014852",371861,2025-11-04 12:14:54,43.1831245422363,-9.09258079528809,"Unknown"
"7014852",371861,2025-11-04 12:20:07,43.1832656860352,-9.09220409393311,"Unknown"
"7014852",371861,2025-11-04 12:24:46,43.1871528625488,-9.09084320068359,"Unknown"
"7014852",371861,2025-11-04 12:29:41,43.1883392333984,-9.08932399749756,"Unknown"
"7014852",371861,2025-11-04 12:34:47,43.1822395324707,-9.09127235412598,"Unknown"
"7014852",371861,2025-11-04 12:40:23,43.1823501586914,-9.09134674072266,"Unknown"
"7014852",371861,2025-11-04 12:44:41,43.1784133911133,-9.08913230895996,"Unknown"
"7014852",371861,2025-11-04 12:49:41,43.1786308288574,-9.09051990509033,"Unknown"
"7014852",371861,2025-11-04 12:54:41,43.1788444519043,-9.09029674530029,"Unknown"
"7014852",371861,2025-11-04 12:59:41,43.1803894042969,-9.09174537658691,"Unknown"
"7014852",371861,2025-11-04 13:04:43,43.1795234680176,-9.0916109085083,"Unknown"
"7014852",371861,2025-11-04 13:09:43,43.1783714294434,-9.08951282501221,"Unknown"
"7014852",371861,2025-11-04 13:14:41,43.1796531677246,-9.09150123596191,"Unknown"
"7014852",371861,2025-11-04 13:19:41,43.1796722412109,-9.09140300750732,"Unknown"
"7014852",371861,2025-11-04 13:24:42,43.1796493530273,-9.09151649475098,"Unknown"
"7014852",371861,2025-11-04 13:29:43,43.1840019226074,-9.09249401092529,"Unknown"
"7014852",371861,2025-11-04 13:34:41,43.1816291809082,-9.09163475036621,"Unknown"
"7014852",371861,2025-11-04 13:39:41,43.1817283630371,-9.09162139892578,"Unknown"
"7014852",371861,2025-11-04 13:44:41,43.1814880371094,-9.09158802032471,"Unknown"
"7014852",371861,2025-11-04 13:49:45,43.181037902832,-9.09188842773438,"Unknown"
"7014852",371861,2025-11-04 13:54:41,43.179759979248,-9.09133243560791,"Unknown"
"7014852",371861,2025-11-04 14:00:05,43.1793594360352,-9.09144115447998,"Unknown"
"7014852",371861,2025-11-04 14:04:42,43.1794281005859,-9.09143352508545,"Unknown"
"7014852",371861,2025-11-04 14:09:42,43.1793174743652,-9.0912914276123,"Unknown"
"7014852",371861,2025-11-04 14:14:42,43.1793479919434,-9.09127426147461,"Unknown"
"7014852",371861,2025-11-04 14:19:41,43.1845321655273,-9.09100151062012,"Unknown"
"7014852",371861,2025-11-04 14:24:41,43.1858253479004,-9.09060382843018,"Unknown"
"7014852",371861,2025-11-04 14:29:41,43.1839141845703,-9.09260654449463,"Unknown"
"7014852",371861,2025-11-04 14:34:41,43.1810607910156,-9.09194946289062,"Unknown"
"7014852",371861,2025-11-04 14:39:41,43.1812438964844,-9.09181880950928,"Unknown"
"7014852",371861,2025-11-04 14:44:42,43.1814765930176,-9.09185314178467,"Unknown"
"7014852",371861,2025-11-04 14:49:43,43.1811790466309,-9.0918140411377,"Unknown"
"7014852",371861,2025-11-04 14:54:42,43.1813507080078,-9.09180164337158,"Unknown"
"7014852",371861,2025-11-04 14:59:41,43.1813011169434,-9.09179306030273,"Unknown"
"7014852",371861,2025-11-04 15:04:43,43.1795959472656,-9.0918664932251,"Unknown"
"7014852",371861,2025-11-04 15:09:42,43.1794662475586,-9.09176158905029,"Unknown"
"7014852",371861,2025-11-04 15:14:43,43.1793365478516,-9.09176063537598,"Unknown"
"7014852",371861,2025-11-04 15:19:41,43.1795082092285,-9.09174156188965,"Unknown"
"7014852",371861,2025-11-04 15:24:41,43.1793785095215,-9.09177589416504,"Unknown"
"7014852",371861,2025-11-04 15:30:01,43.1813201904297,-9.09151649475098,"Unknown"
"7014852",371861,2025-11-04 15:34:51,43.1865615844727,-9.090576171875,"Unknown"
"7014852",371861,2025-11-04 15:39:47,43.1847267150879,-9.05729961395264,"Unknown"
"7014852",371861,2025-11-04 15:45:05,43.1881561279297,-9.04805660247803,"Unknown"
"7014852",371861,2025-11-04 15:49:43,43.1875495910645,-9.04921722412109,"Unknown"
"7014852",371861,2025-11-04 15:54:42,43.1874847412109,-9.04939937591553,"Unknown"
"7014852",371861,2025-11-04 15:59:42,43.1874008178711,-9.05011367797852,"Unknown"
"7014852",371861,2025-11-04 16:04:48,43.1883125305176,-9.04766368865967,"Unknown"
"7014852",371861,2025-11-04 16:09:43,43.1840209960938,-9.04006671905518,"Unknown"
"7014852",371861,2025-11-04 16:14:45,43.2010154724121,-9.03901195526123,"Unknown"
"7014852",371861,2025-11-04 16:19:45,43.2266044616699,-9.00594520568848,"Unknown"
"7014852",371861,2025-11-04 16:24:47,43.2317237854004,-8.97489261627197,"Unknown"
"7014852",371861,2025-11-04 16:29:50,43.2625274658203,-8.96737670898438,"Unknown"
"7014852",371861,2025-11-04 16:35:05,43.3129005432129,-8.92028999328613,"Unknown"
"7014852",371861,2025-11-04 16:39:44,43.325267791748,-8.89925861358643,"Unknown"
"7014852",371861,2025-11-04 16:44:46,43.3376731872559,-8.8603458404541,"Unknown"
"7014852",371861,2025-11-04 16:49:45,43.3424453735352,-8.82967853546143,"Unknown"
"7014852",371861,2025-11-04 16:54:49,43.3317642211914,-8.82182312011719,"Unknown"
"7014852",371861,2025-11-04 16:59:42,43.3221855163574,-8.80495738983154,"Unknown"
"7014852",371861,2025-11-04 17:04:43,43.3104476928711,-8.79064273834229,"Unknown"
"7014852",371861,2025-11-04 17:09:44,43.3041687011719,-8.76247501373291,"Unknown"
"7014852",371861,2025-11-04 17:14:45,43.3031997680664,-8.73446083068848,"Unknown"
"7014852",371861,2025-11-04 17:19:45,43.3071098327637,-8.71811676025391,"Unknown"
"7014852",371861,2025-11-04 17:24:44,43.3281173706055,-8.66526699066162,"Unknown"
"7014852",371861,2025-11-04 17:29:46,43.3359565734863,-8.62053966522217,"Unknown"
"7014852",371861,2025-11-04 17:34:54,43.3460884094238,-8.57480335235596,"Unknown"
"7014852",371861,2025-11-04 17:40:57,43.3536338806152,-8.53139877319336,"Unknown"
"7014852",371861,2025-11-04 17:45:05,43.3667068481445,-8.5169506072998,"Unknown"
"7014852",371861,2025-11-04 17:49:42,43.3677291870117,-8.48858833312988,"Unknown"
"7014852",371861,2025-11-04 17:55:40,43.3804626464844,-8.46207237243652,"Unknown"
"7014852",371861,2025-11-04 17:59:38,43.3843040466309,-8.43409538269043,"Unknown"
"7014852",371861,2025-11-04 23:00:05,43.359016418457,-8.40047550201416,"Unknown"
"7014852",371861,2025-11-05 04:00:11,43.3579444885254,-8.39353084564209,"Unknown"
"7014852",371861,2025-11-05 07:18:54,43.3397674560547,-8.40834903717041,"Unknown"
"7014852",371861,2025-11-05 07:28:41,43.3466529846191,-8.44442558288574,"Unknown"
"7014852",371861,2025-11-05 07:38:41,43.3528861999512,-8.51502227783203,"Unknown"
"7014852",371861,2025-11-05 07:49:48,43.3348579406738,-8.58062934875488,"Unknown"
"7014852",371861,2025-11-05 07:59:19,43.3182258605957,-8.6220588684082,"Unknown"
"7014852",371861,2025-11-05 08:19:05,43.2925300598145,-8.69929981231689,"Unknown"
"7014852",371861,2025-11-05 08:28:38,43.2927017211914,-8.6978816986084,"Unknown"
"7014852",371861,2025-11-05 08:38:38,43.2958755493164,-8.70320987701416,"Unknown"
"7014852",371861,2025-11-05 08:48:38,43.3058738708496,-8.76183795928955,"Unknown"
"7014852",371861,2025-11-05 08:58:38,43.3191184997559,-8.82552719116211,"Unknown"
"7014852",371861,2025-11-05 09:08:38,43.2975730895996,-8.86924457550049,"Unknown"
"7014852",371861,2025-11-05 09:18:39,43.2756195068359,-8.8787841796875,"Unknown"
"7014852",371861,2025-11-05 09:29:00,43.2677040100098,-8.89761924743652,"Unknown"
"7014852",371861,2025-11-05 09:39:04,43.2409591674805,-8.92662715911865,"Unknown"
"7014852",371861,2025-11-05 09:48:37,43.2278213500977,-8.99355602264404,"Unknown"
"7014852",371861,2025-11-05 09:58:38,43.2105331420898,-9.05138683319092,"Unknown"
"7014852",371861,2025-11-05 10:08:40,43.1830787658691,-9.09178161621094,"Unknown"
"7014852",371861,2025-11-05 10:18:41,43.1871604919434,-9.09084987640381,"Unknown"
"7014852",371861,2025-11-05 10:28:38,43.1846733093262,-9.09165287017822,"Unknown"
"7014852",371861,2025-11-05 10:38:38,43.1843185424805,-9.09152126312256,"Unknown"
"7014852",371861,2025-11-05 10:49:03,43.1852035522461,-9.09316635131836,"Unknown"
"7014852",371861,2025-11-05 10:58:42,43.1870346069336,-9.09073543548584,"Unknown"
"7014852",371861,2025-11-05 11:08:40,43.1870193481445,-9.09076976776123,"Unknown"
"7014852",371861,2025-11-05 11:18:41,43.1804008483887,-9.09147548675537,"Unknown"
"7014852",371861,2025-11-05 11:28:39,43.1804008483887,-9.09148025512695,"Unknown"
"7014852",371861,2025-11-05 11:38:41,43.1799011230469,-9.09095096588135,"Unknown"
"7014852",371861,2025-11-05 11:48:43,43.1801223754883,-9.09155082702637,"Unknown"
"7014852",371861,2025-11-05 11:58:38,43.179859161377,-9.09129524230957,"Unknown"
"7014852",371861,2025-11-05 12:09:04,43.180477142334,-9.09158515930176,"Unknown"
"7014852",371861,2025-11-05 12:18:39,43.180248260498,-9.09190464019775,"Unknown"
"7014852",371861,2025-11-05 12:28:41,43.1799736022949,-9.09143733978271,"Unknown"
"7014852",371861,2025-11-05 12:33:43,43.179859161377,-9.09162616729736,"Unknown"
"7014852",371861,2025-11-05 12:38:41,43.1798553466797,-9.0915060043335,"Unknown"
"7014852",371861,2025-11-05 12:43:42,43.1800231933594,-9.09193897247314,"Unknown"
"7014852",371861,2025-11-05 12:48:38,43.179801940918,-9.09164524078369,"Unknown"
"7014852",371861,2025-11-05 12:53:42,43.1800384521484,-9.09198760986328,"Unknown"
"7014852",371861,2025-11-05 12:58:43,43.1797637939453,-9.09171581268311,"Unknown"
"7014852",371861,2025-11-05 13:03:40,43.1800384521484,-9.09216499328613,"Unknown"
"7014852",371861,2025-11-05 13:09:05,43.1797370910645,-9.09182262420654,"Unknown"
"7014852",371861,2025-11-05 13:13:38,43.1797752380371,-9.09196472167969,"Unknown"
"7014852",371861,2025-11-05 13:23:38,43.1798439025879,-9.09189987182617,"Unknown"
"7014852",371861,2025-11-05 13:28:37,43.1799125671387,-9.09200668334961,"Unknown"
"7014852",371861,2025-11-05 13:33:37,43.1795768737793,-9.09149169921875,"Unknown"
"7014852",371861,2025-11-05 13:38:38,43.1797332763672,-9.08972644805908,"Unknown"
"7014852",371861,2025-11-05 13:43:37,43.1886787414551,-9.09058475494385,"Unknown"
"7014852",371861,2025-11-05 13:48:38,43.1889877319336,-9.0908317565918,"Unknown"
"7014852",371861,2025-11-05 13:53:40,43.188907623291,-9.09070110321045,"Unknown"
"7014852",371861,2025-11-05 13:58:38,43.1887817382812,-9.09067630767822,"Unknown"
"7014852",371861,2025-11-05 14:03:43,43.1888656616211,-9.09084892272949,"Unknown"
"7014852",371861,2025-11-05 14:08:43,43.1890182495117,-9.0906286239624,"Unknown"
"7014852",371861,2025-11-05 14:13:38,43.1888694763184,-9.09073638916016,"Unknown"
"7014852",371861,2025-11-05 14:18:43,43.1888847351074,-9.09068775177002,"Unknown"
"7014852",371861,2025-11-05 14:23:41,43.1891021728516,-9.09072685241699,"Unknown"
"7014852",371861,2025-11-05 14:28:41,43.1888732910156,-9.09061050415039,"Unknown"
"7014852",371861,2025-11-05 14:33:41,43.1889724731445,-9.09085845947266,"Unknown"
"7014852",371861,2025-11-05 14:39:05,43.1888465881348,-9.09074878692627,"Unknown"
"7014852",371861,2025-11-05 14:43:38,43.187858581543,-9.09018611907959,"Unknown"
"7014852",371861,2025-11-05 14:48:39,43.1872062683105,-9.09098243713379,"Unknown"
"7014852",371861,2025-11-05 14:53:40,43.1833419799805,-9.09253692626953,"Unknown"
"7014852",371861,2025-11-05 14:58:38,43.1834335327148,-9.0925407409668,"Unknown"
"7014852",371861,2025-11-05 15:03:48,43.1830902099609,-9.09237480163574,"Unknown"
"7014852",371861,2025-11-05 15:08:39,43.1832466125488,-9.09236240386963,"Unknown"
"7014852",371861,2025-11-05 15:13:39,43.1832885742188,-9.0924243927002,"Unknown"
"7014852",371861,2025-11-05 15:18:49,43.1832427978516,-9.09245300292969,"Unknown"
"7014852",371861,2025-11-05 15:23:40,43.1831703186035,-9.09240818023682,"Unknown"
"7014852",371861,2025-11-05 15:28:56,43.1833457946777,-9.09253120422363,"Unknown"
"7014852",371861,2025-11-05 15:33:50,43.183479309082,-9.09258556365967,"Unknown"
"7014852",371861,2025-11-05 15:39:05,43.186164855957,-9.09081935882568,"Unknown"
"7014852",371861,2025-11-05 15:43:45,43.1866493225098,-9.09071731567383,"Unknown"
"7014852",371861,2025-11-05 15:48:46,43.1868476867676,-9.09042263031006,"Unknown"
"7014852",371861,2025-11-05 15:53:45,43.1871528625488,-9.09088039398193,"Unknown"
"7014852",371861,2025-11-05 15:58:54,43.1870956420898,-9.0908260345459,"Unknown"
"7014852",371861,2025-11-05 16:03:52,43.1871452331543,-9.09098720550537,"Unknown"
"7014852",371861,2025-11-05 16:09:05,43.1871109008789,-9.09084796905518,"Unknown"
"7014852",371861,2025-11-05 16:18:39,43.1870422363281,-9.09076976776123,"Unknown"
"7014852",371861,2025-11-05 16:28:42,43.1870155334473,-9.0910177230835,"Unknown"
"7014852",371861,2025-11-05 16:38:40,43.1872062683105,-9.09058856964111,"Unknown"
"7014852",371861,2025-11-05 16:48:42,43.1866645812988,-9.09151172637939,"Unknown"
"7014852",371861,2025-11-05 16:58:41,43.1887435913086,-9.09111785888672,"Unknown"
"7014852",371861,2025-11-05 17:08:49,43.1896286010742,-9.09059143066406,"Unknown"
"7014852",371861,2025-11-05 17:18:43,43.1896591186523,-9.09098339080811,"Unknown"
"7014852",371861,2025-11-05 17:28:41,43.2231903076172,-9.03707981109619,"Unknown"
"7014852",371861,2025-11-05 17:40:01,43.307544708252,-8.93850708007812,"Unknown"
"7014852",371861,2025-11-05 17:48:37,43.3414649963379,-8.8578405380249,"Unknown"
"7014852",371861,2025-11-05 17:58:37,43.3210716247559,-8.80092430114746,"Unknown"
"7014852",371861,2025-11-05 18:00:51,43.3139877319336,-8.78940868377686,"Unknown"
"7014852",371861,2025-11-05 23:01:23,43.3053436279297,-8.7727518081665,"Unknown"
"7014852",371861,2025-11-06 04:01:23,43.3218650817871,-8.8079080581665,"Unknown"
"7014852",371861,2025-11-06 07:22:38,43.3200836181641,-8.84463405609131,"Unknown"
"7014852",371861,2025-11-06 07:32:38,43.3198585510254,-8.84475994110107,"Unknown"
"7014852",371861,2025-11-06 07:41:44,43.3197631835938,-8.84455013275146,"Unknown"
"7014852",371861,2025-11-06 07:51:17,43.3193206787109,-8.84505462646484,"Unknown"
"7014852",371861,2025-11-06 08:01:21,43.3196105957031,-8.84500408172607,"Unknown"
"7014852",371861,2025-11-06 08:11:14,43.3196792602539,-8.84512138366699,"Unknown"
"7014852",371861,2025-11-06 08:21:14,43.3192863464355,-8.84531593322754,"Unknown"
"7014852",371861,2025-11-06 08:31:14,43.3157691955566,-8.85668563842773,"Unknown"
"7014852",371861,2025-11-06 08:41:15,43.3216857910156,-8.90286350250244,"Unknown"
"7014852",371861,2025-11-06 08:51:38,43.2923698425293,-8.92781639099121,"Unknown"
"7014852",371861,2025-11-06 09:01:14,43.2873191833496,-8.96217823028564,"Unknown"
"7014852",371861,2025-11-06 09:12:38,43.2529602050781,-9.00028705596924,"Unknown"
"7014852",371861,2025-11-06 09:22:36,43.2179565429688,-9.0203161239624,"Unknown"
"7014852",371861,2025-11-06 09:31:35,43.1913375854492,-9.04517078399658,"Unknown"
"7014852",371861,2025-11-06 09:41:15,43.1871948242188,-9.09068393707275,"Unknown"
"7014852",371861,2025-11-06 09:51:24,43.1836013793945,-9.0928430557251,"Unknown"
"7014852",371861,2025-11-06 10:01:15,43.183277130127,-9.09182739257812,"Unknown"
"7014852",371861,2025-11-06 10:11:38,43.1831512451172,-9.09266567230225,"Unknown"
"7014852",371861,2025-11-06 10:21:17,43.1808967590332,-9.09100532531738,"Unknown"
"7014852",371861,2025-11-06 10:31:15,43.1809959411621,-9.09110164642334,"Unknown"
"7014852",371861,2025-11-06 10:41:14,43.1808662414551,-9.0911979675293,"Unknown"
"7014852",371861,2025-11-06 10:51:15,43.1810111999512,-9.09112167358398,"Unknown"
"7014852",371861,2025-11-06 11:01:18,43.180980682373,-9.09129333496094,"Unknown"
"7014852",371861,2025-11-06 11:11:16,43.1808624267578,-9.09117031097412,"Unknown"
"7014852",371861,2025-11-06 11:21:14,43.1809463500977,-9.09121704101562,"Unknown"
"7014852",371861,2025-11-06 11:31:22,43.1807899475098,-9.09149837493896,"Unknown"
"7014852",371861,2025-11-06 11:41:15,43.1813697814941,-9.0914478302002,"Unknown"
"7014852",371861,2025-11-06 11:51:19,43.1806602478027,-9.09118556976318,"Unknown"
"7014852",371861,2025-11-06 12:01:16,43.1808700561523,-9.0915994644165,"Unknown"
"7014852",371861,2025-11-06 12:11:28,43.180492401123,-9.09135246276855,"Unknown"
"7014852",371861,2025-11-06 12:21:52,43.1808662414551,-9.09126567840576,"Unknown"
"7014852",371861,2025-11-06 12:31:16,43.1801528930664,-9.09129619598389,"Unknown"
"7014852",371861,2025-11-06 12:41:16,43.1801376342773,-9.09172630310059,"Unknown"
"7014852",371861,2025-11-06 12:51:17,43.1866569519043,-9.0907621383667,"Unknown"
"7014852",371861,2025-11-06 13:01:16,43.1866073608398,-9.09065437316895,"Unknown"
"7014852",371861,2025-11-06 13:11:25,43.1867446899414,-9.09081077575684,"Unknown"
"7014852",371861,2025-11-06 13:21:17,43.1868171691895,-9.09061050415039,"Unknown"
"7014852",371861,2025-11-06 13:31:17,43.1867599487305,-9.09072113037109,"Unknown"
"7014852",371861,2025-11-06 13:41:24,43.180118560791,-9.09152126312256,"Unknown"
"7014852",371861,2025-11-06 13:51:22,43.1798858642578,-9.09166431427002,"Unknown"
"7014852",371861,2025-11-06 14:01:24,43.1798210144043,-9.09175968170166,"Unknown"
"7014852",371861,2025-11-06 14:11:24,43.1798896789551,-9.0917387008667,"Unknown"
"7014852",371861,2025-11-06 14:21:26,43.1797752380371,-9.09174823760986,"Unknown"
"7014852",371861,2025-11-06 14:31:35,43.1798400878906,-9.09184646606445,"Unknown"
"7014852",371861,2025-11-06 14:41:16,43.179557800293,-9.09176921844482,"Unknown"
"7014852",371861,2025-11-06 14:51:14,43.1795539855957,-9.09187126159668,"Unknown"
"7014852",371861,2025-11-06 15:01:16,43.1794586181641,-9.0919246673584,"Unknown"
"7014852",371861,2025-11-06 15:11:17,43.188892364502,-9.09165191650391,"Unknown"
"7014852",371861,2025-11-06 15:21:28,43.1889114379883,-9.09166812896729,"Unknown"
"7014852",371861,2025-11-06 15:31:35,43.1888656616211,-9.09162521362305,"Unknown"
"7014852",371861,2025-11-06 15:41:35,43.1887893676758,-9.09163665771484,"Unknown"
"7014852",371861,2025-11-06 15:51:22,43.188835144043,-9.09160900115967,"Unknown"
"7014852",371861,2025-11-06 16:01:18,43.1861839294434,-9.09129238128662,"Unknown"
"7014852",371861,2025-11-06 16:11:23,43.1982002258301,-9.06408309936523,"Unknown"
"7014852",371861,2025-11-06 16:21:25,43.2599601745605,-9.00134086608887,"Unknown"
"7014852",371861,2025-11-06 16:31:35,43.2684707641602,-8.98413181304932,"Unknown"
"7014852",371861,2025-11-06 16:41:22,43.268726348877,-8.98352336883545,"Unknown"
"7014852",371861,2025-11-06 16:51:17,43.3149528503418,-8.9288911819458,"Unknown"
"7014852",371861,2025-11-06 17:01:29,43.3449783325195,-8.85169315338135,"Unknown"
"7014852",371861,2025-11-06 17:11:15,43.3403663635254,-8.76924133300781,"Unknown"
"7014852",371861,2025-11-06 17:21:16,43.3469581604004,-8.66885471343994,"Unknown"
"7014852",371861,2025-11-06 17:31:19,43.3544158935547,-8.57425594329834,"Unknown"
"7014852",371861,2025-11-06 17:42:38,43.3767318725586,-8.46331882476807,"Unknown"
"7014852",371861,2025-11-06 17:51:44,43.3663024902344,-8.4054069519043,"Unknown"
"7014852",371861,2025-11-06 17:57:47,43.3589859008789,-8.40055751800537,"Unknown"
"7014852",371861,2025-11-06 22:58:06,43.3596153259277,-8.40033531188965,"Unknown"
"7014852",371861,2025-11-07 03:58:05,43.3600769042969,-8.40266704559326,"Unknown"
"7014852",371861,2025-11-07 07:21:29,43.3388214111328,-8.40955924987793,"Unknown"
"7014852",371861,2025-11-07 07:30:56,43.3390655517578,-8.42286396026611,"Unknown"
"7014852",371861,2025-11-07 07:40:57,43.339054107666,-8.42275238037109,"Unknown"
"7014852",371861,2025-11-07 07:50:55,43.338981628418,-8.42299747467041,"Unknown"
"7014852",371861,2025-11-07 08:01:05,43.3393783569336,-8.42286491394043,"Unknown"
"7014852",371861,2025-11-07 08:11:35,43.3421630859375,-8.42247867584229,"Unknown"
"7014852",371861,2025-11-07 08:21:07,43.3493881225586,-8.42763710021973,"Unknown"
"7014852",371861,2025-11-07 08:31:00,43.349250793457,-8.42802333831787,"Unknown"
"7014852",371861,2025-11-07 08:40:59,43.3495559692383,-8.42759323120117,"Unknown"
"7014852",371861,2025-11-07 08:51:14,43.3494606018066,-8.42771816253662,"Unknown"
"7014852",371861,2025-11-07 09:00:55,43.3495445251465,-8.42793560028076,"Unknown"
"7014852",371861,2025-11-07 09:10:54,43.3496742248535,-8.42828750610352,"Unknown"
"7014852",371861,2025-11-07 09:20:57,43.3498649597168,-8.42809391021729,"Unknown"
"7014852",371861,2025-11-07 09:30:56,43.3498001098633,-8.42829704284668,"Unknown"
"7014852",371861,2025-11-07 09:40:58,43.3495483398438,-8.42804050445557,"Unknown"
"7014852",371861,2025-11-07 09:51:29,43.3495178222656,-8.42796325683594,"Unknown"
"7014852",371861,2025-11-07 10:00:53,43.349494934082,-8.4279317855835,"Unknown"
"7014852",371861,2025-11-07 10:10:53,43.3564529418945,-8.41928291320801,"Unknown"
"7014852",371861,2025-11-07 10:21:25,43.3610153198242,-8.40388488769531,"Unknown"
"7014852",371861,2025-11-07 10:30:54,43.3606567382812,-8.40281009674072,"Unknown"
"7014852",371861,2025-11-07 10:40:53,43.3607711791992,-8.40308284759521,"Unknown"
"7014852",371861,2025-11-07 10:50:54,43.3608703613281,-8.40322303771973,"Unknown"
"7014852",371861,2025-11-07 11:00:53,43.3607978820801,-8.40314674377441,"Unknown"
"7014852",371861,2025-11-07 11:10:56,43.3607940673828,-8.40310192108154,"Unknown"
"7014852",371861,2025-11-07 11:20:56,43.3608055114746,-8.40317535400391,"Unknown"
"7014852",371861,2025-11-07 11:31:28,43.3606948852539,-8.40306854248047,"Unknown"
"7014852",371861,2025-11-07 11:40:53,43.3538436889648,-8.425612449646,"Unknown"
"7014852",371861,2025-11-07 11:50:55,43.3535766601562,-8.42524147033691,"Unknown"
"7014852",371861,2025-11-07 12:00:54,43.3536338806152,-8.42538166046143,"Unknown"
"7014852",371861,2025-11-07 12:10:54,43.3533096313477,-8.42488574981689,"Unknown"
"7014852",371861,2025-11-07 12:20:53,43.3542709350586,-8.42624950408936,"Unknown"
"7014852",371861,2025-11-07 12:31:02,43.3535804748535,-8.42475891113281,"Unknown"
"7014852",371861,2025-11-07 12:41:11,43.353630065918,-8.42527294158936,"Unknown"
"7014852",371861,2025-11-07 12:50:54,43.3536758422852,-8.42556953430176,"Unknown"
"7014852",371861,2025-11-07 13:01:00,43.3536186218262,-8.42531681060791,"Unknown"
"7014852",371861,2025-11-07 13:10:54,43.3535919189453,-8.42538452148438,"Unknown"
"7014852",371861,2025-11-07 13:21:04,43.3536415100098,-8.42543697357178,"Unknown"
"7014852",371861,2025-11-07 13:31:29,43.3533020019531,-8.42541790008545,"Unknown"
"7014852",371861,2025-11-07 13:40:58,43.353588104248,-8.42591190338135,"Unknown"
"7014852",371861,2025-11-07 13:51:00,43.3536376953125,-8.42591667175293,"Unknown"
"7014852",371861,2025-11-07 14:01:07,43.3536148071289,-8.42566680908203,"Unknown"
"7014852",371861,2025-11-07 14:11:01,43.3536949157715,-8.42590713500977,"Unknown"
"7014852",371861,2025-11-07 14:21:14,43.3536796569824,-8.42592620849609,"Unknown"
"7014852",371861,2025-11-07 14:30:56,43.3537139892578,-8.42578029632568,"Unknown"
"7014852",371861,2025-11-07 14:40:54,43.3537063598633,-8.42624092102051,"Unknown"
"7014852",371861,2025-11-07 14:51:14,43.3537559509277,-8.42596530914307,"Unknown"
"7014852",371861,2025-11-07 15:00:56,43.3535575866699,-8.42582511901855,"Unknown"
"7014852",371861,2025-11-07 15:10:55,43.3537292480469,-8.42633628845215,"Unknown"
"7014852",371861,2025-11-07 15:20:55,43.3537864685059,-8.42654037475586,"Unknown"
"7014852",371861,2025-11-07 15:30:58,43.3536796569824,-8.42612552642822,"Unknown"
"7014852",371861,2025-11-07 15:41:00,43.3537559509277,-8.42599296569824,"Unknown"
"7014852",371861,2025-11-07 15:51:30,43.3517265319824,-8.40982532501221,"Unknown"
"7014852",371861,2025-11-07 16:01:14,43.3589668273926,-8.40028381347656,"Unknown"
"7014852",371861,2025-11-07 16:10:54,43.3590660095215,-8.40031051635742,"Unknown"
"7014852",371861,2025-11-07 16:20:54,43.3589897155762,-8.40022468566895,"Unknown"
"7014852",371861,2025-11-07 16:30:54,43.3588943481445,-8.40004634857178,"Unknown"
"7014852",371861,2025-11-07 16:40:53,43.3593635559082,-8.40062427520752,"Unknown"
"7014852",371861,2025-11-07 16:51:08,43.359001159668,-8.40034866333008,"Unknown"
"7014852",371861,2025-11-07 17:01:06,43.3591041564941,-8.40034580230713,"Unknown"
"7014852",371861,2025-11-07 17:11:06,43.3589820861816,-8.40027046203613,"Unknown"
"7014852",371861,2025-11-07 17:21:14,43.359073638916,-8.40032768249512,"Unknown"
"7014852",371861,2025-11-07 17:30:56,43.359130859375,-8.40020370483398,"Unknown"
"7014852",371861,2025-11-07 17:40:55,43.3590850830078,-8.39996910095215,"Unknown"
"7014852",371861,2025-11-07 17:51:14,43.3590812683105,-8.3998498916626,"Unknown"
"7014852",371861,2025-11-07 17:56:37,43.3590316772461,-8.3998966217041,"Unknown"
"7014852",371861,2025-11-07 22:57:06,43.3594856262207,-8.39921474456787,"Unknown"
"7014852",371861,2025-11-08 03:57:05,43.359504699707,-8.39846324920654,"Unknown"
"7014852",371861,2025-11-08 07:22:59,43.3352699279785,-8.42110443115234,"Unknown"
"7014852",371861,2025-11-08 07:32:44,43.3329124450684,-8.42417240142822,"Unknown"
"7014852",371861,2025-11-08 07:42:30,43.3363838195801,-8.42237091064453,"Unknown"
"7014852",371861,2025-11-08 07:52:29,43.3501434326172,-8.42792510986328,"Unknown"
"7014852",371861,2025-11-08 08:02:59,43.3503112792969,-8.42919158935547,"Unknown"
"7014852",371861,2025-11-08 08:12:25,43.3503913879395,-8.42802429199219,"Unknown"
"7014852",371861,2025-11-08 08:22:33,43.3499374389648,-8.42866039276123,"Unknown"
"7014852",371861,2025-11-08 08:32:25,43.3500595092773,-8.42842292785645,"Unknown"
"7014852",371861,2025-11-08 08:42:24,43.3500823974609,-8.42830657958984,"Unknown"
"7014852",371861,2025-11-08 08:52:40,43.3501205444336,-8.42840003967285,"Unknown"
"7014852",371861,2025-11-08 09:02:24,43.3520622253418,-8.42776203155518,"Unknown"
"7014852",371861,2025-11-08 09:12:25,43.3522987365723,-8.4278564453125,"Unknown"
"7014852",371861,2025-11-08 09:22:27,43.3522109985352,-8.42777538299561,"Unknown"
"7014852",371861,2025-11-08 09:32:22,43.3522300720215,-8.42824172973633,"Unknown"
"7014852",371861,2025-11-08 09:42:27,43.3522109985352,-8.42792892456055,"Unknown"
"7014852",371861,2025-11-08 09:52:44,43.3522186279297,-8.42773628234863,"Unknown"
"7014852",371861,2025-11-08 10:02:22,43.351448059082,-8.4255952835083,"Unknown"
"7014852",371861,2025-11-08 10:12:22,43.349781036377,-8.43223476409912,"Unknown"
"7014852",371861,2025-11-08 10:22:22,43.3520469665527,-8.45373058319092,"Unknown"
"7014852",371861,2025-11-08 10:32:25,43.349292755127,-8.44778537750244,"Unknown"
"7014852",371861,2025-11-08 10:42:25,43.3494148254395,-8.51469898223877,"Unknown"
"7014852",371861,2025-11-08 10:53:47,43.3480682373047,-8.58592128753662,"Unknown"
"7014852",371861,2025-11-08 11:02:23,43.339714050293,-8.64866733551025,"Unknown"
"7014852",371861,2025-11-08 11:08:47,43.3368721008301,-8.69636249542236,"Unknown"
"7014852",371861,2025-11-08 11:13:47,43.3345108032227,-8.72849655151367,"Unknown"
"7014852",371861,2025-11-08 11:23:47,43.3408317565918,-8.80153656005859,"Unknown"
"7014852",371861,2025-11-08 11:28:47,43.3443756103516,-8.8321704864502,"Unknown"
"7014852",371861,2025-11-08 11:32:25,43.3337211608887,-8.85286998748779,"Unknown"
"7014852",371861,2025-11-08 11:42:40,43.3171043395996,-8.91111850738525,"Unknown"
"7014852",371861,2025-11-08 11:52:22,43.2919082641602,-8.95868587493896,"Unknown"
"7014852",371861,2025-11-08 11:57:23,43.2784843444824,-8.98486137390137,"Unknown"
"7014852",371861,2025-11-08 12:02:22,43.2574424743652,-9.00673007965088,"Unknown"
"7014852",371861,2025-11-08 12:07:23,43.2347145080566,-9.02477741241455,"Unknown"
"7014852",371861,2025-11-08 12:12:22,43.2136993408203,-9.04834079742432,"Unknown"
"7014852",371861,2025-11-08 12:17:24,43.1942443847656,-9.07472896575928,"Unknown"
"7014852",371861,2025-11-08 12:22:33,43.1869850158691,-9.09061527252197,"Unknown"
"7014852",371861,2025-11-08 12:27:29,43.1847648620605,-9.09056568145752,"Unknown"
"7014852",371861,2025-11-08 12:33:47,43.1871604919434,-9.09090995788574,"Unknown"
"7014852",371861,2025-11-08 12:37:44,43.1813201904297,-9.09132289886475,"Unknown"
"7014852",371861,2025-11-08 12:42:24,43.1813278198242,-9.09149742126465,"Unknown"
"7014852",371861,2025-11-08 12:47:25,43.1811485290527,-9.09173107147217,"Unknown"
"7014852",371861,2025-11-08 12:52:25,43.1813430786133,-9.0912504196167,"Unknown"
"7014852",371861,2025-11-08 12:57:29,43.1847267150879,-9.09198665618896,"Unknown"
"7014852",371861,2025-11-08 13:02:36,43.1848030090332,-9.09243011474609,"Unknown"
"7014852",371861,2025-11-08 13:07:44,43.1847305297852,-9.09212779998779,"Unknown"
"7014852",371861,2025-11-08 13:12:26,43.1846504211426,-9.09297275543213,"Unknown"
"7014852",371861,2025-11-08 13:17:27,43.1809425354004,-9.09120464324951,"Unknown"
"7014852",371861,2025-11-08 13:22:27,43.1808128356934,-9.09136486053467,"Unknown"
"7014852",371861,2025-11-08 13:27:28,43.181079864502,-9.09168338775635,"Unknown"
"7014852",371861,2025-11-08 13:32:33,43.1861190795898,-9.09063529968262,"Unknown"
"7014852",371861,2025-11-08 13:37:50,43.1861419677734,-9.091383934021,"Unknown"
"7014852",371861,2025-11-08 13:42:29,43.1861228942871,-9.09126663208008,"Unknown"
"7014852",371861,2025-11-08 13:47:44,43.1870155334473,-9.09100914001465,"Unknown"
"7014852",371861,2025-11-08 13:52:23,43.1870269775391,-9.09091949462891,"Unknown"
"7014852",371861,2025-11-08 13:57:26,43.187084197998,-9.09093570709229,"Unknown"
"7014852",371861,2025-11-08 14:02:27,43.1870574951172,-9.09124183654785,"Unknown"
"7014852",371861,2025-11-08 14:07:59,43.1865539550781,-9.0912618637085,"Unknown"
"7014852",371861,2025-11-08 14:12:25,43.1851654052734,-9.09154510498047,"Unknown"
"7014852",371861,2025-11-08 14:17:29,43.1867294311523,-9.09075450897217,"Unknown"
"7014852",371861,2025-11-08 14:22:23,43.1867561340332,-9.09116554260254,"Unknown"
"7014852",371861,2025-11-08 14:27:25,43.1866836547852,-9.09082317352295,"Unknown"
"7014852",371861,2025-11-08 14:32:45,43.1866836547852,-9.09097003936768,"Unknown"
"7014852",371861,2025-11-08 14:37:25,43.1867141723633,-9.09102058410645,"Unknown"
"7014852",371861,2025-11-08 14:42:29,43.1867294311523,-9.09105205535889,"Unknown"
"7014852",371861,2025-11-08 14:47:29,43.1866569519043,-9.09088611602783,"Unknown"
"7014852",371861,2025-11-08 14:52:31,43.1867256164551,-9.09092712402344,"Unknown"
"7014852",371861,2025-11-08 14:57:31,43.1888389587402,-9.0844554901123,"Unknown"
"7014852",371861,2025-11-08 15:03:06,43.2003135681152,-9.06101417541504,"Unknown"
"7014852",371861,2025-11-08 15:07:22,43.1944808959961,-9.04071521759033,"Unknown"
"7014852",371861,2025-11-08 15:12:44,43.194408416748,-9.04087924957275,"Unknown"
"7014852",371861,2025-11-08 15:17:32,43.1944274902344,-9.04072093963623,"Unknown"
"7014852",371861,2025-11-08 15:27:28,43.1943740844727,-9.04084014892578,"Unknown"
"7014852",371861,2025-11-08 15:32:30,43.194393157959,-9.0407772064209,"Unknown"
"7014852",371861,2025-11-08 15:37:22,43.1943054199219,-9.04048442840576,"Unknown"
"7014852",371861,2025-11-08 15:42:24,43.1942977905273,-9.04086303710938,"Unknown"
"7014852",371861,2025-11-08 15:47:44,43.1943321228027,-9.04077625274658,"Unknown"
"7014852",371861,2025-11-08 15:52:22,43.1943244934082,-9.0408296585083,"Unknown"
"7014852",371861,2025-11-08 15:57:22,43.1943168640137,-9.04068183898926,"Unknown"
"7014852",371861,2025-11-08 16:02:24,43.1943664550781,-9.04024410247803,"Unknown"
"7014852",371861,2025-11-08 16:07:23,43.1943359375,-9.0407075881958,"Unknown"
"7014852",371861,2025-11-08 16:12:22,43.1942253112793,-9.04065608978271,"Unknown"
"7014852",371861,2025-11-08 16:22:22,43.1939659118652,-9.04018783569336,"Unknown"
"7014852",371861,2025-11-08 16:27:28,43.1940994262695,-9.04069423675537,"Unknown"
"7014852",371861,2025-11-08 16:37:45,43.1940536499023,-9.04056262969971,"Unknown"
"7014852",371861,2025-11-08 16:47:22,43.2093811035156,-9.03938961029053,"Unknown"
"7014852",371861,2025-11-08 16:57:24,43.2782554626465,-8.98694515228271,"Unknown"
"7014852",371861,2025-11-08 17:07:24,43.3240280151367,-8.90828037261963,"Unknown"
"7014852",371861,2025-11-08 17:17:27,43.3410186767578,-8.82457733154297,"Unknown"
"7014852",371861,2025-11-08 17:27:23,43.3401908874512,-8.73574733734131,"Unknown"
"7014852",371861,2025-11-08 17:38:47,43.351806640625,-8.62448024749756,"Unknown"
"7014852",371861,2025-11-08 17:47:44,43.3673515319824,-8.55737400054932,"Unknown"
"7014852",371861,2025-11-08 17:56:11,43.3854598999023,-8.5015983581543,"Unknown"
"7014852",371861,2025-11-08 22:56:35,43.3594017028809,-8.39825057983398,"Unknown"
"7014852",371861,2025-11-09 03:56:35,43.3608894348145,-8.39517021179199,"Unknown"
"7014852",371861,2025-11-09 07:25:31,43.3541564941406,-8.45865345001221,"Unknown"
"7014852",371861,2025-11-09 07:34:21,43.3536338806152,-8.45792007446289,"Unknown"
"7014852",371861,2025-11-09 07:44:20,43.3541870117188,-8.45791149139404,"Unknown"
"7014852",371861,2025-11-09 07:54:36,43.354190826416,-8.45932769775391,"Unknown"
"7014852",371861,2025-11-09 08:15:32,43.3542327880859,-8.45794677734375,"Unknown"
"7014852",371861,2025-11-09 08:34:35,43.3399887084961,-8.45445442199707,"Unknown"
"7014852",371861,2025-11-09 08:44:44,43.3490257263184,-8.43591594696045,"Unknown"
"7014852",371861,2025-11-09 08:54:35,43.3503875732422,-8.42805480957031,"Unknown"
"7014852",371861,2025-11-09 09:04:10,43.3504066467285,-8.42822742462158,"Unknown"
"7014852",371861,2025-11-09 09:14:09,43.3501243591309,-8.42866992950439,"Unknown"
"7014852",371861,2025-11-09 09:24:09,43.3500671386719,-8.42869567871094,"Unknown"
"7014852",371861,2025-11-09 09:34:10,43.3499412536621,-8.42885208129883,"Unknown"
"7014852",371861,2025-11-09 09:44:11,43.3498420715332,-8.42789459228516,"Unknown"
"7014852",371861,2025-11-09 09:54:10,43.3496856689453,-8.42739200592041,"Unknown"
"7014852",371861,2025-11-09 10:04:12,43.3524932861328,-8.42752647399902,"Unknown"
"7014852",371861,2025-11-09 10:14:10,43.3557662963867,-8.43072128295898,"Unknown"
"7014852",371861,2025-11-09 10:24:11,43.3541107177734,-8.45828151702881,"Unknown"
"7014852",371861,2025-11-09 10:34:13,43.3479995727539,-8.43737602233887,"Unknown"
"7014852",371861,2025-11-09 10:44:18,43.3523597717285,-8.42758274078369,"Unknown"
"7014852",371861,2025-11-09 10:54:18,43.3523368835449,-8.42756366729736,"Unknown"
"7014852",371861,2025-11-09 11:04:18,43.3523712158203,-8.42757892608643,"Unknown"
"7014852",371861,2025-11-09 11:14:18,43.352367401123,-8.42757225036621,"Unknown"
"7014852",371861,2025-11-09 11:24:18,43.3523139953613,-8.4275484085083,"Unknown"
"7014852",371861,2025-11-09 11:34:18,43.3538017272949,-8.45810317993164,"Unknown"
"7014852",371861,2025-11-09 11:44:22,43.3534507751465,-8.48296642303467,"Unknown"
"7014852",371861,2025-11-09 11:54:44,43.3534545898438,-8.48288822174072,"Unknown"
"7014852",371861,2025-11-09 12:04:08,43.352424621582,-8.4805793762207,"Unknown"
"7014852",371861,2025-11-09 12:14:08,43.3506660461426,-8.50953102111816,"Unknown"
"7014852",371861,2025-11-09 12:24:10,43.3295745849609,-8.51094722747803,"Unknown"
"7014852",371861,2025-11-09 12:34:08,43.3196640014648,-8.55789947509766,"Unknown"
"7014852",371861,2025-11-09 12:44:10,43.3165817260742,-8.60561847686768,"Unknown"
"7014852",371861,2025-11-09 12:54:22,43.3122520446777,-8.63871765136719,"Unknown"
"7014852",371861,2025-11-09 13:04:10,43.3043632507324,-8.69595336914062,"Unknown"
"7014852",371861,2025-11-09 13:14:31,43.3054847717285,-8.75009250640869,"Unknown"
"7014852",371861,2025-11-09 13:24:13,43.3226928710938,-8.80690002441406,"Unknown"
"7014852",371861,2025-11-09 13:34:10,43.3130111694336,-8.84324836730957,"Unknown"
"7014852",371861,2025-11-09 13:44:54,43.3166923522949,-8.90916347503662,"Unknown"
"7014852",371861,2025-11-09 13:49:10,43.3029479980469,-8.91061019897461,"Unknown"
"7014852",371861,2025-11-09 13:59:15,43.2898941040039,-8.96035003662109,"Unknown"
"7014852",371861,2025-11-09 14:35:13,43.2041091918945,-9.06054782867432,"Unknown"
"7014852",371861,2025-11-09 14:44:38,43.1897087097168,-9.09044361114502,"Unknown"
"7014852",371861,2025-11-09 14:54:35,43.1894989013672,-9.0899076461792,"Unknown"
"7014852",371861,2025-11-09 15:04:11,43.1895446777344,-9.08993911743164,"Unknown"
"7014852",371861,2025-11-09 15:14:09,43.1895179748535,-9.0900411605835,"Unknown"
"7014852",371861,2025-11-09 15:24:11,43.1870803833008,-9.0909948348999,"Unknown"
"7014852",371861,2025-11-09 15:34:18,43.1872482299805,-9.09067821502686,"Unknown"
"7014852",371861,2025-11-09 15:44:09,43.1874618530273,-9.09042835235596,"Unknown"
"7014852",371861,2025-11-09 15:54:44,43.1871910095215,-9.09068489074707,"Unknown"
"7014852",371861,2025-11-09 16:04:08,43.1861381530762,-9.09063529968262,"Unknown"
"7014852",371861,2025-11-09 16:14:09,43.1871528625488,-9.09080982208252,"Unknown"
"7014852",371861,2025-11-09 16:24:08,43.1871299743652,-9.09084224700928,"Unknown"
"7014852",371861,2025-11-09 16:34:25,43.1840362548828,-9.09131050109863,"Unknown"
"7014852",371861,2025-11-09 16:44:10,43.1870384216309,-9.09098243713379,"Unknown"
"7014852",371861,2025-11-09 16:54:09,43.1897239685059,-9.08547782897949,"Unknown"
"7014852",371861,2025-11-09 17:04:11,43.230541229248,-9.02897071838379,"Unknown"
"7014852",371861,2025-11-09 17:14:35,43.2925682067871,-8.97499752044678,"Unknown"
"7014852",371861,2025-11-09 17:24:16,43.3270721435547,-8.90343570709229,"Unknown"
"7014852",371861,2025-11-09 17:35:32,43.3432579040527,-8.83020305633545,"Unknown"
"7014852",371861,2025-11-09 17:44:44,43.3226623535156,-8.80368041992188,"Unknown"
"7014852",371861,2025-11-09 17:55:59,43.3051452636719,-8.77252388000488,"Unknown"
"7014852",371861,2025-11-09 22:56:29,43.359447479248,-8.39921474456787,"Unknown"
"7014852",371861,2025-11-10 03:56:29,43.3604469299316,-8.40254688262939,"Unknown"
"7014852",371861,2025-11-10 07:27:29,43.3330841064453,-8.42385959625244,"Unknown"
"7014852",371861,2025-11-10 07:36:24,43.3501472473145,-8.42780685424805,"Unknown"
"7014852",371861,2025-11-10 07:46:24,43.3498229980469,-8.42877292633057,"Unknown"
"7014852",371861,2025-11-10 07:56:22,43.3498306274414,-8.42866706848145,"Unknown"
"7014852",371861,2025-11-10 08:06:24,43.3500938415527,-8.42831707000732,"Unknown"
"7014852",371861,2025-11-10 08:16:22,43.3500442504883,-8.42947769165039,"Unknown"
"7014852",371861,2025-11-10 08:26:34,43.355167388916,-8.45801162719727,"Unknown"
"7014852",371861,2025-11-10 08:36:44,43.3551330566406,-8.45800399780273,"Unknown"
"7014852",371861,2025-11-10 08:46:20,43.3550567626953,-8.45800971984863,"Unknown"
"7014852",371861,2025-11-10 08:56:20,43.3552284240723,-8.45795249938965,"Unknown"
"7014852",371861,2025-11-10 09:06:20,43.3552742004395,-8.45816898345947,"Unknown"
"7014852",371861,2025-11-10 09:16:21,43.3553428649902,-8.4584264755249,"Unknown"
"7014852",371861,2025-11-10 09:26:22,43.3554382324219,-8.4580078125,"Unknown"
"7014852",371861,2025-11-10 09:36:44,43.3554344177246,-8.45801258087158,"Unknown"
"7014852",371861,2025-11-10 09:46:24,43.3550453186035,-8.45751571655273,"Unknown"
"7014852",371861,2025-11-10 09:56:22,43.3553428649902,-8.45766925811768,"Unknown"
"7014852",371861,2025-11-10 10:06:21,43.3545341491699,-8.45812034606934,"Unknown"
"7014852",371861,2025-11-10 10:16:20,43.3544769287109,-8.4582405090332,"Unknown"
"7014852",371861,2025-11-10 10:26:23,43.3542251586914,-8.45862483978271,"Unknown"
"7014852",371861,2025-11-10 10:46:30,43.3395690917969,-8.45484924316406,"Unknown"
"7014852",371861,2025-11-10 10:56:31,43.339656829834,-8.45540428161621,"Unknown"
"7014852",371861,2025-11-10 11:06:31,43.3396873474121,-8.45523262023926,"Unknown"
"7014852",371861,2025-11-10 11:16:45,43.3399772644043,-8.45512580871582,"Unknown"
"7014852",371861,2025-11-10 11:26:26,43.3401069641113,-8.45512294769287,"Unknown"
"7014852",371861,2025-11-10 11:36:32,43.3398017883301,-8.45505332946777,"Unknown"
"7014852",371861,2025-11-10 11:46:45,43.3550033569336,-8.45792102813721,"Unknown"
"7014852",371861,2025-11-10 11:56:26,43.3549194335938,-8.45786380767822,"Unknown"
"7014852",371861,2025-11-10 12:06:45,43.3550071716309,-8.45788764953613,"Unknown"
"7014852",371861,2025-11-10 12:16:26,43.3546905517578,-8.45827293395996,"Unknown"
"7014852",371861,2025-11-10 12:26:21,43.3549880981445,-8.45835876464844,"Unknown"
"7014852",371861,2025-11-10 12:36:26,43.3550071716309,-8.45795822143555,"Unknown"
"7014852",371861,2025-11-10 12:46:53,43.3549957275391,-8.45788955688477,"Unknown"
"7014852",371861,2025-11-10 12:56:20,43.3549880981445,-8.45793533325195,"Unknown"
"7014852",371861,2025-11-10 13:06:20,43.3550415039062,-8.45768451690674,"Unknown"
"7014852",371861,2025-11-10 13:16:20,43.3550338745117,-8.45784473419189,"Unknown"
"7014852",371861,2025-11-10 13:26:20,43.3550300598145,-8.45771408081055,"Unknown"
"7014852",371861,2025-11-10 13:36:21,43.3549766540527,-8.45813941955566,"Unknown"
"7014852",371861,2025-11-10 13:46:21,43.3549575805664,-8.457932472229,"Unknown"
"7014852",371861,2025-11-10 13:56:21,43.3549652099609,-8.45789432525635,"Unknown"
"7014852",371861,2025-11-10 14:06:24,43.354923248291,-8.45787715911865,"Unknown"
"7014852",371861,2025-11-10 14:16:20,43.3548583984375,-8.4577693939209,"Unknown"
"7014852",371861,2025-11-10 14:26:26,43.3537483215332,-8.458327293396,"Unknown"
"7014852",371861,2025-11-10 14:36:29,43.3491477966309,-8.42778873443604,"Unknown"
"7014852",371861,2025-11-10 14:46:37,43.3493728637695,-8.427903175354,"Unknown"
"7014852",371861,2025-11-10 14:56:33,43.3492889404297,-8.42786598205566,"Unknown"
"7014852",371861,2025-11-10 15:06:41,43.3536643981934,-8.42464351654053,"Unknown"
"7014852",371861,2025-11-10 15:16:23,43.3533592224121,-8.42488861083984,"Unknown"
"7014852",371861,2025-11-10 15:26:31,43.3530158996582,-8.42330551147461,"Unknown"
"7014852",371861,2025-11-10 15:36:31,43.3532943725586,-8.42330741882324,"Unknown"
"7014852",371861,2025-11-10 15:46:45,43.3531532287598,-8.42323398590088,"Unknown"
"7014852",371861,2025-11-10 15:56:20,43.353816986084,-8.42554473876953,"Unknown"
"7014852",371861,2025-11-10 16:06:24,43.3537521362305,-8.42563819885254,"Unknown"
"7014852",371861,2025-11-10 16:16:29,43.3536605834961,-8.42519187927246,"Unknown"
"7014852",371861,2025-11-10 16:26:42,43.3538284301758,-8.42540645599365,"Unknown"
"7014852",371861,2025-11-10 16:36:21,43.3535842895508,-8.42554664611816,"Unknown"
"7014852",371861,2025-11-10 16:46:45,43.3536643981934,-8.42539978027344,"Unknown"
"7014852",371861,2025-11-10 16:56:20,43.352970123291,-8.42367172241211,"Unknown"
"7014852",371861,2025-11-10 17:06:21,43.3588714599609,-8.40015506744385,"Unknown"
"7014852",371861,2025-11-10 17:16:23,43.3591613769531,-8.40008544921875,"Unknown"
"7014852",371861,2025-11-10 17:26:32,43.3591003417969,-8.40001201629639,"Unknown"
"7014852",371861,2025-11-10 17:36:53,43.3589096069336,-8.40011215209961,"Unknown"
"7014852",371861,2025-11-10 17:46:36,43.3591423034668,-8.40047073364258,"Unknown"
"7014852",371861,2025-11-10 17:53:39,43.3591232299805,-8.40023803710938,"Unknown"
"7014852",371861,2025-11-10 22:54:45,43.3606414794922,-8.40292167663574,"Unknown"
"7014852",371861,2025-11-11 03:54:06,43.3609428405762,-8.40313339233398,"Unknown"
"7014852",371861,2025-11-11 07:27:38,43.3323974609375,-8.42745208740234,"Unknown"
"7014852",371861,2025-11-11 07:36:25,43.3322868347168,-8.4321928024292,"Unknown"
"7014852",371861,2025-11-11 07:46:27,43.3341026306152,-8.429368019104,"Unknown"
"7014852",371861,2025-11-11 07:56:14,43.3331909179688,-8.43078327178955,"Unknown"
"7014852",371861,2025-11-11 08:06:45,43.3337364196777,-8.42906188964844,"Unknown"
"7014852",371861,2025-11-11 08:16:15,43.3341751098633,-8.42967224121094,"Unknown"
"7014852",371861,2025-11-11 08:26:24,43.3320808410645,-8.43049240112305,"Unknown"
"7014852",371861,2025-11-11 08:36:35,43.332103729248,-8.43045616149902,"Unknown"
"7014852",371861,2025-11-11 08:46:35,43.3321495056152,-8.43048000335693,"Unknown"
"7014852",371861,2025-11-11 08:56:22,43.3324890136719,-8.43046569824219,"Unknown"
"7014852",371861,2025-11-11 09:06:29,43.3320846557617,-8.43051338195801,"Unknown"
"7014852",371861,2025-11-11 09:16:17,43.3323287963867,-8.43071174621582,"Unknown"
"7014852",371861,2025-11-11 09:26:16,43.333984375,-8.42924499511719,"Unknown"
"7014852",371861,2025-11-11 09:36:17,43.3318862915039,-8.43100833892822,"Unknown"
"7014852",371861,2025-11-11 09:46:17,43.3302612304688,-8.43114852905273,"Unknown"
"7014852",371861,2025-11-11 09:56:15,43.3310012817383,-8.43083572387695,"Unknown"
"7014852",371861,2025-11-11 10:06:22,43.3318367004395,-8.43065452575684,"Unknown"
"7014852",371861,2025-11-11 10:16:18,43.3303184509277,-8.43146705627441,"Unknown"
"7014852",371861,2025-11-11 10:26:24,43.3493309020996,-8.42874050140381,"Unknown"
"7014852",371861,2025-11-11 10:36:17,43.3495788574219,-8.42786598205566,"Unknown"
"7014852",371861,2025-11-11 10:46:25,43.3496551513672,-8.42824554443359,"Unknown"
"7014852",371861,2025-11-11 10:56:35,43.3494186401367,-8.42814159393311,"Unknown"
"7014852",371861,2025-11-11 11:06:15,43.3493614196777,-8.42804718017578,"Unknown"
"7014852",371861,2025-11-11 11:16:14,43.3494033813477,-8.42801761627197,"Unknown"
"7014852",371861,2025-11-11 11:26:15,43.3511238098145,-8.42505741119385,"Unknown"
"7014852",371861,2025-11-11 11:36:18,43.3608703613281,-8.403076171875,"Unknown"
"7014852",371861,2025-11-11 11:46:18,43.3611145019531,-8.4030818939209,"Unknown"
"7014852",371861,2025-11-11 11:56:22,43.3610916137695,-8.40296649932861,"Unknown"
"7014852",371861,2025-11-11 12:06:18,43.3610763549805,-8.40304565429688,"Unknown"
"7014852",371861,2025-11-11 12:16:24,43.3609848022461,-8.40286922454834,"Unknown"
"7014852",371861,2025-11-11 12:26:18,43.3609085083008,-8.40279865264893,"Unknown"
"7014852",371861,2025-11-11 12:36:16,43.3608169555664,-8.40233325958252,"Unknown"
"7014852",371861,2025-11-11 12:46:17,43.3607864379883,-8.40200138092041,"Unknown"
"7014852",371861,2025-11-11 12:56:27,43.3617057800293,-8.40331554412842,"Unknown"
"7014852",371861,2025-11-11 13:06:25,43.3617515563965,-8.40323734283447,"Unknown"
"7014852",371861,2025-11-11 13:16:27,43.3617172241211,-8.40325450897217,"Unknown"
"7014852",371861,2025-11-11 13:26:26,43.3617134094238,-8.40324687957764,"Unknown"
"7014852",371861,2025-11-11 13:36:26,43.3616905212402,-8.4032154083252,"Unknown"
"7014852",371861,2025-11-11 13:46:26,43.3616828918457,-8.40318298339844,"Unknown"
"7014852",371861,2025-11-11 13:56:26,43.3617095947266,-8.40330219268799,"Unknown"
"7014852",371861,2025-11-11 14:06:35,43.3638381958008,-8.40342617034912,"Unknown"
"7014852",371861,2025-11-11 14:16:15,43.361011505127,-8.40278244018555,"Unknown"
"7014852",371861,2025-11-11 14:26:14,43.3610572814941,-8.40285587310791,"Unknown"
"7014852",371861,2025-11-11 14:36:16,43.3607292175293,-8.40253639221191,"Unknown"
"7014852",371861,2025-11-11 14:46:16,43.3639297485352,-8.40283107757568,"Unknown"
"7014852",371861,2025-11-11 14:56:14,43.3617782592773,-8.4033203125,"Unknown"
"7014852",371861,2025-11-11 15:06:33,43.3615760803223,-8.40317821502686,"Unknown"
"7014852",371861,2025-11-11 15:16:15,43.3616752624512,-8.40324306488037,"Unknown"
"7014852",371861,2025-11-11 15:26:15,43.3617057800293,-8.40326023101807,"Unknown"
"7014852",371861,2025-11-11 15:36:24,43.3616638183594,-8.40316963195801,"Unknown"
"7014852",371861,2025-11-11 15:46:27,43.3617668151855,-8.40317249298096,"Unknown"
"7014852",371861,2025-11-11 15:56:35,43.361644744873,-8.40320110321045,"Unknown"
"7014852",371861,2025-11-11 16:06:14,43.3610954284668,-8.40308952331543,"Unknown"
"7014852",371861,2025-11-11 16:16:15,43.36083984375,-8.40279579162598,"Unknown"
"7014852",371861,2025-11-11 16:26:16,43.3607978820801,-8.40262031555176,"Unknown"
"7014852",371861,2025-11-11 16:36:16,43.3606262207031,-8.40278911590576,"Unknown"
"7014852",371861,2025-11-11 16:46:15,43.360767364502,-8.40268230438232,"Unknown"
"7014852",371861,2025-11-11 16:56:15,43.3610382080078,-8.40302085876465,"Unknown"
"7014852",371861,2025-11-11 17:06:16,43.3607292175293,-8.40268993377686,"Unknown"
"7014852",371861,2025-11-11 17:16:21,43.3607482910156,-8.40292549133301,"Unknown"
"7014852",371861,2025-11-11 17:26:35,43.3608169555664,-8.40302753448486,"Unknown"
"7014852",371861,2025-11-11 17:36:19,43.360782623291,-8.40304470062256,"Unknown"
"7014852",371861,2025-11-11 17:46:23,43.3608093261719,-8.4030237197876,"Unknown"
"7014852",371861,2025-11-11 17:52:50,43.3602409362793,-8.40250968933105,"Unknown"
"7014852",371861,2025-11-11 22:53:15,43.3583984375,-8.39227199554443,"Unknown"
"7014852",371861,2025-11-12 03:53:15,43.3591079711914,-8.39853000640869,"Unknown"
"7014852",371861,2025-11-12 07:28:05,43.3495178222656,-8.4282922744751,"Unknown"
"7014852",371861,2025-11-12 07:37:33,43.3494758605957,-8.42824077606201,"Unknown"
"7014852",371861,2025-11-12 07:47:39,43.3493919372559,-8.42825508117676,"Unknown"
"7014852",371861,2025-11-12 07:57:33,43.34033203125,-8.45173835754395,"Unknown"
"7014852",371861,2025-11-12 08:07:34,43.3471641540527,-8.43979549407959,"Unknown"
"7014852",371861,2025-11-12 08:17:34,43.3471488952637,-8.44007110595703,"Unknown"
"7014852",371861,2025-11-12 08:27:34,43.3468894958496,-8.43966674804688,"Unknown"
"7014852",371861,2025-11-12 08:37:43,43.3472747802734,-8.439772605896,"Unknown"
"7014852",371861,2025-11-12 08:47:33,43.3467330932617,-8.43953132629395,"Unknown"
"7014852",371861,2025-11-12 08:57:34,43.3465766906738,-8.4400110244751,"Unknown"
"7014852",371861,2025-11-12 09:07:36,43.3290061950684,-8.43465042114258,"Unknown"
"7014852",371861,2025-11-12 09:17:36,43.3290328979492,-8.43464279174805,"Unknown"
"7014852",371861,2025-11-12 09:27:36,43.3289756774902,-8.4346923828125,"Unknown"
"7014852",371861,2025-11-12 09:37:40,43.3290176391602,-8.43451595306396,"Unknown"
"7014852",371861,2025-11-12 09:47:36,43.329029083252,-8.43452072143555,"Unknown"
"7014852",371861,2025-11-12 09:57:34,43.3297233581543,-8.43319129943848,"Unknown"
"7014852",371861,2025-11-12 10:07:39,43.3320808410645,-8.43056392669678,"Unknown"
"7014852",371861,2025-11-12 10:17:39,43.3322067260742,-8.4310417175293,"Unknown"
"7014852",371861,2025-11-12 10:27:41,43.3320426940918,-8.43049907684326,"Unknown"
"7014852",371861,2025-11-12 10:37:41,43.3320846557617,-8.43058967590332,"Unknown"
"7014852",371861,2025-11-12 10:47:34,43.3321266174316,-8.43054103851318,"Unknown"
"7014852",371861,2025-11-12 10:57:38,43.3320579528809,-8.43047428131104,"Unknown"
"7014852",371861,2025-11-12 11:08:05,43.3320655822754,-8.43056583404541,"Unknown"
"7014852",371861,2025-11-12 11:17:36,43.3319816589355,-8.4305591583252,"Unknown"
"7014852",371861,2025-11-12 11:27:38,43.3319435119629,-8.43048095703125,"Unknown"
"7014852",371861,2025-11-12 11:37:39,43.3317947387695,-8.43054008483887,"Unknown"
"7014852",371861,2025-11-12 11:47:37,43.3342704772949,-8.42988967895508,"Unknown"
"7014852",371861,2025-11-12 11:57:41,43.3515930175781,-8.43554496765137,"Unknown"
"7014852",371861,2025-11-12 12:07:45,43.3553504943848,-8.45812606811523,"Unknown"
"7014852",371861,2025-11-12 12:17:37,43.3556785583496,-8.45868587493896,"Unknown"
"7014852",371861,2025-11-12 12:27:39,43.3552360534668,-8.45801639556885,"Unknown"
"7014852",371861,2025-11-12 12:37:38,43.3549118041992,-8.45746040344238,"Unknown"
"7014852",371861,2025-11-12 12:47:45,43.3552398681641,-8.4580545425415,"Unknown"
"7014852",371861,2025-11-12 12:57:39,43.3552055358887,-8.45797157287598,"Unknown"
"7014852",371861,2025-11-12 13:07:39,43.3550605773926,-8.45807456970215,"Unknown"
"7014852",371861,2025-11-12 13:17:39,43.348201751709,-8.44791412353516,"Unknown"
"7014852",371861,2025-11-12 13:27:39,43.3368301391602,-8.42512607574463,"Unknown"
"7014852",371861,2025-11-12 13:37:45,43.3495445251465,-8.42801475524902,"Unknown"
"7014852",371861,2025-11-12 13:47:39,43.349552154541,-8.42786979675293,"Unknown"
"7014852",371861,2025-11-12 13:57:43,43.3495597839355,-8.42798328399658,"Unknown"
"7014852",371861,2025-11-12 14:07:35,43.3488578796387,-8.42607975006104,"Unknown"
"7014852",371861,2025-11-12 14:17:38,43.3343086242676,-8.41186237335205,"Unknown"
"7014852",371861,2025-11-12 14:27:36,43.3338470458984,-8.41227912902832,"Unknown"
"7014852",371861,2025-11-12 14:37:58,43.334285736084,-8.41153526306152,"Unknown"
"7014852",371861,2025-11-12 14:48:05,43.334056854248,-8.41238212585449,"Unknown"
"7014852",371861,2025-11-12 14:57:39,43.3339576721191,-8.41233539581299,"Unknown"
"7014852",371861,2025-11-12 15:07:39,43.3337669372559,-8.4122314453125,"Unknown"
"7014852",371861,2025-11-12 15:17:37,43.3338775634766,-8.41196632385254,"Unknown"
"7014852",371861,2025-11-12 15:27:40,43.339958190918,-8.41082668304443,"Unknown"
"7014852",371861,2025-11-12 15:37:37,43.3399848937988,-8.41083145141602,"Unknown"
"7014852",371861,2025-11-12 15:47:38,43.3403854370117,-8.41053485870361,"Unknown"
"7014852",371861,2025-11-12 15:57:44,43.3399810791016,-8.41077899932861,"Unknown"
"7014852",371861,2025-11-12 16:07:33,43.340030670166,-8.41083908081055,"Unknown"
"7014852",371861,2025-11-12 16:17:33,43.3402099609375,-8.41112041473389,"Unknown"
"7014852",371861,2025-11-12 16:27:37,43.3400688171387,-8.41086483001709,"Unknown"
"7014852",371861,2025-11-12 16:37:34,43.3399467468262,-8.41077709197998,"Unknown"
"7014852",371861,2025-11-12 16:47:43,43.339958190918,-8.41072273254395,"Unknown"
"7014852",371861,2025-11-12 16:57:44,43.3400726318359,-8.41079521179199,"Unknown"
"7014852",371861,2025-11-12 17:07:33,43.3401832580566,-8.41098403930664,"Unknown"
"7014852",371861,2025-11-12 17:17:36,43.3399314880371,-8.41102504730225,"Unknown"
"7014852",371861,2025-11-12 17:27:39,43.3596076965332,-8.39723491668701,"Unknown"
"7014852",371861,2025-11-12 17:37:36,43.3597984313965,-8.39741706848145,"Unknown"
"7014852",371861,2025-11-12 17:47:45,43.3598136901855,-8.39727878570557,"Unknown"
"7014852",371861,2025-11-12 17:51:54,43.3597755432129,-8.39726161956787,"Unknown"
"7014852",371861,2025-11-12 22:52:05,43.3590354919434,-8.40009307861328,"Unknown"
"7014852",371861,2025-11-13 03:52:15,43.361629486084,-8.40347671508789,"Unknown"
"7014852",371861,2025-11-13 07:29:54,43.342170715332,-8.40575218200684,"Unknown"
"7014852",371861,2025-11-13 07:38:56,43.3424339294434,-8.40778255462646,"Unknown"
"7014852",371861,2025-11-13 07:49:02,43.3356857299805,-8.42124557495117,"Unknown"
"7014852",371861,2025-11-13 07:58:44,43.3329429626465,-8.40935325622559,"Unknown"
"7014852",371861,2025-11-13 08:09:55,43.3379592895508,-8.41836166381836,"Unknown"
"7014852",371861,2025-11-13 08:18:45,43.3357772827148,-8.42135810852051,"Unknown"
"7014852",371861,2025-11-13 08:28:46,43.3375015258789,-8.42239570617676,"Unknown"
"7014852",371861,2025-11-13 08:38:46,43.3375816345215,-8.42247772216797,"Unknown"
"7014852",371861,2025-11-13 08:48:46,43.337516784668,-8.4225378036499,"Unknown"
"7014852",371861,2025-11-13 08:58:44,43.3552398681641,-8.44538307189941,"Unknown"
"7014852",371861,2025-11-13 09:08:46,43.3540496826172,-8.45779609680176,"Unknown"
"7014852",371861,2025-11-13 09:18:48,43.3476905822754,-8.43526744842529,"Unknown"
"7014852",371861,2025-11-13 09:28:50,43.3420906066895,-8.42245578765869,"Unknown"
"7014852",371861,2025-11-13 09:38:46,43.3424377441406,-8.41501712799072,"Unknown"
"7014852",371861,2025-11-13 09:48:45,43.339469909668,-8.41027450561523,"Unknown"
"7014852",371861,2025-11-13 09:58:45,43.3397827148438,-8.41101360321045,"Unknown"
"7014852",371861,2025-11-13 10:08:46,43.3397445678711,-8.41090393066406,"Unknown"
"7014852",371861,2025-11-13 10:18:54,43.3398246765137,-8.41097068786621,"Unknown"
"7014852",371861,2025-11-13 10:28:55,43.3398475646973,-8.4113597869873,"Unknown"
"7014852",371861,2025-11-13 10:39:05,43.3397598266602,-8.41110610961914,"Unknown"
"7014852",371861,2025-11-13 10:48:55,43.3398056030273,-8.41114807128906,"Unknown"
"7014852",371861,2025-11-13 10:58:55,43.3396644592285,-8.41121292114258,"Unknown"
"7014852",371861,2025-11-13 11:08:56,43.3397331237793,-8.41110420227051,"Unknown"
"7014852",371861,2025-11-13 11:18:55,43.3397521972656,-8.41111850738525,"Unknown"
"7014852",371861,2025-11-13 11:28:58,43.3530654907227,-8.42571353912354,"Unknown"
"7014852",371861,2025-11-13 11:38:55,43.3536567687988,-8.42530727386475,"Unknown"
"7014852",371861,2025-11-13 11:49:09,43.3537521362305,-8.42534351348877,"Unknown"
"7014852",371861,2025-11-13 11:59:35,43.3535461425781,-8.42583751678467,"Unknown"
"7014852",371861,2025-11-13 12:08:44,43.3533554077148,-8.42563247680664,"Unknown"
"7014852",371861,2025-11-13 12:18:46,43.3531188964844,-8.42536354064941,"Unknown"
"7014852",371861,2025-11-13 12:28:45,43.353702545166,-8.42625713348389,"Unknown"
"7014852",371861,2025-11-13 12:38:46,43.353687286377,-8.425537109375,"Unknown"
"7014852",371861,2025-11-13 12:48:46,43.3542098999023,-8.42627716064453,"Unknown"
"7014852",371861,2025-11-13 12:58:45,43.3533782958984,-8.42543029785156,"Unknown"
"7014852",371861,2025-11-13 13:08:48,43.3531684875488,-8.4250431060791,"Unknown"
"7014852",371861,2025-11-13 13:18:46,43.3534355163574,-8.42455768585205,"Unknown"
"7014852",371861,2025-11-13 13:29:02,43.3533096313477,-8.42512035369873,"Unknown"
"7014852",371861,2025-11-13 13:39:03,43.3533210754395,-8.42518329620361,"Unknown"
"7014852",371861,2025-11-13 13:48:50,43.3534660339355,-8.4252233505249,"Unknown"
"7014852",371861,2025-11-13 13:59:09,43.353458404541,-8.42461109161377,"Unknown"
"7014852",371861,2025-11-13 14:08:50,43.3501739501953,-8.42946720123291,"Unknown"
"7014852",371861,2025-11-13 14:19:01,43.3495597839355,-8.43486022949219,"Unknown"
"7014852",371861,2025-11-13 14:29:45,43.3392066955566,-8.41380977630615,"Unknown"
"7014852",371861,2025-11-13 14:39:05,43.3323860168457,-8.42473602294922,"Unknown"
"7014852",371861,2025-11-13 14:48:57,43.3329696655273,-8.42420864105225,"Unknown"
"7014852",371861,2025-11-13 14:58:52,43.3387184143066,-8.40986251831055,"Unknown"
"7014852",371861,2025-11-13 15:08:55,43.3387069702148,-8.40957641601562,"Unknown"
"7014852",371861,2025-11-13 15:19:01,43.3380813598633,-8.40840911865234,"Unknown"
"7014852",371861,2025-11-13 15:29:14,43.3381767272949,-8.4085807800293,"Unknown"
"7014852",371861,2025-11-13 15:38:55,43.3401145935059,-8.41075038909912,"Unknown"
"7014852",371861,2025-11-13 15:48:48,43.3401069641113,-8.41072273254395,"Unknown"
"7014852",371861,2025-11-13 15:59:14,43.3401031494141,-8.41064739227295,"Unknown"
"7014852",371861,2025-11-13 16:08:46,43.3401489257812,-8.41075897216797,"Unknown"
"7014852",371861,2025-11-13 16:18:45,43.3401832580566,-8.41078758239746,"Unknown"
"7014852",371861,2025-11-13 16:28:47,43.3401718139648,-8.41068649291992,"Unknown"
"7014852",371861,2025-11-13 16:38:49,43.3401260375977,-8.41082382202148,"Unknown"
"7014852",371861,2025-11-13 16:48:55,43.3547096252441,-8.40192794799805,"Unknown"
"7014852",371861,2025-11-13 16:58:54,43.3546333312988,-8.40223217010498,"Unknown"
"7014852",371861,2025-11-13 17:09:07,43.3536186218262,-8.4011926651001,"Unknown"
"7014852",371861,2025-11-13 17:19:03,43.3534812927246,-8.4016809463501,"Unknown"
"7014852",371861,2025-11-13 17:28:56,43.3535308837891,-8.40165519714355,"Unknown"
"7014852",371861,2025-11-13 17:39:07,43.3591613769531,-8.39990234375,"Unknown"
"7014852",371861,2025-11-13 17:50:40,43.359245300293,-8.4001636505127,"Unknown"
"7014852",371861,2025-11-13 22:50:58,43.3589324951172,-8.39236927032471,"Unknown"
"7014852",371861,2025-11-14 03:51:05,43.3605804443359,-8.40308380126953,"Unknown"
"7014852",371861,2025-11-14 07:30:17,43.3360939025879,-8.42171001434326,"Unknown"
"7014852",371861,2025-11-14 07:40:13,43.3361129760742,-8.42191028594971,"Unknown"
"7014852",371861,2025-11-14 07:50:13,43.3359527587891,-8.42202758789062,"Unknown"
"7014852",371861,2025-11-14 08:00:16,43.3321647644043,-8.4092960357666,"Unknown"
"7014852",371861,2025-11-14 08:10:14,43.3322830200195,-8.40944671630859,"Unknown"
"7014852",371861,2025-11-14 08:20:13,43.3325424194336,-8.40902042388916,"Unknown"
"7014852",371861,2025-11-14 08:30:24,43.3325805664062,-8.40857315063477,"Unknown"
"7014852",371861,2025-11-14 08:40:15,43.3342475891113,-8.41883945465088,"Unknown"
"7014852",371861,2025-11-14 08:50:17,43.3341407775879,-8.4124927520752,"Unknown"
"7014852",371861,2025-11-14 09:00:22,43.3344268798828,-8.41219139099121,"Unknown"
"7014852",371861,2025-11-14 09:10:16,43.3342895507812,-8.41229915618896,"Unknown"
"7014852",371861,2025-11-14 09:20:13,43.3338203430176,-8.4127082824707,"Unknown"
"7014852",371861,2025-11-14 09:30:15,43.3337287902832,-8.41481971740723,"Unknown"
"7014852",371861,2025-11-14 09:40:13,43.3362693786621,-8.40663051605225,"Unknown"
"7014852",371861,2025-11-14 09:50:13,43.3361511230469,-8.40691757202148,"Unknown"
"7014852",371861,2025-11-14 10:00:15,43.3364334106445,-8.40685558319092,"Unknown"
"7014852",371861,2025-11-14 10:10:13,43.3364791870117,-8.4068717956543,"Unknown"
"7014852",371861,2025-11-14 10:20:12,43.3365364074707,-8.40686798095703,"Unknown"
"7014852",371861,2025-11-14 10:30:13,43.3363990783691,-8.40645599365234,"Unknown"
"7014852",371861,2025-11-14 10:40:13,43.3364219665527,-8.40635204315186,"Unknown"
"7014852",371861,2025-11-14 10:50:16,43.3361320495605,-8.40658378601074,"Unknown"
"7014852",371861,2025-11-14 11:00:17,43.3358345031738,-8.40672302246094,"Unknown"
"7014852",371861,2025-11-14 11:10:14,43.3382415771484,-8.41197967529297,"Unknown"
"7014852",371861,2025-11-14 11:20:13,43.3535919189453,-8.42521095275879,"Unknown"
"7014852",371861,2025-11-14 11:30:24,43.3535232543945,-8.42524147033691,"Unknown"
"7014852",371861,2025-11-14 11:40:15,43.3531188964844,-8.4249963760376,"Unknown"
"7014852",371861,2025-11-14 11:50:12,43.3532028198242,-8.42525291442871,"Unknown"
"7014852",371861,2025-11-14 12:00:16,43.3533554077148,-8.42573642730713,"Unknown"
"7014852",371861,2025-11-14 12:10:15,43.353832244873,-8.42569828033447,"Unknown"
"7014852",371861,2025-11-14 12:20:14,43.3532409667969,-8.42511558532715,"Unknown"
"7014852",371861,2025-11-14 12:30:15,43.3536262512207,-8.42544174194336,"Unknown"
"7014852",371861,2025-11-14 12:40:16,43.3536643981934,-8.4248161315918,"Unknown"
"7014852",371861,2025-11-14 12:50:12,43.3534317016602,-8.42535877227783,"Unknown"
"7014852",371861,2025-11-14 13:00:19,43.3532562255859,-8.42495250701904,"Unknown"
"7014852",371861,2025-11-14 13:10:12,43.3533897399902,-8.42385578155518,"Unknown"
"7014852",371861,2025-11-14 13:20:13,43.3538017272949,-8.42399883270264,"Unknown"
"7014852",371861,2025-11-14 13:30:14,43.3535423278809,-8.42366886138916,"Unknown"
"7014852",371861,2025-11-14 13:40:12,43.3535461425781,-8.42378044128418,"Unknown"
"7014852",371861,2025-11-14 13:50:13,43.3535842895508,-8.42429542541504,"Unknown"
"7014852",371861,2025-11-14 14:00:12,43.3429565429688,-8.42520141601562,"Unknown"
"7014852",371861,2025-11-14 14:10:12,43.3329658508301,-8.4240779876709,"Unknown"
"7014852",371861,2025-11-14 14:20:12,43.3329315185547,-8.42411804199219,"Unknown"
"7014852",371861,2025-11-14 14:30:12,43.3337326049805,-8.41719913482666,"Unknown"
"7014852",371861,2025-11-14 14:40:12,43.3231353759766,-8.382248878479,"Unknown"
"7014852",371861,2025-11-14 14:50:12,43.3396072387695,-8.40795612335205,"Unknown"
"7014852",371861,2025-11-14 15:00:16,43.3497772216797,-8.42767143249512,"Unknown"
"7014852",371861,2025-11-14 15:10:18,43.3540802001953,-8.44677352905273,"Unknown"
"7014852",371861,2025-11-14 15:20:15,43.3550491333008,-8.4577522277832,"Unknown"
"7014852",371861,2025-11-14 15:30:11,43.3541030883789,-8.45761871337891,"Unknown"
"7014852",371861,2025-11-14 15:40:15,43.3607864379883,-8.45672798156738,"Unknown"
"7014852",371861,2025-11-14 15:50:18,43.3681259155273,-8.405198097229,"Unknown"
"7014852",371861,2025-11-14 16:00:23,43.3625869750977,-8.39392375946045,"Unknown"
"7014852",371861,2025-11-14 16:10:13,43.362434387207,-8.40383815765381,"Unknown"
"7014852",371861,2025-11-14 16:20:17,43.362003326416,-8.40346336364746,"Unknown"
"7014852",371861,2025-11-14 16:30:13,43.3594741821289,-8.39941501617432,"Unknown"
"7014852",371861,2025-11-14 16:40:11,43.359504699707,-8.39951038360596,"Unknown"
"7014852",371861,2025-11-14 16:50:18,43.3596115112305,-8.39956855773926,"Unknown"
"7014852",371861,2025-11-14 17:00:15,43.3595924377441,-8.39944744110107,"Unknown"
"7014852",371861,2025-11-14 17:10:13,43.3597373962402,-8.39645099639893,"Unknown"
"7014852",371861,2025-11-14 17:20:16,43.3583030700684,-8.39236736297607,"Unknown"
"7014852",371861,2025-11-14 17:30:18,43.3583679199219,-8.39249134063721,"Unknown"
"7014852",371861,2025-11-14 17:40:12,43.3592491149902,-8.3936939239502,"Unknown"
"7014852",371861,2025-11-14 17:50:08,43.3584594726562,-8.39273262023926,"Unknown"
"7014852",371861,2025-11-14 22:50:35,43.361213684082,-8.40335559844971,"Unknown"
"7014852",371861,2025-11-15 03:50:09,43.3597068786621,-8.39884948730469,"Unknown"
"7014852",371861,2025-11-15 07:31:59,43.3404769897461,-8.40614414215088,"Unknown"
"7014852",371861,2025-11-15 07:41:33,43.3398933410645,-8.40670585632324,"Unknown"
"7014852",371861,2025-11-15 07:51:31,43.3337478637695,-8.42448329925537,"Unknown"
"7014852",371861,2025-11-15 08:01:36,43.3323211669922,-8.43059158325195,"Unknown"
"7014852",371861,2025-11-15 08:11:34,43.332405090332,-8.43070411682129,"Unknown"
"7014852",371861,2025-11-15 08:21:34,43.3322486877441,-8.43057823181152,"Unknown"
"7014852",371861,2025-11-15 08:31:33,43.3363838195801,-8.41078472137451,"Unknown"
"7014852",371861,2025-11-15 08:41:28,43.3365020751953,-8.40673351287842,"Unknown"
"7014852",371861,2025-11-15 08:51:45,43.3366241455078,-8.40706443786621,"Unknown"
"7014852",371861,2025-11-15 09:01:44,43.334171295166,-8.4086799621582,"Unknown"
"7014852",371861,2025-11-15 09:11:36,43.3339042663574,-8.40809059143066,"Unknown"
"7014852",371861,2025-11-15 09:21:42,43.3341331481934,-8.40854454040527,"Unknown"
"7014852",371861,2025-11-15 09:31:33,43.3343276977539,-8.40839672088623,"Unknown"
"7014852",371861,2025-11-15 09:41:31,43.3340835571289,-8.40834522247314,"Unknown"
"7014852",371861,2025-11-15 09:51:43,43.3338584899902,-8.40802764892578,"Unknown"
"7014852",371861,2025-11-15 10:01:36,43.3339767456055,-8.40869808197021,"Unknown"
"7014852",371861,2025-11-15 10:11:44,43.334114074707,-8.40859508514404,"Unknown"
"7014852",371861,2025-11-15 10:21:36,43.3338775634766,-8.40859699249268,"Unknown"
"7014852",371861,2025-11-15 10:31:36,43.3342552185059,-8.40855979919434,"Unknown"
"7014852",371861,2025-11-15 10:41:38,43.3351554870605,-8.40831661224365,"Unknown"
"7014852",371861,2025-11-15 10:51:49,43.3346252441406,-8.40822982788086,"Unknown"
"7014852",371861,2025-11-15 11:01:40,43.3347091674805,-8.40801906585693,"Unknown"
"7014852",371861,2025-11-15 11:11:37,43.3340873718262,-8.40833473205566,"Unknown"
"7014852",371861,2025-11-15 11:21:33,43.333911895752,-8.40850353240967,"Unknown"
"7014852",371861,2025-11-15 11:31:41,43.3340606689453,-8.408447265625,"Unknown"
"7014852",371861,2025-11-15 11:41:30,43.3338851928711,-8.4084415435791,"Unknown"
"7014852",371861,2025-11-15 11:51:33,43.3342819213867,-8.40813541412354,"Unknown"
"7014852",371861,2025-11-15 12:01:45,43.334285736084,-8.4080867767334,"Unknown"
"7014852",371861,2025-11-15 12:11:57,43.3324661254883,-8.40900802612305,"Unknown"
"7014852",371861,2025-11-15 12:21:27,43.3324356079102,-8.40903186798096,"Unknown"
"7014852",371861,2025-11-15 12:31:36,43.3322601318359,-8.40889072418213,"Unknown"
"7014852",371861,2025-11-15 12:41:30,43.3320999145508,-8.4092378616333,"Unknown"
"7014852",371861,2025-11-15 12:51:29,43.333927154541,-8.40852642059326,"Unknown"
"7014852",371861,2025-11-15 13:01:28,43.333568572998,-8.40876579284668,"Unknown"
"7014852",371861,2025-11-15 13:11:27,43.3324165344238,-8.42363262176514,"Unknown"
"7014852",371861,2025-11-15 13:21:29,43.3312606811523,-8.4309606552124,"Unknown"
"7014852",371861,2025-11-15 13:31:33,43.3314971923828,-8.43064022064209,"Unknown"
"7014852",371861,2025-11-15 13:41:33,43.3315353393555,-8.43056678771973,"Unknown"
"7014852",371861,2025-11-15 13:51:29,43.3317031860352,-8.43063735961914,"Unknown"
"7014852",371861,2025-11-15 14:01:31,43.3311653137207,-8.43098735809326,"Unknown"
"7014852",371861,2025-11-15 14:11:30,43.3313903808594,-8.43098545074463,"Unknown"
"7014852",371861,2025-11-15 14:21:43,43.3313674926758,-8.43068027496338,"Unknown"
"7014852",371861,2025-11-15 14:31:30,43.3313827514648,-8.43075656890869,"Unknown"
"7014852",371861,2025-11-15 14:41:35,43.3313217163086,-8.4309024810791,"Unknown"
"7014852",371861,2025-11-15 14:51:41,43.3314514160156,-8.4308557510376,"Unknown"
"7014852",371861,2025-11-15 15:01:44,43.3305435180664,-8.43133735656738,"Unknown"
"7014852",371861,2025-11-15 15:11:27,43.3302536010742,-8.43078994750977,"Unknown"
"7014852",371861,2025-11-15 15:21:33,43.3305778503418,-8.43141937255859,"Unknown"
"7014852",371861,2025-11-15 15:31:30,43.3351669311523,-8.4179220199585,"Unknown"
"7014852",371861,2025-11-15 15:41:36,43.3417434692383,-8.40557670593262,"Unknown"
"7014852",371861,2025-11-15 15:51:59,43.3415260314941,-8.4052734375,"Unknown"
"7014852",371861,2025-11-15 16:01:57,43.3434600830078,-8.40824413299561,"Unknown"
"7014852",371861,2025-11-15 16:11:41,43.3399429321289,-8.40578269958496,"Unknown"
"7014852",371861,2025-11-15 16:21:36,43.3398170471191,-8.40618515014648,"Unknown"
"7014852",371861,2025-11-15 16:31:52,43.3435554504395,-8.40834712982178,"Unknown"
"7014852",371861,2025-11-15 16:41:59,43.3501396179199,-8.4011754989624,"Unknown"
"7014852",371861,2025-11-15 16:52:15,43.3498878479004,-8.40451240539551,"Unknown"
"7014852",371861,2025-11-15 17:01:27,43.3614463806152,-8.40314292907715,"Unknown"
"7014852",371861,2025-11-15 17:11:29,43.3616981506348,-8.40344142913818,"Unknown"
"7014852",371861,2025-11-15 17:21:33,43.3618812561035,-8.40370178222656,"Unknown"
"7014852",371861,2025-11-15 17:31:34,43.3589668273926,-8.3998556137085,"Unknown"
"7014852",371861,2025-11-15 17:41:30,43.358943939209,-8.39991283416748,"Unknown"
"7014852",371861,2025-11-15 17:49:15,43.3590812683105,-8.40013027191162,"Unknown"
"7014852",371861,2025-11-15 22:49:17,43.3591194152832,-8.40042877197266,"Unknown"
"7014852",371861,2025-11-16 03:49:35,43.3590431213379,-8.40021514892578,"Unknown"
"7014852",371861,2025-11-16 07:32:51,43.3349952697754,-8.42153167724609,"Unknown"
"7014852",371861,2025-11-16 07:42:54,43.3333969116211,-8.42429256439209,"Unknown"
"7014852",371861,2025-11-16 07:52:53,43.3337440490723,-8.42451763153076,"Unknown"
"7014852",371861,2025-11-16 08:03:14,43.3332061767578,-8.4242992401123,"Unknown"
"7014852",371861,2025-11-16 08:12:53,43.3333435058594,-8.42395687103271,"Unknown"
"7014852",371861,2025-11-16 08:22:54,43.3335914611816,-8.41232490539551,"Unknown"
"7014852",371861,2025-11-16 08:32:52,43.334098815918,-8.41289234161377,"Unknown"
"7014852",371861,2025-11-16 08:42:50,43.3340530395508,-8.41280937194824,"Unknown"
"7014852",371861,2025-11-16 08:53:02,43.3339233398438,-8.41224956512451,"Unknown"
"7014852",371861,2025-11-16 09:02:47,43.3348503112793,-8.42163181304932,"Unknown"
"7014852",371861,2025-11-16 09:12:49,43.3330001831055,-8.42930030822754,"Unknown"
"7014852",371861,2025-11-16 09:22:47,43.3330955505371,-8.42928791046143,"Unknown"
"7014852",371861,2025-11-16 09:33:14,43.3328704833984,-8.42926406860352,"Unknown"
"7014852",371861,2025-11-16 09:42:53,43.3322792053223,-8.43045330047607,"Unknown"
"7014852",371861,2025-11-16 09:52:47,43.3340339660645,-8.42963027954102,"Unknown"
"7014852",371861,2025-11-16 10:02:47,43.3319244384766,-8.43050289154053,"Unknown"
"7014852",371861,2025-11-16 10:12:47,43.3318634033203,-8.43032455444336,"Unknown"
"7014852",371861,2025-11-16 10:22:48,43.331916809082,-8.43056869506836,"Unknown"
"7014852",371861,2025-11-16 10:32:54,43.331901550293,-8.43051052093506,"Unknown"
"7014852",371861,2025-11-16 10:42:56,43.331859588623,-8.43035793304443,"Unknown"
"7014852",371861,2025-11-16 10:52:50,43.3318939208984,-8.43105792999268,"Unknown"
"7014852",371861,2025-11-16 11:02:52,43.3320770263672,-8.43118095397949,"Unknown"
"7014852",371861,2025-11-16 11:13:01,43.3319473266602,-8.43105125427246,"Unknown"
"7014852",371861,2025-11-16 11:22:49,43.3319396972656,-8.43116283416748,"Unknown"
"7014852",371861,2025-11-16 11:32:49,43.3320655822754,-8.43124103546143,"Unknown"
"7014852",371861,2025-11-16 11:42:54,43.3319549560547,-8.43018627166748,"Unknown"
"7014852",371861,2025-11-16 11:52:55,43.3321495056152,-8.43052291870117,"Unknown"
"7014852",371861,2025-11-16 12:03:01,43.3321228027344,-8.42959308624268,"Unknown"
"7014852",371861,2025-11-16 12:12:52,43.332145690918,-8.4304027557373,"Unknown"
"7014852",371861,2025-11-16 12:22:49,43.3325424194336,-8.43044281005859,"Unknown"
"7014852",371861,2025-11-16 12:32:52,43.3321990966797,-8.43053340911865,"Unknown"
"7014852",371861,2025-11-16 12:42:50,43.3320808410645,-8.43021488189697,"Unknown"
"7014852",371861,2025-11-16 12:52:48,43.3321685791016,-8.430251121521,"Unknown"
"7014852",371861,2025-11-16 13:02:48,43.3323059082031,-8.43027305603027,"Unknown"
"7014852",371861,2025-11-16 13:12:48,43.3322563171387,-8.43057155609131,"Unknown"
"7014852",371861,2025-11-16 13:22:48,43.3317489624023,-8.43050861358643,"Unknown"
"7014852",371861,2025-11-16 13:32:55,43.3321304321289,-8.43022918701172,"Unknown"
"7014852",371861,2025-11-16 13:42:48,43.3320198059082,-8.42953872680664,"Unknown"
"7014852",371861,2025-11-16 13:52:48,43.33203125,-8.43024444580078,"Unknown"
"7014852",371861,2025-11-16 14:02:48,43.3321151733398,-8.43032169342041,"Unknown"
"7014852",371861,2025-11-16 14:12:48,43.3326530456543,-8.42762184143066,"Unknown"
"7014852",371861,2025-11-16 14:22:54,43.3340721130371,-8.40815162658691,"Unknown"
"7014852",371861,2025-11-16 14:32:50,43.3340072631836,-8.40808963775635,"Unknown"
"7014852",371861,2025-11-16 14:42:48,43.3339462280273,-8.40815544128418,"Unknown"
"7014852",371861,2025-11-16 14:52:48,43.3340225219727,-8.40827941894531,"Unknown"
"7014852",371861,2025-11-16 15:02:59,43.3340339660645,-8.40809345245361,"Unknown"
"7014852",371861,2025-11-16 15:12:47,43.3340072631836,-8.40830612182617,"Unknown"
"7014852",371861,2025-11-16 15:22:48,43.3337783813477,-8.40819931030273,"Unknown"
"7014852",371861,2025-11-16 15:32:49,43.3341522216797,-8.40807628631592,"Unknown"
"7014852",371861,2025-11-16 15:42:50,43.3340148925781,-8.40824031829834,"Unknown"
"7014852",371861,2025-11-16 15:52:52,43.3341598510742,-8.40823745727539,"Unknown"
"7014852",371861,2025-11-16 16:02:47,43.3341865539551,-8.40837001800537,"Unknown"
"7014852",371861,2025-11-16 16:12:50,43.334171295166,-8.40851211547852,"Unknown"
"7014852",371861,2025-11-16 16:22:49,43.3340492248535,-8.40849590301514,"Unknown"
"7014852",371861,2025-11-16 16:32:49,43.3342094421387,-8.40848064422607,"Unknown"
"7014852",371861,2025-11-16 16:42:49,43.3341636657715,-8.40842914581299,"Unknown"
"7014852",371861,2025-11-16 16:52:48,43.3342666625977,-8.40850734710693,"Unknown"
"7014852",371861,2025-11-16 17:02:49,43.3535385131836,-8.4015998840332,"Unknown"
"7014852",371861,2025-11-16 17:12:49,43.3537826538086,-8.40190887451172,"Unknown"
"7014852",371861,2025-11-16 17:22:52,43.3583335876465,-8.39289379119873,"Unknown"
"7014852",371861,2025-11-16 17:32:55,43.3584136962891,-8.39288330078125,"Unknown"
"7014852",371861,2025-11-16 17:42:50,43.3583984375,-8.39294147491455,"Unknown"
"7014852",371861,2025-11-16 17:48:27,43.3588180541992,-8.39340209960938,"Unknown"
"7014852",371861,2025-11-16 22:48:44,43.3584213256836,-8.39333343505859,"Unknown"
"7014852",371861,2025-11-17 03:48:53,43.3585777282715,-8.39257907867432,"Unknown"
"7014852",371861,2025-11-17 07:35:23,43.3409156799316,-8.40575408935547,"Unknown"
"7014852",371861,2025-11-17 07:44:11,43.3358421325684,-8.4200325012207,"Unknown"
"7014852",371861,2025-11-17 07:54:10,43.3329696655273,-8.42901229858398,"Unknown"
"7014852",371861,2025-11-17 08:04:14,43.332706451416,-8.4289379119873,"Unknown"
"7014852",371861,2025-11-17 08:14:02,43.3328437805176,-8.42973899841309,"Unknown"
"7014852",371861,2025-11-17 08:24:14,43.332836151123,-8.42897319793701,"Unknown"
"7014852",371861,2025-11-17 08:34:03,43.3330879211426,-8.42897701263428,"Unknown"
"7014852",371861,2025-11-17 08:44:07,43.3334045410156,-8.42901992797852,"Unknown"
"7014852",371861,2025-11-17 08:54:15,43.3329963684082,-8.4289608001709,"Unknown"
"7014852",371861,2025-11-17 09:04:09,43.3343467712402,-8.42838668823242,"Unknown"
"7014852",371861,2025-11-17 09:14:27,43.3327751159668,-8.42890739440918,"Unknown"
"7014852",371861,2025-11-17 09:24:06,43.3332443237305,-8.42868041992188,"Unknown"
"7014852",371861,2025-11-17 09:34:12,43.3328704833984,-8.42893123626709,"Unknown"
"7014852",371861,2025-11-17 09:43:59,43.3329811096191,-8.42885398864746,"Unknown"
"7014852",371861,2025-11-17 09:54:03,43.3370132446289,-8.42478466033936,"Unknown"
"7014852",371861,2025-11-17 10:04:35,43.3497619628906,-8.42775821685791,"Unknown"
"7014852",371861,2025-11-17 10:13:59,43.3500175476074,-8.42766380310059,"Unknown"
"7014852",371861,2025-11-17 10:23:58,43.3498039245605,-8.42766666412354,"Unknown"
"7014852",371861,2025-11-17 10:34:01,43.3500595092773,-8.43270778656006,"Unknown"
"7014852",371861,2025-11-17 10:43:58,43.3368835449219,-8.45179557800293,"Unknown"
"7014852",371861,2025-11-17 10:53:58,43.2960433959961,-8.45184898376465,"Unknown"
"7014852",371861,2025-11-17 11:03:58,43.2036018371582,-8.45173168182373,"Unknown"
"7014852",371861,2025-11-17 11:14:00,43.1306190490723,-8.47102832794189,"Unknown"
"7014852",371861,2025-11-17 11:24:06,43.1304473876953,-8.47090911865234,"Unknown"
"7014852",371861,2025-11-17 11:33:59,43.1305503845215,-8.47085285186768,"Unknown"
"7014852",371861,2025-11-17 11:44:05,43.1324882507324,-8.46883201599121,"Unknown"
"7014852",371861,2025-11-17 11:54:01,43.1324310302734,-8.46881198883057,"Unknown"
"7014852",371861,2025-11-17 12:04:08,43.1324501037598,-8.46891212463379,"Unknown"
"7014852",371861,2025-11-17 12:14:15,43.133472442627,-8.46994400024414,"Unknown"
"7014852",371861,2025-11-17 12:24:14,43.1335144042969,-8.4699068069458,"Unknown"
"7014852",371861,2025-11-17 12:34:11,43.1334609985352,-8.46990871429443,"Unknown"
"7014852",371861,2025-11-17 12:44:06,43.1333045959473,-8.47016143798828,"Unknown"
"7014852",371861,2025-11-17 12:54:14,43.1334533691406,-8.47003746032715,"Unknown"
"7014852",371861,2025-11-17 13:04:06,43.1333351135254,-8.47014904022217,"Unknown"
"7014852",371861,2025-11-17 13:14:06,43.1332397460938,-8.47023677825928,"Unknown"
"7014852",371861,2025-11-17 13:24:19,43.1332397460938,-8.46984195709229,"Unknown"
"7014852",371861,2025-11-17 13:34:14,43.1331901550293,-8.46969604492188,"Unknown"
"7014852",371861,2025-11-17 13:44:10,43.132625579834,-8.46820163726807,"Unknown"
"7014852",371861,2025-11-17 13:54:07,43.133430480957,-8.46869659423828,"Unknown"
"7014852",371861,2025-11-17 14:04:06,43.1338768005371,-8.4689416885376,"Unknown"
"7014852",371861,2025-11-17 14:14:07,43.1337928771973,-8.46891021728516,"Unknown"
"7014852",371861,2025-11-17 14:24:04,43.1338119506836,-8.4690580368042,"Unknown"
"7014852",371861,2025-11-17 14:34:35,43.1338577270508,-8.46912002563477,"Unknown"
"7014852",371861,2025-11-17 14:43:58,43.1338233947754,-8.46914577484131,"Unknown"
"7014852",371861,2025-11-17 14:53:59,43.130500793457,-8.47094345092773,"Unknown"
"7014852",371861,2025-11-17 15:03:59,43.1306495666504,-8.4705696105957,"Unknown"
"7014852",371861,2025-11-17 15:13:59,43.1306838989258,-8.47082710266113,"Unknown"
"7014852",371861,2025-11-17 15:23:58,43.1328773498535,-8.46929836273193,"Unknown"
"7014852",371861,2025-11-17 15:34:01,43.1330070495605,-8.46937084197998,"Unknown"
"7014852",371861,2025-11-17 15:44:00,43.1329803466797,-8.46942520141602,"Unknown"
"7014852",371861,2025-11-17 15:54:03,43.1326141357422,-8.46943950653076,"Unknown"
"7014852",371861,2025-11-17 16:04:00,43.132511138916,-8.46941375732422,"Unknown"
"7014852",371861,2025-11-17 16:14:14,43.133129119873,-8.46933460235596,"Unknown"
"7014852",371861,2025-11-17 16:23:59,43.1332550048828,-8.4692268371582,"Unknown"
"7014852",371861,2025-11-17 16:34:03,43.1331634521484,-8.46919822692871,"Unknown"
"7014852",371861,2025-11-17 16:43:59,43.1328506469727,-8.46818923950195,"Unknown"
"7014852",371861,2025-11-17 16:54:01,43.1540908813477,-8.46428108215332,"Unknown"
"7014852",371861,2025-11-17 17:04:05,43.1860160827637,-8.42830371856689,"Unknown"
"7014852",371861,2025-11-17 17:14:20,43.1934661865234,-8.42011833190918,"Unknown"
"7014852",371861,2025-11-17 17:24:10,43.1895484924316,-8.41953086853027,"Unknown"
"7014852",371861,2025-11-17 17:34:01,43.1985015869141,-8.42728519439697,"Unknown"
"7014852",371861,2025-11-17 17:44:03,43.2305374145508,-8.45882034301758,"Unknown"
"7014852",371861,2025-11-17 17:48:18,43.247386932373,-8.44894409179688,"Unknown"
"7014852",371861,2025-11-17 22:48:35,43.3591156005859,-8.40004920959473,"Unknown"
"7014852",371861,2025-11-18 03:48:59,43.3642807006836,-8.40131092071533,"Unknown"
"7014852",371861,2025-11-18 07:35:36,43.3373832702637,-8.40686511993408,"Unknown"
"7014852",371861,2025-11-18 07:45:08,43.3502502441406,-8.42708587646484,"Unknown"
"7014852",371861,2025-11-18 07:55:10,43.3500938415527,-8.42727756500244,"Unknown"
"7014852",371861,2025-11-18 08:05:07,43.3501281738281,-8.42741107940674,"Unknown"
"7014852",371861,2025-11-18 08:15:07,43.3501625061035,-8.42792320251465,"Unknown"
"7014852",371861,2025-11-18 08:25:09,43.3499946594238,-8.42791938781738,"Unknown"
"7014852",371861,2025-11-18 08:35:12,43.3522338867188,-8.42766380310059,"Unknown"
"7014852",371861,2025-11-18 08:45:35,43.3524780273438,-8.42772197723389,"Unknown"
"7014852",371861,2025-11-18 08:55:06,43.3523750305176,-8.42764282226562,"Unknown"
"7014852",371861,2025-11-18 09:05:05,43.3524055480957,-8.42758369445801,"Unknown"
"7014852",371861,2025-11-18 09:15:04,43.3523559570312,-8.42763900756836,"Unknown"
"7014852",371861,2025-11-18 09:25:04,43.3524436950684,-8.42760372161865,"Unknown"
"7014852",371861,2025-11-18 09:35:06,43.3524551391602,-8.42757034301758,"Unknown"
"7014852",371861,2025-11-18 09:45:06,43.3523483276367,-8.42772579193115,"Unknown"
"7014852",371861,2025-11-18 09:55:08,43.3522796630859,-8.42775535583496,"Unknown"
"7014852",371861,2025-11-18 10:05:05,43.3522338867188,-8.42773342132568,"Unknown"
"7014852",371861,2025-11-18 10:15:06,43.3528823852539,-8.42812347412109,"Unknown"
"7014852",371861,2025-11-18 10:25:05,43.352855682373,-8.42813587188721,"Unknown"
"7014852",371861,2025-11-18 10:35:05,43.3528900146484,-8.42805767059326,"Unknown"
"7014852",371861,2025-11-18 10:45:04,43.3502006530762,-8.42777729034424,"Unknown"
"7014852",371861,2025-11-18 10:55:04,43.3503150939941,-8.42781162261963,"Unknown"
"7014852",371861,2025-11-18 11:05:06,43.3502044677734,-8.42777538299561,"Unknown"
"7014852",371861,2025-11-18 11:15:04,43.3501930236816,-8.42765617370605,"Unknown"
"7014852",371861,2025-11-18 11:25:07,43.3533744812012,-8.42515850067139,"Unknown"
"7014852",371861,2025-11-18 11:35:33,43.3533706665039,-8.42521286010742,"Unknown"
"7014852",371861,2025-11-18 11:45:05,43.3532447814941,-8.42517948150635,"Unknown"
"7014852",371861,2025-11-18 11:55:04,43.3532409667969,-8.42517948150635,"Unknown"
"7014852",371861,2025-11-18 12:05:05,43.3533172607422,-8.42509269714355,"Unknown"
"7014852",371861,2025-11-18 12:15:05,43.3533058166504,-8.42514419555664,"Unknown"
"7014852",371861,2025-11-18 12:25:04,43.3532180786133,-8.42503833770752,"Unknown"
"7014852",371861,2025-11-18 12:35:04,43.3531875610352,-8.42423057556152,"Unknown"
"7014852",371861,2025-11-18 12:45:04,43.3531951904297,-8.4241304397583,"Unknown"
"7014852",371861,2025-11-18 12:55:06,43.3410568237305,-8.42460346221924,"Unknown"
"7014852",371861,2025-11-18 13:05:07,43.3535461425781,-8.4253101348877,"Unknown"
"7014852",371861,2025-11-18 13:15:04,43.3534202575684,-8.42528820037842,"Unknown"
"7014852",371861,2025-11-18 13:25:05,43.3534622192383,-8.4254150390625,"Unknown"
"7014852",371861,2025-11-18 13:35:06,43.353702545166,-8.42549419403076,"Unknown"
"7014852",371861,2025-11-18 13:45:08,43.3534393310547,-8.425124168396,"Unknown"
"7014852",371861,2025-11-18 13:55:09,43.3423843383789,-8.43899154663086,"Unknown"
"7014852",371861,2025-11-18 14:05:06,43.3362274169922,-8.45026874542236,"Unknown"
"7014852",371861,2025-11-18 14:15:06,43.2667007446289,-8.45044994354248,"Unknown"
"7014852",371861,2025-11-18 14:25:06,43.1787338256836,-8.45621776580811,"Unknown"
"7014852",371861,2025-11-18 14:35:49,43.1292419433594,-8.47091960906982,"Unknown"
"7014852",371861,2025-11-18 14:45:35,43.1298942565918,-8.4704647064209,"Unknown"
"7014852",371861,2025-11-18 14:55:07,43.1304512023926,-8.47091770172119,"Unknown"
"7014852",371861,2025-11-18 15:05:07,43.129940032959,-8.46927547454834,"Unknown"
"7014852",371861,2025-11-18 15:15:05,43.130687713623,-8.46837520599365,"Unknown"
"7014852",371861,2025-11-18 15:25:05,43.1300315856934,-8.46950912475586,"Unknown"
"7014852",371861,2025-11-18 15:35:07,43.1298599243164,-8.46958255767822,"Unknown"
"7014852",371861,2025-11-18 15:45:35,43.1298637390137,-8.46941661834717,"Unknown"
"7014852",371861,2025-11-18 15:55:06,43.1298942565918,-8.46929359436035,"Unknown"
"7014852",371861,2025-11-18 16:05:09,43.130012512207,-8.46926593780518,"Unknown"
"7014852",371861,2025-11-18 16:15:06,43.1299324035645,-8.46931552886963,"Unknown"
"7014852",371861,2025-11-18 16:25:08,43.1303520202637,-8.47042560577393,"Unknown"
"7014852",371861,2025-11-18 16:35:07,43.1303901672363,-8.47046947479248,"Unknown"
"7014852",371861,2025-11-18 16:45:07,43.1465454101562,-8.45619487762451,"Unknown"
"7014852",371861,2025-11-18 16:55:05,43.1846694946289,-8.42974472045898,"Unknown"
"7014852",371861,2025-11-18 17:05:06,43.2018890380859,-8.42923641204834,"Unknown"
"7014852",371861,2025-11-18 17:15:05,43.2120399475098,-8.43702602386475,"Unknown"
"7014852",371861,2025-11-18 17:25:06,43.2036094665527,-8.42224407196045,"Unknown"
"7014852",371861,2025-11-18 17:35:06,43.2171478271484,-8.36196708679199,"Unknown"
"7014852",371861,2025-11-18 17:47:03,43.2706832885742,-8.35872745513916,"Unknown"
"7014852",371861,2025-11-18 22:47:11,43.363883972168,-8.40081405639648,"Unknown"
"7014852",371861,2025-11-19 03:47:35,43.3624114990234,-8.40365314483643,"Unknown"
"7014852",371861,2025-11-19 07:36:35,43.3340034484863,-8.42322063446045,"Unknown"
"7014852",371861,2025-11-19 07:46:14,43.3332290649414,-8.42348194122314,"Unknown"
"7014852",371861,2025-11-19 07:56:45,43.3323059082031,-8.42411041259766,"Unknown"
"7014852",371861,2025-11-19 08:06:35,43.3322257995605,-8.43047714233398,"Unknown"
"7014852",371861,2025-11-19 08:16:12,43.3319396972656,-8.4306116104126,"Unknown"
"7014852",371861,2025-11-19 08:26:12,43.3465728759766,-8.41895008087158,"Unknown"
"7014852",371861,2025-11-19 08:36:12,43.3503341674805,-8.42862129211426,"Unknown"
"7014852",371861,2025-11-19 08:46:16,43.3503189086914,-8.4287281036377,"Unknown"
"7014852",371861,2025-11-19 08:56:15,43.3502769470215,-8.42870712280273,"Unknown"
"7014852",371861,2025-11-19 09:06:13,43.3502197265625,-8.42868041992188,"Unknown"
"7014852",371861,2025-11-19 09:16:12,43.3543701171875,-8.45830726623535,"Unknown"
"7014852",371861,2025-11-19 09:26:13,43.3543014526367,-8.45823669433594,"Unknown"
"7014852",371861,2025-11-19 09:36:15,43.3565139770508,-8.45684242248535,"Unknown"
"7014852",371861,2025-11-19 09:46:15,43.3560981750488,-8.45718955993652,"Unknown"
"7014852",371861,2025-11-19 09:56:13,43.3543701171875,-8.45828342437744,"Unknown"
"7014852",371861,2025-11-19 10:06:16,43.354320526123,-8.4583158493042,"Unknown"
"7014852",371861,2025-11-19 10:16:11,43.3544235229492,-8.45824718475342,"Unknown"
"7014852",371861,2025-11-19 10:26:15,43.3543739318848,-8.45826816558838,"Unknown"
"7014852",371861,2025-11-19 10:36:28,43.3543128967285,-8.45833015441895,"Unknown"
"7014852",371861,2025-11-19 10:46:24,43.3543586730957,-8.45855522155762,"Unknown"
"7014852",371861,2025-11-19 10:56:16,43.3542823791504,-8.45837593078613,"Unknown"
"7014852",371861,2025-11-19 11:06:16,43.3550910949707,-8.45785236358643,"Unknown"
"7014852",371861,2025-11-19 11:16:35,43.3547821044922,-8.45754337310791,"Unknown"
"7014852",371861,2025-11-19 11:26:35,43.3549995422363,-8.45720958709717,"Unknown"
"7014852",371861,2025-11-19 11:36:11,43.3548736572266,-8.45733451843262,"Unknown"
"7014852",371861,2025-11-19 11:46:12,43.3488082885742,-8.45395946502686,"Unknown"
"7014852",371861,2025-11-19 11:56:32,43.3398513793945,-8.45435333251953,"Unknown"
"7014852",371861,2025-11-19 12:06:35,43.3400917053223,-8.45512199401855,"Unknown"
"7014852",371861,2025-11-19 12:16:13,43.3398971557617,-8.45505428314209,"Unknown"
"7014852",371861,2025-11-19 12:26:15,43.3401184082031,-8.45517349243164,"Unknown"
"7014852",371861,2025-11-19 12:36:12,43.3399887084961,-8.45518207550049,"Unknown"
"7014852",371861,2025-11-19 12:46:15,43.3398742675781,-8.45515251159668,"Unknown"
"7014852",371861,2025-11-19 12:56:17,43.3400688171387,-8.45522689819336,"Unknown"
"7014852",371861,2025-11-19 13:06:11,43.3474388122559,-8.45405578613281,"Unknown"
"7014852",371861,2025-11-19 13:16:13,43.3556098937988,-8.45890235900879,"Unknown"
"7014852",371861,2025-11-19 13:26:14,43.3547897338867,-8.45850276947021,"Unknown"
"7014852",371861,2025-11-19 13:36:11,43.3544921875,-8.45843410491943,"Unknown"
"7014852",371861,2025-11-19 13:46:11,43.3545761108398,-8.45833206176758,"Unknown"
"7014852",371861,2025-11-19 13:56:14,43.3548965454102,-8.45890140533447,"Unknown"
"7014852",371861,2025-11-19 14:06:15,43.3542060852051,-8.45836639404297,"Unknown"
"7014852",371861,2025-11-19 14:17:35,43.353630065918,-8.45875072479248,"Unknown"
"7014852",371861,2025-11-19 14:36:36,43.3536949157715,-8.45876312255859,"Unknown"
"7014852",371861,2025-11-19 14:46:13,43.3542251586914,-8.45821094512939,"Unknown"
"7014852",371861,2025-11-19 14:56:34,43.3553123474121,-8.45802974700928,"Unknown"
"7014852",371861,2025-11-19 15:06:11,43.3500595092773,-8.42718887329102,"Unknown"
"7014852",371861,2025-11-19 15:16:12,43.350212097168,-8.42729091644287,"Unknown"
"7014852",371861,2025-11-19 15:26:12,43.3503303527832,-8.4271183013916,"Unknown"
"7014852",371861,2025-11-19 15:36:13,43.3501777648926,-8.42736053466797,"Unknown"
"7014852",371861,2025-11-19 15:46:12,43.3502235412598,-8.42727661132812,"Unknown"
"7014852",371861,2025-11-19 15:56:13,43.3555641174316,-8.41903495788574,"Unknown"
"7014852",371861,2025-11-19 16:06:11,43.3556289672852,-8.41901683807373,"Unknown"
"7014852",371861,2025-11-19 16:16:11,43.3555755615234,-8.41904640197754,"Unknown"
"7014852",371861,2025-11-19 16:26:11,43.3555946350098,-8.41905212402344,"Unknown"
"7014852",371861,2025-11-19 16:36:11,43.355640411377,-8.4190502166748,"Unknown"
"7014852",371861,2025-11-19 16:46:14,43.355712890625,-8.41900157928467,"Unknown"
"7014852",371861,2025-11-19 16:56:35,43.3597297668457,-8.40265369415283,"Unknown"
"7014852",371861,2025-11-19 17:06:12,43.3599014282227,-8.39733409881592,"Unknown"
"7014852",371861,2025-11-19 17:16:16,43.3598022460938,-8.39724254608154,"Unknown"
"7014852",371861,2025-11-19 17:26:15,43.3592071533203,-8.39673137664795,"Unknown"
"7014852",371861,2025-11-19 17:36:35,43.3598556518555,-8.39731597900391,"Unknown"
"7014852",371861,2025-11-19 17:45:50,43.3598670959473,-8.39730262756348,"Unknown"
"7014852",371861,2025-11-19 22:46:23,43.3612403869629,-8.39713764190674,"Unknown"
"7014852",371861,2025-11-20 03:46:23,43.3619346618652,-8.4037618637085,"Unknown"
"7014852",371861,2025-11-20 07:38:17,43.3354263305664,-8.42110252380371,"Unknown"
"7014852",371861,2025-11-20 07:48:17,43.3332061767578,-8.42432689666748,"Unknown"
"7014852",371861,2025-11-20 07:58:11,43.3330116271973,-8.42465496063232,"Unknown"
"7014852",371861,2025-11-20 08:08:29,43.3332061767578,-8.42440414428711,"Unknown"
"7014852",371861,2025-11-20 08:17:56,43.3331604003906,-8.42403221130371,"Unknown"
"7014852",371861,2025-11-20 08:27:53,43.3322257995605,-8.43030643463135,"Unknown"
"7014852",371861,2025-11-20 08:37:53,43.3319129943848,-8.43009090423584,"Unknown"
"7014852",371861,2025-11-20 08:48:13,43.3318290710449,-8.43013381958008,"Unknown"
"7014852",371861,2025-11-20 08:57:56,43.3318061828613,-8.43025398254395,"Unknown"
"7014852",371861,2025-11-20 09:07:57,43.3324356079102,-8.43107318878174,"Unknown"
"7014852",371861,2025-11-20 09:17:55,43.3320579528809,-8.43041324615479,"Unknown"
"7014852",371861,2025-11-20 09:27:55,43.3321838378906,-8.4301872253418,"Unknown"
"7014852",371861,2025-11-20 09:37:58,43.3322830200195,-8.43070888519287,"Unknown"
"7014852",371861,2025-11-20 09:48:29,43.3321189880371,-8.43044281005859,"Unknown"
"7014852",371861,2025-11-20 09:57:53,43.3321342468262,-8.43025302886963,"Unknown"
"7014852",371861,2025-11-20 10:07:53,43.3320922851562,-8.43048095703125,"Unknown"
"7014852",371861,2025-11-20 10:17:54,43.3321075439453,-8.43049430847168,"Unknown"
"7014852",371861,2025-11-20 10:27:53,43.332145690918,-8.43041324615479,"Unknown"
"7014852",371861,2025-11-20 10:37:53,43.3321342468262,-8.43046951293945,"Unknown"
"7014852",371861,2025-11-20 10:47:54,43.332103729248,-8.43052387237549,"Unknown"
"7014852",371861,2025-11-20 10:57:53,43.3325805664062,-8.42854785919189,"Unknown"
"7014852",371861,2025-11-20 11:07:53,43.3361587524414,-8.42193412780762,"Unknown"
"7014852",371861,2025-11-20 11:17:52,43.336311340332,-8.42203426361084,"Unknown"
"7014852",371861,2025-11-20 11:27:57,43.3534469604492,-8.42545604705811,"Unknown"
"7014852",371861,2025-11-20 11:37:53,43.3512268066406,-8.43416595458984,"Unknown"
"7014852",371861,2025-11-20 11:47:54,43.354377746582,-8.45852375030518,"Unknown"
"7014852",371861,2025-11-20 11:57:53,43.3542366027832,-8.45828914642334,"Unknown"
"7014852",371861,2025-11-20 12:07:54,43.3542633056641,-8.45833015441895,"Unknown"
"7014852",371861,2025-11-20 12:17:59,43.3544235229492,-8.45837211608887,"Unknown"
"7014852",371861,2025-11-20 12:27:55,43.3543395996094,-8.45831680297852,"Unknown"
"7014852",371861,2025-11-20 12:37:57,43.3542823791504,-8.45849227905273,"Unknown"
"7014852",371861,2025-11-20 12:42:59,43.3542747497559,-8.45889663696289,"Unknown"
"7014852",371861,2025-11-20 12:53:30,43.3540344238281,-8.45864105224609,"Unknown"
"7014852",371861,2025-11-20 13:02:57,43.3540306091309,-8.4585599899292,"Unknown"
"7014852",371861,2025-11-20 13:14:09,43.3539619445801,-8.45855903625488,"Unknown"
"7014852",371861,2025-11-20 13:23:11,43.3540954589844,-8.45857715606689,"Unknown"
"7014852",371861,2025-11-20 13:33:06,43.3541221618652,-8.45882320404053,"Unknown"
"7014852",371861,2025-11-20 13:42:56,43.340259552002,-8.45441436767578,"Unknown"
"7014852",371861,2025-11-20 13:52:59,43.3525619506836,-8.42761135101318,"Unknown"
"7014852",371861,2025-11-20 14:03:15,43.3523178100586,-8.427659034729,"Unknown"
"7014852",371861,2025-11-20 14:12:56,43.3522415161133,-8.42730903625488,"Unknown"
"7014852",371861,2025-11-20 14:22:57,43.3523063659668,-8.4278392791748,"Unknown"
"7014852",371861,2025-11-20 14:32:56,43.3522758483887,-8.42760944366455,"Unknown"
"7014852",371861,2025-11-20 14:42:54,43.3522796630859,-8.42749118804932,"Unknown"
"7014852",371861,2025-11-20 14:53:35,43.352294921875,-8.42757225036621,"Unknown"
"7014852",371861,2025-11-20 15:02:53,43.3522720336914,-8.4274320602417,"Unknown"
"7014852",371861,2025-11-20 15:12:54,43.3522529602051,-8.42756080627441,"Unknown"
"7014852",371861,2025-11-20 15:22:55,43.352352142334,-8.42716789245605,"Unknown"
"7014852",371861,2025-11-20 15:32:53,43.3523178100586,-8.42733669281006,"Unknown"
"7014852",371861,2025-11-20 15:42:59,43.3522491455078,-8.42743492126465,"Unknown"
"7014852",371861,2025-11-20 15:53:00,43.3524131774902,-8.42759037017822,"Unknown"
"7014852",371861,2025-11-20 16:03:14,43.3523178100586,-8.42758846282959,"Unknown"
"7014852",371861,2025-11-20 16:12:58,43.3523216247559,-8.42759704589844,"Unknown"
"7014852",371861,2025-11-20 16:22:58,43.3556327819824,-8.41914653778076,"Unknown"
"7014852",371861,2025-11-20 16:32:56,43.3556480407715,-8.41892242431641,"Unknown"
"7014852",371861,2025-11-20 16:42:57,43.3556175231934,-8.41888809204102,"Unknown"
"7014852",371861,2025-11-20 16:53:14,43.3557472229004,-8.41878318786621,"Unknown"
"7014852",371861,2025-11-20 17:03:14,43.3557472229004,-8.41920375823975,"Unknown"
"7014852",371861,2025-11-20 17:13:14,43.3602752685547,-8.40281772613525,"Unknown"
"7014852",371861,2025-11-20 17:22:57,43.3602066040039,-8.40286922454834,"Unknown"
"7014852",371861,2025-11-20 17:32:56,43.3603744506836,-8.39698028564453,"Unknown"
"7014852",371861,2025-11-20 17:42:55,43.360279083252,-8.40249538421631,"Unknown"
"7014852",371861,2025-11-20 17:46:05,43.3601913452148,-8.40270805358887,"Unknown"
"7014852",371861,2025-11-20 22:46:29,43.3650398254395,-8.38422203063965,"Unknown"
"7014852",371861,2025-11-21 03:46:05,43.3612861633301,-8.40334415435791,"Unknown"
"7014852",371861,2025-11-21 07:39:30,43.3331146240234,-8.42494010925293,"Unknown"
"7014852",371861,2025-11-21 07:48:36,43.3321266174316,-8.43041229248047,"Unknown"
"7014852",371861,2025-11-21 07:58:39,43.3324432373047,-8.43033695220947,"Unknown"
"7014852",371861,2025-11-21 08:08:44,43.3321228027344,-8.43028926849365,"Unknown"
"7014852",371861,2025-11-21 08:18:40,43.3320426940918,-8.43058586120605,"Unknown"
"7014852",371861,2025-11-21 08:28:39,43.3321342468262,-8.43039321899414,"Unknown"
"7014852",371861,2025-11-21 08:39:06,43.347053527832,-8.43454837799072,"Unknown"
"7014852",371861,2025-11-21 08:49:05,43.3543395996094,-8.45839881896973,"Unknown"
"7014852",371861,2025-11-21 08:58:37,43.3543319702148,-8.45839309692383,"Unknown"
"7014852",371861,2025-11-21 09:08:36,43.3543243408203,-8.45838451385498,"Unknown"
"7014852",371861,2025-11-21 09:18:35,43.3541641235352,-8.45851421356201,"Unknown"
"7014852",371861,2025-11-21 09:28:36,43.3543281555176,-8.45841121673584,"Unknown"
"7014852",371861,2025-11-21 09:38:36,43.3543090820312,-8.45836925506592,"Unknown"
"7014852",371861,2025-11-21 09:48:34,43.3543395996094,-8.45832443237305,"Unknown"
"7014852",371861,2025-11-21 09:58:34,43.3543395996094,-8.4582691192627,"Unknown"
"7014852",371861,2025-11-21 10:08:34,43.3542976379395,-8.45849418640137,"Unknown"
"7014852",371861,2025-11-21 10:18:36,43.3542518615723,-8.45859050750732,"Unknown"
"7014852",371861,2025-11-21 10:28:36,43.3542404174805,-8.45852375030518,"Unknown"
"7014852",371861,2025-11-21 10:38:34,43.3541297912598,-8.45842742919922,"Unknown"
"7014852",371861,2025-11-21 10:48:34,43.3541412353516,-8.45859622955322,"Unknown"
"7014852",371861,2025-11-21 10:58:42,43.3542366027832,-8.45858192443848,"Unknown"
"7014852",371861,2025-11-21 11:08:36,43.3541069030762,-8.45856285095215,"Unknown"
"7014852",371861,2025-11-21 11:19:05,43.3536148071289,-8.45843505859375,"Unknown"
"7014852",371861,2025-11-21 11:28:35,43.3524131774902,-8.44386959075928,"Unknown"
"7014852",371861,2025-11-21 11:38:35,43.3382911682129,-8.42071437835693,"Unknown"
"7014852",371861,2025-11-21 11:48:34,43.3533096313477,-8.42508506774902,"Unknown"
"7014852",371861,2025-11-21 11:58:35,43.352725982666,-8.42566204071045,"Unknown"
"7014852",371861,2025-11-21 12:08:36,43.3532257080078,-8.42501926422119,"Unknown"
"7014852",371861,2025-11-21 12:18:34,43.3503570556641,-8.42453098297119,"Unknown"
"7014852",371861,2025-11-21 12:28:34,43.3502769470215,-8.42449951171875,"Unknown"
"7014852",371861,2025-11-21 12:38:37,43.353271484375,-8.42508411407471,"Unknown"
"7014852",371861,2025-11-21 12:43:34,43.3528938293457,-8.42527770996094,"Unknown"
"7014852",371861,2025-11-21 12:53:36,43.3526802062988,-8.42052745819092,"Unknown"
"7014852",371861,2025-11-21 12:58:34,43.3527870178223,-8.42463302612305,"Unknown"
"7014852",371861,2025-11-21 13:08:35,43.353271484375,-8.42518615722656,"Unknown"
"7014852",371861,2025-11-21 13:13:37,43.3532600402832,-8.42535591125488,"Unknown"
"7014852",371861,2025-11-21 13:18:35,43.3531265258789,-8.42575263977051,"Unknown"
"7014852",371861,2025-11-21 13:23:34,43.3533973693848,-8.42540168762207,"Unknown"
"7014852",371861,2025-11-21 13:28:39,43.3534355163574,-8.42550659179688,"Unknown"
"7014852",371861,2025-11-21 13:33:34,43.3532447814941,-8.42528343200684,"Unknown"
"7014852",371861,2025-11-21 13:38:35,43.3535194396973,-8.42569732666016,"Unknown"
"7014852",371861,2025-11-21 13:43:36,43.3535346984863,-8.42478275299072,"Unknown"
"7014852",371861,2025-11-21 13:48:40,43.3540229797363,-8.42504596710205,"Unknown"
"7014852",371861,2025-11-21 13:53:37,43.353271484375,-8.42454528808594,"Unknown"
"7014852",371861,2025-11-21 13:58:34,43.3537330627441,-8.42502117156982,"Unknown"
"7014852",371861,2025-11-21 14:04:14,43.3500518798828,-8.42736721038818,"Unknown"
"7014852",371861,2025-11-21 14:08:36,43.3500289916992,-8.42736530303955,"Unknown"
"7014852",371861,2025-11-21 14:13:39,43.349925994873,-8.42723274230957,"Unknown"
"7014852",371861,2025-11-21 14:18:37,43.3501777648926,-8.42740535736084,"Unknown"
"7014852",371861,2025-11-21 14:23:37,43.3502235412598,-8.42749214172363,"Unknown"
"7014852",371861,2025-11-21 14:28:39,43.3502044677734,-8.42742919921875,"Unknown"
"7014852",371861,2025-11-21 14:33:40,43.3502044677734,-8.42724800109863,"Unknown"
"7014852",371861,2025-11-21 14:38:39,43.3502616882324,-8.42730522155762,"Unknown"
"7014852",371861,2025-11-21 14:43:36,43.3532066345215,-8.42439460754395,"Unknown"
"7014852",371861,2025-11-21 14:48:44,43.355598449707,-8.41930770874023,"Unknown"
"7014852",371861,2025-11-21 14:53:39,43.355712890625,-8.41915798187256,"Unknown"
"7014852",371861,2025-11-21 14:58:50,43.3556632995605,-8.41919040679932,"Unknown"
"7014852",371861,2025-11-21 15:03:40,43.3554611206055,-8.41943168640137,"Unknown"
"7014852",371861,2025-11-21 15:08:39,43.3555335998535,-8.41931915283203,"Unknown"
"7014852",371861,2025-11-21 15:13:34,43.355655670166,-8.41920852661133,"Unknown"
"7014852",371861,2025-11-21 15:18:39,43.355655670166,-8.41917514801025,"Unknown"
"7014852",371861,2025-11-21 15:23:39,43.3557014465332,-8.41917705535889,"Unknown"
"7014852",371861,2025-11-21 15:28:39,43.3557052612305,-8.41913795471191,"Unknown"
"7014852",371861,2025-11-21 15:34:05,43.3555755615234,-8.41921043395996,"Unknown"
"7014852",371861,2025-11-21 15:38:34,43.3555564880371,-8.41915988922119,"Unknown"
"7014852",371861,2025-11-21 15:43:34,43.3556518554688,-8.41934680938721,"Unknown"
"7014852",371861,2025-11-21 15:48:39,43.3554916381836,-8.41902828216553,"Unknown"
"7014852",371861,2025-11-21 15:53:38,43.3555755615234,-8.41901588439941,"Unknown"
"7014852",371861,2025-11-21 15:58:37,43.3554496765137,-8.41901779174805,"Unknown"
"7014852",371861,2025-11-21 16:03:44,43.3555488586426,-8.4191780090332,"Unknown"
"7014852",371861,2025-11-21 16:08:39,43.3556022644043,-8.41916275024414,"Unknown"
"7014852",371861,2025-11-21 16:13:39,43.3555755615234,-8.41914081573486,"Unknown"
"7014852",371861,2025-11-21 16:18:39,43.3556594848633,-8.41906261444092,"Unknown"
"7014852",371861,2025-11-21 16:23:39,43.3555679321289,-8.41909408569336,"Unknown"
"7014852",371861,2025-11-21 16:28:39,43.3554916381836,-8.41899871826172,"Unknown"
"7014852",371861,2025-11-21 16:38:39,43.3557891845703,-8.41934108734131,"Unknown"
"7014852",371861,2025-11-21 16:43:39,43.3560066223145,-8.41952610015869,"Unknown"
"7014852",371861,2025-11-21 16:54:35,43.356819152832,-8.41582107543945,"Unknown"
"7014852",371861,2025-11-21 16:58:37,43.3601264953613,-8.39688491821289,"Unknown"
"7014852",371861,2025-11-21 17:08:35,43.3603019714355,-8.39707565307617,"Unknown"
"7014852",371861,2025-11-21 17:18:35,43.3604545593262,-8.39712619781494,"Unknown"
"7014852",371861,2025-11-21 17:28:37,43.3602066040039,-8.39676856994629,"Unknown"
"7014852",371861,2025-11-21 17:38:38,43.3617477416992,-8.39665794372559,"Unknown"
"7014852",371861,2025-11-21 17:44:51,43.3617248535156,-8.39675045013428,"Unknown"
"7014852",371861,2025-11-21 22:45:23,43.3596076965332,-8.39975929260254,"Unknown"
"7014852",371861,2025-11-22 03:45:23,43.3597183227539,-8.39859008789062,"Unknown"
"7014852",371861,2025-11-22 07:40:53,43.3397979736328,-8.40683460235596,"Unknown"
"7014852",371861,2025-11-22 07:50:22,43.3363952636719,-8.42173671722412,"Unknown"
"7014852",371861,2025-11-22 08:00:22,43.3344764709473,-8.42382621765137,"Unknown"
"7014852",371861,2025-11-22 08:10:27,43.3354415893555,-8.42174911499023,"Unknown"
"7014852",371861,2025-11-22 08:20:28,43.3329734802246,-8.42406368255615,"Unknown"
"7014852",371861,2025-11-22 08:30:44,43.3321151733398,-8.43043518066406,"Unknown"
"7014852",371861,2025-11-22 08:40:21,43.3319244384766,-8.43050575256348,"Unknown"
"7014852",371861,2025-11-22 08:50:33,43.3317527770996,-8.43032646179199,"Unknown"
"7014852",371861,2025-11-22 09:00:22,43.3319854736328,-8.43040657043457,"Unknown"
"7014852",371861,2025-11-22 09:10:44,43.3321113586426,-8.43044757843018,"Unknown"
"7014852",371861,2025-11-22 09:20:53,43.3321342468262,-8.43048477172852,"Unknown"
"7014852",371861,2025-11-22 09:30:21,43.3321952819824,-8.43033885955811,"Unknown"
"7014852",371861,2025-11-22 09:40:21,43.3474159240723,-8.45495414733887,"Unknown"
"7014852",371861,2025-11-22 09:50:22,43.3479232788086,-8.43643188476562,"Unknown"
"7014852",371861,2025-11-22 10:00:23,43.3500671386719,-8.42766094207764,"Unknown"
"7014852",371861,2025-11-22 10:10:37,43.3500328063965,-8.42772483825684,"Unknown"
"7014852",371861,2025-11-22 10:20:22,43.3501014709473,-8.42775535583496,"Unknown"
"7014852",371861,2025-11-22 10:30:22,43.3501205444336,-8.42775249481201,"Unknown"
"7014852",371861,2025-11-22 10:40:23,43.3498840332031,-8.42294120788574,"Unknown"
"7014852",371861,2025-11-22 10:50:23,43.3502616882324,-8.42463874816895,"Unknown"
"7014852",371861,2025-11-22 11:00:22,43.3500289916992,-8.42462062835693,"Unknown"
"7014852",371861,2025-11-22 11:10:33,43.3499870300293,-8.424635887146,"Unknown"
"7014852",371861,2025-11-22 11:20:44,43.3498954772949,-8.42459678649902,"Unknown"
"7014852",371861,2025-11-22 11:30:21,43.3499221801758,-8.42454242706299,"Unknown"
"7014852",371861,2025-11-22 11:40:21,43.3535385131836,-8.42495059967041,"Unknown"
"7014852",371861,2025-11-22 11:50:44,43.3532829284668,-8.42540454864502,"Unknown"
"7014852",371861,2025-11-22 12:00:24,43.3536033630371,-8.42500495910645,"Unknown"
"7014852",371861,2025-11-22 12:10:22,43.3537063598633,-8.42560482025146,"Unknown"
"7014852",371861,2025-11-22 12:20:25,43.3536415100098,-8.42572784423828,"Unknown"
"7014852",371861,2025-11-22 12:30:24,43.3523101806641,-8.42150211334229,"Unknown"
"7014852",371861,2025-11-22 12:40:28,43.3380699157715,-8.41359901428223,"Unknown"
"7014852",371861,2025-11-22 12:50:45,43.3325614929199,-8.40896320343018,"Unknown"
"7014852",371861,2025-11-22 13:00:27,43.3323554992676,-8.40852737426758,"Unknown"
"7014852",371861,2025-11-22 13:10:30,43.332405090332,-8.40876388549805,"Unknown"
"7014852",371861,2025-11-22 13:20:44,43.3340110778809,-8.40874767303467,"Unknown"
"7014852",371861,2025-11-22 13:30:30,43.3338737487793,-8.40834903717041,"Unknown"
"7014852",371861,2025-11-22 13:40:30,43.3339424133301,-8.40855884552002,"Unknown"
"7014852",371861,2025-11-22 13:50:45,43.3340263366699,-8.40881538391113,"Unknown"
"7014852",371861,2025-11-22 14:00:37,43.3339576721191,-8.40885162353516,"Unknown"
"7014852",371861,2025-11-22 14:10:44,43.3339881896973,-8.40879154205322,"Unknown"
"7014852",371861,2025-11-22 14:20:30,43.3338088989258,-8.4086217880249,"Unknown"
"7014852",371861,2025-11-22 14:30:32,43.3339958190918,-8.40880393981934,"Unknown"
"7014852",371861,2025-11-22 14:40:45,43.3340377807617,-8.40861511230469,"Unknown"
"7014852",371861,2025-11-22 14:50:47,43.3340072631836,-8.40849494934082,"Unknown"
"7014852",371861,2025-11-22 15:00:53,43.334056854248,-8.40859985351562,"Unknown"
"7014852",371861,2025-11-22 15:10:27,43.333927154541,-8.40864849090576,"Unknown"
"7014852",371861,2025-11-22 15:20:25,43.3358764648438,-8.41017055511475,"Unknown"
"7014852",371861,2025-11-22 15:30:30,43.3392143249512,-8.40886783599854,"Unknown"
"7014852",371861,2025-11-22 15:40:30,43.349536895752,-8.42764186859131,"Unknown"
"7014852",371861,2025-11-22 15:50:45,43.349292755127,-8.42772579193115,"Unknown"
"7014852",371861,2025-11-22 16:00:25,43.3401260375977,-8.45460224151611,"Unknown"
"7014852",371861,2025-11-22 16:10:38,43.3522300720215,-8.42775821685791,"Unknown"
"7014852",371861,2025-11-22 16:20:27,43.3521003723145,-8.42754173278809,"Unknown"
"7014852",371861,2025-11-22 16:30:50,43.3521003723145,-8.42759227752686,"Unknown"
"7014852",371861,2025-11-22 16:40:22,43.3553237915039,-8.41914653778076,"Unknown"
"7014852",371861,2025-11-22 16:50:22,43.3553047180176,-8.41918182373047,"Unknown"
"7014852",371861,2025-11-22 17:00:28,43.3600921630859,-8.40289497375488,"Unknown"
"7014852",371861,2025-11-22 17:10:24,43.3606605529785,-8.40307903289795,"Unknown"
"7014852",371861,2025-11-22 17:20:28,43.3590202331543,-8.40042686462402,"Unknown"
"7014852",371861,2025-11-22 17:30:22,43.3588790893555,-8.4007511138916,"Unknown"
"7014852",371861,2025-11-22 17:40:43,43.3590888977051,-8.40039348602295,"Unknown"
"7014852",371861,2025-11-22 17:43:57,43.3589935302734,-8.40071487426758,"Unknown"
"7014852",371861,2025-11-22 22:44:30,43.3590507507324,-8.40049839019775,"Unknown"
"7014852",371861,2025-11-23 03:44:35,43.3594360351562,-8.40042686462402,"Unknown"
"7014852",371861,2025-11-23 07:42:05,43.3321495056152,-8.43031120300293,"Unknown"
"7014852",371861,2025-11-23 07:51:39,43.3322105407715,-8.43011093139648,"Unknown"
"7014852",371861,2025-11-23 08:02:14,43.3333358764648,-8.42427921295166,"Unknown"
"7014852",371861,2025-11-23 08:11:38,43.3322105407715,-8.43038749694824,"Unknown"
"7014852",371861,2025-11-23 08:21:48,43.333080291748,-8.42447853088379,"Unknown"
"7014852",371861,2025-11-23 08:31:43,43.3349533081055,-8.42522239685059,"Unknown"
"7014852",371861,2025-11-23 08:41:46,43.3320617675781,-8.43056774139404,"Unknown"
"7014852",371861,2025-11-23 08:52:05,43.3321342468262,-8.43049907684326,"Unknown"
"7014852",371861,2025-11-23 09:01:39,43.3315658569336,-8.43017673492432,"Unknown"
"7014852",371861,2025-11-23 09:11:38,43.3320007324219,-8.43056488037109,"Unknown"
"7014852",371861,2025-11-23 09:21:38,43.3319664001465,-8.43084812164307,"Unknown"
"7014852",371861,2025-11-23 09:31:38,43.3320770263672,-8.43081474304199,"Unknown"
"7014852",371861,2025-11-23 09:41:39,43.3320350646973,-8.43045234680176,"Unknown"
"7014852",371861,2025-11-23 09:51:39,43.3307876586914,-8.46193790435791,"Unknown"
"7014852",371861,2025-11-23 10:01:39,43.3224563598633,-8.50212478637695,"Unknown"
"7014852",371861,2025-11-23 10:11:39,43.3192901611328,-8.55091953277588,"Unknown"
"7014852",371861,2025-11-23 10:23:02,43.3175659179688,-8.60807323455811,"Unknown"
"7014852",371861,2025-11-23 10:31:38,43.3074226379395,-8.65070915222168,"Unknown"
"7014852",371861,2025-11-23 10:41:38,43.2954559326172,-8.70024013519287,"Unknown"
"7014852",371861,2025-11-23 10:51:38,43.2990913391113,-8.75309658050537,"Unknown"
"7014852",371861,2025-11-23 11:01:39,43.3181114196777,-8.80019474029541,"Unknown"
"7014852",371861,2025-11-23 11:13:02,43.315113067627,-8.83831119537354,"Unknown"
"7014852",371861,2025-11-23 11:23:02,43.3205451965332,-8.88537120819092,"Unknown"
"7014852",371861,2025-11-23 11:32:11,43.3105239868164,-8.90966796875,"Unknown"
"7014852",371861,2025-11-23 11:41:38,43.2920799255371,-8.93864154815674,"Unknown"
"7014852",371861,2025-11-23 11:51:39,43.281135559082,-8.98501873016357,"Unknown"
"7014852",371861,2025-11-23 12:01:38,43.2541351318359,-9.00014781951904,"Unknown"
"7014852",371861,2025-11-23 12:11:42,43.2285461425781,-9.01288795471191,"Unknown"
"7014852",371861,2025-11-23 12:21:40,43.2112579345703,-9.04915523529053,"Unknown"
"7014852",371861,2025-11-23 12:32:23,43.1870651245117,-9.09040546417236,"Unknown"
"7014852",371861,2025-11-23 12:41:38,43.1860389709473,-9.09058856964111,"Unknown"
"7014852",371861,2025-11-23 12:51:41,43.1872138977051,-9.09079456329346,"Unknown"
"7014852",371861,2025-11-23 13:03:02,43.1831436157227,-9.09261894226074,"Unknown"
"7014852",371861,2025-11-23 13:11:39,43.1809883117676,-9.09140586853027,"Unknown"
"7014852",371861,2025-11-23 13:21:43,43.1804428100586,-9.0908145904541,"Unknown"
"7014852",371861,2025-11-23 13:31:44,43.1806907653809,-9.09115600585938,"Unknown"
"7014852",371861,2025-11-23 13:41:40,43.1806526184082,-9.09101676940918,"Unknown"
"7014852",371861,2025-11-23 13:51:57,43.1805305480957,-9.09117031097412,"Unknown"
"7014852",371861,2025-11-23 14:01:46,43.1805572509766,-9.09111499786377,"Unknown"
"7014852",371861,2025-11-23 14:12:06,43.1805267333984,-9.09115123748779,"Unknown"
"7014852",371861,2025-11-23 14:21:39,43.1805801391602,-9.09137153625488,"Unknown"
"7014852",371861,2025-11-23 14:31:49,43.1784133911133,-9.09125995635986,"Unknown"
"7014852",371861,2025-11-23 14:41:59,43.1861152648926,-9.09061527252197,"Unknown"
"7014852",371861,2025-11-23 14:51:42,43.1860542297363,-9.09090614318848,"Unknown"
"7014852",371861,2025-11-23 15:02:06,43.185962677002,-9.09051513671875,"Unknown"
"7014852",371861,2025-11-23 15:11:38,43.1801376342773,-9.0906286239624,"Unknown"
"7014852",371861,2025-11-23 15:21:40,43.1802749633789,-9.09154796600342,"Unknown"
"7014852",371861,2025-11-23 15:31:39,43.1803359985352,-9.09169864654541,"Unknown"
"7014852",371861,2025-11-23 15:41:38,43.1802024841309,-9.09149360656738,"Unknown"
"7014852",371861,2025-11-23 15:51:38,43.1799659729004,-9.09133529663086,"Unknown"
"7014852",371861,2025-11-23 16:02:04,43.1799964904785,-9.09130764007568,"Unknown"
"7014852",371861,2025-11-23 16:11:40,43.1860618591309,-9.09067058563232,"Unknown"
"7014852",371861,2025-11-23 16:21:41,43.1841316223145,-9.09116172790527,"Unknown"
"7014852",371861,2025-11-23 16:31:38,43.1959037780762,-9.09200477600098,"Unknown"
"7014852",371861,2025-11-23 16:41:38,43.1885757446289,-9.09008979797363,"Unknown"
"7014852",371861,2025-11-23 16:51:41,43.1893730163574,-9.08966541290283,"Unknown"
"7014852",371861,2025-11-23 17:01:39,43.2083511352539,-9.09724140167236,"Unknown"
"7014852",371861,2025-11-23 17:11:41,43.2128677368164,-9.09426593780518,"Unknown"
"7014852",371861,2025-11-23 17:21:47,43.2339744567871,-9.04700660705566,"Unknown"
"7014852",371861,2025-11-23 17:31:39,43.2966575622559,-8.96446895599365,"Unknown"
"7014852",371861,2025-11-23 17:41:41,43.3436431884766,-8.86116123199463,"Unknown"
"7014852",371861,2025-11-23 17:45:38,43.3488731384277,-8.81652069091797,"Unknown"
"7014852",371861,2025-11-23 22:46:07,43.3585739135742,-8.39323043823242,"Unknown"
"7014852",371861,2025-11-24 03:46:05,43.3585739135742,-8.393310546875,"Unknown"
"7014852",371861,2025-11-24 07:55:49,43.3333892822266,-8.43004512786865,"Unknown"
"7014852",371861,2025-11-24 08:04:44,43.3320693969727,-8.4305248260498,"Unknown"
"7014852",371861,2025-11-24 08:14:30,43.3320007324219,-8.43059921264648,"Unknown"
"7014852",371861,2025-11-24 08:24:29,43.3402442932129,-8.42895793914795,"Unknown"
"7014852",371861,2025-11-24 08:34:25,43.333854675293,-8.40613746643066,"Unknown"
"7014852",371861,2025-11-24 08:44:28,43.3331680297852,-8.42367172241211,"Unknown"
"7014852",371861,2025-11-24 08:54:45,43.3321685791016,-8.43054485321045,"Unknown"
"7014852",371861,2025-11-24 09:04:24,43.3257446289062,-8.43570137023926,"Unknown"
"7014852",371861,2025-11-24 09:14:25,43.2982902526855,-8.48784446716309,"Unknown"
"7014852",371861,2025-11-24 09:24:25,43.256290435791,-8.54631519317627,"Unknown"
"7014852",371861,2025-11-24 09:34:28,43.2275924682617,-8.47857856750488,"Unknown"
"7014852",371861,2025-11-24 09:44:44,43.1751289367676,-8.45776462554932,"Unknown"
"7014852",371861,2025-11-24 09:54:36,43.1299171447754,-8.46964454650879,"Unknown"
"7014852",371861,2025-11-24 10:04:30,43.1327209472656,-8.46849536895752,"Unknown"
"7014852",371861,2025-11-24 10:14:34,43.1304244995117,-8.47124862670898,"Unknown"
"7014852",371861,2025-11-24 10:24:30,43.1293907165527,-8.46759605407715,"Unknown"
"7014852",371861,2025-11-24 10:34:59,43.1298637390137,-8.46974277496338,"Unknown"
"7014852",371861,2025-11-24 10:44:25,43.1298446655273,-8.46962547302246,"Unknown"
"7014852",371861,2025-11-24 10:54:26,43.129940032959,-8.4697847366333,"Unknown"
"7014852",371861,2025-11-24 11:04:24,43.1299209594727,-8.46971988677979,"Unknown"
"7014852",371861,2025-11-24 11:14:26,43.1305694580078,-8.47102737426758,"Unknown"
"7014852",371861,2025-11-24 11:24:26,43.1304702758789,-8.47158813476562,"Unknown"
"7014852",371861,2025-11-24 11:34:25,43.1306419372559,-8.4712495803833,"Unknown"
"7014852",371861,2025-11-24 11:44:25,43.129638671875,-8.46892547607422,"Unknown"
"7014852",371861,2025-11-24 11:54:25,43.1297035217285,-8.46857261657715,"Unknown"
"7014852",371861,2025-11-24 12:04:25,43.1332511901855,-8.46876525878906,"Unknown"
"7014852",371861,2025-11-24 12:14:59,43.1340065002441,-8.46908664703369,"Unknown"
"7014852",371861,2025-11-24 12:24:25,43.1340065002441,-8.4690408706665,"Unknown"
"7014852",371861,2025-11-24 12:34:24,43.1340713500977,-8.46907424926758,"Unknown"
"7014852",371861,2025-11-24 12:44:24,43.1339530944824,-8.4691743850708,"Unknown"
"7014852",371861,2025-11-24 12:54:24,43.133975982666,-8.46936988830566,"Unknown"
"7014852",371861,2025-11-24 13:04:24,43.1331520080566,-8.46888160705566,"Unknown"
"7014852",371861,2025-11-24 13:14:24,43.1332206726074,-8.46889305114746,"Unknown"
"7014852",371861,2025-11-24 13:24:25,43.133113861084,-8.46898365020752,"Unknown"
"7014852",371861,2025-11-24 13:34:25,43.1335678100586,-8.46889495849609,"Unknown"
"7014852",371861,2025-11-24 13:44:25,43.1336402893066,-8.46901035308838,"Unknown"
"7014852",371861,2025-11-24 13:54:24,43.1333274841309,-8.46896266937256,"Unknown"
"7014852",371861,2025-11-24 14:04:25,43.1333389282227,-8.46904563903809,"Unknown"
"7014852",371861,2025-11-24 14:14:31,43.1334190368652,-8.46889877319336,"Unknown"
"7014852",371861,2025-11-24 14:19:31,43.1334571838379,-8.4689245223999,"Unknown"
"7014852",371861,2025-11-24 14:29:45,43.1332702636719,-8.46897315979004,"Unknown"
"7014852",371861,2025-11-24 14:39:24,43.1329460144043,-8.4724817276001,"Unknown"
"7014852",371861,2025-11-24 14:49:43,43.1328887939453,-8.47243595123291,"Unknown"
"7014852",371861,2025-11-24 14:59:24,43.1328811645508,-8.47241020202637,"Unknown"
"7014852",371861,2025-11-24 15:09:27,43.1298484802246,-8.46981239318848,"Unknown"
"7014852",371861,2025-11-24 15:19:27,43.1299095153809,-8.4698543548584,"Unknown"
"7014852",371861,2025-11-24 15:29:30,43.1294593811035,-8.47046375274658,"Unknown"
"7014852",371861,2025-11-24 15:39:25,43.1301651000977,-8.46961498260498,"Unknown"
"7014852",371861,2025-11-24 15:50:14,43.1302261352539,-8.46991062164307,"Unknown"
"7014852",371861,2025-11-24 16:00:05,43.1301345825195,-8.47199058532715,"Unknown"
"7014852",371861,2025-11-24 16:09:28,43.1301002502441,-8.46951484680176,"Unknown"
"7014852",371861,2025-11-24 16:19:28,43.130687713623,-8.47115993499756,"Unknown"
"7014852",371861,2025-11-24 16:29:41,43.1332893371582,-8.4687614440918,"Unknown"
"7014852",371861,2025-11-24 16:39:26,43.1412506103516,-8.46604347229004,"Unknown"
"7014852",371861,2025-11-24 16:49:44,43.1617012023926,-8.45736503601074,"Unknown"
"7014852",371861,2025-11-24 16:59:24,43.2004623413086,-8.42057323455811,"Unknown"
"7014852",371861,2025-11-24 17:09:24,43.2318267822266,-8.38147640228271,"Unknown"
"7014852",371861,2025-11-24 17:19:24,43.2822036743164,-8.36076164245605,"Unknown"
"7014852",371861,2025-11-24 17:29:25,43.323543548584,-8.37785625457764,"Unknown"
"7014852",371861,2025-11-24 17:39:29,43.3576011657715,-8.38842678070068,"Unknown"
"7014852",371861,2025-11-24 17:43:08,43.3616676330566,-8.39451313018799,"Unknown"
"7014852",371861,2025-11-24 22:43:45,43.3541107177734,-8.39157104492188,"Unknown"
"7014852",371861,2025-11-25 03:43:36,43.3607482910156,-8.40271377563477,"Unknown"
"7014852",371861,2025-11-25 07:44:35,43.3366165161133,-8.42195892333984,"Unknown"
"7014852",371861,2025-11-25 07:54:01,43.3364868164062,-8.42204856872559,"Unknown"
"7014852",371861,2025-11-25 08:04:11,43.3371467590332,-8.42197132110596,"Unknown"
"7014852",371861,2025-11-25 08:14:09,43.3323974609375,-8.42736339569092,"Unknown"
"7014852",371861,2025-11-25 08:24:04,43.3319778442383,-8.4304666519165,"Unknown"
"7014852",371861,2025-11-25 08:34:09,43.331901550293,-8.43031787872314,"Unknown"
"7014852",371861,2025-11-25 08:44:09,43.3319778442383,-8.43047904968262,"Unknown"
"7014852",371861,2025-11-25 08:54:14,43.3320503234863,-8.43046951293945,"Unknown"
"7014852",371861,2025-11-25 09:04:03,43.3320083618164,-8.43032360076904,"Unknown"
"7014852",371861,2025-11-25 09:14:00,43.3321571350098,-8.43079090118408,"Unknown"
"7014852",371861,2025-11-25 09:24:03,43.332103729248,-8.43047618865967,"Unknown"
"7014852",371861,2025-11-25 09:34:14,43.3320999145508,-8.43044662475586,"Unknown"
"7014852",371861,2025-11-25 09:44:00,43.3380546569824,-8.40805149078369,"Unknown"
"7014852",371861,2025-11-25 09:54:03,43.3381118774414,-8.40812683105469,"Unknown"
"7014852",371861,2025-11-25 10:04:13,43.3382225036621,-8.40801334381104,"Unknown"
"7014852",371861,2025-11-25 10:14:03,43.3388862609863,-8.40967273712158,"Unknown"
"7014852",371861,2025-11-25 10:24:04,43.3388481140137,-8.40954685211182,"Unknown"
"7014852",371861,2025-11-25 10:34:09,43.3388137817383,-8.40951728820801,"Unknown"
"7014852",371861,2025-11-25 10:44:06,43.3388252258301,-8.40948486328125,"Unknown"
"7014852",371861,2025-11-25 10:54:15,43.3388404846191,-8.40980339050293,"Unknown"
"7014852",371861,2025-11-25 11:04:09,43.3387985229492,-8.4097957611084,"Unknown"
"7014852",371861,2025-11-25 11:14:14,43.3388252258301,-8.40948677062988,"Unknown"
"7014852",371861,2025-11-25 11:24:09,43.3388519287109,-8.40948581695557,"Unknown"
"7014852",371861,2025-11-25 11:34:18,43.3386878967285,-8.40956878662109,"Unknown"
"7014852",371861,2025-11-25 11:44:09,43.3388442993164,-8.40946674346924,"Unknown"
"7014852",371861,2025-11-25 11:54:35,43.3388519287109,-8.40950584411621,"Unknown"
"7014852",371861,2025-11-25 12:04:00,43.3388175964355,-8.40953922271729,"Unknown"
"7014852",371861,2025-11-25 12:14:00,43.3388519287109,-8.40953350067139,"Unknown"
"7014852",371861,2025-11-25 12:24:00,43.3423728942871,-8.41393756866455,"Unknown"
"7014852",371861,2025-11-25 12:34:01,43.3503074645996,-8.42794895172119,"Unknown"
"7014852",371861,2025-11-25 12:44:00,43.3505020141602,-8.42803192138672,"Unknown"
"7014852",371861,2025-11-25 12:54:00,43.3536567687988,-8.42544078826904,"Unknown"
"7014852",371861,2025-11-25 13:04:00,43.3533744812012,-8.42539215087891,"Unknown"
"7014852",371861,2025-11-25 13:14:00,43.3533058166504,-8.42544937133789,"Unknown"
"7014852",371861,2025-11-25 13:24:00,43.3527030944824,-8.4255485534668,"Unknown"
"7014852",371861,2025-11-25 13:34:01,43.3527946472168,-8.42571067810059,"Unknown"
"7014852",371861,2025-11-25 13:39:01,43.3533706665039,-8.42317295074463,"Unknown"
"7014852",371861,2025-11-25 13:49:00,43.3534698486328,-8.4247579574585,"Unknown"
"7014852",371861,2025-11-25 13:54:03,43.3531646728516,-8.4246244430542,"Unknown"
"7014852",371861,2025-11-25 14:04:01,43.349796295166,-8.42707443237305,"Unknown"
"7014852",371861,2025-11-25 14:14:09,43.3501167297363,-8.4273738861084,"Unknown"
"7014852",371861,2025-11-25 14:24:15,43.3500823974609,-8.42738056182861,"Unknown"
"7014852",371861,2025-11-25 14:34:09,43.3523559570312,-8.42764472961426,"Unknown"
"7014852",371861,2025-11-25 14:44:15,43.3537979125977,-8.4253101348877,"Unknown"
"7014852",371861,2025-11-25 14:54:03,43.3540077209473,-8.42523956298828,"Unknown"
"7014852",371861,2025-11-25 14:59:15,43.3536949157715,-8.42531776428223,"Unknown"
"7014852",371861,2025-11-25 15:04:02,43.3534545898438,-8.42555713653564,"Unknown"
"7014852",371861,2025-11-25 15:14:09,43.3534393310547,-8.42529296875,"Unknown"
"7014852",371861,2025-11-25 15:19:06,43.3535499572754,-8.42530822753906,"Unknown"
"7014852",371861,2025-11-25 15:24:02,43.3538131713867,-8.42532157897949,"Unknown"
"7014852",371861,2025-11-25 15:29:08,43.3537788391113,-8.42533493041992,"Unknown"
"7014852",371861,2025-11-25 15:34:11,43.3538627624512,-8.42532539367676,"Unknown"
"7014852",371861,2025-11-25 15:44:03,43.3538703918457,-8.42532062530518,"Unknown"
"7014852",371861,2025-11-25 15:49:04,43.3539123535156,-8.4253101348877,"Unknown"
"7014852",371861,2025-11-25 15:59:00,43.355411529541,-8.41913414001465,"Unknown"
"7014852",371861,2025-11-25 16:09:08,43.3554039001465,-8.41912460327148,"Unknown"
"7014852",371861,2025-11-25 16:19:01,43.3554954528809,-8.41915893554688,"Unknown"
"7014852",371861,2025-11-25 16:29:01,43.3555068969727,-8.41921520233154,"Unknown"
"7014852",371861,2025-11-25 16:39:15,43.3555526733398,-8.41903305053711,"Unknown"
"7014852",371861,2025-11-25 16:49:11,43.3555488586426,-8.4188232421875,"Unknown"
"7014852",371861,2025-11-25 16:59:18,43.3553810119629,-8.41909599304199,"Unknown"
"7014852",371861,2025-11-25 17:09:31,43.3627777099609,-8.40387153625488,"Unknown"
"7014852",371861,2025-11-25 17:19:01,43.3627700805664,-8.40391254425049,"Unknown"
"7014852",371861,2025-11-25 17:29:03,43.3621406555176,-8.3968334197998,"Unknown"
"7014852",371861,2025-11-25 17:39:01,43.3625793457031,-8.39689159393311,"Unknown"
"7014852",371861,2025-11-25 17:42:45,43.3626022338867,-8.39682960510254,"Unknown"
"7014852",371861,2025-11-25 22:43:05,43.3638381958008,-8.40174102783203,"Unknown"
"7014852",371861,2025-11-26 03:43:05,43.3602409362793,-8.40279102325439,"Unknown"
"7014852",371861,2025-11-26 07:45:36,43.3331565856934,-8.42433547973633,"Unknown"
"7014852",371861,2025-11-26 07:55:12,43.3331184387207,-8.42427158355713,"Unknown"
"7014852",371861,2025-11-26 08:05:20,43.332160949707,-8.43053722381592,"Unknown"
"7014852",371861,2025-11-26 08:15:13,43.3317909240723,-8.43009567260742,"Unknown"
"7014852",371861,2025-11-26 08:25:12,43.3319969177246,-8.43075752258301,"Unknown"
"7014852",371861,2025-11-26 08:35:12,43.3327903747559,-8.42942905426025,"Unknown"
"7014852",371861,2025-11-26 08:45:13,43.3499031066895,-8.4279088973999,"Unknown"
"7014852",371861,2025-11-26 08:55:13,43.3530769348145,-8.44825172424316,"Unknown"
"7014852",371861,2025-11-26 09:05:13,43.3678245544434,-8.5228328704834,"Unknown"
"7014852",371861,2025-11-26 09:15:12,43.3613967895508,-8.59443283081055,"Unknown"
"7014852",371861,2025-11-26 09:25:12,43.3501243591309,-8.66011714935303,"Unknown"
"7014852",371861,2025-11-26 09:35:12,43.3502464294434,-8.73906517028809,"Unknown"
"7014852",371861,2025-11-26 09:45:12,43.3367233276367,-8.80474853515625,"Unknown"
"7014852",371861,2025-11-26 09:55:12,43.3532791137695,-8.85444068908691,"Unknown"
"7014852",371861,2025-11-26 10:05:13,43.3257789611816,-8.91092014312744,"Unknown"
"7014852",371861,2025-11-26 10:15:12,43.299259185791,-8.96664142608643,"Unknown"
"7014852",371861,2025-11-26 10:25:12,43.2661666870117,-9.01580905914307,"Unknown"
"7014852",371861,2025-11-26 10:35:13,43.2195587158203,-9.05565452575684,"Unknown"
"7014852",371861,2025-11-26 10:45:12,43.186767578125,-9.09058094024658,"Unknown"
"7014852",371861,2025-11-26 10:55:12,43.185733795166,-9.091383934021,"Unknown"
"7014852",371861,2025-11-26 11:05:13,43.1833610534668,-9.09256649017334,"Unknown"
"7014852",371861,2025-11-26 11:15:15,43.1845855712891,-9.09163093566895,"Unknown"
"7014852",371861,2025-11-26 11:25:12,43.1869659423828,-9.09078502655029,"Unknown"
"7014852",371861,2025-11-26 11:30:14,43.1827507019043,-9.09330081939697,"Unknown"
"7014852",371861,2025-11-26 11:35:12,43.1829032897949,-9.09250640869141,"Unknown"
"7014852",371861,2025-11-26 11:45:15,43.1831741333008,-9.09291458129883,"Unknown"
"7014852",371861,2025-11-26 11:50:12,43.1843147277832,-9.09133529663086,"Unknown"
"7014852",371861,2025-11-26 11:55:12,43.1811676025391,-9.09158897399902,"Unknown"
"7014852",371861,2025-11-26 12:00:13,43.1812477111816,-9.09150314331055,"Unknown"
"7014852",371861,2025-11-26 12:05:14,43.1809272766113,-9.09147548675537,"Unknown"
"7014852",371861,2025-11-26 12:10:13,43.1813735961914,-9.09130668640137,"Unknown"
"7014852",371861,2025-11-26 12:15:13,43.1811256408691,-9.0911169052124,"Unknown"
"7014852",371861,2025-11-26 12:25:13,43.1811943054199,-9.0910120010376,"Unknown"
"7014852",371861,2025-11-26 12:30:12,43.1810531616211,-9.09110832214355,"Unknown"
"7014852",371861,2025-11-26 12:35:12,43.1810569763184,-9.09102344512939,"Unknown"
"7014852",371861,2025-11-26 12:40:12,43.1811141967773,-9.09099960327148,"Unknown"
"7014852",371861,2025-11-26 12:45:15,43.181324005127,-9.09110355377197,"Unknown"
"7014852",371861,2025-11-26 12:50:13,43.1808586120605,-9.09124755859375,"Unknown"
"7014852",371861,2025-11-26 12:55:12,43.1809387207031,-9.09117603302002,"Unknown"
"7014852",371861,2025-11-26 13:00:12,43.1811790466309,-9.09086132049561,"Unknown"
"7014852",371861,2025-11-26 13:05:12,43.1846618652344,-9.09110164642334,"Unknown"
"7014852",371861,2025-11-26 13:10:13,43.1847801208496,-9.09132671356201,"Unknown"
"7014852",371861,2025-11-26 13:15:12,43.1845932006836,-9.09116363525391,"Unknown"
"7014852",371861,2025-11-26 13:20:13,43.1870918273926,-9.09064292907715,"Unknown"
"7014852",371861,2025-11-26 13:25:17,43.1869888305664,-9.09102916717529,"Unknown"
"7014852",371861,2025-11-26 13:30:13,43.186939239502,-9.09027576446533,"Unknown"
"7014852",371861,2025-11-26 13:35:12,43.1871070861816,-9.09027099609375,"Unknown"
"7014852",371861,2025-11-26 13:40:13,43.1860656738281,-9.09081077575684,"Unknown"
"7014852",371861,2025-11-26 13:45:17,43.1834106445312,-9.09240341186523,"Unknown"
"7014852",371861,2025-11-26 13:50:25,43.1827201843262,-9.0931921005249,"Unknown"
"7014852",371861,2025-11-26 13:55:13,43.1811943054199,-9.09013938903809,"Unknown"
"7014852",371861,2025-11-26 14:00:17,43.1800994873047,-9.09105968475342,"Unknown"
"7014852",371861,2025-11-26 14:05:13,43.1804542541504,-9.09134292602539,"Unknown"
"7014852",371861,2025-11-26 14:10:26,43.1812629699707,-9.09103965759277,"Unknown"
"7014852",371861,2025-11-26 14:15:25,43.1813049316406,-9.09104061126709,"Unknown"
"7014852",371861,2025-11-26 14:20:16,43.1814270019531,-9.09114551544189,"Unknown"
"7014852",371861,2025-11-26 14:25:13,43.1813430786133,-9.09096622467041,"Unknown"
"7014852",371861,2025-11-26 14:30:14,43.1816215515137,-9.09146499633789,"Unknown"
"7014852",371861,2025-11-26 14:35:13,43.1812705993652,-9.09075832366943,"Unknown"
"7014852",371861,2025-11-26 14:40:12,43.1812553405762,-9.09090423583984,"Unknown"
"7014852",371861,2025-11-26 14:45:13,43.1811828613281,-9.0911226272583,"Unknown"
"7014852",371861,2025-11-26 14:50:13,43.1812591552734,-9.09080982208252,"Unknown"
"7014852",371861,2025-11-26 14:55:13,43.1811904907227,-9.09091091156006,"Unknown"
"7014852",371861,2025-11-26 15:00:12,43.1812553405762,-9.09087753295898,"Unknown"
"7014852",371861,2025-11-26 15:05:12,43.1811904907227,-9.0909538269043,"Unknown"
"7014852",371861,2025-11-26 15:10:13,43.18115234375,-9.09086799621582,"Unknown"
"7014852",371861,2025-11-26 15:15:14,43.1812286376953,-9.09095001220703,"Unknown"
"7014852",371861,2025-11-26 15:20:12,43.1811714172363,-9.09084892272949,"Unknown"
"7014852",371861,2025-11-26 15:25:13,43.1811180114746,-9.09088230133057,"Unknown"
"7014852",371861,2025-11-26 15:30:14,43.1811637878418,-9.09092140197754,"Unknown"
"7014852",371861,2025-11-26 15:35:12,43.193473815918,-9.09732437133789,"Unknown"
"7014852",371861,2025-11-26 15:40:12,43.1935997009277,-9.0979585647583,"Unknown"
"7014852",371861,2025-11-26 15:45:12,43.1935386657715,-9.09793567657471,"Unknown"
"7014852",371861,2025-11-26 15:50:12,43.1936264038086,-9.09780025482178,"Unknown"
"7014852",371861,2025-11-26 15:55:13,43.1936683654785,-9.0975399017334,"Unknown"
"7014852",371861,2025-11-26 16:00:13,43.1932373046875,-9.09830665588379,"Unknown"
"7014852",371861,2025-11-26 16:05:13,43.193229675293,-9.0984001159668,"Unknown"
"7014852",371861,2025-11-26 16:10:12,43.1930770874023,-9.09856510162354,"Unknown"
"7014852",371861,2025-11-26 16:15:13,43.1932983398438,-9.09808826446533,"Unknown"
"7014852",371861,2025-11-26 16:20:19,43.1934242248535,-9.09780406951904,"Unknown"
"7014852",371861,2025-11-26 16:25:14,43.1935501098633,-9.09811878204346,"Unknown"
"7014852",371861,2025-11-26 16:30:26,43.1935653686523,-9.09774494171143,"Unknown"
"7014852",371861,2025-11-26 16:35:15,43.1936378479004,-9.09773063659668,"Unknown"
"7014852",371861,2025-11-26 16:40:13,43.1938133239746,-9.09743690490723,"Unknown"
"7014852",371861,2025-11-26 16:45:15,43.1939239501953,-9.09720134735107,"Unknown"
"7014852",371861,2025-11-26 16:50:12,43.1939926147461,-9.09711933135986,"Unknown"
"7014852",371861,2025-11-26 16:55:13,43.1981964111328,-9.11653327941895,"Unknown"
"7014852",371861,2025-11-26 17:00:13,43.2000923156738,-9.11754703521729,"Unknown"
"7014852",371861,2025-11-26 17:05:14,43.1996994018555,-9.11719799041748,"Unknown"
"7014852",371861,2025-11-26 17:10:18,43.2001686096191,-9.11719703674316,"Unknown"
"7014852",371861,2025-11-26 17:15:13,43.2000770568848,-9.11722660064697,"Unknown"
"7014852",371861,2025-11-26 17:20:13,43.2001113891602,-9.11726093292236,"Unknown"
"7014852",371861,2025-11-26 17:25:17,43.2005271911621,-9.11436176300049,"Unknown"
"7014852",371861,2025-11-26 17:30:14,43.2005882263184,-9.11447238922119,"Unknown"
"7014852",371861,2025-11-26 17:35:12,43.2007637023926,-9.114426612854,"Unknown"
"7014852",371861,2025-11-26 17:40:13,43.2003631591797,-9.1142110824585,"Unknown"
"7014852",371861,2025-11-26 17:45:26,43.2003021240234,-9.11423587799072,"Unknown"
"7014852",371861,2025-11-26 22:45:28,43.2108459472656,-9.11038970947266,"Unknown"
"7014852",371861,2025-11-27 03:45:26,43.2090911865234,-9.09700584411621,"Unknown"
"7014852",371861,2025-11-27 07:48:49,43.1858901977539,-9.10608768463135,"Unknown"
"7014852",371861,2025-11-27 07:53:51,43.1848411560059,-9.09036159515381,"Unknown"
"7014852",371861,2025-11-27 07:58:50,43.1849060058594,-9.09062099456787,"Unknown"
"7014852",371861,2025-11-27 08:09:35,43.1847343444824,-9.09130191802979,"Unknown"
"7014852",371861,2025-11-27 08:18:52,43.1845550537109,-9.09054946899414,"Unknown"
"7014852",371861,2025-11-27 08:28:50,43.1802558898926,-9.09128379821777,"Unknown"
"7014852",371861,2025-11-27 08:38:54,43.1807174682617,-9.09107685089111,"Unknown"
"7014852",371861,2025-11-27 08:49:18,43.1801414489746,-9.09132671356201,"Unknown"
"7014852",371861,2025-11-27 08:59:00,43.180248260498,-9.0911865234375,"Unknown"
"7014852",371861,2025-11-27 09:09:14,43.1802749633789,-9.0912561416626,"Unknown"
"7014852",371861,2025-11-27 09:18:49,43.1802253723145,-9.09109687805176,"Unknown"
"7014852",371861,2025-11-27 09:28:48,43.1803436279297,-9.0915584564209,"Unknown"
"7014852",371861,2025-11-27 09:38:53,43.185173034668,-9.09027767181396,"Unknown"
"7014852",371861,2025-11-27 09:49:15,43.1817855834961,-9.09156894683838,"Unknown"
"7014852",371861,2025-11-27 09:58:53,43.1805953979492,-9.09163570404053,"Unknown"
"7014852",371861,2025-11-27 10:08:53,43.1800918579102,-9.09222793579102,"Unknown"
"7014852",371861,2025-11-27 10:18:53,43.1842575073242,-9.09181690216064,"Unknown"
"7014852",371861,2025-11-27 10:29:02,43.185188293457,-9.09024810791016,"Unknown"
"7014852",371861,2025-11-27 10:39:14,43.1841011047363,-9.09429359436035,"Unknown"
"7014852",371861,2025-11-27 10:49:00,43.1805000305176,-9.09229183197021,"Unknown"
"7014852",371861,2025-11-27 10:59:22,43.1806259155273,-9.09144306182861,"Unknown"
"7014852",371861,2025-11-27 11:08:52,43.1864967346191,-9.09067058563232,"Unknown"
"7014852",371861,2025-11-27 11:18:52,43.189525604248,-9.08956718444824,"Unknown"
"7014852",371861,2025-11-27 11:28:48,43.1896667480469,-9.0900764465332,"Unknown"
"7014852",371861,2025-11-27 11:33:50,43.1896095275879,-9.08980464935303,"Unknown"
"7014852",371861,2025-11-27 11:38:52,43.1896362304688,-9.08983993530273,"Unknown"
"7014852",371861,2025-11-27 11:43:49,43.1895713806152,-9.08973503112793,"Unknown"
"7014852",371861,2025-11-27 11:49:29,43.1895751953125,-9.08979320526123,"Unknown"
"7014852",371861,2025-11-27 11:53:47,43.1895370483398,-9.08980369567871,"Unknown"
"7014852",371861,2025-11-27 12:03:54,43.1892280578613,-9.09001922607422,"Unknown"
"7014852",371861,2025-11-27 12:13:49,43.1894149780273,-9.08982467651367,"Unknown"
"7014852",371861,2025-11-27 12:23:49,43.185375213623,-9.09060192108154,"Unknown"
"7014852",371861,2025-11-27 12:33:51,43.1868476867676,-9.09094047546387,"Unknown"
"7014852",371861,2025-11-27 12:38:58,43.1871681213379,-9.09061622619629,"Unknown"
"7014852",371861,2025-11-27 12:44:01,43.1872138977051,-9.09057140350342,"Unknown"
"7014852",371861,2025-11-27 12:48:47,43.1888580322266,-9.08825588226318,"Unknown"
"7014852",371861,2025-11-27 12:53:51,43.1850128173828,-9.09124374389648,"Unknown"
"7014852",371861,2025-11-27 12:58:47,43.1854820251465,-9.09200477600098,"Unknown"
"7014852",371861,2025-11-27 13:03:48,43.1845970153809,-9.09225845336914,"Unknown"
"7014852",371861,2025-11-27 13:08:50,43.1855392456055,-9.09079265594482,"Unknown"
"7014852",371861,2025-11-27 13:13:53,43.1855583190918,-9.090744972229,"Unknown"
"7014852",371861,2025-11-27 13:19:24,43.1855773925781,-9.09085750579834,"Unknown"
"7014852",371861,2025-11-27 13:23:49,43.1846618652344,-9.0912561416626,"Unknown"
"7014852",371861,2025-11-27 13:28:50,43.1848449707031,-9.0913200378418,"Unknown"
"7014852",371861,2025-11-27 13:33:50,43.1846504211426,-9.09134292602539,"Unknown"
"7014852",371861,2025-11-27 13:38:58,43.1847648620605,-9.09161567687988,"Unknown"
"7014852",371861,2025-11-27 13:43:49,43.1849708557129,-9.0918607711792,"Unknown"
"7014852",371861,2025-11-27 13:48:48,43.186595916748,-9.09061527252197,"Unknown"
"7014852",371861,2025-11-27 13:53:51,43.1867942810059,-9.09079074859619,"Unknown"
"7014852",371861,2025-11-27 13:58:51,43.1866912841797,-9.09053230285645,"Unknown"
"7014852",371861,2025-11-27 14:03:54,43.1867332458496,-9.09069061279297,"Unknown"
"7014852",371861,2025-11-27 14:09:49,43.1864318847656,-9.08970069885254,"Unknown"
"7014852",371861,2025-11-27 14:13:48,43.1866760253906,-9.09014701843262,"Unknown"
"7014852",371861,2025-11-27 14:18:47,43.1867523193359,-9.08942317962646,"Unknown"
"7014852",371861,2025-11-27 14:23:48,43.1873474121094,-9.08917331695557,"Unknown"
"7014852",371861,2025-11-27 14:28:49,43.1886787414551,-9.05964851379395,"Unknown"
"7014852",371861,2025-11-27 14:33:49,43.1939086914062,-9.04214763641357,"Unknown"
"7014852",371861,2025-11-27 14:38:51,43.1939239501953,-9.042311668396,"Unknown"
"7014852",371861,2025-11-27 14:43:50,43.1940956115723,-9.04233551025391,"Unknown"
"7014852",371861,2025-11-27 14:49:48,43.1938743591309,-9.04211330413818,"Unknown"
"7014852",371861,2025-11-27 14:53:53,43.194221496582,-9.04227256774902,"Unknown"
"7014852",371861,2025-11-27 15:04:29,43.1941986083984,-9.04257869720459,"Unknown"
"7014852",371861,2025-11-27 15:09:14,43.194034576416,-9.04349517822266,"Unknown"
"7014852",371861,2025-11-27 15:13:47,43.194034576416,-9.04353046417236,"Unknown"
"7014852",371861,2025-11-27 15:18:49,43.1940612792969,-9.04355239868164,"Unknown"
"7014852",371861,2025-11-27 15:23:52,43.1944046020508,-9.04432964324951,"Unknown"
"7014852",371861,2025-11-27 15:28:54,43.1939849853516,-9.04336643218994,"Unknown"
"7014852",371861,2025-11-27 15:33:49,43.1941108703613,-9.04386425018311,"Unknown"
"7014852",371861,2025-11-27 15:38:49,43.1940536499023,-9.04362106323242,"Unknown"
"7014852",371861,2025-11-27 15:43:45,43.1929893493652,-9.05083656311035,"Unknown"
"7014852",371861,2025-11-27 15:49:14,43.1939735412598,-9.04359817504883,"Unknown"
"7014852",371861,2025-11-27 15:53:53,43.1939163208008,-9.04356670379639,"Unknown"
"7014852",371861,2025-11-27 16:03:51,43.1937446594238,-9.04329681396484,"Unknown"
"7014852",371861,2025-11-27 16:08:50,43.1938934326172,-9.04344844818115,"Unknown"
"7014852",371861,2025-11-27 16:13:55,43.1939125061035,-9.04350471496582,"Unknown"
"7014852",371861,2025-11-27 16:24:23,43.1930465698242,-9.04427623748779,"Unknown"
"7014852",371861,2025-11-27 16:33:51,43.1929664611816,-9.04426383972168,"Unknown"
"7014852",371861,2025-11-27 16:43:48,43.1929969787598,-9.04404354095459,"Unknown"
"7014852",371861,2025-11-27 16:54:23,43.1930160522461,-9.04421043395996,"Unknown"
"7014852",371861,2025-11-27 16:58:47,43.1923713684082,-9.0451602935791,"Unknown"
"7014852",371861,2025-11-27 17:08:47,43.2049789428711,-9.07281112670898,"Unknown"
"7014852",371861,2025-11-27 17:18:47,43.2062225341797,-9.07235050201416,"Unknown"
"7014852",371861,2025-11-27 17:28:50,43.2059936523438,-9.07149982452393,"Unknown"
"7014852",371861,2025-11-27 17:38:52,43.2065505981445,-9.07082080841064,"Unknown"
"7014852",371861,2025-11-27 17:44:47,43.2066917419434,-9.07034015655518,"Unknown"
"7014852",371861,2025-11-27 22:45:08,43.209602355957,-9.09776782989502,"Unknown"
"7014852",371861,2025-11-28 03:45:15,43.2063217163086,-9.08305072784424,"Unknown"
"7014852",371861,2025-11-28 07:50:00,43.1849670410156,-9.09012508392334,"Unknown"
"7014852",371861,2025-11-28 08:00:00,43.1807060241699,-9.09091186523438,"Unknown"
"7014852",371861,2025-11-28 08:09:51,43.1854934692383,-9.08815574645996,"Unknown"
"7014852",371861,2025-11-28 08:19:53,43.1802597045898,-9.09118747711182,"Unknown"
"7014852",371861,2025-11-28 08:29:55,43.180606842041,-9.09135818481445,"Unknown"
"7014852",371861,2025-11-28 08:39:55,43.1805572509766,-9.09164333343506,"Unknown"
"7014852",371861,2025-11-28 08:49:54,43.1853179931641,-9.08957195281982,"Unknown"
"7014852",371861,2025-11-28 08:59:57,43.185676574707,-9.09012889862061,"Unknown"
"7014852",371861,2025-11-28 09:10:14,43.1803283691406,-9.09151172637939,"Unknown"
"7014852",371861,2025-11-28 09:19:51,43.1803131103516,-9.09127521514893,"Unknown"
"7014852",371861,2025-11-28 09:29:52,43.1802558898926,-9.09142208099365,"Unknown"
"7014852",371861,2025-11-28 09:39:54,43.1803207397461,-9.09156227111816,"Unknown"
"7014852",371861,2025-11-28 09:50:14,43.1798324584961,-9.09064292907715,"Unknown"
"7014852",371861,2025-11-28 09:59:51,43.1840133666992,-9.09074115753174,"Unknown"
"7014852",371861,2025-11-28 10:09:50,43.184684753418,-9.08962821960449,"Unknown"
"7014852",371861,2025-11-28 10:19:51,43.1850624084473,-9.0900707244873,"Unknown"
"7014852",371861,2025-11-28 10:29:50,43.1834907531738,-9.09141540527344,"Unknown"
"7014852",371861,2025-11-28 10:39:52,43.1849174499512,-9.09008026123047,"Unknown"
"7014852",371861,2025-11-28 10:49:59,43.1850051879883,-9.0900821685791,"Unknown"
"7014852",371861,2025-11-28 10:59:53,43.1832542419434,-9.09150505065918,"Unknown"
"7014852",371861,2025-11-28 11:10:19,43.1810150146484,-9.09159564971924,"Unknown"
"7014852",371861,2025-11-28 11:19:50,43.1849555969238,-9.09020709991455,"Unknown"
"7014852",371861,2025-11-28 11:24:50,43.1824493408203,-9.09191703796387,"Unknown"
"7014852",371861,2025-11-28 11:34:50,43.1810417175293,-9.09125804901123,"Unknown"
"7014852",371861,2025-11-28 11:39:50,43.1809120178223,-9.09121513366699,"Unknown"
"7014852",371861,2025-11-28 11:44:50,43.1808319091797,-9.09123039245605,"Unknown"
"7014852",371861,2025-11-28 11:54:50,43.1808662414551,-9.0912971496582,"Unknown"
"7014852",371861,2025-11-28 12:04:50,43.1807975769043,-9.09134006500244,"Unknown"
"7014852",371861,2025-11-28 12:14:50,43.1807594299316,-9.09134960174561,"Unknown"
"7014852",371861,2025-11-28 12:19:50,43.180233001709,-9.09122562408447,"Unknown"
"7014852",371861,2025-11-28 12:24:50,43.1807746887207,-9.09124946594238,"Unknown"
"7014852",371861,2025-11-28 12:29:50,43.1807327270508,-9.09127235412598,"Unknown"
"7014852",371861,2025-11-28 12:34:50,43.1807060241699,-9.09122276306152,"Unknown"
"7014852",371861,2025-11-28 12:39:51,43.1809921264648,-9.0913028717041,"Unknown"
"7014852",371861,2025-11-28 12:44:52,43.1811027526855,-9.09151840209961,"Unknown"
"7014852",371861,2025-11-28 12:49:51,43.184497833252,-9.09075260162354,"Unknown"
"7014852",371861,2025-11-28 12:54:51,43.1824378967285,-9.09134292602539,"Unknown"
"7014852",371861,2025-11-28 12:59:51,43.1825370788574,-9.09156608581543,"Unknown"
"7014852",371861,2025-11-28 13:04:50,43.1824150085449,-9.09130573272705,"Unknown"
"7014852",371861,2025-11-28 13:09:51,43.180980682373,-9.0909366607666,"Unknown"
"7014852",371861,2025-11-28 13:14:51,43.181037902832,-9.09107398986816,"Unknown"
"7014852",371861,2025-11-28 13:19:51,43.1810989379883,-9.09127140045166,"Unknown"
"7014852",371861,2025-11-28 13:24:58,43.1812286376953,-9.09139251708984,"Unknown"
"7014852",371861,2025-11-28 13:29:54,43.1816596984863,-9.0925121307373,"Unknown"
"7014852",371861,2025-11-28 13:34:57,43.1808853149414,-9.0911693572998,"Unknown"
"7014852",371861,2025-11-28 13:39:57,43.1810302734375,-9.09138584136963,"Unknown"
"7014852",371861,2025-11-28 13:44:55,43.1810264587402,-9.09140682220459,"Unknown"
"7014852",371861,2025-11-28 13:50:02,43.1811256408691,-9.09133052825928,"Unknown"
"7014852",371861,2025-11-28 13:54:52,43.1806831359863,-9.09188747406006,"Unknown"
"7014852",371861,2025-11-28 13:59:54,43.18115234375,-9.0908031463623,"Unknown"
"7014852",371861,2025-11-28 14:05:01,43.1810111999512,-9.09128952026367,"Unknown"
"7014852",371861,2025-11-28 14:09:54,43.181037902832,-9.09116744995117,"Unknown"
"7014852",371861,2025-11-28 14:14:54,43.1812171936035,-9.09017848968506,"Unknown"
"7014852",371861,2025-11-28 14:19:55,43.1798248291016,-9.09230422973633,"Unknown"
"7014852",371861,2025-11-28 14:24:58,43.1850318908691,-9.09106731414795,"Unknown"
"7014852",371861,2025-11-28 14:29:52,43.1850204467773,-9.09144401550293,"Unknown"
"7014852",371861,2025-11-28 14:34:53,43.190990447998,-9.096116065979,"Unknown"
"7014852",371861,2025-11-28 14:39:51,43.1837692260742,-9.09171772003174,"Unknown"
"7014852",371861,2025-11-28 14:44:51,43.1848526000977,-9.09160232543945,"Unknown"
"7014852",371861,2025-11-28 14:49:51,43.1871948242188,-9.0907506942749,"Unknown"
"7014852",371861,2025-11-28 14:54:51,43.1855812072754,-9.08981800079346,"Unknown"
"7014852",371861,2025-11-28 14:59:53,43.1848945617676,-9.09159755706787,"Unknown"
"7014852",371861,2025-11-28 15:04:51,43.1850204467773,-9.09153938293457,"Unknown"
"7014852",371861,2025-11-28 15:09:51,43.1851425170898,-9.09139251708984,"Unknown"
"7014852",371861,2025-11-28 15:14:54,43.1872596740723,-9.08987236022949,"Unknown"
"7014852",371861,2025-11-28 15:19:51,43.1872406005859,-9.0905294418335,"Unknown"
"7014852",371861,2025-11-28 15:24:51,43.1865272521973,-9.0899772644043,"Unknown"
"7014852",371861,2025-11-28 15:29:51,43.1855697631836,-9.10499572753906,"Unknown"
"7014852",371861,2025-11-28 15:34:53,43.1859588623047,-9.1054220199585,"Unknown"
"7014852",371861,2025-11-28 15:39:53,43.1851272583008,-9.10778617858887,"Unknown"
"7014852",371861,2025-11-28 15:44:55,43.1847381591797,-9.10789489746094,"Unknown"
"7014852",371861,2025-11-28 15:49:54,43.1847229003906,-9.10793495178223,"Unknown"
"7014852",371861,2025-11-28 15:54:51,43.2070655822754,-9.1118335723877,"Unknown"
"7014852",371861,2025-11-28 16:01:13,43.2417068481445,-9.11138153076172,"Unknown"
"7014852",371861,2025-11-28 16:06:13,43.2368850708008,-9.11740207672119,"Unknown"
"7014852",371861,2025-11-28 16:09:52,43.2249069213867,-9.12225914001465,"Unknown"
"7014852",371861,2025-11-28 16:14:52,43.2074546813965,-9.12860107421875,"Unknown"
"7014852",371861,2025-11-28 16:24:55,43.1973152160645,-9.13406085968018,"Unknown"
"7014852",371861,2025-11-28 16:34:51,43.1955490112305,-9.13845157623291,"Unknown"
"7014852",371861,2025-11-28 16:44:53,43.2050437927246,-9.16167736053467,"Unknown"
"7014852",371861,2025-11-28 16:54:51,43.1998863220215,-9.1619930267334,"Unknown"
"7014852",371861,2025-11-28 17:04:57,43.2040977478027,-9.16170597076416,"Unknown"
"7014852",371861,2025-11-28 17:14:51,43.2037620544434,-9.16202640533447,"Unknown"
"7014852",371861,2025-11-28 17:25:01,43.2023429870605,-9.12152862548828,"Unknown"
"7014852",371861,2025-11-28 17:35:00,43.2088050842285,-9.09714126586914,"Unknown"
"7014852",371861,2025-11-28 17:44:37,43.209056854248,-9.09627056121826,"Unknown"
"7014852",371861,2025-11-28 22:44:59,43.3616600036621,-8.40142917633057,"Unknown"
"7014852",371861,2025-11-29 03:44:59,43.3603553771973,-8.40267753601074,"Unknown"
"7014852",371861,2025-11-29 07:51:01,43.336109161377,-8.42187404632568,"Unknown"
"7014852",371861,2025-11-29 08:01:14,43.3359870910645,-8.42067432403564,"Unknown"
"7014852",371861,2025-11-29 08:10:54,43.3361587524414,-8.4203987121582,"Unknown"
"7014852",371861,2025-11-29 08:21:07,43.3323669433594,-8.4238977432251,"Unknown"
"7014852",371861,2025-11-29 08:31:14,43.3330688476562,-8.42459011077881,"Unknown"
"7014852",371861,2025-11-29 08:40:58,43.3330574035645,-8.42407512664795,"Unknown"
"7014852",371861,2025-11-29 08:51:01,43.3368644714355,-8.40754985809326,"Unknown"
"7014852",371861,2025-11-29 09:01:10,43.3360595703125,-8.40668964385986,"Unknown"
"7014852",371861,2025-11-29 09:11:11,43.3357315063477,-8.40647506713867,"Unknown"
"7014852",371861,2025-11-29 09:20:55,43.3363494873047,-8.40683078765869,"Unknown"
"7014852",371861,2025-11-29 09:30:53,43.3371047973633,-8.4068660736084,"Unknown"
"7014852",371861,2025-11-29 09:40:54,43.3365058898926,-8.40718460083008,"Unknown"
"7014852",371861,2025-11-29 09:51:14,43.3357009887695,-8.40729236602783,"Unknown"
"7014852",371861,2025-11-29 10:00:56,43.3330917358398,-8.40896320343018,"Unknown"
"7014852",371861,2025-11-29 10:11:13,43.3331336975098,-8.40912246704102,"Unknown"
"7014852",371861,2025-11-29 10:20:54,43.3375663757324,-8.41507530212402,"Unknown"
"7014852",371861,2025-11-29 10:31:11,43.3393745422363,-8.40951824188232,"Unknown"
"7014852",371861,2025-11-29 10:41:01,43.3388862609863,-8.40941047668457,"Unknown"
"7014852",371861,2025-11-29 10:51:01,43.3388214111328,-8.40940284729004,"Unknown"
"7014852",371861,2025-11-29 11:00:55,43.3389739990234,-8.4093713760376,"Unknown"
"7014852",371861,2025-11-29 11:10:54,43.3388671875,-8.40970039367676,"Unknown"
"7014852",371861,2025-11-29 11:20:56,43.3396148681641,-8.40941619873047,"Unknown"
"7014852",371861,2025-11-29 11:31:02,43.3388481140137,-8.40981864929199,"Unknown"
"7014852",371861,2025-11-29 11:41:00,43.338809967041,-8.40978145599365,"Unknown"
"7014852",371861,2025-11-29 11:50:55,43.353645324707,-8.42543697357178,"Unknown"
"7014852",371861,2025-11-29 12:00:55,43.3536224365234,-8.42536449432373,"Unknown"
"7014852",371861,2025-11-29 12:10:54,43.3535575866699,-8.44139862060547,"Unknown"
"7014852",371861,2025-11-29 12:21:02,43.353874206543,-8.45848083496094,"Unknown"
"7014852",371861,2025-11-29 12:31:02,43.3551597595215,-8.4577169418335,"Unknown"
"7014852",371861,2025-11-29 12:41:00,43.3559150695801,-8.4576587677002,"Unknown"
"7014852",371861,2025-11-29 12:51:02,43.3557662963867,-8.4575309753418,"Unknown"
"7014852",371861,2025-11-29 13:00:55,43.3560829162598,-8.458251953125,"Unknown"
"7014852",371861,2025-11-29 13:10:55,43.3562698364258,-8.45831108093262,"Unknown"
"7014852",371861,2025-11-29 13:20:55,43.3562622070312,-8.45845222473145,"Unknown"
"7014852",371861,2025-11-29 13:31:02,43.3560066223145,-8.45779800415039,"Unknown"
"7014852",371861,2025-11-29 13:41:00,43.3447189331055,-8.42295742034912,"Unknown"
"7014852",371861,2025-11-29 13:51:00,43.33544921875,-8.4221658706665,"Unknown"
"7014852",371861,2025-11-29 14:01:10,43.3358001708984,-8.42128944396973,"Unknown"
"7014852",371861,2025-11-29 14:10:52,43.3358421325684,-8.42128562927246,"Unknown"
"7014852",371861,2025-11-29 14:20:53,43.3358154296875,-8.42148303985596,"Unknown"
"7014852",371861,2025-11-29 14:30:52,43.3351783752441,-8.42187690734863,"Unknown"
"7014852",371861,2025-11-29 14:40:53,43.335563659668,-8.42139625549316,"Unknown"
"7014852",371861,2025-11-29 14:51:14,43.339054107666,-8.40917110443115,"Unknown"
"7014852",371861,2025-11-29 15:00:52,43.3390007019043,-8.40930843353271,"Unknown"
"7014852",371861,2025-11-29 15:10:53,43.3387145996094,-8.4101676940918,"Unknown"
"7014852",371861,2025-11-29 15:20:58,43.3388748168945,-8.40973567962646,"Unknown"
"7014852",371861,2025-11-29 15:30:56,43.3389549255371,-8.4091854095459,"Unknown"
"7014852",371861,2025-11-29 15:40:58,43.3387641906738,-8.40961742401123,"Unknown"
"7014852",371861,2025-11-29 15:51:00,43.3387908935547,-8.40935325622559,"Unknown"
"7014852",371861,2025-11-29 16:01:08,43.3387680053711,-8.40893459320068,"Unknown"
"7014852",371861,2025-11-29 16:11:17,43.341251373291,-8.40638637542725,"Unknown"
"7014852",371861,2025-11-29 16:21:03,43.3603858947754,-8.40215396881104,"Unknown"
"7014852",371861,2025-11-29 16:31:13,43.3624496459961,-8.40367221832275,"Unknown"
"7014852",371861,2025-11-29 16:40:52,43.3622932434082,-8.40383338928223,"Unknown"
"7014852",371861,2025-11-29 16:50:53,43.3623428344727,-8.403977394104,"Unknown"
"7014852",371861,2025-11-29 17:00:53,43.3622093200684,-8.40385913848877,"Unknown"
"7014852",371861,2025-11-29 17:10:53,43.3622970581055,-8.4042797088623,"Unknown"
"7014852",371861,2025-11-29 17:21:12,43.3623275756836,-8.40405464172363,"Unknown"
"7014852",371861,2025-11-29 17:30:53,43.3623924255371,-8.40377998352051,"Unknown"
"7014852",371861,2025-11-29 17:41:12,43.3623580932617,-8.40340614318848,"Unknown"
"7014852",371861,2025-11-29 22:41:14,43.3631553649902,-8.40376949310303,"Unknown"
"7014852",371861,2025-11-30 03:41:05,43.3597450256348,-8.39826011657715,"Unknown"
"7014852",371861,2025-11-30 07:50:56,43.3335800170898,-8.42453384399414,"Unknown"
"7014852",371861,2025-11-30 08:00:14,43.3359680175781,-8.42015647888184,"Unknown"
"7014852",371861,2025-11-30 08:10:05,43.3362884521484,-8.40698528289795,"Unknown"
"7014852",371861,2025-11-30 08:20:23,43.3371200561523,-8.40807437896729,"Unknown"
"7014852",371861,2025-11-30 08:29:47,43.3384895324707,-8.40786361694336,"Unknown"
"7014852",371861,2025-11-30 08:39:47,43.3379402160645,-8.40694999694824,"Unknown"
"7014852",371861,2025-11-30 08:49:47,43.3380432128906,-8.40661525726318,"Unknown"
"7014852",371861,2025-11-30 08:59:47,43.3380508422852,-8.40694999694824,"Unknown"
"7014852",371861,2025-11-30 09:09:47,43.3381233215332,-8.40723514556885,"Unknown"
"7014852",371861,2025-11-30 09:19:49,43.3381881713867,-8.40745067596436,"Unknown"
"7014852",371861,2025-11-30 09:29:49,43.3381767272949,-8.40736961364746,"Unknown"
"7014852",371861,2025-11-30 09:40:05,43.338207244873,-8.40738582611084,"Unknown"
"7014852",371861,2025-11-30 09:50:00,43.338077545166,-8.40700149536133,"Unknown"
"7014852",371861,2025-11-30 09:59:54,43.3383140563965,-8.40755462646484,"Unknown"
"7014852",371861,2025-11-30 10:09:57,43.3381958007812,-8.40736293792725,"Unknown"
"7014852",371861,2025-11-30 10:20:09,43.3382797241211,-8.40751552581787,"Unknown"
"7014852",371861,2025-11-30 10:30:11,43.3380966186523,-8.40707302093506,"Unknown"
"7014852",371861,2025-11-30 10:39:48,43.3380889892578,-8.40733623504639,"Unknown"
"7014852",371861,2025-11-30 10:49:50,43.3381996154785,-8.4071798324585,"Unknown"
"7014852",371861,2025-11-30 10:59:51,43.3382682800293,-8.40741634368896,"Unknown"
"7014852",371861,2025-11-30 11:09:49,43.3399314880371,-8.41100978851318,"Unknown"
"7014852",371861,2025-11-30 11:20:14,43.3398742675781,-8.41061115264893,"Unknown"
"7014852",371861,2025-11-30 11:29:51,43.3502883911133,-8.42491722106934,"Unknown"
"7014852",371861,2025-11-30 11:40:23,43.3503112792969,-8.42446517944336,"Unknown"
"7014852",371861,2025-11-30 11:49:47,43.3582611083984,-8.40497493743896,"Unknown"
"7014852",371861,2025-11-30 11:59:46,43.3525390625,-8.42742824554443,"Unknown"
"7014852",371861,2025-11-30 12:09:47,43.3525352478027,-8.42748928070068,"Unknown"
"7014852",371861,2025-11-30 12:19:47,43.3522033691406,-8.42759227752686,"Unknown"
"7014852",371861,2025-11-30 12:29:47,43.3533554077148,-8.42434406280518,"Unknown"
"7014852",371861,2025-11-30 12:39:48,43.3535804748535,-8.42426586151123,"Unknown"
"7014852",371861,2025-11-30 12:49:48,43.3533515930176,-8.4241418838501,"Unknown"
"7014852",371861,2025-11-30 12:59:54,43.353157043457,-8.42409801483154,"Unknown"
"7014852",371861,2025-11-30 13:09:48,43.3535499572754,-8.42420864105225,"Unknown"
"7014852",371861,2025-11-30 13:19:47,43.3533744812012,-8.42421531677246,"Unknown"
"7014852",371861,2025-11-30 13:29:49,43.3532562255859,-8.42428016662598,"Unknown"
"7014852",371861,2025-11-30 13:39:51,43.3532180786133,-8.42430400848389,"Unknown"
"7014852",371861,2025-11-30 13:44:47,43.3533744812012,-8.42419624328613,"Unknown"
"7014852",371861,2025-11-30 13:54:47,43.3531608581543,-8.42410659790039,"Unknown"
"7014852",371861,2025-11-30 14:00:23,43.3532028198242,-8.42419242858887,"Unknown"
"7014852",371861,2025-11-30 14:04:49,43.3534278869629,-8.42471122741699,"Unknown"
"7014852",371861,2025-11-30 14:09:48,43.3532333374023,-8.42417144775391,"Unknown"
"7014852",371861,2025-11-30 14:19:47,43.3533020019531,-8.42407703399658,"Unknown"
"7014852",371861,2025-11-30 14:29:46,43.3531837463379,-8.42415237426758,"Unknown"
"7014852",371861,2025-11-30 14:39:47,43.3532676696777,-8.4242000579834,"Unknown"
"7014852",371861,2025-11-30 14:50:14,43.3533248901367,-8.42426204681396,"Unknown"
"7014852",371861,2025-11-30 14:54:47,43.3534393310547,-8.42421245574951,"Unknown"
"7014852",371861,2025-11-30 14:59:47,43.3533935546875,-8.42423725128174,"Unknown"
"7014852",371861,2025-11-30 15:04:47,43.3533248901367,-8.42439937591553,"Unknown"
"7014852",371861,2025-11-30 15:09:47,43.3533134460449,-8.42423725128174,"Unknown"
"7014852",371861,2025-11-30 15:14:49,43.3534622192383,-8.42423534393311,"Unknown"
"7014852",371861,2025-11-30 15:19:51,43.3534545898438,-8.42412757873535,"Unknown"
"7014852",371861,2025-11-30 15:24:49,43.3532676696777,-8.42420959472656,"Unknown"
"7014852",371861,2025-11-30 15:29:47,43.3533554077148,-8.42424201965332,"Unknown"
"7014852",371861,2025-11-30 15:34:52,43.3532218933105,-8.42428493499756,"Unknown"
"7014852",371861,2025-11-30 15:44:53,43.3533706665039,-8.42428207397461,"Unknown"
"7014852",371861,2025-11-30 15:55:23,43.3532981872559,-8.42420387268066,"Unknown"
"7014852",371861,2025-11-30 16:04:46,43.3542213439941,-8.42304039001465,"Unknown"
"7014852",371861,2025-11-30 16:14:48,43.3556175231934,-8.42074394226074,"Unknown"
"7014852",371861,2025-11-30 16:25:00,43.355297088623,-8.42143726348877,"Unknown"
"7014852",371861,2025-11-30 16:34:47,43.3556365966797,-8.41960620880127,"Unknown"
"7014852",371861,2025-11-30 16:44:50,43.3553314208984,-8.41915225982666,"Unknown"
"7014852",371861,2025-11-30 16:54:55,43.3553657531738,-8.41930770874023,"Unknown"
"7014852",371861,2025-11-30 17:04:49,43.3596534729004,-8.40909099578857,"Unknown"
"7014852",371861,2025-11-30 17:14:49,43.3598747253418,-8.3971471786499,"Unknown"
"7014852",371861,2025-11-30 17:24:58,43.3597984313965,-8.39710807800293,"Unknown"
"7014852",371861,2025-11-30 17:34:54,43.3599815368652,-8.39733695983887,"Unknown"
"7014852",371861,2025-11-30 17:40:46,43.3598976135254,-8.39731693267822,"Unknown"
"7014852",371861,2025-11-30 22:41:05,43.3594627380371,-8.39895725250244,"Unknown"
"7014852",371861,2025-12-01 03:41:05,43.3597030639648,-8.39869594573975,"Unknown"
"7014852",371861,2025-12-01 07:52:20,43.3319435119629,-8.42969417572021,"Unknown"
"7014852",371861,2025-12-01 08:02:05,43.3339042663574,-8.42951393127441,"Unknown"
"7014852",371861,2025-12-01 08:10:57,43.3339195251465,-8.42956447601318,"Unknown"
"7014852",371861,2025-12-01 08:20:57,43.3362770080566,-8.42097854614258,"Unknown"
"7014852",371861,2025-12-01 08:30:57,43.349925994873,-8.42742538452148,"Unknown"
"7014852",371861,2025-12-01 08:40:57,43.349925994873,-8.42734432220459,"Unknown"
"7014852",371861,2025-12-01 08:50:58,43.3497581481934,-8.42786502838135,"Unknown"
"7014852",371861,2025-12-01 09:00:57,43.349365234375,-8.42823219299316,"Unknown"
"7014852",371861,2025-12-01 09:10:58,43.3493537902832,-8.42818450927734,"Unknown"
"7014852",371861,2025-12-01 09:21:05,43.3493461608887,-8.42806816101074,"Unknown"
"7014852",371861,2025-12-01 09:30:57,43.349250793457,-8.42783164978027,"Unknown"
"7014852",371861,2025-12-01 09:41:14,43.3495330810547,-8.42830848693848,"Unknown"
"7014852",371861,2025-12-01 09:50:58,43.3495254516602,-8.42815399169922,"Unknown"
"7014852",371861,2025-12-01 10:00:58,43.3503303527832,-8.42476177215576,"Unknown"
"7014852",371861,2025-12-01 10:11:01,43.3509712219238,-8.4281120300293,"Unknown"
"7014852",371861,2025-12-01 10:20:59,43.3504638671875,-8.42454242706299,"Unknown"
"7014852",371861,2025-12-01 10:31:14,43.350456237793,-8.42456817626953,"Unknown"
"7014852",371861,2025-12-01 10:41:00,43.350040435791,-8.42219734191895,"Unknown"
"7014852",371861,2025-12-01 10:50:58,43.3601264953613,-8.40260314941406,"Unknown"
"7014852",371861,2025-12-01 11:01:08,43.3602523803711,-8.40245723724365,"Unknown"
"7014852",371861,2025-12-01 11:11:14,43.360164642334,-8.40257740020752,"Unknown"
"7014852",371861,2025-12-01 11:21:06,43.3601760864258,-8.40216445922852,"Unknown"
"7014852",371861,2025-12-01 11:31:06,43.3626899719238,-8.39685726165771,"Unknown"
"7014852",371861,2025-12-01 11:41:08,43.3597373962402,-8.40262985229492,"Unknown"
"7014852",371861,2025-12-01 11:51:29,43.360221862793,-8.40254402160645,"Unknown"
"7014852",371861,2025-12-01 12:00:57,43.3603019714355,-8.40268993377686,"Unknown"
"7014852",371861,2025-12-01 12:10:58,43.3602409362793,-8.40268707275391,"Unknown"
"7014852",371861,2025-12-01 12:20:57,43.3602638244629,-8.4026460647583,"Unknown"
"7014852",371861,2025-12-01 12:30:59,43.3602256774902,-8.4025993347168,"Unknown"
"7014852",371861,2025-12-01 12:41:06,43.3602523803711,-8.4024543762207,"Unknown"
"7014852",371861,2025-12-01 12:51:03,43.3602676391602,-8.40259170532227,"Unknown"
"7014852",371861,2025-12-01 13:01:12,43.3605499267578,-8.40275573730469,"Unknown"
"7014852",371861,2025-12-01 13:11:13,43.3603858947754,-8.40314388275146,"Unknown"
"7014852",371861,2025-12-01 13:20:56,43.3629989624023,-8.40145587921143,"Unknown"
"7014852",371861,2025-12-01 13:31:06,43.360767364502,-8.40360832214355,"Unknown"
"7014852",371861,2025-12-01 13:41:00,43.36083984375,-8.40323352813721,"Unknown"
"7014852",371861,2025-12-01 13:51:19,43.361156463623,-8.39835071563721,"Unknown"
"7014852",371861,2025-12-01 13:56:14,43.3603248596191,-8.40274047851562,"Unknown"
"7014852",371861,2025-12-01 14:06:06,43.3614082336426,-8.4023551940918,"Unknown"
"7014852",371861,2025-12-01 14:15:57,43.3611068725586,-8.40268421173096,"Unknown"
"7014852",371861,2025-12-01 14:25:58,43.3611145019531,-8.40314292907715,"Unknown"
"7014852",371861,2025-12-01 14:36:00,43.3606071472168,-8.40174102783203,"Unknown"
"7014852",371861,2025-12-01 14:46:15,43.3611145019531,-8.40298461914062,"Unknown"
"7014852",371861,2025-12-01 14:55:57,43.3610877990723,-8.40302085876465,"Unknown"
"7014852",371861,2025-12-01 15:05:59,43.3610343933105,-8.40297985076904,"Unknown"
"7014852",371861,2025-12-01 15:10:58,43.3610458374023,-8.40294075012207,"Unknown"
"7014852",371861,2025-12-01 15:21:29,43.3611145019531,-8.40291690826416,"Unknown"
"7014852",371861,2025-12-01 15:30:56,43.3610916137695,-8.40290260314941,"Unknown"
"7014852",371861,2025-12-01 15:40:56,43.3610877990723,-8.4029016494751,"Unknown"
"7014852",371861,2025-12-01 15:51:35,43.3611831665039,-8.40292644500732,"Unknown"
"7014852",371861,2025-12-01 16:00:57,43.3612060546875,-8.4028434753418,"Unknown"
"7014852",371861,2025-12-01 16:10:58,43.3609275817871,-8.40298271179199,"Unknown"
"7014852",371861,2025-12-01 16:20:57,43.3610877990723,-8.40233516693115,"Unknown"
"7014852",371861,2025-12-01 16:30:57,43.3611869812012,-8.40304946899414,"Unknown"
"7014852",371861,2025-12-01 16:40:57,43.3610763549805,-8.40283393859863,"Unknown"
"7014852",371861,2025-12-01 16:50:57,43.361198425293,-8.40323066711426,"Unknown"
"7014852",371861,2025-12-01 17:00:58,43.3609008789062,-8.40389633178711,"Unknown"
"7014852",371861,2025-12-01 17:10:58,43.3611793518066,-8.40278244018555,"Unknown"
"7014852",371861,2025-12-01 17:20:58,43.3610458374023,-8.4027099609375,"Unknown"
"7014852",371861,2025-12-01 17:31:06,43.3611717224121,-8.40292835235596,"Unknown"
"7014852",371861,2025-12-01 17:40:23,43.3612976074219,-8.40320873260498,"Unknown"
"7014852",371861,2025-12-01 22:40:45,43.3586807250977,-8.39353561401367,"Unknown"
"7014852",371861,2025-12-02 03:41:15,43.358570098877,-8.39312267303467,"Unknown"
"7014852",371861,2025-12-02 07:53:06,43.3409271240234,-8.40648746490479,"Unknown"
"7014852",371861,2025-12-02 08:02:18,43.3421897888184,-8.40678787231445,"Unknown"
"7014852",371861,2025-12-02 08:12:19,43.3497200012207,-8.42767906188965,"Unknown"
"7014852",371861,2025-12-02 08:22:18,43.3499565124512,-8.42788124084473,"Unknown"
"7014852",371861,2025-12-02 08:32:18,43.3499794006348,-8.42786884307861,"Unknown"
"7014852",371861,2025-12-02 08:42:18,43.3533172607422,-8.42527008056641,"Unknown"
"7014852",371861,2025-12-02 08:52:24,43.3527526855469,-8.42330169677734,"Unknown"
"7014852",371861,2025-12-02 09:02:35,43.3501091003418,-8.42802619934082,"Unknown"
"7014852",371861,2025-12-02 09:12:09,43.3501243591309,-8.42780017852783,"Unknown"
"7014852",371861,2025-12-02 09:22:09,43.3501014709473,-8.42782688140869,"Unknown"
"7014852",371861,2025-12-02 09:32:09,43.3500938415527,-8.42784309387207,"Unknown"
"7014852",371861,2025-12-02 09:42:10,43.3501319885254,-8.42785453796387,"Unknown"
"7014852",371861,2025-12-02 09:52:11,43.355339050293,-8.41913509368896,"Unknown"
"7014852",371861,2025-12-02 10:02:09,43.3553848266602,-8.41920852661133,"Unknown"
"7014852",371861,2025-12-02 10:12:09,43.3582229614258,-8.41603374481201,"Unknown"
"7014852",371861,2025-12-02 10:22:19,43.3553657531738,-8.41917514801025,"Unknown"
"7014852",371861,2025-12-02 10:32:33,43.3553657531738,-8.41913509368896,"Unknown"
"7014852",371861,2025-12-02 10:42:10,43.3554229736328,-8.41915225982666,"Unknown"
"7014852",371861,2025-12-02 10:52:11,43.3553428649902,-8.4191370010376,"Unknown"
"7014852",371861,2025-12-02 11:02:09,43.3553810119629,-8.41922283172607,"Unknown"
"7014852",371861,2025-12-02 11:12:10,43.355354309082,-8.41908740997314,"Unknown"
"7014852",371861,2025-12-02 11:22:09,43.3534202575684,-8.4017219543457,"Unknown"
"7014852",371861,2025-12-02 11:32:09,43.3534088134766,-8.40176868438721,"Unknown"
"7014852",371861,2025-12-02 11:42:09,43.3535346984863,-8.40159034729004,"Unknown"
"7014852",371861,2025-12-02 11:52:10,43.3534660339355,-8.40160274505615,"Unknown"
"7014852",371861,2025-12-02 12:02:09,43.3597297668457,-8.39732074737549,"Unknown"
"7014852",371861,2025-12-02 12:12:12,43.3597717285156,-8.39729404449463,"Unknown"
"7014852",371861,2025-12-02 12:22:09,43.3597412109375,-8.39730072021484,"Unknown"
"7014852",371861,2025-12-02 12:32:31,43.3597679138184,-8.39727210998535,"Unknown"
"7014852",371861,2025-12-02 12:42:10,43.3547668457031,-8.39727020263672,"Unknown"
"7014852",371861,2025-12-02 12:52:09,43.3535194396973,-8.40101528167725,"Unknown"
"7014852",371861,2025-12-02 13:02:13,43.3535766601562,-8.40103149414062,"Unknown"
"7014852",371861,2025-12-02 13:12:11,43.3537483215332,-8.4011869430542,"Unknown"
"7014852",371861,2025-12-02 13:22:13,43.3535766601562,-8.40107917785645,"Unknown"
"7014852",371861,2025-12-02 13:32:11,43.353759765625,-8.40119934082031,"Unknown"
"7014852",371861,2025-12-02 13:42:19,43.3535194396973,-8.40088653564453,"Unknown"
"7014852",371861,2025-12-02 13:52:19,43.3535194396973,-8.40086555480957,"Unknown"
"7014852",371861,2025-12-02 14:02:17,43.3535003662109,-8.40089321136475,"Unknown"
"7014852",371861,2025-12-02 14:12:44,43.3535652160645,-8.40087127685547,"Unknown"
"7014852",371861,2025-12-02 14:23:01,43.3422088623047,-8.40647315979004,"Unknown"
"7014852",371861,2025-12-02 14:32:12,43.349250793457,-8.40669059753418,"Unknown"
"7014852",371861,2025-12-02 14:42:17,43.3480453491211,-8.40727710723877,"Unknown"
"7014852",371861,2025-12-02 14:52:35,43.3534202575684,-8.40179061889648,"Unknown"
"7014852",371861,2025-12-02 15:02:10,43.3532867431641,-8.40156173706055,"Unknown"
"7014852",371861,2025-12-02 15:12:14,43.3534622192383,-8.40165901184082,"Unknown"
"7014852",371861,2025-12-02 15:22:10,43.3534202575684,-8.40172004699707,"Unknown"
"7014852",371861,2025-12-02 15:32:18,43.3424034118652,-8.4046106338501,"Unknown"
"7014852",371861,2025-12-02 15:42:12,43.3537292480469,-8.40203475952148,"Unknown"
"7014852",371861,2025-12-02 15:52:19,43.353443145752,-8.40170669555664,"Unknown"
"7014852",371861,2025-12-02 16:02:19,43.3533897399902,-8.40185356140137,"Unknown"
"7014852",371861,2025-12-02 16:12:19,43.3532981872559,-8.40174198150635,"Unknown"
"7014852",371861,2025-12-02 16:22:21,43.3535652160645,-8.40167427062988,"Unknown"
"7014852",371861,2025-12-02 16:32:21,43.3535194396973,-8.40169906616211,"Unknown"
"7014852",371861,2025-12-02 16:42:19,43.3539047241211,-8.40118980407715,"Unknown"
"7014852",371861,2025-12-02 16:52:17,43.353759765625,-8.40128326416016,"Unknown"
"7014852",371861,2025-12-02 17:02:18,43.3537101745605,-8.40112781524658,"Unknown"
"7014852",371861,2025-12-02 17:12:19,43.353816986084,-8.4009895324707,"Unknown"
"7014852",371861,2025-12-02 17:22:24,43.3581809997559,-8.39260578155518,"Unknown"
"7014852",371861,2025-12-02 17:32:19,43.3579597473145,-8.3928918838501,"Unknown"
"7014852",371861,2025-12-02 17:40:08,43.3580741882324,-8.3925256729126,"Unknown"
"7014852",371861,2025-12-02 22:40:36,43.3603668212891,-8.40299034118652,"Unknown"
"7014852",371861,2025-12-03 03:40:36,43.3610305786133,-8.40337181091309,"Unknown"
"7014852",371861,2025-12-03 07:53:36,43.3354225158691,-8.42119026184082,"Unknown"
"7014852",371861,2025-12-03 08:03:35,43.3330574035645,-8.42446899414062,"Unknown"
"7014852",371861,2025-12-03 08:13:08,43.3499069213867,-8.4274206161499,"Unknown"
"7014852",371861,2025-12-03 08:23:09,43.3401908874512,-8.45482540130615,"Unknown"
"7014852",371861,2025-12-03 08:33:13,43.3402481079102,-8.45518207550049,"Unknown"
"7014852",371861,2025-12-03 08:43:07,43.3402519226074,-8.45513153076172,"Unknown"
"7014852",371861,2025-12-03 08:53:09,43.3472442626953,-8.43577861785889,"Unknown"
"7014852",371861,2025-12-03 09:03:08,43.3495864868164,-8.42800140380859,"Unknown"
"7014852",371861,2025-12-03 09:13:13,43.3495597839355,-8.42801189422607,"Unknown"
"7014852",371861,2025-12-03 09:23:07,43.3496437072754,-8.42797660827637,"Unknown"
"7014852",371861,2025-12-03 09:33:18,43.3495445251465,-8.42815685272217,"Unknown"
"7014852",371861,2025-12-03 09:43:19,43.3495445251465,-8.42811965942383,"Unknown"
"7014852",371861,2025-12-03 09:53:13,43.349552154541,-8.42815589904785,"Unknown"
"7014852",371861,2025-12-03 10:03:18,43.349494934082,-8.42798805236816,"Unknown"
"7014852",371861,2025-12-03 10:13:19,43.3495750427246,-8.42818641662598,"Unknown"
"7014852",371861,2025-12-03 10:23:35,43.3495979309082,-8.42813682556152,"Unknown"
"7014852",371861,2025-12-03 10:33:07,43.3365173339844,-8.40715312957764,"Unknown"
"7014852",371861,2025-12-03 10:43:07,43.3361587524414,-8.40652084350586,"Unknown"
"7014852",371861,2025-12-03 10:53:08,43.3363494873047,-8.40672588348389,"Unknown"
"7014852",371861,2025-12-03 11:03:06,43.3320159912109,-8.43050861358643,"Unknown"
"7014852",371861,2025-12-03 11:13:06,43.3320960998535,-8.43052291870117,"Unknown"
"7014852",371861,2025-12-03 11:23:06,43.3320388793945,-8.43045139312744,"Unknown"
"7014852",371861,2025-12-03 11:33:06,43.3321380615234,-8.43046569824219,"Unknown"
"7014852",371861,2025-12-03 11:43:11,43.3320198059082,-8.43043613433838,"Unknown"
"7014852",371861,2025-12-03 11:53:35,43.3319892883301,-8.43041038513184,"Unknown"
"7014852",371861,2025-12-03 12:03:10,43.3320274353027,-8.43029117584229,"Unknown"
"7014852",371861,2025-12-03 12:13:06,43.3320236206055,-8.43034362792969,"Unknown"
"7014852",371861,2025-12-03 12:23:06,43.3319854736328,-8.4304084777832,"Unknown"
"7014852",371861,2025-12-03 12:33:15,43.3319625854492,-8.43016719818115,"Unknown"
"7014852",371861,2025-12-03 12:43:08,43.3318176269531,-8.4304027557373,"Unknown"
"7014852",371861,2025-12-03 12:53:09,43.3339691162109,-8.45523834228516,"Unknown"
"7014852",371861,2025-12-03 13:03:32,43.3228073120117,-8.49243545532227,"Unknown"
"7014852",371861,2025-12-03 13:13:27,43.3038368225098,-8.51631832122803,"Unknown"
"7014852",371861,2025-12-03 13:23:35,43.3270263671875,-8.51359748840332,"Unknown"
"7014852",371861,2025-12-03 13:33:09,43.3268737792969,-8.5120153427124,"Unknown"
"7014852",371861,2025-12-03 13:43:08,43.3342170715332,-8.49470996856689,"Unknown"
"7014852",371861,2025-12-03 13:54:05,43.3544998168945,-8.45821189880371,"Unknown"
"7014852",371861,2025-12-03 14:03:18,43.3544464111328,-8.4583625793457,"Unknown"
"7014852",371861,2025-12-03 14:13:29,43.3542823791504,-8.45833587646484,"Unknown"
"7014852",371861,2025-12-03 14:23:59,43.3543472290039,-8.45846176147461,"Unknown"
"7014852",371861,2025-12-03 14:33:10,43.3581466674805,-8.44760131835938,"Unknown"
"7014852",371861,2025-12-03 14:43:32,43.3534240722656,-8.42425537109375,"Unknown"
"7014852",371861,2025-12-03 14:53:07,43.3533477783203,-8.42439079284668,"Unknown"
"7014852",371861,2025-12-03 15:03:06,43.3498458862305,-8.42821407318115,"Unknown"
"7014852",371861,2025-12-03 15:13:06,43.3497276306152,-8.42775726318359,"Unknown"
"7014852",371861,2025-12-03 15:23:06,43.3496398925781,-8.42816162109375,"Unknown"
"7014852",371861,2025-12-03 15:33:07,43.3495941162109,-8.42813587188721,"Unknown"
"7014852",371861,2025-12-03 15:43:07,43.3495750427246,-8.42809963226318,"Unknown"
"7014852",371861,2025-12-03 15:53:08,43.3494873046875,-8.42802238464355,"Unknown"
"7014852",371861,2025-12-03 16:03:08,43.349536895752,-8.42807292938232,"Unknown"
"7014852",371861,2025-12-03 16:13:09,43.3497695922852,-8.42816829681396,"Unknown"
"7014852",371861,2025-12-03 16:23:09,43.3498611450195,-8.42848491668701,"Unknown"
"7014852",371861,2025-12-03 16:33:08,43.3496322631836,-8.42832565307617,"Unknown"
"7014852",371861,2025-12-03 16:43:07,43.3496437072754,-8.42830467224121,"Unknown"
"7014852",371861,2025-12-03 16:53:09,43.3501777648926,-8.40414619445801,"Unknown"
"7014852",371861,2025-12-03 17:03:08,43.3578720092773,-8.39429092407227,"Unknown"
"7014852",371861,2025-12-03 17:13:35,43.3586082458496,-8.39475345611572,"Unknown"
"7014852",371861,2025-12-03 17:23:06,43.3585586547852,-8.39478397369385,"Unknown"
"7014852",371861,2025-12-03 17:33:06,43.3584327697754,-8.39485263824463,"Unknown"
"7014852",371861,2025-12-03 17:40:05,43.3585319519043,-8.39470958709717,"Unknown"
"7014852",371861,2025-12-03 22:40:35,43.3590812683105,-8.39877796173096,"Unknown"
"7014852",371861,2025-12-04 03:40:35,43.3606224060059,-8.40289688110352,"Unknown"
"7014852",371861,2025-12-04 07:54:36,43.3341331481934,-8.4125862121582,"Unknown"
"7014852",371861,2025-12-04 08:04:36,43.3360786437988,-8.42116451263428,"Unknown"
"7014852",371861,2025-12-04 08:14:15,43.3337821960449,-8.42246055603027,"Unknown"
"7014852",371861,2025-12-04 08:24:16,43.3318977355957,-8.43077278137207,"Unknown"
"7014852",371861,2025-12-04 08:34:22,43.3320350646973,-8.43034934997559,"Unknown"
"7014852",371861,2025-12-04 08:44:15,43.3319358825684,-8.43059062957764,"Unknown"
"7014852",371861,2025-12-04 08:54:15,43.3323402404785,-8.42718410491943,"Unknown"
"7014852",371861,2025-12-04 09:04:14,43.3331298828125,-8.42418670654297,"Unknown"
"7014852",371861,2025-12-04 09:14:16,43.3330001831055,-8.42422962188721,"Unknown"
"7014852",371861,2025-12-04 09:24:36,43.3331756591797,-8.42440986633301,"Unknown"
"7014852",371861,2025-12-04 09:34:35,43.3331108093262,-8.42442035675049,"Unknown"
"7014852",371861,2025-12-04 09:44:15,43.332706451416,-8.42715167999268,"Unknown"
"7014852",371861,2025-12-04 09:54:14,43.3320388793945,-8.43040370941162,"Unknown"
"7014852",371861,2025-12-04 10:04:15,43.3492736816406,-8.42336559295654,"Unknown"
"7014852",371861,2025-12-04 10:14:14,43.3496894836426,-8.42862415313721,"Unknown"
"7014852",371861,2025-12-04 10:24:15,43.3457946777344,-8.43537616729736,"Unknown"
"7014852",371861,2025-12-04 10:34:17,43.3637504577637,-8.45780754089355,"Unknown"
"7014852",371861,2025-12-04 10:44:24,43.3656387329102,-8.42763137817383,"Unknown"
"7014852",371861,2025-12-04 10:54:18,43.3659172058105,-8.42722988128662,"Unknown"
"7014852",371861,2025-12-04 11:04:16,43.3658561706543,-8.42723655700684,"Unknown"
"7014852",371861,2025-12-04 11:14:16,43.3586883544922,-8.42258739471436,"Unknown"
"7014852",371861,2025-12-04 11:24:21,43.3534545898438,-8.4252872467041,"Unknown"
"7014852",371861,2025-12-04 11:34:16,43.3532104492188,-8.42538166046143,"Unknown"
"7014852",371861,2025-12-04 11:44:35,43.3535575866699,-8.42580413818359,"Unknown"
"7014852",371861,2025-12-04 11:54:14,43.3535537719727,-8.4254207611084,"Unknown"
"7014852",371861,2025-12-04 12:04:18,43.353271484375,-8.42529773712158,"Unknown"
"7014852",371861,2025-12-04 12:14:16,43.3532447814941,-8.42517757415771,"Unknown"
"7014852",371861,2025-12-04 12:24:16,43.3531837463379,-8.42494773864746,"Unknown"
"7014852",371861,2025-12-04 12:34:14,43.3532295227051,-8.42519950866699,"Unknown"
"7014852",371861,2025-12-04 12:44:17,43.3532791137695,-8.4252405166626,"Unknown"
"7014852",371861,2025-12-04 12:54:15,43.3484001159668,-8.41867733001709,"Unknown"
"7014852",371861,2025-12-04 13:04:42,43.3420715332031,-8.40976047515869,"Unknown"
"7014852",371861,2025-12-04 13:14:14,43.3416519165039,-8.40672397613525,"Unknown"
"7014852",371861,2025-12-04 13:24:16,43.3533897399902,-8.42519569396973,"Unknown"
"7014852",371861,2025-12-04 13:34:17,43.3534164428711,-8.42529773712158,"Unknown"
"7014852",371861,2025-12-04 13:44:17,43.3534317016602,-8.42527008056641,"Unknown"
"7014852",371861,2025-12-04 13:54:27,43.3533897399902,-8.42514705657959,"Unknown"
"7014852",371861,2025-12-04 14:04:35,43.3533020019531,-8.42521286010742,"Unknown"
"7014852",371861,2025-12-04 14:14:24,43.3343315124512,-8.41280555725098,"Unknown"
"7014852",371861,2025-12-04 14:24:29,43.3352317810059,-8.41238975524902,"Unknown"
"7014852",371861,2025-12-04 14:34:41,43.3346557617188,-8.41247463226318,"Unknown"
"7014852",371861,2025-12-04 14:44:25,43.3345832824707,-8.41163635253906,"Unknown"
"7014852",371861,2025-12-04 14:54:24,43.3341789245605,-8.41150093078613,"Unknown"
"7014852",371861,2025-12-04 15:04:24,43.3343391418457,-8.41180992126465,"Unknown"
"7014852",371861,2025-12-04 15:14:23,43.3342742919922,-8.41234493255615,"Unknown"
"7014852",371861,2025-12-04 15:24:23,43.3437652587891,-8.40668296813965,"Unknown"
"7014852",371861,2025-12-04 15:45:35,43.3423500061035,-8.40460109710693,"Unknown"
"7014852",371861,2025-12-04 15:54:15,43.3432006835938,-8.40419483184814,"Unknown"
"7014852",371861,2025-12-04 16:04:16,43.3393211364746,-8.40091419219971,"Unknown"
"7014852",371861,2025-12-04 16:14:24,43.3391494750977,-8.40106391906738,"Unknown"
"7014852",371861,2025-12-04 16:24:22,43.3438301086426,-8.40600967407227,"Unknown"
"7014852",371861,2025-12-04 16:34:15,43.3608474731445,-8.40318775177002,"Unknown"
"7014852",371861,2025-12-04 16:44:31,43.3607330322266,-8.40304565429688,"Unknown"
"7014852",371861,2025-12-04 16:54:15,43.3609352111816,-8.40317535400391,"Unknown"
"7014852",371861,2025-12-04 17:04:18,43.3608322143555,-8.4032154083252,"Unknown"
"7014852",371861,2025-12-04 17:14:14,43.3607788085938,-8.40322589874268,"Unknown"
"7014852",371861,2025-12-04 17:24:15,43.3607215881348,-8.40305614471436,"Unknown"
"7014852",371861,2025-12-04 17:34:19,43.360710144043,-8.40300273895264,"Unknown"
"7014852",371861,2025-12-04 17:39:52,43.3607063293457,-8.40309619903564,"Unknown"
"7014852",371861,2025-12-04 22:40:16,43.3613510131836,-8.40336894989014,"Unknown"
"7014852",371861,2025-12-05 03:40:24,43.3612937927246,-8.40342330932617,"Unknown"
"7014852",371861,2025-12-05 08:16:05,43.3329200744629,-8.41162395477295,"Unknown"
"7014852",371861,2025-12-05 08:25:35,43.3346939086914,-8.42315196990967,"Unknown"
"7014852",371861,2025-12-05 08:35:30,43.3397026062012,-8.45475387573242,"Unknown"
"7014852",371861,2025-12-05 08:45:44,43.3495559692383,-8.42800521850586,"Unknown"
"7014852",371861,2025-12-05 08:55:22,43.3494758605957,-8.42791080474854,"Unknown"
"7014852",371861,2025-12-05 09:05:21,43.3494338989258,-8.42780590057373,"Unknown"
"7014852",371861,2025-12-05 09:15:21,43.349437713623,-8.42772102355957,"Unknown"
"7014852",371861,2025-12-05 09:25:20,43.3494758605957,-8.42783737182617,"Unknown"
"7014852",371861,2025-12-05 09:35:45,43.3320350646973,-8.43041038513184,"Unknown"
"7014852",371861,2025-12-05 09:45:19,43.3321418762207,-8.43048667907715,"Unknown"
"7014852",371861,2025-12-05 09:55:24,43.3320198059082,-8.43023204803467,"Unknown"
"7014852",371861,2025-12-05 10:05:21,43.332145690918,-8.43059921264648,"Unknown"
"7014852",371861,2025-12-05 10:15:25,43.3320617675781,-8.43037986755371,"Unknown"
"7014852",371861,2025-12-05 10:25:53,43.3321228027344,-8.43034934997559,"Unknown"
"7014852",371861,2025-12-05 10:35:19,43.3280601501465,-8.46969413757324,"Unknown"
"7014852",371861,2025-12-05 10:45:20,43.2898559570312,-8.48820114135742,"Unknown"
"7014852",371861,2025-12-05 10:55:19,43.2527046203613,-8.46244621276855,"Unknown"
"7014852",371861,2025-12-05 11:05:20,43.2099266052246,-8.46844863891602,"Unknown"
"7014852",371861,2025-12-05 11:15:20,43.1767311096191,-8.47620582580566,"Unknown"
"7014852",371861,2025-12-05 11:25:20,43.1769180297852,-8.47533226013184,"Unknown"
"7014852",371861,2025-12-05 11:35:19,43.1400337219238,-8.47238636016846,"Unknown"
"7014852",371861,2025-12-05 11:45:20,43.1315727233887,-8.47295093536377,"Unknown"
"7014852",371861,2025-12-05 11:55:19,43.1322326660156,-8.46811866760254,"Unknown"
"7014852",371861,2025-12-05 12:05:21,43.1300392150879,-8.46934509277344,"Unknown"
"7014852",371861,2025-12-05 12:15:20,43.1298675537109,-8.46757793426514,"Unknown"
"7014852",371861,2025-12-05 12:25:38,43.129711151123,-8.46840286254883,"Unknown"
"7014852",371861,2025-12-05 12:35:32,43.1290702819824,-8.47011470794678,"Unknown"
"7014852",371861,2025-12-05 12:45:32,43.1290321350098,-8.47000789642334,"Unknown"
"7014852",371861,2025-12-05 12:55:33,43.1296043395996,-8.46981143951416,"Unknown"
"7014852",371861,2025-12-05 13:05:33,43.1294174194336,-8.47126579284668,"Unknown"
"7014852",371861,2025-12-05 13:15:45,43.1297912597656,-8.46983432769775,"Unknown"
"7014852",371861,2025-12-05 13:25:29,43.1304054260254,-8.47080039978027,"Unknown"
"7014852",371861,2025-12-05 13:36:12,43.130241394043,-8.46840667724609,"Unknown"
"7014852",371861,2025-12-05 13:45:33,43.1299362182617,-8.46935749053955,"Unknown"
"7014852",371861,2025-12-05 13:55:22,43.1306533813477,-8.47097778320312,"Unknown"
"7014852",371861,2025-12-05 14:05:23,43.1305885314941,-8.4710807800293,"Unknown"
"7014852",371861,2025-12-05 14:15:22,43.1294326782227,-8.46927070617676,"Unknown"
"7014852",371861,2025-12-05 14:25:42,43.1298599243164,-8.47007942199707,"Unknown"
"7014852",371861,2025-12-05 14:35:44,43.1297798156738,-8.46997356414795,"Unknown"
"7014852",371861,2025-12-05 14:45:20,43.1296920776367,-8.46996879577637,"Unknown"
"7014852",371861,2025-12-05 14:55:21,43.131462097168,-8.47071170806885,"Unknown"
"7014852",371861,2025-12-05 15:05:24,43.1896820068359,-8.45995235443115,"Unknown"
"7014852",371861,2025-12-05 15:15:21,43.2658271789551,-8.41947078704834,"Unknown"
"7014852",371861,2025-12-05 15:25:25,43.3320503234863,-8.39804935455322,"Unknown"
"7014852",371861,2025-12-05 15:35:53,43.3362693786621,-8.40661430358887,"Unknown"
"7014852",371861,2025-12-05 15:45:23,43.3363304138184,-8.40684413909912,"Unknown"
"7014852",371861,2025-12-05 15:55:23,43.3362770080566,-8.40669727325439,"Unknown"
"7014852",371861,2025-12-05 16:05:19,43.3364219665527,-8.40682506561279,"Unknown"
"7014852",371861,2025-12-05 16:15:24,43.3361587524414,-8.40626621246338,"Unknown"
"7014852",371861,2025-12-05 16:25:37,43.3362350463867,-8.4069881439209,"Unknown"
"7014852",371861,2025-12-05 16:35:44,43.3363761901855,-8.40668296813965,"Unknown"
"7014852",371861,2025-12-05 16:45:26,43.357852935791,-8.39127445220947,"Unknown"
"7014852",371861,2025-12-05 16:55:22,43.357479095459,-8.39234352111816,"Unknown"
"7014852",371861,2025-12-05 17:05:25,43.3576164245605,-8.39190578460693,"Unknown"
"7014852",371861,2025-12-05 17:15:31,43.3581161499023,-8.39187526702881,"Unknown"
"7014852",371861,2025-12-05 17:25:23,43.3579368591309,-8.39241218566895,"Unknown"
"7014852",371861,2025-12-05 17:35:45,43.3581275939941,-8.3920783996582,"Unknown"
"7014852",371861,2025-12-05 17:39:21,43.3579444885254,-8.39260482788086,"Unknown"
"7014853",371857,2025-06-05 16:17:34,43.3592948913574,-8.84238910675049,"Unknown"
"7014853",371857,2025-06-05 18:16:44,43.3591537475586,-8.84687328338623,"Unknown"
"7014853",371857,2025-06-05 20:16:39,43.3591079711914,-8.8433952331543,"Unknown"
"7014853",371857,2025-06-05 20:58:09,43.3591537475586,-8.84633159637451,"Unknown"
"7014853",371857,2025-06-06 01:58:15,43.3580017089844,-8.84447193145752,"Unknown"
"7014853",371857,2025-06-06 05:01:38,43.3146820068359,-8.85697460174561,"Unknown"
"7014853",371857,2025-06-06 07:01:33,43.314510345459,-8.85714340209961,"Unknown"
"7014853",371857,2025-06-06 09:01:31,43.343563079834,-8.82236194610596,"Unknown"
"7014853",371857,2025-06-06 11:01:39,43.3567047119141,-8.83503818511963,"Unknown"
"7014853",371857,2025-06-06 13:01:41,43.3596038818359,-8.84710693359375,"Unknown"
"7014853",371857,2025-06-06 15:01:33,43.3594932556152,-8.8433666229248,"Unknown"
"7014853",371857,2025-06-06 15:31:33,43.3595123291016,-8.84343242645264,"Unknown"
"7014853",371857,2025-06-06 16:01:33,43.3594360351562,-8.84340953826904,"Unknown"
"7014853",371857,2025-06-06 16:31:37,43.3593635559082,-8.84344577789307,"Unknown"
"7014853",371857,2025-06-06 17:01:33,43.3593826293945,-8.84370231628418,"Unknown"
"7014853",371857,2025-06-06 17:31:34,43.3504447937012,-8.83939266204834,"Unknown"
"7014853",371857,2025-06-06 18:01:32,43.3151550292969,-8.85680866241455,"Unknown"
"7014853",371857,2025-06-06 18:31:37,43.3567390441895,-8.83405780792236,"Unknown"
"7014853",371857,2025-06-06 19:01:36,43.359447479248,-8.84670543670654,"Unknown"
"7014853",371857,2025-06-06 19:31:44,43.356330871582,-8.83396434783936,"Unknown"
"7014853",371857,2025-06-06 20:01:46,43.3582496643066,-8.84562587738037,"Unknown"
"7014853",371857,2025-06-06 20:31:43,43.3598098754883,-8.84687900543213,"Unknown"
"7014853",371857,2025-06-06 20:58:47,43.3590049743652,-8.84114551544189,"Unknown"
"7014853",371857,2025-06-07 01:59:05,43.3592147827148,-8.84348964691162,"Unknown"
"7014853",371857,2025-06-07 05:02:10,43.3559303283691,-8.84508609771729,"Unknown"
"7014853",371857,2025-06-07 05:31:35,43.3149375915527,-8.85711288452148,"Unknown"
"7014853",371857,2025-06-07 06:01:24,43.3143310546875,-8.85665130615234,"Unknown"
"7014853",371857,2025-06-07 06:31:18,43.3194427490234,-8.84582138061523,"Unknown"
"7014853",371857,2025-06-07 07:01:30,43.3194274902344,-8.84587955474854,"Unknown"
"7014853",371857,2025-06-07 07:31:24,43.3596458435059,-8.84449100494385,"Unknown"
"7014853",371857,2025-06-07 08:01:35,43.3591384887695,-8.84346103668213,"Unknown"
"7014853",371857,2025-06-07 08:31:21,43.3594284057617,-8.84373378753662,"Unknown"
"7014853",371857,2025-06-07 09:01:24,43.3593940734863,-8.84329032897949,"Unknown"
"7014853",371857,2025-06-07 09:31:44,43.3591423034668,-8.8435640335083,"Unknown"
"7014853",371857,2025-06-07 10:01:17,43.3591766357422,-8.84358692169189,"Unknown"
"7014853",371857,2025-06-07 10:31:24,43.3595008850098,-8.84331607818604,"Unknown"
"7014853",371857,2025-06-07 11:01:26,43.3594818115234,-8.84316539764404,"Unknown"
"7014853",371857,2025-06-07 11:31:38,43.3593444824219,-8.84401226043701,"Unknown"
"7014853",371857,2025-06-07 12:01:24,43.3593864440918,-8.84414386749268,"Unknown"
"7014853",371857,2025-06-07 12:31:44,43.3592376708984,-8.84347152709961,"Unknown"
"7014853",371857,2025-06-07 13:01:19,43.359203338623,-8.84349632263184,"Unknown"
"7014853",371857,2025-06-07 13:31:26,43.3593521118164,-8.84310340881348,"Unknown"
"7014853",371857,2025-06-07 14:01:20,43.3592872619629,-8.84340667724609,"Unknown"
"7014853",371857,2025-06-07 14:31:22,43.3594207763672,-8.84310436248779,"Unknown"
"7014853",371857,2025-06-07 15:01:23,43.3594131469727,-8.8432445526123,"Unknown"
"7014853",371857,2025-06-07 15:31:25,43.3590202331543,-8.84330368041992,"Unknown"
"7014853",371857,2025-06-07 16:01:22,43.3591957092285,-8.84341144561768,"Unknown"
"7014853",371857,2025-06-07 16:31:35,43.3593902587891,-8.8436336517334,"Unknown"
"7014853",371857,2025-06-07 17:01:44,43.3592262268066,-8.84347724914551,"Unknown"
"7014853",371857,2025-06-07 17:31:21,43.3588714599609,-8.84290218353271,"Unknown"
"7014853",371857,2025-06-07 17:41:23,43.359375,-8.84374046325684,"Unknown"
"7014853",371857,2025-06-07 17:51:44,43.3524589538574,-8.84475708007812,"Unknown"
"7014853",371857,2025-06-07 18:01:21,43.3275718688965,-8.85513210296631,"Unknown"
"7014853",371857,2025-06-07 18:11:21,43.3141555786133,-8.85700035095215,"Unknown"
"7014853",371857,2025-06-07 18:21:19,43.3277435302734,-8.85545349121094,"Unknown"
"7014853",371857,2025-06-07 18:31:21,43.3607482910156,-8.83476448059082,"Unknown"
"7014853",371857,2025-06-07 18:41:24,43.3600120544434,-8.8436803817749,"Unknown"
"7014853",371857,2025-06-07 18:51:44,43.3591804504395,-8.84352493286133,"Unknown"
"7014853",371857,2025-06-07 19:01:17,43.3591499328613,-8.84361743927002,"Unknown"
"7014853",371857,2025-06-07 19:11:18,43.3592491149902,-8.84353733062744,"Unknown"
"7014853",371857,2025-06-07 19:21:18,43.3591499328613,-8.84362411499023,"Unknown"
"7014853",371857,2025-06-07 19:31:25,43.3591613769531,-8.84356689453125,"Unknown"
"7014853",371857,2025-06-07 19:41:18,43.3703117370605,-8.86719799041748,"Unknown"
"7014853",371857,2025-06-07 19:51:44,43.3736305236816,-8.8909387588501,"Unknown"
"7014853",371857,2025-06-07 20:01:22,43.3744010925293,-8.90706253051758,"Unknown"
"7014853",371857,2025-06-07 20:11:20,43.3453407287598,-8.86627674102783,"Unknown"
"7014853",371857,2025-06-07 20:21:44,43.3592643737793,-8.84317874908447,"Unknown"
"7014853",371857,2025-06-07 20:31:22,43.3592758178711,-8.84351921081543,"Unknown"
"7014853",371857,2025-06-07 20:41:31,43.3591918945312,-8.84346675872803,"Unknown"
"7014853",371857,2025-06-07 20:51:44,43.3592224121094,-8.843337059021,"Unknown"
"7014853",371857,2025-06-07 20:59:23,43.3589859008789,-8.84367561340332,"Unknown"
"7014853",371857,2025-06-08 01:59:16,43.3595390319824,-8.84364891052246,"Unknown"
"7014853",371857,2025-06-08 05:00:56,43.3247451782227,-8.89760303497314,"Unknown"
"7014853",371857,2025-06-08 05:20:58,43.3144302368164,-8.85692691802979,"Unknown"
"7014853",371857,2025-06-08 05:30:57,43.3144836425781,-8.85678291320801,"Unknown"
"7014853",371857,2025-06-08 05:41:06,43.319450378418,-8.84592914581299,"Unknown"
"7014853",371857,2025-06-08 05:50:57,43.3191871643066,-8.84610652923584,"Unknown"
"7014853",371857,2025-06-08 06:00:58,43.3192291259766,-8.84600448608398,"Unknown"
"7014853",371857,2025-06-08 06:10:56,43.3401184082031,-8.84416007995605,"Unknown"
"7014853",371857,2025-06-08 06:20:58,43.3591651916504,-8.84338665008545,"Unknown"
"7014853",371857,2025-06-08 06:30:56,43.3591423034668,-8.84342956542969,"Unknown"
"7014853",371857,2025-06-08 06:40:58,43.3590431213379,-8.8432502746582,"Unknown"
"7014853",371857,2025-06-08 06:50:58,43.3591346740723,-8.84336853027344,"Unknown"
"7014853",371857,2025-06-08 07:01:00,43.3592796325684,-8.84337329864502,"Unknown"
"7014853",371857,2025-06-08 07:11:00,43.3593406677246,-8.84348773956299,"Unknown"
"7014853",371857,2025-06-08 07:21:00,43.3592185974121,-8.84340763092041,"Unknown"
"7014853",371857,2025-06-08 07:31:06,43.3594818115234,-8.84354972839355,"Unknown"
"7014853",371857,2025-06-08 07:41:00,43.3597068786621,-8.84379482269287,"Unknown"
"7014853",371857,2025-06-08 07:51:14,43.3591194152832,-8.84339904785156,"Unknown"
"7014853",371857,2025-06-08 08:00:56,43.3591423034668,-8.8434534072876,"Unknown"
"7014853",371857,2025-06-08 08:10:57,43.3593292236328,-8.84390926361084,"Unknown"
"7014853",371857,2025-06-08 08:20:56,43.359302520752,-8.84359550476074,"Unknown"
"7014853",371857,2025-06-08 08:30:56,43.3592376708984,-8.84395217895508,"Unknown"
"7014853",371857,2025-06-08 08:41:29,43.3591690063477,-8.84367847442627,"Unknown"
"7014853",371857,2025-06-08 08:50:56,43.3591728210449,-8.84350109100342,"Unknown"
"7014853",371857,2025-06-08 09:00:56,43.3591804504395,-8.84356021881104,"Unknown"
"7014853",371857,2025-06-08 09:10:55,43.3592643737793,-8.84347248077393,"Unknown"
"7014853",371857,2025-06-08 09:20:56,43.3591270446777,-8.84355068206787,"Unknown"
"7014853",371857,2025-06-08 09:31:14,43.3591842651367,-8.84354305267334,"Unknown"
"7014853",371857,2025-06-08 09:40:56,43.3591918945312,-8.84350109100342,"Unknown"
"7014853",371857,2025-06-08 09:50:56,43.3590545654297,-8.84351825714111,"Unknown"
"7014853",371857,2025-06-08 10:00:56,43.3591156005859,-8.8435525894165,"Unknown"
"7014853",371857,2025-06-08 10:10:57,43.3591270446777,-8.8435115814209,"Unknown"
"7014853",371857,2025-06-08 10:21:14,43.3591270446777,-8.84351444244385,"Unknown"
"7014853",371857,2025-06-08 10:30:58,43.3591384887695,-8.84351062774658,"Unknown"
"7014853",371857,2025-06-08 10:41:29,43.3592376708984,-8.84353923797607,"Unknown"
"7014853",371857,2025-06-08 10:50:56,43.3591957092285,-8.84356880187988,"Unknown"
"7014853",371857,2025-06-08 11:00:56,43.3594093322754,-8.84382820129395,"Unknown"
"7014853",371857,2025-06-08 11:10:56,43.3593940734863,-8.84389400482178,"Unknown"
"7014853",371857,2025-06-08 11:20:57,43.3597106933594,-8.84365081787109,"Unknown"
"7014853",371857,2025-06-08 11:30:57,43.359676361084,-8.84316444396973,"Unknown"
"7014853",371857,2025-06-08 11:40:56,43.3595428466797,-8.8432092666626,"Unknown"
"7014853",371857,2025-06-08 11:50:58,43.3595237731934,-8.84307956695557,"Unknown"
"7014853",371857,2025-06-08 12:01:00,43.3593139648438,-8.84378528594971,"Unknown"
"7014853",371857,2025-06-08 12:11:06,43.3594627380371,-8.84296131134033,"Unknown"
"7014853",371857,2025-06-08 12:21:06,43.3594131469727,-8.84294033050537,"Unknown"
"7014853",371857,2025-06-08 12:31:06,43.3595199584961,-8.8428840637207,"Unknown"
"7014853",371857,2025-06-08 12:41:06,43.3594131469727,-8.8429536819458,"Unknown"
"7014853",371857,2025-06-08 12:51:26,43.3592414855957,-8.84328746795654,"Unknown"
"7014853",371857,2025-06-08 13:00:59,43.3591918945312,-8.84349346160889,"Unknown"
"7014853",371857,2025-06-08 13:11:01,43.3591766357422,-8.84347534179688,"Unknown"
"7014853",371857,2025-06-08 13:15:57,43.3618659973145,-8.84317874908447,"Unknown"
"7014853",371857,2025-06-08 13:20:56,43.3653945922852,-8.84856796264648,"Unknown"
"7014853",371857,2025-06-08 13:25:57,43.3568992614746,-8.8441915512085,"Unknown"
"7014853",371857,2025-06-08 13:30:56,43.3304557800293,-8.82887744903564,"Unknown"
"7014853",371857,2025-06-08 13:35:57,43.3287200927734,-8.82303810119629,"Unknown"
"7014853",371857,2025-06-08 13:40:57,43.3214874267578,-8.80838871002197,"Unknown"
"7014853",371857,2025-06-08 13:50:57,43.3002548217773,-8.75407981872559,"Unknown"
"7014853",371857,2025-06-08 13:55:57,43.2956962585449,-8.75050258636475,"Unknown"
"7014853",371857,2025-06-08 14:00:57,43.3021507263184,-8.77983379364014,"Unknown"
"7014853",371857,2025-06-08 14:05:56,43.3082160949707,-8.79464817047119,"Unknown"
"7014853",371857,2025-06-08 14:10:56,43.322380065918,-8.81435394287109,"Unknown"
"7014853",371857,2025-06-08 14:15:57,43.3396453857422,-8.82927131652832,"Unknown"
"7014853",371857,2025-06-08 14:21:08,43.3556137084961,-8.84721183776855,"Unknown"
"7014853",371857,2025-06-08 14:25:57,43.3593444824219,-8.84330368041992,"Unknown"
"7014853",371857,2025-06-08 14:30:59,43.3593902587891,-8.84293270111084,"Unknown"
"7014853",371857,2025-06-08 14:35:56,43.3592109680176,-8.84329605102539,"Unknown"
"7014853",371857,2025-06-08 14:40:56,43.3591728210449,-8.84325122833252,"Unknown"
"7014853",371857,2025-06-08 14:46:04,43.3594055175781,-8.84346866607666,"Unknown"
"7014853",371857,2025-06-08 14:50:58,43.3618392944336,-8.83822631835938,"Unknown"
"7014853",371857,2025-06-08 14:56:01,43.37353515625,-8.8413143157959,"Unknown"
"7014853",371857,2025-06-08 15:00:59,43.3949394226074,-8.84251022338867,"Unknown"
"7014853",371857,2025-06-08 15:05:58,43.415096282959,-8.84171581268311,"Unknown"
"7014853",371857,2025-06-08 15:11:04,43.4338722229004,-8.83053874969482,"Unknown"
"7014853",371857,2025-06-08 15:15:57,43.4394378662109,-8.82572650909424,"Unknown"
"7014853",371857,2025-06-08 15:20:58,43.4607086181641,-8.82424736022949,"Unknown"
"7014853",371857,2025-06-08 15:25:58,43.4809951782227,-8.83143997192383,"Unknown"
"7014853",371857,2025-06-08 15:30:59,43.4996910095215,-8.84773731231689,"Unknown"
"7014853",371857,2025-06-08 15:36:00,43.5214195251465,-8.86134147644043,"Unknown"
"7014853",371857,2025-06-08 15:41:04,43.5419120788574,-8.86090278625488,"Unknown"
"7014853",371857,2025-06-08 15:46:06,43.560131072998,-8.85207271575928,"Unknown"
"7014853",371857,2025-06-08 15:51:04,43.5780715942383,-8.87489986419678,"Unknown"
"7014853",371857,2025-06-08 15:56:00,43.5972023010254,-8.88646125793457,"Unknown"
"7014853",371857,2025-06-08 16:01:59,43.6189002990723,-8.9062032699585,"Unknown"
"7014853",371857,2025-06-08 16:05:59,43.631591796875,-8.91994667053223,"Unknown"
"7014853",371857,2025-06-08 16:10:57,43.6521186828613,-8.91938400268555,"Unknown"
"7014853",371857,2025-06-08 16:15:58,43.6523170471191,-8.91748046875,"Unknown"
"7014853",371857,2025-06-08 16:20:58,43.6523323059082,-8.9182653427124,"Unknown"
"7014853",371857,2025-06-08 16:25:57,43.6533508300781,-8.92003917694092,"Unknown"
"7014853",371857,2025-06-08 16:30:59,43.6539192199707,-8.92086410522461,"Unknown"
"7014853",371857,2025-06-08 16:35:58,43.6538276672363,-8.91784858703613,"Unknown"
"7014853",371857,2025-06-08 16:40:59,43.6542739868164,-8.91887283325195,"Unknown"
"7014853",371857,2025-06-08 16:45:58,43.6389846801758,-8.91024398803711,"Unknown"
"7014853",371857,2025-06-08 16:50:57,43.6202850341797,-8.91516304016113,"Unknown"
"7014853",371857,2025-06-08 16:55:57,43.5783500671387,-8.92610645294189,"Unknown"
"7014853",371857,2025-06-08 17:00:58,43.5746421813965,-8.94274711608887,"Unknown"
"7014853",371857,2025-06-08 17:06:00,43.5741958618164,-8.94362926483154,"Unknown"
"7014853",371857,2025-06-08 17:11:14,43.5360946655273,-8.94776248931885,"Unknown"
"7014853",371857,2025-06-08 17:15:56,43.4909439086914,-8.9509391784668,"Unknown"
"7014853",371857,2025-06-08 17:20:56,43.4459190368652,-8.94018650054932,"Unknown"
"7014853",371857,2025-06-08 17:26:29,43.4037551879883,-8.91792964935303,"Unknown"
"7014853",371857,2025-06-08 17:30:56,43.3716583251953,-8.89900398254395,"Unknown"
"7014853",371857,2025-06-08 17:35:56,43.3369674682617,-8.8753662109375,"Unknown"
"7014853",371857,2025-06-08 17:41:01,43.3133239746094,-8.85517120361328,"Unknown"
"7014853",371857,2025-06-08 17:46:09,43.3142127990723,-8.8568696975708,"Unknown"
"7014853",371857,2025-06-08 17:51:07,43.3141784667969,-8.85680961608887,"Unknown"
"7014853",371857,2025-06-08 17:56:07,43.3142585754395,-8.85674285888672,"Unknown"
"7014853",371857,2025-06-08 18:01:07,43.3142738342285,-8.85684204101562,"Unknown"
"7014853",371857,2025-06-08 18:06:07,43.3142967224121,-8.85684871673584,"Unknown"
"7014853",371857,2025-06-08 18:11:11,43.3142356872559,-8.8569164276123,"Unknown"
"7014853",371857,2025-06-08 18:15:57,43.3189163208008,-8.84724140167236,"Unknown"
"7014853",371857,2025-06-08 18:20:58,43.340518951416,-8.84379863739014,"Unknown"
"7014853",371857,2025-06-08 18:25:56,43.3506927490234,-8.83631801605225,"Unknown"
"7014853",371857,2025-06-08 18:31:01,43.359260559082,-8.84361362457275,"Unknown"
"7014853",371857,2025-06-08 18:35:57,43.359260559082,-8.84367752075195,"Unknown"
"7014853",371857,2025-06-08 18:40:55,43.359317779541,-8.84372138977051,"Unknown"
"7014853",371857,2025-06-08 18:46:14,43.3592147827148,-8.8435525894165,"Unknown"
"7014853",371857,2025-06-08 18:51:06,43.3591461181641,-8.84347820281982,"Unknown"
"7014853",371857,2025-06-08 18:55:57,43.3591384887695,-8.84345722198486,"Unknown"
"7014853",371857,2025-06-08 19:01:05,43.3592109680176,-8.84345436096191,"Unknown"
"7014853",371857,2025-06-08 19:05:56,43.3594589233398,-8.84387493133545,"Unknown"
"7014853",371857,2025-06-08 19:11:06,43.3595733642578,-8.84416675567627,"Unknown"
"7014853",371857,2025-06-08 19:16:06,43.3592529296875,-8.84363079071045,"Unknown"
"7014853",371857,2025-06-08 19:20:59,43.3593368530273,-8.84374904632568,"Unknown"
"7014853",371857,2025-06-08 19:26:08,43.3593788146973,-8.84388542175293,"Unknown"
"7014853",371857,2025-06-08 19:31:20,43.359302520752,-8.84360980987549,"Unknown"
"7014853",371857,2025-06-08 19:36:19,43.3593215942383,-8.84374809265137,"Unknown"
"7014853",371857,2025-06-08 19:41:06,43.3593254089355,-8.84373569488525,"Unknown"
"7014853",371857,2025-06-08 19:46:29,43.3592948913574,-8.84358596801758,"Unknown"
"7014853",371857,2025-06-08 19:50:56,43.3593101501465,-8.84379196166992,"Unknown"
"7014853",371857,2025-06-08 19:56:10,43.359130859375,-8.84357166290283,"Unknown"
"7014853",371857,2025-06-08 20:00:57,43.3592987060547,-8.84370613098145,"Unknown"
"7014853",371857,2025-06-08 20:06:06,43.3591079711914,-8.84349250793457,"Unknown"
"7014853",371857,2025-06-08 20:10:58,43.3591766357422,-8.84360599517822,"Unknown"
"7014853",371857,2025-06-08 20:16:29,43.3591651916504,-8.84352493286133,"Unknown"
"7014853",371857,2025-06-08 20:20:56,43.3591499328613,-8.84352016448975,"Unknown"
"7014853",371857,2025-06-08 20:25:55,43.3592414855957,-8.84352684020996,"Unknown"
"7014853",371857,2025-06-08 20:30:56,43.3597984313965,-8.84353160858154,"Unknown"
"7014853",371857,2025-06-08 20:35:57,43.3608856201172,-8.84800338745117,"Unknown"
"7014853",371857,2025-06-08 20:40:55,43.3592262268066,-8.84355735778809,"Unknown"
"7014853",371857,2025-06-08 20:46:00,43.3592071533203,-8.84356498718262,"Unknown"
"7014853",371857,2025-06-08 20:50:59,43.3591575622559,-8.84360313415527,"Unknown"
"7014853",371857,2025-06-08 20:56:01,43.359188079834,-8.84351348876953,"Unknown"
"7014853",371857,2025-06-08 21:00:23,43.3592224121094,-8.84358787536621,"Unknown"
"7014853",371857,2025-06-09 02:00:59,43.3593864440918,-8.84324645996094,"Unknown"
"7014853",371857,2025-06-09 05:01:05,43.3309135437012,-8.57088088989258,"Unknown"
"7014853",371857,2025-06-09 05:05:46,43.3309631347656,-8.5697660446167,"Unknown"
"7014853",371857,2025-06-09 05:10:51,43.3422584533691,-8.53503704071045,"Unknown"
"7014853",371857,2025-06-09 05:15:47,43.3513946533203,-8.51965999603271,"Unknown"
"7014853",371857,2025-06-09 05:20:49,43.3513832092285,-8.52031898498535,"Unknown"
"7014853",371857,2025-06-09 05:25:47,43.3508491516113,-8.51390838623047,"Unknown"
"7014853",371857,2025-06-09 05:30:48,43.3547782897949,-8.50102806091309,"Unknown"
"7014853",371857,2025-06-09 05:35:48,43.3540458679199,-8.474853515625,"Unknown"
"7014853",371857,2025-06-09 05:40:53,43.3568077087402,-8.45688056945801,"Unknown"
"7014853",371857,2025-06-09 05:45:49,43.3558006286621,-8.4560375213623,"Unknown"
"7014853",371857,2025-06-09 05:50:52,43.3564643859863,-8.4562349319458,"Unknown"
"7014853",371857,2025-06-09 05:55:55,43.3565368652344,-8.45599365234375,"Unknown"
"7014853",371857,2025-06-09 06:00:51,43.3562965393066,-8.45607662200928,"Unknown"
"7014853",371857,2025-06-09 06:05:48,43.3558692932129,-8.45557403564453,"Unknown"
"7014853",371857,2025-06-09 06:11:05,43.3560562133789,-8.45612239837646,"Unknown"
"7014853",371857,2025-06-09 06:16:10,43.3565940856934,-8.4566822052002,"Unknown"
"7014853",371857,2025-06-09 06:21:01,43.3571891784668,-8.45796966552734,"Unknown"
"7014853",371857,2025-06-09 06:26:05,43.3548278808594,-8.45829677581787,"Unknown"
"7014853",371857,2025-06-09 06:30:48,43.3547859191895,-8.4583854675293,"Unknown"
"7014853",371857,2025-06-09 06:35:54,43.3548355102539,-8.45824527740479,"Unknown"
"7014853",371857,2025-06-09 06:40:47,43.3550262451172,-8.4585599899292,"Unknown"
"7014853",371857,2025-06-09 06:45:54,43.3548202514648,-8.45829963684082,"Unknown"
"7014853",371857,2025-06-09 06:50:55,43.3536758422852,-8.45856380462646,"Unknown"
"7014853",371857,2025-06-09 06:56:03,43.3539962768555,-8.45862579345703,"Unknown"
"7014853",371857,2025-06-09 07:00:55,43.3537330627441,-8.45865345001221,"Unknown"
"7014853",371857,2025-06-09 07:05:57,43.3540649414062,-8.45833015441895,"Unknown"
"7014853",371857,2025-06-09 07:10:49,43.3562774658203,-8.45712280273438,"Unknown"
"7014853",371857,2025-06-09 07:15:48,43.356761932373,-8.45754528045654,"Unknown"
"7014853",371857,2025-06-09 07:20:54,43.3561897277832,-8.45723628997803,"Unknown"
"7014853",371857,2025-06-09 07:25:57,43.3561592102051,-8.45728778839111,"Unknown"
"7014853",371857,2025-06-09 07:30:51,43.356315612793,-8.4569730758667,"Unknown"
"7014853",371857,2025-06-09 07:35:51,43.3563194274902,-8.45701789855957,"Unknown"
"7014853",371857,2025-06-09 07:40:54,43.3564605712891,-8.45692157745361,"Unknown"
"7014853",371857,2025-06-09 07:46:02,43.3563270568848,-8.45703983306885,"Unknown"
"7014853",371857,2025-06-09 07:50:45,43.3563499450684,-8.45712375640869,"Unknown"
"7014853",371857,2025-06-09 07:55:47,43.3564262390137,-8.45706367492676,"Unknown"
"7014853",371857,2025-06-09 08:00:46,43.3564109802246,-8.45724964141846,"Unknown"
"7014853",371857,2025-06-09 08:05:46,43.3564300537109,-8.45714855194092,"Unknown"
"7014853",371857,2025-06-09 08:10:49,43.3563385009766,-8.45705413818359,"Unknown"
"7014853",371857,2025-06-09 08:15:46,43.3564987182617,-8.45715713500977,"Unknown"
"7014853",371857,2025-06-09 08:21:05,43.356258392334,-8.45715522766113,"Unknown"
"7014853",371857,2025-06-09 08:25:46,43.3563995361328,-8.45689964294434,"Unknown"
"7014853",371857,2025-06-09 08:30:52,43.356517791748,-8.45705699920654,"Unknown"
"7014853",371857,2025-06-09 08:35:52,43.3563652038574,-8.4572114944458,"Unknown"
"7014853",371857,2025-06-09 08:40:54,43.3567237854004,-8.45721244812012,"Unknown"
"7014853",371857,2025-06-09 08:46:32,43.354118347168,-8.45871448516846,"Unknown"
"7014853",371857,2025-06-09 08:55:48,43.3485870361328,-8.45662689208984,"Unknown"
"7014853",371857,2025-06-09 09:00:46,43.3487548828125,-8.45663166046143,"Unknown"
"7014853",371857,2025-06-09 09:05:45,43.3487854003906,-8.45652770996094,"Unknown"
"7014853",371857,2025-06-09 09:10:47,43.3547630310059,-8.45773410797119,"Unknown"
"7014853",371857,2025-06-09 09:15:54,43.354866027832,-8.45804309844971,"Unknown"
"7014853",371857,2025-06-09 09:20:46,43.3549346923828,-8.45790672302246,"Unknown"
"7014853",371857,2025-06-09 09:25:49,43.3549575805664,-8.45803260803223,"Unknown"
"7014853",371857,2025-06-09 09:31:00,43.3549957275391,-8.4580249786377,"Unknown"
"7014853",371857,2025-06-09 09:35:49,43.3550033569336,-8.45813179016113,"Unknown"
"7014853",371857,2025-06-09 09:40:49,43.3549995422363,-8.45801734924316,"Unknown"
"7014853",371857,2025-06-09 09:45:45,43.3550796508789,-8.45803356170654,"Unknown"
"7014853",371857,2025-06-09 09:50:52,43.35498046875,-8.45805263519287,"Unknown"
"7014853",371857,2025-06-09 09:55:45,43.3549766540527,-8.45804309844971,"Unknown"
"7014853",371857,2025-06-09 10:00:55,43.3425674438477,-8.45258712768555,"Unknown"
"7014853",371857,2025-06-09 10:05:54,43.3408660888672,-8.45256996154785,"Unknown"
"7014853",371857,2025-06-09 10:10:54,43.3407783508301,-8.45277309417725,"Unknown"
"7014853",371857,2025-06-09 10:15:54,43.3403739929199,-8.4534387588501,"Unknown"
"7014853",371857,2025-06-09 10:21:03,43.3404159545898,-8.4532299041748,"Unknown"
"7014853",371857,2025-06-09 10:26:12,43.3587417602539,-8.46262454986572,"Unknown"
"7014853",371857,2025-06-09 10:30:46,43.3586273193359,-8.49368190765381,"Unknown"
"7014853",371857,2025-06-09 10:35:51,43.3548202514648,-8.51552963256836,"Unknown"
"7014853",371857,2025-06-09 10:40:57,43.3544921875,-8.51529216766357,"Unknown"
"7014853",371857,2025-06-09 10:46:05,43.3543090820312,-8.51480102539062,"Unknown"
"7014853",371857,2025-06-09 10:50:51,43.3542137145996,-8.51483058929443,"Unknown"
"7014853",371857,2025-06-09 10:55:48,43.3545227050781,-8.515305519104,"Unknown"
"7014853",371857,2025-06-09 11:00:49,43.3545608520508,-8.51540851593018,"Unknown"
"7014853",371857,2025-06-09 11:05:50,43.3543434143066,-8.51524639129639,"Unknown"
"7014853",371857,2025-06-09 11:10:48,43.3564605712891,-8.51590728759766,"Unknown"
"7014853",371857,2025-06-09 11:15:54,43.3558197021484,-8.51706504821777,"Unknown"
"7014853",371857,2025-06-09 11:20:54,43.3558006286621,-8.51704025268555,"Unknown"
"7014853",371857,2025-06-09 11:25:54,43.3558616638184,-8.51698589324951,"Unknown"
"7014853",371857,2025-06-09 11:30:54,43.3559379577637,-8.51700878143311,"Unknown"
"7014853",371857,2025-06-09 11:35:54,43.3559303283691,-8.51697158813477,"Unknown"
"7014853",371857,2025-06-09 11:40:54,43.3559036254883,-8.51697063446045,"Unknown"
"7014853",371857,2025-06-09 11:45:54,43.3559913635254,-8.51709175109863,"Unknown"
"7014853",371857,2025-06-09 11:51:01,43.3557968139648,-8.51718044281006,"Unknown"
"7014853",371857,2025-06-09 11:55:54,43.3550186157227,-8.52067184448242,"Unknown"
"7014853",371857,2025-06-09 12:01:35,43.353157043457,-8.52333545684814,"Unknown"
"7014853",371857,2025-06-09 12:05:49,43.3531837463379,-8.52330112457275,"Unknown"
"7014853",371857,2025-06-09 12:10:47,43.3531646728516,-8.52329921722412,"Unknown"
"7014853",371857,2025-06-09 12:15:48,43.3528594970703,-8.52339839935303,"Unknown"
"7014853",371857,2025-06-09 12:20:48,43.3530807495117,-8.52328014373779,"Unknown"
"7014853",371857,2025-06-09 12:25:54,43.3532409667969,-8.52322006225586,"Unknown"
"7014853",371857,2025-06-09 12:30:55,43.3531074523926,-8.52331638336182,"Unknown"
"7014853",371857,2025-06-09 12:35:48,43.3515281677246,-8.5254020690918,"Unknown"
"7014853",371857,2025-06-09 12:40:53,43.3403472900391,-8.54494571685791,"Unknown"
"7014853",371857,2025-06-09 12:45:50,43.3218040466309,-8.56478023529053,"Unknown"
"7014853",371857,2025-06-09 12:50:55,43.3197975158691,-8.59660339355469,"Unknown"
"7014853",371857,2025-06-09 12:55:47,43.3149299621582,-8.65903186798096,"Unknown"
"7014853",371857,2025-06-09 13:01:29,43.3063468933105,-8.70462226867676,"Unknown"
"7014853",371857,2025-06-09 13:05:47,43.3046875,-8.71865367889404,"Unknown"
"7014853",371857,2025-06-09 13:10:47,43.3149299621582,-8.758131980896,"Unknown"
"7014853",371857,2025-06-09 13:15:46,43.3257217407227,-8.81761169433594,"Unknown"
"7014853",371857,2025-06-09 13:20:46,43.3467292785645,-8.83855056762695,"Unknown"
"7014853",371857,2025-06-09 13:25:48,43.3591423034668,-8.84354019165039,"Unknown"
"7014853",371857,2025-06-09 13:30:50,43.359245300293,-8.8434944152832,"Unknown"
"7014853",371857,2025-06-09 13:35:50,43.3592491149902,-8.84347438812256,"Unknown"
"7014853",371857,2025-06-09 13:40:49,43.3594131469727,-8.84348106384277,"Unknown"
"7014853",371857,2025-06-09 13:45:47,43.3592300415039,-8.84353160858154,"Unknown"
"7014853",371857,2025-06-09 13:50:47,43.3593406677246,-8.84353446960449,"Unknown"
"7014853",371857,2025-06-09 13:55:50,43.3596611022949,-8.84344387054443,"Unknown"
"7014853",371857,2025-06-09 14:00:52,43.3592758178711,-8.8434886932373,"Unknown"
"7014853",371857,2025-06-09 14:05:52,43.3592987060547,-8.84343910217285,"Unknown"
"7014853",371857,2025-06-09 14:11:05,43.3591461181641,-8.84345626831055,"Unknown"
"7014853",371857,2025-06-09 14:15:47,43.3591995239258,-8.84349727630615,"Unknown"
"7014853",371857,2025-06-09 14:20:46,43.3592414855957,-8.84346580505371,"Unknown"
"7014853",371857,2025-06-09 14:25:47,43.3592338562012,-8.84346675872803,"Unknown"
"7014853",371857,2025-06-09 14:30:47,43.3591690063477,-8.84347438812256,"Unknown"
"7014853",371857,2025-06-09 14:36:05,43.3591766357422,-8.84344577789307,"Unknown"
"7014853",371857,2025-06-09 14:40:47,43.359260559082,-8.84323310852051,"Unknown"
"7014853",371857,2025-06-09 14:45:53,43.3591804504395,-8.84340190887451,"Unknown"
"7014853",371857,2025-06-09 14:50:54,43.3591384887695,-8.84351539611816,"Unknown"
"7014853",371857,2025-06-09 14:55:50,43.3591194152832,-8.84322738647461,"Unknown"
"7014853",371857,2025-06-09 15:00:52,43.3590774536133,-8.84328937530518,"Unknown"
"7014853",371857,2025-06-09 15:05:50,43.3591918945312,-8.84350299835205,"Unknown"
"7014853",371857,2025-06-09 15:10:59,43.3591270446777,-8.8435230255127,"Unknown"
"7014853",371857,2025-06-09 15:15:55,43.3587341308594,-8.84267616271973,"Unknown"
"7014853",371857,2025-06-09 15:20:56,43.358757019043,-8.84276580810547,"Unknown"
"7014853",371857,2025-06-09 15:26:14,43.3592376708984,-8.84358406066895,"Unknown"
"7014853",371857,2025-06-09 15:30:54,43.3592185974121,-8.84356784820557,"Unknown"
"7014853",371857,2025-06-09 15:35:55,43.3592338562012,-8.84354877471924,"Unknown"
"7014853",371857,2025-06-09 15:40:55,43.3592109680176,-8.84350681304932,"Unknown"
"7014853",371857,2025-06-09 15:46:14,43.3592262268066,-8.84357070922852,"Unknown"
"7014853",371857,2025-06-09 15:50:52,43.3592147827148,-8.84346866607666,"Unknown"
"7014853",371857,2025-06-09 15:55:50,43.3592185974121,-8.84358978271484,"Unknown"
"7014853",371857,2025-06-09 16:00:48,43.3593559265137,-8.84415340423584,"Unknown"
"7014853",371857,2025-06-09 16:05:55,43.3592262268066,-8.8436450958252,"Unknown"
"7014853",371857,2025-06-09 16:10:47,43.359302520752,-8.84396362304688,"Unknown"
"7014853",371857,2025-06-09 16:15:55,43.3592529296875,-8.84350872039795,"Unknown"
"7014853",371857,2025-06-09 16:20:47,43.3592224121094,-8.84359455108643,"Unknown"
"7014853",371857,2025-06-09 16:25:53,43.359188079834,-8.84347152709961,"Unknown"
"7014853",371857,2025-06-09 16:30:56,43.359245300293,-8.84346961975098,"Unknown"
"7014853",371857,2025-06-09 16:35:57,43.359203338623,-8.84349250793457,"Unknown"
"7014853",371857,2025-06-09 16:40:57,43.3591995239258,-8.84341812133789,"Unknown"
"7014853",371857,2025-06-09 16:45:57,43.3590850830078,-8.84339714050293,"Unknown"
"7014853",371857,2025-06-09 16:51:00,43.3593482971191,-8.84363842010498,"Unknown"
"7014853",371857,2025-06-09 16:56:01,43.3592567443848,-8.84352397918701,"Unknown"
"7014853",371857,2025-06-09 17:01:02,43.359447479248,-8.84363174438477,"Unknown"
"7014853",371857,2025-06-09 17:06:14,43.3591461181641,-8.84344291687012,"Unknown"
"7014853",371857,2025-06-09 17:10:49,43.359058380127,-8.8434009552002,"Unknown"
"7014853",371857,2025-06-09 17:16:00,43.3590545654297,-8.8433723449707,"Unknown"
"7014853",371857,2025-06-09 17:20:48,43.3589935302734,-8.8433723449707,"Unknown"
"7014853",371857,2025-06-09 17:25:54,43.3590888977051,-8.84342670440674,"Unknown"
"7014853",371857,2025-06-09 17:30:57,43.3590431213379,-8.84329319000244,"Unknown"
"7014853",371857,2025-06-09 17:35:55,43.3592376708984,-8.84352970123291,"Unknown"
"7014853",371857,2025-06-09 17:40:54,43.3589820861816,-8.84315299987793,"Unknown"
"7014853",371857,2025-06-09 17:46:14,43.3591194152832,-8.84351921081543,"Unknown"
"7014853",371857,2025-06-09 17:51:03,43.3591384887695,-8.84365463256836,"Unknown"
"7014853",371857,2025-06-09 17:56:02,43.3589668273926,-8.84028816223145,"Unknown"
"7014853",371857,2025-06-09 18:01:05,43.3581085205078,-8.8396463394165,"Unknown"
"7014853",371857,2025-06-09 18:06:01,43.358081817627,-8.83962440490723,"Unknown"
"7014853",371857,2025-06-09 18:11:10,43.3591079711914,-8.84357929229736,"Unknown"
"7014853",371857,2025-06-09 18:16:03,43.3591575622559,-8.84360122680664,"Unknown"
"7014853",371857,2025-06-09 18:21:05,43.3590698242188,-8.8433780670166,"Unknown"
"7014853",371857,2025-06-09 18:26:18,43.3589973449707,-8.84316921234131,"Unknown"
"7014853",371857,2025-06-09 18:31:14,43.3592109680176,-8.84362697601318,"Unknown"
"7014853",371857,2025-06-09 18:36:06,43.359245300293,-8.84366893768311,"Unknown"
"7014853",371857,2025-06-09 18:41:19,43.3591766357422,-8.84356689453125,"Unknown"
"7014853",371857,2025-06-09 18:45:47,43.3592643737793,-8.84354400634766,"Unknown"
"7014853",371857,2025-06-09 18:50:47,43.3592185974121,-8.84358215332031,"Unknown"
"7014853",371857,2025-06-09 18:55:47,43.3592567443848,-8.84365749359131,"Unknown"
"7014853",371857,2025-06-09 19:00:47,43.3592491149902,-8.8435697555542,"Unknown"
"7014853",371857,2025-06-09 19:05:48,43.3592224121094,-8.84362506866455,"Unknown"
"7014853",371857,2025-06-09 19:10:48,43.3591766357422,-8.84352970123291,"Unknown"
"7014853",371857,2025-06-09 19:15:47,43.3592491149902,-8.84357261657715,"Unknown"
"7014853",371857,2025-06-09 19:20:47,43.359203338623,-8.84351253509521,"Unknown"
"7014853",371857,2025-06-09 19:25:47,43.3592491149902,-8.84358882904053,"Unknown"
"7014853",371857,2025-06-09 19:30:47,43.3591575622559,-8.84354591369629,"Unknown"
"7014853",371857,2025-06-09 19:35:50,43.3592834472656,-8.84364318847656,"Unknown"
"7014853",371857,2025-06-09 19:40:49,43.3592872619629,-8.84363269805908,"Unknown"
"7014853",371857,2025-06-09 19:45:48,43.359260559082,-8.84372711181641,"Unknown"
"7014853",371857,2025-06-09 19:50:51,43.3592643737793,-8.84370517730713,"Unknown"
"7014853",371857,2025-06-09 19:55:50,43.3592643737793,-8.84366035461426,"Unknown"
"7014853",371857,2025-06-09 20:00:49,43.3593521118164,-8.84377670288086,"Unknown"
"7014853",371857,2025-06-09 20:05:50,43.359447479248,-8.84399318695068,"Unknown"
"7014853",371857,2025-06-09 20:10:51,43.3594284057617,-8.84400081634521,"Unknown"
"7014853",371857,2025-06-09 20:15:59,43.3591728210449,-8.84356689453125,"Unknown"
"7014853",371857,2025-06-09 20:20:48,43.3591461181641,-8.84362030029297,"Unknown"
"7014853",371857,2025-06-09 20:26:01,43.3591957092285,-8.84359550476074,"Unknown"
"7014853",371857,2025-06-09 20:30:48,43.3591537475586,-8.84344577789307,"Unknown"
"7014853",371857,2025-06-09 20:36:01,43.3591995239258,-8.84354209899902,"Unknown"
"7014853",371857,2025-06-09 20:40:49,43.3591995239258,-8.84358882904053,"Unknown"
"7014853",371857,2025-06-09 20:46:01,43.3591613769531,-8.84356307983398,"Unknown"
"7014853",371857,2025-06-09 20:50:50,43.3590431213379,-8.84321594238281,"Unknown"
"7014853",371857,2025-06-09 20:56:01,43.3591690063477,-8.84356212615967,"Unknown"
"7014853",371857,2025-06-09 21:00:57,43.3592681884766,-8.84375,"Unknown"
"7014853",371857,2025-06-10 02:01:36,43.3594398498535,-8.84352779388428,"Unknown"
"7014853",371857,2025-06-10 05:01:01,43.3593444824219,-8.84355545043945,"Unknown"
"7014853",371857,2025-06-10 05:05:32,43.3592529296875,-8.84354877471924,"Unknown"
"7014853",371857,2025-06-10 05:10:32,43.3627014160156,-8.83841609954834,"Unknown"
"7014853",371857,2025-06-10 05:15:33,43.3565940856934,-8.83279991149902,"Unknown"
"7014853",371857,2025-06-10 05:20:32,43.3665046691895,-8.84826564788818,"Unknown"
"7014853",371857,2025-06-10 05:25:33,43.3637924194336,-8.84463596343994,"Unknown"
"7014853",371857,2025-06-10 05:30:36,43.3620109558105,-8.84343719482422,"Unknown"
"7014853",371857,2025-06-10 05:35:34,43.3619766235352,-8.84349632263184,"Unknown"
"7014853",371857,2025-06-10 05:40:38,43.3617668151855,-8.84362316131592,"Unknown"
"7014853",371857,2025-06-10 05:45:36,43.3618202209473,-8.84370708465576,"Unknown"
"7014853",371857,2025-06-10 05:50:33,43.3620376586914,-8.84358215332031,"Unknown"
"7014853",371857,2025-06-10 05:55:34,43.3603782653809,-8.84681415557861,"Unknown"
"7014853",371857,2025-06-10 06:00:33,43.3592109680176,-8.84366130828857,"Unknown"
"7014853",371857,2025-06-10 06:05:37,43.359245300293,-8.84356594085693,"Unknown"
"7014853",371857,2025-06-10 06:10:33,43.3591995239258,-8.84355068206787,"Unknown"
"7014853",371857,2025-06-10 06:15:33,43.3592147827148,-8.84354400634766,"Unknown"
"7014853",371857,2025-06-10 06:20:37,43.3592300415039,-8.84346580505371,"Unknown"
"7014853",371857,2025-06-10 06:25:33,43.359188079834,-8.8435115814209,"Unknown"
"7014853",371857,2025-06-10 06:30:37,43.3592414855957,-8.84356117248535,"Unknown"
"7014853",371857,2025-06-10 06:35:38,43.3592491149902,-8.84349822998047,"Unknown"
"7014853",371857,2025-06-10 06:40:36,43.3592758178711,-8.84352588653564,"Unknown"
"7014853",371857,2025-06-10 06:45:38,43.3592720031738,-8.84357833862305,"Unknown"
"7014853",371857,2025-06-10 06:50:38,43.3592834472656,-8.8436450958252,"Unknown"
"7014853",371857,2025-06-10 06:55:34,43.3592796325684,-8.84368515014648,"Unknown"
"7014853",371857,2025-06-10 07:00:34,43.3592948913574,-8.84359550476074,"Unknown"
"7014853",371857,2025-06-10 07:05:34,43.3593215942383,-8.8436164855957,"Unknown"
"7014853",371857,2025-06-10 07:10:34,43.3593711853027,-8.8436279296875,"Unknown"
"7014853",371857,2025-06-10 07:15:36,43.3593559265137,-8.84378147125244,"Unknown"
"7014853",371857,2025-06-10 07:20:37,43.3593635559082,-8.84367275238037,"Unknown"
"7014853",371857,2025-06-10 07:25:38,43.3594245910645,-8.84390354156494,"Unknown"
"7014853",371857,2025-06-10 07:30:41,43.3591651916504,-8.84328079223633,"Unknown"
"7014853",371857,2025-06-10 07:35:32,43.359016418457,-8.84291648864746,"Unknown"
"7014853",371857,2025-06-10 07:40:33,43.3592109680176,-8.84350490570068,"Unknown"
"7014853",371857,2025-06-10 07:45:36,43.3591499328613,-8.84338665008545,"Unknown"
"7014853",371857,2025-06-10 07:50:33,43.3591537475586,-8.84326648712158,"Unknown"
"7014853",371857,2025-06-10 07:55:33,43.3591995239258,-8.84345626831055,"Unknown"
"7014853",371857,2025-06-10 08:00:33,43.3592414855957,-8.84355068206787,"Unknown"
"7014853",371857,2025-06-10 08:05:40,43.3591690063477,-8.84334373474121,"Unknown"
"7014853",371857,2025-06-10 08:10:36,43.3591842651367,-8.8434476852417,"Unknown"
"7014853",371857,2025-06-10 08:15:34,43.3591842651367,-8.84351444244385,"Unknown"
"7014853",371857,2025-06-10 08:20:39,43.3591194152832,-8.84331226348877,"Unknown"
"7014853",371857,2025-06-10 08:25:37,43.3592262268066,-8.84330272674561,"Unknown"
"7014853",371857,2025-06-10 08:30:39,43.3591613769531,-8.84340381622314,"Unknown"
"7014853",371857,2025-06-10 08:35:39,43.3591117858887,-8.84330368041992,"Unknown"
"7014853",371857,2025-06-10 08:40:39,43.3591918945312,-8.84352970123291,"Unknown"
"7014853",371857,2025-06-10 08:46:05,43.3592414855957,-8.84339618682861,"Unknown"
"7014853",371857,2025-06-10 08:50:32,43.3591575622559,-8.84350681304932,"Unknown"
"7014853",371857,2025-06-10 08:55:32,43.359130859375,-8.84353446960449,"Unknown"
"7014853",371857,2025-06-10 09:00:32,43.3591232299805,-8.84351444244385,"Unknown"
"7014853",371857,2025-06-10 09:05:33,43.3590927124023,-8.84361362457275,"Unknown"
"7014853",371857,2025-06-10 09:10:32,43.3591499328613,-8.84353828430176,"Unknown"
"7014853",371857,2025-06-10 09:15:32,43.3590888977051,-8.84355640411377,"Unknown"
"7014853",371857,2025-06-10 09:20:32,43.3591232299805,-8.84352493286133,"Unknown"
"7014853",371857,2025-06-10 09:25:33,43.3591232299805,-8.84354591369629,"Unknown"
"7014853",371857,2025-06-10 09:30:43,43.3591156005859,-8.843505859375,"Unknown"
"7014853",371857,2025-06-10 09:35:32,43.3591613769531,-8.84348011016846,"Unknown"
"7014853",371857,2025-06-10 09:40:32,43.3591728210449,-8.8435697555542,"Unknown"
"7014853",371857,2025-06-10 09:45:32,43.3591499328613,-8.84349727630615,"Unknown"
"7014853",371857,2025-06-10 09:50:32,43.3591766357422,-8.8435640335083,"Unknown"
"7014853",371857,2025-06-10 09:55:34,43.3590774536133,-8.84347534179688,"Unknown"
"7014853",371857,2025-06-10 10:00:33,43.3592147827148,-8.84344387054443,"Unknown"
"7014853",371857,2025-06-10 10:05:37,43.3590850830078,-8.84354877471924,"Unknown"
"7014853",371857,2025-06-10 10:10:37,43.3590545654297,-8.84350872039795,"Unknown"
"7014853",371857,2025-06-10 10:15:44,43.359130859375,-8.84341812133789,"Unknown"
"7014853",371857,2025-06-10 10:20:37,43.359073638916,-8.84351253509521,"Unknown"
"7014853",371857,2025-06-10 10:25:37,43.3590698242188,-8.84346961975098,"Unknown"
"7014853",371857,2025-06-10 10:30:36,43.3590965270996,-8.8435230255127,"Unknown"
"7014853",371857,2025-06-10 10:35:36,43.3590965270996,-8.84351253509521,"Unknown"
"7014853",371857,2025-06-10 10:40:38,43.3590278625488,-8.84317016601562,"Unknown"
"7014853",371857,2025-06-10 10:45:44,43.3592071533203,-8.84335041046143,"Unknown"
"7014853",371857,2025-06-10 10:50:32,43.359245300293,-8.8434534072876,"Unknown"
"7014853",371857,2025-06-10 10:55:38,43.3591804504395,-8.8435583114624,"Unknown"
"7014853",371857,2025-06-10 11:00:35,43.359203338623,-8.8431453704834,"Unknown"
"7014853",371857,2025-06-10 11:05:38,43.3591957092285,-8.84351634979248,"Unknown"
"7014853",371857,2025-06-10 11:10:34,43.3592147827148,-8.84346199035645,"Unknown"
"7014853",371857,2025-06-10 11:15:33,43.3592147827148,-8.84355735778809,"Unknown"
"7014853",371857,2025-06-10 11:20:36,43.3591766357422,-8.84368801116943,"Unknown"
"7014853",371857,2025-06-10 11:25:36,43.3591537475586,-8.84367084503174,"Unknown"
"7014853",371857,2025-06-10 11:30:41,43.3592147827148,-8.84355068206787,"Unknown"
"7014853",371857,2025-06-10 11:35:36,43.3591499328613,-8.84357166290283,"Unknown"
"7014853",371857,2025-06-10 11:40:37,43.3591766357422,-8.84367084503174,"Unknown"
"7014853",371857,2025-06-10 11:45:33,43.3592376708984,-8.84368228912354,"Unknown"
"7014853",371857,2025-06-10 11:50:37,43.3591842651367,-8.843581199646,"Unknown"
"7014853",371857,2025-06-10 11:55:38,43.3592643737793,-8.84359073638916,"Unknown"
"7014853",371857,2025-06-10 12:00:39,43.3592262268066,-8.84369087219238,"Unknown"
"7014853",371857,2025-06-10 12:05:39,43.3592376708984,-8.8436279296875,"Unknown"
"7014853",371857,2025-06-10 12:10:39,43.3592338562012,-8.84370899200439,"Unknown"
"7014853",371857,2025-06-10 12:16:05,43.3592376708984,-8.84355926513672,"Unknown"
"7014853",371857,2025-06-10 12:20:32,43.3592071533203,-8.84356594085693,"Unknown"
"7014853",371857,2025-06-10 12:25:32,43.3592491149902,-8.84348392486572,"Unknown"
"7014853",371857,2025-06-10 12:30:32,43.3592071533203,-8.84349155426025,"Unknown"
"7014853",371857,2025-06-10 12:35:32,43.3592681884766,-8.84356880187988,"Unknown"
"7014853",371857,2025-06-10 12:40:33,43.3592338562012,-8.843505859375,"Unknown"
"7014853",371857,2025-06-10 12:45:33,43.3592834472656,-8.84358787536621,"Unknown"
"7014853",371857,2025-06-10 12:50:34,43.3592567443848,-8.84357929229736,"Unknown"
"7014853",371857,2025-06-10 12:55:33,43.3592414855957,-8.84353446960449,"Unknown"
"7014853",371857,2025-06-10 13:00:32,43.3592681884766,-8.84356307983398,"Unknown"
"7014853",371857,2025-06-10 13:05:33,43.3592414855957,-8.84349727630615,"Unknown"
"7014853",371857,2025-06-10 13:10:34,43.3592071533203,-8.84350967407227,"Unknown"
"7014853",371857,2025-06-10 13:15:33,43.3591728210449,-8.843581199646,"Unknown"
"7014853",371857,2025-06-10 13:20:33,43.359203338623,-8.8435230255127,"Unknown"
"7014853",371857,2025-06-10 13:25:34,43.3591957092285,-8.8435230255127,"Unknown"
"7014853",371857,2025-06-10 13:30:33,43.3592414855957,-8.84354686737061,"Unknown"
"7014853",371857,2025-06-10 13:35:33,43.3592147827148,-8.84349918365479,"Unknown"
"7014853",371857,2025-06-10 13:40:38,43.3593254089355,-8.84366130828857,"Unknown"
"7014853",371857,2025-06-10 13:45:36,43.359375,-8.843674659729,"Unknown"
"7014853",371857,2025-06-10 13:50:38,43.3592109680176,-8.84358882904053,"Unknown"
"7014853",371857,2025-06-10 13:55:39,43.3592376708984,-8.84366416931152,"Unknown"
"7014853",371857,2025-06-10 14:00:33,43.3594169616699,-8.84346485137939,"Unknown"
"7014853",371857,2025-06-10 14:05:42,43.3595809936523,-8.84338474273682,"Unknown"
"7014853",371857,2025-06-10 14:10:42,43.3591804504395,-8.84348964691162,"Unknown"
"7014853",371857,2025-06-10 14:15:33,43.3591423034668,-8.84347534179688,"Unknown"
"7014853",371857,2025-06-10 14:20:33,43.3591651916504,-8.84352397918701,"Unknown"
"7014853",371857,2025-06-10 14:25:34,43.359203338623,-8.84354209899902,"Unknown"
"7014853",371857,2025-06-10 14:30:39,43.3591499328613,-8.84352970123291,"Unknown"
"7014853",371857,2025-06-10 14:35:41,43.3591461181641,-8.84347534179688,"Unknown"
"7014853",371857,2025-06-10 14:40:39,43.3591384887695,-8.84355068206787,"Unknown"
"7014853",371857,2025-06-10 14:45:43,43.3591117858887,-8.84347534179688,"Unknown"
"7014853",371857,2025-06-10 14:50:41,43.3591651916504,-8.84342002868652,"Unknown"
"7014853",371857,2025-06-10 14:56:04,43.3592643737793,-8.84355068206787,"Unknown"
"7014853",371857,2025-06-10 15:00:32,43.3591690063477,-8.84350299835205,"Unknown"
"7014853",371857,2025-06-10 15:05:32,43.3592185974121,-8.8435230255127,"Unknown"
"7014853",371857,2025-06-10 15:10:32,43.359260559082,-8.84356212615967,"Unknown"
"7014853",371857,2025-06-10 15:15:32,43.3591995239258,-8.84351348876953,"Unknown"
"7014853",371857,2025-06-10 15:20:32,43.3591651916504,-8.8435115814209,"Unknown"
"7014853",371857,2025-06-10 15:25:32,43.3591499328613,-8.84351253509521,"Unknown"
"7014853",371857,2025-06-10 15:30:32,43.3592147827148,-8.84352588653564,"Unknown"
"7014853",371857,2025-06-10 15:35:32,43.3592796325684,-8.84361457824707,"Unknown"
"7014853",371857,2025-06-10 15:40:32,43.3628311157227,-8.83519840240479,"Unknown"
"7014853",371857,2025-06-10 15:45:32,43.3943977355957,-8.82329845428467,"Unknown"
"7014853",371857,2025-06-10 15:50:32,43.4211692810059,-8.80963897705078,"Unknown"
"7014853",371857,2025-06-10 15:55:33,43.4462623596191,-8.79560852050781,"Unknown"
"7014853",371857,2025-06-10 16:00:32,43.4501571655273,-8.75978088378906,"Unknown"
"7014853",371857,2025-06-10 16:05:33,43.4215431213379,-8.73949337005615,"Unknown"
"7014853",371857,2025-06-10 16:10:37,43.4032936096191,-8.72242736816406,"Unknown"
"7014853",371857,2025-06-10 16:15:33,43.3797187805176,-8.74527931213379,"Unknown"
"7014853",371857,2025-06-10 16:20:32,43.3512268066406,-8.77580261230469,"Unknown"
"7014853",371857,2025-06-10 16:25:33,43.3244895935059,-8.81052017211914,"Unknown"
"7014853",371857,2025-06-10 16:30:36,43.3313026428223,-8.82789516448975,"Unknown"
"7014853",371857,2025-06-10 16:36:04,43.3283729553223,-8.82764434814453,"Unknown"
"7014853",371857,2025-06-10 16:40:32,43.3360748291016,-8.82559299468994,"Unknown"
"7014853",371857,2025-06-10 16:45:33,43.3591804504395,-8.83602714538574,"Unknown"
"7014853",371857,2025-06-10 16:50:44,43.3594169616699,-8.83621406555176,"Unknown"
"7014853",371857,2025-06-10 16:55:42,43.3595848083496,-8.83665752410889,"Unknown"
"7014853",371857,2025-06-10 17:06:07,43.3609657287598,-8.8447322845459,"Unknown"
"7014853",371857,2025-06-10 17:10:34,43.3591384887695,-8.84391212463379,"Unknown"
"7014853",371857,2025-06-10 17:15:39,43.3593597412109,-8.84340000152588,"Unknown"
"7014853",371857,2025-06-10 17:20:37,43.3592262268066,-8.84299087524414,"Unknown"
"7014853",371857,2025-06-10 17:25:36,43.3593826293945,-8.84312725067139,"Unknown"
"7014853",371857,2025-06-10 17:30:34,43.3592300415039,-8.8431224822998,"Unknown"
"7014853",371857,2025-06-10 17:35:36,43.359203338623,-8.84310531616211,"Unknown"
"7014853",371857,2025-06-10 17:40:37,43.3591461181641,-8.84300899505615,"Unknown"
"7014853",371857,2025-06-10 17:45:42,43.3591003417969,-8.84442806243896,"Unknown"
"7014853",371857,2025-06-10 17:50:32,43.3584785461426,-8.84356021881104,"Unknown"
"7014853",371857,2025-06-10 17:55:34,43.3590660095215,-8.84370231628418,"Unknown"
"7014853",371857,2025-06-10 18:00:33,43.3588905334473,-8.84353733062744,"Unknown"
"7014853",371857,2025-06-10 18:05:39,43.3590507507324,-8.84343719482422,"Unknown"
"7014853",371857,2025-06-10 18:10:37,43.3590202331543,-8.8433313369751,"Unknown"
"7014853",371857,2025-06-10 18:15:40,43.359058380127,-8.84331798553467,"Unknown"
"7014853",371857,2025-06-10 18:20:37,43.3591194152832,-8.84350395202637,"Unknown"
"7014853",371857,2025-06-10 18:25:33,43.3591156005859,-8.84342670440674,"Unknown"
"7014853",371857,2025-06-10 18:30:39,43.3591461181641,-8.84403991699219,"Unknown"
"7014853",371857,2025-06-10 18:35:40,43.359016418457,-8.84377574920654,"Unknown"
"7014853",371857,2025-06-10 18:40:39,43.3591957092285,-8.84382629394531,"Unknown"
"7014853",371857,2025-06-10 18:46:02,43.3591651916504,-8.8434944152832,"Unknown"
"7014853",371857,2025-06-10 18:50:32,43.3591918945312,-8.84346580505371,"Unknown"
"7014853",371857,2025-06-10 18:55:32,43.3591651916504,-8.84355735778809,"Unknown"
"7014853",371857,2025-06-10 19:00:33,43.3591499328613,-8.84347534179688,"Unknown"
"7014853",371857,2025-06-10 19:05:32,43.3592071533203,-8.84354305267334,"Unknown"
"7014853",371857,2025-06-10 19:10:32,43.3592720031738,-8.84359264373779,"Unknown"
"7014853",371857,2025-06-10 19:15:32,43.3591804504395,-8.84358310699463,"Unknown"
"7014853",371857,2025-06-10 19:20:32,43.3591842651367,-8.84351825714111,"Unknown"
"7014853",371857,2025-06-10 19:25:33,43.3592529296875,-8.84358024597168,"Unknown"
"7014853",371857,2025-06-10 19:30:33,43.3592338562012,-8.84359455108643,"Unknown"
"7014853",371857,2025-06-10 19:35:33,43.3591690063477,-8.84351444244385,"Unknown"
"7014853",371857,2025-06-10 19:40:33,43.3591537475586,-8.84350395202637,"Unknown"
"7014853",371857,2025-06-10 19:45:33,43.3592414855957,-8.84356307983398,"Unknown"
"7014853",371857,2025-06-10 19:50:32,43.3592338562012,-8.84354400634766,"Unknown"
"7014853",371857,2025-06-10 19:55:33,43.3593635559082,-8.84379577636719,"Unknown"
"7014853",371857,2025-06-10 20:00:34,43.3592376708984,-8.84356880187988,"Unknown"
"7014853",371857,2025-06-10 20:05:33,43.3590965270996,-8.84327602386475,"Unknown"
"7014853",371857,2025-06-10 20:10:39,43.3591995239258,-8.84353065490723,"Unknown"
"7014853",371857,2025-06-10 20:15:33,43.3591842651367,-8.84355926513672,"Unknown"
"7014853",371857,2025-06-10 20:20:39,43.3591918945312,-8.84355640411377,"Unknown"
"7014853",371857,2025-06-10 20:25:33,43.364673614502,-8.84496784210205,"Unknown"
"7014853",371857,2025-06-10 20:30:42,43.3607902526855,-8.84425830841064,"Unknown"
"7014853",371857,2025-06-10 20:35:36,43.360782623291,-8.84430599212646,"Unknown"
"7014853",371857,2025-06-10 20:40:32,43.3601608276367,-8.84694576263428,"Unknown"
"7014853",371857,2025-06-10 20:45:34,43.3591690063477,-8.8435230255127,"Unknown"
"7014853",371857,2025-06-10 20:50:40,43.3591804504395,-8.8435754776001,"Unknown"
"7014853",371857,2025-06-10 20:55:36,43.3591270446777,-8.84343814849854,"Unknown"
"7014853",371857,2025-06-10 21:01:46,43.3592262268066,-8.84373188018799,"Unknown"
"7014853",371857,2025-06-11 02:02:14,43.3592338562012,-8.84353065490723,"Unknown"
"7014853",371857,2025-06-11 05:00:46,43.3592071533203,-8.84355926513672,"Unknown"
"7014853",371857,2025-06-11 05:05:24,43.3592300415039,-8.84359931945801,"Unknown"
"7014853",371857,2025-06-11 05:10:24,43.3591804504395,-8.84356594085693,"Unknown"
"7014853",371857,2025-06-11 05:15:27,43.3591918945312,-8.84355545043945,"Unknown"
"7014853",371857,2025-06-11 05:20:25,43.3592109680176,-8.84356784820557,"Unknown"
"7014853",371857,2025-06-11 05:25:24,43.3593368530273,-8.84359931945801,"Unknown"
"7014853",371857,2025-06-11 05:30:24,43.3592872619629,-8.84359359741211,"Unknown"
"7014853",371857,2025-06-11 05:35:27,43.3591766357422,-8.84359264373779,"Unknown"
"7014853",371857,2025-06-11 05:40:30,43.3592185974121,-8.84338188171387,"Unknown"
"7014853",371857,2025-06-11 05:45:53,43.359188079834,-8.84341430664062,"Unknown"
"7014853",371857,2025-06-11 05:50:21,43.3591728210449,-8.84335422515869,"Unknown"
"7014853",371857,2025-06-11 05:55:21,43.3592071533203,-8.84341526031494,"Unknown"
"7014853",371857,2025-06-11 06:00:21,43.3591651916504,-8.84344100952148,"Unknown"
"7014853",371857,2025-06-11 06:05:22,43.3591613769531,-8.84345626831055,"Unknown"
"7014853",371857,2025-06-11 06:10:21,43.3591804504395,-8.84352207183838,"Unknown"
"7014853",371857,2025-06-11 06:15:21,43.3592109680176,-8.84346008300781,"Unknown"
"7014853",371857,2025-06-11 06:20:21,43.3591613769531,-8.84343910217285,"Unknown"
"7014853",371857,2025-06-11 06:25:21,43.3591537475586,-8.84344673156738,"Unknown"
"7014853",371857,2025-06-11 06:30:44,43.3591461181641,-8.8433837890625,"Unknown"
"7014853",371857,2025-06-11 06:35:29,43.3485641479492,-8.8508825302124,"Unknown"
"7014853",371857,2025-06-11 06:40:22,43.3476829528809,-8.8524284362793,"Unknown"
"7014853",371857,2025-06-11 06:45:21,43.3188362121582,-8.8570032119751,"Unknown"
"7014853",371857,2025-06-11 06:50:24,43.3140907287598,-8.85679149627686,"Unknown"
"7014853",371857,2025-06-11 06:55:24,43.3144912719727,-8.85665702819824,"Unknown"
"7014853",371857,2025-06-11 07:00:22,43.3143730163574,-8.85668754577637,"Unknown"
"7014853",371857,2025-06-11 07:05:21,43.3144111633301,-8.85686588287354,"Unknown"
"7014853",371857,2025-06-11 07:10:28,43.3148612976074,-8.85727024078369,"Unknown"
"7014853",371857,2025-06-11 07:15:53,43.3145904541016,-8.85654067993164,"Unknown"
"7014853",371857,2025-06-11 07:20:28,43.3199348449707,-8.84512710571289,"Unknown"
"7014853",371857,2025-06-11 07:25:21,43.3226318359375,-8.84809684753418,"Unknown"
"7014853",371857,2025-06-11 07:30:21,43.3521347045898,-8.8463134765625,"Unknown"
"7014853",371857,2025-06-11 07:35:25,43.3591346740723,-8.84351444244385,"Unknown"
"7014853",371857,2025-06-11 07:40:23,43.3592071533203,-8.84360218048096,"Unknown"
"7014853",371857,2025-06-11 07:45:24,43.3592338562012,-8.84357833862305,"Unknown"
"7014853",371857,2025-06-11 07:50:44,43.3592147827148,-8.84345436096191,"Unknown"
"7014853",371857,2025-06-11 07:55:21,43.3591499328613,-8.84348678588867,"Unknown"
"7014853",371857,2025-06-11 08:00:27,43.3590850830078,-8.84361839294434,"Unknown"
"7014853",371857,2025-06-11 08:05:23,43.3592224121094,-8.84358787536621,"Unknown"
"7014853",371857,2025-06-11 08:10:25,43.3591575622559,-8.84350109100342,"Unknown"
"7014853",371857,2025-06-11 08:15:27,43.3591079711914,-8.843505859375,"Unknown"
"7014853",371857,2025-06-11 08:20:25,43.3591346740723,-8.84350967407227,"Unknown"
"7014853",371857,2025-06-11 08:25:24,43.359073638916,-8.84366893768311,"Unknown"
"7014853",371857,2025-06-11 08:30:27,43.3592758178711,-8.84304237365723,"Unknown"
"7014853",371857,2025-06-11 08:35:25,43.359073638916,-8.8433952331543,"Unknown"
"7014853",371857,2025-06-11 08:40:36,43.358959197998,-8.84361743927002,"Unknown"
"7014853",371857,2025-06-11 08:45:44,43.3592071533203,-8.84326457977295,"Unknown"
"7014853",371857,2025-06-11 08:50:30,43.3607215881348,-8.84341812133789,"Unknown"
"7014853",371857,2025-06-11 08:55:30,43.3591766357422,-8.8431453704834,"Unknown"
"7014853",371857,2025-06-11 09:00:30,43.3592109680176,-8.84320545196533,"Unknown"
"7014853",371857,2025-06-11 09:05:30,43.3591613769531,-8.84349155426025,"Unknown"
"7014853",371857,2025-06-11 09:10:31,43.3591690063477,-8.84346389770508,"Unknown"
"7014853",371857,2025-06-11 09:15:30,43.3592109680176,-8.84356594085693,"Unknown"
"7014853",371857,2025-06-11 09:20:30,43.3591842651367,-8.84361934661865,"Unknown"
"7014853",371857,2025-06-11 09:25:30,43.3591804504395,-8.84360027313232,"Unknown"
"7014853",371857,2025-06-11 09:30:45,43.359073638916,-8.84357643127441,"Unknown"
"7014853",371857,2025-06-11 09:35:28,43.3589401245117,-8.84352779388428,"Unknown"
"7014853",371857,2025-06-11 09:40:30,43.3593215942383,-8.84447383880615,"Unknown"
"7014853",371857,2025-06-11 09:45:30,43.3590850830078,-8.84366321563721,"Unknown"
"7014853",371857,2025-06-11 09:50:43,43.359188079834,-8.84369373321533,"Unknown"
"7014853",371857,2025-06-11 09:55:30,43.3591423034668,-8.84373569488525,"Unknown"
"7014853",371857,2025-06-11 10:00:30,43.3591423034668,-8.84372615814209,"Unknown"
"7014853",371857,2025-06-11 10:05:36,43.3590850830078,-8.84364223480225,"Unknown"
"7014853",371857,2025-06-11 10:10:45,43.3591423034668,-8.84365367889404,"Unknown"
"7014853",371857,2025-06-11 10:15:30,43.3591079711914,-8.84366321563721,"Unknown"
"7014853",371857,2025-06-11 10:20:30,43.3591499328613,-8.84361267089844,"Unknown"
"7014853",371857,2025-06-11 10:25:30,43.3591766357422,-8.84365463256836,"Unknown"
"7014853",371857,2025-06-11 10:30:34,43.3591766357422,-8.84356594085693,"Unknown"
"7014853",371857,2025-06-11 10:35:30,43.3591384887695,-8.84357261657715,"Unknown"
"7014853",371857,2025-06-11 10:40:30,43.3591995239258,-8.84354019165039,"Unknown"
"7014853",371857,2025-06-11 10:45:45,43.3591957092285,-8.84349918365479,"Unknown"
"7014853",371857,2025-06-11 10:50:30,43.3591690063477,-8.8434886932373,"Unknown"
"7014853",371857,2025-06-11 10:55:30,43.3592224121094,-8.84352588653564,"Unknown"
"7014853",371857,2025-06-11 11:00:30,43.359188079834,-8.84358406066895,"Unknown"
"7014853",371857,2025-06-11 11:05:30,43.3592758178711,-8.84345531463623,"Unknown"
"7014853",371857,2025-06-11 11:10:30,43.3464546203613,-8.83942699432373,"Unknown"
"7014853",371857,2025-06-11 11:15:30,43.3465728759766,-8.83861637115479,"Unknown"
"7014853",371857,2025-06-11 11:20:30,43.3464126586914,-8.83883571624756,"Unknown"
"7014853",371857,2025-06-11 11:25:30,43.3397903442383,-8.818528175354,"Unknown"
"7014853",371857,2025-06-11 11:31:35,43.3296699523926,-8.8126974105835,"Unknown"
"7014853",371857,2025-06-11 11:35:21,43.3196067810059,-8.80218505859375,"Unknown"
"7014853",371857,2025-06-11 11:40:22,43.3271064758301,-8.79787540435791,"Unknown"
"7014853",371857,2025-06-11 11:45:22,43.3259506225586,-8.77940082550049,"Unknown"
"7014853",371857,2025-06-11 11:50:22,43.3315620422363,-8.74364757537842,"Unknown"
"7014853",371857,2025-06-11 11:55:23,43.3207130432129,-8.71398639678955,"Unknown"
"7014853",371857,2025-06-11 12:00:23,43.312873840332,-8.7061939239502,"Unknown"
"7014853",371857,2025-06-11 12:05:32,43.3107261657715,-8.65741348266602,"Unknown"
"7014853",371857,2025-06-11 12:10:28,43.3184394836426,-8.61596870422363,"Unknown"
"7014853",371857,2025-06-11 12:15:23,43.321533203125,-8.58907032012939,"Unknown"
"7014853",371857,2025-06-11 12:20:30,43.327018737793,-8.56973171234131,"Unknown"
"7014853",371857,2025-06-11 12:25:28,43.3185958862305,-8.54672050476074,"Unknown"
"7014853",371857,2025-06-11 12:30:44,43.3464851379395,-8.53041076660156,"Unknown"
"7014853",371857,2025-06-11 12:35:25,43.3517608642578,-8.52575302124023,"Unknown"
"7014853",371857,2025-06-11 12:40:25,43.3517379760742,-8.52579021453857,"Unknown"
"7014853",371857,2025-06-11 12:45:21,43.3490715026855,-8.52795505523682,"Unknown"
"7014853",371857,2025-06-11 12:50:21,43.3436508178711,-8.5476770401001,"Unknown"
"7014853",371857,2025-06-11 12:55:23,43.3555755615234,-8.56528759002686,"Unknown"
"7014853",371857,2025-06-11 13:00:21,43.3618545532227,-8.57780361175537,"Unknown"
"7014853",371857,2025-06-11 13:05:22,43.3734359741211,-8.59221839904785,"Unknown"
"7014853",371857,2025-06-11 13:10:25,43.3985710144043,-8.61356544494629,"Unknown"
"7014853",371857,2025-06-11 13:15:44,43.410587310791,-8.61150169372559,"Unknown"
"7014853",371857,2025-06-11 13:20:24,43.4106369018555,-8.60592937469482,"Unknown"
"7014853",371857,2025-06-11 13:25:21,43.3954925537109,-8.60816860198975,"Unknown"
"7014853",371857,2025-06-11 13:30:22,43.3774909973145,-8.59982109069824,"Unknown"
"7014853",371857,2025-06-11 13:36:05,43.3777198791504,-8.59866046905518,"Unknown"
"7014853",371857,2025-06-11 13:40:27,43.3608131408691,-8.59537696838379,"Unknown"
"7014853",371857,2025-06-11 13:45:22,43.3440246582031,-8.59391403198242,"Unknown"
"7014853",371857,2025-06-11 13:51:46,43.3219261169434,-8.59766006469727,"Unknown"
"7014853",371857,2025-06-11 13:56:46,43.3198509216309,-8.62471199035645,"Unknown"
"7014853",371857,2025-06-11 14:01:35,43.3111114501953,-8.63649940490723,"Unknown"
"7014853",371857,2025-06-11 14:05:21,43.305118560791,-8.6527681350708,"Unknown"
"7014853",371857,2025-06-11 14:10:22,43.2994041442871,-8.67877864837646,"Unknown"
"7014853",371857,2025-06-11 14:15:22,43.2975997924805,-8.68610954284668,"Unknown"
"7014853",371857,2025-06-11 14:20:24,43.291805267334,-8.69674777984619,"Unknown"
"7014853",371857,2025-06-11 14:25:21,43.2918510437012,-8.69683837890625,"Unknown"
"7014853",371857,2025-06-11 14:30:23,43.2917785644531,-8.69674110412598,"Unknown"
"7014853",371857,2025-06-11 14:35:21,43.2991142272949,-8.71400737762451,"Unknown"
"7014853",371857,2025-06-11 14:40:23,43.3065223693848,-8.73684692382812,"Unknown"
"7014853",371857,2025-06-11 14:45:22,43.3065032958984,-8.77247428894043,"Unknown"
"7014853",371857,2025-06-11 14:50:22,43.3224601745605,-8.80464267730713,"Unknown"
"7014853",371857,2025-06-11 14:55:21,43.3457641601562,-8.83114051818848,"Unknown"
"7014853",371857,2025-06-11 15:00:22,43.3591766357422,-8.84357452392578,"Unknown"
"7014853",371857,2025-06-11 15:05:21,43.3591804504395,-8.84352779388428,"Unknown"
"7014853",371857,2025-06-11 15:10:21,43.359130859375,-8.84350967407227,"Unknown"
"7014853",371857,2025-06-11 15:15:23,43.3591918945312,-8.8435173034668,"Unknown"
"7014853",371857,2025-06-11 15:20:21,43.3591346740723,-8.84356021881104,"Unknown"
"7014853",371857,2025-06-11 15:25:21,43.3591270446777,-8.8435525894165,"Unknown"
"7014853",371857,2025-06-11 15:30:21,43.3592376708984,-8.84353160858154,"Unknown"
"7014853",371857,2025-06-11 15:35:27,43.3591384887695,-8.84357357025146,"Unknown"
"7014853",371857,2025-06-11 15:40:23,43.3591651916504,-8.84346199035645,"Unknown"
"7014853",371857,2025-06-11 15:45:27,43.3590049743652,-8.8434419631958,"Unknown"
"7014853",371857,2025-06-11 15:50:25,43.3591651916504,-8.84356880187988,"Unknown"
"7014853",371857,2025-06-11 15:55:27,43.3591117858887,-8.84349727630615,"Unknown"
"7014853",371857,2025-06-11 16:00:43,43.3591232299805,-8.84347629547119,"Unknown"
"7014853",371857,2025-06-11 16:05:21,43.3592796325684,-8.84360980987549,"Unknown"
"7014853",371857,2025-06-11 16:10:23,43.3591842651367,-8.84356212615967,"Unknown"
"7014853",371857,2025-06-11 16:15:23,43.3589477539062,-8.84328842163086,"Unknown"
"7014853",371857,2025-06-11 16:20:24,43.3591041564941,-8.84342479705811,"Unknown"
"7014853",371857,2025-06-11 16:25:22,43.3591232299805,-8.84342193603516,"Unknown"
"7014853",371857,2025-06-11 16:30:24,43.3592338562012,-8.84357929229736,"Unknown"
"7014853",371857,2025-06-11 16:35:27,43.3591728210449,-8.84362697601318,"Unknown"
"7014853",371857,2025-06-11 16:40:25,43.3591423034668,-8.84339809417725,"Unknown"
"7014853",371857,2025-06-11 16:45:44,43.3591918945312,-8.84351539611816,"Unknown"
"7014853",371857,2025-06-11 16:50:25,43.3591384887695,-8.8435115814209,"Unknown"
"7014853",371857,2025-06-11 16:55:43,43.3591804504395,-8.84347343444824,"Unknown"
"7014853",371857,2025-06-11 17:00:27,43.3591804504395,-8.8434944152832,"Unknown"
"7014853",371857,2025-06-11 17:05:35,43.3593444824219,-8.84349155426025,"Unknown"
"7014853",371857,2025-06-11 17:10:53,43.3591690063477,-8.84354400634766,"Unknown"
"7014853",371857,2025-06-11 17:15:21,43.3592910766602,-8.84334087371826,"Unknown"
"7014853",371857,2025-06-11 17:20:21,43.359317779541,-8.84331130981445,"Unknown"
"7014853",371857,2025-06-11 17:25:22,43.3547821044922,-8.8405647277832,"Unknown"
"7014853",371857,2025-06-11 17:30:21,43.3538208007812,-8.83464431762695,"Unknown"
"7014853",371857,2025-06-11 17:35:21,43.3551788330078,-8.83491230010986,"Unknown"
"7014853",371857,2025-06-11 17:40:24,43.3591537475586,-8.84334278106689,"Unknown"
"7014853",371857,2025-06-11 17:45:25,43.3592262268066,-8.8434886932373,"Unknown"
"7014853",371857,2025-06-11 17:50:23,43.3592376708984,-8.8434591293335,"Unknown"
"7014853",371857,2025-06-11 17:55:30,43.3591613769531,-8.84351539611816,"Unknown"
"7014853",371857,2025-06-11 18:00:36,43.3591423034668,-8.84350204467773,"Unknown"
"7014853",371857,2025-06-11 18:05:44,43.3591842651367,-8.84354496002197,"Unknown"
"7014853",371857,2025-06-11 18:10:21,43.3591499328613,-8.84351444244385,"Unknown"
"7014853",371857,2025-06-11 18:15:21,43.3591079711914,-8.84346771240234,"Unknown"
"7014853",371857,2025-06-11 18:20:21,43.3590965270996,-8.84351348876953,"Unknown"
"7014853",371857,2025-06-11 18:25:23,43.3592567443848,-8.84356212615967,"Unknown"
"7014853",371857,2025-06-11 18:30:27,43.3591842651367,-8.84345817565918,"Unknown"
"7014853",371857,2025-06-11 18:35:25,43.3591575622559,-8.843505859375,"Unknown"
"7014853",371857,2025-06-11 18:40:28,43.3592224121094,-8.84353446960449,"Unknown"
"7014853",371857,2025-06-11 18:45:44,43.3592338562012,-8.84345817565918,"Unknown"
"7014853",371857,2025-06-11 18:50:29,43.3591690063477,-8.843430519104,"Unknown"
"7014853",371857,2025-06-11 18:55:30,43.359260559082,-8.84347152709961,"Unknown"
"7014853",371857,2025-06-11 19:00:29,43.3591461181641,-8.84345149993896,"Unknown"
"7014853",371857,2025-06-11 19:05:29,43.3591537475586,-8.84364986419678,"Unknown"
"7014853",371857,2025-06-11 19:10:30,43.3590927124023,-8.84348201751709,"Unknown"
"7014853",371857,2025-06-11 19:15:30,43.3592185974121,-8.84348392486572,"Unknown"
"7014853",371857,2025-06-11 19:20:32,43.3590774536133,-8.84340572357178,"Unknown"
"7014853",371857,2025-06-11 19:25:44,43.3591499328613,-8.84344291687012,"Unknown"
"7014853",371857,2025-06-11 19:30:21,43.3590850830078,-8.84346866607666,"Unknown"
"7014853",371857,2025-06-11 19:35:27,43.359073638916,-8.84346771240234,"Unknown"
"7014853",371857,2025-06-11 19:40:30,43.3589477539062,-8.8434534072876,"Unknown"
"7014853",371857,2025-06-11 19:45:44,43.3591499328613,-8.84346866607666,"Unknown"
"7014853",371857,2025-06-11 19:50:30,43.3591690063477,-8.84347724914551,"Unknown"
"7014853",371857,2025-06-11 19:55:23,43.3590774536133,-8.8433837890625,"Unknown"
"7014853",371857,2025-06-11 20:00:22,43.3590545654297,-8.84342670440674,"Unknown"
"7014853",371857,2025-06-11 20:05:21,43.3590393066406,-8.84343433380127,"Unknown"
"7014853",371857,2025-06-11 20:10:27,43.3591194152832,-8.84341335296631,"Unknown"
"7014853",371857,2025-06-11 20:15:22,43.3590774536133,-8.84347820281982,"Unknown"
"7014853",371857,2025-06-11 20:20:30,43.3592262268066,-8.84337711334229,"Unknown"
"7014853",371857,2025-06-11 20:25:30,43.3591156005859,-8.84342002868652,"Unknown"
"7014853",371857,2025-06-11 20:31:03,43.3592224121094,-8.8435001373291,"Unknown"
"7014853",371857,2025-06-11 20:35:21,43.3591041564941,-8.8435697555542,"Unknown"
"7014853",371857,2025-06-11 20:40:21,43.3591232299805,-8.8435754776001,"Unknown"
"7014853",371857,2025-06-11 20:45:21,43.3591766357422,-8.84360790252686,"Unknown"
"7014853",371857,2025-06-11 20:50:21,43.3591766357422,-8.8435115814209,"Unknown"
"7014853",371857,2025-06-11 20:55:23,43.3591156005859,-8.84346008300781,"Unknown"
"7014853",371857,2025-06-11 21:02:19,43.3591575622559,-8.84357929229736,"Unknown"
"7014853",371857,2025-06-12 02:02:54,43.3592910766602,-8.84347152709961,"Unknown"
"7014853",371857,2025-06-12 05:00:48,43.3463706970215,-8.82293033599854,"Unknown"
"7014853",371857,2025-06-12 05:05:30,43.3441352844238,-8.82641315460205,"Unknown"
"7014853",371857,2025-06-12 05:10:40,43.3621444702148,-8.82224082946777,"Unknown"
"7014853",371857,2025-06-12 05:15:30,43.3619384765625,-8.82218647003174,"Unknown"
"7014853",371857,2025-06-12 05:20:18,43.3634223937988,-8.82283115386963,"Unknown"
"7014853",371857,2025-06-12 05:25:16,43.3628349304199,-8.82343864440918,"Unknown"
"7014853",371857,2025-06-12 05:30:17,43.3598175048828,-8.82623767852783,"Unknown"
"7014853",371857,2025-06-12 05:35:45,43.3593406677246,-8.84341526031494,"Unknown"
"7014853",371857,2025-06-12 05:40:29,43.3588180541992,-8.84413528442383,"Unknown"
"7014853",371857,2025-06-12 05:45:44,43.3595809936523,-8.84311676025391,"Unknown"
"7014853",371857,2025-06-12 05:50:26,43.3594741821289,-8.84324645996094,"Unknown"
"7014853",371857,2025-06-12 05:55:24,43.3595848083496,-8.84318733215332,"Unknown"
"7014853",371857,2025-06-12 06:00:24,43.3595352172852,-8.84314823150635,"Unknown"
"7014853",371857,2025-06-12 06:05:46,43.3593940734863,-8.84300994873047,"Unknown"
"7014853",371857,2025-06-12 06:10:27,43.3593330383301,-8.84301280975342,"Unknown"
"7014853",371857,2025-06-12 06:15:25,43.3593215942383,-8.84307956695557,"Unknown"
"7014853",371857,2025-06-12 06:20:44,43.3591728210449,-8.84349536895752,"Unknown"
"7014853",371857,2025-06-12 06:25:53,43.3592643737793,-8.84342765808105,"Unknown"
"7014853",371857,2025-06-12 06:30:16,43.3592109680176,-8.84356212615967,"Unknown"
"7014853",371857,2025-06-12 06:35:16,43.3592071533203,-8.8435640335083,"Unknown"
"7014853",371857,2025-06-12 06:40:16,43.3592414855957,-8.84354877471924,"Unknown"
"7014853",371857,2025-06-12 06:45:44,43.3592185974121,-8.84348106384277,"Unknown"
"7014853",371857,2025-06-12 06:50:22,43.3591651916504,-8.84347534179688,"Unknown"
"7014853",371857,2025-06-12 06:55:21,43.3591995239258,-8.84349536895752,"Unknown"
"7014853",371857,2025-06-12 07:00:17,43.359245300293,-8.84365940093994,"Unknown"
"7014853",371857,2025-06-12 07:05:19,43.3590850830078,-8.84353065490723,"Unknown"
"7014853",371857,2025-06-12 07:10:23,43.359073638916,-8.84346485137939,"Unknown"
"7014853",371857,2025-06-12 07:15:30,43.3590927124023,-8.84347534179688,"Unknown"
"7014853",371857,2025-06-12 07:20:19,43.3590393066406,-8.84341335296631,"Unknown"
"7014853",371857,2025-06-12 07:25:21,43.3589973449707,-8.8434419631958,"Unknown"
"7014853",371857,2025-06-12 07:30:28,43.3592071533203,-8.84345436096191,"Unknown"
"7014853",371857,2025-06-12 07:35:28,43.3592147827148,-8.84343433380127,"Unknown"
"7014853",371857,2025-06-12 07:40:31,43.3591995239258,-8.84346199035645,"Unknown"
"7014853",371857,2025-06-12 07:45:29,43.3592262268066,-8.84348011016846,"Unknown"
"7014853",371857,2025-06-12 07:50:44,43.3631019592285,-8.8120584487915,"Unknown"
"7014853",371857,2025-06-12 07:55:16,43.369686126709,-8.80805206298828,"Unknown"
"7014853",371857,2025-06-12 08:00:31,43.3703193664551,-8.80631732940674,"Unknown"
"7014853",371857,2025-06-12 08:05:34,43.3717727661133,-8.80709171295166,"Unknown"
"7014853",371857,2025-06-12 08:10:22,43.3727760314941,-8.80824565887451,"Unknown"
"7014853",371857,2025-06-12 08:15:19,43.3716278076172,-8.80906391143799,"Unknown"
"7014853",371857,2025-06-12 08:22:41,43.3597679138184,-8.84634304046631,"Unknown"
"7014853",371857,2025-06-12 08:25:22,43.3592910766602,-8.84334564208984,"Unknown"
"7014853",371857,2025-06-12 08:30:24,43.3591651916504,-8.84329891204834,"Unknown"
"7014853",371857,2025-06-12 08:35:21,43.3591690063477,-8.84337043762207,"Unknown"
"7014853",371857,2025-06-12 08:40:17,43.3539276123047,-8.83679676055908,"Unknown"
"7014853",371857,2025-06-12 08:45:16,43.3407020568848,-8.82453727722168,"Unknown"
"7014853",371857,2025-06-12 08:50:17,43.3469505310059,-8.7912015914917,"Unknown"
"7014853",371857,2025-06-12 08:55:17,43.3518218994141,-8.78517246246338,"Unknown"
"7014853",371857,2025-06-12 09:00:44,43.3564300537109,-8.76302337646484,"Unknown"
"7014853",371857,2025-06-12 09:05:16,43.3504638671875,-8.73425674438477,"Unknown"
"7014853",371857,2025-06-12 09:10:19,43.3614845275879,-8.71041679382324,"Unknown"
"7014853",371857,2025-06-12 09:15:16,43.3628349304199,-8.66682052612305,"Unknown"
"7014853",371857,2025-06-12 09:20:16,43.3662719726562,-8.62021827697754,"Unknown"
"7014853",371857,2025-06-12 09:25:21,43.375732421875,-8.58640480041504,"Unknown"
"7014853",371857,2025-06-12 09:30:18,43.4053192138672,-8.57057094573975,"Unknown"
"7014853",371857,2025-06-12 09:35:19,43.4106826782227,-8.56759071350098,"Unknown"
"7014853",371857,2025-06-12 09:40:16,43.4180564880371,-8.57292175292969,"Unknown"
"7014853",371857,2025-06-12 09:46:40,43.4287567138672,-8.5738353729248,"Unknown"
"7014853",371857,2025-06-12 09:51:40,43.4288597106934,-8.57770252227783,"Unknown"
"7014853",371857,2025-06-12 09:55:17,43.4216003417969,-8.57684135437012,"Unknown"
"7014853",371857,2025-06-12 10:00:30,43.4142227172852,-8.57763862609863,"Unknown"
"7014853",371857,2025-06-12 10:05:19,43.4016265869141,-8.57788181304932,"Unknown"
"7014853",371857,2025-06-12 10:10:21,43.3914489746094,-8.57600784301758,"Unknown"
"7014853",371857,2025-06-12 10:15:21,43.3843231201172,-8.5786714553833,"Unknown"
"7014853",371857,2025-06-12 10:20:22,43.3728790283203,-8.57874202728271,"Unknown"
"7014853",371857,2025-06-12 10:25:18,43.3554649353027,-8.57273197174072,"Unknown"
"7014853",371857,2025-06-12 10:30:17,43.3391418457031,-8.5767297744751,"Unknown"
"7014853",371857,2025-06-12 10:35:51,43.3260345458984,-8.58542251586914,"Unknown"
"7014853",371857,2025-06-12 10:40:16,43.3205146789551,-8.59879207611084,"Unknown"
"7014853",371857,2025-06-12 10:45:16,43.315746307373,-8.60967540740967,"Unknown"
"7014853",371857,2025-06-12 10:50:17,43.3115348815918,-8.63577270507812,"Unknown"
"7014853",371857,2025-06-12 10:55:16,43.3103981018066,-8.64392852783203,"Unknown"
"7014853",371857,2025-06-12 11:00:16,43.3036499023438,-8.66369819641113,"Unknown"
"7014853",371857,2025-06-12 11:05:22,43.296989440918,-8.68986034393311,"Unknown"
"7014853",371857,2025-06-12 11:10:17,43.2969131469727,-8.71747016906738,"Unknown"
"7014853",371857,2025-06-12 11:15:17,43.2951965332031,-8.73584938049316,"Unknown"
"7014853",371857,2025-06-12 11:20:16,43.2945976257324,-8.73328971862793,"Unknown"
"7014853",371857,2025-06-12 11:25:16,43.2955169677734,-8.73699188232422,"Unknown"
"7014853",371857,2025-06-12 11:31:29,43.2935218811035,-8.73788452148438,"Unknown"
"7014853",371857,2025-06-12 11:35:20,43.293514251709,-8.73792552947998,"Unknown"
"7014853",371857,2025-06-12 11:40:16,43.2947273254395,-8.73967361450195,"Unknown"
"7014853",371857,2025-06-12 11:45:17,43.3017578125,-8.76448249816895,"Unknown"
"7014853",371857,2025-06-12 11:50:16,43.3122291564941,-8.79092121124268,"Unknown"
"7014853",371857,2025-06-12 11:55:16,43.3428955078125,-8.81385803222656,"Unknown"
"7014853",371857,2025-06-12 12:00:17,43.3605537414551,-8.84684467315674,"Unknown"
"7014853",371857,2025-06-12 12:05:53,43.3588066101074,-8.84350395202637,"Unknown"
"7014853",371857,2025-06-12 12:10:16,43.3590621948242,-8.84351921081543,"Unknown"
"7014853",371857,2025-06-12 12:15:16,43.359130859375,-8.84346008300781,"Unknown"
"7014853",371857,2025-06-12 12:20:19,43.3591651916504,-8.84346294403076,"Unknown"
"7014853",371857,2025-06-12 12:25:24,43.3590240478516,-8.84356307983398,"Unknown"
"7014853",371857,2025-06-12 12:30:20,43.359001159668,-8.8435173034668,"Unknown"
"7014853",371857,2025-06-12 12:35:19,43.3591613769531,-8.84356784820557,"Unknown"
"7014853",371857,2025-06-12 12:40:17,43.3591461181641,-8.84345245361328,"Unknown"
"7014853",371857,2025-06-12 12:45:19,43.3591232299805,-8.8435525894165,"Unknown"
"7014853",371857,2025-06-12 12:50:19,43.3591957092285,-8.84328269958496,"Unknown"
"7014853",371857,2025-06-12 12:56:11,43.3592834472656,-8.84348297119141,"Unknown"
"7014853",371857,2025-06-12 13:00:18,43.3593368530273,-8.84359359741211,"Unknown"
"7014853",371857,2025-06-12 13:05:19,43.3592872619629,-8.84350967407227,"Unknown"
"7014853",371857,2025-06-12 13:10:17,43.359203338623,-8.84360408782959,"Unknown"
"7014853",371857,2025-06-12 13:15:18,43.3592643737793,-8.84352874755859,"Unknown"
"7014853",371857,2025-06-12 13:20:18,43.3592376708984,-8.843430519104,"Unknown"
"7014853",371857,2025-06-12 13:25:20,43.3590774536133,-8.84333324432373,"Unknown"
"7014853",371857,2025-06-12 13:30:24,43.3590545654297,-8.84358978271484,"Unknown"
"7014853",371857,2025-06-12 13:35:43,43.359130859375,-8.84348392486572,"Unknown"
"7014853",371857,2025-06-12 13:40:23,43.3593711853027,-8.84365081787109,"Unknown"
"7014853",371857,2025-06-12 13:45:20,43.3590812683105,-8.84355354309082,"Unknown"
"7014853",371857,2025-06-12 13:50:24,43.3589782714844,-8.84366703033447,"Unknown"
"7014853",371857,2025-06-12 13:55:23,43.3590927124023,-8.84354305267334,"Unknown"
"7014853",371857,2025-06-12 14:00:18,43.3591041564941,-8.84355640411377,"Unknown"
"7014853",371857,2025-06-12 14:05:27,43.3591194152832,-8.84353828430176,"Unknown"
"7014853",371857,2025-06-12 14:10:17,43.3592262268066,-8.84342670440674,"Unknown"
"7014853",371857,2025-06-12 14:15:20,43.3588790893555,-8.84420871734619,"Unknown"
"7014853",371857,2025-06-12 14:20:23,43.3589935302734,-8.84342288970947,"Unknown"
"7014853",371857,2025-06-12 14:25:40,43.3591003417969,-8.84363651275635,"Unknown"
"7014853",371857,2025-06-12 14:30:20,43.3616561889648,-8.85040950775146,"Unknown"
"7014853",371857,2025-06-12 14:35:19,43.3354644775391,-8.84480571746826,"Unknown"
"7014853",371857,2025-06-12 14:40:18,43.3136177062988,-8.85747623443604,"Unknown"
"7014853",371857,2025-06-12 14:45:43,43.3082008361816,-8.85171127319336,"Unknown"
"7014853",371857,2025-06-12 14:50:18,43.3002777099609,-8.85846996307373,"Unknown"
"7014853",371857,2025-06-12 14:55:29,43.2944717407227,-8.83974266052246,"Unknown"
"7014853",371857,2025-06-12 15:00:20,43.3073387145996,-8.83739376068115,"Unknown"
"7014853",371857,2025-06-12 15:05:18,43.3199501037598,-8.85323715209961,"Unknown"
"7014853",371857,2025-06-12 15:10:30,43.3144149780273,-8.85730743408203,"Unknown"
"7014853",371857,2025-06-12 15:16:03,43.3183670043945,-8.85663509368896,"Unknown"
"7014853",371857,2025-06-12 15:20:17,43.3464660644531,-8.84274959564209,"Unknown"
"7014853",371857,2025-06-12 15:25:22,43.3593864440918,-8.84359836578369,"Unknown"
"7014853",371857,2025-06-12 15:30:19,43.359203338623,-8.84366798400879,"Unknown"
"7014853",371857,2025-06-12 15:35:21,43.3592834472656,-8.8436975479126,"Unknown"
"7014853",371857,2025-06-12 15:40:21,43.3593521118164,-8.84370231628418,"Unknown"
"7014853",371857,2025-06-12 15:45:19,43.3593215942383,-8.84369659423828,"Unknown"
"7014853",371857,2025-06-12 15:50:19,43.3705253601074,-8.84480667114258,"Unknown"
"7014853",371857,2025-06-12 15:55:19,43.3714065551758,-8.8486156463623,"Unknown"
"7014853",371857,2025-06-12 16:00:31,43.3698883056641,-8.8471155166626,"Unknown"
"7014853",371857,2025-06-12 16:05:18,43.3660049438477,-8.84008979797363,"Unknown"
"7014853",371857,2025-06-12 16:10:25,43.3592643737793,-8.84353446960449,"Unknown"
"7014853",371857,2025-06-12 16:15:44,43.3592834472656,-8.84363460540771,"Unknown"
"7014853",371857,2025-06-12 16:20:18,43.3593597412109,-8.84362602233887,"Unknown"
"7014853",371857,2025-06-12 16:25:20,43.3593063354492,-8.84363842010498,"Unknown"
"7014853",371857,2025-06-12 16:30:24,43.3591156005859,-8.84342670440674,"Unknown"
"7014853",371857,2025-06-12 16:35:30,43.3585586547852,-8.84268093109131,"Unknown"
"7014853",371857,2025-06-12 16:40:19,43.3590087890625,-8.8432788848877,"Unknown"
"7014853",371857,2025-06-12 16:45:29,43.3592758178711,-8.84367561340332,"Unknown"
"7014853",371857,2025-06-12 16:50:44,43.3591995239258,-8.84357166290283,"Unknown"
"7014853",371857,2025-06-12 16:55:19,43.3591537475586,-8.84350776672363,"Unknown"
"7014853",371857,2025-06-12 17:00:19,43.3590278625488,-8.84335136413574,"Unknown"
"7014853",371857,2025-06-12 17:05:19,43.3593292236328,-8.84369468688965,"Unknown"
"7014853",371857,2025-06-12 17:10:32,43.3592262268066,-8.84353160858154,"Unknown"
"7014853",371857,2025-06-12 17:15:21,43.3579521179199,-8.84628009796143,"Unknown"
"7014853",371857,2025-06-12 17:20:24,43.3454399108887,-8.84991264343262,"Unknown"
"7014853",371857,2025-06-12 17:25:24,43.3460273742676,-8.84852695465088,"Unknown"
"7014853",371857,2025-06-12 17:30:40,43.3463478088379,-8.84740161895752,"Unknown"
"7014853",371857,2025-06-12 17:35:25,43.3467025756836,-8.84543991088867,"Unknown"
"7014853",371857,2025-06-12 17:40:33,43.3453140258789,-8.84879779815674,"Unknown"
"7014853",371857,2025-06-12 17:45:40,43.3452987670898,-8.85628890991211,"Unknown"
"7014853",371857,2025-06-12 17:50:22,43.3595275878906,-8.84411239624023,"Unknown"
"7014853",371857,2025-06-12 17:55:22,43.3593559265137,-8.84358310699463,"Unknown"
"7014853",371857,2025-06-12 18:00:32,43.3590660095215,-8.84352493286133,"Unknown"
"7014853",371857,2025-06-12 18:05:30,43.3590774536133,-8.8432559967041,"Unknown"
"7014853",371857,2025-06-12 18:10:30,43.3590621948242,-8.84272289276123,"Unknown"
"7014853",371857,2025-06-12 18:15:44,43.3591461181641,-8.84350776672363,"Unknown"
"7014853",371857,2025-06-12 18:20:19,43.3594627380371,-8.84350395202637,"Unknown"
"7014853",371857,2025-06-12 18:25:30,43.3591117858887,-8.84345245361328,"Unknown"
"7014853",371857,2025-06-12 18:30:18,43.3589286804199,-8.84343242645264,"Unknown"
"7014853",371857,2025-06-12 18:35:30,43.359073638916,-8.84343910217285,"Unknown"
"7014853",371857,2025-06-12 18:40:22,43.3593902587891,-8.84356498718262,"Unknown"
"7014853",371857,2025-06-12 18:45:44,43.3591613769531,-8.84345149993896,"Unknown"
"7014853",371857,2025-06-12 18:50:19,43.3593254089355,-8.84351921081543,"Unknown"
"7014853",371857,2025-06-12 18:55:22,43.3591041564941,-8.84336948394775,"Unknown"
"7014853",371857,2025-06-12 19:00:18,43.3589744567871,-8.84330940246582,"Unknown"
"7014853",371857,2025-06-12 19:05:25,43.3589935302734,-8.84326648712158,"Unknown"
"7014853",371857,2025-06-12 19:10:24,43.3587303161621,-8.84305858612061,"Unknown"
"7014853",371857,2025-06-12 19:15:25,43.3590698242188,-8.84334564208984,"Unknown"
"7014853",371857,2025-06-12 19:20:23,43.3591766357422,-8.84344387054443,"Unknown"
"7014853",371857,2025-06-12 19:25:22,43.3591613769531,-8.84342288970947,"Unknown"
"7014853",371857,2025-06-12 19:31:05,43.3592185974121,-8.84351634979248,"Unknown"
"7014853",371857,2025-06-12 19:35:21,43.3591842651367,-8.84353351593018,"Unknown"
"7014853",371857,2025-06-12 19:40:19,43.357048034668,-8.85738372802734,"Unknown"
"7014853",371857,2025-06-12 19:45:19,43.3508148193359,-8.83786773681641,"Unknown"
"7014853",371857,2025-06-12 19:50:23,43.3508834838867,-8.83897590637207,"Unknown"
"7014853",371857,2025-06-12 19:55:18,43.3749694824219,-8.84884166717529,"Unknown"
"7014853",371857,2025-06-12 20:00:18,43.4044952392578,-8.86818695068359,"Unknown"
"7014853",371857,2025-06-12 20:05:20,43.4233589172363,-8.88721656799316,"Unknown"
"7014853",371857,2025-06-12 20:10:20,43.4008522033691,-8.87607955932617,"Unknown"
"7014853",371857,2025-06-12 20:15:19,43.3763542175293,-8.85672569274902,"Unknown"
"7014853",371857,2025-06-12 20:20:21,43.3593444824219,-8.84358692169189,"Unknown"
"7014853",371857,2025-06-12 20:25:22,43.3593940734863,-8.84358501434326,"Unknown"
"7014853",371857,2025-06-12 20:30:44,43.359130859375,-8.84359169006348,"Unknown"
"7014853",371857,2025-06-12 20:35:23,43.3591690063477,-8.84343814849854,"Unknown"
"7014853",371857,2025-06-12 20:40:25,43.3591575622559,-8.84360027313232,"Unknown"
"7014853",371857,2025-06-12 20:45:20,43.3588218688965,-8.84377956390381,"Unknown"
"7014853",371857,2025-06-12 20:50:30,43.3591270446777,-8.84357452392578,"Unknown"
"7014853",371857,2025-06-12 20:55:19,43.3591995239258,-8.84350395202637,"Unknown"
"7014853",371857,2025-06-12 21:00:30,43.3591270446777,-8.84357833862305,"Unknown"
"7014853",371857,2025-06-12 21:02:54,43.3591384887695,-8.84350299835205,"Unknown"
"7014853",371857,2025-06-13 02:03:23,43.3592071533203,-8.8435115814209,"Unknown"
"7014853",371857,2025-06-13 05:00:12,43.3589935302734,-8.84344291687012,"Unknown"
"7014853",371857,2025-06-13 05:05:12,43.3590126037598,-8.84346008300781,"Unknown"
"7014853",371857,2025-06-13 05:10:09,43.3589630126953,-8.84347343444824,"Unknown"
"7014853",371857,2025-06-13 05:15:08,43.3590431213379,-8.8434362411499,"Unknown"
"7014853",371857,2025-06-13 05:20:14,43.3590774536133,-8.84341526031494,"Unknown"
"7014853",371857,2025-06-13 05:25:09,43.3590621948242,-8.8433952331543,"Unknown"
"7014853",371857,2025-06-13 05:30:09,43.3590507507324,-8.84340763092041,"Unknown"
"7014853",371857,2025-06-13 05:35:09,43.3590774536133,-8.84341049194336,"Unknown"
"7014853",371857,2025-06-13 05:40:09,43.3590888977051,-8.84340286254883,"Unknown"
"7014853",371857,2025-06-13 05:45:35,43.3591728210449,-8.84351062774658,"Unknown"
"7014853",371857,2025-06-13 05:50:03,43.3591461181641,-8.84350109100342,"Unknown"
"7014853",371857,2025-06-13 05:55:03,43.3591117858887,-8.84350299835205,"Unknown"
"7014853",371857,2025-06-13 06:00:03,43.359245300293,-8.84344482421875,"Unknown"
"7014853",371857,2025-06-13 06:05:04,43.3523063659668,-8.84285068511963,"Unknown"
"7014853",371857,2025-06-13 06:10:03,43.3395614624023,-8.82774257659912,"Unknown"
"7014853",371857,2025-06-13 06:15:06,43.3278923034668,-8.81278514862061,"Unknown"
"7014853",371857,2025-06-13 06:20:04,43.3311080932617,-8.80068397521973,"Unknown"
"7014853",371857,2025-06-13 06:25:07,43.327953338623,-8.80187225341797,"Unknown"
"7014853",371857,2025-06-13 06:30:07,43.3230209350586,-8.80596733093262,"Unknown"
"7014853",371857,2025-06-13 06:35:07,43.3230438232422,-8.80593585968018,"Unknown"
"7014853",371857,2025-06-13 06:40:09,43.3230209350586,-8.80594921112061,"Unknown"
"7014853",371857,2025-06-13 06:45:04,43.3230476379395,-8.80648422241211,"Unknown"
"7014853",371857,2025-06-13 06:50:19,43.3217124938965,-8.80637454986572,"Unknown"
"7014853",371857,2025-06-13 06:55:25,43.3238220214844,-8.80645084381104,"Unknown"
"7014853",371857,2025-06-13 07:00:11,43.322868347168,-8.80634498596191,"Unknown"
"7014853",371857,2025-06-13 07:05:12,43.3233108520508,-8.80642127990723,"Unknown"
"7014853",371857,2025-06-13 07:10:04,43.3224258422852,-8.80539035797119,"Unknown"
"7014853",371857,2025-06-13 07:15:18,43.3225784301758,-8.80505847930908,"Unknown"
"7014853",371857,2025-06-13 07:20:30,43.323356628418,-8.80617618560791,"Unknown"
"7014853",371857,2025-06-13 07:25:35,43.3237991333008,-8.80622386932373,"Unknown"
"7014853",371857,2025-06-13 07:30:18,43.3285636901855,-8.78954219818115,"Unknown"
"7014853",371857,2025-06-13 07:35:14,43.3266448974609,-8.80647563934326,"Unknown"
"7014853",371857,2025-06-13 07:40:13,43.3266181945801,-8.80647087097168,"Unknown"
"7014853",371857,2025-06-13 07:45:09,43.3232917785645,-8.80670738220215,"Unknown"
"7014853",371857,2025-06-13 07:50:12,43.3230361938477,-8.80608081817627,"Unknown"
"7014853",371857,2025-06-13 07:55:04,43.3235282897949,-8.80573081970215,"Unknown"
"7014853",371857,2025-06-13 08:00:06,43.3214645385742,-8.77797508239746,"Unknown"
"7014853",371857,2025-06-13 08:05:09,43.3105888366699,-8.74975681304932,"Unknown"
"7014853",371857,2025-06-13 08:10:06,43.306957244873,-8.75793075561523,"Unknown"
"7014853",371857,2025-06-13 08:15:06,43.3235473632812,-8.79528331756592,"Unknown"
"7014853",371857,2025-06-13 08:20:10,43.3227233886719,-8.80425930023193,"Unknown"
"7014853",371857,2025-06-13 08:25:06,43.3445243835449,-8.81637954711914,"Unknown"
"7014853",371857,2025-06-13 08:30:12,43.3594398498535,-8.844069480896,"Unknown"
"7014853",371857,2025-06-13 08:35:21,43.3594360351562,-8.84399509429932,"Unknown"
"7014853",371857,2025-06-13 08:40:17,43.3594551086426,-8.84405517578125,"Unknown"
"7014853",371857,2025-06-13 08:45:29,43.3594512939453,-8.84400939941406,"Unknown"
"7014853",371857,2025-06-13 08:50:15,43.3593368530273,-8.84396839141846,"Unknown"
"7014853",371857,2025-06-13 08:55:11,43.3593673706055,-8.84395694732666,"Unknown"
"7014853",371857,2025-06-13 09:00:09,43.3592300415039,-8.8439245223999,"Unknown"
"7014853",371857,2025-06-13 09:05:29,43.3590393066406,-8.84374618530273,"Unknown"
"7014853",371857,2025-06-13 09:10:09,43.3588638305664,-8.84381866455078,"Unknown"
"7014853",371857,2025-06-13 09:15:09,43.359130859375,-8.84360885620117,"Unknown"
"7014853",371857,2025-06-13 09:20:08,43.3591079711914,-8.84360504150391,"Unknown"
"7014853",371857,2025-06-13 09:25:09,43.3591690063477,-8.84359169006348,"Unknown"
"7014853",371857,2025-06-13 09:30:09,43.3592414855957,-8.84364032745361,"Unknown"
"7014853",371857,2025-06-13 09:35:09,43.3590545654297,-8.84361839294434,"Unknown"
"7014853",371857,2025-06-13 09:40:07,43.3589706420898,-8.84362125396729,"Unknown"
"7014853",371857,2025-06-13 09:45:12,43.3588485717773,-8.84360694885254,"Unknown"
"7014853",371857,2025-06-13 09:50:11,43.3588218688965,-8.84360313415527,"Unknown"
"7014853",371857,2025-06-13 09:55:09,43.358772277832,-8.84358692169189,"Unknown"
"7014853",371857,2025-06-13 10:00:12,43.3587646484375,-8.84351348876953,"Unknown"
"7014853",371857,2025-06-13 10:05:09,43.3587341308594,-8.84355735778809,"Unknown"
"7014853",371857,2025-06-13 10:10:12,43.3589019775391,-8.84346103668213,"Unknown"
"7014853",371857,2025-06-13 10:15:10,43.3588256835938,-8.843430519104,"Unknown"
"7014853",371857,2025-06-13 10:20:09,43.3591957092285,-8.84358024597168,"Unknown"
"7014853",371857,2025-06-13 10:25:06,43.3594169616699,-8.84370136260986,"Unknown"
"7014853",371857,2025-06-13 10:30:07,43.3594589233398,-8.84368419647217,"Unknown"
"7014853",371857,2025-06-13 10:35:07,43.3593635559082,-8.84349918365479,"Unknown"
"7014853",371857,2025-06-13 10:40:08,43.3594436645508,-8.84366512298584,"Unknown"
"7014853",371857,2025-06-13 10:45:05,43.3592910766602,-8.84359169006348,"Unknown"
"7014853",371857,2025-06-13 10:50:07,43.359546661377,-8.84364414215088,"Unknown"
"7014853",371857,2025-06-13 10:55:12,43.3826713562012,-8.86083316802979,"Unknown"
"7014853",371857,2025-06-13 11:00:05,43.4069976806641,-8.89165210723877,"Unknown"
"7014853",371857,2025-06-13 11:05:05,43.4356689453125,-8.92449378967285,"Unknown"
"7014853",371857,2025-06-13 11:10:06,43.4516181945801,-8.92851829528809,"Unknown"
"7014853",371857,2025-06-13 11:15:10,43.458683013916,-8.93059062957764,"Unknown"
"7014853",371857,2025-06-13 11:20:05,43.4740028381348,-8.93753051757812,"Unknown"
"7014853",371857,2025-06-13 11:25:06,43.4852867126465,-8.9395227432251,"Unknown"
"7014853",371857,2025-06-13 11:30:09,43.485969543457,-8.9395227432251,"Unknown"
"7014853",371857,2025-06-13 11:35:09,43.4785385131836,-8.92396259307861,"Unknown"
"7014853",371857,2025-06-13 11:40:04,43.4593124389648,-8.89767551422119,"Unknown"
"7014853",371857,2025-06-13 11:45:05,43.4349250793457,-8.87637901306152,"Unknown"
"7014853",371857,2025-06-13 11:50:23,43.4130783081055,-8.8644495010376,"Unknown"
"7014853",371857,2025-06-13 11:55:21,43.3910255432129,-8.8538875579834,"Unknown"
"7014853",371857,2025-06-13 12:00:22,43.3647689819336,-8.84570503234863,"Unknown"
"7014853",371857,2025-06-13 12:05:21,43.3596420288086,-8.84361362457275,"Unknown"
"7014853",371857,2025-06-13 12:10:22,43.3596458435059,-8.84365367889404,"Unknown"
"7014853",371857,2025-06-13 12:15:22,43.3596534729004,-8.84362316131592,"Unknown"
"7014853",371857,2025-06-13 12:20:09,43.359489440918,-8.84346294403076,"Unknown"
"7014853",371857,2025-06-13 12:25:10,43.3594665527344,-8.84347629547119,"Unknown"
"7014853",371857,2025-06-13 12:30:07,43.3594131469727,-8.84348011016846,"Unknown"
"7014853",371857,2025-06-13 12:35:08,43.359447479248,-8.84341812133789,"Unknown"
"7014853",371857,2025-06-13 12:40:06,43.3616180419922,-8.84825992584229,"Unknown"
"7014853",371857,2025-06-13 12:45:07,43.3376388549805,-8.84607791900635,"Unknown"
"7014853",371857,2025-06-13 12:50:06,43.3173179626465,-8.8530855178833,"Unknown"
"7014853",371857,2025-06-13 12:55:05,43.3145217895508,-8.85641002655029,"Unknown"
"7014853",371857,2025-06-13 13:00:12,43.3142967224121,-8.85690116882324,"Unknown"
"7014853",371857,2025-06-13 13:05:04,43.3142280578613,-8.85694980621338,"Unknown"
"7014853",371857,2025-06-13 13:10:05,43.3207130432129,-8.8529167175293,"Unknown"
"7014853",371857,2025-06-13 13:15:07,43.3564643859863,-8.84548950195312,"Unknown"
"7014853",371857,2025-06-13 13:20:06,43.3595008850098,-8.84339618682861,"Unknown"
"7014853",371857,2025-06-13 13:25:07,43.3595695495605,-8.8432149887085,"Unknown"
"7014853",371857,2025-06-13 13:30:06,43.3596649169922,-8.84289073944092,"Unknown"
"7014853",371857,2025-06-13 13:35:15,43.3594818115234,-8.84340190887451,"Unknown"
"7014853",371857,2025-06-13 13:40:09,43.3594207763672,-8.84342575073242,"Unknown"
"7014853",371857,2025-06-13 13:45:10,43.3595504760742,-8.84334278106689,"Unknown"
"7014853",371857,2025-06-13 13:50:06,43.3587455749512,-8.84469032287598,"Unknown"
"7014853",371857,2025-06-13 13:55:09,43.359489440918,-8.84338855743408,"Unknown"
"7014853",371857,2025-06-13 14:00:06,43.3594741821289,-8.84332084655762,"Unknown"
"7014853",371857,2025-06-13 14:05:05,43.3594131469727,-8.84353828430176,"Unknown"
"7014853",371857,2025-06-13 14:10:07,43.3596687316895,-8.84331798553467,"Unknown"
"7014853",371857,2025-06-13 14:15:07,43.359489440918,-8.84342670440674,"Unknown"
"7014853",371857,2025-06-13 14:20:08,43.3594818115234,-8.84321212768555,"Unknown"
"7014853",371857,2025-06-13 14:25:10,43.3594398498535,-8.84347438812256,"Unknown"
"7014853",371857,2025-06-13 14:30:06,43.3596992492676,-8.84341907501221,"Unknown"
"7014853",371857,2025-06-13 14:35:09,43.3597106933594,-8.84342002868652,"Unknown"
"7014853",371857,2025-06-13 14:40:07,43.3598098754883,-8.84329223632812,"Unknown"
"7014853",371857,2025-06-13 14:45:10,43.3593673706055,-8.84348964691162,"Unknown"
"7014853",371857,2025-06-13 14:50:09,43.3594627380371,-8.84314918518066,"Unknown"
"7014853",371857,2025-06-13 14:55:06,43.3595542907715,-8.84339714050293,"Unknown"
"7014853",371857,2025-06-13 15:00:09,43.3597679138184,-8.84332084655762,"Unknown"
"7014853",371857,2025-06-13 15:05:09,43.3596801757812,-8.84338188171387,"Unknown"
"7014853",371857,2025-06-13 15:10:04,43.3597373962402,-8.84328269958496,"Unknown"
"7014853",371857,2025-06-13 15:15:06,43.359375,-8.84330654144287,"Unknown"
"7014853",371857,2025-06-13 15:20:04,43.3595542907715,-8.84319019317627,"Unknown"
"7014853",371857,2025-06-13 15:25:04,43.3594703674316,-8.8433780670166,"Unknown"
"7014853",371857,2025-06-13 15:30:05,43.3596572875977,-8.84347057342529,"Unknown"
"7014853",371857,2025-06-13 15:35:06,43.3594627380371,-8.8433141708374,"Unknown"
"7014853",371857,2025-06-13 15:40:05,43.3595962524414,-8.84356594085693,"Unknown"
"7014853",371857,2025-06-13 15:45:06,43.3594207763672,-8.84331226348877,"Unknown"
"7014853",371857,2025-06-13 15:50:06,43.3593597412109,-8.84334468841553,"Unknown"
"7014853",371857,2025-06-13 15:55:06,43.3592872619629,-8.84332847595215,"Unknown"
"7014853",371857,2025-06-13 16:00:06,43.3592147827148,-8.8432674407959,"Unknown"
"7014853",371857,2025-06-13 16:05:06,43.3592071533203,-8.84328937530518,"Unknown"
"7014853",371857,2025-06-13 16:10:06,43.3591728210449,-8.84326648712158,"Unknown"
"7014853",371857,2025-06-13 16:15:19,43.3589859008789,-8.84314441680908,"Unknown"
"7014853",371857,2025-06-13 16:20:08,43.3591423034668,-8.84323310852051,"Unknown"
"7014853",371857,2025-06-13 16:25:06,43.359073638916,-8.84336280822754,"Unknown"
"7014853",371857,2025-06-13 16:30:09,43.3592567443848,-8.84326362609863,"Unknown"
"7014853",371857,2025-06-13 16:35:09,43.3594055175781,-8.84334182739258,"Unknown"
"7014853",371857,2025-06-13 16:40:07,43.3592796325684,-8.84337615966797,"Unknown"
"7014853",371857,2025-06-13 16:45:07,43.3593902587891,-8.84337997436523,"Unknown"
"7014853",371857,2025-06-13 16:50:06,43.3591461181641,-8.84328746795654,"Unknown"
"7014853",371857,2025-06-13 16:55:06,43.3593711853027,-8.84346389770508,"Unknown"
"7014853",371857,2025-06-13 17:00:07,43.3594245910645,-8.84351062774658,"Unknown"
"7014853",371857,2025-06-13 17:05:06,43.3594055175781,-8.84334278106689,"Unknown"
"7014853",371857,2025-06-13 17:10:06,43.3593940734863,-8.84335803985596,"Unknown"
"7014853",371857,2025-06-13 17:15:07,43.3594512939453,-8.84340381622314,"Unknown"
"7014853",371857,2025-06-13 17:20:09,43.3594436645508,-8.84334182739258,"Unknown"
"7014853",371857,2025-06-13 17:25:10,43.3591575622559,-8.84308433532715,"Unknown"
"7014853",371857,2025-06-13 17:30:11,43.3592109680176,-8.84311294555664,"Unknown"
"7014853",371857,2025-06-13 17:35:08,43.3594970703125,-8.84347724914551,"Unknown"
"7014853",371857,2025-06-13 17:40:08,43.3593330383301,-8.84366226196289,"Unknown"
"7014853",371857,2025-06-13 17:45:08,43.3595695495605,-8.84341716766357,"Unknown"
"7014853",371857,2025-06-13 17:50:07,43.3595314025879,-8.84348392486572,"Unknown"
"7014853",371857,2025-06-13 17:55:06,43.3593559265137,-8.84320831298828,"Unknown"
"7014853",371857,2025-06-13 18:00:08,43.3593292236328,-8.84318161010742,"Unknown"
"7014853",371857,2025-06-13 18:05:08,43.3592796325684,-8.84325313568115,"Unknown"
"7014853",371857,2025-06-13 18:10:08,43.3593254089355,-8.84329319000244,"Unknown"
"7014853",371857,2025-06-13 18:15:09,43.3594169616699,-8.84321594238281,"Unknown"
"7014853",371857,2025-06-13 18:20:08,43.3592071533203,-8.84306144714355,"Unknown"
"7014853",371857,2025-06-13 18:25:08,43.3593635559082,-8.84315776824951,"Unknown"
"7014853",371857,2025-06-13 18:30:12,43.3593330383301,-8.84316921234131,"Unknown"
"7014853",371857,2025-06-13 18:35:09,43.3594017028809,-8.8431921005249,"Unknown"
"7014853",371857,2025-06-13 18:40:11,43.3597450256348,-8.84342956542969,"Unknown"
"7014853",371857,2025-06-13 18:45:18,43.3592987060547,-8.84335041046143,"Unknown"
"7014853",371857,2025-06-13 18:50:12,43.359245300293,-8.84341621398926,"Unknown"
"7014853",371857,2025-06-13 18:55:08,43.3593406677246,-8.84336948394775,"Unknown"
"7014853",371857,2025-06-13 19:00:12,43.3592338562012,-8.84325790405273,"Unknown"
"7014853",371857,2025-06-13 19:05:08,43.3594169616699,-8.84329509735107,"Unknown"
"7014853",371857,2025-06-13 19:10:09,43.3593406677246,-8.84331321716309,"Unknown"
"7014853",371857,2025-06-13 19:15:22,43.3593254089355,-8.84340190887451,"Unknown"
"7014853",371857,2025-06-13 19:20:11,43.3593902587891,-8.843337059021,"Unknown"
"7014853",371857,2025-06-13 19:25:35,43.3591957092285,-8.84351062774658,"Unknown"
"7014853",371857,2025-06-13 19:30:04,43.3591575622559,-8.84353256225586,"Unknown"
"7014853",371857,2025-06-13 19:35:03,43.3588066101074,-8.8445463180542,"Unknown"
"7014853",371857,2025-06-13 19:40:03,43.3980369567871,-8.84780883789062,"Unknown"
"7014853",371857,2025-06-13 19:45:10,43.4396934509277,-8.8573055267334,"Unknown"
"7014853",371857,2025-06-13 19:50:05,43.4657554626465,-8.87887096405029,"Unknown"
"7014853",371857,2025-06-13 19:55:04,43.4665565490723,-8.91004371643066,"Unknown"
"7014853",371857,2025-06-13 20:00:04,43.4702949523926,-8.9358491897583,"Unknown"
"7014853",371857,2025-06-13 20:05:05,43.4703216552734,-8.96492862701416,"Unknown"
"7014853",371857,2025-06-13 20:10:05,43.4655914306641,-8.99791526794434,"Unknown"
"7014853",371857,2025-06-13 20:15:05,43.4684638977051,-9.02603626251221,"Unknown"
"7014853",371857,2025-06-13 20:20:47,43.4654769897461,-9.04714298248291,"Unknown"
"7014853",371857,2025-06-13 20:25:47,43.4617729187012,-9.05308055877686,"Unknown"
"7014853",371857,2025-06-13 20:30:47,43.4580841064453,-9.0653190612793,"Unknown"
"7014853",371857,2025-06-13 20:35:47,43.4516448974609,-9.06985759735107,"Unknown"
"7014853",371857,2025-06-13 20:40:47,43.4364967346191,-9.05439281463623,"Unknown"
"7014853",371857,2025-06-13 20:45:47,43.4180793762207,-9.03091716766357,"Unknown"
"7014853",371857,2025-06-13 20:50:48,43.3990745544434,-9.00543117523193,"Unknown"
"7014853",371857,2025-06-13 20:55:47,43.3829536437988,-8.97389793395996,"Unknown"
"7014853",371857,2025-06-13 21:00:47,43.3727607727051,-8.93106460571289,"Unknown"
"7014853",371857,2025-06-13 21:03:53,43.3684463500977,-8.89961528778076,"Unknown"
"7014853",371857,2025-06-14 02:03:55,43.3592681884766,-8.8435697555542,"Unknown"
"7014853",371857,2025-06-14 05:00:21,43.5334625244141,-8.99689674377441,"Unknown"
"7014853",371857,2025-06-14 05:05:18,43.5545463562012,-9.01577663421631,"Unknown"
"7014853",371857,2025-06-14 05:10:17,43.5382499694824,-9.0268383026123,"Unknown"
"7014853",371857,2025-06-14 05:15:17,43.5158233642578,-9.03342819213867,"Unknown"
"7014853",371857,2025-06-14 05:20:17,43.5162887573242,-9.0457592010498,"Unknown"
"7014853",371857,2025-06-14 05:25:18,43.5148849487305,-9.07172393798828,"Unknown"
"7014853",371857,2025-06-14 05:30:19,43.4965553283691,-9.08207511901855,"Unknown"
"7014853",371857,2025-06-14 05:35:19,43.4704742431641,-9.08719158172607,"Unknown"
"7014853",371857,2025-06-14 05:40:18,43.4418716430664,-9.08690452575684,"Unknown"
"7014853",371857,2025-06-14 05:45:18,43.4158401489258,-9.06752300262451,"Unknown"
"7014853",371857,2025-06-14 05:50:18,43.3928871154785,-9.038649559021,"Unknown"
"7014853",371857,2025-06-14 05:55:18,43.3778266906738,-8.99862480163574,"Unknown"
"7014853",371857,2025-06-14 06:00:18,43.3731803894043,-8.94788932800293,"Unknown"
"7014853",371857,2025-06-14 06:05:18,43.3634490966797,-8.90051651000977,"Unknown"
"7014853",371857,2025-06-14 06:10:18,43.3600273132324,-8.85397815704346,"Unknown"
"7014853",371857,2025-06-14 06:15:20,43.3591232299805,-8.84337329864502,"Unknown"
"7014853",371857,2025-06-14 06:20:30,43.3592147827148,-8.84348964691162,"Unknown"
"7014853",371857,2025-06-14 06:25:18,43.3591728210449,-8.84347820281982,"Unknown"
"7014853",371857,2025-06-14 06:30:56,43.3589286804199,-8.84328365325928,"Unknown"
"7014853",371857,2025-06-14 06:35:17,43.3586845397949,-8.84376049041748,"Unknown"
"7014853",371857,2025-06-14 06:40:19,43.3590316772461,-8.84330749511719,"Unknown"
"7014853",371857,2025-06-14 06:45:17,43.3589668273926,-8.8433952331543,"Unknown"
"7014853",371857,2025-06-14 06:50:18,43.3589782714844,-8.84350681304932,"Unknown"
"7014853",371857,2025-06-14 06:55:17,43.3594207763672,-8.84308624267578,"Unknown"
"7014853",371857,2025-06-14 07:00:17,43.3593559265137,-8.84323596954346,"Unknown"
"7014853",371857,2025-06-14 07:05:18,43.3591575622559,-8.84305477142334,"Unknown"
"7014853",371857,2025-06-14 07:10:21,43.3592529296875,-8.84319114685059,"Unknown"
"7014853",371857,2025-06-14 07:15:31,43.3600120544434,-8.84337329864502,"Unknown"
"7014853",371857,2025-06-14 07:20:34,43.3600883483887,-8.84339141845703,"Unknown"
"7014853",371857,2025-06-14 07:25:24,43.3599891662598,-8.84330558776855,"Unknown"
"7014853",371857,2025-06-14 07:30:30,43.3599700927734,-8.84326839447021,"Unknown"
"7014853",371857,2025-06-14 07:35:31,43.3601226806641,-8.84348487854004,"Unknown"
"7014853",371857,2025-06-14 07:40:24,43.3598937988281,-8.84328556060791,"Unknown"
"7014853",371857,2025-06-14 07:45:22,43.3600387573242,-8.8432092666626,"Unknown"
"7014853",371857,2025-06-14 07:50:19,43.3598098754883,-8.84330272674561,"Unknown"
"7014853",371857,2025-06-14 07:55:24,43.3544273376465,-8.83325672149658,"Unknown"
"7014853",371857,2025-06-14 08:00:25,43.3601837158203,-8.83551979064941,"Unknown"
"7014853",371857,2025-06-14 08:05:23,43.3648948669434,-8.83530712127686,"Unknown"
"7014853",371857,2025-06-14 08:10:25,43.3756904602051,-8.82830905914307,"Unknown"
"7014853",371857,2025-06-14 08:15:25,43.4123344421387,-8.83573818206787,"Unknown"
"7014853",371857,2025-06-14 08:20:35,43.448112487793,-8.8441333770752,"Unknown"
"7014853",371857,2025-06-14 08:25:48,43.4794578552246,-8.85035419464111,"Unknown"
"7014853",371857,2025-06-14 08:30:17,43.5100860595703,-8.86404895782471,"Unknown"
"7014853",371857,2025-06-14 08:35:17,43.537223815918,-8.87882900238037,"Unknown"
"7014853",371857,2025-06-14 08:40:17,43.5538520812988,-8.9054479598999,"Unknown"
"7014853",371857,2025-06-14 08:45:18,43.5738754272461,-8.93494319915771,"Unknown"
"7014853",371857,2025-06-14 08:50:17,43.5785980224609,-8.96713542938232,"Unknown"
"7014853",371857,2025-06-14 08:55:17,43.5883865356445,-9.00266933441162,"Unknown"
"7014853",371857,2025-06-14 09:00:17,43.598072052002,-9.03590202331543,"Unknown"
"7014853",371857,2025-06-14 09:05:17,43.6252021789551,-9.02998161315918,"Unknown"
"7014853",371857,2025-06-14 09:10:17,43.6452713012695,-8.98393440246582,"Unknown"
"7014853",371857,2025-06-14 09:15:17,43.6677322387695,-8.95027542114258,"Unknown"
"7014853",371857,2025-06-14 09:20:21,43.6929054260254,-8.91162776947021,"Unknown"
"7014853",371857,2025-06-14 09:25:17,43.7127647399902,-8.91098022460938,"Unknown"
"7014853",371857,2025-06-14 09:30:21,43.7108612060547,-8.89922618865967,"Unknown"
"7014853",371857,2025-06-14 09:35:17,43.7340049743652,-8.91714477539062,"Unknown"
"7014853",371857,2025-06-14 09:40:17,43.7352180480957,-8.9148588180542,"Unknown"
"7014853",371857,2025-06-14 09:45:21,43.7354316711426,-8.91503429412842,"Unknown"
"7014853",371857,2025-06-14 09:50:17,43.7305526733398,-8.91960716247559,"Unknown"
"7014853",371857,2025-06-14 09:55:17,43.7190017700195,-8.94340896606445,"Unknown"
"7014853",371857,2025-06-14 10:00:17,43.6927185058594,-8.93773365020752,"Unknown"
"7014853",371857,2025-06-14 10:05:17,43.670955657959,-8.91294574737549,"Unknown"
"7014853",371857,2025-06-14 10:10:18,43.6443214416504,-8.89272403717041,"Unknown"
"7014853",371857,2025-06-14 10:15:18,43.6193428039551,-8.87078380584717,"Unknown"
"7014853",371857,2025-06-14 10:20:17,43.6005744934082,-8.86302852630615,"Unknown"
"7014853",371857,2025-06-14 10:25:17,43.5827484130859,-8.869215965271,"Unknown"
"7014853",371857,2025-06-14 10:30:18,43.5581092834473,-8.86929988861084,"Unknown"
"7014853",371857,2025-06-14 10:35:17,43.5351448059082,-8.87870025634766,"Unknown"
"7014853",371857,2025-06-14 10:40:17,43.5136337280273,-8.87598323822021,"Unknown"
"7014853",371857,2025-06-14 10:45:18,43.4926223754883,-8.88673973083496,"Unknown"
"7014853",371857,2025-06-14 10:50:17,43.4777297973633,-8.89938259124756,"Unknown"
"7014853",371857,2025-06-14 10:55:17,43.4537696838379,-8.89286708831787,"Unknown"
"7014853",371857,2025-06-14 11:00:18,43.4332237243652,-8.87207698822021,"Unknown"
"7014853",371857,2025-06-14 11:05:18,43.4117774963379,-8.85410594940186,"Unknown"
"7014853",371857,2025-06-14 11:10:18,43.3895530700684,-8.84419250488281,"Unknown"
"7014853",371857,2025-06-14 11:15:17,43.362190246582,-8.83951187133789,"Unknown"
"7014853",371857,2025-06-14 11:20:18,43.3593521118164,-8.84304141998291,"Unknown"
"7014853",371857,2025-06-14 11:25:19,43.3597297668457,-8.84288692474365,"Unknown"
"7014853",371857,2025-06-14 11:30:34,43.3595733642578,-8.84267997741699,"Unknown"
"7014853",371857,2025-06-14 11:35:17,43.3599853515625,-8.84286499023438,"Unknown"
"7014853",371857,2025-06-14 11:40:21,43.3596992492676,-8.84297943115234,"Unknown"
"7014853",371857,2025-06-14 11:45:18,43.3598251342773,-8.84293174743652,"Unknown"
"7014853",371857,2025-06-14 11:50:45,43.3619194030762,-8.84310340881348,"Unknown"
"7014853",371857,2025-06-14 11:55:28,43.3623847961426,-8.84328365325928,"Unknown"
"7014853",371857,2025-06-14 12:00:23,43.3615760803223,-8.8432502746582,"Unknown"
"7014853",371857,2025-06-14 12:05:21,43.3614501953125,-8.84336280822754,"Unknown"
"7014853",371857,2025-06-14 12:10:23,43.3612518310547,-8.84335994720459,"Unknown"
"7014853",371857,2025-06-14 12:15:21,43.3613319396973,-8.84348297119141,"Unknown"
"7014853",371857,2025-06-14 12:20:32,43.3604850769043,-8.84336376190186,"Unknown"
"7014853",371857,2025-06-14 12:25:20,43.3604736328125,-8.8433837890625,"Unknown"
"7014853",371857,2025-06-14 12:30:19,43.3602027893066,-8.84351921081543,"Unknown"
"7014853",371857,2025-06-14 12:35:18,43.3598022460938,-8.84310531616211,"Unknown"
"7014853",371857,2025-06-14 12:40:23,43.3600006103516,-8.84335041046143,"Unknown"
"7014853",371857,2025-06-14 12:45:18,43.3598861694336,-8.8432092666626,"Unknown"
"7014853",371857,2025-06-14 12:50:18,43.3597526550293,-8.8432731628418,"Unknown"
"7014853",371857,2025-06-14 12:55:18,43.3594589233398,-8.84303665161133,"Unknown"
"7014853",371857,2025-06-14 13:00:20,43.3594589233398,-8.84307098388672,"Unknown"
"7014853",371857,2025-06-14 13:05:25,43.3597030639648,-8.8433313369751,"Unknown"
"7014853",371857,2025-06-14 13:10:22,43.3596992492676,-8.84338474273682,"Unknown"
"7014853",371857,2025-06-14 13:15:21,43.3597373962402,-8.84347534179688,"Unknown"
"7014853",371857,2025-06-14 13:20:53,43.3592720031738,-8.84341430664062,"Unknown"
"7014853",371857,2025-06-14 13:25:18,43.3593521118164,-8.84345054626465,"Unknown"
"7014853",371857,2025-06-14 13:30:17,43.3589897155762,-8.84370517730713,"Unknown"
"7014853",371857,2025-06-14 13:35:18,43.3591423034668,-8.84358596801758,"Unknown"
"7014853",371857,2025-06-14 13:40:18,43.3591270446777,-8.84352207183838,"Unknown"
"7014853",371857,2025-06-14 13:45:18,43.3590774536133,-8.84355735778809,"Unknown"
"7014853",371857,2025-06-14 13:50:17,43.359058380127,-8.84367370605469,"Unknown"
"7014853",371857,2025-06-14 13:55:19,43.3591079711914,-8.84361171722412,"Unknown"
"7014853",371857,2025-06-14 14:00:18,43.3590927124023,-8.84370899200439,"Unknown"
"7014853",371857,2025-06-14 14:05:19,43.3589553833008,-8.84360599517822,"Unknown"
"7014853",371857,2025-06-14 14:10:18,43.3586616516113,-8.84358310699463,"Unknown"
"7014853",371857,2025-06-14 14:15:18,43.3596382141113,-8.84367752075195,"Unknown"
"7014853",371857,2025-06-14 14:20:20,43.3591613769531,-8.84347915649414,"Unknown"
"7014853",371857,2025-06-14 14:25:19,43.3589401245117,-8.84361362457275,"Unknown"
"7014853",371857,2025-06-14 14:30:17,43.3589248657227,-8.84343719482422,"Unknown"
"7014853",371857,2025-06-14 14:35:20,43.3590431213379,-8.84359550476074,"Unknown"
"7014853",371857,2025-06-14 14:40:17,43.3591690063477,-8.84349536895752,"Unknown"
"7014853",371857,2025-06-14 14:45:17,43.3604850769043,-8.8437328338623,"Unknown"
"7014853",371857,2025-06-14 14:50:25,43.3517417907715,-8.84143257141113,"Unknown"
"7014853",371857,2025-06-14 14:55:18,43.3596611022949,-8.84641075134277,"Unknown"
"7014853",371857,2025-06-14 15:00:18,43.3794021606445,-8.83243274688721,"Unknown"
"7014853",371857,2025-06-14 15:05:18,43.4010772705078,-8.80352783203125,"Unknown"
"7014853",371857,2025-06-14 15:10:22,43.3994140625,-8.75166130065918,"Unknown"
"7014853",371857,2025-06-14 15:15:25,43.3968124389648,-8.69998264312744,"Unknown"
"7014853",371857,2025-06-14 15:20:20,43.3870544433594,-8.68916416168213,"Unknown"
"7014853",371857,2025-06-14 15:25:18,43.3893356323242,-8.69115352630615,"Unknown"
"7014853",371857,2025-06-14 15:30:21,43.3882942199707,-8.69078731536865,"Unknown"
"7014853",371857,2025-06-14 15:35:21,43.3911437988281,-8.68953132629395,"Unknown"
"7014853",371857,2025-06-14 15:40:17,43.3912620544434,-8.6857328414917,"Unknown"
"7014853",371857,2025-06-14 15:45:23,43.390495300293,-8.68297100067139,"Unknown"
"7014853",371857,2025-06-14 15:50:18,43.3907890319824,-8.68156337738037,"Unknown"
"7014853",371857,2025-06-14 15:55:23,43.38818359375,-8.6840648651123,"Unknown"
"7014853",371857,2025-06-14 16:00:18,43.3812141418457,-8.67512989044189,"Unknown"
"7014853",371857,2025-06-14 16:05:17,43.3790397644043,-8.63299560546875,"Unknown"
"7014853",371857,2025-06-14 16:10:30,43.3898887634277,-8.61760711669922,"Unknown"
"7014853",371857,2025-06-14 16:15:18,43.3889579772949,-8.61802005767822,"Unknown"
"7014853",371857,2025-06-14 16:20:31,43.3877334594727,-8.61726760864258,"Unknown"
"7014853",371857,2025-06-14 16:25:18,43.385326385498,-8.59799766540527,"Unknown"
"7014853",371857,2025-06-14 16:30:31,43.3742523193359,-8.56065273284912,"Unknown"
"7014853",371857,2025-06-14 16:35:17,43.3501205444336,-8.52810096740723,"Unknown"
"7014853",371857,2025-06-14 16:40:17,43.356014251709,-8.51301956176758,"Unknown"
"7014853",371857,2025-06-14 16:45:17,43.350227355957,-8.48931407928467,"Unknown"
"7014853",371857,2025-06-14 16:50:18,43.350528717041,-8.47429180145264,"Unknown"
"7014853",371857,2025-06-14 16:55:23,43.3542900085449,-8.45911502838135,"Unknown"
"7014853",371857,2025-06-14 17:01:13,43.3564109802246,-8.45739650726318,"Unknown"
"7014853",371857,2025-06-14 17:05:43,43.3566703796387,-8.45708179473877,"Unknown"
"7014853",371857,2025-06-14 17:10:34,43.3566932678223,-8.45682621002197,"Unknown"
"7014853",371857,2025-06-14 17:15:47,43.3565902709961,-8.45731258392334,"Unknown"
"7014853",371857,2025-06-14 17:20:27,43.3567276000977,-8.4569091796875,"Unknown"
"7014853",371857,2025-06-14 17:25:20,43.3409309387207,-8.45373058319092,"Unknown"
"7014853",371857,2025-06-14 17:30:18,43.341236114502,-8.45296955108643,"Unknown"
"7014853",371857,2025-06-14 17:35:20,43.3412895202637,-8.45288372039795,"Unknown"
"7014853",371857,2025-06-14 17:40:17,43.3401947021484,-8.45260429382324,"Unknown"
"7014853",371857,2025-06-14 17:45:24,43.3466873168945,-8.45172786712646,"Unknown"
"7014853",371857,2025-06-14 17:50:22,43.350471496582,-8.49002838134766,"Unknown"
"7014853",371857,2025-06-14 17:55:20,43.3526496887207,-8.52412891387939,"Unknown"
"7014853",371857,2025-06-14 18:00:21,43.3357772827148,-8.56302356719971,"Unknown"
"7014853",371857,2025-06-14 18:05:19,43.318977355957,-8.59609699249268,"Unknown"
"7014853",371857,2025-06-14 18:10:20,43.3139419555664,-8.62434196472168,"Unknown"
"7014853",371857,2025-06-14 18:15:18,43.3026580810547,-8.66331958770752,"Unknown"
"7014853",371857,2025-06-14 18:20:21,43.2908058166504,-8.70268440246582,"Unknown"
"7014853",371857,2025-06-14 18:25:21,43.2936401367188,-8.73480319976807,"Unknown"
"7014853",371857,2025-06-14 18:30:21,43.2992897033691,-8.77028942108154,"Unknown"
"7014853",371857,2025-06-14 18:35:18,43.3131561279297,-8.80145072937012,"Unknown"
"7014853",371857,2025-06-14 18:40:18,43.3324432373047,-8.82698535919189,"Unknown"
"7014853",371857,2025-06-14 18:45:22,43.356819152832,-8.84604072570801,"Unknown"
"7014853",371857,2025-06-14 18:50:18,43.3596725463867,-8.8434944152832,"Unknown"
"7014853",371857,2025-06-14 18:55:18,43.359691619873,-8.84351539611816,"Unknown"
"7014853",371857,2025-06-14 19:00:19,43.3593673706055,-8.84327602386475,"Unknown"
"7014853",371857,2025-06-14 19:05:18,43.3596076965332,-8.84344482421875,"Unknown"
"7014853",371857,2025-06-14 19:10:20,43.359935760498,-8.84350681304932,"Unknown"
"7014853",371857,2025-06-14 19:15:24,43.3589630126953,-8.84377956390381,"Unknown"
"7014853",371857,2025-06-14 19:20:25,43.3610649108887,-8.84471321105957,"Unknown"
"7014853",371857,2025-06-14 19:25:24,43.3592910766602,-8.84337902069092,"Unknown"
"7014853",371857,2025-06-14 19:30:22,43.3593215942383,-8.84368991851807,"Unknown"
"7014853",371857,2025-06-14 19:35:23,43.3594512939453,-8.84359931945801,"Unknown"
"7014853",371857,2025-06-14 19:40:20,43.3591003417969,-8.8432502746582,"Unknown"
"7014853",371857,2025-06-14 19:45:25,43.3592071533203,-8.84350967407227,"Unknown"
"7014853",371857,2025-06-14 19:50:23,43.3594131469727,-8.84309196472168,"Unknown"
"7014853",371857,2025-06-14 19:55:24,43.3593292236328,-8.84340000152588,"Unknown"
"7014853",371857,2025-06-14 20:00:22,43.3593215942383,-8.84338188171387,"Unknown"
"7014853",371857,2025-06-14 20:05:22,43.3593254089355,-8.84343433380127,"Unknown"
"7014853",371857,2025-06-14 20:10:19,43.3593139648438,-8.84314727783203,"Unknown"
"7014853",371857,2025-06-14 20:15:22,43.3592681884766,-8.8430061340332,"Unknown"
"7014853",371857,2025-06-14 20:20:19,43.3593711853027,-8.84340381622314,"Unknown"
"7014853",371857,2025-06-14 20:25:24,43.3592338562012,-8.84318733215332,"Unknown"
"7014853",371857,2025-06-14 20:30:20,43.3594207763672,-8.84347820281982,"Unknown"
"7014853",371857,2025-06-14 20:35:20,43.3593330383301,-8.84342098236084,"Unknown"
"7014853",371857,2025-06-14 20:40:22,43.3595275878906,-8.84379768371582,"Unknown"
"7014853",371857,2025-06-14 20:45:27,43.3594131469727,-8.84344673156738,"Unknown"
"7014853",371857,2025-06-14 20:50:22,43.3593406677246,-8.84295558929443,"Unknown"
"7014853",371857,2025-06-14 20:55:23,43.3592720031738,-8.84297657012939,"Unknown"
"7014853",371857,2025-06-14 21:00:21,43.3592948913574,-8.8429708480835,"Unknown"
"7014853",371857,2025-06-14 21:04:01,43.3593940734863,-8.84334278106689,"Unknown"
"7014853",371857,2025-06-15 02:04:16,43.3590850830078,-8.84363746643066,"Unknown"
"7014853",371857,2025-06-15 05:00:16,43.3575782775879,-8.84279918670654,"Unknown"
"7014853",371857,2025-06-15 05:05:06,43.3579368591309,-8.84316444396973,"Unknown"
"7014853",371857,2025-06-15 05:10:01,43.3602600097656,-8.84048461914062,"Unknown"
"7014853",371857,2025-06-15 05:15:04,43.3575019836426,-8.84320068359375,"Unknown"
"7014853",371857,2025-06-15 05:20:01,43.3595657348633,-8.84140682220459,"Unknown"
"7014853",371857,2025-06-15 05:25:09,43.3586807250977,-8.84429359436035,"Unknown"
"7014853",371857,2025-06-15 05:30:11,43.358814239502,-8.8443431854248,"Unknown"
"7014853",371857,2025-06-15 05:35:00,43.3588562011719,-8.84402370452881,"Unknown"
"7014853",371857,2025-06-15 05:40:09,43.3596954345703,-8.84433841705322,"Unknown"
"7014853",371857,2025-06-15 05:45:05,43.3588333129883,-8.84408760070801,"Unknown"
"7014853",371857,2025-06-15 05:50:00,43.3588600158691,-8.84399032592773,"Unknown"
"7014853",371857,2025-06-15 05:55:14,43.3589668273926,-8.84403419494629,"Unknown"
"7014853",371857,2025-06-15 06:00:02,43.3586540222168,-8.84387588500977,"Unknown"
"7014853",371857,2025-06-15 06:05:00,43.3588409423828,-8.84391021728516,"Unknown"
"7014853",371857,2025-06-15 06:10:01,43.3609848022461,-8.84295177459717,"Unknown"
"7014853",371857,2025-06-15 06:15:03,43.3551597595215,-8.81923007965088,"Unknown"
"7014853",371857,2025-06-15 06:20:03,43.356128692627,-8.81650924682617,"Unknown"
"7014853",371857,2025-06-15 06:25:12,43.3612785339355,-8.80443859100342,"Unknown"
"7014853",371857,2025-06-15 06:30:00,43.3656158447266,-8.78952407836914,"Unknown"
"7014853",371857,2025-06-15 06:35:13,43.3660125732422,-8.76223278045654,"Unknown"
"7014853",371857,2025-06-15 06:40:12,43.3552398681641,-8.734130859375,"Unknown"
"7014853",371857,2025-06-15 06:45:14,43.3247756958008,-8.72713947296143,"Unknown"
"7014853",371857,2025-06-15 06:50:09,43.2937316894531,-8.74153804779053,"Unknown"
"7014853",371857,2025-06-15 06:55:04,43.2974052429199,-8.7527027130127,"Unknown"
"7014853",371857,2025-06-15 07:00:04,43.3089637756348,-8.79029750823975,"Unknown"
"7014853",371857,2025-06-15 07:05:06,43.3284072875977,-8.81082630157471,"Unknown"
"7014853",371857,2025-06-15 07:10:04,43.3418884277344,-8.83116054534912,"Unknown"
"7014853",371857,2025-06-15 07:15:07,43.3611145019531,-8.84579277038574,"Unknown"
"7014853",371857,2025-06-15 07:20:14,43.3592376708984,-8.84342861175537,"Unknown"
"7014853",371857,2025-06-15 07:25:05,43.3591690063477,-8.84342861175537,"Unknown"
"7014853",371857,2025-06-15 07:30:06,43.3591041564941,-8.84335994720459,"Unknown"
"7014853",371857,2025-06-15 07:35:08,43.3589019775391,-8.84292793273926,"Unknown"
"7014853",371857,2025-06-15 07:40:09,43.3588066101074,-8.84321022033691,"Unknown"
"7014853",371857,2025-06-15 07:45:14,43.3587760925293,-8.84325408935547,"Unknown"
"7014853",371857,2025-06-15 07:50:06,43.3601264953613,-8.82905197143555,"Unknown"
"7014853",371857,2025-06-15 07:55:21,43.3283576965332,-8.82003593444824,"Unknown"
"7014853",371857,2025-06-15 08:00:10,43.3120346069336,-8.79688262939453,"Unknown"
"7014853",371857,2025-06-15 08:04:59,43.3010063171387,-8.76460266113281,"Unknown"
"7014853",371857,2025-06-15 08:10:06,43.2944374084473,-8.73438835144043,"Unknown"
"7014853",371857,2025-06-15 08:15:06,43.2897872924805,-8.70548343658447,"Unknown"
"7014853",371857,2025-06-15 08:19:59,43.2976150512695,-8.6819019317627,"Unknown"
"7014853",371857,2025-06-15 08:25:01,43.3016128540039,-8.65907192230225,"Unknown"
"7014853",371857,2025-06-15 08:30:03,43.3082885742188,-8.63441467285156,"Unknown"
"7014853",371857,2025-06-15 08:35:04,43.3151741027832,-8.61066150665283,"Unknown"
"7014853",371857,2025-06-15 08:40:05,43.3207244873047,-8.59764289855957,"Unknown"
"7014853",371857,2025-06-15 08:45:09,43.3169212341309,-8.57707405090332,"Unknown"
"7014853",371857,2025-06-15 08:50:06,43.3123016357422,-8.54577827453613,"Unknown"
"7014853",371857,2025-06-15 08:55:07,43.3208236694336,-8.52547073364258,"Unknown"
"7014853",371857,2025-06-15 09:00:00,43.3357048034668,-8.51340675354004,"Unknown"
"7014853",371857,2025-06-15 09:05:05,43.3510246276855,-8.52701759338379,"Unknown"
"7014853",371857,2025-06-15 09:10:03,43.3610076904297,-8.50442123413086,"Unknown"
"7014853",371857,2025-06-15 09:15:06,43.3613128662109,-8.50344085693359,"Unknown"
"7014853",371857,2025-06-15 09:20:00,43.3603477478027,-8.49355220794678,"Unknown"
"7014853",371857,2025-06-15 09:25:06,43.3601303100586,-8.46262836456299,"Unknown"
"7014853",371857,2025-06-15 09:30:10,43.3573532104492,-8.4573860168457,"Unknown"
"7014853",371857,2025-06-15 09:35:13,43.356575012207,-8.4575777053833,"Unknown"
"7014853",371857,2025-06-15 09:40:24,43.3562889099121,-8.45718002319336,"Unknown"
"7014853",371857,2025-06-15 10:00:18,43.3555145263672,-8.45847988128662,"Unknown"
"7014853",371857,2025-06-15 10:05:10,43.3418884277344,-8.45355224609375,"Unknown"
"7014853",371857,2025-06-15 10:10:05,43.3551712036133,-8.45749664306641,"Unknown"
"7014853",371857,2025-06-15 10:15:08,43.3624534606934,-8.49527931213379,"Unknown"
"7014853",371857,2025-06-15 10:20:07,43.3412437438965,-8.55937480926514,"Unknown"
"7014853",371857,2025-06-15 10:25:14,43.3178291320801,-8.61311626434326,"Unknown"
"7014853",371857,2025-06-15 10:30:35,43.3011207580566,-8.6807918548584,"Unknown"
"7014853",371857,2025-06-15 10:34:59,43.2936935424805,-8.72218036651611,"Unknown"
"7014853",371857,2025-06-15 10:40:01,43.3020553588867,-8.76709270477295,"Unknown"
"7014853",371857,2025-06-15 10:45:07,43.3233757019043,-8.8115701675415,"Unknown"
"7014853",371857,2025-06-15 10:50:03,43.3464050292969,-8.83550548553467,"Unknown"
"7014853",371857,2025-06-15 10:55:06,43.3591995239258,-8.84365081787109,"Unknown"
"7014853",371857,2025-06-15 11:00:08,43.3592414855957,-8.84365272521973,"Unknown"
"7014853",371857,2025-06-15 11:05:05,43.3593254089355,-8.84359741210938,"Unknown"
"7014853",371857,2025-06-15 11:10:06,43.3593063354492,-8.84418296813965,"Unknown"
"7014853",371857,2025-06-15 11:15:03,43.3596305847168,-8.84391212463379,"Unknown"
"7014853",371857,2025-06-15 11:20:06,43.3593673706055,-8.84356307983398,"Unknown"
"7014853",371857,2025-06-15 11:25:01,43.3590316772461,-8.84296798706055,"Unknown"
"7014853",371857,2025-06-15 11:30:05,43.3592147827148,-8.84364414215088,"Unknown"
"7014853",371857,2025-06-15 11:35:03,43.3591194152832,-8.84366130828857,"Unknown"
"7014853",371857,2025-06-15 11:40:05,43.3592987060547,-8.84360408782959,"Unknown"
"7014853",371857,2025-06-15 11:45:04,43.3593482971191,-8.84358215332031,"Unknown"
"7014853",371857,2025-06-15 11:50:06,43.3592376708984,-8.84358787536621,"Unknown"
"7014853",371857,2025-06-15 11:55:35,43.3592948913574,-8.84344577789307,"Unknown"
"7014853",371857,2025-06-15 11:59:58,43.3591842651367,-8.8433313369751,"Unknown"
"7014853",371857,2025-06-15 12:04:59,43.3591957092285,-8.84327697753906,"Unknown"
"7014853",371857,2025-06-15 12:09:59,43.3592300415039,-8.84334182739258,"Unknown"
"7014853",371857,2025-06-15 12:14:58,43.359302520752,-8.84331893920898,"Unknown"
"7014853",371857,2025-06-15 12:19:58,43.3592529296875,-8.84332180023193,"Unknown"
"7014853",371857,2025-06-15 12:24:59,43.3594093322754,-8.84329414367676,"Unknown"
"7014853",371857,2025-06-15 12:29:58,43.3592300415039,-8.84338760375977,"Unknown"
"7014853",371857,2025-06-15 12:34:58,43.359188079834,-8.84346199035645,"Unknown"
"7014853",371857,2025-06-15 12:39:59,43.3594055175781,-8.84339141845703,"Unknown"
"7014853",371857,2025-06-15 12:44:59,43.3594207763672,-8.84343338012695,"Unknown"
"7014853",371857,2025-06-15 12:49:59,43.3594436645508,-8.84334850311279,"Unknown"
"7014853",371857,2025-06-15 12:55:00,43.3594741821289,-8.84328174591064,"Unknown"
"7014853",371857,2025-06-15 13:00:00,43.3592872619629,-8.84332656860352,"Unknown"
"7014853",371857,2025-06-15 13:05:01,43.3594360351562,-8.84341907501221,"Unknown"
"7014853",371857,2025-06-15 13:10:00,43.3594207763672,-8.84345436096191,"Unknown"
"7014853",371857,2025-06-15 13:15:00,43.3593788146973,-8.8435525894165,"Unknown"
"7014853",371857,2025-06-15 13:20:00,43.3594055175781,-8.84344482421875,"Unknown"
"7014853",371857,2025-06-15 13:24:59,43.3594093322754,-8.84351444244385,"Unknown"
"7014853",371857,2025-06-15 13:30:00,43.3594360351562,-8.84353733062744,"Unknown"
"7014853",371857,2025-06-15 13:35:01,43.3592987060547,-8.84349632263184,"Unknown"
"7014853",371857,2025-06-15 13:40:02,43.359447479248,-8.84357643127441,"Unknown"
"7014853",371857,2025-06-15 13:45:08,43.3594245910645,-8.84357452392578,"Unknown"
"7014853",371857,2025-06-15 13:49:59,43.3594207763672,-8.84353637695312,"Unknown"
"7014853",371857,2025-06-15 13:55:01,43.359058380127,-8.84353923797607,"Unknown"
"7014853",371857,2025-06-15 13:59:59,43.3591232299805,-8.84342861175537,"Unknown"
"7014853",371857,2025-06-15 14:05:09,43.3488731384277,-8.83913707733154,"Unknown"
"7014853",371857,2025-06-15 14:10:00,43.32763671875,-8.82856178283691,"Unknown"
"7014853",371857,2025-06-15 14:14:59,43.3232460021973,-8.8136682510376,"Unknown"
"7014853",371857,2025-06-15 14:19:59,43.3036918640137,-8.78013134002686,"Unknown"
"7014853",371857,2025-06-15 14:25:00,43.3000183105469,-8.7592887878418,"Unknown"
"7014853",371857,2025-06-15 14:29:59,43.2942848205566,-8.73227024078369,"Unknown"
"7014853",371857,2025-06-15 14:35:00,43.2980270385742,-8.75751113891602,"Unknown"
"7014853",371857,2025-06-15 14:40:01,43.3078346252441,-8.78823089599609,"Unknown"
"7014853",371857,2025-06-15 14:45:13,43.3279724121094,-8.81906032562256,"Unknown"
"7014853",371857,2025-06-15 14:50:07,43.3475723266602,-8.84063243865967,"Unknown"
"7014853",371857,2025-06-15 14:55:04,43.3592147827148,-8.84370613098145,"Unknown"
"7014853",371857,2025-06-15 14:59:59,43.3592185974121,-8.84368133544922,"Unknown"
"7014853",371857,2025-06-15 15:05:10,43.3592529296875,-8.84366893768311,"Unknown"
"7014853",371857,2025-06-15 15:10:03,43.3592109680176,-8.84359169006348,"Unknown"
"7014853",371857,2025-06-15 15:14:59,43.3590698242188,-8.84353065490723,"Unknown"
"7014853",371857,2025-06-15 15:20:05,43.3590545654297,-8.84359645843506,"Unknown"
"7014853",371857,2025-06-15 15:25:04,43.3591499328613,-8.84360694885254,"Unknown"
"7014853",371857,2025-06-15 15:30:03,43.3592681884766,-8.84356880187988,"Unknown"
"7014853",371857,2025-06-15 15:35:04,43.3590850830078,-8.84353160858154,"Unknown"
"7014853",371857,2025-06-15 15:40:07,43.359016418457,-8.84350299835205,"Unknown"
"7014853",371857,2025-06-15 15:45:35,43.3591575622559,-8.84358692169189,"Unknown"
"7014853",371857,2025-06-15 15:49:59,43.3591537475586,-8.84357452392578,"Unknown"
"7014853",371857,2025-06-15 15:54:59,43.3591194152832,-8.84358882904053,"Unknown"
"7014853",371857,2025-06-15 15:59:59,43.3591461181641,-8.84360599517822,"Unknown"
"7014853",371857,2025-06-15 16:04:59,43.3591117858887,-8.8436164855957,"Unknown"
"7014853",371857,2025-06-15 16:09:59,43.3591270446777,-8.84360694885254,"Unknown"
"7014853",371857,2025-06-15 16:14:59,43.3591461181641,-8.84353256225586,"Unknown"
"7014853",371857,2025-06-15 16:19:58,43.359130859375,-8.84356689453125,"Unknown"
"7014853",371857,2025-06-15 16:25:00,43.3592796325684,-8.84330463409424,"Unknown"
"7014853",371857,2025-06-15 16:29:59,43.3592910766602,-8.84360790252686,"Unknown"
"7014853",371857,2025-06-15 16:34:59,43.3592720031738,-8.84346294403076,"Unknown"
"7014853",371857,2025-06-15 16:39:59,43.3592491149902,-8.84348392486572,"Unknown"
"7014853",371857,2025-06-15 16:44:59,43.3592720031738,-8.84343814849854,"Unknown"
"7014853",371857,2025-06-15 16:49:59,43.3592262268066,-8.84350681304932,"Unknown"
"7014853",371857,2025-06-15 16:54:59,43.3592338562012,-8.84348011016846,"Unknown"
"7014853",371857,2025-06-15 16:59:59,43.3593101501465,-8.84335517883301,"Unknown"
"7014853",371857,2025-06-15 17:04:59,43.3592758178711,-8.84341526031494,"Unknown"
"7014853",371857,2025-06-15 17:09:59,43.3594741821289,-8.84323978424072,"Unknown"
"7014853",371857,2025-06-15 17:14:59,43.3592224121094,-8.84344959259033,"Unknown"
"7014853",371857,2025-06-15 17:20:01,43.3591651916504,-8.84353637695312,"Unknown"
"7014853",371857,2025-06-15 17:25:00,43.3591690063477,-8.84350490570068,"Unknown"
"7014853",371857,2025-06-15 17:30:01,43.359260559082,-8.84351825714111,"Unknown"
"7014853",371857,2025-06-15 17:35:01,43.3591728210449,-8.84354019165039,"Unknown"
"7014853",371857,2025-06-15 17:40:06,43.3591957092285,-8.84353256225586,"Unknown"
"7014853",371857,2025-06-15 17:45:02,43.3594017028809,-8.84345531463623,"Unknown"
"7014853",371857,2025-06-15 17:50:01,43.3593902587891,-8.84343147277832,"Unknown"
"7014853",371857,2025-06-15 17:55:01,43.3594093322754,-8.84344482421875,"Unknown"
"7014853",371857,2025-06-15 17:59:59,43.3592681884766,-8.84354305267334,"Unknown"
"7014853",371857,2025-06-15 18:05:05,43.3591957092285,-8.84360599517822,"Unknown"
"7014853",371857,2025-06-15 18:10:04,43.3617858886719,-8.83980083465576,"Unknown"
"7014853",371857,2025-06-15 18:15:01,43.3227920532227,-8.81617641448975,"Unknown"
"7014853",371857,2025-06-15 18:20:02,43.3007698059082,-8.77552318572998,"Unknown"
"7014853",371857,2025-06-15 18:25:03,43.2925834655762,-8.74214839935303,"Unknown"
"7014853",371857,2025-06-15 18:30:01,43.2887649536133,-8.70716190338135,"Unknown"
"7014853",371857,2025-06-15 18:34:59,43.2804336547852,-8.67658519744873,"Unknown"
"7014853",371857,2025-06-15 18:40:03,43.2841033935547,-8.64384269714355,"Unknown"
"7014853",371857,2025-06-15 18:45:01,43.2920341491699,-8.62413883209229,"Unknown"
"7014853",371857,2025-06-15 18:50:04,43.2952079772949,-8.62998294830322,"Unknown"
"7014853",371857,2025-06-15 18:55:03,43.3084411621094,-8.61444282531738,"Unknown"
"7014853",371857,2025-06-15 19:00:05,43.3165321350098,-8.58343029022217,"Unknown"
"7014853",371857,2025-06-15 19:05:08,43.3111190795898,-8.55401134490967,"Unknown"
"7014853",371857,2025-06-15 19:10:08,43.3179244995117,-8.52779579162598,"Unknown"
"7014853",371857,2025-06-15 19:15:09,43.3311347961426,-8.50605773925781,"Unknown"
"7014853",371857,2025-06-15 19:20:08,43.3490600585938,-8.49626731872559,"Unknown"
"7014853",371857,2025-06-15 19:25:11,43.3566932678223,-8.46767425537109,"Unknown"
"7014853",371857,2025-06-15 19:30:40,43.3565559387207,-8.45711040496826,"Unknown"
"7014853",371857,2025-06-15 19:35:42,43.3565483093262,-8.45732498168945,"Unknown"
"7014853",371857,2025-06-15 19:40:11,43.3563575744629,-8.45698070526123,"Unknown"
"7014853",371857,2025-06-15 19:45:14,43.3561515808105,-8.45642280578613,"Unknown"
"7014853",371857,2025-06-15 19:50:06,43.3557662963867,-8.45401763916016,"Unknown"
"7014853",371857,2025-06-15 19:55:23,43.340747833252,-8.45371437072754,"Unknown"
"7014853",371857,2025-06-15 20:00:35,43.3488426208496,-8.42944049835205,"Unknown"
"7014853",371857,2025-06-15 20:05:03,43.3503799438477,-8.4311408996582,"Unknown"
"7014853",371857,2025-06-15 20:10:00,43.3573989868164,-8.45040225982666,"Unknown"
"7014853",371857,2025-06-15 20:15:00,43.361011505127,-8.49999904632568,"Unknown"
"7014853",371857,2025-06-15 20:20:00,43.3501739501953,-8.57066631317139,"Unknown"
"7014853",371857,2025-06-15 20:25:01,43.3389511108398,-8.6283016204834,"Unknown"
"7014853",371857,2025-06-15 20:30:00,43.3432350158691,-8.67272567749023,"Unknown"
"7014853",371857,2025-06-15 20:35:00,43.3406219482422,-8.73262119293213,"Unknown"
"7014853",371857,2025-06-15 20:40:01,43.3403625488281,-8.77820301055908,"Unknown"
"7014853",371857,2025-06-15 20:45:00,43.3499946594238,-8.82675266265869,"Unknown"
"7014853",371857,2025-06-15 20:50:44,43.3591842651367,-8.84348773956299,"Unknown"
"7014853",371857,2025-06-15 20:55:02,43.3592872619629,-8.8433895111084,"Unknown"
"7014853",371857,2025-06-15 21:00:01,43.3592338562012,-8.84348392486572,"Unknown"
"7014853",371857,2025-06-15 21:04:26,43.3592758178711,-8.84342098236084,"Unknown"
"7014853",371857,2025-06-16 02:04:44,43.3590812683105,-8.84341335296631,"Unknown"
"7014853",371857,2025-06-16 05:00:35,43.3592491149902,-8.84345149993896,"Unknown"
"7014853",371857,2025-06-16 05:05:07,43.3591194152832,-8.84366226196289,"Unknown"
"7014853",371857,2025-06-16 05:10:06,43.3592414855957,-8.84347820281982,"Unknown"
"7014853",371857,2025-06-16 05:15:07,43.3592681884766,-8.84347534179688,"Unknown"
"7014853",371857,2025-06-16 05:20:05,43.3592643737793,-8.84346008300781,"Unknown"
"7014853",371857,2025-06-16 05:25:12,43.359130859375,-8.84358310699463,"Unknown"
"7014853",371857,2025-06-16 05:30:06,43.3592910766602,-8.84325122833252,"Unknown"
"7014853",371857,2025-06-16 05:35:07,43.3591613769531,-8.84353256225586,"Unknown"
"7014853",371857,2025-06-16 05:40:04,43.3591346740723,-8.84354972839355,"Unknown"
"7014853",371857,2025-06-16 05:45:11,43.3591384887695,-8.84345054626465,"Unknown"
"7014853",371857,2025-06-16 05:50:07,43.3591346740723,-8.84341144561768,"Unknown"
"7014853",371857,2025-06-16 05:55:04,43.3588676452637,-8.84379005432129,"Unknown"
"7014853",371857,2025-06-16 06:00:05,43.3589820861816,-8.84343433380127,"Unknown"
"7014853",371857,2025-06-16 06:05:09,43.3591842651367,-8.84356021881104,"Unknown"
"7014853",371857,2025-06-16 06:10:04,43.3700637817383,-8.85537910461426,"Unknown"
"7014853",371857,2025-06-16 06:15:04,43.3756408691406,-8.86828136444092,"Unknown"
"7014853",371857,2025-06-16 06:20:07,43.3735198974609,-8.86844921112061,"Unknown"
"7014853",371857,2025-06-16 06:25:05,43.3729095458984,-8.86649894714355,"Unknown"
"7014853",371857,2025-06-16 06:30:06,43.3725700378418,-8.86308002471924,"Unknown"
"7014853",371857,2025-06-16 06:35:05,43.371826171875,-8.86016654968262,"Unknown"
"7014853",371857,2025-06-16 06:40:04,43.3710861206055,-8.85833072662354,"Unknown"
"7014853",371857,2025-06-16 06:45:10,43.3700180053711,-8.85719203948975,"Unknown"
"7014853",371857,2025-06-16 06:50:04,43.3638610839844,-8.84954833984375,"Unknown"
"7014853",371857,2025-06-16 06:55:12,43.3592643737793,-8.84348392486572,"Unknown"
"7014853",371857,2025-06-16 07:00:11,43.3591003417969,-8.84375,"Unknown"
"7014853",371857,2025-06-16 07:05:06,43.3449668884277,-8.8383674621582,"Unknown"
"7014853",371857,2025-06-16 07:10:09,43.3248710632324,-8.83141231536865,"Unknown"
"7014853",371857,2025-06-16 07:15:05,43.3069038391113,-8.81221389770508,"Unknown"
"7014853",371857,2025-06-16 07:20:08,43.2948722839355,-8.8057165145874,"Unknown"
"7014853",371857,2025-06-16 07:25:04,43.2746124267578,-8.7795934677124,"Unknown"
"7014853",371857,2025-06-16 07:30:09,43.261058807373,-8.7549295425415,"Unknown"
"7014853",371857,2025-06-16 07:35:07,43.245288848877,-8.73255157470703,"Unknown"
"7014853",371857,2025-06-16 07:40:06,43.2292327880859,-8.70025634765625,"Unknown"
"7014853",371857,2025-06-16 07:45:04,43.2297286987305,-8.66799163818359,"Unknown"
"7014853",371857,2025-06-16 07:50:09,43.2339134216309,-8.64237594604492,"Unknown"
"7014853",371857,2025-06-16 07:55:05,43.2479782104492,-8.61704444885254,"Unknown"
"7014853",371857,2025-06-16 08:00:04,43.2571792602539,-8.58871650695801,"Unknown"
"7014853",371857,2025-06-16 08:05:12,43.2637138366699,-8.58380126953125,"Unknown"
"7014853",371857,2025-06-16 08:10:09,43.2794151306152,-8.56385326385498,"Unknown"
"7014853",371857,2025-06-16 08:15:05,43.2952880859375,-8.55344200134277,"Unknown"
"7014853",371857,2025-06-16 08:20:10,43.3008842468262,-8.54897880554199,"Unknown"
"7014853",371857,2025-06-16 08:25:08,43.3223648071289,-8.55503559112549,"Unknown"
"7014853",371857,2025-06-16 08:30:07,43.338191986084,-8.59148216247559,"Unknown"
"7014853",371857,2025-06-16 08:35:05,43.3508834838867,-8.57949638366699,"Unknown"
"7014853",371857,2025-06-16 08:40:04,43.3707122802734,-8.61527824401855,"Unknown"
"7014853",371857,2025-06-16 08:45:11,43.3741226196289,-8.62584018707275,"Unknown"
"7014853",371857,2025-06-16 08:50:07,43.3739051818848,-8.62467193603516,"Unknown"
"7014853",371857,2025-06-16 08:55:08,43.3766860961914,-8.62062835693359,"Unknown"
"7014853",371857,2025-06-16 09:00:13,43.3757209777832,-8.61661529541016,"Unknown"
"7014853",371857,2025-06-16 09:06:23,43.3738632202148,-8.6036548614502,"Unknown"
"7014853",371857,2025-06-16 09:10:12,43.37548828125,-8.59425449371338,"Unknown"
"7014853",371857,2025-06-16 09:15:05,43.3678970336914,-8.56810092926025,"Unknown"
"7014853",371857,2025-06-16 09:20:05,43.355640411377,-8.54413318634033,"Unknown"
"7014853",371857,2025-06-16 09:25:05,43.3464050292969,-8.53185653686523,"Unknown"
"7014853",371857,2025-06-16 09:30:05,43.3451347351074,-8.52873802185059,"Unknown"
"7014853",371857,2025-06-16 09:35:05,43.3446426391602,-8.52831363677979,"Unknown"
"7014853",371857,2025-06-16 09:40:05,43.3547630310059,-8.51645088195801,"Unknown"
"7014853",371857,2025-06-16 09:45:05,43.3584251403809,-8.48905467987061,"Unknown"
"7014853",371857,2025-06-16 09:50:05,43.3581466674805,-8.46164608001709,"Unknown"
"7014853",371857,2025-06-16 09:55:16,43.3546257019043,-8.45744895935059,"Unknown"
"7014853",371857,2025-06-16 10:00:13,43.3525314331055,-8.45880699157715,"Unknown"
"7014853",371857,2025-06-16 10:05:12,43.3554077148438,-8.45835876464844,"Unknown"
"7014853",371857,2025-06-16 10:10:18,43.3561019897461,-8.45796871185303,"Unknown"
"7014853",371857,2025-06-16 10:16:17,43.3500900268555,-8.46040344238281,"Unknown"
"7014853",371857,2025-06-16 10:25:10,43.3484420776367,-8.45829105377197,"Unknown"
"7014853",371857,2025-06-16 10:30:05,43.3485374450684,-8.45758438110352,"Unknown"
"7014853",371857,2025-06-16 10:35:05,43.3454742431641,-8.46268177032471,"Unknown"
"7014853",371857,2025-06-16 10:40:07,43.3511390686035,-8.50732612609863,"Unknown"
"7014853",371857,2025-06-16 10:45:08,43.328369140625,-8.5720682144165,"Unknown"
"7014853",371857,2025-06-16 10:50:06,43.3151092529297,-8.61972618103027,"Unknown"
"7014853",371857,2025-06-16 10:55:09,43.3101272583008,-8.69085311889648,"Unknown"
"7014853",371857,2025-06-16 11:00:07,43.3018417358398,-8.73484039306641,"Unknown"
"7014853",371857,2025-06-16 11:05:07,43.3092269897461,-8.7542667388916,"Unknown"
"7014853",371857,2025-06-16 11:10:04,43.3254318237305,-8.81583118438721,"Unknown"
"7014853",371857,2025-06-16 11:15:04,43.3484535217285,-8.84331703186035,"Unknown"
"7014853",371857,2025-06-16 11:20:05,43.3595123291016,-8.8434476852417,"Unknown"
"7014853",371857,2025-06-16 11:25:06,43.3597373962402,-8.84318161010742,"Unknown"
"7014853",371857,2025-06-16 11:30:07,43.3596839904785,-8.84316539764404,"Unknown"
"7014853",371857,2025-06-16 11:35:06,43.3599052429199,-8.84257698059082,"Unknown"
"7014853",371857,2025-06-16 11:40:06,43.3598670959473,-8.84289741516113,"Unknown"
"7014853",371857,2025-06-16 11:45:05,43.3593444824219,-8.8435583114624,"Unknown"
"7014853",371857,2025-06-16 11:50:06,43.3594589233398,-8.84357261657715,"Unknown"
"7014853",371857,2025-06-16 11:55:05,43.3592987060547,-8.84366130828857,"Unknown"
"7014853",371857,2025-06-16 12:00:06,43.3592262268066,-8.84368133544922,"Unknown"
"7014853",371857,2025-06-16 12:05:04,43.3597106933594,-8.84347534179688,"Unknown"
"7014853",371857,2025-06-16 12:10:05,43.3597030639648,-8.84342956542969,"Unknown"
"7014853",371857,2025-06-16 12:15:06,43.3596382141113,-8.84333610534668,"Unknown"
"7014853",371857,2025-06-16 12:20:06,43.359619140625,-8.84348106384277,"Unknown"
"7014853",371857,2025-06-16 12:25:05,43.3597526550293,-8.84352684020996,"Unknown"
"7014853",371857,2025-06-16 12:30:06,43.3596038818359,-8.84358310699463,"Unknown"
"7014853",371857,2025-06-16 12:35:05,43.3592834472656,-8.84327507019043,"Unknown"
"7014853",371857,2025-06-16 12:40:04,43.359447479248,-8.84362888336182,"Unknown"
"7014853",371857,2025-06-16 12:45:13,43.3596343994141,-8.84371566772461,"Unknown"
"7014853",371857,2025-06-16 12:50:05,43.359546661377,-8.84369468688965,"Unknown"
"7014853",371857,2025-06-16 12:55:07,43.3595962524414,-8.84375476837158,"Unknown"
"7014853",371857,2025-06-16 13:00:08,43.3594627380371,-8.84382343292236,"Unknown"
"7014853",371857,2025-06-16 13:05:35,43.3593254089355,-8.84364604949951,"Unknown"
"7014853",371857,2025-06-16 13:10:04,43.3592529296875,-8.84347438812256,"Unknown"
"7014853",371857,2025-06-16 13:15:05,43.3594512939453,-8.84372806549072,"Unknown"
"7014853",371857,2025-06-16 13:20:05,43.3593826293945,-8.84365463256836,"Unknown"
"7014853",371857,2025-06-16 13:25:07,43.359317779541,-8.84377002716064,"Unknown"
"7014853",371857,2025-06-16 13:30:06,43.359317779541,-8.84364891052246,"Unknown"
"7014853",371857,2025-06-16 13:35:06,43.3590927124023,-8.8435754776001,"Unknown"
"7014853",371857,2025-06-16 13:40:06,43.3595771789551,-8.84360694885254,"Unknown"
"7014853",371857,2025-06-16 13:45:06,43.359188079834,-8.84362030029297,"Unknown"
"7014853",371857,2025-06-16 13:50:05,43.3591041564941,-8.8436164855957,"Unknown"
"7014853",371857,2025-06-16 13:55:04,43.3594360351562,-8.84369087219238,"Unknown"
"7014853",371857,2025-06-16 14:00:04,43.3594398498535,-8.84378051757812,"Unknown"
"7014853",371857,2025-06-16 14:05:10,43.3593444824219,-8.84394359588623,"Unknown"
"7014853",371857,2025-06-16 14:10:06,43.359260559082,-8.8436107635498,"Unknown"
"7014853",371857,2025-06-16 14:15:05,43.3617248535156,-8.84012031555176,"Unknown"
"7014853",371857,2025-06-16 14:20:04,43.3800392150879,-8.84712409973145,"Unknown"
"7014853",371857,2025-06-16 14:25:04,43.3966445922852,-8.85371971130371,"Unknown"
"7014853",371857,2025-06-16 14:30:04,43.4183349609375,-8.86231994628906,"Unknown"
"7014853",371857,2025-06-16 14:35:05,43.4394454956055,-8.86562347412109,"Unknown"
"7014853",371857,2025-06-16 14:40:04,43.4502182006836,-8.85011291503906,"Unknown"
"7014853",371857,2025-06-16 14:45:04,43.4497451782227,-8.84947490692139,"Unknown"
"7014853",371857,2025-06-16 14:50:04,43.4527206420898,-8.84005451202393,"Unknown"
"7014853",371857,2025-06-16 14:55:04,43.4544982910156,-8.83483409881592,"Unknown"
"7014853",371857,2025-06-16 15:00:05,43.4557228088379,-8.82985591888428,"Unknown"
"7014853",371857,2025-06-16 15:05:05,43.4558029174805,-8.82271194458008,"Unknown"
"7014853",371857,2025-06-16 15:10:05,43.4448432922363,-8.81979465484619,"Unknown"
"7014853",371857,2025-06-16 15:15:05,43.3972053527832,-8.82246017456055,"Unknown"
"7014853",371857,2025-06-16 15:20:04,43.3595199584961,-8.84373664855957,"Unknown"
"7014853",371857,2025-06-16 15:25:05,43.3596343994141,-8.84385776519775,"Unknown"
"7014853",371857,2025-06-16 15:30:05,43.359447479248,-8.84378910064697,"Unknown"
"7014853",371857,2025-06-16 15:35:14,43.3596572875977,-8.84377479553223,"Unknown"
"7014853",371857,2025-06-16 15:40:09,43.3596878051758,-8.84377479553223,"Unknown"
"7014853",371857,2025-06-16 15:45:05,43.3596305847168,-8.84377193450928,"Unknown"
"7014853",371857,2025-06-16 15:50:08,43.3598747253418,-8.84367179870605,"Unknown"
"7014853",371857,2025-06-16 15:55:06,43.3597831726074,-8.84372520446777,"Unknown"
"7014853",371857,2025-06-16 16:00:06,43.3597679138184,-8.84358787536621,"Unknown"
"7014853",371857,2025-06-16 16:05:13,43.359733581543,-8.84379482269287,"Unknown"
"7014853",371857,2025-06-16 16:10:08,43.3596687316895,-8.84372997283936,"Unknown"
"7014853",371857,2025-06-16 16:15:35,43.3594665527344,-8.84337329864502,"Unknown"
"7014853",371857,2025-06-16 16:20:06,43.3595352172852,-8.8431224822998,"Unknown"
"7014853",371857,2025-06-16 16:25:06,43.3595771789551,-8.8428955078125,"Unknown"
"7014853",371857,2025-06-16 16:30:03,43.3595809936523,-8.84300327301025,"Unknown"
"7014853",371857,2025-06-16 16:35:04,43.3595695495605,-8.84291362762451,"Unknown"
"7014853",371857,2025-06-16 16:40:06,43.3596038818359,-8.84300422668457,"Unknown"
"7014853",371857,2025-06-16 16:45:08,43.3596076965332,-8.84273052215576,"Unknown"
"7014853",371857,2025-06-16 16:50:06,43.3593673706055,-8.8430061340332,"Unknown"
"7014853",371857,2025-06-16 16:55:04,43.3595085144043,-8.84318447113037,"Unknown"
"7014853",371857,2025-06-16 17:00:08,43.359504699707,-8.84332084655762,"Unknown"
"7014853",371857,2025-06-16 17:05:06,43.3594589233398,-8.84308528900146,"Unknown"
"7014853",371857,2025-06-16 17:10:06,43.3593978881836,-8.84315490722656,"Unknown"
"7014853",371857,2025-06-16 17:15:05,43.359302520752,-8.84343528747559,"Unknown"
"7014853",371857,2025-06-16 17:20:12,43.3594360351562,-8.84311103820801,"Unknown"
"7014853",371857,2025-06-16 17:25:06,43.3593864440918,-8.84323978424072,"Unknown"
"7014853",371857,2025-06-16 17:30:06,43.359375,-8.84330272674561,"Unknown"
"7014853",371857,2025-06-16 17:35:07,43.3593597412109,-8.84318351745605,"Unknown"
"7014853",371857,2025-06-16 17:40:07,43.3593521118164,-8.84334564208984,"Unknown"
"7014853",371857,2025-06-16 17:45:08,43.3593406677246,-8.84335899353027,"Unknown"
"7014853",371857,2025-06-16 17:50:06,43.3592834472656,-8.84347152709961,"Unknown"
"7014853",371857,2025-06-16 17:55:05,43.3592834472656,-8.84352493286133,"Unknown"
"7014853",371857,2025-06-16 18:00:06,43.3592262268066,-8.84343814849854,"Unknown"
"7014853",371857,2025-06-16 18:05:06,43.3592262268066,-8.84348011016846,"Unknown"
"7014853",371857,2025-06-16 18:10:07,43.3591041564941,-8.84379005432129,"Unknown"
"7014853",371857,2025-06-16 18:15:06,43.3592185974121,-8.84360313415527,"Unknown"
"7014853",371857,2025-06-16 18:20:06,43.3592338562012,-8.84366321563721,"Unknown"
"7014853",371857,2025-06-16 18:25:10,43.359447479248,-8.84344959259033,"Unknown"
"7014853",371857,2025-06-16 18:30:13,43.359447479248,-8.84346580505371,"Unknown"
"7014853",371857,2025-06-16 18:35:07,43.3593597412109,-8.84358501434326,"Unknown"
"7014853",371857,2025-06-16 18:40:05,43.3636283874512,-8.84503936767578,"Unknown"
"7014853",371857,2025-06-16 18:45:06,43.3637275695801,-8.84515953063965,"Unknown"
"7014853",371857,2025-06-16 18:50:05,43.3622436523438,-8.84367656707764,"Unknown"
"7014853",371857,2025-06-16 18:55:07,43.3625183105469,-8.84405612945557,"Unknown"
"7014853",371857,2025-06-16 19:00:06,43.359432220459,-8.84384441375732,"Unknown"
"7014853",371857,2025-06-16 19:05:12,43.3594436645508,-8.84385967254639,"Unknown"
"7014853",371857,2025-06-16 19:10:06,43.3594398498535,-8.84380149841309,"Unknown"
"7014853",371857,2025-06-16 19:15:10,43.3594741821289,-8.84378623962402,"Unknown"
"7014853",371857,2025-06-16 19:20:06,43.3595199584961,-8.84385585784912,"Unknown"
"7014853",371857,2025-06-16 19:25:06,43.359375,-8.84385871887207,"Unknown"
"7014853",371857,2025-06-16 19:30:08,43.3593368530273,-8.84384632110596,"Unknown"
"7014853",371857,2025-06-16 19:35:06,43.3593978881836,-8.84389972686768,"Unknown"
"7014853",371857,2025-06-16 19:40:05,43.3593673706055,-8.84383487701416,"Unknown"
"7014853",371857,2025-06-16 19:45:06,43.3593940734863,-8.84391403198242,"Unknown"
"7014853",371857,2025-06-16 19:50:06,43.359375,-8.84389495849609,"Unknown"
"7014853",371857,2025-06-16 19:55:07,43.3594169616699,-8.84375381469727,"Unknown"
"7014853",371857,2025-06-16 20:00:06,43.3606300354004,-8.84417915344238,"Unknown"
"7014853",371857,2025-06-16 20:05:07,43.3615646362305,-8.84273433685303,"Unknown"
"7014853",371857,2025-06-16 20:10:05,43.3593673706055,-8.84385967254639,"Unknown"
"7014853",371857,2025-06-16 20:15:08,43.3593368530273,-8.84379863739014,"Unknown"
"7014853",371857,2025-06-16 20:20:12,43.3592872619629,-8.84363842010498,"Unknown"
"7014853",371857,2025-06-16 20:25:07,43.3593215942383,-8.84381771087646,"Unknown"
"7014853",371857,2025-06-16 20:30:34,43.3591918945312,-8.84337902069092,"Unknown"
"7014853",371857,2025-06-16 20:35:07,43.3592262268066,-8.84345722198486,"Unknown"
"7014853",371857,2025-06-16 20:40:06,43.3591537475586,-8.84347724914551,"Unknown"
"7014853",371857,2025-06-16 20:45:06,43.3591537475586,-8.84342956542969,"Unknown"
"7014853",371857,2025-06-16 20:50:06,43.359203338623,-8.84341907501221,"Unknown"
"7014853",371857,2025-06-16 20:55:06,43.3592109680176,-8.84336090087891,"Unknown"
"7014853",371857,2025-06-16 21:00:08,43.3589859008789,-8.84346580505371,"Unknown"
"7014853",371857,2025-06-16 21:04:50,43.3592185974121,-8.84325504302979,"Unknown"
"7014853",371857,2025-06-17 02:05:24,43.359188079834,-8.84352874755859,"Unknown"
"7014853",371857,2025-06-17 05:00:19,43.4935722351074,-8.84245109558105,"Unknown"
"7014853",371857,2025-06-17 05:05:31,43.4938316345215,-8.84407329559326,"Unknown"
"7014853",371857,2025-06-17 05:10:11,43.494312286377,-8.84464263916016,"Unknown"
"7014853",371857,2025-06-17 05:15:07,43.4949684143066,-8.85969161987305,"Unknown"
"7014853",371857,2025-06-17 05:20:09,43.4919509887695,-8.86499977111816,"Unknown"
"7014853",371857,2025-06-17 05:25:07,43.4938430786133,-8.87602996826172,"Unknown"
"7014853",371857,2025-06-17 05:30:07,43.4838066101074,-8.88012599945068,"Unknown"
"7014853",371857,2025-06-17 05:35:07,43.4496917724609,-8.89413070678711,"Unknown"
"7014853",371857,2025-06-17 05:40:09,43.4328193664551,-8.89375114440918,"Unknown"
"7014853",371857,2025-06-17 05:45:08,43.4300537109375,-8.89753341674805,"Unknown"
"7014853",371857,2025-06-17 05:50:08,43.4253921508789,-8.91291332244873,"Unknown"
"7014853",371857,2025-06-17 05:55:07,43.4238166809082,-8.91825580596924,"Unknown"
"7014853",371857,2025-06-17 06:00:07,43.4214515686035,-8.9241771697998,"Unknown"
"7014853",371857,2025-06-17 06:05:09,43.4191932678223,-8.93007946014404,"Unknown"
"7014853",371857,2025-06-17 06:10:07,43.4169158935547,-8.93595695495605,"Unknown"
"7014853",371857,2025-06-17 06:15:19,43.411205291748,-8.92313671112061,"Unknown"
"7014853",371857,2025-06-17 06:20:24,43.3963012695312,-8.89258670806885,"Unknown"
"7014853",371857,2025-06-17 06:25:31,43.3799209594727,-8.86131572723389,"Unknown"
"7014853",371857,2025-06-17 06:30:13,43.3583564758301,-8.84354686737061,"Unknown"
"7014853",371857,2025-06-17 06:35:32,43.3591842651367,-8.84348011016846,"Unknown"
"7014853",371857,2025-06-17 06:40:09,43.3591575622559,-8.84344959259033,"Unknown"
"7014853",371857,2025-06-17 06:45:17,43.3592300415039,-8.84350395202637,"Unknown"
"7014853",371857,2025-06-17 06:50:10,43.3593063354492,-8.84367275238037,"Unknown"
"7014853",371857,2025-06-17 06:55:12,43.3591384887695,-8.84335041046143,"Unknown"
"7014853",371857,2025-06-17 07:00:26,43.3590621948242,-8.84342288970947,"Unknown"
"7014853",371857,2025-06-17 07:05:35,43.3591690063477,-8.84347152709961,"Unknown"
"7014853",371857,2025-06-17 07:10:09,43.3591690063477,-8.84351825714111,"Unknown"
"7014853",371857,2025-06-17 07:15:12,43.3591384887695,-8.84341621398926,"Unknown"
"7014853",371857,2025-06-17 07:20:10,43.3589668273926,-8.84366321563721,"Unknown"
"7014853",371857,2025-06-17 07:25:09,43.3591575622559,-8.84348678588867,"Unknown"
"7014853",371857,2025-06-17 07:30:09,43.3592185974121,-8.84335422515869,"Unknown"
"7014853",371857,2025-06-17 07:35:17,43.3590812683105,-8.84353446960449,"Unknown"
"7014853",371857,2025-06-17 07:40:09,43.3593444824219,-8.84323787689209,"Unknown"
"7014853",371857,2025-06-17 07:45:09,43.3592796325684,-8.84325408935547,"Unknown"
"7014853",371857,2025-06-17 07:50:08,43.359302520752,-8.84328842163086,"Unknown"
"7014853",371857,2025-06-17 07:55:09,43.359260559082,-8.84333038330078,"Unknown"
"7014853",371857,2025-06-17 08:00:06,43.3593368530273,-8.84329986572266,"Unknown"
"7014853",371857,2025-06-17 08:05:09,43.3592414855957,-8.84327697753906,"Unknown"
"7014853",371857,2025-06-17 08:10:15,43.3592224121094,-8.8433256149292,"Unknown"
"7014853",371857,2025-06-17 08:15:08,43.3592147827148,-8.84329032897949,"Unknown"
"7014853",371857,2025-06-17 08:20:09,43.3592948913574,-8.84324836730957,"Unknown"
"7014853",371857,2025-06-17 08:25:06,43.3592262268066,-8.84332656860352,"Unknown"
"7014853",371857,2025-06-17 08:30:06,43.3592224121094,-8.84325408935547,"Unknown"
"7014853",371857,2025-06-17 08:35:18,43.3591995239258,-8.84334659576416,"Unknown"
"7014853",371857,2025-06-17 08:40:15,43.3592796325684,-8.84313678741455,"Unknown"
"7014853",371857,2025-06-17 08:45:08,43.3589744567871,-8.84384155273438,"Unknown"
"7014853",371857,2025-06-17 08:50:06,43.3685150146484,-8.84901809692383,"Unknown"
"7014853",371857,2025-06-17 08:55:07,43.3905410766602,-8.87322616577148,"Unknown"
"7014853",371857,2025-06-17 09:00:07,43.4089660644531,-8.90828895568848,"Unknown"
"7014853",371857,2025-06-17 09:05:07,43.4233436584473,-8.95645236968994,"Unknown"
"7014853",371857,2025-06-17 09:10:07,43.4272079467773,-9.01992321014404,"Unknown"
"7014853",371857,2025-06-17 09:15:07,43.4300804138184,-9.08524990081787,"Unknown"
"7014853",371857,2025-06-17 09:20:10,43.4255905151367,-9.12218952178955,"Unknown"
"7014853",371857,2025-06-17 09:25:08,43.4227256774902,-9.12763118743896,"Unknown"
"7014853",371857,2025-06-17 09:30:09,43.4217262268066,-9.12994194030762,"Unknown"
"7014853",371857,2025-06-17 09:35:10,43.4218597412109,-9.13188076019287,"Unknown"
"7014853",371857,2025-06-17 09:40:18,43.4162483215332,-9.14146041870117,"Unknown"
"7014853",371857,2025-06-17 09:45:12,43.4145774841309,-9.14649486541748,"Unknown"
"7014853",371857,2025-06-17 09:50:15,43.4121551513672,-9.15058708190918,"Unknown"
"7014853",371857,2025-06-17 09:55:18,43.4118766784668,-9.15284824371338,"Unknown"
"7014853",371857,2025-06-17 10:00:06,43.4042205810547,-9.1614465713501,"Unknown"
"7014853",371857,2025-06-17 10:05:13,43.4027557373047,-9.16339683532715,"Unknown"
"7014853",371857,2025-06-17 10:10:09,43.3962364196777,-9.16828155517578,"Unknown"
"7014853",371857,2025-06-17 10:15:13,43.3931007385254,-9.1705846786499,"Unknown"
"7014853",371857,2025-06-17 10:20:10,43.3884582519531,-9.17464351654053,"Unknown"
"7014853",371857,2025-06-17 10:25:13,43.3751029968262,-9.16429996490479,"Unknown"
"7014853",371857,2025-06-17 10:30:17,43.3567428588867,-9.14013481140137,"Unknown"
"7014853",371857,2025-06-17 10:35:09,43.3578147888184,-9.12808704376221,"Unknown"
"7014853",371857,2025-06-17 10:40:25,43.3581466674805,-9.1208553314209,"Unknown"
"7014853",371857,2025-06-17 10:45:10,43.3583793640137,-9.11633014678955,"Unknown"
"7014853",371857,2025-06-17 10:50:35,43.3497085571289,-9.09021377563477,"Unknown"
"7014853",371857,2025-06-17 10:55:42,43.3443717956543,-9.06316661834717,"Unknown"
"7014853",371857,2025-06-17 11:00:31,43.3357543945312,-9.03516960144043,"Unknown"
"7014853",371857,2025-06-17 11:05:33,43.3210754394531,-9.0019474029541,"Unknown"
"7014853",371857,2025-06-17 11:10:38,43.3118057250977,-8.97014999389648,"Unknown"
"7014853",371857,2025-06-17 11:15:40,43.305549621582,-8.93801784515381,"Unknown"
"7014853",371857,2025-06-17 11:20:32,43.3135681152344,-8.9124927520752,"Unknown"
"7014853",371857,2025-06-17 11:25:22,43.318775177002,-8.89372158050537,"Unknown"
"7014853",371857,2025-06-17 11:30:22,43.3237457275391,-8.8613338470459,"Unknown"
"7014853",371857,2025-06-17 11:35:23,43.3387680053711,-8.84440422058105,"Unknown"
"7014853",371857,2025-06-17 11:40:23,43.3517379760742,-8.84077644348145,"Unknown"
"7014853",371857,2025-06-17 11:45:35,43.3592491149902,-8.84355926513672,"Unknown"
"7014853",371857,2025-06-17 11:50:08,43.3593864440918,-8.84337425231934,"Unknown"
"7014853",371857,2025-06-17 11:55:35,43.3592300415039,-8.84355068206787,"Unknown"
"7014853",371857,2025-06-17 12:00:07,43.3592414855957,-8.84349155426025,"Unknown"
"7014853",371857,2025-06-17 12:05:07,43.3592376708984,-8.84351634979248,"Unknown"
"7014853",371857,2025-06-17 12:10:10,43.3592529296875,-8.84351825714111,"Unknown"
"7014853",371857,2025-06-17 12:15:10,43.359245300293,-8.84351921081543,"Unknown"
"7014853",371857,2025-06-17 12:20:11,43.3592987060547,-8.84353446960449,"Unknown"
"7014853",371857,2025-06-17 12:25:10,43.3592491149902,-8.84356117248535,"Unknown"
"7014853",371857,2025-06-17 12:30:10,43.3591690063477,-8.84340381622314,"Unknown"
"7014853",371857,2025-06-17 12:35:09,43.3590240478516,-8.84307479858398,"Unknown"
"7014853",371857,2025-06-17 12:40:09,43.3591957092285,-8.84347724914551,"Unknown"
"7014853",371857,2025-06-17 12:45:12,43.3591346740723,-8.84304809570312,"Unknown"
"7014853",371857,2025-06-17 12:50:11,43.3591575622559,-8.84295845031738,"Unknown"
"7014853",371857,2025-06-17 12:55:16,43.3591613769531,-8.84368705749512,"Unknown"
"7014853",371857,2025-06-17 13:00:17,43.3591537475586,-8.84372806549072,"Unknown"
"7014853",371857,2025-06-17 13:05:08,43.3594207763672,-8.84370517730713,"Unknown"
"7014853",371857,2025-06-17 13:10:09,43.3595733642578,-8.84330558776855,"Unknown"
"7014853",371857,2025-06-17 13:15:09,43.3596420288086,-8.84361553192139,"Unknown"
"7014853",371857,2025-06-17 13:20:11,43.3594627380371,-8.84331035614014,"Unknown"
"7014853",371857,2025-06-17 13:25:34,43.3591766357422,-8.84353637695312,"Unknown"
"7014853",371857,2025-06-17 13:30:08,43.3590431213379,-8.84349250793457,"Unknown"
"7014853",371857,2025-06-17 13:35:09,43.3590507507324,-8.84353160858154,"Unknown"
"7014853",371857,2025-06-17 13:40:10,43.3590126037598,-8.84354114532471,"Unknown"
"7014853",371857,2025-06-17 13:45:08,43.3593292236328,-8.84350490570068,"Unknown"
"7014853",371857,2025-06-17 13:50:09,43.3592910766602,-8.84346961975098,"Unknown"
"7014853",371857,2025-06-17 13:55:16,43.3592185974121,-8.84351062774658,"Unknown"
"7014853",371857,2025-06-17 14:00:10,43.3589668273926,-8.84343719482422,"Unknown"
"7014853",371857,2025-06-17 14:05:10,43.3591690063477,-8.84334564208984,"Unknown"
"7014853",371857,2025-06-17 14:10:13,43.35888671875,-8.84352874755859,"Unknown"
"7014853",371857,2025-06-17 14:15:11,43.3592414855957,-8.84353351593018,"Unknown"
"7014853",371857,2025-06-17 14:20:16,43.3591232299805,-8.84348201751709,"Unknown"
"7014853",371857,2025-06-17 14:25:09,43.3595161437988,-8.84356880187988,"Unknown"
"7014853",371857,2025-06-17 14:30:10,43.3525123596191,-8.84348297119141,"Unknown"
"7014853",371857,2025-06-17 14:35:12,43.3175239562988,-8.85464096069336,"Unknown"
"7014853",371857,2025-06-17 14:40:50,43.3140449523926,-8.85689449310303,"Unknown"
"7014853",371857,2025-06-17 14:45:20,43.3184967041016,-8.85783100128174,"Unknown"
"7014853",371857,2025-06-17 14:50:35,43.3253707885742,-8.85159301757812,"Unknown"
"7014853",371857,2025-06-17 14:55:12,43.3254814147949,-8.85170841217041,"Unknown"
"7014853",371857,2025-06-17 15:00:10,43.3254585266113,-8.85174560546875,"Unknown"
"7014853",371857,2025-06-17 15:05:09,43.327091217041,-8.85456848144531,"Unknown"
"7014853",371857,2025-06-17 15:10:35,43.3476982116699,-8.84720993041992,"Unknown"
"7014853",371857,2025-06-17 15:15:10,43.363597869873,-8.83891201019287,"Unknown"
"7014853",371857,2025-06-17 15:20:08,43.3684234619141,-8.83730888366699,"Unknown"
"7014853",371857,2025-06-17 15:25:10,43.3907737731934,-8.84442043304443,"Unknown"
"7014853",371857,2025-06-17 15:30:08,43.407585144043,-8.84496784210205,"Unknown"
"7014853",371857,2025-06-17 15:35:09,43.4243087768555,-8.84071922302246,"Unknown"
"7014853",371857,2025-06-17 15:40:08,43.4314498901367,-8.83693981170654,"Unknown"
"7014853",371857,2025-06-17 15:45:08,43.4502182006836,-8.83485794067383,"Unknown"
"7014853",371857,2025-06-17 15:50:11,43.462646484375,-8.81653308868408,"Unknown"
"7014853",371857,2025-06-17 15:55:10,43.4640884399414,-8.81094169616699,"Unknown"
"7014853",371857,2025-06-17 16:00:19,43.4656105041504,-8.80737781524658,"Unknown"
"7014853",371857,2025-06-17 16:05:19,43.467887878418,-8.80170631408691,"Unknown"
"7014853",371857,2025-06-17 16:10:19,43.4698181152344,-8.79520893096924,"Unknown"
"7014853",371857,2025-06-17 16:15:25,43.479923248291,-8.78513240814209,"Unknown"
"7014853",371857,2025-06-17 16:20:10,43.4973220825195,-8.78157520294189,"Unknown"
"7014853",371857,2025-06-17 16:25:19,43.5151786804199,-8.77444744110107,"Unknown"
"7014853",371857,2025-06-17 16:30:26,43.5112113952637,-8.75213432312012,"Unknown"
"7014853",371857,2025-06-17 16:35:21,43.497974395752,-8.72765350341797,"Unknown"
"7014853",371857,2025-06-17 16:40:19,43.5014228820801,-8.7017126083374,"Unknown"
"7014853",371857,2025-06-17 16:46:23,43.5097808837891,-8.67558860778809,"Unknown"
"7014853",371857,2025-06-17 16:50:08,43.5212020874023,-8.66270732879639,"Unknown"
"7014853",371857,2025-06-17 16:55:13,43.5247001647949,-8.65752506256104,"Unknown"
"7014853",371857,2025-06-17 17:00:10,43.5213508605957,-8.66408157348633,"Unknown"
"7014853",371857,2025-06-17 17:05:10,43.5178871154785,-8.66790294647217,"Unknown"
"7014853",371857,2025-06-17 17:10:09,43.5144119262695,-8.67198276519775,"Unknown"
"7014853",371857,2025-06-17 17:15:19,43.5104179382324,-8.67504596710205,"Unknown"
"7014853",371857,2025-06-17 17:20:14,43.5100936889648,-8.67648124694824,"Unknown"
"7014853",371857,2025-06-17 17:25:10,43.4997673034668,-8.68538951873779,"Unknown"
"7014853",371857,2025-06-17 17:30:20,43.4468307495117,-8.70610237121582,"Unknown"
"7014853",371857,2025-06-17 17:35:11,43.4071846008301,-8.76631546020508,"Unknown"
"7014853",371857,2025-06-17 17:40:20,43.3880271911621,-8.80892848968506,"Unknown"
"7014853",371857,2025-06-17 17:45:09,43.3618049621582,-8.83914566040039,"Unknown"
"7014853",371857,2025-06-17 17:50:23,43.3592491149902,-8.8433723449707,"Unknown"
"7014853",371857,2025-06-17 17:55:16,43.3592109680176,-8.84337902069092,"Unknown"
"7014853",371857,2025-06-17 18:00:44,43.3591804504395,-8.84364223480225,"Unknown"
"7014853",371857,2025-06-17 18:05:08,43.3592567443848,-8.843581199646,"Unknown"
"7014853",371857,2025-06-17 18:10:13,43.3592529296875,-8.84359073638916,"Unknown"
"7014853",371857,2025-06-17 18:15:08,43.3591651916504,-8.84365081787109,"Unknown"
"7014853",371857,2025-06-17 18:20:09,43.3592071533203,-8.84362697601318,"Unknown"
"7014853",371857,2025-06-17 18:25:09,43.3592529296875,-8.84406852722168,"Unknown"
"7014853",371857,2025-06-17 18:30:10,43.3591346740723,-8.84388446807861,"Unknown"
"7014853",371857,2025-06-17 18:35:09,43.3589782714844,-8.84380149841309,"Unknown"
"7014853",371857,2025-06-17 18:40:09,43.3592491149902,-8.84368133544922,"Unknown"
"7014853",371857,2025-06-17 18:45:16,43.3591728210449,-8.84368896484375,"Unknown"
"7014853",371857,2025-06-17 18:50:13,43.3593940734863,-8.84360122680664,"Unknown"
"7014853",371857,2025-06-17 18:55:14,43.3590888977051,-8.84366607666016,"Unknown"
"7014853",371857,2025-06-17 19:00:14,43.3590888977051,-8.84366607666016,"Unknown"
"7014853",371857,2025-06-17 19:05:14,43.3591575622559,-8.84360313415527,"Unknown"
"7014853",371857,2025-06-17 19:10:14,43.3592338562012,-8.84360694885254,"Unknown"
"7014853",371857,2025-06-17 19:15:18,43.3620681762695,-8.83980369567871,"Unknown"
"7014853",371857,2025-06-17 19:25:11,43.3617744445801,-8.84755039215088,"Unknown"
"7014853",371857,2025-06-17 19:30:19,43.3590888977051,-8.84375,"Unknown"
"7014853",371857,2025-06-17 19:35:35,43.3591575622559,-8.84360408782959,"Unknown"
"7014853",371857,2025-06-17 19:40:12,43.3590850830078,-8.84359645843506,"Unknown"
"7014853",371857,2025-06-17 19:45:12,43.3591690063477,-8.84366226196289,"Unknown"
"7014853",371857,2025-06-17 19:50:12,43.3590850830078,-8.84363842010498,"Unknown"
"7014853",371857,2025-06-17 19:55:13,43.3589706420898,-8.84330368041992,"Unknown"
"7014853",371857,2025-06-17 20:00:17,43.359188079834,-8.84372138977051,"Unknown"
"7014853",371857,2025-06-17 20:05:28,43.3591690063477,-8.84363174438477,"Unknown"
"7014853",371857,2025-06-17 20:10:16,43.3592185974121,-8.8436164855957,"Unknown"
"7014853",371857,2025-06-17 20:15:20,43.3591957092285,-8.84362888336182,"Unknown"
"7014853",371857,2025-06-17 20:20:08,43.3592376708984,-8.84361553192139,"Unknown"
"7014853",371857,2025-06-17 20:25:17,43.3591117858887,-8.84353160858154,"Unknown"
"7014853",371857,2025-06-17 20:30:13,43.3593292236328,-8.8434886932373,"Unknown"
"7014853",371857,2025-06-17 20:35:13,43.3592071533203,-8.84349060058594,"Unknown"
"7014853",371857,2025-06-17 20:40:29,43.3593406677246,-8.84360885620117,"Unknown"
"7014853",371857,2025-06-17 20:45:35,43.3591270446777,-8.84354496002197,"Unknown"
"7014853",371857,2025-06-17 20:50:08,43.3591499328613,-8.84350776672363,"Unknown"
"7014853",371857,2025-06-17 20:55:14,43.3592414855957,-8.84347343444824,"Unknown"
"7014853",371857,2025-06-17 21:00:13,43.3592262268066,-8.8434591293335,"Unknown"
"7014853",371857,2025-06-17 21:05:24,43.3592109680176,-8.84351348876953,"Unknown"
"7014853",371857,2025-06-18 02:05:37,43.3591766357422,-8.84357166290283,"Unknown"
"7014853",371857,2025-06-18 05:00:36,43.3592300415039,-8.84347534179688,"Unknown"
"7014853",371857,2025-06-18 05:05:08,43.3591384887695,-8.84348201751709,"Unknown"
"7014853",371857,2025-06-18 05:10:07,43.3591995239258,-8.84339046478271,"Unknown"
"7014853",371857,2025-06-18 05:15:03,43.3592224121094,-8.84339332580566,"Unknown"
"7014853",371857,2025-06-18 05:20:06,43.3591995239258,-8.84349250793457,"Unknown"
"7014853",371857,2025-06-18 05:25:03,43.3591957092285,-8.84350299835205,"Unknown"
"7014853",371857,2025-06-18 05:30:02,43.3793678283691,-8.84680461883545,"Unknown"
"7014853",371857,2025-06-18 05:35:02,43.4118232727051,-8.85397148132324,"Unknown"
"7014853",371857,2025-06-18 05:40:03,43.4303665161133,-8.90348815917969,"Unknown"
"7014853",371857,2025-06-18 05:45:02,43.4234848022461,-8.91186141967773,"Unknown"
"7014853",371857,2025-06-18 05:50:09,43.4209899902344,-8.91482067108154,"Unknown"
"7014853",371857,2025-06-18 05:55:04,43.4192352294922,-8.91561126708984,"Unknown"
"7014853",371857,2025-06-18 06:00:06,43.413158416748,-8.92121028900146,"Unknown"
"7014853",371857,2025-06-18 06:05:04,43.4118003845215,-8.92227268218994,"Unknown"
"7014853",371857,2025-06-18 06:10:09,43.4041061401367,-8.92370223999023,"Unknown"
"7014853",371857,2025-06-18 06:15:04,43.400016784668,-8.9292459487915,"Unknown"
"7014853",371857,2025-06-18 06:20:02,43.3963317871094,-8.93338012695312,"Unknown"
"7014853",371857,2025-06-18 06:25:02,43.3871154785156,-8.91510391235352,"Unknown"
"7014853",371857,2025-06-18 06:30:02,43.3740310668945,-8.87373447418213,"Unknown"
"7014853",371857,2025-06-18 06:35:02,43.358097076416,-8.84392261505127,"Unknown"
"7014853",371857,2025-06-18 06:40:10,43.359188079834,-8.84351634979248,"Unknown"
"7014853",371857,2025-06-18 06:45:06,43.3591613769531,-8.84346294403076,"Unknown"
"7014853",371857,2025-06-18 06:50:06,43.3591957092285,-8.84343242645264,"Unknown"
"7014853",371857,2025-06-18 06:55:09,43.3592185974121,-8.84350490570068,"Unknown"
"7014853",371857,2025-06-18 07:00:10,43.3591537475586,-8.84342384338379,"Unknown"
"7014853",371857,2025-06-18 07:05:07,43.3591270446777,-8.84341812133789,"Unknown"
"7014853",371857,2025-06-18 07:10:33,43.3591918945312,-8.8433780670166,"Unknown"
"7014853",371857,2025-06-18 07:15:06,43.3591804504395,-8.84341335296631,"Unknown"
"7014853",371857,2025-06-18 07:20:04,43.3591995239258,-8.84341239929199,"Unknown"
"7014853",371857,2025-06-18 07:25:06,43.3591728210449,-8.84343528747559,"Unknown"
"7014853",371857,2025-06-18 07:30:06,43.3591804504395,-8.84354114532471,"Unknown"
"7014853",371857,2025-06-18 07:35:10,43.3591232299805,-8.84342956542969,"Unknown"
"7014853",371857,2025-06-18 07:40:07,43.3591194152832,-8.84355163574219,"Unknown"
"7014853",371857,2025-06-18 07:45:08,43.3591766357422,-8.84343719482422,"Unknown"
"7014853",371857,2025-06-18 07:50:03,43.3590621948242,-8.84337043762207,"Unknown"
"7014853",371857,2025-06-18 07:55:03,43.3591079711914,-8.84351253509521,"Unknown"
"7014853",371857,2025-06-18 08:00:10,43.3591995239258,-8.84349060058594,"Unknown"
"7014853",371857,2025-06-18 08:05:10,43.3591270446777,-8.84345626831055,"Unknown"
"7014853",371857,2025-06-18 08:10:06,43.3591728210449,-8.84348392486572,"Unknown"
"7014853",371857,2025-06-18 08:15:07,43.3591232299805,-8.84340953826904,"Unknown"
"7014853",371857,2025-06-18 08:20:07,43.359203338623,-8.84341907501221,"Unknown"
"7014853",371857,2025-06-18 08:25:07,43.3591499328613,-8.8433895111084,"Unknown"
"7014853",371857,2025-06-18 08:30:09,43.3591728210449,-8.84338760375977,"Unknown"
"7014853",371857,2025-06-18 08:35:03,43.3591995239258,-8.84373950958252,"Unknown"
"7014853",371857,2025-06-18 08:40:08,43.3592185974121,-8.84334945678711,"Unknown"
"7014853",371857,2025-06-18 08:45:10,43.3592491149902,-8.84343433380127,"Unknown"
"7014853",371857,2025-06-18 08:50:09,43.3591461181641,-8.84340953826904,"Unknown"
"7014853",371857,2025-06-18 08:55:09,43.3591575622559,-8.84334945678711,"Unknown"
"7014853",371857,2025-06-18 09:00:09,43.3591384887695,-8.84335517883301,"Unknown"
"7014853",371857,2025-06-18 09:05:10,43.3591384887695,-8.84342098236084,"Unknown"
"7014853",371857,2025-06-18 09:10:07,43.3591728210449,-8.84338760375977,"Unknown"
"7014853",371857,2025-06-18 09:15:09,43.3591842651367,-8.84351253509521,"Unknown"
"7014853",371857,2025-06-18 09:20:08,43.3591957092285,-8.84342193603516,"Unknown"
"7014853",371857,2025-06-18 09:25:09,43.3592948913574,-8.84317398071289,"Unknown"
"7014853",371857,2025-06-18 09:30:04,43.3591995239258,-8.84330368041992,"Unknown"
"7014853",371857,2025-06-18 09:35:08,43.3591766357422,-8.8433198928833,"Unknown"
"7014853",371857,2025-06-18 09:40:09,43.3591728210449,-8.84323406219482,"Unknown"
"7014853",371857,2025-06-18 09:45:09,43.3592567443848,-8.84328460693359,"Unknown"
"7014853",371857,2025-06-18 09:50:14,43.3591690063477,-8.8434362411499,"Unknown"
"7014853",371857,2025-06-18 09:55:09,43.3591651916504,-8.84338569641113,"Unknown"
"7014853",371857,2025-06-18 10:00:09,43.3591728210449,-8.84338283538818,"Unknown"
"7014853",371857,2025-06-18 10:05:09,43.3591423034668,-8.84330177307129,"Unknown"
"7014853",371857,2025-06-18 10:10:09,43.3592224121094,-8.84336566925049,"Unknown"
"7014853",371857,2025-06-18 10:15:09,43.3592262268066,-8.84322357177734,"Unknown"
"7014853",371857,2025-06-18 10:20:10,43.3590316772461,-8.84394359588623,"Unknown"
"7014853",371857,2025-06-18 10:25:10,43.3590126037598,-8.84330368041992,"Unknown"
"7014853",371857,2025-06-18 10:30:08,43.3590126037598,-8.84308528900146,"Unknown"
"7014853",371857,2025-06-18 10:35:09,43.3590431213379,-8.8434362411499,"Unknown"
"7014853",371857,2025-06-18 10:40:09,43.3591041564941,-8.84323024749756,"Unknown"
"7014853",371857,2025-06-18 10:45:35,43.3592147827148,-8.84358215332031,"Unknown"
"7014853",371857,2025-06-18 10:50:06,43.3592071533203,-8.84336853027344,"Unknown"
"7014853",371857,2025-06-18 10:55:06,43.3592376708984,-8.84329223632812,"Unknown"
"7014853",371857,2025-06-18 11:00:03,43.3592758178711,-8.84333801269531,"Unknown"
"7014853",371857,2025-06-18 11:05:04,43.3592109680176,-8.84339618682861,"Unknown"
"7014853",371857,2025-06-18 11:10:06,43.3591766357422,-8.8434944152832,"Unknown"
"7014853",371857,2025-06-18 11:15:03,43.3591995239258,-8.84342575073242,"Unknown"
"7014853",371857,2025-06-18 11:20:03,43.3592338562012,-8.84337329864502,"Unknown"
"7014853",371857,2025-06-18 11:25:06,43.3591957092285,-8.84355640411377,"Unknown"
"7014853",371857,2025-06-18 11:30:04,43.3591690063477,-8.84341812133789,"Unknown"
"7014853",371857,2025-06-18 11:35:03,43.3685874938965,-8.8538646697998,"Unknown"
"7014853",371857,2025-06-18 11:40:03,43.3726387023926,-8.89473247528076,"Unknown"
"7014853",371857,2025-06-18 11:45:03,43.3748970031738,-8.93496036529541,"Unknown"
"7014853",371857,2025-06-18 11:50:03,43.3861808776855,-8.97182083129883,"Unknown"
"7014853",371857,2025-06-18 11:55:02,43.4000816345215,-9.00236797332764,"Unknown"
"7014853",371857,2025-06-18 12:00:14,43.4009094238281,-9.00039100646973,"Unknown"
"7014853",371857,2025-06-18 12:05:03,43.4020118713379,-8.99006366729736,"Unknown"
"7014853",371857,2025-06-18 12:10:35,43.4033317565918,-8.98486518859863,"Unknown"
"7014853",371857,2025-06-18 12:15:05,43.4040069580078,-8.98467826843262,"Unknown"
"7014853",371857,2025-06-18 12:20:03,43.4057960510254,-8.97230339050293,"Unknown"
"7014853",371857,2025-06-18 12:25:03,43.4076728820801,-8.96664905548096,"Unknown"
"7014853",371857,2025-06-18 12:30:04,43.4091758728027,-8.96366500854492,"Unknown"
"7014853",371857,2025-06-18 12:35:02,43.4188804626465,-8.97358703613281,"Unknown"
"7014853",371857,2025-06-18 12:40:03,43.4418983459473,-9.00312042236328,"Unknown"
"7014853",371857,2025-06-18 12:45:08,43.4660758972168,-9.01432609558105,"Unknown"
"7014853",371857,2025-06-18 12:50:03,43.4916915893555,-9.0449047088623,"Unknown"
"7014853",371857,2025-06-18 12:55:04,43.5037078857422,-9.06804847717285,"Unknown"
"7014853",371857,2025-06-18 13:00:06,43.5062828063965,-9.09653186798096,"Unknown"
"7014853",371857,2025-06-18 13:05:06,43.5101470947266,-9.13020515441895,"Unknown"
"7014853",371857,2025-06-18 13:10:03,43.5107192993164,-9.14930248260498,"Unknown"
"7014853",371857,2025-06-18 13:15:07,43.5100402832031,-9.14745426177979,"Unknown"
"7014853",371857,2025-06-18 13:20:15,43.5111618041992,-9.14538669586182,"Unknown"
"7014853",371857,2025-06-18 13:25:04,43.5111885070801,-9.14499950408936,"Unknown"
"7014853",371857,2025-06-18 13:30:04,43.5107917785645,-9.14469242095947,"Unknown"
"7014853",371857,2025-06-18 13:35:06,43.5105934143066,-9.14487171173096,"Unknown"
"7014853",371857,2025-06-18 13:40:05,43.5106430053711,-9.14524936676025,"Unknown"
"7014853",371857,2025-06-18 13:45:07,43.5107421875,-9.145263671875,"Unknown"
"7014853",371857,2025-06-18 13:50:18,43.5104637145996,-9.14508533477783,"Unknown"
"7014853",371857,2025-06-18 13:55:07,43.5100898742676,-9.14491558074951,"Unknown"
"7014853",371857,2025-06-18 14:00:03,43.5024032592773,-9.12720489501953,"Unknown"
"7014853",371857,2025-06-18 14:05:03,43.4782829284668,-9.09781837463379,"Unknown"
"7014853",371857,2025-06-18 14:10:04,43.4573669433594,-9.06734275817871,"Unknown"
"7014853",371857,2025-06-18 14:15:03,43.4375915527344,-9.03946590423584,"Unknown"
"7014853",371857,2025-06-18 14:20:04,43.4169273376465,-9.0055046081543,"Unknown"
"7014853",371857,2025-06-18 14:25:06,43.3870468139648,-8.97426795959473,"Unknown"
"7014853",371857,2025-06-18 14:30:05,43.3714065551758,-8.93591117858887,"Unknown"
"7014853",371857,2025-06-18 14:35:44,43.3643264770508,-8.88557147979736,"Unknown"
"7014853",371857,2025-06-18 14:40:04,43.3543968200684,-8.84925365447998,"Unknown"
"7014853",371857,2025-06-18 14:45:08,43.359245300293,-8.8435001373291,"Unknown"
"7014853",371857,2025-06-18 14:50:08,43.3591918945312,-8.84349632263184,"Unknown"
"7014853",371857,2025-06-18 14:55:10,43.359058380127,-8.84313011169434,"Unknown"
"7014853",371857,2025-06-18 15:00:10,43.3591842651367,-8.84325981140137,"Unknown"
"7014853",371857,2025-06-18 15:05:14,43.3592529296875,-8.84339141845703,"Unknown"
"7014853",371857,2025-06-18 15:10:12,43.3590431213379,-8.84340667724609,"Unknown"
"7014853",371857,2025-06-18 15:15:10,43.3591766357422,-8.8436393737793,"Unknown"
"7014853",371857,2025-06-18 15:20:14,43.3591575622559,-8.84341430664062,"Unknown"
"7014853",371857,2025-06-18 15:25:13,43.3590927124023,-8.84350490570068,"Unknown"
"7014853",371857,2025-06-18 15:30:10,43.3590812683105,-8.84329986572266,"Unknown"
"7014853",371857,2025-06-18 15:35:09,43.3591384887695,-8.84341239929199,"Unknown"
"7014853",371857,2025-06-18 15:40:11,43.3592071533203,-8.84344673156738,"Unknown"
"7014853",371857,2025-06-18 15:45:20,43.3592185974121,-8.84356594085693,"Unknown"
"7014853",371857,2025-06-18 15:50:25,43.3591575622559,-8.843430519104,"Unknown"
"7014853",371857,2025-06-18 15:55:14,43.3591728210449,-8.84340953826904,"Unknown"
"7014853",371857,2025-06-18 16:00:11,43.3591423034668,-8.84332275390625,"Unknown"
"7014853",371857,2025-06-18 16:05:11,43.3592491149902,-8.84334468841553,"Unknown"
"7014853",371857,2025-06-18 16:10:14,43.3591499328613,-8.84343338012695,"Unknown"
"7014853",371857,2025-06-18 16:15:07,43.3590927124023,-8.84329414367676,"Unknown"
"7014853",371857,2025-06-18 16:20:09,43.3591957092285,-8.84340000152588,"Unknown"
"7014853",371857,2025-06-18 16:25:14,43.359203338623,-8.84348487854004,"Unknown"
"7014853",371857,2025-06-18 16:30:11,43.3590126037598,-8.84326076507568,"Unknown"
"7014853",371857,2025-06-18 16:35:11,43.3591232299805,-8.84340572357178,"Unknown"
"7014853",371857,2025-06-18 16:40:15,43.3586807250977,-8.84323883056641,"Unknown"
"7014853",371857,2025-06-18 16:45:35,43.3591423034668,-8.84344005584717,"Unknown"
"7014853",371857,2025-06-18 16:50:35,43.359188079834,-8.84347724914551,"Unknown"
"7014853",371857,2025-06-18 16:55:04,43.3592185974121,-8.84343814849854,"Unknown"
"7014853",371857,2025-06-18 17:00:06,43.3591957092285,-8.84345149993896,"Unknown"
"7014853",371857,2025-06-18 17:05:03,43.3592529296875,-8.84344387054443,"Unknown"
"7014853",371857,2025-06-18 17:10:06,43.3591842651367,-8.84347915649414,"Unknown"
"7014853",371857,2025-06-18 17:15:07,43.3592185974121,-8.84351062774658,"Unknown"
"7014853",371857,2025-06-18 17:20:06,43.3591728210449,-8.84349632263184,"Unknown"
"7014853",371857,2025-06-18 17:25:04,43.3591995239258,-8.84353923797607,"Unknown"
"7014853",371857,2025-06-18 17:30:07,43.3591804504395,-8.84346580505371,"Unknown"
"7014853",371857,2025-06-18 17:35:08,43.3592071533203,-8.84349536895752,"Unknown"
"7014853",371857,2025-06-18 17:40:11,43.3592529296875,-8.8436279296875,"Unknown"
"7014853",371857,2025-06-18 17:45:06,43.3592262268066,-8.84356117248535,"Unknown"
"7014853",371857,2025-06-18 17:50:04,43.3593139648438,-8.84374713897705,"Unknown"
"7014853",371857,2025-06-18 17:55:08,43.3592338562012,-8.84354209899902,"Unknown"
"7014853",371857,2025-06-18 18:00:04,43.3592376708984,-8.84347343444824,"Unknown"
"7014853",371857,2025-06-18 18:05:04,43.3591957092285,-8.84354305267334,"Unknown"
"7014853",371857,2025-06-18 18:10:04,43.3591690063477,-8.84349155426025,"Unknown"
"7014853",371857,2025-06-18 18:15:08,43.3591957092285,-8.84348773956299,"Unknown"
"7014853",371857,2025-06-18 18:20:06,43.3592834472656,-8.84363174438477,"Unknown"
"7014853",371857,2025-06-18 18:25:16,43.3592987060547,-8.84363555908203,"Unknown"
"7014853",371857,2025-06-18 18:30:04,43.3592491149902,-8.84358692169189,"Unknown"
"7014853",371857,2025-06-18 18:35:06,43.3591918945312,-8.84352111816406,"Unknown"
"7014853",371857,2025-06-18 18:40:08,43.3592185974121,-8.84352588653564,"Unknown"
"7014853",371857,2025-06-18 18:45:11,43.3592529296875,-8.84358406066895,"Unknown"
"7014853",371857,2025-06-18 18:50:08,43.3592338562012,-8.84351539611816,"Unknown"
"7014853",371857,2025-06-18 18:55:09,43.3592300415039,-8.84357929229736,"Unknown"
"7014853",371857,2025-06-18 19:00:09,43.3592414855957,-8.84361267089844,"Unknown"
"7014853",371857,2025-06-18 19:05:04,43.3592910766602,-8.84354686737061,"Unknown"
"7014853",371857,2025-06-18 19:10:08,43.3592834472656,-8.84367942810059,"Unknown"
"7014853",371857,2025-06-18 19:15:16,43.3591194152832,-8.8433084487915,"Unknown"
"7014853",371857,2025-06-18 19:20:59,43.3591651916504,-8.84348106384277,"Unknown"
"7014853",371857,2025-06-18 19:25:04,43.3592185974121,-8.84355449676514,"Unknown"
"7014853",371857,2025-06-18 19:30:04,43.3591346740723,-8.84344959259033,"Unknown"
"7014853",371857,2025-06-18 19:35:10,43.3591613769531,-8.84345245361328,"Unknown"
"7014853",371857,2025-06-18 19:40:06,43.359260559082,-8.84353637695312,"Unknown"
"7014853",371857,2025-06-18 19:45:04,43.359188079834,-8.84340572357178,"Unknown"
"7014853",371857,2025-06-18 19:50:03,43.3591461181641,-8.84341144561768,"Unknown"
"7014853",371857,2025-06-18 19:55:09,43.3591842651367,-8.84352588653564,"Unknown"
"7014853",371857,2025-06-18 20:00:06,43.3591957092285,-8.84347724914551,"Unknown"
"7014853",371857,2025-06-18 20:05:04,43.3591804504395,-8.84348583221436,"Unknown"
"7014853",371857,2025-06-18 20:10:04,43.3592224121094,-8.84366416931152,"Unknown"
"7014853",371857,2025-06-18 20:15:06,43.3591499328613,-8.84347915649414,"Unknown"
"7014853",371857,2025-06-18 20:20:10,43.3591270446777,-8.8435173034668,"Unknown"
"7014853",371857,2025-06-18 20:25:09,43.3591804504395,-8.84348678588867,"Unknown"
"7014853",371857,2025-06-18 20:30:04,43.3591995239258,-8.84354591369629,"Unknown"
"7014853",371857,2025-06-18 20:35:09,43.3591995239258,-8.84350967407227,"Unknown"
"7014853",371857,2025-06-18 20:40:08,43.359188079834,-8.84357738494873,"Unknown"
"7014853",371857,2025-06-18 20:45:11,43.3591690063477,-8.8435230255127,"Unknown"
"7014853",371857,2025-06-18 20:50:07,43.3591613769531,-8.84361743927002,"Unknown"
"7014853",371857,2025-06-18 20:55:04,43.3591156005859,-8.84384536743164,"Unknown"
"7014853",371857,2025-06-18 21:00:08,43.3592262268066,-8.84360885620117,"Unknown"
"7014853",371857,2025-06-18 21:05:37,43.3593330383301,-8.84354496002197,"Unknown"
"7014853",371857,2025-06-19 02:06:05,43.359203338623,-8.84351253509521,"Unknown"
"7014853",371857,2025-06-19 05:00:46,43.359188079834,-8.84351539611816,"Unknown"
"7014853",371857,2025-06-19 05:05:16,43.3591651916504,-8.84360027313232,"Unknown"
"7014853",371857,2025-06-19 05:10:17,43.3592262268066,-8.84355354309082,"Unknown"
"7014853",371857,2025-06-19 05:15:16,43.3591537475586,-8.84358501434326,"Unknown"
"7014853",371857,2025-06-19 05:20:18,43.3592300415039,-8.84353256225586,"Unknown"
"7014853",371857,2025-06-19 05:25:18,43.3591766357422,-8.84350776672363,"Unknown"
"7014853",371857,2025-06-19 05:30:25,43.3591651916504,-8.84342384338379,"Unknown"
"7014853",371857,2025-06-19 05:35:25,43.3592300415039,-8.84351634979248,"Unknown"
"7014853",371857,2025-06-19 05:40:23,43.3592376708984,-8.84349155426025,"Unknown"
"7014853",371857,2025-06-19 05:45:27,43.3592338562012,-8.84346771240234,"Unknown"
"7014853",371857,2025-06-19 05:50:27,43.3592071533203,-8.84347820281982,"Unknown"
"7014853",371857,2025-06-19 05:55:27,43.3591995239258,-8.84346008300781,"Unknown"
"7014853",371857,2025-06-19 06:00:27,43.3591232299805,-8.84346961975098,"Unknown"
"7014853",371857,2025-06-19 06:06:05,43.3592071533203,-8.8434419631958,"Unknown"
"7014853",371857,2025-06-19 06:10:17,43.3591804504395,-8.84350490570068,"Unknown"
"7014853",371857,2025-06-19 06:15:16,43.3591575622559,-8.84350681304932,"Unknown"
"7014853",371857,2025-06-19 06:20:16,43.3592338562012,-8.84334182739258,"Unknown"
"7014853",371857,2025-06-19 06:25:20,43.359245300293,-8.84353446960449,"Unknown"
"7014853",371857,2025-06-19 06:30:19,43.3591918945312,-8.84347248077393,"Unknown"
"7014853",371857,2025-06-19 06:35:22,43.3591384887695,-8.84339809417725,"Unknown"
"7014853",371857,2025-06-19 06:40:37,43.3592300415039,-8.8433780670166,"Unknown"
"7014853",371857,2025-06-19 06:45:26,43.3592300415039,-8.84335994720459,"Unknown"
"7014853",371857,2025-06-19 06:50:17,43.3597183227539,-8.84556102752686,"Unknown"
"7014853",371857,2025-06-19 06:55:18,43.3832015991211,-8.86519718170166,"Unknown"
"7014853",371857,2025-06-19 07:00:17,43.414608001709,-8.87442684173584,"Unknown"
"7014853",371857,2025-06-19 07:05:28,43.4340019226074,-8.84305095672607,"Unknown"
"7014853",371857,2025-06-19 07:10:30,43.4326400756836,-8.83756351470947,"Unknown"
"7014853",371857,2025-06-19 07:16:39,43.4303741455078,-8.8281192779541,"Unknown"
"7014853",371857,2025-06-19 07:21:29,43.4287261962891,-8.82053852081299,"Unknown"
"7014853",371857,2025-06-19 07:25:15,43.4277877807617,-8.81517124176025,"Unknown"
"7014853",371857,2025-06-19 07:30:24,43.4264030456543,-8.80694961547852,"Unknown"
"7014853",371857,2025-06-19 07:35:22,43.425220489502,-8.79894351959229,"Unknown"
"7014853",371857,2025-06-19 07:40:15,43.4245948791504,-8.79525470733643,"Unknown"
"7014853",371857,2025-06-19 07:45:25,43.4351005554199,-8.83223056793213,"Unknown"
"7014853",371857,2025-06-19 07:50:35,43.4623794555664,-8.84231758117676,"Unknown"
"7014853",371857,2025-06-19 07:55:15,43.4509658813477,-8.84385013580322,"Unknown"
"7014853",371857,2025-06-19 08:00:17,43.4348793029785,-8.82504844665527,"Unknown"
"7014853",371857,2025-06-19 08:05:20,43.4421539306641,-8.77657890319824,"Unknown"
"7014853",371857,2025-06-19 08:10:35,43.4317436218262,-8.77515602111816,"Unknown"
"7014853",371857,2025-06-19 08:15:15,43.407642364502,-8.76758480072021,"Unknown"
"7014853",371857,2025-06-19 08:20:17,43.3827781677246,-8.77715492248535,"Unknown"
"7014853",371857,2025-06-19 08:25:15,43.3637657165527,-8.79939365386963,"Unknown"
"7014853",371857,2025-06-19 08:30:44,43.3590316772461,-8.83617305755615,"Unknown"
"7014853",371857,2025-06-19 08:35:16,43.3591194152832,-8.84628295898438,"Unknown"
"7014853",371857,2025-06-19 08:40:20,43.3592224121094,-8.8436975479126,"Unknown"
"7014853",371857,2025-06-19 08:45:19,43.3591575622559,-8.84390163421631,"Unknown"
"7014853",371857,2025-06-19 08:50:18,43.3591766357422,-8.84375858306885,"Unknown"
"7014853",371857,2025-06-19 08:55:22,43.3591766357422,-8.84358501434326,"Unknown"
"7014853",371857,2025-06-19 09:00:18,43.3591728210449,-8.843581199646,"Unknown"
"7014853",371857,2025-06-19 09:05:16,43.3591918945312,-8.84380912780762,"Unknown"
"7014853",371857,2025-06-19 09:10:19,43.3591918945312,-8.84397411346436,"Unknown"
"7014853",371857,2025-06-19 09:15:25,43.3591842651367,-8.84354877471924,"Unknown"
"7014853",371857,2025-06-19 09:20:16,43.359260559082,-8.84367752075195,"Unknown"
"7014853",371857,2025-06-19 09:25:25,43.3591995239258,-8.84356498718262,"Unknown"
"7014853",371857,2025-06-19 09:30:26,43.3592262268066,-8.84372234344482,"Unknown"
"7014853",371857,2025-06-19 09:35:31,43.3592109680176,-8.8435583114624,"Unknown"
"7014853",371857,2025-06-19 09:40:16,43.3592071533203,-8.8435525894165,"Unknown"
"7014853",371857,2025-06-19 09:45:16,43.3591804504395,-8.84350299835205,"Unknown"
"7014853",371857,2025-06-19 09:50:18,43.3591804504395,-8.84374809265137,"Unknown"
"7014853",371857,2025-06-19 09:55:18,43.3592338562012,-8.84354400634766,"Unknown"
"7014853",371857,2025-06-19 10:00:16,43.3592185974121,-8.8436918258667,"Unknown"
"7014853",371857,2025-06-19 10:05:16,43.3588447570801,-8.84262275695801,"Unknown"
"7014853",371857,2025-06-19 10:10:16,43.3593711853027,-8.84419727325439,"Unknown"
"7014853",371857,2025-06-19 10:15:18,43.359188079834,-8.84348964691162,"Unknown"
"7014853",371857,2025-06-19 10:20:18,43.3591957092285,-8.84371948242188,"Unknown"
"7014853",371857,2025-06-19 10:25:19,43.359245300293,-8.84406280517578,"Unknown"
"7014853",371857,2025-06-19 10:30:17,43.3591957092285,-8.8434534072876,"Unknown"
"7014853",371857,2025-06-19 10:35:19,43.3591766357422,-8.84368896484375,"Unknown"
"7014853",371857,2025-06-19 10:40:31,43.3592071533203,-8.84350204467773,"Unknown"
"7014853",371857,2025-06-19 10:45:32,43.3591918945312,-8.84343147277832,"Unknown"
"7014853",371857,2025-06-19 10:50:20,43.3592224121094,-8.84350776672363,"Unknown"
"7014853",371857,2025-06-19 10:55:16,43.3591804504395,-8.8436107635498,"Unknown"
"7014853",371857,2025-06-19 11:00:23,43.3592338562012,-8.84356784820557,"Unknown"
"7014853",371857,2025-06-19 11:05:19,43.3591346740723,-8.84350395202637,"Unknown"
"7014853",371857,2025-06-19 11:10:19,43.3591728210449,-8.8435230255127,"Unknown"
"7014853",371857,2025-06-19 11:15:16,43.367561340332,-8.85554981231689,"Unknown"
"7014853",371857,2025-06-19 11:20:15,43.3857154846191,-8.87679958343506,"Unknown"
"7014853",371857,2025-06-19 11:25:15,43.4018325805664,-8.90557098388672,"Unknown"
"7014853",371857,2025-06-19 11:30:16,43.4028549194336,-8.94521713256836,"Unknown"
"7014853",371857,2025-06-19 11:35:16,43.407600402832,-8.98386287689209,"Unknown"
"7014853",371857,2025-06-19 11:40:16,43.4004211425781,-9.02168369293213,"Unknown"
"7014853",371857,2025-06-19 11:45:16,43.4170570373535,-9.05437850952148,"Unknown"
"7014853",371857,2025-06-19 11:50:16,43.4415512084961,-9.0780143737793,"Unknown"
"7014853",371857,2025-06-19 11:55:17,43.4690399169922,-9.10154247283936,"Unknown"
"7014853",371857,2025-06-19 12:00:25,43.509349822998,-9.11176586151123,"Unknown"
"7014853",371857,2025-06-19 12:05:25,43.5408363342285,-9.12680435180664,"Unknown"
"7014853",371857,2025-06-19 12:10:35,43.5442428588867,-9.12768745422363,"Unknown"
"7014853",371857,2025-06-19 12:15:19,43.5440139770508,-9.12879085540771,"Unknown"
"7014853",371857,2025-06-19 12:20:19,43.5410194396973,-9.12872695922852,"Unknown"
"7014853",371857,2025-06-19 12:25:18,43.5147895812988,-9.09762477874756,"Unknown"
"7014853",371857,2025-06-19 12:30:18,43.4901809692383,-9.05557250976562,"Unknown"
"7014853",371857,2025-06-19 12:35:19,43.4623222351074,-9.01314353942871,"Unknown"
"7014853",371857,2025-06-19 12:40:19,43.4331092834473,-8.9727840423584,"Unknown"
"7014853",371857,2025-06-19 12:45:23,43.4038467407227,-8.9337739944458,"Unknown"
"7014853",371857,2025-06-19 12:51:21,43.3747520446777,-8.87529945373535,"Unknown"
"7014853",371857,2025-06-19 12:55:25,43.360221862793,-8.84629058837891,"Unknown"
"7014853",371857,2025-06-19 13:00:18,43.3592300415039,-8.84348392486572,"Unknown"
"7014853",371857,2025-06-19 13:05:22,43.3591499328613,-8.84340572357178,"Unknown"
"7014853",371857,2025-06-19 13:10:18,43.3593292236328,-8.84347534179688,"Unknown"
"7014853",371857,2025-06-19 13:15:17,43.3591499328613,-8.84357070922852,"Unknown"
"7014853",371857,2025-06-19 13:20:17,43.3590545654297,-8.84344863891602,"Unknown"
"7014853",371857,2025-06-19 13:25:19,43.3590621948242,-8.84380340576172,"Unknown"
"7014853",371857,2025-06-19 13:30:20,43.3591461181641,-8.8434419631958,"Unknown"
"7014853",371857,2025-06-19 13:35:18,43.358943939209,-8.84333229064941,"Unknown"
"7014853",371857,2025-06-19 13:40:22,43.3590469360352,-8.84350299835205,"Unknown"
"7014853",371857,2025-06-19 13:45:23,43.3590278625488,-8.84351825714111,"Unknown"
"7014853",371857,2025-06-19 13:50:23,43.3591766357422,-8.84351444244385,"Unknown"
"7014853",371857,2025-06-19 13:55:17,43.3591499328613,-8.84348106384277,"Unknown"
"7014853",371857,2025-06-19 14:00:22,43.3590927124023,-8.84347057342529,"Unknown"
"7014853",371857,2025-06-19 14:05:20,43.3590888977051,-8.84348011016846,"Unknown"
"7014853",371857,2025-06-19 14:10:22,43.3590240478516,-8.84349346160889,"Unknown"
"7014853",371857,2025-06-19 14:15:23,43.3590698242188,-8.84342575073242,"Unknown"
"7014853",371857,2025-06-19 14:20:25,43.3590698242188,-8.84345626831055,"Unknown"
"7014853",371857,2025-06-19 14:25:21,43.3591003417969,-8.84340763092041,"Unknown"
"7014853",371857,2025-06-19 14:30:24,43.3591003417969,-8.84347724914551,"Unknown"
"7014853",371857,2025-06-19 14:35:24,43.359058380127,-8.84342956542969,"Unknown"
"7014853",371857,2025-06-19 14:40:35,43.3591499328613,-8.84351348876953,"Unknown"
"7014853",371857,2025-06-19 14:45:26,43.3591423034668,-8.84357643127441,"Unknown"
"7014853",371857,2025-06-19 14:50:26,43.3591384887695,-8.84346389770508,"Unknown"
"7014853",371857,2025-06-19 14:55:26,43.3599395751953,-8.84460735321045,"Unknown"
"7014853",371857,2025-06-19 15:00:53,43.3591918945312,-8.84346389770508,"Unknown"
"7014853",371857,2025-06-19 15:05:31,43.358829498291,-8.84307956695557,"Unknown"
"7014853",371857,2025-06-19 15:10:24,43.3590698242188,-8.84340000152588,"Unknown"
"7014853",371857,2025-06-19 15:15:35,43.3591079711914,-8.84342765808105,"Unknown"
"7014853",371857,2025-06-19 15:20:31,43.3588829040527,-8.84311771392822,"Unknown"
"7014853",371857,2025-06-19 15:25:24,43.3593788146973,-8.84381198883057,"Unknown"
"7014853",371857,2025-06-19 15:30:30,43.359733581543,-8.84379577636719,"Unknown"
"7014853",371857,2025-06-19 15:35:23,43.3592262268066,-8.84353160858154,"Unknown"
"7014853",371857,2025-06-19 15:40:17,43.3591766357422,-8.84345722198486,"Unknown"
"7014853",371857,2025-06-19 15:45:21,43.3591842651367,-8.84348773956299,"Unknown"
"7014853",371857,2025-06-19 15:50:18,43.3590888977051,-8.84340667724609,"Unknown"
"7014853",371857,2025-06-19 15:55:17,43.3591384887695,-8.84344863891602,"Unknown"
"7014853",371857,2025-06-19 16:00:32,43.3591194152832,-8.84343910217285,"Unknown"
"7014853",371857,2025-06-19 16:05:17,43.3591003417969,-8.84351444244385,"Unknown"
"7014853",371857,2025-06-19 16:10:18,43.3591766357422,-8.84347152709961,"Unknown"
"7014853",371857,2025-06-19 16:15:22,43.3591194152832,-8.84343719482422,"Unknown"
"7014853",371857,2025-06-19 16:25:21,43.3595886230469,-8.84621238708496,"Unknown"
"7014853",371857,2025-06-19 16:30:18,43.3593101501465,-8.84331512451172,"Unknown"
"7014853",371857,2025-06-19 16:35:24,43.3592338562012,-8.84348392486572,"Unknown"
"7014853",371857,2025-06-19 16:40:22,43.3592567443848,-8.8435173034668,"Unknown"
"7014853",371857,2025-06-19 16:45:18,43.3594055175781,-8.84321784973145,"Unknown"
"7014853",371857,2025-06-19 16:50:25,43.3591270446777,-8.84352779388428,"Unknown"
"7014853",371857,2025-06-19 16:55:18,43.3592834472656,-8.843430519104,"Unknown"
"7014853",371857,2025-06-19 17:00:24,43.359130859375,-8.8435697555542,"Unknown"
"7014853",371857,2025-06-19 17:05:46,43.3592491149902,-8.84348392486572,"Unknown"
"7014853",371857,2025-06-19 17:10:53,43.3592338562012,-8.84349250793457,"Unknown"
"7014853",371857,2025-06-19 17:15:17,43.3591957092285,-8.84350681304932,"Unknown"
"7014853",371857,2025-06-19 17:20:18,43.3591804504395,-8.8435230255127,"Unknown"
"7014853",371857,2025-06-19 17:25:18,43.3591613769531,-8.84347343444824,"Unknown"
"7014853",371857,2025-06-19 17:30:16,43.3592987060547,-8.84343814849854,"Unknown"
"7014853",371857,2025-06-19 17:35:18,43.3592109680176,-8.84351634979248,"Unknown"
"7014853",371857,2025-06-19 17:40:16,43.3591918945312,-8.84354305267334,"Unknown"
"7014853",371857,2025-06-19 17:45:17,43.3592948913574,-8.84337520599365,"Unknown"
"7014853",371857,2025-06-19 17:50:16,43.3592567443848,-8.84354209899902,"Unknown"
"7014853",371857,2025-06-19 17:55:16,43.3552894592285,-8.85464477539062,"Unknown"
"7014853",371857,2025-06-19 18:00:17,43.3426704406738,-8.86293983459473,"Unknown"
"7014853",371857,2025-06-19 18:05:19,43.3428115844727,-8.86364936828613,"Unknown"
"7014853",371857,2025-06-19 18:10:16,43.3210258483887,-8.85899066925049,"Unknown"
"7014853",371857,2025-06-19 18:15:16,43.3144111633301,-8.85693359375,"Unknown"
"7014853",371857,2025-06-19 18:20:18,43.316478729248,-8.85802555084229,"Unknown"
"7014853",371857,2025-06-19 18:25:17,43.3145179748535,-8.85687446594238,"Unknown"
"7014853",371857,2025-06-19 18:30:16,43.3252410888672,-8.86129379272461,"Unknown"
"7014853",371857,2025-06-19 18:35:16,43.3247375488281,-8.89437866210938,"Unknown"
"7014853",371857,2025-06-19 18:40:16,43.3330574035645,-8.90148735046387,"Unknown"
"7014853",371857,2025-06-19 18:45:21,43.3340225219727,-8.90135288238525,"Unknown"
"7014853",371857,2025-06-19 18:50:19,43.3345947265625,-8.90012741088867,"Unknown"
"7014853",371857,2025-06-19 18:55:18,43.3331756591797,-8.90160465240479,"Unknown"
"7014853",371857,2025-06-19 19:00:19,43.3361778259277,-8.90120315551758,"Unknown"
"7014853",371857,2025-06-19 19:05:26,43.336597442627,-8.9000768661499,"Unknown"
"7014853",371857,2025-06-19 19:10:31,43.335750579834,-8.89590930938721,"Unknown"
"7014853",371857,2025-06-19 19:15:27,43.3379859924316,-8.89586639404297,"Unknown"
"7014853",371857,2025-06-19 19:20:36,43.3387413024902,-8.89502143859863,"Unknown"
"7014853",371857,2025-06-19 19:25:37,43.3393783569336,-8.89413928985596,"Unknown"
"7014853",371857,2025-06-19 19:30:44,43.3398323059082,-8.89284229278564,"Unknown"
"7014853",371857,2025-06-19 19:35:18,43.3404121398926,-8.89260101318359,"Unknown"
"7014853",371857,2025-06-19 19:40:19,43.3409461975098,-8.89178657531738,"Unknown"
"7014853",371857,2025-06-19 19:45:21,43.3415679931641,-8.89114284515381,"Unknown"
"7014853",371857,2025-06-19 19:50:19,43.3419303894043,-8.89095973968506,"Unknown"
"7014853",371857,2025-06-19 19:55:18,43.3422927856445,-8.89057540893555,"Unknown"
"7014853",371857,2025-06-19 20:00:23,43.3444328308105,-8.89049625396729,"Unknown"
"7014853",371857,2025-06-19 20:05:16,43.3344230651855,-8.88013935089111,"Unknown"
"7014853",371857,2025-06-19 20:10:45,43.3350028991699,-8.88063621520996,"Unknown"
"7014853",371857,2025-06-19 20:16:29,43.3332214355469,-8.86990928649902,"Unknown"
"7014853",371857,2025-06-19 20:20:35,43.3334541320801,-8.87012386322021,"Unknown"
"7014853",371857,2025-06-19 20:25:18,43.3320350646973,-8.89230346679688,"Unknown"
"7014853",371857,2025-06-19 20:30:17,43.3434181213379,-8.9114408493042,"Unknown"
"7014853",371857,2025-06-19 20:35:16,43.3406257629395,-8.92352104187012,"Unknown"
"7014853",371857,2025-06-19 20:40:16,43.3356895446777,-8.93597507476807,"Unknown"
"7014853",371857,2025-06-19 20:45:16,43.3290061950684,-8.9335412979126,"Unknown"
"7014853",371857,2025-06-19 20:50:19,43.3300743103027,-8.93815040588379,"Unknown"
"7014853",371857,2025-06-19 20:55:17,43.326602935791,-8.92997074127197,"Unknown"
"7014853",371857,2025-06-19 21:00:19,43.3234977722168,-8.94012451171875,"Unknown"
"7014853",371857,2025-06-19 21:06:04,43.3310699462891,-8.94640922546387,"Unknown"
"7014853",371857,2025-06-20 02:06:35,43.3591651916504,-8.84356021881104,"Unknown"
"7014853",371857,2025-06-20 05:01:35,43.3592071533203,-8.84351253509521,"Unknown"
"7014853",371857,2025-06-20 05:05:59,43.3592262268066,-8.84351348876953,"Unknown"
"7014853",371857,2025-06-20 05:11:01,43.3528671264648,-8.85340595245361,"Unknown"
"7014853",371857,2025-06-20 05:15:59,43.33056640625,-8.86181640625,"Unknown"
"7014853",371857,2025-06-20 05:21:00,43.3164749145508,-8.85828590393066,"Unknown"
"7014853",371857,2025-06-20 05:26:02,43.3165092468262,-8.85828590393066,"Unknown"
"7014853",371857,2025-06-20 05:31:02,43.3164405822754,-8.85836315155029,"Unknown"
"7014853",371857,2025-06-20 05:36:07,43.316463470459,-8.85833549499512,"Unknown"
"7014853",371857,2025-06-20 05:41:00,43.3164405822754,-8.85831928253174,"Unknown"
"7014853",371857,2025-06-20 05:45:59,43.327938079834,-8.85813045501709,"Unknown"
"7014853",371857,2025-06-20 05:51:00,43.3506660461426,-8.85078144073486,"Unknown"
"7014853",371857,2025-06-20 05:56:02,43.3595848083496,-8.84439468383789,"Unknown"
"7014853",371857,2025-06-20 06:01:02,43.3591232299805,-8.84341049194336,"Unknown"
"7014853",371857,2025-06-20 06:06:03,43.3592262268066,-8.84362125396729,"Unknown"
"7014853",371857,2025-06-20 06:11:03,43.3591728210449,-8.8434009552002,"Unknown"
"7014853",371857,2025-06-20 06:16:04,43.3592567443848,-8.8433780670166,"Unknown"
"7014853",371857,2025-06-20 06:21:08,43.3591690063477,-8.84349632263184,"Unknown"
"7014853",371857,2025-06-20 06:26:10,43.3592720031738,-8.84335708618164,"Unknown"
"7014853",371857,2025-06-20 06:31:02,43.3592109680176,-8.84338569641113,"Unknown"
"7014853",371857,2025-06-20 06:36:07,43.359188079834,-8.84347057342529,"Unknown"
"7014853",371857,2025-06-20 06:41:04,43.359188079834,-8.84342575073242,"Unknown"
"7014853",371857,2025-06-20 06:46:12,43.3592681884766,-8.84339904785156,"Unknown"
"7014853",371857,2025-06-20 06:51:06,43.3592414855957,-8.84348392486572,"Unknown"
"7014853",371857,2025-06-20 06:56:07,43.3592834472656,-8.84349632263184,"Unknown"
"7014853",371857,2025-06-20 07:01:09,43.3591918945312,-8.84348106384277,"Unknown"
"7014853",371857,2025-06-20 07:06:06,43.3592758178711,-8.84351634979248,"Unknown"
"7014853",371857,2025-06-20 07:11:07,43.3591117858887,-8.84348678588867,"Unknown"
"7014853",371857,2025-06-20 07:16:11,43.359203338623,-8.84355640411377,"Unknown"
"7014853",371857,2025-06-20 07:21:08,43.3591384887695,-8.84347248077393,"Unknown"
"7014853",371857,2025-06-20 07:26:09,43.3592872619629,-8.8434944152832,"Unknown"
"7014853",371857,2025-06-20 07:31:12,43.3592338562012,-8.84349250793457,"Unknown"
"7014853",371857,2025-06-20 07:36:00,43.3592338562012,-8.84342479705811,"Unknown"
"7014853",371857,2025-06-20 07:41:02,43.3590354919434,-8.84332275390625,"Unknown"
"7014853",371857,2025-06-20 07:46:07,43.3589897155762,-8.84339332580566,"Unknown"
"7014853",371857,2025-06-20 07:51:04,43.3591079711914,-8.84345722198486,"Unknown"
"7014853",371857,2025-06-20 07:56:03,43.359016418457,-8.8429594039917,"Unknown"
"7014853",371857,2025-06-20 08:01:09,43.3591346740723,-8.84349060058594,"Unknown"
"7014853",371857,2025-06-20 08:06:09,43.3591079711914,-8.84365558624268,"Unknown"
"7014853",371857,2025-06-20 08:11:09,43.3661003112793,-8.87674331665039,"Unknown"
"7014853",371857,2025-06-20 08:17:23,43.3541793823242,-8.91622638702393,"Unknown"
"7014853",371857,2025-06-20 08:21:35,43.3483734130859,-8.92807197570801,"Unknown"
"7014853",371857,2025-06-20 08:26:00,43.3419570922852,-8.92764568328857,"Unknown"
"7014853",371857,2025-06-20 08:31:00,43.3423271179199,-8.92751216888428,"Unknown"
"7014853",371857,2025-06-20 08:36:00,43.3388442993164,-8.94633293151855,"Unknown"
"7014853",371857,2025-06-20 08:40:59,43.3199844360352,-8.97833728790283,"Unknown"
"7014853",371857,2025-06-20 08:46:02,43.3186264038086,-8.97775173187256,"Unknown"
"7014853",371857,2025-06-20 08:51:14,43.3181800842285,-8.97719669342041,"Unknown"
"7014853",371857,2025-06-20 08:56:01,43.3043518066406,-8.99281120300293,"Unknown"
"7014853",371857,2025-06-20 09:01:07,43.2837104797363,-8.99149894714355,"Unknown"
"7014853",371857,2025-06-20 09:06:03,43.2677688598633,-9.00050735473633,"Unknown"
"7014853",371857,2025-06-20 09:11:09,43.2637939453125,-8.99272537231445,"Unknown"
"7014853",371857,2025-06-20 09:16:02,43.2859268188477,-8.99264240264893,"Unknown"
"7014853",371857,2025-06-20 09:21:15,43.2984085083008,-8.95594215393066,"Unknown"
"7014853",371857,2025-06-20 09:25:59,43.3078460693359,-8.92131805419922,"Unknown"
"7014853",371857,2025-06-20 09:31:00,43.3246078491211,-8.89256954193115,"Unknown"
"7014853",371857,2025-06-20 09:35:59,43.315055847168,-8.85710620880127,"Unknown"
"7014853",371857,2025-06-20 09:41:12,43.3143348693848,-8.8569450378418,"Unknown"
"7014853",371857,2025-06-20 09:46:04,43.3143119812012,-8.85698890686035,"Unknown"
"7014853",371857,2025-06-20 09:51:03,43.3144493103027,-8.85686302185059,"Unknown"
"7014853",371857,2025-06-20 09:56:14,43.3376808166504,-8.84274768829346,"Unknown"
"7014853",371857,2025-06-20 10:01:00,43.3562393188477,-8.84544944763184,"Unknown"
"7014853",371857,2025-06-20 10:06:03,43.3591995239258,-8.84359169006348,"Unknown"
"7014853",371857,2025-06-20 10:11:02,43.3591537475586,-8.84395980834961,"Unknown"
"7014853",371857,2025-06-20 10:16:06,43.3591957092285,-8.84329891204834,"Unknown"
"7014853",371857,2025-06-20 10:21:09,43.3589935302734,-8.84362030029297,"Unknown"
"7014853",371857,2025-06-20 10:26:01,43.3593711853027,-8.84362030029297,"Unknown"
"7014853",371857,2025-06-20 10:31:09,43.3587341308594,-8.84384727478027,"Unknown"
"7014853",371857,2025-06-20 10:36:10,43.3592758178711,-8.84347152709961,"Unknown"
"7014853",371857,2025-06-20 10:41:13,43.3591232299805,-8.84374713897705,"Unknown"
"7014853",371857,2025-06-20 10:46:04,43.359130859375,-8.84346389770508,"Unknown"
"7014853",371857,2025-06-20 10:51:24,43.3592147827148,-8.84356880187988,"Unknown"
"7014853",371857,2025-06-20 10:56:04,43.3591537475586,-8.84351921081543,"Unknown"
"7014853",371857,2025-06-20 11:01:12,43.3591842651367,-8.8435583114624,"Unknown"
"7014853",371857,2025-06-20 11:06:02,43.3592224121094,-8.84351921081543,"Unknown"
"7014853",371857,2025-06-20 11:11:08,43.3592872619629,-8.84345436096191,"Unknown"
"7014853",371857,2025-06-20 11:16:12,43.3592720031738,-8.84342670440674,"Unknown"
"7014853",371857,2025-06-20 11:21:08,43.359203338623,-8.84352207183838,"Unknown"
"7014853",371857,2025-06-20 11:26:07,43.3593368530273,-8.843505859375,"Unknown"
"7014853",371857,2025-06-20 11:31:07,43.359245300293,-8.84346675872803,"Unknown"
"7014853",371857,2025-06-20 11:36:06,43.3592834472656,-8.84330463409424,"Unknown"
"7014853",371857,2025-06-20 11:41:07,43.3593292236328,-8.84334754943848,"Unknown"
"7014853",371857,2025-06-20 11:47:23,43.3592109680176,-8.84351539611816,"Unknown"
"7014853",371857,2025-06-20 11:51:35,43.3592338562012,-8.84347438812256,"Unknown"
"7014853",371857,2025-06-20 11:55:59,43.3592224121094,-8.84347724914551,"Unknown"
"7014853",371857,2025-06-20 12:02:23,43.3593063354492,-8.84354877471924,"Unknown"
"7014853",371857,2025-06-20 12:06:04,43.3589515686035,-8.84338092803955,"Unknown"
"7014853",371857,2025-06-20 12:10:59,43.3592300415039,-8.84343719482422,"Unknown"
"7014853",371857,2025-06-20 12:16:02,43.3591232299805,-8.84358406066895,"Unknown"
"7014853",371857,2025-06-20 12:21:03,43.3594055175781,-8.84344863891602,"Unknown"
"7014853",371857,2025-06-20 12:26:03,43.3593215942383,-8.84344863891602,"Unknown"
"7014853",371857,2025-06-20 12:31:01,43.3592529296875,-8.84346389770508,"Unknown"
"7014853",371857,2025-06-20 12:36:00,43.3591232299805,-8.84339237213135,"Unknown"
"7014853",371857,2025-06-20 12:41:01,43.3592147827148,-8.84348487854004,"Unknown"
"7014853",371857,2025-06-20 12:45:59,43.3700256347656,-8.85277938842773,"Unknown"
"7014853",371857,2025-06-20 12:51:12,43.3961448669434,-8.86461925506592,"Unknown"
"7014853",371857,2025-06-20 12:56:01,43.4221572875977,-8.8644380569458,"Unknown"
"7014853",371857,2025-06-20 13:01:08,43.4499816894531,-8.8769998550415,"Unknown"
"7014853",371857,2025-06-20 13:06:01,43.4775085449219,-8.88643360137939,"Unknown"
"7014853",371857,2025-06-20 13:11:34,43.5108757019043,-8.8915901184082,"Unknown"
"7014853",371857,2025-06-20 13:16:00,43.5361061096191,-8.88773250579834,"Unknown"
"7014853",371857,2025-06-20 13:21:00,43.5639495849609,-8.89394092559814,"Unknown"
"7014853",371857,2025-06-20 13:26:00,43.5911903381348,-8.91144561767578,"Unknown"
"7014853",371857,2025-06-20 13:31:00,43.6121520996094,-8.93971920013428,"Unknown"
"7014853",371857,2025-06-20 13:36:02,43.6285591125488,-8.95901489257812,"Unknown"
"7014853",371857,2025-06-20 13:41:00,43.6275100708008,-8.9631929397583,"Unknown"
"7014853",371857,2025-06-20 13:46:04,43.6290893554688,-8.96595191955566,"Unknown"
"7014853",371857,2025-06-20 13:51:04,43.6288528442383,-8.96849250793457,"Unknown"
"7014853",371857,2025-06-20 13:56:01,43.6198883056641,-8.95749759674072,"Unknown"
"7014853",371857,2025-06-20 14:01:01,43.5808258056641,-8.93683815002441,"Unknown"
"7014853",371857,2025-06-20 14:06:00,43.5397415161133,-8.91927337646484,"Unknown"
"7014853",371857,2025-06-20 14:11:02,43.4974327087402,-8.90101051330566,"Unknown"
"7014853",371857,2025-06-20 14:16:00,43.4554901123047,-8.88246726989746,"Unknown"
"7014853",371857,2025-06-20 14:21:00,43.4133529663086,-8.86555862426758,"Unknown"
"7014853",371857,2025-06-20 14:26:02,43.3701934814453,-8.84695148468018,"Unknown"
"7014853",371857,2025-06-20 14:31:02,43.3591613769531,-8.84348106384277,"Unknown"
"7014853",371857,2025-06-20 14:36:07,43.3592147827148,-8.84345722198486,"Unknown"
"7014853",371857,2025-06-20 14:41:01,43.3591575622559,-8.84343910217285,"Unknown"
"7014853",371857,2025-06-20 14:46:04,43.3591194152832,-8.84344673156738,"Unknown"
"7014853",371857,2025-06-20 14:51:04,43.3591995239258,-8.84343147277832,"Unknown"
"7014853",371857,2025-06-20 14:56:06,43.3591499328613,-8.84341049194336,"Unknown"
"7014853",371857,2025-06-20 15:01:04,43.3591651916504,-8.8433895111084,"Unknown"
"7014853",371857,2025-06-20 15:06:06,43.3592338562012,-8.8433723449707,"Unknown"
"7014853",371857,2025-06-20 15:11:07,43.3590393066406,-8.84347724914551,"Unknown"
"7014853",371857,2025-06-20 15:16:09,43.3591690063477,-8.84329795837402,"Unknown"
"7014853",371857,2025-06-20 15:21:10,43.3591537475586,-8.84338760375977,"Unknown"
"7014853",371857,2025-06-20 15:26:09,43.3591690063477,-8.84342575073242,"Unknown"
"7014853",371857,2025-06-20 15:31:14,43.3592414855957,-8.84342384338379,"Unknown"
"7014853",371857,2025-06-20 15:36:00,43.3594512939453,-8.84379577636719,"Unknown"
"7014853",371857,2025-06-20 15:41:09,43.3589668273926,-8.84323215484619,"Unknown"
"7014853",371857,2025-06-20 15:46:04,43.358959197998,-8.8432149887085,"Unknown"
"7014853",371857,2025-06-20 15:51:08,43.3588256835938,-8.84324264526367,"Unknown"
"7014853",371857,2025-06-20 15:56:10,43.3592262268066,-8.84335327148438,"Unknown"
"7014853",371857,2025-06-20 16:01:31,43.3591918945312,-8.84344005584717,"Unknown"
"7014853",371857,2025-06-20 16:06:00,43.3590545654297,-8.84330463409424,"Unknown"
"7014853",371857,2025-06-20 16:11:00,43.3591041564941,-8.84331512451172,"Unknown"
"7014853",371857,2025-06-20 16:16:01,43.3591651916504,-8.84346008300781,"Unknown"
"7014853",371857,2025-06-20 16:21:07,43.359130859375,-8.84320259094238,"Unknown"
"7014853",371857,2025-06-20 16:26:00,43.359203338623,-8.84333324432373,"Unknown"
"7014853",371857,2025-06-20 16:31:02,43.3593406677246,-8.84352493286133,"Unknown"
"7014853",371857,2025-06-20 16:36:00,43.3592071533203,-8.84339141845703,"Unknown"
"7014853",371857,2025-06-20 16:41:04,43.3591651916504,-8.84355640411377,"Unknown"
"7014853",371857,2025-06-20 16:46:14,43.3591575622559,-8.84344005584717,"Unknown"
"7014853",371857,2025-06-20 16:51:06,43.3589210510254,-8.8432788848877,"Unknown"
"7014853",371857,2025-06-20 16:56:12,43.3591842651367,-8.84348011016846,"Unknown"
"7014853",371857,2025-06-20 17:01:06,43.3591384887695,-8.84341335296631,"Unknown"
"7014853",371857,2025-06-20 17:06:03,43.3591575622559,-8.84348392486572,"Unknown"
"7014853",371857,2025-06-20 17:11:04,43.3591804504395,-8.84311294555664,"Unknown"
"7014853",371857,2025-06-20 17:16:10,43.3594360351562,-8.84372043609619,"Unknown"
"7014853",371857,2025-06-20 17:21:10,43.359260559082,-8.8434886932373,"Unknown"
"7014853",371857,2025-06-20 17:26:03,43.3594169616699,-8.84333324432373,"Unknown"
"7014853",371857,2025-06-20 17:31:02,43.3592300415039,-8.84323692321777,"Unknown"
"7014853",371857,2025-06-20 17:36:06,43.3591156005859,-8.84350776672363,"Unknown"
"7014853",371857,2025-06-20 17:41:08,43.3591117858887,-8.84340190887451,"Unknown"
"7014853",371857,2025-06-20 17:46:35,43.3593101501465,-8.84356307983398,"Unknown"
"7014853",371857,2025-06-20 17:51:00,43.3594169616699,-8.84364891052246,"Unknown"
"7014853",371857,2025-06-20 17:56:04,43.3591079711914,-8.84365272521973,"Unknown"
"7014853",371857,2025-06-20 18:01:14,43.359130859375,-8.84368705749512,"Unknown"
"7014853",371857,2025-06-20 18:06:00,43.3591079711914,-8.84362888336182,"Unknown"
"7014853",371857,2025-06-20 18:11:00,43.3591117858887,-8.84365940093994,"Unknown"
"7014853",371857,2025-06-20 18:16:00,43.3592720031738,-8.84363555908203,"Unknown"
"7014853",371857,2025-06-20 18:21:02,43.3592567443848,-8.84362411499023,"Unknown"
"7014853",371857,2025-06-20 18:26:00,43.3591537475586,-8.84366130828857,"Unknown"
"7014853",371857,2025-06-20 18:31:03,43.3591728210449,-8.84356307983398,"Unknown"
"7014853",371857,2025-06-20 18:36:01,43.3587379455566,-8.84337329864502,"Unknown"
"7014853",371857,2025-06-20 18:41:02,43.3590278625488,-8.84307098388672,"Unknown"
"7014853",371857,2025-06-20 18:46:09,43.3592491149902,-8.84350395202637,"Unknown"
"7014853",371857,2025-06-20 18:51:00,43.3592109680176,-8.84349536895752,"Unknown"
"7014853",371857,2025-06-20 18:56:01,43.3592491149902,-8.84347915649414,"Unknown"
"7014853",371857,2025-06-20 19:01:00,43.3593368530273,-8.84360313415527,"Unknown"
"7014853",371857,2025-06-20 19:06:07,43.3377838134766,-8.86203193664551,"Unknown"
"7014853",371857,2025-06-20 19:11:01,43.3146781921387,-8.85683345794678,"Unknown"
"7014853",371857,2025-06-20 19:16:10,43.3145294189453,-8.85687828063965,"Unknown"
"7014853",371857,2025-06-20 19:21:01,43.3146858215332,-8.85700798034668,"Unknown"
"7014853",371857,2025-06-20 19:26:09,43.321403503418,-8.87431907653809,"Unknown"
"7014853",371857,2025-06-20 19:31:04,43.3214645385742,-8.878098487854,"Unknown"
"7014853",371857,2025-06-20 19:36:03,43.3215789794922,-8.8783073425293,"Unknown"
"7014853",371857,2025-06-20 19:41:01,43.3215637207031,-8.8782787322998,"Unknown"
"7014853",371857,2025-06-20 19:46:09,43.3214797973633,-8.87814044952393,"Unknown"
"7014853",371857,2025-06-20 19:51:06,43.321460723877,-8.87807559967041,"Unknown"
"7014853",371857,2025-06-20 19:56:02,43.3331680297852,-8.88933658599854,"Unknown"
"7014853",371857,2025-06-20 20:01:09,43.334300994873,-8.89152431488037,"Unknown"
"7014853",371857,2025-06-20 20:06:14,43.3353843688965,-8.89066696166992,"Unknown"
"7014853",371857,2025-06-20 20:11:06,43.3352394104004,-8.89029693603516,"Unknown"
"7014853",371857,2025-06-20 20:16:04,43.336971282959,-8.89122200012207,"Unknown"
"7014853",371857,2025-06-20 20:21:01,43.3379592895508,-8.91805934906006,"Unknown"
"7014853",371857,2025-06-20 20:26:04,43.3373031616211,-8.9205436706543,"Unknown"
"7014853",371857,2025-06-20 20:31:03,43.3374557495117,-8.91983413696289,"Unknown"
"7014853",371857,2025-06-20 20:36:03,43.3378372192383,-8.91950035095215,"Unknown"
"7014853",371857,2025-06-20 20:41:00,43.327579498291,-8.93005275726318,"Unknown"
"7014853",371857,2025-06-20 20:46:35,43.3237838745117,-8.92797946929932,"Unknown"
"7014853",371857,2025-06-20 20:51:01,43.3247756958008,-8.92761898040771,"Unknown"
"7014853",371857,2025-06-20 20:56:00,43.3301620483398,-8.9067554473877,"Unknown"
"7014853",371857,2025-06-20 21:01:00,43.3385047912598,-8.87555408477783,"Unknown"
"7014853",371857,2025-06-20 21:06:13,43.3427734375,-8.8717565536499,"Unknown"
"7014853",371857,2025-06-21 02:06:36,43.3592147827148,-8.84340476989746,"Unknown"
"7014853",371857,2025-06-21 05:01:01,43.3591461181641,-8.84328651428223,"Unknown"
"7014853",371857,2025-06-21 05:05:50,43.3591194152832,-8.8433723449707,"Unknown"
"7014853",371857,2025-06-21 05:11:01,43.359188079834,-8.84350776672363,"Unknown"
"7014853",371857,2025-06-21 05:16:00,43.3590545654297,-8.84300994873047,"Unknown"
"7014853",371857,2025-06-21 05:21:00,43.3592948913574,-8.84375286102295,"Unknown"
"7014853",371857,2025-06-21 05:26:23,43.3591995239258,-8.84359931945801,"Unknown"
"7014853",371857,2025-06-21 05:30:52,43.3591461181641,-8.84348106384277,"Unknown"
"7014853",371857,2025-06-21 05:35:54,43.3592300415039,-8.84353828430176,"Unknown"
"7014853",371857,2025-06-21 05:40:49,43.3738861083984,-8.83813095092773,"Unknown"
"7014853",371857,2025-06-21 05:46:13,43.4091186523438,-8.81736373901367,"Unknown"
"7014853",371857,2025-06-21 05:50:50,43.4208335876465,-8.78122901916504,"Unknown"
"7014853",371857,2025-06-21 05:55:49,43.4063568115234,-8.7609338760376,"Unknown"
"7014853",371857,2025-06-21 06:00:49,43.4018211364746,-8.72369575500488,"Unknown"
"7014853",371857,2025-06-21 06:05:50,43.3844604492188,-8.69745540618896,"Unknown"
"7014853",371857,2025-06-21 06:10:49,43.3785362243652,-8.68111515045166,"Unknown"
"7014853",371857,2025-06-21 06:15:52,43.3742332458496,-8.68241024017334,"Unknown"
"7014853",371857,2025-06-21 06:20:50,43.3554000854492,-8.68131256103516,"Unknown"
"7014853",371857,2025-06-21 06:25:49,43.3416900634766,-8.68241405487061,"Unknown"
"7014853",371857,2025-06-21 06:31:14,43.328670501709,-8.689208984375,"Unknown"
"7014853",371857,2025-06-21 06:35:51,43.3191146850586,-8.69964790344238,"Unknown"
"7014853",371857,2025-06-21 06:40:53,43.3137054443359,-8.74210834503174,"Unknown"
"7014853",371857,2025-06-21 06:45:54,43.3248672485352,-8.78274059295654,"Unknown"
"7014853",371857,2025-06-21 06:50:55,43.3466262817383,-8.81843852996826,"Unknown"
"7014853",371857,2025-06-21 06:56:00,43.359447479248,-8.84448146820068,"Unknown"
"7014853",371857,2025-06-21 07:01:00,43.359302520752,-8.84343338012695,"Unknown"
"7014853",371857,2025-06-21 07:06:00,43.3593788146973,-8.84329509735107,"Unknown"
"7014853",371857,2025-06-21 07:11:00,43.3593139648438,-8.84348964691162,"Unknown"
"7014853",371857,2025-06-21 07:16:15,43.3591346740723,-8.8435583114624,"Unknown"
"7014853",371857,2025-06-21 07:21:00,43.3591079711914,-8.8433895111084,"Unknown"
"7014853",371857,2025-06-21 07:26:00,43.3591232299805,-8.8434476852417,"Unknown"
"7014853",371857,2025-06-21 07:31:01,43.3591423034668,-8.84323406219482,"Unknown"
"7014853",371857,2025-06-21 07:36:00,43.3591156005859,-8.84344959259033,"Unknown"
"7014853",371857,2025-06-21 07:41:14,43.3592185974121,-8.84352397918701,"Unknown"
"7014853",371857,2025-06-21 07:46:01,43.3592147827148,-8.84329986572266,"Unknown"
"7014853",371857,2025-06-21 07:51:04,43.3593101501465,-8.84286212921143,"Unknown"
"7014853",371857,2025-06-21 07:56:01,43.3591842651367,-8.84320545196533,"Unknown"
"7014853",371857,2025-06-21 08:01:10,43.3591003417969,-8.84329414367676,"Unknown"
"7014853",371857,2025-06-21 08:05:57,43.3591842651367,-8.84342575073242,"Unknown"
"7014853",371857,2025-06-21 08:11:00,43.3591270446777,-8.84331226348877,"Unknown"
"7014853",371857,2025-06-21 08:15:54,43.3591995239258,-8.84344291687012,"Unknown"
"7014853",371857,2025-06-21 08:21:00,43.3590850830078,-8.84327507019043,"Unknown"
"7014853",371857,2025-06-21 08:25:58,43.3593482971191,-8.84337711334229,"Unknown"
"7014853",371857,2025-06-21 08:31:00,43.3594970703125,-8.84249782562256,"Unknown"
"7014853",371857,2025-06-21 08:36:15,43.3591575622559,-8.84344959259033,"Unknown"
"7014853",371857,2025-06-21 08:41:00,43.3591918945312,-8.84347629547119,"Unknown"
"7014853",371857,2025-06-21 08:45:53,43.3633270263672,-8.84187126159668,"Unknown"
"7014853",371857,2025-06-21 08:50:49,43.3634300231934,-8.8366117477417,"Unknown"
"7014853",371857,2025-06-21 08:56:23,43.364185333252,-8.83820819854736,"Unknown"
"7014853",371857,2025-06-21 09:00:51,43.3640327453613,-8.83796215057373,"Unknown"
"7014853",371857,2025-06-21 09:05:50,43.3639373779297,-8.8377046585083,"Unknown"
"7014853",371857,2025-06-21 09:10:50,43.3675880432129,-8.82247257232666,"Unknown"
"7014853",371857,2025-06-21 09:15:49,43.3592109680176,-8.84342670440674,"Unknown"
"7014853",371857,2025-06-21 09:20:53,43.3592643737793,-8.84337902069092,"Unknown"
"7014853",371857,2025-06-21 09:26:03,43.3593215942383,-8.84333610534668,"Unknown"
"7014853",371857,2025-06-21 09:31:23,43.3593521118164,-8.84329509735107,"Unknown"
"7014853",371857,2025-06-21 09:35:49,43.3593063354492,-8.84337139129639,"Unknown"
"7014853",371857,2025-06-21 09:40:49,43.3593444824219,-8.84330749511719,"Unknown"
"7014853",371857,2025-06-21 09:46:00,43.3591423034668,-8.84349250793457,"Unknown"
"7014853",371857,2025-06-21 09:50:50,43.3592071533203,-8.84358692169189,"Unknown"
"7014853",371857,2025-06-21 09:55:52,43.3590507507324,-8.84366798400879,"Unknown"
"7014853",371857,2025-06-21 10:00:53,43.3588447570801,-8.84396934509277,"Unknown"
"7014853",371857,2025-06-21 10:06:16,43.3592910766602,-8.8435230255127,"Unknown"
"7014853",371857,2025-06-21 10:10:51,43.359245300293,-8.84340953826904,"Unknown"
"7014853",371857,2025-06-21 10:15:54,43.359302520752,-8.84370231628418,"Unknown"
"7014853",371857,2025-06-21 10:21:14,43.359245300293,-8.84354782104492,"Unknown"
"7014853",371857,2025-06-21 10:25:57,43.3592491149902,-8.84352684020996,"Unknown"
"7014853",371857,2025-06-21 10:31:07,43.3592872619629,-8.84349060058594,"Unknown"
"7014853",371857,2025-06-21 10:35:51,43.3591461181641,-8.84341430664062,"Unknown"
"7014853",371857,2025-06-21 10:40:54,43.359317779541,-8.84383296966553,"Unknown"
"7014853",371857,2025-06-21 10:46:14,43.3592262268066,-8.84360694885254,"Unknown"
"7014853",371857,2025-06-21 10:50:52,43.3591499328613,-8.84353256225586,"Unknown"
"7014853",371857,2025-06-21 10:55:52,43.3590202331543,-8.84331130981445,"Unknown"
"7014853",371857,2025-06-21 11:01:00,43.3592414855957,-8.84349822998047,"Unknown"
"7014853",371857,2025-06-21 11:05:53,43.3590660095215,-8.84350872039795,"Unknown"
"7014853",371857,2025-06-21 11:10:50,43.3631706237793,-8.84853172302246,"Unknown"
"7014853",371857,2025-06-21 11:15:57,43.3591270446777,-8.84347534179688,"Unknown"
"7014853",371857,2025-06-21 11:21:14,43.3591117858887,-8.84346103668213,"Unknown"
"7014853",371857,2025-06-21 11:25:49,43.362621307373,-8.84768581390381,"Unknown"
"7014853",371857,2025-06-21 11:30:52,43.3833999633789,-8.8705472946167,"Unknown"
"7014853",371857,2025-06-21 11:35:49,43.404899597168,-8.89590549468994,"Unknown"
"7014853",371857,2025-06-21 11:40:51,43.435375213623,-8.91003322601318,"Unknown"
"7014853",371857,2025-06-21 11:46:23,43.4645919799805,-8.92741012573242,"Unknown"
"7014853",371857,2025-06-21 11:50:50,43.4888229370117,-8.93973445892334,"Unknown"
"7014853",371857,2025-06-21 11:55:52,43.5120735168457,-8.94693660736084,"Unknown"
"7014853",371857,2025-06-21 12:00:51,43.4903678894043,-8.91554069519043,"Unknown"
"7014853",371857,2025-06-21 12:05:54,43.4598808288574,-8.8886022567749,"Unknown"
"7014853",371857,2025-06-21 12:11:14,43.431022644043,-8.87364959716797,"Unknown"
"7014853",371857,2025-06-21 12:16:14,43.3986587524414,-8.86569023132324,"Unknown"
"7014853",371857,2025-06-21 12:20:52,43.3704605102539,-8.84908103942871,"Unknown"
"7014853",371857,2025-06-21 12:25:55,43.3591461181641,-8.84338760375977,"Unknown"
"7014853",371857,2025-06-21 12:30:53,43.3583335876465,-8.84371089935303,"Unknown"
"7014853",371857,2025-06-21 12:35:58,43.3591384887695,-8.84340572357178,"Unknown"
"7014853",371857,2025-06-21 12:41:13,43.3593292236328,-8.84354400634766,"Unknown"
"7014853",371857,2025-06-21 12:45:49,43.3589324951172,-8.84331130981445,"Unknown"
"7014853",371857,2025-06-21 12:51:01,43.3594818115234,-8.84359359741211,"Unknown"
"7014853",371857,2025-06-21 12:55:51,43.3594245910645,-8.84333515167236,"Unknown"
"7014853",371857,2025-06-21 13:00:51,43.3593673706055,-8.84324264526367,"Unknown"
"7014853",371857,2025-06-21 13:05:52,43.359317779541,-8.84344863891602,"Unknown"
"7014853",371857,2025-06-21 13:11:58,43.3591270446777,-8.84351062774658,"Unknown"
"7014853",371857,2025-06-21 13:15:50,43.3589744567871,-8.84355163574219,"Unknown"
"7014853",371857,2025-06-21 13:20:52,43.3589782714844,-8.84372425079346,"Unknown"
"7014853",371857,2025-06-21 13:25:51,43.3591270446777,-8.84354591369629,"Unknown"
"7014853",371857,2025-06-21 13:30:50,43.3620529174805,-8.83590984344482,"Unknown"
"7014853",371857,2025-06-21 13:35:52,43.3625602722168,-8.81951713562012,"Unknown"
"7014853",371857,2025-06-21 13:40:51,43.349479675293,-8.83688545227051,"Unknown"
"7014853",371857,2025-06-21 13:45:49,43.3207855224609,-8.84483432769775,"Unknown"
"7014853",371857,2025-06-21 13:50:50,43.3142318725586,-8.85680770874023,"Unknown"
"7014853",371857,2025-06-21 13:55:52,43.3140563964844,-8.85713005065918,"Unknown"
"7014853",371857,2025-06-21 14:01:00,43.3136711120605,-8.85658931732178,"Unknown"
"7014853",371857,2025-06-21 14:05:50,43.3138198852539,-8.85606861114502,"Unknown"
"7014853",371857,2025-06-21 14:11:00,43.3145637512207,-8.85696887969971,"Unknown"
"7014853",371857,2025-06-21 14:15:49,43.3145484924316,-8.85674858093262,"Unknown"
"7014853",371857,2025-06-21 14:20:57,43.3203582763672,-8.85258388519287,"Unknown"
"7014853",371857,2025-06-21 14:25:50,43.3481864929199,-8.83920764923096,"Unknown"
"7014853",371857,2025-06-21 14:31:14,43.3592414855957,-8.84354782104492,"Unknown"
"7014853",371857,2025-06-21 14:35:51,43.3593292236328,-8.84370231628418,"Unknown"
"7014853",371857,2025-06-21 14:41:23,43.3593711853027,-8.84353351593018,"Unknown"
"7014853",371857,2025-06-21 14:45:57,43.359260559082,-8.84350967407227,"Unknown"
"7014853",371857,2025-06-21 14:50:54,43.3591117858887,-8.84338760375977,"Unknown"
"7014853",371857,2025-06-21 14:55:49,43.3592414855957,-8.84356117248535,"Unknown"
"7014853",371857,2025-06-21 15:00:49,43.3593330383301,-8.8436803817749,"Unknown"
"7014853",371857,2025-06-21 15:05:51,43.3596725463867,-8.84408092498779,"Unknown"
"7014853",371857,2025-06-21 15:10:52,43.3595085144043,-8.84384155273438,"Unknown"
"7014853",371857,2025-06-21 15:15:57,43.3592376708984,-8.84353542327881,"Unknown"
"7014853",371857,2025-06-21 15:20:50,43.359245300293,-8.84358215332031,"Unknown"
"7014853",371857,2025-06-21 15:25:59,43.3592071533203,-8.84352588653564,"Unknown"
"7014853",371857,2025-06-21 15:30:55,43.3591346740723,-8.84353160858154,"Unknown"
"7014853",371857,2025-06-21 15:35:50,43.3592185974121,-8.84352874755859,"Unknown"
"7014853",371857,2025-06-21 15:40:57,43.3592109680176,-8.84350109100342,"Unknown"
"7014853",371857,2025-06-21 15:46:08,43.3593864440918,-8.84374618530273,"Unknown"
"7014853",371857,2025-06-21 15:50:57,43.3593330383301,-8.84373378753662,"Unknown"
"7014853",371857,2025-06-21 15:55:59,43.3594627380371,-8.84367942810059,"Unknown"
"7014853",371857,2025-06-21 16:01:01,43.3591156005859,-8.84338474273682,"Unknown"
"7014853",371857,2025-06-21 16:06:15,43.3591613769531,-8.84342098236084,"Unknown"
"7014853",371857,2025-06-21 16:10:51,43.3605880737305,-8.84329223632812,"Unknown"
"7014853",371857,2025-06-21 16:15:57,43.359058380127,-8.84334278106689,"Unknown"
"7014853",371857,2025-06-21 16:20:54,43.3588905334473,-8.8421106338501,"Unknown"
"7014853",371857,2025-06-21 16:25:51,43.3587608337402,-8.84478664398193,"Unknown"
"7014853",371857,2025-06-21 16:30:53,43.3689117431641,-8.80029392242432,"Unknown"
"7014853",371857,2025-06-21 16:35:54,43.3626136779785,-8.74066543579102,"Unknown"
"7014853",371857,2025-06-21 16:41:23,43.3585624694824,-8.69491672515869,"Unknown"
"7014853",371857,2025-06-21 16:46:01,43.3587989807129,-8.69388389587402,"Unknown"
"7014853",371857,2025-06-21 16:51:01,43.3513946533203,-8.68633556365967,"Unknown"
"7014853",371857,2025-06-21 16:56:05,43.3514022827148,-8.68525409698486,"Unknown"
"7014853",371857,2025-06-21 17:01:03,43.3442687988281,-8.68358421325684,"Unknown"
"7014853",371857,2025-06-21 17:06:14,43.342227935791,-8.68141651153564,"Unknown"
"7014853",371857,2025-06-21 17:10:54,43.3425445556641,-8.68152523040771,"Unknown"
"7014853",371857,2025-06-21 17:16:06,43.3357734680176,-8.68064785003662,"Unknown"
"7014853",371857,2025-06-21 17:20:50,43.33544921875,-8.68048286437988,"Unknown"
"7014853",371857,2025-06-21 17:26:00,43.3352470397949,-8.67981243133545,"Unknown"
"7014853",371857,2025-06-21 17:31:00,43.3352127075195,-8.68043422698975,"Unknown"
"7014853",371857,2025-06-21 17:35:50,43.3289985656738,-8.68826961517334,"Unknown"
"7014853",371857,2025-06-21 17:41:00,43.3292121887207,-8.69045162200928,"Unknown"
"7014853",371857,2025-06-21 17:46:14,43.3289413452148,-8.69764518737793,"Unknown"
"7014853",371857,2025-06-21 17:50:49,43.3241920471191,-8.72178173065186,"Unknown"
"7014853",371857,2025-06-21 17:55:49,43.3018226623535,-8.74744701385498,"Unknown"
"7014853",371857,2025-06-21 18:00:52,43.3024406433105,-8.78219795227051,"Unknown"
"7014853",371857,2025-06-21 18:05:49,43.3230857849121,-8.81109523773193,"Unknown"
"7014853",371857,2025-06-21 18:10:49,43.3395729064941,-8.82836532592773,"Unknown"
"7014853",371857,2025-06-21 18:15:50,43.3594169616699,-8.84380435943604,"Unknown"
"7014853",371857,2025-06-21 18:20:53,43.3593978881836,-8.84376621246338,"Unknown"
"7014853",371857,2025-06-21 18:25:53,43.359447479248,-8.84381198883057,"Unknown"
"7014853",371857,2025-06-21 18:31:14,43.3592948913574,-8.84342670440674,"Unknown"
"7014853",371857,2025-06-21 18:35:51,43.3592071533203,-8.84346008300781,"Unknown"
"7014853",371857,2025-06-21 18:40:52,43.3592491149902,-8.8434944152832,"Unknown"
"7014853",371857,2025-06-21 18:45:55,43.3591651916504,-8.84342670440674,"Unknown"
"7014853",371857,2025-06-21 18:51:03,43.3593711853027,-8.84356498718262,"Unknown"
"7014853",371857,2025-06-21 18:55:52,43.3592147827148,-8.8434534072876,"Unknown"
"7014853",371857,2025-06-21 19:00:52,43.3592224121094,-8.84361934661865,"Unknown"
"7014853",371857,2025-06-21 19:05:52,43.3591766357422,-8.84345626831055,"Unknown"
"7014853",371857,2025-06-21 19:10:57,43.3592262268066,-8.84339141845703,"Unknown"
"7014853",371857,2025-06-21 19:16:23,43.3591995239258,-8.84342670440674,"Unknown"
"7014853",371857,2025-06-21 19:20:53,43.3588714599609,-8.84315490722656,"Unknown"
"7014853",371857,2025-06-21 19:25:50,43.3592643737793,-8.8438606262207,"Unknown"
"7014853",371857,2025-06-21 19:31:00,43.3592376708984,-8.84359741210938,"Unknown"
"7014853",371857,2025-06-21 19:35:54,43.3592376708984,-8.84350395202637,"Unknown"
"7014853",371857,2025-06-21 19:40:50,43.3592720031738,-8.84376430511475,"Unknown"
"7014853",371857,2025-06-21 19:45:58,43.3591842651367,-8.84377193450928,"Unknown"
"7014853",371857,2025-06-21 19:51:00,43.3592300415039,-8.84372901916504,"Unknown"
"7014853",371857,2025-06-21 19:56:04,43.3592491149902,-8.84367656707764,"Unknown"
"7014853",371857,2025-06-21 20:01:14,43.3591918945312,-8.84342575073242,"Unknown"
"7014853",371857,2025-06-21 20:05:49,43.3590049743652,-8.84325695037842,"Unknown"
"7014853",371857,2025-06-21 20:10:50,43.3592185974121,-8.84346675872803,"Unknown"
"7014853",371857,2025-06-21 20:15:49,43.3591003417969,-8.84320640563965,"Unknown"
"7014853",371857,2025-06-21 20:20:50,43.3599548339844,-8.84766101837158,"Unknown"
"7014853",371857,2025-06-21 20:25:49,43.3446731567383,-8.88554954528809,"Unknown"
"7014853",371857,2025-06-21 20:30:50,43.3304977416992,-8.89642238616943,"Unknown"
"7014853",371857,2025-06-21 20:35:50,43.3313255310059,-8.90706729888916,"Unknown"
"7014853",371857,2025-06-21 20:40:52,43.3316078186035,-8.90680408477783,"Unknown"
"7014853",371857,2025-06-21 20:46:40,43.3271179199219,-8.92701435089111,"Unknown"
"7014853",371857,2025-06-21 20:50:50,43.3228302001953,-8.93227100372314,"Unknown"
"7014853",371857,2025-06-21 20:56:14,43.3228874206543,-8.93213176727295,"Unknown"
"7014853",371857,2025-06-21 21:00:50,43.3232688903809,-8.93175029754639,"Unknown"
"7014853",371857,2025-06-21 21:06:43,43.3236236572266,-8.93101787567139,"Unknown"
"7014853",371857,2025-06-22 02:07:06,43.3202247619629,-8.93569850921631,"Unknown"
"7014853",371857,2025-06-22 05:01:36,43.3592376708984,-8.84351062774658,"Unknown"
"7014853",371857,2025-06-22 05:06:14,43.3592262268066,-8.84352111816406,"Unknown"
"7014853",371857,2025-06-22 05:11:11,43.3591728210449,-8.84354496002197,"Unknown"
"7014853",371857,2025-06-22 05:16:12,43.3591957092285,-8.84349250793457,"Unknown"
"7014853",371857,2025-06-22 05:21:15,43.359317779541,-8.84347152709961,"Unknown"
"7014853",371857,2025-06-22 05:26:16,43.3591957092285,-8.8434886932373,"Unknown"
"7014853",371857,2025-06-22 05:31:11,43.3592262268066,-8.84358978271484,"Unknown"
"7014853",371857,2025-06-22 05:36:11,43.3664321899414,-8.82758808135986,"Unknown"
"7014853",371857,2025-06-22 05:41:12,43.3679885864258,-8.79084777832031,"Unknown"
"7014853",371857,2025-06-22 05:46:11,43.3722267150879,-8.75016593933105,"Unknown"
"7014853",371857,2025-06-22 05:51:12,43.3775405883789,-8.71286106109619,"Unknown"
"7014853",371857,2025-06-22 05:56:12,43.360424041748,-8.68707942962646,"Unknown"
"7014853",371857,2025-06-22 06:01:15,43.3558235168457,-8.68457984924316,"Unknown"
"7014853",371857,2025-06-22 06:06:14,43.355598449707,-8.68479442596436,"Unknown"
"7014853",371857,2025-06-22 06:11:14,43.3541259765625,-8.68884658813477,"Unknown"
"7014853",371857,2025-06-22 06:16:11,43.3588829040527,-8.68862438201904,"Unknown"
"7014853",371857,2025-06-22 06:21:12,43.3479080200195,-8.70921039581299,"Unknown"
"7014853",371857,2025-06-22 06:26:13,43.3210678100586,-8.72350597381592,"Unknown"
"7014853",371857,2025-06-22 06:31:24,43.2937812805176,-8.73321914672852,"Unknown"
"7014853",371857,2025-06-22 06:36:47,43.2940444946289,-8.73330974578857,"Unknown"
"7014853",371857,2025-06-22 06:41:12,43.3044929504395,-8.76080417633057,"Unknown"
"7014853",371857,2025-06-22 06:46:14,43.3276634216309,-8.79392719268799,"Unknown"
"7014853",371857,2025-06-22 06:51:14,43.3552856445312,-8.82378005981445,"Unknown"
"7014853",371857,2025-06-22 06:56:21,43.3591690063477,-8.84348964691162,"Unknown"
"7014853",371857,2025-06-22 07:01:24,43.3591079711914,-8.84345817565918,"Unknown"
"7014853",371857,2025-06-22 07:06:18,43.35888671875,-8.8429651260376,"Unknown"
"7014853",371857,2025-06-22 07:11:22,43.3590888977051,-8.84342956542969,"Unknown"
"7014853",371857,2025-06-22 07:16:18,43.3591079711914,-8.84323310852051,"Unknown"
"7014853",371857,2025-06-22 07:21:25,43.3591270446777,-8.84342861175537,"Unknown"
"7014853",371857,2025-06-22 07:26:19,43.3591537475586,-8.84330081939697,"Unknown"
"7014853",371857,2025-06-22 07:31:13,43.3592529296875,-8.84379196166992,"Unknown"
"7014853",371857,2025-06-22 07:36:24,43.3591384887695,-8.84343242645264,"Unknown"
"7014853",371857,2025-06-22 07:41:44,43.3591041564941,-8.84338283538818,"Unknown"
"7014853",371857,2025-06-22 07:46:23,43.3591918945312,-8.84348773956299,"Unknown"
"7014853",371857,2025-06-22 07:51:21,43.3593559265137,-8.84342575073242,"Unknown"
"7014853",371857,2025-06-22 07:56:18,43.3594207763672,-8.84420299530029,"Unknown"
"7014853",371857,2025-06-22 08:01:12,43.3591423034668,-8.84325981140137,"Unknown"
"7014853",371857,2025-06-22 08:06:15,43.359130859375,-8.84325885772705,"Unknown"
"7014853",371857,2025-06-22 08:11:27,43.3592491149902,-8.8433256149292,"Unknown"
"7014853",371857,2025-06-22 08:17:05,43.3591346740723,-8.84348392486572,"Unknown"
"7014853",371857,2025-06-22 08:21:11,43.3591117858887,-8.8435115814209,"Unknown"
"7014853",371857,2025-06-22 08:26:12,43.3591384887695,-8.84343719482422,"Unknown"
"7014853",371857,2025-06-22 08:31:22,43.3592376708984,-8.84340858459473,"Unknown"
"7014853",371857,2025-06-22 08:36:15,43.3590087890625,-8.84353256225586,"Unknown"
"7014853",371857,2025-06-22 08:41:24,43.3590316772461,-8.84352684020996,"Unknown"
"7014853",371857,2025-06-22 08:46:16,43.3596725463867,-8.84366989135742,"Unknown"
"7014853",371857,2025-06-22 08:51:18,43.3590240478516,-8.84345245361328,"Unknown"
"7014853",371857,2025-06-22 08:56:14,43.363208770752,-8.84932804107666,"Unknown"
"7014853",371857,2025-06-22 09:01:15,43.3814849853516,-8.8869161605835,"Unknown"
"7014853",371857,2025-06-22 09:06:19,43.402271270752,-8.91955947875977,"Unknown"
"7014853",371857,2025-06-22 09:11:21,43.4186477661133,-8.95089054107666,"Unknown"
"7014853",371857,2025-06-22 09:16:24,43.4394989013672,-8.98252487182617,"Unknown"
"7014853",371857,2025-06-22 09:21:25,43.4437599182129,-9.02204513549805,"Unknown"
"7014853",371857,2025-06-22 09:26:23,43.4308624267578,-9.06049156188965,"Unknown"
"7014853",371857,2025-06-22 09:31:24,43.4037208557129,-9.08029651641846,"Unknown"
"7014853",371857,2025-06-22 09:36:16,43.3913650512695,-9.04788112640381,"Unknown"
"7014853",371857,2025-06-22 09:41:24,43.3773536682129,-9.0056209564209,"Unknown"
"7014853",371857,2025-06-22 09:46:14,43.3570518493652,-8.96905136108398,"Unknown"
"7014853",371857,2025-06-22 09:51:15,43.3405876159668,-8.94654273986816,"Unknown"
"7014853",371857,2025-06-22 09:56:15,43.3337211608887,-8.92878818511963,"Unknown"
"7014853",371857,2025-06-22 10:01:14,43.3430099487305,-8.8936824798584,"Unknown"
"7014853",371857,2025-06-22 10:06:36,43.3641166687012,-8.86286354064941,"Unknown"
"7014853",371857,2025-06-22 10:11:17,43.3756828308105,-8.85857963562012,"Unknown"
"7014853",371857,2025-06-22 10:16:16,43.375560760498,-8.85879325866699,"Unknown"
"7014853",371857,2025-06-22 10:21:14,43.3729362487793,-8.85296821594238,"Unknown"
"7014853",371857,2025-06-22 10:26:19,43.3611259460449,-8.84481811523438,"Unknown"
"7014853",371857,2025-06-22 10:31:14,43.3593788146973,-8.84390068054199,"Unknown"
"7014853",371857,2025-06-22 10:36:15,43.3595199584961,-8.84351539611816,"Unknown"
"7014853",371857,2025-06-22 10:41:15,43.3595085144043,-8.84359169006348,"Unknown"
"7014853",371857,2025-06-22 10:46:13,43.3594932556152,-8.84371852874756,"Unknown"
"7014853",371857,2025-06-22 10:51:13,43.359504699707,-8.84342002868652,"Unknown"
"7014853",371857,2025-06-22 10:56:13,43.3595504760742,-8.84357070922852,"Unknown"
"7014853",371857,2025-06-22 11:01:13,43.3595657348633,-8.84355068206787,"Unknown"
"7014853",371857,2025-06-22 11:06:15,43.359489440918,-8.84365272521973,"Unknown"
"7014853",371857,2025-06-22 11:11:15,43.3595390319824,-8.84357166290283,"Unknown"
"7014853",371857,2025-06-22 11:16:16,43.3595085144043,-8.8436450958252,"Unknown"
"7014853",371857,2025-06-22 11:21:17,43.3595390319824,-8.84347915649414,"Unknown"
"7014853",371857,2025-06-22 11:26:17,43.3594055175781,-8.84360790252686,"Unknown"
"7014853",371857,2025-06-22 11:31:17,43.3594970703125,-8.84357643127441,"Unknown"
"7014853",371857,2025-06-22 11:36:13,43.3594398498535,-8.84349060058594,"Unknown"
"7014853",371857,2025-06-22 11:41:15,43.3594741821289,-8.8434944152832,"Unknown"
"7014853",371857,2025-06-22 11:46:14,43.3595962524414,-8.84366703033447,"Unknown"
"7014853",371857,2025-06-22 11:51:14,43.359447479248,-8.84341526031494,"Unknown"
"7014853",371857,2025-06-22 11:56:14,43.3594093322754,-8.8432788848877,"Unknown"
"7014853",371857,2025-06-22 12:01:13,43.3594131469727,-8.84343814849854,"Unknown"
"7014853",371857,2025-06-22 12:06:13,43.3593521118164,-8.84342002868652,"Unknown"
"7014853",371857,2025-06-22 12:11:13,43.3592872619629,-8.84341335296631,"Unknown"
"7014853",371857,2025-06-22 12:16:13,43.3591575622559,-8.8433895111084,"Unknown"
"7014853",371857,2025-06-22 12:21:13,43.3606567382812,-8.84512996673584,"Unknown"
"7014853",371857,2025-06-22 12:26:14,43.3635673522949,-8.83756256103516,"Unknown"
"7014853",371857,2025-06-22 12:31:14,43.3643569946289,-8.83754920959473,"Unknown"
"7014853",371857,2025-06-22 12:36:14,43.364200592041,-8.83792686462402,"Unknown"
"7014853",371857,2025-06-22 12:41:13,43.3645172119141,-8.83810806274414,"Unknown"
"7014853",371857,2025-06-22 12:46:13,43.3642959594727,-8.8374080657959,"Unknown"
"7014853",371857,2025-06-22 12:51:15,43.364200592041,-8.83739948272705,"Unknown"
"7014853",371857,2025-06-22 12:56:17,43.3642997741699,-8.83735466003418,"Unknown"
"7014853",371857,2025-06-22 13:01:13,43.364128112793,-8.83791351318359,"Unknown"
"7014853",371857,2025-06-22 13:06:52,43.3613548278809,-8.84426879882812,"Unknown"
"7014853",371857,2025-06-22 13:12:20,43.3608016967773,-8.84452629089355,"Unknown"
"7014853",371857,2025-06-22 13:16:13,43.3595123291016,-8.84216403961182,"Unknown"
"7014853",371857,2025-06-22 13:21:15,43.3592643737793,-8.84357070922852,"Unknown"
"7014853",371857,2025-06-22 13:26:14,43.3592720031738,-8.84356307983398,"Unknown"
"7014853",371857,2025-06-22 13:31:16,43.3591194152832,-8.84345245361328,"Unknown"
"7014853",371857,2025-06-22 13:36:13,43.3591499328613,-8.84333992004395,"Unknown"
"7014853",371857,2025-06-22 13:41:13,43.3592643737793,-8.84350967407227,"Unknown"
"7014853",371857,2025-06-22 13:46:14,43.3591041564941,-8.84339427947998,"Unknown"
"7014853",371857,2025-06-22 13:51:13,43.3591384887695,-8.84342002868652,"Unknown"
"7014853",371857,2025-06-22 13:56:14,43.3590545654297,-8.84335994720459,"Unknown"
"7014853",371857,2025-06-22 14:01:14,43.3590812683105,-8.84342575073242,"Unknown"
"7014853",371857,2025-06-22 14:06:13,43.3591995239258,-8.84345436096191,"Unknown"
"7014853",371857,2025-06-22 14:11:14,43.3591575622559,-8.84356784820557,"Unknown"
"7014853",371857,2025-06-22 14:16:15,43.3590240478516,-8.84340858459473,"Unknown"
"7014853",371857,2025-06-22 14:21:24,43.3592491149902,-8.84352111816406,"Unknown"
"7014853",371857,2025-06-22 14:26:16,43.3590698242188,-8.84345245361328,"Unknown"
"7014853",371857,2025-06-22 14:31:17,43.3590545654297,-8.84337329864502,"Unknown"
"7014853",371857,2025-06-22 14:36:14,43.3591003417969,-8.84342384338379,"Unknown"
"7014853",371857,2025-06-22 14:41:13,43.3590927124023,-8.84342765808105,"Unknown"
"7014853",371857,2025-06-22 14:46:16,43.3591423034668,-8.84345626831055,"Unknown"
"7014853",371857,2025-06-22 14:51:16,43.3592300415039,-8.84361457824707,"Unknown"
"7014853",371857,2025-06-22 14:56:17,43.3591613769531,-8.84355926513672,"Unknown"
"7014853",371857,2025-06-22 15:01:14,43.3592338562012,-8.84365463256836,"Unknown"
"7014853",371857,2025-06-22 15:06:14,43.359245300293,-8.84360408782959,"Unknown"
"7014853",371857,2025-06-22 15:11:14,43.3593139648438,-8.84366989135742,"Unknown"
"7014853",371857,2025-06-22 15:16:14,43.3593673706055,-8.84372138977051,"Unknown"
"7014853",371857,2025-06-22 15:21:14,43.3593902587891,-8.84373378753662,"Unknown"
"7014853",371857,2025-06-22 15:26:13,43.3609848022461,-8.84192848205566,"Unknown"
"7014853",371857,2025-06-22 15:31:15,43.3593559265137,-8.84381198883057,"Unknown"
"7014853",371857,2025-06-22 15:36:15,43.3593673706055,-8.84367179870605,"Unknown"
"7014853",371857,2025-06-22 15:41:23,43.3594131469727,-8.84369277954102,"Unknown"
"7014853",371857,2025-06-22 15:46:14,43.3703269958496,-8.84246444702148,"Unknown"
"7014853",371857,2025-06-22 15:51:13,43.3822441101074,-8.80622291564941,"Unknown"
"7014853",371857,2025-06-22 15:56:14,43.3812026977539,-8.75835132598877,"Unknown"
"7014853",371857,2025-06-22 16:01:14,43.3674278259277,-8.72246646881104,"Unknown"
"7014853",371857,2025-06-22 16:06:13,43.3710289001465,-8.69255924224854,"Unknown"
"7014853",371857,2025-06-22 16:11:13,43.3750343322754,-8.658616065979,"Unknown"
"7014853",371857,2025-06-22 16:16:13,43.3623733520508,-8.62611389160156,"Unknown"
"7014853",371857,2025-06-22 16:21:14,43.3585968017578,-8.61865425109863,"Unknown"
"7014853",371857,2025-06-22 16:26:13,43.3527870178223,-8.57041168212891,"Unknown"
"7014853",371857,2025-06-22 16:31:14,43.3551177978516,-8.52372932434082,"Unknown"
"7014853",371857,2025-06-22 16:36:14,43.3529357910156,-8.48751926422119,"Unknown"
"7014853",371857,2025-06-22 16:41:17,43.3565902709961,-8.4572057723999,"Unknown"
"7014853",371857,2025-06-22 16:46:27,43.356761932373,-8.4570426940918,"Unknown"
"7014853",371857,2025-06-22 16:51:24,43.3572082519531,-8.45682048797607,"Unknown"
"7014853",371857,2025-06-22 16:56:13,43.3569831848145,-8.45694637298584,"Unknown"
"7014853",371857,2025-06-22 17:01:31,43.3566284179688,-8.45700550079346,"Unknown"
"7014853",371857,2025-06-22 17:06:29,43.3564758300781,-8.45793056488037,"Unknown"
"7014853",371857,2025-06-22 17:21:41,43.3544731140137,-8.45886516571045,"Unknown"
"7014853",371857,2025-06-22 17:26:15,43.3401527404785,-8.45443153381348,"Unknown"
"7014853",371857,2025-06-22 17:31:14,43.3407745361328,-8.45278072357178,"Unknown"
"7014853",371857,2025-06-22 17:36:16,43.3407020568848,-8.4528284072876,"Unknown"
"7014853",371857,2025-06-22 17:41:15,43.3410148620605,-8.45299243927002,"Unknown"
"7014853",371857,2025-06-22 17:46:15,43.3405952453613,-8.45290184020996,"Unknown"
"7014853",371857,2025-06-22 17:51:13,43.3431968688965,-8.45388031005859,"Unknown"
"7014853",371857,2025-06-22 17:56:14,43.355770111084,-8.45661926269531,"Unknown"
"7014853",371857,2025-06-22 18:01:14,43.356502532959,-8.45689678192139,"Unknown"
"7014853",371857,2025-06-22 18:06:13,43.3560180664062,-8.47048854827881,"Unknown"
"7014853",371857,2025-06-22 18:11:13,43.356201171875,-8.50742053985596,"Unknown"
"7014853",371857,2025-06-22 18:16:14,43.3463287353516,-8.54574394226074,"Unknown"
"7014853",371857,2025-06-22 18:21:13,43.3435592651367,-8.58523368835449,"Unknown"
"7014853",371857,2025-06-22 18:26:13,43.3386154174805,-8.62217330932617,"Unknown"
"7014853",371857,2025-06-22 18:31:14,43.346996307373,-8.64700222015381,"Unknown"
"7014853",371857,2025-06-22 18:36:13,43.3548164367676,-8.67180824279785,"Unknown"
"7014853",371857,2025-06-22 18:41:13,43.3446846008301,-8.68864631652832,"Unknown"
"7014853",371857,2025-06-22 18:46:13,43.3448753356934,-8.69258403778076,"Unknown"
"7014853",371857,2025-06-22 18:51:13,43.3344573974609,-8.73528385162354,"Unknown"
"7014853",371857,2025-06-22 18:56:14,43.3315849304199,-8.77963733673096,"Unknown"
"7014853",371857,2025-06-22 19:01:14,43.3423500061035,-8.82022857666016,"Unknown"
"7014853",371857,2025-06-22 19:06:14,43.343620300293,-8.83778762817383,"Unknown"
"7014853",371857,2025-06-22 19:11:14,43.3587875366211,-8.84281253814697,"Unknown"
"7014853",371857,2025-06-22 19:16:13,43.3593521118164,-8.84345817565918,"Unknown"
"7014853",371857,2025-06-22 19:21:13,43.3594055175781,-8.84342670440674,"Unknown"
"7014853",371857,2025-06-22 19:26:13,43.3593902587891,-8.84340667724609,"Unknown"
"7014853",371857,2025-06-22 19:31:13,43.359489440918,-8.84333896636963,"Unknown"
"7014853",371857,2025-06-22 19:36:14,43.3594055175781,-8.84330558776855,"Unknown"
"7014853",371857,2025-06-22 19:41:15,43.3592338562012,-8.84305858612061,"Unknown"
"7014853",371857,2025-06-22 19:46:14,43.3594284057617,-8.84347438812256,"Unknown"
"7014853",371857,2025-06-22 19:51:14,43.359676361084,-8.84414672851562,"Unknown"
"7014853",371857,2025-06-22 19:56:13,43.3594284057617,-8.84351634979248,"Unknown"
"7014853",371857,2025-06-22 20:01:13,43.3767890930176,-8.8511381149292,"Unknown"
"7014853",371857,2025-06-22 20:06:14,43.3769454956055,-8.84901237487793,"Unknown"
"7014853",371857,2025-06-22 20:11:16,43.3754730224609,-8.85781002044678,"Unknown"
"7014853",371857,2025-06-22 20:16:14,43.3750610351562,-8.85843086242676,"Unknown"
"7014853",371857,2025-06-22 20:21:13,43.3747634887695,-8.85798645019531,"Unknown"
"7014853",371857,2025-06-22 20:26:14,43.373420715332,-8.85724544525146,"Unknown"
"7014853",371857,2025-06-22 20:31:14,43.3726692199707,-8.85721874237061,"Unknown"
"7014853",371857,2025-06-22 20:36:15,43.3720893859863,-8.84993648529053,"Unknown"
"7014853",371857,2025-06-22 20:41:13,43.369701385498,-8.84197998046875,"Unknown"
"7014853",371857,2025-06-22 20:46:13,43.3641777038574,-8.83738422393799,"Unknown"
"7014853",371857,2025-06-22 20:51:14,43.3606071472168,-8.84637260437012,"Unknown"
"7014853",371857,2025-06-22 20:56:16,43.3594741821289,-8.84338188171387,"Unknown"
"7014853",371857,2025-06-22 21:01:15,43.359432220459,-8.84333801269531,"Unknown"
"7014853",371857,2025-06-22 21:06:37,43.3591575622559,-8.84341812133789,"Unknown"
"7014853",371857,2025-06-23 02:06:38,43.3592376708984,-8.84362697601318,"Unknown"
"7014853",371857,2025-06-23 05:02:05,43.3592300415039,-8.84345817565918,"Unknown"
"7014853",371857,2025-06-23 05:06:04,43.3593978881836,-8.84364700317383,"Unknown"
"7014853",371857,2025-06-23 05:11:04,43.3592376708984,-8.84346199035645,"Unknown"
"7014853",371857,2025-06-23 05:16:04,43.3591842651367,-8.84338092803955,"Unknown"
"7014853",371857,2025-06-23 05:21:04,43.3592643737793,-8.84346389770508,"Unknown"
"7014853",371857,2025-06-23 05:26:03,43.3593254089355,-8.84359550476074,"Unknown"
"7014853",371857,2025-06-23 05:31:03,43.3592720031738,-8.84338855743408,"Unknown"
"7014853",371857,2025-06-23 05:36:05,43.3591766357422,-8.84356498718262,"Unknown"
"7014853",371857,2025-06-23 05:41:04,43.359260559082,-8.84347534179688,"Unknown"
"7014853",371857,2025-06-23 05:46:02,43.359260559082,-8.84346866607666,"Unknown"
"7014853",371857,2025-06-23 05:51:12,43.3592414855957,-8.84340286254883,"Unknown"
"7014853",371857,2025-06-23 05:56:02,43.3592376708984,-8.843430519104,"Unknown"
"7014853",371857,2025-06-23 06:01:03,43.3592567443848,-8.84346389770508,"Unknown"
"7014853",371857,2025-06-23 06:06:02,43.3592147827148,-8.84347057342529,"Unknown"
"7014853",371857,2025-06-23 06:11:02,43.3593940734863,-8.84364318847656,"Unknown"
"7014853",371857,2025-06-23 06:16:03,43.3593711853027,-8.84351825714111,"Unknown"
"7014853",371857,2025-06-23 06:21:03,43.3592872619629,-8.84352016448975,"Unknown"
"7014853",371857,2025-06-23 06:26:12,43.3593292236328,-8.84342765808105,"Unknown"
"7014853",371857,2025-06-23 06:31:03,43.3595733642578,-8.84377574920654,"Unknown"
"7014853",371857,2025-06-23 06:36:03,43.3596038818359,-8.84375190734863,"Unknown"
"7014853",371857,2025-06-23 06:41:07,43.3597259521484,-8.8438835144043,"Unknown"
"7014853",371857,2025-06-23 06:46:04,43.3591461181641,-8.84426403045654,"Unknown"
"7014853",371857,2025-06-23 06:51:04,43.3594131469727,-8.8439302444458,"Unknown"
"7014853",371857,2025-06-23 06:56:03,43.3595199584961,-8.84383106231689,"Unknown"
"7014853",371857,2025-06-23 07:01:04,43.3594207763672,-8.8438606262207,"Unknown"
"7014853",371857,2025-06-23 07:06:03,43.3594970703125,-8.84382438659668,"Unknown"
"7014853",371857,2025-06-23 07:11:03,43.3594055175781,-8.84379863739014,"Unknown"
"7014853",371857,2025-06-23 07:16:03,43.3594093322754,-8.84390258789062,"Unknown"
"7014853",371857,2025-06-23 07:21:04,43.3593940734863,-8.84388256072998,"Unknown"
"7014853",371857,2025-06-23 07:26:07,43.3594932556152,-8.84409427642822,"Unknown"
"7014853",371857,2025-06-23 07:31:03,43.3590126037598,-8.8441219329834,"Unknown"
"7014853",371857,2025-06-23 07:36:07,43.3593673706055,-8.84383773803711,"Unknown"
"7014853",371857,2025-06-23 07:41:03,43.3591575622559,-8.84403991699219,"Unknown"
"7014853",371857,2025-06-23 07:46:03,43.3591384887695,-8.84396553039551,"Unknown"
"7014853",371857,2025-06-23 07:51:03,43.3591346740723,-8.84398555755615,"Unknown"
"7014853",371857,2025-06-23 07:56:03,43.3591537475586,-8.843918800354,"Unknown"
"7014853",371857,2025-06-23 08:01:03,43.3591423034668,-8.84391307830811,"Unknown"
"7014853",371857,2025-06-23 08:06:03,43.3591842651367,-8.8438720703125,"Unknown"
"7014853",371857,2025-06-23 08:11:04,43.359203338623,-8.84375476837158,"Unknown"
"7014853",371857,2025-06-23 08:16:03,43.3592185974121,-8.84381866455078,"Unknown"
"7014853",371857,2025-06-23 08:21:03,43.3591690063477,-8.84372997283936,"Unknown"
"7014853",371857,2025-06-23 08:26:03,43.3591918945312,-8.84368324279785,"Unknown"
"7014853",371857,2025-06-23 08:31:04,43.3592643737793,-8.84372234344482,"Unknown"
"7014853",371857,2025-06-23 08:36:03,43.3589324951172,-8.84362697601318,"Unknown"
"7014853",371857,2025-06-23 08:41:03,43.3589897155762,-8.84353637695312,"Unknown"
"7014853",371857,2025-06-23 08:46:03,43.3588790893555,-8.84347152709961,"Unknown"
"7014853",371857,2025-06-23 08:51:03,43.359188079834,-8.84340763092041,"Unknown"
"7014853",371857,2025-06-23 08:56:04,43.359432220459,-8.84351444244385,"Unknown"
"7014853",371857,2025-06-23 09:01:03,43.3589973449707,-8.84309005737305,"Unknown"
"7014853",371857,2025-06-23 09:06:04,43.3596000671387,-8.84350776672363,"Unknown"
"7014853",371857,2025-06-23 09:11:06,43.3598747253418,-8.84357929229736,"Unknown"
"7014853",371857,2025-06-23 09:16:09,43.3596801757812,-8.8435173034668,"Unknown"
"7014853",371857,2025-06-23 09:21:09,43.3599624633789,-8.84355926513672,"Unknown"
"7014853",371857,2025-06-23 09:26:12,43.3591346740723,-8.84364032745361,"Unknown"
"7014853",371857,2025-06-23 09:31:03,43.360408782959,-8.84355354309082,"Unknown"
"7014853",371857,2025-06-23 09:36:03,43.3708648681641,-8.85474014282227,"Unknown"
"7014853",371857,2025-06-23 09:41:03,43.361629486084,-8.84084796905518,"Unknown"
"7014853",371857,2025-06-23 09:46:06,43.357738494873,-8.82696056365967,"Unknown"
"7014853",371857,2025-06-23 09:51:03,43.3569526672363,-8.82814788818359,"Unknown"
"7014853",371857,2025-06-23 09:56:03,43.3550758361816,-8.82881546020508,"Unknown"
"7014853",371857,2025-06-23 10:01:03,43.3393592834473,-8.83096694946289,"Unknown"
"7014853",371857,2025-06-23 10:06:03,43.3288726806641,-8.82077121734619,"Unknown"
"7014853",371857,2025-06-23 10:11:04,43.3264236450195,-8.80535221099854,"Unknown"
"7014853",371857,2025-06-23 10:16:03,43.3051071166992,-8.78551959991455,"Unknown"
"7014853",371857,2025-06-23 10:21:07,43.2976684570312,-8.75524711608887,"Unknown"
"7014853",371857,2025-06-23 10:26:06,43.2959747314453,-8.72334766387939,"Unknown"
"7014853",371857,2025-06-23 10:31:03,43.3114433288574,-8.70462989807129,"Unknown"
"7014853",371857,2025-06-23 10:36:03,43.3278274536133,-8.69341087341309,"Unknown"
"7014853",371857,2025-06-23 10:41:03,43.3442115783691,-8.68448162078857,"Unknown"
"7014853",371857,2025-06-23 10:46:03,43.3630867004395,-8.68698883056641,"Unknown"
"7014853",371857,2025-06-23 10:51:03,43.3758010864258,-8.67956161499023,"Unknown"
"7014853",371857,2025-06-23 10:56:03,43.3756713867188,-8.68129348754883,"Unknown"
"7014853",371857,2025-06-23 11:01:03,43.3777847290039,-8.68012619018555,"Unknown"
"7014853",371857,2025-06-23 11:06:03,43.3770027160645,-8.67906093597412,"Unknown"
"7014853",371857,2025-06-23 11:11:04,43.3796157836914,-8.68825721740723,"Unknown"
"7014853",371857,2025-06-23 11:16:03,43.3752937316895,-8.74568462371826,"Unknown"
"7014853",371857,2025-06-23 11:21:03,43.3671798706055,-8.81267547607422,"Unknown"
"7014853",371857,2025-06-23 11:26:08,43.359432220459,-8.84342193603516,"Unknown"
"7014853",371857,2025-06-23 11:31:09,43.3597030639648,-8.84335041046143,"Unknown"
"7014853",371857,2025-06-23 11:36:04,43.3594589233398,-8.8433198928833,"Unknown"
"7014853",371857,2025-06-23 11:41:04,43.3596458435059,-8.84318923950195,"Unknown"
"7014853",371857,2025-06-23 11:46:03,43.3595886230469,-8.84337139129639,"Unknown"
"7014853",371857,2025-06-23 11:51:03,43.3597106933594,-8.8431921005249,"Unknown"
"7014853",371857,2025-06-23 11:56:04,43.3596153259277,-8.84328746795654,"Unknown"
"7014853",371857,2025-06-23 12:01:03,43.359561920166,-8.84346866607666,"Unknown"
"7014853",371857,2025-06-23 12:06:04,43.359561920166,-8.84338188171387,"Unknown"
"7014853",371857,2025-06-23 12:11:04,43.3595123291016,-8.84347248077393,"Unknown"
"7014853",371857,2025-06-23 12:16:03,43.3596267700195,-8.84337425231934,"Unknown"
"7014853",371857,2025-06-23 12:21:04,43.3596420288086,-8.84342765808105,"Unknown"
"7014853",371857,2025-06-23 12:26:04,43.3596115112305,-8.8433837890625,"Unknown"
"7014853",371857,2025-06-23 12:31:03,43.3596687316895,-8.84333324432373,"Unknown"
"7014853",371857,2025-06-23 12:36:04,43.3594207763672,-8.84342098236084,"Unknown"
"7014853",371857,2025-06-23 12:41:06,43.3596611022949,-8.84338283538818,"Unknown"
"7014853",371857,2025-06-23 12:46:04,43.3596115112305,-8.84352016448975,"Unknown"
"7014853",371857,2025-06-23 12:51:03,43.3596496582031,-8.8435115814209,"Unknown"
"7014853",371857,2025-06-23 12:56:04,43.3596458435059,-8.84342575073242,"Unknown"
"7014853",371857,2025-06-23 13:01:03,43.3595581054688,-8.84335517883301,"Unknown"
"7014853",371857,2025-06-23 13:06:03,43.3595848083496,-8.84328842163086,"Unknown"
"7014853",371857,2025-06-23 13:11:03,43.3595924377441,-8.84320735931396,"Unknown"
"7014853",371857,2025-06-23 13:16:03,43.3595733642578,-8.84318733215332,"Unknown"
"7014853",371857,2025-06-23 13:21:04,43.3594779968262,-8.84347248077393,"Unknown"
"7014853",371857,2025-06-23 13:26:03,43.3595352172852,-8.84351444244385,"Unknown"
"7014853",371857,2025-06-23 13:31:03,43.359447479248,-8.84352493286133,"Unknown"
"7014853",371857,2025-06-23 13:36:03,43.3594398498535,-8.84350872039795,"Unknown"
"7014853",371857,2025-06-23 13:41:04,43.3593444824219,-8.84356784820557,"Unknown"
"7014853",371857,2025-06-23 13:46:08,43.3593826293945,-8.84340953826904,"Unknown"
"7014853",371857,2025-06-23 13:51:07,43.3590507507324,-8.84336280822754,"Unknown"
"7014853",371857,2025-06-23 13:56:07,43.3592147827148,-8.84363269805908,"Unknown"
"7014853",371857,2025-06-23 14:01:07,43.3591117858887,-8.84336471557617,"Unknown"
"7014853",371857,2025-06-23 14:06:09,43.3591194152832,-8.84347629547119,"Unknown"
"7014853",371857,2025-06-23 14:11:04,43.3590621948242,-8.84342098236084,"Unknown"
"7014853",371857,2025-06-23 14:16:08,43.3591613769531,-8.84357166290283,"Unknown"
"7014853",371857,2025-06-23 14:21:06,43.3591423034668,-8.84346675872803,"Unknown"
"7014853",371857,2025-06-23 14:26:06,43.3591957092285,-8.8435115814209,"Unknown"
"7014853",371857,2025-06-23 14:31:07,43.3591842651367,-8.84344863891602,"Unknown"
"7014853",371857,2025-06-23 14:36:06,43.3592834472656,-8.84348773956299,"Unknown"
"7014853",371857,2025-06-23 14:41:06,43.359260559082,-8.84354877471924,"Unknown"
"7014853",371857,2025-06-23 14:46:04,43.3592491149902,-8.84342956542969,"Unknown"
"7014853",371857,2025-06-23 14:51:06,43.359302520752,-8.84381103515625,"Unknown"
"7014853",371857,2025-06-23 14:56:09,43.3593254089355,-8.84406471252441,"Unknown"
"7014853",371857,2025-06-23 15:01:09,43.3593635559082,-8.84352779388428,"Unknown"
"7014853",371857,2025-06-23 15:06:04,43.3589477539062,-8.84291648864746,"Unknown"
"7014853",371857,2025-06-23 15:11:06,43.3593902587891,-8.84355926513672,"Unknown"
"7014853",371857,2025-06-23 15:16:09,43.3594665527344,-8.84414386749268,"Unknown"
"7014853",371857,2025-06-23 15:21:04,43.3593559265137,-8.84346389770508,"Unknown"
"7014853",371857,2025-06-23 15:26:07,43.3594398498535,-8.84339809417725,"Unknown"
"7014853",371857,2025-06-23 15:31:03,43.3594932556152,-8.84351921081543,"Unknown"
"7014853",371857,2025-06-23 15:36:07,43.3600654602051,-8.84392547607422,"Unknown"
"7014853",371857,2025-06-23 15:41:07,43.3601455688477,-8.84398651123047,"Unknown"
"7014853",371857,2025-06-23 15:46:07,43.3597755432129,-8.84389877319336,"Unknown"
"7014853",371857,2025-06-23 15:51:08,43.3592109680176,-8.84316062927246,"Unknown"
"7014853",371857,2025-06-23 15:56:09,43.363224029541,-8.84142971038818,"Unknown"
"7014853",371857,2025-06-23 16:01:04,43.3687210083008,-8.82733821868896,"Unknown"
"7014853",371857,2025-06-23 16:06:04,43.3888511657715,-8.82497882843018,"Unknown"
"7014853",371857,2025-06-23 16:11:07,43.4041976928711,-8.81093406677246,"Unknown"
"7014853",371857,2025-06-23 16:16:04,43.4205551147461,-8.79752159118652,"Unknown"
"7014853",371857,2025-06-23 16:21:04,43.4413909912109,-8.79822063446045,"Unknown"
"7014853",371857,2025-06-23 16:26:33,43.4663314819336,-8.80582523345947,"Unknown"
"7014853",371857,2025-06-23 16:31:09,43.4831085205078,-8.8094482421875,"Unknown"
"7014853",371857,2025-06-23 16:36:39,43.5060234069824,-8.82242012023926,"Unknown"
"7014853",371857,2025-06-23 16:41:03,43.521858215332,-8.83024120330811,"Unknown"
"7014853",371857,2025-06-23 16:46:41,43.5476684570312,-8.841477394104,"Unknown"
"7014853",371857,2025-06-23 16:51:09,43.565616607666,-8.86338329315186,"Unknown"
"7014853",371857,2025-06-23 16:56:14,43.5722923278809,-8.88038635253906,"Unknown"
"7014853",371857,2025-06-23 17:01:19,43.5359497070312,-8.89308166503906,"Unknown"
"7014853",371857,2025-06-23 17:06:14,43.4885749816895,-8.90692806243896,"Unknown"
"7014853",371857,2025-06-23 17:11:42,43.4494400024414,-8.89479923248291,"Unknown"
"7014853",371857,2025-06-23 17:16:37,43.4248390197754,-8.86972236633301,"Unknown"
"7014853",371857,2025-06-23 17:27:05,43.3600158691406,-8.84296798706055,"Unknown"
"7014853",371857,2025-06-23 17:31:09,43.3588523864746,-8.84376430511475,"Unknown"
"7014853",371857,2025-06-23 17:36:09,43.3587074279785,-8.84374713897705,"Unknown"
"7014853",371857,2025-06-23 17:41:09,43.3616104125977,-8.84389019012451,"Unknown"
"7014853",371857,2025-06-23 17:46:03,43.3451499938965,-8.83141708374023,"Unknown"
"7014853",371857,2025-06-23 17:51:10,43.339298248291,-8.83032321929932,"Unknown"
"7014853",371857,2025-06-23 17:56:03,43.3412170410156,-8.83269882202148,"Unknown"
"7014853",371857,2025-06-23 18:01:05,43.3134384155273,-8.85698795318604,"Unknown"
"7014853",371857,2025-06-23 18:06:08,43.3131370544434,-8.85712718963623,"Unknown"
"7014853",371857,2025-06-23 18:11:03,43.3133544921875,-8.85694217681885,"Unknown"
"7014853",371857,2025-06-23 18:16:04,43.3130531311035,-8.85705947875977,"Unknown"
"7014853",371857,2025-06-23 18:21:07,43.3130187988281,-8.85714054107666,"Unknown"
"7014853",371857,2025-06-23 18:26:03,43.3133773803711,-8.85679912567139,"Unknown"
"7014853",371857,2025-06-23 18:31:06,43.3135871887207,-8.85660171508789,"Unknown"
"7014853",371857,2025-06-23 18:36:09,43.3137016296387,-8.85687446594238,"Unknown"
"7014853",371857,2025-06-23 18:41:06,43.3136520385742,-8.85666751861572,"Unknown"
"7014853",371857,2025-06-23 18:46:03,43.3138580322266,-8.85632801055908,"Unknown"
"7014853",371857,2025-06-23 18:51:06,43.3271980285645,-8.85493278503418,"Unknown"
"7014853",371857,2025-06-23 18:56:09,43.346565246582,-8.85109806060791,"Unknown"
"7014853",371857,2025-06-23 19:01:08,43.3597030639648,-8.84403991699219,"Unknown"
"7014853",371857,2025-06-23 19:06:04,43.3596420288086,-8.84386157989502,"Unknown"
"7014853",371857,2025-06-23 19:11:04,43.3596343994141,-8.84398651123047,"Unknown"
"7014853",371857,2025-06-23 19:16:03,43.3595581054688,-8.8436164855957,"Unknown"
"7014853",371857,2025-06-23 19:21:04,43.3590354919434,-8.84376430511475,"Unknown"
"7014853",371857,2025-06-23 19:26:09,43.3589401245117,-8.84395694732666,"Unknown"
"7014853",371857,2025-06-23 19:31:35,43.359016418457,-8.84371662139893,"Unknown"
"7014853",371857,2025-06-23 19:36:03,43.3589019775391,-8.84371948242188,"Unknown"
"7014853",371857,2025-06-23 19:41:04,43.3591156005859,-8.84362983703613,"Unknown"
"7014853",371857,2025-06-23 19:46:02,43.3590774536133,-8.84340381622314,"Unknown"
"7014853",371857,2025-06-23 19:51:03,43.3590087890625,-8.84355926513672,"Unknown"
"7014853",371857,2025-06-23 19:56:03,43.3606910705566,-8.84195327758789,"Unknown"
"7014853",371857,2025-06-23 20:01:02,43.3694076538086,-8.82615566253662,"Unknown"
"7014853",371857,2025-06-23 20:06:03,43.3590812683105,-8.84332084655762,"Unknown"
"7014853",371857,2025-06-23 20:11:03,43.3591537475586,-8.84351921081543,"Unknown"
"7014853",371857,2025-06-23 20:16:03,43.3591232299805,-8.84349250793457,"Unknown"
"7014853",371857,2025-06-23 20:21:02,43.3591194152832,-8.84346008300781,"Unknown"
"7014853",371857,2025-06-23 20:26:03,43.3590850830078,-8.84349727630615,"Unknown"
"7014853",371857,2025-06-23 20:31:03,43.3591270446777,-8.84350490570068,"Unknown"
"7014853",371857,2025-06-23 20:36:03,43.3591613769531,-8.84346771240234,"Unknown"
"7014853",371857,2025-06-23 20:41:04,43.3591499328613,-8.84336948394775,"Unknown"
"7014853",371857,2025-06-23 20:46:03,43.3589286804199,-8.84357070922852,"Unknown"
"7014853",371857,2025-06-23 20:51:04,43.3591232299805,-8.84344959259033,"Unknown"
"7014853",371857,2025-06-23 20:56:02,43.3591575622559,-8.84347915649414,"Unknown"
"7014853",371857,2025-06-23 21:01:06,43.359073638916,-8.84340190887451,"Unknown"
"7014853",371857,2025-06-23 21:06:40,43.3590927124023,-8.84346675872803,"Unknown"
"7014853",371857,2025-06-24 02:07:05,43.3581275939941,-8.84434127807617,"Unknown"
"7014853",371857,2025-06-24 05:01:26,43.3592262268066,-8.84339046478271,"Unknown"
"7014853",371857,2025-06-24 05:06:26,43.3592071533203,-8.8434419631958,"Unknown"
"7014853",371857,2025-06-24 05:11:25,43.3592262268066,-8.8434886932373,"Unknown"
"7014853",371857,2025-06-24 05:16:25,43.3590621948242,-8.84325695037842,"Unknown"
"7014853",371857,2025-06-24 05:21:25,43.3590927124023,-8.84329700469971,"Unknown"
"7014853",371857,2025-06-24 05:26:24,43.359130859375,-8.84325790405273,"Unknown"
"7014853",371857,2025-06-24 05:31:25,43.3592414855957,-8.8435640335083,"Unknown"
"7014853",371857,2025-06-24 05:36:25,43.3591461181641,-8.84342288970947,"Unknown"
"7014853",371857,2025-06-24 05:41:27,43.3593254089355,-8.84317398071289,"Unknown"
"7014853",371857,2025-06-24 05:46:24,43.3741722106934,-8.81588554382324,"Unknown"
"7014853",371857,2025-06-24 05:51:24,43.3850784301758,-8.77431964874268,"Unknown"
"7014853",371857,2025-06-24 05:56:24,43.3858680725098,-8.73227691650391,"Unknown"
"7014853",371857,2025-06-24 06:01:25,43.3782081604004,-8.69200992584229,"Unknown"
"7014853",371857,2025-06-24 06:06:27,43.3816757202148,-8.67577457427979,"Unknown"
"7014853",371857,2025-06-24 06:11:28,43.3844985961914,-8.67077159881592,"Unknown"
"7014853",371857,2025-06-24 06:16:25,43.3846321105957,-8.66602516174316,"Unknown"
"7014853",371857,2025-06-24 06:21:26,43.3857612609863,-8.6690149307251,"Unknown"
"7014853",371857,2025-06-24 06:26:36,43.3855018615723,-8.67074489593506,"Unknown"
"7014853",371857,2025-06-24 06:31:34,43.385196685791,-8.67175960540771,"Unknown"
"7014853",371857,2025-06-24 06:36:27,43.3861351013184,-8.67656326293945,"Unknown"
"7014853",371857,2025-06-24 06:41:59,43.3865623474121,-8.67616939544678,"Unknown"
"7014853",371857,2025-06-24 06:46:26,43.3753662109375,-8.68734931945801,"Unknown"
"7014853",371857,2025-06-24 06:51:35,43.3678665161133,-8.72836971282959,"Unknown"
"7014853",371857,2025-06-24 06:56:37,43.3633155822754,-8.77672481536865,"Unknown"
"7014853",371857,2025-06-24 07:01:25,43.3592872619629,-8.8239803314209,"Unknown"
"7014853",371857,2025-06-24 07:06:26,43.3594093322754,-8.84323787689209,"Unknown"
"7014853",371857,2025-06-24 07:11:27,43.3594017028809,-8.84321880340576,"Unknown"
"7014853",371857,2025-06-24 07:16:44,43.3592262268066,-8.84325122833252,"Unknown"
"7014853",371857,2025-06-24 07:21:30,43.3594512939453,-8.84391403198242,"Unknown"
"7014853",371857,2025-06-24 07:26:25,43.3587341308594,-8.84321689605713,"Unknown"
"7014853",371857,2025-06-24 07:31:29,43.3593215942383,-8.84415054321289,"Unknown"
"7014853",371857,2025-06-24 07:36:31,43.3588180541992,-8.84343338012695,"Unknown"
"7014853",371857,2025-06-24 07:41:34,43.3591804504395,-8.84354114532471,"Unknown"
"7014853",371857,2025-06-24 07:46:59,43.359317779541,-8.84341239929199,"Unknown"
"7014853",371857,2025-06-24 07:51:24,43.3591194152832,-8.84348392486572,"Unknown"
"7014853",371857,2025-06-24 07:56:24,43.3591461181641,-8.84351253509521,"Unknown"
"7014853",371857,2025-06-24 08:01:25,43.3591232299805,-8.84343910217285,"Unknown"
"7014853",371857,2025-06-24 08:06:24,43.3591728210449,-8.84347248077393,"Unknown"
"7014853",371857,2025-06-24 08:11:25,43.3592224121094,-8.843430519104,"Unknown"
"7014853",371857,2025-06-24 08:16:24,43.3593292236328,-8.84346199035645,"Unknown"
"7014853",371857,2025-06-24 08:21:26,43.3591346740723,-8.84334850311279,"Unknown"
"7014853",371857,2025-06-24 08:26:27,43.3591804504395,-8.84349060058594,"Unknown"
"7014853",371857,2025-06-24 08:31:25,43.3591651916504,-8.84353160858154,"Unknown"
"7014853",371857,2025-06-24 08:36:24,43.3588562011719,-8.84350967407227,"Unknown"
"7014853",371857,2025-06-24 08:41:26,43.3586692810059,-8.84341144561768,"Unknown"
"7014853",371857,2025-06-24 08:46:24,43.3584671020508,-8.84365844726562,"Unknown"
"7014853",371857,2025-06-24 08:51:24,43.3592147827148,-8.84343719482422,"Unknown"
"7014853",371857,2025-06-24 08:56:24,43.3588409423828,-8.84336566925049,"Unknown"
"7014853",371857,2025-06-24 09:01:24,43.3592109680176,-8.8433895111084,"Unknown"
"7014853",371857,2025-06-24 09:06:24,43.3592491149902,-8.84349250793457,"Unknown"
"7014853",371857,2025-06-24 09:11:24,43.3592529296875,-8.84341812133789,"Unknown"
"7014853",371857,2025-06-24 09:16:35,43.3588752746582,-8.84340190887451,"Unknown"
"7014853",371857,2025-06-24 09:21:24,43.3590507507324,-8.84342193603516,"Unknown"
"7014853",371857,2025-06-24 09:26:28,43.3593635559082,-8.8439359664917,"Unknown"
"7014853",371857,2025-06-24 09:31:24,43.3595085144043,-8.84398078918457,"Unknown"
"7014853",371857,2025-06-24 09:36:27,43.3593139648438,-8.84398937225342,"Unknown"
"7014853",371857,2025-06-24 09:41:24,43.3592681884766,-8.84347724914551,"Unknown"
"7014853",371857,2025-06-24 09:46:33,43.3588409423828,-8.84334850311279,"Unknown"
"7014853",371857,2025-06-24 09:51:26,43.3592414855957,-8.84352588653564,"Unknown"
"7014853",371857,2025-06-24 09:56:30,43.3592414855957,-8.84376239776611,"Unknown"
"7014853",371857,2025-06-24 10:01:35,43.3586463928223,-8.84285259246826,"Unknown"
"7014853",371857,2025-06-24 10:06:36,43.359016418457,-8.84284496307373,"Unknown"
"7014853",371857,2025-06-24 10:11:27,43.359016418457,-8.84323978424072,"Unknown"
"7014853",371857,2025-06-24 10:16:24,43.3592224121094,-8.84313106536865,"Unknown"
"7014853",371857,2025-06-24 10:21:31,43.3592872619629,-8.84305191040039,"Unknown"
"7014853",371857,2025-06-24 10:26:27,43.3594512939453,-8.8428201675415,"Unknown"
"7014853",371857,2025-06-24 10:31:27,43.3601379394531,-8.84291553497314,"Unknown"
"7014853",371857,2025-06-24 10:36:25,43.3592224121094,-8.84312725067139,"Unknown"
"7014853",371857,2025-06-24 10:41:24,43.3591651916504,-8.8430757522583,"Unknown"
"7014853",371857,2025-06-24 10:46:24,43.3591079711914,-8.84307956695557,"Unknown"
"7014853",371857,2025-06-24 10:51:25,43.3591995239258,-8.84310150146484,"Unknown"
"7014853",371857,2025-06-24 10:56:29,43.3593292236328,-8.84308528900146,"Unknown"
"7014853",371857,2025-06-24 11:01:30,43.3586616516113,-8.8428430557251,"Unknown"
"7014853",371857,2025-06-24 11:06:25,43.3591575622559,-8.84330463409424,"Unknown"
"7014853",371857,2025-06-24 11:11:25,43.3823585510254,-8.83007335662842,"Unknown"
"7014853",371857,2025-06-24 11:16:29,43.389820098877,-8.78250408172607,"Unknown"
"7014853",371857,2025-06-24 11:21:25,43.3846397399902,-8.73131465911865,"Unknown"
"7014853",371857,2025-06-24 11:26:24,43.3903007507324,-8.70356178283691,"Unknown"
"7014853",371857,2025-06-24 11:31:25,43.3970031738281,-8.68897438049316,"Unknown"
"7014853",371857,2025-06-24 11:36:26,43.3886604309082,-8.66729068756104,"Unknown"
"7014853",371857,2025-06-24 11:41:24,43.3632621765137,-8.6558952331543,"Unknown"
"7014853",371857,2025-06-24 11:46:28,43.3397445678711,-8.66259956359863,"Unknown"
"7014853",371857,2025-06-24 11:51:25,43.3385200500488,-8.66113948822021,"Unknown"
"7014853",371857,2025-06-24 11:56:24,43.3381080627441,-8.66042518615723,"Unknown"
"7014853",371857,2025-06-24 12:01:24,43.3269424438477,-8.62681865692139,"Unknown"
"7014853",371857,2025-06-24 12:06:30,43.3145217895508,-8.61046504974365,"Unknown"
"7014853",371857,2025-06-24 12:11:25,43.3252830505371,-8.57846164703369,"Unknown"
"7014853",371857,2025-06-24 12:16:25,43.3408660888672,-8.53250408172607,"Unknown"
"7014853",371857,2025-06-24 12:21:24,43.3533096313477,-8.49416351318359,"Unknown"
"7014853",371857,2025-06-24 12:26:34,43.3524398803711,-8.47809982299805,"Unknown"
"7014853",371857,2025-06-24 12:32:05,43.3534164428711,-8.45880031585693,"Unknown"
"7014853",371857,2025-06-24 12:36:30,43.35595703125,-8.45613098144531,"Unknown"
"7014853",371857,2025-06-24 12:41:44,43.3562278747559,-8.45703411102295,"Unknown"
"7014853",371857,2025-06-24 12:46:27,43.3560447692871,-8.45704555511475,"Unknown"
"7014853",371857,2025-06-24 12:51:26,43.3564147949219,-8.45690631866455,"Unknown"
"7014853",371857,2025-06-24 12:56:26,43.3564834594727,-8.45717811584473,"Unknown"
"7014853",371857,2025-06-24 13:01:28,43.3567810058594,-8.45617294311523,"Unknown"
"7014853",371857,2025-06-24 13:06:31,43.3562812805176,-8.45725631713867,"Unknown"
"7014853",371857,2025-06-24 13:11:27,43.3530235290527,-8.45279121398926,"Unknown"
"7014853",371857,2025-06-24 13:16:26,43.3400802612305,-8.4540376663208,"Unknown"
"7014853",371857,2025-06-24 13:21:26,43.3401222229004,-8.45401859283447,"Unknown"
"7014853",371857,2025-06-24 13:26:24,43.3451461791992,-8.45323467254639,"Unknown"
"7014853",371857,2025-06-24 13:31:25,43.3543739318848,-8.46621417999268,"Unknown"
"7014853",371857,2025-06-24 13:36:25,43.3520812988281,-8.49366092681885,"Unknown"
"7014853",371857,2025-06-24 13:41:24,43.3522758483887,-8.52503395080566,"Unknown"
"7014853",371857,2025-06-24 13:46:27,43.3398208618164,-8.55278778076172,"Unknown"
"7014853",371857,2025-06-24 13:51:26,43.3231048583984,-8.58111476898193,"Unknown"
"7014853",371857,2025-06-24 13:56:33,43.3164863586426,-8.60717010498047,"Unknown"
"7014853",371857,2025-06-24 14:01:24,43.3061676025391,-8.6488790512085,"Unknown"
"7014853",371857,2025-06-24 14:06:24,43.2975997924805,-8.69406986236572,"Unknown"
"7014853",371857,2025-06-24 14:11:24,43.3098182678223,-8.71561050415039,"Unknown"
"7014853",371857,2025-06-24 14:16:25,43.3246536254883,-8.68963432312012,"Unknown"
"7014853",371857,2025-06-24 14:21:25,43.3431282043457,-8.71399784088135,"Unknown"
"7014853",371857,2025-06-24 14:26:25,43.3361434936523,-8.75684070587158,"Unknown"
"7014853",371857,2025-06-24 14:31:25,43.3335380554199,-8.80406284332275,"Unknown"
"7014853",371857,2025-06-24 14:36:26,43.3443260192871,-8.82242012023926,"Unknown"
"7014853",371857,2025-06-24 14:41:24,43.3593063354492,-8.84346675872803,"Unknown"
"7014853",371857,2025-06-24 14:46:36,43.3593368530273,-8.8436279296875,"Unknown"
"7014853",371857,2025-06-24 14:51:26,43.359302520752,-8.8435115814209,"Unknown"
"7014853",371857,2025-06-24 14:56:27,43.3587532043457,-8.84314727783203,"Unknown"
"7014853",371857,2025-06-24 15:01:59,43.3592185974121,-8.84373474121094,"Unknown"
"7014853",371857,2025-06-24 15:06:26,43.359546661377,-8.84390354156494,"Unknown"
"7014853",371857,2025-06-24 15:11:26,43.3591957092285,-8.84355354309082,"Unknown"
"7014853",371857,2025-06-24 15:16:26,43.3591537475586,-8.84360694885254,"Unknown"
"7014853",371857,2025-06-24 15:21:26,43.3591766357422,-8.84352970123291,"Unknown"
"7014853",371857,2025-06-24 15:26:25,43.3591499328613,-8.84364700317383,"Unknown"
"7014853",371857,2025-06-24 15:31:26,43.3591461181641,-8.84352493286133,"Unknown"
"7014853",371857,2025-06-24 15:36:25,43.3591766357422,-8.84349155426025,"Unknown"
"7014853",371857,2025-06-24 15:41:25,43.3593368530273,-8.84324645996094,"Unknown"
"7014853",371857,2025-06-24 15:46:44,43.3590927124023,-8.8434476852417,"Unknown"
"7014853",371857,2025-06-24 15:51:25,43.3593292236328,-8.84369373321533,"Unknown"
"7014853",371857,2025-06-24 15:56:24,43.3592948913574,-8.8435697555542,"Unknown"
"7014853",371857,2025-06-24 16:01:24,43.3593101501465,-8.84376430511475,"Unknown"
"7014853",371857,2025-06-24 16:06:24,43.3593292236328,-8.8436918258667,"Unknown"
"7014853",371857,2025-06-24 16:11:25,43.3593215942383,-8.84354591369629,"Unknown"
"7014853",371857,2025-06-24 16:16:27,43.3591270446777,-8.8434534072876,"Unknown"
"7014853",371857,2025-06-24 16:21:25,43.359203338623,-8.84355449676514,"Unknown"
"7014853",371857,2025-06-24 16:26:24,43.3593215942383,-8.84345245361328,"Unknown"
"7014853",371857,2025-06-24 16:31:44,43.3592567443848,-8.84344863891602,"Unknown"
"7014853",371857,2025-06-24 16:36:26,43.3593292236328,-8.84389972686768,"Unknown"
"7014853",371857,2025-06-24 16:41:25,43.3593215942383,-8.84383869171143,"Unknown"
"7014853",371857,2025-06-24 16:46:24,43.3593254089355,-8.84383583068848,"Unknown"
"7014853",371857,2025-06-24 16:51:24,43.3593101501465,-8.84381484985352,"Unknown"
"7014853",371857,2025-06-24 16:56:24,43.359546661377,-8.84342479705811,"Unknown"
"7014853",371857,2025-06-24 17:01:25,43.3592185974121,-8.84349632263184,"Unknown"
"7014853",371857,2025-06-24 17:06:24,43.359203338623,-8.8434362411499,"Unknown"
"7014853",371857,2025-06-24 17:11:24,43.3592262268066,-8.84363842010498,"Unknown"
"7014853",371857,2025-06-24 17:16:34,43.3591156005859,-8.84328556060791,"Unknown"
"7014853",371857,2025-06-24 17:21:31,43.3592376708984,-8.84351921081543,"Unknown"
"7014853",371857,2025-06-24 17:26:24,43.3611297607422,-8.84395694732666,"Unknown"
"7014853",371857,2025-06-24 17:31:24,43.3575019836426,-8.81168651580811,"Unknown"
"7014853",371857,2025-06-24 17:36:24,43.3498802185059,-8.77831172943115,"Unknown"
"7014853",371857,2025-06-24 17:41:24,43.355827331543,-8.74649906158447,"Unknown"
"7014853",371857,2025-06-24 17:46:25,43.3528480529785,-8.71348094940186,"Unknown"
"7014853",371857,2025-06-24 17:51:24,43.3629150390625,-8.69259452819824,"Unknown"
"7014853",371857,2025-06-24 17:56:25,43.3642692565918,-8.69334983825684,"Unknown"
"7014853",371857,2025-06-24 18:01:26,43.3648376464844,-8.69325828552246,"Unknown"
"7014853",371857,2025-06-24 18:06:25,43.3717651367188,-8.68853282928467,"Unknown"
"7014853",371857,2025-06-24 18:11:24,43.3722229003906,-8.66166400909424,"Unknown"
"7014853",371857,2025-06-24 18:16:25,43.3703575134277,-8.66438484191895,"Unknown"
"7014853",371857,2025-06-24 18:21:25,43.3767929077148,-8.64094924926758,"Unknown"
"7014853",371857,2025-06-24 18:26:24,43.3846664428711,-8.61436748504639,"Unknown"
"7014853",371857,2025-06-24 18:31:25,43.3661994934082,-8.60353851318359,"Unknown"
"7014853",371857,2025-06-24 18:36:25,43.3654327392578,-8.6007833480835,"Unknown"
"7014853",371857,2025-06-24 18:42:14,43.3632507324219,-8.59807968139648,"Unknown"
"7014853",371857,2025-06-24 18:46:25,43.3444480895996,-8.59307956695557,"Unknown"
"7014853",371857,2025-06-24 18:51:25,43.3308219909668,-8.58607387542725,"Unknown"
"7014853",371857,2025-06-24 18:56:25,43.3347511291504,-8.55293273925781,"Unknown"
"7014853",371857,2025-06-24 19:01:26,43.3487892150879,-8.52902984619141,"Unknown"
"7014853",371857,2025-06-24 19:06:25,43.3556938171387,-8.49572944641113,"Unknown"
"7014853",371857,2025-06-24 19:11:25,43.3589744567871,-8.46069526672363,"Unknown"
"7014853",371857,2025-06-24 19:21:32,43.356575012207,-8.45736503601074,"Unknown"
"7014853",371857,2025-06-24 19:26:44,43.3569526672363,-8.4569149017334,"Unknown"
"7014853",371857,2025-06-24 19:31:33,43.3565788269043,-8.45723247528076,"Unknown"
"7014853",371857,2025-06-24 19:36:33,43.3565864562988,-8.45735549926758,"Unknown"
"7014853",371857,2025-06-24 19:41:31,43.3565673828125,-8.45712852478027,"Unknown"
"7014853",371857,2025-06-24 19:46:48,43.3568954467773,-8.45650196075439,"Unknown"
"7014853",371857,2025-06-24 19:51:40,43.3562889099121,-8.45730876922607,"Unknown"
"7014853",371857,2025-06-24 19:56:34,43.3567733764648,-8.45716571807861,"Unknown"
"7014853",371857,2025-06-24 20:01:28,43.3566589355469,-8.45724678039551,"Unknown"
"7014853",371857,2025-06-24 20:06:25,43.3561325073242,-8.45704555511475,"Unknown"
"7014853",371857,2025-06-24 20:11:25,43.3479423522949,-8.43482971191406,"Unknown"
"7014853",371857,2025-06-24 20:16:25,43.3503112792969,-8.42716598510742,"Unknown"
"7014853",371857,2025-06-24 20:21:26,43.3503570556641,-8.42742156982422,"Unknown"
"7014853",371857,2025-06-24 20:26:26,43.3503456115723,-8.4275074005127,"Unknown"
"7014853",371857,2025-06-24 20:31:25,43.3509902954102,-8.42709541320801,"Unknown"
"7014853",371857,2025-06-24 20:36:26,43.3503684997559,-8.42758941650391,"Unknown"
"7014853",371857,2025-06-24 20:41:25,43.3502922058105,-8.42755699157715,"Unknown"
"7014853",371857,2025-06-24 20:46:26,43.3503456115723,-8.42754745483398,"Unknown"
"7014853",371857,2025-06-24 20:51:26,43.3502960205078,-8.4275016784668,"Unknown"
"7014853",371857,2025-06-24 20:56:25,43.3583641052246,-8.40593719482422,"Unknown"
"7014853",371857,2025-06-24 21:01:26,43.3583793640137,-8.39347457885742,"Unknown"
"7014853",371857,2025-06-24 21:04:59,43.3583183288574,-8.39349365234375,"Unknown"
"7014853",371857,2025-06-25 02:05:06,43.3602523803711,-8.40306568145752,"Unknown"
"7014853",371857,2025-06-25 05:00:59,43.3540802001953,-8.45870113372803,"Unknown"
"7014853",371857,2025-06-25 05:04:57,43.3563041687012,-8.45736503601074,"Unknown"
"7014853",371857,2025-06-25 05:09:55,43.3538284301758,-8.45856285095215,"Unknown"
"7014853",371857,2025-06-25 05:14:55,43.3548583984375,-8.45807838439941,"Unknown"
"7014853",371857,2025-06-25 05:19:56,43.3563270568848,-8.45706558227539,"Unknown"
"7014853",371857,2025-06-25 05:24:56,43.3567008972168,-8.45707988739014,"Unknown"
"7014853",371857,2025-06-25 05:29:59,43.3566589355469,-8.45731830596924,"Unknown"
"7014853",371857,2025-06-25 05:34:57,43.3564910888672,-8.4572114944458,"Unknown"
"7014853",371857,2025-06-25 05:39:55,43.3565330505371,-8.45702743530273,"Unknown"
"7014853",371857,2025-06-25 05:44:59,43.3564071655273,-8.45693683624268,"Unknown"
"7014853",371857,2025-06-25 05:49:55,43.3590698242188,-8.4647159576416,"Unknown"
"7014853",371857,2025-06-25 05:54:56,43.3522453308105,-8.47757053375244,"Unknown"
"7014853",371857,2025-06-25 06:00:29,43.3526916503906,-8.48209476470947,"Unknown"
"7014853",371857,2025-06-25 06:04:55,43.3559417724609,-8.50144100189209,"Unknown"
"7014853",371857,2025-06-25 06:10:01,43.3473434448242,-8.53155326843262,"Unknown"
"7014853",371857,2025-06-25 06:14:55,43.3383827209473,-8.55782318115234,"Unknown"
"7014853",371857,2025-06-25 06:20:00,43.3342056274414,-8.58619499206543,"Unknown"
"7014853",371857,2025-06-25 06:25:05,43.3219261169434,-8.61771202087402,"Unknown"
"7014853",371857,2025-06-25 06:30:10,43.3221244812012,-8.61414909362793,"Unknown"
"7014853",371857,2025-06-25 06:35:14,43.3222618103027,-8.61491203308105,"Unknown"
"7014853",371857,2025-06-25 06:39:59,43.3220901489258,-8.61610317230225,"Unknown"
"7014853",371857,2025-06-25 06:44:56,43.3218078613281,-8.62111186981201,"Unknown"
"7014853",371857,2025-06-25 06:50:14,43.3154106140137,-8.61133193969727,"Unknown"
"7014853",371857,2025-06-25 06:54:54,43.3190650939941,-8.64292335510254,"Unknown"
"7014853",371857,2025-06-25 06:59:55,43.3190498352051,-8.69721126556396,"Unknown"
"7014853",371857,2025-06-25 07:04:55,43.3175849914551,-8.75798892974854,"Unknown"
"7014853",371857,2025-06-25 07:09:55,43.3288116455078,-8.78797817230225,"Unknown"
"7014853",371857,2025-06-25 07:14:57,43.3471641540527,-8.81388854980469,"Unknown"
"7014853",371857,2025-06-25 07:19:57,43.3589668273926,-8.84276962280273,"Unknown"
"7014853",371857,2025-06-25 07:24:58,43.3591156005859,-8.84324359893799,"Unknown"
"7014853",371857,2025-06-25 07:30:14,43.3591575622559,-8.84355545043945,"Unknown"
"7014853",371857,2025-06-25 07:35:05,43.3590698242188,-8.84342193603516,"Unknown"
"7014853",371857,2025-06-25 07:40:12,43.3592376708984,-8.84370803833008,"Unknown"
"7014853",371857,2025-06-25 07:44:55,43.3594818115234,-8.84437561035156,"Unknown"
"7014853",371857,2025-06-25 07:49:58,43.359001159668,-8.84225940704346,"Unknown"
"7014853",371857,2025-06-25 07:55:03,43.359188079834,-8.84359645843506,"Unknown"
"7014853",371857,2025-06-25 07:59:57,43.359245300293,-8.84366607666016,"Unknown"
"7014853",371857,2025-06-25 08:04:58,43.3590240478516,-8.8430118560791,"Unknown"
"7014853",371857,2025-06-25 08:10:00,43.3592987060547,-8.84375667572021,"Unknown"
"7014853",371857,2025-06-25 08:14:58,43.3592262268066,-8.84353733062744,"Unknown"
"7014853",371857,2025-06-25 08:20:08,43.3591690063477,-8.84295845031738,"Unknown"
"7014853",371857,2025-06-25 08:25:29,43.3591651916504,-8.84373950958252,"Unknown"
"7014853",371857,2025-06-25 08:29:55,43.3591690063477,-8.84372901916504,"Unknown"
"7014853",371857,2025-06-25 08:34:55,43.3590927124023,-8.84383106231689,"Unknown"
"7014853",371857,2025-06-25 08:39:55,43.3591766357422,-8.84390735626221,"Unknown"
"7014853",371857,2025-06-25 08:44:55,43.3591041564941,-8.84383964538574,"Unknown"
"7014853",371857,2025-06-25 08:49:54,43.3591041564941,-8.8437557220459,"Unknown"
"7014853",371857,2025-06-25 08:54:56,43.3591232299805,-8.84372711181641,"Unknown"
"7014853",371857,2025-06-25 08:59:55,43.3591003417969,-8.84379196166992,"Unknown"
"7014853",371857,2025-06-25 09:04:55,43.3590431213379,-8.84383201599121,"Unknown"
"7014853",371857,2025-06-25 09:09:54,43.359130859375,-8.84368228912354,"Unknown"
"7014853",371857,2025-06-25 09:14:54,43.3591499328613,-8.8437614440918,"Unknown"
"7014853",371857,2025-06-25 09:19:55,43.3590927124023,-8.84365940093994,"Unknown"
"7014853",371857,2025-06-25 09:24:56,43.3589973449707,-8.84370136260986,"Unknown"
"7014853",371857,2025-06-25 09:29:54,43.3688011169434,-8.83676338195801,"Unknown"
"7014853",371857,2025-06-25 09:34:55,43.3736190795898,-8.79207038879395,"Unknown"
"7014853",371857,2025-06-25 09:39:56,43.3830146789551,-8.75710391998291,"Unknown"
"7014853",371857,2025-06-25 09:44:59,43.3802642822266,-8.75984668731689,"Unknown"
"7014853",371857,2025-06-25 09:49:56,43.3793296813965,-8.75797939300537,"Unknown"
"7014853",371857,2025-06-25 09:55:06,43.3663864135742,-8.71423816680908,"Unknown"
"7014853",371857,2025-06-25 10:00:03,43.3674812316895,-8.69729232788086,"Unknown"
"7014853",371857,2025-06-25 10:05:14,43.3676795959473,-8.69752883911133,"Unknown"
"7014853",371857,2025-06-25 10:09:55,43.3734321594238,-8.66735935211182,"Unknown"
"7014853",371857,2025-06-25 10:14:55,43.3755493164062,-8.62905979156494,"Unknown"
"7014853",371857,2025-06-25 10:19:57,43.3629417419434,-8.61443328857422,"Unknown"
"7014853",371857,2025-06-25 10:24:56,43.3642501831055,-8.60783386230469,"Unknown"
"7014853",371857,2025-06-25 10:29:58,43.3664512634277,-8.60270023345947,"Unknown"
"7014853",371857,2025-06-25 10:34:59,43.3659210205078,-8.60145378112793,"Unknown"
"7014853",371857,2025-06-25 10:39:57,43.3656349182129,-8.60045719146729,"Unknown"
"7014853",371857,2025-06-25 10:44:57,43.3657913208008,-8.60011005401611,"Unknown"
"7014853",371857,2025-06-25 10:50:00,43.3666152954102,-8.59945392608643,"Unknown"
"7014853",371857,2025-06-25 10:55:03,43.3667144775391,-8.59955215454102,"Unknown"
"7014853",371857,2025-06-25 11:00:04,43.3528442382812,-8.62797451019287,"Unknown"
"7014853",371857,2025-06-25 11:04:56,43.3393974304199,-8.6581859588623,"Unknown"
"7014853",371857,2025-06-25 11:10:03,43.3187446594238,-8.67983055114746,"Unknown"
"7014853",371857,2025-06-25 11:16:05,43.3187828063965,-8.69716262817383,"Unknown"
"7014853",371857,2025-06-25 11:19:57,43.3050422668457,-8.69929218292236,"Unknown"
"7014853",371857,2025-06-25 11:25:04,43.2917709350586,-8.69736671447754,"Unknown"
"7014853",371857,2025-06-25 11:29:56,43.2917404174805,-8.69720649719238,"Unknown"
"7014853",371857,2025-06-25 11:34:58,43.2918586730957,-8.69763278961182,"Unknown"
"7014853",371857,2025-06-25 11:39:59,43.2918090820312,-8.69725036621094,"Unknown"
"7014853",371857,2025-06-25 11:44:58,43.2918586730957,-8.69721412658691,"Unknown"
"7014853",371857,2025-06-25 11:49:56,43.2935600280762,-8.71757984161377,"Unknown"
"7014853",371857,2025-06-25 11:54:56,43.3035926818848,-8.75758266448975,"Unknown"
"7014853",371857,2025-06-25 11:59:56,43.3165550231934,-8.79134750366211,"Unknown"
"7014853",371857,2025-06-25 12:04:57,43.3273773193359,-8.81470680236816,"Unknown"
"7014853",371857,2025-06-25 12:10:06,43.3446655273438,-8.82239151000977,"Unknown"
"7014853",371857,2025-06-25 12:14:56,43.3616142272949,-8.84029293060303,"Unknown"
"7014853",371857,2025-06-25 12:19:59,43.3591804504395,-8.84329223632812,"Unknown"
"7014853",371857,2025-06-25 12:24:56,43.3591041564941,-8.84325695037842,"Unknown"
"7014853",371857,2025-06-25 12:29:56,43.3592414855957,-8.84344387054443,"Unknown"
"7014853",371857,2025-06-25 12:34:56,43.3591690063477,-8.84340286254883,"Unknown"
"7014853",371857,2025-06-25 12:40:14,43.3592758178711,-8.84335517883301,"Unknown"
"7014853",371857,2025-06-25 12:44:59,43.3590507507324,-8.84353065490723,"Unknown"
"7014853",371857,2025-06-25 12:50:19,43.3594627380371,-8.84329509735107,"Unknown"
"7014853",371857,2025-06-25 12:55:00,43.3592147827148,-8.84341430664062,"Unknown"
"7014853",371857,2025-06-25 13:00:15,43.3593482971191,-8.84348392486572,"Unknown"
"7014853",371857,2025-06-25 13:05:00,43.359130859375,-8.84379100799561,"Unknown"
"7014853",371857,2025-06-25 13:10:10,43.3591461181641,-8.84335231781006,"Unknown"
"7014853",371857,2025-06-25 13:14:58,43.3591728210449,-8.84341049194336,"Unknown"
"7014853",371857,2025-06-25 13:19:56,43.3591575622559,-8.84338188171387,"Unknown"
"7014853",371857,2025-06-25 13:25:00,43.359058380127,-8.84342575073242,"Unknown"
"7014853",371857,2025-06-25 13:29:58,43.3592376708984,-8.84354686737061,"Unknown"
"7014853",371857,2025-06-25 13:34:58,43.3593902587891,-8.84341812133789,"Unknown"
"7014853",371857,2025-06-25 13:40:01,43.3588714599609,-8.843825340271,"Unknown"
"7014853",371857,2025-06-25 13:44:59,43.3591194152832,-8.84348583221436,"Unknown"
"7014853",371857,2025-06-25 13:50:11,43.3591537475586,-8.84344863891602,"Unknown"
"7014853",371857,2025-06-25 13:54:57,43.3593292236328,-8.84352779388428,"Unknown"
"7014853",371857,2025-06-25 13:59:57,43.3580665588379,-8.84288311004639,"Unknown"
"7014853",371857,2025-06-25 14:04:57,43.3592262268066,-8.8433780670166,"Unknown"
"7014853",371857,2025-06-25 14:09:57,43.3592224121094,-8.84322643280029,"Unknown"
"7014853",371857,2025-06-25 14:14:57,43.3592987060547,-8.84357166290283,"Unknown"
"7014853",371857,2025-06-25 14:20:03,43.3587646484375,-8.84381771087646,"Unknown"
"7014853",371857,2025-06-25 14:25:09,43.3590278625488,-8.84378910064697,"Unknown"
"7014853",371857,2025-06-25 14:30:06,43.3588829040527,-8.84374809265137,"Unknown"
"7014853",371857,2025-06-25 14:35:06,43.3590202331543,-8.84375858306885,"Unknown"
"7014853",371857,2025-06-25 14:40:14,43.3593673706055,-8.8431396484375,"Unknown"
"7014853",371857,2025-06-25 14:45:00,43.3594818115234,-8.843505859375,"Unknown"
"7014853",371857,2025-06-25 14:50:07,43.359447479248,-8.84309387207031,"Unknown"
"7014853",371857,2025-06-25 14:55:08,43.3595657348633,-8.84306621551514,"Unknown"
"7014853",371857,2025-06-25 15:00:03,43.3596153259277,-8.84335708618164,"Unknown"
"7014853",371857,2025-06-25 15:05:11,43.3592185974121,-8.84354209899902,"Unknown"
"7014853",371857,2025-06-25 15:10:06,43.3592414855957,-8.84345054626465,"Unknown"
"7014853",371857,2025-06-25 15:15:00,43.3594284057617,-8.84386253356934,"Unknown"
"7014853",371857,2025-06-25 15:19:58,43.3590888977051,-8.84329223632812,"Unknown"
"7014853",371857,2025-06-25 15:25:01,43.3592262268066,-8.84341430664062,"Unknown"
"7014853",371857,2025-06-25 15:29:59,43.359317779541,-8.84371185302734,"Unknown"
"7014853",371857,2025-06-25 15:35:14,43.3591117858887,-8.84352874755859,"Unknown"
"7014853",371857,2025-06-25 15:40:00,43.3727226257324,-8.82171535491943,"Unknown"
"7014853",371857,2025-06-25 15:45:14,43.3760566711426,-8.7618465423584,"Unknown"
"7014853",371857,2025-06-25 15:50:04,43.367431640625,-8.6833610534668,"Unknown"
"7014853",371857,2025-06-25 15:54:58,43.3584861755371,-8.64040088653564,"Unknown"
"7014853",371857,2025-06-25 16:01:20,43.3590660095215,-8.63921737670898,"Unknown"
"7014853",371857,2025-06-25 16:04:56,43.3585319519043,-8.63937282562256,"Unknown"
"7014853",371857,2025-06-25 16:09:57,43.3576812744141,-8.64743328094482,"Unknown"
"7014853",371857,2025-06-25 16:14:55,43.3453407287598,-8.66434383392334,"Unknown"
"7014853",371857,2025-06-25 16:19:56,43.3292427062988,-8.68581199645996,"Unknown"
"7014853",371857,2025-06-25 16:24:56,43.318775177002,-8.69518184661865,"Unknown"
"7014853",371857,2025-06-25 16:29:56,43.3177490234375,-8.72263622283936,"Unknown"
"7014853",371857,2025-06-25 16:34:56,43.3075561523438,-8.74419784545898,"Unknown"
"7014853",371857,2025-06-25 16:40:06,43.300106048584,-8.7649393081665,"Unknown"
"7014853",371857,2025-06-25 16:45:07,43.3113479614258,-8.79620552062988,"Unknown"
"7014853",371857,2025-06-25 16:49:56,43.3228416442871,-8.81368541717529,"Unknown"
"7014853",371857,2025-06-25 16:54:58,43.3407211303711,-8.83128261566162,"Unknown"
"7014853",371857,2025-06-25 17:00:00,43.359016418457,-8.84626388549805,"Unknown"
"7014853",371857,2025-06-25 17:05:01,43.3592834472656,-8.84359264373779,"Unknown"
"7014853",371857,2025-06-25 17:09:59,43.3592987060547,-8.8437032699585,"Unknown"
"7014853",371857,2025-06-25 17:15:00,43.3593635559082,-8.84384918212891,"Unknown"
"7014853",371857,2025-06-25 17:20:04,43.3593673706055,-8.84380626678467,"Unknown"
"7014853",371857,2025-06-25 17:25:06,43.3593788146973,-8.84383583068848,"Unknown"
"7014853",371857,2025-06-25 17:30:07,43.3593978881836,-8.84394359588623,"Unknown"
"7014853",371857,2025-06-25 17:35:12,43.3592185974121,-8.84352207183838,"Unknown"
"7014853",371857,2025-06-25 17:39:58,43.3590965270996,-8.84332275390625,"Unknown"
"7014853",371857,2025-06-25 17:45:01,43.3590698242188,-8.843337059021,"Unknown"
"7014853",371857,2025-06-25 17:49:58,43.3591270446777,-8.8433952331543,"Unknown"
"7014853",371857,2025-06-25 17:55:04,43.3590507507324,-8.84326076507568,"Unknown"
"7014853",371857,2025-06-25 18:00:42,43.3607902526855,-8.84595012664795,"Unknown"
"7014853",371857,2025-06-25 18:05:01,43.3590774536133,-8.84357261657715,"Unknown"
"7014853",371857,2025-06-25 18:09:59,43.3593063354492,-8.84370136260986,"Unknown"
"7014853",371857,2025-06-25 18:14:58,43.3589897155762,-8.84337520599365,"Unknown"
"7014853",371857,2025-06-25 18:19:59,43.3591575622559,-8.84351539611816,"Unknown"
"7014853",371857,2025-06-25 18:25:01,43.3590888977051,-8.84264373779297,"Unknown"
"7014853",371857,2025-06-25 18:29:58,43.3642349243164,-8.82828330993652,"Unknown"
"7014853",371857,2025-06-25 18:35:14,43.3691062927246,-8.76886558532715,"Unknown"
"7014853",371857,2025-06-25 18:40:00,43.3777389526367,-8.70212459564209,"Unknown"
"7014853",371857,2025-06-25 18:45:13,43.3714599609375,-8.66030788421631,"Unknown"
"7014853",371857,2025-06-25 18:50:01,43.3718070983887,-8.65946865081787,"Unknown"
"7014853",371857,2025-06-25 18:55:04,43.3717803955078,-8.65965461730957,"Unknown"
"7014853",371857,2025-06-25 19:00:00,43.3750381469727,-8.65174198150635,"Unknown"
"7014853",371857,2025-06-25 19:05:03,43.3884506225586,-8.64003944396973,"Unknown"
"7014853",371857,2025-06-25 19:09:58,43.3872604370117,-8.63678932189941,"Unknown"
"7014853",371857,2025-06-25 19:14:59,43.3839569091797,-8.62893867492676,"Unknown"
"7014853",371857,2025-06-25 19:19:57,43.3601188659668,-8.58412837982178,"Unknown"
"7014853",371857,2025-06-25 19:25:01,43.3526420593262,-8.57419109344482,"Unknown"
"7014853",371857,2025-06-25 19:30:33,43.3536262512207,-8.57446193695068,"Unknown"
"7014853",371857,2025-06-25 19:35:03,43.3541793823242,-8.5737771987915,"Unknown"
"7014853",371857,2025-06-25 19:39:58,43.3546829223633,-8.57337665557861,"Unknown"
"7014853",371857,2025-06-25 19:45:06,43.3547134399414,-8.57330417633057,"Unknown"
"7014853",371857,2025-06-25 19:50:08,43.3556938171387,-8.57276725769043,"Unknown"
"7014853",371857,2025-06-25 19:55:07,43.3563270568848,-8.57265663146973,"Unknown"
"7014853",371857,2025-06-25 20:00:05,43.357250213623,-8.57251930236816,"Unknown"
"7014853",371857,2025-06-25 20:05:03,43.3576240539551,-8.57264137268066,"Unknown"
"7014853",371857,2025-06-25 20:09:58,43.3544731140137,-8.59216499328613,"Unknown"
"7014853",371857,2025-06-25 20:15:29,43.3505401611328,-8.62902450561523,"Unknown"
"7014853",371857,2025-06-25 20:19:57,43.3497200012207,-8.62695598602295,"Unknown"
"7014853",371857,2025-06-25 20:24:56,43.3489646911621,-8.63372230529785,"Unknown"
"7014853",371857,2025-06-25 20:29:58,43.3496475219727,-8.63391017913818,"Unknown"
"7014853",371857,2025-06-25 20:34:59,43.3504524230957,-8.64606952667236,"Unknown"
"7014853",371857,2025-06-25 20:39:58,43.3487167358398,-8.66277503967285,"Unknown"
"7014853",371857,2025-06-25 20:44:57,43.3483085632324,-8.66296291351318,"Unknown"
"7014853",371857,2025-06-25 20:49:58,43.3474540710449,-8.66231536865234,"Unknown"
"7014853",371857,2025-06-25 20:55:06,43.3472671508789,-8.66339492797852,"Unknown"
"7014853",371857,2025-06-25 20:59:57,43.3481140136719,-8.663254737854,"Unknown"
"7014853",371857,2025-06-25 21:06:13,43.3573112487793,-8.66432189941406,"Unknown"
"7014853",371857,2025-06-26 02:06:35,43.3310089111328,-8.61816024780273,"Unknown"
"7014853",371857,2025-06-26 05:01:57,43.3519058227539,-8.58938598632812,"Unknown"
"7014853",371857,2025-06-26 05:06:14,43.3416519165039,-8.58092498779297,"Unknown"
"7014853",371857,2025-06-26 05:11:17,43.3418159484863,-8.58194160461426,"Unknown"
"7014853",371857,2025-06-26 05:16:22,43.3420829772949,-8.58214473724365,"Unknown"
"7014853",371857,2025-06-26 05:21:14,43.3302612304688,-8.58859920501709,"Unknown"
"7014853",371857,2025-06-26 05:26:35,43.3338050842285,-8.59265899658203,"Unknown"
"7014853",371857,2025-06-26 05:31:16,43.3423538208008,-8.58319854736328,"Unknown"
"7014853",371857,2025-06-26 05:36:16,43.3429756164551,-8.58313083648682,"Unknown"
"7014853",371857,2025-06-26 05:41:16,43.3432350158691,-8.58254432678223,"Unknown"
"7014853",371857,2025-06-26 05:46:16,43.3439254760742,-8.58273315429688,"Unknown"
"7014853",371857,2025-06-26 05:51:14,43.3446273803711,-8.58320140838623,"Unknown"
"7014853",371857,2025-06-26 05:56:19,43.3460960388184,-8.58151817321777,"Unknown"
"7014853",371857,2025-06-26 06:01:22,43.352123260498,-8.56247425079346,"Unknown"
"7014853",371857,2025-06-26 06:06:16,43.3600120544434,-8.54543876647949,"Unknown"
"7014853",371857,2025-06-26 06:11:19,43.3657722473145,-8.53112697601318,"Unknown"
"7014853",371857,2025-06-26 06:16:21,43.3686714172363,-8.52329635620117,"Unknown"
"7014853",371857,2025-06-26 06:21:15,43.3546028137207,-8.51750373840332,"Unknown"
"7014853",371857,2025-06-26 06:26:23,43.3506278991699,-8.52693748474121,"Unknown"
"7014853",371857,2025-06-26 06:31:40,43.3516578674316,-8.52698421478271,"Unknown"
"7014853",371857,2025-06-26 06:36:29,43.3494453430176,-8.52645778656006,"Unknown"
"7014853",371857,2025-06-26 06:41:17,43.3494186401367,-8.52644729614258,"Unknown"
"7014853",371857,2025-06-26 06:46:26,43.3560333251953,-8.50179100036621,"Unknown"
"7014853",371857,2025-06-26 06:51:19,43.3657379150391,-8.47124576568604,"Unknown"
"7014853",371857,2025-06-26 06:56:35,43.3566780090332,-8.45709037780762,"Unknown"
"7014853",371857,2025-06-26 07:01:21,43.3566970825195,-8.45724201202393,"Unknown"
"7014853",371857,2025-06-26 07:06:16,43.3564109802246,-8.45704364776611,"Unknown"
"7014853",371857,2025-06-26 07:11:15,43.3566017150879,-8.4573802947998,"Unknown"
"7014853",371857,2025-06-26 07:17:02,43.3565711975098,-8.45706748962402,"Unknown"
"7014853",371857,2025-06-26 07:21:15,43.3564872741699,-8.4571475982666,"Unknown"
"7014853",371857,2025-06-26 07:26:14,43.3564300537109,-8.45716857910156,"Unknown"
"7014853",371857,2025-06-26 07:31:15,43.3563003540039,-8.45707225799561,"Unknown"
"7014853",371857,2025-06-26 07:36:13,43.3563385009766,-8.45721530914307,"Unknown"
"7014853",371857,2025-06-26 07:41:15,43.3563842773438,-8.4570837020874,"Unknown"
"7014853",371857,2025-06-26 07:46:15,43.3563117980957,-8.45699119567871,"Unknown"
"7014853",371857,2025-06-26 07:51:16,43.3566093444824,-8.45731163024902,"Unknown"
"7014853",371857,2025-06-26 07:56:17,43.3563957214355,-8.45703887939453,"Unknown"
"7014853",371857,2025-06-26 08:01:15,43.3563385009766,-8.45709037780762,"Unknown"
"7014853",371857,2025-06-26 08:06:14,43.3563995361328,-8.45700263977051,"Unknown"
"7014853",371857,2025-06-26 08:11:18,43.3564224243164,-8.45703506469727,"Unknown"
"7014853",371857,2025-06-26 08:20:39,43.355281829834,-8.45763397216797,"Unknown"
"7014853",371857,2025-06-26 08:21:35,43.3538436889648,-8.45836448669434,"Unknown"
"7014853",371857,2025-06-26 08:32:30,43.3542175292969,-8.45882511138916,"Unknown"
"7014853",371857,2025-06-26 08:36:14,43.356086730957,-8.45810127258301,"Unknown"
"7014853",371857,2025-06-26 08:41:19,43.3561859130859,-8.4581241607666,"Unknown"
"7014853",371857,2025-06-26 08:46:15,43.3561553955078,-8.45812797546387,"Unknown"
"7014853",371857,2025-06-26 08:51:13,43.3560905456543,-8.45816802978516,"Unknown"
"7014853",371857,2025-06-26 08:56:14,43.3561935424805,-8.45794296264648,"Unknown"
"7014853",371857,2025-06-26 09:01:14,43.3561325073242,-8.45777034759521,"Unknown"
"7014853",371857,2025-06-26 09:06:14,43.3562126159668,-8.45809078216553,"Unknown"
"7014853",371857,2025-06-26 09:11:14,43.3549308776855,-8.47178649902344,"Unknown"
"7014853",371857,2025-06-26 09:16:21,43.3528594970703,-8.47757053375244,"Unknown"
"7014853",371857,2025-06-26 09:21:16,43.3544464111328,-8.4923210144043,"Unknown"
"7014853",371857,2025-06-26 09:26:15,43.3528022766113,-8.52240943908691,"Unknown"
"7014853",371857,2025-06-26 09:31:15,43.3503265380859,-8.52593040466309,"Unknown"
"7014853",371857,2025-06-26 09:36:15,43.350170135498,-8.52538108825684,"Unknown"
"7014853",371857,2025-06-26 09:41:15,43.3504333496094,-8.52602958679199,"Unknown"
"7014853",371857,2025-06-26 09:46:15,43.3504333496094,-8.52591896057129,"Unknown"
"7014853",371857,2025-06-26 09:51:15,43.3500175476074,-8.54637336730957,"Unknown"
"7014853",371857,2025-06-26 09:56:14,43.3416290283203,-8.5863733291626,"Unknown"
"7014853",371857,2025-06-26 10:01:18,43.3162155151367,-8.60969829559326,"Unknown"
"7014853",371857,2025-06-26 10:06:24,43.3144149780273,-8.61928081512451,"Unknown"
"7014853",371857,2025-06-26 10:11:32,43.3039512634277,-8.6537504196167,"Unknown"
"7014853",371857,2025-06-26 10:16:13,43.2983551025391,-8.69107246398926,"Unknown"
"7014853",371857,2025-06-26 10:21:19,43.2929801940918,-8.69791793823242,"Unknown"
"7014853",371857,2025-06-26 10:26:17,43.2929077148438,-8.69801139831543,"Unknown"
"7014853",371857,2025-06-26 10:31:16,43.2931060791016,-8.69764709472656,"Unknown"
"7014853",371857,2025-06-26 10:36:16,43.2929611206055,-8.69762992858887,"Unknown"
"7014853",371857,2025-06-26 10:42:01,43.3074264526367,-8.74617481231689,"Unknown"
"7014853",371857,2025-06-26 10:46:13,43.3208541870117,-8.77737045288086,"Unknown"
"7014853",371857,2025-06-26 10:51:23,43.3167915344238,-8.79660606384277,"Unknown"
"7014853",371857,2025-06-26 10:56:13,43.3267097473145,-8.81115627288818,"Unknown"
"7014853",371857,2025-06-26 11:01:16,43.3437194824219,-8.83487319946289,"Unknown"
"7014853",371857,2025-06-26 11:06:17,43.3590812683105,-8.84327793121338,"Unknown"
"7014853",371857,2025-06-26 11:11:16,43.3592796325684,-8.84360790252686,"Unknown"
"7014853",371857,2025-06-26 11:16:16,43.3591423034668,-8.84337902069092,"Unknown"
"7014853",371857,2025-06-26 11:21:17,43.3592567443848,-8.84338665008545,"Unknown"
"7014853",371857,2025-06-26 11:26:27,43.3592147827148,-8.84352111816406,"Unknown"
"7014853",371857,2025-06-26 11:31:52,43.359188079834,-8.84344863891602,"Unknown"
"7014853",371857,2025-06-26 11:36:51,43.3592262268066,-8.84352779388428,"Unknown"
"7014853",371857,2025-06-26 11:41:16,43.3592796325684,-8.84348201751709,"Unknown"
"7014853",371857,2025-06-26 11:46:14,43.359260559082,-8.84345626831055,"Unknown"
"7014853",371857,2025-06-26 11:51:15,43.3592071533203,-8.84348583221436,"Unknown"
"7014853",371857,2025-06-26 11:56:13,43.3592338562012,-8.84346294403076,"Unknown"
"7014853",371857,2025-06-26 12:01:13,43.3590393066406,-8.84340190887451,"Unknown"
"7014853",371857,2025-06-26 12:06:13,43.3591461181641,-8.84345817565918,"Unknown"
"7014853",371857,2025-06-26 12:11:14,43.3591728210449,-8.84351921081543,"Unknown"
"7014853",371857,2025-06-26 12:16:17,43.3591384887695,-8.84355163574219,"Unknown"
"7014853",371857,2025-06-26 12:21:13,43.3600234985352,-8.84303760528564,"Unknown"
"7014853",371857,2025-06-26 12:26:14,43.3592109680176,-8.8435583114624,"Unknown"
"7014853",371857,2025-06-26 12:31:14,43.3592758178711,-8.84347438812256,"Unknown"
"7014853",371857,2025-06-26 12:36:15,43.3593673706055,-8.84331607818604,"Unknown"
"7014853",371857,2025-06-26 12:41:16,43.3592185974121,-8.84349822998047,"Unknown"
"7014853",371857,2025-06-26 12:46:15,43.3593292236328,-8.84340763092041,"Unknown"
"7014853",371857,2025-06-26 12:51:27,43.3588218688965,-8.84349918365479,"Unknown"
"7014853",371857,2025-06-26 12:56:13,43.3597755432129,-8.84360885620117,"Unknown"
"7014853",371857,2025-06-26 13:01:17,43.3590278625488,-8.84365653991699,"Unknown"
"7014853",371857,2025-06-26 13:06:16,43.3589668273926,-8.84366035461426,"Unknown"
"7014853",371857,2025-06-26 13:11:14,43.3598709106445,-8.84375190734863,"Unknown"
"7014853",371857,2025-06-26 13:16:15,43.3591117858887,-8.84356307983398,"Unknown"
"7014853",371857,2025-06-26 13:21:16,43.359016418457,-8.84355926513672,"Unknown"
"7014853",371857,2025-06-26 13:26:16,43.3589019775391,-8.84345436096191,"Unknown"
"7014853",371857,2025-06-26 13:31:16,43.3590698242188,-8.84346961975098,"Unknown"
"7014853",371857,2025-06-26 13:36:21,43.3591613769531,-8.8436222076416,"Unknown"
"7014853",371857,2025-06-26 13:41:16,43.3590545654297,-8.84342384338379,"Unknown"
"7014853",371857,2025-06-26 13:46:17,43.3589134216309,-8.84351062774658,"Unknown"
"7014853",371857,2025-06-26 13:51:22,43.3591079711914,-8.84337997436523,"Unknown"
"7014853",371857,2025-06-26 13:56:53,43.3592109680176,-8.84348583221436,"Unknown"
"7014853",371857,2025-06-26 14:01:53,43.3592185974121,-8.84347534179688,"Unknown"
"7014853",371857,2025-06-26 14:06:15,43.3591995239258,-8.84346961975098,"Unknown"
"7014853",371857,2025-06-26 14:11:18,43.3592300415039,-8.84355640411377,"Unknown"
"7014853",371857,2025-06-26 14:16:15,43.3591995239258,-8.84359359741211,"Unknown"
"7014853",371857,2025-06-26 14:21:28,43.3592071533203,-8.84351062774658,"Unknown"
"7014853",371857,2025-06-26 14:26:18,43.3592414855957,-8.84364318847656,"Unknown"
"7014853",371857,2025-06-26 14:31:17,43.359260559082,-8.84360790252686,"Unknown"
"7014853",371857,2025-06-26 14:36:17,43.3592224121094,-8.84353446960449,"Unknown"
"7014853",371857,2025-06-26 14:41:43,43.3592681884766,-8.843505859375,"Unknown"
"7014853",371857,2025-06-26 14:46:16,43.3591766357422,-8.84331035614014,"Unknown"
"7014853",371857,2025-06-26 14:51:16,43.3592147827148,-8.84352111816406,"Unknown"
"7014853",371857,2025-06-26 14:56:16,43.3591690063477,-8.84347724914551,"Unknown"
"7014853",371857,2025-06-26 15:01:17,43.3591461181641,-8.84350490570068,"Unknown"
"7014853",371857,2025-06-26 15:06:19,43.3594207763672,-8.84367084503174,"Unknown"
"7014853",371857,2025-06-26 15:11:18,43.3595390319824,-8.84390735626221,"Unknown"
"7014853",371857,2025-06-26 15:16:16,43.3592910766602,-8.8434886932373,"Unknown"
"7014853",371857,2025-06-26 15:21:17,43.3594970703125,-8.84380531311035,"Unknown"
"7014853",371857,2025-06-26 15:26:23,43.3592338562012,-8.84348583221436,"Unknown"
"7014853",371857,2025-06-26 15:31:19,43.3594131469727,-8.8436164855957,"Unknown"
"7014853",371857,2025-06-26 15:36:19,43.3594169616699,-8.84359741210938,"Unknown"
"7014853",371857,2025-06-26 15:41:17,43.3595314025879,-8.84353923797607,"Unknown"
"7014853",371857,2025-06-26 15:46:20,43.3592987060547,-8.84354400634766,"Unknown"
"7014853",371857,2025-06-26 15:51:19,43.3594589233398,-8.84364318847656,"Unknown"
"7014853",371857,2025-06-26 15:56:19,43.3594551086426,-8.84343338012695,"Unknown"
"7014853",371857,2025-06-26 16:01:35,43.3593330383301,-8.84356784820557,"Unknown"
"7014853",371857,2025-06-26 16:06:20,43.359302520752,-8.843581199646,"Unknown"
"7014853",371857,2025-06-26 16:11:15,43.3591651916504,-8.84332084655762,"Unknown"
"7014853",371857,2025-06-26 16:16:45,43.3591537475586,-8.84333038330078,"Unknown"
"7014853",371857,2025-06-26 16:21:25,43.359260559082,-8.84345245361328,"Unknown"
"7014853",371857,2025-06-26 16:26:18,43.3592071533203,-8.84347534179688,"Unknown"
"7014853",371857,2025-06-26 16:31:14,43.359245300293,-8.84348773956299,"Unknown"
"7014853",371857,2025-06-26 16:37:32,43.3591041564941,-8.8434476852417,"Unknown"
"7014853",371857,2025-06-26 16:41:15,43.359302520752,-8.84347343444824,"Unknown"
"7014853",371857,2025-06-26 16:46:17,43.3593368530273,-8.84338092803955,"Unknown"
"7014853",371857,2025-06-26 16:51:16,43.3594512939453,-8.84323978424072,"Unknown"
"7014853",371857,2025-06-26 16:56:19,43.3594627380371,-8.84333610534668,"Unknown"
"7014853",371857,2025-06-26 17:01:19,43.3593444824219,-8.84330940246582,"Unknown"
"7014853",371857,2025-06-26 17:06:27,43.3592758178711,-8.84357929229736,"Unknown"
"7014853",371857,2025-06-26 17:11:18,43.3591346740723,-8.84359169006348,"Unknown"
"7014853",371857,2025-06-26 17:16:19,43.3593139648438,-8.84348678588867,"Unknown"
"7014853",371857,2025-06-26 17:21:25,43.3592720031738,-8.84347057342529,"Unknown"
"7014853",371857,2025-06-26 17:26:15,43.3593711853027,-8.84317970275879,"Unknown"
"7014853",371857,2025-06-26 17:31:30,43.3591995239258,-8.84351634979248,"Unknown"
"7014853",371857,2025-06-26 17:37:38,43.3607635498047,-8.84408092498779,"Unknown"
"7014853",371857,2025-06-26 17:41:17,43.3628387451172,-8.8456563949585,"Unknown"
"7014853",371857,2025-06-26 17:47:38,43.3613128662109,-8.84391498565674,"Unknown"
"7014853",371857,2025-06-26 17:51:44,43.3610916137695,-8.84414768218994,"Unknown"
"7014853",371857,2025-06-26 17:56:15,43.361083984375,-8.84405422210693,"Unknown"
"7014853",371857,2025-06-26 18:02:05,43.3611450195312,-8.8439826965332,"Unknown"
"7014853",371857,2025-06-26 18:06:18,43.3615264892578,-8.84387683868408,"Unknown"
"7014853",371857,2025-06-26 18:11:18,43.3610877990723,-8.84399890899658,"Unknown"
"7014853",371857,2025-06-26 18:16:15,43.3613204956055,-8.84400653839111,"Unknown"
"7014853",371857,2025-06-26 18:21:18,43.3613891601562,-8.84403991699219,"Unknown"
"7014853",371857,2025-06-26 18:26:17,43.3614387512207,-8.84451484680176,"Unknown"
"7014853",371857,2025-06-26 18:31:18,43.3607597351074,-8.84318733215332,"Unknown"
"7014853",371857,2025-06-26 18:36:16,43.359245300293,-8.84362316131592,"Unknown"
"7014853",371857,2025-06-26 18:41:17,43.3593330383301,-8.8437385559082,"Unknown"
"7014853",371857,2025-06-26 18:46:15,43.3593711853027,-8.84368228912354,"Unknown"
"7014853",371857,2025-06-26 18:51:15,43.3593711853027,-8.84359836578369,"Unknown"
"7014853",371857,2025-06-26 18:56:16,43.3593330383301,-8.84348964691162,"Unknown"
"7014853",371857,2025-06-26 19:01:15,43.359260559082,-8.84362983703613,"Unknown"
"7014853",371857,2025-06-26 19:06:15,43.3592681884766,-8.84359741210938,"Unknown"
"7014853",371857,2025-06-26 19:11:17,43.3593788146973,-8.84355163574219,"Unknown"
"7014853",371857,2025-06-26 19:16:15,43.3593215942383,-8.84356784820557,"Unknown"
"7014853",371857,2025-06-26 19:21:19,43.3592758178711,-8.84365749359131,"Unknown"
"7014853",371857,2025-06-26 19:26:15,43.3592376708984,-8.84361267089844,"Unknown"
"7014853",371857,2025-06-26 19:31:15,43.359203338623,-8.84356212615967,"Unknown"
"7014853",371857,2025-06-26 19:36:16,43.3591651916504,-8.84352397918701,"Unknown"
"7014853",371857,2025-06-26 19:41:15,43.359203338623,-8.84361457824707,"Unknown"
"7014853",371857,2025-06-26 19:46:20,43.359245300293,-8.8436393737793,"Unknown"
"7014853",371857,2025-06-26 19:51:15,43.3592224121094,-8.84350204467773,"Unknown"
"7014853",371857,2025-06-26 19:56:15,43.3592338562012,-8.84351348876953,"Unknown"
"7014853",371857,2025-06-26 20:01:19,43.3591842651367,-8.84353828430176,"Unknown"
"7014853",371857,2025-06-26 20:06:18,43.359245300293,-8.84377574920654,"Unknown"
"7014853",371857,2025-06-26 20:11:15,43.359203338623,-8.84346771240234,"Unknown"
"7014853",371857,2025-06-26 20:16:35,43.3591728210449,-8.84353923797607,"Unknown"
"7014853",371857,2025-06-26 20:21:17,43.3591156005859,-8.84350967407227,"Unknown"
"7014853",371857,2025-06-26 20:26:16,43.3592224121094,-8.84349727630615,"Unknown"
"7014853",371857,2025-06-26 20:31:20,43.3591575622559,-8.84330749511719,"Unknown"
"7014853",371857,2025-06-26 20:36:20,43.3592491149902,-8.84340763092041,"Unknown"
"7014853",371857,2025-06-26 20:41:15,43.3591194152832,-8.84328079223633,"Unknown"
"7014853",371857,2025-06-26 20:46:19,43.359260559082,-8.84336566925049,"Unknown"
"7014853",371857,2025-06-26 20:51:15,43.3530502319336,-8.8613920211792,"Unknown"
"7014853",371857,2025-06-26 20:56:25,43.3516311645508,-8.86269378662109,"Unknown"
"7014853",371857,2025-06-26 21:01:18,43.352108001709,-8.86271381378174,"Unknown"
"7014853",371857,2025-06-26 21:06:53,43.3492393493652,-8.8683967590332,"Unknown"
"7014853",371857,2025-06-27 02:07:15,43.3592071533203,-8.84337520599365,"Unknown"
"7014853",371857,2025-06-27 05:03:35,43.3575172424316,-8.87955570220947,"Unknown"
"7014853",371857,2025-06-27 05:07:39,43.3635864257812,-8.88171863555908,"Unknown"
"7014853",371857,2025-06-27 05:12:47,43.3516387939453,-8.88920307159424,"Unknown"
"7014853",371857,2025-06-27 05:17:46,43.3574714660645,-8.86915397644043,"Unknown"
"7014853",371857,2025-06-27 05:22:34,43.3467559814453,-8.86899280548096,"Unknown"
"7014853",371857,2025-06-27 05:27:40,43.326545715332,-8.86055374145508,"Unknown"
"7014853",371857,2025-06-27 05:32:39,43.3142700195312,-8.85688591003418,"Unknown"
"7014853",371857,2025-06-27 05:37:40,43.3122100830078,-8.85715579986572,"Unknown"
"7014853",371857,2025-06-27 05:42:40,43.3138771057129,-8.85706043243408,"Unknown"
"7014853",371857,2025-06-27 05:48:05,43.3138885498047,-8.85696315765381,"Unknown"
"7014853",371857,2025-06-27 05:52:39,43.3154983520508,-8.85892868041992,"Unknown"
"7014853",371857,2025-06-27 05:57:42,43.3154602050781,-8.85892486572266,"Unknown"
"7014853",371857,2025-06-27 06:02:41,43.3155860900879,-8.85897445678711,"Unknown"
"7014853",371857,2025-06-27 06:08:13,43.3168258666992,-8.85783290863037,"Unknown"
"7014853",371857,2025-06-27 06:13:57,43.3198585510254,-8.84488010406494,"Unknown"
"7014853",371857,2025-06-27 06:17:39,43.3198738098145,-8.84492206573486,"Unknown"
"7014853",371857,2025-06-27 06:22:40,43.3199577331543,-8.84493160247803,"Unknown"
"7014853",371857,2025-06-27 06:27:42,43.3195266723633,-8.84498596191406,"Unknown"
"7014853",371857,2025-06-27 06:32:39,43.3193588256836,-8.84479427337646,"Unknown"
"7014853",371857,2025-06-27 06:37:41,43.3195877075195,-8.8449125289917,"Unknown"
"7014853",371857,2025-06-27 06:42:39,43.3195953369141,-8.844970703125,"Unknown"
"7014853",371857,2025-06-27 06:48:05,43.3196029663086,-8.8450174331665,"Unknown"
"7014853",371857,2025-06-27 06:52:38,43.3194808959961,-8.84484672546387,"Unknown"
"7014853",371857,2025-06-27 06:57:40,43.3195533752441,-8.84502506256104,"Unknown"
"7014853",371857,2025-06-27 07:02:33,43.3196601867676,-8.84538745880127,"Unknown"
"7014853",371857,2025-06-27 07:07:33,43.3195533752441,-8.8453197479248,"Unknown"
"7014853",371857,2025-06-27 07:12:36,43.3196258544922,-8.84532356262207,"Unknown"
"7014853",371857,2025-06-27 07:17:39,43.3194198608398,-8.84543514251709,"Unknown"
"7014853",371857,2025-06-27 07:22:41,43.3195610046387,-8.84541893005371,"Unknown"
"7014853",371857,2025-06-27 07:27:34,43.3195533752441,-8.84534740447998,"Unknown"
"7014853",371857,2025-06-27 07:33:05,43.3195838928223,-8.84539318084717,"Unknown"
"7014853",371857,2025-06-27 07:37:34,43.3196029663086,-8.8454647064209,"Unknown"
"7014853",371857,2025-06-27 07:42:33,43.319580078125,-8.84541988372803,"Unknown"
"7014853",371857,2025-06-27 07:47:33,43.3195457458496,-8.84540367126465,"Unknown"
"7014853",371857,2025-06-27 07:52:36,43.3194694519043,-8.84547710418701,"Unknown"
"7014853",371857,2025-06-27 07:57:33,43.3195304870605,-8.84541702270508,"Unknown"
"7014853",371857,2025-06-27 08:02:33,43.319450378418,-8.8454532623291,"Unknown"
"7014853",371857,2025-06-27 08:07:33,43.3194770812988,-8.84542846679688,"Unknown"
"7014853",371857,2025-06-27 08:12:35,43.319709777832,-8.84561634063721,"Unknown"
"7014853",371857,2025-06-27 08:17:33,43.3388328552246,-8.84981536865234,"Unknown"
"7014853",371857,2025-06-27 08:22:34,43.3592071533203,-8.84346771240234,"Unknown"
"7014853",371857,2025-06-27 08:27:36,43.359188079834,-8.84351444244385,"Unknown"
"7014853",371857,2025-06-27 08:32:34,43.3591918945312,-8.84348106384277,"Unknown"
"7014853",371857,2025-06-27 08:37:34,43.3592109680176,-8.84348773956299,"Unknown"
"7014853",371857,2025-06-27 08:42:34,43.3590965270996,-8.84348678588867,"Unknown"
"7014853",371857,2025-06-27 08:47:33,43.3591766357422,-8.84347152709961,"Unknown"
"7014853",371857,2025-06-27 08:52:33,43.359130859375,-8.8434419631958,"Unknown"
"7014853",371857,2025-06-27 08:57:34,43.3590507507324,-8.84338474273682,"Unknown"
"7014853",371857,2025-06-27 09:02:36,43.3591270446777,-8.84351444244385,"Unknown"
"7014853",371857,2025-06-27 09:07:34,43.3591270446777,-8.84343910217285,"Unknown"
"7014853",371857,2025-06-27 09:12:36,43.359073638916,-8.84346008300781,"Unknown"
"7014853",371857,2025-06-27 09:17:34,43.3590087890625,-8.84344291687012,"Unknown"
"7014853",371857,2025-06-27 09:22:37,43.3589820861816,-8.84335994720459,"Unknown"
"7014853",371857,2025-06-27 09:27:36,43.3591651916504,-8.84346866607666,"Unknown"
"7014853",371857,2025-06-27 09:32:34,43.3591232299805,-8.84348011016846,"Unknown"
"7014853",371857,2025-06-27 09:37:34,43.3591079711914,-8.84362125396729,"Unknown"
"7014853",371857,2025-06-27 09:42:36,43.3589973449707,-8.84353160858154,"Unknown"
"7014853",371857,2025-06-27 09:47:36,43.3591194152832,-8.84343719482422,"Unknown"
"7014853",371857,2025-06-27 09:52:36,43.359058380127,-8.84342575073242,"Unknown"
"7014853",371857,2025-06-27 09:57:38,43.3591346740723,-8.84336376190186,"Unknown"
"7014853",371857,2025-06-27 10:02:37,43.3590469360352,-8.84346771240234,"Unknown"
"7014853",371857,2025-06-27 10:07:37,43.3590698242188,-8.84349536895752,"Unknown"
"7014853",371857,2025-06-27 10:12:36,43.3590087890625,-8.84337043762207,"Unknown"
"7014853",371857,2025-06-27 10:17:39,43.359016418457,-8.84329319000244,"Unknown"
"7014853",371857,2025-06-27 10:22:39,43.3592376708984,-8.84345149993896,"Unknown"
"7014853",371857,2025-06-27 10:27:39,43.3592338562012,-8.8435583114624,"Unknown"
"7014853",371857,2025-06-27 10:32:39,43.3592681884766,-8.84359455108643,"Unknown"
"7014853",371857,2025-06-27 10:37:39,43.3593101501465,-8.84356307983398,"Unknown"
"7014853",371857,2025-06-27 10:42:40,43.3592147827148,-8.84355640411377,"Unknown"
"7014853",371857,2025-06-27 10:47:39,43.3593292236328,-8.84348964691162,"Unknown"
"7014853",371857,2025-06-27 10:52:39,43.3595390319824,-8.84347629547119,"Unknown"
"7014853",371857,2025-06-27 10:58:05,43.3592414855957,-8.8435754776001,"Unknown"
"7014853",371857,2025-06-27 11:02:34,43.3593902587891,-8.84343719482422,"Unknown"
"7014853",371857,2025-06-27 11:07:34,43.3591957092285,-8.84335517883301,"Unknown"
"7014853",371857,2025-06-27 11:12:34,43.3591766357422,-8.84334754943848,"Unknown"
"7014853",371857,2025-06-27 11:17:37,43.3594970703125,-8.84322452545166,"Unknown"
"7014853",371857,2025-06-27 11:22:37,43.359260559082,-8.843825340271,"Unknown"
"7014853",371857,2025-06-27 11:27:51,43.359302520752,-8.84340763092041,"Unknown"
"7014853",371857,2025-06-27 11:32:34,43.3594131469727,-8.84412002563477,"Unknown"
"7014853",371857,2025-06-27 11:37:37,43.3596954345703,-8.84527015686035,"Unknown"
"7014853",371857,2025-06-27 11:42:34,43.3597183227539,-8.84441184997559,"Unknown"
"7014853",371857,2025-06-27 11:47:36,43.3595542907715,-8.84399890899658,"Unknown"
"7014853",371857,2025-06-27 11:52:34,43.3590812683105,-8.84326553344727,"Unknown"
"7014853",371857,2025-06-27 11:57:34,43.361873626709,-8.84002876281738,"Unknown"
"7014853",371857,2025-06-27 12:02:34,43.374210357666,-8.85287475585938,"Unknown"
"7014853",371857,2025-06-27 12:07:35,43.3730201721191,-8.85241317749023,"Unknown"
"7014853",371857,2025-06-27 12:12:39,43.3724403381348,-8.85399723052979,"Unknown"
"7014853",371857,2025-06-27 12:17:34,43.3697853088379,-8.85311508178711,"Unknown"
"7014853",371857,2025-06-27 12:23:57,43.3665046691895,-8.84420299530029,"Unknown"
"7014853",371857,2025-06-27 12:28:57,43.3602600097656,-8.84426689147949,"Unknown"
"7014853",371857,2025-06-27 12:32:36,43.3600654602051,-8.84298229217529,"Unknown"
"7014853",371857,2025-06-27 12:37:38,43.3600921630859,-8.84340572357178,"Unknown"
"7014853",371857,2025-06-27 12:42:36,43.3594665527344,-8.84359741210938,"Unknown"
"7014853",371857,2025-06-27 12:47:35,43.3588981628418,-8.84338188171387,"Unknown"
"7014853",371857,2025-06-27 12:52:36,43.359203338623,-8.84348297119141,"Unknown"
"7014853",371857,2025-06-27 12:57:34,43.3593368530273,-8.84346103668213,"Unknown"
"7014853",371857,2025-06-27 13:02:34,43.3592376708984,-8.84339332580566,"Unknown"
"7014853",371857,2025-06-27 13:07:37,43.359203338623,-8.84344387054443,"Unknown"
"7014853",371857,2025-06-27 13:12:38,43.3591651916504,-8.84344959259033,"Unknown"
"7014853",371857,2025-06-27 13:17:34,43.3592567443848,-8.84335994720459,"Unknown"
"7014853",371857,2025-06-27 13:22:34,43.3593215942383,-8.84349346160889,"Unknown"
"7014853",371857,2025-06-27 13:27:36,43.3593368530273,-8.84331226348877,"Unknown"
"7014853",371857,2025-06-27 13:32:37,43.3593978881836,-8.84340763092041,"Unknown"
"7014853",371857,2025-06-27 13:37:36,43.3591957092285,-8.84345149993896,"Unknown"
"7014853",371857,2025-06-27 13:42:34,43.3593826293945,-8.84348964691162,"Unknown"
"7014853",371857,2025-06-27 13:47:34,43.3593368530273,-8.84348106384277,"Unknown"
"7014853",371857,2025-06-27 13:52:42,43.3593101501465,-8.843581199646,"Unknown"
"7014853",371857,2025-06-27 13:57:38,43.359302520752,-8.8434534072876,"Unknown"
"7014853",371857,2025-06-27 14:02:34,43.3591423034668,-8.84334850311279,"Unknown"
"7014853",371857,2025-06-27 14:07:38,43.359188079834,-8.84348487854004,"Unknown"
"7014853",371857,2025-06-27 14:12:40,43.3591461181641,-8.84351062774658,"Unknown"
"7014853",371857,2025-06-27 14:17:38,43.3588981628418,-8.84339714050293,"Unknown"
"7014853",371857,2025-06-27 14:22:38,43.3591346740723,-8.84337139129639,"Unknown"
"7014853",371857,2025-06-27 14:27:34,43.3589286804199,-8.843337059021,"Unknown"
"7014853",371857,2025-06-27 14:32:37,43.3591194152832,-8.84334850311279,"Unknown"
"7014853",371857,2025-06-27 14:37:34,43.3591499328613,-8.84314060211182,"Unknown"
"7014853",371857,2025-06-27 14:42:36,43.3589057922363,-8.84405040740967,"Unknown"
"7014853",371857,2025-06-27 14:47:37,43.3591918945312,-8.84332180023193,"Unknown"
"7014853",371857,2025-06-27 14:52:37,43.3590431213379,-8.84329891204834,"Unknown"
"7014853",371857,2025-06-27 14:57:34,43.3592300415039,-8.84363651275635,"Unknown"
"7014853",371857,2025-06-27 15:02:34,43.3591842651367,-8.84349918365479,"Unknown"
"7014853",371857,2025-06-27 15:07:38,43.3591842651367,-8.84348678588867,"Unknown"
"7014853",371857,2025-06-27 15:12:37,43.3592796325684,-8.84353733062744,"Unknown"
"7014853",371857,2025-06-27 15:17:37,43.3593215942383,-8.84356594085693,"Unknown"
"7014853",371857,2025-06-27 15:22:40,43.359260559082,-8.84357166290283,"Unknown"
"7014853",371857,2025-06-27 15:27:34,43.3592338562012,-8.84353733062744,"Unknown"
"7014853",371857,2025-06-27 15:32:36,43.3593978881836,-8.84367275238037,"Unknown"
"7014853",371857,2025-06-27 15:37:34,43.359260559082,-8.84324645996094,"Unknown"
"7014853",371857,2025-06-27 15:42:37,43.359302520752,-8.84361362457275,"Unknown"
"7014853",371857,2025-06-27 15:47:36,43.3590927124023,-8.843337059021,"Unknown"
"7014853",371857,2025-06-27 15:52:36,43.359260559082,-8.84346485137939,"Unknown"
"7014853",371857,2025-06-27 15:57:36,43.3742523193359,-8.86578369140625,"Unknown"
"7014853",371857,2025-06-27 16:02:36,43.3897590637207,-8.9003438949585,"Unknown"
"7014853",371857,2025-06-27 16:07:36,43.3844909667969,-8.91891288757324,"Unknown"
"7014853",371857,2025-06-27 16:12:36,43.3689270019531,-8.93293190002441,"Unknown"
"7014853",371857,2025-06-27 16:17:34,43.3620262145996,-8.96138954162598,"Unknown"
"7014853",371857,2025-06-27 16:22:36,43.3754348754883,-8.99576568603516,"Unknown"
"7014853",371857,2025-06-27 16:27:34,43.3880081176758,-9.02619171142578,"Unknown"
"7014853",371857,2025-06-27 16:32:39,43.3853950500488,-9.02653026580811,"Unknown"
"7014853",371857,2025-06-27 16:37:37,43.3847160339355,-9.02774429321289,"Unknown"
"7014853",371857,2025-06-27 16:42:34,43.3769073486328,-9.02356243133545,"Unknown"
"7014853",371857,2025-06-27 16:47:34,43.3521270751953,-9.01235675811768,"Unknown"
"7014853",371857,2025-06-27 16:52:36,43.3501091003418,-8.97119617462158,"Unknown"
"7014853",371857,2025-06-27 16:57:36,43.3455467224121,-8.93558120727539,"Unknown"
"7014853",371857,2025-06-27 17:02:36,43.3453941345215,-8.90110874176025,"Unknown"
"7014853",371857,2025-06-27 17:07:34,43.3551292419434,-8.87319946289062,"Unknown"
"7014853",371857,2025-06-27 17:12:36,43.359375,-8.84324169158936,"Unknown"
"7014853",371857,2025-06-27 17:17:34,43.3596076965332,-8.843186378479,"Unknown"
"7014853",371857,2025-06-27 17:22:37,43.3596992492676,-8.84365463256836,"Unknown"
"7014853",371857,2025-06-27 17:27:35,43.3595199584961,-8.84355545043945,"Unknown"
"7014853",371857,2025-06-27 17:32:39,43.3595199584961,-8.84335613250732,"Unknown"
"7014853",371857,2025-06-27 17:37:36,43.3592910766602,-8.84328174591064,"Unknown"
"7014853",371857,2025-06-27 17:42:36,43.3592491149902,-8.84327793121338,"Unknown"
"7014853",371857,2025-06-27 17:47:37,43.3591957092285,-8.84344100952148,"Unknown"
"7014853",371857,2025-06-27 17:52:37,43.3591270446777,-8.84350395202637,"Unknown"
"7014853",371857,2025-06-27 17:57:37,43.3590507507324,-8.84384918212891,"Unknown"
"7014853",371857,2025-06-27 18:02:37,43.3590965270996,-8.84315586090088,"Unknown"
"7014853",371857,2025-06-27 18:07:36,43.3590545654297,-8.84355545043945,"Unknown"
"7014853",371857,2025-06-27 18:12:36,43.3591232299805,-8.84380722045898,"Unknown"
"7014853",371857,2025-06-27 18:17:37,43.359130859375,-8.84360122680664,"Unknown"
"7014853",371857,2025-06-27 18:22:34,43.3592414855957,-8.84344959259033,"Unknown"
"7014853",371857,2025-06-27 18:27:34,43.3593978881836,-8.84404468536377,"Unknown"
"7014853",371857,2025-06-27 18:32:37,43.3593292236328,-8.84375762939453,"Unknown"
"7014853",371857,2025-06-27 18:37:34,43.3592720031738,-8.84394836425781,"Unknown"
"7014853",371857,2025-06-27 18:42:36,43.3591804504395,-8.84400749206543,"Unknown"
"7014853",371857,2025-06-27 18:47:34,43.3593101501465,-8.84381580352783,"Unknown"
"7014853",371857,2025-06-27 18:52:34,43.3591003417969,-8.84421062469482,"Unknown"
"7014853",371857,2025-06-27 18:57:34,43.3592796325684,-8.8433952331543,"Unknown"
"7014853",371857,2025-06-27 19:02:34,43.3593521118164,-8.84379291534424,"Unknown"
"7014853",371857,2025-06-27 19:07:36,43.3592987060547,-8.84394931793213,"Unknown"
"7014853",371857,2025-06-27 19:12:36,43.3592185974121,-8.84408760070801,"Unknown"
"7014853",371857,2025-06-27 19:17:34,43.3594207763672,-8.84384441375732,"Unknown"
"7014853",371857,2025-06-27 19:22:36,43.3593673706055,-8.84373760223389,"Unknown"
"7014853",371857,2025-06-27 19:27:34,43.3594207763672,-8.8439474105835,"Unknown"
"7014853",371857,2025-06-27 19:32:35,43.3590202331543,-8.84445953369141,"Unknown"
"7014853",371857,2025-06-27 19:37:34,43.3595428466797,-8.84362125396729,"Unknown"
"7014853",371857,2025-06-27 19:42:37,43.3593063354492,-8.84386920928955,"Unknown"
"7014853",371857,2025-06-27 19:47:34,43.3596992492676,-8.84375667572021,"Unknown"
"7014853",371857,2025-06-27 19:52:34,43.3597030639648,-8.84377098083496,"Unknown"
"7014853",371857,2025-06-27 19:57:34,43.3596572875977,-8.84380340576172,"Unknown"
"7014853",371857,2025-06-27 20:02:36,43.3591575622559,-8.8434419631958,"Unknown"
"7014853",371857,2025-06-27 20:07:36,43.3592491149902,-8.84324645996094,"Unknown"
"7014853",371857,2025-06-27 20:12:34,43.360523223877,-8.84478569030762,"Unknown"
"7014853",371857,2025-06-27 20:17:36,43.3408546447754,-8.87689304351807,"Unknown"
"7014853",371857,2025-06-27 20:22:37,43.3403244018555,-8.87893867492676,"Unknown"
"7014853",371857,2025-06-27 20:27:36,43.34033203125,-8.87968826293945,"Unknown"
"7014853",371857,2025-06-27 20:32:38,43.3396682739258,-8.88049125671387,"Unknown"
"7014853",371857,2025-06-27 20:37:37,43.3397178649902,-8.88052272796631,"Unknown"
"7014853",371857,2025-06-27 20:42:38,43.3397064208984,-8.87977886199951,"Unknown"
"7014853",371857,2025-06-27 20:47:37,43.339168548584,-8.87992668151855,"Unknown"
"7014853",371857,2025-06-27 20:52:36,43.338939666748,-8.87930965423584,"Unknown"
"7014853",371857,2025-06-27 20:57:36,43.3385772705078,-8.87936305999756,"Unknown"
"7014853",371857,2025-06-27 21:02:36,43.3388900756836,-8.8795337677002,"Unknown"
"7014853",371857,2025-06-27 21:06:52,43.3392143249512,-8.87987327575684,"Unknown"
"7014853",371857,2025-06-28 02:07:15,43.3593063354492,-8.84343528747559,"Unknown"
"7014853",371857,2025-06-28 05:03:11,43.3700675964355,-8.85028743743896,"Unknown"
"7014853",371857,2025-06-28 05:08:04,43.3701667785645,-8.85119247436523,"Unknown"
"7014853",371857,2025-06-28 05:13:06,43.3708457946777,-8.85295104980469,"Unknown"
"7014853",371857,2025-06-28 05:18:10,43.3591651916504,-8.84322261810303,"Unknown"
"7014853",371857,2025-06-28 05:23:03,43.3590812683105,-8.84306812286377,"Unknown"
"7014853",371857,2025-06-28 05:28:04,43.3591957092285,-8.84305858612061,"Unknown"
"7014853",371857,2025-06-28 05:33:06,43.3593215942383,-8.84335422515869,"Unknown"
"7014853",371857,2025-06-28 05:38:06,43.3592185974121,-8.84332656860352,"Unknown"
"7014853",371857,2025-06-28 05:43:09,43.3593902587891,-8.84300231933594,"Unknown"
"7014853",371857,2025-06-28 05:48:04,43.3594818115234,-8.84327602386475,"Unknown"
"7014853",371857,2025-06-28 05:53:03,43.3597831726074,-8.8433723449707,"Unknown"
"7014853",371857,2025-06-28 05:58:06,43.3592681884766,-8.84353446960449,"Unknown"
"7014853",371857,2025-06-28 06:03:03,43.3595771789551,-8.84334945678711,"Unknown"
"7014853",371857,2025-06-28 06:08:13,43.3598442077637,-8.84340572357178,"Unknown"
"7014853",371857,2025-06-28 06:13:07,43.3596458435059,-8.84321403503418,"Unknown"
"7014853",371857,2025-06-28 06:18:06,43.3596229553223,-8.84339427947998,"Unknown"
"7014853",371857,2025-06-28 06:23:07,43.3595771789551,-8.84323024749756,"Unknown"
"7014853",371857,2025-06-28 06:28:06,43.3594932556152,-8.84347724914551,"Unknown"
"7014853",371857,2025-06-28 06:33:03,43.359504699707,-8.84343147277832,"Unknown"
"7014853",371857,2025-06-28 06:38:03,43.3590049743652,-8.84359645843506,"Unknown"
"7014853",371857,2025-06-28 06:43:06,43.3595809936523,-8.84334182739258,"Unknown"
"7014853",371857,2025-06-28 06:48:06,43.3591423034668,-8.84345245361328,"Unknown"
"7014853",371857,2025-06-28 06:53:03,43.3591384887695,-8.84363079071045,"Unknown"
"7014853",371857,2025-06-28 06:58:03,43.3593139648438,-8.84367942810059,"Unknown"
"7014853",371857,2025-06-28 07:03:03,43.3593139648438,-8.84362697601318,"Unknown"
"7014853",371857,2025-06-28 07:08:03,43.3593902587891,-8.84366703033447,"Unknown"
"7014853",371857,2025-06-28 07:13:03,43.3593406677246,-8.84362125396729,"Unknown"
"7014853",371857,2025-06-28 07:18:04,43.3589668273926,-8.84384536743164,"Unknown"
"7014853",371857,2025-06-28 07:23:03,43.3594436645508,-8.84326076507568,"Unknown"
"7014853",371857,2025-06-28 07:28:03,43.3589019775391,-8.84392356872559,"Unknown"
"7014853",371857,2025-06-28 07:33:03,43.3600616455078,-8.85359382629395,"Unknown"
"7014853",371857,2025-06-28 07:38:02,43.3692741394043,-8.82598495483398,"Unknown"
"7014853",371857,2025-06-28 07:43:03,43.3639450073242,-8.78814315795898,"Unknown"
"7014853",371857,2025-06-28 07:48:02,43.3667449951172,-8.74659729003906,"Unknown"
"7014853",371857,2025-06-28 07:53:02,43.365478515625,-8.70467090606689,"Unknown"
"7014853",371857,2025-06-28 07:58:02,43.3568840026855,-8.66593837738037,"Unknown"
"7014853",371857,2025-06-28 08:03:04,43.3694610595703,-8.63944244384766,"Unknown"
"7014853",371857,2025-06-28 08:08:06,43.3729133605957,-8.63255023956299,"Unknown"
"7014853",371857,2025-06-28 08:13:03,43.3732795715332,-8.63260173797607,"Unknown"
"7014853",371857,2025-06-28 08:18:02,43.3688316345215,-8.60810852050781,"Unknown"
"7014853",371857,2025-06-28 08:23:06,43.3694381713867,-8.60791969299316,"Unknown"
"7014853",371857,2025-06-28 08:28:02,43.3702659606934,-8.59653186798096,"Unknown"
"7014853",371857,2025-06-28 08:33:05,43.3725471496582,-8.5900707244873,"Unknown"
"7014853",371857,2025-06-28 08:38:03,43.3752555847168,-8.59173774719238,"Unknown"
"7014853",371857,2025-06-28 08:43:10,43.3759307861328,-8.59142208099365,"Unknown"
"7014853",371857,2025-06-28 08:48:04,43.3768501281738,-8.59078025817871,"Unknown"
"7014853",371857,2025-06-28 08:53:02,43.3731422424316,-8.58621025085449,"Unknown"
"7014853",371857,2025-06-28 08:58:06,43.373779296875,-8.58736610412598,"Unknown"
"7014853",371857,2025-06-28 09:03:09,43.3729019165039,-8.58790588378906,"Unknown"
"7014853",371857,2025-06-28 09:08:03,43.3753776550293,-8.58958435058594,"Unknown"
"7014853",371857,2025-06-28 09:13:09,43.3759994506836,-8.59020519256592,"Unknown"
"7014853",371857,2025-06-28 09:18:03,43.3760108947754,-8.59725475311279,"Unknown"
"7014853",371857,2025-06-28 09:23:06,43.3628959655762,-8.63468933105469,"Unknown"
"7014853",371857,2025-06-28 09:28:06,43.3446998596191,-8.67085552215576,"Unknown"
"7014853",371857,2025-06-28 09:33:03,43.3228721618652,-8.70005321502686,"Unknown"
"7014853",371857,2025-06-28 09:38:05,43.3001594543457,-8.72557735443115,"Unknown"
"7014853",371857,2025-06-28 09:43:07,43.2941856384277,-8.73298263549805,"Unknown"
"7014853",371857,2025-06-28 09:48:07,43.2941131591797,-8.73346328735352,"Unknown"
"7014853",371857,2025-06-28 09:53:07,43.294059753418,-8.73328399658203,"Unknown"
"7014853",371857,2025-06-28 09:58:07,43.2940139770508,-8.73335456848145,"Unknown"
"7014853",371857,2025-06-28 10:03:05,43.2940521240234,-8.73764896392822,"Unknown"
"7014853",371857,2025-06-28 10:08:06,43.294059753418,-8.73309803009033,"Unknown"
"7014853",371857,2025-06-28 10:13:10,43.2941970825195,-8.73388195037842,"Unknown"
"7014853",371857,2025-06-28 10:18:09,43.2942695617676,-8.73327922821045,"Unknown"
"7014853",371857,2025-06-28 10:23:03,43.2942085266113,-8.73368167877197,"Unknown"
"7014853",371857,2025-06-28 10:28:03,43.2995262145996,-8.75352001190186,"Unknown"
"7014853",371857,2025-06-28 10:33:03,43.311824798584,-8.78604507446289,"Unknown"
"7014853",371857,2025-06-28 10:38:06,43.3229179382324,-8.81317806243896,"Unknown"
"7014853",371857,2025-06-28 10:43:03,43.3447799682617,-8.83567047119141,"Unknown"
"7014853",371857,2025-06-28 10:48:06,43.3594360351562,-8.84308815002441,"Unknown"
"7014853",371857,2025-06-28 10:53:03,43.3594665527344,-8.84306812286377,"Unknown"
"7014853",371857,2025-06-28 10:58:04,43.359432220459,-8.84307098388672,"Unknown"
"7014853",371857,2025-06-28 11:03:04,43.3593902587891,-8.84317684173584,"Unknown"
"7014853",371857,2025-06-28 11:08:06,43.3593826293945,-8.84313774108887,"Unknown"
"7014853",371857,2025-06-28 11:13:08,43.3593940734863,-8.84316730499268,"Unknown"
"7014853",371857,2025-06-28 11:18:08,43.359317779541,-8.84329509735107,"Unknown"
"7014853",371857,2025-06-28 11:23:06,43.359317779541,-8.84326839447021,"Unknown"
"7014853",371857,2025-06-28 11:28:06,43.359260559082,-8.84336090087891,"Unknown"
"7014853",371857,2025-06-28 11:33:04,43.3592414855957,-8.84333610534668,"Unknown"
"7014853",371857,2025-06-28 11:38:03,43.3594017028809,-8.84341239929199,"Unknown"
"7014853",371857,2025-06-28 11:43:03,43.3594284057617,-8.84342861175537,"Unknown"
"7014853",371857,2025-06-28 11:48:06,43.3592300415039,-8.843505859375,"Unknown"
"7014853",371857,2025-06-28 11:53:03,43.3593978881836,-8.84346199035645,"Unknown"
"7014853",371857,2025-06-28 11:58:02,43.3594055175781,-8.84353923797607,"Unknown"
"7014853",371857,2025-06-28 12:03:04,43.3592338562012,-8.84352874755859,"Unknown"
"7014853",371857,2025-06-28 12:08:04,43.3590469360352,-8.84324741363525,"Unknown"
"7014853",371857,2025-06-28 12:13:06,43.3592529296875,-8.84360694885254,"Unknown"
"7014853",371857,2025-06-28 12:18:03,43.3595237731934,-8.8435754776001,"Unknown"
"7014853",371857,2025-06-28 12:23:04,43.3592834472656,-8.84365081787109,"Unknown"
"7014853",371857,2025-06-28 12:28:04,43.3596496582031,-8.84359169006348,"Unknown"
"7014853",371857,2025-06-28 12:33:04,43.3727569580078,-8.85189056396484,"Unknown"
"7014853",371857,2025-06-28 12:38:06,43.3722877502441,-8.85879516601562,"Unknown"
"7014853",371857,2025-06-28 12:43:09,43.3744239807129,-8.85925483703613,"Unknown"
"7014853",371857,2025-06-28 12:48:03,43.375919342041,-8.8586950302124,"Unknown"
"7014853",371857,2025-06-28 12:53:05,43.3743133544922,-8.85974884033203,"Unknown"
"7014853",371857,2025-06-28 12:58:03,43.374584197998,-8.85928153991699,"Unknown"
"7014853",371857,2025-06-28 13:03:03,43.3728675842285,-8.85631084442139,"Unknown"
"7014853",371857,2025-06-28 13:08:06,43.3690643310547,-8.8524866104126,"Unknown"
"7014853",371857,2025-06-28 13:13:09,43.3598403930664,-8.843337059021,"Unknown"
"7014853",371857,2025-06-28 13:18:09,43.3598251342773,-8.84377384185791,"Unknown"
"7014853",371857,2025-06-28 13:23:07,43.3593215942383,-8.84360885620117,"Unknown"
"7014853",371857,2025-06-28 13:28:09,43.3592338562012,-8.84360980987549,"Unknown"
"7014853",371857,2025-06-28 13:33:07,43.3595352172852,-8.84340381622314,"Unknown"
"7014853",371857,2025-06-28 13:38:14,43.3594093322754,-8.84337043762207,"Unknown"
"7014853",371857,2025-06-28 13:43:03,43.3604583740234,-8.84438896179199,"Unknown"
"7014853",371857,2025-06-28 13:48:17,43.3591613769531,-8.84357738494873,"Unknown"
"7014853",371857,2025-06-28 13:53:14,43.3591423034668,-8.84379863739014,"Unknown"
"7014853",371857,2025-06-28 13:58:04,43.3589820861816,-8.84348583221436,"Unknown"
"7014853",371857,2025-06-28 14:03:04,43.359561920166,-8.84356784820557,"Unknown"
"7014853",371857,2025-06-28 14:08:09,43.3590278625488,-8.84363174438477,"Unknown"
"7014853",371857,2025-06-28 14:13:12,43.3590087890625,-8.84309005737305,"Unknown"
"7014853",371857,2025-06-28 14:18:06,43.3596687316895,-8.84370994567871,"Unknown"
"7014853",371857,2025-06-28 14:23:11,43.3595886230469,-8.84359645843506,"Unknown"
"7014853",371857,2025-06-28 14:28:07,43.3591651916504,-8.84316730499268,"Unknown"
"7014853",371857,2025-06-28 14:33:02,43.359561920166,-8.84350681304932,"Unknown"
"7014853",371857,2025-06-28 14:38:03,43.3594741821289,-8.84352397918701,"Unknown"
"7014853",371857,2025-06-28 14:43:02,43.3594512939453,-8.84357166290283,"Unknown"
"7014853",371857,2025-06-28 14:48:03,43.3596038818359,-8.84356594085693,"Unknown"
"7014853",371857,2025-06-28 14:53:09,43.3594398498535,-8.8438138961792,"Unknown"
"7014853",371857,2025-06-28 14:58:09,43.3580093383789,-8.84453964233398,"Unknown"
"7014853",371857,2025-06-28 15:03:04,43.3583908081055,-8.84393405914307,"Unknown"
"7014853",371857,2025-06-28 15:08:04,43.3584136962891,-8.84408664703369,"Unknown"
"7014853",371857,2025-06-28 15:13:09,43.3582420349121,-8.84427070617676,"Unknown"
"7014853",371857,2025-06-28 15:18:09,43.3635787963867,-8.84121131896973,"Unknown"
"7014853",371857,2025-06-28 15:23:09,43.3638458251953,-8.84030914306641,"Unknown"
"7014853",371857,2025-06-28 15:28:06,43.3655815124512,-8.84126472473145,"Unknown"
"7014853",371857,2025-06-28 15:33:10,43.3660049438477,-8.84728336334229,"Unknown"
"7014853",371857,2025-06-28 15:38:07,43.3638687133789,-8.8492317199707,"Unknown"
"7014853",371857,2025-06-28 15:43:06,43.3627433776855,-8.8557014465332,"Unknown"
"7014853",371857,2025-06-28 15:48:03,43.3635139465332,-8.84048271179199,"Unknown"
"7014853",371857,2025-06-28 15:53:14,43.3606491088867,-8.83239841461182,"Unknown"
"7014853",371857,2025-06-28 15:58:04,43.360424041748,-8.82178783416748,"Unknown"
"7014853",371857,2025-06-28 16:03:03,43.3613891601562,-8.82109546661377,"Unknown"
"7014853",371857,2025-06-28 16:08:14,43.3615875244141,-8.82161426544189,"Unknown"
"7014853",371857,2025-06-28 16:13:11,43.3631973266602,-8.82347679138184,"Unknown"
"7014853",371857,2025-06-28 16:18:03,43.3626518249512,-8.82238006591797,"Unknown"
"7014853",371857,2025-06-28 16:23:13,43.3633728027344,-8.8221607208252,"Unknown"
"7014853",371857,2025-06-28 16:28:02,43.364444732666,-8.82389354705811,"Unknown"
"7014853",371857,2025-06-28 16:33:12,43.3679351806641,-8.82537841796875,"Unknown"
"7014853",371857,2025-06-28 16:38:07,43.3590202331543,-8.84441661834717,"Unknown"
"7014853",371857,2025-06-28 16:43:11,43.3591728210449,-8.84363269805908,"Unknown"
"7014853",371857,2025-06-28 16:48:02,43.3591690063477,-8.84346485137939,"Unknown"
"7014853",371857,2025-06-28 16:53:02,43.3592185974121,-8.84364223480225,"Unknown"
"7014853",371857,2025-06-28 16:58:03,43.3591346740723,-8.84354496002197,"Unknown"
"7014853",371857,2025-06-28 17:03:06,43.3592567443848,-8.84340000152588,"Unknown"
"7014853",371857,2025-06-28 17:08:03,43.3592300415039,-8.84404563903809,"Unknown"
"7014853",371857,2025-06-28 17:13:06,43.3591537475586,-8.8435230255127,"Unknown"
"7014853",371857,2025-06-28 17:18:02,43.3592109680176,-8.84358310699463,"Unknown"
"7014853",371857,2025-06-28 17:23:07,43.3589324951172,-8.84373760223389,"Unknown"
"7014853",371857,2025-06-28 17:28:02,43.3588752746582,-8.8433198928833,"Unknown"
"7014853",371857,2025-06-28 17:33:14,43.3591003417969,-8.84371089935303,"Unknown"
"7014853",371857,2025-06-28 17:38:06,43.3590850830078,-8.84371757507324,"Unknown"
"7014853",371857,2025-06-28 17:43:09,43.3590888977051,-8.84382915496826,"Unknown"
"7014853",371857,2025-06-28 17:48:07,43.3590354919434,-8.84360885620117,"Unknown"
"7014853",371857,2025-06-28 17:53:12,43.3590698242188,-8.84364318847656,"Unknown"
"7014853",371857,2025-06-28 17:58:08,43.3589744567871,-8.84367752075195,"Unknown"
"7014853",371857,2025-06-28 18:03:06,43.3589515686035,-8.84350681304932,"Unknown"
"7014853",371857,2025-06-28 18:08:13,43.3589477539062,-8.84338474273682,"Unknown"
"7014853",371857,2025-06-28 18:13:07,43.3588409423828,-8.84347534179688,"Unknown"
"7014853",371857,2025-06-28 18:18:02,43.359016418457,-8.84353637695312,"Unknown"
"7014853",371857,2025-06-28 18:23:06,43.3588676452637,-8.84364795684814,"Unknown"
"7014853",371857,2025-06-28 18:28:02,43.3589401245117,-8.84362316131592,"Unknown"
"7014853",371857,2025-06-28 18:33:02,43.359016418457,-8.84357929229736,"Unknown"
"7014853",371857,2025-06-28 18:38:09,43.3589286804199,-8.84370994567871,"Unknown"
"7014853",371857,2025-06-28 18:43:02,43.3590393066406,-8.8433952331543,"Unknown"
"7014853",371857,2025-06-28 18:48:27,43.3591575622559,-8.84431552886963,"Unknown"
"7014853",371857,2025-06-28 18:53:15,43.359058380127,-8.84303188323975,"Unknown"
"7014853",371857,2025-06-28 18:58:09,43.3592071533203,-8.84384918212891,"Unknown"
"7014853",371857,2025-06-28 19:03:08,43.3589668273926,-8.84334564208984,"Unknown"
"7014853",371857,2025-06-28 19:08:08,43.3589363098145,-8.84322547912598,"Unknown"
"7014853",371857,2025-06-28 19:13:09,43.3591079711914,-8.84354305267334,"Unknown"
"7014853",371857,2025-06-28 19:18:08,43.3591232299805,-8.84357357025146,"Unknown"
"7014853",371857,2025-06-28 19:23:10,43.3592758178711,-8.8434419631958,"Unknown"
"7014853",371857,2025-06-28 19:28:02,43.3591842651367,-8.84339237213135,"Unknown"
"7014853",371857,2025-06-28 19:33:02,43.3593368530273,-8.84329032897949,"Unknown"
"7014853",371857,2025-06-28 19:38:03,43.3591766357422,-8.843337059021,"Unknown"
"7014853",371857,2025-06-28 19:43:02,43.3609504699707,-8.82384586334229,"Unknown"
"7014853",371857,2025-06-28 19:48:49,43.3598747253418,-8.78154277801514,"Unknown"
"7014853",371857,2025-06-28 19:53:09,43.3524398803711,-8.74327564239502,"Unknown"
"7014853",371857,2025-06-28 19:58:10,43.3524208068848,-8.69753742218018,"Unknown"
"7014853",371857,2025-06-28 20:03:02,43.3634605407715,-8.65908813476562,"Unknown"
"7014853",371857,2025-06-28 20:08:02,43.370964050293,-8.62508106231689,"Unknown"
"7014853",371857,2025-06-28 20:13:02,43.3728141784668,-8.59116363525391,"Unknown"
"7014853",371857,2025-06-28 20:18:10,43.3734931945801,-8.59178638458252,"Unknown"
"7014853",371857,2025-06-28 20:23:04,43.3746452331543,-8.59279918670654,"Unknown"
"7014853",371857,2025-06-28 20:28:10,43.3749198913574,-8.59125232696533,"Unknown"
"7014853",371857,2025-06-28 20:33:02,43.3796081542969,-8.58720588684082,"Unknown"
"7014853",371857,2025-06-28 20:38:06,43.3789215087891,-8.58720207214355,"Unknown"
"7014853",371857,2025-06-28 20:43:06,43.3772430419922,-8.58862400054932,"Unknown"
"7014853",371857,2025-06-28 20:48:09,43.3777465820312,-8.5884895324707,"Unknown"
"7014853",371857,2025-06-28 20:53:09,43.3779373168945,-8.58849620819092,"Unknown"
"7014853",371857,2025-06-28 20:58:09,43.3780860900879,-8.58791923522949,"Unknown"
"7014853",371857,2025-06-28 21:03:09,43.378360748291,-8.58763599395752,"Unknown"
"7014853",371857,2025-06-28 21:05:45,43.3789520263672,-8.58792877197266,"Unknown"
"7014853",371857,2025-06-29 02:06:05,43.3685035705566,-8.53771305084229,"Unknown"
"7014853",371857,2025-06-29 05:02:13,43.3271369934082,-8.63163757324219,"Unknown"
"7014853",371857,2025-06-29 05:07:09,43.3121643066406,-8.65714645385742,"Unknown"
"7014853",371857,2025-06-29 05:12:09,43.3011512756348,-8.69197177886963,"Unknown"
"7014853",371857,2025-06-29 05:17:11,43.2918434143066,-8.69738483428955,"Unknown"
"7014853",371857,2025-06-29 05:22:12,43.2919311523438,-8.69778442382812,"Unknown"
"7014853",371857,2025-06-29 05:27:11,43.2919387817383,-8.6978931427002,"Unknown"
"7014853",371857,2025-06-29 05:32:10,43.2912521362305,-8.70018768310547,"Unknown"
"7014853",371857,2025-06-29 05:37:10,43.2912788391113,-8.70030975341797,"Unknown"
"7014853",371857,2025-06-29 05:42:10,43.2912902832031,-8.70018768310547,"Unknown"
"7014853",371857,2025-06-29 05:47:11,43.2912826538086,-8.70027923583984,"Unknown"
"7014853",371857,2025-06-29 05:52:09,43.2912521362305,-8.70021152496338,"Unknown"
"7014853",371857,2025-06-29 05:57:13,43.2912521362305,-8.70007228851318,"Unknown"
"7014853",371857,2025-06-29 06:02:13,43.291332244873,-8.7003698348999,"Unknown"
"7014853",371857,2025-06-29 06:07:35,43.2913093566895,-8.70029926300049,"Unknown"
"7014853",371857,2025-06-29 06:12:09,43.291145324707,-8.700026512146,"Unknown"
"7014853",371857,2025-06-29 06:17:16,43.2913093566895,-8.70029735565186,"Unknown"
"7014853",371857,2025-06-29 06:22:09,43.2911491394043,-8.69994258880615,"Unknown"
"7014853",371857,2025-06-29 06:27:13,43.2910346984863,-8.70125675201416,"Unknown"
"7014853",371857,2025-06-29 06:32:11,43.311466217041,-8.72027015686035,"Unknown"
"7014853",371857,2025-06-29 06:37:10,43.3320388793945,-8.74196624755859,"Unknown"
"7014853",371857,2025-06-29 06:42:13,43.343090057373,-8.77642917633057,"Unknown"
"7014853",371857,2025-06-29 06:47:10,43.356632232666,-8.79260063171387,"Unknown"
"7014853",371857,2025-06-29 06:52:11,43.3699607849121,-8.81509304046631,"Unknown"
"7014853",371857,2025-06-29 06:57:12,43.3775100708008,-8.84097290039062,"Unknown"
"7014853",371857,2025-06-29 07:02:10,43.3789520263672,-8.8708324432373,"Unknown"
"7014853",371857,2025-06-29 07:07:12,43.3730316162109,-8.90282917022705,"Unknown"
"7014853",371857,2025-06-29 07:12:10,43.3553848266602,-8.91041469573975,"Unknown"
"7014853",371857,2025-06-29 07:17:23,43.355583190918,-8.91126155853271,"Unknown"
"7014853",371857,2025-06-29 07:22:16,43.3538589477539,-8.91049480438232,"Unknown"
"7014853",371857,2025-06-29 07:27:17,43.355842590332,-8.90697002410889,"Unknown"
"7014853",371857,2025-06-29 07:32:10,43.3654098510742,-8.89582347869873,"Unknown"
"7014853",371857,2025-06-29 07:37:10,43.3575248718262,-8.90905952453613,"Unknown"
"7014853",371857,2025-06-29 07:42:10,43.3390922546387,-8.88545608520508,"Unknown"
"7014853",371857,2025-06-29 07:47:10,43.3205909729004,-8.89578914642334,"Unknown"
"7014853",371857,2025-06-29 07:52:22,43.3221282958984,-8.86764717102051,"Unknown"
"7014853",371857,2025-06-29 07:57:10,43.3282814025879,-8.84871482849121,"Unknown"
"7014853",371857,2025-06-29 08:02:11,43.3571548461914,-8.84010791778564,"Unknown"
"7014853",371857,2025-06-29 08:07:31,43.3591766357422,-8.84339618682861,"Unknown"
"7014853",371857,2025-06-29 08:12:18,43.3592376708984,-8.84347724914551,"Unknown"
"7014853",371857,2025-06-29 08:17:18,43.3592987060547,-8.84367752075195,"Unknown"
"7014853",371857,2025-06-29 08:22:16,43.3590774536133,-8.84323692321777,"Unknown"
"7014853",371857,2025-06-29 08:27:12,43.3592491149902,-8.84340381622314,"Unknown"
"7014853",371857,2025-06-29 08:32:15,43.3591690063477,-8.84334945678711,"Unknown"
"7014853",371857,2025-06-29 08:37:13,43.3592071533203,-8.84347820281982,"Unknown"
"7014853",371857,2025-06-29 08:42:45,43.3591575622559,-8.84340953826904,"Unknown"
"7014853",371857,2025-06-29 08:47:13,43.3592681884766,-8.84349155426025,"Unknown"
"7014853",371857,2025-06-29 08:52:17,43.3592758178711,-8.84401798248291,"Unknown"
"7014853",371857,2025-06-29 08:57:12,43.3606719970703,-8.83432292938232,"Unknown"
"7014853",371857,2025-06-29 09:02:12,43.3654441833496,-8.79793834686279,"Unknown"
"7014853",371857,2025-06-29 09:07:18,43.3652954101562,-8.75857162475586,"Unknown"
"7014853",371857,2025-06-29 09:12:09,43.3636512756348,-8.72117137908936,"Unknown"
"7014853",371857,2025-06-29 09:17:13,43.358814239502,-8.68972110748291,"Unknown"
"7014853",371857,2025-06-29 09:22:25,43.3591995239258,-8.67291927337646,"Unknown"
"7014853",371857,2025-06-29 09:27:23,43.3687553405762,-8.64959335327148,"Unknown"
"7014853",371857,2025-06-29 09:32:35,43.3739318847656,-8.63208484649658,"Unknown"
"7014853",371857,2025-06-29 09:37:09,43.3874015808105,-8.63473796844482,"Unknown"
"7014853",371857,2025-06-29 09:42:09,43.3873138427734,-8.63410186767578,"Unknown"
"7014853",371857,2025-06-29 09:47:09,43.3863182067871,-8.63588809967041,"Unknown"
"7014853",371857,2025-06-29 09:52:10,43.3882598876953,-8.63704490661621,"Unknown"
"7014853",371857,2025-06-29 09:57:09,43.3881721496582,-8.63733005523682,"Unknown"
"7014853",371857,2025-06-29 10:02:09,43.3878707885742,-8.63789939880371,"Unknown"
"7014853",371857,2025-06-29 10:07:11,43.3873672485352,-8.63867282867432,"Unknown"
"7014853",371857,2025-06-29 10:12:09,43.3868827819824,-8.6394510269165,"Unknown"
"7014853",371857,2025-06-29 10:17:22,43.3867874145508,-8.63982772827148,"Unknown"
"7014853",371857,2025-06-29 10:22:17,43.3870697021484,-8.64030933380127,"Unknown"
"7014853",371857,2025-06-29 10:27:09,43.3897132873535,-8.6415901184082,"Unknown"
"7014853",371857,2025-06-29 10:32:08,43.3900833129883,-8.64128112792969,"Unknown"
"7014853",371857,2025-06-29 10:37:11,43.389835357666,-8.64192771911621,"Unknown"
"7014853",371857,2025-06-29 10:42:09,43.391902923584,-8.64542579650879,"Unknown"
"7014853",371857,2025-06-29 10:47:13,43.3905754089355,-8.64760208129883,"Unknown"
"7014853",371857,2025-06-29 10:52:11,43.390453338623,-8.64794540405273,"Unknown"
"7014853",371857,2025-06-29 10:57:16,43.3903503417969,-8.6483211517334,"Unknown"
"7014853",371857,2025-06-29 11:02:35,43.390193939209,-8.64820384979248,"Unknown"
"7014853",371857,2025-06-29 11:07:09,43.3899116516113,-8.64793491363525,"Unknown"
"7014853",371857,2025-06-29 11:12:08,43.3876647949219,-8.64083194732666,"Unknown"
"7014853",371857,2025-06-29 11:17:09,43.3751411437988,-8.61101818084717,"Unknown"
"7014853",371857,2025-06-29 11:22:09,43.3620185852051,-8.57760810852051,"Unknown"
"7014853",371857,2025-06-29 11:27:09,43.3527793884277,-8.53640937805176,"Unknown"
"7014853",371857,2025-06-29 11:32:08,43.3532676696777,-8.49619579315186,"Unknown"
"7014853",371857,2025-06-29 11:37:09,43.359073638916,-8.46154308319092,"Unknown"
"7014853",371857,2025-06-29 11:42:09,43.3565635681152,-8.45709896087646,"Unknown"
"7014853",371857,2025-06-29 11:47:19,43.3567428588867,-8.45700931549072,"Unknown"
"7014853",371857,2025-06-29 11:52:18,43.356315612793,-8.45700740814209,"Unknown"
"7014853",371857,2025-06-29 12:08:32,43.3539695739746,-8.45885372161865,"Unknown"
"7014853",371857,2025-06-29 12:13:32,43.3538284301758,-8.45837497711182,"Unknown"
"7014853",371857,2025-06-29 12:23:32,43.3546867370605,-8.45871257781982,"Unknown"
"7014853",371857,2025-06-29 12:37:10,43.3403739929199,-8.45382785797119,"Unknown"
"7014853",371857,2025-06-29 12:42:11,43.3408699035645,-8.45399379730225,"Unknown"
"7014853",371857,2025-06-29 12:47:10,43.3406181335449,-8.45410823822021,"Unknown"
"7014853",371857,2025-06-29 12:52:10,43.3415222167969,-8.45304298400879,"Unknown"
"7014853",371857,2025-06-29 12:57:11,43.3412055969238,-8.45285987854004,"Unknown"
"7014853",371857,2025-06-29 13:02:10,43.3411064147949,-8.45286846160889,"Unknown"
"7014853",371857,2025-06-29 13:07:09,43.3411712646484,-8.45287799835205,"Unknown"
"7014853",371857,2025-06-29 13:12:13,43.3412780761719,-8.452880859375,"Unknown"
"7014853",371857,2025-06-29 13:17:08,43.3415565490723,-8.45178031921387,"Unknown"
"7014853",371857,2025-06-29 13:22:09,43.3471908569336,-8.45273780822754,"Unknown"
"7014853",371857,2025-06-29 13:27:10,43.3567581176758,-8.4575366973877,"Unknown"
"7014853",371857,2025-06-29 13:32:10,43.3567543029785,-8.45749568939209,"Unknown"
"7014853",371857,2025-06-29 13:37:10,43.3566360473633,-8.45727443695068,"Unknown"
"7014853",371857,2025-06-29 13:42:10,43.3563575744629,-8.45690536499023,"Unknown"
"7014853",371857,2025-06-29 13:47:10,43.356632232666,-8.45727348327637,"Unknown"
"7014853",371857,2025-06-29 13:52:32,43.356372833252,-8.45686721801758,"Unknown"
"7014853",371857,2025-06-29 13:57:14,43.3574600219727,-8.45846652984619,"Unknown"
"7014853",371857,2025-06-29 14:07:15,43.3537216186523,-8.45720100402832,"Unknown"
"7014853",371857,2025-06-29 14:17:10,43.3429145812988,-8.45276927947998,"Unknown"
"7014853",371857,2025-06-29 14:22:10,43.3404731750488,-8.45504760742188,"Unknown"
"7014853",371857,2025-06-29 14:27:12,43.3412132263184,-8.45285415649414,"Unknown"
"7014853",371857,2025-06-29 14:32:10,43.3484649658203,-8.44909477233887,"Unknown"
"7014853",371857,2025-06-29 14:37:11,43.3562202453613,-8.4572229385376,"Unknown"
"7014853",371857,2025-06-29 14:42:11,43.3562088012695,-8.4570484161377,"Unknown"
"7014853",371857,2025-06-29 14:47:16,43.3561630249023,-8.45691299438477,"Unknown"
"7014853",371857,2025-06-29 14:52:12,43.3562393188477,-8.45710754394531,"Unknown"
"7014853",371857,2025-06-29 14:57:18,43.3560676574707,-8.45679950714111,"Unknown"
"7014853",371857,2025-06-29 15:02:18,43.3560333251953,-8.45683670043945,"Unknown"
"7014853",371857,2025-06-29 15:07:27,43.3559036254883,-8.45663928985596,"Unknown"
"7014853",371857,2025-06-29 15:12:35,43.3561782836914,-8.45693874359131,"Unknown"
"7014853",371857,2025-06-29 15:17:09,43.3562088012695,-8.45694541931152,"Unknown"
"7014853",371857,2025-06-29 15:22:09,43.3561058044434,-8.45693397521973,"Unknown"
"7014853",371857,2025-06-29 15:27:10,43.356201171875,-8.45695781707764,"Unknown"
"7014853",371857,2025-06-29 15:32:10,43.3561630249023,-8.45711708068848,"Unknown"
"7014853",371857,2025-06-29 15:37:11,43.3561553955078,-8.45691108703613,"Unknown"
"7014853",371857,2025-06-29 15:42:10,43.3561630249023,-8.45692539215088,"Unknown"
"7014853",371857,2025-06-29 15:47:09,43.3564987182617,-8.45713520050049,"Unknown"
"7014853",371857,2025-06-29 15:52:10,43.3565902709961,-8.45700931549072,"Unknown"
"7014853",371857,2025-06-29 15:57:09,43.3566360473633,-8.45698070526123,"Unknown"
"7014853",371857,2025-06-29 16:02:09,43.3565979003906,-8.45702171325684,"Unknown"
"7014853",371857,2025-06-29 16:07:12,43.3566360473633,-8.4569845199585,"Unknown"
"7014853",371857,2025-06-29 16:12:10,43.3564796447754,-8.4567403793335,"Unknown"
"7014853",371857,2025-06-29 16:17:10,43.3566246032715,-8.45703887939453,"Unknown"
"7014853",371857,2025-06-29 16:22:10,43.3565711975098,-8.45699024200439,"Unknown"
"7014853",371857,2025-06-29 16:27:10,43.3565139770508,-8.45702457427979,"Unknown"
"7014853",371857,2025-06-29 16:32:10,43.3564834594727,-8.45700263977051,"Unknown"
"7014853",371857,2025-06-29 16:37:10,43.3564109802246,-8.4570255279541,"Unknown"
"7014853",371857,2025-06-29 16:42:10,43.3564796447754,-8.45705413818359,"Unknown"
"7014853",371857,2025-06-29 16:47:10,43.3564033508301,-8.45700359344482,"Unknown"
"7014853",371857,2025-06-29 16:52:14,43.3563842773438,-8.45710754394531,"Unknown"
"7014853",371857,2025-06-29 16:57:16,43.3557548522949,-8.45728874206543,"Unknown"
"7014853",371857,2025-06-29 17:02:17,43.3566017150879,-8.45715808868408,"Unknown"
"7014853",371857,2025-06-29 17:07:22,43.3561058044434,-8.45662784576416,"Unknown"
"7014853",371857,2025-06-29 17:12:16,43.3569755554199,-8.45681953430176,"Unknown"
"7014853",371857,2025-06-29 17:17:19,43.3565330505371,-8.45634746551514,"Unknown"
"7014853",371857,2025-06-29 17:22:19,43.3564605712891,-8.45711708068848,"Unknown"
"7014853",371857,2025-06-29 17:27:16,43.3552932739258,-8.45603370666504,"Unknown"
"7014853",371857,2025-06-29 17:32:15,43.3569488525391,-8.45713520050049,"Unknown"
"7014853",371857,2025-06-29 17:37:11,43.3564910888672,-8.45627212524414,"Unknown"
"7014853",371857,2025-06-29 17:42:15,43.3571510314941,-8.4572114944458,"Unknown"
"7014853",371857,2025-06-29 17:47:16,43.3562889099121,-8.45647239685059,"Unknown"
"7014853",371857,2025-06-29 17:52:10,43.3564720153809,-8.45678234100342,"Unknown"
"7014853",371857,2025-06-29 17:57:11,43.3510704040527,-8.45651054382324,"Unknown"
"7014853",371857,2025-06-29 18:02:10,43.3407783508301,-8.45385456085205,"Unknown"
"7014853",371857,2025-06-29 18:07:13,43.3410034179688,-8.45286655426025,"Unknown"
"7014853",371857,2025-06-29 18:12:15,43.3411407470703,-8.45286846160889,"Unknown"
"7014853",371857,2025-06-29 18:17:13,43.3458023071289,-8.44225597381592,"Unknown"
"7014853",371857,2025-06-29 18:22:12,43.3461494445801,-8.44280242919922,"Unknown"
"7014853",371857,2025-06-29 18:27:12,43.3457107543945,-8.44216728210449,"Unknown"
"7014853",371857,2025-06-29 18:32:13,43.3455505371094,-8.44179916381836,"Unknown"
"7014853",371857,2025-06-29 18:37:11,43.3454818725586,-8.44187831878662,"Unknown"
"7014853",371857,2025-06-29 18:42:11,43.3460998535156,-8.44161128997803,"Unknown"
"7014853",371857,2025-06-29 18:47:11,43.3500213623047,-8.42831707000732,"Unknown"
"7014853",371857,2025-06-29 18:52:35,43.3498840332031,-8.42807579040527,"Unknown"
"7014853",371857,2025-06-29 18:57:10,43.3497467041016,-8.42806148529053,"Unknown"
"7014853",371857,2025-06-29 19:02:09,43.3497695922852,-8.42805767059326,"Unknown"
"7014853",371857,2025-06-29 19:07:09,43.3496780395508,-8.42818260192871,"Unknown"
"7014853",371857,2025-06-29 19:12:09,43.3498001098633,-8.42801284790039,"Unknown"
"7014853",371857,2025-06-29 19:17:09,43.3497695922852,-8.42800140380859,"Unknown"
"7014853",371857,2025-06-29 19:22:09,43.3498573303223,-8.42797660827637,"Unknown"
"7014853",371857,2025-06-29 19:27:10,43.3498229980469,-8.4280834197998,"Unknown"
"7014853",371857,2025-06-29 19:32:09,43.3498077392578,-8.4280309677124,"Unknown"
"7014853",371857,2025-06-29 19:37:10,43.3498229980469,-8.42803764343262,"Unknown"
"7014853",371857,2025-06-29 19:42:09,43.349796295166,-8.42804622650146,"Unknown"
"7014853",371857,2025-06-29 19:47:10,43.349796295166,-8.42804145812988,"Unknown"
"7014853",371857,2025-06-29 19:52:10,43.3498764038086,-8.42807579040527,"Unknown"
"7014853",371857,2025-06-29 19:57:10,43.349853515625,-8.42805290222168,"Unknown"
"7014853",371857,2025-06-29 20:02:10,43.349796295166,-8.42801284790039,"Unknown"
"7014853",371857,2025-06-29 20:07:10,43.3498001098633,-8.42809009552002,"Unknown"
"7014853",371857,2025-06-29 20:12:10,43.3498306274414,-8.42809772491455,"Unknown"
"7014853",371857,2025-06-29 20:17:10,43.3498153686523,-8.42810440063477,"Unknown"
"7014853",371857,2025-06-29 20:22:10,43.3498229980469,-8.4280834197998,"Unknown"
"7014853",371857,2025-06-29 20:27:11,43.3497848510742,-8.42810535430908,"Unknown"
"7014853",371857,2025-06-29 20:32:11,43.3498420715332,-8.42812442779541,"Unknown"
"7014853",371857,2025-06-29 20:37:10,43.3498191833496,-8.42799282073975,"Unknown"
"7014853",371857,2025-06-29 20:42:10,43.3498306274414,-8.42795944213867,"Unknown"
"7014853",371857,2025-06-29 20:47:10,43.3498153686523,-8.42786693572998,"Unknown"
"7014853",371857,2025-06-29 20:52:11,43.3497924804688,-8.42776679992676,"Unknown"
"7014853",371857,2025-06-29 20:57:10,43.3497581481934,-8.42742443084717,"Unknown"
"7014853",371857,2025-06-29 21:02:10,43.3514366149902,-8.42404556274414,"Unknown"
"7014853",371857,2025-06-29 21:04:54,43.351448059082,-8.42407608032227,"Unknown"
"7014853",371857,2025-06-30 02:04:56,43.3517761230469,-8.42373466491699,"Unknown"
"7014853",371857,2025-06-30 05:02:43,43.3560447692871,-8.45792293548584,"Unknown"
"7014853",371857,2025-06-30 05:07:06,43.356372833252,-8.45732593536377,"Unknown"
"7014853",371857,2025-06-30 05:12:23,43.3565864562988,-8.45724487304688,"Unknown"
"7014853",371857,2025-06-30 05:17:16,43.3569946289062,-8.45752620697021,"Unknown"
"7014853",371857,2025-06-30 05:22:07,43.3565711975098,-8.4570198059082,"Unknown"
"7014853",371857,2025-06-30 05:27:07,43.3561630249023,-8.46784591674805,"Unknown"
"7014853",371857,2025-06-30 05:32:06,43.3566360473633,-8.47915840148926,"Unknown"
"7014853",371857,2025-06-30 05:37:07,43.3547897338867,-8.51585483551025,"Unknown"
"7014853",371857,2025-06-30 05:42:06,43.3545761108398,-8.51803398132324,"Unknown"
"7014853",371857,2025-06-30 05:47:07,43.3544425964355,-8.51761817932129,"Unknown"
"7014853",371857,2025-06-30 05:52:07,43.3545417785645,-8.51796817779541,"Unknown"
"7014853",371857,2025-06-30 05:57:07,43.3461380004883,-8.55688858032227,"Unknown"
"7014853",371857,2025-06-30 06:02:07,43.3318786621094,-8.60288333892822,"Unknown"
"7014853",371857,2025-06-30 06:07:07,43.320629119873,-8.65106201171875,"Unknown"
"7014853",371857,2025-06-30 06:12:07,43.3217849731445,-8.69562911987305,"Unknown"
"7014853",371857,2025-06-30 06:17:06,43.317626953125,-8.73990249633789,"Unknown"
"7014853",371857,2025-06-30 06:22:07,43.330867767334,-8.78009033203125,"Unknown"
"7014853",371857,2025-06-30 06:27:07,43.3461608886719,-8.81971645355225,"Unknown"
"7014853",371857,2025-06-30 06:32:06,43.3598175048828,-8.84354019165039,"Unknown"
"7014853",371857,2025-06-30 06:37:10,43.3594551086426,-8.84372425079346,"Unknown"
"7014853",371857,2025-06-30 06:42:07,43.3593978881836,-8.8437385559082,"Unknown"
"7014853",371857,2025-06-30 06:47:07,43.3593330383301,-8.84386157989502,"Unknown"
"7014853",371857,2025-06-30 06:52:06,43.3593826293945,-8.84382152557373,"Unknown"
"7014853",371857,2025-06-30 06:57:07,43.359317779541,-8.84383201599121,"Unknown"
"7014853",371857,2025-06-30 07:02:07,43.359375,-8.84391117095947,"Unknown"
"7014853",371857,2025-06-30 07:07:10,43.3593063354492,-8.84376049041748,"Unknown"
"7014853",371857,2025-06-30 07:12:07,43.3592681884766,-8.84376811981201,"Unknown"
"7014853",371857,2025-06-30 07:17:07,43.3593482971191,-8.84375381469727,"Unknown"
"7014853",371857,2025-06-30 07:22:10,43.3592720031738,-8.8437557220459,"Unknown"
"7014853",371857,2025-06-30 07:27:08,43.3592987060547,-8.84376049041748,"Unknown"
"7014853",371857,2025-06-30 07:32:10,43.3593139648438,-8.84370136260986,"Unknown"
"7014853",371857,2025-06-30 07:37:07,43.3591842651367,-8.84373950958252,"Unknown"
"7014853",371857,2025-06-30 07:42:08,43.3593292236328,-8.84376049041748,"Unknown"
"7014853",371857,2025-06-30 07:47:07,43.3593063354492,-8.84363079071045,"Unknown"
"7014853",371857,2025-06-30 07:52:07,43.3595504760742,-8.84416580200195,"Unknown"
"7014853",371857,2025-06-30 07:57:10,43.3590545654297,-8.84415626525879,"Unknown"
"7014853",371857,2025-06-30 08:02:07,43.3595161437988,-8.84349250793457,"Unknown"
"7014853",371857,2025-06-30 08:07:07,43.3590431213379,-8.84359264373779,"Unknown"
"7014853",371857,2025-06-30 08:12:10,43.3590965270996,-8.84353733062744,"Unknown"
"7014853",371857,2025-06-30 08:17:08,43.3590850830078,-8.84353637695312,"Unknown"
"7014853",371857,2025-06-30 08:22:12,43.3589820861816,-8.8434419631958,"Unknown"
"7014853",371857,2025-06-30 08:27:09,43.3587799072266,-8.84309101104736,"Unknown"
"7014853",371857,2025-06-30 08:32:09,43.3591766357422,-8.843430519104,"Unknown"
"7014853",371857,2025-06-30 08:37:25,43.3597221374512,-8.84328746795654,"Unknown"
"7014853",371857,2025-06-30 08:42:07,43.3587036132812,-8.84325408935547,"Unknown"
"7014853",371857,2025-06-30 08:47:20,43.3602104187012,-8.84429931640625,"Unknown"
"7014853",371857,2025-06-30 08:52:09,43.3641052246094,-8.84487152099609,"Unknown"
"7014853",371857,2025-06-30 08:57:07,43.3612899780273,-8.84389591217041,"Unknown"
"7014853",371857,2025-06-30 09:02:11,43.3611335754395,-8.8440465927124,"Unknown"
"7014853",371857,2025-06-30 09:07:07,43.3614387512207,-8.84848308563232,"Unknown"
"7014853",371857,2025-06-30 09:12:07,43.3598480224609,-8.8437671661377,"Unknown"
"7014853",371857,2025-06-30 09:17:07,43.3596115112305,-8.84368419647217,"Unknown"
"7014853",371857,2025-06-30 09:22:07,43.3595695495605,-8.84353733062744,"Unknown"
"7014853",371857,2025-06-30 09:27:07,43.359748840332,-8.84379768371582,"Unknown"
"7014853",371857,2025-06-30 09:32:07,43.3596076965332,-8.84376239776611,"Unknown"
"7014853",371857,2025-06-30 09:37:09,43.3596305847168,-8.84369659423828,"Unknown"
"7014853",371857,2025-06-30 09:42:07,43.3596954345703,-8.84377670288086,"Unknown"
"7014853",371857,2025-06-30 09:47:07,43.3596076965332,-8.84368324279785,"Unknown"
"7014853",371857,2025-06-30 09:52:07,43.3596382141113,-8.84370231628418,"Unknown"
"7014853",371857,2025-06-30 09:57:06,43.3594512939453,-8.84360599517822,"Unknown"
"7014853",371857,2025-06-30 10:02:06,43.3593139648438,-8.84353733062744,"Unknown"
"7014853",371857,2025-06-30 10:07:07,43.3592872619629,-8.84330081939697,"Unknown"
"7014853",371857,2025-06-30 10:12:06,43.3592338562012,-8.84311103820801,"Unknown"
"7014853",371857,2025-06-30 10:17:07,43.3595161437988,-8.84341621398926,"Unknown"
"7014853",371857,2025-06-30 10:22:06,43.3593139648438,-8.84308624267578,"Unknown"
"7014853",371857,2025-06-30 10:27:07,43.3594741821289,-8.84251594543457,"Unknown"
"7014853",371857,2025-06-30 10:32:07,43.3594818115234,-8.84297847747803,"Unknown"
"7014853",371857,2025-06-30 10:37:07,43.3594398498535,-8.84271144866943,"Unknown"
"7014853",371857,2025-06-30 10:42:07,43.3596076965332,-8.84243202209473,"Unknown"
"7014853",371857,2025-06-30 10:47:07,43.3595504760742,-8.84245204925537,"Unknown"
"7014853",371857,2025-06-30 10:52:09,43.359504699707,-8.84270858764648,"Unknown"
"7014853",371857,2025-06-30 10:57:07,43.3593444824219,-8.84281158447266,"Unknown"
"7014853",371857,2025-06-30 11:02:08,43.3593406677246,-8.84281921386719,"Unknown"
"7014853",371857,2025-06-30 11:07:08,43.3594856262207,-8.84276103973389,"Unknown"
"7014853",371857,2025-06-30 11:12:06,43.359432220459,-8.84273147583008,"Unknown"
"7014853",371857,2025-06-30 11:17:24,43.3600006103516,-8.84308910369873,"Unknown"
"7014853",371857,2025-06-30 11:22:09,43.359504699707,-8.84299468994141,"Unknown"
"7014853",371857,2025-06-30 11:27:08,43.359546661377,-8.84284210205078,"Unknown"
"7014853",371857,2025-06-30 11:32:06,43.3596076965332,-8.84303283691406,"Unknown"
"7014853",371857,2025-06-30 11:37:08,43.3596267700195,-8.84303855895996,"Unknown"
"7014853",371857,2025-06-30 11:42:08,43.359489440918,-8.84287071228027,"Unknown"
"7014853",371857,2025-06-30 11:47:07,43.3590469360352,-8.84320640563965,"Unknown"
"7014853",371857,2025-06-30 11:52:07,43.359748840332,-8.84316730499268,"Unknown"
"7014853",371857,2025-06-30 11:57:07,43.3597373962402,-8.84319972991943,"Unknown"
"7014853",371857,2025-06-30 12:02:06,43.3588256835938,-8.8432092666626,"Unknown"
"7014853",371857,2025-06-30 12:07:07,43.3590126037598,-8.84327507019043,"Unknown"
"7014853",371857,2025-06-30 12:12:06,43.3586273193359,-8.84320735931396,"Unknown"
"7014853",371857,2025-06-30 12:17:07,43.3594932556152,-8.84359836578369,"Unknown"
"7014853",371857,2025-06-30 12:22:07,43.359302520752,-8.84354686737061,"Unknown"
"7014853",371857,2025-06-30 12:27:07,43.3592720031738,-8.84334850311279,"Unknown"
"7014853",371857,2025-06-30 12:32:07,43.3588485717773,-8.84342384338379,"Unknown"
"7014853",371857,2025-06-30 12:37:06,43.3743553161621,-8.86047267913818,"Unknown"
"7014853",371857,2025-06-30 12:42:07,43.3990631103516,-8.88509178161621,"Unknown"
"7014853",371857,2025-06-30 12:47:06,43.413761138916,-8.90240478515625,"Unknown"
"7014853",371857,2025-06-30 12:52:06,43.4140739440918,-8.90170001983643,"Unknown"
"7014853",371857,2025-06-30 12:57:06,43.4425926208496,-8.89314270019531,"Unknown"
"7014853",371857,2025-06-30 13:02:07,43.4502601623535,-8.89720916748047,"Unknown"
"7014853",371857,2025-06-30 13:07:09,43.4514503479004,-8.89939880371094,"Unknown"
"7014853",371857,2025-06-30 13:12:07,43.4521026611328,-8.90123558044434,"Unknown"
"7014853",371857,2025-06-30 13:17:06,43.4531059265137,-8.90391635894775,"Unknown"
"7014853",371857,2025-06-30 13:22:07,43.4560546875,-8.90498638153076,"Unknown"
"7014853",371857,2025-06-30 13:27:08,43.4563636779785,-8.90595149993896,"Unknown"
"7014853",371857,2025-06-30 13:32:10,43.4559707641602,-8.9063835144043,"Unknown"
"7014853",371857,2025-06-30 13:37:07,43.4553833007812,-8.90771293640137,"Unknown"
"7014853",371857,2025-06-30 13:42:06,43.4548568725586,-8.91096878051758,"Unknown"
"7014853",371857,2025-06-30 13:47:07,43.4547348022461,-8.91227912902832,"Unknown"
"7014853",371857,2025-06-30 13:52:08,43.454402923584,-8.91310405731201,"Unknown"
"7014853",371857,2025-06-30 13:57:06,43.454647064209,-8.91419410705566,"Unknown"
"7014853",371857,2025-06-30 14:02:07,43.466423034668,-8.92153453826904,"Unknown"
"7014853",371857,2025-06-30 14:07:06,43.4938049316406,-8.93306636810303,"Unknown"
"7014853",371857,2025-06-30 14:12:06,43.5203704833984,-8.94623756408691,"Unknown"
"7014853",371857,2025-06-30 14:17:06,43.5442581176758,-8.94472503662109,"Unknown"
"7014853",371857,2025-06-30 14:22:06,43.5657386779785,-8.92487716674805,"Unknown"
"7014853",371857,2025-06-30 14:27:06,43.5868682861328,-8.91340065002441,"Unknown"
"7014853",371857,2025-06-30 14:32:07,43.6084899902344,-8.89530944824219,"Unknown"
"7014853",371857,2025-06-30 14:37:07,43.6291999816895,-8.87206935882568,"Unknown"
"7014853",371857,2025-06-30 14:42:07,43.6438941955566,-8.84278011322021,"Unknown"
"7014853",371857,2025-06-30 14:47:06,43.6549453735352,-8.82357311248779,"Unknown"
"7014853",371857,2025-06-30 14:52:07,43.6540374755859,-8.81286430358887,"Unknown"
"7014853",371857,2025-06-30 14:57:09,43.6568641662598,-8.80227565765381,"Unknown"
"7014853",371857,2025-06-30 15:02:07,43.6582870483398,-8.79642009735107,"Unknown"
"7014853",371857,2025-06-30 15:07:06,43.6602249145508,-8.79128170013428,"Unknown"
"7014853",371857,2025-06-30 15:12:09,43.6523475646973,-8.79052448272705,"Unknown"
"7014853",371857,2025-06-30 15:17:11,43.6070022583008,-8.790940284729,"Unknown"
"7014853",371857,2025-06-30 15:22:08,43.5623588562012,-8.79426288604736,"Unknown"
"7014853",371857,2025-06-30 15:27:07,43.5178375244141,-8.80895614624023,"Unknown"
"7014853",371857,2025-06-30 15:32:07,43.4715843200684,-8.81720161437988,"Unknown"
"7014853",371857,2025-06-30 15:37:07,43.4444236755371,-8.82622051239014,"Unknown"
"7014853",371857,2025-06-30 15:42:07,43.4026412963867,-8.8421573638916,"Unknown"
"7014853",371857,2025-06-30 15:47:28,43.361888885498,-8.84272480010986,"Unknown"
"7014853",371857,2025-06-30 15:52:09,43.3595848083496,-8.84361171722412,"Unknown"
"7014853",371857,2025-06-30 15:57:10,43.3596420288086,-8.84357738494873,"Unknown"
"7014853",371857,2025-06-30 16:02:19,43.3594589233398,-8.84374237060547,"Unknown"
"7014853",371857,2025-06-30 16:07:35,43.3593482971191,-8.84344387054443,"Unknown"
"7014853",371857,2025-06-30 16:12:06,43.3593368530273,-8.84323024749756,"Unknown"
"7014853",371857,2025-06-30 16:17:06,43.3592796325684,-8.84327697753906,"Unknown"
"7014853",371857,2025-06-30 16:22:22,43.3592987060547,-8.84323787689209,"Unknown"
"7014853",371857,2025-06-30 16:27:06,43.3592987060547,-8.84329795837402,"Unknown"
"7014853",371857,2025-06-30 16:32:13,43.3592910766602,-8.84335231781006,"Unknown"
"7014853",371857,2025-06-30 16:37:06,43.3592987060547,-8.84326171875,"Unknown"
"7014853",371857,2025-06-30 16:42:07,43.3593826293945,-8.84342479705811,"Unknown"
"7014853",371857,2025-06-30 16:47:07,43.359317779541,-8.84335613250732,"Unknown"
"7014853",371857,2025-06-30 16:52:07,43.359245300293,-8.8434944152832,"Unknown"
"7014853",371857,2025-06-30 16:57:06,43.3592834472656,-8.84337425231934,"Unknown"
"7014853",371857,2025-06-30 17:02:06,43.3592529296875,-8.84341716766357,"Unknown"
"7014853",371857,2025-06-30 17:07:06,43.3592567443848,-8.84336948394775,"Unknown"
"7014853",371857,2025-06-30 17:12:07,43.3592758178711,-8.84349536895752,"Unknown"
"7014853",371857,2025-06-30 17:17:07,43.3593635559082,-8.84345054626465,"Unknown"
"7014853",371857,2025-06-30 17:22:19,43.359203338623,-8.84341239929199,"Unknown"
"7014853",371857,2025-06-30 17:27:10,43.3592681884766,-8.84336853027344,"Unknown"
"7014853",371857,2025-06-30 17:32:09,43.3593292236328,-8.84337043762207,"Unknown"
"7014853",371857,2025-06-30 17:37:06,43.3592720031738,-8.84352874755859,"Unknown"
"7014853",371857,2025-06-30 17:42:06,43.3593406677246,-8.8434886932373,"Unknown"
"7014853",371857,2025-06-30 17:47:06,43.3593711853027,-8.8435697555542,"Unknown"
"7014853",371857,2025-06-30 17:52:07,43.3594169616699,-8.84371948242188,"Unknown"
"7014853",371857,2025-06-30 17:57:07,43.3593368530273,-8.84364604949951,"Unknown"
"7014853",371857,2025-06-30 18:02:06,43.359432220459,-8.84361267089844,"Unknown"
"7014853",371857,2025-06-30 18:07:06,43.3591957092285,-8.8437614440918,"Unknown"
"7014853",371857,2025-06-30 18:12:07,43.3586730957031,-8.84327220916748,"Unknown"
"7014853",371857,2025-06-30 18:17:07,43.3594169616699,-8.84375286102295,"Unknown"
"7014853",371857,2025-06-30 18:22:07,43.3594970703125,-8.84402847290039,"Unknown"
"7014853",371857,2025-06-30 18:27:06,43.3594589233398,-8.84381198883057,"Unknown"
"7014853",371857,2025-06-30 18:32:06,43.3594589233398,-8.84391307830811,"Unknown"
"7014853",371857,2025-06-30 18:37:06,43.3591117858887,-8.84372425079346,"Unknown"
"7014853",371857,2025-06-30 18:42:06,43.3593444824219,-8.84375953674316,"Unknown"
"7014853",371857,2025-06-30 18:47:06,43.3593788146973,-8.84380435943604,"Unknown"
"7014853",371857,2025-06-30 18:52:06,43.3590812683105,-8.84390830993652,"Unknown"
"7014853",371857,2025-06-30 18:57:06,43.3591156005859,-8.84365653991699,"Unknown"
"7014853",371857,2025-06-30 19:02:06,43.3592834472656,-8.84370708465576,"Unknown"
"7014853",371857,2025-06-30 19:07:06,43.359317779541,-8.84366035461426,"Unknown"
"7014853",371857,2025-06-30 19:12:06,43.3644981384277,-8.84497928619385,"Unknown"
"7014853",371857,2025-06-30 19:17:10,43.3646812438965,-8.84626483917236,"Unknown"
"7014853",371857,2025-06-30 19:22:07,43.3611259460449,-8.84483337402344,"Unknown"
"7014853",371857,2025-06-30 19:27:07,43.3614959716797,-8.84460353851318,"Unknown"
"7014853",371857,2025-06-30 19:32:09,43.3614692687988,-8.84478092193604,"Unknown"
"7014853",371857,2025-06-30 19:37:10,43.3613319396973,-8.84468746185303,"Unknown"
"7014853",371857,2025-06-30 19:42:08,43.3608856201172,-8.84405612945557,"Unknown"
"7014853",371857,2025-06-30 19:47:07,43.3613128662109,-8.844895362854,"Unknown"
"7014853",371857,2025-06-30 19:52:07,43.3614768981934,-8.84475898742676,"Unknown"
"7014853",371857,2025-06-30 19:57:11,43.3615036010742,-8.84482955932617,"Unknown"
"7014853",371857,2025-06-30 20:02:06,43.3603858947754,-8.84645366668701,"Unknown"
"7014853",371857,2025-06-30 20:07:06,43.3591766357422,-8.84346961975098,"Unknown"
"7014853",371857,2025-06-30 20:12:07,43.3585510253906,-8.84390258789062,"Unknown"
"7014853",371857,2025-06-30 20:17:07,43.3590545654297,-8.84314155578613,"Unknown"
"7014853",371857,2025-06-30 20:22:07,43.3591384887695,-8.84329414367676,"Unknown"
"7014853",371857,2025-06-30 20:27:06,43.359432220459,-8.84353923797607,"Unknown"
"7014853",371857,2025-06-30 20:32:08,43.3591423034668,-8.84333324432373,"Unknown"
"7014853",371857,2025-06-30 20:37:09,43.3584823608398,-8.84373664855957,"Unknown"
"7014853",371857,2025-06-30 20:42:07,43.3596878051758,-8.84410572052002,"Unknown"
"7014853",371857,2025-06-30 20:47:08,43.360050201416,-8.84395217895508,"Unknown"
"7014853",371857,2025-06-30 20:52:06,43.3601760864258,-8.84395503997803,"Unknown"
"7014853",371857,2025-06-30 20:57:07,43.3599624633789,-8.84435653686523,"Unknown"
"7014853",371857,2025-06-30 21:02:07,43.3596267700195,-8.84426593780518,"Unknown"
"7014853",371857,2025-06-30 21:06:30,43.3590621948242,-8.84350299835205,"Unknown"
"7014853",371857,2025-07-01 02:06:59,43.3591575622559,-8.84347152709961,"Unknown"
"7014853",371857,2025-07-01 05:04:25,43.3593368530273,-8.84343528747559,"Unknown"
"7014853",371857,2025-07-01 05:09:17,43.3590354919434,-8.84341049194336,"Unknown"
"7014853",371857,2025-07-01 05:14:21,43.3590469360352,-8.84237766265869,"Unknown"
"7014853",371857,2025-07-01 05:19:14,43.3590354919434,-8.84325695037842,"Unknown"
"7014853",371857,2025-07-01 05:24:13,43.3590240478516,-8.84315013885498,"Unknown"
"7014853",371857,2025-07-01 05:29:17,43.3591041564941,-8.84336376190186,"Unknown"
"7014853",371857,2025-07-01 05:34:16,43.3589782714844,-8.84325218200684,"Unknown"
"7014853",371857,2025-07-01 05:39:35,43.3591537475586,-8.84347248077393,"Unknown"
"7014853",371857,2025-07-01 05:44:11,43.3592987060547,-8.84343719482422,"Unknown"
"7014853",371857,2025-07-01 05:49:14,43.3593902587891,-8.84337425231934,"Unknown"
"7014853",371857,2025-07-01 05:54:14,43.3593063354492,-8.84317111968994,"Unknown"
"7014853",371857,2025-07-01 05:59:12,43.343677520752,-8.82667255401611,"Unknown"
"7014853",371857,2025-07-01 06:04:12,43.3372611999512,-8.81689357757568,"Unknown"
"7014853",371857,2025-07-01 06:09:13,43.3301086425781,-8.80465698242188,"Unknown"
"7014853",371857,2025-07-01 06:14:13,43.3221893310547,-8.80252456665039,"Unknown"
"7014853",371857,2025-07-01 06:19:13,43.3223114013672,-8.80252361297607,"Unknown"
"7014853",371857,2025-07-01 06:24:14,43.323127746582,-8.80583381652832,"Unknown"
"7014853",371857,2025-07-01 06:29:14,43.323429107666,-8.80509662628174,"Unknown"
"7014853",371857,2025-07-01 06:34:17,43.322338104248,-8.80342102050781,"Unknown"
"7014853",371857,2025-07-01 06:39:13,43.3219337463379,-8.80252075195312,"Unknown"
"7014853",371857,2025-07-01 06:44:13,43.3222198486328,-8.80243301391602,"Unknown"
"7014853",371857,2025-07-01 06:49:12,43.3226737976074,-8.80510711669922,"Unknown"
"7014853",371857,2025-07-01 06:54:17,43.322437286377,-8.80373001098633,"Unknown"
"7014853",371857,2025-07-01 06:59:13,43.3232307434082,-8.80568027496338,"Unknown"
"7014853",371857,2025-07-01 07:04:12,43.327709197998,-8.80659103393555,"Unknown"
"7014853",371857,2025-07-01 07:09:12,43.335075378418,-8.81204032897949,"Unknown"
"7014853",371857,2025-07-01 07:14:12,43.3557815551758,-8.80604076385498,"Unknown"
"7014853",371857,2025-07-01 07:19:14,43.3678169250488,-8.80513191223145,"Unknown"
"7014853",371857,2025-07-01 07:24:13,43.3685455322266,-8.80607032775879,"Unknown"
"7014853",371857,2025-07-01 07:29:13,43.3687973022461,-8.80679607391357,"Unknown"
"7014853",371857,2025-07-01 07:34:12,43.3717575073242,-8.80720996856689,"Unknown"
"7014853",371857,2025-07-01 07:39:16,43.386058807373,-8.82930088043213,"Unknown"
"7014853",371857,2025-07-01 07:44:12,43.4006195068359,-8.8430347442627,"Unknown"
"7014853",371857,2025-07-01 07:49:12,43.4241905212402,-8.85130596160889,"Unknown"
"7014853",371857,2025-07-01 07:54:12,43.4349822998047,-8.86100387573242,"Unknown"
"7014853",371857,2025-07-01 07:59:12,43.4018592834473,-8.88200187683105,"Unknown"
"7014853",371857,2025-07-01 08:04:12,43.3785552978516,-8.88447189331055,"Unknown"
"7014853",371857,2025-07-01 08:09:12,43.372631072998,-8.87437057495117,"Unknown"
"7014853",371857,2025-07-01 08:14:13,43.3593063354492,-8.8434362411499,"Unknown"
"7014853",371857,2025-07-01 08:19:15,43.3591461181641,-8.84343338012695,"Unknown"
"7014853",371857,2025-07-01 08:24:15,43.3589935302734,-8.84351444244385,"Unknown"
"7014853",371857,2025-07-01 08:29:17,43.3591346740723,-8.84331226348877,"Unknown"
"7014853",371857,2025-07-01 08:34:21,43.3591575622559,-8.84342098236084,"Unknown"
"7014853",371857,2025-07-01 08:39:30,43.3591079711914,-8.84350204467773,"Unknown"
"7014853",371857,2025-07-01 08:44:26,43.359188079834,-8.84337902069092,"Unknown"
"7014853",371857,2025-07-01 08:49:36,43.359188079834,-8.84352970123291,"Unknown"
"7014853",371857,2025-07-01 08:54:25,43.3590660095215,-8.84356021881104,"Unknown"
"7014853",371857,2025-07-01 08:59:12,43.3591270446777,-8.84349918365479,"Unknown"
"7014853",371857,2025-07-01 09:04:17,43.3591041564941,-8.84352970123291,"Unknown"
"7014853",371857,2025-07-01 09:09:17,43.3590888977051,-8.84350681304932,"Unknown"
"7014853",371857,2025-07-01 09:14:13,43.3592147827148,-8.84334850311279,"Unknown"
"7014853",371857,2025-07-01 09:19:13,43.3590774536133,-8.8435640335083,"Unknown"
"7014853",371857,2025-07-01 09:24:12,43.3591690063477,-8.84345436096191,"Unknown"
"7014853",371857,2025-07-01 09:29:14,43.3591041564941,-8.84355068206787,"Unknown"
"7014853",371857,2025-07-01 09:34:14,43.3591842651367,-8.84350776672363,"Unknown"
"7014853",371857,2025-07-01 09:39:16,43.3592262268066,-8.84347820281982,"Unknown"
"7014853",371857,2025-07-01 09:44:32,43.3591537475586,-8.84348583221436,"Unknown"
"7014853",371857,2025-07-01 09:49:13,43.3589553833008,-8.8428316116333,"Unknown"
"7014853",371857,2025-07-01 09:54:12,43.3590927124023,-8.84357833862305,"Unknown"
"7014853",371857,2025-07-01 09:59:12,43.3591384887695,-8.84346008300781,"Unknown"
"7014853",371857,2025-07-01 10:04:12,43.359203338623,-8.84317588806152,"Unknown"
"7014853",371857,2025-07-01 10:09:12,43.3591384887695,-8.8434476852417,"Unknown"
"7014853",371857,2025-07-01 10:14:12,43.359188079834,-8.84331893920898,"Unknown"
"7014853",371857,2025-07-01 10:19:12,43.3591346740723,-8.84351825714111,"Unknown"
"7014853",371857,2025-07-01 10:24:14,43.3591842651367,-8.84362411499023,"Unknown"
"7014853",371857,2025-07-01 10:29:18,43.3591613769531,-8.84326839447021,"Unknown"
"7014853",371857,2025-07-01 10:34:15,43.3592300415039,-8.84346771240234,"Unknown"
"7014853",371857,2025-07-01 10:39:15,43.3592948913574,-8.84347629547119,"Unknown"
"7014853",371857,2025-07-01 10:44:12,43.3714408874512,-8.84503173828125,"Unknown"
"7014853",371857,2025-07-01 10:49:12,43.3927803039551,-8.82898330688477,"Unknown"
"7014853",371857,2025-07-01 10:54:12,43.3879661560059,-8.81520938873291,"Unknown"
"7014853",371857,2025-07-01 10:59:12,43.3911895751953,-8.81794548034668,"Unknown"
"7014853",371857,2025-07-01 11:04:13,43.3929100036621,-8.8201265335083,"Unknown"
"7014853",371857,2025-07-01 11:09:12,43.3934097290039,-8.820556640625,"Unknown"
"7014853",371857,2025-07-01 11:14:12,43.3993377685547,-8.81652355194092,"Unknown"
"7014853",371857,2025-07-01 11:19:12,43.409854888916,-8.81027793884277,"Unknown"
"7014853",371857,2025-07-01 11:24:12,43.4227180480957,-8.80363082885742,"Unknown"
"7014853",371857,2025-07-01 11:29:13,43.4288482666016,-8.80092906951904,"Unknown"
"7014853",371857,2025-07-01 11:34:12,43.4428901672363,-8.79549789428711,"Unknown"
"7014853",371857,2025-07-01 11:39:13,43.4482574462891,-8.79329681396484,"Unknown"
"7014853",371857,2025-07-01 11:44:13,43.4480094909668,-8.79351425170898,"Unknown"
"7014853",371857,2025-07-01 11:49:12,43.459903717041,-8.78853988647461,"Unknown"
"7014853",371857,2025-07-01 11:54:16,43.4789276123047,-8.77951335906982,"Unknown"
"7014853",371857,2025-07-01 11:59:13,43.4793319702148,-8.78205013275146,"Unknown"
"7014853",371857,2025-07-01 12:04:17,43.4772033691406,-8.79930019378662,"Unknown"
"7014853",371857,2025-07-01 12:09:16,43.4775238037109,-8.80220699310303,"Unknown"
"7014853",371857,2025-07-01 12:14:13,43.4766960144043,-8.81052875518799,"Unknown"
"7014853",371857,2025-07-01 12:19:24,43.4759826660156,-8.81559276580811,"Unknown"
"7014853",371857,2025-07-01 12:24:17,43.4768218994141,-8.81791496276855,"Unknown"
"7014853",371857,2025-07-01 12:29:13,43.4763717651367,-8.81920719146729,"Unknown"
"7014853",371857,2025-07-01 12:34:17,43.4754371643066,-8.8336009979248,"Unknown"
"7014853",371857,2025-07-01 12:39:23,43.4747848510742,-8.83613586425781,"Unknown"
"7014853",371857,2025-07-01 12:44:12,43.4903297424316,-8.85062980651855,"Unknown"
"7014853",371857,2025-07-01 12:49:12,43.5137557983398,-8.86958503723145,"Unknown"
"7014853",371857,2025-07-01 12:54:13,43.5372314453125,-8.89084053039551,"Unknown"
"7014853",371857,2025-07-01 12:59:16,43.5640258789062,-8.90175724029541,"Unknown"
"7014853",371857,2025-07-01 13:04:13,43.5874252319336,-8.92236042022705,"Unknown"
"7014853",371857,2025-07-01 13:09:12,43.5969696044922,-8.954758644104,"Unknown"
"7014853",371857,2025-07-01 13:14:14,43.6050338745117,-8.9821081161499,"Unknown"
"7014853",371857,2025-07-01 13:19:15,43.6147117614746,-8.95808124542236,"Unknown"
"7014853",371857,2025-07-01 13:24:14,43.6249961853027,-8.92993927001953,"Unknown"
"7014853",371857,2025-07-01 13:29:13,43.6325912475586,-8.91167831420898,"Unknown"
"7014853",371857,2025-07-01 13:34:15,43.6414566040039,-8.8847827911377,"Unknown"
"7014853",371857,2025-07-01 13:39:17,43.6452445983887,-8.85940837860107,"Unknown"
"7014853",371857,2025-07-01 13:44:15,43.6552276611328,-8.84242725372314,"Unknown"
"7014853",371857,2025-07-01 13:49:19,43.6588897705078,-8.82640266418457,"Unknown"
"7014853",371857,2025-07-01 13:54:32,43.6581268310547,-8.83183193206787,"Unknown"
"7014853",371857,2025-07-01 13:59:13,43.6570472717285,-8.83207225799561,"Unknown"
"7014853",371857,2025-07-01 14:04:14,43.658130645752,-8.83043384552002,"Unknown"
"7014853",371857,2025-07-01 14:09:12,43.6572952270508,-8.82974052429199,"Unknown"
"7014853",371857,2025-07-01 14:14:12,43.6564407348633,-8.82903099060059,"Unknown"
"7014853",371857,2025-07-01 14:19:13,43.6156425476074,-8.83636856079102,"Unknown"
"7014853",371857,2025-07-01 14:24:12,43.570499420166,-8.85110378265381,"Unknown"
"7014853",371857,2025-07-01 14:29:13,43.5245475769043,-8.8567066192627,"Unknown"
"7014853",371857,2025-07-01 14:34:13,43.4791259765625,-8.8597583770752,"Unknown"
"7014853",371857,2025-07-01 14:39:12,43.4336853027344,-8.86163806915283,"Unknown"
"7014853",371857,2025-07-01 14:44:12,43.3901557922363,-8.85394191741943,"Unknown"
"7014853",371857,2025-07-01 14:49:12,43.3607978820801,-8.84346961975098,"Unknown"
"7014853",371857,2025-07-01 14:54:12,43.359432220459,-8.84367847442627,"Unknown"
"7014853",371857,2025-07-01 14:59:12,43.3593826293945,-8.84355163574219,"Unknown"
"7014853",371857,2025-07-01 15:04:12,43.3592643737793,-8.84352684020996,"Unknown"
"7014853",371857,2025-07-01 15:09:13,43.3592720031738,-8.84360218048096,"Unknown"
"7014853",371857,2025-07-01 15:14:13,43.3593215942383,-8.84365749359131,"Unknown"
"7014853",371857,2025-07-01 15:19:13,43.3593063354492,-8.84363746643066,"Unknown"
"7014853",371857,2025-07-01 15:24:13,43.3592567443848,-8.84364414215088,"Unknown"
"7014853",371857,2025-07-01 15:29:13,43.359302520752,-8.84362030029297,"Unknown"
"7014853",371857,2025-07-01 15:34:12,43.3592834472656,-8.84351634979248,"Unknown"
"7014853",371857,2025-07-01 15:39:14,43.3592796325684,-8.84346389770508,"Unknown"
"7014853",371857,2025-07-01 15:44:12,43.359748840332,-8.84309101104736,"Unknown"
"7014853",371857,2025-07-01 15:49:14,43.3588752746582,-8.84431648254395,"Unknown"
"7014853",371857,2025-07-01 15:54:12,43.3594245910645,-8.84359741210938,"Unknown"
"7014853",371857,2025-07-01 15:59:21,43.3591690063477,-8.84392166137695,"Unknown"
"7014853",371857,2025-07-01 16:04:12,43.3596878051758,-8.84360599517822,"Unknown"
"7014853",371857,2025-07-01 16:09:14,43.3633651733398,-8.84494495391846,"Unknown"
"7014853",371857,2025-07-01 16:14:14,43.361930847168,-8.84354686737061,"Unknown"
"7014853",371857,2025-07-01 16:19:12,43.362003326416,-8.84350776672363,"Unknown"
"7014853",371857,2025-07-01 16:24:13,43.3619766235352,-8.83951377868652,"Unknown"
"7014853",371857,2025-07-01 16:29:13,43.3594017028809,-8.84343910217285,"Unknown"
"7014853",371857,2025-07-01 16:34:17,43.3594360351562,-8.84350109100342,"Unknown"
"7014853",371857,2025-07-01 16:39:12,43.3764457702637,-8.85466480255127,"Unknown"
"7014853",371857,2025-07-01 16:44:12,43.3991203308105,-8.86883926391602,"Unknown"
"7014853",371857,2025-07-01 16:49:12,43.4184226989746,-8.89419937133789,"Unknown"
"7014853",371857,2025-07-01 16:54:12,43.4425430297852,-8.90771389007568,"Unknown"
"7014853",371857,2025-07-01 16:59:12,43.4681434631348,-8.90530490875244,"Unknown"
"7014853",371857,2025-07-01 17:04:12,43.4936256408691,-8.90340232849121,"Unknown"
"7014853",371857,2025-07-01 17:09:12,43.5202980041504,-8.89538669586182,"Unknown"
"7014853",371857,2025-07-01 17:14:12,43.533821105957,-8.87861919403076,"Unknown"
"7014853",371857,2025-07-01 17:19:13,43.5360794067383,-8.87360763549805,"Unknown"
"7014853",371857,2025-07-01 17:24:13,43.5389709472656,-8.86736297607422,"Unknown"
"7014853",371857,2025-07-01 17:29:12,43.5415267944336,-8.86248683929443,"Unknown"
"7014853",371857,2025-07-01 17:34:16,43.5437316894531,-8.85799217224121,"Unknown"
"7014853",371857,2025-07-01 17:39:12,43.5473480224609,-8.85207748413086,"Unknown"
"7014853",371857,2025-07-01 17:44:13,43.549861907959,-8.84775924682617,"Unknown"
"7014853",371857,2025-07-01 17:49:13,43.5522041320801,-8.84256649017334,"Unknown"
"7014853",371857,2025-07-01 17:54:13,43.5543022155762,-8.83831787109375,"Unknown"
"7014853",371857,2025-07-01 17:59:13,43.5530166625977,-8.83977794647217,"Unknown"
"7014853",371857,2025-07-01 18:04:13,43.5512390136719,-8.84191513061523,"Unknown"
"7014853",371857,2025-07-01 18:09:12,43.5497817993164,-8.84285068511963,"Unknown"
"7014853",371857,2025-07-01 18:14:12,43.5476112365723,-8.84324264526367,"Unknown"
"7014853",371857,2025-07-01 18:19:13,43.5451698303223,-8.84482955932617,"Unknown"
"7014853",371857,2025-07-01 18:24:13,43.543155670166,-8.84659957885742,"Unknown"
"7014853",371857,2025-07-01 18:29:12,43.5038604736328,-8.84410572052002,"Unknown"
"7014853",371857,2025-07-01 18:34:12,43.4528274536133,-8.84560489654541,"Unknown"
"7014853",371857,2025-07-01 18:39:12,43.4014091491699,-8.84738826751709,"Unknown"
"7014853",371857,2025-07-01 18:44:13,43.360652923584,-8.84673976898193,"Unknown"
"7014853",371857,2025-07-01 18:49:13,43.3592414855957,-8.84411430358887,"Unknown"
"7014853",371857,2025-07-01 18:54:12,43.3599853515625,-8.84481906890869,"Unknown"
"7014853",371857,2025-07-01 18:59:13,43.3598365783691,-8.84441947937012,"Unknown"
"7014853",371857,2025-07-01 19:04:13,43.3595695495605,-8.84387683868408,"Unknown"
"7014853",371857,2025-07-01 19:09:13,43.3596382141113,-8.84377288818359,"Unknown"
"7014853",371857,2025-07-01 19:14:13,43.3597373962402,-8.8435115814209,"Unknown"
"7014853",371857,2025-07-01 19:19:12,43.3597602844238,-8.8435697555542,"Unknown"
"7014853",371857,2025-07-01 19:24:14,43.3591156005859,-8.84350490570068,"Unknown"
"7014853",371857,2025-07-01 19:29:13,43.359748840332,-8.84364986419678,"Unknown"
"7014853",371857,2025-07-01 19:34:12,43.3596458435059,-8.84363746643066,"Unknown"
"7014853",371857,2025-07-01 19:39:12,43.3595886230469,-8.8435583114624,"Unknown"
"7014853",371857,2025-07-01 19:44:12,43.3595199584961,-8.84396743774414,"Unknown"
"7014853",371857,2025-07-01 19:49:12,43.3596153259277,-8.84354877471924,"Unknown"
"7014853",371857,2025-07-01 19:54:12,43.359447479248,-8.84354686737061,"Unknown"
"7014853",371857,2025-07-01 19:59:12,43.3591537475586,-8.84293746948242,"Unknown"
"7014853",371857,2025-07-01 20:04:13,43.3585739135742,-8.84355068206787,"Unknown"
"7014853",371857,2025-07-01 20:09:12,43.359489440918,-8.84376049041748,"Unknown"
"7014853",371857,2025-07-01 20:14:12,43.3595085144043,-8.8437385559082,"Unknown"
"7014853",371857,2025-07-01 20:19:13,43.3584976196289,-8.84336376190186,"Unknown"
"7014853",371857,2025-07-01 20:24:12,43.3595504760742,-8.84382247924805,"Unknown"
"7014853",371857,2025-07-01 20:29:12,43.3596076965332,-8.84389972686768,"Unknown"
"7014853",371857,2025-07-01 20:34:12,43.3588027954102,-8.84310817718506,"Unknown"
"7014853",371857,2025-07-01 20:39:15,43.3594207763672,-8.84322738647461,"Unknown"
"7014853",371857,2025-07-01 20:44:12,43.3594627380371,-8.84372138977051,"Unknown"
"7014853",371857,2025-07-01 20:49:13,43.3595237731934,-8.84371089935303,"Unknown"
"7014853",371857,2025-07-01 20:54:12,43.359561920166,-8.84374523162842,"Unknown"
"7014853",371857,2025-07-01 20:59:14,43.358283996582,-8.84432792663574,"Unknown"
"7014853",371857,2025-07-01 21:04:13,43.3584251403809,-8.84216976165771,"Unknown"
"7014853",371857,2025-07-01 21:06:15,43.3570442199707,-8.84572410583496,"Unknown"
"7014853",371857,2025-07-02 02:06:13,43.359260559082,-8.84372806549072,"Unknown"
"7014853",371857,2025-07-02 05:04:47,43.3678169250488,-8.84304332733154,"Unknown"
"7014853",371857,2025-07-02 05:09:47,43.3715133666992,-8.84784984588623,"Unknown"
"7014853",371857,2025-07-02 05:14:46,43.3730239868164,-8.85434246063232,"Unknown"
"7014853",371857,2025-07-02 05:19:47,43.3671875,-8.85113716125488,"Unknown"
"7014853",371857,2025-07-02 05:24:47,43.3604507446289,-8.84683418273926,"Unknown"
"7014853",371857,2025-07-02 05:30:23,43.3592567443848,-8.84356880187988,"Unknown"
"7014853",371857,2025-07-02 05:34:46,43.3595581054688,-8.84346199035645,"Unknown"
"7014853",371857,2025-07-02 05:39:46,43.3594818115234,-8.84346675872803,"Unknown"
"7014853",371857,2025-07-02 05:44:46,43.3594779968262,-8.84351348876953,"Unknown"
"7014853",371857,2025-07-02 05:49:46,43.3588829040527,-8.84290790557861,"Unknown"
"7014853",371857,2025-07-02 05:54:46,43.3597755432129,-8.84349918365479,"Unknown"
"7014853",371857,2025-07-02 05:59:46,43.3597412109375,-8.8435697555542,"Unknown"
"7014853",371857,2025-07-02 06:04:48,43.3600883483887,-8.84348678588867,"Unknown"
"7014853",371857,2025-07-02 06:09:47,43.3600120544434,-8.84351539611816,"Unknown"
"7014853",371857,2025-07-02 06:14:48,43.3592681884766,-8.84354877471924,"Unknown"
"7014853",371857,2025-07-02 06:19:48,43.3589630126953,-8.84360599517822,"Unknown"
"7014853",371857,2025-07-02 06:24:48,43.3589553833008,-8.84343528747559,"Unknown"
"7014853",371857,2025-07-02 06:29:49,43.3594245910645,-8.84323692321777,"Unknown"
"7014853",371857,2025-07-02 06:34:46,43.3594398498535,-8.84346389770508,"Unknown"
"7014853",371857,2025-07-02 06:39:54,43.3591117858887,-8.84375667572021,"Unknown"
"7014853",371857,2025-07-02 06:44:47,43.3591003417969,-8.84356307983398,"Unknown"
"7014853",371857,2025-07-02 06:50:05,43.359317779541,-8.84358596801758,"Unknown"
"7014853",371857,2025-07-02 06:54:46,43.3591613769531,-8.84368515014648,"Unknown"
"7014853",371857,2025-07-02 06:59:46,43.3591537475586,-8.84364318847656,"Unknown"
"7014853",371857,2025-07-02 07:04:46,43.3591537475586,-8.8436222076416,"Unknown"
"7014853",371857,2025-07-02 07:09:46,43.3592567443848,-8.84367942810059,"Unknown"
"7014853",371857,2025-07-02 07:14:46,43.3592147827148,-8.84373092651367,"Unknown"
"7014853",371857,2025-07-02 07:19:45,43.3592414855957,-8.84371662139893,"Unknown"
"7014853",371857,2025-07-02 07:24:46,43.3591766357422,-8.84365177154541,"Unknown"
"7014853",371857,2025-07-02 07:29:45,43.359203338623,-8.84369087219238,"Unknown"
"7014853",371857,2025-07-02 07:34:46,43.3591766357422,-8.8436861038208,"Unknown"
"7014853",371857,2025-07-02 07:39:46,43.3592071533203,-8.84364318847656,"Unknown"
"7014853",371857,2025-07-02 07:44:46,43.359375,-8.84360694885254,"Unknown"
"7014853",371857,2025-07-02 07:49:46,43.3592109680176,-8.84351062774658,"Unknown"
"7014853",371857,2025-07-02 07:54:46,43.3592071533203,-8.84353160858154,"Unknown"
"7014853",371857,2025-07-02 07:59:46,43.3521423339844,-8.82830715179443,"Unknown"
"7014853",371857,2025-07-02 08:04:46,43.3332481384277,-8.82675170898438,"Unknown"
"7014853",371857,2025-07-02 08:09:46,43.3321800231934,-8.82566165924072,"Unknown"
"7014853",371857,2025-07-02 08:14:46,43.3280754089355,-8.82818698883057,"Unknown"
"7014853",371857,2025-07-02 08:19:46,43.3277587890625,-8.82874488830566,"Unknown"
"7014853",371857,2025-07-02 08:24:46,43.3241271972656,-8.81730651855469,"Unknown"
"7014853",371857,2025-07-02 08:29:47,43.3226127624512,-8.80400371551514,"Unknown"
"7014853",371857,2025-07-02 08:34:47,43.3225288391113,-8.80395698547363,"Unknown"
"7014853",371857,2025-07-02 08:39:46,43.3326568603516,-8.82905006408691,"Unknown"
"7014853",371857,2025-07-02 08:44:46,43.3349685668945,-8.82588672637939,"Unknown"
"7014853",371857,2025-07-02 08:49:46,43.3383178710938,-8.82975006103516,"Unknown"
"7014853",371857,2025-07-02 08:54:46,43.351634979248,-8.84560966491699,"Unknown"
"7014853",371857,2025-07-02 08:59:48,43.3594017028809,-8.84372997283936,"Unknown"
"7014853",371857,2025-07-02 09:04:47,43.3591613769531,-8.84380435943604,"Unknown"
"7014853",371857,2025-07-02 09:09:47,43.3596992492676,-8.84370803833008,"Unknown"
"7014853",371857,2025-07-02 09:14:46,43.3594970703125,-8.84353828430176,"Unknown"
"7014853",371857,2025-07-02 09:19:52,43.359447479248,-8.84339237213135,"Unknown"
"7014853",371857,2025-07-02 09:24:46,43.3594436645508,-8.84339904785156,"Unknown"
"7014853",371857,2025-07-02 09:29:47,43.3594284057617,-8.84336757659912,"Unknown"
"7014853",371857,2025-07-02 09:34:46,43.3594589233398,-8.84337139129639,"Unknown"
"7014853",371857,2025-07-02 09:39:46,43.3594398498535,-8.8433952331543,"Unknown"
"7014853",371857,2025-07-02 09:44:47,43.3595886230469,-8.84333229064941,"Unknown"
"7014853",371857,2025-07-02 09:49:46,43.3596076965332,-8.8432731628418,"Unknown"
"7014853",371857,2025-07-02 09:54:46,43.3596305847168,-8.8432502746582,"Unknown"
"7014853",371857,2025-07-02 09:59:47,43.3595314025879,-8.84322261810303,"Unknown"
"7014853",371857,2025-07-02 10:04:47,43.3595542907715,-8.8433084487915,"Unknown"
"7014853",371857,2025-07-02 10:09:47,43.3595542907715,-8.84334182739258,"Unknown"
"7014853",371857,2025-07-02 10:14:47,43.359432220459,-8.84355640411377,"Unknown"
"7014853",371857,2025-07-02 10:19:47,43.3595352172852,-8.84338188171387,"Unknown"
"7014853",371857,2025-07-02 10:24:46,43.3595771789551,-8.84331893920898,"Unknown"
"7014853",371857,2025-07-02 10:29:46,43.359546661377,-8.84346485137939,"Unknown"
"7014853",371857,2025-07-02 10:34:47,43.3595581054688,-8.84342861175537,"Unknown"
"7014853",371857,2025-07-02 10:39:47,43.3596382141113,-8.84326267242432,"Unknown"
"7014853",371857,2025-07-02 10:44:47,43.3595275878906,-8.84343814849854,"Unknown"
"7014853",371857,2025-07-02 10:49:47,43.3594970703125,-8.84347915649414,"Unknown"
"7014853",371857,2025-07-02 10:54:47,43.3595237731934,-8.84339714050293,"Unknown"
"7014853",371857,2025-07-02 10:59:47,43.3595848083496,-8.84341049194336,"Unknown"
"7014853",371857,2025-07-02 11:04:47,43.3596000671387,-8.84352684020996,"Unknown"
"7014853",371857,2025-07-02 11:09:46,43.3594169616699,-8.84347343444824,"Unknown"
"7014853",371857,2025-07-02 11:14:46,43.3595962524414,-8.84341526031494,"Unknown"
"7014853",371857,2025-07-02 11:19:46,43.3596153259277,-8.84347438812256,"Unknown"
"7014853",371857,2025-07-02 11:24:46,43.3650703430176,-8.84780883789062,"Unknown"
"7014853",371857,2025-07-02 11:29:46,43.3844566345215,-8.86073017120361,"Unknown"
"7014853",371857,2025-07-02 11:34:46,43.4040107727051,-8.87431812286377,"Unknown"
"7014853",371857,2025-07-02 11:39:46,43.4224166870117,-8.89613914489746,"Unknown"
"7014853",371857,2025-07-02 11:44:46,43.4398040771484,-8.92090702056885,"Unknown"
"7014853",371857,2025-07-02 11:49:47,43.4560394287109,-8.95049953460693,"Unknown"
"7014853",371857,2025-07-02 11:54:46,43.4708137512207,-8.98270606994629,"Unknown"
"7014853",371857,2025-07-02 11:59:46,43.4818992614746,-9.02032089233398,"Unknown"
"7014853",371857,2025-07-02 12:04:47,43.4949951171875,-9.05075645446777,"Unknown"
"7014853",371857,2025-07-02 12:09:47,43.5124359130859,-9.07393550872803,"Unknown"
"7014853",371857,2025-07-02 12:14:46,43.5302658081055,-9.07213020324707,"Unknown"
"7014853",371857,2025-07-02 12:19:46,43.5474662780762,-9.06439208984375,"Unknown"
"7014853",371857,2025-07-02 12:29:46,43.5772438049316,-9.04825019836426,"Unknown"
"7014853",371857,2025-07-02 12:34:46,43.5866165161133,-9.02987957000732,"Unknown"
"7014853",371857,2025-07-02 12:39:46,43.5859909057617,-8.9995756149292,"Unknown"
"7014853",371857,2025-07-02 12:44:47,43.5830078125,-8.99060344696045,"Unknown"
"7014853",371857,2025-07-02 12:49:47,43.5821075439453,-8.99153327941895,"Unknown"
"7014853",371857,2025-07-02 12:54:48,43.5820159912109,-8.99592304229736,"Unknown"
"7014853",371857,2025-07-02 12:59:47,43.5835952758789,-8.99457454681396,"Unknown"
"7014853",371857,2025-07-02 13:04:46,43.5851135253906,-8.99233055114746,"Unknown"
"7014853",371857,2025-07-02 13:09:46,43.5861206054688,-8.99071407318115,"Unknown"
"7014853",371857,2025-07-02 13:14:46,43.5878105163574,-8.98904991149902,"Unknown"
"7014853",371857,2025-07-02 13:19:46,43.5893440246582,-8.98629474639893,"Unknown"
"7014853",371857,2025-07-02 13:24:46,43.5887260437012,-8.98625183105469,"Unknown"
"7014853",371857,2025-07-02 13:29:46,43.5886917114258,-8.98804759979248,"Unknown"
"7014853",371857,2025-07-02 13:34:46,43.5872459411621,-8.98794078826904,"Unknown"
"7014853",371857,2025-07-02 13:39:46,43.587818145752,-8.98633193969727,"Unknown"
"7014853",371857,2025-07-02 13:44:46,43.5878105163574,-8.98666286468506,"Unknown"
"7014853",371857,2025-07-02 13:49:46,43.5881309509277,-8.98873233795166,"Unknown"
"7014853",371857,2025-07-02 13:54:46,43.5882110595703,-8.99205303192139,"Unknown"
"7014853",371857,2025-07-02 13:59:47,43.5871810913086,-8.99410343170166,"Unknown"
"7014853",371857,2025-07-02 14:04:48,43.5873031616211,-8.99569129943848,"Unknown"
"7014853",371857,2025-07-02 14:09:47,43.5874252319336,-8.99721431732178,"Unknown"
"7014853",371857,2025-07-02 14:14:47,43.559814453125,-8.98700332641602,"Unknown"
"7014853",371857,2025-07-02 14:19:48,43.5167503356934,-8.96678161621094,"Unknown"
"7014853",371857,2025-07-02 14:24:47,43.479190826416,-8.94444942474365,"Unknown"
"7014853",371857,2025-07-02 14:29:47,43.4474754333496,-8.91599750518799,"Unknown"
"7014853",371857,2025-07-02 14:34:47,43.4151954650879,-8.88868522644043,"Unknown"
"7014853",371857,2025-07-02 14:39:47,43.3814964294434,-8.86152839660645,"Unknown"
"7014853",371857,2025-07-02 14:44:50,43.359806060791,-8.84378337860107,"Unknown"
"7014853",371857,2025-07-02 14:49:51,43.3594512939453,-8.84363746643066,"Unknown"
"7014853",371857,2025-07-02 14:54:48,43.3594512939453,-8.84349250793457,"Unknown"
"7014853",371857,2025-07-02 14:59:47,43.3594779968262,-8.84372997283936,"Unknown"
"7014853",371857,2025-07-02 15:04:47,43.3592987060547,-8.84365463256836,"Unknown"
"7014853",371857,2025-07-02 15:09:49,43.3595352172852,-8.84339237213135,"Unknown"
"7014853",371857,2025-07-02 15:14:49,43.359302520752,-8.84368133544922,"Unknown"
"7014853",371857,2025-07-02 15:19:48,43.3592262268066,-8.84359359741211,"Unknown"
"7014853",371857,2025-07-02 15:24:50,43.3593826293945,-8.84387397766113,"Unknown"
"7014853",371857,2025-07-02 15:29:49,43.3593254089355,-8.84366798400879,"Unknown"
"7014853",371857,2025-07-02 15:34:58,43.3594055175781,-8.8438777923584,"Unknown"
"7014853",371857,2025-07-02 15:39:54,43.3593406677246,-8.84382057189941,"Unknown"
"7014853",371857,2025-07-02 15:44:55,43.3593444824219,-8.84380435943604,"Unknown"
"7014853",371857,2025-07-02 15:49:54,43.3594055175781,-8.84390830993652,"Unknown"
"7014853",371857,2025-07-02 15:55:08,43.3594017028809,-8.84372329711914,"Unknown"
"7014853",371857,2025-07-02 15:59:55,43.3595237731934,-8.84384632110596,"Unknown"
"7014853",371857,2025-07-02 16:04:58,43.3593597412109,-8.84383010864258,"Unknown"
"7014853",371857,2025-07-02 16:09:54,43.3593902587891,-8.84385395050049,"Unknown"
"7014853",371857,2025-07-02 16:15:08,43.3594551086426,-8.84384536743164,"Unknown"
"7014853",371857,2025-07-02 16:20:14,43.3591079711914,-8.84361743927002,"Unknown"
"7014853",371857,2025-07-02 16:24:57,43.3591690063477,-8.84345149993896,"Unknown"
"7014853",371857,2025-07-02 16:29:56,43.3591156005859,-8.84316253662109,"Unknown"
"7014853",371857,2025-07-02 16:34:57,43.3589057922363,-8.8437032699585,"Unknown"
"7014853",371857,2025-07-02 16:39:51,43.359489440918,-8.84368228912354,"Unknown"
"7014853",371857,2025-07-02 16:44:55,43.3591079711914,-8.84350872039795,"Unknown"
"7014853",371857,2025-07-02 16:50:05,43.3591461181641,-8.8431224822998,"Unknown"
"7014853",371857,2025-07-02 16:54:54,43.3591423034668,-8.84315299987793,"Unknown"
"7014853",371857,2025-07-02 17:00:02,43.3591690063477,-8.84326362609863,"Unknown"
"7014853",371857,2025-07-02 17:04:54,43.359203338623,-8.84303855895996,"Unknown"
"7014853",371857,2025-07-02 17:10:00,43.359260559082,-8.84335899353027,"Unknown"
"7014853",371857,2025-07-02 17:14:57,43.3593215942383,-8.84311485290527,"Unknown"
"7014853",371857,2025-07-02 17:20:11,43.3594055175781,-8.84353637695312,"Unknown"
"7014853",371857,2025-07-02 17:24:47,43.3593826293945,-8.84356784820557,"Unknown"
"7014853",371857,2025-07-02 17:29:49,43.3594741821289,-8.84360313415527,"Unknown"
"7014853",371857,2025-07-02 17:34:47,43.3594360351562,-8.84367275238037,"Unknown"
"7014853",371857,2025-07-02 17:39:47,43.359748840332,-8.84383296966553,"Unknown"
"7014853",371857,2025-07-02 17:44:47,43.3597717285156,-8.84388637542725,"Unknown"
"7014853",371857,2025-07-02 17:49:47,43.3597602844238,-8.84399700164795,"Unknown"
"7014853",371857,2025-07-02 17:54:47,43.3598175048828,-8.8438835144043,"Unknown"
"7014853",371857,2025-07-02 17:59:48,43.3598480224609,-8.84376525878906,"Unknown"
"7014853",371857,2025-07-02 18:04:47,43.359920501709,-8.84378623962402,"Unknown"
"7014853",371857,2025-07-02 18:09:57,43.3598785400391,-8.84403514862061,"Unknown"
"7014853",371857,2025-07-02 18:15:12,43.3592109680176,-8.84361171722412,"Unknown"
"7014853",371857,2025-07-02 18:19:47,43.3592529296875,-8.8434591293335,"Unknown"
"7014853",371857,2025-07-02 18:24:47,43.3592910766602,-8.84353065490723,"Unknown"
"7014853",371857,2025-07-02 18:29:49,43.3589897155762,-8.84346771240234,"Unknown"
"7014853",371857,2025-07-02 18:34:47,43.3590393066406,-8.84317588806152,"Unknown"
"7014853",371857,2025-07-02 18:39:52,43.3593864440918,-8.84356784820557,"Unknown"
"7014853",371857,2025-07-02 18:44:47,43.3593521118164,-8.84347724914551,"Unknown"
"7014853",371857,2025-07-02 18:49:57,43.3594551086426,-8.84356021881104,"Unknown"
"7014853",371857,2025-07-02 18:54:47,43.3595123291016,-8.84380626678467,"Unknown"
"7014853",371857,2025-07-02 18:59:49,43.3587837219238,-8.84341049194336,"Unknown"
"7014853",371857,2025-07-02 19:04:51,43.3590126037598,-8.84345054626465,"Unknown"
"7014853",371857,2025-07-02 19:09:49,43.3588485717773,-8.84339427947998,"Unknown"
"7014853",371857,2025-07-02 19:14:48,43.3589401245117,-8.84315872192383,"Unknown"
"7014853",371857,2025-07-02 19:19:49,43.3589744567871,-8.84335994720459,"Unknown"
"7014853",371857,2025-07-02 19:24:56,43.3591766357422,-8.84339237213135,"Unknown"
"7014853",371857,2025-07-02 19:29:48,43.359203338623,-8.84354877471924,"Unknown"
"7014853",371857,2025-07-02 19:35:01,43.3592948913574,-8.84354019165039,"Unknown"
"7014853",371857,2025-07-02 19:39:47,43.3591613769531,-8.84332275390625,"Unknown"
"7014853",371857,2025-07-02 19:44:53,43.3592414855957,-8.84333515167236,"Unknown"
"7014853",371857,2025-07-02 19:49:47,43.3593788146973,-8.84326267242432,"Unknown"
"7014853",371857,2025-07-02 19:54:47,43.3592643737793,-8.8435697555542,"Unknown"
"7014853",371857,2025-07-02 19:59:47,43.3596229553223,-8.84333896636963,"Unknown"
"7014853",371857,2025-07-02 20:04:54,43.3591194152832,-8.84338474273682,"Unknown"
"7014853",371857,2025-07-02 20:09:53,43.3636245727539,-8.83755493164062,"Unknown"
"7014853",371857,2025-07-02 20:14:53,43.3642501831055,-8.83981609344482,"Unknown"
"7014853",371857,2025-07-02 20:20:01,43.3602828979492,-8.84107971191406,"Unknown"
"7014853",371857,2025-07-02 20:24:56,43.3591041564941,-8.84329414367676,"Unknown"
"7014853",371857,2025-07-02 20:29:54,43.3590888977051,-8.84331893920898,"Unknown"
"7014853",371857,2025-07-02 20:34:52,43.3591232299805,-8.84321403503418,"Unknown"
"7014853",371857,2025-07-02 20:39:53,43.3591346740723,-8.84312534332275,"Unknown"
"7014853",371857,2025-07-02 20:45:15,43.3587646484375,-8.8439826965332,"Unknown"
"7014853",371857,2025-07-02 20:49:54,43.3586082458496,-8.84446239471436,"Unknown"
"7014853",371857,2025-07-02 20:54:54,43.3588943481445,-8.84362697601318,"Unknown"
"7014853",371857,2025-07-02 20:59:50,43.3587875366211,-8.84396076202393,"Unknown"
"7014853",371857,2025-07-02 21:06:25,43.3589973449707,-8.8435583114624,"Unknown"
"7014853",371857,2025-07-03 02:06:14,43.3591575622559,-8.84340572357178,"Unknown"
"7014853",371857,2025-07-03 05:05:06,43.3598709106445,-8.84360408782959,"Unknown"
"7014853",371857,2025-07-03 05:09:54,43.3598556518555,-8.8435697555542,"Unknown"
"7014853",371857,2025-07-03 05:15:03,43.3598823547363,-8.84354019165039,"Unknown"
"7014853",371857,2025-07-03 05:20:00,43.3598976135254,-8.84346485137939,"Unknown"
"7014853",371857,2025-07-03 05:24:52,43.3599395751953,-8.84353446960449,"Unknown"
"7014853",371857,2025-07-03 05:29:53,43.3598861694336,-8.84350299835205,"Unknown"
"7014853",371857,2025-07-03 05:35:01,43.3599128723145,-8.84347438812256,"Unknown"
"7014853",371857,2025-07-03 05:40:23,43.3595428466797,-8.84341621398926,"Unknown"
"7014853",371857,2025-07-03 05:44:51,43.3596420288086,-8.84355354309082,"Unknown"
"7014853",371857,2025-07-03 05:49:51,43.3621406555176,-8.84225368499756,"Unknown"
"7014853",371857,2025-07-03 05:54:51,43.3554191589355,-8.83648490905762,"Unknown"
"7014853",371857,2025-07-03 05:59:51,43.3554878234863,-8.83650875091553,"Unknown"
"7014853",371857,2025-07-03 06:04:51,43.3557968139648,-8.83382987976074,"Unknown"
"7014853",371857,2025-07-03 06:09:51,43.3598213195801,-8.84361839294434,"Unknown"
"7014853",371857,2025-07-03 06:14:51,43.3597640991211,-8.84357833862305,"Unknown"
"7014853",371857,2025-07-03 06:19:51,43.3598442077637,-8.84334754943848,"Unknown"
"7014853",371857,2025-07-03 06:24:51,43.359733581543,-8.84324550628662,"Unknown"
"7014853",371857,2025-07-03 06:29:51,43.3597564697266,-8.84321784973145,"Unknown"
"7014853",371857,2025-07-03 06:35:14,43.3592185974121,-8.84333324432373,"Unknown"
"7014853",371857,2025-07-03 06:39:51,43.3594665527344,-8.84358310699463,"Unknown"
"7014853",371857,2025-07-03 06:44:51,43.3594703674316,-8.84359169006348,"Unknown"
"7014853",371857,2025-07-03 06:49:51,43.3594627380371,-8.84350109100342,"Unknown"
"7014853",371857,2025-07-03 06:54:52,43.3594131469727,-8.84355354309082,"Unknown"
"7014853",371857,2025-07-03 06:59:52,43.3592414855957,-8.84363174438477,"Unknown"
"7014853",371857,2025-07-03 07:04:52,43.3449211120605,-8.83761882781982,"Unknown"
"7014853",371857,2025-07-03 07:09:51,43.3280448913574,-8.82841110229492,"Unknown"
"7014853",371857,2025-07-03 07:14:51,43.3280067443848,-8.82840538024902,"Unknown"
"7014853",371857,2025-07-03 07:19:51,43.3331565856934,-8.82920265197754,"Unknown"
"7014853",371857,2025-07-03 07:24:51,43.3495101928711,-8.83859157562256,"Unknown"
"7014853",371857,2025-07-03 07:29:51,43.3575782775879,-8.83636379241943,"Unknown"
"7014853",371857,2025-07-03 07:34:53,43.3593826293945,-8.84356117248535,"Unknown"
"7014853",371857,2025-07-03 07:39:52,43.3592567443848,-8.84352874755859,"Unknown"
"7014853",371857,2025-07-03 07:45:14,43.359188079834,-8.84347248077393,"Unknown"
"7014853",371857,2025-07-03 07:49:51,43.3593940734863,-8.8436393737793,"Unknown"
"7014853",371857,2025-07-03 07:54:51,43.3619346618652,-8.84065532684326,"Unknown"
"7014853",371857,2025-07-03 07:59:51,43.3605651855469,-8.8240442276001,"Unknown"
"7014853",371857,2025-07-03 08:04:51,43.3617172241211,-8.81924915313721,"Unknown"
"7014853",371857,2025-07-03 08:09:51,43.3593101501465,-8.84345245361328,"Unknown"
"7014853",371857,2025-07-03 08:14:51,43.3593063354492,-8.84349727630615,"Unknown"
"7014853",371857,2025-07-03 08:19:52,43.3588676452637,-8.84335231781006,"Unknown"
"7014853",371857,2025-07-03 08:24:53,43.3593521118164,-8.84360694885254,"Unknown"
"7014853",371857,2025-07-03 08:29:53,43.3596420288086,-8.8439826965332,"Unknown"
"7014853",371857,2025-07-03 08:35:01,43.3596992492676,-8.84352493286133,"Unknown"
"7014853",371857,2025-07-03 08:40:00,43.3596420288086,-8.84357070922852,"Unknown"
"7014853",371857,2025-07-03 08:45:00,43.3597450256348,-8.84362602233887,"Unknown"
"7014853",371857,2025-07-03 08:50:14,43.3596649169922,-8.84376049041748,"Unknown"
"7014853",371857,2025-07-03 08:54:51,43.3589630126953,-8.84346771240234,"Unknown"
"7014853",371857,2025-07-03 08:59:54,43.3595008850098,-8.84360313415527,"Unknown"
"7014853",371857,2025-07-03 09:04:55,43.3590774536133,-8.84354686737061,"Unknown"
"7014853",371857,2025-07-03 09:09:51,43.361743927002,-8.83707427978516,"Unknown"
"7014853",371857,2025-07-03 09:14:51,43.3683738708496,-8.84016990661621,"Unknown"
"7014853",371857,2025-07-03 09:19:53,43.3751525878906,-8.85893821716309,"Unknown"
"7014853",371857,2025-07-03 09:25:14,43.3610763549805,-8.84634399414062,"Unknown"
"7014853",371857,2025-07-03 09:29:52,43.3593215942383,-8.84350776672363,"Unknown"
"7014853",371857,2025-07-03 09:34:55,43.359691619873,-8.84328746795654,"Unknown"
"7014853",371857,2025-07-03 09:39:55,43.3594207763672,-8.84336853027344,"Unknown"
"7014853",371857,2025-07-03 09:44:53,43.3593826293945,-8.84362697601318,"Unknown"
"7014853",371857,2025-07-03 09:50:14,43.3595352172852,-8.84343528747559,"Unknown"
"7014853",371857,2025-07-03 09:54:54,43.3594436645508,-8.84354209899902,"Unknown"
"7014853",371857,2025-07-03 10:00:03,43.3595581054688,-8.84334564208984,"Unknown"
"7014853",371857,2025-07-03 10:05:02,43.3591575622559,-8.84341239929199,"Unknown"
"7014853",371857,2025-07-03 10:09:54,43.3594551086426,-8.84328651428223,"Unknown"
"7014853",371857,2025-07-03 10:15:00,43.3594398498535,-8.84307765960693,"Unknown"
"7014853",371857,2025-07-03 10:20:00,43.3594055175781,-8.84315872192383,"Unknown"
"7014853",371857,2025-07-03 10:24:55,43.3593635559082,-8.84350490570068,"Unknown"
"7014853",371857,2025-07-03 10:30:02,43.3593711853027,-8.84365177154541,"Unknown"
"7014853",371857,2025-07-03 10:35:01,43.3594741821289,-8.83631610870361,"Unknown"
"7014853",371857,2025-07-03 10:39:53,43.3307075500488,-8.82151031494141,"Unknown"
"7014853",371857,2025-07-03 10:44:54,43.3073272705078,-8.78773212432861,"Unknown"
"7014853",371857,2025-07-03 10:50:11,43.2996253967285,-8.75861072540283,"Unknown"
"7014853",371857,2025-07-03 10:55:17,43.2957649230957,-8.72527027130127,"Unknown"
"7014853",371857,2025-07-03 11:00:10,43.2907562255859,-8.70170307159424,"Unknown"
"7014853",371857,2025-07-03 11:05:07,43.2977066040039,-8.72319221496582,"Unknown"
"7014853",371857,2025-07-03 11:09:52,43.3110771179199,-8.72182273864746,"Unknown"
"7014853",371857,2025-07-03 11:15:02,43.315299987793,-8.71141719818115,"Unknown"
"7014853",371857,2025-07-03 11:20:02,43.316032409668,-8.71279048919678,"Unknown"
"7014853",371857,2025-07-03 11:25:06,43.3166198730469,-8.70977973937988,"Unknown"
"7014853",371857,2025-07-03 11:30:00,43.3176078796387,-8.71064281463623,"Unknown"
"7014853",371857,2025-07-03 11:35:04,43.2928657531738,-8.74060344696045,"Unknown"
"7014853",371857,2025-07-03 11:40:05,43.3044013977051,-8.78227615356445,"Unknown"
"7014853",371857,2025-07-03 11:45:11,43.3265762329102,-8.80687141418457,"Unknown"
"7014853",371857,2025-07-03 11:50:23,43.344108581543,-8.83376979827881,"Unknown"
"7014853",371857,2025-07-03 11:55:00,43.3609809875488,-8.84644222259521,"Unknown"
"7014853",371857,2025-07-03 11:59:51,43.3591461181641,-8.84351062774658,"Unknown"
"7014853",371857,2025-07-03 12:05:03,43.3591384887695,-8.84350776672363,"Unknown"
"7014853",371857,2025-07-03 12:09:57,43.3592872619629,-8.84371566772461,"Unknown"
"7014853",371857,2025-07-03 12:14:57,43.3593254089355,-8.84373950958252,"Unknown"
"7014853",371857,2025-07-03 12:19:55,43.3590469360352,-8.84412956237793,"Unknown"
"7014853",371857,2025-07-03 12:24:55,43.3590621948242,-8.84409999847412,"Unknown"
"7014853",371857,2025-07-03 12:29:54,43.3590202331543,-8.84413719177246,"Unknown"
"7014853",371857,2025-07-03 12:34:54,43.3589706420898,-8.84416198730469,"Unknown"
"7014853",371857,2025-07-03 12:39:53,43.3588981628418,-8.84406661987305,"Unknown"
"7014853",371857,2025-07-03 12:45:04,43.359130859375,-8.84367847442627,"Unknown"
"7014853",371857,2025-07-03 12:49:58,43.3591651916504,-8.84367084503174,"Unknown"
"7014853",371857,2025-07-03 12:54:53,43.3591690063477,-8.8435583114624,"Unknown"
"7014853",371857,2025-07-03 12:59:54,43.3591079711914,-8.84373092651367,"Unknown"
"7014853",371857,2025-07-03 13:05:14,43.3592300415039,-8.84357643127441,"Unknown"
"7014853",371857,2025-07-03 13:09:57,43.3591156005859,-8.84347152709961,"Unknown"
"7014853",371857,2025-07-03 13:14:53,43.3591537475586,-8.84347629547119,"Unknown"
"7014853",371857,2025-07-03 13:20:04,43.3592262268066,-8.84354114532471,"Unknown"
"7014853",371857,2025-07-03 13:24:59,43.3592643737793,-8.84339809417725,"Unknown"
"7014853",371857,2025-07-03 13:30:00,43.3591766357422,-8.84353542327881,"Unknown"
"7014853",371857,2025-07-03 13:35:04,43.3592071533203,-8.84368228912354,"Unknown"
"7014853",371857,2025-07-03 13:40:23,43.3591918945312,-8.84357070922852,"Unknown"
"7014853",371857,2025-07-03 13:44:50,43.3592185974121,-8.84353923797607,"Unknown"
"7014853",371857,2025-07-03 13:49:50,43.359188079834,-8.84355163574219,"Unknown"
"7014853",371857,2025-07-03 13:54:50,43.3619651794434,-8.84021091461182,"Unknown"
"7014853",371857,2025-07-03 13:59:51,43.3375358581543,-8.82666969299316,"Unknown"
"7014853",371857,2025-07-03 14:04:51,43.3115348815918,-8.79602909088135,"Unknown"
"7014853",371857,2025-07-03 14:09:51,43.3016510009766,-8.76540279388428,"Unknown"
"7014853",371857,2025-07-03 14:14:50,43.293586730957,-8.73406028747559,"Unknown"
"7014853",371857,2025-07-03 14:19:51,43.298454284668,-8.71952533721924,"Unknown"
"7014853",371857,2025-07-03 14:24:51,43.3110733032227,-8.71283435821533,"Unknown"
"7014853",371857,2025-07-03 14:29:51,43.3207359313965,-8.70034122467041,"Unknown"
"7014853",371857,2025-07-03 14:34:51,43.3312759399414,-8.69633293151855,"Unknown"
"7014853",371857,2025-07-03 14:39:52,43.3349876403809,-8.69339847564697,"Unknown"
"7014853",371857,2025-07-03 14:44:51,43.3398017883301,-8.69629764556885,"Unknown"
"7014853",371857,2025-07-03 14:49:51,43.3439140319824,-8.69268894195557,"Unknown"
"7014853",371857,2025-07-03 14:54:51,43.3465194702148,-8.69145679473877,"Unknown"
"7014853",371857,2025-07-03 14:59:52,43.3493995666504,-8.69234752655029,"Unknown"
"7014853",371857,2025-07-03 15:04:51,43.3502349853516,-8.69301891326904,"Unknown"
"7014853",371857,2025-07-03 15:09:53,43.3482933044434,-8.72301006317139,"Unknown"
"7014853",371857,2025-07-03 15:19:52,43.3455505371094,-8.83429336547852,"Unknown"
"7014853",371857,2025-07-03 15:24:52,43.353832244873,-8.84737396240234,"Unknown"
"7014853",371857,2025-07-03 15:30:14,43.3591346740723,-8.84355735778809,"Unknown"
"7014853",371857,2025-07-03 15:34:52,43.3593063354492,-8.84371948242188,"Unknown"
"7014853",371857,2025-07-03 15:39:57,43.3592681884766,-8.84331607818604,"Unknown"
"7014853",371857,2025-07-03 15:44:51,43.3592910766602,-8.84338665008545,"Unknown"
"7014853",371857,2025-07-03 15:49:53,43.3593444824219,-8.84369659423828,"Unknown"
"7014853",371857,2025-07-03 15:54:55,43.3591690063477,-8.84342861175537,"Unknown"
"7014853",371857,2025-07-03 15:59:54,43.3590240478516,-8.84304618835449,"Unknown"
"7014853",371857,2025-07-03 16:04:57,43.3592071533203,-8.84317398071289,"Unknown"
"7014853",371857,2025-07-03 16:10:01,43.3591499328613,-8.8433837890625,"Unknown"
"7014853",371857,2025-07-03 16:15:12,43.3592681884766,-8.8436803817749,"Unknown"
"7014853",371857,2025-07-03 16:20:00,43.3590278625488,-8.84321022033691,"Unknown"
"7014853",371857,2025-07-03 16:25:01,43.3591079711914,-8.84315776824951,"Unknown"
"7014853",371857,2025-07-03 16:30:08,43.3590393066406,-8.84336376190186,"Unknown"
"7014853",371857,2025-07-03 16:35:00,43.359073638916,-8.8433952331543,"Unknown"
"7014853",371857,2025-07-03 16:40:02,43.3591499328613,-8.84337520599365,"Unknown"
"7014853",371857,2025-07-03 16:45:02,43.359188079834,-8.84319496154785,"Unknown"
"7014853",371857,2025-07-03 16:50:23,43.3591918945312,-8.84351444244385,"Unknown"
"7014853",371857,2025-07-03 16:54:50,43.3592681884766,-8.84347248077393,"Unknown"
"7014853",371857,2025-07-03 16:59:51,43.3592224121094,-8.84352970123291,"Unknown"
"7014853",371857,2025-07-03 17:04:51,43.3591079711914,-8.84372329711914,"Unknown"
"7014853",371857,2025-07-03 17:09:51,43.3592414855957,-8.84359550476074,"Unknown"
"7014853",371857,2025-07-03 17:14:51,43.3592834472656,-8.84344387054443,"Unknown"
"7014853",371857,2025-07-03 17:19:51,43.3592414855957,-8.84346866607666,"Unknown"
"7014853",371857,2025-07-03 17:24:50,43.3591423034668,-8.84372425079346,"Unknown"
"7014853",371857,2025-07-03 17:29:51,43.3590660095215,-8.8436803817749,"Unknown"
"7014853",371857,2025-07-03 17:34:50,43.359130859375,-8.84354782104492,"Unknown"
"7014853",371857,2025-07-03 17:39:51,43.3593940734863,-8.84341239929199,"Unknown"
"7014853",371857,2025-07-03 17:44:51,43.3592300415039,-8.84354877471924,"Unknown"
"7014853",371857,2025-07-03 17:49:53,43.3591651916504,-8.84361553192139,"Unknown"
"7014853",371857,2025-07-03 17:54:52,43.359790802002,-8.84358692169189,"Unknown"
"7014853",371857,2025-07-03 17:59:57,43.3592262268066,-8.84350776672363,"Unknown"
"7014853",371857,2025-07-03 18:04:54,43.3592529296875,-8.84354209899902,"Unknown"
"7014853",371857,2025-07-03 18:09:51,43.3617668151855,-8.84113311767578,"Unknown"
"7014853",371857,2025-07-03 18:14:52,43.3459320068359,-8.82333660125732,"Unknown"
"7014853",371857,2025-07-03 18:19:54,43.3388175964355,-8.81665420532227,"Unknown"
"7014853",371857,2025-07-03 18:24:51,43.3358879089355,-8.80757331848145,"Unknown"
"7014853",371857,2025-07-03 18:29:52,43.3310279846191,-8.80320835113525,"Unknown"
"7014853",371857,2025-07-03 18:34:53,43.3227424621582,-8.80454254150391,"Unknown"
"7014853",371857,2025-07-03 18:39:52,43.3277702331543,-8.82866764068604,"Unknown"
"7014853",371857,2025-07-03 18:44:53,43.3282814025879,-8.82900238037109,"Unknown"
"7014853",371857,2025-07-03 18:49:51,43.3487243652344,-8.83924198150635,"Unknown"
"7014853",371857,2025-07-03 18:54:52,43.360782623291,-8.84517478942871,"Unknown"
"7014853",371857,2025-07-03 18:59:53,43.359203338623,-8.84352970123291,"Unknown"
"7014853",371857,2025-07-03 19:04:55,43.3592071533203,-8.84342765808105,"Unknown"
"7014853",371857,2025-07-03 19:09:51,43.3590812683105,-8.84340190887451,"Unknown"
"7014853",371857,2025-07-03 19:14:54,43.3592338562012,-8.84354686737061,"Unknown"
"7014853",371857,2025-07-03 19:19:58,43.3591461181641,-8.8434886932373,"Unknown"
"7014853",371857,2025-07-03 19:24:52,43.3591537475586,-8.84338665008545,"Unknown"
"7014853",371857,2025-07-03 19:29:53,43.3591651916504,-8.84345054626465,"Unknown"
"7014853",371857,2025-07-03 19:35:14,43.3591766357422,-8.84334850311279,"Unknown"
"7014853",371857,2025-07-03 19:39:51,43.3591499328613,-8.84353065490723,"Unknown"
"7014853",371857,2025-07-03 19:44:52,43.3592567443848,-8.84339427947998,"Unknown"
"7014853",371857,2025-07-03 19:49:54,43.3590240478516,-8.84321403503418,"Unknown"
"7014853",371857,2025-07-03 19:55:01,43.3591690063477,-8.84342861175537,"Unknown"
"7014853",371857,2025-07-03 19:59:51,43.3592185974121,-8.84340000152588,"Unknown"
"7014853",371857,2025-07-03 20:04:55,43.3589935302734,-8.84371471405029,"Unknown"
"7014853",371857,2025-07-03 20:09:54,43.3590469360352,-8.84338855743408,"Unknown"
"7014853",371857,2025-07-03 20:14:53,43.3592872619629,-8.84342098236084,"Unknown"
"7014853",371857,2025-07-03 20:19:54,43.3594512939453,-8.8435115814209,"Unknown"
"7014853",371857,2025-07-03 20:25:17,43.3591346740723,-8.84348773956299,"Unknown"
"7014853",371857,2025-07-03 20:29:53,43.3591728210449,-8.84368705749512,"Unknown"
"7014853",371857,2025-07-03 20:35:21,43.3591918945312,-8.84340667724609,"Unknown"
"7014853",371857,2025-07-03 20:39:53,43.3591995239258,-8.84307479858398,"Unknown"
"7014853",371857,2025-07-03 20:44:53,43.3591575622559,-8.84334373474121,"Unknown"
"7014853",371857,2025-07-03 20:49:55,43.359203338623,-8.84354209899902,"Unknown"
"7014853",371857,2025-07-03 20:54:58,43.3592185974121,-8.84344387054443,"Unknown"
"7014853",371857,2025-07-03 20:59:54,43.3591842651367,-8.84281063079834,"Unknown"
"7014853",371857,2025-07-03 21:05:48,43.3592262268066,-8.84351062774658,"Unknown"
"7014853",371857,2025-07-04 02:06:05,43.3591842651367,-8.84345149993896,"Unknown"
"7014853",371857,2025-07-04 05:05:48,43.3513107299805,-8.68738651275635,"Unknown"
"7014853",371857,2025-07-04 05:10:54,43.351146697998,-8.68670845031738,"Unknown"
"7014853",371857,2025-07-04 05:15:47,43.3490104675293,-8.68289661407471,"Unknown"
"7014853",371857,2025-07-04 05:20:49,43.3476371765137,-8.68127918243408,"Unknown"
"7014853",371857,2025-07-04 05:25:47,43.350040435791,-8.68650913238525,"Unknown"
"7014853",371857,2025-07-04 05:30:51,43.3508453369141,-8.68556690216064,"Unknown"
"7014853",371857,2025-07-04 05:35:51,43.3461837768555,-8.7209005355835,"Unknown"
"7014853",371857,2025-07-04 05:40:46,43.341724395752,-8.7833137512207,"Unknown"
"7014853",371857,2025-07-04 05:45:47,43.3504905700684,-8.82885837554932,"Unknown"
"7014853",371857,2025-07-04 05:51:05,43.3591346740723,-8.84354877471924,"Unknown"
"7014853",371857,2025-07-04 05:55:45,43.3591041564941,-8.84362030029297,"Unknown"
"7014853",371857,2025-07-04 06:00:48,43.3590469360352,-8.84357929229736,"Unknown"
"7014853",371857,2025-07-04 06:05:46,43.3590774536133,-8.84353923797607,"Unknown"
"7014853",371857,2025-07-04 06:10:52,43.3591461181641,-8.84358501434326,"Unknown"
"7014853",371857,2025-07-04 06:15:46,43.3591575622559,-8.84350109100342,"Unknown"
"7014853",371857,2025-07-04 06:20:45,43.3591079711914,-8.84356212615967,"Unknown"
"7014853",371857,2025-07-04 06:25:45,43.3591575622559,-8.84353351593018,"Unknown"
"7014853",371857,2025-07-04 06:30:45,43.359130859375,-8.84352970123291,"Unknown"
"7014853",371857,2025-07-04 06:35:46,43.3591728210449,-8.84353542327881,"Unknown"
"7014853",371857,2025-07-04 06:40:46,43.3591041564941,-8.84360694885254,"Unknown"
"7014853",371857,2025-07-04 06:45:46,43.3591041564941,-8.84357738494873,"Unknown"
"7014853",371857,2025-07-04 06:50:46,43.3590698242188,-8.84364414215088,"Unknown"
"7014853",371857,2025-07-04 06:55:46,43.359073638916,-8.84354686737061,"Unknown"
"7014853",371857,2025-07-04 07:00:46,43.3591766357422,-8.84342575073242,"Unknown"
"7014853",371857,2025-07-04 07:05:46,43.3591461181641,-8.84348392486572,"Unknown"
"7014853",371857,2025-07-04 07:10:46,43.3591499328613,-8.84345817565918,"Unknown"
"7014853",371857,2025-07-04 07:15:46,43.3591270446777,-8.8435525894165,"Unknown"
"7014853",371857,2025-07-04 07:20:46,43.359203338623,-8.84344673156738,"Unknown"
"7014853",371857,2025-07-04 07:25:46,43.3591461181641,-8.84339141845703,"Unknown"
"7014853",371857,2025-07-04 07:30:47,43.3590927124023,-8.84358978271484,"Unknown"
"7014853",371857,2025-07-04 07:35:52,43.3590774536133,-8.84348297119141,"Unknown"
"7014853",371857,2025-07-04 07:40:47,43.3592071533203,-8.84354591369629,"Unknown"
"7014853",371857,2025-07-04 07:45:46,43.3592071533203,-8.84352016448975,"Unknown"
"7014853",371857,2025-07-04 07:50:52,43.359130859375,-8.84342479705811,"Unknown"
"7014853",371857,2025-07-04 07:55:57,43.3590965270996,-8.84346866607666,"Unknown"
"7014853",371857,2025-07-04 08:00:45,43.3591766357422,-8.84345626831055,"Unknown"
"7014853",371857,2025-07-04 08:05:51,43.3590927124023,-8.84347248077393,"Unknown"
"7014853",371857,2025-07-04 08:10:52,43.3589172363281,-8.83362197875977,"Unknown"
"7014853",371857,2025-07-04 08:15:53,43.3255729675293,-8.81792163848877,"Unknown"
"7014853",371857,2025-07-04 08:20:54,43.3175354003906,-8.80381774902344,"Unknown"
"7014853",371857,2025-07-04 08:25:54,43.2998847961426,-8.77190208435059,"Unknown"
"7014853",371857,2025-07-04 08:30:54,43.302661895752,-8.74771785736084,"Unknown"
"7014853",371857,2025-07-04 08:35:54,43.3109970092773,-8.72309875488281,"Unknown"
"7014853",371857,2025-07-04 08:41:14,43.3219985961914,-8.69868469238281,"Unknown"
"7014853",371857,2025-07-04 08:45:46,43.3352661132812,-8.68909168243408,"Unknown"
"7014853",371857,2025-07-04 08:50:47,43.3491516113281,-8.6887845993042,"Unknown"
"7014853",371857,2025-07-04 08:55:55,43.3498611450195,-8.68799495697021,"Unknown"
"7014853",371857,2025-07-04 09:00:55,43.3504409790039,-8.68862056732178,"Unknown"
"7014853",371857,2025-07-04 09:05:47,43.3505706787109,-8.68749904632568,"Unknown"
"7014853",371857,2025-07-04 09:11:04,43.3538360595703,-8.68869590759277,"Unknown"
"7014853",371857,2025-07-04 09:15:52,43.3539619445801,-8.68909931182861,"Unknown"
"7014853",371857,2025-07-04 09:20:51,43.3542289733887,-8.68955039978027,"Unknown"
"7014853",371857,2025-07-04 09:25:46,43.3671455383301,-8.69428539276123,"Unknown"
"7014853",371857,2025-07-04 09:30:53,43.3679084777832,-8.69346237182617,"Unknown"
"7014853",371857,2025-07-04 09:36:00,43.3681373596191,-8.69348239898682,"Unknown"
"7014853",371857,2025-07-04 09:40:56,43.3681945800781,-8.69350719451904,"Unknown"
"7014853",371857,2025-07-04 09:45:54,43.3620796203613,-8.70672798156738,"Unknown"
"7014853",371857,2025-07-04 09:50:54,43.3568000793457,-8.73413753509521,"Unknown"
"7014853",371857,2025-07-04 09:56:04,43.3549385070801,-8.79761409759521,"Unknown"
"7014853",371857,2025-07-04 10:01:18,43.3644104003906,-8.83596611022949,"Unknown"
"7014853",371857,2025-07-04 10:06:05,43.3591575622559,-8.84337043762207,"Unknown"
"7014853",371857,2025-07-04 10:10:48,43.3588180541992,-8.84434986114502,"Unknown"
"7014853",371857,2025-07-04 10:15:51,43.3593864440918,-8.84273147583008,"Unknown"
"7014853",371857,2025-07-04 10:20:51,43.3592147827148,-8.84349918365479,"Unknown"
"7014853",371857,2025-07-04 10:25:46,43.359302520752,-8.84326553344727,"Unknown"
"7014853",371857,2025-07-04 10:30:48,43.3593559265137,-8.8431282043457,"Unknown"
"7014853",371857,2025-07-04 10:35:47,43.3593215942383,-8.84319305419922,"Unknown"
"7014853",371857,2025-07-04 10:40:47,43.3588104248047,-8.84304523468018,"Unknown"
"7014853",371857,2025-07-04 10:45:53,43.3592224121094,-8.8433895111084,"Unknown"
"7014853",371857,2025-07-04 10:50:48,43.3592758178711,-8.84338665008545,"Unknown"
"7014853",371857,2025-07-04 10:55:46,43.3592262268066,-8.84344959259033,"Unknown"
"7014853",371857,2025-07-04 11:00:46,43.3592529296875,-8.84338569641113,"Unknown"
"7014853",371857,2025-07-04 11:05:46,43.3607864379883,-8.84252166748047,"Unknown"
"7014853",371857,2025-07-04 11:10:46,43.3776473999023,-8.8508768081665,"Unknown"
"7014853",371857,2025-07-04 11:15:46,43.3976249694824,-8.87096786499023,"Unknown"
"7014853",371857,2025-07-04 11:20:46,43.4182815551758,-8.88506984710693,"Unknown"
"7014853",371857,2025-07-04 11:25:46,43.438117980957,-8.89093399047852,"Unknown"
"7014853",371857,2025-07-04 11:30:46,43.436840057373,-8.8902006149292,"Unknown"
"7014853",371857,2025-07-04 11:35:51,43.4358558654785,-8.89212417602539,"Unknown"
"7014853",371857,2025-07-04 11:40:46,43.430419921875,-8.89095783233643,"Unknown"
"7014853",371857,2025-07-04 11:45:46,43.4223976135254,-8.88357543945312,"Unknown"
"7014853",371857,2025-07-04 11:50:46,43.4196701049805,-8.87952423095703,"Unknown"
"7014853",371857,2025-07-04 11:56:23,43.4157180786133,-8.87185287475586,"Unknown"
"7014853",371857,2025-07-04 12:00:49,43.4134864807129,-8.86682415008545,"Unknown"
"7014853",371857,2025-07-04 12:05:48,43.4126892089844,-8.86032581329346,"Unknown"
"7014853",371857,2025-07-04 12:10:48,43.4126167297363,-8.85395336151123,"Unknown"
"7014853",371857,2025-07-04 12:21:05,43.4112281799316,-8.84621524810791,"Unknown"
"7014853",371857,2025-07-04 12:25:46,43.3946647644043,-8.8400936126709,"Unknown"
"7014853",371857,2025-07-04 12:30:49,43.3593254089355,-8.84340381622314,"Unknown"
"7014853",371857,2025-07-04 12:35:55,43.3590965270996,-8.84344482421875,"Unknown"
"7014853",371857,2025-07-04 12:40:54,43.3592643737793,-8.84344673156738,"Unknown"
"7014853",371857,2025-07-04 12:45:54,43.3591003417969,-8.84359931945801,"Unknown"
"7014853",371857,2025-07-04 12:51:05,43.3591728210449,-8.843505859375,"Unknown"
"7014853",371857,2025-07-04 12:55:46,43.3591690063477,-8.8434944152832,"Unknown"
"7014853",371857,2025-07-04 13:00:45,43.3591995239258,-8.84342670440674,"Unknown"
"7014853",371857,2025-07-04 13:05:46,43.359203338623,-8.84339046478271,"Unknown"
"7014853",371857,2025-07-04 13:10:46,43.3592071533203,-8.84342002868652,"Unknown"
"7014853",371857,2025-07-04 13:15:58,43.3591651916504,-8.84342765808105,"Unknown"
"7014853",371857,2025-07-04 13:20:46,43.3591690063477,-8.84346389770508,"Unknown"
"7014853",371857,2025-07-04 13:25:49,43.3593368530273,-8.84365558624268,"Unknown"
"7014853",371857,2025-07-04 13:30:49,43.3591804504395,-8.8435001373291,"Unknown"
"7014853",371857,2025-07-04 13:36:03,43.3591575622559,-8.84355354309082,"Unknown"
"7014853",371857,2025-07-04 13:40:46,43.3591842651367,-8.84356784820557,"Unknown"
"7014853",371857,2025-07-04 13:45:45,43.3591346740723,-8.84348487854004,"Unknown"
"7014853",371857,2025-07-04 13:50:45,43.3591499328613,-8.84348964691162,"Unknown"
"7014853",371857,2025-07-04 13:55:45,43.3591957092285,-8.84345054626465,"Unknown"
"7014853",371857,2025-07-04 14:00:46,43.3591499328613,-8.84347343444824,"Unknown"
"7014853",371857,2025-07-04 14:05:45,43.3592071533203,-8.84346675872803,"Unknown"
"7014853",371857,2025-07-04 14:10:47,43.3592948913574,-8.84332180023193,"Unknown"
"7014853",371857,2025-07-04 14:15:48,43.3593139648438,-8.84291458129883,"Unknown"
"7014853",371857,2025-07-04 14:20:46,43.3592834472656,-8.84361743927002,"Unknown"
"7014853",371857,2025-07-04 14:25:51,43.3589286804199,-8.84374809265137,"Unknown"
"7014853",371857,2025-07-04 14:30:54,43.3591728210449,-8.843430519104,"Unknown"
"7014853",371857,2025-07-04 14:35:55,43.3592071533203,-8.84349250793457,"Unknown"
"7014853",371857,2025-07-04 14:40:49,43.3591918945312,-8.84351444244385,"Unknown"
"7014853",371857,2025-07-04 14:45:52,43.3591690063477,-8.84348773956299,"Unknown"
"7014853",371857,2025-07-04 14:50:58,43.3591613769531,-8.84347534179688,"Unknown"
"7014853",371857,2025-07-04 14:55:52,43.3591918945312,-8.84344863891602,"Unknown"
"7014853",371857,2025-07-04 15:01:02,43.3592376708984,-8.84354972839355,"Unknown"
"7014853",371857,2025-07-04 15:06:14,43.3591995239258,-8.84348964691162,"Unknown"
"7014853",371857,2025-07-04 15:10:47,43.3592910766602,-8.84352970123291,"Unknown"
"7014853",371857,2025-07-04 15:15:47,43.3591423034668,-8.84324550628662,"Unknown"
"7014853",371857,2025-07-04 15:20:47,43.3590888977051,-8.8433837890625,"Unknown"
"7014853",371857,2025-07-04 15:25:47,43.359203338623,-8.84347534179688,"Unknown"
"7014853",371857,2025-07-04 15:30:49,43.3590927124023,-8.84333229064941,"Unknown"
"7014853",371857,2025-07-04 15:35:49,43.3590850830078,-8.84348106384277,"Unknown"
"7014853",371857,2025-07-04 15:40:51,43.3591423034668,-8.8434886932373,"Unknown"
"7014853",371857,2025-07-04 15:46:15,43.3591537475586,-8.8435697555542,"Unknown"
"7014853",371857,2025-07-04 15:50:47,43.3591613769531,-8.84327793121338,"Unknown"
"7014853",371857,2025-07-04 15:55:55,43.3591003417969,-8.84338855743408,"Unknown"
"7014853",371857,2025-07-04 16:00:51,43.3591270446777,-8.84347152709961,"Unknown"
"7014853",371857,2025-07-04 16:05:55,43.3591003417969,-8.84341144561768,"Unknown"
"7014853",371857,2025-07-04 16:10:55,43.3591651916504,-8.84340667724609,"Unknown"
"7014853",371857,2025-07-04 16:16:04,43.3591766357422,-8.84332847595215,"Unknown"
"7014853",371857,2025-07-04 16:20:49,43.3591651916504,-8.84319591522217,"Unknown"
"7014853",371857,2025-07-04 16:25:51,43.3591079711914,-8.84341716766357,"Unknown"
"7014853",371857,2025-07-04 16:31:20,43.3591651916504,-8.84354019165039,"Unknown"
"7014853",371857,2025-07-04 16:35:46,43.3592567443848,-8.84332847595215,"Unknown"
"7014853",371857,2025-07-04 16:40:46,43.3592224121094,-8.8433723449707,"Unknown"
"7014853",371857,2025-07-04 16:45:46,43.3590774536133,-8.8435173034668,"Unknown"
"7014853",371857,2025-07-04 16:50:46,43.3592109680176,-8.84347057342529,"Unknown"
"7014853",371857,2025-07-04 16:55:48,43.3590278625488,-8.84389114379883,"Unknown"
"7014853",371857,2025-07-04 17:00:48,43.3594207763672,-8.84302997589111,"Unknown"
"7014853",371857,2025-07-04 17:05:47,43.3591804504395,-8.84358024597168,"Unknown"
"7014853",371857,2025-07-04 17:10:49,43.3592529296875,-8.84360790252686,"Unknown"
"7014853",371857,2025-07-04 17:15:46,43.3592224121094,-8.84346961975098,"Unknown"
"7014853",371857,2025-07-04 17:20:51,43.3591651916504,-8.84347820281982,"Unknown"
"7014853",371857,2025-07-04 17:25:48,43.3591995239258,-8.84341049194336,"Unknown"
"7014853",371857,2025-07-04 17:30:51,43.3591651916504,-8.84329891204834,"Unknown"
"7014853",371857,2025-07-04 17:35:48,43.3591117858887,-8.84336853027344,"Unknown"
"7014853",371857,2025-07-04 17:40:47,43.3592948913574,-8.84355735778809,"Unknown"
"7014853",371857,2025-07-04 17:45:48,43.3594055175781,-8.84354591369629,"Unknown"
"7014853",371857,2025-07-04 17:51:12,43.3590545654297,-8.84347534179688,"Unknown"
"7014853",371857,2025-07-04 17:55:47,43.3590965270996,-8.84339904785156,"Unknown"
"7014853",371857,2025-07-04 18:00:48,43.3591117858887,-8.84358024597168,"Unknown"
"7014853",371857,2025-07-04 18:05:49,43.3591499328613,-8.84341907501221,"Unknown"
"7014853",371857,2025-07-04 18:10:47,43.3591728210449,-8.84341430664062,"Unknown"
"7014853",371857,2025-07-04 18:15:48,43.3591079711914,-8.84357070922852,"Unknown"
"7014853",371857,2025-07-04 18:20:49,43.3645172119141,-8.84530448913574,"Unknown"
"7014853",371857,2025-07-04 18:25:47,43.3739128112793,-8.85146427154541,"Unknown"
"7014853",371857,2025-07-04 18:30:47,43.3929061889648,-8.8588171005249,"Unknown"
"7014853",371857,2025-07-04 18:35:48,43.4098625183105,-8.85436248779297,"Unknown"
"7014853",371857,2025-07-04 18:40:50,43.4172821044922,-8.83341407775879,"Unknown"
"7014853",371857,2025-07-04 18:46:44,43.4106521606445,-8.80839061737061,"Unknown"
"7014853",371857,2025-07-04 18:50:54,43.4111709594727,-8.80817127227783,"Unknown"
"7014853",371857,2025-07-04 18:55:49,43.4211120605469,-8.79913520812988,"Unknown"
"7014853",371857,2025-07-04 19:01:02,43.422233581543,-8.79100227355957,"Unknown"
"7014853",371857,2025-07-04 19:05:49,43.4193840026855,-8.79121875762939,"Unknown"
"7014853",371857,2025-07-04 19:10:53,43.4179420471191,-8.79189968109131,"Unknown"
"7014853",371857,2025-07-04 19:16:23,43.4174995422363,-8.77978420257568,"Unknown"
"7014853",371857,2025-07-04 19:20:49,43.4077033996582,-8.77230262756348,"Unknown"
"7014853",371857,2025-07-04 19:25:49,43.3993644714355,-8.77576160430908,"Unknown"
"7014853",371857,2025-07-04 19:30:53,43.3997383117676,-8.77651119232178,"Unknown"
"7014853",371857,2025-07-04 19:35:59,43.3891220092773,-8.81002998352051,"Unknown"
"7014853",371857,2025-07-04 19:41:00,43.359188079834,-8.84352111816406,"Unknown"
"7014853",371857,2025-07-04 19:45:57,43.3591537475586,-8.84349727630615,"Unknown"
"7014853",371857,2025-07-04 19:50:58,43.3591842651367,-8.84350109100342,"Unknown"
"7014853",371857,2025-07-04 19:55:51,43.3591918945312,-8.84339046478271,"Unknown"
"7014853",371857,2025-07-04 20:01:14,43.3591918945312,-8.84349822998047,"Unknown"
"7014853",371857,2025-07-04 20:05:54,43.3592147827148,-8.84348583221436,"Unknown"
"7014853",371857,2025-07-04 20:10:53,43.359245300293,-8.84348297119141,"Unknown"
"7014853",371857,2025-07-04 20:15:53,43.3592758178711,-8.84340667724609,"Unknown"
"7014853",371857,2025-07-04 20:20:58,43.3590888977051,-8.84315013885498,"Unknown"
"7014853",371857,2025-07-04 20:26:12,43.3591270446777,-8.8435640335083,"Unknown"
"7014853",371857,2025-07-04 20:30:51,43.3591499328613,-8.84369564056396,"Unknown"
"7014853",371857,2025-07-04 20:35:52,43.3592338562012,-8.84331607818604,"Unknown"
"7014853",371857,2025-07-04 20:40:59,43.3592414855957,-8.84341812133789,"Unknown"
"7014853",371857,2025-07-04 20:46:14,43.3591461181641,-8.84281444549561,"Unknown"
"7014853",371857,2025-07-04 20:51:15,43.3592796325684,-8.84236526489258,"Unknown"
"7014853",371857,2025-07-04 20:56:23,43.3591690063477,-8.8435173034668,"Unknown"
"7014853",371857,2025-07-04 21:00:48,43.3591690063477,-8.84356594085693,"Unknown"
"7014853",371857,2025-07-04 21:05:22,43.3591842651367,-8.84348487854004,"Unknown"
"7014853",371857,2025-07-05 02:05:49,43.3591270446777,-8.84345436096191,"Unknown"
"7014853",371857,2025-07-05 05:07:55,43.3279037475586,-8.82824230194092,"Unknown"
"7014853",371857,2025-07-05 05:11:32,43.3375091552734,-8.8287239074707,"Unknown"
"7014853",371857,2025-07-05 05:16:31,43.3537940979004,-8.84418773651123,"Unknown"
"7014853",371857,2025-07-05 05:21:31,43.3596420288086,-8.84351825714111,"Unknown"
"7014853",371857,2025-07-05 05:26:35,43.3595809936523,-8.84353923797607,"Unknown"
"7014853",371857,2025-07-05 05:31:39,43.3592681884766,-8.84369373321533,"Unknown"
"7014853",371857,2025-07-05 05:36:34,43.3593940734863,-8.84357833862305,"Unknown"
"7014853",371857,2025-07-05 05:41:31,43.3595085144043,-8.84358692169189,"Unknown"
"7014853",371857,2025-07-05 05:46:31,43.3593940734863,-8.84356117248535,"Unknown"
"7014853",371857,2025-07-05 05:51:36,43.3592987060547,-8.84351348876953,"Unknown"
"7014853",371857,2025-07-05 05:56:32,43.3594398498535,-8.84356021881104,"Unknown"
"7014853",371857,2025-07-05 06:01:32,43.3594055175781,-8.84357452392578,"Unknown"
"7014853",371857,2025-07-05 06:06:31,43.3593940734863,-8.84360599517822,"Unknown"
"7014853",371857,2025-07-05 06:11:36,43.3594131469727,-8.84359455108643,"Unknown"
"7014853",371857,2025-07-05 06:16:41,43.3594589233398,-8.84358215332031,"Unknown"
"7014853",371857,2025-07-05 06:21:32,43.3594284057617,-8.84366321563721,"Unknown"
"7014853",371857,2025-07-05 06:26:32,43.3594093322754,-8.8435583114624,"Unknown"
"7014853",371857,2025-07-05 06:31:31,43.35986328125,-8.84352779388428,"Unknown"
"7014853",371857,2025-07-05 06:36:33,43.359058380127,-8.84338283538818,"Unknown"
"7014853",371857,2025-07-05 06:41:31,43.3592987060547,-8.84339046478271,"Unknown"
"7014853",371857,2025-07-05 06:46:34,43.3590507507324,-8.84342288970947,"Unknown"
"7014853",371857,2025-07-05 06:51:44,43.3592834472656,-8.84342479705811,"Unknown"
"7014853",371857,2025-07-05 06:56:31,43.3591766357422,-8.84340572357178,"Unknown"
"7014853",371857,2025-07-05 07:01:32,43.359260559082,-8.84355163574219,"Unknown"
"7014853",371857,2025-07-05 07:06:40,43.3591537475586,-8.8431978225708,"Unknown"
"7014853",371857,2025-07-05 07:11:38,43.3589096069336,-8.8433723449707,"Unknown"
"7014853",371857,2025-07-05 07:16:34,43.3590888977051,-8.84322929382324,"Unknown"
"7014853",371857,2025-07-05 07:21:38,43.3591461181641,-8.84323310852051,"Unknown"
"7014853",371857,2025-07-05 07:26:39,43.3591079711914,-8.84326839447021,"Unknown"
"7014853",371857,2025-07-05 07:31:39,43.3590850830078,-8.84317016601562,"Unknown"
"7014853",371857,2025-07-05 07:36:39,43.3590621948242,-8.84314727783203,"Unknown"
"7014853",371857,2025-07-05 07:41:34,43.3620986938477,-8.83663940429688,"Unknown"
"7014853",371857,2025-07-05 07:47:29,43.3690185546875,-8.82956218719482,"Unknown"
"7014853",371857,2025-07-05 07:51:39,43.3699684143066,-8.83001804351807,"Unknown"
"7014853",371857,2025-07-05 07:56:39,43.3591804504395,-8.84355163574219,"Unknown"
"7014853",371857,2025-07-05 08:01:41,43.3592109680176,-8.84358501434326,"Unknown"
"7014853",371857,2025-07-05 08:06:37,43.3591156005859,-8.84350109100342,"Unknown"
"7014853",371857,2025-07-05 08:11:40,43.3591194152832,-8.84353256225586,"Unknown"
"7014853",371857,2025-07-05 08:16:31,43.3590354919434,-8.84347724914551,"Unknown"
"7014853",371857,2025-07-05 08:21:31,43.3591613769531,-8.84352684020996,"Unknown"
"7014853",371857,2025-07-05 08:26:37,43.3591270446777,-8.84355163574219,"Unknown"
"7014853",371857,2025-07-05 08:31:39,43.3592109680176,-8.84359455108643,"Unknown"
"7014853",371857,2025-07-05 08:36:34,43.359203338623,-8.84352588653564,"Unknown"
"7014853",371857,2025-07-05 08:41:38,43.3592491149902,-8.84353637695312,"Unknown"
"7014853",371857,2025-07-05 08:47:05,43.3590431213379,-8.84353923797607,"Unknown"
"7014853",371857,2025-07-05 08:51:31,43.3590888977051,-8.84360408782959,"Unknown"
"7014853",371857,2025-07-05 08:56:32,43.3591384887695,-8.84370708465576,"Unknown"
"7014853",371857,2025-07-05 09:01:32,43.3590698242188,-8.8436393737793,"Unknown"
"7014853",371857,2025-07-05 09:06:32,43.3591003417969,-8.84361362457275,"Unknown"
"7014853",371857,2025-07-05 09:11:31,43.3590812683105,-8.84369850158691,"Unknown"
"7014853",371857,2025-07-05 09:16:32,43.359130859375,-8.84345436096191,"Unknown"
"7014853",371857,2025-07-05 09:21:32,43.3591079711914,-8.84352874755859,"Unknown"
"7014853",371857,2025-07-05 09:26:32,43.3591117858887,-8.84344863891602,"Unknown"
"7014853",371857,2025-07-05 09:31:32,43.3592414855957,-8.84340667724609,"Unknown"
"7014853",371857,2025-07-05 09:36:32,43.3593368530273,-8.84308052062988,"Unknown"
"7014853",371857,2025-07-05 09:41:39,43.3592071533203,-8.84349727630615,"Unknown"
"7014853",371857,2025-07-05 09:46:34,43.3593788146973,-8.84333419799805,"Unknown"
"7014853",371857,2025-07-05 09:51:39,43.3589897155762,-8.84368705749512,"Unknown"
"7014853",371857,2025-07-05 09:56:36,43.359302520752,-8.84345817565918,"Unknown"
"7014853",371857,2025-07-05 10:01:39,43.3594551086426,-8.84332180023193,"Unknown"
"7014853",371857,2025-07-05 10:06:33,43.3720703125,-8.85624694824219,"Unknown"
"7014853",371857,2025-07-05 10:11:38,43.3808326721191,-8.8700065612793,"Unknown"
"7014853",371857,2025-07-05 10:16:33,43.3832168579102,-8.87686538696289,"Unknown"
"7014853",371857,2025-07-05 10:21:38,43.3837051391602,-8.89902496337891,"Unknown"
"7014853",371857,2025-07-05 10:26:39,43.3829498291016,-8.90122318267822,"Unknown"
"7014853",371857,2025-07-05 10:31:55,43.3880424499512,-8.92514610290527,"Unknown"
"7014853",371857,2025-07-05 10:36:42,43.3891487121582,-8.93288898468018,"Unknown"
"7014853",371857,2025-07-05 10:41:37,43.4022674560547,-8.95171451568604,"Unknown"
"7014853",371857,2025-07-05 10:46:36,43.4195022583008,-8.94853782653809,"Unknown"
"7014853",371857,2025-07-05 10:51:37,43.4368705749512,-8.97447967529297,"Unknown"
"7014853",371857,2025-07-05 10:56:36,43.4525260925293,-8.99739551544189,"Unknown"
"7014853",371857,2025-07-05 11:01:33,43.4671745300293,-8.99907779693604,"Unknown"
"7014853",371857,2025-07-05 11:06:34,43.4837799072266,-9.00532722473145,"Unknown"
"7014853",371857,2025-07-05 11:11:34,43.4856338500977,-8.99054908752441,"Unknown"
"7014853",371857,2025-07-05 11:16:36,43.4998016357422,-8.97802734375,"Unknown"
"7014853",371857,2025-07-05 11:21:39,43.5182342529297,-8.97691059112549,"Unknown"
"7014853",371857,2025-07-05 11:26:46,43.5258941650391,-8.97827339172363,"Unknown"
"7014853",371857,2025-07-05 11:32:04,43.537483215332,-8.96069240570068,"Unknown"
"7014853",371857,2025-07-05 11:36:32,43.5456733703613,-8.94278812408447,"Unknown"
"7014853",371857,2025-07-05 11:42:08,43.5115966796875,-8.91111087799072,"Unknown"
"7014853",371857,2025-07-05 11:46:32,43.4772491455078,-8.90007591247559,"Unknown"
"7014853",371857,2025-07-05 11:51:42,43.4312019348145,-8.88186740875244,"Unknown"
"7014853",371857,2025-07-05 11:57:06,43.3819351196289,-8.86526393890381,"Unknown"
"7014853",371857,2025-07-05 12:01:36,43.3672752380371,-8.84955406188965,"Unknown"
"7014853",371857,2025-07-05 12:06:44,43.3598556518555,-8.84334564208984,"Unknown"
"7014853",371857,2025-07-05 12:11:42,43.3592262268066,-8.84345626831055,"Unknown"
"7014853",371857,2025-07-05 12:16:39,43.3593101501465,-8.84340000152588,"Unknown"
"7014853",371857,2025-07-05 12:22:05,43.3596382141113,-8.84355545043945,"Unknown"
"7014853",371857,2025-07-05 12:26:44,43.3599128723145,-8.84350967407227,"Unknown"
"7014853",371857,2025-07-05 12:32:05,43.3593902587891,-8.84292125701904,"Unknown"
"7014853",371857,2025-07-05 12:36:32,43.359375,-8.84351634979248,"Unknown"
"7014853",371857,2025-07-05 12:41:32,43.3631134033203,-8.84505367279053,"Unknown"
"7014853",371857,2025-07-05 12:46:32,43.3754920959473,-8.86558151245117,"Unknown"
"7014853",371857,2025-07-05 12:51:36,43.3750762939453,-8.86415004730225,"Unknown"
"7014853",371857,2025-07-05 12:56:32,43.3752479553223,-8.86151599884033,"Unknown"
"7014853",371857,2025-07-05 13:01:32,43.3666076660156,-8.83010387420654,"Unknown"
"7014853",371857,2025-07-05 13:06:32,43.3416442871094,-8.79872608184814,"Unknown"
"7014853",371857,2025-07-05 13:11:32,43.3053703308105,-8.77069091796875,"Unknown"
"7014853",371857,2025-07-05 13:16:32,43.3102340698242,-8.75022602081299,"Unknown"
"7014853",371857,2025-07-05 13:21:33,43.2932357788086,-8.74250316619873,"Unknown"
"7014853",371857,2025-07-05 13:26:32,43.2933006286621,-8.74238395690918,"Unknown"
"7014853",371857,2025-07-05 13:31:34,43.2934494018555,-8.745849609375,"Unknown"
"7014853",371857,2025-07-05 13:36:32,43.2935752868652,-8.74564552307129,"Unknown"
"7014853",371857,2025-07-05 13:41:33,43.2935981750488,-8.74580955505371,"Unknown"
"7014853",371857,2025-07-05 13:46:33,43.2936859130859,-8.74564647674561,"Unknown"
"7014853",371857,2025-07-05 13:51:32,43.3007125854492,-8.75402545928955,"Unknown"
"7014853",371857,2025-07-05 13:56:32,43.3071022033691,-8.78905200958252,"Unknown"
"7014853",371857,2025-07-05 14:01:32,43.3232765197754,-8.81510734558105,"Unknown"
"7014853",371857,2025-07-05 14:06:32,43.3400344848633,-8.82950496673584,"Unknown"
"7014853",371857,2025-07-05 14:11:33,43.3494911193848,-8.84102725982666,"Unknown"
"7014853",371857,2025-07-05 14:16:39,43.3591003417969,-8.84357833862305,"Unknown"
"7014853",371857,2025-07-05 14:21:32,43.3591842651367,-8.84351444244385,"Unknown"
"7014853",371857,2025-07-05 14:26:44,43.3591842651367,-8.84346675872803,"Unknown"
"7014853",371857,2025-07-05 14:31:36,43.3591690063477,-8.843505859375,"Unknown"
"7014853",371857,2025-07-05 14:36:38,43.3591499328613,-8.84341239929199,"Unknown"
"7014853",371857,2025-07-05 14:41:36,43.3591270446777,-8.84339141845703,"Unknown"
"7014853",371857,2025-07-05 14:46:44,43.3591537475586,-8.84342861175537,"Unknown"
"7014853",371857,2025-07-05 14:51:32,43.3592224121094,-8.84354591369629,"Unknown"
"7014853",371857,2025-07-05 14:56:32,43.3592147827148,-8.8434886932373,"Unknown"
"7014853",371857,2025-07-05 15:01:32,43.359188079834,-8.84353733062744,"Unknown"
"7014853",371857,2025-07-05 15:06:33,43.3591842651367,-8.84347915649414,"Unknown"
"7014853",371857,2025-07-05 15:11:34,43.3590431213379,-8.84340763092041,"Unknown"
"7014853",371857,2025-07-05 15:16:33,43.3591804504395,-8.84353637695312,"Unknown"
"7014853",371857,2025-07-05 15:21:39,43.3588905334473,-8.84310913085938,"Unknown"
"7014853",371857,2025-07-05 15:26:37,43.35888671875,-8.84309673309326,"Unknown"
"7014853",371857,2025-07-05 15:31:44,43.3590927124023,-8.84344387054443,"Unknown"
"7014853",371857,2025-07-05 15:36:33,43.3591804504395,-8.84345722198486,"Unknown"
"7014853",371857,2025-07-05 15:41:33,43.3590126037598,-8.84316825866699,"Unknown"
"7014853",371857,2025-07-05 15:46:36,43.3590850830078,-8.84340476989746,"Unknown"
"7014853",371857,2025-07-05 15:51:39,43.3592338562012,-8.84357738494873,"Unknown"
"7014853",371857,2025-07-05 15:56:39,43.3590774536133,-8.84350204467773,"Unknown"
"7014853",371857,2025-07-05 16:01:39,43.3591194152832,-8.8436279296875,"Unknown"
"7014853",371857,2025-07-05 16:06:39,43.3591575622559,-8.84326076507568,"Unknown"
"7014853",371857,2025-07-05 16:11:38,43.3591156005859,-8.84344005584717,"Unknown"
"7014853",371857,2025-07-05 16:16:46,43.3591461181641,-8.84321117401123,"Unknown"
"7014853",371857,2025-07-05 16:21:36,43.359130859375,-8.84313869476318,"Unknown"
"7014853",371857,2025-07-05 16:26:39,43.3591842651367,-8.84341526031494,"Unknown"
"7014853",371857,2025-07-05 16:31:44,43.3591537475586,-8.84342098236084,"Unknown"
"7014853",371857,2025-07-05 16:36:37,43.3591537475586,-8.84355163574219,"Unknown"
"7014853",371857,2025-07-05 16:41:34,43.3591461181641,-8.84353160858154,"Unknown"
"7014853",371857,2025-07-05 16:46:34,43.3591156005859,-8.84355640411377,"Unknown"
"7014853",371857,2025-07-05 16:51:34,43.3591575622559,-8.8435115814209,"Unknown"
"7014853",371857,2025-07-05 16:56:37,43.359260559082,-8.84365081787109,"Unknown"
"7014853",371857,2025-07-05 17:01:36,43.3451118469238,-8.81277656555176,"Unknown"
"7014853",371857,2025-07-05 17:06:38,43.3334465026855,-8.79491996765137,"Unknown"
"7014853",371857,2025-07-05 17:11:37,43.3255081176758,-8.76548862457275,"Unknown"
"7014853",371857,2025-07-05 17:17:14,43.3223686218262,-8.73479843139648,"Unknown"
"7014853",371857,2025-07-05 17:22:35,43.3272895812988,-8.70648670196533,"Unknown"
"7014853",371857,2025-07-05 17:26:36,43.3397560119629,-8.69695854187012,"Unknown"
"7014853",371857,2025-07-05 17:31:42,43.3473243713379,-8.6888313293457,"Unknown"
"7014853",371857,2025-07-05 17:36:34,43.3398361206055,-8.66327667236328,"Unknown"
"7014853",371857,2025-07-05 17:41:36,43.3276977539062,-8.63543510437012,"Unknown"
"7014853",371857,2025-07-05 17:46:37,43.3196258544922,-8.60846424102783,"Unknown"
"7014853",371857,2025-07-05 17:51:44,43.3174057006836,-8.58092784881592,"Unknown"
"7014853",371857,2025-07-05 17:56:38,43.3116836547852,-8.5454216003418,"Unknown"
"7014853",371857,2025-07-05 18:01:34,43.3204460144043,-8.52628993988037,"Unknown"
"7014853",371857,2025-07-05 18:06:37,43.3281555175781,-8.50528717041016,"Unknown"
"7014853",371857,2025-07-05 18:11:34,43.342586517334,-8.48613739013672,"Unknown"
"7014853",371857,2025-07-05 18:16:43,43.3579864501953,-8.46659469604492,"Unknown"
"7014853",371857,2025-07-05 18:21:45,43.3566131591797,-8.45693397521973,"Unknown"
"7014853",371857,2025-07-05 18:26:40,43.3569564819336,-8.45703029632568,"Unknown"
"7014853",371857,2025-07-05 18:31:43,43.3562965393066,-8.4570369720459,"Unknown"
"7014853",371857,2025-07-05 18:37:05,43.3562927246094,-8.45791721343994,"Unknown"
"7014853",371857,2025-07-05 18:41:43,43.3562889099121,-8.45771598815918,"Unknown"
"7014853",371857,2025-07-05 18:46:44,43.3415069580078,-8.45275402069092,"Unknown"
"7014853",371857,2025-07-05 18:51:36,43.3405151367188,-8.45341014862061,"Unknown"
"7014853",371857,2025-07-05 18:56:38,43.352611541748,-8.46955585479736,"Unknown"
"7014853",371857,2025-07-05 19:01:41,43.3538970947266,-8.52129745483398,"Unknown"
"7014853",371857,2025-07-05 19:06:37,43.3427658081055,-8.57839870452881,"Unknown"
"7014853",371857,2025-07-05 19:11:34,43.3388252258301,-8.63284778594971,"Unknown"
"7014853",371857,2025-07-05 19:16:43,43.338508605957,-8.63602161407471,"Unknown"
"7014853",371857,2025-07-05 19:21:36,43.3279800415039,-8.68655681610107,"Unknown"
"7014853",371857,2025-07-05 19:26:36,43.3160552978516,-8.74018287658691,"Unknown"
"7014853",371857,2025-07-05 19:31:36,43.3108100891113,-8.78688621520996,"Unknown"
"7014853",371857,2025-07-05 19:36:36,43.322566986084,-8.8145580291748,"Unknown"
"7014853",371857,2025-07-05 19:41:38,43.3278884887695,-8.82181167602539,"Unknown"
"7014853",371857,2025-07-05 19:46:47,43.3445320129395,-8.83925151824951,"Unknown"
"7014853",371857,2025-07-05 19:51:36,43.3570899963379,-8.84569358825684,"Unknown"
"7014853",371857,2025-07-05 19:56:39,43.3591270446777,-8.84365558624268,"Unknown"
"7014853",371857,2025-07-05 20:01:39,43.3591957092285,-8.8436450958252,"Unknown"
"7014853",371857,2025-07-05 20:06:37,43.359188079834,-8.84365081787109,"Unknown"
"7014853",371857,2025-07-05 20:11:36,43.3591957092285,-8.84354782104492,"Unknown"
"7014853",371857,2025-07-05 20:16:36,43.3592224121094,-8.8436107635498,"Unknown"
"7014853",371857,2025-07-05 20:22:05,43.3592262268066,-8.84355926513672,"Unknown"
"7014853",371857,2025-07-05 20:26:36,43.3592796325684,-8.84352207183838,"Unknown"
"7014853",371857,2025-07-05 20:31:35,43.3594398498535,-8.8436164855957,"Unknown"
"7014853",371857,2025-07-05 20:36:39,43.3591995239258,-8.84344005584717,"Unknown"
"7014853",371857,2025-07-05 20:41:38,43.359188079834,-8.84347343444824,"Unknown"
"7014853",371857,2025-07-05 20:46:38,43.3593521118164,-8.84357261657715,"Unknown"
"7014853",371857,2025-07-05 20:51:37,43.3591766357422,-8.84347724914551,"Unknown"
"7014853",371857,2025-07-05 20:56:37,43.3592567443848,-8.84341907501221,"Unknown"
"7014853",371857,2025-07-05 21:01:36,43.3592376708984,-8.84343528747559,"Unknown"
"7014853",371857,2025-07-05 21:05:01,43.3591690063477,-8.84352111816406,"Unknown"
"7014853",371857,2025-07-06 02:05:30,43.3591651916504,-8.84349155426025,"Unknown"
"7014853",371857,2025-07-06 05:07:35,43.3592338562012,-8.84351634979248,"Unknown"
"7014853",371857,2025-07-06 05:12:07,43.3592338562012,-8.84358501434326,"Unknown"
"7014853",371857,2025-07-06 05:17:06,43.3592224121094,-8.84346961975098,"Unknown"
"7014853",371857,2025-07-06 05:22:06,43.359245300293,-8.84333801269531,"Unknown"
"7014853",371857,2025-07-06 05:27:12,43.3593635559082,-8.84368228912354,"Unknown"
"7014853",371857,2025-07-06 05:32:09,43.3592681884766,-8.8435115814209,"Unknown"
"7014853",371857,2025-07-06 05:37:08,43.3595008850098,-8.84387302398682,"Unknown"
"7014853",371857,2025-07-06 05:42:07,43.3658218383789,-8.81752872467041,"Unknown"
"7014853",371857,2025-07-06 05:47:42,43.3720054626465,-8.77132034301758,"Unknown"
"7014853",371857,2025-07-06 05:52:05,43.3712120056152,-8.73016548156738,"Unknown"
"7014853",371857,2025-07-06 05:57:30,43.372615814209,-8.7087926864624,"Unknown"
"7014853",371857,2025-07-06 06:02:07,43.3726844787598,-8.7089319229126,"Unknown"
"7014853",371857,2025-07-06 06:07:05,43.3695297241211,-8.6973876953125,"Unknown"
"7014853",371857,2025-07-06 06:12:05,43.360912322998,-8.66529369354248,"Unknown"
"7014853",371857,2025-07-06 06:17:05,43.3593406677246,-8.62162590026855,"Unknown"
"7014853",371857,2025-07-06 06:22:07,43.3367156982422,-8.6056489944458,"Unknown"
"7014853",371857,2025-07-06 06:27:08,43.3140487670898,-8.60916519165039,"Unknown"
"7014853",371857,2025-07-06 06:32:12,43.3142547607422,-8.6104736328125,"Unknown"
"7014853",371857,2025-07-06 06:37:15,43.3156929016113,-8.61011219024658,"Unknown"
"7014853",371857,2025-07-06 06:42:18,43.3156471252441,-8.61023235321045,"Unknown"
"7014853",371857,2025-07-06 06:47:18,43.3165397644043,-8.60899066925049,"Unknown"
"7014853",371857,2025-07-06 06:52:13,43.3165435791016,-8.60898780822754,"Unknown"
"7014853",371857,2025-07-06 06:57:18,43.3165092468262,-8.60875415802002,"Unknown"
"7014853",371857,2025-07-06 07:02:35,43.3253860473633,-8.58565139770508,"Unknown"
"7014853",371857,2025-07-06 07:07:06,43.3388595581055,-8.54875469207764,"Unknown"
"7014853",371857,2025-07-06 07:12:35,43.3456153869629,-8.5335521697998,"Unknown"
"7014853",371857,2025-07-06 07:17:06,43.3456344604492,-8.53357601165771,"Unknown"
"7014853",371857,2025-07-06 07:22:07,43.3456802368164,-8.53335475921631,"Unknown"
"7014853",371857,2025-07-06 07:27:07,43.3455619812012,-8.533766746521,"Unknown"
"7014853",371857,2025-07-06 07:32:08,43.3457069396973,-8.5337028503418,"Unknown"
"7014853",371857,2025-07-06 07:37:09,43.3461151123047,-8.53008270263672,"Unknown"
"7014853",371857,2025-07-06 07:42:09,43.3495712280273,-8.52829551696777,"Unknown"
"7014853",371857,2025-07-06 07:47:05,43.3495826721191,-8.52844905853271,"Unknown"
"7014853",371857,2025-07-06 07:52:07,43.3495330810547,-8.52837085723877,"Unknown"
"7014853",371857,2025-07-06 07:57:06,43.3495483398438,-8.52832317352295,"Unknown"
"7014853",371857,2025-07-06 08:02:06,43.3495483398438,-8.52831745147705,"Unknown"
"7014853",371857,2025-07-06 08:07:05,43.3494987487793,-8.52835464477539,"Unknown"
"7014853",371857,2025-07-06 08:12:08,43.3495750427246,-8.5283317565918,"Unknown"
"7014853",371857,2025-07-06 08:17:09,43.3496055603027,-8.52828979492188,"Unknown"
"7014853",371857,2025-07-06 08:22:18,43.3553771972656,-8.50049781799316,"Unknown"
"7014853",371857,2025-07-06 08:27:20,43.3564949035645,-8.4571475982666,"Unknown"
"7014853",371857,2025-07-06 08:32:20,43.356330871582,-8.45725727081299,"Unknown"
"7014853",371857,2025-07-06 08:37:20,43.3564758300781,-8.45710754394531,"Unknown"
"7014853",371857,2025-07-06 08:42:35,43.3565292358398,-8.4570484161377,"Unknown"
"7014853",371857,2025-07-06 08:47:08,43.356632232666,-8.45732879638672,"Unknown"
"7014853",371857,2025-07-06 08:52:18,43.3565635681152,-8.45735454559326,"Unknown"
"7014853",371857,2025-07-06 08:57:19,43.3563232421875,-8.45718765258789,"Unknown"
"7014853",371857,2025-07-06 09:02:17,43.3563194274902,-8.45777988433838,"Unknown"
"7014853",371857,2025-07-06 09:07:34,43.3563766479492,-8.45692157745361,"Unknown"
"7014853",371857,2025-07-06 09:12:16,43.3565559387207,-8.45753860473633,"Unknown"
"7014853",371857,2025-07-06 09:17:20,43.356502532959,-8.45732307434082,"Unknown"
"7014853",371857,2025-07-06 09:22:41,43.3572120666504,-8.45677852630615,"Unknown"
"7014853",371857,2025-07-06 09:27:15,43.3564033508301,-8.457106590271,"Unknown"
"7014853",371857,2025-07-06 09:32:29,43.356746673584,-8.45669937133789,"Unknown"
"7014853",371857,2025-07-06 09:37:18,43.3566513061523,-8.45704555511475,"Unknown"
"7014853",371857,2025-07-06 09:42:32,43.3564186096191,-8.45724296569824,"Unknown"
"7014853",371857,2025-07-06 09:47:18,43.3569641113281,-8.45629405975342,"Unknown"
"7014853",371857,2025-07-06 09:52:51,43.3566513061523,-8.45717430114746,"Unknown"
"7014853",371857,2025-07-06 09:57:22,43.3566551208496,-8.45716381072998,"Unknown"
"7014853",371857,2025-07-06 10:02:21,43.3567924499512,-8.45646572113037,"Unknown"
"7014853",371857,2025-07-06 10:07:15,43.3561134338379,-8.45645618438721,"Unknown"
"7014853",371857,2025-07-06 10:12:18,43.3565521240234,-8.45670413970947,"Unknown"
"7014853",371857,2025-07-06 10:17:13,43.3561134338379,-8.45761013031006,"Unknown"
"7014853",371857,2025-07-06 10:22:21,43.3559875488281,-8.45696449279785,"Unknown"
"7014853",371857,2025-07-06 10:27:19,43.3520011901855,-8.45293045043945,"Unknown"
"7014853",371857,2025-07-06 10:32:31,43.3404579162598,-8.45362377166748,"Unknown"
"7014853",371857,2025-07-06 10:37:19,43.3412704467773,-8.45275592803955,"Unknown"
"7014853",371857,2025-07-06 10:42:35,43.349739074707,-8.474928855896,"Unknown"
"7014853",371857,2025-07-06 10:47:07,43.3551750183105,-8.50308990478516,"Unknown"
"7014853",371857,2025-07-06 10:52:05,43.3462409973145,-8.53695583343506,"Unknown"
"7014853",371857,2025-07-06 10:57:07,43.3317642211914,-8.57220363616943,"Unknown"
"7014853",371857,2025-07-06 11:02:07,43.3215980529785,-8.60708141326904,"Unknown"
"7014853",371857,2025-07-06 11:07:07,43.3201103210449,-8.64658641815186,"Unknown"
"7014853",371857,2025-07-06 11:12:09,43.3203964233398,-8.68516063690186,"Unknown"
"7014853",371857,2025-07-06 11:17:08,43.3174057006836,-8.72343254089355,"Unknown"
"7014853",371857,2025-07-06 11:22:09,43.3178443908691,-8.75963878631592,"Unknown"
"7014853",371857,2025-07-06 11:27:09,43.3315925598145,-8.79592704772949,"Unknown"
"7014853",371857,2025-07-06 11:32:08,43.3513107299805,-8.82445430755615,"Unknown"
"7014853",371857,2025-07-06 11:37:31,43.3592643737793,-8.84354496002197,"Unknown"
"7014853",371857,2025-07-06 11:42:08,43.3592567443848,-8.84371757507324,"Unknown"
"7014853",371857,2025-07-06 11:47:15,43.3591613769531,-8.84349918365479,"Unknown"
"7014853",371857,2025-07-06 11:52:10,43.359130859375,-8.84352874755859,"Unknown"
"7014853",371857,2025-07-06 11:57:06,43.3591041564941,-8.8432092666626,"Unknown"
"7014853",371857,2025-07-06 12:02:07,43.3593864440918,-8.84341812133789,"Unknown"
"7014853",371857,2025-07-06 12:07:06,43.3592338562012,-8.84339141845703,"Unknown"
"7014853",371857,2025-07-06 12:12:15,43.3591728210449,-8.843505859375,"Unknown"
"7014853",371857,2025-07-06 12:17:09,43.3590621948242,-8.84351062774658,"Unknown"
"7014853",371857,2025-07-06 12:22:07,43.3590774536133,-8.84346199035645,"Unknown"
"7014853",371857,2025-07-06 12:27:06,43.3591232299805,-8.84349918365479,"Unknown"
"7014853",371857,2025-07-06 12:32:11,43.3591918945312,-8.84344291687012,"Unknown"
"7014853",371857,2025-07-06 12:37:06,43.3592109680176,-8.8434362411499,"Unknown"
"7014853",371857,2025-07-06 12:42:35,43.3591613769531,-8.84353446960449,"Unknown"
"7014853",371857,2025-07-06 12:47:16,43.3591957092285,-8.84353446960449,"Unknown"
"7014853",371857,2025-07-06 12:52:07,43.3591728210449,-8.84350872039795,"Unknown"
"7014853",371857,2025-07-06 12:57:08,43.3591995239258,-8.84346389770508,"Unknown"
"7014853",371857,2025-07-06 13:02:08,43.3591003417969,-8.84354305267334,"Unknown"
"7014853",371857,2025-07-06 13:07:06,43.3591461181641,-8.84345722198486,"Unknown"
"7014853",371857,2025-07-06 13:12:06,43.3591194152832,-8.84348487854004,"Unknown"
"7014853",371857,2025-07-06 13:17:07,43.3591384887695,-8.84348392486572,"Unknown"
"7014853",371857,2025-07-06 13:22:06,43.3590812683105,-8.84338569641113,"Unknown"
"7014853",371857,2025-07-06 13:27:06,43.3590354919434,-8.84334278106689,"Unknown"
"7014853",371857,2025-07-06 13:32:06,43.359203338623,-8.84337902069092,"Unknown"
"7014853",371857,2025-07-06 13:37:08,43.3591117858887,-8.84345817565918,"Unknown"
"7014853",371857,2025-07-06 13:42:09,43.3593063354492,-8.84349918365479,"Unknown"
"7014853",371857,2025-07-06 13:47:06,43.3591613769531,-8.8433837890625,"Unknown"
"7014853",371857,2025-07-06 13:52:07,43.3591117858887,-8.84339904785156,"Unknown"
"7014853",371857,2025-07-06 13:57:07,43.3591461181641,-8.84353351593018,"Unknown"
"7014853",371857,2025-07-06 14:02:07,43.3591766357422,-8.84349346160889,"Unknown"
"7014853",371857,2025-07-06 14:07:11,43.3593101501465,-8.8433141708374,"Unknown"
"7014853",371857,2025-07-06 14:12:09,43.359203338623,-8.84342861175537,"Unknown"
"7014853",371857,2025-07-06 14:17:10,43.3592529296875,-8.84349536895752,"Unknown"
"7014853",371857,2025-07-06 14:22:17,43.3591194152832,-8.84338855743408,"Unknown"
"7014853",371857,2025-07-06 14:27:22,43.3591728210449,-8.8434419631958,"Unknown"
"7014853",371857,2025-07-06 14:32:06,43.359203338623,-8.84347343444824,"Unknown"
"7014853",371857,2025-07-06 14:37:10,43.3591461181641,-8.84344291687012,"Unknown"
"7014853",371857,2025-07-06 14:42:16,43.3591690063477,-8.84349060058594,"Unknown"
"7014853",371857,2025-07-06 14:47:13,43.3592910766602,-8.84343242645264,"Unknown"
"7014853",371857,2025-07-06 14:53:30,43.3605575561523,-8.8440465927124,"Unknown"
"7014853",371857,2025-07-06 14:57:07,43.3617897033691,-8.84368705749512,"Unknown"
"7014853",371857,2025-07-06 15:02:54,43.3609619140625,-8.84529876708984,"Unknown"
"7014853",371857,2025-07-06 15:07:11,43.3586807250977,-8.84362602233887,"Unknown"
"7014853",371857,2025-07-06 15:12:09,43.359203338623,-8.84355640411377,"Unknown"
"7014853",371857,2025-07-06 15:17:10,43.3592720031738,-8.84341812133789,"Unknown"
"7014853",371857,2025-07-06 15:22:08,43.3594703674316,-8.84363746643066,"Unknown"
"7014853",371857,2025-07-06 15:27:15,43.3592834472656,-8.84353637695312,"Unknown"
"7014853",371857,2025-07-06 15:32:09,43.3591957092285,-8.84377574920654,"Unknown"
"7014853",371857,2025-07-06 15:37:13,43.3590927124023,-8.84339714050293,"Unknown"
"7014853",371857,2025-07-06 15:42:16,43.3591651916504,-8.84353256225586,"Unknown"
"7014853",371857,2025-07-06 15:47:12,43.3591537475586,-8.84336376190186,"Unknown"
"7014853",371857,2025-07-06 15:52:53,43.3591270446777,-8.84335708618164,"Unknown"
"7014853",371857,2025-07-06 15:57:25,43.3592185974121,-8.84337520599365,"Unknown"
"7014853",371857,2025-07-06 16:02:20,43.3592262268066,-8.84333229064941,"Unknown"
"7014853",371857,2025-07-06 16:07:08,43.3592109680176,-8.84358406066895,"Unknown"
"7014853",371857,2025-07-06 16:12:06,43.3591804504395,-8.84337615966797,"Unknown"
"7014853",371857,2025-07-06 16:17:07,43.3591575622559,-8.84339714050293,"Unknown"
"7014853",371857,2025-07-06 16:22:09,43.359130859375,-8.84351825714111,"Unknown"
"7014853",371857,2025-07-06 16:27:08,43.3592414855957,-8.84359931945801,"Unknown"
"7014853",371857,2025-07-06 16:32:06,43.3592376708984,-8.84359645843506,"Unknown"
"7014853",371857,2025-07-06 16:37:06,43.3591575622559,-8.84344100952148,"Unknown"
"7014853",371857,2025-07-06 16:42:35,43.3591613769531,-8.84346580505371,"Unknown"
"7014853",371857,2025-07-06 16:47:07,43.3591728210449,-8.84354972839355,"Unknown"
"7014853",371857,2025-07-06 16:52:08,43.3591651916504,-8.84349727630615,"Unknown"
"7014853",371857,2025-07-06 16:57:08,43.359245300293,-8.84365081787109,"Unknown"
"7014853",371857,2025-07-06 17:02:08,43.3590888977051,-8.84349632263184,"Unknown"
"7014853",371857,2025-07-06 17:07:08,43.359245300293,-8.84352397918701,"Unknown"
"7014853",371857,2025-07-06 17:12:08,43.3592491149902,-8.84361553192139,"Unknown"
"7014853",371857,2025-07-06 17:17:08,43.3592338562012,-8.84351634979248,"Unknown"
"7014853",371857,2025-07-06 17:22:07,43.3591651916504,-8.84346866607666,"Unknown"
"7014853",371857,2025-07-06 17:27:16,43.3592567443848,-8.84348487854004,"Unknown"
"7014853",371857,2025-07-06 17:32:08,43.3591728210449,-8.84356021881104,"Unknown"
"7014853",371857,2025-07-06 17:38:22,43.3624267578125,-8.84530448913574,"Unknown"
"7014853",371857,2025-07-06 17:42:08,43.3651123046875,-8.84636402130127,"Unknown"
"7014853",371857,2025-07-06 17:47:07,43.3781318664551,-8.86161231994629,"Unknown"
"7014853",371857,2025-07-06 17:52:08,43.375919342041,-8.89202785491943,"Unknown"
"7014853",371857,2025-07-06 17:57:13,43.3695373535156,-8.89977264404297,"Unknown"
"7014853",371857,2025-07-06 18:02:10,43.3596878051758,-8.87844276428223,"Unknown"
"7014853",371857,2025-07-06 18:07:08,43.359001159668,-8.84316444396973,"Unknown"
"7014853",371857,2025-07-06 18:12:11,43.3592643737793,-8.843825340271,"Unknown"
"7014853",371857,2025-07-06 18:17:12,43.3591690063477,-8.84356594085693,"Unknown"
"7014853",371857,2025-07-06 18:22:11,43.3590698242188,-8.8431224822998,"Unknown"
"7014853",371857,2025-07-06 18:27:09,43.3593482971191,-8.84381103515625,"Unknown"
"7014853",371857,2025-07-06 18:32:10,43.3590965270996,-8.8433895111084,"Unknown"
"7014853",371857,2025-07-06 18:37:12,43.3592414855957,-8.843505859375,"Unknown"
"7014853",371857,2025-07-06 18:42:12,43.3591270446777,-8.84321212768555,"Unknown"
"7014853",371857,2025-07-06 18:47:09,43.3592071533203,-8.84349250793457,"Unknown"
"7014853",371857,2025-07-06 18:52:08,43.3660583496094,-8.82761764526367,"Unknown"
"7014853",371857,2025-07-06 18:57:10,43.3415832519531,-8.82718181610107,"Unknown"
"7014853",371857,2025-07-06 19:02:08,43.327766418457,-8.82818698883057,"Unknown"
"7014853",371857,2025-07-06 19:07:10,43.3276596069336,-8.8282585144043,"Unknown"
"7014853",371857,2025-07-06 19:12:09,43.3277816772461,-8.82832717895508,"Unknown"
"7014853",371857,2025-07-06 19:17:15,43.3278732299805,-8.82823181152344,"Unknown"
"7014853",371857,2025-07-06 19:22:13,43.3279228210449,-8.82820415496826,"Unknown"
"7014853",371857,2025-07-06 19:27:12,43.3280944824219,-8.82817649841309,"Unknown"
"7014853",371857,2025-07-06 19:32:40,43.3226547241211,-8.83468151092529,"Unknown"
"7014853",371857,2025-07-06 19:37:10,43.3174057006836,-8.84371089935303,"Unknown"
"7014853",371857,2025-07-06 19:42:08,43.3172760009766,-8.84384059906006,"Unknown"
"7014853",371857,2025-07-06 19:47:08,43.3174934387207,-8.84371662139893,"Unknown"
"7014853",371857,2025-07-06 19:52:08,43.317195892334,-8.84342384338379,"Unknown"
"7014853",371857,2025-07-06 19:57:09,43.3170776367188,-8.84336185455322,"Unknown"
"7014853",371857,2025-07-06 20:02:12,43.3222541809082,-8.82529544830322,"Unknown"
"7014853",371857,2025-07-06 20:07:13,43.330135345459,-8.79249000549316,"Unknown"
"7014853",371857,2025-07-06 20:12:10,43.329948425293,-8.79218196868896,"Unknown"
"7014853",371857,2025-07-06 20:17:08,43.3275947570801,-8.78555297851562,"Unknown"
"7014853",371857,2025-07-06 20:22:18,43.3256034851074,-8.78033447265625,"Unknown"
"7014853",371857,2025-07-06 20:27:35,43.3258018493652,-8.77972984313965,"Unknown"
"7014853",371857,2025-07-06 20:32:11,43.3263168334961,-8.78472518920898,"Unknown"
"7014853",371857,2025-07-06 20:37:11,43.3258934020996,-8.78409099578857,"Unknown"
"7014853",371857,2025-07-06 20:42:09,43.3258857727051,-8.78316783905029,"Unknown"
"7014853",371857,2025-07-06 20:47:59,43.326286315918,-8.7826566696167,"Unknown"
"7014853",371857,2025-07-06 20:52:10,43.326717376709,-8.78299140930176,"Unknown"
"7014853",371857,2025-07-06 20:57:18,43.3273429870605,-8.78317356109619,"Unknown"
"7014853",371857,2025-07-06 21:04:01,43.3282051086426,-8.78322601318359,"Unknown"
"7014853",371857,2025-07-07 02:04:35,43.3591156005859,-8.84345817565918,"Unknown"
"7014853",371857,2025-07-07 05:08:06,43.3591270446777,-8.84344005584717,"Unknown"
"7014853",371857,2025-07-07 05:12:41,43.3591918945312,-8.84348297119141,"Unknown"
"7014853",371857,2025-07-07 05:17:40,43.3592872619629,-8.84362697601318,"Unknown"
"7014853",371857,2025-07-07 05:22:39,43.3468246459961,-8.84319400787354,"Unknown"
"7014853",371857,2025-07-07 05:27:41,43.3496513366699,-8.83631324768066,"Unknown"
"7014853",371857,2025-07-07 05:32:40,43.3551216125488,-8.84473991394043,"Unknown"
"7014853",371857,2025-07-07 05:37:45,43.3591194152832,-8.84347057342529,"Unknown"
"7014853",371857,2025-07-07 05:42:41,43.3592262268066,-8.84366607666016,"Unknown"
"7014853",371857,2025-07-07 05:47:41,43.3592185974121,-8.84369468688965,"Unknown"
"7014853",371857,2025-07-07 05:52:45,43.3590850830078,-8.84356021881104,"Unknown"
"7014853",371857,2025-07-07 05:58:01,43.359073638916,-8.84358024597168,"Unknown"
"7014853",371857,2025-07-07 06:02:38,43.359188079834,-8.8434362411499,"Unknown"
"7014853",371857,2025-07-07 06:07:40,43.3592185974121,-8.84345531463623,"Unknown"
"7014853",371857,2025-07-07 06:12:39,43.359073638916,-8.8435754776001,"Unknown"
"7014853",371857,2025-07-07 06:17:39,43.3591384887695,-8.84350967407227,"Unknown"
"7014853",371857,2025-07-07 06:22:40,43.3590812683105,-8.84352207183838,"Unknown"
"7014853",371857,2025-07-07 06:27:38,43.3591842651367,-8.84358978271484,"Unknown"
"7014853",371857,2025-07-07 06:32:46,43.3591918945312,-8.84342384338379,"Unknown"
"7014853",371857,2025-07-07 06:37:46,43.3592224121094,-8.84340763092041,"Unknown"
"7014853",371857,2025-07-07 06:42:47,43.3591766357422,-8.84343528747559,"Unknown"
"7014853",371857,2025-07-07 06:48:02,43.3591499328613,-8.843430519104,"Unknown"
"7014853",371857,2025-07-07 06:52:38,43.3591003417969,-8.84343719482422,"Unknown"
"7014853",371857,2025-07-07 06:57:40,43.3590888977051,-8.84345626831055,"Unknown"
"7014853",371857,2025-07-07 07:02:39,43.3590469360352,-8.84352016448975,"Unknown"
"7014853",371857,2025-07-07 07:07:38,43.3591003417969,-8.84356689453125,"Unknown"
"7014853",371857,2025-07-07 07:12:39,43.3496360778809,-8.82828903198242,"Unknown"
"7014853",371857,2025-07-07 07:17:39,43.3358192443848,-8.80867862701416,"Unknown"
"7014853",371857,2025-07-07 07:22:39,43.3349533081055,-8.81005191802979,"Unknown"
"7014853",371857,2025-07-07 07:27:39,43.3335838317871,-8.81144905090332,"Unknown"
"7014853",371857,2025-07-07 07:32:39,43.3372001647949,-8.82200145721436,"Unknown"
"7014853",371857,2025-07-07 07:37:38,43.3367042541504,-8.82077789306641,"Unknown"
"7014853",371857,2025-07-07 07:42:41,43.3365364074707,-8.82058143615723,"Unknown"
"7014853",371857,2025-07-07 07:47:38,43.3278350830078,-8.82850742340088,"Unknown"
"7014853",371857,2025-07-07 07:52:41,43.3280143737793,-8.82840538024902,"Unknown"
"7014853",371857,2025-07-07 07:57:39,43.3226852416992,-8.81337547302246,"Unknown"
"7014853",371857,2025-07-07 08:02:39,43.3267822265625,-8.78625011444092,"Unknown"
"7014853",371857,2025-07-07 08:07:38,43.3259925842285,-8.77743625640869,"Unknown"
"7014853",371857,2025-07-07 08:12:38,43.3305358886719,-8.78366470336914,"Unknown"
"7014853",371857,2025-07-07 08:17:41,43.3319320678711,-8.7910041809082,"Unknown"
"7014853",371857,2025-07-07 08:22:39,43.330738067627,-8.78977489471436,"Unknown"
"7014853",371857,2025-07-07 08:27:39,43.3181343078613,-8.798996925354,"Unknown"
"7014853",371857,2025-07-07 08:32:39,43.3172836303711,-8.79741859436035,"Unknown"
"7014853",371857,2025-07-07 08:37:48,43.327709197998,-8.82856845855713,"Unknown"
"7014853",371857,2025-07-07 08:42:45,43.341178894043,-8.83192157745361,"Unknown"
"7014853",371857,2025-07-07 08:47:39,43.3603324890137,-8.84536647796631,"Unknown"
"7014853",371857,2025-07-07 08:52:40,43.3591957092285,-8.84377765655518,"Unknown"
"7014853",371857,2025-07-07 08:57:43,43.3591461181641,-8.84362030029297,"Unknown"
"7014853",371857,2025-07-07 09:03:07,43.3588638305664,-8.84354496002197,"Unknown"
"7014853",371857,2025-07-07 09:07:47,43.3673934936523,-8.8320426940918,"Unknown"
"7014853",371857,2025-07-07 09:12:39,43.367301940918,-8.81777763366699,"Unknown"
"7014853",371857,2025-07-07 09:17:40,43.3461875915527,-8.79739189147949,"Unknown"
"7014853",371857,2025-07-07 09:22:38,43.3250885009766,-8.79349994659424,"Unknown"
"7014853",371857,2025-07-07 09:27:40,43.3108329772949,-8.79575729370117,"Unknown"
"7014853",371857,2025-07-07 09:32:39,43.3137016296387,-8.78357410430908,"Unknown"
"7014853",371857,2025-07-07 09:37:40,43.3210220336914,-8.80471324920654,"Unknown"
"7014853",371857,2025-07-07 09:42:39,43.3235549926758,-8.80608081817627,"Unknown"
"7014853",371857,2025-07-07 09:47:40,43.3168678283691,-8.8029260635376,"Unknown"
"7014853",371857,2025-07-07 09:52:42,43.3054847717285,-8.78830718994141,"Unknown"
"7014853",371857,2025-07-07 09:57:42,43.3025207519531,-8.7820930480957,"Unknown"
"7014853",371857,2025-07-07 10:03:05,43.312427520752,-8.75621700286865,"Unknown"
"7014853",371857,2025-07-07 10:07:39,43.3325653076172,-8.75141716003418,"Unknown"
"7014853",371857,2025-07-07 10:12:49,43.3546905517578,-8.76935291290283,"Unknown"
"7014853",371857,2025-07-07 10:17:43,43.3743934631348,-8.78505802154541,"Unknown"
"7014853",371857,2025-07-07 10:22:50,43.3751449584961,-8.7525463104248,"Unknown"
"7014853",371857,2025-07-07 10:27:51,43.3891754150391,-8.7283935546875,"Unknown"
"7014853",371857,2025-07-07 10:32:52,43.4046287536621,-8.70960807800293,"Unknown"
"7014853",371857,2025-07-07 10:38:05,43.3864059448242,-8.67675590515137,"Unknown"
"7014853",371857,2025-07-07 10:42:38,43.3879814147949,-8.65811538696289,"Unknown"
"7014853",371857,2025-07-07 10:47:38,43.4023399353027,-8.65098285675049,"Unknown"
"7014853",371857,2025-07-07 10:52:38,43.3830757141113,-8.61948776245117,"Unknown"
"7014853",371857,2025-07-07 10:57:38,43.3498420715332,-8.59898281097412,"Unknown"
"7014853",371857,2025-07-07 11:02:38,43.3358879089355,-8.57163238525391,"Unknown"
"7014853",371857,2025-07-07 11:07:38,43.3326454162598,-8.54328632354736,"Unknown"
"7014853",371857,2025-07-07 11:13:09,43.3320465087891,-8.54434776306152,"Unknown"
"7014853",371857,2025-07-07 11:17:39,43.3326835632324,-8.5442943572998,"Unknown"
"7014853",371857,2025-07-07 11:22:41,43.3333053588867,-8.5432825088501,"Unknown"
"7014853",371857,2025-07-07 11:27:42,43.3333282470703,-8.54353046417236,"Unknown"
"7014853",371857,2025-07-07 11:32:40,43.3329010009766,-8.54364013671875,"Unknown"
"7014853",371857,2025-07-07 11:37:40,43.3306579589844,-8.53996181488037,"Unknown"
"7014853",371857,2025-07-07 11:42:39,43.3309631347656,-8.53662204742432,"Unknown"
"7014853",371857,2025-07-07 11:47:39,43.3307495117188,-8.53485774993896,"Unknown"
"7014853",371857,2025-07-07 11:52:39,43.3317184448242,-8.55105400085449,"Unknown"
"7014853",371857,2025-07-07 11:57:41,43.3315048217773,-8.55522060394287,"Unknown"
"7014853",371857,2025-07-07 12:03:14,43.3248634338379,-8.53966331481934,"Unknown"
"7014853",371857,2025-07-07 12:07:39,43.3295211791992,-8.53487777709961,"Unknown"
"7014853",371857,2025-07-07 12:12:38,43.3369789123535,-8.52154731750488,"Unknown"
"7014853",371857,2025-07-07 12:17:38,43.328727722168,-8.49921989440918,"Unknown"
"7014853",371857,2025-07-07 12:23:03,43.3445510864258,-8.48892116546631,"Unknown"
"7014853",371857,2025-07-07 12:27:38,43.3507194519043,-8.47952079772949,"Unknown"
"7014853",371857,2025-07-07 12:32:38,43.3523712158203,-8.47561264038086,"Unknown"
"7014853",371857,2025-07-07 12:37:38,43.353946685791,-8.45873165130615,"Unknown"
"7014853",371857,2025-07-07 12:42:46,43.3557662963867,-8.45706272125244,"Unknown"
"7014853",371857,2025-07-07 12:47:47,43.356575012207,-8.45721340179443,"Unknown"
"7014853",371857,2025-07-07 12:52:38,43.3537521362305,-8.45885944366455,"Unknown"
"7014853",371857,2025-07-07 12:57:38,43.353702545166,-8.45890140533447,"Unknown"
"7014853",371857,2025-07-07 13:02:47,43.3540191650391,-8.45889377593994,"Unknown"
"7014853",371857,2025-07-07 13:07:47,43.3537712097168,-8.45882320404053,"Unknown"
"7014853",371857,2025-07-07 13:12:47,43.3540725708008,-8.45878410339355,"Unknown"
"7014853",371857,2025-07-07 13:17:42,43.3545608520508,-8.4583625793457,"Unknown"
"7014853",371857,2025-07-07 13:22:43,43.3543586730957,-8.45870304107666,"Unknown"
"7014853",371857,2025-07-07 13:27:49,43.3543701171875,-8.45857524871826,"Unknown"
"7014853",371857,2025-07-07 13:33:02,43.3540191650391,-8.45875358581543,"Unknown"
"7014853",371857,2025-07-07 13:42:40,43.3406295776367,-8.45350933074951,"Unknown"
"7014853",371857,2025-07-07 13:47:40,43.3410491943359,-8.45149707794189,"Unknown"
"7014853",371857,2025-07-07 13:52:40,43.3520431518555,-8.47891235351562,"Unknown"
"7014853",371857,2025-07-07 13:58:03,43.3477096557617,-8.53256034851074,"Unknown"
"7014853",371857,2025-07-07 14:03:05,43.3339996337891,-8.56462001800537,"Unknown"
"7014853",371857,2025-07-07 14:07:47,43.3172607421875,-8.60385990142822,"Unknown"
"7014853",371857,2025-07-07 14:12:39,43.3113479614258,-8.6556339263916,"Unknown"
"7014853",371857,2025-07-07 14:17:38,43.3077735900879,-8.70193862915039,"Unknown"
"7014853",371857,2025-07-07 14:22:38,43.3097686767578,-8.74471855163574,"Unknown"
"7014853",371857,2025-07-07 14:27:42,43.3060913085938,-8.78918361663818,"Unknown"
"7014853",371857,2025-07-07 14:32:39,43.3245048522949,-8.81801605224609,"Unknown"
"7014853",371857,2025-07-07 14:38:05,43.3448829650879,-8.83745384216309,"Unknown"
"7014853",371857,2025-07-07 14:42:39,43.3591346740723,-8.84356880187988,"Unknown"
"7014853",371857,2025-07-07 14:47:39,43.3591003417969,-8.84349250793457,"Unknown"
"7014853",371857,2025-07-07 14:52:38,43.3591232299805,-8.84342956542969,"Unknown"
"7014853",371857,2025-07-07 14:57:39,43.3591575622559,-8.84338855743408,"Unknown"
"7014853",371857,2025-07-07 15:02:39,43.3591842651367,-8.84340000152588,"Unknown"
"7014853",371857,2025-07-07 15:07:39,43.3592147827148,-8.84356307983398,"Unknown"
"7014853",371857,2025-07-07 15:12:39,43.359073638916,-8.84353923797607,"Unknown"
"7014853",371857,2025-07-07 15:17:38,43.3588066101074,-8.84345054626465,"Unknown"
"7014853",371857,2025-07-07 15:22:39,43.3592529296875,-8.84345531463623,"Unknown"
"7014853",371857,2025-07-07 15:27:39,43.3593597412109,-8.84352588653564,"Unknown"
"7014853",371857,2025-07-07 15:32:38,43.3640022277832,-8.84568119049072,"Unknown"
"7014853",371857,2025-07-07 15:37:41,43.3708381652832,-8.85360431671143,"Unknown"
"7014853",371857,2025-07-07 15:42:40,43.3707084655762,-8.85412311553955,"Unknown"
"7014853",371857,2025-07-07 15:47:40,43.370532989502,-8.85591125488281,"Unknown"
"7014853",371857,2025-07-07 15:52:41,43.370491027832,-8.8570728302002,"Unknown"
"7014853",371857,2025-07-07 15:57:42,43.3608932495117,-8.84407329559326,"Unknown"
"7014853",371857,2025-07-07 16:02:43,43.3592185974121,-8.84329032897949,"Unknown"
"7014853",371857,2025-07-07 16:07:39,43.359130859375,-8.84344673156738,"Unknown"
"7014853",371857,2025-07-07 16:12:43,43.3591728210449,-8.8434009552002,"Unknown"
"7014853",371857,2025-07-07 16:17:42,43.3590774536133,-8.84349536895752,"Unknown"
"7014853",371857,2025-07-07 16:22:45,43.3592262268066,-8.84340858459473,"Unknown"
"7014853",371857,2025-07-07 16:27:46,43.3592834472656,-8.84341716766357,"Unknown"
"7014853",371857,2025-07-07 16:32:42,43.3591842651367,-8.84345436096191,"Unknown"
"7014853",371857,2025-07-07 16:37:43,43.3592414855957,-8.84361839294434,"Unknown"
"7014853",371857,2025-07-07 16:42:39,43.3592643737793,-8.84359455108643,"Unknown"
"7014853",371857,2025-07-07 16:47:41,43.3591957092285,-8.84341621398926,"Unknown"
"7014853",371857,2025-07-07 16:52:42,43.3591613769531,-8.84338760375977,"Unknown"
"7014853",371857,2025-07-07 16:57:45,43.3590278625488,-8.84305000305176,"Unknown"
"7014853",371857,2025-07-07 17:02:42,43.358757019043,-8.84322452545166,"Unknown"
"7014853",371857,2025-07-07 17:07:51,43.359130859375,-8.84352493286133,"Unknown"
"7014853",371857,2025-07-07 17:12:47,43.3590850830078,-8.8435001373291,"Unknown"
"7014853",371857,2025-07-07 17:17:48,43.3589897155762,-8.84339237213135,"Unknown"
"7014853",371857,2025-07-07 17:22:42,43.3592529296875,-8.84355068206787,"Unknown"
"7014853",371857,2025-07-07 17:27:40,43.3604354858398,-8.83324432373047,"Unknown"
"7014853",371857,2025-07-07 17:32:40,43.3417472839355,-8.83146667480469,"Unknown"
"7014853",371857,2025-07-07 17:37:40,43.3213310241699,-8.80907249450684,"Unknown"
"7014853",371857,2025-07-07 17:43:05,43.2999649047852,-8.77572917938232,"Unknown"
"7014853",371857,2025-07-07 17:47:39,43.2970848083496,-8.751540184021,"Unknown"
"7014853",371857,2025-07-07 17:52:41,43.294246673584,-8.74652671813965,"Unknown"
"7014853",371857,2025-07-07 17:57:39,43.2949180603027,-8.72785186767578,"Unknown"
"7014853",371857,2025-07-07 18:02:39,43.3018112182617,-8.71101093292236,"Unknown"
"7014853",371857,2025-07-07 18:07:45,43.3058586120605,-8.71144008636475,"Unknown"
"7014853",371857,2025-07-07 18:12:39,43.3091201782227,-8.70909404754639,"Unknown"
"7014853",371857,2025-07-07 18:17:41,43.3147926330566,-8.75057983398438,"Unknown"
"7014853",371857,2025-07-07 18:22:42,43.314395904541,-8.76717281341553,"Unknown"
"7014853",371857,2025-07-07 18:27:46,43.3129272460938,-8.76880168914795,"Unknown"
"7014853",371857,2025-07-07 18:32:39,43.3122062683105,-8.79847240447998,"Unknown"
"7014853",371857,2025-07-07 18:37:42,43.3286781311035,-8.8134298324585,"Unknown"
"7014853",371857,2025-07-07 18:43:05,43.3287124633789,-8.81279468536377,"Unknown"
"7014853",371857,2025-07-07 18:47:39,43.3276290893555,-8.80740737915039,"Unknown"
"7014853",371857,2025-07-07 18:52:41,43.3260345458984,-8.80263996124268,"Unknown"
"7014853",371857,2025-07-07 18:57:41,43.3261756896973,-8.80262851715088,"Unknown"
"7014853",371857,2025-07-07 19:02:40,43.3266372680664,-8.80306529998779,"Unknown"
"7014853",371857,2025-07-07 19:07:38,43.3310928344727,-8.82601261138916,"Unknown"
"7014853",371857,2025-07-07 19:12:39,43.3423500061035,-8.82980251312256,"Unknown"
"7014853",371857,2025-07-07 19:17:38,43.3378105163574,-8.82980346679688,"Unknown"
"7014853",371857,2025-07-07 19:22:39,43.3358459472656,-8.82455444335938,"Unknown"
"7014853",371857,2025-07-07 19:27:41,43.3358268737793,-8.82463073730469,"Unknown"
"7014853",371857,2025-07-07 19:32:41,43.3358993530273,-8.82516670227051,"Unknown"
"7014853",371857,2025-07-07 19:37:38,43.3276672363281,-8.82835578918457,"Unknown"
"7014853",371857,2025-07-07 19:42:39,43.3278350830078,-8.82822608947754,"Unknown"
"7014853",371857,2025-07-07 19:47:39,43.3226089477539,-8.80231475830078,"Unknown"
"7014853",371857,2025-07-07 19:52:39,43.326488494873,-8.80660533905029,"Unknown"
"7014853",371857,2025-07-07 19:57:38,43.3236045837402,-8.80001258850098,"Unknown"
"7014853",371857,2025-07-07 20:02:39,43.3232650756836,-8.80003261566162,"Unknown"
"7014853",371857,2025-07-07 20:07:38,43.3243980407715,-8.80165672302246,"Unknown"
"7014853",371857,2025-07-07 20:12:38,43.3229637145996,-8.80054759979248,"Unknown"
"7014853",371857,2025-07-07 20:17:39,43.3181648254395,-8.79997444152832,"Unknown"
"7014853",371857,2025-07-07 20:22:38,43.3277282714844,-8.80610179901123,"Unknown"
"7014853",371857,2025-07-07 20:29:02,43.3269653320312,-8.81377983093262,"Unknown"
"7014853",371857,2025-07-07 20:32:42,43.3274002075195,-8.81365394592285,"Unknown"
"7014853",371857,2025-07-07 20:38:14,43.3270568847656,-8.81394290924072,"Unknown"
"7014853",371857,2025-07-07 20:42:40,43.3276443481445,-8.81328582763672,"Unknown"
"7014853",371857,2025-07-07 20:47:39,43.3313446044922,-8.82822132110596,"Unknown"
"7014853",371857,2025-07-07 20:52:39,43.3522491455078,-8.84194755554199,"Unknown"
"7014853",371857,2025-07-07 20:57:42,43.3591957092285,-8.84345722198486,"Unknown"
"7014853",371857,2025-07-07 21:04:09,43.3593254089355,-8.84368133544922,"Unknown"
"7014853",371857,2025-07-08 02:04:35,43.3591575622559,-8.84347820281982,"Unknown"
"7014853",371857,2025-07-08 05:08:44,43.3121643066406,-8.72171688079834,"Unknown"
"7014853",371857,2025-07-08 05:13:22,43.3123970031738,-8.71982479095459,"Unknown"
"7014853",371857,2025-07-08 05:18:22,43.3174095153809,-8.71896076202393,"Unknown"
"7014853",371857,2025-07-08 05:23:25,43.3034553527832,-8.77952098846436,"Unknown"
"7014853",371857,2025-07-08 05:28:23,43.3207206726074,-8.80779647827148,"Unknown"
"7014853",371857,2025-07-08 05:33:23,43.3362770080566,-8.82899856567383,"Unknown"
"7014853",371857,2025-07-08 05:38:38,43.3604049682617,-8.84592723846436,"Unknown"
"7014853",371857,2025-07-08 05:43:24,43.3591766357422,-8.84356689453125,"Unknown"
"7014853",371857,2025-07-08 05:48:59,43.3592300415039,-8.84352016448975,"Unknown"
"7014853",371857,2025-07-08 05:53:31,43.3592262268066,-8.84352779388428,"Unknown"
"7014853",371857,2025-07-08 05:58:31,43.359203338623,-8.84348773956299,"Unknown"
"7014853",371857,2025-07-08 06:03:31,43.3593254089355,-8.84375381469727,"Unknown"
"7014853",371857,2025-07-08 06:08:44,43.3591728210449,-8.84347820281982,"Unknown"
"7014853",371857,2025-07-08 06:13:22,43.3593406677246,-8.84338092803955,"Unknown"
"7014853",371857,2025-07-08 06:18:26,43.3591690063477,-8.84327983856201,"Unknown"
"7014853",371857,2025-07-08 06:23:26,43.3592262268066,-8.84338855743408,"Unknown"
"7014853",371857,2025-07-08 06:28:25,43.3591194152832,-8.84348201751709,"Unknown"
"7014853",371857,2025-07-08 06:33:25,43.3519096374512,-8.8360538482666,"Unknown"
"7014853",371857,2025-07-08 06:38:29,43.3514175415039,-8.83588886260986,"Unknown"
"7014853",371857,2025-07-08 06:43:23,43.3343391418457,-8.82631874084473,"Unknown"
"7014853",371857,2025-07-08 06:48:44,43.3105430603027,-8.7944507598877,"Unknown"
"7014853",371857,2025-07-08 06:53:24,43.3000640869141,-8.76391220092773,"Unknown"
"7014853",371857,2025-07-08 06:58:21,43.292423248291,-8.73748397827148,"Unknown"
"7014853",371857,2025-07-08 07:03:23,43.3030662536621,-8.71850395202637,"Unknown"
"7014853",371857,2025-07-08 07:08:23,43.3160743713379,-8.71455097198486,"Unknown"
"7014853",371857,2025-07-08 07:13:22,43.3173446655273,-8.70987319946289,"Unknown"
"7014853",371857,2025-07-08 07:18:26,43.3189315795898,-8.70614528656006,"Unknown"
"7014853",371857,2025-07-08 07:23:33,43.3184547424316,-8.70664501190186,"Unknown"
"7014853",371857,2025-07-08 07:28:32,43.3185119628906,-8.70801734924316,"Unknown"
"7014853",371857,2025-07-08 07:33:35,43.3195152282715,-8.70902347564697,"Unknown"
"7014853",371857,2025-07-08 07:38:24,43.3260192871094,-8.71008777618408,"Unknown"
"7014853",371857,2025-07-08 07:43:54,43.3255729675293,-8.70749092102051,"Unknown"
"7014853",371857,2025-07-08 07:48:44,43.3076591491699,-8.75318241119385,"Unknown"
"7014853",371857,2025-07-08 07:53:44,43.2932357788086,-8.74596118927002,"Unknown"
"7014853",371857,2025-07-08 07:58:24,43.3041343688965,-8.7814884185791,"Unknown"
"7014853",371857,2025-07-08 08:03:24,43.3318138122559,-8.8278923034668,"Unknown"
"7014853",371857,2025-07-08 08:08:31,43.3554801940918,-8.8440465927124,"Unknown"
"7014853",371857,2025-07-08 08:13:25,43.359203338623,-8.84412670135498,"Unknown"
"7014853",371857,2025-07-08 08:18:50,43.3591842651367,-8.84355068206787,"Unknown"
"7014853",371857,2025-07-08 08:23:28,43.3591270446777,-8.84360694885254,"Unknown"
"7014853",371857,2025-07-08 08:28:28,43.3591499328613,-8.84353542327881,"Unknown"
"7014853",371857,2025-07-08 08:33:28,43.3591003417969,-8.84347248077393,"Unknown"
"7014853",371857,2025-07-08 08:38:29,43.3590621948242,-8.84349727630615,"Unknown"
"7014853",371857,2025-07-08 08:43:31,43.3591423034668,-8.84343433380127,"Unknown"
"7014853",371857,2025-07-08 08:48:53,43.3591461181641,-8.84345722198486,"Unknown"
"7014853",371857,2025-07-08 08:53:23,43.3593368530273,-8.84369468688965,"Unknown"
"7014853",371857,2025-07-08 08:58:31,43.359375,-8.84345817565918,"Unknown"
"7014853",371857,2025-07-08 09:03:23,43.3595428466797,-8.84371566772461,"Unknown"
"7014853",371857,2025-07-08 09:08:31,43.3592643737793,-8.84339141845703,"Unknown"
"7014853",371857,2025-07-08 09:13:31,43.359203338623,-8.84331226348877,"Unknown"
"7014853",371857,2025-07-08 09:18:44,43.3591690063477,-8.84344291687012,"Unknown"
"7014853",371857,2025-07-08 09:23:25,43.3592376708984,-8.84346008300781,"Unknown"
"7014853",371857,2025-07-08 09:28:23,43.3593940734863,-8.84362030029297,"Unknown"
"7014853",371857,2025-07-08 09:33:23,43.3592643737793,-8.84374332427979,"Unknown"
"7014853",371857,2025-07-08 09:38:25,43.3593330383301,-8.84350776672363,"Unknown"
"7014853",371857,2025-07-08 09:43:25,43.3592185974121,-8.84351634979248,"Unknown"
"7014853",371857,2025-07-08 09:48:44,43.3591613769531,-8.84348583221436,"Unknown"
"7014853",371857,2025-07-08 09:53:25,43.3593711853027,-8.84363269805908,"Unknown"
"7014853",371857,2025-07-08 09:58:28,43.3590507507324,-8.84351634979248,"Unknown"
"7014853",371857,2025-07-08 10:03:25,43.3590278625488,-8.84358596801758,"Unknown"
"7014853",371857,2025-07-08 10:08:49,43.3591995239258,-8.84341430664062,"Unknown"
"7014853",371857,2025-07-08 10:13:23,43.3591918945312,-8.84359169006348,"Unknown"
"7014853",371857,2025-07-08 10:18:22,43.3591423034668,-8.84367179870605,"Unknown"
"7014853",371857,2025-07-08 10:23:22,43.3592300415039,-8.84352684020996,"Unknown"
"7014853",371857,2025-07-08 10:28:22,43.3592109680176,-8.84351634979248,"Unknown"
"7014853",371857,2025-07-08 10:33:22,43.3592414855957,-8.84362983703613,"Unknown"
"7014853",371857,2025-07-08 10:38:25,43.3591995239258,-8.8434476852417,"Unknown"
"7014853",371857,2025-07-08 10:43:25,43.3592147827148,-8.84339714050293,"Unknown"
"7014853",371857,2025-07-08 10:48:26,43.3592720031738,-8.84336757659912,"Unknown"
"7014853",371857,2025-07-08 10:53:22,43.3592109680176,-8.8434362411499,"Unknown"
"7014853",371857,2025-07-08 10:58:23,43.3592338562012,-8.84340286254883,"Unknown"
"7014853",371857,2025-07-08 11:03:24,43.3592948913574,-8.84341144561768,"Unknown"
"7014853",371857,2025-07-08 11:08:25,43.3593101501465,-8.84340190887451,"Unknown"
"7014853",371857,2025-07-08 11:13:25,43.3593788146973,-8.84294509887695,"Unknown"
"7014853",371857,2025-07-08 11:18:23,43.3592720031738,-8.84354400634766,"Unknown"
"7014853",371857,2025-07-08 11:23:25,43.3591194152832,-8.84385108947754,"Unknown"
"7014853",371857,2025-07-08 11:28:25,43.3592834472656,-8.84359836578369,"Unknown"
"7014853",371857,2025-07-08 11:33:28,43.359375,-8.84344482421875,"Unknown"
"7014853",371857,2025-07-08 11:38:33,43.3593826293945,-8.84345722198486,"Unknown"
"7014853",371857,2025-07-08 11:43:30,43.3594017028809,-8.84344387054443,"Unknown"
"7014853",371857,2025-07-08 11:48:24,43.3590660095215,-8.84337902069092,"Unknown"
"7014853",371857,2025-07-08 11:53:23,43.3595657348633,-8.84335231781006,"Unknown"
"7014853",371857,2025-07-08 11:58:41,43.3592224121094,-8.84344005584717,"Unknown"
"7014853",371857,2025-07-08 12:03:23,43.3593444824219,-8.84340476989746,"Unknown"
"7014853",371857,2025-07-08 12:08:23,43.3589706420898,-8.84335708618164,"Unknown"
"7014853",371857,2025-07-08 12:13:23,43.3592910766602,-8.84342002868652,"Unknown"
"7014853",371857,2025-07-08 12:18:26,43.3592643737793,-8.84340286254883,"Unknown"
"7014853",371857,2025-07-08 12:23:23,43.3592987060547,-8.84343147277832,"Unknown"
"7014853",371857,2025-07-08 12:28:42,43.3592262268066,-8.84335422515869,"Unknown"
"7014853",371857,2025-07-08 12:33:26,43.3591651916504,-8.84340000152588,"Unknown"
"7014853",371857,2025-07-08 12:38:26,43.359188079834,-8.84330177307129,"Unknown"
"7014853",371857,2025-07-08 12:43:29,43.3591270446777,-8.84367275238037,"Unknown"
"7014853",371857,2025-07-08 12:48:59,43.3591728210449,-8.84348106384277,"Unknown"
"7014853",371857,2025-07-08 12:53:22,43.3591423034668,-8.84348678588867,"Unknown"
"7014853",371857,2025-07-08 12:58:22,43.3591918945312,-8.84348773956299,"Unknown"
"7014853",371857,2025-07-08 13:03:22,43.3592071533203,-8.84347438812256,"Unknown"
"7014853",371857,2025-07-08 13:08:22,43.3591842651367,-8.84337139129639,"Unknown"
"7014853",371857,2025-07-08 13:13:22,43.3591537475586,-8.84344100952148,"Unknown"
"7014853",371857,2025-07-08 13:18:22,43.3591156005859,-8.84356212615967,"Unknown"
"7014853",371857,2025-07-08 13:23:22,43.3591423034668,-8.84335994720459,"Unknown"
"7014853",371857,2025-07-08 13:28:23,43.3591728210449,-8.84335899353027,"Unknown"
"7014853",371857,2025-07-08 13:33:23,43.3591384887695,-8.84340763092041,"Unknown"
"7014853",371857,2025-07-08 13:38:22,43.3591728210449,-8.84335327148438,"Unknown"
"7014853",371857,2025-07-08 13:43:22,43.3592567443848,-8.84310245513916,"Unknown"
"7014853",371857,2025-07-08 13:48:22,43.3591270446777,-8.84358406066895,"Unknown"
"7014853",371857,2025-07-08 13:53:22,43.3592529296875,-8.84345531463623,"Unknown"
"7014853",371857,2025-07-08 13:58:23,43.3617057800293,-8.83494281768799,"Unknown"
"7014853",371857,2025-07-08 14:03:23,43.3277435302734,-8.82850456237793,"Unknown"
"7014853",371857,2025-07-08 14:08:24,43.317081451416,-8.80078029632568,"Unknown"
"7014853",371857,2025-07-08 14:13:25,43.2995681762695,-8.77403354644775,"Unknown"
"7014853",371857,2025-07-08 14:18:31,43.2954635620117,-8.74509334564209,"Unknown"
"7014853",371857,2025-07-08 14:23:25,43.2935981750488,-8.71928024291992,"Unknown"
"7014853",371857,2025-07-08 14:28:41,43.2928276062012,-8.69179534912109,"Unknown"
"7014853",371857,2025-07-08 14:33:24,43.2994003295898,-8.67107200622559,"Unknown"
"7014853",371857,2025-07-08 14:38:25,43.3065872192383,-8.6495418548584,"Unknown"
"7014853",371857,2025-07-08 14:43:23,43.3141174316406,-8.62269878387451,"Unknown"
"7014853",371857,2025-07-08 14:48:42,43.3164329528809,-8.58845138549805,"Unknown"
"7014853",371857,2025-07-08 14:53:22,43.3155975341797,-8.56468677520752,"Unknown"
"7014853",371857,2025-07-08 14:58:22,43.3146362304688,-8.53938674926758,"Unknown"
"7014853",371857,2025-07-08 15:03:22,43.3210868835449,-8.5134220123291,"Unknown"
"7014853",371857,2025-07-08 15:08:23,43.3349189758301,-8.50252914428711,"Unknown"
"7014853",371857,2025-07-08 15:13:22,43.3515663146973,-8.48844718933105,"Unknown"
"7014853",371857,2025-07-08 15:18:22,43.3579368591309,-8.46645450592041,"Unknown"
"7014853",371857,2025-07-08 15:23:24,43.3722076416016,-8.44885349273682,"Unknown"
"7014853",371857,2025-07-08 15:28:22,43.3873710632324,-8.43587398529053,"Unknown"
"7014853",371857,2025-07-08 15:33:22,43.4050483703613,-8.43011474609375,"Unknown"
"7014853",371857,2025-07-08 15:38:22,43.4237861633301,-8.41893005371094,"Unknown"
"7014853",371857,2025-07-08 15:43:25,43.4223976135254,-8.41854667663574,"Unknown"
"7014853",371857,2025-07-08 15:49:23,43.420093536377,-8.41648197174072,"Unknown"
"7014853",371857,2025-07-08 15:53:24,43.4197540283203,-8.41716003417969,"Unknown"
"7014853",371857,2025-07-08 15:58:23,43.4186973571777,-8.41664886474609,"Unknown"
"7014853",371857,2025-07-08 16:03:23,43.4367065429688,-8.42477226257324,"Unknown"
"7014853",371857,2025-07-08 16:08:24,43.4518966674805,-8.42789173126221,"Unknown"
"7014853",371857,2025-07-08 16:13:29,43.4521179199219,-8.42892837524414,"Unknown"
"7014853",371857,2025-07-08 16:18:23,43.452033996582,-8.43022727966309,"Unknown"
"7014853",371857,2025-07-08 16:23:24,43.4516639709473,-8.43122673034668,"Unknown"
"7014853",371857,2025-07-08 16:28:24,43.4476051330566,-8.4302978515625,"Unknown"
"7014853",371857,2025-07-08 16:33:23,43.4020614624023,-8.42028999328613,"Unknown"
"7014853",371857,2025-07-08 16:38:27,43.3976173400879,-8.41353321075439,"Unknown"
"7014853",371857,2025-07-08 16:43:24,43.3819618225098,-8.39815521240234,"Unknown"
"7014853",371857,2025-07-08 16:48:22,43.3772659301758,-8.42279720306396,"Unknown"
"7014853",371857,2025-07-08 16:53:25,43.3662300109863,-8.44000244140625,"Unknown"
"7014853",371857,2025-07-08 16:58:24,43.3405151367188,-8.45368576049805,"Unknown"
"7014853",371857,2025-07-08 17:03:23,43.3406448364258,-8.45345592498779,"Unknown"
"7014853",371857,2025-07-08 17:08:24,43.3420944213867,-8.44408702850342,"Unknown"
"7014853",371857,2025-07-08 17:13:37,43.3501739501953,-8.42812252044678,"Unknown"
"7014853",371857,2025-07-08 17:18:28,43.3501358032227,-8.42833518981934,"Unknown"
"7014853",371857,2025-07-08 17:23:27,43.3502502441406,-8.42813301086426,"Unknown"
"7014853",371857,2025-07-08 17:28:57,43.3502235412598,-8.42819595336914,"Unknown"
"7014853",371857,2025-07-08 17:33:23,43.350212097168,-8.42815589904785,"Unknown"
"7014853",371857,2025-07-08 17:38:23,43.3501014709473,-8.42818832397461,"Unknown"
"7014853",371857,2025-07-08 17:43:23,43.3502464294434,-8.42818450927734,"Unknown"
"7014853",371857,2025-07-08 17:48:23,43.3501281738281,-8.42821788787842,"Unknown"
"7014853",371857,2025-07-08 17:53:22,43.3501205444336,-8.42818355560303,"Unknown"
"7014853",371857,2025-07-08 17:58:23,43.3506050109863,-8.44466686248779,"Unknown"
"7014853",371857,2025-07-08 18:03:22,43.3520851135254,-8.47812080383301,"Unknown"
"7014853",371857,2025-07-08 18:08:27,43.3522834777832,-8.47761917114258,"Unknown"
"7014853",371857,2025-07-08 18:13:31,43.3522453308105,-8.47778415679932,"Unknown"
"7014853",371857,2025-07-08 18:18:28,43.3521766662598,-8.47784996032715,"Unknown"
"7014853",371857,2025-07-08 18:23:24,43.3521041870117,-8.47784614562988,"Unknown"
"7014853",371857,2025-07-08 18:28:23,43.3522186279297,-8.47785377502441,"Unknown"
"7014853",371857,2025-07-08 18:33:24,43.3522720336914,-8.4778413772583,"Unknown"
"7014853",371857,2025-07-08 18:38:23,43.3571929931641,-8.48755550384521,"Unknown"
"7014853",371857,2025-07-08 18:43:32,43.3539848327637,-8.51443004608154,"Unknown"
"7014853",371857,2025-07-08 18:48:27,43.3540306091309,-8.51440620422363,"Unknown"
"7014853",371857,2025-07-08 18:53:23,43.3540191650391,-8.51442527770996,"Unknown"
"7014853",371857,2025-07-08 18:58:25,43.3539772033691,-8.51459789276123,"Unknown"
"7014853",371857,2025-07-08 19:03:23,43.3596000671387,-8.49379634857178,"Unknown"
"7014853",371857,2025-07-08 19:08:23,43.3561592102051,-8.46939754486084,"Unknown"
"7014853",371857,2025-07-08 19:13:22,43.3566970825195,-8.45710945129395,"Unknown"
"7014853",371857,2025-07-08 19:18:25,43.3564567565918,-8.45711994171143,"Unknown"
"7014853",371857,2025-07-08 19:23:25,43.3565444946289,-8.45721626281738,"Unknown"
"7014853",371857,2025-07-08 19:28:24,43.3544654846191,-8.45855331420898,"Unknown"
"7014853",371857,2025-07-08 19:33:37,43.356502532959,-8.45790004730225,"Unknown"
"7014853",371857,2025-07-08 19:38:23,43.3722038269043,-8.4507884979248,"Unknown"
"7014853",371857,2025-07-08 19:43:25,43.3814163208008,-8.43592929840088,"Unknown"
"7014853",371857,2025-07-08 19:48:23,43.3875045776367,-8.4371919631958,"Unknown"
"7014853",371857,2025-07-08 19:53:35,43.3971557617188,-8.44726371765137,"Unknown"
"7014853",371857,2025-07-08 19:58:36,43.3983459472656,-8.44960021972656,"Unknown"
"7014853",371857,2025-07-08 20:03:25,43.4095573425293,-8.45619678497314,"Unknown"
"7014853",371857,2025-07-08 20:08:36,43.4208641052246,-8.46218204498291,"Unknown"
"7014853",371857,2025-07-08 20:13:36,43.383171081543,-8.49925804138184,"Unknown"
"7014853",371857,2025-07-08 20:18:59,43.3531951904297,-8.5224494934082,"Unknown"
"7014853",371857,2025-07-08 20:23:24,43.353214263916,-8.5224609375,"Unknown"
"7014853",371857,2025-07-08 20:28:24,43.3530693054199,-8.5223913192749,"Unknown"
"7014853",371857,2025-07-08 20:33:28,43.3548545837402,-8.52628040313721,"Unknown"
"7014853",371857,2025-07-08 20:38:28,43.3551406860352,-8.52817153930664,"Unknown"
"7014853",371857,2025-07-08 20:43:29,43.3547744750977,-8.52954292297363,"Unknown"
"7014853",371857,2025-07-08 20:48:36,43.3544845581055,-8.53085708618164,"Unknown"
"7014853",371857,2025-07-08 20:53:23,43.3444442749023,-8.58013343811035,"Unknown"
"7014853",371857,2025-07-08 20:58:30,43.3467636108398,-8.59820556640625,"Unknown"
"7014853",371857,2025-07-08 21:02:34,43.3467712402344,-8.59919548034668,"Unknown"
"7014853",371857,2025-07-09 02:03:23,43.3400497436523,-8.55405235290527,"Unknown"
"7014853",371857,2025-07-09 05:08:35,43.3591423034668,-8.84351062774658,"Unknown"
"7014853",371857,2025-07-09 05:13:09,43.3591995239258,-8.84353733062744,"Unknown"
"7014853",371857,2025-07-09 05:18:09,43.3591651916504,-8.843505859375,"Unknown"
"7014853",371857,2025-07-09 05:23:09,43.3591842651367,-8.84349060058594,"Unknown"
"7014853",371857,2025-07-09 05:28:09,43.3591194152832,-8.84337711334229,"Unknown"
"7014853",371857,2025-07-09 05:33:10,43.3592758178711,-8.84339904785156,"Unknown"
"7014853",371857,2025-07-09 05:38:51,43.3611640930176,-8.84408950805664,"Unknown"
"7014853",371857,2025-07-09 05:43:08,43.363883972168,-8.84244823455811,"Unknown"
"7014853",371857,2025-07-09 05:48:08,43.3610649108887,-8.83758449554443,"Unknown"
"7014853",371857,2025-07-09 05:53:08,43.3379325866699,-8.82613086700439,"Unknown"
"7014853",371857,2025-07-09 05:58:09,43.3248863220215,-8.80653285980225,"Unknown"
"7014853",371857,2025-07-09 06:03:10,43.3226699829102,-8.80546951293945,"Unknown"
"7014853",371857,2025-07-09 06:08:12,43.322883605957,-8.80520248413086,"Unknown"
"7014853",371857,2025-07-09 06:13:11,43.3227844238281,-8.80513000488281,"Unknown"
"7014853",371857,2025-07-09 06:18:11,43.3228492736816,-8.80508041381836,"Unknown"
"7014853",371857,2025-07-09 06:23:12,43.3230018615723,-8.80513286590576,"Unknown"
"7014853",371857,2025-07-09 06:28:11,43.3228378295898,-8.80520820617676,"Unknown"
"7014853",371857,2025-07-09 06:33:10,43.3228149414062,-8.80526351928711,"Unknown"
"7014853",371857,2025-07-09 06:38:10,43.322883605957,-8.80514621734619,"Unknown"
"7014853",371857,2025-07-09 06:43:09,43.3229103088379,-8.80516719818115,"Unknown"
"7014853",371857,2025-07-09 06:48:19,43.3235855102539,-8.79675197601318,"Unknown"
"7014853",371857,2025-07-09 06:53:08,43.3053016662598,-8.78852844238281,"Unknown"
"7014853",371857,2025-07-09 06:58:10,43.2993049621582,-8.77183246612549,"Unknown"
"7014853",371857,2025-07-09 07:03:08,43.2961387634277,-8.74918842315674,"Unknown"
"7014853",371857,2025-07-09 07:08:10,43.2938117980957,-8.74578189849854,"Unknown"
"7014853",371857,2025-07-09 07:13:08,43.2938613891602,-8.74561023712158,"Unknown"
"7014853",371857,2025-07-09 07:18:09,43.2938575744629,-8.74558258056641,"Unknown"
"7014853",371857,2025-07-09 07:23:11,43.2938766479492,-8.7456579208374,"Unknown"
"7014853",371857,2025-07-09 07:28:12,43.2938919067383,-8.74595355987549,"Unknown"
"7014853",371857,2025-07-09 07:33:10,43.2939643859863,-8.74613475799561,"Unknown"
"7014853",371857,2025-07-09 07:38:08,43.2939605712891,-8.7459135055542,"Unknown"
"7014853",371857,2025-07-09 07:43:10,43.2939720153809,-8.74594688415527,"Unknown"
"7014853",371857,2025-07-09 07:48:12,43.2941970825195,-8.7464656829834,"Unknown"
"7014853",371857,2025-07-09 07:53:19,43.3012504577637,-8.75218391418457,"Unknown"
"7014853",371857,2025-07-09 07:58:10,43.3009834289551,-8.75194454193115,"Unknown"
"7014853",371857,2025-07-09 08:03:08,43.301700592041,-8.75493717193604,"Unknown"
"7014853",371857,2025-07-09 08:08:16,43.3065605163574,-8.76578330993652,"Unknown"
"7014853",371857,2025-07-09 08:13:12,43.3046112060547,-8.75629901885986,"Unknown"
"7014853",371857,2025-07-09 08:18:16,43.3038864135742,-8.75443363189697,"Unknown"
"7014853",371857,2025-07-09 08:23:35,43.3040161132812,-8.75484943389893,"Unknown"
"7014853",371857,2025-07-09 08:28:14,43.3054962158203,-8.75955390930176,"Unknown"
"7014853",371857,2025-07-09 08:33:12,43.2961502075195,-8.74919319152832,"Unknown"
"7014853",371857,2025-07-09 08:38:12,43.2943992614746,-8.74892902374268,"Unknown"
"7014853",371857,2025-07-09 08:43:14,43.2946815490723,-8.74902439117432,"Unknown"
"7014853",371857,2025-07-09 08:48:26,43.2936172485352,-8.7459135055542,"Unknown"
"7014853",371857,2025-07-09 08:53:35,43.304988861084,-8.76407527923584,"Unknown"
"7014853",371857,2025-07-09 08:58:09,43.3175277709961,-8.78102874755859,"Unknown"
"7014853",371857,2025-07-09 09:03:09,43.3342170715332,-8.82600975036621,"Unknown"
"7014853",371857,2025-07-09 09:08:27,43.360725402832,-8.84437084197998,"Unknown"
"7014853",371857,2025-07-09 09:13:11,43.3591842651367,-8.84348011016846,"Unknown"
"7014853",371857,2025-07-09 09:18:11,43.3591232299805,-8.84338283538818,"Unknown"
"7014853",371857,2025-07-09 09:23:14,43.3591117858887,-8.8434419631958,"Unknown"
"7014853",371857,2025-07-09 09:28:14,43.3590965270996,-8.84340858459473,"Unknown"
"7014853",371857,2025-07-09 09:33:17,43.3590850830078,-8.84341526031494,"Unknown"
"7014853",371857,2025-07-09 09:38:17,43.3591232299805,-8.84343147277832,"Unknown"
"7014853",371857,2025-07-09 09:43:21,43.3591156005859,-8.84338474273682,"Unknown"
"7014853",371857,2025-07-09 09:48:35,43.3591423034668,-8.84349918365479,"Unknown"
"7014853",371857,2025-07-09 09:53:09,43.3591575622559,-8.84346771240234,"Unknown"
"7014853",371857,2025-07-09 09:58:08,43.359130859375,-8.84329605102539,"Unknown"
"7014853",371857,2025-07-09 10:03:08,43.3591079711914,-8.8433141708374,"Unknown"
"7014853",371857,2025-07-09 10:08:10,43.3592185974121,-8.84349822998047,"Unknown"
"7014853",371857,2025-07-09 10:13:14,43.3591842651367,-8.84324359893799,"Unknown"
"7014853",371857,2025-07-09 10:18:11,43.3591995239258,-8.84327602386475,"Unknown"
"7014853",371857,2025-07-09 10:23:20,43.3591918945312,-8.84331035614014,"Unknown"
"7014853",371857,2025-07-09 10:28:09,43.3591995239258,-8.84341239929199,"Unknown"
"7014853",371857,2025-07-09 10:33:19,43.3591575622559,-8.84342193603516,"Unknown"
"7014853",371857,2025-07-09 10:38:16,43.3591156005859,-8.84322547912598,"Unknown"
"7014853",371857,2025-07-09 10:43:09,43.3591613769531,-8.84322738647461,"Unknown"
"7014853",371857,2025-07-09 10:48:20,43.3591499328613,-8.84321022033691,"Unknown"
"7014853",371857,2025-07-09 10:53:17,43.359130859375,-8.8432788848877,"Unknown"
"7014853",371857,2025-07-09 10:58:14,43.3590927124023,-8.8434419631958,"Unknown"
"7014853",371857,2025-07-09 11:03:35,43.3591728210449,-8.84328651428223,"Unknown"
"7014853",371857,2025-07-09 11:08:08,43.3591766357422,-8.84332942962646,"Unknown"
"7014853",371857,2025-07-09 11:13:09,43.3592262268066,-8.84329319000244,"Unknown"
"7014853",371857,2025-07-09 11:18:09,43.359260559082,-8.84326648712158,"Unknown"
"7014853",371857,2025-07-09 11:23:09,43.3591957092285,-8.84338474273682,"Unknown"
"7014853",371857,2025-07-09 11:28:09,43.3589859008789,-8.84335041046143,"Unknown"
"7014853",371857,2025-07-09 11:33:08,43.3590698242188,-8.84334850311279,"Unknown"
"7014853",371857,2025-07-09 11:38:10,43.3590774536133,-8.84339427947998,"Unknown"
"7014853",371857,2025-07-09 11:43:09,43.3590698242188,-8.843581199646,"Unknown"
"7014853",371857,2025-07-09 11:48:09,43.3590927124023,-8.84354019165039,"Unknown"
"7014853",371857,2025-07-09 11:53:09,43.359130859375,-8.84346866607666,"Unknown"
"7014853",371857,2025-07-09 11:58:09,43.3591613769531,-8.8434591293335,"Unknown"
"7014853",371857,2025-07-09 12:03:09,43.3590850830078,-8.84349346160889,"Unknown"
"7014853",371857,2025-07-09 12:08:09,43.3591232299805,-8.8434944152832,"Unknown"
"7014853",371857,2025-07-09 12:13:17,43.3591499328613,-8.84347057342529,"Unknown"
"7014853",371857,2025-07-09 12:18:13,43.3591270446777,-8.84349727630615,"Unknown"
"7014853",371857,2025-07-09 12:23:22,43.3603706359863,-8.84412956237793,"Unknown"
"7014853",371857,2025-07-09 12:28:44,43.3605270385742,-8.84379768371582,"Unknown"
"7014853",371857,2025-07-09 12:33:08,43.3610801696777,-8.84801006317139,"Unknown"
"7014853",371857,2025-07-09 12:38:15,43.3592338562012,-8.84359455108643,"Unknown"
"7014853",371857,2025-07-09 12:43:21,43.3591842651367,-8.84356880187988,"Unknown"
"7014853",371857,2025-07-09 12:48:10,43.3590774536133,-8.84346485137939,"Unknown"
"7014853",371857,2025-07-09 12:53:09,43.3591079711914,-8.84352207183838,"Unknown"
"7014853",371857,2025-07-09 12:58:15,43.3591804504395,-8.84343814849854,"Unknown"
"7014853",371857,2025-07-09 13:03:16,43.3590698242188,-8.84318447113037,"Unknown"
"7014853",371857,2025-07-09 13:08:15,43.3591270446777,-8.84353065490723,"Unknown"
"7014853",371857,2025-07-09 13:13:12,43.359203338623,-8.84339427947998,"Unknown"
"7014853",371857,2025-07-09 13:18:15,43.3591575622559,-8.84344387054443,"Unknown"
"7014853",371857,2025-07-09 13:23:29,43.3590126037598,-8.84344959259033,"Unknown"
"7014853",371857,2025-07-09 13:28:18,43.3589286804199,-8.84333419799805,"Unknown"
"7014853",371857,2025-07-09 13:33:11,43.359001159668,-8.84348964691162,"Unknown"
"7014853",371857,2025-07-09 13:38:35,43.3591804504395,-8.84346771240234,"Unknown"
"7014853",371857,2025-07-09 13:43:09,43.3706092834473,-8.85050201416016,"Unknown"
"7014853",371857,2025-07-09 13:48:10,43.3717575073242,-8.85366249084473,"Unknown"
"7014853",371857,2025-07-09 13:53:10,43.3716888427734,-8.85432243347168,"Unknown"
"7014853",371857,2025-07-09 13:58:09,43.3717079162598,-8.8541784286499,"Unknown"
"7014853",371857,2025-07-09 14:03:12,43.3699340820312,-8.85111236572266,"Unknown"
"7014853",371857,2025-07-09 14:08:08,43.360595703125,-8.84641456604004,"Unknown"
"7014853",371857,2025-07-09 14:14:32,43.360652923584,-8.84419059753418,"Unknown"
"7014853",371857,2025-07-09 14:18:08,43.3587265014648,-8.84287452697754,"Unknown"
"7014853",371857,2025-07-09 14:23:13,43.3591804504395,-8.84344291687012,"Unknown"
"7014853",371857,2025-07-09 14:28:10,43.3592224121094,-8.84348106384277,"Unknown"
"7014853",371857,2025-07-09 14:33:27,43.3591804504395,-8.84343147277832,"Unknown"
"7014853",371857,2025-07-09 14:38:10,43.3592109680176,-8.84340763092041,"Unknown"
"7014853",371857,2025-07-09 14:43:17,43.3592185974121,-8.84350109100342,"Unknown"
"7014853",371857,2025-07-09 14:48:17,43.3591728210449,-8.84342670440674,"Unknown"
"7014853",371857,2025-07-09 14:53:11,43.3591995239258,-8.84346008300781,"Unknown"
"7014853",371857,2025-07-09 14:58:18,43.3591918945312,-8.84346294403076,"Unknown"
"7014853",371857,2025-07-09 15:03:09,43.3590660095215,-8.84331893920898,"Unknown"
"7014853",371857,2025-07-09 15:08:17,43.359203338623,-8.84346008300781,"Unknown"
"7014853",371857,2025-07-09 15:13:11,43.3591461181641,-8.8433313369751,"Unknown"
"7014853",371857,2025-07-09 15:18:16,43.3592758178711,-8.84348964691162,"Unknown"
"7014853",371857,2025-07-09 15:23:11,43.359260559082,-8.84344482421875,"Unknown"
"7014853",371857,2025-07-09 15:28:17,43.359245300293,-8.8435697555542,"Unknown"
"7014853",371857,2025-07-09 15:33:10,43.3590316772461,-8.84307479858398,"Unknown"
"7014853",371857,2025-07-09 15:38:16,43.359203338623,-8.84356307983398,"Unknown"
"7014853",371857,2025-07-09 15:43:34,43.3591651916504,-8.84348964691162,"Unknown"
"7014853",371857,2025-07-09 15:48:09,43.3591461181641,-8.84343433380127,"Unknown"
"7014853",371857,2025-07-09 15:53:12,43.3591728210449,-8.84346294403076,"Unknown"
"7014853",371857,2025-07-09 15:58:11,43.359130859375,-8.84337902069092,"Unknown"
"7014853",371857,2025-07-09 16:03:08,43.359203338623,-8.8434534072876,"Unknown"
"7014853",371857,2025-07-09 16:08:13,43.359130859375,-8.84331893920898,"Unknown"
"7014853",371857,2025-07-09 16:13:11,43.3591461181641,-8.84345436096191,"Unknown"
"7014853",371857,2025-07-09 16:18:11,43.3591194152832,-8.84335422515869,"Unknown"
"7014853",371857,2025-07-09 16:23:09,43.3591804504395,-8.84350776672363,"Unknown"
"7014853",371857,2025-07-09 16:28:17,43.3591918945312,-8.84345531463623,"Unknown"
"7014853",371857,2025-07-09 16:33:12,43.3592300415039,-8.8435173034668,"Unknown"
"7014853",371857,2025-07-09 16:38:10,43.3592720031738,-8.84367942810059,"Unknown"
"7014853",371857,2025-07-09 16:43:09,43.3592147827148,-8.8436279296875,"Unknown"
"7014853",371857,2025-07-09 16:48:09,43.359245300293,-8.84355449676514,"Unknown"
"7014853",371857,2025-07-09 16:53:09,43.359375,-8.84364128112793,"Unknown"
"7014853",371857,2025-07-09 16:58:29,43.3592720031738,-8.84354877471924,"Unknown"
"7014853",371857,2025-07-09 17:04:05,43.3607521057129,-8.8439884185791,"Unknown"
"7014853",371857,2025-07-09 17:08:35,43.3609237670898,-8.84410095214844,"Unknown"
"7014853",371857,2025-07-09 17:13:13,43.359188079834,-8.84344863891602,"Unknown"
"7014853",371857,2025-07-09 17:18:15,43.3592109680176,-8.84349250793457,"Unknown"
"7014853",371857,2025-07-09 17:23:10,43.3593368530273,-8.8435583114624,"Unknown"
"7014853",371857,2025-07-09 17:28:13,43.3591995239258,-8.8434591293335,"Unknown"
"7014853",371857,2025-07-09 17:33:11,43.3592643737793,-8.84346580505371,"Unknown"
"7014853",371857,2025-07-09 17:38:11,43.3592262268066,-8.8436107635498,"Unknown"
"7014853",371857,2025-07-09 17:43:16,43.3592796325684,-8.84354496002197,"Unknown"
"7014853",371857,2025-07-09 17:48:16,43.3593063354492,-8.84370708465576,"Unknown"
"7014853",371857,2025-07-09 17:53:31,43.3590927124023,-8.84366416931152,"Unknown"
"7014853",371857,2025-07-09 17:58:15,43.3593521118164,-8.84321880340576,"Unknown"
"7014853",371857,2025-07-09 18:03:35,43.3592643737793,-8.84344673156738,"Unknown"
"7014853",371857,2025-07-09 18:08:10,43.3595008850098,-8.84331798553467,"Unknown"
"7014853",371857,2025-07-09 18:13:11,43.3592796325684,-8.8434591293335,"Unknown"
"7014853",371857,2025-07-09 18:18:10,43.3595085144043,-8.84417724609375,"Unknown"
"7014853",371857,2025-07-09 18:23:09,43.3592109680176,-8.84342098236084,"Unknown"
"7014853",371857,2025-07-09 18:28:09,43.3591156005859,-8.84330558776855,"Unknown"
"7014853",371857,2025-07-09 18:33:11,43.359073638916,-8.84360790252686,"Unknown"
"7014853",371857,2025-07-09 18:38:10,43.359203338623,-8.84354019165039,"Unknown"
"7014853",371857,2025-07-09 18:43:13,43.3591842651367,-8.84346771240234,"Unknown"
"7014853",371857,2025-07-09 18:48:15,43.3591194152832,-8.84336948394775,"Unknown"
"7014853",371857,2025-07-09 18:53:10,43.3590888977051,-8.84349632263184,"Unknown"
"7014853",371857,2025-07-09 18:58:10,43.3512001037598,-8.82233810424805,"Unknown"
"7014853",371857,2025-07-09 19:03:09,43.3228378295898,-8.78964519500732,"Unknown"
"7014853",371857,2025-07-09 19:08:10,43.3190498352051,-8.78619861602783,"Unknown"
"7014853",371857,2025-07-09 19:13:10,43.318733215332,-8.78566455841064,"Unknown"
"7014853",371857,2025-07-09 19:18:09,43.3184509277344,-8.7852668762207,"Unknown"
"7014853",371857,2025-07-09 19:23:10,43.3186531066895,-8.78538990020752,"Unknown"
"7014853",371857,2025-07-09 19:28:09,43.3178977966309,-8.7846736907959,"Unknown"
"7014853",371857,2025-07-09 19:33:10,43.3165626525879,-8.78263568878174,"Unknown"
"7014853",371857,2025-07-09 19:38:12,43.318172454834,-8.78532981872559,"Unknown"
"7014853",371857,2025-07-09 19:43:10,43.3174705505371,-8.78495216369629,"Unknown"
"7014853",371857,2025-07-09 19:48:09,43.3275413513184,-8.80471706390381,"Unknown"
"7014853",371857,2025-07-09 19:53:10,43.349048614502,-8.82862949371338,"Unknown"
"7014853",371857,2025-07-09 19:58:10,43.3598518371582,-8.84651947021484,"Unknown"
"7014853",371857,2025-07-09 20:03:16,43.359130859375,-8.84341812133789,"Unknown"
"7014853",371857,2025-07-09 20:08:13,43.3591499328613,-8.84326362609863,"Unknown"
"7014853",371857,2025-07-09 20:13:18,43.359130859375,-8.84348011016846,"Unknown"
"7014853",371857,2025-07-09 20:18:09,43.3591651916504,-8.84346485137939,"Unknown"
"7014853",371857,2025-07-09 20:23:12,43.3592681884766,-8.84359359741211,"Unknown"
"7014853",371857,2025-07-09 20:28:13,43.3591842651367,-8.8434886932373,"Unknown"
"7014853",371857,2025-07-09 20:33:44,43.3591728210449,-8.84343147277832,"Unknown"
"7014853",371857,2025-07-09 20:38:10,43.3591918945312,-8.84353065490723,"Unknown"
"7014853",371857,2025-07-09 20:43:11,43.3591613769531,-8.84343433380127,"Unknown"
"7014853",371857,2025-07-09 20:48:35,43.3607139587402,-8.84421539306641,"Unknown"
"7014853",371857,2025-07-09 20:53:55,43.3607063293457,-8.84422588348389,"Unknown"
"7014853",371857,2025-07-09 20:58:12,43.3588943481445,-8.84631538391113,"Unknown"
"7014853",371857,2025-07-09 21:03:03,43.359432220459,-8.84384727478027,"Unknown"
"7014853",371857,2025-07-10 02:03:35,43.3591461181641,-8.84352016448975,"Unknown"
"7014853",371857,2025-07-10 05:10:14,43.3593063354492,-8.84371471405029,"Unknown"
"7014853",371857,2025-07-10 05:15:14,43.3591842651367,-8.84344100952148,"Unknown"
"7014853",371857,2025-07-10 05:19:53,43.353946685791,-8.8352632522583,"Unknown"
"7014853",371857,2025-07-10 05:25:00,43.3538475036621,-8.8322925567627,"Unknown"
"7014853",371857,2025-07-10 05:29:58,43.3516960144043,-8.83101367950439,"Unknown"
"7014853",371857,2025-07-10 05:34:56,43.3513298034668,-8.8312873840332,"Unknown"
"7014853",371857,2025-07-10 05:40:00,43.3506317138672,-8.83197212219238,"Unknown"
"7014853",371857,2025-07-10 05:44:54,43.3534088134766,-8.8287239074707,"Unknown"
"7014853",371857,2025-07-10 05:50:29,43.3525085449219,-8.82878684997559,"Unknown"
"7014853",371857,2025-07-10 05:54:55,43.3521347045898,-8.82906913757324,"Unknown"
"7014853",371857,2025-07-10 05:59:53,43.3516044616699,-8.82854175567627,"Unknown"
"7014853",371857,2025-07-10 06:04:53,43.3571510314941,-8.83863258361816,"Unknown"
"7014853",371857,2025-07-10 06:09:53,43.3569526672363,-8.83913135528564,"Unknown"
"7014853",371857,2025-07-10 06:15:00,43.3592262268066,-8.84339141845703,"Unknown"
"7014853",371857,2025-07-10 06:20:12,43.3592185974121,-8.84333515167236,"Unknown"
"7014853",371857,2025-07-10 06:25:06,43.3589859008789,-8.8430118560791,"Unknown"
"7014853",371857,2025-07-10 06:30:03,43.3591651916504,-8.84347534179688,"Unknown"
"7014853",371857,2025-07-10 06:34:55,43.3590126037598,-8.84334373474121,"Unknown"
"7014853",371857,2025-07-10 06:40:00,43.3591613769531,-8.84360980987549,"Unknown"
"7014853",371857,2025-07-10 06:44:52,43.3590965270996,-8.8434419631958,"Unknown"
"7014853",371857,2025-07-10 06:50:14,43.3588676452637,-8.84383773803711,"Unknown"
"7014853",371857,2025-07-10 06:54:53,43.358642578125,-8.84268760681152,"Unknown"
"7014853",371857,2025-07-10 06:59:52,43.3591804504395,-8.84357643127441,"Unknown"
"7014853",371857,2025-07-10 07:04:53,43.3592758178711,-8.84353256225586,"Unknown"
"7014853",371857,2025-07-10 07:09:52,43.3591156005859,-8.84372425079346,"Unknown"
"7014853",371857,2025-07-10 07:14:57,43.3591651916504,-8.84348201751709,"Unknown"
"7014853",371857,2025-07-10 07:19:57,43.3591804504395,-8.84349155426025,"Unknown"
"7014853",371857,2025-07-10 07:24:55,43.3591194152832,-8.84320163726807,"Unknown"
"7014853",371857,2025-07-10 07:29:52,43.3592185974121,-8.84317970275879,"Unknown"
"7014853",371857,2025-07-10 07:34:59,43.3591842651367,-8.84361553192139,"Unknown"
"7014853",371857,2025-07-10 07:40:03,43.3591957092285,-8.84365749359131,"Unknown"
"7014853",371857,2025-07-10 07:44:54,43.3591346740723,-8.84356784820557,"Unknown"
"7014853",371857,2025-07-10 07:50:23,43.359317779541,-8.84346199035645,"Unknown"
"7014853",371857,2025-07-10 07:54:57,43.3592872619629,-8.84420013427734,"Unknown"
"7014853",371857,2025-07-10 08:00:14,43.3591728210449,-8.84354019165039,"Unknown"
"7014853",371857,2025-07-10 08:04:53,43.3592834472656,-8.84340572357178,"Unknown"
"7014853",371857,2025-07-10 08:10:00,43.3591423034668,-8.84358692169189,"Unknown"
"7014853",371857,2025-07-10 08:14:58,43.3593521118164,-8.84311771392822,"Unknown"
"7014853",371857,2025-07-10 08:20:35,43.3590660095215,-8.84360027313232,"Unknown"
"7014853",371857,2025-07-10 08:24:59,43.3590698242188,-8.84358310699463,"Unknown"
"7014853",371857,2025-07-10 08:29:53,43.3589019775391,-8.8435697555542,"Unknown"
"7014853",371857,2025-07-10 08:34:54,43.3589363098145,-8.8436975479126,"Unknown"
"7014853",371857,2025-07-10 08:40:00,43.3589515686035,-8.84351444244385,"Unknown"
"7014853",371857,2025-07-10 08:44:54,43.3591804504395,-8.84343528747559,"Unknown"
"7014853",371857,2025-07-10 08:50:14,43.3590850830078,-8.84353542327881,"Unknown"
"7014853",371857,2025-07-10 08:54:53,43.3593444824219,-8.84383964538574,"Unknown"
"7014853",371857,2025-07-10 08:59:57,43.3591194152832,-8.8435001373291,"Unknown"
"7014853",371857,2025-07-10 09:04:54,43.3592414855957,-8.84366226196289,"Unknown"
"7014853",371857,2025-07-10 09:09:56,43.3592567443848,-8.84364986419678,"Unknown"
"7014853",371857,2025-07-10 09:15:00,43.3592491149902,-8.84344100952148,"Unknown"
"7014853",371857,2025-07-10 09:19:53,43.3591499328613,-8.84353923797607,"Unknown"
"7014853",371857,2025-07-10 09:24:53,43.3494758605957,-8.81318378448486,"Unknown"
"7014853",371857,2025-07-10 09:29:57,43.3327293395996,-8.77866744995117,"Unknown"
"7014853",371857,2025-07-10 09:35:00,43.3291664123535,-8.77612018585205,"Unknown"
"7014853",371857,2025-07-10 09:40:08,43.328670501709,-8.77686500549316,"Unknown"
"7014853",371857,2025-07-10 09:45:19,43.328441619873,-8.77698040008545,"Unknown"
"7014853",371857,2025-07-10 09:49:57,43.3281288146973,-8.77681064605713,"Unknown"
"7014853",371857,2025-07-10 09:54:53,43.3126449584961,-8.76797771453857,"Unknown"
"7014853",371857,2025-07-10 10:00:04,43.3033142089844,-8.76932525634766,"Unknown"
"7014853",371857,2025-07-10 10:05:44,43.299446105957,-8.77176284790039,"Unknown"
"7014853",371857,2025-07-10 10:10:03,43.2992134094238,-8.77172946929932,"Unknown"
"7014853",371857,2025-07-10 10:15:00,43.2992515563965,-8.77153015136719,"Unknown"
"7014853",371857,2025-07-10 10:20:01,43.2993774414062,-8.77200126647949,"Unknown"
"7014853",371857,2025-07-10 10:24:59,43.2992515563965,-8.77170181274414,"Unknown"
"7014853",371857,2025-07-10 10:30:00,43.2993125915527,-8.77161312103271,"Unknown"
"7014853",371857,2025-07-10 10:35:29,43.2992935180664,-8.77160453796387,"Unknown"
"7014853",371857,2025-07-10 10:39:52,43.3036003112793,-8.77499961853027,"Unknown"
"7014853",371857,2025-07-10 10:44:52,43.3128967285156,-8.79471015930176,"Unknown"
"7014853",371857,2025-07-10 10:49:55,43.322883605957,-8.80470943450928,"Unknown"
"7014853",371857,2025-07-10 10:54:53,43.3249397277832,-8.82157611846924,"Unknown"
"7014853",371857,2025-07-10 10:59:53,43.3412437438965,-8.83143424987793,"Unknown"
"7014853",371857,2025-07-10 11:04:55,43.3468894958496,-8.83463954925537,"Unknown"
"7014853",371857,2025-07-10 11:09:54,43.3469848632812,-8.83631801605225,"Unknown"
"7014853",371857,2025-07-10 11:14:54,43.346866607666,-8.83809280395508,"Unknown"
"7014853",371857,2025-07-10 11:19:53,43.3591575622559,-8.8349142074585,"Unknown"
"7014853",371857,2025-07-10 11:24:55,43.3593368530273,-8.84342002868652,"Unknown"
"7014853",371857,2025-07-10 11:30:00,43.3594131469727,-8.84352111816406,"Unknown"
"7014853",371857,2025-07-10 11:34:55,43.3591194152832,-8.84348106384277,"Unknown"
"7014853",371857,2025-07-10 11:39:57,43.359203338623,-8.84344482421875,"Unknown"
"7014853",371857,2025-07-10 11:45:01,43.3596725463867,-8.84326076507568,"Unknown"
"7014853",371857,2025-07-10 11:50:10,43.3591003417969,-8.84343910217285,"Unknown"
"7014853",371857,2025-07-10 11:54:54,43.3591613769531,-8.84342575073242,"Unknown"
"7014853",371857,2025-07-10 12:00:20,43.3590888977051,-8.84345436096191,"Unknown"
"7014853",371857,2025-07-10 12:05:00,43.3592185974121,-8.84341621398926,"Unknown"
"7014853",371857,2025-07-10 12:09:58,43.3591995239258,-8.84348011016846,"Unknown"
"7014853",371857,2025-07-10 12:14:57,43.3591499328613,-8.8434009552002,"Unknown"
"7014853",371857,2025-07-10 12:20:01,43.3591423034668,-8.84343147277832,"Unknown"
"7014853",371857,2025-07-10 12:24:53,43.3629493713379,-8.84881782531738,"Unknown"
"7014853",371857,2025-07-10 12:29:54,43.3694305419922,-8.85486698150635,"Unknown"
"7014853",371857,2025-07-10 12:35:01,43.3727951049805,-8.85667037963867,"Unknown"
"7014853",371857,2025-07-10 12:40:00,43.3682556152344,-8.85184001922607,"Unknown"
"7014853",371857,2025-07-10 12:50:32,43.3590850830078,-8.84350872039795,"Unknown"
"7014853",371857,2025-07-10 12:55:33,43.3591384887695,-8.84346961975098,"Unknown"
"7014853",371857,2025-07-10 12:59:53,43.3591613769531,-8.84341716766357,"Unknown"
"7014853",371857,2025-07-10 13:05:03,43.3591957092285,-8.84349727630615,"Unknown"
"7014853",371857,2025-07-10 13:10:05,43.3592643737793,-8.84363079071045,"Unknown"
"7014853",371857,2025-07-10 13:15:14,43.3592567443848,-8.84359645843506,"Unknown"
"7014853",371857,2025-07-10 13:20:05,43.3589286804199,-8.84306144714355,"Unknown"
"7014853",371857,2025-07-10 13:25:04,43.3594779968262,-8.8436336517334,"Unknown"
"7014853",371857,2025-07-10 13:30:04,43.3592567443848,-8.84362411499023,"Unknown"
"7014853",371857,2025-07-10 13:35:03,43.3593788146973,-8.84365081787109,"Unknown"
"7014853",371857,2025-07-10 13:40:04,43.3593406677246,-8.84367275238037,"Unknown"
"7014853",371857,2025-07-10 13:45:01,43.3591918945312,-8.84344577789307,"Unknown"
"7014853",371857,2025-07-10 13:49:57,43.3592987060547,-8.84363460540771,"Unknown"
"7014853",371857,2025-07-10 13:55:14,43.3592643737793,-8.84347438812256,"Unknown"
"7014853",371857,2025-07-10 14:00:29,43.3592414855957,-8.8435001373291,"Unknown"
"7014853",371857,2025-07-10 14:05:08,43.3592147827148,-8.84352684020996,"Unknown"
"7014853",371857,2025-07-10 14:10:29,43.3591537475586,-8.84346008300781,"Unknown"
"7014853",371857,2025-07-10 14:14:54,43.3592071533203,-8.84345149993896,"Unknown"
"7014853",371857,2025-07-10 14:19:55,43.3591003417969,-8.84338665008545,"Unknown"
"7014853",371857,2025-07-10 14:24:52,43.3591575622559,-8.84349155426025,"Unknown"
"7014853",371857,2025-07-10 14:29:55,43.359188079834,-8.84353637695312,"Unknown"
"7014853",371857,2025-07-10 14:34:52,43.3608818054199,-8.83916664123535,"Unknown"
"7014853",371857,2025-07-10 14:39:52,43.3563995361328,-8.82051372528076,"Unknown"
"7014853",371857,2025-07-10 14:44:52,43.3610801696777,-8.76656913757324,"Unknown"
"7014853",371857,2025-07-10 14:49:53,43.3544654846191,-8.75135135650635,"Unknown"
"7014853",371857,2025-07-10 14:54:53,43.3541221618652,-8.75013065338135,"Unknown"
"7014853",371857,2025-07-10 14:59:52,43.3614692687988,-8.7453498840332,"Unknown"
"7014853",371857,2025-07-10 15:04:53,43.3627281188965,-8.71940803527832,"Unknown"
"7014853",371857,2025-07-10 15:09:57,43.3624420166016,-8.71785640716553,"Unknown"
"7014853",371857,2025-07-10 15:14:56,43.3618927001953,-8.71652030944824,"Unknown"
"7014853",371857,2025-07-10 15:19:55,43.3617134094238,-8.69145202636719,"Unknown"
"7014853",371857,2025-07-10 15:24:57,43.3615112304688,-8.69072723388672,"Unknown"
"7014853",371857,2025-07-10 15:29:53,43.3571357727051,-8.67749691009521,"Unknown"
"7014853",371857,2025-07-10 15:34:52,43.3361053466797,-8.6421365737915,"Unknown"
"7014853",371857,2025-07-10 15:39:59,43.3342933654785,-8.62829494476318,"Unknown"
"7014853",371857,2025-07-10 15:44:57,43.3345565795898,-8.62739944458008,"Unknown"
"7014853",371857,2025-07-10 15:49:58,43.3346633911133,-8.6264181137085,"Unknown"
"7014853",371857,2025-07-10 15:54:53,43.3461761474609,-8.61431789398193,"Unknown"
"7014853",371857,2025-07-10 15:59:52,43.3480415344238,-8.61599159240723,"Unknown"
"7014853",371857,2025-07-10 16:04:54,43.3579559326172,-8.61509799957275,"Unknown"
"7014853",371857,2025-07-10 16:10:13,43.3561744689941,-8.61540699005127,"Unknown"
"7014853",371857,2025-07-10 16:14:52,43.357494354248,-8.61537742614746,"Unknown"
"7014853",371857,2025-07-10 16:19:53,43.3711128234863,-8.61955165863037,"Unknown"
"7014853",371857,2025-07-10 16:24:53,43.3795967102051,-8.64397048950195,"Unknown"
"7014853",371857,2025-07-10 16:29:52,43.3506317138672,-8.63314151763916,"Unknown"
"7014853",371857,2025-07-10 16:34:53,43.3269195556641,-8.63567543029785,"Unknown"
"7014853",371857,2025-07-10 16:39:53,43.3141937255859,-8.66418075561523,"Unknown"
"7014853",371857,2025-07-10 16:44:52,43.2952079772949,-8.69402027130127,"Unknown"
"7014853",371857,2025-07-10 16:49:56,43.2924690246582,-8.69767570495605,"Unknown"
"7014853",371857,2025-07-10 16:54:55,43.2949104309082,-8.72986030578613,"Unknown"
"7014853",371857,2025-07-10 17:00:29,43.293888092041,-8.73385047912598,"Unknown"
"7014853",371857,2025-07-10 17:04:57,43.2938423156738,-8.73385429382324,"Unknown"
"7014853",371857,2025-07-10 17:10:15,43.2939186096191,-8.73392105102539,"Unknown"
"7014853",371857,2025-07-10 17:15:14,43.2933654785156,-8.74580383300781,"Unknown"
"7014853",371857,2025-07-10 17:19:58,43.2933044433594,-8.7454776763916,"Unknown"
"7014853",371857,2025-07-10 17:24:53,43.3143615722656,-8.7705135345459,"Unknown"
"7014853",371857,2025-07-10 17:29:53,43.3227729797363,-8.80445861816406,"Unknown"
"7014853",371857,2025-07-10 17:34:53,43.3440093994141,-8.82466697692871,"Unknown"
"7014853",371857,2025-07-10 17:39:53,43.3593826293945,-8.84383964538574,"Unknown"
"7014853",371857,2025-07-10 17:44:55,43.3593635559082,-8.84355449676514,"Unknown"
"7014853",371857,2025-07-10 17:49:57,43.3595237731934,-8.84384632110596,"Unknown"
"7014853",371857,2025-07-10 17:54:58,43.3595123291016,-8.84393501281738,"Unknown"
"7014853",371857,2025-07-10 18:00:08,43.359432220459,-8.84421348571777,"Unknown"
"7014853",371857,2025-07-10 18:04:58,43.3594779968262,-8.84385585784912,"Unknown"
"7014853",371857,2025-07-10 18:09:54,43.3598709106445,-8.84499263763428,"Unknown"
"7014853",371857,2025-07-10 18:15:06,43.3594055175781,-8.84385108947754,"Unknown"
"7014853",371857,2025-07-10 18:20:00,43.3591766357422,-8.84422874450684,"Unknown"
"7014853",371857,2025-07-10 18:25:08,43.3593368530273,-8.84377670288086,"Unknown"
"7014853",371857,2025-07-10 18:30:00,43.3593406677246,-8.84381771087646,"Unknown"
"7014853",371857,2025-07-10 18:35:14,43.3592071533203,-8.84342288970947,"Unknown"
"7014853",371857,2025-07-10 18:39:56,43.3593215942383,-8.84354019165039,"Unknown"
"7014853",371857,2025-07-10 18:44:54,43.3591651916504,-8.84361553192139,"Unknown"
"7014853",371857,2025-07-10 18:50:03,43.3593330383301,-8.84333896636963,"Unknown"
"7014853",371857,2025-07-10 18:54:53,43.3427658081055,-8.81835079193115,"Unknown"
"7014853",371857,2025-07-10 18:59:54,43.332447052002,-8.78247165679932,"Unknown"
"7014853",371857,2025-07-10 19:05:02,43.3351402282715,-8.76993560791016,"Unknown"
"7014853",371857,2025-07-10 19:10:00,43.3371200561523,-8.76735782623291,"Unknown"
"7014853",371857,2025-07-10 19:14:55,43.3386840820312,-8.76091766357422,"Unknown"
"7014853",371857,2025-07-10 19:19:54,43.3335075378418,-8.73245429992676,"Unknown"
"7014853",371857,2025-07-10 19:24:57,43.3374862670898,-8.71807765960693,"Unknown"
"7014853",371857,2025-07-10 19:35:15,43.343879699707,-8.69956970214844,"Unknown"
"7014853",371857,2025-07-10 19:39:54,43.3491706848145,-8.67104339599609,"Unknown"
"7014853",371857,2025-07-10 19:44:59,43.3462753295898,-8.65435886383057,"Unknown"
"7014853",371857,2025-07-10 19:50:01,43.3459129333496,-8.65426540374756,"Unknown"
"7014853",371857,2025-07-10 19:55:02,43.3455657958984,-8.65412044525146,"Unknown"
"7014853",371857,2025-07-10 20:00:02,43.3451232910156,-8.65194606781006,"Unknown"
"7014853",371857,2025-07-10 20:04:57,43.3370132446289,-8.633469581604,"Unknown"
"7014853",371857,2025-07-10 20:10:17,43.3293037414551,-8.62972450256348,"Unknown"
"7014853",371857,2025-07-10 20:14:58,43.3284225463867,-8.62765121459961,"Unknown"
"7014853",371857,2025-07-10 20:20:12,43.3294486999512,-8.61902713775635,"Unknown"
"7014853",371857,2025-07-10 20:25:00,43.3303146362305,-8.61871337890625,"Unknown"
"7014853",371857,2025-07-10 20:29:54,43.3428649902344,-8.62983226776123,"Unknown"
"7014853",371857,2025-07-10 20:35:19,43.3459625244141,-8.63559627532959,"Unknown"
"7014853",371857,2025-07-10 20:40:28,43.3452072143555,-8.63677597045898,"Unknown"
"7014853",371857,2025-07-10 20:45:12,43.3467979431152,-8.63724422454834,"Unknown"
"7014853",371857,2025-07-10 20:49:58,43.3529968261719,-8.64253711700439,"Unknown"
"7014853",371857,2025-07-10 20:55:00,43.3540382385254,-8.63908672332764,"Unknown"
"7014853",371857,2025-07-10 21:01:38,43.3533020019531,-8.64093017578125,"Unknown"
"7014853",371857,2025-07-11 02:01:45,43.3592338562012,-8.84336090087891,"Unknown"
"7014853",371857,2025-07-11 05:09:53,43.3592147827148,-8.84348773956299,"Unknown"
"7014853",371857,2025-07-11 05:14:57,43.3592338562012,-8.84351253509521,"Unknown"
"7014853",371857,2025-07-11 05:19:59,43.3592071533203,-8.84354019165039,"Unknown"
"7014853",371857,2025-07-11 05:25:05,43.3592262268066,-8.84340000152588,"Unknown"
"7014853",371857,2025-07-11 05:29:54,43.3592071533203,-8.84349060058594,"Unknown"
"7014853",371857,2025-07-11 05:34:54,43.3591651916504,-8.84345054626465,"Unknown"
"7014853",371857,2025-07-11 05:39:54,43.3591461181641,-8.84350967407227,"Unknown"
"7014853",371857,2025-07-11 05:44:46,43.3587265014648,-8.84352588653564,"Unknown"
"7014853",371857,2025-07-11 05:49:45,43.3534469604492,-8.83854675292969,"Unknown"
"7014853",371857,2025-07-11 05:54:49,43.3606948852539,-8.82214641571045,"Unknown"
"7014853",371857,2025-07-11 05:59:45,43.3611068725586,-8.82220458984375,"Unknown"
"7014853",371857,2025-07-11 06:05:23,43.3609352111816,-8.83290195465088,"Unknown"
"7014853",371857,2025-07-11 06:09:54,43.3610038757324,-8.83296871185303,"Unknown"
"7014853",371857,2025-07-11 06:14:44,43.3603401184082,-8.81703662872314,"Unknown"
"7014853",371857,2025-07-11 06:19:44,43.3449974060059,-8.80379199981689,"Unknown"
"7014853",371857,2025-07-11 06:24:44,43.3354797363281,-8.80143928527832,"Unknown"
"7014853",371857,2025-07-11 06:29:45,43.3438034057617,-8.8163537979126,"Unknown"
"7014853",371857,2025-07-11 06:34:47,43.3274612426758,-8.82872676849365,"Unknown"
"7014853",371857,2025-07-11 06:39:47,43.3274612426758,-8.82833194732666,"Unknown"
"7014853",371857,2025-07-11 06:44:48,43.3274955749512,-8.82819843292236,"Unknown"
"7014853",371857,2025-07-11 06:49:52,43.328052520752,-8.82808971405029,"Unknown"
"7014853",371857,2025-07-11 06:54:51,43.3278541564941,-8.82832050323486,"Unknown"
"7014853",371857,2025-07-11 06:59:45,43.3536338806152,-8.83375835418701,"Unknown"
"7014853",371857,2025-07-11 07:04:44,43.3587913513184,-8.84344577789307,"Unknown"
"7014853",371857,2025-07-11 07:09:45,43.3588714599609,-8.84355926513672,"Unknown"
"7014853",371857,2025-07-11 07:14:46,43.3587265014648,-8.84365653991699,"Unknown"
"7014853",371857,2025-07-11 07:19:45,43.35888671875,-8.84339618682861,"Unknown"
"7014853",371857,2025-07-11 07:24:46,43.3590393066406,-8.8437442779541,"Unknown"
"7014853",371857,2025-07-11 07:29:51,43.3590126037598,-8.84343528747559,"Unknown"
"7014853",371857,2025-07-11 07:34:45,43.359016418457,-8.84343528747559,"Unknown"
"7014853",371857,2025-07-11 07:39:45,43.3591918945312,-8.84379959106445,"Unknown"
"7014853",371857,2025-07-11 07:44:46,43.3590774536133,-8.84364128112793,"Unknown"
"7014853",371857,2025-07-11 07:49:44,43.3590202331543,-8.8435115814209,"Unknown"
"7014853",371857,2025-07-11 07:54:47,43.3586082458496,-8.84351444244385,"Unknown"
"7014853",371857,2025-07-11 07:59:44,43.3612976074219,-8.82660579681396,"Unknown"
"7014853",371857,2025-07-11 08:04:44,43.3694038391113,-8.77873134613037,"Unknown"
"7014853",371857,2025-07-11 08:09:44,43.366512298584,-8.73560333251953,"Unknown"
"7014853",371857,2025-07-11 08:14:44,43.3621940612793,-8.69275093078613,"Unknown"
"7014853",371857,2025-07-11 08:19:44,43.3532943725586,-8.6779088973999,"Unknown"
"7014853",371857,2025-07-11 08:24:45,43.3604507446289,-8.65834426879883,"Unknown"
"7014853",371857,2025-07-11 08:29:49,43.3610076904297,-8.65938282012939,"Unknown"
"7014853",371857,2025-07-11 08:34:46,43.3618049621582,-8.66062259674072,"Unknown"
"7014853",371857,2025-07-11 08:39:44,43.3530311584473,-8.63648891448975,"Unknown"
"7014853",371857,2025-07-11 08:44:45,43.355152130127,-8.62523365020752,"Unknown"
"7014853",371857,2025-07-11 08:49:44,43.3436241149902,-8.63709354400635,"Unknown"
"7014853",371857,2025-07-11 08:54:45,43.3582649230957,-8.63314437866211,"Unknown"
"7014853",371857,2025-07-11 08:59:45,43.3374900817871,-8.62825775146484,"Unknown"
"7014853",371857,2025-07-11 09:04:45,43.3451499938965,-8.62229824066162,"Unknown"
"7014853",371857,2025-07-11 09:09:46,43.3471870422363,-8.59136295318604,"Unknown"
"7014853",371857,2025-07-11 09:14:45,43.3347434997559,-8.56711673736572,"Unknown"
"7014853",371857,2025-07-11 09:19:45,43.3148574829102,-8.55269813537598,"Unknown"
"7014853",371857,2025-07-11 09:24:47,43.3118019104004,-8.55518245697021,"Unknown"
"7014853",371857,2025-07-11 09:29:56,43.3125915527344,-8.55693912506104,"Unknown"
"7014853",371857,2025-07-11 09:34:44,43.3139572143555,-8.55858707427979,"Unknown"
"7014853",371857,2025-07-11 09:39:52,43.3120613098145,-8.55571842193604,"Unknown"
"7014853",371857,2025-07-11 09:44:45,43.3132858276367,-8.55683326721191,"Unknown"
"7014853",371857,2025-07-11 09:49:47,43.3207588195801,-8.59219169616699,"Unknown"
"7014853",371857,2025-07-11 09:54:46,43.3153610229492,-8.61588954925537,"Unknown"
"7014853",371857,2025-07-11 09:59:45,43.3194007873535,-8.64986705780029,"Unknown"
"7014853",371857,2025-07-11 10:04:47,43.3359260559082,-8.6594295501709,"Unknown"
"7014853",371857,2025-07-11 10:09:44,43.3391380310059,-8.66718292236328,"Unknown"
"7014853",371857,2025-07-11 10:14:45,43.3357391357422,-8.65629291534424,"Unknown"
"7014853",371857,2025-07-11 10:19:45,43.3263130187988,-8.66836738586426,"Unknown"
"7014853",371857,2025-07-11 10:24:46,43.3422889709473,-8.68974590301514,"Unknown"
"7014853",371857,2025-07-11 10:29:45,43.3427352905273,-8.72155284881592,"Unknown"
"7014853",371857,2025-07-11 10:34:46,43.3486099243164,-8.75109672546387,"Unknown"
"7014853",371857,2025-07-11 10:39:47,43.3477783203125,-8.78366374969482,"Unknown"
"7014853",371857,2025-07-11 10:44:45,43.3511085510254,-8.81702995300293,"Unknown"
"7014853",371857,2025-07-11 10:49:45,43.3602714538574,-8.84523868560791,"Unknown"
"7014853",371857,2025-07-11 10:54:45,43.3588066101074,-8.84344482421875,"Unknown"
"7014853",371857,2025-07-11 10:59:52,43.3588981628418,-8.84355449676514,"Unknown"
"7014853",371857,2025-07-11 11:04:47,43.3584098815918,-8.84390735626221,"Unknown"
"7014853",371857,2025-07-11 11:09:45,43.3589973449707,-8.84356594085693,"Unknown"
"7014853",371857,2025-07-11 11:14:47,43.359073638916,-8.8435754776001,"Unknown"
"7014853",371857,2025-07-11 11:19:47,43.3591918945312,-8.84353446960449,"Unknown"
"7014853",371857,2025-07-11 11:24:45,43.3591346740723,-8.84358215332031,"Unknown"
"7014853",371857,2025-07-11 11:29:45,43.3592491149902,-8.84360313415527,"Unknown"
"7014853",371857,2025-07-11 11:34:45,43.3592910766602,-8.8436222076416,"Unknown"
"7014853",371857,2025-07-11 11:39:45,43.359302520752,-8.84358978271484,"Unknown"
"7014853",371857,2025-07-11 11:44:45,43.3592987060547,-8.843581199646,"Unknown"
"7014853",371857,2025-07-11 11:49:46,43.3593330383301,-8.84363651275635,"Unknown"
"7014853",371857,2025-07-11 11:54:51,43.3593711853027,-8.84344863891602,"Unknown"
"7014853",371857,2025-07-11 11:59:46,43.3592834472656,-8.84364032745361,"Unknown"
"7014853",371857,2025-07-11 12:04:46,43.3592681884766,-8.84363651275635,"Unknown"
"7014853",371857,2025-07-11 12:09:46,43.3593521118164,-8.84356117248535,"Unknown"
"7014853",371857,2025-07-11 12:14:46,43.3592948913574,-8.84360313415527,"Unknown"
"7014853",371857,2025-07-11 12:19:46,43.3593215942383,-8.84345149993896,"Unknown"
"7014853",371857,2025-07-11 12:24:45,43.3592262268066,-8.84353828430176,"Unknown"
"7014853",371857,2025-07-11 12:29:45,43.3592262268066,-8.84367752075195,"Unknown"
"7014853",371857,2025-07-11 12:34:44,43.359260559082,-8.84358215332031,"Unknown"
"7014853",371857,2025-07-11 12:39:48,43.3592376708984,-8.84360408782959,"Unknown"
"7014853",371857,2025-07-11 12:44:48,43.359260559082,-8.84365558624268,"Unknown"
"7014853",371857,2025-07-11 12:49:52,43.3593788146973,-8.84330463409424,"Unknown"
"7014853",371857,2025-07-11 12:55:09,43.3590888977051,-8.84378814697266,"Unknown"
"7014853",371857,2025-07-11 12:59:51,43.3591918945312,-8.84347343444824,"Unknown"
"7014853",371857,2025-07-11 13:04:46,43.3592376708984,-8.84344577789307,"Unknown"
"7014853",371857,2025-07-11 13:09:45,43.3592376708984,-8.84350967407227,"Unknown"
"7014853",371857,2025-07-11 13:14:44,43.3592681884766,-8.84349822998047,"Unknown"
"7014853",371857,2025-07-11 13:19:44,43.3592872619629,-8.84346485137939,"Unknown"
"7014853",371857,2025-07-11 13:24:44,43.3593406677246,-8.84347820281982,"Unknown"
"7014853",371857,2025-07-11 13:29:46,43.3594131469727,-8.84353160858154,"Unknown"
"7014853",371857,2025-07-11 13:34:44,43.3859100341797,-8.84266185760498,"Unknown"
"7014853",371857,2025-07-11 13:39:44,43.4200248718262,-8.83059692382812,"Unknown"
"7014853",371857,2025-07-11 13:44:44,43.4532165527344,-8.8194055557251,"Unknown"
"7014853",371857,2025-07-11 13:49:44,43.4824981689453,-8.81747436523438,"Unknown"
"7014853",371857,2025-07-11 13:54:44,43.5087623596191,-8.81874847412109,"Unknown"
"7014853",371857,2025-07-11 13:59:45,43.5143241882324,-8.81515884399414,"Unknown"
"7014853",371857,2025-07-11 14:04:44,43.5239524841309,-8.83608722686768,"Unknown"
"7014853",371857,2025-07-11 14:09:44,43.5361022949219,-8.86808013916016,"Unknown"
"7014853",371857,2025-07-11 14:14:44,43.5451889038086,-8.88358879089355,"Unknown"
"7014853",371857,2025-07-11 14:19:47,43.5460205078125,-8.88263034820557,"Unknown"
"7014853",371857,2025-07-11 14:24:44,43.5433769226074,-8.9008903503418,"Unknown"
"7014853",371857,2025-07-11 14:29:44,43.5385475158691,-8.93497657775879,"Unknown"
"7014853",371857,2025-07-11 14:34:44,43.5334548950195,-8.97025299072266,"Unknown"
"7014853",371857,2025-07-11 14:39:44,43.5237083435059,-9.00230598449707,"Unknown"
"7014853",371857,2025-07-11 14:44:44,43.5158042907715,-9.03611183166504,"Unknown"
"7014853",371857,2025-07-11 14:49:44,43.4923553466797,-9.03169441223145,"Unknown"
"7014853",371857,2025-07-11 14:54:44,43.4614219665527,-9.01760387420654,"Unknown"
"7014853",371857,2025-07-11 14:59:46,43.4590454101562,-9.01877593994141,"Unknown"
"7014853",371857,2025-07-11 15:04:48,43.4576950073242,-9.01919460296631,"Unknown"
"7014853",371857,2025-07-11 15:09:46,43.4557189941406,-9.02089786529541,"Unknown"
"7014853",371857,2025-07-11 15:14:48,43.4547500610352,-9.02079772949219,"Unknown"
"7014853",371857,2025-07-11 15:19:44,43.4386711120605,-8.9906120300293,"Unknown"
"7014853",371857,2025-07-11 15:24:44,43.4158554077148,-8.95335292816162,"Unknown"
"7014853",371857,2025-07-11 15:29:45,43.3933525085449,-8.90896701812744,"Unknown"
"7014853",371857,2025-07-11 15:34:44,43.3718795776367,-8.86336326599121,"Unknown"
"7014853",371857,2025-07-11 15:39:44,43.3579292297363,-8.8374195098877,"Unknown"
"7014853",371857,2025-07-11 15:44:45,43.359203338623,-8.8436164855957,"Unknown"
"7014853",371857,2025-07-11 15:49:46,43.3591041564941,-8.84350776672363,"Unknown"
"7014853",371857,2025-07-11 15:54:54,43.3591842651367,-8.84362030029297,"Unknown"
"7014853",371857,2025-07-11 15:59:56,43.3607902526855,-8.84421062469482,"Unknown"
"7014853",371857,2025-07-11 16:04:52,43.3608093261719,-8.84429931640625,"Unknown"
"7014853",371857,2025-07-11 16:09:46,43.3590049743652,-8.84325981140137,"Unknown"
"7014853",371857,2025-07-11 16:14:44,43.3588180541992,-8.84301567077637,"Unknown"
"7014853",371857,2025-07-11 16:19:47,43.3591079711914,-8.84331798553467,"Unknown"
"7014853",371857,2025-07-11 16:24:54,43.3592109680176,-8.84341049194336,"Unknown"
"7014853",371857,2025-07-11 16:29:49,43.3592910766602,-8.84327697753906,"Unknown"
"7014853",371857,2025-07-11 16:34:44,43.3589363098145,-8.84319591522217,"Unknown"
"7014853",371857,2025-07-11 16:39:44,43.3591690063477,-8.84335136413574,"Unknown"
"7014853",371857,2025-07-11 16:44:44,43.3591232299805,-8.84320735931396,"Unknown"
"7014853",371857,2025-07-11 16:49:45,43.3592147827148,-8.84331130981445,"Unknown"
"7014853",371857,2025-07-11 16:54:44,43.3600769042969,-8.84327793121338,"Unknown"
"7014853",371857,2025-07-11 16:59:46,43.3594703674316,-8.8433895111084,"Unknown"
"7014853",371857,2025-07-11 17:04:52,43.3595962524414,-8.84367561340332,"Unknown"
"7014853",371857,2025-07-11 17:10:05,43.3591613769531,-8.84371471405029,"Unknown"
"7014853",371857,2025-07-11 17:14:45,43.3592529296875,-8.84364795684814,"Unknown"
"7014853",371857,2025-07-11 17:19:44,43.3592643737793,-8.84358215332031,"Unknown"
"7014853",371857,2025-07-11 17:24:44,43.3592758178711,-8.84361457824707,"Unknown"
"7014853",371857,2025-07-11 17:29:45,43.3592834472656,-8.84355735778809,"Unknown"
"7014853",371857,2025-07-11 17:34:45,43.359317779541,-8.84346961975098,"Unknown"
"7014853",371857,2025-07-11 17:39:46,43.3595733642578,-8.8438835144043,"Unknown"
"7014853",371857,2025-07-11 17:44:47,43.3594360351562,-8.84354400634766,"Unknown"
"7014853",371857,2025-07-11 17:49:44,43.359432220459,-8.84352970123291,"Unknown"
"7014853",371857,2025-07-11 17:54:44,43.3594093322754,-8.84352779388428,"Unknown"
"7014853",371857,2025-07-11 17:59:45,43.359432220459,-8.84368419647217,"Unknown"
"7014853",371857,2025-07-11 18:04:44,43.3593902587891,-8.84350299835205,"Unknown"
"7014853",371857,2025-07-11 18:09:46,43.3593864440918,-8.84349536895752,"Unknown"
"7014853",371857,2025-07-11 18:14:44,43.3593788146973,-8.843581199646,"Unknown"
"7014853",371857,2025-07-11 18:19:44,43.3593673706055,-8.84349250793457,"Unknown"
"7014853",371857,2025-07-11 18:24:44,43.3593330383301,-8.84343147277832,"Unknown"
"7014853",371857,2025-07-11 18:29:44,43.359375,-8.84341907501221,"Unknown"
"7014853",371857,2025-07-11 18:34:44,43.3594169616699,-8.84350299835205,"Unknown"
"7014853",371857,2025-07-11 18:39:46,43.3594703674316,-8.84326267242432,"Unknown"
"7014853",371857,2025-07-11 18:44:45,43.3594017028809,-8.84333515167236,"Unknown"
"7014853",371857,2025-07-11 18:49:47,43.3595352172852,-8.8431568145752,"Unknown"
"7014853",371857,2025-07-11 18:55:05,43.3591461181641,-8.84354591369629,"Unknown"
"7014853",371857,2025-07-11 18:59:43,43.359130859375,-8.84345245361328,"Unknown"
"7014853",371857,2025-07-11 19:04:45,43.3591804504395,-8.84334945678711,"Unknown"
"7014853",371857,2025-07-11 19:09:45,43.3566665649414,-8.84024620056152,"Unknown"
"7014853",371857,2025-07-11 19:14:45,43.352108001709,-8.82804393768311,"Unknown"
"7014853",371857,2025-07-11 19:19:43,43.349437713623,-8.82681751251221,"Unknown"
"7014853",371857,2025-07-11 19:24:45,43.324089050293,-8.81098937988281,"Unknown"
"7014853",371857,2025-07-11 19:29:46,43.3225364685059,-8.80338764190674,"Unknown"
"7014853",371857,2025-07-11 19:34:44,43.3166847229004,-8.76830101013184,"Unknown"
"7014853",371857,2025-07-11 19:39:44,43.314624786377,-8.76771926879883,"Unknown"
"7014853",371857,2025-07-11 19:44:44,43.3143119812012,-8.76710510253906,"Unknown"
"7014853",371857,2025-07-11 19:49:45,43.3144493103027,-8.76607036590576,"Unknown"
"7014853",371857,2025-07-11 19:54:48,43.3145370483398,-8.76472187042236,"Unknown"
"7014853",371857,2025-07-11 19:59:44,43.3136138916016,-8.74780082702637,"Unknown"
"7014853",371857,2025-07-11 20:04:44,43.3265037536621,-8.70090293884277,"Unknown"
"7014853",371857,2025-07-11 20:09:45,43.3313293457031,-8.68379211425781,"Unknown"
"7014853",371857,2025-07-11 20:14:44,43.3307266235352,-8.68355464935303,"Unknown"
"7014853",371857,2025-07-11 20:19:45,43.3299217224121,-8.68274784088135,"Unknown"
"7014853",371857,2025-07-11 20:24:51,43.330249786377,-8.68359661102295,"Unknown"
"7014853",371857,2025-07-11 20:29:46,43.3309020996094,-8.68371963500977,"Unknown"
"7014853",371857,2025-07-11 20:34:45,43.3306694030762,-8.68308448791504,"Unknown"
"7014853",371857,2025-07-11 20:39:45,43.3314361572266,-8.68304061889648,"Unknown"
"7014853",371857,2025-07-11 20:44:44,43.344425201416,-8.6776294708252,"Unknown"
"7014853",371857,2025-07-11 20:49:47,43.3455047607422,-8.67737483978271,"Unknown"
"7014853",371857,2025-07-11 20:54:44,43.3435516357422,-8.65948486328125,"Unknown"
"7014853",371857,2025-07-11 21:01:03,43.3424377441406,-8.65945625305176,"Unknown"
"7014853",371857,2025-07-12 02:01:21,43.3346710205078,-8.55925750732422,"Unknown"
"7014853",371857,2025-07-12 05:11:09,43.33447265625,-8.66302490234375,"Unknown"
"7014853",371857,2025-07-12 05:15:55,43.3506813049316,-8.65687084197998,"Unknown"
"7014853",371857,2025-07-12 05:20:54,43.3613777160645,-8.66168308258057,"Unknown"
"7014853",371857,2025-07-12 05:25:52,43.3579483032227,-8.6674747467041,"Unknown"
"7014853",371857,2025-07-12 05:30:48,43.3540229797363,-8.67331695556641,"Unknown"
"7014853",371857,2025-07-12 05:35:46,43.3519401550293,-8.67805957794189,"Unknown"
"7014853",371857,2025-07-12 05:40:54,43.3575248718262,-8.68990135192871,"Unknown"
"7014853",371857,2025-07-12 05:45:57,43.3566665649414,-8.68992137908936,"Unknown"
"7014853",371857,2025-07-12 05:50:57,43.3577308654785,-8.68986797332764,"Unknown"
"7014853",371857,2025-07-12 05:55:45,43.356803894043,-8.66945934295654,"Unknown"
"7014853",371857,2025-07-12 06:00:46,43.3524475097656,-8.65311908721924,"Unknown"
"7014853",371857,2025-07-12 06:05:45,43.3592338562012,-8.65516471862793,"Unknown"
"7014853",371857,2025-07-12 06:10:45,43.3560523986816,-8.67286109924316,"Unknown"
"7014853",371857,2025-07-12 06:15:45,43.3537101745605,-8.6710147857666,"Unknown"
"7014853",371857,2025-07-12 06:20:46,43.362003326416,-8.65695858001709,"Unknown"
"7014853",371857,2025-07-12 06:25:48,43.3624496459961,-8.65355587005615,"Unknown"
"7014853",371857,2025-07-12 06:30:46,43.3595085144043,-8.63370609283447,"Unknown"
"7014853",371857,2025-07-12 06:35:46,43.3553009033203,-8.60936164855957,"Unknown"
"7014853",371857,2025-07-12 06:40:46,43.3512382507324,-8.57306671142578,"Unknown"
"7014853",371857,2025-07-12 06:45:46,43.3485260009766,-8.53632926940918,"Unknown"
"7014853",371857,2025-07-12 06:50:52,43.3469924926758,-8.53188896179199,"Unknown"
"7014853",371857,2025-07-12 06:56:05,43.3470497131348,-8.5321102142334,"Unknown"
"7014853",371857,2025-07-12 07:00:46,43.351261138916,-8.52544784545898,"Unknown"
"7014853",371857,2025-07-12 07:05:44,43.3544654846191,-8.49026870727539,"Unknown"
"7014853",371857,2025-07-12 07:10:45,43.356388092041,-8.45694351196289,"Unknown"
"7014853",371857,2025-07-12 07:15:46,43.3563537597656,-8.45698356628418,"Unknown"
"7014853",371857,2025-07-12 07:20:46,43.3563575744629,-8.45688724517822,"Unknown"
"7014853",371857,2025-07-12 07:25:46,43.3563385009766,-8.45706939697266,"Unknown"
"7014853",371857,2025-07-12 07:30:47,43.356330871582,-8.45711898803711,"Unknown"
"7014853",371857,2025-07-12 07:35:47,43.3563270568848,-8.45728015899658,"Unknown"
"7014853",371857,2025-07-12 07:40:48,43.3566131591797,-8.45745086669922,"Unknown"
"7014853",371857,2025-07-12 07:46:11,43.3560791015625,-8.4568920135498,"Unknown"
"7014853",371857,2025-07-12 07:51:01,43.355842590332,-8.45690822601318,"Unknown"
"7014853",371857,2025-07-12 07:56:00,43.3560371398926,-8.45741367340088,"Unknown"
"7014853",371857,2025-07-12 08:01:12,43.3565101623535,-8.45670795440674,"Unknown"
"7014853",371857,2025-07-12 08:06:12,43.3573875427246,-8.45693874359131,"Unknown"
"7014853",371857,2025-07-12 08:11:37,43.3564109802246,-8.45663452148438,"Unknown"
"7014853",371857,2025-07-12 08:15:53,43.3564758300781,-8.45656108856201,"Unknown"
"7014853",371857,2025-07-12 08:21:06,43.356616973877,-8.45660018920898,"Unknown"
"7014853",371857,2025-07-12 08:26:03,43.3565979003906,-8.45686626434326,"Unknown"
"7014853",371857,2025-07-12 08:30:58,43.3565940856934,-8.45672702789307,"Unknown"
"7014853",371857,2025-07-12 08:36:05,43.3405532836914,-8.45362663269043,"Unknown"
"7014853",371857,2025-07-12 08:41:17,43.3409423828125,-8.4540843963623,"Unknown"
"7014853",371857,2025-07-12 08:45:53,43.3408164978027,-8.45423126220703,"Unknown"
"7014853",371857,2025-07-12 08:50:53,43.3416557312012,-8.45255088806152,"Unknown"
"7014853",371857,2025-07-12 08:55:54,43.3412895202637,-8.4523983001709,"Unknown"
"7014853",371857,2025-07-12 09:00:54,43.3413887023926,-8.45246124267578,"Unknown"
"7014853",371857,2025-07-12 09:05:48,43.3414421081543,-8.45274543762207,"Unknown"
"7014853",371857,2025-07-12 09:10:54,43.3412704467773,-8.45243453979492,"Unknown"
"7014853",371857,2025-07-12 09:15:54,43.3413352966309,-8.45234298706055,"Unknown"
"7014853",371857,2025-07-12 09:20:49,43.3413124084473,-8.45235347747803,"Unknown"
"7014853",371857,2025-07-12 09:25:45,43.3412971496582,-8.45351505279541,"Unknown"
"7014853",371857,2025-07-12 09:30:54,43.3410377502441,-8.45231246948242,"Unknown"
"7014853",371857,2025-07-12 09:35:44,43.3565673828125,-8.45659065246582,"Unknown"
"7014853",371857,2025-07-12 09:40:52,43.3566360473633,-8.45675468444824,"Unknown"
"7014853",371857,2025-07-12 09:45:48,43.3567390441895,-8.45674133300781,"Unknown"
"7014853",371857,2025-07-12 09:50:54,43.3566741943359,-8.45677661895752,"Unknown"
"7014853",371857,2025-07-12 09:55:47,43.3566589355469,-8.45708274841309,"Unknown"
"7014853",371857,2025-07-12 10:00:48,43.3565521240234,-8.45670795440674,"Unknown"
"7014853",371857,2025-07-12 10:06:14,43.3536605834961,-8.4586935043335,"Unknown"
"7014853",371857,2025-07-12 10:11:04,43.3538131713867,-8.45841407775879,"Unknown"
"7014853",371857,2025-07-12 10:15:57,43.3537368774414,-8.45889091491699,"Unknown"
"7014853",371857,2025-07-12 10:20:46,43.353931427002,-8.45899295806885,"Unknown"
"7014853",371857,2025-07-12 10:25:49,43.3539085388184,-8.45854568481445,"Unknown"
"7014853",371857,2025-07-12 10:30:47,43.353588104248,-8.45859622955322,"Unknown"
"7014853",371857,2025-07-12 10:45:45,43.3499488830566,-8.45490741729736,"Unknown"
"7014853",371857,2025-07-12 10:50:51,43.3407135009766,-8.45308876037598,"Unknown"
"7014853",371857,2025-07-12 10:55:45,43.3441543579102,-8.44874858856201,"Unknown"
"7014853",371857,2025-07-12 11:00:47,43.3504791259766,-8.4785852432251,"Unknown"
"7014853",371857,2025-07-12 11:05:45,43.3458709716797,-8.52665615081787,"Unknown"
"7014853",371857,2025-07-12 11:10:46,43.3389587402344,-8.55062770843506,"Unknown"
"7014853",371857,2025-07-12 11:15:47,43.3294334411621,-8.58333778381348,"Unknown"
"7014853",371857,2025-07-12 11:20:46,43.3290863037109,-8.6236047744751,"Unknown"
"7014853",371857,2025-07-12 11:25:44,43.3214416503906,-8.66632652282715,"Unknown"
"7014853",371857,2025-07-12 11:30:45,43.3077354431152,-8.70364665985107,"Unknown"
"7014853",371857,2025-07-12 11:35:44,43.3029327392578,-8.73508644104004,"Unknown"
"7014853",371857,2025-07-12 11:40:45,43.3079528808594,-8.77456092834473,"Unknown"
"7014853",371857,2025-07-12 11:45:44,43.3195457458496,-8.80609226226807,"Unknown"
"7014853",371857,2025-07-12 11:50:44,43.3341369628906,-8.82654190063477,"Unknown"
"7014853",371857,2025-07-12 11:55:44,43.3605690002441,-8.8360710144043,"Unknown"
"7014853",371857,2025-07-12 12:00:46,43.3600883483887,-8.84240627288818,"Unknown"
"7014853",371857,2025-07-12 12:05:46,43.3594436645508,-8.84343147277832,"Unknown"
"7014853",371857,2025-07-12 12:10:45,43.3595428466797,-8.84341430664062,"Unknown"
"7014853",371857,2025-07-12 12:15:44,43.3594665527344,-8.84354686737061,"Unknown"
"7014853",371857,2025-07-12 12:20:44,43.3596153259277,-8.84336853027344,"Unknown"
"7014853",371857,2025-07-12 12:25:47,43.3598175048828,-8.84294509887695,"Unknown"
"7014853",371857,2025-07-12 12:30:48,43.3595504760742,-8.84341335296631,"Unknown"
"7014853",371857,2025-07-12 12:35:49,43.3596687316895,-8.84317493438721,"Unknown"
"7014853",371857,2025-07-12 12:40:48,43.359504699707,-8.84360885620117,"Unknown"
"7014853",371857,2025-07-12 12:45:46,43.3594245910645,-8.84367084503174,"Unknown"
"7014853",371857,2025-07-12 12:50:44,43.3594703674316,-8.84353923797607,"Unknown"
"7014853",371857,2025-07-12 12:55:46,43.3594970703125,-8.84351253509521,"Unknown"
"7014853",371857,2025-07-12 13:00:46,43.3594207763672,-8.84353637695312,"Unknown"
"7014853",371857,2025-07-12 13:05:47,43.3593635559082,-8.84350967407227,"Unknown"
"7014853",371857,2025-07-12 13:10:45,43.3592948913574,-8.8435697555542,"Unknown"
"7014853",371857,2025-07-12 13:15:46,43.3592910766602,-8.84358215332031,"Unknown"
"7014853",371857,2025-07-12 13:20:48,43.359203338623,-8.84340572357178,"Unknown"
"7014853",371857,2025-07-12 13:25:53,43.3594551086426,-8.84359073638916,"Unknown"
"7014853",371857,2025-07-12 13:30:49,43.3593139648438,-8.84334945678711,"Unknown"
"7014853",371857,2025-07-12 13:35:46,43.3590126037598,-8.84322357177734,"Unknown"
"7014853",371857,2025-07-12 13:40:49,43.3591613769531,-8.84317970275879,"Unknown"
"7014853",371857,2025-07-12 13:45:47,43.3592109680176,-8.84328079223633,"Unknown"
"7014853",371857,2025-07-12 13:50:54,43.3593940734863,-8.84303188323975,"Unknown"
"7014853",371857,2025-07-12 13:55:51,43.3593444824219,-8.84324741363525,"Unknown"
"7014853",371857,2025-07-12 14:00:46,43.3593254089355,-8.8433837890625,"Unknown"
"7014853",371857,2025-07-12 14:05:57,43.359203338623,-8.8438024520874,"Unknown"
"7014853",371857,2025-07-12 14:10:51,43.3590888977051,-8.84392547607422,"Unknown"
"7014853",371857,2025-07-12 14:15:48,43.3591804504395,-8.84369373321533,"Unknown"
"7014853",371857,2025-07-12 14:20:47,43.3591156005859,-8.84375858306885,"Unknown"
"7014853",371857,2025-07-12 14:25:47,43.3590888977051,-8.84383773803711,"Unknown"
"7014853",371857,2025-07-12 14:30:46,43.3590888977051,-8.84388542175293,"Unknown"
"7014853",371857,2025-07-12 14:35:46,43.359073638916,-8.84386825561523,"Unknown"
"7014853",371857,2025-07-12 14:40:46,43.3591423034668,-8.84369087219238,"Unknown"
"7014853",371857,2025-07-12 14:45:46,43.3590469360352,-8.84385681152344,"Unknown"
"7014853",371857,2025-07-12 14:50:47,43.3591346740723,-8.84366989135742,"Unknown"
"7014853",371857,2025-07-12 14:55:47,43.3591270446777,-8.84372806549072,"Unknown"
"7014853",371857,2025-07-12 15:00:46,43.3590850830078,-8.84376430511475,"Unknown"
"7014853",371857,2025-07-12 15:05:46,43.3590888977051,-8.84383869171143,"Unknown"
"7014853",371857,2025-07-12 15:10:46,43.3594779968262,-8.84347438812256,"Unknown"
"7014853",371857,2025-07-12 15:15:48,43.3593063354492,-8.84365940093994,"Unknown"
"7014853",371857,2025-07-12 15:20:47,43.3590393066406,-8.84383487701416,"Unknown"
"7014853",371857,2025-07-12 15:25:47,43.359188079834,-8.84351444244385,"Unknown"
"7014853",371857,2025-07-12 15:30:48,43.3593635559082,-8.84357261657715,"Unknown"
"7014853",371857,2025-07-12 15:35:47,43.3593559265137,-8.84370708465576,"Unknown"
"7014853",371857,2025-07-12 15:40:46,43.3590278625488,-8.8437385559082,"Unknown"
"7014853",371857,2025-07-12 15:45:47,43.3594932556152,-8.84352397918701,"Unknown"
"7014853",371857,2025-07-12 15:50:47,43.3594627380371,-8.84360504150391,"Unknown"
"7014853",371857,2025-07-12 15:55:47,43.3594665527344,-8.84353446960449,"Unknown"
"7014853",371857,2025-07-12 16:00:47,43.3595809936523,-8.84390068054199,"Unknown"
"7014853",371857,2025-07-12 16:05:47,43.359375,-8.84354877471924,"Unknown"
"7014853",371857,2025-07-12 16:10:46,43.3594818115234,-8.84356880187988,"Unknown"
"7014853",371857,2025-07-12 16:15:46,43.359504699707,-8.84365653991699,"Unknown"
"7014853",371857,2025-07-12 16:20:47,43.3595733642578,-8.84370136260986,"Unknown"
"7014853",371857,2025-07-12 16:25:46,43.3595581054688,-8.84377574920654,"Unknown"
"7014853",371857,2025-07-12 16:30:46,43.3636894226074,-8.84676361083984,"Unknown"
"7014853",371857,2025-07-12 16:35:46,43.3801956176758,-8.80786991119385,"Unknown"
"7014853",371857,2025-07-12 16:40:46,43.3678512573242,-8.74606800079346,"Unknown"
"7014853",371857,2025-07-12 16:45:49,43.3646697998047,-8.69474411010742,"Unknown"
"7014853",371857,2025-07-12 16:50:48,43.364818572998,-8.69395446777344,"Unknown"
"7014853",371857,2025-07-12 16:55:47,43.3646392822266,-8.69266796112061,"Unknown"
"7014853",371857,2025-07-12 17:00:47,43.364673614502,-8.69227600097656,"Unknown"
"7014853",371857,2025-07-12 17:05:48,43.3647994995117,-8.69224643707275,"Unknown"
"7014853",371857,2025-07-12 17:10:46,43.3647918701172,-8.69413471221924,"Unknown"
"7014853",371857,2025-07-12 17:15:48,43.3645515441895,-8.69421005249023,"Unknown"
"7014853",371857,2025-07-12 17:20:48,43.3638725280762,-8.69313907623291,"Unknown"
"7014853",371857,2025-07-12 17:25:46,43.3608360290527,-8.7020845413208,"Unknown"
"7014853",371857,2025-07-12 17:30:47,43.3468399047852,-8.72217082977295,"Unknown"
"7014853",371857,2025-07-12 17:35:47,43.3203201293945,-8.72903156280518,"Unknown"
"7014853",371857,2025-07-12 17:40:47,43.2942428588867,-8.73332786560059,"Unknown"
"7014853",371857,2025-07-12 17:46:03,43.2942161560059,-8.7335033416748,"Unknown"
"7014853",371857,2025-07-12 17:50:52,43.294132232666,-8.73359775543213,"Unknown"
"7014853",371857,2025-07-12 17:55:48,43.2939414978027,-8.74294662475586,"Unknown"
"7014853",371857,2025-07-12 18:00:48,43.2994689941406,-8.7613525390625,"Unknown"
"7014853",371857,2025-07-12 18:05:48,43.3088340759277,-8.78950881958008,"Unknown"
"7014853",371857,2025-07-12 18:10:47,43.3253479003906,-8.80892086029053,"Unknown"
"7014853",371857,2025-07-12 18:15:48,43.3400535583496,-8.8270959854126,"Unknown"
"7014853",371857,2025-07-12 18:20:49,43.3620986938477,-8.8375768661499,"Unknown"
"7014853",371857,2025-07-12 18:25:51,43.3595161437988,-8.84375953674316,"Unknown"
"7014853",371857,2025-07-12 18:30:49,43.359489440918,-8.84378242492676,"Unknown"
"7014853",371857,2025-07-12 18:35:50,43.3594131469727,-8.84371089935303,"Unknown"
"7014853",371857,2025-07-12 18:40:53,43.3594093322754,-8.8437671661377,"Unknown"
"7014853",371857,2025-07-12 18:46:01,43.3593673706055,-8.84379386901855,"Unknown"
"7014853",371857,2025-07-12 18:51:14,43.359302520752,-8.84342479705811,"Unknown"
"7014853",371857,2025-07-12 18:55:48,43.3593482971191,-8.84345245361328,"Unknown"
"7014853",371857,2025-07-12 19:00:48,43.359546661377,-8.84334182739258,"Unknown"
"7014853",371857,2025-07-12 19:05:55,43.3594017028809,-8.84352207183838,"Unknown"
"7014853",371857,2025-07-12 19:10:51,43.359748840332,-8.8433780670166,"Unknown"
"7014853",371857,2025-07-12 19:15:49,43.3593978881836,-8.84350490570068,"Unknown"
"7014853",371857,2025-07-12 19:20:49,43.3595352172852,-8.8436279296875,"Unknown"
"7014853",371857,2025-07-12 19:25:49,43.3593292236328,-8.84356498718262,"Unknown"
"7014853",371857,2025-07-12 19:30:49,43.359375,-8.84360694885254,"Unknown"
"7014853",371857,2025-07-12 19:35:49,43.3594284057617,-8.84364414215088,"Unknown"
"7014853",371857,2025-07-12 19:40:49,43.359504699707,-8.84377670288086,"Unknown"
"7014853",371857,2025-07-12 19:45:49,43.3596038818359,-8.8442211151123,"Unknown"
"7014853",371857,2025-07-12 19:50:52,43.3720817565918,-8.85919761657715,"Unknown"
"7014853",371857,2025-07-12 19:55:53,43.3714828491211,-8.85952758789062,"Unknown"
"7014853",371857,2025-07-12 20:01:23,43.3719596862793,-8.86072063446045,"Unknown"
"7014853",371857,2025-07-12 20:05:53,43.3727569580078,-8.86136341094971,"Unknown"
"7014853",371857,2025-07-12 20:10:51,43.3760566711426,-8.88259410858154,"Unknown"
"7014853",371857,2025-07-12 20:15:53,43.3735389709473,-8.88552951812744,"Unknown"
"7014853",371857,2025-07-12 20:20:49,43.3777961730957,-8.88607311248779,"Unknown"
"7014853",371857,2025-07-12 20:25:52,43.3785095214844,-8.88690757751465,"Unknown"
"7014853",371857,2025-07-12 20:30:50,43.3787574768066,-8.88769721984863,"Unknown"
"7014853",371857,2025-07-12 20:35:50,43.3791427612305,-8.88830280303955,"Unknown"
"7014853",371857,2025-07-12 20:40:49,43.3902893066406,-8.87804508209229,"Unknown"
"7014853",371857,2025-07-12 20:45:48,43.3760948181152,-8.86036968231201,"Unknown"
"7014853",371857,2025-07-12 20:50:49,43.3590278625488,-8.84249687194824,"Unknown"
"7014853",371857,2025-07-12 20:55:50,43.3593330383301,-8.84311962127686,"Unknown"
"7014853",371857,2025-07-12 21:01:08,43.3592491149902,-8.84335517883301,"Unknown"
"7014853",371857,2025-07-13 02:01:35,43.359188079834,-8.84356307983398,"Unknown"
"7014853",371857,2025-07-13 05:12:17,43.3349723815918,-8.65631008148193,"Unknown"
"7014853",371857,2025-07-13 05:17:15,43.3363876342773,-8.6436882019043,"Unknown"
"7014853",371857,2025-07-13 05:22:14,43.3384246826172,-8.61209678649902,"Unknown"
"7014853",371857,2025-07-13 05:27:14,43.3376579284668,-8.61211681365967,"Unknown"
"7014853",371857,2025-07-13 05:32:13,43.336555480957,-8.61336040496826,"Unknown"
"7014853",371857,2025-07-13 05:42:17,43.3356704711914,-8.56831359863281,"Unknown"
"7014853",371857,2025-07-13 05:47:21,43.3356285095215,-8.55216979980469,"Unknown"
"7014853",371857,2025-07-13 05:52:17,43.3460311889648,-8.54606342315674,"Unknown"
"7014853",371857,2025-07-13 05:57:15,43.3472595214844,-8.531174659729,"Unknown"
"7014853",371857,2025-07-13 06:02:19,43.3477439880371,-8.52834701538086,"Unknown"
"7014853",371857,2025-07-13 06:07:14,43.3456230163574,-8.52959251403809,"Unknown"
"7014853",371857,2025-07-13 06:12:14,43.3465118408203,-8.5657262802124,"Unknown"
"7014853",371857,2025-07-13 06:17:14,43.3442001342773,-8.58429622650146,"Unknown"
"7014853",371857,2025-07-13 06:22:14,43.3442649841309,-8.61094188690186,"Unknown"
"7014853",371857,2025-07-13 06:27:14,43.3438453674316,-8.64514446258545,"Unknown"
"7014853",371857,2025-07-13 06:32:14,43.3411178588867,-8.67952156066895,"Unknown"
"7014853",371857,2025-07-13 06:37:14,43.3405265808105,-8.7201042175293,"Unknown"
"7014853",371857,2025-07-13 06:42:14,43.3435592651367,-8.75742816925049,"Unknown"
"7014853",371857,2025-07-13 06:47:14,43.3501052856445,-8.7977123260498,"Unknown"
"7014853",371857,2025-07-13 06:52:14,43.3602027893066,-8.83486557006836,"Unknown"
"7014853",371857,2025-07-13 06:57:15,43.3591537475586,-8.84355354309082,"Unknown"
"7014853",371857,2025-07-13 07:02:16,43.3591918945312,-8.84365749359131,"Unknown"
"7014853",371857,2025-07-13 07:07:14,43.3591842651367,-8.84377193450928,"Unknown"
"7014853",371857,2025-07-13 07:12:16,43.3586959838867,-8.84363079071045,"Unknown"
"7014853",371857,2025-07-13 07:17:15,43.3588562011719,-8.84361839294434,"Unknown"
"7014853",371857,2025-07-13 07:22:15,43.3592491149902,-8.84342098236084,"Unknown"
"7014853",371857,2025-07-13 07:27:14,43.359016418457,-8.84342765808105,"Unknown"
"7014853",371857,2025-07-13 07:32:15,43.3589782714844,-8.84337520599365,"Unknown"
"7014853",371857,2025-07-13 07:37:17,43.3589210510254,-8.84331035614014,"Unknown"
"7014853",371857,2025-07-13 07:42:14,43.3588752746582,-8.84311485290527,"Unknown"
"7014853",371857,2025-07-13 07:47:16,43.3589935302734,-8.8431339263916,"Unknown"
"7014853",371857,2025-07-13 07:52:19,43.3591232299805,-8.84321117401123,"Unknown"
"7014853",371857,2025-07-13 07:57:15,43.3587379455566,-8.84272861480713,"Unknown"
"7014853",371857,2025-07-13 08:02:16,43.3590507507324,-8.84317302703857,"Unknown"
"7014853",371857,2025-07-13 08:07:16,43.3596458435059,-8.84359550476074,"Unknown"
"7014853",371857,2025-07-13 08:12:24,43.3592071533203,-8.84353637695312,"Unknown"
"7014853",371857,2025-07-13 08:17:15,43.3590507507324,-8.84330368041992,"Unknown"
"7014853",371857,2025-07-13 08:22:15,43.3591384887695,-8.843430519104,"Unknown"
"7014853",371857,2025-07-13 08:27:16,43.3592376708984,-8.84456634521484,"Unknown"
"7014853",371857,2025-07-13 08:32:44,43.3591270446777,-8.84371185302734,"Unknown"
"7014853",371857,2025-07-13 08:37:14,43.3591575622559,-8.84419250488281,"Unknown"
"7014853",371857,2025-07-13 08:42:24,43.3587837219238,-8.8455057144165,"Unknown"
"7014853",371857,2025-07-13 08:47:14,43.3570785522461,-8.83184432983398,"Unknown"
"7014853",371857,2025-07-13 08:52:24,43.3540229797363,-8.77962779998779,"Unknown"
"7014853",371857,2025-07-13 08:57:14,43.3555221557617,-8.74193382263184,"Unknown"
"7014853",371857,2025-07-13 09:02:14,43.3691177368164,-8.70431613922119,"Unknown"
"7014853",371857,2025-07-13 09:07:15,43.3739433288574,-8.70046234130859,"Unknown"
"7014853",371857,2025-07-13 09:12:14,43.3736991882324,-8.70035362243652,"Unknown"
"7014853",371857,2025-07-13 09:17:24,43.3747940063477,-8.70022487640381,"Unknown"
"7014853",371857,2025-07-13 09:22:30,43.3755722045898,-8.69959735870361,"Unknown"
"7014853",371857,2025-07-13 09:27:15,43.3757553100586,-8.69894409179688,"Unknown"
"7014853",371857,2025-07-13 09:33:35,43.3759231567383,-8.69785976409912,"Unknown"
"7014853",371857,2025-07-13 09:37:14,43.37744140625,-8.69788455963135,"Unknown"
"7014853",371857,2025-07-13 09:42:14,43.3776626586914,-8.69814109802246,"Unknown"
"7014853",371857,2025-07-13 09:47:15,43.3780097961426,-8.69800758361816,"Unknown"
"7014853",371857,2025-07-13 09:52:14,43.3775596618652,-8.69803333282471,"Unknown"
"7014853",371857,2025-07-13 09:57:14,43.3771781921387,-8.70116806030273,"Unknown"
"7014853",371857,2025-07-13 10:02:15,43.3753471374512,-8.69944190979004,"Unknown"
"7014853",371857,2025-07-13 10:07:15,43.3753128051758,-8.69919872283936,"Unknown"
"7014853",371857,2025-07-13 10:12:14,43.3725547790527,-8.70873737335205,"Unknown"
"7014853",371857,2025-07-13 10:17:17,43.3732032775879,-8.71171092987061,"Unknown"
"7014853",371857,2025-07-13 10:22:14,43.3736267089844,-8.7173376083374,"Unknown"
"7014853",371857,2025-07-13 10:27:14,43.3525772094727,-8.73372650146484,"Unknown"
"7014853",371857,2025-07-13 10:32:14,43.3264617919922,-8.74197101593018,"Unknown"
"7014853",371857,2025-07-13 10:37:16,43.3151817321777,-8.7594108581543,"Unknown"
"7014853",371857,2025-07-13 10:42:14,43.294376373291,-8.73827266693115,"Unknown"
"7014853",371857,2025-07-13 10:47:15,43.294490814209,-8.74013328552246,"Unknown"
"7014853",371857,2025-07-13 10:52:14,43.3039970397949,-8.77216053009033,"Unknown"
"7014853",371857,2025-07-13 10:57:14,43.3177680969238,-8.786376953125,"Unknown"
"7014853",371857,2025-07-13 11:02:14,43.3277816772461,-8.80886554718018,"Unknown"
"7014853",371857,2025-07-13 11:07:14,43.3424987792969,-8.82141304016113,"Unknown"
"7014853",371857,2025-07-13 11:12:24,43.362060546875,-8.83917236328125,"Unknown"
"7014853",371857,2025-07-13 11:17:21,43.3594627380371,-8.84365081787109,"Unknown"
"7014853",371857,2025-07-13 11:22:15,43.3590278625488,-8.84364604949951,"Unknown"
"7014853",371857,2025-07-13 11:27:22,43.3591804504395,-8.84348201751709,"Unknown"
"7014853",371857,2025-07-13 11:32:15,43.3592796325684,-8.84352207183838,"Unknown"
"7014853",371857,2025-07-13 11:37:32,43.359130859375,-8.84349727630615,"Unknown"
"7014853",371857,2025-07-13 11:42:15,43.3592224121094,-8.84349822998047,"Unknown"
"7014853",371857,2025-07-13 11:47:15,43.3591537475586,-8.84335136413574,"Unknown"
"7014853",371857,2025-07-13 11:52:17,43.3590850830078,-8.84331321716309,"Unknown"
"7014853",371857,2025-07-13 11:57:15,43.3592948913574,-8.84349822998047,"Unknown"
"7014853",371857,2025-07-13 12:02:16,43.3591690063477,-8.84342288970947,"Unknown"
"7014853",371857,2025-07-13 12:07:16,43.3590354919434,-8.84343242645264,"Unknown"
"7014853",371857,2025-07-13 12:12:16,43.359016418457,-8.84346103668213,"Unknown"
"7014853",371857,2025-07-13 12:17:15,43.3593444824219,-8.8433952331543,"Unknown"
"7014853",371857,2025-07-13 12:22:17,43.3591117858887,-8.84339714050293,"Unknown"
"7014853",371857,2025-07-13 12:27:15,43.3592071533203,-8.84349250793457,"Unknown"
"7014853",371857,2025-07-13 12:32:16,43.3592262268066,-8.84346199035645,"Unknown"
"7014853",371857,2025-07-13 12:37:21,43.3592987060547,-8.84358882904053,"Unknown"
"7014853",371857,2025-07-13 12:42:16,43.3593063354492,-8.84348392486572,"Unknown"
"7014853",371857,2025-07-13 12:47:15,43.3591232299805,-8.84339141845703,"Unknown"
"7014853",371857,2025-07-13 12:52:16,43.359203338623,-8.84341812133789,"Unknown"
"7014853",371857,2025-07-13 12:57:25,43.3591461181641,-8.84333992004395,"Unknown"
"7014853",371857,2025-07-13 13:02:17,43.3592109680176,-8.8433256149292,"Unknown"
"7014853",371857,2025-07-13 13:07:21,43.3591575622559,-8.84337043762207,"Unknown"
"7014853",371857,2025-07-13 13:12:21,43.359188079834,-8.8433723449707,"Unknown"
"7014853",371857,2025-07-13 13:17:17,43.3591957092285,-8.84287452697754,"Unknown"
"7014853",371857,2025-07-13 13:22:24,43.3591575622559,-8.84335899353027,"Unknown"
"7014853",371857,2025-07-13 13:27:18,43.3591117858887,-8.84315013885498,"Unknown"
"7014853",371857,2025-07-13 13:32:21,43.3593711853027,-8.84341621398926,"Unknown"
"7014853",371857,2025-07-13 13:37:17,43.3592948913574,-8.84371566772461,"Unknown"
"7014853",371857,2025-07-13 13:42:21,43.359561920166,-8.84321689605713,"Unknown"
"7014853",371857,2025-07-13 13:47:22,43.3594131469727,-8.84350872039795,"Unknown"
"7014853",371857,2025-07-13 13:52:23,43.3597526550293,-8.84278869628906,"Unknown"
"7014853",371857,2025-07-13 13:57:18,43.3593788146973,-8.84364604949951,"Unknown"
"7014853",371857,2025-07-13 14:02:27,43.3597373962402,-8.84289264678955,"Unknown"
"7014853",371857,2025-07-13 14:07:24,43.3594169616699,-8.84350967407227,"Unknown"
"7014853",371857,2025-07-13 14:12:24,43.3594703674316,-8.84341049194336,"Unknown"
"7014853",371857,2025-07-13 14:17:16,43.3596229553223,-8.8429479598999,"Unknown"
"7014853",371857,2025-07-13 14:22:35,43.3590621948242,-8.84410381317139,"Unknown"
"7014853",371857,2025-07-13 14:27:15,43.3696403503418,-8.8467321395874,"Unknown"
"7014853",371857,2025-07-13 14:32:14,43.3769874572754,-8.79915618896484,"Unknown"
"7014853",371857,2025-07-13 14:37:15,43.3747253417969,-8.78123378753662,"Unknown"
"7014853",371857,2025-07-13 14:42:15,43.3712615966797,-8.79028224945068,"Unknown"
"7014853",371857,2025-07-13 14:47:15,43.3615493774414,-8.81326675415039,"Unknown"
"7014853",371857,2025-07-13 14:52:16,43.3606147766113,-8.84551620483398,"Unknown"
"7014853",371857,2025-07-13 14:57:16,43.3592643737793,-8.84343242645264,"Unknown"
"7014853",371857,2025-07-13 15:02:21,43.359130859375,-8.84378910064697,"Unknown"
"7014853",371857,2025-07-13 15:07:18,43.3591461181641,-8.84316635131836,"Unknown"
"7014853",371857,2025-07-13 15:12:22,43.3590698242188,-8.84348106384277,"Unknown"
"7014853",371857,2025-07-13 15:17:16,43.3591690063477,-8.84347724914551,"Unknown"
"7014853",371857,2025-07-13 15:22:15,43.3592224121094,-8.84336280822754,"Unknown"
"7014853",371857,2025-07-13 15:27:15,43.3591117858887,-8.84342670440674,"Unknown"
"7014853",371857,2025-07-13 15:32:15,43.3591003417969,-8.84353733062744,"Unknown"
"7014853",371857,2025-07-13 15:37:16,43.3590087890625,-8.84360694885254,"Unknown"
"7014853",371857,2025-07-13 15:42:15,43.3590316772461,-8.84352874755859,"Unknown"
"7014853",371857,2025-07-13 15:47:22,43.3590049743652,-8.84397315979004,"Unknown"
"7014853",371857,2025-07-13 15:52:16,43.3589706420898,-8.84348487854004,"Unknown"
"7014853",371857,2025-07-13 15:57:16,43.3589859008789,-8.84340763092041,"Unknown"
"7014853",371857,2025-07-13 16:02:16,43.3588714599609,-8.84351921081543,"Unknown"
"7014853",371857,2025-07-13 16:07:17,43.3589897155762,-8.84348392486572,"Unknown"
"7014853",371857,2025-07-13 16:12:16,43.359016418457,-8.84374713897705,"Unknown"
"7014853",371857,2025-07-13 16:17:16,43.359016418457,-8.84368515014648,"Unknown"
"7014853",371857,2025-07-13 16:22:15,43.3589706420898,-8.84354114532471,"Unknown"
"7014853",371857,2025-07-13 16:27:15,43.359016418457,-8.84358978271484,"Unknown"
"7014853",371857,2025-07-13 16:32:15,43.3589973449707,-8.84368515014648,"Unknown"
"7014853",371857,2025-07-13 16:37:15,43.3590316772461,-8.84370708465576,"Unknown"
"7014853",371857,2025-07-13 16:42:15,43.3539619445801,-8.815842628479,"Unknown"
"7014853",371857,2025-07-13 16:47:16,43.359073638916,-8.77981567382812,"Unknown"
"7014853",371857,2025-07-13 16:52:15,43.3645401000977,-8.75049495697021,"Unknown"
"7014853",371857,2025-07-13 16:57:15,43.3649024963379,-8.71728420257568,"Unknown"
"7014853",371857,2025-07-13 17:02:23,43.3655776977539,-8.69844627380371,"Unknown"
"7014853",371857,2025-07-13 17:07:17,43.3651580810547,-8.69833087921143,"Unknown"
"7014853",371857,2025-07-13 17:12:18,43.3646240234375,-8.69728660583496,"Unknown"
"7014853",371857,2025-07-13 17:17:17,43.3638496398926,-8.69629383087158,"Unknown"
"7014853",371857,2025-07-13 17:22:17,43.3640174865723,-8.69614315032959,"Unknown"
"7014853",371857,2025-07-13 17:27:16,43.362735748291,-8.6958589553833,"Unknown"
"7014853",371857,2025-07-13 17:32:17,43.3608016967773,-8.69200801849365,"Unknown"
"7014853",371857,2025-07-13 17:37:15,43.3575019836426,-8.68435764312744,"Unknown"
"7014853",371857,2025-07-13 17:42:15,43.3436012268066,-8.64988994598389,"Unknown"
"7014853",371857,2025-07-13 17:47:16,43.3485374450684,-8.61614036560059,"Unknown"
"7014853",371857,2025-07-13 17:52:16,43.3589935302734,-8.5758056640625,"Unknown"
"7014853",371857,2025-07-13 17:57:16,43.3589706420898,-8.53365802764893,"Unknown"
"7014853",371857,2025-07-13 18:02:16,43.370792388916,-8.49106407165527,"Unknown"
"7014853",371857,2025-07-13 18:07:16,43.3568992614746,-8.45765209197998,"Unknown"
"7014853",371857,2025-07-13 18:12:18,43.3565216064453,-8.45711040496826,"Unknown"
"7014853",371857,2025-07-13 18:17:23,43.3564987182617,-8.45733833312988,"Unknown"
"7014853",371857,2025-07-13 18:22:17,43.3557777404785,-8.45750713348389,"Unknown"
"7014853",371857,2025-07-13 18:27:21,43.3566131591797,-8.45695018768311,"Unknown"
"7014853",371857,2025-07-13 18:32:16,43.356517791748,-8.45677280426025,"Unknown"
"7014853",371857,2025-07-13 18:37:17,43.3568420410156,-8.45692539215088,"Unknown"
"7014853",371857,2025-07-13 18:42:16,43.3566970825195,-8.45695209503174,"Unknown"
"7014853",371857,2025-07-13 18:47:47,43.3566474914551,-8.4568977355957,"Unknown"
"7014853",371857,2025-07-13 18:52:16,43.3566665649414,-8.45674896240234,"Unknown"
"7014853",371857,2025-07-13 18:57:16,43.3557929992676,-8.45686531066895,"Unknown"
"7014853",371857,2025-07-13 19:02:16,43.356388092041,-8.45695495605469,"Unknown"
"7014853",371857,2025-07-13 19:07:35,43.3564529418945,-8.45690631866455,"Unknown"
"7014853",371857,2025-07-13 19:12:19,43.3563804626465,-8.45689105987549,"Unknown"
"7014853",371857,2025-07-13 19:17:17,43.3565635681152,-8.4569091796875,"Unknown"
"7014853",371857,2025-07-13 19:22:22,43.3565216064453,-8.45695114135742,"Unknown"
"7014853",371857,2025-07-13 19:27:18,43.3565559387207,-8.45705318450928,"Unknown"
"7014853",371857,2025-07-13 19:32:35,43.3565139770508,-8.45703506469727,"Unknown"
"7014853",371857,2025-07-13 19:37:24,43.3521919250488,-8.47794342041016,"Unknown"
"7014853",371857,2025-07-13 19:42:25,43.3522911071777,-8.47795963287354,"Unknown"
"7014853",371857,2025-07-13 19:47:16,43.3672790527344,-8.48161697387695,"Unknown"
"7014853",371857,2025-07-13 19:52:16,43.3681106567383,-8.48170852661133,"Unknown"
"7014853",371857,2025-07-13 19:57:16,43.3703727722168,-8.48185157775879,"Unknown"
"7014853",371857,2025-07-13 20:02:18,43.3710556030273,-8.48141002655029,"Unknown"
"7014853",371857,2025-07-13 20:07:22,43.3714065551758,-8.48077297210693,"Unknown"
"7014853",371857,2025-07-13 20:12:17,43.3717193603516,-8.48013877868652,"Unknown"
"7014853",371857,2025-07-13 20:17:19,43.371711730957,-8.47994899749756,"Unknown"
"7014853",371857,2025-07-13 20:22:22,43.3730545043945,-8.47874164581299,"Unknown"
"7014853",371857,2025-07-13 20:27:21,43.3734436035156,-8.47811412811279,"Unknown"
"7014853",371857,2025-07-13 20:32:19,43.3739738464355,-8.47896385192871,"Unknown"
"7014853",371857,2025-07-13 20:37:19,43.374153137207,-8.47797393798828,"Unknown"
"7014853",371857,2025-07-13 20:42:16,43.3847999572754,-8.46339988708496,"Unknown"
"7014853",371857,2025-07-13 20:47:16,43.3893089294434,-8.46061515808105,"Unknown"
"7014853",371857,2025-07-13 20:52:24,43.3894920349121,-8.46152687072754,"Unknown"
"7014853",371857,2025-07-13 20:58:56,43.3895874023438,-8.45895004272461,"Unknown"
"7014853",371857,2025-07-14 01:58:57,43.3588752746582,-8.39122676849365,"Unknown"
"7014853",371857,2025-07-14 05:11:53,43.3554306030273,-8.45716857910156,"Unknown"
"7014853",371857,2025-07-14 05:16:44,43.3525619506836,-8.47741508483887,"Unknown"
"7014853",371857,2025-07-14 05:21:41,43.3526153564453,-8.47703838348389,"Unknown"
"7014853",371857,2025-07-14 05:26:41,43.3527984619141,-8.47698879241943,"Unknown"
"7014853",371857,2025-07-14 05:31:24,43.366340637207,-8.50917530059814,"Unknown"
"7014853",371857,2025-07-14 05:36:24,43.3651657104492,-8.54717826843262,"Unknown"
"7014853",371857,2025-07-14 05:41:24,43.3563766479492,-8.57150173187256,"Unknown"
"7014853",371857,2025-07-14 05:46:29,43.3518943786621,-8.60470008850098,"Unknown"
"7014853",371857,2025-07-14 05:51:44,43.3523216247559,-8.61962127685547,"Unknown"
"7014853",371857,2025-07-14 05:56:25,43.3515243530273,-8.62118911743164,"Unknown"
"7014853",371857,2025-07-14 06:01:27,43.3507614135742,-8.62261962890625,"Unknown"
"7014853",371857,2025-07-14 06:06:26,43.3500175476074,-8.62535953521729,"Unknown"
"7014853",371857,2025-07-14 06:11:29,43.3502578735352,-8.62540531158447,"Unknown"
"7014853",371857,2025-07-14 06:16:24,43.3477630615234,-8.66182899475098,"Unknown"
"7014853",371857,2025-07-14 06:21:24,43.3487434387207,-8.70423889160156,"Unknown"
"7014853",371857,2025-07-14 06:26:24,43.3445625305176,-8.74303340911865,"Unknown"
"7014853",371857,2025-07-14 06:31:24,43.3472099304199,-8.78090286254883,"Unknown"
"7014853",371857,2025-07-14 06:36:24,43.3600158691406,-8.81975173950195,"Unknown"
"7014853",371857,2025-07-14 06:41:24,43.3589248657227,-8.84564971923828,"Unknown"
"7014853",371857,2025-07-14 06:46:29,43.3586006164551,-8.84336566925049,"Unknown"
"7014853",371857,2025-07-14 06:51:38,43.3583450317383,-8.84282207489014,"Unknown"
"7014853",371857,2025-07-14 06:56:27,43.3591957092285,-8.84341812133789,"Unknown"
"7014853",371857,2025-07-14 07:01:31,43.3591384887695,-8.84354972839355,"Unknown"
"7014853",371857,2025-07-14 07:06:28,43.3592147827148,-8.84336948394775,"Unknown"
"7014853",371857,2025-07-14 07:11:33,43.3592567443848,-8.84370231628418,"Unknown"
"7014853",371857,2025-07-14 07:16:26,43.3592414855957,-8.84341335296631,"Unknown"
"7014853",371857,2025-07-14 07:21:37,43.3592147827148,-8.8437442779541,"Unknown"
"7014853",371857,2025-07-14 07:26:31,43.3591575622559,-8.84380531311035,"Unknown"
"7014853",371857,2025-07-14 07:31:29,43.3590774536133,-8.844482421875,"Unknown"
"7014853",371857,2025-07-14 07:36:35,43.3592338562012,-8.84370994567871,"Unknown"
"7014853",371857,2025-07-14 07:41:27,43.3589973449707,-8.8443489074707,"Unknown"
"7014853",371857,2025-07-14 07:46:36,43.3591918945312,-8.84371757507324,"Unknown"
"7014853",371857,2025-07-14 07:56:27,43.3591995239258,-8.84343910217285,"Unknown"
"7014853",371857,2025-07-14 08:01:24,43.3590316772461,-8.84346294403076,"Unknown"
"7014853",371857,2025-07-14 08:06:24,43.359447479248,-8.84575366973877,"Unknown"
"7014853",371857,2025-07-14 08:11:27,43.3599739074707,-8.85560703277588,"Unknown"
"7014853",371857,2025-07-14 08:16:27,43.3604202270508,-8.85482883453369,"Unknown"
"7014853",371857,2025-07-14 08:21:40,43.3607215881348,-8.85497188568115,"Unknown"
"7014853",371857,2025-07-14 08:26:43,43.3608245849609,-8.85285568237305,"Unknown"
"7014853",371857,2025-07-14 08:31:41,43.3681182861328,-8.85467624664307,"Unknown"
"7014853",371857,2025-07-14 08:36:42,43.3679275512695,-8.85486030578613,"Unknown"
"7014853",371857,2025-07-14 08:41:39,43.3686485290527,-8.85484409332275,"Unknown"
"7014853",371857,2025-07-14 08:46:41,43.3692436218262,-8.85469818115234,"Unknown"
"7014853",371857,2025-07-14 08:51:40,43.3698806762695,-8.85458660125732,"Unknown"
"7014853",371857,2025-07-14 08:56:39,43.3703346252441,-8.85505771636963,"Unknown"
"7014853",371857,2025-07-14 09:01:40,43.3708267211914,-8.85575389862061,"Unknown"
"7014853",371857,2025-07-14 09:06:48,43.3710861206055,-8.85515689849854,"Unknown"
"7014853",371857,2025-07-14 09:11:42,43.3712921142578,-8.85616493225098,"Unknown"
"7014853",371857,2025-07-14 09:16:40,43.3755416870117,-8.86011219024658,"Unknown"
"7014853",371857,2025-07-14 09:21:39,43.3755569458008,-8.86100006103516,"Unknown"
"7014853",371857,2025-07-14 09:26:38,43.375862121582,-8.86018466949463,"Unknown"
"7014853",371857,2025-07-14 09:31:41,43.3757553100586,-8.86312198638916,"Unknown"
"7014853",371857,2025-07-14 09:36:46,43.3754806518555,-8.85983848571777,"Unknown"
"7014853",371857,2025-07-14 09:41:39,43.3656692504883,-8.8442440032959,"Unknown"
"7014853",371857,2025-07-14 09:46:39,43.3609580993652,-8.84631538391113,"Unknown"
"7014853",371857,2025-07-14 09:51:41,43.359260559082,-8.84390926361084,"Unknown"
"7014853",371857,2025-07-14 09:56:41,43.3591384887695,-8.84424114227295,"Unknown"
"7014853",371857,2025-07-14 10:01:40,43.3592681884766,-8.84349060058594,"Unknown"
"7014853",371857,2025-07-14 10:06:47,43.3592643737793,-8.84323787689209,"Unknown"
"7014853",371857,2025-07-14 10:11:39,43.3591766357422,-8.84340286254883,"Unknown"
"7014853",371857,2025-07-14 10:16:42,43.3591423034668,-8.84345054626465,"Unknown"
"7014853",371857,2025-07-14 10:21:38,43.3592147827148,-8.84346485137939,"Unknown"
"7014853",371857,2025-07-14 10:26:39,43.359302520752,-8.84330177307129,"Unknown"
"7014853",371857,2025-07-14 10:31:42,43.3591766357422,-8.84341907501221,"Unknown"
"7014853",371857,2025-07-14 10:36:41,43.3594970703125,-8.84356021881104,"Unknown"
"7014853",371857,2025-07-14 10:41:41,43.3588905334473,-8.84363079071045,"Unknown"
"7014853",371857,2025-07-14 10:46:45,43.3596267700195,-8.84319400787354,"Unknown"
"7014853",371857,2025-07-14 10:51:45,43.3594131469727,-8.84347820281982,"Unknown"
"7014853",371857,2025-07-14 10:57:05,43.3591766357422,-8.84347534179688,"Unknown"
"7014853",371857,2025-07-14 11:01:38,43.3592529296875,-8.84353542327881,"Unknown"
"7014853",371857,2025-07-14 11:06:38,43.359130859375,-8.84344959259033,"Unknown"
"7014853",371857,2025-07-14 11:11:39,43.359130859375,-8.84342479705811,"Unknown"
"7014853",371857,2025-07-14 11:16:39,43.3594398498535,-8.84309959411621,"Unknown"
"7014853",371857,2025-07-14 11:21:39,43.3593215942383,-8.84350967407227,"Unknown"
"7014853",371857,2025-07-14 11:26:38,43.3594360351562,-8.84350776672363,"Unknown"
"7014853",371857,2025-07-14 11:31:40,43.3593597412109,-8.84348201751709,"Unknown"
"7014853",371857,2025-07-14 11:36:38,43.369140625,-8.83158493041992,"Unknown"
"7014853",371857,2025-07-14 11:41:38,43.3701782226562,-8.82878303527832,"Unknown"
"7014853",371857,2025-07-14 11:46:40,43.3701553344727,-8.82836532592773,"Unknown"
"7014853",371857,2025-07-14 11:51:38,43.3689079284668,-8.82722854614258,"Unknown"
"7014853",371857,2025-07-14 11:56:39,43.3611106872559,-8.83391761779785,"Unknown"
"7014853",371857,2025-07-14 12:01:39,43.3595962524414,-8.84336948394775,"Unknown"
"7014853",371857,2025-07-14 12:06:43,43.3597259521484,-8.84328937530518,"Unknown"
"7014853",371857,2025-07-14 12:11:38,43.3595581054688,-8.84326267242432,"Unknown"
"7014853",371857,2025-07-14 12:16:38,43.3595314025879,-8.84331130981445,"Unknown"
"7014853",371857,2025-07-14 12:21:39,43.3595199584961,-8.84331130981445,"Unknown"
"7014853",371857,2025-07-14 12:26:39,43.3594970703125,-8.84364986419678,"Unknown"
"7014853",371857,2025-07-14 12:31:40,43.3594512939453,-8.84343338012695,"Unknown"
"7014853",371857,2025-07-14 12:36:39,43.3594932556152,-8.84345817565918,"Unknown"
"7014853",371857,2025-07-14 12:41:39,43.3594665527344,-8.8434476852417,"Unknown"
"7014853",371857,2025-07-14 12:46:46,43.3593826293945,-8.84345722198486,"Unknown"
"7014853",371857,2025-07-14 12:51:40,43.3594551086426,-8.84352111816406,"Unknown"
"7014853",371857,2025-07-14 12:56:39,43.3594055175781,-8.84345817565918,"Unknown"
"7014853",371857,2025-07-14 13:01:39,43.3593978881836,-8.84293365478516,"Unknown"
"7014853",371857,2025-07-14 13:06:39,43.3593826293945,-8.84365749359131,"Unknown"
"7014853",371857,2025-07-14 13:11:39,43.3593406677246,-8.84354305267334,"Unknown"
"7014853",371857,2025-07-14 13:16:38,43.359489440918,-8.84345626831055,"Unknown"
"7014853",371857,2025-07-14 13:21:45,43.3593368530273,-8.8428840637207,"Unknown"
"7014853",371857,2025-07-14 13:26:39,43.3592681884766,-8.8435001373291,"Unknown"
"7014853",371857,2025-07-14 13:31:39,43.3592147827148,-8.84338092803955,"Unknown"
"7014853",371857,2025-07-14 13:36:39,43.3592948913574,-8.84339237213135,"Unknown"
"7014853",371857,2025-07-14 13:42:35,43.3591041564941,-8.84338665008545,"Unknown"
"7014853",371857,2025-07-14 13:46:42,43.359302520752,-8.84306907653809,"Unknown"
"7014853",371857,2025-07-14 13:51:38,43.3588256835938,-8.84380626678467,"Unknown"
"7014853",371857,2025-07-14 13:56:40,43.3590240478516,-8.84335708618164,"Unknown"
"7014853",371857,2025-07-14 14:01:41,43.3591270446777,-8.84341907501221,"Unknown"
"7014853",371857,2025-07-14 14:06:39,43.3592224121094,-8.84365272521973,"Unknown"
"7014853",371857,2025-07-14 14:11:39,43.3592872619629,-8.84382629394531,"Unknown"
"7014853",371857,2025-07-14 14:16:38,43.3591270446777,-8.84345531463623,"Unknown"
"7014853",371857,2025-07-14 14:23:02,43.361213684082,-8.84433078765869,"Unknown"
"7014853",371857,2025-07-14 14:26:40,43.359203338623,-8.84354305267334,"Unknown"
"7014853",371857,2025-07-14 14:31:38,43.3591957092285,-8.84357643127441,"Unknown"
"7014853",371857,2025-07-14 14:36:40,43.3591423034668,-8.84378242492676,"Unknown"
"7014853",371857,2025-07-14 14:41:39,43.3591690063477,-8.84357166290283,"Unknown"
"7014853",371857,2025-07-14 14:46:39,43.3591613769531,-8.84369659423828,"Unknown"
"7014853",371857,2025-07-14 14:52:05,43.3592376708984,-8.84345149993896,"Unknown"
"7014853",371857,2025-07-14 14:56:38,43.3591003417969,-8.84348487854004,"Unknown"
"7014853",371857,2025-07-14 15:01:40,43.3592414855957,-8.84336948394775,"Unknown"
"7014853",371857,2025-07-14 15:06:40,43.3592109680176,-8.8433952331543,"Unknown"
"7014853",371857,2025-07-14 15:11:40,43.3591461181641,-8.84342098236084,"Unknown"
"7014853",371857,2025-07-14 15:16:39,43.3591423034668,-8.84338188171387,"Unknown"
"7014853",371857,2025-07-14 15:21:39,43.3591613769531,-8.84344005584717,"Unknown"
"7014853",371857,2025-07-14 15:26:41,43.3591194152832,-8.84348106384277,"Unknown"
"7014853",371857,2025-07-14 15:31:39,43.3591918945312,-8.84342384338379,"Unknown"
"7014853",371857,2025-07-14 15:36:39,43.3591995239258,-8.84339141845703,"Unknown"
"7014853",371857,2025-07-14 15:41:38,43.3591766357422,-8.84343814849854,"Unknown"
"7014853",371857,2025-07-14 15:46:39,43.3590621948242,-8.84353160858154,"Unknown"
"7014853",371857,2025-07-14 15:51:39,43.3591690063477,-8.84346103668213,"Unknown"
"7014853",371857,2025-07-14 15:56:40,43.3594131469727,-8.84314823150635,"Unknown"
"7014853",371857,2025-07-14 16:01:39,43.3701438903809,-8.82812213897705,"Unknown"
"7014853",371857,2025-07-14 16:06:39,43.3688545227051,-8.82366943359375,"Unknown"
"7014853",371857,2025-07-14 16:11:38,43.3658828735352,-8.82191371917725,"Unknown"
"7014853",371857,2025-07-14 16:16:39,43.361026763916,-8.82341480255127,"Unknown"
"7014853",371857,2025-07-14 16:21:39,43.3610038757324,-8.82280445098877,"Unknown"
"7014853",371857,2025-07-14 16:26:39,43.3613319396973,-8.82440948486328,"Unknown"
"7014853",371857,2025-07-14 16:31:40,43.3556594848633,-8.8450927734375,"Unknown"
"7014853",371857,2025-07-14 16:36:46,43.3592834472656,-8.84353065490723,"Unknown"
"7014853",371857,2025-07-14 16:41:41,43.3591575622559,-8.84338092803955,"Unknown"
"7014853",371857,2025-07-14 16:46:41,43.3591995239258,-8.84341144561768,"Unknown"
"7014853",371857,2025-07-14 16:51:42,43.3591537475586,-8.84344673156738,"Unknown"
"7014853",371857,2025-07-14 16:56:42,43.3590431213379,-8.84354877471924,"Unknown"
"7014853",371857,2025-07-14 17:01:41,43.3591423034668,-8.84348011016846,"Unknown"
"7014853",371857,2025-07-14 17:06:40,43.3591461181641,-8.84349536895752,"Unknown"
"7014853",371857,2025-07-14 17:11:40,43.3591270446777,-8.843430519104,"Unknown"
"7014853",371857,2025-07-14 17:16:42,43.3591690063477,-8.84326171875,"Unknown"
"7014853",371857,2025-07-14 17:21:41,43.359432220459,-8.843825340271,"Unknown"
"7014853",371857,2025-07-14 17:26:40,43.3594398498535,-8.84394454956055,"Unknown"
"7014853",371857,2025-07-14 17:31:40,43.3593940734863,-8.8438606262207,"Unknown"
"7014853",371857,2025-07-14 17:36:40,43.3594589233398,-8.84401607513428,"Unknown"
"7014853",371857,2025-07-14 17:41:40,43.3595123291016,-8.84395313262939,"Unknown"
"7014853",371857,2025-07-14 17:46:54,43.3594512939453,-8.84378433227539,"Unknown"
"7014853",371857,2025-07-14 17:51:52,43.3607177734375,-8.8443660736084,"Unknown"
"7014853",371857,2025-07-14 17:56:42,43.3706474304199,-8.82491302490234,"Unknown"
"7014853",371857,2025-07-14 18:01:41,43.3687858581543,-8.82371139526367,"Unknown"
"7014853",371857,2025-07-14 18:06:40,43.3686218261719,-8.82465076446533,"Unknown"
"7014853",371857,2025-07-14 18:11:43,43.3695526123047,-8.82658576965332,"Unknown"
"7014853",371857,2025-07-14 18:16:40,43.3708953857422,-8.82804203033447,"Unknown"
"7014853",371857,2025-07-14 18:21:46,43.3727073669434,-8.82822895050049,"Unknown"
"7014853",371857,2025-07-14 18:26:41,43.3590202331543,-8.8435001373291,"Unknown"
"7014853",371857,2025-07-14 18:32:02,43.359203338623,-8.84352779388428,"Unknown"
"7014853",371857,2025-07-14 18:36:40,43.3591499328613,-8.84351825714111,"Unknown"
"7014853",371857,2025-07-14 18:41:42,43.3591766357422,-8.8433666229248,"Unknown"
"7014853",371857,2025-07-14 18:46:40,43.3591728210449,-8.84346485137939,"Unknown"
"7014853",371857,2025-07-14 18:51:40,43.3591766357422,-8.8435230255127,"Unknown"
"7014853",371857,2025-07-14 18:56:40,43.3592109680176,-8.84360122680664,"Unknown"
"7014853",371857,2025-07-14 19:01:41,43.3592338562012,-8.84354019165039,"Unknown"
"7014853",371857,2025-07-14 19:06:40,43.3592338562012,-8.84354400634766,"Unknown"
"7014853",371857,2025-07-14 19:11:41,43.359188079834,-8.84346771240234,"Unknown"
"7014853",371857,2025-07-14 19:16:40,43.3592147827148,-8.8434886932373,"Unknown"
"7014853",371857,2025-07-14 19:21:41,43.3592414855957,-8.84345436096191,"Unknown"
"7014853",371857,2025-07-14 19:26:41,43.3592567443848,-8.84345149993896,"Unknown"
"7014853",371857,2025-07-14 19:31:42,43.3592300415039,-8.84344387054443,"Unknown"
"7014853",371857,2025-07-14 19:36:40,43.359260559082,-8.84347152709961,"Unknown"
"7014853",371857,2025-07-14 19:41:41,43.359375,-8.84348964691162,"Unknown"
"7014853",371857,2025-07-14 19:46:42,43.3621063232422,-8.8447961807251,"Unknown"
"7014853",371857,2025-07-14 19:51:43,43.3649787902832,-8.84521770477295,"Unknown"
"7014853",371857,2025-07-14 19:56:43,43.3679084777832,-8.84432029724121,"Unknown"
"7014853",371857,2025-07-14 20:01:42,43.370304107666,-8.84380531311035,"Unknown"
"7014853",371857,2025-07-14 20:06:54,43.3703651428223,-8.84495544433594,"Unknown"
"7014853",371857,2025-07-14 20:11:43,43.3708000183105,-8.84676551818848,"Unknown"
"7014853",371857,2025-07-14 20:16:43,43.37060546875,-8.8486852645874,"Unknown"
"7014853",371857,2025-07-14 20:21:41,43.3700256347656,-8.85006809234619,"Unknown"
"7014853",371857,2025-07-14 20:26:40,43.3722190856934,-8.84940624237061,"Unknown"
"7014853",371857,2025-07-14 20:31:40,43.3714790344238,-8.85108184814453,"Unknown"
"7014853",371857,2025-07-14 20:36:42,43.3703765869141,-8.85494041442871,"Unknown"
"7014853",371857,2025-07-14 20:41:40,43.3711357116699,-8.85265731811523,"Unknown"
"7014853",371857,2025-07-14 20:47:15,43.371452331543,-8.84875297546387,"Unknown"
"7014853",371857,2025-07-14 20:51:40,43.3709983825684,-8.84842300415039,"Unknown"
"7014853",371857,2025-07-14 20:56:51,43.3707542419434,-8.84871578216553,"Unknown"
"7014853",371857,2025-07-14 20:59:37,43.3707275390625,-8.84923267364502,"Unknown"
"7014853",371857,2025-07-15 02:00:05,43.3591918945312,-8.84347248077393,"Unknown"
"7014853",371857,2025-07-15 05:13:59,43.359260559082,-8.84350967407227,"Unknown"
"7014853",371857,2025-07-15 05:19:00,43.3590278625488,-8.84354305267334,"Unknown"
"7014853",371857,2025-07-15 05:24:14,43.3588447570801,-8.84342765808105,"Unknown"
"7014853",371857,2025-07-15 05:28:51,43.3589286804199,-8.84343242645264,"Unknown"
"7014853",371857,2025-07-15 05:33:57,43.3590049743652,-8.84343910217285,"Unknown"
"7014853",371857,2025-07-15 05:38:59,43.3563461303711,-8.84741115570068,"Unknown"
"7014853",371857,2025-07-15 05:43:54,43.3446846008301,-8.86132335662842,"Unknown"
"7014853",371857,2025-07-15 05:49:00,43.3446998596191,-8.86189746856689,"Unknown"
"7014853",371857,2025-07-15 05:54:00,43.3408241271973,-8.86542510986328,"Unknown"
"7014853",371857,2025-07-15 05:59:02,43.3268203735352,-8.86406230926514,"Unknown"
"7014853",371857,2025-07-15 06:04:14,43.3258094787598,-8.86553287506104,"Unknown"
"7014853",371857,2025-07-15 06:08:58,43.3251533508301,-8.86527538299561,"Unknown"
"7014853",371857,2025-07-15 06:13:52,43.3261451721191,-8.86376762390137,"Unknown"
"7014853",371857,2025-07-15 06:18:53,43.3259353637695,-8.86352634429932,"Unknown"
"7014853",371857,2025-07-15 06:23:55,43.3243751525879,-8.8654613494873,"Unknown"
"7014853",371857,2025-07-15 06:28:54,43.3250427246094,-8.8649320602417,"Unknown"
"7014853",371857,2025-07-15 06:33:53,43.3158378601074,-8.85842800140381,"Unknown"
"7014853",371857,2025-07-15 06:38:53,43.314208984375,-8.85720157623291,"Unknown"
"7014853",371857,2025-07-15 06:43:57,43.3144416809082,-8.85731506347656,"Unknown"
"7014853",371857,2025-07-15 06:49:12,43.3144760131836,-8.85728740692139,"Unknown"
"7014853",371857,2025-07-15 06:53:55,43.3145904541016,-8.85738468170166,"Unknown"
"7014853",371857,2025-07-15 06:58:51,43.3139038085938,-8.85750389099121,"Unknown"
"7014853",371857,2025-07-15 07:03:55,43.3139953613281,-8.85739040374756,"Unknown"
"7014853",371857,2025-07-15 07:09:03,43.3142127990723,-8.857497215271,"Unknown"
"7014853",371857,2025-07-15 07:13:55,43.3137969970703,-8.85725784301758,"Unknown"
"7014853",371857,2025-07-15 07:18:59,43.3202133178711,-8.85973358154297,"Unknown"
"7014853",371857,2025-07-15 07:23:59,43.3232421875,-8.86478424072266,"Unknown"
"7014853",371857,2025-07-15 07:29:01,43.3232955932617,-8.86511993408203,"Unknown"
"7014853",371857,2025-07-15 07:33:57,43.323974609375,-8.87903690338135,"Unknown"
"7014853",371857,2025-07-15 07:39:05,43.3235092163086,-8.87984180450439,"Unknown"
"7014853",371857,2025-07-15 07:44:04,43.3241424560547,-8.87966632843018,"Unknown"
"7014853",371857,2025-07-15 07:48:55,43.3236961364746,-8.88321304321289,"Unknown"
"7014853",371857,2025-07-15 07:54:25,43.3133697509766,-8.878173828125,"Unknown"
"7014853",371857,2025-07-15 07:59:18,43.3126449584961,-8.87843322753906,"Unknown"
"7014853",371857,2025-07-15 08:04:01,43.3135948181152,-8.87915802001953,"Unknown"
"7014853",371857,2025-07-15 08:08:51,43.3162422180176,-8.87606048583984,"Unknown"
"7014853",371857,2025-07-15 08:13:51,43.3386306762695,-8.85165691375732,"Unknown"
"7014853",371857,2025-07-15 08:18:51,43.3580055236816,-8.84493350982666,"Unknown"
"7014853",371857,2025-07-15 08:23:56,43.3580513000488,-8.84449577331543,"Unknown"
"7014853",371857,2025-07-15 08:29:00,43.3579063415527,-8.8445405960083,"Unknown"
"7014853",371857,2025-07-15 08:33:57,43.358024597168,-8.84457302093506,"Unknown"
"7014853",371857,2025-07-15 08:38:52,43.3581771850586,-8.84560680389404,"Unknown"
"7014853",371857,2025-07-15 08:43:55,43.3590698242188,-8.84440326690674,"Unknown"
"7014853",371857,2025-07-15 08:48:59,43.3581848144531,-8.84469223022461,"Unknown"
"7014853",371857,2025-07-15 08:53:53,43.3583221435547,-8.8469181060791,"Unknown"
"7014853",371857,2025-07-15 08:58:58,43.3582153320312,-8.84463977813721,"Unknown"
"7014853",371857,2025-07-15 09:03:54,43.3590087890625,-8.84306144714355,"Unknown"
"7014853",371857,2025-07-15 09:10:14,43.3600158691406,-8.84541034698486,"Unknown"
"7014853",371857,2025-07-15 09:13:51,43.3602485656738,-8.84656810760498,"Unknown"
"7014853",371857,2025-07-15 09:18:51,43.3580551147461,-8.84290313720703,"Unknown"
"7014853",371857,2025-07-15 09:23:58,43.3589134216309,-8.84329319000244,"Unknown"
"7014853",371857,2025-07-15 09:28:56,43.3585891723633,-8.84331893920898,"Unknown"
"7014853",371857,2025-07-15 09:34:00,43.3585586547852,-8.8431978225708,"Unknown"
"7014853",371857,2025-07-15 09:38:53,43.3573417663574,-8.84266471862793,"Unknown"
"7014853",371857,2025-07-15 09:43:53,43.3585166931152,-8.84258842468262,"Unknown"
"7014853",371857,2025-07-15 09:48:54,43.3584022521973,-8.84238815307617,"Unknown"
"7014853",371857,2025-07-15 09:53:53,43.3585319519043,-8.84251403808594,"Unknown"
"7014853",371857,2025-07-15 09:58:52,43.3579940795898,-8.84258937835693,"Unknown"
"7014853",371857,2025-07-15 10:03:55,43.3594512939453,-8.84315490722656,"Unknown"
"7014853",371857,2025-07-15 10:08:52,43.3593292236328,-8.84308052062988,"Unknown"
"7014853",371857,2025-07-15 10:14:01,43.3594436645508,-8.84314250946045,"Unknown"
"7014853",371857,2025-07-15 10:18:52,43.3596420288086,-8.84351539611816,"Unknown"
"7014853",371857,2025-07-15 10:23:55,43.3593482971191,-8.8431224822998,"Unknown"
"7014853",371857,2025-07-15 10:28:51,43.3593101501465,-8.84310245513916,"Unknown"
"7014853",371857,2025-07-15 10:33:52,43.3591957092285,-8.8430118560791,"Unknown"
"7014853",371857,2025-07-15 10:38:52,43.3583793640137,-8.84404563903809,"Unknown"
"7014853",371857,2025-07-15 10:43:52,43.3591346740723,-8.84303760528564,"Unknown"
"7014853",371857,2025-07-15 10:48:52,43.3588333129883,-8.84264373779297,"Unknown"
"7014853",371857,2025-07-15 10:53:52,43.3594131469727,-8.84319400787354,"Unknown"
"7014853",371857,2025-07-15 10:58:53,43.359188079834,-8.84316349029541,"Unknown"
"7014853",371857,2025-07-15 11:03:57,43.3593330383301,-8.84328651428223,"Unknown"
"7014853",371857,2025-07-15 11:08:54,43.3583869934082,-8.84324645996094,"Unknown"
"7014853",371857,2025-07-15 11:13:54,43.3589744567871,-8.84374141693115,"Unknown"
"7014853",371857,2025-07-15 11:18:52,43.358585357666,-8.84379577636719,"Unknown"
"7014853",371857,2025-07-15 11:23:54,43.3583145141602,-8.84392547607422,"Unknown"
"7014853",371857,2025-07-15 11:28:54,43.358226776123,-8.84434700012207,"Unknown"
"7014853",371857,2025-07-15 11:33:57,43.3583374023438,-8.84412288665771,"Unknown"
"7014853",371857,2025-07-15 11:38:53,43.3685417175293,-8.83786869049072,"Unknown"
"7014853",371857,2025-07-15 11:44:05,43.3699417114258,-8.83469009399414,"Unknown"
"7014853",371857,2025-07-15 11:49:04,43.3699684143066,-8.83484840393066,"Unknown"
"7014853",371857,2025-07-15 11:54:14,43.3710060119629,-8.83065795898438,"Unknown"
"7014853",371857,2025-07-15 11:58:55,43.3698081970215,-8.82763004302979,"Unknown"
"7014853",371857,2025-07-15 12:03:57,43.3680839538574,-8.82719612121582,"Unknown"
"7014853",371857,2025-07-15 12:08:54,43.3679847717285,-8.82816219329834,"Unknown"
"7014853",371857,2025-07-15 12:13:59,43.3683395385742,-8.829345703125,"Unknown"
"7014853",371857,2025-07-15 12:18:54,43.3587341308594,-8.8433084487915,"Unknown"
"7014853",371857,2025-07-15 12:24:04,43.3592071533203,-8.8444709777832,"Unknown"
"7014853",371857,2025-07-15 12:29:01,43.3591918945312,-8.84439945220947,"Unknown"
"7014853",371857,2025-07-15 12:33:58,43.3596687316895,-8.84450054168701,"Unknown"
"7014853",371857,2025-07-15 12:39:07,43.359203338623,-8.84447765350342,"Unknown"
"7014853",371857,2025-07-15 12:44:20,43.3590240478516,-8.84416389465332,"Unknown"
"7014853",371857,2025-07-15 12:49:07,43.3588829040527,-8.8442964553833,"Unknown"
"7014853",371857,2025-07-15 12:54:00,43.3588752746582,-8.84456825256348,"Unknown"
"7014853",371857,2025-07-15 12:58:58,43.359130859375,-8.84396457672119,"Unknown"
"7014853",371857,2025-07-15 13:04:14,43.3591270446777,-8.84323406219482,"Unknown"
"7014853",371857,2025-07-15 13:08:57,43.3590774536133,-8.84324741363525,"Unknown"
"7014853",371857,2025-07-15 13:13:54,43.3590202331543,-8.84325790405273,"Unknown"
"7014853",371857,2025-07-15 13:19:00,43.3590545654297,-8.8441047668457,"Unknown"
"7014853",371857,2025-07-15 13:23:52,43.3588600158691,-8.84372997283936,"Unknown"
"7014853",371857,2025-07-15 13:28:53,43.3580894470215,-8.8434591293335,"Unknown"
"7014853",371857,2025-07-15 13:33:53,43.3583755493164,-8.84375476837158,"Unknown"
"7014853",371857,2025-07-15 13:39:04,43.3588943481445,-8.84384346008301,"Unknown"
"7014853",371857,2025-07-15 13:44:07,43.3590354919434,-8.84397983551025,"Unknown"
"7014853",371857,2025-07-15 13:49:14,43.3592720031738,-8.84400844573975,"Unknown"
"7014853",371857,2025-07-15 13:54:23,43.3591461181641,-8.84344005584717,"Unknown"
"7014853",371857,2025-07-15 13:58:52,43.3590393066406,-8.84339809417725,"Unknown"
"7014853",371857,2025-07-15 14:03:52,43.3590927124023,-8.84349727630615,"Unknown"
"7014853",371857,2025-07-15 14:08:51,43.3591575622559,-8.84338474273682,"Unknown"
"7014853",371857,2025-07-15 14:13:53,43.3591194152832,-8.84345626831055,"Unknown"
"7014853",371857,2025-07-15 14:18:55,43.3590621948242,-8.84342193603516,"Unknown"
"7014853",371857,2025-07-15 14:23:51,43.3590202331543,-8.843337059021,"Unknown"
"7014853",371857,2025-07-15 14:28:55,43.3591461181641,-8.84348583221436,"Unknown"
"7014853",371857,2025-07-15 14:33:51,43.3591918945312,-8.84352588653564,"Unknown"
"7014853",371857,2025-07-15 14:38:53,43.3648414611816,-8.83324813842773,"Unknown"
"7014853",371857,2025-07-15 14:43:55,43.3651351928711,-8.83233642578125,"Unknown"
"7014853",371857,2025-07-15 14:48:52,43.3639793395996,-8.82643795013428,"Unknown"
"7014853",371857,2025-07-15 14:53:53,43.3440361022949,-8.82825374603271,"Unknown"
"7014853",371857,2025-07-15 14:58:58,43.3396759033203,-8.84490203857422,"Unknown"
"7014853",371857,2025-07-15 15:03:52,43.3256301879883,-8.85347175598145,"Unknown"
"7014853",371857,2025-07-15 15:08:53,43.3137893676758,-8.85724830627441,"Unknown"
"7014853",371857,2025-07-15 15:13:57,43.3178176879883,-8.85917568206787,"Unknown"
"7014853",371857,2025-07-15 15:19:03,43.3178024291992,-8.85731410980225,"Unknown"
"7014853",371857,2025-07-15 15:24:01,43.3179092407227,-8.85739803314209,"Unknown"
"7014853",371857,2025-07-15 15:29:00,43.3180694580078,-8.85702800750732,"Unknown"
"7014853",371857,2025-07-15 15:34:23,43.3180274963379,-8.85708999633789,"Unknown"
"7014853",371857,2025-07-15 15:38:51,43.3181381225586,-8.85737037658691,"Unknown"
"7014853",371857,2025-07-15 15:43:54,43.318229675293,-8.85728454589844,"Unknown"
"7014853",371857,2025-07-15 15:48:52,43.3181648254395,-8.85718059539795,"Unknown"
"7014853",371857,2025-07-15 15:54:00,43.3181076049805,-8.85684108734131,"Unknown"
"7014853",371857,2025-07-15 15:58:51,43.3216896057129,-8.85538005828857,"Unknown"
"7014853",371857,2025-07-15 16:03:51,43.3291893005371,-8.86009883880615,"Unknown"
"7014853",371857,2025-07-15 16:08:52,43.340648651123,-8.9125919342041,"Unknown"
"7014853",371857,2025-07-15 16:13:53,43.3342704772949,-8.96763801574707,"Unknown"
"7014853",371857,2025-07-15 16:18:52,43.3242492675781,-9.01947402954102,"Unknown"
"7014853",371857,2025-07-15 16:23:52,43.3140754699707,-9.03445625305176,"Unknown"
"7014853",371857,2025-07-15 16:28:53,43.3149147033691,-9.08962154388428,"Unknown"
"7014853",371857,2025-07-15 16:33:57,43.290412902832,-9.11480331420898,"Unknown"
"7014853",371857,2025-07-15 16:39:12,43.2917938232422,-9.11509227752686,"Unknown"
"7014853",371857,2025-07-15 16:43:55,43.2913284301758,-9.11602401733398,"Unknown"
"7014853",371857,2025-07-15 16:48:55,43.2908515930176,-9.11652851104736,"Unknown"
"7014853",371857,2025-07-15 16:53:53,43.299674987793,-9.1157169342041,"Unknown"
"7014853",371857,2025-07-15 16:58:55,43.3011169433594,-9.11585140228271,"Unknown"
"7014853",371857,2025-07-15 17:03:51,43.3029823303223,-9.11440658569336,"Unknown"
"7014853",371857,2025-07-15 17:08:51,43.3001098632812,-9.09988784790039,"Unknown"
"7014853",371857,2025-07-15 17:13:52,43.2939529418945,-9.0693244934082,"Unknown"
"7014853",371857,2025-07-15 17:18:51,43.2923049926758,-9.03839302062988,"Unknown"
"7014853",371857,2025-07-15 17:23:51,43.2952728271484,-9.00991630554199,"Unknown"
"7014853",371857,2025-07-15 17:28:51,43.297191619873,-8.98244476318359,"Unknown"
"7014853",371857,2025-07-15 17:34:00,43.2917938232422,-8.9583740234375,"Unknown"
"7014853",371857,2025-07-15 17:38:57,43.2888488769531,-8.9353723526001,"Unknown"
"7014853",371857,2025-07-15 17:43:52,43.3024673461914,-8.91195392608643,"Unknown"
"7014853",371857,2025-07-15 17:48:51,43.3200073242188,-8.91372299194336,"Unknown"
"7014853",371857,2025-07-15 17:54:59,43.3352279663086,-8.87999534606934,"Unknown"
"7014853",371857,2025-07-15 17:58:52,43.3482666015625,-8.86262035369873,"Unknown"
"7014853",371857,2025-07-15 18:04:14,43.3590850830078,-8.84392929077148,"Unknown"
"7014853",371857,2025-07-15 18:08:55,43.3594818115234,-8.84340763092041,"Unknown"
"7014853",371857,2025-07-15 18:14:23,43.3591232299805,-8.84369945526123,"Unknown"
"7014853",371857,2025-07-15 18:18:50,43.3591461181641,-8.84366798400879,"Unknown"
"7014853",371857,2025-07-15 18:23:51,43.3591690063477,-8.84371471405029,"Unknown"
"7014853",371857,2025-07-15 18:28:51,43.359188079834,-8.84372520446777,"Unknown"
"7014853",371857,2025-07-15 18:33:51,43.3591575622559,-8.84373950958252,"Unknown"
"7014853",371857,2025-07-15 18:38:50,43.3591728210449,-8.84368991851807,"Unknown"
"7014853",371857,2025-07-15 18:43:50,43.3592109680176,-8.84366893768311,"Unknown"
"7014853",371857,2025-07-15 18:48:50,43.3591957092285,-8.84365844726562,"Unknown"
"7014853",371857,2025-07-15 18:53:50,43.3591728210449,-8.84352207183838,"Unknown"
"7014853",371857,2025-07-15 18:58:52,43.359188079834,-8.84353351593018,"Unknown"
"7014853",371857,2025-07-15 19:03:51,43.3591270446777,-8.84349727630615,"Unknown"
"7014853",371857,2025-07-15 19:08:52,43.359188079834,-8.84351444244385,"Unknown"
"7014853",371857,2025-07-15 19:13:52,43.3591156005859,-8.84347629547119,"Unknown"
"7014853",371857,2025-07-15 19:18:55,43.3591766357422,-8.84331893920898,"Unknown"
"7014853",371857,2025-07-15 19:23:55,43.3591804504395,-8.84337139129639,"Unknown"
"7014853",371857,2025-07-15 19:28:55,43.3592796325684,-8.84335994720459,"Unknown"
"7014853",371857,2025-07-15 19:33:55,43.3592224121094,-8.84342670440674,"Unknown"
"7014853",371857,2025-07-15 19:38:55,43.3593292236328,-8.84319591522217,"Unknown"
"7014853",371857,2025-07-15 19:43:55,43.3591957092285,-8.84333324432373,"Unknown"
"7014853",371857,2025-07-15 19:48:52,43.359317779541,-8.84329986572266,"Unknown"
"7014853",371857,2025-07-15 19:53:52,43.3593368530273,-8.84329414367676,"Unknown"
"7014853",371857,2025-07-15 19:58:52,43.3593292236328,-8.84326934814453,"Unknown"
"7014853",371857,2025-07-15 20:04:14,43.3591995239258,-8.84346008300781,"Unknown"
"7014853",371857,2025-07-15 20:08:51,43.3592491149902,-8.84342956542969,"Unknown"
"7014853",371857,2025-07-15 20:13:50,43.3591156005859,-8.84347057342529,"Unknown"
"7014853",371857,2025-07-15 20:18:57,43.3592185974121,-8.84324645996094,"Unknown"
"7014853",371857,2025-07-15 20:23:51,43.3593635559082,-8.84341716766357,"Unknown"
"7014853",371857,2025-07-15 20:28:51,43.3590660095215,-8.84333229064941,"Unknown"
"7014853",371857,2025-07-15 20:33:52,43.360221862793,-8.84436225891113,"Unknown"
"7014853",371857,2025-07-15 20:38:52,43.359504699707,-8.84337139129639,"Unknown"
"7014853",371857,2025-07-15 20:43:51,43.3597564697266,-8.8439359664917,"Unknown"
"7014853",371857,2025-07-15 20:48:51,43.3596687316895,-8.84357643127441,"Unknown"
"7014853",371857,2025-07-15 20:53:52,43.3597030639648,-8.84377670288086,"Unknown"
"7014853",371857,2025-07-15 20:58:55,43.3597145080566,-8.84379005432129,"Unknown"
"7014853",371857,2025-07-16 01:59:14,43.3593864440918,-8.84347534179688,"Unknown"
"7014853",371857,2025-07-16 05:15:23,43.3591499328613,-8.84340476989746,"Unknown"
"7014853",371857,2025-07-16 05:19:43,43.3591117858887,-8.84353351593018,"Unknown"
"7014853",371857,2025-07-16 05:24:44,43.3591041564941,-8.8436164855957,"Unknown"
"7014853",371857,2025-07-16 05:29:43,43.3591537475586,-8.84345722198486,"Unknown"
"7014853",371857,2025-07-16 05:34:43,43.3591461181641,-8.84341430664062,"Unknown"
"7014853",371857,2025-07-16 05:39:43,43.3590965270996,-8.84343338012695,"Unknown"
"7014853",371857,2025-07-16 05:44:43,43.3591384887695,-8.84346103668213,"Unknown"
"7014853",371857,2025-07-16 05:49:43,43.3591728210449,-8.84348964691162,"Unknown"
"7014853",371857,2025-07-16 05:54:43,43.3591690063477,-8.84357643127441,"Unknown"
"7014853",371857,2025-07-16 05:59:43,43.3591957092285,-8.84346485137939,"Unknown"
"7014853",371857,2025-07-16 06:04:44,43.3590621948242,-8.84338665008545,"Unknown"
"7014853",371857,2025-07-16 06:09:51,43.3591918945312,-8.84356498718262,"Unknown"
"7014853",371857,2025-07-16 06:14:46,43.3591766357422,-8.84361553192139,"Unknown"
"7014853",371857,2025-07-16 06:19:48,43.3592071533203,-8.84365272521973,"Unknown"
"7014853",371857,2025-07-16 06:24:45,43.3592224121094,-8.8437557220459,"Unknown"
"7014853",371857,2025-07-16 06:29:46,43.3592300415039,-8.84374523162842,"Unknown"
"7014853",371857,2025-07-16 06:34:46,43.3591804504395,-8.84362697601318,"Unknown"
"7014853",371857,2025-07-16 06:39:46,43.359188079834,-8.8436861038208,"Unknown"
"7014853",371857,2025-07-16 06:44:48,43.359203338623,-8.8434534072876,"Unknown"
"7014853",371857,2025-07-16 06:49:48,43.3591766357422,-8.8435230255127,"Unknown"
"7014853",371857,2025-07-16 06:54:49,43.3592071533203,-8.84352779388428,"Unknown"
"7014853",371857,2025-07-16 06:59:48,43.3591842651367,-8.84374046325684,"Unknown"
"7014853",371857,2025-07-16 07:04:47,43.3591156005859,-8.84349727630615,"Unknown"
"7014853",371857,2025-07-16 07:09:48,43.3591423034668,-8.84354496002197,"Unknown"
"7014853",371857,2025-07-16 07:14:48,43.3591423034668,-8.84346389770508,"Unknown"
"7014853",371857,2025-07-16 07:20:05,43.3591537475586,-8.84351825714111,"Unknown"
"7014853",371857,2025-07-16 07:24:46,43.3592681884766,-8.843581199646,"Unknown"
"7014853",371857,2025-07-16 07:29:44,43.3525848388672,-8.83451461791992,"Unknown"
"7014853",371857,2025-07-16 07:34:43,43.3699607849121,-8.81683826446533,"Unknown"
"7014853",371857,2025-07-16 07:39:43,43.3893127441406,-8.81499004364014,"Unknown"
"7014853",371857,2025-07-16 07:44:55,43.4004592895508,-8.83485221862793,"Unknown"
"7014853",371857,2025-07-16 07:49:51,43.4028854370117,-8.83671951293945,"Unknown"
"7014853",371857,2025-07-16 07:54:52,43.4032211303711,-8.83715057373047,"Unknown"
"7014853",371857,2025-07-16 07:59:47,43.4040641784668,-8.83804607391357,"Unknown"
"7014853",371857,2025-07-16 08:05:05,43.3930244445801,-8.81808185577393,"Unknown"
"7014853",371857,2025-07-16 08:09:45,43.3823661804199,-8.81338310241699,"Unknown"
"7014853",371857,2025-07-16 08:14:43,43.3772506713867,-8.81636047363281,"Unknown"
"7014853",371857,2025-07-16 08:19:44,43.361255645752,-8.8425989151001,"Unknown"
"7014853",371857,2025-07-16 08:24:51,43.3591003417969,-8.84338665008545,"Unknown"
"7014853",371857,2025-07-16 08:29:46,43.3592338562012,-8.84378623962402,"Unknown"
"7014853",371857,2025-07-16 08:34:49,43.3591156005859,-8.84348487854004,"Unknown"
"7014853",371857,2025-07-16 08:39:52,43.3591957092285,-8.84353446960449,"Unknown"
"7014853",371857,2025-07-16 08:44:55,43.3590927124023,-8.84357357025146,"Unknown"
"7014853",371857,2025-07-16 08:49:47,43.3592987060547,-8.84431266784668,"Unknown"
"7014853",371857,2025-07-16 08:54:54,43.3592872619629,-8.84352970123291,"Unknown"
"7014853",371857,2025-07-16 08:59:54,43.3591842651367,-8.84359931945801,"Unknown"
"7014853",371857,2025-07-16 09:04:54,43.3590240478516,-8.84364891052246,"Unknown"
"7014853",371857,2025-07-16 09:09:55,43.3592529296875,-8.84342384338379,"Unknown"
"7014853",371857,2025-07-16 09:14:57,43.3592910766602,-8.8433895111084,"Unknown"
"7014853",371857,2025-07-16 09:19:54,43.3590774536133,-8.84341716766357,"Unknown"
"7014853",371857,2025-07-16 09:24:57,43.3592529296875,-8.84335041046143,"Unknown"
"7014853",371857,2025-07-16 09:30:00,43.3591194152832,-8.84348773956299,"Unknown"
"7014853",371857,2025-07-16 09:34:54,43.3591918945312,-8.84337520599365,"Unknown"
"7014853",371857,2025-07-16 09:39:54,43.3591613769531,-8.84347915649414,"Unknown"
"7014853",371857,2025-07-16 09:44:53,43.3592681884766,-8.84323978424072,"Unknown"
"7014853",371857,2025-07-16 09:49:55,43.3590087890625,-8.84339618682861,"Unknown"
"7014853",371857,2025-07-16 09:55:14,43.3590621948242,-8.84350299835205,"Unknown"
"7014853",371857,2025-07-16 09:59:43,43.3591537475586,-8.84343814849854,"Unknown"
"7014853",371857,2025-07-16 10:04:43,43.3591270446777,-8.84349822998047,"Unknown"
"7014853",371857,2025-07-16 10:09:43,43.3591842651367,-8.84343814849854,"Unknown"
"7014853",371857,2025-07-16 10:14:42,43.3591384887695,-8.84350204467773,"Unknown"
"7014853",371857,2025-07-16 10:19:43,43.3591537475586,-8.8434591293335,"Unknown"
"7014853",371857,2025-07-16 10:24:42,43.359130859375,-8.84343147277832,"Unknown"
"7014853",371857,2025-07-16 10:29:43,43.3591003417969,-8.84345722198486,"Unknown"
"7014853",371857,2025-07-16 10:34:42,43.359058380127,-8.84348297119141,"Unknown"
"7014853",371857,2025-07-16 10:39:43,43.359058380127,-8.84356880187988,"Unknown"
"7014853",371857,2025-07-16 10:44:43,43.3591537475586,-8.84349727630615,"Unknown"
"7014853",371857,2025-07-16 10:49:44,43.3591384887695,-8.84351348876953,"Unknown"
"7014853",371857,2025-07-16 10:54:43,43.3591918945312,-8.84347248077393,"Unknown"
"7014853",371857,2025-07-16 10:59:46,43.3592414855957,-8.84343719482422,"Unknown"
"7014853",371857,2025-07-16 11:04:44,43.3591842651367,-8.8435001373291,"Unknown"
"7014853",371857,2025-07-16 11:09:43,43.359203338623,-8.84345626831055,"Unknown"
"7014853",371857,2025-07-16 11:14:44,43.3592224121094,-8.84347724914551,"Unknown"
"7014853",371857,2025-07-16 11:19:43,43.3592185974121,-8.84344482421875,"Unknown"
"7014853",371857,2025-07-16 11:24:44,43.3592109680176,-8.84350109100342,"Unknown"
"7014853",371857,2025-07-16 11:29:44,43.3592796325684,-8.84348201751709,"Unknown"
"7014853",371857,2025-07-16 11:34:44,43.3656272888184,-8.83123970031738,"Unknown"
"7014853",371857,2025-07-16 11:39:54,43.3660774230957,-8.83108234405518,"Unknown"
"7014853",371857,2025-07-16 11:44:48,43.3672828674316,-8.83073997497559,"Unknown"
"7014853",371857,2025-07-16 11:50:14,43.3676567077637,-8.83131980895996,"Unknown"
"7014853",371857,2025-07-16 11:55:17,43.359561920166,-8.83625984191895,"Unknown"
"7014853",371857,2025-07-16 12:01:02,43.3567581176758,-8.84078311920166,"Unknown"
"7014853",371857,2025-07-16 12:04:46,43.3567810058594,-8.84068393707275,"Unknown"
"7014853",371857,2025-07-16 12:09:47,43.3567276000977,-8.84076023101807,"Unknown"
"7014853",371857,2025-07-16 12:14:51,43.3595390319824,-8.84375,"Unknown"
"7014853",371857,2025-07-16 12:20:14,43.3591041564941,-8.84345436096191,"Unknown"
"7014853",371857,2025-07-16 12:25:03,43.3591461181641,-8.84341144561768,"Unknown"
"7014853",371857,2025-07-16 12:29:42,43.359130859375,-8.84362316131592,"Unknown"
"7014853",371857,2025-07-16 12:34:46,43.3592300415039,-8.84347724914551,"Unknown"
"7014853",371857,2025-07-16 12:39:48,43.3589859008789,-8.84356880187988,"Unknown"
"7014853",371857,2025-07-16 12:44:49,43.3589630126953,-8.84348678588867,"Unknown"
"7014853",371857,2025-07-16 12:50:05,43.3591651916504,-8.84341430664062,"Unknown"
"7014853",371857,2025-07-16 12:54:42,43.359188079834,-8.84347915649414,"Unknown"
"7014853",371857,2025-07-16 12:59:42,43.3591957092285,-8.84347248077393,"Unknown"
"7014853",371857,2025-07-16 13:04:43,43.3590812683105,-8.84358215332031,"Unknown"
"7014853",371857,2025-07-16 13:09:51,43.3589630126953,-8.84351253509521,"Unknown"
"7014853",371857,2025-07-16 13:14:45,43.3592185974121,-8.84338092803955,"Unknown"
"7014853",371857,2025-07-16 13:19:46,43.3593139648438,-8.84337615966797,"Unknown"
"7014853",371857,2025-07-16 13:24:44,43.3591690063477,-8.8433895111084,"Unknown"
"7014853",371857,2025-07-16 13:29:45,43.3592185974121,-8.84344482421875,"Unknown"
"7014853",371857,2025-07-16 13:34:47,43.3590202331543,-8.84336948394775,"Unknown"
"7014853",371857,2025-07-16 13:39:45,43.3591918945312,-8.84339427947998,"Unknown"
"7014853",371857,2025-07-16 13:44:42,43.3599243164062,-8.84395217895508,"Unknown"
"7014853",371857,2025-07-16 13:49:43,43.3625717163086,-8.82507228851318,"Unknown"
"7014853",371857,2025-07-16 13:54:43,43.3346481323242,-8.82173538208008,"Unknown"
"7014853",371857,2025-07-16 13:59:44,43.3175506591797,-8.84389019012451,"Unknown"
"7014853",371857,2025-07-16 14:05:02,43.3133430480957,-8.85695934295654,"Unknown"
"7014853",371857,2025-07-16 14:09:46,43.3139610290527,-8.85691070556641,"Unknown"
"7014853",371857,2025-07-16 14:14:43,43.3138465881348,-8.85715675354004,"Unknown"
"7014853",371857,2025-07-16 14:19:46,43.3186225891113,-8.85643196105957,"Unknown"
"7014853",371857,2025-07-16 14:24:47,43.3182487487793,-8.85592746734619,"Unknown"
"7014853",371857,2025-07-16 14:29:51,43.3187103271484,-8.85659694671631,"Unknown"
"7014853",371857,2025-07-16 14:34:45,43.3186950683594,-8.85660362243652,"Unknown"
"7014853",371857,2025-07-16 14:39:43,43.3186950683594,-8.85664844512939,"Unknown"
"7014853",371857,2025-07-16 14:44:47,43.3185729980469,-8.85671615600586,"Unknown"
"7014853",371857,2025-07-16 14:49:48,43.3188629150391,-8.85675144195557,"Unknown"
"7014853",371857,2025-07-16 14:54:51,43.3186912536621,-8.85682964324951,"Unknown"
"7014853",371857,2025-07-16 14:59:45,43.329231262207,-8.8697509765625,"Unknown"
"7014853",371857,2025-07-16 15:04:45,43.3409233093262,-8.85630416870117,"Unknown"
"7014853",371857,2025-07-16 15:09:44,43.351131439209,-8.84025096893311,"Unknown"
"7014853",371857,2025-07-16 15:14:51,43.3591232299805,-8.84338760375977,"Unknown"
"7014853",371857,2025-07-16 15:20:03,43.3591537475586,-8.84339809417725,"Unknown"
"7014853",371857,2025-07-16 15:24:42,43.359188079834,-8.84347915649414,"Unknown"
"7014853",371857,2025-07-16 15:29:43,43.3592147827148,-8.84343814849854,"Unknown"
"7014853",371857,2025-07-16 15:34:42,43.3591537475586,-8.84340286254883,"Unknown"
"7014853",371857,2025-07-16 15:39:49,43.3591995239258,-8.84351253509521,"Unknown"
"7014853",371857,2025-07-16 15:44:43,43.3591651916504,-8.84347248077393,"Unknown"
"7014853",371857,2025-07-16 15:49:45,43.3591613769531,-8.84346389770508,"Unknown"
"7014853",371857,2025-07-16 15:54:43,43.3591995239258,-8.84344005584717,"Unknown"
"7014853",371857,2025-07-16 15:59:43,43.3591651916504,-8.84345149993896,"Unknown"
"7014853",371857,2025-07-16 16:04:43,43.3591232299805,-8.84344005584717,"Unknown"
"7014853",371857,2025-07-16 16:09:47,43.3645133972168,-8.83118724822998,"Unknown"
"7014853",371857,2025-07-16 16:14:43,43.3779182434082,-8.80903244018555,"Unknown"
"7014853",371857,2025-07-16 16:19:43,43.3988418579102,-8.82303047180176,"Unknown"
"7014853",371857,2025-07-16 16:24:43,43.4208564758301,-8.83385372161865,"Unknown"
"7014853",371857,2025-07-16 16:29:43,43.435962677002,-8.84874439239502,"Unknown"
"7014853",371857,2025-07-16 16:34:45,43.4559440612793,-8.87121963500977,"Unknown"
"7014853",371857,2025-07-16 16:39:43,43.4776611328125,-8.89277839660645,"Unknown"
"7014853",371857,2025-07-16 16:44:43,43.5031890869141,-8.90014553070068,"Unknown"
"7014853",371857,2025-07-16 16:49:43,43.5251388549805,-8.88771629333496,"Unknown"
"7014853",371857,2025-07-16 16:54:44,43.5323753356934,-8.87421894073486,"Unknown"
"7014853",371857,2025-07-16 16:59:59,43.5346717834473,-8.86792755126953,"Unknown"
"7014853",371857,2025-07-16 17:04:43,43.5360336303711,-8.86158752441406,"Unknown"
"7014853",371857,2025-07-16 17:10:02,43.54052734375,-8.85625457763672,"Unknown"
"7014853",371857,2025-07-16 17:14:45,43.5596504211426,-8.85343170166016,"Unknown"
"7014853",371857,2025-07-16 17:19:43,43.5733489990234,-8.86685466766357,"Unknown"
"7014853",371857,2025-07-16 17:24:47,43.5725250244141,-8.86668872833252,"Unknown"
"7014853",371857,2025-07-16 17:29:43,43.5722618103027,-8.86867713928223,"Unknown"
"7014853",371857,2025-07-16 17:34:43,43.5866394042969,-8.88255214691162,"Unknown"
"7014853",371857,2025-07-16 17:39:43,43.5951080322266,-8.91608047485352,"Unknown"
"7014853",371857,2025-07-16 17:44:48,43.595344543457,-8.94795227050781,"Unknown"
"7014853",371857,2025-07-16 17:49:44,43.6020126342773,-8.94279670715332,"Unknown"
"7014853",371857,2025-07-16 17:54:44,43.621826171875,-8.92941951751709,"Unknown"
"7014853",371857,2025-07-16 17:59:44,43.6403045654297,-8.91477870941162,"Unknown"
"7014853",371857,2025-07-16 18:04:44,43.661075592041,-8.91091918945312,"Unknown"
"7014853",371857,2025-07-16 18:09:52,43.6615524291992,-8.91189670562744,"Unknown"
"7014853",371857,2025-07-16 18:14:45,43.6615333557129,-8.9118595123291,"Unknown"
"7014853",371857,2025-07-16 18:19:47,43.6616859436035,-8.91272830963135,"Unknown"
"7014853",371857,2025-07-16 18:24:47,43.6572303771973,-8.9082202911377,"Unknown"
"7014853",371857,2025-07-16 18:29:48,43.6118545532227,-8.89827156066895,"Unknown"
"7014853",371857,2025-07-16 18:34:51,43.5599250793457,-8.90263366699219,"Unknown"
"7014853",371857,2025-07-16 18:39:55,43.5080757141113,-8.90351676940918,"Unknown"
"7014853",371857,2025-07-16 18:44:52,43.4565811157227,-8.89363193511963,"Unknown"
"7014853",371857,2025-07-16 18:49:57,43.4069976806641,-8.87381458282471,"Unknown"
"7014853",371857,2025-07-16 18:55:28,43.3608627319336,-8.84784507751465,"Unknown"
"7014853",371857,2025-07-16 18:59:52,43.3592414855957,-8.84369468688965,"Unknown"
"7014853",371857,2025-07-16 19:05:05,43.3591918945312,-8.84348392486572,"Unknown"
"7014853",371857,2025-07-16 19:09:42,43.3591651916504,-8.84345817565918,"Unknown"
"7014853",371857,2025-07-16 19:14:42,43.3591766357422,-8.84343528747559,"Unknown"
"7014853",371857,2025-07-16 19:19:42,43.3591384887695,-8.8434591293335,"Unknown"
"7014853",371857,2025-07-16 19:24:42,43.3591346740723,-8.84341716766357,"Unknown"
"7014853",371857,2025-07-16 19:29:42,43.3592185974121,-8.84341335296631,"Unknown"
"7014853",371857,2025-07-16 19:34:42,43.3591613769531,-8.84343338012695,"Unknown"
"7014853",371857,2025-07-16 19:39:42,43.359130859375,-8.84343814849854,"Unknown"
"7014853",371857,2025-07-16 19:44:43,43.3591537475586,-8.84338665008545,"Unknown"
"7014853",371857,2025-07-16 19:49:42,43.3591613769531,-8.84341621398926,"Unknown"
"7014853",371857,2025-07-16 19:54:42,43.3591499328613,-8.84337997436523,"Unknown"
"7014853",371857,2025-07-16 19:59:43,43.3591346740723,-8.84338665008545,"Unknown"
"7014853",371857,2025-07-16 20:04:42,43.3591461181641,-8.8434476852417,"Unknown"
"7014853",371857,2025-07-16 20:09:42,43.3591651916504,-8.84337902069092,"Unknown"
"7014853",371857,2025-07-16 20:14:42,43.3591346740723,-8.84337902069092,"Unknown"
"7014853",371857,2025-07-16 20:19:42,43.3591537475586,-8.84338665008545,"Unknown"
"7014853",371857,2025-07-16 20:24:45,43.3590545654297,-8.84333038330078,"Unknown"
"7014853",371857,2025-07-16 20:29:44,43.3591117858887,-8.8433666229248,"Unknown"
"7014853",371857,2025-07-16 20:34:44,43.359188079834,-8.8435754776001,"Unknown"
"7014853",371857,2025-07-16 20:39:44,43.3591003417969,-8.84333038330078,"Unknown"
"7014853",371857,2025-07-16 20:44:44,43.3592224121094,-8.8436975479126,"Unknown"
"7014853",371857,2025-07-16 20:49:42,43.3593139648438,-8.84382247924805,"Unknown"
"7014853",371857,2025-07-16 20:54:46,43.359203338623,-8.84383296966553,"Unknown"
"7014853",371857,2025-07-16 20:58:07,43.3592834472656,-8.84354114532471,"Unknown"
"7014853",371857,2025-07-17 01:58:35,43.3591957092285,-8.84342575073242,"Unknown"
"7014853",371857,2025-07-17 05:15:44,43.3593330383301,-8.84348583221436,"Unknown"
"7014853",371857,2025-07-17 05:20:48,43.3593635559082,-8.84328079223633,"Unknown"
"7014853",371857,2025-07-17 05:26:04,43.363468170166,-8.83860111236572,"Unknown"
"7014853",371857,2025-07-17 05:30:33,43.3694152832031,-8.83229827880859,"Unknown"
"7014853",371857,2025-07-17 05:35:32,43.359733581543,-8.84356689453125,"Unknown"
"7014853",371857,2025-07-17 05:40:32,43.3590888977051,-8.84342670440674,"Unknown"
"7014853",371857,2025-07-17 05:45:32,43.3592262268066,-8.84339427947998,"Unknown"
"7014853",371857,2025-07-17 05:50:32,43.3593559265137,-8.84357929229736,"Unknown"
"7014853",371857,2025-07-17 05:55:31,43.3590126037598,-8.84327507019043,"Unknown"
"7014853",371857,2025-07-17 06:00:33,43.3590087890625,-8.84342575073242,"Unknown"
"7014853",371857,2025-07-17 06:05:44,43.3590278625488,-8.84354114532471,"Unknown"
"7014853",371857,2025-07-17 06:10:32,43.3590812683105,-8.84336566925049,"Unknown"
"7014853",371857,2025-07-17 06:15:35,43.3591156005859,-8.84326267242432,"Unknown"
"7014853",371857,2025-07-17 06:20:32,43.3590431213379,-8.84326648712158,"Unknown"
"7014853",371857,2025-07-17 06:25:33,43.359016418457,-8.84339332580566,"Unknown"
"7014853",371857,2025-07-17 06:30:38,43.359073638916,-8.84339714050293,"Unknown"
"7014853",371857,2025-07-17 06:35:35,43.3591003417969,-8.84332942962646,"Unknown"
"7014853",371857,2025-07-17 06:40:34,43.3590850830078,-8.84334182739258,"Unknown"
"7014853",371857,2025-07-17 06:45:43,43.3590850830078,-8.84339618682861,"Unknown"
"7014853",371857,2025-07-17 06:50:32,43.3591690063477,-8.84368324279785,"Unknown"
"7014853",371857,2025-07-17 06:55:32,43.3589324951172,-8.84307098388672,"Unknown"
"7014853",371857,2025-07-17 07:00:37,43.3590660095215,-8.8434009552002,"Unknown"
"7014853",371857,2025-07-17 07:05:38,43.3590431213379,-8.84343147277832,"Unknown"
"7014853",371857,2025-07-17 07:10:31,43.3590927124023,-8.8435583114624,"Unknown"
"7014853",371857,2025-07-17 07:15:32,43.3591957092285,-8.84369659423828,"Unknown"
"7014853",371857,2025-07-17 07:20:36,43.3591613769531,-8.84340858459473,"Unknown"
"7014853",371857,2025-07-17 07:25:32,43.3590927124023,-8.84356021881104,"Unknown"
"7014853",371857,2025-07-17 07:30:40,43.3591041564941,-8.84348964691162,"Unknown"
"7014853",371857,2025-07-17 07:35:32,43.359188079834,-8.84367179870605,"Unknown"
"7014853",371857,2025-07-17 07:40:33,43.3590965270996,-8.84354686737061,"Unknown"
"7014853",371857,2025-07-17 07:45:32,43.3591804504395,-8.84356784820557,"Unknown"
"7014853",371857,2025-07-17 07:50:35,43.3590087890625,-8.84353637695312,"Unknown"
"7014853",371857,2025-07-17 07:55:32,43.3590126037598,-8.84351444244385,"Unknown"
"7014853",371857,2025-07-17 08:00:31,43.3606834411621,-8.84392166137695,"Unknown"
"7014853",371857,2025-07-17 08:05:33,43.3715515136719,-8.83405113220215,"Unknown"
"7014853",371857,2025-07-17 08:10:33,43.3596267700195,-8.83642101287842,"Unknown"
"7014853",371857,2025-07-17 08:15:35,43.3596153259277,-8.8363676071167,"Unknown"
"7014853",371857,2025-07-17 08:20:40,43.3618965148926,-8.82466888427734,"Unknown"
"7014853",371857,2025-07-17 08:25:42,43.3618927001953,-8.82605648040771,"Unknown"
"7014853",371857,2025-07-17 08:30:37,43.3629341125488,-8.82664489746094,"Unknown"
"7014853",371857,2025-07-17 08:35:41,43.3679733276367,-8.83230018615723,"Unknown"
"7014853",371857,2025-07-17 08:40:32,43.3706130981445,-8.83523845672607,"Unknown"
"7014853",371857,2025-07-17 08:46:53,43.3608818054199,-8.8438892364502,"Unknown"
"7014853",371857,2025-07-17 08:50:32,43.359561920166,-8.8447904586792,"Unknown"
"7014853",371857,2025-07-17 08:55:39,43.359188079834,-8.8434476852417,"Unknown"
"7014853",371857,2025-07-17 09:00:38,43.3590393066406,-8.84355449676514,"Unknown"
"7014853",371857,2025-07-17 09:05:33,43.3591690063477,-8.84344100952148,"Unknown"
"7014853",371857,2025-07-17 09:10:36,43.3591079711914,-8.84348678588867,"Unknown"
"7014853",371857,2025-07-17 09:15:36,43.3591499328613,-8.84345817565918,"Unknown"
"7014853",371857,2025-07-17 09:20:37,43.3593254089355,-8.84331321716309,"Unknown"
"7014853",371857,2025-07-17 09:25:40,43.359203338623,-8.84344291687012,"Unknown"
"7014853",371857,2025-07-17 09:30:33,43.3592529296875,-8.84347438812256,"Unknown"
"7014853",371857,2025-07-17 09:35:33,43.3592643737793,-8.84354972839355,"Unknown"
"7014853",371857,2025-07-17 09:40:33,43.3589973449707,-8.84357929229736,"Unknown"
"7014853",371857,2025-07-17 09:45:44,43.3590087890625,-8.84350776672363,"Unknown"
"7014853",371857,2025-07-17 09:50:32,43.3589859008789,-8.84348964691162,"Unknown"
"7014853",371857,2025-07-17 09:55:44,43.3590621948242,-8.84355545043945,"Unknown"
"7014853",371857,2025-07-17 10:00:33,43.3591690063477,-8.84358215332031,"Unknown"
"7014853",371857,2025-07-17 10:05:35,43.3591537475586,-8.843674659729,"Unknown"
"7014853",371857,2025-07-17 10:10:32,43.3591346740723,-8.8436393737793,"Unknown"
"7014853",371857,2025-07-17 10:15:33,43.3591194152832,-8.84370422363281,"Unknown"
"7014853",371857,2025-07-17 10:20:32,43.3604774475098,-8.84271812438965,"Unknown"
"7014853",371857,2025-07-17 10:25:38,43.3531532287598,-8.82738971710205,"Unknown"
"7014853",371857,2025-07-17 10:30:44,43.3538208007812,-8.82757568359375,"Unknown"
"7014853",371857,2025-07-17 10:35:40,43.3543243408203,-8.82783603668213,"Unknown"
"7014853",371857,2025-07-17 10:40:39,43.3545951843262,-8.83102989196777,"Unknown"
"7014853",371857,2025-07-17 10:46:14,43.356689453125,-8.84081745147705,"Unknown"
"7014853",371857,2025-07-17 10:50:38,43.359447479248,-8.8432674407959,"Unknown"
"7014853",371857,2025-07-17 10:55:51,43.3596725463867,-8.84326457977295,"Unknown"
"7014853",371857,2025-07-17 11:00:44,43.3590393066406,-8.84322071075439,"Unknown"
"7014853",371857,2025-07-17 11:05:37,43.3589363098145,-8.84321308135986,"Unknown"
"7014853",371857,2025-07-17 11:10:37,43.3592491149902,-8.84333324432373,"Unknown"
"7014853",371857,2025-07-17 11:15:37,43.3592109680176,-8.84319400787354,"Unknown"
"7014853",371857,2025-07-17 11:20:35,43.3590126037598,-8.84322643280029,"Unknown"
"7014853",371857,2025-07-17 11:25:38,43.3589973449707,-8.84293651580811,"Unknown"
"7014853",371857,2025-07-17 11:31:05,43.3594360351562,-8.84316730499268,"Unknown"
"7014853",371857,2025-07-17 11:35:33,43.3592910766602,-8.84331703186035,"Unknown"
"7014853",371857,2025-07-17 11:40:40,43.3593864440918,-8.84290790557861,"Unknown"
"7014853",371857,2025-07-17 11:45:33,43.3593521118164,-8.84327411651611,"Unknown"
"7014853",371857,2025-07-17 11:50:32,43.3594703674316,-8.84332466125488,"Unknown"
"7014853",371857,2025-07-17 11:55:35,43.359188079834,-8.84321117401123,"Unknown"
"7014853",371857,2025-07-17 12:00:36,43.3594436645508,-8.84290599822998,"Unknown"
"7014853",371857,2025-07-17 12:05:42,43.3596878051758,-8.84322071075439,"Unknown"
"7014853",371857,2025-07-17 12:10:38,43.359546661377,-8.84327602386475,"Unknown"
"7014853",371857,2025-07-17 12:15:38,43.3594932556152,-8.84328651428223,"Unknown"
"7014853",371857,2025-07-17 12:20:35,43.3591499328613,-8.84354019165039,"Unknown"
"7014853",371857,2025-07-17 12:25:32,43.3592567443848,-8.84358024597168,"Unknown"
"7014853",371857,2025-07-17 12:30:36,43.359375,-8.84350967407227,"Unknown"
"7014853",371857,2025-07-17 12:35:38,43.3592109680176,-8.84358406066895,"Unknown"
"7014853",371857,2025-07-17 12:40:38,43.3593063354492,-8.84324073791504,"Unknown"
"7014853",371857,2025-07-17 12:45:44,43.3592300415039,-8.84353828430176,"Unknown"
"7014853",371857,2025-07-17 12:50:46,43.3634033203125,-8.83532905578613,"Unknown"
"7014853",371857,2025-07-17 12:55:36,43.3621978759766,-8.8236837387085,"Unknown"
"7014853",371857,2025-07-17 13:00:34,43.3615417480469,-8.82372665405273,"Unknown"
"7014853",371857,2025-07-17 13:05:40,43.362133026123,-8.82478809356689,"Unknown"
"7014853",371857,2025-07-17 13:11:56,43.3590545654297,-8.84358310699463,"Unknown"
"7014853",371857,2025-07-17 13:15:44,43.3591270446777,-8.84354686737061,"Unknown"
"7014853",371857,2025-07-17 13:20:31,43.3592376708984,-8.84354400634766,"Unknown"
"7014853",371857,2025-07-17 13:25:34,43.3592948913574,-8.84351444244385,"Unknown"
"7014853",371857,2025-07-17 13:30:35,43.3592414855957,-8.84350681304932,"Unknown"
"7014853",371857,2025-07-17 13:35:44,43.3590087890625,-8.843430519104,"Unknown"
"7014853",371857,2025-07-17 13:40:36,43.359130859375,-8.84338760375977,"Unknown"
"7014853",371857,2025-07-17 13:45:39,43.3593521118164,-8.84337139129639,"Unknown"
"7014853",371857,2025-07-17 13:50:35,43.3592376708984,-8.84335136413574,"Unknown"
"7014853",371857,2025-07-17 13:55:32,43.3591270446777,-8.84354209899902,"Unknown"
"7014853",371857,2025-07-17 14:00:32,43.3592758178711,-8.84330177307129,"Unknown"
"7014853",371857,2025-07-17 14:05:32,43.3592681884766,-8.84337902069092,"Unknown"
"7014853",371857,2025-07-17 14:10:42,43.3586959838867,-8.84352588653564,"Unknown"
"7014853",371857,2025-07-17 14:15:36,43.3586502075195,-8.84321689605713,"Unknown"
"7014853",371857,2025-07-17 14:20:36,43.3586120605469,-8.84327602386475,"Unknown"
"7014853",371857,2025-07-17 14:25:35,43.3592414855957,-8.8434009552002,"Unknown"
"7014853",371857,2025-07-17 14:30:40,43.3591957092285,-8.84333229064941,"Unknown"
"7014853",371857,2025-07-17 14:35:34,43.3658866882324,-8.84716033935547,"Unknown"
"7014853",371857,2025-07-17 14:40:43,43.3917999267578,-8.86396789550781,"Unknown"
"7014853",371857,2025-07-17 14:45:33,43.4167518615723,-8.88049411773682,"Unknown"
"7014853",371857,2025-07-17 14:50:43,43.4383926391602,-8.90677261352539,"Unknown"
"7014853",371857,2025-07-17 14:55:44,43.4387550354004,-8.91093826293945,"Unknown"
"7014853",371857,2025-07-17 15:00:35,43.4312515258789,-8.91352462768555,"Unknown"
"7014853",371857,2025-07-17 15:05:38,43.428295135498,-8.91791534423828,"Unknown"
"7014853",371857,2025-07-17 15:11:05,43.4242553710938,-8.92122840881348,"Unknown"
"7014853",371857,2025-07-17 15:15:33,43.4193382263184,-8.9242696762085,"Unknown"
"7014853",371857,2025-07-17 15:20:32,43.415111541748,-8.92816925048828,"Unknown"
"7014853",371857,2025-07-17 15:25:33,43.412296295166,-8.93117046356201,"Unknown"
"7014853",371857,2025-07-17 15:30:41,43.4068603515625,-8.93603038787842,"Unknown"
"7014853",371857,2025-07-17 15:35:35,43.4026107788086,-8.93828201293945,"Unknown"
"7014853",371857,2025-07-17 15:40:32,43.3810920715332,-8.89510345458984,"Unknown"
"7014853",371857,2025-07-17 15:46:05,43.3610610961914,-8.84862232208252,"Unknown"
"7014853",371857,2025-07-17 15:51:00,43.3613052368164,-8.84456825256348,"Unknown"
"7014853",371857,2025-07-17 15:55:37,43.3588485717773,-8.84337997436523,"Unknown"
"7014853",371857,2025-07-17 16:00:33,43.3589553833008,-8.84337520599365,"Unknown"
"7014853",371857,2025-07-17 16:05:34,43.3587913513184,-8.84298896789551,"Unknown"
"7014853",371857,2025-07-17 16:10:44,43.3589782714844,-8.84352684020996,"Unknown"
"7014853",371857,2025-07-17 16:15:36,43.3591232299805,-8.84367847442627,"Unknown"
"7014853",371857,2025-07-17 16:20:34,43.3591537475586,-8.84360790252686,"Unknown"
"7014853",371857,2025-07-17 16:25:34,43.3592758178711,-8.84379005432129,"Unknown"
"7014853",371857,2025-07-17 16:30:33,43.3597106933594,-8.84425830841064,"Unknown"
"7014853",371857,2025-07-17 16:35:32,43.3597030639648,-8.84411239624023,"Unknown"
"7014853",371857,2025-07-17 16:40:36,43.3596725463867,-8.84437274932861,"Unknown"
"7014853",371857,2025-07-17 16:45:36,43.3596801757812,-8.84440612792969,"Unknown"
"7014853",371857,2025-07-17 16:50:34,43.3596343994141,-8.84422016143799,"Unknown"
"7014853",371857,2025-07-17 16:55:33,43.3596992492676,-8.84381103515625,"Unknown"
"7014853",371857,2025-07-17 17:00:34,43.3596839904785,-8.84416007995605,"Unknown"
"7014853",371857,2025-07-17 17:05:34,43.3596076965332,-8.84415721893311,"Unknown"
"7014853",371857,2025-07-17 17:10:37,43.3598022460938,-8.84414863586426,"Unknown"
"7014853",371857,2025-07-17 17:15:37,43.3597068786621,-8.84400939941406,"Unknown"
"7014853",371857,2025-07-17 17:20:36,43.359790802002,-8.84406280517578,"Unknown"
"7014853",371857,2025-07-17 17:25:37,43.3597984313965,-8.84405517578125,"Unknown"
"7014853",371857,2025-07-17 17:30:36,43.3598213195801,-8.84397411346436,"Unknown"
"7014853",371857,2025-07-17 17:35:34,43.3596267700195,-8.84377956390381,"Unknown"
"7014853",371857,2025-07-17 17:40:32,43.3593940734863,-8.84367847442627,"Unknown"
"7014853",371857,2025-07-17 17:45:36,43.3595123291016,-8.8438720703125,"Unknown"
"7014853",371857,2025-07-17 17:50:37,43.3589897155762,-8.84373474121094,"Unknown"
"7014853",371857,2025-07-17 17:55:33,43.3590202331543,-8.84364414215088,"Unknown"
"7014853",371857,2025-07-17 18:00:44,43.3589744567871,-8.84358406066895,"Unknown"
"7014853",371857,2025-07-17 18:05:37,43.358959197998,-8.84359645843506,"Unknown"
"7014853",371857,2025-07-17 18:10:39,43.3589782714844,-8.84362983703613,"Unknown"
"7014853",371857,2025-07-17 18:15:36,43.3589897155762,-8.84362697601318,"Unknown"
"7014853",371857,2025-07-17 18:20:42,43.3591003417969,-8.84357357025146,"Unknown"
"7014853",371857,2025-07-17 18:25:33,43.3590431213379,-8.84354972839355,"Unknown"
"7014853",371857,2025-07-17 18:30:33,43.3591804504395,-8.84338092803955,"Unknown"
"7014853",371857,2025-07-17 18:35:33,43.3592643737793,-8.84355735778809,"Unknown"
"7014853",371857,2025-07-17 18:41:16,43.3618545532227,-8.84550952911377,"Unknown"
"7014853",371857,2025-07-17 18:46:20,43.3615074157715,-8.84440040588379,"Unknown"
"7014853",371857,2025-07-17 18:50:43,43.3613014221191,-8.8443775177002,"Unknown"
"7014853",371857,2025-07-17 18:55:37,43.3621406555176,-8.84407997131348,"Unknown"
"7014853",371857,2025-07-17 19:00:39,43.362922668457,-8.84401893615723,"Unknown"
"7014853",371857,2025-07-17 19:05:34,43.3606719970703,-8.84801292419434,"Unknown"
"7014853",371857,2025-07-17 19:10:37,43.3595352172852,-8.84338855743408,"Unknown"
"7014853",371857,2025-07-17 19:15:39,43.3591842651367,-8.84336280822754,"Unknown"
"7014853",371857,2025-07-17 19:20:43,43.3590660095215,-8.84349822998047,"Unknown"
"7014853",371857,2025-07-17 19:25:39,43.3590812683105,-8.84344482421875,"Unknown"
"7014853",371857,2025-07-17 19:30:39,43.3591537475586,-8.84338569641113,"Unknown"
"7014853",371857,2025-07-17 19:35:39,43.3591804504395,-8.84337043762207,"Unknown"
"7014853",371857,2025-07-17 19:40:34,43.3589134216309,-8.84330654144287,"Unknown"
"7014853",371857,2025-07-17 19:45:47,43.359245300293,-8.84341812133789,"Unknown"
"7014853",371857,2025-07-17 19:50:47,43.3592948913574,-8.84342861175537,"Unknown"
"7014853",371857,2025-07-17 19:55:48,43.3592414855957,-8.84356307983398,"Unknown"
"7014853",371857,2025-07-17 20:01:06,43.3591728210449,-8.84354019165039,"Unknown"
"7014853",371857,2025-07-17 20:05:41,43.3591613769531,-8.84329319000244,"Unknown"
"7014853",371857,2025-07-17 20:10:33,43.3593444824219,-8.8436107635498,"Unknown"
"7014853",371857,2025-07-17 20:15:41,43.3591156005859,-8.84342765808105,"Unknown"
"7014853",371857,2025-07-17 20:20:34,43.3591613769531,-8.84330749511719,"Unknown"
"7014853",371857,2025-07-17 20:25:37,43.3591651916504,-8.84320831298828,"Unknown"
"7014853",371857,2025-07-17 20:30:42,43.3591575622559,-8.84323501586914,"Unknown"
"7014853",371857,2025-07-17 20:35:36,43.359130859375,-8.84339618682861,"Unknown"
"7014853",371857,2025-07-17 20:40:39,43.359203338623,-8.8433895111084,"Unknown"
"7014853",371857,2025-07-17 20:45:39,43.3592185974121,-8.84338092803955,"Unknown"
"7014853",371857,2025-07-17 20:51:04,43.359001159668,-8.84352207183838,"Unknown"
"7014853",371857,2025-07-17 20:56:41,43.3591384887695,-8.84353065490723,"Unknown"
"7014853",371857,2025-07-18 01:57:07,43.3591690063477,-8.84344959259033,"Unknown"
"7014853",371857,2025-07-18 05:16:51,43.3674926757812,-8.84698104858398,"Unknown"
"7014853",371857,2025-07-18 05:26:44,43.3594741821289,-8.84380626678467,"Unknown"
"7014853",371857,2025-07-18 05:31:35,43.3596992492676,-8.8439474105835,"Unknown"
"7014853",371857,2025-07-18 05:36:36,43.3593940734863,-8.84367942810059,"Unknown"
"7014853",371857,2025-07-18 05:41:37,43.3595962524414,-8.84388256072998,"Unknown"
"7014853",371857,2025-07-18 05:46:42,43.3594818115234,-8.84384632110596,"Unknown"
"7014853",371857,2025-07-18 05:51:38,43.3595161437988,-8.84381580352783,"Unknown"
"7014853",371857,2025-07-18 05:56:38,43.3597526550293,-8.84414577484131,"Unknown"
"7014853",371857,2025-07-18 06:01:44,43.359260559082,-8.84343814849854,"Unknown"
"7014853",371857,2025-07-18 06:07:05,43.3591117858887,-8.84342002868652,"Unknown"
"7014853",371857,2025-07-18 06:11:28,43.3591079711914,-8.84344005584717,"Unknown"
"7014853",371857,2025-07-18 06:16:29,43.3590774536133,-8.84349536895752,"Unknown"
"7014853",371857,2025-07-18 06:21:30,43.3589324951172,-8.84357929229736,"Unknown"
"7014853",371857,2025-07-18 06:26:32,43.3587875366211,-8.84360122680664,"Unknown"
"7014853",371857,2025-07-18 06:31:31,43.3588905334473,-8.84355068206787,"Unknown"
"7014853",371857,2025-07-18 06:36:29,43.3590049743652,-8.84351348876953,"Unknown"
"7014853",371857,2025-07-18 06:41:28,43.36181640625,-8.84889984130859,"Unknown"
"7014853",371857,2025-07-18 06:46:29,43.3725814819336,-8.83500671386719,"Unknown"
"7014853",371857,2025-07-18 06:51:29,43.3711318969727,-8.83389663696289,"Unknown"
"7014853",371857,2025-07-18 06:56:30,43.3706550598145,-8.83259391784668,"Unknown"
"7014853",371857,2025-07-18 07:01:32,43.3710823059082,-8.83376026153564,"Unknown"
"7014853",371857,2025-07-18 07:06:29,43.3711585998535,-8.83483791351318,"Unknown"
"7014853",371857,2025-07-18 07:16:31,43.3591690063477,-8.84350490570068,"Unknown"
"7014853",371857,2025-07-18 07:21:29,43.3591575622559,-8.84354209899902,"Unknown"
"7014853",371857,2025-07-18 07:26:29,43.3589668273926,-8.84350967407227,"Unknown"
"7014853",371857,2025-07-18 07:31:33,43.3588638305664,-8.8433837890625,"Unknown"
"7014853",371857,2025-07-18 07:36:31,43.3588333129883,-8.8433837890625,"Unknown"
"7014853",371857,2025-07-18 07:41:44,43.3591003417969,-8.8433895111084,"Unknown"
"7014853",371857,2025-07-18 07:46:31,43.3590278625488,-8.84335803985596,"Unknown"
"7014853",371857,2025-07-18 07:51:44,43.3591804504395,-8.8433895111084,"Unknown"
"7014853",371857,2025-07-18 07:56:30,43.3592147827148,-8.84345054626465,"Unknown"
"7014853",371857,2025-07-18 08:01:29,43.3593101501465,-8.84345817565918,"Unknown"
"7014853",371857,2025-07-18 08:06:29,43.3591461181641,-8.84339714050293,"Unknown"
"7014853",371857,2025-07-18 08:11:29,43.3590087890625,-8.84351062774658,"Unknown"
"7014853",371857,2025-07-18 08:16:31,43.3591194152832,-8.84349918365479,"Unknown"
"7014853",371857,2025-07-18 08:21:39,43.3591117858887,-8.84349155426025,"Unknown"
"7014853",371857,2025-07-18 08:26:43,43.3590202331543,-8.84358310699463,"Unknown"
"7014853",371857,2025-07-18 08:31:42,43.3590965270996,-8.84340190887451,"Unknown"
"7014853",371857,2025-07-18 08:36:40,43.358814239502,-8.84287166595459,"Unknown"
"7014853",371857,2025-07-18 08:41:40,43.3585357666016,-8.84267902374268,"Unknown"
"7014853",371857,2025-07-18 08:46:48,43.3591003417969,-8.84355449676514,"Unknown"
"7014853",371857,2025-07-18 08:51:52,43.3591690063477,-8.84349727630615,"Unknown"
"7014853",371857,2025-07-18 08:56:49,43.3591728210449,-8.84326839447021,"Unknown"
"7014853",371857,2025-07-18 09:01:57,43.3591613769531,-8.84348201751709,"Unknown"
"7014853",371857,2025-07-18 09:07:02,43.3590812683105,-8.84343433380127,"Unknown"
"7014853",371857,2025-07-18 09:11:41,43.3591194152832,-8.84347724914551,"Unknown"
"7014853",371857,2025-07-18 09:16:41,43.3591957092285,-8.84346199035645,"Unknown"
"7014853",371857,2025-07-18 09:21:43,43.3593444824219,-8.84340190887451,"Unknown"
"7014853",371857,2025-07-18 09:27:05,43.3592948913574,-8.84348011016846,"Unknown"
"7014853",371857,2025-07-18 09:31:40,43.3592224121094,-8.84343147277832,"Unknown"
"7014853",371857,2025-07-18 09:36:39,43.3591918945312,-8.84344673156738,"Unknown"
"7014853",371857,2025-07-18 09:41:39,43.3591194152832,-8.84347152709961,"Unknown"
"7014853",371857,2025-07-18 09:46:41,43.3590660095215,-8.84311294555664,"Unknown"
"7014853",371857,2025-07-18 09:51:38,43.3591842651367,-8.84352588653564,"Unknown"
"7014853",371857,2025-07-18 09:56:39,43.3692321777344,-8.82921028137207,"Unknown"
"7014853",371857,2025-07-18 10:01:39,43.3689422607422,-8.8291711807251,"Unknown"
"7014853",371857,2025-07-18 10:06:45,43.3696784973145,-8.8293514251709,"Unknown"
"7014853",371857,2025-07-18 10:11:39,43.3723373413086,-8.83597183227539,"Unknown"
"7014853",371857,2025-07-18 10:16:39,43.3734703063965,-8.83597087860107,"Unknown"
"7014853",371857,2025-07-18 10:21:39,43.3738975524902,-8.83719444274902,"Unknown"
"7014853",371857,2025-07-18 10:26:39,43.374454498291,-8.83802223205566,"Unknown"
"7014853",371857,2025-07-18 10:31:39,43.3679847717285,-8.83738803863525,"Unknown"
"7014853",371857,2025-07-18 10:38:03,43.3610305786133,-8.84431648254395,"Unknown"
"7014853",371857,2025-07-18 10:42:44,43.3614082336426,-8.84427738189697,"Unknown"
"7014853",371857,2025-07-18 10:46:47,43.3611068725586,-8.84443283081055,"Unknown"
"7014853",371857,2025-07-18 10:51:40,43.3605155944824,-8.84567737579346,"Unknown"
"7014853",371857,2025-07-18 10:56:39,43.3593902587891,-8.8434476852417,"Unknown"
"7014853",371857,2025-07-18 11:01:41,43.3592109680176,-8.84344959259033,"Unknown"
"7014853",371857,2025-07-18 11:06:40,43.3592185974121,-8.84348773956299,"Unknown"
"7014853",371857,2025-07-18 11:11:39,43.3686599731445,-8.85284328460693,"Unknown"
"7014853",371857,2025-07-18 11:16:40,43.3884811401367,-8.86156558990479,"Unknown"
"7014853",371857,2025-07-18 11:21:40,43.3834037780762,-8.87029552459717,"Unknown"
"7014853",371857,2025-07-18 11:26:40,43.3828010559082,-8.88587665557861,"Unknown"
"7014853",371857,2025-07-18 11:31:40,43.3949508666992,-8.91316032409668,"Unknown"
"7014853",371857,2025-07-18 11:36:41,43.3960037231445,-8.94566631317139,"Unknown"
"7014853",371857,2025-07-18 11:41:41,43.383113861084,-8.97518825531006,"Unknown"
"7014853",371857,2025-07-18 11:46:49,43.3818283081055,-8.97696876525879,"Unknown"
"7014853",371857,2025-07-18 11:51:39,43.3844528198242,-8.96891307830811,"Unknown"
"7014853",371857,2025-07-18 11:56:46,43.3854331970215,-8.96575355529785,"Unknown"
"7014853",371857,2025-07-18 12:01:44,43.3854141235352,-8.96634769439697,"Unknown"
"7014853",371857,2025-07-18 12:06:39,43.3846015930176,-8.96483421325684,"Unknown"
"7014853",371857,2025-07-18 12:11:39,43.3904876708984,-8.94555759429932,"Unknown"
"7014853",371857,2025-07-18 12:17:01,43.3910789489746,-8.94501686096191,"Unknown"
"7014853",371857,2025-07-18 12:21:39,43.3943557739258,-8.9334602355957,"Unknown"
"7014853",371857,2025-07-18 12:26:44,43.3924713134766,-8.93404006958008,"Unknown"
"7014853",371857,2025-07-18 12:31:40,43.3880386352539,-8.90284061431885,"Unknown"
"7014853",371857,2025-07-18 12:36:40,43.375560760498,-8.87331867218018,"Unknown"
"7014853",371857,2025-07-18 12:41:46,43.3591804504395,-8.84362316131592,"Unknown"
"7014853",371857,2025-07-18 12:47:05,43.359073638916,-8.84339714050293,"Unknown"
"7014853",371857,2025-07-18 12:51:40,43.3627243041992,-8.83478355407715,"Unknown"
"7014853",371857,2025-07-18 12:56:39,43.3606414794922,-8.84503841400146,"Unknown"
"7014853",371857,2025-07-18 13:01:42,43.3590507507324,-8.84353256225586,"Unknown"
"7014853",371857,2025-07-18 13:06:41,43.3592262268066,-8.84351634979248,"Unknown"
"7014853",371857,2025-07-18 13:11:44,43.3590965270996,-8.84354019165039,"Unknown"
"7014853",371857,2025-07-18 13:16:41,43.3591270446777,-8.84346961975098,"Unknown"
"7014853",371857,2025-07-18 13:22:01,43.3590927124023,-8.84352016448975,"Unknown"
"7014853",371857,2025-07-18 13:26:39,43.3591575622559,-8.8434591293335,"Unknown"
"7014853",371857,2025-07-18 13:31:39,43.3591575622559,-8.84326076507568,"Unknown"
"7014853",371857,2025-07-18 13:36:44,43.3591384887695,-8.84348583221436,"Unknown"
"7014853",371857,2025-07-18 13:41:43,43.3591079711914,-8.84348487854004,"Unknown"
"7014853",371857,2025-07-18 13:46:44,43.3591384887695,-8.84356689453125,"Unknown"
"7014853",371857,2025-07-18 13:51:41,43.3590888977051,-8.84361457824707,"Unknown"
"7014853",371857,2025-07-18 13:56:39,43.3745307922363,-8.8449125289917,"Unknown"
"7014853",371857,2025-07-18 14:01:43,43.4020118713379,-8.85595321655273,"Unknown"
"7014853",371857,2025-07-18 14:06:50,43.4407157897949,-8.83344554901123,"Unknown"
"7014853",371857,2025-07-18 14:11:40,43.4402809143066,-8.81473159790039,"Unknown"
"7014853",371857,2025-07-18 14:16:50,43.4388313293457,-8.80515480041504,"Unknown"
"7014853",371857,2025-07-18 14:21:41,43.435115814209,-8.77560329437256,"Unknown"
"7014853",371857,2025-07-18 14:26:49,43.4342193603516,-8.77121162414551,"Unknown"
"7014853",371857,2025-07-18 14:31:41,43.4305419921875,-8.73827171325684,"Unknown"
"7014853",371857,2025-07-18 14:36:49,43.4208297729492,-8.72897148132324,"Unknown"
"7014853",371857,2025-07-18 14:41:41,43.3964157104492,-8.73000812530518,"Unknown"
"7014853",371857,2025-07-18 14:47:20,43.366569519043,-8.73907852172852,"Unknown"
"7014853",371857,2025-07-18 14:51:40,43.3518333435059,-8.75722980499268,"Unknown"
"7014853",371857,2025-07-18 14:56:46,43.3342704772949,-8.77529239654541,"Unknown"
"7014853",371857,2025-07-18 15:01:41,43.3180694580078,-8.79135799407959,"Unknown"
"7014853",371857,2025-07-18 15:07:05,43.3252754211426,-8.80857372283936,"Unknown"
"7014853",371857,2025-07-18 15:11:40,43.3350563049316,-8.82493019104004,"Unknown"
"7014853",371857,2025-07-18 15:16:40,43.3590278625488,-8.83451366424561,"Unknown"
"7014853",371857,2025-07-18 15:21:39,43.3591346740723,-8.84349536895752,"Unknown"
"7014853",371857,2025-07-18 15:26:39,43.3591232299805,-8.84346866607666,"Unknown"
"7014853",371857,2025-07-18 15:31:41,43.3591690063477,-8.84358406066895,"Unknown"
"7014853",371857,2025-07-18 15:37:05,43.3591423034668,-8.84346580505371,"Unknown"
"7014853",371857,2025-07-18 15:41:41,43.3591499328613,-8.84353542327881,"Unknown"
"7014853",371857,2025-07-18 15:46:43,43.3592071533203,-8.843430519104,"Unknown"
"7014853",371857,2025-07-18 15:51:46,43.3591461181641,-8.84349346160889,"Unknown"
"7014853",371857,2025-07-18 15:56:41,43.3591041564941,-8.84343433380127,"Unknown"
"7014853",371857,2025-07-18 16:01:59,43.3591232299805,-8.84348201751709,"Unknown"
"7014853",371857,2025-07-18 16:06:49,43.3591384887695,-8.84351921081543,"Unknown"
"7014853",371857,2025-07-18 16:11:56,43.3591003417969,-8.84350299835205,"Unknown"
"7014853",371857,2025-07-18 16:16:46,43.3590812683105,-8.84337997436523,"Unknown"
"7014853",371857,2025-07-18 16:21:43,43.3590621948242,-8.84335231781006,"Unknown"
"7014853",371857,2025-07-18 16:26:44,43.3590660095215,-8.84331321716309,"Unknown"
"7014853",371857,2025-07-18 16:31:47,43.3590507507324,-8.84335136413574,"Unknown"
"7014853",371857,2025-07-18 16:37:04,43.3591499328613,-8.84350395202637,"Unknown"
"7014853",371857,2025-07-18 16:41:40,43.3592300415039,-8.84340953826904,"Unknown"
"7014853",371857,2025-07-18 16:46:39,43.3591423034668,-8.84348201751709,"Unknown"
"7014853",371857,2025-07-18 16:51:40,43.3591575622559,-8.84349727630615,"Unknown"
"7014853",371857,2025-07-18 16:56:39,43.3590888977051,-8.84358406066895,"Unknown"
"7014853",371857,2025-07-18 17:01:39,43.3592071533203,-8.84345722198486,"Unknown"
"7014853",371857,2025-07-18 17:06:39,43.3592376708984,-8.8439998626709,"Unknown"
"7014853",371857,2025-07-18 17:11:40,43.3591461181641,-8.84350776672363,"Unknown"
"7014853",371857,2025-07-18 17:16:39,43.3615493774414,-8.82344436645508,"Unknown"
"7014853",371857,2025-07-18 17:21:42,43.3599090576172,-8.82427406311035,"Unknown"
"7014853",371857,2025-07-18 17:26:44,43.3643074035645,-8.82893562316895,"Unknown"
"7014853",371857,2025-07-18 17:31:42,43.3640174865723,-8.8293342590332,"Unknown"
"7014853",371857,2025-07-18 17:36:41,43.3637275695801,-8.8296070098877,"Unknown"
"7014853",371857,2025-07-18 17:41:41,43.3635444641113,-8.83011722564697,"Unknown"
"7014853",371857,2025-07-18 17:46:40,43.3631019592285,-8.8307523727417,"Unknown"
"7014853",371857,2025-07-18 17:52:14,43.3605270385742,-8.84418964385986,"Unknown"
"7014853",371857,2025-07-18 17:56:41,43.3587074279785,-8.84390830993652,"Unknown"
"7014853",371857,2025-07-18 18:01:46,43.3591270446777,-8.84408664703369,"Unknown"
"7014853",371857,2025-07-18 18:06:41,43.3590698242188,-8.84391307830811,"Unknown"
"7014853",371857,2025-07-18 18:11:41,43.3591232299805,-8.84389495849609,"Unknown"
"7014853",371857,2025-07-18 18:16:42,43.3591041564941,-8.84396076202393,"Unknown"
"7014853",371857,2025-07-18 18:21:39,43.3591079711914,-8.84386157989502,"Unknown"
"7014853",371857,2025-07-18 18:26:39,43.3591270446777,-8.84384918212891,"Unknown"
"7014853",371857,2025-07-18 18:31:39,43.3591575622559,-8.84390068054199,"Unknown"
"7014853",371857,2025-07-18 18:36:39,43.3591156005859,-8.84395503997803,"Unknown"
"7014853",371857,2025-07-18 18:41:42,43.3591728210449,-8.84394454956055,"Unknown"
"7014853",371857,2025-07-18 18:46:41,43.3591270446777,-8.84402561187744,"Unknown"
"7014853",371857,2025-07-18 18:51:39,43.3590927124023,-8.84374141693115,"Unknown"
"7014853",371857,2025-07-18 18:56:41,43.3591575622559,-8.84347248077393,"Unknown"
"7014853",371857,2025-07-18 19:02:05,43.3590812683105,-8.84343528747559,"Unknown"
"7014853",371857,2025-07-18 19:06:39,43.359073638916,-8.84346485137939,"Unknown"
"7014853",371857,2025-07-18 19:11:42,43.3590316772461,-8.843337059021,"Unknown"
"7014853",371857,2025-07-18 19:16:40,43.3591613769531,-8.84345436096191,"Unknown"
"7014853",371857,2025-07-18 19:21:39,43.3590507507324,-8.84344387054443,"Unknown"
"7014853",371857,2025-07-18 19:26:39,43.3590774536133,-8.84341526031494,"Unknown"
"7014853",371857,2025-07-18 19:31:40,43.3591766357422,-8.84344577789307,"Unknown"
"7014853",371857,2025-07-18 19:36:39,43.3590316772461,-8.84336471557617,"Unknown"
"7014853",371857,2025-07-18 19:41:41,43.3590965270996,-8.84342288970947,"Unknown"
"7014853",371857,2025-07-18 19:46:44,43.3590469360352,-8.84345149993896,"Unknown"
"7014853",371857,2025-07-18 19:51:42,43.3591232299805,-8.8433198928833,"Unknown"
"7014853",371857,2025-07-18 19:56:40,43.3592300415039,-8.84364700317383,"Unknown"
"7014853",371857,2025-07-18 20:01:41,43.3590202331543,-8.84327983856201,"Unknown"
"7014853",371857,2025-07-18 20:06:48,43.3590393066406,-8.84335136413574,"Unknown"
"7014853",371857,2025-07-18 20:11:39,43.3591766357422,-8.84353923797607,"Unknown"
"7014853",371857,2025-07-18 20:16:42,43.3590240478516,-8.84311676025391,"Unknown"
"7014853",371857,2025-07-18 20:21:45,43.3591346740723,-8.8434419631958,"Unknown"
"7014853",371857,2025-07-18 20:26:48,43.359130859375,-8.84342956542969,"Unknown"
"7014853",371857,2025-07-18 20:31:46,43.3591499328613,-8.84340286254883,"Unknown"
"7014853",371857,2025-07-18 20:36:43,43.3591842651367,-8.84338665008545,"Unknown"
"7014853",371857,2025-07-18 20:41:42,43.3591346740723,-8.84341621398926,"Unknown"
"7014853",371857,2025-07-18 20:46:49,43.3592147827148,-8.84350967407227,"Unknown"
"7014853",371857,2025-07-18 20:51:45,43.3593559265137,-8.84305000305176,"Unknown"
"7014853",371857,2025-07-18 20:56:25,43.3591804504395,-8.8433198928833,"Unknown"
"7014853",371857,2025-07-19 01:56:44,43.3591957092285,-8.8434944152832,"Unknown"
"7014853",371857,2025-07-19 05:18:29,43.3680877685547,-8.83288478851318,"Unknown"
"7014853",371857,2025-07-19 05:22:11,43.366886138916,-8.82943534851074,"Unknown"
"7014853",371857,2025-07-19 05:27:26,43.3569717407227,-8.84067058563232,"Unknown"
"7014853",371857,2025-07-19 05:32:12,43.3569869995117,-8.84018421173096,"Unknown"
"7014853",371857,2025-07-19 05:37:35,43.3567962646484,-8.84037971496582,"Unknown"
"7014853",371857,2025-07-19 05:42:14,43.3568534851074,-8.84039878845215,"Unknown"
"7014853",371857,2025-07-19 05:47:15,43.3582763671875,-8.84179401397705,"Unknown"
"7014853",371857,2025-07-19 05:52:13,43.359375,-8.84326553344727,"Unknown"
"7014853",371857,2025-07-19 05:57:12,43.3728103637695,-8.85242652893066,"Unknown"
"7014853",371857,2025-07-19 06:02:12,43.3656883239746,-8.83616352081299,"Unknown"
"7014853",371857,2025-07-19 06:07:14,43.3654136657715,-8.8355131149292,"Unknown"
"7014853",371857,2025-07-19 06:12:12,43.3656005859375,-8.83548069000244,"Unknown"
"7014853",371857,2025-07-19 06:17:19,43.3696060180664,-8.8303747177124,"Unknown"
"7014853",371857,2025-07-19 06:22:11,43.3629493713379,-8.83231925964355,"Unknown"
"7014853",371857,2025-07-19 06:27:24,43.3592109680176,-8.84339046478271,"Unknown"
"7014853",371857,2025-07-19 06:32:16,43.3593444824219,-8.84342098236084,"Unknown"
"7014853",371857,2025-07-19 06:37:16,43.3593292236328,-8.84335517883301,"Unknown"
"7014853",371857,2025-07-19 06:42:24,43.3591728210449,-8.84346961975098,"Unknown"
"7014853",371857,2025-07-19 06:47:18,43.3591728210449,-8.84345722198486,"Unknown"
"7014853",371857,2025-07-19 06:52:24,43.3591804504395,-8.84337902069092,"Unknown"
"7014853",371857,2025-07-19 06:57:17,43.3592834472656,-8.84336280822754,"Unknown"
"7014853",371857,2025-07-19 07:02:31,43.3591423034668,-8.84341144561768,"Unknown"
"7014853",371857,2025-07-19 07:07:21,43.3591041564941,-8.84333419799805,"Unknown"
"7014853",371857,2025-07-19 07:12:13,43.3590812683105,-8.84349727630615,"Unknown"
"7014853",371857,2025-07-19 07:17:13,43.3591194152832,-8.84353923797607,"Unknown"
"7014853",371857,2025-07-19 07:22:11,43.3590812683105,-8.84336853027344,"Unknown"
"7014853",371857,2025-07-19 07:27:14,43.3590621948242,-8.84353160858154,"Unknown"
"7014853",371857,2025-07-19 07:32:12,43.3591957092285,-8.8435525894165,"Unknown"
"7014853",371857,2025-07-19 07:37:24,43.3591194152832,-8.84347534179688,"Unknown"
"7014853",371857,2025-07-19 07:42:13,43.3591384887695,-8.84353637695312,"Unknown"
"7014853",371857,2025-07-19 07:47:24,43.3591117858887,-8.8434591293335,"Unknown"
"7014853",371857,2025-07-19 07:52:12,43.3590965270996,-8.84349250793457,"Unknown"
"7014853",371857,2025-07-19 07:57:14,43.3590927124023,-8.84340000152588,"Unknown"
"7014853",371857,2025-07-19 08:02:19,43.3591117858887,-8.84342288970947,"Unknown"
"7014853",371857,2025-07-19 08:07:13,43.359073638916,-8.84354686737061,"Unknown"
"7014853",371857,2025-07-19 08:12:16,43.3590888977051,-8.84326457977295,"Unknown"
"7014853",371857,2025-07-19 08:17:14,43.3590774536133,-8.84301662445068,"Unknown"
"7014853",371857,2025-07-19 08:22:14,43.35888671875,-8.84242248535156,"Unknown"
"7014853",371857,2025-07-19 08:27:16,43.3585739135742,-8.84258270263672,"Unknown"
"7014853",371857,2025-07-19 08:33:35,43.3611068725586,-8.8343563079834,"Unknown"
"7014853",371857,2025-07-19 08:38:01,43.3450813293457,-8.83193683624268,"Unknown"
"7014853",371857,2025-07-19 08:42:42,43.3274154663086,-8.82321548461914,"Unknown"
"7014853",371857,2025-07-19 08:47:11,43.3224029541016,-8.80684471130371,"Unknown"
"7014853",371857,2025-07-19 08:52:12,43.3221206665039,-8.80754280090332,"Unknown"
"7014853",371857,2025-07-19 08:57:14,43.3218078613281,-8.80863761901855,"Unknown"
"7014853",371857,2025-07-19 09:02:30,43.3218536376953,-8.80702114105225,"Unknown"
"7014853",371857,2025-07-19 09:07:21,43.3221244812012,-8.80701351165771,"Unknown"
"7014853",371857,2025-07-19 09:12:35,43.322696685791,-8.80338191986084,"Unknown"
"7014853",371857,2025-07-19 09:17:12,43.3224296569824,-8.80322265625,"Unknown"
"7014853",371857,2025-07-19 09:22:13,43.322338104248,-8.80309581756592,"Unknown"
"7014853",371857,2025-07-19 09:27:12,43.322322845459,-8.80294895172119,"Unknown"
"7014853",371857,2025-07-19 09:32:12,43.3222732543945,-8.80279922485352,"Unknown"
"7014853",371857,2025-07-19 09:37:13,43.3212814331055,-8.80332565307617,"Unknown"
"7014853",371857,2025-07-19 09:42:14,43.3131446838379,-8.780686378479,"Unknown"
"7014853",371857,2025-07-19 09:47:33,43.2992820739746,-8.77157402038574,"Unknown"
"7014853",371857,2025-07-19 09:52:44,43.2991828918457,-8.77157402038574,"Unknown"
"7014853",371857,2025-07-19 09:57:15,43.2996063232422,-8.77187824249268,"Unknown"
"7014853",371857,2025-07-19 10:02:14,43.2994804382324,-8.77146053314209,"Unknown"
"7014853",371857,2025-07-19 10:07:11,43.3027725219727,-8.7679328918457,"Unknown"
"7014853",371857,2025-07-19 10:12:12,43.3105583190918,-8.73022365570068,"Unknown"
"7014853",371857,2025-07-19 10:17:11,43.3235130310059,-8.69968509674072,"Unknown"
"7014853",371857,2025-07-19 10:22:11,43.343334197998,-8.69365501403809,"Unknown"
"7014853",371857,2025-07-19 10:27:13,43.3466453552246,-8.6994457244873,"Unknown"
"7014853",371857,2025-07-19 10:32:15,43.3480377197266,-8.6999568939209,"Unknown"
"7014853",371857,2025-07-19 10:37:16,43.3562316894531,-8.68782997131348,"Unknown"
"7014853",371857,2025-07-19 10:42:12,43.3561134338379,-8.68783283233643,"Unknown"
"7014853",371857,2025-07-19 10:47:19,43.3566017150879,-8.68788433074951,"Unknown"
"7014853",371857,2025-07-19 10:52:12,43.3550109863281,-8.68424606323242,"Unknown"
"7014853",371857,2025-07-19 10:57:16,43.3497886657715,-8.68316841125488,"Unknown"
"7014853",371857,2025-07-19 11:02:40,43.3499717712402,-8.68312358856201,"Unknown"
"7014853",371857,2025-07-19 11:07:14,43.3502464294434,-8.68367481231689,"Unknown"
"7014853",371857,2025-07-19 11:13:31,43.338939666748,-8.70057106018066,"Unknown"
"7014853",371857,2025-07-19 11:18:36,43.3216514587402,-8.6963062286377,"Unknown"
"7014853",371857,2025-07-19 11:22:11,43.3105316162109,-8.69672679901123,"Unknown"
"7014853",371857,2025-07-19 11:27:11,43.2965049743652,-8.71111106872559,"Unknown"
"7014853",371857,2025-07-19 11:32:14,43.2950782775879,-8.73130798339844,"Unknown"
"7014853",371857,2025-07-19 11:37:12,43.2937469482422,-8.73574638366699,"Unknown"
"7014853",371857,2025-07-19 11:42:12,43.2934341430664,-8.74586009979248,"Unknown"
"7014853",371857,2025-07-19 11:47:35,43.2934074401855,-8.74572658538818,"Unknown"
"7014853",371857,2025-07-19 11:52:12,43.2965507507324,-8.74670791625977,"Unknown"
"7014853",371857,2025-07-19 11:57:11,43.3080711364746,-8.77570819854736,"Unknown"
"7014853",371857,2025-07-19 12:02:11,43.3276176452637,-8.80182933807373,"Unknown"
"7014853",371857,2025-07-19 12:07:11,43.3511505126953,-8.82710742950439,"Unknown"
"7014853",371857,2025-07-19 12:12:15,43.3590087890625,-8.84337615966797,"Unknown"
"7014853",371857,2025-07-19 12:17:29,43.3590660095215,-8.84347820281982,"Unknown"
"7014853",371857,2025-07-19 12:22:16,43.3590507507324,-8.84357166290283,"Unknown"
"7014853",371857,2025-07-19 12:27:27,43.3590774536133,-8.84345054626465,"Unknown"
"7014853",371857,2025-07-19 12:32:22,43.3590431213379,-8.84347915649414,"Unknown"
"7014853",371857,2025-07-19 12:37:25,43.3590469360352,-8.84347629547119,"Unknown"
"7014853",371857,2025-07-19 12:42:27,43.3590965270996,-8.84352588653564,"Unknown"
"7014853",371857,2025-07-19 12:47:14,43.3590126037598,-8.84340763092041,"Unknown"
"7014853",371857,2025-07-19 12:52:35,43.3591995239258,-8.84360218048096,"Unknown"
"7014853",371857,2025-07-19 12:57:17,43.3591842651367,-8.84360980987549,"Unknown"
"7014853",371857,2025-07-19 13:02:15,43.3590354919434,-8.84336471557617,"Unknown"
"7014853",371857,2025-07-19 13:07:14,43.3591499328613,-8.84353923797607,"Unknown"
"7014853",371857,2025-07-19 13:12:18,43.3589859008789,-8.84335994720459,"Unknown"
"7014853",371857,2025-07-19 13:17:17,43.3589134216309,-8.84341716766357,"Unknown"
"7014853",371857,2025-07-19 13:22:26,43.3588790893555,-8.84333896636963,"Unknown"
"7014853",371857,2025-07-19 13:27:35,43.3591156005859,-8.84348392486572,"Unknown"
"7014853",371857,2025-07-19 13:32:12,43.3591957092285,-8.8433666229248,"Unknown"
"7014853",371857,2025-07-19 13:37:12,43.3591575622559,-8.84335994720459,"Unknown"
"7014853",371857,2025-07-19 13:42:12,43.359130859375,-8.84346008300781,"Unknown"
"7014853",371857,2025-07-19 13:47:16,43.3591766357422,-8.8436279296875,"Unknown"
"7014853",371857,2025-07-19 13:52:19,43.3591957092285,-8.8435173034668,"Unknown"
"7014853",371857,2025-07-19 13:57:21,43.3592300415039,-8.84353256225586,"Unknown"
"7014853",371857,2025-07-19 14:02:22,43.3592071533203,-8.84353828430176,"Unknown"
"7014853",371857,2025-07-19 14:07:16,43.3592567443848,-8.84362602233887,"Unknown"
"7014853",371857,2025-07-19 14:12:21,43.3591842651367,-8.84348773956299,"Unknown"
"7014853",371857,2025-07-19 14:17:21,43.3587036132812,-8.84200096130371,"Unknown"
"7014853",371857,2025-07-19 14:22:13,43.3657722473145,-8.82567691802979,"Unknown"
"7014853",371857,2025-07-19 14:27:16,43.3642654418945,-8.82406044006348,"Unknown"
"7014853",371857,2025-07-19 14:32:16,43.3616065979004,-8.82231616973877,"Unknown"
"7014853",371857,2025-07-19 14:37:15,43.3595199584961,-8.83448791503906,"Unknown"
"7014853",371857,2025-07-19 14:42:17,43.3593139648438,-8.84380722045898,"Unknown"
"7014853",371857,2025-07-19 14:47:19,43.3590965270996,-8.84344387054443,"Unknown"
"7014853",371857,2025-07-19 14:52:17,43.3588790893555,-8.84267044067383,"Unknown"
"7014853",371857,2025-07-19 14:57:17,43.3595657348633,-8.84426307678223,"Unknown"
"7014853",371857,2025-07-19 15:02:43,43.3591766357422,-8.84349536895752,"Unknown"
"7014853",371857,2025-07-19 15:07:12,43.3592300415039,-8.84339141845703,"Unknown"
"7014853",371857,2025-07-19 15:12:12,43.3589782714844,-8.84350204467773,"Unknown"
"7014853",371857,2025-07-19 15:17:11,43.3592147827148,-8.84347152709961,"Unknown"
"7014853",371857,2025-07-19 15:22:12,43.3590965270996,-8.84348964691162,"Unknown"
"7014853",371857,2025-07-19 15:27:11,43.3590393066406,-8.84341430664062,"Unknown"
"7014853",371857,2025-07-19 15:32:12,43.3590888977051,-8.843505859375,"Unknown"
"7014853",371857,2025-07-19 15:37:12,43.3590888977051,-8.84348297119141,"Unknown"
"7014853",371857,2025-07-19 15:42:11,43.3591461181641,-8.84344387054443,"Unknown"
"7014853",371857,2025-07-19 15:47:16,43.3587188720703,-8.84285449981689,"Unknown"
"7014853",371857,2025-07-19 15:52:19,43.3591384887695,-8.84351921081543,"Unknown"
"7014853",371857,2025-07-19 15:57:13,43.3590965270996,-8.84351634979248,"Unknown"
"7014853",371857,2025-07-19 16:02:17,43.3590660095215,-8.84335994720459,"Unknown"
"7014853",371857,2025-07-19 16:07:29,43.3591346740723,-8.84354782104492,"Unknown"
"7014853",371857,2025-07-19 16:12:13,43.3591766357422,-8.84360504150391,"Unknown"
"7014853",371857,2025-07-19 16:17:18,43.367748260498,-8.82930755615234,"Unknown"
"7014853",371857,2025-07-19 16:22:15,43.3672752380371,-8.82803440093994,"Unknown"
"7014853",371857,2025-07-19 16:27:14,43.3677635192871,-8.82906723022461,"Unknown"
"7014853",371857,2025-07-19 16:32:18,43.3612403869629,-8.83046340942383,"Unknown"
"7014853",371857,2025-07-19 16:37:17,43.3569297790527,-8.84092044830322,"Unknown"
"7014853",371857,2025-07-19 16:42:27,43.3563499450684,-8.83971691131592,"Unknown"
"7014853",371857,2025-07-19 16:47:18,43.3588676452637,-8.84321975708008,"Unknown"
"7014853",371857,2025-07-19 16:52:31,43.359130859375,-8.84359931945801,"Unknown"
"7014853",371857,2025-07-19 16:57:35,43.3591651916504,-8.84349250793457,"Unknown"
"7014853",371857,2025-07-19 17:02:16,43.3591995239258,-8.8433256149292,"Unknown"
"7014853",371857,2025-07-19 17:07:44,43.3592414855957,-8.84352779388428,"Unknown"
"7014853",371857,2025-07-19 17:12:13,43.3590316772461,-8.84377193450928,"Unknown"
"7014853",371857,2025-07-19 17:17:14,43.3592758178711,-8.84334945678711,"Unknown"
"7014853",371857,2025-07-19 17:22:13,43.3590316772461,-8.84328937530518,"Unknown"
"7014853",371857,2025-07-19 17:27:12,43.3590126037598,-8.84365940093994,"Unknown"
"7014853",371857,2025-07-19 17:32:12,43.3589706420898,-8.84355354309082,"Unknown"
"7014853",371857,2025-07-19 17:37:12,43.359130859375,-8.8434362411499,"Unknown"
"7014853",371857,2025-07-19 17:42:13,43.3590888977051,-8.84347343444824,"Unknown"
"7014853",371857,2025-07-19 17:47:16,43.3591537475586,-8.84401988983154,"Unknown"
"7014853",371857,2025-07-19 17:52:18,43.3597259521484,-8.84469985961914,"Unknown"
"7014853",371857,2025-07-19 17:57:22,43.3587074279785,-8.84340476989746,"Unknown"
"7014853",371857,2025-07-19 18:02:35,43.3587760925293,-8.84344387054443,"Unknown"
"7014853",371857,2025-07-19 18:07:40,43.358814239502,-8.84342002868652,"Unknown"
"7014853",371857,2025-07-19 18:12:13,43.3588943481445,-8.84342861175537,"Unknown"
"7014853",371857,2025-07-19 18:17:11,43.3649940490723,-8.83773422241211,"Unknown"
"7014853",371857,2025-07-19 18:22:16,43.3656044006348,-8.839430809021,"Unknown"
"7014853",371857,2025-07-19 18:27:12,43.3661956787109,-8.8394079208374,"Unknown"
"7014853",371857,2025-07-19 18:32:12,43.3641204833984,-8.83086585998535,"Unknown"
"7014853",371857,2025-07-19 18:37:12,43.3698844909668,-8.83011150360107,"Unknown"
"7014853",371857,2025-07-19 18:42:11,43.3623008728027,-8.83674240112305,"Unknown"
"7014853",371857,2025-07-19 18:47:29,43.3566818237305,-8.84086036682129,"Unknown"
"7014853",371857,2025-07-19 18:52:13,43.3580207824707,-8.84279346466064,"Unknown"
"7014853",371857,2025-07-19 18:57:19,43.3578681945801,-8.8434009552002,"Unknown"
"7014853",371857,2025-07-19 19:02:15,43.3579330444336,-8.8428201675415,"Unknown"
"7014853",371857,2025-07-19 19:07:17,43.3576316833496,-8.84295749664307,"Unknown"
"7014853",371857,2025-07-19 19:12:33,43.3584823608398,-8.84344387054443,"Unknown"
"7014853",371857,2025-07-19 19:17:14,43.3581314086914,-8.84339332580566,"Unknown"
"7014853",371857,2025-07-19 19:22:12,43.3582649230957,-8.84379482269287,"Unknown"
"7014853",371857,2025-07-19 19:27:14,43.3592262268066,-8.84338569641113,"Unknown"
"7014853",371857,2025-07-19 19:32:14,43.3590545654297,-8.84357452392578,"Unknown"
"7014853",371857,2025-07-19 19:37:23,43.3590698242188,-8.84342575073242,"Unknown"
"7014853",371857,2025-07-19 19:42:24,43.3590698242188,-8.84340190887451,"Unknown"
"7014853",371857,2025-07-19 19:47:12,43.3615684509277,-8.83350372314453,"Unknown"
"7014853",371857,2025-07-19 19:52:13,43.3694877624512,-8.83086681365967,"Unknown"
"7014853",371857,2025-07-19 19:57:12,43.3668212890625,-8.82867813110352,"Unknown"
"7014853",371857,2025-07-19 20:02:35,43.3584327697754,-8.83759784698486,"Unknown"
"7014853",371857,2025-07-19 20:07:11,43.3587532043457,-8.84377574920654,"Unknown"
"7014853",371857,2025-07-19 20:12:18,43.3587226867676,-8.84326648712158,"Unknown"
"7014853",371857,2025-07-19 20:17:12,43.3590545654297,-8.84340667724609,"Unknown"
"7014853",371857,2025-07-19 20:22:13,43.3591232299805,-8.84348487854004,"Unknown"
"7014853",371857,2025-07-19 20:27:11,43.3590698242188,-8.84359169006348,"Unknown"
"7014853",371857,2025-07-19 20:32:12,43.3589973449707,-8.84346961975098,"Unknown"
"7014853",371857,2025-07-19 20:37:12,43.3590774536133,-8.84348297119141,"Unknown"
"7014853",371857,2025-07-19 20:42:15,43.3590469360352,-8.84346866607666,"Unknown"
"7014853",371857,2025-07-19 20:47:13,43.3590621948242,-8.84349632263184,"Unknown"
"7014853",371857,2025-07-19 20:52:17,43.3591270446777,-8.84345722198486,"Unknown"
"7014853",371857,2025-07-19 20:55:21,43.359058380127,-8.84351062774658,"Unknown"
"7014853",371857,2025-07-20 01:55:45,43.359130859375,-8.84364414215088,"Unknown"
"7014853",371857,2025-07-20 05:18:36,43.3591537475586,-8.84346675872803,"Unknown"
"7014853",371857,2025-07-20 05:23:16,43.3591575622559,-8.84340953826904,"Unknown"
"7014853",371857,2025-07-20 05:28:21,43.3591346740723,-8.84349155426025,"Unknown"
"7014853",371857,2025-07-20 05:33:18,43.3591766357422,-8.84335517883301,"Unknown"
"7014853",371857,2025-07-20 05:38:17,43.3590431213379,-8.84342956542969,"Unknown"
"7014853",371857,2025-07-20 05:43:21,43.3591117858887,-8.84341716766357,"Unknown"
"7014853",371857,2025-07-20 05:48:15,43.3588638305664,-8.8437385559082,"Unknown"
"7014853",371857,2025-07-20 05:53:15,43.3590278625488,-8.84356880187988,"Unknown"
"7014853",371857,2025-07-20 05:58:18,43.3589324951172,-8.8435115814209,"Unknown"
"7014853",371857,2025-07-20 06:03:15,43.3590240478516,-8.84348201751709,"Unknown"
"7014853",371857,2025-07-20 06:08:22,43.3591690063477,-8.84336853027344,"Unknown"
"7014853",371857,2025-07-20 06:13:15,43.3589668273926,-8.84356021881104,"Unknown"
"7014853",371857,2025-07-20 06:18:19,43.3584442138672,-8.84258079528809,"Unknown"
"7014853",371857,2025-07-20 06:23:45,43.3564491271973,-8.84095859527588,"Unknown"
"7014853",371857,2025-07-20 06:28:16,43.3512077331543,-8.83047866821289,"Unknown"
"7014853",371857,2025-07-20 06:33:15,43.3499183654785,-8.83016204833984,"Unknown"
"7014853",371857,2025-07-20 06:38:17,43.3489608764648,-8.82943439483643,"Unknown"
"7014853",371857,2025-07-20 06:43:15,43.3485336303711,-8.83174228668213,"Unknown"
"7014853",371857,2025-07-20 06:48:18,43.3487548828125,-8.83248901367188,"Unknown"
"7014853",371857,2025-07-20 06:53:15,43.3488502502441,-8.83370876312256,"Unknown"
"7014853",371857,2025-07-20 06:58:16,43.3488960266113,-8.83579635620117,"Unknown"
"7014853",371857,2025-07-20 07:03:16,43.3565979003906,-8.84071445465088,"Unknown"
"7014853",371857,2025-07-20 07:08:22,43.3567733764648,-8.84080505371094,"Unknown"
"7014853",371857,2025-07-20 07:13:21,43.3588905334473,-8.8431224822998,"Unknown"
"7014853",371857,2025-07-20 07:18:15,43.359058380127,-8.84301662445068,"Unknown"
"7014853",371857,2025-07-20 07:23:19,43.3592529296875,-8.84313869476318,"Unknown"
"7014853",371857,2025-07-20 07:28:17,43.358585357666,-8.8429594039917,"Unknown"
"7014853",371857,2025-07-20 07:33:16,43.3590049743652,-8.84338569641113,"Unknown"
"7014853",371857,2025-07-20 07:38:16,43.3590049743652,-8.84337043762207,"Unknown"
"7014853",371857,2025-07-20 07:43:17,43.3590965270996,-8.84335613250732,"Unknown"
"7014853",371857,2025-07-20 07:48:18,43.3590354919434,-8.84337520599365,"Unknown"
"7014853",371857,2025-07-20 07:53:17,43.3590087890625,-8.84342384338379,"Unknown"
"7014853",371857,2025-07-20 07:58:17,43.3590965270996,-8.84320163726807,"Unknown"
"7014853",371857,2025-07-20 08:03:14,43.359073638916,-8.84336471557617,"Unknown"
"7014853",371857,2025-07-20 08:08:15,43.3590545654297,-8.84330177307129,"Unknown"
"7014853",371857,2025-07-20 08:13:22,43.3591041564941,-8.84361553192139,"Unknown"
"7014853",371857,2025-07-20 08:18:17,43.3590202331543,-8.8433666229248,"Unknown"
"7014853",371857,2025-07-20 08:25:23,43.3590698242188,-8.84335231781006,"Unknown"
"7014853",371857,2025-07-20 08:30:34,43.3590812683105,-8.84369087219238,"Unknown"
"7014853",371857,2025-07-20 08:35:34,43.3591079711914,-8.84372520446777,"Unknown"
"7014853",371857,2025-07-20 08:40:34,43.3591079711914,-8.84373474121094,"Unknown"
"7014853",371857,2025-07-20 08:45:34,43.3590850830078,-8.84370994567871,"Unknown"
"7014853",371857,2025-07-20 08:50:34,43.359073638916,-8.84371471405029,"Unknown"
"7014853",371857,2025-07-20 08:55:44,43.3590545654297,-8.84345817565918,"Unknown"
"7014853",371857,2025-07-20 09:00:20,43.3589897155762,-8.84343147277832,"Unknown"
"7014853",371857,2025-07-20 09:05:21,43.3589859008789,-8.84346199035645,"Unknown"
"7014853",371857,2025-07-20 09:10:20,43.3590965270996,-8.84355640411377,"Unknown"
"7014853",371857,2025-07-20 09:15:20,43.3587951660156,-8.8433780670166,"Unknown"
"7014853",371857,2025-07-20 09:20:20,43.3588447570801,-8.8433666229248,"Unknown"
"7014853",371857,2025-07-20 09:25:21,43.3584365844727,-8.84301853179932,"Unknown"
"7014853",371857,2025-07-20 09:30:22,43.3508338928223,-8.82834339141846,"Unknown"
"7014853",371857,2025-07-20 09:35:24,43.3515472412109,-8.82857418060303,"Unknown"
"7014853",371857,2025-07-20 09:40:22,43.3529815673828,-8.82911396026611,"Unknown"
"7014853",371857,2025-07-20 09:45:59,43.3508758544922,-8.83029651641846,"Unknown"
"7014853",371857,2025-07-20 09:50:34,43.3506126403809,-8.83178615570068,"Unknown"
"7014853",371857,2025-07-20 09:56:44,43.3398666381836,-8.84417533874512,"Unknown"
"7014853",371857,2025-07-20 10:01:14,43.3173828125,-8.84943962097168,"Unknown"
"7014853",371857,2025-07-20 10:06:19,43.3140602111816,-8.85636806488037,"Unknown"
"7014853",371857,2025-07-20 10:10:45,43.3235092163086,-8.84865188598633,"Unknown"
"7014853",371857,2025-07-20 10:15:24,43.3414154052734,-8.84319877624512,"Unknown"
"7014853",371857,2025-07-20 10:20:21,43.3413200378418,-8.84327220916748,"Unknown"
"7014853",371857,2025-07-20 10:25:22,43.3412208557129,-8.84353351593018,"Unknown"
"7014853",371857,2025-07-20 10:30:22,43.3413467407227,-8.84320449829102,"Unknown"
"7014853",371857,2025-07-20 10:35:22,43.3410301208496,-8.84356021881104,"Unknown"
"7014853",371857,2025-07-20 10:40:22,43.3409729003906,-8.84358024597168,"Unknown"
"7014853",371857,2025-07-20 10:45:44,43.3410148620605,-8.84357833862305,"Unknown"
"7014853",371857,2025-07-20 10:50:21,43.3409767150879,-8.84364128112793,"Unknown"
"7014853",371857,2025-07-20 10:55:20,43.3418807983398,-8.84347057342529,"Unknown"
"7014853",371857,2025-07-20 11:00:19,43.3418312072754,-8.84329128265381,"Unknown"
"7014853",371857,2025-07-20 11:05:19,43.3418807983398,-8.84306907653809,"Unknown"
"7014853",371857,2025-07-20 11:10:19,43.3428497314453,-8.84680652618408,"Unknown"
"7014853",371857,2025-07-20 11:15:31,43.3410415649414,-8.84331321716309,"Unknown"
"7014853",371857,2025-07-20 11:20:23,43.3407669067383,-8.84344005584717,"Unknown"
"7014853",371857,2025-07-20 11:25:25,43.3414726257324,-8.84341621398926,"Unknown"
"7014853",371857,2025-07-20 11:30:44,43.3440132141113,-8.84178066253662,"Unknown"
"7014853",371857,2025-07-20 11:35:23,43.3603744506836,-8.82436466217041,"Unknown"
"7014853",371857,2025-07-20 11:40:39,43.3628273010254,-8.82992839813232,"Unknown"
"7014853",371857,2025-07-20 11:46:23,43.3569221496582,-8.84088706970215,"Unknown"
"7014853",371857,2025-07-20 11:50:27,43.359806060791,-8.84353733062744,"Unknown"
"7014853",371857,2025-07-20 11:55:24,43.359561920166,-8.84312057495117,"Unknown"
"7014853",371857,2025-07-20 12:00:23,43.3591651916504,-8.84337902069092,"Unknown"
"7014853",371857,2025-07-20 12:05:25,43.3591537475586,-8.84342193603516,"Unknown"
"7014853",371857,2025-07-20 12:10:29,43.3591728210449,-8.84348297119141,"Unknown"
"7014853",371857,2025-07-20 12:15:44,43.3590469360352,-8.84349155426025,"Unknown"
"7014853",371857,2025-07-20 12:20:24,43.3590049743652,-8.84348392486572,"Unknown"
"7014853",371857,2025-07-20 12:25:23,43.3590278625488,-8.84344005584717,"Unknown"
"7014853",371857,2025-07-20 12:30:24,43.3589477539062,-8.84343433380127,"Unknown"
"7014853",371857,2025-07-20 12:35:21,43.362922668457,-8.84355735778809,"Unknown"
"7014853",371857,2025-07-20 12:40:19,43.3664093017578,-8.82488918304443,"Unknown"
"7014853",371857,2025-07-20 12:50:44,43.3583717346191,-8.83752059936523,"Unknown"
"7014853",371857,2025-07-20 12:55:20,43.344066619873,-8.84124660491943,"Unknown"
"7014853",371857,2025-07-20 13:00:25,43.3406562805176,-8.84365844726562,"Unknown"
"7014853",371857,2025-07-20 13:06:09,43.3408126831055,-8.84352588653564,"Unknown"
"7014853",371857,2025-07-20 13:10:52,43.3408279418945,-8.84354114532471,"Unknown"
"7014853",371857,2025-07-20 13:15:41,43.3408050537109,-8.84359073638916,"Unknown"
"7014853",371857,2025-07-20 13:20:23,43.3408126831055,-8.84375381469727,"Unknown"
"7014853",371857,2025-07-20 13:25:21,43.3407783508301,-8.84374904632568,"Unknown"
"7014853",371857,2025-07-20 13:30:19,43.3407325744629,-8.84362602233887,"Unknown"
"7014853",371857,2025-07-20 13:35:24,43.3405723571777,-8.84358596801758,"Unknown"
"7014853",371857,2025-07-20 13:40:20,43.3405723571777,-8.84352779388428,"Unknown"
"7014853",371857,2025-07-20 13:45:44,43.3352394104004,-8.84478569030762,"Unknown"
"7014853",371857,2025-07-20 13:50:19,43.3138847351074,-8.8561544418335,"Unknown"
"7014853",371857,2025-07-20 13:55:19,43.3136672973633,-8.85643768310547,"Unknown"
"7014853",371857,2025-07-20 14:00:20,43.3136177062988,-8.85672283172607,"Unknown"
"7014853",371857,2025-07-20 14:05:20,43.3191986083984,-8.84443855285645,"Unknown"
"7014853",371857,2025-07-20 14:10:22,43.3192443847656,-8.84467601776123,"Unknown"
"7014853",371857,2025-07-20 14:15:21,43.3194313049316,-8.84524917602539,"Unknown"
"7014853",371857,2025-07-20 14:20:20,43.3193283081055,-8.84499073028564,"Unknown"
"7014853",371857,2025-07-20 14:25:44,43.3196678161621,-8.84475994110107,"Unknown"
"7014853",371857,2025-07-20 14:30:44,43.3316307067871,-8.84582328796387,"Unknown"
"7014853",371857,2025-07-20 14:35:24,43.341609954834,-8.84295845031738,"Unknown"
"7014853",371857,2025-07-20 14:40:22,43.3415412902832,-8.8429594039917,"Unknown"
"7014853",371857,2025-07-20 14:45:30,43.3415641784668,-8.84293937683105,"Unknown"
"7014853",371857,2025-07-20 14:50:47,43.3414764404297,-8.8427791595459,"Unknown"
"7014853",371857,2025-07-20 14:55:32,43.341365814209,-8.84296607971191,"Unknown"
"7014853",371857,2025-07-20 15:00:32,43.3413276672363,-8.84314823150635,"Unknown"
"7014853",371857,2025-07-20 15:05:44,43.341365814209,-8.84329319000244,"Unknown"
"7014853",371857,2025-07-20 15:10:53,43.3413047790527,-8.84316635131836,"Unknown"
"7014853",371857,2025-07-20 15:15:20,43.341381072998,-8.84305953979492,"Unknown"
"7014853",371857,2025-07-20 15:20:28,43.3410491943359,-8.84317207336426,"Unknown"
"7014853",371857,2025-07-20 15:25:53,43.3410949707031,-8.84309101104736,"Unknown"
"7014853",371857,2025-07-20 15:30:20,43.3410949707031,-8.84320163726807,"Unknown"
"7014853",371857,2025-07-20 15:35:20,43.3410339355469,-8.84326076507568,"Unknown"
"7014853",371857,2025-07-20 15:40:21,43.3410797119141,-8.84314823150635,"Unknown"
"7014853",371857,2025-07-20 15:45:19,43.3411636352539,-8.84306907653809,"Unknown"
"7014853",371857,2025-07-20 15:50:20,43.3411598205566,-8.84313297271729,"Unknown"
"7014853",371857,2025-07-20 15:55:22,43.341136932373,-8.84311676025391,"Unknown"
"7014853",371857,2025-07-20 16:00:20,43.343677520752,-8.84133338928223,"Unknown"
"7014853",371857,2025-07-20 16:05:27,43.3431854248047,-8.84140968322754,"Unknown"
"7014853",371857,2025-07-20 16:10:23,43.3472595214844,-8.84310531616211,"Unknown"
"7014853",371857,2025-07-20 16:15:28,43.3444137573242,-8.84109878540039,"Unknown"
"7014853",371857,2025-07-20 16:20:20,43.3444213867188,-8.84106254577637,"Unknown"
"7014853",371857,2025-07-20 16:25:20,43.3444061279297,-8.84114837646484,"Unknown"
"7014853",371857,2025-07-20 16:30:22,43.3444442749023,-8.84113025665283,"Unknown"
"7014853",371857,2025-07-20 16:35:20,43.3444709777832,-8.8410758972168,"Unknown"
"7014853",371857,2025-07-20 16:40:21,43.3444747924805,-8.84115600585938,"Unknown"
"7014853",371857,2025-07-20 16:45:25,43.3444747924805,-8.84117794036865,"Unknown"
"7014853",371857,2025-07-20 16:50:44,43.3444480895996,-8.84115695953369,"Unknown"
"7014853",371857,2025-07-20 16:55:19,43.3444671630859,-8.84108734130859,"Unknown"
"7014853",371857,2025-07-20 17:00:19,43.3441543579102,-8.84152317047119,"Unknown"
"7014853",371857,2025-07-20 17:05:23,43.3444862365723,-8.84125423431396,"Unknown"
"7014853",371857,2025-07-20 17:10:21,43.3443870544434,-8.84113693237305,"Unknown"
"7014853",371857,2025-07-20 17:15:21,43.3432159423828,-8.84291458129883,"Unknown"
"7014853",371857,2025-07-20 17:20:21,43.3442115783691,-8.8415470123291,"Unknown"
"7014853",371857,2025-07-20 17:25:20,43.3446846008301,-8.84116554260254,"Unknown"
"7014853",371857,2025-07-20 17:30:27,43.3391799926758,-8.8450288772583,"Unknown"
"7014853",371857,2025-07-20 17:35:21,43.3315734863281,-8.85404491424561,"Unknown"
"7014853",371857,2025-07-20 17:40:24,43.3415718078613,-8.84330749511719,"Unknown"
"7014853",371857,2025-07-20 17:45:44,43.3414916992188,-8.84339332580566,"Unknown"
"7014853",371857,2025-07-20 17:50:19,43.3414726257324,-8.84330177307129,"Unknown"
"7014853",371857,2025-07-20 17:55:19,43.3414268493652,-8.8435115814209,"Unknown"
"7014853",371857,2025-07-20 18:00:19,43.3415298461914,-8.84341239929199,"Unknown"
"7014853",371857,2025-07-20 18:05:19,43.3415489196777,-8.84338760375977,"Unknown"
"7014853",371857,2025-07-20 18:10:19,43.3414840698242,-8.84342288970947,"Unknown"
"7014853",371857,2025-07-20 18:15:19,43.3415298461914,-8.84334564208984,"Unknown"
"7014853",371857,2025-07-20 18:20:22,43.3437614440918,-8.84174633026123,"Unknown"
"7014853",371857,2025-07-20 18:25:22,43.3438415527344,-8.84177112579346,"Unknown"
"7014853",371857,2025-07-20 18:31:44,43.34375,-8.84173965454102,"Unknown"
"7014853",371857,2025-07-20 18:35:19,43.3435974121094,-8.84168148040771,"Unknown"
"7014853",371857,2025-07-20 18:40:19,43.3436050415039,-8.84197235107422,"Unknown"
"7014853",371857,2025-07-20 18:45:19,43.3437004089355,-8.84208297729492,"Unknown"
"7014853",371857,2025-07-20 18:50:19,43.3435173034668,-8.84182548522949,"Unknown"
"7014853",371857,2025-07-20 18:55:23,43.3434753417969,-8.84182262420654,"Unknown"
"7014853",371857,2025-07-20 19:00:21,43.3434524536133,-8.84186744689941,"Unknown"
"7014853",371857,2025-07-20 19:05:22,43.3434906005859,-8.84181976318359,"Unknown"
"7014853",371857,2025-07-20 19:10:19,43.3434982299805,-8.84183788299561,"Unknown"
"7014853",371857,2025-07-20 19:16:44,43.3475875854492,-8.84004783630371,"Unknown"
"7014853",371857,2025-07-20 19:20:45,43.3482780456543,-8.83946323394775,"Unknown"
"7014853",371857,2025-07-20 19:25:20,43.34814453125,-8.83920669555664,"Unknown"
"7014853",371857,2025-07-20 19:30:20,43.3482513427734,-8.8390474319458,"Unknown"
"7014853",371857,2025-07-20 19:35:20,43.3481369018555,-8.83927249908447,"Unknown"
"7014853",371857,2025-07-20 19:40:21,43.3477821350098,-8.83908557891846,"Unknown"
"7014853",371857,2025-07-20 19:45:45,43.3478164672852,-8.83885669708252,"Unknown"
"7014853",371857,2025-07-20 19:50:19,43.3477516174316,-8.83907604217529,"Unknown"
"7014853",371857,2025-07-20 19:55:21,43.3479614257812,-8.84514904022217,"Unknown"
"7014853",371857,2025-07-20 20:00:20,43.3478126525879,-8.84423923492432,"Unknown"
"7014853",371857,2025-07-20 20:05:25,43.3478126525879,-8.84226131439209,"Unknown"
"7014853",371857,2025-07-20 20:10:23,43.349781036377,-8.83378505706787,"Unknown"
"7014853",371857,2025-07-20 20:15:31,43.3487434387207,-8.83025169372559,"Unknown"
"7014853",371857,2025-07-20 20:20:28,43.348445892334,-8.82882404327393,"Unknown"
"7014853",371857,2025-07-20 20:25:23,43.3480911254883,-8.82827568054199,"Unknown"
"7014853",371857,2025-07-20 20:30:53,43.3476829528809,-8.82898330688477,"Unknown"
"7014853",371857,2025-07-20 20:35:19,43.3475456237793,-8.82908821105957,"Unknown"
"7014853",371857,2025-07-20 20:40:44,43.3566627502441,-8.8410587310791,"Unknown"
"7014853",371857,2025-07-20 20:45:31,43.3566741943359,-8.84082794189453,"Unknown"
"7014853",371857,2025-07-20 20:50:24,43.3565292358398,-8.84126853942871,"Unknown"
"7014853",371857,2025-07-20 20:54:22,43.3585777282715,-8.84360218048096,"Unknown"
"7014853",371857,2025-07-21 01:54:46,43.3591194152832,-8.84348487854004,"Unknown"
"7014853",371857,2025-07-21 05:25:05,43.3171234130859,-8.85831546783447,"Unknown"
"7014853",371857,2025-07-21 05:29:10,43.3143882751465,-8.85666751861572,"Unknown"
"7014853",371857,2025-07-21 05:34:13,43.314079284668,-8.85695362091064,"Unknown"
"7014853",371857,2025-07-21 05:39:12,43.3205184936523,-8.85612964630127,"Unknown"
"7014853",371857,2025-07-21 05:44:11,43.3556327819824,-8.8449182510376,"Unknown"
"7014853",371857,2025-07-21 05:49:30,43.3592262268066,-8.84314632415771,"Unknown"
"7014853",371857,2025-07-21 05:54:19,43.3592147827148,-8.84342670440674,"Unknown"
"7014853",371857,2025-07-21 05:59:25,43.359130859375,-8.84339427947998,"Unknown"
"7014853",371857,2025-07-21 06:04:35,43.3591423034668,-8.84335613250732,"Unknown"
"7014853",371857,2025-07-21 06:09:11,43.3591766357422,-8.84348487854004,"Unknown"
"7014853",371857,2025-07-21 06:14:23,43.3591918945312,-8.84338092803955,"Unknown"
"7014853",371857,2025-07-21 06:19:18,43.3591995239258,-8.84342575073242,"Unknown"
"7014853",371857,2025-07-21 06:24:44,43.3591537475586,-8.84342288970947,"Unknown"
"7014853",371857,2025-07-21 06:29:10,43.3593368530273,-8.84334850311279,"Unknown"
"7014853",371857,2025-07-21 06:34:13,43.3589134216309,-8.84389877319336,"Unknown"
"7014853",371857,2025-07-21 06:39:12,43.3591003417969,-8.84344100952148,"Unknown"
"7014853",371857,2025-07-21 06:44:13,43.3590202331543,-8.8434009552002,"Unknown"
"7014853",371857,2025-07-21 06:49:11,43.359016418457,-8.8435115814209,"Unknown"
"7014853",371857,2025-07-21 06:54:16,43.3591041564941,-8.84345531463623,"Unknown"
"7014853",371857,2025-07-21 06:59:15,43.3588104248047,-8.84335613250732,"Unknown"
"7014853",371857,2025-07-21 07:04:18,43.3590240478516,-8.84343814849854,"Unknown"
"7014853",371857,2025-07-21 07:09:18,43.3590202331543,-8.84346199035645,"Unknown"
"7014853",371857,2025-07-21 07:14:44,43.359073638916,-8.84342765808105,"Unknown"
"7014853",371857,2025-07-21 07:19:10,43.3590545654297,-8.84341239929199,"Unknown"
"7014853",371857,2025-07-21 07:24:10,43.3590469360352,-8.8434419631958,"Unknown"
"7014853",371857,2025-07-21 07:29:10,43.3590469360352,-8.84347724914551,"Unknown"
"7014853",371857,2025-07-21 07:34:10,43.359130859375,-8.84340953826904,"Unknown"
"7014853",371857,2025-07-21 07:39:10,43.3590774536133,-8.84345436096191,"Unknown"
"7014853",371857,2025-07-21 07:44:10,43.3592224121094,-8.84348392486572,"Unknown"
"7014853",371857,2025-07-21 07:49:35,43.3590698242188,-8.84348773956299,"Unknown"
"7014853",371857,2025-07-21 07:54:11,43.3590278625488,-8.84345436096191,"Unknown"
"7014853",371857,2025-07-21 07:59:11,43.3591651916504,-8.84346103668213,"Unknown"
"7014853",371857,2025-07-21 08:04:12,43.3591842651367,-8.84339237213135,"Unknown"
"7014853",371857,2025-07-21 08:09:12,43.3593101501465,-8.84347343444824,"Unknown"
"7014853",371857,2025-07-21 08:14:11,43.359188079834,-8.8434476852417,"Unknown"
"7014853",371857,2025-07-21 08:19:11,43.3592414855957,-8.84342670440674,"Unknown"
"7014853",371857,2025-07-21 08:25:24,43.3592872619629,-8.84337615966797,"Unknown"
"7014853",371857,2025-07-21 08:30:24,43.3592185974121,-8.84344577789307,"Unknown"
"7014853",371857,2025-07-21 08:35:24,43.359203338623,-8.84339332580566,"Unknown"
"7014853",371857,2025-07-21 08:40:26,43.3591690063477,-8.84339714050293,"Unknown"
"7014853",371857,2025-07-21 08:45:24,43.3570747375488,-8.84140968322754,"Unknown"
"7014853",371857,2025-07-21 08:50:26,43.3713531494141,-8.80931377410889,"Unknown"
"7014853",371857,2025-07-21 08:55:24,43.3702278137207,-8.75035953521729,"Unknown"
"7014853",371857,2025-07-21 09:00:26,43.3724479675293,-8.72579288482666,"Unknown"
"7014853",371857,2025-07-21 09:05:24,43.3585968017578,-8.68988990783691,"Unknown"
"7014853",371857,2025-07-21 09:10:29,43.3551292419434,-8.68816947937012,"Unknown"
"7014853",371857,2025-07-21 09:15:34,43.3550987243652,-8.68681049346924,"Unknown"
"7014853",371857,2025-07-21 09:20:24,43.3493690490723,-8.68551731109619,"Unknown"
"7014853",371857,2025-07-21 09:25:26,43.354564666748,-8.65803909301758,"Unknown"
"7014853",371857,2025-07-21 09:30:25,43.3651695251465,-8.66349029541016,"Unknown"
"7014853",371857,2025-07-21 09:35:24,43.3679275512695,-8.66809272766113,"Unknown"
"7014853",371857,2025-07-21 09:40:26,43.3744964599609,-8.6731014251709,"Unknown"
"7014853",371857,2025-07-21 09:45:26,43.3783416748047,-8.67524337768555,"Unknown"
"7014853",371857,2025-07-21 09:50:29,43.3832664489746,-8.67792224884033,"Unknown"
"7014853",371857,2025-07-21 09:55:26,43.3684844970703,-8.64875602722168,"Unknown"
"7014853",371857,2025-07-21 10:00:25,43.3468360900879,-8.6081600189209,"Unknown"
"7014853",371857,2025-07-21 10:05:27,43.3401184082031,-8.55326366424561,"Unknown"
"7014853",371857,2025-07-21 10:10:31,43.3464508056641,-8.53246974945068,"Unknown"
"7014853",371857,2025-07-21 10:15:40,43.3464241027832,-8.53250312805176,"Unknown"
"7014853",371857,2025-07-21 10:20:27,43.346492767334,-8.53258419036865,"Unknown"
"7014853",371857,2025-07-21 10:25:25,43.3465270996094,-8.53260898590088,"Unknown"
"7014853",371857,2025-07-21 10:30:25,43.3466720581055,-8.53286552429199,"Unknown"
"7014853",371857,2025-07-21 10:35:25,43.3463325500488,-8.53245735168457,"Unknown"
"7014853",371857,2025-07-21 10:40:24,43.346492767334,-8.53262710571289,"Unknown"
"7014853",371857,2025-07-21 10:45:36,43.3464775085449,-8.53258037567139,"Unknown"
"7014853",371857,2025-07-21 10:50:37,43.3464622497559,-8.53258514404297,"Unknown"
"7014853",371857,2025-07-21 10:55:44,43.346565246582,-8.53251457214355,"Unknown"
"7014853",371857,2025-07-21 11:00:24,43.3465957641602,-8.53242588043213,"Unknown"
"7014853",371857,2025-07-21 11:05:24,43.3459129333496,-8.53276252746582,"Unknown"
"7014853",371857,2025-07-21 11:10:24,43.3459815979004,-8.53267955780029,"Unknown"
"7014853",371857,2025-07-21 11:15:26,43.3509140014648,-8.52575969696045,"Unknown"
"7014853",371857,2025-07-21 11:20:29,43.355052947998,-8.51682376861572,"Unknown"
"7014853",371857,2025-07-21 11:25:24,43.3549156188965,-8.4931812286377,"Unknown"
"7014853",371857,2025-07-21 11:30:26,43.3519554138184,-8.4782600402832,"Unknown"
"7014853",371857,2025-07-21 11:35:44,43.3529014587402,-8.47845363616943,"Unknown"
"7014853",371857,2025-07-21 11:40:37,43.3524627685547,-8.47898292541504,"Unknown"
"7014853",371857,2025-07-21 11:45:44,43.3525009155273,-8.47915649414062,"Unknown"
"7014853",371857,2025-07-21 11:50:34,43.3524894714355,-8.47905731201172,"Unknown"
"7014853",371857,2025-07-21 11:55:30,43.3525772094727,-8.47780513763428,"Unknown"
"7014853",371857,2025-07-21 12:00:43,43.3523445129395,-8.47958374023438,"Unknown"
"7014853",371857,2025-07-21 12:05:30,43.352611541748,-8.47780227661133,"Unknown"
"7014853",371857,2025-07-21 12:10:36,43.3524742126465,-8.47900390625,"Unknown"
"7014853",371857,2025-07-21 12:15:25,43.3524475097656,-8.47905540466309,"Unknown"
"7014853",371857,2025-07-21 12:20:30,43.3525238037109,-8.47734069824219,"Unknown"
"7014853",371857,2025-07-21 12:25:31,43.3524322509766,-8.4790678024292,"Unknown"
"7014853",371857,2025-07-21 12:30:44,43.352424621582,-8.47920322418213,"Unknown"
"7014853",371857,2025-07-21 12:35:29,43.3524894714355,-8.48038959503174,"Unknown"
"7014853",371857,2025-07-21 12:40:36,43.3526763916016,-8.47902965545654,"Unknown"
"7014853",371857,2025-07-21 12:46:48,43.352409362793,-8.47777557373047,"Unknown"
"7014853",371857,2025-07-21 12:50:25,43.3524894714355,-8.47745990753174,"Unknown"
"7014853",371857,2025-07-21 12:55:28,43.3521919250488,-8.47770881652832,"Unknown"
"7014853",371857,2025-07-21 13:00:37,43.3562545776367,-8.45716953277588,"Unknown"
"7014853",371857,2025-07-21 13:05:25,43.3562927246094,-8.45729732513428,"Unknown"
"7014853",371857,2025-07-21 13:10:26,43.355110168457,-8.457763671875,"Unknown"
"7014853",371857,2025-07-21 13:15:30,43.3554649353027,-8.45636177062988,"Unknown"
"7014853",371857,2025-07-21 13:20:31,43.3565254211426,-8.45710563659668,"Unknown"
"7014853",371857,2025-07-21 13:25:48,43.3563690185547,-8.4569730758667,"Unknown"
"7014853",371857,2025-07-21 13:30:39,43.3569755554199,-8.45702457427979,"Unknown"
"7014853",371857,2025-07-21 13:35:43,43.3537559509277,-8.45880126953125,"Unknown"
"7014853",371857,2025-07-21 13:40:24,43.3542747497559,-8.45854187011719,"Unknown"
"7014853",371857,2025-07-21 13:45:26,43.3544158935547,-8.46128749847412,"Unknown"
"7014853",371857,2025-07-21 13:50:28,43.354907989502,-8.46023082733154,"Unknown"
"7014853",371857,2025-07-21 13:55:36,43.3545188903809,-8.45824813842773,"Unknown"
"7014853",371857,2025-07-21 14:00:30,43.3545837402344,-8.45829010009766,"Unknown"
"7014853",371857,2025-07-21 14:05:24,43.3549919128418,-8.45815372467041,"Unknown"
"7014853",371857,2025-07-21 14:10:27,43.3550186157227,-8.4588451385498,"Unknown"
"7014853",371857,2025-07-21 14:15:26,43.3572692871094,-8.45636558532715,"Unknown"
"7014853",371857,2025-07-21 14:20:24,43.3754615783691,-8.45435237884521,"Unknown"
"7014853",371857,2025-07-21 14:25:30,43.3814964294434,-8.44578647613525,"Unknown"
"7014853",371857,2025-07-21 14:30:36,43.3815460205078,-8.44657611846924,"Unknown"
"7014853",371857,2025-07-21 14:35:44,43.3816528320312,-8.44697093963623,"Unknown"
"7014853",371857,2025-07-21 14:40:26,43.381649017334,-8.4469690322876,"Unknown"
"7014853",371857,2025-07-21 14:45:27,43.3815689086914,-8.44696617126465,"Unknown"
"7014853",371857,2025-07-21 14:50:23,43.3816261291504,-8.44697856903076,"Unknown"
"7014853",371857,2025-07-21 14:55:23,43.4043960571289,-8.44481945037842,"Unknown"
"7014853",371857,2025-07-21 15:00:24,43.4289970397949,-8.44389820098877,"Unknown"
"7014853",371857,2025-07-21 15:05:23,43.4520378112793,-8.45001220703125,"Unknown"
"7014853",371857,2025-07-21 15:10:40,43.4762229919434,-8.4435396194458,"Unknown"
"7014853",371857,2025-07-21 15:15:23,43.4697875976562,-8.39390087127686,"Unknown"
"7014853",371857,2025-07-21 15:20:27,43.4618110656738,-8.37853240966797,"Unknown"
"7014853",371857,2025-07-21 15:25:25,43.4667816162109,-8.34328937530518,"Unknown"
"7014853",371857,2025-07-21 15:30:59,43.4705429077148,-8.34299278259277,"Unknown"
"7014853",371857,2025-07-21 15:35:23,43.4747772216797,-8.33684730529785,"Unknown"
"7014853",371857,2025-07-21 15:40:25,43.4924049377441,-8.31399154663086,"Unknown"
"7014853",371857,2025-07-21 15:45:44,43.4925727844238,-8.31405925750732,"Unknown"
"7014853",371857,2025-07-21 15:50:25,43.4834365844727,-8.32574558258057,"Unknown"
"7014853",371857,2025-07-21 15:55:44,43.4827880859375,-8.32622241973877,"Unknown"
"7014853",371857,2025-07-21 16:00:24,43.482982635498,-8.32641696929932,"Unknown"
"7014853",371857,2025-07-21 16:05:24,43.4829444885254,-8.32633113861084,"Unknown"
"7014853",371857,2025-07-21 16:10:25,43.4823760986328,-8.32575225830078,"Unknown"
"7014853",371857,2025-07-21 16:15:36,43.4828453063965,-8.32619762420654,"Unknown"
"7014853",371857,2025-07-21 16:20:28,43.4831123352051,-8.32626438140869,"Unknown"
"7014853",371857,2025-07-21 16:25:33,43.4829864501953,-8.32635402679443,"Unknown"
"7014853",371857,2025-07-21 16:30:26,43.4831390380859,-8.3264331817627,"Unknown"
"7014853",371857,2025-07-21 16:35:27,43.4828147888184,-8.32606983184814,"Unknown"
"7014853",371857,2025-07-21 16:40:25,43.4827651977539,-8.32594203948975,"Unknown"
"7014853",371857,2025-07-21 16:45:44,43.4829635620117,-8.3262243270874,"Unknown"
"7014853",371857,2025-07-21 16:50:26,43.4830741882324,-8.32603645324707,"Unknown"
"7014853",371857,2025-07-21 16:55:28,43.4944534301758,-8.3342752456665,"Unknown"
"7014853",371857,2025-07-21 17:00:27,43.4941558837891,-8.33346557617188,"Unknown"
"7014853",371857,2025-07-21 17:05:24,43.484001159668,-8.32691764831543,"Unknown"
"7014853",371857,2025-07-21 17:10:41,43.4819488525391,-8.32663154602051,"Unknown"
"7014853",371857,2025-07-21 17:15:30,43.4819488525391,-8.32673263549805,"Unknown"
"7014853",371857,2025-07-21 17:20:59,43.4820976257324,-8.32669544219971,"Unknown"
"7014853",371857,2025-07-21 17:26:37,43.4820976257324,-8.32671165466309,"Unknown"
"7014853",371857,2025-07-21 17:30:44,43.4819564819336,-8.32675552368164,"Unknown"
"7014853",371857,2025-07-21 17:35:26,43.4822044372559,-8.32669353485107,"Unknown"
"7014853",371857,2025-07-21 17:40:33,43.4820861816406,-8.32668304443359,"Unknown"
"7014853",371857,2025-07-21 17:45:26,43.4821548461914,-8.32666873931885,"Unknown"
"7014853",371857,2025-07-21 17:50:23,43.4822082519531,-8.32664585113525,"Unknown"
"7014853",371857,2025-07-21 17:55:23,43.4822311401367,-8.32682132720947,"Unknown"
"7014853",371857,2025-07-21 18:00:25,43.4822235107422,-8.32671165466309,"Unknown"
"7014853",371857,2025-07-21 18:05:24,43.4823722839355,-8.32662868499756,"Unknown"
"7014853",371857,2025-07-21 18:10:23,43.4821090698242,-8.3266716003418,"Unknown"
"7014853",371857,2025-07-21 18:15:44,43.4822425842285,-8.32673931121826,"Unknown"
"7014853",371857,2025-07-21 18:20:37,43.4823188781738,-8.32670593261719,"Unknown"
"7014853",371857,2025-07-21 18:25:59,43.4821434020996,-8.32674121856689,"Unknown"
"7014853",371857,2025-07-21 18:30:23,43.4820976257324,-8.32676124572754,"Unknown"
"7014853",371857,2025-07-21 18:35:23,43.4820671081543,-8.32675552368164,"Unknown"
"7014853",371857,2025-07-21 18:40:23,43.4820709228516,-8.32679462432861,"Unknown"
"7014853",371857,2025-07-21 18:45:24,43.4819602966309,-8.32688903808594,"Unknown"
"7014853",371857,2025-07-21 18:50:42,43.4821090698242,-8.32665634155273,"Unknown"
"7014853",371857,2025-07-21 18:55:25,43.4820442199707,-8.32676601409912,"Unknown"
"7014853",371857,2025-07-21 19:00:30,43.4823417663574,-8.32669734954834,"Unknown"
"7014853",371857,2025-07-21 19:05:23,43.4820442199707,-8.32680320739746,"Unknown"
"7014853",371857,2025-07-21 19:10:24,43.4820938110352,-8.32673645019531,"Unknown"
"7014853",371857,2025-07-21 19:15:23,43.4821319580078,-8.32672691345215,"Unknown"
"7014853",371857,2025-07-21 19:20:25,43.482048034668,-8.32668399810791,"Unknown"
"7014853",371857,2025-07-21 19:25:27,43.4818267822266,-8.32663822174072,"Unknown"
"7014853",371857,2025-07-21 19:30:26,43.4819488525391,-8.32661533355713,"Unknown"
"7014853",371857,2025-07-21 19:35:25,43.481990814209,-8.32665348052979,"Unknown"
"7014853",371857,2025-07-21 19:40:25,43.4820823669434,-8.32662105560303,"Unknown"
"7014853",371857,2025-07-21 19:45:25,43.4819793701172,-8.32661437988281,"Unknown"
"7014853",371857,2025-07-21 19:50:25,43.4820175170898,-8.32659912109375,"Unknown"
"7014853",371857,2025-07-21 19:55:24,43.4821014404297,-8.32660865783691,"Unknown"
"7014853",371857,2025-07-21 20:00:25,43.4821357727051,-8.32649326324463,"Unknown"
"7014853",371857,2025-07-21 20:05:26,43.4823150634766,-8.3271312713623,"Unknown"
"7014853",371857,2025-07-21 20:10:41,43.4822311401367,-8.32698249816895,"Unknown"
"7014853",371857,2025-07-21 20:15:25,43.4986152648926,-8.34765243530273,"Unknown"
"7014853",371857,2025-07-21 20:20:29,43.4987831115723,-8.34680080413818,"Unknown"
"7014853",371857,2025-07-21 20:25:25,43.4995040893555,-8.34822177886963,"Unknown"
"7014853",371857,2025-07-21 20:30:27,43.4993667602539,-8.34740734100342,"Unknown"
"7014853",371857,2025-07-21 20:35:25,43.4996109008789,-8.34616374969482,"Unknown"
"7014853",371857,2025-07-21 20:40:27,43.4996757507324,-8.34509372711182,"Unknown"
"7014853",371857,2025-07-21 20:45:26,43.4995613098145,-8.34724617004395,"Unknown"
"7014853",371857,2025-07-21 20:52:05,43.4998168945312,-8.34806251525879,"Unknown"
"7014853",371857,2025-07-22 05:18:06,43.3631591796875,-8.39517307281494,"Unknown"
"7014853",371857,2025-07-22 05:22:43,43.362865447998,-8.39626789093018,"Unknown"
"7014853",371857,2025-07-22 05:27:43,43.3643951416016,-8.39939498901367,"Unknown"
"7014853",371857,2025-07-22 05:32:43,43.3642578125,-8.39907646179199,"Unknown"
"7014853",371857,2025-07-22 05:37:41,43.3822479248047,-8.43386363983154,"Unknown"
"7014853",371857,2025-07-22 05:42:42,43.378345489502,-8.46182060241699,"Unknown"
"7014853",371857,2025-07-22 05:47:41,43.3596839904785,-8.48206329345703,"Unknown"
"7014853",371857,2025-07-22 05:52:41,43.352409362793,-8.47830009460449,"Unknown"
"7014853",371857,2025-07-22 05:57:42,43.3522911071777,-8.47780704498291,"Unknown"
"7014853",371857,2025-07-22 06:02:44,43.3522682189941,-8.47815227508545,"Unknown"
"7014853",371857,2025-07-22 06:07:45,43.3524894714355,-8.47758293151855,"Unknown"
"7014853",371857,2025-07-22 06:12:46,43.352466583252,-8.47759342193604,"Unknown"
"7014853",371857,2025-07-22 06:17:43,43.3525085449219,-8.47761249542236,"Unknown"
"7014853",371857,2025-07-22 06:22:46,43.352596282959,-8.47758483886719,"Unknown"
"7014853",371857,2025-07-22 06:27:41,43.3524551391602,-8.47751045227051,"Unknown"
"7014853",371857,2025-07-22 06:32:42,43.3536949157715,-8.4779052734375,"Unknown"
"7014853",371857,2025-07-22 06:37:43,43.3557395935059,-8.51335144042969,"Unknown"
"7014853",371857,2025-07-22 06:42:41,43.3482856750488,-8.5296459197998,"Unknown"
"7014853",371857,2025-07-22 06:47:42,43.3482437133789,-8.52970695495605,"Unknown"
"7014853",371857,2025-07-22 06:52:41,43.3482360839844,-8.52900981903076,"Unknown"
"7014853",371857,2025-07-22 06:57:41,43.3482666015625,-8.52929210662842,"Unknown"
"7014853",371857,2025-07-22 07:02:42,43.348274230957,-8.52964878082275,"Unknown"
"7014853",371857,2025-07-22 07:07:43,43.3483428955078,-8.52949237823486,"Unknown"
"7014853",371857,2025-07-22 07:12:48,43.348316192627,-8.52985382080078,"Unknown"
"7014853",371857,2025-07-22 07:17:46,43.3482513427734,-8.52925777435303,"Unknown"
"7014853",371857,2025-07-22 07:22:51,43.3481903076172,-8.52987003326416,"Unknown"
"7014853",371857,2025-07-22 07:27:46,43.3483581542969,-8.52988910675049,"Unknown"
"7014853",371857,2025-07-22 07:33:05,43.348316192627,-8.52984237670898,"Unknown"
"7014853",371857,2025-07-22 07:37:41,43.3483009338379,-8.52983474731445,"Unknown"
"7014853",371857,2025-07-22 07:42:41,43.348316192627,-8.52984714508057,"Unknown"
"7014853",371857,2025-07-22 07:47:42,43.3482322692871,-8.52985668182373,"Unknown"
"7014853",371857,2025-07-22 07:52:41,43.3483428955078,-8.52984619140625,"Unknown"
"7014853",371857,2025-07-22 07:57:41,43.3483085632324,-8.52991390228271,"Unknown"
"7014853",371857,2025-07-22 08:02:44,43.347541809082,-8.53109359741211,"Unknown"
"7014853",371857,2025-07-22 08:07:41,43.3476791381836,-8.53116798400879,"Unknown"
"7014853",371857,2025-07-22 08:12:41,43.3477897644043,-8.53119277954102,"Unknown"
"7014853",371857,2025-07-22 08:17:41,43.3450508117676,-8.54639434814453,"Unknown"
"7014853",371857,2025-07-22 08:23:01,43.3332290649414,-8.57413578033447,"Unknown"
"7014853",371857,2025-07-22 08:27:43,43.3246879577637,-8.57847785949707,"Unknown"
"7014853",371857,2025-07-22 08:33:23,43.3244285583496,-8.57805919647217,"Unknown"
"7014853",371857,2025-07-22 08:38:06,43.3243103027344,-8.57768058776855,"Unknown"
"7014853",371857,2025-07-22 08:42:40,43.3273429870605,-8.55880928039551,"Unknown"
"7014853",371857,2025-07-22 08:47:45,43.3273811340332,-8.5549373626709,"Unknown"
"7014853",371857,2025-07-22 08:52:41,43.3275489807129,-8.55705451965332,"Unknown"
"7014853",371857,2025-07-22 08:58:44,43.3337173461914,-8.54451847076416,"Unknown"
"7014853",371857,2025-07-22 09:03:14,43.3465309143066,-8.53230381011963,"Unknown"
"7014853",371857,2025-07-22 09:07:40,43.3463516235352,-8.53233432769775,"Unknown"
"7014853",371857,2025-07-22 09:12:54,43.3466720581055,-8.53250312805176,"Unknown"
"7014853",371857,2025-07-22 09:17:45,43.3466758728027,-8.53264331817627,"Unknown"
"7014853",371857,2025-07-22 09:22:42,43.3466606140137,-8.53250694274902,"Unknown"
"7014853",371857,2025-07-22 09:27:49,43.346435546875,-8.53256511688232,"Unknown"
"7014853",371857,2025-07-22 09:32:46,43.3461532592773,-8.53244113922119,"Unknown"
"7014853",371857,2025-07-22 09:37:47,43.3464317321777,-8.53254699707031,"Unknown"
"7014853",371857,2025-07-22 09:42:41,43.3462600708008,-8.53272819519043,"Unknown"
"7014853",371857,2025-07-22 09:48:14,43.3465042114258,-8.53250312805176,"Unknown"
"7014853",371857,2025-07-22 09:52:42,43.3464775085449,-8.53259563446045,"Unknown"
"7014853",371857,2025-07-22 09:57:42,43.3465461730957,-8.53264236450195,"Unknown"
"7014853",371857,2025-07-22 10:02:41,43.3464012145996,-8.53257846832275,"Unknown"
"7014853",371857,2025-07-22 10:07:43,43.3464393615723,-8.53260898590088,"Unknown"
"7014853",371857,2025-07-22 10:12:40,43.3465576171875,-8.5325870513916,"Unknown"
"7014853",371857,2025-07-22 10:17:41,43.3464241027832,-8.53255844116211,"Unknown"
"7014853",371857,2025-07-22 10:22:41,43.3464584350586,-8.53256893157959,"Unknown"
"7014853",371857,2025-07-22 10:27:40,43.3464164733887,-8.53251171112061,"Unknown"
"7014853",371857,2025-07-22 10:32:40,43.3464279174805,-8.53257465362549,"Unknown"
"7014853",371857,2025-07-22 10:37:41,43.3465118408203,-8.5326681137085,"Unknown"
"7014853",371857,2025-07-22 10:42:53,43.346492767334,-8.53248691558838,"Unknown"
"7014853",371857,2025-07-22 10:48:13,43.3465805053711,-8.53252983093262,"Unknown"
"7014853",371857,2025-07-22 10:52:42,43.3465995788574,-8.53252983093262,"Unknown"
"7014853",371857,2025-07-22 10:57:42,43.3467025756836,-8.53244304656982,"Unknown"
"7014853",371857,2025-07-22 11:02:41,43.3466186523438,-8.53245830535889,"Unknown"
"7014853",371857,2025-07-22 11:07:42,43.3453903198242,-8.53382110595703,"Unknown"
"7014853",371857,2025-07-22 11:12:46,43.3465614318848,-8.5325345993042,"Unknown"
"7014853",371857,2025-07-22 11:17:43,43.3464813232422,-8.53253650665283,"Unknown"
"7014853",371857,2025-07-22 11:22:47,43.3465232849121,-8.53256797790527,"Unknown"
"7014853",371857,2025-07-22 11:27:47,43.3465614318848,-8.53249645233154,"Unknown"
"7014853",371857,2025-07-22 11:32:46,43.3464164733887,-8.53257274627686,"Unknown"
"7014853",371857,2025-07-22 11:37:47,43.3465194702148,-8.53258895874023,"Unknown"
"7014853",371857,2025-07-22 11:42:45,43.3465003967285,-8.53253555297852,"Unknown"
"7014853",371857,2025-07-22 11:48:23,43.3474731445312,-8.53128051757812,"Unknown"
"7014853",371857,2025-07-22 11:52:40,43.3474731445312,-8.53132057189941,"Unknown"
"7014853",371857,2025-07-22 11:57:40,43.3474960327148,-8.5313024520874,"Unknown"
"7014853",371857,2025-07-22 12:02:40,43.3474960327148,-8.53129482269287,"Unknown"
"7014853",371857,2025-07-22 12:07:40,43.3474617004395,-8.53137683868408,"Unknown"
"7014853",371857,2025-07-22 12:12:40,43.347484588623,-8.53131294250488,"Unknown"
"7014853",371857,2025-07-22 12:17:40,43.3475189208984,-8.53133487701416,"Unknown"
"7014853",371857,2025-07-22 12:22:40,43.347484588623,-8.53134536743164,"Unknown"
"7014853",371857,2025-07-22 12:27:40,43.3475189208984,-8.53132343292236,"Unknown"
"7014853",371857,2025-07-22 12:32:40,43.3474922180176,-8.53139591217041,"Unknown"
"7014853",371857,2025-07-22 12:37:40,43.3474311828613,-8.53129196166992,"Unknown"
"7014853",371857,2025-07-22 12:42:40,43.3475074768066,-8.53141117095947,"Unknown"
"7014853",371857,2025-07-22 12:47:40,43.3474807739258,-8.53129959106445,"Unknown"
"7014853",371857,2025-07-22 12:52:48,43.3470153808594,-8.53163719177246,"Unknown"
"7014853",371857,2025-07-22 12:57:40,43.3469886779785,-8.53164386749268,"Unknown"
"7014853",371857,2025-07-22 13:02:40,43.3469734191895,-8.53159236907959,"Unknown"
"7014853",371857,2025-07-22 13:07:41,43.3470268249512,-8.53162384033203,"Unknown"
"7014853",371857,2025-07-22 13:12:40,43.3469848632812,-8.53160381317139,"Unknown"
"7014853",371857,2025-07-22 13:17:40,43.346981048584,-8.5316333770752,"Unknown"
"7014853",371857,2025-07-22 13:22:42,43.3469352722168,-8.53156185150146,"Unknown"
"7014853",371857,2025-07-22 13:27:41,43.3470420837402,-8.53160190582275,"Unknown"
"7014853",371857,2025-07-22 13:33:02,43.3470306396484,-8.53160858154297,"Unknown"
"7014853",371857,2025-07-22 13:37:40,43.3470115661621,-8.53152084350586,"Unknown"
"7014853",371857,2025-07-22 13:42:41,43.3470115661621,-8.53155994415283,"Unknown"
"7014853",371857,2025-07-22 13:47:40,43.3419036865234,-8.5228443145752,"Unknown"
"7014853",371857,2025-07-22 13:52:40,43.3187026977539,-8.50230598449707,"Unknown"
"7014853",371857,2025-07-22 13:57:41,43.3158264160156,-8.50656414031982,"Unknown"
"7014853",371857,2025-07-22 14:02:40,43.3158340454102,-8.50680160522461,"Unknown"
"7014853",371857,2025-07-22 14:07:40,43.3158187866211,-8.50685024261475,"Unknown"
"7014853",371857,2025-07-22 14:12:40,43.3158264160156,-8.50685501098633,"Unknown"
"7014853",371857,2025-07-22 14:17:41,43.3158798217773,-8.50687980651855,"Unknown"
"7014853",371857,2025-07-22 14:22:40,43.3158340454102,-8.5068883895874,"Unknown"
"7014853",371857,2025-07-22 14:27:40,43.3158187866211,-8.50701332092285,"Unknown"
"7014853",371857,2025-07-22 14:32:41,43.3156089782715,-8.50699138641357,"Unknown"
"7014853",371857,2025-07-22 14:37:40,43.3156661987305,-8.50698471069336,"Unknown"
"7014853",371857,2025-07-22 14:42:42,43.326473236084,-8.51169872283936,"Unknown"
"7014853",371857,2025-07-22 14:47:46,43.3267517089844,-8.51194763183594,"Unknown"
"7014853",371857,2025-07-22 14:52:43,43.331298828125,-8.50839138031006,"Unknown"
"7014853",371857,2025-07-22 14:57:42,43.3313026428223,-8.50838947296143,"Unknown"
"7014853",371857,2025-07-22 15:02:43,43.3313751220703,-8.50835132598877,"Unknown"
"7014853",371857,2025-07-22 15:07:42,43.3313217163086,-8.50847244262695,"Unknown"
"7014853",371857,2025-07-22 15:12:41,43.3312950134277,-8.50845813751221,"Unknown"
"7014853",371857,2025-07-22 15:17:42,43.3313026428223,-8.50847148895264,"Unknown"
"7014853",371857,2025-07-22 15:22:42,43.3313369750977,-8.50846481323242,"Unknown"
"7014853",371857,2025-07-22 15:28:35,43.3318786621094,-8.5088357925415,"Unknown"
"7014853",371857,2025-07-22 15:32:40,43.3298492431641,-8.49606513977051,"Unknown"
"7014853",371857,2025-07-22 15:37:42,43.3296775817871,-8.49622249603271,"Unknown"
"7014853",371857,2025-07-22 15:42:41,43.3305320739746,-8.49666023254395,"Unknown"
"7014853",371857,2025-07-22 15:47:41,43.3304557800293,-8.49661064147949,"Unknown"
"7014853",371857,2025-07-22 15:52:44,43.3305244445801,-8.49669551849365,"Unknown"
"7014853",371857,2025-07-22 15:57:43,43.3303756713867,-8.49662590026855,"Unknown"
"7014853",371857,2025-07-22 16:02:52,43.3305015563965,-8.49680519104004,"Unknown"
"7014853",371857,2025-07-22 16:07:41,43.3304748535156,-8.4967622756958,"Unknown"
"7014853",371857,2025-07-22 16:12:41,43.3304290771484,-8.49668312072754,"Unknown"
"7014853",371857,2025-07-22 16:17:41,43.330509185791,-8.49681663513184,"Unknown"
"7014853",371857,2025-07-22 16:22:41,43.3305053710938,-8.49678516387939,"Unknown"
"7014853",371857,2025-07-22 16:27:41,43.3374099731445,-8.51468849182129,"Unknown"
"7014853",371857,2025-07-22 16:32:43,43.3485260009766,-8.53004932403564,"Unknown"
"7014853",371857,2025-07-22 16:37:41,43.3488540649414,-8.52914237976074,"Unknown"
"7014853",371857,2025-07-22 16:42:45,43.353702545166,-8.52230262756348,"Unknown"
"7014853",371857,2025-07-22 16:47:47,43.3534622192383,-8.52248859405518,"Unknown"
"7014853",371857,2025-07-22 16:52:44,43.3534851074219,-8.52245426177979,"Unknown"
"7014853",371857,2025-07-22 16:57:46,43.3534927368164,-8.52250289916992,"Unknown"
"7014853",371857,2025-07-22 17:02:43,43.3534355163574,-8.52236652374268,"Unknown"
"7014853",371857,2025-07-22 17:07:44,43.3534545898438,-8.52243709564209,"Unknown"
"7014853",371857,2025-07-22 17:13:05,43.3535385131836,-8.52241802215576,"Unknown"
"7014853",371857,2025-07-22 17:17:41,43.3524208068848,-8.52454566955566,"Unknown"
"7014853",371857,2025-07-22 17:22:41,43.3503150939941,-8.52810668945312,"Unknown"
"7014853",371857,2025-07-22 17:27:41,43.3491554260254,-8.52907848358154,"Unknown"
"7014853",371857,2025-07-22 17:32:41,43.3492088317871,-8.52899742126465,"Unknown"
"7014853",371857,2025-07-22 17:37:41,43.3492088317871,-8.52897930145264,"Unknown"
"7014853",371857,2025-07-22 17:42:41,43.3491859436035,-8.52898406982422,"Unknown"
"7014853",371857,2025-07-22 17:47:41,43.349178314209,-8.52903270721436,"Unknown"
"7014853",371857,2025-07-22 17:52:41,43.3491363525391,-8.52910041809082,"Unknown"
"7014853",371857,2025-07-22 17:57:41,43.3492050170898,-8.52906322479248,"Unknown"
"7014853",371857,2025-07-22 18:02:41,43.3491477966309,-8.52902507781982,"Unknown"
"7014853",371857,2025-07-22 18:07:41,43.3491439819336,-8.5290355682373,"Unknown"
"7014853",371857,2025-07-22 18:12:41,43.3491668701172,-8.52904796600342,"Unknown"
"7014853",371857,2025-07-22 18:17:41,43.3491668701172,-8.52899265289307,"Unknown"
"7014853",371857,2025-07-22 18:22:41,43.3491592407227,-8.52896118164062,"Unknown"
"7014853",371857,2025-07-22 18:27:41,43.3491554260254,-8.52894687652588,"Unknown"
"7014853",371857,2025-07-22 18:32:41,43.349235534668,-8.5287389755249,"Unknown"
"7014853",371857,2025-07-22 18:38:05,43.3491744995117,-8.52887535095215,"Unknown"
"7014853",371857,2025-07-22 18:42:40,43.3492012023926,-8.52887058258057,"Unknown"
"7014853",371857,2025-07-22 18:47:41,43.3489112854004,-8.52943801879883,"Unknown"
"7014853",371857,2025-07-22 18:52:41,43.3488578796387,-8.5294303894043,"Unknown"
"7014853",371857,2025-07-22 18:57:40,43.3489418029785,-8.52946281433105,"Unknown"
"7014853",371857,2025-07-22 19:02:42,43.3489418029785,-8.52946376800537,"Unknown"
"7014853",371857,2025-07-22 19:07:42,43.3489303588867,-8.52949237823486,"Unknown"
"7014853",371857,2025-07-22 19:12:46,43.3488960266113,-8.52957344055176,"Unknown"
"7014853",371857,2025-07-22 19:17:43,43.3487014770508,-8.52926445007324,"Unknown"
"7014853",371857,2025-07-22 19:22:41,43.348747253418,-8.52933788299561,"Unknown"
"7014853",371857,2025-07-22 19:27:42,43.3487091064453,-8.52923583984375,"Unknown"
"7014853",371857,2025-07-22 19:32:49,43.3488235473633,-8.52934169769287,"Unknown"
"7014853",371857,2025-07-22 19:37:56,43.348876953125,-8.5294303894043,"Unknown"
"7014853",371857,2025-07-22 19:42:42,43.3489990234375,-8.52938079833984,"Unknown"
"7014853",371857,2025-07-22 19:47:42,43.348876953125,-8.52945232391357,"Unknown"
"7014853",371857,2025-07-22 19:52:42,43.348934173584,-8.52933692932129,"Unknown"
"7014853",371857,2025-07-22 19:57:43,43.3488426208496,-8.52933311462402,"Unknown"
"7014853",371857,2025-07-22 20:02:57,43.3488731384277,-8.52934455871582,"Unknown"
"7014853",371857,2025-07-22 20:07:41,43.348876953125,-8.52937698364258,"Unknown"
"7014853",371857,2025-07-22 20:12:42,43.3478126525879,-8.53065299987793,"Unknown"
"7014853",371857,2025-07-22 20:17:42,43.3477935791016,-8.53054141998291,"Unknown"
"7014853",371857,2025-07-22 20:22:41,43.3478393554688,-8.53068065643311,"Unknown"
"7014853",371857,2025-07-22 20:27:41,43.3478660583496,-8.53060436248779,"Unknown"
"7014853",371857,2025-07-22 20:32:41,43.3401336669922,-8.54612255096436,"Unknown"
"7014853",371857,2025-07-22 20:37:41,43.3303527832031,-8.55937385559082,"Unknown"
"7014853",371857,2025-07-22 20:42:41,43.3298759460449,-8.55991077423096,"Unknown"
"7014853",371857,2025-07-22 20:47:47,43.3291511535645,-8.56027984619141,"Unknown"
"7014853",371857,2025-07-22 20:51:04,43.3288841247559,-8.56037998199463,"Unknown"
"7014853",371857,2025-07-23 01:51:12,43.3486137390137,-8.52913665771484,"Unknown"
"7014853",371857,2025-07-23 05:20:06,43.3473815917969,-8.53342437744141,"Unknown"
"7014853",371857,2025-07-23 05:25:14,43.3486824035645,-8.53371906280518,"Unknown"
"7014853",371857,2025-07-23 05:30:12,43.3483581542969,-8.5302562713623,"Unknown"
"7014853",371857,2025-07-23 05:35:11,43.3483238220215,-8.52985763549805,"Unknown"
"7014853",371857,2025-07-23 05:40:11,43.3484191894531,-8.53034496307373,"Unknown"
"7014853",371857,2025-07-23 05:45:11,43.3484535217285,-8.53049087524414,"Unknown"
"7014853",371857,2025-07-23 05:50:11,43.3486251831055,-8.53421497344971,"Unknown"
"7014853",371857,2025-07-23 05:55:12,43.3484001159668,-8.53054046630859,"Unknown"
"7014853",371857,2025-07-23 06:00:05,43.348201751709,-8.53025341033936,"Unknown"
"7014853",371857,2025-07-23 06:05:10,43.348503112793,-8.53073787689209,"Unknown"
"7014853",371857,2025-07-23 06:10:01,43.3484497070312,-8.53060150146484,"Unknown"
"7014853",371857,2025-07-23 06:15:01,43.3478164672852,-8.53031826019287,"Unknown"
"7014853",371857,2025-07-23 06:20:09,43.3479347229004,-8.53016948699951,"Unknown"
"7014853",371857,2025-07-23 06:25:01,43.3480377197266,-8.5300235748291,"Unknown"
"7014853",371857,2025-07-23 06:30:06,43.3479919433594,-8.53030395507812,"Unknown"
"7014853",371857,2025-07-23 06:35:01,43.3478317260742,-8.53030586242676,"Unknown"
"7014853",371857,2025-07-23 06:40:01,43.3478469848633,-8.53021621704102,"Unknown"
"7014853",371857,2025-07-23 06:45:03,43.3478317260742,-8.52988719940186,"Unknown"
"7014853",371857,2025-07-23 06:50:08,43.3477439880371,-8.53041839599609,"Unknown"
"7014853",371857,2025-07-23 06:55:14,43.3481216430664,-8.5302209854126,"Unknown"
"7014853",371857,2025-07-23 07:00:01,43.3480262756348,-8.53029441833496,"Unknown"
"7014853",371857,2025-07-23 07:05:01,43.3480453491211,-8.53022861480713,"Unknown"
"7014853",371857,2025-07-23 07:10:01,43.3479843139648,-8.53018569946289,"Unknown"
"7014853",371857,2025-07-23 07:15:02,43.3480834960938,-8.53021430969238,"Unknown"
"7014853",371857,2025-07-23 07:20:01,43.348087310791,-8.53022193908691,"Unknown"
"7014853",371857,2025-07-23 07:25:01,43.3480987548828,-8.53018951416016,"Unknown"
"7014853",371857,2025-07-23 07:30:01,43.3480491638184,-8.5301456451416,"Unknown"
"7014853",371857,2025-07-23 07:35:01,43.3480567932129,-8.5301399230957,"Unknown"
"7014853",371857,2025-07-23 07:40:02,43.3479080200195,-8.53006839752197,"Unknown"
"7014853",371857,2025-07-23 07:45:01,43.3479499816895,-8.53006744384766,"Unknown"
"7014853",371857,2025-07-23 07:50:02,43.3478889465332,-8.53005027770996,"Unknown"
"7014853",371857,2025-07-23 07:55:02,43.3476638793945,-8.5300350189209,"Unknown"
"7014853",371857,2025-07-23 08:00:02,43.3478355407715,-8.53004360198975,"Unknown"
"7014853",371857,2025-07-23 08:05:03,43.3481407165527,-8.52981758117676,"Unknown"
"7014853",371857,2025-07-23 08:10:06,43.3475646972656,-8.5307092666626,"Unknown"
"7014853",371857,2025-07-23 08:15:09,43.3474464416504,-8.53105640411377,"Unknown"
"7014853",371857,2025-07-23 08:20:03,43.348217010498,-8.53042030334473,"Unknown"
"7014853",371857,2025-07-23 08:25:05,43.3480644226074,-8.5304536819458,"Unknown"
"7014853",371857,2025-07-23 08:30:02,43.340648651123,-8.52790546417236,"Unknown"
"7014853",371857,2025-07-23 08:35:06,43.3272819519043,-8.51161670684814,"Unknown"
"7014853",371857,2025-07-23 08:40:03,43.3270835876465,-8.51243305206299,"Unknown"
"7014853",371857,2025-07-23 08:45:02,43.3267555236816,-8.51263332366943,"Unknown"
"7014853",371857,2025-07-23 08:50:06,43.3277473449707,-8.5120735168457,"Unknown"
"7014853",371857,2025-07-23 08:55:08,43.3277854919434,-8.51202487945557,"Unknown"
"7014853",371857,2025-07-23 09:00:02,43.3340759277344,-8.51019382476807,"Unknown"
"7014853",371857,2025-07-23 09:05:02,43.334041595459,-8.51000308990479,"Unknown"
"7014853",371857,2025-07-23 09:10:06,43.3340682983398,-8.51016712188721,"Unknown"
"7014853",371857,2025-07-23 09:15:05,43.334056854248,-8.51006603240967,"Unknown"
"7014853",371857,2025-07-23 09:20:02,43.3342094421387,-8.51009941101074,"Unknown"
"7014853",371857,2025-07-23 09:25:02,43.3342132568359,-8.51005840301514,"Unknown"
"7014853",371857,2025-07-23 09:30:02,43.3342704772949,-8.51001262664795,"Unknown"
"7014853",371857,2025-07-23 09:35:02,43.3343391418457,-8.50994777679443,"Unknown"
"7014853",371857,2025-07-23 09:40:02,43.3342399597168,-8.5102367401123,"Unknown"
"7014853",371857,2025-07-23 09:45:02,43.3402519226074,-8.51632213592529,"Unknown"
"7014853",371857,2025-07-23 09:50:02,43.3488616943359,-8.52943992614746,"Unknown"
"7014853",371857,2025-07-23 09:55:02,43.3487091064453,-8.5295934677124,"Unknown"
"7014853",371857,2025-07-23 10:00:02,43.3486824035645,-8.52963638305664,"Unknown"
"7014853",371857,2025-07-23 10:05:02,43.3486938476562,-8.52966403961182,"Unknown"
"7014853",371857,2025-07-23 10:10:02,43.3486442565918,-8.52968597412109,"Unknown"
"7014853",371857,2025-07-23 10:15:02,43.3486824035645,-8.52967739105225,"Unknown"
"7014853",371857,2025-07-23 10:20:02,43.3487205505371,-8.52967643737793,"Unknown"
"7014853",371857,2025-07-23 10:25:01,43.3486175537109,-8.52974319458008,"Unknown"
"7014853",371857,2025-07-23 10:30:01,43.3486633300781,-8.52972412109375,"Unknown"
"7014853",371857,2025-07-23 10:35:01,43.3487815856934,-8.52962493896484,"Unknown"
"7014853",371857,2025-07-23 10:40:01,43.3489036560059,-8.52972602844238,"Unknown"
"7014853",371857,2025-07-23 10:45:01,43.348690032959,-8.52974510192871,"Unknown"
"7014853",371857,2025-07-23 10:50:01,43.348819732666,-8.52973365783691,"Unknown"
"7014853",371857,2025-07-23 10:55:01,43.3488616943359,-8.52984142303467,"Unknown"
"7014853",371857,2025-07-23 11:00:01,43.3489227294922,-8.52987384796143,"Unknown"
"7014853",371857,2025-07-23 11:05:02,43.3489570617676,-8.52976131439209,"Unknown"
"7014853",371857,2025-07-23 11:10:01,43.3489074707031,-8.52990531921387,"Unknown"
"7014853",371857,2025-07-23 11:15:01,43.3488883972168,-8.52987861633301,"Unknown"
"7014853",371857,2025-07-23 11:20:01,43.3489570617676,-8.52983474731445,"Unknown"
"7014853",371857,2025-07-23 11:25:01,43.3493385314941,-8.52915096282959,"Unknown"
"7014853",371857,2025-07-23 11:30:01,43.3493881225586,-8.52911472320557,"Unknown"
"7014853",371857,2025-07-23 11:35:01,43.3493728637695,-8.52908706665039,"Unknown"
"7014853",371857,2025-07-23 11:40:01,43.3492965698242,-8.52908897399902,"Unknown"
"7014853",371857,2025-07-23 11:45:01,43.3493309020996,-8.52914047241211,"Unknown"
"7014853",371857,2025-07-23 11:50:01,43.3493270874023,-8.52915096282959,"Unknown"
"7014853",371857,2025-07-23 11:55:01,43.3493194580078,-8.52922248840332,"Unknown"
"7014853",371857,2025-07-23 12:00:02,43.349235534668,-8.52920055389404,"Unknown"
"7014853",371857,2025-07-23 12:05:02,43.3492774963379,-8.52931785583496,"Unknown"
"7014853",371857,2025-07-23 12:10:02,43.3492851257324,-8.52925109863281,"Unknown"
"7014853",371857,2025-07-23 12:15:03,43.349292755127,-8.52926158905029,"Unknown"
"7014853",371857,2025-07-23 12:20:03,43.3492965698242,-8.52929401397705,"Unknown"
"7014853",371857,2025-07-23 12:25:03,43.3493041992188,-8.52927875518799,"Unknown"
"7014853",371857,2025-07-23 12:30:03,43.3492469787598,-8.52928733825684,"Unknown"
"7014853",371857,2025-07-23 12:35:03,43.3492622375488,-8.52929306030273,"Unknown"
"7014853",371857,2025-07-23 12:40:03,43.3492965698242,-8.52928733825684,"Unknown"
"7014853",371857,2025-07-23 12:45:03,43.3493576049805,-8.52931499481201,"Unknown"
"7014853",371857,2025-07-23 12:50:02,43.3493156433105,-8.52927589416504,"Unknown"
"7014853",371857,2025-07-23 12:55:02,43.3492774963379,-8.52926349639893,"Unknown"
"7014853",371857,2025-07-23 13:00:03,43.3492698669434,-8.5293083190918,"Unknown"
"7014853",371857,2025-07-23 13:05:03,43.3497657775879,-8.5288028717041,"Unknown"
"7014853",371857,2025-07-23 13:10:04,43.3505516052246,-8.52753162384033,"Unknown"
"7014853",371857,2025-07-23 13:15:03,43.3505477905273,-8.52750205993652,"Unknown"
"7014853",371857,2025-07-23 13:20:02,43.3499870300293,-8.52816009521484,"Unknown"
"7014853",371857,2025-07-23 13:25:02,43.349967956543,-8.5282039642334,"Unknown"
"7014853",371857,2025-07-23 13:30:06,43.3503112792969,-8.52778148651123,"Unknown"
"7014853",371857,2025-07-23 13:35:06,43.3505325317383,-8.52821731567383,"Unknown"
"7014853",371857,2025-07-23 13:40:06,43.350414276123,-8.52812671661377,"Unknown"
"7014853",371857,2025-07-23 13:45:08,43.3503074645996,-8.52794361114502,"Unknown"
"7014853",371857,2025-07-23 13:50:06,43.3506622314453,-8.52857303619385,"Unknown"
"7014853",371857,2025-07-23 13:55:06,43.3511543273926,-8.52930545806885,"Unknown"
"7014853",371857,2025-07-23 14:00:02,43.3516311645508,-8.52624130249023,"Unknown"
"7014853",371857,2025-07-23 14:05:02,43.353141784668,-8.52324104309082,"Unknown"
"7014853",371857,2025-07-23 14:10:02,43.3531379699707,-8.52322578430176,"Unknown"
"7014853",371857,2025-07-23 14:15:02,43.3532257080078,-8.52311706542969,"Unknown"
"7014853",371857,2025-07-23 14:20:03,43.3532066345215,-8.52307605743408,"Unknown"
"7014853",371857,2025-07-23 14:25:03,43.3532447814941,-8.52306652069092,"Unknown"
"7014853",371857,2025-07-23 14:30:03,43.3531532287598,-8.52318859100342,"Unknown"
"7014853",371857,2025-07-23 14:35:03,43.3532676696777,-8.5231876373291,"Unknown"
"7014853",371857,2025-07-23 14:40:04,43.3531875610352,-8.5233850479126,"Unknown"
"7014853",371857,2025-07-23 14:45:03,43.353157043457,-8.52322578430176,"Unknown"
"7014853",371857,2025-07-23 14:50:04,43.3532485961914,-8.52254486083984,"Unknown"
"7014853",371857,2025-07-23 14:55:02,43.3533096313477,-8.52258014678955,"Unknown"
"7014853",371857,2025-07-23 15:00:02,43.3533210754395,-8.52267551422119,"Unknown"
"7014853",371857,2025-07-23 15:05:03,43.3533248901367,-8.52263355255127,"Unknown"
"7014853",371857,2025-07-23 15:10:02,43.3531684875488,-8.52261543273926,"Unknown"
"7014853",371857,2025-07-23 15:15:02,43.3532829284668,-8.52251625061035,"Unknown"
"7014853",371857,2025-07-23 15:20:03,43.353343963623,-8.52255249023438,"Unknown"
"7014853",371857,2025-07-23 15:25:02,43.3532104492188,-8.52249050140381,"Unknown"
"7014853",371857,2025-07-23 15:30:02,43.353157043457,-8.52251625061035,"Unknown"
"7014853",371857,2025-07-23 15:35:02,43.3532447814941,-8.5225944519043,"Unknown"
"7014853",371857,2025-07-23 15:40:02,43.3533134460449,-8.52284049987793,"Unknown"
"7014853",371857,2025-07-23 15:45:03,43.353401184082,-8.52262210845947,"Unknown"
"7014853",371857,2025-07-23 15:50:03,43.3534240722656,-8.52253150939941,"Unknown"
"7014853",371857,2025-07-23 15:55:10,43.3560180664062,-8.51562881469727,"Unknown"
"7014853",371857,2025-07-23 16:00:03,43.3560676574707,-8.51569366455078,"Unknown"
"7014853",371857,2025-07-23 16:05:02,43.3534126281738,-8.52255344390869,"Unknown"
"7014853",371857,2025-07-23 16:10:02,43.3534812927246,-8.52257442474365,"Unknown"
"7014853",371857,2025-07-23 16:15:02,43.3534774780273,-8.52252292633057,"Unknown"
"7014853",371857,2025-07-23 16:20:03,43.3536376953125,-8.52260875701904,"Unknown"
"7014853",371857,2025-07-23 16:25:02,43.3536415100098,-8.5225658416748,"Unknown"
"7014853",371857,2025-07-23 16:30:03,43.3536682128906,-8.52265357971191,"Unknown"
"7014853",371857,2025-07-23 16:35:03,43.353645324707,-8.522705078125,"Unknown"
"7014853",371857,2025-07-23 16:40:02,43.3536758422852,-8.52261161804199,"Unknown"
"7014853",371857,2025-07-23 16:45:03,43.3536033630371,-8.52262783050537,"Unknown"
"7014853",371857,2025-07-23 16:50:02,43.3535575866699,-8.5226879119873,"Unknown"
"7014853",371857,2025-07-23 16:55:02,43.3535614013672,-8.52262878417969,"Unknown"
"7014853",371857,2025-07-23 17:00:02,43.3536262512207,-8.52254867553711,"Unknown"
"7014853",371857,2025-07-23 17:05:02,43.353572845459,-8.52257823944092,"Unknown"
"7014853",371857,2025-07-23 17:10:02,43.3531913757324,-8.52264213562012,"Unknown"
"7014853",371857,2025-07-23 17:15:02,43.353572845459,-8.52251529693604,"Unknown"
"7014853",371857,2025-07-23 17:20:03,43.3527412414551,-8.523118019104,"Unknown"
"7014853",371857,2025-07-23 17:25:04,43.3526840209961,-8.52314567565918,"Unknown"
"7014853",371857,2025-07-23 17:30:03,43.3526802062988,-8.52312755584717,"Unknown"
"7014853",371857,2025-07-23 17:35:03,43.3527069091797,-8.52310085296631,"Unknown"
"7014853",371857,2025-07-23 17:40:04,43.3531150817871,-8.52250671386719,"Unknown"
"7014853",371857,2025-07-23 17:45:04,43.3527526855469,-8.52298355102539,"Unknown"
"7014853",371857,2025-07-23 17:50:04,43.3529853820801,-8.52268505096436,"Unknown"
"7014853",371857,2025-07-23 17:55:03,43.3530235290527,-8.52263927459717,"Unknown"
"7014853",371857,2025-07-23 18:00:04,43.3529739379883,-8.52268695831299,"Unknown"
"7014853",371857,2025-07-23 18:05:04,43.3531341552734,-8.52250099182129,"Unknown"
"7014853",371857,2025-07-23 18:10:04,43.3531150817871,-8.52254199981689,"Unknown"
"7014853",371857,2025-07-23 18:15:04,43.3532218933105,-8.52234935760498,"Unknown"
"7014853",371857,2025-07-23 18:20:05,43.3532562255859,-8.5223331451416,"Unknown"
"7014853",371857,2025-07-23 18:25:04,43.3532562255859,-8.52233791351318,"Unknown"
"7014853",371857,2025-07-23 18:30:04,43.3538246154785,-8.52312850952148,"Unknown"
"7014853",371857,2025-07-23 18:35:06,43.3531837463379,-8.52297782897949,"Unknown"
"7014853",371857,2025-07-23 18:40:08,43.3531303405762,-8.52276706695557,"Unknown"
"7014853",371857,2025-07-23 18:45:06,43.3532791137695,-8.52274322509766,"Unknown"
"7014853",371857,2025-07-23 18:50:05,43.353328704834,-8.52272796630859,"Unknown"
"7014853",371857,2025-07-23 18:55:05,43.3532867431641,-8.52273845672607,"Unknown"
"7014853",371857,2025-07-23 19:00:07,43.3533935546875,-8.52269077301025,"Unknown"
"7014853",371857,2025-07-23 19:05:06,43.3534278869629,-8.52271461486816,"Unknown"
"7014853",371857,2025-07-23 19:10:07,43.3502731323242,-8.5229320526123,"Unknown"
"7014853",371857,2025-07-23 19:15:07,43.3531761169434,-8.52288913726807,"Unknown"
"7014853",371857,2025-07-23 19:20:07,43.353199005127,-8.52291393280029,"Unknown"
"7014853",371857,2025-07-23 19:25:07,43.3532257080078,-8.52295780181885,"Unknown"
"7014853",371857,2025-07-23 19:30:06,43.3532905578613,-8.52294158935547,"Unknown"
"7014853",371857,2025-07-23 19:35:06,43.3533325195312,-8.52295207977295,"Unknown"
"7014853",371857,2025-07-23 19:40:07,43.3533172607422,-8.52295303344727,"Unknown"
"7014853",371857,2025-07-23 19:45:04,43.3529014587402,-8.52267456054688,"Unknown"
"7014853",371857,2025-07-23 19:50:04,43.3529167175293,-8.52254104614258,"Unknown"
"7014853",371857,2025-07-23 19:55:04,43.3529434204102,-8.52236843109131,"Unknown"
"7014853",371857,2025-07-23 20:00:12,43.3532562255859,-8.52313041687012,"Unknown"
"7014853",371857,2025-07-23 20:05:06,43.3529891967773,-8.52231979370117,"Unknown"
"7014853",371857,2025-07-23 20:10:10,43.3531379699707,-8.52307319641113,"Unknown"
"7014853",371857,2025-07-23 20:15:08,43.3530807495117,-8.52303695678711,"Unknown"
"7014853",371857,2025-07-23 20:20:09,43.3531455993652,-8.52317142486572,"Unknown"
"7014853",371857,2025-07-23 20:25:10,43.3534469604492,-8.52215099334717,"Unknown"
"7014853",371857,2025-07-23 20:30:04,43.3535537719727,-8.52261543273926,"Unknown"
"7014853",371857,2025-07-23 20:35:06,43.3535385131836,-8.52236652374268,"Unknown"
"7014853",371857,2025-07-23 20:40:06,43.3531227111816,-8.52407646179199,"Unknown"
"7014853",371857,2025-07-23 20:45:13,43.3532295227051,-8.52416706085205,"Unknown"
"7014853",371857,2025-07-23 20:49:58,43.3532066345215,-8.5239200592041,"Unknown"
"7014853",371857,2025-07-24 01:50:23,43.3540420532227,-8.52219581604004,"Unknown"
"7014853",371857,2025-07-24 05:21:35,43.3495178222656,-8.52808284759521,"Unknown"
"7014853",371857,2025-07-24 05:25:49,43.3495178222656,-8.52843570709229,"Unknown"
"7014853",371857,2025-07-24 05:30:55,43.3494491577148,-8.52805519104004,"Unknown"
"7014853",371857,2025-07-24 05:36:02,43.3463134765625,-8.54062938690186,"Unknown"
"7014853",371857,2025-07-24 05:40:45,43.3310203552246,-8.56795883178711,"Unknown"
"7014853",371857,2025-07-24 05:45:47,43.330810546875,-8.56798934936523,"Unknown"
"7014853",371857,2025-07-24 05:50:43,43.3281021118164,-8.58221626281738,"Unknown"
"7014853",371857,2025-07-24 05:55:47,43.3286285400391,-8.58239936828613,"Unknown"
"7014853",371857,2025-07-24 06:00:44,43.3303413391113,-8.59117031097412,"Unknown"
"7014853",371857,2025-07-24 06:05:49,43.3307991027832,-8.59127426147461,"Unknown"
"7014853",371857,2025-07-24 06:10:45,43.3150291442871,-8.61037731170654,"Unknown"
"7014853",371857,2025-07-24 06:15:48,43.3146629333496,-8.61083889007568,"Unknown"
"7014853",371857,2025-07-24 06:20:46,43.315013885498,-8.61117362976074,"Unknown"
"7014853",371857,2025-07-24 06:25:55,43.3151969909668,-8.61103248596191,"Unknown"
"7014853",371857,2025-07-24 06:30:45,43.3152008056641,-8.6113166809082,"Unknown"
"7014853",371857,2025-07-24 06:35:49,43.315013885498,-8.6112756729126,"Unknown"
"7014853",371857,2025-07-24 06:40:55,43.3150978088379,-8.61126899719238,"Unknown"
"7014853",371857,2025-07-24 06:45:52,43.3152961730957,-8.61124706268311,"Unknown"
"7014853",371857,2025-07-24 06:51:00,43.3150634765625,-8.61138248443604,"Unknown"
"7014853",371857,2025-07-24 06:56:02,43.3151817321777,-8.61123847961426,"Unknown"
"7014853",371857,2025-07-24 07:00:43,43.3152275085449,-8.6112003326416,"Unknown"
"7014853",371857,2025-07-24 07:05:42,43.3150253295898,-8.61126041412354,"Unknown"
"7014853",371857,2025-07-24 07:10:46,43.3150177001953,-8.61124706268311,"Unknown"
"7014853",371857,2025-07-24 07:15:46,43.3148727416992,-8.61133193969727,"Unknown"
"7014853",371857,2025-07-24 07:20:45,43.3147888183594,-8.61148262023926,"Unknown"
"7014853",371857,2025-07-24 07:25:43,43.3148727416992,-8.61134433746338,"Unknown"
"7014853",371857,2025-07-24 07:30:46,43.3143005371094,-8.61116790771484,"Unknown"
"7014853",371857,2025-07-24 07:35:46,43.3146057128906,-8.61111640930176,"Unknown"
"7014853",371857,2025-07-24 07:40:48,43.3149452209473,-8.61178684234619,"Unknown"
"7014853",371857,2025-07-24 07:45:47,43.3149490356445,-8.61151790618896,"Unknown"
"7014853",371857,2025-07-24 07:50:50,43.3150634765625,-8.61153602600098,"Unknown"
"7014853",371857,2025-07-24 07:55:50,43.3150672912598,-8.61154270172119,"Unknown"
"7014853",371857,2025-07-24 08:00:52,43.3151588439941,-8.61159896850586,"Unknown"
"7014853",371857,2025-07-24 08:05:48,43.3151435852051,-8.611403465271,"Unknown"
"7014853",371857,2025-07-24 08:10:52,43.3149032592773,-8.61157321929932,"Unknown"
"7014853",371857,2025-07-24 08:16:35,43.3150978088379,-8.61149597167969,"Unknown"
"7014853",371857,2025-07-24 08:20:53,43.3150405883789,-8.61151790618896,"Unknown"
"7014853",371857,2025-07-24 08:25:45,43.3148727416992,-8.61074638366699,"Unknown"
"7014853",371857,2025-07-24 08:30:45,43.3153686523438,-8.61150074005127,"Unknown"
"7014853",371857,2025-07-24 08:35:42,43.3153305053711,-8.6116189956665,"Unknown"
"7014853",371857,2025-07-24 08:40:43,43.3155212402344,-8.61138534545898,"Unknown"
"7014853",371857,2025-07-24 08:45:42,43.3154525756836,-8.61127281188965,"Unknown"
"7014853",371857,2025-07-24 08:50:42,43.3150901794434,-8.61156368255615,"Unknown"
"7014853",371857,2025-07-24 08:55:42,43.3177604675293,-8.60542678833008,"Unknown"
"7014853",371857,2025-07-24 09:00:44,43.325756072998,-8.59556579589844,"Unknown"
"7014853",371857,2025-07-24 09:05:45,43.325855255127,-8.59625625610352,"Unknown"
"7014853",371857,2025-07-24 09:10:45,43.3302001953125,-8.601318359375,"Unknown"
"7014853",371857,2025-07-24 09:15:47,43.3301429748535,-8.60221767425537,"Unknown"
"7014853",371857,2025-07-24 09:20:48,43.3304748535156,-8.6030158996582,"Unknown"
"7014853",371857,2025-07-24 09:25:45,43.3307304382324,-8.60434341430664,"Unknown"
"7014853",371857,2025-07-24 09:30:42,43.3294067382812,-8.61783123016357,"Unknown"
"7014853",371857,2025-07-24 09:35:42,43.3259429931641,-8.66889762878418,"Unknown"
"7014853",371857,2025-07-24 09:40:44,43.3374824523926,-8.69118881225586,"Unknown"
"7014853",371857,2025-07-24 09:45:43,43.3378372192383,-8.69200897216797,"Unknown"
"7014853",371857,2025-07-24 09:50:43,43.343620300293,-8.69522190093994,"Unknown"
"7014853",371857,2025-07-24 09:55:42,43.3557891845703,-8.71684551239014,"Unknown"
"7014853",371857,2025-07-24 10:00:44,43.3584518432617,-8.7418041229248,"Unknown"
"7014853",371857,2025-07-24 10:05:44,43.3591346740723,-8.74249076843262,"Unknown"
"7014853",371857,2025-07-24 10:10:43,43.3596229553223,-8.74320411682129,"Unknown"
"7014853",371857,2025-07-24 10:15:45,43.3604278564453,-8.74377250671387,"Unknown"
"7014853",371857,2025-07-24 10:20:43,43.3608551025391,-8.74537181854248,"Unknown"
"7014853",371857,2025-07-24 10:25:48,43.3611335754395,-8.74490928649902,"Unknown"
"7014853",371857,2025-07-24 10:30:48,43.3609161376953,-8.74604511260986,"Unknown"
"7014853",371857,2025-07-24 10:35:44,43.3540649414062,-8.75215148925781,"Unknown"
"7014853",371857,2025-07-24 10:40:55,43.3476791381836,-8.75826930999756,"Unknown"
"7014853",371857,2025-07-24 10:45:53,43.3429946899414,-8.76519870758057,"Unknown"
"7014853",371857,2025-07-24 10:51:42,43.3343276977539,-8.77859687805176,"Unknown"
"7014853",371857,2025-07-24 10:55:51,43.3294410705566,-8.78640270233154,"Unknown"
"7014853",371857,2025-07-24 11:00:52,43.3255920410156,-8.79337310791016,"Unknown"
"7014853",371857,2025-07-24 11:05:46,43.3228492736816,-8.80423355102539,"Unknown"
"7014853",371857,2025-07-24 11:10:53,43.3219146728516,-8.80443572998047,"Unknown"
"7014853",371857,2025-07-24 11:17:03,43.322624206543,-8.80425548553467,"Unknown"
"7014853",371857,2025-07-24 11:20:55,43.3226928710938,-8.80416870117188,"Unknown"
"7014853",371857,2025-07-24 11:25:55,43.3226280212402,-8.80423259735107,"Unknown"
"7014853",371857,2025-07-24 11:30:55,43.3226776123047,-8.80419635772705,"Unknown"
"7014853",371857,2025-07-24 11:35:55,43.3226776123047,-8.8040828704834,"Unknown"
"7014853",371857,2025-07-24 11:41:10,43.322696685791,-8.80412101745605,"Unknown"
"7014853",371857,2025-07-24 11:45:43,43.3234367370605,-8.80542182922363,"Unknown"
"7014853",371857,2025-07-24 11:50:42,43.3353271484375,-8.82974720001221,"Unknown"
"7014853",371857,2025-07-24 11:55:43,43.3542404174805,-8.84887218475342,"Unknown"
"7014853",371857,2025-07-24 12:00:47,43.359245300293,-8.84251880645752,"Unknown"
"7014853",371857,2025-07-24 12:05:54,43.3590660095215,-8.84327411651611,"Unknown"
"7014853",371857,2025-07-24 12:10:47,43.3592338562012,-8.84277725219727,"Unknown"
"7014853",371857,2025-07-24 12:15:52,43.3591003417969,-8.84372043609619,"Unknown"
"7014853",371857,2025-07-24 12:20:53,43.3592147827148,-8.8430871963501,"Unknown"
"7014853",371857,2025-07-24 12:25:55,43.3589782714844,-8.84327602386475,"Unknown"
"7014853",371857,2025-07-24 12:31:16,43.3589324951172,-8.84338283538818,"Unknown"
"7014853",371857,2025-07-24 12:35:55,43.3590469360352,-8.84354209899902,"Unknown"
"7014853",371857,2025-07-24 12:40:58,43.359188079834,-8.84309673309326,"Unknown"
"7014853",371857,2025-07-24 12:45:57,43.3592758178711,-8.84305572509766,"Unknown"
"7014853",371857,2025-07-24 12:50:55,43.3592185974121,-8.84305095672607,"Unknown"
"7014853",371857,2025-07-24 12:56:03,43.3591117858887,-8.84319972991943,"Unknown"
"7014853",371857,2025-07-24 13:00:58,43.3593711853027,-8.84267330169678,"Unknown"
"7014853",371857,2025-07-24 13:06:06,43.3594436645508,-8.8425350189209,"Unknown"
"7014853",371857,2025-07-24 13:11:23,43.3588447570801,-8.84342861175537,"Unknown"
"7014853",371857,2025-07-24 13:15:43,43.3588333129883,-8.84328269958496,"Unknown"
"7014853",371857,2025-07-24 13:20:45,43.3589324951172,-8.84336471557617,"Unknown"
"7014853",371857,2025-07-24 13:25:45,43.359001159668,-8.84328365325928,"Unknown"
"7014853",371857,2025-07-24 13:30:55,43.3590927124023,-8.8434476852417,"Unknown"
"7014853",371857,2025-07-24 13:35:43,43.3590202331543,-8.84350204467773,"Unknown"
"7014853",371857,2025-07-24 13:40:55,43.3693237304688,-8.8464469909668,"Unknown"
"7014853",371857,2025-07-24 13:46:14,43.3863792419434,-8.8634204864502,"Unknown"
"7014853",371857,2025-07-24 13:50:46,43.3880157470703,-8.86721134185791,"Unknown"
"7014853",371857,2025-07-24 13:55:44,43.3613510131836,-8.84727478027344,"Unknown"
"7014853",371857,2025-07-24 14:01:06,43.3592948913574,-8.84354209899902,"Unknown"
"7014853",371857,2025-07-24 14:06:14,43.3593368530273,-8.84346389770508,"Unknown"
"7014853",371857,2025-07-24 14:10:48,43.3588066101074,-8.84356784820557,"Unknown"
"7014853",371857,2025-07-24 14:15:55,43.3591575622559,-8.84355926513672,"Unknown"
"7014853",371857,2025-07-24 14:20:55,43.359432220459,-8.84328651428223,"Unknown"
"7014853",371857,2025-07-24 14:26:35,43.3591804504395,-8.84336376190186,"Unknown"
"7014853",371857,2025-07-24 14:30:47,43.3591194152832,-8.84330749511719,"Unknown"
"7014853",371857,2025-07-24 14:35:53,43.3591995239258,-8.84328079223633,"Unknown"
"7014853",371857,2025-07-24 14:40:50,43.3591842651367,-8.84335136413574,"Unknown"
"7014853",371857,2025-07-24 14:46:05,43.3591918945312,-8.84348201751709,"Unknown"
"7014853",371857,2025-07-24 14:51:14,43.3591499328613,-8.84344959259033,"Unknown"
"7014853",371857,2025-07-24 14:55:43,43.359016418457,-8.84357643127441,"Unknown"
"7014853",371857,2025-07-24 15:00:42,43.3591117858887,-8.84344291687012,"Unknown"
"7014853",371857,2025-07-24 15:05:42,43.3590660095215,-8.84352493286133,"Unknown"
"7014853",371857,2025-07-24 15:10:43,43.3591194152832,-8.84340763092041,"Unknown"
"7014853",371857,2025-07-24 15:15:42,43.3590469360352,-8.84358215332031,"Unknown"
"7014853",371857,2025-07-24 15:20:42,43.3590888977051,-8.84354496002197,"Unknown"
"7014853",371857,2025-07-24 15:25:44,43.3590812683105,-8.84357070922852,"Unknown"
"7014853",371857,2025-07-24 15:30:42,43.3593330383301,-8.84354400634766,"Unknown"
"7014853",371857,2025-07-24 15:35:42,43.3591804504395,-8.84356021881104,"Unknown"
"7014853",371857,2025-07-24 15:40:43,43.3593444824219,-8.84360218048096,"Unknown"
"7014853",371857,2025-07-24 15:45:51,43.3590850830078,-8.8435754776001,"Unknown"
"7014853",371857,2025-07-24 15:50:53,43.3591537475586,-8.84356880187988,"Unknown"
"7014853",371857,2025-07-24 15:55:44,43.3593368530273,-8.84365272521973,"Unknown"
"7014853",371857,2025-07-24 16:00:46,43.3593482971191,-8.84375381469727,"Unknown"
"7014853",371857,2025-07-24 16:05:44,43.3593101501465,-8.84366416931152,"Unknown"
"7014853",371857,2025-07-24 16:10:48,43.3592224121094,-8.84362411499023,"Unknown"
"7014853",371857,2025-07-24 16:15:48,43.3592872619629,-8.84361743927002,"Unknown"
"7014853",371857,2025-07-24 16:20:57,43.3587608337402,-8.84379386901855,"Unknown"
"7014853",371857,2025-07-24 16:25:49,43.3588752746582,-8.84371089935303,"Unknown"
"7014853",371857,2025-07-24 16:35:46,43.3619117736816,-8.83903694152832,"Unknown"
"7014853",371857,2025-07-24 16:40:43,43.3280067443848,-8.82119750976562,"Unknown"
"7014853",371857,2025-07-24 16:45:45,43.3079643249512,-8.78879547119141,"Unknown"
"7014853",371857,2025-07-24 16:50:55,43.2999153137207,-8.75914287567139,"Unknown"
"7014853",371857,2025-07-24 16:57:06,43.2937812805176,-8.73328399658203,"Unknown"
"7014853",371857,2025-07-24 17:00:55,43.2938079833984,-8.73333358764648,"Unknown"
"7014853",371857,2025-07-24 17:05:43,43.2903442382812,-8.717848777771,"Unknown"
"7014853",371857,2025-07-24 17:10:43,43.2884979248047,-8.68879413604736,"Unknown"
"7014853",371857,2025-07-24 17:15:43,43.2904281616211,-8.66139602661133,"Unknown"
"7014853",371857,2025-07-24 17:20:43,43.3045654296875,-8.6484842300415,"Unknown"
"7014853",371857,2025-07-24 17:25:43,43.3123550415039,-8.6303539276123,"Unknown"
"7014853",371857,2025-07-24 17:30:43,43.3168449401855,-8.60677433013916,"Unknown"
"7014853",371857,2025-07-24 17:35:43,43.3274345397949,-8.593994140625,"Unknown"
"7014853",371857,2025-07-24 17:40:43,43.3311233520508,-8.59463882446289,"Unknown"
"7014853",371857,2025-07-24 17:45:44,43.3310661315918,-8.59569835662842,"Unknown"
"7014853",371857,2025-07-24 17:50:44,43.331111907959,-8.5971851348877,"Unknown"
"7014853",371857,2025-07-24 17:55:44,43.3322334289551,-8.59824848175049,"Unknown"
"7014853",371857,2025-07-24 18:00:43,43.3322334289551,-8.59762763977051,"Unknown"
"7014853",371857,2025-07-24 18:05:46,43.331298828125,-8.59080791473389,"Unknown"
"7014853",371857,2025-07-24 18:10:43,43.3321762084961,-8.59512996673584,"Unknown"
"7014853",371857,2025-07-24 18:15:45,43.3249702453613,-8.58518123626709,"Unknown"
"7014853",371857,2025-07-24 18:20:43,43.3243865966797,-8.59121417999268,"Unknown"
"7014853",371857,2025-07-24 18:25:44,43.313533782959,-8.56811618804932,"Unknown"
"7014853",371857,2025-07-24 18:30:44,43.311164855957,-8.55659866333008,"Unknown"
"7014853",371857,2025-07-24 18:35:46,43.3112144470215,-8.55631542205811,"Unknown"
"7014853",371857,2025-07-24 18:40:45,43.3113861083984,-8.54363822937012,"Unknown"
"7014853",371857,2025-07-24 18:45:44,43.3206481933594,-8.52831077575684,"Unknown"
"7014853",371857,2025-07-24 18:50:45,43.3284912109375,-8.51214599609375,"Unknown"
"7014853",371857,2025-07-24 18:55:43,43.3435516357422,-8.52173805236816,"Unknown"
"7014853",371857,2025-07-24 19:00:44,43.3481483459473,-8.53011131286621,"Unknown"
"7014853",371857,2025-07-24 19:05:54,43.3481330871582,-8.53006935119629,"Unknown"
"7014853",371857,2025-07-24 19:10:43,43.3482131958008,-8.53019428253174,"Unknown"
"7014853",371857,2025-07-24 19:15:45,43.34814453125,-8.53001117706299,"Unknown"
"7014853",371857,2025-07-24 19:20:43,43.3481292724609,-8.53012180328369,"Unknown"
"7014853",371857,2025-07-24 19:25:44,43.3481559753418,-8.52995491027832,"Unknown"
"7014853",371857,2025-07-24 19:30:45,43.3482666015625,-8.530104637146,"Unknown"
"7014853",371857,2025-07-24 19:35:44,43.3481826782227,-8.530104637146,"Unknown"
"7014853",371857,2025-07-24 19:40:45,43.3487930297852,-8.52985668182373,"Unknown"
"7014853",371857,2025-07-24 19:46:07,43.349552154541,-8.52824211120605,"Unknown"
"7014853",371857,2025-07-24 19:50:45,43.349681854248,-8.52833652496338,"Unknown"
"7014853",371857,2025-07-24 19:55:47,43.3496513366699,-8.52837371826172,"Unknown"
"7014853",371857,2025-07-24 20:00:46,43.3497085571289,-8.52824592590332,"Unknown"
"7014853",371857,2025-07-24 20:05:46,43.3496360778809,-8.52828121185303,"Unknown"
"7014853",371857,2025-07-24 20:10:45,43.3497314453125,-8.52815628051758,"Unknown"
"7014853",371857,2025-07-24 20:15:44,43.3498420715332,-8.52824211120605,"Unknown"
"7014853",371857,2025-07-24 20:20:52,43.3496932983398,-8.5281343460083,"Unknown"
"7014853",371857,2025-07-24 20:25:43,43.3499717712402,-8.52818775177002,"Unknown"
"7014853",371857,2025-07-24 20:30:43,43.3498611450195,-8.52830219268799,"Unknown"
"7014853",371857,2025-07-24 20:35:54,43.3495483398438,-8.5282039642334,"Unknown"
"7014853",371857,2025-07-24 20:40:46,43.3495903015137,-8.52822875976562,"Unknown"
"7014853",371857,2025-07-24 20:45:45,43.3500061035156,-8.52785110473633,"Unknown"
"7014853",371857,2025-07-24 20:48:57,43.3498840332031,-8.5277853012085,"Unknown"
"7014853",371857,2025-07-25 01:49:28,43.3449974060059,-8.54600429534912,"Unknown"
"7014853",371857,2025-07-25 05:21:58,43.3149375915527,-8.60975360870361,"Unknown"
"7014853",371857,2025-07-25 05:26:46,43.3179702758789,-8.6050910949707,"Unknown"
"7014853",371857,2025-07-25 05:31:55,43.3183937072754,-8.60525894165039,"Unknown"
"7014853",371857,2025-07-25 05:37:01,43.318416595459,-8.60519981384277,"Unknown"
"7014853",371857,2025-07-25 05:41:45,43.3196868896484,-8.60486316680908,"Unknown"
"7014853",371857,2025-07-25 05:46:50,43.3199348449707,-8.60474109649658,"Unknown"
"7014853",371857,2025-07-25 05:51:45,43.3200263977051,-8.60319232940674,"Unknown"
"7014853",371857,2025-07-25 05:56:47,43.3145446777344,-8.61076831817627,"Unknown"
"7014853",371857,2025-07-25 06:01:47,43.3145141601562,-8.6106424331665,"Unknown"
"7014853",371857,2025-07-25 06:06:48,43.3148765563965,-8.61027336120605,"Unknown"
"7014853",371857,2025-07-25 06:11:45,43.314826965332,-8.61030769348145,"Unknown"
"7014853",371857,2025-07-25 06:16:46,43.3150787353516,-8.60961532592773,"Unknown"
"7014853",371857,2025-07-25 06:21:47,43.3150215148926,-8.60958003997803,"Unknown"
"7014853",371857,2025-07-25 06:26:46,43.3151741027832,-8.60990428924561,"Unknown"
"7014853",371857,2025-07-25 06:31:50,43.315242767334,-8.60961151123047,"Unknown"
"7014853",371857,2025-07-25 06:36:45,43.324333190918,-8.61925506591797,"Unknown"
"7014853",371857,2025-07-25 06:41:46,43.3329582214355,-8.66489791870117,"Unknown"
"7014853",371857,2025-07-25 06:46:49,43.3373184204102,-8.70180702209473,"Unknown"
"7014853",371857,2025-07-25 06:51:48,43.3374710083008,-8.70299243927002,"Unknown"
"7014853",371857,2025-07-25 06:56:47,43.3380584716797,-8.70415496826172,"Unknown"
"7014853",371857,2025-07-25 07:01:48,43.3412055969238,-8.70466327667236,"Unknown"
"7014853",371857,2025-07-25 07:06:46,43.3408088684082,-8.7061014175415,"Unknown"
"7014853",371857,2025-07-25 07:11:46,43.3405342102051,-8.70699691772461,"Unknown"
"7014853",371857,2025-07-25 07:16:47,43.3405494689941,-8.70825386047363,"Unknown"
"7014853",371857,2025-07-25 07:21:52,43.3403930664062,-8.70953559875488,"Unknown"
"7014853",371857,2025-07-25 07:26:53,43.3402366638184,-8.71008110046387,"Unknown"
"7014853",371857,2025-07-25 07:31:47,43.3405647277832,-8.71075630187988,"Unknown"
"7014853",371857,2025-07-25 07:36:53,43.3426704406738,-8.71237087249756,"Unknown"
"7014853",371857,2025-07-25 07:41:45,43.3431434631348,-8.70711421966553,"Unknown"
"7014853",371857,2025-07-25 07:46:48,43.3404884338379,-8.70908737182617,"Unknown"
"7014853",371857,2025-07-25 07:51:49,43.3409233093262,-8.7098388671875,"Unknown"
"7014853",371857,2025-07-25 07:56:48,43.3411865234375,-8.72029399871826,"Unknown"
"7014853",371857,2025-07-25 08:01:47,43.3305511474609,-8.77836418151855,"Unknown"
"7014853",371857,2025-07-25 08:06:47,43.3244895935059,-8.80212593078613,"Unknown"
"7014853",371857,2025-07-25 08:11:47,43.333927154541,-8.83098411560059,"Unknown"
"7014853",371857,2025-07-25 08:16:47,43.3559417724609,-8.8479528427124,"Unknown"
"7014853",371857,2025-07-25 08:21:48,43.3585739135742,-8.8450927734375,"Unknown"
"7014853",371857,2025-07-25 08:26:59,43.359203338623,-8.84306907653809,"Unknown"
"7014853",371857,2025-07-25 08:31:53,43.3592948913574,-8.84318065643311,"Unknown"
"7014853",371857,2025-07-25 08:36:54,43.3590545654297,-8.8437967300415,"Unknown"
"7014853",371857,2025-07-25 08:41:48,43.3590126037598,-8.84417247772217,"Unknown"
"7014853",371857,2025-07-25 08:46:50,43.3592338562012,-8.84398460388184,"Unknown"
"7014853",371857,2025-07-25 08:51:47,43.359188079834,-8.84395694732666,"Unknown"
"7014853",371857,2025-07-25 08:56:50,43.3589057922363,-8.84372711181641,"Unknown"
"7014853",371857,2025-07-25 09:02:14,43.3590354919434,-8.84364986419678,"Unknown"
"7014853",371857,2025-07-25 09:06:47,43.3591766357422,-8.84371089935303,"Unknown"
"7014853",371857,2025-07-25 09:11:52,43.3592147827148,-8.84393978118896,"Unknown"
"7014853",371857,2025-07-25 09:16:49,43.3592376708984,-8.84387874603271,"Unknown"
"7014853",371857,2025-07-25 09:21:52,43.3592300415039,-8.84374713897705,"Unknown"
"7014853",371857,2025-07-25 09:26:47,43.3591995239258,-8.84390926361084,"Unknown"
"7014853",371857,2025-07-25 09:31:47,43.3592643737793,-8.84389686584473,"Unknown"
"7014853",371857,2025-07-25 09:36:47,43.3593063354492,-8.84377384185791,"Unknown"
"7014853",371857,2025-07-25 09:41:49,43.3587226867676,-8.84361171722412,"Unknown"
"7014853",371857,2025-07-25 09:46:50,43.3587226867676,-8.84352016448975,"Unknown"
"7014853",371857,2025-07-25 09:51:48,43.3586006164551,-8.84278869628906,"Unknown"
"7014853",371857,2025-07-25 09:56:48,43.3587837219238,-8.84327411651611,"Unknown"
"7014853",371857,2025-07-25 10:01:50,43.3585548400879,-8.84291648864746,"Unknown"
"7014853",371857,2025-07-25 10:06:47,43.3584785461426,-8.84366798400879,"Unknown"
"7014853",371857,2025-07-25 10:11:47,43.3585624694824,-8.8436975479126,"Unknown"
"7014853",371857,2025-07-25 10:16:48,43.3584213256836,-8.84388065338135,"Unknown"
"7014853",371857,2025-07-25 10:21:47,43.3585433959961,-8.84384250640869,"Unknown"
"7014853",371857,2025-07-25 10:26:48,43.3585395812988,-8.84359550476074,"Unknown"
"7014853",371857,2025-07-25 10:31:47,43.3585395812988,-8.84365940093994,"Unknown"
"7014853",371857,2025-07-25 10:36:52,43.3584747314453,-8.84378719329834,"Unknown"
"7014853",371857,2025-07-25 10:41:56,43.3583221435547,-8.84368515014648,"Unknown"
"7014853",371857,2025-07-25 10:46:47,43.360652923584,-8.8397274017334,"Unknown"
"7014853",371857,2025-07-25 10:51:47,43.3539123535156,-8.81484317779541,"Unknown"
"7014853",371857,2025-07-25 10:56:47,43.3209381103516,-8.80623531341553,"Unknown"
"7014853",371857,2025-07-25 11:01:47,43.299129486084,-8.77271842956543,"Unknown"
"7014853",371857,2025-07-25 11:06:47,43.2931594848633,-8.73569202423096,"Unknown"
"7014853",371857,2025-07-25 11:11:47,43.3001937866211,-8.72544002532959,"Unknown"
"7014853",371857,2025-07-25 11:16:47,43.3142890930176,-8.71566295623779,"Unknown"
"7014853",371857,2025-07-25 11:21:48,43.3155746459961,-8.70373153686523,"Unknown"
"7014853",371857,2025-07-25 11:26:47,43.3173522949219,-8.69961833953857,"Unknown"
"7014853",371857,2025-07-25 11:31:47,43.3170547485352,-8.69916534423828,"Unknown"
"7014853",371857,2025-07-25 11:36:47,43.3170738220215,-8.6993989944458,"Unknown"
"7014853",371857,2025-07-25 11:41:47,43.316951751709,-8.69945240020752,"Unknown"
"7014853",371857,2025-07-25 11:46:47,43.3034477233887,-8.70173072814941,"Unknown"
"7014853",371857,2025-07-25 11:51:59,43.2938652038574,-8.73288345336914,"Unknown"
"7014853",371857,2025-07-25 11:56:52,43.2939682006836,-8.73238563537598,"Unknown"
"7014853",371857,2025-07-25 12:02:02,43.2938423156738,-8.73224639892578,"Unknown"
"7014853",371857,2025-07-25 12:06:55,43.2936820983887,-8.73233604431152,"Unknown"
"7014853",371857,2025-07-25 12:12:01,43.2939109802246,-8.73229503631592,"Unknown"
"7014853",371857,2025-07-25 12:16:53,43.2938919067383,-8.73217010498047,"Unknown"
"7014853",371857,2025-07-25 12:21:59,43.2939109802246,-8.73231220245361,"Unknown"
"7014853",371857,2025-07-25 12:26:55,43.2939796447754,-8.73219203948975,"Unknown"
"7014853",371857,2025-07-25 12:31:53,43.2944297790527,-8.73281860351562,"Unknown"
"7014853",371857,2025-07-25 12:36:55,43.2940292358398,-8.73239135742188,"Unknown"
"7014853",371857,2025-07-25 12:41:59,43.2940139770508,-8.73243713378906,"Unknown"
"7014853",371857,2025-07-25 12:46:51,43.2936019897461,-8.73292064666748,"Unknown"
"7014853",371857,2025-07-25 12:52:44,43.2943267822266,-8.73332786560059,"Unknown"
"7014853",371857,2025-07-25 12:57:14,43.2942428588867,-8.73301601409912,"Unknown"
"7014853",371857,2025-07-25 13:01:54,43.2937660217285,-8.73336982727051,"Unknown"
"7014853",371857,2025-07-25 13:06:47,43.302791595459,-8.77814865112305,"Unknown"
"7014853",371857,2025-07-25 13:11:47,43.3231582641602,-8.81308174133301,"Unknown"
"7014853",371857,2025-07-25 13:16:48,43.3428573608398,-8.83336162567139,"Unknown"
"7014853",371857,2025-07-25 13:21:49,43.3592529296875,-8.84346866607666,"Unknown"
"7014853",371857,2025-07-25 13:26:57,43.3590965270996,-8.84345722198486,"Unknown"
"7014853",371857,2025-07-25 13:32:03,43.3588523864746,-8.84389400482178,"Unknown"
"7014853",371857,2025-07-25 13:36:52,43.3591156005859,-8.84343433380127,"Unknown"
"7014853",371857,2025-07-25 13:41:48,43.3591232299805,-8.84337902069092,"Unknown"
"7014853",371857,2025-07-25 13:46:51,43.3593826293945,-8.84311199188232,"Unknown"
"7014853",371857,2025-07-25 13:51:50,43.3592491149902,-8.84335136413574,"Unknown"
"7014853",371857,2025-07-25 13:56:49,43.3593521118164,-8.84330272674561,"Unknown"
"7014853",371857,2025-07-25 14:01:48,43.3591804504395,-8.84342098236084,"Unknown"
"7014853",371857,2025-07-25 14:06:48,43.3592758178711,-8.84347629547119,"Unknown"
"7014853",371857,2025-07-25 14:11:48,43.3591766357422,-8.84362030029297,"Unknown"
"7014853",371857,2025-07-25 14:16:51,43.3592071533203,-8.8436918258667,"Unknown"
"7014853",371857,2025-07-25 14:21:48,43.359447479248,-8.84346103668213,"Unknown"
"7014853",371857,2025-07-25 14:26:51,43.3591842651367,-8.84375667572021,"Unknown"
"7014853",371857,2025-07-25 14:31:48,43.3591766357422,-8.84366130828857,"Unknown"
"7014853",371857,2025-07-25 14:36:48,43.3593559265137,-8.84394073486328,"Unknown"
"7014853",371857,2025-07-25 14:42:08,43.3593215942383,-8.84362506866455,"Unknown"
"7014853",371857,2025-07-25 14:46:50,43.3594779968262,-8.84359359741211,"Unknown"
"7014853",371857,2025-07-25 14:51:51,43.3596000671387,-8.84357070922852,"Unknown"
"7014853",371857,2025-07-25 14:56:48,43.3629455566406,-8.83715915679932,"Unknown"
"7014853",371857,2025-07-25 15:01:48,43.370491027832,-8.83241939544678,"Unknown"
"7014853",371857,2025-07-25 15:06:48,43.370189666748,-8.83411502838135,"Unknown"
"7014853",371857,2025-07-25 15:11:48,43.3701438903809,-8.83466911315918,"Unknown"
"7014853",371857,2025-07-25 15:16:51,43.3594818115234,-8.84339141845703,"Unknown"
"7014853",371857,2025-07-25 15:21:49,43.3594856262207,-8.84337139129639,"Unknown"
"7014853",371857,2025-07-25 15:26:52,43.3594055175781,-8.84347152709961,"Unknown"
"7014853",371857,2025-07-25 15:31:50,43.3593902587891,-8.84338569641113,"Unknown"
"7014853",371857,2025-07-25 15:36:52,43.3594207763672,-8.84338474273682,"Unknown"
"7014853",371857,2025-07-25 15:41:50,43.3593559265137,-8.84336757659912,"Unknown"
"7014853",371857,2025-07-25 15:46:48,43.3593978881836,-8.84337997436523,"Unknown"
"7014853",371857,2025-07-25 15:51:49,43.3594932556152,-8.84348297119141,"Unknown"
"7014853",371857,2025-07-25 15:56:49,43.3595237731934,-8.84339618682861,"Unknown"
"7014853",371857,2025-07-25 16:01:49,43.3600006103516,-8.84360504150391,"Unknown"
"7014853",371857,2025-07-25 16:06:50,43.359489440918,-8.84399223327637,"Unknown"
"7014853",371857,2025-07-25 16:11:53,43.3593330383301,-8.84376430511475,"Unknown"
"7014853",371857,2025-07-25 16:16:49,43.3594131469727,-8.84411144256592,"Unknown"
"7014853",371857,2025-07-25 16:21:48,43.3593978881836,-8.84378433227539,"Unknown"
"7014853",371857,2025-07-25 16:26:50,43.3593139648438,-8.84407329559326,"Unknown"
"7014853",371857,2025-07-25 16:31:49,43.3594589233398,-8.84385395050049,"Unknown"
"7014853",371857,2025-07-25 16:36:48,43.3596611022949,-8.84377288818359,"Unknown"
"7014853",371857,2025-07-25 16:41:48,43.3595237731934,-8.84383964538574,"Unknown"
"7014853",371857,2025-07-25 16:46:49,43.3585319519043,-8.84460163116455,"Unknown"
"7014853",371857,2025-07-25 16:51:49,43.355842590332,-8.84037494659424,"Unknown"
"7014853",371857,2025-07-25 16:56:51,43.3542442321777,-8.83489227294922,"Unknown"
"7014853",371857,2025-07-25 17:01:54,43.3545379638672,-8.83468532562256,"Unknown"
"7014853",371857,2025-07-25 17:06:51,43.3545837402344,-8.83522319793701,"Unknown"
"7014853",371857,2025-07-25 17:11:50,43.3560066223145,-8.83539962768555,"Unknown"
"7014853",371857,2025-07-25 17:16:49,43.3278961181641,-8.82858848571777,"Unknown"
"7014853",371857,2025-07-25 17:21:49,43.3279266357422,-8.8283634185791,"Unknown"
"7014853",371857,2025-07-25 17:26:48,43.3131103515625,-8.79850959777832,"Unknown"
"7014853",371857,2025-07-25 17:31:49,43.3010025024414,-8.76601886749268,"Unknown"
"7014853",371857,2025-07-25 17:36:49,43.2943267822266,-8.73513984680176,"Unknown"
"7014853",371857,2025-07-25 17:42:05,43.2923698425293,-8.73477268218994,"Unknown"
"7014853",371857,2025-07-25 17:46:52,43.293586730957,-8.73123931884766,"Unknown"
"7014853",371857,2025-07-25 17:51:49,43.3021354675293,-8.71974849700928,"Unknown"
"7014853",371857,2025-07-25 17:56:49,43.3160438537598,-8.71051216125488,"Unknown"
"7014853",371857,2025-07-25 18:02:00,43.3225975036621,-8.70144557952881,"Unknown"
"7014853",371857,2025-07-25 18:06:48,43.3248291015625,-8.69080257415771,"Unknown"
"7014853",371857,2025-07-25 18:11:49,43.3251075744629,-8.69121837615967,"Unknown"
"7014853",371857,2025-07-25 18:16:48,43.3255577087402,-8.68937206268311,"Unknown"
"7014853",371857,2025-07-25 18:21:49,43.3249473571777,-8.69060611724854,"Unknown"
"7014853",371857,2025-07-25 18:26:49,43.325366973877,-8.69492530822754,"Unknown"
"7014853",371857,2025-07-25 18:31:48,43.3039588928223,-8.68899059295654,"Unknown"
"7014853",371857,2025-07-25 18:36:49,43.2930679321289,-8.66628170013428,"Unknown"
"7014853",371857,2025-07-25 18:41:50,43.2930374145508,-8.66481876373291,"Unknown"
"7014853",371857,2025-07-25 18:46:49,43.2930030822754,-8.66473484039307,"Unknown"
"7014853",371857,2025-07-25 18:51:52,43.2929344177246,-8.66461753845215,"Unknown"
"7014853",371857,2025-07-25 18:56:49,43.29296875,-8.664626121521,"Unknown"
"7014853",371857,2025-07-25 19:01:48,43.3024368286133,-8.65599727630615,"Unknown"
"7014853",371857,2025-07-25 19:06:48,43.3062362670898,-8.63633060455322,"Unknown"
"7014853",371857,2025-07-25 19:11:48,43.316162109375,-8.61981868743896,"Unknown"
"7014853",371857,2025-07-25 19:16:49,43.317569732666,-8.60139465332031,"Unknown"
"7014853",371857,2025-07-25 19:21:49,43.3160552978516,-8.57396984100342,"Unknown"
"7014853",371857,2025-07-25 19:26:48,43.3122406005859,-8.54601669311523,"Unknown"
"7014853",371857,2025-07-25 19:31:48,43.3210601806641,-8.52732086181641,"Unknown"
"7014853",371857,2025-07-25 19:36:48,43.3329200744629,-8.513916015625,"Unknown"
"7014853",371857,2025-07-25 19:41:48,43.3477935791016,-8.53088283538818,"Unknown"
"7014853",371857,2025-07-25 19:46:57,43.3493347167969,-8.5288553237915,"Unknown"
"7014853",371857,2025-07-25 19:51:49,43.3495292663574,-8.52908802032471,"Unknown"
"7014853",371857,2025-07-25 19:56:50,43.3493385314941,-8.52914714813232,"Unknown"
"7014853",371857,2025-07-25 20:01:49,43.3519897460938,-8.5244665145874,"Unknown"
"7014853",371857,2025-07-25 20:06:52,43.3520660400391,-8.52447509765625,"Unknown"
"7014853",371857,2025-07-25 20:11:48,43.351978302002,-8.52445125579834,"Unknown"
"7014853",371857,2025-07-25 20:17:00,43.3531684875488,-8.52311229705811,"Unknown"
"7014853",371857,2025-07-25 20:21:50,43.3532638549805,-8.52122402191162,"Unknown"
"7014853",371857,2025-07-25 20:26:53,43.3533401489258,-8.52118110656738,"Unknown"
"7014853",371857,2025-07-25 20:31:49,43.3534812927246,-8.52114295959473,"Unknown"
"7014853",371857,2025-07-25 20:36:49,43.3535041809082,-8.52108287811279,"Unknown"
"7014853",371857,2025-07-25 20:41:49,43.3534507751465,-8.52118682861328,"Unknown"
"7014853",371857,2025-07-25 20:47:46,43.3535118103027,-8.5211706161499,"Unknown"
"7014853",371857,2025-07-26 01:48:00,43.3540687561035,-8.52150249481201,"Unknown"
"7014853",371857,2025-07-26 05:22:58,43.3328323364258,-8.69578647613525,"Unknown"
"7014853",371857,2025-07-26 05:28:04,43.3407249450684,-8.69520282745361,"Unknown"
"7014853",371857,2025-07-26 05:32:50,43.3408164978027,-8.69536876678467,"Unknown"
"7014853",371857,2025-07-26 05:37:52,43.3399391174316,-8.69236183166504,"Unknown"
"7014853",371857,2025-07-26 05:42:52,43.340633392334,-8.69741058349609,"Unknown"
"7014853",371857,2025-07-26 05:47:47,43.3404350280762,-8.69917678833008,"Unknown"
"7014853",371857,2025-07-26 05:52:48,43.34033203125,-8.7005729675293,"Unknown"
"7014853",371857,2025-07-26 05:57:48,43.3440246582031,-8.69917774200439,"Unknown"
"7014853",371857,2025-07-26 06:02:49,43.3505210876465,-8.69893074035645,"Unknown"
"7014853",371857,2025-07-26 06:07:54,43.3509101867676,-8.69738674163818,"Unknown"
"7014853",371857,2025-07-26 06:12:55,43.3525352478027,-8.69987964630127,"Unknown"
"7014853",371857,2025-07-26 06:17:52,43.352294921875,-8.69781303405762,"Unknown"
"7014853",371857,2025-07-26 06:22:53,43.3547897338867,-8.69712162017822,"Unknown"
"7014853",371857,2025-07-26 06:27:53,43.3550491333008,-8.69900798797607,"Unknown"
"7014853",371857,2025-07-26 06:33:07,43.3550262451172,-8.70103073120117,"Unknown"
"7014853",371857,2025-07-26 06:38:11,43.3544502258301,-8.70162105560303,"Unknown"
"7014853",371857,2025-07-26 06:43:06,43.3508911132812,-8.69940376281738,"Unknown"
"7014853",371857,2025-07-26 06:47:47,43.3491325378418,-8.69638538360596,"Unknown"
"7014853",371857,2025-07-26 06:52:49,43.3504638671875,-8.6969575881958,"Unknown"
"7014853",371857,2025-07-26 06:57:47,43.3538398742676,-8.69736671447754,"Unknown"
"7014853",371857,2025-07-26 07:03:05,43.3550186157227,-8.69960880279541,"Unknown"
"7014853",371857,2025-07-26 07:08:14,43.3557891845703,-8.70152378082275,"Unknown"
"7014853",371857,2025-07-26 07:12:47,43.352855682373,-8.6999340057373,"Unknown"
"7014853",371857,2025-07-26 07:17:52,43.3484306335449,-8.69943046569824,"Unknown"
"7014853",371857,2025-07-26 07:22:46,43.3428802490234,-8.69813537597656,"Unknown"
"7014853",371857,2025-07-26 07:27:50,43.3354034423828,-8.69468688964844,"Unknown"
"7014853",371857,2025-07-26 07:32:47,43.3355903625488,-8.69585418701172,"Unknown"
"7014853",371857,2025-07-26 07:37:46,43.3144683837891,-8.71847724914551,"Unknown"
"7014853",371857,2025-07-26 07:42:47,43.2935829162598,-8.73768997192383,"Unknown"
"7014853",371857,2025-07-26 07:48:14,43.294002532959,-8.73338985443115,"Unknown"
"7014853",371857,2025-07-26 07:52:53,43.2939300537109,-8.73308658599854,"Unknown"
"7014853",371857,2025-07-26 07:57:49,43.294189453125,-8.73327922821045,"Unknown"
"7014853",371857,2025-07-26 08:02:57,43.2941703796387,-8.7337121963501,"Unknown"
"7014853",371857,2025-07-26 08:07:58,43.2941436767578,-8.7330961227417,"Unknown"
"7014853",371857,2025-07-26 08:13:01,43.2939910888672,-8.73275947570801,"Unknown"
"7014853",371857,2025-07-26 08:18:05,43.2940483093262,-8.73340129852295,"Unknown"
"7014853",371857,2025-07-26 08:23:20,43.2941513061523,-8.73326778411865,"Unknown"
"7014853",371857,2025-07-26 08:27:46,43.2941856384277,-8.73315334320068,"Unknown"
"7014853",371857,2025-07-26 08:32:46,43.2942428588867,-8.73323917388916,"Unknown"
"7014853",371857,2025-07-26 08:37:46,43.294059753418,-8.73322582244873,"Unknown"
"7014853",371857,2025-07-26 08:42:47,43.2941589355469,-8.73325634002686,"Unknown"
"7014853",371857,2025-07-26 08:47:47,43.2941017150879,-8.73312473297119,"Unknown"
"7014853",371857,2025-07-26 08:52:46,43.294059753418,-8.73308277130127,"Unknown"
"7014853",371857,2025-07-26 08:57:48,43.2941627502441,-8.73363399505615,"Unknown"
"7014853",371857,2025-07-26 09:02:46,43.2943229675293,-8.73350429534912,"Unknown"
"7014853",371857,2025-07-26 09:07:48,43.2942428588867,-8.73335742950439,"Unknown"
"7014853",371857,2025-07-26 09:13:00,43.2942428588867,-8.73350620269775,"Unknown"
"7014853",371857,2025-07-26 09:18:10,43.2942657470703,-8.73342990875244,"Unknown"
"7014853",371857,2025-07-26 09:22:46,43.2940216064453,-8.73339176177979,"Unknown"
"7014853",371857,2025-07-26 09:27:45,43.294059753418,-8.73338317871094,"Unknown"
"7014853",371857,2025-07-26 09:32:45,43.2954483032227,-8.72356986999512,"Unknown"
"7014853",371857,2025-07-26 09:37:45,43.3116645812988,-8.7083044052124,"Unknown"
"7014853",371857,2025-07-26 09:42:46,43.3133316040039,-8.70796489715576,"Unknown"
"7014853",371857,2025-07-26 09:47:45,43.3293190002441,-8.69678211212158,"Unknown"
"7014853",371857,2025-07-26 09:52:48,43.335636138916,-8.69286155700684,"Unknown"
"7014853",371857,2025-07-26 09:57:47,43.3262977600098,-8.68844032287598,"Unknown"
"7014853",371857,2025-07-26 10:02:46,43.3275108337402,-8.68707466125488,"Unknown"
"7014853",371857,2025-07-26 10:07:47,43.3275604248047,-8.68723487854004,"Unknown"
"7014853",371857,2025-07-26 10:12:47,43.3285903930664,-8.68759441375732,"Unknown"
"7014853",371857,2025-07-26 10:17:47,43.3272819519043,-8.6878137588501,"Unknown"
"7014853",371857,2025-07-26 10:22:47,43.327278137207,-8.68804168701172,"Unknown"
"7014853",371857,2025-07-26 10:27:46,43.3270950317383,-8.68772125244141,"Unknown"
"7014853",371857,2025-07-26 10:32:46,43.3078651428223,-8.6591215133667,"Unknown"
"7014853",371857,2025-07-26 10:37:46,43.3080253601074,-8.63161087036133,"Unknown"
"7014853",371857,2025-07-26 10:42:46,43.316822052002,-8.60744857788086,"Unknown"
"7014853",371857,2025-07-26 10:47:46,43.3156242370605,-8.57968235015869,"Unknown"
"7014853",371857,2025-07-26 10:52:46,43.3119049072266,-8.54579067230225,"Unknown"
"7014853",371857,2025-07-26 10:57:46,43.320743560791,-8.53717422485352,"Unknown"
"7014853",371857,2025-07-26 11:02:46,43.3213310241699,-8.52190208435059,"Unknown"
"7014853",371857,2025-07-26 11:07:46,43.3340950012207,-8.51473999023438,"Unknown"
"7014853",371857,2025-07-26 11:12:46,43.3524475097656,-8.52093029022217,"Unknown"
"7014853",371857,2025-07-26 11:17:46,43.3586387634277,-8.49461078643799,"Unknown"
"7014853",371857,2025-07-26 11:22:46,43.3570327758789,-8.46782302856445,"Unknown"
"7014853",371857,2025-07-26 11:27:46,43.3550910949707,-8.45807552337646,"Unknown"
"7014853",371857,2025-07-26 11:32:47,43.3549880981445,-8.45803070068359,"Unknown"
"7014853",371857,2025-07-26 11:37:46,43.3553237915039,-8.45810794830322,"Unknown"
"7014853",371857,2025-07-26 11:42:50,43.3549728393555,-8.45804023742676,"Unknown"
"7014853",371857,2025-07-26 11:47:47,43.3550872802734,-8.45798969268799,"Unknown"
"7014853",371857,2025-07-26 11:52:54,43.3563957214355,-8.45699691772461,"Unknown"
"7014853",371857,2025-07-26 11:57:53,43.3565406799316,-8.45733833312988,"Unknown"
"7014853",371857,2025-07-26 12:03:08,43.3564300537109,-8.4570198059082,"Unknown"
"7014853",371857,2025-07-26 12:07:53,43.3563766479492,-8.45707130432129,"Unknown"
"7014853",371857,2025-07-26 12:12:55,43.3564262390137,-8.45675563812256,"Unknown"
"7014853",371857,2025-07-26 12:18:11,43.3561935424805,-8.45687198638916,"Unknown"
"7014853",371857,2025-07-26 12:22:51,43.3563117980957,-8.45722007751465,"Unknown"
"7014853",371857,2025-07-26 12:27:57,43.3562660217285,-8.45680522918701,"Unknown"
"7014853",371857,2025-07-26 12:33:01,43.3562965393066,-8.45675182342529,"Unknown"
"7014853",371857,2025-07-26 12:37:52,43.3549118041992,-8.45766258239746,"Unknown"
"7014853",371857,2025-07-26 12:42:53,43.3548736572266,-8.45766067504883,"Unknown"
"7014853",371857,2025-07-26 12:47:56,43.3549880981445,-8.45775318145752,"Unknown"
"7014853",371857,2025-07-26 12:52:49,43.3547973632812,-8.45754718780518,"Unknown"
"7014853",371857,2025-07-26 12:58:02,43.3540115356445,-8.45692348480225,"Unknown"
"7014853",371857,2025-07-26 13:03:09,43.3545989990234,-8.45750141143799,"Unknown"
"7014853",371857,2025-07-26 13:08:10,43.3550910949707,-8.45786762237549,"Unknown"
"7014853",371857,2025-07-26 13:12:45,43.3553085327148,-8.45792007446289,"Unknown"
"7014853",371857,2025-07-26 13:17:47,43.3552131652832,-8.45790576934814,"Unknown"
"7014853",371857,2025-07-26 13:22:49,43.3549041748047,-8.45762729644775,"Unknown"
"7014853",371857,2025-07-26 13:27:48,43.3552474975586,-8.45786380767822,"Unknown"
"7014853",371857,2025-07-26 13:32:46,43.3553161621094,-8.45802116394043,"Unknown"
"7014853",371857,2025-07-26 13:37:48,43.3565444946289,-8.45742988586426,"Unknown"
"7014853",371857,2025-07-26 13:42:49,43.3562927246094,-8.45697784423828,"Unknown"
"7014853",371857,2025-07-26 13:47:54,43.3568992614746,-8.45803451538086,"Unknown"
"7014853",371857,2025-07-26 13:52:54,43.3564186096191,-8.4569616317749,"Unknown"
"7014853",371857,2025-07-26 13:58:02,43.356502532959,-8.45694351196289,"Unknown"
"7014853",371857,2025-07-26 14:02:46,43.3564682006836,-8.45699405670166,"Unknown"
"7014853",371857,2025-07-26 14:07:46,43.3565788269043,-8.45694637298584,"Unknown"
"7014853",371857,2025-07-26 14:12:46,43.3564796447754,-8.45704650878906,"Unknown"
"7014853",371857,2025-07-26 14:17:46,43.3553276062012,-8.45781517028809,"Unknown"
"7014853",371857,2025-07-26 14:22:47,43.3553886413574,-8.45782566070557,"Unknown"
"7014853",371857,2025-07-26 14:27:56,43.3552780151367,-8.45779132843018,"Unknown"
"7014853",371857,2025-07-26 14:33:14,43.3564682006836,-8.45680046081543,"Unknown"
"7014853",371857,2025-07-26 14:39:09,43.3566589355469,-8.45664978027344,"Unknown"
"7014853",371857,2025-07-26 14:43:10,43.3564109802246,-8.45703887939453,"Unknown"
"7014853",371857,2025-07-26 14:48:01,43.3561935424805,-8.45734596252441,"Unknown"
"7014853",371857,2025-07-26 14:52:46,43.3566360473633,-8.45714473724365,"Unknown"
"7014853",371857,2025-07-26 14:58:01,43.3563346862793,-8.45691013336182,"Unknown"
"7014853",371857,2025-07-26 15:02:51,43.3562431335449,-8.45690631866455,"Unknown"
"7014853",371857,2025-07-26 15:07:46,43.3406562805176,-8.45348262786865,"Unknown"
"7014853",371857,2025-07-26 15:12:46,43.3409576416016,-8.45349025726318,"Unknown"
"7014853",371857,2025-07-26 15:17:49,43.3409233093262,-8.45371055603027,"Unknown"
"7014853",371857,2025-07-26 15:22:46,43.3513679504395,-8.45666694641113,"Unknown"
"7014853",371857,2025-07-26 15:27:52,43.3552322387695,-8.4578742980957,"Unknown"
"7014853",371857,2025-07-26 15:32:52,43.3552169799805,-8.45788955688477,"Unknown"
"7014853",371857,2025-07-26 15:37:48,43.3552398681641,-8.45788478851318,"Unknown"
"7014853",371857,2025-07-26 15:42:46,43.3551750183105,-8.45788478851318,"Unknown"
"7014853",371857,2025-07-26 15:47:46,43.3553123474121,-8.45790863037109,"Unknown"
"7014853",371857,2025-07-26 15:52:47,43.3557586669922,-8.45720291137695,"Unknown"
"7014853",371857,2025-07-26 15:57:47,43.3552742004395,-8.45791053771973,"Unknown"
"7014853",371857,2025-07-26 16:02:47,43.3552513122559,-8.45791721343994,"Unknown"
"7014853",371857,2025-07-26 16:07:46,43.3552131652832,-8.45792675018311,"Unknown"
"7014853",371857,2025-07-26 16:12:46,43.3552474975586,-8.45792102813721,"Unknown"
"7014853",371857,2025-07-26 16:17:46,43.3552551269531,-8.4578104019165,"Unknown"
"7014853",371857,2025-07-26 16:22:46,43.3554649353027,-8.45775604248047,"Unknown"
"7014853",371857,2025-07-26 16:27:49,43.3555297851562,-8.45831966400146,"Unknown"
"7014853",371857,2025-07-26 16:32:46,43.3552589416504,-8.45778942108154,"Unknown"
"7014853",371857,2025-07-26 16:37:48,43.3562126159668,-8.45818138122559,"Unknown"
"7014853",371857,2025-07-26 16:42:49,43.3565826416016,-8.45754146575928,"Unknown"
"7014853",371857,2025-07-26 16:47:51,43.3558578491211,-8.45819187164307,"Unknown"
"7014853",371857,2025-07-26 16:52:51,43.3565864562988,-8.45755004882812,"Unknown"
"7014853",371857,2025-07-26 16:57:52,43.3566360473633,-8.45734691619873,"Unknown"
"7014853",371857,2025-07-26 17:02:48,43.356803894043,-8.45743179321289,"Unknown"
"7014853",371857,2025-07-26 17:07:51,43.3565559387207,-8.45760726928711,"Unknown"
"7014853",371857,2025-07-26 17:12:54,43.3565368652344,-8.45714664459229,"Unknown"
"7014853",371857,2025-07-26 17:17:51,43.3564872741699,-8.45760440826416,"Unknown"
"7014853",371857,2025-07-26 17:23:26,43.3568305969238,-8.45784664154053,"Unknown"
"7014853",371857,2025-07-26 17:28:15,43.3563842773438,-8.45694828033447,"Unknown"
"7014853",371857,2025-07-26 17:33:06,43.3563919067383,-8.45822334289551,"Unknown"
"7014853",371857,2025-07-26 17:37:55,43.3564910888672,-8.45786952972412,"Unknown"
"7014853",371857,2025-07-26 17:42:52,43.3564796447754,-8.45823955535889,"Unknown"
"7014853",371857,2025-07-26 17:47:52,43.3567962646484,-8.45860195159912,"Unknown"
"7014853",371857,2025-07-26 17:52:54,43.3564758300781,-8.45805835723877,"Unknown"
"7014853",371857,2025-07-26 17:58:00,43.3564987182617,-8.45809459686279,"Unknown"
"7014853",371857,2025-07-26 18:02:51,43.3559722900391,-8.45687007904053,"Unknown"
"7014853",371857,2025-07-26 18:07:56,43.356315612793,-8.45698547363281,"Unknown"
"7014853",371857,2025-07-26 18:12:50,43.3560333251953,-8.45703887939453,"Unknown"
"7014853",371857,2025-07-26 18:18:15,43.3560676574707,-8.4567985534668,"Unknown"
"7014853",371857,2025-07-26 18:23:22,43.356201171875,-8.4568567276001,"Unknown"
"7014853",371857,2025-07-26 18:28:01,43.3560104370117,-8.45694065093994,"Unknown"
"7014853",371857,2025-07-26 18:32:48,43.3562507629395,-8.4569616317749,"Unknown"
"7014853",371857,2025-07-26 18:38:50,43.3562316894531,-8.45749855041504,"Unknown"
"7014853",371857,2025-07-26 18:42:58,43.3560981750488,-8.45617961883545,"Unknown"
"7014853",371857,2025-07-26 18:48:01,43.3563194274902,-8.45640468597412,"Unknown"
"7014853",371857,2025-07-26 18:54:02,43.3562088012695,-8.45660305023193,"Unknown"
"7014853",371857,2025-07-26 18:58:52,43.3561706542969,-8.4562349319458,"Unknown"
"7014853",371857,2025-07-26 19:03:44,43.3564491271973,-8.4569787979126,"Unknown"
"7014853",371857,2025-07-26 19:07:49,43.3413619995117,-8.45330905914307,"Unknown"
"7014853",371857,2025-07-26 19:12:49,43.3425598144531,-8.44733142852783,"Unknown"
"7014853",371857,2025-07-26 19:17:48,43.3498725891113,-8.42807006835938,"Unknown"
"7014853",371857,2025-07-26 19:22:56,43.3503684997559,-8.42819976806641,"Unknown"
"7014853",371857,2025-07-26 19:28:12,43.3505020141602,-8.42825126647949,"Unknown"
"7014853",371857,2025-07-26 19:32:54,43.350025177002,-8.42799758911133,"Unknown"
"7014853",371857,2025-07-26 19:37:51,43.3499946594238,-8.42799949645996,"Unknown"
"7014853",371857,2025-07-26 19:43:02,43.3510322570801,-8.42790508270264,"Unknown"
"7014853",371857,2025-07-26 19:47:49,43.3510360717773,-8.42760562896729,"Unknown"
"7014853",371857,2025-07-26 19:52:48,43.3510360717773,-8.42770576477051,"Unknown"
"7014853",371857,2025-07-26 19:57:48,43.3509750366211,-8.42753028869629,"Unknown"
"7014853",371857,2025-07-26 20:02:47,43.3511276245117,-8.42832279205322,"Unknown"
"7014853",371857,2025-07-26 20:07:49,43.3499603271484,-8.42821216583252,"Unknown"
"7014853",371857,2025-07-26 20:12:47,43.3497009277344,-8.42841053009033,"Unknown"
"7014853",371857,2025-07-26 20:17:54,43.3497123718262,-8.42837619781494,"Unknown"
"7014853",371857,2025-07-26 20:22:47,43.3494911193848,-8.42832279205322,"Unknown"
"7014853",371857,2025-07-26 20:27:48,43.3505020141602,-8.42832946777344,"Unknown"
"7014853",371857,2025-07-26 20:32:49,43.349666595459,-8.42804908752441,"Unknown"
"7014853",371857,2025-07-26 20:37:47,43.3501739501953,-8.42813491821289,"Unknown"
"7014853",371857,2025-07-26 20:42:48,43.3518486022949,-8.42419815063477,"Unknown"
"7014853",371857,2025-07-26 20:46:26,43.3520011901855,-8.42395210266113,"Unknown"
"7014853",371857,2025-07-27 01:46:53,43.3519821166992,-8.42529106140137,"Unknown"
"7014853",371857,2025-07-27 05:24:14,43.3538208007812,-8.45905590057373,"Unknown"
"7014853",371857,2025-07-27 05:28:10,43.3540687561035,-8.45915508270264,"Unknown"
"7014853",371857,2025-07-27 05:34:09,43.3538208007812,-8.458984375,"Unknown"
"7014853",371857,2025-07-27 05:38:08,43.3448715209961,-8.45307731628418,"Unknown"
"7014853",371857,2025-07-27 05:43:09,43.3407554626465,-8.45390605926514,"Unknown"
"7014853",371857,2025-07-27 05:48:09,43.3409767150879,-8.4525899887085,"Unknown"
"7014853",371857,2025-07-27 05:53:09,43.3411064147949,-8.45274448394775,"Unknown"
"7014853",371857,2025-07-27 05:58:08,43.3410491943359,-8.45281028747559,"Unknown"
"7014853",371857,2025-07-27 06:03:09,43.3412590026855,-8.45262241363525,"Unknown"
"7014853",371857,2025-07-27 06:08:11,43.3410911560059,-8.45238208770752,"Unknown"
"7014853",371857,2025-07-27 06:13:09,43.3414077758789,-8.45258522033691,"Unknown"
"7014853",371857,2025-07-27 06:18:11,43.3412246704102,-8.45253467559814,"Unknown"
"7014853",371857,2025-07-27 06:23:09,43.340950012207,-8.45252418518066,"Unknown"
"7014853",371857,2025-07-27 06:28:09,43.3411331176758,-8.45259857177734,"Unknown"
"7014853",371857,2025-07-27 06:33:09,43.340747833252,-8.4525203704834,"Unknown"
"7014853",371857,2025-07-27 06:38:10,43.3408393859863,-8.45247745513916,"Unknown"
"7014853",371857,2025-07-27 06:43:10,43.3408012390137,-8.45236301422119,"Unknown"
"7014853",371857,2025-07-27 06:48:08,43.3410148620605,-8.45255947113037,"Unknown"
"7014853",371857,2025-07-27 06:53:08,43.3412895202637,-8.45273685455322,"Unknown"
"7014853",371857,2025-07-27 06:58:09,43.3412475585938,-8.4528751373291,"Unknown"
"7014853",371857,2025-07-27 07:03:08,43.3411483764648,-8.45266819000244,"Unknown"
"7014853",371857,2025-07-27 07:08:09,43.3412094116211,-8.45274353027344,"Unknown"
"7014853",371857,2025-07-27 07:13:08,43.3445816040039,-8.45320129394531,"Unknown"
"7014853",371857,2025-07-27 07:18:08,43.3488502502441,-8.46700191497803,"Unknown"
"7014853",371857,2025-07-27 07:23:10,43.3547515869141,-8.51737213134766,"Unknown"
"7014853",371857,2025-07-27 07:28:08,43.3480110168457,-8.56346702575684,"Unknown"
"7014853",371857,2025-07-27 07:33:08,43.3422546386719,-8.60283088684082,"Unknown"
"7014853",371857,2025-07-27 07:38:08,43.3330993652344,-8.64107990264893,"Unknown"
"7014853",371857,2025-07-27 07:43:08,43.3339729309082,-8.68443775177002,"Unknown"
"7014853",371857,2025-07-27 07:48:08,43.3324089050293,-8.72247314453125,"Unknown"
"7014853",371857,2025-07-27 07:53:08,43.3362312316895,-8.76170063018799,"Unknown"
"7014853",371857,2025-07-27 07:58:08,43.3443374633789,-8.80363082885742,"Unknown"
"7014853",371857,2025-07-27 08:03:08,43.3560905456543,-8.8437967300415,"Unknown"
"7014853",371857,2025-07-27 08:08:08,43.3591804504395,-8.84366226196289,"Unknown"
"7014853",371857,2025-07-27 08:13:10,43.3596115112305,-8.84381771087646,"Unknown"
"7014853",371857,2025-07-27 08:18:08,43.3593330383301,-8.8437614440918,"Unknown"
"7014853",371857,2025-07-27 08:23:08,43.3593635559082,-8.84376525878906,"Unknown"
"7014853",371857,2025-07-27 08:28:08,43.3593788146973,-8.84379291534424,"Unknown"
"7014853",371857,2025-07-27 08:33:08,43.3592948913574,-8.84375858306885,"Unknown"
"7014853",371857,2025-07-27 08:38:10,43.3594589233398,-8.84304046630859,"Unknown"
"7014853",371857,2025-07-27 08:43:09,43.359619140625,-8.84242248535156,"Unknown"
"7014853",371857,2025-07-27 08:48:09,43.3593673706055,-8.84357261657715,"Unknown"
"7014853",371857,2025-07-27 08:53:08,43.3593482971191,-8.84344959259033,"Unknown"
"7014853",371857,2025-07-27 08:58:10,43.3592414855957,-8.84336090087891,"Unknown"
"7014853",371857,2025-07-27 09:03:09,43.3593215942383,-8.84345626831055,"Unknown"
"7014853",371857,2025-07-27 09:08:09,43.3592224121094,-8.84342098236084,"Unknown"
"7014853",371857,2025-07-27 09:13:09,43.3594093322754,-8.84344005584717,"Unknown"
"7014853",371857,2025-07-27 09:18:09,43.3590202331543,-8.84316444396973,"Unknown"
"7014853",371857,2025-07-27 09:23:10,43.3589782714844,-8.84313678741455,"Unknown"
"7014853",371857,2025-07-27 09:28:09,43.3594360351562,-8.84336566925049,"Unknown"
"7014853",371857,2025-07-27 09:33:09,43.3593215942383,-8.84338855743408,"Unknown"
"7014853",371857,2025-07-27 09:38:09,43.3598518371582,-8.84370613098145,"Unknown"
"7014853",371857,2025-07-27 09:43:08,43.3594665527344,-8.84343147277832,"Unknown"
"7014853",371857,2025-07-27 09:48:09,43.3593406677246,-8.84344673156738,"Unknown"
"7014853",371857,2025-07-27 09:53:09,43.3594207763672,-8.84365940093994,"Unknown"
"7014853",371857,2025-07-27 09:58:09,43.3592491149902,-8.84341144561768,"Unknown"
"7014853",371857,2025-07-27 10:03:10,43.3592491149902,-8.84348678588867,"Unknown"
"7014853",371857,2025-07-27 10:08:09,43.3593978881836,-8.84322643280029,"Unknown"
"7014853",371857,2025-07-27 10:13:24,43.3593978881836,-8.84343910217285,"Unknown"
"7014853",371857,2025-07-27 10:18:11,43.3593215942383,-8.84333992004395,"Unknown"
"7014853",371857,2025-07-27 10:23:13,43.3591117858887,-8.84341716766357,"Unknown"
"7014853",371857,2025-07-27 10:28:13,43.3589210510254,-8.84347057342529,"Unknown"
"7014853",371857,2025-07-27 10:33:12,43.3590431213379,-8.8435173034668,"Unknown"
"7014853",371857,2025-07-27 10:38:12,43.3584098815918,-8.84363555908203,"Unknown"
"7014853",371857,2025-07-27 10:43:16,43.3588562011719,-8.84346961975098,"Unknown"
"7014853",371857,2025-07-27 10:48:10,43.3587379455566,-8.84344387054443,"Unknown"
"7014853",371857,2025-07-27 10:53:09,43.3587951660156,-8.84356689453125,"Unknown"
"7014853",371857,2025-07-27 10:58:12,43.3590888977051,-8.8434886932373,"Unknown"
"7014853",371857,2025-07-27 11:03:12,43.3590927124023,-8.84363079071045,"Unknown"
"7014853",371857,2025-07-27 11:08:11,43.3589973449707,-8.84370994567871,"Unknown"
"7014853",371857,2025-07-27 11:13:10,43.3592224121094,-8.84360885620117,"Unknown"
"7014853",371857,2025-07-27 11:18:18,43.3591003417969,-8.84330558776855,"Unknown"
"7014853",371857,2025-07-27 11:23:17,43.3587913513184,-8.84342575073242,"Unknown"
"7014853",371857,2025-07-27 11:28:11,43.3591232299805,-8.84337902069092,"Unknown"
"7014853",371857,2025-07-27 11:33:18,43.3576049804688,-8.84396457672119,"Unknown"
"7014853",371857,2025-07-27 11:38:11,43.3592872619629,-8.84491348266602,"Unknown"
"7014853",371857,2025-07-27 11:43:17,43.3591041564941,-8.84311676025391,"Unknown"
"7014853",371857,2025-07-27 11:48:10,43.3592758178711,-8.84368133544922,"Unknown"
"7014853",371857,2025-07-27 11:53:18,43.3590126037598,-8.84328651428223,"Unknown"
"7014853",371857,2025-07-27 11:58:08,43.3591346740723,-8.84352016448975,"Unknown"
"7014853",371857,2025-07-27 12:03:18,43.3594207763672,-8.84305763244629,"Unknown"
"7014853",371857,2025-07-27 12:08:19,43.3596000671387,-8.84375858306885,"Unknown"
"7014853",371857,2025-07-27 12:13:16,43.3592224121094,-8.84283351898193,"Unknown"
"7014853",371857,2025-07-27 12:18:18,43.3581924438477,-8.84469413757324,"Unknown"
"7014853",371857,2025-07-27 12:23:17,43.3583602905273,-8.84206581115723,"Unknown"
"7014853",371857,2025-07-27 12:28:11,43.3599624633789,-8.84417533874512,"Unknown"
"7014853",371857,2025-07-27 12:33:15,43.3590660095215,-8.84331130981445,"Unknown"
"7014853",371857,2025-07-27 12:38:11,43.3592338562012,-8.84357643127441,"Unknown"
"7014853",371857,2025-07-27 12:43:09,43.3592071533203,-8.84353733062744,"Unknown"
"7014853",371857,2025-07-27 12:48:12,43.3589897155762,-8.84385967254639,"Unknown"
"7014853",371857,2025-07-27 12:53:09,43.3589859008789,-8.8438138961792,"Unknown"
"7014853",371857,2025-07-27 12:58:10,43.359432220459,-8.84359359741211,"Unknown"
"7014853",371857,2025-07-27 13:03:09,43.3594779968262,-8.84345245361328,"Unknown"
"7014853",371857,2025-07-27 13:08:09,43.3606452941895,-8.83460330963135,"Unknown"
"7014853",371857,2025-07-27 13:13:08,43.359447479248,-8.84354496002197,"Unknown"
"7014853",371857,2025-07-27 13:18:08,43.3598976135254,-8.8434591293335,"Unknown"
"7014853",371857,2025-07-27 13:23:11,43.3594093322754,-8.84344482421875,"Unknown"
"7014853",371857,2025-07-27 13:28:13,43.3593978881836,-8.84372520446777,"Unknown"
"7014853",371857,2025-07-27 13:33:11,43.3595390319824,-8.84347915649414,"Unknown"
"7014853",371857,2025-07-27 13:38:08,43.3490943908691,-8.83616256713867,"Unknown"
"7014853",371857,2025-07-27 13:43:10,43.3445739746094,-8.79777526855469,"Unknown"
"7014853",371857,2025-07-27 13:48:09,43.344799041748,-8.75480365753174,"Unknown"
"7014853",371857,2025-07-27 13:53:09,43.3474006652832,-8.71498584747314,"Unknown"
"7014853",371857,2025-07-27 13:58:08,43.3476257324219,-8.69119453430176,"Unknown"
"7014853",371857,2025-07-27 14:03:10,43.3506240844727,-8.68614768981934,"Unknown"
"7014853",371857,2025-07-27 14:08:16,43.3504180908203,-8.68543720245361,"Unknown"
"7014853",371857,2025-07-27 14:13:11,43.3498077392578,-8.684401512146,"Unknown"
"7014853",371857,2025-07-27 14:23:35,43.3400115966797,-8.63581085205078,"Unknown"
"7014853",371857,2025-07-27 14:28:18,43.3374977111816,-8.59362316131592,"Unknown"
"7014853",371857,2025-07-27 14:33:10,43.3389091491699,-8.55761814117432,"Unknown"
"7014853",371857,2025-07-27 14:38:08,43.3383331298828,-8.51535606384277,"Unknown"
"7014853",371857,2025-07-27 14:43:11,43.3294715881348,-8.49576663970947,"Unknown"
"7014853",371857,2025-07-27 14:48:09,43.3304061889648,-8.49683475494385,"Unknown"
"7014853",371857,2025-07-27 14:53:10,43.33056640625,-8.49691104888916,"Unknown"
"7014853",371857,2025-07-27 14:58:35,43.3306007385254,-8.49672031402588,"Unknown"
"7014853",371857,2025-07-27 15:03:15,43.3307571411133,-8.49724388122559,"Unknown"
"7014853",371857,2025-07-27 15:08:09,43.3305358886719,-8.49674034118652,"Unknown"
"7014853",371857,2025-07-27 15:13:07,43.3370971679688,-8.49988746643066,"Unknown"
"7014853",371857,2025-07-27 15:18:08,43.3463745117188,-8.48563480377197,"Unknown"
"7014853",371857,2025-07-27 15:23:09,43.3540229797363,-8.45862293243408,"Unknown"
"7014853",371857,2025-07-27 15:28:13,43.3540496826172,-8.45947360992432,"Unknown"
"7014853",371857,2025-07-27 15:33:48,43.3542442321777,-8.45949172973633,"Unknown"
"7014853",371857,2025-07-27 15:38:51,43.3540954589844,-8.45946598052979,"Unknown"
"7014853",371857,2025-07-27 15:43:55,43.3542137145996,-8.45925331115723,"Unknown"
"7014853",371857,2025-07-27 15:53:08,43.3561210632324,-8.45824337005615,"Unknown"
"7014853",371857,2025-07-27 15:58:08,43.3562698364258,-8.4585132598877,"Unknown"
"7014853",371857,2025-07-27 16:03:08,43.3560791015625,-8.45823669433594,"Unknown"
"7014853",371857,2025-07-27 16:08:08,43.3562545776367,-8.4583568572998,"Unknown"
"7014853",371857,2025-07-27 16:13:08,43.3563079833984,-8.45839214324951,"Unknown"
"7014853",371857,2025-07-27 16:18:09,43.3563041687012,-8.45845794677734,"Unknown"
"7014853",371857,2025-07-27 16:23:08,43.3563385009766,-8.45845031738281,"Unknown"
"7014853",371857,2025-07-27 16:28:11,43.3561744689941,-8.45831871032715,"Unknown"
"7014853",371857,2025-07-27 16:33:08,43.3592147827148,-8.46111297607422,"Unknown"
"7014853",371857,2025-07-27 16:38:09,43.3524436950684,-8.47880363464355,"Unknown"
"7014853",371857,2025-07-27 16:43:08,43.3525543212891,-8.48221588134766,"Unknown"
"7014853",371857,2025-07-27 16:48:08,43.3562355041504,-8.51227569580078,"Unknown"
"7014853",371857,2025-07-27 16:53:10,43.356014251709,-8.51521873474121,"Unknown"
"7014853",371857,2025-07-27 16:58:08,43.3559989929199,-8.5153284072876,"Unknown"
"7014853",371857,2025-07-27 17:03:08,43.3476676940918,-8.54419708251953,"Unknown"
"7014853",371857,2025-07-27 17:08:08,43.3324012756348,-8.57634353637695,"Unknown"
"7014853",371857,2025-07-27 17:13:08,43.3271217346191,-8.61217594146729,"Unknown"
"7014853",371857,2025-07-27 17:18:08,43.321346282959,-8.65079975128174,"Unknown"
"7014853",371857,2025-07-27 17:23:08,43.3160705566406,-8.68851089477539,"Unknown"
"7014853",371857,2025-07-27 17:28:08,43.3138809204102,-8.72521686553955,"Unknown"
"7014853",371857,2025-07-27 17:33:08,43.3118896484375,-8.76225471496582,"Unknown"
"7014853",371857,2025-07-27 17:38:08,43.3200187683105,-8.79872035980225,"Unknown"
"7014853",371857,2025-07-27 17:43:08,43.3291473388672,-8.82394599914551,"Unknown"
"7014853",371857,2025-07-27 17:48:08,43.3557243347168,-8.83475589752197,"Unknown"
"7014853",371857,2025-07-27 17:53:08,43.3589897155762,-8.84326553344727,"Unknown"
"7014853",371857,2025-07-27 17:58:10,43.3591995239258,-8.84362983703613,"Unknown"
"7014853",371857,2025-07-27 18:03:08,43.3590774536133,-8.84321975708008,"Unknown"
"7014853",371857,2025-07-27 18:08:09,43.3582038879395,-8.84362506866455,"Unknown"
"7014853",371857,2025-07-27 18:13:11,43.3592376708984,-8.84304618835449,"Unknown"
"7014853",371857,2025-07-27 18:18:23,43.3594551086426,-8.84309005737305,"Unknown"
"7014853",371857,2025-07-27 18:23:15,43.3591804504395,-8.84306621551514,"Unknown"
"7014853",371857,2025-07-27 18:28:09,43.3589820861816,-8.84309673309326,"Unknown"
"7014853",371857,2025-07-27 18:33:11,43.358959197998,-8.84310626983643,"Unknown"
"7014853",371857,2025-07-27 18:38:11,43.3589019775391,-8.84310722351074,"Unknown"
"7014853",371857,2025-07-27 18:43:10,43.3589515686035,-8.84292316436768,"Unknown"
"7014853",371857,2025-07-27 18:48:10,43.3587646484375,-8.84278011322021,"Unknown"
"7014853",371857,2025-07-27 18:53:10,43.3585739135742,-8.84255504608154,"Unknown"
"7014853",371857,2025-07-27 18:58:12,43.3584327697754,-8.84236526489258,"Unknown"
"7014853",371857,2025-07-27 19:03:12,43.3594169616699,-8.84274768829346,"Unknown"
"7014853",371857,2025-07-27 19:08:20,43.357666015625,-8.8442907333374,"Unknown"
"7014853",371857,2025-07-27 19:13:11,43.3597068786621,-8.84306621551514,"Unknown"
"7014853",371857,2025-07-27 19:18:26,43.3594512939453,-8.84395694732666,"Unknown"
"7014853",371857,2025-07-27 19:23:10,43.359260559082,-8.84291458129883,"Unknown"
"7014853",371857,2025-07-27 19:28:11,43.3590240478516,-8.84347343444824,"Unknown"
"7014853",371857,2025-07-27 19:33:09,43.3591232299805,-8.84378528594971,"Unknown"
"7014853",371857,2025-07-27 19:38:09,43.358715057373,-8.84440135955811,"Unknown"
"7014853",371857,2025-07-27 19:43:11,43.3605194091797,-8.84302043914795,"Unknown"
"7014853",371857,2025-07-27 19:48:11,43.358528137207,-8.84463214874268,"Unknown"
"7014853",371857,2025-07-27 19:53:13,43.359489440918,-8.84389591217041,"Unknown"
"7014853",371857,2025-07-27 19:58:11,43.3584213256836,-8.84464263916016,"Unknown"
"7014853",371857,2025-07-27 20:03:24,43.358814239502,-8.84370136260986,"Unknown"
"7014853",371857,2025-07-27 20:08:22,43.3587837219238,-8.84371280670166,"Unknown"
"7014853",371857,2025-07-27 20:13:23,43.3590354919434,-8.84358215332031,"Unknown"
"7014853",371857,2025-07-27 20:18:27,43.3585968017578,-8.8436861038208,"Unknown"
"7014853",371857,2025-07-27 20:23:32,43.3590202331543,-8.84350776672363,"Unknown"
"7014853",371857,2025-07-27 20:28:08,43.358943939209,-8.84359836578369,"Unknown"
"7014853",371857,2025-07-27 20:33:08,43.3591613769531,-8.84346199035645,"Unknown"
"7014853",371857,2025-07-27 20:38:08,43.3590507507324,-8.84359741210938,"Unknown"
"7014853",371857,2025-07-27 20:43:08,43.3591117858887,-8.84347820281982,"Unknown"
"7014853",371857,2025-07-27 20:46:43,43.3589553833008,-8.84339618682861,"Unknown"
"7014853",371857,2025-07-28 01:47:23,43.3591003417969,-8.84387016296387,"Unknown"
"7014853",371857,2025-07-28 05:26:07,43.3593368530273,-8.84334373474121,"Unknown"
"7014853",371857,2025-07-28 05:31:12,43.3618049621582,-8.84452152252197,"Unknown"
"7014853",371857,2025-07-28 05:36:04,43.3679237365723,-8.83477115631104,"Unknown"
"7014853",371857,2025-07-28 05:41:07,43.3697204589844,-8.83282566070557,"Unknown"
"7014853",371857,2025-07-28 05:46:04,43.369701385498,-8.8348560333252,"Unknown"
"7014853",371857,2025-07-28 05:51:10,43.3623352050781,-8.8389778137207,"Unknown"
"7014853",371857,2025-07-28 05:56:10,43.3623962402344,-8.83895683288574,"Unknown"
"7014853",371857,2025-07-28 06:01:31,43.3590774536133,-8.84356021881104,"Unknown"
"7014853",371857,2025-07-28 06:06:05,43.3590316772461,-8.84341621398926,"Unknown"
"7014853",371857,2025-07-28 06:11:03,43.3588714599609,-8.84350967407227,"Unknown"
"7014853",371857,2025-07-28 06:16:09,43.3591346740723,-8.84340858459473,"Unknown"
"7014853",371857,2025-07-28 06:21:07,43.3591003417969,-8.84347820281982,"Unknown"
"7014853",371857,2025-07-28 06:26:08,43.3591499328613,-8.84348392486572,"Unknown"
"7014853",371857,2025-07-28 06:31:05,43.3592491149902,-8.84356594085693,"Unknown"
"7014853",371857,2025-07-28 06:36:04,43.3591156005859,-8.84353637695312,"Unknown"
"7014853",371857,2025-07-28 06:41:05,43.359188079834,-8.84351062774658,"Unknown"
"7014853",371857,2025-07-28 06:46:06,43.3591003417969,-8.84353542327881,"Unknown"
"7014853",371857,2025-07-28 06:51:12,43.3591003417969,-8.84355354309082,"Unknown"
"7014853",371857,2025-07-28 06:56:26,43.3617935180664,-8.84442329406738,"Unknown"
"7014853",371857,2025-07-28 07:01:07,43.363224029541,-8.84588432312012,"Unknown"
"7014853",371857,2025-07-28 07:06:11,43.3613357543945,-8.84526348114014,"Unknown"
"7014853",371857,2025-07-28 07:11:37,43.3614692687988,-8.84543514251709,"Unknown"
"7014853",371857,2025-07-28 07:16:09,43.3604698181152,-8.84431934356689,"Unknown"
"7014853",371857,2025-07-28 07:21:07,43.3597869873047,-8.8448314666748,"Unknown"
"7014853",371857,2025-07-28 07:26:09,43.3594818115234,-8.84329795837402,"Unknown"
"7014853",371857,2025-07-28 07:31:03,43.3591575622559,-8.84269046783447,"Unknown"
"7014853",371857,2025-07-28 07:36:03,43.3575744628906,-8.8445873260498,"Unknown"
"7014853",371857,2025-07-28 07:41:03,43.3592071533203,-8.84384632110596,"Unknown"
"7014853",371857,2025-07-28 07:46:07,43.3592529296875,-8.84378242492676,"Unknown"
"7014853",371857,2025-07-28 07:51:04,43.3592262268066,-8.84368705749512,"Unknown"
"7014853",371857,2025-07-28 07:56:04,43.3592376708984,-8.8437442779541,"Unknown"
"7014853",371857,2025-07-28 08:01:06,43.3592185974121,-8.8437385559082,"Unknown"
"7014853",371857,2025-07-28 08:06:03,43.3591499328613,-8.84384155273438,"Unknown"
"7014853",371857,2025-07-28 08:11:08,43.3591003417969,-8.84367084503174,"Unknown"
"7014853",371857,2025-07-28 08:16:07,43.3593063354492,-8.84336090087891,"Unknown"
"7014853",371857,2025-07-28 08:21:08,43.3607063293457,-8.84300899505615,"Unknown"
"7014853",371857,2025-07-28 08:26:03,43.3575325012207,-8.82261562347412,"Unknown"
"7014853",371857,2025-07-28 08:31:03,43.3451805114746,-8.7929801940918,"Unknown"
"7014853",371857,2025-07-28 08:36:03,43.3360557556152,-8.76421451568604,"Unknown"
"7014853",371857,2025-07-28 08:41:07,43.3241767883301,-8.73858165740967,"Unknown"
"7014853",371857,2025-07-28 08:46:09,43.3229026794434,-8.71481800079346,"Unknown"
"7014853",371857,2025-07-28 08:51:11,43.3232269287109,-8.70626640319824,"Unknown"
"7014853",371857,2025-07-28 08:56:04,43.3262329101562,-8.70176315307617,"Unknown"
"7014853",371857,2025-07-28 09:01:07,43.3283424377441,-8.69320869445801,"Unknown"
"7014853",371857,2025-07-28 09:06:04,43.3290786743164,-8.68748569488525,"Unknown"
"7014853",371857,2025-07-28 09:11:06,43.3362083435059,-8.69030380249023,"Unknown"
"7014853",371857,2025-07-28 09:16:07,43.3368988037109,-8.69180774688721,"Unknown"
"7014853",371857,2025-07-28 09:21:11,43.3365783691406,-8.6891565322876,"Unknown"
"7014853",371857,2025-07-28 09:26:05,43.3397445678711,-8.71624183654785,"Unknown"
"7014853",371857,2025-07-28 09:31:03,43.3255500793457,-8.75736618041992,"Unknown"
"7014853",371857,2025-07-28 09:36:06,43.3238258361816,-8.7944507598877,"Unknown"
"7014853",371857,2025-07-28 09:41:59,43.3307342529297,-8.82697105407715,"Unknown"
"7014853",371857,2025-07-28 09:46:03,43.3517303466797,-8.84195327758789,"Unknown"
"7014853",371857,2025-07-28 09:51:07,43.3593635559082,-8.84375381469727,"Unknown"
"7014853",371857,2025-07-28 09:56:05,43.3594436645508,-8.84370899200439,"Unknown"
"7014853",371857,2025-07-28 10:01:03,43.3594284057617,-8.84358406066895,"Unknown"
"7014853",371857,2025-07-28 10:06:09,43.3594398498535,-8.84377574920654,"Unknown"
"7014853",371857,2025-07-28 10:11:03,43.3595161437988,-8.84353446960449,"Unknown"
"7014853",371857,2025-07-28 10:16:03,43.3595695495605,-8.8433895111084,"Unknown"
"7014853",371857,2025-07-28 10:21:07,43.3594589233398,-8.84356594085693,"Unknown"
"7014853",371857,2025-07-28 10:26:12,43.3593826293945,-8.84372711181641,"Unknown"
"7014853",371857,2025-07-28 10:31:06,43.3594245910645,-8.8436918258667,"Unknown"
"7014853",371857,2025-07-28 10:36:09,43.3593482971191,-8.84349250793457,"Unknown"
"7014853",371857,2025-07-28 10:41:03,43.359561920166,-8.84337615966797,"Unknown"
"7014853",371857,2025-07-28 10:46:09,43.3592224121094,-8.84379291534424,"Unknown"
"7014853",371857,2025-07-28 10:51:09,43.359203338623,-8.84386730194092,"Unknown"
"7014853",371857,2025-07-28 10:56:09,43.3592491149902,-8.84391021728516,"Unknown"
"7014853",371857,2025-07-28 11:01:09,43.3593635559082,-8.84381103515625,"Unknown"
"7014853",371857,2025-07-28 11:06:07,43.3590507507324,-8.84400177001953,"Unknown"
"7014853",371857,2025-07-28 11:11:09,43.3591270446777,-8.84398651123047,"Unknown"
"7014853",371857,2025-07-28 11:16:14,43.358512878418,-8.84421157836914,"Unknown"
"7014853",371857,2025-07-28 11:21:10,43.3590812683105,-8.84379959106445,"Unknown"
"7014853",371857,2025-07-28 11:26:06,43.359203338623,-8.84362983703613,"Unknown"
"7014853",371857,2025-07-28 11:31:07,43.3590965270996,-8.84369277954102,"Unknown"
"7014853",371857,2025-07-28 11:36:10,43.359245300293,-8.84348106384277,"Unknown"
"7014853",371857,2025-07-28 11:41:07,43.3625450134277,-8.83845138549805,"Unknown"
"7014853",371857,2025-07-28 11:46:04,43.3623008728027,-8.83566188812256,"Unknown"
"7014853",371857,2025-07-28 11:51:45,43.3408737182617,-8.83023548126221,"Unknown"
"7014853",371857,2025-07-28 11:56:12,43.3409423828125,-8.83013343811035,"Unknown"
"7014853",371857,2025-07-28 12:01:09,43.340202331543,-8.82982349395752,"Unknown"
"7014853",371857,2025-07-28 12:06:12,43.3406791687012,-8.83026885986328,"Unknown"
"7014853",371857,2025-07-28 12:11:09,43.3405494689941,-8.83004093170166,"Unknown"
"7014853",371857,2025-07-28 12:16:03,43.3431282043457,-8.83290958404541,"Unknown"
"7014853",371857,2025-07-28 12:21:04,43.3605918884277,-8.84498119354248,"Unknown"
"7014853",371857,2025-07-28 12:26:09,43.36083984375,-8.84599494934082,"Unknown"
"7014853",371857,2025-07-28 12:31:07,43.3565940856934,-8.83372497558594,"Unknown"
"7014853",371857,2025-07-28 12:36:04,43.3222160339355,-8.81522369384766,"Unknown"
"7014853",371857,2025-07-28 12:41:04,43.3016510009766,-8.77958583831787,"Unknown"
"7014853",371857,2025-07-28 12:46:14,43.296272277832,-8.74978637695312,"Unknown"
"7014853",371857,2025-07-28 12:51:10,43.2972183227539,-8.72258377075195,"Unknown"
"7014853",371857,2025-07-28 12:56:18,43.3120384216309,-8.70711231231689,"Unknown"
"7014853",371857,2025-07-28 13:01:15,43.3257141113281,-8.69693946838379,"Unknown"
"7014853",371857,2025-07-28 13:06:16,43.3345031738281,-8.69000720977783,"Unknown"
"7014853",371857,2025-07-28 13:11:17,43.3370819091797,-8.68517017364502,"Unknown"
"7014853",371857,2025-07-28 13:16:15,43.3346977233887,-8.68374538421631,"Unknown"
"7014853",371857,2025-07-28 13:21:17,43.3042144775391,-8.66117668151855,"Unknown"
"7014853",371857,2025-07-28 13:26:16,43.2939567565918,-8.65956974029541,"Unknown"
"7014853",371857,2025-07-28 13:31:13,43.2941055297852,-8.65980339050293,"Unknown"
"7014853",371857,2025-07-28 13:36:13,43.2938499450684,-8.65947532653809,"Unknown"
"7014853",371857,2025-07-28 13:41:13,43.2940216064453,-8.6595401763916,"Unknown"
"7014853",371857,2025-07-28 13:46:15,43.2940063476562,-8.65862846374512,"Unknown"
"7014853",371857,2025-07-28 13:51:20,43.293758392334,-8.65883541107178,"Unknown"
"7014853",371857,2025-07-28 13:56:14,43.2936210632324,-8.6584939956665,"Unknown"
"7014853",371857,2025-07-28 14:01:35,43.304313659668,-8.64594650268555,"Unknown"
"7014853",371857,2025-07-28 14:06:04,43.3126335144043,-8.62770366668701,"Unknown"
"7014853",371857,2025-07-28 14:11:03,43.3175239562988,-8.60268402099609,"Unknown"
"7014853",371857,2025-07-28 14:16:03,43.3154029846191,-8.57028961181641,"Unknown"
"7014853",371857,2025-07-28 14:21:04,43.3130493164062,-8.54082870483398,"Unknown"
"7014853",371857,2025-07-28 14:26:03,43.319938659668,-8.52529907226562,"Unknown"
"7014853",371857,2025-07-28 14:31:03,43.3245658874512,-8.49626922607422,"Unknown"
"7014853",371857,2025-07-28 14:36:06,43.3248825073242,-8.49637126922607,"Unknown"
"7014853",371857,2025-07-28 14:41:03,43.3250732421875,-8.49659729003906,"Unknown"
"7014853",371857,2025-07-28 14:46:12,43.3331909179688,-8.50067615509033,"Unknown"
"7014853",371857,2025-07-28 14:51:04,43.3455696105957,-8.52896404266357,"Unknown"
"7014853",371857,2025-07-28 14:56:06,43.3498229980469,-8.52790927886963,"Unknown"
"7014853",371857,2025-07-28 15:01:08,43.3498306274414,-8.52800464630127,"Unknown"
"7014853",371857,2025-07-28 15:06:06,43.3497505187988,-8.52804756164551,"Unknown"
"7014853",371857,2025-07-28 15:11:08,43.3497047424316,-8.52785587310791,"Unknown"
"7014853",371857,2025-07-28 15:16:04,43.3497047424316,-8.52786159515381,"Unknown"
"7014853",371857,2025-07-28 15:21:04,43.3562202453613,-8.51485157012939,"Unknown"
"7014853",371857,2025-07-28 15:26:03,43.3559379577637,-8.51298046112061,"Unknown"
"7014853",371857,2025-07-28 15:31:04,43.3578758239746,-8.49552536010742,"Unknown"
"7014853",371857,2025-07-28 15:36:04,43.3572044372559,-8.46841907501221,"Unknown"
"7014853",371857,2025-07-28 15:41:03,43.3556480407715,-8.45803642272949,"Unknown"
"7014853",371857,2025-07-28 15:46:03,43.3556823730469,-8.45815944671631,"Unknown"
"7014853",371857,2025-07-28 15:51:04,43.3560676574707,-8.45830917358398,"Unknown"
"7014853",371857,2025-07-28 15:56:04,43.3561515808105,-8.45810031890869,"Unknown"
"7014853",371857,2025-07-28 16:01:04,43.3563957214355,-8.45814418792725,"Unknown"
"7014853",371857,2025-07-28 16:06:04,43.356388092041,-8.45826625823975,"Unknown"
"7014853",371857,2025-07-28 16:11:04,43.3565635681152,-8.45845317840576,"Unknown"
"7014853",371857,2025-07-28 16:16:04,43.3566398620605,-8.45870018005371,"Unknown"
"7014853",371857,2025-07-28 16:21:04,43.3567008972168,-8.45881938934326,"Unknown"
"7014853",371857,2025-07-28 16:26:07,43.3701362609863,-8.45270347595215,"Unknown"
"7014853",371857,2025-07-28 16:31:09,43.3801536560059,-8.43629837036133,"Unknown"
"7014853",371857,2025-07-28 16:36:08,43.3850746154785,-8.45280075073242,"Unknown"
"7014853",371857,2025-07-28 16:41:10,43.3810806274414,-8.43026256561279,"Unknown"
"7014853",371857,2025-07-28 16:46:06,43.3845405578613,-8.43274307250977,"Unknown"
"7014853",371857,2025-07-28 16:51:04,43.3870162963867,-8.40808773040771,"Unknown"
"7014853",371857,2025-07-28 16:56:04,43.3872985839844,-8.40493774414062,"Unknown"
"7014853",371857,2025-07-28 17:01:04,43.4010009765625,-8.41844177246094,"Unknown"
"7014853",371857,2025-07-28 17:06:07,43.4079971313477,-8.4221887588501,"Unknown"
"7014853",371857,2025-07-28 17:11:06,43.3964500427246,-8.40144729614258,"Unknown"
"7014853",371857,2025-07-28 17:16:04,43.3763008117676,-8.39543056488037,"Unknown"
"7014853",371857,2025-07-28 17:21:04,43.3599548339844,-8.40391635894775,"Unknown"
"7014853",371857,2025-07-28 17:26:08,43.3501358032227,-8.42825984954834,"Unknown"
"7014853",371857,2025-07-28 17:31:06,43.3497123718262,-8.42714309692383,"Unknown"
"7014853",371857,2025-07-28 17:36:05,43.3499717712402,-8.4279088973999,"Unknown"
"7014853",371857,2025-07-28 17:41:33,43.3499450683594,-8.42778396606445,"Unknown"
"7014853",371857,2025-07-28 17:46:03,43.3499336242676,-8.42781734466553,"Unknown"
"7014853",371857,2025-07-28 17:51:04,43.3499603271484,-8.42779350280762,"Unknown"
"7014853",371857,2025-07-28 17:56:03,43.3499565124512,-8.42780494689941,"Unknown"
"7014853",371857,2025-07-28 18:01:03,43.3499755859375,-8.42785167694092,"Unknown"
"7014853",371857,2025-07-28 18:06:03,43.3499565124512,-8.42785549163818,"Unknown"
"7014853",371857,2025-07-28 18:11:04,43.3499870300293,-8.42775821685791,"Unknown"
"7014853",371857,2025-07-28 18:16:07,43.3500595092773,-8.42783260345459,"Unknown"
"7014853",371857,2025-07-28 18:21:04,43.3500061035156,-8.42794513702393,"Unknown"
"7014853",371857,2025-07-28 18:26:06,43.3499374389648,-8.42780780792236,"Unknown"
"7014853",371857,2025-07-28 18:31:04,43.3499450683594,-8.42782211303711,"Unknown"
"7014853",371857,2025-07-28 18:36:05,43.3498420715332,-8.42724609375,"Unknown"
"7014853",371857,2025-07-28 18:41:06,43.3499183654785,-8.42728710174561,"Unknown"
"7014853",371857,2025-07-28 18:46:04,43.3500785827637,-8.42755794525146,"Unknown"
"7014853",371857,2025-07-28 18:51:03,43.3500938415527,-8.4276762008667,"Unknown"
"7014853",371857,2025-07-28 18:56:07,43.3500022888184,-8.42749881744385,"Unknown"
"7014853",371857,2025-07-28 19:01:06,43.3498764038086,-8.42720890045166,"Unknown"
"7014853",371857,2025-07-28 19:06:10,43.3500785827637,-8.42748355865479,"Unknown"
"7014853",371857,2025-07-28 19:11:10,43.3500480651855,-8.42755317687988,"Unknown"
"7014853",371857,2025-07-28 19:16:04,43.3500747680664,-8.42763710021973,"Unknown"
"7014853",371857,2025-07-28 19:21:07,43.3501663208008,-8.4276876449585,"Unknown"
"7014853",371857,2025-07-28 19:26:04,43.3501930236816,-8.42774200439453,"Unknown"
"7014853",371857,2025-07-28 19:31:04,43.350212097168,-8.42785835266113,"Unknown"
"7014853",371857,2025-07-28 19:36:04,43.3502311706543,-8.42786026000977,"Unknown"
"7014853",371857,2025-07-28 19:41:04,43.3502616882324,-8.42779922485352,"Unknown"
"7014853",371857,2025-07-28 19:46:04,43.3503112792969,-8.42765998840332,"Unknown"
"7014853",371857,2025-07-28 19:51:07,43.3502311706543,-8.42782878875732,"Unknown"
"7014853",371857,2025-07-28 19:56:06,43.350284576416,-8.42778873443604,"Unknown"
"7014853",371857,2025-07-28 20:01:09,43.350269317627,-8.42779064178467,"Unknown"
"7014853",371857,2025-07-28 20:06:09,43.3502655029297,-8.42779636383057,"Unknown"
"7014853",371857,2025-07-28 20:11:11,43.3501281738281,-8.42790603637695,"Unknown"
"7014853",371857,2025-07-28 20:16:15,43.3501968383789,-8.42778778076172,"Unknown"
"7014853",371857,2025-07-28 20:21:09,43.3502502441406,-8.42777919769287,"Unknown"
"7014853",371857,2025-07-28 20:26:08,43.3502388000488,-8.42780494689941,"Unknown"
"7014853",371857,2025-07-28 20:31:09,43.3502578735352,-8.42776393890381,"Unknown"
"7014853",371857,2025-07-28 20:36:09,43.351993560791,-8.42521476745605,"Unknown"
"7014853",371857,2025-07-28 20:41:09,43.3507270812988,-8.42537117004395,"Unknown"
"7014853",371857,2025-07-28 20:43:55,43.3511085510254,-8.42578411102295,"Unknown"
"7014853",371857,2025-07-29 01:44:05,43.3520545959473,-8.42443656921387,"Unknown"
"7014853",371857,2025-07-29 05:25:35,43.3544464111328,-8.45838642120361,"Unknown"
"7014853",371857,2025-07-29 05:30:35,43.3544006347656,-8.45870399475098,"Unknown"
"7014853",371857,2025-07-29 05:35:15,43.3530120849609,-8.45932197570801,"Unknown"
"7014853",371857,2025-07-29 05:40:12,43.3544616699219,-8.45822811126709,"Unknown"
"7014853",371857,2025-07-29 05:45:14,43.3544464111328,-8.45827102661133,"Unknown"
"7014853",371857,2025-07-29 05:50:16,43.3545036315918,-8.45814323425293,"Unknown"
"7014853",371857,2025-07-29 05:55:22,43.3546752929688,-8.45819664001465,"Unknown"
"7014853",371857,2025-07-29 06:00:17,43.3545989990234,-8.45825386047363,"Unknown"
"7014853",371857,2025-07-29 06:05:16,43.3545341491699,-8.45832920074463,"Unknown"
"7014853",371857,2025-07-29 06:10:14,43.3545684814453,-8.45808982849121,"Unknown"
"7014853",371857,2025-07-29 06:15:13,43.3583602905273,-8.45911979675293,"Unknown"
"7014853",371857,2025-07-29 06:20:13,43.3556861877441,-8.50492286682129,"Unknown"
"7014853",371857,2025-07-29 06:25:16,43.3537292480469,-8.52146053314209,"Unknown"
"7014853",371857,2025-07-29 06:30:19,43.3535957336426,-8.52133369445801,"Unknown"
"7014853",371857,2025-07-29 06:35:15,43.3537902832031,-8.52146148681641,"Unknown"
"7014853",371857,2025-07-29 06:40:18,43.3536338806152,-8.52134704589844,"Unknown"
"7014853",371857,2025-07-29 06:45:14,43.3624534606934,-8.53521251678467,"Unknown"
"7014853",371857,2025-07-29 06:50:13,43.3821640014648,-8.54627513885498,"Unknown"
"7014853",371857,2025-07-29 06:55:19,43.3888664245605,-8.54700469970703,"Unknown"
"7014853",371857,2025-07-29 07:00:16,43.3885917663574,-8.54798698425293,"Unknown"
"7014853",371857,2025-07-29 07:05:35,43.3883934020996,-8.54924488067627,"Unknown"
"7014853",371857,2025-07-29 07:10:13,43.388240814209,-8.55037975311279,"Unknown"
"7014853",371857,2025-07-29 07:15:14,43.384204864502,-8.58010864257812,"Unknown"
"7014853",371857,2025-07-29 07:20:18,43.3833618164062,-8.5840015411377,"Unknown"
"7014853",371857,2025-07-29 07:25:12,43.3818206787109,-8.58630752563477,"Unknown"
"7014853",371857,2025-07-29 07:30:19,43.3810997009277,-8.58664703369141,"Unknown"
"7014853",371857,2025-07-29 07:35:16,43.3807106018066,-8.58834171295166,"Unknown"
"7014853",371857,2025-07-29 07:40:22,43.3802299499512,-8.5900936126709,"Unknown"
"7014853",371857,2025-07-29 07:45:16,43.379768371582,-8.59225940704346,"Unknown"
"7014853",371857,2025-07-29 07:50:17,43.379020690918,-8.59342765808105,"Unknown"
"7014853",371857,2025-07-29 07:55:16,43.3773422241211,-8.59435367584229,"Unknown"
"7014853",371857,2025-07-29 08:00:18,43.3765754699707,-8.59427165985107,"Unknown"
"7014853",371857,2025-07-29 08:05:21,43.3764381408691,-8.59522342681885,"Unknown"
"7014853",371857,2025-07-29 08:10:19,43.3762702941895,-8.59641075134277,"Unknown"
"7014853",371857,2025-07-29 08:15:18,43.3760452270508,-8.59652042388916,"Unknown"
"7014853",371857,2025-07-29 08:20:16,43.3747138977051,-8.59152126312256,"Unknown"
"7014853",371857,2025-07-29 08:25:15,43.3798294067383,-8.59326553344727,"Unknown"
"7014853",371857,2025-07-29 08:30:15,43.3709564208984,-8.57220554351807,"Unknown"
"7014853",371857,2025-07-29 08:35:16,43.3509979248047,-8.54603004455566,"Unknown"
"7014853",371857,2025-07-29 08:40:25,43.3480758666992,-8.53059101104736,"Unknown"
"7014853",371857,2025-07-29 08:45:18,43.3504905700684,-8.52644729614258,"Unknown"
"7014853",371857,2025-07-29 08:50:25,43.3505439758301,-8.52682495117188,"Unknown"
"7014853",371857,2025-07-29 08:55:27,43.3506393432617,-8.52649688720703,"Unknown"
"7014853",371857,2025-07-29 09:00:28,43.3507461547852,-8.52643394470215,"Unknown"
"7014853",371857,2025-07-29 09:05:32,43.3505630493164,-8.52681446075439,"Unknown"
"7014853",371857,2025-07-29 09:10:13,43.3505783081055,-8.52679824829102,"Unknown"
"7014853",371857,2025-07-29 09:15:13,43.3530464172363,-8.52350521087646,"Unknown"
"7014853",371857,2025-07-29 09:20:12,43.356128692627,-8.50389194488525,"Unknown"
"7014853",371857,2025-07-29 09:25:13,43.3523139953613,-8.47793865203857,"Unknown"
"7014853",371857,2025-07-29 09:30:12,43.357307434082,-8.46728706359863,"Unknown"
"7014853",371857,2025-07-29 09:35:14,43.3553199768066,-8.45820713043213,"Unknown"
"7014853",371857,2025-07-29 09:40:14,43.3553085327148,-8.4579906463623,"Unknown"
"7014853",371857,2025-07-29 09:45:15,43.3553619384766,-8.45795631408691,"Unknown"
"7014853",371857,2025-07-29 09:50:14,43.3554191589355,-8.45796966552734,"Unknown"
"7014853",371857,2025-07-29 09:55:15,43.3552742004395,-8.45814514160156,"Unknown"
"7014853",371857,2025-07-29 10:00:13,43.3553123474121,-8.45804595947266,"Unknown"
"7014853",371857,2025-07-29 10:05:16,43.355297088623,-8.45792293548584,"Unknown"
"7014853",371857,2025-07-29 10:10:15,43.3562507629395,-8.45723628997803,"Unknown"
"7014853",371857,2025-07-29 10:15:14,43.356258392334,-8.45735454559326,"Unknown"
"7014853",371857,2025-07-29 10:20:14,43.3564414978027,-8.45733165740967,"Unknown"
"7014853",371857,2025-07-29 10:25:17,43.3560066223145,-8.45693778991699,"Unknown"
"7014853",371857,2025-07-29 10:30:16,43.3567008972168,-8.45690631866455,"Unknown"
"7014853",371857,2025-07-29 10:35:23,43.3566093444824,-8.45721626281738,"Unknown"
"7014853",371857,2025-07-29 10:40:19,43.3563346862793,-8.45731735229492,"Unknown"
"7014853",371857,2025-07-29 10:45:13,43.3565864562988,-8.45714092254639,"Unknown"
"7014853",371857,2025-07-29 10:50:23,43.3564186096191,-8.45722675323486,"Unknown"
"7014853",371857,2025-07-29 10:55:24,43.3574447631836,-8.45699691772461,"Unknown"
"7014853",371857,2025-07-29 11:00:16,43.3564567565918,-8.45713520050049,"Unknown"
"7014853",371857,2025-07-29 11:05:15,43.3565368652344,-8.45701026916504,"Unknown"
"7014853",371857,2025-07-29 11:10:16,43.3561325073242,-8.4572057723999,"Unknown"
"7014853",371857,2025-07-29 11:15:16,43.356330871582,-8.45705127716064,"Unknown"
"7014853",371857,2025-07-29 11:20:16,43.3563270568848,-8.45706081390381,"Unknown"
"7014853",371857,2025-07-29 11:25:30,43.3562965393066,-8.45699214935303,"Unknown"
"7014853",371857,2025-07-29 11:30:35,43.3564758300781,-8.45715427398682,"Unknown"
"7014853",371857,2025-07-29 11:35:13,43.3565063476562,-8.45709133148193,"Unknown"
"7014853",371857,2025-07-29 11:40:14,43.3564147949219,-8.45724296569824,"Unknown"
"7014853",371857,2025-07-29 11:45:13,43.3566741943359,-8.45710945129395,"Unknown"
"7014853",371857,2025-07-29 11:50:14,43.3558387756348,-8.45780563354492,"Unknown"
"7014853",371857,2025-07-29 11:55:13,43.3554382324219,-8.45786476135254,"Unknown"
"7014853",371857,2025-07-29 12:00:18,43.355525970459,-8.45797824859619,"Unknown"
"7014853",371857,2025-07-29 12:05:15,43.3566131591797,-8.45794677734375,"Unknown"
"7014853",371857,2025-07-29 12:10:16,43.3523063659668,-8.47761058807373,"Unknown"
"7014853",371857,2025-07-29 12:15:17,43.3528175354004,-8.47751903533936,"Unknown"
"7014853",371857,2025-07-29 12:20:19,43.352424621582,-8.477219581604,"Unknown"
"7014853",371857,2025-07-29 12:25:18,43.3524703979492,-8.4772777557373,"Unknown"
"7014853",371857,2025-07-29 12:30:24,43.353630065918,-8.47420406341553,"Unknown"
"7014853",371857,2025-07-29 12:35:25,43.3551635742188,-8.45798778533936,"Unknown"
"7014853",371857,2025-07-29 12:40:22,43.3551254272461,-8.45786094665527,"Unknown"
"7014853",371857,2025-07-29 12:46:22,43.3565254211426,-8.45660591125488,"Unknown"
"7014853",371857,2025-07-29 12:51:25,43.3568458557129,-8.45745086669922,"Unknown"
"7014853",371857,2025-07-29 12:55:35,43.3558540344238,-8.45710945129395,"Unknown"
"7014853",371857,2025-07-29 13:00:45,43.3567314147949,-8.45723628997803,"Unknown"
"7014853",371857,2025-07-29 13:05:23,43.3553123474121,-8.4585132598877,"Unknown"
"7014853",371857,2025-07-29 13:10:33,43.3549575805664,-8.45839023590088,"Unknown"
"7014853",371857,2025-07-29 13:15:15,43.3549842834473,-8.45846176147461,"Unknown"
"7014853",371857,2025-07-29 13:20:14,43.3548240661621,-8.458664894104,"Unknown"
"7014853",371857,2025-07-29 13:25:14,43.3550415039062,-8.4583215713501,"Unknown"
"7014853",371857,2025-07-29 13:30:14,43.3550033569336,-8.45838356018066,"Unknown"
"7014853",371857,2025-07-29 13:35:15,43.3549728393555,-8.45838165283203,"Unknown"
"7014853",371857,2025-07-29 13:40:14,43.3549728393555,-8.45840549468994,"Unknown"
"7014853",371857,2025-07-29 13:45:14,43.3550033569336,-8.45834255218506,"Unknown"
"7014853",371857,2025-07-29 13:50:14,43.35498046875,-8.45837020874023,"Unknown"
"7014853",371857,2025-07-29 13:55:17,43.3550224304199,-8.45834159851074,"Unknown"
"7014853",371857,2025-07-29 14:00:24,43.3549385070801,-8.45846176147461,"Unknown"
"7014853",371857,2025-07-29 14:05:15,43.3586120605469,-8.45642852783203,"Unknown"
"7014853",371857,2025-07-29 14:10:44,43.3714981079102,-8.45200443267822,"Unknown"
"7014853",371857,2025-07-29 14:15:19,43.3715171813965,-8.45189666748047,"Unknown"
"7014853",371857,2025-07-29 14:20:17,43.3714752197266,-8.45205116271973,"Unknown"
"7014853",371857,2025-07-29 14:25:17,43.3714256286621,-8.45211696624756,"Unknown"
"7014853",371857,2025-07-29 14:30:14,43.3714942932129,-8.45197105407715,"Unknown"
"7014853",371857,2025-07-29 14:35:15,43.3714599609375,-8.45204734802246,"Unknown"
"7014853",371857,2025-07-29 14:40:14,43.3714599609375,-8.4520378112793,"Unknown"
"7014853",371857,2025-07-29 14:45:14,43.3714599609375,-8.45202255249023,"Unknown"
"7014853",371857,2025-07-29 14:50:14,43.3714981079102,-8.45193767547607,"Unknown"
"7014853",371857,2025-07-29 14:55:14,43.3797302246094,-8.43686866760254,"Unknown"
"7014853",371857,2025-07-29 15:00:14,43.3815727233887,-8.44711303710938,"Unknown"
"7014853",371857,2025-07-29 15:05:14,43.3816223144531,-8.44707012176514,"Unknown"
"7014853",371857,2025-07-29 15:10:14,43.3816032409668,-8.4470386505127,"Unknown"
"7014853",371857,2025-07-29 15:15:14,43.3815612792969,-8.44710254669189,"Unknown"
"7014853",371857,2025-07-29 15:20:14,43.3816070556641,-8.44701290130615,"Unknown"
"7014853",371857,2025-07-29 15:25:14,43.3816375732422,-8.44700622558594,"Unknown"
"7014853",371857,2025-07-29 15:30:14,43.3816375732422,-8.44706726074219,"Unknown"
"7014853",371857,2025-07-29 15:35:14,43.3816299438477,-8.4470853805542,"Unknown"
"7014853",371857,2025-07-29 15:40:14,43.3815841674805,-8.44708728790283,"Unknown"
"7014853",371857,2025-07-29 15:45:14,43.3816833496094,-8.44709014892578,"Unknown"
"7014853",371857,2025-07-29 15:50:14,43.3816299438477,-8.44706535339355,"Unknown"
"7014853",371857,2025-07-29 15:55:14,43.3818206787109,-8.44676399230957,"Unknown"
"7014853",371857,2025-07-29 16:00:35,43.3864402770996,-8.44582080841064,"Unknown"
"7014853",371857,2025-07-29 16:05:13,43.4008483886719,-8.45259094238281,"Unknown"
"7014853",371857,2025-07-29 16:10:19,43.4094085693359,-8.46187496185303,"Unknown"
"7014853",371857,2025-07-29 16:15:13,43.408088684082,-8.46182155609131,"Unknown"
"7014853",371857,2025-07-29 16:20:14,43.3818244934082,-8.44767570495605,"Unknown"
"7014853",371857,2025-07-29 16:25:15,43.3816184997559,-8.44723129272461,"Unknown"
"7014853",371857,2025-07-29 16:30:16,43.3815879821777,-8.44730472564697,"Unknown"
"7014853",371857,2025-07-29 16:35:24,43.3815307617188,-8.44708633422852,"Unknown"
"7014853",371857,2025-07-29 16:40:14,43.3722229003906,-8.44941902160645,"Unknown"
"7014853",371857,2025-07-29 16:45:23,43.3560905456543,-8.45814323425293,"Unknown"
"7014853",371857,2025-07-29 16:50:14,43.3561248779297,-8.45804214477539,"Unknown"
"7014853",371857,2025-07-29 16:55:18,43.3555870056152,-8.4583568572998,"Unknown"
"7014853",371857,2025-07-29 17:00:23,43.3554992675781,-8.45786476135254,"Unknown"
"7014853",371857,2025-07-29 17:05:13,43.3555946350098,-8.45799350738525,"Unknown"
"7014853",371857,2025-07-29 17:10:22,43.3562393188477,-8.45793342590332,"Unknown"
"7014853",371857,2025-07-29 17:15:16,43.3564262390137,-8.4570484161377,"Unknown"
"7014853",371857,2025-07-29 17:20:22,43.3564376831055,-8.4571418762207,"Unknown"
"7014853",371857,2025-07-29 17:25:38,43.356517791748,-8.45676136016846,"Unknown"
"7014853",371857,2025-07-29 17:30:29,43.3560943603516,-8.45808410644531,"Unknown"
"7014853",371857,2025-07-29 17:35:46,43.3562431335449,-8.45689010620117,"Unknown"
"7014853",371857,2025-07-29 17:40:23,43.3563461303711,-8.45797157287598,"Unknown"
"7014853",371857,2025-07-29 17:45:17,43.3563537597656,-8.45740985870361,"Unknown"
"7014853",371857,2025-07-29 17:50:21,43.3560180664062,-8.4577693939209,"Unknown"
"7014853",371857,2025-07-29 17:55:24,43.3563766479492,-8.45713520050049,"Unknown"
"7014853",371857,2025-07-29 18:01:14,43.355110168457,-8.45317363739014,"Unknown"
"7014853",371857,2025-07-29 18:05:24,43.3546180725098,-8.45376396179199,"Unknown"
"7014853",371857,2025-07-29 18:10:35,43.3563232421875,-8.45710468292236,"Unknown"
"7014853",371857,2025-07-29 18:15:17,43.3564643859863,-8.45705032348633,"Unknown"
"7014853",371857,2025-07-29 18:20:13,43.3564987182617,-8.45713710784912,"Unknown"
"7014853",371857,2025-07-29 18:25:16,43.3563804626465,-8.45792961120605,"Unknown"
"7014853",371857,2025-07-29 18:30:24,43.3564300537109,-8.45696353912354,"Unknown"
"7014853",371857,2025-07-29 18:35:21,43.3564453125,-8.45666217803955,"Unknown"
"7014853",371857,2025-07-29 18:40:15,43.3566398620605,-8.45653533935547,"Unknown"
"7014853",371857,2025-07-29 18:45:21,43.3407287597656,-8.4536828994751,"Unknown"
"7014853",371857,2025-07-29 18:50:14,43.3428382873535,-8.45007228851318,"Unknown"
"7014853",371857,2025-07-29 18:55:15,43.3463935852051,-8.44103336334229,"Unknown"
"7014853",371857,2025-07-29 19:00:18,43.3464317321777,-8.44066619873047,"Unknown"
"7014853",371857,2025-07-29 19:05:22,43.3485717773438,-8.43797874450684,"Unknown"
"7014853",371857,2025-07-29 19:10:19,43.3503341674805,-8.42842578887939,"Unknown"
"7014853",371857,2025-07-29 19:15:17,43.3500518798828,-8.42788410186768,"Unknown"
"7014853",371857,2025-07-29 19:20:25,43.3504104614258,-8.42853355407715,"Unknown"
"7014853",371857,2025-07-29 19:25:17,43.350227355957,-8.42804527282715,"Unknown"
"7014853",371857,2025-07-29 19:30:17,43.3501052856445,-8.42781448364258,"Unknown"
"7014853",371857,2025-07-29 19:35:17,43.3502616882324,-8.42809581756592,"Unknown"
"7014853",371857,2025-07-29 19:40:17,43.3503684997559,-8.4280424118042,"Unknown"
"7014853",371857,2025-07-29 19:45:16,43.3503036499023,-8.42799091339111,"Unknown"
"7014853",371857,2025-07-29 19:50:18,43.3503227233887,-8.42821979522705,"Unknown"
"7014853",371857,2025-07-29 19:55:17,43.3503074645996,-8.42805671691895,"Unknown"
"7014853",371857,2025-07-29 20:00:24,43.3502731323242,-8.4286413192749,"Unknown"
"7014853",371857,2025-07-29 20:05:24,43.3502731323242,-8.42867851257324,"Unknown"
"7014853",371857,2025-07-29 20:10:24,43.3502655029297,-8.42873001098633,"Unknown"
"7014853",371857,2025-07-29 20:15:29,43.3499526977539,-8.42909622192383,"Unknown"
"7014853",371857,2025-07-29 20:20:26,43.3504180908203,-8.42838382720947,"Unknown"
"7014853",371857,2025-07-29 20:25:24,43.3533172607422,-8.41720581054688,"Unknown"
"7014853",371857,2025-07-29 20:30:33,43.3503799438477,-8.42764472961426,"Unknown"
"7014853",371857,2025-07-29 20:35:13,43.350341796875,-8.42750549316406,"Unknown"
"7014853",371857,2025-07-29 20:40:13,43.351634979248,-8.42471408843994,"Unknown"
"7014853",371857,2025-07-29 20:42:31,43.351993560791,-8.42434597015381,"Unknown"
"7014853",371857,2025-07-30 01:43:14,43.3522109985352,-8.42431831359863,"Unknown"
"7014853",371857,2025-07-30 05:32:15,43.3566017150879,-8.45719718933105,"Unknown"
"7014853",371857,2025-07-30 05:36:31,43.3564414978027,-8.45707321166992,"Unknown"
"7014853",371857,2025-07-30 05:41:36,43.3565559387207,-8.457106590271,"Unknown"
"7014853",371857,2025-07-30 05:46:34,43.3565864562988,-8.45727062225342,"Unknown"
"7014853",371857,2025-07-30 05:52:05,43.3561477661133,-8.45702457427979,"Unknown"
"7014853",371857,2025-07-30 05:57:14,43.356559753418,-8.4578332901001,"Unknown"
"7014853",371857,2025-07-30 06:02:30,43.3564872741699,-8.45705509185791,"Unknown"
"7014853",371857,2025-07-30 06:06:39,43.3566741943359,-8.45711135864258,"Unknown"
"7014853",371857,2025-07-30 06:11:56,43.3564262390137,-8.457200050354,"Unknown"
"7014853",371857,2025-07-30 06:17:31,43.357608795166,-8.45760059356689,"Unknown"
"7014853",371857,2025-07-30 06:21:27,43.3517189025879,-8.47779560089111,"Unknown"
"7014853",371857,2025-07-30 06:26:27,43.3518867492676,-8.47761726379395,"Unknown"
"7014853",371857,2025-07-30 06:31:36,43.3522453308105,-8.4780330657959,"Unknown"
"7014853",371857,2025-07-30 06:36:28,43.3522300720215,-8.47794342041016,"Unknown"
"7014853",371857,2025-07-30 06:41:35,43.3521308898926,-8.47786235809326,"Unknown"
"7014853",371857,2025-07-30 06:46:36,43.3521842956543,-8.47791767120361,"Unknown"
"7014853",371857,2025-07-30 06:51:36,43.3522300720215,-8.47797393798828,"Unknown"
"7014853",371857,2025-07-30 06:56:36,43.3522491455078,-8.47800731658936,"Unknown"
"7014853",371857,2025-07-30 07:01:31,43.3522567749023,-8.47810745239258,"Unknown"
"7014853",371857,2025-07-30 07:06:27,43.3525047302246,-8.48194599151611,"Unknown"
"7014853",371857,2025-07-30 07:11:46,43.3562660217285,-8.51433086395264,"Unknown"
"7014853",371857,2025-07-30 07:16:28,43.3545951843262,-8.52594661712646,"Unknown"
"7014853",371857,2025-07-30 07:21:33,43.3653945922852,-8.53726196289062,"Unknown"
"7014853",371857,2025-07-30 07:26:30,43.3644027709961,-8.53817081451416,"Unknown"
"7014853",371857,2025-07-30 07:31:31,43.3620529174805,-8.54351997375488,"Unknown"
"7014853",371857,2025-07-30 07:36:29,43.3628044128418,-8.54390525817871,"Unknown"
"7014853",371857,2025-07-30 07:41:29,43.3619155883789,-8.54321670532227,"Unknown"
"7014853",371857,2025-07-30 07:46:33,43.3609085083008,-8.5443058013916,"Unknown"
"7014853",371857,2025-07-30 07:51:37,43.3607292175293,-8.54264450073242,"Unknown"
"7014853",371857,2025-07-30 07:57:51,43.358570098877,-8.54505252838135,"Unknown"
"7014853",371857,2025-07-30 08:01:44,43.3575019836426,-8.54388904571533,"Unknown"
"7014853",371857,2025-07-30 08:06:36,43.3566703796387,-8.54678153991699,"Unknown"
"7014853",371857,2025-07-30 08:11:56,43.3554649353027,-8.54777240753174,"Unknown"
"7014853",371857,2025-07-30 08:16:29,43.3543891906738,-8.54896259307861,"Unknown"
"7014853",371857,2025-07-30 08:21:55,43.3456077575684,-8.54917430877686,"Unknown"
"7014853",371857,2025-07-30 08:26:43,43.3467826843262,-8.5443000793457,"Unknown"
"7014853",371857,2025-07-30 08:31:51,43.3484306335449,-8.53878307342529,"Unknown"
"7014853",371857,2025-07-30 08:36:43,43.355224609375,-8.53554534912109,"Unknown"
"7014853",371857,2025-07-30 08:41:47,43.3576965332031,-8.52992630004883,"Unknown"
"7014853",371857,2025-07-30 08:47:44,43.353084564209,-8.52381992340088,"Unknown"
"7014853",371857,2025-07-30 08:51:45,43.353385925293,-8.52315807342529,"Unknown"
"7014853",371857,2025-07-30 08:56:47,43.3538055419922,-8.52197647094727,"Unknown"
"7014853",371857,2025-07-30 09:01:44,43.3537940979004,-8.52207374572754,"Unknown"
"7014853",371857,2025-07-30 09:06:44,43.3538055419922,-8.52196788787842,"Unknown"
"7014853",371857,2025-07-30 09:12:04,43.3537406921387,-8.52188873291016,"Unknown"
"7014853",371857,2025-07-30 09:16:46,43.3537788391113,-8.52194499969482,"Unknown"
"7014853",371857,2025-07-30 09:21:44,43.3539123535156,-8.52213573455811,"Unknown"
"7014853",371857,2025-07-30 09:26:42,43.3550796508789,-8.51854133605957,"Unknown"
"7014853",371857,2025-07-30 09:32:05,43.3553848266602,-8.51766586303711,"Unknown"
"7014853",371857,2025-07-30 09:36:41,43.3554611206055,-8.51755619049072,"Unknown"
"7014853",371857,2025-07-30 09:41:55,43.3554267883301,-8.51727962493896,"Unknown"
"7014853",371857,2025-07-30 09:46:44,43.3554267883301,-8.51735591888428,"Unknown"
"7014853",371857,2025-07-30 09:51:54,43.3553466796875,-8.51725578308105,"Unknown"
"7014853",371857,2025-07-30 09:56:46,43.3553428649902,-8.51723670959473,"Unknown"
"7014853",371857,2025-07-30 10:02:05,43.3554344177246,-8.5172815322876,"Unknown"
"7014853",371857,2025-07-30 10:06:49,43.3554039001465,-8.51729488372803,"Unknown"
"7014853",371857,2025-07-30 10:11:46,43.3554344177246,-8.51732921600342,"Unknown"
"7014853",371857,2025-07-30 10:17:04,43.3554191589355,-8.51728439331055,"Unknown"
"7014853",371857,2025-07-30 10:21:41,43.3554039001465,-8.5172700881958,"Unknown"
"7014853",371857,2025-07-30 10:26:41,43.3554611206055,-8.51726055145264,"Unknown"
"7014853",371857,2025-07-30 10:31:54,43.3554039001465,-8.51721382141113,"Unknown"
"7014853",371857,2025-07-30 10:36:44,43.3554306030273,-8.51727771759033,"Unknown"
"7014853",371857,2025-07-30 10:41:41,43.355655670166,-8.51569747924805,"Unknown"
"7014853",371857,2025-07-30 10:46:41,43.3557167053223,-8.51564693450928,"Unknown"
"7014853",371857,2025-07-30 10:51:41,43.3556747436523,-8.51565265655518,"Unknown"
"7014853",371857,2025-07-30 10:56:45,43.3557052612305,-8.51563549041748,"Unknown"
"7014853",371857,2025-07-30 11:01:44,43.3556823730469,-8.5156307220459,"Unknown"
"7014853",371857,2025-07-30 11:06:42,43.355712890625,-8.51561260223389,"Unknown"
"7014853",371857,2025-07-30 11:11:44,43.3557548522949,-8.51565742492676,"Unknown"
"7014853",371857,2025-07-30 11:17:11,43.3555870056152,-8.5156717300415,"Unknown"
"7014853",371857,2025-07-30 11:21:41,43.3556213378906,-8.51565361022949,"Unknown"
"7014853",371857,2025-07-30 11:26:41,43.356201171875,-8.50564193725586,"Unknown"
"7014853",371857,2025-07-30 11:31:42,43.358528137207,-8.48610210418701,"Unknown"
"7014853",371857,2025-07-30 11:36:45,43.352409362793,-8.47778129577637,"Unknown"
"7014853",371857,2025-07-30 11:41:44,43.3521118164062,-8.47756004333496,"Unknown"
"7014853",371857,2025-07-30 11:46:43,43.35791015625,-8.46679592132568,"Unknown"
"7014853",371857,2025-07-30 11:51:44,43.355354309082,-8.45795154571533,"Unknown"
"7014853",371857,2025-07-30 11:56:44,43.3552856445312,-8.45785427093506,"Unknown"
"7014853",371857,2025-07-30 12:01:47,43.3553695678711,-8.45795249938965,"Unknown"
"7014853",371857,2025-07-30 12:06:45,43.3554534912109,-8.45793533325195,"Unknown"
"7014853",371857,2025-07-30 12:11:43,43.3548851013184,-8.45864105224609,"Unknown"
"7014853",371857,2025-07-30 12:16:45,43.3549613952637,-8.45806217193604,"Unknown"
"7014853",371857,2025-07-30 12:21:43,43.3610229492188,-8.46001243591309,"Unknown"
"7014853",371857,2025-07-30 12:26:43,43.3561248779297,-8.50575256347656,"Unknown"
"7014853",371857,2025-07-30 12:31:52,43.356388092041,-8.51136112213135,"Unknown"
"7014853",371857,2025-07-30 12:36:46,43.3561401367188,-8.51121044158936,"Unknown"
"7014853",371857,2025-07-30 12:41:57,43.3562431335449,-8.51128578186035,"Unknown"
"7014853",371857,2025-07-30 12:47:01,43.3562889099121,-8.51128101348877,"Unknown"
"7014853",371857,2025-07-30 12:51:46,43.3563423156738,-8.51106834411621,"Unknown"
"7014853",371857,2025-07-30 12:56:54,43.3563766479492,-8.51102924346924,"Unknown"
"7014853",371857,2025-07-30 13:01:44,43.356258392334,-8.51080989837646,"Unknown"
"7014853",371857,2025-07-30 13:06:43,43.3554344177246,-8.51552867889404,"Unknown"
"7014853",371857,2025-07-30 13:11:43,43.355598449707,-8.51569843292236,"Unknown"
"7014853",371857,2025-07-30 13:16:42,43.3556060791016,-8.51574230194092,"Unknown"
"7014853",371857,2025-07-30 13:21:42,43.3557014465332,-8.51577663421631,"Unknown"
"7014853",371857,2025-07-30 13:26:42,43.3552551269531,-8.51551532745361,"Unknown"
"7014853",371857,2025-07-30 13:31:42,43.3556213378906,-8.51570415496826,"Unknown"
"7014853",371857,2025-07-30 13:36:44,43.3556785583496,-8.51570510864258,"Unknown"
"7014853",371857,2025-07-30 13:41:45,43.3559036254883,-8.51596927642822,"Unknown"
"7014853",371857,2025-07-30 13:46:46,43.3557395935059,-8.51578044891357,"Unknown"
"7014853",371857,2025-07-30 13:51:45,43.3557167053223,-8.51581192016602,"Unknown"
"7014853",371857,2025-07-30 13:56:54,43.3556327819824,-8.515793800354,"Unknown"
"7014853",371857,2025-07-30 14:01:45,43.3555526733398,-8.5155200958252,"Unknown"
"7014853",371857,2025-07-30 14:06:54,43.3556671142578,-8.51568031311035,"Unknown"
"7014853",371857,2025-07-30 14:11:51,43.3556632995605,-8.51566028594971,"Unknown"
"7014853",371857,2025-07-30 14:17:02,43.3556709289551,-8.51568508148193,"Unknown"
"7014853",371857,2025-07-30 14:21:42,43.3556709289551,-8.51566314697266,"Unknown"
"7014853",371857,2025-07-30 14:26:42,43.3556442260742,-8.51571559906006,"Unknown"
"7014853",371857,2025-07-30 14:31:44,43.3556785583496,-8.51565837860107,"Unknown"
"7014853",371857,2025-07-30 14:36:55,43.3556632995605,-8.51565742492676,"Unknown"
"7014853",371857,2025-07-30 14:41:46,43.3556900024414,-8.51563930511475,"Unknown"
"7014853",371857,2025-07-30 14:46:42,43.3557205200195,-8.5156307220459,"Unknown"
"7014853",371857,2025-07-30 14:51:41,43.3556671142578,-8.5156421661377,"Unknown"
"7014853",371857,2025-07-30 14:56:41,43.3557319641113,-8.51561737060547,"Unknown"
"7014853",371857,2025-07-30 15:01:42,43.3557167053223,-8.51565265655518,"Unknown"
"7014853",371857,2025-07-30 15:06:41,43.3556785583496,-8.51569366455078,"Unknown"
"7014853",371857,2025-07-30 15:11:41,43.3556785583496,-8.51564407348633,"Unknown"
"7014853",371857,2025-07-30 15:16:41,43.3556709289551,-8.51568031311035,"Unknown"
"7014853",371857,2025-07-30 15:21:42,43.355712890625,-8.51560211181641,"Unknown"
"7014853",371857,2025-07-30 15:26:43,43.3556976318359,-8.51567554473877,"Unknown"
"7014853",371857,2025-07-30 15:31:41,43.355712890625,-8.5156946182251,"Unknown"
"7014853",371857,2025-07-30 15:36:42,43.3556900024414,-8.51566123962402,"Unknown"
"7014853",371857,2025-07-30 15:41:42,43.3556480407715,-8.51574420928955,"Unknown"
"7014853",371857,2025-07-30 15:46:45,43.3557205200195,-8.51573657989502,"Unknown"
"7014853",371857,2025-07-30 15:51:45,43.3556938171387,-8.51578426361084,"Unknown"
"7014853",371857,2025-07-30 15:56:49,43.355640411377,-8.51574993133545,"Unknown"
"7014853",371857,2025-07-30 16:01:43,43.3562316894531,-8.50319766998291,"Unknown"
"7014853",371857,2025-07-30 16:06:42,43.3605041503906,-8.48958492279053,"Unknown"
"7014853",371857,2025-07-30 16:11:43,43.3552780151367,-8.47181224822998,"Unknown"
"7014853",371857,2025-07-30 16:16:44,43.3559074401855,-8.45841598510742,"Unknown"
"7014853",371857,2025-07-30 16:21:51,43.3555870056152,-8.45801830291748,"Unknown"
"7014853",371857,2025-07-30 16:26:43,43.3555946350098,-8.45808696746826,"Unknown"
"7014853",371857,2025-07-30 16:31:49,43.355640411377,-8.45795726776123,"Unknown"
"7014853",371857,2025-07-30 16:36:55,43.3563766479492,-8.45807361602783,"Unknown"
"7014853",371857,2025-07-30 16:41:42,43.3564682006836,-8.45797920227051,"Unknown"
"7014853",371857,2025-07-30 16:46:53,43.3550682067871,-8.45780754089355,"Unknown"
"7014853",371857,2025-07-30 16:52:05,43.3551864624023,-8.45775508880615,"Unknown"
"7014853",371857,2025-07-30 16:56:45,43.3557014465332,-8.45792102813721,"Unknown"
"7014853",371857,2025-07-30 17:01:49,43.356086730957,-8.45797061920166,"Unknown"
"7014853",371857,2025-07-30 17:06:54,43.3560028076172,-8.45812702178955,"Unknown"
"7014853",371857,2025-07-30 17:11:46,43.35546875,-8.45651435852051,"Unknown"
"7014853",371857,2025-07-30 17:16:47,43.3557739257812,-8.4573221206665,"Unknown"
"7014853",371857,2025-07-30 17:21:51,43.3560829162598,-8.4580020904541,"Unknown"
"7014853",371857,2025-07-30 17:26:51,43.3561172485352,-8.45805644989014,"Unknown"
"7014853",371857,2025-07-30 17:31:52,43.3562850952148,-8.4571475982666,"Unknown"
"7014853",371857,2025-07-30 17:36:54,43.3564682006836,-8.45704746246338,"Unknown"
"7014853",371857,2025-07-30 17:41:45,43.3569145202637,-8.45910835266113,"Unknown"
"7014853",371857,2025-07-30 17:46:46,43.3631172180176,-8.4628381729126,"Unknown"
"7014853",371857,2025-07-30 17:51:54,43.3599128723145,-8.46252727508545,"Unknown"
"7014853",371857,2025-07-30 17:57:02,43.3558120727539,-8.45809459686279,"Unknown"
"7014853",371857,2025-07-30 18:01:41,43.3557662963867,-8.45802879333496,"Unknown"
"7014853",371857,2025-07-30 18:06:48,43.3558044433594,-8.45803451538086,"Unknown"
"7014853",371857,2025-07-30 18:12:05,43.3564224243164,-8.45716762542725,"Unknown"
"7014853",371857,2025-07-30 18:16:42,43.3404769897461,-8.45337581634521,"Unknown"
"7014853",371857,2025-07-30 18:21:42,43.3405227661133,-8.45312786102295,"Unknown"
"7014853",371857,2025-07-30 18:26:42,43.3504753112793,-8.42796039581299,"Unknown"
"7014853",371857,2025-07-30 18:31:42,43.3515968322754,-8.42441272735596,"Unknown"
"7014853",371857,2025-07-30 18:36:41,43.3516807556152,-8.42440986633301,"Unknown"
"7014853",371857,2025-07-30 18:41:42,43.3515205383301,-8.42435073852539,"Unknown"
"7014853",371857,2025-07-30 18:46:41,43.3515357971191,-8.42450046539307,"Unknown"
"7014853",371857,2025-07-30 18:51:42,43.3515625,-8.42441082000732,"Unknown"
"7014853",371857,2025-07-30 18:56:42,43.3516311645508,-8.42433547973633,"Unknown"
"7014853",371857,2025-07-30 19:01:43,43.3515892028809,-8.42445659637451,"Unknown"
"7014853",371857,2025-07-30 19:06:43,43.3516044616699,-8.42438125610352,"Unknown"
"7014853",371857,2025-07-30 19:11:47,43.3517684936523,-8.42438411712646,"Unknown"
"7014853",371857,2025-07-30 19:16:54,43.3516845703125,-8.4242115020752,"Unknown"
"7014853",371857,2025-07-30 19:21:48,43.3515853881836,-8.42426681518555,"Unknown"
"7014853",371857,2025-07-30 19:26:46,43.3516387939453,-8.42457580566406,"Unknown"
"7014853",371857,2025-07-30 19:32:05,43.3516540527344,-8.42428970336914,"Unknown"
"7014853",371857,2025-07-30 19:36:42,43.3517456054688,-8.42435359954834,"Unknown"
"7014853",371857,2025-07-30 19:41:42,43.3516845703125,-8.4243106842041,"Unknown"
"7014853",371857,2025-07-30 19:46:41,43.3516731262207,-8.4243106842041,"Unknown"
"7014853",371857,2025-07-30 19:51:42,43.351676940918,-8.42429542541504,"Unknown"
"7014853",371857,2025-07-30 19:56:41,43.3517112731934,-8.42430973052979,"Unknown"
"7014853",371857,2025-07-30 20:01:41,43.3515930175781,-8.42441940307617,"Unknown"
"7014853",371857,2025-07-30 20:06:43,43.3516464233398,-8.42435646057129,"Unknown"
"7014853",371857,2025-07-30 20:11:41,43.3521423339844,-8.42423248291016,"Unknown"
"7014853",371857,2025-07-30 20:16:41,43.3520812988281,-8.42426109313965,"Unknown"
"7014853",371857,2025-07-30 20:21:45,43.3520927429199,-8.42426586151123,"Unknown"
"7014853",371857,2025-07-30 20:26:47,43.3521308898926,-8.42434215545654,"Unknown"
"7014853",371857,2025-07-30 20:31:45,43.3521881103516,-8.42427062988281,"Unknown"
"7014853",371857,2025-07-30 20:36:52,43.3521728515625,-8.42436218261719,"Unknown"
"7014853",371857,2025-07-30 20:41:18,43.3522300720215,-8.42441463470459,"Unknown"
"7014853",371857,2025-07-31 01:41:36,43.3517951965332,-8.42444324493408,"Unknown"
"7014853",371857,2025-07-31 05:27:59,43.356330871582,-8.45713901519775,"Unknown"
"7014853",371857,2025-07-31 05:32:22,43.356517791748,-8.45722770690918,"Unknown"
"7014853",371857,2025-07-31 05:37:21,43.3597717285156,-8.46288967132568,"Unknown"
"7014853",371857,2025-07-31 05:42:21,43.3565330505371,-8.50542259216309,"Unknown"
"7014853",371857,2025-07-31 05:47:42,43.3557434082031,-8.51587867736816,"Unknown"
"7014853",371857,2025-07-31 05:52:23,43.3557929992676,-8.51590728759766,"Unknown"
"7014853",371857,2025-07-31 05:57:38,43.3557777404785,-8.51589202880859,"Unknown"
"7014853",371857,2025-07-31 06:02:32,43.355770111084,-8.51585865020752,"Unknown"
"7014853",371857,2025-07-31 06:07:59,43.3556365966797,-8.51587867736816,"Unknown"
"7014853",371857,2025-07-31 06:12:21,43.3558235168457,-8.5160083770752,"Unknown"
"7014853",371857,2025-07-31 06:17:24,43.351261138916,-8.52640724182129,"Unknown"
"7014853",371857,2025-07-31 06:22:21,43.3520164489746,-8.54830455780029,"Unknown"
"7014853",371857,2025-07-31 06:27:23,43.3557014465332,-8.54765510559082,"Unknown"
"7014853",371857,2025-07-31 06:32:21,43.3623275756836,-8.56964111328125,"Unknown"
"7014853",371857,2025-07-31 06:37:23,43.362621307373,-8.56937980651855,"Unknown"
"7014853",371857,2025-07-31 06:42:21,43.3560104370117,-8.55767822265625,"Unknown"
"7014853",371857,2025-07-31 06:47:23,43.3484764099121,-8.52985763549805,"Unknown"
"7014853",371857,2025-07-31 06:52:27,43.3486022949219,-8.52985954284668,"Unknown"
"7014853",371857,2025-07-31 06:57:44,43.348518371582,-8.5298023223877,"Unknown"
"7014853",371857,2025-07-31 07:02:24,43.349925994873,-8.52793216705322,"Unknown"
"7014853",371857,2025-07-31 07:07:30,43.349910736084,-8.52790927886963,"Unknown"
"7014853",371857,2025-07-31 07:12:22,43.3468818664551,-8.53293800354004,"Unknown"
"7014853",371857,2025-07-31 07:17:33,43.3205528259277,-8.59210109710693,"Unknown"
"7014853",371857,2025-07-31 07:22:32,43.3157997131348,-8.65072154998779,"Unknown"
"7014853",371857,2025-07-31 07:27:45,43.312744140625,-8.71586418151855,"Unknown"
"7014853",371857,2025-07-31 07:32:30,43.3112754821777,-8.74784851074219,"Unknown"
"7014853",371857,2025-07-31 07:37:44,43.3090629577637,-8.78993225097656,"Unknown"
"7014853",371857,2025-07-31 07:42:23,43.3273429870605,-8.81981468200684,"Unknown"
"7014853",371857,2025-07-31 07:47:31,43.3490257263184,-8.84306144714355,"Unknown"
"7014853",371857,2025-07-31 07:52:25,43.3589630126953,-8.84328079223633,"Unknown"
"7014853",371857,2025-07-31 07:57:29,43.3591346740723,-8.84347534179688,"Unknown"
"7014853",371857,2025-07-31 08:02:27,43.359073638916,-8.84334850311279,"Unknown"
"7014853",371857,2025-07-31 08:07:25,43.3601722717285,-8.84397506713867,"Unknown"
"7014853",371857,2025-07-31 08:12:25,43.3589859008789,-8.84316349029541,"Unknown"
"7014853",371857,2025-07-31 08:17:25,43.3590126037598,-8.84335899353027,"Unknown"
"7014853",371857,2025-07-31 08:22:44,43.3591423034668,-8.84351253509521,"Unknown"
"7014853",371857,2025-07-31 08:27:28,43.3591804504395,-8.84331798553467,"Unknown"
"7014853",371857,2025-07-31 08:32:40,43.3591041564941,-8.84338188171387,"Unknown"
"7014853",371857,2025-07-31 08:37:21,43.3591003417969,-8.84345531463623,"Unknown"
"7014853",371857,2025-07-31 08:42:24,43.359130859375,-8.84354400634766,"Unknown"
"7014853",371857,2025-07-31 08:47:21,43.3591613769531,-8.8434944152832,"Unknown"
"7014853",371857,2025-07-31 08:52:23,43.3591461181641,-8.84328079223633,"Unknown"
"7014853",371857,2025-07-31 08:57:25,43.359073638916,-8.84366798400879,"Unknown"
"7014853",371857,2025-07-31 09:02:22,43.3589782714844,-8.84353828430176,"Unknown"
"7014853",371857,2025-07-31 09:07:24,43.3589210510254,-8.84365749359131,"Unknown"
"7014853",371857,2025-07-31 09:12:27,43.3590087890625,-8.84368419647217,"Unknown"
"7014853",371857,2025-07-31 09:17:29,43.3590431213379,-8.84347248077393,"Unknown"
"7014853",371857,2025-07-31 09:22:22,43.3592071533203,-8.8431510925293,"Unknown"
"7014853",371857,2025-07-31 09:27:40,43.3589744567871,-8.84355735778809,"Unknown"
"7014853",371857,2025-07-31 09:32:22,43.3588256835938,-8.84355068206787,"Unknown"
"7014853",371857,2025-07-31 09:37:22,43.3589820861816,-8.84340858459473,"Unknown"
"7014853",371857,2025-07-31 09:42:23,43.3590812683105,-8.84340667724609,"Unknown"
"7014853",371857,2025-07-31 09:47:45,43.359073638916,-8.84343528747559,"Unknown"
"7014853",371857,2025-07-31 09:52:35,43.3590545654297,-8.8435525894165,"Unknown"
"7014853",371857,2025-07-31 09:57:30,43.359001159668,-8.84346199035645,"Unknown"
"7014853",371857,2025-07-31 10:02:31,43.3590927124023,-8.84343433380127,"Unknown"
"7014853",371857,2025-07-31 10:07:32,43.3592109680176,-8.84353160858154,"Unknown"
"7014853",371857,2025-07-31 10:12:44,43.3590774536133,-8.84351444244385,"Unknown"
"7014853",371857,2025-07-31 10:17:30,43.3592834472656,-8.84322452545166,"Unknown"
"7014853",371857,2025-07-31 10:22:32,43.3610534667969,-8.84241008758545,"Unknown"
"7014853",371857,2025-07-31 10:27:30,43.3278617858887,-8.82143497467041,"Unknown"
"7014853",371857,2025-07-31 10:32:31,43.3029670715332,-8.78362369537354,"Unknown"
"7014853",371857,2025-07-31 10:37:30,43.299560546875,-8.75191116333008,"Unknown"
"7014853",371857,2025-07-31 10:42:30,43.2960929870605,-8.72632789611816,"Unknown"
"7014853",371857,2025-07-31 10:48:23,43.2955932617188,-8.73787307739258,"Unknown"
"7014853",371857,2025-07-31 10:52:24,43.2902793884277,-8.73728847503662,"Unknown"
"7014853",371857,2025-07-31 10:58:46,43.3043518066406,-8.73893260955811,"Unknown"
"7014853",371857,2025-07-31 11:02:29,43.3105316162109,-8.73683643341064,"Unknown"
"7014853",371857,2025-07-31 11:07:45,43.3123588562012,-8.73768043518066,"Unknown"
"7014853",371857,2025-07-31 11:12:27,43.3125801086426,-8.73744106292725,"Unknown"
"7014853",371857,2025-07-31 11:17:23,43.3127899169922,-8.73794651031494,"Unknown"
"7014853",371857,2025-07-31 11:22:21,43.3151245117188,-8.73407077789307,"Unknown"
"7014853",371857,2025-07-31 11:27:21,43.3212242126465,-8.71389961242676,"Unknown"
"7014853",371857,2025-07-31 11:32:44,43.3194847106934,-8.68930530548096,"Unknown"
"7014853",371857,2025-07-31 11:37:21,43.3121871948242,-8.66780090332031,"Unknown"
"7014853",371857,2025-07-31 11:42:22,43.306941986084,-8.64349746704102,"Unknown"
"7014853",371857,2025-07-31 11:47:44,43.3145713806152,-8.62593936920166,"Unknown"
"7014853",371857,2025-07-31 11:52:23,43.3219833374023,-8.61871433258057,"Unknown"
"7014853",371857,2025-07-31 11:57:22,43.3275184631348,-8.61026191711426,"Unknown"
"7014853",371857,2025-07-31 12:02:25,43.3268127441406,-8.61438941955566,"Unknown"
"7014853",371857,2025-07-31 12:07:24,43.3276062011719,-8.60793495178223,"Unknown"
"7014853",371857,2025-07-31 12:12:27,43.3280181884766,-8.60963344573975,"Unknown"
"7014853",371857,2025-07-31 12:18:23,43.3281936645508,-8.60826587677002,"Unknown"
"7014853",371857,2025-07-31 12:22:22,43.3273773193359,-8.6120433807373,"Unknown"
"7014853",371857,2025-07-31 12:27:29,43.3272094726562,-8.61228656768799,"Unknown"
"7014853",371857,2025-07-31 12:32:44,43.3180923461914,-8.60293483734131,"Unknown"
"7014853",371857,2025-07-31 12:37:30,43.3180351257324,-8.60295677185059,"Unknown"
"7014853",371857,2025-07-31 12:42:35,43.318058013916,-8.60274314880371,"Unknown"
"7014853",371857,2025-07-31 12:47:58,43.3180694580078,-8.60292816162109,"Unknown"
"7014853",371857,2025-07-31 12:52:27,43.3180618286133,-8.60272693634033,"Unknown"
"7014853",371857,2025-07-31 12:57:22,43.3181304931641,-8.60295295715332,"Unknown"
"7014853",371857,2025-07-31 13:02:22,43.3180999755859,-8.60311126708984,"Unknown"
"7014853",371857,2025-07-31 13:07:22,43.3181037902832,-8.60302639007568,"Unknown"
"7014853",371857,2025-07-31 13:12:23,43.3183097839355,-8.60312747955322,"Unknown"
"7014853",371857,2025-07-31 13:17:25,43.3184814453125,-8.60359668731689,"Unknown"
"7014853",371857,2025-07-31 13:22:25,43.3181419372559,-8.60316753387451,"Unknown"
"7014853",371857,2025-07-31 13:27:24,43.3182601928711,-8.60348129272461,"Unknown"
"7014853",371857,2025-07-31 13:32:45,43.317626953125,-8.6027774810791,"Unknown"
"7014853",371857,2025-07-31 13:37:32,43.3177261352539,-8.60286426544189,"Unknown"
"7014853",371857,2025-07-31 13:42:25,43.3176689147949,-8.60294628143311,"Unknown"
"7014853",371857,2025-07-31 13:47:25,43.3177795410156,-8.6030445098877,"Unknown"
"7014853",371857,2025-07-31 13:52:25,43.3178062438965,-8.60301303863525,"Unknown"
"7014853",371857,2025-07-31 13:57:24,43.3175392150879,-8.6024227142334,"Unknown"
"7014853",371857,2025-07-31 14:02:27,43.3183784484863,-8.60367107391357,"Unknown"
"7014853",371857,2025-07-31 14:07:30,43.3180122375488,-8.60305023193359,"Unknown"
"7014853",371857,2025-07-31 14:12:27,43.3178749084473,-8.60326480865479,"Unknown"
"7014853",371857,2025-07-31 14:17:25,43.3180732727051,-8.60315799713135,"Unknown"
"7014853",371857,2025-07-31 14:22:29,43.3181533813477,-8.60271167755127,"Unknown"
"7014853",371857,2025-07-31 14:27:28,43.3180847167969,-8.60297298431396,"Unknown"
"7014853",371857,2025-07-31 14:32:44,43.3180885314941,-8.60308361053467,"Unknown"
"7014853",371857,2025-07-31 14:37:23,43.3181076049805,-8.60288238525391,"Unknown"
"7014853",371857,2025-07-31 14:42:34,43.3179931640625,-8.60327434539795,"Unknown"
"7014853",371857,2025-07-31 14:47:23,43.3180198669434,-8.60230922698975,"Unknown"
"7014853",371857,2025-07-31 14:52:25,43.3180236816406,-8.60307312011719,"Unknown"
"7014853",371857,2025-07-31 14:57:23,43.318058013916,-8.60300254821777,"Unknown"
"7014853",371857,2025-07-31 15:02:27,43.3181838989258,-8.60313510894775,"Unknown"
"7014853",371857,2025-07-31 15:07:28,43.3176727294922,-8.60272026062012,"Unknown"
"7014853",371857,2025-07-31 15:12:31,43.3182067871094,-8.6025447845459,"Unknown"
"7014853",371857,2025-07-31 15:17:28,43.318000793457,-8.60271549224854,"Unknown"
"7014853",371857,2025-07-31 15:22:35,43.3180160522461,-8.60273456573486,"Unknown"
"7014853",371857,2025-07-31 15:27:29,43.3181686401367,-8.6028881072998,"Unknown"
"7014853",371857,2025-07-31 15:32:59,43.3180503845215,-8.60288429260254,"Unknown"
"7014853",371857,2025-07-31 15:37:23,43.3181343078613,-8.60284805297852,"Unknown"
"7014853",371857,2025-07-31 15:42:23,43.3179550170898,-8.60260105133057,"Unknown"
"7014853",371857,2025-07-31 15:47:24,43.3178329467773,-8.60193157196045,"Unknown"
"7014853",371857,2025-07-31 15:52:23,43.3179779052734,-8.60283279418945,"Unknown"
"7014853",371857,2025-07-31 15:57:22,43.3194618225098,-8.58951854705811,"Unknown"
"7014853",371857,2025-07-31 16:02:23,43.3139457702637,-8.56656265258789,"Unknown"
"7014853",371857,2025-07-31 16:07:23,43.3122940063477,-8.54139232635498,"Unknown"
"7014853",371857,2025-07-31 16:12:24,43.319393157959,-8.54095554351807,"Unknown"
"7014853",371857,2025-07-31 16:17:24,43.317310333252,-8.53893661499023,"Unknown"
"7014853",371857,2025-07-31 16:22:25,43.3205337524414,-8.52104949951172,"Unknown"
"7014853",371857,2025-07-31 16:27:23,43.3267784118652,-8.5124397277832,"Unknown"
"7014853",371857,2025-07-31 16:32:44,43.3370246887207,-8.51283264160156,"Unknown"
"7014853",371857,2025-07-31 16:37:39,43.3499641418457,-8.52762508392334,"Unknown"
"7014853",371857,2025-07-31 16:42:59,43.3499717712402,-8.52768135070801,"Unknown"
"7014853",371857,2025-07-31 16:47:24,43.3500099182129,-8.52768707275391,"Unknown"
"7014853",371857,2025-07-31 16:52:24,43.3497772216797,-8.52773571014404,"Unknown"
"7014853",371857,2025-07-31 16:57:24,43.3497924804688,-8.52780532836914,"Unknown"
"7014853",371857,2025-07-31 17:02:24,43.3499183654785,-8.52767181396484,"Unknown"
"7014853",371857,2025-07-31 17:07:24,43.3499183654785,-8.52765464782715,"Unknown"
"7014853",371857,2025-07-31 17:12:24,43.3520431518555,-8.52462100982666,"Unknown"
"7014853",371857,2025-07-31 17:17:23,43.3520126342773,-8.52469348907471,"Unknown"
"7014853",371857,2025-07-31 17:22:23,43.3519973754883,-8.52462005615234,"Unknown"
"7014853",371857,2025-07-31 17:27:23,43.3519744873047,-8.52440071105957,"Unknown"
"7014853",371857,2025-07-31 17:32:59,43.35205078125,-8.52462959289551,"Unknown"
"7014853",371857,2025-07-31 17:37:22,43.3521385192871,-8.52464294433594,"Unknown"
"7014853",371857,2025-07-31 17:42:24,43.3520851135254,-8.52467346191406,"Unknown"
"7014853",371857,2025-07-31 17:47:23,43.3521156311035,-8.52474594116211,"Unknown"
"7014853",371857,2025-07-31 17:52:22,43.3575668334961,-8.49601650238037,"Unknown"
"7014853",371857,2025-07-31 17:57:22,43.3607711791992,-8.48917293548584,"Unknown"
"7014853",371857,2025-07-31 18:02:22,43.3517913818359,-8.47777557373047,"Unknown"
"7014853",371857,2025-07-31 18:07:27,43.3519172668457,-8.47778511047363,"Unknown"
"7014853",371857,2025-07-31 18:12:23,43.3595809936523,-8.46150207519531,"Unknown"
"7014853",371857,2025-07-31 18:17:22,43.356315612793,-8.45744323730469,"Unknown"
"7014853",371857,2025-07-31 18:22:22,43.3700523376465,-8.45380878448486,"Unknown"
"7014853",371857,2025-07-31 18:27:24,43.3793411254883,-8.44091129302979,"Unknown"
"7014853",371857,2025-07-31 18:32:23,43.3792877197266,-8.43008995056152,"Unknown"
"7014853",371857,2025-07-31 18:37:28,43.378532409668,-8.43409252166748,"Unknown"
"7014853",371857,2025-07-31 18:42:24,43.3923110961914,-8.44930362701416,"Unknown"
"7014853",371857,2025-07-31 18:47:25,43.4111595153809,-8.45373916625977,"Unknown"
"7014853",371857,2025-07-31 18:52:45,43.4137954711914,-8.43995952606201,"Unknown"
"7014853",371857,2025-07-31 18:57:24,43.413459777832,-8.43961906433105,"Unknown"
"7014853",371857,2025-07-31 19:02:24,43.400951385498,-8.4103307723999,"Unknown"
"7014853",371857,2025-07-31 19:07:29,43.4009857177734,-8.3953685760498,"Unknown"
"7014853",371857,2025-07-31 19:12:28,43.400505065918,-8.39594745635986,"Unknown"
"7014853",371857,2025-07-31 19:17:25,43.3904266357422,-8.38271236419678,"Unknown"
"7014853",371857,2025-07-31 19:22:24,43.367317199707,-8.37605285644531,"Unknown"
"7014853",371857,2025-07-31 19:27:43,43.3632659912109,-8.39514923095703,"Unknown"
"7014853",371857,2025-07-31 19:32:27,43.3600540161133,-8.40289878845215,"Unknown"
"7014853",371857,2025-07-31 19:37:28,43.3595962524414,-8.40182781219482,"Unknown"
"7014853",371857,2025-07-31 19:42:27,43.3599281311035,-8.40291595458984,"Unknown"
"7014853",371857,2025-07-31 19:47:44,43.3599433898926,-8.40281105041504,"Unknown"
"7014853",371857,2025-07-31 19:52:27,43.359920501709,-8.40298271179199,"Unknown"
"7014853",371857,2025-07-31 19:57:27,43.3603172302246,-8.40116882324219,"Unknown"
"7014853",371857,2025-07-31 20:02:36,43.3599586486816,-8.40281295776367,"Unknown"
"7014853",371857,2025-07-31 20:07:36,43.3600044250488,-8.40280342102051,"Unknown"
"7014853",371857,2025-07-31 20:12:36,43.3599624633789,-8.40279579162598,"Unknown"
"7014853",371857,2025-07-31 20:17:36,43.3599166870117,-8.40289974212646,"Unknown"
"7014853",371857,2025-07-31 20:22:45,43.3602066040039,-8.40320873260498,"Unknown"
"7014853",371857,2025-07-31 20:27:36,43.3600730895996,-8.40266895294189,"Unknown"
"7014853",371857,2025-07-31 20:32:39,43.3598899841309,-8.40234661102295,"Unknown"
"7014853",371857,2025-07-31 20:37:39,43.360408782959,-8.40277862548828,"Unknown"
"7014853",371857,2025-07-31 20:39:48,43.3603935241699,-8.40267276763916,"Unknown"
"7014853",371857,2025-08-01 01:40:06,43.3519630432129,-8.42438316345215,"Unknown"
"7014853",371857,2025-08-01 05:29:05,43.3522262573242,-8.47770118713379,"Unknown"
"7014853",371857,2025-08-01 05:33:36,43.3521842956543,-8.47788524627686,"Unknown"
"7014853",371857,2025-08-01 05:38:16,43.3522720336914,-8.47795581817627,"Unknown"
"7014853",371857,2025-08-01 05:43:14,43.3523063659668,-8.47797584533691,"Unknown"
"7014853",371857,2025-08-01 05:48:15,43.3519821166992,-8.47782707214355,"Unknown"
"7014853",371857,2025-08-01 05:53:17,43.3522071838379,-8.4780101776123,"Unknown"
"7014853",371857,2025-08-01 05:58:14,43.3523712158203,-8.4780445098877,"Unknown"
"7014853",371857,2025-08-01 06:03:22,43.3521347045898,-8.47816276550293,"Unknown"
"7014853",371857,2025-08-01 06:08:15,43.3600730895996,-8.50013160705566,"Unknown"
"7014853",371857,2025-08-01 06:13:15,43.3549690246582,-8.51893329620361,"Unknown"
"7014853",371857,2025-08-01 06:18:16,43.3549003601074,-8.51891899108887,"Unknown"
"7014853",371857,2025-08-01 06:23:15,43.356559753418,-8.52084827423096,"Unknown"
"7014853",371857,2025-08-01 06:28:15,43.3619651794434,-8.5687837600708,"Unknown"
"7014853",371857,2025-08-01 06:33:16,43.3627243041992,-8.56970405578613,"Unknown"
"7014853",371857,2025-08-01 06:38:16,43.3639373779297,-8.56954479217529,"Unknown"
"7014853",371857,2025-08-01 06:43:18,43.3648529052734,-8.56970596313477,"Unknown"
"7014853",371857,2025-08-01 06:48:17,43.3648300170898,-8.56923294067383,"Unknown"
"7014853",371857,2025-08-01 06:53:21,43.3658065795898,-8.56876182556152,"Unknown"
"7014853",371857,2025-08-01 06:58:17,43.3662033081055,-8.56850814819336,"Unknown"
"7014853",371857,2025-08-01 07:03:15,43.3671340942383,-8.56795501708984,"Unknown"
"7014853",371857,2025-08-01 07:08:17,43.3664932250977,-8.56838512420654,"Unknown"
"7014853",371857,2025-08-01 07:13:15,43.338924407959,-8.59415149688721,"Unknown"
"7014853",371857,2025-08-01 07:18:15,43.3197555541992,-8.6281681060791,"Unknown"
"7014853",371857,2025-08-01 07:23:15,43.319450378418,-8.60521030426025,"Unknown"
"7014853",371857,2025-08-01 07:28:24,43.3176040649414,-8.60385227203369,"Unknown"
"7014853",371857,2025-08-01 07:33:24,43.3176574707031,-8.60363483428955,"Unknown"
"7014853",371857,2025-08-01 07:38:24,43.3176612854004,-8.60363864898682,"Unknown"
"7014853",371857,2025-08-01 07:43:24,43.3177032470703,-8.60363483428955,"Unknown"
"7014853",371857,2025-08-01 07:48:35,43.3176002502441,-8.60344982147217,"Unknown"
"7014853",371857,2025-08-01 07:53:19,43.3207206726074,-8.61580753326416,"Unknown"
"7014853",371857,2025-08-01 07:58:18,43.3155136108398,-8.65403842926025,"Unknown"
"7014853",371857,2025-08-01 08:03:18,43.3158073425293,-8.65578746795654,"Unknown"
"7014853",371857,2025-08-01 08:08:22,43.3157615661621,-8.6551399230957,"Unknown"
"7014853",371857,2025-08-01 08:13:19,43.3156814575195,-8.65522480010986,"Unknown"
"7014853",371857,2025-08-01 08:18:22,43.3129463195801,-8.66271591186523,"Unknown"
"7014853",371857,2025-08-01 08:23:21,43.3130111694336,-8.66263580322266,"Unknown"
"7014853",371857,2025-08-01 08:28:17,43.3130950927734,-8.6624755859375,"Unknown"
"7014853",371857,2025-08-01 08:33:18,43.3132095336914,-8.66269016265869,"Unknown"
"7014853",371857,2025-08-01 08:38:19,43.3134078979492,-8.66266822814941,"Unknown"
"7014853",371857,2025-08-01 08:43:23,43.3134117126465,-8.66264247894287,"Unknown"
"7014853",371857,2025-08-01 08:48:53,43.3135643005371,-8.66136455535889,"Unknown"
"7014853",371857,2025-08-01 08:53:15,43.3154754638672,-8.66319561004639,"Unknown"
"7014853",371857,2025-08-01 08:58:21,43.3159103393555,-8.66391086578369,"Unknown"
"7014853",371857,2025-08-01 09:03:18,43.3153610229492,-8.66328048706055,"Unknown"
"7014853",371857,2025-08-01 09:08:18,43.3193435668945,-8.66359901428223,"Unknown"
"7014853",371857,2025-08-01 09:13:21,43.3134689331055,-8.66063022613525,"Unknown"
"7014853",371857,2025-08-01 09:18:19,43.3133850097656,-8.66089534759521,"Unknown"
"7014853",371857,2025-08-01 09:23:19,43.3133659362793,-8.66101455688477,"Unknown"
"7014853",371857,2025-08-01 09:28:22,43.3135986328125,-8.6606559753418,"Unknown"
"7014853",371857,2025-08-01 09:33:22,43.3135528564453,-8.65938949584961,"Unknown"
"7014853",371857,2025-08-01 09:38:22,43.3138465881348,-8.65813827514648,"Unknown"
"7014853",371857,2025-08-01 09:43:24,43.313720703125,-8.65740394592285,"Unknown"
"7014853",371857,2025-08-01 09:48:24,43.3137283325195,-8.65729427337646,"Unknown"
"7014853",371857,2025-08-01 09:54:02,43.3075103759766,-8.64893436431885,"Unknown"
"7014853",371857,2025-08-01 09:58:34,43.3130950927734,-8.63040637969971,"Unknown"
"7014853",371857,2025-08-01 10:03:22,43.3148880004883,-8.61097145080566,"Unknown"
"7014853",371857,2025-08-01 10:08:15,43.317440032959,-8.60068321228027,"Unknown"
"7014853",371857,2025-08-01 10:13:29,43.3209075927734,-8.59333229064941,"Unknown"
"7014853",371857,2025-08-01 10:18:44,43.3211669921875,-8.59192943572998,"Unknown"
"7014853",371857,2025-08-01 10:23:16,43.3212242126465,-8.59199047088623,"Unknown"
"7014853",371857,2025-08-01 10:28:16,43.3212356567383,-8.59261226654053,"Unknown"
"7014853",371857,2025-08-01 10:33:14,43.3171844482422,-8.57927989959717,"Unknown"
"7014853",371857,2025-08-01 10:38:14,43.3114166259766,-8.55303764343262,"Unknown"
"7014853",371857,2025-08-01 10:43:14,43.3194007873535,-8.53024196624756,"Unknown"
"7014853",371857,2025-08-01 10:48:14,43.3330268859863,-8.51852607727051,"Unknown"
"7014853",371857,2025-08-01 10:53:14,43.3496322631836,-8.52796745300293,"Unknown"
"7014853",371857,2025-08-01 10:58:19,43.3497772216797,-8.52792167663574,"Unknown"
"7014853",371857,2025-08-01 11:03:19,43.3496589660645,-8.52795219421387,"Unknown"
"7014853",371857,2025-08-01 11:08:23,43.3497505187988,-8.52803421020508,"Unknown"
"7014853",371857,2025-08-01 11:13:25,43.3497085571289,-8.52788352966309,"Unknown"
"7014853",371857,2025-08-01 11:18:27,43.3498764038086,-8.52736568450928,"Unknown"
"7014853",371857,2025-08-01 11:23:18,43.3498458862305,-8.52741718292236,"Unknown"
"7014853",371857,2025-08-01 11:28:59,43.3497695922852,-8.527587890625,"Unknown"
"7014853",371857,2025-08-01 11:33:35,43.3497734069824,-8.52765941619873,"Unknown"
"7014853",371857,2025-08-01 11:38:16,43.349723815918,-8.52768039703369,"Unknown"
"7014853",371857,2025-08-01 11:43:16,43.3501091003418,-8.52764225006104,"Unknown"
"7014853",371857,2025-08-01 11:48:17,43.3498306274414,-8.52758979797363,"Unknown"
"7014853",371857,2025-08-01 11:53:16,43.3499031066895,-8.52758693695068,"Unknown"
"7014853",371857,2025-08-01 11:58:19,43.3499565124512,-8.52771377563477,"Unknown"
"7014853",371857,2025-08-01 12:03:24,43.349853515625,-8.52763080596924,"Unknown"
"7014853",371857,2025-08-01 12:08:24,43.3498153686523,-8.5275411605835,"Unknown"
"7014853",371857,2025-08-01 12:13:35,43.3499031066895,-8.52759075164795,"Unknown"
"7014853",371857,2025-08-01 12:18:16,43.3497467041016,-8.52758884429932,"Unknown"
"7014853",371857,2025-08-01 12:23:19,43.3499946594238,-8.52763557434082,"Unknown"
"7014853",371857,2025-08-01 12:28:18,43.3498458862305,-8.52765083312988,"Unknown"
"7014853",371857,2025-08-01 12:33:18,43.3499641418457,-8.52768898010254,"Unknown"
"7014853",371857,2025-08-01 12:38:17,43.3499298095703,-8.52768039703369,"Unknown"
"7014853",371857,2025-08-01 12:43:19,43.3499603271484,-8.52760410308838,"Unknown"
"7014853",371857,2025-08-01 12:48:22,43.3499565124512,-8.52760410308838,"Unknown"
"7014853",371857,2025-08-01 12:53:16,43.3501853942871,-8.52779960632324,"Unknown"
"7014853",371857,2025-08-01 12:58:18,43.3500747680664,-8.52774715423584,"Unknown"
"7014853",371857,2025-08-01 13:03:18,43.3499298095703,-8.52763748168945,"Unknown"
"7014853",371857,2025-08-01 13:08:19,43.3499565124512,-8.52763271331787,"Unknown"
"7014853",371857,2025-08-01 13:13:19,43.3499145507812,-8.52762413024902,"Unknown"
"7014853",371857,2025-08-01 13:18:17,43.3501777648926,-8.52776718139648,"Unknown"
"7014853",371857,2025-08-01 13:23:21,43.3499565124512,-8.5277042388916,"Unknown"
"7014853",371857,2025-08-01 13:28:17,43.3500366210938,-8.52770233154297,"Unknown"
"7014853",371857,2025-08-01 13:33:15,43.3500480651855,-8.52773952484131,"Unknown"
"7014853",371857,2025-08-01 13:38:18,43.350025177002,-8.52768039703369,"Unknown"
"7014853",371857,2025-08-01 13:43:19,43.349983215332,-8.52765464782715,"Unknown"
"7014853",371857,2025-08-01 13:48:35,43.3499908447266,-8.52762603759766,"Unknown"
"7014853",371857,2025-08-01 13:53:14,43.3499450683594,-8.52768802642822,"Unknown"
"7014853",371857,2025-08-01 13:58:15,43.3499984741211,-8.52762508392334,"Unknown"
"7014853",371857,2025-08-01 14:03:19,43.3500328063965,-8.52756214141846,"Unknown"
"7014853",371857,2025-08-01 14:08:16,43.3500213623047,-8.52756690979004,"Unknown"
"7014853",371857,2025-08-01 14:13:18,43.350025177002,-8.52758502960205,"Unknown"
"7014853",371857,2025-08-01 14:18:25,43.3500061035156,-8.52761363983154,"Unknown"
"7014853",371857,2025-08-01 14:23:23,43.350040435791,-8.52757930755615,"Unknown"
"7014853",371857,2025-08-01 14:28:15,43.3499870300293,-8.52763366699219,"Unknown"
"7014853",371857,2025-08-01 14:33:15,43.3499717712402,-8.52766132354736,"Unknown"
"7014853",371857,2025-08-01 14:38:15,43.350025177002,-8.52756214141846,"Unknown"
"7014853",371857,2025-08-01 14:43:14,43.3541030883789,-8.52089309692383,"Unknown"
"7014853",371857,2025-08-01 14:48:14,43.3558502197266,-8.51483726501465,"Unknown"
"7014853",371857,2025-08-01 14:53:16,43.3560333251953,-8.51498889923096,"Unknown"
"7014853",371857,2025-08-01 14:58:16,43.358039855957,-8.48667430877686,"Unknown"
"7014853",371857,2025-08-01 15:03:15,43.3580589294434,-8.46704196929932,"Unknown"
"7014853",371857,2025-08-01 15:08:14,43.370777130127,-8.45105266571045,"Unknown"
"7014853",371857,2025-08-01 15:13:15,43.3811264038086,-8.4355354309082,"Unknown"
"7014853",371857,2025-08-01 15:18:18,43.3786544799805,-8.431396484375,"Unknown"
"7014853",371857,2025-08-01 15:23:26,43.3787040710449,-8.43140316009521,"Unknown"
"7014853",371857,2025-08-01 15:28:44,43.3787117004395,-8.431471824646,"Unknown"
"7014853",371857,2025-08-01 15:33:16,43.3788108825684,-8.43140506744385,"Unknown"
"7014853",371857,2025-08-01 15:38:16,43.3788948059082,-8.43144416809082,"Unknown"
"7014853",371857,2025-08-01 15:43:21,43.3783874511719,-8.43158340454102,"Unknown"
"7014853",371857,2025-08-01 15:48:44,43.3786697387695,-8.43157768249512,"Unknown"
"7014853",371857,2025-08-01 15:53:15,43.3788032531738,-8.43158340454102,"Unknown"
"7014853",371857,2025-08-01 15:58:15,43.3788757324219,-8.43159580230713,"Unknown"
"7014853",371857,2025-08-01 16:03:18,43.3787040710449,-8.4314022064209,"Unknown"
"7014853",371857,2025-08-01 16:08:18,43.383602142334,-8.45143127441406,"Unknown"
"7014853",371857,2025-08-01 16:13:30,43.3819046020508,-8.48307037353516,"Unknown"
"7014853",371857,2025-08-01 16:18:35,43.3603096008301,-8.4910364151001,"Unknown"
"7014853",371857,2025-08-01 16:23:18,43.3524971008301,-8.4777135848999,"Unknown"
"7014853",371857,2025-08-01 16:28:21,43.3528861999512,-8.47519779205322,"Unknown"
"7014853",371857,2025-08-01 16:33:17,43.3565864562988,-8.4583797454834,"Unknown"
"7014853",371857,2025-08-01 16:38:21,43.356029510498,-8.45803546905518,"Unknown"
"7014853",371857,2025-08-01 16:43:16,43.356086730957,-8.45806217193604,"Unknown"
"7014853",371857,2025-08-01 16:48:23,43.3560028076172,-8.45797538757324,"Unknown"
"7014853",371857,2025-08-01 16:53:16,43.3560218811035,-8.45812320709229,"Unknown"
"7014853",371857,2025-08-01 16:58:23,43.3563499450684,-8.45735454559326,"Unknown"
"7014853",371857,2025-08-01 17:03:18,43.3562774658203,-8.45794200897217,"Unknown"
"7014853",371857,2025-08-01 17:08:26,43.3565254211426,-8.45778751373291,"Unknown"
"7014853",371857,2025-08-01 17:13:42,43.3564720153809,-8.45792102813721,"Unknown"
"7014853",371857,2025-08-01 17:18:17,43.3564300537109,-8.45795249938965,"Unknown"
"7014853",371857,2025-08-01 17:23:15,43.3563919067383,-8.45800590515137,"Unknown"
"7014853",371857,2025-08-01 17:28:18,43.3567276000977,-8.45853996276855,"Unknown"
"7014853",371857,2025-08-01 17:33:22,43.3562240600586,-8.45701503753662,"Unknown"
"7014853",371857,2025-08-01 17:38:16,43.3563270568848,-8.45770740509033,"Unknown"
"7014853",371857,2025-08-01 17:43:29,43.3566551208496,-8.45784759521484,"Unknown"
"7014853",371857,2025-08-01 17:48:44,43.3563766479492,-8.45797061920166,"Unknown"
"7014853",371857,2025-08-01 17:53:32,43.3563919067383,-8.45675945281982,"Unknown"
"7014853",371857,2025-08-01 17:58:27,43.3564949035645,-8.45755958557129,"Unknown"
"7014853",371857,2025-08-01 18:03:18,43.3406143188477,-8.45376491546631,"Unknown"
"7014853",371857,2025-08-01 18:08:17,43.3406715393066,-8.45362854003906,"Unknown"
"7014853",371857,2025-08-01 18:13:15,43.3483810424805,-8.42895603179932,"Unknown"
"7014853",371857,2025-08-01 18:18:22,43.3502616882324,-8.42766094207764,"Unknown"
"7014853",371857,2025-08-01 18:23:23,43.3502349853516,-8.42769050598145,"Unknown"
"7014853",371857,2025-08-01 18:28:25,43.3503341674805,-8.42755889892578,"Unknown"
"7014853",371857,2025-08-01 18:33:35,43.3503112792969,-8.42772483825684,"Unknown"
"7014853",371857,2025-08-01 18:38:15,43.3504791259766,-8.42776107788086,"Unknown"
"7014853",371857,2025-08-01 18:43:19,43.3502655029297,-8.42763233184814,"Unknown"
"7014853",371857,2025-08-01 18:48:53,43.3502616882324,-8.42763996124268,"Unknown"
"7014853",371857,2025-08-01 18:53:17,43.3502464294434,-8.42761325836182,"Unknown"
"7014853",371857,2025-08-01 18:58:15,43.3502349853516,-8.42757511138916,"Unknown"
"7014853",371857,2025-08-01 19:03:17,43.3502388000488,-8.42762756347656,"Unknown"
"7014853",371857,2025-08-01 19:08:17,43.350269317627,-8.42764568328857,"Unknown"
"7014853",371857,2025-08-01 19:13:18,43.3501968383789,-8.4276123046875,"Unknown"
"7014853",371857,2025-08-01 19:18:16,43.3502349853516,-8.42762851715088,"Unknown"
"7014853",371857,2025-08-01 19:23:22,43.3502349853516,-8.42758655548096,"Unknown"
"7014853",371857,2025-08-01 19:28:18,43.3502426147461,-8.42763519287109,"Unknown"
"7014853",371857,2025-08-01 19:33:21,43.3502464294434,-8.42754459381104,"Unknown"
"7014853",371857,2025-08-01 19:38:21,43.350284576416,-8.42757034301758,"Unknown"
"7014853",371857,2025-08-01 19:43:16,43.3502388000488,-8.42757225036621,"Unknown"
"7014853",371857,2025-08-01 19:48:15,43.3502769470215,-8.42762279510498,"Unknown"
"7014853",371857,2025-08-01 19:53:15,43.3502426147461,-8.42759895324707,"Unknown"
"7014853",371857,2025-08-01 19:58:16,43.3503112792969,-8.42751312255859,"Unknown"
"7014853",371857,2025-08-01 20:03:17,43.350341796875,-8.42749881744385,"Unknown"
"7014853",371857,2025-08-01 20:08:16,43.3502998352051,-8.42752838134766,"Unknown"
"7014853",371857,2025-08-01 20:13:21,43.3502578735352,-8.427565574646,"Unknown"
"7014853",371857,2025-08-01 20:18:21,43.3502159118652,-8.42760181427002,"Unknown"
"7014853",371857,2025-08-01 20:23:17,43.3519020080566,-8.42401695251465,"Unknown"
"7014853",371857,2025-08-01 20:28:21,43.3518562316895,-8.42409038543701,"Unknown"
"7014853",371857,2025-08-01 20:33:16,43.351879119873,-8.42424297332764,"Unknown"
"7014853",371857,2025-08-01 20:38:38,43.3518905639648,-8.42413902282715,"Unknown"
"7014853",371857,2025-08-02 01:39:06,43.3519973754883,-8.42469024658203,"Unknown"
"7014853",371857,2025-08-02 05:30:05,43.3518676757812,-8.42501735687256,"Unknown"
"7014853",371857,2025-08-02 05:34:31,43.3523025512695,-8.42471981048584,"Unknown"
"7014853",371857,2025-08-02 05:39:32,43.3523941040039,-8.42468547821045,"Unknown"
"7014853",371857,2025-08-02 05:44:37,43.3525047302246,-8.42476367950439,"Unknown"
"7014853",371857,2025-08-02 05:49:36,43.3521995544434,-8.42480659484863,"Unknown"
"7014853",371857,2025-08-02 05:54:40,43.3520126342773,-8.42516803741455,"Unknown"
"7014853",371857,2025-08-02 05:59:31,43.3520355224609,-8.42499923706055,"Unknown"
"7014853",371857,2025-08-02 06:04:31,43.3521423339844,-8.42517280578613,"Unknown"
"7014853",371857,2025-08-02 06:09:31,43.3519325256348,-8.42484569549561,"Unknown"
"7014853",371857,2025-08-02 06:14:31,43.3518867492676,-8.42474746704102,"Unknown"
"7014853",371857,2025-08-02 06:19:31,43.3519706726074,-8.42491149902344,"Unknown"
"7014853",371857,2025-08-02 06:24:32,43.3520317077637,-8.42489814758301,"Unknown"
"7014853",371857,2025-08-02 06:29:31,43.3558921813965,-8.45647525787354,"Unknown"
"7014853",371857,2025-08-02 06:34:32,43.3562202453613,-8.45700931549072,"Unknown"
"7014853",371857,2025-08-02 06:39:31,43.3563690185547,-8.45697212219238,"Unknown"
"7014853",371857,2025-08-02 06:44:31,43.3562278747559,-8.45703601837158,"Unknown"
"7014853",371857,2025-08-02 06:49:44,43.3562088012695,-8.45695018768311,"Unknown"
"7014853",371857,2025-08-02 06:54:36,43.3562088012695,-8.45695781707764,"Unknown"
"7014853",371857,2025-08-02 06:59:37,43.3561782836914,-8.45677280426025,"Unknown"
"7014853",371857,2025-08-02 07:04:37,43.3562431335449,-8.45693588256836,"Unknown"
"7014853",371857,2025-08-02 07:09:37,43.3562545776367,-8.45669937133789,"Unknown"
"7014853",371857,2025-08-02 07:14:36,43.3565788269043,-8.45798397064209,"Unknown"
"7014853",371857,2025-08-02 07:19:36,43.3566131591797,-8.45810127258301,"Unknown"
"7014853",371857,2025-08-02 07:24:33,43.3566856384277,-8.45766067504883,"Unknown"
"7014853",371857,2025-08-02 07:29:38,43.3563117980957,-8.45658493041992,"Unknown"
"7014853",371857,2025-08-02 07:34:38,43.3562469482422,-8.4562816619873,"Unknown"
"7014853",371857,2025-08-02 07:39:38,43.3562469482422,-8.45636749267578,"Unknown"
"7014853",371857,2025-08-02 07:44:38,43.3564529418945,-8.45763301849365,"Unknown"
"7014853",371857,2025-08-02 07:49:44,43.3564567565918,-8.45699882507324,"Unknown"
"7014853",371857,2025-08-02 07:54:31,43.3558464050293,-8.45748615264893,"Unknown"
"7014853",371857,2025-08-02 07:59:37,43.3561019897461,-8.45787334442139,"Unknown"
"7014853",371857,2025-08-02 08:04:36,43.3558387756348,-8.45785331726074,"Unknown"
"7014853",371857,2025-08-02 08:09:33,43.3557891845703,-8.45789241790771,"Unknown"
"7014853",371857,2025-08-02 08:14:35,43.3557777404785,-8.45791435241699,"Unknown"
"7014853",371857,2025-08-02 08:19:35,43.3564720153809,-8.4572229385376,"Unknown"
"7014853",371857,2025-08-02 08:24:36,43.3563575744629,-8.45711803436279,"Unknown"
"7014853",371857,2025-08-02 08:29:35,43.3564987182617,-8.45711040496826,"Unknown"
"7014853",371857,2025-08-02 08:34:33,43.356517791748,-8.45720386505127,"Unknown"
"7014853",371857,2025-08-02 08:39:35,43.3565559387207,-8.45724201202393,"Unknown"
"7014853",371857,2025-08-02 08:44:31,43.3596649169922,-8.46213245391846,"Unknown"
"7014853",371857,2025-08-02 08:50:14,43.3649978637695,-8.48357105255127,"Unknown"
"7014853",371857,2025-08-02 08:54:31,43.3650016784668,-8.48397159576416,"Unknown"
"7014853",371857,2025-08-02 08:59:31,43.3650131225586,-8.48438167572021,"Unknown"
"7014853",371857,2025-08-02 09:04:33,43.3650436401367,-8.484619140625,"Unknown"
"7014853",371857,2025-08-02 09:09:33,43.3650856018066,-8.48555469512939,"Unknown"
"7014853",371857,2025-08-02 09:14:39,43.364818572998,-8.48601150512695,"Unknown"
"7014853",371857,2025-08-02 09:19:31,43.3602600097656,-8.49209403991699,"Unknown"
"7014853",371857,2025-08-02 09:24:33,43.3398132324219,-8.53970336914062,"Unknown"
"7014853",371857,2025-08-02 09:29:36,43.3342437744141,-8.54324245452881,"Unknown"
"7014853",371857,2025-08-02 09:34:37,43.3344306945801,-8.5459623336792,"Unknown"
"7014853",371857,2025-08-02 09:39:38,43.3321189880371,-8.54811859130859,"Unknown"
"7014853",371857,2025-08-02 09:44:32,43.3202705383301,-8.57215690612793,"Unknown"
"7014853",371857,2025-08-02 09:49:44,43.3208618164062,-8.59276962280273,"Unknown"
"7014853",371857,2025-08-02 09:54:31,43.321475982666,-8.60680675506592,"Unknown"
"7014853",371857,2025-08-02 09:59:31,43.3198623657227,-8.62315464019775,"Unknown"
"7014853",371857,2025-08-02 10:05:05,43.31689453125,-8.62009811401367,"Unknown"
"7014853",371857,2025-08-02 10:09:32,43.316764831543,-8.62009048461914,"Unknown"
"7014853",371857,2025-08-02 10:14:48,43.3165321350098,-8.61975955963135,"Unknown"
"7014853",371857,2025-08-02 10:19:32,43.3165321350098,-8.61971855163574,"Unknown"
"7014853",371857,2025-08-02 10:24:36,43.3165969848633,-8.61955547332764,"Unknown"
"7014853",371857,2025-08-02 10:29:31,43.3166351318359,-8.61975002288818,"Unknown"
"7014853",371857,2025-08-02 10:34:31,43.3167037963867,-8.61922550201416,"Unknown"
"7014853",371857,2025-08-02 10:39:32,43.3204307556152,-8.62549781799316,"Unknown"
"7014853",371857,2025-08-02 10:44:32,43.3216285705566,-8.62628078460693,"Unknown"
"7014853",371857,2025-08-02 10:49:44,43.3164405822754,-8.61823654174805,"Unknown"
"7014853",371857,2025-08-02 10:54:37,43.315788269043,-8.6167106628418,"Unknown"
"7014853",371857,2025-08-02 10:59:36,43.3145561218262,-8.61196613311768,"Unknown"
"7014853",371857,2025-08-02 11:05:05,43.3177375793457,-8.60336303710938,"Unknown"
"7014853",371857,2025-08-02 11:09:40,43.3206214904785,-8.59115314483643,"Unknown"
"7014853",371857,2025-08-02 11:14:38,43.3206481933594,-8.59116268157959,"Unknown"
"7014853",371857,2025-08-02 11:19:41,43.3205070495605,-8.59114742279053,"Unknown"
"7014853",371857,2025-08-02 11:24:34,43.320728302002,-8.5907564163208,"Unknown"
"7014853",371857,2025-08-02 11:29:32,43.3159141540527,-8.61646366119385,"Unknown"
"7014853",371857,2025-08-02 11:34:32,43.3175506591797,-8.60458087921143,"Unknown"
"7014853",371857,2025-08-02 11:39:38,43.321044921875,-8.59129238128662,"Unknown"
"7014853",371857,2025-08-02 11:44:38,43.3211669921875,-8.59090995788574,"Unknown"
"7014853",371857,2025-08-02 11:49:33,43.3210334777832,-8.59123802185059,"Unknown"
"7014853",371857,2025-08-02 11:54:36,43.3211097717285,-8.59127330780029,"Unknown"
"7014853",371857,2025-08-02 11:59:33,43.3210220336914,-8.59122180938721,"Unknown"
"7014853",371857,2025-08-02 12:04:42,43.321044921875,-8.5912446975708,"Unknown"
"7014853",371857,2025-08-02 12:09:33,43.3209800720215,-8.59203720092773,"Unknown"
"7014853",371857,2025-08-02 12:14:33,43.3191947937012,-8.58917903900146,"Unknown"
"7014853",371857,2025-08-02 12:19:33,43.3185653686523,-8.59870052337646,"Unknown"
"7014853",371857,2025-08-02 12:24:54,43.3168830871582,-8.63582897186279,"Unknown"
"7014853",371857,2025-08-02 12:29:33,43.3146514892578,-8.6401195526123,"Unknown"
"7014853",371857,2025-08-02 12:34:37,43.3073387145996,-8.63680839538574,"Unknown"
"7014853",371857,2025-08-02 12:39:35,43.3150291442871,-8.61233806610107,"Unknown"
"7014853",371857,2025-08-02 12:44:39,43.3158569335938,-8.58423137664795,"Unknown"
"7014853",371857,2025-08-02 12:49:38,43.3115081787109,-8.55292892456055,"Unknown"
"7014853",371857,2025-08-02 12:54:38,43.3153495788574,-8.53511905670166,"Unknown"
"7014853",371857,2025-08-02 12:59:33,43.3223419189453,-8.51242637634277,"Unknown"
"7014853",371857,2025-08-02 13:04:36,43.3234024047852,-8.49742221832275,"Unknown"
"7014853",371857,2025-08-02 13:09:42,43.3232383728027,-8.49759769439697,"Unknown"
"7014853",371857,2025-08-02 13:14:39,43.3342895507812,-8.51040554046631,"Unknown"
"7014853",371857,2025-08-02 13:19:37,43.3342514038086,-8.510329246521,"Unknown"
"7014853",371857,2025-08-02 13:24:39,43.3343811035156,-8.51045894622803,"Unknown"
"7014853",371857,2025-08-02 13:29:43,43.3345031738281,-8.51059532165527,"Unknown"
"7014853",371857,2025-08-02 13:34:34,43.3451385498047,-8.52848243713379,"Unknown"
"7014853",371857,2025-08-02 13:40:34,43.3557205200195,-8.51578235626221,"Unknown"
"7014853",371857,2025-08-02 13:44:38,43.3562622070312,-8.50610542297363,"Unknown"
"7014853",371857,2025-08-02 13:55:55,43.3531227111816,-8.47987270355225,"Unknown"
"7014853",371857,2025-08-02 13:59:39,43.353141784668,-8.47976779937744,"Unknown"
"7014853",371857,2025-08-02 14:04:36,43.3532066345215,-8.47977542877197,"Unknown"
"7014853",371857,2025-08-02 14:09:33,43.3600769042969,-8.46264934539795,"Unknown"
"7014853",371857,2025-08-02 14:15:14,43.366756439209,-8.45815181732178,"Unknown"
"7014853",371857,2025-08-02 14:19:33,43.3668518066406,-8.45797729492188,"Unknown"
"7014853",371857,2025-08-02 14:24:35,43.366756439209,-8.45814418792725,"Unknown"
"7014853",371857,2025-08-02 14:29:32,43.366813659668,-8.4581241607666,"Unknown"
"7014853",371857,2025-08-02 14:34:33,43.3667526245117,-8.45810413360596,"Unknown"
"7014853",371857,2025-08-02 14:39:33,43.3668365478516,-8.45793533325195,"Unknown"
"7014853",371857,2025-08-02 14:44:35,43.3667602539062,-8.45807266235352,"Unknown"
"7014853",371857,2025-08-02 14:49:51,43.36669921875,-8.45825386047363,"Unknown"
"7014853",371857,2025-08-02 14:54:36,43.3668251037598,-8.45821094512939,"Unknown"
"7014853",371857,2025-08-02 14:59:39,43.3667907714844,-8.45782279968262,"Unknown"
"7014853",371857,2025-08-02 15:04:39,43.366813659668,-8.45808410644531,"Unknown"
"7014853",371857,2025-08-02 15:09:33,43.3667907714844,-8.45792675018311,"Unknown"
"7014853",371857,2025-08-02 15:14:35,43.3668365478516,-8.45815658569336,"Unknown"
"7014853",371857,2025-08-02 15:19:37,43.3668670654297,-8.45803260803223,"Unknown"
"7014853",371857,2025-08-02 15:24:35,43.3668022155762,-8.45805263519287,"Unknown"
"7014853",371857,2025-08-02 15:29:32,43.3668937683105,-8.45806312561035,"Unknown"
"7014853",371857,2025-08-02 15:34:33,43.3668518066406,-8.45800304412842,"Unknown"
"7014853",371857,2025-08-02 15:39:37,43.3668479919434,-8.45818042755127,"Unknown"
"7014853",371857,2025-08-02 15:44:32,43.3669319152832,-8.45801734924316,"Unknown"
"7014853",371857,2025-08-02 15:49:44,43.3669242858887,-8.45807361602783,"Unknown"
"7014853",371857,2025-08-02 15:54:36,43.3668556213379,-8.45812129974365,"Unknown"
"7014853",371857,2025-08-02 15:59:38,43.3669319152832,-8.4581937789917,"Unknown"
"7014853",371857,2025-08-02 16:04:37,43.3669281005859,-8.45802688598633,"Unknown"
"7014853",371857,2025-08-02 16:09:38,43.3669128417969,-8.45828056335449,"Unknown"
"7014853",371857,2025-08-02 16:14:37,43.3670845031738,-8.45848655700684,"Unknown"
"7014853",371857,2025-08-02 16:19:38,43.3669624328613,-8.4578971862793,"Unknown"
"7014853",371857,2025-08-02 16:24:50,43.3668975830078,-8.45824146270752,"Unknown"
"7014853",371857,2025-08-02 16:29:43,43.366870880127,-8.45809555053711,"Unknown"
"7014853",371857,2025-08-02 16:34:36,43.366886138916,-8.45804595947266,"Unknown"
"7014853",371857,2025-08-02 16:39:37,43.3669815063477,-8.45815944671631,"Unknown"
"7014853",371857,2025-08-02 16:44:36,43.3669509887695,-8.45807075500488,"Unknown"
"7014853",371857,2025-08-02 16:50:05,43.3562431335449,-8.45712089538574,"Unknown"
"7014853",371857,2025-08-02 16:54:40,43.3563652038574,-8.45780467987061,"Unknown"
"7014853",371857,2025-08-02 16:59:38,43.3562278747559,-8.45769500732422,"Unknown"
"7014853",371857,2025-08-02 17:04:41,43.3561935424805,-8.45764827728271,"Unknown"
"7014853",371857,2025-08-02 17:09:38,43.3561973571777,-8.45781135559082,"Unknown"
"7014853",371857,2025-08-02 17:14:38,43.3562469482422,-8.45833396911621,"Unknown"
"7014853",371857,2025-08-02 17:19:42,43.3565711975098,-8.45702457427979,"Unknown"
"7014853",371857,2025-08-02 17:24:35,43.3627471923828,-8.45830059051514,"Unknown"
"7014853",371857,2025-08-02 17:29:42,43.3791999816895,-8.44156074523926,"Unknown"
"7014853",371857,2025-08-02 17:34:42,43.3825073242188,-8.45990943908691,"Unknown"
"7014853",371857,2025-08-02 17:40:57,43.3603210449219,-8.46341419219971,"Unknown"
"7014853",371857,2025-08-02 17:45:03,43.3564529418945,-8.45735931396484,"Unknown"
"7014853",371857,2025-08-02 17:49:44,43.3596420288086,-8.46179485321045,"Unknown"
"7014853",371857,2025-08-02 17:54:35,43.3564491271973,-8.45720863342285,"Unknown"
"7014853",371857,2025-08-02 17:59:41,43.3562545776367,-8.45679950714111,"Unknown"
"7014853",371857,2025-08-02 18:04:38,43.3565635681152,-8.45756053924561,"Unknown"
"7014853",371857,2025-08-02 18:09:39,43.3593940734863,-8.46093940734863,"Unknown"
"7014853",371857,2025-08-02 18:14:40,43.3605918884277,-8.49584484100342,"Unknown"
"7014853",371857,2025-08-02 18:19:39,43.343017578125,-8.54931735992432,"Unknown"
"7014853",371857,2025-08-02 18:24:35,43.336498260498,-8.56735038757324,"Unknown"
"7014853",371857,2025-08-02 18:29:33,43.3282165527344,-8.59422397613525,"Unknown"
"7014853",371857,2025-08-02 18:34:32,43.3278350830078,-8.60928630828857,"Unknown"
"7014853",371857,2025-08-02 18:40:35,43.3241157531738,-8.61077880859375,"Unknown"
"7014853",371857,2025-08-02 18:44:32,43.3176651000977,-8.60284900665283,"Unknown"
"7014853",371857,2025-08-02 18:50:29,43.3205299377441,-8.59099388122559,"Unknown"
"7014853",371857,2025-08-02 18:54:33,43.3208236694336,-8.59100341796875,"Unknown"
"7014853",371857,2025-08-02 18:59:32,43.3202056884766,-8.59101963043213,"Unknown"
"7014853",371857,2025-08-02 19:04:33,43.3207550048828,-8.59121513366699,"Unknown"
"7014853",371857,2025-08-02 19:09:44,43.3209533691406,-8.59117031097412,"Unknown"
"7014853",371857,2025-08-02 19:14:40,43.3209419250488,-8.59144115447998,"Unknown"
"7014853",371857,2025-08-02 19:19:39,43.3210716247559,-8.59111404418945,"Unknown"
"7014853",371857,2025-08-02 19:24:40,43.3206939697266,-8.59109687805176,"Unknown"
"7014853",371857,2025-08-02 19:29:38,43.3206634521484,-8.5911693572998,"Unknown"
"7014853",371857,2025-08-02 19:34:38,43.3206672668457,-8.59120464324951,"Unknown"
"7014853",371857,2025-08-02 19:39:38,43.3207130432129,-8.59117984771729,"Unknown"
"7014853",371857,2025-08-02 19:44:36,43.3209037780762,-8.59144020080566,"Unknown"
"7014853",371857,2025-08-02 19:49:44,43.3130912780762,-8.56171226501465,"Unknown"
"7014853",371857,2025-08-02 19:54:32,43.3156623840332,-8.54074287414551,"Unknown"
"7014853",371857,2025-08-02 19:59:33,43.3270111083984,-8.5206470489502,"Unknown"
"7014853",371857,2025-08-02 20:04:33,43.3417701721191,-8.51827812194824,"Unknown"
"7014853",371857,2025-08-02 20:09:36,43.3480758666992,-8.53057384490967,"Unknown"
"7014853",371857,2025-08-02 20:14:37,43.3481674194336,-8.53046226501465,"Unknown"
"7014853",371857,2025-08-02 20:19:37,43.3481597900391,-8.53050899505615,"Unknown"
"7014853",371857,2025-08-02 20:24:40,43.3481941223145,-8.53049564361572,"Unknown"
"7014853",371857,2025-08-02 20:29:33,43.351245880127,-8.52638053894043,"Unknown"
"7014853",371857,2025-08-02 20:34:38,43.3523139953613,-8.5242166519165,"Unknown"
"7014853",371857,2025-08-02 20:37:56,43.3522872924805,-8.52414131164551,"Unknown"
"7014853",371857,2025-08-03 01:38:53,43.354434967041,-8.51972770690918,"Unknown"
"7014853",371857,2025-08-03 05:31:29,43.3152160644531,-8.6110897064209,"Unknown"
"7014853",371857,2025-08-03 05:35:40,43.3154411315918,-8.61095333099365,"Unknown"
"7014853",371857,2025-08-03 05:40:45,43.3162689208984,-8.60950660705566,"Unknown"
"7014853",371857,2025-08-03 05:46:05,43.3165130615234,-8.60927963256836,"Unknown"
"7014853",371857,2025-08-03 05:50:45,43.3164596557617,-8.60943126678467,"Unknown"
"7014853",371857,2025-08-03 05:55:41,43.3164138793945,-8.60933303833008,"Unknown"
"7014853",371857,2025-08-03 06:00:41,43.3162689208984,-8.60916900634766,"Unknown"
"7014853",371857,2025-08-03 06:05:40,43.3162689208984,-8.60912036895752,"Unknown"
"7014853",371857,2025-08-03 06:10:41,43.316104888916,-8.60915565490723,"Unknown"
"7014853",371857,2025-08-03 06:15:40,43.3162269592285,-8.60910511016846,"Unknown"
"7014853",371857,2025-08-03 06:20:49,43.3176383972168,-8.60564517974854,"Unknown"
"7014853",371857,2025-08-03 06:25:40,43.3176345825195,-8.60471439361572,"Unknown"
"7014853",371857,2025-08-03 06:32:05,43.3204879760742,-8.59415817260742,"Unknown"
"7014853",371857,2025-08-03 06:37:05,43.320442199707,-8.59416007995605,"Unknown"
"7014853",371857,2025-08-03 06:42:05,43.3204612731934,-8.59414863586426,"Unknown"
"7014853",371857,2025-08-03 06:45:43,43.3203926086426,-8.59414386749268,"Unknown"
"7014853",371857,2025-08-03 06:50:49,43.320442199707,-8.59412384033203,"Unknown"
"7014853",371857,2025-08-03 06:55:44,43.3204460144043,-8.59415245056152,"Unknown"
"7014853",371857,2025-08-03 07:00:46,43.320556640625,-8.59431171417236,"Unknown"
"7014853",371857,2025-08-03 07:05:42,43.3204460144043,-8.5941858291626,"Unknown"
"7014853",371857,2025-08-03 07:10:41,43.3206253051758,-8.59402942657471,"Unknown"
"7014853",371857,2025-08-03 07:15:40,43.3208084106445,-8.59425163269043,"Unknown"
"7014853",371857,2025-08-03 07:20:40,43.3206825256348,-8.59405994415283,"Unknown"
"7014853",371857,2025-08-03 07:25:41,43.3205604553223,-8.59385776519775,"Unknown"
"7014853",371857,2025-08-03 07:31:14,43.3207359313965,-8.59395885467529,"Unknown"
"7014853",371857,2025-08-03 07:35:41,43.3205833435059,-8.59376811981201,"Unknown"
"7014853",371857,2025-08-03 07:40:42,43.3202705383301,-8.59338760375977,"Unknown"
"7014853",371857,2025-08-03 07:45:49,43.3206253051758,-8.59390068054199,"Unknown"
"7014853",371857,2025-08-03 07:50:40,43.3188743591309,-8.60527610778809,"Unknown"
"7014853",371857,2025-08-03 07:55:40,43.3176193237305,-8.63914012908936,"Unknown"
"7014853",371857,2025-08-03 08:00:41,43.3213958740234,-8.67835426330566,"Unknown"
"7014853",371857,2025-08-03 08:05:40,43.334041595459,-8.69461822509766,"Unknown"
"7014853",371857,2025-08-03 08:10:45,43.3435287475586,-8.70191669464111,"Unknown"
"7014853",371857,2025-08-03 08:15:46,43.3433723449707,-8.7022123336792,"Unknown"
"7014853",371857,2025-08-03 08:20:45,43.3437271118164,-8.70206832885742,"Unknown"
"7014853",371857,2025-08-03 08:25:51,43.3434104919434,-8.70183563232422,"Unknown"
"7014853",371857,2025-08-03 08:30:45,43.3432235717773,-8.70134258270264,"Unknown"
"7014853",371857,2025-08-03 08:35:42,43.348258972168,-8.70333385467529,"Unknown"
"7014853",371857,2025-08-03 08:41:53,43.3519706726074,-8.70504570007324,"Unknown"
"7014853",371857,2025-08-03 08:45:40,43.351936340332,-8.70507717132568,"Unknown"
"7014853",371857,2025-08-03 08:50:41,43.3518218994141,-8.70501232147217,"Unknown"
"7014853",371857,2025-08-03 08:55:40,43.3518295288086,-8.70492839813232,"Unknown"
"7014853",371857,2025-08-03 09:00:40,43.3520889282227,-8.70368194580078,"Unknown"
"7014853",371857,2025-08-03 09:05:40,43.3459968566895,-8.6928243637085,"Unknown"
"7014853",371857,2025-08-03 09:10:40,43.328727722168,-8.67108726501465,"Unknown"
"7014853",371857,2025-08-03 09:15:40,43.315731048584,-8.64274501800537,"Unknown"
"7014853",371857,2025-08-03 09:20:41,43.317943572998,-8.61900329589844,"Unknown"
"7014853",371857,2025-08-03 09:25:40,43.3207855224609,-8.59048652648926,"Unknown"
"7014853",371857,2025-08-03 09:30:52,43.3211212158203,-8.59157848358154,"Unknown"
"7014853",371857,2025-08-03 09:35:45,43.3212623596191,-8.59128570556641,"Unknown"
"7014853",371857,2025-08-03 09:40:55,43.321475982666,-8.59108924865723,"Unknown"
"7014853",371857,2025-08-03 09:46:14,43.3213653564453,-8.59157848358154,"Unknown"
"7014853",371857,2025-08-03 09:50:43,43.3215065002441,-8.59116363525391,"Unknown"
"7014853",371857,2025-08-03 09:55:42,43.3210639953613,-8.59148025512695,"Unknown"
"7014853",371857,2025-08-03 10:00:52,43.3212013244629,-8.59138011932373,"Unknown"
"7014853",371857,2025-08-03 10:05:46,43.3211669921875,-8.59134769439697,"Unknown"
"7014853",371857,2025-08-03 10:10:46,43.3211669921875,-8.59127426147461,"Unknown"
"7014853",371857,2025-08-03 10:15:44,43.3210868835449,-8.59145069122314,"Unknown"
"7014853",371857,2025-08-03 10:20:54,43.3212394714355,-8.59146690368652,"Unknown"
"7014853",371857,2025-08-03 10:25:43,43.3212547302246,-8.59134674072266,"Unknown"
"7014853",371857,2025-08-03 10:31:24,43.3212051391602,-8.59141635894775,"Unknown"
"7014853",371857,2025-08-03 10:36:29,43.3212089538574,-8.59143829345703,"Unknown"
"7014853",371857,2025-08-03 10:40:41,43.3213310241699,-8.59140777587891,"Unknown"
"7014853",371857,2025-08-03 10:45:41,43.3208503723145,-8.59242534637451,"Unknown"
"7014853",371857,2025-08-03 10:50:54,43.3210220336914,-8.59139823913574,"Unknown"
"7014853",371857,2025-08-03 10:56:02,43.3210563659668,-8.5913724899292,"Unknown"
"7014853",371857,2025-08-03 11:00:46,43.3209915161133,-8.59140968322754,"Unknown"
"7014853",371857,2025-08-03 11:05:42,43.3210334777832,-8.59139823913574,"Unknown"
"7014853",371857,2025-08-03 11:10:43,43.3209381103516,-8.59137439727783,"Unknown"
"7014853",371857,2025-08-03 11:15:42,43.3209991455078,-8.59131336212158,"Unknown"
"7014853",371857,2025-08-03 11:20:56,43.3209457397461,-8.59131050109863,"Unknown"
"7014853",371857,2025-08-03 11:25:42,43.3157806396484,-8.56662368774414,"Unknown"
"7014853",371857,2025-08-03 11:30:48,43.3158950805664,-8.53801536560059,"Unknown"
"7014853",371857,2025-08-03 11:35:41,43.3219680786133,-8.51490116119385,"Unknown"
"7014853",371857,2025-08-03 11:40:41,43.3345489501953,-8.50387001037598,"Unknown"
"7014853",371857,2025-08-03 11:45:45,43.3432769775391,-8.50318813323975,"Unknown"
"7014853",371857,2025-08-03 11:50:42,43.3560066223145,-8.49871921539307,"Unknown"
"7014853",371857,2025-08-03 11:55:41,43.3522186279297,-8.47795486450195,"Unknown"
"7014853",371857,2025-08-03 12:02:05,43.3521537780762,-8.47778797149658,"Unknown"
"7014853",371857,2025-08-03 12:06:35,43.352180480957,-8.47772026062012,"Unknown"
"7014853",371857,2025-08-03 12:10:43,43.3522033691406,-8.47765922546387,"Unknown"
"7014853",371857,2025-08-03 12:15:46,43.3519973754883,-8.47752285003662,"Unknown"
"7014853",371857,2025-08-03 12:20:51,43.3539810180664,-8.45856094360352,"Unknown"
"7014853",371857,2025-08-03 12:26:13,43.3540954589844,-8.45863914489746,"Unknown"
"7014853",371857,2025-08-03 12:40:42,43.3540573120117,-8.45871734619141,"Unknown"
"7014853",371857,2025-08-03 12:56:34,43.3539199829102,-8.45856666564941,"Unknown"
"7014853",371857,2025-08-03 13:00:46,43.3409385681152,-8.45385551452637,"Unknown"
"7014853",371857,2025-08-03 13:05:45,43.3407402038574,-8.45362949371338,"Unknown"
"7014853",371857,2025-08-03 13:10:41,43.3410949707031,-8.45335578918457,"Unknown"
"7014853",371857,2025-08-03 13:15:54,43.3469581604004,-8.44016075134277,"Unknown"
"7014853",371857,2025-08-03 13:20:49,43.3464965820312,-8.4397668838501,"Unknown"
"7014853",371857,2025-08-03 13:25:43,43.3467445373535,-8.43988418579102,"Unknown"
"7014853",371857,2025-08-03 13:30:45,43.3467254638672,-8.44015216827393,"Unknown"
"7014853",371857,2025-08-03 13:35:51,43.3468246459961,-8.43982410430908,"Unknown"
"7014853",371857,2025-08-03 13:40:59,43.3468208312988,-8.43975448608398,"Unknown"
"7014853",371857,2025-08-03 13:45:44,43.3471946716309,-8.44035625457764,"Unknown"
"7014853",371857,2025-08-03 13:50:56,43.3467330932617,-8.43972969055176,"Unknown"
"7014853",371857,2025-08-03 13:55:56,43.3469085693359,-8.43996620178223,"Unknown"
"7014853",371857,2025-08-03 14:01:35,43.3502960205078,-8.42753982543945,"Unknown"
"7014853",371857,2025-08-03 14:05:44,43.3500061035156,-8.42818832397461,"Unknown"
"7014853",371857,2025-08-03 14:10:42,43.3501815795898,-8.42775249481201,"Unknown"
"7014853",371857,2025-08-03 14:15:42,43.3517799377441,-8.42429161071777,"Unknown"
"7014853",371857,2025-08-03 14:20:42,43.3517570495605,-8.4243631362915,"Unknown"
"7014853",371857,2025-08-03 14:25:43,43.3518562316895,-8.42428112030029,"Unknown"
"7014853",371857,2025-08-03 14:30:52,43.3518714904785,-8.4242525100708,"Unknown"
"7014853",371857,2025-08-03 14:35:46,43.3518104553223,-8.42429542541504,"Unknown"
"7014853",371857,2025-08-03 14:40:42,43.3517951965332,-8.42429161071777,"Unknown"
"7014853",371857,2025-08-03 14:46:03,43.3518562316895,-8.42432117462158,"Unknown"
"7014853",371857,2025-08-03 14:50:50,43.3518218994141,-8.42437744140625,"Unknown"
"7014853",371857,2025-08-03 14:56:07,43.3517379760742,-8.4243860244751,"Unknown"
"7014853",371857,2025-08-03 15:00:43,43.3517608642578,-8.42435455322266,"Unknown"
"7014853",371857,2025-08-03 15:05:45,43.3516311645508,-8.42451095581055,"Unknown"
"7014853",371857,2025-08-03 15:10:43,43.351619720459,-8.4244556427002,"Unknown"
"7014853",371857,2025-08-03 15:15:49,43.3526191711426,-8.42722511291504,"Unknown"
"7014853",371857,2025-08-03 15:20:43,43.3524971008301,-8.42744255065918,"Unknown"
"7014853",371857,2025-08-03 15:25:47,43.3526420593262,-8.42728996276855,"Unknown"
"7014853",371857,2025-08-03 15:30:43,43.3525085449219,-8.42730903625488,"Unknown"
"7014853",371857,2025-08-03 15:35:47,43.3525505065918,-8.42736434936523,"Unknown"
"7014853",371857,2025-08-03 15:41:05,43.3525428771973,-8.42734622955322,"Unknown"
"7014853",371857,2025-08-03 15:45:43,43.3524894714355,-8.42740154266357,"Unknown"
"7014853",371857,2025-08-03 15:50:43,43.3527526855469,-8.42800426483154,"Unknown"
"7014853",371857,2025-08-03 15:55:52,43.3521614074707,-8.42658615112305,"Unknown"
"7014853",371857,2025-08-03 16:00:42,43.3521270751953,-8.42661094665527,"Unknown"
"7014853",371857,2025-08-03 16:05:42,43.3521575927734,-8.4266242980957,"Unknown"
"7014853",371857,2025-08-03 16:10:42,43.3521842956543,-8.42663097381592,"Unknown"
"7014853",371857,2025-08-03 16:15:43,43.3520736694336,-8.42659664154053,"Unknown"
"7014853",371857,2025-08-03 16:20:43,43.3521919250488,-8.42654609680176,"Unknown"
"7014853",371857,2025-08-03 16:25:42,43.3521385192871,-8.42656993865967,"Unknown"
"7014853",371857,2025-08-03 16:30:43,43.3521537780762,-8.42661571502686,"Unknown"
"7014853",371857,2025-08-03 16:35:43,43.3521537780762,-8.42658615112305,"Unknown"
"7014853",371857,2025-08-03 16:40:42,43.352165222168,-8.42663097381592,"Unknown"
"7014853",371857,2025-08-03 16:45:42,43.3520278930664,-8.42661666870117,"Unknown"
"7014853",371857,2025-08-03 16:50:43,43.3512916564941,-8.42721366882324,"Unknown"
"7014853",371857,2025-08-03 16:55:42,43.3499946594238,-8.42733097076416,"Unknown"
"7014853",371857,2025-08-03 17:00:43,43.35009765625,-8.42788887023926,"Unknown"
"7014853",371857,2025-08-03 17:05:46,43.3502197265625,-8.42778491973877,"Unknown"
"7014853",371857,2025-08-03 17:10:42,43.3524169921875,-8.42696094512939,"Unknown"
"7014853",371857,2025-08-03 17:15:42,43.3524169921875,-8.42696094512939,"Unknown"
"7014853",371857,2025-08-03 17:20:43,43.3524322509766,-8.4270191192627,"Unknown"
"7014853",371857,2025-08-03 17:25:45,43.3519287109375,-8.42570781707764,"Unknown"
"7014853",371857,2025-08-03 17:30:43,43.3523406982422,-8.42691230773926,"Unknown"
"7014853",371857,2025-08-03 17:35:46,43.3524322509766,-8.42696762084961,"Unknown"
"7014853",371857,2025-08-03 17:40:45,43.3501243591309,-8.42774868011475,"Unknown"
"7014853",371857,2025-08-03 17:45:46,43.3502426147461,-8.42784595489502,"Unknown"
"7014853",371857,2025-08-03 17:50:44,43.3503074645996,-8.42812347412109,"Unknown"
"7014853",371857,2025-08-03 17:55:47,43.3502807617188,-8.42803859710693,"Unknown"
"7014853",371857,2025-08-03 18:00:53,43.3503341674805,-8.42815589904785,"Unknown"
"7014853",371857,2025-08-03 18:05:48,43.3503494262695,-8.42800426483154,"Unknown"
"7014853",371857,2025-08-03 18:10:52,43.3504104614258,-8.42816829681396,"Unknown"
"7014853",371857,2025-08-03 18:15:53,43.3507308959961,-8.42797088623047,"Unknown"
"7014853",371857,2025-08-03 18:20:58,43.3509674072266,-8.43646430969238,"Unknown"
"7014853",371857,2025-08-03 18:25:45,43.3506507873535,-8.43777656555176,"Unknown"
"7014853",371857,2025-08-03 18:30:49,43.3495063781738,-8.43673419952393,"Unknown"
"7014853",371857,2025-08-03 18:35:53,43.3496856689453,-8.43670082092285,"Unknown"
"7014853",371857,2025-08-03 18:41:05,43.3496017456055,-8.43693351745605,"Unknown"
"7014853",371857,2025-08-03 18:45:49,43.349910736084,-8.43758869171143,"Unknown"
"7014853",371857,2025-08-03 18:51:05,43.3495216369629,-8.43673896789551,"Unknown"
"7014853",371857,2025-08-03 18:55:43,43.3494873046875,-8.43690776824951,"Unknown"
"7014853",371857,2025-08-03 19:00:43,43.3496322631836,-8.4368896484375,"Unknown"
"7014853",371857,2025-08-03 19:05:43,43.3559951782227,-8.45708465576172,"Unknown"
"7014853",371857,2025-08-03 19:10:44,43.3563385009766,-8.45692348480225,"Unknown"
"7014853",371857,2025-08-03 19:15:43,43.3562355041504,-8.45705604553223,"Unknown"
"7014853",371857,2025-08-03 19:20:45,43.3563652038574,-8.45694351196289,"Unknown"
"7014853",371857,2025-08-03 19:25:45,43.3564414978027,-8.45698833465576,"Unknown"
"7014853",371857,2025-08-03 19:30:45,43.3564682006836,-8.45707225799561,"Unknown"
"7014853",371857,2025-08-03 19:35:43,43.3564567565918,-8.45686626434326,"Unknown"
"7014853",371857,2025-08-03 19:40:42,43.3564033508301,-8.45705413818359,"Unknown"
"7014853",371857,2025-08-03 19:45:56,43.3559684753418,-8.45718193054199,"Unknown"
"7014853",371857,2025-08-03 19:50:50,43.3564643859863,-8.45732975006104,"Unknown"
"7014853",371857,2025-08-03 19:55:42,43.351016998291,-8.44479942321777,"Unknown"
"7014853",371857,2025-08-03 20:00:43,43.3728446960449,-8.46937084197998,"Unknown"
"7014853",371857,2025-08-03 20:05:43,43.3781852722168,-8.47116184234619,"Unknown"
"7014853",371857,2025-08-03 20:10:43,43.3782844543457,-8.47093677520752,"Unknown"
"7014853",371857,2025-08-03 20:15:45,43.3780517578125,-8.47109794616699,"Unknown"
"7014853",371857,2025-08-03 20:20:43,43.3760681152344,-8.45137119293213,"Unknown"
"7014853",371857,2025-08-03 20:25:43,43.3715209960938,-8.42318153381348,"Unknown"
"7014853",371857,2025-08-03 20:30:46,43.35205078125,-8.42445182800293,"Unknown"
"7014853",371857,2025-08-03 20:35:48,43.3519325256348,-8.42428016662598,"Unknown"
"7014853",371857,2025-08-04 01:36:44,43.3517875671387,-8.42429161071777,"Unknown"
"7014853",371857,2025-08-04 05:32:47,43.3539123535156,-8.45889759063721,"Unknown"
"7014853",371857,2025-08-04 05:37:14,43.3562927246094,-8.45725250244141,"Unknown"
"7014853",371857,2025-08-04 05:41:46,43.3564949035645,-8.45703792572021,"Unknown"
"7014853",371857,2025-08-04 05:46:49,43.3568382263184,-8.45687866210938,"Unknown"
"7014853",371857,2025-08-04 05:51:48,43.3557357788086,-8.45710563659668,"Unknown"
"7014853",371857,2025-08-04 05:57:01,43.3562698364258,-8.45711994171143,"Unknown"
"7014853",371857,2025-08-04 06:01:42,43.3564643859863,-8.45715427398682,"Unknown"
"7014853",371857,2025-08-04 06:06:46,43.3565254211426,-8.45689105987549,"Unknown"
"7014853",371857,2025-08-04 06:12:07,43.3568534851074,-8.45752334594727,"Unknown"
"7014853",371857,2025-08-04 06:16:46,43.355712890625,-8.45737552642822,"Unknown"
"7014853",371857,2025-08-04 06:21:51,43.356330871582,-8.45684146881104,"Unknown"
"7014853",371857,2025-08-04 06:26:52,43.3564949035645,-8.45729446411133,"Unknown"
"7014853",371857,2025-08-04 06:32:05,43.3563003540039,-8.45719623565674,"Unknown"
"7014853",371857,2025-08-04 06:36:49,43.3563766479492,-8.45736598968506,"Unknown"
"7014853",371857,2025-08-04 06:41:45,43.3564033508301,-8.4575366973877,"Unknown"
"7014853",371857,2025-08-04 06:46:52,43.356803894043,-8.45765018463135,"Unknown"
"7014853",371857,2025-08-04 06:51:49,43.3563804626465,-8.45715999603271,"Unknown"
"7014853",371857,2025-08-04 06:56:43,43.357593536377,-8.45739078521729,"Unknown"
"7014853",371857,2025-08-04 07:01:43,43.3523139953613,-8.4781322479248,"Unknown"
"7014853",371857,2025-08-04 07:06:43,43.3523025512695,-8.47793960571289,"Unknown"
"7014853",371857,2025-08-04 07:11:46,43.3524055480957,-8.47811508178711,"Unknown"
"7014853",371857,2025-08-04 07:16:47,43.3523406982422,-8.47801113128662,"Unknown"
"7014853",371857,2025-08-04 07:21:52,43.352367401123,-8.47777557373047,"Unknown"
"7014853",371857,2025-08-04 07:26:50,43.3524742126465,-8.47775459289551,"Unknown"
"7014853",371857,2025-08-04 07:31:58,43.3523750305176,-8.47789669036865,"Unknown"
"7014853",371857,2025-08-04 07:36:50,43.3523178100586,-8.47778511047363,"Unknown"
"7014853",371857,2025-08-04 07:41:47,43.3523178100586,-8.47705554962158,"Unknown"
"7014853",371857,2025-08-04 07:46:56,43.3522872924805,-8.4778413772583,"Unknown"
"7014853",371857,2025-08-04 07:51:49,43.3521461486816,-8.47653102874756,"Unknown"
"7014853",371857,2025-08-04 07:56:46,43.352237701416,-8.47626113891602,"Unknown"
"7014853",371857,2025-08-04 08:01:45,43.352165222168,-8.47725486755371,"Unknown"
"7014853",371857,2025-08-04 08:06:45,43.3522453308105,-8.47788238525391,"Unknown"
"7014853",371857,2025-08-04 08:11:46,43.3521614074707,-8.47751903533936,"Unknown"
"7014853",371857,2025-08-04 08:16:55,43.3522796630859,-8.47788906097412,"Unknown"
"7014853",371857,2025-08-04 08:21:49,43.3521842956543,-8.47766590118408,"Unknown"
"7014853",371857,2025-08-04 08:27:04,43.3521728515625,-8.47790336608887,"Unknown"
"7014853",371857,2025-08-04 08:32:02,43.3523178100586,-8.47803401947021,"Unknown"
"7014853",371857,2025-08-04 08:37:12,43.352367401123,-8.47792625427246,"Unknown"
"7014853",371857,2025-08-04 08:42:23,43.3523216247559,-8.47782707214355,"Unknown"
"7014853",371857,2025-08-04 08:46:51,43.3524398803711,-8.47794437408447,"Unknown"
"7014853",371857,2025-08-04 08:51:48,43.3522872924805,-8.47795391082764,"Unknown"
"7014853",371857,2025-08-04 08:56:48,43.3563995361328,-8.47280883789062,"Unknown"
"7014853",371857,2025-08-04 09:01:51,43.3564147949219,-8.45714092254639,"Unknown"
"7014853",371857,2025-08-04 09:06:55,43.3564071655273,-8.45719146728516,"Unknown"
"7014853",371857,2025-08-04 09:12:00,43.3564033508301,-8.45722579956055,"Unknown"
"7014853",371857,2025-08-04 09:16:51,43.3563270568848,-8.45741558074951,"Unknown"
"7014853",371857,2025-08-04 09:21:59,43.3562622070312,-8.45730686187744,"Unknown"
"7014853",371857,2025-08-04 09:26:55,43.3563537597656,-8.45718860626221,"Unknown"
"7014853",371857,2025-08-04 09:31:53,43.3564758300781,-8.45695877075195,"Unknown"
"7014853",371857,2025-08-04 09:36:56,43.3562088012695,-8.45735454559326,"Unknown"
"7014853",371857,2025-08-04 09:42:10,43.356273651123,-8.4572057723999,"Unknown"
"7014853",371857,2025-08-04 09:47:14,43.3564186096191,-8.4571590423584,"Unknown"
"7014853",371857,2025-08-04 09:51:51,43.3540992736816,-8.45636081695557,"Unknown"
"7014853",371857,2025-08-04 09:56:52,43.3566741943359,-8.45728588104248,"Unknown"
"7014853",371857,2025-08-04 10:02:01,43.3565444946289,-8.45718669891357,"Unknown"
"7014853",371857,2025-08-04 10:06:52,43.3574523925781,-8.45733451843262,"Unknown"
"7014853",371857,2025-08-04 10:11:51,43.3562164306641,-8.45711326599121,"Unknown"
"7014853",371857,2025-08-04 10:17:01,43.3561706542969,-8.45705032348633,"Unknown"
"7014853",371857,2025-08-04 10:21:50,43.3565292358398,-8.45712947845459,"Unknown"
"7014853",371857,2025-08-04 10:27:01,43.3562774658203,-8.45700454711914,"Unknown"
"7014853",371857,2025-08-04 10:32:23,43.3563194274902,-8.4569034576416,"Unknown"
"7014853",371857,2025-08-04 10:37:23,43.3562965393066,-8.45690059661865,"Unknown"
"7014853",371857,2025-08-04 10:41:51,43.3561630249023,-8.45700836181641,"Unknown"
"7014853",371857,2025-08-04 10:46:49,43.3562469482422,-8.4567756652832,"Unknown"
"7014853",371857,2025-08-04 10:51:49,43.3562545776367,-8.45683479309082,"Unknown"
"7014853",371857,2025-08-04 10:56:53,43.3564071655273,-8.45708560943604,"Unknown"
"7014853",371857,2025-08-04 11:01:49,43.356502532959,-8.45714282989502,"Unknown"
"7014853",371857,2025-08-04 11:06:50,43.3564300537109,-8.45712375640869,"Unknown"
"7014853",371857,2025-08-04 11:11:49,43.3562660217285,-8.4569616317749,"Unknown"
"7014853",371857,2025-08-04 11:16:54,43.356819152832,-8.45748329162598,"Unknown"
"7014853",371857,2025-08-04 11:21:49,43.3562927246094,-8.45697784423828,"Unknown"
"7014853",371857,2025-08-04 11:26:49,43.3563232421875,-8.45699501037598,"Unknown"
"7014853",371857,2025-08-04 11:31:50,43.3564033508301,-8.45713424682617,"Unknown"
"7014853",371857,2025-08-04 11:36:49,43.3562927246094,-8.45694446563721,"Unknown"
"7014853",371857,2025-08-04 11:41:49,43.3567352294922,-8.45756244659424,"Unknown"
"7014853",371857,2025-08-04 11:46:49,43.3562545776367,-8.45676231384277,"Unknown"
"7014853",371857,2025-08-04 11:51:54,43.3567085266113,-8.45737075805664,"Unknown"
"7014853",371857,2025-08-04 11:56:52,43.3562850952148,-8.45690536499023,"Unknown"
"7014853",371857,2025-08-04 12:02:14,43.3563499450684,-8.45698070526123,"Unknown"
"7014853",371857,2025-08-04 12:06:48,43.3565788269043,-8.45734405517578,"Unknown"
"7014853",371857,2025-08-04 12:11:55,43.3562507629395,-8.45701885223389,"Unknown"
"7014853",371857,2025-08-04 12:16:53,43.3560409545898,-8.45692443847656,"Unknown"
"7014853",371857,2025-08-04 12:21:55,43.3567695617676,-8.45757865905762,"Unknown"
"7014853",371857,2025-08-04 12:27:05,43.3563461303711,-8.45709705352783,"Unknown"
"7014853",371857,2025-08-04 12:31:55,43.3568840026855,-8.45739650726318,"Unknown"
"7014853",371857,2025-08-04 12:36:50,43.354175567627,-8.45792007446289,"Unknown"
"7014853",371857,2025-08-04 12:42:01,43.354362487793,-8.45794773101807,"Unknown"
"7014853",371857,2025-08-04 12:47:14,43.3560791015625,-8.45682525634766,"Unknown"
"7014853",371857,2025-08-04 12:51:58,43.3560028076172,-8.45677661895752,"Unknown"
"7014853",371857,2025-08-04 12:56:54,43.3566093444824,-8.45697212219238,"Unknown"
"7014853",371857,2025-08-04 13:02:35,43.3781776428223,-8.46170234680176,"Unknown"
"7014853",371857,2025-08-04 13:07:00,43.3778343200684,-8.46139526367188,"Unknown"
"7014853",371857,2025-08-04 13:13:05,43.3751564025879,-8.46662998199463,"Unknown"
"7014853",371857,2025-08-04 13:16:53,43.3754234313965,-8.4660701751709,"Unknown"
"7014853",371857,2025-08-04 13:21:56,43.3755950927734,-8.46686840057373,"Unknown"
"7014853",371857,2025-08-04 13:26:49,43.3753623962402,-8.46501922607422,"Unknown"
"7014853",371857,2025-08-04 13:32:44,43.3775291442871,-8.46361351013184,"Unknown"
"7014853",371857,2025-08-04 13:36:49,43.3783340454102,-8.46287155151367,"Unknown"
"7014853",371857,2025-08-04 13:42:08,43.3829689025879,-8.45750045776367,"Unknown"
"7014853",371857,2025-08-04 13:47:44,43.3844985961914,-8.44962406158447,"Unknown"
"7014853",371857,2025-08-04 13:52:15,43.3820037841797,-8.44743728637695,"Unknown"
"7014853",371857,2025-08-04 13:57:01,43.3819007873535,-8.44756126403809,"Unknown"
"7014853",371857,2025-08-04 14:02:01,43.3820571899414,-8.44756031036377,"Unknown"
"7014853",371857,2025-08-04 14:06:53,43.3821640014648,-8.44743061065674,"Unknown"
"7014853",371857,2025-08-04 14:11:50,43.382080078125,-8.4473991394043,"Unknown"
"7014853",371857,2025-08-04 14:16:58,43.381908416748,-8.44747734069824,"Unknown"
"7014853",371857,2025-08-04 14:21:56,43.3820419311523,-8.44749546051025,"Unknown"
"7014853",371857,2025-08-04 14:27:12,43.381965637207,-8.44748306274414,"Unknown"
"7014853",371857,2025-08-04 14:31:50,43.3819541931152,-8.44754028320312,"Unknown"
"7014853",371857,2025-08-04 14:36:53,43.3723106384277,-8.47193813323975,"Unknown"
"7014853",371857,2025-08-04 14:41:51,43.3734550476074,-8.46782207489014,"Unknown"
"7014853",371857,2025-08-04 14:53:05,43.366641998291,-8.48195266723633,"Unknown"
"7014853",371857,2025-08-04 14:56:52,43.3611221313477,-8.49113845825195,"Unknown"
"7014853",371857,2025-08-04 15:01:52,43.3609771728516,-8.49082374572754,"Unknown"
"7014853",371857,2025-08-04 15:07:23,43.3607177734375,-8.49132347106934,"Unknown"
"7014853",371857,2025-08-04 15:11:50,43.3610610961914,-8.49120140075684,"Unknown"
"7014853",371857,2025-08-04 15:16:53,43.3598861694336,-8.49235725402832,"Unknown"
"7014853",371857,2025-08-04 15:22:26,43.3608322143555,-8.49131870269775,"Unknown"
"7014853",371857,2025-08-04 15:26:49,43.3608703613281,-8.49149608612061,"Unknown"
"7014853",371857,2025-08-04 15:31:53,43.360767364502,-8.49136161804199,"Unknown"
"7014853",371857,2025-08-04 15:37:02,43.3609008789062,-8.49136543273926,"Unknown"
"7014853",371857,2025-08-04 15:42:07,43.3608779907227,-8.49143505096436,"Unknown"
"7014853",371857,2025-08-04 15:47:00,43.3609161376953,-8.49144554138184,"Unknown"
"7014853",371857,2025-08-04 15:51:55,43.3607597351074,-8.49115467071533,"Unknown"
"7014853",371857,2025-08-04 15:57:14,43.3608665466309,-8.49138069152832,"Unknown"
"7014853",371857,2025-08-04 16:01:51,43.3608131408691,-8.49138641357422,"Unknown"
"7014853",371857,2025-08-04 16:07:01,43.3607330322266,-8.49135971069336,"Unknown"
"7014853",371857,2025-08-04 16:11:48,43.3616485595703,-8.49267196655273,"Unknown"
"7014853",371857,2025-08-04 16:16:49,43.3645782470703,-8.48762035369873,"Unknown"
"7014853",371857,2025-08-04 16:21:48,43.3767433166504,-8.46992588043213,"Unknown"
"7014853",371857,2025-08-04 16:26:49,43.3784408569336,-8.46682453155518,"Unknown"
"7014853",371857,2025-08-04 16:31:48,43.3830490112305,-8.4508228302002,"Unknown"
"7014853",371857,2025-08-04 16:36:50,43.3820343017578,-8.44951248168945,"Unknown"
"7014853",371857,2025-08-04 16:41:51,43.3819198608398,-8.44891166687012,"Unknown"
"7014853",371857,2025-08-04 16:47:15,43.3824501037598,-8.44671726226807,"Unknown"
"7014853",371857,2025-08-04 16:51:49,43.382453918457,-8.44671535491943,"Unknown"
"7014853",371857,2025-08-04 16:57:01,43.3824462890625,-8.44679069519043,"Unknown"
"7014853",371857,2025-08-04 17:01:54,43.3824729919434,-8.44666004180908,"Unknown"
"7014853",371857,2025-08-04 17:06:53,43.3825225830078,-8.44695377349854,"Unknown"
"7014853",371857,2025-08-04 17:12:01,43.3823928833008,-8.44670009613037,"Unknown"
"7014853",371857,2025-08-04 17:16:50,43.3824272155762,-8.44658374786377,"Unknown"
"7014853",371857,2025-08-04 17:22:00,43.3824806213379,-8.44670104980469,"Unknown"
"7014853",371857,2025-08-04 17:27:06,43.3825073242188,-8.44683933258057,"Unknown"
"7014853",371857,2025-08-04 17:32:14,43.3824691772461,-8.44680023193359,"Unknown"
"7014853",371857,2025-08-04 17:36:49,43.3828086853027,-8.44675350189209,"Unknown"
"7014853",371857,2025-08-04 17:41:49,43.3828086853027,-8.44674491882324,"Unknown"
"7014853",371857,2025-08-04 17:46:48,43.3806266784668,-8.43229103088379,"Unknown"
"7014853",371857,2025-08-04 17:51:48,43.3781394958496,-8.42804145812988,"Unknown"
"7014853",371857,2025-08-04 17:56:54,43.3784561157227,-8.4314079284668,"Unknown"
"7014853",371857,2025-08-04 18:02:02,43.3789520263672,-8.43179893493652,"Unknown"
"7014853",371857,2025-08-04 18:06:49,43.3788948059082,-8.43178081512451,"Unknown"
"7014853",371857,2025-08-04 18:11:49,43.3789176940918,-8.43108081817627,"Unknown"
"7014853",371857,2025-08-04 18:16:50,43.3793754577637,-8.45713901519775,"Unknown"
"7014853",371857,2025-08-04 18:21:49,43.3817138671875,-8.44700622558594,"Unknown"
"7014853",371857,2025-08-04 18:26:50,43.3814277648926,-8.43588924407959,"Unknown"
"7014853",371857,2025-08-04 18:32:14,43.3817100524902,-8.43710994720459,"Unknown"
"7014853",371857,2025-08-04 18:36:57,43.3790550231934,-8.42500972747803,"Unknown"
"7014853",371857,2025-08-04 18:41:50,43.3782691955566,-8.43031978607178,"Unknown"
"7014853",371857,2025-08-04 18:47:35,43.3826065063477,-8.44677639007568,"Unknown"
"7014853",371857,2025-08-04 18:51:49,43.3826599121094,-8.44669151306152,"Unknown"
"7014853",371857,2025-08-04 18:56:49,43.3826179504395,-8.44675540924072,"Unknown"
"7014853",371857,2025-08-04 19:01:49,43.3826713562012,-8.44655418395996,"Unknown"
"7014853",371857,2025-08-04 19:06:50,43.3826675415039,-8.44672966003418,"Unknown"
"7014853",371857,2025-08-04 19:11:50,43.3826103210449,-8.44682121276855,"Unknown"
"7014853",371857,2025-08-04 19:16:49,43.3826103210449,-8.44681930541992,"Unknown"
"7014853",371857,2025-08-04 19:21:49,43.3805160522461,-8.43438053131104,"Unknown"
"7014853",371857,2025-08-04 19:26:49,43.3726692199707,-8.47063064575195,"Unknown"
"7014853",371857,2025-08-04 19:31:50,43.3642883300781,-8.48037910461426,"Unknown"
"7014853",371857,2025-08-04 19:36:49,43.3652191162109,-8.47436809539795,"Unknown"
"7014853",371857,2025-08-04 19:41:49,43.3702239990234,-8.46620464324951,"Unknown"
"7014853",371857,2025-08-04 19:46:56,43.3668365478516,-8.47080230712891,"Unknown"
"7014853",371857,2025-08-04 19:51:50,43.36865234375,-8.4683952331543,"Unknown"
"7014853",371857,2025-08-04 19:56:49,43.3652381896973,-8.47245788574219,"Unknown"
"7014853",371857,2025-08-04 20:01:53,43.363712310791,-8.47621726989746,"Unknown"
"7014853",371857,2025-08-04 20:06:50,43.3560600280762,-8.50882911682129,"Unknown"
"7014853",371857,2025-08-04 20:11:51,43.3553047180176,-8.51633071899414,"Unknown"
"7014853",371857,2025-08-04 20:16:55,43.3553428649902,-8.51626300811768,"Unknown"
"7014853",371857,2025-08-04 20:22:00,43.3532218933105,-8.52292537689209,"Unknown"
"7014853",371857,2025-08-04 20:26:53,43.353214263916,-8.5229024887085,"Unknown"
"7014853",371857,2025-08-04 20:31:54,43.3532905578613,-8.52284812927246,"Unknown"
"7014853",371857,2025-08-04 20:34:49,43.3531150817871,-8.52279663085938,"Unknown"
"7014853",371857,2025-08-05 01:35:23,43.3531951904297,-8.52338409423828,"Unknown"
"7014853",371857,2025-08-05 05:33:36,43.3562278747559,-8.51365947723389,"Unknown"
"7014853",371857,2025-08-05 05:38:07,43.3562774658203,-8.51376628875732,"Unknown"
"7014853",371857,2025-08-05 05:43:05,43.3562774658203,-8.51364898681641,"Unknown"
"7014853",371857,2025-08-05 05:48:05,43.3563346862793,-8.51087188720703,"Unknown"
"7014853",371857,2025-08-05 05:53:07,43.3562927246094,-8.51382064819336,"Unknown"
"7014853",371857,2025-08-05 05:58:06,43.3561820983887,-8.49755001068115,"Unknown"
"7014853",371857,2025-08-05 06:03:47,43.3657379150391,-8.47951412200928,"Unknown"
"7014853",371857,2025-08-05 06:08:06,43.3608665466309,-8.45743465423584,"Unknown"
"7014853",371857,2025-08-05 06:13:20,43.3541946411133,-8.45825862884521,"Unknown"
"7014853",371857,2025-08-05 06:18:05,43.3567810058594,-8.45777225494385,"Unknown"
"7014853",371857,2025-08-05 06:23:21,43.3542175292969,-8.45781517028809,"Unknown"
"7014853",371857,2025-08-05 06:28:13,43.3537826538086,-8.45801258087158,"Unknown"
"7014853",371857,2025-08-05 06:33:46,43.3522529602051,-8.47770595550537,"Unknown"
"7014853",371857,2025-08-05 06:38:16,43.3524398803711,-8.47805404663086,"Unknown"
"7014853",371857,2025-08-05 06:43:19,43.3523406982422,-8.47789478302002,"Unknown"
"7014853",371857,2025-08-05 06:48:31,43.3521766662598,-8.47775173187256,"Unknown"
"7014853",371857,2025-08-05 06:53:07,43.3522529602051,-8.47793865203857,"Unknown"
"7014853",371857,2025-08-05 06:58:07,43.3522834777832,-8.47800254821777,"Unknown"
"7014853",371857,2025-08-05 07:03:10,43.3520622253418,-8.47760772705078,"Unknown"
"7014853",371857,2025-08-05 07:08:10,43.3520851135254,-8.47695446014404,"Unknown"
"7014853",371857,2025-08-05 07:13:14,43.352222442627,-8.47787666320801,"Unknown"
"7014853",371857,2025-08-05 07:18:08,43.3597526550293,-8.46241664886475,"Unknown"
"7014853",371857,2025-08-05 07:23:20,43.3563461303711,-8.45742988586426,"Unknown"
"7014853",371857,2025-08-05 07:28:20,43.356502532959,-8.45695877075195,"Unknown"
"7014853",371857,2025-08-05 07:33:48,43.359790802002,-8.49500846862793,"Unknown"
"7014853",371857,2025-08-05 07:38:24,43.356128692627,-8.51379299163818,"Unknown"
"7014853",371857,2025-08-05 07:43:35,43.3561172485352,-8.51347255706787,"Unknown"
"7014853",371857,2025-08-05 07:48:06,43.3563652038574,-8.51373195648193,"Unknown"
"7014853",371857,2025-08-05 07:53:06,43.3563575744629,-8.51375198364258,"Unknown"
"7014853",371857,2025-08-05 07:58:05,43.356372833252,-8.51369571685791,"Unknown"
"7014853",371857,2025-08-05 08:03:06,43.3563385009766,-8.51384258270264,"Unknown"
"7014853",371857,2025-08-05 08:08:06,43.3563194274902,-8.51369094848633,"Unknown"
"7014853",371857,2025-08-05 08:13:09,43.3563995361328,-8.51394557952881,"Unknown"
"7014853",371857,2025-08-05 08:18:18,43.3562660217285,-8.51340961456299,"Unknown"
"7014853",371857,2025-08-05 08:23:35,43.3562278747559,-8.51345539093018,"Unknown"
"7014853",371857,2025-08-05 08:28:05,43.3562393188477,-8.51342391967773,"Unknown"
"7014853",371857,2025-08-05 08:33:11,43.3562355041504,-8.5134391784668,"Unknown"
"7014853",371857,2025-08-05 08:38:07,43.3562927246094,-8.51340866088867,"Unknown"
"7014853",371857,2025-08-05 08:43:06,43.3562507629395,-8.51345729827881,"Unknown"
"7014853",371857,2025-08-05 08:48:06,43.3562126159668,-8.51350021362305,"Unknown"
"7014853",371857,2025-08-05 08:53:05,43.3562812805176,-8.51344966888428,"Unknown"
"7014853",371857,2025-08-05 08:58:06,43.3562202453613,-8.51347255706787,"Unknown"
"7014853",371857,2025-08-05 09:03:06,43.3563041687012,-8.51344871520996,"Unknown"
"7014853",371857,2025-08-05 09:08:05,43.3562316894531,-8.51345729827881,"Unknown"
"7014853",371857,2025-08-05 09:13:06,43.3562393188477,-8.5133113861084,"Unknown"
"7014853",371857,2025-08-05 09:18:05,43.3562850952148,-8.51349353790283,"Unknown"
"7014853",371857,2025-08-05 09:23:05,43.356258392334,-8.51348114013672,"Unknown"
"7014853",371857,2025-08-05 09:28:09,43.3563232421875,-8.51347541809082,"Unknown"
"7014853",371857,2025-08-05 09:33:16,43.3562545776367,-8.51350688934326,"Unknown"
"7014853",371857,2025-08-05 09:38:09,43.3561820983887,-8.51354503631592,"Unknown"
"7014853",371857,2025-08-05 09:43:10,43.3582534790039,-8.49513339996338,"Unknown"
"7014853",371857,2025-08-05 09:48:34,43.3531227111816,-8.47798347473145,"Unknown"
"7014853",371857,2025-08-05 09:53:05,43.3531379699707,-8.47809410095215,"Unknown"
"7014853",371857,2025-08-05 09:58:05,43.3567085266113,-8.46743392944336,"Unknown"
"7014853",371857,2025-08-05 10:03:07,43.3565101623535,-8.45690536499023,"Unknown"
"7014853",371857,2025-08-05 10:08:07,43.356128692627,-8.45712661743164,"Unknown"
"7014853",371857,2025-08-05 10:13:06,43.3592529296875,-8.45669937133789,"Unknown"
"7014853",371857,2025-08-05 10:18:08,43.3564109802246,-8.45717716217041,"Unknown"
"7014853",371857,2025-08-05 10:24:29,43.3539123535156,-8.45897483825684,"Unknown"
"7014853",371857,2025-08-05 10:33:13,43.3537750244141,-8.45879459381104,"Unknown"
"7014853",371857,2025-08-05 10:38:06,43.3591957092285,-8.45846271514893,"Unknown"
"7014853",371857,2025-08-05 10:43:05,43.370777130127,-8.4524393081665,"Unknown"
"7014853",371857,2025-08-05 10:48:09,43.373161315918,-8.45305061340332,"Unknown"
"7014853",371857,2025-08-05 10:53:08,43.3760528564453,-8.45230007171631,"Unknown"
"7014853",371857,2025-08-05 10:58:05,43.3767929077148,-8.45231819152832,"Unknown"
"7014853",371857,2025-08-05 11:03:05,43.3768501281738,-8.45234203338623,"Unknown"
"7014853",371857,2025-08-05 11:08:07,43.3768119812012,-8.45235157012939,"Unknown"
"7014853",371857,2025-08-05 11:13:05,43.3767890930176,-8.45236492156982,"Unknown"
"7014853",371857,2025-08-05 11:18:07,43.3766784667969,-8.45230960845947,"Unknown"
"7014853",371857,2025-08-05 11:23:07,43.3767738342285,-8.45229434967041,"Unknown"
"7014853",371857,2025-08-05 11:28:10,43.3767051696777,-8.45235061645508,"Unknown"
"7014853",371857,2025-08-05 11:33:35,43.3773155212402,-8.45207118988037,"Unknown"
"7014853",371857,2025-08-05 11:38:07,43.3773422241211,-8.45196914672852,"Unknown"
"7014853",371857,2025-08-05 11:43:05,43.3772773742676,-8.45175647735596,"Unknown"
"7014853",371857,2025-08-05 11:48:06,43.377254486084,-8.45174503326416,"Unknown"
"7014853",371857,2025-08-05 11:53:06,43.3772811889648,-8.45176219940186,"Unknown"
"7014853",371857,2025-08-05 11:58:06,43.3772811889648,-8.45173072814941,"Unknown"
"7014853",371857,2025-08-05 12:03:05,43.3772735595703,-8.45171165466309,"Unknown"
"7014853",371857,2025-08-05 12:08:06,43.3772735595703,-8.45172786712646,"Unknown"
"7014853",371857,2025-08-05 12:13:06,43.3773574829102,-8.45173358917236,"Unknown"
"7014853",371857,2025-08-05 12:18:05,43.3773155212402,-8.45174980163574,"Unknown"
"7014853",371857,2025-08-05 12:23:07,43.3773422241211,-8.45170974731445,"Unknown"
"7014853",371857,2025-08-05 12:29:13,43.363452911377,-8.45905590057373,"Unknown"
"7014853",371857,2025-08-05 12:33:06,43.3550262451172,-8.45778942108154,"Unknown"
"7014853",371857,2025-08-05 12:38:05,43.3550720214844,-8.45804119110107,"Unknown"
"7014853",371857,2025-08-05 12:43:07,43.3550796508789,-8.45816993713379,"Unknown"
"7014853",371857,2025-08-05 12:48:09,43.3548889160156,-8.45805740356445,"Unknown"
"7014853",371857,2025-08-05 12:53:08,43.3561668395996,-8.45734691619873,"Unknown"
"7014853",371857,2025-08-05 12:58:18,43.3549270629883,-8.45773983001709,"Unknown"
"7014853",371857,2025-08-05 13:03:09,43.3550872802734,-8.45779418945312,"Unknown"
"7014853",371857,2025-08-05 13:08:35,43.3551826477051,-8.45784187316895,"Unknown"
"7014853",371857,2025-08-05 13:13:06,43.3551483154297,-8.45779800415039,"Unknown"
"7014853",371857,2025-08-05 13:18:06,43.3551712036133,-8.45784568786621,"Unknown"
"7014853",371857,2025-08-05 13:23:05,43.3551864624023,-8.45784759521484,"Unknown"
"7014853",371857,2025-08-05 13:28:06,43.3551368713379,-8.45775127410889,"Unknown"
"7014853",371857,2025-08-05 13:33:06,43.3552169799805,-8.45793151855469,"Unknown"
"7014853",371857,2025-08-05 13:38:06,43.3597373962402,-8.48088550567627,"Unknown"
"7014853",371857,2025-08-05 13:43:19,43.3511428833008,-8.52577495574951,"Unknown"
"7014853",371857,2025-08-05 13:48:35,43.3510971069336,-8.52589511871338,"Unknown"
"7014853",371857,2025-08-05 13:53:05,43.3511161804199,-8.52584362030029,"Unknown"
"7014853",371857,2025-08-05 13:58:06,43.3511085510254,-8.52585315704346,"Unknown"
"7014853",371857,2025-08-05 14:03:06,43.3511199951172,-8.52586364746094,"Unknown"
"7014853",371857,2025-08-05 14:08:06,43.3510589599609,-8.52591228485107,"Unknown"
"7014853",371857,2025-08-05 14:13:05,43.3510856628418,-8.52591609954834,"Unknown"
"7014853",371857,2025-08-05 14:18:05,43.351131439209,-8.52586269378662,"Unknown"
"7014853",371857,2025-08-05 14:23:05,43.3510818481445,-8.52595615386963,"Unknown"
"7014853",371857,2025-08-05 14:28:05,43.3493995666504,-8.52845668792725,"Unknown"
"7014853",371857,2025-08-05 14:33:05,43.3493766784668,-8.52859306335449,"Unknown"
"7014853",371857,2025-08-05 14:38:06,43.3492393493652,-8.52858448028564,"Unknown"
"7014853",371857,2025-08-05 14:43:06,43.3493232727051,-8.52856159210205,"Unknown"
"7014853",371857,2025-08-05 14:48:08,43.3493881225586,-8.52843475341797,"Unknown"
"7014853",371857,2025-08-05 14:53:08,43.3493232727051,-8.52853202819824,"Unknown"
"7014853",371857,2025-08-05 14:58:10,43.3493537902832,-8.52828884124756,"Unknown"
"7014853",371857,2025-08-05 15:03:09,43.3494033813477,-8.52847194671631,"Unknown"
"7014853",371857,2025-08-05 15:08:07,43.349365234375,-8.5285816192627,"Unknown"
"7014853",371857,2025-08-05 15:13:06,43.349422454834,-8.52865695953369,"Unknown"
"7014853",371857,2025-08-05 15:18:07,43.3494567871094,-8.52865505218506,"Unknown"
"7014853",371857,2025-08-05 15:23:06,43.3494186401367,-8.52868270874023,"Unknown"
"7014853",371857,2025-08-05 15:28:35,43.3493232727051,-8.52857303619385,"Unknown"
"7014853",371857,2025-08-05 15:33:05,43.3494262695312,-8.52865695953369,"Unknown"
"7014853",371857,2025-08-05 15:38:06,43.3494338989258,-8.52860736846924,"Unknown"
"7014853",371857,2025-08-05 15:43:07,43.3491363525391,-8.52853965759277,"Unknown"
"7014853",371857,2025-08-05 15:48:06,43.3567581176758,-8.51237773895264,"Unknown"
"7014853",371857,2025-08-05 15:53:06,43.3598022460938,-8.48701000213623,"Unknown"
"7014853",371857,2025-08-05 15:58:40,43.35205078125,-8.47796440124512,"Unknown"
"7014853",371857,2025-08-05 16:03:07,43.3520736694336,-8.47807693481445,"Unknown"
"7014853",371857,2025-08-05 16:08:06,43.3562469482422,-8.4577112197876,"Unknown"
"7014853",371857,2025-08-05 16:13:13,43.3562507629395,-8.45700168609619,"Unknown"
"7014853",371857,2025-08-05 16:18:14,43.3562660217285,-8.45719146728516,"Unknown"
"7014853",371857,2025-08-05 16:23:11,43.3562240600586,-8.45688343048096,"Unknown"
"7014853",371857,2025-08-05 16:28:18,43.3565826416016,-8.45703029632568,"Unknown"
"7014853",371857,2025-08-05 16:33:20,43.3563194274902,-8.45712661743164,"Unknown"
"7014853",371857,2025-08-05 16:38:16,43.3558464050293,-8.45633125305176,"Unknown"
"7014853",371857,2025-08-05 16:43:34,43.3561706542969,-8.45646190643311,"Unknown"
"7014853",371857,2025-08-05 16:49:30,43.3562507629395,-8.45689487457275,"Unknown"
"7014853",371857,2025-08-05 16:54:23,43.3404083251953,-8.45409393310547,"Unknown"
"7014853",371857,2025-08-05 16:58:06,43.340518951416,-8.45423221588135,"Unknown"
"7014853",371857,2025-08-05 17:03:07,43.3459091186523,-8.43871688842773,"Unknown"
"7014853",371857,2025-08-05 17:08:11,43.3502426147461,-8.42776966094971,"Unknown"
"7014853",371857,2025-08-05 17:13:08,43.3503074645996,-8.42788887023926,"Unknown"
"7014853",371857,2025-08-05 17:18:09,43.3502883911133,-8.42780780792236,"Unknown"
"7014853",371857,2025-08-05 17:23:35,43.3502235412598,-8.42798519134521,"Unknown"
"7014853",371857,2025-08-05 17:28:11,43.3501892089844,-8.42789649963379,"Unknown"
"7014853",371857,2025-08-05 17:33:08,43.3512916564941,-8.42421340942383,"Unknown"
"7014853",371857,2025-08-05 17:38:09,43.3513488769531,-8.42428112030029,"Unknown"
"7014853",371857,2025-08-05 17:43:07,43.3515434265137,-8.42426109313965,"Unknown"
"7014853",371857,2025-08-05 17:48:08,43.3513832092285,-8.42428398132324,"Unknown"
"7014853",371857,2025-08-05 17:53:07,43.3515472412109,-8.42422962188721,"Unknown"
"7014853",371857,2025-08-05 17:58:07,43.3516998291016,-8.4243803024292,"Unknown"
"7014853",371857,2025-08-05 18:03:18,43.3519668579102,-8.42779350280762,"Unknown"
"7014853",371857,2025-08-05 18:08:11,43.350227355957,-8.42763900756836,"Unknown"
"7014853",371857,2025-08-05 18:13:19,43.3502464294434,-8.4275951385498,"Unknown"
"7014853",371857,2025-08-05 18:18:10,43.3504791259766,-8.42781543731689,"Unknown"
"7014853",371857,2025-08-05 18:23:35,43.3502655029297,-8.42766666412354,"Unknown"
"7014853",371857,2025-08-05 18:28:06,43.350284576416,-8.42770671844482,"Unknown"
"7014853",371857,2025-08-05 18:33:06,43.3502807617188,-8.42770576477051,"Unknown"
"7014853",371857,2025-08-05 18:38:07,43.3502540588379,-8.42768573760986,"Unknown"
"7014853",371857,2025-08-05 18:43:07,43.3502960205078,-8.42778301239014,"Unknown"
"7014853",371857,2025-08-05 18:48:06,43.3502616882324,-8.42768096923828,"Unknown"
"7014853",371857,2025-08-05 18:53:06,43.3502502441406,-8.42765808105469,"Unknown"
"7014853",371857,2025-08-05 18:58:13,43.3503227233887,-8.42757987976074,"Unknown"
"7014853",371857,2025-08-05 19:03:12,43.3503456115723,-8.42766952514648,"Unknown"
"7014853",371857,2025-08-05 19:08:08,43.3499755859375,-8.42730617523193,"Unknown"
"7014853",371857,2025-08-05 19:13:07,43.3503112792969,-8.42762565612793,"Unknown"
"7014853",371857,2025-08-05 19:18:10,43.3503074645996,-8.42765140533447,"Unknown"
"7014853",371857,2025-08-05 19:23:09,43.3503456115723,-8.42777538299561,"Unknown"
"7014853",371857,2025-08-05 19:28:08,43.3503723144531,-8.42782974243164,"Unknown"
"7014853",371857,2025-08-05 19:33:07,43.3503494262695,-8.42780303955078,"Unknown"
"7014853",371857,2025-08-05 19:38:07,43.3504333496094,-8.42780780792236,"Unknown"
"7014853",371857,2025-08-05 19:43:09,43.3502388000488,-8.42747402191162,"Unknown"
"7014853",371857,2025-08-05 19:48:08,43.350471496582,-8.42776775360107,"Unknown"
"7014853",371857,2025-08-05 19:53:09,43.350227355957,-8.42746448516846,"Unknown"
"7014853",371857,2025-08-05 19:58:09,43.3504257202148,-8.42768096923828,"Unknown"
"7014853",371857,2025-08-05 20:03:10,43.3502922058105,-8.42752933502197,"Unknown"
"7014853",371857,2025-08-05 20:08:13,43.3518867492676,-8.42465686798096,"Unknown"
"7014853",371857,2025-08-05 20:13:11,43.3518981933594,-8.4246129989624,"Unknown"
"7014853",371857,2025-08-05 20:18:18,43.3518829345703,-8.4245138168335,"Unknown"
"7014853",371857,2025-08-05 20:23:07,43.3519668579102,-8.4246129989624,"Unknown"
"7014853",371857,2025-08-05 20:28:10,43.3520164489746,-8.42466449737549,"Unknown"
"7014853",371857,2025-08-05 20:33:04,43.3519515991211,-8.42453575134277,"Unknown"
"7014853",371857,2025-08-06 01:33:16,43.3521308898926,-8.42427062988281,"Unknown"
"7014853",371857,2025-08-06 05:44:06,43.355396270752,-8.47390079498291,"Unknown"
"7014853",371857,2025-08-06 05:48:47,43.3524703979492,-8.47777462005615,"Unknown"
"7014853",371857,2025-08-06 05:53:47,43.3525733947754,-8.47771835327148,"Unknown"
"7014853",371857,2025-08-06 05:58:44,43.3525009155273,-8.47780895233154,"Unknown"
"7014853",371857,2025-08-06 06:03:45,43.3525733947754,-8.47787094116211,"Unknown"
"7014853",371857,2025-08-06 06:08:54,43.3525352478027,-8.47810077667236,"Unknown"
"7014853",371857,2025-08-06 06:13:43,43.3525657653809,-8.4780158996582,"Unknown"
"7014853",371857,2025-08-06 06:18:43,43.3525505065918,-8.47802066802979,"Unknown"
"7014853",371857,2025-08-06 06:23:44,43.352466583252,-8.47794628143311,"Unknown"
"7014853",371857,2025-08-06 06:28:44,43.3525390625,-8.47798633575439,"Unknown"
"7014853",371857,2025-08-06 06:33:54,43.3525199890137,-8.4780101776123,"Unknown"
"7014853",371857,2025-08-06 06:38:43,43.352409362793,-8.47781085968018,"Unknown"
"7014853",371857,2025-08-06 06:43:47,43.3523559570312,-8.47786998748779,"Unknown"
"7014853",371857,2025-08-06 06:48:45,43.3525199890137,-8.47786521911621,"Unknown"
"7014853",371857,2025-08-06 06:54:05,43.3524436950684,-8.47924900054932,"Unknown"
"7014853",371857,2025-08-06 06:58:41,43.3524398803711,-8.47928142547607,"Unknown"
"7014853",371857,2025-08-06 07:03:44,43.3524398803711,-8.47931385040283,"Unknown"
"7014853",371857,2025-08-06 07:08:43,43.352367401123,-8.47944736480713,"Unknown"
"7014853",371857,2025-08-06 07:13:43,43.3524169921875,-8.47929382324219,"Unknown"
"7014853",371857,2025-08-06 07:18:42,43.3524131774902,-8.47906875610352,"Unknown"
"7014853",371857,2025-08-06 07:23:43,43.3526229858398,-8.4791259765625,"Unknown"
"7014853",371857,2025-08-06 07:28:43,43.3523216247559,-8.47912311553955,"Unknown"
"7014853",371857,2025-08-06 07:33:43,43.3523178100586,-8.47895050048828,"Unknown"
"7014853",371857,2025-08-06 07:38:43,43.3523712158203,-8.47890758514404,"Unknown"
"7014853",371857,2025-08-06 07:43:42,43.3523292541504,-8.47897434234619,"Unknown"
"7014853",371857,2025-08-06 07:48:42,43.3523483276367,-8.47888851165771,"Unknown"
"7014853",371857,2025-08-06 07:53:42,43.3524589538574,-8.47863674163818,"Unknown"
"7014853",371857,2025-08-06 07:58:43,43.3523597717285,-8.47883605957031,"Unknown"
"7014853",371857,2025-08-06 08:03:44,43.3523406982422,-8.47891330718994,"Unknown"
"7014853",371857,2025-08-06 08:08:43,43.3523635864258,-8.47902584075928,"Unknown"
"7014853",371857,2025-08-06 08:13:42,43.352481842041,-8.47895431518555,"Unknown"
"7014853",371857,2025-08-06 08:18:43,43.3523178100586,-8.47899341583252,"Unknown"
"7014853",371857,2025-08-06 08:23:43,43.3524208068848,-8.47890567779541,"Unknown"
"7014853",371857,2025-08-06 08:28:42,43.3524894714355,-8.47892379760742,"Unknown"
"7014853",371857,2025-08-06 08:33:42,43.3597259521484,-8.46255493164062,"Unknown"
"7014853",371857,2025-08-06 08:38:47,43.3563575744629,-8.4571008682251,"Unknown"
"7014853",371857,2025-08-06 08:43:47,43.3563423156738,-8.4569149017334,"Unknown"
"7014853",371857,2025-08-06 08:48:47,43.3562850952148,-8.45724391937256,"Unknown"
"7014853",371857,2025-08-06 08:53:42,43.3564186096191,-8.4572057723999,"Unknown"
"7014853",371857,2025-08-06 08:58:42,43.3564910888672,-8.4570369720459,"Unknown"
"7014853",371857,2025-08-06 09:03:42,43.3565788269043,-8.45728588104248,"Unknown"
"7014853",371857,2025-08-06 09:08:42,43.356559753418,-8.45713329315186,"Unknown"
"7014853",371857,2025-08-06 09:13:43,43.3565635681152,-8.45693492889404,"Unknown"
"7014853",371857,2025-08-06 09:18:43,43.356258392334,-8.45680236816406,"Unknown"
"7014853",371857,2025-08-06 09:23:43,43.3566093444824,-8.45692729949951,"Unknown"
"7014853",371857,2025-08-06 09:28:43,43.3567161560059,-8.45690250396729,"Unknown"
"7014853",371857,2025-08-06 09:33:43,43.356632232666,-8.45689105987549,"Unknown"
"7014853",371857,2025-08-06 09:38:42,43.3566780090332,-8.45687007904053,"Unknown"
"7014853",371857,2025-08-06 09:43:43,43.3566703796387,-8.45700836181641,"Unknown"
"7014853",371857,2025-08-06 09:48:42,43.3566551208496,-8.45686149597168,"Unknown"
"7014853",371857,2025-08-06 09:53:43,43.3567352294922,-8.45706176757812,"Unknown"
"7014853",371857,2025-08-06 09:58:44,43.3564262390137,-8.45698070526123,"Unknown"
"7014853",371857,2025-08-06 10:03:42,43.3567199707031,-8.45700454711914,"Unknown"
"7014853",371857,2025-08-06 10:08:42,43.3569259643555,-8.4569206237793,"Unknown"
"7014853",371857,2025-08-06 10:13:42,43.3562278747559,-8.45779991149902,"Unknown"
"7014853",371857,2025-08-06 10:18:43,43.3568420410156,-8.45695400238037,"Unknown"
"7014853",371857,2025-08-06 10:23:46,43.3566932678223,-8.45733642578125,"Unknown"
"7014853",371857,2025-08-06 10:28:43,43.3567733764648,-8.45695114135742,"Unknown"
"7014853",371857,2025-08-06 10:33:43,43.3565635681152,-8.45760726928711,"Unknown"
"7014853",371857,2025-08-06 10:38:49,43.3566131591797,-8.45711708068848,"Unknown"
"7014853",371857,2025-08-06 10:43:42,43.3568420410156,-8.45707988739014,"Unknown"
"7014853",371857,2025-08-06 10:48:43,43.3542366027832,-8.45866584777832,"Unknown"
"7014853",371857,2025-08-06 10:53:43,43.3545455932617,-8.45889663696289,"Unknown"
"7014853",371857,2025-08-06 10:58:46,43.3542251586914,-8.45827770233154,"Unknown"
"7014853",371857,2025-08-06 11:03:44,43.3545532226562,-8.45844841003418,"Unknown"
"7014853",371857,2025-08-06 11:08:42,43.3540267944336,-8.45883846282959,"Unknown"
"7014853",371857,2025-08-06 11:13:42,43.3540306091309,-8.45887565612793,"Unknown"
"7014853",371857,2025-08-06 11:18:42,43.3539581298828,-8.45893096923828,"Unknown"
"7014853",371857,2025-08-06 11:23:46,43.3543167114258,-8.45867156982422,"Unknown"
"7014853",371857,2025-08-06 11:28:42,43.3542938232422,-8.45780086517334,"Unknown"
"7014853",371857,2025-08-06 11:33:44,43.3540306091309,-8.4589262008667,"Unknown"
"7014853",371857,2025-08-06 11:38:43,43.3538475036621,-8.4589376449585,"Unknown"
"7014853",371857,2025-08-06 11:43:43,43.3540687561035,-8.45899391174316,"Unknown"
"7014853",371857,2025-08-06 11:48:49,43.3543090820312,-8.45890331268311,"Unknown"
"7014853",371857,2025-08-06 11:53:51,43.3542404174805,-8.45889759063721,"Unknown"
"7014853",371857,2025-08-06 11:58:42,43.3405380249023,-8.45414161682129,"Unknown"
"7014853",371857,2025-08-06 12:03:42,43.3405113220215,-8.45407867431641,"Unknown"
"7014853",371857,2025-08-06 12:08:42,43.345043182373,-8.4512996673584,"Unknown"
"7014853",371857,2025-08-06 12:13:43,43.3550720214844,-8.45813179016113,"Unknown"
"7014853",371857,2025-08-06 12:18:46,43.3550605773926,-8.45812511444092,"Unknown"
"7014853",371857,2025-08-06 12:23:43,43.3550186157227,-8.45799922943115,"Unknown"
"7014853",371857,2025-08-06 12:28:44,43.3550567626953,-8.4579610824585,"Unknown"
"7014853",371857,2025-08-06 12:33:43,43.3554573059082,-8.45816802978516,"Unknown"
"7014853",371857,2025-08-06 12:38:42,43.3555221557617,-8.45797252655029,"Unknown"
"7014853",371857,2025-08-06 12:43:44,43.3553886413574,-8.45808982849121,"Unknown"
"7014853",371857,2025-08-06 12:48:44,43.3554267883301,-8.45799160003662,"Unknown"
"7014853",371857,2025-08-06 12:53:43,43.3555793762207,-8.45759868621826,"Unknown"
"7014853",371857,2025-08-06 12:58:43,43.3555030822754,-8.45783805847168,"Unknown"
"7014853",371857,2025-08-06 13:03:42,43.3552742004395,-8.45777130126953,"Unknown"
"7014853",371857,2025-08-06 13:08:43,43.3554191589355,-8.45765972137451,"Unknown"
"7014853",371857,2025-08-06 13:13:43,43.3554763793945,-8.45778846740723,"Unknown"
"7014853",371857,2025-08-06 13:18:43,43.3555030822754,-8.45795631408691,"Unknown"
"7014853",371857,2025-08-06 13:23:44,43.3555297851562,-8.45800018310547,"Unknown"
"7014853",371857,2025-08-06 13:28:43,43.355525970459,-8.4580602645874,"Unknown"
"7014853",371857,2025-08-06 13:33:43,43.3553695678711,-8.45772457122803,"Unknown"
"7014853",371857,2025-08-06 13:38:44,43.3555641174316,-8.45799255371094,"Unknown"
"7014853",371857,2025-08-06 13:43:43,43.3556632995605,-8.45790863037109,"Unknown"
"7014853",371857,2025-08-06 13:48:42,43.3556938171387,-8.45811557769775,"Unknown"
"7014853",371857,2025-08-06 13:53:44,43.355640411377,-8.4580249786377,"Unknown"
"7014853",371857,2025-08-06 13:58:47,43.3556747436523,-8.45793724060059,"Unknown"
"7014853",371857,2025-08-06 14:03:43,43.3556861877441,-8.45809364318848,"Unknown"
"7014853",371857,2025-08-06 14:08:43,43.3557167053223,-8.45816421508789,"Unknown"
"7014853",371857,2025-08-06 14:13:42,43.3557968139648,-8.45809650421143,"Unknown"
"7014853",371857,2025-08-06 14:18:45,43.355655670166,-8.45786094665527,"Unknown"
"7014853",371857,2025-08-06 14:23:43,43.3552474975586,-8.45887088775635,"Unknown"
"7014853",371857,2025-08-06 14:28:43,43.3557662963867,-8.45816326141357,"Unknown"
"7014853",371857,2025-08-06 14:33:43,43.3556785583496,-8.45809745788574,"Unknown"
"7014853",371857,2025-08-06 14:38:43,43.3557167053223,-8.45810222625732,"Unknown"
"7014853",371857,2025-08-06 14:43:42,43.3568687438965,-8.45721340179443,"Unknown"
"7014853",371857,2025-08-06 14:48:43,43.3568458557129,-8.45703220367432,"Unknown"
"7014853",371857,2025-08-06 14:53:42,43.3568725585938,-8.45709228515625,"Unknown"
"7014853",371857,2025-08-06 14:58:42,43.3569068908691,-8.45719337463379,"Unknown"
"7014853",371857,2025-08-06 15:03:42,43.3568878173828,-8.45715236663818,"Unknown"
"7014853",371857,2025-08-06 15:08:42,43.3567276000977,-8.4568920135498,"Unknown"
"7014853",371857,2025-08-06 15:13:42,43.3566665649414,-8.45685863494873,"Unknown"
"7014853",371857,2025-08-06 15:18:43,43.3568115234375,-8.45692825317383,"Unknown"
"7014853",371857,2025-08-06 15:23:42,43.3567047119141,-8.45687484741211,"Unknown"
"7014853",371857,2025-08-06 15:28:43,43.3567161560059,-8.45683193206787,"Unknown"
"7014853",371857,2025-08-06 15:33:43,43.3567008972168,-8.45685386657715,"Unknown"
"7014853",371857,2025-08-06 15:38:43,43.3567428588867,-8.45687389373779,"Unknown"
"7014853",371857,2025-08-06 15:43:43,43.3568420410156,-8.4573450088501,"Unknown"
"7014853",371857,2025-08-06 15:48:43,43.3569107055664,-8.4574556350708,"Unknown"
"7014853",371857,2025-08-06 15:53:43,43.3567504882812,-8.45697593688965,"Unknown"
"7014853",371857,2025-08-06 15:58:46,43.3565406799316,-8.45685386657715,"Unknown"
"7014853",371857,2025-08-06 16:03:43,43.3567733764648,-8.45735836029053,"Unknown"
"7014853",371857,2025-08-06 16:08:43,43.3568687438965,-8.45728397369385,"Unknown"
"7014853",371857,2025-08-06 16:13:43,43.3568954467773,-8.45730590820312,"Unknown"
"7014853",371857,2025-08-06 16:18:43,43.356819152832,-8.45732879638672,"Unknown"
"7014853",371857,2025-08-06 16:23:42,43.35693359375,-8.45723056793213,"Unknown"
"7014853",371857,2025-08-06 16:28:45,43.357105255127,-8.45744132995605,"Unknown"
"7014853",371857,2025-08-06 16:33:44,43.3569145202637,-8.45709896087646,"Unknown"
"7014853",371857,2025-08-06 16:38:42,43.3569984436035,-8.45727443695068,"Unknown"
"7014853",371857,2025-08-06 16:43:42,43.3569526672363,-8.45725154876709,"Unknown"
"7014853",371857,2025-08-06 16:48:42,43.3569526672363,-8.45723819732666,"Unknown"
"7014853",371857,2025-08-06 16:53:43,43.3569374084473,-8.45727157592773,"Unknown"
"7014853",371857,2025-08-06 16:58:43,43.3569030761719,-8.45728397369385,"Unknown"
"7014853",371857,2025-08-06 17:03:42,43.3569107055664,-8.45724296569824,"Unknown"
"7014853",371857,2025-08-06 17:08:42,43.3569488525391,-8.45734310150146,"Unknown"
"7014853",371857,2025-08-06 17:13:42,43.3567848205566,-8.45735931396484,"Unknown"
"7014853",371857,2025-08-06 17:18:42,43.356876373291,-8.45731163024902,"Unknown"
"7014853",371857,2025-08-06 17:23:42,43.3569374084473,-8.45722961425781,"Unknown"
"7014853",371857,2025-08-06 17:28:42,43.3569755554199,-8.45723056793213,"Unknown"
"7014853",371857,2025-08-06 17:33:42,43.3568077087402,-8.45722579956055,"Unknown"
"7014853",371857,2025-08-06 17:38:42,43.3569030761719,-8.4570779800415,"Unknown"
"7014853",371857,2025-08-06 17:43:43,43.3569679260254,-8.45725059509277,"Unknown"
"7014853",371857,2025-08-06 17:48:42,43.3527145385742,-8.47798538208008,"Unknown"
"7014853",371857,2025-08-06 17:53:43,43.3528747558594,-8.47784233093262,"Unknown"
"7014853",371857,2025-08-06 17:58:45,43.3528900146484,-8.47797203063965,"Unknown"
"7014853",371857,2025-08-06 18:03:44,43.3598327636719,-8.4610481262207,"Unknown"
"7014853",371857,2025-08-06 18:08:44,43.3567771911621,-8.45688056945801,"Unknown"
"7014853",371857,2025-08-06 18:13:53,43.3561973571777,-8.45665264129639,"Unknown"
"7014853",371857,2025-08-06 18:18:47,43.3567237854004,-8.45699119567871,"Unknown"
"7014853",371857,2025-08-06 18:23:48,43.3565063476562,-8.45701313018799,"Unknown"
"7014853",371857,2025-08-06 18:28:53,43.356861114502,-8.45736026763916,"Unknown"
"7014853",371857,2025-08-06 18:33:58,43.3563270568848,-8.45679378509521,"Unknown"
"7014853",371857,2025-08-06 18:39:09,43.3562927246094,-8.45713901519775,"Unknown"
"7014853",371857,2025-08-06 18:44:00,43.3563575744629,-8.45758533477783,"Unknown"
"7014853",371857,2025-08-06 18:49:08,43.3564796447754,-8.45657920837402,"Unknown"
"7014853",371857,2025-08-06 18:53:42,43.3547172546387,-8.45593070983887,"Unknown"
"7014853",371857,2025-08-06 18:58:43,43.3405456542969,-8.45381736755371,"Unknown"
"7014853",371857,2025-08-06 19:03:43,43.3456573486328,-8.44115543365479,"Unknown"
"7014853",371857,2025-08-06 19:08:43,43.3459358215332,-8.4412260055542,"Unknown"
"7014853",371857,2025-08-06 19:13:42,43.3466835021973,-8.44012546539307,"Unknown"
"7014853",371857,2025-08-06 19:18:45,43.3505325317383,-8.42756462097168,"Unknown"
"7014853",371857,2025-08-06 19:23:45,43.3502159118652,-8.42782878875732,"Unknown"
"7014853",371857,2025-08-06 19:28:43,43.3506851196289,-8.42762565612793,"Unknown"
"7014853",371857,2025-08-06 19:33:43,43.350700378418,-8.42792797088623,"Unknown"
"7014853",371857,2025-08-06 19:38:44,43.3508033752441,-8.42769336700439,"Unknown"
"7014853",371857,2025-08-06 19:43:46,43.3508949279785,-8.42759799957275,"Unknown"
"7014853",371857,2025-08-06 19:48:43,43.3508033752441,-8.42768859863281,"Unknown"
"7014853",371857,2025-08-06 19:53:44,43.3508605957031,-8.42769432067871,"Unknown"
"7014853",371857,2025-08-06 19:58:43,43.3507690429688,-8.42769336700439,"Unknown"
"7014853",371857,2025-08-06 20:03:52,43.3508262634277,-8.42749309539795,"Unknown"
"7014853",371857,2025-08-06 20:08:43,43.3507461547852,-8.42774677276611,"Unknown"
"7014853",371857,2025-08-06 20:13:47,43.3505401611328,-8.427734375,"Unknown"
"7014853",371857,2025-08-06 20:18:47,43.3506050109863,-8.42776012420654,"Unknown"
"7014853",371857,2025-08-06 20:23:51,43.3506393432617,-8.42742443084717,"Unknown"
"7014853",371857,2025-08-06 20:28:43,43.3520088195801,-8.42433166503906,"Unknown"
"7014853",371857,2025-08-06 20:31:33,43.3520698547363,-8.42433643341064,"Unknown"
"7014853",371857,2025-08-07 01:31:40,43.3526916503906,-8.42403602600098,"Unknown"
"7014853",371857,2025-08-07 05:34:53,43.3506202697754,-8.42772102355957,"Unknown"
"7014853",371857,2025-08-07 05:39:52,43.3505172729492,-8.42778491973877,"Unknown"
"7014853",371857,2025-08-07 05:44:54,43.3505783081055,-8.42779541015625,"Unknown"
"7014853",371857,2025-08-07 05:49:52,43.3505516052246,-8.42780017852783,"Unknown"
"7014853",371857,2025-08-07 05:54:52,43.3505935668945,-8.42785549163818,"Unknown"
"7014853",371857,2025-08-07 05:59:53,43.3503761291504,-8.42766284942627,"Unknown"
"7014853",371857,2025-08-07 06:04:53,43.3507537841797,-8.43670272827148,"Unknown"
"7014853",371857,2025-08-07 06:09:54,43.3564643859863,-8.45701313018799,"Unknown"
"7014853",371857,2025-08-07 06:15:01,43.356689453125,-8.45726203918457,"Unknown"
"7014853",371857,2025-08-07 06:19:53,43.3563804626465,-8.45638370513916,"Unknown"
"7014853",371857,2025-08-07 06:24:52,43.3558807373047,-8.45603466033936,"Unknown"
"7014853",371857,2025-08-07 06:29:55,43.3568344116211,-8.45726776123047,"Unknown"
"7014853",371857,2025-08-07 06:34:53,43.3572120666504,-8.45753288269043,"Unknown"
"7014853",371857,2025-08-07 06:39:53,43.3565711975098,-8.4576530456543,"Unknown"
"7014853",371857,2025-08-07 06:44:53,43.3567581176758,-8.45713233947754,"Unknown"
"7014853",371857,2025-08-07 06:49:52,43.356861114502,-8.4571590423584,"Unknown"
"7014853",371857,2025-08-07 06:54:53,43.3568992614746,-8.45711803436279,"Unknown"
"7014853",371857,2025-08-07 06:59:52,43.3569183349609,-8.45724678039551,"Unknown"
"7014853",371857,2025-08-07 07:04:52,43.3568305969238,-8.45720767974854,"Unknown"
"7014853",371857,2025-08-07 07:09:58,43.3566741943359,-8.45738792419434,"Unknown"
"7014853",371857,2025-08-07 07:15:09,43.3566818237305,-8.45738220214844,"Unknown"
"7014853",371857,2025-08-07 07:19:54,43.356803894043,-8.4572286605835,"Unknown"
"7014853",371857,2025-08-07 07:24:54,43.3568954467773,-8.4572811126709,"Unknown"
"7014853",371857,2025-08-07 07:29:53,43.3568267822266,-8.45694065093994,"Unknown"
"7014853",371857,2025-08-07 07:34:57,43.3569488525391,-8.45697784423828,"Unknown"
"7014853",371857,2025-08-07 07:39:52,43.3567733764648,-8.45699882507324,"Unknown"
"7014853",371857,2025-08-07 07:44:52,43.3567810058594,-8.45676803588867,"Unknown"
"7014853",371857,2025-08-07 07:49:52,43.3567848205566,-8.45669460296631,"Unknown"
"7014853",371857,2025-08-07 07:54:52,43.3567962646484,-8.45675086975098,"Unknown"
"7014853",371857,2025-08-07 07:59:53,43.3568344116211,-8.45657348632812,"Unknown"
"7014853",371857,2025-08-07 08:04:57,43.3567352294922,-8.45676898956299,"Unknown"
"7014853",371857,2025-08-07 08:09:54,43.3568077087402,-8.45669555664062,"Unknown"
"7014853",371857,2025-08-07 08:14:58,43.3567886352539,-8.45611667633057,"Unknown"
"7014853",371857,2025-08-07 08:20:35,43.3565292358398,-8.45703601837158,"Unknown"
"7014853",371857,2025-08-07 08:24:52,43.3565711975098,-8.45706081390381,"Unknown"
"7014853",371857,2025-08-07 08:29:52,43.3550491333008,-8.45790863037109,"Unknown"
"7014853",371857,2025-08-07 08:35:51,43.3545608520508,-8.4583044052124,"Unknown"
"7014853",371857,2025-08-07 08:40:35,43.3542442321777,-8.4582986831665,"Unknown"
"7014853",371857,2025-08-07 08:45:10,43.3545112609863,-8.45844173431396,"Unknown"
"7014853",371857,2025-08-07 08:49:57,43.3539161682129,-8.45867347717285,"Unknown"
"7014853",371857,2025-08-07 08:55:03,43.3544883728027,-8.45879364013672,"Unknown"
"7014853",371857,2025-08-07 09:00:00,43.3571929931641,-8.45714282989502,"Unknown"
"7014853",371857,2025-08-07 09:05:09,43.356258392334,-8.45745658874512,"Unknown"
"7014853",371857,2025-08-07 09:09:57,43.3565788269043,-8.45740413665771,"Unknown"
"7014853",371857,2025-08-07 09:14:51,43.3589248657227,-8.46104717254639,"Unknown"
"7014853",371857,2025-08-07 09:19:55,43.3533897399902,-8.47481441497803,"Unknown"
"7014853",371857,2025-08-07 09:24:51,43.3523101806641,-8.47771644592285,"Unknown"
"7014853",371857,2025-08-07 09:30:14,43.3532409667969,-8.47473621368408,"Unknown"
"7014853",371857,2025-08-07 09:34:55,43.3532409667969,-8.47483825683594,"Unknown"
"7014853",371857,2025-08-07 09:39:54,43.353157043457,-8.47475433349609,"Unknown"
"7014853",371857,2025-08-07 09:45:10,43.3531761169434,-8.47500228881836,"Unknown"
"7014853",371857,2025-08-07 09:49:53,43.3531723022461,-8.47507858276367,"Unknown"
"7014853",371857,2025-08-07 09:54:58,43.3532333374023,-8.47493171691895,"Unknown"
"7014853",371857,2025-08-07 09:59:52,43.3531379699707,-8.47501659393311,"Unknown"
"7014853",371857,2025-08-07 10:04:52,43.3532447814941,-8.47496700286865,"Unknown"
"7014853",371857,2025-08-07 10:09:52,43.3531875610352,-8.47489070892334,"Unknown"
"7014853",371857,2025-08-07 10:15:13,43.3531532287598,-8.47482490539551,"Unknown"
"7014853",371857,2025-08-07 10:19:54,43.3531188964844,-8.47479629516602,"Unknown"
"7014853",371857,2025-08-07 10:24:51,43.3568878173828,-8.46821022033691,"Unknown"
"7014853",371857,2025-08-07 10:29:52,43.3563919067383,-8.45744132995605,"Unknown"
"7014853",371857,2025-08-07 10:34:54,43.356315612793,-8.45698165893555,"Unknown"
"7014853",371857,2025-08-07 10:39:55,43.3563690185547,-8.45712184906006,"Unknown"
"7014853",371857,2025-08-07 10:44:53,43.3564453125,-8.4572639465332,"Unknown"
"7014853",371857,2025-08-07 10:50:10,43.3563346862793,-8.45713806152344,"Unknown"
"7014853",371857,2025-08-07 10:54:51,43.3564186096191,-8.4571008682251,"Unknown"
"7014853",371857,2025-08-07 11:00:01,43.3566551208496,-8.45716190338135,"Unknown"
"7014853",371857,2025-08-07 11:05:01,43.3561706542969,-8.4572114944458,"Unknown"
"7014853",371857,2025-08-07 11:09:54,43.3566093444824,-8.45694637298584,"Unknown"
"7014853",371857,2025-08-07 11:15:00,43.3564338684082,-8.45706939697266,"Unknown"
"7014853",371857,2025-08-07 11:19:53,43.3565444946289,-8.45712757110596,"Unknown"
"7014853",371857,2025-08-07 11:24:51,43.3565979003906,-8.4572286605835,"Unknown"
"7014853",371857,2025-08-07 11:29:51,43.356616973877,-8.4571590423584,"Unknown"
"7014853",371857,2025-08-07 11:34:54,43.3563995361328,-8.456862449646,"Unknown"
"7014853",371857,2025-08-07 11:39:52,43.3564643859863,-8.45696830749512,"Unknown"
"7014853",371857,2025-08-07 11:45:04,43.356388092041,-8.4568920135498,"Unknown"
"7014853",371857,2025-08-07 11:50:36,43.3565406799316,-8.45715236663818,"Unknown"
"7014853",371857,2025-08-07 11:54:52,43.3565483093262,-8.45717334747314,"Unknown"
"7014853",371857,2025-08-07 11:59:52,43.3565444946289,-8.45719242095947,"Unknown"
"7014853",371857,2025-08-07 12:05:13,43.3575630187988,-8.46883678436279,"Unknown"
"7014853",371857,2025-08-07 12:10:35,43.3577270507812,-8.46901321411133,"Unknown"
"7014853",371857,2025-08-07 12:15:15,43.357593536377,-8.46886920928955,"Unknown"
"7014853",371857,2025-08-07 12:19:53,43.3603324890137,-8.47094917297363,"Unknown"
"7014853",371857,2025-08-07 12:24:54,43.3575706481934,-8.46837711334229,"Unknown"
"7014853",371857,2025-08-07 12:30:01,43.3576354980469,-8.46893405914307,"Unknown"
"7014853",371857,2025-08-07 12:35:06,43.3579177856445,-8.46928215026855,"Unknown"
"7014853",371857,2025-08-07 12:39:53,43.357795715332,-8.46990585327148,"Unknown"
"7014853",371857,2025-08-07 12:45:50,43.3575210571289,-8.4688663482666,"Unknown"
"7014853",371857,2025-08-07 12:50:01,43.357364654541,-8.46883869171143,"Unknown"
"7014853",371857,2025-08-07 12:55:27,43.3574867248535,-8.46890926361084,"Unknown"
"7014853",371857,2025-08-07 12:59:56,43.3580513000488,-8.46804714202881,"Unknown"
"7014853",371857,2025-08-07 13:04:57,43.3535690307617,-8.47470760345459,"Unknown"
"7014853",371857,2025-08-07 13:10:01,43.3535423278809,-8.4745979309082,"Unknown"
"7014853",371857,2025-08-07 13:15:06,43.3536376953125,-8.47460079193115,"Unknown"
"7014853",371857,2025-08-07 13:20:03,43.3535957336426,-8.47465705871582,"Unknown"
"7014853",371857,2025-08-07 13:24:58,43.3536529541016,-8.47465515136719,"Unknown"
"7014853",371857,2025-08-07 13:30:01,43.3536071777344,-8.47469520568848,"Unknown"
"7014853",371857,2025-08-07 13:35:01,43.3535919189453,-8.4746789932251,"Unknown"
"7014853",371857,2025-08-07 13:40:08,43.3536605834961,-8.47457122802734,"Unknown"
"7014853",371857,2025-08-07 13:44:56,43.3638954162598,-8.46509456634521,"Unknown"
"7014853",371857,2025-08-07 13:50:06,43.3535995483398,-8.47478675842285,"Unknown"
"7014853",371857,2025-08-07 13:55:04,43.3535308837891,-8.47470664978027,"Unknown"
"7014853",371857,2025-08-07 14:00:06,43.3533554077148,-8.47474002838135,"Unknown"
"7014853",371857,2025-08-07 14:05:28,43.3536109924316,-8.47458744049072,"Unknown"
"7014853",371857,2025-08-07 14:09:53,43.3536071777344,-8.47461795806885,"Unknown"
"7014853",371857,2025-08-07 14:14:53,43.3536262512207,-8.47459411621094,"Unknown"
"7014853",371857,2025-08-07 14:19:53,43.3536415100098,-8.47457027435303,"Unknown"
"7014853",371857,2025-08-07 14:24:56,43.3536338806152,-8.47460842132568,"Unknown"
"7014853",371857,2025-08-07 14:29:55,43.3536834716797,-8.47475814819336,"Unknown"
"7014853",371857,2025-08-07 14:34:58,43.3536224365234,-8.47465324401855,"Unknown"
"7014853",371857,2025-08-07 14:40:00,43.3535537719727,-8.47457504272461,"Unknown"
"7014853",371857,2025-08-07 14:44:54,43.3540077209473,-8.47480869293213,"Unknown"
"7014853",371857,2025-08-07 14:49:58,43.3536491394043,-8.47460842132568,"Unknown"
"7014853",371857,2025-08-07 14:55:01,43.3538932800293,-8.47486972808838,"Unknown"
"7014853",371857,2025-08-07 15:00:05,43.3534545898438,-8.47449684143066,"Unknown"
"7014853",371857,2025-08-07 15:05:13,43.3536338806152,-8.47469139099121,"Unknown"
"7014853",371857,2025-08-07 15:09:50,43.3536109924316,-8.47476863861084,"Unknown"
"7014853",371857,2025-08-07 15:14:52,43.3496780395508,-8.47054767608643,"Unknown"
"7014853",371857,2025-08-07 15:19:56,43.3489532470703,-8.46911334991455,"Unknown"
"7014853",371857,2025-08-07 15:25:00,43.3504981994629,-8.4668436050415,"Unknown"
"7014853",371857,2025-08-07 15:36:15,43.3535652160645,-8.4745626449585,"Unknown"
"7014853",371857,2025-08-07 15:41:15,43.3535652160645,-8.47451591491699,"Unknown"
"7014853",371857,2025-08-07 15:46:15,43.3535575866699,-8.4745044708252,"Unknown"
"7014853",371857,2025-08-07 15:51:15,43.3535766601562,-8.47451591491699,"Unknown"
"7014853",371857,2025-08-07 15:56:05,43.3535690307617,-8.4744815826416,"Unknown"
"7014853",371857,2025-08-07 15:59:52,43.3536796569824,-8.47468852996826,"Unknown"
"7014853",371857,2025-08-07 16:04:54,43.3535804748535,-8.47445201873779,"Unknown"
"7014853",371857,2025-08-07 16:09:55,43.3537216186523,-8.47475337982178,"Unknown"
"7014853",371857,2025-08-07 16:14:53,43.3537139892578,-8.47483921051025,"Unknown"
"7014853",371857,2025-08-07 16:19:53,43.3536186218262,-8.47467422485352,"Unknown"
"7014853",371857,2025-08-07 16:24:52,43.3536758422852,-8.47479343414307,"Unknown"
"7014853",371857,2025-08-07 16:29:52,43.3532562255859,-8.47608947753906,"Unknown"
"7014853",371857,2025-08-07 16:34:52,43.3566970825195,-8.45764827728271,"Unknown"
"7014853",371857,2025-08-07 16:39:53,43.3560943603516,-8.45778369903564,"Unknown"
"7014853",371857,2025-08-07 16:44:54,43.3565254211426,-8.45712757110596,"Unknown"
"7014853",371857,2025-08-07 16:49:53,43.3565216064453,-8.45717525482178,"Unknown"
"7014853",371857,2025-08-07 16:54:52,43.3542823791504,-8.45707511901855,"Unknown"
"7014853",371857,2025-08-07 16:59:52,43.340576171875,-8.45403861999512,"Unknown"
"7014853",371857,2025-08-07 17:04:52,43.3405342102051,-8.45413112640381,"Unknown"
"7014853",371857,2025-08-07 17:09:52,43.3410415649414,-8.45293521881104,"Unknown"
"7014853",371857,2025-08-07 17:14:52,43.340991973877,-8.45273399353027,"Unknown"
"7014853",371857,2025-08-07 17:20:14,43.3410339355469,-8.45296955108643,"Unknown"
"7014853",371857,2025-08-07 17:24:57,43.340950012207,-8.45274353027344,"Unknown"
"7014853",371857,2025-08-07 17:29:53,43.3410568237305,-8.45296669006348,"Unknown"
"7014853",371857,2025-08-07 17:34:55,43.3410377502441,-8.45287227630615,"Unknown"
"7014853",371857,2025-08-07 17:39:52,43.3409461975098,-8.45272350311279,"Unknown"
"7014853",371857,2025-08-07 17:45:10,43.3410415649414,-8.45283603668213,"Unknown"
"7014853",371857,2025-08-07 17:49:53,43.3409194946289,-8.45272350311279,"Unknown"
"7014853",371857,2025-08-07 17:55:18,43.3410453796387,-8.45267772674561,"Unknown"
"7014853",371857,2025-08-07 18:00:01,43.341007232666,-8.4528112411499,"Unknown"
"7014853",371857,2025-08-07 18:04:53,43.3409729003906,-8.45263671875,"Unknown"
"7014853",371857,2025-08-07 18:10:01,43.3505401611328,-8.42949485778809,"Unknown"
"7014853",371857,2025-08-07 18:14:52,43.350227355957,-8.42757034301758,"Unknown"
"7014853",371857,2025-08-07 18:20:14,43.3502388000488,-8.42757129669189,"Unknown"
"7014853",371857,2025-08-07 18:24:52,43.3502502441406,-8.42758846282959,"Unknown"
"7014853",371857,2025-08-07 18:29:59,43.3503608703613,-8.42770385742188,"Unknown"
"7014853",371857,2025-08-07 18:34:59,43.3503761291504,-8.42773723602295,"Unknown"
"7014853",371857,2025-08-07 18:39:55,43.3504371643066,-8.42778587341309,"Unknown"
"7014853",371857,2025-08-07 18:44:54,43.3504104614258,-8.42778873443604,"Unknown"
"7014853",371857,2025-08-07 18:50:12,43.3505744934082,-8.42799854278564,"Unknown"
"7014853",371857,2025-08-07 18:55:00,43.3505516052246,-8.42790699005127,"Unknown"
"7014853",371857,2025-08-07 19:00:00,43.3505706787109,-8.42787647247314,"Unknown"
"7014853",371857,2025-08-07 19:05:00,43.3506546020508,-8.42829322814941,"Unknown"
"7014853",371857,2025-08-07 19:10:00,43.3507652282715,-8.42838287353516,"Unknown"
"7014853",371857,2025-08-07 19:15:00,43.350700378418,-8.42819023132324,"Unknown"
"7014853",371857,2025-08-07 19:20:00,43.3507041931152,-8.42824172973633,"Unknown"
"7014853",371857,2025-08-07 19:25:15,43.350643157959,-8.42857456207275,"Unknown"
"7014853",371857,2025-08-07 19:30:14,43.3506774902344,-8.42837429046631,"Unknown"
"7014853",371857,2025-08-07 19:34:59,43.3507347106934,-8.42793464660645,"Unknown"
"7014853",371857,2025-08-07 19:39:57,43.3510131835938,-8.42773914337158,"Unknown"
"7014853",371857,2025-08-07 19:44:59,43.3509254455566,-8.42789649963379,"Unknown"
"7014853",371857,2025-08-07 19:49:59,43.3517608642578,-8.42456817626953,"Unknown"
"7014853",371857,2025-08-07 19:55:08,43.3507308959961,-8.42724895477295,"Unknown"
"7014853",371857,2025-08-07 19:59:59,43.3521766662598,-8.42437839508057,"Unknown"
"7014853",371857,2025-08-07 20:05:06,43.3530120849609,-8.42956638336182,"Unknown"
"7014853",371857,2025-08-07 20:10:15,43.3526840209961,-8.41769027709961,"Unknown"
"7014853",371857,2025-08-07 20:15:00,43.3526725769043,-8.41772174835205,"Unknown"
"7014853",371857,2025-08-07 20:20:01,43.3537254333496,-8.41363430023193,"Unknown"
"7014853",371857,2025-08-07 20:25:00,43.3505706787109,-8.42722702026367,"Unknown"
"7014853",371857,2025-08-07 20:30:06,43.3521423339844,-8.42401695251465,"Unknown"
"7014853",371857,2025-08-08 01:30:15,43.351936340332,-8.42421913146973,"Unknown"
"7014853",371857,2025-08-08 05:36:15,43.3497467041016,-8.42757797241211,"Unknown"
"7014853",371857,2025-08-08 05:40:57,43.3498878479004,-8.42787647247314,"Unknown"
"7014853",371857,2025-08-08 05:45:55,43.3497123718262,-8.42759418487549,"Unknown"
"7014853",371857,2025-08-08 05:50:49,43.3498992919922,-8.42742156982422,"Unknown"
"7014853",371857,2025-08-08 05:55:54,43.3498840332031,-8.42755031585693,"Unknown"
"7014853",371857,2025-08-08 06:00:55,43.3499526977539,-8.42777633666992,"Unknown"
"7014853",371857,2025-08-08 06:05:50,43.3498916625977,-8.42754650115967,"Unknown"
"7014853",371857,2025-08-08 06:10:50,43.3500938415527,-8.42799663543701,"Unknown"
"7014853",371857,2025-08-08 06:15:50,43.3499755859375,-8.42807197570801,"Unknown"
"7014853",371857,2025-08-08 06:20:49,43.3500442504883,-8.42810249328613,"Unknown"
"7014853",371857,2025-08-08 06:26:14,43.3501625061035,-8.43264770507812,"Unknown"
"7014853",371857,2025-08-08 06:30:50,43.3508338928223,-8.43233013153076,"Unknown"
"7014853",371857,2025-08-08 06:35:49,43.3517265319824,-8.43983745574951,"Unknown"
"7014853",371857,2025-08-08 06:40:51,43.356014251709,-8.45727252960205,"Unknown"
"7014853",371857,2025-08-08 06:45:49,43.3559379577637,-8.45726013183594,"Unknown"
"7014853",371857,2025-08-08 06:50:58,43.3562774658203,-8.45699501037598,"Unknown"
"7014853",371857,2025-08-08 06:55:51,43.3559379577637,-8.45695877075195,"Unknown"
"7014853",371857,2025-08-08 07:00:50,43.3561325073242,-8.45712661743164,"Unknown"
"7014853",371857,2025-08-08 07:05:49,43.3562507629395,-8.45722198486328,"Unknown"
"7014853",371857,2025-08-08 07:10:48,43.3562469482422,-8.45705032348633,"Unknown"
"7014853",371857,2025-08-08 07:15:51,43.3563995361328,-8.4568452835083,"Unknown"
"7014853",371857,2025-08-08 07:20:50,43.3563766479492,-8.45690059661865,"Unknown"
"7014853",371857,2025-08-08 07:25:50,43.3563690185547,-8.45698261260986,"Unknown"
"7014853",371857,2025-08-08 07:30:51,43.3557357788086,-8.45668125152588,"Unknown"
"7014853",371857,2025-08-08 07:35:49,43.3564224243164,-8.45654964447021,"Unknown"
"7014853",371857,2025-08-08 07:40:49,43.3563957214355,-8.45675563812256,"Unknown"
"7014853",371857,2025-08-08 07:45:49,43.3564147949219,-8.45666599273682,"Unknown"
"7014853",371857,2025-08-08 07:50:49,43.3564834594727,-8.45663738250732,"Unknown"
"7014853",371857,2025-08-08 07:55:49,43.3565139770508,-8.45660305023193,"Unknown"
"7014853",371857,2025-08-08 08:01:00,43.3568000793457,-8.45712280273438,"Unknown"
"7014853",371857,2025-08-08 08:05:50,43.3562088012695,-8.45641613006592,"Unknown"
"7014853",371857,2025-08-08 08:10:49,43.3564605712891,-8.45685195922852,"Unknown"
"7014853",371857,2025-08-08 08:15:48,43.3567237854004,-8.45680999755859,"Unknown"
"7014853",371857,2025-08-08 08:20:51,43.3565673828125,-8.45663547515869,"Unknown"
"7014853",371857,2025-08-08 08:25:49,43.3568687438965,-8.45697021484375,"Unknown"
"7014853",371857,2025-08-08 08:30:52,43.3569793701172,-8.45672225952148,"Unknown"
"7014853",371857,2025-08-08 08:35:50,43.3564491271973,-8.457106590271,"Unknown"
"7014853",371857,2025-08-08 08:40:58,43.3567428588867,-8.45674514770508,"Unknown"
"7014853",371857,2025-08-08 08:45:52,43.3563537597656,-8.45648860931396,"Unknown"
"7014853",371857,2025-08-08 08:50:52,43.3565979003906,-8.45701503753662,"Unknown"
"7014853",371857,2025-08-08 08:55:50,43.3567085266113,-8.45704174041748,"Unknown"
"7014853",371857,2025-08-08 09:01:03,43.3566741943359,-8.45707511901855,"Unknown"
"7014853",371857,2025-08-08 09:06:01,43.3565902709961,-8.4568920135498,"Unknown"
"7014853",371857,2025-08-08 09:10:57,43.3566589355469,-8.45682525634766,"Unknown"
"7014853",371857,2025-08-08 09:15:49,43.3570213317871,-8.47134780883789,"Unknown"
"7014853",371857,2025-08-08 09:20:49,43.3526344299316,-8.47732257843018,"Unknown"
"7014853",371857,2025-08-08 09:25:49,43.3526954650879,-8.47725391387939,"Unknown"
"7014853",371857,2025-08-08 09:30:49,43.3527336120605,-8.47744464874268,"Unknown"
"7014853",371857,2025-08-08 09:35:48,43.3525619506836,-8.4773998260498,"Unknown"
"7014853",371857,2025-08-08 09:40:49,43.3525733947754,-8.4774694442749,"Unknown"
"7014853",371857,2025-08-08 09:45:50,43.3517913818359,-8.47743988037109,"Unknown"
"7014853",371857,2025-08-08 09:50:50,43.3524284362793,-8.47750377655029,"Unknown"
"7014853",371857,2025-08-08 09:55:49,43.3524169921875,-8.47757530212402,"Unknown"
"7014853",371857,2025-08-08 10:00:50,43.352237701416,-8.47760486602783,"Unknown"
"7014853",371857,2025-08-08 10:05:49,43.3522834777832,-8.47755241394043,"Unknown"
"7014853",371857,2025-08-08 10:10:51,43.3522415161133,-8.47744655609131,"Unknown"
"7014853",371857,2025-08-08 10:15:50,43.3523559570312,-8.47754955291748,"Unknown"
"7014853",371857,2025-08-08 10:20:50,43.3523139953613,-8.47760391235352,"Unknown"
"7014853",371857,2025-08-08 10:25:51,43.3532829284668,-8.47504806518555,"Unknown"
"7014853",371857,2025-08-08 10:30:52,43.3540191650391,-8.47484111785889,"Unknown"
"7014853",371857,2025-08-08 10:35:48,43.3541564941406,-8.47477054595947,"Unknown"
"7014853",371857,2025-08-08 10:40:48,43.3541297912598,-8.47472476959229,"Unknown"
"7014853",371857,2025-08-08 10:45:50,43.3540916442871,-8.47469043731689,"Unknown"
"7014853",371857,2025-08-08 10:50:50,43.3541145324707,-8.47459983825684,"Unknown"
"7014853",371857,2025-08-08 10:55:50,43.3540725708008,-8.47461986541748,"Unknown"
"7014853",371857,2025-08-08 11:00:49,43.354076385498,-8.47468090057373,"Unknown"
"7014853",371857,2025-08-08 11:05:53,43.3540306091309,-8.47463417053223,"Unknown"
"7014853",371857,2025-08-08 11:10:51,43.3559761047363,-8.45695400238037,"Unknown"
"7014853",371857,2025-08-08 11:16:00,43.3553924560547,-8.45814895629883,"Unknown"
"7014853",371857,2025-08-08 11:20:49,43.3563842773438,-8.4572286605835,"Unknown"
"7014853",371857,2025-08-08 11:25:51,43.356372833252,-8.45724296569824,"Unknown"
"7014853",371857,2025-08-08 11:30:50,43.3563499450684,-8.45714569091797,"Unknown"
"7014853",371857,2025-08-08 11:35:50,43.3544578552246,-8.45838356018066,"Unknown"
"7014853",371857,2025-08-08 11:40:50,43.3569297790527,-8.45816707611084,"Unknown"
"7014853",371857,2025-08-08 11:45:50,43.3566932678223,-8.45700168609619,"Unknown"
"7014853",371857,2025-08-08 11:50:54,43.3564949035645,-8.4571704864502,"Unknown"
"7014853",371857,2025-08-08 11:55:54,43.3572196960449,-8.45727729797363,"Unknown"
"7014853",371857,2025-08-08 12:01:08,43.3562927246094,-8.45700836181641,"Unknown"
"7014853",371857,2025-08-08 12:05:58,43.3563003540039,-8.45734786987305,"Unknown"
"7014853",371857,2025-08-08 12:10:54,43.3566017150879,-8.45716285705566,"Unknown"
"7014853",371857,2025-08-08 12:15:58,43.3565559387207,-8.45703125,"Unknown"
"7014853",371857,2025-08-08 12:21:06,43.3563194274902,-8.45653343200684,"Unknown"
"7014853",371857,2025-08-08 12:25:49,43.354564666748,-8.45857524871826,"Unknown"
"7014853",371857,2025-08-08 12:30:49,43.3540954589844,-8.45789432525635,"Unknown"
"7014853",371857,2025-08-08 12:35:50,43.3544845581055,-8.45823097229004,"Unknown"
"7014853",371857,2025-08-08 12:40:50,43.3544120788574,-8.45822715759277,"Unknown"
"7014853",371857,2025-08-08 12:45:49,43.3547515869141,-8.45853996276855,"Unknown"
"7014853",371857,2025-08-08 12:50:49,43.3547286987305,-8.45856285095215,"Unknown"
"7014853",371857,2025-08-08 12:55:49,43.3548240661621,-8.45853900909424,"Unknown"
"7014853",371857,2025-08-08 13:00:50,43.3549156188965,-8.45849990844727,"Unknown"
"7014853",371857,2025-08-08 13:05:50,43.3563537597656,-8.45703792572021,"Unknown"
"7014853",371857,2025-08-08 13:10:50,43.3563957214355,-8.45708274841309,"Unknown"
"7014853",371857,2025-08-08 13:15:49,43.3566284179688,-8.45730590820312,"Unknown"
"7014853",371857,2025-08-08 13:20:49,43.3572959899902,-8.45865726470947,"Unknown"
"7014853",371857,2025-08-08 13:25:49,43.3732643127441,-8.46209812164307,"Unknown"
"7014853",371857,2025-08-08 13:30:50,43.3821754455566,-8.44615459442139,"Unknown"
"7014853",371857,2025-08-08 13:35:51,43.3826560974121,-8.44679355621338,"Unknown"
"7014853",371857,2025-08-08 13:40:53,43.3827247619629,-8.44668006896973,"Unknown"
"7014853",371857,2025-08-08 13:45:51,43.3826904296875,-8.44669437408447,"Unknown"
"7014853",371857,2025-08-08 13:50:53,43.3826866149902,-8.44674301147461,"Unknown"
"7014853",371857,2025-08-08 13:55:49,43.3826637268066,-8.44677448272705,"Unknown"
"7014853",371857,2025-08-08 14:00:49,43.3826370239258,-8.44688415527344,"Unknown"
"7014853",371857,2025-08-08 14:05:49,43.3826217651367,-8.4468936920166,"Unknown"
"7014853",371857,2025-08-08 14:10:49,43.3826103210449,-8.44685649871826,"Unknown"
"7014853",371857,2025-08-08 14:15:50,43.3827857971191,-8.44718456268311,"Unknown"
"7014853",371857,2025-08-08 14:20:49,43.3827934265137,-8.44705295562744,"Unknown"
"7014853",371857,2025-08-08 14:25:51,43.3828353881836,-8.44707584381104,"Unknown"
"7014853",371857,2025-08-08 14:30:49,43.3828201293945,-8.44696807861328,"Unknown"
"7014853",371857,2025-08-08 14:35:49,43.3819541931152,-8.44722270965576,"Unknown"
"7014853",371857,2025-08-08 14:40:51,43.3818206787109,-8.44715213775635,"Unknown"
"7014853",371857,2025-08-08 14:45:51,43.3817558288574,-8.44705581665039,"Unknown"
"7014853",371857,2025-08-08 14:50:49,43.3818130493164,-8.44709014892578,"Unknown"
"7014853",371857,2025-08-08 14:55:51,43.3817939758301,-8.44717311859131,"Unknown"
"7014853",371857,2025-08-08 15:00:52,43.3819046020508,-8.44737339019775,"Unknown"
"7014853",371857,2025-08-08 15:06:07,43.3822174072266,-8.4470796585083,"Unknown"
"7014853",371857,2025-08-08 15:11:07,43.3821983337402,-8.44704437255859,"Unknown"
"7014853",371857,2025-08-08 15:16:05,43.3821144104004,-8.44706535339355,"Unknown"
"7014853",371857,2025-08-08 15:20:51,43.3820877075195,-8.44711303710938,"Unknown"
"7014853",371857,2025-08-08 15:25:51,43.3821487426758,-8.44730663299561,"Unknown"
"7014853",371857,2025-08-08 15:30:51,43.3819808959961,-8.44718742370605,"Unknown"
"7014853",371857,2025-08-08 15:36:00,43.3820419311523,-8.44727230072021,"Unknown"
"7014853",371857,2025-08-08 15:40:53,43.3821105957031,-8.44729900360107,"Unknown"
"7014853",371857,2025-08-08 15:45:50,43.3890151977539,-8.45468044281006,"Unknown"
"7014853",371857,2025-08-08 15:50:50,43.4077262878418,-8.44058418273926,"Unknown"
"7014853",371857,2025-08-08 15:55:51,43.4152069091797,-8.43849563598633,"Unknown"
"7014853",371857,2025-08-08 16:00:49,43.4011878967285,-8.41396236419678,"Unknown"
"7014853",371857,2025-08-08 16:05:49,43.3947067260742,-8.39876747131348,"Unknown"
"7014853",371857,2025-08-08 16:10:49,43.3890266418457,-8.39921951293945,"Unknown"
"7014853",371857,2025-08-08 16:15:53,43.3877029418945,-8.40460586547852,"Unknown"
"7014853",371857,2025-08-08 16:20:51,43.3877792358398,-8.40458679199219,"Unknown"
"7014853",371857,2025-08-08 16:25:50,43.3891677856445,-8.40018081665039,"Unknown"
"7014853",371857,2025-08-08 16:30:50,43.4040870666504,-8.40241432189941,"Unknown"
"7014853",371857,2025-08-08 16:35:50,43.4204216003418,-8.3928337097168,"Unknown"
"7014853",371857,2025-08-08 16:40:49,43.4266357421875,-8.38738536834717,"Unknown"
"7014853",371857,2025-08-08 16:45:50,43.4414443969727,-8.38876819610596,"Unknown"
"7014853",371857,2025-08-08 16:50:50,43.4297752380371,-8.37166500091553,"Unknown"
"7014853",371857,2025-08-08 16:55:51,43.4150161743164,-8.37058639526367,"Unknown"
"7014853",371857,2025-08-08 17:00:50,43.4144973754883,-8.39012336730957,"Unknown"
"7014853",371857,2025-08-08 17:05:50,43.4264259338379,-8.41606426239014,"Unknown"
"7014853",371857,2025-08-08 17:10:50,43.4169120788574,-8.40683555603027,"Unknown"
"7014853",371857,2025-08-08 17:17:05,43.4037780761719,-8.39666938781738,"Unknown"
"7014853",371857,2025-08-08 17:20:49,43.3954048156738,-8.39054107666016,"Unknown"
"7014853",371857,2025-08-08 17:25:49,43.3884620666504,-8.38599395751953,"Unknown"
"7014853",371857,2025-08-08 17:30:49,43.3755874633789,-8.38313388824463,"Unknown"
"7014853",371857,2025-08-08 17:35:49,43.3759880065918,-8.42088890075684,"Unknown"
"7014853",371857,2025-08-08 17:40:53,43.3769264221191,-8.42449951171875,"Unknown"
"7014853",371857,2025-08-08 17:45:54,43.3768997192383,-8.42410182952881,"Unknown"
"7014853",371857,2025-08-08 17:50:52,43.3767852783203,-8.42399311065674,"Unknown"
"7014853",371857,2025-08-08 17:56:02,43.3768539428711,-8.42427444458008,"Unknown"
"7014853",371857,2025-08-08 18:00:49,43.3780097961426,-8.43038082122803,"Unknown"
"7014853",371857,2025-08-08 18:05:49,43.3826179504395,-8.4724702835083,"Unknown"
"7014853",371857,2025-08-08 18:10:50,43.3740463256836,-8.47098350524902,"Unknown"
"7014853",371857,2025-08-08 18:15:51,43.3567085266113,-8.4571590423584,"Unknown"
"7014853",371857,2025-08-08 18:20:54,43.3566856384277,-8.45707225799561,"Unknown"
"7014853",371857,2025-08-08 18:25:50,43.3566703796387,-8.4570255279541,"Unknown"
"7014853",371857,2025-08-08 18:30:58,43.3565673828125,-8.45735168457031,"Unknown"
"7014853",371857,2025-08-08 18:36:00,43.3564643859863,-8.45682048797607,"Unknown"
"7014853",371857,2025-08-08 18:41:06,43.3558692932129,-8.45624351501465,"Unknown"
"7014853",371857,2025-08-08 18:45:50,43.3584022521973,-8.45785522460938,"Unknown"
"7014853",371857,2025-08-08 18:50:51,43.3409118652344,-8.45346069335938,"Unknown"
"7014853",371857,2025-08-08 18:55:53,43.3424415588379,-8.44917488098145,"Unknown"
"7014853",371857,2025-08-08 19:00:54,43.3505973815918,-8.4277515411377,"Unknown"
"7014853",371857,2025-08-08 19:06:02,43.3486099243164,-8.42544746398926,"Unknown"
"7014853",371857,2025-08-08 19:10:52,43.3508605957031,-8.42809200286865,"Unknown"
"7014853",371857,2025-08-08 19:15:53,43.3507804870605,-8.42800140380859,"Unknown"
"7014853",371857,2025-08-08 19:21:01,43.35107421875,-8.42867088317871,"Unknown"
"7014853",371857,2025-08-08 19:25:57,43.3510932922363,-8.4284029006958,"Unknown"
"7014853",371857,2025-08-08 19:31:10,43.3511199951172,-8.42858982086182,"Unknown"
"7014853",371857,2025-08-08 19:35:54,43.3513298034668,-8.42876720428467,"Unknown"
"7014853",371857,2025-08-08 19:40:54,43.3517990112305,-8.42756175994873,"Unknown"
"7014853",371857,2025-08-08 19:45:51,43.3511962890625,-8.42819118499756,"Unknown"
"7014853",371857,2025-08-08 19:50:55,43.3514060974121,-8.4283971786499,"Unknown"
"7014853",371857,2025-08-08 19:56:06,43.349723815918,-8.42722415924072,"Unknown"
"7014853",371857,2025-08-08 20:01:00,43.3526916503906,-8.42487239837646,"Unknown"
"7014853",371857,2025-08-08 20:06:00,43.3528137207031,-8.42486953735352,"Unknown"
"7014853",371857,2025-08-08 20:11:00,43.3524627685547,-8.42493438720703,"Unknown"
"7014853",371857,2025-08-08 20:16:23,43.3519287109375,-8.42442035675049,"Unknown"
"7014853",371857,2025-08-08 20:20:59,43.3522911071777,-8.42439460754395,"Unknown"
"7014853",371857,2025-08-08 20:25:57,43.3520851135254,-8.42443943023682,"Unknown"
"7014853",371857,2025-08-08 20:28:37,43.3535614013672,-8.42559814453125,"Unknown"
"7014853",371857,2025-08-09 01:28:59,43.3520965576172,-8.42423248291016,"Unknown"
"7014853",371857,2025-08-09 05:37:11,43.3502464294434,-8.43242168426514,"Unknown"
"7014853",371857,2025-08-09 05:42:01,43.3502311706543,-8.4325475692749,"Unknown"
"7014853",371857,2025-08-09 05:46:55,43.3522796630859,-8.44166469573975,"Unknown"
"7014853",371857,2025-08-09 05:51:58,43.3565635681152,-8.45692729949951,"Unknown"
"7014853",371857,2025-08-09 05:57:02,43.3565406799316,-8.45690441131592,"Unknown"
"7014853",371857,2025-08-09 06:01:58,43.3563652038574,-8.45650386810303,"Unknown"
"7014853",371857,2025-08-09 06:07:09,43.3567848205566,-8.45702266693115,"Unknown"
"7014853",371857,2025-08-09 06:11:58,43.3564987182617,-8.45707607269287,"Unknown"
"7014853",371857,2025-08-09 06:16:57,43.3565635681152,-8.45709991455078,"Unknown"
"7014853",371857,2025-08-09 06:22:09,43.3565063476562,-8.45679187774658,"Unknown"
"7014853",371857,2025-08-09 06:27:14,43.3563537597656,-8.45689010620117,"Unknown"
"7014853",371857,2025-08-09 06:32:01,43.3565902709961,-8.45724964141846,"Unknown"
"7014853",371857,2025-08-09 06:37:22,43.3564605712891,-8.45671272277832,"Unknown"
"7014853",371857,2025-08-09 06:41:55,43.3566398620605,-8.45721244812012,"Unknown"
"7014853",371857,2025-08-09 06:47:13,43.3564720153809,-8.45695304870605,"Unknown"
"7014853",371857,2025-08-09 06:52:00,43.3565101623535,-8.4569206237793,"Unknown"
"7014853",371857,2025-08-09 06:56:58,43.3565254211426,-8.45689487457275,"Unknown"
"7014853",371857,2025-08-09 07:02:13,43.3560981750488,-8.45710372924805,"Unknown"
"7014853",371857,2025-08-09 07:06:56,43.356372833252,-8.45682144165039,"Unknown"
"7014853",371857,2025-08-09 07:11:54,43.3567352294922,-8.45703792572021,"Unknown"
"7014853",371857,2025-08-09 07:16:55,43.3564605712891,-8.45697021484375,"Unknown"
"7014853",371857,2025-08-09 07:21:56,43.3561782836914,-8.45699977874756,"Unknown"
"7014853",371857,2025-08-09 07:27:02,43.3564758300781,-8.45694351196289,"Unknown"
"7014853",371857,2025-08-09 07:32:13,43.356575012207,-8.45696640014648,"Unknown"
"7014853",371857,2025-08-09 07:36:54,43.356876373291,-8.45629119873047,"Unknown"
"7014853",371857,2025-08-09 07:42:00,43.3566207885742,-8.45691776275635,"Unknown"
"7014853",371857,2025-08-09 07:46:53,43.356746673584,-8.45695018768311,"Unknown"
"7014853",371857,2025-08-09 07:52:07,43.3565101623535,-8.45696926116943,"Unknown"
"7014853",371857,2025-08-09 07:56:56,43.3564147949219,-8.45671367645264,"Unknown"
"7014853",371857,2025-08-09 08:01:57,43.3567199707031,-8.45629501342773,"Unknown"
"7014853",371857,2025-08-09 08:06:59,43.3567657470703,-8.45628643035889,"Unknown"
"7014853",371857,2025-08-09 08:12:06,43.3562850952148,-8.45684337615967,"Unknown"
"7014853",371857,2025-08-09 08:17:03,43.3556289672852,-8.4570140838623,"Unknown"
"7014853",371857,2025-08-09 08:22:02,43.3554954528809,-8.45789337158203,"Unknown"
"7014853",371857,2025-08-09 08:27:09,43.3549690246582,-8.45763301849365,"Unknown"
"7014853",371857,2025-08-09 08:32:29,43.3561782836914,-8.45702362060547,"Unknown"
"7014853",371857,2025-08-09 08:36:55,43.3563079833984,-8.45780849456787,"Unknown"
"7014853",371857,2025-08-09 08:41:58,43.3561515808105,-8.45661640167236,"Unknown"
"7014853",371857,2025-08-09 08:46:55,43.3564720153809,-8.45733547210693,"Unknown"
"7014853",371857,2025-08-09 08:52:00,43.3565902709961,-8.4572868347168,"Unknown"
"7014853",371857,2025-08-09 08:56:53,43.3553695678711,-8.4584379196167,"Unknown"
"7014853",371857,2025-08-09 09:02:01,43.3550605773926,-8.45775127410889,"Unknown"
"7014853",371857,2025-08-09 09:07:00,43.355396270752,-8.4578971862793,"Unknown"
"7014853",371857,2025-08-09 09:11:54,43.3553657531738,-8.45823192596436,"Unknown"
"7014853",371857,2025-08-09 09:16:53,43.355052947998,-8.45775318145752,"Unknown"
"7014853",371857,2025-08-09 09:21:54,43.355297088623,-8.45777988433838,"Unknown"
"7014853",371857,2025-08-09 09:27:00,43.3545837402344,-8.4566707611084,"Unknown"
"7014853",371857,2025-08-09 09:32:10,43.3549919128418,-8.45706081390381,"Unknown"
"7014853",371857,2025-08-09 09:36:55,43.3551025390625,-8.45694828033447,"Unknown"
"7014853",371857,2025-08-09 09:41:57,43.3549842834473,-8.45740795135498,"Unknown"
"7014853",371857,2025-08-09 09:47:00,43.3551979064941,-8.45698165893555,"Unknown"
"7014853",371857,2025-08-09 09:52:04,43.3549118041992,-8.45797348022461,"Unknown"
"7014853",371857,2025-08-09 09:57:00,43.3553619384766,-8.45690250396729,"Unknown"
"7014853",371857,2025-08-09 10:02:03,43.3543548583984,-8.45733261108398,"Unknown"
"7014853",371857,2025-08-09 10:07:05,43.3548698425293,-8.45773792266846,"Unknown"
"7014853",371857,2025-08-09 10:11:56,43.3560981750488,-8.45833683013916,"Unknown"
"7014853",371857,2025-08-09 10:17:29,43.3564033508301,-8.45701885223389,"Unknown"
"7014853",371857,2025-08-09 10:21:54,43.3563613891602,-8.45696926116943,"Unknown"
"7014853",371857,2025-08-09 10:27:00,43.3564147949219,-8.45709991455078,"Unknown"
"7014853",371857,2025-08-09 10:31:55,43.3563346862793,-8.45704364776611,"Unknown"
"7014853",371857,2025-08-09 10:37:03,43.3564834594727,-8.45711517333984,"Unknown"
"7014853",371857,2025-08-09 10:42:05,43.3562240600586,-8.45717144012451,"Unknown"
"7014853",371857,2025-08-09 10:47:13,43.3561363220215,-8.45688915252686,"Unknown"
"7014853",371857,2025-08-09 10:51:59,43.3561706542969,-8.45654392242432,"Unknown"
"7014853",371857,2025-08-09 10:57:07,43.3565368652344,-8.45680236816406,"Unknown"
"7014853",371857,2025-08-09 11:02:03,43.3564376831055,-8.45688343048096,"Unknown"
"7014853",371857,2025-08-09 11:06:54,43.3576278686523,-8.46646690368652,"Unknown"
"7014853",371857,2025-08-09 11:11:54,43.3544616699219,-8.4793529510498,"Unknown"
"7014853",371857,2025-08-09 11:16:54,43.3552551269531,-8.473708152771,"Unknown"
"7014853",371857,2025-08-09 11:21:58,43.3553886413574,-8.47362613677979,"Unknown"
"7014853",371857,2025-08-09 11:26:57,43.354305267334,-8.47294998168945,"Unknown"
"7014853",371857,2025-08-09 11:31:56,43.3578071594238,-8.46901226043701,"Unknown"
"7014853",371857,2025-08-09 11:37:32,43.3576316833496,-8.46889781951904,"Unknown"
"7014853",371857,2025-08-09 11:42:07,43.3576278686523,-8.46888160705566,"Unknown"
"7014853",371857,2025-08-09 11:47:00,43.3577079772949,-8.46881580352783,"Unknown"
"7014853",371857,2025-08-09 11:52:29,43.3575248718262,-8.46863651275635,"Unknown"
"7014853",371857,2025-08-09 11:56:54,43.3575439453125,-8.46870231628418,"Unknown"
"7014853",371857,2025-08-09 12:02:06,43.3574752807617,-8.46864891052246,"Unknown"
"7014853",371857,2025-08-09 12:07:06,43.357234954834,-8.46876525878906,"Unknown"
"7014853",371857,2025-08-09 12:12:06,43.357479095459,-8.46872901916504,"Unknown"
"7014853",371857,2025-08-09 12:17:01,43.3572883605957,-8.46877956390381,"Unknown"
"7014853",371857,2025-08-09 12:22:00,43.3573760986328,-8.4688892364502,"Unknown"
"7014853",371857,2025-08-09 12:27:06,43.3572845458984,-8.4689474105835,"Unknown"
"7014853",371857,2025-08-09 12:32:00,43.3572044372559,-8.46896553039551,"Unknown"
"7014853",371857,2025-08-09 12:37:14,43.357421875,-8.46850490570068,"Unknown"
"7014853",371857,2025-08-09 12:41:59,43.357421875,-8.46849632263184,"Unknown"
"7014853",371857,2025-08-09 12:46:56,43.3574371337891,-8.46851348876953,"Unknown"
"7014853",371857,2025-08-09 12:52:29,43.3574523925781,-8.46851634979248,"Unknown"
"7014853",371857,2025-08-09 12:56:54,43.3574409484863,-8.46852493286133,"Unknown"
"7014853",371857,2025-08-09 13:01:57,43.3574295043945,-8.46813678741455,"Unknown"
"7014853",371857,2025-08-09 13:07:00,43.3574180603027,-8.46830368041992,"Unknown"
"7014853",371857,2025-08-09 13:11:56,43.3575706481934,-8.46888256072998,"Unknown"
"7014853",371857,2025-08-09 13:16:58,43.357666015625,-8.46912288665771,"Unknown"
"7014853",371857,2025-08-09 13:21:56,43.3523063659668,-8.47873497009277,"Unknown"
"7014853",371857,2025-08-09 13:27:00,43.3524322509766,-8.47944355010986,"Unknown"
"7014853",371857,2025-08-09 13:31:59,43.3523979187012,-8.47898387908936,"Unknown"
"7014853",371857,2025-08-09 13:36:54,43.3521499633789,-8.47784042358398,"Unknown"
"7014853",371857,2025-08-09 13:41:55,43.3530006408691,-8.47905254364014,"Unknown"
"7014853",371857,2025-08-09 13:46:55,43.3542518615723,-8.47420310974121,"Unknown"
"7014853",371857,2025-08-09 13:51:55,43.3484802246094,-8.44424057006836,"Unknown"
"7014853",371857,2025-08-09 13:56:59,43.3504676818848,-8.42872047424316,"Unknown"
"7014853",371857,2025-08-09 14:01:57,43.3506202697754,-8.42842483520508,"Unknown"
"7014853",371857,2025-08-09 14:06:54,43.3505172729492,-8.42835235595703,"Unknown"
"7014853",371857,2025-08-09 14:11:55,43.3505630493164,-8.42827987670898,"Unknown"
"7014853",371857,2025-08-09 14:16:54,43.3505554199219,-8.42848205566406,"Unknown"
"7014853",371857,2025-08-09 14:21:54,43.3521347045898,-8.42636966705322,"Unknown"
"7014853",371857,2025-08-09 14:26:54,43.3523368835449,-8.42823028564453,"Unknown"
"7014853",371857,2025-08-09 14:31:56,43.3522872924805,-8.42804622650146,"Unknown"
"7014853",371857,2025-08-09 14:36:59,43.352481842041,-8.42820835113525,"Unknown"
"7014853",371857,2025-08-09 14:42:01,43.3522529602051,-8.42782211303711,"Unknown"
"7014853",371857,2025-08-09 14:46:55,43.3522796630859,-8.42812156677246,"Unknown"
"7014853",371857,2025-08-09 14:51:54,43.3524398803711,-8.42826843261719,"Unknown"
"7014853",371857,2025-08-09 14:56:54,43.3523139953613,-8.42791843414307,"Unknown"
"7014853",371857,2025-08-09 15:01:58,43.3524551391602,-8.42806720733643,"Unknown"
"7014853",371857,2025-08-09 15:06:55,43.3523483276367,-8.42804050445557,"Unknown"
"7014853",371857,2025-08-09 15:11:57,43.3523635864258,-8.42791938781738,"Unknown"
"7014853",371857,2025-08-09 15:16:57,43.3527030944824,-8.42833614349365,"Unknown"
"7014853",371857,2025-08-09 15:21:54,43.3524551391602,-8.42812156677246,"Unknown"
"7014853",371857,2025-08-09 15:26:54,43.3523979187012,-8.42802810668945,"Unknown"
"7014853",371857,2025-08-09 15:31:58,43.3526649475098,-8.4282808303833,"Unknown"
"7014853",371857,2025-08-09 15:36:59,43.3523178100586,-8.42800712585449,"Unknown"
"7014853",371857,2025-08-09 15:42:00,43.3529205322266,-8.42814350128174,"Unknown"
"7014853",371857,2025-08-09 15:47:00,43.3521156311035,-8.4278450012207,"Unknown"
"7014853",371857,2025-08-09 15:51:57,43.3525886535645,-8.42801284790039,"Unknown"
"7014853",371857,2025-08-09 15:57:06,43.3519325256348,-8.4283390045166,"Unknown"
"7014853",371857,2025-08-09 16:01:57,43.3525505065918,-8.42831707000732,"Unknown"
"7014853",371857,2025-08-09 16:07:10,43.3523864746094,-8.42787933349609,"Unknown"
"7014853",371857,2025-08-09 16:12:00,43.3520812988281,-8.42773723602295,"Unknown"
"7014853",371857,2025-08-09 16:16:54,43.3521385192871,-8.42764282226562,"Unknown"
"7014853",371857,2025-08-09 16:21:54,43.3521308898926,-8.42759418487549,"Unknown"
"7014853",371857,2025-08-09 16:26:54,43.3520088195801,-8.42725372314453,"Unknown"
"7014853",371857,2025-08-09 16:31:54,43.3532638549805,-8.45554637908936,"Unknown"
"7014853",371857,2025-08-09 16:36:54,43.3564414978027,-8.45658874511719,"Unknown"
"7014853",371857,2025-08-09 16:41:58,43.3565559387207,-8.45424938201904,"Unknown"
"7014853",371857,2025-08-09 16:46:55,43.3564834594727,-8.4565601348877,"Unknown"
"7014853",371857,2025-08-09 16:51:55,43.3418579101562,-8.45262145996094,"Unknown"
"7014853",371857,2025-08-09 16:56:55,43.3405303955078,-8.45330238342285,"Unknown"
"7014853",371857,2025-08-09 17:01:58,43.341064453125,-8.45193290710449,"Unknown"
"7014853",371857,2025-08-09 17:06:59,43.3410911560059,-8.45211982727051,"Unknown"
"7014853",371857,2025-08-09 17:12:09,43.3409614562988,-8.45246315002441,"Unknown"
"7014853",371857,2025-08-09 17:17:01,43.3410339355469,-8.45219135284424,"Unknown"
"7014853",371857,2025-08-09 17:21:56,43.3408203125,-8.45267772674561,"Unknown"
"7014853",371857,2025-08-09 17:26:59,43.340950012207,-8.45266819000244,"Unknown"
"7014853",371857,2025-08-09 17:31:54,43.3412971496582,-8.45227909088135,"Unknown"
"7014853",371857,2025-08-09 17:36:57,43.3408012390137,-8.4526948928833,"Unknown"
"7014853",371857,2025-08-09 17:42:00,43.3410682678223,-8.45277976989746,"Unknown"
"7014853",371857,2025-08-09 17:46:55,43.3479461669922,-8.43580913543701,"Unknown"
"7014853",371857,2025-08-09 17:51:57,43.3501815795898,-8.42687129974365,"Unknown"
"7014853",371857,2025-08-09 17:57:04,43.3505020141602,-8.42813777923584,"Unknown"
"7014853",371857,2025-08-09 18:01:56,43.3502616882324,-8.42814159393311,"Unknown"
"7014853",371857,2025-08-09 18:06:56,43.3501930236816,-8.42810535430908,"Unknown"
"7014853",371857,2025-08-09 18:11:55,43.3501586914062,-8.42831707000732,"Unknown"
"7014853",371857,2025-08-09 18:16:55,43.3505401611328,-8.42814922332764,"Unknown"
"7014853",371857,2025-08-09 18:21:55,43.350456237793,-8.42816734313965,"Unknown"
"7014853",371857,2025-08-09 18:26:55,43.3502388000488,-8.42830944061279,"Unknown"
"7014853",371857,2025-08-09 18:31:56,43.3505973815918,-8.42830276489258,"Unknown"
"7014853",371857,2025-08-09 18:36:56,43.3506088256836,-8.42823219299316,"Unknown"
"7014853",371857,2025-08-09 18:41:57,43.3503799438477,-8.42817306518555,"Unknown"
"7014853",371857,2025-08-09 18:46:55,43.3504295349121,-8.42819309234619,"Unknown"
"7014853",371857,2025-08-09 18:51:55,43.3502311706543,-8.42824554443359,"Unknown"
"7014853",371857,2025-08-09 18:56:55,43.3502578735352,-8.42813682556152,"Unknown"
"7014853",371857,2025-08-09 19:01:55,43.3503570556641,-8.42820930480957,"Unknown"
"7014853",371857,2025-08-09 19:06:55,43.3504981994629,-8.42823505401611,"Unknown"
"7014853",371857,2025-08-09 19:11:55,43.3504829406738,-8.4282398223877,"Unknown"
"7014853",371857,2025-08-09 19:16:58,43.3504524230957,-8.42828559875488,"Unknown"
"7014853",371857,2025-08-09 19:21:56,43.3504409790039,-8.42831993103027,"Unknown"
"7014853",371857,2025-08-09 19:26:56,43.3504447937012,-8.42831039428711,"Unknown"
"7014853",371857,2025-08-09 19:31:55,43.3504371643066,-8.42830944061279,"Unknown"
"7014853",371857,2025-08-09 19:36:57,43.350456237793,-8.42821216583252,"Unknown"
"7014853",371857,2025-08-09 19:41:58,43.3505439758301,-8.42812156677246,"Unknown"
"7014853",371857,2025-08-09 19:46:56,43.3505668640137,-8.4280891418457,"Unknown"
"7014853",371857,2025-08-09 19:51:55,43.3505821228027,-8.42820262908936,"Unknown"
"7014853",371857,2025-08-09 19:56:56,43.3506126403809,-8.42823791503906,"Unknown"
"7014853",371857,2025-08-09 20:01:55,43.3506050109863,-8.42818450927734,"Unknown"
"7014853",371857,2025-08-09 20:06:55,43.3506050109863,-8.42822265625,"Unknown"
"7014853",371857,2025-08-09 20:11:58,43.3506927490234,-8.42821311950684,"Unknown"
"7014853",371857,2025-08-09 20:16:56,43.3521385192871,-8.4244327545166,"Unknown"
"7014853",371857,2025-08-09 20:22:29,43.3519515991211,-8.42442607879639,"Unknown"
"7014853",371857,2025-08-09 20:26:28,43.3518371582031,-8.424241065979,"Unknown"
"7014853",371857,2025-08-10 01:26:30,43.3521156311035,-8.4242992401123,"Unknown"
"7014853",371857,2025-08-10 05:38:19,43.3574867248535,-8.45690059661865,"Unknown"
"7014853",371857,2025-08-10 05:43:11,43.3572845458984,-8.45829105377197,"Unknown"
"7014853",371857,2025-08-10 05:48:11,43.357048034668,-8.45713996887207,"Unknown"
"7014853",371857,2025-08-10 05:53:27,43.356746673584,-8.45656871795654,"Unknown"
"7014853",371857,2025-08-10 05:58:18,43.356632232666,-8.4567928314209,"Unknown"
"7014853",371857,2025-08-10 06:03:16,43.3567237854004,-8.45671844482422,"Unknown"
"7014853",371857,2025-08-10 06:08:13,43.3567695617676,-8.45707893371582,"Unknown"
"7014853",371857,2025-08-10 06:13:14,43.356861114502,-8.45674133300781,"Unknown"
"7014853",371857,2025-08-10 06:18:14,43.356746673584,-8.45657253265381,"Unknown"
"7014853",371857,2025-08-10 06:23:35,43.3567733764648,-8.4568567276001,"Unknown"
"7014853",371857,2025-08-10 06:28:10,43.3558616638184,-8.4571475982666,"Unknown"
"7014853",371857,2025-08-10 06:33:12,43.356143951416,-8.45700931549072,"Unknown"
"7014853",371857,2025-08-10 06:38:10,43.356128692627,-8.45704364776611,"Unknown"
"7014853",371857,2025-08-10 06:43:13,43.3560600280762,-8.45702743530273,"Unknown"
"7014853",371857,2025-08-10 06:48:11,43.3560943603516,-8.4570837020874,"Unknown"
"7014853",371857,2025-08-10 06:53:10,43.3559379577637,-8.45706748962402,"Unknown"
"7014853",371857,2025-08-10 06:58:12,43.3560600280762,-8.45702075958252,"Unknown"
"7014853",371857,2025-08-10 07:03:10,43.35595703125,-8.45697116851807,"Unknown"
"7014853",371857,2025-08-10 07:08:12,43.355899810791,-8.45860004425049,"Unknown"
"7014853",371857,2025-08-10 07:13:09,43.3564834594727,-8.45708465576172,"Unknown"
"7014853",371857,2025-08-10 07:18:09,43.3565216064453,-8.45695304870605,"Unknown"
"7014853",371857,2025-08-10 07:23:11,43.3564605712891,-8.45685005187988,"Unknown"
"7014853",371857,2025-08-10 07:28:09,43.3564147949219,-8.45703411102295,"Unknown"
"7014853",371857,2025-08-10 07:33:44,43.3566513061523,-8.45707035064697,"Unknown"
"7014853",371857,2025-08-10 07:38:16,43.3565979003906,-8.45700454711914,"Unknown"
"7014853",371857,2025-08-10 07:43:19,43.3562316894531,-8.4572925567627,"Unknown"
"7014853",371857,2025-08-10 07:48:09,43.3554229736328,-8.47428417205811,"Unknown"
"7014853",371857,2025-08-10 07:53:09,43.3532218933105,-8.47516345977783,"Unknown"
"7014853",371857,2025-08-10 07:58:10,43.353214263916,-8.47533321380615,"Unknown"
"7014853",371857,2025-08-10 08:03:11,43.3529510498047,-8.47514533996582,"Unknown"
"7014853",371857,2025-08-10 08:08:11,43.3532905578613,-8.47525596618652,"Unknown"
"7014853",371857,2025-08-10 08:13:10,43.3533058166504,-8.47552490234375,"Unknown"
"7014853",371857,2025-08-10 08:18:10,43.3532218933105,-8.47551441192627,"Unknown"
"7014853",371857,2025-08-10 08:23:12,43.3532180786133,-8.47549247741699,"Unknown"
"7014853",371857,2025-08-10 08:28:11,43.3530960083008,-8.47540855407715,"Unknown"
"7014853",371857,2025-08-10 08:33:11,43.3532524108887,-8.47551250457764,"Unknown"
"7014853",371857,2025-08-10 08:38:16,43.3531036376953,-8.47531795501709,"Unknown"
"7014853",371857,2025-08-10 08:43:09,43.3532371520996,-8.47538948059082,"Unknown"
"7014853",371857,2025-08-10 08:48:10,43.353271484375,-8.47536754608154,"Unknown"
"7014853",371857,2025-08-10 08:53:10,43.3531723022461,-8.47538757324219,"Unknown"
"7014853",371857,2025-08-10 08:58:09,43.3532104492188,-8.47539043426514,"Unknown"
"7014853",371857,2025-08-10 09:03:11,43.3522796630859,-8.47794246673584,"Unknown"
"7014853",371857,2025-08-10 09:08:12,43.352237701416,-8.47760677337646,"Unknown"
"7014853",371857,2025-08-10 09:13:09,43.352424621582,-8.47708892822266,"Unknown"
"7014853",371857,2025-08-10 09:18:10,43.3522911071777,-8.47753047943115,"Unknown"
"7014853",371857,2025-08-10 09:23:09,43.3523101806641,-8.47758960723877,"Unknown"
"7014853",371857,2025-08-10 09:28:09,43.3523025512695,-8.47758197784424,"Unknown"
"7014853",371857,2025-08-10 09:33:09,43.3523826599121,-8.47758674621582,"Unknown"
"7014853",371857,2025-08-10 09:38:12,43.3521957397461,-8.47736263275146,"Unknown"
"7014853",371857,2025-08-10 09:43:12,43.3523025512695,-8.47747802734375,"Unknown"
"7014853",371857,2025-08-10 09:48:09,43.3540573120117,-8.47461318969727,"Unknown"
"7014853",371857,2025-08-10 09:53:12,43.3539276123047,-8.4742431640625,"Unknown"
"7014853",371857,2025-08-10 09:58:09,43.3540229797363,-8.47459411621094,"Unknown"
"7014853",371857,2025-08-10 10:03:11,43.3542785644531,-8.47468852996826,"Unknown"
"7014853",371857,2025-08-10 10:08:10,43.3541870117188,-8.47461318969727,"Unknown"
"7014853",371857,2025-08-10 10:13:09,43.354362487793,-8.47451305389404,"Unknown"
"7014853",371857,2025-08-10 10:18:10,43.3544540405273,-8.47441864013672,"Unknown"
"7014853",371857,2025-08-10 10:23:10,43.3544044494629,-8.47452449798584,"Unknown"
"7014853",371857,2025-08-10 10:28:09,43.3543319702148,-8.47455215454102,"Unknown"
"7014853",371857,2025-08-10 10:33:16,43.354061126709,-8.47433471679688,"Unknown"
"7014853",371857,2025-08-10 10:38:10,43.3543663024902,-8.47446250915527,"Unknown"
"7014853",371857,2025-08-10 10:43:11,43.3544960021973,-8.47447299957275,"Unknown"
"7014853",371857,2025-08-10 10:48:12,43.3542900085449,-8.47445583343506,"Unknown"
"7014853",371857,2025-08-10 10:53:10,43.3543014526367,-8.47443389892578,"Unknown"
"7014853",371857,2025-08-10 10:58:11,43.3543701171875,-8.47451114654541,"Unknown"
"7014853",371857,2025-08-10 11:03:13,43.3542709350586,-8.47447299957275,"Unknown"
"7014853",371857,2025-08-10 11:08:11,43.3544273376465,-8.47461128234863,"Unknown"
"7014853",371857,2025-08-10 11:13:12,43.3542861938477,-8.47454357147217,"Unknown"
"7014853",371857,2025-08-10 11:18:13,43.3543434143066,-8.47450923919678,"Unknown"
"7014853",371857,2025-08-10 11:23:10,43.354419708252,-8.47453308105469,"Unknown"
"7014853",371857,2025-08-10 11:28:10,43.354377746582,-8.47466087341309,"Unknown"
"7014853",371857,2025-08-10 11:33:11,43.3544616699219,-8.4745979309082,"Unknown"
"7014853",371857,2025-08-10 11:38:10,43.3543243408203,-8.47451972961426,"Unknown"
"7014853",371857,2025-08-10 11:43:09,43.3541488647461,-8.47461891174316,"Unknown"
"7014853",371857,2025-08-10 11:48:10,43.3541526794434,-8.4744176864624,"Unknown"
"7014853",371857,2025-08-10 11:53:10,43.3539352416992,-8.47430229187012,"Unknown"
"7014853",371857,2025-08-10 11:58:10,43.3539962768555,-8.47433662414551,"Unknown"
"7014853",371857,2025-08-10 12:03:10,43.3538055419922,-8.47420215606689,"Unknown"
"7014853",371857,2025-08-10 12:08:11,43.3540229797363,-8.47389888763428,"Unknown"
"7014853",371857,2025-08-10 12:13:12,43.3541374206543,-8.47379875183105,"Unknown"
"7014853",371857,2025-08-10 12:18:10,43.353931427002,-8.47360610961914,"Unknown"
"7014853",371857,2025-08-10 12:23:28,43.353515625,-8.47512340545654,"Unknown"
"7014853",371857,2025-08-10 12:28:11,43.3530578613281,-8.47450637817383,"Unknown"
"7014853",371857,2025-08-10 12:33:13,43.3534774780273,-8.47501850128174,"Unknown"
"7014853",371857,2025-08-10 12:38:12,43.3531036376953,-8.47420120239258,"Unknown"
"7014853",371857,2025-08-10 12:43:15,43.353588104248,-8.4750452041626,"Unknown"
"7014853",371857,2025-08-10 12:48:19,43.353645324707,-8.47458839416504,"Unknown"
"7014853",371857,2025-08-10 12:53:23,43.3536491394043,-8.47447872161865,"Unknown"
"7014853",371857,2025-08-10 12:58:42,43.3530540466309,-8.4746789932251,"Unknown"
"7014853",371857,2025-08-10 13:03:18,43.3532333374023,-8.4745044708252,"Unknown"
"7014853",371857,2025-08-10 13:08:18,43.3533668518066,-8.47464466094971,"Unknown"
"7014853",371857,2025-08-10 13:13:19,43.3533821105957,-8.47457218170166,"Unknown"
"7014853",371857,2025-08-10 13:18:18,43.3534774780273,-8.47468090057373,"Unknown"
"7014853",371857,2025-08-10 13:23:18,43.353458404541,-8.47468757629395,"Unknown"
"7014853",371857,2025-08-10 13:28:20,43.3536758422852,-8.47484016418457,"Unknown"
"7014853",371857,2025-08-10 13:33:12,43.3521766662598,-8.47283744812012,"Unknown"
"7014853",371857,2025-08-10 13:38:18,43.3532524108887,-8.47509765625,"Unknown"
"7014853",371857,2025-08-10 13:43:10,43.3567581176758,-8.45738506317139,"Unknown"
"7014853",371857,2025-08-10 13:48:11,43.3568305969238,-8.45751953125,"Unknown"
"7014853",371857,2025-08-10 13:53:11,43.3568305969238,-8.45742797851562,"Unknown"
"7014853",371857,2025-08-10 13:58:10,43.356803894043,-8.4573974609375,"Unknown"
"7014853",371857,2025-08-10 14:03:10,43.3568077087402,-8.45740985870361,"Unknown"
"7014853",371857,2025-08-10 14:08:11,43.3568344116211,-8.45742893218994,"Unknown"
"7014853",371857,2025-08-10 14:13:09,43.3568077087402,-8.45723438262939,"Unknown"
"7014853",371857,2025-08-10 14:18:09,43.3566398620605,-8.4572639465332,"Unknown"
"7014853",371857,2025-08-10 14:23:09,43.356819152832,-8.45747852325439,"Unknown"
"7014853",371857,2025-08-10 14:28:09,43.3567047119141,-8.45735263824463,"Unknown"
"7014853",371857,2025-08-10 14:33:11,43.3567161560059,-8.45724964141846,"Unknown"
"7014853",371857,2025-08-10 14:38:28,43.3563957214355,-8.45681858062744,"Unknown"
"7014853",371857,2025-08-10 14:43:15,43.3570404052734,-8.45717239379883,"Unknown"
"7014853",371857,2025-08-10 14:48:15,43.3565940856934,-8.45785045623779,"Unknown"
"7014853",371857,2025-08-10 14:53:09,43.3546562194824,-8.45923709869385,"Unknown"
"7014853",371857,2025-08-10 14:59:13,43.3535957336426,-8.45960426330566,"Unknown"
"7014853",371857,2025-08-10 15:03:18,43.3539123535156,-8.45861911773682,"Unknown"
"7014853",371857,2025-08-10 15:08:52,43.3541488647461,-8.4590368270874,"Unknown"
"7014853",371857,2025-08-10 15:13:28,43.3535079956055,-8.45932292938232,"Unknown"
"7014853",371857,2025-08-10 15:18:57,43.3536643981934,-8.45910549163818,"Unknown"
"7014853",371857,2025-08-10 15:23:22,43.3538131713867,-8.45902347564697,"Unknown"
"7014853",371857,2025-08-10 15:28:40,43.3537483215332,-8.45910263061523,"Unknown"
"7014853",371857,2025-08-10 15:33:25,43.3535270690918,-8.45881462097168,"Unknown"
"7014853",371857,2025-08-10 15:38:24,43.3541145324707,-8.45847415924072,"Unknown"
"7014853",371857,2025-08-10 15:53:09,43.3551635742188,-8.45721530914307,"Unknown"
"7014853",371857,2025-08-10 15:58:12,43.3552513122559,-8.45718955993652,"Unknown"
"7014853",371857,2025-08-10 16:03:15,43.3552742004395,-8.45717811584473,"Unknown"
"7014853",371857,2025-08-10 16:08:10,43.3552551269531,-8.45725917816162,"Unknown"
"7014853",371857,2025-08-10 16:13:10,43.3552856445312,-8.45726680755615,"Unknown"
"7014853",371857,2025-08-10 16:18:10,43.3553581237793,-8.45710754394531,"Unknown"
"7014853",371857,2025-08-10 16:23:10,43.3551940917969,-8.45714378356934,"Unknown"
"7014853",371857,2025-08-10 16:28:09,43.3553352355957,-8.45702075958252,"Unknown"
"7014853",371857,2025-08-10 16:33:09,43.3550338745117,-8.45732498168945,"Unknown"
"7014853",371857,2025-08-10 16:38:09,43.3554573059082,-8.45686340332031,"Unknown"
"7014853",371857,2025-08-10 16:43:10,43.3554382324219,-8.45687007904053,"Unknown"
"7014853",371857,2025-08-10 16:48:09,43.3553848266602,-8.45683574676514,"Unknown"
"7014853",371857,2025-08-10 16:53:09,43.3553695678711,-8.45692443847656,"Unknown"
"7014853",371857,2025-08-10 16:58:09,43.3554458618164,-8.45696067810059,"Unknown"
"7014853",371857,2025-08-10 17:03:10,43.3551864624023,-8.45717525482178,"Unknown"
"7014853",371857,2025-08-10 17:08:10,43.3574295043945,-8.45762729644775,"Unknown"
"7014853",371857,2025-08-10 17:13:11,43.3574714660645,-8.46749687194824,"Unknown"
"7014853",371857,2025-08-10 17:18:10,43.3574600219727,-8.46796798706055,"Unknown"
"7014853",371857,2025-08-10 17:23:10,43.3580513000488,-8.46750545501709,"Unknown"
"7014853",371857,2025-08-10 17:28:10,43.3578796386719,-8.46729850769043,"Unknown"
"7014853",371857,2025-08-10 17:33:10,43.358097076416,-8.46789455413818,"Unknown"
"7014853",371857,2025-08-10 17:38:12,43.3574295043945,-8.46817111968994,"Unknown"
"7014853",371857,2025-08-10 17:43:15,43.3573913574219,-8.46785163879395,"Unknown"
"7014853",371857,2025-08-10 17:48:09,43.3572845458984,-8.46720123291016,"Unknown"
"7014853",371857,2025-08-10 17:53:09,43.3572463989258,-8.46726894378662,"Unknown"
"7014853",371857,2025-08-10 17:58:10,43.3570404052734,-8.46600151062012,"Unknown"
"7014853",371857,2025-08-10 18:03:10,43.3570365905762,-8.46623992919922,"Unknown"
"7014853",371857,2025-08-10 18:08:18,43.3572883605957,-8.46756076812744,"Unknown"
"7014853",371857,2025-08-10 18:13:17,43.3575096130371,-8.46758079528809,"Unknown"
"7014853",371857,2025-08-10 18:18:46,43.3515853881836,-8.4779052734375,"Unknown"
"7014853",371857,2025-08-10 18:23:11,43.3516120910645,-8.4789924621582,"Unknown"
"7014853",371857,2025-08-10 18:28:10,43.3518028259277,-8.47848606109619,"Unknown"
"7014853",371857,2025-08-10 18:33:15,43.3517227172852,-8.47799205780029,"Unknown"
"7014853",371857,2025-08-10 18:38:23,43.3523445129395,-8.47565078735352,"Unknown"
"7014853",371857,2025-08-10 18:43:19,43.352424621582,-8.47571659088135,"Unknown"
"7014853",371857,2025-08-10 18:48:17,43.3523254394531,-8.4756908416748,"Unknown"
"7014853",371857,2025-08-10 18:53:38,43.3535919189453,-8.47508430480957,"Unknown"
"7014853",371857,2025-08-10 18:58:15,43.3537101745605,-8.47511863708496,"Unknown"
"7014853",371857,2025-08-10 19:03:22,43.3535346984863,-8.4751091003418,"Unknown"
"7014853",371857,2025-08-10 19:08:45,43.3534317016602,-8.47557067871094,"Unknown"
"7014853",371857,2025-08-10 19:13:10,43.3727722167969,-8.45355892181396,"Unknown"
"7014853",371857,2025-08-10 19:18:09,43.370735168457,-8.42129039764404,"Unknown"
"7014853",371857,2025-08-10 19:23:10,43.3647079467773,-8.4170560836792,"Unknown"
"7014853",371857,2025-08-10 19:28:10,43.3647499084473,-8.41699695587158,"Unknown"
"7014853",371857,2025-08-10 19:33:09,43.3661346435547,-8.40459537506104,"Unknown"
"7014853",371857,2025-08-10 19:38:10,43.3643379211426,-8.40111923217773,"Unknown"
"7014853",371857,2025-08-10 19:43:10,43.3644142150879,-8.40126419067383,"Unknown"
"7014853",371857,2025-08-10 19:48:11,43.3644256591797,-8.40138149261475,"Unknown"
"7014853",371857,2025-08-10 19:53:11,43.3642692565918,-8.40148639678955,"Unknown"
"7014853",371857,2025-08-10 19:58:10,43.3642616271973,-8.4014778137207,"Unknown"
"7014853",371857,2025-08-10 20:03:11,43.364501953125,-8.40132808685303,"Unknown"
"7014853",371857,2025-08-10 20:08:11,43.3645057678223,-8.40136432647705,"Unknown"
"7014853",371857,2025-08-10 20:13:10,43.364387512207,-8.40140247344971,"Unknown"
"7014853",371857,2025-08-10 20:18:10,43.3642883300781,-8.40149593353271,"Unknown"
"7014853",371857,2025-08-10 20:23:10,43.3643188476562,-8.40144348144531,"Unknown"
"7014853",371857,2025-08-10 20:25:26,43.3643035888672,-8.4013614654541,"Unknown"
"7014853",371857,2025-08-11 01:25:44,43.3643455505371,-8.40178775787354,"Unknown"
"7014853",371857,2025-08-11 05:39:19,43.3652038574219,-8.40038204193115,"Unknown"
"7014853",371857,2025-08-11 05:44:22,43.3650741577148,-8.40045738220215,"Unknown"
"7014853",371857,2025-08-11 05:49:11,43.3650093078613,-8.40043067932129,"Unknown"
"7014853",371857,2025-08-11 05:54:11,43.3660087585449,-8.40308856964111,"Unknown"
"7014853",371857,2025-08-11 05:59:12,43.3648338317871,-8.40056896209717,"Unknown"
"7014853",371857,2025-08-11 06:04:13,43.36474609375,-8.40071773529053,"Unknown"
"7014853",371857,2025-08-11 06:09:12,43.3647384643555,-8.40066146850586,"Unknown"
"7014853",371857,2025-08-11 06:14:19,43.3648948669434,-8.40061664581299,"Unknown"
"7014853",371857,2025-08-11 06:19:21,43.3646583557129,-8.40075969696045,"Unknown"
"7014853",371857,2025-08-11 06:24:19,43.3641395568848,-8.40085220336914,"Unknown"
"7014853",371857,2025-08-11 06:29:22,43.3645286560059,-8.4008092880249,"Unknown"
"7014853",371857,2025-08-11 06:34:19,43.3642234802246,-8.40071105957031,"Unknown"
"7014853",371857,2025-08-11 06:39:19,43.3642501831055,-8.4006814956665,"Unknown"
"7014853",371857,2025-08-11 06:44:44,43.3644981384277,-8.40054893493652,"Unknown"
"7014853",371857,2025-08-11 06:49:08,43.3644218444824,-8.40040969848633,"Unknown"
"7014853",371857,2025-08-11 06:54:11,43.3644561767578,-8.40046501159668,"Unknown"
"7014853",371857,2025-08-11 06:59:17,43.3644142150879,-8.40042018890381,"Unknown"
"7014853",371857,2025-08-11 07:04:11,43.3640937805176,-8.40055847167969,"Unknown"
"7014853",371857,2025-08-11 07:09:12,43.3645896911621,-8.40053558349609,"Unknown"
"7014853",371857,2025-08-11 07:14:11,43.3650665283203,-8.40043544769287,"Unknown"
"7014853",371857,2025-08-11 07:19:11,43.3645935058594,-8.40045166015625,"Unknown"
"7014853",371857,2025-08-11 07:24:09,43.3645629882812,-8.400954246521,"Unknown"
"7014853",371857,2025-08-11 07:29:11,43.3648376464844,-8.40053462982178,"Unknown"
"7014853",371857,2025-08-11 07:34:12,43.3644752502441,-8.40054702758789,"Unknown"
"7014853",371857,2025-08-11 07:39:12,43.3643074035645,-8.40058040618896,"Unknown"
"7014853",371857,2025-08-11 07:44:11,43.3635559082031,-8.40034103393555,"Unknown"
"7014853",371857,2025-08-11 07:49:10,43.3637313842773,-8.40028190612793,"Unknown"
"7014853",371857,2025-08-11 07:54:11,43.3627014160156,-8.40373992919922,"Unknown"
"7014853",371857,2025-08-11 07:59:16,43.3630752563477,-8.40396308898926,"Unknown"
"7014853",371857,2025-08-11 08:04:10,43.3631057739258,-8.40410995483398,"Unknown"
"7014853",371857,2025-08-11 08:09:09,43.3628311157227,-8.40400314331055,"Unknown"
"7014853",371857,2025-08-11 08:14:16,43.363151550293,-8.40433025360107,"Unknown"
"7014853",371857,2025-08-11 08:19:35,43.3633003234863,-8.40424823760986,"Unknown"
"7014853",371857,2025-08-11 08:24:07,43.3633880615234,-8.40440368652344,"Unknown"
"7014853",371857,2025-08-11 08:29:08,43.3629913330078,-8.40421199798584,"Unknown"
"7014853",371857,2025-08-11 08:34:09,43.3630828857422,-8.40445232391357,"Unknown"
"7014853",371857,2025-08-11 08:39:08,43.3630561828613,-8.40438365936279,"Unknown"
"7014853",371857,2025-08-11 08:44:07,43.3633346557617,-8.40442180633545,"Unknown"
"7014853",371857,2025-08-11 08:49:08,43.3628997802734,-8.40425395965576,"Unknown"
"7014853",371857,2025-08-11 08:54:10,43.362979888916,-8.40440464019775,"Unknown"
"7014853",371857,2025-08-11 08:59:09,43.3629302978516,-8.40419673919678,"Unknown"
"7014853",371857,2025-08-11 09:04:12,43.3629989624023,-8.40415573120117,"Unknown"
"7014853",371857,2025-08-11 09:09:08,43.3626899719238,-8.40423393249512,"Unknown"
"7014853",371857,2025-08-11 09:14:08,43.3630905151367,-8.40421104431152,"Unknown"
"7014853",371857,2025-08-11 09:19:07,43.3631935119629,-8.40421295166016,"Unknown"
"7014853",371857,2025-08-11 09:24:07,43.3633041381836,-8.40419483184814,"Unknown"
"7014853",371857,2025-08-11 09:29:08,43.3632164001465,-8.4041690826416,"Unknown"
"7014853",371857,2025-08-11 09:34:07,43.3633041381836,-8.40416431427002,"Unknown"
"7014853",371857,2025-08-11 09:39:30,43.3631248474121,-8.40417098999023,"Unknown"
"7014853",371857,2025-08-11 09:44:17,43.3631782531738,-8.40424251556396,"Unknown"
"7014853",371857,2025-08-11 09:49:35,43.3568229675293,-8.41414546966553,"Unknown"
"7014853",371857,2025-08-11 09:54:10,43.3503150939941,-8.42782402038574,"Unknown"
"7014853",371857,2025-08-11 09:59:06,43.3502197265625,-8.42780208587646,"Unknown"
"7014853",371857,2025-08-11 10:04:07,43.3500671386719,-8.42784690856934,"Unknown"
"7014853",371857,2025-08-11 10:09:06,43.3500823974609,-8.42782115936279,"Unknown"
"7014853",371857,2025-08-11 10:14:09,43.3503494262695,-8.42782878875732,"Unknown"
"7014853",371857,2025-08-11 10:19:07,43.3502006530762,-8.42787647247314,"Unknown"
"7014853",371857,2025-08-11 10:24:07,43.3502960205078,-8.42790508270264,"Unknown"
"7014853",371857,2025-08-11 10:29:07,43.350170135498,-8.42787265777588,"Unknown"
"7014853",371857,2025-08-11 10:34:07,43.350227355957,-8.4278039932251,"Unknown"
"7014853",371857,2025-08-11 10:39:06,43.3502540588379,-8.42786979675293,"Unknown"
"7014853",371857,2025-08-11 10:44:06,43.3502197265625,-8.42784404754639,"Unknown"
"7014853",371857,2025-08-11 10:49:07,43.3502998352051,-8.42792701721191,"Unknown"
"7014853",371857,2025-08-11 10:54:06,43.3502235412598,-8.42796421051025,"Unknown"
"7014853",371857,2025-08-11 10:59:07,43.3502082824707,-8.42786884307861,"Unknown"
"7014853",371857,2025-08-11 11:04:08,43.3503837585449,-8.42799377441406,"Unknown"
"7014853",371857,2025-08-11 11:09:07,43.3503036499023,-8.4279317855835,"Unknown"
"7014853",371857,2025-08-11 11:14:07,43.3502731323242,-8.42788410186768,"Unknown"
"7014853",371857,2025-08-11 11:19:07,43.3502998352051,-8.42791748046875,"Unknown"
"7014853",371857,2025-08-11 11:24:07,43.3502197265625,-8.4278736114502,"Unknown"
"7014853",371857,2025-08-11 11:29:07,43.3502502441406,-8.42787551879883,"Unknown"
"7014853",371857,2025-08-11 11:34:07,43.3502349853516,-8.42785835266113,"Unknown"
"7014853",371857,2025-08-11 11:39:07,43.3583679199219,-8.42393398284912,"Unknown"
"7014853",371857,2025-08-11 11:44:07,43.3499069213867,-8.42723846435547,"Unknown"
"7014853",371857,2025-08-11 11:49:09,43.3502960205078,-8.42782783508301,"Unknown"
"7014853",371857,2025-08-11 11:54:07,43.3504104614258,-8.42792510986328,"Unknown"
"7014853",371857,2025-08-11 11:59:07,43.3511047363281,-8.42759704589844,"Unknown"
"7014853",371857,2025-08-11 12:04:07,43.3509979248047,-8.42752170562744,"Unknown"
"7014853",371857,2025-08-11 12:09:07,43.3509559631348,-8.42748928070068,"Unknown"
"7014853",371857,2025-08-11 12:14:32,43.3509674072266,-8.42749786376953,"Unknown"
"7014853",371857,2025-08-11 12:19:07,43.3509292602539,-8.427414894104,"Unknown"
"7014853",371857,2025-08-11 12:24:07,43.3511238098145,-8.42737865447998,"Unknown"
"7014853",371857,2025-08-11 12:29:07,43.3481407165527,-8.43846797943115,"Unknown"
"7014853",371857,2025-08-11 12:34:07,43.3522148132324,-8.45398235321045,"Unknown"
"7014853",371857,2025-08-11 12:39:06,43.3545379638672,-8.45868110656738,"Unknown"
"7014853",371857,2025-08-11 12:44:09,43.3528518676758,-8.45712375640869,"Unknown"
"7014853",371857,2025-08-11 12:49:07,43.3528480529785,-8.45686626434326,"Unknown"
"7014853",371857,2025-08-11 12:54:06,43.3529624938965,-8.45670127868652,"Unknown"
"7014853",371857,2025-08-11 12:59:06,43.3525886535645,-8.45610427856445,"Unknown"
"7014853",371857,2025-08-11 13:04:09,43.3530006408691,-8.45634460449219,"Unknown"
"7014853",371857,2025-08-11 13:09:12,43.354076385498,-8.45816516876221,"Unknown"
"7014853",371857,2025-08-11 13:14:09,43.3550758361816,-8.45515537261963,"Unknown"
"7014853",371857,2025-08-11 13:19:12,43.3550834655762,-8.45509910583496,"Unknown"
"7014853",371857,2025-08-11 13:24:08,43.3554649353027,-8.45564460754395,"Unknown"
"7014853",371857,2025-08-11 13:29:13,43.356315612793,-8.45673751831055,"Unknown"
"7014853",371857,2025-08-11 13:34:11,43.3570671081543,-8.45812320709229,"Unknown"
"7014853",371857,2025-08-11 13:40:15,43.3567352294922,-8.4572696685791,"Unknown"
"7014853",371857,2025-08-11 13:44:20,43.3569412231445,-8.45757293701172,"Unknown"
"7014853",371857,2025-08-11 13:49:19,43.3571853637695,-8.45836639404297,"Unknown"
"7014853",371857,2025-08-11 13:54:18,43.3579406738281,-8.45990085601807,"Unknown"
"7014853",371857,2025-08-11 13:59:38,43.3577613830566,-8.45967197418213,"Unknown"
"7014853",371857,2025-08-11 14:04:12,43.3603820800781,-8.46417331695557,"Unknown"
"7014853",371857,2025-08-11 14:09:31,43.3579063415527,-8.46907520294189,"Unknown"
"7014853",371857,2025-08-11 14:14:08,43.3575897216797,-8.46885967254639,"Unknown"
"7014853",371857,2025-08-11 14:19:07,43.3574028015137,-8.46874237060547,"Unknown"
"7014853",371857,2025-08-11 14:24:07,43.3574867248535,-8.46877002716064,"Unknown"
"7014853",371857,2025-08-11 14:29:08,43.3575782775879,-8.46887302398682,"Unknown"
"7014853",371857,2025-08-11 14:34:12,43.3576393127441,-8.46905422210693,"Unknown"
"7014853",371857,2025-08-11 14:39:09,43.3576393127441,-8.4691104888916,"Unknown"
"7014853",371857,2025-08-11 14:44:09,43.3574714660645,-8.4687967300415,"Unknown"
"7014853",371857,2025-08-11 14:49:07,43.3575706481934,-8.46883487701416,"Unknown"
"7014853",371857,2025-08-11 14:54:16,43.3575057983398,-8.46901512145996,"Unknown"
"7014853",371857,2025-08-11 14:59:09,43.3575744628906,-8.46899700164795,"Unknown"
"7014853",371857,2025-08-11 15:04:07,43.3576736450195,-8.46895122528076,"Unknown"
"7014853",371857,2025-08-11 15:09:10,43.3576164245605,-8.46892738342285,"Unknown"
"7014853",371857,2025-08-11 15:14:08,43.3577079772949,-8.46916580200195,"Unknown"
"7014853",371857,2025-08-11 15:19:10,43.3576011657715,-8.46887016296387,"Unknown"
"7014853",371857,2025-08-11 15:24:09,43.3575706481934,-8.46897125244141,"Unknown"
"7014853",371857,2025-08-11 15:29:10,43.3577613830566,-8.46915531158447,"Unknown"
"7014853",371857,2025-08-11 15:34:07,43.3555107116699,-8.45724010467529,"Unknown"
"7014853",371857,2025-08-11 15:39:07,43.3555641174316,-8.45724868774414,"Unknown"
"7014853",371857,2025-08-11 15:44:07,43.3556098937988,-8.4574031829834,"Unknown"
"7014853",371857,2025-08-11 15:49:08,43.3557395935059,-8.45763301849365,"Unknown"
"7014853",371857,2025-08-11 15:54:07,43.3555335998535,-8.4572229385376,"Unknown"
"7014853",371857,2025-08-11 15:59:16,43.3563537597656,-8.4572286605835,"Unknown"
"7014853",371857,2025-08-11 16:04:08,43.356372833252,-8.45756530761719,"Unknown"
"7014853",371857,2025-08-11 16:09:08,43.3563003540039,-8.45726680755615,"Unknown"
"7014853",371857,2025-08-11 16:14:07,43.3563919067383,-8.45719051361084,"Unknown"
"7014853",371857,2025-08-11 16:19:07,43.3562278747559,-8.4568338394165,"Unknown"
"7014853",371857,2025-08-11 16:24:08,43.3564147949219,-8.45711421966553,"Unknown"
"7014853",371857,2025-08-11 16:29:08,43.3562850952148,-8.45737266540527,"Unknown"
"7014853",371857,2025-08-11 16:34:12,43.3566513061523,-8.45725059509277,"Unknown"
"7014853",371857,2025-08-11 16:39:19,43.3563690185547,-8.45710182189941,"Unknown"
"7014853",371857,2025-08-11 16:44:18,43.3563537597656,-8.45727920532227,"Unknown"
"7014853",371857,2025-08-11 16:54:11,43.3564720153809,-8.4567813873291,"Unknown"
"7014853",371857,2025-08-11 16:59:07,43.3543128967285,-8.45761585235596,"Unknown"
"7014853",371857,2025-08-11 17:04:07,43.3543739318848,-8.45776844024658,"Unknown"
"7014853",371857,2025-08-11 17:09:07,43.3558311462402,-8.45684146881104,"Unknown"
"7014853",371857,2025-08-11 17:14:35,43.3558616638184,-8.4569263458252,"Unknown"
"7014853",371857,2025-08-11 17:19:06,43.355899810791,-8.45705604553223,"Unknown"
"7014853",371857,2025-08-11 17:24:08,43.3563194274902,-8.45691013336182,"Unknown"
"7014853",371857,2025-08-11 17:29:15,43.3565559387207,-8.45682525634766,"Unknown"
"7014853",371857,2025-08-11 17:34:11,43.3562393188477,-8.45669746398926,"Unknown"
"7014853",371857,2025-08-11 17:39:07,43.3565254211426,-8.45725631713867,"Unknown"
"7014853",371857,2025-08-11 17:44:07,43.3402481079102,-8.45376300811768,"Unknown"
"7014853",371857,2025-08-11 17:49:07,43.3407287597656,-8.45144081115723,"Unknown"
"7014853",371857,2025-08-11 17:54:08,43.3464393615723,-8.44004821777344,"Unknown"
"7014853",371857,2025-08-11 17:59:08,43.3467788696289,-8.4403715133667,"Unknown"
"7014853",371857,2025-08-11 18:04:08,43.3461265563965,-8.4394998550415,"Unknown"
"7014853",371857,2025-08-11 18:09:08,43.3491287231445,-8.43488883972168,"Unknown"
"7014853",371857,2025-08-11 18:14:09,43.3504867553711,-8.4284086227417,"Unknown"
"7014853",371857,2025-08-11 18:19:08,43.350341796875,-8.4284086227417,"Unknown"
"7014853",371857,2025-08-11 18:24:11,43.3503036499023,-8.42819786071777,"Unknown"
"7014853",371857,2025-08-11 18:29:10,43.3503036499023,-8.42831993103027,"Unknown"
"7014853",371857,2025-08-11 18:34:13,43.3502197265625,-8.42805194854736,"Unknown"
"7014853",371857,2025-08-11 18:39:09,43.3504333496094,-8.42837238311768,"Unknown"
"7014853",371857,2025-08-11 18:44:07,43.3504447937012,-8.42847633361816,"Unknown"
"7014853",371857,2025-08-11 18:49:11,43.3503341674805,-8.42809867858887,"Unknown"
"7014853",371857,2025-08-11 18:54:08,43.3503761291504,-8.42821216583252,"Unknown"
"7014853",371857,2025-08-11 18:59:12,43.3506317138672,-8.42818546295166,"Unknown"
"7014853",371857,2025-08-11 19:04:07,43.3506011962891,-8.42802143096924,"Unknown"
"7014853",371857,2025-08-11 19:09:15,43.3506660461426,-8.42805194854736,"Unknown"
"7014853",371857,2025-08-11 19:14:09,43.3507385253906,-8.4279842376709,"Unknown"
"7014853",371857,2025-08-11 19:19:18,43.3506507873535,-8.42814445495605,"Unknown"
"7014853",371857,2025-08-11 19:24:11,43.3506813049316,-8.42825698852539,"Unknown"
"7014853",371857,2025-08-11 19:29:10,43.3505897521973,-8.42824077606201,"Unknown"
"7014853",371857,2025-08-11 19:34:12,43.3502044677734,-8.42776966094971,"Unknown"
"7014853",371857,2025-08-11 19:39:31,43.3502655029297,-8.42789173126221,"Unknown"
"7014853",371857,2025-08-11 19:44:07,43.3502311706543,-8.42798519134521,"Unknown"
"7014853",371857,2025-08-11 19:49:07,43.3502655029297,-8.42803478240967,"Unknown"
"7014853",371857,2025-08-11 19:54:08,43.3502502441406,-8.42795658111572,"Unknown"
"7014853",371857,2025-08-11 19:59:07,43.350284576416,-8.42807579040527,"Unknown"
"7014853",371857,2025-08-11 20:04:08,43.3521270751953,-8.42404651641846,"Unknown"
"7014853",371857,2025-08-11 20:09:08,43.3520317077637,-8.42383193969727,"Unknown"
"7014853",371857,2025-08-11 20:14:09,43.351936340332,-8.42415904998779,"Unknown"
"7014853",371857,2025-08-11 20:19:10,43.3519058227539,-8.42371273040771,"Unknown"
"7014853",371857,2025-08-11 20:23:57,43.3519630432129,-8.42414283752441,"Unknown"
"7014853",371857,2025-08-12 01:24:23,43.3521919250488,-8.42416286468506,"Unknown"
"7014853",371857,2025-08-12 05:40:35,43.350212097168,-8.42824268341064,"Unknown"
"7014853",371857,2025-08-12 05:45:15,43.3502922058105,-8.42829418182373,"Unknown"
"7014853",371857,2025-08-12 05:50:17,43.350284576416,-8.42839622497559,"Unknown"
"7014853",371857,2025-08-12 05:55:15,43.3502960205078,-8.4284200668335,"Unknown"
"7014853",371857,2025-08-12 06:00:15,43.3502197265625,-8.42835140228271,"Unknown"
"7014853",371857,2025-08-12 06:05:14,43.3503379821777,-8.42840003967285,"Unknown"
"7014853",371857,2025-08-12 06:10:16,43.350227355957,-8.42840385437012,"Unknown"
"7014853",371857,2025-08-12 06:15:16,43.3502311706543,-8.42847156524658,"Unknown"
"7014853",371857,2025-08-12 06:20:16,43.350212097168,-8.42819404602051,"Unknown"
"7014853",371857,2025-08-12 06:25:23,43.3502311706543,-8.42848491668701,"Unknown"
"7014853",371857,2025-08-12 06:30:15,43.3501930236816,-8.42863082885742,"Unknown"
"7014853",371857,2025-08-12 06:35:16,43.3502349853516,-8.42853355407715,"Unknown"
"7014853",371857,2025-08-12 06:40:16,43.3502426147461,-8.42850685119629,"Unknown"
"7014853",371857,2025-08-12 06:45:16,43.3502540588379,-8.42855358123779,"Unknown"
"7014853",371857,2025-08-12 06:50:14,43.3502578735352,-8.42851448059082,"Unknown"
"7014853",371857,2025-08-12 06:55:15,43.3502655029297,-8.42851448059082,"Unknown"
"7014853",371857,2025-08-12 07:00:17,43.3503074645996,-8.42847061157227,"Unknown"
"7014853",371857,2025-08-12 07:05:19,43.350269317627,-8.42840576171875,"Unknown"
"7014853",371857,2025-08-12 07:10:16,43.3502311706543,-8.42839622497559,"Unknown"
"7014853",371857,2025-08-12 07:15:16,43.3502922058105,-8.4285192489624,"Unknown"
"7014853",371857,2025-08-12 07:20:17,43.3503570556641,-8.42846298217773,"Unknown"
"7014853",371857,2025-08-12 07:25:22,43.3502883911133,-8.42848300933838,"Unknown"
"7014853",371857,2025-08-12 07:30:16,43.350284576416,-8.42854118347168,"Unknown"
"7014853",371857,2025-08-12 07:35:15,43.3502502441406,-8.42851829528809,"Unknown"
"7014853",371857,2025-08-12 07:40:15,43.3502616882324,-8.42852973937988,"Unknown"
"7014853",371857,2025-08-12 07:45:15,43.3514404296875,-8.44101524353027,"Unknown"
"7014853",371857,2025-08-12 07:50:15,43.3564605712891,-8.45743942260742,"Unknown"
"7014853",371857,2025-08-12 07:55:21,43.3561859130859,-8.45674228668213,"Unknown"
"7014853",371857,2025-08-12 08:00:16,43.3561897277832,-8.45670413970947,"Unknown"
"7014853",371857,2025-08-12 08:05:21,43.3562126159668,-8.45674228668213,"Unknown"
"7014853",371857,2025-08-12 08:10:21,43.3564033508301,-8.45691585540771,"Unknown"
"7014853",371857,2025-08-12 08:15:15,43.3565063476562,-8.4568395614624,"Unknown"
"7014853",371857,2025-08-12 08:20:21,43.3565559387207,-8.45708847045898,"Unknown"
"7014853",371857,2025-08-12 08:25:23,43.3563957214355,-8.45704746246338,"Unknown"
"7014853",371857,2025-08-12 08:30:44,43.3563270568848,-8.45702075958252,"Unknown"
"7014853",371857,2025-08-12 08:35:19,43.3564567565918,-8.45721626281738,"Unknown"
"7014853",371857,2025-08-12 08:40:19,43.3563957214355,-8.45711231231689,"Unknown"
"7014853",371857,2025-08-12 08:45:18,43.3561820983887,-8.45711326599121,"Unknown"
"7014853",371857,2025-08-12 08:50:19,43.355094909668,-8.45796775817871,"Unknown"
"7014853",371857,2025-08-12 08:55:21,43.3552207946777,-8.45792388916016,"Unknown"
"7014853",371857,2025-08-12 09:00:16,43.3552742004395,-8.45783710479736,"Unknown"
"7014853",371857,2025-08-12 09:05:21,43.355297088623,-8.45795917510986,"Unknown"
"7014853",371857,2025-08-12 09:10:27,43.3551177978516,-8.45797729492188,"Unknown"
"7014853",371857,2025-08-12 09:15:35,43.3552780151367,-8.45802783966064,"Unknown"
"7014853",371857,2025-08-12 09:20:14,43.3553009033203,-8.4579496383667,"Unknown"
"7014853",371857,2025-08-12 09:25:14,43.355297088623,-8.45792961120605,"Unknown"
"7014853",371857,2025-08-12 09:30:15,43.3553085327148,-8.45801258087158,"Unknown"
"7014853",371857,2025-08-12 09:35:17,43.3553504943848,-8.45821475982666,"Unknown"
"7014853",371857,2025-08-12 09:40:32,43.3553161621094,-8.45815467834473,"Unknown"
"7014853",371857,2025-08-12 09:45:34,43.3552627563477,-8.45797824859619,"Unknown"
"7014853",371857,2025-08-12 09:50:14,43.3551292419434,-8.45794296264648,"Unknown"
"7014853",371857,2025-08-12 09:55:15,43.3552780151367,-8.45792293548584,"Unknown"
"7014853",371857,2025-08-12 10:00:15,43.355396270752,-8.45798587799072,"Unknown"
"7014853",371857,2025-08-12 10:05:15,43.3554077148438,-8.45795440673828,"Unknown"
"7014853",371857,2025-08-12 10:10:15,43.3553733825684,-8.45792293548584,"Unknown"
"7014853",371857,2025-08-12 10:15:15,43.3553733825684,-8.45790481567383,"Unknown"
"7014853",371857,2025-08-12 10:20:16,43.3553504943848,-8.45792102813721,"Unknown"
"7014853",371857,2025-08-12 10:25:15,43.3553466796875,-8.45794677734375,"Unknown"
"7014853",371857,2025-08-12 10:30:15,43.3553924560547,-8.45804309844971,"Unknown"
"7014853",371857,2025-08-12 10:35:15,43.355339050293,-8.45807266235352,"Unknown"
"7014853",371857,2025-08-12 10:40:15,43.3553123474121,-8.45804119110107,"Unknown"
"7014853",371857,2025-08-12 10:45:15,43.3553810119629,-8.45804405212402,"Unknown"
"7014853",371857,2025-08-12 10:50:17,43.3553810119629,-8.4579610824585,"Unknown"
"7014853",371857,2025-08-12 10:55:18,43.3553848266602,-8.45818901062012,"Unknown"
"7014853",371857,2025-08-12 11:00:16,43.3555107116699,-8.45814609527588,"Unknown"
"7014853",371857,2025-08-12 11:05:18,43.3565864562988,-8.45717430114746,"Unknown"
"7014853",371857,2025-08-12 11:10:21,43.3565521240234,-8.45729637145996,"Unknown"
"7014853",371857,2025-08-12 11:15:19,43.3565711975098,-8.45722484588623,"Unknown"
"7014853",371857,2025-08-12 11:20:16,43.3563652038574,-8.45692920684814,"Unknown"
"7014853",371857,2025-08-12 11:25:16,43.3565826416016,-8.45718669891357,"Unknown"
"7014853",371857,2025-08-12 11:30:15,43.3565406799316,-8.4571418762207,"Unknown"
"7014853",371857,2025-08-12 11:35:16,43.3565521240234,-8.45727348327637,"Unknown"
"7014853",371857,2025-08-12 11:40:15,43.3565521240234,-8.45731449127197,"Unknown"
"7014853",371857,2025-08-12 11:45:24,43.3564453125,-8.4569730758667,"Unknown"
"7014853",371857,2025-08-12 11:50:34,43.3572082519531,-8.45773696899414,"Unknown"
"7014853",371857,2025-08-12 11:55:15,43.3553924560547,-8.45831489562988,"Unknown"
"7014853",371857,2025-08-12 12:00:15,43.3552780151367,-8.45826148986816,"Unknown"
"7014853",371857,2025-08-12 12:05:44,43.354564666748,-8.45841598510742,"Unknown"
"7014853",371857,2025-08-12 12:10:16,43.3547554016113,-8.45818042755127,"Unknown"
"7014853",371857,2025-08-12 12:15:21,43.3544769287109,-8.45791339874268,"Unknown"
"7014853",371857,2025-08-12 12:20:24,43.3548927307129,-8.45838165283203,"Unknown"
"7014853",371857,2025-08-12 12:25:19,43.3559265136719,-8.45700836181641,"Unknown"
"7014853",371857,2025-08-12 12:30:23,43.3561363220215,-8.45722675323486,"Unknown"
"7014853",371857,2025-08-12 12:35:18,43.3557243347168,-8.45693302154541,"Unknown"
"7014853",371857,2025-08-12 12:40:23,43.3557090759277,-8.45756816864014,"Unknown"
"7014853",371857,2025-08-12 12:45:35,43.3559608459473,-8.45698833465576,"Unknown"
"7014853",371857,2025-08-12 12:50:14,43.3551292419434,-8.45396900177002,"Unknown"
"7014853",371857,2025-08-12 12:55:18,43.3397789001465,-8.45430088043213,"Unknown"
"7014853",371857,2025-08-12 13:00:15,43.3397064208984,-8.45458984375,"Unknown"
"7014853",371857,2025-08-12 13:05:16,43.3412399291992,-8.45270729064941,"Unknown"
"7014853",371857,2025-08-12 13:10:17,43.3412475585938,-8.45282077789307,"Unknown"
"7014853",371857,2025-08-12 13:15:18,43.3411750793457,-8.45286750793457,"Unknown"
"7014853",371857,2025-08-12 13:20:22,43.3411407470703,-8.45276832580566,"Unknown"
"7014853",371857,2025-08-12 13:25:19,43.3410301208496,-8.45280838012695,"Unknown"
"7014853",371857,2025-08-12 13:30:18,43.341194152832,-8.45284366607666,"Unknown"
"7014853",371857,2025-08-12 13:35:16,43.3411064147949,-8.45276165008545,"Unknown"
"7014853",371857,2025-08-12 13:40:17,43.3413238525391,-8.45263004302979,"Unknown"
"7014853",371857,2025-08-12 13:45:24,43.3412666320801,-8.45284271240234,"Unknown"
"7014853",371857,2025-08-12 13:50:17,43.341236114502,-8.45298290252686,"Unknown"
"7014853",371857,2025-08-12 13:55:17,43.3411026000977,-8.45293712615967,"Unknown"
"7014853",371857,2025-08-12 14:00:36,43.3412170410156,-8.45272445678711,"Unknown"
"7014853",371857,2025-08-12 14:05:21,43.341381072998,-8.45317268371582,"Unknown"
"7014853",371857,2025-08-12 14:10:44,43.3413505554199,-8.45292186737061,"Unknown"
"7014853",371857,2025-08-12 14:15:15,43.3413352966309,-8.45312595367432,"Unknown"
"7014853",371857,2025-08-12 14:20:15,43.3445854187012,-8.45269203186035,"Unknown"
"7014853",371857,2025-08-12 14:26:08,43.3549690246582,-8.45792102813721,"Unknown"
"7014853",371857,2025-08-12 14:30:35,43.3549766540527,-8.4578914642334,"Unknown"
"7014853",371857,2025-08-12 14:35:14,43.3549690246582,-8.45790576934814,"Unknown"
"7014853",371857,2025-08-12 14:40:14,43.355037689209,-8.45796966552734,"Unknown"
"7014853",371857,2025-08-12 14:45:14,43.3550682067871,-8.45802116394043,"Unknown"
"7014853",371857,2025-08-12 14:50:14,43.3550262451172,-8.45796203613281,"Unknown"
"7014853",371857,2025-08-12 14:55:15,43.3550186157227,-8.45798492431641,"Unknown"
"7014853",371857,2025-08-12 15:00:15,43.3550720214844,-8.45804786682129,"Unknown"
"7014853",371857,2025-08-12 15:05:15,43.3561477661133,-8.45697021484375,"Unknown"
"7014853",371857,2025-08-12 15:10:18,43.356201171875,-8.45716094970703,"Unknown"
"7014853",371857,2025-08-12 15:15:15,43.3561973571777,-8.457106590271,"Unknown"
"7014853",371857,2025-08-12 15:20:19,43.3561134338379,-8.4570779800415,"Unknown"
"7014853",371857,2025-08-12 15:25:17,43.3562545776367,-8.45729637145996,"Unknown"
"7014853",371857,2025-08-12 15:30:33,43.3561859130859,-8.45719337463379,"Unknown"
"7014853",371857,2025-08-12 15:35:15,43.3561897277832,-8.45735549926758,"Unknown"
"7014853",371857,2025-08-12 15:40:16,43.3559875488281,-8.45681953430176,"Unknown"
"7014853",371857,2025-08-12 15:45:16,43.3559341430664,-8.45669937133789,"Unknown"
"7014853",371857,2025-08-12 15:50:15,43.3560600280762,-8.45689868927002,"Unknown"
"7014853",371857,2025-08-12 15:55:16,43.3561706542969,-8.45717811584473,"Unknown"
"7014853",371857,2025-08-12 16:00:16,43.3561515808105,-8.45714569091797,"Unknown"
"7014853",371857,2025-08-12 16:05:22,43.3564529418945,-8.45695781707764,"Unknown"
"7014853",371857,2025-08-12 16:10:14,43.3563346862793,-8.45712184906006,"Unknown"
"7014853",371857,2025-08-12 16:15:15,43.3495712280273,-8.43151187896729,"Unknown"
"7014853",371857,2025-08-12 16:20:14,43.3507270812988,-8.4318904876709,"Unknown"
"7014853",371857,2025-08-12 16:25:14,43.3506660461426,-8.43186187744141,"Unknown"
"7014853",371857,2025-08-12 16:30:15,43.352222442627,-8.42778205871582,"Unknown"
"7014853",371857,2025-08-12 16:35:14,43.3522911071777,-8.42760467529297,"Unknown"
"7014853",371857,2025-08-12 16:40:16,43.3523254394531,-8.42774772644043,"Unknown"
"7014853",371857,2025-08-12 16:45:17,43.3523254394531,-8.42791652679443,"Unknown"
"7014853",371857,2025-08-12 16:50:15,43.3523178100586,-8.42788982391357,"Unknown"
"7014853",371857,2025-08-12 16:55:17,43.3523025512695,-8.42770671844482,"Unknown"
"7014853",371857,2025-08-12 17:00:14,43.352237701416,-8.42757415771484,"Unknown"
"7014853",371857,2025-08-12 17:05:16,43.3522682189941,-8.42790222167969,"Unknown"
"7014853",371857,2025-08-12 17:10:15,43.3522682189941,-8.42777633666992,"Unknown"
"7014853",371857,2025-08-12 17:15:15,43.3522262573242,-8.42783069610596,"Unknown"
"7014853",371857,2025-08-12 17:20:15,43.352222442627,-8.42789840698242,"Unknown"
"7014853",371857,2025-08-12 17:25:29,43.3522109985352,-8.42766952514648,"Unknown"
"7014853",371857,2025-08-12 17:30:15,43.3522453308105,-8.42774200439453,"Unknown"
"7014853",371857,2025-08-12 17:35:18,43.352424621582,-8.42783737182617,"Unknown"
"7014853",371857,2025-08-12 17:40:17,43.3526191711426,-8.42813587188721,"Unknown"
"7014853",371857,2025-08-12 17:45:18,43.3524322509766,-8.42824745178223,"Unknown"
"7014853",371857,2025-08-12 17:50:23,43.3521842956543,-8.42751693725586,"Unknown"
"7014853",371857,2025-08-12 17:55:18,43.3522338867188,-8.42779541015625,"Unknown"
"7014853",371857,2025-08-12 18:00:17,43.350341796875,-8.43154335021973,"Unknown"
"7014853",371857,2025-08-12 18:05:35,43.3505020141602,-8.43209266662598,"Unknown"
"7014853",371857,2025-08-12 18:10:16,43.3504409790039,-8.43207740783691,"Unknown"
"7014853",371857,2025-08-12 18:15:16,43.3504676818848,-8.43203830718994,"Unknown"
"7014853",371857,2025-08-12 18:20:22,43.3505630493164,-8.43199062347412,"Unknown"
"7014853",371857,2025-08-12 18:25:15,43.3492813110352,-8.42904472351074,"Unknown"
"7014853",371857,2025-08-12 18:30:15,43.3522033691406,-8.42765522003174,"Unknown"
"7014853",371857,2025-08-12 18:35:14,43.3522415161133,-8.42750930786133,"Unknown"
"7014853",371857,2025-08-12 18:40:15,43.3522605895996,-8.42742824554443,"Unknown"
"7014853",371857,2025-08-12 18:45:16,43.3522605895996,-8.42752838134766,"Unknown"
"7014853",371857,2025-08-12 18:50:15,43.3523216247559,-8.42759227752686,"Unknown"
"7014853",371857,2025-08-12 18:55:15,43.3522300720215,-8.42743110656738,"Unknown"
"7014853",371857,2025-08-12 19:00:15,43.3522453308105,-8.42743492126465,"Unknown"
"7014853",371857,2025-08-12 19:05:15,43.352294921875,-8.42751312255859,"Unknown"
"7014853",371857,2025-08-12 19:10:14,43.3523101806641,-8.42737007141113,"Unknown"
"7014853",371857,2025-08-12 19:15:15,43.352367401123,-8.42787837982178,"Unknown"
"7014853",371857,2025-08-12 19:20:16,43.3523712158203,-8.42789745330811,"Unknown"
"7014853",371857,2025-08-12 19:25:19,43.3523826599121,-8.42759323120117,"Unknown"
"7014853",371857,2025-08-12 19:30:21,43.352409362793,-8.42757606506348,"Unknown"
"7014853",371857,2025-08-12 19:35:18,43.3524436950684,-8.42755317687988,"Unknown"
"7014853",371857,2025-08-12 19:40:33,43.3524208068848,-8.42752742767334,"Unknown"
"7014853",371857,2025-08-12 19:45:14,43.3523101806641,-8.42746257781982,"Unknown"
"7014853",371857,2025-08-12 19:50:15,43.3523330688477,-8.42750835418701,"Unknown"
"7014853",371857,2025-08-12 19:55:15,43.3523712158203,-8.4275426864624,"Unknown"
"7014853",371857,2025-08-12 20:00:35,43.3520050048828,-8.42428207397461,"Unknown"
"7014853",371857,2025-08-12 20:05:14,43.3520317077637,-8.42431545257568,"Unknown"
"7014853",371857,2025-08-12 20:10:15,43.3520202636719,-8.42415237426758,"Unknown"
"7014853",371857,2025-08-12 20:15:14,43.3520545959473,-8.42427444458008,"Unknown"
"7014853",371857,2025-08-12 20:20:14,43.3520011901855,-8.42425441741943,"Unknown"
"7014853",371857,2025-08-12 20:22:21,43.3520317077637,-8.42419815063477,"Unknown"
"7014853",371857,2025-08-13 01:22:53,43.3522186279297,-8.4246883392334,"Unknown"
"7014853",371857,2025-08-13 05:42:05,43.3550796508789,-8.51705360412598,"Unknown"
"7014853",371857,2025-08-13 05:46:27,43.3550720214844,-8.51737403869629,"Unknown"
"7014853",371857,2025-08-13 05:51:26,43.35498046875,-8.51692199707031,"Unknown"
"7014853",371857,2025-08-13 05:56:28,43.355037689209,-8.51706790924072,"Unknown"
"7014853",371857,2025-08-13 06:01:30,43.3551406860352,-8.51739025115967,"Unknown"
"7014853",371857,2025-08-13 06:06:28,43.3552436828613,-8.5176362991333,"Unknown"
"7014853",371857,2025-08-13 06:11:30,43.355152130127,-8.51737403869629,"Unknown"
"7014853",371857,2025-08-13 06:16:26,43.3552017211914,-8.51762676239014,"Unknown"
"7014853",371857,2025-08-13 06:21:26,43.355598449707,-8.51881790161133,"Unknown"
"7014853",371857,2025-08-13 06:26:26,43.3445739746094,-8.55062103271484,"Unknown"
"7014853",371857,2025-08-13 06:31:26,43.3346977233887,-8.58804607391357,"Unknown"
"7014853",371857,2025-08-13 06:36:31,43.3310432434082,-8.60427665710449,"Unknown"
"7014853",371857,2025-08-13 06:41:29,43.3315391540527,-8.60341358184814,"Unknown"
"7014853",371857,2025-08-13 06:46:36,43.3315963745117,-8.60221767425537,"Unknown"
"7014853",371857,2025-08-13 06:51:36,43.3320465087891,-8.60153579711914,"Unknown"
"7014853",371857,2025-08-13 06:56:29,43.3323020935059,-8.60045146942139,"Unknown"
"7014853",371857,2025-08-13 07:01:41,43.3324661254883,-8.5998706817627,"Unknown"
"7014853",371857,2025-08-13 07:06:31,43.3325996398926,-8.59898662567139,"Unknown"
"7014853",371857,2025-08-13 07:11:26,43.324878692627,-8.59788990020752,"Unknown"
"7014853",371857,2025-08-13 07:16:44,43.3202705383301,-8.59434604644775,"Unknown"
"7014853",371857,2025-08-13 07:21:30,43.3202209472656,-8.59450054168701,"Unknown"
"7014853",371857,2025-08-13 07:26:31,43.3201522827148,-8.59443759918213,"Unknown"
"7014853",371857,2025-08-13 07:31:39,43.3204498291016,-8.59403133392334,"Unknown"
"7014853",371857,2025-08-13 07:37:13,43.3203544616699,-8.5943078994751,"Unknown"
"7014853",371857,2025-08-13 07:41:34,43.3203392028809,-8.594313621521,"Unknown"
"7014853",371857,2025-08-13 07:46:27,43.3204154968262,-8.59439373016357,"Unknown"
"7014853",371857,2025-08-13 07:51:40,43.3200569152832,-8.5944242477417,"Unknown"
"7014853",371857,2025-08-13 07:56:29,43.3200187683105,-8.59436225891113,"Unknown"
"7014853",371857,2025-08-13 08:01:38,43.3201293945312,-8.59444713592529,"Unknown"
"7014853",371857,2025-08-13 08:07:05,43.320140838623,-8.59439849853516,"Unknown"
"7014853",371857,2025-08-13 08:11:45,43.3201179504395,-8.59438133239746,"Unknown"
"7014853",371857,2025-08-13 08:16:26,43.3202743530273,-8.59438610076904,"Unknown"
"7014853",371857,2025-08-13 08:21:48,43.3203811645508,-8.59447002410889,"Unknown"
"7014853",371857,2025-08-13 08:26:49,43.3204879760742,-8.59446811676025,"Unknown"
"7014853",371857,2025-08-13 08:31:46,43.3204193115234,-8.59438133239746,"Unknown"
"7014853",371857,2025-08-13 08:36:48,43.3202857971191,-8.59443855285645,"Unknown"
"7014853",371857,2025-08-13 08:41:47,43.3202705383301,-8.59456062316895,"Unknown"
"7014853",371857,2025-08-13 08:46:54,43.3203964233398,-8.5943775177002,"Unknown"
"7014853",371857,2025-08-13 08:51:54,43.3203506469727,-8.5943775177002,"Unknown"
"7014853",371857,2025-08-13 08:57:14,43.3182029724121,-8.60124111175537,"Unknown"
"7014853",371857,2025-08-13 09:01:54,43.3183784484863,-8.60137367248535,"Unknown"
"7014853",371857,2025-08-13 09:07:03,43.3181953430176,-8.60143661499023,"Unknown"
"7014853",371857,2025-08-13 09:11:54,43.3183326721191,-8.60142135620117,"Unknown"
"7014853",371857,2025-08-13 09:16:54,43.3182525634766,-8.60130405426025,"Unknown"
"7014853",371857,2025-08-13 09:22:00,43.3180961608887,-8.60103511810303,"Unknown"
"7014853",371857,2025-08-13 09:27:00,43.3182220458984,-8.60170650482178,"Unknown"
"7014853",371857,2025-08-13 09:32:06,43.3181037902832,-8.60184383392334,"Unknown"
"7014853",371857,2025-08-13 09:37:06,43.3183517456055,-8.60175037384033,"Unknown"
"7014853",371857,2025-08-13 09:42:07,43.3186073303223,-8.6016788482666,"Unknown"
"7014853",371857,2025-08-13 09:47:22,43.3180732727051,-8.60186958312988,"Unknown"
"7014853",371857,2025-08-13 09:51:47,43.3179206848145,-8.60184860229492,"Unknown"
"7014853",371857,2025-08-13 09:56:46,43.3181228637695,-8.60188007354736,"Unknown"
"7014853",371857,2025-08-13 10:01:46,43.3179092407227,-8.60181140899658,"Unknown"
"7014853",371857,2025-08-13 10:06:46,43.3181037902832,-8.60196590423584,"Unknown"
"7014853",371857,2025-08-13 10:11:46,43.3181228637695,-8.60180759429932,"Unknown"
"7014853",371857,2025-08-13 10:16:46,43.3181838989258,-8.60192108154297,"Unknown"
"7014853",371857,2025-08-13 10:21:48,43.3180465698242,-8.60184192657471,"Unknown"
"7014853",371857,2025-08-13 10:26:48,43.3180465698242,-8.60193252563477,"Unknown"
"7014853",371857,2025-08-13 10:31:46,43.3180999755859,-8.60181713104248,"Unknown"
"7014853",371857,2025-08-13 10:36:47,43.318115234375,-8.60256004333496,"Unknown"
"7014853",371857,2025-08-13 10:41:51,43.3181114196777,-8.6022834777832,"Unknown"
"7014853",371857,2025-08-13 10:46:53,43.3181648254395,-8.60235023498535,"Unknown"
"7014853",371857,2025-08-13 10:51:46,43.3180656433105,-8.60220623016357,"Unknown"
"7014853",371857,2025-08-13 10:56:48,43.3179588317871,-8.60190963745117,"Unknown"
"7014853",371857,2025-08-13 11:01:48,43.3165664672852,-8.60022640228271,"Unknown"
"7014853",371857,2025-08-13 11:06:51,43.3180618286133,-8.60231876373291,"Unknown"
"7014853",371857,2025-08-13 11:12:00,43.3180885314941,-8.60236549377441,"Unknown"
"7014853",371857,2025-08-13 11:17:00,43.3177337646484,-8.60187721252441,"Unknown"
"7014853",371857,2025-08-13 11:22:25,43.3180084228516,-8.60261154174805,"Unknown"
"7014853",371857,2025-08-13 11:26:49,43.3181419372559,-8.60235404968262,"Unknown"
"7014853",371857,2025-08-13 11:31:58,43.3179626464844,-8.60235595703125,"Unknown"
"7014853",371857,2025-08-13 11:37:08,43.317943572998,-8.60263538360596,"Unknown"
"7014853",371857,2025-08-13 11:41:57,43.317928314209,-8.6022424697876,"Unknown"
"7014853",371857,2025-08-13 11:46:50,43.3181953430176,-8.60244178771973,"Unknown"
"7014853",371857,2025-08-13 11:52:14,43.3181190490723,-8.60222816467285,"Unknown"
"7014853",371857,2025-08-13 11:56:46,43.3180160522461,-8.60231781005859,"Unknown"
"7014853",371857,2025-08-13 12:01:46,43.318172454834,-8.602294921875,"Unknown"
"7014853",371857,2025-08-13 12:06:54,43.3177680969238,-8.60280704498291,"Unknown"
"7014853",371857,2025-08-13 12:11:49,43.31787109375,-8.60227108001709,"Unknown"
"7014853",371857,2025-08-13 12:16:53,43.3177719116211,-8.60218143463135,"Unknown"
"7014853",371857,2025-08-13 12:21:51,43.3181114196777,-8.602463722229,"Unknown"
"7014853",371857,2025-08-13 12:26:53,43.3176803588867,-8.60209083557129,"Unknown"
"7014853",371857,2025-08-13 12:32:02,43.3178291320801,-8.60217475891113,"Unknown"
"7014853",371857,2025-08-13 12:37:14,43.3180541992188,-8.60232353210449,"Unknown"
"7014853",371857,2025-08-13 12:41:50,43.3178367614746,-8.60240936279297,"Unknown"
"7014853",371857,2025-08-13 12:46:49,43.3177719116211,-8.60248184204102,"Unknown"
"7014853",371857,2025-08-13 12:51:48,43.3176193237305,-8.60244274139404,"Unknown"
"7014853",371857,2025-08-13 12:56:48,43.3179664611816,-8.60250759124756,"Unknown"
"7014853",371857,2025-08-13 13:02:06,43.3178939819336,-8.6048698425293,"Unknown"
"7014853",371857,2025-08-13 13:06:51,43.3177070617676,-8.60479927062988,"Unknown"
"7014853",371857,2025-08-13 13:11:51,43.3203048706055,-8.59554576873779,"Unknown"
"7014853",371857,2025-08-13 13:16:52,43.3174171447754,-8.55771636962891,"Unknown"
"7014853",371857,2025-08-13 13:21:47,43.327392578125,-8.51972389221191,"Unknown"
"7014853",371857,2025-08-13 13:26:54,43.3306083679199,-8.4964771270752,"Unknown"
"7014853",371857,2025-08-13 13:32:19,43.3309555053711,-8.49659729003906,"Unknown"
"7014853",371857,2025-08-13 13:36:48,43.3309173583984,-8.49612426757812,"Unknown"
"7014853",371857,2025-08-13 13:41:52,43.3310585021973,-8.4965238571167,"Unknown"
"7014853",371857,2025-08-13 13:47:44,43.3309898376465,-8.49631023406982,"Unknown"
"7014853",371857,2025-08-13 13:51:49,43.3307800292969,-8.49592590332031,"Unknown"
"7014853",371857,2025-08-13 13:56:46,43.3310165405273,-8.49639320373535,"Unknown"
"7014853",371857,2025-08-13 14:02:53,43.330982208252,-8.49620151519775,"Unknown"
"7014853",371857,2025-08-13 14:07:14,43.3309669494629,-8.49620532989502,"Unknown"
"7014853",371857,2025-08-13 14:11:46,43.3309783935547,-8.49616050720215,"Unknown"
"7014853",371857,2025-08-13 14:16:46,43.3310546875,-8.49623203277588,"Unknown"
"7014853",371857,2025-08-13 14:21:46,43.3365516662598,-8.51158046722412,"Unknown"
"7014853",371857,2025-08-13 14:26:47,43.3391418457031,-8.51637172698975,"Unknown"
"7014853",371857,2025-08-13 14:31:51,43.3391494750977,-8.51632785797119,"Unknown"
"7014853",371857,2025-08-13 14:36:47,43.3391189575195,-8.51645755767822,"Unknown"
"7014853",371857,2025-08-13 14:41:55,43.3390007019043,-8.51626491546631,"Unknown"
"7014853",371857,2025-08-13 14:47:23,43.3392181396484,-8.51647853851318,"Unknown"
"7014853",371857,2025-08-13 14:51:49,43.3392333984375,-8.51656246185303,"Unknown"
"7014853",371857,2025-08-13 14:56:48,43.3392753601074,-8.5165843963623,"Unknown"
"7014853",371857,2025-08-13 15:01:46,43.3404350280762,-8.51707744598389,"Unknown"
"7014853",371857,2025-08-13 15:06:50,43.3481483459473,-8.53081798553467,"Unknown"
"7014853",371857,2025-08-13 15:11:47,43.3481712341309,-8.53094291687012,"Unknown"
"7014853",371857,2025-08-13 15:16:50,43.3480415344238,-8.53068447113037,"Unknown"
"7014853",371857,2025-08-13 15:21:55,43.3481559753418,-8.53087425231934,"Unknown"
"7014853",371857,2025-08-13 15:26:46,43.3481712341309,-8.5308837890625,"Unknown"
"7014853",371857,2025-08-13 15:32:08,43.3480987548828,-8.53075313568115,"Unknown"
"7014853",371857,2025-08-13 15:36:49,43.3481712341309,-8.53084659576416,"Unknown"
"7014853",371857,2025-08-13 15:42:01,43.348201751709,-8.53061962127686,"Unknown"
"7014853",371857,2025-08-13 15:46:59,43.3481903076172,-8.53066539764404,"Unknown"
"7014853",371857,2025-08-13 15:52:01,43.3481025695801,-8.53072071075439,"Unknown"
"7014853",371857,2025-08-13 15:56:52,43.3482856750488,-8.53100776672363,"Unknown"
"7014853",371857,2025-08-13 16:02:01,43.3481369018555,-8.53076648712158,"Unknown"
"7014853",371857,2025-08-13 16:06:50,43.3481483459473,-8.5307788848877,"Unknown"
"7014853",371857,2025-08-13 16:12:01,43.348217010498,-8.53078460693359,"Unknown"
"7014853",371857,2025-08-13 16:16:54,43.3481369018555,-8.53058242797852,"Unknown"
"7014853",371857,2025-08-13 16:22:15,43.347957611084,-8.53083610534668,"Unknown"
"7014853",371857,2025-08-13 16:26:50,43.3478813171387,-8.53110885620117,"Unknown"
"7014853",371857,2025-08-13 16:31:53,43.3478469848633,-8.53093528747559,"Unknown"
"7014853",371857,2025-08-13 16:36:54,43.3506698608398,-8.52678394317627,"Unknown"
"7014853",371857,2025-08-13 16:41:50,43.3506317138672,-8.52664852142334,"Unknown"
"7014853",371857,2025-08-13 16:47:15,43.3503952026367,-8.52686500549316,"Unknown"
"7014853",371857,2025-08-13 16:51:49,43.3503494262695,-8.52683353424072,"Unknown"
"7014853",371857,2025-08-13 16:56:49,43.3559989929199,-8.51487255096436,"Unknown"
"7014853",371857,2025-08-13 17:01:53,43.3580055236816,-8.48046493530273,"Unknown"
"7014853",371857,2025-08-13 17:06:58,43.3584785461426,-8.4810094833374,"Unknown"
"7014853",371857,2025-08-13 17:11:53,43.3583831787109,-8.48091983795166,"Unknown"
"7014853",371857,2025-08-13 17:16:51,43.356876373291,-8.46998405456543,"Unknown"
"7014853",371857,2025-08-13 17:21:52,43.3562889099121,-8.45759963989258,"Unknown"
"7014853",371857,2025-08-13 17:26:50,43.3564071655273,-8.45695018768311,"Unknown"
"7014853",371857,2025-08-13 17:32:23,43.3563385009766,-8.457106590271,"Unknown"
"7014853",371857,2025-08-13 17:36:47,43.3564071655273,-8.45720291137695,"Unknown"
"7014853",371857,2025-08-13 17:41:48,43.3565902709961,-8.45726203918457,"Unknown"
"7014853",371857,2025-08-13 17:47:33,43.3562126159668,-8.45793914794922,"Unknown"
"7014853",371857,2025-08-13 17:51:47,43.3560447692871,-8.45795345306396,"Unknown"
"7014853",371857,2025-08-13 17:56:48,43.3541564941406,-8.45843124389648,"Unknown"
"7014853",371857,2025-08-13 18:01:47,43.3541412353516,-8.45849132537842,"Unknown"
"7014853",371857,2025-08-13 18:06:48,43.3555335998535,-8.45781135559082,"Unknown"
"7014853",371857,2025-08-13 18:11:48,43.3561668395996,-8.45792102813721,"Unknown"
"7014853",371857,2025-08-13 18:16:48,43.3561935424805,-8.45782089233398,"Unknown"
"7014853",371857,2025-08-13 18:21:47,43.3561782836914,-8.45789527893066,"Unknown"
"7014853",371857,2025-08-13 18:26:48,43.3562545776367,-8.45700359344482,"Unknown"
"7014853",371857,2025-08-13 18:31:49,43.3563652038574,-8.45710372924805,"Unknown"
"7014853",371857,2025-08-13 18:36:49,43.3564186096191,-8.45767402648926,"Unknown"
"7014853",371857,2025-08-13 18:41:51,43.356388092041,-8.45787525177002,"Unknown"
"7014853",371857,2025-08-13 18:46:49,43.3562889099121,-8.45777130126953,"Unknown"
"7014853",371857,2025-08-13 18:51:49,43.3563690185547,-8.45796012878418,"Unknown"
"7014853",371857,2025-08-13 18:56:50,43.3567314147949,-8.45712566375732,"Unknown"
"7014853",371857,2025-08-13 19:01:48,43.3515434265137,-8.45278835296631,"Unknown"
"7014853",371857,2025-08-13 19:06:49,43.3400230407715,-8.45369911193848,"Unknown"
"7014853",371857,2025-08-13 19:11:49,43.3459587097168,-8.43727397918701,"Unknown"
"7014853",371857,2025-08-13 19:16:51,43.352180480957,-8.42763519287109,"Unknown"
"7014853",371857,2025-08-13 19:21:56,43.352237701416,-8.42765808105469,"Unknown"
"7014853",371857,2025-08-13 19:26:52,43.3521881103516,-8.42758941650391,"Unknown"
"7014853",371857,2025-08-13 19:31:53,43.3522758483887,-8.42769241333008,"Unknown"
"7014853",371857,2025-08-13 19:36:48,43.352352142334,-8.42772769927979,"Unknown"
"7014853",371857,2025-08-13 19:41:49,43.3522529602051,-8.42757797241211,"Unknown"
"7014853",371857,2025-08-13 19:46:50,43.352352142334,-8.4276008605957,"Unknown"
"7014853",371857,2025-08-13 19:51:52,43.3523750305176,-8.42746925354004,"Unknown"
"7014853",371857,2025-08-13 19:56:50,43.3523368835449,-8.42744159698486,"Unknown"
"7014853",371857,2025-08-13 20:01:51,43.352596282959,-8.42736530303955,"Unknown"
"7014853",371857,2025-08-13 20:06:50,43.3613395690918,-8.40320777893066,"Unknown"
"7014853",371857,2025-08-13 20:11:48,43.3617668151855,-8.40349578857422,"Unknown"
"7014853",371857,2025-08-13 20:16:52,43.3613128662109,-8.40329265594482,"Unknown"
"7014853",371857,2025-08-13 20:20:38,43.3601036071777,-8.40307426452637,"Unknown"
"7014853",371857,2025-08-14 01:21:06,43.3524398803711,-8.42397880554199,"Unknown"
"7014853",371857,2025-08-14 05:42:59,43.3592262268066,-8.49674987792969,"Unknown"
"7014853",371857,2025-08-14 05:47:23,43.3499374389648,-8.528564453125,"Unknown"
"7014853",371857,2025-08-14 05:52:29,43.3498306274414,-8.52819156646729,"Unknown"
"7014853",371857,2025-08-14 05:57:24,43.3498992919922,-8.52817440032959,"Unknown"
"7014853",371857,2025-08-14 06:02:23,43.3502540588379,-8.53381538391113,"Unknown"
"7014853",371857,2025-08-14 06:07:23,43.3333892822266,-8.58831977844238,"Unknown"
"7014853",371857,2025-08-14 06:12:22,43.3204498291016,-8.60510635375977,"Unknown"
"7014853",371857,2025-08-14 06:17:23,43.3209342956543,-8.60689258575439,"Unknown"
"7014853",371857,2025-08-14 06:22:24,43.3209419250488,-8.60680389404297,"Unknown"
"7014853",371857,2025-08-14 06:27:22,43.3210678100586,-8.60708332061768,"Unknown"
"7014853",371857,2025-08-14 06:32:24,43.3210258483887,-8.60682582855225,"Unknown"
"7014853",371857,2025-08-14 06:37:28,43.3208122253418,-8.60671138763428,"Unknown"
"7014853",371857,2025-08-14 06:42:30,43.3208885192871,-8.60678863525391,"Unknown"
"7014853",371857,2025-08-14 06:47:25,43.3210220336914,-8.60647583007812,"Unknown"
"7014853",371857,2025-08-14 06:52:26,43.3197631835938,-8.60558223724365,"Unknown"
"7014853",371857,2025-08-14 06:57:26,43.3198509216309,-8.60554504394531,"Unknown"
"7014853",371857,2025-08-14 07:02:25,43.3194160461426,-8.60455226898193,"Unknown"
"7014853",371857,2025-08-14 07:07:24,43.3208770751953,-8.60565853118896,"Unknown"
"7014853",371857,2025-08-14 07:12:31,43.3209533691406,-8.60555744171143,"Unknown"
"7014853",371857,2025-08-14 07:17:30,43.3200988769531,-8.60616016387939,"Unknown"
"7014853",371857,2025-08-14 07:22:28,43.3197937011719,-8.60437965393066,"Unknown"
"7014853",371857,2025-08-14 07:27:28,43.3198280334473,-8.60423183441162,"Unknown"
"7014853",371857,2025-08-14 07:32:42,43.3199234008789,-8.60551738739014,"Unknown"
"7014853",371857,2025-08-14 07:37:44,43.3173294067383,-8.6047306060791,"Unknown"
"7014853",371857,2025-08-14 07:42:33,43.3173370361328,-8.60475254058838,"Unknown"
"7014853",371857,2025-08-14 07:47:25,43.3171577453613,-8.60476875305176,"Unknown"
"7014853",371857,2025-08-14 07:52:28,43.316764831543,-8.60474586486816,"Unknown"
"7014853",371857,2025-08-14 07:57:44,43.3173065185547,-8.60482883453369,"Unknown"
"7014853",371857,2025-08-14 08:02:23,43.3171768188477,-8.60494232177734,"Unknown"
"7014853",371857,2025-08-14 08:07:26,43.317310333252,-8.60468482971191,"Unknown"
"7014853",371857,2025-08-14 08:12:25,43.3171806335449,-8.6048412322998,"Unknown"
"7014853",371857,2025-08-14 08:17:25,43.3172225952148,-8.60452270507812,"Unknown"
"7014853",371857,2025-08-14 08:22:29,43.3175849914551,-8.60491371154785,"Unknown"
"7014853",371857,2025-08-14 08:27:31,43.3189392089844,-8.59663867950439,"Unknown"
"7014853",371857,2025-08-14 08:32:43,43.3199920654297,-8.59138011932373,"Unknown"
"7014853",371857,2025-08-14 08:37:24,43.3182792663574,-8.56375122070312,"Unknown"
"7014853",371857,2025-08-14 08:42:26,43.3252105712891,-8.53346729278564,"Unknown"
"7014853",371857,2025-08-14 08:47:26,43.3460998535156,-8.53056621551514,"Unknown"
"7014853",371857,2025-08-14 08:52:37,43.3489303588867,-8.52949237823486,"Unknown"
"7014853",371857,2025-08-14 08:57:28,43.34912109375,-8.52872276306152,"Unknown"
"7014853",371857,2025-08-14 09:02:26,43.3489646911621,-8.52892398834229,"Unknown"
"7014853",371857,2025-08-14 09:07:24,43.3490600585938,-8.52907371520996,"Unknown"
"7014853",371857,2025-08-14 09:12:26,43.3488922119141,-8.52951145172119,"Unknown"
"7014853",371857,2025-08-14 09:17:25,43.3492202758789,-8.52867794036865,"Unknown"
"7014853",371857,2025-08-14 09:22:26,43.3491363525391,-8.52906131744385,"Unknown"
"7014853",371857,2025-08-14 09:27:26,43.3490867614746,-8.52861976623535,"Unknown"
"7014853",371857,2025-08-14 09:32:44,43.3490447998047,-8.52877807617188,"Unknown"
"7014853",371857,2025-08-14 09:37:23,43.3490219116211,-8.52883529663086,"Unknown"
"7014853",371857,2025-08-14 09:42:26,43.3489990234375,-8.52879619598389,"Unknown"
"7014853",371857,2025-08-14 09:47:40,43.3490409851074,-8.52862071990967,"Unknown"
"7014853",371857,2025-08-14 09:52:27,43.348934173584,-8.52931690216064,"Unknown"
"7014853",371857,2025-08-14 09:57:29,43.3490371704102,-8.52823734283447,"Unknown"
"7014853",371857,2025-08-14 10:02:31,43.3489265441895,-8.52905368804932,"Unknown"
"7014853",371857,2025-08-14 10:07:30,43.3489837646484,-8.52895641326904,"Unknown"
"7014853",371857,2025-08-14 10:12:28,43.3489685058594,-8.52868175506592,"Unknown"
"7014853",371857,2025-08-14 10:17:26,43.3489990234375,-8.52938556671143,"Unknown"
"7014853",371857,2025-08-14 10:22:28,43.3489723205566,-8.52716255187988,"Unknown"
"7014853",371857,2025-08-14 10:27:29,43.3490219116211,-8.52828598022461,"Unknown"
"7014853",371857,2025-08-14 10:32:45,43.3489875793457,-8.52906036376953,"Unknown"
"7014853",371857,2025-08-14 10:37:24,43.3490676879883,-8.52916145324707,"Unknown"
"7014853",371857,2025-08-14 10:42:36,43.3490333557129,-8.52876663208008,"Unknown"
"7014853",371857,2025-08-14 10:47:30,43.3490447998047,-8.52894592285156,"Unknown"
"7014853",371857,2025-08-14 10:52:35,43.3489875793457,-8.52889347076416,"Unknown"
"7014853",371857,2025-08-14 10:57:37,43.3490371704102,-8.52884292602539,"Unknown"
"7014853",371857,2025-08-14 11:02:35,43.3490028381348,-8.52890682220459,"Unknown"
"7014853",371857,2025-08-14 11:07:37,43.3489875793457,-8.52894878387451,"Unknown"
"7014853",371857,2025-08-14 11:12:28,43.3489379882812,-8.52866744995117,"Unknown"
"7014853",371857,2025-08-14 11:17:31,43.3490524291992,-8.52911949157715,"Unknown"
"7014853",371857,2025-08-14 11:22:28,43.3495788574219,-8.52776432037354,"Unknown"
"7014853",371857,2025-08-14 11:27:37,43.3502998352051,-8.52716636657715,"Unknown"
"7014853",371857,2025-08-14 11:32:45,43.3502349853516,-8.5270938873291,"Unknown"
"7014853",371857,2025-08-14 11:37:25,43.3501663208008,-8.527099609375,"Unknown"
"7014853",371857,2025-08-14 11:42:26,43.3503189086914,-8.52754688262939,"Unknown"
"7014853",371857,2025-08-14 11:47:54,43.3499946594238,-8.52697849273682,"Unknown"
"7014853",371857,2025-08-14 11:52:38,43.3501892089844,-8.52724552154541,"Unknown"
"7014853",371857,2025-08-14 11:57:36,43.3501052856445,-8.52713298797607,"Unknown"
"7014853",371857,2025-08-14 12:02:27,43.3501815795898,-8.52707004547119,"Unknown"
"7014853",371857,2025-08-14 12:07:37,43.3502082824707,-8.52717685699463,"Unknown"
"7014853",371857,2025-08-14 12:12:24,43.3502807617188,-8.52753257751465,"Unknown"
"7014853",371857,2025-08-14 12:17:37,43.3502006530762,-8.52721214294434,"Unknown"
"7014853",371857,2025-08-14 12:22:29,43.3501358032227,-8.52706432342529,"Unknown"
"7014853",371857,2025-08-14 12:27:31,43.3502235412598,-8.52715396881104,"Unknown"
"7014853",371857,2025-08-14 12:32:45,43.3500671386719,-8.52704048156738,"Unknown"
"7014853",371857,2025-08-14 12:37:44,43.3500938415527,-8.52706623077393,"Unknown"
"7014853",371857,2025-08-14 12:42:25,43.3500366210938,-8.52686309814453,"Unknown"
"7014853",371857,2025-08-14 12:47:29,43.3498458862305,-8.52677059173584,"Unknown"
"7014853",371857,2025-08-14 12:52:43,43.3513259887695,-8.52547073364258,"Unknown"
"7014853",371857,2025-08-14 12:57:26,43.3513870239258,-8.52541542053223,"Unknown"
"7014853",371857,2025-08-14 13:02:24,43.3515090942383,-8.52567481994629,"Unknown"
"7014853",371857,2025-08-14 13:07:32,43.351490020752,-8.52555751800537,"Unknown"
"7014853",371857,2025-08-14 13:12:30,43.3514747619629,-8.52554798126221,"Unknown"
"7014853",371857,2025-08-14 13:17:26,43.3516082763672,-8.52579021453857,"Unknown"
"7014853",371857,2025-08-14 13:22:26,43.3513870239258,-8.52544498443604,"Unknown"
"7014853",371857,2025-08-14 13:27:34,43.3515968322754,-8.52557468414307,"Unknown"
"7014853",371857,2025-08-14 13:32:44,43.351448059082,-8.52551460266113,"Unknown"
"7014853",371857,2025-08-14 13:37:24,43.351203918457,-8.52555465698242,"Unknown"
"7014853",371857,2025-08-14 13:42:25,43.3514213562012,-8.5254020690918,"Unknown"
"7014853",371857,2025-08-14 13:47:27,43.3514366149902,-8.52544689178467,"Unknown"
"7014853",371857,2025-08-14 13:52:23,43.3515892028809,-8.52550220489502,"Unknown"
"7014853",371857,2025-08-14 13:57:27,43.3513984680176,-8.52548885345459,"Unknown"
"7014853",371857,2025-08-14 14:02:25,43.3515434265137,-8.52543067932129,"Unknown"
"7014853",371857,2025-08-14 14:07:26,43.351261138916,-8.52560615539551,"Unknown"
"7014853",371857,2025-08-14 14:12:26,43.3515396118164,-8.52551078796387,"Unknown"
"7014853",371857,2025-08-14 14:17:36,43.3513870239258,-8.52564430236816,"Unknown"
"7014853",371857,2025-08-14 14:22:34,43.3511962890625,-8.52569675445557,"Unknown"
"7014853",371857,2025-08-14 14:27:27,43.3511810302734,-8.5257568359375,"Unknown"
"7014853",371857,2025-08-14 14:32:45,43.3514709472656,-8.52547454833984,"Unknown"
"7014853",371857,2025-08-14 14:37:25,43.3516082763672,-8.5252742767334,"Unknown"
"7014853",371857,2025-08-14 14:42:27,43.3514633178711,-8.52546119689941,"Unknown"
"7014853",371857,2025-08-14 14:47:27,43.3514671325684,-8.52538681030273,"Unknown"
"7014853",371857,2025-08-14 14:52:23,43.3523750305176,-8.52494049072266,"Unknown"
"7014853",371857,2025-08-14 14:57:25,43.3514976501465,-8.52533912658691,"Unknown"
"7014853",371857,2025-08-14 15:02:23,43.3515434265137,-8.5253324508667,"Unknown"
"7014853",371857,2025-08-14 15:07:28,43.3517189025879,-8.52555751800537,"Unknown"
"7014853",371857,2025-08-14 15:12:29,43.3515396118164,-8.52547550201416,"Unknown"
"7014853",371857,2025-08-14 15:17:36,43.3516006469727,-8.52551174163818,"Unknown"
"7014853",371857,2025-08-14 15:22:29,43.3510475158691,-8.52573585510254,"Unknown"
"7014853",371857,2025-08-14 15:27:27,43.3512535095215,-8.52533054351807,"Unknown"
"7014853",371857,2025-08-14 15:32:45,43.3514976501465,-8.5252742767334,"Unknown"
"7014853",371857,2025-08-14 15:37:44,43.3562240600586,-8.5116081237793,"Unknown"
"7014853",371857,2025-08-14 15:42:29,43.3563003540039,-8.51133728027344,"Unknown"
"7014853",371857,2025-08-14 15:47:30,43.3563613891602,-8.51076984405518,"Unknown"
"7014853",371857,2025-08-14 15:52:39,43.3563041687012,-8.51099300384521,"Unknown"
"7014853",371857,2025-08-14 15:57:34,43.3563117980957,-8.51093864440918,"Unknown"
"7014853",371857,2025-08-14 16:02:28,43.3563575744629,-8.51076793670654,"Unknown"
"7014853",371857,2025-08-14 16:07:27,43.3561859130859,-8.51080703735352,"Unknown"
"7014853",371857,2025-08-14 16:12:27,43.3627738952637,-8.48942184448242,"Unknown"
"7014853",371857,2025-08-14 16:17:27,43.3571891784668,-8.45849227905273,"Unknown"
"7014853",371857,2025-08-14 16:23:05,43.3562774658203,-8.45700740814209,"Unknown"
"7014853",371857,2025-08-14 16:27:30,43.3562393188477,-8.45720958709717,"Unknown"
"7014853",371857,2025-08-14 16:32:59,43.3563003540039,-8.45690155029297,"Unknown"
"7014853",371857,2025-08-14 16:37:29,43.3562545776367,-8.45688056945801,"Unknown"
"7014853",371857,2025-08-14 16:43:44,43.3564300537109,-8.45705604553223,"Unknown"
"7014853",371857,2025-08-14 16:47:24,43.3565139770508,-8.45744514465332,"Unknown"
"7014853",371857,2025-08-14 16:52:36,43.3564796447754,-8.45719814300537,"Unknown"
"7014853",371857,2025-08-14 16:57:26,43.3564834594727,-8.45662784576416,"Unknown"
"7014853",371857,2025-08-14 17:02:47,43.3543510437012,-8.45968627929688,"Unknown"
"7014853",371857,2025-08-14 17:07:32,43.3536720275879,-8.45797824859619,"Unknown"
"7014853",371857,2025-08-14 17:12:44,43.3538551330566,-8.45869159698486,"Unknown"
"7014853",371857,2025-08-14 17:22:27,43.3548812866211,-8.45746326446533,"Unknown"
"7014853",371857,2025-08-14 17:27:24,43.3403282165527,-8.45333957672119,"Unknown"
"7014853",371857,2025-08-14 17:32:24,43.3489723205566,-8.44515991210938,"Unknown"
"7014853",371857,2025-08-14 17:37:25,43.3498039245605,-8.42701053619385,"Unknown"
"7014853",371857,2025-08-14 17:42:30,43.3500137329102,-8.42786026000977,"Unknown"
"7014853",371857,2025-08-14 17:47:32,43.3498840332031,-8.42728233337402,"Unknown"
"7014853",371857,2025-08-14 17:52:31,43.3498153686523,-8.4270544052124,"Unknown"
"7014853",371857,2025-08-14 17:57:42,43.3499565124512,-8.42747497558594,"Unknown"
"7014853",371857,2025-08-14 18:02:26,43.3499221801758,-8.42735767364502,"Unknown"
"7014853",371857,2025-08-14 18:07:27,43.3499565124512,-8.42764282226562,"Unknown"
"7014853",371857,2025-08-14 18:12:26,43.349967956543,-8.42753982543945,"Unknown"
"7014853",371857,2025-08-14 18:17:27,43.3500022888184,-8.42711925506592,"Unknown"
"7014853",371857,2025-08-14 18:22:24,43.3500175476074,-8.42712020874023,"Unknown"
"7014853",371857,2025-08-14 18:27:26,43.3500022888184,-8.42702198028564,"Unknown"
"7014853",371857,2025-08-14 18:32:27,43.3500480651855,-8.42757034301758,"Unknown"
"7014853",371857,2025-08-14 18:37:28,43.3500137329102,-8.4269437789917,"Unknown"
"7014853",371857,2025-08-14 18:42:25,43.3501052856445,-8.42731285095215,"Unknown"
"7014853",371857,2025-08-14 18:47:45,43.3500137329102,-8.42746829986572,"Unknown"
"7014853",371857,2025-08-14 18:52:23,43.349967956543,-8.42748641967773,"Unknown"
"7014853",371857,2025-08-14 18:57:24,43.3499870300293,-8.42747783660889,"Unknown"
"7014853",371857,2025-08-14 19:02:25,43.3500480651855,-8.42765808105469,"Unknown"
"7014853",371857,2025-08-14 19:07:26,43.3501243591309,-8.42797088623047,"Unknown"
"7014853",371857,2025-08-14 19:12:25,43.3501472473145,-8.42820358276367,"Unknown"
"7014853",371857,2025-08-14 19:17:27,43.3500099182129,-8.42736339569092,"Unknown"
"7014853",371857,2025-08-14 19:22:26,43.3500442504883,-8.42754459381104,"Unknown"
"7014853",371857,2025-08-14 19:27:27,43.3501014709473,-8.4274377822876,"Unknown"
"7014853",371857,2025-08-14 19:32:45,43.349983215332,-8.42739009857178,"Unknown"
"7014853",371857,2025-08-14 19:37:25,43.3500061035156,-8.42761135101318,"Unknown"
"7014853",371857,2025-08-14 19:42:28,43.3518409729004,-8.42456340789795,"Unknown"
"7014853",371857,2025-08-14 19:47:26,43.3519973754883,-8.42502021789551,"Unknown"
"7014853",371857,2025-08-14 19:52:32,43.3518562316895,-8.42433738708496,"Unknown"
"7014853",371857,2025-08-14 19:57:34,43.3518447875977,-8.42427635192871,"Unknown"
"7014853",371857,2025-08-14 20:02:37,43.3518142700195,-8.42424869537354,"Unknown"
"7014853",371857,2025-08-14 20:07:28,43.351993560791,-8.42502975463867,"Unknown"
"7014853",371857,2025-08-14 20:12:37,43.3519325256348,-8.4242057800293,"Unknown"
"7014853",371857,2025-08-14 20:19:07,43.3519554138184,-8.42408466339111,"Unknown"
"7014853",371857,2025-08-15 01:19:29,43.3525695800781,-8.41747760772705,"Unknown"
"7014853",371857,2025-08-15 05:43:45,43.3566284179688,-8.45707988739014,"Unknown"
"7014853",371857,2025-08-15 05:48:23,43.3566741943359,-8.4568338394165,"Unknown"
"7014853",371857,2025-08-15 05:53:24,43.3596305847168,-8.46156692504883,"Unknown"
"7014853",371857,2025-08-15 05:58:30,43.3572387695312,-8.4576473236084,"Unknown"
"7014853",371857,2025-08-15 06:03:30,43.3564109802246,-8.45704460144043,"Unknown"
"7014853",371857,2025-08-15 06:08:43,43.3565483093262,-8.45706272125244,"Unknown"
"7014853",371857,2025-08-15 06:13:46,43.3565635681152,-8.45708656311035,"Unknown"
"7014853",371857,2025-08-15 06:18:32,43.3552703857422,-8.45730400085449,"Unknown"
"7014853",371857,2025-08-15 06:24:04,43.3574752807617,-8.45685482025146,"Unknown"
"7014853",371857,2025-08-15 06:28:31,43.3565101623535,-8.45723628997803,"Unknown"
"7014853",371857,2025-08-15 06:33:25,43.3565711975098,-8.45713424682617,"Unknown"
"7014853",371857,2025-08-15 06:38:23,43.3566627502441,-8.45694828033447,"Unknown"
"7014853",371857,2025-08-15 06:43:22,43.356761932373,-8.45682334899902,"Unknown"
"7014853",371857,2025-08-15 06:48:44,43.3565101623535,-8.45703983306885,"Unknown"
"7014853",371857,2025-08-15 06:53:22,43.3564720153809,-8.45696640014648,"Unknown"
"7014853",371857,2025-08-15 06:58:24,43.3564414978027,-8.45694732666016,"Unknown"
"7014853",371857,2025-08-15 07:03:24,43.3562774658203,-8.45699310302734,"Unknown"
"7014853",371857,2025-08-15 07:08:25,43.356559753418,-8.45694541931152,"Unknown"
"7014853",371857,2025-08-15 07:13:38,43.3565444946289,-8.45697212219238,"Unknown"
"7014853",371857,2025-08-15 07:18:24,43.3563613891602,-8.45699024200439,"Unknown"
"7014853",371857,2025-08-15 07:23:24,43.3564300537109,-8.45693588256836,"Unknown"
"7014853",371857,2025-08-15 07:28:23,43.3564262390137,-8.4569673538208,"Unknown"
"7014853",371857,2025-08-15 07:33:31,43.3563804626465,-8.45708179473877,"Unknown"
"7014853",371857,2025-08-15 07:38:31,43.3563766479492,-8.4570140838623,"Unknown"
"7014853",371857,2025-08-15 07:43:31,43.3564529418945,-8.45705032348633,"Unknown"
"7014853",371857,2025-08-15 07:48:31,43.3563499450684,-8.45710754394531,"Unknown"
"7014853",371857,2025-08-15 07:53:38,43.3579025268555,-8.45805168151855,"Unknown"
"7014853",371857,2025-08-15 07:58:45,43.3520851135254,-8.4788703918457,"Unknown"
"7014853",371857,2025-08-15 08:03:23,43.3527030944824,-8.47812938690186,"Unknown"
"7014853",371857,2025-08-15 08:08:34,43.3526382446289,-8.47795009613037,"Unknown"
"7014853",371857,2025-08-15 08:13:23,43.3527297973633,-8.47813510894775,"Unknown"
"7014853",371857,2025-08-15 08:18:28,43.3525505065918,-8.47804546356201,"Unknown"
"7014853",371857,2025-08-15 08:23:29,43.3525657653809,-8.47830295562744,"Unknown"
"7014853",371857,2025-08-15 08:28:23,43.3524322509766,-8.47799396514893,"Unknown"
"7014853",371857,2025-08-15 08:33:28,43.3523559570312,-8.47753238677979,"Unknown"
"7014853",371857,2025-08-15 08:38:26,43.3520927429199,-8.47779083251953,"Unknown"
"7014853",371857,2025-08-15 08:43:26,43.3523826599121,-8.47771739959717,"Unknown"
"7014853",371857,2025-08-15 08:48:45,43.352954864502,-8.47554016113281,"Unknown"
"7014853",371857,2025-08-15 08:53:23,43.352596282959,-8.47666835784912,"Unknown"
"7014853",371857,2025-08-15 08:58:23,43.3530158996582,-8.47591209411621,"Unknown"
"7014853",371857,2025-08-15 09:03:23,43.3531723022461,-8.47561359405518,"Unknown"
"7014853",371857,2025-08-15 09:08:35,43.3526191711426,-8.4755334854126,"Unknown"
"7014853",371857,2025-08-15 09:13:44,43.352954864502,-8.47550106048584,"Unknown"
"7014853",371857,2025-08-15 09:18:32,43.3529815673828,-8.47554206848145,"Unknown"
"7014853",371857,2025-08-15 09:23:23,43.3529624938965,-8.47552967071533,"Unknown"
"7014853",371857,2025-08-15 09:28:33,43.3531646728516,-8.47541522979736,"Unknown"
"7014853",371857,2025-08-15 09:33:29,43.353385925293,-8.47540664672852,"Unknown"
"7014853",371857,2025-08-15 09:38:31,43.3531150817871,-8.47534084320068,"Unknown"
"7014853",371857,2025-08-15 09:43:33,43.3529930114746,-8.47555541992188,"Unknown"
"7014853",371857,2025-08-15 09:48:53,43.3531036376953,-8.47528266906738,"Unknown"
"7014853",371857,2025-08-15 09:53:45,43.3533248901367,-8.47532749176025,"Unknown"
"7014853",371857,2025-08-15 09:58:31,43.3530464172363,-8.47529602050781,"Unknown"
"7014853",371857,2025-08-15 10:03:26,43.3531799316406,-8.47546768188477,"Unknown"
"7014853",371857,2025-08-15 10:08:26,43.3530120849609,-8.47530174255371,"Unknown"
"7014853",371857,2025-08-15 10:13:31,43.3530731201172,-8.47543525695801,"Unknown"
"7014853",371857,2025-08-15 10:18:31,43.3534278869629,-8.47529411315918,"Unknown"
"7014853",371857,2025-08-15 10:23:31,43.3530387878418,-8.47535610198975,"Unknown"
"7014853",371857,2025-08-15 10:28:29,43.3530540466309,-8.47533893585205,"Unknown"
"7014853",371857,2025-08-15 10:33:30,43.3530960083008,-8.47533988952637,"Unknown"
"7014853",371857,2025-08-15 10:38:37,43.3543586730957,-8.47438430786133,"Unknown"
"7014853",371857,2025-08-15 10:43:36,43.3543891906738,-8.4743127822876,"Unknown"
"7014853",371857,2025-08-15 10:48:45,43.3541870117188,-8.4741735458374,"Unknown"
"7014853",371857,2025-08-15 10:53:25,43.3543014526367,-8.47418308258057,"Unknown"
"7014853",371857,2025-08-15 10:58:27,43.354419708252,-8.47416973114014,"Unknown"
"7014853",371857,2025-08-15 11:03:28,43.3545112609863,-8.47515106201172,"Unknown"
"7014853",371857,2025-08-15 11:08:27,43.3541831970215,-8.47453784942627,"Unknown"
"7014853",371857,2025-08-15 11:13:44,43.3542175292969,-8.47445487976074,"Unknown"
"7014853",371857,2025-08-15 11:18:26,43.3548736572266,-8.47698020935059,"Unknown"
"7014853",371857,2025-08-15 11:23:28,43.3538970947266,-8.47360515594482,"Unknown"
"7014853",371857,2025-08-15 11:28:36,43.3540992736816,-8.47421455383301,"Unknown"
"7014853",371857,2025-08-15 11:33:29,43.3543014526367,-8.47470760345459,"Unknown"
"7014853",371857,2025-08-15 11:38:53,43.3538398742676,-8.47446155548096,"Unknown"
"7014853",371857,2025-08-15 11:43:49,43.3535537719727,-8.47408676147461,"Unknown"
"7014853",371857,2025-08-15 11:48:59,43.354362487793,-8.4743824005127,"Unknown"
"7014853",371857,2025-08-15 11:53:24,43.3543853759766,-8.47463607788086,"Unknown"
"7014853",371857,2025-08-15 11:58:23,43.3544845581055,-8.47481918334961,"Unknown"
"7014853",371857,2025-08-15 12:03:24,43.3544845581055,-8.4745979309082,"Unknown"
"7014853",371857,2025-08-15 12:08:23,43.3544578552246,-8.47450923919678,"Unknown"
"7014853",371857,2025-08-15 12:13:25,43.354362487793,-8.47460842132568,"Unknown"
"7014853",371857,2025-08-15 12:18:25,43.354434967041,-8.47436809539795,"Unknown"
"7014853",371857,2025-08-15 12:23:24,43.354736328125,-8.47493743896484,"Unknown"
"7014853",371857,2025-08-15 12:28:24,43.3546905517578,-8.47505187988281,"Unknown"
"7014853",371857,2025-08-15 12:33:28,43.3546600341797,-8.47479915618896,"Unknown"
"7014853",371857,2025-08-15 12:38:33,43.354434967041,-8.47446155548096,"Unknown"
"7014853",371857,2025-08-15 12:43:24,43.3551750183105,-8.47703075408936,"Unknown"
"7014853",371857,2025-08-15 12:48:38,43.3558921813965,-8.47468852996826,"Unknown"
"7014853",371857,2025-08-15 12:53:31,43.3549041748047,-8.47443580627441,"Unknown"
"7014853",371857,2025-08-15 12:58:36,43.3547706604004,-8.47433662414551,"Unknown"
"7014853",371857,2025-08-15 13:03:37,43.3545150756836,-8.47417831420898,"Unknown"
"7014853",371857,2025-08-15 13:08:35,43.3547401428223,-8.47427558898926,"Unknown"
"7014853",371857,2025-08-15 13:13:43,43.3546676635742,-8.47438907623291,"Unknown"
"7014853",371857,2025-08-15 13:18:25,43.3543968200684,-8.47406101226807,"Unknown"
"7014853",371857,2025-08-15 13:23:28,43.3545188903809,-8.47430419921875,"Unknown"
"7014853",371857,2025-08-15 13:28:26,43.3544425964355,-8.47423553466797,"Unknown"
"7014853",371857,2025-08-15 13:33:25,43.354419708252,-8.47405529022217,"Unknown"
"7014853",371857,2025-08-15 13:38:25,43.354564666748,-8.47462558746338,"Unknown"
"7014853",371857,2025-08-15 13:43:30,43.3544540405273,-8.47439098358154,"Unknown"
"7014853",371857,2025-08-15 13:48:45,43.3544578552246,-8.47441101074219,"Unknown"
"7014853",371857,2025-08-15 13:53:26,43.3545265197754,-8.4744873046875,"Unknown"
"7014853",371857,2025-08-15 13:58:28,43.3545303344727,-8.4744291305542,"Unknown"
"7014853",371857,2025-08-15 14:03:26,43.3543357849121,-8.474365234375,"Unknown"
"7014853",371857,2025-08-15 14:08:26,43.3545570373535,-8.47454738616943,"Unknown"
"7014853",371857,2025-08-15 14:13:25,43.3544578552246,-8.47445392608643,"Unknown"
"7014853",371857,2025-08-15 14:18:26,43.3547554016113,-8.47464561462402,"Unknown"
"7014853",371857,2025-08-15 14:23:26,43.3546257019043,-8.47461223602295,"Unknown"
"7014853",371857,2025-08-15 14:28:26,43.3545417785645,-8.4745979309082,"Unknown"
"7014853",371857,2025-08-15 14:33:29,43.3544769287109,-8.47460556030273,"Unknown"
"7014853",371857,2025-08-15 14:38:29,43.354305267334,-8.47445011138916,"Unknown"
"7014853",371857,2025-08-15 14:43:27,43.3543510437012,-8.47454357147217,"Unknown"
"7014853",371857,2025-08-15 14:48:45,43.3543891906738,-8.47459983825684,"Unknown"
"7014853",371857,2025-08-15 14:53:29,43.354320526123,-8.47446060180664,"Unknown"
"7014853",371857,2025-08-15 14:58:26,43.3543663024902,-8.47460651397705,"Unknown"
"7014853",371857,2025-08-15 15:03:30,43.3549194335938,-8.47477436065674,"Unknown"
"7014853",371857,2025-08-15 15:08:33,43.3543739318848,-8.47426700592041,"Unknown"
"7014853",371857,2025-08-15 15:13:30,43.3546867370605,-8.4743824005127,"Unknown"
"7014853",371857,2025-08-15 15:18:43,43.354377746582,-8.47455024719238,"Unknown"
"7014853",371857,2025-08-15 15:23:25,43.3545188903809,-8.47455883026123,"Unknown"
"7014853",371857,2025-08-15 15:28:36,43.3545761108398,-8.47531318664551,"Unknown"
"7014853",371857,2025-08-15 15:33:29,43.3527183532715,-8.47408008575439,"Unknown"
"7014853",371857,2025-08-15 15:38:36,43.3543357849121,-8.47438144683838,"Unknown"
"7014853",371857,2025-08-15 15:43:30,43.3542556762695,-8.4742488861084,"Unknown"
"7014853",371857,2025-08-15 15:48:45,43.3543510437012,-8.47442054748535,"Unknown"
"7014853",371857,2025-08-15 15:53:25,43.3542633056641,-8.47454166412354,"Unknown"
"7014853",371857,2025-08-15 15:58:29,43.3545036315918,-8.47445201873779,"Unknown"
"7014853",371857,2025-08-15 16:03:28,43.3543243408203,-8.47446060180664,"Unknown"
"7014853",371857,2025-08-15 16:08:27,43.354419708252,-8.47442150115967,"Unknown"
"7014853",371857,2025-08-15 16:13:29,43.3544158935547,-8.4742374420166,"Unknown"
"7014853",371857,2025-08-15 16:18:45,43.356559753418,-8.45616149902344,"Unknown"
"7014853",371857,2025-08-15 16:23:55,43.3566589355469,-8.45605754852295,"Unknown"
"7014853",371857,2025-08-15 16:28:31,43.3504829406738,-8.45165252685547,"Unknown"
"7014853",371857,2025-08-15 16:34:04,43.3404731750488,-8.4541597366333,"Unknown"
"7014853",371857,2025-08-15 16:38:25,43.3410682678223,-8.45260429382324,"Unknown"
"7014853",371857,2025-08-15 16:43:25,43.345027923584,-8.44139671325684,"Unknown"
"7014853",371857,2025-08-15 16:48:38,43.3521270751953,-8.42775535583496,"Unknown"
"7014853",371857,2025-08-15 16:53:34,43.3521041870117,-8.42766571044922,"Unknown"
"7014853",371857,2025-08-15 16:58:39,43.351806640625,-8.4281063079834,"Unknown"
"7014853",371857,2025-08-15 17:03:33,43.351936340332,-8.42764186859131,"Unknown"
"7014853",371857,2025-08-15 17:08:31,43.351993560791,-8.42764472961426,"Unknown"
"7014853",371857,2025-08-15 17:13:27,43.352165222168,-8.42775726318359,"Unknown"
"7014853",371857,2025-08-15 17:18:28,43.3520774841309,-8.42749309539795,"Unknown"
"7014853",371857,2025-08-15 17:23:26,43.3519287109375,-8.42774200439453,"Unknown"
"7014853",371857,2025-08-15 17:28:27,43.352165222168,-8.42765617370605,"Unknown"
"7014853",371857,2025-08-15 17:33:28,43.352294921875,-8.42762279510498,"Unknown"
"7014853",371857,2025-08-15 17:38:35,43.3521614074707,-8.42770385742188,"Unknown"
"7014853",371857,2025-08-15 17:43:29,43.3522262573242,-8.4278039932251,"Unknown"
"7014853",371857,2025-08-15 17:48:29,43.3520050048828,-8.42733287811279,"Unknown"
"7014853",371857,2025-08-15 17:53:26,43.3520774841309,-8.42738151550293,"Unknown"
"7014853",371857,2025-08-15 17:59:03,43.3522109985352,-8.42767906188965,"Unknown"
"7014853",371857,2025-08-15 18:03:29,43.352466583252,-8.42780590057373,"Unknown"
"7014853",371857,2025-08-15 18:08:26,43.3522186279297,-8.42779445648193,"Unknown"
"7014853",371857,2025-08-15 18:13:25,43.352237701416,-8.42769622802734,"Unknown"
"7014853",371857,2025-08-15 18:18:25,43.3520774841309,-8.42770576477051,"Unknown"
"7014853",371857,2025-08-15 18:23:27,43.3521270751953,-8.42779159545898,"Unknown"
"7014853",371857,2025-08-15 18:28:26,43.3521842956543,-8.42767524719238,"Unknown"
"7014853",371857,2025-08-15 18:33:26,43.3522071838379,-8.42768096923828,"Unknown"
"7014853",371857,2025-08-15 18:38:29,43.3522109985352,-8.42765045166016,"Unknown"
"7014853",371857,2025-08-15 18:43:28,43.3521270751953,-8.42778873443604,"Unknown"
"7014853",371857,2025-08-15 18:48:25,43.3521423339844,-8.4276704788208,"Unknown"
"7014853",371857,2025-08-15 18:53:25,43.3522033691406,-8.42758941650391,"Unknown"
"7014853",371857,2025-08-15 18:58:26,43.3522415161133,-8.42768859863281,"Unknown"
"7014853",371857,2025-08-15 19:03:25,43.3521537780762,-8.4275951385498,"Unknown"
"7014853",371857,2025-08-15 19:08:25,43.3522148132324,-8.42767429351807,"Unknown"
"7014853",371857,2025-08-15 19:13:25,43.3522109985352,-8.42763996124268,"Unknown"
"7014853",371857,2025-08-15 19:18:26,43.3521728515625,-8.42757797241211,"Unknown"
"7014853",371857,2025-08-15 19:23:26,43.3522338867188,-8.42765617370605,"Unknown"
"7014853",371857,2025-08-15 19:28:26,43.3521766662598,-8.42772674560547,"Unknown"
"7014853",371857,2025-08-15 19:33:30,43.3521995544434,-8.42769527435303,"Unknown"
"7014853",371857,2025-08-15 19:38:27,43.3524513244629,-8.42320919036865,"Unknown"
"7014853",371857,2025-08-15 19:43:26,43.3526573181152,-8.41745567321777,"Unknown"
"7014853",371857,2025-08-15 19:48:26,43.3526458740234,-8.41753196716309,"Unknown"
"7014853",371857,2025-08-15 19:53:26,43.3544960021973,-8.41470241546631,"Unknown"
"7014853",371857,2025-08-15 19:58:25,43.3574447631836,-8.39246273040771,"Unknown"
"7014853",371857,2025-08-15 20:03:30,43.357608795166,-8.39311695098877,"Unknown"
"7014853",371857,2025-08-15 20:08:37,43.3576469421387,-8.39309692382812,"Unknown"
"7014853",371857,2025-08-15 20:13:41,43.3577003479004,-8.3932056427002,"Unknown"
"7014853",371857,2025-08-15 20:17:11,43.3577003479004,-8.39308166503906,"Unknown"
"7014853",371857,2025-08-16 01:18:04,43.3643379211426,-8.40017509460449,"Unknown"
"7014853",371857,2025-08-16 05:44:45,43.352165222168,-8.42421627044678,"Unknown"
"7014853",371857,2025-08-16 05:49:31,43.3529167175293,-8.4238977432251,"Unknown"
"7014853",371857,2025-08-16 05:54:31,43.3523368835449,-8.42417335510254,"Unknown"
"7014853",371857,2025-08-16 05:59:32,43.351978302002,-8.42426204681396,"Unknown"
"7014853",371857,2025-08-16 06:04:43,43.3520774841309,-8.42419624328613,"Unknown"
"7014853",371857,2025-08-16 06:09:38,43.3529243469238,-8.42409420013428,"Unknown"
"7014853",371857,2025-08-16 06:14:36,43.3514442443848,-8.43931293487549,"Unknown"
"7014853",371857,2025-08-16 06:19:43,43.3561058044434,-8.45707416534424,"Unknown"
"7014853",371857,2025-08-16 06:24:38,43.3562088012695,-8.45709896087646,"Unknown"
"7014853",371857,2025-08-16 06:29:44,43.3575134277344,-8.45715808868408,"Unknown"
"7014853",371857,2025-08-16 06:34:32,43.3567695617676,-8.45761299133301,"Unknown"
"7014853",371857,2025-08-16 06:39:40,43.3562927246094,-8.4569263458252,"Unknown"
"7014853",371857,2025-08-16 06:44:31,43.3564186096191,-8.45722961425781,"Unknown"
"7014853",371857,2025-08-16 06:49:39,43.3553199768066,-8.45694255828857,"Unknown"
"7014853",371857,2025-08-16 06:54:37,43.3554077148438,-8.45714664459229,"Unknown"
"7014853",371857,2025-08-16 06:59:39,43.3551635742188,-8.45655727386475,"Unknown"
"7014853",371857,2025-08-16 07:04:41,43.3551979064941,-8.45696067810059,"Unknown"
"7014853",371857,2025-08-16 07:09:31,43.3551864624023,-8.45690631866455,"Unknown"
"7014853",371857,2025-08-16 07:14:33,43.3552055358887,-8.45702838897705,"Unknown"
"7014853",371857,2025-08-16 07:19:39,43.3551025390625,-8.45730018615723,"Unknown"
"7014853",371857,2025-08-16 07:24:34,43.3554306030273,-8.45683670043945,"Unknown"
"7014853",371857,2025-08-16 07:29:31,43.3552055358887,-8.45736026763916,"Unknown"
"7014853",371857,2025-08-16 07:34:39,43.3552398681641,-8.45694160461426,"Unknown"
"7014853",371857,2025-08-16 07:39:39,43.3552131652832,-8.45689105987549,"Unknown"
"7014853",371857,2025-08-16 07:44:39,43.3552398681641,-8.4569149017334,"Unknown"
"7014853",371857,2025-08-16 07:50:04,43.3551712036133,-8.45701313018799,"Unknown"
"7014853",371857,2025-08-16 07:54:31,43.3552513122559,-8.45689105987549,"Unknown"
"7014853",371857,2025-08-16 07:59:31,43.3552169799805,-8.45696067810059,"Unknown"
"7014853",371857,2025-08-16 08:04:31,43.3552131652832,-8.45696926116943,"Unknown"
"7014853",371857,2025-08-16 08:09:31,43.3552055358887,-8.45698738098145,"Unknown"
"7014853",371857,2025-08-16 08:14:31,43.3552093505859,-8.45693874359131,"Unknown"
"7014853",371857,2025-08-16 08:19:31,43.3551483154297,-8.45693874359131,"Unknown"
"7014853",371857,2025-08-16 08:24:31,43.355167388916,-8.45698070526123,"Unknown"
"7014853",371857,2025-08-16 08:29:31,43.3550796508789,-8.45693969726562,"Unknown"
"7014853",371857,2025-08-16 08:34:31,43.355224609375,-8.45692443847656,"Unknown"
"7014853",371857,2025-08-16 08:39:31,43.3552360534668,-8.45702266693115,"Unknown"
"7014853",371857,2025-08-16 08:44:31,43.3553047180176,-8.45711612701416,"Unknown"
"7014853",371857,2025-08-16 08:49:31,43.3554534912109,-8.45733833312988,"Unknown"
"7014853",371857,2025-08-16 08:54:33,43.3554763793945,-8.45733833312988,"Unknown"
"7014853",371857,2025-08-16 08:59:37,43.3553619384766,-8.45715618133545,"Unknown"
"7014853",371857,2025-08-16 09:04:33,43.3540153503418,-8.45707511901855,"Unknown"
"7014853",371857,2025-08-16 09:09:45,43.355281829834,-8.45710945129395,"Unknown"
"7014853",371857,2025-08-16 09:14:31,43.3553733825684,-8.45714950561523,"Unknown"
"7014853",371857,2025-08-16 09:19:38,43.3557090759277,-8.45755577087402,"Unknown"
"7014853",371857,2025-08-16 09:24:32,43.3552856445312,-8.4572286605835,"Unknown"
"7014853",371857,2025-08-16 09:29:32,43.356388092041,-8.45713138580322,"Unknown"
"7014853",371857,2025-08-16 09:34:34,43.3561401367188,-8.45695304870605,"Unknown"
"7014853",371857,2025-08-16 09:39:46,43.3558921813965,-8.45698070526123,"Unknown"
"7014853",371857,2025-08-16 09:45:05,43.356315612793,-8.45693492889404,"Unknown"
"7014853",371857,2025-08-16 09:49:30,43.3562545776367,-8.45691108703613,"Unknown"
"7014853",371857,2025-08-16 09:54:30,43.3563842773438,-8.45705699920654,"Unknown"
"7014853",371857,2025-08-16 09:59:30,43.356517791748,-8.457106590271,"Unknown"
"7014853",371857,2025-08-16 10:04:31,43.3565330505371,-8.45709419250488,"Unknown"
"7014853",371857,2025-08-16 10:09:37,43.3562049865723,-8.45716190338135,"Unknown"
"7014853",371857,2025-08-16 10:14:39,43.3567085266113,-8.45689678192139,"Unknown"
"7014853",371857,2025-08-16 10:19:35,43.3560791015625,-8.45711231231689,"Unknown"
"7014853",371857,2025-08-16 10:24:30,43.3588714599609,-8.45775890350342,"Unknown"
"7014853",371857,2025-08-16 10:29:30,43.3577079772949,-8.46867561340332,"Unknown"
"7014853",371857,2025-08-16 10:34:33,43.3575973510742,-8.46883010864258,"Unknown"
"7014853",371857,2025-08-16 10:39:33,43.357494354248,-8.46851825714111,"Unknown"
"7014853",371857,2025-08-16 10:44:32,43.3575668334961,-8.46868515014648,"Unknown"
"7014853",371857,2025-08-16 10:49:33,43.3576583862305,-8.46885967254639,"Unknown"
"7014853",371857,2025-08-16 10:54:31,43.3575668334961,-8.4687967300415,"Unknown"
"7014853",371857,2025-08-16 10:59:31,43.357551574707,-8.46888732910156,"Unknown"
"7014853",371857,2025-08-16 11:04:33,43.3575286865234,-8.46879196166992,"Unknown"
"7014853",371857,2025-08-16 11:09:37,43.3575820922852,-8.46888065338135,"Unknown"
"7014853",371857,2025-08-16 11:14:37,43.3576164245605,-8.4689416885376,"Unknown"
"7014853",371857,2025-08-16 11:19:46,43.3574295043945,-8.46864604949951,"Unknown"
"7014853",371857,2025-08-16 11:24:33,43.3574981689453,-8.46873950958252,"Unknown"
"7014853",371857,2025-08-16 11:29:44,43.3574905395508,-8.46876907348633,"Unknown"
"7014853",371857,2025-08-16 11:34:32,43.3577766418457,-8.46929168701172,"Unknown"
"7014853",371857,2025-08-16 11:39:32,43.3574485778809,-8.4691858291626,"Unknown"
"7014853",371857,2025-08-16 11:44:31,43.3574523925781,-8.46873378753662,"Unknown"
"7014853",371857,2025-08-16 11:49:44,43.3576736450195,-8.46866130828857,"Unknown"
"7014853",371857,2025-08-16 11:54:36,43.3575401306152,-8.4687442779541,"Unknown"
"7014853",371857,2025-08-16 11:59:32,43.3580474853516,-8.46903800964355,"Unknown"
"7014853",371857,2025-08-16 12:04:44,43.3579940795898,-8.46875762939453,"Unknown"
"7014853",371857,2025-08-16 12:09:32,43.3580703735352,-8.46838665008545,"Unknown"
"7014853",371857,2025-08-16 12:14:32,43.3579864501953,-8.46862983703613,"Unknown"
"7014853",371857,2025-08-16 12:19:35,43.357795715332,-8.46884918212891,"Unknown"
"7014853",371857,2025-08-16 12:24:32,43.3577308654785,-8.46870899200439,"Unknown"
"7014853",371857,2025-08-16 12:30:03,43.3577117919922,-8.4688606262207,"Unknown"
"7014853",371857,2025-08-16 12:34:31,43.3577880859375,-8.46871662139893,"Unknown"
"7014853",371857,2025-08-16 12:39:32,43.357837677002,-8.46859741210938,"Unknown"
"7014853",371857,2025-08-16 12:44:32,43.3576049804688,-8.46889209747314,"Unknown"
"7014853",371857,2025-08-16 12:49:32,43.3576126098633,-8.46877002716064,"Unknown"
"7014853",371857,2025-08-16 12:54:44,43.3575744628906,-8.46886730194092,"Unknown"
"7014853",371857,2025-08-16 12:59:30,43.3576164245605,-8.46895027160645,"Unknown"
"7014853",371857,2025-08-16 13:04:33,43.357494354248,-8.46903324127197,"Unknown"
"7014853",371857,2025-08-16 13:09:31,43.3575096130371,-8.46885204315186,"Unknown"
"7014853",371857,2025-08-16 13:14:37,43.357494354248,-8.4689416885376,"Unknown"
"7014853",371857,2025-08-16 13:19:31,43.3575325012207,-8.46891117095947,"Unknown"
"7014853",371857,2025-08-16 13:24:33,43.3575592041016,-8.46882057189941,"Unknown"
"7014853",371857,2025-08-16 13:29:32,43.3575439453125,-8.46887397766113,"Unknown"
"7014853",371857,2025-08-16 13:34:36,43.3576469421387,-8.46889495849609,"Unknown"
"7014853",371857,2025-08-16 13:39:30,43.3576698303223,-8.46882915496826,"Unknown"
"7014853",371857,2025-08-16 13:44:31,43.3576011657715,-8.46891117095947,"Unknown"
"7014853",371857,2025-08-16 13:49:38,43.3579177856445,-8.46882438659668,"Unknown"
"7014853",371857,2025-08-16 13:54:33,43.3577461242676,-8.46882820129395,"Unknown"
"7014853",371857,2025-08-16 13:59:37,43.3574066162109,-8.46895408630371,"Unknown"
"7014853",371857,2025-08-16 14:04:44,43.3578262329102,-8.46882724761963,"Unknown"
"7014853",371857,2025-08-16 14:09:45,43.3577842712402,-8.46879959106445,"Unknown"
"7014853",371857,2025-08-16 14:14:35,43.3578720092773,-8.46895599365234,"Unknown"
"7014853",371857,2025-08-16 14:19:44,43.3577308654785,-8.46898174285889,"Unknown"
"7014853",371857,2025-08-16 14:24:36,43.3578033447266,-8.46895217895508,"Unknown"
"7014853",371857,2025-08-16 14:29:32,43.3578071594238,-8.46883201599121,"Unknown"
"7014853",371857,2025-08-16 14:34:34,43.357837677002,-8.46883487701416,"Unknown"
"7014853",371857,2025-08-16 14:39:36,43.3577766418457,-8.46878051757812,"Unknown"
"7014853",371857,2025-08-16 14:44:33,43.3578453063965,-8.46895027160645,"Unknown"
"7014853",371857,2025-08-16 14:49:44,43.3578224182129,-8.46883678436279,"Unknown"
"7014853",371857,2025-08-16 14:54:31,43.3578338623047,-8.46895980834961,"Unknown"
"7014853",371857,2025-08-16 14:59:31,43.35791015625,-8.46885967254639,"Unknown"
"7014853",371857,2025-08-16 15:04:34,43.3579216003418,-8.46893405914307,"Unknown"
"7014853",371857,2025-08-16 15:09:31,43.357852935791,-8.46880531311035,"Unknown"
"7014853",371857,2025-08-16 15:14:34,43.3575897216797,-8.46853828430176,"Unknown"
"7014853",371857,2025-08-16 15:19:34,43.3577041625977,-8.46861267089844,"Unknown"
"7014853",371857,2025-08-16 15:24:31,43.3578186035156,-8.4689416885376,"Unknown"
"7014853",371857,2025-08-16 15:29:31,43.3577651977539,-8.46864986419678,"Unknown"
"7014853",371857,2025-08-16 15:34:32,43.3580589294434,-8.46930694580078,"Unknown"
"7014853",371857,2025-08-16 15:39:36,43.3577690124512,-8.46875762939453,"Unknown"
"7014853",371857,2025-08-16 15:44:33,43.3577842712402,-8.46885871887207,"Unknown"
"7014853",371857,2025-08-16 15:49:45,43.3579216003418,-8.46884346008301,"Unknown"
"7014853",371857,2025-08-16 15:54:33,43.3578605651855,-8.46887016296387,"Unknown"
"7014853",371857,2025-08-16 15:59:33,43.3578453063965,-8.46892166137695,"Unknown"
"7014853",371857,2025-08-16 16:04:36,43.3579597473145,-8.46886730194092,"Unknown"
"7014853",371857,2025-08-16 16:09:33,43.3578872680664,-8.46898746490479,"Unknown"
"7014853",371857,2025-08-16 16:14:41,43.35791015625,-8.46889495849609,"Unknown"
"7014853",371857,2025-08-16 16:19:31,43.35791015625,-8.46908092498779,"Unknown"
"7014853",371857,2025-08-16 16:24:31,43.3579216003418,-8.46901988983154,"Unknown"
"7014853",371857,2025-08-16 16:29:36,43.3579635620117,-8.46878623962402,"Unknown"
"7014853",371857,2025-08-16 16:34:31,43.3578796386719,-8.46920490264893,"Unknown"
"7014853",371857,2025-08-16 16:39:36,43.3578453063965,-8.46896171569824,"Unknown"
"7014853",371857,2025-08-16 16:44:31,43.3579902648926,-8.46846675872803,"Unknown"
"7014853",371857,2025-08-16 16:49:45,43.3578224182129,-8.46888828277588,"Unknown"
"7014853",371857,2025-08-16 16:54:36,43.3579254150391,-8.46881008148193,"Unknown"
"7014853",371857,2025-08-16 16:59:36,43.3578643798828,-8.46884727478027,"Unknown"
"7014853",371857,2025-08-16 17:05:05,43.3578681945801,-8.46889591217041,"Unknown"
"7014853",371857,2025-08-16 17:09:31,43.3579635620117,-8.46905994415283,"Unknown"
"7014853",371857,2025-08-16 17:14:31,43.3578071594238,-8.46875381469727,"Unknown"
"7014853",371857,2025-08-16 17:19:31,43.3579406738281,-8.46897411346436,"Unknown"
"7014853",371857,2025-08-16 17:24:32,43.3578681945801,-8.46896362304688,"Unknown"
"7014853",371857,2025-08-16 17:30:05,43.3578224182129,-8.46888637542725,"Unknown"
"7014853",371857,2025-08-16 17:34:31,43.3579406738281,-8.46900844573975,"Unknown"
"7014853",371857,2025-08-16 17:39:32,43.3600425720215,-8.46295356750488,"Unknown"
"7014853",371857,2025-08-16 17:44:31,43.3480186462402,-8.44081020355225,"Unknown"
"7014853",371857,2025-08-16 17:49:33,43.341609954834,-8.45431804656982,"Unknown"
"7014853",371857,2025-08-16 17:54:32,43.3489189147949,-8.43415832519531,"Unknown"
"7014853",371857,2025-08-16 17:59:34,43.3520240783691,-8.42647457122803,"Unknown"
"7014853",371857,2025-08-16 18:04:32,43.3520278930664,-8.42643165588379,"Unknown"
"7014853",371857,2025-08-16 18:09:40,43.3519859313965,-8.4264440536499,"Unknown"
"7014853",371857,2025-08-16 18:14:31,43.3520927429199,-8.42648220062256,"Unknown"
"7014853",371857,2025-08-16 18:19:31,43.3521041870117,-8.42642498016357,"Unknown"
"7014853",371857,2025-08-16 18:24:31,43.3520851135254,-8.42642021179199,"Unknown"
"7014853",371857,2025-08-16 18:29:32,43.3521041870117,-8.42643165588379,"Unknown"
"7014853",371857,2025-08-16 18:34:36,43.3520812988281,-8.42656230926514,"Unknown"
"7014853",371857,2025-08-16 18:39:32,43.352123260498,-8.42656898498535,"Unknown"
"7014853",371857,2025-08-16 18:44:31,43.3521423339844,-8.42648506164551,"Unknown"
"7014853",371857,2025-08-16 18:49:39,43.3520126342773,-8.42645454406738,"Unknown"
"7014853",371857,2025-08-16 18:54:34,43.3520698547363,-8.42650127410889,"Unknown"
"7014853",371857,2025-08-16 18:59:37,43.3520278930664,-8.42648029327393,"Unknown"
"7014853",371857,2025-08-16 19:04:39,43.3520622253418,-8.42642021179199,"Unknown"
"7014853",371857,2025-08-16 19:09:40,43.3520584106445,-8.42669773101807,"Unknown"
"7014853",371857,2025-08-16 19:14:39,43.35205078125,-8.42655372619629,"Unknown"
"7014853",371857,2025-08-16 19:19:36,43.3520317077637,-8.42669296264648,"Unknown"
"7014853",371857,2025-08-16 19:24:39,43.3520278930664,-8.4266471862793,"Unknown"
"7014853",371857,2025-08-16 19:29:39,43.3520469665527,-8.42651081085205,"Unknown"
"7014853",371857,2025-08-16 19:34:39,43.3520088195801,-8.42654418945312,"Unknown"
"7014853",371857,2025-08-16 19:40:05,43.3519401550293,-8.42648506164551,"Unknown"
"7014853",371857,2025-08-16 19:44:31,43.3519973754883,-8.42656421661377,"Unknown"
"7014853",371857,2025-08-16 19:49:32,43.3520393371582,-8.42649078369141,"Unknown"
"7014853",371857,2025-08-16 19:54:31,43.3525276184082,-8.41781711578369,"Unknown"
"7014853",371857,2025-08-16 19:59:31,43.3525276184082,-8.41784286499023,"Unknown"
"7014853",371857,2025-08-16 20:04:31,43.3524856567383,-8.4177827835083,"Unknown"
"7014853",371857,2025-08-16 20:09:31,43.3525276184082,-8.41770935058594,"Unknown"
"7014853",371857,2025-08-16 20:15:49,43.3525543212891,-8.41762924194336,"Unknown"
"7014853",371857,2025-08-17 01:16:23,43.3523902893066,-8.42376136779785,"Unknown"
"7014853",371857,2025-08-17 05:46:14,43.3502349853516,-8.43189811706543,"Unknown"
"7014853",371857,2025-08-17 05:50:47,43.3502807617188,-8.43207740783691,"Unknown"
"7014853",371857,2025-08-17 05:55:47,43.3504028320312,-8.43208694458008,"Unknown"
"7014853",371857,2025-08-17 06:00:55,43.3506050109863,-8.43231582641602,"Unknown"
"7014853",371857,2025-08-17 06:05:48,43.3505668640137,-8.43216323852539,"Unknown"
"7014853",371857,2025-08-17 06:10:55,43.3504905700684,-8.43216800689697,"Unknown"
"7014853",371857,2025-08-17 06:15:49,43.3506240844727,-8.4319372177124,"Unknown"
"7014853",371857,2025-08-17 06:20:55,43.3505516052246,-8.43216800689697,"Unknown"
"7014853",371857,2025-08-17 06:25:48,43.3515319824219,-8.44848155975342,"Unknown"
"7014853",371857,2025-08-17 06:31:14,43.3564414978027,-8.45713901519775,"Unknown"
"7014853",371857,2025-08-17 06:35:55,43.3564682006836,-8.45723438262939,"Unknown"
"7014853",371857,2025-08-17 06:40:56,43.356803894043,-8.45655250549316,"Unknown"
"7014853",371857,2025-08-17 06:45:46,43.356372833252,-8.45718955993652,"Unknown"
"7014853",371857,2025-08-17 06:50:53,43.3566017150879,-8.45702171325684,"Unknown"
"7014853",371857,2025-08-17 06:55:55,43.3564605712891,-8.45712280273438,"Unknown"
"7014853",371857,2025-08-17 07:00:52,43.3563652038574,-8.45714378356934,"Unknown"
"7014853",371857,2025-08-17 07:05:58,43.3562355041504,-8.45703983306885,"Unknown"
"7014853",371857,2025-08-17 07:10:55,43.3564872741699,-8.45684909820557,"Unknown"
"7014853",371857,2025-08-17 07:16:23,43.3563613891602,-8.45720672607422,"Unknown"
"7014853",371857,2025-08-17 07:21:03,43.3563079833984,-8.45737171173096,"Unknown"
"7014853",371857,2025-08-17 07:25:52,43.3564147949219,-8.45728778839111,"Unknown"
"7014853",371857,2025-08-17 07:30:47,43.3558044433594,-8.45674991607666,"Unknown"
"7014853",371857,2025-08-17 07:35:54,43.3564338684082,-8.45712184906006,"Unknown"
"7014853",371857,2025-08-17 07:40:48,43.3545761108398,-8.45564365386963,"Unknown"
"7014853",371857,2025-08-17 07:45:49,43.3565063476562,-8.45711994171143,"Unknown"
"7014853",371857,2025-08-17 07:50:50,43.3565254211426,-8.4570951461792,"Unknown"
"7014853",371857,2025-08-17 07:55:54,43.3534202575684,-8.45372486114502,"Unknown"
"7014853",371857,2025-08-17 08:06:14,43.3565979003906,-8.45721244812012,"Unknown"
"7014853",371857,2025-08-17 08:10:55,43.3564796447754,-8.45718860626221,"Unknown"
"7014853",371857,2025-08-17 08:16:04,43.3565673828125,-8.45708656311035,"Unknown"
"7014853",371857,2025-08-17 08:20:49,43.340160369873,-8.45428276062012,"Unknown"
"7014853",371857,2025-08-17 08:26:00,43.3400230407715,-8.45480251312256,"Unknown"
"7014853",371857,2025-08-17 08:30:55,43.3401641845703,-8.45362663269043,"Unknown"
"7014853",371857,2025-08-17 08:35:50,43.3461036682129,-8.44106292724609,"Unknown"
"7014853",371857,2025-08-17 08:40:52,43.3460731506348,-8.44088172912598,"Unknown"
"7014853",371857,2025-08-17 08:45:55,43.3460464477539,-8.44066905975342,"Unknown"
"7014853",371857,2025-08-17 08:50:56,43.3461151123047,-8.44076538085938,"Unknown"
"7014853",371857,2025-08-17 08:56:03,43.3460998535156,-8.44086933135986,"Unknown"
"7014853",371857,2025-08-17 09:00:48,43.346004486084,-8.4407844543457,"Unknown"
"7014853",371857,2025-08-17 09:05:47,43.346004486084,-8.4409294128418,"Unknown"
"7014853",371857,2025-08-17 09:11:15,43.3460922241211,-8.44085311889648,"Unknown"
"7014853",371857,2025-08-17 09:15:47,43.3461303710938,-8.44093799591064,"Unknown"
"7014853",371857,2025-08-17 09:20:47,43.3461380004883,-8.44077491760254,"Unknown"
"7014853",371857,2025-08-17 09:25:46,43.3460540771484,-8.44112396240234,"Unknown"
"7014853",371857,2025-08-17 09:30:49,43.3462371826172,-8.44070243835449,"Unknown"
"7014853",371857,2025-08-17 09:35:54,43.3459053039551,-8.44077968597412,"Unknown"
"7014853",371857,2025-08-17 09:40:47,43.3460121154785,-8.44078636169434,"Unknown"
"7014853",371857,2025-08-17 09:45:47,43.3466415405273,-8.44071865081787,"Unknown"
"7014853",371857,2025-08-17 09:51:15,43.3460121154785,-8.44090938568115,"Unknown"
"7014853",371857,2025-08-17 09:55:46,43.3460426330566,-8.44107055664062,"Unknown"
"7014853",371857,2025-08-17 10:00:48,43.3459129333496,-8.44155883789062,"Unknown"
"7014853",371857,2025-08-17 10:05:48,43.3461723327637,-8.44005298614502,"Unknown"
"7014853",371857,2025-08-17 10:10:49,43.3462715148926,-8.43849849700928,"Unknown"
"7014853",371857,2025-08-17 10:15:53,43.3456840515137,-8.44077110290527,"Unknown"
"7014853",371857,2025-08-17 10:20:49,43.3459815979004,-8.44147396087646,"Unknown"
"7014853",371857,2025-08-17 10:25:47,43.3459548950195,-8.44157218933105,"Unknown"
"7014853",371857,2025-08-17 10:30:47,43.3537063598633,-8.45348644256592,"Unknown"
"7014853",371857,2025-08-17 10:35:50,43.3552360534668,-8.45761299133301,"Unknown"
"7014853",371857,2025-08-17 10:40:57,43.3552513122559,-8.45806312561035,"Unknown"
"7014853",371857,2025-08-17 10:46:06,43.3559684753418,-8.45680618286133,"Unknown"
"7014853",371857,2025-08-17 10:51:14,43.356071472168,-8.45684242248535,"Unknown"
"7014853",371857,2025-08-17 10:55:50,43.3559722900391,-8.45681190490723,"Unknown"
"7014853",371857,2025-08-17 11:00:47,43.3559379577637,-8.45681858062744,"Unknown"
"7014853",371857,2025-08-17 11:05:50,43.3558197021484,-8.45677375793457,"Unknown"
"7014853",371857,2025-08-17 11:10:52,43.3559799194336,-8.45687580108643,"Unknown"
"7014853",371857,2025-08-17 11:15:55,43.3563194274902,-8.45667362213135,"Unknown"
"7014853",371857,2025-08-17 11:20:55,43.3563232421875,-8.45667362213135,"Unknown"
"7014853",371857,2025-08-17 11:26:13,43.3535652160645,-8.4586238861084,"Unknown"
"7014853",371857,2025-08-17 11:30:52,43.3534240722656,-8.45854091644287,"Unknown"
"7014853",371857,2025-08-17 15:11:16,43.3401298522949,-8.45405769348145,"Unknown"
"7014853",371857,2025-08-17 15:15:48,43.3401908874512,-8.45396995544434,"Unknown"
"7014853",371857,2025-08-17 15:21:02,43.3408393859863,-8.45242881774902,"Unknown"
"7014853",371857,2025-08-17 15:25:48,43.3411521911621,-8.45255851745605,"Unknown"
"7014853",371857,2025-08-17 15:31:20,43.3408508300781,-8.45271587371826,"Unknown"
"7014853",371857,2025-08-17 15:35:47,43.3408393859863,-8.45265007019043,"Unknown"
"7014853",371857,2025-08-17 15:40:47,43.340892791748,-8.45261573791504,"Unknown"
"7014853",371857,2025-08-17 15:46:05,43.3424377441406,-8.4498987197876,"Unknown"
"7014853",371857,2025-08-17 15:50:46,43.3506965637207,-8.43171215057373,"Unknown"
"7014853",371857,2025-08-17 15:55:46,43.3507537841797,-8.43167591094971,"Unknown"
"7014853",371857,2025-08-17 16:00:46,43.3506813049316,-8.43160533905029,"Unknown"
"7014853",371857,2025-08-17 16:05:46,43.3505859375,-8.43154621124268,"Unknown"
"7014853",371857,2025-08-17 16:10:46,43.3506698608398,-8.43179607391357,"Unknown"
"7014853",371857,2025-08-17 16:15:47,43.3518180847168,-8.42834568023682,"Unknown"
"7014853",371857,2025-08-17 16:20:46,43.3505744934082,-8.43158912658691,"Unknown"
"7014853",371857,2025-08-17 16:25:46,43.3506546020508,-8.4315767288208,"Unknown"
"7014853",371857,2025-08-17 16:30:46,43.3507461547852,-8.43166255950928,"Unknown"
"7014853",371857,2025-08-17 16:35:49,43.3507423400879,-8.43171882629395,"Unknown"
"7014853",371857,2025-08-17 16:40:47,43.3506851196289,-8.43167304992676,"Unknown"
"7014853",371857,2025-08-17 16:45:53,43.3506965637207,-8.43184947967529,"Unknown"
"7014853",371857,2025-08-17 16:50:46,43.3507118225098,-8.43166637420654,"Unknown"
"7014853",371857,2025-08-17 16:55:49,43.3506774902344,-8.43173599243164,"Unknown"
"7014853",371857,2025-08-17 17:00:46,43.3506126403809,-8.43159580230713,"Unknown"
"7014853",371857,2025-08-17 17:05:46,43.3543472290039,-8.41982841491699,"Unknown"
"7014853",371857,2025-08-17 17:11:00,43.3544082641602,-8.41952323913574,"Unknown"
"7014853",371857,2025-08-17 17:15:47,43.3542709350586,-8.41963958740234,"Unknown"
"7014853",371857,2025-08-17 17:20:49,43.3543663024902,-8.41969871520996,"Unknown"
"7014853",371857,2025-08-17 17:25:47,43.3544616699219,-8.42011642456055,"Unknown"
"7014853",371857,2025-08-17 17:30:47,43.3547401428223,-8.41960048675537,"Unknown"
"7014853",371857,2025-08-17 17:35:55,43.3618545532227,-8.40347957611084,"Unknown"
"7014853",371857,2025-08-17 17:41:15,43.3617935180664,-8.4035005569458,"Unknown"
"7014853",371857,2025-08-17 17:45:47,43.3617668151855,-8.40344142913818,"Unknown"
"7014853",371857,2025-08-17 17:50:58,43.3618431091309,-8.40350818634033,"Unknown"
"7014853",371857,2025-08-17 17:55:49,43.3617744445801,-8.40353298187256,"Unknown"
"7014853",371857,2025-08-17 18:00:52,43.3618507385254,-8.40348339080811,"Unknown"
"7014853",371857,2025-08-17 18:05:47,43.3618507385254,-8.40343570709229,"Unknown"
"7014853",371857,2025-08-17 18:10:49,43.3615913391113,-8.40396404266357,"Unknown"
"7014853",371857,2025-08-17 18:15:48,43.3617515563965,-8.40384006500244,"Unknown"
"7014853",371857,2025-08-17 18:20:48,43.3617477416992,-8.40331935882568,"Unknown"
"7014853",371857,2025-08-17 18:25:50,43.3619499206543,-8.4034481048584,"Unknown"
"7014853",371857,2025-08-17 18:30:48,43.3618202209473,-8.40314102172852,"Unknown"
"7014853",371857,2025-08-17 18:35:48,43.3617973327637,-8.40362739562988,"Unknown"
"7014853",371857,2025-08-17 18:40:48,43.3618011474609,-8.40329933166504,"Unknown"
"7014853",371857,2025-08-17 18:45:48,43.3618659973145,-8.40379905700684,"Unknown"
"7014853",371857,2025-08-17 18:50:47,43.3615798950195,-8.40513610839844,"Unknown"
"7014853",371857,2025-08-17 18:56:05,43.3616943359375,-8.403564453125,"Unknown"
"7014853",371857,2025-08-17 19:00:47,43.3616561889648,-8.40354347229004,"Unknown"
"7014853",371857,2025-08-17 19:05:46,43.3617134094238,-8.40355682373047,"Unknown"
"7014853",371857,2025-08-17 19:10:46,43.3617172241211,-8.40350246429443,"Unknown"
"7014853",371857,2025-08-17 19:15:46,43.3617057800293,-8.40353488922119,"Unknown"
"7014853",371857,2025-08-17 19:20:46,43.3617095947266,-8.4035701751709,"Unknown"
"7014853",371857,2025-08-17 19:25:47,43.3616905212402,-8.40353584289551,"Unknown"
"7014853",371857,2025-08-17 19:30:46,43.3616065979004,-8.40352058410645,"Unknown"
"7014853",371857,2025-08-17 19:35:46,43.3617362976074,-8.40352058410645,"Unknown"
"7014853",371857,2025-08-17 19:40:46,43.3616409301758,-8.40346717834473,"Unknown"
"7014853",371857,2025-08-17 19:45:46,43.3616714477539,-8.40350914001465,"Unknown"
"7014853",371857,2025-08-17 19:50:49,43.3616638183594,-8.40352344512939,"Unknown"
"7014853",371857,2025-08-17 19:55:48,43.3615264892578,-8.40341949462891,"Unknown"
"7014853",371857,2025-08-17 20:00:48,43.3618202209473,-8.40355968475342,"Unknown"
"7014853",371857,2025-08-17 20:05:48,43.3617248535156,-8.40358829498291,"Unknown"
"7014853",371857,2025-08-17 20:10:47,43.3618087768555,-8.40364646911621,"Unknown"
"7014853",371857,2025-08-17 20:14:06,43.3618965148926,-8.4036922454834,"Unknown"
"7014853",371857,2025-08-18 01:14:45,43.3532180786133,-8.41750717163086,"Unknown"
"7014853",371857,2025-08-18 05:47:16,43.3519325256348,-8.42430686950684,"Unknown"
"7014853",371857,2025-08-18 05:51:47,43.3532447814941,-8.45309066772461,"Unknown"
"7014853",371857,2025-08-18 05:56:51,43.3550262451172,-8.45770740509033,"Unknown"
"7014853",371857,2025-08-18 06:02:14,43.3550796508789,-8.45786571502686,"Unknown"
"7014853",371857,2025-08-18 06:06:47,43.3553352355957,-8.45771408081055,"Unknown"
"7014853",371857,2025-08-18 06:11:49,43.3550682067871,-8.45780563354492,"Unknown"
"7014853",371857,2025-08-18 06:16:51,43.355052947998,-8.45781993865967,"Unknown"
"7014853",371857,2025-08-18 06:21:47,43.3549995422363,-8.45779705047607,"Unknown"
"7014853",371857,2025-08-18 06:26:47,43.3551025390625,-8.45789813995361,"Unknown"
"7014853",371857,2025-08-18 06:32:05,43.3543243408203,-8.45834159851074,"Unknown"
"7014853",371857,2025-08-18 06:36:54,43.3544311523438,-8.4581413269043,"Unknown"
"7014853",371857,2025-08-18 06:42:02,43.3545722961426,-8.45801544189453,"Unknown"
"7014853",371857,2025-08-18 06:47:23,43.3544769287109,-8.45823097229004,"Unknown"
"7014853",371857,2025-08-18 06:51:48,43.3544578552246,-8.45820713043213,"Unknown"
"7014853",371857,2025-08-18 06:56:49,43.3561172485352,-8.45700359344482,"Unknown"
"7014853",371857,2025-08-18 07:01:47,43.3561134338379,-8.45693492889404,"Unknown"
"7014853",371857,2025-08-18 07:06:48,43.3561401367188,-8.45695400238037,"Unknown"
"7014853",371857,2025-08-18 07:11:47,43.3561210632324,-8.4570140838623,"Unknown"
"7014853",371857,2025-08-18 07:16:49,43.3561058044434,-8.45697116851807,"Unknown"
"7014853",371857,2025-08-18 07:21:49,43.356128692627,-8.45695400238037,"Unknown"
"7014853",371857,2025-08-18 07:26:48,43.3561897277832,-8.45702457427979,"Unknown"
"7014853",371857,2025-08-18 07:31:48,43.3561630249023,-8.45704936981201,"Unknown"
"7014853",371857,2025-08-18 07:36:50,43.3561897277832,-8.45703315734863,"Unknown"
"7014853",371857,2025-08-18 07:41:48,43.356315612793,-8.45708179473877,"Unknown"
"7014853",371857,2025-08-18 07:46:50,43.3566741943359,-8.45734024047852,"Unknown"
"7014853",371857,2025-08-18 07:51:52,43.3565788269043,-8.45709037780762,"Unknown"
"7014853",371857,2025-08-18 07:56:50,43.356517791748,-8.45722103118896,"Unknown"
"7014853",371857,2025-08-18 08:01:55,43.356388092041,-8.45701503753662,"Unknown"
"7014853",371857,2025-08-18 08:06:58,43.3564186096191,-8.45699882507324,"Unknown"
"7014853",371857,2025-08-18 08:11:47,43.3564224243164,-8.45701313018799,"Unknown"
"7014853",371857,2025-08-18 08:16:48,43.3564720153809,-8.45709228515625,"Unknown"
"7014853",371857,2025-08-18 08:21:49,43.3563842773438,-8.45700073242188,"Unknown"
"7014853",371857,2025-08-18 08:26:47,43.3575744628906,-8.45849609375,"Unknown"
"7014853",371857,2025-08-18 08:31:48,43.3565979003906,-8.45718765258789,"Unknown"
"7014853",371857,2025-08-18 08:36:52,43.3564300537109,-8.45718288421631,"Unknown"
"7014853",371857,2025-08-18 08:41:48,43.3563842773438,-8.45715236663818,"Unknown"
"7014853",371857,2025-08-18 08:47:01,43.3563652038574,-8.45696544647217,"Unknown"
"7014853",371857,2025-08-18 08:52:22,43.3563499450684,-8.45713329315186,"Unknown"
"7014853",371857,2025-08-18 08:58:10,43.3570022583008,-8.45726776123047,"Unknown"
"7014853",371857,2025-08-18 09:02:04,43.3520622253418,-8.47783088684082,"Unknown"
"7014853",371857,2025-08-18 09:08:05,43.3523139953613,-8.47779750823975,"Unknown"
"7014853",371857,2025-08-18 09:11:53,43.3522605895996,-8.47807884216309,"Unknown"
"7014853",371857,2025-08-18 09:16:51,43.3521842956543,-8.47805213928223,"Unknown"
"7014853",371857,2025-08-18 09:21:58,43.3522682189941,-8.47806072235107,"Unknown"
"7014853",371857,2025-08-18 09:27:14,43.3522338867188,-8.47805595397949,"Unknown"
"7014853",371857,2025-08-18 09:31:49,43.3521308898926,-8.47814083099365,"Unknown"
"7014853",371857,2025-08-18 09:36:53,43.3522186279297,-8.47809505462646,"Unknown"
"7014853",371857,2025-08-18 09:41:47,43.3523063659668,-8.47805500030518,"Unknown"
"7014853",371857,2025-08-18 09:47:14,43.3521575927734,-8.47789573669434,"Unknown"
"7014853",371857,2025-08-18 09:52:04,43.3521881103516,-8.4778938293457,"Unknown"
"7014853",371857,2025-08-18 09:56:48,43.3523178100586,-8.47785091400146,"Unknown"
"7014853",371857,2025-08-18 10:01:52,43.3521957397461,-8.47773456573486,"Unknown"
"7014853",371857,2025-08-18 10:06:47,43.3599090576172,-8.48997020721436,"Unknown"
"7014853",371857,2025-08-18 10:11:47,43.3581581115723,-8.52479934692383,"Unknown"
"7014853",371857,2025-08-18 10:16:47,43.3498497009277,-8.52852344512939,"Unknown"
"7014853",371857,2025-08-18 10:21:51,43.3497543334961,-8.52838039398193,"Unknown"
"7014853",371857,2025-08-18 10:27:14,43.3498268127441,-8.52846908569336,"Unknown"
"7014853",371857,2025-08-18 10:31:50,43.3498573303223,-8.52856063842773,"Unknown"
"7014853",371857,2025-08-18 10:36:48,43.3498725891113,-8.52849960327148,"Unknown"
"7014853",371857,2025-08-18 10:41:48,43.3452949523926,-8.53378200531006,"Unknown"
"7014853",371857,2025-08-18 10:47:14,43.3325805664062,-8.57611179351807,"Unknown"
"7014853",371857,2025-08-18 10:51:48,43.3186111450195,-8.6006383895874,"Unknown"
"7014853",371857,2025-08-18 10:56:49,43.3181991577148,-8.60156536102295,"Unknown"
"7014853",371857,2025-08-18 11:01:52,43.3181076049805,-8.60132217407227,"Unknown"
"7014853",371857,2025-08-18 11:06:50,43.3181991577148,-8.60145950317383,"Unknown"
"7014853",371857,2025-08-18 11:12:12,43.3181686401367,-8.60144329071045,"Unknown"
"7014853",371857,2025-08-18 11:16:50,43.3181533813477,-8.60139560699463,"Unknown"
"7014853",371857,2025-08-18 11:21:50,43.3181495666504,-8.6014232635498,"Unknown"
"7014853",371857,2025-08-18 11:26:53,43.3179626464844,-8.60122489929199,"Unknown"
"7014853",371857,2025-08-18 11:31:58,43.3182792663574,-8.6015453338623,"Unknown"
"7014853",371857,2025-08-18 11:36:49,43.3183479309082,-8.60157775878906,"Unknown"
"7014853",371857,2025-08-18 11:42:16,43.3180236816406,-8.60139560699463,"Unknown"
"7014853",371857,2025-08-18 11:46:47,43.3181228637695,-8.60149002075195,"Unknown"
"7014853",371857,2025-08-18 11:51:50,43.3179473876953,-8.60134792327881,"Unknown"
"7014853",371857,2025-08-18 11:56:53,43.3180389404297,-8.60135936737061,"Unknown"
"7014853",371857,2025-08-18 12:01:54,43.3178901672363,-8.60133457183838,"Unknown"
"7014853",371857,2025-08-18 12:07:15,43.3178939819336,-8.60147666931152,"Unknown"
"7014853",371857,2025-08-18 12:11:52,43.3181343078613,-8.60147857666016,"Unknown"
"7014853",371857,2025-08-18 12:16:52,43.3178749084473,-8.60143184661865,"Unknown"
"7014853",371857,2025-08-18 12:23:05,43.3180923461914,-8.60145950317383,"Unknown"
"7014853",371857,2025-08-18 12:26:49,43.3186836242676,-8.60146045684814,"Unknown"
"7014853",371857,2025-08-18 12:31:50,43.3183631896973,-8.6015100479126,"Unknown"
"7014853",371857,2025-08-18 12:36:47,43.3183288574219,-8.60154914855957,"Unknown"
"7014853",371857,2025-08-18 12:41:49,43.3182258605957,-8.60153198242188,"Unknown"
"7014853",371857,2025-08-18 12:47:01,43.3182220458984,-8.60144233703613,"Unknown"
"7014853",371857,2025-08-18 12:51:55,43.3178100585938,-8.60047340393066,"Unknown"
"7014853",371857,2025-08-18 12:57:01,43.3182334899902,-8.60152244567871,"Unknown"
"7014853",371857,2025-08-18 13:01:52,43.3178977966309,-8.60088634490967,"Unknown"
"7014853",371857,2025-08-18 13:07:01,43.3181571960449,-8.60145092010498,"Unknown"
"7014853",371857,2025-08-18 13:11:51,43.3181800842285,-8.60131645202637,"Unknown"
"7014853",371857,2025-08-18 13:17:01,43.3179740905762,-8.60154342651367,"Unknown"
"7014853",371857,2025-08-18 13:21:54,43.3182373046875,-8.60184860229492,"Unknown"
"7014853",371857,2025-08-18 13:27:00,43.3181381225586,-8.60147380828857,"Unknown"
"7014853",371857,2025-08-18 13:32:00,43.3181457519531,-8.60131072998047,"Unknown"
"7014853",371857,2025-08-18 13:37:00,43.3183631896973,-8.60188579559326,"Unknown"
"7014853",371857,2025-08-18 13:42:00,43.3188095092773,-8.60295391082764,"Unknown"
"7014853",371857,2025-08-18 13:47:00,43.3181838989258,-8.60141563415527,"Unknown"
"7014853",371857,2025-08-18 13:52:00,43.3184814453125,-8.60214233398438,"Unknown"
"7014853",371857,2025-08-18 13:57:10,43.3181228637695,-8.60149383544922,"Unknown"
"7014853",371857,2025-08-18 14:01:51,43.3181381225586,-8.6015739440918,"Unknown"
"7014853",371857,2025-08-18 14:06:50,43.3180656433105,-8.60140228271484,"Unknown"
"7014853",371857,2025-08-18 14:11:47,43.3184394836426,-8.60163021087646,"Unknown"
"7014853",371857,2025-08-18 14:16:48,43.3180084228516,-8.6013650894165,"Unknown"
"7014853",371857,2025-08-18 14:21:50,43.3180923461914,-8.60135841369629,"Unknown"
"7014853",371857,2025-08-18 14:26:50,43.3181610107422,-8.6015625,"Unknown"
"7014853",371857,2025-08-18 14:31:48,43.318187713623,-8.60146903991699,"Unknown"
"7014853",371857,2025-08-18 14:36:48,43.3181991577148,-8.6015043258667,"Unknown"
"7014853",371857,2025-08-18 14:41:47,43.3182373046875,-8.60159873962402,"Unknown"
"7014853",371857,2025-08-18 14:47:14,43.3181610107422,-8.60147857666016,"Unknown"
"7014853",371857,2025-08-18 14:51:50,43.318244934082,-8.60153293609619,"Unknown"
"7014853",371857,2025-08-18 14:56:51,43.3181076049805,-8.60190773010254,"Unknown"
"7014853",371857,2025-08-18 15:01:53,43.3287124633789,-8.58003997802734,"Unknown"
"7014853",371857,2025-08-18 15:06:47,43.3295249938965,-8.52961540222168,"Unknown"
"7014853",371857,2025-08-18 15:12:03,43.3299942016602,-8.49566650390625,"Unknown"
"7014853",371857,2025-08-18 15:17:08,43.3291549682617,-8.49600505828857,"Unknown"
"7014853",371857,2025-08-18 15:21:50,43.3303413391113,-8.49676132202148,"Unknown"
"7014853",371857,2025-08-18 15:27:00,43.3306999206543,-8.49675273895264,"Unknown"
"7014853",371857,2025-08-18 15:32:15,43.3305358886719,-8.49652194976807,"Unknown"
"7014853",371857,2025-08-18 15:36:48,43.33056640625,-8.49662494659424,"Unknown"
"7014853",371857,2025-08-18 15:41:54,43.33056640625,-8.49642276763916,"Unknown"
"7014853",371857,2025-08-18 15:47:11,43.3307151794434,-8.49592399597168,"Unknown"
"7014853",371857,2025-08-18 15:52:03,43.3307571411133,-8.49595546722412,"Unknown"
"7014853",371857,2025-08-18 15:57:23,43.3308143615723,-8.49621677398682,"Unknown"
"7014853",371857,2025-08-18 16:01:47,43.3307609558105,-8.49632263183594,"Unknown"
"7014853",371857,2025-08-18 16:06:47,43.3364410400391,-8.50205039978027,"Unknown"
"7014853",371857,2025-08-18 16:11:47,43.3529014587402,-8.47406959533691,"Unknown"
"7014853",371857,2025-08-18 16:16:49,43.3560829162598,-8.45696353912354,"Unknown"
"7014853",371857,2025-08-18 16:21:47,43.3544235229492,-8.45835018157959,"Unknown"
"7014853",371857,2025-08-18 16:26:52,43.3539657592773,-8.45838069915771,"Unknown"
"7014853",371857,2025-08-18 16:31:54,43.3560905456543,-8.45707511901855,"Unknown"
"7014853",371857,2025-08-18 16:36:52,43.3542976379395,-8.45823764801025,"Unknown"
"7014853",371857,2025-08-18 16:41:50,43.3561477661133,-8.45714569091797,"Unknown"
"7014853",371857,2025-08-18 16:46:50,43.3560447692871,-8.45705890655518,"Unknown"
"7014853",371857,2025-08-18 16:51:58,43.3564186096191,-8.45713806152344,"Unknown"
"7014853",371857,2025-08-18 16:56:48,43.3564910888672,-8.45719337463379,"Unknown"
"7014853",371857,2025-08-18 17:01:58,43.3562278747559,-8.457106590271,"Unknown"
"7014853",371857,2025-08-18 17:07:02,43.3561744689941,-8.45706558227539,"Unknown"
"7014853",371857,2025-08-18 17:11:59,43.356258392334,-8.45707702636719,"Unknown"
"7014853",371857,2025-08-18 17:17:14,43.3562812805176,-8.45706272125244,"Unknown"
"7014853",371857,2025-08-18 17:21:50,43.3549919128418,-8.45781803131104,"Unknown"
"7014853",371857,2025-08-18 17:26:51,43.3547058105469,-8.45780372619629,"Unknown"
"7014853",371857,2025-08-18 17:31:55,43.3547172546387,-8.45724678039551,"Unknown"
"7014853",371857,2025-08-18 17:36:51,43.3550262451172,-8.45790386199951,"Unknown"
"7014853",371857,2025-08-18 17:41:50,43.3550987243652,-8.45802307128906,"Unknown"
"7014853",371857,2025-08-18 17:47:02,43.353889465332,-8.45853233337402,"Unknown"
"7014853",371857,2025-08-18 17:52:14,43.3540725708008,-8.45848655700684,"Unknown"
"7014853",371857,2025-08-18 17:57:23,43.3538818359375,-8.45894813537598,"Unknown"
"7014853",371857,2025-08-18 18:01:48,43.3523216247559,-8.44644165039062,"Unknown"
"7014853",371857,2025-08-18 18:06:48,43.3537902832031,-8.42509841918945,"Unknown"
"7014853",371857,2025-08-18 18:11:49,43.3766250610352,-8.41422653198242,"Unknown"
"7014853",371857,2025-08-18 18:16:50,43.3892021179199,-8.41374015808105,"Unknown"
"7014853",371857,2025-08-18 18:21:51,43.3891296386719,-8.41352081298828,"Unknown"
"7014853",371857,2025-08-18 18:26:57,43.3891677856445,-8.41351127624512,"Unknown"
"7014853",371857,2025-08-18 18:31:52,43.3891906738281,-8.41354751586914,"Unknown"
"7014853",371857,2025-08-18 18:36:55,43.3891906738281,-8.41348838806152,"Unknown"
"7014853",371857,2025-08-18 18:41:51,43.3892097473145,-8.41351985931396,"Unknown"
"7014853",371857,2025-08-18 18:47:14,43.38916015625,-8.4133882522583,"Unknown"
"7014853",371857,2025-08-18 18:51:48,43.3937149047852,-8.41665935516357,"Unknown"
"7014853",371857,2025-08-18 18:57:01,43.3895645141602,-8.41356086730957,"Unknown"
"7014853",371857,2025-08-18 19:01:58,43.3892440795898,-8.41354084014893,"Unknown"
"7014853",371857,2025-08-18 19:06:48,43.3892021179199,-8.41353034973145,"Unknown"
"7014853",371857,2025-08-18 19:11:50,43.3893165588379,-8.41361999511719,"Unknown"
"7014853",371857,2025-08-18 19:16:57,43.3892517089844,-8.41344261169434,"Unknown"
"7014853",371857,2025-08-18 19:21:49,43.3892097473145,-8.41356945037842,"Unknown"
"7014853",371857,2025-08-18 19:26:52,43.3891448974609,-8.4133996963501,"Unknown"
"7014853",371857,2025-08-18 19:32:14,43.3892364501953,-8.41345405578613,"Unknown"
"7014853",371857,2025-08-18 19:36:49,43.3893089294434,-8.41354560852051,"Unknown"
"7014853",371857,2025-08-18 19:41:52,43.3892402648926,-8.41345024108887,"Unknown"
"7014853",371857,2025-08-18 19:47:00,43.389575958252,-8.41388988494873,"Unknown"
"7014853",371857,2025-08-18 19:51:53,43.392650604248,-8.4113941192627,"Unknown"
"7014853",371857,2025-08-18 19:56:57,43.3930587768555,-8.41097259521484,"Unknown"
"7014853",371857,2025-08-18 20:01:53,43.3963241577148,-8.41268634796143,"Unknown"
"7014853",371857,2025-08-18 20:06:52,43.394775390625,-8.4135217666626,"Unknown"
"7014853",371857,2025-08-18 20:12:33,43.394962310791,-8.44635963439941,"Unknown"
"7014853",371857,2025-08-19 01:13:05,43.3614730834961,-8.40363788604736,"Unknown"
"7014853",371857,2025-08-19 05:48:44,43.3602523803711,-8.40243053436279,"Unknown"
"7014853",371857,2025-08-19 05:53:05,43.3601875305176,-8.40237712860107,"Unknown"
"7014853",371857,2025-08-19 05:58:00,43.3604507446289,-8.40244960784912,"Unknown"
"7014853",371857,2025-08-19 06:03:06,43.3601875305176,-8.40230846405029,"Unknown"
"7014853",371857,2025-08-19 06:08:05,43.3601875305176,-8.40241622924805,"Unknown"
"7014853",371857,2025-08-19 06:13:14,43.3604774475098,-8.40274333953857,"Unknown"
"7014853",371857,2025-08-19 06:17:56,43.360897064209,-8.40176773071289,"Unknown"
"7014853",371857,2025-08-19 06:22:57,43.3645973205566,-8.40068912506104,"Unknown"
"7014853",371857,2025-08-19 06:28:00,43.364330291748,-8.40087604522705,"Unknown"
"7014853",371857,2025-08-19 06:32:56,43.3645248413086,-8.40105247497559,"Unknown"
"7014853",371857,2025-08-19 06:37:56,43.364372253418,-8.40099334716797,"Unknown"
"7014853",371857,2025-08-19 06:42:56,43.3644256591797,-8.40117454528809,"Unknown"
"7014853",371857,2025-08-19 06:48:29,43.3643684387207,-8.40097618103027,"Unknown"
"7014853",371857,2025-08-19 06:53:01,43.3644027709961,-8.4009895324707,"Unknown"
"7014853",371857,2025-08-19 06:57:57,43.3644752502441,-8.4008731842041,"Unknown"
"7014853",371857,2025-08-19 07:03:01,43.3643913269043,-8.40102195739746,"Unknown"
"7014853",371857,2025-08-19 07:07:59,43.3643836975098,-8.40106105804443,"Unknown"
"7014853",371857,2025-08-19 07:12:56,43.3643608093262,-8.40100574493408,"Unknown"
"7014853",371857,2025-08-19 07:17:58,43.3642768859863,-8.4009838104248,"Unknown"
"7014853",371857,2025-08-19 07:23:06,43.3644523620605,-8.40091037750244,"Unknown"
"7014853",371857,2025-08-19 07:27:58,43.3644676208496,-8.40100193023682,"Unknown"
"7014853",371857,2025-08-19 07:33:00,43.3643341064453,-8.40113067626953,"Unknown"
"7014853",371857,2025-08-19 07:38:06,43.364429473877,-8.40091896057129,"Unknown"
"7014853",371857,2025-08-19 07:42:57,43.3642578125,-8.40100765228271,"Unknown"
"7014853",371857,2025-08-19 07:48:14,43.3644371032715,-8.4009485244751,"Unknown"
"7014853",371857,2025-08-19 07:52:56,43.3644027709961,-8.40096282958984,"Unknown"
"7014853",371857,2025-08-19 07:58:03,43.3643341064453,-8.40095806121826,"Unknown"
"7014853",371857,2025-08-19 08:02:58,43.3639869689941,-8.40130805969238,"Unknown"
"7014853",371857,2025-08-19 08:07:58,43.3649749755859,-8.40046310424805,"Unknown"
"7014853",371857,2025-08-19 08:13:03,43.3625869750977,-8.40394687652588,"Unknown"
"7014853",371857,2025-08-19 08:18:06,43.3625297546387,-8.40394973754883,"Unknown"
"7014853",371857,2025-08-19 08:23:03,43.363037109375,-8.40457248687744,"Unknown"
"7014853",371857,2025-08-19 08:28:01,43.3628578186035,-8.4041109085083,"Unknown"
"7014853",371857,2025-08-19 08:33:00,43.3655281066895,-8.40206050872803,"Unknown"
"7014853",371857,2025-08-19 08:38:03,43.3657379150391,-8.40215587615967,"Unknown"
"7014853",371857,2025-08-19 08:42:58,43.3655395507812,-8.40205001831055,"Unknown"
"7014853",371857,2025-08-19 08:48:35,43.3657875061035,-8.40215015411377,"Unknown"
"7014853",371857,2025-08-19 08:52:57,43.3656044006348,-8.40223026275635,"Unknown"
"7014853",371857,2025-08-19 08:58:03,43.3652496337891,-8.40280246734619,"Unknown"
"7014853",371857,2025-08-19 09:03:29,43.3658447265625,-8.40182781219482,"Unknown"
"7014853",371857,2025-08-19 09:07:57,43.3657379150391,-8.40202903747559,"Unknown"
"7014853",371857,2025-08-19 09:12:58,43.3658103942871,-8.40171241760254,"Unknown"
"7014853",371857,2025-08-19 09:17:57,43.3656578063965,-8.4019947052002,"Unknown"
"7014853",371857,2025-08-19 09:23:01,43.365837097168,-8.40177249908447,"Unknown"
"7014853",371857,2025-08-19 09:27:58,43.3661651611328,-8.40213489532471,"Unknown"
"7014853",371857,2025-08-19 09:33:00,43.3656921386719,-8.40192222595215,"Unknown"
"7014853",371857,2025-08-19 09:37:56,43.3656768798828,-8.40175914764404,"Unknown"
"7014853",371857,2025-08-19 09:42:56,43.3656616210938,-8.40189456939697,"Unknown"
"7014853",371857,2025-08-19 09:48:03,43.3656120300293,-8.40181732177734,"Unknown"
"7014853",371857,2025-08-19 09:52:57,43.3655586242676,-8.4017972946167,"Unknown"
"7014853",371857,2025-08-19 09:57:58,43.3601379394531,-8.39697742462158,"Unknown"
"7014853",371857,2025-08-19 10:02:58,43.360107421875,-8.39738845825195,"Unknown"
"7014853",371857,2025-08-19 10:07:58,43.3597068786621,-8.39966487884521,"Unknown"
"7014853",371857,2025-08-19 10:12:59,43.3597297668457,-8.39963054656982,"Unknown"
"7014853",371857,2025-08-19 10:17:56,43.3605766296387,-8.40266609191895,"Unknown"
"7014853",371857,2025-08-19 10:22:56,43.3604965209961,-8.4026985168457,"Unknown"
"7014853",371857,2025-08-19 10:27:57,43.3604736328125,-8.4026460647583,"Unknown"
"7014853",371857,2025-08-19 10:32:57,43.3605766296387,-8.40272045135498,"Unknown"
"7014853",371857,2025-08-19 10:37:58,43.3604698181152,-8.40272808074951,"Unknown"
"7014853",371857,2025-08-19 10:42:57,43.360652923584,-8.4025182723999,"Unknown"
"7014853",371857,2025-08-19 10:47:57,43.3605918884277,-8.40269184112549,"Unknown"
"7014853",371857,2025-08-19 10:52:56,43.3603820800781,-8.40255260467529,"Unknown"
"7014853",371857,2025-08-19 10:57:56,43.3605499267578,-8.40268325805664,"Unknown"
"7014853",371857,2025-08-19 11:02:56,43.3604965209961,-8.40265274047852,"Unknown"
"7014853",371857,2025-08-19 11:07:56,43.3605308532715,-8.4026346206665,"Unknown"
"7014853",371857,2025-08-19 11:12:56,43.3605079650879,-8.40264511108398,"Unknown"
"7014853",371857,2025-08-19 11:17:56,43.3605804443359,-8.40269756317139,"Unknown"
"7014853",371857,2025-08-19 11:22:58,43.3603782653809,-8.40262603759766,"Unknown"
"7014853",371857,2025-08-19 11:27:57,43.3603935241699,-8.40265846252441,"Unknown"
"7014853",371857,2025-08-19 11:32:56,43.3606796264648,-8.40273857116699,"Unknown"
"7014853",371857,2025-08-19 11:37:58,43.3604621887207,-8.40270614624023,"Unknown"
"7014853",371857,2025-08-19 11:43:10,43.360538482666,-8.40272331237793,"Unknown"
"7014853",371857,2025-08-19 11:47:56,43.3606147766113,-8.40273284912109,"Unknown"
"7014853",371857,2025-08-19 11:52:56,43.3606071472168,-8.40298271179199,"Unknown"
"7014853",371857,2025-08-19 11:57:56,43.3609313964844,-8.40282917022705,"Unknown"
"7014853",371857,2025-08-19 12:03:00,43.3607215881348,-8.40294361114502,"Unknown"
"7014853",371857,2025-08-19 12:08:01,43.3612403869629,-8.40301036834717,"Unknown"
"7014853",371857,2025-08-19 12:13:07,43.3615379333496,-8.40335845947266,"Unknown"
"7014853",371857,2025-08-19 12:18:01,43.3615188598633,-8.40327739715576,"Unknown"
"7014853",371857,2025-08-19 12:23:00,43.3621025085449,-8.40423965454102,"Unknown"
"7014853",371857,2025-08-19 12:28:03,43.3616142272949,-8.40346240997314,"Unknown"
"7014853",371857,2025-08-19 12:33:29,43.3616027832031,-8.40354156494141,"Unknown"
"7014853",371857,2025-08-19 12:37:56,43.3615531921387,-8.40364360809326,"Unknown"
"7014853",371857,2025-08-19 12:42:56,43.3610992431641,-8.40358543395996,"Unknown"
"7014853",371857,2025-08-19 12:47:56,43.3609771728516,-8.40271854400635,"Unknown"
"7014853",371857,2025-08-19 12:52:56,43.3609619140625,-8.40378284454346,"Unknown"
"7014853",371857,2025-08-19 12:57:57,43.361701965332,-8.40346908569336,"Unknown"
"7014853",371857,2025-08-19 13:02:58,43.3617553710938,-8.4036340713501,"Unknown"
"7014853",371857,2025-08-19 13:07:58,43.3617553710938,-8.40359210968018,"Unknown"
"7014853",371857,2025-08-19 13:12:58,43.3616371154785,-8.40342903137207,"Unknown"
"7014853",371857,2025-08-19 13:17:57,43.361686706543,-8.40359306335449,"Unknown"
"7014853",371857,2025-08-19 13:23:07,43.3617553710938,-8.40347099304199,"Unknown"
"7014853",371857,2025-08-19 13:28:00,43.3617210388184,-8.40364646911621,"Unknown"
"7014853",371857,2025-08-19 13:33:14,43.3617668151855,-8.40344524383545,"Unknown"
"7014853",371857,2025-08-19 13:37:58,43.3680877685547,-8.40976142883301,"Unknown"
"7014853",371857,2025-08-19 13:42:56,43.3520202636719,-8.42647647857666,"Unknown"
"7014853",371857,2025-08-19 13:47:56,43.3423767089844,-8.44656085968018,"Unknown"
"7014853",371857,2025-08-19 13:53:00,43.3401145935059,-8.45366477966309,"Unknown"
"7014853",371857,2025-08-19 13:57:56,43.3399391174316,-8.45273399353027,"Unknown"
"7014853",371857,2025-08-19 14:02:56,43.3467445373535,-8.44594097137451,"Unknown"
"7014853",371857,2025-08-19 14:08:05,43.3530654907227,-8.4245138168335,"Unknown"
"7014853",371857,2025-08-19 14:12:59,43.3533821105957,-8.42507839202881,"Unknown"
"7014853",371857,2025-08-19 14:17:57,43.3533554077148,-8.42506408691406,"Unknown"
"7014853",371857,2025-08-19 14:23:03,43.353271484375,-8.42491054534912,"Unknown"
"7014853",371857,2025-08-19 14:28:03,43.3533058166504,-8.42489433288574,"Unknown"
"7014853",371857,2025-08-19 14:33:14,43.3533668518066,-8.42499923706055,"Unknown"
"7014853",371857,2025-08-19 14:37:57,43.3534469604492,-8.42503452301025,"Unknown"
"7014853",371857,2025-08-19 14:42:59,43.3533897399902,-8.42489910125732,"Unknown"
"7014853",371857,2025-08-19 14:48:05,43.3533020019531,-8.42489814758301,"Unknown"
"7014853",371857,2025-08-19 14:52:59,43.3530311584473,-8.42794132232666,"Unknown"
"7014853",371857,2025-08-19 14:58:14,43.3528747558594,-8.42786502838135,"Unknown"
"7014853",371857,2025-08-19 15:02:56,43.3529319763184,-8.42778015136719,"Unknown"
"7014853",371857,2025-08-19 15:07:59,43.3527946472168,-8.42754745483398,"Unknown"
"7014853",371857,2025-08-19 15:13:14,43.3528823852539,-8.42776393890381,"Unknown"
"7014853",371857,2025-08-19 15:18:10,43.3528938293457,-8.42773628234863,"Unknown"
"7014853",371857,2025-08-19 15:23:00,43.3529968261719,-8.42791843414307,"Unknown"
"7014853",371857,2025-08-19 15:28:01,43.3528442382812,-8.4278039932251,"Unknown"
"7014853",371857,2025-08-19 15:32:58,43.3529624938965,-8.42780303955078,"Unknown"
"7014853",371857,2025-08-19 15:37:56,43.3529357910156,-8.42779731750488,"Unknown"
"7014853",371857,2025-08-19 15:42:56,43.3528747558594,-8.42770862579346,"Unknown"
"7014853",371857,2025-08-19 15:48:29,43.352912902832,-8.42784690856934,"Unknown"
"7014853",371857,2025-08-19 15:52:56,43.3529014587402,-8.42783546447754,"Unknown"
"7014853",371857,2025-08-19 15:57:56,43.3530502319336,-8.42782211303711,"Unknown"
"7014853",371857,2025-08-19 16:02:56,43.3529319763184,-8.42801380157471,"Unknown"
"7014853",371857,2025-08-19 16:08:03,43.3529014587402,-8.42807865142822,"Unknown"
"7014853",371857,2025-08-19 16:13:01,43.3529243469238,-8.42788124084473,"Unknown"
"7014853",371857,2025-08-19 16:18:03,43.3529167175293,-8.42793464660645,"Unknown"
"7014853",371857,2025-08-19 16:22:58,43.3529243469238,-8.42788124084473,"Unknown"
"7014853",371857,2025-08-19 16:27:56,43.352912902832,-8.42782783508301,"Unknown"
"7014853",371857,2025-08-19 16:32:56,43.3529891967773,-8.42792892456055,"Unknown"
"7014853",371857,2025-08-19 16:37:56,43.352912902832,-8.42793083190918,"Unknown"
"7014853",371857,2025-08-19 16:42:56,43.3529586791992,-8.42793941497803,"Unknown"
"7014853",371857,2025-08-19 16:48:29,43.3528289794922,-8.42773246765137,"Unknown"
"7014853",371857,2025-08-19 16:52:56,43.3528823852539,-8.42804145812988,"Unknown"
"7014853",371857,2025-08-19 16:57:59,43.3530197143555,-8.42831134796143,"Unknown"
"7014853",371857,2025-08-19 17:03:35,43.352970123291,-8.4278564453125,"Unknown"
"7014853",371857,2025-08-19 17:07:56,43.3529319763184,-8.42776012420654,"Unknown"
"7014853",371857,2025-08-19 17:13:03,43.3529281616211,-8.42804050445557,"Unknown"
"7014853",371857,2025-08-19 17:17:56,43.3529167175293,-8.42801380157471,"Unknown"
"7014853",371857,2025-08-19 17:22:57,43.3530769348145,-8.42802047729492,"Unknown"
"7014853",371857,2025-08-19 17:28:35,43.352912902832,-8.42793464660645,"Unknown"
"7014853",371857,2025-08-19 17:32:58,43.3530464172363,-8.42807197570801,"Unknown"
"7014853",371857,2025-08-19 17:37:57,43.3530082702637,-8.42818260192871,"Unknown"
"7014853",371857,2025-08-19 17:42:57,43.3529167175293,-8.42811012268066,"Unknown"
"7014853",371857,2025-08-19 17:48:14,43.3529663085938,-8.42794895172119,"Unknown"
"7014853",371857,2025-08-19 17:52:56,43.3529777526855,-8.42806529998779,"Unknown"
"7014853",371857,2025-08-19 17:57:56,43.3529281616211,-8.428053855896,"Unknown"
"7014853",371857,2025-08-19 18:02:57,43.3529853820801,-8.42802333831787,"Unknown"
"7014853",371857,2025-08-19 18:07:56,43.3529319763184,-8.42799758911133,"Unknown"
"7014853",371857,2025-08-19 18:12:56,43.352954864502,-8.42819023132324,"Unknown"
"7014853",371857,2025-08-19 18:17:56,43.3529357910156,-8.42804336547852,"Unknown"
"7014853",371857,2025-08-19 18:22:56,43.3529090881348,-8.42793560028076,"Unknown"
"7014853",371857,2025-08-19 18:27:56,43.3529472351074,-8.4279956817627,"Unknown"
"7014853",371857,2025-08-19 18:32:56,43.3528480529785,-8.42797088623047,"Unknown"
"7014853",371857,2025-08-19 18:37:58,43.3530082702637,-8.42805862426758,"Unknown"
"7014853",371857,2025-08-19 18:42:57,43.3529472351074,-8.4279727935791,"Unknown"
"7014853",371857,2025-08-19 18:47:57,43.3530006408691,-8.42803955078125,"Unknown"
"7014853",371857,2025-08-19 18:52:57,43.3629531860352,-8.40425586700439,"Unknown"
"7014853",371857,2025-08-19 18:57:56,43.3630142211914,-8.40434551239014,"Unknown"
"7014853",371857,2025-08-19 19:02:58,43.3629493713379,-8.4041223526001,"Unknown"
"7014853",371857,2025-08-19 19:07:57,43.3628730773926,-8.40414237976074,"Unknown"
"7014853",371857,2025-08-19 19:12:56,43.362964630127,-8.40424251556396,"Unknown"
"7014853",371857,2025-08-19 19:17:56,43.362922668457,-8.40417098999023,"Unknown"
"7014853",371857,2025-08-19 19:22:56,43.3629989624023,-8.40416240692139,"Unknown"
"7014853",371857,2025-08-19 19:27:56,43.3629722595215,-8.40421772003174,"Unknown"
"7014853",371857,2025-08-19 19:32:57,43.3629417419434,-8.40420627593994,"Unknown"
"7014853",371857,2025-08-19 19:37:57,43.3628005981445,-8.40420532226562,"Unknown"
"7014853",371857,2025-08-19 19:42:59,43.362964630127,-8.40419864654541,"Unknown"
"7014853",371857,2025-08-19 19:47:59,43.3628807067871,-8.40421676635742,"Unknown"
"7014853",371857,2025-08-19 19:53:07,43.3627281188965,-8.40418720245361,"Unknown"
"7014853",371857,2025-08-19 19:58:01,43.3627548217773,-8.40417194366455,"Unknown"
"7014853",371857,2025-08-19 20:03:03,43.3627548217773,-8.40411281585693,"Unknown"
"7014853",371857,2025-08-19 20:08:17,43.3611068725586,-8.40619277954102,"Unknown"
"7014853",371857,2025-08-19 20:10:39,43.3609619140625,-8.40277862548828,"Unknown"
"7014853",371857,2025-08-20 01:10:59,43.3600654602051,-8.40256214141846,"Unknown"
"7014853",371857,2025-08-20 05:49:06,43.3596725463867,-8.3969669342041,"Unknown"
"7014853",371857,2025-08-20 05:54:08,43.3596878051758,-8.39686393737793,"Unknown"
"7014853",371857,2025-08-20 05:59:21,43.3597221374512,-8.39744853973389,"Unknown"
"7014853",371857,2025-08-20 06:03:46,43.360897064209,-8.39837837219238,"Unknown"
"7014853",371857,2025-08-20 06:08:45,43.360912322998,-8.39827728271484,"Unknown"
"7014853",371857,2025-08-20 06:13:47,43.3597068786621,-8.39804458618164,"Unknown"
"7014853",371857,2025-08-20 06:18:51,43.3596000671387,-8.40024089813232,"Unknown"
"7014853",371857,2025-08-20 06:23:45,43.3596153259277,-8.40046501159668,"Unknown"
"7014853",371857,2025-08-20 06:28:53,43.3595886230469,-8.40015697479248,"Unknown"
"7014853",371857,2025-08-20 06:33:45,43.359676361084,-8.39970970153809,"Unknown"
"7014853",371857,2025-08-20 06:38:47,43.3596954345703,-8.39953994750977,"Unknown"
"7014853",371857,2025-08-20 06:43:47,43.3597297668457,-8.39943504333496,"Unknown"
"7014853",371857,2025-08-20 06:48:48,43.3596954345703,-8.399489402771,"Unknown"
"7014853",371857,2025-08-20 06:53:47,43.3597030639648,-8.39973831176758,"Unknown"
"7014853",371857,2025-08-20 06:58:54,43.3595123291016,-8.40083980560303,"Unknown"
"7014853",371857,2025-08-20 07:03:46,43.3595848083496,-8.40047359466553,"Unknown"
"7014853",371857,2025-08-20 07:08:52,43.3595390319824,-8.40075588226318,"Unknown"
"7014853",371857,2025-08-20 07:13:45,43.3596687316895,-8.39942741394043,"Unknown"
"7014853",371857,2025-08-20 07:18:49,43.3596496582031,-8.39846992492676,"Unknown"
"7014853",371857,2025-08-20 07:23:45,43.3599548339844,-8.39797782897949,"Unknown"
"7014853",371857,2025-08-20 07:29:14,43.3601570129395,-8.39726638793945,"Unknown"
"7014853",371857,2025-08-20 07:33:57,43.3598442077637,-8.39857864379883,"Unknown"
"7014853",371857,2025-08-20 07:39:05,43.3597526550293,-8.39863586425781,"Unknown"
"7014853",371857,2025-08-20 07:43:46,43.3598556518555,-8.39861965179443,"Unknown"
"7014853",371857,2025-08-20 07:48:45,43.3597640991211,-8.39876842498779,"Unknown"
"7014853",371857,2025-08-20 07:53:52,43.3599128723145,-8.39856338500977,"Unknown"
"7014853",371857,2025-08-20 07:58:45,43.3508644104004,-8.41783809661865,"Unknown"
"7014853",371857,2025-08-20 08:03:45,43.3501586914062,-8.43256855010986,"Unknown"
"7014853",371857,2025-08-20 08:08:45,43.3501091003418,-8.43217277526855,"Unknown"
"7014853",371857,2025-08-20 08:13:44,43.3512649536133,-8.43177795410156,"Unknown"
"7014853",371857,2025-08-20 08:18:44,43.3535232543945,-8.45403003692627,"Unknown"
"7014853",371857,2025-08-20 08:23:50,43.3568115234375,-8.45672225952148,"Unknown"
"7014853",371857,2025-08-20 08:30:06,43.3564872741699,-8.45721817016602,"Unknown"
"7014853",371857,2025-08-20 08:33:46,43.3565521240234,-8.45702362060547,"Unknown"
"7014853",371857,2025-08-20 08:38:47,43.3551635742188,-8.4574499130249,"Unknown"
"7014853",371857,2025-08-20 08:43:51,43.3550453186035,-8.45784854888916,"Unknown"
"7014853",371857,2025-08-20 08:48:51,43.3550491333008,-8.45779609680176,"Unknown"
"7014853",371857,2025-08-20 08:53:54,43.3550720214844,-8.45783233642578,"Unknown"
"7014853",371857,2025-08-20 08:59:05,43.3550567626953,-8.45797252655029,"Unknown"
"7014853",371857,2025-08-20 09:03:46,43.3551177978516,-8.45795917510986,"Unknown"
"7014853",371857,2025-08-20 09:08:47,43.3550300598145,-8.45797252655029,"Unknown"
"7014853",371857,2025-08-20 09:13:44,43.3552742004395,-8.45789813995361,"Unknown"
"7014853",371857,2025-08-20 09:18:46,43.352424621582,-8.47746562957764,"Unknown"
"7014853",371857,2025-08-20 09:23:53,43.3521347045898,-8.47762775421143,"Unknown"
"7014853",371857,2025-08-20 09:28:56,43.3519401550293,-8.47781372070312,"Unknown"
"7014853",371857,2025-08-20 09:34:35,43.3522644042969,-8.4776782989502,"Unknown"
"7014853",371857,2025-08-20 09:38:45,43.352222442627,-8.4774808883667,"Unknown"
"7014853",371857,2025-08-20 09:43:45,43.3522262573242,-8.47747707366943,"Unknown"
"7014853",371857,2025-08-20 09:48:45,43.3521347045898,-8.47781276702881,"Unknown"
"7014853",371857,2025-08-20 09:53:45,43.3521041870117,-8.47769641876221,"Unknown"
"7014853",371857,2025-08-20 09:58:45,43.3523445129395,-8.47762107849121,"Unknown"
"7014853",371857,2025-08-20 10:03:46,43.3542060852051,-8.47446060180664,"Unknown"
"7014853",371857,2025-08-20 10:08:47,43.3542823791504,-8.47446632385254,"Unknown"
"7014853",371857,2025-08-20 10:13:47,43.3542671203613,-8.47459316253662,"Unknown"
"7014853",371857,2025-08-20 10:18:46,43.3542709350586,-8.47458267211914,"Unknown"
"7014853",371857,2025-08-20 10:23:47,43.3542518615723,-8.47458744049072,"Unknown"
"7014853",371857,2025-08-20 10:28:45,43.3542900085449,-8.47455787658691,"Unknown"
"7014853",371857,2025-08-20 10:33:45,43.3542366027832,-8.4745454788208,"Unknown"
"7014853",371857,2025-08-20 10:38:46,43.3542785644531,-8.47457885742188,"Unknown"
"7014853",371857,2025-08-20 10:43:48,43.3541603088379,-8.4746789932251,"Unknown"
"7014853",371857,2025-08-20 10:48:46,43.3541793823242,-8.47454643249512,"Unknown"
"7014853",371857,2025-08-20 10:53:47,43.3541870117188,-8.47450351715088,"Unknown"
"7014853",371857,2025-08-20 10:58:45,43.3542366027832,-8.4745626449585,"Unknown"
"7014853",371857,2025-08-20 11:03:45,43.3542327880859,-8.47459316253662,"Unknown"
"7014853",371857,2025-08-20 11:08:45,43.3541297912598,-8.47445678710938,"Unknown"
"7014853",371857,2025-08-20 11:13:54,43.3541679382324,-8.4744930267334,"Unknown"
"7014853",371857,2025-08-20 11:18:52,43.3542251586914,-8.47456169128418,"Unknown"
"7014853",371857,2025-08-20 11:23:54,43.3542251586914,-8.47457695007324,"Unknown"
"7014853",371857,2025-08-20 11:28:53,43.3542594909668,-8.47457408905029,"Unknown"
"7014853",371857,2025-08-20 11:34:14,43.3542175292969,-8.47452449798584,"Unknown"
"7014853",371857,2025-08-20 11:38:51,43.354118347168,-8.47450256347656,"Unknown"
"7014853",371857,2025-08-20 11:43:53,43.3542938232422,-8.47458553314209,"Unknown"
"7014853",371857,2025-08-20 11:48:49,43.354118347168,-8.47449970245361,"Unknown"
"7014853",371857,2025-08-20 11:53:49,43.3542022705078,-8.47442722320557,"Unknown"
"7014853",371857,2025-08-20 11:58:58,43.3542633056641,-8.47450065612793,"Unknown"
"7014853",371857,2025-08-20 12:03:44,43.3539237976074,-8.47408676147461,"Unknown"
"7014853",371857,2025-08-20 12:08:53,43.3538513183594,-8.47402572631836,"Unknown"
"7014853",371857,2025-08-20 12:14:14,43.3541374206543,-8.47419357299805,"Unknown"
"7014853",371857,2025-08-20 12:18:45,43.3540534973145,-8.47360801696777,"Unknown"
"7014853",371857,2025-08-20 12:23:51,43.354133605957,-8.47445583343506,"Unknown"
"7014853",371857,2025-08-20 12:28:54,43.354133605957,-8.47438049316406,"Unknown"
"7014853",371857,2025-08-20 12:33:55,43.3521270751953,-8.47803401947021,"Unknown"
"7014853",371857,2025-08-20 12:39:01,43.3521118164062,-8.47802925109863,"Unknown"
"7014853",371857,2025-08-20 12:43:51,43.3544235229492,-8.47395515441895,"Unknown"
"7014853",371857,2025-08-20 12:48:53,43.3543548583984,-8.47411441802979,"Unknown"
"7014853",371857,2025-08-20 12:54:29,43.3543510437012,-8.47393131256104,"Unknown"
"7014853",371857,2025-08-20 12:58:45,43.3542785644531,-8.47411441802979,"Unknown"
"7014853",371857,2025-08-20 13:03:45,43.3544502258301,-8.47413635253906,"Unknown"
"7014853",371857,2025-08-20 13:08:44,43.3544006347656,-8.47407531738281,"Unknown"
"7014853",371857,2025-08-20 13:13:44,43.3544120788574,-8.47398948669434,"Unknown"
"7014853",371857,2025-08-20 13:18:49,43.3544235229492,-8.47398376464844,"Unknown"
"7014853",371857,2025-08-20 13:23:45,43.3544311523438,-8.47410869598389,"Unknown"
"7014853",371857,2025-08-20 13:28:48,43.3545341491699,-8.47421360015869,"Unknown"
"7014853",371857,2025-08-20 13:33:46,43.3547210693359,-8.47446060180664,"Unknown"
"7014853",371857,2025-08-20 13:38:51,43.354320526123,-8.47414779663086,"Unknown"
"7014853",371857,2025-08-20 13:43:51,43.3542251586914,-8.47419738769531,"Unknown"
"7014853",371857,2025-08-20 13:48:52,43.3543815612793,-8.47397899627686,"Unknown"
"7014853",371857,2025-08-20 13:53:48,43.354434967041,-8.47411727905273,"Unknown"
"7014853",371857,2025-08-20 13:58:49,43.354320526123,-8.47400379180908,"Unknown"
"7014853",371857,2025-08-20 14:03:59,43.3541946411133,-8.47413063049316,"Unknown"
"7014853",371857,2025-08-20 14:09:14,43.3543167114258,-8.47399616241455,"Unknown"
"7014853",371857,2025-08-20 14:13:45,43.3542900085449,-8.47397899627686,"Unknown"
"7014853",371857,2025-08-20 14:18:49,43.3542518615723,-8.47413158416748,"Unknown"
"7014853",371857,2025-08-20 14:23:47,43.3544387817383,-8.4738941192627,"Unknown"
"7014853",371857,2025-08-20 14:28:47,43.354320526123,-8.4739875793457,"Unknown"
"7014853",371857,2025-08-20 14:33:46,43.3559150695801,-8.45700073242188,"Unknown"
"7014853",371857,2025-08-20 14:38:46,43.3559188842773,-8.4570140838623,"Unknown"
"7014853",371857,2025-08-20 14:43:46,43.3559722900391,-8.45707130432129,"Unknown"
"7014853",371857,2025-08-20 14:48:53,43.3563117980957,-8.45725536346436,"Unknown"
"7014853",371857,2025-08-20 14:53:46,43.3564071655273,-8.45712947845459,"Unknown"
"7014853",371857,2025-08-20 14:58:51,43.3563537597656,-8.45739841461182,"Unknown"
"7014853",371857,2025-08-20 15:03:50,43.3558464050293,-8.4573335647583,"Unknown"
"7014853",371857,2025-08-20 15:08:52,43.3559951782227,-8.45669746398926,"Unknown"
"7014853",371857,2025-08-20 15:13:49,43.3560523986816,-8.45712661743164,"Unknown"
"7014853",371857,2025-08-20 15:18:50,43.356014251709,-8.45712661743164,"Unknown"
"7014853",371857,2025-08-20 15:23:48,43.3568305969238,-8.45672607421875,"Unknown"
"7014853",371857,2025-08-20 15:28:45,43.3560752868652,-8.45758247375488,"Unknown"
"7014853",371857,2025-08-20 15:33:47,43.3564109802246,-8.45749187469482,"Unknown"
"7014853",371857,2025-08-20 15:38:47,43.3563575744629,-8.45769500732422,"Unknown"
"7014853",371857,2025-08-20 15:43:46,43.3725700378418,-8.45008754730225,"Unknown"
"7014853",371857,2025-08-20 15:48:46,43.4007415771484,-8.42688846588135,"Unknown"
"7014853",371857,2025-08-20 15:53:45,43.4287910461426,-8.40520477294922,"Unknown"
"7014853",371857,2025-08-20 15:58:46,43.4169960021973,-8.35445594787598,"Unknown"
"7014853",371857,2025-08-20 16:03:45,43.3968849182129,-8.35000419616699,"Unknown"
"7014853",371857,2025-08-20 16:08:46,43.390552520752,-8.34533214569092,"Unknown"
"7014853",371857,2025-08-20 16:13:49,43.3902168273926,-8.34914684295654,"Unknown"
"7014853",371857,2025-08-20 16:18:45,43.3876647949219,-8.35085582733154,"Unknown"
"7014853",371857,2025-08-20 16:23:45,43.3660736083984,-8.37246322631836,"Unknown"
"7014853",371857,2025-08-20 16:28:45,43.3597106933594,-8.40042591094971,"Unknown"
"7014853",371857,2025-08-20 16:33:49,43.3616142272949,-8.4036808013916,"Unknown"
"7014853",371857,2025-08-20 16:38:45,43.3616638183594,-8.40349197387695,"Unknown"
"7014853",371857,2025-08-20 16:43:45,43.3616828918457,-8.40351104736328,"Unknown"
"7014853",371857,2025-08-20 16:48:45,43.3539886474609,-8.42182636260986,"Unknown"
"7014853",371857,2025-08-20 16:53:47,43.3522644042969,-8.42767906188965,"Unknown"
"7014853",371857,2025-08-20 16:58:46,43.3522186279297,-8.42772769927979,"Unknown"
"7014853",371857,2025-08-20 17:03:46,43.3523063659668,-8.4276123046875,"Unknown"
"7014853",371857,2025-08-20 17:08:46,43.3522644042969,-8.4276180267334,"Unknown"
"7014853",371857,2025-08-20 17:13:47,43.3525276184082,-8.42768287658691,"Unknown"
"7014853",371857,2025-08-20 17:18:47,43.3525009155273,-8.42810821533203,"Unknown"
"7014853",371857,2025-08-20 17:23:46,43.3526611328125,-8.42781162261963,"Unknown"
"7014853",371857,2025-08-20 17:28:46,43.3525810241699,-8.42777252197266,"Unknown"
"7014853",371857,2025-08-20 17:33:49,43.3526153564453,-8.42780303955078,"Unknown"
"7014853",371857,2025-08-20 17:38:47,43.3527183532715,-8.42793083190918,"Unknown"
"7014853",371857,2025-08-20 17:43:46,43.3521461486816,-8.42794132232666,"Unknown"
"7014853",371857,2025-08-20 17:48:47,43.352596282959,-8.42792224884033,"Unknown"
"7014853",371857,2025-08-20 17:53:46,43.3524131774902,-8.42782688140869,"Unknown"
"7014853",371857,2025-08-20 17:58:47,43.3524475097656,-8.42779541015625,"Unknown"
"7014853",371857,2025-08-20 18:03:47,43.3524131774902,-8.42781829833984,"Unknown"
"7014853",371857,2025-08-20 18:08:46,43.3524742126465,-8.42789173126221,"Unknown"
"7014853",371857,2025-08-20 18:13:47,43.352409362793,-8.42782878875732,"Unknown"
"7014853",371857,2025-08-20 18:18:46,43.3523826599121,-8.42771625518799,"Unknown"
"7014853",371857,2025-08-20 18:23:47,43.3524360656738,-8.42776966094971,"Unknown"
"7014853",371857,2025-08-20 18:28:47,43.3523406982422,-8.42761421203613,"Unknown"
"7014853",371857,2025-08-20 18:33:47,43.3622283935547,-8.4032039642334,"Unknown"
"7014853",371857,2025-08-20 18:38:47,43.3622932434082,-8.40334129333496,"Unknown"
"7014853",371857,2025-08-20 18:43:48,43.3624229431152,-8.40339279174805,"Unknown"
"7014853",371857,2025-08-20 18:48:48,43.3616485595703,-8.40355396270752,"Unknown"
"7014853",371857,2025-08-20 18:53:51,43.3621864318848,-8.40336513519287,"Unknown"
"7014853",371857,2025-08-20 18:58:47,43.3622512817383,-8.40331840515137,"Unknown"
"7014853",371857,2025-08-20 19:03:47,43.3621673583984,-8.4033317565918,"Unknown"
"7014853",371857,2025-08-20 19:08:47,43.3621520996094,-8.40335273742676,"Unknown"
"7014853",371857,2025-08-20 19:13:47,43.3619956970215,-8.40343284606934,"Unknown"
"7014853",371857,2025-08-20 19:18:47,43.3620567321777,-8.40365219116211,"Unknown"
"7014853",371857,2025-08-20 19:23:47,43.3620910644531,-8.40319919586182,"Unknown"
"7014853",371857,2025-08-20 19:28:47,43.3619956970215,-8.40341854095459,"Unknown"
"7014853",371857,2025-08-20 19:33:46,43.3617744445801,-8.40342330932617,"Unknown"
"7014853",371857,2025-08-20 19:38:47,43.3620376586914,-8.4039945602417,"Unknown"
"7014853",371857,2025-08-20 19:43:47,43.3612174987793,-8.40350437164307,"Unknown"
"7014853",371857,2025-08-20 19:48:47,43.3618049621582,-8.40335464477539,"Unknown"
"7014853",371857,2025-08-20 19:53:47,43.3616638183594,-8.40348339080811,"Unknown"
"7014853",371857,2025-08-20 19:58:47,43.3617477416992,-8.4036283493042,"Unknown"
"7014853",371857,2025-08-20 20:03:46,43.3617210388184,-8.40347290039062,"Unknown"
"7014853",371857,2025-08-20 20:09:02,43.3617668151855,-8.40346240997314,"Unknown"
"7014853",371857,2025-08-21 01:09:03,43.3614349365234,-8.40420055389404,"Unknown"
"7014853",371857,2025-08-21 05:50:09,43.3528327941895,-8.42508506774902,"Unknown"
"7014853",371857,2025-08-21 05:55:07,43.3534774780273,-8.42552757263184,"Unknown"
"7014853",371857,2025-08-21 06:00:06,43.3530921936035,-8.42518997192383,"Unknown"
"7014853",371857,2025-08-21 06:05:06,43.3533592224121,-8.42532920837402,"Unknown"
"7014853",371857,2025-08-21 06:10:07,43.353141784668,-8.42527294158936,"Unknown"
"7014853",371857,2025-08-21 06:15:07,43.3532180786133,-8.42537307739258,"Unknown"
"7014853",371857,2025-08-21 06:20:07,43.3532028198242,-8.42527866363525,"Unknown"
"7014853",371857,2025-08-21 06:25:06,43.3535118103027,-8.42355251312256,"Unknown"
"7014853",371857,2025-08-21 06:30:10,43.353401184082,-8.42493438720703,"Unknown"
"7014853",371857,2025-08-21 06:35:10,43.3535919189453,-8.42395114898682,"Unknown"
"7014853",371857,2025-08-21 06:40:04,43.3535690307617,-8.42489337921143,"Unknown"
"7014853",371857,2025-08-21 06:45:04,43.3525009155273,-8.42624282836914,"Unknown"
"7014853",371857,2025-08-21 06:50:06,43.350643157959,-8.43138217926025,"Unknown"
"7014853",371857,2025-08-21 06:55:04,43.3502464294434,-8.43180084228516,"Unknown"
"7014853",371857,2025-08-21 07:00:04,43.3502235412598,-8.43159580230713,"Unknown"
"7014853",371857,2025-08-21 07:05:04,43.3503189086914,-8.43149185180664,"Unknown"
"7014853",371857,2025-08-21 07:10:06,43.3505363464355,-8.43109226226807,"Unknown"
"7014853",371857,2025-08-21 07:15:06,43.3506240844727,-8.43123912811279,"Unknown"
"7014853",371857,2025-08-21 07:20:09,43.3506965637207,-8.43145847320557,"Unknown"
"7014853",371857,2025-08-21 07:25:07,43.3491592407227,-8.43255519866943,"Unknown"
"7014853",371857,2025-08-21 07:30:06,43.3501205444336,-8.43279838562012,"Unknown"
"7014853",371857,2025-08-21 07:35:07,43.3501434326172,-8.43265438079834,"Unknown"
"7014853",371857,2025-08-21 07:40:05,43.3509941101074,-8.43252658843994,"Unknown"
"7014853",371857,2025-08-21 07:45:07,43.3505439758301,-8.43255519866943,"Unknown"
"7014853",371857,2025-08-21 07:50:07,43.3502426147461,-8.43251323699951,"Unknown"
"7014853",371857,2025-08-21 07:55:05,43.3504486083984,-8.43226432800293,"Unknown"
"7014853",371857,2025-08-21 08:00:06,43.3501625061035,-8.43200397491455,"Unknown"
"7014853",371857,2025-08-21 08:05:06,43.3502807617188,-8.432541847229,"Unknown"
"7014853",371857,2025-08-21 08:10:07,43.350471496582,-8.43254661560059,"Unknown"
"7014853",371857,2025-08-21 08:15:09,43.3503074645996,-8.43257904052734,"Unknown"
"7014853",371857,2025-08-21 08:22:14,43.3500137329102,-8.43274974822998,"Unknown"
"7014853",371857,2025-08-21 08:25:12,43.3498649597168,-8.43262004852295,"Unknown"
"7014853",371857,2025-08-21 08:30:04,43.3513031005859,-8.45294189453125,"Unknown"
"7014853",371857,2025-08-21 08:35:04,43.354549407959,-8.4577751159668,"Unknown"
"7014853",371857,2025-08-21 08:40:04,43.3543548583984,-8.45802879333496,"Unknown"
"7014853",371857,2025-08-21 08:45:15,43.3545684814453,-8.45807552337646,"Unknown"
"7014853",371857,2025-08-21 08:50:06,43.3556213378906,-8.45726013183594,"Unknown"
"7014853",371857,2025-08-21 08:55:10,43.356372833252,-8.45676898956299,"Unknown"
"7014853",371857,2025-08-21 09:00:24,43.3646812438965,-8.4701042175293,"Unknown"
"7014853",371857,2025-08-21 09:06:27,43.3709754943848,-8.47168636322021,"Unknown"
"7014853",371857,2025-08-21 09:10:59,43.3718490600586,-8.47168159484863,"Unknown"
"7014853",371857,2025-08-21 09:15:07,43.3720283508301,-8.47206211090088,"Unknown"
"7014853",371857,2025-08-21 09:20:06,43.3725662231445,-8.47188663482666,"Unknown"
"7014853",371857,2025-08-21 09:25:12,43.3725318908691,-8.47254085540771,"Unknown"
"7014853",371857,2025-08-21 09:30:12,43.3738975524902,-8.47486686706543,"Unknown"
"7014853",371857,2025-08-21 09:35:12,43.3738059997559,-8.47469997406006,"Unknown"
"7014853",371857,2025-08-21 09:40:13,43.3736686706543,-8.47439575195312,"Unknown"
"7014853",371857,2025-08-21 09:45:11,43.3724632263184,-8.4755973815918,"Unknown"
"7014853",371857,2025-08-21 09:50:10,43.3732452392578,-8.47647476196289,"Unknown"
"7014853",371857,2025-08-21 09:55:13,43.3726997375488,-8.47555732727051,"Unknown"
"7014853",371857,2025-08-21 10:00:21,43.3727188110352,-8.47529602050781,"Unknown"
"7014853",371857,2025-08-21 10:05:12,43.3723793029785,-8.47496128082275,"Unknown"
"7014853",371857,2025-08-21 10:10:19,43.3723945617676,-8.47474956512451,"Unknown"
"7014853",371857,2025-08-21 10:15:12,43.3522796630859,-8.47783946990967,"Unknown"
"7014853",371857,2025-08-21 10:20:12,43.3523979187012,-8.47785091400146,"Unknown"
"7014853",371857,2025-08-21 10:26:05,43.3523025512695,-8.47767353057861,"Unknown"
"7014853",371857,2025-08-21 10:30:09,43.3522605895996,-8.47768115997314,"Unknown"
"7014853",371857,2025-08-21 10:35:04,43.3522338867188,-8.47774887084961,"Unknown"
"7014853",371857,2025-08-21 10:40:08,43.3523559570312,-8.47764587402344,"Unknown"
"7014853",371857,2025-08-21 10:45:04,43.3533363342285,-8.47656440734863,"Unknown"
"7014853",371857,2025-08-21 10:50:04,43.3555107116699,-8.45690250396729,"Unknown"
"7014853",371857,2025-08-21 10:55:03,43.3554420471191,-8.45704746246338,"Unknown"
"7014853",371857,2025-08-21 11:00:04,43.3554763793945,-8.45690822601318,"Unknown"
"7014853",371857,2025-08-21 11:05:06,43.3554573059082,-8.4569845199585,"Unknown"
"7014853",371857,2025-08-21 11:10:06,43.3559646606445,-8.45751953125,"Unknown"
"7014853",371857,2025-08-21 11:15:10,43.3562660217285,-8.45710563659668,"Unknown"
"7014853",371857,2025-08-21 11:20:10,43.3563499450684,-8.45722484588623,"Unknown"
"7014853",371857,2025-08-21 11:25:09,43.3563499450684,-8.45723056793213,"Unknown"
"7014853",371857,2025-08-21 11:30:07,43.356071472168,-8.45720672607422,"Unknown"
"7014853",371857,2025-08-21 11:35:14,43.3565788269043,-8.45726585388184,"Unknown"
"7014853",371857,2025-08-21 11:40:44,43.3565406799316,-8.45703601837158,"Unknown"
"7014853",371857,2025-08-21 11:45:09,43.3566360473633,-8.45704650878906,"Unknown"
"7014853",371857,2025-08-21 11:50:07,43.3561477661133,-8.45716381072998,"Unknown"
"7014853",371857,2025-08-21 11:55:06,43.3567581176758,-8.45711135864258,"Unknown"
"7014853",371857,2025-08-21 12:00:04,43.3565788269043,-8.45704936981201,"Unknown"
"7014853",371857,2025-08-21 12:05:04,43.3566055297852,-8.45706844329834,"Unknown"
"7014853",371857,2025-08-21 12:10:04,43.356517791748,-8.45706653594971,"Unknown"
"7014853",371857,2025-08-21 12:15:45,43.3569259643555,-8.4574670791626,"Unknown"
"7014853",371857,2025-08-21 12:20:20,43.3564414978027,-8.45709419250488,"Unknown"
"7014853",371857,2025-08-21 12:26:27,43.3563537597656,-8.45693016052246,"Unknown"
"7014853",371857,2025-08-21 12:30:34,43.3565673828125,-8.45712757110596,"Unknown"
"7014853",371857,2025-08-21 12:35:03,43.3567008972168,-8.45679378509521,"Unknown"
"7014853",371857,2025-08-21 12:40:10,43.3564300537109,-8.45714569091797,"Unknown"
"7014853",371857,2025-08-21 12:45:06,43.3565444946289,-8.4570894241333,"Unknown"
"7014853",371857,2025-08-21 12:50:10,43.3565635681152,-8.45756053924561,"Unknown"
"7014853",371857,2025-08-21 12:55:37,43.3564910888672,-8.45693588256836,"Unknown"
"7014853",371857,2025-08-21 13:00:07,43.3565711975098,-8.45705890655518,"Unknown"
"7014853",371857,2025-08-21 13:05:24,43.3565483093262,-8.45715618133545,"Unknown"
"7014853",371857,2025-08-21 13:10:09,43.3564224243164,-8.45703315734863,"Unknown"
"7014853",371857,2025-08-21 13:15:09,43.3565101623535,-8.45703125,"Unknown"
"7014853",371857,2025-08-21 13:20:07,43.3563385009766,-8.45672416687012,"Unknown"
"7014853",371857,2025-08-21 13:25:35,43.3564033508301,-8.45695495605469,"Unknown"
"7014853",371857,2025-08-21 13:30:04,43.3563575744629,-8.45696640014648,"Unknown"
"7014853",371857,2025-08-21 13:35:06,43.3564720153809,-8.45711135864258,"Unknown"
"7014853",371857,2025-08-21 13:40:04,43.3563232421875,-8.45706272125244,"Unknown"
"7014853",371857,2025-08-21 13:45:06,43.3564376831055,-8.45709800720215,"Unknown"
"7014853",371857,2025-08-21 13:50:04,43.3563461303711,-8.45705699920654,"Unknown"
"7014853",371857,2025-08-21 13:55:07,43.3563652038574,-8.45707988739014,"Unknown"
"7014853",371857,2025-08-21 14:00:04,43.357608795166,-8.45778369903564,"Unknown"
"7014853",371857,2025-08-21 14:05:04,43.3564643859863,-8.45698738098145,"Unknown"
"7014853",371857,2025-08-21 14:10:07,43.3564071655273,-8.45718383789062,"Unknown"
"7014853",371857,2025-08-21 14:15:08,43.3564147949219,-8.45724678039551,"Unknown"
"7014853",371857,2025-08-21 14:20:14,43.3399848937988,-8.45456600189209,"Unknown"
"7014853",371857,2025-08-21 14:25:08,43.3398818969727,-8.45435237884521,"Unknown"
"7014853",371857,2025-08-21 14:30:08,43.3445243835449,-8.4521369934082,"Unknown"
"7014853",371857,2025-08-21 14:35:09,43.3525695800781,-8.42757034301758,"Unknown"
"7014853",371857,2025-08-21 14:40:07,43.3525695800781,-8.42761707305908,"Unknown"
"7014853",371857,2025-08-21 14:45:06,43.3525276184082,-8.42751789093018,"Unknown"
"7014853",371857,2025-08-21 14:50:07,43.3525466918945,-8.42758464813232,"Unknown"
"7014853",371857,2025-08-21 14:55:25,43.3490982055664,-8.4353141784668,"Unknown"
"7014853",371857,2025-08-21 15:00:15,43.3521690368652,-8.45485877990723,"Unknown"
"7014853",371857,2025-08-21 15:05:10,43.3558731079102,-8.45669269561768,"Unknown"
"7014853",371857,2025-08-21 15:10:07,43.3559036254883,-8.45657825469971,"Unknown"
"7014853",371857,2025-08-21 15:15:08,43.3559265136719,-8.45668029785156,"Unknown"
"7014853",371857,2025-08-21 15:20:07,43.3559341430664,-8.45641613006592,"Unknown"
"7014853",371857,2025-08-21 15:25:06,43.3559799194336,-8.45662498474121,"Unknown"
"7014853",371857,2025-08-21 15:30:12,43.3559684753418,-8.45709896087646,"Unknown"
"7014853",371857,2025-08-21 15:35:05,43.3557014465332,-8.4567699432373,"Unknown"
"7014853",371857,2025-08-21 15:40:07,43.3558349609375,-8.456955909729,"Unknown"
"7014853",371857,2025-08-21 15:45:14,43.3559532165527,-8.45695495605469,"Unknown"
"7014853",371857,2025-08-21 15:50:07,43.3564605712891,-8.45702457427979,"Unknown"
"7014853",371857,2025-08-21 15:55:09,43.3563919067383,-8.4570255279541,"Unknown"
"7014853",371857,2025-08-21 16:00:34,43.3558616638184,-8.45700168609619,"Unknown"
"7014853",371857,2025-08-21 16:05:04,43.3559112548828,-8.45690536499023,"Unknown"
"7014853",371857,2025-08-21 16:10:06,43.3558769226074,-8.45686912536621,"Unknown"
"7014853",371857,2025-08-21 16:15:04,43.355827331543,-8.45692825317383,"Unknown"
"7014853",371857,2025-08-21 16:20:06,43.3558387756348,-8.45689010620117,"Unknown"
"7014853",371857,2025-08-21 16:25:04,43.3559341430664,-8.45693397521973,"Unknown"
"7014853",371857,2025-08-21 16:30:05,43.3560791015625,-8.45709991455078,"Unknown"
"7014853",371857,2025-08-21 16:35:10,43.3561210632324,-8.4570426940918,"Unknown"
"7014853",371857,2025-08-21 16:40:12,43.3561592102051,-8.45715618133545,"Unknown"
"7014853",371857,2025-08-21 16:45:04,43.3561172485352,-8.45704364776611,"Unknown"
"7014853",371857,2025-08-21 16:50:08,43.3559074401855,-8.456955909729,"Unknown"
"7014853",371857,2025-08-21 16:55:04,43.3563690185547,-8.45697402954102,"Unknown"
"7014853",371857,2025-08-21 17:00:07,43.3565788269043,-8.45717239379883,"Unknown"
"7014853",371857,2025-08-21 17:05:06,43.3549728393555,-8.45774173736572,"Unknown"
"7014853",371857,2025-08-21 17:10:07,43.3548316955566,-8.45791053771973,"Unknown"
"7014853",371857,2025-08-21 17:15:12,43.3547439575195,-8.45787143707275,"Unknown"
"7014853",371857,2025-08-21 17:20:05,43.3548011779785,-8.457932472229,"Unknown"
"7014853",371857,2025-08-21 17:25:07,43.3556365966797,-8.45770359039307,"Unknown"
"7014853",371857,2025-08-21 17:30:21,43.3548393249512,-8.4583044052124,"Unknown"
"7014853",371857,2025-08-21 17:35:59,43.3549919128418,-8.45826244354248,"Unknown"
"7014853",371857,2025-08-21 17:40:09,43.3549728393555,-8.45833683013916,"Unknown"
"7014853",371857,2025-08-21 17:45:35,43.3549156188965,-8.4582633972168,"Unknown"
"7014853",371857,2025-08-21 17:50:09,43.3548278808594,-8.45828342437744,"Unknown"
"7014853",371857,2025-08-21 17:55:06,43.3552093505859,-8.45765018463135,"Unknown"
"7014853",371857,2025-08-21 18:00:09,43.3551712036133,-8.45787811279297,"Unknown"
"7014853",371857,2025-08-21 18:05:07,43.3551177978516,-8.45793724060059,"Unknown"
"7014853",371857,2025-08-21 18:10:11,43.3550567626953,-8.4583911895752,"Unknown"
"7014853",371857,2025-08-21 18:15:09,43.3402938842773,-8.45380020141602,"Unknown"
"7014853",371857,2025-08-21 18:20:06,43.3432769775391,-8.4424991607666,"Unknown"
"7014853",371857,2025-08-21 18:25:05,43.352222442627,-8.42759990692139,"Unknown"
"7014853",371857,2025-08-21 18:30:06,43.3522605895996,-8.42762470245361,"Unknown"
"7014853",371857,2025-08-21 18:35:05,43.3523025512695,-8.42767333984375,"Unknown"
"7014853",371857,2025-08-21 18:40:06,43.3522987365723,-8.42763614654541,"Unknown"
"7014853",371857,2025-08-21 18:45:06,43.3522720336914,-8.42760372161865,"Unknown"
"7014853",371857,2025-08-21 18:50:09,43.3523178100586,-8.42758941650391,"Unknown"
"7014853",371857,2025-08-21 18:55:09,43.353157043457,-8.42582225799561,"Unknown"
"7014853",371857,2025-08-21 19:00:09,43.3526496887207,-8.41767692565918,"Unknown"
"7014853",371857,2025-08-21 19:05:07,43.3527450561523,-8.41778564453125,"Unknown"
"7014853",371857,2025-08-21 19:10:10,43.3530349731445,-8.41742038726807,"Unknown"
"7014853",371857,2025-08-21 19:15:06,43.3529090881348,-8.41734600067139,"Unknown"
"7014853",371857,2025-08-21 19:20:04,43.3528099060059,-8.41724872589111,"Unknown"
"7014853",371857,2025-08-21 19:25:06,43.3530387878418,-8.41725921630859,"Unknown"
"7014853",371857,2025-08-21 19:30:04,43.3528251647949,-8.41713809967041,"Unknown"
"7014853",371857,2025-08-21 19:35:04,43.3527793884277,-8.41715431213379,"Unknown"
"7014853",371857,2025-08-21 19:40:06,43.3528022766113,-8.41708660125732,"Unknown"
"7014853",371857,2025-08-21 19:45:13,43.3529586791992,-8.41720199584961,"Unknown"
"7014853",371857,2025-08-21 19:50:08,43.3616638183594,-8.40275001525879,"Unknown"
"7014853",371857,2025-08-21 19:55:06,43.3621253967285,-8.4038143157959,"Unknown"
"7014853",371857,2025-08-21 20:00:10,43.3620338439941,-8.4038028717041,"Unknown"
"7014853",371857,2025-08-21 20:05:12,43.362133026123,-8.4038667678833,"Unknown"
"7014853",371857,2025-08-21 20:07:15,43.3620719909668,-8.40375804901123,"Unknown"
"7014853",371857,2025-08-22 01:07:35,43.3622283935547,-8.40388298034668,"Unknown"
"7014853",371857,2025-08-22 05:51:09,43.3585166931152,-8.40047836303711,"Unknown"
"7014853",371857,2025-08-22 05:56:16,43.3587265014648,-8.39990520477295,"Unknown"
"7014853",371857,2025-08-22 06:01:08,43.3588333129883,-8.40175533294678,"Unknown"
"7014853",371857,2025-08-22 06:06:08,43.3600196838379,-8.40304279327393,"Unknown"
"7014853",371857,2025-08-22 06:11:08,43.358829498291,-8.4015588760376,"Unknown"
"7014853",371857,2025-08-22 06:16:12,43.3587303161621,-8.40209102630615,"Unknown"
"7014853",371857,2025-08-22 06:21:44,43.3606452941895,-8.40247344970703,"Unknown"
"7014853",371857,2025-08-22 06:26:08,43.3602104187012,-8.403000831604,"Unknown"
"7014853",371857,2025-08-22 06:31:09,43.3614768981934,-8.40407276153564,"Unknown"
"7014853",371857,2025-08-22 06:36:07,43.3614730834961,-8.40384674072266,"Unknown"
"7014853",371857,2025-08-22 06:41:09,43.3613929748535,-8.40403842926025,"Unknown"
"7014853",371857,2025-08-22 06:46:13,43.3627738952637,-8.40482521057129,"Unknown"
"7014853",371857,2025-08-22 06:51:10,43.3631401062012,-8.40402221679688,"Unknown"
"7014853",371857,2025-08-22 06:56:11,43.3622741699219,-8.4056453704834,"Unknown"
"7014853",371857,2025-08-22 07:01:13,43.3626403808594,-8.40419673919678,"Unknown"
"7014853",371857,2025-08-22 07:06:10,43.3626937866211,-8.40489482879639,"Unknown"
"7014853",371857,2025-08-22 07:11:09,43.3628311157227,-8.40532779693604,"Unknown"
"7014853",371857,2025-08-22 07:16:10,43.362548828125,-8.40506458282471,"Unknown"
"7014853",371857,2025-08-22 07:21:15,43.3631134033203,-8.40438556671143,"Unknown"
"7014853",371857,2025-08-22 07:26:08,43.3661651611328,-8.40048599243164,"Unknown"
"7014853",371857,2025-08-22 07:31:09,43.3658905029297,-8.40088558197021,"Unknown"
"7014853",371857,2025-08-22 07:36:07,43.3654747009277,-8.40199279785156,"Unknown"
"7014853",371857,2025-08-22 07:41:07,43.3656349182129,-8.4022045135498,"Unknown"
"7014853",371857,2025-08-22 07:46:10,43.3654632568359,-8.40213298797607,"Unknown"
"7014853",371857,2025-08-22 07:51:08,43.3642692565918,-8.40106010437012,"Unknown"
"7014853",371857,2025-08-22 07:56:07,43.364631652832,-8.4009313583374,"Unknown"
"7014853",371857,2025-08-22 08:01:10,43.3650245666504,-8.40069675445557,"Unknown"
"7014853",371857,2025-08-22 08:06:08,43.3646697998047,-8.40071868896484,"Unknown"
"7014853",371857,2025-08-22 08:11:35,43.3648872375488,-8.40065479278564,"Unknown"
"7014853",371857,2025-08-22 08:16:07,43.3648834228516,-8.40057754516602,"Unknown"
"7014853",371857,2025-08-22 08:21:07,43.3645515441895,-8.40133476257324,"Unknown"
"7014853",371857,2025-08-22 08:26:10,43.3647346496582,-8.40149593353271,"Unknown"
"7014853",371857,2025-08-22 08:31:11,43.364315032959,-8.40113544464111,"Unknown"
"7014853",371857,2025-08-22 08:36:07,43.3642959594727,-8.40120887756348,"Unknown"
"7014853",371857,2025-08-22 08:41:07,43.3647003173828,-8.40123081207275,"Unknown"
"7014853",371857,2025-08-22 08:46:07,43.3647308349609,-8.40123176574707,"Unknown"
"7014853",371857,2025-08-22 08:51:07,43.364673614502,-8.40125465393066,"Unknown"
"7014853",371857,2025-08-22 08:56:07,43.3646850585938,-8.40125370025635,"Unknown"
"7014853",371857,2025-08-22 09:01:07,43.3644561767578,-8.40122985839844,"Unknown"
"7014853",371857,2025-08-22 09:06:08,43.364070892334,-8.40127372741699,"Unknown"
"7014853",371857,2025-08-22 09:11:07,43.3641700744629,-8.40124607086182,"Unknown"
"7014853",371857,2025-08-22 09:16:08,43.3642539978027,-8.4013090133667,"Unknown"
"7014853",371857,2025-08-22 09:21:07,43.364143371582,-8.40128421783447,"Unknown"
"7014853",371857,2025-08-22 09:26:07,43.3641929626465,-8.40135192871094,"Unknown"
"7014853",371857,2025-08-22 09:31:07,43.3558807373047,-8.41241550445557,"Unknown"
"7014853",371857,2025-08-22 09:36:08,43.3501358032227,-8.42804622650146,"Unknown"
"7014853",371857,2025-08-22 09:41:09,43.3501434326172,-8.42804908752441,"Unknown"
"7014853",371857,2025-08-22 09:46:09,43.3501014709473,-8.42811298370361,"Unknown"
"7014853",371857,2025-08-22 09:51:09,43.3501129150391,-8.42794895172119,"Unknown"
"7014853",371857,2025-08-22 09:56:09,43.3501396179199,-8.42788696289062,"Unknown"
"7014853",371857,2025-08-22 10:01:08,43.3500061035156,-8.42810726165771,"Unknown"
"7014853",371857,2025-08-22 10:06:09,43.3499031066895,-8.42809104919434,"Unknown"
"7014853",371857,2025-08-22 10:11:08,43.3500595092773,-8.42811012268066,"Unknown"
"7014853",371857,2025-08-22 10:16:09,43.3500442504883,-8.42805099487305,"Unknown"
"7014853",371857,2025-08-22 10:21:16,43.3501853942871,-8.43262004852295,"Unknown"
"7014853",371857,2025-08-22 10:26:08,43.3501663208008,-8.43299770355225,"Unknown"
"7014853",371857,2025-08-22 10:31:08,43.3501091003418,-8.43287563323975,"Unknown"
"7014853",371857,2025-08-22 10:36:08,43.3501052856445,-8.43294048309326,"Unknown"
"7014853",371857,2025-08-22 10:41:08,43.3502578735352,-8.43290424346924,"Unknown"
"7014853",371857,2025-08-22 10:46:08,43.3502426147461,-8.43302154541016,"Unknown"
"7014853",371857,2025-08-22 10:51:08,43.3504180908203,-8.43260765075684,"Unknown"
"7014853",371857,2025-08-22 10:56:08,43.350414276123,-8.43293380737305,"Unknown"
"7014853",371857,2025-08-22 11:01:08,43.3503799438477,-8.43285465240479,"Unknown"
"7014853",371857,2025-08-22 11:06:08,43.3538627624512,-8.42430591583252,"Unknown"
"7014853",371857,2025-08-22 11:11:08,43.3535461425781,-8.4251127243042,"Unknown"
"7014853",371857,2025-08-22 11:16:08,43.3536415100098,-8.42498779296875,"Unknown"
"7014853",371857,2025-08-22 11:21:09,43.3537178039551,-8.42469787597656,"Unknown"
"7014853",371857,2025-08-22 11:26:08,43.3536071777344,-8.42489528656006,"Unknown"
"7014853",371857,2025-08-22 11:31:08,43.3537902832031,-8.42465972900391,"Unknown"
"7014853",371857,2025-08-22 11:36:08,43.3537673950195,-8.42465496063232,"Unknown"
"7014853",371857,2025-08-22 11:41:08,43.3535652160645,-8.4249849319458,"Unknown"
"7014853",371857,2025-08-22 11:46:08,43.3536567687988,-8.42500114440918,"Unknown"
"7014853",371857,2025-08-22 11:51:08,43.3533973693848,-8.42496109008789,"Unknown"
"7014853",371857,2025-08-22 11:56:08,43.353385925293,-8.4247875213623,"Unknown"
"7014853",371857,2025-08-22 12:01:12,43.3537178039551,-8.42493724822998,"Unknown"
"7014853",371857,2025-08-22 12:06:08,43.3534622192383,-8.42466354370117,"Unknown"
"7014853",371857,2025-08-22 12:11:09,43.3535804748535,-8.42452239990234,"Unknown"
"7014853",371857,2025-08-22 12:16:08,43.3535957336426,-8.42461013793945,"Unknown"
"7014853",371857,2025-08-22 12:21:13,43.3502044677734,-8.4281759262085,"Unknown"
"7014853",371857,2025-08-22 12:26:10,43.3534851074219,-8.42486095428467,"Unknown"
"7014853",371857,2025-08-22 12:31:10,43.3537139892578,-8.42452049255371,"Unknown"
"7014853",371857,2025-08-22 12:36:09,43.3546943664551,-8.42397403717041,"Unknown"
"7014853",371857,2025-08-22 12:41:08,43.3537216186523,-8.42436408996582,"Unknown"
"7014853",371857,2025-08-22 12:46:11,43.353630065918,-8.42427539825439,"Unknown"
"7014853",371857,2025-08-22 12:51:10,43.3534812927246,-8.42453670501709,"Unknown"
"7014853",371857,2025-08-22 12:56:10,43.3534126281738,-8.42466926574707,"Unknown"
"7014853",371857,2025-08-22 13:01:08,43.3534278869629,-8.42466449737549,"Unknown"
"7014853",371857,2025-08-22 13:06:10,43.3536186218262,-8.4245662689209,"Unknown"
"7014853",371857,2025-08-22 13:11:09,43.3534355163574,-8.42473125457764,"Unknown"
"7014853",371857,2025-08-22 13:16:08,43.3536186218262,-8.42466449737549,"Unknown"
"7014853",371857,2025-08-22 13:21:08,43.3533515930176,-8.42464256286621,"Unknown"
"7014853",371857,2025-08-22 13:26:09,43.3536834716797,-8.42459583282471,"Unknown"
"7014853",371857,2025-08-22 13:31:09,43.3536758422852,-8.42466163635254,"Unknown"
"7014853",371857,2025-08-22 13:36:08,43.3484840393066,-8.42761611938477,"Unknown"
"7014853",371857,2025-08-22 13:41:09,43.3503646850586,-8.42450141906738,"Unknown"
"7014853",371857,2025-08-22 13:46:09,43.3503494262695,-8.42458343505859,"Unknown"
"7014853",371857,2025-08-22 13:51:09,43.3502922058105,-8.42457962036133,"Unknown"
"7014853",371857,2025-08-22 13:56:11,43.3503608703613,-8.42442893981934,"Unknown"
"7014853",371857,2025-08-22 14:01:09,43.3503837585449,-8.42432880401611,"Unknown"
"7014853",371857,2025-08-22 14:06:09,43.3506088256836,-8.42470550537109,"Unknown"
"7014853",371857,2025-08-22 14:11:09,43.3506317138672,-8.42477989196777,"Unknown"
"7014853",371857,2025-08-22 14:16:09,43.3506202697754,-8.42478561401367,"Unknown"
"7014853",371857,2025-08-22 14:21:09,43.3506278991699,-8.42475032806396,"Unknown"
"7014853",371857,2025-08-22 14:26:09,43.3506393432617,-8.4247407913208,"Unknown"
"7014853",371857,2025-08-22 14:31:09,43.3506240844727,-8.42487907409668,"Unknown"
"7014853",371857,2025-08-22 14:36:09,43.350643157959,-8.4246654510498,"Unknown"
"7014853",371857,2025-08-22 14:41:09,43.3506202697754,-8.42473220825195,"Unknown"
"7014853",371857,2025-08-22 14:46:09,43.3506698608398,-8.42471313476562,"Unknown"
"7014853",371857,2025-08-22 14:51:09,43.3506278991699,-8.42469501495361,"Unknown"
"7014853",371857,2025-08-22 14:56:09,43.3505973815918,-8.42464542388916,"Unknown"
"7014853",371857,2025-08-22 15:01:09,43.3529319763184,-8.42758560180664,"Unknown"
"7014853",371857,2025-08-22 15:06:09,43.3525390625,-8.42771148681641,"Unknown"
"7014853",371857,2025-08-22 15:11:10,43.3528175354004,-8.42755794525146,"Unknown"
"7014853",371857,2025-08-22 15:16:09,43.3526916503906,-8.4276008605957,"Unknown"
"7014853",371857,2025-08-22 15:21:10,43.3526458740234,-8.42746067047119,"Unknown"
"7014853",371857,2025-08-22 15:26:09,43.3527412414551,-8.42743587493896,"Unknown"
"7014853",371857,2025-08-22 15:31:24,43.3527870178223,-8.42662620544434,"Unknown"
"7014853",371857,2025-08-22 15:36:41,43.3526573181152,-8.42727184295654,"Unknown"
"7014853",371857,2025-08-22 15:41:09,43.3525581359863,-8.42754554748535,"Unknown"
"7014853",371857,2025-08-22 15:46:10,43.3497734069824,-8.43582344055176,"Unknown"
"7014853",371857,2025-08-22 15:51:09,43.3404006958008,-8.45371532440186,"Unknown"
"7014853",371857,2025-08-22 15:56:09,43.3404998779297,-8.45351123809814,"Unknown"
"7014853",371857,2025-08-22 16:01:09,43.3425941467285,-8.44743061065674,"Unknown"
"7014853",371857,2025-08-22 16:06:12,43.3462600708008,-8.44061660766602,"Unknown"
"7014853",371857,2025-08-22 16:11:09,43.3461685180664,-8.44077301025391,"Unknown"
"7014853",371857,2025-08-22 16:16:09,43.3461952209473,-8.44081401824951,"Unknown"
"7014853",371857,2025-08-22 16:21:09,43.3462333679199,-8.44071388244629,"Unknown"
"7014853",371857,2025-08-22 16:26:09,43.3462867736816,-8.44071483612061,"Unknown"
"7014853",371857,2025-08-22 16:31:09,43.3496742248535,-8.43282794952393,"Unknown"
"7014853",371857,2025-08-22 16:36:09,43.3522338867188,-8.42754077911377,"Unknown"
"7014853",371857,2025-08-22 16:41:10,43.3520851135254,-8.42753982543945,"Unknown"
"7014853",371857,2025-08-22 16:46:09,43.352165222168,-8.42761421203613,"Unknown"
"7014853",371857,2025-08-22 16:51:10,43.3521995544434,-8.42748546600342,"Unknown"
"7014853",371857,2025-08-22 16:56:10,43.3521499633789,-8.42764472961426,"Unknown"
"7014853",371857,2025-08-22 17:01:09,43.3493843078613,-8.44573974609375,"Unknown"
"7014853",371857,2025-08-22 17:06:10,43.3551025390625,-8.45791149139404,"Unknown"
"7014853",371857,2025-08-22 17:11:09,43.3548393249512,-8.4579906463623,"Unknown"
"7014853",371857,2025-08-22 17:16:09,43.3549613952637,-8.45783710479736,"Unknown"
"7014853",371857,2025-08-22 17:21:10,43.3561935424805,-8.45703315734863,"Unknown"
"7014853",371857,2025-08-22 17:26:12,43.3561210632324,-8.4570369720459,"Unknown"
"7014853",371857,2025-08-22 17:31:11,43.356273651123,-8.45712375640869,"Unknown"
"7014853",371857,2025-08-22 17:36:09,43.3552894592285,-8.45815658569336,"Unknown"
"7014853",371857,2025-08-22 17:41:11,43.3551788330078,-8.45832252502441,"Unknown"
"7014853",371857,2025-08-22 17:46:10,43.3558006286621,-8.45783233642578,"Unknown"
"7014853",371857,2025-08-22 17:51:10,43.3566741943359,-8.45734691619873,"Unknown"
"7014853",371857,2025-08-22 17:56:10,43.3566818237305,-8.45724201202393,"Unknown"
"7014853",371857,2025-08-22 18:01:09,43.3565635681152,-8.45718574523926,"Unknown"
"7014853",371857,2025-08-22 18:06:12,43.3564491271973,-8.45799732208252,"Unknown"
"7014853",371857,2025-08-22 18:11:13,43.3565254211426,-8.45778751373291,"Unknown"
"7014853",371857,2025-08-22 18:16:09,43.3564567565918,-8.45784950256348,"Unknown"
"7014853",371857,2025-08-22 18:21:18,43.3567428588867,-8.45706462860107,"Unknown"
"7014853",371857,2025-08-22 18:26:11,43.3552742004395,-8.45762157440186,"Unknown"
"7014853",371857,2025-08-22 18:31:10,43.3553123474121,-8.45763206481934,"Unknown"
"7014853",371857,2025-08-22 18:36:12,43.3551902770996,-8.45770359039307,"Unknown"
"7014853",371857,2025-08-22 18:41:09,43.3550796508789,-8.45777606964111,"Unknown"
"7014853",371857,2025-08-22 18:46:09,43.3551254272461,-8.45771598815918,"Unknown"
"7014853",371857,2025-08-22 18:51:12,43.355339050293,-8.4576473236084,"Unknown"
"7014853",371857,2025-08-22 18:56:10,43.3552856445312,-8.45769023895264,"Unknown"
"7014853",371857,2025-08-22 19:01:18,43.3552513122559,-8.45759963989258,"Unknown"
"7014853",371857,2025-08-22 19:06:21,43.3548736572266,-8.45740413665771,"Unknown"
"7014853",371857,2025-08-22 19:11:20,43.3549156188965,-8.45732402801514,"Unknown"
"7014853",371857,2025-08-22 19:16:12,43.3542823791504,-8.45708656311035,"Unknown"
"7014853",371857,2025-08-22 19:21:11,43.3561592102051,-8.45742893218994,"Unknown"
"7014853",371857,2025-08-22 19:26:10,43.3404769897461,-8.45320320129395,"Unknown"
"7014853",371857,2025-08-22 19:31:10,43.3466453552246,-8.445556640625,"Unknown"
"7014853",371857,2025-08-22 19:36:12,43.3534049987793,-8.41767978668213,"Unknown"
"7014853",371857,2025-08-22 19:41:12,43.3532104492188,-8.41758346557617,"Unknown"
"7014853",371857,2025-08-22 19:46:12,43.3529586791992,-8.41735458374023,"Unknown"
"7014853",371857,2025-08-22 19:51:13,43.3528175354004,-8.41722679138184,"Unknown"
"7014853",371857,2025-08-22 19:56:12,43.3527908325195,-8.41725921630859,"Unknown"
"7014853",371857,2025-08-22 20:01:18,43.3528594970703,-8.41722393035889,"Unknown"
"7014853",371857,2025-08-22 20:05:36,43.3528785705566,-8.41717052459717,"Unknown"
"7014853",371857,2025-08-23 01:05:31,43.3623580932617,-8.40409851074219,"Unknown"
"7014853",371857,2025-08-23 05:52:19,43.3624000549316,-8.40436458587646,"Unknown"
"7014853",371857,2025-08-23 05:57:19,43.3626365661621,-8.40436553955078,"Unknown"
"7014853",371857,2025-08-23 06:02:17,43.3621139526367,-8.40520191192627,"Unknown"
"7014853",371857,2025-08-23 06:07:17,43.3686561584473,-8.41600799560547,"Unknown"
"7014853",371857,2025-08-23 06:12:17,43.3840293884277,-8.44213485717773,"Unknown"
"7014853",371857,2025-08-23 06:17:21,43.384090423584,-8.44246673583984,"Unknown"
"7014853",371857,2025-08-23 06:22:24,43.3839797973633,-8.44304275512695,"Unknown"
"7014853",371857,2025-08-23 06:27:15,43.3848648071289,-8.45506191253662,"Unknown"
"7014853",371857,2025-08-23 06:32:17,43.3841896057129,-8.45535659790039,"Unknown"
"7014853",371857,2025-08-23 06:37:21,43.3833541870117,-8.45550441741943,"Unknown"
"7014853",371857,2025-08-23 06:42:15,43.3825798034668,-8.4569673538208,"Unknown"
"7014853",371857,2025-08-23 06:47:24,43.381721496582,-8.45773696899414,"Unknown"
"7014853",371857,2025-08-23 06:52:15,43.3769798278809,-8.45275211334229,"Unknown"
"7014853",371857,2025-08-23 06:57:25,43.3710556030273,-8.45221424102783,"Unknown"
"7014853",371857,2025-08-23 07:02:19,43.3710975646973,-8.45198535919189,"Unknown"
"7014853",371857,2025-08-23 07:07:24,43.3710327148438,-8.45186042785645,"Unknown"
"7014853",371857,2025-08-23 07:12:44,43.3708229064941,-8.4518518447876,"Unknown"
"7014853",371857,2025-08-23 07:17:18,43.3709602355957,-8.45134162902832,"Unknown"
"7014853",371857,2025-08-23 07:22:17,43.3709335327148,-8.45156478881836,"Unknown"
"7014853",371857,2025-08-23 07:27:19,43.3708190917969,-8.45194053649902,"Unknown"
"7014853",371857,2025-08-23 07:32:19,43.3706283569336,-8.45200634002686,"Unknown"
"7014853",371857,2025-08-23 07:37:26,43.3707237243652,-8.45200157165527,"Unknown"
"7014853",371857,2025-08-23 07:42:22,43.370677947998,-8.45193958282471,"Unknown"
"7014853",371857,2025-08-23 07:47:19,43.3703498840332,-8.45206642150879,"Unknown"
"7014853",371857,2025-08-23 07:52:15,43.3705520629883,-8.45319938659668,"Unknown"
"7014853",371857,2025-08-23 07:57:16,43.370532989502,-8.45345973968506,"Unknown"
"7014853",371857,2025-08-23 08:02:17,43.3712310791016,-8.45263671875,"Unknown"
"7014853",371857,2025-08-23 08:07:31,43.3718872070312,-8.45205593109131,"Unknown"
"7014853",371857,2025-08-23 08:12:14,43.3578453063965,-8.45565795898438,"Unknown"
"7014853",371857,2025-08-23 08:17:21,43.3564376831055,-8.45702457427979,"Unknown"
"7014853",371857,2025-08-23 08:22:14,43.3567543029785,-8.45798778533936,"Unknown"
"7014853",371857,2025-08-23 08:27:22,43.356990814209,-8.4569206237793,"Unknown"
"7014853",371857,2025-08-23 08:32:15,43.3559303283691,-8.45689582824707,"Unknown"
"7014853",371857,2025-08-23 08:37:18,43.3588256835938,-8.45708751678467,"Unknown"
"7014853",371857,2025-08-23 08:42:35,43.3564796447754,-8.45694255828857,"Unknown"
"7014853",371857,2025-08-23 08:47:15,43.3566398620605,-8.45689487457275,"Unknown"
"7014853",371857,2025-08-23 08:52:15,43.3566360473633,-8.45702934265137,"Unknown"
"7014853",371857,2025-08-23 08:57:14,43.356575012207,-8.45691204071045,"Unknown"
"7014853",371857,2025-08-23 09:02:14,43.3568458557129,-8.47403621673584,"Unknown"
"7014853",371857,2025-08-23 09:07:14,43.357063293457,-8.47409152984619,"Unknown"
"7014853",371857,2025-08-23 09:12:16,43.3571014404297,-8.47414875030518,"Unknown"
"7014853",371857,2025-08-23 09:17:14,43.3569564819336,-8.47416591644287,"Unknown"
"7014853",371857,2025-08-23 09:22:15,43.3569488525391,-8.47406768798828,"Unknown"
"7014853",371857,2025-08-23 09:27:15,43.3572616577148,-8.47416400909424,"Unknown"
"7014853",371857,2025-08-23 09:32:21,43.3572578430176,-8.47409915924072,"Unknown"
"7014853",371857,2025-08-23 09:37:15,43.3571815490723,-8.47414684295654,"Unknown"
"7014853",371857,2025-08-23 09:42:15,43.3573570251465,-8.47446441650391,"Unknown"
"7014853",371857,2025-08-23 09:47:15,43.3572540283203,-8.47421550750732,"Unknown"
"7014853",371857,2025-08-23 09:52:14,43.3572120666504,-8.47423553466797,"Unknown"
"7014853",371857,2025-08-23 09:57:13,43.357250213623,-8.47412967681885,"Unknown"
"7014853",371857,2025-08-23 10:02:24,43.3571891784668,-8.47416687011719,"Unknown"
"7014853",371857,2025-08-23 10:07:18,43.3569221496582,-8.47440814971924,"Unknown"
"7014853",371857,2025-08-23 10:12:28,43.3572883605957,-8.47424030303955,"Unknown"
"7014853",371857,2025-08-23 10:17:32,43.357307434082,-8.47427368164062,"Unknown"
"7014853",371857,2025-08-23 10:22:15,43.3571739196777,-8.47412586212158,"Unknown"
"7014853",371857,2025-08-23 10:27:14,43.3572845458984,-8.4741678237915,"Unknown"
"7014853",371857,2025-08-23 10:32:17,43.3572425842285,-8.47413921356201,"Unknown"
"7014853",371857,2025-08-23 10:37:17,43.3570518493652,-8.47385215759277,"Unknown"
"7014853",371857,2025-08-23 10:42:19,43.3568954467773,-8.4740571975708,"Unknown"
"7014853",371857,2025-08-23 10:47:18,43.3571357727051,-8.47408485412598,"Unknown"
"7014853",371857,2025-08-23 10:52:18,43.3571662902832,-8.47407913208008,"Unknown"
"7014853",371857,2025-08-23 10:57:19,43.3568954467773,-8.47402858734131,"Unknown"
"7014853",371857,2025-08-23 11:02:15,43.3523368835449,-8.47758388519287,"Unknown"
"7014853",371857,2025-08-23 11:07:15,43.3523406982422,-8.47759342193604,"Unknown"
"7014853",371857,2025-08-23 11:12:15,43.356029510498,-8.45291233062744,"Unknown"
"7014853",371857,2025-08-23 11:17:21,43.3558120727539,-8.45694160461426,"Unknown"
"7014853",371857,2025-08-23 11:22:18,43.357120513916,-8.4576473236084,"Unknown"
"7014853",371857,2025-08-23 11:27:17,43.3560485839844,-8.45686531066895,"Unknown"
"7014853",371857,2025-08-23 11:32:17,43.3564682006836,-8.45734977722168,"Unknown"
"7014853",371857,2025-08-23 11:37:26,43.3561553955078,-8.45717430114746,"Unknown"
"7014853",371857,2025-08-23 11:42:18,43.3562049865723,-8.45692825317383,"Unknown"
"7014853",371857,2025-08-23 11:47:25,43.3566017150879,-8.45730686187744,"Unknown"
"7014853",371857,2025-08-23 11:52:21,43.3561935424805,-8.45690250396729,"Unknown"
"7014853",371857,2025-08-23 11:57:24,43.3560943603516,-8.45683765411377,"Unknown"
"7014853",371857,2025-08-23 12:02:35,43.3564567565918,-8.45675468444824,"Unknown"
"7014853",371857,2025-08-23 12:07:16,43.356575012207,-8.4569263458252,"Unknown"
"7014853",371857,2025-08-23 12:12:18,43.3565330505371,-8.45695877075195,"Unknown"
"7014853",371857,2025-08-23 12:17:16,43.3565139770508,-8.45674610137939,"Unknown"
"7014853",371857,2025-08-23 12:22:16,43.3565139770508,-8.45708751678467,"Unknown"
"7014853",371857,2025-08-23 12:27:16,43.3549194335938,-8.45775985717773,"Unknown"
"7014853",371857,2025-08-23 12:32:17,43.3551750183105,-8.45706748962402,"Unknown"
"7014853",371857,2025-08-23 12:37:18,43.3550567626953,-8.45722961425781,"Unknown"
"7014853",371857,2025-08-23 12:42:17,43.3550720214844,-8.4571475982666,"Unknown"
"7014853",371857,2025-08-23 12:47:15,43.3551330566406,-8.45722103118896,"Unknown"
"7014853",371857,2025-08-23 12:52:16,43.3550567626953,-8.45713043212891,"Unknown"
"7014853",371857,2025-08-23 12:57:28,43.3549842834473,-8.45689105987549,"Unknown"
"7014853",371857,2025-08-23 13:02:21,43.3576278686523,-8.46885681152344,"Unknown"
"7014853",371857,2025-08-23 13:07:22,43.3576202392578,-8.46885108947754,"Unknown"
"7014853",371857,2025-08-23 13:12:24,43.3576736450195,-8.46900749206543,"Unknown"
"7014853",371857,2025-08-23 13:17:18,43.3575820922852,-8.46908664703369,"Unknown"
"7014853",371857,2025-08-23 13:22:19,43.3576354980469,-8.46899700164795,"Unknown"
"7014853",371857,2025-08-23 13:27:18,43.3576622009277,-8.46899604797363,"Unknown"
"7014853",371857,2025-08-23 13:32:21,43.3578338623047,-8.46928215026855,"Unknown"
"7014853",371857,2025-08-23 13:37:24,43.3574676513672,-8.46881580352783,"Unknown"
"7014853",371857,2025-08-23 13:42:24,43.3579139709473,-8.46930408477783,"Unknown"
"7014853",371857,2025-08-23 13:47:24,43.3576850891113,-8.46911239624023,"Unknown"
"7014853",371857,2025-08-23 13:52:40,43.3577728271484,-8.4689826965332,"Unknown"
"7014853",371857,2025-08-23 13:57:19,43.3589706420898,-8.46838569641113,"Unknown"
"7014853",371857,2025-08-23 14:02:21,43.3578414916992,-8.46893692016602,"Unknown"
"7014853",371857,2025-08-23 14:07:21,43.3578720092773,-8.46861934661865,"Unknown"
"7014853",371857,2025-08-23 14:12:28,43.3582611083984,-8.46846199035645,"Unknown"
"7014853",371857,2025-08-23 14:17:19,43.3578147888184,-8.46895217895508,"Unknown"
"7014853",371857,2025-08-23 14:22:43,43.3580627441406,-8.46852684020996,"Unknown"
"7014853",371857,2025-08-23 14:27:19,43.3579597473145,-8.46868133544922,"Unknown"
"7014853",371857,2025-08-23 14:32:19,43.3580284118652,-8.46881198883057,"Unknown"
"7014853",371857,2025-08-23 14:37:18,43.3580284118652,-8.46884441375732,"Unknown"
"7014853",371857,2025-08-23 14:42:19,43.3580474853516,-8.46872997283936,"Unknown"
"7014853",371857,2025-08-23 14:47:24,43.3580093383789,-8.4687385559082,"Unknown"
"7014853",371857,2025-08-23 14:52:35,43.3578948974609,-8.46926021575928,"Unknown"
"7014853",371857,2025-08-23 14:57:15,43.3577537536621,-8.46913909912109,"Unknown"
"7014853",371857,2025-08-23 15:02:15,43.3577651977539,-8.4691743850708,"Unknown"
"7014853",371857,2025-08-23 15:07:15,43.3577346801758,-8.46919250488281,"Unknown"
"7014853",371857,2025-08-23 15:12:14,43.3576927185059,-8.4690637588501,"Unknown"
"7014853",371857,2025-08-23 15:17:15,43.3577880859375,-8.46902656555176,"Unknown"
"7014853",371857,2025-08-23 15:22:16,43.3577423095703,-8.46913623809814,"Unknown"
"7014853",371857,2025-08-23 15:27:15,43.3577346801758,-8.46913242340088,"Unknown"
"7014853",371857,2025-08-23 15:32:16,43.3578071594238,-8.46893787384033,"Unknown"
"7014853",371857,2025-08-23 15:37:15,43.3577270507812,-8.46913623809814,"Unknown"
"7014853",371857,2025-08-23 15:42:16,43.3577613830566,-8.46915245056152,"Unknown"
"7014853",371857,2025-08-23 15:47:15,43.3577575683594,-8.4690990447998,"Unknown"
"7014853",371857,2025-08-23 15:52:16,43.3577728271484,-8.46916389465332,"Unknown"
"7014853",371857,2025-08-23 15:57:18,43.3578147888184,-8.46916580200195,"Unknown"
"7014853",371857,2025-08-23 16:02:16,43.3578605651855,-8.46933650970459,"Unknown"
"7014853",371857,2025-08-23 16:07:18,43.3578109741211,-8.46920013427734,"Unknown"
"7014853",371857,2025-08-23 16:12:17,43.3577690124512,-8.46912860870361,"Unknown"
"7014853",371857,2025-08-23 16:17:25,43.3576698303223,-8.46918296813965,"Unknown"
"7014853",371857,2025-08-23 16:22:23,43.3578338623047,-8.46930980682373,"Unknown"
"7014853",371857,2025-08-23 16:27:23,43.3577041625977,-8.46926021575928,"Unknown"
"7014853",371857,2025-08-23 16:32:35,43.3577537536621,-8.46918392181396,"Unknown"
"7014853",371857,2025-08-23 16:37:17,43.3578300476074,-8.4690637588501,"Unknown"
"7014853",371857,2025-08-23 16:42:17,43.3577690124512,-8.46910667419434,"Unknown"
"7014853",371857,2025-08-23 16:47:19,43.3577651977539,-8.46938514709473,"Unknown"
"7014853",371857,2025-08-23 16:52:44,43.3578109741211,-8.46919727325439,"Unknown"
"7014853",371857,2025-08-23 16:57:16,43.3578338623047,-8.46919345855713,"Unknown"
"7014853",371857,2025-08-23 17:02:15,43.3578414916992,-8.4692211151123,"Unknown"
"7014853",371857,2025-08-23 17:07:18,43.3577423095703,-8.46930503845215,"Unknown"
"7014853",371857,2025-08-23 17:12:17,43.3581848144531,-8.46896266937256,"Unknown"
"7014853",371857,2025-08-23 17:17:17,43.3578262329102,-8.46946716308594,"Unknown"
"7014853",371857,2025-08-23 17:22:32,43.3578720092773,-8.46918773651123,"Unknown"
"7014853",371857,2025-08-23 17:27:17,43.3578033447266,-8.46955585479736,"Unknown"
"7014853",371857,2025-08-23 17:32:21,43.3578834533691,-8.46909618377686,"Unknown"
"7014853",371857,2025-08-23 17:37:16,43.3577308654785,-8.46919250488281,"Unknown"
"7014853",371857,2025-08-23 17:42:15,43.3577194213867,-8.46902561187744,"Unknown"
"7014853",371857,2025-08-23 17:47:19,43.3578186035156,-8.46921539306641,"Unknown"
"7014853",371857,2025-08-23 17:52:18,43.357738494873,-8.46751117706299,"Unknown"
"7014853",371857,2025-08-23 17:57:17,43.3577537536621,-8.46933555603027,"Unknown"
"7014853",371857,2025-08-23 18:02:21,43.3578071594238,-8.46928691864014,"Unknown"
"7014853",371857,2025-08-23 18:07:22,43.3578758239746,-8.46929836273193,"Unknown"
"7014853",371857,2025-08-23 18:12:19,43.3580360412598,-8.46929264068604,"Unknown"
"7014853",371857,2025-08-23 18:17:20,43.3578033447266,-8.4692907333374,"Unknown"
"7014853",371857,2025-08-23 18:22:20,43.3578872680664,-8.46926879882812,"Unknown"
"7014853",371857,2025-08-23 18:27:16,43.3579330444336,-8.46906471252441,"Unknown"
"7014853",371857,2025-08-23 18:32:17,43.3580627441406,-8.46911430358887,"Unknown"
"7014853",371857,2025-08-23 18:37:18,43.3634338378906,-8.46359348297119,"Unknown"
"7014853",371857,2025-08-23 18:42:16,43.3811149597168,-8.44830226898193,"Unknown"
"7014853",371857,2025-08-23 18:47:16,43.381160736084,-8.44833183288574,"Unknown"
"7014853",371857,2025-08-23 18:52:18,43.3812255859375,-8.4482479095459,"Unknown"
"7014853",371857,2025-08-23 18:57:17,43.3812599182129,-8.44823169708252,"Unknown"
"7014853",371857,2025-08-23 19:02:18,43.3812599182129,-8.44825649261475,"Unknown"
"7014853",371857,2025-08-23 19:07:18,43.381275177002,-8.44822406768799,"Unknown"
"7014853",371857,2025-08-23 19:12:18,43.3812561035156,-8.44804859161377,"Unknown"
"7014853",371857,2025-08-23 19:17:17,43.3814010620117,-8.44826412200928,"Unknown"
"7014853",371857,2025-08-23 19:22:17,43.3813400268555,-8.44828796386719,"Unknown"
"7014853",371857,2025-08-23 19:27:17,43.3813133239746,-8.44866371154785,"Unknown"
"7014853",371857,2025-08-23 19:32:17,43.3813056945801,-8.44870853424072,"Unknown"
"7014853",371857,2025-08-23 19:37:17,43.3812484741211,-8.44855976104736,"Unknown"
"7014853",371857,2025-08-23 19:42:25,43.3840293884277,-8.46373653411865,"Unknown"
"7014853",371857,2025-08-23 19:47:16,43.3826370239258,-8.4630880355835,"Unknown"
"7014853",371857,2025-08-23 19:52:21,43.3777084350586,-8.42048454284668,"Unknown"
"7014853",371857,2025-08-23 19:57:27,43.362621307373,-8.40380668640137,"Unknown"
"7014853",371857,2025-08-23 20:03:52,43.362735748291,-8.40363502502441,"Unknown"
"7014853",371857,2025-08-24 01:04:05,43.3591461181641,-8.39873123168945,"Unknown"
"7014853",371857,2025-08-24 05:53:13,43.3525199890137,-8.41718578338623,"Unknown"
"7014853",371857,2025-08-24 05:58:10,43.3526344299316,-8.417160987854,"Unknown"
"7014853",371857,2025-08-24 06:03:16,43.3527641296387,-8.41734218597412,"Unknown"
"7014853",371857,2025-08-24 06:08:16,43.3528022766113,-8.41735458374023,"Unknown"
"7014853",371857,2025-08-24 06:13:12,43.3527755737305,-8.41718006134033,"Unknown"
"7014853",371857,2025-08-24 06:18:12,43.3528671264648,-8.417236328125,"Unknown"
"7014853",371857,2025-08-24 06:23:11,43.3528671264648,-8.4170389175415,"Unknown"
"7014853",371857,2025-08-24 06:28:44,43.3528938293457,-8.41733074188232,"Unknown"
"7014853",371857,2025-08-24 06:33:10,43.3530197143555,-8.41733169555664,"Unknown"
"7014853",371857,2025-08-24 06:38:10,43.3529281616211,-8.41736221313477,"Unknown"
"7014853",371857,2025-08-24 06:43:12,43.3529243469238,-8.41744804382324,"Unknown"
"7014853",371857,2025-08-24 06:48:35,43.3528175354004,-8.41752529144287,"Unknown"
"7014853",371857,2025-08-24 06:53:12,43.352840423584,-8.41768360137939,"Unknown"
"7014853",371857,2025-08-24 06:58:10,43.3506164550781,-8.43599128723145,"Unknown"
"7014853",371857,2025-08-24 07:03:10,43.3506278991699,-8.44809055328369,"Unknown"
"7014853",371857,2025-08-24 07:08:10,43.3519172668457,-8.44895362854004,"Unknown"
"7014853",371857,2025-08-24 07:13:11,43.350658416748,-8.44806289672852,"Unknown"
"7014853",371857,2025-08-24 07:18:13,43.3506355285645,-8.44789600372314,"Unknown"
"7014853",371857,2025-08-24 07:23:11,43.350658416748,-8.44794178009033,"Unknown"
"7014853",371857,2025-08-24 07:28:12,43.3507080078125,-8.44803619384766,"Unknown"
"7014853",371857,2025-08-24 07:33:11,43.3508529663086,-8.44811725616455,"Unknown"
"7014853",371857,2025-08-24 07:38:11,43.3507995605469,-8.44827556610107,"Unknown"
"7014853",371857,2025-08-24 07:43:10,43.3508987426758,-8.44830226898193,"Unknown"
"7014853",371857,2025-08-24 07:48:11,43.3507957458496,-8.44825077056885,"Unknown"
"7014853",371857,2025-08-24 07:53:10,43.3509063720703,-8.44825172424316,"Unknown"
"7014853",371857,2025-08-24 07:58:10,43.3508338928223,-8.44833755493164,"Unknown"
"7014853",371857,2025-08-24 08:03:16,43.3508415222168,-8.4481897354126,"Unknown"
"7014853",371857,2025-08-24 08:08:10,43.3510322570801,-8.44827270507812,"Unknown"
"7014853",371857,2025-08-24 08:13:10,43.3511657714844,-8.44813632965088,"Unknown"
"7014853",371857,2025-08-24 08:18:10,43.3511238098145,-8.44823455810547,"Unknown"
"7014853",371857,2025-08-24 08:23:10,43.3510589599609,-8.44824123382568,"Unknown"
"7014853",371857,2025-08-24 08:28:16,43.3511619567871,-8.44815635681152,"Unknown"
"7014853",371857,2025-08-24 08:33:10,43.3511161804199,-8.44822216033936,"Unknown"
"7014853",371857,2025-08-24 08:38:10,43.3510704040527,-8.44810676574707,"Unknown"
"7014853",371857,2025-08-24 08:43:13,43.3509712219238,-8.44813060760498,"Unknown"
"7014853",371857,2025-08-24 08:48:10,43.3509368896484,-8.448166847229,"Unknown"
"7014853",371857,2025-08-24 08:53:16,43.351001739502,-8.44818496704102,"Unknown"
"7014853",371857,2025-08-24 08:58:12,43.3511810302734,-8.44820880889893,"Unknown"
"7014853",371857,2025-08-24 09:03:12,43.3512573242188,-8.44829273223877,"Unknown"
"7014853",371857,2025-08-24 09:08:11,43.3507881164551,-8.44822597503662,"Unknown"
"7014853",371857,2025-08-24 09:13:10,43.3501930236816,-8.44854927062988,"Unknown"
"7014853",371857,2025-08-24 09:18:12,43.3508033752441,-8.44833850860596,"Unknown"
"7014853",371857,2025-08-24 09:23:11,43.3558349609375,-8.45776176452637,"Unknown"
"7014853",371857,2025-08-24 09:28:11,43.3544921875,-8.45851993560791,"Unknown"
"7014853",371857,2025-08-24 09:33:15,43.3543815612793,-8.4581470489502,"Unknown"
"7014853",371857,2025-08-24 09:38:10,43.3552513122559,-8.45740699768066,"Unknown"
"7014853",371857,2025-08-24 09:43:12,43.3544044494629,-8.45858478546143,"Unknown"
"7014853",371857,2025-08-24 09:48:11,43.3550224304199,-8.45724296569824,"Unknown"
"7014853",371857,2025-08-24 09:53:12,43.3564033508301,-8.45713901519775,"Unknown"
"7014853",371857,2025-08-24 09:58:10,43.3562889099121,-8.45698165893555,"Unknown"
"7014853",371857,2025-08-24 10:03:11,43.356315612793,-8.45698261260986,"Unknown"
"7014853",371857,2025-08-24 10:08:18,43.3562469482422,-8.45681381225586,"Unknown"
"7014853",371857,2025-08-24 10:13:10,43.3565521240234,-8.45705223083496,"Unknown"
"7014853",371857,2025-08-24 10:18:11,43.3565902709961,-8.45703029632568,"Unknown"
"7014853",371857,2025-08-24 10:23:11,43.3566474914551,-8.4570369720459,"Unknown"
"7014853",371857,2025-08-24 10:28:10,43.3565979003906,-8.45695209503174,"Unknown"
"7014853",371857,2025-08-24 10:33:13,43.3564720153809,-8.45696353912354,"Unknown"
"7014853",371857,2025-08-24 10:38:11,43.3563690185547,-8.45676612854004,"Unknown"
"7014853",371857,2025-08-24 10:43:10,43.3580360412598,-8.45720100402832,"Unknown"
"7014853",371857,2025-08-24 10:48:15,43.3575820922852,-8.47119426727295,"Unknown"
"7014853",371857,2025-08-24 10:53:13,43.357608795166,-8.47108745574951,"Unknown"
"7014853",371857,2025-08-24 10:58:12,43.3575782775879,-8.47123241424561,"Unknown"
"7014853",371857,2025-08-24 11:03:11,43.357551574707,-8.47116279602051,"Unknown"
"7014853",371857,2025-08-24 11:08:13,43.3574752807617,-8.4711217880249,"Unknown"
"7014853",371857,2025-08-24 11:13:13,43.3574905395508,-8.47299385070801,"Unknown"
"7014853",371857,2025-08-24 11:18:12,43.3576126098633,-8.4731616973877,"Unknown"
"7014853",371857,2025-08-24 11:23:12,43.3574714660645,-8.47309303283691,"Unknown"
"7014853",371857,2025-08-24 11:28:11,43.3580589294434,-8.47347736358643,"Unknown"
"7014853",371857,2025-08-24 11:33:12,43.3580856323242,-8.47348403930664,"Unknown"
"7014853",371857,2025-08-24 11:38:12,43.3580207824707,-8.47344303131104,"Unknown"
"7014853",371857,2025-08-24 11:43:11,43.3580932617188,-8.47348403930664,"Unknown"
"7014853",371857,2025-08-24 11:48:12,43.3581085205078,-8.47350978851318,"Unknown"
"7014853",371857,2025-08-24 11:53:12,43.3581275939941,-8.47347640991211,"Unknown"
"7014853",371857,2025-08-24 11:58:12,43.3580780029297,-8.4733943939209,"Unknown"
"7014853",371857,2025-08-24 12:03:16,43.3582000732422,-8.4733190536499,"Unknown"
"7014853",371857,2025-08-24 12:08:14,43.3582305908203,-8.47342872619629,"Unknown"
"7014853",371857,2025-08-24 12:13:14,43.358283996582,-8.47342967987061,"Unknown"
"7014853",371857,2025-08-24 12:18:16,43.3582725524902,-8.47346687316895,"Unknown"
"7014853",371857,2025-08-24 12:23:15,43.358283996582,-8.47346305847168,"Unknown"
"7014853",371857,2025-08-24 12:28:43,43.3579330444336,-8.47344398498535,"Unknown"
"7014853",371857,2025-08-24 12:33:17,43.358024597168,-8.47359371185303,"Unknown"
"7014853",371857,2025-08-24 12:38:12,43.3579940795898,-8.47338104248047,"Unknown"
"7014853",371857,2025-08-24 12:43:12,43.3580093383789,-8.47347259521484,"Unknown"
"7014853",371857,2025-08-24 12:48:16,43.3580322265625,-8.47361755371094,"Unknown"
"7014853",371857,2025-08-24 12:53:13,43.357967376709,-8.47349739074707,"Unknown"
"7014853",371857,2025-08-24 12:58:12,43.3580093383789,-8.47360706329346,"Unknown"
"7014853",371857,2025-08-24 13:03:22,43.3598175048828,-8.46090888977051,"Unknown"
"7014853",371857,2025-08-24 13:08:21,43.3600959777832,-8.46118354797363,"Unknown"
"7014853",371857,2025-08-24 13:13:19,43.3600006103516,-8.46116828918457,"Unknown"
"7014853",371857,2025-08-24 13:18:23,43.3602638244629,-8.46134471893311,"Unknown"
"7014853",371857,2025-08-24 13:23:18,43.3601570129395,-8.46131038665771,"Unknown"
"7014853",371857,2025-08-24 13:28:22,43.3602180480957,-8.46133899688721,"Unknown"
"7014853",371857,2025-08-24 13:33:16,43.3600196838379,-8.461181640625,"Unknown"
"7014853",371857,2025-08-24 13:38:20,43.3601570129395,-8.46127033233643,"Unknown"
"7014853",371857,2025-08-24 13:43:18,43.3600997924805,-8.46132755279541,"Unknown"
"7014853",371857,2025-08-24 13:48:11,43.3602485656738,-8.45792007446289,"Unknown"
"7014853",371857,2025-08-24 13:53:13,43.355396270752,-8.45589447021484,"Unknown"
"7014853",371857,2025-08-24 13:58:11,43.356616973877,-8.45729923248291,"Unknown"
"7014853",371857,2025-08-24 14:03:11,43.3565673828125,-8.4572286605835,"Unknown"
"7014853",371857,2025-08-24 14:08:13,43.356315612793,-8.45721435546875,"Unknown"
"7014853",371857,2025-08-24 14:13:16,43.3540992736816,-8.45898342132568,"Unknown"
"7014853",371857,2025-08-24 14:18:27,43.3538360595703,-8.4591064453125,"Unknown"
"7014853",371857,2025-08-24 14:23:14,43.3543548583984,-8.45834541320801,"Unknown"
"7014853",371857,2025-08-24 14:28:11,43.3546371459961,-8.45866680145264,"Unknown"
"7014853",371857,2025-08-24 14:33:11,43.3544960021973,-8.45859146118164,"Unknown"
"7014853",371857,2025-08-24 14:38:11,43.3545112609863,-8.45863819122314,"Unknown"
"7014853",371857,2025-08-24 14:43:11,43.3539085388184,-8.45855045318604,"Unknown"
"7014853",371857,2025-08-24 14:48:11,43.3540115356445,-8.45845222473145,"Unknown"
"7014853",371857,2025-08-24 14:53:11,43.354061126709,-8.45859813690186,"Unknown"
"7014853",371857,2025-08-24 14:58:12,43.3542900085449,-8.45861434936523,"Unknown"
"7014853",371857,2025-08-24 15:03:11,43.3542976379395,-8.45838069915771,"Unknown"
"7014853",371857,2025-08-24 15:08:11,43.3543090820312,-8.4584789276123,"Unknown"
"7014853",371857,2025-08-24 15:13:11,43.3543281555176,-8.45837688446045,"Unknown"
"7014853",371857,2025-08-24 15:18:11,43.3542785644531,-8.45840644836426,"Unknown"
"7014853",371857,2025-08-24 15:23:11,43.353572845459,-8.45756721496582,"Unknown"
"7014853",371857,2025-08-24 15:28:16,43.3406448364258,-8.45325183868408,"Unknown"
"7014853",371857,2025-08-24 15:33:12,43.3438568115234,-8.45135402679443,"Unknown"
"7014853",371857,2025-08-24 15:38:11,43.3501091003418,-8.42359924316406,"Unknown"
"7014853",371857,2025-08-24 15:43:14,43.35009765625,-8.42361450195312,"Unknown"
"7014853",371857,2025-08-24 15:48:12,43.3501853942871,-8.42382049560547,"Unknown"
"7014853",371857,2025-08-24 15:53:12,43.349983215332,-8.42346954345703,"Unknown"
"7014853",371857,2025-08-24 15:58:11,43.350269317627,-8.4239559173584,"Unknown"
"7014853",371857,2025-08-24 16:03:11,43.3501892089844,-8.4238224029541,"Unknown"
"7014853",371857,2025-08-24 16:08:12,43.3499221801758,-8.42354106903076,"Unknown"
"7014853",371857,2025-08-24 16:13:14,43.3501586914062,-8.42416381835938,"Unknown"
"7014853",371857,2025-08-24 16:18:11,43.3498268127441,-8.42390918731689,"Unknown"
"7014853",371857,2025-08-24 16:23:13,43.3498649597168,-8.42426681518555,"Unknown"
"7014853",371857,2025-08-24 16:28:11,43.3499565124512,-8.42413997650146,"Unknown"
"7014853",371857,2025-08-24 16:33:11,43.349796295166,-8.4242057800293,"Unknown"
"7014853",371857,2025-08-24 16:38:11,43.3498878479004,-8.42418193817139,"Unknown"
"7014853",371857,2025-08-24 16:43:12,43.3498878479004,-8.42415523529053,"Unknown"
"7014853",371857,2025-08-24 16:48:13,43.3498916625977,-8.42423439025879,"Unknown"
"7014853",371857,2025-08-24 16:53:12,43.3498649597168,-8.42383480072021,"Unknown"
"7014853",371857,2025-08-24 16:58:17,43.3500747680664,-8.42426872253418,"Unknown"
"7014853",371857,2025-08-24 17:03:14,43.3501205444336,-8.42428684234619,"Unknown"
"7014853",371857,2025-08-24 17:08:11,43.3502655029297,-8.42434883117676,"Unknown"
"7014853",371857,2025-08-24 17:13:12,43.3502235412598,-8.42431163787842,"Unknown"
"7014853",371857,2025-08-24 17:18:12,43.3500747680664,-8.42428016662598,"Unknown"
"7014853",371857,2025-08-24 17:23:16,43.3500633239746,-8.42429828643799,"Unknown"
"7014853",371857,2025-08-24 17:28:13,43.3501739501953,-8.42431545257568,"Unknown"
"7014853",371857,2025-08-24 17:33:11,43.3502311706543,-8.42431354522705,"Unknown"
"7014853",371857,2025-08-24 17:38:12,43.3502807617188,-8.42440319061279,"Unknown"
"7014853",371857,2025-08-24 17:43:12,43.3502235412598,-8.42435455322266,"Unknown"
"7014853",371857,2025-08-24 17:48:12,43.350212097168,-8.42436027526855,"Unknown"
"7014853",371857,2025-08-24 17:53:12,43.3502807617188,-8.42430400848389,"Unknown"
"7014853",371857,2025-08-24 17:58:12,43.3502998352051,-8.42439651489258,"Unknown"
"7014853",371857,2025-08-24 18:03:12,43.3503303527832,-8.42432403564453,"Unknown"
"7014853",371857,2025-08-24 18:08:11,43.3504371643066,-8.42434406280518,"Unknown"
"7014853",371857,2025-08-24 18:13:12,43.3504371643066,-8.42431545257568,"Unknown"
"7014853",371857,2025-08-24 18:18:12,43.350471496582,-8.42435455322266,"Unknown"
"7014853",371857,2025-08-24 18:23:12,43.3504257202148,-8.42437076568604,"Unknown"
"7014853",371857,2025-08-24 18:28:11,43.3504028320312,-8.42436218261719,"Unknown"
"7014853",371857,2025-08-24 18:33:12,43.3504371643066,-8.42438125610352,"Unknown"
"7014853",371857,2025-08-24 18:38:12,43.3504257202148,-8.42437744140625,"Unknown"
"7014853",371857,2025-08-24 18:43:12,43.3504104614258,-8.42433071136475,"Unknown"
"7014853",371857,2025-08-24 18:48:12,43.3504638671875,-8.42438983917236,"Unknown"
"7014853",371857,2025-08-24 18:53:14,43.350154876709,-8.42423915863037,"Unknown"
"7014853",371857,2025-08-24 18:58:14,43.3503227233887,-8.42419338226318,"Unknown"
"7014853",371857,2025-08-24 19:03:14,43.3503074645996,-8.4243049621582,"Unknown"
"7014853",371857,2025-08-24 19:08:14,43.3502998352051,-8.42420101165771,"Unknown"
"7014853",371857,2025-08-24 19:13:12,43.3504219055176,-8.42440128326416,"Unknown"
"7014853",371857,2025-08-24 19:18:11,43.3505020141602,-8.42441272735596,"Unknown"
"7014853",371857,2025-08-24 19:23:13,43.353271484375,-8.41766834259033,"Unknown"
"7014853",371857,2025-08-24 19:28:16,43.3527488708496,-8.41709041595459,"Unknown"
"7014853",371857,2025-08-24 19:33:11,43.3628311157227,-8.4038667678833,"Unknown"
"7014853",371857,2025-08-24 19:38:13,43.3628578186035,-8.40388488769531,"Unknown"
"7014853",371857,2025-08-24 19:43:16,43.3624801635742,-8.40370273590088,"Unknown"
"7014853",371857,2025-08-24 19:48:14,43.3622436523438,-8.40361022949219,"Unknown"
"7014853",371857,2025-08-24 19:53:24,43.3622360229492,-8.40368270874023,"Unknown"
"7014853",371857,2025-08-24 19:58:19,43.3625717163086,-8.40386009216309,"Unknown"
"7014853",371857,2025-08-24 20:02:16,43.3626861572266,-8.40406894683838,"Unknown"
"7014853",371857,2025-08-25 01:02:05,43.3621520996094,-8.40417861938477,"Unknown"
"7014853",371857,2025-08-25 05:54:14,43.3630714416504,-8.40416717529297,"Unknown"
"7014853",371857,2025-08-25 05:59:10,43.3630485534668,-8.40415382385254,"Unknown"
"7014853",371857,2025-08-25 06:04:16,43.3631591796875,-8.40380859375,"Unknown"
"7014853",371857,2025-08-25 06:09:13,43.3631553649902,-8.40335464477539,"Unknown"
"7014853",371857,2025-08-25 06:14:16,43.3631439208984,-8.40369892120361,"Unknown"
"7014853",371857,2025-08-25 06:19:10,43.3654899597168,-8.40556812286377,"Unknown"
"7014853",371857,2025-08-25 06:24:19,43.3685913085938,-8.41843700408936,"Unknown"
"7014853",371857,2025-08-25 06:29:12,43.368537902832,-8.4180908203125,"Unknown"
"7014853",371857,2025-08-25 06:34:13,43.3685035705566,-8.41794013977051,"Unknown"
"7014853",371857,2025-08-25 06:39:12,43.3685035705566,-8.41808605194092,"Unknown"
"7014853",371857,2025-08-25 06:44:12,43.3687210083008,-8.41787719726562,"Unknown"
"7014853",371857,2025-08-25 06:49:09,43.3687705993652,-8.41844177246094,"Unknown"
"7014853",371857,2025-08-25 06:54:09,43.3545799255371,-8.43044853210449,"Unknown"
"7014853",371857,2025-08-25 06:59:10,43.3545875549316,-8.45725345611572,"Unknown"
"7014853",371857,2025-08-25 07:04:23,43.3541412353516,-8.45808982849121,"Unknown"
"7014853",371857,2025-08-25 07:09:11,43.3539352416992,-8.45825672149658,"Unknown"
"7014853",371857,2025-08-25 07:14:10,43.3539581298828,-8.45826053619385,"Unknown"
"7014853",371857,2025-08-25 07:19:17,43.3541259765625,-8.45850849151611,"Unknown"
"7014853",371857,2025-08-25 07:24:11,43.3541946411133,-8.45810604095459,"Unknown"
"7014853",371857,2025-08-25 07:29:11,43.3538284301758,-8.45835590362549,"Unknown"
"7014853",371857,2025-08-25 07:34:17,43.3543663024902,-8.45822715759277,"Unknown"
"7014853",371857,2025-08-25 07:39:09,43.3538475036621,-8.45848846435547,"Unknown"
"7014853",371857,2025-08-25 07:44:20,43.3546714782715,-8.45807266235352,"Unknown"
"7014853",371857,2025-08-25 07:49:23,43.3540573120117,-8.45856666564941,"Unknown"
"7014853",371857,2025-08-25 07:54:19,43.3542022705078,-8.45838165283203,"Unknown"
"7014853",371857,2025-08-25 07:59:24,43.3540954589844,-8.4586820602417,"Unknown"
"7014853",371857,2025-08-25 08:04:33,43.3537979125977,-8.45857238769531,"Unknown"
"7014853",371857,2025-08-25 08:09:31,43.3540916442871,-8.45842742919922,"Unknown"
"7014853",371857,2025-08-25 08:14:19,43.3542098999023,-8.45878410339355,"Unknown"
"7014853",371857,2025-08-25 08:19:09,43.356086730957,-8.45708751678467,"Unknown"
"7014853",371857,2025-08-25 08:24:09,43.3563766479492,-8.45717620849609,"Unknown"
"7014853",371857,2025-08-25 08:29:11,43.3564758300781,-8.45729446411133,"Unknown"
"7014853",371857,2025-08-25 08:34:10,43.3529472351074,-8.47520732879639,"Unknown"
"7014853",371857,2025-08-25 08:39:09,43.3521347045898,-8.47802257537842,"Unknown"
"7014853",371857,2025-08-25 08:44:09,43.3521614074707,-8.47801303863525,"Unknown"
"7014853",371857,2025-08-25 08:49:10,43.3540420532227,-8.47484302520752,"Unknown"
"7014853",371857,2025-08-25 08:54:11,43.3541221618652,-8.47479248046875,"Unknown"
"7014853",371857,2025-08-25 08:59:10,43.3540115356445,-8.47479724884033,"Unknown"
"7014853",371857,2025-08-25 09:04:11,43.3540000915527,-8.47493362426758,"Unknown"
"7014853",371857,2025-08-25 09:09:13,43.3540191650391,-8.4747142791748,"Unknown"
"7014853",371857,2025-08-25 09:14:17,43.3542289733887,-8.47474002838135,"Unknown"
"7014853",371857,2025-08-25 09:19:10,43.3540840148926,-8.4746618270874,"Unknown"
"7014853",371857,2025-08-25 09:24:14,43.3540802001953,-8.47449779510498,"Unknown"
"7014853",371857,2025-08-25 09:29:12,43.3542556762695,-8.47464942932129,"Unknown"
"7014853",371857,2025-08-25 09:34:11,43.3541946411133,-8.47465038299561,"Unknown"
"7014853",371857,2025-08-25 09:39:13,43.3540878295898,-8.47426223754883,"Unknown"
"7014853",371857,2025-08-25 09:44:18,43.3540954589844,-8.4743595123291,"Unknown"
"7014853",371857,2025-08-25 09:49:11,43.3547515869141,-8.4734354019165,"Unknown"
"7014853",371857,2025-08-25 09:54:34,43.3523178100586,-8.47772693634033,"Unknown"
"7014853",371857,2025-08-25 09:59:09,43.3536148071289,-8.47767734527588,"Unknown"
"7014853",371857,2025-08-25 10:04:09,43.3536415100098,-8.47769165039062,"Unknown"
"7014853",371857,2025-08-25 10:09:08,43.353630065918,-8.47775173187256,"Unknown"
"7014853",371857,2025-08-25 10:14:08,43.3535995483398,-8.47768592834473,"Unknown"
"7014853",371857,2025-08-25 10:19:09,43.3535232543945,-8.47766971588135,"Unknown"
"7014853",371857,2025-08-25 10:24:09,43.3535842895508,-8.47770977020264,"Unknown"
"7014853",371857,2025-08-25 10:29:12,43.3523025512695,-8.47775554656982,"Unknown"
"7014853",371857,2025-08-25 10:34:11,43.3523941040039,-8.47777366638184,"Unknown"
"7014853",371857,2025-08-25 10:39:09,43.352367401123,-8.47759437561035,"Unknown"
"7014853",371857,2025-08-25 10:44:10,43.3539581298828,-8.47724151611328,"Unknown"
"7014853",371857,2025-08-25 10:49:10,43.3539695739746,-8.47724342346191,"Unknown"
"7014853",371857,2025-08-25 10:54:10,43.3540458679199,-8.47724914550781,"Unknown"
"7014853",371857,2025-08-25 10:59:10,43.3540344238281,-8.47721672058105,"Unknown"
"7014853",371857,2025-08-25 11:04:10,43.3539657592773,-8.47709083557129,"Unknown"
"7014853",371857,2025-08-25 11:09:12,43.354076385498,-8.47725105285645,"Unknown"
"7014853",371857,2025-08-25 11:14:16,43.3541870117188,-8.47735023498535,"Unknown"
"7014853",371857,2025-08-25 11:19:10,43.3553581237793,-8.47380542755127,"Unknown"
"7014853",371857,2025-08-25 11:24:10,43.3551406860352,-8.47353553771973,"Unknown"
"7014853",371857,2025-08-25 11:29:34,43.3552169799805,-8.47357177734375,"Unknown"
"7014853",371857,2025-08-25 11:34:12,43.3552665710449,-8.47357368469238,"Unknown"
"7014853",371857,2025-08-25 11:39:12,43.355167388916,-8.47345352172852,"Unknown"
"7014853",371857,2025-08-25 11:44:13,43.3550796508789,-8.47361850738525,"Unknown"
"7014853",371857,2025-08-25 11:49:18,43.3551750183105,-8.47354125976562,"Unknown"
"7014853",371857,2025-08-25 11:54:11,43.3552055358887,-8.47343921661377,"Unknown"
"7014853",371857,2025-08-25 11:59:13,43.3554267883301,-8.47404766082764,"Unknown"
"7014853",371857,2025-08-25 12:04:17,43.3551712036133,-8.47356700897217,"Unknown"
"7014853",371857,2025-08-25 12:09:09,43.3551177978516,-8.47346973419189,"Unknown"
"7014853",371857,2025-08-25 12:14:09,43.3551635742188,-8.47357082366943,"Unknown"
"7014853",371857,2025-08-25 12:19:11,43.3551483154297,-8.47363948822021,"Unknown"
"7014853",371857,2025-08-25 12:24:09,43.3552017211914,-8.47352695465088,"Unknown"
"7014853",371857,2025-08-25 12:29:12,43.3551139831543,-8.47359180450439,"Unknown"
"7014853",371857,2025-08-25 12:34:08,43.3552894592285,-8.47342014312744,"Unknown"
"7014853",371857,2025-08-25 12:39:13,43.355110168457,-8.47340202331543,"Unknown"
"7014853",371857,2025-08-25 12:44:13,43.3551559448242,-8.47336673736572,"Unknown"
"7014853",371857,2025-08-25 12:49:16,43.3552131652832,-8.47348785400391,"Unknown"
"7014853",371857,2025-08-25 12:54:10,43.3553886413574,-8.47338771820068,"Unknown"
"7014853",371857,2025-08-25 12:59:13,43.3549194335938,-8.47357845306396,"Unknown"
"7014853",371857,2025-08-25 13:04:12,43.3552703857422,-8.47350215911865,"Unknown"
"7014853",371857,2025-08-25 13:09:15,43.3549385070801,-8.47362422943115,"Unknown"
"7014853",371857,2025-08-25 13:14:23,43.3550567626953,-8.47353363037109,"Unknown"
"7014853",371857,2025-08-25 13:19:15,43.3551254272461,-8.47355175018311,"Unknown"
"7014853",371857,2025-08-25 13:24:15,43.354419708252,-8.45865726470947,"Unknown"
"7014853",371857,2025-08-25 13:29:13,43.354362487793,-8.45854759216309,"Unknown"
"7014853",371857,2025-08-25 13:34:15,43.3544921875,-8.45873928070068,"Unknown"
"7014853",371857,2025-08-25 13:39:15,43.354377746582,-8.45851230621338,"Unknown"
"7014853",371857,2025-08-25 13:44:13,43.3543701171875,-8.45845794677734,"Unknown"
"7014853",371857,2025-08-25 13:49:18,43.3542251586914,-8.45845031738281,"Unknown"
"7014853",371857,2025-08-25 13:54:11,43.3546257019043,-8.45883178710938,"Unknown"
"7014853",371857,2025-08-25 13:59:42,43.3544235229492,-8.45850944519043,"Unknown"
"7014853",371857,2025-08-25 14:04:09,43.3545417785645,-8.45858860015869,"Unknown"
"7014853",371857,2025-08-25 14:09:09,43.3545227050781,-8.45862579345703,"Unknown"
"7014853",371857,2025-08-25 14:14:09,43.3544807434082,-8.4587869644165,"Unknown"
"7014853",371857,2025-08-25 14:19:11,43.3541450500488,-8.45870780944824,"Unknown"
"7014853",371857,2025-08-25 14:24:51,43.3541984558105,-8.45879745483398,"Unknown"
"7014853",371857,2025-08-25 14:29:34,43.3540687561035,-8.45862197875977,"Unknown"
"7014853",371857,2025-08-25 14:34:18,43.3547515869141,-8.45900535583496,"Unknown"
"7014853",371857,2025-08-25 14:39:11,43.3559112548828,-8.45857429504395,"Unknown"
"7014853",371857,2025-08-25 14:44:09,43.3555641174316,-8.45783805847168,"Unknown"
"7014853",371857,2025-08-25 14:49:13,43.3567428588867,-8.45777893066406,"Unknown"
"7014853",371857,2025-08-25 14:54:16,43.3567504882812,-8.45767402648926,"Unknown"
"7014853",371857,2025-08-25 14:59:16,43.3567695617676,-8.45783042907715,"Unknown"
"7014853",371857,2025-08-25 15:04:18,43.3567390441895,-8.45776081085205,"Unknown"
"7014853",371857,2025-08-25 15:09:16,43.3567390441895,-8.4576587677002,"Unknown"
"7014853",371857,2025-08-25 15:14:29,43.3545303344727,-8.45952320098877,"Unknown"
"7014853",371857,2025-08-25 15:19:36,43.3538589477539,-8.45934867858887,"Unknown"
"7014853",371857,2025-08-25 15:30:17,43.3541831970215,-8.45863246917725,"Unknown"
"7014853",371857,2025-08-25 15:34:39,43.3546752929688,-8.45872974395752,"Unknown"
"7014853",371857,2025-08-25 15:39:16,43.3401374816895,-8.45437335968018,"Unknown"
"7014853",371857,2025-08-25 15:44:14,43.3404121398926,-8.45470237731934,"Unknown"
"7014853",371857,2025-08-25 15:49:10,43.3427543640137,-8.44358921051025,"Unknown"
"7014853",371857,2025-08-25 15:54:10,43.3498954772949,-8.42420768737793,"Unknown"
"7014853",371857,2025-08-25 15:59:10,43.3497924804688,-8.42439365386963,"Unknown"
"7014853",371857,2025-08-25 16:04:13,43.3498268127441,-8.42424201965332,"Unknown"
"7014853",371857,2025-08-25 16:09:15,43.3498764038086,-8.42425155639648,"Unknown"
"7014853",371857,2025-08-25 16:14:12,43.3498153686523,-8.42415332794189,"Unknown"
"7014853",371857,2025-08-25 16:19:17,43.3499488830566,-8.42415428161621,"Unknown"
"7014853",371857,2025-08-25 16:24:13,43.349983215332,-8.42422866821289,"Unknown"
"7014853",371857,2025-08-25 16:29:15,43.3500328063965,-8.42421054840088,"Unknown"
"7014853",371857,2025-08-25 16:34:34,43.3499336242676,-8.42416191101074,"Unknown"
"7014853",371857,2025-08-25 16:39:09,43.3499221801758,-8.42416667938232,"Unknown"
"7014853",371857,2025-08-25 16:44:09,43.3498840332031,-8.42422676086426,"Unknown"
"7014853",371857,2025-08-25 16:49:10,43.3499412536621,-8.42426109313965,"Unknown"
"7014853",371857,2025-08-25 16:54:10,43.3499870300293,-8.42422485351562,"Unknown"
"7014853",371857,2025-08-25 16:59:10,43.3499374389648,-8.42422008514404,"Unknown"
"7014853",371857,2025-08-25 17:04:11,43.3499450683594,-8.4241771697998,"Unknown"
"7014853",371857,2025-08-25 17:09:10,43.3503189086914,-8.42430019378662,"Unknown"
"7014853",371857,2025-08-25 17:14:10,43.3500442504883,-8.42421054840088,"Unknown"
"7014853",371857,2025-08-25 17:19:12,43.3498878479004,-8.42423629760742,"Unknown"
"7014853",371857,2025-08-25 17:24:10,43.3499412536621,-8.42433166503906,"Unknown"
"7014853",371857,2025-08-25 17:29:10,43.3496627807617,-8.42425727844238,"Unknown"
"7014853",371857,2025-08-25 17:34:10,43.3532981872559,-8.42828559875488,"Unknown"
"7014853",371857,2025-08-25 17:39:10,43.3531646728516,-8.42820930480957,"Unknown"
"7014853",371857,2025-08-25 17:44:11,43.3529891967773,-8.42803001403809,"Unknown"
"7014853",371857,2025-08-25 17:49:10,43.3529815673828,-8.42769718170166,"Unknown"
"7014853",371857,2025-08-25 17:54:10,43.3528938293457,-8.42795276641846,"Unknown"
"7014853",371857,2025-08-25 17:59:10,43.353099822998,-8.42797374725342,"Unknown"
"7014853",371857,2025-08-25 18:04:10,43.3531112670898,-8.4279317855835,"Unknown"
"7014853",371857,2025-08-25 18:09:11,43.353328704834,-8.42822074890137,"Unknown"
"7014853",371857,2025-08-25 18:14:12,43.3537788391113,-8.42509746551514,"Unknown"
"7014853",371857,2025-08-25 18:19:10,43.3534393310547,-8.42489337921143,"Unknown"
"7014853",371857,2025-08-25 18:24:13,43.3534698486328,-8.42466354370117,"Unknown"
"7014853",371857,2025-08-25 18:29:22,43.3531799316406,-8.42481327056885,"Unknown"
"7014853",371857,2025-08-25 18:34:22,43.3531951904297,-8.424973487854,"Unknown"
"7014853",371857,2025-08-25 18:39:15,43.3532638549805,-8.42450332641602,"Unknown"
"7014853",371857,2025-08-25 18:44:11,43.3532791137695,-8.42474174499512,"Unknown"
"7014853",371857,2025-08-25 18:49:20,43.3533630371094,-8.4241189956665,"Unknown"
"7014853",371857,2025-08-25 18:54:31,43.3533477783203,-8.42463111877441,"Unknown"
"7014853",371857,2025-08-25 18:59:11,43.3533592224121,-8.42469215393066,"Unknown"
"7014853",371857,2025-08-25 19:04:10,43.3529014587402,-8.4171314239502,"Unknown"
"7014853",371857,2025-08-25 19:09:10,43.3527488708496,-8.41725635528564,"Unknown"
"7014853",371857,2025-08-25 19:14:11,43.352897644043,-8.41716957092285,"Unknown"
"7014853",371857,2025-08-25 19:19:10,43.3528289794922,-8.41723918914795,"Unknown"
"7014853",371857,2025-08-25 19:24:11,43.3529014587402,-8.41727733612061,"Unknown"
"7014853",371857,2025-08-25 19:29:10,43.3529586791992,-8.41726493835449,"Unknown"
"7014853",371857,2025-08-25 19:34:11,43.3530006408691,-8.41728019714355,"Unknown"
"7014853",371857,2025-08-25 19:39:13,43.3529891967773,-8.41716766357422,"Unknown"
"7014853",371857,2025-08-25 19:44:11,43.3527412414551,-8.41731452941895,"Unknown"
"7014853",371857,2025-08-25 19:49:12,43.3527908325195,-8.4173059463501,"Unknown"
"7014853",371857,2025-08-25 19:54:11,43.3529624938965,-8.41722583770752,"Unknown"
"7014853",371857,2025-08-25 20:00:21,43.353084564209,-8.41719627380371,"Unknown"
"7014853",371857,2025-08-26 01:00:44,43.3607139587402,-8.40322589874268,"Unknown"
"7014853",371857,2025-08-26 05:56:05,43.3595428466797,-8.40199851989746,"Unknown"
"7014853",371857,2025-08-26 06:00:46,43.3595085144043,-8.40202140808105,"Unknown"
"7014853",371857,2025-08-26 06:05:37,43.35986328125,-8.40285682678223,"Unknown"
"7014853",371857,2025-08-26 06:10:42,43.3600425720215,-8.40243816375732,"Unknown"
"7014853",371857,2025-08-26 06:15:42,43.3596687316895,-8.40011310577393,"Unknown"
"7014853",371857,2025-08-26 06:20:46,43.3596954345703,-8.39986705780029,"Unknown"
"7014853",371857,2025-08-26 06:25:41,43.3598327636719,-8.39946269989014,"Unknown"
"7014853",371857,2025-08-26 06:30:37,43.3597564697266,-8.39970779418945,"Unknown"
"7014853",371857,2025-08-26 06:35:38,43.3596687316895,-8.39982223510742,"Unknown"
"7014853",371857,2025-08-26 06:40:45,43.3597564697266,-8.39929866790771,"Unknown"
"7014853",371857,2025-08-26 06:45:39,43.3598709106445,-8.39917469024658,"Unknown"
"7014853",371857,2025-08-26 06:50:41,43.359935760498,-8.39916324615479,"Unknown"
"7014853",371857,2025-08-26 06:55:36,43.3600234985352,-8.39901733398438,"Unknown"
"7014853",371857,2025-08-26 07:00:38,43.3598518371582,-8.39870357513428,"Unknown"
"7014853",371857,2025-08-26 07:05:37,43.3597793579102,-8.39910125732422,"Unknown"
"7014853",371857,2025-08-26 07:10:37,43.3599700927734,-8.39815521240234,"Unknown"
"7014853",371857,2025-08-26 07:15:36,43.360164642334,-8.39705562591553,"Unknown"
"7014853",371857,2025-08-26 07:20:53,43.3600959777832,-8.39792633056641,"Unknown"
"7014853",371857,2025-08-26 07:25:36,43.3599433898926,-8.39780521392822,"Unknown"
"7014853",371857,2025-08-26 07:30:37,43.3600158691406,-8.39811420440674,"Unknown"
"7014853",371857,2025-08-26 07:35:36,43.3604583740234,-8.4024543762207,"Unknown"
"7014853",371857,2025-08-26 07:40:36,43.3605918884277,-8.39852809906006,"Unknown"
"7014853",371857,2025-08-26 07:45:36,43.3601303100586,-8.39800930023193,"Unknown"
"7014853",371857,2025-08-26 07:50:37,43.3601913452148,-8.39823627471924,"Unknown"
"7014853",371857,2025-08-26 07:55:38,43.3602561950684,-8.39853954315186,"Unknown"
"7014853",371857,2025-08-26 08:00:37,43.3598365783691,-8.39846706390381,"Unknown"
"7014853",371857,2025-08-26 08:05:41,43.3600196838379,-8.40241813659668,"Unknown"
"7014853",371857,2025-08-26 08:11:01,43.3599891662598,-8.40248870849609,"Unknown"
"7014853",371857,2025-08-26 08:15:39,43.3600082397461,-8.40264129638672,"Unknown"
"7014853",371857,2025-08-26 08:20:38,43.359977722168,-8.40264225006104,"Unknown"
"7014853",371857,2025-08-26 08:25:35,43.3565139770508,-8.41810131072998,"Unknown"
"7014853",371857,2025-08-26 08:30:46,43.3533744812012,-8.42498302459717,"Unknown"
"7014853",371857,2025-08-26 08:35:39,43.352409362793,-8.42807006835938,"Unknown"
"7014853",371857,2025-08-26 08:40:49,43.3522148132324,-8.42809104919434,"Unknown"
"7014853",371857,2025-08-26 08:45:48,43.3523216247559,-8.42826461791992,"Unknown"
"7014853",371857,2025-08-26 08:50:37,43.3523139953613,-8.42825412750244,"Unknown"
"7014853",371857,2025-08-26 08:55:39,43.3522071838379,-8.42816257476807,"Unknown"
"7014853",371857,2025-08-26 09:00:51,43.3523178100586,-8.4282751083374,"Unknown"
"7014853",371857,2025-08-26 09:05:52,43.3518371582031,-8.44071292877197,"Unknown"
"7014853",371857,2025-08-26 09:10:51,43.3576774597168,-8.46991443634033,"Unknown"
"7014853",371857,2025-08-26 09:16:04,43.3524703979492,-8.48021984100342,"Unknown"
"7014853",371857,2025-08-26 09:21:14,43.3523941040039,-8.48028945922852,"Unknown"
"7014853",371857,2025-08-26 09:26:05,43.3524589538574,-8.48064994812012,"Unknown"
"7014853",371857,2025-08-26 09:30:36,43.3525810241699,-8.48065757751465,"Unknown"
"7014853",371857,2025-08-26 09:35:40,43.3527069091797,-8.48027420043945,"Unknown"
"7014853",371857,2025-08-26 09:40:36,43.3527069091797,-8.48039722442627,"Unknown"
"7014853",371857,2025-08-26 09:45:38,43.352596282959,-8.48031330108643,"Unknown"
"7014853",371857,2025-08-26 09:50:38,43.3528022766113,-8.48030376434326,"Unknown"
"7014853",371857,2025-08-26 09:55:36,43.3527030944824,-8.48036766052246,"Unknown"
"7014853",371857,2025-08-26 10:00:38,43.352466583252,-8.47780323028564,"Unknown"
"7014853",371857,2025-08-26 10:05:38,43.3527755737305,-8.47749328613281,"Unknown"
"7014853",371857,2025-08-26 10:10:40,43.3525619506836,-8.47778701782227,"Unknown"
"7014853",371857,2025-08-26 10:15:36,43.3524703979492,-8.47785091400146,"Unknown"
"7014853",371857,2025-08-26 10:20:37,43.3526268005371,-8.47781085968018,"Unknown"
"7014853",371857,2025-08-26 10:25:37,43.3527069091797,-8.47792720794678,"Unknown"
"7014853",371857,2025-08-26 10:30:37,43.3525772094727,-8.47786903381348,"Unknown"
"7014853",371857,2025-08-26 10:35:37,43.3525657653809,-8.47783660888672,"Unknown"
"7014853",371857,2025-08-26 10:40:46,43.3526191711426,-8.47781944274902,"Unknown"
"7014853",371857,2025-08-26 10:45:39,43.3525581359863,-8.47772598266602,"Unknown"
"7014853",371857,2025-08-26 10:50:38,43.3563232421875,-8.47210216522217,"Unknown"
"7014853",371857,2025-08-26 10:55:38,43.356388092041,-8.45724105834961,"Unknown"
"7014853",371857,2025-08-26 11:00:52,43.356689453125,-8.45746898651123,"Unknown"
"7014853",371857,2025-08-26 11:05:51,43.3566131591797,-8.45727634429932,"Unknown"
"7014853",371857,2025-08-26 11:10:39,43.3564376831055,-8.45705032348633,"Unknown"
"7014853",371857,2025-08-26 11:15:36,43.3565673828125,-8.45722675323486,"Unknown"
"7014853",371857,2025-08-26 11:21:05,43.3565711975098,-8.45709800720215,"Unknown"
"7014853",371857,2025-08-26 11:25:36,43.3563461303711,-8.45677471160889,"Unknown"
"7014853",371857,2025-08-26 11:30:38,43.3563613891602,-8.45698642730713,"Unknown"
"7014853",371857,2025-08-26 11:35:35,43.3565902709961,-8.45727157592773,"Unknown"
"7014853",371857,2025-08-26 11:40:36,43.3565254211426,-8.4571418762207,"Unknown"
"7014853",371857,2025-08-26 11:45:36,43.3564796447754,-8.45705509185791,"Unknown"
"7014853",371857,2025-08-26 11:50:37,43.3564720153809,-8.45717239379883,"Unknown"
"7014853",371857,2025-08-26 11:55:45,43.3564338684082,-8.4570894241333,"Unknown"
"7014853",371857,2025-08-26 12:00:40,43.3565063476562,-8.45704936981201,"Unknown"
"7014853",371857,2025-08-26 12:05:42,43.3565254211426,-8.45685863494873,"Unknown"
"7014853",371857,2025-08-26 12:10:43,43.3539924621582,-8.45862007141113,"Unknown"
"7014853",371857,2025-08-26 12:15:35,43.3508262634277,-8.45179080963135,"Unknown"
"7014853",371857,2025-08-26 12:20:42,43.340446472168,-8.45365810394287,"Unknown"
"7014853",371857,2025-08-26 12:25:36,43.3405380249023,-8.45387649536133,"Unknown"
"7014853",371857,2025-08-26 12:30:36,43.3409576416016,-8.452561378479,"Unknown"
"7014853",371857,2025-08-26 12:35:37,43.3410530090332,-8.45250606536865,"Unknown"
"7014853",371857,2025-08-26 12:40:39,43.3409576416016,-8.45247554779053,"Unknown"
"7014853",371857,2025-08-26 12:45:39,43.3411712646484,-8.45243167877197,"Unknown"
"7014853",371857,2025-08-26 12:50:37,43.3409996032715,-8.45271110534668,"Unknown"
"7014853",371857,2025-08-26 12:55:38,43.3409843444824,-8.4526538848877,"Unknown"
"7014853",371857,2025-08-26 13:00:38,43.3410263061523,-8.45254039764404,"Unknown"
"7014853",371857,2025-08-26 13:05:37,43.3489379882812,-8.45240592956543,"Unknown"
"7014853",371857,2025-08-26 13:10:42,43.3542518615723,-8.45833683013916,"Unknown"
"7014853",371857,2025-08-26 13:15:42,43.3560485839844,-8.45695400238037,"Unknown"
"7014853",371857,2025-08-26 13:20:36,43.3559379577637,-8.4565372467041,"Unknown"
"7014853",371857,2025-08-26 13:25:36,43.3561134338379,-8.45679950714111,"Unknown"
"7014853",371857,2025-08-26 13:30:38,43.3561096191406,-8.45673370361328,"Unknown"
"7014853",371857,2025-08-26 13:35:36,43.3561935424805,-8.4570140838623,"Unknown"
"7014853",371857,2025-08-26 13:40:48,43.3561820983887,-8.45705413818359,"Unknown"
"7014853",371857,2025-08-26 13:45:36,43.3717269897461,-8.45355987548828,"Unknown"
"7014853",371857,2025-08-26 13:50:36,43.3816261291504,-8.44722461700439,"Unknown"
"7014853",371857,2025-08-26 13:55:36,43.3815574645996,-8.44712066650391,"Unknown"
"7014853",371857,2025-08-26 14:00:53,43.3814811706543,-8.44717597961426,"Unknown"
"7014853",371857,2025-08-26 14:06:00,43.3821411132812,-8.44686603546143,"Unknown"
"7014853",371857,2025-08-26 14:10:52,43.3819694519043,-8.44725894927979,"Unknown"
"7014853",371857,2025-08-26 14:16:05,43.3818969726562,-8.44699859619141,"Unknown"
"7014853",371857,2025-08-26 14:20:39,43.3819160461426,-8.44695663452148,"Unknown"
"7014853",371857,2025-08-26 14:25:40,43.3819313049316,-8.44705867767334,"Unknown"
"7014853",371857,2025-08-26 14:30:41,43.3814239501953,-8.44623756408691,"Unknown"
"7014853",371857,2025-08-26 14:35:42,43.3821868896484,-8.44719696044922,"Unknown"
"7014853",371857,2025-08-26 14:40:42,43.3815116882324,-8.44671249389648,"Unknown"
"7014853",371857,2025-08-26 14:45:48,43.3819351196289,-8.44717025756836,"Unknown"
"7014853",371857,2025-08-26 14:50:41,43.3817291259766,-8.44677543640137,"Unknown"
"7014853",371857,2025-08-26 14:55:39,43.3819770812988,-8.44723606109619,"Unknown"
"7014853",371857,2025-08-26 15:00:45,43.3819885253906,-8.44730186462402,"Unknown"
"7014853",371857,2025-08-26 15:05:46,43.3819160461426,-8.44709205627441,"Unknown"
"7014853",371857,2025-08-26 15:11:05,43.3817253112793,-8.44700717926025,"Unknown"
"7014853",371857,2025-08-26 15:15:46,43.3816375732422,-8.44666767120361,"Unknown"
"7014853",371857,2025-08-26 15:20:41,43.3818702697754,-8.44701957702637,"Unknown"
"7014853",371857,2025-08-26 15:25:39,43.3818092346191,-8.44702911376953,"Unknown"
"7014853",371857,2025-08-26 15:30:41,43.3818511962891,-8.44693851470947,"Unknown"
"7014853",371857,2025-08-26 15:35:37,43.381778717041,-8.44705390930176,"Unknown"
"7014853",371857,2025-08-26 15:40:37,43.3818054199219,-8.44697093963623,"Unknown"
"7014853",371857,2025-08-26 15:45:40,43.3817672729492,-8.44702911376953,"Unknown"
"7014853",371857,2025-08-26 15:50:38,43.3817939758301,-8.44703006744385,"Unknown"
"7014853",371857,2025-08-26 15:55:41,43.3815841674805,-8.44644737243652,"Unknown"
"7014853",371857,2025-08-26 16:01:15,43.3816146850586,-8.44679355621338,"Unknown"
"7014853",371857,2025-08-26 16:05:37,43.3812103271484,-8.44636058807373,"Unknown"
"7014853",371857,2025-08-26 16:10:36,43.3679580688477,-8.40990161895752,"Unknown"
"7014853",371857,2025-08-26 16:16:05,43.3615570068359,-8.40334510803223,"Unknown"
"7014853",371857,2025-08-26 16:20:48,43.3615875244141,-8.40342330932617,"Unknown"
"7014853",371857,2025-08-26 16:25:37,43.3617324829102,-8.40303611755371,"Unknown"
"7014853",371857,2025-08-26 16:30:35,43.3619346618652,-8.40345859527588,"Unknown"
"7014853",371857,2025-08-26 16:35:52,43.3619270324707,-8.40351676940918,"Unknown"
"7014853",371857,2025-08-26 16:40:35,43.361888885498,-8.40313911437988,"Unknown"
"7014853",371857,2025-08-26 16:45:36,43.3617248535156,-8.40327072143555,"Unknown"
"7014853",371857,2025-08-26 16:50:39,43.3595771789551,-8.40386581420898,"Unknown"
"7014853",371857,2025-08-26 16:55:43,43.3617477416992,-8.40324878692627,"Unknown"
"7014853",371857,2025-08-26 17:01:04,43.3616714477539,-8.40335178375244,"Unknown"
"7014853",371857,2025-08-26 17:05:35,43.3617515563965,-8.40329742431641,"Unknown"
"7014853",371857,2025-08-26 17:10:35,43.361743927002,-8.40343952178955,"Unknown"
"7014853",371857,2025-08-26 17:15:36,43.3617515563965,-8.4033899307251,"Unknown"
"7014853",371857,2025-08-26 17:20:36,43.3618125915527,-8.40349197387695,"Unknown"
"7014853",371857,2025-08-26 17:25:37,43.3618812561035,-8.40364456176758,"Unknown"
"7014853",371857,2025-08-26 17:30:36,43.361946105957,-8.40377521514893,"Unknown"
"7014853",371857,2025-08-26 17:35:36,43.3619842529297,-8.40400695800781,"Unknown"
"7014853",371857,2025-08-26 17:40:36,43.361930847168,-8.40380191802979,"Unknown"
"7014853",371857,2025-08-26 17:45:36,43.3619003295898,-8.40362453460693,"Unknown"
"7014853",371857,2025-08-26 17:50:36,43.3617057800293,-8.40333080291748,"Unknown"
"7014853",371857,2025-08-26 17:55:36,43.3618087768555,-8.40343475341797,"Unknown"
"7014853",371857,2025-08-26 18:00:36,43.3617515563965,-8.40335941314697,"Unknown"
"7014853",371857,2025-08-26 18:05:36,43.3617858886719,-8.40361022949219,"Unknown"
"7014853",371857,2025-08-26 18:10:38,43.3618240356445,-8.40355205535889,"Unknown"
"7014853",371857,2025-08-26 18:15:45,43.3617897033691,-8.40334320068359,"Unknown"
"7014853",371857,2025-08-26 18:20:39,43.3617515563965,-8.40350532531738,"Unknown"
"7014853",371857,2025-08-26 18:25:40,43.3617324829102,-8.40361404418945,"Unknown"
"7014853",371857,2025-08-26 18:30:39,43.3618087768555,-8.40371036529541,"Unknown"
"7014853",371857,2025-08-26 18:35:39,43.3618507385254,-8.40354824066162,"Unknown"
"7014853",371857,2025-08-26 18:40:42,43.3618240356445,-8.40371227264404,"Unknown"
"7014853",371857,2025-08-26 18:45:40,43.361743927002,-8.40362453460693,"Unknown"
"7014853",371857,2025-08-26 18:50:38,43.3617668151855,-8.40362071990967,"Unknown"
"7014853",371857,2025-08-26 18:55:51,43.3616828918457,-8.40350532531738,"Unknown"
"7014853",371857,2025-08-26 19:00:39,43.3614768981934,-8.40342426300049,"Unknown"
"7014853",371857,2025-08-26 19:05:39,43.3616561889648,-8.40351104736328,"Unknown"
"7014853",371857,2025-08-26 19:10:41,43.3608055114746,-8.40334129333496,"Unknown"
"7014853",371857,2025-08-26 19:15:39,43.3615341186523,-8.40338325500488,"Unknown"
"7014853",371857,2025-08-26 19:20:39,43.3597984313965,-8.40327072143555,"Unknown"
"7014853",371857,2025-08-26 19:25:39,43.3609199523926,-8.40336132049561,"Unknown"
"7014853",371857,2025-08-26 19:31:03,43.3597564697266,-8.402268409729,"Unknown"
"7014853",371857,2025-08-26 19:35:38,43.3600006103516,-8.4027681350708,"Unknown"
"7014853",371857,2025-08-26 19:40:37,43.359992980957,-8.40264797210693,"Unknown"
"7014853",371857,2025-08-26 19:45:37,43.3602104187012,-8.40274524688721,"Unknown"
"7014853",371857,2025-08-26 19:50:37,43.3599243164062,-8.40262126922607,"Unknown"
"7014853",371857,2025-08-26 19:55:43,43.3599891662598,-8.40260982513428,"Unknown"
"7014853",371857,2025-08-26 19:58:30,43.3599853515625,-8.40255451202393,"Unknown"
"7014853",371857,2025-08-27 00:58:59,43.3608245849609,-8.40323066711426,"Unknown"
"7014853",371857,2025-08-27 05:56:45,43.3599433898926,-8.4022741317749,"Unknown"
"7014853",371857,2025-08-27 06:01:45,43.3604888916016,-8.40246200561523,"Unknown"
"7014853",371857,2025-08-27 06:06:39,43.3601684570312,-8.40170001983643,"Unknown"
"7014853",371857,2025-08-27 06:11:42,43.3605041503906,-8.39763069152832,"Unknown"
"7014853",371857,2025-08-27 06:16:45,43.3597221374512,-8.40186977386475,"Unknown"
"7014853",371857,2025-08-27 06:21:39,43.3597106933594,-8.40189838409424,"Unknown"
"7014853",371857,2025-08-27 06:26:45,43.3596420288086,-8.40220642089844,"Unknown"
"7014853",371857,2025-08-27 06:31:39,43.3596305847168,-8.40197944641113,"Unknown"
"7014853",371857,2025-08-27 06:36:42,43.3601188659668,-8.4024658203125,"Unknown"
"7014853",371857,2025-08-27 06:41:36,43.3600807189941,-8.40263748168945,"Unknown"
"7014853",371857,2025-08-27 06:47:16,43.3598937988281,-8.40253257751465,"Unknown"
"7014853",371857,2025-08-27 06:51:51,43.3585510253906,-8.40177345275879,"Unknown"
"7014853",371857,2025-08-27 06:56:39,43.3594818115234,-8.40199184417725,"Unknown"
"7014853",371857,2025-08-27 07:01:36,43.3608703613281,-8.39918804168701,"Unknown"
"7014853",371857,2025-08-27 07:07:05,43.3595085144043,-8.39968967437744,"Unknown"
"7014853",371857,2025-08-27 07:11:40,43.3597755432129,-8.40003871917725,"Unknown"
"7014853",371857,2025-08-27 07:16:36,43.3598098754883,-8.39974498748779,"Unknown"
"7014853",371857,2025-08-27 07:21:35,43.3598670959473,-8.40011310577393,"Unknown"
"7014853",371857,2025-08-27 07:26:38,43.3600540161133,-8.40284156799316,"Unknown"
"7014853",371857,2025-08-27 07:31:40,43.3602409362793,-8.40290069580078,"Unknown"
"7014853",371857,2025-08-27 07:36:37,43.3601531982422,-8.4028434753418,"Unknown"
"7014853",371857,2025-08-27 07:41:37,43.3601188659668,-8.40277099609375,"Unknown"
"7014853",371857,2025-08-27 07:46:43,43.3601417541504,-8.40289211273193,"Unknown"
"7014853",371857,2025-08-27 07:51:36,43.3601379394531,-8.40298461914062,"Unknown"
"7014853",371857,2025-08-27 07:56:37,43.3601493835449,-8.40285778045654,"Unknown"
"7014853",371857,2025-08-27 08:01:39,43.3602027893066,-8.4027624130249,"Unknown"
"7014853",371857,2025-08-27 08:06:48,43.3601264953613,-8.40304946899414,"Unknown"
"7014853",371857,2025-08-27 08:11:33,43.3601150512695,-8.40290260314941,"Unknown"
"7014853",371857,2025-08-27 08:16:38,43.3601226806641,-8.4028844833374,"Unknown"
"7014853",371857,2025-08-27 08:21:37,43.3601341247559,-8.40283584594727,"Unknown"
"7014853",371857,2025-08-27 08:26:39,43.3602104187012,-8.40274143218994,"Unknown"
"7014853",371857,2025-08-27 08:31:39,43.3602066040039,-8.40272521972656,"Unknown"
"7014853",371857,2025-08-27 08:36:46,43.3600769042969,-8.40286827087402,"Unknown"
"7014853",371857,2025-08-27 08:41:36,43.3601684570312,-8.40279769897461,"Unknown"
"7014853",371857,2025-08-27 08:46:36,43.3602828979492,-8.40269660949707,"Unknown"
"7014853",371857,2025-08-27 08:51:37,43.3602561950684,-8.40275096893311,"Unknown"
"7014853",371857,2025-08-27 08:56:41,43.3609466552734,-8.40267658233643,"Unknown"
"7014853",371857,2025-08-27 09:01:39,43.359691619873,-8.40189838409424,"Unknown"
"7014853",371857,2025-08-27 09:06:36,43.3597183227539,-8.40184688568115,"Unknown"
"7014853",371857,2025-08-27 09:11:39,43.359676361084,-8.40176010131836,"Unknown"
"7014853",371857,2025-08-27 09:16:38,43.359691619873,-8.40182781219482,"Unknown"
"7014853",371857,2025-08-27 09:21:42,43.3594093322754,-8.40174293518066,"Unknown"
"7014853",371857,2025-08-27 09:26:33,43.3595848083496,-8.40186405181885,"Unknown"
"7014853",371857,2025-08-27 09:31:43,43.3594741821289,-8.40181827545166,"Unknown"
"7014853",371857,2025-08-27 09:36:40,43.3594703674316,-8.40183448791504,"Unknown"
"7014853",371857,2025-08-27 09:41:37,43.3596000671387,-8.40182018280029,"Unknown"
"7014853",371857,2025-08-27 09:46:38,43.363842010498,-8.40181541442871,"Unknown"
"7014853",371857,2025-08-27 09:51:36,43.3636131286621,-8.40174961090088,"Unknown"
"7014853",371857,2025-08-27 09:56:33,43.3621635437012,-8.40204048156738,"Unknown"
"7014853",371857,2025-08-27 10:01:37,43.3607063293457,-8.40279293060303,"Unknown"
"7014853",371857,2025-08-27 10:06:36,43.3599739074707,-8.40152168273926,"Unknown"
"7014853",371857,2025-08-27 10:11:34,43.3597450256348,-8.40177345275879,"Unknown"
"7014853",371857,2025-08-27 10:16:40,43.3598556518555,-8.40171718597412,"Unknown"
"7014853",371857,2025-08-27 10:21:38,43.3592681884766,-8.40157794952393,"Unknown"
"7014853",371857,2025-08-27 10:27:05,43.3594779968262,-8.40167427062988,"Unknown"
"7014853",371857,2025-08-27 10:31:33,43.3595085144043,-8.40169143676758,"Unknown"
"7014853",371857,2025-08-27 10:36:33,43.3595123291016,-8.40166187286377,"Unknown"
"7014853",371857,2025-08-27 10:41:34,43.3594360351562,-8.40154647827148,"Unknown"
"7014853",371857,2025-08-27 10:46:34,43.360912322998,-8.40286445617676,"Unknown"
"7014853",371857,2025-08-27 10:51:33,43.3610076904297,-8.40272045135498,"Unknown"
"7014853",371857,2025-08-27 10:56:34,43.3618507385254,-8.40335845947266,"Unknown"
"7014853",371857,2025-08-27 11:01:34,43.3619384765625,-8.40375900268555,"Unknown"
"7014853",371857,2025-08-27 11:06:34,43.3617324829102,-8.40368843078613,"Unknown"
"7014853",371857,2025-08-27 11:11:34,43.3617210388184,-8.40371799468994,"Unknown"
"7014853",371857,2025-08-27 11:16:33,43.3618278503418,-8.40362358093262,"Unknown"
"7014853",371857,2025-08-27 11:21:34,43.3616523742676,-8.40333080291748,"Unknown"
"7014853",371857,2025-08-27 11:26:34,43.3616600036621,-8.40329837799072,"Unknown"
"7014853",371857,2025-08-27 11:31:34,43.3616104125977,-8.40331268310547,"Unknown"
"7014853",371857,2025-08-27 11:36:44,43.3616790771484,-8.40335369110107,"Unknown"
"7014853",371857,2025-08-27 11:41:33,43.3616485595703,-8.40347290039062,"Unknown"
"7014853",371857,2025-08-27 11:46:34,43.3616790771484,-8.40329265594482,"Unknown"
"7014853",371857,2025-08-27 11:51:34,43.3615303039551,-8.4033317565918,"Unknown"
"7014853",371857,2025-08-27 11:56:36,43.3615798950195,-8.40334606170654,"Unknown"
"7014853",371857,2025-08-27 12:01:33,43.3615226745605,-8.40309143066406,"Unknown"
"7014853",371857,2025-08-27 12:06:33,43.3614082336426,-8.40314102172852,"Unknown"
"7014853",371857,2025-08-27 12:11:33,43.3522605895996,-8.41488552093506,"Unknown"
"7014853",371857,2025-08-27 12:16:33,43.3459243774414,-8.44105911254883,"Unknown"
"7014853",371857,2025-08-27 12:21:39,43.3402862548828,-8.45416450500488,"Unknown"
"7014853",371857,2025-08-27 12:26:40,43.340274810791,-8.4546422958374,"Unknown"
"7014853",371857,2025-08-27 12:31:36,43.339958190918,-8.45469665527344,"Unknown"
"7014853",371857,2025-08-27 12:36:36,43.3471298217773,-8.4388313293457,"Unknown"
"7014853",371857,2025-08-27 12:41:34,43.3526802062988,-8.42722797393799,"Unknown"
"7014853",371857,2025-08-27 12:46:44,43.3526306152344,-8.42708492279053,"Unknown"
"7014853",371857,2025-08-27 12:51:44,43.3527450561523,-8.42713642120361,"Unknown"
"7014853",371857,2025-08-27 12:56:36,43.3527679443359,-8.4272985458374,"Unknown"
"7014853",371857,2025-08-27 13:01:36,43.3526878356934,-8.42712020874023,"Unknown"
"7014853",371857,2025-08-27 13:06:36,43.3527488708496,-8.42717552185059,"Unknown"
"7014853",371857,2025-08-27 13:11:33,43.3526878356934,-8.42710590362549,"Unknown"
"7014853",371857,2025-08-27 13:16:35,43.3537101745605,-8.42483806610107,"Unknown"
"7014853",371857,2025-08-27 13:21:33,43.3536796569824,-8.42476749420166,"Unknown"
"7014853",371857,2025-08-27 13:26:39,43.353874206543,-8.42446994781494,"Unknown"
"7014853",371857,2025-08-27 13:31:39,43.3534469604492,-8.42445182800293,"Unknown"
"7014853",371857,2025-08-27 13:36:36,43.3530502319336,-8.42461776733398,"Unknown"
"7014853",371857,2025-08-27 13:41:36,43.353214263916,-8.42481994628906,"Unknown"
"7014853",371857,2025-08-27 13:47:35,43.3537559509277,-8.42483806610107,"Unknown"
"7014853",371857,2025-08-27 13:51:34,43.3536987304688,-8.42465782165527,"Unknown"
"7014853",371857,2025-08-27 13:56:34,43.3536262512207,-8.42472362518311,"Unknown"
"7014853",371857,2025-08-27 14:01:40,43.3537368774414,-8.42469596862793,"Unknown"
"7014853",371857,2025-08-27 14:06:39,43.3536148071289,-8.42459392547607,"Unknown"
"7014853",371857,2025-08-27 14:11:34,43.3534812927246,-8.42457008361816,"Unknown"
"7014853",371857,2025-08-27 14:16:34,43.3535118103027,-8.42454147338867,"Unknown"
"7014853",371857,2025-08-27 14:21:34,43.3534927368164,-8.42470741271973,"Unknown"
"7014853",371857,2025-08-27 14:26:37,43.3533782958984,-8.42453002929688,"Unknown"
"7014853",371857,2025-08-27 14:31:35,43.3534812927246,-8.42471313476562,"Unknown"
"7014853",371857,2025-08-27 14:36:38,43.3535003662109,-8.4246654510498,"Unknown"
"7014853",371857,2025-08-27 14:41:34,43.3534927368164,-8.42562294006348,"Unknown"
"7014853",371857,2025-08-27 14:46:36,43.3515815734863,-8.44537830352783,"Unknown"
"7014853",371857,2025-08-27 14:51:39,43.354362487793,-8.45864391326904,"Unknown"
"7014853",371857,2025-08-27 14:56:49,43.3540534973145,-8.4585599899292,"Unknown"
"7014853",371857,2025-08-27 15:01:41,43.3556137084961,-8.45797634124756,"Unknown"
"7014853",371857,2025-08-27 15:06:36,43.3556251525879,-8.45782661437988,"Unknown"
"7014853",371857,2025-08-27 15:11:37,43.3556289672852,-8.4579553604126,"Unknown"
"7014853",371857,2025-08-27 15:16:37,43.355640411377,-8.4578742980957,"Unknown"
"7014853",371857,2025-08-27 15:21:39,43.3556327819824,-8.45785140991211,"Unknown"
"7014853",371857,2025-08-27 15:26:36,43.3564453125,-8.45720100402832,"Unknown"
"7014853",371857,2025-08-27 15:31:36,43.3564529418945,-8.4571418762207,"Unknown"
"7014853",371857,2025-08-27 15:36:35,43.3564758300781,-8.45714855194092,"Unknown"
"7014853",371857,2025-08-27 15:41:39,43.3565292358398,-8.45739650726318,"Unknown"
"7014853",371857,2025-08-27 15:46:44,43.3564910888672,-8.45727729797363,"Unknown"
"7014853",371857,2025-08-27 15:51:39,43.3564758300781,-8.45727443695068,"Unknown"
"7014853",371857,2025-08-27 15:56:39,43.3565101623535,-8.45710182189941,"Unknown"
"7014853",371857,2025-08-27 16:01:39,43.3565406799316,-8.45738220214844,"Unknown"
"7014853",371857,2025-08-27 16:06:39,43.3565330505371,-8.4571418762207,"Unknown"
"7014853",371857,2025-08-27 16:11:39,43.3563690185547,-8.45703029632568,"Unknown"
"7014853",371857,2025-08-27 16:16:36,43.3563842773438,-8.45703220367432,"Unknown"
"7014853",371857,2025-08-27 16:21:36,43.3563613891602,-8.45691013336182,"Unknown"
"7014853",371857,2025-08-27 16:26:54,43.3549308776855,-8.45790195465088,"Unknown"
"7014853",371857,2025-08-27 16:31:45,43.3549537658691,-8.4578971862793,"Unknown"
"7014853",371857,2025-08-27 16:36:36,43.3548965454102,-8.45808124542236,"Unknown"
"7014853",371857,2025-08-27 16:41:44,43.3549346923828,-8.45839977264404,"Unknown"
"7014853",371857,2025-08-27 16:46:38,43.3548927307129,-8.45854759216309,"Unknown"
"7014853",371857,2025-08-27 16:51:49,43.3540687561035,-8.45882511138916,"Unknown"
"7014853",371857,2025-08-27 16:56:47,43.3540649414062,-8.45852470397949,"Unknown"
"7014853",371857,2025-08-27 17:02:30,43.3548011779785,-8.45826530456543,"Unknown"
"7014853",371857,2025-08-27 17:06:43,43.3549270629883,-8.4580717086792,"Unknown"
"7014853",371857,2025-08-27 17:11:36,43.3550224304199,-8.45785522460938,"Unknown"
"7014853",371857,2025-08-27 17:16:34,43.3549995422363,-8.45851612091064,"Unknown"
"7014853",371857,2025-08-27 17:21:38,43.3549880981445,-8.45857048034668,"Unknown"
"7014853",371857,2025-08-27 17:26:42,43.3550033569336,-8.45827293395996,"Unknown"
"7014853",371857,2025-08-27 17:32:05,43.3549499511719,-8.4579029083252,"Unknown"
"7014853",371857,2025-08-27 17:36:34,43.3549919128418,-8.45789527893066,"Unknown"
"7014853",371857,2025-08-27 17:41:34,43.3549041748047,-8.45789241790771,"Unknown"
"7014853",371857,2025-08-27 17:46:36,43.3548202514648,-8.45767974853516,"Unknown"
"7014853",371857,2025-08-27 17:51:34,43.3513221740723,-8.42612743377686,"Unknown"
"7014853",371857,2025-08-27 17:56:34,43.3530311584473,-8.41749286651611,"Unknown"
"7014853",371857,2025-08-27 18:01:34,43.3530731201172,-8.4174747467041,"Unknown"
"7014853",371857,2025-08-27 18:06:34,43.3530807495117,-8.41752338409424,"Unknown"
"7014853",371857,2025-08-27 18:11:34,43.3530616760254,-8.41750335693359,"Unknown"
"7014853",371857,2025-08-27 18:16:34,43.3531036376953,-8.41755104064941,"Unknown"
"7014853",371857,2025-08-27 18:21:36,43.3530654907227,-8.41753005981445,"Unknown"
"7014853",371857,2025-08-27 18:26:34,43.3530387878418,-8.41754817962646,"Unknown"
"7014853",371857,2025-08-27 18:31:36,43.3530616760254,-8.41759204864502,"Unknown"
"7014853",371857,2025-08-27 18:36:34,43.3530654907227,-8.41754627227783,"Unknown"
"7014853",371857,2025-08-27 18:41:34,43.3530387878418,-8.41753959655762,"Unknown"
"7014853",371857,2025-08-27 18:46:34,43.3530540466309,-8.41753005981445,"Unknown"
"7014853",371857,2025-08-27 18:51:34,43.3530693054199,-8.41757678985596,"Unknown"
"7014853",371857,2025-08-27 18:56:34,43.3530464172363,-8.41750621795654,"Unknown"
"7014853",371857,2025-08-27 19:01:36,43.3531265258789,-8.4176139831543,"Unknown"
"7014853",371857,2025-08-27 19:06:34,43.3530349731445,-8.41754627227783,"Unknown"
"7014853",371857,2025-08-27 19:11:36,43.3615951538086,-8.40346813201904,"Unknown"
"7014853",371857,2025-08-27 19:16:36,43.3616600036621,-8.40339851379395,"Unknown"
"7014853",371857,2025-08-27 19:21:34,43.3616180419922,-8.40354537963867,"Unknown"
"7014853",371857,2025-08-27 19:26:37,43.3615264892578,-8.40349292755127,"Unknown"
"7014853",371857,2025-08-27 19:31:36,43.361629486084,-8.40348720550537,"Unknown"
"7014853",371857,2025-08-27 19:36:43,43.3613700866699,-8.40348815917969,"Unknown"
"7014853",371857,2025-08-27 19:41:34,43.3612251281738,-8.40342998504639,"Unknown"
"7014853",371857,2025-08-27 19:46:34,43.3611488342285,-8.40343284606934,"Unknown"
"7014853",371857,2025-08-27 19:51:38,43.3614692687988,-8.4034481048584,"Unknown"
"7014853",371857,2025-08-27 19:56:43,43.3613319396973,-8.40346527099609,"Unknown"
"7014853",371857,2025-08-28 00:57:06,43.3622398376465,-8.40400409698486,"Unknown"
"7014853",371857,2025-08-28 05:58:05,43.3604774475098,-8.40264701843262,"Unknown"
"7014853",371857,2025-08-28 06:02:44,43.3604583740234,-8.40268993377686,"Unknown"
"7014853",371857,2025-08-28 06:07:46,43.3599662780762,-8.40279102325439,"Unknown"
"7014853",371857,2025-08-28 06:12:45,43.3600120544434,-8.40271949768066,"Unknown"
"7014853",371857,2025-08-28 06:17:43,43.360034942627,-8.40276908874512,"Unknown"
"7014853",371857,2025-08-28 06:22:43,43.3599891662598,-8.4027624130249,"Unknown"
"7014853",371857,2025-08-28 06:27:44,43.3599853515625,-8.40280532836914,"Unknown"
"7014853",371857,2025-08-28 06:32:44,43.3598365783691,-8.40276622772217,"Unknown"
"7014853",371857,2025-08-28 06:37:44,43.3599319458008,-8.40277194976807,"Unknown"
"7014853",371857,2025-08-28 06:42:46,43.3599510192871,-8.40283870697021,"Unknown"
"7014853",371857,2025-08-28 06:47:46,43.3527946472168,-8.41759967803955,"Unknown"
"7014853",371857,2025-08-28 06:52:44,43.3528366088867,-8.41748046875,"Unknown"
"7014853",371857,2025-08-28 06:58:01,43.3528823852539,-8.41762542724609,"Unknown"
"7014853",371857,2025-08-28 07:02:43,43.3529815673828,-8.41760349273682,"Unknown"
"7014853",371857,2025-08-28 07:07:43,43.3529777526855,-8.41769313812256,"Unknown"
"7014853",371857,2025-08-28 07:12:46,43.3528099060059,-8.41750335693359,"Unknown"
"7014853",371857,2025-08-28 07:17:45,43.3531227111816,-8.41802978515625,"Unknown"
"7014853",371857,2025-08-28 07:22:45,43.3527870178223,-8.41761779785156,"Unknown"
"7014853",371857,2025-08-28 07:27:43,43.3529853820801,-8.41765308380127,"Unknown"
"7014853",371857,2025-08-28 07:32:45,43.3529167175293,-8.41775703430176,"Unknown"
"7014853",371857,2025-08-28 07:37:45,43.3528251647949,-8.41764640808105,"Unknown"
"7014853",371857,2025-08-28 07:42:45,43.3526573181152,-8.4171895980835,"Unknown"
"7014853",371857,2025-08-28 07:47:44,43.3523788452148,-8.41696262359619,"Unknown"
"7014853",371857,2025-08-28 07:52:46,43.352954864502,-8.41777229309082,"Unknown"
"7014853",371857,2025-08-28 07:57:45,43.352710723877,-8.41749954223633,"Unknown"
"7014853",371857,2025-08-28 08:02:46,43.3529243469238,-8.41782665252686,"Unknown"
"7014853",371857,2025-08-28 08:07:42,43.3540267944336,-8.41925048828125,"Unknown"
"7014853",371857,2025-08-28 08:12:46,43.3527679443359,-8.41762161254883,"Unknown"
"7014853",371857,2025-08-28 08:17:44,43.3526382446289,-8.41748714447021,"Unknown"
"7014853",371857,2025-08-28 08:23:03,43.3526382446289,-8.41764545440674,"Unknown"
"7014853",371857,2025-08-28 08:28:15,43.3528137207031,-8.41759395599365,"Unknown"
"7014853",371857,2025-08-28 08:32:46,43.352668762207,-8.41766929626465,"Unknown"
"7014853",371857,2025-08-28 08:37:52,43.3527221679688,-8.41763782501221,"Unknown"
"7014853",371857,2025-08-28 08:42:49,43.3528213500977,-8.41745471954346,"Unknown"
"7014853",371857,2025-08-28 08:48:05,43.3528518676758,-8.41755199432373,"Unknown"
"7014853",371857,2025-08-28 08:52:58,43.3528671264648,-8.41765689849854,"Unknown"
"7014853",371857,2025-08-28 08:57:51,43.3528861999512,-8.41764640808105,"Unknown"
"7014853",371857,2025-08-28 09:02:47,43.3528671264648,-8.41758251190186,"Unknown"
"7014853",371857,2025-08-28 09:07:49,43.3528518676758,-8.41766357421875,"Unknown"
"7014853",371857,2025-08-28 09:12:47,43.352912902832,-8.41757202148438,"Unknown"
"7014853",371857,2025-08-28 09:17:52,43.3526840209961,-8.41776847839355,"Unknown"
"7014853",371857,2025-08-28 09:22:49,43.3527374267578,-8.41763401031494,"Unknown"
"7014853",371857,2025-08-28 09:27:49,43.3510055541992,-8.43456840515137,"Unknown"
"7014853",371857,2025-08-28 09:32:56,43.350658416748,-8.43128490447998,"Unknown"
"7014853",371857,2025-08-28 09:37:59,43.3506851196289,-8.43125534057617,"Unknown"
"7014853",371857,2025-08-28 09:43:05,43.3506660461426,-8.43121528625488,"Unknown"
"7014853",371857,2025-08-28 09:47:46,43.3506622314453,-8.43129062652588,"Unknown"
"7014853",371857,2025-08-28 09:52:46,43.3506889343262,-8.43125438690186,"Unknown"
"7014853",371857,2025-08-28 09:57:46,43.3506622314453,-8.43123912811279,"Unknown"
"7014853",371857,2025-08-28 10:02:48,43.3506507873535,-8.43122100830078,"Unknown"
"7014853",371857,2025-08-28 10:07:46,43.3506851196289,-8.4312915802002,"Unknown"
"7014853",371857,2025-08-28 10:12:46,43.3506240844727,-8.43122673034668,"Unknown"
"7014853",371857,2025-08-28 10:17:46,43.3507041931152,-8.43130683898926,"Unknown"
"7014853",371857,2025-08-28 10:22:46,43.3506889343262,-8.43133544921875,"Unknown"
"7014853",371857,2025-08-28 10:27:46,43.3506317138672,-8.43131065368652,"Unknown"
"7014853",371857,2025-08-28 10:32:46,43.3547897338867,-8.44299221038818,"Unknown"
"7014853",371857,2025-08-28 10:37:59,43.3565902709961,-8.45722007751465,"Unknown"
"7014853",371857,2025-08-28 10:42:46,43.3565216064453,-8.45708084106445,"Unknown"
"7014853",371857,2025-08-28 10:47:52,43.3567314147949,-8.45728778839111,"Unknown"
"7014853",371857,2025-08-28 10:52:51,43.3562622070312,-8.45696640014648,"Unknown"
"7014853",371857,2025-08-28 10:58:14,43.3565559387207,-8.45717239379883,"Unknown"
"7014853",371857,2025-08-28 11:02:54,43.3563613891602,-8.45712947845459,"Unknown"
"7014853",371857,2025-08-28 11:07:54,43.3561859130859,-8.45710468292236,"Unknown"
"7014853",371857,2025-08-28 11:12:54,43.3562049865723,-8.45715141296387,"Unknown"
"7014853",371857,2025-08-28 11:17:54,43.3563652038574,-8.45713901519775,"Unknown"
"7014853",371857,2025-08-28 11:23:00,43.3564224243164,-8.4572114944458,"Unknown"
"7014853",371857,2025-08-28 11:28:14,43.3564033508301,-8.4571418762207,"Unknown"
"7014853",371857,2025-08-28 11:32:48,43.3564109802246,-8.45714950561523,"Unknown"
"7014853",371857,2025-08-28 11:37:49,43.3565406799316,-8.45725631713867,"Unknown"
"7014853",371857,2025-08-28 11:42:55,43.3564338684082,-8.4570198059082,"Unknown"
"7014853",371857,2025-08-28 11:58:29,43.3567314147949,-8.45695495605469,"Unknown"
"7014853",371857,2025-08-28 12:02:52,43.3568267822266,-8.45607852935791,"Unknown"
"7014853",371857,2025-08-28 12:07:52,43.3621063232422,-8.45891380310059,"Unknown"
"7014853",371857,2025-08-28 12:12:54,43.3565788269043,-8.45691585540771,"Unknown"
"7014853",371857,2025-08-28 12:17:54,43.3564147949219,-8.45698738098145,"Unknown"
"7014853",371857,2025-08-28 12:22:52,43.3564643859863,-8.45702934265137,"Unknown"
"7014853",371857,2025-08-28 12:27:54,43.3565406799316,-8.45706272125244,"Unknown"
"7014853",371857,2025-08-28 12:32:54,43.3563957214355,-8.45694351196289,"Unknown"
"7014853",371857,2025-08-28 12:37:54,43.3564567565918,-8.45693969726562,"Unknown"
"7014853",371857,2025-08-28 12:42:54,43.3566856384277,-8.45715713500977,"Unknown"
"7014853",371857,2025-08-28 12:48:14,43.3564071655273,-8.45705795288086,"Unknown"
"7014853",371857,2025-08-28 12:52:47,43.3564224243164,-8.45697593688965,"Unknown"
"7014853",371857,2025-08-28 12:57:47,43.356575012207,-8.45701313018799,"Unknown"
"7014853",371857,2025-08-28 13:02:52,43.3562507629395,-8.45693778991699,"Unknown"
"7014853",371857,2025-08-28 13:07:51,43.3564109802246,-8.4569206237793,"Unknown"
"7014853",371857,2025-08-28 13:12:49,43.359489440918,-8.45846939086914,"Unknown"
"7014853",371857,2025-08-28 13:17:48,43.352294921875,-8.47790718078613,"Unknown"
"7014853",371857,2025-08-28 13:22:56,43.3521270751953,-8.47737884521484,"Unknown"
"7014853",371857,2025-08-28 13:28:05,43.3524284362793,-8.4778356552124,"Unknown"
"7014853",371857,2025-08-28 13:32:47,43.3526229858398,-8.47797107696533,"Unknown"
"7014853",371857,2025-08-28 13:37:51,43.352352142334,-8.47779750823975,"Unknown"
"7014853",371857,2025-08-28 13:42:47,43.3523406982422,-8.47770977020264,"Unknown"
"7014853",371857,2025-08-28 13:48:05,43.352180480957,-8.47765636444092,"Unknown"
"7014853",371857,2025-08-28 13:52:47,43.3522033691406,-8.47762203216553,"Unknown"
"7014853",371857,2025-08-28 13:57:49,43.3522148132324,-8.47767925262451,"Unknown"
"7014853",371857,2025-08-28 14:02:47,43.3521957397461,-8.47764015197754,"Unknown"
"7014853",371857,2025-08-28 14:07:46,43.3522338867188,-8.4775857925415,"Unknown"
"7014853",371857,2025-08-28 14:12:51,43.3521842956543,-8.47769260406494,"Unknown"
"7014853",371857,2025-08-28 14:17:48,43.3522033691406,-8.47767639160156,"Unknown"
"7014853",371857,2025-08-28 14:22:49,43.352367401123,-8.47793579101562,"Unknown"
"7014853",371857,2025-08-28 14:28:03,43.3522148132324,-8.47771167755127,"Unknown"
"7014853",371857,2025-08-28 14:32:48,43.3527183532715,-8.4774694442749,"Unknown"
"7014853",371857,2025-08-28 14:38:23,43.3522605895996,-8.47763156890869,"Unknown"
"7014853",371857,2025-08-28 14:42:56,43.352237701416,-8.47761631011963,"Unknown"
"7014853",371857,2025-08-28 14:48:14,43.3522491455078,-8.47769641876221,"Unknown"
"7014853",371857,2025-08-28 14:52:46,43.3522033691406,-8.47768306732178,"Unknown"
"7014853",371857,2025-08-28 14:57:46,43.3521347045898,-8.47788524627686,"Unknown"
"7014853",371857,2025-08-28 15:02:46,43.3521957397461,-8.47775459289551,"Unknown"
"7014853",371857,2025-08-28 15:07:46,43.3521308898926,-8.47766780853271,"Unknown"
"7014853",371857,2025-08-28 15:12:48,43.3521499633789,-8.47797679901123,"Unknown"
"7014853",371857,2025-08-28 15:17:48,43.3522872924805,-8.47768878936768,"Unknown"
"7014853",371857,2025-08-28 15:22:47,43.3523292541504,-8.47783184051514,"Unknown"
"7014853",371857,2025-08-28 15:27:47,43.3521995544434,-8.47777843475342,"Unknown"
"7014853",371857,2025-08-28 15:32:48,43.3520240783691,-8.47755813598633,"Unknown"
"7014853",371857,2025-08-28 15:37:47,43.3587112426758,-8.46613597869873,"Unknown"
"7014853",371857,2025-08-28 15:42:46,43.3524398803711,-8.42751312255859,"Unknown"
"7014853",371857,2025-08-28 15:47:47,43.3524627685547,-8.42734050750732,"Unknown"
"7014853",371857,2025-08-28 15:52:49,43.3523979187012,-8.42741680145264,"Unknown"
"7014853",371857,2025-08-28 15:57:56,43.352424621582,-8.42743968963623,"Unknown"
"7014853",371857,2025-08-28 16:03:15,43.3525733947754,-8.42747497558594,"Unknown"
"7014853",371857,2025-08-28 16:07:46,43.3525848388672,-8.42771625518799,"Unknown"
"7014853",371857,2025-08-28 16:12:47,43.3524055480957,-8.42687797546387,"Unknown"
"7014853",371857,2025-08-28 16:17:46,43.3526000976562,-8.42758178710938,"Unknown"
"7014853",371857,2025-08-28 16:22:46,43.3525314331055,-8.42750644683838,"Unknown"
"7014853",371857,2025-08-28 16:27:46,43.3525772094727,-8.42756843566895,"Unknown"
"7014853",371857,2025-08-28 16:32:46,43.3526191711426,-8.42760372161865,"Unknown"
"7014853",371857,2025-08-28 16:37:48,43.352596282959,-8.4275426864624,"Unknown"
"7014853",371857,2025-08-28 16:42:46,43.3526306152344,-8.42757225036621,"Unknown"
"7014853",371857,2025-08-28 16:48:05,43.3525848388672,-8.42750072479248,"Unknown"
"7014853",371857,2025-08-28 16:52:46,43.3523941040039,-8.42720413208008,"Unknown"
"7014853",371857,2025-08-28 16:58:00,43.3527717590332,-8.42781543731689,"Unknown"
"7014853",371857,2025-08-28 17:02:49,43.3523025512695,-8.42693519592285,"Unknown"
"7014853",371857,2025-08-28 17:08:23,43.3526191711426,-8.42745780944824,"Unknown"
"7014853",371857,2025-08-28 17:12:46,43.3525199890137,-8.42750358581543,"Unknown"
"7014853",371857,2025-08-28 17:17:46,43.3525047302246,-8.42748165130615,"Unknown"
"7014853",371857,2025-08-28 17:22:46,43.3525810241699,-8.42753791809082,"Unknown"
"7014853",371857,2025-08-28 17:27:46,43.3557586669922,-8.42720603942871,"Unknown"
"7014853",371857,2025-08-28 17:32:47,43.3618202209473,-8.40322780609131,"Unknown"
"7014853",371857,2025-08-28 17:37:46,43.3617858886719,-8.40334320068359,"Unknown"
"7014853",371857,2025-08-28 17:42:46,43.3618049621582,-8.40334033966064,"Unknown"
"7014853",371857,2025-08-28 17:47:46,43.3618278503418,-8.4033899307251,"Unknown"
"7014853",371857,2025-08-28 17:52:47,43.3618011474609,-8.40335464477539,"Unknown"
"7014853",371857,2025-08-28 17:57:46,43.3617897033691,-8.40341949462891,"Unknown"
"7014853",371857,2025-08-28 18:02:46,43.361759185791,-8.40334510803223,"Unknown"
"7014853",371857,2025-08-28 18:07:46,43.3617706298828,-8.40331268310547,"Unknown"
"7014853",371857,2025-08-28 18:12:46,43.3617248535156,-8.40331649780273,"Unknown"
"7014853",371857,2025-08-28 18:17:46,43.3617477416992,-8.40334033966064,"Unknown"
"7014853",371857,2025-08-28 18:22:46,43.3617324829102,-8.40333652496338,"Unknown"
"7014853",371857,2025-08-28 18:27:46,43.3617630004883,-8.40331268310547,"Unknown"
"7014853",371857,2025-08-28 18:32:46,43.3617553710938,-8.40329265594482,"Unknown"
"7014853",371857,2025-08-28 18:37:46,43.3617324829102,-8.40328311920166,"Unknown"
"7014853",371857,2025-08-28 18:42:46,43.3617286682129,-8.40325546264648,"Unknown"
"7014853",371857,2025-08-28 18:47:46,43.3618011474609,-8.40329837799072,"Unknown"
"7014853",371857,2025-08-28 18:52:46,43.3617668151855,-8.40321445465088,"Unknown"
"7014853",371857,2025-08-28 18:57:46,43.3617515563965,-8.40326976776123,"Unknown"
"7014853",371857,2025-08-28 19:02:49,43.3617477416992,-8.40326595306396,"Unknown"
"7014853",371857,2025-08-28 19:07:46,43.3617820739746,-8.40335083007812,"Unknown"
"7014853",371857,2025-08-28 19:12:46,43.3617630004883,-8.40329360961914,"Unknown"
"7014853",371857,2025-08-28 19:17:49,43.3618240356445,-8.40326404571533,"Unknown"
"7014853",371857,2025-08-28 19:22:52,43.3618469238281,-8.40340042114258,"Unknown"
"7014853",371857,2025-08-28 19:27:55,43.3618087768555,-8.4034595489502,"Unknown"
"7014853",371857,2025-08-28 19:33:13,43.3617210388184,-8.40352249145508,"Unknown"
"7014853",371857,2025-08-28 19:37:47,43.3615913391113,-8.4036111831665,"Unknown"
"7014853",371857,2025-08-28 19:42:48,43.3619117736816,-8.40357685089111,"Unknown"
"7014853",371857,2025-08-28 19:47:48,43.3619995117188,-8.40299987792969,"Unknown"
"7014853",371857,2025-08-28 19:52:55,43.3616561889648,-8.40344142913818,"Unknown"
"7014853",371857,2025-08-28 19:54:47,43.3616561889648,-8.40341758728027,"Unknown"
"7014853",371857,2025-08-29 00:55:14,43.3616409301758,-8.403489112854,"Unknown"
"7014853",371857,2025-08-29 05:55:16,43.3619728088379,-8.40326976776123,"Unknown"
"7014853",371857,2025-08-29 05:58:54,43.3584289550781,-8.40724849700928,"Unknown"
"7014853",371857,2025-08-29 06:04:00,43.3511085510254,-8.42201900482178,"Unknown"
"7014853",371857,2025-08-29 06:08:58,43.3506278991699,-8.43202114105225,"Unknown"
"7014853",371857,2025-08-29 06:14:06,43.3506469726562,-8.43173599243164,"Unknown"
"7014853",371857,2025-08-29 06:19:06,43.3503227233887,-8.43268203735352,"Unknown"
"7014853",371857,2025-08-29 06:24:00,43.3501892089844,-8.43278026580811,"Unknown"
"7014853",371857,2025-08-29 06:29:01,43.3502464294434,-8.4327335357666,"Unknown"
"7014853",371857,2025-08-29 06:34:15,43.350212097168,-8.43279266357422,"Unknown"
"7014853",371857,2025-08-29 06:38:53,43.3502082824707,-8.43267345428467,"Unknown"
"7014853",371857,2025-08-29 06:43:58,43.3501014709473,-8.43290996551514,"Unknown"
"7014853",371857,2025-08-29 06:49:15,43.3503608703613,-8.43280982971191,"Unknown"
"7014853",371857,2025-08-29 06:53:55,43.3500938415527,-8.43247127532959,"Unknown"
"7014853",371857,2025-08-29 06:58:57,43.3500747680664,-8.43256187438965,"Unknown"
"7014853",371857,2025-08-29 07:03:53,43.3504829406738,-8.43305397033691,"Unknown"
"7014853",371857,2025-08-29 07:09:00,43.3511123657227,-8.44495582580566,"Unknown"
"7014853",371857,2025-08-29 07:14:29,43.3547401428223,-8.45832538604736,"Unknown"
"7014853",371857,2025-08-29 07:18:58,43.354793548584,-8.45827674865723,"Unknown"
"7014853",371857,2025-08-29 07:23:52,43.354793548584,-8.45829772949219,"Unknown"
"7014853",371857,2025-08-29 07:28:58,43.3546485900879,-8.45827579498291,"Unknown"
"7014853",371857,2025-08-29 07:33:58,43.354850769043,-8.45831775665283,"Unknown"
"7014853",371857,2025-08-29 07:38:52,43.3548011779785,-8.45812129974365,"Unknown"
"7014853",371857,2025-08-29 07:43:52,43.3547477722168,-8.45823764801025,"Unknown"
"7014853",371857,2025-08-29 07:48:59,43.3546981811523,-8.45819473266602,"Unknown"
"7014853",371857,2025-08-29 07:53:58,43.3547592163086,-8.45828628540039,"Unknown"
"7014853",371857,2025-08-29 07:58:52,43.356315612793,-8.45708560943604,"Unknown"
"7014853",371857,2025-08-29 08:03:59,43.3561515808105,-8.45720958709717,"Unknown"
"7014853",371857,2025-08-29 08:09:25,43.3563919067383,-8.45699214935303,"Unknown"
"7014853",371857,2025-08-29 08:13:53,43.3564643859863,-8.45717525482178,"Unknown"
"7014853",371857,2025-08-29 08:18:55,43.3560066223145,-8.45711898803711,"Unknown"
"7014853",371857,2025-08-29 08:23:53,43.3561973571777,-8.45716762542725,"Unknown"
"7014853",371857,2025-08-29 08:28:53,43.3562049865723,-8.45724678039551,"Unknown"
"7014853",371857,2025-08-29 08:33:58,43.3563652038574,-8.45700740814209,"Unknown"
"7014853",371857,2025-08-29 08:38:53,43.3564033508301,-8.45704174041748,"Unknown"
"7014853",371857,2025-08-29 08:43:52,43.3564605712891,-8.45711040496826,"Unknown"
"7014853",371857,2025-08-29 08:48:53,43.3563117980957,-8.45727634429932,"Unknown"
"7014853",371857,2025-08-29 08:54:08,43.356388092041,-8.45721435546875,"Unknown"
"7014853",371857,2025-08-29 08:58:54,43.3564720153809,-8.45716190338135,"Unknown"
"7014853",371857,2025-08-29 09:03:52,43.3563499450684,-8.45711517333984,"Unknown"
"7014853",371857,2025-08-29 09:09:08,43.3564071655273,-8.45711326599121,"Unknown"
"7014853",371857,2025-08-29 09:13:53,43.3564949035645,-8.45711421966553,"Unknown"
"7014853",371857,2025-08-29 09:18:54,43.356372833252,-8.45723533630371,"Unknown"
"7014853",371857,2025-08-29 09:23:57,43.3559875488281,-8.45787525177002,"Unknown"
"7014853",371857,2025-08-29 09:28:59,43.3560409545898,-8.45796394348145,"Unknown"
"7014853",371857,2025-08-29 09:33:53,43.3559150695801,-8.45789623260498,"Unknown"
"7014853",371857,2025-08-29 09:38:54,43.3559646606445,-8.45790576934814,"Unknown"
"7014853",371857,2025-08-29 09:44:00,43.3559265136719,-8.45782089233398,"Unknown"
"7014853",371857,2025-08-29 09:49:01,43.3564300537109,-8.45684337615967,"Unknown"
"7014853",371857,2025-08-29 09:53:53,43.3564414978027,-8.45715045928955,"Unknown"
"7014853",371857,2025-08-29 09:58:52,43.3564529418945,-8.4570894241333,"Unknown"
"7014853",371857,2025-08-29 10:03:52,43.3564796447754,-8.45718002319336,"Unknown"
"7014853",371857,2025-08-29 10:09:28,43.3565254211426,-8.4570951461792,"Unknown"
"7014853",371857,2025-08-29 10:13:52,43.356559753418,-8.45727252960205,"Unknown"
"7014853",371857,2025-08-29 10:18:53,43.356502532959,-8.45713329315186,"Unknown"
"7014853",371857,2025-08-29 10:23:53,43.3563842773438,-8.45703601837158,"Unknown"
"7014853",371857,2025-08-29 10:28:52,43.3591918945312,-8.45730495452881,"Unknown"
"7014853",371857,2025-08-29 10:34:17,43.3563575744629,-8.45724964141846,"Unknown"
"7014853",371857,2025-08-29 10:38:53,43.3563194274902,-8.45715045928955,"Unknown"
"7014853",371857,2025-08-29 10:43:55,43.3565864562988,-8.45719146728516,"Unknown"
"7014853",371857,2025-08-29 10:48:58,43.3565521240234,-8.45715236663818,"Unknown"
"7014853",371857,2025-08-29 10:53:53,43.3565673828125,-8.45716571807861,"Unknown"
"7014853",371857,2025-08-29 10:58:53,43.3566093444824,-8.45715141296387,"Unknown"
"7014853",371857,2025-08-29 11:04:01,43.3564186096191,-8.45669269561768,"Unknown"
"7014853",371857,2025-08-29 11:08:58,43.3566703796387,-8.45728302001953,"Unknown"
"7014853",371857,2025-08-29 11:13:57,43.3565368652344,-8.4570894241333,"Unknown"
"7014853",371857,2025-08-29 11:19:02,43.3566627502441,-8.45726299285889,"Unknown"
"7014853",371857,2025-08-29 11:23:54,43.3564987182617,-8.4572286605835,"Unknown"
"7014853",371857,2025-08-29 11:28:57,43.3567237854004,-8.45748996734619,"Unknown"
"7014853",371857,2025-08-29 11:34:03,43.3566665649414,-8.45732975006104,"Unknown"
"7014853",371857,2025-08-29 11:39:59,43.3562088012695,-8.45712757110596,"Unknown"
"7014853",371857,2025-08-29 11:43:57,43.3573951721191,-8.45752048492432,"Unknown"
"7014853",371857,2025-08-29 11:48:52,43.356502532959,-8.45709228515625,"Unknown"
"7014853",371857,2025-08-29 11:53:52,43.3520698547363,-8.45348930358887,"Unknown"
"7014853",371857,2025-08-29 11:58:57,43.3399963378906,-8.45430660247803,"Unknown"
"7014853",371857,2025-08-29 12:03:52,43.3406066894531,-8.4522066116333,"Unknown"
"7014853",371857,2025-08-29 12:08:54,43.3468704223633,-8.43986225128174,"Unknown"
"7014853",371857,2025-08-29 12:13:52,43.3470840454102,-8.43991470336914,"Unknown"
"7014853",371857,2025-08-29 12:19:01,43.3468437194824,-8.43967056274414,"Unknown"
"7014853",371857,2025-08-29 12:23:52,43.350399017334,-8.44821357727051,"Unknown"
"7014853",371857,2025-08-29 12:28:55,43.3504333496094,-8.4483060836792,"Unknown"
"7014853",371857,2025-08-29 12:33:55,43.3505592346191,-8.44855403900146,"Unknown"
"7014853",371857,2025-08-29 12:38:53,43.3505172729492,-8.44841480255127,"Unknown"
"7014853",371857,2025-08-29 12:43:52,43.3505325317383,-8.44855880737305,"Unknown"
"7014853",371857,2025-08-29 12:48:58,43.3505210876465,-8.44852924346924,"Unknown"
"7014853",371857,2025-08-29 12:54:01,43.3504409790039,-8.4482593536377,"Unknown"
"7014853",371857,2025-08-29 12:58:54,43.3505516052246,-8.44856834411621,"Unknown"
"7014853",371857,2025-08-29 13:03:53,43.350513458252,-8.448561668396,"Unknown"
"7014853",371857,2025-08-29 13:09:01,43.3505897521973,-8.44883823394775,"Unknown"
"7014853",371857,2025-08-29 13:13:53,43.3509864807129,-8.45070934295654,"Unknown"
"7014853",371857,2025-08-29 13:18:53,43.3554382324219,-8.45786476135254,"Unknown"
"7014853",371857,2025-08-29 13:23:57,43.355396270752,-8.45782279968262,"Unknown"
"7014853",371857,2025-08-29 13:28:54,43.3553428649902,-8.45791625976562,"Unknown"
"7014853",371857,2025-08-29 13:33:57,43.3554649353027,-8.45789527893066,"Unknown"
"7014853",371857,2025-08-29 13:39:14,43.3554306030273,-8.45792865753174,"Unknown"
"7014853",371857,2025-08-29 13:43:52,43.3554534912109,-8.45797252655029,"Unknown"
"7014853",371857,2025-08-29 13:48:52,43.3555068969727,-8.45780754089355,"Unknown"
"7014853",371857,2025-08-29 13:53:52,43.3554039001465,-8.45792865753174,"Unknown"
"7014853",371857,2025-08-29 13:58:52,43.3555107116699,-8.45792484283447,"Unknown"
"7014853",371857,2025-08-29 14:03:52,43.3556709289551,-8.45787048339844,"Unknown"
"7014853",371857,2025-08-29 14:08:53,43.3556442260742,-8.45780754089355,"Unknown"
"7014853",371857,2025-08-29 14:13:52,43.3556709289551,-8.45834255218506,"Unknown"
"7014853",371857,2025-08-29 14:18:54,43.355712890625,-8.45858287811279,"Unknown"
"7014853",371857,2025-08-29 14:23:54,43.3556442260742,-8.45787334442139,"Unknown"
"7014853",371857,2025-08-29 14:28:53,43.3558349609375,-8.45785522460938,"Unknown"
"7014853",371857,2025-08-29 14:34:14,43.3557891845703,-8.4579553604126,"Unknown"
"7014853",371857,2025-08-29 14:38:57,43.3558044433594,-8.45777988433838,"Unknown"
"7014853",371857,2025-08-29 14:43:52,43.3559532165527,-8.45760154724121,"Unknown"
"7014853",371857,2025-08-29 14:48:52,43.355842590332,-8.45762157440186,"Unknown"
"7014853",371857,2025-08-29 14:53:54,43.3557243347168,-8.45806694030762,"Unknown"
"7014853",371857,2025-08-29 14:58:59,43.3560562133789,-8.45790195465088,"Unknown"
"7014853",371857,2025-08-29 15:03:54,43.3559837341309,-8.45796394348145,"Unknown"
"7014853",371857,2025-08-29 15:08:59,43.356071472168,-8.45756721496582,"Unknown"
"7014853",371857,2025-08-29 15:13:55,43.3560638427734,-8.45775318145752,"Unknown"
"7014853",371857,2025-08-29 15:19:01,43.3558387756348,-8.45811080932617,"Unknown"
"7014853",371857,2025-08-29 15:23:57,43.3560485839844,-8.45820426940918,"Unknown"
"7014853",371857,2025-08-29 15:29:01,43.3560218811035,-8.45784950256348,"Unknown"
"7014853",371857,2025-08-29 15:34:15,43.3557891845703,-8.45779132843018,"Unknown"
"7014853",371857,2025-08-29 15:38:52,43.3558311462402,-8.45774269104004,"Unknown"
"7014853",371857,2025-08-29 15:43:54,43.355655670166,-8.45770072937012,"Unknown"
"7014853",371857,2025-08-29 15:48:55,43.356014251709,-8.45790100097656,"Unknown"
"7014853",371857,2025-08-29 15:53:57,43.3557472229004,-8.45780849456787,"Unknown"
"7014853",371857,2025-08-29 15:59:02,43.3557243347168,-8.4572696685791,"Unknown"
"7014853",371857,2025-08-29 16:04:16,43.3558502197266,-8.45781230926514,"Unknown"
"7014853",371857,2025-08-29 16:08:58,43.3559188842773,-8.45757675170898,"Unknown"
"7014853",371857,2025-08-29 16:13:59,43.3558654785156,-8.45758819580078,"Unknown"
"7014853",371857,2025-08-29 16:19:05,43.3559112548828,-8.45772552490234,"Unknown"
"7014853",371857,2025-08-29 16:24:23,43.3558692932129,-8.45786285400391,"Unknown"
"7014853",371857,2025-08-29 16:28:52,43.3558540344238,-8.45779991149902,"Unknown"
"7014853",371857,2025-08-29 16:33:59,43.3557548522949,-8.45785522460938,"Unknown"
"7014853",371857,2025-08-29 16:39:15,43.3558464050293,-8.45777225494385,"Unknown"
"7014853",371857,2025-08-29 16:43:55,43.3559532165527,-8.45789623260498,"Unknown"
"7014853",371857,2025-08-29 16:49:14,43.355842590332,-8.45776271820068,"Unknown"
"7014853",371857,2025-08-29 16:53:52,43.3557586669922,-8.45753860473633,"Unknown"
"7014853",371857,2025-08-29 16:58:58,43.3558883666992,-8.45781421661377,"Unknown"
"7014853",371857,2025-08-29 17:04:01,43.3559722900391,-8.45791912078857,"Unknown"
"7014853",371857,2025-08-29 17:08:55,43.3559303283691,-8.45771312713623,"Unknown"
"7014853",371857,2025-08-29 17:13:57,43.3558731079102,-8.45745086669922,"Unknown"
"7014853",371857,2025-08-29 17:18:53,43.3558692932129,-8.45759773254395,"Unknown"
"7014853",371857,2025-08-29 17:23:54,43.3559341430664,-8.45762825012207,"Unknown"
"7014853",371857,2025-08-29 17:28:53,43.3560333251953,-8.4575662612915,"Unknown"
"7014853",371857,2025-08-29 17:33:58,43.3560752868652,-8.45789241790771,"Unknown"
"7014853",371857,2025-08-29 17:38:54,43.3559875488281,-8.45777606964111,"Unknown"
"7014853",371857,2025-08-29 17:43:53,43.3560028076172,-8.45754623413086,"Unknown"
"7014853",371857,2025-08-29 17:49:29,43.3564567565918,-8.45704174041748,"Unknown"
"7014853",371857,2025-08-29 17:53:56,43.3566246032715,-8.45715522766113,"Unknown"
"7014853",371857,2025-08-29 17:59:37,43.3565063476562,-8.45705413818359,"Unknown"
"7014853",371857,2025-08-29 18:03:52,43.3563919067383,-8.45713901519775,"Unknown"
"7014853",371857,2025-08-29 18:09:11,43.3563270568848,-8.45685958862305,"Unknown"
"7014853",371857,2025-08-29 18:13:54,43.3568153381348,-8.45630550384521,"Unknown"
"7014853",371857,2025-08-29 18:19:14,43.3563995361328,-8.45713329315186,"Unknown"
"7014853",371857,2025-08-29 18:23:53,43.3564758300781,-8.45710277557373,"Unknown"
"7014853",371857,2025-08-29 18:28:53,43.3563919067383,-8.45705318450928,"Unknown"
"7014853",371857,2025-08-29 18:33:53,43.3564949035645,-8.45705223083496,"Unknown"
"7014853",371857,2025-08-29 18:39:28,43.3565406799316,-8.45707702636719,"Unknown"
"7014853",371857,2025-08-29 18:44:33,43.3562507629395,-8.45731639862061,"Unknown"
"7014853",371857,2025-08-29 18:48:54,43.3619003295898,-8.45720767974854,"Unknown"
"7014853",371857,2025-08-29 18:53:54,43.3850631713867,-8.43436241149902,"Unknown"
"7014853",371857,2025-08-29 18:58:57,43.3727989196777,-8.42002010345459,"Unknown"
"7014853",371857,2025-08-29 19:03:57,43.3621826171875,-8.4038553237915,"Unknown"
"7014853",371857,2025-08-29 19:08:58,43.362190246582,-8.40386199951172,"Unknown"
"7014853",371857,2025-08-29 19:13:58,43.3621711730957,-8.40389442443848,"Unknown"
"7014853",371857,2025-08-29 19:19:02,43.3622016906738,-8.40392208099365,"Unknown"
"7014853",371857,2025-08-29 19:24:01,43.3622970581055,-8.4040699005127,"Unknown"
"7014853",371857,2025-08-29 19:29:03,43.3623466491699,-8.40412139892578,"Unknown"
"7014853",371857,2025-08-29 19:34:14,43.362247467041,-8.40401458740234,"Unknown"
"7014853",371857,2025-08-29 19:39:29,43.3621215820312,-8.40378189086914,"Unknown"
"7014853",371857,2025-08-29 19:43:53,43.3620491027832,-8.40381813049316,"Unknown"
"7014853",371857,2025-08-29 19:48:52,43.3620109558105,-8.40372943878174,"Unknown"
"7014853",371857,2025-08-29 19:53:10,43.3622894287109,-8.40621089935303,"Unknown"
"7014853",371857,2025-08-30 00:53:35,43.3619232177734,-8.4037618637085,"Unknown"
"7014853",371857,2025-08-30 05:53:35,43.3631019592285,-8.40409564971924,"Unknown"
"7014853",371857,2025-08-30 05:59:56,43.3630599975586,-8.40408706665039,"Unknown"
"7014853",371857,2025-08-30 06:04:58,43.3630790710449,-8.40408515930176,"Unknown"
"7014853",371857,2025-08-30 06:09:57,43.3631591796875,-8.40398025512695,"Unknown"
"7014853",371857,2025-08-30 06:15:06,43.363037109375,-8.40408515930176,"Unknown"
"7014853",371857,2025-08-30 06:20:08,43.363151550293,-8.40410137176514,"Unknown"
"7014853",371857,2025-08-30 06:24:57,43.3557357788086,-8.4116907119751,"Unknown"
"7014853",371857,2025-08-30 06:29:57,43.352912902832,-8.41776561737061,"Unknown"
"7014853",371857,2025-08-30 06:34:56,43.3528671264648,-8.41784381866455,"Unknown"
"7014853",371857,2025-08-30 06:39:57,43.3529243469238,-8.41764450073242,"Unknown"
"7014853",371857,2025-08-30 06:45:06,43.3528480529785,-8.41775321960449,"Unknown"
"7014853",371857,2025-08-30 06:49:58,43.3527946472168,-8.41784191131592,"Unknown"
"7014853",371857,2025-08-30 06:54:56,43.3528442382812,-8.41786003112793,"Unknown"
"7014853",371857,2025-08-30 06:59:56,43.3528099060059,-8.41787338256836,"Unknown"
"7014853",371857,2025-08-30 07:04:58,43.3527488708496,-8.41797351837158,"Unknown"
"7014853",371857,2025-08-30 07:09:56,43.3523063659668,-8.43996047973633,"Unknown"
"7014853",371857,2025-08-30 07:14:58,43.355110168457,-8.45822525024414,"Unknown"
"7014853",371857,2025-08-30 07:20:00,43.3549537658691,-8.45813465118408,"Unknown"
"7014853",371857,2025-08-30 07:25:06,43.3554954528809,-8.45781230926514,"Unknown"
"7014853",371857,2025-08-30 07:29:59,43.3555717468262,-8.45782661437988,"Unknown"
"7014853",371857,2025-08-30 07:34:58,43.3555030822754,-8.45792961120605,"Unknown"
"7014853",371857,2025-08-30 07:39:56,43.3566856384277,-8.45723628997803,"Unknown"
"7014853",371857,2025-08-30 07:44:58,43.3563995361328,-8.45715713500977,"Unknown"
"7014853",371857,2025-08-30 07:50:04,43.356372833252,-8.45706653594971,"Unknown"
"7014853",371857,2025-08-30 07:54:58,43.3562164306641,-8.45788383483887,"Unknown"
"7014853",371857,2025-08-30 08:00:00,43.3562316894531,-8.45815372467041,"Unknown"
"7014853",371857,2025-08-30 08:05:12,43.3563537597656,-8.45785808563232,"Unknown"
"7014853",371857,2025-08-30 08:09:56,43.3563842773438,-8.45791149139404,"Unknown"
"7014853",371857,2025-08-30 08:15:00,43.3565673828125,-8.45778751373291,"Unknown"
"7014853",371857,2025-08-30 08:20:00,43.3564796447754,-8.45767021179199,"Unknown"
"7014853",371857,2025-08-30 08:25:00,43.3562126159668,-8.45795917510986,"Unknown"
"7014853",371857,2025-08-30 08:30:01,43.3563613891602,-8.45790672302246,"Unknown"
"7014853",371857,2025-08-30 08:35:04,43.3563575744629,-8.45788860321045,"Unknown"
"7014853",371857,2025-08-30 08:40:06,43.3562660217285,-8.45783996582031,"Unknown"
"7014853",371857,2025-08-30 08:45:25,43.3562889099121,-8.45798778533936,"Unknown"
"7014853",371857,2025-08-30 08:49:58,43.356201171875,-8.45819473266602,"Unknown"
"7014853",371857,2025-08-30 08:55:06,43.3562812805176,-8.45789813995361,"Unknown"
"7014853",371857,2025-08-30 08:59:59,43.3562088012695,-8.4579963684082,"Unknown"
"7014853",371857,2025-08-30 09:05:04,43.3564605712891,-8.45731067657471,"Unknown"
"7014853",371857,2025-08-30 09:10:11,43.356372833252,-8.4571533203125,"Unknown"
"7014853",371857,2025-08-30 09:14:59,43.3564491271973,-8.45726776123047,"Unknown"
"7014853",371857,2025-08-30 09:20:27,43.3564682006836,-8.4568977355957,"Unknown"
"7014853",371857,2025-08-30 09:25:08,43.3565254211426,-8.45720481872559,"Unknown"
"7014853",371857,2025-08-30 09:30:19,43.3566284179688,-8.45692825317383,"Unknown"
"7014853",371857,2025-08-30 09:35:20,43.3561897277832,-8.45707511901855,"Unknown"
"7014853",371857,2025-08-30 09:40:24,43.3557891845703,-8.45704364776611,"Unknown"
"7014853",371857,2025-08-30 09:45:44,43.3551216125488,-8.45538139343262,"Unknown"
"7014853",371857,2025-08-30 09:50:32,43.35400390625,-8.45867538452148,"Unknown"
"7014853",371857,2025-08-30 09:56:03,43.3536529541016,-8.45856380462646,"Unknown"
"7014853",371857,2025-08-30 10:10:35,43.3556289672852,-8.45818424224854,"Unknown"
"7014853",371857,2025-08-30 10:15:01,43.3558807373047,-8.45835304260254,"Unknown"
"7014853",371857,2025-08-30 10:20:00,43.3558921813965,-8.45845985412598,"Unknown"
"7014853",371857,2025-08-30 10:24:59,43.3558082580566,-8.45835399627686,"Unknown"
"7014853",371857,2025-08-30 10:29:59,43.3560104370117,-8.45832252502441,"Unknown"
"7014853",371857,2025-08-30 10:35:29,43.356143951416,-8.45831108093262,"Unknown"
"7014853",371857,2025-08-30 10:40:34,43.3554229736328,-8.47285461425781,"Unknown"
"7014853",371857,2025-08-30 10:44:59,43.3524742126465,-8.47796821594238,"Unknown"
"7014853",371857,2025-08-30 10:50:09,43.3522186279297,-8.47772407531738,"Unknown"
"7014853",371857,2025-08-30 10:55:10,43.3523178100586,-8.47793102264404,"Unknown"
"7014853",371857,2025-08-30 10:59:59,43.3523712158203,-8.47795963287354,"Unknown"
"7014853",371857,2025-08-30 11:04:58,43.3523406982422,-8.47790145874023,"Unknown"
"7014853",371857,2025-08-30 11:09:57,43.3527221679688,-8.47814846038818,"Unknown"
"7014853",371857,2025-08-30 11:14:59,43.3523712158203,-8.47795581817627,"Unknown"
"7014853",371857,2025-08-30 11:19:57,43.3526458740234,-8.47815418243408,"Unknown"
"7014853",371857,2025-08-30 11:25:03,43.3539619445801,-8.48008060455322,"Unknown"
"7014853",371857,2025-08-30 11:30:06,43.3517379760742,-8.47707176208496,"Unknown"
"7014853",371857,2025-08-30 11:35:14,43.3526153564453,-8.47746753692627,"Unknown"
"7014853",371857,2025-08-30 11:39:59,43.3533248901367,-8.47746753692627,"Unknown"
"7014853",371857,2025-08-30 11:45:01,43.3533973693848,-8.47793483734131,"Unknown"
"7014853",371857,2025-08-30 11:50:00,43.3532562255859,-8.47849464416504,"Unknown"
"7014853",371857,2025-08-30 11:55:06,43.353931427002,-8.47910213470459,"Unknown"
"7014853",371857,2025-08-30 12:00:06,43.353443145752,-8.4781379699707,"Unknown"
"7014853",371857,2025-08-30 12:05:00,43.3533096313477,-8.47787666320801,"Unknown"
"7014853",371857,2025-08-30 12:10:13,43.3534317016602,-8.47798728942871,"Unknown"
"7014853",371857,2025-08-30 12:15:01,43.3533477783203,-8.47790050506592,"Unknown"
"7014853",371857,2025-08-30 12:19:59,43.3530654907227,-8.47712326049805,"Unknown"
"7014853",371857,2025-08-30 12:25:00,43.3532905578613,-8.47776031494141,"Unknown"
"7014853",371857,2025-08-30 12:30:10,43.3534317016602,-8.47789478302002,"Unknown"
"7014853",371857,2025-08-30 12:34:57,43.3533363342285,-8.47784519195557,"Unknown"
"7014853",371857,2025-08-30 12:40:03,43.353458404541,-8.47786712646484,"Unknown"
"7014853",371857,2025-08-30 12:44:59,43.353401184082,-8.47790431976318,"Unknown"
"7014853",371857,2025-08-30 12:50:11,43.3533172607422,-8.47794342041016,"Unknown"
"7014853",371857,2025-08-30 12:54:58,43.3534049987793,-8.47786712646484,"Unknown"
"7014853",371857,2025-08-30 12:59:57,43.3533134460449,-8.47774600982666,"Unknown"
"7014853",371857,2025-08-30 13:04:57,43.3532371520996,-8.47746658325195,"Unknown"
"7014853",371857,2025-08-30 13:09:56,43.3532829284668,-8.47757244110107,"Unknown"
"7014853",371857,2025-08-30 13:15:00,43.3533935546875,-8.47781085968018,"Unknown"
"7014853",371857,2025-08-30 13:20:00,43.3533706665039,-8.47787094116211,"Unknown"
"7014853",371857,2025-08-30 13:24:58,43.3549537658691,-8.47625541687012,"Unknown"
"7014853",371857,2025-08-30 13:30:03,43.3568687438965,-8.47285079956055,"Unknown"
"7014853",371857,2025-08-30 13:34:59,43.3568382263184,-8.47285938262939,"Unknown"
"7014853",371857,2025-08-30 13:40:00,43.3569602966309,-8.47300815582275,"Unknown"
"7014853",371857,2025-08-30 13:45:00,43.3569793701172,-8.47304058074951,"Unknown"
"7014853",371857,2025-08-30 13:50:29,43.3567543029785,-8.47263526916504,"Unknown"
"7014853",371857,2025-08-30 13:54:57,43.356746673584,-8.47264575958252,"Unknown"
"7014853",371857,2025-08-30 13:59:57,43.3568534851074,-8.47271156311035,"Unknown"
"7014853",371857,2025-08-30 14:04:56,43.3569526672363,-8.47250843048096,"Unknown"
"7014853",371857,2025-08-30 14:09:58,43.3567123413086,-8.47273731231689,"Unknown"
"7014853",371857,2025-08-30 14:14:56,43.3566436767578,-8.47276401519775,"Unknown"
"7014853",371857,2025-08-30 14:19:56,43.3566780090332,-8.47282409667969,"Unknown"
"7014853",371857,2025-08-30 14:24:56,43.3567810058594,-8.47294235229492,"Unknown"
"7014853",371857,2025-08-30 14:29:57,43.3565711975098,-8.47283840179443,"Unknown"
"7014853",371857,2025-08-30 14:34:57,43.3561744689941,-8.47248077392578,"Unknown"
"7014853",371857,2025-08-30 14:39:57,43.3563842773438,-8.47236347198486,"Unknown"
"7014853",371857,2025-08-30 14:44:58,43.3564186096191,-8.47250080108643,"Unknown"
"7014853",371857,2025-08-30 14:50:29,43.3566131591797,-8.47281265258789,"Unknown"
"7014853",371857,2025-08-30 14:54:56,43.3566398620605,-8.47281932830811,"Unknown"
"7014853",371857,2025-08-30 14:59:56,43.356632232666,-8.47277641296387,"Unknown"
"7014853",371857,2025-08-30 15:04:56,43.3566131591797,-8.47286605834961,"Unknown"
"7014853",371857,2025-08-30 15:09:56,43.3566207885742,-8.47280788421631,"Unknown"
"7014853",371857,2025-08-30 15:14:56,43.3565864562988,-8.4727783203125,"Unknown"
"7014853",371857,2025-08-30 15:19:56,43.3566055297852,-8.47282314300537,"Unknown"
"7014853",371857,2025-08-30 15:24:56,43.3566055297852,-8.47280120849609,"Unknown"
"7014853",371857,2025-08-30 15:29:56,43.3565864562988,-8.47282028198242,"Unknown"
"7014853",371857,2025-08-30 15:34:56,43.356616973877,-8.47282695770264,"Unknown"
"7014853",371857,2025-08-30 15:39:56,43.35693359375,-8.47384738922119,"Unknown"
"7014853",371857,2025-08-30 15:44:57,43.3606262207031,-8.45100784301758,"Unknown"
"7014853",371857,2025-08-30 15:49:57,43.3479804992676,-8.4481840133667,"Unknown"
"7014853",371857,2025-08-30 15:54:56,43.3402786254883,-8.45426082611084,"Unknown"
"7014853",371857,2025-08-30 15:59:57,43.3401679992676,-8.45335006713867,"Unknown"
"7014853",371857,2025-08-30 16:04:57,43.3549499511719,-8.41867828369141,"Unknown"
"7014853",371857,2025-08-30 16:09:57,43.3530578613281,-8.41765689849854,"Unknown"
"7014853",371857,2025-08-30 16:15:06,43.3531341552734,-8.41761207580566,"Unknown"
"7014853",371857,2025-08-30 16:19:59,43.3530426025391,-8.41766452789307,"Unknown"
"7014853",371857,2025-08-30 16:24:58,43.3530197143555,-8.41762256622314,"Unknown"
"7014853",371857,2025-08-30 16:29:59,43.3529853820801,-8.41757965087891,"Unknown"
"7014853",371857,2025-08-30 16:34:59,43.3528175354004,-8.41750335693359,"Unknown"
"7014853",371857,2025-08-30 16:40:06,43.3529930114746,-8.41751384735107,"Unknown"
"7014853",371857,2025-08-30 16:45:01,43.3529815673828,-8.41748332977295,"Unknown"
"7014853",371857,2025-08-30 16:50:03,43.3530426025391,-8.41756629943848,"Unknown"
"7014853",371857,2025-08-30 16:55:14,43.352954864502,-8.41750621795654,"Unknown"
"7014853",371857,2025-08-30 16:59:56,43.3529777526855,-8.41750812530518,"Unknown"
"7014853",371857,2025-08-30 17:04:56,43.352954864502,-8.41757583618164,"Unknown"
"7014853",371857,2025-08-30 17:09:59,43.3530426025391,-8.41761207580566,"Unknown"
"7014853",371857,2025-08-30 17:14:58,43.3530883789062,-8.41771697998047,"Unknown"
"7014853",371857,2025-08-30 17:19:58,43.3530807495117,-8.41768074035645,"Unknown"
"7014853",371857,2025-08-30 17:24:57,43.3529205322266,-8.41735172271729,"Unknown"
"7014853",371857,2025-08-30 17:30:00,43.3529472351074,-8.4171895980835,"Unknown"
"7014853",371857,2025-08-30 17:35:08,43.3530082702637,-8.41742897033691,"Unknown"
"7014853",371857,2025-08-30 17:40:14,43.3530540466309,-8.41719245910645,"Unknown"
"7014853",371857,2025-08-30 17:44:57,43.3530387878418,-8.4171085357666,"Unknown"
"7014853",371857,2025-08-30 17:50:06,43.3529739379883,-8.4173002243042,"Unknown"
"7014853",371857,2025-08-30 17:54:59,43.3530349731445,-8.41633033752441,"Unknown"
"7014853",371857,2025-08-30 18:00:06,43.3529586791992,-8.41734409332275,"Unknown"
"7014853",371857,2025-08-30 18:05:06,43.3529472351074,-8.41734027862549,"Unknown"
"7014853",371857,2025-08-30 18:10:06,43.3529663085938,-8.41737365722656,"Unknown"
"7014853",371857,2025-08-30 18:15:06,43.3529281616211,-8.41742134094238,"Unknown"
"7014853",371857,2025-08-30 18:20:06,43.3529472351074,-8.41736602783203,"Unknown"
"7014853",371857,2025-08-30 18:25:28,43.3529052734375,-8.41742897033691,"Unknown"
"7014853",371857,2025-08-30 18:29:56,43.3529090881348,-8.41745471954346,"Unknown"
"7014853",371857,2025-08-30 18:34:56,43.3529319763184,-8.41751194000244,"Unknown"
"7014853",371857,2025-08-30 18:39:56,43.3529357910156,-8.41744709014893,"Unknown"
"7014853",371857,2025-08-30 18:44:56,43.3528480529785,-8.41747093200684,"Unknown"
"7014853",371857,2025-08-30 18:49:56,43.3528289794922,-8.41744709014893,"Unknown"
"7014853",371857,2025-08-30 18:54:57,43.3529090881348,-8.41749858856201,"Unknown"
"7014853",371857,2025-08-30 18:59:57,43.3528938293457,-8.41752147674561,"Unknown"
"7014853",371857,2025-08-30 19:04:57,43.352954864502,-8.41746139526367,"Unknown"
"7014853",371857,2025-08-30 19:09:57,43.3527984619141,-8.41743564605713,"Unknown"
"7014853",371857,2025-08-30 19:14:57,43.3527717590332,-8.41736602783203,"Unknown"
"7014853",371857,2025-08-30 19:19:59,43.3527565002441,-8.41740703582764,"Unknown"
"7014853",371857,2025-08-30 19:24:57,43.3527565002441,-8.41739273071289,"Unknown"
"7014853",371857,2025-08-30 19:29:58,43.3527908325195,-8.41728591918945,"Unknown"
"7014853",371857,2025-08-30 19:34:59,43.3526954650879,-8.41733551025391,"Unknown"
"7014853",371857,2025-08-30 19:39:56,43.3528137207031,-8.41737365722656,"Unknown"
"7014853",371857,2025-08-30 19:44:58,43.3529357910156,-8.4174633026123,"Unknown"
"7014853",371857,2025-08-30 19:51:22,43.3528366088867,-8.41737079620361,"Unknown"
"7014853",371857,2025-08-31 00:51:53,43.362419128418,-8.40393161773682,"Unknown"
"7014853",371857,2025-08-31 05:51:53,43.3531951904297,-8.41776084899902,"Unknown"
"7014853",371857,2025-08-31 06:01:35,43.3531837463379,-8.41765308380127,"Unknown"
"7014853",371857,2025-08-31 06:06:04,43.353157043457,-8.41761112213135,"Unknown"
"7014853",371857,2025-08-31 06:11:06,43.3531761169434,-8.4176025390625,"Unknown"
"7014853",371857,2025-08-31 06:16:06,43.3531341552734,-8.41772174835205,"Unknown"
"7014853",371857,2025-08-31 06:21:05,43.3531608581543,-8.41790390014648,"Unknown"
"7014853",371857,2025-08-31 06:26:04,43.353141784668,-8.4177360534668,"Unknown"
"7014853",371857,2025-08-31 06:31:04,43.3529739379883,-8.41797161102295,"Unknown"
"7014853",371857,2025-08-31 06:36:04,43.3509483337402,-8.43396854400635,"Unknown"
"7014853",371857,2025-08-31 06:41:06,43.3550682067871,-8.45841407775879,"Unknown"
"7014853",371857,2025-08-31 06:46:04,43.3551406860352,-8.45853042602539,"Unknown"
"7014853",371857,2025-08-31 06:51:05,43.3546257019043,-8.45861148834229,"Unknown"
"7014853",371857,2025-08-31 06:56:32,43.3540267944336,-8.45879077911377,"Unknown"
"7014853",371857,2025-08-31 07:01:05,43.3539199829102,-8.45848178863525,"Unknown"
"7014853",371857,2025-08-31 07:06:06,43.3539390563965,-8.45844554901123,"Unknown"
"7014853",371857,2025-08-31 07:11:04,43.3542022705078,-8.45864105224609,"Unknown"
"7014853",371857,2025-08-31 07:17:06,43.3541412353516,-8.45896911621094,"Unknown"
"7014853",371857,2025-08-31 07:21:31,43.3544578552246,-8.45868587493896,"Unknown"
"7014853",371857,2025-08-31 07:26:29,43.3542175292969,-8.45864200592041,"Unknown"
"7014853",371857,2025-08-31 07:31:16,43.3539962768555,-8.45882129669189,"Unknown"
"7014853",371857,2025-08-31 07:36:40,43.3539085388184,-8.45873069763184,"Unknown"
"7014853",371857,2025-08-31 07:42:28,43.3540382385254,-8.45861721038818,"Unknown"
"7014853",371857,2025-08-31 07:47:10,43.3541793823242,-8.4588565826416,"Unknown"
"7014853",371857,2025-08-31 07:57:03,43.3538398742676,-8.45874118804932,"Unknown"
"7014853",371857,2025-08-31 08:01:05,43.3486595153809,-8.45522308349609,"Unknown"
"7014853",371857,2025-08-31 08:07:05,43.3406677246094,-8.45401096343994,"Unknown"
"7014853",371857,2025-08-31 08:11:05,43.3399963378906,-8.4537181854248,"Unknown"
"7014853",371857,2025-08-31 08:16:06,43.3552627563477,-8.45784091949463,"Unknown"
"7014853",371857,2025-08-31 08:21:14,43.3546485900879,-8.45794010162354,"Unknown"
"7014853",371857,2025-08-31 08:26:09,43.3553581237793,-8.45783424377441,"Unknown"
"7014853",371857,2025-08-31 08:31:06,43.3550872802734,-8.45779800415039,"Unknown"
"7014853",371857,2025-08-31 08:36:06,43.3549995422363,-8.45796966552734,"Unknown"
"7014853",371857,2025-08-31 08:41:11,43.3550796508789,-8.45796394348145,"Unknown"
"7014853",371857,2025-08-31 08:46:07,43.3550605773926,-8.45797824859619,"Unknown"
"7014853",371857,2025-08-31 08:51:05,43.3547973632812,-8.45688724517822,"Unknown"
"7014853",371857,2025-08-31 08:56:09,43.3543548583984,-8.45824432373047,"Unknown"
"7014853",371857,2025-08-31 09:01:05,43.3542785644531,-8.45832061767578,"Unknown"
"7014853",371857,2025-08-31 09:06:06,43.3543739318848,-8.45830154418945,"Unknown"
"7014853",371857,2025-08-31 09:11:07,43.3543930053711,-8.45859622955322,"Unknown"
"7014853",371857,2025-08-31 09:16:06,43.3543167114258,-8.45840644836426,"Unknown"
"7014853",371857,2025-08-31 09:21:06,43.3543968200684,-8.45834350585938,"Unknown"
"7014853",371857,2025-08-31 09:26:07,43.3542823791504,-8.45829391479492,"Unknown"
"7014853",371857,2025-08-31 09:31:06,43.3543090820312,-8.45822715759277,"Unknown"
"7014853",371857,2025-08-31 09:36:04,43.3542861938477,-8.45833683013916,"Unknown"
"7014853",371857,2025-08-31 09:41:04,43.3544960021973,-8.45840835571289,"Unknown"
"7014853",371857,2025-08-31 09:46:09,43.3544692993164,-8.45839309692383,"Unknown"
"7014853",371857,2025-08-31 09:51:04,43.354434967041,-8.45833015441895,"Unknown"
"7014853",371857,2025-08-31 09:56:12,43.3543739318848,-8.4584321975708,"Unknown"
"7014853",371857,2025-08-31 10:01:09,43.354434967041,-8.45846080780029,"Unknown"
"7014853",371857,2025-08-31 10:06:06,43.3543434143066,-8.45843410491943,"Unknown"
"7014853",371857,2025-08-31 10:11:06,43.3541450500488,-8.45807361602783,"Unknown"
"7014853",371857,2025-08-31 10:16:07,43.354248046875,-8.45805835723877,"Unknown"
"7014853",371857,2025-08-31 10:21:10,43.3540992736816,-8.45802688598633,"Unknown"
"7014853",371857,2025-08-31 10:26:08,43.3541412353516,-8.45801639556885,"Unknown"
"7014853",371857,2025-08-31 10:31:09,43.3541984558105,-8.45794105529785,"Unknown"
"7014853",371857,2025-08-31 10:36:09,43.3541984558105,-8.45799446105957,"Unknown"
"7014853",371857,2025-08-31 10:41:06,43.354175567627,-8.45813369750977,"Unknown"
"7014853",371857,2025-08-31 10:46:11,43.3542175292969,-8.45815181732178,"Unknown"
"7014853",371857,2025-08-31 10:51:14,43.3545570373535,-8.45816230773926,"Unknown"
"7014853",371857,2025-08-31 10:56:04,43.3545951843262,-8.45819854736328,"Unknown"
"7014853",371857,2025-08-31 11:01:04,43.3544120788574,-8.45834541320801,"Unknown"
"7014853",371857,2025-08-31 11:06:09,43.3544006347656,-8.45840930938721,"Unknown"
"7014853",371857,2025-08-31 11:11:08,43.3545379638672,-8.458251953125,"Unknown"
"7014853",371857,2025-08-31 11:16:09,43.3545532226562,-8.45825862884521,"Unknown"
"7014853",371857,2025-08-31 11:21:10,43.3536720275879,-8.4580602645874,"Unknown"
"7014853",371857,2025-08-31 11:26:04,43.3544311523438,-8.45836925506592,"Unknown"
"7014853",371857,2025-08-31 11:31:25,43.3543319702148,-8.45822620391846,"Unknown"
"7014853",371857,2025-08-31 11:36:09,43.3558540344238,-8.45819187164307,"Unknown"
"7014853",371857,2025-08-31 11:41:09,43.3556518554688,-8.45775127410889,"Unknown"
"7014853",371857,2025-08-31 11:46:35,43.3562049865723,-8.45732975006104,"Unknown"
"7014853",371857,2025-08-31 11:51:12,43.3561630249023,-8.45762729644775,"Unknown"
"7014853",371857,2025-08-31 11:56:06,43.3561706542969,-8.45775604248047,"Unknown"
"7014853",371857,2025-08-31 12:01:07,43.3563385009766,-8.45751667022705,"Unknown"
"7014853",371857,2025-08-31 12:06:10,43.3561897277832,-8.45786666870117,"Unknown"
"7014853",371857,2025-08-31 12:11:08,43.3562812805176,-8.45794010162354,"Unknown"
"7014853",371857,2025-08-31 12:16:07,43.3556137084961,-8.45790672302246,"Unknown"
"7014853",371857,2025-08-31 12:21:08,43.3556137084961,-8.4579963684082,"Unknown"
"7014853",371857,2025-08-31 12:26:08,43.3556442260742,-8.45803451538086,"Unknown"
"7014853",371857,2025-08-31 12:31:06,43.3557357788086,-8.45795726776123,"Unknown"
"7014853",371857,2025-08-31 12:36:04,43.3557281494141,-8.45798301696777,"Unknown"
"7014853",371857,2025-08-31 12:41:13,43.3556938171387,-8.45794486999512,"Unknown"
"7014853",371857,2025-08-31 12:46:09,43.3559379577637,-8.45777702331543,"Unknown"
"7014853",371857,2025-08-31 12:51:06,43.3560409545898,-8.45797443389893,"Unknown"
"7014853",371857,2025-08-31 12:56:08,43.3560256958008,-8.4579496383667,"Unknown"
"7014853",371857,2025-08-31 13:01:07,43.3560371398926,-8.45802307128906,"Unknown"
"7014853",371857,2025-08-31 13:06:10,43.3559722900391,-8.45779609680176,"Unknown"
"7014853",371857,2025-08-31 13:11:10,43.3558883666992,-8.45774173736572,"Unknown"
"7014853",371857,2025-08-31 13:16:06,43.3559188842773,-8.45773887634277,"Unknown"
"7014853",371857,2025-08-31 13:21:04,43.3559646606445,-8.45773029327393,"Unknown"
"7014853",371857,2025-08-31 13:26:09,43.3560523986816,-8.45786571502686,"Unknown"
"7014853",371857,2025-08-31 13:31:08,43.3559913635254,-8.45778274536133,"Unknown"
"7014853",371857,2025-08-31 13:36:08,43.3559074401855,-8.45766448974609,"Unknown"
"7014853",371857,2025-08-31 13:41:08,43.3557548522949,-8.45784091949463,"Unknown"
"7014853",371857,2025-08-31 13:46:35,43.3559341430664,-8.45797729492188,"Unknown"
"7014853",371857,2025-08-31 13:51:04,43.355899810791,-8.45800876617432,"Unknown"
"7014853",371857,2025-08-31 13:56:04,43.3559265136719,-8.45793151855469,"Unknown"
"7014853",371857,2025-08-31 14:01:04,43.3559417724609,-8.45801639556885,"Unknown"
"7014853",371857,2025-08-31 14:06:04,43.3559341430664,-8.45804786682129,"Unknown"
"7014853",371857,2025-08-31 14:11:04,43.3559112548828,-8.45800304412842,"Unknown"
"7014853",371857,2025-08-31 14:16:04,43.3558692932129,-8.45799922943115,"Unknown"
"7014853",371857,2025-08-31 14:21:07,43.3559074401855,-8.45801067352295,"Unknown"
"7014853",371857,2025-08-31 14:26:06,43.3558464050293,-8.45804119110107,"Unknown"
"7014853",371857,2025-08-31 14:31:08,43.3558464050293,-8.45810508728027,"Unknown"
"7014853",371857,2025-08-31 14:36:10,43.3557891845703,-8.4580192565918,"Unknown"
"7014853",371857,2025-08-31 14:41:09,43.3558349609375,-8.45796012878418,"Unknown"
"7014853",371857,2025-08-31 14:46:09,43.3539428710938,-8.45829963684082,"Unknown"
"7014853",371857,2025-08-31 14:51:14,43.3539199829102,-8.45834350585938,"Unknown"
"7014853",371857,2025-08-31 14:56:35,43.3539772033691,-8.4583854675293,"Unknown"
"7014853",371857,2025-08-31 15:01:04,43.3539733886719,-8.45843315124512,"Unknown"
"7014853",371857,2025-08-31 15:06:04,43.3540153503418,-8.4585542678833,"Unknown"
"7014853",371857,2025-08-31 15:11:12,43.353816986084,-8.45892238616943,"Unknown"
"7014853",371857,2025-08-31 15:31:08,43.3546943664551,-8.45829391479492,"Unknown"
"7014853",371857,2025-08-31 15:36:04,43.3549308776855,-8.45802593231201,"Unknown"
"7014853",371857,2025-08-31 15:41:04,43.3403434753418,-8.45406818389893,"Unknown"
"7014853",371857,2025-08-31 15:46:44,43.3397560119629,-8.45467662811279,"Unknown"
"7014853",371857,2025-08-31 15:51:06,43.3485908508301,-8.4507999420166,"Unknown"
"7014853",371857,2025-08-31 15:56:04,43.3552093505859,-8.45791339874268,"Unknown"
"7014853",371857,2025-08-31 16:01:07,43.3552742004395,-8.45788383483887,"Unknown"
"7014853",371857,2025-08-31 16:06:15,43.3552207946777,-8.45792007446289,"Unknown"
"7014853",371857,2025-08-31 16:11:06,43.3552284240723,-8.45800399780273,"Unknown"
"7014853",371857,2025-08-31 16:16:16,43.3553047180176,-8.45803642272949,"Unknown"
"7014853",371857,2025-08-31 16:21:14,43.3552665710449,-8.45766735076904,"Unknown"
"7014853",371857,2025-08-31 16:26:06,43.3554267883301,-8.45794868469238,"Unknown"
"7014853",371857,2025-08-31 16:31:09,43.3553504943848,-8.45796775817871,"Unknown"
"7014853",371857,2025-08-31 16:36:04,43.3553314208984,-8.45781898498535,"Unknown"
"7014853",371857,2025-08-31 16:41:04,43.3553085327148,-8.45764064788818,"Unknown"
"7014853",371857,2025-08-31 16:46:35,43.3553924560547,-8.45796966552734,"Unknown"
"7014853",371857,2025-08-31 16:51:06,43.3553085327148,-8.45786952972412,"Unknown"
"7014853",371857,2025-08-31 16:56:04,43.355339050293,-8.45805168151855,"Unknown"
"7014853",371857,2025-08-31 17:01:08,43.3553199768066,-8.45800018310547,"Unknown"
"7014853",371857,2025-08-31 17:06:09,43.3553810119629,-8.45803356170654,"Unknown"
"7014853",371857,2025-08-31 17:11:13,43.3552703857422,-8.45807456970215,"Unknown"
"7014853",371857,2025-08-31 17:16:04,43.3551216125488,-8.45755672454834,"Unknown"
"7014853",371857,2025-08-31 17:21:04,43.3551597595215,-8.45753479003906,"Unknown"
"7014853",371857,2025-08-31 17:26:06,43.3552055358887,-8.45767116546631,"Unknown"
"7014853",371857,2025-08-31 17:31:11,43.3552551269531,-8.45784854888916,"Unknown"
"7014853",371857,2025-08-31 17:36:08,43.3551902770996,-8.45777034759521,"Unknown"
"7014853",371857,2025-08-31 17:41:11,43.3555145263672,-8.45795822143555,"Unknown"
"7014853",371857,2025-08-31 17:46:07,43.355281829834,-8.45759105682373,"Unknown"
"7014853",371857,2025-08-31 17:51:04,43.3552360534668,-8.45730781555176,"Unknown"
"7014853",371857,2025-08-31 17:56:08,43.3553657531738,-8.45747756958008,"Unknown"
"7014853",371857,2025-08-31 18:01:09,43.3542404174805,-8.45803165435791,"Unknown"
"7014853",371857,2025-08-31 18:06:11,43.3541221618652,-8.45855236053467,"Unknown"
"7014853",371857,2025-08-31 18:11:04,43.3539886474609,-8.45834350585938,"Unknown"
"7014853",371857,2025-08-31 18:16:35,43.3540496826172,-8.45837497711182,"Unknown"
"7014853",371857,2025-08-31 18:21:05,43.3543090820312,-8.45676136016846,"Unknown"
"7014853",371857,2025-08-31 18:26:08,43.354133605957,-8.458420753479,"Unknown"
"7014853",371857,2025-08-31 18:31:04,43.3541107177734,-8.45846748352051,"Unknown"
"7014853",371857,2025-08-31 18:36:35,43.3540802001953,-8.45856952667236,"Unknown"
"7014853",371857,2025-08-31 18:46:20,43.3540802001953,-8.45842266082764,"Unknown"
"7014853",371857,2025-08-31 23:56:35,43.350341796875,-8.42476558685303,"Unknown"
"7014853",371857,2025-09-01 04:56:36,43.3602638244629,-8.40295791625977,"Unknown"
"7014853",371857,2025-09-01 06:00:05,43.3602561950684,-8.4029483795166,"Unknown"
"7014853",371857,2025-09-01 06:04:45,43.3602600097656,-8.40283393859863,"Unknown"
"7014853",371857,2025-09-01 06:09:47,43.3604049682617,-8.40218734741211,"Unknown"
"7014853",371857,2025-09-01 06:14:47,43.3601913452148,-8.40303802490234,"Unknown"
"7014853",371857,2025-09-01 06:19:48,43.3603096008301,-8.40269947052002,"Unknown"
"7014853",371857,2025-09-01 06:24:47,43.3603172302246,-8.40281963348389,"Unknown"
"7014853",371857,2025-09-01 06:29:47,43.360179901123,-8.40281963348389,"Unknown"
"7014853",371857,2025-09-01 06:34:45,43.3601112365723,-8.40296649932861,"Unknown"
"7014853",371857,2025-09-01 06:39:45,43.3533554077148,-8.41599082946777,"Unknown"
"7014853",371857,2025-09-01 06:44:53,43.3529357910156,-8.41775512695312,"Unknown"
"7014853",371857,2025-09-01 06:49:47,43.3528823852539,-8.41778945922852,"Unknown"
"7014853",371857,2025-09-01 06:54:47,43.3530502319336,-8.41816425323486,"Unknown"
"7014853",371857,2025-09-01 06:59:49,43.3527717590332,-8.41780471801758,"Unknown"
"7014853",371857,2025-09-01 07:05:05,43.3528633117676,-8.41785049438477,"Unknown"
"7014853",371857,2025-09-01 07:09:46,43.3528671264648,-8.41797637939453,"Unknown"
"7014853",371857,2025-09-01 07:14:45,43.3530426025391,-8.42813110351562,"Unknown"
"7014853",371857,2025-09-01 07:19:46,43.3530311584473,-8.42823123931885,"Unknown"
"7014853",371857,2025-09-01 07:24:47,43.3531341552734,-8.42826843261719,"Unknown"
"7014853",371857,2025-09-01 07:29:46,43.3531150817871,-8.42822933197021,"Unknown"
"7014853",371857,2025-09-01 07:34:46,43.3530502319336,-8.42816543579102,"Unknown"
"7014853",371857,2025-09-01 07:39:46,43.3529930114746,-8.42817687988281,"Unknown"
"7014853",371857,2025-09-01 07:44:47,43.3532371520996,-8.4373025894165,"Unknown"
"7014853",371857,2025-09-01 07:49:49,43.3552665710449,-8.45781326293945,"Unknown"
"7014853",371857,2025-09-01 07:54:45,43.355354309082,-8.45788478851318,"Unknown"
"7014853",371857,2025-09-01 07:59:48,43.3554000854492,-8.45810794830322,"Unknown"
"7014853",371857,2025-09-01 08:04:47,43.3584442138672,-8.45706939697266,"Unknown"
"7014853",371857,2025-09-01 08:10:05,43.3565330505371,-8.45702743530273,"Unknown"
"7014853",371857,2025-09-01 08:14:46,43.3566055297852,-8.45713806152344,"Unknown"
"7014853",371857,2025-09-01 08:19:45,43.3564682006836,-8.45718669891357,"Unknown"
"7014853",371857,2025-09-01 08:24:49,43.3565559387207,-8.45711517333984,"Unknown"
"7014853",371857,2025-09-01 08:29:45,43.3565444946289,-8.4570198059082,"Unknown"
"7014853",371857,2025-09-01 08:34:46,43.356559753418,-8.45682525634766,"Unknown"
"7014853",371857,2025-09-01 08:39:46,43.3563919067383,-8.45701885223389,"Unknown"
"7014853",371857,2025-09-01 08:44:48,43.3564529418945,-8.45705127716064,"Unknown"
"7014853",371857,2025-09-01 08:49:45,43.3564376831055,-8.45713806152344,"Unknown"
"7014853",371857,2025-09-01 08:54:49,43.3566551208496,-8.45792293548584,"Unknown"
"7014853",371857,2025-09-01 08:59:49,43.356616973877,-8.45803642272949,"Unknown"
"7014853",371857,2025-09-01 09:04:46,43.3565902709961,-8.45800113677979,"Unknown"
"7014853",371857,2025-09-01 09:09:45,43.3565826416016,-8.45795631408691,"Unknown"
"7014853",371857,2025-09-01 09:14:46,43.3565101623535,-8.45798587799072,"Unknown"
"7014853",371857,2025-09-01 09:19:45,43.3564834594727,-8.45800399780273,"Unknown"
"7014853",371857,2025-09-01 09:24:45,43.3565406799316,-8.45797634124756,"Unknown"
"7014853",371857,2025-09-01 09:29:45,43.356575012207,-8.45789051055908,"Unknown"
"7014853",371857,2025-09-01 09:34:46,43.3566360473633,-8.45797157287598,"Unknown"
"7014853",371857,2025-09-01 09:39:55,43.3566818237305,-8.45798587799072,"Unknown"
"7014853",371857,2025-09-01 09:44:45,43.3566284179688,-8.45798206329346,"Unknown"
"7014853",371857,2025-09-01 09:49:51,43.3566665649414,-8.45798587799072,"Unknown"
"7014853",371857,2025-09-01 09:54:45,43.3566551208496,-8.45804023742676,"Unknown"
"7014853",371857,2025-09-01 09:59:46,43.3565979003906,-8.45790958404541,"Unknown"
"7014853",371857,2025-09-01 10:05:14,43.3562507629395,-8.45792198181152,"Unknown"
"7014853",371857,2025-09-01 10:09:46,43.3562431335449,-8.45792198181152,"Unknown"
"7014853",371857,2025-09-01 10:14:48,43.3562316894531,-8.45800018310547,"Unknown"
"7014853",371857,2025-09-01 10:19:51,43.3562088012695,-8.45799732208252,"Unknown"
"7014853",371857,2025-09-01 10:24:46,43.356014251709,-8.45785140991211,"Unknown"
"7014853",371857,2025-09-01 10:29:48,43.3560409545898,-8.45785140991211,"Unknown"
"7014853",371857,2025-09-01 10:34:46,43.3562469482422,-8.45796012878418,"Unknown"
"7014853",371857,2025-09-01 10:39:47,43.3561706542969,-8.45784568786621,"Unknown"
"7014853",371857,2025-09-01 10:44:45,43.3561897277832,-8.45792770385742,"Unknown"
"7014853",371857,2025-09-01 10:50:05,43.3561553955078,-8.45788669586182,"Unknown"
"7014853",371857,2025-09-01 10:54:47,43.3562431335449,-8.45795917510986,"Unknown"
"7014853",371857,2025-09-01 10:59:49,43.3563842773438,-8.45796680450439,"Unknown"
"7014853",371857,2025-09-01 11:04:48,43.3563766479492,-8.45818710327148,"Unknown"
"7014853",371857,2025-09-01 11:09:46,43.3629112243652,-8.45865917205811,"Unknown"
"7014853",371857,2025-09-01 11:14:49,43.3542747497559,-8.45837116241455,"Unknown"
"7014853",371857,2025-09-01 11:19:52,43.3541564941406,-8.45821666717529,"Unknown"
"7014853",371857,2025-09-01 11:24:46,43.3540496826172,-8.45806694030762,"Unknown"
"7014853",371857,2025-09-01 11:29:46,43.3539848327637,-8.45819473266602,"Unknown"
"7014853",371857,2025-09-01 11:34:48,43.3540382385254,-8.45831871032715,"Unknown"
"7014853",371857,2025-09-01 11:40:11,43.3541259765625,-8.45845985412598,"Unknown"
"7014853",371857,2025-09-01 11:44:55,43.3540191650391,-8.45833492279053,"Unknown"
"7014853",371857,2025-09-01 11:49:46,43.3541488647461,-8.4584379196167,"Unknown"
"7014853",371857,2025-09-01 11:54:46,43.3541641235352,-8.45850563049316,"Unknown"
"7014853",371857,2025-09-01 11:59:45,43.3542175292969,-8.45870971679688,"Unknown"
"7014853",371857,2025-09-01 12:04:45,43.3541259765625,-8.45833969116211,"Unknown"
"7014853",371857,2025-09-01 12:09:49,43.3541297912598,-8.45849895477295,"Unknown"
"7014853",371857,2025-09-01 12:14:56,43.3541374206543,-8.45858192443848,"Unknown"
"7014853",371857,2025-09-01 12:20:08,43.3541069030762,-8.45847988128662,"Unknown"
"7014853",371857,2025-09-01 12:24:49,43.3540534973145,-8.45841503143311,"Unknown"
"7014853",371857,2025-09-01 12:29:52,43.3543319702148,-8.45881175994873,"Unknown"
"7014853",371857,2025-09-01 12:35:14,43.3562202453613,-8.45707607269287,"Unknown"
"7014853",371857,2025-09-01 12:39:45,43.3562698364258,-8.45697021484375,"Unknown"
"7014853",371857,2025-09-01 12:44:47,43.3564338684082,-8.4570426940918,"Unknown"
"7014853",371857,2025-09-01 12:49:52,43.3565063476562,-8.457106590271,"Unknown"
"7014853",371857,2025-09-01 12:54:46,43.356517791748,-8.45697021484375,"Unknown"
"7014853",371857,2025-09-01 12:59:45,43.3565711975098,-8.45702266693115,"Unknown"
"7014853",371857,2025-09-01 13:04:52,43.356559753418,-8.45717906951904,"Unknown"
"7014853",371857,2025-09-01 13:09:49,43.3564682006836,-8.45693206787109,"Unknown"
"7014853",371857,2025-09-01 13:14:46,43.3565635681152,-8.45702457427979,"Unknown"
"7014853",371857,2025-09-01 13:19:45,43.3564796447754,-8.45694828033447,"Unknown"
"7014853",371857,2025-09-01 13:24:51,43.3564796447754,-8.45704364776611,"Unknown"
"7014853",371857,2025-09-01 13:29:47,43.3565483093262,-8.45715618133545,"Unknown"
"7014853",371857,2025-09-01 13:35:14,43.356517791748,-8.45792007446289,"Unknown"
"7014853",371857,2025-09-01 13:39:48,43.3565063476562,-8.45799827575684,"Unknown"
"7014853",371857,2025-09-01 13:44:46,43.3565063476562,-8.4578332901001,"Unknown"
"7014853",371857,2025-09-01 13:49:48,43.3564605712891,-8.45768165588379,"Unknown"
"7014853",371857,2025-09-01 13:54:46,43.356616973877,-8.45786952972412,"Unknown"
"7014853",371857,2025-09-01 14:00:05,43.3564949035645,-8.45792007446289,"Unknown"
"7014853",371857,2025-09-01 14:04:45,43.3564491271973,-8.45789909362793,"Unknown"
"7014853",371857,2025-09-01 14:09:45,43.3564567565918,-8.45796203613281,"Unknown"
"7014853",371857,2025-09-01 14:14:45,43.3564987182617,-8.45795059204102,"Unknown"
"7014853",371857,2025-09-01 14:19:46,43.3564720153809,-8.45797538757324,"Unknown"
"7014853",371857,2025-09-01 14:24:45,43.3564529418945,-8.45717620849609,"Unknown"
"7014853",371857,2025-09-01 14:29:45,43.3564338684082,-8.45716667175293,"Unknown"
"7014853",371857,2025-09-01 14:34:48,43.3565330505371,-8.4571008682251,"Unknown"
"7014853",371857,2025-09-01 14:40:05,43.3564338684082,-8.45692539215088,"Unknown"
"7014853",371857,2025-09-01 14:45:01,43.3563270568848,-8.45701503753662,"Unknown"
"7014853",371857,2025-09-01 14:50:05,43.3568000793457,-8.45700073242188,"Unknown"
"7014853",371857,2025-09-01 14:55:07,43.3472366333008,-8.45121288299561,"Unknown"
"7014853",371857,2025-09-01 14:59:46,43.340389251709,-8.45470714569092,"Unknown"
"7014853",371857,2025-09-01 15:04:45,43.3398780822754,-8.45480060577393,"Unknown"
"7014853",371857,2025-09-01 15:09:45,43.3526420593262,-8.42718982696533,"Unknown"
"7014853",371857,2025-09-01 15:14:57,43.352596282959,-8.42728519439697,"Unknown"
"7014853",371857,2025-09-01 15:19:49,43.3526496887207,-8.4271183013916,"Unknown"
"7014853",371857,2025-09-01 15:24:45,43.3526077270508,-8.42721939086914,"Unknown"
"7014853",371857,2025-09-01 15:29:45,43.3526077270508,-8.42735767364502,"Unknown"
"7014853",371857,2025-09-01 15:34:54,43.3525466918945,-8.4273042678833,"Unknown"
"7014853",371857,2025-09-01 15:40:05,43.3525619506836,-8.42742919921875,"Unknown"
"7014853",371857,2025-09-01 15:44:46,43.3526268005371,-8.42768096923828,"Unknown"
"7014853",371857,2025-09-01 15:50:14,43.3525619506836,-8.42742347717285,"Unknown"
"7014853",371857,2025-09-01 15:54:45,43.3525924682617,-8.42745208740234,"Unknown"
"7014853",371857,2025-09-01 15:59:45,43.3525733947754,-8.42736625671387,"Unknown"
"7014853",371857,2025-09-01 16:05:05,43.3525810241699,-8.42748165130615,"Unknown"
"7014853",371857,2025-09-01 16:09:46,43.3526000976562,-8.42750263214111,"Unknown"
"7014853",371857,2025-09-01 16:14:46,43.3526573181152,-8.42756843566895,"Unknown"
"7014853",371857,2025-09-01 16:19:46,43.3525886535645,-8.42750835418701,"Unknown"
"7014853",371857,2025-09-01 16:24:45,43.3525428771973,-8.42753124237061,"Unknown"
"7014853",371857,2025-09-01 16:29:46,43.3627815246582,-8.40376949310303,"Unknown"
"7014853",371857,2025-09-01 16:34:48,43.3630180358887,-8.40388870239258,"Unknown"
"7014853",371857,2025-09-01 16:39:47,43.3630752563477,-8.40400218963623,"Unknown"
"7014853",371857,2025-09-01 16:44:46,43.3631706237793,-8.40396690368652,"Unknown"
"7014853",371857,2025-09-01 16:49:53,43.363094329834,-8.40402412414551,"Unknown"
"7014853",371857,2025-09-01 16:54:46,43.3633422851562,-8.40415000915527,"Unknown"
"7014853",371857,2025-09-01 16:59:47,43.3633613586426,-8.40426063537598,"Unknown"
"7014853",371857,2025-09-01 17:04:56,43.3630523681641,-8.40390205383301,"Unknown"
"7014853",371857,2025-09-01 17:09:46,43.3629913330078,-8.40375709533691,"Unknown"
"7014853",371857,2025-09-01 17:14:46,43.3631057739258,-8.40389251708984,"Unknown"
"7014853",371857,2025-09-01 17:19:47,43.3631744384766,-8.40418910980225,"Unknown"
"7014853",371857,2025-09-01 17:24:47,43.3631401062012,-8.40429592132568,"Unknown"
"7014853",371857,2025-09-01 17:29:45,43.3630714416504,-8.40408420562744,"Unknown"
"7014853",371857,2025-09-01 17:34:48,43.3631324768066,-8.40420532226562,"Unknown"
"7014853",371857,2025-09-01 17:39:45,43.3631172180176,-8.40380477905273,"Unknown"
"7014853",371857,2025-09-01 17:44:46,43.3630905151367,-8.40418243408203,"Unknown"
"7014853",371857,2025-09-01 17:49:47,43.363224029541,-8.40413856506348,"Unknown"
"7014853",371857,2025-09-01 17:54:46,43.3630294799805,-8.40401077270508,"Unknown"
"7014853",371857,2025-09-01 17:59:45,43.3631057739258,-8.40407848358154,"Unknown"
"7014853",371857,2025-09-01 18:04:45,43.3630332946777,-8.40389156341553,"Unknown"
"7014853",371857,2025-09-01 18:09:48,43.3616790771484,-8.40312480926514,"Unknown"
"7014853",371857,2025-09-01 18:15:02,43.3616600036621,-8.4033317565918,"Unknown"
"7014853",371857,2025-09-01 18:19:47,43.3616676330566,-8.403395652771,"Unknown"
"7014853",371857,2025-09-01 18:24:49,43.3616638183594,-8.403395652771,"Unknown"
"7014853",371857,2025-09-01 18:29:53,43.3617324829102,-8.40336227416992,"Unknown"
"7014853",371857,2025-09-01 18:34:59,43.361701965332,-8.40349292755127,"Unknown"
"7014853",371857,2025-09-01 18:39:49,43.3617782592773,-8.40341472625732,"Unknown"
"7014853",371857,2025-09-01 18:44:47,43.3616905212402,-8.40337562561035,"Unknown"
"7014853",371857,2025-09-01 18:49:52,43.3616638183594,-8.4033031463623,"Unknown"
"7014853",371857,2025-09-01 18:54:54,43.3618125915527,-8.40322875976562,"Unknown"
"7014853",371857,2025-09-01 18:59:52,43.3618125915527,-8.40341854095459,"Unknown"
"7014853",371857,2025-09-01 19:04:55,43.3616943359375,-8.40334987640381,"Unknown"
"7014853",371857,2025-09-01 19:09:58,43.3618354797363,-8.40347480773926,"Unknown"
"7014853",371857,2025-09-01 19:14:57,43.3618125915527,-8.40352058410645,"Unknown"
"7014853",371857,2025-09-01 19:20:14,43.3616027832031,-8.40327835083008,"Unknown"
"7014853",371857,2025-09-01 19:24:48,43.3617095947266,-8.40353965759277,"Unknown"
"7014853",371857,2025-09-01 19:29:49,43.36181640625,-8.40346717834473,"Unknown"
"7014853",371857,2025-09-01 19:34:55,43.3617172241211,-8.40338516235352,"Unknown"
"7014853",371857,2025-09-01 19:40:01,43.3618431091309,-8.40339851379395,"Unknown"
"7014853",371857,2025-09-01 19:44:46,43.3617820739746,-8.4034252166748,"Unknown"
"7014853",371857,2025-09-01 19:47:40,43.361743927002,-8.40334510803223,"Unknown"
"7014853",371857,2025-09-02 00:47:41,43.3611221313477,-8.40310573577881,"Unknown"
"7014853",371857,2025-09-02 05:47:48,43.3608627319336,-8.40291690826416,"Unknown"
"7014853",371857,2025-09-02 06:03:16,43.3527526855469,-8.41763877868652,"Unknown"
"7014853",371857,2025-09-02 06:08:17,43.3527603149414,-8.41701126098633,"Unknown"
"7014853",371857,2025-09-02 06:13:15,43.3524971008301,-8.41622257232666,"Unknown"
"7014853",371857,2025-09-02 06:18:16,43.3522987365723,-8.41677570343018,"Unknown"
"7014853",371857,2025-09-02 06:23:18,43.3518142700195,-8.41589546203613,"Unknown"
"7014853",371857,2025-09-02 06:28:22,43.3501625061035,-8.42688083648682,"Unknown"
"7014853",371857,2025-09-02 06:33:15,43.349479675293,-8.42669296264648,"Unknown"
"7014853",371857,2025-09-02 06:38:16,43.3499183654785,-8.4269380569458,"Unknown"
"7014853",371857,2025-09-02 06:43:16,43.3492469787598,-8.42697811126709,"Unknown"
"7014853",371857,2025-09-02 06:48:15,43.3496322631836,-8.42728042602539,"Unknown"
"7014853",371857,2025-09-02 06:53:16,43.3495941162109,-8.42755317687988,"Unknown"
"7014853",371857,2025-09-02 06:58:16,43.3506889343262,-8.42731285095215,"Unknown"
"7014853",371857,2025-09-02 07:03:16,43.3498611450195,-8.4272289276123,"Unknown"
"7014853",371857,2025-09-02 07:08:17,43.3497352600098,-8.42739391326904,"Unknown"
"7014853",371857,2025-09-02 07:13:15,43.3503074645996,-8.42754173278809,"Unknown"
"7014853",371857,2025-09-02 07:18:18,43.3493766784668,-8.42757987976074,"Unknown"
"7014853",371857,2025-09-02 07:23:16,43.3494834899902,-8.42729473114014,"Unknown"
"7014853",371857,2025-09-02 07:28:16,43.3498573303223,-8.42729187011719,"Unknown"
"7014853",371857,2025-09-02 07:33:16,43.349666595459,-8.42741966247559,"Unknown"
"7014853",371857,2025-09-02 07:38:15,43.349781036377,-8.42773246765137,"Unknown"
"7014853",371857,2025-09-02 07:43:15,43.3496437072754,-8.42784881591797,"Unknown"
"7014853",371857,2025-09-02 07:48:16,43.3496780395508,-8.42779064178467,"Unknown"
"7014853",371857,2025-09-02 07:53:15,43.3495445251465,-8.42789936065674,"Unknown"
"7014853",371857,2025-09-02 07:58:16,43.349609375,-8.42794799804688,"Unknown"
"7014853",371857,2025-09-02 08:03:16,43.3497619628906,-8.42765045166016,"Unknown"
"7014853",371857,2025-09-02 08:08:16,43.3497657775879,-8.42772197723389,"Unknown"
"7014853",371857,2025-09-02 08:13:15,43.3498725891113,-8.42761707305908,"Unknown"
"7014853",371857,2025-09-02 08:18:15,43.3499069213867,-8.42759132385254,"Unknown"
"7014853",371857,2025-09-02 08:23:15,43.3496170043945,-8.42778778076172,"Unknown"
"7014853",371857,2025-09-02 08:28:15,43.349967956543,-8.42747020721436,"Unknown"
"7014853",371857,2025-09-02 08:33:15,43.3500175476074,-8.42747116088867,"Unknown"
"7014853",371857,2025-09-02 08:38:15,43.349853515625,-8.42762756347656,"Unknown"
"7014853",371857,2025-09-02 08:43:16,43.3498382568359,-8.42767524719238,"Unknown"
"7014853",371857,2025-09-02 08:48:16,43.3498115539551,-8.427414894104,"Unknown"
"7014853",371857,2025-09-02 08:53:16,43.3498382568359,-8.42775249481201,"Unknown"
"7014853",371857,2025-09-02 08:58:16,43.3498649597168,-8.42752742767334,"Unknown"
"7014853",371857,2025-09-02 09:03:16,43.3498573303223,-8.42767524719238,"Unknown"
"7014853",371857,2025-09-02 09:08:16,43.3498573303223,-8.42774677276611,"Unknown"
"7014853",371857,2025-09-02 09:13:15,43.3498344421387,-8.42773818969727,"Unknown"
"7014853",371857,2025-09-02 09:18:15,43.3498573303223,-8.42779636383057,"Unknown"
"7014853",371857,2025-09-02 09:23:16,43.3498344421387,-8.42780113220215,"Unknown"
"7014853",371857,2025-09-02 09:28:16,43.3497772216797,-8.42774391174316,"Unknown"
"7014853",371857,2025-09-02 09:33:16,43.3498039245605,-8.42782020568848,"Unknown"
"7014853",371857,2025-09-02 09:38:15,43.3497772216797,-8.4277868270874,"Unknown"
"7014853",371857,2025-09-02 09:43:15,43.3497657775879,-8.42778873443604,"Unknown"
"7014853",371857,2025-09-02 09:48:15,43.3497848510742,-8.42779636383057,"Unknown"
"7014853",371857,2025-09-02 09:53:15,43.3497886657715,-8.42777347564697,"Unknown"
"7014853",371857,2025-09-02 09:58:15,43.3498191833496,-8.42785167694092,"Unknown"
"7014853",371857,2025-09-02 10:03:17,43.3496589660645,-8.42767238616943,"Unknown"
"7014853",371857,2025-09-02 10:08:15,43.3498039245605,-8.42777538299561,"Unknown"
"7014853",371857,2025-09-02 10:13:15,43.3495788574219,-8.42763233184814,"Unknown"
"7014853",371857,2025-09-02 10:18:17,43.3498382568359,-8.4274730682373,"Unknown"
"7014853",371857,2025-09-02 10:23:16,43.3497085571289,-8.42738246917725,"Unknown"
"7014853",371857,2025-09-02 10:28:15,43.3495140075684,-8.42747592926025,"Unknown"
"7014853",371857,2025-09-02 10:33:16,43.3500022888184,-8.43884468078613,"Unknown"
"7014853",371857,2025-09-02 10:38:16,43.3507614135742,-8.45539093017578,"Unknown"
"7014853",371857,2025-09-02 10:43:16,43.3552169799805,-8.45802783966064,"Unknown"
"7014853",371857,2025-09-02 10:48:15,43.355525970459,-8.45745944976807,"Unknown"
"7014853",371857,2025-09-02 10:53:15,43.3555488586426,-8.45755863189697,"Unknown"
"7014853",371857,2025-09-02 10:58:15,43.3556098937988,-8.45759677886963,"Unknown"
"7014853",371857,2025-09-02 11:03:16,43.3555145263672,-8.45830535888672,"Unknown"
"7014853",371857,2025-09-02 11:08:24,43.3558616638184,-8.45765018463135,"Unknown"
"7014853",371857,2025-09-02 11:13:17,43.3557929992676,-8.45768260955811,"Unknown"
"7014853",371857,2025-09-02 11:18:16,43.3556900024414,-8.45754432678223,"Unknown"
"7014853",371857,2025-09-02 11:23:16,43.355770111084,-8.45754051208496,"Unknown"
"7014853",371857,2025-09-02 11:28:15,43.3558731079102,-8.45770931243896,"Unknown"
"7014853",371857,2025-09-02 11:33:15,43.3559646606445,-8.45774936676025,"Unknown"
"7014853",371857,2025-09-02 11:38:16,43.3559646606445,-8.45767593383789,"Unknown"
"7014853",371857,2025-09-02 11:43:15,43.3560447692871,-8.4575777053833,"Unknown"
"7014853",371857,2025-09-02 11:48:15,43.3562126159668,-8.4577693939209,"Unknown"
"7014853",371857,2025-09-02 11:53:16,43.3565292358398,-8.45693778991699,"Unknown"
"7014853",371857,2025-09-02 11:58:15,43.356517791748,-8.45691204071045,"Unknown"
"7014853",371857,2025-09-02 12:03:17,43.3564910888672,-8.4569149017334,"Unknown"
"7014853",371857,2025-09-02 12:08:16,43.356616973877,-8.45680332183838,"Unknown"
"7014853",371857,2025-09-02 12:13:24,43.3565559387207,-8.45676040649414,"Unknown"
"7014853",371857,2025-09-02 12:18:23,43.3566741943359,-8.45686626434326,"Unknown"
"7014853",371857,2025-09-02 12:23:20,43.356315612793,-8.45653057098389,"Unknown"
"7014853",371857,2025-09-02 12:28:15,43.361198425293,-8.45869636535645,"Unknown"
"7014853",371857,2025-09-02 12:33:16,43.3668899536133,-8.45779323577881,"Unknown"
"7014853",371857,2025-09-02 12:38:18,43.3710174560547,-8.45771408081055,"Unknown"
"7014853",371857,2025-09-02 12:43:15,43.371036529541,-8.45771026611328,"Unknown"
"7014853",371857,2025-09-02 12:48:44,43.3708381652832,-8.45777702331543,"Unknown"
"7014853",371857,2025-09-02 12:53:15,43.3709106445312,-8.45785999298096,"Unknown"
"7014853",371857,2025-09-02 12:58:15,43.3708801269531,-8.45788383483887,"Unknown"
"7014853",371857,2025-09-02 13:03:15,43.3708801269531,-8.45790767669678,"Unknown"
"7014853",371857,2025-09-02 13:08:15,43.3708801269531,-8.45796489715576,"Unknown"
"7014853",371857,2025-09-02 13:13:15,43.3708763122559,-8.45796966552734,"Unknown"
"7014853",371857,2025-09-02 13:18:15,43.370906829834,-8.45802402496338,"Unknown"
"7014853",371857,2025-09-02 13:23:15,43.3708801269531,-8.457932472229,"Unknown"
"7014853",371857,2025-09-02 13:28:15,43.3708877563477,-8.45793056488037,"Unknown"
"7014853",371857,2025-09-02 13:33:15,43.3708572387695,-8.45790672302246,"Unknown"
"7014853",371857,2025-09-02 13:38:14,43.3708267211914,-8.45797538757324,"Unknown"
"7014853",371857,2025-09-02 13:43:15,43.3707962036133,-8.45813846588135,"Unknown"
"7014853",371857,2025-09-02 13:48:15,43.3709106445312,-8.45826244354248,"Unknown"
"7014853",371857,2025-09-02 13:53:15,43.3708534240723,-8.45817947387695,"Unknown"
"7014853",371857,2025-09-02 13:58:15,43.3707809448242,-8.4581241607666,"Unknown"
"7014853",371857,2025-09-02 14:03:15,43.3708267211914,-8.45815086364746,"Unknown"
"7014853",371857,2025-09-02 14:08:15,43.3706016540527,-8.45850276947021,"Unknown"
"7014853",371857,2025-09-02 14:13:15,43.3706359863281,-8.4586009979248,"Unknown"
"7014853",371857,2025-09-02 14:18:15,43.3706283569336,-8.45860481262207,"Unknown"
"7014853",371857,2025-09-02 14:23:15,43.3706512451172,-8.45858955383301,"Unknown"
"7014853",371857,2025-09-02 14:28:15,43.3706130981445,-8.45852851867676,"Unknown"
"7014853",371857,2025-09-02 14:33:15,43.3705177307129,-8.45843887329102,"Unknown"
"7014853",371857,2025-09-02 14:38:16,43.3588104248047,-8.46580600738525,"Unknown"
"7014853",371857,2025-09-02 14:43:16,43.3521423339844,-8.47796058654785,"Unknown"
"7014853",371857,2025-09-02 14:48:16,43.3522071838379,-8.47783088684082,"Unknown"
"7014853",371857,2025-09-02 14:53:16,43.3522567749023,-8.47790718078613,"Unknown"
"7014853",371857,2025-09-02 14:58:16,43.3522644042969,-8.47815036773682,"Unknown"
"7014853",371857,2025-09-02 15:03:17,43.3520050048828,-8.47790622711182,"Unknown"
"7014853",371857,2025-09-02 15:08:16,43.3522987365723,-8.47807884216309,"Unknown"
"7014853",371857,2025-09-02 15:13:16,43.3521423339844,-8.47762489318848,"Unknown"
"7014853",371857,2025-09-02 15:18:17,43.3588523864746,-8.4670991897583,"Unknown"
"7014853",371857,2025-09-02 15:23:17,43.3561744689941,-8.45800495147705,"Unknown"
"7014853",371857,2025-09-02 15:28:17,43.3561515808105,-8.45786762237549,"Unknown"
"7014853",371857,2025-09-02 15:33:16,43.3564109802246,-8.45708179473877,"Unknown"
"7014853",371857,2025-09-02 15:38:16,43.3563423156738,-8.45713996887207,"Unknown"
"7014853",371857,2025-09-02 15:43:16,43.3564758300781,-8.45791912078857,"Unknown"
"7014853",371857,2025-09-02 15:48:16,43.355884552002,-8.45781326293945,"Unknown"
"7014853",371857,2025-09-02 15:53:16,43.3563842773438,-8.45695781707764,"Unknown"
"7014853",371857,2025-09-02 15:58:16,43.3565063476562,-8.45702075958252,"Unknown"
"7014853",371857,2025-09-02 16:03:16,43.3565139770508,-8.45691967010498,"Unknown"
"7014853",371857,2025-09-02 16:08:16,43.3564453125,-8.45698165893555,"Unknown"
"7014853",371857,2025-09-02 16:13:17,43.3564033508301,-8.45714473724365,"Unknown"
"7014853",371857,2025-09-02 16:18:16,43.3564567565918,-8.45700836181641,"Unknown"
"7014853",371857,2025-09-02 16:23:17,43.3564453125,-8.45696067810059,"Unknown"
"7014853",371857,2025-09-02 16:28:16,43.356575012207,-8.45729827880859,"Unknown"
"7014853",371857,2025-09-02 16:33:17,43.356517791748,-8.45705795288086,"Unknown"
"7014853",371857,2025-09-02 16:38:17,43.3566818237305,-8.45725727081299,"Unknown"
"7014853",371857,2025-09-02 16:43:17,43.3566398620605,-8.45728397369385,"Unknown"
"7014853",371857,2025-09-02 16:48:17,43.3565368652344,-8.45712757110596,"Unknown"
"7014853",371857,2025-09-02 16:53:17,43.3545341491699,-8.45850086212158,"Unknown"
"7014853",371857,2025-09-02 16:58:16,43.3544769287109,-8.45854759216309,"Unknown"
"7014853",371857,2025-09-02 17:03:17,43.3545837402344,-8.45861148834229,"Unknown"
"7014853",371857,2025-09-02 17:08:17,43.3546180725098,-8.45850563049316,"Unknown"
"7014853",371857,2025-09-02 17:13:17,43.3545112609863,-8.45854949951172,"Unknown"
"7014853",371857,2025-09-02 17:18:16,43.3545799255371,-8.45852375030518,"Unknown"
"7014853",371857,2025-09-02 17:23:16,43.3545379638672,-8.45852279663086,"Unknown"
"7014853",371857,2025-09-02 17:28:16,43.3545989990234,-8.45844554901123,"Unknown"
"7014853",371857,2025-09-02 17:33:17,43.3544998168945,-8.45859432220459,"Unknown"
"7014853",371857,2025-09-02 17:38:16,43.3545951843262,-8.45875549316406,"Unknown"
"7014853",371857,2025-09-02 17:43:16,43.3567161560059,-8.45704936981201,"Unknown"
"7014853",371857,2025-09-02 17:48:17,43.3567390441895,-8.45713043212891,"Unknown"
"7014853",371857,2025-09-02 17:53:17,43.3566741943359,-8.45728015899658,"Unknown"
"7014853",371857,2025-09-02 17:58:17,43.3566741943359,-8.4571590423584,"Unknown"
"7014853",371857,2025-09-02 18:03:17,43.3566093444824,-8.45712661743164,"Unknown"
"7014853",371857,2025-09-02 18:08:17,43.3566284179688,-8.45714664459229,"Unknown"
"7014853",371857,2025-09-02 18:13:17,43.3567237854004,-8.45724773406982,"Unknown"
"7014853",371857,2025-09-02 18:18:17,43.3566551208496,-8.45704460144043,"Unknown"
"7014853",371857,2025-09-02 18:23:17,43.3565254211426,-8.45700454711914,"Unknown"
"7014853",371857,2025-09-02 18:28:17,43.356689453125,-8.45720291137695,"Unknown"
"7014853",371857,2025-09-02 18:33:17,43.356616973877,-8.45696926116943,"Unknown"
"7014853",371857,2025-09-02 18:38:36,43.356258392334,-8.45682811737061,"Unknown"
"7014853",371857,2025-09-02 18:43:28,43.3561210632324,-8.45670223236084,"Unknown"
"7014853",371857,2025-09-02 18:48:16,43.3561058044434,-8.45554542541504,"Unknown"
"7014853",371857,2025-09-02 18:53:17,43.3504867553711,-8.43548107147217,"Unknown"
"7014853",371857,2025-09-02 18:58:17,43.3502883911133,-8.42709636688232,"Unknown"
"7014853",371857,2025-09-02 19:03:17,43.3502960205078,-8.42735004425049,"Unknown"
"7014853",371857,2025-09-02 19:08:17,43.3501510620117,-8.4271764755249,"Unknown"
"7014853",371857,2025-09-02 19:13:18,43.3501091003418,-8.42709255218506,"Unknown"
"7014853",371857,2025-09-02 19:18:21,43.3500366210938,-8.42698287963867,"Unknown"
"7014853",371857,2025-09-02 19:23:18,43.3529167175293,-8.41710662841797,"Unknown"
"7014853",371857,2025-09-02 19:28:19,43.3530578613281,-8.41730117797852,"Unknown"
"7014853",371857,2025-09-02 19:33:17,43.3530311584473,-8.41703033447266,"Unknown"
"7014853",371857,2025-09-02 19:38:19,43.3532638549805,-8.4174280166626,"Unknown"
"7014853",371857,2025-09-02 19:43:18,43.3532218933105,-8.41748714447021,"Unknown"
"7014853",371857,2025-09-02 19:45:51,43.3533477783203,-8.41741752624512,"Unknown"
"7014853",371857,2025-09-03 00:46:10,43.3532104492188,-8.41772079467773,"Unknown"
"7014853",371857,2025-09-03 05:46:14,43.3499145507812,-8.42709541320801,"Unknown"
"7014853",371857,2025-09-03 06:04:29,43.3498191833496,-8.42704486846924,"Unknown"
"7014853",371857,2025-09-03 06:09:36,43.3497924804688,-8.42708015441895,"Unknown"
"7014853",371857,2025-09-03 06:14:25,43.3495903015137,-8.4273624420166,"Unknown"
"7014853",371857,2025-09-03 06:19:26,43.3482284545898,-8.42770385742188,"Unknown"
"7014853",371857,2025-09-03 06:24:26,43.3405265808105,-8.45404434204102,"Unknown"
"7014853",371857,2025-09-03 06:29:28,43.3403739929199,-8.45411109924316,"Unknown"
"7014853",371857,2025-09-03 06:34:52,43.3407745361328,-8.45331954956055,"Unknown"
"7014853",371857,2025-09-03 06:39:44,43.3482284545898,-8.43843936920166,"Unknown"
"7014853",371857,2025-09-03 06:44:26,43.3481216430664,-8.43867492675781,"Unknown"
"7014853",371857,2025-09-03 06:49:34,43.3482360839844,-8.43838596343994,"Unknown"
"7014853",371857,2025-09-03 06:54:38,43.3481559753418,-8.43799209594727,"Unknown"
"7014853",371857,2025-09-03 06:59:43,43.3486251831055,-8.43624687194824,"Unknown"
"7014853",371857,2025-09-03 07:04:36,43.3487358093262,-8.43587684631348,"Unknown"
"7014853",371857,2025-09-03 07:09:38,43.3493766784668,-8.43730545043945,"Unknown"
"7014853",371857,2025-09-03 07:14:35,43.3504295349121,-8.42599678039551,"Unknown"
"7014853",371857,2025-09-03 07:19:52,43.3502960205078,-8.4266357421875,"Unknown"
"7014853",371857,2025-09-03 07:24:36,43.3501091003418,-8.42750072479248,"Unknown"
"7014853",371857,2025-09-03 07:29:35,43.3501129150391,-8.42743968963623,"Unknown"
"7014853",371857,2025-09-03 07:34:27,43.3503723144531,-8.42633628845215,"Unknown"
"7014853",371857,2025-09-03 07:39:31,43.3503150939941,-8.42650508880615,"Unknown"
"7014853",371857,2025-09-03 07:44:27,43.3502998352051,-8.42638778686523,"Unknown"
"7014853",371857,2025-09-03 07:49:44,43.3499298095703,-8.42733192443848,"Unknown"
"7014853",371857,2025-09-03 07:54:26,43.3498458862305,-8.42743682861328,"Unknown"
"7014853",371857,2025-09-03 07:59:27,43.3502960205078,-8.42645263671875,"Unknown"
"7014853",371857,2025-09-03 08:04:28,43.350170135498,-8.42656326293945,"Unknown"
"7014853",371857,2025-09-03 08:09:24,43.3501815795898,-8.42649841308594,"Unknown"
"7014853",371857,2025-09-03 08:14:26,43.3499641418457,-8.42751979827881,"Unknown"
"7014853",371857,2025-09-03 08:19:27,43.3500328063965,-8.42654037475586,"Unknown"
"7014853",371857,2025-09-03 08:24:27,43.3499374389648,-8.4270191192627,"Unknown"
"7014853",371857,2025-09-03 08:29:35,43.3498077392578,-8.42776012420654,"Unknown"
"7014853",371857,2025-09-03 08:34:34,43.3496971130371,-8.42715644836426,"Unknown"
"7014853",371857,2025-09-03 08:39:38,43.3496780395508,-8.42723655700684,"Unknown"
"7014853",371857,2025-09-03 08:44:28,43.3499755859375,-8.42550849914551,"Unknown"
"7014853",371857,2025-09-03 08:49:44,43.3496284484863,-8.42704677581787,"Unknown"
"7014853",371857,2025-09-03 08:54:24,43.3496131896973,-8.42663192749023,"Unknown"
"7014853",371857,2025-09-03 08:59:24,43.349552154541,-8.4269847869873,"Unknown"
"7014853",371857,2025-09-03 09:04:25,43.349609375,-8.42645835876465,"Unknown"
"7014853",371857,2025-09-03 09:09:24,43.3495826721191,-8.42665386199951,"Unknown"
"7014853",371857,2025-09-03 09:14:26,43.3495941162109,-8.42658042907715,"Unknown"
"7014853",371857,2025-09-03 09:19:44,43.3495254516602,-8.42781639099121,"Unknown"
"7014853",371857,2025-09-03 09:24:25,43.349536895752,-8.42732524871826,"Unknown"
"7014853",371857,2025-09-03 09:29:25,43.3495635986328,-8.42790508270264,"Unknown"
"7014853",371857,2025-09-03 09:34:24,43.3496246337891,-8.42862033843994,"Unknown"
"7014853",371857,2025-09-03 09:39:25,43.3495559692383,-8.4284143447876,"Unknown"
"7014853",371857,2025-09-03 09:44:27,43.3495826721191,-8.42842769622803,"Unknown"
"7014853",371857,2025-09-03 09:49:43,43.3494644165039,-8.42688179016113,"Unknown"
"7014853",371857,2025-09-03 09:54:25,43.3494529724121,-8.42718696594238,"Unknown"
"7014853",371857,2025-09-03 09:59:25,43.3495101928711,-8.42723655700684,"Unknown"
"7014853",371857,2025-09-03 10:04:27,43.3495101928711,-8.42686367034912,"Unknown"
"7014853",371857,2025-09-03 10:09:33,43.3494720458984,-8.42685508728027,"Unknown"
"7014853",371857,2025-09-03 10:14:24,43.3494606018066,-8.42711925506592,"Unknown"
"7014853",371857,2025-09-03 10:19:24,43.3495025634766,-8.42717933654785,"Unknown"
"7014853",371857,2025-09-03 10:24:25,43.3495597839355,-8.42720413208008,"Unknown"
"7014853",371857,2025-09-03 10:29:24,43.3504219055176,-8.42764091491699,"Unknown"
"7014853",371857,2025-09-03 10:34:26,43.3525123596191,-8.42684459686279,"Unknown"
"7014853",371857,2025-09-03 10:39:25,43.3525619506836,-8.42692375183105,"Unknown"
"7014853",371857,2025-09-03 10:44:26,43.352466583252,-8.42709255218506,"Unknown"
"7014853",371857,2025-09-03 10:49:37,43.3527297973633,-8.42718410491943,"Unknown"
"7014853",371857,2025-09-03 10:54:26,43.3530464172363,-8.42746734619141,"Unknown"
"7014853",371857,2025-09-03 10:59:41,43.3528518676758,-8.42739105224609,"Unknown"
"7014853",371857,2025-09-03 11:04:24,43.3526611328125,-8.42759323120117,"Unknown"
"7014853",371857,2025-09-03 11:09:25,43.3532638549805,-8.4330415725708,"Unknown"
"7014853",371857,2025-09-03 11:14:27,43.3552017211914,-8.45835971832275,"Unknown"
"7014853",371857,2025-09-03 11:19:27,43.3550643920898,-8.45863342285156,"Unknown"
"7014853",371857,2025-09-03 11:24:27,43.3546180725098,-8.45753955841064,"Unknown"
"7014853",371857,2025-09-03 11:29:26,43.354564666748,-8.45792293548584,"Unknown"
"7014853",371857,2025-09-03 11:34:24,43.3558692932129,-8.45672035217285,"Unknown"
"7014853",371857,2025-09-03 11:39:44,43.3561553955078,-8.45624256134033,"Unknown"
"7014853",371857,2025-09-03 11:44:28,43.356258392334,-8.45668792724609,"Unknown"
"7014853",371857,2025-09-03 11:49:24,43.3564834594727,-8.45726299285889,"Unknown"
"7014853",371857,2025-09-03 11:54:25,43.356388092041,-8.45715045928955,"Unknown"
"7014853",371857,2025-09-03 11:59:24,43.3561172485352,-8.45693969726562,"Unknown"
"7014853",371857,2025-09-03 12:04:24,43.3558921813965,-8.4565258026123,"Unknown"
"7014853",371857,2025-09-03 12:09:24,43.3560104370117,-8.45685291290283,"Unknown"
"7014853",371857,2025-09-03 12:14:24,43.3560943603516,-8.45704078674316,"Unknown"
"7014853",371857,2025-09-03 12:19:24,43.3557891845703,-8.45658206939697,"Unknown"
"7014853",371857,2025-09-03 12:24:29,43.3566017150879,-8.45748424530029,"Unknown"
"7014853",371857,2025-09-03 12:29:24,43.3560104370117,-8.45679664611816,"Unknown"
"7014853",371857,2025-09-03 12:34:41,43.3562660217285,-8.45723628997803,"Unknown"
"7014853",371857,2025-09-03 12:39:24,43.3561325073242,-8.45689868927002,"Unknown"
"7014853",371857,2025-09-03 12:44:26,43.3562622070312,-8.45709323883057,"Unknown"
"7014853",371857,2025-09-03 12:49:24,43.3562622070312,-8.4570837020874,"Unknown"
"7014853",371857,2025-09-03 12:54:26,43.3561325073242,-8.45700073242188,"Unknown"
"7014853",371857,2025-09-03 13:00:01,43.3564758300781,-8.45693111419678,"Unknown"
"7014853",371857,2025-09-03 13:04:36,43.3560638427734,-8.45680713653564,"Unknown"
"7014853",371857,2025-09-03 13:09:24,43.3556022644043,-8.45797061920166,"Unknown"
"7014853",371857,2025-09-03 13:14:24,43.355583190918,-8.45810127258301,"Unknown"
"7014853",371857,2025-09-03 13:19:37,43.3554306030273,-8.45779800415039,"Unknown"
"7014853",371857,2025-09-03 13:24:24,43.3554267883301,-8.45778369903564,"Unknown"
"7014853",371857,2025-09-03 13:29:24,43.3554077148438,-8.45777893066406,"Unknown"
"7014853",371857,2025-09-03 13:34:36,43.3556976318359,-8.4582691192627,"Unknown"
"7014853",371857,2025-09-03 13:39:36,43.3557014465332,-8.4582462310791,"Unknown"
"7014853",371857,2025-09-03 13:44:37,43.3557281494141,-8.45837783813477,"Unknown"
"7014853",371857,2025-09-03 13:49:35,43.3558387756348,-8.45847606658936,"Unknown"
"7014853",371857,2025-09-03 13:54:44,43.3559226989746,-8.45845985412598,"Unknown"
"7014853",371857,2025-09-03 13:59:24,43.3557395935059,-8.45842742919922,"Unknown"
"7014853",371857,2025-09-03 14:04:24,43.3557014465332,-8.45816802978516,"Unknown"
"7014853",371857,2025-09-03 14:09:25,43.3556938171387,-8.45806312561035,"Unknown"
"7014853",371857,2025-09-03 14:14:26,43.3558883666992,-8.4578161239624,"Unknown"
"7014853",371857,2025-09-03 14:19:28,43.3555450439453,-8.45812702178955,"Unknown"
"7014853",371857,2025-09-03 14:24:59,43.3558502197266,-8.45798397064209,"Unknown"
"7014853",371857,2025-09-03 14:29:24,43.3555717468262,-8.45721435546875,"Unknown"
"7014853",371857,2025-09-03 14:34:24,43.355655670166,-8.45741176605225,"Unknown"
"7014853",371857,2025-09-03 14:39:24,43.3557777404785,-8.4578685760498,"Unknown"
"7014853",371857,2025-09-03 14:44:24,43.3556518554688,-8.45744705200195,"Unknown"
"7014853",371857,2025-09-03 14:49:25,43.3558654785156,-8.45808887481689,"Unknown"
"7014853",371857,2025-09-03 14:54:26,43.3557968139648,-8.45794677734375,"Unknown"
"7014853",371857,2025-09-03 14:59:34,43.355827331543,-8.45821285247803,"Unknown"
"7014853",371857,2025-09-03 15:04:33,43.3558387756348,-8.45809745788574,"Unknown"
"7014853",371857,2025-09-03 15:09:28,43.3558158874512,-8.45803451538086,"Unknown"
"7014853",371857,2025-09-03 15:14:35,43.3558235168457,-8.45798778533936,"Unknown"
"7014853",371857,2025-09-03 15:19:37,43.355827331543,-8.45820999145508,"Unknown"
"7014853",371857,2025-09-03 15:24:31,43.3559303283691,-8.45844841003418,"Unknown"
"7014853",371857,2025-09-03 15:29:35,43.355827331543,-8.45781326293945,"Unknown"
"7014853",371857,2025-09-03 15:34:41,43.355541229248,-8.45684242248535,"Unknown"
"7014853",371857,2025-09-03 15:39:25,43.3555603027344,-8.45735454559326,"Unknown"
"7014853",371857,2025-09-03 15:44:25,43.3558349609375,-8.45768737792969,"Unknown"
"7014853",371857,2025-09-03 15:49:27,43.3561630249023,-8.45865154266357,"Unknown"
"7014853",371857,2025-09-03 15:54:26,43.3559799194336,-8.45858669281006,"Unknown"
"7014853",371857,2025-09-03 15:59:26,43.3560676574707,-8.45900917053223,"Unknown"
"7014853",371857,2025-09-03 16:04:24,43.3558959960938,-8.45804500579834,"Unknown"
"7014853",371857,2025-09-03 16:09:26,43.3538970947266,-8.45877552032471,"Unknown"
"7014853",371857,2025-09-03 16:14:27,43.3539047241211,-8.45845603942871,"Unknown"
"7014853",371857,2025-09-03 16:19:24,43.3538513183594,-8.45814037322998,"Unknown"
"7014853",371857,2025-09-03 16:24:25,43.353931427002,-8.45849990844727,"Unknown"
"7014853",371857,2025-09-03 16:29:24,43.3539581298828,-8.45819091796875,"Unknown"
"7014853",371857,2025-09-03 16:34:39,43.3559684753418,-8.45775604248047,"Unknown"
"7014853",371857,2025-09-03 16:39:27,43.3560066223145,-8.45784091949463,"Unknown"
"7014853",371857,2025-09-03 16:44:29,43.3556251525879,-8.4583740234375,"Unknown"
"7014853",371857,2025-09-03 16:49:36,43.3560943603516,-8.4576997756958,"Unknown"
"7014853",371857,2025-09-03 16:54:33,43.3560791015625,-8.45768642425537,"Unknown"
"7014853",371857,2025-09-03 16:59:27,43.3558807373047,-8.45777034759521,"Unknown"
"7014853",371857,2025-09-03 17:04:30,43.3554573059082,-8.4571361541748,"Unknown"
"7014853",371857,2025-09-03 17:09:30,43.3563270568848,-8.45696830749512,"Unknown"
"7014853",371857,2025-09-03 17:14:36,43.3563079833984,-8.45713043212891,"Unknown"
"7014853",371857,2025-09-03 17:19:26,43.3562622070312,-8.4569845199585,"Unknown"
"7014853",371857,2025-09-03 17:24:31,43.3563613891602,-8.45700073242188,"Unknown"
"7014853",371857,2025-09-03 17:29:29,43.3555526733398,-8.45724105834961,"Unknown"
"7014853",371857,2025-09-03 17:34:28,43.3564796447754,-8.45702266693115,"Unknown"
"7014853",371857,2025-09-03 17:39:29,43.3564682006836,-8.45704460144043,"Unknown"
"7014853",371857,2025-09-03 17:44:35,43.3564071655273,-8.45701694488525,"Unknown"
"7014853",371857,2025-09-03 17:49:30,43.3562698364258,-8.45693492889404,"Unknown"
"7014853",371857,2025-09-03 17:54:30,43.3561820983887,-8.4569845199585,"Unknown"
"7014853",371857,2025-09-03 17:59:44,43.3564605712891,-8.45708179473877,"Unknown"
"7014853",371857,2025-09-03 18:09:26,43.3540077209473,-8.45523262023926,"Unknown"
"7014853",371857,2025-09-03 18:14:34,43.3404426574707,-8.45414543151855,"Unknown"
"7014853",371857,2025-09-03 18:19:37,43.3415260314941,-8.45333003997803,"Unknown"
"7014853",371857,2025-09-03 18:24:42,43.3501968383789,-8.4277811050415,"Unknown"
"7014853",371857,2025-09-03 18:29:37,43.3501205444336,-8.42780780792236,"Unknown"
"7014853",371857,2025-09-03 18:34:44,43.350154876709,-8.42787837982178,"Unknown"
"7014853",371857,2025-09-03 18:39:26,43.3501396179199,-8.42787837982178,"Unknown"
"7014853",371857,2025-09-03 18:44:24,43.3501243591309,-8.42786884307861,"Unknown"
"7014853",371857,2025-09-03 18:49:25,43.3500518798828,-8.42778015136719,"Unknown"
"7014853",371857,2025-09-03 18:54:40,43.3501510620117,-8.42789077758789,"Unknown"
"7014853",371857,2025-09-03 18:59:41,43.3501434326172,-8.42788410186768,"Unknown"
"7014853",371857,2025-09-03 19:04:28,43.3500289916992,-8.42800617218018,"Unknown"
"7014853",371857,2025-09-03 19:09:27,43.3501930236816,-8.4277811050415,"Unknown"
"7014853",371857,2025-09-03 19:14:26,43.3497467041016,-8.42815208435059,"Unknown"
"7014853",371857,2025-09-03 19:19:27,43.3501663208008,-8.42858600616455,"Unknown"
"7014853",371857,2025-09-03 19:24:24,43.3502769470215,-8.42802047729492,"Unknown"
"7014853",371857,2025-09-03 19:29:27,43.3504333496094,-8.42798709869385,"Unknown"
"7014853",371857,2025-09-03 19:34:26,43.3532295227051,-8.41754722595215,"Unknown"
"7014853",371857,2025-09-03 19:39:26,43.3531532287598,-8.4176549911499,"Unknown"
"7014853",371857,2025-09-03 19:44:10,43.3531608581543,-8.41753387451172,"Unknown"
"7014853",371857,2025-09-04 00:44:14,43.3606224060059,-8.40306663513184,"Unknown"
"7014853",371857,2025-09-04 05:44:14,43.3604736328125,-8.40308094024658,"Unknown"
"7014853",371857,2025-09-04 06:05:34,43.3502578735352,-8.42783164978027,"Unknown"
"7014853",371857,2025-09-04 06:10:31,43.3501739501953,-8.42789745330811,"Unknown"
"7014853",371857,2025-09-04 06:15:36,43.3503761291504,-8.42784976959229,"Unknown"
"7014853",371857,2025-09-04 06:20:34,43.3501853942871,-8.42788219451904,"Unknown"
"7014853",371857,2025-09-04 06:25:32,43.3501167297363,-8.42843818664551,"Unknown"
"7014853",371857,2025-09-04 06:30:47,43.350170135498,-8.42795372009277,"Unknown"
"7014853",371857,2025-09-04 06:35:53,43.350170135498,-8.4278392791748,"Unknown"
"7014853",371857,2025-09-04 06:40:24,43.3501892089844,-8.42784786224365,"Unknown"
"7014853",371857,2025-09-04 06:45:22,43.350025177002,-8.42765617370605,"Unknown"
"7014853",371857,2025-09-04 06:50:27,43.3502235412598,-8.42783641815186,"Unknown"
"7014853",371857,2025-09-04 06:55:24,43.3502502441406,-8.42788410186768,"Unknown"
"7014853",371857,2025-09-04 07:00:22,43.3501052856445,-8.42791748046875,"Unknown"
"7014853",371857,2025-09-04 07:05:22,43.3499946594238,-8.4279613494873,"Unknown"
"7014853",371857,2025-09-04 07:10:22,43.3501892089844,-8.42784404754639,"Unknown"
"7014853",371857,2025-09-04 07:15:22,43.349967956543,-8.42823219299316,"Unknown"
"7014853",371857,2025-09-04 07:20:24,43.3501434326172,-8.42785167694092,"Unknown"
"7014853",371857,2025-09-04 07:25:22,43.3501014709473,-8.42785835266113,"Unknown"
"7014853",371857,2025-09-04 07:30:24,43.3501205444336,-8.42790603637695,"Unknown"
"7014853",371857,2025-09-04 07:35:36,43.35009765625,-8.42779636383057,"Unknown"
"7014853",371857,2025-09-04 07:40:30,43.3501243591309,-8.42780303955078,"Unknown"
"7014853",371857,2025-09-04 07:45:44,43.3501396179199,-8.42793083190918,"Unknown"
"7014853",371857,2025-09-04 07:50:22,43.3501129150391,-8.42793083190918,"Unknown"
"7014853",371857,2025-09-04 07:55:30,43.3501586914062,-8.42793846130371,"Unknown"
"7014853",371857,2025-09-04 08:00:22,43.3502044677734,-8.42795467376709,"Unknown"
"7014853",371857,2025-09-04 08:05:23,43.3501586914062,-8.42811679840088,"Unknown"
"7014853",371857,2025-09-04 08:10:28,43.3502578735352,-8.42789745330811,"Unknown"
"7014853",371857,2025-09-04 08:15:22,43.3502655029297,-8.42785549163818,"Unknown"
"7014853",371857,2025-09-04 08:20:59,43.3503036499023,-8.42784690856934,"Unknown"
"7014853",371857,2025-09-04 08:25:53,43.3503112792969,-8.42791271209717,"Unknown"
"7014853",371857,2025-09-04 08:30:21,43.3503036499023,-8.42786407470703,"Unknown"
"7014853",371857,2025-09-04 08:35:22,43.350227355957,-8.42789459228516,"Unknown"
"7014853",371857,2025-09-04 08:40:23,43.3502578735352,-8.42800807952881,"Unknown"
"7014853",371857,2025-09-04 08:45:44,43.3503227233887,-8.42788696289062,"Unknown"
"7014853",371857,2025-09-04 08:50:28,43.350284576416,-8.42782306671143,"Unknown"
"7014853",371857,2025-09-04 08:55:59,43.3503150939941,-8.42790508270264,"Unknown"
"7014853",371857,2025-09-04 09:00:21,43.3503112792969,-8.42800331115723,"Unknown"
"7014853",371857,2025-09-04 09:05:22,43.3502731323242,-8.42799091339111,"Unknown"
"7014853",371857,2025-09-04 09:10:22,43.3503379821777,-8.42794990539551,"Unknown"
"7014853",371857,2025-09-04 09:16:05,43.3503036499023,-8.42793273925781,"Unknown"
"7014853",371857,2025-09-04 09:20:21,43.3503074645996,-8.42798709869385,"Unknown"
"7014853",371857,2025-09-04 09:25:21,43.3502922058105,-8.42786312103271,"Unknown"
"7014853",371857,2025-09-04 09:30:21,43.3503150939941,-8.42774200439453,"Unknown"
"7014853",371857,2025-09-04 09:35:21,43.3503150939941,-8.42796516418457,"Unknown"
"7014853",371857,2025-09-04 09:40:21,43.3503303527832,-8.42807388305664,"Unknown"
"7014853",371857,2025-09-04 09:45:22,43.3503608703613,-8.42801952362061,"Unknown"
"7014853",371857,2025-09-04 09:50:23,43.3503303527832,-8.42792701721191,"Unknown"
"7014853",371857,2025-09-04 09:55:30,43.3503265380859,-8.42792415618896,"Unknown"
"7014853",371857,2025-09-04 10:00:21,43.3503608703613,-8.42797565460205,"Unknown"
"7014853",371857,2025-09-04 10:05:22,43.3503379821777,-8.42782306671143,"Unknown"
"7014853",371857,2025-09-04 10:10:22,43.3503494262695,-8.42791748046875,"Unknown"
"7014853",371857,2025-09-04 10:15:21,43.350456237793,-8.42798709869385,"Unknown"
"7014853",371857,2025-09-04 10:20:21,43.3504600524902,-8.42804431915283,"Unknown"
"7014853",371857,2025-09-04 10:25:21,43.3504638671875,-8.4278039932251,"Unknown"
"7014853",371857,2025-09-04 10:30:21,43.3504676818848,-8.42787075042725,"Unknown"
"7014853",371857,2025-09-04 10:35:43,43.350528717041,-8.42792129516602,"Unknown"
"7014853",371857,2025-09-04 10:40:21,43.3503646850586,-8.42791557312012,"Unknown"
"7014853",371857,2025-09-04 10:45:21,43.3505020141602,-8.42788600921631,"Unknown"
"7014853",371857,2025-09-04 10:50:21,43.3505668640137,-8.42796516418457,"Unknown"
"7014853",371857,2025-09-04 10:55:21,43.3505477905273,-8.42793750762939,"Unknown"
"7014853",371857,2025-09-04 11:00:22,43.3504943847656,-8.42795848846436,"Unknown"
"7014853",371857,2025-09-04 11:05:22,43.3505668640137,-8.42802143096924,"Unknown"
"7014853",371857,2025-09-04 11:10:21,43.350513458252,-8.4280834197998,"Unknown"
"7014853",371857,2025-09-04 11:15:21,43.3504524230957,-8.42799949645996,"Unknown"
"7014853",371857,2025-09-04 11:20:29,43.3504028320312,-8.42810726165771,"Unknown"
"7014853",371857,2025-09-04 11:25:21,43.3503875732422,-8.42814540863037,"Unknown"
"7014853",371857,2025-09-04 11:30:44,43.350414276123,-8.42799282073975,"Unknown"
"7014853",371857,2025-09-04 11:35:21,43.3503112792969,-8.42800140380859,"Unknown"
"7014853",371857,2025-09-04 11:40:21,43.3505249023438,-8.42797946929932,"Unknown"
"7014853",371857,2025-09-04 11:45:22,43.3503189086914,-8.42801666259766,"Unknown"
"7014853",371857,2025-09-04 11:50:25,43.3502616882324,-8.42757320404053,"Unknown"
"7014853",371857,2025-09-04 11:55:22,43.3501472473145,-8.42764377593994,"Unknown"
"7014853",371857,2025-09-04 12:00:22,43.3499450683594,-8.42730903625488,"Unknown"
"7014853",371857,2025-09-04 12:05:32,43.3500099182129,-8.42741298675537,"Unknown"
"7014853",371857,2025-09-04 12:10:22,43.3499183654785,-8.42732048034668,"Unknown"
"7014853",371857,2025-09-04 12:15:44,43.3497695922852,-8.42792415618896,"Unknown"
"7014853",371857,2025-09-04 12:20:36,43.3498497009277,-8.42789268493652,"Unknown"
"7014853",371857,2025-09-04 12:25:23,43.3497505187988,-8.42789554595947,"Unknown"
"7014853",371857,2025-09-04 12:30:30,43.3497543334961,-8.42786884307861,"Unknown"
"7014853",371857,2025-09-04 12:35:30,43.3498344421387,-8.42819786071777,"Unknown"
"7014853",371857,2025-09-04 12:40:30,43.3497657775879,-8.42798042297363,"Unknown"
"7014853",371857,2025-09-04 12:46:23,43.3488807678223,-8.42050361633301,"Unknown"
"7014853",371857,2025-09-04 12:50:28,43.360050201416,-8.4026050567627,"Unknown"
"7014853",371857,2025-09-04 12:55:29,43.3601188659668,-8.40284538269043,"Unknown"
"7014853",371857,2025-09-04 13:00:25,43.3601264953613,-8.40287971496582,"Unknown"
"7014853",371857,2025-09-04 13:05:27,43.3601608276367,-8.40283012390137,"Unknown"
"7014853",371857,2025-09-04 13:10:30,43.360221862793,-8.40285110473633,"Unknown"
"7014853",371857,2025-09-04 13:15:30,43.3602600097656,-8.40290832519531,"Unknown"
"7014853",371857,2025-09-04 13:20:27,43.3600692749023,-8.40272426605225,"Unknown"
"7014853",371857,2025-09-04 13:25:28,43.360179901123,-8.40291976928711,"Unknown"
"7014853",371857,2025-09-04 13:30:36,43.3600730895996,-8.40293407440186,"Unknown"
"7014853",371857,2025-09-04 13:35:30,43.3600463867188,-8.40292072296143,"Unknown"
"7014853",371857,2025-09-04 13:40:35,43.3600425720215,-8.40267562866211,"Unknown"
"7014853",371857,2025-09-04 13:45:28,43.3600654602051,-8.40279102325439,"Unknown"
"7014853",371857,2025-09-04 13:50:30,43.3600158691406,-8.40288829803467,"Unknown"
"7014853",371857,2025-09-04 13:55:22,43.3600273132324,-8.4028148651123,"Unknown"
"7014853",371857,2025-09-04 14:00:23,43.3603096008301,-8.40303325653076,"Unknown"
"7014853",371857,2025-09-04 14:05:44,43.3601684570312,-8.40350532531738,"Unknown"
"7014853",371857,2025-09-04 14:10:22,43.3600959777832,-8.40307140350342,"Unknown"
"7014853",371857,2025-09-04 14:15:22,43.360164642334,-8.40303516387939,"Unknown"
"7014853",371857,2025-09-04 14:20:22,43.3601455688477,-8.40320873260498,"Unknown"
"7014853",371857,2025-09-04 14:25:27,43.3601188659668,-8.40315532684326,"Unknown"
"7014853",371857,2025-09-04 14:30:30,43.360237121582,-8.40314960479736,"Unknown"
"7014853",371857,2025-09-04 14:35:22,43.3600997924805,-8.40318393707275,"Unknown"
"7014853",371857,2025-09-04 14:40:23,43.3600769042969,-8.40306186676025,"Unknown"
"7014853",371857,2025-09-04 14:45:44,43.3600921630859,-8.40297603607178,"Unknown"
"7014853",371857,2025-09-04 14:50:22,43.3600006103516,-8.40322494506836,"Unknown"
"7014853",371857,2025-09-04 14:55:28,43.3600234985352,-8.40327072143555,"Unknown"
"7014853",371857,2025-09-04 15:00:23,43.3600273132324,-8.40315628051758,"Unknown"
"7014853",371857,2025-09-04 15:05:27,43.359977722168,-8.40323066711426,"Unknown"
"7014853",371857,2025-09-04 15:10:23,43.3599891662598,-8.4032506942749,"Unknown"
"7014853",371857,2025-09-04 15:15:23,43.3600578308105,-8.40307426452637,"Unknown"
"7014853",371857,2025-09-04 15:20:27,43.3600616455078,-8.40312480926514,"Unknown"
"7014853",371857,2025-09-04 15:25:26,43.359992980957,-8.40313339233398,"Unknown"
"7014853",371857,2025-09-04 15:30:44,43.3602142333984,-8.40306568145752,"Unknown"
"7014853",371857,2025-09-04 15:35:27,43.3601608276367,-8.40301132202148,"Unknown"
"7014853",371857,2025-09-04 15:40:27,43.360237121582,-8.40303039550781,"Unknown"
"7014853",371857,2025-09-04 15:45:27,43.3602027893066,-8.40299129486084,"Unknown"
"7014853",371857,2025-09-04 15:50:23,43.3601150512695,-8.4030876159668,"Unknown"
"7014853",371857,2025-09-04 15:55:23,43.3600997924805,-8.40310192108154,"Unknown"
"7014853",371857,2025-09-04 16:00:23,43.3602256774902,-8.40312576293945,"Unknown"
"7014853",371857,2025-09-04 16:05:26,43.3601379394531,-8.40315532684326,"Unknown"
"7014853",371857,2025-09-04 16:10:23,43.3601417541504,-8.40311241149902,"Unknown"
"7014853",371857,2025-09-04 16:16:33,43.3680725097656,-8.4135856628418,"Unknown"
"7014853",371857,2025-09-04 16:20:22,43.377082824707,-8.43097305297852,"Unknown"
"7014853",371857,2025-09-04 16:25:23,43.3697052001953,-8.45488548278809,"Unknown"
"7014853",371857,2025-09-04 16:30:22,43.3566131591797,-8.45706272125244,"Unknown"
"7014853",371857,2025-09-04 16:35:23,43.3565979003906,-8.45708465576172,"Unknown"
"7014853",371857,2025-09-04 16:40:22,43.3565444946289,-8.45702838897705,"Unknown"
"7014853",371857,2025-09-04 16:45:23,43.3563766479492,-8.45787048339844,"Unknown"
"7014853",371857,2025-09-04 16:50:35,43.3564682006836,-8.45791149139404,"Unknown"
"7014853",371857,2025-09-04 16:55:23,43.3563613891602,-8.45758152008057,"Unknown"
"7014853",371857,2025-09-04 17:00:25,43.3564758300781,-8.45784854888916,"Unknown"
"7014853",371857,2025-09-04 17:05:25,43.3565292358398,-8.45781135559082,"Unknown"
"7014853",371857,2025-09-04 17:10:25,43.3565254211426,-8.45771026611328,"Unknown"
"7014853",371857,2025-09-04 17:15:26,43.3564720153809,-8.45679759979248,"Unknown"
"7014853",371857,2025-09-04 17:20:25,43.3565483093262,-8.45763683319092,"Unknown"
"7014853",371857,2025-09-04 17:25:36,43.3566207885742,-8.45782661437988,"Unknown"
"7014853",371857,2025-09-04 17:30:23,43.356632232666,-8.45763683319092,"Unknown"
"7014853",371857,2025-09-04 17:35:24,43.3565864562988,-8.45673084259033,"Unknown"
"7014853",371857,2025-09-04 17:41:43,43.3563003540039,-8.45709800720215,"Unknown"
"7014853",371857,2025-09-04 17:46:32,43.3564682006836,-8.45718193054199,"Unknown"
"7014853",371857,2025-09-04 17:50:30,43.3565521240234,-8.4571533203125,"Unknown"
"7014853",371857,2025-09-04 17:55:22,43.3565979003906,-8.45699691772461,"Unknown"
"7014853",371857,2025-09-04 18:00:26,43.3564834594727,-8.45707988739014,"Unknown"
"7014853",371857,2025-09-04 18:05:23,43.3565292358398,-8.45703029632568,"Unknown"
"7014853",371857,2025-09-04 18:10:22,43.3564643859863,-8.45698642730713,"Unknown"
"7014853",371857,2025-09-04 18:15:24,43.3564834594727,-8.45702075958252,"Unknown"
"7014853",371857,2025-09-04 18:20:44,43.3563919067383,-8.45700645446777,"Unknown"
"7014853",371857,2025-09-04 18:25:25,43.3454322814941,-8.44783973693848,"Unknown"
"7014853",371857,2025-09-04 18:30:23,43.3503379821777,-8.42796421051025,"Unknown"
"7014853",371857,2025-09-04 18:35:22,43.3504981994629,-8.42790222167969,"Unknown"
"7014853",371857,2025-09-04 18:40:24,43.3505592346191,-8.42787075042725,"Unknown"
"7014853",371857,2025-09-04 18:45:29,43.3505706787109,-8.4279146194458,"Unknown"
"7014853",371857,2025-09-04 18:50:59,43.3505058288574,-8.42789936065674,"Unknown"
"7014853",371857,2025-09-04 18:55:22,43.3504981994629,-8.42784881591797,"Unknown"
"7014853",371857,2025-09-04 19:00:29,43.3504104614258,-8.42767524719238,"Unknown"
"7014853",371857,2025-09-04 19:05:23,43.3504447937012,-8.42773818969727,"Unknown"
"7014853",371857,2025-09-04 19:10:23,43.3504219055176,-8.42780780792236,"Unknown"
"7014853",371857,2025-09-04 19:15:22,43.3503265380859,-8.42782211303711,"Unknown"
"7014853",371857,2025-09-04 19:20:43,43.3502960205078,-8.42750835418701,"Unknown"
"7014853",371857,2025-09-04 19:25:22,43.350227355957,-8.42752075195312,"Unknown"
"7014853",371857,2025-09-04 19:30:22,43.3526153564453,-8.41756439208984,"Unknown"
"7014853",371857,2025-09-04 19:35:24,43.3527069091797,-8.41751766204834,"Unknown"
"7014853",371857,2025-09-04 19:42:08,43.3525924682617,-8.41766929626465,"Unknown"
"7014853",371857,2025-09-05 00:42:15,43.360710144043,-8.40339946746826,"Unknown"
"7014853",371857,2025-09-05 05:42:09,43.362232208252,-8.40390586853027,"Unknown"
"7014853",371857,2025-09-05 06:06:38,43.3601417541504,-8.40272426605225,"Unknown"
"7014853",371857,2025-09-05 06:11:42,43.360221862793,-8.40266513824463,"Unknown"
"7014853",371857,2025-09-05 06:16:37,43.3602676391602,-8.40253067016602,"Unknown"
"7014853",371857,2025-09-05 06:21:37,43.360221862793,-8.40268325805664,"Unknown"
"7014853",371857,2025-09-05 06:26:37,43.3603744506836,-8.40283203125,"Unknown"
"7014853",371857,2025-09-05 06:31:39,43.3603057861328,-8.40281581878662,"Unknown"
"7014853",371857,2025-09-05 06:36:38,43.3603134155273,-8.40242004394531,"Unknown"
"7014853",371857,2025-09-05 06:41:37,43.3625144958496,-8.4037971496582,"Unknown"
"7014853",371857,2025-09-05 06:46:39,43.3625221252441,-8.40387344360352,"Unknown"
"7014853",371857,2025-09-05 06:51:37,43.3625640869141,-8.40390682220459,"Unknown"
"7014853",371857,2025-09-05 06:56:37,43.3625144958496,-8.40392875671387,"Unknown"
"7014853",371857,2025-09-05 07:01:38,43.3625411987305,-8.40390396118164,"Unknown"
"7014853",371857,2025-09-05 07:06:39,43.3623390197754,-8.40394401550293,"Unknown"
"7014853",371857,2025-09-05 07:11:48,43.3624267578125,-8.40389537811279,"Unknown"
"7014853",371857,2025-09-05 07:16:41,43.3624687194824,-8.40396404266357,"Unknown"
"7014853",371857,2025-09-05 07:21:38,43.3623313903809,-8.40394496917725,"Unknown"
"7014853",371857,2025-09-05 07:26:38,43.3621444702148,-8.40443801879883,"Unknown"
"7014853",371857,2025-09-05 07:31:38,43.3621215820312,-8.40427684783936,"Unknown"
"7014853",371857,2025-09-05 07:36:41,43.3621063232422,-8.40433025360107,"Unknown"
"7014853",371857,2025-09-05 07:41:39,43.3627166748047,-8.40420246124268,"Unknown"
"7014853",371857,2025-09-05 07:46:38,43.3626441955566,-8.40425491333008,"Unknown"
"7014853",371857,2025-09-05 07:51:37,43.3626251220703,-8.40430450439453,"Unknown"
"7014853",371857,2025-09-05 07:56:38,43.3628005981445,-8.40413761138916,"Unknown"
"7014853",371857,2025-09-05 08:01:38,43.3630332946777,-8.40422534942627,"Unknown"
"7014853",371857,2025-09-05 08:06:38,43.3636589050293,-8.40357685089111,"Unknown"
"7014853",371857,2025-09-05 08:11:38,43.3639717102051,-8.40372467041016,"Unknown"
"7014853",371857,2025-09-05 08:16:37,43.3663215637207,-8.40337371826172,"Unknown"
"7014853",371857,2025-09-05 08:21:40,43.3704299926758,-8.41563510894775,"Unknown"
"7014853",371857,2025-09-05 08:26:41,43.3704414367676,-8.41558265686035,"Unknown"
"7014853",371857,2025-09-05 08:31:39,43.370491027832,-8.41524982452393,"Unknown"
"7014853",371857,2025-09-05 08:36:38,43.3701286315918,-8.41524982452393,"Unknown"
"7014853",371857,2025-09-05 08:41:38,43.3703308105469,-8.41542816162109,"Unknown"
"7014853",371857,2025-09-05 08:46:38,43.3701629638672,-8.41530227661133,"Unknown"
"7014853",371857,2025-09-05 08:51:38,43.370246887207,-8.41537570953369,"Unknown"
"7014853",371857,2025-09-05 08:56:38,43.3700752258301,-8.41527843475342,"Unknown"
"7014853",371857,2025-09-05 09:01:38,43.3701820373535,-8.41529083251953,"Unknown"
"7014853",371857,2025-09-05 09:06:38,43.3702659606934,-8.41542720794678,"Unknown"
"7014853",371857,2025-09-05 09:11:38,43.3703002929688,-8.41543006896973,"Unknown"
"7014853",371857,2025-09-05 09:16:38,43.3701400756836,-8.41520595550537,"Unknown"
"7014853",371857,2025-09-05 09:21:39,43.3705596923828,-8.41572093963623,"Unknown"
"7014853",371857,2025-09-05 09:26:38,43.3706588745117,-8.41563701629639,"Unknown"
"7014853",371857,2025-09-05 09:31:38,43.3702850341797,-8.41493988037109,"Unknown"
"7014853",371857,2025-09-05 09:36:38,43.3702926635742,-8.41492557525635,"Unknown"
"7014853",371857,2025-09-05 09:41:38,43.3703536987305,-8.41499900817871,"Unknown"
"7014853",371857,2025-09-05 09:46:40,43.3702812194824,-8.41506290435791,"Unknown"
"7014853",371857,2025-09-05 09:51:46,43.3705902099609,-8.41591167449951,"Unknown"
"7014853",371857,2025-09-05 09:56:40,43.3706970214844,-8.4152364730835,"Unknown"
"7014853",371857,2025-09-05 10:01:38,43.3705291748047,-8.41534519195557,"Unknown"
"7014853",371857,2025-09-05 10:06:38,43.3706893920898,-8.41550159454346,"Unknown"
"7014853",371857,2025-09-05 10:11:38,43.3707656860352,-8.41567897796631,"Unknown"
"7014853",371857,2025-09-05 10:16:38,43.3705139160156,-8.41542148590088,"Unknown"
"7014853",371857,2025-09-05 10:21:38,43.3704414367676,-8.41520214080811,"Unknown"
"7014853",371857,2025-09-05 10:26:38,43.3703956604004,-8.41507148742676,"Unknown"
"7014853",371857,2025-09-05 10:31:39,43.3702735900879,-8.41493129730225,"Unknown"
"7014853",371857,2025-09-05 10:36:39,43.370418548584,-8.41505813598633,"Unknown"
"7014853",371857,2025-09-05 10:41:39,43.3704719543457,-8.41514205932617,"Unknown"
"7014853",371857,2025-09-05 10:46:38,43.3705406188965,-8.41520023345947,"Unknown"
"7014853",371857,2025-09-05 10:51:46,43.370418548584,-8.41502380371094,"Unknown"
"7014853",371857,2025-09-05 10:56:39,43.3704452514648,-8.41507053375244,"Unknown"
"7014853",371857,2025-09-05 11:01:40,43.3703575134277,-8.41625308990479,"Unknown"
"7014853",371857,2025-09-05 11:06:40,43.3711128234863,-8.41686534881592,"Unknown"
"7014853",371857,2025-09-05 11:11:39,43.370532989502,-8.41604518890381,"Unknown"
"7014853",371857,2025-09-05 11:16:48,43.3705444335938,-8.41506290435791,"Unknown"
"7014853",371857,2025-09-05 11:21:41,43.3706817626953,-8.41574287414551,"Unknown"
"7014853",371857,2025-09-05 11:26:48,43.3704605102539,-8.41503047943115,"Unknown"
"7014853",371857,2025-09-05 11:31:42,43.3695030212402,-8.41230583190918,"Unknown"
"7014853",371857,2025-09-05 11:36:47,43.3706359863281,-8.41500091552734,"Unknown"
"7014853",371857,2025-09-05 11:41:41,43.3706321716309,-8.41498470306396,"Unknown"
"7014853",371857,2025-09-05 11:46:43,43.3706359863281,-8.41498279571533,"Unknown"
"7014853",371857,2025-09-05 11:51:43,43.3707122802734,-8.41484928131104,"Unknown"
"7014853",371857,2025-09-05 11:56:40,43.3702049255371,-8.41402435302734,"Unknown"
"7014853",371857,2025-09-05 12:01:40,43.3702774047852,-8.41421604156494,"Unknown"
"7014853",371857,2025-09-05 12:06:40,43.3702621459961,-8.41425514221191,"Unknown"
"7014853",371857,2025-09-05 12:11:38,43.3703498840332,-8.41449546813965,"Unknown"
"7014853",371857,2025-09-05 12:16:39,43.3706550598145,-8.41508960723877,"Unknown"
"7014853",371857,2025-09-05 12:21:38,43.3702392578125,-8.41440200805664,"Unknown"
"7014853",371857,2025-09-05 12:26:46,43.3705940246582,-8.41506767272949,"Unknown"
"7014853",371857,2025-09-05 12:31:41,43.3713493347168,-8.41638851165771,"Unknown"
"7014853",371857,2025-09-05 12:36:48,43.3706893920898,-8.4151439666748,"Unknown"
"7014853",371857,2025-09-05 12:41:38,43.3700637817383,-8.41427898406982,"Unknown"
"7014853",371857,2025-09-05 12:46:38,43.3702201843262,-8.41449737548828,"Unknown"
"7014853",371857,2025-09-05 12:51:38,43.3702659606934,-8.4146785736084,"Unknown"
"7014853",371857,2025-09-05 12:56:38,43.3702583312988,-8.4146728515625,"Unknown"
"7014853",371857,2025-09-05 13:01:39,43.3706245422363,-8.41500949859619,"Unknown"
"7014853",371857,2025-09-05 13:06:39,43.3701171875,-8.41484832763672,"Unknown"
"7014853",371857,2025-09-05 13:11:40,43.3707466125488,-8.41531753540039,"Unknown"
"7014853",371857,2025-09-05 13:16:38,43.370662689209,-8.41511154174805,"Unknown"
"7014853",371857,2025-09-05 13:21:40,43.3704299926758,-8.4148006439209,"Unknown"
"7014853",371857,2025-09-05 13:26:40,43.3704414367676,-8.41530323028564,"Unknown"
"7014853",371857,2025-09-05 13:31:38,43.3705558776855,-8.41525363922119,"Unknown"
"7014853",371857,2025-09-05 13:36:38,43.3706359863281,-8.41512775421143,"Unknown"
"7014853",371857,2025-09-05 13:41:38,43.3705787658691,-8.41527366638184,"Unknown"
"7014853",371857,2025-09-05 13:46:38,43.3705902099609,-8.41525936126709,"Unknown"
"7014853",371857,2025-09-05 13:51:38,43.3705711364746,-8.41525936126709,"Unknown"
"7014853",371857,2025-09-05 13:56:38,43.3704833984375,-8.41522121429443,"Unknown"
"7014853",371857,2025-09-05 14:01:38,43.3704147338867,-8.41533946990967,"Unknown"
"7014853",371857,2025-09-05 14:06:40,43.3702812194824,-8.41548156738281,"Unknown"
"7014853",371857,2025-09-05 14:11:39,43.3703422546387,-8.41543292999268,"Unknown"
"7014853",371857,2025-09-05 14:16:39,43.3691253662109,-8.41684246063232,"Unknown"
"7014853",371857,2025-09-05 14:21:39,43.3690299987793,-8.4167366027832,"Unknown"
"7014853",371857,2025-09-05 14:26:42,43.3689422607422,-8.41699123382568,"Unknown"
"7014853",371857,2025-09-05 14:31:39,43.3689880371094,-8.41704940795898,"Unknown"
"7014853",371857,2025-09-05 14:36:42,43.3689498901367,-8.41698837280273,"Unknown"
"7014853",371857,2025-09-05 14:41:46,43.3689384460449,-8.41683769226074,"Unknown"
"7014853",371857,2025-09-05 14:46:41,43.3690757751465,-8.41686820983887,"Unknown"
"7014853",371857,2025-09-05 14:52:05,43.368953704834,-8.41678428649902,"Unknown"
"7014853",371857,2025-09-05 14:56:38,43.3689575195312,-8.41669845581055,"Unknown"
"7014853",371857,2025-09-05 15:01:38,43.3689422607422,-8.416748046875,"Unknown"
"7014853",371857,2025-09-05 15:06:38,43.3689613342285,-8.41678524017334,"Unknown"
"7014853",371857,2025-09-05 15:11:38,43.3689575195312,-8.4166898727417,"Unknown"
"7014853",371857,2025-09-05 15:16:38,43.3688697814941,-8.41685104370117,"Unknown"
"7014853",371857,2025-09-05 15:21:39,43.3689956665039,-8.41675472259521,"Unknown"
"7014853",371857,2025-09-05 15:26:39,43.3689765930176,-8.41663551330566,"Unknown"
"7014853",371857,2025-09-05 15:31:38,43.3690414428711,-8.41680717468262,"Unknown"
"7014853",371857,2025-09-05 15:36:39,43.3691024780273,-8.41682147979736,"Unknown"
"7014853",371857,2025-09-05 15:41:39,43.3689346313477,-8.41675472259521,"Unknown"
"7014853",371857,2025-09-05 15:46:40,43.3688774108887,-8.41668605804443,"Unknown"
"7014853",371857,2025-09-05 15:51:39,43.3690528869629,-8.41669654846191,"Unknown"
"7014853",371857,2025-09-05 15:56:39,43.3689956665039,-8.41675090789795,"Unknown"
"7014853",371857,2025-09-05 16:01:39,43.3688354492188,-8.41662216186523,"Unknown"
"7014853",371857,2025-09-05 16:06:39,43.368968963623,-8.41672039031982,"Unknown"
"7014853",371857,2025-09-05 16:11:40,43.3686714172363,-8.41661262512207,"Unknown"
"7014853",371857,2025-09-05 16:16:39,43.3684539794922,-8.4163761138916,"Unknown"
"7014853",371857,2025-09-05 16:21:41,43.3686408996582,-8.41627025604248,"Unknown"
"7014853",371857,2025-09-05 16:26:40,43.3689117431641,-8.41672801971436,"Unknown"
"7014853",371857,2025-09-05 16:31:39,43.3715782165527,-8.41926288604736,"Unknown"
"7014853",371857,2025-09-05 16:36:40,43.3759231567383,-8.42394542694092,"Unknown"
"7014853",371857,2025-09-05 16:41:39,43.3762245178223,-8.42403316497803,"Unknown"
"7014853",371857,2025-09-05 16:46:40,43.3765869140625,-8.42269515991211,"Unknown"
"7014853",371857,2025-09-05 16:51:39,43.3808784484863,-8.4207124710083,"Unknown"
"7014853",371857,2025-09-05 16:56:40,43.3847198486328,-8.41113948822021,"Unknown"
"7014853",371857,2025-09-05 17:01:40,43.3848648071289,-8.4109582901001,"Unknown"
"7014853",371857,2025-09-05 17:06:40,43.3847541809082,-8.41089820861816,"Unknown"
"7014853",371857,2025-09-05 17:11:41,43.3848495483398,-8.41084861755371,"Unknown"
"7014853",371857,2025-09-05 17:16:39,43.3847503662109,-8.41087818145752,"Unknown"
"7014853",371857,2025-09-05 17:21:39,43.3846588134766,-8.41083240509033,"Unknown"
"7014853",371857,2025-09-05 17:26:40,43.3848037719727,-8.41088008880615,"Unknown"
"7014853",371857,2025-09-05 17:31:41,43.3848304748535,-8.41073131561279,"Unknown"
"7014853",371857,2025-09-05 17:36:40,43.384822845459,-8.41058158874512,"Unknown"
"7014853",371857,2025-09-05 17:41:39,43.3848686218262,-8.41069889068604,"Unknown"
"7014853",371857,2025-09-05 17:46:39,43.3730621337891,-8.3992166519165,"Unknown"
"7014853",371857,2025-09-05 17:51:39,43.3602485656738,-8.40249252319336,"Unknown"
"7014853",371857,2025-09-05 17:56:39,43.3601303100586,-8.40262699127197,"Unknown"
"7014853",371857,2025-09-05 18:01:39,43.3599243164062,-8.40273952484131,"Unknown"
"7014853",371857,2025-09-05 18:06:40,43.3601036071777,-8.40250015258789,"Unknown"
"7014853",371857,2025-09-05 18:11:39,43.3600730895996,-8.40255928039551,"Unknown"
"7014853",371857,2025-09-05 18:16:39,43.3607368469238,-8.40143013000488,"Unknown"
"7014853",371857,2025-09-05 18:21:39,43.3597145080566,-8.3984260559082,"Unknown"
"7014853",371857,2025-09-05 18:26:39,43.359676361084,-8.39842987060547,"Unknown"
"7014853",371857,2025-09-05 18:31:40,43.3597717285156,-8.39840221405029,"Unknown"
"7014853",371857,2025-09-05 18:36:39,43.3597450256348,-8.39824485778809,"Unknown"
"7014853",371857,2025-09-05 18:41:39,43.3599243164062,-8.39851093292236,"Unknown"
"7014853",371857,2025-09-05 18:46:39,43.3597984313965,-8.39869213104248,"Unknown"
"7014853",371857,2025-09-05 18:51:39,43.3597602844238,-8.39878463745117,"Unknown"
"7014853",371857,2025-09-05 18:56:39,43.35986328125,-8.39880084991455,"Unknown"
"7014853",371857,2025-09-05 19:01:39,43.3599624633789,-8.39877605438232,"Unknown"
"7014853",371857,2025-09-05 19:06:41,43.362133026123,-8.39637279510498,"Unknown"
"7014853",371857,2025-09-05 19:11:39,43.3625183105469,-8.3970193862915,"Unknown"
"7014853",371857,2025-09-05 19:16:39,43.3623123168945,-8.39702129364014,"Unknown"
"7014853",371857,2025-09-05 19:21:41,43.3622665405273,-8.39685440063477,"Unknown"
"7014853",371857,2025-09-05 19:26:44,43.3620986938477,-8.39683151245117,"Unknown"
"7014853",371857,2025-09-05 19:31:43,43.3622131347656,-8.39690685272217,"Unknown"
"7014853",371857,2025-09-05 19:36:42,43.3622360229492,-8.39694213867188,"Unknown"
"7014853",371857,2025-09-05 19:40:15,43.3623695373535,-8.39704895019531,"Unknown"
"7014853",371857,2025-09-06 00:40:31,43.3596954345703,-8.39378643035889,"Unknown"
"7014853",371857,2025-09-06 05:40:35,43.3590812683105,-8.39751529693604,"Unknown"
"7014853",371857,2025-09-06 06:07:36,43.3594245910645,-8.40023517608643,"Unknown"
"7014853",371857,2025-09-06 06:12:42,43.352970123291,-8.41707992553711,"Unknown"
"7014853",371857,2025-09-06 06:17:36,43.3529777526855,-8.41696166992188,"Unknown"
"7014853",371857,2025-09-06 06:22:36,43.3530311584473,-8.41757011413574,"Unknown"
"7014853",371857,2025-09-06 06:27:38,43.3531913757324,-8.41753959655762,"Unknown"
"7014853",371857,2025-09-06 06:32:40,43.3531265258789,-8.41765117645264,"Unknown"
"7014853",371857,2025-09-06 06:37:35,43.3532333374023,-8.41804981231689,"Unknown"
"7014853",371857,2025-09-06 06:42:35,43.3532028198242,-8.41766452789307,"Unknown"
"7014853",371857,2025-09-06 06:47:34,43.3532791137695,-8.41783332824707,"Unknown"
"7014853",371857,2025-09-06 06:52:34,43.3533477783203,-8.41771125793457,"Unknown"
"7014853",371857,2025-09-06 06:57:37,43.3532218933105,-8.41771793365479,"Unknown"
"7014853",371857,2025-09-06 07:02:37,43.3532600402832,-8.41778755187988,"Unknown"
"7014853",371857,2025-09-06 07:07:37,43.3533782958984,-8.41769981384277,"Unknown"
"7014853",371857,2025-09-06 07:12:35,43.3529815673828,-8.41786766052246,"Unknown"
"7014853",371857,2025-09-06 07:17:35,43.3536987304688,-8.41796779632568,"Unknown"
"7014853",371857,2025-09-06 07:22:35,43.353645324707,-8.41789436340332,"Unknown"
"7014853",371857,2025-09-06 07:27:35,43.3534278869629,-8.41780567169189,"Unknown"
"7014853",371857,2025-09-06 07:32:34,43.353515625,-8.41780471801758,"Unknown"
"7014853",371857,2025-09-06 07:37:34,43.3534545898438,-8.41782283782959,"Unknown"
"7014853",371857,2025-09-06 07:42:34,43.3535308837891,-8.41785335540771,"Unknown"
"7014853",371857,2025-09-06 07:47:35,43.353328704834,-8.41780567169189,"Unknown"
"7014853",371857,2025-09-06 07:52:36,43.3532905578613,-8.41787719726562,"Unknown"
"7014853",371857,2025-09-06 07:57:39,43.3535308837891,-8.41782474517822,"Unknown"
"7014853",371857,2025-09-06 08:02:38,43.3534927368164,-8.41781520843506,"Unknown"
"7014853",371857,2025-09-06 08:07:38,43.3534507751465,-8.41793823242188,"Unknown"
"7014853",371857,2025-09-06 08:12:38,43.3534164428711,-8.41798305511475,"Unknown"
"7014853",371857,2025-09-06 08:17:40,43.3532524108887,-8.41800308227539,"Unknown"
"7014853",371857,2025-09-06 08:22:52,43.3531761169434,-8.41809844970703,"Unknown"
"7014853",371857,2025-09-06 08:28:13,43.3532638549805,-8.41797161102295,"Unknown"
"7014853",371857,2025-09-06 08:32:48,43.353199005127,-8.41804790496826,"Unknown"
"7014853",371857,2025-09-06 08:37:49,43.3531761169434,-8.41805362701416,"Unknown"
"7014853",371857,2025-09-06 08:42:47,43.3532638549805,-8.41835498809814,"Unknown"
"7014853",371857,2025-09-06 08:48:10,43.3530197143555,-8.41772937774658,"Unknown"
"7014853",371857,2025-09-06 08:52:49,43.353157043457,-8.4178466796875,"Unknown"
"7014853",371857,2025-09-06 08:57:54,43.3529968261719,-8.41772365570068,"Unknown"
"7014853",371857,2025-09-06 09:02:59,43.3529930114746,-8.41793918609619,"Unknown"
"7014853",371857,2025-09-06 09:08:05,43.3527336120605,-8.41726207733154,"Unknown"
"7014853",371857,2025-09-06 09:12:55,43.35302734375,-8.41673469543457,"Unknown"
"7014853",371857,2025-09-06 09:17:54,43.350700378418,-8.42832374572754,"Unknown"
"7014853",371857,2025-09-06 09:22:48,43.3535118103027,-8.45333766937256,"Unknown"
"7014853",371857,2025-09-06 09:28:00,43.3562278747559,-8.45668697357178,"Unknown"
"7014853",371857,2025-09-06 09:32:54,43.3561401367188,-8.45665073394775,"Unknown"
"7014853",371857,2025-09-06 09:37:54,43.3563117980957,-8.45682907104492,"Unknown"
"7014853",371857,2025-09-06 09:42:54,43.3564567565918,-8.45680332183838,"Unknown"
"7014853",371857,2025-09-06 09:48:13,43.3563919067383,-8.45701694488525,"Unknown"
"7014853",371857,2025-09-06 09:52:50,43.3564224243164,-8.45708274841309,"Unknown"
"7014853",371857,2025-09-06 09:57:52,43.3563652038574,-8.45678329467773,"Unknown"
"7014853",371857,2025-09-06 10:02:48,43.3564186096191,-8.45692253112793,"Unknown"
"7014853",371857,2025-09-06 10:07:48,43.3565521240234,-8.45681095123291,"Unknown"
"7014853",371857,2025-09-06 10:12:47,43.356502532959,-8.45717811584473,"Unknown"
"7014853",371857,2025-09-06 10:17:51,43.3562393188477,-8.45831966400146,"Unknown"
"7014853",371857,2025-09-06 10:22:51,43.3567123413086,-8.4576473236084,"Unknown"
"7014853",371857,2025-09-06 10:27:51,43.3568153381348,-8.45883083343506,"Unknown"
"7014853",371857,2025-09-06 10:32:51,43.3568267822266,-8.45781707763672,"Unknown"
"7014853",371857,2025-09-06 10:37:52,43.3564529418945,-8.45801544189453,"Unknown"
"7014853",371857,2025-09-06 10:42:54,43.3564643859863,-8.45841217041016,"Unknown"
"7014853",371857,2025-09-06 10:48:14,43.3564872741699,-8.45867729187012,"Unknown"
"7014853",371857,2025-09-06 10:52:51,43.3565979003906,-8.45916366577148,"Unknown"
"7014853",371857,2025-09-06 10:57:52,43.3565979003906,-8.45878219604492,"Unknown"
"7014853",371857,2025-09-06 11:02:51,43.3565826416016,-8.4593448638916,"Unknown"
"7014853",371857,2025-09-06 11:07:50,43.3566207885742,-8.45892715454102,"Unknown"
"7014853",371857,2025-09-06 11:12:48,43.3566207885742,-8.45794010162354,"Unknown"
"7014853",371857,2025-09-06 11:17:53,43.3565635681152,-8.45800018310547,"Unknown"
"7014853",371857,2025-09-06 11:22:49,43.3566207885742,-8.45786571502686,"Unknown"
"7014853",371857,2025-09-06 11:27:49,43.3566474914551,-8.45793533325195,"Unknown"
"7014853",371857,2025-09-06 11:32:49,43.3566589355469,-8.45789909362793,"Unknown"
"7014853",371857,2025-09-06 11:37:58,43.3566055297852,-8.45644474029541,"Unknown"
"7014853",371857,2025-09-06 11:42:47,43.355712890625,-8.45815181732178,"Unknown"
"7014853",371857,2025-09-06 11:47:55,43.3564224243164,-8.45693588256836,"Unknown"
"7014853",371857,2025-09-06 11:52:53,43.3562622070312,-8.45681953430176,"Unknown"
"7014853",371857,2025-09-06 11:58:10,43.3564071655273,-8.45705604553223,"Unknown"
"7014853",371857,2025-09-06 12:02:50,43.3563461303711,-8.45687294006348,"Unknown"
"7014853",371857,2025-09-06 12:07:48,43.3565406799316,-8.45697402954102,"Unknown"
"7014853",371857,2025-09-06 12:12:47,43.3565483093262,-8.45705986022949,"Unknown"
"7014853",371857,2025-09-06 12:17:48,43.3554649353027,-8.45709228515625,"Unknown"
"7014853",371857,2025-09-06 12:22:49,43.35400390625,-8.45874404907227,"Unknown"
"7014853",371857,2025-09-06 12:48:18,43.3540649414062,-8.45842552185059,"Unknown"
"7014853",371857,2025-09-06 12:53:09,43.3395614624023,-8.45465469360352,"Unknown"
"7014853",371857,2025-09-06 12:58:01,43.3396186828613,-8.45484256744385,"Unknown"
"7014853",371857,2025-09-06 13:03:01,43.3393936157227,-8.45496273040771,"Unknown"
"7014853",371857,2025-09-06 13:08:00,43.3435745239258,-8.44678688049316,"Unknown"
"7014853",371857,2025-09-06 13:12:53,43.3520736694336,-8.42798614501953,"Unknown"
"7014853",371857,2025-09-06 13:17:55,43.3528633117676,-8.42763137817383,"Unknown"
"7014853",371857,2025-09-06 13:22:51,43.3521919250488,-8.42816734313965,"Unknown"
"7014853",371857,2025-09-06 13:27:54,43.3524169921875,-8.42789077758789,"Unknown"
"7014853",371857,2025-09-06 13:32:52,43.3530197143555,-8.42755031585693,"Unknown"
"7014853",371857,2025-09-06 13:38:01,43.3529434204102,-8.42763614654541,"Unknown"
"7014853",371857,2025-09-06 13:42:50,43.3520545959473,-8.42827415466309,"Unknown"
"7014853",371857,2025-09-06 13:47:56,43.3512763977051,-8.42692565917969,"Unknown"
"7014853",371857,2025-09-06 13:52:51,43.3520584106445,-8.42820358276367,"Unknown"
"7014853",371857,2025-09-06 13:57:53,43.3521575927734,-8.42901706695557,"Unknown"
"7014853",371857,2025-09-06 14:02:51,43.351676940918,-8.42851638793945,"Unknown"
"7014853",371857,2025-09-06 14:07:52,43.3526344299316,-8.42730045318604,"Unknown"
"7014853",371857,2025-09-06 14:12:50,43.352466583252,-8.42763710021973,"Unknown"
"7014853",371857,2025-09-06 14:17:48,43.3508224487305,-8.42801952362061,"Unknown"
"7014853",371857,2025-09-06 14:22:51,43.3514137268066,-8.42744922637939,"Unknown"
"7014853",371857,2025-09-06 14:27:50,43.3530807495117,-8.42589569091797,"Unknown"
"7014853",371857,2025-09-06 14:32:48,43.3524322509766,-8.426589012146,"Unknown"
"7014853",371857,2025-09-06 14:37:49,43.3524780273438,-8.42659091949463,"Unknown"
"7014853",371857,2025-09-06 14:42:49,43.3528366088867,-8.42628288269043,"Unknown"
"7014853",371857,2025-09-06 14:47:49,43.3527603149414,-8.42635440826416,"Unknown"
"7014853",371857,2025-09-06 14:53:00,43.3526268005371,-8.42649078369141,"Unknown"
"7014853",371857,2025-09-06 14:57:51,43.3508911132812,-8.42416286468506,"Unknown"
"7014853",371857,2025-09-06 15:02:50,43.3505706787109,-8.42418098449707,"Unknown"
"7014853",371857,2025-09-06 15:07:48,43.3506927490234,-8.42431831359863,"Unknown"
"7014853",371857,2025-09-06 15:12:50,43.3502998352051,-8.42454433441162,"Unknown"
"7014853",371857,2025-09-06 15:17:50,43.3504981994629,-8.42463874816895,"Unknown"
"7014853",371857,2025-09-06 15:22:50,43.3498992919922,-8.4244213104248,"Unknown"
"7014853",371857,2025-09-06 15:27:50,43.3502006530762,-8.42440700531006,"Unknown"
"7014853",371857,2025-09-06 15:32:49,43.3504066467285,-8.42433452606201,"Unknown"
"7014853",371857,2025-09-06 15:37:49,43.3494262695312,-8.42471599578857,"Unknown"
"7014853",371857,2025-09-06 15:42:50,43.350025177002,-8.42454528808594,"Unknown"
"7014853",371857,2025-09-06 15:47:49,43.3495559692383,-8.4241247177124,"Unknown"
"7014853",371857,2025-09-06 15:52:52,43.3494186401367,-8.42456722259521,"Unknown"
"7014853",371857,2025-09-06 15:57:48,43.3527145385742,-8.41115188598633,"Unknown"
"7014853",371857,2025-09-06 16:03:01,43.3608512878418,-8.40268516540527,"Unknown"
"7014853",371857,2025-09-06 16:07:49,43.3599319458008,-8.40269565582275,"Unknown"
"7014853",371857,2025-09-06 16:12:52,43.3601837158203,-8.40249347686768,"Unknown"
"7014853",371857,2025-09-06 16:17:56,43.3507652282715,-8.40958213806152,"Unknown"
"7014853",371857,2025-09-06 16:22:50,43.3549690246582,-8.41104984283447,"Unknown"
"7014853",371857,2025-09-06 16:27:54,43.3616905212402,-8.40273094177246,"Unknown"
"7014853",371857,2025-09-06 16:32:49,43.3620414733887,-8.40314102172852,"Unknown"
"7014853",371857,2025-09-06 16:37:51,43.3635559082031,-8.40141296386719,"Unknown"
"7014853",371857,2025-09-06 16:42:53,43.3619689941406,-8.40299797058105,"Unknown"
"7014853",371857,2025-09-06 16:47:49,43.3633232116699,-8.40163326263428,"Unknown"
"7014853",371857,2025-09-06 16:53:03,43.3625411987305,-8.40260887145996,"Unknown"
"7014853",371857,2025-09-06 16:57:48,43.3630981445312,-8.40206241607666,"Unknown"
"7014853",371857,2025-09-06 17:02:51,43.3629264831543,-8.40239810943604,"Unknown"
"7014853",371857,2025-09-06 17:07:55,43.3619117736816,-8.4029655456543,"Unknown"
"7014853",371857,2025-09-06 17:12:52,43.3621482849121,-8.40358257293701,"Unknown"
"7014853",371857,2025-09-06 17:18:02,43.3626861572266,-8.40278434753418,"Unknown"
"7014853",371857,2025-09-06 17:22:49,43.362720489502,-8.40279769897461,"Unknown"
"7014853",371857,2025-09-06 17:27:50,43.3625946044922,-8.40273380279541,"Unknown"
"7014853",371857,2025-09-06 17:33:02,43.3626403808594,-8.40267372131348,"Unknown"
"7014853",371857,2025-09-06 17:37:50,43.3625411987305,-8.40275382995605,"Unknown"
"7014853",371857,2025-09-06 17:42:54,43.3624649047852,-8.40274238586426,"Unknown"
"7014853",371857,2025-09-06 17:47:49,43.362491607666,-8.40294170379639,"Unknown"
"7014853",371857,2025-09-06 17:52:50,43.3624420166016,-8.40287303924561,"Unknown"
"7014853",371857,2025-09-06 17:58:00,43.3620376586914,-8.40307331085205,"Unknown"
"7014853",371857,2025-09-06 18:02:50,43.361946105957,-8.4031286239624,"Unknown"
"7014853",371857,2025-09-06 18:08:02,43.3619422912598,-8.40316963195801,"Unknown"
"7014853",371857,2025-09-06 18:12:55,43.3621559143066,-8.40317916870117,"Unknown"
"7014853",371857,2025-09-06 18:17:53,43.362003326416,-8.40307712554932,"Unknown"
"7014853",371857,2025-09-06 18:22:54,43.3623809814453,-8.39626693725586,"Unknown"
"7014853",371857,2025-09-06 18:27:52,43.3626174926758,-8.39639377593994,"Unknown"
"7014853",371857,2025-09-06 18:32:52,43.3626823425293,-8.39637184143066,"Unknown"
"7014853",371857,2025-09-06 18:37:55,43.3617401123047,-8.40128135681152,"Unknown"
"7014853",371857,2025-09-06 18:42:58,43.3603363037109,-8.40246772766113,"Unknown"
"7014853",371857,2025-09-06 18:48:12,43.3602294921875,-8.40244674682617,"Unknown"
"7014853",371857,2025-09-06 18:52:50,43.3603248596191,-8.40265846252441,"Unknown"
"7014853",371857,2025-09-06 18:57:48,43.3602333068848,-8.40248394012451,"Unknown"
"7014853",371857,2025-09-06 19:02:49,43.3603248596191,-8.40224170684814,"Unknown"
"7014853",371857,2025-09-06 19:07:52,43.3602180480957,-8.40208053588867,"Unknown"
"7014853",371857,2025-09-06 19:13:05,43.3603439331055,-8.40251636505127,"Unknown"
"7014853",371857,2025-09-06 19:18:01,43.3601188659668,-8.40231418609619,"Unknown"
"7014853",371857,2025-09-06 19:23:03,43.3605194091797,-8.40236949920654,"Unknown"
"7014853",371857,2025-09-06 19:27:50,43.3595428466797,-8.40050888061523,"Unknown"
"7014853",371857,2025-09-06 19:32:49,43.3596801757812,-8.39997291564941,"Unknown"
"7014853",371857,2025-09-06 19:38:38,43.3592910766602,-8.4000072479248,"Unknown"
"7014853",371857,2025-09-07 00:38:31,43.3599090576172,-8.39955425262451,"Unknown"
"7014853",371857,2025-09-07 05:38:59,43.3597106933594,-8.40005302429199,"Unknown"
"7014853",371857,2025-09-07 06:08:30,43.3456420898438,-8.44207000732422,"Unknown"
"7014853",371857,2025-09-07 06:13:40,43.3402328491211,-8.4545259475708,"Unknown"
"7014853",371857,2025-09-07 06:18:30,43.3412322998047,-8.45377445220947,"Unknown"
"7014853",371857,2025-09-07 06:23:29,43.3485450744629,-8.43564510345459,"Unknown"
"7014853",371857,2025-09-07 06:28:31,43.3500823974609,-8.42821598052979,"Unknown"
"7014853",371857,2025-09-07 06:33:30,43.350154876709,-8.42802619934082,"Unknown"
"7014853",371857,2025-09-07 06:38:44,43.3501663208008,-8.42792320251465,"Unknown"
"7014853",371857,2025-09-07 06:43:36,43.3502388000488,-8.42766952514648,"Unknown"
"7014853",371857,2025-09-07 06:48:31,43.3501281738281,-8.42815589904785,"Unknown"
"7014853",371857,2025-09-07 06:53:30,43.350154876709,-8.42813873291016,"Unknown"
"7014853",371857,2025-09-07 06:58:29,43.3500823974609,-8.42819309234619,"Unknown"
"7014853",371857,2025-09-07 07:03:29,43.3500480651855,-8.42817687988281,"Unknown"
"7014853",371857,2025-09-07 07:08:30,43.3500175476074,-8.42817878723145,"Unknown"
"7014853",371857,2025-09-07 07:13:29,43.3497657775879,-8.42826271057129,"Unknown"
"7014853",371857,2025-09-07 07:18:34,43.3501815795898,-8.42766761779785,"Unknown"
"7014853",371857,2025-09-07 07:23:42,43.3501777648926,-8.42763233184814,"Unknown"
"7014853",371857,2025-09-07 07:28:30,43.3501777648926,-8.42803382873535,"Unknown"
"7014853",371857,2025-09-07 07:33:32,43.3501434326172,-8.42772579193115,"Unknown"
"7014853",371857,2025-09-07 07:38:30,43.3500595092773,-8.42796230316162,"Unknown"
"7014853",371857,2025-09-07 07:43:30,43.3500366210938,-8.42803287506104,"Unknown"
"7014853",371857,2025-09-07 07:48:31,43.3498840332031,-8.42812156677246,"Unknown"
"7014853",371857,2025-09-07 07:54:05,43.3500785827637,-8.42821502685547,"Unknown"
"7014853",371857,2025-09-07 07:58:29,43.3498802185059,-8.4284200668335,"Unknown"
"7014853",371857,2025-09-07 08:03:29,43.3498420715332,-8.42854881286621,"Unknown"
"7014853",371857,2025-09-07 08:08:29,43.3498420715332,-8.42854976654053,"Unknown"
"7014853",371857,2025-09-07 08:13:29,43.3498725891113,-8.42852020263672,"Unknown"
"7014853",371857,2025-09-07 08:18:29,43.3498954772949,-8.42857456207275,"Unknown"
"7014853",371857,2025-09-07 08:23:34,43.3498382568359,-8.42854881286621,"Unknown"
"7014853",371857,2025-09-07 08:28:30,43.3498725891113,-8.42838573455811,"Unknown"
"7014853",371857,2025-09-07 08:33:30,43.3498764038086,-8.42835426330566,"Unknown"
"7014853",371857,2025-09-07 08:38:30,43.3499374389648,-8.42849445343018,"Unknown"
"7014853",371857,2025-09-07 08:43:30,43.3499183654785,-8.42836475372314,"Unknown"
"7014853",371857,2025-09-07 08:48:30,43.3498497009277,-8.42830657958984,"Unknown"
"7014853",371857,2025-09-07 08:53:30,43.3498878479004,-8.42834091186523,"Unknown"
"7014853",371857,2025-09-07 08:58:30,43.349781036377,-8.42815494537354,"Unknown"
"7014853",371857,2025-09-07 09:03:30,43.3499183654785,-8.42850112915039,"Unknown"
"7014853",371857,2025-09-07 09:08:30,43.3499488830566,-8.4285135269165,"Unknown"
"7014853",371857,2025-09-07 09:13:30,43.3499794006348,-8.42856216430664,"Unknown"
"7014853",371857,2025-09-07 09:18:32,43.3496017456055,-8.4279670715332,"Unknown"
"7014853",371857,2025-09-07 09:23:30,43.3499374389648,-8.42870140075684,"Unknown"
"7014853",371857,2025-09-07 09:28:34,43.349967956543,-8.42849159240723,"Unknown"
"7014853",371857,2025-09-07 09:33:33,43.3499946594238,-8.42889213562012,"Unknown"
"7014853",371857,2025-09-07 09:38:36,43.3499526977539,-8.42819404602051,"Unknown"
"7014853",371857,2025-09-07 09:43:34,43.3499450683594,-8.42825317382812,"Unknown"
"7014853",371857,2025-09-07 09:48:30,43.3500289916992,-8.42851161956787,"Unknown"
"7014853",371857,2025-09-07 09:53:36,43.349983215332,-8.42844867706299,"Unknown"
"7014853",371857,2025-09-07 09:58:30,43.3499717712402,-8.42849063873291,"Unknown"
"7014853",371857,2025-09-07 10:03:30,43.3500556945801,-8.42855358123779,"Unknown"
"7014853",371857,2025-09-07 10:08:30,43.3500442504883,-8.42852973937988,"Unknown"
"7014853",371857,2025-09-07 10:13:33,43.3500747680664,-8.42857551574707,"Unknown"
"7014853",371857,2025-09-07 10:18:44,43.35009765625,-8.42854881286621,"Unknown"
"7014853",371857,2025-09-07 10:23:31,43.350284576416,-8.42880630493164,"Unknown"
"7014853",371857,2025-09-07 10:28:30,43.3478355407715,-8.44670677185059,"Unknown"
"7014853",371857,2025-09-07 10:33:39,43.3545989990234,-8.4581413269043,"Unknown"
"7014853",371857,2025-09-07 10:38:30,43.3545722961426,-8.45794010162354,"Unknown"
"7014853",371857,2025-09-07 10:43:39,43.3545913696289,-8.45804023742676,"Unknown"
"7014853",371857,2025-09-07 10:48:37,43.3545722961426,-8.45812892913818,"Unknown"
"7014853",371857,2025-09-07 10:53:33,43.3545913696289,-8.45787620544434,"Unknown"
"7014853",371857,2025-09-07 10:58:32,43.3545913696289,-8.4578275680542,"Unknown"
"7014853",371857,2025-09-07 11:03:44,43.3545684814453,-8.45799446105957,"Unknown"
"7014853",371857,2025-09-07 11:08:50,43.3541831970215,-8.45815181732178,"Unknown"
"7014853",371857,2025-09-07 11:13:47,43.3555755615234,-8.45818138122559,"Unknown"
"7014853",371857,2025-09-07 11:19:35,43.3563461303711,-8.45705127716064,"Unknown"
"7014853",371857,2025-09-07 11:23:31,43.3567008972168,-8.45697402954102,"Unknown"
"7014853",371857,2025-09-07 11:28:30,43.3565940856934,-8.45682334899902,"Unknown"
"7014853",371857,2025-09-07 11:33:32,43.3564872741699,-8.45680809020996,"Unknown"
"7014853",371857,2025-09-07 11:38:38,43.3564720153809,-8.45681095123291,"Unknown"
"7014853",371857,2025-09-07 11:43:30,43.356330871582,-8.45775127410889,"Unknown"
"7014853",371857,2025-09-07 11:48:43,43.3561134338379,-8.45772266387939,"Unknown"
"7014853",371857,2025-09-07 11:53:29,43.3562049865723,-8.45779895782471,"Unknown"
"7014853",371857,2025-09-07 11:58:31,43.3563613891602,-8.45769500732422,"Unknown"
"7014853",371857,2025-09-07 12:03:31,43.3564109802246,-8.45775318145752,"Unknown"
"7014853",371857,2025-09-07 12:08:30,43.3565101623535,-8.45789241790771,"Unknown"
"7014853",371857,2025-09-07 12:13:30,43.3564338684082,-8.45775699615479,"Unknown"
"7014853",371857,2025-09-07 12:18:31,43.3564529418945,-8.45782089233398,"Unknown"
"7014853",371857,2025-09-07 12:23:30,43.3565292358398,-8.45786666870117,"Unknown"
"7014853",371857,2025-09-07 12:28:32,43.3563194274902,-8.45771884918213,"Unknown"
"7014853",371857,2025-09-07 12:33:34,43.3565406799316,-8.45791435241699,"Unknown"
"7014853",371857,2025-09-07 12:38:34,43.3564987182617,-8.45799255371094,"Unknown"
"7014853",371857,2025-09-07 12:43:30,43.3564720153809,-8.45790863037109,"Unknown"
"7014853",371857,2025-09-07 12:48:31,43.3567237854004,-8.45821857452393,"Unknown"
"7014853",371857,2025-09-07 12:53:30,43.3566474914551,-8.45807456970215,"Unknown"
"7014853",371857,2025-09-07 12:58:30,43.356746673584,-8.45823192596436,"Unknown"
"7014853",371857,2025-09-07 13:03:36,43.3570747375488,-8.4587287902832,"Unknown"
"7014853",371857,2025-09-07 13:08:44,43.3563690185547,-8.45790195465088,"Unknown"
"7014853",371857,2025-09-07 13:13:34,43.3561553955078,-8.45664310455322,"Unknown"
"7014853",371857,2025-09-07 13:18:31,43.3556900024414,-8.4560489654541,"Unknown"
"7014853",371857,2025-09-07 13:23:34,43.3564224243164,-8.45703220367432,"Unknown"
"7014853",371857,2025-09-07 13:28:31,43.3556480407715,-8.4575891494751,"Unknown"
"7014853",371857,2025-09-07 13:33:31,43.3555908203125,-8.45761775970459,"Unknown"
"7014853",371857,2025-09-07 13:38:37,43.3551559448242,-8.45749378204346,"Unknown"
"7014853",371857,2025-09-07 13:43:31,43.3553695678711,-8.45760154724121,"Unknown"
"7014853",371857,2025-09-07 14:04:16,43.3543815612793,-8.45938396453857,"Unknown"
"7014853",371857,2025-09-07 14:09:09,43.3540344238281,-8.45901489257812,"Unknown"
"7014853",371857,2025-09-07 14:13:32,43.3405990600586,-8.45336532592773,"Unknown"
"7014853",371857,2025-09-07 14:18:47,43.3403778076172,-8.45430660247803,"Unknown"
"7014853",371857,2025-09-07 14:23:32,43.3505096435547,-8.45298385620117,"Unknown"
"7014853",371857,2025-09-07 14:28:40,43.3551483154297,-8.45798301696777,"Unknown"
"7014853",371857,2025-09-07 14:33:37,43.3551368713379,-8.45804405212402,"Unknown"
"7014853",371857,2025-09-07 14:38:39,43.3551712036133,-8.4580020904541,"Unknown"
"7014853",371857,2025-09-07 14:44:02,43.3551864624023,-8.45803546905518,"Unknown"
"7014853",371857,2025-09-07 14:48:37,43.3550872802734,-8.45801448822021,"Unknown"
"7014853",371857,2025-09-07 14:53:36,43.3550415039062,-8.45869255065918,"Unknown"
"7014853",371857,2025-09-07 14:58:43,43.355110168457,-8.457932472229,"Unknown"
"7014853",371857,2025-09-07 15:03:33,43.3556365966797,-8.4579610824585,"Unknown"
"7014853",371857,2025-09-07 15:08:33,43.355770111084,-8.45816421508789,"Unknown"
"7014853",371857,2025-09-07 15:13:36,43.3556861877441,-8.45790481567383,"Unknown"
"7014853",371857,2025-09-07 15:18:49,43.3559265136719,-8.45824432373047,"Unknown"
"7014853",371857,2025-09-07 15:23:39,43.3554763793945,-8.45794486999512,"Unknown"
"7014853",371857,2025-09-07 15:28:36,43.3555908203125,-8.45800685882568,"Unknown"
"7014853",371857,2025-09-07 15:33:36,43.3556518554688,-8.45821189880371,"Unknown"
"7014853",371857,2025-09-07 15:38:36,43.3559722900391,-8.45820999145508,"Unknown"
"7014853",371857,2025-09-07 15:43:40,43.3559951782227,-8.45843601226807,"Unknown"
"7014853",371857,2025-09-07 15:48:33,43.3561782836914,-8.458083152771,"Unknown"
"7014853",371857,2025-09-07 15:53:42,43.3559455871582,-8.4575080871582,"Unknown"
"7014853",371857,2025-09-07 15:58:45,43.3561096191406,-8.45760345458984,"Unknown"
"7014853",371857,2025-09-07 16:03:44,43.3563270568848,-8.45806217193604,"Unknown"
"7014853",371857,2025-09-07 16:08:33,43.3562850952148,-8.45820426940918,"Unknown"
"7014853",371857,2025-09-07 16:13:40,43.3562278747559,-8.45796775817871,"Unknown"
"7014853",371857,2025-09-07 16:18:34,43.3561820983887,-8.45811557769775,"Unknown"
"7014853",371857,2025-09-07 16:23:36,43.3562469482422,-8.45794582366943,"Unknown"
"7014853",371857,2025-09-07 16:28:37,43.3563232421875,-8.45815849304199,"Unknown"
"7014853",371857,2025-09-07 16:33:36,43.3563423156738,-8.45815944671631,"Unknown"
"7014853",371857,2025-09-07 16:38:34,43.3565063476562,-8.45815467834473,"Unknown"
"7014853",371857,2025-09-07 16:43:36,43.3564147949219,-8.4580192565918,"Unknown"
"7014853",371857,2025-09-07 16:48:49,43.3564147949219,-8.45804882049561,"Unknown"
"7014853",371857,2025-09-07 16:53:34,43.3563766479492,-8.45797348022461,"Unknown"
"7014853",371857,2025-09-07 16:58:41,43.3563575744629,-8.45779705047607,"Unknown"
"7014853",371857,2025-09-07 17:03:37,43.3562622070312,-8.45781326293945,"Unknown"
"7014853",371857,2025-09-07 17:08:34,43.3564872741699,-8.4577522277832,"Unknown"
"7014853",371857,2025-09-07 17:13:33,43.3564682006836,-8.4576358795166,"Unknown"
"7014853",371857,2025-09-07 17:19:05,43.3558654785156,-8.45781707763672,"Unknown"
"7014853",371857,2025-09-07 17:23:29,43.3558654785156,-8.4578914642334,"Unknown"
"7014853",371857,2025-09-07 17:28:29,43.3558502197266,-8.45783996582031,"Unknown"
"7014853",371857,2025-09-07 17:33:29,43.3558540344238,-8.45781230926514,"Unknown"
"7014853",371857,2025-09-07 17:38:30,43.3559150695801,-8.4576244354248,"Unknown"
"7014853",371857,2025-09-07 17:43:30,43.356315612793,-8.45639705657959,"Unknown"
"7014853",371857,2025-09-07 17:48:29,43.3562622070312,-8.4566068649292,"Unknown"
"7014853",371857,2025-09-07 17:53:30,43.3562507629395,-8.45736885070801,"Unknown"
"7014853",371857,2025-09-07 17:58:31,43.3563117980957,-8.45738697052002,"Unknown"
"7014853",371857,2025-09-07 18:03:34,43.3562965393066,-8.45712661743164,"Unknown"
"7014853",371857,2025-09-07 18:08:29,43.3562927246094,-8.45706653594971,"Unknown"
"7014853",371857,2025-09-07 18:13:30,43.3557052612305,-8.45767116546631,"Unknown"
"7014853",371857,2025-09-07 18:18:30,43.355785369873,-8.45792579650879,"Unknown"
"7014853",371857,2025-09-07 18:23:44,43.3536567687988,-8.45867347717285,"Unknown"
"7014853",371857,2025-09-07 23:34:05,43.3594093322754,-8.39945507049561,"Unknown"
"7014853",371857,2025-09-08 04:33:37,43.3598594665527,-8.39969253540039,"Unknown"
"7014853",371857,2025-09-08 05:57:31,43.359992980957,-8.39822673797607,"Unknown"
"7014853",371857,2025-09-08 06:02:37,43.360179901123,-8.39900684356689,"Unknown"
"7014853",371857,2025-09-08 06:07:30,43.3600234985352,-8.39941787719727,"Unknown"
"7014853",371857,2025-09-08 06:12:31,43.3599510192871,-8.39870548248291,"Unknown"
"7014853",371857,2025-09-08 06:17:32,43.3598709106445,-8.39932632446289,"Unknown"
"7014853",371857,2025-09-08 06:22:35,43.3598251342773,-8.39995765686035,"Unknown"
"7014853",371857,2025-09-08 06:27:31,43.3598747253418,-8.39980125427246,"Unknown"
"7014853",371857,2025-09-08 06:32:32,43.3597640991211,-8.40001392364502,"Unknown"
"7014853",371857,2025-09-08 06:37:31,43.3604202270508,-8.40497207641602,"Unknown"
"7014853",371857,2025-09-08 06:42:31,43.3504447937012,-8.42822933197021,"Unknown"
"7014853",371857,2025-09-08 06:47:34,43.3502883911133,-8.42843151092529,"Unknown"
"7014853",371857,2025-09-08 06:52:31,43.3502960205078,-8.42842102050781,"Unknown"
"7014853",371857,2025-09-08 06:57:30,43.350227355957,-8.42852592468262,"Unknown"
"7014853",371857,2025-09-08 07:02:45,43.350269317627,-8.42858123779297,"Unknown"
"7014853",371857,2025-09-08 07:07:29,43.3500633239746,-8.42854595184326,"Unknown"
"7014853",371857,2025-09-08 07:12:29,43.3501815795898,-8.42845726013184,"Unknown"
"7014853",371857,2025-09-08 07:17:28,43.3502769470215,-8.42858219146729,"Unknown"
"7014853",371857,2025-09-08 07:22:31,43.3500061035156,-8.42871570587158,"Unknown"
"7014853",371857,2025-09-08 07:27:29,43.3501434326172,-8.42864227294922,"Unknown"
"7014853",371857,2025-09-08 07:32:32,43.3502349853516,-8.428297996521,"Unknown"
"7014853",371857,2025-09-08 07:37:32,43.3501472473145,-8.42836380004883,"Unknown"
"7014853",371857,2025-09-08 07:42:31,43.3503761291504,-8.42835235595703,"Unknown"
"7014853",371857,2025-09-08 07:47:37,43.3503379821777,-8.4282169342041,"Unknown"
"7014853",371857,2025-09-08 07:52:38,43.3502502441406,-8.42834281921387,"Unknown"
"7014853",371857,2025-09-08 07:57:37,43.350212097168,-8.42829132080078,"Unknown"
"7014853",371857,2025-09-08 08:02:37,43.3500862121582,-8.42803192138672,"Unknown"
"7014853",371857,2025-09-08 08:07:38,43.3500518798828,-8.42803382873535,"Unknown"
"7014853",371857,2025-09-08 08:12:37,43.3500175476074,-8.42811870574951,"Unknown"
"7014853",371857,2025-09-08 08:17:37,43.3500900268555,-8.42823028564453,"Unknown"
"7014853",371857,2025-09-08 08:23:02,43.3500442504883,-8.42819118499756,"Unknown"
"7014853",371857,2025-09-08 08:28:01,43.3500022888184,-8.42831039428711,"Unknown"
"7014853",371857,2025-09-08 08:32:55,43.3500175476074,-8.42827129364014,"Unknown"
"7014853",371857,2025-09-08 08:37:55,43.3500328063965,-8.42834377288818,"Unknown"
"7014853",371857,2025-09-08 08:42:55,43.3500366210938,-8.42832279205322,"Unknown"
"7014853",371857,2025-09-08 08:47:55,43.3500595092773,-8.42833614349365,"Unknown"
"7014853",371857,2025-09-08 08:53:08,43.3500556945801,-8.42841815948486,"Unknown"
"7014853",371857,2025-09-08 08:58:03,43.350040435791,-8.42857265472412,"Unknown"
"7014853",371857,2025-09-08 09:03:02,43.3500747680664,-8.42843246459961,"Unknown"
"7014853",371857,2025-09-08 09:08:14,43.3500366210938,-8.42834758758545,"Unknown"
"7014853",371857,2025-09-08 09:12:48,43.3499870300293,-8.42836284637451,"Unknown"
"7014853",371857,2025-09-08 09:18:00,43.3500938415527,-8.42809009552002,"Unknown"
"7014853",371857,2025-09-08 09:23:01,43.3511505126953,-8.43278026580811,"Unknown"
"7014853",371857,2025-09-08 09:27:53,43.3511695861816,-8.43253898620605,"Unknown"
"7014853",371857,2025-09-08 09:33:01,43.3512268066406,-8.43291187286377,"Unknown"
"7014853",371857,2025-09-08 09:37:50,43.3511619567871,-8.43285465240479,"Unknown"
"7014853",371857,2025-09-08 09:42:52,43.3511505126953,-8.43206977844238,"Unknown"
"7014853",371857,2025-09-08 09:48:23,43.3512573242188,-8.43297100067139,"Unknown"
"7014853",371857,2025-09-08 09:52:50,43.3513259887695,-8.43295192718506,"Unknown"
"7014853",371857,2025-09-08 09:57:48,43.3511543273926,-8.43286895751953,"Unknown"
"7014853",371857,2025-09-08 10:02:48,43.3513031005859,-8.43291473388672,"Unknown"
"7014853",371857,2025-09-08 10:07:49,43.3512001037598,-8.43299579620361,"Unknown"
"7014853",371857,2025-09-08 10:12:57,43.3512268066406,-8.43293380737305,"Unknown"
"7014853",371857,2025-09-08 10:17:48,43.351318359375,-8.43302345275879,"Unknown"
"7014853",371857,2025-09-08 10:22:48,43.3512229919434,-8.43294334411621,"Unknown"
"7014853",371857,2025-09-08 10:27:51,43.351245880127,-8.43291568756104,"Unknown"
"7014853",371857,2025-09-08 10:32:50,43.3512687683105,-8.43293762207031,"Unknown"
"7014853",371857,2025-09-08 10:37:49,43.3512535095215,-8.43294239044189,"Unknown"
"7014853",371857,2025-09-08 10:42:49,43.3511581420898,-8.43277359008789,"Unknown"
"7014853",371857,2025-09-08 10:47:51,43.3515243530273,-8.43308544158936,"Unknown"
"7014853",371857,2025-09-08 10:52:51,43.3513946533203,-8.4330358505249,"Unknown"
"7014853",371857,2025-09-08 10:57:49,43.3512420654297,-8.43295764923096,"Unknown"
"7014853",371857,2025-09-08 11:02:48,43.3512992858887,-8.43295288085938,"Unknown"
"7014853",371857,2025-09-08 11:07:48,43.3513298034668,-8.43297004699707,"Unknown"
"7014853",371857,2025-09-08 11:12:49,43.3512573242188,-8.43286609649658,"Unknown"
"7014853",371857,2025-09-08 11:18:23,43.3512001037598,-8.43289947509766,"Unknown"
"7014853",371857,2025-09-08 11:22:49,43.3510475158691,-8.43306732177734,"Unknown"
"7014853",371857,2025-09-08 11:27:49,43.3499412536621,-8.42815971374512,"Unknown"
"7014853",371857,2025-09-08 11:32:49,43.350025177002,-8.42822647094727,"Unknown"
"7014853",371857,2025-09-08 11:37:48,43.3498764038086,-8.42820453643799,"Unknown"
"7014853",371857,2025-09-08 11:42:48,43.3498344421387,-8.42823886871338,"Unknown"
"7014853",371857,2025-09-08 11:47:51,43.3496208190918,-8.42763996124268,"Unknown"
"7014853",371857,2025-09-08 11:52:52,43.3497657775879,-8.42792224884033,"Unknown"
"7014853",371857,2025-09-08 11:57:51,43.3495101928711,-8.42768383026123,"Unknown"
"7014853",371857,2025-09-08 12:02:53,43.3493385314941,-8.42749404907227,"Unknown"
"7014853",371857,2025-09-08 12:08:01,43.3498687744141,-8.42816257476807,"Unknown"
"7014853",371857,2025-09-08 12:12:49,43.3498306274414,-8.42814254760742,"Unknown"
"7014853",371857,2025-09-08 12:18:01,43.3499336242676,-8.42815971374512,"Unknown"
"7014853",371857,2025-09-08 12:22:55,43.349925994873,-8.42817306518555,"Unknown"
"7014853",371857,2025-09-08 12:28:01,43.3499221801758,-8.42815113067627,"Unknown"
"7014853",371857,2025-09-08 12:33:01,43.349910736084,-8.42813968658447,"Unknown"
"7014853",371857,2025-09-08 12:38:01,43.3499412536621,-8.42815589904785,"Unknown"
"7014853",371857,2025-09-08 12:43:01,43.3499526977539,-8.42814636230469,"Unknown"
"7014853",371857,2025-09-08 12:48:01,43.349910736084,-8.42813205718994,"Unknown"
"7014853",371857,2025-09-08 12:52:55,43.3499031066895,-8.42814064025879,"Unknown"
"7014853",371857,2025-09-08 12:58:02,43.3499031066895,-8.42814159393311,"Unknown"
"7014853",371857,2025-09-08 13:03:02,43.3499069213867,-8.42811679840088,"Unknown"
"7014853",371857,2025-09-08 13:08:02,43.3498497009277,-8.42815780639648,"Unknown"
"7014853",371857,2025-09-08 13:13:14,43.3498611450195,-8.42792510986328,"Unknown"
"7014853",371857,2025-09-08 13:17:48,43.349853515625,-8.42804527282715,"Unknown"
"7014853",371857,2025-09-08 13:22:48,43.3498725891113,-8.42807102203369,"Unknown"
"7014853",371857,2025-09-08 13:27:48,43.3498725891113,-8.42795753479004,"Unknown"
"7014853",371857,2025-09-08 13:32:48,43.3498764038086,-8.42800140380859,"Unknown"
"7014853",371857,2025-09-08 13:37:49,43.3495140075684,-8.43976593017578,"Unknown"
"7014853",371857,2025-09-08 13:42:51,43.3545227050781,-8.45830917358398,"Unknown"
"7014853",371857,2025-09-08 13:48:14,43.353946685791,-8.45845222473145,"Unknown"
"7014853",371857,2025-09-08 13:52:48,43.3534965515137,-8.45934295654297,"Unknown"
"7014853",371857,2025-09-08 13:57:54,43.3543815612793,-8.45806312561035,"Unknown"
"7014853",371857,2025-09-08 14:03:01,43.3539962768555,-8.45852375030518,"Unknown"
"7014853",371857,2025-09-08 14:07:54,43.3538551330566,-8.45920372009277,"Unknown"
"7014853",371857,2025-09-08 14:13:01,43.3547401428223,-8.45785236358643,"Unknown"
"7014853",371857,2025-09-08 14:17:50,43.3546600341797,-8.45809364318848,"Unknown"
"7014853",371857,2025-09-08 14:22:53,43.3552780151367,-8.45718955993652,"Unknown"
"7014853",371857,2025-09-08 14:28:02,43.3540191650391,-8.45804119110107,"Unknown"
"7014853",371857,2025-09-08 14:32:50,43.3539085388184,-8.45865249633789,"Unknown"
"7014853",371857,2025-09-08 14:38:01,43.3547973632812,-8.45808887481689,"Unknown"
"7014853",371857,2025-09-08 14:43:15,43.3545265197754,-8.45823192596436,"Unknown"
"7014853",371857,2025-09-08 14:47:55,43.3545837402344,-8.45821762084961,"Unknown"
"7014853",371857,2025-09-08 14:52:58,43.3565635681152,-8.45694637298584,"Unknown"
"7014853",371857,2025-09-08 14:58:02,43.356517791748,-8.45709133148193,"Unknown"
"7014853",371857,2025-09-08 15:03:23,43.3564605712891,-8.4570484161377,"Unknown"
"7014853",371857,2025-09-08 15:07:47,43.3563079833984,-8.45704078674316,"Unknown"
"7014853",371857,2025-09-08 15:12:47,43.3563995361328,-8.45717239379883,"Unknown"
"7014853",371857,2025-09-08 15:17:48,43.3564529418945,-8.45703506469727,"Unknown"
"7014853",371857,2025-09-08 15:22:47,43.3564376831055,-8.45696926116943,"Unknown"
"7014853",371857,2025-09-08 15:27:48,43.356372833252,-8.4571647644043,"Unknown"
"7014853",371857,2025-09-08 15:32:50,43.3564605712891,-8.45731544494629,"Unknown"
"7014853",371857,2025-09-08 15:37:52,43.3564224243164,-8.45710468292236,"Unknown"
"7014853",371857,2025-09-08 15:42:54,43.3562164306641,-8.45674324035645,"Unknown"
"7014853",371857,2025-09-08 15:47:49,43.3563232421875,-8.45661067962646,"Unknown"
"7014853",371857,2025-09-08 15:52:55,43.3564910888672,-8.45658588409424,"Unknown"
"7014853",371857,2025-09-08 15:58:05,43.3564872741699,-8.45713901519775,"Unknown"
"7014853",371857,2025-09-08 16:02:49,43.3567276000977,-8.45752906799316,"Unknown"
"7014853",371857,2025-09-08 16:08:09,43.3564376831055,-8.45731353759766,"Unknown"
"7014853",371857,2025-09-08 16:12:49,43.3559608459473,-8.45763492584229,"Unknown"
"7014853",371857,2025-09-08 16:17:55,43.3560028076172,-8.45705509185791,"Unknown"
"7014853",371857,2025-09-08 16:23:23,43.3560409545898,-8.45778560638428,"Unknown"
"7014853",371857,2025-09-08 16:27:49,43.3560256958008,-8.45785140991211,"Unknown"
"7014853",371857,2025-09-08 16:32:53,43.3559646606445,-8.45786571502686,"Unknown"
"7014853",371857,2025-09-08 16:37:50,43.3561248779297,-8.4576301574707,"Unknown"
"7014853",371857,2025-09-08 16:42:51,43.3559761047363,-8.45787811279297,"Unknown"
"7014853",371857,2025-09-08 16:47:56,43.3560485839844,-8.45774936676025,"Unknown"
"7014853",371857,2025-09-08 16:52:50,43.3558883666992,-8.45789051055908,"Unknown"
"7014853",371857,2025-09-08 16:57:54,43.3558959960938,-8.45793914794922,"Unknown"
"7014853",371857,2025-09-08 17:02:59,43.3561134338379,-8.45774841308594,"Unknown"
"7014853",371857,2025-09-08 17:07:49,43.3560676574707,-8.45785999298096,"Unknown"
"7014853",371857,2025-09-08 17:12:49,43.3561058044434,-8.45791435241699,"Unknown"
"7014853",371857,2025-09-08 17:17:50,43.3562278747559,-8.4570140838623,"Unknown"
"7014853",371857,2025-09-08 17:22:48,43.356388092041,-8.45707988739014,"Unknown"
"7014853",371857,2025-09-08 17:27:49,43.3564643859863,-8.45685958862305,"Unknown"
"7014853",371857,2025-09-08 17:32:49,43.3565330505371,-8.457106590271,"Unknown"
"7014853",371857,2025-09-08 17:37:50,43.3565101623535,-8.45709323883057,"Unknown"
"7014853",371857,2025-09-08 17:42:54,43.3570976257324,-8.45697212219238,"Unknown"
"7014853",371857,2025-09-08 17:47:54,43.3564453125,-8.45660591125488,"Unknown"
"7014853",371857,2025-09-08 17:52:48,43.356502532959,-8.45717239379883,"Unknown"
"7014853",371857,2025-09-08 17:57:48,43.3564262390137,-8.45715236663818,"Unknown"
"7014853",371857,2025-09-08 18:03:00,43.3564338684082,-8.45719718933105,"Unknown"
"7014853",371857,2025-09-08 18:07:49,43.3589973449707,-8.45834541320801,"Unknown"
"7014853",371857,2025-09-08 18:12:49,43.3561782836914,-8.4577808380127,"Unknown"
"7014853",371857,2025-09-08 18:17:52,43.3558731079102,-8.45940399169922,"Unknown"
"7014853",371857,2025-09-08 18:22:49,43.3497924804688,-8.4404411315918,"Unknown"
"7014853",371857,2025-09-08 18:27:54,43.3494262695312,-8.42789745330811,"Unknown"
"7014853",371857,2025-09-08 18:32:56,43.3495025634766,-8.42782878875732,"Unknown"
"7014853",371857,2025-09-08 18:37:52,43.3494186401367,-8.42790222167969,"Unknown"
"7014853",371857,2025-09-08 18:42:51,43.349536895752,-8.42786502838135,"Unknown"
"7014853",371857,2025-09-08 18:48:14,43.3494300842285,-8.42781448364258,"Unknown"
"7014853",371857,2025-09-08 18:52:52,43.3494110107422,-8.42739391326904,"Unknown"
"7014853",371857,2025-09-08 18:58:00,43.3499565124512,-8.42737102508545,"Unknown"
"7014853",371857,2025-09-08 19:02:49,43.3517570495605,-8.42312526702881,"Unknown"
"7014853",371857,2025-09-08 19:07:51,43.3588829040527,-8.40075492858887,"Unknown"
"7014853",371857,2025-09-08 19:12:51,43.3588714599609,-8.40077018737793,"Unknown"
"7014853",371857,2025-09-08 19:17:50,43.3585014343262,-8.40170288085938,"Unknown"
"7014853",371857,2025-09-08 19:22:51,43.3589134216309,-8.40064239501953,"Unknown"
"7014853",371857,2025-09-08 19:28:02,43.3582916259766,-8.4006404876709,"Unknown"
"7014853",371857,2025-09-08 19:34:59,43.358959197998,-8.40045547485352,"Unknown"
"7014853",371857,2025-09-09 00:34:59,43.3599319458008,-8.4029598236084,"Unknown"
"7014853",371857,2025-09-09 05:34:44,43.3598861694336,-8.40289783477783,"Unknown"
"7014853",371857,2025-09-09 06:10:43,43.3508338928223,-8.52592086791992,"Unknown"
"7014853",371857,2025-09-09 06:15:28,43.3508338928223,-8.52594470977783,"Unknown"
"7014853",371857,2025-09-09 06:20:30,43.3506088256836,-8.52613067626953,"Unknown"
"7014853",371857,2025-09-09 06:25:29,43.3508567810059,-8.52600955963135,"Unknown"
"7014853",371857,2025-09-09 06:30:45,43.3508491516113,-8.52601528167725,"Unknown"
"7014853",371857,2025-09-09 06:35:37,43.3461265563965,-8.53012180328369,"Unknown"
"7014853",371857,2025-09-09 06:40:37,43.3460884094238,-8.53003025054932,"Unknown"
"7014853",371857,2025-09-09 06:45:44,43.3461685180664,-8.53004455566406,"Unknown"
"7014853",371857,2025-09-09 06:50:37,43.346134185791,-8.53007411956787,"Unknown"
"7014853",371857,2025-09-09 06:55:37,43.346118927002,-8.53012847900391,"Unknown"
"7014853",371857,2025-09-09 07:00:48,43.3421249389648,-8.5440092086792,"Unknown"
"7014853",371857,2025-09-09 07:05:51,43.3360366821289,-8.56967353820801,"Unknown"
"7014853",371857,2025-09-09 07:10:52,43.3361320495605,-8.57079029083252,"Unknown"
"7014853",371857,2025-09-09 07:15:52,43.3366088867188,-8.57140731811523,"Unknown"
"7014853",371857,2025-09-09 07:21:15,43.3365936279297,-8.57237434387207,"Unknown"
"7014853",371857,2025-09-09 07:25:30,43.3316917419434,-8.57893180847168,"Unknown"
"7014853",371857,2025-09-09 07:30:35,43.3238639831543,-8.60430240631104,"Unknown"
"7014853",371857,2025-09-09 07:35:37,43.3158226013184,-8.60966873168945,"Unknown"
"7014853",371857,2025-09-09 07:40:37,43.3157691955566,-8.60959529876709,"Unknown"
"7014853",371857,2025-09-09 07:45:59,43.3159027099609,-8.60960960388184,"Unknown"
"7014853",371857,2025-09-09 07:50:26,43.3155479431152,-8.60941696166992,"Unknown"
"7014853",371857,2025-09-09 07:55:26,43.3149909973145,-8.61100959777832,"Unknown"
"7014853",371857,2025-09-09 08:00:26,43.3147583007812,-8.6110954284668,"Unknown"
"7014853",371857,2025-09-09 08:05:26,43.3147773742676,-8.61091709136963,"Unknown"
"7014853",371857,2025-09-09 08:10:26,43.3145294189453,-8.61077499389648,"Unknown"
"7014853",371857,2025-09-09 08:15:26,43.3148918151855,-8.61130523681641,"Unknown"
"7014853",371857,2025-09-09 08:20:29,43.3148803710938,-8.61123561859131,"Unknown"
"7014853",371857,2025-09-09 08:25:36,43.3148345947266,-8.61118221282959,"Unknown"
"7014853",371857,2025-09-09 08:30:26,43.3150329589844,-8.61138820648193,"Unknown"
"7014853",371857,2025-09-09 08:35:35,43.3149185180664,-8.61115550994873,"Unknown"
"7014853",371857,2025-09-09 08:40:29,43.3148918151855,-8.61124229431152,"Unknown"
"7014853",371857,2025-09-09 08:45:32,43.3149871826172,-8.61099529266357,"Unknown"
"7014853",371857,2025-09-09 08:50:29,43.3151741027832,-8.61112213134766,"Unknown"
"7014853",371857,2025-09-09 08:55:31,43.3151206970215,-8.61118507385254,"Unknown"
"7014853",371857,2025-09-09 09:00:27,43.3151245117188,-8.61103916168213,"Unknown"
"7014853",371857,2025-09-09 09:05:30,43.3150177001953,-8.61082458496094,"Unknown"
"7014853",371857,2025-09-09 09:10:26,43.3152656555176,-8.61084651947021,"Unknown"
"7014853",371857,2025-09-09 09:15:31,43.3157386779785,-8.61068725585938,"Unknown"
"7014853",371857,2025-09-09 09:20:46,43.3162040710449,-8.61012935638428,"Unknown"
"7014853",371857,2025-09-09 09:25:41,43.3169555664062,-8.61048603057861,"Unknown"
"7014853",371857,2025-09-09 09:30:32,43.3170394897461,-8.60988330841064,"Unknown"
"7014853",371857,2025-09-09 09:35:59,43.3174438476562,-8.60862445831299,"Unknown"
"7014853",371857,2025-09-09 09:40:28,43.3160247802734,-8.61386108398438,"Unknown"
"7014853",371857,2025-09-09 09:45:26,43.3161010742188,-8.61386108398438,"Unknown"
"7014853",371857,2025-09-09 09:50:26,43.3160018920898,-8.61391258239746,"Unknown"
"7014853",371857,2025-09-09 09:55:28,43.3169364929199,-8.60974216461182,"Unknown"
"7014853",371857,2025-09-09 10:00:28,43.3170051574707,-8.60938739776611,"Unknown"
"7014853",371857,2025-09-09 10:05:55,43.3169403076172,-8.60930728912354,"Unknown"
"7014853",371857,2025-09-09 10:10:27,43.3170776367188,-8.60933971405029,"Unknown"
"7014853",371857,2025-09-09 10:15:30,43.3178520202637,-8.60863018035889,"Unknown"
"7014853",371857,2025-09-09 10:20:29,43.3183250427246,-8.60818290710449,"Unknown"
"7014853",371857,2025-09-09 10:25:29,43.315502166748,-8.6111307144165,"Unknown"
"7014853",371857,2025-09-09 10:30:36,43.3153038024902,-8.61113548278809,"Unknown"
"7014853",371857,2025-09-09 10:35:35,43.315372467041,-8.61115646362305,"Unknown"
"7014853",371857,2025-09-09 10:40:37,43.3154602050781,-8.61099624633789,"Unknown"
"7014853",371857,2025-09-09 10:45:32,43.3154067993164,-8.61094951629639,"Unknown"
"7014853",371857,2025-09-09 10:50:41,43.3154678344727,-8.61098575592041,"Unknown"
"7014853",371857,2025-09-09 10:55:37,43.315502166748,-8.61107063293457,"Unknown"
"7014853",371857,2025-09-09 11:00:37,43.3154792785645,-8.61092662811279,"Unknown"
"7014853",371857,2025-09-09 11:05:37,43.3153839111328,-8.61100101470947,"Unknown"
"7014853",371857,2025-09-09 11:10:37,43.316520690918,-8.60952854156494,"Unknown"
"7014853",371857,2025-09-09 11:15:44,43.3166122436523,-8.60956954956055,"Unknown"
"7014853",371857,2025-09-09 11:20:37,43.3165893554688,-8.60949611663818,"Unknown"
"7014853",371857,2025-09-09 11:25:38,43.316577911377,-8.60955142974854,"Unknown"
"7014853",371857,2025-09-09 11:30:37,43.3166999816895,-8.60962581634521,"Unknown"
"7014853",371857,2025-09-09 11:35:59,43.3165702819824,-8.60943984985352,"Unknown"
"7014853",371857,2025-09-09 11:40:25,43.3164749145508,-8.60958003997803,"Unknown"
"7014853",371857,2025-09-09 11:45:25,43.3164863586426,-8.60953617095947,"Unknown"
"7014853",371857,2025-09-09 11:50:25,43.3164596557617,-8.60955333709717,"Unknown"
"7014853",371857,2025-09-09 11:55:25,43.3164749145508,-8.6093111038208,"Unknown"
"7014853",371857,2025-09-09 12:00:27,43.3165092468262,-8.60928821563721,"Unknown"
"7014853",371857,2025-09-09 12:05:27,43.3165092468262,-8.60940074920654,"Unknown"
"7014853",371857,2025-09-09 12:10:26,43.316234588623,-8.60928630828857,"Unknown"
"7014853",371857,2025-09-09 12:15:27,43.3144111633301,-8.61112976074219,"Unknown"
"7014853",371857,2025-09-09 12:20:28,43.3143730163574,-8.61069297790527,"Unknown"
"7014853",371857,2025-09-09 12:25:27,43.3146209716797,-8.61081695556641,"Unknown"
"7014853",371857,2025-09-09 12:30:27,43.314510345459,-8.61076831817627,"Unknown"
"7014853",371857,2025-09-09 12:35:26,43.3147430419922,-8.61075592041016,"Unknown"
"7014853",371857,2025-09-09 12:40:29,43.3145637512207,-8.61076641082764,"Unknown"
"7014853",371857,2025-09-09 12:45:27,43.3145179748535,-8.6107349395752,"Unknown"
"7014853",371857,2025-09-09 12:50:30,43.3144874572754,-8.61073017120361,"Unknown"
"7014853",371857,2025-09-09 12:55:27,43.3145408630371,-8.61065101623535,"Unknown"
"7014853",371857,2025-09-09 13:00:25,43.3145446777344,-8.61065578460693,"Unknown"
"7014853",371857,2025-09-09 13:05:28,43.3146438598633,-8.6107931137085,"Unknown"
"7014853",371857,2025-09-09 13:10:28,43.3145217895508,-8.61073017120361,"Unknown"
"7014853",371857,2025-09-09 13:15:25,43.3146133422852,-8.61079120635986,"Unknown"
"7014853",371857,2025-09-09 13:20:27,43.3146095275879,-8.61075019836426,"Unknown"
"7014853",371857,2025-09-09 13:25:37,43.314380645752,-8.61023044586182,"Unknown"
"7014853",371857,2025-09-09 13:30:25,43.3143997192383,-8.61027431488037,"Unknown"
"7014853",371857,2025-09-09 13:35:39,43.3144569396973,-8.61019325256348,"Unknown"
"7014853",371857,2025-09-09 13:40:28,43.3146781921387,-8.6103687286377,"Unknown"
"7014853",371857,2025-09-09 13:45:44,43.3145446777344,-8.6102123260498,"Unknown"
"7014853",371857,2025-09-09 13:50:27,43.314640045166,-8.61032772064209,"Unknown"
"7014853",371857,2025-09-09 13:55:25,43.3145523071289,-8.61016654968262,"Unknown"
"7014853",371857,2025-09-09 14:00:26,43.3145751953125,-8.61022758483887,"Unknown"
"7014853",371857,2025-09-09 14:05:26,43.3145484924316,-8.61022758483887,"Unknown"
"7014853",371857,2025-09-09 14:10:28,43.3137664794922,-8.61043071746826,"Unknown"
"7014853",371857,2025-09-09 14:15:37,43.3146896362305,-8.61019325256348,"Unknown"
"7014853",371857,2025-09-09 14:20:31,43.3144721984863,-8.61023807525635,"Unknown"
"7014853",371857,2025-09-09 14:25:37,43.3145790100098,-8.61020660400391,"Unknown"
"7014853",371857,2025-09-09 14:30:44,43.3143119812012,-8.61016368865967,"Unknown"
"7014853",371857,2025-09-09 14:35:29,43.3143730163574,-8.61038780212402,"Unknown"
"7014853",371857,2025-09-09 14:40:28,43.3144187927246,-8.61077117919922,"Unknown"
"7014853",371857,2025-09-09 14:45:28,43.3142967224121,-8.61041259765625,"Unknown"
"7014853",371857,2025-09-09 14:50:27,43.3141250610352,-8.61032390594482,"Unknown"
"7014853",371857,2025-09-09 14:55:28,43.3142547607422,-8.61054992675781,"Unknown"
"7014853",371857,2025-09-09 15:00:27,43.3141670227051,-8.61043548583984,"Unknown"
"7014853",371857,2025-09-09 15:05:43,43.3143424987793,-8.61024475097656,"Unknown"
"7014853",371857,2025-09-09 15:10:26,43.3144454956055,-8.61020755767822,"Unknown"
"7014853",371857,2025-09-09 15:15:26,43.3145484924316,-8.61013221740723,"Unknown"
"7014853",371857,2025-09-09 15:20:28,43.3146743774414,-8.61002063751221,"Unknown"
"7014853",371857,2025-09-09 15:25:28,43.3145027160645,-8.61018562316895,"Unknown"
"7014853",371857,2025-09-09 15:30:26,43.3142013549805,-8.61013317108154,"Unknown"
"7014853",371857,2025-09-09 15:35:37,43.3147583007812,-8.60989665985107,"Unknown"
"7014853",371857,2025-09-09 15:40:28,43.314395904541,-8.61019897460938,"Unknown"
"7014853",371857,2025-09-09 15:45:59,43.3140830993652,-8.61035060882568,"Unknown"
"7014853",371857,2025-09-09 15:50:26,43.3141822814941,-8.61032581329346,"Unknown"
"7014853",371857,2025-09-09 15:55:29,43.3141059875488,-8.61050701141357,"Unknown"
"7014853",371857,2025-09-09 16:00:44,43.3142204284668,-8.61041927337646,"Unknown"
"7014853",371857,2025-09-09 16:05:40,43.3140830993652,-8.61046028137207,"Unknown"
"7014853",371857,2025-09-09 16:10:26,43.3141708374023,-8.61059379577637,"Unknown"
"7014853",371857,2025-09-09 16:15:32,43.3140754699707,-8.61027431488037,"Unknown"
"7014853",371857,2025-09-09 16:20:28,43.3141860961914,-8.61075973510742,"Unknown"
"7014853",371857,2025-09-09 16:25:26,43.3143310546875,-8.61054420471191,"Unknown"
"7014853",371857,2025-09-09 16:30:29,43.3140411376953,-8.61042213439941,"Unknown"
"7014853",371857,2025-09-09 16:35:26,43.3140602111816,-8.61038875579834,"Unknown"
"7014853",371857,2025-09-09 16:40:25,43.3140449523926,-8.61032867431641,"Unknown"
"7014853",371857,2025-09-09 16:45:27,43.3141250610352,-8.61060810089111,"Unknown"
"7014853",371857,2025-09-09 16:50:27,43.3142242431641,-8.61098766326904,"Unknown"
"7014853",371857,2025-09-09 16:55:34,43.3140335083008,-8.61050701141357,"Unknown"
"7014853",371857,2025-09-09 17:00:27,43.3143730163574,-8.61085510253906,"Unknown"
"7014853",371857,2025-09-09 17:05:26,43.314338684082,-8.61067676544189,"Unknown"
"7014853",371857,2025-09-09 17:10:28,43.3143501281738,-8.61062049865723,"Unknown"
"7014853",371857,2025-09-09 17:15:36,43.3143424987793,-8.61026000976562,"Unknown"
"7014853",371857,2025-09-09 17:20:27,43.3147888183594,-8.61115550994873,"Unknown"
"7014853",371857,2025-09-09 17:25:29,43.3225517272949,-8.62016487121582,"Unknown"
"7014853",371857,2025-09-09 17:30:37,43.3222579956055,-8.6202220916748,"Unknown"
"7014853",371857,2025-09-09 17:35:39,43.3221244812012,-8.62075805664062,"Unknown"
"7014853",371857,2025-09-09 17:40:28,43.3218727111816,-8.62155246734619,"Unknown"
"7014853",371857,2025-09-09 17:45:44,43.3219451904297,-8.62132167816162,"Unknown"
"7014853",371857,2025-09-09 17:50:35,43.3219337463379,-8.62046718597412,"Unknown"
"7014853",371857,2025-09-09 17:55:37,43.3227996826172,-8.61842155456543,"Unknown"
"7014853",371857,2025-09-09 18:00:37,43.3220825195312,-8.62091827392578,"Unknown"
"7014853",371857,2025-09-09 18:05:37,43.3222274780273,-8.62136840820312,"Unknown"
"7014853",371857,2025-09-09 18:10:37,43.3232421875,-8.61606693267822,"Unknown"
"7014853",371857,2025-09-09 18:15:41,43.3230934143066,-8.61617279052734,"Unknown"
"7014853",371857,2025-09-09 18:20:37,43.3273544311523,-8.58693027496338,"Unknown"
"7014853",371857,2025-09-09 18:25:38,43.3263168334961,-8.58946990966797,"Unknown"
"7014853",371857,2025-09-09 18:31:06,43.3255996704102,-8.58499717712402,"Unknown"
"7014853",371857,2025-09-09 18:35:43,43.3254585266113,-8.58540630340576,"Unknown"
"7014853",371857,2025-09-09 18:40:27,43.3249435424805,-8.58555698394775,"Unknown"
"7014853",371857,2025-09-09 18:45:28,43.3403434753418,-8.5330810546875,"Unknown"
"7014853",371857,2025-09-09 18:50:34,43.347225189209,-8.53071308135986,"Unknown"
"7014853",371857,2025-09-09 18:55:38,43.3475303649902,-8.53085899353027,"Unknown"
"7014853",371857,2025-09-09 19:00:29,43.3478469848633,-8.53108596801758,"Unknown"
"7014853",371857,2025-09-09 19:05:27,43.3476676940918,-8.5310001373291,"Unknown"
"7014853",371857,2025-09-09 19:10:30,43.3475303649902,-8.53081703186035,"Unknown"
"7014853",371857,2025-09-09 19:15:34,43.3477020263672,-8.53109264373779,"Unknown"
"7014853",371857,2025-09-09 19:20:37,43.3473930358887,-8.53070545196533,"Unknown"
"7014853",371857,2025-09-09 19:25:34,43.3467025756836,-8.53067207336426,"Unknown"
"7014853",371857,2025-09-09 19:30:59,43.3580665588379,-8.48519134521484,"Unknown"
"7014853",371857,2025-09-09 19:32:37,43.3631477355957,-8.46796607971191,"Unknown"
"7014853",371857,2025-09-10 00:33:05,43.359619140625,-8.39997386932373,"Unknown"
"7014853",371857,2025-09-10 05:33:15,43.3600959777832,-8.40293788909912,"Unknown"
"7014853",371857,2025-09-10 06:13:35,43.3500328063965,-8.42777824401855,"Unknown"
"7014853",371857,2025-09-10 06:17:21,43.3500022888184,-8.4276065826416,"Unknown"
"7014853",371857,2025-09-10 06:22:17,43.349925994873,-8.42794895172119,"Unknown"
"7014853",371857,2025-09-10 06:27:18,43.3500556945801,-8.42761135101318,"Unknown"
"7014853",371857,2025-09-10 06:32:44,43.3499755859375,-8.42781639099121,"Unknown"
"7014853",371857,2025-09-10 06:37:18,43.3499717712402,-8.42778968811035,"Unknown"
"7014853",371857,2025-09-10 06:42:18,43.3499755859375,-8.42784786224365,"Unknown"
"7014853",371857,2025-09-10 06:47:18,43.3499565124512,-8.42772197723389,"Unknown"
"7014853",371857,2025-09-10 06:52:17,43.3500022888184,-8.42773628234863,"Unknown"
"7014853",371857,2025-09-10 06:57:17,43.3499946594238,-8.42768859863281,"Unknown"
"7014853",371857,2025-09-10 07:02:17,43.3500099182129,-8.42775535583496,"Unknown"
"7014853",371857,2025-09-10 07:07:22,43.3499908447266,-8.42791748046875,"Unknown"
"7014853",371857,2025-09-10 07:12:22,43.3499298095703,-8.42786693572998,"Unknown"
"7014853",371857,2025-09-10 07:17:18,43.3498725891113,-8.42773532867432,"Unknown"
"7014853",371857,2025-09-10 07:22:22,43.3500518798828,-8.42849922180176,"Unknown"
"7014853",371857,2025-09-10 07:27:20,43.3500747680664,-8.42845058441162,"Unknown"
"7014853",371857,2025-09-10 07:32:44,43.3501358032227,-8.42841529846191,"Unknown"
"7014853",371857,2025-09-10 07:37:18,43.3500747680664,-8.42853355407715,"Unknown"
"7014853",371857,2025-09-10 07:42:22,43.3500785827637,-8.42830467224121,"Unknown"
"7014853",371857,2025-09-10 07:47:34,43.3500556945801,-8.42881298065186,"Unknown"
"7014853",371857,2025-09-10 07:52:53,43.3499298095703,-8.42899608612061,"Unknown"
"7014853",371857,2025-09-10 07:57:53,43.3499450683594,-8.42895698547363,"Unknown"
"7014853",371857,2025-09-10 08:02:17,43.3499870300293,-8.42896747589111,"Unknown"
"7014853",371857,2025-09-10 08:07:19,43.3498916625977,-8.42882442474365,"Unknown"
"7014853",371857,2025-09-10 08:12:18,43.3499946594238,-8.4289083480835,"Unknown"
"7014853",371857,2025-09-10 08:18:41,43.349925994873,-8.42880630493164,"Unknown"
"7014853",371857,2025-09-10 08:22:44,43.349983215332,-8.42895030975342,"Unknown"
"7014853",371857,2025-09-10 08:27:20,43.3500747680664,-8.42895793914795,"Unknown"
"7014853",371857,2025-09-10 08:32:18,43.3499717712402,-8.42897129058838,"Unknown"
"7014853",371857,2025-09-10 08:37:17,43.3500671386719,-8.42899322509766,"Unknown"
"7014853",371857,2025-09-10 08:42:17,43.3500747680664,-8.42883586883545,"Unknown"
"7014853",371857,2025-09-10 08:47:44,43.3501014709473,-8.42903900146484,"Unknown"
"7014853",371857,2025-09-10 08:52:17,43.3501777648926,-8.42901134490967,"Unknown"
"7014853",371857,2025-09-10 08:57:17,43.3501777648926,-8.42934513092041,"Unknown"
"7014853",371857,2025-09-10 09:02:53,43.3501930236816,-8.42853355407715,"Unknown"
"7014853",371857,2025-09-10 09:07:17,43.3501930236816,-8.42851161956787,"Unknown"
"7014853",371857,2025-09-10 09:12:17,43.3501815795898,-8.4285306930542,"Unknown"
"7014853",371857,2025-09-10 09:17:19,43.3501319885254,-8.42845439910889,"Unknown"
"7014853",371857,2025-09-10 09:22:21,43.3501892089844,-8.42852020263672,"Unknown"
"7014853",371857,2025-09-10 09:27:17,43.3501586914062,-8.42854881286621,"Unknown"
"7014853",371857,2025-09-10 09:32:17,43.3501930236816,-8.4285888671875,"Unknown"
"7014853",371857,2025-09-10 09:37:18,43.3502044677734,-8.42865943908691,"Unknown"
"7014853",371857,2025-09-10 09:42:17,43.3501815795898,-8.42859840393066,"Unknown"
"7014853",371857,2025-09-10 09:47:17,43.3501815795898,-8.42863750457764,"Unknown"
"7014853",371857,2025-09-10 09:52:20,43.3501663208008,-8.42846298217773,"Unknown"
"7014853",371857,2025-09-10 09:57:18,43.350212097168,-8.42860698699951,"Unknown"
"7014853",371857,2025-09-10 10:02:17,43.3508071899414,-8.43555355072021,"Unknown"
"7014853",371857,2025-09-10 10:07:18,43.3520011901855,-8.4569263458252,"Unknown"
"7014853",371857,2025-09-10 10:12:43,43.355785369873,-8.4579906463623,"Unknown"
"7014853",371857,2025-09-10 10:17:18,43.355785369873,-8.4579381942749,"Unknown"
"7014853",371857,2025-09-10 10:22:19,43.3557815551758,-8.45796775817871,"Unknown"
"7014853",371857,2025-09-10 10:27:18,43.355785369873,-8.45796203613281,"Unknown"
"7014853",371857,2025-09-10 10:32:17,43.3557510375977,-8.45797729492188,"Unknown"
"7014853",371857,2025-09-10 10:37:17,43.3558082580566,-8.45800113677979,"Unknown"
"7014853",371857,2025-09-10 10:42:18,43.3557548522949,-8.45797729492188,"Unknown"
"7014853",371857,2025-09-10 10:47:17,43.35595703125,-8.45815563201904,"Unknown"
"7014853",371857,2025-09-10 10:52:18,43.3556938171387,-8.45790672302246,"Unknown"
"7014853",371857,2025-09-10 10:57:25,43.3559150695801,-8.45813369750977,"Unknown"
"7014853",371857,2025-09-10 11:02:24,43.3558197021484,-8.45804500579834,"Unknown"
"7014853",371857,2025-09-10 11:07:24,43.355770111084,-8.45797348022461,"Unknown"
"7014853",371857,2025-09-10 11:12:25,43.3558349609375,-8.45805835723877,"Unknown"
"7014853",371857,2025-09-10 11:17:53,43.3558044433594,-8.45797157287598,"Unknown"
"7014853",371857,2025-09-10 11:22:18,43.3557586669922,-8.45783805847168,"Unknown"
"7014853",371857,2025-09-10 11:27:17,43.3558197021484,-8.45796203613281,"Unknown"
"7014853",371857,2025-09-10 11:32:18,43.355281829834,-8.45805168151855,"Unknown"
"7014853",371857,2025-09-10 11:37:22,43.3552703857422,-8.45805644989014,"Unknown"
"7014853",371857,2025-09-10 11:42:21,43.3557357788086,-8.45810413360596,"Unknown"
"7014853",371857,2025-09-10 11:47:21,43.3557014465332,-8.45812511444092,"Unknown"
"7014853",371857,2025-09-10 11:52:22,43.3557434082031,-8.45824909210205,"Unknown"
"7014853",371857,2025-09-10 11:57:17,43.3592567443848,-8.45237159729004,"Unknown"
"7014853",371857,2025-09-10 12:02:25,43.3672752380371,-8.4681396484375,"Unknown"
"7014853",371857,2025-09-10 12:07:24,43.3705024719238,-8.47935199737549,"Unknown"
"7014853",371857,2025-09-10 12:12:21,43.3698654174805,-8.47769165039062,"Unknown"
"7014853",371857,2025-09-10 12:17:17,43.3686790466309,-8.48364543914795,"Unknown"
"7014853",371857,2025-09-10 12:22:20,43.3633880615234,-8.48992252349854,"Unknown"
"7014853",371857,2025-09-10 12:27:18,43.3556213378906,-8.50495052337646,"Unknown"
"7014853",371857,2025-09-10 12:32:20,43.3559761047363,-8.50981712341309,"Unknown"
"7014853",371857,2025-09-10 12:37:34,43.3560447692871,-8.50980377197266,"Unknown"
"7014853",371857,2025-09-10 12:42:29,43.356014251709,-8.50970649719238,"Unknown"
"7014853",371857,2025-09-10 12:47:50,43.3561096191406,-8.50994300842285,"Unknown"
"7014853",371857,2025-09-10 12:52:17,43.3561019897461,-8.50999069213867,"Unknown"
"7014853",371857,2025-09-10 12:57:19,43.3561706542969,-8.51000213623047,"Unknown"
"7014853",371857,2025-09-10 13:02:18,43.3561744689941,-8.51003837585449,"Unknown"
"7014853",371857,2025-09-10 13:07:17,43.3561515808105,-8.50985431671143,"Unknown"
"7014853",371857,2025-09-10 13:12:17,43.3561325073242,-8.50983905792236,"Unknown"
"7014853",371857,2025-09-10 13:17:19,43.3560752868652,-8.5099048614502,"Unknown"
"7014853",371857,2025-09-10 13:22:17,43.3560104370117,-8.51488780975342,"Unknown"
"7014853",371857,2025-09-10 13:27:17,43.3558540344238,-8.51497077941895,"Unknown"
"7014853",371857,2025-09-10 13:32:44,43.3558616638184,-8.5148401260376,"Unknown"
"7014853",371857,2025-09-10 13:37:17,43.3559074401855,-8.51486396789551,"Unknown"
"7014853",371857,2025-09-10 13:42:17,43.3559799194336,-8.51493549346924,"Unknown"
"7014853",371857,2025-09-10 13:47:17,43.3559112548828,-8.51479625701904,"Unknown"
"7014853",371857,2025-09-10 13:52:17,43.3558578491211,-8.51480007171631,"Unknown"
"7014853",371857,2025-09-10 13:57:17,43.3558349609375,-8.51483154296875,"Unknown"
"7014853",371857,2025-09-10 14:02:17,43.3557968139648,-8.51464080810547,"Unknown"
"7014853",371857,2025-09-10 14:07:19,43.3556785583496,-8.51448822021484,"Unknown"
"7014853",371857,2025-09-10 14:12:19,43.3558502197266,-8.51483917236328,"Unknown"
"7014853",371857,2025-09-10 14:17:23,43.3558578491211,-8.51482677459717,"Unknown"
"7014853",371857,2025-09-10 14:22:19,43.3558654785156,-8.51488590240479,"Unknown"
"7014853",371857,2025-09-10 14:27:17,43.3557319641113,-8.51457977294922,"Unknown"
"7014853",371857,2025-09-10 14:32:44,43.3558731079102,-8.51485443115234,"Unknown"
"7014853",371857,2025-09-10 14:37:17,43.3558540344238,-8.51484203338623,"Unknown"
"7014853",371857,2025-09-10 14:42:17,43.3558616638184,-8.5148983001709,"Unknown"
"7014853",371857,2025-09-10 14:47:17,43.3558158874512,-8.51485824584961,"Unknown"
"7014853",371857,2025-09-10 14:52:17,43.3558387756348,-8.51476764678955,"Unknown"
"7014853",371857,2025-09-10 14:57:20,43.3559036254883,-8.51501846313477,"Unknown"
"7014853",371857,2025-09-10 15:02:17,43.355842590332,-8.51489067077637,"Unknown"
"7014853",371857,2025-09-10 15:07:21,43.3559494018555,-8.51483821868896,"Unknown"
"7014853",371857,2025-09-10 15:12:23,43.3559303283691,-8.51479911804199,"Unknown"
"7014853",371857,2025-09-10 15:17:19,43.3559188842773,-8.51515197753906,"Unknown"
"7014853",371857,2025-09-10 15:22:18,43.3559188842773,-8.51478958129883,"Unknown"
"7014853",371857,2025-09-10 15:27:19,43.3559722900391,-8.51512145996094,"Unknown"
"7014853",371857,2025-09-10 15:32:45,43.3559112548828,-8.51508712768555,"Unknown"
"7014853",371857,2025-09-10 15:37:19,43.3559226989746,-8.51492309570312,"Unknown"
"7014853",371857,2025-09-10 15:42:19,43.355899810791,-8.51496124267578,"Unknown"
"7014853",371857,2025-09-10 15:47:21,43.3558502197266,-8.51492309570312,"Unknown"
"7014853",371857,2025-09-10 15:52:22,43.3558959960938,-8.51498889923096,"Unknown"
"7014853",371857,2025-09-10 15:57:22,43.3558578491211,-8.51497650146484,"Unknown"
"7014853",371857,2025-09-10 16:02:53,43.3558502197266,-8.51485824584961,"Unknown"
"7014853",371857,2025-09-10 16:07:19,43.3558311462402,-8.5148458480835,"Unknown"
"7014853",371857,2025-09-10 16:12:18,43.355842590332,-8.51485729217529,"Unknown"
"7014853",371857,2025-09-10 16:17:18,43.3558464050293,-8.51489639282227,"Unknown"
"7014853",371857,2025-09-10 16:22:18,43.3558731079102,-8.51490688323975,"Unknown"
"7014853",371857,2025-09-10 16:27:19,43.3559112548828,-8.51496696472168,"Unknown"
"7014853",371857,2025-09-10 16:32:18,43.3558731079102,-8.51493644714355,"Unknown"
"7014853",371857,2025-09-10 16:37:18,43.3612022399902,-8.50066947937012,"Unknown"
"7014853",371857,2025-09-10 16:42:18,43.3793296813965,-8.45639705657959,"Unknown"
"7014853",371857,2025-09-10 16:47:18,43.3918914794922,-8.41167163848877,"Unknown"
"7014853",371857,2025-09-10 16:52:22,43.3918647766113,-8.41176509857178,"Unknown"
"7014853",371857,2025-09-10 16:57:18,43.3828811645508,-8.4081916809082,"Unknown"
"7014853",371857,2025-09-10 17:02:18,43.382884979248,-8.40834426879883,"Unknown"
"7014853",371857,2025-09-10 17:07:19,43.3828811645508,-8.4083194732666,"Unknown"
"7014853",371857,2025-09-10 17:12:19,43.3828964233398,-8.40828514099121,"Unknown"
"7014853",371857,2025-09-10 17:17:18,43.3828887939453,-8.40832710266113,"Unknown"
"7014853",371857,2025-09-10 17:22:18,43.3828773498535,-8.40837860107422,"Unknown"
"7014853",371857,2025-09-10 17:27:18,43.3828544616699,-8.40831756591797,"Unknown"
"7014853",371857,2025-09-10 17:32:18,43.382926940918,-8.40841865539551,"Unknown"
"7014853",371857,2025-09-10 17:37:18,43.3828926086426,-8.40831661224365,"Unknown"
"7014853",371857,2025-09-10 17:42:18,43.3828239440918,-8.40840244293213,"Unknown"
"7014853",371857,2025-09-10 17:47:19,43.382869720459,-8.40829849243164,"Unknown"
"7014853",371857,2025-09-10 17:52:18,43.3828887939453,-8.40842247009277,"Unknown"
"7014853",371857,2025-09-10 17:57:20,43.3742790222168,-8.39303684234619,"Unknown"
"7014853",371857,2025-09-10 18:02:24,43.3631858825684,-8.38211059570312,"Unknown"
"7014853",371857,2025-09-10 18:07:18,43.3624801635742,-8.39408779144287,"Unknown"
"7014853",371857,2025-09-10 18:12:20,43.3592147827148,-8.39829063415527,"Unknown"
"7014853",371857,2025-09-10 18:17:21,43.3592338562012,-8.39832210540771,"Unknown"
"7014853",371857,2025-09-10 18:22:31,43.3592720031738,-8.39863014221191,"Unknown"
"7014853",371857,2025-09-10 18:27:32,43.3592109680176,-8.39862442016602,"Unknown"
"7014853",371857,2025-09-10 18:32:26,43.3593139648438,-8.39868354797363,"Unknown"
"7014853",371857,2025-09-10 18:37:53,43.3595390319824,-8.39932060241699,"Unknown"
"7014853",371857,2025-09-10 18:42:23,43.3595657348633,-8.3995361328125,"Unknown"
"7014853",371857,2025-09-10 18:47:19,43.3596267700195,-8.39971351623535,"Unknown"
"7014853",371857,2025-09-10 18:52:21,43.3596649169922,-8.39972496032715,"Unknown"
"7014853",371857,2025-09-10 18:57:36,43.3596878051758,-8.39999198913574,"Unknown"
"7014853",371857,2025-09-10 19:02:23,43.3596534729004,-8.39981555938721,"Unknown"
"7014853",371857,2025-09-10 19:07:24,43.3569641113281,-8.39970207214355,"Unknown"
"7014853",371857,2025-09-10 19:12:31,43.3596153259277,-8.39974880218506,"Unknown"
"7014853",371857,2025-09-10 19:17:44,43.3596229553223,-8.39971923828125,"Unknown"
"7014853",371857,2025-09-10 19:22:23,43.3595848083496,-8.39975166320801,"Unknown"
"7014853",371857,2025-09-10 19:27:22,43.359691619873,-8.39997386932373,"Unknown"
"7014853",371857,2025-09-10 19:31:07,43.3597259521484,-8.40009689331055,"Unknown"
"7014853",371857,2025-09-11 00:31:29,43.3602409362793,-8.40289306640625,"Unknown"
"7014853",371857,2025-09-11 06:14:05,43.3557205200195,-8.50587368011475,"Unknown"
"7014853",371857,2025-09-11 06:17:55,43.3476753234863,-8.53041934967041,"Unknown"
"7014853",371857,2025-09-11 06:22:58,43.3466758728027,-8.53225994110107,"Unknown"
"7014853",371857,2025-09-11 06:27:57,43.3466873168945,-8.53238105773926,"Unknown"
"7014853",371857,2025-09-11 06:32:56,43.3466835021973,-8.53240203857422,"Unknown"
"7014853",371857,2025-09-11 06:37:56,43.3439292907715,-8.55108642578125,"Unknown"
"7014853",371857,2025-09-11 06:42:55,43.3535346984863,-8.57364177703857,"Unknown"
"7014853",371857,2025-09-11 06:47:58,43.3541107177734,-8.57322978973389,"Unknown"
"7014853",371857,2025-09-11 06:53:14,43.3551750183105,-8.57320213317871,"Unknown"
"7014853",371857,2025-09-11 06:57:59,43.3559875488281,-8.57297039031982,"Unknown"
"7014853",371857,2025-09-11 07:03:04,43.3568496704102,-8.57287406921387,"Unknown"
"7014853",371857,2025-09-11 07:08:00,43.3591117858887,-8.57167911529541,"Unknown"
"7014853",371857,2025-09-11 07:13:08,43.3533477783203,-8.56105804443359,"Unknown"
"7014853",371857,2025-09-11 07:17:57,43.3416709899902,-8.5473461151123,"Unknown"
"7014853",371857,2025-09-11 07:23:29,43.334903717041,-8.54784679412842,"Unknown"
"7014853",371857,2025-09-11 07:28:01,43.3346405029297,-8.54745292663574,"Unknown"
"7014853",371857,2025-09-11 07:33:00,43.346248626709,-8.53174114227295,"Unknown"
"7014853",371857,2025-09-11 07:37:59,43.345832824707,-8.53117847442627,"Unknown"
"7014853",371857,2025-09-11 07:43:29,43.3465385437012,-8.53201293945312,"Unknown"
"7014853",371857,2025-09-11 07:47:56,43.3465309143066,-8.53207683563232,"Unknown"
"7014853",371857,2025-09-11 07:52:57,43.3464851379395,-8.53204727172852,"Unknown"
"7014853",371857,2025-09-11 07:57:55,43.3462409973145,-8.53037166595459,"Unknown"
"7014853",371857,2025-09-11 08:02:55,43.3334312438965,-8.50597667694092,"Unknown"
"7014853",371857,2025-09-11 08:07:56,43.325382232666,-8.49566841125488,"Unknown"
"7014853",371857,2025-09-11 08:12:55,43.3322982788086,-8.50841999053955,"Unknown"
"7014853",371857,2025-09-11 08:17:55,43.3322792053223,-8.50846672058105,"Unknown"
"7014853",371857,2025-09-11 08:23:19,43.3323059082031,-8.50844764709473,"Unknown"
"7014853",371857,2025-09-11 08:28:21,43.3322868347168,-8.50852680206299,"Unknown"
"7014853",371857,2025-09-11 08:33:28,43.3322372436523,-8.50844860076904,"Unknown"
"7014853",371857,2025-09-11 08:38:30,43.3323097229004,-8.50843238830566,"Unknown"
"7014853",371857,2025-09-11 08:43:18,43.3323554992676,-8.50833892822266,"Unknown"
"7014853",371857,2025-09-11 08:48:19,43.3322982788086,-8.50837802886963,"Unknown"
"7014853",371857,2025-09-11 08:53:19,43.3323783874512,-8.50839138031006,"Unknown"
"7014853",371857,2025-09-11 08:58:28,43.3322715759277,-8.50879001617432,"Unknown"
"7014853",371857,2025-09-11 09:03:18,43.3326950073242,-8.50900459289551,"Unknown"
"7014853",371857,2025-09-11 09:08:18,43.3326873779297,-8.50901222229004,"Unknown"
"7014853",371857,2025-09-11 09:13:18,43.3327255249023,-8.50905132293701,"Unknown"
"7014853",371857,2025-09-11 09:18:20,43.3327217102051,-8.50907611846924,"Unknown"
"7014853",371857,2025-09-11 09:23:20,43.3327445983887,-8.50905609130859,"Unknown"
"7014853",371857,2025-09-11 09:28:18,43.3328552246094,-8.50916194915771,"Unknown"
"7014853",371857,2025-09-11 09:33:17,43.3327865600586,-8.50913715362549,"Unknown"
"7014853",371857,2025-09-11 09:38:18,43.3328666687012,-8.50924301147461,"Unknown"
"7014853",371857,2025-09-11 09:43:17,43.3328475952148,-8.50923728942871,"Unknown"
"7014853",371857,2025-09-11 09:48:19,43.3327751159668,-8.50915145874023,"Unknown"
"7014853",371857,2025-09-11 09:53:23,43.3327102661133,-8.50900077819824,"Unknown"
"7014853",371857,2025-09-11 09:58:21,43.3332901000977,-8.50945568084717,"Unknown"
"7014853",371857,2025-09-11 10:03:21,43.3326034545898,-8.50907325744629,"Unknown"
"7014853",371857,2025-09-11 10:08:42,43.3326454162598,-8.50901222229004,"Unknown"
"7014853",371857,2025-09-11 10:13:18,43.3324356079102,-8.50889587402344,"Unknown"
"7014853",371857,2025-09-11 10:18:21,43.332592010498,-8.50897598266602,"Unknown"
"7014853",371857,2025-09-11 10:23:32,43.3326301574707,-8.50900459289551,"Unknown"
"7014853",371857,2025-09-11 10:28:53,43.3328094482422,-8.50912761688232,"Unknown"
"7014853",371857,2025-09-11 10:33:18,43.3389892578125,-8.51725101470947,"Unknown"
"7014853",371857,2025-09-11 10:38:19,43.3457946777344,-8.53379821777344,"Unknown"
"7014853",371857,2025-09-11 10:43:18,43.346622467041,-8.53240394592285,"Unknown"
"7014853",371857,2025-09-11 10:48:18,43.3465690612793,-8.53239631652832,"Unknown"
"7014853",371857,2025-09-11 10:53:20,43.3465881347656,-8.5322732925415,"Unknown"
"7014853",371857,2025-09-11 10:58:19,43.3465461730957,-8.53222274780273,"Unknown"
"7014853",371857,2025-09-11 11:03:41,43.3467063903809,-8.53233337402344,"Unknown"
"7014853",371857,2025-09-11 11:08:26,43.3466796875,-8.532301902771,"Unknown"
"7014853",371857,2025-09-11 11:13:53,43.3465576171875,-8.5321044921875,"Unknown"
"7014853",371857,2025-09-11 11:18:19,43.3466644287109,-8.53224754333496,"Unknown"
"7014853",371857,2025-09-11 11:23:19,43.3465995788574,-8.53217506408691,"Unknown"
"7014853",371857,2025-09-11 11:28:44,43.3469848632812,-8.53058910369873,"Unknown"
"7014853",371857,2025-09-11 11:33:21,43.3468856811523,-8.5304126739502,"Unknown"
"7014853",371857,2025-09-11 11:38:34,43.3464622497559,-8.53198623657227,"Unknown"
"7014853",371857,2025-09-11 11:43:44,43.3465156555176,-8.53203582763672,"Unknown"
"7014853",371857,2025-09-11 11:48:18,43.3466377258301,-8.53244209289551,"Unknown"
"7014853",371857,2025-09-11 11:53:57,43.346549987793,-8.53212070465088,"Unknown"
"7014853",371857,2025-09-11 11:58:19,43.3465118408203,-8.53215789794922,"Unknown"
"7014853",371857,2025-09-11 12:03:18,43.3287353515625,-8.54570579528809,"Unknown"
"7014853",371857,2025-09-11 12:08:18,43.3176956176758,-8.56519412994385,"Unknown"
"7014853",371857,2025-09-11 12:13:18,43.3234786987305,-8.5633602142334,"Unknown"
"7014853",371857,2025-09-11 12:18:18,43.3290672302246,-8.54273128509521,"Unknown"
"7014853",371857,2025-09-11 12:23:21,43.3304252624512,-8.53862380981445,"Unknown"
"7014853",371857,2025-09-11 12:28:21,43.3305053710938,-8.53798580169678,"Unknown"
"7014853",371857,2025-09-11 12:33:22,43.3301544189453,-8.53775119781494,"Unknown"
"7014853",371857,2025-09-11 12:38:28,43.3278465270996,-8.5121955871582,"Unknown"
"7014853",371857,2025-09-11 12:43:19,43.3278274536133,-8.51219654083252,"Unknown"
"7014853",371857,2025-09-11 12:48:44,43.3278121948242,-8.51225662231445,"Unknown"
"7014853",371857,2025-09-11 12:53:18,43.3276481628418,-8.51229763031006,"Unknown"
"7014853",371857,2025-09-11 12:58:19,43.326831817627,-8.51287841796875,"Unknown"
"7014853",371857,2025-09-11 13:03:20,43.3270530700684,-8.5129508972168,"Unknown"
"7014853",371857,2025-09-11 13:08:20,43.3311042785645,-8.51032066345215,"Unknown"
"7014853",371857,2025-09-11 13:13:24,43.3313407897949,-8.5106840133667,"Unknown"
"7014853",371857,2025-09-11 13:18:22,43.3314552307129,-8.510817527771,"Unknown"
"7014853",371857,2025-09-11 13:23:22,43.3312301635742,-8.51077175140381,"Unknown"
"7014853",371857,2025-09-11 13:28:20,43.3309860229492,-8.51027202606201,"Unknown"
"7014853",371857,2025-09-11 13:33:20,43.3311080932617,-8.51043701171875,"Unknown"
"7014853",371857,2025-09-11 13:38:19,43.3311614990234,-8.51032066345215,"Unknown"
"7014853",371857,2025-09-11 13:43:23,43.3309898376465,-8.51010608673096,"Unknown"
"7014853",371857,2025-09-11 13:48:45,43.3310432434082,-8.51028347015381,"Unknown"
"7014853",371857,2025-09-11 13:53:19,43.3309783935547,-8.51018333435059,"Unknown"
"7014853",371857,2025-09-11 13:58:31,43.3480072021484,-8.51739692687988,"Unknown"
"7014853",371857,2025-09-11 14:03:24,43.3539199829102,-8.51615715026855,"Unknown"
"7014853",371857,2025-09-11 14:08:24,43.353946685791,-8.51665782928467,"Unknown"
"7014853",371857,2025-09-11 14:13:31,43.3539428710938,-8.51669120788574,"Unknown"
"7014853",371857,2025-09-11 14:18:21,43.3539733886719,-8.51679039001465,"Unknown"
"7014853",371857,2025-09-11 14:23:31,43.3539276123047,-8.51660346984863,"Unknown"
"7014853",371857,2025-09-11 14:28:20,43.3539237976074,-8.51660537719727,"Unknown"
"7014853",371857,2025-09-11 14:33:31,43.3539390563965,-8.51659965515137,"Unknown"
"7014853",371857,2025-09-11 14:38:22,43.3539505004883,-8.51671123504639,"Unknown"
"7014853",371857,2025-09-11 14:43:33,43.3539161682129,-8.51658916473389,"Unknown"
"7014853",371857,2025-09-11 14:48:53,43.3539390563965,-8.51663970947266,"Unknown"
"7014853",371857,2025-09-11 14:53:19,43.3539657592773,-8.51676177978516,"Unknown"
"7014853",371857,2025-09-11 14:58:22,43.3546409606934,-8.51840782165527,"Unknown"
"7014853",371857,2025-09-11 15:03:18,43.3547325134277,-8.51817417144775,"Unknown"
"7014853",371857,2025-09-11 15:08:18,43.3547706604004,-8.51817607879639,"Unknown"
"7014853",371857,2025-09-11 15:13:18,43.3547668457031,-8.51812076568604,"Unknown"
"7014853",371857,2025-09-11 15:18:18,43.3547592163086,-8.51819610595703,"Unknown"
"7014853",371857,2025-09-11 15:23:19,43.3547630310059,-8.51816844940186,"Unknown"
"7014853",371857,2025-09-11 15:28:18,43.3547286987305,-8.51809501647949,"Unknown"
"7014853",371857,2025-09-11 15:33:19,43.3547973632812,-8.5181884765625,"Unknown"
"7014853",371857,2025-09-11 15:38:18,43.3547477722168,-8.51814556121826,"Unknown"
"7014853",371857,2025-09-11 15:43:18,43.3547401428223,-8.51811218261719,"Unknown"
"7014853",371857,2025-09-11 15:48:18,43.3547668457031,-8.51813983917236,"Unknown"
"7014853",371857,2025-09-11 15:53:18,43.3549728393555,-8.51838970184326,"Unknown"
"7014853",371857,2025-09-11 15:58:19,43.3546104431152,-8.51933860778809,"Unknown"
"7014853",371857,2025-09-11 16:03:19,43.3543930053711,-8.51906394958496,"Unknown"
"7014853",371857,2025-09-11 16:08:44,43.3551292419434,-8.51712322235107,"Unknown"
"7014853",371857,2025-09-11 16:13:18,43.3551483154297,-8.51700115203857,"Unknown"
"7014853",371857,2025-09-11 16:18:21,43.3551635742188,-8.51709079742432,"Unknown"
"7014853",371857,2025-09-11 16:23:18,43.3554344177246,-8.51666831970215,"Unknown"
"7014853",371857,2025-09-11 16:28:18,43.3546257019043,-8.4703311920166,"Unknown"
"7014853",371857,2025-09-11 16:33:22,43.3541946411133,-8.45846366882324,"Unknown"
"7014853",371857,2025-09-11 16:38:21,43.3541946411133,-8.45852375030518,"Unknown"
"7014853",371857,2025-09-11 16:43:19,43.3541259765625,-8.45826053619385,"Unknown"
"7014853",371857,2025-09-11 16:48:21,43.3541488647461,-8.45791912078857,"Unknown"
"7014853",371857,2025-09-11 16:53:24,43.354076385498,-8.4584264755249,"Unknown"
"7014853",371857,2025-09-11 16:58:53,43.3536834716797,-8.45887470245361,"Unknown"
"7014853",371857,2025-09-11 17:03:22,43.3540191650391,-8.45840549468994,"Unknown"
"7014853",371857,2025-09-11 17:08:21,43.3564910888672,-8.45710277557373,"Unknown"
"7014853",371857,2025-09-11 17:13:20,43.3564186096191,-8.45707511901855,"Unknown"
"7014853",371857,2025-09-11 17:18:18,43.3564758300781,-8.45702838897705,"Unknown"
"7014853",371857,2025-09-11 17:23:18,43.3564567565918,-8.45706462860107,"Unknown"
"7014853",371857,2025-09-11 17:28:21,43.3563041687012,-8.4573335647583,"Unknown"
"7014853",371857,2025-09-11 17:33:21,43.3562965393066,-8.45712089538574,"Unknown"
"7014853",371857,2025-09-11 17:38:23,43.3563346862793,-8.45717334747314,"Unknown"
"7014853",371857,2025-09-11 17:43:18,43.3564376831055,-8.45708656311035,"Unknown"
"7014853",371857,2025-09-11 17:48:20,43.3563613891602,-8.45690059661865,"Unknown"
"7014853",371857,2025-09-11 17:53:23,43.3563575744629,-8.4569263458252,"Unknown"
"7014853",371857,2025-09-11 17:58:20,43.3562698364258,-8.45717906951904,"Unknown"
"7014853",371857,2025-09-11 18:03:25,43.3563461303711,-8.45695209503174,"Unknown"
"7014853",371857,2025-09-11 18:08:19,43.356315612793,-8.45708751678467,"Unknown"
"7014853",371857,2025-09-11 18:13:26,43.3563652038574,-8.4570951461792,"Unknown"
"7014853",371857,2025-09-11 18:18:30,43.356330871582,-8.4572229385376,"Unknown"
"7014853",371857,2025-09-11 18:23:30,43.3564682006836,-8.45710372924805,"Unknown"
"7014853",371857,2025-09-11 18:28:29,43.3565063476562,-8.45711708068848,"Unknown"
"7014853",371857,2025-09-11 18:34:37,43.3564910888672,-8.45710182189941,"Unknown"
"7014853",371857,2025-09-11 18:38:19,43.3567237854004,-8.45731449127197,"Unknown"
"7014853",371857,2025-09-11 18:43:32,43.356517791748,-8.45717144012451,"Unknown"
"7014853",371857,2025-09-11 18:48:21,43.3566474914551,-8.45732688903809,"Unknown"
"7014853",371857,2025-09-11 18:53:19,43.3509750366211,-8.43703937530518,"Unknown"
"7014853",371857,2025-09-11 18:58:21,43.349925994873,-8.42826366424561,"Unknown"
"7014853",371857,2025-09-11 19:03:20,43.3498840332031,-8.42821502685547,"Unknown"
"7014853",371857,2025-09-11 19:08:18,43.3499526977539,-8.42820167541504,"Unknown"
"7014853",371857,2025-09-11 19:13:31,43.3601760864258,-8.40262222290039,"Unknown"
"7014853",371857,2025-09-11 19:18:21,43.3601112365723,-8.4033031463623,"Unknown"
"7014853",371857,2025-09-11 19:23:25,43.3600807189941,-8.4027099609375,"Unknown"
"7014853",371857,2025-09-11 19:29:04,43.359935760498,-8.40241241455078,"Unknown"
"7014853",371857,2025-09-12 00:29:35,43.3601264953613,-8.40242385864258,"Unknown"
"7014853",371857,2025-09-12 05:29:14,43.3600692749023,-8.40274620056152,"Unknown"
"7014853",371857,2025-09-12 06:14:59,43.3599853515625,-8.4027853012085,"Unknown"
"7014853",371857,2025-09-12 06:19:11,43.3526954650879,-8.41753101348877,"Unknown"
"7014853",371857,2025-09-12 06:24:13,43.3530502319336,-8.41802978515625,"Unknown"
"7014853",371857,2025-09-12 06:29:10,43.3530120849609,-8.41797733306885,"Unknown"
"7014853",371857,2025-09-12 06:34:14,43.3530578613281,-8.4179744720459,"Unknown"
"7014853",371857,2025-09-12 06:39:12,43.3530235290527,-8.41798496246338,"Unknown"
"7014853",371857,2025-09-12 06:44:12,43.3535041809082,-8.42501544952393,"Unknown"
"7014853",371857,2025-09-12 06:49:12,43.3532485961914,-8.42510223388672,"Unknown"
"7014853",371857,2025-09-12 06:54:14,43.3533782958984,-8.42518901824951,"Unknown"
"7014853",371857,2025-09-12 06:59:10,43.3533477783203,-8.42511081695557,"Unknown"
"7014853",371857,2025-09-12 07:04:10,43.3533172607422,-8.42516136169434,"Unknown"
"7014853",371857,2025-09-12 07:09:11,43.3532600402832,-8.42517375946045,"Unknown"
"7014853",371857,2025-09-12 07:14:35,43.3531723022461,-8.42518711090088,"Unknown"
"7014853",371857,2025-09-12 07:19:11,43.3548622131348,-8.42538928985596,"Unknown"
"7014853",371857,2025-09-12 07:24:12,43.3530311584473,-8.42513275146484,"Unknown"
"7014853",371857,2025-09-12 07:29:10,43.3525085449219,-8.45226955413818,"Unknown"
"7014853",371857,2025-09-12 07:34:11,43.3541488647461,-8.45832824707031,"Unknown"
"7014853",371857,2025-09-12 07:39:16,43.3543014526367,-8.45837688446045,"Unknown"
"7014853",371857,2025-09-12 07:44:17,43.3560371398926,-8.45707511901855,"Unknown"
"7014853",371857,2025-09-12 07:49:11,43.3562202453613,-8.45703792572021,"Unknown"
"7014853",371857,2025-09-12 07:54:11,43.3562393188477,-8.45719337463379,"Unknown"
"7014853",371857,2025-09-12 07:59:11,43.3561363220215,-8.45708751678467,"Unknown"
"7014853",371857,2025-09-12 08:04:12,43.3565139770508,-8.45730590820312,"Unknown"
"7014853",371857,2025-09-12 08:09:13,43.356315612793,-8.45714950561523,"Unknown"
"7014853",371857,2025-09-12 08:14:09,43.3564033508301,-8.45729351043701,"Unknown"
"7014853",371857,2025-09-12 08:19:10,43.3562431335449,-8.4570894241333,"Unknown"
"7014853",371857,2025-09-12 08:24:10,43.3562698364258,-8.45707511901855,"Unknown"
"7014853",371857,2025-09-12 08:29:10,43.3561706542969,-8.45715522766113,"Unknown"
"7014853",371857,2025-09-12 08:34:11,43.3561363220215,-8.45684909820557,"Unknown"
"7014853",371857,2025-09-12 08:39:15,43.3560562133789,-8.45702075958252,"Unknown"
"7014853",371857,2025-09-12 08:44:11,43.3564949035645,-8.45742893218994,"Unknown"
"7014853",371857,2025-09-12 08:49:11,43.356128692627,-8.45707607269287,"Unknown"
"7014853",371857,2025-09-12 08:54:10,43.3562545776367,-8.45712661743164,"Unknown"
"7014853",371857,2025-09-12 08:59:12,43.3561592102051,-8.45712566375732,"Unknown"
"7014853",371857,2025-09-12 09:04:19,43.3560943603516,-8.4567699432373,"Unknown"
"7014853",371857,2025-09-12 09:09:18,43.3562927246094,-8.4571704864502,"Unknown"
"7014853",371857,2025-09-12 09:14:26,43.3561515808105,-8.45711803436279,"Unknown"
"7014853",371857,2025-09-12 09:19:35,43.3545265197754,-8.45809745788574,"Unknown"
"7014853",371857,2025-09-12 09:24:13,43.3537368774414,-8.45852661132812,"Unknown"
"7014853",371857,2025-09-12 09:29:18,43.3543548583984,-8.45818996429443,"Unknown"
"7014853",371857,2025-09-12 09:34:26,43.3540267944336,-8.45855140686035,"Unknown"
"7014853",371857,2025-09-12 09:39:12,43.3546180725098,-8.45837593078613,"Unknown"
"7014853",371857,2025-09-12 09:44:23,43.3540115356445,-8.45781517028809,"Unknown"
"7014853",371857,2025-09-12 09:49:19,43.3548164367676,-8.45852851867676,"Unknown"
"7014853",371857,2025-09-12 09:59:45,43.3540115356445,-8.45887184143066,"Unknown"
"7014853",371857,2025-09-12 10:05:16,43.353630065918,-8.45859622955322,"Unknown"
"7014853",371857,2025-09-12 10:09:10,43.3557662963867,-8.45796680450439,"Unknown"
"7014853",371857,2025-09-12 10:14:18,43.3576393127441,-8.46890544891357,"Unknown"
"7014853",371857,2025-09-12 10:19:14,43.3576126098633,-8.46878051757812,"Unknown"
"7014853",371857,2025-09-12 10:24:16,43.357967376709,-8.46873760223389,"Unknown"
"7014853",371857,2025-09-12 10:29:44,43.3576850891113,-8.46889019012451,"Unknown"
"7014853",371857,2025-09-12 10:34:13,43.3576049804688,-8.46876335144043,"Unknown"
"7014853",371857,2025-09-12 10:39:16,43.3574028015137,-8.46884250640869,"Unknown"
"7014853",371857,2025-09-12 10:44:21,43.3576240539551,-8.46889686584473,"Unknown"
"7014853",371857,2025-09-12 10:49:32,43.3576126098633,-8.46880722045898,"Unknown"
"7014853",371857,2025-09-12 10:54:13,43.3576202392578,-8.4689245223999,"Unknown"
"7014853",371857,2025-09-12 10:59:11,43.3577499389648,-8.46888065338135,"Unknown"
"7014853",371857,2025-09-12 11:04:10,43.3576927185059,-8.46886920928955,"Unknown"
"7014853",371857,2025-09-12 11:09:11,43.3580627441406,-8.46861934661865,"Unknown"
"7014853",371857,2025-09-12 11:14:10,43.3578147888184,-8.46894931793213,"Unknown"
"7014853",371857,2025-09-12 11:19:10,43.3576774597168,-8.46894454956055,"Unknown"
"7014853",371857,2025-09-12 11:24:10,43.3578186035156,-8.46897792816162,"Unknown"
"7014853",371857,2025-09-12 11:29:12,43.3578109741211,-8.46890449523926,"Unknown"
"7014853",371857,2025-09-12 11:34:10,43.3577003479004,-8.46891498565674,"Unknown"
"7014853",371857,2025-09-12 11:39:11,43.3577270507812,-8.46897506713867,"Unknown"
"7014853",371857,2025-09-12 11:44:10,43.3578834533691,-8.46896553039551,"Unknown"
"7014853",371857,2025-09-12 11:49:10,43.3578987121582,-8.46897125244141,"Unknown"
"7014853",371857,2025-09-12 11:54:13,43.3578338623047,-8.46909618377686,"Unknown"
"7014853",371857,2025-09-12 11:59:10,43.3579292297363,-8.46892642974854,"Unknown"
"7014853",371857,2025-09-12 12:04:35,43.3578605651855,-8.46891212463379,"Unknown"
"7014853",371857,2025-09-12 12:09:10,43.3578796386719,-8.46901035308838,"Unknown"
"7014853",371857,2025-09-12 12:14:10,43.3578834533691,-8.46899032592773,"Unknown"
"7014853",371857,2025-09-12 12:19:11,43.3578300476074,-8.4689826965332,"Unknown"
"7014853",371857,2025-09-12 12:24:10,43.3578338623047,-8.46895885467529,"Unknown"
"7014853",371857,2025-09-12 12:29:10,43.3578948974609,-8.46903896331787,"Unknown"
"7014853",371857,2025-09-12 12:34:10,43.3578681945801,-8.46896171569824,"Unknown"
"7014853",371857,2025-09-12 12:39:11,43.35791015625,-8.4689998626709,"Unknown"
"7014853",371857,2025-09-12 12:44:20,43.3579139709473,-8.46890354156494,"Unknown"
"7014853",371857,2025-09-12 12:49:13,43.3578720092773,-8.46900463104248,"Unknown"
"7014853",371857,2025-09-12 12:54:14,43.3579177856445,-8.46887493133545,"Unknown"
"7014853",371857,2025-09-12 12:59:11,43.3579025268555,-8.46896934509277,"Unknown"
"7014853",371857,2025-09-12 13:04:11,43.3578605651855,-8.4690408706665,"Unknown"
"7014853",371857,2025-09-12 13:09:12,43.35791015625,-8.46908092498779,"Unknown"
"7014853",371857,2025-09-12 13:14:13,43.3578758239746,-8.46899318695068,"Unknown"
"7014853",371857,2025-09-12 13:19:19,43.3577995300293,-8.46887493133545,"Unknown"
"7014853",371857,2025-09-12 13:24:15,43.3580093383789,-8.46919918060303,"Unknown"
"7014853",371857,2025-09-12 13:29:20,43.3577423095703,-8.468918800354,"Unknown"
"7014853",371857,2025-09-12 13:34:16,43.3577270507812,-8.46881198883057,"Unknown"
"7014853",371857,2025-09-12 13:39:16,43.3578796386719,-8.46905708312988,"Unknown"
"7014853",371857,2025-09-12 13:44:35,43.3578071594238,-8.46899032592773,"Unknown"
"7014853",371857,2025-09-12 13:49:11,43.3577575683594,-8.46895694732666,"Unknown"
"7014853",371857,2025-09-12 13:54:10,43.357795715332,-8.46896934509277,"Unknown"
"7014853",371857,2025-09-12 13:59:11,43.3578414916992,-8.46891498565674,"Unknown"
"7014853",371857,2025-09-12 14:04:10,43.357738494873,-8.46901893615723,"Unknown"
"7014853",371857,2025-09-12 14:09:13,43.3577728271484,-8.4688892364502,"Unknown"
"7014853",371857,2025-09-12 14:14:11,43.3579025268555,-8.4688720703125,"Unknown"
"7014853",371857,2025-09-12 14:19:10,43.3576698303223,-8.46931076049805,"Unknown"
"7014853",371857,2025-09-12 14:24:11,43.3569259643555,-8.46124839782715,"Unknown"
"7014853",371857,2025-09-12 14:29:11,43.3538513183594,-8.45861148834229,"Unknown"
"7014853",371857,2025-09-12 14:34:19,43.3538780212402,-8.45916843414307,"Unknown"
"7014853",371857,2025-09-12 14:39:12,43.3547248840332,-8.45821571350098,"Unknown"
"7014853",371857,2025-09-12 14:44:11,43.354850769043,-8.45834732055664,"Unknown"
"7014853",371857,2025-09-12 14:49:11,43.3549270629883,-8.45827484130859,"Unknown"
"7014853",371857,2025-09-12 14:54:14,43.3561820983887,-8.45714473724365,"Unknown"
"7014853",371857,2025-09-12 14:59:20,43.3561897277832,-8.45715808868408,"Unknown"
"7014853",371857,2025-09-12 15:04:10,43.3561744689941,-8.45719623565674,"Unknown"
"7014853",371857,2025-09-12 15:09:12,43.3561935424805,-8.45711231231689,"Unknown"
"7014853",371857,2025-09-12 15:14:12,43.3561973571777,-8.45706558227539,"Unknown"
"7014853",371857,2025-09-12 15:19:12,43.356143951416,-8.45715618133545,"Unknown"
"7014853",371857,2025-09-12 15:24:19,43.356315612793,-8.45713424682617,"Unknown"
"7014853",371857,2025-09-12 15:29:14,43.3563613891602,-8.45711898803711,"Unknown"
"7014853",371857,2025-09-12 15:34:11,43.3563537597656,-8.45703125,"Unknown"
"7014853",371857,2025-09-12 15:39:14,43.3563232421875,-8.45711135864258,"Unknown"
"7014853",371857,2025-09-12 15:44:14,43.3562889099121,-8.4571704864502,"Unknown"
"7014853",371857,2025-09-12 15:49:11,43.3564796447754,-8.45720672607422,"Unknown"
"7014853",371857,2025-09-12 15:54:10,43.3564567565918,-8.45694637298584,"Unknown"
"7014853",371857,2025-09-12 15:59:10,43.3565559387207,-8.45703601837158,"Unknown"
"7014853",371857,2025-09-12 16:04:13,43.3565406799316,-8.45722389221191,"Unknown"
"7014853",371857,2025-09-12 16:09:35,43.3563079833984,-8.45713901519775,"Unknown"
"7014853",371857,2025-09-12 16:14:11,43.3563423156738,-8.45717334747314,"Unknown"
"7014853",371857,2025-09-12 16:19:11,43.3563842773438,-8.45710563659668,"Unknown"
"7014853",371857,2025-09-12 16:24:13,43.356372833252,-8.45698833465576,"Unknown"
"7014853",371857,2025-09-12 16:29:12,43.356388092041,-8.45694065093994,"Unknown"
"7014853",371857,2025-09-12 16:34:14,43.3564987182617,-8.45692157745361,"Unknown"
"7014853",371857,2025-09-12 16:39:17,43.3564910888672,-8.45687580108643,"Unknown"
"7014853",371857,2025-09-12 16:44:10,43.3565368652344,-8.45690250396729,"Unknown"
"7014853",371857,2025-09-12 16:49:13,43.3564147949219,-8.45707988739014,"Unknown"
"7014853",371857,2025-09-12 16:54:24,43.3564224243164,-8.45694828033447,"Unknown"
"7014853",371857,2025-09-12 16:59:10,43.3562431335449,-8.45693492889404,"Unknown"
"7014853",371857,2025-09-12 17:04:14,43.3565406799316,-8.45698738098145,"Unknown"
"7014853",371857,2025-09-12 17:09:35,43.3564758300781,-8.45790863037109,"Unknown"
"7014853",371857,2025-09-12 17:14:11,43.3562164306641,-8.45779514312744,"Unknown"
"7014853",371857,2025-09-12 17:19:14,43.3561058044434,-8.45707702636719,"Unknown"
"7014853",371857,2025-09-12 17:24:11,43.356071472168,-8.45694637298584,"Unknown"
"7014853",371857,2025-09-12 17:29:14,43.3562774658203,-8.45735549926758,"Unknown"
"7014853",371857,2025-09-12 17:34:35,43.3562469482422,-8.457106590271,"Unknown"
"7014853",371857,2025-09-12 17:39:10,43.3562278747559,-8.45702171325684,"Unknown"
"7014853",371857,2025-09-12 17:44:20,43.3564949035645,-8.45791530609131,"Unknown"
"7014853",371857,2025-09-12 17:49:11,43.356502532959,-8.45711898803711,"Unknown"
"7014853",371857,2025-09-12 17:54:18,43.3565559387207,-8.4573392868042,"Unknown"
"7014853",371857,2025-09-12 17:59:20,43.3563652038574,-8.45703983306885,"Unknown"
"7014853",371857,2025-09-12 18:04:21,43.3563385009766,-8.45670127868652,"Unknown"
"7014853",371857,2025-09-12 18:09:35,43.3564758300781,-8.45707035064697,"Unknown"
"7014853",371857,2025-09-12 18:14:10,43.3466148376465,-8.44859218597412,"Unknown"
"7014853",371857,2025-09-12 18:19:10,43.3399505615234,-8.45397758483887,"Unknown"
"7014853",371857,2025-09-12 18:24:11,43.3497657775879,-8.42791938781738,"Unknown"
"7014853",371857,2025-09-12 18:29:14,43.3497734069824,-8.42788028717041,"Unknown"
"7014853",371857,2025-09-12 18:34:19,43.3497924804688,-8.42787742614746,"Unknown"
"7014853",371857,2025-09-12 18:39:19,43.3497695922852,-8.42774963378906,"Unknown"
"7014853",371857,2025-09-12 18:44:13,43.3498878479004,-8.42783069610596,"Unknown"
"7014853",371857,2025-09-12 18:49:14,43.3502960205078,-8.42737483978271,"Unknown"
"7014853",371857,2025-09-12 18:54:14,43.3556251525879,-8.40981674194336,"Unknown"
"7014853",371857,2025-09-12 18:59:35,43.3601608276367,-8.40276527404785,"Unknown"
"7014853",371857,2025-09-12 19:04:13,43.3601341247559,-8.40287017822266,"Unknown"
"7014853",371857,2025-09-12 19:09:11,43.359977722168,-8.4028959274292,"Unknown"
"7014853",371857,2025-09-12 19:14:11,43.3600921630859,-8.40285778045654,"Unknown"
"7014853",371857,2025-09-12 19:19:12,43.3602066040039,-8.40288829803467,"Unknown"
"7014853",371857,2025-09-12 19:24:11,43.360034942627,-8.40272998809814,"Unknown"
"7014853",371857,2025-09-12 19:27:15,43.3601036071777,-8.40281581878662,"Unknown"
"7014853",371857,2025-09-13 00:27:44,43.3594627380371,-8.39999961853027,"Unknown"
"7014853",371857,2025-09-13 05:27:35,43.3595504760742,-8.39997482299805,"Unknown"
"7014853",371857,2025-09-13 06:15:19,43.3819465637207,-8.44886779785156,"Unknown"
"7014853",371857,2025-09-13 06:20:19,43.3787498474121,-8.4644193649292,"Unknown"
"7014853",371857,2025-09-13 06:25:22,43.3783988952637,-8.46496963500977,"Unknown"
"7014853",371857,2025-09-13 06:30:21,43.3780670166016,-8.46550178527832,"Unknown"
"7014853",371857,2025-09-13 06:35:20,43.3775787353516,-8.46577262878418,"Unknown"
"7014853",371857,2025-09-13 06:40:22,43.3771896362305,-8.46618938446045,"Unknown"
"7014853",371857,2025-09-13 06:45:20,43.361873626709,-8.47014331817627,"Unknown"
"7014853",371857,2025-09-13 06:50:19,43.3580169677734,-8.5012092590332,"Unknown"
"7014853",371857,2025-09-13 06:55:20,43.3473472595215,-8.53081226348877,"Unknown"
"7014853",371857,2025-09-13 07:00:20,43.346508026123,-8.53040409088135,"Unknown"
"7014853",371857,2025-09-13 07:05:26,43.3463859558105,-8.53048419952393,"Unknown"
"7014853",371857,2025-09-13 07:10:20,43.3465042114258,-8.53029918670654,"Unknown"
"7014853",371857,2025-09-13 07:15:22,43.3465919494629,-8.53038692474365,"Unknown"
"7014853",371857,2025-09-13 07:20:52,43.346508026123,-8.53051280975342,"Unknown"
"7014853",371857,2025-09-13 07:25:20,43.3464164733887,-8.53055095672607,"Unknown"
"7014853",371857,2025-09-13 07:30:21,43.3465538024902,-8.53048992156982,"Unknown"
"7014853",371857,2025-09-13 07:35:25,43.3466491699219,-8.53046894073486,"Unknown"
"7014853",371857,2025-09-13 07:40:19,43.3448219299316,-8.53924369812012,"Unknown"
"7014853",371857,2025-09-13 07:45:19,43.3351440429688,-8.55942249298096,"Unknown"
"7014853",371857,2025-09-13 07:50:19,43.3271865844727,-8.562912940979,"Unknown"
"7014853",371857,2025-09-13 07:55:23,43.3371391296387,-8.52859306335449,"Unknown"
"7014853",371857,2025-09-13 08:00:23,43.3373641967773,-8.52846240997314,"Unknown"
"7014853",371857,2025-09-13 08:05:22,43.3400192260742,-8.51691246032715,"Unknown"
"7014853",371857,2025-09-13 08:10:23,43.3396034240723,-8.50789356231689,"Unknown"
"7014853",371857,2025-09-13 08:15:20,43.3534049987793,-8.48085594177246,"Unknown"
"7014853",371857,2025-09-13 08:20:19,43.3565483093262,-8.45799255371094,"Unknown"
"7014853",371857,2025-09-13 08:25:20,43.3565559387207,-8.45793533325195,"Unknown"
"7014853",371857,2025-09-13 08:30:22,43.3563270568848,-8.45718669891357,"Unknown"
"7014853",371857,2025-09-13 08:35:23,43.3563041687012,-8.45712471008301,"Unknown"
"7014853",371857,2025-09-13 08:40:24,43.3564605712891,-8.45712757110596,"Unknown"
"7014853",371857,2025-09-13 08:45:24,43.356315612793,-8.45717525482178,"Unknown"
"7014853",371857,2025-09-13 08:50:30,43.3561019897461,-8.45694446563721,"Unknown"
"7014853",371857,2025-09-13 08:55:21,43.356502532959,-8.4572172164917,"Unknown"
"7014853",371857,2025-09-13 09:00:20,43.3563499450684,-8.45793056488037,"Unknown"
"7014853",371857,2025-09-13 09:05:37,43.3566818237305,-8.45738697052002,"Unknown"
"7014853",371857,2025-09-13 09:10:40,43.3564338684082,-8.45717239379883,"Unknown"
"7014853",371857,2025-09-13 09:15:55,43.3563041687012,-8.45713043212891,"Unknown"
"7014853",371857,2025-09-13 09:20:48,43.356803894043,-8.45774555206299,"Unknown"
"7014853",371857,2025-09-13 09:25:29,43.3562316894531,-8.45796012878418,"Unknown"
"7014853",371857,2025-09-13 09:30:23,43.356273651123,-8.45810222625732,"Unknown"
"7014853",371857,2025-09-13 09:35:44,43.3564109802246,-8.45821475982666,"Unknown"
"7014853",371857,2025-09-13 09:40:24,43.3559875488281,-8.45742893218994,"Unknown"
"7014853",371857,2025-09-13 09:45:20,43.3564987182617,-8.45802211761475,"Unknown"
"7014853",371857,2025-09-13 09:50:23,43.3568992614746,-8.45743370056152,"Unknown"
"7014853",371857,2025-09-13 09:55:24,43.3529205322266,-8.48132133483887,"Unknown"
"7014853",371857,2025-09-13 10:00:31,43.3531036376953,-8.48158740997314,"Unknown"
"7014853",371857,2025-09-13 10:05:32,43.353099822998,-8.48148632049561,"Unknown"
"7014853",371857,2025-09-13 10:10:30,43.353084564209,-8.48169803619385,"Unknown"
"7014853",371857,2025-09-13 10:15:42,43.3530197143555,-8.48168468475342,"Unknown"
"7014853",371857,2025-09-13 10:20:26,43.3532066345215,-8.48188495635986,"Unknown"
"7014853",371857,2025-09-13 10:25:35,43.3534088134766,-8.48206806182861,"Unknown"
"7014853",371857,2025-09-13 10:30:45,43.353157043457,-8.48167610168457,"Unknown"
"7014853",371857,2025-09-13 10:35:42,43.3528861999512,-8.48151588439941,"Unknown"
"7014853",371857,2025-09-13 10:40:53,43.353084564209,-8.48168182373047,"Unknown"
"7014853",371857,2025-09-13 10:45:20,43.3529205322266,-8.48142528533936,"Unknown"
"7014853",371857,2025-09-13 10:50:20,43.3529739379883,-8.48137855529785,"Unknown"
"7014853",371857,2025-09-13 10:55:21,43.3529586791992,-8.48100566864014,"Unknown"
"7014853",371857,2025-09-13 11:00:20,43.3529891967773,-8.48143291473389,"Unknown"
"7014853",371857,2025-09-13 11:05:21,43.353157043457,-8.48124504089355,"Unknown"
"7014853",371857,2025-09-13 11:10:21,43.3529777526855,-8.48112773895264,"Unknown"
"7014853",371857,2025-09-13 11:15:21,43.3531303405762,-8.48165512084961,"Unknown"
"7014853",371857,2025-09-13 11:20:44,43.3530960083008,-8.48158836364746,"Unknown"
"7014853",371857,2025-09-13 11:25:21,43.3531951904297,-8.48195362091064,"Unknown"
"7014853",371857,2025-09-13 11:30:20,43.3532562255859,-8.48196506500244,"Unknown"
"7014853",371857,2025-09-13 11:35:44,43.3531379699707,-8.48164749145508,"Unknown"
"7014853",371857,2025-09-13 11:40:25,43.3534049987793,-8.48220634460449,"Unknown"
"7014853",371857,2025-09-13 11:45:43,43.3531112670898,-8.48158264160156,"Unknown"
"7014853",371857,2025-09-13 11:50:26,43.3531112670898,-8.48153686523438,"Unknown"
"7014853",371857,2025-09-13 11:55:43,43.3531455993652,-8.48154544830322,"Unknown"
"7014853",371857,2025-09-13 12:00:25,43.3531455993652,-8.48150444030762,"Unknown"
"7014853",371857,2025-09-13 12:05:35,43.3531074523926,-8.48157787322998,"Unknown"
"7014853",371857,2025-09-13 12:10:53,43.3531379699707,-8.4815673828125,"Unknown"
"7014853",371857,2025-09-13 12:15:20,43.3530921936035,-8.48166942596436,"Unknown"
"7014853",371857,2025-09-13 12:20:23,43.3531341552734,-8.48147296905518,"Unknown"
"7014853",371857,2025-09-13 12:25:21,43.3531341552734,-8.4815034866333,"Unknown"
"7014853",371857,2025-09-13 12:30:24,43.3532104492188,-8.48145389556885,"Unknown"
"7014853",371857,2025-09-13 12:35:25,43.3536911010742,-8.48058319091797,"Unknown"
"7014853",371857,2025-09-13 12:40:24,43.3532562255859,-8.48135662078857,"Unknown"
"7014853",371857,2025-09-13 12:45:44,43.3531608581543,-8.48147201538086,"Unknown"
"7014853",371857,2025-09-13 12:50:20,43.3532981872559,-8.48113918304443,"Unknown"
"7014853",371857,2025-09-13 12:55:21,43.3530654907227,-8.48153209686279,"Unknown"
"7014853",371857,2025-09-13 13:00:20,43.3530540466309,-8.48161888122559,"Unknown"
"7014853",371857,2025-09-13 13:05:19,43.353084564209,-8.48163223266602,"Unknown"
"7014853",371857,2025-09-13 13:10:22,43.353199005127,-8.48162841796875,"Unknown"
"7014853",371857,2025-09-13 13:15:20,43.3570137023926,-8.47250175476074,"Unknown"
"7014853",371857,2025-09-13 13:20:23,43.3568458557129,-8.47275447845459,"Unknown"
"7014853",371857,2025-09-13 13:25:21,43.3567543029785,-8.47278022766113,"Unknown"
"7014853",371857,2025-09-13 13:30:44,43.3566589355469,-8.4727840423584,"Unknown"
"7014853",371857,2025-09-13 13:35:19,43.3566932678223,-8.4728889465332,"Unknown"
"7014853",371857,2025-09-13 13:40:19,43.3594512939453,-8.45930480957031,"Unknown"
"7014853",371857,2025-09-13 13:45:21,43.3540344238281,-8.45829296112061,"Unknown"
"7014853",371857,2025-09-13 13:50:19,43.3491020202637,-8.45161819458008,"Unknown"
"7014853",371857,2025-09-13 13:55:22,43.3399543762207,-8.45383453369141,"Unknown"
"7014853",371857,2025-09-13 14:00:19,43.3400230407715,-8.45405006408691,"Unknown"
"7014853",371857,2025-09-13 14:05:19,43.3406639099121,-8.45286560058594,"Unknown"
"7014853",371857,2025-09-13 14:10:19,43.3497428894043,-8.42817497253418,"Unknown"
"7014853",371857,2025-09-13 14:15:44,43.3498420715332,-8.4282169342041,"Unknown"
"7014853",371857,2025-09-13 14:20:19,43.3498611450195,-8.42821788787842,"Unknown"
"7014853",371857,2025-09-13 14:25:19,43.3498611450195,-8.42810249328613,"Unknown"
"7014853",371857,2025-09-13 14:30:20,43.3500556945801,-8.4276704788208,"Unknown"
"7014853",371857,2025-09-13 14:35:20,43.3476905822754,-8.42919445037842,"Unknown"
"7014853",371857,2025-09-13 14:40:19,43.3547554016113,-8.45299911499023,"Unknown"
"7014853",371857,2025-09-13 14:45:44,43.3544006347656,-8.45849132537842,"Unknown"
"7014853",371857,2025-09-13 14:50:22,43.3543395996094,-8.45849800109863,"Unknown"
"7014853",371857,2025-09-13 14:55:33,43.3541145324707,-8.45859718322754,"Unknown"
"7014853",371857,2025-09-13 15:00:25,43.3542938232422,-8.45847320556641,"Unknown"
"7014853",371857,2025-09-13 15:05:22,43.3543357849121,-8.45865440368652,"Unknown"
"7014853",371857,2025-09-13 15:45:31,43.3515701293945,-8.45281505584717,"Unknown"
"7014853",371857,2025-09-13 15:50:37,43.3403968811035,-8.45350646972656,"Unknown"
"7014853",371857,2025-09-13 15:55:23,43.3485374450684,-8.43016624450684,"Unknown"
"7014853",371857,2025-09-13 16:00:22,43.3506126403809,-8.42473125457764,"Unknown"
"7014853",371857,2025-09-13 16:05:23,43.350471496582,-8.42464923858643,"Unknown"
"7014853",371857,2025-09-13 16:10:22,43.3503837585449,-8.42459487915039,"Unknown"
"7014853",371857,2025-09-13 16:15:45,43.3503341674805,-8.42456436157227,"Unknown"
"7014853",371857,2025-09-13 16:20:25,43.3502464294434,-8.42488479614258,"Unknown"
"7014853",371857,2025-09-13 16:25:21,43.3503341674805,-8.42515277862549,"Unknown"
"7014853",371857,2025-09-13 16:30:20,43.3557319641113,-8.4075231552124,"Unknown"
"7014853",371857,2025-09-13 16:35:28,43.3593559265137,-8.40008163452148,"Unknown"
"7014853",371857,2025-09-13 16:40:22,43.3593826293945,-8.40024662017822,"Unknown"
"7014853",371857,2025-09-13 16:45:53,43.359375,-8.40000247955322,"Unknown"
"7014853",371857,2025-09-13 16:50:19,43.3594017028809,-8.40000820159912,"Unknown"
"7014853",371857,2025-09-13 16:55:19,43.3593978881836,-8.39998531341553,"Unknown"
"7014853",371857,2025-09-13 17:00:19,43.3594131469727,-8.39996528625488,"Unknown"
"7014853",371857,2025-09-13 17:05:19,43.3593215942383,-8.3999719619751,"Unknown"
"7014853",371857,2025-09-13 17:10:19,43.3593788146973,-8.39999961853027,"Unknown"
"7014853",371857,2025-09-13 17:15:19,43.3593940734863,-8.399977684021,"Unknown"
"7014853",371857,2025-09-13 17:20:20,43.3593864440918,-8.39994716644287,"Unknown"
"7014853",371857,2025-09-13 17:25:19,43.3593864440918,-8.3999547958374,"Unknown"
"7014853",371857,2025-09-13 17:30:20,43.3594398498535,-8.39994812011719,"Unknown"
"7014853",371857,2025-09-13 17:35:20,43.3593864440918,-8.39995574951172,"Unknown"
"7014853",371857,2025-09-13 17:40:20,43.3593864440918,-8.39991283416748,"Unknown"
"7014853",371857,2025-09-13 17:45:20,43.3593673706055,-8.39996147155762,"Unknown"
"7014853",371857,2025-09-13 17:50:20,43.3593978881836,-8.39994812011719,"Unknown"
"7014853",371857,2025-09-13 17:55:20,43.3593902587891,-8.39996528625488,"Unknown"
"7014853",371857,2025-09-13 18:00:20,43.3593482971191,-8.39994812011719,"Unknown"
"7014853",371857,2025-09-13 18:05:19,43.3594398498535,-8.39996337890625,"Unknown"
"7014853",371857,2025-09-13 18:10:20,43.3594436645508,-8.40000057220459,"Unknown"
"7014853",371857,2025-09-13 18:15:22,43.3594398498535,-8.39998626708984,"Unknown"
"7014853",371857,2025-09-13 18:20:22,43.3594512939453,-8.39997386932373,"Unknown"
"7014853",371857,2025-09-13 18:25:28,43.3592681884766,-8.39988803863525,"Unknown"
"7014853",371857,2025-09-13 18:30:23,43.3592910766602,-8.39994621276855,"Unknown"
"7014853",371857,2025-09-13 18:35:20,43.3593101501465,-8.39994335174561,"Unknown"
"7014853",371857,2025-09-13 18:40:20,43.3591995239258,-8.39982318878174,"Unknown"
"7014853",371857,2025-09-13 18:45:22,43.3592109680176,-8.39976787567139,"Unknown"
"7014853",371857,2025-09-13 18:50:21,43.3591003417969,-8.3997163772583,"Unknown"
"7014853",371857,2025-09-13 18:55:21,43.3591461181641,-8.39976692199707,"Unknown"
"7014853",371857,2025-09-13 19:00:51,43.3593902587891,-8.40010833740234,"Unknown"
"7014853",371857,2025-09-13 19:05:24,43.3592262268066,-8.39985466003418,"Unknown"
"7014853",371857,2025-09-13 19:10:22,43.3595886230469,-8.40008163452148,"Unknown"
"7014853",371857,2025-09-13 19:15:25,43.359504699707,-8.40002250671387,"Unknown"
"7014853",371857,2025-09-13 19:20:22,43.3594856262207,-8.39999103546143,"Unknown"
"7014853",371857,2025-09-13 19:25:28,43.3595237731934,-8.40004730224609,"Unknown"
"7014853",371857,2025-09-14 00:25:53,43.3594970703125,-8.39998435974121,"Unknown"
"7014853",371857,2025-09-14 05:25:53,43.3595390319824,-8.40011787414551,"Unknown"
"7014853",371857,2025-09-14 06:17:40,43.3551826477051,-8.41582012176514,"Unknown"
"7014853",371857,2025-09-14 06:21:35,43.3500213623047,-8.42861843109131,"Unknown"
"7014853",371857,2025-09-14 06:26:16,43.3501167297363,-8.42981815338135,"Unknown"
"7014853",371857,2025-09-14 06:31:16,43.3535079956055,-8.45446300506592,"Unknown"
"7014853",371857,2025-09-14 06:36:20,43.3543319702148,-8.45848083496094,"Unknown"
"7014853",371857,2025-09-14 06:41:37,43.3542633056641,-8.45848274230957,"Unknown"
"7014853",371857,2025-09-14 06:46:18,43.3542518615723,-8.45855331420898,"Unknown"
"7014853",371857,2025-09-14 07:01:28,43.3565902709961,-8.45707702636719,"Unknown"
"7014853",371857,2025-09-14 07:06:23,43.3563346862793,-8.45714664459229,"Unknown"
"7014853",371857,2025-09-14 07:11:44,43.3561706542969,-8.45711994171143,"Unknown"
"7014853",371857,2025-09-14 07:16:20,43.3560638427734,-8.45713806152344,"Unknown"
"7014853",371857,2025-09-14 07:21:19,43.3562545776367,-8.45702362060547,"Unknown"
"7014853",371857,2025-09-14 07:26:22,43.3560523986816,-8.4570779800415,"Unknown"
"7014853",371857,2025-09-14 07:31:16,43.3565139770508,-8.45708179473877,"Unknown"
"7014853",371857,2025-09-14 07:36:19,43.3563842773438,-8.45706844329834,"Unknown"
"7014853",371857,2025-09-14 07:41:19,43.3561897277832,-8.4571361541748,"Unknown"
"7014853",371857,2025-09-14 07:46:44,43.3563499450684,-8.45701313018799,"Unknown"
"7014853",371857,2025-09-14 07:51:43,43.3564262390137,-8.4570894241333,"Unknown"
"7014853",371857,2025-09-14 07:56:17,43.3565979003906,-8.45638561248779,"Unknown"
"7014853",371857,2025-09-14 08:01:18,43.3565330505371,-8.4567232131958,"Unknown"
"7014853",371857,2025-09-14 08:06:16,43.356273651123,-8.45719242095947,"Unknown"
"7014853",371857,2025-09-14 08:11:19,43.3564987182617,-8.45643997192383,"Unknown"
"7014853",371857,2025-09-14 08:16:19,43.3562774658203,-8.45706462860107,"Unknown"
"7014853",371857,2025-09-14 08:21:19,43.3560676574707,-8.45684337615967,"Unknown"
"7014853",371857,2025-09-14 08:26:19,43.3559989929199,-8.45659065246582,"Unknown"
"7014853",371857,2025-09-14 08:31:20,43.3552551269531,-8.45787525177002,"Unknown"
"7014853",371857,2025-09-14 08:36:16,43.3551483154297,-8.45774364471436,"Unknown"
"7014853",371857,2025-09-14 08:41:16,43.3551445007324,-8.45785045623779,"Unknown"
"7014853",371857,2025-09-14 08:46:16,43.3552169799805,-8.45780944824219,"Unknown"
"7014853",371857,2025-09-14 08:51:16,43.3553009033203,-8.45786666870117,"Unknown"
"7014853",371857,2025-09-14 08:56:17,43.3551940917969,-8.45778369903564,"Unknown"
"7014853",371857,2025-09-14 09:01:16,43.3551330566406,-8.45792770385742,"Unknown"
"7014853",371857,2025-09-14 09:06:19,43.3551902770996,-8.45797061920166,"Unknown"
"7014853",371857,2025-09-14 09:11:19,43.355037689209,-8.45783805847168,"Unknown"
"7014853",371857,2025-09-14 09:16:35,43.3533668518066,-8.4583911895752,"Unknown"
"7014853",371857,2025-09-14 09:32:12,43.3539695739746,-8.45863723754883,"Unknown"
"7014853",371857,2025-09-14 09:36:17,43.3540687561035,-8.45848369598389,"Unknown"
"7014853",371857,2025-09-14 09:41:16,43.3541679382324,-8.45847702026367,"Unknown"
"7014853",371857,2025-09-14 09:46:22,43.3537178039551,-8.45808410644531,"Unknown"
"7014853",371857,2025-09-14 09:51:32,43.353687286377,-8.45865535736084,"Unknown"
"7014853",371857,2025-09-14 09:57:14,43.3536834716797,-8.45856475830078,"Unknown"
"7014853",371857,2025-09-14 10:01:27,43.3537826538086,-8.45874977111816,"Unknown"
"7014853",371857,2025-09-14 10:06:17,43.340404510498,-8.45382976531982,"Unknown"
"7014853",371857,2025-09-14 10:11:18,43.3404426574707,-8.45396327972412,"Unknown"
"7014853",371857,2025-09-14 10:16:20,43.3405380249023,-8.45394229888916,"Unknown"
"7014853",371857,2025-09-14 10:21:18,43.3408164978027,-8.45413494110107,"Unknown"
"7014853",371857,2025-09-14 10:26:19,43.3407287597656,-8.45413780212402,"Unknown"
"7014853",371857,2025-09-14 10:31:18,43.340991973877,-8.45436000823975,"Unknown"
"7014853",371857,2025-09-14 10:36:19,43.3415832519531,-8.45461177825928,"Unknown"
"7014853",371857,2025-09-14 10:41:22,43.341064453125,-8.45450496673584,"Unknown"
"7014853",371857,2025-09-14 10:46:22,43.3412132263184,-8.4548864364624,"Unknown"
"7014853",371857,2025-09-14 10:51:50,43.340877532959,-8.45410060882568,"Unknown"
"7014853",371857,2025-09-14 10:56:17,43.3433265686035,-8.44666481018066,"Unknown"
"7014853",371857,2025-09-14 11:01:22,43.354923248291,-8.45664024353027,"Unknown"
"7014853",371857,2025-09-14 11:06:23,43.3548202514648,-8.45642948150635,"Unknown"
"7014853",371857,2025-09-14 11:11:23,43.3554916381836,-8.45813369750977,"Unknown"
"7014853",371857,2025-09-14 11:16:24,43.3555183410645,-8.45810699462891,"Unknown"
"7014853",371857,2025-09-14 11:21:32,43.3553123474121,-8.45799732208252,"Unknown"
"7014853",371857,2025-09-14 11:26:25,43.354564666748,-8.45863056182861,"Unknown"
"7014853",371857,2025-09-14 11:31:23,43.3543167114258,-8.4584493637085,"Unknown"
"7014853",371857,2025-09-14 11:36:20,43.3544044494629,-8.45862197875977,"Unknown"
"7014853",371857,2025-09-14 11:41:17,43.3546485900879,-8.45910167694092,"Unknown"
"7014853",371857,2025-09-14 11:46:25,43.3542747497559,-8.4583625793457,"Unknown"
"7014853",371857,2025-09-14 11:51:25,43.3542404174805,-8.45833015441895,"Unknown"
"7014853",371857,2025-09-14 11:56:25,43.3543281555176,-8.45818519592285,"Unknown"
"7014853",371857,2025-09-14 12:01:27,43.3543128967285,-8.4581413269043,"Unknown"
"7014853",371857,2025-09-14 12:06:35,43.354419708252,-8.45840358734131,"Unknown"
"7014853",371857,2025-09-14 12:11:16,43.354419708252,-8.45834064483643,"Unknown"
"7014853",371857,2025-09-14 12:16:22,43.3543548583984,-8.45831680297852,"Unknown"
"7014853",371857,2025-09-14 12:21:17,43.3544235229492,-8.458420753479,"Unknown"
"7014853",371857,2025-09-14 12:26:16,43.3544425964355,-8.45840072631836,"Unknown"
"7014853",371857,2025-09-14 12:31:19,43.3544921875,-8.45837593078613,"Unknown"
"7014853",371857,2025-09-14 12:36:44,43.3543395996094,-8.45852661132812,"Unknown"
"7014853",371857,2025-09-14 12:41:16,43.3544425964355,-8.45845508575439,"Unknown"
"7014853",371857,2025-09-14 12:46:16,43.3544120788574,-8.45842266082764,"Unknown"
"7014853",371857,2025-09-14 12:51:16,43.3542900085449,-8.45846843719482,"Unknown"
"7014853",371857,2025-09-14 12:56:16,43.3543815612793,-8.45835304260254,"Unknown"
"7014853",371857,2025-09-14 13:01:16,43.354320526123,-8.45853328704834,"Unknown"
"7014853",371857,2025-09-14 13:06:17,43.3542175292969,-8.45851612091064,"Unknown"
"7014853",371857,2025-09-14 13:11:17,43.3542900085449,-8.45851421356201,"Unknown"
"7014853",371857,2025-09-14 13:16:16,43.3542861938477,-8.45852470397949,"Unknown"
"7014853",371857,2025-09-14 13:21:16,43.3543510437012,-8.45853614807129,"Unknown"
"7014853",371857,2025-09-14 13:26:20,43.3542709350586,-8.45854568481445,"Unknown"
"7014853",371857,2025-09-14 13:31:44,43.3541641235352,-8.45834255218506,"Unknown"
"7014853",371857,2025-09-14 13:36:19,43.3541679382324,-8.45829296112061,"Unknown"
"7014853",371857,2025-09-14 13:41:17,43.3541069030762,-8.45815658569336,"Unknown"
"7014853",371857,2025-09-14 13:46:19,43.354118347168,-8.45814609527588,"Unknown"
"7014853",371857,2025-09-14 13:51:20,43.3541793823242,-8.45844078063965,"Unknown"
"7014853",371857,2025-09-14 13:56:20,43.3542518615723,-8.45853614807129,"Unknown"
"7014853",371857,2025-09-14 14:01:23,43.3542289733887,-8.45844268798828,"Unknown"
"7014853",371857,2025-09-14 14:06:22,43.3555450439453,-8.457200050354,"Unknown"
"7014853",371857,2025-09-14 14:11:16,43.3563346862793,-8.45658397674561,"Unknown"
"7014853",371857,2025-09-14 14:16:59,43.3564224243164,-8.4571704864502,"Unknown"
"7014853",371857,2025-09-14 14:21:25,43.3564186096191,-8.45716857910156,"Unknown"
"7014853",371857,2025-09-14 14:26:16,43.3564682006836,-8.45703029632568,"Unknown"
"7014853",371857,2025-09-14 14:31:19,43.3564453125,-8.45702457427979,"Unknown"
"7014853",371857,2025-09-14 14:36:19,43.3564453125,-8.45709896087646,"Unknown"
"7014853",371857,2025-09-14 14:41:35,43.3564147949219,-8.4570779800415,"Unknown"
"7014853",371857,2025-09-14 14:46:16,43.3564300537109,-8.45709705352783,"Unknown"
"7014853",371857,2025-09-14 14:51:20,43.3565063476562,-8.45711231231689,"Unknown"
"7014853",371857,2025-09-14 14:56:16,43.3570137023926,-8.46636772155762,"Unknown"
"7014853",371857,2025-09-14 15:01:44,43.3542137145996,-8.45848941802979,"Unknown"
"7014853",371857,2025-09-14 15:07:16,43.3546829223633,-8.45809745788574,"Unknown"
"7014853",371857,2025-09-14 15:11:17,43.3539962768555,-8.45856189727783,"Unknown"
"7014853",371857,2025-09-14 15:16:22,43.3542098999023,-8.45834827423096,"Unknown"
"7014853",371857,2025-09-14 15:21:16,43.3542900085449,-8.45841598510742,"Unknown"
"7014853",371857,2025-09-14 15:26:22,43.354175567627,-8.4582633972168,"Unknown"
"7014853",371857,2025-09-14 15:31:19,43.3541564941406,-8.45823860168457,"Unknown"
"7014853",371857,2025-09-14 15:36:19,43.3540916442871,-8.45815277099609,"Unknown"
"7014853",371857,2025-09-14 15:41:28,43.3540840148926,-8.45806980133057,"Unknown"
"7014853",371857,2025-09-14 15:46:44,43.3541603088379,-8.45833873748779,"Unknown"
"7014853",371857,2025-09-14 15:51:17,43.3540077209473,-8.45805168151855,"Unknown"
"7014853",371857,2025-09-14 15:56:17,43.3539886474609,-8.45801067352295,"Unknown"
"7014853",371857,2025-09-14 16:01:17,43.354118347168,-8.45829486846924,"Unknown"
"7014853",371857,2025-09-14 16:06:16,43.3542175292969,-8.45848083496094,"Unknown"
"7014853",371857,2025-09-14 16:11:17,43.3544158935547,-8.45847225189209,"Unknown"
"7014853",371857,2025-09-14 16:16:17,43.354320526123,-8.45855903625488,"Unknown"
"7014853",371857,2025-09-14 16:21:29,43.3542251586914,-8.45850467681885,"Unknown"
"7014853",371857,2025-09-14 16:46:38,43.3486213684082,-8.4502534866333,"Unknown"
"7014853",371857,2025-09-14 16:51:35,43.3404121398926,-8.45438575744629,"Unknown"
"7014853",371857,2025-09-14 16:56:28,43.3503341674805,-8.42827320098877,"Unknown"
"7014853",371857,2025-09-14 17:01:25,43.3503227233887,-8.42827224731445,"Unknown"
"7014853",371857,2025-09-14 17:06:25,43.3503189086914,-8.42825698852539,"Unknown"
"7014853",371857,2025-09-14 17:11:25,43.3503227233887,-8.42831993103027,"Unknown"
"7014853",371857,2025-09-14 17:16:25,43.3503112792969,-8.42825889587402,"Unknown"
"7014853",371857,2025-09-14 17:21:26,43.3503074645996,-8.42826366424561,"Unknown"
"7014853",371857,2025-09-14 17:26:25,43.3503036499023,-8.42827796936035,"Unknown"
"7014853",371857,2025-09-14 17:31:53,43.350341796875,-8.42827224731445,"Unknown"
"7014853",371857,2025-09-14 17:36:16,43.350284576416,-8.42828369140625,"Unknown"
"7014853",371857,2025-09-14 17:41:18,43.3502731323242,-8.42819404602051,"Unknown"
"7014853",371857,2025-09-14 17:46:26,43.3501434326172,-8.42823886871338,"Unknown"
"7014853",371857,2025-09-14 17:51:18,43.3500900268555,-8.42820358276367,"Unknown"
"7014853",371857,2025-09-14 17:56:16,43.3500938415527,-8.42818737030029,"Unknown"
"7014853",371857,2025-09-14 18:01:18,43.3501091003418,-8.42821216583252,"Unknown"
"7014853",371857,2025-09-14 18:06:17,43.3500671386719,-8.42822456359863,"Unknown"
"7014853",371857,2025-09-14 18:11:18,43.350471496582,-8.42151069641113,"Unknown"
"7014853",371857,2025-09-14 18:16:20,43.3502616882324,-8.42132091522217,"Unknown"
"7014853",371857,2025-09-14 18:21:43,43.3502349853516,-8.42135429382324,"Unknown"
"7014853",371857,2025-09-14 18:26:16,43.3502388000488,-8.42134571075439,"Unknown"
"7014853",371857,2025-09-14 18:31:16,43.3504447937012,-8.42136096954346,"Unknown"
"7014853",371857,2025-09-14 18:36:17,43.3503303527832,-8.42135715484619,"Unknown"
"7014853",371857,2025-09-14 18:41:17,43.3505516052246,-8.42140197753906,"Unknown"
"7014853",371857,2025-09-14 18:46:16,43.3504104614258,-8.42145919799805,"Unknown"
"7014853",371857,2025-09-14 18:51:23,43.3503189086914,-8.42134952545166,"Unknown"
"7014853",371857,2025-09-14 18:56:18,43.3502159118652,-8.42129707336426,"Unknown"
"7014853",371857,2025-09-14 19:01:16,43.3502883911133,-8.42135715484619,"Unknown"
"7014853",371857,2025-09-14 19:06:20,43.3596611022949,-8.3992280960083,"Unknown"
"7014853",371857,2025-09-14 19:11:27,43.3596076965332,-8.39920139312744,"Unknown"
"7014853",371857,2025-09-14 19:16:45,43.3595581054688,-8.39922618865967,"Unknown"
"7014853",371857,2025-09-14 19:23:04,43.359806060791,-8.39907550811768,"Unknown"
"7014853",371857,2025-09-15 00:23:35,43.3594741821289,-8.39931583404541,"Unknown"
"7014853",371857,2025-09-15 05:23:59,43.3611450195312,-8.40332317352295,"Unknown"
"7014853",371857,2025-09-15 06:17:40,43.3611297607422,-8.4033784866333,"Unknown"
"7014853",371857,2025-09-15 06:22:30,43.3611907958984,-8.40308666229248,"Unknown"
"7014853",371857,2025-09-15 06:27:31,43.3610534667969,-8.40329265594482,"Unknown"
"7014853",371857,2025-09-15 06:32:30,43.3612442016602,-8.40340042114258,"Unknown"
"7014853",371857,2025-09-15 06:37:29,43.3612403869629,-8.40341758728027,"Unknown"
"7014853",371857,2025-09-15 06:42:28,43.3610229492188,-8.40336513519287,"Unknown"
"7014853",371857,2025-09-15 06:47:28,43.3609504699707,-8.40333652496338,"Unknown"
"7014853",371857,2025-09-15 06:52:44,43.3658218383789,-8.40689754486084,"Unknown"
"7014853",371857,2025-09-15 06:57:29,43.3659515380859,-8.40691471099854,"Unknown"
"7014853",371857,2025-09-15 07:02:29,43.3659362792969,-8.40692615509033,"Unknown"
"7014853",371857,2025-09-15 07:07:35,43.3659591674805,-8.4068489074707,"Unknown"
"7014853",371857,2025-09-15 07:12:29,43.3659133911133,-8.40697288513184,"Unknown"
"7014853",371857,2025-09-15 07:17:28,43.3659477233887,-8.40698432922363,"Unknown"
"7014853",371857,2025-09-15 07:22:31,43.3659744262695,-8.40700149536133,"Unknown"
"7014853",371857,2025-09-15 07:27:28,43.3656272888184,-8.40705680847168,"Unknown"
"7014853",371857,2025-09-15 07:32:28,43.3674125671387,-8.41060256958008,"Unknown"
"7014853",371857,2025-09-15 07:37:41,43.3696975708008,-8.41564273834229,"Unknown"
"7014853",371857,2025-09-15 07:42:31,43.369213104248,-8.41558170318604,"Unknown"
"7014853",371857,2025-09-15 07:47:44,43.3695793151855,-8.41575050354004,"Unknown"
"7014853",371857,2025-09-15 07:52:30,43.3696098327637,-8.4157075881958,"Unknown"
"7014853",371857,2025-09-15 07:57:37,43.3695220947266,-8.4157018661499,"Unknown"
"7014853",371857,2025-09-15 08:02:44,43.3693199157715,-8.41582489013672,"Unknown"
"7014853",371857,2025-09-15 08:07:38,43.3693199157715,-8.41577243804932,"Unknown"
"7014853",371857,2025-09-15 08:12:34,43.3692512512207,-8.41572093963623,"Unknown"
"7014853",371857,2025-09-15 08:17:32,43.3693771362305,-8.41575527191162,"Unknown"
"7014853",371857,2025-09-15 08:22:32,43.3691673278809,-8.41585159301758,"Unknown"
"7014853",371857,2025-09-15 08:27:29,43.3691024780273,-8.41592407226562,"Unknown"
"7014853",371857,2025-09-15 08:32:31,43.3691635131836,-8.41571521759033,"Unknown"
"7014853",371857,2025-09-15 08:37:37,43.3690719604492,-8.41581630706787,"Unknown"
"7014853",371857,2025-09-15 08:42:34,43.3691482543945,-8.41580390930176,"Unknown"
"7014853",371857,2025-09-15 08:48:05,43.3692283630371,-8.41578006744385,"Unknown"
"7014853",371857,2025-09-15 08:52:30,43.3692016601562,-8.41568946838379,"Unknown"
"7014853",371857,2025-09-15 08:57:28,43.3692970275879,-8.41584014892578,"Unknown"
"7014853",371857,2025-09-15 09:02:28,43.3690795898438,-8.41568183898926,"Unknown"
"7014853",371857,2025-09-15 09:07:28,43.3692665100098,-8.41589736938477,"Unknown"
"7014853",371857,2025-09-15 09:12:28,43.3690223693848,-8.41565990447998,"Unknown"
"7014853",371857,2025-09-15 09:17:28,43.369255065918,-8.41575336456299,"Unknown"
"7014853",371857,2025-09-15 09:22:28,43.3691940307617,-8.41582202911377,"Unknown"
"7014853",371857,2025-09-15 09:27:28,43.3692779541016,-8.41593170166016,"Unknown"
"7014853",371857,2025-09-15 09:32:28,43.3692092895508,-8.41591453552246,"Unknown"
"7014853",371857,2025-09-15 09:37:28,43.3693199157715,-8.41588687896729,"Unknown"
"7014853",371857,2025-09-15 09:42:29,43.3692817687988,-8.41586399078369,"Unknown"
"7014853",371857,2025-09-15 09:47:29,43.3688659667969,-8.41555690765381,"Unknown"
"7014853",371857,2025-09-15 09:52:38,43.3692817687988,-8.41595077514648,"Unknown"
"7014853",371857,2025-09-15 09:57:34,43.3692283630371,-8.41588306427002,"Unknown"
"7014853",371857,2025-09-15 10:02:44,43.3692359924316,-8.41586494445801,"Unknown"
"7014853",371857,2025-09-15 10:07:28,43.3692321777344,-8.41592121124268,"Unknown"
"7014853",371857,2025-09-15 10:12:29,43.3690490722656,-8.41566371917725,"Unknown"
"7014853",371857,2025-09-15 10:17:30,43.3693199157715,-8.41593170166016,"Unknown"
"7014853",371857,2025-09-15 10:22:28,43.3748512268066,-8.42176151275635,"Unknown"
"7014853",371857,2025-09-15 10:27:29,43.3729019165039,-8.45090103149414,"Unknown"
"7014853",371857,2025-09-15 10:32:30,43.3710021972656,-8.45739936828613,"Unknown"
"7014853",371857,2025-09-15 10:37:37,43.3708992004395,-8.45725250244141,"Unknown"
"7014853",371857,2025-09-15 10:42:30,43.3709106445312,-8.45726776123047,"Unknown"
"7014853",371857,2025-09-15 10:47:44,43.3709144592285,-8.45727348327637,"Unknown"
"7014853",371857,2025-09-15 10:52:30,43.3709411621094,-8.45720195770264,"Unknown"
"7014853",371857,2025-09-15 10:57:31,43.3709526062012,-8.45736503601074,"Unknown"
"7014853",371857,2025-09-15 11:02:29,43.3708343505859,-8.45740509033203,"Unknown"
"7014853",371857,2025-09-15 11:07:32,43.3709297180176,-8.45739459991455,"Unknown"
"7014853",371857,2025-09-15 11:12:36,43.3709564208984,-8.45742511749268,"Unknown"
"7014853",371857,2025-09-15 11:17:30,43.3708381652832,-8.45724678039551,"Unknown"
"7014853",371857,2025-09-15 11:22:29,43.370849609375,-8.45725917816162,"Unknown"
"7014853",371857,2025-09-15 11:27:32,43.3708381652832,-8.4572172164917,"Unknown"
"7014853",371857,2025-09-15 11:32:44,43.3706703186035,-8.4576301574707,"Unknown"
"7014853",371857,2025-09-15 11:37:29,43.3706665039062,-8.45754718780518,"Unknown"
"7014853",371857,2025-09-15 11:42:34,43.370677947998,-8.45762729644775,"Unknown"
"7014853",371857,2025-09-15 11:47:29,43.3706550598145,-8.45767498016357,"Unknown"
"7014853",371857,2025-09-15 11:52:28,43.3706970214844,-8.45771026611328,"Unknown"
"7014853",371857,2025-09-15 11:57:31,43.3706359863281,-8.45755290985107,"Unknown"
"7014853",371857,2025-09-15 12:02:32,43.370662689209,-8.45757293701172,"Unknown"
"7014853",371857,2025-09-15 12:07:31,43.3707046508789,-8.45766448974609,"Unknown"
"7014853",371857,2025-09-15 12:12:31,43.3707656860352,-8.45773410797119,"Unknown"
"7014853",371857,2025-09-15 12:17:37,43.3707084655762,-8.45765590667725,"Unknown"
"7014853",371857,2025-09-15 12:22:37,43.3706855773926,-8.45763874053955,"Unknown"
"7014853",371857,2025-09-15 12:27:45,43.3706703186035,-8.457594871521,"Unknown"
"7014853",371857,2025-09-15 12:32:30,43.3706283569336,-8.45759105682373,"Unknown"
"7014853",371857,2025-09-15 12:37:30,43.3706474304199,-8.45764827728271,"Unknown"
"7014853",371857,2025-09-15 12:42:28,43.3706436157227,-8.45763206481934,"Unknown"
"7014853",371857,2025-09-15 12:47:45,43.3707313537598,-8.45758152008057,"Unknown"
"7014853",371857,2025-09-15 12:52:28,43.3706665039062,-8.45767116546631,"Unknown"
"7014853",371857,2025-09-15 12:57:29,43.3707618713379,-8.45771503448486,"Unknown"
"7014853",371857,2025-09-15 13:02:28,43.3704605102539,-8.45775032043457,"Unknown"
"7014853",371857,2025-09-15 13:07:29,43.3709831237793,-8.45727062225342,"Unknown"
"7014853",371857,2025-09-15 13:12:35,43.3710327148438,-8.45744705200195,"Unknown"
"7014853",371857,2025-09-15 13:17:44,43.3708992004395,-8.4575252532959,"Unknown"
"7014853",371857,2025-09-15 13:22:31,43.3710060119629,-8.45734596252441,"Unknown"
"7014853",371857,2025-09-15 13:27:36,43.3710021972656,-8.45740985870361,"Unknown"
"7014853",371857,2025-09-15 13:32:31,43.3563041687012,-8.45692157745361,"Unknown"
"7014853",371857,2025-09-15 13:37:37,43.3560523986816,-8.45722103118896,"Unknown"
"7014853",371857,2025-09-15 13:42:36,43.3563652038574,-8.45715713500977,"Unknown"
"7014853",371857,2025-09-15 13:47:46,43.3564376831055,-8.45714855194092,"Unknown"
"7014853",371857,2025-09-15 13:52:30,43.3563117980957,-8.4562931060791,"Unknown"
"7014853",371857,2025-09-15 13:57:36,43.3563499450684,-8.45734691619873,"Unknown"
"7014853",371857,2025-09-15 14:02:33,43.3563041687012,-8.45732879638672,"Unknown"
"7014853",371857,2025-09-15 14:07:45,43.3564605712891,-8.45694351196289,"Unknown"
"7014853",371857,2025-09-15 14:12:41,43.3563385009766,-8.45720672607422,"Unknown"
"7014853",371857,2025-09-15 14:22:36,43.3546905517578,-8.45797348022461,"Unknown"
"7014853",371857,2025-09-15 14:27:29,43.353588104248,-8.45886135101318,"Unknown"
"7014853",371857,2025-09-15 14:32:43,43.3537406921387,-8.45823955535889,"Unknown"
"7014853",371857,2025-09-15 14:37:33,43.3538513183594,-8.45836353302002,"Unknown"
"7014853",371857,2025-09-15 14:42:35,43.3561172485352,-8.45539951324463,"Unknown"
"7014853",371857,2025-09-15 14:47:45,43.3542442321777,-8.45831871032715,"Unknown"
"7014853",371857,2025-09-15 14:52:34,43.3543357849121,-8.45830345153809,"Unknown"
"7014853",371857,2025-09-15 14:57:33,43.3542861938477,-8.45835781097412,"Unknown"
"7014853",371857,2025-09-15 15:02:36,43.3543319702148,-8.4583911895752,"Unknown"
"7014853",371857,2025-09-15 15:07:41,43.3543434143066,-8.45835876464844,"Unknown"
"7014853",371857,2025-09-15 15:12:37,43.354362487793,-8.45816326141357,"Unknown"
"7014853",371857,2025-09-15 15:17:36,43.3543739318848,-8.45814609527588,"Unknown"
"7014853",371857,2025-09-15 15:22:40,43.3543930053711,-8.45851516723633,"Unknown"
"7014853",371857,2025-09-15 15:27:38,43.3542976379395,-8.45836925506592,"Unknown"
"7014853",371857,2025-09-15 15:32:30,43.354850769043,-8.45759677886963,"Unknown"
"7014853",371857,2025-09-15 15:37:34,43.3566589355469,-8.45703029632568,"Unknown"
"7014853",371857,2025-09-15 15:42:36,43.3564376831055,-8.45715236663818,"Unknown"
"7014853",371857,2025-09-15 15:47:59,43.3564376831055,-8.45727920532227,"Unknown"
"7014853",371857,2025-09-15 15:52:34,43.3562393188477,-8.45733165740967,"Unknown"
"7014853",371857,2025-09-15 15:57:59,43.356517791748,-8.45830535888672,"Unknown"
"7014853",371857,2025-09-15 16:02:36,43.3564414978027,-8.45730304718018,"Unknown"
"7014853",371857,2025-09-15 16:07:31,43.3563003540039,-8.45713520050049,"Unknown"
"7014853",371857,2025-09-15 16:12:33,43.3561859130859,-8.45259475708008,"Unknown"
"7014853",371857,2025-09-15 16:17:39,43.3560447692871,-8.45708656311035,"Unknown"
"7014853",371857,2025-09-15 16:22:36,43.3562088012695,-8.45699596405029,"Unknown"
"7014853",371857,2025-09-15 16:27:36,43.3561630249023,-8.4570255279541,"Unknown"
"7014853",371857,2025-09-15 16:32:34,43.3566513061523,-8.45793628692627,"Unknown"
"7014853",371857,2025-09-15 16:37:44,43.3561973571777,-8.45714378356934,"Unknown"
"7014853",371857,2025-09-15 16:42:34,43.3562965393066,-8.45701313018799,"Unknown"
"7014853",371857,2025-09-15 16:47:30,43.3563194274902,-8.45825481414795,"Unknown"
"7014853",371857,2025-09-15 16:52:31,43.3704261779785,-8.45263195037842,"Unknown"
"7014853",371857,2025-09-15 16:57:30,43.3802299499512,-8.4355297088623,"Unknown"
"7014853",371857,2025-09-15 17:02:30,43.3995132446289,-8.43337154388428,"Unknown"
"7014853",371857,2025-09-15 17:07:28,43.4197082519531,-8.43506050109863,"Unknown"
"7014853",371857,2025-09-15 17:12:30,43.4401168823242,-8.42667007446289,"Unknown"
"7014853",371857,2025-09-15 17:17:30,43.4535217285156,-8.40383338928223,"Unknown"
"7014853",371857,2025-09-15 17:22:33,43.4505004882812,-8.40266227722168,"Unknown"
"7014853",371857,2025-09-15 17:27:32,43.4609222412109,-8.407395362854,"Unknown"
"7014853",371857,2025-09-15 17:32:59,43.465518951416,-8.39098358154297,"Unknown"
"7014853",371857,2025-09-15 17:37:37,43.4734573364258,-8.39650058746338,"Unknown"
"7014853",371857,2025-09-15 17:42:31,43.4722442626953,-8.39819145202637,"Unknown"
"7014853",371857,2025-09-15 17:47:44,43.4634017944336,-8.42383766174316,"Unknown"
"7014853",371857,2025-09-15 17:52:33,43.435604095459,-8.41249179840088,"Unknown"
"7014853",371857,2025-09-15 17:57:34,43.3933372497559,-8.39965057373047,"Unknown"
"7014853",371857,2025-09-15 18:02:31,43.3599014282227,-8.40180778503418,"Unknown"
"7014853",371857,2025-09-15 18:07:36,43.360050201416,-8.4028491973877,"Unknown"
"7014853",371857,2025-09-15 18:12:36,43.3599166870117,-8.40292072296143,"Unknown"
"7014853",371857,2025-09-15 18:17:44,43.3598327636719,-8.40282154083252,"Unknown"
"7014853",371857,2025-09-15 18:22:36,43.3599510192871,-8.40294551849365,"Unknown"
"7014853",371857,2025-09-15 18:27:29,43.3600044250488,-8.40291690826416,"Unknown"
"7014853",371857,2025-09-15 18:32:36,43.3600959777832,-8.40280818939209,"Unknown"
"7014853",371857,2025-09-15 18:37:29,43.3605422973633,-8.40361881256104,"Unknown"
"7014853",371857,2025-09-15 18:42:31,43.3601303100586,-8.4028205871582,"Unknown"
"7014853",371857,2025-09-15 18:47:45,43.3600463867188,-8.40288543701172,"Unknown"
"7014853",371857,2025-09-15 18:52:29,43.362117767334,-8.39647388458252,"Unknown"
"7014853",371857,2025-09-15 18:57:31,43.3620681762695,-8.39655017852783,"Unknown"
"7014853",371857,2025-09-15 19:02:33,43.3620796203613,-8.39682483673096,"Unknown"
"7014853",371857,2025-09-15 19:07:33,43.3621711730957,-8.39676666259766,"Unknown"
"7014853",371857,2025-09-15 19:12:36,43.3621826171875,-8.39682006835938,"Unknown"
"7014853",371857,2025-09-15 19:17:30,43.362190246582,-8.3966817855835,"Unknown"
"7014853",371857,2025-09-15 19:21:46,43.3621406555176,-8.39666271209717,"Unknown"
"7014853",371857,2025-09-16 00:22:35,43.3601531982422,-8.40266990661621,"Unknown"
"7014853",371857,2025-09-16 05:22:14,43.3601303100586,-8.40263557434082,"Unknown"
"7014853",371857,2025-09-16 06:18:29,43.3653106689453,-8.39630699157715,"Unknown"
"7014853",371857,2025-09-16 06:24:05,43.3661003112793,-8.39650249481201,"Unknown"
"7014853",371857,2025-09-16 06:28:27,43.3647651672363,-8.39680671691895,"Unknown"
"7014853",371857,2025-09-16 06:33:28,43.3634300231934,-8.39761638641357,"Unknown"
"7014853",371857,2025-09-16 06:38:29,43.3629684448242,-8.39801120758057,"Unknown"
"7014853",371857,2025-09-16 06:43:29,43.3635406494141,-8.39785289764404,"Unknown"
"7014853",371857,2025-09-16 06:48:28,43.3648719787598,-8.39769554138184,"Unknown"
"7014853",371857,2025-09-16 06:53:32,43.3651161193848,-8.39643096923828,"Unknown"
"7014853",371857,2025-09-16 06:58:28,43.3596420288086,-8.39904880523682,"Unknown"
"7014853",371857,2025-09-16 07:03:28,43.359432220459,-8.39934730529785,"Unknown"
"7014853",371857,2025-09-16 07:08:44,43.359748840332,-8.39906692504883,"Unknown"
"7014853",371857,2025-09-16 07:13:27,43.3597145080566,-8.39903736114502,"Unknown"
"7014853",371857,2025-09-16 07:18:44,43.3593444824219,-8.39820098876953,"Unknown"
"7014853",371857,2025-09-16 07:23:27,43.3593254089355,-8.3984842300415,"Unknown"
"7014853",371857,2025-09-16 07:28:26,43.3596267700195,-8.39830303192139,"Unknown"
"7014853",371857,2025-09-16 07:33:26,43.3594818115234,-8.3983154296875,"Unknown"
"7014853",371857,2025-09-16 07:38:27,43.3595275878906,-8.39826965332031,"Unknown"
"7014853",371857,2025-09-16 07:43:26,43.3595657348633,-8.3986291885376,"Unknown"
"7014853",371857,2025-09-16 07:48:59,43.3594093322754,-8.398606300354,"Unknown"
"7014853",371857,2025-09-16 07:53:29,43.359447479248,-8.39857864379883,"Unknown"
"7014853",371857,2025-09-16 07:58:27,43.359432220459,-8.39874935150146,"Unknown"
"7014853",371857,2025-09-16 08:03:27,43.3593711853027,-8.39856052398682,"Unknown"
"7014853",371857,2025-09-16 08:08:32,43.3592834472656,-8.39853477478027,"Unknown"
"7014853",371857,2025-09-16 08:13:45,43.3594055175781,-8.39859867095947,"Unknown"
"7014853",371857,2025-09-16 08:18:26,43.359447479248,-8.39843940734863,"Unknown"
"7014853",371857,2025-09-16 08:23:28,43.3594093322754,-8.39852046966553,"Unknown"
"7014853",371857,2025-09-16 08:28:26,43.359447479248,-8.39852714538574,"Unknown"
"7014853",371857,2025-09-16 08:33:26,43.3594856262207,-8.39872455596924,"Unknown"
"7014853",371857,2025-09-16 08:38:27,43.3594017028809,-8.39853000640869,"Unknown"
"7014853",371857,2025-09-16 08:43:27,43.3594741821289,-8.39858055114746,"Unknown"
"7014853",371857,2025-09-16 08:48:44,43.3594169616699,-8.39854907989502,"Unknown"
"7014853",371857,2025-09-16 08:53:27,43.3594551086426,-8.39858341217041,"Unknown"
"7014853",371857,2025-09-16 08:58:26,43.359432220459,-8.39846229553223,"Unknown"
"7014853",371857,2025-09-16 09:03:29,43.3594741821289,-8.39872074127197,"Unknown"
"7014853",371857,2025-09-16 09:08:28,43.3595581054688,-8.3984260559082,"Unknown"
"7014853",371857,2025-09-16 09:13:30,43.359447479248,-8.39871501922607,"Unknown"
"7014853",371857,2025-09-16 09:18:28,43.3594665527344,-8.39865970611572,"Unknown"
"7014853",371857,2025-09-16 09:23:28,43.3594169616699,-8.39850997924805,"Unknown"
"7014853",371857,2025-09-16 09:28:31,43.3598480224609,-8.40045261383057,"Unknown"
"7014853",371857,2025-09-16 09:33:36,43.3594398498535,-8.39862060546875,"Unknown"
"7014853",371857,2025-09-16 09:38:28,43.3596496582031,-8.39938449859619,"Unknown"
"7014853",371857,2025-09-16 09:43:29,43.3596992492676,-8.39898014068604,"Unknown"
"7014853",371857,2025-09-16 09:48:45,43.359561920166,-8.39859771728516,"Unknown"
"7014853",371857,2025-09-16 09:53:26,43.3595733642578,-8.39858722686768,"Unknown"
"7014853",371857,2025-09-16 09:58:26,43.3595962524414,-8.39862060546875,"Unknown"
"7014853",371857,2025-09-16 10:03:26,43.3595123291016,-8.39853000640869,"Unknown"
"7014853",371857,2025-09-16 10:08:31,43.3595352172852,-8.39862251281738,"Unknown"
"7014853",371857,2025-09-16 10:13:30,43.3595199584961,-8.39858245849609,"Unknown"
"7014853",371857,2025-09-16 10:18:28,43.3592948913574,-8.39822292327881,"Unknown"
"7014853",371857,2025-09-16 10:23:27,43.3595199584961,-8.39842128753662,"Unknown"
"7014853",371857,2025-09-16 10:28:27,43.3595352172852,-8.39858341217041,"Unknown"
"7014853",371857,2025-09-16 10:33:28,43.3595199584961,-8.39856719970703,"Unknown"
"7014853",371857,2025-09-16 10:38:27,43.359447479248,-8.39852619171143,"Unknown"
"7014853",371857,2025-09-16 10:43:38,43.3593330383301,-8.39826679229736,"Unknown"
"7014853",371857,2025-09-16 10:48:58,43.3597450256348,-8.39880466461182,"Unknown"
"7014853",371857,2025-09-16 10:53:29,43.3600540161133,-8.39933586120605,"Unknown"
"7014853",371857,2025-09-16 10:58:28,43.3600273132324,-8.39945125579834,"Unknown"
"7014853",371857,2025-09-16 11:03:28,43.3600120544434,-8.39944648742676,"Unknown"
"7014853",371857,2025-09-16 11:08:30,43.3605690002441,-8.40002250671387,"Unknown"
"7014853",371857,2025-09-16 11:13:29,43.3603897094727,-8.39976215362549,"Unknown"
"7014853",371857,2025-09-16 11:18:28,43.3597717285156,-8.39909934997559,"Unknown"
"7014853",371857,2025-09-16 11:23:29,43.3593902587891,-8.3986759185791,"Unknown"
"7014853",371857,2025-09-16 11:28:36,43.3596000671387,-8.39902210235596,"Unknown"
"7014853",371857,2025-09-16 11:33:28,43.3594970703125,-8.39875030517578,"Unknown"
"7014853",371857,2025-09-16 11:38:28,43.3573532104492,-8.41300773620605,"Unknown"
"7014853",371857,2025-09-16 11:43:29,43.3541793823242,-8.43578147888184,"Unknown"
"7014853",371857,2025-09-16 11:48:37,43.3563346862793,-8.45711421966553,"Unknown"
"7014853",371857,2025-09-16 11:53:40,43.3570251464844,-8.45700073242188,"Unknown"
"7014853",371857,2025-09-16 11:59:12,43.356746673584,-8.45674705505371,"Unknown"
"7014853",371857,2025-09-16 12:04:32,43.3562698364258,-8.45710372924805,"Unknown"
"7014853",371857,2025-09-16 12:08:58,43.3563003540039,-8.45726299285889,"Unknown"
"7014853",371857,2025-09-16 12:13:28,43.3564033508301,-8.45706844329834,"Unknown"
"7014853",371857,2025-09-16 12:18:36,43.3565216064453,-8.4569149017334,"Unknown"
"7014853",371857,2025-09-16 12:23:28,43.3558692932129,-8.45651626586914,"Unknown"
"7014853",371857,2025-09-16 12:28:36,43.3587646484375,-8.45998859405518,"Unknown"
"7014853",371857,2025-09-16 12:33:29,43.3539657592773,-8.47934818267822,"Unknown"
"7014853",371857,2025-09-16 12:38:39,43.3522338867188,-8.47793102264404,"Unknown"
"7014853",371857,2025-09-16 12:43:37,43.352165222168,-8.47787666320801,"Unknown"
"7014853",371857,2025-09-16 12:48:27,43.3527946472168,-8.47840213775635,"Unknown"
"7014853",371857,2025-09-16 12:53:35,43.3518905639648,-8.4787654876709,"Unknown"
"7014853",371857,2025-09-16 12:58:41,43.3521575927734,-8.47810649871826,"Unknown"
"7014853",371857,2025-09-16 13:03:28,43.3520736694336,-8.47781658172607,"Unknown"
"7014853",371857,2025-09-16 13:08:30,43.351921081543,-8.47794914245605,"Unknown"
"7014853",371857,2025-09-16 13:13:33,43.352123260498,-8.47805500030518,"Unknown"
"7014853",371857,2025-09-16 13:18:30,43.3522071838379,-8.47800350189209,"Unknown"
"7014853",371857,2025-09-16 13:23:35,43.3519668579102,-8.4780797958374,"Unknown"
"7014853",371857,2025-09-16 13:28:31,43.3521537780762,-8.47787857055664,"Unknown"
"7014853",371857,2025-09-16 13:33:29,43.3522834777832,-8.477858543396,"Unknown"
"7014853",371857,2025-09-16 13:38:34,43.3523445129395,-8.47723293304443,"Unknown"
"7014853",371857,2025-09-16 13:43:30,43.3523635864258,-8.47786617279053,"Unknown"
"7014853",371857,2025-09-16 13:48:59,43.3562278747559,-8.47756099700928,"Unknown"
"7014853",371857,2025-09-16 13:53:44,43.3531646728516,-8.47863292694092,"Unknown"
"7014853",371857,2025-09-16 13:58:26,43.3534355163574,-8.47875690460205,"Unknown"
"7014853",371857,2025-09-16 14:03:59,43.3532791137695,-8.47862529754639,"Unknown"
"7014853",371857,2025-09-16 14:08:26,43.3532562255859,-8.47855472564697,"Unknown"
"7014853",371857,2025-09-16 14:13:27,43.3533363342285,-8.47859287261963,"Unknown"
"7014853",371857,2025-09-16 14:18:26,43.3533058166504,-8.47849941253662,"Unknown"
"7014853",371857,2025-09-16 14:23:30,43.3532524108887,-8.47857761383057,"Unknown"
"7014853",371857,2025-09-16 14:28:27,43.3534507751465,-8.47772026062012,"Unknown"
"7014853",371857,2025-09-16 14:33:26,43.353630065918,-8.47777462005615,"Unknown"
"7014853",371857,2025-09-16 14:38:29,43.3535385131836,-8.47785377502441,"Unknown"
"7014853",371857,2025-09-16 14:43:41,43.3536338806152,-8.47767925262451,"Unknown"
"7014853",371857,2025-09-16 14:48:26,43.3534889221191,-8.47781181335449,"Unknown"
"7014853",371857,2025-09-16 14:53:26,43.353515625,-8.47789287567139,"Unknown"
"7014853",371857,2025-09-16 14:58:26,43.353630065918,-8.47772598266602,"Unknown"
"7014853",371857,2025-09-16 15:03:26,43.3535461425781,-8.47774219512939,"Unknown"
"7014853",371857,2025-09-16 15:08:26,43.3536491394043,-8.47782135009766,"Unknown"
"7014853",371857,2025-09-16 15:13:26,43.353588104248,-8.4778938293457,"Unknown"
"7014853",371857,2025-09-16 15:18:26,43.3535270690918,-8.47799015045166,"Unknown"
"7014853",371857,2025-09-16 15:23:28,43.3534545898438,-8.47775363922119,"Unknown"
"7014853",371857,2025-09-16 15:28:27,43.3608474731445,-8.46563625335693,"Unknown"
"7014853",371857,2025-09-16 15:33:45,43.3601455688477,-8.46247863769531,"Unknown"
"7014853",371857,2025-09-16 15:38:31,43.3600158691406,-8.46205806732178,"Unknown"
"7014853",371857,2025-09-16 15:43:43,43.360237121582,-8.46227359771729,"Unknown"
"7014853",371857,2025-09-16 15:48:27,43.3600883483887,-8.46297836303711,"Unknown"
"7014853",371857,2025-09-16 15:53:28,43.3603096008301,-8.46271228790283,"Unknown"
"7014853",371857,2025-09-16 15:58:28,43.3602714538574,-8.46186828613281,"Unknown"
"7014853",371857,2025-09-16 16:03:29,43.3602447509766,-8.4627103805542,"Unknown"
"7014853",371857,2025-09-16 16:08:31,43.3601951599121,-8.46240997314453,"Unknown"
"7014853",371857,2025-09-16 16:13:44,43.3600883483887,-8.46257972717285,"Unknown"
"7014853",371857,2025-09-16 16:18:35,43.3598709106445,-8.45514678955078,"Unknown"
"7014853",371857,2025-09-16 16:23:30,43.3404159545898,-8.45506572723389,"Unknown"
"7014853",371857,2025-09-16 16:28:36,43.340446472168,-8.45378589630127,"Unknown"
"7014853",371857,2025-09-16 16:34:34,43.3403167724609,-8.45365905761719,"Unknown"
"7014853",371857,2025-09-16 16:38:29,43.3473701477051,-8.43438529968262,"Unknown"
"7014853",371857,2025-09-16 16:43:33,43.3505210876465,-8.42779350280762,"Unknown"
"7014853",371857,2025-09-16 16:48:28,43.3506622314453,-8.42707443237305,"Unknown"
"7014853",371857,2025-09-16 16:53:28,43.3506546020508,-8.42759895324707,"Unknown"
"7014853",371857,2025-09-16 16:58:29,43.3507270812988,-8.42763423919678,"Unknown"
"7014853",371857,2025-09-16 17:03:27,43.3506889343262,-8.42784786224365,"Unknown"
"7014853",371857,2025-09-16 17:08:29,43.3506622314453,-8.42774677276611,"Unknown"
"7014853",371857,2025-09-16 17:13:28,43.3506355285645,-8.42784976959229,"Unknown"
"7014853",371857,2025-09-16 17:18:27,43.3505859375,-8.42774868011475,"Unknown"
"7014853",371857,2025-09-16 17:23:27,43.3506851196289,-8.42777824401855,"Unknown"
"7014853",371857,2025-09-16 17:28:28,43.3506622314453,-8.42782020568848,"Unknown"
"7014853",371857,2025-09-16 17:33:28,43.350658416748,-8.42784118652344,"Unknown"
"7014853",371857,2025-09-16 17:38:28,43.3507080078125,-8.4278450012207,"Unknown"
"7014853",371857,2025-09-16 17:43:28,43.3506546020508,-8.42783069610596,"Unknown"
"7014853",371857,2025-09-16 17:48:29,43.3505630493164,-8.42785739898682,"Unknown"
"7014853",371857,2025-09-16 17:53:29,43.3505516052246,-8.42788219451904,"Unknown"
"7014853",371857,2025-09-16 17:58:29,43.3505783081055,-8.42791366577148,"Unknown"
"7014853",371857,2025-09-16 18:03:27,43.3506240844727,-8.42788219451904,"Unknown"
"7014853",371857,2025-09-16 18:08:30,43.3505783081055,-8.4279260635376,"Unknown"
"7014853",371857,2025-09-16 18:13:30,43.3510818481445,-8.42166614532471,"Unknown"
"7014853",371857,2025-09-16 18:18:35,43.3604850769043,-8.40253353118896,"Unknown"
"7014853",371857,2025-09-16 18:23:27,43.3590698242188,-8.39885711669922,"Unknown"
"7014853",371857,2025-09-16 18:28:27,43.3591232299805,-8.39888668060303,"Unknown"
"7014853",371857,2025-09-16 18:33:29,43.3590507507324,-8.39881896972656,"Unknown"
"7014853",371857,2025-09-16 18:38:31,43.3595314025879,-8.39883899688721,"Unknown"
"7014853",371857,2025-09-16 18:43:29,43.3601875305176,-8.39957904815674,"Unknown"
"7014853",371857,2025-09-16 18:48:29,43.3601493835449,-8.39948558807373,"Unknown"
"7014853",371857,2025-09-16 18:53:27,43.3599128723145,-8.3994083404541,"Unknown"
"7014853",371857,2025-09-16 18:58:28,43.3599281311035,-8.39948844909668,"Unknown"
"7014853",371857,2025-09-16 19:03:28,43.35986328125,-8.39949321746826,"Unknown"
"7014853",371857,2025-09-16 19:08:28,43.3597221374512,-8.39912796020508,"Unknown"
"7014853",371857,2025-09-16 19:13:28,43.3596954345703,-8.39915657043457,"Unknown"
"7014853",371857,2025-09-16 19:19:46,43.3597030639648,-8.39939785003662,"Unknown"
"7014853",371857,2025-09-17 00:19:46,43.3589630126953,-8.3991641998291,"Unknown"
"7014853",371857,2025-09-17 05:19:49,43.3592529296875,-8.39959716796875,"Unknown"
"7014853",371857,2025-09-17 06:19:44,43.3595008850098,-8.40024089813232,"Unknown"
"7014853",371857,2025-09-17 06:24:44,43.3598213195801,-8.39995384216309,"Unknown"
"7014853",371857,2025-09-17 06:29:47,43.3598213195801,-8.40011882781982,"Unknown"
"7014853",371857,2025-09-17 06:34:45,43.3594818115234,-8.40011978149414,"Unknown"
"7014853",371857,2025-09-17 06:39:44,43.3598480224609,-8.40002822875977,"Unknown"
"7014853",371857,2025-09-17 06:44:44,43.359733581543,-8.40012645721436,"Unknown"
"7014853",371857,2025-09-17 06:49:44,43.3595428466797,-8.40010261535645,"Unknown"
"7014853",371857,2025-09-17 06:54:45,43.3603324890137,-8.40030384063721,"Unknown"
"7014853",371857,2025-09-17 06:59:46,43.3592338562012,-8.40029048919678,"Unknown"
"7014853",371857,2025-09-17 07:04:47,43.359245300293,-8.40013217926025,"Unknown"
"7014853",371857,2025-09-17 07:09:43,43.3557548522949,-8.41009616851807,"Unknown"
"7014853",371857,2025-09-17 07:14:55,43.3528251647949,-8.41760349273682,"Unknown"
"7014853",371857,2025-09-17 07:19:44,43.352954864502,-8.41756153106689,"Unknown"
"7014853",371857,2025-09-17 07:24:43,43.3529052734375,-8.41754150390625,"Unknown"
"7014853",371857,2025-09-17 07:29:44,43.3530960083008,-8.41712474822998,"Unknown"
"7014853",371857,2025-09-17 07:34:45,43.3528671264648,-8.41696357727051,"Unknown"
"7014853",371857,2025-09-17 07:39:44,43.3529167175293,-8.41743278503418,"Unknown"
"7014853",371857,2025-09-17 07:44:46,43.3529472351074,-8.41714000701904,"Unknown"
"7014853",371857,2025-09-17 07:49:44,43.352912902832,-8.41720294952393,"Unknown"
"7014853",371857,2025-09-17 07:54:44,43.3528213500977,-8.41712474822998,"Unknown"
"7014853",371857,2025-09-17 07:59:44,43.352855682373,-8.41707611083984,"Unknown"
"7014853",371857,2025-09-17 08:04:44,43.3529472351074,-8.41685104370117,"Unknown"
"7014853",371857,2025-09-17 08:09:44,43.3528594970703,-8.41668796539307,"Unknown"
"7014853",371857,2025-09-17 08:14:44,43.3528594970703,-8.41668510437012,"Unknown"
"7014853",371857,2025-09-17 08:19:44,43.3528709411621,-8.41660308837891,"Unknown"
"7014853",371857,2025-09-17 08:24:44,43.3528251647949,-8.41639423370361,"Unknown"
"7014853",371857,2025-09-17 08:29:44,43.352970123291,-8.41729736328125,"Unknown"
"7014853",371857,2025-09-17 08:34:44,43.3530044555664,-8.4174108505249,"Unknown"
"7014853",371857,2025-09-17 08:39:45,43.3529624938965,-8.41775131225586,"Unknown"
"7014853",371857,2025-09-17 08:44:43,43.3530006408691,-8.41722774505615,"Unknown"
"7014853",371857,2025-09-17 08:49:51,43.3530349731445,-8.41775608062744,"Unknown"
"7014853",371857,2025-09-17 08:54:43,43.3512954711914,-8.42809104919434,"Unknown"
"7014853",371857,2025-09-17 08:59:45,43.3544044494629,-8.45860481262207,"Unknown"
"7014853",371857,2025-09-17 09:05:15,43.3568801879883,-8.45706844329834,"Unknown"
"7014853",371857,2025-09-17 09:09:47,43.3563423156738,-8.45699977874756,"Unknown"
"7014853",371857,2025-09-17 09:14:43,43.3564491271973,-8.45708465576172,"Unknown"
"7014853",371857,2025-09-17 09:19:44,43.3564071655273,-8.45693492889404,"Unknown"
"7014853",371857,2025-09-17 09:24:46,43.3564910888672,-8.45693206787109,"Unknown"
"7014853",371857,2025-09-17 09:29:47,43.3564758300781,-8.45703220367432,"Unknown"
"7014853",371857,2025-09-17 09:34:45,43.3562393188477,-8.45751571655273,"Unknown"
"7014853",371857,2025-09-17 09:39:52,43.3565406799316,-8.45707130432129,"Unknown"
"7014853",371857,2025-09-17 09:45:15,43.3559112548828,-8.45730209350586,"Unknown"
"7014853",371857,2025-09-17 09:49:46,43.3558921813965,-8.4575023651123,"Unknown"
"7014853",371857,2025-09-17 09:54:52,43.3560562133789,-8.45729732513428,"Unknown"
"7014853",371857,2025-09-17 09:59:43,43.3561668395996,-8.45719337463379,"Unknown"
"7014853",371857,2025-09-17 10:04:53,43.3561096191406,-8.45718765258789,"Unknown"
"7014853",371857,2025-09-17 10:09:54,43.3559494018555,-8.457444190979,"Unknown"
"7014853",371857,2025-09-17 10:14:44,43.3559494018555,-8.45746421813965,"Unknown"
"7014853",371857,2025-09-17 10:19:49,43.3567161560059,-8.4574089050293,"Unknown"
"7014853",371857,2025-09-17 10:24:54,43.356071472168,-8.45724391937256,"Unknown"
"7014853",371857,2025-09-17 10:29:47,43.3560485839844,-8.45746421813965,"Unknown"
"7014853",371857,2025-09-17 10:34:48,43.3558464050293,-8.45770931243896,"Unknown"
"7014853",371857,2025-09-17 10:39:56,43.3562316894531,-8.45723247528076,"Unknown"
"7014853",371857,2025-09-17 10:44:47,43.3559608459473,-8.45813846588135,"Unknown"
"7014853",371857,2025-09-17 10:49:48,43.355339050293,-8.45790004730225,"Unknown"
"7014853",371857,2025-09-17 10:54:56,43.3565940856934,-8.45726680755615,"Unknown"
"7014853",371857,2025-09-17 10:59:46,43.3563919067383,-8.4572172164917,"Unknown"
"7014853",371857,2025-09-17 11:04:54,43.3563079833984,-8.45721340179443,"Unknown"
"7014853",371857,2025-09-17 11:09:46,43.3564338684082,-8.45704460144043,"Unknown"
"7014853",371857,2025-09-17 11:14:54,43.3564071655273,-8.45699310302734,"Unknown"
"7014853",371857,2025-09-17 11:19:54,43.356201171875,-8.45702648162842,"Unknown"
"7014853",371857,2025-09-17 11:24:55,43.3565673828125,-8.45709705352783,"Unknown"
"7014853",371857,2025-09-17 11:29:51,43.3566627502441,-8.45717239379883,"Unknown"
"7014853",371857,2025-09-17 11:34:46,43.3568840026855,-8.45679569244385,"Unknown"
"7014853",371857,2025-09-17 11:39:56,43.356632232666,-8.45717716217041,"Unknown"
"7014853",371857,2025-09-17 11:45:16,43.3583908081055,-8.45695114135742,"Unknown"
"7014853",371857,2025-09-17 11:50:04,43.3540954589844,-8.4586009979248,"Unknown"
"7014853",371857,2025-09-17 11:54:45,43.3546524047852,-8.45845317840576,"Unknown"
"7014853",371857,2025-09-17 11:59:45,43.3551368713379,-8.45862579345703,"Unknown"
"7014853",371857,2025-09-17 12:04:47,43.3546485900879,-8.45842361450195,"Unknown"
"7014853",371857,2025-09-17 12:09:46,43.3545112609863,-8.45866203308105,"Unknown"
"7014853",371857,2025-09-17 12:14:57,43.3544044494629,-8.45857620239258,"Unknown"
"7014853",371857,2025-09-17 12:19:43,43.3550071716309,-8.45863628387451,"Unknown"
"7014853",371857,2025-09-17 12:24:47,43.3545188903809,-8.45871925354004,"Unknown"
"7014853",371857,2025-09-17 12:29:48,43.3546028137207,-8.45780467987061,"Unknown"
"7014853",371857,2025-09-17 12:34:52,43.3543930053711,-8.45882415771484,"Unknown"
"7014853",371857,2025-09-17 12:39:43,43.3568992614746,-8.45746421813965,"Unknown"
"7014853",371857,2025-09-17 12:44:43,43.3566551208496,-8.4574031829834,"Unknown"
"7014853",371857,2025-09-17 12:49:43,43.3568305969238,-8.45738792419434,"Unknown"
"7014853",371857,2025-09-17 12:54:43,43.3568458557129,-8.45745754241943,"Unknown"
"7014853",371857,2025-09-17 12:59:44,43.3566932678223,-8.45738315582275,"Unknown"
"7014853",371857,2025-09-17 13:04:52,43.3562698364258,-8.4573335647583,"Unknown"
"7014853",371857,2025-09-17 13:09:43,43.3565063476562,-8.45687484741211,"Unknown"
"7014853",371857,2025-09-17 13:14:45,43.3563652038574,-8.45732402801514,"Unknown"
"7014853",371857,2025-09-17 13:19:43,43.3563804626465,-8.45736789703369,"Unknown"
"7014853",371857,2025-09-17 13:24:43,43.3563842773438,-8.45752334594727,"Unknown"
"7014853",371857,2025-09-17 13:29:44,43.3564300537109,-8.45752334594727,"Unknown"
"7014853",371857,2025-09-17 13:34:44,43.3563270568848,-8.45751762390137,"Unknown"
"7014853",371857,2025-09-17 13:39:43,43.3564872741699,-8.45754909515381,"Unknown"
"7014853",371857,2025-09-17 13:44:45,43.3563842773438,-8.45737171173096,"Unknown"
"7014853",371857,2025-09-17 13:49:44,43.3564605712891,-8.45743083953857,"Unknown"
"7014853",371857,2025-09-17 13:54:43,43.3564643859863,-8.45741271972656,"Unknown"
"7014853",371857,2025-09-17 13:59:43,43.3522911071777,-8.45552158355713,"Unknown"
"7014853",371857,2025-09-17 14:04:43,43.3404693603516,-8.45440006256104,"Unknown"
"7014853",371857,2025-09-17 14:09:44,43.3408012390137,-8.45469188690186,"Unknown"
"7014853",371857,2025-09-17 14:14:44,43.3412704467773,-8.45498371124268,"Unknown"
"7014853",371857,2025-09-17 14:19:48,43.3413009643555,-8.4549732208252,"Unknown"
"7014853",371857,2025-09-17 14:24:48,43.3411026000977,-8.45489120483398,"Unknown"
"7014853",371857,2025-09-17 14:29:46,43.341007232666,-8.4557409286499,"Unknown"
"7014853",371857,2025-09-17 14:34:43,43.3412666320801,-8.45512866973877,"Unknown"
"7014853",371857,2025-09-17 14:39:43,43.3411483764648,-8.45487022399902,"Unknown"
"7014853",371857,2025-09-17 14:44:46,43.3407745361328,-8.45523357391357,"Unknown"
"7014853",371857,2025-09-17 14:49:47,43.3406791687012,-8.45533657073975,"Unknown"
"7014853",371857,2025-09-17 14:54:49,43.3404312133789,-8.45408344268799,"Unknown"
"7014853",371857,2025-09-17 14:59:57,43.3397369384766,-8.45416164398193,"Unknown"
"7014853",371857,2025-09-17 15:04:53,43.339527130127,-8.45450401306152,"Unknown"
"7014853",371857,2025-09-17 15:09:49,43.3405342102051,-8.4537239074707,"Unknown"
"7014853",371857,2025-09-17 15:14:46,43.3415603637695,-8.44985198974609,"Unknown"
"7014853",371857,2025-09-17 15:19:47,43.3498115539551,-8.42804718017578,"Unknown"
"7014853",371857,2025-09-17 15:24:45,43.3497581481934,-8.42803573608398,"Unknown"
"7014853",371857,2025-09-17 15:29:45,43.349739074707,-8.428053855896,"Unknown"
"7014853",371857,2025-09-17 15:34:44,43.3498497009277,-8.42811870574951,"Unknown"
"7014853",371857,2025-09-17 15:39:46,43.3499069213867,-8.42845058441162,"Unknown"
"7014853",371857,2025-09-17 15:44:46,43.3498611450195,-8.42798233032227,"Unknown"
"7014853",371857,2025-09-17 15:50:05,43.3498497009277,-8.42801189422607,"Unknown"
"7014853",371857,2025-09-17 15:54:45,43.3495216369629,-8.42706775665283,"Unknown"
"7014853",371857,2025-09-17 15:59:44,43.3498992919922,-8.42812633514404,"Unknown"
"7014853",371857,2025-09-17 16:04:43,43.3498878479004,-8.42809009552002,"Unknown"
"7014853",371857,2025-09-17 16:09:43,43.3498573303223,-8.42799472808838,"Unknown"
"7014853",371857,2025-09-17 16:14:43,43.3498458862305,-8.42800331115723,"Unknown"
"7014853",371857,2025-09-17 16:19:43,43.3498802185059,-8.42810535430908,"Unknown"
"7014853",371857,2025-09-17 16:24:43,43.349925994873,-8.4281120300293,"Unknown"
"7014853",371857,2025-09-17 16:29:43,43.3497886657715,-8.42793560028076,"Unknown"
"7014853",371857,2025-09-17 16:34:43,43.3499298095703,-8.42818546295166,"Unknown"
"7014853",371857,2025-09-17 16:39:43,43.3492813110352,-8.42777633666992,"Unknown"
"7014853",371857,2025-09-17 16:44:44,43.3493385314941,-8.42787075042725,"Unknown"
"7014853",371857,2025-09-17 16:49:46,43.3495864868164,-8.42760944366455,"Unknown"
"7014853",371857,2025-09-17 16:54:46,43.3495979309082,-8.42753887176514,"Unknown"
"7014853",371857,2025-09-17 16:59:45,43.349739074707,-8.42755222320557,"Unknown"
"7014853",371857,2025-09-17 17:04:47,43.3583335876465,-8.40596199035645,"Unknown"
"7014853",371857,2025-09-17 17:09:46,43.3587303161621,-8.39948749542236,"Unknown"
"7014853",371857,2025-09-17 17:14:43,43.3683776855469,-8.41648483276367,"Unknown"
"7014853",371857,2025-09-17 17:20:03,43.3690452575684,-8.41649436950684,"Unknown"
"7014853",371857,2025-09-17 17:24:43,43.3691139221191,-8.41644954681396,"Unknown"
"7014853",371857,2025-09-17 17:29:43,43.3691024780273,-8.41649150848389,"Unknown"
"7014853",371857,2025-09-17 17:34:43,43.369068145752,-8.41655540466309,"Unknown"
"7014853",371857,2025-09-17 17:39:44,43.369026184082,-8.41654014587402,"Unknown"
"7014853",371857,2025-09-17 17:44:46,43.3690185546875,-8.41641616821289,"Unknown"
"7014853",371857,2025-09-17 17:49:44,43.3690185546875,-8.41647243499756,"Unknown"
"7014853",371857,2025-09-17 17:54:44,43.3690643310547,-8.41643238067627,"Unknown"
"7014853",371857,2025-09-17 17:59:43,43.3690567016602,-8.41640472412109,"Unknown"
"7014853",371857,2025-09-17 18:04:43,43.3690338134766,-8.41633033752441,"Unknown"
"7014853",371857,2025-09-17 18:09:47,43.3692283630371,-8.41664600372314,"Unknown"
"7014853",371857,2025-09-17 18:14:45,43.3691596984863,-8.41651916503906,"Unknown"
"7014853",371857,2025-09-17 18:19:43,43.369197845459,-8.41658878326416,"Unknown"
"7014853",371857,2025-09-17 18:24:43,43.3693046569824,-8.41669845581055,"Unknown"
"7014853",371857,2025-09-17 18:29:45,43.369270324707,-8.41672325134277,"Unknown"
"7014853",371857,2025-09-17 18:34:52,43.3684387207031,-8.41561222076416,"Unknown"
"7014853",371857,2025-09-17 18:39:55,43.3686218261719,-8.41580772399902,"Unknown"
"7014853",371857,2025-09-17 18:44:55,43.3687515258789,-8.416259765625,"Unknown"
"7014853",371857,2025-09-17 18:49:49,43.3687553405762,-8.41596603393555,"Unknown"
"7014853",371857,2025-09-17 18:55:05,43.3690719604492,-8.41648864746094,"Unknown"
"7014853",371857,2025-09-17 18:59:44,43.3596115112305,-8.40036392211914,"Unknown"
"7014853",371857,2025-09-17 19:04:44,43.3596076965332,-8.40030002593994,"Unknown"
"7014853",371857,2025-09-17 19:09:43,43.3596115112305,-8.40037059783936,"Unknown"
"7014853",371857,2025-09-17 19:14:42,43.3595886230469,-8.40036487579346,"Unknown"
"7014853",371857,2025-09-17 19:17:57,43.3596115112305,-8.40028190612793,"Unknown"
"7014853",371857,2025-09-18 00:18:14,43.3601341247559,-8.40298557281494,"Unknown"
"7014853",371857,2025-09-18 05:18:14,43.3592185974121,-8.39912796020508,"Unknown"
"7014853",371857,2025-09-18 06:21:14,43.3589363098145,-8.39868927001953,"Unknown"
"7014853",371857,2025-09-18 06:25:53,43.3594551086426,-8.39905643463135,"Unknown"
"7014853",371857,2025-09-18 06:31:08,43.3591651916504,-8.39914131164551,"Unknown"
"7014853",371857,2025-09-18 06:35:51,43.3594436645508,-8.40387725830078,"Unknown"
"7014853",371857,2025-09-18 06:41:11,43.3598823547363,-8.40260887145996,"Unknown"
"7014853",371857,2025-09-18 06:45:49,43.3589019775391,-8.40222549438477,"Unknown"
"7014853",371857,2025-09-18 06:51:01,43.3601684570312,-8.40192699432373,"Unknown"
"7014853",371857,2025-09-18 06:56:10,43.3609619140625,-8.40217304229736,"Unknown"
"7014853",371857,2025-09-18 07:00:52,43.3595390319824,-8.40160942077637,"Unknown"
"7014853",371857,2025-09-18 07:05:51,43.3602485656738,-8.40132808685303,"Unknown"
"7014853",371857,2025-09-18 07:11:04,43.3596420288086,-8.40127372741699,"Unknown"
"7014853",371857,2025-09-18 07:15:52,43.3604354858398,-8.40483665466309,"Unknown"
"7014853",371857,2025-09-18 07:20:50,43.3601303100586,-8.40274906158447,"Unknown"
"7014853",371857,2025-09-18 07:25:53,43.3607482910156,-8.4019775390625,"Unknown"
"7014853",371857,2025-09-18 07:30:54,43.3600006103516,-8.40138912200928,"Unknown"
"7014853",371857,2025-09-18 07:35:58,43.3592491149902,-8.39705276489258,"Unknown"
"7014853",371857,2025-09-18 07:40:53,43.3591461181641,-8.39786911010742,"Unknown"
"7014853",371857,2025-09-18 07:46:03,43.3589172363281,-8.39762020111084,"Unknown"
"7014853",371857,2025-09-18 07:51:13,43.3591766357422,-8.39840888977051,"Unknown"
"7014853",371857,2025-09-18 07:55:53,43.3594093322754,-8.39893436431885,"Unknown"
"7014853",371857,2025-09-18 08:00:49,43.3591575622559,-8.39874649047852,"Unknown"
"7014853",371857,2025-09-18 08:05:59,43.3594665527344,-8.40010356903076,"Unknown"
"7014853",371857,2025-09-18 08:10:52,43.3587455749512,-8.39942359924316,"Unknown"
"7014853",371857,2025-09-18 08:17:15,43.359691619873,-8.39969348907471,"Unknown"
"7014853",371857,2025-09-18 08:21:00,43.3596725463867,-8.39972972869873,"Unknown"
"7014853",371857,2025-09-18 08:26:00,43.3594627380371,-8.39979362487793,"Unknown"
"7014853",371857,2025-09-18 08:31:10,43.3593254089355,-8.3999137878418,"Unknown"
"7014853",371857,2025-09-18 08:36:00,43.3593864440918,-8.39977169036865,"Unknown"
"7014853",371857,2025-09-18 08:41:02,43.3592834472656,-8.39992904663086,"Unknown"
"7014853",371857,2025-09-18 08:46:15,43.3594360351562,-8.39965152740479,"Unknown"
"7014853",371857,2025-09-18 08:51:00,43.3594932556152,-8.39964580535889,"Unknown"
"7014853",371857,2025-09-18 08:56:16,43.3594551086426,-8.39950752258301,"Unknown"
"7014853",371857,2025-09-18 09:01:04,43.3595771789551,-8.39959621429443,"Unknown"
"7014853",371857,2025-09-18 09:05:55,43.359619140625,-8.40109252929688,"Unknown"
"7014853",371857,2025-09-18 09:11:22,43.3587951660156,-8.39896583557129,"Unknown"
"7014853",371857,2025-09-18 09:15:55,43.3593139648438,-8.39880275726318,"Unknown"
"7014853",371857,2025-09-18 09:21:12,43.3589477539062,-8.39894485473633,"Unknown"
"7014853",371857,2025-09-18 09:25:59,43.359317779541,-8.40021514892578,"Unknown"
"7014853",371857,2025-09-18 09:31:08,43.3555679321289,-8.40555286407471,"Unknown"
"7014853",371857,2025-09-18 09:36:23,43.3592147827148,-8.40076351165771,"Unknown"
"7014853",371857,2025-09-18 09:40:54,43.3592185974121,-8.40075778961182,"Unknown"
"7014853",371857,2025-09-18 09:46:00,43.3592491149902,-8.40066337585449,"Unknown"
"7014853",371857,2025-09-18 09:50:58,43.3593673706055,-8.40082168579102,"Unknown"
"7014853",371857,2025-09-18 09:55:52,43.3594589233398,-8.40084648132324,"Unknown"
"7014853",371857,2025-09-18 10:01:08,43.3593406677246,-8.40077018737793,"Unknown"
"7014853",371857,2025-09-18 10:06:15,43.3594818115234,-8.40069961547852,"Unknown"
"7014853",371857,2025-09-18 10:11:02,43.3588485717773,-8.40054607391357,"Unknown"
"7014853",371857,2025-09-18 10:15:59,43.3593940734863,-8.40068912506104,"Unknown"
"7014853",371857,2025-09-18 10:20:55,43.3593406677246,-8.4006929397583,"Unknown"
"7014853",371857,2025-09-18 10:26:04,43.3594360351562,-8.4007511138916,"Unknown"
"7014853",371857,2025-09-18 10:31:13,43.359432220459,-8.40117931365967,"Unknown"
"7014853",371857,2025-09-18 10:35:50,43.3529624938965,-8.43663215637207,"Unknown"
"7014853",371857,2025-09-18 10:41:01,43.355899810791,-8.45702838897705,"Unknown"
"7014853",371857,2025-09-18 10:46:31,43.3561973571777,-8.45732593536377,"Unknown"
"7014853",371857,2025-09-18 10:52:09,43.3563652038574,-8.4570484161377,"Unknown"
"7014853",371857,2025-09-18 10:56:20,43.3566513061523,-8.45706939697266,"Unknown"
"7014853",371857,2025-09-18 11:00:54,43.3563766479492,-8.4569673538208,"Unknown"
"7014853",371857,2025-09-18 11:06:06,43.3566780090332,-8.45702648162842,"Unknown"
"7014853",371857,2025-09-18 11:10:49,43.3561553955078,-8.45709991455078,"Unknown"
"7014853",371857,2025-09-18 11:15:53,43.3562278747559,-8.45689582824707,"Unknown"
"7014853",371857,2025-09-18 11:21:05,43.3562049865723,-8.45706748962402,"Unknown"
"7014853",371857,2025-09-18 11:25:50,43.3564453125,-8.45730876922607,"Unknown"
"7014853",371857,2025-09-18 11:31:23,43.3564643859863,-8.45718669891357,"Unknown"
"7014853",371857,2025-09-18 11:35:49,43.3565483093262,-8.45712661743164,"Unknown"
"7014853",371857,2025-09-18 11:40:48,43.3403587341309,-8.45392608642578,"Unknown"
"7014853",371857,2025-09-18 11:45:50,43.3401718139648,-8.45468807220459,"Unknown"
"7014853",371857,2025-09-18 11:50:54,43.3401069641113,-8.45510196685791,"Unknown"
"7014853",371857,2025-09-18 11:55:52,43.3401985168457,-8.45534896850586,"Unknown"
"7014853",371857,2025-09-18 12:00:55,43.3401298522949,-8.45537090301514,"Unknown"
"7014853",371857,2025-09-18 12:05:51,43.3399543762207,-8.45548725128174,"Unknown"
"7014853",371857,2025-09-18 12:10:50,43.3401107788086,-8.45537185668945,"Unknown"
"7014853",371857,2025-09-18 12:16:15,43.3403701782227,-8.45512390136719,"Unknown"
"7014853",371857,2025-09-18 12:20:51,43.3403816223145,-8.45570468902588,"Unknown"
"7014853",371857,2025-09-18 12:25:49,43.3399353027344,-8.45426845550537,"Unknown"
"7014853",371857,2025-09-18 12:30:58,43.3401870727539,-8.45396709442139,"Unknown"
"7014853",371857,2025-09-18 12:35:50,43.3401565551758,-8.45363807678223,"Unknown"
"7014853",371857,2025-09-18 12:40:51,43.3402099609375,-8.45388507843018,"Unknown"
"7014853",371857,2025-09-18 12:46:14,43.3401527404785,-8.45424365997314,"Unknown"
"7014853",371857,2025-09-18 12:51:00,43.3400001525879,-8.45388317108154,"Unknown"
"7014853",371857,2025-09-18 12:56:00,43.3396453857422,-8.45346355438232,"Unknown"
"7014853",371857,2025-09-18 13:01:02,43.3399124145508,-8.4530782699585,"Unknown"
"7014853",371857,2025-09-18 13:06:00,43.3398399353027,-8.4532642364502,"Unknown"
"7014853",371857,2025-09-18 13:11:02,43.348316192627,-8.43085956573486,"Unknown"
"7014853",371857,2025-09-18 13:16:00,43.353084564209,-8.42526435852051,"Unknown"
"7014853",371857,2025-09-18 13:21:00,43.3534545898438,-8.42500114440918,"Unknown"
"7014853",371857,2025-09-18 13:26:11,43.3532829284668,-8.42520141601562,"Unknown"
"7014853",371857,2025-09-18 13:30:48,43.3536224365234,-8.42496109008789,"Unknown"
"7014853",371857,2025-09-18 13:35:49,43.3533744812012,-8.42527389526367,"Unknown"
"7014853",371857,2025-09-18 13:40:49,43.3531494140625,-8.42555999755859,"Unknown"
"7014853",371857,2025-09-18 13:46:20,43.3531723022461,-8.42505359649658,"Unknown"
"7014853",371857,2025-09-18 13:50:49,43.3533401489258,-8.42527389526367,"Unknown"
"7014853",371857,2025-09-18 13:55:53,43.3533592224121,-8.42525577545166,"Unknown"
"7014853",371857,2025-09-18 14:00:53,43.3533515930176,-8.42503929138184,"Unknown"
"7014853",371857,2025-09-18 14:06:00,43.3533248901367,-8.42523670196533,"Unknown"
"7014853",371857,2025-09-18 14:11:00,43.3532981872559,-8.42494106292725,"Unknown"
"7014853",371857,2025-09-18 14:16:00,43.3498764038086,-8.42781162261963,"Unknown"
"7014853",371857,2025-09-18 14:21:00,43.3498420715332,-8.42742538452148,"Unknown"
"7014853",371857,2025-09-18 14:26:00,43.3533172607422,-8.42320442199707,"Unknown"
"7014853",371857,2025-09-18 14:31:15,43.3534164428711,-8.42298793792725,"Unknown"
"7014853",371857,2025-09-18 14:35:50,43.3533477783203,-8.42301654815674,"Unknown"
"7014853",371857,2025-09-18 14:41:00,43.3533401489258,-8.42309284210205,"Unknown"
"7014853",371857,2025-09-18 14:46:00,43.3533592224121,-8.42329788208008,"Unknown"
"7014853",371857,2025-09-18 14:50:52,43.3687553405762,-8.41857814788818,"Unknown"
"7014853",371857,2025-09-18 14:56:34,43.378978729248,-8.43191051483154,"Unknown"
"7014853",371857,2025-09-18 15:00:51,43.3789596557617,-8.431809425354,"Unknown"
"7014853",371857,2025-09-18 15:05:49,43.3790626525879,-8.43201541900635,"Unknown"
"7014853",371857,2025-09-18 15:11:46,43.3790664672852,-8.43207359313965,"Unknown"
"7014853",371857,2025-09-18 15:17:05,43.3789520263672,-8.43187236785889,"Unknown"
"7014853",371857,2025-09-18 15:20:49,43.3789329528809,-8.43184661865234,"Unknown"
"7014853",371857,2025-09-18 15:25:50,43.3789367675781,-8.43190765380859,"Unknown"
"7014853",371857,2025-09-18 15:31:01,43.3789482116699,-8.43189334869385,"Unknown"
"7014853",371857,2025-09-18 15:37:12,43.378963470459,-8.43189430236816,"Unknown"
"7014853",371857,2025-09-18 15:40:49,43.3791236877441,-8.4319486618042,"Unknown"
"7014853",371857,2025-09-18 15:45:51,43.3790168762207,-8.43186950683594,"Unknown"
"7014853",371857,2025-09-18 15:50:57,43.3790817260742,-8.43194389343262,"Unknown"
"7014853",371857,2025-09-18 15:55:50,43.3789749145508,-8.43191242218018,"Unknown"
"7014853",371857,2025-09-18 16:00:49,43.379020690918,-8.43193244934082,"Unknown"
"7014853",371857,2025-09-18 16:05:48,43.3789710998535,-8.43193912506104,"Unknown"
"7014853",371857,2025-09-18 16:10:49,43.379035949707,-8.43191051483154,"Unknown"
"7014853",371857,2025-09-18 16:15:49,43.3789100646973,-8.43186569213867,"Unknown"
"7014853",371857,2025-09-18 16:20:48,43.379035949707,-8.43191051483154,"Unknown"
"7014853",371857,2025-09-18 16:25:52,43.3789978027344,-8.43193054199219,"Unknown"
"7014853",371857,2025-09-18 16:30:52,43.3790283203125,-8.43208789825439,"Unknown"
"7014853",371857,2025-09-18 16:35:48,43.3890228271484,-8.44601249694824,"Unknown"
"7014853",371857,2025-09-18 16:40:48,43.4142799377441,-8.47065830230713,"Unknown"
"7014853",371857,2025-09-18 16:45:50,43.4239768981934,-8.46925354003906,"Unknown"
"7014853",371857,2025-09-18 16:50:58,43.4239921569824,-8.46895122528076,"Unknown"
"7014853",371857,2025-09-18 16:55:55,43.4237670898438,-8.46839046478271,"Unknown"
"7014853",371857,2025-09-18 17:00:51,43.4237518310547,-8.46838283538818,"Unknown"
"7014853",371857,2025-09-18 17:05:48,43.4231872558594,-8.46875476837158,"Unknown"
"7014853",371857,2025-09-18 17:10:48,43.4128570556641,-8.47885417938232,"Unknown"
"7014853",371857,2025-09-18 17:15:48,43.3850746154785,-8.47799587249756,"Unknown"
"7014853",371857,2025-09-18 17:20:48,43.3613166809082,-8.4982795715332,"Unknown"
"7014853",371857,2025-09-18 17:26:23,43.355640411377,-8.51700019836426,"Unknown"
"7014853",371857,2025-09-18 17:30:52,43.3556747436523,-8.51705074310303,"Unknown"
"7014853",371857,2025-09-18 17:35:54,43.355583190918,-8.51696586608887,"Unknown"
"7014853",371857,2025-09-18 17:40:52,43.3556976318359,-8.5171012878418,"Unknown"
"7014853",371857,2025-09-18 17:45:57,43.3556175231934,-8.51711463928223,"Unknown"
"7014853",371857,2025-09-18 17:50:52,43.3555755615234,-8.51694774627686,"Unknown"
"7014853",371857,2025-09-18 17:55:53,43.3556175231934,-8.51703643798828,"Unknown"
"7014853",371857,2025-09-18 18:00:52,43.3556327819824,-8.51699256896973,"Unknown"
"7014853",371857,2025-09-18 18:06:14,43.3557357788086,-8.51714038848877,"Unknown"
"7014853",371857,2025-09-18 18:10:49,43.3556785583496,-8.51703357696533,"Unknown"
"7014853",371857,2025-09-18 18:15:49,43.3557891845703,-8.51731109619141,"Unknown"
"7014853",371857,2025-09-18 18:20:51,43.3558235168457,-8.517258644104,"Unknown"
"7014853",371857,2025-09-18 18:25:52,43.3558769226074,-8.51742935180664,"Unknown"
"7014853",371857,2025-09-18 18:30:54,43.3555603027344,-8.5169677734375,"Unknown"
"7014853",371857,2025-09-18 18:36:14,43.3556747436523,-8.51715660095215,"Unknown"
"7014853",371857,2025-09-18 18:41:00,43.355655670166,-8.51712417602539,"Unknown"
"7014853",371857,2025-09-18 18:45:57,43.355712890625,-8.51721000671387,"Unknown"
"7014853",371857,2025-09-18 18:50:53,43.3556747436523,-8.51690578460693,"Unknown"
"7014853",371857,2025-09-18 18:56:31,43.355655670166,-8.51690483093262,"Unknown"
"7014853",371857,2025-09-18 19:00:59,43.3556098937988,-8.51712512969971,"Unknown"
"7014853",371857,2025-09-18 19:05:53,43.356761932373,-8.52982234954834,"Unknown"
"7014853",371857,2025-09-18 19:11:02,43.356258392334,-8.5308198928833,"Unknown"
"7014853",371857,2025-09-18 19:16:34,43.3558578491211,-8.53174114227295,"Unknown"
"7014853",371857,2025-09-19 00:16:53,43.3341178894043,-8.58860874176025,"Unknown"
"7014853",371857,2025-09-19 05:16:39,43.3285865783691,-8.60846614837646,"Unknown"
"7014853",371857,2025-09-19 06:22:19,43.3175239562988,-8.60792064666748,"Unknown"
"7014853",371857,2025-09-19 06:27:18,43.3188056945801,-8.60729885101318,"Unknown"
"7014853",371857,2025-09-19 06:32:18,43.3188056945801,-8.60192489624023,"Unknown"
"7014853",371857,2025-09-19 06:37:30,43.3176956176758,-8.60178279876709,"Unknown"
"7014853",371857,2025-09-19 06:42:32,43.3176612854004,-8.60195350646973,"Unknown"
"7014853",371857,2025-09-19 06:47:24,43.3182754516602,-8.60189151763916,"Unknown"
"7014853",371857,2025-09-19 06:52:22,43.3181991577148,-8.60188007354736,"Unknown"
"7014853",371857,2025-09-19 06:57:21,43.3180198669434,-8.6019811630249,"Unknown"
"7014853",371857,2025-09-19 07:02:17,43.3171463012695,-8.60145664215088,"Unknown"
"7014853",371857,2025-09-19 07:07:16,43.3173484802246,-8.60190582275391,"Unknown"
"7014853",371857,2025-09-19 07:12:15,43.3224143981934,-8.58688545227051,"Unknown"
"7014853",371857,2025-09-19 07:17:16,43.3202514648438,-8.55588150024414,"Unknown"
"7014853",371857,2025-09-19 07:22:15,43.3200988769531,-8.55523204803467,"Unknown"
"7014853",371857,2025-09-19 07:27:16,43.3152847290039,-8.54990577697754,"Unknown"
"7014853",371857,2025-09-19 07:32:16,43.3148612976074,-8.54897499084473,"Unknown"
"7014853",371857,2025-09-19 07:37:19,43.3154411315918,-8.54902076721191,"Unknown"
"7014853",371857,2025-09-19 07:42:16,43.3157386779785,-8.54871559143066,"Unknown"
"7014853",371857,2025-09-19 07:47:17,43.3155899047852,-8.54816341400146,"Unknown"
"7014853",371857,2025-09-19 07:52:20,43.3158721923828,-8.54753303527832,"Unknown"
"7014853",371857,2025-09-19 07:57:42,43.3158531188965,-8.54711818695068,"Unknown"
"7014853",371857,2025-09-19 08:02:17,43.3158149719238,-8.54714202880859,"Unknown"
"7014853",371857,2025-09-19 08:07:16,43.3167037963867,-8.54752063751221,"Unknown"
"7014853",371857,2025-09-19 08:12:15,43.3229598999023,-8.55814170837402,"Unknown"
"7014853",371857,2025-09-19 08:17:18,43.3263206481934,-8.56202793121338,"Unknown"
"7014853",371857,2025-09-19 08:22:17,43.3269844055176,-8.56229972839355,"Unknown"
"7014853",371857,2025-09-19 08:27:15,43.3269996643066,-8.56174850463867,"Unknown"
"7014853",371857,2025-09-19 08:32:17,43.326587677002,-8.56109523773193,"Unknown"
"7014853",371857,2025-09-19 08:37:17,43.3263702392578,-8.56031513214111,"Unknown"
"7014853",371857,2025-09-19 08:42:15,43.3224678039551,-8.54863834381104,"Unknown"
"7014853",371857,2025-09-19 08:47:15,43.3197937011719,-8.54928016662598,"Unknown"
"7014853",371857,2025-09-19 08:52:17,43.3198699951172,-8.5583667755127,"Unknown"
"7014853",371857,2025-09-19 08:57:29,43.319164276123,-8.55808448791504,"Unknown"
"7014853",371857,2025-09-19 09:02:18,43.3186798095703,-8.5580415725708,"Unknown"
"7014853",371857,2025-09-19 09:07:18,43.3188819885254,-8.55758380889893,"Unknown"
"7014853",371857,2025-09-19 09:12:18,43.318431854248,-8.55660724639893,"Unknown"
"7014853",371857,2025-09-19 09:17:17,43.3180274963379,-8.55592918395996,"Unknown"
"7014853",371857,2025-09-19 09:22:21,43.3180351257324,-8.555983543396,"Unknown"
"7014853",371857,2025-09-19 09:27:19,43.3178863525391,-8.55610275268555,"Unknown"
"7014853",371857,2025-09-19 09:32:25,43.3180961608887,-8.55608081817627,"Unknown"
"7014853",371857,2025-09-19 09:37:17,43.3182716369629,-8.55599021911621,"Unknown"
"7014853",371857,2025-09-19 09:42:19,43.3186111450195,-8.5563907623291,"Unknown"
"7014853",371857,2025-09-19 09:47:30,43.3190803527832,-8.55695724487305,"Unknown"
"7014853",371857,2025-09-19 09:52:16,43.3194885253906,-8.5571870803833,"Unknown"
"7014853",371857,2025-09-19 09:57:17,43.3199806213379,-8.55702209472656,"Unknown"
"7014853",371857,2025-09-19 10:02:16,43.3203086853027,-8.55650615692139,"Unknown"
"7014853",371857,2025-09-19 10:07:15,43.320629119873,-8.55626487731934,"Unknown"
"7014853",371857,2025-09-19 10:12:16,43.3212242126465,-8.55563259124756,"Unknown"
"7014853",371857,2025-09-19 10:17:15,43.3217163085938,-8.55526828765869,"Unknown"
"7014853",371857,2025-09-19 10:22:22,43.3214836120605,-8.55495929718018,"Unknown"
"7014853",371857,2025-09-19 10:27:19,43.3214454650879,-8.55508613586426,"Unknown"
"7014853",371857,2025-09-19 10:32:18,43.3211555480957,-8.55462265014648,"Unknown"
"7014853",371857,2025-09-19 10:37:18,43.3209648132324,-8.55478858947754,"Unknown"
"7014853",371857,2025-09-19 10:42:16,43.3125114440918,-8.55635643005371,"Unknown"
"7014853",371857,2025-09-19 10:47:26,43.3125228881836,-8.55619621276855,"Unknown"
"7014853",371857,2025-09-19 10:52:23,43.3125495910645,-8.55618095397949,"Unknown"
"7014853",371857,2025-09-19 10:57:31,43.3124809265137,-8.55604648590088,"Unknown"
"7014853",371857,2025-09-19 11:02:25,43.3125610351562,-8.55639553070068,"Unknown"
"7014853",371857,2025-09-19 11:07:15,43.3124542236328,-8.55650329589844,"Unknown"
"7014853",371857,2025-09-19 11:12:16,43.3124389648438,-8.55656719207764,"Unknown"
"7014853",371857,2025-09-19 11:17:17,43.3124732971191,-8.5565710067749,"Unknown"
"7014853",371857,2025-09-19 11:22:20,43.3123893737793,-8.55622386932373,"Unknown"
"7014853",371857,2025-09-19 11:27:16,43.312442779541,-8.55652332305908,"Unknown"
"7014853",371857,2025-09-19 11:32:17,43.3123931884766,-8.55651664733887,"Unknown"
"7014853",371857,2025-09-19 11:37:22,43.312370300293,-8.55639457702637,"Unknown"
"7014853",371857,2025-09-19 11:42:19,43.3123817443848,-8.55627632141113,"Unknown"
"7014853",371857,2025-09-19 11:47:25,43.3124084472656,-8.556321144104,"Unknown"
"7014853",371857,2025-09-19 11:52:15,43.3162307739258,-8.57283020019531,"Unknown"
"7014853",371857,2025-09-19 11:57:17,43.3208084106445,-8.59365844726562,"Unknown"
"7014853",371857,2025-09-19 12:02:26,43.3206672668457,-8.59355926513672,"Unknown"
"7014853",371857,2025-09-19 12:07:17,43.3208236694336,-8.5935173034668,"Unknown"
"7014853",371857,2025-09-19 12:12:24,43.3206939697266,-8.5935697555542,"Unknown"
"7014853",371857,2025-09-19 12:17:15,43.3208847045898,-8.5934886932373,"Unknown"
"7014853",371857,2025-09-19 12:22:29,43.3209915161133,-8.5938549041748,"Unknown"
"7014853",371857,2025-09-19 12:27:58,43.3207778930664,-8.59355449676514,"Unknown"
"7014853",371857,2025-09-19 12:32:17,43.3208427429199,-8.59352588653564,"Unknown"
"7014853",371857,2025-09-19 12:37:30,43.3209075927734,-8.59334945678711,"Unknown"
"7014853",371857,2025-09-19 12:42:32,43.3204154968262,-8.59341716766357,"Unknown"
"7014853",371857,2025-09-19 12:47:21,43.3206825256348,-8.5936164855957,"Unknown"
"7014853",371857,2025-09-19 12:52:42,43.3208351135254,-8.59340667724609,"Unknown"
"7014853",371857,2025-09-19 12:57:16,43.3208961486816,-8.59334754943848,"Unknown"
"7014853",371857,2025-09-19 13:02:16,43.3208045959473,-8.59364604949951,"Unknown"
"7014853",371857,2025-09-19 13:07:16,43.3206634521484,-8.59309864044189,"Unknown"
"7014853",371857,2025-09-19 13:12:17,43.3204727172852,-8.59389781951904,"Unknown"
"7014853",371857,2025-09-19 13:17:17,43.320484161377,-8.59428977966309,"Unknown"
"7014853",371857,2025-09-19 13:22:16,43.3205108642578,-8.59407997131348,"Unknown"
"7014853",371857,2025-09-19 13:27:24,43.320499420166,-8.59419631958008,"Unknown"
"7014853",371857,2025-09-19 13:32:21,43.3205680847168,-8.59414577484131,"Unknown"
"7014853",371857,2025-09-19 13:37:16,43.3205795288086,-8.59429931640625,"Unknown"
"7014853",371857,2025-09-19 13:42:15,43.3203735351562,-8.59374618530273,"Unknown"
"7014853",371857,2025-09-19 13:47:17,43.3203430175781,-8.59369850158691,"Unknown"
"7014853",371857,2025-09-19 13:52:19,43.3201866149902,-8.59408664703369,"Unknown"
"7014853",371857,2025-09-19 13:57:19,43.3202095031738,-8.59412574768066,"Unknown"
"7014853",371857,2025-09-19 14:02:16,43.3202896118164,-8.59389591217041,"Unknown"
"7014853",371857,2025-09-19 14:07:23,43.3205032348633,-8.59412288665771,"Unknown"
"7014853",371857,2025-09-19 14:12:19,43.3201637268066,-8.59409999847412,"Unknown"
"7014853",371857,2025-09-19 14:17:19,43.3200302124023,-8.59425258636475,"Unknown"
"7014853",371857,2025-09-19 14:22:15,43.3202629089355,-8.5942850112915,"Unknown"
"7014853",371857,2025-09-19 14:27:44,43.3201522827148,-8.59416770935059,"Unknown"
"7014853",371857,2025-09-19 14:32:15,43.320384979248,-8.5938777923584,"Unknown"
"7014853",371857,2025-09-19 14:37:14,43.3205184936523,-8.59410095214844,"Unknown"
"7014853",371857,2025-09-19 14:42:15,43.3204917907715,-8.59405422210693,"Unknown"
"7014853",371857,2025-09-19 14:47:15,43.3203926086426,-8.59406089782715,"Unknown"
"7014853",371857,2025-09-19 14:52:17,43.3200454711914,-8.59416770935059,"Unknown"
"7014853",371857,2025-09-19 14:57:16,43.3205184936523,-8.59400463104248,"Unknown"
"7014853",371857,2025-09-19 15:02:17,43.3203163146973,-8.59387302398682,"Unknown"
"7014853",371857,2025-09-19 15:07:26,43.3199882507324,-8.5941162109375,"Unknown"
"7014853",371857,2025-09-19 15:12:25,43.3200225830078,-8.59409809112549,"Unknown"
"7014853",371857,2025-09-19 15:17:19,43.3200721740723,-8.59404277801514,"Unknown"
"7014853",371857,2025-09-19 15:22:38,43.3203163146973,-8.59347915649414,"Unknown"
"7014853",371857,2025-09-19 15:28:38,43.3206748962402,-8.59360980987549,"Unknown"
"7014853",371857,2025-09-19 15:32:23,43.3206977844238,-8.59363269805908,"Unknown"
"7014853",371857,2025-09-19 15:38:12,43.3207397460938,-8.59358406066895,"Unknown"
"7014853",371857,2025-09-19 15:42:16,43.3209190368652,-8.59327793121338,"Unknown"
"7014853",371857,2025-09-19 15:47:17,43.3204879760742,-8.59341335296631,"Unknown"
"7014853",371857,2025-09-19 15:52:15,43.3209953308105,-8.59349536895752,"Unknown"
"7014853",371857,2025-09-19 15:57:18,43.3207817077637,-8.59350776672363,"Unknown"
"7014853",371857,2025-09-19 16:02:15,43.3208808898926,-8.59342193603516,"Unknown"
"7014853",371857,2025-09-19 16:07:25,43.3203926086426,-8.59310150146484,"Unknown"
"7014853",371857,2025-09-19 16:12:25,43.3203010559082,-8.5931453704834,"Unknown"
"7014853",371857,2025-09-19 16:17:15,43.3488502502441,-8.59314918518066,"Unknown"
"7014853",371857,2025-09-19 16:22:15,43.3759117126465,-8.57657051086426,"Unknown"
"7014853",371857,2025-09-19 16:27:15,43.4064102172852,-8.55856227874756,"Unknown"
"7014853",371857,2025-09-19 16:32:16,43.4106636047363,-8.53169250488281,"Unknown"
"7014853",371857,2025-09-19 16:37:18,43.4110984802246,-8.53197288513184,"Unknown"
"7014853",371857,2025-09-19 16:42:15,43.4114036560059,-8.532470703125,"Unknown"
"7014853",371857,2025-09-19 16:47:16,43.4117736816406,-8.53342628479004,"Unknown"
"7014853",371857,2025-09-19 16:52:16,43.4122009277344,-8.53397846221924,"Unknown"
"7014853",371857,2025-09-19 16:57:17,43.4123497009277,-8.5343713760376,"Unknown"
"7014853",371857,2025-09-19 17:02:17,43.4126319885254,-8.53480911254883,"Unknown"
"7014853",371857,2025-09-19 17:07:17,43.4131355285645,-8.53496646881104,"Unknown"
"7014853",371857,2025-09-19 17:12:15,43.4129180908203,-8.53681182861328,"Unknown"
"7014853",371857,2025-09-19 17:17:15,43.4086799621582,-8.52584934234619,"Unknown"
"7014853",371857,2025-09-19 17:22:16,43.3935585021973,-8.50759029388428,"Unknown"
"7014853",371857,2025-09-19 17:27:16,43.3938369750977,-8.50777244567871,"Unknown"
"7014853",371857,2025-09-19 17:32:16,43.3940010070801,-8.50838184356689,"Unknown"
"7014853",371857,2025-09-19 17:37:16,43.3941764831543,-8.50902938842773,"Unknown"
"7014853",371857,2025-09-19 17:42:15,43.394905090332,-8.51028442382812,"Unknown"
"7014853",371857,2025-09-19 17:47:16,43.3736953735352,-8.51642608642578,"Unknown"
"7014853",371857,2025-09-19 17:52:16,43.3735885620117,-8.51678085327148,"Unknown"
"7014853",371857,2025-09-19 17:57:17,43.3735847473145,-8.51764297485352,"Unknown"
"7014853",371857,2025-09-19 18:02:18,43.3550567626953,-8.51892757415771,"Unknown"
"7014853",371857,2025-09-19 18:07:19,43.3549613952637,-8.51883888244629,"Unknown"
"7014853",371857,2025-09-19 18:12:18,43.3549613952637,-8.51884746551514,"Unknown"
"7014853",371857,2025-09-19 18:17:17,43.3549385070801,-8.51880264282227,"Unknown"
"7014853",371857,2025-09-19 18:22:24,43.3549194335938,-8.51879978179932,"Unknown"
"7014853",371857,2025-09-19 18:27:25,43.3550033569336,-8.51881313323975,"Unknown"
"7014853",371857,2025-09-19 18:32:33,43.3549613952637,-8.51880645751953,"Unknown"
"7014853",371857,2025-09-19 18:37:44,43.3548774719238,-8.51885509490967,"Unknown"
"7014853",371857,2025-09-19 18:42:16,43.3549728393555,-8.51878547668457,"Unknown"
"7014853",371857,2025-09-19 18:47:15,43.3552551269531,-8.51919841766357,"Unknown"
"7014853",371857,2025-09-19 18:52:15,43.3551635742188,-8.51927375793457,"Unknown"
"7014853",371857,2025-09-19 18:57:19,43.3548545837402,-8.51890659332275,"Unknown"
"7014853",371857,2025-09-19 19:02:16,43.3546981811523,-8.51882171630859,"Unknown"
"7014853",371857,2025-09-19 19:07:19,43.354907989502,-8.51843070983887,"Unknown"
"7014853",371857,2025-09-19 19:12:17,43.3554954528809,-8.53648662567139,"Unknown"
"7014853",371857,2025-09-19 19:14:47,43.3557662963867,-8.53679084777832,"Unknown"
"7014853",371857,2025-09-20 00:14:55,43.3501243591309,-8.51805782318115,"Unknown"
"7014853",371857,2025-09-20 05:15:02,43.3473281860352,-8.51852226257324,"Unknown"
"7014853",371857,2025-09-20 06:23:32,43.334774017334,-8.50987720489502,"Unknown"
"7014853",371857,2025-09-20 06:28:32,43.3347358703613,-8.50984573364258,"Unknown"
"7014853",371857,2025-09-20 06:33:31,43.3346328735352,-8.50993251800537,"Unknown"
"7014853",371857,2025-09-20 06:38:32,43.3346900939941,-8.5098180770874,"Unknown"
"7014853",371857,2025-09-20 06:43:32,43.3345069885254,-8.51002407073975,"Unknown"
"7014853",371857,2025-09-20 06:48:31,43.3345222473145,-8.51003646850586,"Unknown"
"7014853",371857,2025-09-20 06:53:32,43.3344688415527,-8.51000118255615,"Unknown"
"7014853",371857,2025-09-20 06:58:31,43.3346214294434,-8.50983333587646,"Unknown"
"7014853",371857,2025-09-20 07:03:31,43.3343620300293,-8.51014137268066,"Unknown"
"7014853",371857,2025-09-20 07:08:31,43.3343544006348,-8.51015663146973,"Unknown"
"7014853",371857,2025-09-20 07:13:32,43.3344497680664,-8.50987720489502,"Unknown"
"7014853",371857,2025-09-20 07:18:32,43.3344421386719,-8.51064682006836,"Unknown"
"7014853",371857,2025-09-20 07:23:31,43.3316230773926,-8.51077365875244,"Unknown"
"7014853",371857,2025-09-20 07:28:31,43.3315505981445,-8.51069164276123,"Unknown"
"7014853",371857,2025-09-20 07:33:34,43.3315887451172,-8.51071548461914,"Unknown"
"7014853",371857,2025-09-20 07:38:32,43.3316345214844,-8.51071262359619,"Unknown"
"7014853",371857,2025-09-20 07:43:32,43.3315925598145,-8.51064968109131,"Unknown"
"7014853",371857,2025-09-20 07:48:32,43.3315620422363,-8.51070976257324,"Unknown"
"7014853",371857,2025-09-20 07:53:31,43.3316040039062,-8.51072978973389,"Unknown"
"7014853",371857,2025-09-20 07:58:31,43.3315391540527,-8.51081085205078,"Unknown"
"7014853",371857,2025-09-20 08:03:31,43.3316078186035,-8.51071357727051,"Unknown"
"7014853",371857,2025-09-20 08:08:31,43.3310585021973,-8.5108003616333,"Unknown"
"7014853",371857,2025-09-20 08:13:38,43.3279495239258,-8.51238822937012,"Unknown"
"7014853",371857,2025-09-20 08:18:32,43.3279418945312,-8.51231575012207,"Unknown"
"7014853",371857,2025-09-20 08:23:32,43.3279304504395,-8.51214790344238,"Unknown"
"7014853",371857,2025-09-20 08:28:31,43.3316879272461,-8.51102352142334,"Unknown"
"7014853",371857,2025-09-20 08:33:34,43.331787109375,-8.5110330581665,"Unknown"
"7014853",371857,2025-09-20 08:38:44,43.3317947387695,-8.51120281219482,"Unknown"
"7014853",371857,2025-09-20 08:43:33,43.3318367004395,-8.5108585357666,"Unknown"
"7014853",371857,2025-09-20 08:48:31,43.3318061828613,-8.51105499267578,"Unknown"
"7014853",371857,2025-09-20 08:53:31,43.3319396972656,-8.5111083984375,"Unknown"
"7014853",371857,2025-09-20 08:58:31,43.331901550293,-8.51115608215332,"Unknown"
"7014853",371857,2025-09-20 09:03:32,43.3318710327148,-8.51109886169434,"Unknown"
"7014853",371857,2025-09-20 09:08:32,43.3317794799805,-8.51107025146484,"Unknown"
"7014853",371857,2025-09-20 09:13:34,43.3346138000488,-8.51103973388672,"Unknown"
"7014853",371857,2025-09-20 09:18:32,43.3347091674805,-8.51103973388672,"Unknown"
"7014853",371857,2025-09-20 09:23:39,43.3345565795898,-8.51097869873047,"Unknown"
"7014853",371857,2025-09-20 09:28:31,43.3345909118652,-8.51093482971191,"Unknown"
"7014853",371857,2025-09-20 09:33:39,43.3543090820312,-8.51478385925293,"Unknown"
"7014853",371857,2025-09-20 09:38:32,43.355094909668,-8.51937389373779,"Unknown"
"7014853",371857,2025-09-20 09:43:44,43.3579177856445,-8.47126293182373,"Unknown"
"7014853",371857,2025-09-20 09:48:31,43.3580169677734,-8.47143936157227,"Unknown"
"7014853",371857,2025-09-20 09:53:36,43.3579711914062,-8.47119808197021,"Unknown"
"7014853",371857,2025-09-20 09:58:33,43.3578910827637,-8.47363090515137,"Unknown"
"7014853",371857,2025-09-20 10:03:39,43.3577575683594,-8.47367572784424,"Unknown"
"7014853",371857,2025-09-20 10:08:36,43.3579292297363,-8.47373199462891,"Unknown"
"7014853",371857,2025-09-20 10:13:39,43.3579444885254,-8.47356796264648,"Unknown"
"7014853",371857,2025-09-20 10:18:37,43.3579635620117,-8.47381019592285,"Unknown"
"7014853",371857,2025-09-20 10:23:36,43.3581581115723,-8.47427368164062,"Unknown"
"7014853",371857,2025-09-20 10:28:39,43.3580741882324,-8.47412204742432,"Unknown"
"7014853",371857,2025-09-20 10:33:38,43.3579635620117,-8.47401714324951,"Unknown"
"7014853",371857,2025-09-20 10:38:38,43.3579025268555,-8.47387504577637,"Unknown"
"7014853",371857,2025-09-20 10:43:39,43.3579635620117,-8.47370433807373,"Unknown"
"7014853",371857,2025-09-20 10:48:39,43.357967376709,-8.47386074066162,"Unknown"
"7014853",371857,2025-09-20 10:53:33,43.3573875427246,-8.47480869293213,"Unknown"
"7014853",371857,2025-09-20 10:58:44,43.3581352233887,-8.47323226928711,"Unknown"
"7014853",371857,2025-09-20 11:03:34,43.3577613830566,-8.47393321990967,"Unknown"
"7014853",371857,2025-09-20 11:08:32,43.3545722961426,-8.45787715911865,"Unknown"
"7014853",371857,2025-09-20 11:13:37,43.3544464111328,-8.45850086212158,"Unknown"
"7014853",371857,2025-09-20 11:18:34,43.3542594909668,-8.45861530303955,"Unknown"
"7014853",371857,2025-09-20 11:23:37,43.3540954589844,-8.45928764343262,"Unknown"
"7014853",371857,2025-09-20 11:28:31,43.3539733886719,-8.45962142944336,"Unknown"
"7014853",371857,2025-09-20 11:33:34,43.3540573120117,-8.45937919616699,"Unknown"
"7014853",371857,2025-09-20 11:38:33,43.3540878295898,-8.45933628082275,"Unknown"
"7014853",371857,2025-09-20 11:43:40,43.354190826416,-8.45926189422607,"Unknown"
"7014853",371857,2025-09-20 11:48:38,43.3540077209473,-8.45932102203369,"Unknown"
"7014853",371857,2025-09-20 11:59:38,43.3539657592773,-8.46053600311279,"Unknown"
"7014853",371857,2025-09-20 12:08:31,43.3535766601562,-8.45883274078369,"Unknown"
"7014853",371857,2025-09-20 12:13:34,43.3538436889648,-8.45848369598389,"Unknown"
"7014853",371857,2025-09-20 12:18:31,43.3539123535156,-8.45847129821777,"Unknown"
"7014853",371857,2025-09-20 12:23:31,43.3538513183594,-8.45848846435547,"Unknown"
"7014853",371857,2025-09-20 12:28:31,43.3538551330566,-8.45844078063965,"Unknown"
"7014853",371857,2025-09-20 12:33:32,43.3539848327637,-8.45841026306152,"Unknown"
"7014853",371857,2025-09-20 12:38:33,43.354118347168,-8.4580602645874,"Unknown"
"7014853",371857,2025-09-20 12:43:31,43.3544654846191,-8.45818328857422,"Unknown"
"7014853",371857,2025-09-20 12:48:32,43.3542633056641,-8.45815563201904,"Unknown"
"7014853",371857,2025-09-20 12:53:32,43.3549194335938,-8.45837211608887,"Unknown"
"7014853",371857,2025-09-20 12:58:32,43.354808807373,-8.45838165283203,"Unknown"
"7014853",371857,2025-09-20 13:03:32,43.3546905517578,-8.45756340026855,"Unknown"
"7014853",371857,2025-09-20 13:08:31,43.3548965454102,-8.45839691162109,"Unknown"
"7014853",371857,2025-09-20 13:13:32,43.3545303344727,-8.45803642272949,"Unknown"
"7014853",371857,2025-09-20 13:18:31,43.3548736572266,-8.45846652984619,"Unknown"
"7014853",371857,2025-09-20 13:23:31,43.3546714782715,-8.4586124420166,"Unknown"
"7014853",371857,2025-09-20 13:28:31,43.3548431396484,-8.45850563049316,"Unknown"
"7014853",371857,2025-09-20 13:33:31,43.3595962524414,-8.45944023132324,"Unknown"
"7014853",371857,2025-09-20 13:38:32,43.3562622070312,-8.4781494140625,"Unknown"
"7014853",371857,2025-09-20 13:43:31,43.3562812805176,-8.47825241088867,"Unknown"
"7014853",371857,2025-09-20 13:48:31,43.3562240600586,-8.47838592529297,"Unknown"
"7014853",371857,2025-09-20 13:53:32,43.3562660217285,-8.47845840454102,"Unknown"
"7014853",371857,2025-09-20 13:58:32,43.3534088134766,-8.48177719116211,"Unknown"
"7014853",371857,2025-09-20 14:03:31,43.3533897399902,-8.48177528381348,"Unknown"
"7014853",371857,2025-09-20 14:08:31,43.3533020019531,-8.48170566558838,"Unknown"
"7014853",371857,2025-09-20 14:13:33,43.353328704834,-8.48171520233154,"Unknown"
"7014853",371857,2025-09-20 14:18:33,43.3536338806152,-8.48134994506836,"Unknown"
"7014853",371857,2025-09-20 14:23:31,43.3531074523926,-8.48164653778076,"Unknown"
"7014853",371857,2025-09-20 14:28:31,43.3531646728516,-8.48166179656982,"Unknown"
"7014853",371857,2025-09-20 14:33:33,43.3530502319336,-8.48154354095459,"Unknown"
"7014853",371857,2025-09-20 14:38:32,43.3530693054199,-8.48170375823975,"Unknown"
"7014853",371857,2025-09-20 14:43:31,43.3536491394043,-8.48162460327148,"Unknown"
"7014853",371857,2025-09-20 14:48:31,43.3531455993652,-8.48187351226807,"Unknown"
"7014853",371857,2025-09-20 14:53:31,43.3533515930176,-8.48168468475342,"Unknown"
"7014853",371857,2025-09-20 14:58:31,43.3522109985352,-8.47811508178711,"Unknown"
"7014853",371857,2025-09-20 15:03:32,43.3521614074707,-8.47786426544189,"Unknown"
"7014853",371857,2025-09-20 15:08:31,43.3523254394531,-8.47825908660889,"Unknown"
"7014853",371857,2025-09-20 15:13:33,43.3524856567383,-8.47823524475098,"Unknown"
"7014853",371857,2025-09-20 15:18:31,43.3558616638184,-8.47036743164062,"Unknown"
"7014853",371857,2025-09-20 15:23:31,43.3507652282715,-8.42885303497314,"Unknown"
"7014853",371857,2025-09-20 15:28:32,43.3500785827637,-8.42843532562256,"Unknown"
"7014853",371857,2025-09-20 15:33:31,43.3499984741211,-8.4284496307373,"Unknown"
"7014853",371857,2025-09-20 15:38:33,43.3501815795898,-8.42848110198975,"Unknown"
"7014853",371857,2025-09-20 15:43:36,43.3503303527832,-8.42859649658203,"Unknown"
"7014853",371857,2025-09-20 15:48:31,43.3501281738281,-8.42844581604004,"Unknown"
"7014853",371857,2025-09-20 15:53:31,43.3501472473145,-8.42846012115479,"Unknown"
"7014853",371857,2025-09-20 15:58:31,43.3502006530762,-8.42845058441162,"Unknown"
"7014853",371857,2025-09-20 16:03:31,43.3502159118652,-8.42842769622803,"Unknown"
"7014853",371857,2025-09-20 16:08:31,43.3502311706543,-8.42836380004883,"Unknown"
"7014853",371857,2025-09-20 16:13:32,43.3502960205078,-8.42837524414062,"Unknown"
"7014853",371857,2025-09-20 16:18:32,43.3503150939941,-8.42842674255371,"Unknown"
"7014853",371857,2025-09-20 16:23:31,43.3502502441406,-8.42834854125977,"Unknown"
"7014853",371857,2025-09-20 16:28:31,43.3502464294434,-8.42836093902588,"Unknown"
"7014853",371857,2025-09-20 16:33:31,43.3501777648926,-8.4283618927002,"Unknown"
"7014853",371857,2025-09-20 16:38:31,43.3502082824707,-8.42840003967285,"Unknown"
"7014853",371857,2025-09-20 16:43:31,43.350170135498,-8.42838859558105,"Unknown"
"7014853",371857,2025-09-20 16:48:31,43.3501205444336,-8.4282112121582,"Unknown"
"7014853",371857,2025-09-20 16:53:31,43.3501434326172,-8.42833423614502,"Unknown"
"7014853",371857,2025-09-20 16:58:31,43.349983215332,-8.42830371856689,"Unknown"
"7014853",371857,2025-09-20 17:03:31,43.3500747680664,-8.42823219299316,"Unknown"
"7014853",371857,2025-09-20 17:08:31,43.3500213623047,-8.42825412750244,"Unknown"
"7014853",371857,2025-09-20 17:13:31,43.3500862121582,-8.42820358276367,"Unknown"
"7014853",371857,2025-09-20 17:18:31,43.3501739501953,-8.42820262908936,"Unknown"
"7014853",371857,2025-09-20 17:23:32,43.3498725891113,-8.42727851867676,"Unknown"
"7014853",371857,2025-09-20 17:28:32,43.3501434326172,-8.42796802520752,"Unknown"
"7014853",371857,2025-09-20 17:33:32,43.3500175476074,-8.42673873901367,"Unknown"
"7014853",371857,2025-09-20 17:38:31,43.3500785827637,-8.42798042297363,"Unknown"
"7014853",371857,2025-09-20 17:43:32,43.3499870300293,-8.42721557617188,"Unknown"
"7014853",371857,2025-09-20 17:48:32,43.349910736084,-8.42710876464844,"Unknown"
"7014853",371857,2025-09-20 17:53:32,43.3501091003418,-8.42721271514893,"Unknown"
"7014853",371857,2025-09-20 17:58:32,43.3501777648926,-8.42740058898926,"Unknown"
"7014853",371857,2025-09-20 18:03:33,43.3501815795898,-8.42733860015869,"Unknown"
"7014853",371857,2025-09-20 18:08:32,43.3501052856445,-8.42734527587891,"Unknown"
"7014853",371857,2025-09-20 18:13:32,43.3501777648926,-8.42736911773682,"Unknown"
"7014853",371857,2025-09-20 18:18:33,43.3502616882324,-8.42738437652588,"Unknown"
"7014853",371857,2025-09-20 18:23:34,43.3598098754883,-8.40198135375977,"Unknown"
"7014853",371857,2025-09-20 18:28:32,43.3593139648438,-8.39982128143311,"Unknown"
"7014853",371857,2025-09-20 18:33:33,43.3615531921387,-8.40353775024414,"Unknown"
"7014853",371857,2025-09-20 18:38:39,43.3614921569824,-8.40310764312744,"Unknown"
"7014853",371857,2025-09-20 18:43:34,43.3615608215332,-8.40303897857666,"Unknown"
"7014853",371857,2025-09-20 18:48:34,43.3612785339355,-8.40308856964111,"Unknown"
"7014853",371857,2025-09-20 18:53:39,43.3611297607422,-8.40296840667725,"Unknown"
"7014853",371857,2025-09-20 18:58:34,43.3611259460449,-8.40299987792969,"Unknown"
"7014853",371857,2025-09-20 19:03:33,43.3598365783691,-8.39971542358398,"Unknown"
"7014853",371857,2025-09-20 19:08:37,43.3597984313965,-8.3997163772583,"Unknown"
"7014853",371857,2025-09-20 19:12:22,43.359691619873,-8.39956378936768,"Unknown"
"7014853",371857,2025-09-21 00:12:35,43.3594665527344,-8.39909744262695,"Unknown"
"7014853",371857,2025-09-21 05:12:18,43.3595886230469,-8.39840888977051,"Unknown"
"7014853",371857,2025-09-21 06:24:10,43.3518753051758,-8.41524505615234,"Unknown"
"7014853",371857,2025-09-21 06:29:11,43.3529891967773,-8.41748714447021,"Unknown"
"7014853",371857,2025-09-21 06:34:07,43.3530426025391,-8.41744995117188,"Unknown"
"7014853",371857,2025-09-21 06:39:03,43.3530769348145,-8.41749286651611,"Unknown"
"7014853",371857,2025-09-21 06:44:07,43.3528785705566,-8.41762733459473,"Unknown"
"7014853",371857,2025-09-21 06:49:14,43.3528327941895,-8.41792869567871,"Unknown"
"7014853",371857,2025-09-21 06:54:06,43.3529891967773,-8.41743850708008,"Unknown"
"7014853",371857,2025-09-21 06:59:04,43.3527641296387,-8.41743469238281,"Unknown"
"7014853",371857,2025-09-21 07:04:07,43.3522758483887,-8.4172420501709,"Unknown"
"7014853",371857,2025-09-21 07:09:11,43.3503723144531,-8.43596744537354,"Unknown"
"7014853",371857,2025-09-21 07:14:04,43.340274810791,-8.45468807220459,"Unknown"
"7014853",371857,2025-09-21 07:19:04,43.3400726318359,-8.4547119140625,"Unknown"
"7014853",371857,2025-09-21 07:24:13,43.3402519226074,-8.4554967880249,"Unknown"
"7014853",371857,2025-09-21 07:29:09,43.3559112548828,-8.45831489562988,"Unknown"
"7014853",371857,2025-09-21 07:34:09,43.3561058044434,-8.45656681060791,"Unknown"
"7014853",371857,2025-09-21 07:39:09,43.3561363220215,-8.45706653594971,"Unknown"
"7014853",371857,2025-09-21 07:44:09,43.3646659851074,-8.45887470245361,"Unknown"
"7014853",371857,2025-09-21 07:49:35,43.3578338623047,-8.46979999542236,"Unknown"
"7014853",371857,2025-09-21 07:54:04,43.357837677002,-8.46972846984863,"Unknown"
"7014853",371857,2025-09-21 07:59:02,43.3578681945801,-8.46980857849121,"Unknown"
"7014853",371857,2025-09-21 08:04:02,43.3578872680664,-8.46987152099609,"Unknown"
"7014853",371857,2025-09-21 08:09:02,43.3578872680664,-8.47083282470703,"Unknown"
"7014853",371857,2025-09-21 08:14:02,43.3578720092773,-8.47088623046875,"Unknown"
"7014853",371857,2025-09-21 08:19:03,43.3578071594238,-8.47087001800537,"Unknown"
"7014853",371857,2025-09-21 08:24:02,43.3626251220703,-8.47570991516113,"Unknown"
"7014853",371857,2025-09-21 08:29:02,43.3572578430176,-8.47402667999268,"Unknown"
"7014853",371857,2025-09-21 08:34:02,43.357234954834,-8.47410202026367,"Unknown"
"7014853",371857,2025-09-21 08:39:02,43.3572235107422,-8.47365570068359,"Unknown"
"7014853",371857,2025-09-21 08:44:02,43.3570861816406,-8.4732837677002,"Unknown"
"7014853",371857,2025-09-21 08:49:03,43.3571853637695,-8.47407245635986,"Unknown"
"7014853",371857,2025-09-21 08:54:03,43.3572044372559,-8.47407150268555,"Unknown"
"7014853",371857,2025-09-21 08:59:02,43.3571929931641,-8.4741153717041,"Unknown"
"7014853",371857,2025-09-21 09:04:02,43.3572273254395,-8.47418880462646,"Unknown"
"7014853",371857,2025-09-21 09:09:09,43.3570861816406,-8.47401332855225,"Unknown"
"7014853",371857,2025-09-21 09:14:02,43.3571891784668,-8.47406768798828,"Unknown"
"7014853",371857,2025-09-21 09:19:02,43.3571586608887,-8.47397804260254,"Unknown"
"7014853",371857,2025-09-21 09:24:02,43.3576889038086,-8.47392654418945,"Unknown"
"7014853",371857,2025-09-21 09:29:02,43.3577613830566,-8.47100734710693,"Unknown"
"7014853",371857,2025-09-21 09:34:03,43.3578262329102,-8.47108173370361,"Unknown"
"7014853",371857,2025-09-21 09:39:02,43.3578758239746,-8.47114849090576,"Unknown"
"7014853",371857,2025-09-21 09:44:02,43.3579788208008,-8.47132015228271,"Unknown"
"7014853",371857,2025-09-21 09:49:03,43.3578186035156,-8.47107791900635,"Unknown"
"7014853",371857,2025-09-21 09:54:03,43.3578338623047,-8.47106170654297,"Unknown"
"7014853",371857,2025-09-21 09:59:06,43.3578147888184,-8.47104454040527,"Unknown"
"7014853",371857,2025-09-21 10:04:09,43.357967376709,-8.47113990783691,"Unknown"
"7014853",371857,2025-09-21 10:09:09,43.3577842712402,-8.47107601165771,"Unknown"
"7014853",371857,2025-09-21 10:14:08,43.3580360412598,-8.47107982635498,"Unknown"
"7014853",371857,2025-09-21 10:19:11,43.3579521179199,-8.47109985351562,"Unknown"
"7014853",371857,2025-09-21 10:24:03,43.3577308654785,-8.47086334228516,"Unknown"
"7014853",371857,2025-09-21 10:29:03,43.3577156066895,-8.47091865539551,"Unknown"
"7014853",371857,2025-09-21 10:34:14,43.3577423095703,-8.47098827362061,"Unknown"
"7014853",371857,2025-09-21 10:39:08,43.3577919006348,-8.47095966339111,"Unknown"
"7014853",371857,2025-09-21 10:44:07,43.3579521179199,-8.47084808349609,"Unknown"
"7014853",371857,2025-09-21 10:49:09,43.3576889038086,-8.47102832794189,"Unknown"
"7014853",371857,2025-09-21 10:54:04,43.3574829101562,-8.46881580352783,"Unknown"
"7014853",371857,2025-09-21 10:59:06,43.3576889038086,-8.4687385559082,"Unknown"
"7014853",371857,2025-09-21 11:04:05,43.3577079772949,-8.46883964538574,"Unknown"
"7014853",371857,2025-09-21 11:09:16,43.3575477600098,-8.46970748901367,"Unknown"
"7014853",371857,2025-09-21 11:14:14,43.3574485778809,-8.46968078613281,"Unknown"
"7014853",371857,2025-09-21 11:19:04,43.3575439453125,-8.46980571746826,"Unknown"
"7014853",371857,2025-09-21 11:24:02,43.3577270507812,-8.46966743469238,"Unknown"
"7014853",371857,2025-09-21 11:29:08,43.3575172424316,-8.46948909759521,"Unknown"
"7014853",371857,2025-09-21 11:34:06,43.3575668334961,-8.47031402587891,"Unknown"
"7014853",371857,2025-09-21 11:39:06,43.3576583862305,-8.47031593322754,"Unknown"
"7014853",371857,2025-09-21 11:44:04,43.3576354980469,-8.47026824951172,"Unknown"
"7014853",371857,2025-09-21 11:49:09,43.3575592041016,-8.47032642364502,"Unknown"
"7014853",371857,2025-09-21 11:54:09,43.357479095459,-8.47027969360352,"Unknown"
"7014853",371857,2025-09-21 11:59:09,43.3574447631836,-8.47033596038818,"Unknown"
"7014853",371857,2025-09-21 12:04:07,43.3574829101562,-8.47034645080566,"Unknown"
"7014853",371857,2025-09-21 12:09:07,43.3576164245605,-8.47042369842529,"Unknown"
"7014853",371857,2025-09-21 12:14:03,43.3572998046875,-8.46997928619385,"Unknown"
"7014853",371857,2025-09-21 12:19:03,43.3586349487305,-8.46427345275879,"Unknown"
"7014853",371857,2025-09-21 12:24:06,43.3551330566406,-8.45828437805176,"Unknown"
"7014853",371857,2025-09-21 12:29:02,43.3551406860352,-8.45862197875977,"Unknown"
"7014853",371857,2025-09-21 12:34:02,43.3551139831543,-8.45826530456543,"Unknown"
"7014853",371857,2025-09-21 12:39:02,43.355167388916,-8.4585599899292,"Unknown"
"7014853",371857,2025-09-21 12:44:06,43.3545684814453,-8.45844554901123,"Unknown"
"7014853",371857,2025-09-21 12:49:03,43.3553619384766,-8.45822143554688,"Unknown"
"7014853",371857,2025-09-21 12:54:03,43.3535690307617,-8.45896816253662,"Unknown"
"7014853",371857,2025-09-21 12:59:03,43.3551750183105,-8.4583740234375,"Unknown"
"7014853",371857,2025-09-21 13:04:06,43.3547019958496,-8.4587574005127,"Unknown"
"7014853",371857,2025-09-21 13:09:04,43.3559150695801,-8.45763206481934,"Unknown"
"7014853",371857,2025-09-21 13:14:04,43.3559837341309,-8.45749568939209,"Unknown"
"7014853",371857,2025-09-21 13:19:03,43.3558921813965,-8.45772838592529,"Unknown"
"7014853",371857,2025-09-21 13:24:04,43.3559112548828,-8.45767021179199,"Unknown"
"7014853",371857,2025-09-21 13:29:09,43.3559150695801,-8.45757293701172,"Unknown"
"7014853",371857,2025-09-21 13:34:04,43.3559341430664,-8.45816230773926,"Unknown"
"7014853",371857,2025-09-21 13:39:09,43.3559150695801,-8.45821285247803,"Unknown"
"7014853",371857,2025-09-21 13:44:04,43.3559989929199,-8.45813846588135,"Unknown"
"7014853",371857,2025-09-21 13:49:06,43.3557395935059,-8.4584436416626,"Unknown"
"7014853",371857,2025-09-21 13:54:04,43.3560333251953,-8.45826053619385,"Unknown"
"7014853",371857,2025-09-21 13:59:03,43.3559226989746,-8.45826721191406,"Unknown"
"7014853",371857,2025-09-21 14:04:03,43.355884552002,-8.45837306976318,"Unknown"
"7014853",371857,2025-09-21 14:09:03,43.3559379577637,-8.45823192596436,"Unknown"
"7014853",371857,2025-09-21 14:14:03,43.3556823730469,-8.45891094207764,"Unknown"
"7014853",371857,2025-09-21 14:19:03,43.3558731079102,-8.4577169418335,"Unknown"
"7014853",371857,2025-09-21 14:24:02,43.3559684753418,-8.45765495300293,"Unknown"
"7014853",371857,2025-09-21 14:29:03,43.3557395935059,-8.45780181884766,"Unknown"
"7014853",371857,2025-09-21 14:34:04,43.3555107116699,-8.45784378051758,"Unknown"
"7014853",371857,2025-09-21 14:39:03,43.3555564880371,-8.45785045623779,"Unknown"
"7014853",371857,2025-09-21 14:44:02,43.3556022644043,-8.45772171020508,"Unknown"
"7014853",371857,2025-09-21 14:49:03,43.3555488586426,-8.45765113830566,"Unknown"
"7014853",371857,2025-09-21 14:54:03,43.3555030822754,-8.45781517028809,"Unknown"
"7014853",371857,2025-09-21 14:59:09,43.3553581237793,-8.45756435394287,"Unknown"
"7014853",371857,2025-09-21 15:04:03,43.3554649353027,-8.45767307281494,"Unknown"
"7014853",371857,2025-09-21 15:09:09,43.3555068969727,-8.45766544342041,"Unknown"
"7014853",371857,2025-09-21 15:14:02,43.3543434143066,-8.4581995010376,"Unknown"
"7014853",371857,2025-09-21 15:19:03,43.3544311523438,-8.45824909210205,"Unknown"
"7014853",371857,2025-09-21 15:24:03,43.3544311523438,-8.45824432373047,"Unknown"
"7014853",371857,2025-09-21 15:29:03,43.3596572875977,-8.46084880828857,"Unknown"
"7014853",371857,2025-09-21 15:34:02,43.3730697631836,-8.44937705993652,"Unknown"
"7014853",371857,2025-09-21 15:39:07,43.3733291625977,-8.45020008087158,"Unknown"
"7014853",371857,2025-09-21 15:44:02,43.374885559082,-8.44682693481445,"Unknown"
"7014853",371857,2025-09-21 15:49:03,43.3771324157715,-8.44745922088623,"Unknown"
"7014853",371857,2025-09-21 15:54:02,43.3715324401855,-8.45126724243164,"Unknown"
"7014853",371857,2025-09-21 15:59:09,43.3621940612793,-8.46432495117188,"Unknown"
"7014853",371857,2025-09-21 16:04:44,43.3619804382324,-8.46275424957275,"Unknown"
"7014853",371857,2025-09-21 16:09:07,43.3619804382324,-8.46342945098877,"Unknown"
"7014853",371857,2025-09-21 16:14:11,43.3619194030762,-8.46374225616455,"Unknown"
"7014853",371857,2025-09-21 16:19:04,43.361873626709,-8.4636869430542,"Unknown"
"7014853",371857,2025-09-21 16:24:02,43.3578186035156,-8.47021293640137,"Unknown"
"7014853",371857,2025-09-21 16:29:03,43.3578720092773,-8.47025394439697,"Unknown"
"7014853",371857,2025-09-21 16:34:02,43.3579788208008,-8.47021293640137,"Unknown"
"7014853",371857,2025-09-21 16:39:06,43.3578453063965,-8.4704122543335,"Unknown"
"7014853",371857,2025-09-21 16:44:14,43.3578948974609,-8.47037982940674,"Unknown"
"7014853",371857,2025-09-21 16:49:02,43.3710784912109,-8.4695987701416,"Unknown"
"7014853",371857,2025-09-21 16:54:14,43.3688621520996,-8.46809196472168,"Unknown"
"7014853",371857,2025-09-21 16:59:11,43.3676223754883,-8.46695613861084,"Unknown"
"7014853",371857,2025-09-21 17:04:10,43.3668518066406,-8.46737957000732,"Unknown"
"7014853",371857,2025-09-21 17:09:11,43.3521957397461,-8.47806644439697,"Unknown"
"7014853",371857,2025-09-21 17:14:08,43.3521690368652,-8.4780387878418,"Unknown"
"7014853",371857,2025-09-21 17:19:09,43.3520927429199,-8.4780740737915,"Unknown"
"7014853",371857,2025-09-21 17:24:08,43.3609085083008,-8.458984375,"Unknown"
"7014853",371857,2025-09-21 17:29:06,43.3789176940918,-8.44260406494141,"Unknown"
"7014853",371857,2025-09-21 17:34:07,43.3729209899902,-8.42011070251465,"Unknown"
"7014853",371857,2025-09-21 17:39:10,43.3730812072754,-8.4202127456665,"Unknown"
"7014853",371857,2025-09-21 17:44:02,43.3730583190918,-8.42023849487305,"Unknown"
"7014853",371857,2025-09-21 17:49:12,43.3729782104492,-8.42024612426758,"Unknown"
"7014853",371857,2025-09-21 17:54:04,43.3730278015137,-8.42026138305664,"Unknown"
"7014853",371857,2025-09-21 17:59:08,43.3730354309082,-8.42023181915283,"Unknown"
"7014853",371857,2025-09-21 18:04:02,43.3730583190918,-8.42015552520752,"Unknown"
"7014853",371857,2025-09-21 18:09:08,43.3729820251465,-8.42042827606201,"Unknown"
"7014853",371857,2025-09-21 18:14:03,43.3733406066895,-8.42057609558105,"Unknown"
"7014853",371857,2025-09-21 18:19:06,43.3732070922852,-8.42016696929932,"Unknown"
"7014853",371857,2025-09-21 18:24:06,43.3673973083496,-8.40898990631104,"Unknown"
"7014853",371857,2025-09-21 18:29:09,43.3607902526855,-8.40272617340088,"Unknown"
"7014853",371857,2025-09-21 18:34:14,43.3606071472168,-8.40403747558594,"Unknown"
"7014853",371857,2025-09-21 18:39:08,43.3614883422852,-8.39648342132568,"Unknown"
"7014853",371857,2025-09-21 18:44:59,43.3610191345215,-8.40299797058105,"Unknown"
"7014853",371857,2025-09-21 18:49:02,43.3609619140625,-8.40316486358643,"Unknown"
"7014853",371857,2025-09-21 18:54:02,43.3608551025391,-8.40307712554932,"Unknown"
"7014853",371857,2025-09-21 18:59:03,43.3608779907227,-8.40310573577881,"Unknown"
"7014853",371857,2025-09-21 19:04:03,43.3595085144043,-8.39978122711182,"Unknown"
"7014853",371857,2025-09-21 19:10:28,43.3592224121094,-8.39984321594238,"Unknown"
"7014853",371857,2025-09-22 00:10:33,43.359546661377,-8.39999961853027,"Unknown"
"7014853",371857,2025-09-22 05:10:31,43.3596343994141,-8.39965343475342,"Unknown"
"7014853",371857,2025-09-22 06:25:44,43.3599891662598,-8.47193241119385,"Unknown"
"7014853",371857,2025-09-22 06:30:24,43.3612289428711,-8.47251605987549,"Unknown"
"7014853",371857,2025-09-22 06:35:59,43.3605155944824,-8.47221279144287,"Unknown"
"7014853",371857,2025-09-22 06:40:17,43.3605651855469,-8.47219562530518,"Unknown"
"7014853",371857,2025-09-22 06:45:17,43.3604621887207,-8.46447563171387,"Unknown"
"7014853",371857,2025-09-22 06:50:27,43.3606491088867,-8.46442604064941,"Unknown"
"7014853",371857,2025-09-22 06:55:23,43.3608283996582,-8.46422481536865,"Unknown"
"7014853",371857,2025-09-22 07:00:18,43.3605308532715,-8.46463298797607,"Unknown"
"7014853",371857,2025-09-22 07:05:17,43.3610076904297,-8.46415901184082,"Unknown"
"7014853",371857,2025-09-22 07:10:17,43.3605079650879,-8.46456718444824,"Unknown"
"7014853",371857,2025-09-22 07:15:19,43.360481262207,-8.46456623077393,"Unknown"
"7014853",371857,2025-09-22 07:20:22,43.3604469299316,-8.4646167755127,"Unknown"
"7014853",371857,2025-09-22 07:25:17,43.3601875305176,-8.46449279785156,"Unknown"
"7014853",371857,2025-09-22 07:30:17,43.3599624633789,-8.46447658538818,"Unknown"
"7014853",371857,2025-09-22 07:35:24,43.3610191345215,-8.46443367004395,"Unknown"
"7014853",371857,2025-09-22 07:40:19,43.3603324890137,-8.46480274200439,"Unknown"
"7014853",371857,2025-09-22 07:45:21,43.360408782959,-8.46458053588867,"Unknown"
"7014853",371857,2025-09-22 07:50:17,43.360107421875,-8.46443176269531,"Unknown"
"7014853",371857,2025-09-22 07:55:18,43.3605651855469,-8.46451091766357,"Unknown"
"7014853",371857,2025-09-22 08:00:17,43.3603248596191,-8.46450138092041,"Unknown"
"7014853",371857,2025-09-22 08:05:18,43.3602638244629,-8.46441268920898,"Unknown"
"7014853",371857,2025-09-22 08:10:18,43.3604545593262,-8.464524269104,"Unknown"
"7014853",371857,2025-09-22 08:15:21,43.3604545593262,-8.46460628509521,"Unknown"
"7014853",371857,2025-09-22 08:20:21,43.3605537414551,-8.46463394165039,"Unknown"
"7014853",371857,2025-09-22 08:25:21,43.3605651855469,-8.46468162536621,"Unknown"
"7014853",371857,2025-09-22 08:30:19,43.3603477478027,-8.46452617645264,"Unknown"
"7014853",371857,2025-09-22 08:35:44,43.3601493835449,-8.46428108215332,"Unknown"
"7014853",371857,2025-09-22 08:40:18,43.3616218566895,-8.46622848510742,"Unknown"
"7014853",371857,2025-09-22 08:45:24,43.3600387573242,-8.46471977233887,"Unknown"
"7014853",371857,2025-09-22 08:50:17,43.3602752685547,-8.46498680114746,"Unknown"
"7014853",371857,2025-09-22 08:55:17,43.3602867126465,-8.46494674682617,"Unknown"
"7014853",371857,2025-09-22 09:00:17,43.3603858947754,-8.46517372131348,"Unknown"
"7014853",371857,2025-09-22 09:05:27,43.3601303100586,-8.46487617492676,"Unknown"
"7014853",371857,2025-09-22 09:10:22,43.3600883483887,-8.46474266052246,"Unknown"
"7014853",371857,2025-09-22 09:15:22,43.3602256774902,-8.46494102478027,"Unknown"
"7014853",371857,2025-09-22 09:20:24,43.3601951599121,-8.46471500396729,"Unknown"
"7014853",371857,2025-09-22 09:25:25,43.3601455688477,-8.46488189697266,"Unknown"
"7014853",371857,2025-09-22 09:30:35,43.3601303100586,-8.46470069885254,"Unknown"
"7014853",371857,2025-09-22 09:35:18,43.3599891662598,-8.46455383300781,"Unknown"
"7014853",371857,2025-09-22 09:40:23,43.3600769042969,-8.46474647521973,"Unknown"
"7014853",371857,2025-09-22 09:45:17,43.3601341247559,-8.46487617492676,"Unknown"
"7014853",371857,2025-09-22 09:50:24,43.3599891662598,-8.46473503112793,"Unknown"
"7014853",371857,2025-09-22 09:55:17,43.3605003356934,-8.46512794494629,"Unknown"
"7014853",371857,2025-09-22 10:00:24,43.3600845336914,-8.46478366851807,"Unknown"
"7014853",371857,2025-09-22 10:05:17,43.3602828979492,-8.46476078033447,"Unknown"
"7014853",371857,2025-09-22 10:10:24,43.3600921630859,-8.46467781066895,"Unknown"
"7014853",371857,2025-09-22 10:15:20,43.3600845336914,-8.46456146240234,"Unknown"
"7014853",371857,2025-09-22 10:20:24,43.3598098754883,-8.46482849121094,"Unknown"
"7014853",371857,2025-09-22 10:25:24,43.3602027893066,-8.46463298797607,"Unknown"
"7014853",371857,2025-09-22 10:30:24,43.3600807189941,-8.4646577835083,"Unknown"
"7014853",371857,2025-09-22 10:35:24,43.3601112365723,-8.46470642089844,"Unknown"
"7014853",371857,2025-09-22 10:40:24,43.3601493835449,-8.46465015411377,"Unknown"
"7014853",371857,2025-09-22 10:45:39,43.3597755432129,-8.46577167510986,"Unknown"
"7014853",371857,2025-09-22 10:50:21,43.3598403930664,-8.46580505371094,"Unknown"
"7014853",371857,2025-09-22 10:55:21,43.3598899841309,-8.46564388275146,"Unknown"
"7014853",371857,2025-09-22 11:00:19,43.3598785400391,-8.46549797058105,"Unknown"
"7014853",371857,2025-09-22 11:05:25,43.3599128723145,-8.46546649932861,"Unknown"
"7014853",371857,2025-09-22 11:10:25,43.3599433898926,-8.46537017822266,"Unknown"
"7014853",371857,2025-09-22 11:15:17,43.3599395751953,-8.46504020690918,"Unknown"
"7014853",371857,2025-09-22 11:20:17,43.3599662780762,-8.46486282348633,"Unknown"
"7014853",371857,2025-09-22 11:25:17,43.359992980957,-8.46530151367188,"Unknown"
"7014853",371857,2025-09-22 11:30:17,43.3599700927734,-8.46518325805664,"Unknown"
"7014853",371857,2025-09-22 11:35:18,43.360034942627,-8.46518707275391,"Unknown"
"7014853",371857,2025-09-22 11:40:17,43.3600654602051,-8.46527004241943,"Unknown"
"7014853",371857,2025-09-22 11:45:18,43.3600769042969,-8.46527576446533,"Unknown"
"7014853",371857,2025-09-22 11:50:21,43.359977722168,-8.4647912979126,"Unknown"
"7014853",371857,2025-09-22 11:55:16,43.3598747253418,-8.46499156951904,"Unknown"
"7014853",371857,2025-09-22 12:00:18,43.3600158691406,-8.46451950073242,"Unknown"
"7014853",371857,2025-09-22 12:05:32,43.3600845336914,-8.46477603912354,"Unknown"
"7014853",371857,2025-09-22 12:10:18,43.3576278686523,-8.468918800354,"Unknown"
"7014853",371857,2025-09-22 12:15:19,43.3574104309082,-8.46866989135742,"Unknown"
"7014853",371857,2025-09-22 12:20:24,43.3579254150391,-8.46750354766846,"Unknown"
"7014853",371857,2025-09-22 12:25:18,43.3580322265625,-8.46751594543457,"Unknown"
"7014853",371857,2025-09-22 12:30:19,43.357666015625,-8.46751499176025,"Unknown"
"7014853",371857,2025-09-22 12:35:20,43.3581237792969,-8.46745300292969,"Unknown"
"7014853",371857,2025-09-22 12:40:20,43.357967376709,-8.46739101409912,"Unknown"
"7014853",371857,2025-09-22 12:45:28,43.3579788208008,-8.46754741668701,"Unknown"
"7014853",371857,2025-09-22 12:50:25,43.3580703735352,-8.46744537353516,"Unknown"
"7014853",371857,2025-09-22 12:55:19,43.358081817627,-8.4674768447876,"Unknown"
"7014853",371857,2025-09-22 13:00:18,43.358211517334,-8.46736240386963,"Unknown"
"7014853",371857,2025-09-22 13:05:41,43.3594589233398,-8.4653902053833,"Unknown"
"7014853",371857,2025-09-22 13:10:18,43.3595733642578,-8.46541786193848,"Unknown"
"7014853",371857,2025-09-22 13:15:18,43.3593254089355,-8.46547698974609,"Unknown"
"7014853",371857,2025-09-22 13:20:18,43.3592224121094,-8.46569633483887,"Unknown"
"7014853",371857,2025-09-22 13:25:21,43.3592224121094,-8.46559810638428,"Unknown"
"7014853",371857,2025-09-22 13:30:19,43.3592720031738,-8.46544742584229,"Unknown"
"7014853",371857,2025-09-22 13:35:18,43.3597640991211,-8.46539115905762,"Unknown"
"7014853",371857,2025-09-22 13:40:19,43.3594818115234,-8.46495532989502,"Unknown"
"7014853",371857,2025-09-22 13:45:21,43.3597602844238,-8.46547222137451,"Unknown"
"7014853",371857,2025-09-22 13:50:19,43.3594360351562,-8.46552181243896,"Unknown"
"7014853",371857,2025-09-22 13:55:19,43.359619140625,-8.46547222137451,"Unknown"
"7014853",371857,2025-09-22 14:00:18,43.3599510192871,-8.46542644500732,"Unknown"
"7014853",371857,2025-09-22 14:05:19,43.3594779968262,-8.46548461914062,"Unknown"
"7014853",371857,2025-09-22 14:10:21,43.3596725463867,-8.46541690826416,"Unknown"
"7014853",371857,2025-09-22 14:15:18,43.3597869873047,-8.46555423736572,"Unknown"
"7014853",371857,2025-09-22 14:20:27,43.3595657348633,-8.46545886993408,"Unknown"
"7014853",371857,2025-09-22 14:25:25,43.3595237731934,-8.46548652648926,"Unknown"
"7014853",371857,2025-09-22 14:30:27,43.3595314025879,-8.46544647216797,"Unknown"
"7014853",371857,2025-09-22 14:35:22,43.3593902587891,-8.46527194976807,"Unknown"
"7014853",371857,2025-09-22 14:40:23,43.3597183227539,-8.46558856964111,"Unknown"
"7014853",371857,2025-09-22 14:45:27,43.3596115112305,-8.46517276763916,"Unknown"
"7014853",371857,2025-09-22 14:50:30,43.3594970703125,-8.46528816223145,"Unknown"
"7014853",371857,2025-09-22 14:55:34,43.3594093322754,-8.46525955200195,"Unknown"
"7014853",371857,2025-09-22 15:00:32,43.359447479248,-8.46536254882812,"Unknown"
"7014853",371857,2025-09-22 15:05:37,43.359375,-8.46525478363037,"Unknown"
"7014853",371857,2025-09-22 15:10:40,43.3595962524414,-8.46529960632324,"Unknown"
"7014853",371857,2025-09-22 15:15:22,43.3596115112305,-8.46450519561768,"Unknown"
"7014853",371857,2025-09-22 15:20:22,43.3598365783691,-8.46438694000244,"Unknown"
"7014853",371857,2025-09-22 15:25:19,43.3598594665527,-8.46430206298828,"Unknown"
"7014853",371857,2025-09-22 15:30:29,43.3599243164062,-8.46470642089844,"Unknown"
"7014853",371857,2025-09-22 15:35:21,43.3600616455078,-8.46419143676758,"Unknown"
"7014853",371857,2025-09-22 15:40:28,43.3599433898926,-8.46447944641113,"Unknown"
"7014853",371857,2025-09-22 15:45:44,43.3601417541504,-8.46465301513672,"Unknown"
"7014853",371857,2025-09-22 15:50:20,43.3562431335449,-8.45700550079346,"Unknown"
"7014853",371857,2025-09-22 15:55:20,43.3716506958008,-8.47324085235596,"Unknown"
"7014853",371857,2025-09-22 16:00:48,43.3686828613281,-8.47250175476074,"Unknown"
"7014853",371857,2025-09-22 16:05:45,43.3668518066406,-8.47132682800293,"Unknown"
"7014853",371857,2025-09-22 16:15:53,43.3594703674316,-8.46553802490234,"Unknown"
"7014853",371857,2025-09-22 16:20:19,43.3595733642578,-8.46545028686523,"Unknown"
"7014853",371857,2025-09-22 16:25:21,43.3595237731934,-8.46541213989258,"Unknown"
"7014853",371857,2025-09-22 16:30:19,43.359447479248,-8.46552562713623,"Unknown"
"7014853",371857,2025-09-22 16:35:19,43.3594245910645,-8.4655818939209,"Unknown"
"7014853",371857,2025-09-22 16:40:18,43.3594627380371,-8.4653434753418,"Unknown"
"7014853",371857,2025-09-22 16:45:19,43.3594665527344,-8.4653377532959,"Unknown"
"7014853",371857,2025-09-22 16:50:19,43.3593521118164,-8.46559238433838,"Unknown"
"7014853",371857,2025-09-22 16:55:20,43.359447479248,-8.4653787612915,"Unknown"
"7014853",371857,2025-09-22 17:00:21,43.3594741821289,-8.4654016494751,"Unknown"
"7014853",371857,2025-09-22 17:05:21,43.3600654602051,-8.46327209472656,"Unknown"
"7014853",371857,2025-09-22 17:10:21,43.3600616455078,-8.46338081359863,"Unknown"
"7014853",371857,2025-09-22 17:15:19,43.3600540161133,-8.46332359313965,"Unknown"
"7014853",371857,2025-09-22 17:20:21,43.3600883483887,-8.46335697174072,"Unknown"
"7014853",371857,2025-09-22 17:25:18,43.3599243164062,-8.46354007720947,"Unknown"
"7014853",371857,2025-09-22 17:30:19,43.3545570373535,-8.45777797698975,"Unknown"
"7014853",371857,2025-09-22 17:35:19,43.3546943664551,-8.45710563659668,"Unknown"
"7014853",371857,2025-09-22 17:40:18,43.36279296875,-8.45848560333252,"Unknown"
"7014853",371857,2025-09-22 17:45:19,43.3780403137207,-8.44517421722412,"Unknown"
"7014853",371857,2025-09-22 17:50:19,43.3860397338867,-8.43388748168945,"Unknown"
"7014853",371857,2025-09-22 17:55:19,43.396858215332,-8.43939018249512,"Unknown"
"7014853",371857,2025-09-22 18:00:19,43.4156799316406,-8.43534278869629,"Unknown"
"7014853",371857,2025-09-22 18:05:20,43.4138984680176,-8.41465950012207,"Unknown"
"7014853",371857,2025-09-22 18:10:19,43.405101776123,-8.40692710876465,"Unknown"
"7014853",371857,2025-09-22 18:15:20,43.4051780700684,-8.40742969512939,"Unknown"
"7014853",371857,2025-09-22 18:20:20,43.405216217041,-8.40827751159668,"Unknown"
"7014853",371857,2025-09-22 18:25:19,43.3883628845215,-8.40424251556396,"Unknown"
"7014853",371857,2025-09-22 18:30:20,43.362419128418,-8.39695739746094,"Unknown"
"7014853",371857,2025-09-22 18:35:20,43.362377166748,-8.39699459075928,"Unknown"
"7014853",371857,2025-09-22 18:40:23,43.362361907959,-8.39698219299316,"Unknown"
"7014853",371857,2025-09-22 18:45:25,43.3626861572266,-8.39688587188721,"Unknown"
"7014853",371857,2025-09-22 18:50:20,43.3627052307129,-8.39683818817139,"Unknown"
"7014853",371857,2025-09-22 18:55:22,43.3625679016113,-8.39675807952881,"Unknown"
"7014853",371857,2025-09-22 19:00:19,43.3625946044922,-8.39676761627197,"Unknown"
"7014853",371857,2025-09-22 19:05:19,43.362548828125,-8.39663505554199,"Unknown"
"7014853",371857,2025-09-22 19:08:37,43.3625717163086,-8.39667892456055,"Unknown"
"7014853",371857,2025-09-23 00:09:05,43.3595581054688,-8.39860534667969,"Unknown"
"7014853",371857,2025-09-23 05:09:05,43.3596115112305,-8.39883804321289,"Unknown"
"7014853",371857,2025-09-23 06:26:59,43.3640594482422,-8.39904308319092,"Unknown"
"7014853",371857,2025-09-23 06:31:35,43.3646926879883,-8.399001121521,"Unknown"
"7014853",371857,2025-09-23 06:36:27,43.3648262023926,-8.39917945861816,"Unknown"
"7014853",371857,2025-09-23 06:41:25,43.3648681640625,-8.39910316467285,"Unknown"
"7014853",371857,2025-09-23 06:46:44,43.3646354675293,-8.39929389953613,"Unknown"
"7014853",371857,2025-09-23 06:51:24,43.3646926879883,-8.39928340911865,"Unknown"
"7014853",371857,2025-09-23 06:56:27,43.364574432373,-8.39936351776123,"Unknown"
"7014853",371857,2025-09-23 07:01:28,43.3646087646484,-8.39925861358643,"Unknown"
"7014853",371857,2025-09-23 07:06:30,43.3644866943359,-8.3994083404541,"Unknown"
"7014853",371857,2025-09-23 07:11:30,43.3643417358398,-8.39943885803223,"Unknown"
"7014853",371857,2025-09-23 07:16:30,43.3645477294922,-8.39934730529785,"Unknown"
"7014853",371857,2025-09-23 07:21:29,43.3645553588867,-8.39935302734375,"Unknown"
"7014853",371857,2025-09-23 07:26:27,43.3645057678223,-8.39941787719727,"Unknown"
"7014853",371857,2025-09-23 07:31:31,43.3645095825195,-8.39935684204102,"Unknown"
"7014853",371857,2025-09-23 07:36:38,43.3643989562988,-8.39938926696777,"Unknown"
"7014853",371857,2025-09-23 07:41:31,43.3644676208496,-8.3992748260498,"Unknown"
"7014853",371857,2025-09-23 07:46:31,43.3644371032715,-8.39927864074707,"Unknown"
"7014853",371857,2025-09-23 07:51:31,43.3644180297852,-8.39930438995361,"Unknown"
"7014853",371857,2025-09-23 07:56:44,43.3648223876953,-8.40587425231934,"Unknown"
"7014853",371857,2025-09-23 08:01:23,43.368824005127,-8.41587543487549,"Unknown"
"7014853",371857,2025-09-23 08:06:33,43.3687744140625,-8.41677570343018,"Unknown"
"7014853",371857,2025-09-23 08:11:27,43.3688316345215,-8.41664218902588,"Unknown"
"7014853",371857,2025-09-23 08:16:25,43.3688049316406,-8.41668128967285,"Unknown"
"7014853",371857,2025-09-23 08:21:29,43.3687133789062,-8.4169340133667,"Unknown"
"7014853",371857,2025-09-23 08:26:23,43.3734512329102,-8.42093276977539,"Unknown"
"7014853",371857,2025-09-23 08:31:31,43.3828086853027,-8.44702053070068,"Unknown"
"7014853",371857,2025-09-23 08:36:32,43.3827247619629,-8.44680213928223,"Unknown"
"7014853",371857,2025-09-23 08:41:42,43.3827743530273,-8.44686889648438,"Unknown"
"7014853",371857,2025-09-23 08:46:27,43.3827629089355,-8.44686031341553,"Unknown"
"7014853",371857,2025-09-23 08:51:29,43.3827362060547,-8.44693756103516,"Unknown"
"7014853",371857,2025-09-23 08:56:59,43.3828048706055,-8.44692516326904,"Unknown"
"7014853",371857,2025-09-23 09:01:22,43.3827438354492,-8.44665622711182,"Unknown"
"7014853",371857,2025-09-23 09:06:23,43.3827590942383,-8.44699096679688,"Unknown"
"7014853",371857,2025-09-23 09:11:24,43.382698059082,-8.44688987731934,"Unknown"
"7014853",371857,2025-09-23 09:16:23,43.3828468322754,-8.44698143005371,"Unknown"
"7014853",371857,2025-09-23 09:21:23,43.3847427368164,-8.4443302154541,"Unknown"
"7014853",371857,2025-09-23 09:26:23,43.3896369934082,-8.43506908416748,"Unknown"
"7014853",371857,2025-09-23 09:31:23,43.3885612487793,-8.4332857131958,"Unknown"
"7014853",371857,2025-09-23 09:36:23,43.3886604309082,-8.43387508392334,"Unknown"
"7014853",371857,2025-09-23 09:41:25,43.388240814209,-8.4343843460083,"Unknown"
"7014853",371857,2025-09-23 09:46:22,43.3839225769043,-8.43850612640381,"Unknown"
"7014853",371857,2025-09-23 09:51:28,43.3814315795898,-8.43743705749512,"Unknown"
"7014853",371857,2025-09-23 09:56:25,43.3813781738281,-8.43751811981201,"Unknown"
"7014853",371857,2025-09-23 10:01:35,43.3813896179199,-8.43756866455078,"Unknown"
"7014853",371857,2025-09-23 10:06:30,43.3814086914062,-8.43757152557373,"Unknown"
"7014853",371857,2025-09-23 10:11:34,43.3813591003418,-8.43757247924805,"Unknown"
"7014853",371857,2025-09-23 10:16:30,43.3813400268555,-8.43759536743164,"Unknown"
"7014853",371857,2025-09-23 10:21:30,43.3813743591309,-8.43759822845459,"Unknown"
"7014853",371857,2025-09-23 10:26:30,43.3813629150391,-8.4376392364502,"Unknown"
"7014853",371857,2025-09-23 10:31:38,43.3813247680664,-8.43764209747314,"Unknown"
"7014853",371857,2025-09-23 10:36:30,43.381275177002,-8.4376745223999,"Unknown"
"7014853",371857,2025-09-23 10:41:28,43.381046295166,-8.43733024597168,"Unknown"
"7014853",371857,2025-09-23 10:46:30,43.3813362121582,-8.4374418258667,"Unknown"
"7014853",371857,2025-09-23 10:51:30,43.3822212219238,-8.44315147399902,"Unknown"
"7014853",371857,2025-09-23 10:56:40,43.3831901550293,-8.44646644592285,"Unknown"
"7014853",371857,2025-09-23 11:01:23,43.3829612731934,-8.44609832763672,"Unknown"
"7014853",371857,2025-09-23 11:06:25,43.3832893371582,-8.44658374786377,"Unknown"
"7014853",371857,2025-09-23 11:11:24,43.3832778930664,-8.44636344909668,"Unknown"
"7014853",371857,2025-09-23 11:16:25,43.3832092285156,-8.44654655456543,"Unknown"
"7014853",371857,2025-09-23 11:21:23,43.3836326599121,-8.44693946838379,"Unknown"
"7014853",371857,2025-09-23 11:26:25,43.3832130432129,-8.44656753540039,"Unknown"
"7014853",371857,2025-09-23 11:31:23,43.3830757141113,-8.44649887084961,"Unknown"
"7014853",371857,2025-09-23 11:36:23,43.3831748962402,-8.44658946990967,"Unknown"
"7014853",371857,2025-09-23 11:41:23,43.3834800720215,-8.44664287567139,"Unknown"
"7014853",371857,2025-09-23 11:46:32,43.383129119873,-8.44651126861572,"Unknown"
"7014853",371857,2025-09-23 11:51:40,43.3830986022949,-8.44657325744629,"Unknown"
"7014853",371857,2025-09-23 11:56:41,43.3832130432129,-8.44650650024414,"Unknown"
"7014853",371857,2025-09-23 12:01:23,43.3832702636719,-8.4465274810791,"Unknown"
"7014853",371857,2025-09-23 12:06:27,43.3831367492676,-8.44649505615234,"Unknown"
"7014853",371857,2025-09-23 12:11:23,43.3815422058105,-8.4457836151123,"Unknown"
"7014853",371857,2025-09-23 12:16:24,43.3783264160156,-8.43108749389648,"Unknown"
"7014853",371857,2025-09-23 12:21:33,43.3781204223633,-8.43093299865723,"Unknown"
"7014853",371857,2025-09-23 12:26:43,43.3781929016113,-8.43093681335449,"Unknown"
"7014853",371857,2025-09-23 12:31:27,43.377025604248,-8.42268943786621,"Unknown"
"7014853",371857,2025-09-23 12:36:27,43.3790130615234,-8.42214965820312,"Unknown"
"7014853",371857,2025-09-23 12:41:44,43.3780822753906,-8.43032646179199,"Unknown"
"7014853",371857,2025-09-23 12:46:59,43.3781433105469,-8.4306583404541,"Unknown"
"7014853",371857,2025-09-23 12:51:33,43.3779945373535,-8.43091297149658,"Unknown"
"7014853",371857,2025-09-23 12:56:33,43.3786811828613,-8.43008327484131,"Unknown"
"7014853",371857,2025-09-23 13:01:30,43.3780746459961,-8.4304895401001,"Unknown"
"7014853",371857,2025-09-23 13:06:28,43.3783874511719,-8.43062305450439,"Unknown"
"7014853",371857,2025-09-23 13:11:24,43.3775863647461,-8.42972469329834,"Unknown"
"7014853",371857,2025-09-23 13:16:25,43.3759346008301,-8.42421531677246,"Unknown"
"7014853",371857,2025-09-23 13:21:30,43.376277923584,-8.42394256591797,"Unknown"
"7014853",371857,2025-09-23 13:26:23,43.3769111633301,-8.42851257324219,"Unknown"
"7014853",371857,2025-09-23 13:31:44,43.3567008972168,-8.45925140380859,"Unknown"
"7014853",371857,2025-09-23 13:36:29,43.3550415039062,-8.45806980133057,"Unknown"
"7014853",371857,2025-09-23 13:41:37,43.3558387756348,-8.45711326599121,"Unknown"
"7014853",371857,2025-09-23 13:46:29,43.3563232421875,-8.45679664611816,"Unknown"
"7014853",371857,2025-09-23 13:51:30,43.3560409545898,-8.45704555511475,"Unknown"
"7014853",371857,2025-09-23 13:56:30,43.3559150695801,-8.45711708068848,"Unknown"
"7014853",371857,2025-09-23 14:01:27,43.3560447692871,-8.45713710784912,"Unknown"
"7014853",371857,2025-09-23 14:06:29,43.3552780151367,-8.45793533325195,"Unknown"
"7014853",371857,2025-09-23 14:11:28,43.355152130127,-8.45851898193359,"Unknown"
"7014853",371857,2025-09-23 14:16:59,43.3553619384766,-8.45793533325195,"Unknown"
"7014853",371857,2025-09-23 14:21:25,43.3554420471191,-8.45798110961914,"Unknown"
"7014853",371857,2025-09-23 14:26:22,43.3554077148438,-8.45795249938965,"Unknown"
"7014853",371857,2025-09-23 14:31:22,43.355354309082,-8.45793533325195,"Unknown"
"7014853",371857,2025-09-23 14:36:23,43.355396270752,-8.45794010162354,"Unknown"
"7014853",371857,2025-09-23 14:41:24,43.3563346862793,-8.45785427093506,"Unknown"
"7014853",371857,2025-09-23 14:46:31,43.3564033508301,-8.4578857421875,"Unknown"
"7014853",371857,2025-09-23 14:51:38,43.3564529418945,-8.4570837020874,"Unknown"
"7014853",371857,2025-09-23 14:56:25,43.3564147949219,-8.45711517333984,"Unknown"
"7014853",371857,2025-09-23 15:01:24,43.356273651123,-8.45752620697021,"Unknown"
"7014853",371857,2025-09-23 15:06:26,43.3556022644043,-8.45804882049561,"Unknown"
"7014853",371857,2025-09-23 15:11:24,43.3556022644043,-8.45813179016113,"Unknown"
"7014853",371857,2025-09-23 15:16:28,43.3684616088867,-8.45789909362793,"Unknown"
"7014853",371857,2025-09-23 15:21:36,43.3807334899902,-8.43698883056641,"Unknown"
"7014853",371857,2025-09-23 15:26:44,43.379020690918,-8.43114948272705,"Unknown"
"7014853",371857,2025-09-23 15:31:37,43.3789939880371,-8.43116760253906,"Unknown"
"7014853",371857,2025-09-23 15:36:41,43.3785438537598,-8.43098545074463,"Unknown"
"7014853",371857,2025-09-23 15:41:27,43.3786659240723,-8.43120765686035,"Unknown"
"7014853",371857,2025-09-23 15:46:36,43.3819313049316,-8.41991901397705,"Unknown"
"7014853",371857,2025-09-23 15:51:30,43.3817977905273,-8.41949462890625,"Unknown"
"7014853",371857,2025-09-23 15:56:36,43.3818244934082,-8.41932392120361,"Unknown"
"7014853",371857,2025-09-23 16:02:14,43.3782196044922,-8.43066120147705,"Unknown"
"7014853",371857,2025-09-23 16:06:23,43.3781623840332,-8.43065738677979,"Unknown"
"7014853",371857,2025-09-23 16:11:27,43.3782348632812,-8.43079376220703,"Unknown"
"7014853",371857,2025-09-23 16:16:29,43.3781814575195,-8.43073272705078,"Unknown"
"7014853",371857,2025-09-23 16:21:59,43.3781776428223,-8.43063449859619,"Unknown"
"7014853",371857,2025-09-23 16:26:23,43.3781585693359,-8.43055152893066,"Unknown"
"7014853",371857,2025-09-23 16:31:24,43.3781471252441,-8.43062210083008,"Unknown"
"7014853",371857,2025-09-23 16:36:23,43.3781700134277,-8.43052291870117,"Unknown"
"7014853",371857,2025-09-23 16:41:24,43.3782081604004,-8.43060398101807,"Unknown"
"7014853",371857,2025-09-23 16:46:25,43.3782386779785,-8.43012714385986,"Unknown"
"7014853",371857,2025-09-23 16:51:25,43.3781356811523,-8.43088912963867,"Unknown"
"7014853",371857,2025-09-23 16:56:30,43.3782234191895,-8.43013572692871,"Unknown"
"7014853",371857,2025-09-23 17:01:36,43.378101348877,-8.4306526184082,"Unknown"
"7014853",371857,2025-09-23 17:06:27,43.3781394958496,-8.43068885803223,"Unknown"
"7014853",371857,2025-09-23 17:11:26,43.3781547546387,-8.43038845062256,"Unknown"
"7014853",371857,2025-09-23 17:16:27,43.3781776428223,-8.43035888671875,"Unknown"
"7014853",371857,2025-09-23 17:21:29,43.3781509399414,-8.43027973175049,"Unknown"
"7014853",371857,2025-09-23 17:26:29,43.3782653808594,-8.43044757843018,"Unknown"
"7014853",371857,2025-09-23 17:31:38,43.3780670166016,-8.43060111999512,"Unknown"
"7014853",371857,2025-09-23 17:36:31,43.3780479431152,-8.43051433563232,"Unknown"
"7014853",371857,2025-09-23 17:41:59,43.3780899047852,-8.43065357208252,"Unknown"
"7014853",371857,2025-09-23 17:46:25,43.3780822753906,-8.43070793151855,"Unknown"
"7014853",371857,2025-09-23 17:51:37,43.3783226013184,-8.43063163757324,"Unknown"
"7014853",371857,2025-09-23 17:56:29,43.3781242370605,-8.43016052246094,"Unknown"
"7014853",371857,2025-09-23 18:01:44,43.3781814575195,-8.43066024780273,"Unknown"
"7014853",371857,2025-09-23 18:06:24,43.3781814575195,-8.43070888519287,"Unknown"
"7014853",371857,2025-09-23 18:11:27,43.3781967163086,-8.43076324462891,"Unknown"
"7014853",371857,2025-09-23 18:16:24,43.3781967163086,-8.43073558807373,"Unknown"
"7014853",371857,2025-09-23 18:21:24,43.3758926391602,-8.42648410797119,"Unknown"
"7014853",371857,2025-09-23 18:26:23,43.363452911377,-8.39770126342773,"Unknown"
"7014853",371857,2025-09-23 18:31:26,43.3626899719238,-8.39599514007568,"Unknown"
"7014853",371857,2025-09-23 18:36:27,43.3627891540527,-8.39616394042969,"Unknown"
"7014853",371857,2025-09-23 18:41:29,43.3627662658691,-8.39622783660889,"Unknown"
"7014853",371857,2025-09-23 18:46:37,43.3629188537598,-8.39634227752686,"Unknown"
"7014853",371857,2025-09-23 18:51:31,43.3629188537598,-8.39635753631592,"Unknown"
"7014853",371857,2025-09-23 18:56:30,43.362678527832,-8.39694309234619,"Unknown"
"7014853",371857,2025-09-23 19:01:44,43.3628463745117,-8.39642906188965,"Unknown"
"7014853",371857,2025-09-23 19:06:28,43.36279296875,-8.39652633666992,"Unknown"
"7014853",371857,2025-09-24 00:07:00,43.3595962524414,-8.39894485473633,"Unknown"
"7014853",371857,2025-09-24 05:06:45,43.3595314025879,-8.39988040924072,"Unknown"
"7014853",371857,2025-09-24 06:28:05,43.3600463867188,-8.40272235870361,"Unknown"
"7014853",371857,2025-09-24 06:32:29,43.3600730895996,-8.4027681350708,"Unknown"
"7014853",371857,2025-09-24 06:37:28,43.3600883483887,-8.40267753601074,"Unknown"
"7014853",371857,2025-09-24 06:42:28,43.3601188659668,-8.40269374847412,"Unknown"
"7014853",371857,2025-09-24 06:47:29,43.3763160705566,-8.42506694793701,"Unknown"
"7014853",371857,2025-09-24 06:52:28,43.3763580322266,-8.42508888244629,"Unknown"
"7014853",371857,2025-09-24 06:57:31,43.3763999938965,-8.42508602142334,"Unknown"
"7014853",371857,2025-09-24 07:02:35,43.380069732666,-8.43319606781006,"Unknown"
"7014853",371857,2025-09-24 07:07:58,43.3800659179688,-8.43309020996094,"Unknown"
"7014853",371857,2025-09-24 07:12:40,43.3799591064453,-8.43337059020996,"Unknown"
"7014853",371857,2025-09-24 07:17:31,43.3801422119141,-8.43316650390625,"Unknown"
"7014853",371857,2025-09-24 07:22:34,43.3802680969238,-8.43298721313477,"Unknown"
"7014853",371857,2025-09-24 07:27:30,43.3800888061523,-8.43304347991943,"Unknown"
"7014853",371857,2025-09-24 07:32:44,43.380012512207,-8.43318557739258,"Unknown"
"7014853",371857,2025-09-24 07:37:28,43.380012512207,-8.43300247192383,"Unknown"
"7014853",371857,2025-09-24 07:42:28,43.3799705505371,-8.43304347991943,"Unknown"
"7014853",371857,2025-09-24 07:47:29,43.3799591064453,-8.43299007415771,"Unknown"
"7014853",371857,2025-09-24 07:52:33,43.3799743652344,-8.43315124511719,"Unknown"
"7014853",371857,2025-09-24 07:57:28,43.3799247741699,-8.43299579620361,"Unknown"
"7014853",371857,2025-09-24 08:02:31,43.3799247741699,-8.43319320678711,"Unknown"
"7014853",371857,2025-09-24 08:07:29,43.3798828125,-8.4331636428833,"Unknown"
"7014853",371857,2025-09-24 08:12:31,43.3799324035645,-8.43305969238281,"Unknown"
"7014853",371857,2025-09-24 08:17:31,43.3799858093262,-8.43317031860352,"Unknown"
"7014853",371857,2025-09-24 08:22:35,43.3799209594727,-8.43323707580566,"Unknown"
"7014853",371857,2025-09-24 08:27:33,43.3800277709961,-8.43320178985596,"Unknown"
"7014853",371857,2025-09-24 08:32:44,43.3795738220215,-8.43285751342773,"Unknown"
"7014853",371857,2025-09-24 08:37:28,43.3800010681152,-8.4332389831543,"Unknown"
"7014853",371857,2025-09-24 08:42:30,43.3798828125,-8.43331718444824,"Unknown"
"7014853",371857,2025-09-24 08:47:28,43.3796234130859,-8.43268203735352,"Unknown"
"7014853",371857,2025-09-24 08:52:33,43.3797912597656,-8.43314266204834,"Unknown"
"7014853",371857,2025-09-24 08:57:28,43.3793907165527,-8.43219947814941,"Unknown"
"7014853",371857,2025-09-24 09:02:36,43.3800506591797,-8.43312358856201,"Unknown"
"7014853",371857,2025-09-24 09:07:33,43.3800392150879,-8.43304443359375,"Unknown"
"7014853",371857,2025-09-24 09:12:28,43.3804016113281,-8.433518409729,"Unknown"
"7014853",371857,2025-09-24 09:17:31,43.3800430297852,-8.43315982818604,"Unknown"
"7014853",371857,2025-09-24 09:22:29,43.3801918029785,-8.43326377868652,"Unknown"
"7014853",371857,2025-09-24 09:27:30,43.377067565918,-8.44950485229492,"Unknown"
"7014853",371857,2025-09-24 09:32:45,43.3713722229004,-8.45216941833496,"Unknown"
"7014853",371857,2025-09-24 09:37:29,43.3715209960938,-8.45236778259277,"Unknown"
"7014853",371857,2025-09-24 09:42:28,43.3717460632324,-8.45266151428223,"Unknown"
"7014853",371857,2025-09-24 09:47:28,43.3716049194336,-8.45257568359375,"Unknown"
"7014853",371857,2025-09-24 09:52:37,43.3713874816895,-8.45207023620605,"Unknown"
"7014853",371857,2025-09-24 09:57:29,43.3716506958008,-8.45258140563965,"Unknown"
"7014853",371857,2025-09-24 10:02:29,43.371467590332,-8.45230484008789,"Unknown"
"7014853",371857,2025-09-24 10:07:31,43.3713531494141,-8.45210075378418,"Unknown"
"7014853",371857,2025-09-24 10:12:34,43.371337890625,-8.45204925537109,"Unknown"
"7014853",371857,2025-09-24 10:17:35,43.3713836669922,-8.45205116271973,"Unknown"
"7014853",371857,2025-09-24 10:22:31,43.3713188171387,-8.45205307006836,"Unknown"
"7014853",371857,2025-09-24 10:27:34,43.3714065551758,-8.45215320587158,"Unknown"
"7014853",371857,2025-09-24 10:32:59,43.3714218139648,-8.452073097229,"Unknown"
"7014853",371857,2025-09-24 10:37:31,43.3713836669922,-8.45210552215576,"Unknown"
"7014853",371857,2025-09-24 10:42:35,43.3714294433594,-8.45205116271973,"Unknown"
"7014853",371857,2025-09-24 10:47:29,43.3714370727539,-8.45212173461914,"Unknown"
"7014853",371857,2025-09-24 10:52:36,43.3712768554688,-8.45190620422363,"Unknown"
"7014853",371857,2025-09-24 10:57:29,43.3712730407715,-8.45204734802246,"Unknown"
"7014853",371857,2025-09-24 11:02:29,43.3717422485352,-8.45236110687256,"Unknown"
"7014853",371857,2025-09-24 11:07:30,43.3715019226074,-8.45220375061035,"Unknown"
"7014853",371857,2025-09-24 11:12:33,43.3712577819824,-8.45194721221924,"Unknown"
"7014853",371857,2025-09-24 11:17:35,43.3712310791016,-8.45194244384766,"Unknown"
"7014853",371857,2025-09-24 11:22:37,43.371208190918,-8.45194721221924,"Unknown"
"7014853",371857,2025-09-24 11:27:37,43.3712501525879,-8.45199203491211,"Unknown"
"7014853",371857,2025-09-24 11:32:45,43.3713150024414,-8.45207214355469,"Unknown"
"7014853",371857,2025-09-24 11:37:29,43.3709983825684,-8.4518518447876,"Unknown"
"7014853",371857,2025-09-24 11:42:29,43.3713417053223,-8.45206260681152,"Unknown"
"7014853",371857,2025-09-24 11:47:31,43.3712844848633,-8.4521369934082,"Unknown"
"7014853",371857,2025-09-24 11:52:35,43.3716201782227,-8.45120525360107,"Unknown"
"7014853",371857,2025-09-24 11:57:35,43.371166229248,-8.45201587677002,"Unknown"
"7014853",371857,2025-09-24 12:02:29,43.371337890625,-8.45201301574707,"Unknown"
"7014853",371857,2025-09-24 12:07:36,43.3714065551758,-8.4520788192749,"Unknown"
"7014853",371857,2025-09-24 12:12:29,43.371208190918,-8.45192337036133,"Unknown"
"7014853",371857,2025-09-24 12:17:29,43.3711700439453,-8.45191192626953,"Unknown"
"7014853",371857,2025-09-24 12:22:33,43.3713188171387,-8.45204162597656,"Unknown"
"7014853",371857,2025-09-24 12:27:29,43.3712844848633,-8.45203018188477,"Unknown"
"7014853",371857,2025-09-24 12:32:45,43.3713302612305,-8.45208930969238,"Unknown"
"7014853",371857,2025-09-24 12:37:28,43.371223449707,-8.45217227935791,"Unknown"
"7014853",371857,2025-09-24 12:42:30,43.3713531494141,-8.4520092010498,"Unknown"
"7014853",371857,2025-09-24 12:47:30,43.3712348937988,-8.45220470428467,"Unknown"
"7014853",371857,2025-09-24 12:52:37,43.3713150024414,-8.45198154449463,"Unknown"
"7014853",371857,2025-09-24 12:57:34,43.3711090087891,-8.45189094543457,"Unknown"
"7014853",371857,2025-09-24 13:02:29,43.3712501525879,-8.45216751098633,"Unknown"
"7014853",371857,2025-09-24 13:07:42,43.3713645935059,-8.45217037200928,"Unknown"
"7014853",371857,2025-09-24 13:12:29,43.3713455200195,-8.45208358764648,"Unknown"
"7014853",371857,2025-09-24 13:17:39,43.3712921142578,-8.45203399658203,"Unknown"
"7014853",371857,2025-09-24 13:22:37,43.3711967468262,-8.45181941986084,"Unknown"
"7014853",371857,2025-09-24 13:27:38,43.3713760375977,-8.45219135284424,"Unknown"
"7014853",371857,2025-09-24 13:32:37,43.3711891174316,-8.4520206451416,"Unknown"
"7014853",371857,2025-09-24 13:37:37,43.3711395263672,-8.45186805725098,"Unknown"
"7014853",371857,2025-09-24 13:42:36,43.3711853027344,-8.45198917388916,"Unknown"
"7014853",371857,2025-09-24 13:47:59,43.3713645935059,-8.4521017074585,"Unknown"
"7014853",371857,2025-09-24 13:53:05,43.3713836669922,-8.45213603973389,"Unknown"
"7014853",371857,2025-09-24 13:57:28,43.3713722229004,-8.45209980010986,"Unknown"
"7014853",371857,2025-09-24 14:02:31,43.3712882995605,-8.45209407806396,"Unknown"
"7014853",371857,2025-09-24 14:07:29,43.3712882995605,-8.45201969146729,"Unknown"
"7014853",371857,2025-09-24 14:12:29,43.3713455200195,-8.45195293426514,"Unknown"
"7014853",371857,2025-09-24 14:17:29,43.3714141845703,-8.45185375213623,"Unknown"
"7014853",371857,2025-09-24 14:22:28,43.3714141845703,-8.45194053649902,"Unknown"
"7014853",371857,2025-09-24 14:27:28,43.3714179992676,-8.45201587677002,"Unknown"
"7014853",371857,2025-09-24 14:32:29,43.3714294433594,-8.45199680328369,"Unknown"
"7014853",371857,2025-09-24 14:37:27,43.3714561462402,-8.45187377929688,"Unknown"
"7014853",371857,2025-09-24 14:42:29,43.3715209960938,-8.45183753967285,"Unknown"
"7014853",371857,2025-09-24 14:47:28,43.3714752197266,-8.45186710357666,"Unknown"
"7014853",371857,2025-09-24 14:52:28,43.3714981079102,-8.45184230804443,"Unknown"
"7014853",371857,2025-09-24 14:57:28,43.3714942932129,-8.45188808441162,"Unknown"
"7014853",371857,2025-09-24 15:02:29,43.3714904785156,-8.45192909240723,"Unknown"
"7014853",371857,2025-09-24 15:07:28,43.3715362548828,-8.45185947418213,"Unknown"
"7014853",371857,2025-09-24 15:12:28,43.3715705871582,-8.45180606842041,"Unknown"
"7014853",371857,2025-09-24 15:17:29,43.3715324401855,-8.45185279846191,"Unknown"
"7014853",371857,2025-09-24 15:22:29,43.3715629577637,-8.45184898376465,"Unknown"
"7014853",371857,2025-09-24 15:27:28,43.3714714050293,-8.45191955566406,"Unknown"
"7014853",371857,2025-09-24 15:32:31,43.3714904785156,-8.45171165466309,"Unknown"
"7014853",371857,2025-09-24 15:37:44,43.3715934753418,-8.45178413391113,"Unknown"
"7014853",371857,2025-09-24 15:42:29,43.3715171813965,-8.45186901092529,"Unknown"
"7014853",371857,2025-09-24 15:47:31,43.3715019226074,-8.45180702209473,"Unknown"
"7014853",371857,2025-09-24 15:52:35,43.3716087341309,-8.45174503326416,"Unknown"
"7014853",371857,2025-09-24 15:57:29,43.3715019226074,-8.45199871063232,"Unknown"
"7014853",371857,2025-09-24 16:02:29,43.3715400695801,-8.45203876495361,"Unknown"
"7014853",371857,2025-09-24 16:07:38,43.3714027404785,-8.45192050933838,"Unknown"
"7014853",371857,2025-09-24 16:12:31,43.371395111084,-8.45185470581055,"Unknown"
"7014853",371857,2025-09-24 16:17:33,43.371337890625,-8.45189666748047,"Unknown"
"7014853",371857,2025-09-24 16:22:33,43.3714065551758,-8.45194911956787,"Unknown"
"7014853",371857,2025-09-24 16:27:29,43.3714332580566,-8.45194816589355,"Unknown"
"7014853",371857,2025-09-24 16:32:34,43.3714027404785,-8.45194149017334,"Unknown"
"7014853",371857,2025-09-24 16:37:34,43.371395111084,-8.45193195343018,"Unknown"
"7014853",371857,2025-09-24 16:42:33,43.3713264465332,-8.45194911956787,"Unknown"
"7014853",371857,2025-09-24 16:47:34,43.3714256286621,-8.45186328887939,"Unknown"
"7014853",371857,2025-09-24 16:52:44,43.3714561462402,-8.45193481445312,"Unknown"
"7014853",371857,2025-09-24 16:57:29,43.3714714050293,-8.4520320892334,"Unknown"
"7014853",371857,2025-09-24 17:02:31,43.3714027404785,-8.45194530487061,"Unknown"
"7014853",371857,2025-09-24 17:07:29,43.3714485168457,-8.45195770263672,"Unknown"
"7014853",371857,2025-09-24 17:12:29,43.371452331543,-8.45178127288818,"Unknown"
"7014853",371857,2025-09-24 17:17:29,43.380199432373,-8.44865894317627,"Unknown"
"7014853",371857,2025-09-24 17:23:05,43.3796806335449,-8.43352127075195,"Unknown"
"7014853",371857,2025-09-24 17:27:28,43.3796615600586,-8.43344974517822,"Unknown"
"7014853",371857,2025-09-24 17:32:28,43.3796691894531,-8.43362617492676,"Unknown"
"7014853",371857,2025-09-24 17:37:36,43.3797569274902,-8.43375015258789,"Unknown"
"7014853",371857,2025-09-24 17:42:29,43.3799247741699,-8.43364906311035,"Unknown"
"7014853",371857,2025-09-24 17:47:29,43.3910942077637,-8.43050479888916,"Unknown"
"7014853",371857,2025-09-24 17:52:30,43.4149017333984,-8.42741966247559,"Unknown"
"7014853",371857,2025-09-24 17:57:30,43.440013885498,-8.42113876342773,"Unknown"
"7014853",371857,2025-09-24 18:03:05,43.4463958740234,-8.41753768920898,"Unknown"
"7014853",371857,2025-09-24 18:07:29,43.445987701416,-8.41842842102051,"Unknown"
"7014853",371857,2025-09-24 18:12:31,43.4209175109863,-8.42050170898438,"Unknown"
"7014853",371857,2025-09-24 18:17:31,43.4009819030762,-8.40479183197021,"Unknown"
"7014853",371857,2025-09-24 18:22:44,43.3767395019531,-8.39473915100098,"Unknown"
"7014853",371857,2025-09-24 18:27:33,43.3594970703125,-8.40011405944824,"Unknown"
"7014853",371857,2025-09-24 18:32:31,43.3595275878906,-8.40007877349854,"Unknown"
"7014853",371857,2025-09-24 18:37:40,43.3595237731934,-8.40009689331055,"Unknown"
"7014853",371857,2025-09-24 18:42:31,43.3595848083496,-8.40012645721436,"Unknown"
"7014853",371857,2025-09-24 18:47:44,43.3595275878906,-8.40009498596191,"Unknown"
"7014853",371857,2025-09-24 18:52:30,43.3594741821289,-8.40017318725586,"Unknown"
"7014853",371857,2025-09-24 18:57:29,43.3594436645508,-8.40016269683838,"Unknown"
"7014853",371857,2025-09-24 19:02:28,43.3594551086426,-8.40009498596191,"Unknown"
"7014853",371857,2025-09-24 19:05:00,43.3594017028809,-8.40015506744385,"Unknown"
"7014853",371857,2025-09-25 00:05:59,43.3600120544434,-8.40253639221191,"Unknown"
"7014853",371857,2025-09-25 05:05:30,43.359504699707,-8.39937210083008,"Unknown"
"7014853",371857,2025-09-25 06:29:35,43.3602828979492,-8.423583984375,"Unknown"
"7014853",371857,2025-09-25 06:33:39,43.3601264953613,-8.42358875274658,"Unknown"
"7014853",371857,2025-09-25 06:38:37,43.3607788085938,-8.42336940765381,"Unknown"
"7014853",371857,2025-09-25 06:43:40,43.3551445007324,-8.45406723022461,"Unknown"
"7014853",371857,2025-09-25 06:49:05,43.3567543029785,-8.45693492889404,"Unknown"
"7014853",371857,2025-09-25 06:53:35,43.3558616638184,-8.45786190032959,"Unknown"
"7014853",371857,2025-09-25 06:58:41,43.3547973632812,-8.45817375183105,"Unknown"
"7014853",371857,2025-09-25 07:03:42,43.3550262451172,-8.45808124542236,"Unknown"
"7014853",371857,2025-09-25 07:09:05,43.3539428710938,-8.45843410491943,"Unknown"
"7014853",371857,2025-09-25 07:13:37,43.3539390563965,-8.45842361450195,"Unknown"
"7014853",371857,2025-09-25 07:18:36,43.3539772033691,-8.45842266082764,"Unknown"
"7014853",371857,2025-09-25 07:23:40,43.3539581298828,-8.45840167999268,"Unknown"
"7014853",371857,2025-09-25 07:28:35,43.3539810180664,-8.45847129821777,"Unknown"
"7014853",371857,2025-09-25 07:33:36,43.3540496826172,-8.45841026306152,"Unknown"
"7014853",371857,2025-09-25 07:38:35,43.3540573120117,-8.4584379196167,"Unknown"
"7014853",371857,2025-09-25 07:43:52,43.3540229797363,-8.45894718170166,"Unknown"
"7014853",371857,2025-09-25 07:49:59,43.3538551330566,-8.45871925354004,"Unknown"
"7014853",371857,2025-09-25 07:58:36,43.3563652038574,-8.45713710784912,"Unknown"
"7014853",371857,2025-09-25 08:03:36,43.3564872741699,-8.45709228515625,"Unknown"
"7014853",371857,2025-09-25 08:08:35,43.3564758300781,-8.45711517333984,"Unknown"
"7014853",371857,2025-09-25 08:13:36,43.3565101623535,-8.45706558227539,"Unknown"
"7014853",371857,2025-09-25 08:18:37,43.3521728515625,-8.47778224945068,"Unknown"
"7014853",371857,2025-09-25 08:23:49,43.3522644042969,-8.47755146026611,"Unknown"
"7014853",371857,2025-09-25 08:28:38,43.3526992797852,-8.47801208496094,"Unknown"
"7014853",371857,2025-09-25 08:33:36,43.3526802062988,-8.47793769836426,"Unknown"
"7014853",371857,2025-09-25 08:38:38,43.3526458740234,-8.47796249389648,"Unknown"
"7014853",371857,2025-09-25 08:43:38,43.3536529541016,-8.47795963287354,"Unknown"
"7014853",371857,2025-09-25 08:48:42,43.3539505004883,-8.4781608581543,"Unknown"
"7014853",371857,2025-09-25 08:53:41,43.350944519043,-8.47562217712402,"Unknown"
"7014853",371857,2025-09-25 08:59:02,43.352165222168,-8.47785568237305,"Unknown"
"7014853",371857,2025-09-25 09:03:37,43.3520584106445,-8.47776317596436,"Unknown"
"7014853",371857,2025-09-25 09:08:35,43.3521919250488,-8.47779560089111,"Unknown"
"7014853",371857,2025-09-25 09:13:36,43.3523597717285,-8.47804260253906,"Unknown"
"7014853",371857,2025-09-25 09:18:39,43.3522109985352,-8.47805976867676,"Unknown"
"7014853",371857,2025-09-25 09:23:39,43.352222442627,-8.47792720794678,"Unknown"
"7014853",371857,2025-09-25 09:28:48,43.352123260498,-8.47795009613037,"Unknown"
"7014853",371857,2025-09-25 09:33:37,43.352294921875,-8.47815799713135,"Unknown"
"7014853",371857,2025-09-25 09:38:42,43.3525123596191,-8.47846031188965,"Unknown"
"7014853",371857,2025-09-25 09:43:40,43.3534278869629,-8.48038959503174,"Unknown"
"7014853",371857,2025-09-25 09:48:43,43.352424621582,-8.47796535491943,"Unknown"
"7014853",371857,2025-09-25 09:54:14,43.3522834777832,-8.4777774810791,"Unknown"
"7014853",371857,2025-09-25 09:58:38,43.352954864502,-8.47985744476318,"Unknown"
"7014853",371857,2025-09-25 10:03:39,43.3523635864258,-8.47789859771729,"Unknown"
"7014853",371857,2025-09-25 10:08:36,43.3522415161133,-8.47797870635986,"Unknown"
"7014853",371857,2025-09-25 10:13:40,43.3525505065918,-8.4782772064209,"Unknown"
"7014853",371857,2025-09-25 10:18:38,43.3527183532715,-8.47837543487549,"Unknown"
"7014853",371857,2025-09-25 10:23:43,43.3523750305176,-8.47760963439941,"Unknown"
"7014853",371857,2025-09-25 10:28:38,43.3527679443359,-8.47837257385254,"Unknown"
"7014853",371857,2025-09-25 10:33:39,43.3525085449219,-8.47785758972168,"Unknown"
"7014853",371857,2025-09-25 10:38:36,43.3520698547363,-8.47775745391846,"Unknown"
"7014853",371857,2025-09-25 10:43:39,43.351921081543,-8.47704982757568,"Unknown"
"7014853",371857,2025-09-25 10:49:05,43.352466583252,-8.47779846191406,"Unknown"
"7014853",371857,2025-09-25 10:53:48,43.3524551391602,-8.47776699066162,"Unknown"
"7014853",371857,2025-09-25 10:58:46,43.3523788452148,-8.47799587249756,"Unknown"
"7014853",371857,2025-09-25 11:03:40,43.3524703979492,-8.47770977020264,"Unknown"
"7014853",371857,2025-09-25 11:08:43,43.3540115356445,-8.47814464569092,"Unknown"
"7014853",371857,2025-09-25 11:13:45,43.3540382385254,-8.47817611694336,"Unknown"
"7014853",371857,2025-09-25 11:18:38,43.353931427002,-8.47806739807129,"Unknown"
"7014853",371857,2025-09-25 11:23:39,43.3540077209473,-8.47822189331055,"Unknown"
"7014853",371857,2025-09-25 11:28:37,43.3541717529297,-8.47845649719238,"Unknown"
"7014853",371857,2025-09-25 11:33:39,43.3541297912598,-8.47801971435547,"Unknown"
"7014853",371857,2025-09-25 11:38:36,43.3541450500488,-8.47827053070068,"Unknown"
"7014853",371857,2025-09-25 11:43:36,43.3531723022461,-8.47746562957764,"Unknown"
"7014853",371857,2025-09-25 11:48:38,43.3534469604492,-8.47739410400391,"Unknown"
"7014853",371857,2025-09-25 11:53:41,43.3531227111816,-8.47727966308594,"Unknown"
"7014853",371857,2025-09-25 11:58:36,43.3533248901367,-8.47756671905518,"Unknown"
"7014853",371857,2025-09-25 12:03:37,43.3532943725586,-8.47745323181152,"Unknown"
"7014853",371857,2025-09-25 12:08:42,43.354061126709,-8.47793960571289,"Unknown"
"7014853",371857,2025-09-25 12:13:41,43.3527488708496,-8.47702026367188,"Unknown"
"7014853",371857,2025-09-25 12:18:40,43.3533897399902,-8.47762203216553,"Unknown"
"7014853",371857,2025-09-25 12:23:43,43.3530883789062,-8.47751235961914,"Unknown"
"7014853",371857,2025-09-25 12:28:40,43.3574523925781,-8.46207332611084,"Unknown"
"7014853",371857,2025-09-25 12:33:42,43.3542671203613,-8.45842266082764,"Unknown"
"7014853",371857,2025-09-25 12:39:04,43.3543510437012,-8.45851993560791,"Unknown"
"7014853",371857,2025-09-25 12:43:36,43.3543930053711,-8.45849800109863,"Unknown"
"7014853",371857,2025-09-25 12:48:37,43.3544731140137,-8.4586706161499,"Unknown"
"7014853",371857,2025-09-25 12:53:36,43.3543739318848,-8.45823764801025,"Unknown"
"7014853",371857,2025-09-25 12:58:36,43.3545112609863,-8.45817375183105,"Unknown"
"7014853",371857,2025-09-25 13:03:39,43.3548889160156,-8.45816421508789,"Unknown"
"7014853",371857,2025-09-25 13:08:36,43.3545341491699,-8.45820426940918,"Unknown"
"7014853",371857,2025-09-25 13:13:35,43.3599433898926,-8.46129512786865,"Unknown"
"7014853",371857,2025-09-25 13:18:39,43.3403015136719,-8.45397758483887,"Unknown"
"7014853",371857,2025-09-25 13:23:35,43.3403663635254,-8.45403289794922,"Unknown"
"7014853",371857,2025-09-25 13:28:36,43.3404350280762,-8.45391941070557,"Unknown"
"7014853",371857,2025-09-25 13:33:36,43.3476982116699,-8.43269824981689,"Unknown"
"7014853",371857,2025-09-25 13:38:35,43.3533020019531,-8.42505645751953,"Unknown"
"7014853",371857,2025-09-25 13:43:36,43.3532333374023,-8.42505264282227,"Unknown"
"7014853",371857,2025-09-25 13:48:36,43.3533782958984,-8.42455959320068,"Unknown"
"7014853",371857,2025-09-25 13:53:38,43.352783203125,-8.42547988891602,"Unknown"
"7014853",371857,2025-09-25 13:58:37,43.3534088134766,-8.42531299591064,"Unknown"
"7014853",371857,2025-09-25 14:03:36,43.3531913757324,-8.42540836334229,"Unknown"
"7014853",371857,2025-09-25 14:08:36,43.3532676696777,-8.42523002624512,"Unknown"
"7014853",371857,2025-09-25 14:13:38,43.3530807495117,-8.42539882659912,"Unknown"
"7014853",371857,2025-09-25 14:18:38,43.3533325195312,-8.42516803741455,"Unknown"
"7014853",371857,2025-09-25 14:23:37,43.3532943725586,-8.42523384094238,"Unknown"
"7014853",371857,2025-09-25 14:28:36,43.3531799316406,-8.42546367645264,"Unknown"
"7014853",371857,2025-09-25 14:33:37,43.3534240722656,-8.42545604705811,"Unknown"
"7014853",371857,2025-09-25 14:38:39,43.3532905578613,-8.42521858215332,"Unknown"
"7014853",371857,2025-09-25 14:43:39,43.3529472351074,-8.42508125305176,"Unknown"
"7014853",371857,2025-09-25 14:48:35,43.3527946472168,-8.42638397216797,"Unknown"
"7014853",371857,2025-09-25 14:53:38,43.3446578979492,-8.44610118865967,"Unknown"
"7014853",371857,2025-09-25 14:58:37,43.3517990112305,-8.45660972595215,"Unknown"
"7014853",371857,2025-09-25 15:03:47,43.357795715332,-8.45642566680908,"Unknown"
"7014853",371857,2025-09-25 15:09:59,43.3603096008301,-8.46249485015869,"Unknown"
"7014853",371857,2025-09-25 15:14:03,43.3602981567383,-8.46250343322754,"Unknown"
"7014853",371857,2025-09-25 15:18:40,43.3603401184082,-8.46250152587891,"Unknown"
"7014853",371857,2025-09-25 15:23:48,43.3602485656738,-8.46247386932373,"Unknown"
"7014853",371857,2025-09-25 15:28:46,43.3603096008301,-8.46249294281006,"Unknown"
"7014853",371857,2025-09-25 15:33:47,43.3603286743164,-8.4624605178833,"Unknown"
"7014853",371857,2025-09-25 15:38:42,43.3599510192871,-8.46283340454102,"Unknown"
"7014853",371857,2025-09-25 15:43:41,43.3605308532715,-8.46255397796631,"Unknown"
"7014853",371857,2025-09-25 15:48:43,43.3602142333984,-8.46246910095215,"Unknown"
"7014853",371857,2025-09-25 15:54:12,43.3603706359863,-8.46255016326904,"Unknown"
"7014853",371857,2025-09-25 15:58:46,43.3601608276367,-8.46245956420898,"Unknown"
"7014853",371857,2025-09-25 16:03:40,43.3600654602051,-8.46247863769531,"Unknown"
"7014853",371857,2025-09-25 16:08:38,43.3600273132324,-8.46227359771729,"Unknown"
"7014853",371857,2025-09-25 16:13:41,43.3601226806641,-8.46240997314453,"Unknown"
"7014853",371857,2025-09-25 16:18:40,43.3604698181152,-8.46277236938477,"Unknown"
"7014853",371857,2025-09-25 16:23:39,43.360221862793,-8.46249294281006,"Unknown"
"7014853",371857,2025-09-25 16:28:39,43.360294342041,-8.46265506744385,"Unknown"
"7014853",371857,2025-09-25 16:33:40,43.3603553771973,-8.46254825592041,"Unknown"
"7014853",371857,2025-09-25 16:38:40,43.3602828979492,-8.46247577667236,"Unknown"
"7014853",371857,2025-09-25 16:43:39,43.3601417541504,-8.46245574951172,"Unknown"
"7014853",371857,2025-09-25 16:48:43,43.360221862793,-8.46257209777832,"Unknown"
"7014853",371857,2025-09-25 16:53:56,43.3602409362793,-8.46248817443848,"Unknown"
"7014853",371857,2025-09-25 16:58:50,43.3602485656738,-8.46250915527344,"Unknown"
"7014853",371857,2025-09-25 17:04:35,43.3602294921875,-8.46252536773682,"Unknown"
"7014853",371857,2025-09-25 17:08:36,43.3602752685547,-8.46263313293457,"Unknown"
"7014853",371857,2025-09-25 17:13:37,43.3540267944336,-8.45830726623535,"Unknown"
"7014853",371857,2025-09-25 17:18:42,43.353946685791,-8.45882606506348,"Unknown"
"7014853",371857,2025-09-25 17:23:36,43.356071472168,-8.45705795288086,"Unknown"
"7014853",371857,2025-09-25 17:28:35,43.3561477661133,-8.45710849761963,"Unknown"
"7014853",371857,2025-09-25 17:33:36,43.3563499450684,-8.4570369720459,"Unknown"
"7014853",371857,2025-09-25 17:38:48,43.3566627502441,-8.45852851867676,"Unknown"
"7014853",371857,2025-09-25 17:43:44,43.3564758300781,-8.45709133148193,"Unknown"
"7014853",371857,2025-09-25 17:48:36,43.3563423156738,-8.45698261260986,"Unknown"
"7014853",371857,2025-09-25 17:53:37,43.3563537597656,-8.45699310302734,"Unknown"
"7014853",371857,2025-09-25 17:58:40,43.3637504577637,-8.46261024475098,"Unknown"
"7014853",371857,2025-09-25 18:04:03,43.3602027893066,-8.46235275268555,"Unknown"
"7014853",371857,2025-09-25 18:08:35,43.3629989624023,-8.45988655090332,"Unknown"
"7014853",371857,2025-09-25 18:13:37,43.3819847106934,-8.43905925750732,"Unknown"
"7014853",371857,2025-09-25 18:18:42,43.3788566589355,-8.43050765991211,"Unknown"
"7014853",371857,2025-09-25 18:23:43,43.37890625,-8.43162727355957,"Unknown"
"7014853",371857,2025-09-25 18:28:42,43.3793258666992,-8.42959117889404,"Unknown"
"7014853",371857,2025-09-25 18:33:36,43.362621307373,-8.40003395080566,"Unknown"
"7014853",371857,2025-09-25 18:38:37,43.3595314025879,-8.4002799987793,"Unknown"
"7014853",371857,2025-09-25 18:44:05,43.3595237731934,-8.40014171600342,"Unknown"
"7014853",371857,2025-09-25 18:48:35,43.3595504760742,-8.40011405944824,"Unknown"
"7014853",371857,2025-09-25 18:53:38,43.359546661377,-8.40023422241211,"Unknown"
"7014853",371857,2025-09-25 18:58:46,43.3596076965332,-8.40008163452148,"Unknown"
"7014853",371857,2025-09-25 19:02:56,43.3595809936523,-8.40026569366455,"Unknown"
"7014853",371857,2025-09-26 00:03:21,43.3595695495605,-8.40152931213379,"Unknown"
"7014853",371857,2025-09-26 05:03:16,43.3597106933594,-8.39843463897705,"Unknown"
"7014853",371857,2025-09-26 06:30:15,43.3597221374512,-8.39848136901855,"Unknown"
"7014853",371857,2025-09-26 06:34:51,43.3572425842285,-8.40874576568604,"Unknown"
"7014853",371857,2025-09-26 06:39:54,43.3530616760254,-8.41742420196533,"Unknown"
"7014853",371857,2025-09-26 06:44:54,43.3530960083008,-8.41766548156738,"Unknown"
"7014853",371857,2025-09-26 06:49:51,43.3530540466309,-8.4176197052002,"Unknown"
"7014853",371857,2025-09-26 06:54:54,43.352710723877,-8.41764640808105,"Unknown"
"7014853",371857,2025-09-26 06:59:52,43.3530807495117,-8.41757678985596,"Unknown"
"7014853",371857,2025-09-26 07:04:49,43.353141784668,-8.4170093536377,"Unknown"
"7014853",371857,2025-09-26 07:09:54,43.3529815673828,-8.41792964935303,"Unknown"
"7014853",371857,2025-09-26 07:14:50,43.3531188964844,-8.41721248626709,"Unknown"
"7014853",371857,2025-09-26 07:20:14,43.3529281616211,-8.41803359985352,"Unknown"
"7014853",371857,2025-09-26 07:24:49,43.3528022766113,-8.41809940338135,"Unknown"
"7014853",371857,2025-09-26 07:29:46,43.3527069091797,-8.41804218292236,"Unknown"
"7014853",371857,2025-09-26 07:34:46,43.3526573181152,-8.41796875,"Unknown"
"7014853",371857,2025-09-26 07:39:47,43.3527221679688,-8.4180212020874,"Unknown"
"7014853",371857,2025-09-26 07:44:47,43.3526992797852,-8.41793727874756,"Unknown"
"7014853",371857,2025-09-26 07:50:14,43.3528022766113,-8.417893409729,"Unknown"
"7014853",371857,2025-09-26 07:54:47,43.3521194458008,-8.42013549804688,"Unknown"
"7014853",371857,2025-09-26 07:59:46,43.3470687866211,-8.45245552062988,"Unknown"
"7014853",371857,2025-09-26 08:04:51,43.3405227661133,-8.4543514251709,"Unknown"
"7014853",371857,2025-09-26 08:09:46,43.3551902770996,-8.45818901062012,"Unknown"
"7014853",371857,2025-09-26 08:14:47,43.3551483154297,-8.45812034606934,"Unknown"
"7014853",371857,2025-09-26 08:19:47,43.3549575805664,-8.45811557769775,"Unknown"
"7014853",371857,2025-09-26 08:24:51,43.3549995422363,-8.45810413360596,"Unknown"
"7014853",371857,2025-09-26 08:29:50,43.3548812866211,-8.45802879333496,"Unknown"
"7014853",371857,2025-09-26 08:34:52,43.3548469543457,-8.45806217193604,"Unknown"
"7014853",371857,2025-09-26 08:39:47,43.3560829162598,-8.45706939697266,"Unknown"
"7014853",371857,2025-09-26 08:44:47,43.3561401367188,-8.45710563659668,"Unknown"
"7014853",371857,2025-09-26 08:50:14,43.3561897277832,-8.45710372924805,"Unknown"
"7014853",371857,2025-09-26 08:54:48,43.3557167053223,-8.45662879943848,"Unknown"
"7014853",371857,2025-09-26 08:59:49,43.3562507629395,-8.45703029632568,"Unknown"
"7014853",371857,2025-09-26 09:04:51,43.3561744689941,-8.45705986022949,"Unknown"
"7014853",371857,2025-09-26 09:09:47,43.3562889099121,-8.45716667175293,"Unknown"
"7014853",371857,2025-09-26 09:14:51,43.3562278747559,-8.45712184906006,"Unknown"
"7014853",371857,2025-09-26 09:19:49,43.3564720153809,-8.45701885223389,"Unknown"
"7014853",371857,2025-09-26 09:24:51,43.3563537597656,-8.45709228515625,"Unknown"
"7014853",371857,2025-09-26 09:29:46,43.356273651123,-8.45696067810059,"Unknown"
"7014853",371857,2025-09-26 09:34:49,43.356273651123,-8.45703601837158,"Unknown"
"7014853",371857,2025-09-26 09:39:46,43.3565063476562,-8.45725250244141,"Unknown"
"7014853",371857,2025-09-26 09:45:49,43.3575859069824,-8.45886516571045,"Unknown"
"7014853",371857,2025-09-26 09:49:53,43.3572044372559,-8.45876693725586,"Unknown"
"7014853",371857,2025-09-26 09:55:08,43.3568649291992,-8.4584493637085,"Unknown"
"7014853",371857,2025-09-26 10:01:10,43.3563690185547,-8.45719337463379,"Unknown"
"7014853",371857,2025-09-26 10:04:49,43.3564605712891,-8.4572172164917,"Unknown"
"7014853",371857,2025-09-26 10:09:51,43.3561172485352,-8.45659351348877,"Unknown"
"7014853",371857,2025-09-26 10:14:51,43.3566017150879,-8.45754337310791,"Unknown"
"7014853",371857,2025-09-26 10:20:00,43.3564758300781,-8.45683193206787,"Unknown"
"7014853",371857,2025-09-26 10:24:54,43.3564529418945,-8.45719432830811,"Unknown"
"7014853",371857,2025-09-26 10:29:59,43.3565216064453,-8.45715618133545,"Unknown"
"7014853",371857,2025-09-26 10:35:15,43.3563613891602,-8.45822334289551,"Unknown"
"7014853",371857,2025-09-26 10:39:53,43.356315612793,-8.4578857421875,"Unknown"
"7014853",371857,2025-09-26 10:44:51,43.3563461303711,-8.45700073242188,"Unknown"
"7014853",371857,2025-09-26 10:49:49,43.3562774658203,-8.45699882507324,"Unknown"
"7014853",371857,2025-09-26 10:55:13,43.3540077209473,-8.45899391174316,"Unknown"
"7014853",371857,2025-09-26 10:59:54,43.3541259765625,-8.45851993560791,"Unknown"
"7014853",371857,2025-09-26 11:04:53,43.3550186157227,-8.45791053771973,"Unknown"
"7014853",371857,2025-09-26 11:09:47,43.3549613952637,-8.45778846740723,"Unknown"
"7014853",371857,2025-09-26 11:14:49,43.3550109863281,-8.45785808563232,"Unknown"
"7014853",371857,2025-09-26 11:20:07,43.3549957275391,-8.4579496383667,"Unknown"
"7014853",371857,2025-09-26 11:24:54,43.3550224304199,-8.45783424377441,"Unknown"
"7014853",371857,2025-09-26 11:29:55,43.3548889160156,-8.45812320709229,"Unknown"
"7014853",371857,2025-09-26 11:35:14,43.3550262451172,-8.4582052230835,"Unknown"
"7014853",371857,2025-09-26 11:39:53,43.3550910949707,-8.45851802825928,"Unknown"
"7014853",371857,2025-09-26 11:44:57,43.3550987243652,-8.45821380615234,"Unknown"
"7014853",371857,2025-09-26 11:50:02,43.3550109863281,-8.45816230773926,"Unknown"
"7014853",371857,2025-09-26 11:55:41,43.3542556762695,-8.45855808258057,"Unknown"
"7014853",371857,2025-09-26 11:59:46,43.356315612793,-8.45705986022949,"Unknown"
"7014853",371857,2025-09-26 12:06:05,43.3571815490723,-8.45741844177246,"Unknown"
"7014853",371857,2025-09-26 12:09:49,43.3538093566895,-8.47849750518799,"Unknown"
"7014853",371857,2025-09-26 12:14:48,43.3539733886719,-8.47854137420654,"Unknown"
"7014853",371857,2025-09-26 12:19:47,43.3539772033691,-8.47858428955078,"Unknown"
"7014853",371857,2025-09-26 12:24:52,43.3539543151855,-8.47837734222412,"Unknown"
"7014853",371857,2025-09-26 12:29:47,43.3538246154785,-8.47837352752686,"Unknown"
"7014853",371857,2025-09-26 12:34:49,43.3541603088379,-8.47886943817139,"Unknown"
"7014853",371857,2025-09-26 12:39:50,43.3541488647461,-8.47896385192871,"Unknown"
"7014853",371857,2025-09-26 12:44:49,43.3519859313965,-8.47797393798828,"Unknown"
"7014853",371857,2025-09-26 12:49:49,43.3472633361816,-8.50005054473877,"Unknown"
"7014853",371857,2025-09-26 12:54:49,43.3295593261719,-8.49593925476074,"Unknown"
"7014853",371857,2025-09-26 12:59:53,43.3297233581543,-8.49582576751709,"Unknown"
"7014853",371857,2025-09-26 13:04:53,43.3297119140625,-8.49608516693115,"Unknown"
"7014853",371857,2025-09-26 13:09:56,43.3343658447266,-8.51055335998535,"Unknown"
"7014853",371857,2025-09-26 13:14:49,43.3343925476074,-8.51014232635498,"Unknown"
"7014853",371857,2025-09-26 13:19:48,43.3344802856445,-8.50983715057373,"Unknown"
"7014853",371857,2025-09-26 13:24:57,43.3344192504883,-8.50992488861084,"Unknown"
"7014853",371857,2025-09-26 13:30:14,43.3344535827637,-8.50989437103271,"Unknown"
"7014853",371857,2025-09-26 13:35:12,43.33447265625,-8.50963687896729,"Unknown"
"7014853",371857,2025-09-26 13:39:53,43.334415435791,-8.50976753234863,"Unknown"
"7014853",371857,2025-09-26 13:44:52,43.3343849182129,-8.5093879699707,"Unknown"
"7014853",371857,2025-09-26 13:49:48,43.3344306945801,-8.50942134857178,"Unknown"
"7014853",371857,2025-09-26 13:54:47,43.334358215332,-8.50935363769531,"Unknown"
"7014853",371857,2025-09-26 13:59:49,43.3342704772949,-8.50910091400146,"Unknown"
"7014853",371857,2025-09-26 14:04:51,43.3342704772949,-8.50912952423096,"Unknown"
"7014853",371857,2025-09-26 14:09:51,43.334358215332,-8.50920486450195,"Unknown"
"7014853",371857,2025-09-26 14:14:51,43.334358215332,-8.50881862640381,"Unknown"
"7014853",371857,2025-09-26 14:20:12,43.3342895507812,-8.50891399383545,"Unknown"
"7014853",371857,2025-09-26 14:24:50,43.3409690856934,-8.51807594299316,"Unknown"
"7014853",371857,2025-09-26 14:30:23,43.3409729003906,-8.51780605316162,"Unknown"
"7014853",371857,2025-09-26 14:34:48,43.340950012207,-8.51781749725342,"Unknown"
"7014853",371857,2025-09-26 14:40:53,43.340934753418,-8.51780796051025,"Unknown"
"7014853",371857,2025-09-26 14:45:00,43.3410453796387,-8.51804828643799,"Unknown"
"7014853",371857,2025-09-26 14:49:49,43.3410453796387,-8.51798343658447,"Unknown"
"7014853",371857,2025-09-26 14:54:47,43.3410186767578,-8.51786994934082,"Unknown"
"7014853",371857,2025-09-26 14:59:49,43.3420867919922,-8.51870155334473,"Unknown"
"7014853",371857,2025-09-26 15:04:49,43.3410415649414,-8.51821041107178,"Unknown"
"7014853",371857,2025-09-26 15:09:51,43.3410606384277,-8.51803874969482,"Unknown"
"7014853",371857,2025-09-26 15:14:53,43.3408355712891,-8.51786994934082,"Unknown"
"7014853",371857,2025-09-26 15:19:48,43.3411064147949,-8.51823043823242,"Unknown"
"7014853",371857,2025-09-26 15:24:48,43.341236114502,-8.51839923858643,"Unknown"
"7014853",371857,2025-09-26 15:29:54,43.3409271240234,-8.51780319213867,"Unknown"
"7014853",371857,2025-09-26 15:34:53,43.3409614562988,-8.51807498931885,"Unknown"
"7014853",371857,2025-09-26 15:39:46,43.3409423828125,-8.51768684387207,"Unknown"
"7014853",371857,2025-09-26 15:44:47,43.3409957885742,-8.51780605316162,"Unknown"
"7014853",371857,2025-09-26 15:49:48,43.3409881591797,-8.51775932312012,"Unknown"
"7014853",371857,2025-09-26 15:54:54,43.3410377502441,-8.5178108215332,"Unknown"
"7014853",371857,2025-09-26 15:59:56,43.3411483764648,-8.51774787902832,"Unknown"
"7014853",371857,2025-09-26 16:04:56,43.3411636352539,-8.51773738861084,"Unknown"
"7014853",371857,2025-09-26 16:10:23,43.3409118652344,-8.5178279876709,"Unknown"
"7014853",371857,2025-09-26 16:14:46,43.3409690856934,-8.51782894134521,"Unknown"
"7014853",371857,2025-09-26 16:19:46,43.3409118652344,-8.51785755157471,"Unknown"
"7014853",371857,2025-09-26 16:24:47,43.3409690856934,-8.51784896850586,"Unknown"
"7014853",371857,2025-09-26 16:29:54,43.3408546447754,-8.51784420013428,"Unknown"
"7014853",371857,2025-09-26 16:34:46,43.3515396118164,-8.52582454681396,"Unknown"
"7014853",371857,2025-09-26 16:39:46,43.3806495666504,-8.51507949829102,"Unknown"
"7014853",371857,2025-09-26 16:44:46,43.4053153991699,-8.52286052703857,"Unknown"
"7014853",371857,2025-09-26 16:49:46,43.419132232666,-8.54004096984863,"Unknown"
"7014853",371857,2025-09-26 16:54:49,43.4171714782715,-8.53075981140137,"Unknown"
"7014853",371857,2025-09-26 16:59:47,43.4148254394531,-8.53602695465088,"Unknown"
"7014853",371857,2025-09-26 17:04:47,43.4076919555664,-8.54848289489746,"Unknown"
"7014853",371857,2025-09-26 17:09:48,43.4074211120605,-8.54630184173584,"Unknown"
"7014853",371857,2025-09-26 17:14:48,43.4074783325195,-8.54578971862793,"Unknown"
"7014853",371857,2025-09-26 17:19:48,43.407585144043,-8.5458345413208,"Unknown"
"7014853",371857,2025-09-26 17:24:55,43.407958984375,-8.5458812713623,"Unknown"
"7014853",371857,2025-09-26 17:29:48,43.407829284668,-8.5453987121582,"Unknown"
"7014853",371857,2025-09-26 17:34:48,43.4073677062988,-8.5449104309082,"Unknown"
"7014853",371857,2025-09-26 17:39:47,43.4050102233887,-8.51927280426025,"Unknown"
"7014853",371857,2025-09-26 17:44:46,43.397087097168,-8.48004150390625,"Unknown"
"7014853",371857,2025-09-26 17:49:48,43.3870468139648,-8.44075679779053,"Unknown"
"7014853",371857,2025-09-26 17:54:47,43.367057800293,-8.41121387481689,"Unknown"
"7014853",371857,2025-09-26 18:00:15,43.3616371154785,-8.40328502655029,"Unknown"
"7014853",371857,2025-09-26 18:04:51,43.3617057800293,-8.40324974060059,"Unknown"
"7014853",371857,2025-09-26 18:09:51,43.3613014221191,-8.40330219268799,"Unknown"
"7014853",371857,2025-09-26 18:14:59,43.3616600036621,-8.40328598022461,"Unknown"
"7014853",371857,2025-09-26 18:19:47,43.3614501953125,-8.4032154083252,"Unknown"
"7014853",371857,2025-09-26 18:24:51,43.3615760803223,-8.40315532684326,"Unknown"
"7014853",371857,2025-09-26 18:29:49,43.3579635620117,-8.40025806427002,"Unknown"
"7014853",371857,2025-09-26 18:34:52,43.3580436706543,-8.40045261383057,"Unknown"
"7014853",371857,2025-09-26 18:40:00,43.3593940734863,-8.40037155151367,"Unknown"
"7014853",371857,2025-09-26 18:44:51,43.359489440918,-8.40028476715088,"Unknown"
"7014853",371857,2025-09-26 18:50:15,43.3594551086426,-8.40036964416504,"Unknown"
"7014853",371857,2025-09-26 18:54:46,43.3594284057617,-8.40040016174316,"Unknown"
"7014853",371857,2025-09-26 19:01:18,43.3593406677246,-8.40047836303711,"Unknown"
"7014853",371857,2025-09-27 00:02:15,43.3595161437988,-8.40042591094971,"Unknown"
"7014853",371857,2025-09-27 05:01:45,43.359489440918,-8.40042972564697,"Unknown"
"7014853",371857,2025-09-27 06:31:32,43.3540306091309,-8.40705966949463,"Unknown"
"7014853",371857,2025-09-27 06:35:53,43.3527870178223,-8.44492721557617,"Unknown"
"7014853",371857,2025-09-27 06:40:53,43.3545951843262,-8.45817470550537,"Unknown"
"7014853",371857,2025-09-27 06:45:55,43.3543891906738,-8.45840358734131,"Unknown"
"7014853",371857,2025-09-27 06:50:54,43.3565673828125,-8.45720100402832,"Unknown"
"7014853",371857,2025-09-27 06:56:14,43.3628616333008,-8.4632682800293,"Unknown"
"7014853",371857,2025-09-27 07:01:00,43.3632545471191,-8.46385955810547,"Unknown"
"7014853",371857,2025-09-27 07:05:57,43.3631820678711,-8.4638032913208,"Unknown"
"7014853",371857,2025-09-27 07:10:59,43.3637733459473,-8.46511077880859,"Unknown"
"7014853",371857,2025-09-27 07:16:23,43.3632850646973,-8.46403026580811,"Unknown"
"7014853",371857,2025-09-27 07:20:51,43.3632621765137,-8.46429252624512,"Unknown"
"7014853",371857,2025-09-27 07:25:52,43.3631629943848,-8.46426773071289,"Unknown"
"7014853",371857,2025-09-27 07:30:52,43.3634757995605,-8.4640998840332,"Unknown"
"7014853",371857,2025-09-27 07:35:53,43.3635330200195,-8.46403503417969,"Unknown"
"7014853",371857,2025-09-27 07:40:58,43.3563919067383,-8.45702171325684,"Unknown"
"7014853",371857,2025-09-27 07:45:51,43.3558654785156,-8.45726871490479,"Unknown"
"7014853",371857,2025-09-27 07:50:53,43.356330871582,-8.4571704864502,"Unknown"
"7014853",371857,2025-09-27 07:55:52,43.3563461303711,-8.45706558227539,"Unknown"
"7014853",371857,2025-09-27 08:00:53,43.356330871582,-8.45705318450928,"Unknown"
"7014853",371857,2025-09-27 08:05:52,43.3564033508301,-8.45720291137695,"Unknown"
"7014853",371857,2025-09-27 08:10:55,43.3563919067383,-8.45723915100098,"Unknown"
"7014853",371857,2025-09-27 08:15:52,43.3563461303711,-8.4571361541748,"Unknown"
"7014853",371857,2025-09-27 08:20:59,43.356330871582,-8.45701122283936,"Unknown"
"7014853",371857,2025-09-27 08:25:53,43.3564300537109,-8.45705127716064,"Unknown"
"7014853",371857,2025-09-27 08:30:52,43.3562316894531,-8.45684337615967,"Unknown"
"7014853",371857,2025-09-27 08:36:11,43.3562355041504,-8.45686721801758,"Unknown"
"7014853",371857,2025-09-27 08:40:53,43.3563232421875,-8.45789813995361,"Unknown"
"7014853",371857,2025-09-27 08:45:51,43.3578300476074,-8.45781707763672,"Unknown"
"7014853",371857,2025-09-27 08:50:52,43.3541564941406,-8.45846843719482,"Unknown"
"7014853",371857,2025-09-27 08:55:51,43.3541564941406,-8.4585542678833,"Unknown"
"7014853",371857,2025-09-27 09:01:14,43.3538665771484,-8.45859241485596,"Unknown"
"7014853",371857,2025-09-27 09:06:49,43.3534851074219,-8.4584846496582,"Unknown"
"7014853",371857,2025-09-27 09:10:51,43.3540916442871,-8.45851993560791,"Unknown"
"7014853",371857,2025-09-27 09:15:51,43.3541069030762,-8.45849704742432,"Unknown"
"7014853",371857,2025-09-27 09:20:55,43.3538932800293,-8.45843315124512,"Unknown"
"7014853",371857,2025-09-27 09:25:51,43.3540229797363,-8.45877075195312,"Unknown"
"7014853",371857,2025-09-27 09:30:54,43.3539657592773,-8.45857715606689,"Unknown"
"7014853",371857,2025-09-27 09:36:00,43.3540267944336,-8.45846176147461,"Unknown"
"7014853",371857,2025-09-27 09:41:02,43.3540267944336,-8.45845413208008,"Unknown"
"7014853",371857,2025-09-27 09:46:14,43.3543472290039,-8.45843315124512,"Unknown"
"7014853",371857,2025-09-27 09:50:54,43.3542976379395,-8.45843601226807,"Unknown"
"7014853",371857,2025-09-27 09:56:14,43.3541870117188,-8.45845794677734,"Unknown"
"7014853",371857,2025-09-27 10:00:52,43.3541526794434,-8.45847034454346,"Unknown"
"7014853",371857,2025-09-27 10:16:50,43.3537788391113,-8.45833969116211,"Unknown"
"7014853",371857,2025-09-27 10:30:54,43.3474082946777,-8.45538425445557,"Unknown"
"7014853",371857,2025-09-27 10:35:58,43.3407249450684,-8.45385360717773,"Unknown"
"7014853",371857,2025-09-27 10:41:00,43.3409843444824,-8.45371723175049,"Unknown"
"7014853",371857,2025-09-27 10:46:28,43.3408241271973,-8.45388984680176,"Unknown"
"7014853",371857,2025-09-27 10:50:52,43.3408317565918,-8.4538516998291,"Unknown"
"7014853",371857,2025-09-27 10:55:52,43.3409233093262,-8.45377922058105,"Unknown"
"7014853",371857,2025-09-27 11:00:54,43.3408889770508,-8.45382404327393,"Unknown"
"7014853",371857,2025-09-27 11:05:57,43.3408622741699,-8.45408535003662,"Unknown"
"7014853",371857,2025-09-27 11:10:51,43.3409271240234,-8.45400524139404,"Unknown"
"7014853",371857,2025-09-27 11:15:51,43.3420143127441,-8.4534158706665,"Unknown"
"7014853",371857,2025-09-27 11:20:54,43.3417472839355,-8.453782081604,"Unknown"
"7014853",371857,2025-09-27 11:25:53,43.343994140625,-8.45122528076172,"Unknown"
"7014853",371857,2025-09-27 11:30:51,43.3439064025879,-8.4511022567749,"Unknown"
"7014853",371857,2025-09-27 11:35:54,43.3439025878906,-8.45106029510498,"Unknown"
"7014853",371857,2025-09-27 11:40:55,43.3438034057617,-8.45125389099121,"Unknown"
"7014853",371857,2025-09-27 11:45:53,43.3442077636719,-8.45102310180664,"Unknown"
"7014853",371857,2025-09-27 11:51:05,43.3438835144043,-8.4509220123291,"Unknown"
"7014853",371857,2025-09-27 11:55:59,43.3440055847168,-8.45098209381104,"Unknown"
"7014853",371857,2025-09-27 12:01:14,43.3439064025879,-8.45111656188965,"Unknown"
"7014853",371857,2025-09-27 12:05:51,43.3544273376465,-8.45813846588135,"Unknown"
"7014853",371857,2025-09-27 12:10:51,43.3543930053711,-8.45823383331299,"Unknown"
"7014853",371857,2025-09-27 12:15:51,43.3543357849121,-8.45816898345947,"Unknown"
"7014853",371857,2025-09-27 12:20:52,43.3543510437012,-8.45829391479492,"Unknown"
"7014853",371857,2025-09-27 12:25:55,43.3542938232422,-8.45825481414795,"Unknown"
"7014853",371857,2025-09-27 12:30:58,43.3543281555176,-8.4582691192627,"Unknown"
"7014853",371857,2025-09-27 12:35:55,43.3542251586914,-8.45821094512939,"Unknown"
"7014853",371857,2025-09-27 12:40:52,43.3541870117188,-8.45831489562988,"Unknown"
"7014853",371857,2025-09-27 12:45:57,43.3542976379395,-8.45837879180908,"Unknown"
"7014853",371857,2025-09-27 12:50:52,43.3539352416992,-8.45792102813721,"Unknown"
"7014853",371857,2025-09-27 12:56:00,43.3541069030762,-8.45838356018066,"Unknown"
"7014853",371857,2025-09-27 13:00:53,43.3541603088379,-8.45836162567139,"Unknown"
"7014853",371857,2025-09-27 13:05:58,43.3540954589844,-8.45845985412598,"Unknown"
"7014853",371857,2025-09-27 13:10:51,43.3542022705078,-8.45839500427246,"Unknown"
"7014853",371857,2025-09-27 13:16:00,43.3540878295898,-8.4584789276123,"Unknown"
"7014853",371857,2025-09-27 13:21:00,43.3540802001953,-8.45850944519043,"Unknown"
"7014853",371857,2025-09-27 13:25:58,43.3540802001953,-8.45831966400146,"Unknown"
"7014853",371857,2025-09-27 13:31:23,43.3540534973145,-8.45847606658936,"Unknown"
"7014853",371857,2025-09-27 13:35:52,43.3541717529297,-8.45866966247559,"Unknown"
"7014853",371857,2025-09-27 13:40:52,43.3541297912598,-8.45840263366699,"Unknown"
"7014853",371857,2025-09-27 13:45:51,43.3540420532227,-8.45842742919922,"Unknown"
"7014853",371857,2025-09-27 13:50:52,43.3540458679199,-8.45868396759033,"Unknown"
"7014853",371857,2025-09-27 13:55:53,43.3541450500488,-8.45870113372803,"Unknown"
"7014853",371857,2025-09-27 14:01:45,43.3539772033691,-8.45865154266357,"Unknown"
"7014853",371857,2025-09-27 14:06:13,43.3546524047852,-8.4583101272583,"Unknown"
"7014853",371857,2025-09-27 14:10:57,43.3544006347656,-8.4587516784668,"Unknown"
"7014853",371857,2025-09-27 14:15:55,43.3548316955566,-8.4581356048584,"Unknown"
"7014853",371857,2025-09-27 14:20:59,43.3547401428223,-8.45821952819824,"Unknown"
"7014853",371857,2025-09-27 14:25:54,43.3550300598145,-8.45814228057861,"Unknown"
"7014853",371857,2025-09-27 14:30:53,43.3549919128418,-8.45815658569336,"Unknown"
"7014853",371857,2025-09-27 14:36:13,43.3548049926758,-8.45790100097656,"Unknown"
"7014853",371857,2025-09-27 14:40:53,43.3548851013184,-8.45773887634277,"Unknown"
"7014853",371857,2025-09-27 14:45:52,43.3548126220703,-8.45797729492188,"Unknown"
"7014853",371857,2025-09-27 14:50:59,43.3548774719238,-8.45795059204102,"Unknown"
"7014853",371857,2025-09-27 14:55:53,43.3549423217773,-8.45797634124756,"Unknown"
"7014853",371857,2025-09-27 15:00:59,43.3523063659668,-8.47772121429443,"Unknown"
"7014853",371857,2025-09-27 15:05:58,43.3521728515625,-8.47769737243652,"Unknown"
"7014853",371857,2025-09-27 15:10:52,43.3520736694336,-8.47810554504395,"Unknown"
"7014853",371857,2025-09-27 15:16:06,43.352222442627,-8.47728157043457,"Unknown"
"7014853",371857,2025-09-27 15:20:53,43.3520660400391,-8.47815990447998,"Unknown"
"7014853",371857,2025-09-27 15:25:58,43.3522186279297,-8.47781562805176,"Unknown"
"7014853",371857,2025-09-27 15:31:23,43.3520431518555,-8.47788715362549,"Unknown"
"7014853",371857,2025-09-27 15:35:57,43.3517951965332,-8.47793960571289,"Unknown"
"7014853",371857,2025-09-27 15:40:53,43.3513336181641,-8.47836685180664,"Unknown"
"7014853",371857,2025-09-27 15:45:57,43.3522605895996,-8.47783660888672,"Unknown"
"7014853",371857,2025-09-27 15:51:14,43.3521766662598,-8.47800540924072,"Unknown"
"7014853",371857,2025-09-27 15:55:52,43.352180480957,-8.47791481018066,"Unknown"
"7014853",371857,2025-09-27 16:01:00,43.3524322509766,-8.4779167175293,"Unknown"
"7014853",371857,2025-09-27 16:05:53,43.3527069091797,-8.47752475738525,"Unknown"
"7014853",371857,2025-09-27 16:11:25,43.3523178100586,-8.47790050506592,"Unknown"
"7014853",371857,2025-09-27 16:15:52,43.3522262573242,-8.4778995513916,"Unknown"
"7014853",371857,2025-09-27 16:20:51,43.3521919250488,-8.47777080535889,"Unknown"
"7014853",371857,2025-09-27 16:25:51,43.3521957397461,-8.47781467437744,"Unknown"
"7014853",371857,2025-09-27 16:30:51,43.3521423339844,-8.47780513763428,"Unknown"
"7014853",371857,2025-09-27 16:35:52,43.3521270751953,-8.47776985168457,"Unknown"
"7014853",371857,2025-09-27 16:40:54,43.3521537780762,-8.47774791717529,"Unknown"
"7014853",371857,2025-09-27 16:45:54,43.3521728515625,-8.47777080535889,"Unknown"
"7014853",371857,2025-09-27 16:50:53,43.352108001709,-8.47762012481689,"Unknown"
"7014853",371857,2025-09-27 16:55:51,43.3520660400391,-8.4777774810791,"Unknown"
"7014853",371857,2025-09-27 17:00:53,43.3521728515625,-8.47764587402344,"Unknown"
"7014853",371857,2025-09-27 17:05:51,43.3650970458984,-8.46004867553711,"Unknown"
"7014853",371857,2025-09-27 17:10:57,43.3672523498535,-8.45763492584229,"Unknown"
"7014853",371857,2025-09-27 17:16:02,43.3672904968262,-8.45767211914062,"Unknown"
"7014853",371857,2025-09-27 17:20:59,43.3672256469727,-8.45777606964111,"Unknown"
"7014853",371857,2025-09-27 17:25:51,43.3731346130371,-8.4503755569458,"Unknown"
"7014853",371857,2025-09-27 17:30:51,43.3766021728516,-8.4268798828125,"Unknown"
"7014853",371857,2025-09-27 17:35:51,43.3603591918945,-8.40252017974854,"Unknown"
"7014853",371857,2025-09-27 17:40:55,43.3594703674316,-8.4006233215332,"Unknown"
"7014853",371857,2025-09-27 17:45:54,43.3594436645508,-8.40063285827637,"Unknown"
"7014853",371857,2025-09-27 17:50:57,43.3595352172852,-8.40055656433105,"Unknown"
"7014853",371857,2025-09-27 17:55:55,43.3595008850098,-8.40058612823486,"Unknown"
"7014853",371857,2025-09-27 18:01:14,43.3595008850098,-8.40060615539551,"Unknown"
"7014853",371857,2025-09-27 18:05:52,43.3595199584961,-8.40059757232666,"Unknown"
"7014853",371857,2025-09-27 18:10:51,43.3594818115234,-8.40059280395508,"Unknown"
"7014853",371857,2025-09-27 18:15:52,43.359375,-8.40055274963379,"Unknown"
"7014853",371857,2025-09-27 18:20:52,43.3594856262207,-8.40058898925781,"Unknown"
"7014853",371857,2025-09-27 18:25:51,43.359375,-8.40050888061523,"Unknown"
"7014853",371857,2025-09-27 18:30:52,43.3596153259277,-8.40066909790039,"Unknown"
"7014853",371857,2025-09-27 18:35:52,43.3594436645508,-8.40057373046875,"Unknown"
"7014853",371857,2025-09-27 18:40:54,43.359561920166,-8.4005880355835,"Unknown"
"7014853",371857,2025-09-27 18:46:15,43.3595085144043,-8.40054512023926,"Unknown"
"7014853",371857,2025-09-27 18:50:51,43.3593368530273,-8.40056800842285,"Unknown"
"7014853",371857,2025-09-27 18:55:52,43.359504699707,-8.40069961547852,"Unknown"
"7014853",371857,2025-09-27 18:59:28,43.3593254089355,-8.40074920654297,"Unknown"
"7014853",371857,2025-09-28 00:00:52,43.3594818115234,-8.40052032470703,"Unknown"
"7014853",371857,2025-09-28 04:59:59,43.3595199584961,-8.40055179595947,"Unknown"
"7014853",371857,2025-09-28 06:32:35,43.3773422241211,-8.46296405792236,"Unknown"
"7014853",371857,2025-09-28 06:37:02,43.3771705627441,-8.46373271942139,"Unknown"
"7014853",371857,2025-09-28 06:42:02,43.3768920898438,-8.46427440643311,"Unknown"
"7014853",371857,2025-09-28 06:47:01,43.3765487670898,-8.46481609344482,"Unknown"
"7014853",371857,2025-09-28 06:52:03,43.3762321472168,-8.46532440185547,"Unknown"
"7014853",371857,2025-09-28 06:57:02,43.3758926391602,-8.458815574646,"Unknown"
"7014853",371857,2025-09-28 07:02:10,43.3732223510742,-8.46390247344971,"Unknown"
"7014853",371857,2025-09-28 07:07:02,43.3709030151367,-8.4621753692627,"Unknown"
"7014853",371857,2025-09-28 07:12:04,43.3677215576172,-8.45779323577881,"Unknown"
"7014853",371857,2025-09-28 07:17:13,43.3676528930664,-8.45772552490234,"Unknown"
"7014853",371857,2025-09-28 07:22:08,43.367561340332,-8.4576416015625,"Unknown"
"7014853",371857,2025-09-28 07:27:08,43.3675193786621,-8.45762538909912,"Unknown"
"7014853",371857,2025-09-28 07:32:09,43.3674163818359,-8.45744609832764,"Unknown"
"7014853",371857,2025-09-28 07:37:10,43.3672790527344,-8.45716190338135,"Unknown"
"7014853",371857,2025-09-28 07:42:09,43.3677139282227,-8.45773029327393,"Unknown"
"7014853",371857,2025-09-28 07:47:14,43.3674201965332,-8.45773029327393,"Unknown"
"7014853",371857,2025-09-28 07:52:09,43.3675689697266,-8.45802307128906,"Unknown"
"7014853",371857,2025-09-28 07:57:10,43.3676910400391,-8.45837020874023,"Unknown"
"7014853",371857,2025-09-28 08:02:09,43.3675193786621,-8.4578685760498,"Unknown"
"7014853",371857,2025-09-28 08:07:13,43.3675117492676,-8.45780181884766,"Unknown"
"7014853",371857,2025-09-28 08:12:09,43.3675842285156,-8.45794677734375,"Unknown"
"7014853",371857,2025-09-28 08:17:14,43.3674774169922,-8.45776081085205,"Unknown"
"7014853",371857,2025-09-28 08:22:09,43.3674926757812,-8.4576997756958,"Unknown"
"7014853",371857,2025-09-28 08:27:08,43.3675498962402,-8.457763671875,"Unknown"
"7014853",371857,2025-09-28 08:32:09,43.367374420166,-8.45771312713623,"Unknown"
"7014853",371857,2025-09-28 08:37:09,43.367488861084,-8.45776748657227,"Unknown"
"7014853",371857,2025-09-28 08:42:09,43.3675765991211,-8.45780181884766,"Unknown"
"7014853",371857,2025-09-28 08:47:15,43.367603302002,-8.45822143554688,"Unknown"
"7014853",371857,2025-09-28 08:52:18,43.3675193786621,-8.45766067504883,"Unknown"
"7014853",371857,2025-09-28 08:57:09,43.3674659729004,-8.457763671875,"Unknown"
"7014853",371857,2025-09-28 09:02:09,43.3674278259277,-8.45761966705322,"Unknown"
"7014853",371857,2025-09-28 09:07:11,43.3675422668457,-8.45777702331543,"Unknown"
"7014853",371857,2025-09-28 09:12:08,43.367504119873,-8.45764541625977,"Unknown"
"7014853",371857,2025-09-28 09:17:09,43.3675308227539,-8.45766639709473,"Unknown"
"7014853",371857,2025-09-28 09:22:06,43.3694725036621,-8.45901489257812,"Unknown"
"7014853",371857,2025-09-28 09:27:03,43.3693656921387,-8.45900821685791,"Unknown"
"7014853",371857,2025-09-28 09:32:06,43.369457244873,-8.45922183990479,"Unknown"
"7014853",371857,2025-09-28 09:37:06,43.3695983886719,-8.45917987823486,"Unknown"
"7014853",371857,2025-09-28 09:42:09,43.3695907592773,-8.45937538146973,"Unknown"
"7014853",371857,2025-09-28 09:47:15,43.3695983886719,-8.45935249328613,"Unknown"
"7014853",371857,2025-09-28 09:52:07,43.3696365356445,-8.45914459228516,"Unknown"
"7014853",371857,2025-09-28 09:57:09,43.3696212768555,-8.45907783508301,"Unknown"
"7014853",371857,2025-09-28 10:02:06,43.3697166442871,-8.45885753631592,"Unknown"
"7014853",371857,2025-09-28 10:07:07,43.3697052001953,-8.45884132385254,"Unknown"
"7014853",371857,2025-09-28 10:12:07,43.3696746826172,-8.45881652832031,"Unknown"
"7014853",371857,2025-09-28 10:17:06,43.3696479797363,-8.45950984954834,"Unknown"
"7014853",371857,2025-09-28 10:22:03,43.3698234558105,-8.45937252044678,"Unknown"
"7014853",371857,2025-09-28 10:27:03,43.3701782226562,-8.45925045013428,"Unknown"
"7014853",371857,2025-09-28 10:32:16,43.3697280883789,-8.45956134796143,"Unknown"
"7014853",371857,2025-09-28 10:37:13,43.3697967529297,-8.45935344696045,"Unknown"
"7014853",371857,2025-09-28 10:42:35,43.3697624206543,-8.45920944213867,"Unknown"
"7014853",371857,2025-09-28 10:47:01,43.3696975708008,-8.45916175842285,"Unknown"
"7014853",371857,2025-09-28 10:52:01,43.369743347168,-8.45923042297363,"Unknown"
"7014853",371857,2025-09-28 10:57:02,43.3697509765625,-8.45933723449707,"Unknown"
"7014853",371857,2025-09-28 11:02:01,43.369800567627,-8.45931148529053,"Unknown"
"7014853",371857,2025-09-28 11:07:02,43.3697471618652,-8.45939540863037,"Unknown"
"7014853",371857,2025-09-28 11:12:01,43.3697738647461,-8.45938873291016,"Unknown"
"7014853",371857,2025-09-28 11:17:02,43.3697509765625,-8.45920085906982,"Unknown"
"7014853",371857,2025-09-28 11:22:01,43.3697357177734,-8.45929527282715,"Unknown"
"7014853",371857,2025-09-28 11:27:02,43.369800567627,-8.45934391021729,"Unknown"
"7014853",371857,2025-09-28 11:32:01,43.3697090148926,-8.45903015136719,"Unknown"
"7014853",371857,2025-09-28 11:37:02,43.3697967529297,-8.45936107635498,"Unknown"
"7014853",371857,2025-09-28 11:42:01,43.3698196411133,-8.45924663543701,"Unknown"
"7014853",371857,2025-09-28 11:47:02,43.3697052001953,-8.45918273925781,"Unknown"
"7014853",371857,2025-09-28 11:52:02,43.3697853088379,-8.45924186706543,"Unknown"
"7014853",371857,2025-09-28 11:57:04,43.369743347168,-8.45919609069824,"Unknown"
"7014853",371857,2025-09-28 12:02:03,43.369743347168,-8.45922374725342,"Unknown"
"7014853",371857,2025-09-28 12:07:02,43.3698959350586,-8.45935440063477,"Unknown"
"7014853",371857,2025-09-28 12:12:07,43.3697891235352,-8.45917129516602,"Unknown"
"7014853",371857,2025-09-28 12:17:14,43.3697853088379,-8.45911884307861,"Unknown"
"7014853",371857,2025-09-28 12:22:02,43.3696441650391,-8.4591646194458,"Unknown"
"7014853",371857,2025-09-28 12:27:06,43.3697090148926,-8.45923137664795,"Unknown"
"7014853",371857,2025-09-28 12:32:03,43.3697471618652,-8.4591817855835,"Unknown"
"7014853",371857,2025-09-28 12:37:02,43.3698921203613,-8.45941543579102,"Unknown"
"7014853",371857,2025-09-28 12:42:02,43.3698616027832,-8.45925235748291,"Unknown"
"7014853",371857,2025-09-28 12:47:04,43.3697776794434,-8.45909595489502,"Unknown"
"7014853",371857,2025-09-28 12:52:02,43.3698196411133,-8.4592342376709,"Unknown"
"7014853",371857,2025-09-28 12:57:04,43.3697967529297,-8.4591588973999,"Unknown"
"7014853",371857,2025-09-28 13:02:02,43.369743347168,-8.45902252197266,"Unknown"
"7014853",371857,2025-09-28 13:07:02,43.3696441650391,-8.45884990692139,"Unknown"
"7014853",371857,2025-09-28 13:12:06,43.3697967529297,-8.45907497406006,"Unknown"
"7014853",371857,2025-09-28 13:17:14,43.3697814941406,-8.45906352996826,"Unknown"
"7014853",371857,2025-09-28 13:22:01,43.3697738647461,-8.45922374725342,"Unknown"
"7014853",371857,2025-09-28 13:27:04,43.3697547912598,-8.45910453796387,"Unknown"
"7014853",371857,2025-09-28 13:32:03,43.3697090148926,-8.45932483673096,"Unknown"
"7014853",371857,2025-09-28 13:37:04,43.3697509765625,-8.45918941497803,"Unknown"
"7014853",371857,2025-09-28 13:42:01,43.369743347168,-8.45931529998779,"Unknown"
"7014853",371857,2025-09-28 13:47:14,43.369758605957,-8.45914459228516,"Unknown"
"7014853",371857,2025-09-28 13:52:01,43.369800567627,-8.45904636383057,"Unknown"
"7014853",371857,2025-09-28 13:57:04,43.3691940307617,-8.45924949645996,"Unknown"
"7014853",371857,2025-09-28 14:02:01,43.3781890869141,-8.44566249847412,"Unknown"
"7014853",371857,2025-09-28 14:07:26,43.3797721862793,-8.43363189697266,"Unknown"
"7014853",371857,2025-09-28 14:12:07,43.3798675537109,-8.43338966369629,"Unknown"
"7014853",371857,2025-09-28 14:17:08,43.3797035217285,-8.43394756317139,"Unknown"
"7014853",371857,2025-09-28 14:22:06,43.3797454833984,-8.43366241455078,"Unknown"
"7014853",371857,2025-09-28 14:27:08,43.3796882629395,-8.43387603759766,"Unknown"
"7014853",371857,2025-09-28 14:32:35,43.3797950744629,-8.43350219726562,"Unknown"
"7014853",371857,2025-09-28 14:37:31,43.3798027038574,-8.43351650238037,"Unknown"
"7014853",371857,2025-09-28 14:42:09,43.3798027038574,-8.43345642089844,"Unknown"
"7014853",371857,2025-09-28 14:47:14,43.3798675537109,-8.43343067169189,"Unknown"
"7014853",371857,2025-09-28 14:52:07,43.3798332214355,-8.43356132507324,"Unknown"
"7014853",371857,2025-09-28 14:57:02,43.3797569274902,-8.43346309661865,"Unknown"
"7014853",371857,2025-09-28 15:02:14,43.3797950744629,-8.43345069885254,"Unknown"
"7014853",371857,2025-09-28 15:07:04,43.3798980712891,-8.43343734741211,"Unknown"
"7014853",371857,2025-09-28 15:12:07,43.3798561096191,-8.43334484100342,"Unknown"
"7014853",371857,2025-09-28 15:17:35,43.379825592041,-8.43346405029297,"Unknown"
"7014853",371857,2025-09-28 15:22:07,43.3798065185547,-8.43346786499023,"Unknown"
"7014853",371857,2025-09-28 15:27:03,43.3798446655273,-8.43337440490723,"Unknown"
"7014853",371857,2025-09-28 15:32:06,43.3795471191406,-8.43341636657715,"Unknown"
"7014853",371857,2025-09-28 15:37:02,43.3799705505371,-8.43428134918213,"Unknown"
"7014853",371857,2025-09-28 15:42:06,43.3800735473633,-8.43432235717773,"Unknown"
"7014853",371857,2025-09-28 15:47:03,43.3800010681152,-8.43397521972656,"Unknown"
"7014853",371857,2025-09-28 15:52:02,43.3800201416016,-8.43427562713623,"Unknown"
"7014853",371857,2025-09-28 15:57:06,43.3800239562988,-8.43418884277344,"Unknown"
"7014853",371857,2025-09-28 16:02:12,43.3800773620605,-8.43422317504883,"Unknown"
"7014853",371857,2025-09-28 16:07:03,43.3800048828125,-8.43415069580078,"Unknown"
"7014853",371857,2025-09-28 16:12:03,43.3800849914551,-8.4342212677002,"Unknown"
"7014853",371857,2025-09-28 16:17:03,43.3800277709961,-8.43415451049805,"Unknown"
"7014853",371857,2025-09-28 16:22:02,43.3801422119141,-8.43429088592529,"Unknown"
"7014853",371857,2025-09-28 16:27:03,43.3801193237305,-8.43428230285645,"Unknown"
"7014853",371857,2025-09-28 16:32:03,43.3801574707031,-8.43421840667725,"Unknown"
"7014853",371857,2025-09-28 16:37:06,43.3801116943359,-8.43417739868164,"Unknown"
"7014853",371857,2025-09-28 16:42:02,43.3801383972168,-8.43428897857666,"Unknown"
"7014853",371857,2025-09-28 16:47:09,43.3801307678223,-8.43422412872314,"Unknown"
"7014853",371857,2025-09-28 16:52:08,43.380126953125,-8.43420791625977,"Unknown"
"7014853",371857,2025-09-28 16:57:03,43.380126953125,-8.43425178527832,"Unknown"
"7014853",371857,2025-09-28 17:02:07,43.3800888061523,-8.43425369262695,"Unknown"
"7014853",371857,2025-09-28 17:07:11,43.3801651000977,-8.4341516494751,"Unknown"
"7014853",371857,2025-09-28 17:12:02,43.3750877380371,-8.41841220855713,"Unknown"
"7014853",371857,2025-09-28 17:17:04,43.359188079834,-8.40078449249268,"Unknown"
"7014853",371857,2025-09-28 17:22:07,43.359260559082,-8.40081214904785,"Unknown"
"7014853",371857,2025-09-28 17:27:06,43.3591575622559,-8.40085315704346,"Unknown"
"7014853",371857,2025-09-28 17:32:03,43.3587226867676,-8.40074920654297,"Unknown"
"7014853",371857,2025-09-28 17:37:09,43.3590354919434,-8.40074729919434,"Unknown"
"7014853",371857,2025-09-28 17:42:07,43.3591079711914,-8.40073871612549,"Unknown"
"7014853",371857,2025-09-28 17:47:09,43.3592262268066,-8.40077018737793,"Unknown"
"7014853",371857,2025-09-28 17:52:09,43.3591918945312,-8.40081119537354,"Unknown"
"7014853",371857,2025-09-28 17:57:14,43.3590278625488,-8.40076446533203,"Unknown"
"7014853",371857,2025-09-28 18:02:09,43.3606910705566,-8.40088081359863,"Unknown"
"7014853",371857,2025-09-28 18:07:09,43.3600578308105,-8.40081310272217,"Unknown"
"7014853",371857,2025-09-28 18:12:01,43.3596725463867,-8.40081310272217,"Unknown"
"7014853",371857,2025-09-28 18:17:14,43.3593063354492,-8.40060806274414,"Unknown"
"7014853",371857,2025-09-28 18:22:04,43.3592948913574,-8.40057182312012,"Unknown"
"7014853",371857,2025-09-28 18:27:01,43.359260559082,-8.40056610107422,"Unknown"
"7014853",371857,2025-09-28 18:32:01,43.3592491149902,-8.40052032470703,"Unknown"
"7014853",371857,2025-09-28 18:37:03,43.3592758178711,-8.4003791809082,"Unknown"
"7014853",371857,2025-09-28 18:42:02,43.3589630126953,-8.4000301361084,"Unknown"
"7014853",371857,2025-09-28 18:47:15,43.3594589233398,-8.40052223205566,"Unknown"
"7014853",371857,2025-09-28 18:52:07,43.359432220459,-8.40050220489502,"Unknown"
"7014853",371857,2025-09-28 18:57:50,43.3592300415039,-8.40047454833984,"Unknown"
"7014853",371857,2025-09-28 23:58:05,43.3594779968262,-8.40051555633545,"Unknown"
"7014853",371857,2025-09-29 04:58:06,43.3594932556152,-8.40063858032227,"Unknown"
"7014853",371857,2025-09-29 06:33:14,43.3589782714844,-8.40083503723145,"Unknown"
"7014853",371857,2025-09-29 06:37:55,43.3704528808594,-8.41713333129883,"Unknown"
"7014853",371857,2025-09-29 06:42:54,43.3808517456055,-8.45158386230469,"Unknown"
"7014853",371857,2025-09-29 06:47:55,43.3719902038574,-8.46787929534912,"Unknown"
"7014853",371857,2025-09-29 06:52:55,43.3722381591797,-8.46768569946289,"Unknown"
"7014853",371857,2025-09-29 06:57:55,43.3720664978027,-8.46766185760498,"Unknown"
"7014853",371857,2025-09-29 07:02:56,43.3722496032715,-8.46737384796143,"Unknown"
"7014853",371857,2025-09-29 07:07:56,43.3720016479492,-8.46755027770996,"Unknown"
"7014853",371857,2025-09-29 07:12:56,43.3720321655273,-8.46747970581055,"Unknown"
"7014853",371857,2025-09-29 07:17:54,43.3720474243164,-8.46703720092773,"Unknown"
"7014853",371857,2025-09-29 07:22:57,43.3722381591797,-8.46683883666992,"Unknown"
"7014853",371857,2025-09-29 07:27:55,43.3720283508301,-8.46665287017822,"Unknown"
"7014853",371857,2025-09-29 07:32:57,43.3712425231934,-8.46444034576416,"Unknown"
"7014853",371857,2025-09-29 07:37:57,43.3712196350098,-8.4638090133667,"Unknown"
"7014853",371857,2025-09-29 07:42:55,43.37060546875,-8.46359825134277,"Unknown"
"7014853",371857,2025-09-29 07:47:54,43.3698883056641,-8.46444892883301,"Unknown"
"7014853",371857,2025-09-29 07:52:55,43.3694114685059,-8.46516227722168,"Unknown"
"7014853",371857,2025-09-29 07:57:57,43.3689041137695,-8.46589660644531,"Unknown"
"7014853",371857,2025-09-29 08:03:01,43.3644638061523,-8.476806640625,"Unknown"
"7014853",371857,2025-09-29 08:07:57,43.3641395568848,-8.47564888000488,"Unknown"
"7014853",371857,2025-09-29 08:12:56,43.3637733459473,-8.47514724731445,"Unknown"
"7014853",371857,2025-09-29 08:17:57,43.3634185791016,-8.47560405731201,"Unknown"
"7014853",371857,2025-09-29 08:23:28,43.3575973510742,-8.47383785247803,"Unknown"
"7014853",371857,2025-09-29 08:28:21,43.3574371337891,-8.47413063049316,"Unknown"
"7014853",371857,2025-09-29 08:33:29,43.3575820922852,-8.47369766235352,"Unknown"
"7014853",371857,2025-09-29 08:38:21,43.3575096130371,-8.47400856018066,"Unknown"
"7014853",371857,2025-09-29 08:43:21,43.3575973510742,-8.47397518157959,"Unknown"
"7014853",371857,2025-09-29 08:48:22,43.3575744628906,-8.47399520874023,"Unknown"
"7014853",371857,2025-09-29 08:53:21,43.3575973510742,-8.47395324707031,"Unknown"
"7014853",371857,2025-09-29 08:58:23,43.3576622009277,-8.47385787963867,"Unknown"
"7014853",371857,2025-09-29 09:03:21,43.3576126098633,-8.47393703460693,"Unknown"
"7014853",371857,2025-09-29 09:08:23,43.3576736450195,-8.47392177581787,"Unknown"
"7014853",371857,2025-09-29 09:13:30,43.3577880859375,-8.4736795425415,"Unknown"
"7014853",371857,2025-09-29 09:18:20,43.3577194213867,-8.47384643554688,"Unknown"
"7014853",371857,2025-09-29 09:23:20,43.3577270507812,-8.47385120391846,"Unknown"
"7014853",371857,2025-09-29 09:28:21,43.357723236084,-8.47386741638184,"Unknown"
"7014853",371857,2025-09-29 09:33:21,43.3577499389648,-8.47385025024414,"Unknown"
"7014853",371857,2025-09-29 09:38:23,43.3579177856445,-8.4736852645874,"Unknown"
"7014853",371857,2025-09-29 09:43:21,43.3578758239746,-8.47375202178955,"Unknown"
"7014853",371857,2025-09-29 09:48:35,43.3576469421387,-8.47392082214355,"Unknown"
"7014853",371857,2025-09-29 09:53:22,43.3580856323242,-8.47352504730225,"Unknown"
"7014853",371857,2025-09-29 09:58:24,43.3580017089844,-8.47353744506836,"Unknown"
"7014853",371857,2025-09-29 10:03:21,43.3604431152344,-8.46181774139404,"Unknown"
"7014853",371857,2025-09-29 10:08:19,43.3603172302246,-8.46187973022461,"Unknown"
"7014853",371857,2025-09-29 10:13:19,43.3602867126465,-8.46188735961914,"Unknown"
"7014853",371857,2025-09-29 10:18:19,43.3602561950684,-8.46197605133057,"Unknown"
"7014853",371857,2025-09-29 10:23:19,43.3602828979492,-8.46194458007812,"Unknown"
"7014853",371857,2025-09-29 10:28:19,43.3601341247559,-8.46193408966064,"Unknown"
"7014853",371857,2025-09-29 10:33:20,43.3601264953613,-8.46173286437988,"Unknown"
"7014853",371857,2025-09-29 10:38:20,43.3600692749023,-8.46157264709473,"Unknown"
"7014853",371857,2025-09-29 10:43:20,43.3599395751953,-8.46154022216797,"Unknown"
"7014853",371857,2025-09-29 10:48:20,43.3601570129395,-8.46174144744873,"Unknown"
"7014853",371857,2025-09-29 10:53:19,43.3601036071777,-8.46165084838867,"Unknown"
"7014853",371857,2025-09-29 10:58:20,43.3603057861328,-8.46181678771973,"Unknown"
"7014853",371857,2025-09-29 11:03:22,43.3602142333984,-8.46181583404541,"Unknown"
"7014853",371857,2025-09-29 11:08:20,43.3603096008301,-8.46190357208252,"Unknown"
"7014853",371857,2025-09-29 11:13:19,43.3562126159668,-8.45810985565186,"Unknown"
"7014853",371857,2025-09-29 11:18:18,43.3573036193848,-8.4593391418457,"Unknown"
"7014853",371857,2025-09-29 11:23:20,43.3562507629395,-8.45703220367432,"Unknown"
"7014853",371857,2025-09-29 11:28:19,43.3562355041504,-8.4571590423584,"Unknown"
"7014853",371857,2025-09-29 11:33:20,43.3564720153809,-8.45714855194092,"Unknown"
"7014853",371857,2025-09-29 11:38:23,43.3563003540039,-8.45699977874756,"Unknown"
"7014853",371857,2025-09-29 11:43:24,43.3561859130859,-8.45671844482422,"Unknown"
"7014853",371857,2025-09-29 11:48:25,43.356632232666,-8.45716571807861,"Unknown"
"7014853",371857,2025-09-29 11:53:19,43.3553276062012,-8.45799541473389,"Unknown"
"7014853",371857,2025-09-29 11:58:19,43.3556442260742,-8.45812225341797,"Unknown"
"7014853",371857,2025-09-29 12:03:19,43.3556137084961,-8.45809650421143,"Unknown"
"7014853",371857,2025-09-29 12:08:19,43.3556251525879,-8.45815944671631,"Unknown"
"7014853",371857,2025-09-29 12:13:19,43.3412895202637,-8.45435237884521,"Unknown"
"7014853",371857,2025-09-29 12:18:20,43.3403129577637,-8.45389747619629,"Unknown"
"7014853",371857,2025-09-29 12:23:20,43.341194152832,-8.45479679107666,"Unknown"
"7014853",371857,2025-09-29 12:28:20,43.3413314819336,-8.4547233581543,"Unknown"
"7014853",371857,2025-09-29 12:33:20,43.341552734375,-8.45462131500244,"Unknown"
"7014853",371857,2025-09-29 12:38:19,43.3498077392578,-8.45148372650146,"Unknown"
"7014853",371857,2025-09-29 12:43:20,43.3635673522949,-8.45934677124023,"Unknown"
"7014853",371857,2025-09-29 12:48:22,43.3635597229004,-8.45942211151123,"Unknown"
"7014853",371857,2025-09-29 12:53:20,43.3636016845703,-8.45939159393311,"Unknown"
"7014853",371857,2025-09-29 12:58:20,43.3633880615234,-8.45953559875488,"Unknown"
"7014853",371857,2025-09-29 13:03:20,43.3632774353027,-8.45970726013184,"Unknown"
"7014853",371857,2025-09-29 13:08:19,43.3632354736328,-8.45978832244873,"Unknown"
"7014853",371857,2025-09-29 13:13:21,43.3636054992676,-8.45939636230469,"Unknown"
"7014853",371857,2025-09-29 13:18:19,43.3635444641113,-8.4592752456665,"Unknown"
"7014853",371857,2025-09-29 13:23:20,43.3633995056152,-8.45939922332764,"Unknown"
"7014853",371857,2025-09-29 13:28:20,43.3632049560547,-8.45968151092529,"Unknown"
"7014853",371857,2025-09-29 13:33:20,43.3630332946777,-8.45934295654297,"Unknown"
"7014853",371857,2025-09-29 13:38:20,43.3631210327148,-8.45924854278564,"Unknown"
"7014853",371857,2025-09-29 13:43:19,43.3631248474121,-8.45920753479004,"Unknown"
"7014853",371857,2025-09-29 13:48:19,43.3633079528809,-8.45926380157471,"Unknown"
"7014853",371857,2025-09-29 13:53:20,43.3633575439453,-8.45917224884033,"Unknown"
"7014853",371857,2025-09-29 13:58:19,43.3631629943848,-8.459397315979,"Unknown"
"7014853",371857,2025-09-29 14:03:19,43.3633880615234,-8.45919418334961,"Unknown"
"7014853",371857,2025-09-29 14:08:19,43.3634033203125,-8.45919609069824,"Unknown"
"7014853",371857,2025-09-29 14:13:21,43.3631401062012,-8.4592170715332,"Unknown"
"7014853",371857,2025-09-29 14:18:20,43.3630599975586,-8.45908546447754,"Unknown"
"7014853",371857,2025-09-29 14:23:20,43.363208770752,-8.45904350280762,"Unknown"
"7014853",371857,2025-09-29 14:28:19,43.3629684448242,-8.45898246765137,"Unknown"
"7014853",371857,2025-09-29 14:33:20,43.3629875183105,-8.45897483825684,"Unknown"
"7014853",371857,2025-09-29 14:38:20,43.3631172180176,-8.45972919464111,"Unknown"
"7014853",371857,2025-09-29 14:43:20,43.3632583618164,-8.45941066741943,"Unknown"
"7014853",371857,2025-09-29 14:48:19,43.3634605407715,-8.45939540863037,"Unknown"
"7014853",371857,2025-09-29 14:53:44,43.3600463867188,-8.46301937103271,"Unknown"
"7014853",371857,2025-09-29 14:58:21,43.3600769042969,-8.46282005310059,"Unknown"
"7014853",371857,2025-09-29 15:03:22,43.3601875305176,-8.46251106262207,"Unknown"
"7014853",371857,2025-09-29 15:08:23,43.3599128723145,-8.46172332763672,"Unknown"
"7014853",371857,2025-09-29 15:13:23,43.3598747253418,-8.46201038360596,"Unknown"
"7014853",371857,2025-09-29 15:18:19,43.3550491333008,-8.45812702178955,"Unknown"
"7014853",371857,2025-09-29 15:23:19,43.3538970947266,-8.45797348022461,"Unknown"
"7014853",371857,2025-09-29 15:28:21,43.3540382385254,-8.45782470703125,"Unknown"
"7014853",371857,2025-09-29 15:33:20,43.3548774719238,-8.45810031890869,"Unknown"
"7014853",371857,2025-09-29 15:38:19,43.3555374145508,-8.45805931091309,"Unknown"
"7014853",371857,2025-09-29 15:43:22,43.355052947998,-8.4578685760498,"Unknown"
"7014853",371857,2025-09-29 15:48:20,43.3551063537598,-8.45787811279297,"Unknown"
"7014853",371857,2025-09-29 15:53:21,43.355224609375,-8.45804977416992,"Unknown"
"7014853",371857,2025-09-29 15:58:19,43.3554191589355,-8.45807361602783,"Unknown"
"7014853",371857,2025-09-29 16:03:24,43.3553695678711,-8.45816707611084,"Unknown"
"7014853",371857,2025-09-29 16:08:20,43.3562850952148,-8.45698165893555,"Unknown"
"7014853",371857,2025-09-29 16:13:23,43.3564033508301,-8.45692253112793,"Unknown"
"7014853",371857,2025-09-29 16:18:25,43.356201171875,-8.45656871795654,"Unknown"
"7014853",371857,2025-09-29 16:23:22,43.3560600280762,-8.45670604705811,"Unknown"
"7014853",371857,2025-09-29 16:28:19,43.3562126159668,-8.4567232131958,"Unknown"
"7014853",371857,2025-09-29 16:33:21,43.3581619262695,-8.45705032348633,"Unknown"
"7014853",371857,2025-09-29 16:38:22,43.3563957214355,-8.45679569244385,"Unknown"
"7014853",371857,2025-09-29 16:43:21,43.3571395874023,-8.45696258544922,"Unknown"
"7014853",371857,2025-09-29 16:48:25,43.3565101623535,-8.45691776275635,"Unknown"
"7014853",371857,2025-09-29 16:53:20,43.3557434082031,-8.45709133148193,"Unknown"
"7014853",371857,2025-09-29 16:58:20,43.3561668395996,-8.4571533203125,"Unknown"
"7014853",371857,2025-09-29 17:03:25,43.3564033508301,-8.45724201202393,"Unknown"
"7014853",371857,2025-09-29 17:08:24,43.3546371459961,-8.45786094665527,"Unknown"
"7014853",371857,2025-09-29 17:13:30,43.3562812805176,-8.45719432830811,"Unknown"
"7014853",371857,2025-09-29 17:18:21,43.3558883666992,-8.45710754394531,"Unknown"
"7014853",371857,2025-09-29 17:23:19,43.3563919067383,-8.45776748657227,"Unknown"
"7014853",371857,2025-09-29 17:28:20,43.3537292480469,-8.45858383178711,"Unknown"
"7014853",371857,2025-09-29 17:33:27,43.3545608520508,-8.45833492279053,"Unknown"
"7014853",371857,2025-09-29 17:38:19,43.3556022644043,-8.45766830444336,"Unknown"
"7014853",371857,2025-09-29 17:43:34,43.3559913635254,-8.45742225646973,"Unknown"
"7014853",371857,2025-09-29 17:48:35,43.3567695617676,-8.45678043365479,"Unknown"
"7014853",371857,2025-09-29 17:53:20,43.3555450439453,-8.45753860473633,"Unknown"
"7014853",371857,2025-09-29 17:58:37,43.3548393249512,-8.4579906463623,"Unknown"
"7014853",371857,2025-09-29 18:03:22,43.3548583984375,-8.45798206329346,"Unknown"
"7014853",371857,2025-09-29 18:08:21,43.3698654174805,-8.4561128616333,"Unknown"
"7014853",371857,2025-09-29 18:13:21,43.379581451416,-8.43386459350586,"Unknown"
"7014853",371857,2025-09-29 18:18:22,43.3680839538574,-8.41004085540771,"Unknown"
"7014853",371857,2025-09-29 18:23:22,43.3591346740723,-8.39986228942871,"Unknown"
"7014853",371857,2025-09-29 18:28:22,43.3592758178711,-8.40019989013672,"Unknown"
"7014853",371857,2025-09-29 18:33:29,43.359317779541,-8.40022563934326,"Unknown"
"7014853",371857,2025-09-29 18:38:29,43.3594398498535,-8.40025615692139,"Unknown"
"7014853",371857,2025-09-29 18:43:33,43.3593559265137,-8.40019798278809,"Unknown"
"7014853",371857,2025-09-29 18:48:30,43.3594856262207,-8.40037441253662,"Unknown"
"7014853",371857,2025-09-29 18:53:28,43.3595199584961,-8.40038013458252,"Unknown"
"7014853",371857,2025-09-29 18:55:53,43.3594741821289,-8.40025424957275,"Unknown"
"7014853",371857,2025-09-29 23:55:44,43.3604583740234,-8.40264797210693,"Unknown"
"7014853",371857,2025-09-30 04:55:44,43.3607788085938,-8.40250682830811,"Unknown"
"7014853",371857,2025-09-30 06:34:18,43.3645401000977,-8.39644908905029,"Unknown"
"7014853",371857,2025-09-30 06:39:19,43.3635025024414,-8.39633750915527,"Unknown"
"7014853",371857,2025-09-30 06:44:36,43.359203338623,-8.39949989318848,"Unknown"
"7014853",371857,2025-09-30 06:49:12,43.359302520752,-8.39942073822021,"Unknown"
"7014853",371857,2025-09-30 06:54:17,43.3592643737793,-8.39951705932617,"Unknown"
"7014853",371857,2025-09-30 06:59:11,43.3594627380371,-8.39950752258301,"Unknown"
"7014853",371857,2025-09-30 07:04:11,43.3593673706055,-8.39966773986816,"Unknown"
"7014853",371857,2025-09-30 07:09:18,43.3592758178711,-8.39953231811523,"Unknown"
"7014853",371857,2025-09-30 07:14:08,43.3593482971191,-8.39942359924316,"Unknown"
"7014853",371857,2025-09-30 07:19:09,43.3592948913574,-8.39939308166504,"Unknown"
"7014853",371857,2025-09-30 07:24:19,43.3594055175781,-8.399489402771,"Unknown"
"7014853",371857,2025-09-30 07:29:10,43.3593673706055,-8.39958572387695,"Unknown"
"7014853",371857,2025-09-30 07:34:16,43.3593482971191,-8.39964199066162,"Unknown"
"7014853",371857,2025-09-30 07:39:13,43.3593406677246,-8.39973545074463,"Unknown"
"7014853",371857,2025-09-30 07:44:11,43.3593292236328,-8.39978885650635,"Unknown"
"7014853",371857,2025-09-30 07:49:08,43.3596992492676,-8.40221118927002,"Unknown"
"7014853",371857,2025-09-30 07:54:11,43.3604698181152,-8.4058952331543,"Unknown"
"7014853",371857,2025-09-30 07:59:11,43.3604698181152,-8.40579795837402,"Unknown"
"7014853",371857,2025-09-30 08:04:18,43.3606605529785,-8.40612983703613,"Unknown"
"7014853",371857,2025-09-30 08:09:15,43.3606796264648,-8.40607070922852,"Unknown"
"7014853",371857,2025-09-30 08:14:09,43.3607292175293,-8.40608882904053,"Unknown"
"7014853",371857,2025-09-30 08:19:12,43.3606071472168,-8.40577602386475,"Unknown"
"7014853",371857,2025-09-30 08:24:11,43.3531112670898,-8.41788482666016,"Unknown"
"7014853",371857,2025-09-30 08:29:10,43.3530769348145,-8.4178352355957,"Unknown"
"7014853",371857,2025-09-30 08:34:10,43.3529205322266,-8.41761589050293,"Unknown"
"7014853",371857,2025-09-30 08:39:35,43.3530883789062,-8.41777038574219,"Unknown"
"7014853",371857,2025-09-30 08:44:08,43.3531036376953,-8.41779708862305,"Unknown"
"7014853",371857,2025-09-30 08:49:08,43.3530731201172,-8.41779804229736,"Unknown"
"7014853",371857,2025-09-30 08:54:07,43.3530693054199,-8.41779518127441,"Unknown"
"7014853",371857,2025-09-30 08:59:08,43.3530349731445,-8.41777992248535,"Unknown"
"7014853",371857,2025-09-30 09:04:07,43.3530731201172,-8.4177942276001,"Unknown"
"7014853",371857,2025-09-30 09:09:08,43.3531036376953,-8.41763210296631,"Unknown"
"7014853",371857,2025-09-30 09:14:08,43.3530235290527,-8.41782665252686,"Unknown"
"7014853",371857,2025-09-30 09:19:08,43.3506889343262,-8.43173408508301,"Unknown"
"7014853",371857,2025-09-30 09:24:08,43.3544540405273,-8.45342540740967,"Unknown"
"7014853",371857,2025-09-30 09:29:08,43.3542671203613,-8.45866394042969,"Unknown"
"7014853",371857,2025-09-30 09:34:08,43.3543128967285,-8.45865821838379,"Unknown"
"7014853",371857,2025-09-30 09:39:11,43.356517791748,-8.45691108703613,"Unknown"
"7014853",371857,2025-09-30 09:44:18,43.3567085266113,-8.45710563659668,"Unknown"
"7014853",371857,2025-09-30 09:49:18,43.3564834594727,-8.45721530914307,"Unknown"
"7014853",371857,2025-09-30 09:54:13,43.3565979003906,-8.45734310150146,"Unknown"
"7014853",371857,2025-09-30 09:59:09,43.3601036071777,-8.46139430999756,"Unknown"
"7014853",371857,2025-09-30 10:04:12,43.3600654602051,-8.46155643463135,"Unknown"
"7014853",371857,2025-09-30 10:09:12,43.3601264953613,-8.46166133880615,"Unknown"
"7014853",371857,2025-09-30 10:14:17,43.3601722717285,-8.4614429473877,"Unknown"
"7014853",371857,2025-09-30 10:19:18,43.3600997924805,-8.46164417266846,"Unknown"
"7014853",371857,2025-09-30 10:24:21,43.3589706420898,-8.46110439300537,"Unknown"
"7014853",371857,2025-09-30 10:29:18,43.360034942627,-8.46157836914062,"Unknown"
"7014853",371857,2025-09-30 10:34:20,43.3601684570312,-8.46118831634521,"Unknown"
"7014853",371857,2025-09-30 10:39:35,43.3601493835449,-8.46126461029053,"Unknown"
"7014853",371857,2025-09-30 10:44:07,43.3584861755371,-8.45955467224121,"Unknown"
"7014853",371857,2025-09-30 10:49:24,43.3556060791016,-8.45714282989502,"Unknown"
"7014853",371857,2025-09-30 10:54:18,43.3563957214355,-8.45706844329834,"Unknown"
"7014853",371857,2025-09-30 10:59:19,43.3565254211426,-8.45706844329834,"Unknown"
"7014853",371857,2025-09-30 11:04:19,43.3566207885742,-8.45692729949951,"Unknown"
"7014853",371857,2025-09-30 11:09:08,43.3594398498535,-8.45773792266846,"Unknown"
"7014853",371857,2025-09-30 11:14:12,43.3602523803711,-8.46232795715332,"Unknown"
"7014853",371857,2025-09-30 11:19:16,43.3602561950684,-8.46231842041016,"Unknown"
"7014853",371857,2025-09-30 11:24:09,43.360279083252,-8.4622220993042,"Unknown"
"7014853",371857,2025-09-30 11:29:18,43.3603477478027,-8.46227741241455,"Unknown"
"7014853",371857,2025-09-30 11:34:12,43.3602714538574,-8.46176815032959,"Unknown"
"7014853",371857,2025-09-30 11:39:35,43.3602027893066,-8.46183490753174,"Unknown"
"7014853",371857,2025-09-30 11:44:45,43.3602638244629,-8.46189975738525,"Unknown"
"7014853",371857,2025-09-30 11:49:07,43.3602752685547,-8.46183586120605,"Unknown"
"7014853",371857,2025-09-30 11:54:09,43.360107421875,-8.46172142028809,"Unknown"
"7014853",371857,2025-09-30 11:59:07,43.3602104187012,-8.46186637878418,"Unknown"
"7014853",371857,2025-09-30 12:04:10,43.3601570129395,-8.46170330047607,"Unknown"
"7014853",371857,2025-09-30 12:09:18,43.3600959777832,-8.46155261993408,"Unknown"
"7014853",371857,2025-09-30 12:14:10,43.3600540161133,-8.46164131164551,"Unknown"
"7014853",371857,2025-09-30 12:19:13,43.3600807189941,-8.46144104003906,"Unknown"
"7014853",371857,2025-09-30 12:24:12,43.3598175048828,-8.46125888824463,"Unknown"
"7014853",371857,2025-09-30 12:29:09,43.360179901123,-8.46129894256592,"Unknown"
"7014853",371857,2025-09-30 12:34:11,43.3601150512695,-8.46138477325439,"Unknown"
"7014853",371857,2025-09-30 12:39:10,43.3602485656738,-8.46270751953125,"Unknown"
"7014853",371857,2025-09-30 12:44:11,43.360294342041,-8.46158409118652,"Unknown"
"7014853",371857,2025-09-30 12:49:11,43.3600273132324,-8.46181774139404,"Unknown"
"7014853",371857,2025-09-30 12:54:11,43.3600921630859,-8.46186923980713,"Unknown"
"7014853",371857,2025-09-30 12:59:13,43.3601150512695,-8.46144199371338,"Unknown"
"7014853",371857,2025-09-30 13:04:11,43.3602409362793,-8.46167373657227,"Unknown"
"7014853",371857,2025-09-30 13:09:08,43.3602714538574,-8.4616117477417,"Unknown"
"7014853",371857,2025-09-30 13:14:09,43.3602676391602,-8.46159076690674,"Unknown"
"7014853",371857,2025-09-30 13:19:09,43.359806060791,-8.46184158325195,"Unknown"
"7014853",371857,2025-09-30 13:24:09,43.3600311279297,-8.46164226531982,"Unknown"
"7014853",371857,2025-09-30 13:29:09,43.3602333068848,-8.46149253845215,"Unknown"
"7014853",371857,2025-09-30 13:34:10,43.3601341247559,-8.46155071258545,"Unknown"
"7014853",371857,2025-09-30 13:39:09,43.3597946166992,-8.46170806884766,"Unknown"
"7014853",371857,2025-09-30 13:44:09,43.3600425720215,-8.46151638031006,"Unknown"
"7014853",371857,2025-09-30 13:49:11,43.3599243164062,-8.46098613739014,"Unknown"
"7014853",371857,2025-09-30 13:54:08,43.3562965393066,-8.45763301849365,"Unknown"
"7014853",371857,2025-09-30 13:59:08,43.356388092041,-8.45774936676025,"Unknown"
"7014853",371857,2025-09-30 14:04:08,43.3565711975098,-8.45712661743164,"Unknown"
"7014853",371857,2025-09-30 14:09:13,43.3550872802734,-8.45795917510986,"Unknown"
"7014853",371857,2025-09-30 14:14:08,43.3547477722168,-8.45784378051758,"Unknown"
"7014853",371857,2025-09-30 14:19:13,43.3545379638672,-8.4572229385376,"Unknown"
"7014853",371857,2025-09-30 14:24:09,43.3548355102539,-8.45763683319092,"Unknown"
"7014853",371857,2025-09-30 14:29:08,43.3549118041992,-8.45749568939209,"Unknown"
"7014853",371857,2025-09-30 14:34:09,43.3550033569336,-8.45771598815918,"Unknown"
"7014853",371857,2025-09-30 14:39:09,43.356014251709,-8.45653820037842,"Unknown"
"7014853",371857,2025-09-30 14:44:09,43.3560943603516,-8.45663738250732,"Unknown"
"7014853",371857,2025-09-30 14:49:35,43.3561134338379,-8.45677471160889,"Unknown"
"7014853",371857,2025-09-30 14:54:08,43.3560752868652,-8.45694541931152,"Unknown"
"7014853",371857,2025-09-30 14:59:08,43.3561668395996,-8.45677852630615,"Unknown"
"7014853",371857,2025-09-30 15:04:09,43.3566551208496,-8.4580020904541,"Unknown"
"7014853",371857,2025-09-30 15:09:10,43.3563041687012,-8.45756435394287,"Unknown"
"7014853",371857,2025-09-30 15:14:11,43.3566017150879,-8.45802974700928,"Unknown"
"7014853",371857,2025-09-30 15:19:08,43.3566093444824,-8.4579553604126,"Unknown"
"7014853",371857,2025-09-30 15:24:09,43.3562431335449,-8.4568452835083,"Unknown"
"7014853",371857,2025-09-30 15:29:08,43.3560638427734,-8.45688533782959,"Unknown"
"7014853",371857,2025-09-30 15:34:08,43.3561058044434,-8.45673274993896,"Unknown"
"7014853",371857,2025-09-30 15:39:09,43.3556785583496,-8.45698165893555,"Unknown"
"7014853",371857,2025-09-30 15:44:07,43.3558807373047,-8.45697593688965,"Unknown"
"7014853",371857,2025-09-30 15:49:08,43.3559379577637,-8.45704555511475,"Unknown"
"7014853",371857,2025-09-30 15:54:09,43.3557319641113,-8.45691204071045,"Unknown"
"7014853",371857,2025-09-30 15:59:09,43.356014251709,-8.45686626434326,"Unknown"
"7014853",371857,2025-09-30 16:04:09,43.3559646606445,-8.45713424682617,"Unknown"
"7014853",371857,2025-09-30 16:09:08,43.3559379577637,-8.45734596252441,"Unknown"
"7014853",371857,2025-09-30 16:14:08,43.3559951782227,-8.45715045928955,"Unknown"
"7014853",371857,2025-09-30 16:19:08,43.3560333251953,-8.4572057723999,"Unknown"
"7014853",371857,2025-09-30 16:24:08,43.3560066223145,-8.45705127716064,"Unknown"
"7014853",371857,2025-09-30 16:29:09,43.3560600280762,-8.45710849761963,"Unknown"
"7014853",371857,2025-09-30 16:34:08,43.3560485839844,-8.45682716369629,"Unknown"
"7014853",371857,2025-09-30 16:39:08,43.3569107055664,-8.45722579956055,"Unknown"
"7014853",371857,2025-09-30 16:44:09,43.3541488647461,-8.45845222473145,"Unknown"
"7014853",371857,2025-09-30 16:49:08,43.3541145324707,-8.45843124389648,"Unknown"
"7014853",371857,2025-09-30 16:54:09,43.3541107177734,-8.4585018157959,"Unknown"
"7014853",371857,2025-09-30 16:59:08,43.3541564941406,-8.45844554901123,"Unknown"
"7014853",371857,2025-09-30 17:04:08,43.3540534973145,-8.45835399627686,"Unknown"
"7014853",371857,2025-09-30 17:09:08,43.3541564941406,-8.45845222473145,"Unknown"
"7014853",371857,2025-09-30 17:14:11,43.3542213439941,-8.45839691162109,"Unknown"
"7014853",371857,2025-09-30 17:24:08,43.3493766784668,-8.45471668243408,"Unknown"
"7014853",371857,2025-09-30 17:29:09,43.3405914306641,-8.45395374298096,"Unknown"
"7014853",371857,2025-09-30 17:34:08,43.349292755127,-8.43357276916504,"Unknown"
"7014853",371857,2025-09-30 17:39:11,43.3524322509766,-8.42724323272705,"Unknown"
"7014853",371857,2025-09-30 17:44:09,43.3530693054199,-8.42585182189941,"Unknown"
"7014853",371857,2025-09-30 17:49:13,43.3595504760742,-8.40036964416504,"Unknown"
"7014853",371857,2025-09-30 17:54:11,43.3593940734863,-8.40018272399902,"Unknown"
"7014853",371857,2025-09-30 17:59:28,43.3595008850098,-8.40023803710938,"Unknown"
"7014853",371857,2025-09-30 18:04:32,43.3595428466797,-8.4004020690918,"Unknown"
"7014853",371857,2025-09-30 18:09:08,43.3595504760742,-8.40038299560547,"Unknown"
"7014853",371857,2025-09-30 18:14:08,43.3595314025879,-8.40036869049072,"Unknown"
"7014853",371857,2025-09-30 18:19:08,43.3594589233398,-8.40042304992676,"Unknown"
"7014853",371857,2025-09-30 18:24:08,43.3595542907715,-8.40037250518799,"Unknown"
"7014853",371857,2025-09-30 18:29:08,43.3595008850098,-8.40042781829834,"Unknown"
"7014853",371857,2025-09-30 18:34:12,43.3595657348633,-8.40037631988525,"Unknown"
"7014853",371857,2025-09-30 18:39:07,43.3594970703125,-8.40037631988525,"Unknown"
"7014853",371857,2025-09-30 18:44:08,43.3594398498535,-8.40038776397705,"Unknown"
"7014853",371857,2025-09-30 18:49:08,43.3594284057617,-8.40044021606445,"Unknown"
"7014853",371857,2025-09-30 18:54:03,43.3595199584961,-8.40028476715088,"Unknown"
"7014853",371857,2025-09-30 23:54:14,43.3604393005371,-8.40292739868164,"Unknown"
"7014853",371857,2025-10-01 04:54:35,43.3594589233398,-8.40000057220459,"Unknown"
"7014853",371857,2025-10-01 06:35:35,43.3596687316895,-8.40050029754639,"Unknown"
"7014853",371857,2025-10-01 06:40:28,43.3589286804199,-8.40011310577393,"Unknown"
"7014853",371857,2025-10-01 06:45:37,43.3593215942383,-8.40084934234619,"Unknown"
"7014853",371857,2025-10-01 06:50:27,43.3593139648438,-8.4008617401123,"Unknown"
"7014853",371857,2025-10-01 06:55:29,43.3592910766602,-8.40076160430908,"Unknown"
"7014853",371857,2025-10-01 07:00:29,43.3593978881836,-8.40119934082031,"Unknown"
"7014853",371857,2025-10-01 07:05:30,43.3594169616699,-8.40066242218018,"Unknown"
"7014853",371857,2025-10-01 07:10:34,43.3593406677246,-8.4008617401123,"Unknown"
"7014853",371857,2025-10-01 07:15:28,43.3608894348145,-8.4055643081665,"Unknown"
"7014853",371857,2025-10-01 07:20:27,43.3817443847656,-8.4448823928833,"Unknown"
"7014853",371857,2025-10-01 07:25:27,43.3774452209473,-8.46767711639404,"Unknown"
"7014853",371857,2025-10-01 07:30:31,43.3773574829102,-8.47899913787842,"Unknown"
"7014853",371857,2025-10-01 07:35:27,43.3766059875488,-8.48530578613281,"Unknown"
"7014853",371857,2025-10-01 07:40:27,43.3785858154297,-8.4890193939209,"Unknown"
"7014853",371857,2025-10-01 07:45:30,43.3792152404785,-8.48728466033936,"Unknown"
"7014853",371857,2025-10-01 07:50:30,43.3792190551758,-8.48635387420654,"Unknown"
"7014853",371857,2025-10-01 07:55:30,43.3822212219238,-8.48107528686523,"Unknown"
"7014853",371857,2025-10-01 08:00:29,43.3828163146973,-8.47969150543213,"Unknown"
"7014853",371857,2025-10-01 08:05:29,43.3823127746582,-8.47868633270264,"Unknown"
"7014853",371857,2025-10-01 08:10:30,43.365306854248,-8.48665428161621,"Unknown"
"7014853",371857,2025-10-01 08:15:27,43.3609924316406,-8.50593090057373,"Unknown"
"7014853",371857,2025-10-01 08:20:28,43.3511085510254,-8.52022647857666,"Unknown"
"7014853",371857,2025-10-01 08:25:30,43.3511085510254,-8.52005195617676,"Unknown"
"7014853",371857,2025-10-01 08:30:31,43.3512802124023,-8.52020072937012,"Unknown"
"7014853",371857,2025-10-01 08:35:28,43.351188659668,-8.52013397216797,"Unknown"
"7014853",371857,2025-10-01 08:40:30,43.3512115478516,-8.52012062072754,"Unknown"
"7014853",371857,2025-10-01 08:45:28,43.3512802124023,-8.51997184753418,"Unknown"
"7014853",371857,2025-10-01 08:50:28,43.3512725830078,-8.52006149291992,"Unknown"
"7014853",371857,2025-10-01 08:55:28,43.3513107299805,-8.52014255523682,"Unknown"
"7014853",371857,2025-10-01 09:00:28,43.3512573242188,-8.5202579498291,"Unknown"
"7014853",371857,2025-10-01 09:05:28,43.3510360717773,-8.52017974853516,"Unknown"
"7014853",371857,2025-10-01 09:10:28,43.3514976501465,-8.52015018463135,"Unknown"
"7014853",371857,2025-10-01 09:15:28,43.3514709472656,-8.5200366973877,"Unknown"
"7014853",371857,2025-10-01 09:20:28,43.3514976501465,-8.52015209197998,"Unknown"
"7014853",371857,2025-10-01 09:25:27,43.3513832092285,-8.52005767822266,"Unknown"
"7014853",371857,2025-10-01 09:30:28,43.3516006469727,-8.51997566223145,"Unknown"
"7014853",371857,2025-10-01 09:35:30,43.351490020752,-8.51999568939209,"Unknown"
"7014853",371857,2025-10-01 09:45:27,43.3514289855957,-8.52016735076904,"Unknown"
"7014853",371857,2025-10-01 09:50:27,43.3515014648438,-8.52007579803467,"Unknown"
"7014853",371857,2025-10-01 09:55:44,43.3516120910645,-8.52038764953613,"Unknown"
"7014853",371857,2025-10-01 10:00:33,43.351375579834,-8.52010154724121,"Unknown"
"7014853",371857,2025-10-01 10:05:28,43.351448059082,-8.52028846740723,"Unknown"
"7014853",371857,2025-10-01 10:10:28,43.3516387939453,-8.52016258239746,"Unknown"
"7014853",371857,2025-10-01 10:15:28,43.351245880127,-8.52005386352539,"Unknown"
"7014853",371857,2025-10-01 10:20:28,43.3512573242188,-8.52034568786621,"Unknown"
"7014853",371857,2025-10-01 10:25:28,43.3512077331543,-8.52020835876465,"Unknown"
"7014853",371857,2025-10-01 10:30:29,43.3515777587891,-8.51951026916504,"Unknown"
"7014853",371857,2025-10-01 10:35:28,43.3511924743652,-8.52030181884766,"Unknown"
"7014853",371857,2025-10-01 10:40:28,43.3512840270996,-8.52012538909912,"Unknown"
"7014853",371857,2025-10-01 10:45:28,43.3511047363281,-8.52015209197998,"Unknown"
"7014853",371857,2025-10-01 10:50:27,43.3509864807129,-8.52019882202148,"Unknown"
"7014853",371857,2025-10-01 10:55:28,43.3511161804199,-8.52021789550781,"Unknown"
"7014853",371857,2025-10-01 11:00:27,43.3510704040527,-8.52024173736572,"Unknown"
"7014853",371857,2025-10-01 11:05:29,43.3510932922363,-8.5201244354248,"Unknown"
"7014853",371857,2025-10-01 11:10:27,43.3511276245117,-8.52017211914062,"Unknown"
"7014853",371857,2025-10-01 11:15:27,43.3509788513184,-8.52026557922363,"Unknown"
"7014853",371857,2025-10-01 11:20:29,43.3510780334473,-8.52016925811768,"Unknown"
"7014853",371857,2025-10-01 11:25:29,43.3513031005859,-8.52019596099854,"Unknown"
"7014853",371857,2025-10-01 11:30:27,43.3512649536133,-8.51998996734619,"Unknown"
"7014853",371857,2025-10-01 11:35:27,43.351146697998,-8.51964473724365,"Unknown"
"7014853",371857,2025-10-01 11:40:28,43.3507499694824,-8.5196533203125,"Unknown"
"7014853",371857,2025-10-01 11:45:27,43.3525619506836,-8.51295185089111,"Unknown"
"7014853",371857,2025-10-01 11:50:29,43.3525390625,-8.5130558013916,"Unknown"
"7014853",371857,2025-10-01 11:55:28,43.3614883422852,-8.49123191833496,"Unknown"
"7014853",371857,2025-10-01 12:00:27,43.3576889038086,-8.45717620849609,"Unknown"
"7014853",371857,2025-10-01 12:05:34,43.3566284179688,-8.45715808868408,"Unknown"
"7014853",371857,2025-10-01 12:10:29,43.3564033508301,-8.4570779800415,"Unknown"
"7014853",371857,2025-10-01 12:15:33,43.3565139770508,-8.45722484588623,"Unknown"
"7014853",371857,2025-10-01 12:20:28,43.3563575744629,-8.45693016052246,"Unknown"
"7014853",371857,2025-10-01 12:25:30,43.356517791748,-8.4566011428833,"Unknown"
"7014853",371857,2025-10-01 12:35:33,43.3602714538574,-8.46111297607422,"Unknown"
"7014853",371857,2025-10-01 12:41:02,43.3610763549805,-8.46192932128906,"Unknown"
"7014853",371857,2025-10-01 12:45:27,43.3602638244629,-8.46168613433838,"Unknown"
"7014853",371857,2025-10-01 12:50:27,43.3600769042969,-8.46166896820068,"Unknown"
"7014853",371857,2025-10-01 12:55:28,43.3602676391602,-8.46172428131104,"Unknown"
"7014853",371857,2025-10-01 13:00:30,43.3598937988281,-8.46133708953857,"Unknown"
"7014853",371857,2025-10-01 13:05:37,43.3598594665527,-8.46149158477783,"Unknown"
"7014853",371857,2025-10-01 13:10:29,43.3598823547363,-8.46134281158447,"Unknown"
"7014853",371857,2025-10-01 13:15:28,43.3590126037598,-8.46144962310791,"Unknown"
"7014853",371857,2025-10-01 13:20:28,43.3602828979492,-8.46132946014404,"Unknown"
"7014853",371857,2025-10-01 13:25:33,43.3598976135254,-8.46120452880859,"Unknown"
"7014853",371857,2025-10-01 13:30:36,43.3599128723145,-8.46106433868408,"Unknown"
"7014853",371857,2025-10-01 13:35:27,43.359748840332,-8.4613094329834,"Unknown"
"7014853",371857,2025-10-01 13:40:40,43.359806060791,-8.46128559112549,"Unknown"
"7014853",371857,2025-10-01 13:45:30,43.3602104187012,-8.46127319335938,"Unknown"
"7014853",371857,2025-10-01 13:50:28,43.3591918945312,-8.46100330352783,"Unknown"
"7014853",371857,2025-10-01 13:55:31,43.3601264953613,-8.46085739135742,"Unknown"
"7014853",371857,2025-10-01 14:00:27,43.3591575622559,-8.46088886260986,"Unknown"
"7014853",371857,2025-10-01 14:05:29,43.3596801757812,-8.46066284179688,"Unknown"
"7014853",371857,2025-10-01 14:10:30,43.3692588806152,-8.45883941650391,"Unknown"
"7014853",371857,2025-10-01 14:15:27,43.3692054748535,-8.45908641815186,"Unknown"
"7014853",371857,2025-10-01 14:20:27,43.3696136474609,-8.45924186706543,"Unknown"
"7014853",371857,2025-10-01 14:25:30,43.3694801330566,-8.4591064453125,"Unknown"
"7014853",371857,2025-10-01 14:30:29,43.3693504333496,-8.45905685424805,"Unknown"
"7014853",371857,2025-10-01 14:35:27,43.3700408935547,-8.4597339630127,"Unknown"
"7014853",371857,2025-10-01 14:40:27,43.3699531555176,-8.45966148376465,"Unknown"
"7014853",371857,2025-10-01 14:45:27,43.3694839477539,-8.4591760635376,"Unknown"
"7014853",371857,2025-10-01 14:50:27,43.3695068359375,-8.45919227600098,"Unknown"
"7014853",371857,2025-10-01 14:55:27,43.3695068359375,-8.45932102203369,"Unknown"
"7014853",371857,2025-10-01 15:00:28,43.3694610595703,-8.45933818817139,"Unknown"
"7014853",371857,2025-10-01 15:05:28,43.3692054748535,-8.4592227935791,"Unknown"
"7014853",371857,2025-10-01 15:10:28,43.3688430786133,-8.45928764343262,"Unknown"
"7014853",371857,2025-10-01 15:15:27,43.368968963623,-8.45909881591797,"Unknown"
"7014853",371857,2025-10-01 15:20:28,43.3691825866699,-8.45893478393555,"Unknown"
"7014853",371857,2025-10-01 15:25:27,43.3689804077148,-8.45893478393555,"Unknown"
"7014853",371857,2025-10-01 15:30:27,43.3685417175293,-8.45926094055176,"Unknown"
"7014853",371857,2025-10-01 15:35:27,43.3673095703125,-8.45801830291748,"Unknown"
"7014853",371857,2025-10-01 15:40:27,43.3668632507324,-8.45832061767578,"Unknown"
"7014853",371857,2025-10-01 15:45:27,43.3669586181641,-8.45816802978516,"Unknown"
"7014853",371857,2025-10-01 15:50:26,43.366870880127,-8.45819187164307,"Unknown"
"7014853",371857,2025-10-01 15:55:28,43.3665618896484,-8.45795059204102,"Unknown"
"7014853",371857,2025-10-01 16:00:30,43.3671340942383,-8.45721912384033,"Unknown"
"7014853",371857,2025-10-01 16:05:29,43.3668327331543,-8.45808506011963,"Unknown"
"7014853",371857,2025-10-01 16:10:30,43.3669357299805,-8.45769023895264,"Unknown"
"7014853",371857,2025-10-01 16:15:27,43.3628349304199,-8.4595947265625,"Unknown"
"7014853",371857,2025-10-01 16:20:27,43.3628425598145,-8.45981788635254,"Unknown"
"7014853",371857,2025-10-01 16:25:27,43.3663902282715,-8.45829105377197,"Unknown"
"7014853",371857,2025-10-01 16:30:27,43.3663330078125,-8.45805835723877,"Unknown"
"7014853",371857,2025-10-01 16:35:59,43.3664741516113,-8.45823669433594,"Unknown"
"7014853",371857,2025-10-01 16:40:26,43.3666152954102,-8.45852184295654,"Unknown"
"7014853",371857,2025-10-01 16:45:28,43.366641998291,-8.45851802825928,"Unknown"
"7014853",371857,2025-10-01 16:50:26,43.36669921875,-8.45850944519043,"Unknown"
"7014853",371857,2025-10-01 16:55:27,43.3668098449707,-8.45832920074463,"Unknown"
"7014853",371857,2025-10-01 17:00:27,43.3666877746582,-8.4577522277832,"Unknown"
"7014853",371857,2025-10-01 17:05:27,43.3666229248047,-8.45795822143555,"Unknown"
"7014853",371857,2025-10-01 17:10:27,43.3737258911133,-8.45039844512939,"Unknown"
"7014853",371857,2025-10-01 17:15:27,43.3797264099121,-8.43354606628418,"Unknown"
"7014853",371857,2025-10-01 17:20:29,43.3800888061523,-8.43441867828369,"Unknown"
"7014853",371857,2025-10-01 17:25:33,43.3797454833984,-8.43363475799561,"Unknown"
"7014853",371857,2025-10-01 17:31:14,43.3795166015625,-8.43358707427979,"Unknown"
"7014853",371857,2025-10-01 17:35:33,43.3795204162598,-8.43319320678711,"Unknown"
"7014853",371857,2025-10-01 17:40:30,43.3795280456543,-8.43536376953125,"Unknown"
"7014853",371857,2025-10-01 17:45:36,43.3798789978027,-8.43356418609619,"Unknown"
"7014853",371857,2025-10-01 17:50:35,43.3799438476562,-8.43362140655518,"Unknown"
"7014853",371857,2025-10-01 17:55:36,43.3797149658203,-8.43349647521973,"Unknown"
"7014853",371857,2025-10-01 18:00:27,43.3788948059082,-8.42561912536621,"Unknown"
"7014853",371857,2025-10-01 18:05:29,43.3596382141113,-8.39975643157959,"Unknown"
"7014853",371857,2025-10-01 18:10:30,43.3597068786621,-8.39977264404297,"Unknown"
"7014853",371857,2025-10-01 18:15:27,43.3596267700195,-8.39996528625488,"Unknown"
"7014853",371857,2025-10-01 18:20:28,43.3596458435059,-8.39994812011719,"Unknown"
"7014853",371857,2025-10-01 18:25:27,43.3596496582031,-8.39989948272705,"Unknown"
"7014853",371857,2025-10-01 18:30:28,43.3596687316895,-8.39983654022217,"Unknown"
"7014853",371857,2025-10-01 18:35:28,43.3597259521484,-8.39979648590088,"Unknown"
"7014853",371857,2025-10-01 18:40:27,43.3597640991211,-8.39976692199707,"Unknown"
"7014853",371857,2025-10-01 18:45:27,43.359733581543,-8.39982414245605,"Unknown"
"7014853",371857,2025-10-01 18:52:18,43.3597755432129,-8.3997220993042,"Unknown"
"7014853",371857,2025-10-01 23:52:45,43.359733581543,-8.39987850189209,"Unknown"
"7014853",371857,2025-10-02 04:52:46,43.3586769104004,-8.40004444122314,"Unknown"
"7014853",371857,2025-10-02 06:37:05,43.3594512939453,-8.40045070648193,"Unknown"
"7014853",371857,2025-10-02 06:41:44,43.3592948913574,-8.4003210067749,"Unknown"
"7014853",371857,2025-10-02 06:46:53,43.359260559082,-8.40034961700439,"Unknown"
"7014853",371857,2025-10-02 06:51:40,43.3604393005371,-8.40322971343994,"Unknown"
"7014853",371857,2025-10-02 06:56:40,43.3527412414551,-8.41699123382568,"Unknown"
"7014853",371857,2025-10-02 07:01:34,43.3528213500977,-8.41700458526611,"Unknown"
"7014853",371857,2025-10-02 07:06:34,43.3528099060059,-8.41701984405518,"Unknown"
"7014853",371857,2025-10-02 07:11:38,43.3529777526855,-8.41720008850098,"Unknown"
"7014853",371857,2025-10-02 07:16:39,43.3527984619141,-8.41697883605957,"Unknown"
"7014853",371857,2025-10-02 07:21:39,43.3527641296387,-8.41697978973389,"Unknown"
"7014853",371857,2025-10-02 07:26:44,43.3528480529785,-8.41706371307373,"Unknown"
"7014853",371857,2025-10-02 07:31:39,43.3528594970703,-8.41665172576904,"Unknown"
"7014853",371857,2025-10-02 07:36:39,43.3528518676758,-8.41725444793701,"Unknown"
"7014853",371857,2025-10-02 07:41:39,43.3529357910156,-8.41722011566162,"Unknown"
"7014853",371857,2025-10-02 07:46:41,43.3528022766113,-8.41727161407471,"Unknown"
"7014853",371857,2025-10-02 07:51:44,43.3529319763184,-8.41727828979492,"Unknown"
"7014853",371857,2025-10-02 07:56:39,43.3528747558594,-8.41744613647461,"Unknown"
"7014853",371857,2025-10-02 08:01:39,43.3528137207031,-8.41737842559814,"Unknown"
"7014853",371857,2025-10-02 08:06:39,43.3528594970703,-8.41726684570312,"Unknown"
"7014853",371857,2025-10-02 08:11:39,43.3529167175293,-8.41736030578613,"Unknown"
"7014853",371857,2025-10-02 08:17:06,43.3529090881348,-8.4173641204834,"Unknown"
"7014853",371857,2025-10-02 08:21:33,43.352912902832,-8.41738700866699,"Unknown"
"7014853",371857,2025-10-02 08:26:33,43.3529510498047,-8.41729927062988,"Unknown"
"7014853",371857,2025-10-02 08:31:34,43.3529319763184,-8.4172945022583,"Unknown"
"7014853",371857,2025-10-02 08:36:33,43.3528785705566,-8.41739273071289,"Unknown"
"7014853",371857,2025-10-02 08:41:45,43.3529357910156,-8.41734790802002,"Unknown"
"7014853",371857,2025-10-02 08:46:33,43.3529090881348,-8.41735649108887,"Unknown"
"7014853",371857,2025-10-02 08:51:34,43.3529739379883,-8.41723251342773,"Unknown"
"7014853",371857,2025-10-02 08:56:34,43.3528213500977,-8.41753196716309,"Unknown"
"7014853",371857,2025-10-02 09:01:34,43.352912902832,-8.41727733612061,"Unknown"
"7014853",371857,2025-10-02 09:06:33,43.3528823852539,-8.41732025146484,"Unknown"
"7014853",371857,2025-10-02 09:11:33,43.3528747558594,-8.41732311248779,"Unknown"
"7014853",371857,2025-10-02 09:16:34,43.352954864502,-8.41728019714355,"Unknown"
"7014853",371857,2025-10-02 09:21:33,43.3527679443359,-8.42978382110596,"Unknown"
"7014853",371857,2025-10-02 09:26:36,43.3564109802246,-8.4571475982666,"Unknown"
"7014853",371857,2025-10-02 09:31:34,43.3561515808105,-8.45717811584473,"Unknown"
"7014853",371857,2025-10-02 09:36:36,43.356372833252,-8.45716762542725,"Unknown"
"7014853",371857,2025-10-02 09:41:37,43.3562622070312,-8.45700645446777,"Unknown"
"7014853",371857,2025-10-02 09:46:37,43.3563804626465,-8.45705699920654,"Unknown"
"7014853",371857,2025-10-02 09:51:34,43.3565063476562,-8.45702266693115,"Unknown"
"7014853",371857,2025-10-02 09:56:36,43.3561973571777,-8.45710372924805,"Unknown"
"7014853",371857,2025-10-02 10:01:36,43.3562278747559,-8.45702362060547,"Unknown"
"7014853",371857,2025-10-02 10:06:37,43.3561553955078,-8.4570894241333,"Unknown"
"7014853",371857,2025-10-02 10:11:34,43.3560981750488,-8.45708847045898,"Unknown"
"7014853",371857,2025-10-02 10:16:33,43.3560981750488,-8.457106590271,"Unknown"
"7014853",371857,2025-10-02 10:21:33,43.3560905456543,-8.45717525482178,"Unknown"
"7014853",371857,2025-10-02 10:26:33,43.356086730957,-8.4571008682251,"Unknown"
"7014853",371857,2025-10-02 10:31:47,43.3558540344238,-8.457350730896,"Unknown"
"7014853",371857,2025-10-02 10:36:53,43.3561477661133,-8.45690059661865,"Unknown"
"7014853",371857,2025-10-02 10:42:05,43.3561058044434,-8.45709133148193,"Unknown"
"7014853",371857,2025-10-02 10:46:34,43.3560371398926,-8.45709419250488,"Unknown"
"7014853",371857,2025-10-02 10:51:33,43.3561553955078,-8.4571647644043,"Unknown"
"7014853",371857,2025-10-02 10:56:37,43.3563804626465,-8.45703887939453,"Unknown"
"7014853",371857,2025-10-02 11:01:50,43.3551559448242,-8.4551305770874,"Unknown"
"7014853",371857,2025-10-02 11:06:33,43.3564224243164,-8.45702934265137,"Unknown"
"7014853",371857,2025-10-02 11:11:34,43.3605537414551,-8.46749591827393,"Unknown"
"7014853",371857,2025-10-02 11:16:34,43.3585205078125,-8.4728832244873,"Unknown"
"7014853",371857,2025-10-02 11:21:37,43.3577613830566,-8.47376728057861,"Unknown"
"7014853",371857,2025-10-02 11:26:37,43.3578071594238,-8.47382068634033,"Unknown"
"7014853",371857,2025-10-02 11:31:42,43.3577117919922,-8.47384357452393,"Unknown"
"7014853",371857,2025-10-02 11:36:36,43.3578681945801,-8.47390460968018,"Unknown"
"7014853",371857,2025-10-02 11:41:39,43.3579559326172,-8.47396850585938,"Unknown"
"7014853",371857,2025-10-02 11:46:37,43.3577880859375,-8.47369384765625,"Unknown"
"7014853",371857,2025-10-02 11:51:36,43.3579025268555,-8.47397232055664,"Unknown"
"7014853",371857,2025-10-02 11:56:42,43.3577461242676,-8.47371006011963,"Unknown"
"7014853",371857,2025-10-02 12:01:36,43.357738494873,-8.47373962402344,"Unknown"
"7014853",371857,2025-10-02 12:06:33,43.3573684692383,-8.47386455535889,"Unknown"
"7014853",371857,2025-10-02 12:11:33,43.3576202392578,-8.47382545471191,"Unknown"
"7014853",371857,2025-10-02 12:16:44,43.357551574707,-8.47370624542236,"Unknown"
"7014853",371857,2025-10-02 12:21:39,43.3576011657715,-8.47376823425293,"Unknown"
"7014853",371857,2025-10-02 12:26:38,43.3575744628906,-8.47366714477539,"Unknown"
"7014853",371857,2025-10-02 12:31:41,43.3575859069824,-8.47367286682129,"Unknown"
"7014853",371857,2025-10-02 12:36:35,43.3576431274414,-8.4737720489502,"Unknown"
"7014853",371857,2025-10-02 12:41:46,43.3576736450195,-8.47375774383545,"Unknown"
"7014853",371857,2025-10-02 12:47:05,43.3521499633789,-8.47783851623535,"Unknown"
"7014853",371857,2025-10-02 12:51:36,43.3539123535156,-8.47472190856934,"Unknown"
"7014853",371857,2025-10-02 12:56:34,43.3446350097656,-8.49927711486816,"Unknown"
"7014853",371857,2025-10-02 13:01:36,43.3293914794922,-8.4956750869751,"Unknown"
"7014853",371857,2025-10-02 13:06:33,43.3293914794922,-8.49577140808105,"Unknown"
"7014853",371857,2025-10-02 13:12:14,43.3308753967285,-8.4962854385376,"Unknown"
"7014853",371857,2025-10-02 13:16:34,43.330997467041,-8.49614810943604,"Unknown"
"7014853",371857,2025-10-02 13:21:34,43.3309745788574,-8.49623203277588,"Unknown"
"7014853",371857,2025-10-02 13:26:37,43.330940246582,-8.49631118774414,"Unknown"
"7014853",371857,2025-10-02 13:31:33,43.3309020996094,-8.49634838104248,"Unknown"
"7014853",371857,2025-10-02 13:37:35,43.3309631347656,-8.4963493347168,"Unknown"
"7014853",371857,2025-10-02 13:41:36,43.3309669494629,-8.49627494812012,"Unknown"
"7014853",371857,2025-10-02 13:46:33,43.3337516784668,-8.50815486907959,"Unknown"
"7014853",371857,2025-10-02 13:51:34,43.3337478637695,-8.5082311630249,"Unknown"
"7014853",371857,2025-10-02 13:56:44,43.3338203430176,-8.50828647613525,"Unknown"
"7014853",371857,2025-10-02 14:01:34,43.3337326049805,-8.50830364227295,"Unknown"
"7014853",371857,2025-10-02 14:06:34,43.3337593078613,-8.50821304321289,"Unknown"
"7014853",371857,2025-10-02 14:11:33,43.3338050842285,-8.50837230682373,"Unknown"
"7014853",371857,2025-10-02 14:16:37,43.3336944580078,-8.50808811187744,"Unknown"
"7014853",371857,2025-10-02 14:21:34,43.3337364196777,-8.50817394256592,"Unknown"
"7014853",371857,2025-10-02 14:26:38,43.3337593078613,-8.50825786590576,"Unknown"
"7014853",371857,2025-10-02 14:32:12,43.3340072631836,-8.50871181488037,"Unknown"
"7014853",371857,2025-10-02 14:36:33,43.3340797424316,-8.50893974304199,"Unknown"
"7014853",371857,2025-10-02 14:42:04,43.3339157104492,-8.50857734680176,"Unknown"
"7014853",371857,2025-10-02 14:46:33,43.3340263366699,-8.50875854492188,"Unknown"
"7014853",371857,2025-10-02 14:51:34,43.3339576721191,-8.50858306884766,"Unknown"
"7014853",371857,2025-10-02 14:56:33,43.3340148925781,-8.50856399536133,"Unknown"
"7014853",371857,2025-10-02 15:01:33,43.3339004516602,-8.50849723815918,"Unknown"
"7014853",371857,2025-10-02 15:06:33,43.3340301513672,-8.508620262146,"Unknown"
"7014853",371857,2025-10-02 15:11:33,43.3338966369629,-8.50842094421387,"Unknown"
"7014853",371857,2025-10-02 15:16:34,43.3339805603027,-8.50855445861816,"Unknown"
"7014853",371857,2025-10-02 15:21:33,43.3340835571289,-8.50866985321045,"Unknown"
"7014853",371857,2025-10-02 15:26:33,43.3339881896973,-8.50843048095703,"Unknown"
"7014853",371857,2025-10-02 15:31:33,43.3340759277344,-8.50861740112305,"Unknown"
"7014853",371857,2025-10-02 15:36:35,43.3341102600098,-8.50866603851318,"Unknown"
"7014853",371857,2025-10-02 15:41:36,43.3340187072754,-8.50864696502686,"Unknown"
"7014853",371857,2025-10-02 15:46:35,43.3340072631836,-8.50876426696777,"Unknown"
"7014853",371857,2025-10-02 15:51:33,43.3340950012207,-8.50875759124756,"Unknown"
"7014853",371857,2025-10-02 15:56:33,43.3340644836426,-8.50869846343994,"Unknown"
"7014853",371857,2025-10-02 16:01:34,43.3340873718262,-8.50882530212402,"Unknown"
"7014853",371857,2025-10-02 16:06:40,43.334098815918,-8.50883007049561,"Unknown"
"7014853",371857,2025-10-02 16:11:37,43.334114074707,-8.50887966156006,"Unknown"
"7014853",371857,2025-10-02 16:16:36,43.3341445922852,-8.50884437561035,"Unknown"
"7014853",371857,2025-10-02 16:21:34,43.3341369628906,-8.50882530212402,"Unknown"
"7014853",371857,2025-10-02 16:26:34,43.334114074707,-8.5088472366333,"Unknown"
"7014853",371857,2025-10-02 16:31:34,43.334098815918,-8.50885581970215,"Unknown"
"7014853",371857,2025-10-02 16:36:36,43.3341178894043,-8.50890064239502,"Unknown"
"7014853",371857,2025-10-02 16:41:33,43.3341064453125,-8.5089282989502,"Unknown"
"7014853",371857,2025-10-02 16:46:37,43.3341255187988,-8.50890827178955,"Unknown"
"7014853",371857,2025-10-02 16:51:40,43.3341064453125,-8.5088996887207,"Unknown"
"7014853",371857,2025-10-02 16:56:39,43.3342933654785,-8.50943756103516,"Unknown"
"7014853",371857,2025-10-02 17:01:39,43.3343811035156,-8.50945854187012,"Unknown"
"7014853",371857,2025-10-02 17:06:39,43.3342819213867,-8.50944995880127,"Unknown"
"7014853",371857,2025-10-02 17:11:41,43.3343620300293,-8.50942802429199,"Unknown"
"7014853",371857,2025-10-02 17:16:41,43.3364372253418,-8.51261234283447,"Unknown"
"7014853",371857,2025-10-02 17:21:44,43.3511276245117,-8.52559280395508,"Unknown"
"7014853",371857,2025-10-02 17:26:44,43.3510589599609,-8.52560424804688,"Unknown"
"7014853",371857,2025-10-02 17:31:38,43.3510513305664,-8.5256404876709,"Unknown"
"7014853",371857,2025-10-02 17:36:41,43.3510437011719,-8.52568626403809,"Unknown"
"7014853",371857,2025-10-02 17:41:36,43.3510513305664,-8.52563381195068,"Unknown"
"7014853",371857,2025-10-02 17:46:45,43.351505279541,-8.52032089233398,"Unknown"
"7014853",371857,2025-10-02 17:51:38,43.3514823913574,-8.52035903930664,"Unknown"
"7014853",371857,2025-10-02 17:56:37,43.3515319824219,-8.52008152008057,"Unknown"
"7014853",371857,2025-10-02 18:02:05,43.3515319824219,-8.52047252655029,"Unknown"
"7014853",371857,2025-10-02 18:06:33,43.3515930175781,-8.52044582366943,"Unknown"
"7014853",371857,2025-10-02 18:11:36,43.3516616821289,-8.5205020904541,"Unknown"
"7014853",371857,2025-10-02 18:16:33,43.3515777587891,-8.52051162719727,"Unknown"
"7014853",371857,2025-10-02 18:21:33,43.3515090942383,-8.52036762237549,"Unknown"
"7014853",371857,2025-10-02 18:26:34,43.3515853881836,-8.52041721343994,"Unknown"
"7014853",371857,2025-10-02 18:31:34,43.3518257141113,-8.52040004730225,"Unknown"
"7014853",371857,2025-10-02 18:36:36,43.3504638671875,-8.52588176727295,"Unknown"
"7014853",371857,2025-10-02 18:41:36,43.3393516540527,-8.55168628692627,"Unknown"
"7014853",371857,2025-10-02 18:46:37,43.3394584655762,-8.55235195159912,"Unknown"
"7014853",371857,2025-10-02 18:51:03,43.3396034240723,-8.55289554595947,"Unknown"
"7014853",371857,2025-10-02 23:51:53,43.353702545166,-8.56126308441162,"Unknown"
"7014853",371857,2025-10-03 04:51:36,43.3294715881348,-8.56892490386963,"Unknown"
"7014853",371857,2025-10-03 06:38:34,43.3270454406738,-8.58420658111572,"Unknown"
"7014853",371857,2025-10-03 06:43:23,43.3270225524902,-8.5849142074585,"Unknown"
"7014853",371857,2025-10-03 06:48:20,43.3345832824707,-8.5859899520874,"Unknown"
"7014853",371857,2025-10-03 06:53:27,43.3411674499512,-8.58303070068359,"Unknown"
"7014853",371857,2025-10-03 06:58:42,43.3420295715332,-8.58132553100586,"Unknown"
"7014853",371857,2025-10-03 07:03:23,43.3427581787109,-8.57974815368652,"Unknown"
"7014853",371857,2025-10-03 07:08:23,43.3432083129883,-8.5785026550293,"Unknown"
"7014853",371857,2025-10-03 07:13:20,43.3406028747559,-8.57967948913574,"Unknown"
"7014853",371857,2025-10-03 07:18:20,43.3261985778809,-8.60272789001465,"Unknown"
"7014853",371857,2025-10-03 07:23:30,43.3161163330078,-8.60947895050049,"Unknown"
"7014853",371857,2025-10-03 07:28:30,43.3161506652832,-8.60928440093994,"Unknown"
"7014853",371857,2025-10-03 07:33:29,43.3160400390625,-8.6093864440918,"Unknown"
"7014853",371857,2025-10-03 07:38:20,43.3151206970215,-8.61020946502686,"Unknown"
"7014853",371857,2025-10-03 07:43:22,43.315502166748,-8.61067485809326,"Unknown"
"7014853",371857,2025-10-03 07:48:44,43.3146743774414,-8.61056137084961,"Unknown"
"7014853",371857,2025-10-03 07:53:21,43.3146438598633,-8.61094379425049,"Unknown"
"7014853",371857,2025-10-03 07:58:20,43.3148765563965,-8.61100292205811,"Unknown"
"7014853",371857,2025-10-03 08:03:20,43.314769744873,-8.61102390289307,"Unknown"
"7014853",371857,2025-10-03 08:08:20,43.3146667480469,-8.61086845397949,"Unknown"
"7014853",371857,2025-10-03 08:13:23,43.3152847290039,-8.6111307144165,"Unknown"
"7014853",371857,2025-10-03 08:18:24,43.3152961730957,-8.61094379425049,"Unknown"
"7014853",371857,2025-10-03 08:23:30,43.3189277648926,-8.60719299316406,"Unknown"
"7014853",371857,2025-10-03 08:28:30,43.3175926208496,-8.60871410369873,"Unknown"
"7014853",371857,2025-10-03 08:33:33,43.3179664611816,-8.60751628875732,"Unknown"
"7014853",371857,2025-10-03 08:38:31,43.3176956176758,-8.60760307312012,"Unknown"
"7014853",371857,2025-10-03 08:43:36,43.3177223205566,-8.60766410827637,"Unknown"
"7014853",371857,2025-10-03 08:49:05,43.3177223205566,-8.60735034942627,"Unknown"
"7014853",371857,2025-10-03 08:53:32,43.3182220458984,-8.60753059387207,"Unknown"
"7014853",371857,2025-10-03 08:58:30,43.3182640075684,-8.60721492767334,"Unknown"
"7014853",371857,2025-10-03 09:03:34,43.3183059692383,-8.60710048675537,"Unknown"
"7014853",371857,2025-10-03 09:08:39,43.3187828063965,-8.60755443572998,"Unknown"
"7014853",371857,2025-10-03 09:13:39,43.3185577392578,-8.60692977905273,"Unknown"
"7014853",371857,2025-10-03 09:18:39,43.3185615539551,-8.60699939727783,"Unknown"
"7014853",371857,2025-10-03 09:23:39,43.3184509277344,-8.60685348510742,"Unknown"
"7014853",371857,2025-10-03 09:28:39,43.3185653686523,-8.60722827911377,"Unknown"
"7014853",371857,2025-10-03 09:33:39,43.3185806274414,-8.60709095001221,"Unknown"
"7014853",371857,2025-10-03 09:38:38,43.3185424804688,-8.60744380950928,"Unknown"
"7014853",371857,2025-10-03 09:43:45,43.3181800842285,-8.60681915283203,"Unknown"
"7014853",371857,2025-10-03 09:48:39,43.3181991577148,-8.60704803466797,"Unknown"
"7014853",371857,2025-10-03 09:53:39,43.3207054138184,-8.60386657714844,"Unknown"
"7014853",371857,2025-10-03 09:58:34,43.3206748962402,-8.56417942047119,"Unknown"
"7014853",371857,2025-10-03 10:03:39,43.3211441040039,-8.56459426879883,"Unknown"
"7014853",371857,2025-10-03 10:08:39,43.3218536376953,-8.56461143493652,"Unknown"
"7014853",371857,2025-10-03 10:13:32,43.3214797973633,-8.56461429595947,"Unknown"
"7014853",371857,2025-10-03 10:18:34,43.3214073181152,-8.56488990783691,"Unknown"
"7014853",371857,2025-10-03 10:23:43,43.3209266662598,-8.57346343994141,"Unknown"
"7014853",371857,2025-10-03 10:28:36,43.3213005065918,-8.57408714294434,"Unknown"
"7014853",371857,2025-10-03 10:33:33,43.3216094970703,-8.57475662231445,"Unknown"
"7014853",371857,2025-10-03 10:38:36,43.3220291137695,-8.57549667358398,"Unknown"
"7014853",371857,2025-10-03 10:43:32,43.3230514526367,-8.58034133911133,"Unknown"
"7014853",371857,2025-10-03 10:48:39,43.3248634338379,-8.58401298522949,"Unknown"
"7014853",371857,2025-10-03 10:53:39,43.3281326293945,-8.58754062652588,"Unknown"
"7014853",371857,2025-10-03 10:58:42,43.330451965332,-8.5985164642334,"Unknown"
"7014853",371857,2025-10-03 11:03:39,43.3276443481445,-8.60626029968262,"Unknown"
"7014853",371857,2025-10-03 11:08:47,43.3184204101562,-8.60608959197998,"Unknown"
"7014853",371857,2025-10-03 11:13:39,43.3183479309082,-8.60601329803467,"Unknown"
"7014853",371857,2025-10-03 11:18:39,43.3183097839355,-8.60599994659424,"Unknown"
"7014853",371857,2025-10-03 11:23:30,43.3302536010742,-8.6161060333252,"Unknown"
"7014853",371857,2025-10-03 11:28:31,43.3303756713867,-8.61250972747803,"Unknown"
"7014853",371857,2025-10-03 11:33:38,43.331859588623,-8.60138034820557,"Unknown"
"7014853",371857,2025-10-03 11:38:43,43.3302230834961,-8.59698867797852,"Unknown"
"7014853",371857,2025-10-03 11:43:39,43.3248634338379,-8.59784317016602,"Unknown"
"7014853",371857,2025-10-03 11:49:13,43.3176460266113,-8.60371017456055,"Unknown"
"7014853",371857,2025-10-03 11:53:44,43.3175086975098,-8.60370635986328,"Unknown"
"7014853",371857,2025-10-03 11:58:40,43.3169555664062,-8.60390567779541,"Unknown"
"7014853",371857,2025-10-03 12:03:32,43.3175239562988,-8.60353374481201,"Unknown"
"7014853",371857,2025-10-03 12:09:05,43.3175506591797,-8.60350131988525,"Unknown"
"7014853",371857,2025-10-03 12:13:33,43.3175773620605,-8.60348415374756,"Unknown"
"7014853",371857,2025-10-03 12:18:32,43.3177642822266,-8.60312938690186,"Unknown"
"7014853",371857,2025-10-03 12:23:37,43.3180389404297,-8.60358238220215,"Unknown"
"7014853",371857,2025-10-03 12:28:34,43.3178596496582,-8.6036319732666,"Unknown"
"7014853",371857,2025-10-03 12:33:34,43.3176307678223,-8.60406303405762,"Unknown"
"7014853",371857,2025-10-03 12:38:30,43.3180084228516,-8.60355186462402,"Unknown"
"7014853",371857,2025-10-03 12:43:30,43.3179206848145,-8.603590965271,"Unknown"
"7014853",371857,2025-10-03 12:48:34,43.3179512023926,-8.60355758666992,"Unknown"
"7014853",371857,2025-10-03 12:53:31,43.3178405761719,-8.60361576080322,"Unknown"
"7014853",371857,2025-10-03 12:58:37,43.3180389404297,-8.60352802276611,"Unknown"
"7014853",371857,2025-10-03 13:03:31,43.3177795410156,-8.6037769317627,"Unknown"
"7014853",371857,2025-10-03 13:08:32,43.317741394043,-8.60367584228516,"Unknown"
"7014853",371857,2025-10-03 13:13:32,43.3188972473145,-8.60523223876953,"Unknown"
"7014853",371857,2025-10-03 13:18:31,43.3189697265625,-8.60530090332031,"Unknown"
"7014853",371857,2025-10-03 13:23:34,43.3189735412598,-8.60539436340332,"Unknown"
"7014853",371857,2025-10-03 13:28:32,43.3187713623047,-8.60526275634766,"Unknown"
"7014853",371857,2025-10-03 13:33:30,43.3171768188477,-8.60595226287842,"Unknown"
"7014853",371857,2025-10-03 13:38:31,43.3168144226074,-8.60775947570801,"Unknown"
"7014853",371857,2025-10-03 13:43:30,43.3168525695801,-8.60786724090576,"Unknown"
"7014853",371857,2025-10-03 13:48:30,43.3168411254883,-8.60804557800293,"Unknown"
"7014853",371857,2025-10-03 13:53:30,43.3167839050293,-8.60794162750244,"Unknown"
"7014853",371857,2025-10-03 13:58:32,43.3166465759277,-8.60796737670898,"Unknown"
"7014853",371857,2025-10-03 14:03:30,43.3193740844727,-8.60676860809326,"Unknown"
"7014853",371857,2025-10-03 14:08:30,43.3190460205078,-8.6102933883667,"Unknown"
"7014853",371857,2025-10-03 14:13:30,43.3206787109375,-8.6073579788208,"Unknown"
"7014853",371857,2025-10-03 14:18:33,43.3204765319824,-8.60729598999023,"Unknown"
"7014853",371857,2025-10-03 14:23:32,43.3206634521484,-8.60711574554443,"Unknown"
"7014853",371857,2025-10-03 14:28:38,43.3207702636719,-8.60708236694336,"Unknown"
"7014853",371857,2025-10-03 14:33:34,43.320686340332,-8.60713291168213,"Unknown"
"7014853",371857,2025-10-03 14:38:36,43.317943572998,-8.60278129577637,"Unknown"
"7014853",371857,2025-10-03 14:43:38,43.318058013916,-8.6027135848999,"Unknown"
"7014853",371857,2025-10-03 14:48:31,43.3179397583008,-8.60263538360596,"Unknown"
"7014853",371857,2025-10-03 14:53:31,43.3178749084473,-8.60262298583984,"Unknown"
"7014853",371857,2025-10-03 14:58:32,43.3180465698242,-8.60261058807373,"Unknown"
"7014853",371857,2025-10-03 15:03:33,43.3181648254395,-8.60268115997314,"Unknown"
"7014853",371857,2025-10-03 15:08:31,43.3182258605957,-8.60266590118408,"Unknown"
"7014853",371857,2025-10-03 15:13:34,43.3181457519531,-8.60267448425293,"Unknown"
"7014853",371857,2025-10-03 15:18:31,43.3181304931641,-8.60262298583984,"Unknown"
"7014853",371857,2025-10-03 15:23:30,43.3181266784668,-8.60260486602783,"Unknown"
"7014853",371857,2025-10-03 15:29:31,43.3176918029785,-8.6028881072998,"Unknown"
"7014853",371857,2025-10-03 15:33:30,43.3164596557617,-8.60796737670898,"Unknown"
"7014853",371857,2025-10-03 15:38:30,43.3178939819336,-8.60303020477295,"Unknown"
"7014853",371857,2025-10-03 15:43:30,43.3179206848145,-8.60315704345703,"Unknown"
"7014853",371857,2025-10-03 15:48:30,43.3178977966309,-8.60309410095215,"Unknown"
"7014853",371857,2025-10-03 15:53:30,43.317928314209,-8.60307312011719,"Unknown"
"7014853",371857,2025-10-03 15:58:30,43.3177947998047,-8.60305213928223,"Unknown"
"7014853",371857,2025-10-03 16:03:31,43.3181953430176,-8.60345935821533,"Unknown"
"7014853",371857,2025-10-03 16:08:34,43.3178329467773,-8.60323238372803,"Unknown"
"7014853",371857,2025-10-03 16:13:32,43.3176536560059,-8.60306072235107,"Unknown"
"7014853",371857,2025-10-03 16:18:33,43.3177070617676,-8.60310840606689,"Unknown"
"7014853",371857,2025-10-03 16:23:32,43.317699432373,-8.60311508178711,"Unknown"
"7014853",371857,2025-10-03 16:28:36,43.3176727294922,-8.60307121276855,"Unknown"
"7014853",371857,2025-10-03 16:33:35,43.3175430297852,-8.60294723510742,"Unknown"
"7014853",371857,2025-10-03 16:38:32,43.3184051513672,-8.60647678375244,"Unknown"
"7014853",371857,2025-10-03 16:43:32,43.3155670166016,-8.60674095153809,"Unknown"
"7014853",371857,2025-10-03 16:48:33,43.3169021606445,-8.60742568969727,"Unknown"
"7014853",371857,2025-10-03 16:53:39,43.3171081542969,-8.60729694366455,"Unknown"
"7014853",371857,2025-10-03 16:58:37,43.3167266845703,-8.60784530639648,"Unknown"
"7014853",371857,2025-10-03 17:03:37,43.3167343139648,-8.6078405380249,"Unknown"
"7014853",371857,2025-10-03 17:08:31,43.3160209655762,-8.60919761657715,"Unknown"
"7014853",371857,2025-10-03 17:13:37,43.3168334960938,-8.60860061645508,"Unknown"
"7014853",371857,2025-10-03 17:18:31,43.3168869018555,-8.60809707641602,"Unknown"
"7014853",371857,2025-10-03 17:23:37,43.3178443908691,-8.60775375366211,"Unknown"
"7014853",371857,2025-10-03 17:28:36,43.3181343078613,-8.60756206512451,"Unknown"
"7014853",371857,2025-10-03 17:33:34,43.3178100585938,-8.60773086547852,"Unknown"
"7014853",371857,2025-10-03 17:38:36,43.3182067871094,-8.60749816894531,"Unknown"
"7014853",371857,2025-10-03 17:43:39,43.3182525634766,-8.60758876800537,"Unknown"
"7014853",371857,2025-10-03 17:48:39,43.3180961608887,-8.60775470733643,"Unknown"
"7014853",371857,2025-10-03 17:53:31,43.3152008056641,-8.60986614227295,"Unknown"
"7014853",371857,2025-10-03 17:58:31,43.3146476745605,-8.61079120635986,"Unknown"
"7014853",371857,2025-10-03 18:03:31,43.3146896362305,-8.6107120513916,"Unknown"
"7014853",371857,2025-10-03 18:08:31,43.3147010803223,-8.61089038848877,"Unknown"
"7014853",371857,2025-10-03 18:13:32,43.3146820068359,-8.61069107055664,"Unknown"
"7014853",371857,2025-10-03 18:18:33,43.3148803710938,-8.61112785339355,"Unknown"
"7014853",371857,2025-10-03 18:23:34,43.3151817321777,-8.61117172241211,"Unknown"
"7014853",371857,2025-10-03 18:28:32,43.3155288696289,-8.61134624481201,"Unknown"
"7014853",371857,2025-10-03 18:33:39,43.3180313110352,-8.61162853240967,"Unknown"
"7014853",371857,2025-10-03 18:38:39,43.336051940918,-8.58492755889893,"Unknown"
"7014853",371857,2025-10-03 18:43:38,43.3360214233398,-8.58453178405762,"Unknown"
"7014853",371857,2025-10-03 18:49:27,43.3363952636719,-8.58411312103271,"Unknown"
"7014853",371857,2025-10-03 23:49:30,43.351001739502,-8.51901817321777,"Unknown"
"7014853",371857,2025-10-04 04:49:28,43.3514175415039,-8.52008724212646,"Unknown"
"7014853",371857,2025-10-04 06:39:39,43.3400688171387,-8.54473876953125,"Unknown"
"7014853",371857,2025-10-04 06:44:30,43.3304214477539,-8.5590181350708,"Unknown"
"7014853",371857,2025-10-04 06:49:31,43.3242950439453,-8.5774621963501,"Unknown"
"7014853",371857,2025-10-04 06:54:33,43.3181762695312,-8.60452365875244,"Unknown"
"7014853",371857,2025-10-04 06:59:36,43.3182487487793,-8.60762310028076,"Unknown"
"7014853",371857,2025-10-04 07:04:40,43.3182945251465,-8.60777378082275,"Unknown"
"7014853",371857,2025-10-04 07:09:30,43.3153266906738,-8.60944843292236,"Unknown"
"7014853",371857,2025-10-04 07:14:43,43.3150291442871,-8.61000823974609,"Unknown"
"7014853",371857,2025-10-04 07:19:29,43.315055847168,-8.61009979248047,"Unknown"
"7014853",371857,2025-10-04 07:24:29,43.3147277832031,-8.61056613922119,"Unknown"
"7014853",371857,2025-10-04 07:29:29,43.3147163391113,-8.61068916320801,"Unknown"
"7014853",371857,2025-10-04 07:34:32,43.314624786377,-8.61091423034668,"Unknown"
"7014853",371857,2025-10-04 07:39:35,43.3147735595703,-8.61100578308105,"Unknown"
"7014853",371857,2025-10-04 07:44:33,43.3145866394043,-8.61099815368652,"Unknown"
"7014853",371857,2025-10-04 07:49:37,43.3140487670898,-8.61088371276855,"Unknown"
"7014853",371857,2025-10-04 07:54:37,43.3141746520996,-8.61066722869873,"Unknown"
"7014853",371857,2025-10-04 07:59:37,43.3143615722656,-8.61062717437744,"Unknown"
"7014853",371857,2025-10-04 08:04:36,43.314395904541,-8.61058330535889,"Unknown"
"7014853",371857,2025-10-04 08:09:37,43.3145408630371,-8.61055755615234,"Unknown"
"7014853",371857,2025-10-04 08:14:33,43.3145484924316,-8.6104211807251,"Unknown"
"7014853",371857,2025-10-04 08:19:30,43.3147659301758,-8.61035633087158,"Unknown"
"7014853",371857,2025-10-04 08:24:31,43.3148193359375,-8.61031436920166,"Unknown"
"7014853",371857,2025-10-04 08:29:33,43.3148345947266,-8.61015892028809,"Unknown"
"7014853",371857,2025-10-04 08:34:31,43.3148384094238,-8.61025714874268,"Unknown"
"7014853",371857,2025-10-04 08:39:30,43.3148803710938,-8.6102409362793,"Unknown"
"7014853",371857,2025-10-04 08:44:30,43.3149833679199,-8.61003875732422,"Unknown"
"7014853",371857,2025-10-04 08:49:30,43.3149795532227,-8.60980129241943,"Unknown"
"7014853",371857,2025-10-04 08:54:37,43.315315246582,-8.60952186584473,"Unknown"
"7014853",371857,2025-10-04 08:59:37,43.3150634765625,-8.60980606079102,"Unknown"
"7014853",371857,2025-10-04 09:04:30,43.3152961730957,-8.60988140106201,"Unknown"
"7014853",371857,2025-10-04 09:09:44,43.3150482177734,-8.61015796661377,"Unknown"
"7014853",371857,2025-10-04 09:14:29,43.3149833679199,-8.61026477813721,"Unknown"
"7014853",371857,2025-10-04 09:19:29,43.3149375915527,-8.61032390594482,"Unknown"
"7014853",371857,2025-10-04 09:24:30,43.3148612976074,-8.61057090759277,"Unknown"
"7014853",371857,2025-10-04 09:29:29,43.3148231506348,-8.61065483093262,"Unknown"
"7014853",371857,2025-10-04 09:34:29,43.314754486084,-8.6106595993042,"Unknown"
"7014853",371857,2025-10-04 09:39:29,43.3148002624512,-8.61063575744629,"Unknown"
"7014853",371857,2025-10-04 09:44:30,43.3144111633301,-8.61083126068115,"Unknown"
"7014853",371857,2025-10-04 09:49:44,43.3142013549805,-8.61080837249756,"Unknown"
"7014853",371857,2025-10-04 09:54:29,43.3147468566895,-8.61078357696533,"Unknown"
"7014853",371857,2025-10-04 09:59:31,43.3146934509277,-8.61026382446289,"Unknown"
"7014853",371857,2025-10-04 10:04:31,43.3152122497559,-8.60976600646973,"Unknown"
"7014853",371857,2025-10-04 10:09:30,43.3153419494629,-8.60976314544678,"Unknown"
"7014853",371857,2025-10-04 10:14:31,43.315357208252,-8.60926055908203,"Unknown"
"7014853",371857,2025-10-04 10:19:33,43.3157424926758,-8.60914516448975,"Unknown"
"7014853",371857,2025-10-04 10:24:29,43.3158988952637,-8.60879802703857,"Unknown"
"7014853",371857,2025-10-04 10:29:31,43.3158111572266,-8.60873222351074,"Unknown"
"7014853",371857,2025-10-04 10:34:29,43.3158378601074,-8.60875701904297,"Unknown"
"7014853",371857,2025-10-04 10:39:33,43.315788269043,-8.60886096954346,"Unknown"
"7014853",371857,2025-10-04 10:44:31,43.316276550293,-8.60836887359619,"Unknown"
"7014853",371857,2025-10-04 10:49:35,43.3158760070801,-8.60896968841553,"Unknown"
"7014853",371857,2025-10-04 10:54:33,43.3149185180664,-8.61042594909668,"Unknown"
"7014853",371857,2025-10-04 10:59:36,43.3147659301758,-8.61030101776123,"Unknown"
"7014853",371857,2025-10-04 11:04:33,43.3149871826172,-8.61041736602783,"Unknown"
"7014853",371857,2025-10-04 11:09:37,43.3148918151855,-8.61047840118408,"Unknown"
"7014853",371857,2025-10-04 11:14:37,43.3148880004883,-8.61048984527588,"Unknown"
"7014853",371857,2025-10-04 11:19:31,43.3148612976074,-8.61061859130859,"Unknown"
"7014853",371857,2025-10-04 11:24:45,43.3147392272949,-8.61058235168457,"Unknown"
"7014853",371857,2025-10-04 11:29:29,43.314998626709,-8.61058616638184,"Unknown"
"7014853",371857,2025-10-04 11:34:30,43.31494140625,-8.6106071472168,"Unknown"
"7014853",371857,2025-10-04 11:39:29,43.3151435852051,-8.61062431335449,"Unknown"
"7014853",371857,2025-10-04 11:44:31,43.3147468566895,-8.61049556732178,"Unknown"
"7014853",371857,2025-10-04 11:49:34,43.3149909973145,-8.61094379425049,"Unknown"
"7014853",371857,2025-10-04 11:54:33,43.3149375915527,-8.61113834381104,"Unknown"
"7014853",371857,2025-10-04 11:59:31,43.3149147033691,-8.61111736297607,"Unknown"
"7014853",371857,2025-10-04 12:04:31,43.3149108886719,-8.6111011505127,"Unknown"
"7014853",371857,2025-10-04 12:09:33,43.3148765563965,-8.61119174957275,"Unknown"
"7014853",371857,2025-10-04 12:14:30,43.315071105957,-8.61154556274414,"Unknown"
"7014853",371857,2025-10-04 12:19:30,43.3151817321777,-8.61190509796143,"Unknown"
"7014853",371857,2025-10-04 12:24:33,43.3149261474609,-8.61102962493896,"Unknown"
"7014853",371857,2025-10-04 12:29:33,43.3149490356445,-8.61166000366211,"Unknown"
"7014853",371857,2025-10-04 12:34:30,43.3150329589844,-8.61163425445557,"Unknown"
"7014853",371857,2025-10-04 12:39:34,43.3149261474609,-8.61129283905029,"Unknown"
"7014853",371857,2025-10-04 12:44:31,43.3149757385254,-8.61126518249512,"Unknown"
"7014853",371857,2025-10-04 12:49:30,43.315013885498,-8.61110019683838,"Unknown"
"7014853",371857,2025-10-04 12:54:30,43.3150215148926,-8.611572265625,"Unknown"
"7014853",371857,2025-10-04 12:59:30,43.3151626586914,-8.61239147186279,"Unknown"
"7014853",371857,2025-10-04 13:04:30,43.3148880004883,-8.61190414428711,"Unknown"
"7014853",371857,2025-10-04 13:09:34,43.314884185791,-8.61184883117676,"Unknown"
"7014853",371857,2025-10-04 13:14:30,43.3149147033691,-8.61217212677002,"Unknown"
"7014853",371857,2025-10-04 13:19:30,43.314624786377,-8.61134147644043,"Unknown"
"7014853",371857,2025-10-04 13:24:34,43.3147468566895,-8.61190223693848,"Unknown"
"7014853",371857,2025-10-04 13:29:34,43.3147735595703,-8.61184978485107,"Unknown"
"7014853",371857,2025-10-04 13:34:41,43.314582824707,-8.61105346679688,"Unknown"
"7014853",371857,2025-10-04 13:39:30,43.3142395019531,-8.61016368865967,"Unknown"
"7014853",371857,2025-10-04 13:44:34,43.3141288757324,-8.61003303527832,"Unknown"
"7014853",371857,2025-10-04 13:49:34,43.3141632080078,-8.61003303527832,"Unknown"
"7014853",371857,2025-10-04 13:54:35,43.3140335083008,-8.60922336578369,"Unknown"
"7014853",371857,2025-10-04 13:59:40,43.3143424987793,-8.61048889160156,"Unknown"
"7014853",371857,2025-10-04 14:04:36,43.3142356872559,-8.61072540283203,"Unknown"
"7014853",371857,2025-10-04 14:09:38,43.3156890869141,-8.61065006256104,"Unknown"
"7014853",371857,2025-10-04 14:14:34,43.3145637512207,-8.61048889160156,"Unknown"
"7014853",371857,2025-10-04 14:19:35,43.3141250610352,-8.61024856567383,"Unknown"
"7014853",371857,2025-10-04 14:24:33,43.3135108947754,-8.61023426055908,"Unknown"
"7014853",371857,2025-10-04 14:29:36,43.3140563964844,-8.6106595993042,"Unknown"
"7014853",371857,2025-10-04 14:34:42,43.3138046264648,-8.6104154586792,"Unknown"
"7014853",371857,2025-10-04 14:39:36,43.3140068054199,-8.61055755615234,"Unknown"
"7014853",371857,2025-10-04 14:44:37,43.3150253295898,-8.6112699508667,"Unknown"
"7014853",371857,2025-10-04 14:49:37,43.3146781921387,-8.6113338470459,"Unknown"
"7014853",371857,2025-10-04 14:54:36,43.3146781921387,-8.61154937744141,"Unknown"
"7014853",371857,2025-10-04 14:59:42,43.3181800842285,-8.60622215270996,"Unknown"
"7014853",371857,2025-10-04 15:04:41,43.3181762695312,-8.60602569580078,"Unknown"
"7014853",371857,2025-10-04 15:09:36,43.3181838989258,-8.60606670379639,"Unknown"
"7014853",371857,2025-10-04 15:14:36,43.3182144165039,-8.60601043701172,"Unknown"
"7014853",371857,2025-10-04 15:19:37,43.3182144165039,-8.60613441467285,"Unknown"
"7014853",371857,2025-10-04 15:24:40,43.3184356689453,-8.60610961914062,"Unknown"
"7014853",371857,2025-10-04 15:29:42,43.3183937072754,-8.60624504089355,"Unknown"
"7014853",371857,2025-10-04 15:34:40,43.3183403015137,-8.6058874130249,"Unknown"
"7014853",371857,2025-10-04 15:39:34,43.3180046081543,-8.60560703277588,"Unknown"
"7014853",371857,2025-10-04 15:44:36,43.318302154541,-8.60586166381836,"Unknown"
"7014853",371857,2025-10-04 15:49:37,43.3185501098633,-8.60580253601074,"Unknown"
"7014853",371857,2025-10-04 15:54:40,43.3183059692383,-8.60595989227295,"Unknown"
"7014853",371857,2025-10-04 15:59:35,43.3183555603027,-8.60597229003906,"Unknown"
"7014853",371857,2025-10-04 16:04:44,43.3179779052734,-8.60569095611572,"Unknown"
"7014853",371857,2025-10-04 16:09:44,43.3176002502441,-8.60403251647949,"Unknown"
"7014853",371857,2025-10-04 16:14:36,43.31787109375,-8.60433387756348,"Unknown"
"7014853",371857,2025-10-04 16:19:33,43.3176612854004,-8.60396385192871,"Unknown"
"7014853",371857,2025-10-04 16:24:36,43.3176879882812,-8.6041784286499,"Unknown"
"7014853",371857,2025-10-04 16:29:36,43.317554473877,-8.60401916503906,"Unknown"
"7014853",371857,2025-10-04 16:34:36,43.3175926208496,-8.603835105896,"Unknown"
"7014853",371857,2025-10-04 16:39:36,43.3175621032715,-8.60402679443359,"Unknown"
"7014853",371857,2025-10-04 16:44:44,43.3178482055664,-8.60448837280273,"Unknown"
"7014853",371857,2025-10-04 16:50:44,43.3173294067383,-8.60431003570557,"Unknown"
"7014853",371857,2025-10-04 16:54:37,43.318229675293,-8.60449886322021,"Unknown"
"7014853",371857,2025-10-04 16:59:41,43.3144302368164,-8.61104869842529,"Unknown"
"7014853",371857,2025-10-04 17:04:30,43.3143653869629,-8.61128902435303,"Unknown"
"7014853",371857,2025-10-04 17:09:30,43.3142700195312,-8.61135101318359,"Unknown"
"7014853",371857,2025-10-04 17:14:29,43.3144798278809,-8.61159610748291,"Unknown"
"7014853",371857,2025-10-04 17:19:29,43.3141860961914,-8.61125087738037,"Unknown"
"7014853",371857,2025-10-04 17:24:29,43.3144683837891,-8.6111364364624,"Unknown"
"7014853",371857,2025-10-04 17:29:33,43.3142433166504,-8.61135196685791,"Unknown"
"7014853",371857,2025-10-04 17:34:29,43.3143310546875,-8.6109733581543,"Unknown"
"7014853",371857,2025-10-04 17:39:36,43.3144950866699,-8.61172008514404,"Unknown"
"7014853",371857,2025-10-04 17:44:29,43.3143692016602,-8.61140251159668,"Unknown"
"7014853",371857,2025-10-04 17:49:43,43.3144493103027,-8.61121654510498,"Unknown"
"7014853",371857,2025-10-04 17:54:35,43.314380645752,-8.61129283905029,"Unknown"
"7014853",371857,2025-10-04 17:59:32,43.3156547546387,-8.6107759475708,"Unknown"
"7014853",371857,2025-10-04 18:04:29,43.3157501220703,-8.61068630218506,"Unknown"
"7014853",371857,2025-10-04 18:09:30,43.3166694641113,-8.60998344421387,"Unknown"
"7014853",371857,2025-10-04 18:14:31,43.318790435791,-8.59816741943359,"Unknown"
"7014853",371857,2025-10-04 18:19:29,43.3212432861328,-8.59286594390869,"Unknown"
"7014853",371857,2025-10-04 18:24:29,43.3251571655273,-8.55524349212646,"Unknown"
"7014853",371857,2025-10-04 18:29:34,43.326286315918,-8.54193496704102,"Unknown"
"7014853",371857,2025-10-04 18:34:34,43.3261528015137,-8.54180812835693,"Unknown"
"7014853",371857,2025-10-04 18:39:32,43.3258209228516,-8.54201126098633,"Unknown"
"7014853",371857,2025-10-04 18:44:31,43.3259925842285,-8.54179382324219,"Unknown"
"7014853",371857,2025-10-04 18:47:44,43.325813293457,-8.54168605804443,"Unknown"
"7014853",371857,2025-10-04 23:48:07,43.3511428833008,-8.51986789703369,"Unknown"
"7014853",371857,2025-10-05 04:47:44,43.3510665893555,-8.51932621002197,"Unknown"
"7014853",371857,2025-10-05 06:40:47,43.3503341674805,-8.51840591430664,"Unknown"
"7014853",371857,2025-10-05 06:45:22,43.349925994873,-8.51891136169434,"Unknown"
"7014853",371857,2025-10-05 06:50:47,43.3504524230957,-8.51836967468262,"Unknown"
"7014853",371857,2025-10-05 06:55:41,43.3514366149902,-8.52021408081055,"Unknown"
"7014853",371857,2025-10-05 07:00:25,43.3506774902344,-8.51898765563965,"Unknown"
"7014853",371857,2025-10-05 07:05:28,43.3515281677246,-8.5204029083252,"Unknown"
"7014853",371857,2025-10-05 07:10:53,43.3514518737793,-8.52026557922363,"Unknown"
"7014853",371857,2025-10-05 07:15:20,43.3515625,-8.52036380767822,"Unknown"
"7014853",371857,2025-10-05 07:20:20,43.3515663146973,-8.52038860321045,"Unknown"
"7014853",371857,2025-10-05 07:25:20,43.3514747619629,-8.52029895782471,"Unknown"
"7014853",371857,2025-10-05 07:30:20,43.351505279541,-8.52027416229248,"Unknown"
"7014853",371857,2025-10-05 07:35:21,43.3514060974121,-8.52030563354492,"Unknown"
"7014853",371857,2025-10-05 07:40:20,43.3514404296875,-8.52024459838867,"Unknown"
"7014853",371857,2025-10-05 07:45:22,43.3517456054688,-8.52052688598633,"Unknown"
"7014853",371857,2025-10-05 07:50:21,43.3514137268066,-8.52026748657227,"Unknown"
"7014853",371857,2025-10-05 07:55:23,43.3512382507324,-8.52002716064453,"Unknown"
"7014853",371857,2025-10-05 08:00:24,43.3514556884766,-8.52040958404541,"Unknown"
"7014853",371857,2025-10-05 08:05:24,43.3515205383301,-8.52035713195801,"Unknown"
"7014853",371857,2025-10-05 08:10:20,43.3515586853027,-8.52037906646729,"Unknown"
"7014853",371857,2025-10-05 08:15:23,43.3516159057617,-8.52022933959961,"Unknown"
"7014853",371857,2025-10-05 08:20:22,43.3504791259766,-8.51912498474121,"Unknown"
"7014853",371857,2025-10-05 08:25:30,43.3504295349121,-8.51912117004395,"Unknown"
"7014853",371857,2025-10-05 08:30:21,43.3506164550781,-8.51925563812256,"Unknown"
"7014853",371857,2025-10-05 08:35:25,43.350456237793,-8.51917457580566,"Unknown"
"7014853",371857,2025-10-05 08:40:23,43.3505439758301,-8.51935386657715,"Unknown"
"7014853",371857,2025-10-05 08:45:23,43.350513458252,-8.51936435699463,"Unknown"
"7014853",371857,2025-10-05 08:50:22,43.350414276123,-8.51907062530518,"Unknown"
"7014853",371857,2025-10-05 08:55:22,43.3504753112793,-8.51926422119141,"Unknown"
"7014853",371857,2025-10-05 09:00:21,43.3505477905273,-8.51930141448975,"Unknown"
"7014853",371857,2025-10-05 09:05:21,43.3506278991699,-8.51944351196289,"Unknown"
"7014853",371857,2025-10-05 09:10:21,43.3505592346191,-8.51927375793457,"Unknown"
"7014853",371857,2025-10-05 09:15:30,43.3504600524902,-8.5191650390625,"Unknown"
"7014853",371857,2025-10-05 09:20:21,43.3503684997559,-8.51892375946045,"Unknown"
"7014853",371857,2025-10-05 09:25:29,43.3504486083984,-8.51917839050293,"Unknown"
"7014853",371857,2025-10-05 09:30:29,43.3505210876465,-8.51909255981445,"Unknown"
"7014853",371857,2025-10-05 09:35:30,43.3506050109863,-8.51909732818604,"Unknown"
"7014853",371857,2025-10-05 09:40:27,43.3507614135742,-8.51943016052246,"Unknown"
"7014853",371857,2025-10-05 09:45:44,43.3506774902344,-8.51925563812256,"Unknown"
"7014853",371857,2025-10-05 09:50:29,43.350528717041,-8.51923656463623,"Unknown"
"7014853",371857,2025-10-05 09:55:36,43.3503684997559,-8.51914405822754,"Unknown"
"7014853",371857,2025-10-05 10:00:23,43.3609313964844,-8.51003646850586,"Unknown"
"7014853",371857,2025-10-05 10:05:25,43.3638229370117,-8.51070690155029,"Unknown"
"7014853",371857,2025-10-05 10:10:25,43.3642463684082,-8.5111608505249,"Unknown"
"7014853",371857,2025-10-05 10:15:30,43.3647193908691,-8.51212596893311,"Unknown"
"7014853",371857,2025-10-05 10:20:30,43.3653831481934,-8.51282024383545,"Unknown"
"7014853",371857,2025-10-05 10:25:28,43.3650512695312,-8.51400375366211,"Unknown"
"7014853",371857,2025-10-05 10:30:40,43.36474609375,-8.51550102233887,"Unknown"
"7014853",371857,2025-10-05 10:35:21,43.3648147583008,-8.51702404022217,"Unknown"
"7014853",371857,2025-10-05 10:40:24,43.3643684387207,-8.51878643035889,"Unknown"
"7014853",371857,2025-10-05 10:45:22,43.3641204833984,-8.51968574523926,"Unknown"
"7014853",371857,2025-10-05 10:50:22,43.3634872436523,-8.50534152984619,"Unknown"
"7014853",371857,2025-10-05 10:55:31,43.3570785522461,-8.47081470489502,"Unknown"
"7014853",371857,2025-10-05 11:00:24,43.3607025146484,-8.47088432312012,"Unknown"
"7014853",371857,2025-10-05 11:05:25,43.3609428405762,-8.47047328948975,"Unknown"
"7014853",371857,2025-10-05 11:10:24,43.3615379333496,-8.46890449523926,"Unknown"
"7014853",371857,2025-10-05 11:15:53,43.3559494018555,-8.45788669586182,"Unknown"
"7014853",371857,2025-10-05 11:20:28,43.3566665649414,-8.45709228515625,"Unknown"
"7014853",371857,2025-10-05 11:25:28,43.3564109802246,-8.45713710784912,"Unknown"
"7014853",371857,2025-10-05 11:30:34,43.3568000793457,-8.45689678192139,"Unknown"
"7014853",371857,2025-10-05 11:35:30,43.3566780090332,-8.45803165435791,"Unknown"
"7014853",371857,2025-10-05 11:40:30,43.3570556640625,-8.45743179321289,"Unknown"
"7014853",371857,2025-10-05 11:45:21,43.3553504943848,-8.45795822143555,"Unknown"
"7014853",371857,2025-10-05 11:50:24,43.3562164306641,-8.45854091644287,"Unknown"
"7014853",371857,2025-10-05 11:55:22,43.3556327819824,-8.45801448822021,"Unknown"
"7014853",371857,2025-10-05 12:00:21,43.3556175231934,-8.45789241790771,"Unknown"
"7014853",371857,2025-10-05 12:05:21,43.3556327819824,-8.4578800201416,"Unknown"
"7014853",371857,2025-10-05 12:10:21,43.3556976318359,-8.457932472229,"Unknown"
"7014853",371857,2025-10-05 12:15:30,43.3559379577637,-8.45770740509033,"Unknown"
"7014853",371857,2025-10-05 12:20:24,43.3555297851562,-8.45763778686523,"Unknown"
"7014853",371857,2025-10-05 12:25:21,43.3557662963867,-8.4578332901001,"Unknown"
"7014853",371857,2025-10-05 12:30:21,43.3557434082031,-8.45784568786621,"Unknown"
"7014853",371857,2025-10-05 12:35:27,43.3557968139648,-8.45780849456787,"Unknown"
"7014853",371857,2025-10-05 12:40:22,43.3557815551758,-8.45779991149902,"Unknown"
"7014853",371857,2025-10-05 12:45:34,43.3498497009277,-8.4766149520874,"Unknown"
"7014853",371857,2025-10-05 12:50:25,43.3675422668457,-8.46761989593506,"Unknown"
"7014853",371857,2025-10-05 12:55:27,43.3729438781738,-8.46097850799561,"Unknown"
"7014853",371857,2025-10-05 13:00:30,43.3714828491211,-8.45165348052979,"Unknown"
"7014853",371857,2025-10-05 13:06:04,43.3737030029297,-8.46274662017822,"Unknown"
"7014853",371857,2025-10-05 13:10:30,43.3715934753418,-8.45143222808838,"Unknown"
"7014853",371857,2025-10-05 13:15:30,43.3716583251953,-8.45133495330811,"Unknown"
"7014853",371857,2025-10-05 13:20:30,43.3715972900391,-8.45133686065674,"Unknown"
"7014853",371857,2025-10-05 13:25:37,43.3716506958008,-8.4511604309082,"Unknown"
"7014853",371857,2025-10-05 13:30:22,43.3771171569824,-8.45017719268799,"Unknown"
"7014853",371857,2025-10-05 13:35:28,43.3716468811035,-8.45145034790039,"Unknown"
"7014853",371857,2025-10-05 13:40:33,43.3736000061035,-8.44674587249756,"Unknown"
"7014853",371857,2025-10-05 13:45:32,43.3752555847168,-8.445481300354,"Unknown"
"7014853",371857,2025-10-05 13:50:23,43.3787002563477,-8.45210456848145,"Unknown"
"7014853",371857,2025-10-05 13:55:33,43.3747978210449,-8.45022487640381,"Unknown"
"7014853",371857,2025-10-05 14:01:21,43.3716773986816,-8.45115375518799,"Unknown"
"7014853",371857,2025-10-05 14:05:25,43.3716621398926,-8.45115089416504,"Unknown"
"7014853",371857,2025-10-05 14:10:29,43.3717002868652,-8.45106983184814,"Unknown"
"7014853",371857,2025-10-05 14:15:27,43.3716697692871,-8.45123291015625,"Unknown"
"7014853",371857,2025-10-05 14:20:24,43.3716659545898,-8.45121669769287,"Unknown"
"7014853",371857,2025-10-05 14:25:24,43.3717079162598,-8.45122718811035,"Unknown"
"7014853",371857,2025-10-05 14:30:30,43.371654510498,-8.45120906829834,"Unknown"
"7014853",371857,2025-10-05 14:35:31,43.3717079162598,-8.45115661621094,"Unknown"
"7014853",371857,2025-10-05 14:40:30,43.3716926574707,-8.45122337341309,"Unknown"
"7014853",371857,2025-10-05 14:45:30,43.3716011047363,-8.45119762420654,"Unknown"
"7014853",371857,2025-10-05 14:50:31,43.3773078918457,-8.46168804168701,"Unknown"
"7014853",371857,2025-10-05 14:55:38,43.3716506958008,-8.45124244689941,"Unknown"
"7014853",371857,2025-10-05 15:00:30,43.3716201782227,-8.45121192932129,"Unknown"
"7014853",371857,2025-10-05 15:05:26,43.3664588928223,-8.47322082519531,"Unknown"
"7014853",371857,2025-10-05 15:10:30,43.3716583251953,-8.45121097564697,"Unknown"
"7014853",371857,2025-10-05 15:15:43,43.3716354370117,-8.45130348205566,"Unknown"
"7014853",371857,2025-10-05 15:20:30,43.3716278076172,-8.45121669769287,"Unknown"
"7014853",371857,2025-10-05 15:25:31,43.3715896606445,-8.45117378234863,"Unknown"
"7014853",371857,2025-10-05 15:30:21,43.3724632263184,-8.46461772918701,"Unknown"
"7014853",371857,2025-10-05 15:35:30,43.3716354370117,-8.45123386383057,"Unknown"
"7014853",371857,2025-10-05 15:40:30,43.3716773986816,-8.45122718811035,"Unknown"
"7014853",371857,2025-10-05 15:45:44,43.371654510498,-8.45126628875732,"Unknown"
"7014853",371857,2025-10-05 15:50:20,43.3690719604492,-8.46796035766602,"Unknown"
"7014853",371857,2025-10-05 15:55:30,43.3716468811035,-8.45125102996826,"Unknown"
"7014853",371857,2025-10-05 16:00:36,43.3713302612305,-8.45198440551758,"Unknown"
"7014853",371857,2025-10-05 16:05:29,43.3717002868652,-8.45130825042725,"Unknown"
"7014853",371857,2025-10-05 16:10:31,43.3542823791504,-8.47599601745605,"Unknown"
"7014853",371857,2025-10-05 16:15:28,43.3719863891602,-8.45211601257324,"Unknown"
"7014853",371857,2025-10-05 16:20:41,43.3572845458984,-8.45762348175049,"Unknown"
"7014853",371857,2025-10-05 16:25:32,43.3405570983887,-8.45408821105957,"Unknown"
"7014853",371857,2025-10-05 16:30:46,43.3460884094238,-8.46369647979736,"Unknown"
"7014853",371857,2025-10-05 16:35:30,43.3410186767578,-8.45443916320801,"Unknown"
"7014853",371857,2025-10-05 16:40:46,43.3410949707031,-8.45455551147461,"Unknown"
"7014853",371857,2025-10-05 16:45:34,43.3418846130371,-8.45269775390625,"Unknown"
"7014853",371857,2025-10-05 16:50:30,43.3514022827148,-8.43054389953613,"Unknown"
"7014853",371857,2025-10-05 16:55:31,43.3600540161133,-8.40288162231445,"Unknown"
"7014853",371857,2025-10-05 17:00:37,43.3598747253418,-8.4028902053833,"Unknown"
"7014853",371857,2025-10-05 17:05:30,43.3602256774902,-8.40274333953857,"Unknown"
"7014853",371857,2025-10-05 17:10:27,43.3558311462402,-8.39498329162598,"Unknown"
"7014853",371857,2025-10-05 17:15:44,43.3597831726074,-8.40265083312988,"Unknown"
"7014853",371857,2025-10-05 17:20:25,43.3491554260254,-8.39123153686523,"Unknown"
"7014853",371857,2025-10-05 17:25:30,43.3600692749023,-8.40286636352539,"Unknown"
"7014853",371857,2025-10-05 17:30:30,43.3525543212891,-8.39542961120605,"Unknown"
"7014853",371857,2025-10-05 17:35:23,43.3602561950684,-8.40302848815918,"Unknown"
"7014853",371857,2025-10-05 17:40:52,43.3600158691406,-8.40296459197998,"Unknown"
"7014853",371857,2025-10-05 17:45:28,43.3598976135254,-8.40308856964111,"Unknown"
"7014853",371857,2025-10-05 17:50:28,43.3598709106445,-8.4030876159668,"Unknown"
"7014853",371857,2025-10-05 17:55:21,43.3596801757812,-8.4028148651123,"Unknown"
"7014853",371857,2025-10-05 18:00:27,43.3597831726074,-8.40272903442383,"Unknown"
"7014853",371857,2025-10-05 18:05:23,43.3558158874512,-8.39591407775879,"Unknown"
"7014853",371857,2025-10-05 18:10:24,43.3543281555176,-8.39345741271973,"Unknown"
"7014853",371857,2025-10-05 18:15:30,43.3591041564941,-8.40015029907227,"Unknown"
"7014853",371857,2025-10-05 18:20:20,43.3592376708984,-8.4000072479248,"Unknown"
"7014853",371857,2025-10-05 18:25:21,43.3592567443848,-8.39995384216309,"Unknown"
"7014853",371857,2025-10-05 18:30:21,43.3595237731934,-8.39975357055664,"Unknown"
"7014853",371857,2025-10-05 18:35:22,43.3595504760742,-8.39980792999268,"Unknown"
"7014853",371857,2025-10-05 18:40:22,43.3596038818359,-8.3998556137085,"Unknown"
"7014853",371857,2025-10-05 18:45:13,43.3597526550293,-8.39980316162109,"Unknown"
"7014853",371857,2025-10-05 23:46:05,43.3600654602051,-8.40274333953857,"Unknown"
"7014853",371857,2025-10-06 04:45:35,43.3600997924805,-8.40272903442383,"Unknown"
"7014853",371857,2025-10-06 06:41:16,43.3525047302246,-8.41782569885254,"Unknown"
"7014853",371857,2025-10-06 06:46:35,43.3525772094727,-8.41783714294434,"Unknown"
"7014853",371857,2025-10-06 06:51:16,43.352596282959,-8.41777801513672,"Unknown"
"7014853",371857,2025-10-06 06:56:10,43.3533210754395,-8.43198204040527,"Unknown"
"7014853",371857,2025-10-06 07:01:10,43.3596076965332,-8.48050594329834,"Unknown"
"7014853",371857,2025-10-06 07:06:16,43.3573188781738,-8.48293685913086,"Unknown"
"7014853",371857,2025-10-06 07:11:15,43.3572769165039,-8.48403453826904,"Unknown"
"7014853",371857,2025-10-06 07:16:13,43.3569869995117,-8.48486709594727,"Unknown"
"7014853",371857,2025-10-06 07:21:13,43.3570671081543,-8.48431491851807,"Unknown"
"7014853",371857,2025-10-06 07:26:16,43.3564147949219,-8.48385524749756,"Unknown"
"7014853",371857,2025-10-06 07:31:14,43.3567123413086,-8.48393058776855,"Unknown"
"7014853",371857,2025-10-06 07:36:13,43.3567504882812,-8.48406791687012,"Unknown"
"7014853",371857,2025-10-06 07:41:11,43.3568878173828,-8.48358917236328,"Unknown"
"7014853",371857,2025-10-06 07:46:12,43.3569107055664,-8.4840202331543,"Unknown"
"7014853",371857,2025-10-06 07:51:12,43.3564949035645,-8.48488330841064,"Unknown"
"7014853",371857,2025-10-06 07:56:44,43.3561592102051,-8.48530960083008,"Unknown"
"7014853",371857,2025-10-06 08:01:12,43.3554763793945,-8.48545265197754,"Unknown"
"7014853",371857,2025-10-06 08:06:12,43.3553352355957,-8.48554515838623,"Unknown"
"7014853",371857,2025-10-06 08:11:11,43.3538513183594,-8.48650646209717,"Unknown"
"7014853",371857,2025-10-06 08:16:17,43.35400390625,-8.48654365539551,"Unknown"
"7014853",371857,2025-10-06 08:21:13,43.3537521362305,-8.48697948455811,"Unknown"
"7014853",371857,2025-10-06 08:26:21,43.3541488647461,-8.48692798614502,"Unknown"
"7014853",371857,2025-10-06 08:31:13,43.3540878295898,-8.48682403564453,"Unknown"
"7014853",371857,2025-10-06 08:36:12,43.3537254333496,-8.48678112030029,"Unknown"
"7014853",371857,2025-10-06 08:41:16,43.353588104248,-8.48650074005127,"Unknown"
"7014853",371857,2025-10-06 08:46:35,43.3540534973145,-8.4884557723999,"Unknown"
"7014853",371857,2025-10-06 08:51:16,43.35400390625,-8.48816776275635,"Unknown"
"7014853",371857,2025-10-06 08:56:12,43.3540725708008,-8.48830223083496,"Unknown"
"7014853",371857,2025-10-06 09:01:18,43.3541145324707,-8.48828315734863,"Unknown"
"7014853",371857,2025-10-06 09:06:18,43.3536148071289,-8.48808860778809,"Unknown"
"7014853",371857,2025-10-06 09:11:20,43.3537826538086,-8.48746013641357,"Unknown"
"7014853",371857,2025-10-06 09:16:13,43.3557243347168,-8.47898101806641,"Unknown"
"7014853",371857,2025-10-06 09:21:35,43.3535919189453,-8.48004055023193,"Unknown"
"7014853",371857,2025-10-06 09:26:13,43.3534088134766,-8.48018646240234,"Unknown"
"7014853",371857,2025-10-06 09:31:17,43.3534774780273,-8.48001956939697,"Unknown"
"7014853",371857,2025-10-06 09:36:16,43.353458404541,-8.48000717163086,"Unknown"
"7014853",371857,2025-10-06 09:41:17,43.353328704834,-8.47991371154785,"Unknown"
"7014853",371857,2025-10-06 09:46:13,43.3534698486328,-8.47997379302979,"Unknown"
"7014853",371857,2025-10-06 09:51:12,43.3523483276367,-8.47791004180908,"Unknown"
"7014853",371857,2025-10-06 09:56:12,43.3524322509766,-8.47772979736328,"Unknown"
"7014853",371857,2025-10-06 10:01:11,43.3532638549805,-8.47540950775146,"Unknown"
"7014853",371857,2025-10-06 10:06:12,43.3576622009277,-8.46739196777344,"Unknown"
"7014853",371857,2025-10-06 10:11:12,43.3576507568359,-8.46764469146729,"Unknown"
"7014853",371857,2025-10-06 10:16:13,43.3577308654785,-8.46763515472412,"Unknown"
"7014853",371857,2025-10-06 10:21:13,43.357666015625,-8.46744918823242,"Unknown"
"7014853",371857,2025-10-06 10:26:11,43.3576202392578,-8.46749401092529,"Unknown"
"7014853",371857,2025-10-06 10:31:11,43.3578262329102,-8.46792316436768,"Unknown"
"7014853",371857,2025-10-06 10:36:11,43.3577690124512,-8.46778392791748,"Unknown"
"7014853",371857,2025-10-06 10:41:14,43.3576354980469,-8.46793079376221,"Unknown"
"7014853",371857,2025-10-06 10:46:11,43.3577194213867,-8.46777820587158,"Unknown"
"7014853",371857,2025-10-06 10:51:11,43.3579559326172,-8.46753120422363,"Unknown"
"7014853",371857,2025-10-06 10:56:11,43.3578758239746,-8.46739768981934,"Unknown"
"7014853",371857,2025-10-06 11:01:13,43.3577842712402,-8.46766662597656,"Unknown"
"7014853",371857,2025-10-06 11:06:14,43.3579216003418,-8.46734142303467,"Unknown"
"7014853",371857,2025-10-06 11:11:13,43.3565292358398,-8.45707607269287,"Unknown"
"7014853",371857,2025-10-06 11:16:21,43.3564682006836,-8.45686626434326,"Unknown"
"7014853",371857,2025-10-06 11:21:14,43.3567161560059,-8.45715999603271,"Unknown"
"7014853",371857,2025-10-06 11:26:19,43.3566360473633,-8.45794200897217,"Unknown"
"7014853",371857,2025-10-06 11:31:16,43.3565711975098,-8.45803546905518,"Unknown"
"7014853",371857,2025-10-06 11:36:12,43.3565826416016,-8.45723056793213,"Unknown"
"7014853",371857,2025-10-06 11:41:14,43.3563690185547,-8.45713520050049,"Unknown"
"7014853",371857,2025-10-06 11:46:35,43.3561019897461,-8.45746898651123,"Unknown"
"7014853",371857,2025-10-06 11:51:16,43.3563270568848,-8.45730018615723,"Unknown"
"7014853",371857,2025-10-06 11:56:16,43.3558120727539,-8.45746612548828,"Unknown"
"7014853",371857,2025-10-06 12:01:18,43.353343963623,-8.45903396606445,"Unknown"
"7014853",371857,2025-10-06 12:06:19,43.3536949157715,-8.45840263366699,"Unknown"
"7014853",371857,2025-10-06 12:11:58,43.354549407959,-8.45863342285156,"Unknown"
"7014853",371857,2025-10-06 12:16:11,43.3546142578125,-8.45833396911621,"Unknown"
"7014853",371857,2025-10-06 12:21:13,43.3546371459961,-8.45817184448242,"Unknown"
"7014853",371857,2025-10-06 12:26:11,43.3545951843262,-8.45832061767578,"Unknown"
"7014853",371857,2025-10-06 12:31:12,43.3546142578125,-8.45832824707031,"Unknown"
"7014853",371857,2025-10-06 12:36:14,43.3545150756836,-8.45812511444092,"Unknown"
"7014853",371857,2025-10-06 12:41:11,43.3546333312988,-8.45844078063965,"Unknown"
"7014853",371857,2025-10-06 12:46:12,43.3545608520508,-8.45829010009766,"Unknown"
"7014853",371857,2025-10-06 12:51:19,43.3549766540527,-8.45803546905518,"Unknown"
"7014853",371857,2025-10-06 12:56:11,43.3546447753906,-8.4582405090332,"Unknown"
"7014853",371857,2025-10-06 13:01:11,43.3541679382324,-8.45865058898926,"Unknown"
"7014853",371857,2025-10-06 13:06:12,43.3546829223633,-8.45833492279053,"Unknown"
"7014853",371857,2025-10-06 13:11:16,43.3545570373535,-8.45835590362549,"Unknown"
"7014853",371857,2025-10-06 13:16:12,43.3546905517578,-8.4583625793457,"Unknown"
"7014853",371857,2025-10-06 13:21:11,43.3546142578125,-8.45845317840576,"Unknown"
"7014853",371857,2025-10-06 13:26:11,43.3546142578125,-8.45837497711182,"Unknown"
"7014853",371857,2025-10-06 13:31:11,43.3549385070801,-8.46197509765625,"Unknown"
"7014853",371857,2025-10-06 13:36:13,43.3547210693359,-8.45835590362549,"Unknown"
"7014853",371857,2025-10-06 13:41:12,43.3550720214844,-8.46173286437988,"Unknown"
"7014853",371857,2025-10-06 13:46:12,43.3552284240723,-8.46238613128662,"Unknown"
"7014853",371857,2025-10-06 13:51:13,43.3548202514648,-8.45874404907227,"Unknown"
"7014853",371857,2025-10-06 13:56:25,43.3550987243652,-8.46007919311523,"Unknown"
"7014853",371857,2025-10-06 14:01:16,43.3546409606934,-8.45848560333252,"Unknown"
"7014853",371857,2025-10-06 14:06:12,43.355094909668,-8.46012783050537,"Unknown"
"7014853",371857,2025-10-06 14:11:15,43.3552169799805,-8.46018505096436,"Unknown"
"7014853",371857,2025-10-06 14:16:15,43.354679107666,-8.45882701873779,"Unknown"
"7014853",371857,2025-10-06 14:21:13,43.354679107666,-8.45876598358154,"Unknown"
"7014853",371857,2025-10-06 14:26:41,43.354434967041,-8.45857620239258,"Unknown"
"7014853",371857,2025-10-06 14:31:12,43.3543815612793,-8.45848274230957,"Unknown"
"7014853",371857,2025-10-06 14:36:11,43.3543891906738,-8.4585428237915,"Unknown"
"7014853",371857,2025-10-06 14:41:11,43.3544044494629,-8.45855522155762,"Unknown"
"7014853",371857,2025-10-06 14:46:11,43.3544158935547,-8.45852375030518,"Unknown"
"7014853",371857,2025-10-06 14:51:11,43.3542823791504,-8.45736694335938,"Unknown"
"7014853",371857,2025-10-06 14:56:18,43.3400115966797,-8.45345783233643,"Unknown"
"7014853",371857,2025-10-06 15:01:11,43.3406867980957,-8.45336723327637,"Unknown"
"7014853",371857,2025-10-06 15:06:12,43.3407516479492,-8.45382404327393,"Unknown"
"7014853",371857,2025-10-06 15:11:11,43.3411827087402,-8.45478630065918,"Unknown"
"7014853",371857,2025-10-06 15:16:14,43.3411293029785,-8.45517253875732,"Unknown"
"7014853",371857,2025-10-06 15:21:14,43.3411064147949,-8.45484447479248,"Unknown"
"7014853",371857,2025-10-06 15:26:13,43.3411178588867,-8.45477199554443,"Unknown"
"7014853",371857,2025-10-06 15:31:11,43.3407974243164,-8.45466041564941,"Unknown"
"7014853",371857,2025-10-06 15:36:16,43.3411407470703,-8.45466232299805,"Unknown"
"7014853",371857,2025-10-06 15:41:17,43.3409080505371,-8.45431709289551,"Unknown"
"7014853",371857,2025-10-06 15:46:11,43.3410263061523,-8.45449542999268,"Unknown"
"7014853",371857,2025-10-06 15:51:16,43.3410758972168,-8.45442485809326,"Unknown"
"7014853",371857,2025-10-06 15:56:16,43.3408279418945,-8.45437622070312,"Unknown"
"7014853",371857,2025-10-06 16:01:17,43.3408546447754,-8.45425701141357,"Unknown"
"7014853",371857,2025-10-06 16:06:19,43.3403968811035,-8.45414161682129,"Unknown"
"7014853",371857,2025-10-06 16:11:18,43.3408699035645,-8.45014572143555,"Unknown"
"7014853",371857,2025-10-06 16:16:22,43.3536071777344,-8.41835880279541,"Unknown"
"7014853",371857,2025-10-06 16:21:35,43.352840423584,-8.41712856292725,"Unknown"
"7014853",371857,2025-10-06 16:26:11,43.3528175354004,-8.41707897186279,"Unknown"
"7014853",371857,2025-10-06 16:31:12,43.3528671264648,-8.41719722747803,"Unknown"
"7014853",371857,2025-10-06 16:36:13,43.3528366088867,-8.41713809967041,"Unknown"
"7014853",371857,2025-10-06 16:41:11,43.352855682373,-8.41714477539062,"Unknown"
"7014853",371857,2025-10-06 16:46:16,43.3528671264648,-8.41719245910645,"Unknown"
"7014853",371857,2025-10-06 16:51:15,43.3528366088867,-8.41719150543213,"Unknown"
"7014853",371857,2025-10-06 16:56:10,43.3528480529785,-8.41704750061035,"Unknown"
"7014853",371857,2025-10-06 17:01:12,43.3528480529785,-8.41688346862793,"Unknown"
"7014853",371857,2025-10-06 17:06:12,43.3529243469238,-8.4158935546875,"Unknown"
"7014853",371857,2025-10-06 17:11:10,43.3529319763184,-8.41691303253174,"Unknown"
"7014853",371857,2025-10-06 17:16:17,43.3527946472168,-8.41717147827148,"Unknown"
"7014853",371857,2025-10-06 17:21:17,43.3528633117676,-8.41709995269775,"Unknown"
"7014853",371857,2025-10-06 17:26:13,43.3528709411621,-8.41713714599609,"Unknown"
"7014853",371857,2025-10-06 17:31:15,43.3528289794922,-8.41712284088135,"Unknown"
"7014853",371857,2025-10-06 17:36:16,43.3532562255859,-8.40914726257324,"Unknown"
"7014853",371857,2025-10-06 17:41:13,43.3529052734375,-8.41709804534912,"Unknown"
"7014853",371857,2025-10-06 17:46:18,43.3528747558594,-8.41716480255127,"Unknown"
"7014853",371857,2025-10-06 17:51:13,43.3529014587402,-8.41709327697754,"Unknown"
"7014853",371857,2025-10-06 17:56:11,43.3528861999512,-8.41708374023438,"Unknown"
"7014853",371857,2025-10-06 18:01:11,43.3528518676758,-8.41642189025879,"Unknown"
"7014853",371857,2025-10-06 18:06:12,43.3534698486328,-8.41508769989014,"Unknown"
"7014853",371857,2025-10-06 18:11:15,43.3595123291016,-8.39986419677734,"Unknown"
"7014853",371857,2025-10-06 18:16:15,43.3594131469727,-8.39979362487793,"Unknown"
"7014853",371857,2025-10-06 18:21:12,43.3594970703125,-8.39974021911621,"Unknown"
"7014853",371857,2025-10-06 18:26:12,43.3592758178711,-8.39955806732178,"Unknown"
"7014853",371857,2025-10-06 18:31:12,43.359375,-8.39977359771729,"Unknown"
"7014853",371857,2025-10-06 18:36:13,43.3593368530273,-8.39986038208008,"Unknown"
"7014853",371857,2025-10-06 18:41:18,43.3593826293945,-8.39998245239258,"Unknown"
"7014853",371857,2025-10-06 18:43:27,43.3594093322754,-8.39982891082764,"Unknown"
"7014853",371857,2025-10-06 23:43:44,43.359447479248,-8.39997386932373,"Unknown"
"7014853",371857,2025-10-07 04:43:45,43.3592414855957,-8.40044498443604,"Unknown"
"7014853",371857,2025-10-07 06:42:53,43.3530120849609,-8.41741752624512,"Unknown"
"7014853",371857,2025-10-07 06:47:19,43.353141784668,-8.41726303100586,"Unknown"
"7014853",371857,2025-10-07 06:52:18,43.3526725769043,-8.41769409179688,"Unknown"
"7014853",371857,2025-10-07 06:57:21,43.3524322509766,-8.41817283630371,"Unknown"
"7014853",371857,2025-10-07 07:02:29,43.3528823852539,-8.41784286499023,"Unknown"
"7014853",371857,2025-10-07 07:07:21,43.3529281616211,-8.41761207580566,"Unknown"
"7014853",371857,2025-10-07 07:12:20,43.3528327941895,-8.41770267486572,"Unknown"
"7014853",371857,2025-10-07 07:17:20,43.3532905578613,-8.41752624511719,"Unknown"
"7014853",371857,2025-10-07 07:22:19,43.3536224365234,-8.41701698303223,"Unknown"
"7014853",371857,2025-10-07 07:27:21,43.3528823852539,-8.41672515869141,"Unknown"
"7014853",371857,2025-10-07 07:32:44,43.352897644043,-8.41780090332031,"Unknown"
"7014853",371857,2025-10-07 07:37:17,43.3530158996582,-8.41799259185791,"Unknown"
"7014853",371857,2025-10-07 07:42:25,43.3529891967773,-8.41780853271484,"Unknown"
"7014853",371857,2025-10-07 07:47:20,43.3534278869629,-8.41823863983154,"Unknown"
"7014853",371857,2025-10-07 07:52:21,43.3527793884277,-8.41787147521973,"Unknown"
"7014853",371857,2025-10-07 07:57:18,43.3529663085938,-8.41803073883057,"Unknown"
"7014853",371857,2025-10-07 08:02:22,43.3529434204102,-8.41773700714111,"Unknown"
"7014853",371857,2025-10-07 08:07:21,43.3529739379883,-8.41785144805908,"Unknown"
"7014853",371857,2025-10-07 08:12:20,43.3528823852539,-8.41780281066895,"Unknown"
"7014853",371857,2025-10-07 08:17:21,43.3529281616211,-8.41759586334229,"Unknown"
"7014853",371857,2025-10-07 08:22:20,43.3528709411621,-8.41767978668213,"Unknown"
"7014853",371857,2025-10-07 08:27:24,43.3529930114746,-8.4178295135498,"Unknown"
"7014853",371857,2025-10-07 08:32:44,43.3529891967773,-8.41785621643066,"Unknown"
"7014853",371857,2025-10-07 08:37:20,43.3529624938965,-8.41791248321533,"Unknown"
"7014853",371857,2025-10-07 08:42:20,43.3530960083008,-8.41823577880859,"Unknown"
"7014853",371857,2025-10-07 08:47:18,43.3529510498047,-8.41826629638672,"Unknown"
"7014853",371857,2025-10-07 08:52:20,43.352840423584,-8.41753768920898,"Unknown"
"7014853",371857,2025-10-07 08:57:20,43.3530464172363,-8.41757774353027,"Unknown"
"7014853",371857,2025-10-07 09:02:21,43.3530197143555,-8.41824436187744,"Unknown"
"7014853",371857,2025-10-07 09:07:21,43.3530349731445,-8.41815376281738,"Unknown"
"7014853",371857,2025-10-07 09:12:19,43.3529357910156,-8.41828346252441,"Unknown"
"7014853",371857,2025-10-07 09:17:32,43.3531150817871,-8.41814994812012,"Unknown"
"7014853",371857,2025-10-07 09:22:33,43.35302734375,-8.41817188262939,"Unknown"
"7014853",371857,2025-10-07 09:27:34,43.3530731201172,-8.41819477081299,"Unknown"
"7014853",371857,2025-10-07 09:32:44,43.3528633117676,-8.4179515838623,"Unknown"
"7014853",371857,2025-10-07 09:37:23,43.3531112670898,-8.41840171813965,"Unknown"
"7014853",371857,2025-10-07 09:42:44,43.3528747558594,-8.41784572601318,"Unknown"
"7014853",371857,2025-10-07 09:47:20,43.3530006408691,-8.41777610778809,"Unknown"
"7014853",371857,2025-10-07 09:52:18,43.3528442382812,-8.41778564453125,"Unknown"
"7014853",371857,2025-10-07 09:57:18,43.3528709411621,-8.41795921325684,"Unknown"
"7014853",371857,2025-10-07 10:02:20,43.3529586791992,-8.41802501678467,"Unknown"
"7014853",371857,2025-10-07 10:07:19,43.3529357910156,-8.41802215576172,"Unknown"
"7014853",371857,2025-10-07 10:12:23,43.3530616760254,-8.41807746887207,"Unknown"
"7014853",371857,2025-10-07 10:17:24,43.3528633117676,-8.41776466369629,"Unknown"
"7014853",371857,2025-10-07 10:22:18,43.3516578674316,-8.43971061706543,"Unknown"
"7014853",371857,2025-10-07 10:27:18,43.3565902709961,-8.45747661590576,"Unknown"
"7014853",371857,2025-10-07 10:32:46,43.3560676574707,-8.45794677734375,"Unknown"
"7014853",371857,2025-10-07 10:37:44,43.3561363220215,-8.45693778991699,"Unknown"
"7014853",371857,2025-10-07 10:42:21,43.3562774658203,-8.45687675476074,"Unknown"
"7014853",371857,2025-10-07 10:47:40,43.3562316894531,-8.45649909973145,"Unknown"
"7014853",371857,2025-10-07 10:52:22,43.3562202453613,-8.45684242248535,"Unknown"
"7014853",371857,2025-10-07 10:58:05,43.3563690185547,-8.45702838897705,"Unknown"
"7014853",371857,2025-10-07 11:02:21,43.356372833252,-8.4568510055542,"Unknown"
"7014853",371857,2025-10-07 11:07:22,43.3566474914551,-8.45691680908203,"Unknown"
"7014853",371857,2025-10-07 11:12:23,43.3562965393066,-8.45731258392334,"Unknown"
"7014853",371857,2025-10-07 11:17:21,43.3564300537109,-8.4570255279541,"Unknown"
"7014853",371857,2025-10-07 11:22:44,43.3600730895996,-8.46139717102051,"Unknown"
"7014853",371857,2025-10-07 11:27:27,43.3602104187012,-8.46135997772217,"Unknown"
"7014853",371857,2025-10-07 11:32:44,43.3599166870117,-8.46140670776367,"Unknown"
"7014853",371857,2025-10-07 11:37:22,43.3602676391602,-8.46109771728516,"Unknown"
"7014853",371857,2025-10-07 11:42:32,43.3601608276367,-8.46141147613525,"Unknown"
"7014853",371857,2025-10-07 11:47:53,43.3600387573242,-8.46139049530029,"Unknown"
"7014853",371857,2025-10-07 11:52:22,43.3601036071777,-8.46154880523682,"Unknown"
"7014853",371857,2025-10-07 11:57:33,43.3597450256348,-8.46146488189697,"Unknown"
"7014853",371857,2025-10-07 12:02:34,43.3599853515625,-8.4614372253418,"Unknown"
"7014853",371857,2025-10-07 12:07:30,43.3609886169434,-8.46146297454834,"Unknown"
"7014853",371857,2025-10-07 12:12:21,43.3602294921875,-8.46145057678223,"Unknown"
"7014853",371857,2025-10-07 12:17:22,43.3613471984863,-8.46049022674561,"Unknown"
"7014853",371857,2025-10-07 12:22:42,43.3599662780762,-8.46139049530029,"Unknown"
"7014853",371857,2025-10-07 12:27:22,43.3599472045898,-8.46150875091553,"Unknown"
"7014853",371857,2025-10-07 12:32:30,43.3600997924805,-8.46127033233643,"Unknown"
"7014853",371857,2025-10-07 12:37:19,43.3600692749023,-8.46203994750977,"Unknown"
"7014853",371857,2025-10-07 12:42:21,43.3600425720215,-8.46159076690674,"Unknown"
"7014853",371857,2025-10-07 12:47:44,43.3603668212891,-8.4616174697876,"Unknown"
"7014853",371857,2025-10-07 12:52:20,43.3603096008301,-8.46120834350586,"Unknown"
"7014853",371857,2025-10-07 12:57:46,43.3605194091797,-8.46110916137695,"Unknown"
"7014853",371857,2025-10-07 13:02:30,43.3597640991211,-8.46114158630371,"Unknown"
"7014853",371857,2025-10-07 13:07:21,43.3600883483887,-8.46396446228027,"Unknown"
"7014853",371857,2025-10-07 13:12:22,43.3521041870117,-8.47779178619385,"Unknown"
"7014853",371857,2025-10-07 13:17:44,43.3529052734375,-8.48143672943115,"Unknown"
"7014853",371857,2025-10-07 13:22:42,43.3522491455078,-8.47805309295654,"Unknown"
"7014853",371857,2025-10-07 13:27:22,43.3522186279297,-8.4772424697876,"Unknown"
"7014853",371857,2025-10-07 13:32:23,43.3524780273438,-8.47790908813477,"Unknown"
"7014853",371857,2025-10-07 13:37:31,43.3520584106445,-8.47812366485596,"Unknown"
"7014853",371857,2025-10-07 13:42:31,43.3519706726074,-8.47802543640137,"Unknown"
"7014853",371857,2025-10-07 13:47:53,43.3521385192871,-8.47789096832275,"Unknown"
"7014853",371857,2025-10-07 13:52:32,43.3520622253418,-8.47788143157959,"Unknown"
"7014853",371857,2025-10-07 13:57:24,43.351806640625,-8.47834491729736,"Unknown"
"7014853",371857,2025-10-07 14:02:24,43.3526611328125,-8.47797107696533,"Unknown"
"7014853",371857,2025-10-07 14:07:18,43.3524894714355,-8.47820854187012,"Unknown"
"7014853",371857,2025-10-07 14:12:20,43.3519897460938,-8.47791957855225,"Unknown"
"7014853",371857,2025-10-07 14:17:18,43.3523292541504,-8.47810840606689,"Unknown"
"7014853",371857,2025-10-07 14:22:18,43.3522186279297,-8.47824287414551,"Unknown"
"7014853",371857,2025-10-07 14:27:18,43.3524169921875,-8.47819519042969,"Unknown"
"7014853",371857,2025-10-07 14:32:45,43.3522262573242,-8.47811889648438,"Unknown"
"7014853",371857,2025-10-07 14:37:18,43.352222442627,-8.47855472564697,"Unknown"
"7014853",371857,2025-10-07 14:42:19,43.3521003723145,-8.47823524475098,"Unknown"
"7014853",371857,2025-10-07 14:47:24,43.3521537780762,-8.47800922393799,"Unknown"
"7014853",371857,2025-10-07 14:52:17,43.3522071838379,-8.47793865203857,"Unknown"
"7014853",371857,2025-10-07 14:57:30,43.3521118164062,-8.47785568237305,"Unknown"
"7014853",371857,2025-10-07 15:02:31,43.3528671264648,-8.47869396209717,"Unknown"
"7014853",371857,2025-10-07 15:07:30,43.3526268005371,-8.47778606414795,"Unknown"
"7014853",371857,2025-10-07 15:12:29,43.3527870178223,-8.47786808013916,"Unknown"
"7014853",371857,2025-10-07 15:17:31,43.3526916503906,-8.47927188873291,"Unknown"
"7014853",371857,2025-10-07 15:22:30,43.3527870178223,-8.47777652740479,"Unknown"
"7014853",371857,2025-10-07 15:27:23,43.352611541748,-8.48039245605469,"Unknown"
"7014853",371857,2025-10-07 15:32:44,43.3530387878418,-8.48031997680664,"Unknown"
"7014853",371857,2025-10-07 15:37:38,43.3553810119629,-8.48131847381592,"Unknown"
"7014853",371857,2025-10-07 15:42:44,43.3529510498047,-8.47830390930176,"Unknown"
"7014853",371857,2025-10-07 15:47:44,43.3523406982422,-8.47799015045166,"Unknown"
"7014853",371857,2025-10-07 15:52:53,43.3522796630859,-8.47801494598389,"Unknown"
"7014853",371857,2025-10-07 15:57:19,43.3524169921875,-8.47812271118164,"Unknown"
"7014853",371857,2025-10-07 16:02:17,43.3522872924805,-8.47812652587891,"Unknown"
"7014853",371857,2025-10-07 16:07:30,43.3523979187012,-8.47807502746582,"Unknown"
"7014853",371857,2025-10-07 16:12:17,43.3523635864258,-8.47812271118164,"Unknown"
"7014853",371857,2025-10-07 16:17:18,43.3566932678223,-8.47222328186035,"Unknown"
"7014853",371857,2025-10-07 16:22:21,43.3600425720215,-8.46157932281494,"Unknown"
"7014853",371857,2025-10-07 16:27:22,43.3600311279297,-8.46156120300293,"Unknown"
"7014853",371857,2025-10-07 16:32:39,43.3601608276367,-8.46136856079102,"Unknown"
"7014853",371857,2025-10-07 16:37:22,43.3600807189941,-8.46159744262695,"Unknown"
"7014853",371857,2025-10-07 16:42:50,43.3603401184082,-8.4615650177002,"Unknown"
"7014853",371857,2025-10-07 16:47:24,43.3603019714355,-8.46159744262695,"Unknown"
"7014853",371857,2025-10-07 16:52:19,43.3602752685547,-8.46160125732422,"Unknown"
"7014853",371857,2025-10-07 16:57:18,43.368766784668,-8.45767021179199,"Unknown"
"7014853",371857,2025-10-07 17:02:17,43.380615234375,-8.44052886962891,"Unknown"
"7014853",371857,2025-10-07 17:07:24,43.3806610107422,-8.44071769714355,"Unknown"
"7014853",371857,2025-10-07 17:13:23,43.3807640075684,-8.4406270980835,"Unknown"
"7014853",371857,2025-10-07 17:17:18,43.3746871948242,-8.41909122467041,"Unknown"
"7014853",371857,2025-10-07 17:22:19,43.3644180297852,-8.40105628967285,"Unknown"
"7014853",371857,2025-10-07 17:27:18,43.3643569946289,-8.40124893188477,"Unknown"
"7014853",371857,2025-10-07 17:32:18,43.3641891479492,-8.40132999420166,"Unknown"
"7014853",371857,2025-10-07 17:37:20,43.3643226623535,-8.40141487121582,"Unknown"
"7014853",371857,2025-10-07 17:42:28,43.3641700744629,-8.40267753601074,"Unknown"
"7014853",371857,2025-10-07 17:47:53,43.3643798828125,-8.40095996856689,"Unknown"
"7014853",371857,2025-10-07 17:52:17,43.364330291748,-8.40110111236572,"Unknown"
"7014853",371857,2025-10-07 17:57:17,43.3644065856934,-8.40089416503906,"Unknown"
"7014853",371857,2025-10-07 18:02:17,43.3642997741699,-8.40117454528809,"Unknown"
"7014853",371857,2025-10-07 18:07:18,43.3645057678223,-8.40074062347412,"Unknown"
"7014853",371857,2025-10-07 18:12:18,43.3644828796387,-8.40126705169678,"Unknown"
"7014853",371857,2025-10-07 18:17:18,43.364143371582,-8.40149021148682,"Unknown"
"7014853",371857,2025-10-07 18:22:23,43.3643379211426,-8.40104579925537,"Unknown"
"7014853",371857,2025-10-07 18:27:18,43.3642730712891,-8.40116691589355,"Unknown"
"7014853",371857,2025-10-07 18:32:44,43.364315032959,-8.40100479125977,"Unknown"
"7014853",371857,2025-10-07 18:37:18,43.3642807006836,-8.400954246521,"Unknown"
"7014853",371857,2025-10-07 18:41:46,43.3642425537109,-8.40090942382812,"Unknown"
"7014853",371857,2025-10-07 23:42:05,43.3593482971191,-8.39960289001465,"Unknown"
"7014853",371857,2025-10-08 04:42:05,43.359546661377,-8.39972686767578,"Unknown"
"7014853",371857,2025-10-08 06:44:05,43.3595428466797,-8.39987850189209,"Unknown"
"7014853",371857,2025-10-08 06:48:33,43.3595085144043,-8.39985656738281,"Unknown"
"7014853",371857,2025-10-08 06:53:34,43.3595123291016,-8.39988803863525,"Unknown"
"7014853",371857,2025-10-08 06:58:36,43.3594589233398,-8.3998556137085,"Unknown"
"7014853",371857,2025-10-08 07:03:33,43.3595161437988,-8.39986324310303,"Unknown"
"7014853",371857,2025-10-08 07:08:33,43.3595199584961,-8.40014839172363,"Unknown"
"7014853",371857,2025-10-08 07:13:33,43.3594818115234,-8.39987468719482,"Unknown"
"7014853",371857,2025-10-08 07:18:34,43.359504699707,-8.39995002746582,"Unknown"
"7014853",371857,2025-10-08 07:23:33,43.3594856262207,-8.39988231658936,"Unknown"
"7014853",371857,2025-10-08 07:28:32,43.3595199584961,-8.3999719619751,"Unknown"
"7014853",371857,2025-10-08 07:33:32,43.3594665527344,-8.39986610412598,"Unknown"
"7014853",371857,2025-10-08 07:38:33,43.3595237731934,-8.39991474151611,"Unknown"
"7014853",371857,2025-10-08 07:43:33,43.3596038818359,-8.39991283416748,"Unknown"
"7014853",371857,2025-10-08 07:48:33,43.3594703674316,-8.40012454986572,"Unknown"
"7014853",371857,2025-10-08 07:53:33,43.3594856262207,-8.40052890777588,"Unknown"
"7014853",371857,2025-10-08 07:58:33,43.3595161437988,-8.40049362182617,"Unknown"
"7014853",371857,2025-10-08 08:03:37,43.3594169616699,-8.40032577514648,"Unknown"
"7014853",371857,2025-10-08 08:08:36,43.3593139648438,-8.40024089813232,"Unknown"
"7014853",371857,2025-10-08 08:13:36,43.3594131469727,-8.40035820007324,"Unknown"
"7014853",371857,2025-10-08 08:18:36,43.3595123291016,-8.40047359466553,"Unknown"
"7014853",371857,2025-10-08 08:23:36,43.3595199584961,-8.40049743652344,"Unknown"
"7014853",371857,2025-10-08 08:28:36,43.3594245910645,-8.40030765533447,"Unknown"
"7014853",371857,2025-10-08 08:33:43,43.3595352172852,-8.40037631988525,"Unknown"
"7014853",371857,2025-10-08 08:38:39,43.3590888977051,-8.39964389801025,"Unknown"
"7014853",371857,2025-10-08 08:43:39,43.3594284057617,-8.40033912658691,"Unknown"
"7014853",371857,2025-10-08 08:48:44,43.3594970703125,-8.40030860900879,"Unknown"
"7014853",371857,2025-10-08 08:53:37,43.3594512939453,-8.40038394927979,"Unknown"
"7014853",371857,2025-10-08 08:58:39,43.3593521118164,-8.40016078948975,"Unknown"
"7014853",371857,2025-10-08 09:03:39,43.3593215942383,-8.40022754669189,"Unknown"
"7014853",371857,2025-10-08 09:08:39,43.359317779541,-8.40021514892578,"Unknown"
"7014853",371857,2025-10-08 09:13:41,43.3595924377441,-8.40048313140869,"Unknown"
"7014853",371857,2025-10-08 09:19:05,43.359489440918,-8.4004602432251,"Unknown"
"7014853",371857,2025-10-08 09:23:33,43.3595161437988,-8.40040397644043,"Unknown"
"7014853",371857,2025-10-08 09:28:33,43.3594093322754,-8.40048027038574,"Unknown"
"7014853",371857,2025-10-08 09:33:32,43.3594932556152,-8.40038776397705,"Unknown"
"7014853",371857,2025-10-08 09:38:36,43.3593368530273,-8.40043067932129,"Unknown"
"7014853",371857,2025-10-08 09:43:32,43.3594055175781,-8.40043544769287,"Unknown"
"7014853",371857,2025-10-08 09:48:34,43.359489440918,-8.40054988861084,"Unknown"
"7014853",371857,2025-10-08 09:53:33,43.3594360351562,-8.40054321289062,"Unknown"
"7014853",371857,2025-10-08 09:58:33,43.3593978881836,-8.40062713623047,"Unknown"
"7014853",371857,2025-10-08 10:03:43,43.3593864440918,-8.40048980712891,"Unknown"
"7014853",371857,2025-10-08 10:08:37,43.3593521118164,-8.40051555633545,"Unknown"
"7014853",371857,2025-10-08 10:13:32,43.3593521118164,-8.40034008026123,"Unknown"
"7014853",371857,2025-10-08 10:18:33,43.3593635559082,-8.40044021606445,"Unknown"
"7014853",371857,2025-10-08 10:23:36,43.3594551086426,-8.40034294128418,"Unknown"
"7014853",371857,2025-10-08 10:28:39,43.3593864440918,-8.40040874481201,"Unknown"
"7014853",371857,2025-10-08 10:33:36,43.3594589233398,-8.4004077911377,"Unknown"
"7014853",371857,2025-10-08 10:38:36,43.3595695495605,-8.40045356750488,"Unknown"
"7014853",371857,2025-10-08 10:43:44,43.3593788146973,-8.40042877197266,"Unknown"
"7014853",371857,2025-10-08 10:48:32,43.3593978881836,-8.4004020690918,"Unknown"
"7014853",371857,2025-10-08 10:53:32,43.3594245910645,-8.40046215057373,"Unknown"
"7014853",371857,2025-10-08 10:58:33,43.3593063354492,-8.40047359466553,"Unknown"
"7014853",371857,2025-10-08 11:03:34,43.3594589233398,-8.40036392211914,"Unknown"
"7014853",371857,2025-10-08 11:08:32,43.3596115112305,-8.40035629272461,"Unknown"
"7014853",371857,2025-10-08 11:13:33,43.3596687316895,-8.40037822723389,"Unknown"
"7014853",371857,2025-10-08 11:18:33,43.359691619873,-8.40046691894531,"Unknown"
"7014853",371857,2025-10-08 11:23:33,43.3595581054688,-8.40045547485352,"Unknown"
"7014853",371857,2025-10-08 11:28:39,43.3595352172852,-8.40049934387207,"Unknown"
"7014853",371857,2025-10-08 11:33:43,43.3595199584961,-8.40045070648193,"Unknown"
"7014853",371857,2025-10-08 11:38:33,43.3595275878906,-8.40043544769287,"Unknown"
"7014853",371857,2025-10-08 11:43:32,43.3593978881836,-8.40019702911377,"Unknown"
"7014853",371857,2025-10-08 11:48:33,43.3595886230469,-8.40058517456055,"Unknown"
"7014853",371857,2025-10-08 11:53:33,43.3594360351562,-8.40031147003174,"Unknown"
"7014853",371857,2025-10-08 11:58:37,43.3599014282227,-8.4015417098999,"Unknown"
"7014853",371857,2025-10-08 12:03:34,43.3599662780762,-8.40169906616211,"Unknown"
"7014853",371857,2025-10-08 12:08:39,43.3597984313965,-8.40132713317871,"Unknown"
"7014853",371857,2025-10-08 12:13:39,43.3597068786621,-8.40108776092529,"Unknown"
"7014853",371857,2025-10-08 12:18:39,43.3596992492676,-8.40105724334717,"Unknown"
"7014853",371857,2025-10-08 12:23:33,43.3593864440918,-8.40042400360107,"Unknown"
"7014853",371857,2025-10-08 12:28:39,43.3594703674316,-8.40065479278564,"Unknown"
"7014853",371857,2025-10-08 12:33:45,43.3594245910645,-8.40061569213867,"Unknown"
"7014853",371857,2025-10-08 12:38:33,43.3594360351562,-8.40066337585449,"Unknown"
"7014853",371857,2025-10-08 12:43:39,43.3594589233398,-8.40061283111572,"Unknown"
"7014853",371857,2025-10-08 12:48:44,43.3595771789551,-8.40060806274414,"Unknown"
"7014853",371857,2025-10-08 12:53:33,43.3594665527344,-8.40068626403809,"Unknown"
"7014853",371857,2025-10-08 12:58:33,43.3595085144043,-8.40074729919434,"Unknown"
"7014853",371857,2025-10-08 13:03:33,43.3594741821289,-8.40062141418457,"Unknown"
"7014853",371857,2025-10-08 13:08:34,43.3595886230469,-8.40071201324463,"Unknown"
"7014853",371857,2025-10-08 13:13:36,43.3596458435059,-8.40064334869385,"Unknown"
"7014853",371857,2025-10-08 13:18:37,43.3594665527344,-8.40059661865234,"Unknown"
"7014853",371857,2025-10-08 13:23:39,43.359432220459,-8.40066909790039,"Unknown"
"7014853",371857,2025-10-08 13:28:39,43.3594512939453,-8.40055751800537,"Unknown"
"7014853",371857,2025-10-08 13:34:05,43.3594779968262,-8.4005880355835,"Unknown"
"7014853",371857,2025-10-08 13:38:32,43.3594627380371,-8.40060138702393,"Unknown"
"7014853",371857,2025-10-08 13:43:33,43.3594093322754,-8.40055751800537,"Unknown"
"7014853",371857,2025-10-08 13:48:32,43.3594741821289,-8.40058898925781,"Unknown"
"7014853",371857,2025-10-08 13:53:36,43.359733581543,-8.4002571105957,"Unknown"
"7014853",371857,2025-10-08 13:58:33,43.3597183227539,-8.40032768249512,"Unknown"
"7014853",371857,2025-10-08 14:03:33,43.3596572875977,-8.40042781829834,"Unknown"
"7014853",371857,2025-10-08 14:08:34,43.3597373962402,-8.40043354034424,"Unknown"
"7014853",371857,2025-10-08 14:13:33,43.3597564697266,-8.40042972564697,"Unknown"
"7014853",371857,2025-10-08 14:18:34,43.3597145080566,-8.40037250518799,"Unknown"
"7014853",371857,2025-10-08 14:23:33,43.3597412109375,-8.40038776397705,"Unknown"
"7014853",371857,2025-10-08 14:28:34,43.3596878051758,-8.40041637420654,"Unknown"
"7014853",371857,2025-10-08 14:33:34,43.3596954345703,-8.40035629272461,"Unknown"
"7014853",371857,2025-10-08 14:38:37,43.3597526550293,-8.40035533905029,"Unknown"
"7014853",371857,2025-10-08 14:43:37,43.3597259521484,-8.40035915374756,"Unknown"
"7014853",371857,2025-10-08 14:48:33,43.3596954345703,-8.40034770965576,"Unknown"
"7014853",371857,2025-10-08 14:53:33,43.3597145080566,-8.4005126953125,"Unknown"
"7014853",371857,2025-10-08 14:58:39,43.3596496582031,-8.40043640136719,"Unknown"
"7014853",371857,2025-10-08 15:03:37,43.3596420288086,-8.40043640136719,"Unknown"
"7014853",371857,2025-10-08 15:08:37,43.3596038818359,-8.40041446685791,"Unknown"
"7014853",371857,2025-10-08 15:13:37,43.3596000671387,-8.40040302276611,"Unknown"
"7014853",371857,2025-10-08 15:18:33,43.3596801757812,-8.40037059783936,"Unknown"
"7014853",371857,2025-10-08 15:23:36,43.3596267700195,-8.40062427520752,"Unknown"
"7014853",371857,2025-10-08 15:28:34,43.3596496582031,-8.40042304992676,"Unknown"
"7014853",371857,2025-10-08 15:33:33,43.3596801757812,-8.40052509307861,"Unknown"
"7014853",371857,2025-10-08 15:38:36,43.359748840332,-8.40026378631592,"Unknown"
"7014853",371857,2025-10-08 15:43:33,43.3597526550293,-8.40045547485352,"Unknown"
"7014853",371857,2025-10-08 15:48:44,43.3596534729004,-8.40043544769287,"Unknown"
"7014853",371857,2025-10-08 15:53:33,43.3597373962402,-8.40054798126221,"Unknown"
"7014853",371857,2025-10-08 15:58:36,43.3596687316895,-8.40035629272461,"Unknown"
"7014853",371857,2025-10-08 16:03:39,43.359676361084,-8.40016174316406,"Unknown"
"7014853",371857,2025-10-08 16:08:39,43.3595924377441,-8.40039825439453,"Unknown"
"7014853",371857,2025-10-08 16:13:39,43.3597145080566,-8.4003324508667,"Unknown"
"7014853",371857,2025-10-08 16:18:39,43.3596878051758,-8.4004373550415,"Unknown"
"7014853",371857,2025-10-08 16:23:33,43.3597602844238,-8.40057277679443,"Unknown"
"7014853",371857,2025-10-08 16:28:39,43.3597221374512,-8.40011978149414,"Unknown"
"7014853",371857,2025-10-08 16:33:36,43.3596611022949,-8.40023899078369,"Unknown"
"7014853",371857,2025-10-08 16:38:36,43.3596458435059,-8.40030097961426,"Unknown"
"7014853",371857,2025-10-08 16:43:37,43.3596496582031,-8.4000129699707,"Unknown"
"7014853",371857,2025-10-08 16:48:47,43.3597297668457,-8.40027046203613,"Unknown"
"7014853",371857,2025-10-08 16:53:36,43.3596839904785,-8.40050601959229,"Unknown"
"7014853",371857,2025-10-08 16:58:40,43.3596305847168,-8.40050411224365,"Unknown"
"7014853",371857,2025-10-08 17:03:39,43.3596649169922,-8.40050315856934,"Unknown"
"7014853",371857,2025-10-08 17:08:39,43.3596229553223,-8.40032386779785,"Unknown"
"7014853",371857,2025-10-08 17:13:41,43.3596839904785,-8.40042686462402,"Unknown"
"7014853",371857,2025-10-08 17:18:38,43.3597068786621,-8.40038204193115,"Unknown"
"7014853",371857,2025-10-08 17:23:41,43.3597030639648,-8.40030860900879,"Unknown"
"7014853",371857,2025-10-08 17:28:36,43.3597412109375,-8.40028381347656,"Unknown"
"7014853",371857,2025-10-08 17:33:36,43.3595542907715,-8.40036296844482,"Unknown"
"7014853",371857,2025-10-08 17:38:42,43.3594970703125,-8.40006446838379,"Unknown"
"7014853",371857,2025-10-08 17:43:40,43.359676361084,-8.40040111541748,"Unknown"
"7014853",371857,2025-10-08 17:48:37,43.3597717285156,-8.40025520324707,"Unknown"
"7014853",371857,2025-10-08 17:53:32,43.3597221374512,-8.40023136138916,"Unknown"
"7014853",371857,2025-10-08 17:58:37,43.3628387451172,-8.39697074890137,"Unknown"
"7014853",371857,2025-10-08 18:03:41,43.3624687194824,-8.39691543579102,"Unknown"
"7014853",371857,2025-10-08 18:08:36,43.3625411987305,-8.39690113067627,"Unknown"
"7014853",371857,2025-10-08 18:13:36,43.3625144958496,-8.396897315979,"Unknown"
"7014853",371857,2025-10-08 18:18:33,43.3625602722168,-8.39672756195068,"Unknown"
"7014853",371857,2025-10-08 18:23:37,43.3625602722168,-8.39695072174072,"Unknown"
"7014853",371857,2025-10-08 18:28:33,43.3627777099609,-8.39703273773193,"Unknown"
"7014853",371857,2025-10-08 18:33:44,43.3625450134277,-8.39686393737793,"Unknown"
"7014853",371857,2025-10-08 18:39:57,43.3623123168945,-8.39692783355713,"Unknown"
"7014853",371857,2025-10-08 23:40:23,43.3596725463867,-8.39966583251953,"Unknown"
"7014853",371857,2025-10-09 04:40:23,43.3596572875977,-8.40070915222168,"Unknown"
"7014853",371857,2025-10-09 06:45:05,43.3595886230469,-8.40199184417725,"Unknown"
"7014853",371857,2025-10-09 06:49:37,43.3595809936523,-8.40206432342529,"Unknown"
"7014853",371857,2025-10-09 06:54:38,43.3596305847168,-8.40198707580566,"Unknown"
"7014853",371857,2025-10-09 06:59:39,43.3596725463867,-8.40193462371826,"Unknown"
"7014853",371857,2025-10-09 07:04:40,43.3595504760742,-8.4018611907959,"Unknown"
"7014853",371857,2025-10-09 07:09:38,43.3595352172852,-8.40185165405273,"Unknown"
"7014853",371857,2025-10-09 07:14:37,43.3595199584961,-8.40190696716309,"Unknown"
"7014853",371857,2025-10-09 07:19:36,43.3596343994141,-8.402024269104,"Unknown"
"7014853",371857,2025-10-09 07:24:38,43.3595695495605,-8.40192890167236,"Unknown"
"7014853",371857,2025-10-09 07:29:45,43.3595581054688,-8.40197944641113,"Unknown"
"7014853",371857,2025-10-09 07:34:36,43.3595848083496,-8.40204334259033,"Unknown"
"7014853",371857,2025-10-09 07:39:37,43.3597183227539,-8.40210247039795,"Unknown"
"7014853",371857,2025-10-09 07:44:37,43.3595504760742,-8.40205955505371,"Unknown"
"7014853",371857,2025-10-09 07:49:37,43.3595199584961,-8.40206623077393,"Unknown"
"7014853",371857,2025-10-09 07:54:37,43.3595123291016,-8.40199089050293,"Unknown"
"7014853",371857,2025-10-09 07:59:42,43.3599281311035,-8.4025707244873,"Unknown"
"7014853",371857,2025-10-09 08:04:52,43.3596687316895,-8.4017448425293,"Unknown"
"7014853",371857,2025-10-09 08:10:05,43.3596229553223,-8.40174770355225,"Unknown"
"7014853",371857,2025-10-09 08:14:37,43.3596343994141,-8.40166282653809,"Unknown"
"7014853",371857,2025-10-09 08:19:37,43.3596000671387,-8.40157890319824,"Unknown"
"7014853",371857,2025-10-09 08:24:37,43.3595886230469,-8.40150547027588,"Unknown"
"7014853",371857,2025-10-09 08:29:37,43.3596611022949,-8.40155601501465,"Unknown"
"7014853",371857,2025-10-09 08:34:38,43.3596420288086,-8.40155601501465,"Unknown"
"7014853",371857,2025-10-09 08:39:37,43.3596496582031,-8.40146923065186,"Unknown"
"7014853",371857,2025-10-09 08:44:37,43.3595314025879,-8.40205669403076,"Unknown"
"7014853",371857,2025-10-09 08:49:36,43.3595886230469,-8.40200805664062,"Unknown"
"7014853",371857,2025-10-09 08:54:38,43.3594245910645,-8.40225219726562,"Unknown"
"7014853",371857,2025-10-09 08:59:36,43.3595008850098,-8.40217971801758,"Unknown"
"7014853",371857,2025-10-09 09:04:36,43.3595352172852,-8.40207576751709,"Unknown"
"7014853",371857,2025-10-09 09:09:36,43.3595352172852,-8.4019832611084,"Unknown"
"7014853",371857,2025-10-09 09:14:36,43.3595809936523,-8.40206527709961,"Unknown"
"7014853",371857,2025-10-09 09:19:37,43.359619140625,-8.40172576904297,"Unknown"
"7014853",371857,2025-10-09 09:24:41,43.3595123291016,-8.40157508850098,"Unknown"
"7014853",371857,2025-10-09 09:29:37,43.359504699707,-8.40177726745605,"Unknown"
"7014853",371857,2025-10-09 09:34:41,43.3595504760742,-8.40163040161133,"Unknown"
"7014853",371857,2025-10-09 09:39:40,43.3594970703125,-8.40167427062988,"Unknown"
"7014853",371857,2025-10-09 09:44:37,43.3595581054688,-8.40177059173584,"Unknown"
"7014853",371857,2025-10-09 09:49:37,43.3594703674316,-8.40166473388672,"Unknown"
"7014853",371857,2025-10-09 09:54:37,43.3598709106445,-8.40175724029541,"Unknown"
"7014853",371857,2025-10-09 09:59:39,43.3594436645508,-8.40177917480469,"Unknown"
"7014853",371857,2025-10-09 10:04:40,43.3597259521484,-8.40188312530518,"Unknown"
"7014853",371857,2025-10-09 10:09:43,43.3595962524414,-8.4019079208374,"Unknown"
"7014853",371857,2025-10-09 10:14:41,43.3594741821289,-8.40166473388672,"Unknown"
"7014853",371857,2025-10-09 10:19:39,43.359546661377,-8.40173244476318,"Unknown"
"7014853",371857,2025-10-09 10:24:38,43.3595657348633,-8.40181636810303,"Unknown"
"7014853",371857,2025-10-09 10:29:48,43.3596992492676,-8.40183925628662,"Unknown"
"7014853",371857,2025-10-09 10:34:51,43.3599319458008,-8.40218448638916,"Unknown"
"7014853",371857,2025-10-09 10:39:48,43.3592872619629,-8.40157413482666,"Unknown"
"7014853",371857,2025-10-09 10:44:56,43.3596038818359,-8.40181064605713,"Unknown"
"7014853",371857,2025-10-09 10:50:05,43.359676361084,-8.40192604064941,"Unknown"
"7014853",371857,2025-10-09 10:54:37,43.3595848083496,-8.4019021987915,"Unknown"
"7014853",371857,2025-10-09 10:59:37,43.3596076965332,-8.40199851989746,"Unknown"
"7014853",371857,2025-10-09 11:04:38,43.3596534729004,-8.40192222595215,"Unknown"
"7014853",371857,2025-10-09 11:09:38,43.3595352172852,-8.40175628662109,"Unknown"
"7014853",371857,2025-10-09 11:14:37,43.3596076965332,-8.40194702148438,"Unknown"
"7014853",371857,2025-10-09 11:19:38,43.3596267700195,-8.40202903747559,"Unknown"
"7014853",371857,2025-10-09 11:24:42,43.3598709106445,-8.40243911743164,"Unknown"
"7014853",371857,2025-10-09 11:29:43,43.3594703674316,-8.40209007263184,"Unknown"
"7014853",371857,2025-10-09 11:34:41,43.3595199584961,-8.40168952941895,"Unknown"
"7014853",371857,2025-10-09 11:39:42,43.3598098754883,-8.40215301513672,"Unknown"
"7014853",371857,2025-10-09 11:44:41,43.3591995239258,-8.40123558044434,"Unknown"
"7014853",371857,2025-10-09 11:49:41,43.3596000671387,-8.40196418762207,"Unknown"
"7014853",371857,2025-10-09 11:54:41,43.3599586486816,-8.4026346206665,"Unknown"
"7014853",371857,2025-10-09 11:59:40,43.3598327636719,-8.40215015411377,"Unknown"
"7014853",371857,2025-10-09 12:04:40,43.359260559082,-8.40130138397217,"Unknown"
"7014853",371857,2025-10-09 12:09:38,43.3595199584961,-8.40164756774902,"Unknown"
"7014853",371857,2025-10-09 12:14:47,43.3599586486816,-8.40237522125244,"Unknown"
"7014853",371857,2025-10-09 12:19:42,43.3589363098145,-8.39998054504395,"Unknown"
"7014853",371857,2025-10-09 12:24:52,43.3597984313965,-8.40218067169189,"Unknown"
"7014853",371857,2025-10-09 12:29:40,43.3595428466797,-8.40229797363281,"Unknown"
"7014853",371857,2025-10-09 12:34:46,43.3595733642578,-8.40200614929199,"Unknown"
"7014853",371857,2025-10-09 12:39:46,43.3595428466797,-8.40215587615967,"Unknown"
"7014853",371857,2025-10-09 12:44:46,43.3600997924805,-8.39766979217529,"Unknown"
"7014853",371857,2025-10-09 12:49:47,43.3600769042969,-8.39811897277832,"Unknown"
"7014853",371857,2025-10-09 12:54:47,43.359992980957,-8.39736747741699,"Unknown"
"7014853",371857,2025-10-09 12:59:45,43.3595962524414,-8.40232276916504,"Unknown"
"7014853",371857,2025-10-09 13:05:04,43.3597564697266,-8.40208721160889,"Unknown"
"7014853",371857,2025-10-09 13:09:41,43.3625106811523,-8.40332412719727,"Unknown"
"7014853",371857,2025-10-09 13:14:48,43.3628311157227,-8.40362644195557,"Unknown"
"7014853",371857,2025-10-09 13:19:39,43.3628883361816,-8.40361881256104,"Unknown"
"7014853",371857,2025-10-09 13:24:42,43.3595886230469,-8.39806842803955,"Unknown"
"7014853",371857,2025-10-09 13:29:47,43.3597793579102,-8.39832782745361,"Unknown"
"7014853",371857,2025-10-09 13:36:00,43.3597564697266,-8.39915466308594,"Unknown"
"7014853",371857,2025-10-09 13:40:13,43.3598747253418,-8.39919948577881,"Unknown"
"7014853",371857,2025-10-09 13:44:37,43.3599243164062,-8.39920520782471,"Unknown"
"7014853",371857,2025-10-09 13:49:37,43.3597679138184,-8.39918231964111,"Unknown"
"7014853",371857,2025-10-09 13:54:37,43.3598594665527,-8.39929866790771,"Unknown"
"7014853",371857,2025-10-09 13:59:38,43.359790802002,-8.39933967590332,"Unknown"
"7014853",371857,2025-10-09 14:04:37,43.3598747253418,-8.39935779571533,"Unknown"
"7014853",371857,2025-10-09 14:09:41,43.3598480224609,-8.39900684356689,"Unknown"
"7014853",371857,2025-10-09 14:14:36,43.3597984313965,-8.40026187896729,"Unknown"
"7014853",371857,2025-10-09 14:19:39,43.3623886108398,-8.40339851379395,"Unknown"
"7014853",371857,2025-10-09 14:24:39,43.3624649047852,-8.40341567993164,"Unknown"
"7014853",371857,2025-10-09 14:29:40,43.3627128601074,-8.40426063537598,"Unknown"
"7014853",371857,2025-10-09 14:34:42,43.3626365661621,-8.40368175506592,"Unknown"
"7014853",371857,2025-10-09 14:39:37,43.3723907470703,-8.41922092437744,"Unknown"
"7014853",371857,2025-10-09 14:44:37,43.3668174743652,-8.45766925811768,"Unknown"
"7014853",371857,2025-10-09 14:50:11,43.3707885742188,-8.45241737365723,"Unknown"
"7014853",371857,2025-10-09 14:54:38,43.3707847595215,-8.45255851745605,"Unknown"
"7014853",371857,2025-10-09 14:59:38,43.3708152770996,-8.45241832733154,"Unknown"
"7014853",371857,2025-10-09 15:04:40,43.3708190917969,-8.45245742797852,"Unknown"
"7014853",371857,2025-10-09 15:09:43,43.3710479736328,-8.45235633850098,"Unknown"
"7014853",371857,2025-10-09 15:14:39,43.3690872192383,-8.4550609588623,"Unknown"
"7014853",371857,2025-10-09 15:19:38,43.3695449829102,-8.4561653137207,"Unknown"
"7014853",371857,2025-10-09 15:24:37,43.3669891357422,-8.45811557769775,"Unknown"
"7014853",371857,2025-10-09 15:30:05,43.356372833252,-8.45708847045898,"Unknown"
"7014853",371857,2025-10-09 15:34:38,43.3564376831055,-8.45747184753418,"Unknown"
"7014853",371857,2025-10-09 15:39:36,43.3564605712891,-8.45729446411133,"Unknown"
"7014853",371857,2025-10-09 15:44:36,43.3570404052734,-8.45819568634033,"Unknown"
"7014853",371857,2025-10-09 15:49:44,43.3562164306641,-8.45707607269287,"Unknown"
"7014853",371857,2025-10-09 15:54:56,43.3561553955078,-8.45689582824707,"Unknown"
"7014853",371857,2025-10-09 15:59:42,43.3564605712891,-8.45669174194336,"Unknown"
"7014853",371857,2025-10-09 16:04:42,43.3563461303711,-8.45713138580322,"Unknown"
"7014853",371857,2025-10-09 16:09:46,43.3563652038574,-8.45696067810059,"Unknown"
"7014853",371857,2025-10-09 16:15:02,43.3561325073242,-8.45688915252686,"Unknown"
"7014853",371857,2025-10-09 16:19:39,43.3564300537109,-8.4570198059082,"Unknown"
"7014853",371857,2025-10-09 16:24:37,43.3538970947266,-8.45725059509277,"Unknown"
"7014853",371857,2025-10-09 16:29:37,43.3405532836914,-8.45408153533936,"Unknown"
"7014853",371857,2025-10-09 16:34:39,43.3408889770508,-8.45479679107666,"Unknown"
"7014853",371857,2025-10-09 16:39:38,43.3405570983887,-8.45456504821777,"Unknown"
"7014853",371857,2025-10-09 16:44:42,43.3409881591797,-8.45485496520996,"Unknown"
"7014853",371857,2025-10-09 16:49:38,43.3408012390137,-8.45489978790283,"Unknown"
"7014853",371857,2025-10-09 16:54:36,43.347038269043,-8.45138263702393,"Unknown"
"7014853",371857,2025-10-09 16:59:39,43.3546676635742,-8.45814990997314,"Unknown"
"7014853",371857,2025-10-09 17:04:45,43.3563652038574,-8.45703315734863,"Unknown"
"7014853",371857,2025-10-09 17:09:38,43.3572387695312,-8.45819473266602,"Unknown"
"7014853",371857,2025-10-09 17:15:05,43.371265411377,-8.45179176330566,"Unknown"
"7014853",371857,2025-10-09 17:19:36,43.3713226318359,-8.45176029205322,"Unknown"
"7014853",371857,2025-10-09 17:25:13,43.3712615966797,-8.45180511474609,"Unknown"
"7014853",371857,2025-10-09 17:29:48,43.3713264465332,-8.45186042785645,"Unknown"
"7014853",371857,2025-10-09 17:34:35,43.3712997436523,-8.45203399658203,"Unknown"
"7014853",371857,2025-10-09 17:39:36,43.3712387084961,-8.45189952850342,"Unknown"
"7014853",371857,2025-10-09 17:44:39,43.3714561462402,-8.45196437835693,"Unknown"
"7014853",371857,2025-10-09 17:51:00,43.3777084350586,-8.44656085968018,"Unknown"
"7014853",371857,2025-10-09 17:55:05,43.3766860961914,-8.42585277557373,"Unknown"
"7014853",371857,2025-10-09 17:59:36,43.3596382141113,-8.40031623840332,"Unknown"
"7014853",371857,2025-10-09 18:04:36,43.3593940734863,-8.40072154998779,"Unknown"
"7014853",371857,2025-10-09 18:09:36,43.3593978881836,-8.40063381195068,"Unknown"
"7014853",371857,2025-10-09 18:14:36,43.3594017028809,-8.40068626403809,"Unknown"
"7014853",371857,2025-10-09 18:19:36,43.3594360351562,-8.40068435668945,"Unknown"
"7014853",371857,2025-10-09 18:24:36,43.3594245910645,-8.40059566497803,"Unknown"
"7014853",371857,2025-10-09 18:29:46,43.3593978881836,-8.40065002441406,"Unknown"
"7014853",371857,2025-10-09 18:34:36,43.359432220459,-8.40072059631348,"Unknown"
"7014853",371857,2025-10-09 18:38:21,43.3594017028809,-8.40065383911133,"Unknown"
"7014853",371857,2025-10-09 23:38:54,43.3607025146484,-8.39848232269287,"Unknown"
"7014853",371857,2025-10-10 04:38:53,43.3596267700195,-8.39943790435791,"Unknown"
"7014853",371857,2025-10-10 06:46:35,43.3609809875488,-8.39729404449463,"Unknown"
"7014853",371857,2025-10-10 06:51:02,43.3598747253418,-8.39848709106445,"Unknown"
"7014853",371857,2025-10-10 06:56:03,43.3595695495605,-8.39888858795166,"Unknown"
"7014853",371857,2025-10-10 07:00:58,43.3593711853027,-8.40117263793945,"Unknown"
"7014853",371857,2025-10-10 07:05:58,43.3593864440918,-8.40087890625,"Unknown"
"7014853",371857,2025-10-10 07:10:56,43.3593368530273,-8.40111351013184,"Unknown"
"7014853",371857,2025-10-10 07:16:00,43.3593826293945,-8.40099620819092,"Unknown"
"7014853",371857,2025-10-10 07:21:06,43.3596305847168,-8.40144920349121,"Unknown"
"7014853",371857,2025-10-10 07:26:14,43.3595199584961,-8.40132808685303,"Unknown"
"7014853",371857,2025-10-10 07:30:57,43.3595542907715,-8.40138530731201,"Unknown"
"7014853",371857,2025-10-10 07:35:59,43.359489440918,-8.40152072906494,"Unknown"
"7014853",371857,2025-10-10 07:40:59,43.3593978881836,-8.4013843536377,"Unknown"
"7014853",371857,2025-10-10 07:46:04,43.3595695495605,-8.40159702301025,"Unknown"
"7014853",371857,2025-10-10 07:51:03,43.3600769042969,-8.40214061737061,"Unknown"
"7014853",371857,2025-10-10 07:56:06,43.3597831726074,-8.40177822113037,"Unknown"
"7014853",371857,2025-10-10 08:01:06,43.359432220459,-8.40145301818848,"Unknown"
"7014853",371857,2025-10-10 08:06:14,43.360279083252,-8.40225887298584,"Unknown"
"7014853",371857,2025-10-10 08:11:14,43.3596496582031,-8.40169143676758,"Unknown"
"7014853",371857,2025-10-10 08:15:58,43.3595771789551,-8.40165328979492,"Unknown"
"7014853",371857,2025-10-10 08:21:29,43.3596038818359,-8.40170860290527,"Unknown"
"7014853",371857,2025-10-10 08:25:56,43.3596229553223,-8.40174388885498,"Unknown"
"7014853",371857,2025-10-10 08:31:06,43.3596382141113,-8.40174102783203,"Unknown"
"7014853",371857,2025-10-10 08:35:55,43.3596572875977,-8.40179538726807,"Unknown"
"7014853",371857,2025-10-10 08:40:56,43.3595809936523,-8.40189361572266,"Unknown"
"7014853",371857,2025-10-10 08:45:59,43.3597526550293,-8.4019603729248,"Unknown"
"7014853",371857,2025-10-10 08:50:58,43.3596649169922,-8.40194988250732,"Unknown"
"7014853",371857,2025-10-10 08:56:00,43.3596382141113,-8.40198516845703,"Unknown"
"7014853",371857,2025-10-10 09:00:59,43.3596267700195,-8.40194606781006,"Unknown"
"7014853",371857,2025-10-10 09:06:01,43.3596420288086,-8.40197277069092,"Unknown"
"7014853",371857,2025-10-10 09:10:57,43.3596496582031,-8.40193176269531,"Unknown"
"7014853",371857,2025-10-10 09:16:00,43.359691619873,-8.40193271636963,"Unknown"
"7014853",371857,2025-10-10 09:20:59,43.3596572875977,-8.40190410614014,"Unknown"
"7014853",371857,2025-10-10 09:26:00,43.3596382141113,-8.40189552307129,"Unknown"
"7014853",371857,2025-10-10 09:30:55,43.3595962524414,-8.40189266204834,"Unknown"
"7014853",371857,2025-10-10 09:35:57,43.3596305847168,-8.40200328826904,"Unknown"
"7014853",371857,2025-10-10 09:40:57,43.3596305847168,-8.40178203582764,"Unknown"
"7014853",371857,2025-10-10 09:46:00,43.359676361084,-8.40179634094238,"Unknown"
"7014853",371857,2025-10-10 09:50:58,43.3595771789551,-8.40203189849854,"Unknown"
"7014853",371857,2025-10-10 09:56:13,43.3592681884766,-8.40219020843506,"Unknown"
"7014853",371857,2025-10-10 10:01:00,43.3586502075195,-8.40048789978027,"Unknown"
"7014853",371857,2025-10-10 10:06:04,43.3587417602539,-8.40049934387207,"Unknown"
"7014853",371857,2025-10-10 10:11:01,43.3583450317383,-8.39996719360352,"Unknown"
"7014853",371857,2025-10-10 10:16:01,43.3587265014648,-8.39999580383301,"Unknown"
"7014853",371857,2025-10-10 10:21:03,43.3584136962891,-8.39977550506592,"Unknown"
"7014853",371857,2025-10-10 10:25:58,43.3589134216309,-8.40061950683594,"Unknown"
"7014853",371857,2025-10-10 10:31:03,43.359447479248,-8.40142726898193,"Unknown"
"7014853",371857,2025-10-10 10:36:00,43.3596000671387,-8.40077972412109,"Unknown"
"7014853",371857,2025-10-10 10:41:04,43.3596305847168,-8.40100193023682,"Unknown"
"7014853",371857,2025-10-10 10:46:14,43.3595924377441,-8.40102958679199,"Unknown"
"7014853",371857,2025-10-10 10:51:00,43.3594131469727,-8.40090370178223,"Unknown"
"7014853",371857,2025-10-10 10:55:58,43.3594245910645,-8.40095710754395,"Unknown"
"7014853",371857,2025-10-10 11:00:58,43.3594207763672,-8.40096378326416,"Unknown"
"7014853",371857,2025-10-10 11:05:57,43.3595657348633,-8.40106582641602,"Unknown"
"7014853",371857,2025-10-10 11:11:04,43.3596038818359,-8.40108299255371,"Unknown"
"7014853",371857,2025-10-10 11:16:05,43.3595771789551,-8.40104961395264,"Unknown"
"7014853",371857,2025-10-10 11:20:58,43.3594818115234,-8.40098094940186,"Unknown"
"7014853",371857,2025-10-10 11:25:57,43.3605461120605,-8.4044713973999,"Unknown"
"7014853",371857,2025-10-10 11:31:15,43.3597068786621,-8.40115737915039,"Unknown"
"7014853",371857,2025-10-10 11:35:58,43.3595848083496,-8.40114307403564,"Unknown"
"7014853",371857,2025-10-10 11:41:03,43.3596839904785,-8.40110874176025,"Unknown"
"7014853",371857,2025-10-10 11:45:58,43.3595161437988,-8.40103721618652,"Unknown"
"7014853",371857,2025-10-10 11:50:56,43.3596382141113,-8.40089321136475,"Unknown"
"7014853",371857,2025-10-10 11:56:05,43.3594017028809,-8.4006872177124,"Unknown"
"7014853",371857,2025-10-10 12:01:06,43.3605041503906,-8.40267658233643,"Unknown"
"7014853",371857,2025-10-10 12:06:14,43.3596115112305,-8.40101623535156,"Unknown"
"7014853",371857,2025-10-10 12:11:06,43.3596878051758,-8.4010534286499,"Unknown"
"7014853",371857,2025-10-10 12:16:06,43.3596649169922,-8.40027713775635,"Unknown"
"7014853",371857,2025-10-10 12:21:07,43.3596572875977,-8.40083312988281,"Unknown"
"7014853",371857,2025-10-10 12:26:06,43.3598251342773,-8.39963340759277,"Unknown"
"7014853",371857,2025-10-10 12:31:12,43.3595848083496,-8.40112781524658,"Unknown"
"7014853",371857,2025-10-10 12:36:03,43.3596534729004,-8.40112781524658,"Unknown"
"7014853",371857,2025-10-10 12:41:06,43.3596725463867,-8.40117835998535,"Unknown"
"7014853",371857,2025-10-10 12:46:06,43.3597145080566,-8.40102958679199,"Unknown"
"7014853",371857,2025-10-10 12:51:06,43.3596878051758,-8.4012508392334,"Unknown"
"7014853",371857,2025-10-10 12:56:09,43.3596649169922,-8.40116882324219,"Unknown"
"7014853",371857,2025-10-10 13:01:14,43.3596725463867,-8.40122413635254,"Unknown"
"7014853",371857,2025-10-10 13:06:06,43.3597297668457,-8.40107154846191,"Unknown"
"7014853",371857,2025-10-10 13:11:03,43.3597450256348,-8.40117740631104,"Unknown"
"7014853",371857,2025-10-10 13:16:29,43.3597183227539,-8.40117359161377,"Unknown"
"7014853",371857,2025-10-10 13:20:56,43.3597106933594,-8.40110969543457,"Unknown"
"7014853",371857,2025-10-10 13:25:56,43.3597564697266,-8.40118026733398,"Unknown"
"7014853",371857,2025-10-10 13:30:58,43.3597221374512,-8.40118026733398,"Unknown"
"7014853",371857,2025-10-10 13:35:55,43.3597030639648,-8.40119743347168,"Unknown"
"7014853",371857,2025-10-10 13:40:58,43.3615455627441,-8.39713573455811,"Unknown"
"7014853",371857,2025-10-10 13:45:55,43.3617362976074,-8.39714431762695,"Unknown"
"7014853",371857,2025-10-10 13:51:01,43.3615798950195,-8.3970890045166,"Unknown"
"7014853",371857,2025-10-10 13:56:00,43.3619194030762,-8.3970775604248,"Unknown"
"7014853",371857,2025-10-10 14:00:55,43.3618698120117,-8.39779663085938,"Unknown"
"7014853",371857,2025-10-10 14:05:57,43.3620147705078,-8.39815807342529,"Unknown"
"7014853",371857,2025-10-10 14:11:15,43.3622512817383,-8.40101337432861,"Unknown"
"7014853",371857,2025-10-10 14:15:58,43.3624801635742,-8.40186023712158,"Unknown"
"7014853",371857,2025-10-10 14:21:01,43.3626174926758,-8.40301132202148,"Unknown"
"7014853",371857,2025-10-10 14:25:59,43.3625602722168,-8.40351104736328,"Unknown"
"7014853",371857,2025-10-10 14:30:59,43.3630104064941,-8.40330410003662,"Unknown"
"7014853",371857,2025-10-10 14:35:57,43.3637161254883,-8.40329360961914,"Unknown"
"7014853",371857,2025-10-10 14:40:56,43.3636932373047,-8.40274143218994,"Unknown"
"7014853",371857,2025-10-10 14:46:07,43.3637771606445,-8.40205669403076,"Unknown"
"7014853",371857,2025-10-10 14:50:58,43.3636627197266,-8.40147018432617,"Unknown"
"7014853",371857,2025-10-10 14:55:58,43.3636169433594,-8.40126419067383,"Unknown"
"7014853",371857,2025-10-10 15:00:59,43.3638153076172,-8.40091228485107,"Unknown"
"7014853",371857,2025-10-10 15:06:15,43.3637466430664,-8.40065002441406,"Unknown"
"7014853",371857,2025-10-10 15:10:59,43.36376953125,-8.40021705627441,"Unknown"
"7014853",371857,2025-10-10 15:15:57,43.3637466430664,-8.39977645874023,"Unknown"
"7014853",371857,2025-10-10 15:21:03,43.3637962341309,-8.39962863922119,"Unknown"
"7014853",371857,2025-10-10 15:26:05,43.3636856079102,-8.39959239959717,"Unknown"
"7014853",371857,2025-10-10 15:31:41,43.3635597229004,-8.39968013763428,"Unknown"
"7014853",371857,2025-10-10 15:35:59,43.3631134033203,-8.39968299865723,"Unknown"
"7014853",371857,2025-10-10 15:41:01,43.3624877929688,-8.39986991882324,"Unknown"
"7014853",371857,2025-10-10 15:45:59,43.3617973327637,-8.39999771118164,"Unknown"
"7014853",371857,2025-10-10 15:51:50,43.3596572875977,-8.40048599243164,"Unknown"
"7014853",371857,2025-10-10 15:55:56,43.3595962524414,-8.40107917785645,"Unknown"
"7014853",371857,2025-10-10 16:00:58,43.3600463867188,-8.40139198303223,"Unknown"
"7014853",371857,2025-10-10 16:05:56,43.3595848083496,-8.40108966827393,"Unknown"
"7014853",371857,2025-10-10 16:10:58,43.3596878051758,-8.40118885040283,"Unknown"
"7014853",371857,2025-10-10 16:16:00,43.3598098754883,-8.40116119384766,"Unknown"
"7014853",371857,2025-10-10 16:21:00,43.3598747253418,-8.40110683441162,"Unknown"
"7014853",371857,2025-10-10 16:26:08,43.3596305847168,-8.40116500854492,"Unknown"
"7014853",371857,2025-10-10 16:31:04,43.3596000671387,-8.40116119384766,"Unknown"
"7014853",371857,2025-10-10 16:36:15,43.3595542907715,-8.40111255645752,"Unknown"
"7014853",371857,2025-10-10 16:40:58,43.3596229553223,-8.40140628814697,"Unknown"
"7014853",371857,2025-10-10 16:45:56,43.3594703674316,-8.40105152130127,"Unknown"
"7014853",371857,2025-10-10 16:50:56,43.3594284057617,-8.40119743347168,"Unknown"
"7014853",371857,2025-10-10 16:56:01,43.3596343994141,-8.4012565612793,"Unknown"
"7014853",371857,2025-10-10 17:01:06,43.3595581054688,-8.40094757080078,"Unknown"
"7014853",371857,2025-10-10 17:06:06,43.3597412109375,-8.40116500854492,"Unknown"
"7014853",371857,2025-10-10 17:11:06,43.3597984313965,-8.40093612670898,"Unknown"
"7014853",371857,2025-10-10 17:16:29,43.3596420288086,-8.40105533599854,"Unknown"
"7014853",371857,2025-10-10 17:20:56,43.3598976135254,-8.40051555633545,"Unknown"
"7014853",371857,2025-10-10 17:25:55,43.3596954345703,-8.40086078643799,"Unknown"
"7014853",371857,2025-10-10 17:30:56,43.3596687316895,-8.40100479125977,"Unknown"
"7014853",371857,2025-10-10 17:35:56,43.3597297668457,-8.40088272094727,"Unknown"
"7014853",371857,2025-10-10 17:40:55,43.359790802002,-8.40076351165771,"Unknown"
"7014853",371857,2025-10-10 17:45:56,43.3597679138184,-8.40085983276367,"Unknown"
"7014853",371857,2025-10-10 17:51:13,43.3596305847168,-8.40108489990234,"Unknown"
"7014853",371857,2025-10-10 17:56:12,43.3596496582031,-8.40096950531006,"Unknown"
"7014853",371857,2025-10-10 18:00:55,43.3596687316895,-8.4009895324707,"Unknown"
"7014853",371857,2025-10-10 18:05:55,43.3596267700195,-8.40104007720947,"Unknown"
"7014853",371857,2025-10-10 18:10:55,43.3596878051758,-8.40101051330566,"Unknown"
"7014853",371857,2025-10-10 18:15:55,43.3596649169922,-8.40102863311768,"Unknown"
"7014853",371857,2025-10-10 18:20:55,43.3596496582031,-8.40096855163574,"Unknown"
"7014853",371857,2025-10-10 18:25:58,43.3596420288086,-8.40097522735596,"Unknown"
"7014853",371857,2025-10-10 18:30:55,43.3596153259277,-8.40090179443359,"Unknown"
"7014853",371857,2025-10-10 18:36:43,43.3596725463867,-8.40102386474609,"Unknown"
"7014853",371857,2025-10-10 23:37:14,43.3625907897949,-8.3967113494873,"Unknown"
"7014853",371857,2025-10-11 04:37:05,43.3621406555176,-8.39700794219971,"Unknown"
"7014853",371857,2025-10-11 06:47:35,43.3620948791504,-8.39712047576904,"Unknown"
"7014853",371857,2025-10-11 06:52:04,43.3621101379395,-8.39708518981934,"Unknown"
"7014853",371857,2025-10-11 06:57:07,43.3621025085449,-8.39707374572754,"Unknown"
"7014853",371857,2025-10-11 07:02:04,43.3621025085449,-8.39715671539307,"Unknown"
"7014853",371857,2025-10-11 07:07:04,43.3620719909668,-8.39700698852539,"Unknown"
"7014853",371857,2025-10-11 07:12:09,43.362117767334,-8.39706325531006,"Unknown"
"7014853",371857,2025-10-11 07:17:08,43.3621368408203,-8.39707565307617,"Unknown"
"7014853",371857,2025-10-11 07:22:06,43.3620643615723,-8.39706134796143,"Unknown"
"7014853",371857,2025-10-11 07:27:06,43.3621025085449,-8.39701366424561,"Unknown"
"7014853",371857,2025-10-11 07:32:08,43.3621368408203,-8.39708042144775,"Unknown"
"7014853",371857,2025-10-11 07:37:06,43.3621139526367,-8.39709663391113,"Unknown"
"7014853",371857,2025-10-11 07:42:07,43.3621292114258,-8.3970775604248,"Unknown"
"7014853",371857,2025-10-11 07:47:11,43.3621215820312,-8.39714241027832,"Unknown"
"7014853",371857,2025-10-11 07:52:06,43.3621063232422,-8.39705848693848,"Unknown"
"7014853",371857,2025-10-11 07:57:03,43.3621673583984,-8.39738464355469,"Unknown"
"7014853",371857,2025-10-11 08:02:08,43.3620948791504,-8.39701080322266,"Unknown"
"7014853",371857,2025-10-11 08:07:04,43.3619575500488,-8.39687347412109,"Unknown"
"7014853",371857,2025-10-11 08:12:11,43.3616523742676,-8.39707279205322,"Unknown"
"7014853",371857,2025-10-11 08:17:07,43.3617172241211,-8.39696502685547,"Unknown"
"7014853",371857,2025-10-11 08:22:08,43.3615989685059,-8.3970775604248,"Unknown"
"7014853",371857,2025-10-11 08:27:09,43.3615341186523,-8.39712333679199,"Unknown"
"7014853",371857,2025-10-11 08:32:08,43.3615875244141,-8.39709377288818,"Unknown"
"7014853",371857,2025-10-11 08:37:18,43.3617134094238,-8.39694023132324,"Unknown"
"7014853",371857,2025-10-11 08:42:13,43.3615837097168,-8.39700412750244,"Unknown"
"7014853",371857,2025-10-11 08:47:09,43.3615608215332,-8.39690589904785,"Unknown"
"7014853",371857,2025-10-11 08:52:10,43.3615531921387,-8.39699554443359,"Unknown"
"7014853",371857,2025-10-11 08:58:27,43.3599128723145,-8.39946174621582,"Unknown"
"7014853",371857,2025-10-11 09:02:06,43.3595085144043,-8.40119552612305,"Unknown"
"7014853",371857,2025-10-11 09:07:06,43.3595428466797,-8.40093898773193,"Unknown"
"7014853",371857,2025-10-11 09:12:11,43.3595962524414,-8.40105152130127,"Unknown"
"7014853",371857,2025-10-11 09:17:14,43.3592567443848,-8.40111923217773,"Unknown"
"7014853",371857,2025-10-11 09:22:13,43.3598213195801,-8.40110778808594,"Unknown"
"7014853",371857,2025-10-11 09:27:14,43.3597831726074,-8.39852237701416,"Unknown"
"7014853",371857,2025-10-11 09:32:18,43.359790802002,-8.39803791046143,"Unknown"
"7014853",371857,2025-10-11 09:37:09,43.3597526550293,-8.40149688720703,"Unknown"
"7014853",371857,2025-10-11 09:42:07,43.3596343994141,-8.40108394622803,"Unknown"
"7014853",371857,2025-10-11 09:47:15,43.3597030639648,-8.4010591506958,"Unknown"
"7014853",371857,2025-10-11 09:52:09,43.3596992492676,-8.4011402130127,"Unknown"
"7014853",371857,2025-10-11 09:57:15,43.3595542907715,-8.40105438232422,"Unknown"
"7014853",371857,2025-10-11 10:02:09,43.3595886230469,-8.40102767944336,"Unknown"
"7014853",371857,2025-10-11 10:07:07,43.3596038818359,-8.40101909637451,"Unknown"
"7014853",371857,2025-10-11 10:12:07,43.3595390319824,-8.40110492706299,"Unknown"
"7014853",371857,2025-10-11 10:17:06,43.3596343994141,-8.40111351013184,"Unknown"
"7014853",371857,2025-10-11 10:22:07,43.3595657348633,-8.40105628967285,"Unknown"
"7014853",371857,2025-10-11 10:27:13,43.3594741821289,-8.40101718902588,"Unknown"
"7014853",371857,2025-10-11 10:32:07,43.359619140625,-8.40112113952637,"Unknown"
"7014853",371857,2025-10-11 10:37:07,43.3595962524414,-8.40117835998535,"Unknown"
"7014853",371857,2025-10-11 10:42:07,43.3595581054688,-8.40124130249023,"Unknown"
"7014853",371857,2025-10-11 10:47:15,43.3595962524414,-8.40108871459961,"Unknown"
"7014853",371857,2025-10-11 10:52:03,43.3595886230469,-8.40109729766846,"Unknown"
"7014853",371857,2025-10-11 10:57:13,43.3596687316895,-8.40114593505859,"Unknown"
"7014853",371857,2025-10-11 11:02:59,43.3595809936523,-8.4016056060791,"Unknown"
"7014853",371857,2025-10-11 11:07:07,43.3593139648438,-8.40223121643066,"Unknown"
"7014853",371857,2025-10-11 11:12:03,43.3593864440918,-8.40249919891357,"Unknown"
"7014853",371857,2025-10-11 11:17:09,43.3594627380371,-8.40211868286133,"Unknown"
"7014853",371857,2025-10-11 11:22:07,43.3596267700195,-8.40219783782959,"Unknown"
"7014853",371857,2025-10-11 11:27:10,43.3597068786621,-8.40199279785156,"Unknown"
"7014853",371857,2025-10-11 11:32:15,43.3599433898926,-8.40237236022949,"Unknown"
"7014853",371857,2025-10-11 11:37:35,43.3600387573242,-8.4022102355957,"Unknown"
"7014853",371857,2025-10-11 11:42:06,43.3597221374512,-8.40252590179443,"Unknown"
"7014853",371857,2025-10-11 11:47:13,43.3620643615723,-8.40335845947266,"Unknown"
"7014853",371857,2025-10-11 11:52:06,43.362003326416,-8.40324020385742,"Unknown"
"7014853",371857,2025-10-11 11:57:06,43.3619766235352,-8.40334033966064,"Unknown"
"7014853",371857,2025-10-11 12:02:09,43.3620491027832,-8.4031982421875,"Unknown"
"7014853",371857,2025-10-11 12:07:12,43.3619804382324,-8.40318775177002,"Unknown"
"7014853",371857,2025-10-11 12:12:08,43.3620376586914,-8.40315341949463,"Unknown"
"7014853",371857,2025-10-11 12:17:07,43.3660850524902,-8.40744876861572,"Unknown"
"7014853",371857,2025-10-11 12:22:08,43.3684387207031,-8.40975189208984,"Unknown"
"7014853",371857,2025-10-11 12:27:09,43.3685417175293,-8.41636562347412,"Unknown"
"7014853",371857,2025-10-11 12:32:06,43.374080657959,-8.42309951782227,"Unknown"
"7014853",371857,2025-10-11 12:37:06,43.3656578063965,-8.45729923248291,"Unknown"
"7014853",371857,2025-10-11 12:42:17,43.3564262390137,-8.4572582244873,"Unknown"
"7014853",371857,2025-10-11 12:47:07,43.356014251709,-8.45871448516846,"Unknown"
"7014853",371857,2025-10-11 12:52:10,43.3561477661133,-8.45594787597656,"Unknown"
"7014853",371857,2025-10-11 12:57:12,43.3564796447754,-8.45607089996338,"Unknown"
"7014853",371857,2025-10-11 13:02:14,43.3564910888672,-8.45691204071045,"Unknown"
"7014853",371857,2025-10-11 13:07:43,43.3558959960938,-8.45664691925049,"Unknown"
"7014853",371857,2025-10-11 13:12:49,43.3566131591797,-8.45654106140137,"Unknown"
"7014853",371857,2025-10-11 13:17:11,43.3559761047363,-8.45677185058594,"Unknown"
"7014853",371857,2025-10-11 13:22:55,43.3559761047363,-8.45690441131592,"Unknown"
"7014853",371857,2025-10-11 13:27:11,43.3557739257812,-8.45740222930908,"Unknown"
"7014853",371857,2025-10-11 13:32:10,43.3557281494141,-8.45600986480713,"Unknown"
"7014853",371857,2025-10-11 13:37:04,43.3542327880859,-8.45508480072021,"Unknown"
"7014853",371857,2025-10-11 13:42:06,43.3550834655762,-8.45722961425781,"Unknown"
"7014853",371857,2025-10-11 13:47:03,43.3552780151367,-8.4574728012085,"Unknown"
"7014853",371857,2025-10-11 13:52:08,43.3546485900879,-8.4571647644043,"Unknown"
"7014853",371857,2025-10-11 13:57:06,43.3546867370605,-8.45680809020996,"Unknown"
"7014853",371857,2025-10-11 14:02:14,43.3548622131348,-8.45742988586426,"Unknown"
"7014853",371857,2025-10-11 14:07:03,43.35498046875,-8.45827102661133,"Unknown"
"7014853",371857,2025-10-11 14:12:03,43.3551177978516,-8.4571647644043,"Unknown"
"7014853",371857,2025-10-11 14:17:09,43.3559532165527,-8.45694446563721,"Unknown"
"7014853",371857,2025-10-11 14:22:07,43.3559532165527,-8.45671558380127,"Unknown"
"7014853",371857,2025-10-11 14:27:04,43.3559646606445,-8.45688915252686,"Unknown"
"7014853",371857,2025-10-11 14:32:06,43.3559837341309,-8.45684337615967,"Unknown"
"7014853",371857,2025-10-11 14:37:04,43.3560256958008,-8.45711231231689,"Unknown"
"7014853",371857,2025-10-11 14:42:04,43.3559341430664,-8.4568567276001,"Unknown"
"7014853",371857,2025-10-11 14:47:16,43.3521881103516,-8.450270652771,"Unknown"
"7014853",371857,2025-10-11 14:52:04,43.3563690185547,-8.45722961425781,"Unknown"
"7014853",371857,2025-10-11 14:57:08,43.3562469482422,-8.45730018615723,"Unknown"
"7014853",371857,2025-10-11 15:03:16,43.3566017150879,-8.45734977722168,"Unknown"
"7014853",371857,2025-10-11 15:07:44,43.3552017211914,-8.45777797698975,"Unknown"
"7014853",371857,2025-10-11 15:12:04,43.3561401367188,-8.45710563659668,"Unknown"
"7014853",371857,2025-10-11 15:17:09,43.3539428710938,-8.45521354675293,"Unknown"
"7014853",371857,2025-10-11 15:22:08,43.3553581237793,-8.4573392868042,"Unknown"
"7014853",371857,2025-10-11 15:27:13,43.3552474975586,-8.4571704864502,"Unknown"
"7014853",371857,2025-10-11 15:32:14,43.3539733886719,-8.45853614807129,"Unknown"
"7014853",371857,2025-10-11 16:22:15,43.3547554016113,-8.45707702636719,"Unknown"
"7014853",371857,2025-10-11 16:27:09,43.3546524047852,-8.45726490020752,"Unknown"
"7014853",371857,2025-10-11 16:32:07,43.3545989990234,-8.45691776275635,"Unknown"
"7014853",371857,2025-10-11 16:37:10,43.3546600341797,-8.4571418762207,"Unknown"
"7014853",371857,2025-10-11 16:42:06,43.355224609375,-8.45738506317139,"Unknown"
"7014853",371857,2025-10-11 16:47:09,43.3547134399414,-8.45627975463867,"Unknown"
"7014853",371857,2025-10-11 16:52:03,43.3551864624023,-8.45736217498779,"Unknown"
"7014853",371857,2025-10-11 16:57:08,43.3551368713379,-8.45747947692871,"Unknown"
"7014853",371857,2025-10-11 17:02:12,43.355152130127,-8.45786285400391,"Unknown"
"7014853",371857,2025-10-11 17:07:03,43.3548965454102,-8.45711231231689,"Unknown"
"7014853",371857,2025-10-11 17:12:06,43.3550796508789,-8.45718193054199,"Unknown"
"7014853",371857,2025-10-11 17:17:15,43.3548698425293,-8.45668697357178,"Unknown"
"7014853",371857,2025-10-11 17:22:07,43.3547019958496,-8.45719528198242,"Unknown"
"7014853",371857,2025-10-11 17:32:14,43.3552207946777,-8.45696830749512,"Unknown"
"7014853",371857,2025-10-11 17:42:08,43.3403968811035,-8.45323276519775,"Unknown"
"7014853",371857,2025-10-11 17:52:15,43.3406829833984,-8.45405006408691,"Unknown"
"7014853",371857,2025-10-11 18:02:13,43.3411407470703,-8.45448970794678,"Unknown"
"7014853",371857,2025-10-11 18:12:12,43.3408088684082,-8.45359230041504,"Unknown"
"7014853",371857,2025-10-11 18:22:10,43.3412704467773,-8.44706344604492,"Unknown"
"7014853",371857,2025-10-11 18:32:12,43.345287322998,-8.4376392364502,"Unknown"
"7014853",371857,2025-10-11 18:35:08,43.3451347351074,-8.43726444244385,"Unknown"
"7014853",371857,2025-10-11 23:35:35,43.3479270935059,-8.43596839904785,"Unknown"
"7014853",371857,2025-10-12 04:35:35,43.3511543273926,-8.43041229248047,"Unknown"
"7014853",371857,2025-10-12 06:48:53,43.3509483337402,-8.43061447143555,"Unknown"
"7014853",371857,2025-10-12 06:58:17,43.3511734008789,-8.43070030212402,"Unknown"
"7014853",371857,2025-10-12 07:08:20,43.3500900268555,-8.43108177185059,"Unknown"
"7014853",371857,2025-10-12 07:18:23,43.350040435791,-8.43144130706787,"Unknown"
"7014853",371857,2025-10-12 07:28:20,43.3500175476074,-8.4314546585083,"Unknown"
"7014853",371857,2025-10-12 07:38:20,43.3498687744141,-8.43131256103516,"Unknown"
"7014853",371857,2025-10-12 07:48:30,43.3498153686523,-8.43127059936523,"Unknown"
"7014853",371857,2025-10-12 07:58:24,43.3500137329102,-8.43142127990723,"Unknown"
"7014853",371857,2025-10-12 08:08:45,43.3500556945801,-8.43148994445801,"Unknown"
"7014853",371857,2025-10-12 08:18:17,43.3500633239746,-8.43147563934326,"Unknown"
"7014853",371857,2025-10-12 08:28:17,43.3500061035156,-8.43151092529297,"Unknown"
"7014853",371857,2025-10-12 08:38:18,43.3499908447266,-8.43151760101318,"Unknown"
"7014853",371857,2025-10-12 08:43:20,43.350170135498,-8.43169498443604,"Unknown"
"7014853",371857,2025-10-12 08:48:45,43.3500595092773,-8.43158721923828,"Unknown"
"7014853",371857,2025-10-12 08:53:18,43.350757598877,-8.43218612670898,"Unknown"
"7014853",371857,2025-10-12 08:58:21,43.3499298095703,-8.4315881729126,"Unknown"
"7014853",371857,2025-10-12 09:03:44,43.3501663208008,-8.43147373199463,"Unknown"
"7014853",371857,2025-10-12 09:08:17,43.3502388000488,-8.43140888214111,"Unknown"
"7014853",371857,2025-10-12 09:13:21,43.3499450683594,-8.43159294128418,"Unknown"
"7014853",371857,2025-10-12 09:18:20,43.3500289916992,-8.43150329589844,"Unknown"
"7014853",371857,2025-10-12 09:23:30,43.3500671386719,-8.43146514892578,"Unknown"
"7014853",371857,2025-10-12 09:28:22,43.3537788391113,-8.42961502075195,"Unknown"
"7014853",371857,2025-10-12 09:33:30,43.3500480651855,-8.43145179748535,"Unknown"
"7014853",371857,2025-10-12 09:38:22,43.3500328063965,-8.43153095245361,"Unknown"
"7014853",371857,2025-10-12 09:43:20,43.3500480651855,-8.43135452270508,"Unknown"
"7014853",371857,2025-10-12 09:48:45,43.3500862121582,-8.43152904510498,"Unknown"
"7014853",371857,2025-10-12 09:53:19,43.3498268127441,-8.43185615539551,"Unknown"
"7014853",371857,2025-10-12 09:58:17,43.3499870300293,-8.43164539337158,"Unknown"
"7014853",371857,2025-10-12 10:03:20,43.350212097168,-8.43153381347656,"Unknown"
"7014853",371857,2025-10-12 10:08:20,43.3501014709473,-8.43196201324463,"Unknown"
"7014853",371857,2025-10-12 10:13:27,43.3503761291504,-8.43178462982178,"Unknown"
"7014853",371857,2025-10-12 10:18:20,43.3554420471191,-8.45803356170654,"Unknown"
"7014853",371857,2025-10-12 10:23:45,43.3564262390137,-8.45782089233398,"Unknown"
"7014853",371857,2025-10-12 10:28:23,43.3558883666992,-8.45748996734619,"Unknown"
"7014853",371857,2025-10-12 10:34:42,43.356258392334,-8.45653343200684,"Unknown"
"7014853",371857,2025-10-12 10:38:59,43.356689453125,-8.45695209503174,"Unknown"
"7014853",371857,2025-10-12 10:43:48,43.3561363220215,-8.4570198059082,"Unknown"
"7014853",371857,2025-10-12 10:54:14,43.3621559143066,-8.46388149261475,"Unknown"
"7014853",371857,2025-10-12 11:03:33,43.3601379394531,-8.46132946014404,"Unknown"
"7014853",371857,2025-10-12 11:13:34,43.3601760864258,-8.46149730682373,"Unknown"
"7014853",371857,2025-10-12 11:23:20,43.3603057861328,-8.46154117584229,"Unknown"
"7014853",371857,2025-10-12 11:33:22,43.3602256774902,-8.46117210388184,"Unknown"
"7014853",371857,2025-10-12 11:43:22,43.3599891662598,-8.461181640625,"Unknown"
"7014853",371857,2025-10-12 11:53:45,43.3602066040039,-8.46136856079102,"Unknown"
"7014853",371857,2025-10-12 12:03:25,43.3600959777832,-8.46138668060303,"Unknown"
"7014853",371857,2025-10-12 12:13:21,43.3601226806641,-8.46137428283691,"Unknown"
"7014853",371857,2025-10-12 12:23:20,43.3602523803711,-8.46156978607178,"Unknown"
"7014853",371857,2025-10-12 12:33:23,43.3602485656738,-8.4611988067627,"Unknown"
"7014853",371857,2025-10-12 12:43:20,43.3601036071777,-8.4614372253418,"Unknown"
"7014853",371857,2025-10-12 12:53:53,43.3600234985352,-8.46133041381836,"Unknown"
"7014853",371857,2025-10-12 13:03:44,43.3600616455078,-8.46131134033203,"Unknown"
"7014853",371857,2025-10-12 13:13:20,43.35986328125,-8.46160793304443,"Unknown"
"7014853",371857,2025-10-12 13:23:28,43.3600730895996,-8.46152496337891,"Unknown"
"7014853",371857,2025-10-12 13:33:52,43.3600616455078,-8.46138191223145,"Unknown"
"7014853",371857,2025-10-12 13:44:41,43.3602104187012,-8.46132659912109,"Unknown"
"7014853",371857,2025-10-12 13:53:41,43.3600959777832,-8.46137142181396,"Unknown"
"7014853",371857,2025-10-12 14:03:19,43.3602142333984,-8.46140480041504,"Unknown"
"7014853",371857,2025-10-12 14:13:19,43.3599891662598,-8.46140098571777,"Unknown"
"7014853",371857,2025-10-12 14:23:17,43.3807983398438,-8.44893074035645,"Unknown"
"7014853",371857,2025-10-12 14:33:20,43.3789672851562,-8.43206977844238,"Unknown"
"7014853",371857,2025-10-12 14:43:22,43.3790283203125,-8.43175888061523,"Unknown"
"7014853",371857,2025-10-12 14:53:18,43.3789138793945,-8.43237590789795,"Unknown"
"7014853",371857,2025-10-12 15:03:19,43.3845710754395,-8.45344352722168,"Unknown"
"7014853",371857,2025-10-12 15:13:17,43.3839073181152,-8.45566749572754,"Unknown"
"7014853",371857,2025-10-12 15:23:21,43.3835182189941,-8.46032524108887,"Unknown"
"7014853",371857,2025-10-12 15:33:20,43.375789642334,-8.46379947662354,"Unknown"
"7014853",371857,2025-10-12 15:43:53,43.360279083252,-8.46211051940918,"Unknown"
"7014853",371857,2025-10-12 15:53:28,43.3603477478027,-8.46212100982666,"Unknown"
"7014853",371857,2025-10-12 16:03:45,43.3603172302246,-8.46210384368896,"Unknown"
"7014853",371857,2025-10-12 16:13:17,43.356575012207,-8.45712280273438,"Unknown"
"7014853",371857,2025-10-12 16:23:20,43.3561706542969,-8.45789051055908,"Unknown"
"7014853",371857,2025-10-12 16:33:21,43.3559989929199,-8.45786285400391,"Unknown"
"7014853",371857,2025-10-12 16:43:22,43.356273651123,-8.45783710479736,"Unknown"
"7014853",371857,2025-10-12 16:53:53,43.3561477661133,-8.45791530609131,"Unknown"
"7014853",371857,2025-10-12 17:03:17,43.3560905456543,-8.45791721343994,"Unknown"
"7014853",371857,2025-10-12 17:13:18,43.3558578491211,-8.45808219909668,"Unknown"
"7014853",371857,2025-10-12 17:23:20,43.3558044433594,-8.45811939239502,"Unknown"
"7014853",371857,2025-10-12 17:33:44,43.3561553955078,-8.45780372619629,"Unknown"
"7014853",371857,2025-10-12 17:43:17,43.3562850952148,-8.4569730758667,"Unknown"
"7014853",371857,2025-10-12 17:53:17,43.356029510498,-8.45686817169189,"Unknown"
"7014853",371857,2025-10-12 18:03:18,43.3557815551758,-8.44983100891113,"Unknown"
"7014853",371857,2025-10-12 18:13:17,43.3596649169922,-8.40033912658691,"Unknown"
"7014853",371857,2025-10-12 18:23:17,43.3596839904785,-8.40032005310059,"Unknown"
"7014853",371857,2025-10-12 18:33:20,43.3595695495605,-8.40024566650391,"Unknown"
"7014853",371857,2025-10-12 23:34:29,43.3597450256348,-8.40202903747559,"Unknown"
"7014853",371857,2025-10-13 04:33:53,43.3596687316895,-8.40146255493164,"Unknown"
"7014853",371857,2025-10-13 06:50:05,43.359619140625,-8.40133285522461,"Unknown"
"7014853",371857,2025-10-13 06:59:31,43.3596687316895,-8.4012508392334,"Unknown"
"7014853",371857,2025-10-13 07:09:30,43.3595275878906,-8.40144348144531,"Unknown"
"7014853",371857,2025-10-13 07:19:31,43.3598823547363,-8.4009485244751,"Unknown"
"7014853",371857,2025-10-13 07:29:32,43.3597869873047,-8.40115356445312,"Unknown"
"7014853",371857,2025-10-13 07:39:32,43.3596992492676,-8.40091705322266,"Unknown"
"7014853",371857,2025-10-13 07:49:44,43.3596115112305,-8.4009256362915,"Unknown"
"7014853",371857,2025-10-13 07:59:32,43.3596725463867,-8.40108203887939,"Unknown"
"7014853",371857,2025-10-13 08:09:30,43.3596496582031,-8.40099716186523,"Unknown"
"7014853",371857,2025-10-13 08:19:36,43.3599624633789,-8.40130519866943,"Unknown"
"7014853",371857,2025-10-13 08:29:36,43.3597755432129,-8.40125179290771,"Unknown"
"7014853",371857,2025-10-13 08:39:32,43.3594741821289,-8.4010009765625,"Unknown"
"7014853",371857,2025-10-13 08:50:04,43.3596649169922,-8.40109825134277,"Unknown"
"7014853",371857,2025-10-13 08:59:30,43.3596649169922,-8.4011812210083,"Unknown"
"7014853",371857,2025-10-13 09:09:30,43.3597946166992,-8.40095138549805,"Unknown"
"7014853",371857,2025-10-13 09:19:31,43.3596649169922,-8.40104579925537,"Unknown"
"7014853",371857,2025-10-13 09:29:31,43.3597602844238,-8.40097713470459,"Unknown"
"7014853",371857,2025-10-13 09:39:31,43.3596878051758,-8.40106582641602,"Unknown"
"7014853",371857,2025-10-13 09:49:37,43.3596992492676,-8.40112686157227,"Unknown"
"7014853",371857,2025-10-13 09:59:31,43.3600044250488,-8.40255928039551,"Unknown"
"7014853",371857,2025-10-13 10:09:34,43.3600120544434,-8.40255737304688,"Unknown"
"7014853",371857,2025-10-13 10:19:38,43.3599891662598,-8.40255737304688,"Unknown"
"7014853",371857,2025-10-13 10:29:34,43.3600234985352,-8.40259552001953,"Unknown"
"7014853",371857,2025-10-13 10:34:41,43.360034942627,-8.40269184112549,"Unknown"
"7014853",371857,2025-10-13 10:44:30,43.3561096191406,-8.41150665283203,"Unknown"
"7014853",371857,2025-10-13 10:54:37,43.3541259765625,-8.41486835479736,"Unknown"
"7014853",371857,2025-10-13 10:59:36,43.3543472290039,-8.41507720947266,"Unknown"
"7014853",371857,2025-10-13 11:04:30,43.3532943725586,-8.42553806304932,"Unknown"
"7014853",371857,2025-10-13 11:09:30,43.3533592224121,-8.42543411254883,"Unknown"
"7014853",371857,2025-10-13 11:19:30,43.3492393493652,-8.44048404693604,"Unknown"
"7014853",371857,2025-10-13 11:29:32,43.3564987182617,-8.45717525482178,"Unknown"
"7014853",371857,2025-10-13 12:10:05,43.3563652038574,-8.45710468292236,"Unknown"
"7014853",371857,2025-10-13 12:19:36,43.3563575744629,-8.45703315734863,"Unknown"
"7014853",371857,2025-10-13 12:24:45,43.3563117980957,-8.45711517333984,"Unknown"
"7014853",371857,2025-10-13 12:34:30,43.3564491271973,-8.45709133148193,"Unknown"
"7014853",371857,2025-10-13 12:44:33,43.3562889099121,-8.45705986022949,"Unknown"
"7014853",371857,2025-10-13 12:54:42,43.3563079833984,-8.45727062225342,"Unknown"
"7014853",371857,2025-10-13 12:59:40,43.3560943603516,-8.45643043518066,"Unknown"
"7014853",371857,2025-10-13 13:04:53,43.3567276000977,-8.4583101272583,"Unknown"
"7014853",371857,2025-10-13 13:15:12,43.356559753418,-8.45724487304688,"Unknown"
"7014853",371857,2025-10-13 13:24:34,43.3563117980957,-8.457106590271,"Unknown"
"7014853",371857,2025-10-13 13:34:33,43.3561668395996,-8.4571475982666,"Unknown"
"7014853",371857,2025-10-13 13:44:45,43.3560905456543,-8.45702457427979,"Unknown"
"7014853",371857,2025-10-13 14:15:05,43.3594703674316,-8.46829795837402,"Unknown"
"7014853",371857,2025-10-13 14:24:38,43.3597755432129,-8.4654016494751,"Unknown"
"7014853",371857,2025-10-13 14:34:37,43.3597831726074,-8.46511936187744,"Unknown"
"7014853",371857,2025-10-13 14:44:32,43.3596534729004,-8.46595191955566,"Unknown"
"7014853",371857,2025-10-13 14:49:32,43.3590202331543,-8.46621704101562,"Unknown"
"7014853",371857,2025-10-13 15:00:12,43.3590469360352,-8.46598339080811,"Unknown"
"7014853",371857,2025-10-13 15:09:30,43.3601684570312,-8.46279907226562,"Unknown"
"7014853",371857,2025-10-13 15:19:30,43.360221862793,-8.46293640136719,"Unknown"
"7014853",371857,2025-10-13 15:29:31,43.360279083252,-8.46293544769287,"Unknown"
"7014853",371857,2025-10-13 15:39:34,43.3602256774902,-8.46286392211914,"Unknown"
"7014853",371857,2025-10-13 15:49:47,43.360408782959,-8.46275806427002,"Unknown"
"7014853",371857,2025-10-13 16:00:05,43.3602714538574,-8.46284008026123,"Unknown"
"7014853",371857,2025-10-13 16:09:32,43.3602142333984,-8.46278285980225,"Unknown"
"7014853",371857,2025-10-13 16:19:30,43.360237121582,-8.46150684356689,"Unknown"
"7014853",371857,2025-10-13 16:29:30,43.3800468444824,-8.43253993988037,"Unknown"
"7014853",371857,2025-10-13 16:39:30,43.363224029541,-8.40416049957275,"Unknown"
"7014853",371857,2025-10-13 16:49:39,43.3633346557617,-8.40419864654541,"Unknown"
"7014853",371857,2025-10-13 16:59:31,43.3635482788086,-8.40442085266113,"Unknown"
"7014853",371857,2025-10-13 17:09:31,43.363353729248,-8.40427875518799,"Unknown"
"7014853",371857,2025-10-13 17:19:38,43.3632736206055,-8.40425395965576,"Unknown"
"7014853",371857,2025-10-13 17:29:44,43.3632965087891,-8.40420150756836,"Unknown"
"7014853",371857,2025-10-13 17:39:30,43.3632621765137,-8.4044771194458,"Unknown"
"7014853",371857,2025-10-13 17:49:45,43.3594703674316,-8.40073490142822,"Unknown"
"7014853",371857,2025-10-13 17:59:31,43.3593940734863,-8.40080451965332,"Unknown"
"7014853",371857,2025-10-13 18:09:39,43.3595733642578,-8.40080165863037,"Unknown"
"7014853",371857,2025-10-13 18:19:39,43.3600425720215,-8.40091514587402,"Unknown"
"7014853",371857,2025-10-13 18:29:44,43.3596305847168,-8.40082454681396,"Unknown"
"7014853",371857,2025-10-13 23:30:05,43.3599166870117,-8.40239334106445,"Unknown"
"7014853",371857,2025-10-14 04:30:05,43.3639221191406,-8.40003395080566,"Unknown"
"7014853",371857,2025-10-14 06:51:05,43.3638877868652,-8.40018463134766,"Unknown"
"7014853",371857,2025-10-14 07:00:33,43.3638038635254,-8.40017127990723,"Unknown"
"7014853",371857,2025-10-14 07:10:33,43.3640022277832,-8.40027904510498,"Unknown"
"7014853",371857,2025-10-14 07:20:29,43.3638648986816,-8.40020275115967,"Unknown"
"7014853",371857,2025-10-14 07:30:30,43.3635520935059,-8.39952278137207,"Unknown"
"7014853",371857,2025-10-14 07:40:34,43.3639602661133,-8.40028476715088,"Unknown"
"7014853",371857,2025-10-14 07:50:42,43.3639297485352,-8.40019035339355,"Unknown"
"7014853",371857,2025-10-14 08:00:30,43.3639030456543,-8.40022850036621,"Unknown"
"7014853",371857,2025-10-14 08:10:29,43.3638687133789,-8.40012359619141,"Unknown"
"7014853",371857,2025-10-14 08:20:36,43.3638916015625,-8.40019989013672,"Unknown"
"7014853",371857,2025-10-14 08:30:30,43.3639030456543,-8.40006160736084,"Unknown"
"7014853",371857,2025-10-14 08:40:35,43.3639183044434,-8.40013313293457,"Unknown"
"7014853",371857,2025-10-14 08:50:45,43.3639259338379,-8.40010547637939,"Unknown"
"7014853",371857,2025-10-14 09:00:31,43.3644218444824,-8.40076541900635,"Unknown"
"7014853",371857,2025-10-14 09:10:45,43.3641357421875,-8.398512840271,"Unknown"
"7014853",371857,2025-10-14 09:20:44,43.3595008850098,-8.40202617645264,"Unknown"
"7014853",371857,2025-10-14 09:30:36,43.3595352172852,-8.40199184417725,"Unknown"
"7014853",371857,2025-10-14 09:35:37,43.359504699707,-8.40203094482422,"Unknown"
"7014853",371857,2025-10-14 09:40:34,43.3594017028809,-8.40202331542969,"Unknown"
"7014853",371857,2025-10-14 09:45:59,43.3595657348633,-8.40206527709961,"Unknown"
"7014853",371857,2025-10-14 09:50:33,43.359561920166,-8.40190315246582,"Unknown"
"7014853",371857,2025-10-14 09:55:44,43.3596153259277,-8.40182876586914,"Unknown"
"7014853",371857,2025-10-14 10:00:31,43.3595542907715,-8.40206241607666,"Unknown"
"7014853",371857,2025-10-14 10:05:31,43.3595504760742,-8.40213012695312,"Unknown"
"7014853",371857,2025-10-14 10:10:36,43.3595161437988,-8.40232849121094,"Unknown"
"7014853",371857,2025-10-14 10:15:31,43.3600578308105,-8.40248680114746,"Unknown"
"7014853",371857,2025-10-14 10:20:31,43.3603286743164,-8.40249824523926,"Unknown"
"7014853",371857,2025-10-14 10:25:39,43.360408782959,-8.4025354385376,"Unknown"
"7014853",371857,2025-10-14 10:31:05,43.3604507446289,-8.40259647369385,"Unknown"
"7014853",371857,2025-10-14 10:35:39,43.3605003356934,-8.40235710144043,"Unknown"
"7014853",371857,2025-10-14 10:45:41,43.3603973388672,-8.40250492095947,"Unknown"
"7014853",371857,2025-10-14 10:50:37,43.3600425720215,-8.40250682830811,"Unknown"
"7014853",371857,2025-10-14 10:55:32,43.3601417541504,-8.40193557739258,"Unknown"
"7014853",371857,2025-10-14 11:00:34,43.3595237731934,-8.40109825134277,"Unknown"
"7014853",371857,2025-10-14 11:05:33,43.3594436645508,-8.40107250213623,"Unknown"
"7014853",371857,2025-10-14 11:10:30,43.3594856262207,-8.40050506591797,"Unknown"
"7014853",371857,2025-10-14 11:15:44,43.359619140625,-8.40081596374512,"Unknown"
"7014853",371857,2025-10-14 11:20:44,43.3596382141113,-8.40085506439209,"Unknown"
"7014853",371857,2025-10-14 11:25:31,43.3596611022949,-8.40085315704346,"Unknown"
"7014853",371857,2025-10-14 11:30:31,43.3596496582031,-8.40082836151123,"Unknown"
"7014853",371857,2025-10-14 11:35:29,43.3595733642578,-8.40083789825439,"Unknown"
"7014853",371857,2025-10-14 11:40:39,43.3635711669922,-8.40963268280029,"Unknown"
"7014853",371857,2025-10-14 11:46:06,43.3592338562012,-8.40037822723389,"Unknown"
"7014853",371857,2025-10-14 11:50:32,43.3600082397461,-8.39988994598389,"Unknown"
"7014853",371857,2025-10-14 11:55:29,43.359619140625,-8.40090274810791,"Unknown"
"7014853",371857,2025-10-14 12:00:28,43.3595733642578,-8.40092849731445,"Unknown"
"7014853",371857,2025-10-14 12:05:30,43.3594818115234,-8.4003849029541,"Unknown"
"7014853",371857,2025-10-14 12:10:39,43.3596305847168,-8.40079212188721,"Unknown"
"7014853",371857,2025-10-14 12:15:28,43.3595504760742,-8.4009313583374,"Unknown"
"7014853",371857,2025-10-14 12:20:33,43.359619140625,-8.40063858032227,"Unknown"
"7014853",371857,2025-10-14 12:25:28,43.3596572875977,-8.4006872177124,"Unknown"
"7014853",371857,2025-10-14 12:30:37,43.3597602844238,-8.40103149414062,"Unknown"
"7014853",371857,2025-10-14 12:35:41,43.3596572875977,-8.40078735351562,"Unknown"
"7014853",371857,2025-10-14 12:40:29,43.3595733642578,-8.40070056915283,"Unknown"
"7014853",371857,2025-10-14 12:45:28,43.3596076965332,-8.40072631835938,"Unknown"
"7014853",371857,2025-10-14 12:50:32,43.3597106933594,-8.4008960723877,"Unknown"
"7014853",371857,2025-10-14 12:55:28,43.3597221374512,-8.40068912506104,"Unknown"
"7014853",371857,2025-10-14 13:00:29,43.3596839904785,-8.40086650848389,"Unknown"
"7014853",371857,2025-10-14 13:05:29,43.3597679138184,-8.40065765380859,"Unknown"
"7014853",371857,2025-10-14 13:10:28,43.3596153259277,-8.4007568359375,"Unknown"
"7014853",371857,2025-10-14 13:15:31,43.3595581054688,-8.40095806121826,"Unknown"
"7014853",371857,2025-10-14 13:20:33,43.3599815368652,-8.40079402923584,"Unknown"
"7014853",371857,2025-10-14 13:25:29,43.3595848083496,-8.40072441101074,"Unknown"
"7014853",371857,2025-10-14 13:30:44,43.359619140625,-8.40070533752441,"Unknown"
"7014853",371857,2025-10-14 13:35:37,43.3596534729004,-8.40066051483154,"Unknown"
"7014853",371857,2025-10-14 13:40:28,43.3600730895996,-8.39798736572266,"Unknown"
"7014853",371857,2025-10-14 13:45:31,43.3621635437012,-8.39697647094727,"Unknown"
"7014853",371857,2025-10-14 13:50:31,43.3622093200684,-8.39903545379639,"Unknown"
"7014853",371857,2025-10-14 13:55:36,43.3624076843262,-8.39965915679932,"Unknown"
"7014853",371857,2025-10-14 14:00:37,43.3625679016113,-8.39977264404297,"Unknown"
"7014853",371857,2025-10-14 14:05:31,43.3628463745117,-8.40032958984375,"Unknown"
"7014853",371857,2025-10-14 14:10:31,43.3630599975586,-8.40038967132568,"Unknown"
"7014853",371857,2025-10-14 14:21:05,43.3636856079102,-8.40035343170166,"Unknown"
"7014853",371857,2025-10-14 14:25:28,43.3637466430664,-8.40032768249512,"Unknown"
"7014853",371857,2025-10-14 14:30:32,43.3635597229004,-8.39944171905518,"Unknown"
"7014853",371857,2025-10-14 14:35:29,43.3637275695801,-8.39973545074463,"Unknown"
"7014853",371857,2025-10-14 14:40:41,43.3636665344238,-8.39963531494141,"Unknown"
"7014853",371857,2025-10-14 14:45:30,43.3638534545898,-8.39900016784668,"Unknown"
"7014853",371857,2025-10-14 14:50:37,43.3637962341309,-8.39927291870117,"Unknown"
"7014853",371857,2025-10-14 14:56:05,43.3638610839844,-8.39898204803467,"Unknown"
"7014853",371857,2025-10-14 15:00:30,43.3637237548828,-8.39899921417236,"Unknown"
"7014853",371857,2025-10-14 15:05:30,43.3638153076172,-8.39885139465332,"Unknown"
"7014853",371857,2025-10-14 15:10:43,43.3639297485352,-8.39890003204346,"Unknown"
"7014853",371857,2025-10-14 15:15:28,43.3639144897461,-8.39877319335938,"Unknown"
"7014853",371857,2025-10-14 15:20:29,43.3639831542969,-8.39891910552979,"Unknown"
"7014853",371857,2025-10-14 15:25:31,43.3638725280762,-8.39876937866211,"Unknown"
"7014853",371857,2025-10-14 15:30:36,43.3639602661133,-8.39894104003906,"Unknown"
"7014853",371857,2025-10-14 15:35:30,43.363956451416,-8.39911842346191,"Unknown"
"7014853",371857,2025-10-14 15:40:31,43.3640174865723,-8.39956951141357,"Unknown"
"7014853",371857,2025-10-14 15:45:29,43.3640022277832,-8.3996524810791,"Unknown"
"7014853",371857,2025-10-14 15:50:31,43.3639488220215,-8.3994779586792,"Unknown"
"7014853",371857,2025-10-14 15:55:31,43.3639030456543,-8.39958095550537,"Unknown"
"7014853",371857,2025-10-14 16:00:33,43.3642234802246,-8.39982223510742,"Unknown"
"7014853",371857,2025-10-14 16:05:28,43.3639755249023,-8.39943981170654,"Unknown"
"7014853",371857,2025-10-14 16:10:31,43.3638916015625,-8.39961910247803,"Unknown"
"7014853",371857,2025-10-14 16:15:31,43.3638725280762,-8.39960098266602,"Unknown"
"7014853",371857,2025-10-14 16:20:31,43.363842010498,-8.39978218078613,"Unknown"
"7014853",371857,2025-10-14 16:25:33,43.3638153076172,-8.39954090118408,"Unknown"
"7014853",371857,2025-10-14 16:30:31,43.3638610839844,-8.39939594268799,"Unknown"
"7014853",371857,2025-10-14 16:35:36,43.3638191223145,-8.39887714385986,"Unknown"
"7014853",371857,2025-10-14 16:40:37,43.3640747070312,-8.39920330047607,"Unknown"
"7014853",371857,2025-10-14 16:45:39,43.3643112182617,-8.3990650177002,"Unknown"
"7014853",371857,2025-10-14 16:50:45,43.3640251159668,-8.39935970306396,"Unknown"
"7014853",371857,2025-10-14 16:55:28,43.3637619018555,-8.39899444580078,"Unknown"
"7014853",371857,2025-10-14 17:00:29,43.363941192627,-8.39925956726074,"Unknown"
"7014853",371857,2025-10-14 17:05:40,43.363956451416,-8.39958953857422,"Unknown"
"7014853",371857,2025-10-14 17:10:33,43.3638763427734,-8.39952278137207,"Unknown"
"7014853",371857,2025-10-14 17:15:40,43.3638877868652,-8.3995943069458,"Unknown"
"7014853",371857,2025-10-14 17:20:28,43.3615074157715,-8.39725112915039,"Unknown"
"7014853",371857,2025-10-14 17:25:32,43.3615379333496,-8.39728355407715,"Unknown"
"7014853",371857,2025-10-14 17:30:30,43.3616943359375,-8.39718818664551,"Unknown"
"7014853",371857,2025-10-14 17:35:30,43.3596496582031,-8.39938831329346,"Unknown"
"7014853",371857,2025-10-14 17:40:29,43.359806060791,-8.39948177337646,"Unknown"
"7014853",371857,2025-10-14 17:45:45,43.3595542907715,-8.39970779418945,"Unknown"
"7014853",371857,2025-10-14 17:50:33,43.3595657348633,-8.39953804016113,"Unknown"
"7014853",371857,2025-10-14 18:00:36,43.359561920166,-8.39965534210205,"Unknown"
"7014853",371857,2025-10-14 18:05:29,43.3592758178711,-8.39995384216309,"Unknown"
"7014853",371857,2025-10-14 18:10:36,43.3595275878906,-8.4000186920166,"Unknown"
"7014853",371857,2025-10-14 18:16:05,43.3595809936523,-8.39943218231201,"Unknown"
"7014853",371857,2025-10-14 18:25:28,43.3596000671387,-8.39942741394043,"Unknown"
"7014853",371857,2025-10-14 18:30:03,43.359504699707,-8.3994836807251,"Unknown"
"7014853",371857,2025-10-14 23:30:44,43.359504699707,-8.40063953399658,"Unknown"
"7014853",371857,2025-10-15 04:30:36,43.3597373962402,-8.40108680725098,"Unknown"
"7014853",371857,2025-10-15 06:52:16,43.3615074157715,-8.39611911773682,"Unknown"
"7014853",371857,2025-10-15 07:02:29,43.3599472045898,-8.40224170684814,"Unknown"
"7014853",371857,2025-10-15 07:12:06,43.3599395751953,-8.40244960784912,"Unknown"
"7014853",371857,2025-10-15 07:22:21,43.3596420288086,-8.40106010437012,"Unknown"
"7014853",371857,2025-10-15 07:32:15,43.360164642334,-8.40107440948486,"Unknown"
"7014853",371857,2025-10-15 07:42:06,43.3597450256348,-8.40056705474854,"Unknown"
"7014853",371857,2025-10-15 07:52:31,43.3596801757812,-8.40213012695312,"Unknown"
"7014853",371857,2025-10-15 08:02:12,43.3594436645508,-8.40291023254395,"Unknown"
"7014853",371857,2025-10-15 08:11:57,43.359546661377,-8.4017219543457,"Unknown"
"7014853",371857,2025-10-15 08:22:08,43.3595428466797,-8.4016056060791,"Unknown"
"7014853",371857,2025-10-15 08:32:15,43.3594627380371,-8.4018497467041,"Unknown"
"7014853",371857,2025-10-15 08:42:09,43.3595390319824,-8.40164184570312,"Unknown"
"7014853",371857,2025-10-15 08:52:14,43.3593482971191,-8.40174198150635,"Unknown"
"7014853",371857,2025-10-15 09:02:06,43.3592643737793,-8.40149593353271,"Unknown"
"7014853",371857,2025-10-15 09:12:14,43.3588066101074,-8.4013032913208,"Unknown"
"7014853",371857,2025-10-15 09:21:56,43.3592414855957,-8.40110397338867,"Unknown"
"7014853",371857,2025-10-15 09:32:12,43.3592834472656,-8.40136623382568,"Unknown"
"7014853",371857,2025-10-15 09:41:55,43.3595199584961,-8.40142154693604,"Unknown"
"7014853",371857,2025-10-15 09:51:58,43.3594398498535,-8.40148544311523,"Unknown"
"7014853",371857,2025-10-15 10:02:05,43.3593978881836,-8.40140914916992,"Unknown"
"7014853",371857,2025-10-15 10:12:04,43.359447479248,-8.40131759643555,"Unknown"
"7014853",371857,2025-10-15 10:17:06,43.3592491149902,-8.40186214447021,"Unknown"
"7014853",371857,2025-10-15 10:22:08,43.3595275878906,-8.40128993988037,"Unknown"
"7014853",371857,2025-10-15 10:27:00,43.3606796264648,-8.40213966369629,"Unknown"
"7014853",371857,2025-10-15 10:32:35,43.3593521118164,-8.4025239944458,"Unknown"
"7014853",371857,2025-10-15 10:37:14,43.3595504760742,-8.40216636657715,"Unknown"
"7014853",371857,2025-10-15 10:41:59,43.3607482910156,-8.40217018127441,"Unknown"
"7014853",371857,2025-10-15 10:47:05,43.3594703674316,-8.40204524993896,"Unknown"
"7014853",371857,2025-10-15 10:51:56,43.3588790893555,-8.40238189697266,"Unknown"
"7014853",371857,2025-10-15 10:56:58,43.3591957092285,-8.40208625793457,"Unknown"
"7014853",371857,2025-10-15 11:01:59,43.3594398498535,-8.40194702148438,"Unknown"
"7014853",371857,2025-10-15 11:06:58,43.3593330383301,-8.40131568908691,"Unknown"
"7014853",371857,2025-10-15 11:11:57,43.3593444824219,-8.40154075622559,"Unknown"
"7014853",371857,2025-10-15 11:17:10,43.3601951599121,-8.40921974182129,"Unknown"
"7014853",371857,2025-10-15 11:21:54,43.3549118041992,-8.42279243469238,"Unknown"
"7014853",371857,2025-10-15 11:26:58,43.3568687438965,-8.45932960510254,"Unknown"
"7014853",371857,2025-10-15 11:32:27,43.3569145202637,-8.45699977874756,"Unknown"
"7014853",371857,2025-10-15 11:37:31,43.3562431335449,-8.45608806610107,"Unknown"
"7014853",371857,2025-10-15 11:42:35,43.3564186096191,-8.45714664459229,"Unknown"
"7014853",371857,2025-10-15 11:47:19,43.3567810058594,-8.45671653747559,"Unknown"
"7014853",371857,2025-10-15 11:52:08,43.3561401367188,-8.45735168457031,"Unknown"
"7014853",371857,2025-10-15 11:57:04,43.3561859130859,-8.45743560791016,"Unknown"
"7014853",371857,2025-10-15 12:01:55,43.3562850952148,-8.45687580108643,"Unknown"
"7014853",371857,2025-10-15 12:07:05,43.3564033508301,-8.45799255371094,"Unknown"
"7014853",371857,2025-10-15 12:11:56,43.3563003540039,-8.45727825164795,"Unknown"
"7014853",371857,2025-10-15 12:27:14,43.3613395690918,-8.46157550811768,"Unknown"
"7014853",371857,2025-10-15 12:37:29,43.3601264953613,-8.46144008636475,"Unknown"
"7014853",371857,2025-10-15 12:47:29,43.3601455688477,-8.46140956878662,"Unknown"
"7014853",371857,2025-10-15 12:57:04,43.3599891662598,-8.46147537231445,"Unknown"
"7014853",371857,2025-10-15 13:07:14,43.3601150512695,-8.46135330200195,"Unknown"
"7014853",371857,2025-10-15 13:16:56,43.3600654602051,-8.46153926849365,"Unknown"
"7014853",371857,2025-10-15 13:26:58,43.3650016784668,-8.45833969116211,"Unknown"
"7014853",371857,2025-10-15 13:36:57,43.3651885986328,-8.45873737335205,"Unknown"
"7014853",371857,2025-10-15 13:41:57,43.3651962280273,-8.45849323272705,"Unknown"
"7014853",371857,2025-10-15 13:47:14,43.3651275634766,-8.45849895477295,"Unknown"
"7014853",371857,2025-10-15 13:51:54,43.3650550842285,-8.45832347869873,"Unknown"
"7014853",371857,2025-10-15 13:56:54,43.3651237487793,-8.45850086212158,"Unknown"
"7014853",371857,2025-10-15 14:01:54,43.3651657104492,-8.45856380462646,"Unknown"
"7014853",371857,2025-10-15 14:06:58,43.3651123046875,-8.45827102661133,"Unknown"
"7014853",371857,2025-10-15 14:12:10,43.3651237487793,-8.45830059051514,"Unknown"
"7014853",371857,2025-10-15 14:17:18,43.365234375,-8.45802307128906,"Unknown"
"7014853",371857,2025-10-15 14:22:24,43.364933013916,-8.45844078063965,"Unknown"
"7014853",371857,2025-10-15 14:27:29,43.3650054931641,-8.45830535888672,"Unknown"
"7014853",371857,2025-10-15 14:31:57,43.3649673461914,-8.45819854736328,"Unknown"
"7014853",371857,2025-10-15 14:36:55,43.3650398254395,-8.45816421508789,"Unknown"
"7014853",371857,2025-10-15 14:42:09,43.365161895752,-8.45833015441895,"Unknown"
"7014853",371857,2025-10-15 14:46:59,43.3651809692383,-8.45827865600586,"Unknown"
"7014853",371857,2025-10-15 14:57:06,43.3653297424316,-8.4583683013916,"Unknown"
"7014853",371857,2025-10-15 15:07:03,43.3652839660645,-8.45827865600586,"Unknown"
"7014853",371857,2025-10-15 15:11:55,43.365348815918,-8.45865726470947,"Unknown"
"7014853",371857,2025-10-15 15:17:04,43.3653373718262,-8.45848083496094,"Unknown"
"7014853",371857,2025-10-15 15:21:56,43.3653030395508,-8.45852756500244,"Unknown"
"7014853",371857,2025-10-15 15:27:06,43.3653373718262,-8.45839500427246,"Unknown"
"7014853",371857,2025-10-15 15:32:14,43.3652992248535,-8.45832443237305,"Unknown"
"7014853",371857,2025-10-15 15:41:57,43.3652305603027,-8.45817565917969,"Unknown"
"7014853",371857,2025-10-15 15:51:55,43.3778953552246,-8.42825222015381,"Unknown"
"7014853",371857,2025-10-15 16:02:06,43.3597145080566,-8.40211296081543,"Unknown"
"7014853",371857,2025-10-15 16:06:56,43.3596038818359,-8.40166091918945,"Unknown"
"7014853",371857,2025-10-15 16:12:00,43.3596725463867,-8.40228748321533,"Unknown"
"7014853",371857,2025-10-15 16:17:06,43.3594932556152,-8.4018497467041,"Unknown"
"7014853",371857,2025-10-15 16:27:00,43.3585891723633,-8.40004920959473,"Unknown"
"7014853",371857,2025-10-15 16:32:29,43.3594818115234,-8.40177345275879,"Unknown"
"7014853",371857,2025-10-15 16:36:54,43.3595581054688,-8.40176010131836,"Unknown"
"7014853",371857,2025-10-15 16:41:55,43.3596153259277,-8.40194702148438,"Unknown"
"7014853",371857,2025-10-15 16:46:54,43.3597297668457,-8.40169334411621,"Unknown"
"7014853",371857,2025-10-15 16:56:56,43.3595085144043,-8.40195941925049,"Unknown"
"7014853",371857,2025-10-15 17:07:06,43.3598442077637,-8.40184116363525,"Unknown"
"7014853",371857,2025-10-15 17:17:07,43.3596420288086,-8.40194892883301,"Unknown"
"7014853",371857,2025-10-15 17:27:35,43.359676361084,-8.40178203582764,"Unknown"
"7014853",371857,2025-10-15 17:37:06,43.3596382141113,-8.40042209625244,"Unknown"
"7014853",371857,2025-10-15 17:47:14,43.3596305847168,-8.40053081512451,"Unknown"
"7014853",371857,2025-10-15 17:56:54,43.3595848083496,-8.40059947967529,"Unknown"
"7014853",371857,2025-10-15 18:06:54,43.3594932556152,-8.40066242218018,"Unknown"
"7014853",371857,2025-10-15 18:16:54,43.3594818115234,-8.40051651000977,"Unknown"
"7014853",371857,2025-10-15 18:28:28,43.3595542907715,-8.40065574645996,"Unknown"
"7014853",371857,2025-10-15 23:29:51,43.3604202270508,-8.402756690979,"Unknown"
"7014853",371857,2025-10-16 04:28:59,43.359619140625,-8.40073490142822,"Unknown"
"7014853",371857,2025-10-16 06:53:36,43.359561920166,-8.40204334259033,"Unknown"
"7014853",371857,2025-10-16 07:03:35,43.3595848083496,-8.40192699432373,"Unknown"
"7014853",371857,2025-10-16 07:13:22,43.3597145080566,-8.40211296081543,"Unknown"
"7014853",371857,2025-10-16 07:23:11,43.3594093322754,-8.40202522277832,"Unknown"
"7014853",371857,2025-10-16 07:33:09,43.3595161437988,-8.40213584899902,"Unknown"
"7014853",371857,2025-10-16 07:43:09,43.3595123291016,-8.40200042724609,"Unknown"
"7014853",371857,2025-10-16 07:53:09,43.3597640991211,-8.40200805664062,"Unknown"
"7014853",371857,2025-10-16 08:03:09,43.3593635559082,-8.40168190002441,"Unknown"
"7014853",371857,2025-10-16 08:13:07,43.359561920166,-8.40199089050293,"Unknown"
"7014853",371857,2025-10-16 08:23:59,43.3596496582031,-8.40228176116943,"Unknown"
"7014853",371857,2025-10-16 08:33:44,43.3595657348633,-8.40142631530762,"Unknown"
"7014853",371857,2025-10-16 08:43:46,43.3596649169922,-8.40128803253174,"Unknown"
"7014853",371857,2025-10-16 08:54:14,43.3593254089355,-8.40133666992188,"Unknown"
"7014853",371857,2025-10-16 09:03:23,43.3595809936523,-8.40154457092285,"Unknown"
"7014853",371857,2025-10-16 09:13:33,43.3593635559082,-8.40152931213379,"Unknown"
"7014853",371857,2025-10-16 09:23:40,43.3592910766602,-8.40152740478516,"Unknown"
"7014853",371857,2025-10-16 09:33:23,43.3594093322754,-8.40160846710205,"Unknown"
"7014853",371857,2025-10-16 09:43:22,43.3594284057617,-8.40146541595459,"Unknown"
"7014853",371857,2025-10-16 09:48:44,43.3593673706055,-8.40140342712402,"Unknown"
"7014853",371857,2025-10-16 09:53:21,43.3594284057617,-8.40153026580811,"Unknown"
"7014853",371857,2025-10-16 09:58:21,43.3592948913574,-8.40143585205078,"Unknown"
"7014853",371857,2025-10-16 10:03:22,43.3593635559082,-8.40146446228027,"Unknown"
"7014853",371857,2025-10-16 10:13:22,43.3594627380371,-8.40166187286377,"Unknown"
"7014853",371857,2025-10-16 10:18:27,43.3595161437988,-8.40158557891846,"Unknown"
"7014853",371857,2025-10-16 10:23:21,43.3594856262207,-8.40155124664307,"Unknown"
"7014853",371857,2025-10-16 10:28:21,43.3594970703125,-8.4015998840332,"Unknown"
"7014853",371857,2025-10-16 10:33:44,43.3593826293945,-8.40151214599609,"Unknown"
"7014853",371857,2025-10-16 10:38:21,43.3593597412109,-8.4015007019043,"Unknown"
"7014853",371857,2025-10-16 10:43:22,43.3592987060547,-8.40147018432617,"Unknown"
"7014853",371857,2025-10-16 10:48:22,43.3593673706055,-8.40152072906494,"Unknown"
"7014853",371857,2025-10-16 10:53:22,43.359317779541,-8.40139961242676,"Unknown"
"7014853",371857,2025-10-16 10:58:22,43.3592948913574,-8.40139579772949,"Unknown"
"7014853",371857,2025-10-16 11:03:36,43.3593711853027,-8.40158081054688,"Unknown"
"7014853",371857,2025-10-16 11:08:28,43.3592491149902,-8.40128612518311,"Unknown"
"7014853",371857,2025-10-16 11:13:53,43.3593864440918,-8.40148544311523,"Unknown"
"7014853",371857,2025-10-16 11:18:27,43.3590812683105,-8.40129470825195,"Unknown"
"7014853",371857,2025-10-16 11:23:23,43.3592796325684,-8.40128707885742,"Unknown"
"7014853",371857,2025-10-16 11:28:27,43.3594055175781,-8.40158843994141,"Unknown"
"7014853",371857,2025-10-16 11:33:44,43.3593406677246,-8.40153503417969,"Unknown"
"7014853",371857,2025-10-16 11:38:25,43.3593254089355,-8.40152549743652,"Unknown"
"7014853",371857,2025-10-16 11:43:23,43.3596305847168,-8.40168285369873,"Unknown"
"7014853",371857,2025-10-16 11:48:22,43.3596878051758,-8.40217113494873,"Unknown"
"7014853",371857,2025-10-16 11:53:31,43.3596496582031,-8.40213203430176,"Unknown"
"7014853",371857,2025-10-16 11:58:28,43.3596572875977,-8.40207862854004,"Unknown"
"7014853",371857,2025-10-16 12:03:27,43.3600654602051,-8.4021635055542,"Unknown"
"7014853",371857,2025-10-16 12:08:22,43.359691619873,-8.40212345123291,"Unknown"
"7014853",371857,2025-10-16 12:13:29,43.3594169616699,-8.40214061737061,"Unknown"
"7014853",371857,2025-10-16 12:18:25,43.3595314025879,-8.4021520614624,"Unknown"
"7014853",371857,2025-10-16 12:23:31,43.3595199584961,-8.40195560455322,"Unknown"
"7014853",371857,2025-10-16 12:28:31,43.3596420288086,-8.40210437774658,"Unknown"
"7014853",371857,2025-10-16 12:34:00,43.359504699707,-8.40207767486572,"Unknown"
"7014853",371857,2025-10-16 12:38:22,43.3597717285156,-8.40181255340576,"Unknown"
"7014853",371857,2025-10-16 12:43:52,43.3595161437988,-8.40206813812256,"Unknown"
"7014853",371857,2025-10-16 12:48:27,43.3596153259277,-8.40197277069092,"Unknown"
"7014853",371857,2025-10-16 12:53:21,43.3521385192871,-8.41641426086426,"Unknown"
"7014853",371857,2025-10-16 12:58:23,43.3502922058105,-8.44363117218018,"Unknown"
"7014853",371857,2025-10-16 13:03:23,43.3411140441895,-8.45391082763672,"Unknown"
"7014853",371857,2025-10-16 13:08:25,43.3406066894531,-8.45398902893066,"Unknown"
"7014853",371857,2025-10-16 13:13:31,43.3408126831055,-8.45518970489502,"Unknown"
"7014853",371857,2025-10-16 13:23:56,43.3405075073242,-8.45441722869873,"Unknown"
"7014853",371857,2025-10-16 13:28:31,43.3404884338379,-8.45462131500244,"Unknown"
"7014853",371857,2025-10-16 13:34:45,43.3406028747559,-8.45461559295654,"Unknown"
"7014853",371857,2025-10-16 13:38:23,43.3418884277344,-8.45296764373779,"Unknown"
"7014853",371857,2025-10-16 13:43:22,43.3470115661621,-8.45203495025635,"Unknown"
"7014853",371857,2025-10-16 13:48:23,43.3549461364746,-8.46013832092285,"Unknown"
"7014853",371857,2025-10-16 13:53:25,43.3559532165527,-8.45711612701416,"Unknown"
"7014853",371857,2025-10-16 13:58:21,43.3561248779297,-8.45711612701416,"Unknown"
"7014853",371857,2025-10-16 14:03:23,43.3561630249023,-8.45729541778564,"Unknown"
"7014853",371857,2025-10-16 14:08:21,43.3560829162598,-8.45705318450928,"Unknown"
"7014853",371857,2025-10-16 14:13:21,43.3560752868652,-8.4570198059082,"Unknown"
"7014853",371857,2025-10-16 14:18:25,43.3560256958008,-8.45715236663818,"Unknown"
"7014853",371857,2025-10-16 14:23:25,43.356128692627,-8.45702934265137,"Unknown"
"7014853",371857,2025-10-16 14:28:25,43.3563194274902,-8.45708465576172,"Unknown"
"7014853",371857,2025-10-16 14:33:24,43.3563766479492,-8.45704174041748,"Unknown"
"7014853",371857,2025-10-16 14:38:22,43.3563537597656,-8.45712375640869,"Unknown"
"7014853",371857,2025-10-16 14:44:36,43.3566284179688,-8.45695686340332,"Unknown"
"7014853",371857,2025-10-16 14:48:37,43.3574829101562,-8.45698547363281,"Unknown"
"7014853",371857,2025-10-16 14:53:33,43.3565368652344,-8.45701694488525,"Unknown"
"7014853",371857,2025-10-16 14:58:34,43.3564033508301,-8.45711612701416,"Unknown"
"7014853",371857,2025-10-16 15:08:51,43.3562240600586,-8.45662689208984,"Unknown"
"7014853",371857,2025-10-16 15:18:28,43.3561248779297,-8.45709609985352,"Unknown"
"7014853",371857,2025-10-16 15:23:23,43.3565864562988,-8.45711326599121,"Unknown"
"7014853",371857,2025-10-16 15:28:30,43.3561820983887,-8.45713806152344,"Unknown"
"7014853",371857,2025-10-16 15:33:23,43.3561668395996,-8.45716762542725,"Unknown"
"7014853",371857,2025-10-16 15:38:30,43.3562202453613,-8.45712184906006,"Unknown"
"7014853",371857,2025-10-16 15:43:23,43.3563461303711,-8.45710277557373,"Unknown"
"7014853",371857,2025-10-16 15:48:28,43.3563041687012,-8.45717525482178,"Unknown"
"7014853",371857,2025-10-16 15:53:29,43.3562774658203,-8.4570426940918,"Unknown"
"7014853",371857,2025-10-16 15:58:29,43.3562698364258,-8.45704174041748,"Unknown"
"7014853",371857,2025-10-16 16:03:34,43.3561515808105,-8.4570951461792,"Unknown"
"7014853",371857,2025-10-16 16:08:30,43.3559379577637,-8.45727729797363,"Unknown"
"7014853",371857,2025-10-16 16:13:35,43.3560028076172,-8.45724201202393,"Unknown"
"7014853",371857,2025-10-16 16:18:32,43.3559761047363,-8.45725727081299,"Unknown"
"7014853",371857,2025-10-16 16:24:15,43.3564147949219,-8.4570837020874,"Unknown"
"7014853",371857,2025-10-16 16:28:30,43.3562545776367,-8.45731830596924,"Unknown"
"7014853",371857,2025-10-16 16:33:30,43.3563499450684,-8.45713520050049,"Unknown"
"7014853",371857,2025-10-16 16:43:39,43.3564262390137,-8.45712280273438,"Unknown"
"7014853",371857,2025-10-16 16:53:45,43.3565292358398,-8.4570426940918,"Unknown"
"7014853",371857,2025-10-16 17:03:25,43.3565330505371,-8.45709705352783,"Unknown"
"7014853",371857,2025-10-16 17:13:23,43.3620452880859,-8.46012878417969,"Unknown"
"7014853",371857,2025-10-16 17:23:56,43.3643074035645,-8.46157073974609,"Unknown"
"7014853",371857,2025-10-16 17:33:30,43.3787651062012,-8.42948055267334,"Unknown"
"7014853",371857,2025-10-16 17:43:41,43.3604354858398,-8.4015064239502,"Unknown"
"7014853",371857,2025-10-16 17:53:44,43.359561920166,-8.40065097808838,"Unknown"
"7014853",371857,2025-10-16 18:03:27,43.3595275878906,-8.40062522888184,"Unknown"
"7014853",371857,2025-10-16 18:13:22,43.3596649169922,-8.40063762664795,"Unknown"
"7014853",371857,2025-10-16 18:23:21,43.3595771789551,-8.40068435668945,"Unknown"
"7014853",371857,2025-10-16 18:26:52,43.3597869873047,-8.40070343017578,"Unknown"
"7014853",371857,2025-10-16 23:27:35,43.359489440918,-8.40158367156982,"Unknown"
"7014853",371857,2025-10-17 04:27:24,43.3596115112305,-8.40080070495605,"Unknown"
"7014853",371857,2025-10-17 06:54:59,43.3584671020508,-8.39912509918213,"Unknown"
"7014853",371857,2025-10-17 07:04:22,43.3596305847168,-8.40240097045898,"Unknown"
"7014853",371857,2025-10-17 07:14:23,43.3596000671387,-8.40225028991699,"Unknown"
"7014853",371857,2025-10-17 07:24:30,43.3595657348633,-8.40221500396729,"Unknown"
"7014853",371857,2025-10-17 07:34:29,43.3594207763672,-8.40219306945801,"Unknown"
"7014853",371857,2025-10-17 07:45:11,43.3594055175781,-8.40169143676758,"Unknown"
"7014853",371857,2025-10-17 07:54:37,43.3595924377441,-8.4008960723877,"Unknown"
"7014853",371857,2025-10-17 08:04:31,43.3594169616699,-8.40005397796631,"Unknown"
"7014853",371857,2025-10-17 08:14:22,43.3597106933594,-8.40270900726318,"Unknown"
"7014853",371857,2025-10-17 08:24:21,43.3594970703125,-8.40189647674561,"Unknown"
"7014853",371857,2025-10-17 08:34:36,43.3596992492676,-8.40203475952148,"Unknown"
"7014853",371857,2025-10-17 08:44:28,43.3596229553223,-8.40179920196533,"Unknown"
"7014853",371857,2025-10-17 08:54:45,43.359504699707,-8.40168952941895,"Unknown"
"7014853",371857,2025-10-17 09:04:20,43.3594741821289,-8.40182685852051,"Unknown"
"7014853",371857,2025-10-17 09:14:21,43.3594055175781,-8.40166473388672,"Unknown"
"7014853",371857,2025-10-17 09:24:21,43.3594436645508,-8.40190315246582,"Unknown"
"7014853",371857,2025-10-17 09:29:22,43.3595085144043,-8.40193843841553,"Unknown"
"7014853",371857,2025-10-17 09:34:21,43.3594284057617,-8.40189647674561,"Unknown"
"7014853",371857,2025-10-17 09:39:22,43.3593940734863,-8.40183734893799,"Unknown"
"7014853",371857,2025-10-17 09:44:30,43.359733581543,-8.40204524993896,"Unknown"
"7014853",371857,2025-10-17 09:49:45,43.3596076965332,-8.40187931060791,"Unknown"
"7014853",371857,2025-10-17 09:54:30,43.3595504760742,-8.40185642242432,"Unknown"
"7014853",371857,2025-10-17 09:59:21,43.359676361084,-8.40194702148438,"Unknown"
"7014853",371857,2025-10-17 10:04:31,43.3594818115234,-8.4018030166626,"Unknown"
"7014853",371857,2025-10-17 10:09:30,43.3595733642578,-8.40183258056641,"Unknown"
"7014853",371857,2025-10-17 10:14:30,43.3595504760742,-8.40176773071289,"Unknown"
"7014853",371857,2025-10-17 10:19:30,43.3595924377441,-8.40184688568115,"Unknown"
"7014853",371857,2025-10-17 10:24:24,43.359920501709,-8.40166282653809,"Unknown"
"7014853",371857,2025-10-17 10:29:29,43.3596649169922,-8.40182304382324,"Unknown"
"7014853",371857,2025-10-17 10:34:28,43.3596496582031,-8.40187835693359,"Unknown"
"7014853",371857,2025-10-17 10:44:24,43.3605308532715,-8.40137672424316,"Unknown"
"7014853",371857,2025-10-17 10:54:30,43.3598594665527,-8.40234088897705,"Unknown"
"7014853",371857,2025-10-17 11:04:39,43.3598556518555,-8.40235805511475,"Unknown"
"7014853",371857,2025-10-17 11:14:28,43.3594436645508,-8.40230369567871,"Unknown"
"7014853",371857,2025-10-17 11:19:30,43.3594856262207,-8.40229511260986,"Unknown"
"7014853",371857,2025-10-17 11:24:34,43.3593063354492,-8.4026460647583,"Unknown"
"7014853",371857,2025-10-17 11:29:36,43.3590965270996,-8.40289115905762,"Unknown"
"7014853",371857,2025-10-17 11:34:23,43.3590469360352,-8.40172481536865,"Unknown"
"7014853",371857,2025-10-17 11:39:25,43.3593978881836,-8.40235042572021,"Unknown"
"7014853",371857,2025-10-17 11:49:31,43.3593940734863,-8.40256977081299,"Unknown"
"7014853",371857,2025-10-17 11:54:34,43.3586616516113,-8.40312194824219,"Unknown"
"7014853",371857,2025-10-17 11:59:24,43.3591194152832,-8.40184307098389,"Unknown"
"7014853",371857,2025-10-17 12:04:30,43.3600921630859,-8.40101718902588,"Unknown"
"7014853",371857,2025-10-17 12:09:22,43.3531799316406,-8.42912769317627,"Unknown"
"7014853",371857,2025-10-17 12:14:22,43.3422431945801,-8.44771766662598,"Unknown"
"7014853",371857,2025-10-17 12:19:22,43.3400650024414,-8.45399475097656,"Unknown"
"7014853",371857,2025-10-17 12:29:21,43.3464851379395,-8.44075965881348,"Unknown"
"7014853",371857,2025-10-17 12:34:45,43.3473052978516,-8.4398365020752,"Unknown"
"7014853",371857,2025-10-17 12:39:23,43.3465728759766,-8.4400806427002,"Unknown"
"7014853",371857,2025-10-17 12:44:21,43.347053527832,-8.43999195098877,"Unknown"
"7014853",371857,2025-10-17 12:49:21,43.3501739501953,-8.43237686157227,"Unknown"
"7014853",371857,2025-10-17 12:54:23,43.350414276123,-8.43229007720947,"Unknown"
"7014853",371857,2025-10-17 12:59:21,43.3502540588379,-8.43232154846191,"Unknown"
"7014853",371857,2025-10-17 13:04:23,43.3521156311035,-8.43287563323975,"Unknown"
"7014853",371857,2025-10-17 13:09:27,43.3524475097656,-8.43279933929443,"Unknown"
"7014853",371857,2025-10-17 13:14:24,43.3522033691406,-8.43277931213379,"Unknown"
"7014853",371857,2025-10-17 13:19:29,43.3520393371582,-8.43269062042236,"Unknown"
"7014853",371857,2025-10-17 13:24:23,43.3520202636719,-8.43264579772949,"Unknown"
"7014853",371857,2025-10-17 13:29:29,43.3519248962402,-8.43267726898193,"Unknown"
"7014853",371857,2025-10-17 13:34:23,43.3521614074707,-8.43279933929443,"Unknown"
"7014853",371857,2025-10-17 13:39:29,43.3517379760742,-8.43260097503662,"Unknown"
"7014853",371857,2025-10-17 13:44:25,43.3519515991211,-8.43254947662354,"Unknown"
"7014853",371857,2025-10-17 13:49:21,43.3480491638184,-8.45456981658936,"Unknown"
"7014853",371857,2025-10-17 13:54:23,43.3539390563965,-8.46017265319824,"Unknown"
"7014853",371857,2025-10-17 13:59:29,43.3560447692871,-8.45701313018799,"Unknown"
"7014853",371857,2025-10-17 14:04:24,43.3568458557129,-8.45615100860596,"Unknown"
"7014853",371857,2025-10-17 14:09:30,43.3568000793457,-8.45681571960449,"Unknown"
"7014853",371857,2025-10-17 14:14:57,43.3568878173828,-8.4567928314209,"Unknown"
"7014853",371857,2025-10-17 14:19:34,43.3568534851074,-8.45683574676514,"Unknown"
"7014853",371857,2025-10-17 14:24:23,43.3565254211426,-8.45684432983398,"Unknown"
"7014853",371857,2025-10-17 14:29:25,43.3569717407227,-8.45649909973145,"Unknown"
"7014853",371857,2025-10-17 14:34:23,43.3569717407227,-8.45570278167725,"Unknown"
"7014853",371857,2025-10-17 14:39:22,43.3564186096191,-8.45696640014648,"Unknown"
"7014853",371857,2025-10-17 14:44:22,43.3565406799316,-8.45690631866455,"Unknown"
"7014853",371857,2025-10-17 14:49:44,43.3558158874512,-8.45697689056396,"Unknown"
"7014853",371857,2025-10-17 14:54:21,43.355842590332,-8.45686340332031,"Unknown"
"7014853",371857,2025-10-17 14:59:21,43.356086730957,-8.45694828033447,"Unknown"
"7014853",371857,2025-10-17 15:04:21,43.3559494018555,-8.45686435699463,"Unknown"
"7014853",371857,2025-10-17 15:09:21,43.3561553955078,-8.4568977355957,"Unknown"
"7014853",371857,2025-10-17 15:14:27,43.3559265136719,-8.45697689056396,"Unknown"
"7014853",371857,2025-10-17 15:19:27,43.3559455871582,-8.45697498321533,"Unknown"
"7014853",371857,2025-10-17 15:24:24,43.3557929992676,-8.45704078674316,"Unknown"
"7014853",371857,2025-10-17 15:29:24,43.356086730957,-8.45694923400879,"Unknown"
"7014853",371857,2025-10-17 15:34:22,43.3562164306641,-8.45717525482178,"Unknown"
"7014853",371857,2025-10-17 15:39:21,43.3560256958008,-8.4570369720459,"Unknown"
"7014853",371857,2025-10-17 15:44:21,43.3561058044434,-8.45695877075195,"Unknown"
"7014853",371857,2025-10-17 15:49:25,43.3559837341309,-8.45702648162842,"Unknown"
"7014853",371857,2025-10-17 15:54:28,43.356071472168,-8.45704936981201,"Unknown"
"7014853",371857,2025-10-17 15:59:30,43.3560485839844,-8.45702362060547,"Unknown"
"7014853",371857,2025-10-17 16:04:30,43.3561134338379,-8.45709609985352,"Unknown"
"7014853",371857,2025-10-17 16:09:23,43.3563270568848,-8.4571361541748,"Unknown"
"7014853",371857,2025-10-17 16:14:30,43.3555526733398,-8.45751667022705,"Unknown"
"7014853",371857,2025-10-17 16:19:23,43.3554420471191,-8.45753288269043,"Unknown"
"7014853",371857,2025-10-17 16:24:23,43.355583190918,-8.45747184753418,"Unknown"
"7014853",371857,2025-10-17 16:29:23,43.3562355041504,-8.45717144012451,"Unknown"
"7014853",371857,2025-10-17 16:34:22,43.3560905456543,-8.45738410949707,"Unknown"
"7014853",371857,2025-10-17 16:39:22,43.3559722900391,-8.45748329162598,"Unknown"
"7014853",371857,2025-10-17 16:44:27,43.3561630249023,-8.45737266540527,"Unknown"
"7014853",371857,2025-10-17 16:49:23,43.356128692627,-8.45736217498779,"Unknown"
"7014853",371857,2025-10-17 16:54:30,43.3562202453613,-8.45727348327637,"Unknown"
"7014853",371857,2025-10-17 16:59:34,43.3568000793457,-8.45680999755859,"Unknown"
"7014853",371857,2025-10-17 17:05:44,43.3566131591797,-8.45675754547119,"Unknown"
"7014853",371857,2025-10-17 17:09:45,43.3565559387207,-8.45692443847656,"Unknown"
"7014853",371857,2025-10-17 17:14:23,43.3565902709961,-8.45694637298584,"Unknown"
"7014853",371857,2025-10-17 17:19:30,43.3565254211426,-8.45687675476074,"Unknown"
"7014853",371857,2025-10-17 17:24:30,43.3561706542969,-8.45692348480225,"Unknown"
"7014853",371857,2025-10-17 17:29:30,43.356388092041,-8.45699214935303,"Unknown"
"7014853",371857,2025-10-17 17:34:30,43.3565216064453,-8.45696640014648,"Unknown"
"7014853",371857,2025-10-17 17:40:44,43.3562660217285,-8.45719051361084,"Unknown"
"7014853",371857,2025-10-17 17:44:30,43.3563804626465,-8.45656204223633,"Unknown"
"7014853",371857,2025-10-17 17:49:45,43.3513221740723,-8.43832111358643,"Unknown"
"7014853",371857,2025-10-17 17:59:27,43.3595123291016,-8.40063953399658,"Unknown"
"7014853",371857,2025-10-17 18:09:22,43.3591079711914,-8.40089225769043,"Unknown"
"7014853",371857,2025-10-17 18:19:25,43.3591690063477,-8.40081024169922,"Unknown"
"7014853",371857,2025-10-17 18:25:12,43.3594818115234,-8.40071773529053,"Unknown"
"7014853",371857,2025-10-17 23:25:21,43.3595695495605,-8.40072631835938,"Unknown"
"7014853",371857,2025-10-18 04:25:26,43.3597640991211,-8.40167903900146,"Unknown"
"7014853",371857,2025-10-18 06:55:42,43.3596076965332,-8.40189361572266,"Unknown"
"7014853",371857,2025-10-18 07:05:39,43.3596839904785,-8.40199756622314,"Unknown"
"7014853",371857,2025-10-18 07:15:41,43.359733581543,-8.40193367004395,"Unknown"
"7014853",371857,2025-10-18 07:25:42,43.359546661377,-8.40208148956299,"Unknown"
"7014853",371857,2025-10-18 07:35:40,43.3597030639648,-8.40256309509277,"Unknown"
"7014853",371857,2025-10-18 07:46:14,43.3598785400391,-8.40323734283447,"Unknown"
"7014853",371857,2025-10-18 07:55:40,43.359691619873,-8.40291881561279,"Unknown"
"7014853",371857,2025-10-18 08:00:40,43.3595275878906,-8.40189552307129,"Unknown"
"7014853",371857,2025-10-18 08:05:39,43.3594055175781,-8.40202617645264,"Unknown"
"7014853",371857,2025-10-18 08:10:39,43.3595199584961,-8.40180110931396,"Unknown"
"7014853",371857,2025-10-18 08:15:38,43.3593635559082,-8.40175819396973,"Unknown"
"7014853",371857,2025-10-18 08:20:39,43.3595962524414,-8.40183353424072,"Unknown"
"7014853",371857,2025-10-18 08:25:38,43.358757019043,-8.40153408050537,"Unknown"
"7014853",371857,2025-10-18 08:30:39,43.3596267700195,-8.40241622924805,"Unknown"
"7014853",371857,2025-10-18 08:35:44,43.3595542907715,-8.40219879150391,"Unknown"
"7014853",371857,2025-10-18 08:41:04,43.3595504760742,-8.40212249755859,"Unknown"
"7014853",371857,2025-10-18 08:45:37,43.3595352172852,-8.40207767486572,"Unknown"
"7014853",371857,2025-10-18 08:50:37,43.3595733642578,-8.40204524993896,"Unknown"
"7014853",371857,2025-10-18 08:55:37,43.3595314025879,-8.40197467803955,"Unknown"
"7014853",371857,2025-10-18 09:00:34,43.3595275878906,-8.40210819244385,"Unknown"
"7014853",371857,2025-10-18 09:05:39,43.3595085144043,-8.40188980102539,"Unknown"
"7014853",371857,2025-10-18 09:10:44,43.3593215942383,-8.40161800384521,"Unknown"
"7014853",371857,2025-10-18 09:15:37,43.359447479248,-8.40194511413574,"Unknown"
"7014853",371857,2025-10-18 09:20:36,43.3593978881836,-8.40203285217285,"Unknown"
"7014853",371857,2025-10-18 09:25:47,43.3595008850098,-8.40174579620361,"Unknown"
"7014853",371857,2025-10-18 09:30:39,43.3595352172852,-8.40196228027344,"Unknown"
"7014853",371857,2025-10-18 09:35:39,43.3593292236328,-8.40160655975342,"Unknown"
"7014853",371857,2025-10-18 09:40:52,43.3594551086426,-8.40190124511719,"Unknown"
"7014853",371857,2025-10-18 09:45:33,43.3595886230469,-8.40209007263184,"Unknown"
"7014853",371857,2025-10-18 09:50:39,43.3597221374512,-8.40243816375732,"Unknown"
"7014853",371857,2025-10-18 09:55:39,43.3598289489746,-8.40261745452881,"Unknown"
"7014853",371857,2025-10-18 10:00:36,43.3598785400391,-8.40266990661621,"Unknown"
"7014853",371857,2025-10-18 10:05:36,43.3598289489746,-8.40258598327637,"Unknown"
"7014853",371857,2025-10-18 10:10:37,43.3599433898926,-8.40379810333252,"Unknown"
"7014853",371857,2025-10-18 10:15:35,43.3591995239258,-8.41439819335938,"Unknown"
"7014853",371857,2025-10-18 10:20:39,43.3518981933594,-8.44157791137695,"Unknown"
"7014853",371857,2025-10-18 10:25:34,43.3566741943359,-8.45772552490234,"Unknown"
"7014853",371857,2025-10-18 10:30:41,43.3567695617676,-8.45779705047607,"Unknown"
"7014853",371857,2025-10-18 10:35:45,43.3581047058105,-8.46145343780518,"Unknown"
"7014853",371857,2025-10-18 10:41:13,43.3564338684082,-8.45712184906006,"Unknown"
"7014853",371857,2025-10-18 10:45:59,43.3560905456543,-8.45729732513428,"Unknown"
"7014853",371857,2025-10-18 10:50:36,43.3584899902344,-8.45670700073242,"Unknown"
"7014853",371857,2025-10-18 10:55:39,43.362117767334,-8.46212959289551,"Unknown"
"7014853",371857,2025-10-18 11:00:44,43.3604698181152,-8.45975589752197,"Unknown"
"7014853",371857,2025-10-18 11:05:39,43.3605880737305,-8.4599609375,"Unknown"
"7014853",371857,2025-10-18 11:10:39,43.3607635498047,-8.45968055725098,"Unknown"
"7014853",371857,2025-10-18 11:15:38,43.3607444763184,-8.45976829528809,"Unknown"
"7014853",371857,2025-10-18 11:20:40,43.3607521057129,-8.45941829681396,"Unknown"
"7014853",371857,2025-10-18 11:25:36,43.3606491088867,-8.45957946777344,"Unknown"
"7014853",371857,2025-10-18 11:30:38,43.3605804443359,-8.45982933044434,"Unknown"
"7014853",371857,2025-10-18 11:35:37,43.357608795166,-8.45666313171387,"Unknown"
"7014853",371857,2025-10-18 11:40:37,43.3564300537109,-8.45739650726318,"Unknown"
"7014853",371857,2025-10-18 11:45:36,43.3564949035645,-8.45755672454834,"Unknown"
"7014853",371857,2025-10-18 11:50:39,43.3567733764648,-8.45772075653076,"Unknown"
"7014853",371857,2025-10-18 11:55:37,43.3569297790527,-8.45767402648926,"Unknown"
"7014853",371857,2025-10-18 12:00:47,43.3562316894531,-8.45743751525879,"Unknown"
"7014853",371857,2025-10-18 12:05:54,43.3563270568848,-8.45801448822021,"Unknown"
"7014853",371857,2025-10-18 12:10:39,43.3569641113281,-8.45753574371338,"Unknown"
"7014853",371857,2025-10-18 12:15:38,43.3567276000977,-8.45748901367188,"Unknown"
"7014853",371857,2025-10-18 12:20:42,43.3607368469238,-8.46264266967773,"Unknown"
"7014853",371857,2025-10-18 12:25:42,43.3601341247559,-8.46610832214355,"Unknown"
"7014853",371857,2025-10-18 12:31:05,43.3590469360352,-8.46609973907471,"Unknown"
"7014853",371857,2025-10-18 12:35:33,43.3590469360352,-8.46605491638184,"Unknown"
"7014853",371857,2025-10-18 12:40:44,43.3574409484863,-8.46871757507324,"Unknown"
"7014853",371857,2025-10-18 12:46:05,43.3574638366699,-8.46871280670166,"Unknown"
"7014853",371857,2025-10-18 12:50:39,43.357494354248,-8.46870231628418,"Unknown"
"7014853",371857,2025-10-18 12:56:03,43.3575172424316,-8.46866512298584,"Unknown"
"7014853",371857,2025-10-18 13:00:42,43.3576011657715,-8.46852397918701,"Unknown"
"7014853",371857,2025-10-18 13:05:46,43.3575706481934,-8.46858882904053,"Unknown"
"7014853",371857,2025-10-18 13:10:34,43.3576774597168,-8.46861171722412,"Unknown"
"7014853",371857,2025-10-18 13:15:46,43.3577690124512,-8.46853446960449,"Unknown"
"7014853",371857,2025-10-18 13:21:57,43.3575859069824,-8.46863651275635,"Unknown"
"7014853",371857,2025-10-18 13:25:37,43.3575325012207,-8.46860027313232,"Unknown"
"7014853",371857,2025-10-18 13:31:57,43.3575096130371,-8.46836948394775,"Unknown"
"7014853",371857,2025-10-18 13:35:33,43.357536315918,-8.4685173034668,"Unknown"
"7014853",371857,2025-10-18 13:40:33,43.3567352294922,-8.45743942260742,"Unknown"
"7014853",371857,2025-10-18 13:45:36,43.356575012207,-8.45723152160645,"Unknown"
"7014853",371857,2025-10-18 13:50:43,43.3559455871582,-8.45663642883301,"Unknown"
"7014853",371857,2025-10-18 13:55:42,43.3564910888672,-8.45730018615723,"Unknown"
"7014853",371857,2025-10-18 14:00:36,43.3599090576172,-8.46237468719482,"Unknown"
"7014853",371857,2025-10-18 14:05:40,43.3539428710938,-8.45840930938721,"Unknown"
"7014853",371857,2025-10-18 14:10:34,43.3543128967285,-8.45855045318604,"Unknown"
"7014853",371857,2025-10-18 14:15:34,43.3542938232422,-8.45864582061768,"Unknown"
"7014853",371857,2025-10-18 14:20:34,43.3542518615723,-8.4584493637085,"Unknown"
"7014853",371857,2025-10-18 14:25:36,43.3540687561035,-8.45843601226807,"Unknown"
"7014853",371857,2025-10-18 14:30:33,43.3540229797363,-8.45832920074463,"Unknown"
"7014853",371857,2025-10-18 14:35:36,43.3540992736816,-8.45826530456543,"Unknown"
"7014853",371857,2025-10-18 14:40:34,43.3541069030762,-8.45841884613037,"Unknown"
"7014853",371857,2025-10-18 14:45:34,43.3540000915527,-8.45848369598389,"Unknown"
"7014853",371857,2025-10-18 14:50:34,43.3540000915527,-8.45850658416748,"Unknown"
"7014853",371857,2025-10-18 14:55:34,43.3540115356445,-8.45853328704834,"Unknown"
"7014853",371857,2025-10-18 15:00:36,43.3561973571777,-8.45714473724365,"Unknown"
"7014853",371857,2025-10-18 15:05:34,43.3565292358398,-8.45680141448975,"Unknown"
"7014853",371857,2025-10-18 15:10:36,43.3564186096191,-8.45687007904053,"Unknown"
"7014853",371857,2025-10-18 15:15:34,43.3565826416016,-8.45690727233887,"Unknown"
"7014853",371857,2025-10-18 15:20:53,43.356517791748,-8.45751762390137,"Unknown"
"7014853",371857,2025-10-18 15:25:42,43.3558807373047,-8.45748519897461,"Unknown"
"7014853",371857,2025-10-18 15:30:48,43.3555145263672,-8.45719909667969,"Unknown"
"7014853",371857,2025-10-18 15:35:48,43.3556022644043,-8.45757961273193,"Unknown"
"7014853",371857,2025-10-18 15:40:40,43.3553428649902,-8.4572925567627,"Unknown"
"7014853",371857,2025-10-18 15:45:34,43.3553276062012,-8.45745944976807,"Unknown"
"7014853",371857,2025-10-18 15:50:34,43.355411529541,-8.45745086669922,"Unknown"
"7014853",371857,2025-10-18 15:55:34,43.3560829162598,-8.4577465057373,"Unknown"
"7014853",371857,2025-10-18 16:00:34,43.3557281494141,-8.45764064788818,"Unknown"
"7014853",371857,2025-10-18 16:05:37,43.3555908203125,-8.45746231079102,"Unknown"
"7014853",371857,2025-10-18 16:10:36,43.3560218811035,-8.45763206481934,"Unknown"
"7014853",371857,2025-10-18 16:15:42,43.3555717468262,-8.4577112197876,"Unknown"
"7014853",371857,2025-10-18 16:20:34,43.3577919006348,-8.45791339874268,"Unknown"
"7014853",371857,2025-10-18 16:26:05,43.3651161193848,-8.4582052230835,"Unknown"
"7014853",371857,2025-10-18 16:30:34,43.3654479980469,-8.45806694030762,"Unknown"
"7014853",371857,2025-10-18 16:35:34,43.3650321960449,-8.4579553604126,"Unknown"
"7014853",371857,2025-10-18 16:40:34,43.3778114318848,-8.446364402771,"Unknown"
"7014853",371857,2025-10-18 16:45:44,43.3737869262695,-8.41550922393799,"Unknown"
"7014853",371857,2025-10-18 16:50:36,43.3693351745605,-8.41068077087402,"Unknown"
"7014853",371857,2025-10-18 16:55:39,43.3594398498535,-8.40088748931885,"Unknown"
"7014853",371857,2025-10-18 17:05:38,43.359432220459,-8.40072727203369,"Unknown"
"7014853",371857,2025-10-18 17:10:36,43.3596572875977,-8.40087032318115,"Unknown"
"7014853",371857,2025-10-18 17:15:37,43.3595352172852,-8.40076351165771,"Unknown"
"7014853",371857,2025-10-18 17:20:37,43.3595352172852,-8.40078163146973,"Unknown"
"7014853",371857,2025-10-18 17:25:39,43.3595275878906,-8.40079021453857,"Unknown"
"7014853",371857,2025-10-18 17:30:44,43.359489440918,-8.40063762664795,"Unknown"
"7014853",371857,2025-10-18 17:35:42,43.3595161437988,-8.40054130554199,"Unknown"
"7014853",371857,2025-10-18 17:40:37,43.3593330383301,-8.40048885345459,"Unknown"
"7014853",371857,2025-10-18 17:45:34,43.359489440918,-8.40048408508301,"Unknown"
"7014853",371857,2025-10-18 17:50:34,43.3595542907715,-8.40054702758789,"Unknown"
"7014853",371857,2025-10-18 17:55:34,43.3594970703125,-8.4005241394043,"Unknown"
"7014853",371857,2025-10-18 18:00:34,43.3595657348633,-8.40055274963379,"Unknown"
"7014853",371857,2025-10-18 18:05:36,43.3595657348633,-8.40054988861084,"Unknown"
"7014853",371857,2025-10-18 18:10:37,43.3594436645508,-8.40049839019775,"Unknown"
"7014853",371857,2025-10-18 18:15:36,43.3596572875977,-8.40059566497803,"Unknown"
"7014853",371857,2025-10-18 18:20:37,43.359489440918,-8.40054416656494,"Unknown"
"7014853",371857,2025-10-18 18:23:43,43.3595695495605,-8.400634765625,"Unknown"
"7014853",371857,2025-10-18 23:23:51,43.3600387573242,-8.40020847320557,"Unknown"
"7014853",371857,2025-10-19 04:24:05,43.3596420288086,-8.40110874176025,"Unknown"
"7014853",371857,2025-10-19 06:56:45,43.3497009277344,-8.43730640411377,"Unknown"
"7014853",371857,2025-10-19 07:06:46,43.3405380249023,-8.45425796508789,"Unknown"
"7014853",371857,2025-10-19 07:16:46,43.3405838012695,-8.45456790924072,"Unknown"
"7014853",371857,2025-10-19 07:26:45,43.3406639099121,-8.45462608337402,"Unknown"
"7014853",371857,2025-10-19 07:36:45,43.355770111084,-8.45785236358643,"Unknown"
"7014853",371857,2025-10-19 07:46:45,43.3563346862793,-8.4585132598877,"Unknown"
"7014853",371857,2025-10-19 07:56:49,43.355899810791,-8.45812034606934,"Unknown"
"7014853",371857,2025-10-19 08:06:45,43.3560371398926,-8.45829772949219,"Unknown"
"7014853",371857,2025-10-19 08:16:53,43.3558578491211,-8.45812892913818,"Unknown"
"7014853",371857,2025-10-19 08:27:05,43.3557739257812,-8.45804786682129,"Unknown"
"7014853",371857,2025-10-19 08:36:44,43.3556671142578,-8.45798206329346,"Unknown"
"7014853",371857,2025-10-19 08:41:45,43.3557243347168,-8.45790195465088,"Unknown"
"7014853",371857,2025-10-19 08:51:45,43.3555641174316,-8.45792198181152,"Unknown"
"7014853",371857,2025-10-19 09:01:45,43.3554878234863,-8.4579496383667,"Unknown"
"7014853",371857,2025-10-19 09:11:44,43.3552742004395,-8.45817852020264,"Unknown"
"7014853",371857,2025-10-19 09:21:49,43.354061126709,-8.45860958099365,"Unknown"
"7014853",371857,2025-10-19 09:32:16,43.3539161682129,-8.45866966247559,"Unknown"
"7014853",371857,2025-10-19 09:41:45,43.3401908874512,-8.45508670806885,"Unknown"
"7014853",371857,2025-10-19 09:51:54,43.340461730957,-8.45512676239014,"Unknown"
"7014853",371857,2025-10-19 10:01:45,43.3404655456543,-8.4554557800293,"Unknown"
"7014853",371857,2025-10-19 10:11:46,43.3556976318359,-8.45753288269043,"Unknown"
"7014853",371857,2025-10-19 10:21:45,43.3556671142578,-8.45823001861572,"Unknown"
"7014853",371857,2025-10-19 10:31:47,43.3556938171387,-8.45823669433594,"Unknown"
"7014853",371857,2025-10-19 10:42:05,43.355842590332,-8.45810604095459,"Unknown"
"7014853",371857,2025-10-19 10:51:45,43.355640411377,-8.45831775665283,"Unknown"
"7014853",371857,2025-10-19 11:01:44,43.3552703857422,-8.45836734771729,"Unknown"
"7014853",371857,2025-10-19 11:07:05,43.3556632995605,-8.45799160003662,"Unknown"
"7014853",371857,2025-10-19 11:11:44,43.3555450439453,-8.45815849304199,"Unknown"
"7014853",371857,2025-10-19 11:21:46,43.355640411377,-8.45801830291748,"Unknown"
"7014853",371857,2025-10-19 11:31:45,43.3559112548828,-8.45796775817871,"Unknown"
"7014853",371857,2025-10-19 11:36:46,43.3557395935059,-8.45798969268799,"Unknown"
"7014853",371857,2025-10-19 11:46:46,43.3555755615234,-8.45811176300049,"Unknown"
"7014853",371857,2025-10-19 11:56:43,43.3556365966797,-8.45816326141357,"Unknown"
"7014853",371857,2025-10-19 12:07:00,43.3538131713867,-8.4588737487793,"Unknown"
"7014853",371857,2025-10-19 12:36:45,43.3544578552246,-8.45876884460449,"Unknown"
"7014853",371857,2025-10-19 12:46:45,43.3545188903809,-8.45849990844727,"Unknown"
"7014853",371857,2025-10-19 12:56:44,43.3554878234863,-8.45784378051758,"Unknown"
"7014853",371857,2025-10-19 13:06:44,43.3556022644043,-8.45804119110107,"Unknown"
"7014853",371857,2025-10-19 13:16:44,43.3556861877441,-8.45800304412842,"Unknown"
"7014853",371857,2025-10-19 13:26:44,43.3555145263672,-8.45787906646729,"Unknown"
"7014853",371857,2025-10-19 13:36:44,43.3555297851562,-8.45786952972412,"Unknown"
"7014853",371857,2025-10-19 13:46:44,43.3553771972656,-8.45744895935059,"Unknown"
"7014853",371857,2025-10-19 13:56:46,43.355525970459,-8.45769500732422,"Unknown"
"7014853",371857,2025-10-19 14:06:48,43.3549041748047,-8.45812606811523,"Unknown"
"7014853",371857,2025-10-19 14:16:45,43.3710517883301,-8.45722579956055,"Unknown"
"7014853",371857,2025-10-19 14:26:45,43.3711357116699,-8.45668792724609,"Unknown"
"7014853",371857,2025-10-19 14:36:44,43.3711357116699,-8.45668411254883,"Unknown"
"7014853",371857,2025-10-19 14:46:44,43.3710021972656,-8.45681667327881,"Unknown"
"7014853",371857,2025-10-19 14:51:44,43.3711204528809,-8.45676231384277,"Unknown"
"7014853",371857,2025-10-19 14:56:45,43.3710632324219,-8.45688438415527,"Unknown"
"7014853",371857,2025-10-19 15:06:46,43.3711204528809,-8.45686817169189,"Unknown"
"7014853",371857,2025-10-19 15:16:46,43.3707542419434,-8.45702171325684,"Unknown"
"7014853",371857,2025-10-19 15:21:55,43.3710136413574,-8.45692443847656,"Unknown"
"7014853",371857,2025-10-19 15:26:54,43.3709678649902,-8.4569845199585,"Unknown"
"7014853",371857,2025-10-19 15:31:56,43.3711166381836,-8.45683670043945,"Unknown"
"7014853",371857,2025-10-19 15:41:47,43.3707542419434,-8.4570426940918,"Unknown"
"7014853",371857,2025-10-19 15:51:54,43.3710517883301,-8.45740127563477,"Unknown"
"7014853",371857,2025-10-19 15:56:54,43.3710517883301,-8.45738124847412,"Unknown"
"7014853",371857,2025-10-19 16:02:14,43.3710098266602,-8.45730590820312,"Unknown"
"7014853",371857,2025-10-19 16:11:46,43.3711318969727,-8.45695018768311,"Unknown"
"7014853",371857,2025-10-19 16:21:44,43.3710403442383,-8.45719337463379,"Unknown"
"7014853",371857,2025-10-19 16:26:44,43.3709030151367,-8.45726108551025,"Unknown"
"7014853",371857,2025-10-19 16:36:46,43.3711585998535,-8.45731925964355,"Unknown"
"7014853",371857,2025-10-19 16:46:44,43.3710250854492,-8.45766544342041,"Unknown"
"7014853",371857,2025-10-19 16:56:47,43.3710403442383,-8.45739459991455,"Unknown"
"7014853",371857,2025-10-19 17:06:46,43.3710899353027,-8.45748043060303,"Unknown"
"7014853",371857,2025-10-19 17:16:45,43.3728981018066,-8.41602325439453,"Unknown"
"7014853",371857,2025-10-19 17:26:44,43.3595237731934,-8.40097713470459,"Unknown"
"7014853",371857,2025-10-19 17:36:45,43.3595657348633,-8.4015645980835,"Unknown"
"7014853",371857,2025-10-19 17:46:45,43.3595123291016,-8.40110015869141,"Unknown"
"7014853",371857,2025-10-19 17:57:05,43.3595428466797,-8.40062046051025,"Unknown"
"7014853",371857,2025-10-19 18:06:44,43.3594779968262,-8.400634765625,"Unknown"
"7014853",371857,2025-10-19 18:16:45,43.3594398498535,-8.40063381195068,"Unknown"
"7014853",371857,2025-10-19 18:22:11,43.359447479248,-8.40053462982178,"Unknown"
"7014853",371857,2025-10-19 23:22:11,43.3606643676758,-8.40040874481201,"Unknown"
"7014853",371857,2025-10-20 04:22:11,43.3599281311035,-8.40048789978027,"Unknown"
"7014853",371857,2025-10-20 06:58:07,43.3595161437988,-8.40034770965576,"Unknown"
"7014853",371857,2025-10-20 07:08:03,43.3594856262207,-8.40064334869385,"Unknown"
"7014853",371857,2025-10-20 07:18:02,43.3592300415039,-8.40041542053223,"Unknown"
"7014853",371857,2025-10-20 07:28:02,43.3593215942383,-8.4005184173584,"Unknown"
"7014853",371857,2025-10-20 07:38:03,43.3563995361328,-8.40894412994385,"Unknown"
"7014853",371857,2025-10-20 07:48:03,43.3505630493164,-8.42541885375977,"Unknown"
"7014853",371857,2025-10-20 07:58:09,43.3404960632324,-8.45452404022217,"Unknown"
"7014853",371857,2025-10-20 08:08:09,43.3407249450684,-8.45491504669189,"Unknown"
"7014853",371857,2025-10-20 08:18:06,43.3414192199707,-8.45416927337646,"Unknown"
"7014853",371857,2025-10-20 08:28:10,43.3414611816406,-8.45418930053711,"Unknown"
"7014853",371857,2025-10-20 08:38:07,43.3555030822754,-8.45794582366943,"Unknown"
"7014853",371857,2025-10-20 08:48:04,43.3555068969727,-8.45796680450439,"Unknown"
"7014853",371857,2025-10-20 08:58:03,43.3554954528809,-8.45774936676025,"Unknown"
"7014853",371857,2025-10-20 09:08:07,43.3554763793945,-8.45775318145752,"Unknown"
"7014853",371857,2025-10-20 09:18:03,43.3570518493652,-8.45669841766357,"Unknown"
"7014853",371857,2025-10-20 09:28:06,43.3710556030273,-8.45716094970703,"Unknown"
"7014853",371857,2025-10-20 09:38:09,43.3710632324219,-8.4572057723999,"Unknown"
"7014853",371857,2025-10-20 09:48:09,43.371208190918,-8.457275390625,"Unknown"
"7014853",371857,2025-10-20 09:58:04,43.3710289001465,-8.45710468292236,"Unknown"
"7014853",371857,2025-10-20 10:08:07,43.3709831237793,-8.45716571807861,"Unknown"
"7014853",371857,2025-10-20 10:18:06,43.3709373474121,-8.4571533203125,"Unknown"
"7014853",371857,2025-10-20 10:28:02,43.3567008972168,-8.4568920135498,"Unknown"
"7014853",371857,2025-10-20 10:38:02,43.3559532165527,-8.45820426940918,"Unknown"
"7014853",371857,2025-10-20 10:48:09,43.3567161560059,-8.4579553604126,"Unknown"
"7014853",371857,2025-10-20 10:58:03,43.3613586425781,-8.4564094543457,"Unknown"
"7014853",371857,2025-10-20 11:08:04,43.3711929321289,-8.45708656311035,"Unknown"
"7014853",371857,2025-10-20 11:18:03,43.3702392578125,-8.45812320709229,"Unknown"
"7014853",371857,2025-10-20 11:28:01,43.3710899353027,-8.45717239379883,"Unknown"
"7014853",371857,2025-10-20 11:33:02,43.3710784912109,-8.45723342895508,"Unknown"
"7014853",371857,2025-10-20 11:38:01,43.370979309082,-8.45742130279541,"Unknown"
"7014853",371857,2025-10-20 11:43:02,43.3708686828613,-8.45753288269043,"Unknown"
"7014853",371857,2025-10-20 11:48:02,43.3710975646973,-8.45748519897461,"Unknown"
"7014853",371857,2025-10-20 11:53:02,43.3709259033203,-8.4574499130249,"Unknown"
"7014853",371857,2025-10-20 11:58:03,43.3708839416504,-8.45748519897461,"Unknown"
"7014853",371857,2025-10-20 12:03:04,43.3710784912109,-8.45762157440186,"Unknown"
"7014853",371857,2025-10-20 12:08:02,43.370849609375,-8.45754528045654,"Unknown"
"7014853",371857,2025-10-20 12:13:04,43.3709678649902,-8.45759773254395,"Unknown"
"7014853",371857,2025-10-20 12:18:06,43.3708572387695,-8.45746421813965,"Unknown"
"7014853",371857,2025-10-20 12:28:03,43.3708610534668,-8.4575777053833,"Unknown"
"7014853",371857,2025-10-20 12:33:02,43.3706817626953,-8.45755481719971,"Unknown"
"7014853",371857,2025-10-20 12:38:04,43.3706359863281,-8.45763683319092,"Unknown"
"7014853",371857,2025-10-20 12:48:04,43.3702011108398,-8.45795822143555,"Unknown"
"7014853",371857,2025-10-20 12:53:07,43.3707389831543,-8.45783996582031,"Unknown"
"7014853",371857,2025-10-20 13:03:11,43.3707275390625,-8.4578161239624,"Unknown"
"7014853",371857,2025-10-20 13:08:02,43.3706169128418,-8.45762825012207,"Unknown"
"7014853",371857,2025-10-20 13:18:03,43.3703231811523,-8.45696830749512,"Unknown"
"7014853",371857,2025-10-20 13:23:02,43.3706550598145,-8.4576940536499,"Unknown"
"7014853",371857,2025-10-20 13:28:01,43.3707160949707,-8.45784473419189,"Unknown"
"7014853",371857,2025-10-20 13:33:01,43.3706588745117,-8.45778274536133,"Unknown"
"7014853",371857,2025-10-20 13:38:01,43.370719909668,-8.45773315429688,"Unknown"
"7014853",371857,2025-10-20 13:43:02,43.3707237243652,-8.45773792266846,"Unknown"
"7014853",371857,2025-10-20 13:48:04,43.3707656860352,-8.45800876617432,"Unknown"
"7014853",371857,2025-10-20 13:53:02,43.3708953857422,-8.45798492431641,"Unknown"
"7014853",371857,2025-10-20 13:58:03,43.3708915710449,-8.45799255371094,"Unknown"
"7014853",371857,2025-10-20 14:03:01,43.3681907653809,-8.45724773406982,"Unknown"
"7014853",371857,2025-10-20 14:08:02,43.3565711975098,-8.45745277404785,"Unknown"
"7014853",371857,2025-10-20 14:18:01,43.3565711975098,-8.45727443695068,"Unknown"
"7014853",371857,2025-10-20 14:23:01,43.3564376831055,-8.45721912384033,"Unknown"
"7014853",371857,2025-10-20 14:28:02,43.3564414978027,-8.45721340179443,"Unknown"
"7014853",371857,2025-10-20 14:33:02,43.3560562133789,-8.45697021484375,"Unknown"
"7014853",371857,2025-10-20 14:38:02,43.355899810791,-8.45752429962158,"Unknown"
"7014853",371857,2025-10-20 14:43:02,43.3563766479492,-8.45804786682129,"Unknown"
"7014853",371857,2025-10-20 14:48:02,43.3563385009766,-8.45799827575684,"Unknown"
"7014853",371857,2025-10-20 14:53:01,43.356372833252,-8.45806312561035,"Unknown"
"7014853",371857,2025-10-20 14:58:01,43.3563194274902,-8.45789813995361,"Unknown"
"7014853",371857,2025-10-20 15:03:02,43.356273651123,-8.45772075653076,"Unknown"
"7014853",371857,2025-10-20 15:08:20,43.3538665771484,-8.45776176452637,"Unknown"
"7014853",371857,2025-10-20 15:13:10,43.3543663024902,-8.45850944519043,"Unknown"
"7014853",371857,2025-10-20 15:28:02,43.3563575744629,-8.45627593994141,"Unknown"
"7014853",371857,2025-10-20 15:38:05,43.3702964782715,-8.45699214935303,"Unknown"
"7014853",371857,2025-10-20 15:48:02,43.370044708252,-8.45723152160645,"Unknown"
"7014853",371857,2025-10-20 15:58:02,43.3699836730957,-8.45745849609375,"Unknown"
"7014853",371857,2025-10-20 16:08:06,43.3702697753906,-8.45730018615723,"Unknown"
"7014853",371857,2025-10-20 16:18:04,43.3696098327637,-8.45808410644531,"Unknown"
"7014853",371857,2025-10-20 16:28:04,43.3704223632812,-8.45783519744873,"Unknown"
"7014853",371857,2025-10-20 16:38:08,43.3702812194824,-8.45788860321045,"Unknown"
"7014853",371857,2025-10-20 16:43:06,43.370304107666,-8.45788860321045,"Unknown"
"7014853",371857,2025-10-20 16:53:06,43.3706130981445,-8.45776748657227,"Unknown"
"7014853",371857,2025-10-20 17:03:02,43.3707733154297,-8.455810546875,"Unknown"
"7014853",371857,2025-10-20 17:13:01,43.3768119812012,-8.44793891906738,"Unknown"
"7014853",371857,2025-10-20 17:23:01,43.3623313903809,-8.39613628387451,"Unknown"
"7014853",371857,2025-10-20 17:33:03,43.3596534729004,-8.39944839477539,"Unknown"
"7014853",371857,2025-10-20 17:43:03,43.3596115112305,-8.39951705932617,"Unknown"
"7014853",371857,2025-10-20 17:53:01,43.3596343994141,-8.39956092834473,"Unknown"
"7014853",371857,2025-10-20 18:03:01,43.359619140625,-8.39973640441895,"Unknown"
"7014853",371857,2025-10-20 18:13:02,43.3596267700195,-8.39965724945068,"Unknown"
"7014853",371857,2025-10-20 18:20:38,43.3596267700195,-8.39962196350098,"Unknown"
"7014853",371857,2025-10-20 23:21:05,43.3601188659668,-8.40277767181396,"Unknown"
"7014853",371857,2025-10-21 04:21:05,43.3600196838379,-8.40296077728271,"Unknown"
"7014853",371857,2025-10-21 06:59:35,43.3601188659668,-8.40284442901611,"Unknown"
"7014853",371857,2025-10-21 07:09:16,43.3600273132324,-8.40263080596924,"Unknown"
"7014853",371857,2025-10-21 07:19:15,43.3600730895996,-8.40279960632324,"Unknown"
"7014853",371857,2025-10-21 07:29:16,43.3601112365723,-8.4028377532959,"Unknown"
"7014853",371857,2025-10-21 07:39:18,43.3600921630859,-8.40287113189697,"Unknown"
"7014853",371857,2025-10-21 07:49:18,43.3601226806641,-8.40289306640625,"Unknown"
"7014853",371857,2025-10-21 07:59:27,43.3596153259277,-8.40193367004395,"Unknown"
"7014853",371857,2025-10-21 08:09:20,43.3595581054688,-8.40185165405273,"Unknown"
"7014853",371857,2025-10-21 08:19:18,43.354419708252,-8.40569591522217,"Unknown"
"7014853",371857,2025-10-21 08:29:41,43.3519134521484,-8.40057182312012,"Unknown"
"7014853",371857,2025-10-21 08:39:19,43.3537559509277,-8.40567684173584,"Unknown"
"7014853",371857,2025-10-21 08:49:26,43.3533897399902,-8.40481662750244,"Unknown"
"7014853",371857,2025-10-21 08:59:23,43.3534126281738,-8.40492725372314,"Unknown"
"7014853",371857,2025-10-21 09:09:32,43.3535461425781,-8.40538120269775,"Unknown"
"7014853",371857,2025-10-21 09:19:17,43.3600959777832,-8.40295219421387,"Unknown"
"7014853",371857,2025-10-21 09:29:22,43.3599319458008,-8.40261650085449,"Unknown"
"7014853",371857,2025-10-21 09:39:18,43.3600044250488,-8.40276622772217,"Unknown"
"7014853",371857,2025-10-21 09:49:17,43.360050201416,-8.40282821655273,"Unknown"
"7014853",371857,2025-10-21 09:59:20,43.3600425720215,-8.40288066864014,"Unknown"
"7014853",371857,2025-10-21 10:09:19,43.3600082397461,-8.40279197692871,"Unknown"
"7014853",371857,2025-10-21 10:19:19,43.360164642334,-8.40286540985107,"Unknown"
"7014853",371857,2025-10-21 10:29:28,43.3603286743164,-8.40319919586182,"Unknown"
"7014853",371857,2025-10-21 10:39:35,43.3600044250488,-8.40279388427734,"Unknown"
"7014853",371857,2025-10-21 10:49:16,43.359977722168,-8.40282249450684,"Unknown"
"7014853",371857,2025-10-21 10:54:15,43.3599090576172,-8.40286159515381,"Unknown"
"7014853",371857,2025-10-21 10:59:18,43.3600845336914,-8.40249061584473,"Unknown"
"7014853",371857,2025-10-21 11:04:18,43.360107421875,-8.40262794494629,"Unknown"
"7014853",371857,2025-10-21 11:09:18,43.3599319458008,-8.40279388427734,"Unknown"
"7014853",371857,2025-10-21 11:14:20,43.3593482971191,-8.40358448028564,"Unknown"
"7014853",371857,2025-10-21 11:19:17,43.3598518371582,-8.4028844833374,"Unknown"
"7014853",371857,2025-10-21 11:24:19,43.3598976135254,-8.40251731872559,"Unknown"
"7014853",371857,2025-10-21 11:29:21,43.3599624633789,-8.40248680114746,"Unknown"
"7014853",371857,2025-10-21 11:34:16,43.3599891662598,-8.40245914459229,"Unknown"
"7014853",371857,2025-10-21 11:39:16,43.3599243164062,-8.40256881713867,"Unknown"
"7014853",371857,2025-10-21 11:44:16,43.3599586486816,-8.40244483947754,"Unknown"
"7014853",371857,2025-10-21 11:49:16,43.359748840332,-8.40270328521729,"Unknown"
"7014853",371857,2025-10-21 11:54:16,43.3598747253418,-8.40256500244141,"Unknown"
"7014853",371857,2025-10-21 11:59:18,43.3599052429199,-8.40259265899658,"Unknown"
"7014853",371857,2025-10-21 12:04:16,43.3598251342773,-8.40282440185547,"Unknown"
"7014853",371857,2025-10-21 12:09:24,43.3597564697266,-8.40291595458984,"Unknown"
"7014853",371857,2025-10-21 12:14:23,43.3598175048828,-8.40262794494629,"Unknown"
"7014853",371857,2025-10-21 12:19:16,43.3598594665527,-8.4025707244873,"Unknown"
"7014853",371857,2025-10-21 12:29:18,43.3598022460938,-8.40247631072998,"Unknown"
"7014853",371857,2025-10-21 12:39:19,43.3568458557129,-8.40408992767334,"Unknown"
"7014853",371857,2025-10-21 12:49:38,43.3567276000977,-8.40405464172363,"Unknown"
"7014853",371857,2025-10-21 12:59:18,43.3530349731445,-8.40347576141357,"Unknown"
"7014853",371857,2025-10-21 13:09:29,43.3520698547363,-8.40375328063965,"Unknown"
"7014853",371857,2025-10-21 13:14:19,43.3520545959473,-8.40389347076416,"Unknown"
"7014853",371857,2025-10-21 13:24:31,43.352180480957,-8.4038782119751,"Unknown"
"7014853",371857,2025-10-21 13:34:17,43.3520736694336,-8.40381240844727,"Unknown"
"7014853",371857,2025-10-21 13:44:17,43.3522644042969,-8.40647792816162,"Unknown"
"7014853",371857,2025-10-21 13:54:16,43.3547744750977,-8.40420532226562,"Unknown"
"7014853",371857,2025-10-21 14:04:17,43.3601570129395,-8.40323162078857,"Unknown"
"7014853",371857,2025-10-21 14:09:23,43.3600425720215,-8.40273857116699,"Unknown"
"7014853",371857,2025-10-21 14:14:16,43.3600578308105,-8.40279960632324,"Unknown"
"7014853",371857,2025-10-21 14:19:18,43.3601913452148,-8.40266227722168,"Unknown"
"7014853",371857,2025-10-21 14:24:18,43.3600425720215,-8.40257835388184,"Unknown"
"7014853",371857,2025-10-21 14:29:18,43.3600425720215,-8.40298652648926,"Unknown"
"7014853",371857,2025-10-21 14:34:17,43.3600692749023,-8.40288543701172,"Unknown"
"7014853",371857,2025-10-21 14:39:16,43.3600730895996,-8.40280246734619,"Unknown"
"7014853",371857,2025-10-21 14:44:16,43.3600196838379,-8.40284061431885,"Unknown"
"7014853",371857,2025-10-21 14:54:21,43.3599853515625,-8.40289497375488,"Unknown"
"7014853",371857,2025-10-21 14:59:16,43.3598937988281,-8.40282154083252,"Unknown"
"7014853",371857,2025-10-21 15:04:18,43.3600311279297,-8.40281105041504,"Unknown"
"7014853",371857,2025-10-21 15:09:16,43.360050201416,-8.40278434753418,"Unknown"
"7014853",371857,2025-10-21 15:14:16,43.359977722168,-8.4027853012085,"Unknown"
"7014853",371857,2025-10-21 15:19:24,43.3600311279297,-8.40283679962158,"Unknown"
"7014853",371857,2025-10-21 15:24:18,43.3599662780762,-8.40281295776367,"Unknown"
"7014853",371857,2025-10-21 15:29:31,43.3599548339844,-8.40283870697021,"Unknown"
"7014853",371857,2025-10-21 15:34:23,43.3599967956543,-8.40263175964355,"Unknown"
"7014853",371857,2025-10-21 15:39:16,43.3599624633789,-8.40275764465332,"Unknown"
"7014853",371857,2025-10-21 15:44:23,43.3599014282227,-8.40280914306641,"Unknown"
"7014853",371857,2025-10-21 15:49:29,43.3600044250488,-8.4027214050293,"Unknown"
"7014853",371857,2025-10-21 15:54:21,43.3600044250488,-8.40278244018555,"Unknown"
"7014853",371857,2025-10-21 15:59:22,43.3598899841309,-8.40284633636475,"Unknown"
"7014853",371857,2025-10-21 16:09:35,43.3600044250488,-8.4027738571167,"Unknown"
"7014853",371857,2025-10-21 16:14:15,43.3600730895996,-8.40278720855713,"Unknown"
"7014853",371857,2025-10-21 16:19:17,43.359935760498,-8.40275764465332,"Unknown"
"7014853",371857,2025-10-21 16:29:35,43.3599624633789,-8.40279960632324,"Unknown"
"7014853",371857,2025-10-21 16:39:23,43.3599395751953,-8.40281391143799,"Unknown"
"7014853",371857,2025-10-21 16:49:33,43.3600730895996,-8.40272426605225,"Unknown"
"7014853",371857,2025-10-21 16:59:16,43.3601112365723,-8.40274143218994,"Unknown"
"7014853",371857,2025-10-21 17:09:17,43.3599090576172,-8.40281391143799,"Unknown"
"7014853",371857,2025-10-21 17:19:19,43.3594779968262,-8.40073776245117,"Unknown"
"7014853",371857,2025-10-21 17:29:17,43.3596229553223,-8.40097427368164,"Unknown"
"7014853",371857,2025-10-21 17:39:19,43.3594741821289,-8.40065956115723,"Unknown"
"7014853",371857,2025-10-21 17:49:16,43.3602676391602,-8.40285301208496,"Unknown"
"7014853",371857,2025-10-21 17:59:17,43.3601875305176,-8.40285491943359,"Unknown"
"7014853",371857,2025-10-21 18:09:16,43.3602180480957,-8.40278434753418,"Unknown"
"7014853",371857,2025-10-21 18:19:09,43.3602600097656,-8.4029598236084,"Unknown"
"7014853",371857,2025-10-21 23:19:35,43.3603324890137,-8.40275001525879,"Unknown"
"7014853",371857,2025-10-22 04:19:35,43.3600425720215,-8.40266799926758,"Unknown"
"7014853",371857,2025-10-22 07:00:44,43.3599700927734,-8.40258026123047,"Unknown"
"7014853",371857,2025-10-22 07:10:34,43.3595123291016,-8.40227508544922,"Unknown"
"7014853",371857,2025-10-22 07:20:44,43.3599815368652,-8.40281105041504,"Unknown"
"7014853",371857,2025-10-22 07:30:39,43.3598670959473,-8.40271854400635,"Unknown"
"7014853",371857,2025-10-22 07:40:34,43.3600807189941,-8.4027099609375,"Unknown"
"7014853",371857,2025-10-22 07:51:00,43.3600654602051,-8.40249252319336,"Unknown"
"7014853",371857,2025-10-22 08:00:44,43.3603820800781,-8.4026346206665,"Unknown"
"7014853",371857,2025-10-22 08:10:33,43.3536033630371,-8.42075252532959,"Unknown"
"7014853",371857,2025-10-22 08:20:38,43.3500633239746,-8.42815685272217,"Unknown"
"7014853",371857,2025-10-22 08:30:36,43.3499031066895,-8.42817878723145,"Unknown"
"7014853",371857,2025-10-22 08:40:41,43.3498420715332,-8.42822551727295,"Unknown"
"7014853",371857,2025-10-22 08:50:44,43.3498954772949,-8.42802810668945,"Unknown"
"7014853",371857,2025-10-22 09:00:36,43.3512229919434,-8.43541431427002,"Unknown"
"7014853",371857,2025-10-22 09:10:38,43.3454551696777,-8.44162654876709,"Unknown"
"7014853",371857,2025-10-22 09:20:44,43.3455505371094,-8.44155693054199,"Unknown"
"7014853",371857,2025-10-22 09:31:05,43.3455467224121,-8.44149684906006,"Unknown"
"7014853",371857,2025-10-22 09:40:39,43.3404235839844,-8.45430850982666,"Unknown"
"7014853",371857,2025-10-22 10:00:45,43.3401718139648,-8.45516014099121,"Unknown"
"7014853",371857,2025-10-22 10:10:39,43.3402633666992,-8.45517349243164,"Unknown"
"7014853",371857,2025-10-22 10:20:41,43.3402824401855,-8.45461845397949,"Unknown"
"7014853",371857,2025-10-22 10:31:05,43.3556251525879,-8.45803260803223,"Unknown"
"7014853",371857,2025-10-22 10:40:31,43.355583190918,-8.45814800262451,"Unknown"
"7014853",371857,2025-10-22 10:50:32,43.3556594848633,-8.45797061920166,"Unknown"
"7014853",371857,2025-10-22 11:00:34,43.3557891845703,-8.45799160003662,"Unknown"
"7014853",371857,2025-10-22 11:10:41,43.3558387756348,-8.4578914642334,"Unknown"
"7014853",371857,2025-10-22 11:20:31,43.3563804626465,-8.45717811584473,"Unknown"
"7014853",371857,2025-10-22 11:30:36,43.3563041687012,-8.45789909362793,"Unknown"
"7014853",371857,2025-10-22 11:40:41,43.3563003540039,-8.45790576934814,"Unknown"
"7014853",371857,2025-10-22 11:50:31,43.355899810791,-8.45797538757324,"Unknown"
"7014853",371857,2025-10-22 12:00:34,43.3561859130859,-8.4578857421875,"Unknown"
"7014853",371857,2025-10-22 12:10:37,43.3564033508301,-8.45743751525879,"Unknown"
"7014853",371857,2025-10-22 12:20:34,43.3543548583984,-8.45850658416748,"Unknown"
"7014853",371857,2025-10-22 12:30:36,43.3543128967285,-8.45846652984619,"Unknown"
"7014853",371857,2025-10-22 12:40:39,43.3543014526367,-8.45848751068115,"Unknown"
"7014853",371857,2025-10-22 12:50:34,43.3542518615723,-8.45848083496094,"Unknown"
"7014853",371857,2025-10-22 13:00:34,43.3541831970215,-8.45846271514893,"Unknown"
"7014853",371857,2025-10-22 13:10:33,43.3541946411133,-8.45843410491943,"Unknown"
"7014853",371857,2025-10-22 13:20:44,43.3544082641602,-8.45844459533691,"Unknown"
"7014853",371857,2025-10-22 13:25:32,43.3545684814453,-8.45817184448242,"Unknown"
"7014853",371857,2025-10-22 13:35:42,43.3403396606445,-8.45494651794434,"Unknown"
"7014853",371857,2025-10-22 13:46:05,43.3402786254883,-8.45477294921875,"Unknown"
"7014853",371857,2025-10-22 13:50:32,43.3402633666992,-8.45389270782471,"Unknown"
"7014853",371857,2025-10-22 13:55:32,43.3407859802246,-8.45380115509033,"Unknown"
"7014853",371857,2025-10-22 14:05:32,43.3499221801758,-8.42775917053223,"Unknown"
"7014853",371857,2025-10-22 14:10:32,43.3498916625977,-8.42765045166016,"Unknown"
"7014853",371857,2025-10-22 14:20:32,43.3500442504883,-8.43213081359863,"Unknown"
"7014853",371857,2025-10-22 14:30:32,43.3555793762207,-8.45806789398193,"Unknown"
"7014853",371857,2025-10-22 14:35:33,43.3555603027344,-8.4582405090332,"Unknown"
"7014853",371857,2025-10-22 14:45:34,43.3555488586426,-8.45787048339844,"Unknown"
"7014853",371857,2025-10-22 14:55:44,43.3706436157227,-8.45761203765869,"Unknown"
"7014853",371857,2025-10-22 15:00:34,43.3705978393555,-8.45749664306641,"Unknown"
"7014853",371857,2025-10-22 15:10:33,43.370719909668,-8.45761108398438,"Unknown"
"7014853",371857,2025-10-22 15:20:41,43.3706550598145,-8.45764541625977,"Unknown"
"7014853",371857,2025-10-22 15:31:05,43.3706855773926,-8.45760059356689,"Unknown"
"7014853",371857,2025-10-22 15:35:31,43.3707084655762,-8.45766448974609,"Unknown"
"7014853",371857,2025-10-22 15:45:33,43.3705749511719,-8.45777416229248,"Unknown"
"7014853",371857,2025-10-22 15:50:34,43.3705406188965,-8.45769882202148,"Unknown"
"7014853",371857,2025-10-22 15:55:32,43.3705787658691,-8.45764636993408,"Unknown"
"7014853",371857,2025-10-22 16:00:32,43.3705673217773,-8.4573221206665,"Unknown"
"7014853",371857,2025-10-22 16:05:31,43.3602676391602,-8.45389270782471,"Unknown"
"7014853",371857,2025-10-22 16:15:36,43.3556671142578,-8.45781230926514,"Unknown"
"7014853",371857,2025-10-22 16:25:44,43.3556861877441,-8.45776748657227,"Unknown"
"7014853",371857,2025-10-22 16:30:39,43.3557243347168,-8.45779514312744,"Unknown"
"7014853",371857,2025-10-22 16:40:38,43.3555107116699,-8.45794010162354,"Unknown"
"7014853",371857,2025-10-22 16:45:44,43.3556289672852,-8.45789909362793,"Unknown"
"7014853",371857,2025-10-22 16:55:39,43.3560066223145,-8.45783615112305,"Unknown"
"7014853",371857,2025-10-22 17:00:37,43.3563346862793,-8.45705890655518,"Unknown"
"7014853",371857,2025-10-22 17:20:32,43.3614540100098,-8.4581823348999,"Unknown"
"7014853",371857,2025-10-22 17:31:05,43.3595008850098,-8.40536403656006,"Unknown"
"7014853",371857,2025-10-22 17:40:31,43.3595199584961,-8.4008846282959,"Unknown"
"7014853",371857,2025-10-22 17:50:32,43.3603172302246,-8.40261459350586,"Unknown"
"7014853",371857,2025-10-22 18:00:33,43.3603553771973,-8.40260982513428,"Unknown"
"7014853",371857,2025-10-22 18:10:33,43.3584594726562,-8.39613151550293,"Unknown"
"7014853",371857,2025-10-22 18:17:36,43.3584747314453,-8.39615631103516,"Unknown"
"7014853",371857,2025-10-22 23:18:05,43.3607368469238,-8.40310382843018,"Unknown"
"7014853",371857,2025-10-23 04:18:06,43.3606262207031,-8.40301322937012,"Unknown"
"7014853",371857,2025-10-23 07:02:06,43.3641967773438,-8.45920085906982,"Unknown"
"7014853",371857,2025-10-23 07:12:11,43.3631210327148,-8.45824146270752,"Unknown"
"7014853",371857,2025-10-23 07:22:01,43.3550987243652,-8.45800590515137,"Unknown"
"7014853",371857,2025-10-23 07:31:50,43.3542098999023,-8.45828819274902,"Unknown"
"7014853",371857,2025-10-23 07:41:56,43.3542900085449,-8.4577169418335,"Unknown"
"7014853",371857,2025-10-23 07:51:54,43.3542861938477,-8.45839214324951,"Unknown"
"7014853",371857,2025-10-23 08:01:55,43.3542213439941,-8.45843124389648,"Unknown"
"7014853",371857,2025-10-23 08:12:14,43.3542785644531,-8.45848941802979,"Unknown"
"7014853",371857,2025-10-23 08:21:54,43.3542060852051,-8.45804500579834,"Unknown"
"7014853",371857,2025-10-23 08:31:47,43.3538055419922,-8.45824909210205,"Unknown"
"7014853",371857,2025-10-23 08:41:47,43.3708305358887,-8.45399475097656,"Unknown"
"7014853",371857,2025-10-23 08:52:05,43.3703308105469,-8.45326995849609,"Unknown"
"7014853",371857,2025-10-23 09:02:23,43.3704109191895,-8.45317459106445,"Unknown"
"7014853",371857,2025-10-23 09:11:46,43.3704948425293,-8.45312976837158,"Unknown"
"7014853",371857,2025-10-23 09:21:54,43.3710174560547,-8.45223617553711,"Unknown"
"7014853",371857,2025-10-23 09:31:52,43.3709678649902,-8.45245170593262,"Unknown"
"7014853",371857,2025-10-23 09:41:53,43.3709335327148,-8.45240783691406,"Unknown"
"7014853",371857,2025-10-23 09:52:14,43.3708534240723,-8.45254230499268,"Unknown"
"7014853",371857,2025-10-23 10:01:50,43.3707427978516,-8.45308113098145,"Unknown"
"7014853",371857,2025-10-23 10:11:52,43.3705024719238,-8.45344638824463,"Unknown"
"7014853",371857,2025-10-23 10:21:58,43.3707427978516,-8.45330905914307,"Unknown"
"7014853",371857,2025-10-23 10:32:00,43.3701782226562,-8.45307540893555,"Unknown"
"7014853",371857,2025-10-23 10:41:49,43.3699569702148,-8.45269107818604,"Unknown"
"7014853",371857,2025-10-23 10:51:50,43.3703384399414,-8.45301914215088,"Unknown"
"7014853",371857,2025-10-23 11:01:48,43.3564491271973,-8.45690822601318,"Unknown"
"7014853",371857,2025-10-23 11:11:47,43.3564262390137,-8.45686149597168,"Unknown"
"7014853",371857,2025-10-23 11:21:52,43.3562393188477,-8.45778751373291,"Unknown"
"7014853",371857,2025-10-23 11:31:51,43.3562812805176,-8.45776653289795,"Unknown"
"7014853",371857,2025-10-23 11:41:47,43.3563499450684,-8.45707035064697,"Unknown"
"7014853",371857,2025-10-23 11:53:10,43.3563919067383,-8.45662403106689,"Unknown"
"7014853",371857,2025-10-23 12:02:14,43.3627624511719,-8.46203517913818,"Unknown"
"7014853",371857,2025-10-23 12:12:10,43.3707809448242,-8.45752906799316,"Unknown"
"7014853",371857,2025-10-23 12:21:56,43.3707160949707,-8.45776748657227,"Unknown"
"7014853",371857,2025-10-23 12:32:05,43.3707427978516,-8.45753288269043,"Unknown"
"7014853",371857,2025-10-23 12:42:14,43.3706436157227,-8.45736980438232,"Unknown"
"7014853",371857,2025-10-23 12:51:47,43.3707313537598,-8.4575777053833,"Unknown"
"7014853",371857,2025-10-23 13:02:00,43.3706092834473,-8.45737838745117,"Unknown"
"7014853",371857,2025-10-23 13:12:34,43.3706130981445,-8.45798683166504,"Unknown"
"7014853",371857,2025-10-23 13:21:48,43.37060546875,-8.45802783966064,"Unknown"
"7014853",371857,2025-10-23 13:26:49,43.3705673217773,-8.45794773101807,"Unknown"
"7014853",371857,2025-10-23 13:37:23,43.3705978393555,-8.45802688598633,"Unknown"
"7014853",371857,2025-10-23 13:41:46,43.3705253601074,-8.45792198181152,"Unknown"
"7014853",371857,2025-10-23 13:51:48,43.3705062866211,-8.45804309844971,"Unknown"
"7014853",371857,2025-10-23 14:01:50,43.3705101013184,-8.45810127258301,"Unknown"
"7014853",371857,2025-10-23 14:12:23,43.3704948425293,-8.45270538330078,"Unknown"
"7014853",371857,2025-10-23 14:21:47,43.370548248291,-8.4527530670166,"Unknown"
"7014853",371857,2025-10-23 14:31:47,43.3770332336426,-8.42281341552734,"Unknown"
"7014853",371857,2025-10-23 14:41:46,43.376823425293,-8.42316150665283,"Unknown"
"7014853",371857,2025-10-23 14:51:47,43.3745613098145,-8.42124843597412,"Unknown"
"7014853",371857,2025-10-23 15:01:48,43.3746147155762,-8.42123985290527,"Unknown"
"7014853",371857,2025-10-23 15:11:47,43.3745613098145,-8.42117786407471,"Unknown"
"7014853",371857,2025-10-23 15:21:47,43.3746070861816,-8.4211254119873,"Unknown"
"7014853",371857,2025-10-23 15:32:05,43.3693084716797,-8.41553211212158,"Unknown"
"7014853",371857,2025-10-23 15:41:46,43.369327545166,-8.41554737091064,"Unknown"
"7014853",371857,2025-10-23 15:51:46,43.369270324707,-8.41557502746582,"Unknown"
"7014853",371857,2025-10-23 15:56:46,43.3692283630371,-8.41555881500244,"Unknown"
"7014853",371857,2025-10-23 16:06:47,43.3692741394043,-8.41557121276855,"Unknown"
"7014853",371857,2025-10-23 16:11:53,43.3693428039551,-8.41557121276855,"Unknown"
"7014853",371857,2025-10-23 16:21:47,43.3699760437012,-8.40512275695801,"Unknown"
"7014853",371857,2025-10-23 16:32:15,43.3595123291016,-8.40055274963379,"Unknown"
"7014853",371857,2025-10-23 16:41:50,43.3595581054688,-8.40061283111572,"Unknown"
"7014853",371857,2025-10-23 16:51:49,43.3594741821289,-8.40086364746094,"Unknown"
"7014853",371857,2025-10-23 17:01:55,43.3594589233398,-8.40060234069824,"Unknown"
"7014853",371857,2025-10-23 17:11:55,43.3594245910645,-8.40064144134521,"Unknown"
"7014853",371857,2025-10-23 17:21:52,43.3593788146973,-8.40053749084473,"Unknown"
"7014853",371857,2025-10-23 17:32:05,43.3594551086426,-8.40060329437256,"Unknown"
"7014853",371857,2025-10-23 17:41:52,43.3594703674316,-8.40059947967529,"Unknown"
"7014853",371857,2025-10-23 17:51:55,43.3593902587891,-8.4007740020752,"Unknown"
"7014853",371857,2025-10-23 18:02:14,43.3594665527344,-8.40050315856934,"Unknown"
"7014853",371857,2025-10-23 18:11:55,43.3590774536133,-8.40054130554199,"Unknown"
"7014853",371857,2025-10-23 18:16:08,43.359489440918,-8.40041923522949,"Unknown"
"7014853",371857,2025-10-23 23:16:35,43.3600311279297,-8.40250301361084,"Unknown"
"7014853",371857,2025-10-24 04:16:35,43.3593673706055,-8.40159606933594,"Unknown"
"7014853",371857,2025-10-24 07:03:17,43.3595161437988,-8.40194511413574,"Unknown"
"7014853",371857,2025-10-24 07:12:57,43.3597145080566,-8.40220069885254,"Unknown"
"7014853",371857,2025-10-24 07:23:07,43.3596153259277,-8.40124988555908,"Unknown"
"7014853",371857,2025-10-24 07:32:59,43.3598136901855,-8.4017972946167,"Unknown"
"7014853",371857,2025-10-24 07:43:02,43.3594856262207,-8.40200996398926,"Unknown"
"7014853",371857,2025-10-24 07:53:31,43.3595123291016,-8.40173435211182,"Unknown"
"7014853",371857,2025-10-24 08:03:02,43.3595848083496,-8.4013614654541,"Unknown"
"7014853",371857,2025-10-24 08:13:07,43.3595657348633,-8.40142822265625,"Unknown"
"7014853",371857,2025-10-24 08:23:44,43.3595809936523,-8.40143871307373,"Unknown"
"7014853",371857,2025-10-24 08:33:18,43.3592681884766,-8.40160369873047,"Unknown"
"7014853",371857,2025-10-24 08:43:17,43.3601226806641,-8.40153503417969,"Unknown"
"7014853",371857,2025-10-24 08:53:35,43.3595542907715,-8.40145492553711,"Unknown"
"7014853",371857,2025-10-24 09:03:23,43.3596801757812,-8.40141201019287,"Unknown"
"7014853",371857,2025-10-24 09:13:18,43.3596420288086,-8.40134334564209,"Unknown"
"7014853",371857,2025-10-24 09:23:16,43.359806060791,-8.40116596221924,"Unknown"
"7014853",371857,2025-10-24 09:33:17,43.3596038818359,-8.40148067474365,"Unknown"
"7014853",371857,2025-10-24 09:43:17,43.359806060791,-8.40127086639404,"Unknown"
"7014853",371857,2025-10-24 09:53:35,43.3596801757812,-8.40141105651855,"Unknown"
"7014853",371857,2025-10-24 10:03:16,43.3597602844238,-8.40157127380371,"Unknown"
"7014853",371857,2025-10-24 10:13:15,43.359691619873,-8.40788173675537,"Unknown"
"7014853",371857,2025-10-24 10:23:16,43.3420753479004,-8.45111465454102,"Unknown"
"7014853",371857,2025-10-24 10:33:23,43.3408470153809,-8.45460605621338,"Unknown"
"7014853",371857,2025-10-24 10:43:26,43.3407859802246,-8.45451259613037,"Unknown"
"7014853",371857,2025-10-24 10:53:44,43.3564109802246,-8.45717811584473,"Unknown"
"7014853",371857,2025-10-24 11:03:16,43.3562393188477,-8.45641613006592,"Unknown"
"7014853",371857,2025-10-24 11:08:23,43.3564949035645,-8.45696640014648,"Unknown"
"7014853",371857,2025-10-24 11:13:19,43.3565330505371,-8.45695209503174,"Unknown"
"7014853",371857,2025-10-24 11:18:20,43.3564872741699,-8.45703315734863,"Unknown"
"7014853",371857,2025-10-24 11:23:35,43.356315612793,-8.4566764831543,"Unknown"
"7014853",371857,2025-10-24 11:28:33,43.3561515808105,-8.45712566375732,"Unknown"
"7014853",371857,2025-10-24 11:38:16,43.3563766479492,-8.45706558227539,"Unknown"
"7014853",371857,2025-10-24 11:43:29,43.3566207885742,-8.45747184753418,"Unknown"
"7014853",371857,2025-10-24 12:18:52,43.3539161682129,-8.45864486694336,"Unknown"
"7014853",371857,2025-10-24 12:28:23,43.355297088623,-8.45790195465088,"Unknown"
"7014853",371857,2025-10-24 12:38:17,43.355037689209,-8.45784950256348,"Unknown"
"7014853",371857,2025-10-24 12:48:17,43.3551445007324,-8.45773124694824,"Unknown"
"7014853",371857,2025-10-24 12:58:17,43.352165222168,-8.47769737243652,"Unknown"
"7014853",371857,2025-10-24 13:08:51,43.3561363220215,-8.4570198059082,"Unknown"
"7014853",371857,2025-10-24 13:18:35,43.3562393188477,-8.45712375640869,"Unknown"
"7014853",371857,2025-10-24 13:28:17,43.3562660217285,-8.4570951461792,"Unknown"
"7014853",371857,2025-10-24 13:33:19,43.3563652038574,-8.45682334899902,"Unknown"
"7014853",371857,2025-10-24 13:38:19,43.3564491271973,-8.45675659179688,"Unknown"
"7014853",371857,2025-10-24 13:43:17,43.3560485839844,-8.45733451843262,"Unknown"
"7014853",371857,2025-10-24 13:48:17,43.3562660217285,-8.45701789855957,"Unknown"
"7014853",371857,2025-10-24 13:53:16,43.3561401367188,-8.4571647644043,"Unknown"
"7014853",371857,2025-10-24 13:58:16,43.3562088012695,-8.45700836181641,"Unknown"
"7014853",371857,2025-10-24 14:03:18,43.356071472168,-8.45720863342285,"Unknown"
"7014853",371857,2025-10-24 14:08:17,43.3562698364258,-8.4572057723999,"Unknown"
"7014853",371857,2025-10-24 14:13:19,43.3560981750488,-8.45765686035156,"Unknown"
"7014853",371857,2025-10-24 14:23:18,43.3562240600586,-8.45790100097656,"Unknown"
"7014853",371857,2025-10-24 14:33:17,43.3562088012695,-8.4580774307251,"Unknown"
"7014853",371857,2025-10-24 14:43:15,43.3561935424805,-8.45799827575684,"Unknown"
"7014853",371857,2025-10-24 14:53:16,43.3562049865723,-8.45785140991211,"Unknown"
"7014853",371857,2025-10-24 14:58:18,43.3561668395996,-8.45786762237549,"Unknown"
"7014853",371857,2025-10-24 15:03:17,43.3561973571777,-8.45788288116455,"Unknown"
"7014853",371857,2025-10-24 15:08:19,43.3560218811035,-8.45778560638428,"Unknown"
"7014853",371857,2025-10-24 15:18:16,43.3562774658203,-8.45800018310547,"Unknown"
"7014853",371857,2025-10-24 15:23:17,43.3561782836914,-8.45795249938965,"Unknown"
"7014853",371857,2025-10-24 15:33:28,43.3559036254883,-8.45783805847168,"Unknown"
"7014853",371857,2025-10-24 15:43:34,43.3542251586914,-8.45846843719482,"Unknown"
"7014853",371857,2025-10-24 16:03:44,43.3539695739746,-8.45889568328857,"Unknown"
"7014853",371857,2025-10-24 16:13:25,43.3415260314941,-8.45316600799561,"Unknown"
"7014853",371857,2025-10-24 16:23:35,43.3600196838379,-8.40277862548828,"Unknown"
"7014853",371857,2025-10-24 16:33:44,43.3600883483887,-8.40270328521729,"Unknown"
"7014853",371857,2025-10-24 16:43:17,43.3601150512695,-8.40279769897461,"Unknown"
"7014853",371857,2025-10-24 16:53:16,43.3601875305176,-8.40231895446777,"Unknown"
"7014853",371857,2025-10-24 17:03:17,43.3599128723145,-8.40248203277588,"Unknown"
"7014853",371857,2025-10-24 17:13:15,43.3601570129395,-8.40285682678223,"Unknown"
"7014853",371857,2025-10-24 17:23:18,43.3603630065918,-8.40317726135254,"Unknown"
"7014853",371857,2025-10-24 17:33:35,43.3596992492676,-8.39945030212402,"Unknown"
"7014853",371857,2025-10-24 17:43:23,43.3594131469727,-8.40062236785889,"Unknown"
"7014853",371857,2025-10-24 17:53:16,43.3593788146973,-8.40077114105225,"Unknown"
"7014853",371857,2025-10-24 18:03:44,43.3593673706055,-8.40068626403809,"Unknown"
"7014853",371857,2025-10-24 18:14:16,43.3592987060547,-8.40062713623047,"Unknown"
"7014853",371857,2025-10-24 23:14:37,43.3594360351562,-8.40057563781738,"Unknown"
"7014853",371857,2025-10-25 04:14:36,43.3600883483887,-8.4028205871582,"Unknown"
"7014853",371857,2025-10-25 07:04:47,43.3600311279297,-8.4031343460083,"Unknown"
"7014853",371857,2025-10-25 07:14:45,43.3595733642578,-8.40159511566162,"Unknown"
"7014853",371857,2025-10-25 07:24:30,43.3596115112305,-8.40157508850098,"Unknown"
"7014853",371857,2025-10-25 07:34:24,43.3592491149902,-8.40098190307617,"Unknown"
"7014853",371857,2025-10-25 07:44:44,43.3595657348633,-8.40147113800049,"Unknown"
"7014853",371857,2025-10-25 07:54:45,43.3595771789551,-8.40151309967041,"Unknown"
"7014853",371857,2025-10-25 08:04:27,43.3595962524414,-8.40175533294678,"Unknown"
"7014853",371857,2025-10-25 08:14:45,43.3551712036133,-8.40964221954346,"Unknown"
"7014853",371857,2025-10-25 08:24:22,43.3488273620605,-8.42359256744385,"Unknown"
"7014853",371857,2025-10-25 08:34:25,43.3486099243164,-8.42372989654541,"Unknown"
"7014853",371857,2025-10-25 08:44:17,43.3491477966309,-8.42401695251465,"Unknown"
"7014853",371857,2025-10-25 08:54:44,43.3492012023926,-8.42391300201416,"Unknown"
"7014853",371857,2025-10-25 09:04:19,43.3506813049316,-8.4307975769043,"Unknown"
"7014853",371857,2025-10-25 09:14:46,43.3550834655762,-8.45795249938965,"Unknown"
"7014853",371857,2025-10-25 09:24:24,43.3550987243652,-8.45799160003662,"Unknown"
"7014853",371857,2025-10-25 09:34:44,43.3551216125488,-8.45797157287598,"Unknown"
"7014853",371857,2025-10-25 09:44:30,43.3551483154297,-8.45797920227051,"Unknown"
"7014853",371857,2025-10-25 09:54:30,43.3548851013184,-8.45763397216797,"Unknown"
"7014853",371857,2025-10-25 10:04:51,43.3542060852051,-8.45871734619141,"Unknown"
"7014853",371857,2025-10-25 10:15:18,43.3537902832031,-8.45870971679688,"Unknown"
"7014853",371857,2025-10-25 10:24:20,43.3551750183105,-8.45764636993408,"Unknown"
"7014853",371857,2025-10-25 10:34:24,43.3554534912109,-8.45781230926514,"Unknown"
"7014853",371857,2025-10-25 10:44:22,43.3555717468262,-8.45786094665527,"Unknown"
"7014853",371857,2025-10-25 10:54:23,43.3563461303711,-8.45705318450928,"Unknown"
"7014853",371857,2025-10-25 11:04:30,43.3563652038574,-8.45701885223389,"Unknown"
"7014853",371857,2025-10-25 11:14:24,43.3564033508301,-8.45695400238037,"Unknown"
"7014853",371857,2025-10-25 11:24:25,43.355827331543,-8.45809364318848,"Unknown"
"7014853",371857,2025-10-25 11:34:25,43.3559341430664,-8.45799160003662,"Unknown"
"7014853",371857,2025-10-25 11:45:23,43.3525199890137,-8.47903537750244,"Unknown"
"7014853",371857,2025-10-25 11:54:19,43.3512153625488,-8.47926235198975,"Unknown"
"7014853",371857,2025-10-25 12:04:17,43.3526382446289,-8.47685813903809,"Unknown"
"7014853",371857,2025-10-25 12:14:17,43.3565864562988,-8.47299671173096,"Unknown"
"7014853",371857,2025-10-25 12:24:22,43.3565673828125,-8.47304439544678,"Unknown"
"7014853",371857,2025-10-25 12:34:23,43.356315612793,-8.47307777404785,"Unknown"
"7014853",371857,2025-10-25 12:44:24,43.3567161560059,-8.47285461425781,"Unknown"
"7014853",371857,2025-10-25 12:54:30,43.3565788269043,-8.47304630279541,"Unknown"
"7014853",371857,2025-10-25 13:04:21,43.3566741943359,-8.47311973571777,"Unknown"
"7014853",371857,2025-10-25 13:14:18,43.3562431335449,-8.47259140014648,"Unknown"
"7014853",371857,2025-10-25 13:24:21,43.3565101623535,-8.47294807434082,"Unknown"
"7014853",371857,2025-10-25 13:34:44,43.3565635681152,-8.47288131713867,"Unknown"
"7014853",371857,2025-10-25 13:44:16,43.3565368652344,-8.47279453277588,"Unknown"
"7014853",371857,2025-10-25 13:54:17,43.3565444946289,-8.47309875488281,"Unknown"
"7014853",371857,2025-10-25 13:59:16,43.3565673828125,-8.47297763824463,"Unknown"
"7014853",371857,2025-10-25 14:04:24,43.3565940856934,-8.47279071807861,"Unknown"
"7014853",371857,2025-10-25 14:14:27,43.3565711975098,-8.47278594970703,"Unknown"
"7014853",371857,2025-10-25 14:24:21,43.3565826416016,-8.47246646881104,"Unknown"
"7014853",371857,2025-10-25 14:34:53,43.3564834594727,-8.47300338745117,"Unknown"
"7014853",371857,2025-10-25 14:44:17,43.3565254211426,-8.47295665740967,"Unknown"
"7014853",371857,2025-10-25 14:54:16,43.3565673828125,-8.47293853759766,"Unknown"
"7014853",371857,2025-10-25 15:04:18,43.3565063476562,-8.4729471206665,"Unknown"
"7014853",371857,2025-10-25 15:14:20,43.3565673828125,-8.47279930114746,"Unknown"
"7014853",371857,2025-10-25 15:24:19,43.356632232666,-8.47280311584473,"Unknown"
"7014853",371857,2025-10-25 15:34:36,43.3565979003906,-8.47277736663818,"Unknown"
"7014853",371857,2025-10-25 15:44:21,43.3566513061523,-8.47281837463379,"Unknown"
"7014853",371857,2025-10-25 15:54:20,43.3564262390137,-8.47222900390625,"Unknown"
"7014853",371857,2025-10-25 16:04:45,43.3512840270996,-8.45483303070068,"Unknown"
"7014853",371857,2025-10-25 16:14:22,43.354248046875,-8.45829582214355,"Unknown"
"7014853",371857,2025-10-25 16:24:19,43.3545112609863,-8.45768356323242,"Unknown"
"7014853",371857,2025-10-25 16:44:21,43.3406867980957,-8.45351982116699,"Unknown"
"7014853",371857,2025-10-25 16:54:53,43.3594169616699,-8.40406703948975,"Unknown"
"7014853",371857,2025-10-25 17:04:27,43.3596534729004,-8.400634765625,"Unknown"
"7014853",371857,2025-10-25 17:14:21,43.3596229553223,-8.40073204040527,"Unknown"
"7014853",371857,2025-10-25 17:24:21,43.3625221252441,-8.39650344848633,"Unknown"
"7014853",371857,2025-10-25 17:34:16,43.3623313903809,-8.39620685577393,"Unknown"
"7014853",371857,2025-10-25 17:44:19,43.3626251220703,-8.39663410186768,"Unknown"
"7014853",371857,2025-10-25 17:54:21,43.3622932434082,-8.39682674407959,"Unknown"
"7014853",371857,2025-10-25 18:04:19,43.3622703552246,-8.39694023132324,"Unknown"
"7014853",371857,2025-10-25 18:13:16,43.3622131347656,-8.39695453643799,"Unknown"
"7014853",371857,2025-10-25 23:13:44,43.3596534729004,-8.40114784240723,"Unknown"
"7014853",371857,2025-10-26 04:13:45,43.359546661377,-8.40139389038086,"Unknown"
"7014853",371857,2025-10-26 07:06:05,43.3594741821289,-8.40143299102783,"Unknown"
"7014853",371857,2025-10-26 07:15:33,43.3594551086426,-8.4014778137207,"Unknown"
"7014853",371857,2025-10-26 07:25:31,43.359447479248,-8.4013090133667,"Unknown"
"7014853",371857,2025-10-26 07:35:35,43.3594169616699,-8.40137195587158,"Unknown"
"7014853",371857,2025-10-26 07:45:44,43.3596038818359,-8.40063762664795,"Unknown"
"7014853",371857,2025-10-26 07:55:33,43.359561920166,-8.40089893341064,"Unknown"
"7014853",371857,2025-10-26 08:05:32,43.3596687316895,-8.40072536468506,"Unknown"
"7014853",371857,2025-10-26 08:15:40,43.3596305847168,-8.40091991424561,"Unknown"
"7014853",371857,2025-10-26 08:25:41,43.3603591918945,-8.40548229217529,"Unknown"
"7014853",371857,2025-10-26 08:35:33,43.3613777160645,-8.40557098388672,"Unknown"
"7014853",371857,2025-10-26 08:46:05,43.3528327941895,-8.41767406463623,"Unknown"
"7014853",371857,2025-10-26 08:55:33,43.3528213500977,-8.4176778793335,"Unknown"
"7014853",371857,2025-10-26 09:05:31,43.3527717590332,-8.41776466369629,"Unknown"
"7014853",371857,2025-10-26 09:15:30,43.3528099060059,-8.41770648956299,"Unknown"
"7014853",371857,2025-10-26 09:25:31,43.3528366088867,-8.41766357421875,"Unknown"
"7014853",371857,2025-10-26 09:35:31,43.3528709411621,-8.41768360137939,"Unknown"
"7014853",371857,2025-10-26 09:45:44,43.352840423584,-8.41767692565918,"Unknown"
"7014853",371857,2025-10-26 09:55:30,43.3526573181152,-8.41807079315186,"Unknown"
"7014853",371857,2025-10-26 10:05:30,43.3499755859375,-8.4277458190918,"Unknown"
"7014853",371857,2025-10-26 10:15:30,43.3498229980469,-8.42791652679443,"Unknown"
"7014853",371857,2025-10-26 10:25:30,43.3498039245605,-8.42801380157471,"Unknown"
"7014853",371857,2025-10-26 10:35:43,43.352783203125,-8.42804145812988,"Unknown"
"7014853",371857,2025-10-26 10:45:37,43.3523445129395,-8.42766952514648,"Unknown"
"7014853",371857,2025-10-26 10:55:38,43.3522987365723,-8.42771053314209,"Unknown"
"7014853",371857,2025-10-26 11:00:31,43.3494567871094,-8.43621730804443,"Unknown"
"7014853",371857,2025-10-26 11:05:33,43.3554344177246,-8.45779895782471,"Unknown"
"7014853",371857,2025-10-26 11:15:38,43.356029510498,-8.45630931854248,"Unknown"
"7014853",371857,2025-10-26 11:25:55,43.356502532959,-8.45652103424072,"Unknown"
"7014853",371857,2025-10-26 11:36:55,43.3568344116211,-8.45796871185303,"Unknown"
"7014853",371857,2025-10-26 11:46:05,43.3627052307129,-8.46148204803467,"Unknown"
"7014853",371857,2025-10-26 11:55:36,43.3630104064941,-8.45897006988525,"Unknown"
"7014853",371857,2025-10-26 12:05:31,43.3632316589355,-8.45934391021729,"Unknown"
"7014853",371857,2025-10-26 12:15:31,43.3633270263672,-8.45969390869141,"Unknown"
"7014853",371857,2025-10-26 12:20:31,43.3632583618164,-8.45946407318115,"Unknown"
"7014853",371857,2025-10-26 12:25:31,43.3631629943848,-8.45914554595947,"Unknown"
"7014853",371857,2025-10-26 12:31:05,43.3632164001465,-8.45937442779541,"Unknown"
"7014853",371857,2025-10-26 12:35:35,43.3632888793945,-8.45928287506104,"Unknown"
"7014853",371857,2025-10-26 12:40:34,43.3632888793945,-8.45924854278564,"Unknown"
"7014853",371857,2025-10-26 12:45:38,43.363338470459,-8.45930480957031,"Unknown"
"7014853",371857,2025-10-26 12:50:31,43.3627662658691,-8.45949363708496,"Unknown"
"7014853",371857,2025-10-26 12:55:42,43.3402519226074,-8.4536771774292,"Unknown"
"7014853",371857,2025-10-26 13:00:32,43.3404884338379,-8.45354843139648,"Unknown"
"7014853",371857,2025-10-26 13:10:44,43.3409309387207,-8.4547004699707,"Unknown"
"7014853",371857,2025-10-26 13:21:06,43.3539581298828,-8.45802307128906,"Unknown"
"7014853",371857,2025-10-26 13:30:39,43.3540534973145,-8.45835113525391,"Unknown"
"7014853",371857,2025-10-26 13:40:30,43.354190826416,-8.45820331573486,"Unknown"
"7014853",371857,2025-10-26 13:45:33,43.3540153503418,-8.45826530456543,"Unknown"
"7014853",371857,2025-10-26 13:50:32,43.3542594909668,-8.45820045471191,"Unknown"
"7014853",371857,2025-10-26 13:55:35,43.3549613952637,-8.45793724060059,"Unknown"
"7014853",371857,2025-10-26 14:00:32,43.3556747436523,-8.45733547210693,"Unknown"
"7014853",371857,2025-10-26 14:06:05,43.3550491333008,-8.45783996582031,"Unknown"
"7014853",371857,2025-10-26 14:10:30,43.3545303344727,-8.45771598815918,"Unknown"
"7014853",371857,2025-10-26 14:15:31,43.3561325073242,-8.45711421966553,"Unknown"
"7014853",371857,2025-10-26 14:20:30,43.3563652038574,-8.45731735229492,"Unknown"
"7014853",371857,2025-10-26 14:25:31,43.3630905151367,-8.45884132385254,"Unknown"
"7014853",371857,2025-10-26 14:30:33,43.3628349304199,-8.45891284942627,"Unknown"
"7014853",371857,2025-10-26 14:35:31,43.3586654663086,-8.45404815673828,"Unknown"
"7014853",371857,2025-10-26 14:40:30,43.3631973266602,-8.45885372161865,"Unknown"
"7014853",371857,2025-10-26 14:46:06,43.3629837036133,-8.45885372161865,"Unknown"
"7014853",371857,2025-10-26 14:50:30,43.3630104064941,-8.45884323120117,"Unknown"
"7014853",371857,2025-10-26 14:55:31,43.3629455566406,-8.45883941650391,"Unknown"
"7014853",371857,2025-10-26 15:00:31,43.3630180358887,-8.45887660980225,"Unknown"
"7014853",371857,2025-10-26 15:05:33,43.3630218505859,-8.45883750915527,"Unknown"
"7014853",371857,2025-10-26 15:10:33,43.3630065917969,-8.45882797241211,"Unknown"
"7014853",371857,2025-10-26 15:15:33,43.3629608154297,-8.4588680267334,"Unknown"
"7014853",371857,2025-10-26 15:20:37,43.3630294799805,-8.45879650115967,"Unknown"
"7014853",371857,2025-10-26 15:26:05,43.3628845214844,-8.45883464813232,"Unknown"
"7014853",371857,2025-10-26 15:30:31,43.3629302978516,-8.45891571044922,"Unknown"
"7014853",371857,2025-10-26 15:35:33,43.363094329834,-8.45895862579346,"Unknown"
"7014853",371857,2025-10-26 15:40:33,43.3629531860352,-8.45893573760986,"Unknown"
"7014853",371857,2025-10-26 15:45:35,43.3628273010254,-8.45879936218262,"Unknown"
"7014853",371857,2025-10-26 15:50:44,43.3629837036133,-8.4589147567749,"Unknown"
"7014853",371857,2025-10-26 15:55:30,43.3631019592285,-8.45882606506348,"Unknown"
"7014853",371857,2025-10-26 16:00:30,43.3629493713379,-8.45882225036621,"Unknown"
"7014853",371857,2025-10-26 16:05:32,43.3631248474121,-8.45890617370605,"Unknown"
"7014853",371857,2025-10-26 16:10:36,43.3630981445312,-8.45891666412354,"Unknown"
"7014853",371857,2025-10-26 16:15:48,43.3629722595215,-8.45870780944824,"Unknown"
"7014853",371857,2025-10-26 16:20:41,43.3604278564453,-8.45761108398438,"Unknown"
"7014853",371857,2025-10-26 16:26:12,43.3627433776855,-8.45864868164062,"Unknown"
"7014853",371857,2025-10-26 16:30:38,43.3629264831543,-8.45877265930176,"Unknown"
"7014853",371857,2025-10-26 16:35:42,43.3631896972656,-8.45876312255859,"Unknown"
"7014853",371857,2025-10-26 16:40:39,43.3629837036133,-8.45859336853027,"Unknown"
"7014853",371857,2025-10-26 16:45:43,43.3630218505859,-8.45875644683838,"Unknown"
"7014853",371857,2025-10-26 16:50:52,43.3632049560547,-8.45889091491699,"Unknown"
"7014853",371857,2025-10-26 16:55:41,43.3630256652832,-8.45861721038818,"Unknown"
"7014853",371857,2025-10-26 17:00:33,43.3540916442871,-8.45829391479492,"Unknown"
"7014853",371857,2025-10-26 17:20:32,43.3558654785156,-8.45768260955811,"Unknown"
"7014853",371857,2025-10-26 17:30:31,43.369701385498,-8.45459365844727,"Unknown"
"7014853",371857,2025-10-26 17:40:36,43.3623199462891,-8.40344429016113,"Unknown"
"7014853",371857,2025-10-26 17:51:04,43.3594436645508,-8.40077114105225,"Unknown"
"7014853",371857,2025-10-26 18:00:35,43.3594284057617,-8.40075492858887,"Unknown"
"7014853",371857,2025-10-26 18:11:50,43.3594245910645,-8.40073680877686,"Unknown"
"7014853",371857,2025-10-26 23:12:29,43.3595733642578,-8.40089702606201,"Unknown"
"7014853",371857,2025-10-27 04:12:23,43.3595161437988,-8.40030384063721,"Unknown"
"7014853",371857,2025-10-27 07:07:35,43.3595581054688,-8.4017276763916,"Unknown"
"7014853",371857,2025-10-27 07:16:54,43.3594360351562,-8.40188503265381,"Unknown"
"7014853",371857,2025-10-27 07:27:27,43.3596000671387,-8.40172004699707,"Unknown"
"7014853",371857,2025-10-27 07:36:55,43.3595275878906,-8.40185260772705,"Unknown"
"7014853",371857,2025-10-27 07:46:55,43.3594665527344,-8.40179347991943,"Unknown"
"7014853",371857,2025-10-27 07:56:58,43.3595504760742,-8.40184211730957,"Unknown"
"7014853",371857,2025-10-27 08:06:53,43.3598327636719,-8.40142154693604,"Unknown"
"7014853",371857,2025-10-27 08:16:51,43.3595123291016,-8.40182018280029,"Unknown"
"7014853",371857,2025-10-27 08:26:54,43.3595581054688,-8.40186500549316,"Unknown"
"7014853",371857,2025-10-27 08:36:52,43.3595428466797,-8.40179347991943,"Unknown"
"7014853",371857,2025-10-27 08:46:52,43.3595848083496,-8.40175437927246,"Unknown"
"7014853",371857,2025-10-27 08:56:52,43.3599548339844,-8.4027624130249,"Unknown"
"7014853",371857,2025-10-27 09:06:51,43.3599510192871,-8.40270042419434,"Unknown"
"7014853",371857,2025-10-27 09:16:51,43.359977722168,-8.40285778045654,"Unknown"
"7014853",371857,2025-10-27 09:26:52,43.3600387573242,-8.40287303924561,"Unknown"
"7014853",371857,2025-10-27 09:36:51,43.3598976135254,-8.40294170379639,"Unknown"
"7014853",371857,2025-10-27 09:46:53,43.3601264953613,-8.40296363830566,"Unknown"
"7014853",371857,2025-10-27 09:56:53,43.3600769042969,-8.40292263031006,"Unknown"
"7014853",371857,2025-10-27 10:06:53,43.3601722717285,-8.40302753448486,"Unknown"
"7014853",371857,2025-10-27 10:16:52,43.3600807189941,-8.40283679962158,"Unknown"
"7014853",371857,2025-10-27 10:26:54,43.3599319458008,-8.40268707275391,"Unknown"
"7014853",371857,2025-10-27 10:37:01,43.360179901123,-8.40313148498535,"Unknown"
"7014853",371857,2025-10-27 10:41:55,43.3599548339844,-8.40281391143799,"Unknown"
"7014853",371857,2025-10-27 10:46:58,43.3601760864258,-8.4027853012085,"Unknown"
"7014853",371857,2025-10-27 10:56:54,43.359489440918,-8.40131568908691,"Unknown"
"7014853",371857,2025-10-27 11:01:58,43.359806060791,-8.40280151367188,"Unknown"
"7014853",371857,2025-10-27 11:07:00,43.3599967956543,-8.40270900726318,"Unknown"
"7014853",371857,2025-10-27 11:17:00,43.3599319458008,-8.40279293060303,"Unknown"
"7014853",371857,2025-10-27 11:22:00,43.359935760498,-8.40287303924561,"Unknown"
"7014853",371857,2025-10-27 11:27:00,43.3598861694336,-8.4030179977417,"Unknown"
"7014853",371857,2025-10-27 11:32:00,43.3598442077637,-8.40289306640625,"Unknown"
"7014853",371857,2025-10-27 11:41:58,43.3701820373535,-8.45688152313232,"Unknown"
"7014853",371857,2025-10-27 11:47:00,43.3572654724121,-8.46910190582275,"Unknown"
"7014853",371857,2025-10-27 11:56:55,43.3573455810547,-8.46907901763916,"Unknown"
"7014853",371857,2025-10-27 12:01:57,43.3573951721191,-8.46933937072754,"Unknown"
"7014853",371857,2025-10-27 12:06:57,43.3573379516602,-8.46895217895508,"Unknown"
"7014853",371857,2025-10-27 12:11:54,43.357292175293,-8.4586067199707,"Unknown"
"7014853",371857,2025-10-27 12:16:53,43.3567047119141,-8.4577693939209,"Unknown"
"7014853",371857,2025-10-27 12:21:56,43.3561706542969,-8.45728969573975,"Unknown"
"7014853",371857,2025-10-27 12:27:00,43.359790802002,-8.46035957336426,"Unknown"
"7014853",371857,2025-10-27 12:32:06,43.3597869873047,-8.46029663085938,"Unknown"
"7014853",371857,2025-10-27 12:37:14,43.3597259521484,-8.4602575302124,"Unknown"
"7014853",371857,2025-10-27 12:41:53,43.3578071594238,-8.45908546447754,"Unknown"
"7014853",371857,2025-10-27 12:46:58,43.3561553955078,-8.45798969268799,"Unknown"
"7014853",371857,2025-10-27 12:51:57,43.3560752868652,-8.45812606811523,"Unknown"
"7014853",371857,2025-10-27 12:56:54,43.3559951782227,-8.4583044052124,"Unknown"
"7014853",371857,2025-10-27 13:02:01,43.3561019897461,-8.45781230926514,"Unknown"
"7014853",371857,2025-10-27 13:11:54,43.3547058105469,-8.45810794830322,"Unknown"
"7014853",371857,2025-10-27 13:16:52,43.3527069091797,-8.45941257476807,"Unknown"
"7014853",371857,2025-10-27 13:21:54,43.3548622131348,-8.45785331726074,"Unknown"
"7014853",371857,2025-10-27 13:26:53,43.3540115356445,-8.45826053619385,"Unknown"
"7014853",371857,2025-10-27 13:31:54,43.3539772033691,-8.4583044052124,"Unknown"
"7014853",371857,2025-10-27 13:36:53,43.3539581298828,-8.45830249786377,"Unknown"
"7014853",371857,2025-10-27 13:41:58,43.353931427002,-8.45826721191406,"Unknown"
"7014853",371857,2025-10-27 13:46:52,43.3538932800293,-8.45830535888672,"Unknown"
"7014853",371857,2025-10-27 13:51:52,43.3538398742676,-8.45834827423096,"Unknown"
"7014853",371857,2025-10-27 13:56:52,43.3538246154785,-8.45827484130859,"Unknown"
"7014853",371857,2025-10-27 14:01:52,43.3538818359375,-8.45833015441895,"Unknown"
"7014853",371857,2025-10-27 14:06:52,43.3541259765625,-8.4581995010376,"Unknown"
"7014853",371857,2025-10-27 14:11:53,43.3541030883789,-8.45824527740479,"Unknown"
"7014853",371857,2025-10-27 14:16:52,43.3540687561035,-8.45835304260254,"Unknown"
"7014853",371857,2025-10-27 14:21:52,43.3540687561035,-8.45838356018066,"Unknown"
"7014853",371857,2025-10-27 14:26:53,43.3540534973145,-8.45816135406494,"Unknown"
"7014853",371857,2025-10-27 14:31:53,43.3540573120117,-8.45820236206055,"Unknown"
"7014853",371857,2025-10-27 14:36:53,43.3541030883789,-8.45833206176758,"Unknown"
"7014853",371857,2025-10-27 14:41:53,43.354061126709,-8.45831871032715,"Unknown"
"7014853",371857,2025-10-27 14:46:52,43.3539619445801,-8.458251953125,"Unknown"
"7014853",371857,2025-10-27 14:51:52,43.3539886474609,-8.45830059051514,"Unknown"
"7014853",371857,2025-10-27 14:56:52,43.3540306091309,-8.45828247070312,"Unknown"
"7014853",371857,2025-10-27 15:01:52,43.3540458679199,-8.45831108093262,"Unknown"
"7014853",371857,2025-10-27 15:06:52,43.3539733886719,-8.45846176147461,"Unknown"
"7014853",371857,2025-10-27 15:11:52,43.3541984558105,-8.45845890045166,"Unknown"
"7014853",371857,2025-10-27 15:16:53,43.3542823791504,-8.45827007293701,"Unknown"
"7014853",371857,2025-10-27 15:21:52,43.3544235229492,-8.4586353302002,"Unknown"
"7014853",371857,2025-10-27 15:28:08,43.3538093566895,-8.45875072479248,"Unknown"
"7014853",371857,2025-10-27 15:31:52,43.3408012390137,-8.45393562316895,"Unknown"
"7014853",371857,2025-10-27 15:36:52,43.340991973877,-8.45393085479736,"Unknown"
"7014853",371857,2025-10-27 15:41:54,43.3412399291992,-8.45435619354248,"Unknown"
"7014853",371857,2025-10-27 15:51:57,43.3416366577148,-8.45452308654785,"Unknown"
"7014853",371857,2025-10-27 16:01:52,43.3499412536621,-8.42763996124268,"Unknown"
"7014853",371857,2025-10-27 16:06:52,43.349983215332,-8.42751216888428,"Unknown"
"7014853",371857,2025-10-27 16:11:52,43.3500518798828,-8.42759132385254,"Unknown"
"7014853",371857,2025-10-27 16:16:54,43.3499641418457,-8.42756462097168,"Unknown"
"7014853",371857,2025-10-27 16:21:52,43.3499794006348,-8.42756843566895,"Unknown"
"7014853",371857,2025-10-27 16:26:52,43.3500328063965,-8.42748641967773,"Unknown"
"7014853",371857,2025-10-27 16:31:52,43.3500061035156,-8.42754173278809,"Unknown"
"7014853",371857,2025-10-27 16:36:52,43.3500175476074,-8.42757415771484,"Unknown"
"7014853",371857,2025-10-27 16:41:52,43.3500671386719,-8.42756652832031,"Unknown"
"7014853",371857,2025-10-27 16:46:52,43.3500099182129,-8.42757415771484,"Unknown"
"7014853",371857,2025-10-27 16:51:52,43.350040435791,-8.42755222320557,"Unknown"
"7014853",371857,2025-10-27 16:56:52,43.3501586914062,-8.42759132385254,"Unknown"
"7014853",371857,2025-10-27 17:01:52,43.3513526916504,-8.42398929595947,"Unknown"
"7014853",371857,2025-10-27 17:06:52,43.3594779968262,-8.40025997161865,"Unknown"
"7014853",371857,2025-10-27 17:11:53,43.3595314025879,-8.40034866333008,"Unknown"
"7014853",371857,2025-10-27 17:21:52,43.3594856262207,-8.40054130554199,"Unknown"
"7014853",371857,2025-10-27 17:26:52,43.3593940734863,-8.40047550201416,"Unknown"
"7014853",371857,2025-10-27 17:31:52,43.3594779968262,-8.40053367614746,"Unknown"
"7014853",371857,2025-10-27 17:36:52,43.3596000671387,-8.40061378479004,"Unknown"
"7014853",371857,2025-10-27 17:41:52,43.3595428466797,-8.40056324005127,"Unknown"
"7014853",371857,2025-10-27 17:46:52,43.359546661377,-8.40067005157471,"Unknown"
"7014853",371857,2025-10-27 17:51:52,43.3594932556152,-8.40059947967529,"Unknown"
"7014853",371857,2025-10-27 17:56:52,43.3595848083496,-8.4007453918457,"Unknown"
"7014853",371857,2025-10-27 18:01:53,43.3595809936523,-8.40077114105225,"Unknown"
"7014853",371857,2025-10-27 18:06:52,43.3595428466797,-8.40074157714844,"Unknown"
"7014853",371857,2025-10-27 18:10:33,43.359619140625,-8.40080547332764,"Unknown"
"7014853",371857,2025-10-27 23:10:35,43.3595695495605,-8.40215587615967,"Unknown"
"7014853",371857,2025-10-28 04:10:40,43.3597717285156,-8.40269565582275,"Unknown"
"7014853",371857,2025-10-28 07:08:09,43.3595848083496,-8.40190505981445,"Unknown"
"7014853",371857,2025-10-28 07:18:08,43.3594169616699,-8.40185737609863,"Unknown"
"7014853",371857,2025-10-28 07:28:08,43.3598136901855,-8.40136432647705,"Unknown"
"7014853",371857,2025-10-28 07:38:07,43.3594932556152,-8.40169525146484,"Unknown"
"7014853",371857,2025-10-28 07:48:10,43.3594436645508,-8.40174293518066,"Unknown"
"7014853",371857,2025-10-28 07:53:08,43.359489440918,-8.40174674987793,"Unknown"
"7014853",371857,2025-10-28 07:58:07,43.3594245910645,-8.40183639526367,"Unknown"
"7014853",371857,2025-10-28 08:08:08,43.3601226806641,-8.40267658233643,"Unknown"
"7014853",371857,2025-10-28 08:18:11,43.3601036071777,-8.4026346206665,"Unknown"
"7014853",371857,2025-10-28 08:23:22,43.3597450256348,-8.4019947052002,"Unknown"
"7014853",371857,2025-10-28 08:33:23,43.3598251342773,-8.40168857574463,"Unknown"
"7014853",371857,2025-10-28 08:38:23,43.3596229553223,-8.40079975128174,"Unknown"
"7014853",371857,2025-10-28 08:48:22,43.3596115112305,-8.40082454681396,"Unknown"
"7014853",371857,2025-10-28 08:53:19,43.3595771789551,-8.40085887908936,"Unknown"
"7014853",371857,2025-10-28 08:58:23,43.3595275878906,-8.40072441101074,"Unknown"
"7014853",371857,2025-10-28 09:03:22,43.3594932556152,-8.40084838867188,"Unknown"
"7014853",371857,2025-10-28 09:08:22,43.3595314025879,-8.400803565979,"Unknown"
"7014853",371857,2025-10-28 09:13:23,43.3594665527344,-8.40090274810791,"Unknown"
"7014853",371857,2025-10-28 09:18:23,43.3595237731934,-8.40084362030029,"Unknown"
"7014853",371857,2025-10-28 09:23:30,43.3597679138184,-8.40049648284912,"Unknown"
"7014853",371857,2025-10-28 09:28:23,43.3595848083496,-8.40074157714844,"Unknown"
"7014853",371857,2025-10-28 09:33:22,43.3597183227539,-8.40106296539307,"Unknown"
"7014853",371857,2025-10-28 09:38:21,43.3595733642578,-8.40090560913086,"Unknown"
"7014853",371857,2025-10-28 09:43:22,43.3596801757812,-8.4011116027832,"Unknown"
"7014853",371857,2025-10-28 09:48:21,43.3598556518555,-8.40162372589111,"Unknown"
"7014853",371857,2025-10-28 09:53:22,43.3599510192871,-8.40272521972656,"Unknown"
"7014853",371857,2025-10-28 09:58:21,43.3597679138184,-8.40211296081543,"Unknown"
"7014853",371857,2025-10-28 10:03:25,43.3596496582031,-8.40189361572266,"Unknown"
"7014853",371857,2025-10-28 10:08:23,43.3601150512695,-8.40279960632324,"Unknown"
"7014853",371857,2025-10-28 10:13:25,43.3600883483887,-8.4028377532959,"Unknown"
"7014853",371857,2025-10-28 10:23:44,43.3594856262207,-8.40202045440674,"Unknown"
"7014853",371857,2025-10-28 10:28:23,43.3596992492676,-8.40225028991699,"Unknown"
"7014853",371857,2025-10-28 10:33:20,43.3563385009766,-8.4116153717041,"Unknown"
"7014853",371857,2025-10-28 10:38:20,43.352970123291,-8.41619205474854,"Unknown"
"7014853",371857,2025-10-28 10:43:19,43.3531532287598,-8.41749000549316,"Unknown"
"7014853",371857,2025-10-28 10:48:20,43.3532371520996,-8.41769504547119,"Unknown"
"7014853",371857,2025-10-28 10:53:20,43.3532028198242,-8.41769695281982,"Unknown"
"7014853",371857,2025-10-28 10:58:24,43.3531494140625,-8.4174690246582,"Unknown"
"7014853",371857,2025-10-28 11:03:20,43.353084564209,-8.41703033447266,"Unknown"
"7014853",371857,2025-10-28 11:08:21,43.3531951904297,-8.41732692718506,"Unknown"
"7014853",371857,2025-10-28 11:13:21,43.3530540466309,-8.41730499267578,"Unknown"
"7014853",371857,2025-10-28 11:18:44,43.3531074523926,-8.41742992401123,"Unknown"
"7014853",371857,2025-10-28 11:23:17,43.3530883789062,-8.41742134094238,"Unknown"
"7014853",371857,2025-10-28 11:28:18,43.3530693054199,-8.41745185852051,"Unknown"
"7014853",371857,2025-10-28 11:33:18,43.3531341552734,-8.41736125946045,"Unknown"
"7014853",371857,2025-10-28 11:38:18,43.3525238037109,-8.41761207580566,"Unknown"
"7014853",371857,2025-10-28 11:43:18,43.3562965393066,-8.45235443115234,"Unknown"
"7014853",371857,2025-10-28 11:48:30,43.3566436767578,-8.4577522277832,"Unknown"
"7014853",371857,2025-10-28 11:58:49,43.3539810180664,-8.45805549621582,"Unknown"
"7014853",371857,2025-10-28 12:03:18,43.3519477844238,-8.45450782775879,"Unknown"
"7014853",371857,2025-10-28 12:08:19,43.3404350280762,-8.45453548431396,"Unknown"
"7014853",371857,2025-10-28 12:13:18,43.3403434753418,-8.45476055145264,"Unknown"
"7014853",371857,2025-10-28 12:23:19,43.3404083251953,-8.45518398284912,"Unknown"
"7014853",371857,2025-10-28 12:33:19,43.3563423156738,-8.45800018310547,"Unknown"
"7014853",371857,2025-10-28 12:43:18,43.3564529418945,-8.4581127166748,"Unknown"
"7014853",371857,2025-10-28 12:53:18,43.3565216064453,-8.45818710327148,"Unknown"
"7014853",371857,2025-10-28 13:03:18,43.3560905456543,-8.45820426940918,"Unknown"
"7014853",371857,2025-10-28 13:08:20,43.3561935424805,-8.45821666717529,"Unknown"
"7014853",371857,2025-10-28 13:18:19,43.3562469482422,-8.457932472229,"Unknown"
"7014853",371857,2025-10-28 13:28:18,43.3563423156738,-8.45779323577881,"Unknown"
"7014853",371857,2025-10-28 13:38:19,43.3562965393066,-8.45834064483643,"Unknown"
"7014853",371857,2025-10-28 13:48:21,43.3562660217285,-8.45835971832275,"Unknown"
"7014853",371857,2025-10-28 13:58:19,43.3563613891602,-8.45777225494385,"Unknown"
"7014853",371857,2025-10-28 14:03:20,43.3564834594727,-8.45703887939453,"Unknown"
"7014853",371857,2025-10-28 14:13:23,43.3563079833984,-8.45816421508789,"Unknown"
"7014853",371857,2025-10-28 14:23:23,43.3562965393066,-8.45785140991211,"Unknown"
"7014853",371857,2025-10-28 14:33:21,43.3562660217285,-8.45797061920166,"Unknown"
"7014853",371857,2025-10-28 14:43:21,43.3561859130859,-8.45812225341797,"Unknown"
"7014853",371857,2025-10-28 14:53:21,43.3546257019043,-8.45785617828369,"Unknown"
"7014853",371857,2025-10-28 15:13:53,43.3541374206543,-8.45852565765381,"Unknown"
"7014853",371857,2025-10-28 15:33:32,43.3405494689941,-8.45345497131348,"Unknown"
"7014853",371857,2025-10-28 15:43:32,43.340446472168,-8.45298480987549,"Unknown"
"7014853",371857,2025-10-28 15:53:19,43.3488578796387,-8.43576431274414,"Unknown"
"7014853",371857,2025-10-28 16:03:28,43.3594093322754,-8.4027853012085,"Unknown"
"7014853",371857,2025-10-28 16:13:44,43.3601226806641,-8.40269088745117,"Unknown"
"7014853",371857,2025-10-28 16:23:23,43.3591651916504,-8.40210628509521,"Unknown"
"7014853",371857,2025-10-28 16:33:22,43.3597259521484,-8.40227699279785,"Unknown"
"7014853",371857,2025-10-28 16:43:21,43.3602066040039,-8.40249061584473,"Unknown"
"7014853",371857,2025-10-28 16:53:25,43.3594818115234,-8.40126800537109,"Unknown"
"7014853",371857,2025-10-28 17:03:24,43.3593826293945,-8.40176200866699,"Unknown"
"7014853",371857,2025-10-28 17:13:42,43.359489440918,-8.40163040161133,"Unknown"
"7014853",371857,2025-10-28 17:23:33,43.3601951599121,-8.40175819396973,"Unknown"
"7014853",371857,2025-10-28 17:33:24,43.3596115112305,-8.40158367156982,"Unknown"
"7014853",371857,2025-10-28 17:43:20,43.3594131469727,-8.40153312683105,"Unknown"
"7014853",371857,2025-10-28 17:53:20,43.3594856262207,-8.40130615234375,"Unknown"
"7014853",371857,2025-10-28 18:03:53,43.359561920166,-8.40148544311523,"Unknown"
"7014853",371857,2025-10-28 18:08:36,43.3596343994141,-8.40143489837646,"Unknown"
"7014853",371857,2025-10-28 23:09:05,43.3602409362793,-8.40272521972656,"Unknown"
"7014853",371857,2025-10-29 04:09:05,43.3606643676758,-8.40305423736572,"Unknown"
"7014853",371857,2025-10-29 07:09:25,43.3609237670898,-8.40256977081299,"Unknown"
"7014853",371857,2025-10-29 07:19:25,43.3519439697266,-8.4022912979126,"Unknown"
"7014853",371857,2025-10-29 07:29:36,43.3519477844238,-8.4025707244873,"Unknown"
"7014853",371857,2025-10-29 07:39:36,43.3495903015137,-8.40163707733154,"Unknown"
"7014853",371857,2025-10-29 07:49:25,43.3500137329102,-8.40131759643555,"Unknown"
"7014853",371857,2025-10-29 07:59:36,43.3504257202148,-8.40153312683105,"Unknown"
"7014853",371857,2025-10-29 08:09:41,43.3535003662109,-8.40495586395264,"Unknown"
"7014853",371857,2025-10-29 08:19:25,43.3532295227051,-8.40805244445801,"Unknown"
"7014853",371857,2025-10-29 08:29:24,43.3498764038086,-8.42737865447998,"Unknown"
"7014853",371857,2025-10-29 08:39:25,43.3499794006348,-8.42765617370605,"Unknown"
"7014853",371857,2025-10-29 08:49:29,43.3502044677734,-8.42758178710938,"Unknown"
"7014853",371857,2025-10-29 08:59:33,43.3500823974609,-8.42779731750488,"Unknown"
"7014853",371857,2025-10-29 09:09:26,43.350154876709,-8.42776870727539,"Unknown"
"7014853",371857,2025-10-29 09:19:29,43.3499031066895,-8.42776489257812,"Unknown"
"7014853",371857,2025-10-29 09:29:26,43.3499946594238,-8.42773151397705,"Unknown"
"7014853",371857,2025-10-29 09:39:29,43.3503379821777,-8.42822074890137,"Unknown"
"7014853",371857,2025-10-29 09:49:37,43.3600692749023,-8.40274620056152,"Unknown"
"7014853",371857,2025-10-29 09:59:36,43.3601341247559,-8.40277576446533,"Unknown"
"7014853",371857,2025-10-29 10:09:44,43.3604049682617,-8.40243339538574,"Unknown"
"7014853",371857,2025-10-29 10:19:24,43.360237121582,-8.40260601043701,"Unknown"
"7014853",371857,2025-10-29 10:29:36,43.3601036071777,-8.40231704711914,"Unknown"
"7014853",371857,2025-10-29 10:39:44,43.3600959777832,-8.40243816375732,"Unknown"
"7014853",371857,2025-10-29 10:49:40,43.3599052429199,-8.40236759185791,"Unknown"
"7014853",371857,2025-10-29 10:59:36,43.3692665100098,-8.41542339324951,"Unknown"
"7014853",371857,2025-10-29 11:09:31,43.3692626953125,-8.41540908813477,"Unknown"
"7014853",371857,2025-10-29 11:19:33,43.3692817687988,-8.41554737091064,"Unknown"
"7014853",371857,2025-10-29 11:29:29,43.369441986084,-8.4154167175293,"Unknown"
"7014853",371857,2025-10-29 11:39:27,43.3694801330566,-8.41533946990967,"Unknown"
"7014853",371857,2025-10-29 11:49:38,43.3691825866699,-8.41572380065918,"Unknown"
"7014853",371857,2025-10-29 11:59:39,43.3691558837891,-8.41579818725586,"Unknown"
"7014853",371857,2025-10-29 12:09:36,43.3691024780273,-8.41575050354004,"Unknown"
"7014853",371857,2025-10-29 12:19:40,43.3691215515137,-8.41563129425049,"Unknown"
"7014853",371857,2025-10-29 12:29:25,43.369213104248,-8.41568279266357,"Unknown"
"7014853",371857,2025-10-29 12:39:36,43.3692283630371,-8.41567707061768,"Unknown"
"7014853",371857,2025-10-29 12:49:29,43.3691711425781,-8.41558647155762,"Unknown"
"7014853",371857,2025-10-29 12:59:28,43.3692436218262,-8.41553211212158,"Unknown"
"7014853",371857,2025-10-29 13:09:59,43.3692817687988,-8.41561794281006,"Unknown"
"7014853",371857,2025-10-29 13:19:24,43.3693084716797,-8.41563987731934,"Unknown"
"7014853",371857,2025-10-29 13:29:24,43.3692321777344,-8.41565608978271,"Unknown"
"7014853",371857,2025-10-29 13:39:24,43.3692207336426,-8.41560077667236,"Unknown"
"7014853",371857,2025-10-29 13:49:25,43.3692817687988,-8.41554737091064,"Unknown"
"7014853",371857,2025-10-29 13:59:24,43.3692741394043,-8.41556835174561,"Unknown"
"7014853",371857,2025-10-29 14:09:24,43.3692855834961,-8.41561412811279,"Unknown"
"7014853",371857,2025-10-29 14:19:24,43.369270324707,-8.41557025909424,"Unknown"
"7014853",371857,2025-10-29 14:29:24,43.3692321777344,-8.41560363769531,"Unknown"
"7014853",371857,2025-10-29 14:39:23,43.3692245483398,-8.4156494140625,"Unknown"
"7014853",371857,2025-10-29 14:49:24,43.3692207336426,-8.41561317443848,"Unknown"
"7014853",371857,2025-10-29 14:59:24,43.3692741394043,-8.41564559936523,"Unknown"
"7014853",371857,2025-10-29 15:09:24,43.3779258728027,-8.41989135742188,"Unknown"
"7014853",371857,2025-10-29 15:19:25,43.3682327270508,-8.40621948242188,"Unknown"
"7014853",371857,2025-10-29 15:29:25,43.3682098388672,-8.40625,"Unknown"
"7014853",371857,2025-10-29 15:39:25,43.3682136535645,-8.40633487701416,"Unknown"
"7014853",371857,2025-10-29 15:49:44,43.3683242797852,-8.40640640258789,"Unknown"
"7014853",371857,2025-10-29 15:59:24,43.3683547973633,-8.40684604644775,"Unknown"
"7014853",371857,2025-10-29 16:09:27,43.3596267700195,-8.40096759796143,"Unknown"
"7014853",371857,2025-10-29 16:19:27,43.3596649169922,-8.40086936950684,"Unknown"
"7014853",371857,2025-10-29 16:29:24,43.3597984313965,-8.40085506439209,"Unknown"
"7014853",371857,2025-10-29 16:39:25,43.3596878051758,-8.40076065063477,"Unknown"
"7014853",371857,2025-10-29 16:49:27,43.359733581543,-8.40062713623047,"Unknown"
"7014853",371857,2025-10-29 16:59:26,43.359748840332,-8.40060806274414,"Unknown"
"7014853",371857,2025-10-29 17:09:26,43.3597526550293,-8.40054225921631,"Unknown"
"7014853",371857,2025-10-29 17:19:26,43.3597679138184,-8.40045738220215,"Unknown"
"7014853",371857,2025-10-29 17:29:26,43.3596115112305,-8.40085697174072,"Unknown"
"7014853",371857,2025-10-29 17:39:26,43.3597679138184,-8.40080165863037,"Unknown"
"7014853",371857,2025-10-29 17:49:26,43.3597793579102,-8.40075492858887,"Unknown"
"7014853",371857,2025-10-29 17:59:30,43.3598976135254,-8.4006175994873,"Unknown"
"7014853",371857,2025-10-29 18:07:46,43.3596992492676,-8.40046882629395,"Unknown"
"7014853",371857,2025-10-29 23:08:14,43.3596992492676,-8.40162658691406,"Unknown"
"7014853",371857,2025-10-30 04:07:46,43.3596801757812,-8.40289211273193,"Unknown"
"7014853",371857,2025-10-30 07:10:53,43.3600807189941,-8.40120697021484,"Unknown"
"7014853",371857,2025-10-30 07:20:48,43.3599624633789,-8.40110397338867,"Unknown"
"7014853",371857,2025-10-30 07:30:48,43.3598861694336,-8.40099334716797,"Unknown"
"7014853",371857,2025-10-30 07:41:10,43.3600082397461,-8.40100193023682,"Unknown"
"7014853",371857,2025-10-30 07:50:46,43.3597412109375,-8.40194511413574,"Unknown"
"7014853",371857,2025-10-30 08:00:48,43.3609809875488,-8.40099048614502,"Unknown"
"7014853",371857,2025-10-30 08:10:48,43.3597183227539,-8.40180015563965,"Unknown"
"7014853",371857,2025-10-30 08:21:29,43.3596229553223,-8.40179252624512,"Unknown"
"7014853",371857,2025-10-30 08:30:41,43.3520355224609,-8.40954113006592,"Unknown"
"7014853",371857,2025-10-30 08:40:45,43.3547554016113,-8.42823219299316,"Unknown"
"7014853",371857,2025-10-30 08:51:05,43.3553009033203,-8.4569263458252,"Unknown"
"7014853",371857,2025-10-30 09:00:46,43.3725318908691,-8.45020008087158,"Unknown"
"7014853",371857,2025-10-30 09:10:43,43.3725318908691,-8.45015239715576,"Unknown"
"7014853",371857,2025-10-30 09:20:45,43.3726081848145,-8.45017242431641,"Unknown"
"7014853",371857,2025-10-30 09:30:47,43.3724479675293,-8.45011806488037,"Unknown"
"7014853",371857,2025-10-30 09:40:49,43.3724174499512,-8.45004558563232,"Unknown"
"7014853",371857,2025-10-30 09:50:56,43.3724899291992,-8.45022583007812,"Unknown"
"7014853",371857,2025-10-30 10:01:05,43.3725357055664,-8.45032501220703,"Unknown"
"7014853",371857,2025-10-30 10:10:41,43.3726921081543,-8.45056438446045,"Unknown"
"7014853",371857,2025-10-30 10:20:46,43.37255859375,-8.45035171508789,"Unknown"
"7014853",371857,2025-10-30 10:30:43,43.3724708557129,-8.45034503936768,"Unknown"
"7014853",371857,2025-10-30 10:40:40,43.3673934936523,-8.48275852203369,"Unknown"
"7014853",371857,2025-10-30 10:50:45,43.3782768249512,-8.48332500457764,"Unknown"
"7014853",371857,2025-10-30 11:00:45,43.3775444030762,-8.48756885528564,"Unknown"
"7014853",371857,2025-10-30 11:10:43,43.3640937805176,-8.46376037597656,"Unknown"
"7014853",371857,2025-10-30 11:20:46,43.3639945983887,-8.46495151519775,"Unknown"
"7014853",371857,2025-10-30 11:30:47,43.3639717102051,-8.46464824676514,"Unknown"
"7014853",371857,2025-10-30 11:41:05,43.3638801574707,-8.46407604217529,"Unknown"
"7014853",371857,2025-10-30 11:50:43,43.3637542724609,-8.46344470977783,"Unknown"
"7014853",371857,2025-10-30 12:00:39,43.3629951477051,-8.45858192443848,"Unknown"
"7014853",371857,2025-10-30 12:10:42,43.3544273376465,-8.45846366882324,"Unknown"
"7014853",371857,2025-10-30 12:20:49,43.3560562133789,-8.45741558074951,"Unknown"
"7014853",371857,2025-10-30 12:30:47,43.3564186096191,-8.45718479156494,"Unknown"
"7014853",371857,2025-10-30 12:40:45,43.3713035583496,-8.45715045928955,"Unknown"
"7014853",371857,2025-10-30 12:51:14,43.3713340759277,-8.4516716003418,"Unknown"
"7014853",371857,2025-10-30 13:00:48,43.3713455200195,-8.45183849334717,"Unknown"
"7014853",371857,2025-10-30 13:10:49,43.3713531494141,-8.45180034637451,"Unknown"
"7014853",371857,2025-10-30 13:20:48,43.3711853027344,-8.45164394378662,"Unknown"
"7014853",371857,2025-10-30 13:30:49,43.3712387084961,-8.45162868499756,"Unknown"
"7014853",371857,2025-10-30 13:35:49,43.3711433410645,-8.45234203338623,"Unknown"
"7014853",371857,2025-10-30 13:40:48,43.3712730407715,-8.45192813873291,"Unknown"
"7014853",371857,2025-10-30 13:46:05,43.3713226318359,-8.45181846618652,"Unknown"
"7014853",371857,2025-10-30 13:50:39,43.3713455200195,-8.4518346786499,"Unknown"
"7014853",371857,2025-10-30 13:55:39,43.3713607788086,-8.45180130004883,"Unknown"
"7014853",371857,2025-10-30 14:05:40,43.3713226318359,-8.4518575668335,"Unknown"
"7014853",371857,2025-10-30 14:10:40,43.3713798522949,-8.45188522338867,"Unknown"
"7014853",371857,2025-10-30 14:15:39,43.3713684082031,-8.45182514190674,"Unknown"
"7014853",371857,2025-10-30 14:20:42,43.3713150024414,-8.45183372497559,"Unknown"
"7014853",371857,2025-10-30 14:26:05,43.3713417053223,-8.45186710357666,"Unknown"
"7014853",371857,2025-10-30 14:30:39,43.371395111084,-8.45194721221924,"Unknown"
"7014853",371857,2025-10-30 14:35:39,43.3713264465332,-8.45187950134277,"Unknown"
"7014853",371857,2025-10-30 14:40:39,43.3713645935059,-8.45179462432861,"Unknown"
"7014853",371857,2025-10-30 14:45:39,43.3713531494141,-8.45182800292969,"Unknown"
"7014853",371857,2025-10-30 14:50:40,43.3713836669922,-8.45189571380615,"Unknown"
"7014853",371857,2025-10-30 14:55:39,43.3713493347168,-8.45175170898438,"Unknown"
"7014853",371857,2025-10-30 15:00:39,43.3818778991699,-8.44744873046875,"Unknown"
"7014853",371857,2025-10-30 15:05:39,43.3804893493652,-8.4416561126709,"Unknown"
"7014853",371857,2025-10-30 15:10:46,43.3805313110352,-8.44167900085449,"Unknown"
"7014853",371857,2025-10-30 15:15:40,43.3804931640625,-8.44177913665771,"Unknown"
"7014853",371857,2025-10-30 15:20:40,43.3805313110352,-8.44184398651123,"Unknown"
"7014853",371857,2025-10-30 15:25:48,43.3805732727051,-8.44186782836914,"Unknown"
"7014853",371857,2025-10-30 15:30:41,43.3806495666504,-8.44178867340088,"Unknown"
"7014853",371857,2025-10-30 15:35:43,43.3805313110352,-8.44178104400635,"Unknown"
"7014853",371857,2025-10-30 15:41:13,43.3805122375488,-8.441819190979,"Unknown"
"7014853",371857,2025-10-30 15:45:40,43.3806610107422,-8.44198322296143,"Unknown"
"7014853",371857,2025-10-30 15:50:42,43.3810882568359,-8.44189262390137,"Unknown"
"7014853",371857,2025-10-30 15:55:41,43.3766326904297,-8.41959857940674,"Unknown"
"7014853",371857,2025-10-30 16:00:42,43.3623466491699,-8.40384483337402,"Unknown"
"7014853",371857,2025-10-30 16:05:47,43.3629684448242,-8.40217113494873,"Unknown"
"7014853",371857,2025-10-30 16:10:48,43.3606300354004,-8.40289878845215,"Unknown"
"7014853",371857,2025-10-30 16:16:05,43.360782623291,-8.40296268463135,"Unknown"
"7014853",371857,2025-10-30 16:20:40,43.361026763916,-8.40277671813965,"Unknown"
"7014853",371857,2025-10-30 16:25:39,43.3607406616211,-8.4028491973877,"Unknown"
"7014853",371857,2025-10-30 16:30:47,43.3606719970703,-8.40279388427734,"Unknown"
"7014853",371857,2025-10-30 16:35:39,43.360782623291,-8.40290546417236,"Unknown"
"7014853",371857,2025-10-30 16:40:43,43.3605842590332,-8.40297412872314,"Unknown"
"7014853",371857,2025-10-30 16:45:40,43.3608818054199,-8.40265560150146,"Unknown"
"7014853",371857,2025-10-30 16:50:41,43.3608436584473,-8.40273189544678,"Unknown"
"7014853",371857,2025-10-30 16:55:40,43.3608093261719,-8.40277099609375,"Unknown"
"7014853",371857,2025-10-30 17:00:39,43.3598861694336,-8.40163040161133,"Unknown"
"7014853",371857,2025-10-30 17:05:53,43.3596572875977,-8.40105247497559,"Unknown"
"7014853",371857,2025-10-30 17:10:48,43.3595733642578,-8.40091609954834,"Unknown"
"7014853",371857,2025-10-30 17:20:43,43.3602256774902,-8.40240287780762,"Unknown"
"7014853",371857,2025-10-30 17:25:41,43.3602523803711,-8.40237236022949,"Unknown"
"7014853",371857,2025-10-30 17:30:46,43.3602600097656,-8.40233898162842,"Unknown"
"7014853",371857,2025-10-30 17:40:41,43.3602676391602,-8.4023494720459,"Unknown"
"7014853",371857,2025-10-30 17:50:40,43.3603363037109,-8.40225696563721,"Unknown"
"7014853",371857,2025-10-30 18:01:06,43.360164642334,-8.40259838104248,"Unknown"
"7014853",371857,2025-10-30 18:06:08,43.3600997924805,-8.40244579315186,"Unknown"
"7014853",371857,2025-10-30 23:06:35,43.3600387573242,-8.40258979797363,"Unknown"
"7014853",371857,2025-10-31 04:06:35,43.3600158691406,-8.40270233154297,"Unknown"
"7014853",371857,2025-10-31 07:12:30,43.3510246276855,-8.40272426605225,"Unknown"
"7014853",371857,2025-10-31 07:22:15,43.3511123657227,-8.40306282043457,"Unknown"
"7014853",371857,2025-10-31 07:32:03,43.348690032959,-8.4066743850708,"Unknown"
"7014853",371857,2025-10-31 07:42:09,43.3482437133789,-8.40579414367676,"Unknown"
"7014853",371857,2025-10-31 07:53:15,43.3497123718262,-8.40842819213867,"Unknown"
"7014853",371857,2025-10-31 08:02:14,43.3501663208008,-8.42796611785889,"Unknown"
"7014853",371857,2025-10-31 08:11:58,43.3500061035156,-8.42804431915283,"Unknown"
"7014853",371857,2025-10-31 08:22:03,43.3499641418457,-8.42796611785889,"Unknown"
"7014853",371857,2025-10-31 08:32:03,43.3500366210938,-8.42789554595947,"Unknown"
"7014853",371857,2025-10-31 08:42:08,43.3501358032227,-8.42789173126221,"Unknown"
"7014853",371857,2025-10-31 08:52:29,43.3501052856445,-8.42791366577148,"Unknown"
"7014853",371857,2025-10-31 09:02:14,43.3594818115234,-8.40131950378418,"Unknown"
"7014853",371857,2025-10-31 09:12:29,43.3592796325684,-8.40133571624756,"Unknown"
"7014853",371857,2025-10-31 09:22:14,43.3595275878906,-8.40135478973389,"Unknown"
"7014853",371857,2025-10-31 09:31:58,43.3597145080566,-8.40162372589111,"Unknown"
"7014853",371857,2025-10-31 09:42:00,43.3595886230469,-8.4014720916748,"Unknown"
"7014853",371857,2025-10-31 09:51:58,43.3596572875977,-8.40186977386475,"Unknown"
"7014853",371857,2025-10-31 10:01:58,43.3593597412109,-8.40196800231934,"Unknown"
"7014853",371857,2025-10-31 10:12:01,43.360221862793,-8.40251064300537,"Unknown"
"7014853",371857,2025-10-31 10:22:01,43.3601303100586,-8.40259265899658,"Unknown"
"7014853",371857,2025-10-31 10:32:03,43.3601570129395,-8.40254497528076,"Unknown"
"7014853",371857,2025-10-31 10:41:59,43.3599548339844,-8.40276527404785,"Unknown"
"7014853",371857,2025-10-31 10:51:58,43.3599433898926,-8.40279769897461,"Unknown"
"7014853",371857,2025-10-31 10:56:58,43.3599624633789,-8.40272998809814,"Unknown"
"7014853",371857,2025-10-31 11:06:58,43.3600196838379,-8.40274524688721,"Unknown"
"7014853",371857,2025-10-31 11:11:59,43.3553161621094,-8.4020938873291,"Unknown"
"7014853",371857,2025-10-31 11:21:58,43.3472785949707,-8.44704914093018,"Unknown"
"7014853",371857,2025-10-31 11:31:58,43.3625030517578,-8.45729351043701,"Unknown"
"7014853",371857,2025-10-31 11:36:58,43.3559265136719,-8.45807456970215,"Unknown"
"7014853",371857,2025-10-31 11:46:59,43.3566131591797,-8.45807456970215,"Unknown"
"7014853",371857,2025-10-31 11:52:01,43.3564376831055,-8.45822143554688,"Unknown"
"7014853",371857,2025-10-31 11:57:01,43.3563575744629,-8.45818424224854,"Unknown"
"7014853",371857,2025-10-31 12:02:14,43.3565979003906,-8.45799922943115,"Unknown"
"7014853",371857,2025-10-31 12:06:58,43.3565216064453,-8.45811748504639,"Unknown"
"7014853",371857,2025-10-31 12:11:58,43.3565559387207,-8.45738506317139,"Unknown"
"7014853",371857,2025-10-31 12:17:03,43.3564071655273,-8.45731449127197,"Unknown"
"7014853",371857,2025-10-31 12:21:59,43.3565521240234,-8.45746231079102,"Unknown"
"7014853",371857,2025-10-31 12:27:13,43.3566360473633,-8.45635032653809,"Unknown"
"7014853",371857,2025-10-31 12:32:14,43.356575012207,-8.45761871337891,"Unknown"
"7014853",371857,2025-10-31 12:37:26,43.357292175293,-8.45735168457031,"Unknown"
"7014853",371857,2025-10-31 12:42:29,43.3569374084473,-8.45748615264893,"Unknown"
"7014853",371857,2025-10-31 12:53:04,43.3555068969727,-8.45735549926758,"Unknown"
"7014853",371857,2025-10-31 13:02:03,43.370491027832,-8.45764255523682,"Unknown"
"7014853",371857,2025-10-31 13:12:03,43.3705558776855,-8.45760631561279,"Unknown"
"7014853",371857,2025-10-31 13:21:58,43.370304107666,-8.45773887634277,"Unknown"
"7014853",371857,2025-10-31 13:31:59,43.3703002929688,-8.45778751373291,"Unknown"
"7014853",371857,2025-10-31 13:42:00,43.3703994750977,-8.45770645141602,"Unknown"
"7014853",371857,2025-10-31 13:51:58,43.370433807373,-8.45779800415039,"Unknown"
"7014853",371857,2025-10-31 14:02:12,43.370475769043,-8.45802974700928,"Unknown"
"7014853",371857,2025-10-31 14:07:00,43.3704719543457,-8.45787525177002,"Unknown"
"7014853",371857,2025-10-31 14:12:15,43.3704948425293,-8.45813655853271,"Unknown"
"7014853",371857,2025-10-31 14:17:01,43.3704643249512,-8.4579381942749,"Unknown"
"7014853",371857,2025-10-31 14:22:03,43.3704986572266,-8.45808601379395,"Unknown"
"7014853",371857,2025-10-31 14:27:01,43.3704872131348,-8.45796298980713,"Unknown"
"7014853",371857,2025-10-31 14:32:00,43.3705062866211,-8.45803833007812,"Unknown"
"7014853",371857,2025-10-31 14:37:14,43.3704223632812,-8.457932472229,"Unknown"
"7014853",371857,2025-10-31 14:41:58,43.3694496154785,-8.45947647094727,"Unknown"
"7014853",371857,2025-10-31 14:46:58,43.3694725036621,-8.45917892456055,"Unknown"
"7014853",371857,2025-10-31 14:51:59,43.3695411682129,-8.45934867858887,"Unknown"
"7014853",371857,2025-10-31 14:56:58,43.3694381713867,-8.45920562744141,"Unknown"
"7014853",371857,2025-10-31 15:01:57,43.3694686889648,-8.45917797088623,"Unknown"
"7014853",371857,2025-10-31 15:06:57,43.3694152832031,-8.45930576324463,"Unknown"
"7014853",371857,2025-10-31 15:12:00,43.3694038391113,-8.45945358276367,"Unknown"
"7014853",371857,2025-10-31 15:22:07,43.369384765625,-8.45947933197021,"Unknown"
"7014853",371857,2025-10-31 15:27:06,43.3695030212402,-8.45950222015381,"Unknown"
"7014853",371857,2025-10-31 15:32:09,43.369441986084,-8.45971584320068,"Unknown"
"7014853",371857,2025-10-31 15:42:15,43.3694686889648,-8.45955181121826,"Unknown"
"7014853",371857,2025-10-31 15:51:59,43.3694839477539,-8.4594898223877,"Unknown"
"7014853",371857,2025-10-31 16:01:59,43.3800582885742,-8.43381404876709,"Unknown"
"7014853",371857,2025-10-31 16:12:06,43.3672790527344,-8.41329479217529,"Unknown"
"7014853",371857,2025-10-31 16:22:14,43.3598823547363,-8.40076351165771,"Unknown"
"7014853",371857,2025-10-31 16:32:01,43.3597106933594,-8.40068244934082,"Unknown"
"7014853",371857,2025-10-31 16:37:01,43.3597755432129,-8.40079402923584,"Unknown"
"7014853",371857,2025-10-31 16:47:35,43.3596611022949,-8.40060138702393,"Unknown"
"7014853",371857,2025-10-31 16:56:57,43.3596000671387,-8.40069484710693,"Unknown"
"7014853",371857,2025-10-31 17:06:57,43.3596382141113,-8.40072727203369,"Unknown"
"7014853",371857,2025-10-31 17:16:57,43.3596992492676,-8.40068626403809,"Unknown"
"7014853",371857,2025-10-31 17:26:57,43.3596572875977,-8.40076541900635,"Unknown"
"7014853",371857,2025-10-31 17:37:00,43.3596458435059,-8.40065288543701,"Unknown"
"7014853",371857,2025-10-31 17:46:59,43.3595314025879,-8.40072727203369,"Unknown"
"7014853",371857,2025-10-31 17:56:58,43.3596611022949,-8.40079116821289,"Unknown"
"7014853",371857,2025-10-31 18:05:14,43.3595123291016,-8.40057945251465,"Unknown"
"7014853",371857,2025-10-31 23:05:15,43.3603553771973,-8.40244102478027,"Unknown"
"7014853",371857,2025-11-01 04:05:16,43.3606262207031,-8.40295219421387,"Unknown"
"7014853",371857,2025-11-01 07:13:23,43.3562812805176,-8.40235137939453,"Unknown"
"7014853",371857,2025-11-01 07:23:25,43.3532981872559,-8.40292739868164,"Unknown"
"7014853",371857,2025-11-01 07:33:25,43.352237701416,-8.40197658538818,"Unknown"
"7014853",371857,2025-11-01 07:43:25,43.352123260498,-8.40204906463623,"Unknown"
"7014853",371857,2025-11-01 07:53:25,43.3522796630859,-8.40193748474121,"Unknown"
"7014853",371857,2025-11-01 08:03:25,43.3537178039551,-8.40503978729248,"Unknown"
"7014853",371857,2025-11-01 08:13:25,43.3535652160645,-8.40495109558105,"Unknown"
"7014853",371857,2025-11-01 08:23:31,43.3528175354004,-8.40482139587402,"Unknown"
"7014853",371857,2025-11-01 08:33:34,43.3557243347168,-8.40728569030762,"Unknown"
"7014853",371857,2025-11-01 08:43:33,43.352912902832,-8.41710662841797,"Unknown"
"7014853",371857,2025-11-01 08:53:31,43.3528213500977,-8.41706466674805,"Unknown"
"7014853",371857,2025-11-01 09:03:24,43.3544387817383,-8.41575717926025,"Unknown"
"7014853",371857,2025-11-01 09:13:23,43.3549461364746,-8.41637897491455,"Unknown"
"7014853",371857,2025-11-01 09:23:31,43.3531799316406,-8.41727542877197,"Unknown"
"7014853",371857,2025-11-01 09:33:22,43.3529777526855,-8.4176778793335,"Unknown"
"7014853",371857,2025-11-01 09:43:21,43.3527526855469,-8.41750907897949,"Unknown"
"7014853",371857,2025-11-01 09:53:19,43.3543128967285,-8.41224002838135,"Unknown"
"7014853",371857,2025-11-01 10:03:20,43.3541793823242,-8.412184715271,"Unknown"
"7014853",371857,2025-11-01 10:13:19,43.3539581298828,-8.41244888305664,"Unknown"
"7014853",371857,2025-11-01 10:23:22,43.3529624938965,-8.41387367248535,"Unknown"
"7014853",371857,2025-11-01 10:28:20,43.3529930114746,-8.41391086578369,"Unknown"
"7014853",371857,2025-11-01 10:33:20,43.3533935546875,-8.41314697265625,"Unknown"
"7014853",371857,2025-11-01 10:38:20,43.3538360595703,-8.41196250915527,"Unknown"
"7014853",371857,2025-11-01 10:48:19,43.3470039367676,-8.43819999694824,"Unknown"
"7014853",371857,2025-11-01 10:58:19,43.354362487793,-8.45875453948975,"Unknown"
"7014853",371857,2025-11-01 11:08:18,43.3573684692383,-8.45571517944336,"Unknown"
"7014853",371857,2025-11-01 11:13:18,43.3544616699219,-8.45914268493652,"Unknown"
"7014853",371857,2025-11-01 11:18:20,43.354362487793,-8.45901489257812,"Unknown"
"7014853",371857,2025-11-01 11:23:18,43.3598022460938,-8.45442581176758,"Unknown"
"7014853",371857,2025-11-01 11:28:19,43.356616973877,-8.45734786987305,"Unknown"
"7014853",371857,2025-11-01 11:33:19,43.3565139770508,-8.45737934112549,"Unknown"
"7014853",371857,2025-11-01 11:38:18,43.3560371398926,-8.45849800109863,"Unknown"
"7014853",371857,2025-11-01 11:43:20,43.3564758300781,-8.45832061767578,"Unknown"
"7014853",371857,2025-11-01 11:48:22,43.3720588684082,-8.45973777770996,"Unknown"
"7014853",371857,2025-11-01 11:53:20,43.3722381591797,-8.45945835113525,"Unknown"
"7014853",371857,2025-11-01 11:58:21,43.3719367980957,-8.45975399017334,"Unknown"
"7014853",371857,2025-11-01 12:03:18,43.3691329956055,-8.45733737945557,"Unknown"
"7014853",371857,2025-11-01 12:08:21,43.3608512878418,-8.45789527893066,"Unknown"
"7014853",371857,2025-11-01 12:13:21,43.3612289428711,-8.45823574066162,"Unknown"
"7014853",371857,2025-11-01 12:18:21,43.3613052368164,-8.45856761932373,"Unknown"
"7014853",371857,2025-11-01 12:23:23,43.362419128418,-8.45776653289795,"Unknown"
"7014853",371857,2025-11-01 12:28:19,43.3527069091797,-8.4530782699585,"Unknown"
"7014853",371857,2025-11-01 12:33:18,43.3439140319824,-8.45293140411377,"Unknown"
"7014853",371857,2025-11-01 12:38:22,43.3406715393066,-8.45413303375244,"Unknown"
"7014853",371857,2025-11-01 12:43:19,43.3407936096191,-8.45423984527588,"Unknown"
"7014853",371857,2025-11-01 12:48:19,43.3404731750488,-8.45493793487549,"Unknown"
"7014853",371857,2025-11-01 12:53:21,43.3405342102051,-8.45503330230713,"Unknown"
"7014853",371857,2025-11-01 12:58:19,43.3404235839844,-8.45520496368408,"Unknown"
"7014853",371857,2025-11-01 13:03:19,43.3403816223145,-8.45527744293213,"Unknown"
"7014853",371857,2025-11-01 13:08:19,43.3403396606445,-8.45508861541748,"Unknown"
"7014853",371857,2025-11-01 13:13:22,43.340404510498,-8.45460033416748,"Unknown"
"7014853",371857,2025-11-01 13:18:19,43.3404006958008,-8.45519256591797,"Unknown"
"7014853",371857,2025-11-01 13:23:21,43.3405113220215,-8.45481491088867,"Unknown"
"7014853",371857,2025-11-01 13:28:19,43.3403663635254,-8.45548915863037,"Unknown"
"7014853",371857,2025-11-01 13:33:20,43.3403472900391,-8.45553588867188,"Unknown"
"7014853",371857,2025-11-01 13:38:19,43.3403930664062,-8.45549583435059,"Unknown"
"7014853",371857,2025-11-01 13:43:20,43.3403854370117,-8.45530796051025,"Unknown"
"7014853",371857,2025-11-01 13:48:20,43.3403472900391,-8.45529842376709,"Unknown"
"7014853",371857,2025-11-01 13:53:20,43.3403854370117,-8.4555606842041,"Unknown"
"7014853",371857,2025-11-01 13:58:19,43.3563461303711,-8.45565128326416,"Unknown"
"7014853",371857,2025-11-01 14:03:20,43.354663848877,-8.45901775360107,"Unknown"
"7014853",371857,2025-11-01 14:08:28,43.3542175292969,-8.45852088928223,"Unknown"
"7014853",371857,2025-11-01 14:23:24,43.3549880981445,-8.45693397521973,"Unknown"
"7014853",371857,2025-11-01 14:28:21,43.3663330078125,-8.46240901947021,"Unknown"
"7014853",371857,2025-11-01 14:33:22,43.3659744262695,-8.46155452728271,"Unknown"
"7014853",371857,2025-11-01 14:38:31,43.3721809387207,-8.45087146759033,"Unknown"
"7014853",371857,2025-11-01 14:43:21,43.3721542358398,-8.44918918609619,"Unknown"
"7014853",371857,2025-11-01 14:48:29,43.3721809387207,-8.45015811920166,"Unknown"
"7014853",371857,2025-11-01 14:53:24,43.3717613220215,-8.44810485839844,"Unknown"
"7014853",371857,2025-11-01 14:58:24,43.3716773986816,-8.44804763793945,"Unknown"
"7014853",371857,2025-11-01 15:03:28,43.3722343444824,-8.45035648345947,"Unknown"
"7014853",371857,2025-11-01 15:08:23,43.3720550537109,-8.45018768310547,"Unknown"
"7014853",371857,2025-11-01 15:13:31,43.371395111084,-8.44992160797119,"Unknown"
"7014853",371857,2025-11-01 15:18:31,43.3711204528809,-8.45041084289551,"Unknown"
"7014853",371857,2025-11-01 15:23:25,43.3711585998535,-8.45056629180908,"Unknown"
"7014853",371857,2025-11-01 15:28:35,43.3711776733398,-8.45061302185059,"Unknown"
"7014853",371857,2025-11-01 15:33:33,43.3711929321289,-8.45071792602539,"Unknown"
"7014853",371857,2025-11-01 15:38:35,43.3708992004395,-8.45080184936523,"Unknown"
"7014853",371857,2025-11-01 15:43:35,43.3704986572266,-8.45089626312256,"Unknown"
"7014853",371857,2025-11-01 15:48:44,43.3718605041504,-8.4508638381958,"Unknown"
"7014853",371857,2025-11-01 15:53:18,43.371883392334,-8.45094013214111,"Unknown"
"7014853",371857,2025-11-01 15:58:18,43.3719062805176,-8.45102882385254,"Unknown"
"7014853",371857,2025-11-01 16:03:18,43.3719100952148,-8.45112991333008,"Unknown"
"7014853",371857,2025-11-01 16:08:19,43.3719062805176,-8.45113945007324,"Unknown"
"7014853",371857,2025-11-01 16:13:23,43.3719177246094,-8.45118522644043,"Unknown"
"7014853",371857,2025-11-01 16:18:18,43.3719062805176,-8.45115661621094,"Unknown"
"7014853",371857,2025-11-01 16:23:18,43.3777198791504,-8.43025588989258,"Unknown"
"7014853",371857,2025-11-01 16:28:18,43.3594207763672,-8.40064144134521,"Unknown"
"7014853",371857,2025-11-01 16:33:19,43.3593292236328,-8.40077781677246,"Unknown"
"7014853",371857,2025-11-01 16:38:19,43.3594551086426,-8.40106868743896,"Unknown"
"7014853",371857,2025-11-01 16:43:18,43.3595848083496,-8.4011287689209,"Unknown"
"7014853",371857,2025-11-01 16:48:19,43.3593635559082,-8.40113830566406,"Unknown"
"7014853",371857,2025-11-01 16:53:20,43.3595542907715,-8.4008617401123,"Unknown"
"7014853",371857,2025-11-01 16:58:20,43.3595695495605,-8.40098190307617,"Unknown"
"7014853",371857,2025-11-01 17:03:22,43.3595428466797,-8.40093040466309,"Unknown"
"7014853",371857,2025-11-01 17:08:20,43.3596000671387,-8.40071296691895,"Unknown"
"7014853",371857,2025-11-01 17:13:20,43.3596115112305,-8.40065574645996,"Unknown"
"7014853",371857,2025-11-01 17:23:25,43.3596115112305,-8.40075206756592,"Unknown"
"7014853",371857,2025-11-01 17:28:31,43.3596076965332,-8.40062713623047,"Unknown"
"7014853",371857,2025-11-01 17:38:25,43.3596267700195,-8.40060710906982,"Unknown"
"7014853",371857,2025-11-01 17:48:44,43.3595428466797,-8.40060901641846,"Unknown"
"7014853",371857,2025-11-01 17:58:18,43.3591232299805,-8.40124320983887,"Unknown"
"7014853",371857,2025-11-01 18:04:01,43.3597297668457,-8.40037059783936,"Unknown"
"7014853",371857,2025-11-01 23:04:29,43.3595581054688,-8.40142917633057,"Unknown"
"7014853",371857,2025-11-02 04:04:35,43.3596687316895,-8.40121459960938,"Unknown"
"7014853",371857,2025-11-02 07:14:42,43.359546661377,-8.40169143676758,"Unknown"
"7014853",371857,2025-11-02 07:24:38,43.3594131469727,-8.40163326263428,"Unknown"
"7014853",371857,2025-11-02 07:34:36,43.3595848083496,-8.40174674987793,"Unknown"
"7014853",371857,2025-11-02 07:44:36,43.3595809936523,-8.40196418762207,"Unknown"
"7014853",371857,2025-11-02 07:54:44,43.3609046936035,-8.39651012420654,"Unknown"
"7014853",371857,2025-11-02 08:04:33,43.3611907958984,-8.39684009552002,"Unknown"
"7014853",371857,2025-11-02 08:14:32,43.3595504760742,-8.4017915725708,"Unknown"
"7014853",371857,2025-11-02 08:24:40,43.3596305847168,-8.40174579620361,"Unknown"
"7014853",371857,2025-11-02 08:34:33,43.3595886230469,-8.40170097351074,"Unknown"
"7014853",371857,2025-11-02 08:44:32,43.3599967956543,-8.40196514129639,"Unknown"
"7014853",371857,2025-11-02 08:54:46,43.3596038818359,-8.40175437927246,"Unknown"
"7014853",371857,2025-11-02 09:04:38,43.3595848083496,-8.40159034729004,"Unknown"
"7014853",371857,2025-11-02 09:14:39,43.3595275878906,-8.40188407897949,"Unknown"
"7014853",371857,2025-11-02 09:19:39,43.3595771789551,-8.40166473388672,"Unknown"
"7014853",371857,2025-11-02 09:29:37,43.3596038818359,-8.40166091918945,"Unknown"
"7014853",371857,2025-11-02 09:39:39,43.3596839904785,-8.40177726745605,"Unknown"
"7014853",371857,2025-11-02 09:44:44,43.3594207763672,-8.40163993835449,"Unknown"
"7014853",371857,2025-11-02 09:54:39,43.3594779968262,-8.4015998840332,"Unknown"
"7014853",371857,2025-11-02 09:59:44,43.3594856262207,-8.40160465240479,"Unknown"
"7014853",371857,2025-11-02 10:09:33,43.3594856262207,-8.40161800384521,"Unknown"
"7014853",371857,2025-11-02 10:14:36,43.3594551086426,-8.40156841278076,"Unknown"
"7014853",371857,2025-11-02 10:19:32,43.3597640991211,-8.40157413482666,"Unknown"
"7014853",371857,2025-11-02 10:29:39,43.3596458435059,-8.40152072906494,"Unknown"
"7014853",371857,2025-11-02 10:35:01,43.3595733642578,-8.40167617797852,"Unknown"
"7014853",371857,2025-11-02 10:39:32,43.3594589233398,-8.40160465240479,"Unknown"
"7014853",371857,2025-11-02 10:49:32,43.3593940734863,-8.40179252624512,"Unknown"
"7014853",371857,2025-11-02 10:59:31,43.3594665527344,-8.40167045593262,"Unknown"
"7014853",371857,2025-11-02 11:04:32,43.3596115112305,-8.40162563323975,"Unknown"
"7014853",371857,2025-11-02 11:14:32,43.3594779968262,-8.40168857574463,"Unknown"
"7014853",371857,2025-11-02 11:24:40,43.3595199584961,-8.40169525146484,"Unknown"
"7014853",371857,2025-11-02 11:29:37,43.359504699707,-8.4017333984375,"Unknown"
"7014853",371857,2025-11-02 11:34:32,43.3594856262207,-8.40176200866699,"Unknown"
"7014853",371857,2025-11-02 11:39:33,43.3596572875977,-8.40239334106445,"Unknown"
"7014853",371857,2025-11-02 11:44:32,43.359619140625,-8.40192985534668,"Unknown"
"7014853",371857,2025-11-02 11:49:36,43.3595733642578,-8.40165233612061,"Unknown"
"7014853",371857,2025-11-02 11:54:31,43.3595390319824,-8.40164375305176,"Unknown"
"7014853",371857,2025-11-02 11:59:39,43.3595542907715,-8.40163707733154,"Unknown"
"7014853",371857,2025-11-02 12:04:40,43.3634490966797,-8.40497398376465,"Unknown"
"7014853",371857,2025-11-02 12:09:39,43.3594741821289,-8.40172576904297,"Unknown"
"7014853",371857,2025-11-02 12:14:40,43.3595428466797,-8.4018087387085,"Unknown"
"7014853",371857,2025-11-02 12:19:32,43.3595161437988,-8.40176773071289,"Unknown"
"7014853",371857,2025-11-02 12:24:37,43.3595123291016,-8.40169620513916,"Unknown"
"7014853",371857,2025-11-02 12:29:31,43.3595123291016,-8.40160751342773,"Unknown"
"7014853",371857,2025-11-02 12:34:32,43.3596649169922,-8.40166282653809,"Unknown"
"7014853",371857,2025-11-02 12:39:39,43.3595962524414,-8.4017448425293,"Unknown"
"7014853",371857,2025-11-02 12:44:35,43.3596153259277,-8.40154552459717,"Unknown"
"7014853",371857,2025-11-02 12:49:32,43.3595809936523,-8.40150356292725,"Unknown"
"7014853",371857,2025-11-02 12:54:32,43.3596115112305,-8.40152549743652,"Unknown"
"7014853",371857,2025-11-02 12:59:32,43.3596305847168,-8.40157699584961,"Unknown"
"7014853",371857,2025-11-02 13:04:34,43.3596000671387,-8.40154457092285,"Unknown"
"7014853",371857,2025-11-02 13:09:35,43.3596458435059,-8.40153312683105,"Unknown"
"7014853",371857,2025-11-02 13:14:32,43.3596229553223,-8.40152931213379,"Unknown"
"7014853",371857,2025-11-02 13:19:42,43.3596382141113,-8.40155792236328,"Unknown"
"7014853",371857,2025-11-02 13:24:32,43.3635673522949,-8.4100399017334,"Unknown"
"7014853",371857,2025-11-02 13:29:39,43.3597297668457,-8.40167903900146,"Unknown"
"7014853",371857,2025-11-02 13:34:39,43.3595771789551,-8.40150165557861,"Unknown"
"7014853",371857,2025-11-02 13:39:39,43.3596420288086,-8.40155506134033,"Unknown"
"7014853",371857,2025-11-02 13:44:39,43.3596000671387,-8.40158748626709,"Unknown"
"7014853",371857,2025-11-02 13:50:05,43.3596611022949,-8.40123748779297,"Unknown"
"7014853",371857,2025-11-02 13:54:33,43.3596534729004,-8.40126991271973,"Unknown"
"7014853",371857,2025-11-02 13:59:48,43.3597068786621,-8.40145587921143,"Unknown"
"7014853",371857,2025-11-02 14:04:33,43.3596496582031,-8.4016284942627,"Unknown"
"7014853",371857,2025-11-02 14:09:33,43.3596801757812,-8.40167903900146,"Unknown"
"7014853",371857,2025-11-02 14:14:36,43.3596343994141,-8.40157985687256,"Unknown"
"7014853",371857,2025-11-02 14:24:33,43.3615036010742,-8.40053749084473,"Unknown"
"7014853",371857,2025-11-02 14:29:37,43.3625450134277,-8.39676094055176,"Unknown"
"7014853",371857,2025-11-02 14:39:33,43.3624725341797,-8.3967456817627,"Unknown"
"7014853",371857,2025-11-02 14:49:37,43.3625793457031,-8.39693260192871,"Unknown"
"7014853",371857,2025-11-02 14:59:34,43.3625106811523,-8.3968677520752,"Unknown"
"7014853",371857,2025-11-02 15:09:32,43.3624954223633,-8.39667701721191,"Unknown"
"7014853",371857,2025-11-02 15:19:32,43.3626899719238,-8.39676761627197,"Unknown"
"7014853",371857,2025-11-02 15:24:33,43.3626098632812,-8.39669132232666,"Unknown"
"7014853",371857,2025-11-02 15:34:40,43.3625831604004,-8.39678001403809,"Unknown"
"7014853",371857,2025-11-02 15:39:32,43.3625946044922,-8.39675140380859,"Unknown"
"7014853",371857,2025-11-02 15:49:32,43.3626098632812,-8.39682483673096,"Unknown"
"7014853",371857,2025-11-02 15:54:32,43.3625717163086,-8.39684677124023,"Unknown"
"7014853",371857,2025-11-02 15:59:32,43.3625411987305,-8.39681434631348,"Unknown"
"7014853",371857,2025-11-02 16:04:33,43.362419128418,-8.39652347564697,"Unknown"
"7014853",371857,2025-11-02 16:09:32,43.3625564575195,-8.3967227935791,"Unknown"
"7014853",371857,2025-11-02 16:19:32,43.3624153137207,-8.39638710021973,"Unknown"
"7014853",371857,2025-11-02 16:29:36,43.362548828125,-8.39692401885986,"Unknown"
"7014853",371857,2025-11-02 16:34:41,43.362476348877,-8.39682769775391,"Unknown"
"7014853",371857,2025-11-02 16:39:34,43.3626708984375,-8.39695262908936,"Unknown"
"7014853",371857,2025-11-02 16:49:39,43.3625640869141,-8.39667129516602,"Unknown"
"7014853",371857,2025-11-02 16:59:39,43.3625755310059,-8.39688491821289,"Unknown"
"7014853",371857,2025-11-02 17:09:39,43.3626022338867,-8.396728515625,"Unknown"
"7014853",371857,2025-11-02 17:19:44,43.3630027770996,-8.39614582061768,"Unknown"
"7014853",371857,2025-11-02 17:29:38,43.362434387207,-8.39679431915283,"Unknown"
"7014853",371857,2025-11-02 17:39:44,43.3596725463867,-8.39821624755859,"Unknown"
"7014853",371857,2025-11-02 17:50:05,43.3597259521484,-8.39814186096191,"Unknown"
"7014853",371857,2025-11-02 17:59:31,43.3597793579102,-8.39824962615967,"Unknown"
"7014853",371857,2025-11-02 18:02:44,43.3597145080566,-8.39818096160889,"Unknown"
"7014853",371857,2025-11-03 04:02:52,43.3601760864258,-8.40275859832764,"Unknown"
"7014853",371857,2025-11-03 07:16:14,43.3593635559082,-8.40167236328125,"Unknown"
"7014853",371857,2025-11-03 07:25:52,43.3594207763672,-8.4014949798584,"Unknown"
"7014853",371857,2025-11-03 07:35:52,43.3594932556152,-8.4013786315918,"Unknown"
"7014853",371857,2025-11-03 07:46:29,43.3595657348633,-8.40145778656006,"Unknown"
"7014853",371857,2025-11-03 07:55:52,43.3594741821289,-8.40157699584961,"Unknown"
"7014853",371857,2025-11-03 08:05:52,43.3595123291016,-8.40150356292725,"Unknown"
"7014853",371857,2025-11-03 08:15:52,43.3594284057617,-8.40146732330322,"Unknown"
"7014853",371857,2025-11-03 08:25:52,43.3594741821289,-8.40143299102783,"Unknown"
"7014853",371857,2025-11-03 08:35:55,43.359317779541,-8.40135478973389,"Unknown"
"7014853",371857,2025-11-03 08:45:53,43.3592834472656,-8.40128707885742,"Unknown"
"7014853",371857,2025-11-03 08:55:53,43.3590431213379,-8.40093326568604,"Unknown"
"7014853",371857,2025-11-03 09:05:56,43.3594245910645,-8.4012393951416,"Unknown"
"7014853",371857,2025-11-03 09:15:52,43.3596572875977,-8.40095329284668,"Unknown"
"7014853",371857,2025-11-03 09:25:52,43.3597297668457,-8.40065574645996,"Unknown"
"7014853",371857,2025-11-03 09:35:53,43.3594589233398,-8.40128993988037,"Unknown"
"7014853",371857,2025-11-03 09:45:52,43.359489440918,-8.40141868591309,"Unknown"
"7014853",371857,2025-11-03 09:55:52,43.359546661377,-8.40144538879395,"Unknown"
"7014853",371857,2025-11-03 10:05:53,43.3594932556152,-8.40133571624756,"Unknown"
"7014853",371857,2025-11-03 10:15:52,43.3593711853027,-8.40180110931396,"Unknown"
"7014853",371857,2025-11-03 10:25:52,43.3596878051758,-8.40160465240479,"Unknown"
"7014853",371857,2025-11-03 10:35:53,43.3596725463867,-8.40161895751953,"Unknown"
"7014853",371857,2025-11-03 10:45:52,43.3596153259277,-8.40176010131836,"Unknown"
"7014853",371857,2025-11-03 10:55:52,43.3593330383301,-8.40189933776855,"Unknown"
"7014853",371857,2025-11-03 11:05:52,43.3593521118164,-8.40186023712158,"Unknown"
"7014853",371857,2025-11-03 11:15:53,43.359245300293,-8.40173244476318,"Unknown"
"7014853",371857,2025-11-03 11:25:52,43.359245300293,-8.40165424346924,"Unknown"
"7014853",371857,2025-11-03 11:35:52,43.3592720031738,-8.40152072906494,"Unknown"
"7014853",371857,2025-11-03 11:45:52,43.3591384887695,-8.40161991119385,"Unknown"
"7014853",371857,2025-11-03 11:55:52,43.3590698242188,-8.40162563323975,"Unknown"
"7014853",371857,2025-11-03 12:05:52,43.3592300415039,-8.40144348144531,"Unknown"
"7014853",371857,2025-11-03 12:16:23,43.3593368530273,-8.40150737762451,"Unknown"
"7014853",371857,2025-11-03 12:25:52,43.3594131469727,-8.40159797668457,"Unknown"
"7014853",371857,2025-11-03 12:30:52,43.3594245910645,-8.40153503417969,"Unknown"
"7014853",371857,2025-11-03 12:40:52,43.3595314025879,-8.40140724182129,"Unknown"
"7014853",371857,2025-11-03 12:45:52,43.3593864440918,-8.40139675140381,"Unknown"
"7014853",371857,2025-11-03 12:50:52,43.3595352172852,-8.40155982971191,"Unknown"
"7014853",371857,2025-11-03 12:55:52,43.3594665527344,-8.40157699584961,"Unknown"
"7014853",371857,2025-11-03 13:00:52,43.359489440918,-8.40151023864746,"Unknown"
"7014853",371857,2025-11-03 13:05:51,43.3595314025879,-8.40142440795898,"Unknown"
"7014853",371857,2025-11-03 13:10:53,43.3593902587891,-8.40148448944092,"Unknown"
"7014853",371857,2025-11-03 13:20:52,43.3595123291016,-8.40142822265625,"Unknown"
"7014853",371857,2025-11-03 13:25:52,43.3595428466797,-8.40142345428467,"Unknown"
"7014853",371857,2025-11-03 13:30:52,43.3596076965332,-8.40142917633057,"Unknown"
"7014853",371857,2025-11-03 13:35:52,43.3595352172852,-8.40130615234375,"Unknown"
"7014853",371857,2025-11-03 13:40:52,43.3595848083496,-8.40130519866943,"Unknown"
"7014853",371857,2025-11-03 13:45:52,43.3596038818359,-8.40144062042236,"Unknown"
"7014853",371857,2025-11-03 13:50:52,43.3595504760742,-8.40138053894043,"Unknown"
"7014853",371857,2025-11-03 13:55:52,43.359561920166,-8.40119075775146,"Unknown"
"7014853",371857,2025-11-03 14:00:53,43.3596076965332,-8.40110015869141,"Unknown"
"7014853",371857,2025-11-03 14:05:52,43.3596267700195,-8.40135955810547,"Unknown"
"7014853",371857,2025-11-03 14:10:55,43.3595733642578,-8.40140438079834,"Unknown"
"7014853",371857,2025-11-03 14:21:14,43.3609199523926,-8.39686012268066,"Unknown"
"7014853",371857,2025-11-03 14:30:52,43.3623275756836,-8.39693832397461,"Unknown"
"7014853",371857,2025-11-03 14:40:52,43.3622817993164,-8.39711284637451,"Unknown"
"7014853",371857,2025-11-03 14:50:51,43.3617057800293,-8.39688014984131,"Unknown"
"7014853",371857,2025-11-03 15:00:53,43.3615188598633,-8.39651775360107,"Unknown"
"7014853",371857,2025-11-03 15:10:52,43.3599281311035,-8.39718437194824,"Unknown"
"7014853",371857,2025-11-03 15:20:58,43.359733581543,-8.39751815795898,"Unknown"
"7014853",371857,2025-11-03 15:30:53,43.3592491149902,-8.39768981933594,"Unknown"
"7014853",371857,2025-11-03 15:40:53,43.3595352172852,-8.39756774902344,"Unknown"
"7014853",371857,2025-11-03 15:46:23,43.3598403930664,-8.39740753173828,"Unknown"
"7014853",371857,2025-11-03 15:50:51,43.359977722168,-8.39732074737549,"Unknown"
"7014853",371857,2025-11-03 16:00:51,43.3598976135254,-8.39730644226074,"Unknown"
"7014853",371857,2025-11-03 16:10:52,43.3600425720215,-8.397047996521,"Unknown"
"7014853",371857,2025-11-03 16:20:58,43.3602561950684,-8.39688205718994,"Unknown"
"7014853",371857,2025-11-03 16:30:53,43.3603668212891,-8.3973388671875,"Unknown"
"7014853",371857,2025-11-03 16:40:52,43.3599967956543,-8.39724063873291,"Unknown"
"7014853",371857,2025-11-03 16:50:53,43.3598518371582,-8.39723110198975,"Unknown"
"7014853",371857,2025-11-03 17:00:53,43.3600082397461,-8.39726829528809,"Unknown"
"7014853",371857,2025-11-03 17:10:56,43.3600769042969,-8.39738273620605,"Unknown"
"7014853",371857,2025-11-03 17:20:58,43.3601570129395,-8.39737319946289,"Unknown"
"7014853",371857,2025-11-03 17:30:52,43.3606719970703,-8.39988231658936,"Unknown"
"7014853",371857,2025-11-03 17:40:58,43.3596458435059,-8.40038013458252,"Unknown"
"7014853",371857,2025-11-03 17:51:15,43.359691619873,-8.40031337738037,"Unknown"
"7014853",371857,2025-11-03 18:01:11,43.359676361084,-8.40024185180664,"Unknown"
"7014853",371857,2025-11-03 23:01:34,43.3608551025391,-8.40191459655762,"Unknown"
"7014853",371857,2025-11-04 04:01:35,43.3597450256348,-8.40091133117676,"Unknown"
"7014853",371857,2025-11-04 07:17:37,43.3546829223633,-8.40244674682617,"Unknown"
"7014853",371857,2025-11-04 07:27:17,43.353401184082,-8.40655326843262,"Unknown"
"7014853",371857,2025-11-04 07:37:23,43.3532867431641,-8.40635395050049,"Unknown"
"7014853",371857,2025-11-04 07:47:24,43.3533935546875,-8.40691947937012,"Unknown"
"7014853",371857,2025-11-04 07:57:21,43.3501091003418,-8.42722702026367,"Unknown"
"7014853",371857,2025-11-04 08:07:18,43.3500480651855,-8.42720890045166,"Unknown"
"7014853",371857,2025-11-04 08:17:18,43.3499641418457,-8.42723751068115,"Unknown"
"7014853",371857,2025-11-04 08:27:19,43.3500061035156,-8.42724132537842,"Unknown"
"7014853",371857,2025-11-04 08:37:22,43.3498611450195,-8.42703723907471,"Unknown"
"7014853",371857,2025-11-04 08:47:35,43.3499794006348,-8.42719268798828,"Unknown"
"7014853",371857,2025-11-04 08:57:07,43.350040435791,-8.42728424072266,"Unknown"
"7014853",371857,2025-11-04 09:07:07,43.3499755859375,-8.42742538452148,"Unknown"
"7014853",371857,2025-11-04 09:17:07,43.3500213623047,-8.42732334136963,"Unknown"
"7014853",371857,2025-11-04 09:27:07,43.3499488830566,-8.42725086212158,"Unknown"
"7014853",371857,2025-11-04 09:37:07,43.3499221801758,-8.42736434936523,"Unknown"
"7014853",371857,2025-11-04 09:47:08,43.3524627685547,-8.43117332458496,"Unknown"
"7014853",371857,2025-11-04 09:57:07,43.3425025939941,-8.45145702362061,"Unknown"
"7014853",371857,2025-11-04 10:07:08,43.3402481079102,-8.45515060424805,"Unknown"
"7014853",371857,2025-11-04 10:17:09,43.3398704528809,-8.45473289489746,"Unknown"
"7014853",371857,2025-11-04 10:27:10,43.3399810791016,-8.45498752593994,"Unknown"
"7014853",371857,2025-11-04 10:37:09,43.3400688171387,-8.45510387420654,"Unknown"
"7014853",371857,2025-11-04 10:47:11,43.3401298522949,-8.45554351806641,"Unknown"
"7014853",371857,2025-11-04 10:57:09,43.3400840759277,-8.45535087585449,"Unknown"
"7014853",371857,2025-11-04 11:07:10,43.3399429321289,-8.45482063293457,"Unknown"
"7014853",371857,2025-11-04 11:17:10,43.3399772644043,-8.45493984222412,"Unknown"
"7014853",371857,2025-11-04 11:27:12,43.3400459289551,-8.45511436462402,"Unknown"
"7014853",371857,2025-11-04 11:37:35,43.3401145935059,-8.45518398284912,"Unknown"
"7014853",371857,2025-11-04 11:47:08,43.3402328491211,-8.45469856262207,"Unknown"
"7014853",371857,2025-11-04 11:57:07,43.3401718139648,-8.45513534545898,"Unknown"
"7014853",371857,2025-11-04 12:07:09,43.340503692627,-8.4551305770874,"Unknown"
"7014853",371857,2025-11-04 12:17:07,43.3403472900391,-8.45521831512451,"Unknown"
"7014853",371857,2025-11-04 12:27:12,43.3401908874512,-8.45493602752686,"Unknown"
"7014853",371857,2025-11-04 12:37:09,43.3402366638184,-8.45489025115967,"Unknown"
"7014853",371857,2025-11-04 12:47:09,43.3403739929199,-8.4550724029541,"Unknown"
"7014853",371857,2025-11-04 12:57:07,43.340274810791,-8.45521259307861,"Unknown"
"7014853",371857,2025-11-04 13:07:08,43.3420372009277,-8.4550142288208,"Unknown"
"7014853",371857,2025-11-04 13:17:36,43.3565826416016,-8.45675754547119,"Unknown"
"7014853",371857,2025-11-04 13:27:35,43.3566589355469,-8.45676326751709,"Unknown"
"7014853",371857,2025-11-04 13:37:21,43.3567008972168,-8.45672798156738,"Unknown"
"7014853",371857,2025-11-04 13:47:48,43.3567848205566,-8.45563697814941,"Unknown"
"7014853",371857,2025-11-04 13:57:35,43.3561058044434,-8.45692729949951,"Unknown"
"7014853",371857,2025-11-04 14:07:11,43.3641777038574,-8.45880126953125,"Unknown"
"7014853",371857,2025-11-04 14:17:07,43.3706932067871,-8.45770931243896,"Unknown"
"7014853",371857,2025-11-04 14:27:09,43.3706283569336,-8.45764446258545,"Unknown"
"7014853",371857,2025-11-04 14:37:07,43.3707237243652,-8.45773887634277,"Unknown"
"7014853",371857,2025-11-04 14:47:10,43.3708381652832,-8.45770168304443,"Unknown"
"7014853",371857,2025-11-04 14:57:16,43.3720817565918,-8.46086597442627,"Unknown"
"7014853",371857,2025-11-04 15:07:19,43.3727493286133,-8.45998954772949,"Unknown"
"7014853",371857,2025-11-04 15:17:23,43.373405456543,-8.45921802520752,"Unknown"
"7014853",371857,2025-11-04 15:27:40,43.3741035461426,-8.45818710327148,"Unknown"
"7014853",371857,2025-11-04 15:37:18,43.3740005493164,-8.45726299285889,"Unknown"
"7014853",371857,2025-11-04 15:48:07,43.3793754577637,-8.40800094604492,"Unknown"
"7014853",371857,2025-11-04 15:57:35,43.3596611022949,-8.39990043640137,"Unknown"
"7014853",371857,2025-11-04 16:07:18,43.3597259521484,-8.39992618560791,"Unknown"
"7014853",371857,2025-11-04 16:17:12,43.3591384887695,-8.39887523651123,"Unknown"
"7014853",371857,2025-11-04 16:27:18,43.3597450256348,-8.39990234375,"Unknown"
"7014853",371857,2025-11-04 16:37:15,43.3597450256348,-8.39990711212158,"Unknown"
"7014853",371857,2025-11-04 16:47:07,43.3596000671387,-8.39991664886475,"Unknown"
"7014853",371857,2025-11-04 16:57:08,43.3596038818359,-8.39969348907471,"Unknown"
"7014853",371857,2025-11-04 17:07:18,43.359691619873,-8.39990901947021,"Unknown"
"7014853",371857,2025-11-04 17:17:13,43.3596229553223,-8.39961051940918,"Unknown"
"7014853",371857,2025-11-04 17:27:31,43.3597373962402,-8.39991092681885,"Unknown"
"7014853",371857,2025-11-04 17:37:08,43.3597297668457,-8.39989566802979,"Unknown"
"7014853",371857,2025-11-04 17:47:08,43.3598327636719,-8.39992237091064,"Unknown"
"7014853",371857,2025-11-04 17:57:12,43.3597602844238,-8.39984512329102,"Unknown"
"7014853",371857,2025-11-04 18:00:23,43.3596992492676,-8.39998817443848,"Unknown"
"7014853",371857,2025-11-04 23:00:35,43.3596115112305,-8.4011402130127,"Unknown"
"7014853",371857,2025-11-05 04:00:44,43.3604850769043,-8.4030065536499,"Unknown"
"7014853",371857,2025-11-05 07:19:12,43.3431510925293,-8.41117382049561,"Unknown"
"7014853",371857,2025-11-05 07:28:30,43.3474082946777,-8.43710517883301,"Unknown"
"7014853",371857,2025-11-05 07:38:30,43.3401870727539,-8.4539098739624,"Unknown"
"7014853",371857,2025-11-05 07:48:30,43.3403396606445,-8.45414924621582,"Unknown"
"7014853",371857,2025-11-05 07:58:28,43.3404273986816,-8.45395469665527,"Unknown"
"7014853",371857,2025-11-05 08:08:50,43.3406867980957,-8.45406723022461,"Unknown"
"7014853",371857,2025-11-05 08:18:25,43.3406600952148,-8.45411396026611,"Unknown"
"7014853",371857,2025-11-05 08:28:28,43.3406295776367,-8.45415592193604,"Unknown"
"7014853",371857,2025-11-05 08:38:22,43.3403587341309,-8.45400810241699,"Unknown"
"7014853",371857,2025-11-05 08:48:24,43.3404922485352,-8.45368099212646,"Unknown"
"7014853",371857,2025-11-05 08:58:30,43.3405685424805,-8.45401000976562,"Unknown"
"7014853",371857,2025-11-05 09:08:25,43.3409767150879,-8.45452880859375,"Unknown"
"7014853",371857,2025-11-05 09:18:28,43.3409461975098,-8.45433330535889,"Unknown"
"7014853",371857,2025-11-05 09:28:28,43.3554534912109,-8.45800018310547,"Unknown"
"7014853",371857,2025-11-05 09:38:28,43.3558540344238,-8.45783233642578,"Unknown"
"7014853",371857,2025-11-05 09:48:54,43.3565902709961,-8.45760726928711,"Unknown"
"7014853",371857,2025-11-05 09:58:33,43.3566398620605,-8.45656204223633,"Unknown"
"7014853",371857,2025-11-05 10:08:44,43.3561058044434,-8.457839012146,"Unknown"
"7014853",371857,2025-11-05 10:18:23,43.356143951416,-8.45794868469238,"Unknown"
"7014853",371857,2025-11-05 10:28:21,43.3560752868652,-8.457594871521,"Unknown"
"7014853",371857,2025-11-05 10:38:24,43.364990234375,-8.45782470703125,"Unknown"
"7014853",371857,2025-11-05 10:48:44,43.364631652832,-8.45827388763428,"Unknown"
"7014853",371857,2025-11-05 10:58:44,43.3646125793457,-8.45875358581543,"Unknown"
"7014853",371857,2025-11-05 11:08:24,43.3643455505371,-8.45858764648438,"Unknown"
"7014853",371857,2025-11-05 11:18:30,43.3642883300781,-8.45841217041016,"Unknown"
"7014853",371857,2025-11-05 11:28:25,43.3641777038574,-8.4591646194458,"Unknown"
"7014853",371857,2025-11-05 11:38:28,43.3645973205566,-8.45849418640137,"Unknown"
"7014853",371857,2025-11-05 11:48:44,43.3636589050293,-8.45882511138916,"Unknown"
"7014853",371857,2025-11-05 11:58:34,43.363956451416,-8.45894718170166,"Unknown"
"7014853",371857,2025-11-05 12:08:30,43.3641242980957,-8.45909404754639,"Unknown"
"7014853",371857,2025-11-05 12:18:29,43.3639488220215,-8.45934295654297,"Unknown"
"7014853",371857,2025-11-05 12:28:44,43.3639106750488,-8.45884132385254,"Unknown"
"7014853",371857,2025-11-05 12:38:31,43.3638153076172,-8.45872402191162,"Unknown"
"7014853",371857,2025-11-05 12:49:05,43.3641052246094,-8.45900917053223,"Unknown"
"7014853",371857,2025-11-05 12:58:22,43.3639678955078,-8.4587230682373,"Unknown"
"7014853",371857,2025-11-05 13:08:21,43.3640327453613,-8.45904541015625,"Unknown"
"7014853",371857,2025-11-05 13:18:22,43.3641128540039,-8.45910835266113,"Unknown"
"7014853",371857,2025-11-05 13:28:23,43.3632011413574,-8.46036529541016,"Unknown"
"7014853",371857,2025-11-05 13:38:21,43.3715591430664,-8.45153427124023,"Unknown"
"7014853",371857,2025-11-05 13:48:30,43.371509552002,-8.45161628723145,"Unknown"
"7014853",371857,2025-11-05 13:58:44,43.371524810791,-8.45145416259766,"Unknown"
"7014853",371857,2025-11-05 14:08:30,43.372631072998,-8.45336818695068,"Unknown"
"7014853",371857,2025-11-05 14:18:30,43.3725814819336,-8.45331478118896,"Unknown"
"7014853",371857,2025-11-05 14:28:30,43.372615814209,-8.45322036743164,"Unknown"
"7014853",371857,2025-11-05 14:38:44,43.3729858398438,-8.45308303833008,"Unknown"
"7014853",371857,2025-11-05 14:48:25,43.3760528564453,-8.42277050018311,"Unknown"
"7014853",371857,2025-11-05 14:58:44,43.3691864013672,-8.4159049987793,"Unknown"
"7014853",371857,2025-11-05 15:08:22,43.369213104248,-8.4159517288208,"Unknown"
"7014853",371857,2025-11-05 15:18:29,43.3693771362305,-8.41582298278809,"Unknown"
"7014853",371857,2025-11-05 15:28:53,43.3689842224121,-8.41585540771484,"Unknown"
"7014853",371857,2025-11-05 15:38:21,43.3692436218262,-8.41587543487549,"Unknown"
"7014853",371857,2025-11-05 15:48:44,43.3690376281738,-8.41580200195312,"Unknown"
"7014853",371857,2025-11-05 15:58:21,43.369140625,-8.41563606262207,"Unknown"
"7014853",371857,2025-11-05 16:08:25,43.3691329956055,-8.41573524475098,"Unknown"
"7014853",371857,2025-11-05 16:18:21,43.3691673278809,-8.41572093963623,"Unknown"
"7014853",371857,2025-11-05 16:28:22,43.3619804382324,-8.40364646911621,"Unknown"
"7014853",371857,2025-11-05 16:38:22,43.3619651794434,-8.40363883972168,"Unknown"
"7014853",371857,2025-11-05 16:48:44,43.3620567321777,-8.40359020233154,"Unknown"
"7014853",371857,2025-11-05 16:58:25,43.3619232177734,-8.40349197387695,"Unknown"
"7014853",371857,2025-11-05 17:08:28,43.3626937866211,-8.40407943725586,"Unknown"
"7014853",371857,2025-11-05 17:18:29,43.3621139526367,-8.40365505218506,"Unknown"
"7014853",371857,2025-11-05 17:28:25,43.3619842529297,-8.40355491638184,"Unknown"
"7014853",371857,2025-11-05 17:38:30,43.3595695495605,-8.4008264541626,"Unknown"
"7014853",371857,2025-11-05 17:48:44,43.3598861694336,-8.40092372894287,"Unknown"
"7014853",371857,2025-11-05 17:59:00,43.3598213195801,-8.40095901489258,"Unknown"
"7014853",371857,2025-11-05 22:59:23,43.3597183227539,-8.39980506896973,"Unknown"
"7014853",371857,2025-11-06 03:59:23,43.360179901123,-8.40246105194092,"Unknown"
"7014853",371857,2025-11-06 07:20:29,43.3600997924805,-8.40283679962158,"Unknown"
"7014853",371857,2025-11-06 07:29:38,43.3689765930176,-8.43019390106201,"Unknown"
"7014853",371857,2025-11-06 07:39:36,43.3660469055176,-8.45594024658203,"Unknown"
"7014853",371857,2025-11-06 07:59:48,43.3554573059082,-8.45822048187256,"Unknown"
"7014853",371857,2025-11-06 08:09:39,43.3554649353027,-8.45818901062012,"Unknown"
"7014853",371857,2025-11-06 08:19:48,43.3554039001465,-8.45804691314697,"Unknown"
"7014853",371857,2025-11-06 08:29:48,43.3554267883301,-8.45796966552734,"Unknown"
"7014853",371857,2025-11-06 08:39:48,43.3554153442383,-8.4579906463623,"Unknown"
"7014853",371857,2025-11-06 08:49:48,43.3554039001465,-8.4580078125,"Unknown"
"7014853",371857,2025-11-06 08:59:48,43.3554649353027,-8.45802879333496,"Unknown"
"7014853",371857,2025-11-06 09:09:48,43.3554344177246,-8.45790195465088,"Unknown"
"7014853",371857,2025-11-06 09:19:48,43.3554954528809,-8.45785903930664,"Unknown"
"7014853",371857,2025-11-06 09:29:48,43.3556022644043,-8.45806980133057,"Unknown"
"7014853",371857,2025-11-06 09:40:05,43.355525970459,-8.45802783966064,"Unknown"
"7014853",371857,2025-11-06 09:49:37,43.35546875,-8.45793151855469,"Unknown"
"7014853",371857,2025-11-06 09:59:37,43.3554763793945,-8.45799732208252,"Unknown"
"7014853",371857,2025-11-06 10:09:36,43.3554725646973,-8.45802402496338,"Unknown"
"7014853",371857,2025-11-06 10:19:36,43.3554611206055,-8.45801258087158,"Unknown"
"7014853",371857,2025-11-06 10:29:36,43.3554077148438,-8.45805549621582,"Unknown"
"7014853",371857,2025-11-06 10:39:36,43.3555717468262,-8.4578161239624,"Unknown"
"7014853",371857,2025-11-06 10:49:39,43.3557586669922,-8.45790672302246,"Unknown"
"7014853",371857,2025-11-06 10:59:42,43.356559753418,-8.45823287963867,"Unknown"
"7014853",371857,2025-11-06 11:09:36,43.3638877868652,-8.45878410339355,"Unknown"
"7014853",371857,2025-11-06 11:19:37,43.3611869812012,-8.4593563079834,"Unknown"
"7014853",371857,2025-11-06 11:30:05,43.359016418457,-8.46572685241699,"Unknown"
"7014853",371857,2025-11-06 11:39:37,43.3525314331055,-8.47802639007568,"Unknown"
"7014853",371857,2025-11-06 11:49:37,43.3523063659668,-8.47808074951172,"Unknown"
"7014853",371857,2025-11-06 11:59:48,43.3522834777832,-8.4783878326416,"Unknown"
"7014853",371857,2025-11-06 12:10:15,43.3543395996094,-8.47389221191406,"Unknown"
"7014853",371857,2025-11-06 12:20:06,43.3551864624023,-8.47377395629883,"Unknown"
"7014853",371857,2025-11-06 12:29:39,43.3544998168945,-8.47371292114258,"Unknown"
"7014853",371857,2025-11-06 12:39:37,43.3545417785645,-8.47377967834473,"Unknown"
"7014853",371857,2025-11-06 12:49:38,43.3544845581055,-8.47385597229004,"Unknown"
"7014853",371857,2025-11-06 12:59:37,43.3544883728027,-8.47397041320801,"Unknown"
"7014853",371857,2025-11-06 13:09:38,43.3545532226562,-8.47390460968018,"Unknown"
"7014853",371857,2025-11-06 13:19:57,43.3545951843262,-8.47371101379395,"Unknown"
"7014853",371857,2025-11-06 13:29:55,43.3543739318848,-8.47383403778076,"Unknown"
"7014853",371857,2025-11-06 13:39:37,43.3528442382812,-8.47746181488037,"Unknown"
"7014853",371857,2025-11-06 13:49:40,43.3526458740234,-8.47927665710449,"Unknown"
"7014853",371857,2025-11-06 13:59:42,43.3528442382812,-8.47900485992432,"Unknown"
"7014853",371857,2025-11-06 14:10:05,43.352466583252,-8.4789924621582,"Unknown"
"7014853",371857,2025-11-06 14:19:37,43.3525123596191,-8.47938919067383,"Unknown"
"7014853",371857,2025-11-06 14:29:37,43.3523979187012,-8.47890663146973,"Unknown"
"7014853",371857,2025-11-06 14:39:36,43.3524894714355,-8.4790506362915,"Unknown"
"7014853",371857,2025-11-06 14:49:38,43.3524780273438,-8.4790563583374,"Unknown"
"7014853",371857,2025-11-06 14:59:36,43.3524131774902,-8.47904300689697,"Unknown"
"7014853",371857,2025-11-06 15:09:39,43.3524932861328,-8.47926616668701,"Unknown"
"7014853",371857,2025-11-06 15:19:36,43.3523063659668,-8.47915840148926,"Unknown"
"7014853",371857,2025-11-06 15:29:39,43.3524055480957,-8.47924709320068,"Unknown"
"7014853",371857,2025-11-06 15:39:36,43.3523712158203,-8.47920989990234,"Unknown"
"7014853",371857,2025-11-06 15:49:46,43.3524208068848,-8.47926425933838,"Unknown"
"7014853",371857,2025-11-06 16:00:05,43.3523864746094,-8.4791955947876,"Unknown"
"7014853",371857,2025-11-06 16:09:45,43.3523368835449,-8.47917747497559,"Unknown"
"7014853",371857,2025-11-06 16:19:37,43.3510818481445,-8.47913837432861,"Unknown"
"7014853",371857,2025-11-06 16:29:50,43.3512725830078,-8.4784107208252,"Unknown"
"7014853",371857,2025-11-06 16:39:47,43.3512382507324,-8.47835063934326,"Unknown"
"7014853",371857,2025-11-06 16:49:42,43.3512001037598,-8.47839641571045,"Unknown"
"7014853",371857,2025-11-06 16:59:38,43.3763618469238,-8.42638969421387,"Unknown"
"7014853",371857,2025-11-06 17:09:38,43.359619140625,-8.40057373046875,"Unknown"
"7014853",371857,2025-11-06 17:19:39,43.3596534729004,-8.40062141418457,"Unknown"
"7014853",371857,2025-11-06 17:29:41,43.3596458435059,-8.40055561065674,"Unknown"
"7014853",371857,2025-11-06 17:40:05,43.3596649169922,-8.40060424804688,"Unknown"
"7014853",371857,2025-11-06 17:49:37,43.3597526550293,-8.40076923370361,"Unknown"
"7014853",371857,2025-11-06 17:58:10,43.3596305847168,-8.40062618255615,"Unknown"
"7014853",371857,2025-11-06 22:58:35,43.3599624633789,-8.40271186828613,"Unknown"
"7014853",371857,2025-11-07 03:58:35,43.3599815368652,-8.40258598327637,"Unknown"
"7014853",371857,2025-11-07 07:21:35,43.3596687316895,-8.40170955657959,"Unknown"
"7014853",371857,2025-11-07 07:31:00,43.3598136901855,-8.40148639678955,"Unknown"
"7014853",371857,2025-11-07 07:41:00,43.3594360351562,-8.40159702301025,"Unknown"
"7014853",371857,2025-11-07 07:51:03,43.3596153259277,-8.40168571472168,"Unknown"
"7014853",371857,2025-11-07 08:01:03,43.3597259521484,-8.40177822113037,"Unknown"
"7014853",371857,2025-11-07 08:11:02,43.3596687316895,-8.40176105499268,"Unknown"
"7014853",371857,2025-11-07 08:21:02,43.3597068786621,-8.40159225463867,"Unknown"
"7014853",371857,2025-11-07 08:31:10,43.3595924377441,-8.40152072906494,"Unknown"
"7014853",371857,2025-11-07 08:41:03,43.359733581543,-8.40204906463623,"Unknown"
"7014853",371857,2025-11-07 08:51:03,43.359748840332,-8.40207958221436,"Unknown"
"7014853",371857,2025-11-07 09:01:12,43.3599624633789,-8.40255355834961,"Unknown"
"7014853",371857,2025-11-07 09:11:00,43.3596267700195,-8.4016637802124,"Unknown"
"7014853",371857,2025-11-07 09:21:01,43.3601951599121,-8.40282821655273,"Unknown"
"7014853",371857,2025-11-07 09:31:01,43.3601837158203,-8.40293979644775,"Unknown"
"7014853",371857,2025-11-07 09:41:02,43.3601837158203,-8.40286254882812,"Unknown"
"7014853",371857,2025-11-07 09:51:14,43.3599281311035,-8.40235900878906,"Unknown"
"7014853",371857,2025-11-07 10:01:03,43.3598251342773,-8.4024715423584,"Unknown"
"7014853",371857,2025-11-07 10:11:03,43.3601417541504,-8.40343379974365,"Unknown"
"7014853",371857,2025-11-07 10:21:03,43.3600234985352,-8.40306186676025,"Unknown"
"7014853",371857,2025-11-07 10:31:13,43.3599700927734,-8.40274715423584,"Unknown"
"7014853",371857,2025-11-07 10:41:03,43.3600120544434,-8.40269565582275,"Unknown"
"7014853",371857,2025-11-07 10:51:14,43.3599662780762,-8.40249156951904,"Unknown"
"7014853",371857,2025-11-07 11:01:00,43.3600082397461,-8.40281677246094,"Unknown"
"7014853",371857,2025-11-07 11:11:01,43.3598976135254,-8.40281867980957,"Unknown"
"7014853",371857,2025-11-07 11:21:07,43.359790802002,-8.4082727432251,"Unknown"
"7014853",371857,2025-11-07 11:31:07,43.3535766601562,-8.42480182647705,"Unknown"
"7014853",371857,2025-11-07 11:41:14,43.3541946411133,-8.42497062683105,"Unknown"
"7014853",371857,2025-11-07 11:51:13,43.3504295349121,-8.43388748168945,"Unknown"
"7014853",371857,2025-11-07 12:01:35,43.3564224243164,-8.45723915100098,"Unknown"
"7014853",371857,2025-11-07 12:11:00,43.3565216064453,-8.45733261108398,"Unknown"
"7014853",371857,2025-11-07 12:21:03,43.3567314147949,-8.45720481872559,"Unknown"
"7014853",371857,2025-11-07 12:31:45,43.3566741943359,-8.45548725128174,"Unknown"
"7014853",371857,2025-11-07 12:41:58,43.3563423156738,-8.45758152008057,"Unknown"
"7014853",371857,2025-11-07 12:52:25,43.3566093444824,-8.45666313171387,"Unknown"
"7014853",371857,2025-11-07 13:02:05,43.3563423156738,-8.45712947845459,"Unknown"
"7014853",371857,2025-11-07 13:11:08,43.3561897277832,-8.45734977722168,"Unknown"
"7014853",371857,2025-11-07 13:21:01,43.3550109863281,-8.45822143554688,"Unknown"
"7014853",371857,2025-11-07 13:31:00,43.3556251525879,-8.45844459533691,"Unknown"
"7014853",371857,2025-11-07 13:41:04,43.3553810119629,-8.45838928222656,"Unknown"
"7014853",371857,2025-11-07 14:01:10,43.3716468811035,-8.45121002197266,"Unknown"
"7014853",371857,2025-11-07 14:11:09,43.3764533996582,-8.45159721374512,"Unknown"
"7014853",371857,2025-11-07 14:21:09,43.3766403198242,-8.45152378082275,"Unknown"
"7014853",371857,2025-11-07 14:31:06,43.376522064209,-8.4515266418457,"Unknown"
"7014853",371857,2025-11-07 14:41:26,43.3767127990723,-8.45143890380859,"Unknown"
"7014853",371857,2025-11-07 14:51:14,43.3765335083008,-8.45154762268066,"Unknown"
"7014853",371857,2025-11-07 15:01:02,43.3766098022461,-8.45157241821289,"Unknown"
"7014853",371857,2025-11-07 15:11:06,43.378776550293,-8.431715965271,"Unknown"
"7014853",371857,2025-11-07 15:21:08,43.3705444335938,-8.41520309448242,"Unknown"
"7014853",371857,2025-11-07 15:31:09,43.369312286377,-8.41570377349854,"Unknown"
"7014853",371857,2025-11-07 15:41:14,43.3692436218262,-8.41565322875977,"Unknown"
"7014853",371857,2025-11-07 15:51:14,43.3692779541016,-8.41551494598389,"Unknown"
"7014853",371857,2025-11-07 16:01:00,43.3693008422852,-8.41557121276855,"Unknown"
"7014853",371857,2025-11-07 16:11:06,43.3693389892578,-8.41550064086914,"Unknown"
"7014853",371857,2025-11-07 16:21:01,43.3693389892578,-8.41553497314453,"Unknown"
"7014853",371857,2025-11-07 16:31:00,43.3694076538086,-8.41541481018066,"Unknown"
"7014853",371857,2025-11-07 16:41:08,43.3690567016602,-8.41569042205811,"Unknown"
"7014853",371857,2025-11-07 16:51:44,43.3596076965332,-8.40023708343506,"Unknown"
"7014853",371857,2025-11-07 17:01:04,43.3595886230469,-8.40034294128418,"Unknown"
"7014853",371857,2025-11-07 17:11:00,43.3596343994141,-8.40006923675537,"Unknown"
"7014853",371857,2025-11-07 17:21:02,43.3596725463867,-8.39992809295654,"Unknown"
"7014853",371857,2025-11-07 17:31:01,43.3596992492676,-8.39987945556641,"Unknown"
"7014853",371857,2025-11-07 17:41:03,43.3596725463867,-8.39967346191406,"Unknown"
"7014853",371857,2025-11-07 17:51:34,43.359619140625,-8.40021896362305,"Unknown"
"7014853",371857,2025-11-07 17:56:26,43.3595962524414,-8.4002513885498,"Unknown"
"7014853",371857,2025-11-07 22:56:46,43.3595771789551,-8.40100193023682,"Unknown"
"7014853",371857,2025-11-08 03:57:21,43.359920501709,-8.40266418457031,"Unknown"
"7014853",371857,2025-11-08 07:22:36,43.359489440918,-8.40173721313477,"Unknown"
"7014853",371857,2025-11-08 07:32:34,43.3595657348633,-8.40122985839844,"Unknown"
"7014853",371857,2025-11-08 07:42:25,43.3593559265137,-8.40143203735352,"Unknown"
"7014853",371857,2025-11-08 07:52:24,43.3594436645508,-8.40156269073486,"Unknown"
"7014853",371857,2025-11-08 08:02:26,43.3596076965332,-8.40119171142578,"Unknown"
"7014853",371857,2025-11-08 08:12:26,43.3595962524414,-8.40137100219727,"Unknown"
"7014853",371857,2025-11-08 08:22:27,43.3595848083496,-8.40131187438965,"Unknown"
"7014853",371857,2025-11-08 08:32:28,43.3596496582031,-8.40125465393066,"Unknown"
"7014853",371857,2025-11-08 08:42:27,43.3599815368652,-8.4016284942627,"Unknown"
"7014853",371857,2025-11-08 08:52:25,43.3598785400391,-8.40164661407471,"Unknown"
"7014853",371857,2025-11-08 09:02:26,43.359992980957,-8.40180110931396,"Unknown"
"7014853",371857,2025-11-08 09:12:24,43.359806060791,-8.4014892578125,"Unknown"
"7014853",371857,2025-11-08 09:22:24,43.3591804504395,-8.40078163146973,"Unknown"
"7014853",371857,2025-11-08 09:32:24,43.3595085144043,-8.40149593353271,"Unknown"
"7014853",371857,2025-11-08 09:42:24,43.3581008911133,-8.40118408203125,"Unknown"
"7014853",371857,2025-11-08 09:52:24,43.3586349487305,-8.40002250671387,"Unknown"
"7014853",371857,2025-11-08 10:02:25,43.3588905334473,-8.40019416809082,"Unknown"
"7014853",371857,2025-11-08 10:12:36,43.3597831726074,-8.40160083770752,"Unknown"
"7014853",371857,2025-11-08 10:22:26,43.3597221374512,-8.40163707733154,"Unknown"
"7014853",371857,2025-11-08 10:32:25,43.3595695495605,-8.40182685852051,"Unknown"
"7014853",371857,2025-11-08 10:42:25,43.3596076965332,-8.40184593200684,"Unknown"
"7014853",371857,2025-11-08 10:52:24,43.3558387756348,-8.40635204315186,"Unknown"
"7014853",371857,2025-11-08 11:02:24,43.3526268005371,-8.41788768768311,"Unknown"
"7014853",371857,2025-11-08 11:12:24,43.3538131713867,-8.41733169555664,"Unknown"
"7014853",371857,2025-11-08 11:22:24,43.3527069091797,-8.4179162979126,"Unknown"
"7014853",371857,2025-11-08 11:32:24,43.3520812988281,-8.42720317840576,"Unknown"
"7014853",371857,2025-11-08 11:42:25,43.3549499511719,-8.45822048187256,"Unknown"
"7014853",371857,2025-11-08 11:52:25,43.3545761108398,-8.45874118804932,"Unknown"
"7014853",371857,2025-11-08 12:02:25,43.3545074462891,-8.45917892456055,"Unknown"
"7014853",371857,2025-11-08 12:12:36,43.3592720031738,-8.46575164794922,"Unknown"
"7014853",371857,2025-11-08 12:22:31,43.3598976135254,-8.46513652801514,"Unknown"
"7014853",371857,2025-11-08 12:32:31,43.359920501709,-8.4651460647583,"Unknown"
"7014853",371857,2025-11-08 12:42:31,43.3600120544434,-8.46505069732666,"Unknown"
"7014853",371857,2025-11-08 12:52:30,43.3596687316895,-8.46524620056152,"Unknown"
"7014853",371857,2025-11-08 13:02:24,43.3598175048828,-8.46523761749268,"Unknown"
"7014853",371857,2025-11-08 13:12:26,43.3597030639648,-8.46518993377686,"Unknown"
"7014853",371857,2025-11-08 13:22:27,43.3597679138184,-8.46535301208496,"Unknown"
"7014853",371857,2025-11-08 13:32:25,43.3598937988281,-8.46511745452881,"Unknown"
"7014853",371857,2025-11-08 13:42:27,43.3596878051758,-8.46523666381836,"Unknown"
"7014853",371857,2025-11-08 13:52:26,43.3591842651367,-8.46601390838623,"Unknown"
"7014853",371857,2025-11-08 14:02:25,43.3597984313965,-8.46571063995361,"Unknown"
"7014853",371857,2025-11-08 14:12:30,43.3597679138184,-8.46550750732422,"Unknown"
"7014853",371857,2025-11-08 14:22:25,43.3614082336426,-8.4636926651001,"Unknown"
"7014853",371857,2025-11-08 14:32:24,43.3596801757812,-8.40089416503906,"Unknown"
"7014853",371857,2025-11-08 14:42:40,43.3597946166992,-8.40118408203125,"Unknown"
"7014853",371857,2025-11-08 14:52:24,43.3597564697266,-8.4011058807373,"Unknown"
"7014853",371857,2025-11-08 15:02:24,43.3599128723145,-8.4012451171875,"Unknown"
"7014853",371857,2025-11-08 15:12:24,43.3597564697266,-8.40104103088379,"Unknown"
"7014853",371857,2025-11-08 15:22:24,43.3596382141113,-8.4009952545166,"Unknown"
"7014853",371857,2025-11-08 15:32:25,43.3597602844238,-8.39717769622803,"Unknown"
"7014853",371857,2025-11-08 15:42:25,43.3596801757812,-8.39745616912842,"Unknown"
"7014853",371857,2025-11-08 15:52:25,43.3596267700195,-8.39757537841797,"Unknown"
"7014853",371857,2025-11-08 16:02:24,43.3595924377441,-8.39749622344971,"Unknown"
"7014853",371857,2025-11-08 16:12:25,43.3596725463867,-8.3978328704834,"Unknown"
"7014853",371857,2025-11-08 16:22:24,43.3596000671387,-8.39777946472168,"Unknown"
"7014853",371857,2025-11-08 16:32:30,43.3596343994141,-8.39792156219482,"Unknown"
"7014853",371857,2025-11-08 16:42:36,43.3594551086426,-8.39851188659668,"Unknown"
"7014853",371857,2025-11-08 16:52:30,43.3594512939453,-8.39932441711426,"Unknown"
"7014853",371857,2025-11-08 17:02:28,43.3595085144043,-8.39925956726074,"Unknown"
"7014853",371857,2025-11-08 17:12:37,43.3595237731934,-8.39950180053711,"Unknown"
"7014853",371857,2025-11-08 17:22:44,43.3596458435059,-8.3998384475708,"Unknown"
"7014853",371857,2025-11-08 17:32:31,43.3596496582031,-8.39998340606689,"Unknown"
"7014853",371857,2025-11-08 17:42:28,43.3604507446289,-8.39971923828125,"Unknown"
"7014853",371857,2025-11-08 17:52:44,43.3594703674316,-8.39994335174561,"Unknown"
"7014853",371857,2025-11-08 17:55:36,43.3596267700195,-8.40003871917725,"Unknown"
"7014853",371857,2025-11-08 22:55:45,43.359748840332,-8.39993381500244,"Unknown"
"7014853",371857,2025-11-09 03:56:02,43.3596038818359,-8.40089321136475,"Unknown"
"7014853",371857,2025-11-09 07:24:05,43.359546661377,-8.40160083770752,"Unknown"
"7014853",371857,2025-11-09 07:33:41,43.3595962524414,-8.40158367156982,"Unknown"
"7014853",371857,2025-11-09 07:43:51,43.359561920166,-8.40162563323975,"Unknown"
"7014853",371857,2025-11-09 07:53:42,43.359489440918,-8.40158176422119,"Unknown"
"7014853",371857,2025-11-09 08:03:42,43.3595695495605,-8.40187072753906,"Unknown"
"7014853",371857,2025-11-09 08:13:45,43.3595504760742,-8.40178489685059,"Unknown"
"7014853",371857,2025-11-09 08:23:45,43.3593826293945,-8.4010705947876,"Unknown"
"7014853",371857,2025-11-09 08:33:41,43.3596343994141,-8.40191650390625,"Unknown"
"7014853",371857,2025-11-09 08:43:49,43.3595504760742,-8.40182209014893,"Unknown"
"7014853",371857,2025-11-09 08:53:48,43.3594169616699,-8.40193462371826,"Unknown"
"7014853",371857,2025-11-09 09:03:45,43.3597984313965,-8.40170288085938,"Unknown"
"7014853",371857,2025-11-09 09:13:49,43.3596496582031,-8.40136909484863,"Unknown"
"7014853",371857,2025-11-09 09:23:49,43.3597869873047,-8.40111923217773,"Unknown"
"7014853",371857,2025-11-09 09:33:48,43.359130859375,-8.40059185028076,"Unknown"
"7014853",371857,2025-11-09 09:43:51,43.3590812683105,-8.40072631835938,"Unknown"
"7014853",371857,2025-11-09 09:53:51,43.3588523864746,-8.40087604522705,"Unknown"
"7014853",371857,2025-11-09 10:04:05,43.3491363525391,-8.41244029998779,"Unknown"
"7014853",371857,2025-11-09 10:13:41,43.3446922302246,-8.44645500183105,"Unknown"
"7014853",371857,2025-11-09 10:23:42,43.3400917053223,-8.45501804351807,"Unknown"
"7014853",371857,2025-11-09 10:33:42,43.3400421142578,-8.45533466339111,"Unknown"
"7014853",371857,2025-11-09 10:43:41,43.3399772644043,-8.45518970489502,"Unknown"
"7014853",371857,2025-11-09 10:53:41,43.3400459289551,-8.45528030395508,"Unknown"
"7014853",371857,2025-11-09 11:03:41,43.340087890625,-8.45538997650146,"Unknown"
"7014853",371857,2025-11-09 11:13:42,43.3401756286621,-8.45565223693848,"Unknown"
"7014853",371857,2025-11-09 11:23:43,43.3400688171387,-8.45517444610596,"Unknown"
"7014853",371857,2025-11-09 11:33:59,43.3399124145508,-8.45460414886475,"Unknown"
"7014853",371857,2025-11-09 11:43:43,43.3454208374023,-8.45242214202881,"Unknown"
"7014853",371857,2025-11-09 11:53:56,43.356502532959,-8.4569730758667,"Unknown"
"7014853",371857,2025-11-09 12:03:57,43.3561058044434,-8.45670127868652,"Unknown"
"7014853",371857,2025-11-09 12:13:48,43.3561706542969,-8.45665645599365,"Unknown"
"7014853",371857,2025-11-09 12:24:05,43.3562088012695,-8.45709037780762,"Unknown"
"7014853",371857,2025-11-09 12:33:41,43.3564682006836,-8.45721530914307,"Unknown"
"7014853",371857,2025-11-09 12:43:42,43.3561248779297,-8.45787906646729,"Unknown"
"7014853",371857,2025-11-09 12:53:41,43.356273651123,-8.45786285400391,"Unknown"
"7014853",371857,2025-11-09 13:03:47,43.356388092041,-8.45683193206787,"Unknown"
"7014853",371857,2025-11-09 13:14:04,43.3562393188477,-8.45710468292236,"Unknown"
"7014853",371857,2025-11-09 13:53:45,43.340160369873,-8.45439434051514,"Unknown"
"7014853",371857,2025-11-09 14:04:05,43.3401756286621,-8.45511436462402,"Unknown"
"7014853",371857,2025-11-09 14:13:42,43.3402824401855,-8.45492553710938,"Unknown"
"7014853",371857,2025-11-09 14:23:48,43.3402214050293,-8.45532608032227,"Unknown"
"7014853",371857,2025-11-09 14:33:43,43.34033203125,-8.45462703704834,"Unknown"
"7014853",371857,2025-11-09 14:43:43,43.3413200378418,-8.4560718536377,"Unknown"
"7014853",371857,2025-11-09 14:53:46,43.3411636352539,-8.45526695251465,"Unknown"
"7014853",371857,2025-11-09 15:03:45,43.3411865234375,-8.45507335662842,"Unknown"
"7014853",371857,2025-11-09 15:13:41,43.3414764404297,-8.45203971862793,"Unknown"
"7014853",371857,2025-11-09 15:23:47,43.3524589538574,-8.4175500869751,"Unknown"
"7014853",371857,2025-11-09 15:34:02,43.3527336120605,-8.41768360137939,"Unknown"
"7014853",371857,2025-11-09 15:44:05,43.3527374267578,-8.41774082183838,"Unknown"
"7014853",371857,2025-11-09 15:53:42,43.3597412109375,-8.40073204040527,"Unknown"
"7014853",371857,2025-11-09 16:03:41,43.3597450256348,-8.40063285827637,"Unknown"
"7014853",371857,2025-11-09 16:13:42,43.3597221374512,-8.40068244934082,"Unknown"
"7014853",371857,2025-11-09 16:23:40,43.360481262207,-8.40259170532227,"Unknown"
"7014853",371857,2025-11-09 16:33:42,43.3596115112305,-8.40218257904053,"Unknown"
"7014853",371857,2025-11-09 16:43:42,43.3595504760742,-8.4019136428833,"Unknown"
"7014853",371857,2025-11-09 16:53:43,43.3595886230469,-8.402024269104,"Unknown"
"7014853",371857,2025-11-09 17:03:41,43.3595695495605,-8.4019775390625,"Unknown"
"7014853",371857,2025-11-09 17:13:42,43.3595085144043,-8.40185260772705,"Unknown"
"7014853",371857,2025-11-09 17:23:41,43.359561920166,-8.40186882019043,"Unknown"
"7014853",371857,2025-11-09 17:33:42,43.3594932556152,-8.40181350708008,"Unknown"
"7014853",371857,2025-11-09 17:43:42,43.3594093322754,-8.40057468414307,"Unknown"
"7014853",371857,2025-11-09 17:54:52,43.3595848083496,-8.40078067779541,"Unknown"
"7014853",371857,2025-11-09 22:55:14,43.3597755432129,-8.40052509307861,"Unknown"
"7014853",371857,2025-11-10 03:55:14,43.3593597412109,-8.40171527862549,"Unknown"
"7014853",371857,2025-11-10 07:25:00,43.3594017028809,-8.4017162322998,"Unknown"
"7014853",371857,2025-11-10 07:35:00,43.3597221374512,-8.4015645980835,"Unknown"
"7014853",371857,2025-11-10 07:45:01,43.359977722168,-8.40120315551758,"Unknown"
"7014853",371857,2025-11-10 07:54:59,43.3598480224609,-8.40144634246826,"Unknown"
"7014853",371857,2025-11-10 08:05:01,43.3597831726074,-8.40157318115234,"Unknown"
"7014853",371857,2025-11-10 08:15:01,43.3598670959473,-8.40156555175781,"Unknown"
"7014853",371857,2025-11-10 08:24:59,43.359748840332,-8.40167999267578,"Unknown"
"7014853",371857,2025-11-10 08:34:59,43.3597640991211,-8.40172863006592,"Unknown"
"7014853",371857,2025-11-10 08:44:59,43.3595085144043,-8.40192031860352,"Unknown"
"7014853",371857,2025-11-10 08:54:59,43.3594741821289,-8.4019021987915,"Unknown"
"7014853",371857,2025-11-10 09:04:59,43.359504699707,-8.40191745758057,"Unknown"
"7014853",371857,2025-11-10 09:15:00,43.3594131469727,-8.40206909179688,"Unknown"
"7014853",371857,2025-11-10 09:25:00,43.3595809936523,-8.4017972946167,"Unknown"
"7014853",371857,2025-11-10 09:34:59,43.3594627380371,-8.40180206298828,"Unknown"
"7014853",371857,2025-11-10 09:44:59,43.3595924377441,-8.40207099914551,"Unknown"
"7014853",371857,2025-11-10 09:54:59,43.359302520752,-8.40235710144043,"Unknown"
"7014853",371857,2025-11-10 10:04:59,43.3595542907715,-8.40213680267334,"Unknown"
"7014853",371857,2025-11-10 10:14:59,43.3595275878906,-8.40223026275635,"Unknown"
"7014853",371857,2025-11-10 10:24:59,43.3595886230469,-8.4021520614624,"Unknown"
"7014853",371857,2025-11-10 10:35:01,43.3600959777832,-8.40297889709473,"Unknown"
"7014853",371857,2025-11-10 10:45:00,43.3600959777832,-8.40296077728271,"Unknown"
"7014853",371857,2025-11-10 10:54:59,43.3603820800781,-8.40265560150146,"Unknown"
"7014853",371857,2025-11-10 11:04:59,43.3520202636719,-8.44093322753906,"Unknown"
"7014853",371857,2025-11-10 11:14:59,43.3565521240234,-8.45727920532227,"Unknown"
"7014853",371857,2025-11-10 11:24:59,43.3564949035645,-8.45713520050049,"Unknown"
"7014853",371857,2025-11-10 11:35:02,43.3563575744629,-8.45706272125244,"Unknown"
"7014853",371857,2025-11-10 11:45:12,43.3568153381348,-8.45750331878662,"Unknown"
"7014853",371857,2025-11-10 11:55:05,43.3563117980957,-8.45751857757568,"Unknown"
"7014853",371857,2025-11-10 12:05:11,43.3560562133789,-8.45737266540527,"Unknown"
"7014853",371857,2025-11-10 12:15:12,43.3563041687012,-8.45677471160889,"Unknown"
"7014853",371857,2025-11-10 12:25:07,43.356616973877,-8.45706462860107,"Unknown"
"7014853",371857,2025-11-10 12:35:00,43.3564987182617,-8.45719242095947,"Unknown"
"7014853",371857,2025-11-10 12:45:00,43.3405113220215,-8.45476722717285,"Unknown"
"7014853",371857,2025-11-10 12:54:59,43.3552703857422,-8.45780467987061,"Unknown"
"7014853",371857,2025-11-10 13:04:59,43.3551063537598,-8.45792961120605,"Unknown"
"7014853",371857,2025-11-10 13:14:59,43.3553352355957,-8.45780372619629,"Unknown"
"7014853",371857,2025-11-10 13:25:00,43.3552742004395,-8.45790672302246,"Unknown"
"7014853",371857,2025-11-10 13:35:01,43.3552589416504,-8.45801734924316,"Unknown"
"7014853",371857,2025-11-10 13:45:00,43.355281829834,-8.45797252655029,"Unknown"
"7014853",371857,2025-11-10 13:54:59,43.3551445007324,-8.45759105682373,"Unknown"
"7014853",371857,2025-11-10 14:04:59,43.3550987243652,-8.45768451690674,"Unknown"
"7014853",371857,2025-11-10 14:15:01,43.3552932739258,-8.45787239074707,"Unknown"
"7014853",371857,2025-11-10 14:25:01,43.3551139831543,-8.45734024047852,"Unknown"
"7014853",371857,2025-11-10 14:35:00,43.3551712036133,-8.45735836029053,"Unknown"
"7014853",371857,2025-11-10 14:45:00,43.3553581237793,-8.45783233642578,"Unknown"
"7014853",371857,2025-11-10 14:55:07,43.3541717529297,-8.45875835418701,"Unknown"
"7014853",371857,2025-11-10 15:05:05,43.3573570251465,-8.4572696685791,"Unknown"
"7014853",371857,2025-11-10 15:15:06,43.3567924499512,-8.45706844329834,"Unknown"
"7014853",371857,2025-11-10 15:25:29,43.356502532959,-8.45701503753662,"Unknown"
"7014853",371857,2025-11-10 15:34:59,43.356273651123,-8.45710372924805,"Unknown"
"7014853",371857,2025-11-10 15:44:59,43.3561973571777,-8.45692825317383,"Unknown"
"7014853",371857,2025-11-10 15:55:14,43.356128692627,-8.4569091796875,"Unknown"
"7014853",371857,2025-11-10 16:04:59,43.3560638427734,-8.4568567276001,"Unknown"
"7014853",371857,2025-11-10 16:14:59,43.3499412536621,-8.42734813690186,"Unknown"
"7014853",371857,2025-11-10 16:24:58,43.3498954772949,-8.42731761932373,"Unknown"
"7014853",371857,2025-11-10 16:34:59,43.3503074645996,-8.42772674560547,"Unknown"
"7014853",371857,2025-11-10 16:45:00,43.3503456115723,-8.42781734466553,"Unknown"
"7014853",371857,2025-11-10 16:54:59,43.3597183227539,-8.40074825286865,"Unknown"
"7014853",371857,2025-11-10 17:04:59,43.359691619873,-8.40072917938232,"Unknown"
"7014853",371857,2025-11-10 17:14:59,43.3596076965332,-8.40064907073975,"Unknown"
"7014853",371857,2025-11-10 17:25:03,43.3595695495605,-8.40061855316162,"Unknown"
"7014853",371857,2025-11-10 17:35:04,43.3595771789551,-8.40053844451904,"Unknown"
"7014853",371857,2025-11-10 17:45:14,43.3597793579102,-8.40089702606201,"Unknown"
"7014853",371857,2025-11-10 17:53:37,43.3598403930664,-8.40094661712646,"Unknown"
"7014853",371857,2025-11-10 22:54:05,43.3600044250488,-8.40269374847412,"Unknown"
"7014853",371857,2025-11-11 03:54:05,43.3600234985352,-8.40277481079102,"Unknown"
"7014853",371857,2025-11-11 07:26:31,43.3606033325195,-8.40321254730225,"Unknown"
"7014853",371857,2025-11-11 07:36:31,43.3617935180664,-8.40040111541748,"Unknown"
"7014853",371857,2025-11-11 07:46:31,43.3619041442871,-8.40051937103271,"Unknown"
"7014853",371857,2025-11-11 07:56:31,43.3620414733887,-8.40096282958984,"Unknown"
"7014853",371857,2025-11-11 08:06:53,43.3613700866699,-8.40328025817871,"Unknown"
"7014853",371857,2025-11-11 08:16:22,43.3624267578125,-8.40432739257812,"Unknown"
"7014853",371857,2025-11-11 08:26:22,43.3615798950195,-8.40333652496338,"Unknown"
"7014853",371857,2025-11-11 08:36:22,43.3619003295898,-8.40359497070312,"Unknown"
"7014853",371857,2025-11-11 08:46:44,43.3614540100098,-8.40318584442139,"Unknown"
"7014853",371857,2025-11-11 08:56:19,43.3614044189453,-8.40335083007812,"Unknown"
"7014853",371857,2025-11-11 09:06:22,43.3616676330566,-8.40342617034912,"Unknown"
"7014853",371857,2025-11-11 09:16:19,43.3593940734863,-8.39957904815674,"Unknown"
"7014853",371857,2025-11-11 09:26:19,43.3599052429199,-8.40269374847412,"Unknown"
"7014853",371857,2025-11-11 09:36:21,43.3600463867188,-8.40292835235596,"Unknown"
"7014853",371857,2025-11-11 09:46:21,43.360725402832,-8.40287113189697,"Unknown"
"7014853",371857,2025-11-11 09:56:36,43.3607063293457,-8.40261459350586,"Unknown"
"7014853",371857,2025-11-11 10:06:44,43.360424041748,-8.40278244018555,"Unknown"
"7014853",371857,2025-11-11 10:16:33,43.3607864379883,-8.40227699279785,"Unknown"
"7014853",371857,2025-11-11 10:26:20,43.3602294921875,-8.40307998657227,"Unknown"
"7014853",371857,2025-11-11 10:36:22,43.3605804443359,-8.40244388580322,"Unknown"
"7014853",371857,2025-11-11 10:46:44,43.3606147766113,-8.40260887145996,"Unknown"
"7014853",371857,2025-11-11 10:56:22,43.3602523803711,-8.40263938903809,"Unknown"
"7014853",371857,2025-11-11 11:06:22,43.3605422973633,-8.40292072296143,"Unknown"
"7014853",371857,2025-11-11 11:16:22,43.3605880737305,-8.4025821685791,"Unknown"
"7014853",371857,2025-11-11 11:26:21,43.3452949523926,-8.43778705596924,"Unknown"
"7014853",371857,2025-11-11 11:36:44,43.3406257629395,-8.45459079742432,"Unknown"
"7014853",371857,2025-11-11 11:46:44,43.3399810791016,-8.45466613769531,"Unknown"
"7014853",371857,2025-11-11 11:56:40,43.3403358459473,-8.45522689819336,"Unknown"
"7014853",371857,2025-11-11 12:06:23,43.3402328491211,-8.4547758102417,"Unknown"
"7014853",371857,2025-11-11 12:16:22,43.3554420471191,-8.45778846740723,"Unknown"
"7014853",371857,2025-11-11 12:26:43,43.3552742004395,-8.45800876617432,"Unknown"
"7014853",371857,2025-11-11 12:36:32,43.3552894592285,-8.45804119110107,"Unknown"
"7014853",371857,2025-11-11 12:46:44,43.3552284240723,-8.45792770385742,"Unknown"
"7014853",371857,2025-11-11 12:56:52,43.355281829834,-8.45812225341797,"Unknown"
"7014853",371857,2025-11-11 13:06:18,43.3552513122559,-8.45815086364746,"Unknown"
"7014853",371857,2025-11-11 13:16:19,43.3552474975586,-8.45813846588135,"Unknown"
"7014853",371857,2025-11-11 13:26:20,43.3541069030762,-8.45861721038818,"Unknown"
"7014853",371857,2025-11-11 13:36:20,43.3403244018555,-8.45414161682129,"Unknown"
"7014853",371857,2025-11-11 13:46:20,43.3404426574707,-8.45466899871826,"Unknown"
"7014853",371857,2025-11-11 13:56:20,43.340145111084,-8.45489406585693,"Unknown"
"7014853",371857,2025-11-11 14:06:24,43.3402938842773,-8.45415496826172,"Unknown"
"7014853",371857,2025-11-11 14:16:23,43.3400993347168,-8.45491886138916,"Unknown"
"7014853",371857,2025-11-11 14:26:19,43.3404197692871,-8.45497894287109,"Unknown"
"7014853",371857,2025-11-11 14:36:31,43.3414192199707,-8.45562076568604,"Unknown"
"7014853",371857,2025-11-11 14:46:22,43.3400802612305,-8.45487785339355,"Unknown"
"7014853",371857,2025-11-11 14:56:19,43.343074798584,-8.45067405700684,"Unknown"
"7014853",371857,2025-11-11 15:06:25,43.3559646606445,-8.45822334289551,"Unknown"
"7014853",371857,2025-11-11 15:16:45,43.3561172485352,-8.45809555053711,"Unknown"
"7014853",371857,2025-11-11 15:26:19,43.3559455871582,-8.45795154571533,"Unknown"
"7014853",371857,2025-11-11 15:36:19,43.3553924560547,-8.45798206329346,"Unknown"
"7014853",371857,2025-11-11 15:46:44,43.35546875,-8.41892528533936,"Unknown"
"7014853",371857,2025-11-11 15:56:26,43.3617553710938,-8.40312576293945,"Unknown"
"7014853",371857,2025-11-11 16:06:21,43.3609733581543,-8.40140151977539,"Unknown"
"7014853",371857,2025-11-11 16:16:23,43.3617515563965,-8.40317630767822,"Unknown"
"7014853",371857,2025-11-11 16:26:20,43.3620567321777,-8.40366840362549,"Unknown"
"7014853",371857,2025-11-11 16:36:45,43.3621406555176,-8.40359210968018,"Unknown"
"7014853",371857,2025-11-11 16:46:19,43.3622665405273,-8.40359306335449,"Unknown"
"7014853",371857,2025-11-11 16:56:19,43.3621253967285,-8.40357303619385,"Unknown"
"7014853",371857,2025-11-11 17:06:19,43.3623085021973,-8.40362644195557,"Unknown"
"7014853",371857,2025-11-11 17:16:19,43.3621215820312,-8.40352058410645,"Unknown"
"7014853",371857,2025-11-11 17:26:19,43.3598556518555,-8.4006872177124,"Unknown"
"7014853",371857,2025-11-11 17:36:45,43.3598213195801,-8.40085792541504,"Unknown"
"7014853",371857,2025-11-11 17:46:31,43.3596649169922,-8.40049743652344,"Unknown"
"7014853",371857,2025-11-11 17:52:57,43.3597564697266,-8.40088558197021,"Unknown"
"7014853",371857,2025-11-11 22:53:05,43.359977722168,-8.40277004241943,"Unknown"
"7014853",371857,2025-11-12 03:53:05,43.359561920166,-8.4019775390625,"Unknown"
"7014853",371857,2025-11-12 07:27:45,43.349494934082,-8.42804527282715,"Unknown"
"7014853",371857,2025-11-12 07:37:30,43.3496589660645,-8.42794036865234,"Unknown"
"7014853",371857,2025-11-12 07:47:45,43.3497619628906,-8.42824840545654,"Unknown"
"7014853",371857,2025-11-12 07:57:22,43.3496208190918,-8.42808437347412,"Unknown"
"7014853",371857,2025-11-12 08:07:26,43.3497695922852,-8.42812633514404,"Unknown"
"7014853",371857,2025-11-12 08:17:44,43.3496971130371,-8.42796516418457,"Unknown"
"7014853",371857,2025-11-12 08:27:23,43.3503341674805,-8.42840385437012,"Unknown"
"7014853",371857,2025-11-12 08:37:32,43.3495788574219,-8.42801761627197,"Unknown"
"7014853",371857,2025-11-12 08:47:53,43.3497161865234,-8.4279842376709,"Unknown"
"7014853",371857,2025-11-12 08:57:20,43.3501205444336,-8.42789268493652,"Unknown"
"7014853",371857,2025-11-12 09:07:21,43.3500366210938,-8.4274435043335,"Unknown"
"7014853",371857,2025-11-12 09:17:22,43.3496971130371,-8.42698955535889,"Unknown"
"7014853",371857,2025-11-12 09:27:24,43.3499641418457,-8.42764091491699,"Unknown"
"7014853",371857,2025-11-12 09:37:25,43.3496894836426,-8.42693901062012,"Unknown"
"7014853",371857,2025-11-12 09:47:28,43.349967956543,-8.42727375030518,"Unknown"
"7014853",371857,2025-11-12 09:57:29,43.3497695922852,-8.42789363861084,"Unknown"
"7014853",371857,2025-11-12 10:07:25,43.3495330810547,-8.42738342285156,"Unknown"
"7014853",371857,2025-11-12 10:17:26,43.3497200012207,-8.42787742614746,"Unknown"
"7014853",371857,2025-11-12 10:27:28,43.3497467041016,-8.42791271209717,"Unknown"
"7014853",371857,2025-11-12 10:37:23,43.3497543334961,-8.42821407318115,"Unknown"
"7014853",371857,2025-11-12 10:47:44,43.3497085571289,-8.42796897888184,"Unknown"
"7014853",371857,2025-11-12 10:57:23,43.3496170043945,-8.42786026000977,"Unknown"
"7014853",371857,2025-11-12 11:07:23,43.349609375,-8.42788600921631,"Unknown"
"7014853",371857,2025-11-12 11:17:25,43.3496322631836,-8.42804431915283,"Unknown"
"7014853",371857,2025-11-12 11:27:22,43.349739074707,-8.42807292938232,"Unknown"
"7014853",371857,2025-11-12 11:37:44,43.349781036377,-8.42807006835938,"Unknown"
"7014853",371857,2025-11-12 11:47:22,43.3497085571289,-8.42811584472656,"Unknown"
"7014853",371857,2025-11-12 11:57:32,43.349609375,-8.42779445648193,"Unknown"
"7014853",371857,2025-11-12 12:07:24,43.3497581481934,-8.42430305480957,"Unknown"
"7014853",371857,2025-11-12 12:17:26,43.3497047424316,-8.42789554595947,"Unknown"
"7014853",371857,2025-11-12 12:27:31,43.3496627807617,-8.42781639099121,"Unknown"
"7014853",371857,2025-11-12 12:37:44,43.3496704101562,-8.42786884307861,"Unknown"
"7014853",371857,2025-11-12 12:47:31,43.3496513366699,-8.4278621673584,"Unknown"
"7014853",371857,2025-11-12 12:57:31,43.349723815918,-8.42784881591797,"Unknown"
"7014853",371857,2025-11-12 13:07:53,43.3496208190918,-8.42795848846436,"Unknown"
"7014853",371857,2025-11-12 13:17:21,43.3496513366699,-8.4279899597168,"Unknown"
"7014853",371857,2025-11-12 13:27:21,43.3495063781738,-8.42793846130371,"Unknown"
"7014853",371857,2025-11-12 13:37:22,43.3556022644043,-8.45794486999512,"Unknown"
"7014853",371857,2025-11-12 13:47:21,43.3556175231934,-8.458176612854,"Unknown"
"7014853",371857,2025-11-12 13:57:22,43.3550148010254,-8.45806503295898,"Unknown"
"7014853",371857,2025-11-12 14:07:25,43.3575553894043,-8.45720291137695,"Unknown"
"7014853",371857,2025-11-12 14:17:22,43.3557319641113,-8.45793628692627,"Unknown"
"7014853",371857,2025-11-12 14:27:44,43.3542747497559,-8.45863914489746,"Unknown"
"7014853",371857,2025-11-12 14:37:26,43.353702545166,-8.45871162414551,"Unknown"
"7014853",371857,2025-11-12 14:47:52,43.3542442321777,-8.45873546600342,"Unknown"
"7014853",371857,2025-11-12 14:57:21,43.3538131713867,-8.45874404907227,"Unknown"
"7014853",371857,2025-11-12 15:07:22,43.3477020263672,-8.45420932769775,"Unknown"
"7014853",371857,2025-11-12 15:17:25,43.3399276733398,-8.45370006561279,"Unknown"
"7014853",371857,2025-11-12 15:27:28,43.3396911621094,-8.45338249206543,"Unknown"
"7014853",371857,2025-11-12 15:37:22,43.3503227233887,-8.427903175354,"Unknown"
"7014853",371857,2025-11-12 15:47:29,43.3505439758301,-8.42799377441406,"Unknown"
"7014853",371857,2025-11-12 15:57:44,43.3504447937012,-8.42801189422607,"Unknown"
"7014853",371857,2025-11-12 16:07:26,43.3504905700684,-8.42765331268311,"Unknown"
"7014853",371857,2025-11-12 16:17:21,43.3506393432617,-8.42783164978027,"Unknown"
"7014853",371857,2025-11-12 16:27:21,43.3506507873535,-8.42797565460205,"Unknown"
"7014853",371857,2025-11-12 16:37:23,43.3595733642578,-8.40141582489014,"Unknown"
"7014853",371857,2025-11-12 16:47:45,43.359447479248,-8.40140056610107,"Unknown"
"7014853",371857,2025-11-12 16:57:24,43.3596611022949,-8.40134239196777,"Unknown"
"7014853",371857,2025-11-12 17:07:26,43.3595771789551,-8.40149211883545,"Unknown"
"7014853",371857,2025-11-12 17:17:22,43.3592796325684,-8.40139961242676,"Unknown"
"7014853",371857,2025-11-12 17:27:23,43.3594741821289,-8.40143966674805,"Unknown"
"7014853",371857,2025-11-12 17:37:45,43.3594703674316,-8.401442527771,"Unknown"
"7014853",371857,2025-11-12 17:47:23,43.3594398498535,-8.40148735046387,"Unknown"
"7014853",371857,2025-11-12 17:51:57,43.3595008850098,-8.4014892578125,"Unknown"
"7014853",371857,2025-11-12 22:52:44,43.3598136901855,-8.40231323242188,"Unknown"
"7014853",371857,2025-11-13 03:52:29,43.361888885498,-8.40358352661133,"Unknown"
"7014853",371857,2025-11-13 07:29:15,43.3520774841309,-8.40219211578369,"Unknown"
"7014853",371857,2025-11-13 07:39:51,43.3521957397461,-8.40565013885498,"Unknown"
"7014853",371857,2025-11-13 07:49:16,43.3519248962402,-8.40596961975098,"Unknown"
"7014853",371857,2025-11-13 07:58:58,43.3582344055176,-8.40492153167725,"Unknown"
"7014853",371857,2025-11-13 08:09:09,43.3597030639648,-8.40177726745605,"Unknown"
"7014853",371857,2025-11-13 08:19:29,43.3595657348633,-8.40182971954346,"Unknown"
"7014853",371857,2025-11-13 08:28:53,43.3585090637207,-8.40065097808838,"Unknown"
"7014853",371857,2025-11-13 08:39:35,43.3596038818359,-8.4018383026123,"Unknown"
"7014853",371857,2025-11-13 08:48:52,43.3596534729004,-8.40186500549316,"Unknown"
"7014853",371857,2025-11-13 08:58:52,43.3597450256348,-8.40185546875,"Unknown"
"7014853",371857,2025-11-13 09:08:53,43.3594207763672,-8.40157318115234,"Unknown"
"7014853",371857,2025-11-13 09:18:52,43.3594169616699,-8.40155792236328,"Unknown"
"7014853",371857,2025-11-13 09:28:56,43.3592910766602,-8.40141487121582,"Unknown"
"7014853",371857,2025-11-13 09:38:59,43.3594741821289,-8.40171432495117,"Unknown"
"7014853",371857,2025-11-13 09:49:12,43.359489440918,-8.40162754058838,"Unknown"
"7014853",371857,2025-11-13 09:58:52,43.3594589233398,-8.40121078491211,"Unknown"
"7014853",371857,2025-11-13 10:08:53,43.3595733642578,-8.40146255493164,"Unknown"
"7014853",371857,2025-11-13 10:18:53,43.3595695495605,-8.4018030166626,"Unknown"
"7014853",371857,2025-11-13 10:28:53,43.3595848083496,-8.40149021148682,"Unknown"
"7014853",371857,2025-11-13 10:38:55,43.3596839904785,-8.40092372894287,"Unknown"
"7014853",371857,2025-11-13 10:49:14,43.3596229553223,-8.40079307556152,"Unknown"
"7014853",371857,2025-11-13 10:59:01,43.3597640991211,-8.40115356445312,"Unknown"
"7014853",371857,2025-11-13 11:08:57,43.3594207763672,-8.40058612823486,"Unknown"
"7014853",371857,2025-11-13 11:19:44,43.3596496582031,-8.4017219543457,"Unknown"
"7014853",371857,2025-11-13 11:28:53,43.3596572875977,-8.4010066986084,"Unknown"
"7014853",371857,2025-11-13 11:38:54,43.3596382141113,-8.40132999420166,"Unknown"
"7014853",371857,2025-11-13 11:49:01,43.3597564697266,-8.40151691436768,"Unknown"
"7014853",371857,2025-11-13 11:58:59,43.3596038818359,-8.40106582641602,"Unknown"
"7014853",371857,2025-11-13 12:08:53,43.3596954345703,-8.40050315856934,"Unknown"
"7014853",371857,2025-11-13 12:18:56,43.3596839904785,-8.40064811706543,"Unknown"
"7014853",371857,2025-11-13 12:29:00,43.3599281311035,-8.40089702606201,"Unknown"
"7014853",371857,2025-11-13 12:38:54,43.3598136901855,-8.40089130401611,"Unknown"
"7014853",371857,2025-11-13 12:49:35,43.359619140625,-8.40069770812988,"Unknown"
"7014853",371857,2025-11-13 12:58:57,43.3595924377441,-8.40084838867188,"Unknown"
"7014853",371857,2025-11-13 13:08:53,43.3601875305176,-8.40663051605225,"Unknown"
"7014853",371857,2025-11-13 13:18:52,43.3505363464355,-8.42296504974365,"Unknown"
"7014853",371857,2025-11-13 13:28:56,43.3501281738281,-8.42773914337158,"Unknown"
"7014853",371857,2025-11-13 13:38:55,43.3504257202148,-8.4316873550415,"Unknown"
"7014853",371857,2025-11-13 13:48:53,43.3543090820312,-8.45853424072266,"Unknown"
"7014853",371857,2025-11-13 13:58:52,43.3542671203613,-8.45864868164062,"Unknown"
"7014853",371857,2025-11-13 14:19:13,43.3403511047363,-8.45421695709229,"Unknown"
"7014853",371857,2025-11-13 14:29:14,43.3402900695801,-8.45555305480957,"Unknown"
"7014853",371857,2025-11-13 14:38:56,43.34033203125,-8.45546817779541,"Unknown"
"7014853",371857,2025-11-13 14:49:01,43.3411407470703,-8.4552059173584,"Unknown"
"7014853",371857,2025-11-13 14:59:14,43.340576171875,-8.45370864868164,"Unknown"
"7014853",371857,2025-11-13 15:08:55,43.3401145935059,-8.45355224609375,"Unknown"
"7014853",371857,2025-11-13 15:18:54,43.3506317138672,-8.4324254989624,"Unknown"
"7014853",371857,2025-11-13 15:29:24,43.3497047424316,-8.43164253234863,"Unknown"
"7014853",371857,2025-11-13 15:39:06,43.3498001098633,-8.42781925201416,"Unknown"
"7014853",371857,2025-11-13 15:49:14,43.3499870300293,-8.42798709869385,"Unknown"
"7014853",371857,2025-11-13 15:59:00,43.3498764038086,-8.427903175354,"Unknown"
"7014853",371857,2025-11-13 16:09:27,43.3496513366699,-8.42768096923828,"Unknown"
"7014853",371857,2025-11-13 16:18:55,43.3496017456055,-8.42771053314209,"Unknown"
"7014853",371857,2025-11-13 16:28:53,43.3600425720215,-8.40441703796387,"Unknown"
"7014853",371857,2025-11-13 16:38:57,43.3596649169922,-8.40148258209229,"Unknown"
"7014853",371857,2025-11-13 16:48:56,43.3595581054688,-8.40177345275879,"Unknown"
"7014853",371857,2025-11-13 16:58:54,43.3595924377441,-8.40175628662109,"Unknown"
"7014853",371857,2025-11-13 17:09:14,43.3596420288086,-8.40155220031738,"Unknown"
"7014853",371857,2025-11-13 17:18:53,43.3596839904785,-8.40141773223877,"Unknown"
"7014853",371857,2025-11-13 17:29:35,43.3595390319824,-8.40153217315674,"Unknown"
"7014853",371857,2025-11-13 17:38:52,43.359619140625,-8.40161514282227,"Unknown"
"7014853",371857,2025-11-13 17:48:54,43.3596343994141,-8.40166091918945,"Unknown"
"7014853",371857,2025-11-13 17:51:02,43.360164642334,-8.4019832611084,"Unknown"
"7014853",371857,2025-11-13 22:51:08,43.3593864440918,-8.40155410766602,"Unknown"
"7014853",371857,2025-11-14 03:51:35,43.3600158691406,-8.40250587463379,"Unknown"
"7014853",371857,2025-11-14 07:30:16,43.3528594970703,-8.40699291229248,"Unknown"
"7014853",371857,2025-11-14 07:40:12,43.3525009155273,-8.40639686584473,"Unknown"
"7014853",371857,2025-11-14 07:50:18,43.3503074645996,-8.42739391326904,"Unknown"
"7014853",371857,2025-11-14 08:00:13,43.3500633239746,-8.42766571044922,"Unknown"
"7014853",371857,2025-11-14 08:10:16,43.3499641418457,-8.4276704788208,"Unknown"
"7014853",371857,2025-11-14 08:20:11,43.3499755859375,-8.42777156829834,"Unknown"
"7014853",371857,2025-11-14 08:30:10,43.3499908447266,-8.42793273925781,"Unknown"
"7014853",371857,2025-11-14 08:40:15,43.3501739501953,-8.42765235900879,"Unknown"
"7014853",371857,2025-11-14 08:50:11,43.3498764038086,-8.42811965942383,"Unknown"
"7014853",371857,2025-11-14 09:00:12,43.3498191833496,-8.42812156677246,"Unknown"
"7014853",371857,2025-11-14 09:10:12,43.3498268127441,-8.42814826965332,"Unknown"
"7014853",371857,2025-11-14 09:20:12,43.3498153686523,-8.42821216583252,"Unknown"
"7014853",371857,2025-11-14 09:30:12,43.3500366210938,-8.42790603637695,"Unknown"
"7014853",371857,2025-11-14 09:40:10,43.3499565124512,-8.42816257476807,"Unknown"
"7014853",371857,2025-11-14 09:50:13,43.350170135498,-8.4278621673584,"Unknown"
"7014853",371857,2025-11-14 10:00:11,43.3501281738281,-8.42806720733643,"Unknown"
"7014853",371857,2025-11-14 10:10:11,43.350170135498,-8.42807960510254,"Unknown"
"7014853",371857,2025-11-14 10:20:11,43.3502044677734,-8.42802619934082,"Unknown"
"7014853",371857,2025-11-14 10:30:11,43.3495903015137,-8.44066905975342,"Unknown"
"7014853",371857,2025-11-14 10:40:15,43.3559494018555,-8.45768547058105,"Unknown"
"7014853",371857,2025-11-14 10:50:11,43.3561210632324,-8.45843696594238,"Unknown"
"7014853",371857,2025-11-14 11:00:11,43.3559608459473,-8.45822334289551,"Unknown"
"7014853",371857,2025-11-14 11:10:11,43.3559341430664,-8.45814609527588,"Unknown"
"7014853",371857,2025-11-14 11:20:10,43.3550643920898,-8.45918273925781,"Unknown"
"7014853",371857,2025-11-14 11:30:15,43.3540687561035,-8.45871257781982,"Unknown"
"7014853",371857,2025-11-14 11:40:18,43.354362487793,-8.45961952209473,"Unknown"
"7014853",371857,2025-11-14 11:50:11,43.3555908203125,-8.45782947540283,"Unknown"
"7014853",371857,2025-11-14 12:00:12,43.3554840087891,-8.45803833007812,"Unknown"
"7014853",371857,2025-11-14 12:10:11,43.355583190918,-8.4579439163208,"Unknown"
"7014853",371857,2025-11-14 12:20:12,43.3546867370605,-8.45861721038818,"Unknown"
"7014853",371857,2025-11-14 12:30:16,43.3404312133789,-8.45424842834473,"Unknown"
"7014853",371857,2025-11-14 12:40:11,43.3401527404785,-8.45503997802734,"Unknown"
"7014853",371857,2025-11-14 12:50:11,43.3400268554688,-8.45529174804688,"Unknown"
"7014853",371857,2025-11-14 13:00:11,43.3400535583496,-8.45513439178467,"Unknown"
"7014853",371857,2025-11-14 13:10:11,43.340087890625,-8.45521068572998,"Unknown"
"7014853",371857,2025-11-14 13:20:11,43.3400993347168,-8.45525550842285,"Unknown"
"7014853",371857,2025-11-14 13:30:11,43.3406143188477,-8.45421123504639,"Unknown"
"7014853",371857,2025-11-14 13:40:11,43.3405799865723,-8.45396327972412,"Unknown"
"7014853",371857,2025-11-14 13:50:16,43.3403511047363,-8.45453643798828,"Unknown"
"7014853",371857,2025-11-14 14:00:13,43.3397903442383,-8.45425987243652,"Unknown"
"7014853",371857,2025-11-14 14:10:11,43.3407325744629,-8.4550085067749,"Unknown"
"7014853",371857,2025-11-14 14:20:13,43.3407096862793,-8.45514297485352,"Unknown"
"7014853",371857,2025-11-14 14:30:13,43.3407249450684,-8.45501708984375,"Unknown"
"7014853",371857,2025-11-14 14:40:16,43.3410224914551,-8.45545959472656,"Unknown"
"7014853",371857,2025-11-14 14:50:15,43.340648651123,-8.45442676544189,"Unknown"
"7014853",371857,2025-11-14 15:00:13,43.3407554626465,-8.45477676391602,"Unknown"
"7014853",371857,2025-11-14 15:10:13,43.3407554626465,-8.45456504821777,"Unknown"
"7014853",371857,2025-11-14 15:20:18,43.3406982421875,-8.4544792175293,"Unknown"
"7014853",371857,2025-11-14 15:30:11,43.3554229736328,-8.45693683624268,"Unknown"
"7014853",371857,2025-11-14 15:40:13,43.3606796264648,-8.45719718933105,"Unknown"
"7014853",371857,2025-11-14 15:50:11,43.3544158935547,-8.45841407775879,"Unknown"
"7014853",371857,2025-11-14 16:00:12,43.3524627685547,-8.45537853240967,"Unknown"
"7014853",371857,2025-11-14 16:10:11,43.3597717285156,-8.39851856231689,"Unknown"
"7014853",371857,2025-11-14 16:20:12,43.3599128723145,-8.3990535736084,"Unknown"
"7014853",371857,2025-11-14 16:30:16,43.3598289489746,-8.39828300476074,"Unknown"
"7014853",371857,2025-11-14 16:40:13,43.3598136901855,-8.39822769165039,"Unknown"
"7014853",371857,2025-11-14 16:50:13,43.3594131469727,-8.40050029754639,"Unknown"
"7014853",371857,2025-11-14 17:00:12,43.359447479248,-8.40060901641846,"Unknown"
"7014853",371857,2025-11-14 17:10:12,43.3597564697266,-8.4008321762085,"Unknown"
"7014853",371857,2025-11-14 17:20:11,43.3594703674316,-8.40031719207764,"Unknown"
"7014853",371857,2025-11-14 17:30:35,43.3596229553223,-8.40063667297363,"Unknown"
"7014853",371857,2025-11-14 17:40:10,43.3599014282227,-8.4012565612793,"Unknown"
"7014853",371857,2025-11-14 17:50:09,43.359619140625,-8.40103340148926,"Unknown"
"7014853",371857,2025-11-14 22:50:21,43.3596305847168,-8.40103530883789,"Unknown"
"7014853",371857,2025-11-15 03:50:11,43.359073638916,-8.40180110931396,"Unknown"
"7014853",371857,2025-11-15 07:31:53,43.3524436950684,-8.40641498565674,"Unknown"
"7014853",371857,2025-11-15 07:41:44,43.3530044555664,-8.41727256774902,"Unknown"
"7014853",371857,2025-11-15 07:51:31,43.3529968261719,-8.41729354858398,"Unknown"
"7014853",371857,2025-11-15 08:01:29,43.352970123291,-8.41735649108887,"Unknown"
"7014853",371857,2025-11-15 08:11:33,43.35302734375,-8.4171257019043,"Unknown"
"7014853",371857,2025-11-15 08:21:36,43.3530349731445,-8.41753005981445,"Unknown"
"7014853",371857,2025-11-15 08:31:51,43.3530120849609,-8.4174861907959,"Unknown"
"7014853",371857,2025-11-15 08:41:41,43.3509864807129,-8.42478275299072,"Unknown"
"7014853",371857,2025-11-15 08:51:43,43.3512573242188,-8.42529487609863,"Unknown"
"7014853",371857,2025-11-15 09:01:28,43.3506507873535,-8.42490768432617,"Unknown"
"7014853",371857,2025-11-15 09:11:44,43.3507270812988,-8.42446613311768,"Unknown"
"7014853",371857,2025-11-15 09:21:45,43.3530006408691,-8.41972732543945,"Unknown"
"7014853",371857,2025-11-15 09:31:33,43.350757598877,-8.42454624176025,"Unknown"
"7014853",371857,2025-11-15 09:41:34,43.3508033752441,-8.42443752288818,"Unknown"
"7014853",371857,2025-11-15 09:51:59,43.3505706787109,-8.42481517791748,"Unknown"
"7014853",371857,2025-11-15 10:01:31,43.350658416748,-8.42476558685303,"Unknown"
"7014853",371857,2025-11-15 10:11:28,43.3505516052246,-8.42466831207275,"Unknown"
"7014853",371857,2025-11-15 10:21:28,43.3506355285645,-8.42486381530762,"Unknown"
"7014853",371857,2025-11-15 10:31:28,43.3506698608398,-8.42502212524414,"Unknown"
"7014853",371857,2025-11-15 10:41:29,43.3506088256836,-8.42473316192627,"Unknown"
"7014853",371857,2025-11-15 10:51:36,43.3505706787109,-8.42475509643555,"Unknown"
"7014853",371857,2025-11-15 11:01:30,43.3516502380371,-8.45197677612305,"Unknown"
"7014853",371857,2025-11-15 11:11:29,43.3544044494629,-8.45857906341553,"Unknown"
"7014853",371857,2025-11-15 11:21:54,43.3559837341309,-8.45702838897705,"Unknown"
"7014853",371857,2025-11-15 11:32:51,43.3556480407715,-8.45654678344727,"Unknown"
"7014853",371857,2025-11-15 11:41:43,43.3557472229004,-8.45692825317383,"Unknown"
"7014853",371857,2025-11-15 11:52:05,43.3639678955078,-8.45901870727539,"Unknown"
"7014853",371857,2025-11-15 12:01:33,43.3639907836914,-8.45896625518799,"Unknown"
"7014853",371857,2025-11-15 12:11:31,43.3635597229004,-8.45921897888184,"Unknown"
"7014853",371857,2025-11-15 12:21:30,43.3634414672852,-8.4593563079834,"Unknown"
"7014853",371857,2025-11-15 12:31:31,43.3635139465332,-8.45908069610596,"Unknown"
"7014853",371857,2025-11-15 12:41:31,43.3635864257812,-8.45911979675293,"Unknown"
"7014853",371857,2025-11-15 12:51:36,43.3633193969727,-8.4591178894043,"Unknown"
"7014853",371857,2025-11-15 13:01:44,43.3635063171387,-8.45911026000977,"Unknown"
"7014853",371857,2025-11-15 13:11:36,43.3635864257812,-8.45908737182617,"Unknown"
"7014853",371857,2025-11-15 13:21:36,43.3636817932129,-8.45894241333008,"Unknown"
"7014853",371857,2025-11-15 13:31:44,43.3634567260742,-8.4591646194458,"Unknown"
"7014853",371857,2025-11-15 13:41:36,43.3634147644043,-8.45924091339111,"Unknown"
"7014853",371857,2025-11-15 13:51:44,43.3634605407715,-8.45895671844482,"Unknown"
"7014853",371857,2025-11-15 14:01:36,43.3633346557617,-8.45950317382812,"Unknown"
"7014853",371857,2025-11-15 14:11:47,43.3634147644043,-8.45935821533203,"Unknown"
"7014853",371857,2025-11-15 14:21:59,43.3635063171387,-8.45928764343262,"Unknown"
"7014853",371857,2025-11-15 14:31:30,43.3634834289551,-8.45926666259766,"Unknown"
"7014853",371857,2025-11-15 14:42:01,43.3635330200195,-8.45927429199219,"Unknown"
"7014853",371857,2025-11-15 14:51:27,43.3634872436523,-8.45918846130371,"Unknown"
"7014853",371857,2025-11-15 15:01:27,43.3635215759277,-8.45927047729492,"Unknown"
"7014853",371857,2025-11-15 15:11:27,43.3535346984863,-8.43568897247314,"Unknown"
"7014853",371857,2025-11-15 15:21:29,43.3595123291016,-8.40141487121582,"Unknown"
"7014853",371857,2025-11-15 15:31:43,43.3593444824219,-8.40155506134033,"Unknown"
"7014853",371857,2025-11-15 15:41:27,43.3592948913574,-8.40148448944092,"Unknown"
"7014853",371857,2025-11-15 15:51:42,43.3593597412109,-8.4008321762085,"Unknown"
"7014853",371857,2025-11-15 16:01:30,43.3592910766602,-8.40064716339111,"Unknown"
"7014853",371857,2025-11-15 16:11:28,43.3592262268066,-8.40060806274414,"Unknown"
"7014853",371857,2025-11-15 16:21:38,43.3604545593262,-8.40006828308105,"Unknown"
"7014853",371857,2025-11-15 16:31:38,43.3593597412109,-8.40085029602051,"Unknown"
"7014853",371857,2025-11-15 16:41:59,43.3594627380371,-8.40077209472656,"Unknown"
"7014853",371857,2025-11-15 16:51:28,43.3593521118164,-8.40067672729492,"Unknown"
"7014853",371857,2025-11-15 17:01:28,43.3595352172852,-8.40070247650146,"Unknown"
"7014853",371857,2025-11-15 17:11:31,43.3594017028809,-8.40078639984131,"Unknown"
"7014853",371857,2025-11-15 17:21:36,43.3594436645508,-8.40073680877686,"Unknown"
"7014853",371857,2025-11-15 17:32:05,43.3594055175781,-8.4007453918457,"Unknown"
"7014853",371857,2025-11-15 17:41:28,43.3593063354492,-8.4008674621582,"Unknown"
"7014853",371857,2025-11-15 17:49:19,43.359375,-8.40080833435059,"Unknown"
"7014853",371857,2025-11-15 22:49:45,43.3594360351562,-8.40070724487305,"Unknown"
"7014853",371857,2025-11-16 03:50:13,43.3595542907715,-8.40131664276123,"Unknown"
"7014853",371857,2025-11-16 07:33:16,43.3596382141113,-8.40128803253174,"Unknown"
"7014853",371857,2025-11-16 07:42:54,43.3597183227539,-8.40122413635254,"Unknown"
"7014853",371857,2025-11-16 07:53:05,43.3596458435059,-8.4013147354126,"Unknown"
"7014853",371857,2025-11-16 08:02:46,43.3594741821289,-8.40114688873291,"Unknown"
"7014853",371857,2025-11-16 08:12:46,43.3571662902832,-8.40750885009766,"Unknown"
"7014853",371857,2025-11-16 08:22:46,43.3498687744141,-8.42771625518799,"Unknown"
"7014853",371857,2025-11-16 08:32:46,43.3498878479004,-8.42766189575195,"Unknown"
"7014853",371857,2025-11-16 08:42:46,43.3498611450195,-8.42771530151367,"Unknown"
"7014853",371857,2025-11-16 08:52:46,43.3498573303223,-8.42778778076172,"Unknown"
"7014853",371857,2025-11-16 09:02:47,43.3497467041016,-8.42747116088867,"Unknown"
"7014853",371857,2025-11-16 09:12:46,43.3496856689453,-8.4274845123291,"Unknown"
"7014853",371857,2025-11-16 09:22:46,43.3497657775879,-8.42726135253906,"Unknown"
"7014853",371857,2025-11-16 09:32:46,43.3497085571289,-8.42734050750732,"Unknown"
"7014853",371857,2025-11-16 09:42:46,43.3496856689453,-8.4273567199707,"Unknown"
"7014853",371857,2025-11-16 09:52:46,43.3497047424316,-8.42732620239258,"Unknown"
"7014853",371857,2025-11-16 10:02:48,43.3497085571289,-8.42754077911377,"Unknown"
"7014853",371857,2025-11-16 10:12:47,43.3497695922852,-8.42728137969971,"Unknown"
"7014853",371857,2025-11-16 10:22:47,43.3495063781738,-8.42729377746582,"Unknown"
"7014853",371857,2025-11-16 10:32:46,43.3496246337891,-8.42727470397949,"Unknown"
"7014853",371857,2025-11-16 10:42:47,43.349739074707,-8.42738914489746,"Unknown"
"7014853",371857,2025-11-16 10:52:47,43.3487014770508,-8.42704582214355,"Unknown"
"7014853",371857,2025-11-16 11:02:46,43.3484115600586,-8.42785263061523,"Unknown"
"7014853",371857,2025-11-16 11:12:51,43.3483619689941,-8.427809715271,"Unknown"
"7014853",371857,2025-11-16 11:22:47,43.3482284545898,-8.42768478393555,"Unknown"
"7014853",371857,2025-11-16 11:32:49,43.3484764099121,-8.42781543731689,"Unknown"
"7014853",371857,2025-11-16 11:42:47,43.3484725952148,-8.42781925201416,"Unknown"
"7014853",371857,2025-11-16 11:52:47,43.348575592041,-8.42795562744141,"Unknown"
"7014853",371857,2025-11-16 12:02:47,43.3485336303711,-8.427809715271,"Unknown"
"7014853",371857,2025-11-16 12:12:46,43.3483963012695,-8.42800426483154,"Unknown"
"7014853",371857,2025-11-16 12:22:46,43.3486061096191,-8.42778968811035,"Unknown"
"7014853",371857,2025-11-16 12:32:46,43.3486862182617,-8.42786121368408,"Unknown"
"7014853",371857,2025-11-16 12:42:49,43.3486976623535,-8.42780208587646,"Unknown"
"7014853",371857,2025-11-16 12:52:47,43.348560333252,-8.42799663543701,"Unknown"
"7014853",371857,2025-11-16 13:02:49,43.3483924865723,-8.42793846130371,"Unknown"
"7014853",371857,2025-11-16 13:12:47,43.3484039306641,-8.42795658111572,"Unknown"
"7014853",371857,2025-11-16 13:22:47,43.3483505249023,-8.42795562744141,"Unknown"
"7014853",371857,2025-11-16 13:32:47,43.3484916687012,-8.42799949645996,"Unknown"
"7014853",371857,2025-11-16 13:42:49,43.3483390808105,-8.42791843414307,"Unknown"
"7014853",371857,2025-11-16 13:52:47,43.3484115600586,-8.42796325683594,"Unknown"
"7014853",371857,2025-11-16 14:02:47,43.3484687805176,-8.42799091339111,"Unknown"
"7014853",371857,2025-11-16 14:12:49,43.3482360839844,-8.42791175842285,"Unknown"
"7014853",371857,2025-11-16 14:22:47,43.3484230041504,-8.42794704437256,"Unknown"
"7014853",371857,2025-11-16 14:32:46,43.3486061096191,-8.42797088623047,"Unknown"
"7014853",371857,2025-11-16 14:42:47,43.3486175537109,-8.42796230316162,"Unknown"
"7014853",371857,2025-11-16 14:52:46,43.3486671447754,-8.42803001403809,"Unknown"
"7014853",371857,2025-11-16 15:02:47,43.3487854003906,-8.42806529998779,"Unknown"
"7014853",371857,2025-11-16 15:12:46,43.3486137390137,-8.42804527282715,"Unknown"
"7014853",371857,2025-11-16 15:22:46,43.3484153747559,-8.42771625518799,"Unknown"
"7014853",371857,2025-11-16 15:32:46,43.3487091064453,-8.42234325408936,"Unknown"
"7014853",371857,2025-11-16 15:42:49,43.3488922119141,-8.4221715927124,"Unknown"
"7014853",371857,2025-11-16 15:52:46,43.3501014709473,-8.42442321777344,"Unknown"
"7014853",371857,2025-11-16 16:02:46,43.3500595092773,-8.42435741424561,"Unknown"
"7014853",371857,2025-11-16 16:12:47,43.3500480651855,-8.42441177368164,"Unknown"
"7014853",371857,2025-11-16 16:22:46,43.3498611450195,-8.42444896697998,"Unknown"
"7014853",371857,2025-11-16 16:32:46,43.3498840332031,-8.42443370819092,"Unknown"
"7014853",371857,2025-11-16 16:42:47,43.3500823974609,-8.42455673217773,"Unknown"
"7014853",371857,2025-11-16 16:52:48,43.3503265380859,-8.42480945587158,"Unknown"
"7014853",371857,2025-11-16 17:02:48,43.3511009216309,-8.42542362213135,"Unknown"
"7014853",371857,2025-11-16 17:12:47,43.3530731201172,-8.41795349121094,"Unknown"
"7014853",371857,2025-11-16 17:22:47,43.354850769043,-8.41039657592773,"Unknown"
"7014853",371857,2025-11-16 17:32:51,43.3596305847168,-8.40151119232178,"Unknown"
"7014853",371857,2025-11-16 17:42:48,43.3586082458496,-8.40351390838623,"Unknown"
"7014853",371857,2025-11-16 17:48:30,43.3597717285156,-8.40167236328125,"Unknown"
"7014853",371857,2025-11-16 22:48:59,43.3594436645508,-8.40153121948242,"Unknown"
"7014853",371857,2025-11-17 03:48:30,43.3633575439453,-8.39445114135742,"Unknown"
"7014853",371857,2025-11-17 07:34:17,43.3522529602051,-8.40596675872803,"Unknown"
"7014853",371857,2025-11-17 07:44:11,43.352409362793,-8.40591907501221,"Unknown"
"7014853",371857,2025-11-17 07:54:17,43.3524475097656,-8.40614032745361,"Unknown"
"7014853",371857,2025-11-17 08:04:09,43.3526573181152,-8.40966796875,"Unknown"
"7014853",371857,2025-11-17 08:14:06,43.3520774841309,-8.40980339050293,"Unknown"
"7014853",371857,2025-11-17 08:24:07,43.352180480957,-8.4097843170166,"Unknown"
"7014853",371857,2025-11-17 08:34:08,43.3524360656738,-8.40942859649658,"Unknown"
"7014853",371857,2025-11-17 08:44:10,43.3524284362793,-8.40963268280029,"Unknown"
"7014853",371857,2025-11-17 08:54:03,43.3531341552734,-8.41001796722412,"Unknown"
"7014853",371857,2025-11-17 09:04:06,43.3526420593262,-8.40998840332031,"Unknown"
"7014853",371857,2025-11-17 09:14:07,43.3525695800781,-8.40868949890137,"Unknown"
"7014853",371857,2025-11-17 09:24:06,43.3524131774902,-8.40979194641113,"Unknown"
"7014853",371857,2025-11-17 09:34:06,43.3518371582031,-8.41202163696289,"Unknown"
"7014853",371857,2025-11-17 09:44:07,43.3524475097656,-8.4166841506958,"Unknown"
"7014853",371857,2025-11-17 09:54:06,43.3524589538574,-8.41652011871338,"Unknown"
"7014853",371857,2025-11-17 10:04:11,43.3524169921875,-8.41736507415771,"Unknown"
"7014853",371857,2025-11-17 10:14:03,43.3525848388672,-8.41710758209229,"Unknown"
"7014853",371857,2025-11-17 10:24:06,43.3523979187012,-8.4171028137207,"Unknown"
"7014853",371857,2025-11-17 10:34:09,43.3525352478027,-8.41702651977539,"Unknown"
"7014853",371857,2025-11-17 10:44:07,43.3524436950684,-8.41723442077637,"Unknown"
"7014853",371857,2025-11-17 10:54:10,43.3525428771973,-8.41753959655762,"Unknown"
"7014853",371857,2025-11-17 11:04:03,43.3525047302246,-8.4168701171875,"Unknown"
"7014853",371857,2025-11-17 11:14:09,43.3402290344238,-8.45381832122803,"Unknown"
"7014853",371857,2025-11-17 11:24:18,43.3401794433594,-8.45516681671143,"Unknown"
"7014853",371857,2025-11-17 11:34:18,43.3401870727539,-8.45489406585693,"Unknown"
"7014853",371857,2025-11-17 11:44:21,43.3392715454102,-8.45559501647949,"Unknown"
"7014853",371857,2025-11-17 11:54:14,43.3400993347168,-8.45516109466553,"Unknown"
"7014853",371857,2025-11-17 12:04:12,43.3401679992676,-8.45519924163818,"Unknown"
"7014853",371857,2025-11-17 12:14:08,43.3556137084961,-8.45792770385742,"Unknown"
"7014853",371857,2025-11-17 12:24:13,43.3554840087891,-8.45793533325195,"Unknown"
"7014853",371857,2025-11-17 12:34:09,43.3560485839844,-8.457275390625,"Unknown"
"7014853",371857,2025-11-17 12:44:10,43.3561401367188,-8.45727825164795,"Unknown"
"7014853",371857,2025-11-17 12:54:19,43.3563537597656,-8.45679187774658,"Unknown"
"7014853",371857,2025-11-17 13:04:26,43.3561172485352,-8.45652866363525,"Unknown"
"7014853",371857,2025-11-17 13:14:21,43.3562469482422,-8.45757675170898,"Unknown"
"7014853",371857,2025-11-17 13:24:29,43.3559761047363,-8.45753860473633,"Unknown"
"7014853",371857,2025-11-17 13:34:32,43.3641510009766,-8.45853042602539,"Unknown"
"7014853",371857,2025-11-17 13:44:06,43.3643341064453,-8.45849514007568,"Unknown"
"7014853",371857,2025-11-17 13:54:07,43.3642539978027,-8.45840930938721,"Unknown"
"7014853",371857,2025-11-17 14:04:07,43.364200592041,-8.45844554901123,"Unknown"
"7014853",371857,2025-11-17 14:14:06,43.3643188476562,-8.4584436416626,"Unknown"
"7014853",371857,2025-11-17 14:24:35,43.364673614502,-8.45838928222656,"Unknown"
"7014853",371857,2025-11-17 14:34:04,43.364803314209,-8.45825099945068,"Unknown"
"7014853",371857,2025-11-17 14:44:04,43.3647918701172,-8.45821857452393,"Unknown"
"7014853",371857,2025-11-17 14:54:10,43.364860534668,-8.45818996429443,"Unknown"
"7014853",371857,2025-11-17 15:04:06,43.3647193908691,-8.45851802825928,"Unknown"
"7014853",371857,2025-11-17 15:14:09,43.3648262023926,-8.45827484130859,"Unknown"
"7014853",371857,2025-11-17 15:24:14,43.3646812438965,-8.45846652984619,"Unknown"
"7014853",371857,2025-11-17 15:34:14,43.3647575378418,-8.45827770233154,"Unknown"
"7014853",371857,2025-11-17 15:44:08,43.3648643493652,-8.45825481414795,"Unknown"
"7014853",371857,2025-11-17 15:54:35,43.3646697998047,-8.45821762084961,"Unknown"
"7014853",371857,2025-11-17 16:04:02,43.3564376831055,-8.45711421966553,"Unknown"
"7014853",371857,2025-11-17 16:14:07,43.3563003540039,-8.45701313018799,"Unknown"
"7014853",371857,2025-11-17 16:24:08,43.3562469482422,-8.45663356781006,"Unknown"
"7014853",371857,2025-11-17 16:34:13,43.3565521240234,-8.45755863189697,"Unknown"
"7014853",371857,2025-11-17 16:44:08,43.3633689880371,-8.46208763122559,"Unknown"
"7014853",371857,2025-11-17 16:54:06,43.3801002502441,-8.44201278686523,"Unknown"
"7014853",371857,2025-11-17 17:04:32,43.3625717163086,-8.39684677124023,"Unknown"
"7014853",371857,2025-11-17 17:14:04,43.3625869750977,-8.39690685272217,"Unknown"
"7014853",371857,2025-11-17 17:24:04,43.362419128418,-8.39700031280518,"Unknown"
"7014853",371857,2025-11-17 17:34:04,43.3623199462891,-8.39701652526855,"Unknown"
"7014853",371857,2025-11-17 17:44:04,43.3623352050781,-8.39694404602051,"Unknown"
"7014853",371857,2025-11-17 17:47:42,43.3599014282227,-8.40099430084229,"Unknown"
"7014853",371857,2025-11-17 22:47:52,43.3602523803711,-8.40308666229248,"Unknown"
"7014853",371857,2025-11-18 03:48:05,43.3603630065918,-8.40278816223145,"Unknown"
"7014853",371857,2025-11-18 07:35:41,43.3599853515625,-8.40253448486328,"Unknown"
"7014853",371857,2025-11-18 07:45:31,43.3599739074707,-8.4025297164917,"Unknown"
"7014853",371857,2025-11-18 07:55:31,43.359992980957,-8.402587890625,"Unknown"
"7014853",371857,2025-11-18 08:05:22,43.3599739074707,-8.40274620056152,"Unknown"
"7014853",371857,2025-11-18 08:15:24,43.3599319458008,-8.40277862548828,"Unknown"
"7014853",371857,2025-11-18 08:25:44,43.3598518371582,-8.40274333953857,"Unknown"
"7014853",371857,2025-11-18 08:35:31,43.3600311279297,-8.40281295776367,"Unknown"
"7014853",371857,2025-11-18 08:45:53,43.3599700927734,-8.40259456634521,"Unknown"
"7014853",371857,2025-11-18 08:55:19,43.3596649169922,-8.40163230895996,"Unknown"
"7014853",371857,2025-11-18 09:05:19,43.3594436645508,-8.4017972946167,"Unknown"
"7014853",371857,2025-11-18 09:15:22,43.3595085144043,-8.40185546875,"Unknown"
"7014853",371857,2025-11-18 09:25:24,43.3597679138184,-8.40169239044189,"Unknown"
"7014853",371857,2025-11-18 09:35:44,43.3596420288086,-8.40182018280029,"Unknown"
"7014853",371857,2025-11-18 09:45:21,43.3600234985352,-8.40145301818848,"Unknown"
"7014853",371857,2025-11-18 09:55:20,43.3595237731934,-8.40144634246826,"Unknown"
"7014853",371857,2025-11-18 10:05:21,43.3596076965332,-8.40116596221924,"Unknown"
"7014853",371857,2025-11-18 10:15:27,43.359546661377,-8.40133380889893,"Unknown"
"7014853",371857,2025-11-18 10:25:21,43.3595428466797,-8.40131759643555,"Unknown"
"7014853",371857,2025-11-18 10:35:20,43.3593940734863,-8.40170001983643,"Unknown"
"7014853",371857,2025-11-18 10:45:24,43.3593635559082,-8.40169239044189,"Unknown"
"7014853",371857,2025-11-18 10:55:44,43.3599624633789,-8.40241622924805,"Unknown"
"7014853",371857,2025-11-18 11:05:23,43.3598365783691,-8.40249252319336,"Unknown"
"7014853",371857,2025-11-18 11:15:44,43.3598709106445,-8.40259075164795,"Unknown"
"7014853",371857,2025-11-18 11:25:32,43.3602523803711,-8.40283107757568,"Unknown"
"7014853",371857,2025-11-18 11:35:19,43.360164642334,-8.40261459350586,"Unknown"
"7014853",371857,2025-11-18 11:45:19,43.3595314025879,-8.40067005157471,"Unknown"
"7014853",371857,2025-11-18 11:55:37,43.3602256774902,-8.39830780029297,"Unknown"
"7014853",371857,2025-11-18 12:05:19,43.3596572875977,-8.40126609802246,"Unknown"
"7014853",371857,2025-11-18 12:15:25,43.3607063293457,-8.40493488311768,"Unknown"
"7014853",371857,2025-11-18 12:25:19,43.3545570373535,-8.41491889953613,"Unknown"
"7014853",371857,2025-11-18 12:35:19,43.3545608520508,-8.41470813751221,"Unknown"
"7014853",371857,2025-11-18 12:45:19,43.3544960021973,-8.41467475891113,"Unknown"
"7014853",371857,2025-11-18 12:55:19,43.353328704834,-8.42427062988281,"Unknown"
"7014853",371857,2025-11-18 13:05:20,43.3533821105957,-8.42444324493408,"Unknown"
"7014853",371857,2025-11-18 13:15:20,43.3530807495117,-8.42446327209473,"Unknown"
"7014853",371857,2025-11-18 13:25:24,43.3535003662109,-8.42429828643799,"Unknown"
"7014853",371857,2025-11-18 13:35:25,43.3534851074219,-8.42429161071777,"Unknown"
"7014853",371857,2025-11-18 13:45:20,43.3508529663086,-8.42633628845215,"Unknown"
"7014853",371857,2025-11-18 13:55:20,43.3500213623047,-8.42716789245605,"Unknown"
"7014853",371857,2025-11-18 14:05:20,43.3500099182129,-8.42708301544189,"Unknown"
"7014853",371857,2025-11-18 14:15:21,43.3522338867188,-8.42749118804932,"Unknown"
"7014853",371857,2025-11-18 14:25:21,43.3521614074707,-8.42759323120117,"Unknown"
"7014853",371857,2025-11-18 14:35:19,43.3521881103516,-8.42759132385254,"Unknown"
"7014853",371857,2025-11-18 14:45:19,43.352180480957,-8.42754364013672,"Unknown"
"7014853",371857,2025-11-18 14:55:20,43.3521995544434,-8.42738914489746,"Unknown"
"7014853",371857,2025-11-18 15:05:20,43.3522033691406,-8.42758655548096,"Unknown"
"7014853",371857,2025-11-18 15:15:53,43.3522033691406,-8.4276065826416,"Unknown"
"7014853",371857,2025-11-18 15:25:18,43.3521881103516,-8.42770671844482,"Unknown"
"7014853",371857,2025-11-18 15:35:19,43.3521575927734,-8.42768669128418,"Unknown"
"7014853",371857,2025-11-18 15:45:19,43.3521842956543,-8.42762470245361,"Unknown"
"7014853",371857,2025-11-18 15:55:19,43.3601684570312,-8.40276908874512,"Unknown"
"7014853",371857,2025-11-18 16:05:21,43.360164642334,-8.4028491973877,"Unknown"
"7014853",371857,2025-11-18 16:15:19,43.3626518249512,-8.39596557617188,"Unknown"
"7014853",371857,2025-11-18 16:25:18,43.3626022338867,-8.39594078063965,"Unknown"
"7014853",371857,2025-11-18 16:35:19,43.3626556396484,-8.39607048034668,"Unknown"
"7014853",371857,2025-11-18 16:45:19,43.3625907897949,-8.39704608917236,"Unknown"
"7014853",371857,2025-11-18 16:55:21,43.36279296875,-8.39700508117676,"Unknown"
"7014853",371857,2025-11-18 17:05:22,43.3624839782715,-8.39673328399658,"Unknown"
"7014853",371857,2025-11-18 17:15:29,43.3596267700195,-8.40077590942383,"Unknown"
"7014853",371857,2025-11-18 17:25:19,43.3595390319824,-8.40069198608398,"Unknown"
"7014853",371857,2025-11-18 17:35:25,43.3538551330566,-8.39606380462646,"Unknown"
"7014853",371857,2025-11-18 17:46:54,43.3595581054688,-8.40053272247314,"Unknown"
"7014853",371857,2025-11-18 22:47:53,43.3601226806641,-8.40258121490479,"Unknown"
"7014853",371857,2025-11-19 03:46:54,43.3598670959473,-8.40284442901611,"Unknown"
"7014853",371857,2025-11-19 07:37:05,43.3595237731934,-8.40169906616211,"Unknown"
"7014853",371857,2025-11-19 07:46:42,43.3583908081055,-8.4019718170166,"Unknown"
"7014853",371857,2025-11-19 07:56:46,43.3522682189941,-8.40633487701416,"Unknown"
"7014853",371857,2025-11-19 08:06:50,43.3524551391602,-8.40837097167969,"Unknown"
"7014853",371857,2025-11-19 08:16:46,43.3524932861328,-8.4099645614624,"Unknown"
"7014853",371857,2025-11-19 08:27:04,43.3525238037109,-8.40986919403076,"Unknown"
"7014853",371857,2025-11-19 08:36:37,43.3487281799316,-8.42782115936279,"Unknown"
"7014853",371857,2025-11-19 08:46:35,43.3486328125,-8.42785453796387,"Unknown"
"7014853",371857,2025-11-19 08:56:36,43.3485374450684,-8.4278564453125,"Unknown"
"7014853",371857,2025-11-19 09:06:36,43.3486976623535,-8.42779636383057,"Unknown"
"7014853",371857,2025-11-19 09:16:43,43.3484687805176,-8.42796230316162,"Unknown"
"7014853",371857,2025-11-19 09:26:36,43.3489646911621,-8.44980335235596,"Unknown"
"7014853",371857,2025-11-19 09:36:35,43.3562774658203,-8.45698642730713,"Unknown"
"7014853",371857,2025-11-19 09:46:36,43.356143951416,-8.45697498321533,"Unknown"
"7014853",371857,2025-11-19 09:56:44,43.3560104370117,-8.45700931549072,"Unknown"
"7014853",371857,2025-11-19 10:06:36,43.3629875183105,-8.46216487884521,"Unknown"
"7014853",371857,2025-11-19 10:17:19,43.3624153137207,-8.46284294128418,"Unknown"
"7014853",371857,2025-11-19 10:26:38,43.3620185852051,-8.46259784698486,"Unknown"
"7014853",371857,2025-11-19 10:36:37,43.362621307373,-8.46177291870117,"Unknown"
"7014853",371857,2025-11-19 10:46:41,43.3639678955078,-8.45838069915771,"Unknown"
"7014853",371857,2025-11-19 10:56:42,43.3633499145508,-8.46120071411133,"Unknown"
"7014853",371857,2025-11-19 11:07:01,43.3628158569336,-8.4620304107666,"Unknown"
"7014853",371857,2025-11-19 11:16:40,43.3633422851562,-8.46073150634766,"Unknown"
"7014853",371857,2025-11-19 11:27:05,43.3601760864258,-8.46239376068115,"Unknown"
"7014853",371857,2025-11-19 11:36:50,43.3602600097656,-8.46255970001221,"Unknown"
"7014853",371857,2025-11-19 11:46:40,43.3600578308105,-8.46253776550293,"Unknown"
"7014853",371857,2025-11-19 11:56:37,43.3601341247559,-8.46249198913574,"Unknown"
"7014853",371857,2025-11-19 12:06:39,43.3609313964844,-8.45958709716797,"Unknown"
"7014853",371857,2025-11-19 12:16:37,43.3598861694336,-8.46125984191895,"Unknown"
"7014853",371857,2025-11-19 12:26:38,43.3597679138184,-8.46152591705322,"Unknown"
"7014853",371857,2025-11-19 12:37:05,43.3600044250488,-8.46098232269287,"Unknown"
"7014853",371857,2025-11-19 12:46:44,43.3602523803711,-8.46080493927002,"Unknown"
"7014853",371857,2025-11-19 12:56:43,43.3603935241699,-8.46086883544922,"Unknown"
"7014853",371857,2025-11-19 13:07:05,43.3600654602051,-8.46137428283691,"Unknown"
"7014853",371857,2025-11-19 13:17:02,43.360668182373,-8.46150398254395,"Unknown"
"7014853",371857,2025-11-19 13:27:05,43.361457824707,-8.46277046203613,"Unknown"
"7014853",371857,2025-11-19 13:36:39,43.3619270324707,-8.46270179748535,"Unknown"
"7014853",371857,2025-11-19 13:46:49,43.3621406555176,-8.46236896514893,"Unknown"
"7014853",371857,2025-11-19 13:56:42,43.3625183105469,-8.46237659454346,"Unknown"
"7014853",371857,2025-11-19 14:06:54,43.3603630065918,-8.46251106262207,"Unknown"
"7014853",371857,2025-11-19 14:16:49,43.3602066040039,-8.46245288848877,"Unknown"
"7014853",371857,2025-11-19 14:26:43,43.3603591918945,-8.46252918243408,"Unknown"
"7014853",371857,2025-11-19 14:36:39,43.3605155944824,-8.46257781982422,"Unknown"
"7014853",371857,2025-11-19 14:46:38,43.3777198791504,-8.44634628295898,"Unknown"
"7014853",371857,2025-11-19 14:57:05,43.3629455566406,-8.404052734375,"Unknown"
"7014853",371857,2025-11-19 15:06:37,43.362850189209,-8.40374946594238,"Unknown"
"7014853",371857,2025-11-19 15:16:40,43.3628921508789,-8.40392589569092,"Unknown"
"7014853",371857,2025-11-19 15:26:39,43.3629722595215,-8.40400409698486,"Unknown"
"7014853",371857,2025-11-19 15:36:38,43.3629150390625,-8.40408897399902,"Unknown"
"7014853",371857,2025-11-19 15:46:43,43.362922668457,-8.40399360656738,"Unknown"
"7014853",371857,2025-11-19 15:56:39,43.3628921508789,-8.4037618637085,"Unknown"
"7014853",371857,2025-11-19 16:06:46,43.3629379272461,-8.40403175354004,"Unknown"
"7014853",371857,2025-11-19 16:16:44,43.362922668457,-8.40414714813232,"Unknown"
"7014853",371857,2025-11-19 16:27:05,43.3629455566406,-8.40411186218262,"Unknown"
"7014853",371857,2025-11-19 16:36:35,43.362922668457,-8.40408325195312,"Unknown"
"7014853",371857,2025-11-19 16:46:35,43.362865447998,-8.40405368804932,"Unknown"
"7014853",371857,2025-11-19 16:56:35,43.3629417419434,-8.4040699005127,"Unknown"
"7014853",371857,2025-11-19 17:06:37,43.3629150390625,-8.40405464172363,"Unknown"
"7014853",371857,2025-11-19 17:16:39,43.3620529174805,-8.40295314788818,"Unknown"
"7014853",371857,2025-11-19 17:26:49,43.3595428466797,-8.40065479278564,"Unknown"
"7014853",371857,2025-11-19 17:36:48,43.3595085144043,-8.40069770812988,"Unknown"
"7014853",371857,2025-11-19 17:46:10,43.3594932556152,-8.40061378479004,"Unknown"
"7014853",371857,2025-11-19 22:46:35,43.3595275878906,-8.40199756622314,"Unknown"
"7014853",371857,2025-11-20 03:46:14,43.3598861694336,-8.40291118621826,"Unknown"
"7014853",371857,2025-11-20 07:38:05,43.3594627380371,-8.40202617645264,"Unknown"
"7014853",371857,2025-11-20 07:48:05,43.3596267700195,-8.40186023712158,"Unknown"
"7014853",371857,2025-11-20 07:57:49,43.3594856262207,-8.40187835693359,"Unknown"
"7014853",371857,2025-11-20 08:07:46,43.3596000671387,-8.40182590484619,"Unknown"
"7014853",371857,2025-11-20 08:17:45,43.3598327636719,-8.40224456787109,"Unknown"
"7014853",371857,2025-11-20 08:27:59,43.3595809936523,-8.40205478668213,"Unknown"
"7014853",371857,2025-11-20 08:37:46,43.3516006469727,-8.40608882904053,"Unknown"
"7014853",371857,2025-11-20 08:47:57,43.3499031066895,-8.42732048034668,"Unknown"
"7014853",371857,2025-11-20 08:57:50,43.3500366210938,-8.42721557617188,"Unknown"
"7014853",371857,2025-11-20 09:07:47,43.3496017456055,-8.42654705047607,"Unknown"
"7014853",371857,2025-11-20 09:17:49,43.3498649597168,-8.42699432373047,"Unknown"
"7014853",371857,2025-11-20 09:27:50,43.3499031066895,-8.42720603942871,"Unknown"
"7014853",371857,2025-11-20 09:37:53,43.3501243591309,-8.42469120025635,"Unknown"
"7014853",371857,2025-11-20 09:48:05,43.350212097168,-8.42457008361816,"Unknown"
"7014853",371857,2025-11-20 09:57:45,43.3499450683594,-8.42466449737549,"Unknown"
"7014853",371857,2025-11-20 10:07:46,43.3500175476074,-8.42466926574707,"Unknown"
"7014853",371857,2025-11-20 10:17:46,43.3499031066895,-8.42461395263672,"Unknown"
"7014853",371857,2025-11-20 10:28:05,43.350025177002,-8.42480278015137,"Unknown"
"7014853",371857,2025-11-20 10:37:44,43.3500862121582,-8.42486763000488,"Unknown"
"7014853",371857,2025-11-20 10:47:44,43.3500862121582,-8.42486190795898,"Unknown"
"7014853",371857,2025-11-20 10:57:44,43.3500518798828,-8.42475128173828,"Unknown"
"7014853",371857,2025-11-20 11:07:44,43.3501815795898,-8.42501831054688,"Unknown"
"7014853",371857,2025-11-20 11:17:45,43.3502807617188,-8.42512702941895,"Unknown"
"7014853",371857,2025-11-20 11:27:48,43.3499870300293,-8.42489624023438,"Unknown"
"7014853",371857,2025-11-20 11:37:48,43.3501663208008,-8.42473030090332,"Unknown"
"7014853",371857,2025-11-20 11:47:52,43.3506507873535,-8.4245491027832,"Unknown"
"7014853",371857,2025-11-20 11:57:48,43.3506011962891,-8.42500972747803,"Unknown"
"7014853",371857,2025-11-20 12:07:45,43.3506965637207,-8.42553615570068,"Unknown"
"7014853",371857,2025-11-20 12:18:02,43.3504676818848,-8.42496204376221,"Unknown"
"7014853",371857,2025-11-20 12:27:47,43.3505668640137,-8.42459106445312,"Unknown"
"7014853",371857,2025-11-20 12:37:46,43.3506355285645,-8.42466831207275,"Unknown"
"7014853",371857,2025-11-20 12:47:48,43.3503761291504,-8.43114185333252,"Unknown"
"7014853",371857,2025-11-20 12:57:46,43.3550186157227,-8.45754432678223,"Unknown"
"7014853",371857,2025-11-20 13:08:05,43.3563194274902,-8.45701026916504,"Unknown"
"7014853",371857,2025-11-20 13:17:45,43.3565330505371,-8.45709800720215,"Unknown"
"7014853",371857,2025-11-20 13:27:54,43.3541564941406,-8.45834350585938,"Unknown"
"7014853",371857,2025-11-20 13:37:46,43.3544120788574,-8.4584379196167,"Unknown"
"7014853",371857,2025-11-20 13:47:55,43.3542518615723,-8.45883369445801,"Unknown"
"7014853",371857,2025-11-20 13:57:50,43.3542518615723,-8.4587345123291,"Unknown"
"7014853",371857,2025-11-20 14:27:46,43.3407173156738,-8.45398998260498,"Unknown"
"7014853",371857,2025-11-20 14:37:49,43.3408660888672,-8.45431423187256,"Unknown"
"7014853",371857,2025-11-20 14:47:46,43.3498802185059,-8.42743873596191,"Unknown"
"7014853",371857,2025-11-20 14:57:47,43.349925994873,-8.42746925354004,"Unknown"
"7014853",371857,2025-11-20 15:07:48,43.3499336242676,-8.42734622955322,"Unknown"
"7014853",371857,2025-11-20 15:18:02,43.3498382568359,-8.42733573913574,"Unknown"
"7014853",371857,2025-11-20 15:27:46,43.3497543334961,-8.42725563049316,"Unknown"
"7014853",371857,2025-11-20 15:37:49,43.3498764038086,-8.4272632598877,"Unknown"
"7014853",371857,2025-11-20 15:47:45,43.3525619506836,-8.42769527435303,"Unknown"
"7014853",371857,2025-11-20 15:57:45,43.3525733947754,-8.42783355712891,"Unknown"
"7014853",371857,2025-11-20 16:07:44,43.3524398803711,-8.42765331268311,"Unknown"
"7014853",371857,2025-11-20 16:17:44,43.359977722168,-8.40280628204346,"Unknown"
"7014853",371857,2025-11-20 16:27:44,43.3600311279297,-8.40277004241943,"Unknown"
"7014853",371857,2025-11-20 16:37:46,43.3600196838379,-8.40275859832764,"Unknown"
"7014853",371857,2025-11-20 16:48:05,43.3600006103516,-8.40278625488281,"Unknown"
"7014853",371857,2025-11-20 16:57:44,43.3598709106445,-8.4026927947998,"Unknown"
"7014853",371857,2025-11-20 17:07:45,43.3593482971191,-8.40232944488525,"Unknown"
"7014853",371857,2025-11-20 17:17:45,43.3592720031738,-8.40204524993896,"Unknown"
"7014853",371857,2025-11-20 17:27:47,43.3601989746094,-8.40291118621826,"Unknown"
"7014853",371857,2025-11-20 17:37:46,43.3596229553223,-8.4005708694458,"Unknown"
"7014853",371857,2025-11-20 17:45:40,43.3583755493164,-8.40368747711182,"Unknown"
"7014853",371857,2025-11-20 22:46:06,43.3598747253418,-8.40289974212646,"Unknown"
"7014853",371857,2025-11-21 03:46:05,43.3601722717285,-8.4025993347168,"Unknown"
"7014853",371857,2025-11-21 07:39:35,43.3600158691406,-8.40280628204346,"Unknown"
"7014853",371857,2025-11-21 07:49:02,43.3600311279297,-8.40285301208496,"Unknown"
"7014853",371857,2025-11-21 07:59:03,43.3600082397461,-8.40272521972656,"Unknown"
"7014853",371857,2025-11-21 08:09:01,43.3599548339844,-8.40214824676514,"Unknown"
"7014853",371857,2025-11-21 08:19:03,43.3595275878906,-8.40201854705811,"Unknown"
"7014853",371857,2025-11-21 08:29:03,43.3592948913574,-8.40175724029541,"Unknown"
"7014853",371857,2025-11-21 08:39:03,43.3595962524414,-8.40194702148438,"Unknown"
"7014853",371857,2025-11-21 08:49:06,43.3596305847168,-8.40210914611816,"Unknown"
"7014853",371857,2025-11-21 08:59:06,43.3596153259277,-8.40167903900146,"Unknown"
"7014853",371857,2025-11-21 09:09:03,43.3600578308105,-8.40225982666016,"Unknown"
"7014853",371857,2025-11-21 09:19:06,43.3602752685547,-8.4019775390625,"Unknown"
"7014853",371857,2025-11-21 09:29:14,43.3599967956543,-8.40234565734863,"Unknown"
"7014853",371857,2025-11-21 09:39:03,43.3600082397461,-8.40221881866455,"Unknown"
"7014853",371857,2025-11-21 09:49:14,43.3599891662598,-8.40251064300537,"Unknown"
"7014853",371857,2025-11-21 09:59:02,43.3627395629883,-8.3962459564209,"Unknown"
"7014853",371857,2025-11-21 10:09:08,43.3626556396484,-8.39708518981934,"Unknown"
"7014853",371857,2025-11-21 10:19:05,43.3624076843262,-8.39733982086182,"Unknown"
"7014853",371857,2025-11-21 10:29:08,43.3625984191895,-8.39696884155273,"Unknown"
"7014853",371857,2025-11-21 10:39:07,43.362491607666,-8.39744281768799,"Unknown"
"7014853",371857,2025-11-21 10:49:14,43.3624267578125,-8.39667320251465,"Unknown"
"7014853",371857,2025-11-21 10:59:00,43.3625717163086,-8.39645385742188,"Unknown"
"7014853",371857,2025-11-21 11:09:05,43.363468170166,-8.39839553833008,"Unknown"
"7014853",371857,2025-11-21 11:19:15,43.3622550964355,-8.39614295959473,"Unknown"
"7014853",371857,2025-11-21 11:29:08,43.362606048584,-8.39736080169678,"Unknown"
"7014853",371857,2025-11-21 11:39:09,43.3630867004395,-8.39684772491455,"Unknown"
"7014853",371857,2025-11-21 11:49:35,43.3625984191895,-8.39694499969482,"Unknown"
"7014853",371857,2025-11-21 11:59:08,43.3625831604004,-8.39685153961182,"Unknown"
"7014853",371857,2025-11-21 12:09:14,43.3625526428223,-8.39697265625,"Unknown"
"7014853",371857,2025-11-21 12:19:02,43.3626518249512,-8.39673328399658,"Unknown"
"7014853",371857,2025-11-21 12:29:03,43.3625373840332,-8.39685344696045,"Unknown"
"7014853",371857,2025-11-21 12:39:14,43.3623085021973,-8.39690208435059,"Unknown"
"7014853",371857,2025-11-21 12:49:02,43.3622436523438,-8.39689064025879,"Unknown"
"7014853",371857,2025-11-21 12:59:03,43.3623733520508,-8.39679145812988,"Unknown"
"7014853",371857,2025-11-21 13:09:02,43.3622589111328,-8.39638996124268,"Unknown"
"7014853",371857,2025-11-21 13:19:01,43.3621597290039,-8.39663791656494,"Unknown"
"7014853",371857,2025-11-21 13:29:14,43.3623123168945,-8.39697933197021,"Unknown"
"7014853",371857,2025-11-21 13:39:10,43.3622970581055,-8.39704036712646,"Unknown"
"7014853",371857,2025-11-21 13:49:09,43.3598442077637,-8.40004634857178,"Unknown"
"7014853",371857,2025-11-21 13:59:03,43.3612022399902,-8.39463520050049,"Unknown"
"7014853",371857,2025-11-21 14:09:15,43.3625602722168,-8.39679336547852,"Unknown"
"7014853",371857,2025-11-21 14:19:09,43.3624420166016,-8.39762687683105,"Unknown"
"7014853",371857,2025-11-21 14:29:09,43.362476348877,-8.3969554901123,"Unknown"
"7014853",371857,2025-11-21 14:39:14,43.3623962402344,-8.39729404449463,"Unknown"
"7014853",371857,2025-11-21 14:49:04,43.3625450134277,-8.39695072174072,"Unknown"
"7014853",371857,2025-11-21 14:59:11,43.3625793457031,-8.39696407318115,"Unknown"
"7014853",371857,2025-11-21 15:09:04,43.3595085144043,-8.40056324005127,"Unknown"
"7014853",371857,2025-11-21 15:19:02,43.3593521118164,-8.40044116973877,"Unknown"
"7014853",371857,2025-11-21 15:29:09,43.3593368530273,-8.40072441101074,"Unknown"
"7014853",371857,2025-11-21 15:39:35,43.3594932556152,-8.40070629119873,"Unknown"
"7014853",371857,2025-11-21 15:49:01,43.3594970703125,-8.40067481994629,"Unknown"
"7014853",371857,2025-11-21 15:59:02,43.3593368530273,-8.4007453918457,"Unknown"
"7014853",371857,2025-11-21 16:09:00,43.359489440918,-8.40076732635498,"Unknown"
"7014853",371857,2025-11-21 16:19:01,43.3595199584961,-8.4007043838501,"Unknown"
"7014853",371857,2025-11-21 16:29:00,43.3593521118164,-8.40077686309814,"Unknown"
"7014853",371857,2025-11-21 16:39:05,43.3594017028809,-8.4008150100708,"Unknown"
"7014853",371857,2025-11-21 16:49:11,43.3592109680176,-8.40077114105225,"Unknown"
"7014853",371857,2025-11-21 16:59:03,43.3593406677246,-8.40073013305664,"Unknown"
"7014853",371857,2025-11-21 17:09:01,43.3590927124023,-8.40041351318359,"Unknown"
"7014853",371857,2025-11-21 17:19:02,43.3593826293945,-8.40031814575195,"Unknown"
"7014853",371857,2025-11-21 17:29:01,43.3595733642578,-8.40059947967529,"Unknown"
"7014853",371857,2025-11-21 17:39:03,43.3596153259277,-8.40056228637695,"Unknown"
"7014853",371857,2025-11-21 17:44:54,43.3595123291016,-8.40049362182617,"Unknown"
"7014853",371857,2025-11-21 22:45:15,43.3596649169922,-8.40041255950928,"Unknown"
"7014853",371857,2025-11-22 03:45:29,43.3599128723145,-8.40056133270264,"Unknown"
"7014853",371857,2025-11-22 07:40:55,43.3600120544434,-8.40223693847656,"Unknown"
"7014853",371857,2025-11-22 07:50:22,43.3595428466797,-8.40145683288574,"Unknown"
"7014853",371857,2025-11-22 08:00:25,43.3595848083496,-8.40179920196533,"Unknown"
"7014853",371857,2025-11-22 08:10:24,43.3595390319824,-8.40259075164795,"Unknown"
"7014853",371857,2025-11-22 08:20:21,43.3606185913086,-8.40130043029785,"Unknown"
"7014853",371857,2025-11-22 08:30:44,43.3599739074707,-8.40287017822266,"Unknown"
"7014853",371857,2025-11-22 08:40:24,43.3601760864258,-8.40265846252441,"Unknown"
"7014853",371857,2025-11-22 08:50:42,43.3599166870117,-8.4027042388916,"Unknown"
"7014853",371857,2025-11-22 09:00:23,43.3596839904785,-8.40265274047852,"Unknown"
"7014853",371857,2025-11-22 09:10:30,43.3597717285156,-8.40194034576416,"Unknown"
"7014853",371857,2025-11-22 09:20:32,43.3595924377441,-8.40207099914551,"Unknown"
"7014853",371857,2025-11-22 09:30:23,43.3597679138184,-8.40115165710449,"Unknown"
"7014853",371857,2025-11-22 09:40:25,43.3595886230469,-8.40162086486816,"Unknown"
"7014853",371857,2025-11-22 09:50:44,43.3596343994141,-8.40158748626709,"Unknown"
"7014853",371857,2025-11-22 10:00:25,43.3605537414551,-8.40126514434814,"Unknown"
"7014853",371857,2025-11-22 10:10:29,43.3596343994141,-8.40075016021729,"Unknown"
"7014853",371857,2025-11-22 10:20:29,43.3596038818359,-8.40062141418457,"Unknown"
"7014853",371857,2025-11-22 10:30:30,43.3596382141113,-8.40098571777344,"Unknown"
"7014853",371857,2025-11-22 10:40:44,43.3595199584961,-8.40157890319824,"Unknown"
"7014853",371857,2025-11-22 10:50:30,43.3592414855957,-8.40045070648193,"Unknown"
"7014853",371857,2025-11-22 11:00:37,43.3596420288086,-8.40239238739014,"Unknown"
"7014853",371857,2025-11-22 11:10:33,43.3596801757812,-8.40250015258789,"Unknown"
"7014853",371857,2025-11-22 11:20:44,43.3599319458008,-8.40266227722168,"Unknown"
"7014853",371857,2025-11-22 11:30:24,43.3599700927734,-8.40254020690918,"Unknown"
"7014853",371857,2025-11-22 11:40:24,43.3599700927734,-8.40295314788818,"Unknown"
"7014853",371857,2025-11-22 11:50:45,43.3600845336914,-8.40378761291504,"Unknown"
"7014853",371857,2025-11-22 12:00:44,43.3600387573242,-8.40283966064453,"Unknown"
"7014853",371857,2025-11-22 12:10:30,43.359447479248,-8.40306091308594,"Unknown"
"7014853",371857,2025-11-22 12:20:49,43.3598899841309,-8.40275573730469,"Unknown"
"7014853",371857,2025-11-22 12:30:21,43.3598289489746,-8.40267276763916,"Unknown"
"7014853",371857,2025-11-22 12:40:23,43.360107421875,-8.40106868743896,"Unknown"
"7014853",371857,2025-11-22 12:50:29,43.3596572875977,-8.40097332000732,"Unknown"
"7014853",371857,2025-11-22 13:00:30,43.3596649169922,-8.40102863311768,"Unknown"
"7014853",371857,2025-11-22 13:10:30,43.3596496582031,-8.4010591506958,"Unknown"
"7014853",371857,2025-11-22 13:20:30,43.3595199584961,-8.40116500854492,"Unknown"
"7014853",371857,2025-11-22 13:30:30,43.3595314025879,-8.40121078491211,"Unknown"
"7014853",371857,2025-11-22 13:40:30,43.3563537597656,-8.40574550628662,"Unknown"
"7014853",371857,2025-11-22 14:00:48,43.352294921875,-8.40616607666016,"Unknown"
"7014853",371857,2025-11-22 14:10:24,43.3623695373535,-8.40410900115967,"Unknown"
"7014853",371857,2025-11-22 14:20:45,43.3600540161133,-8.40269088745117,"Unknown"
"7014853",371857,2025-11-22 14:30:24,43.3596267700195,-8.40279579162598,"Unknown"
"7014853",371857,2025-11-22 14:40:30,43.3606796264648,-8.40282440185547,"Unknown"
"7014853",371857,2025-11-22 14:50:44,43.3597183227539,-8.40262413024902,"Unknown"
"7014853",371857,2025-11-22 15:00:27,43.3599052429199,-8.40264129638672,"Unknown"
"7014853",371857,2025-11-22 15:10:45,43.3599510192871,-8.40273952484131,"Unknown"
"7014853",371857,2025-11-22 15:20:31,43.3600387573242,-8.40270042419434,"Unknown"
"7014853",371857,2025-11-22 15:30:30,43.3582077026367,-8.40312099456787,"Unknown"
"7014853",371857,2025-11-22 15:40:25,43.3600425720215,-8.40264701843262,"Unknown"
"7014853",371857,2025-11-22 15:50:45,43.359691619873,-8.40267181396484,"Unknown"
"7014853",371857,2025-11-22 16:00:25,43.3618927001953,-8.40355777740479,"Unknown"
"7014853",371857,2025-11-22 16:10:34,43.3615913391113,-8.40346431732178,"Unknown"
"7014853",371857,2025-11-22 16:20:21,43.3615074157715,-8.40352058410645,"Unknown"
"7014853",371857,2025-11-22 16:30:25,43.361572265625,-8.4034538269043,"Unknown"
"7014853",371857,2025-11-22 16:40:28,43.3623580932617,-8.40386867523193,"Unknown"
"7014853",371857,2025-11-22 16:50:44,43.3617858886719,-8.40361499786377,"Unknown"
"7014853",371857,2025-11-22 17:00:25,43.3618507385254,-8.40346717834473,"Unknown"
"7014853",371857,2025-11-22 17:10:29,43.361759185791,-8.40349197387695,"Unknown"
"7014853",371857,2025-11-22 17:20:41,43.359619140625,-8.40167236328125,"Unknown"
"7014853",371857,2025-11-22 17:30:27,43.3599052429199,-8.40089225769043,"Unknown"
"7014853",371857,2025-11-22 17:40:30,43.3595809936523,-8.40113258361816,"Unknown"
"7014853",371857,2025-11-22 17:44:15,43.3596153259277,-8.40103530883789,"Unknown"
"7014853",371857,2025-11-22 22:44:36,43.3596572875977,-8.4010763168335,"Unknown"
"7014853",371857,2025-11-23 03:44:36,43.359748840332,-8.40098857879639,"Unknown"
"7014853",371857,2025-11-23 07:41:47,43.3599586486816,-8.40258121490479,"Unknown"
"7014853",371857,2025-11-23 07:51:37,43.3600196838379,-8.40253829956055,"Unknown"
"7014853",371857,2025-11-23 08:02:05,43.3598785400391,-8.40261077880859,"Unknown"
"7014853",371857,2025-11-23 08:11:45,43.352466583252,-8.4063606262207,"Unknown"
"7014853",371857,2025-11-23 08:22:06,43.3522529602051,-8.40650653839111,"Unknown"
"7014853",371857,2025-11-23 08:31:33,43.3524971008301,-8.41001319885254,"Unknown"
"7014853",371857,2025-11-23 08:41:32,43.3515167236328,-8.41733646392822,"Unknown"
"7014853",371857,2025-11-23 08:51:38,43.3502082824707,-8.42477893829346,"Unknown"
"7014853",371857,2025-11-23 09:01:34,43.3523216247559,-8.42770957946777,"Unknown"
"7014853",371857,2025-11-23 09:11:34,43.352294921875,-8.42769718170166,"Unknown"
"7014853",371857,2025-11-23 09:21:34,43.3562393188477,-8.45723247528076,"Unknown"
"7014853",371857,2025-11-23 09:31:34,43.3562889099121,-8.45714282989502,"Unknown"
"7014853",371857,2025-11-23 09:41:44,43.3566055297852,-8.4570951461792,"Unknown"
"7014853",371857,2025-11-23 09:51:34,43.3565444946289,-8.45699977874756,"Unknown"
"7014853",371857,2025-11-23 10:01:33,43.3565902709961,-8.45694732666016,"Unknown"
"7014853",371857,2025-11-23 10:11:48,43.3565826416016,-8.45704460144043,"Unknown"
"7014853",371857,2025-11-23 10:21:36,43.3564453125,-8.45703315734863,"Unknown"
"7014853",371857,2025-11-23 10:31:44,43.3563232421875,-8.45697593688965,"Unknown"
"7014853",371857,2025-11-23 10:42:38,43.356330871582,-8.45685958862305,"Unknown"
"7014853",371857,2025-11-23 10:51:42,43.3568000793457,-8.45703601837158,"Unknown"
"7014853",371857,2025-11-23 11:01:55,43.3568000793457,-8.45688819885254,"Unknown"
"7014853",371857,2025-11-23 11:32:05,43.3623046875,-8.46128368377686,"Unknown"
"7014853",371857,2025-11-23 11:41:37,43.3637733459473,-8.45899105072021,"Unknown"
"7014853",371857,2025-11-23 11:51:33,43.3638496398926,-8.45911693572998,"Unknown"
"7014853",371857,2025-11-23 12:01:32,43.363941192627,-8.45894432067871,"Unknown"
"7014853",371857,2025-11-23 12:11:41,43.363899230957,-8.45903968811035,"Unknown"
"7014853",371857,2025-11-23 12:21:33,43.339714050293,-8.4549388885498,"Unknown"
"7014853",371857,2025-11-23 12:31:38,43.3400993347168,-8.45501327514648,"Unknown"
"7014853",371857,2025-11-23 12:41:39,43.3401908874512,-8.45496940612793,"Unknown"
"7014853",371857,2025-11-23 12:52:05,43.3401870727539,-8.45514106750488,"Unknown"
"7014853",371857,2025-11-23 13:01:36,43.3405838012695,-8.45492362976074,"Unknown"
"7014853",371857,2025-11-23 13:11:37,43.3403015136719,-8.45513725280762,"Unknown"
"7014853",371857,2025-11-23 13:21:36,43.3554801940918,-8.4580774307251,"Unknown"
"7014853",371857,2025-11-23 13:31:33,43.3554611206055,-8.45788955688477,"Unknown"
"7014853",371857,2025-11-23 13:41:43,43.3554840087891,-8.45802402496338,"Unknown"
"7014853",371857,2025-11-23 13:51:36,43.3554611206055,-8.45795440673828,"Unknown"
"7014853",371857,2025-11-23 14:01:44,43.3561859130859,-8.45787811279297,"Unknown"
"7014853",371857,2025-11-23 14:11:32,43.3560256958008,-8.45784854888916,"Unknown"
"7014853",371857,2025-11-23 14:21:36,43.3563232421875,-8.45778369903564,"Unknown"
"7014853",371857,2025-11-23 14:31:57,43.356143951416,-8.45779418945312,"Unknown"
"7014853",371857,2025-11-23 14:41:32,43.3561553955078,-8.45782852172852,"Unknown"
"7014853",371857,2025-11-23 14:52:05,43.3576354980469,-8.47375774383545,"Unknown"
"7014853",371857,2025-11-23 15:01:32,43.3577880859375,-8.47376537322998,"Unknown"
"7014853",371857,2025-11-23 15:11:32,43.3544540405273,-8.45829772949219,"Unknown"
"7014853",371857,2025-11-23 15:21:32,43.3543014526367,-8.45827960968018,"Unknown"
"7014853",371857,2025-11-23 15:31:33,43.3558883666992,-8.4186544418335,"Unknown"
"7014853",371857,2025-11-23 15:41:34,43.3599128723145,-8.4024076461792,"Unknown"
"7014853",371857,2025-11-23 15:51:34,43.3601379394531,-8.40222549438477,"Unknown"
"7014853",371857,2025-11-23 16:01:33,43.3599052429199,-8.40242195129395,"Unknown"
"7014853",371857,2025-11-23 16:11:37,43.3599815368652,-8.40244388580322,"Unknown"
"7014853",371857,2025-11-23 16:21:43,43.3600158691406,-8.40246486663818,"Unknown"
"7014853",371857,2025-11-23 16:31:33,43.3600196838379,-8.40253734588623,"Unknown"
"7014853",371857,2025-11-23 16:41:33,43.3598327636719,-8.40239238739014,"Unknown"
"7014853",371857,2025-11-23 16:51:44,43.3600463867188,-8.40246772766113,"Unknown"
"7014853",371857,2025-11-23 17:01:36,43.3602561950684,-8.40262222290039,"Unknown"
"7014853",371857,2025-11-23 17:11:39,43.3600196838379,-8.40261077880859,"Unknown"
"7014853",371857,2025-11-23 17:21:42,43.359504699707,-8.40152931213379,"Unknown"
"7014853",371857,2025-11-23 17:31:38,43.3597640991211,-8.40131664276123,"Unknown"
"7014853",371857,2025-11-23 17:42:10,43.3592491149902,-8.40063762664795,"Unknown"
"7014853",371857,2025-11-23 22:41:46,43.3531684875488,-8.4170618057251,"Unknown"
"7014853",371857,2025-11-24 03:41:46,43.3610572814941,-8.40282917022705,"Unknown"
"7014853",371857,2025-11-24 07:42:34,43.3524169921875,-8.40627574920654,"Unknown"
"7014853",371857,2025-11-24 07:52:14,43.3522644042969,-8.40625,"Unknown"
"7014853",371857,2025-11-24 08:02:15,43.3526763916016,-8.40614700317383,"Unknown"
"7014853",371857,2025-11-24 08:12:13,43.3522262573242,-8.41487407684326,"Unknown"
"7014853",371857,2025-11-24 08:22:13,43.3531837463379,-8.41758155822754,"Unknown"
"7014853",371857,2025-11-24 08:32:13,43.3530921936035,-8.41733264923096,"Unknown"
"7014853",371857,2025-11-24 08:42:13,43.3531723022461,-8.41753959655762,"Unknown"
"7014853",371857,2025-11-24 08:52:13,43.3531837463379,-8.41764736175537,"Unknown"
"7014853",371857,2025-11-24 09:02:13,43.3532600402832,-8.41749095916748,"Unknown"
"7014853",371857,2025-11-24 09:12:13,43.353141784668,-8.41758441925049,"Unknown"
"7014853",371857,2025-11-24 09:22:13,43.3535766601562,-8.4192533493042,"Unknown"
"7014853",371857,2025-11-24 09:32:14,43.3529586791992,-8.42797183990479,"Unknown"
"7014853",371857,2025-11-24 09:42:13,43.3528861999512,-8.42762660980225,"Unknown"
"7014853",371857,2025-11-24 09:52:14,43.3528900146484,-8.42804336547852,"Unknown"
"7014853",371857,2025-11-24 10:02:13,43.3529510498047,-8.42799186706543,"Unknown"
"7014853",371857,2025-11-24 10:12:13,43.3529090881348,-8.42796897888184,"Unknown"
"7014853",371857,2025-11-24 10:22:13,43.3528900146484,-8.42785358428955,"Unknown"
"7014853",371857,2025-11-24 10:32:13,43.3528861999512,-8.45706272125244,"Unknown"
"7014853",371857,2025-11-24 10:42:14,43.3567390441895,-8.45702457427979,"Unknown"
"7014853",371857,2025-11-24 10:52:42,43.356819152832,-8.45742988586426,"Unknown"
"7014853",371857,2025-11-24 11:02:14,43.3566017150879,-8.45695018768311,"Unknown"
"7014853",371857,2025-11-24 11:12:15,43.3561744689941,-8.45779228210449,"Unknown"
"7014853",371857,2025-11-24 11:22:14,43.3562164306641,-8.45767498016357,"Unknown"
"7014853",371857,2025-11-24 11:32:14,43.3566055297852,-8.45809745788574,"Unknown"
"7014853",371857,2025-11-24 11:42:14,43.3566398620605,-8.45820903778076,"Unknown"
"7014853",371857,2025-11-24 11:52:13,43.3558502197266,-8.45759296417236,"Unknown"
"7014853",371857,2025-11-24 12:02:13,43.356689453125,-8.45701217651367,"Unknown"
"7014853",371857,2025-11-24 12:12:14,43.3657150268555,-8.45738887786865,"Unknown"
"7014853",371857,2025-11-24 12:22:13,43.3658561706543,-8.45773220062256,"Unknown"
"7014853",371857,2025-11-24 12:32:14,43.3564643859863,-8.45747947692871,"Unknown"
"7014853",371857,2025-11-24 12:42:13,43.3564910888672,-8.45668983459473,"Unknown"
"7014853",371857,2025-11-24 12:52:14,43.3417091369629,-8.45248603820801,"Unknown"
"7014853",371857,2025-11-24 13:02:13,43.342342376709,-8.45103073120117,"Unknown"
"7014853",371857,2025-11-24 13:12:16,43.352912902832,-8.42769813537598,"Unknown"
"7014853",371857,2025-11-24 13:22:13,43.3528938293457,-8.42749500274658,"Unknown"
"7014853",371857,2025-11-24 13:32:15,43.3525009155273,-8.42655181884766,"Unknown"
"7014853",371857,2025-11-24 13:42:13,43.3529663085938,-8.42744827270508,"Unknown"
"7014853",371857,2025-11-24 13:52:14,43.3529167175293,-8.42732906341553,"Unknown"
"7014853",371857,2025-11-24 14:02:13,43.3530960083008,-8.42776584625244,"Unknown"
"7014853",371857,2025-11-24 14:12:16,43.3618049621582,-8.40275001525879,"Unknown"
"7014853",371857,2025-11-24 14:22:15,43.36181640625,-8.40294075012207,"Unknown"
"7014853",371857,2025-11-24 14:32:14,43.3617362976074,-8.40338134765625,"Unknown"
"7014853",371857,2025-11-24 14:42:14,43.3617553710938,-8.40345859527588,"Unknown"
"7014853",371857,2025-11-24 14:52:15,43.3617324829102,-8.40359973907471,"Unknown"
"7014853",371857,2025-11-24 15:02:14,43.361686706543,-8.40340423583984,"Unknown"
"7014853",371857,2025-11-24 15:12:15,43.3616790771484,-8.40337944030762,"Unknown"
"7014853",371857,2025-11-24 15:22:13,43.361686706543,-8.4033784866333,"Unknown"
"7014853",371857,2025-11-24 15:32:13,43.3616600036621,-8.40333271026611,"Unknown"
"7014853",371857,2025-11-24 15:42:14,43.3629417419434,-8.40381240844727,"Unknown"
"7014853",371857,2025-11-24 15:52:13,43.3616104125977,-8.4035120010376,"Unknown"
"7014853",371857,2025-11-24 16:02:18,43.3615531921387,-8.40352725982666,"Unknown"
"7014853",371857,2025-11-24 16:12:14,43.3618049621582,-8.40373706817627,"Unknown"
"7014853",371857,2025-11-24 16:22:35,43.3617057800293,-8.40347385406494,"Unknown"
"7014853",371857,2025-11-24 16:32:13,43.3615455627441,-8.40333652496338,"Unknown"
"7014853",371857,2025-11-24 16:42:25,43.361644744873,-8.40351581573486,"Unknown"
"7014853",371857,2025-11-24 16:52:13,43.3615570068359,-8.40342235565186,"Unknown"
"7014853",371857,2025-11-24 17:02:13,43.3596839904785,-8.40203285217285,"Unknown"
"7014853",371857,2025-11-24 17:12:16,43.3595123291016,-8.40014362335205,"Unknown"
"7014853",371857,2025-11-24 17:22:14,43.3606986999512,-8.40265941619873,"Unknown"
"7014853",371857,2025-11-24 17:32:21,43.360782623291,-8.4028205871582,"Unknown"
"7014853",371857,2025-11-24 17:43:08,43.3606567382812,-8.40287399291992,"Unknown"
"7014853",371857,2025-11-24 22:43:36,43.3600120544434,-8.40248680114746,"Unknown"
"7014853",371857,2025-11-25 03:43:44,43.3604736328125,-8.40258026123047,"Unknown"
"7014853",371857,2025-11-25 07:44:17,43.360538482666,-8.40232276916504,"Unknown"
"7014853",371857,2025-11-25 07:54:04,43.3601684570312,-8.40260982513428,"Unknown"
"7014853",371857,2025-11-25 08:04:06,43.3610076904297,-8.4018030166626,"Unknown"
"7014853",371857,2025-11-25 08:14:02,43.3615798950195,-8.40505123138428,"Unknown"
"7014853",371857,2025-11-25 08:24:14,43.3766746520996,-8.45280933380127,"Unknown"
"7014853",371857,2025-11-25 08:34:35,43.376880645752,-8.45254802703857,"Unknown"
"7014853",371857,2025-11-25 08:44:04,43.3767929077148,-8.45281600952148,"Unknown"
"7014853",371857,2025-11-25 08:54:02,43.3770217895508,-8.4526834487915,"Unknown"
"7014853",371857,2025-11-25 09:04:03,43.3770408630371,-8.45313262939453,"Unknown"
"7014853",371857,2025-11-25 09:14:02,43.3770713806152,-8.45315456390381,"Unknown"
"7014853",371857,2025-11-25 09:24:04,43.3764305114746,-8.45315456390381,"Unknown"
"7014853",371857,2025-11-25 09:34:09,43.3763999938965,-8.45301818847656,"Unknown"
"7014853",371857,2025-11-25 09:44:10,43.3764114379883,-8.45306301116943,"Unknown"
"7014853",371857,2025-11-25 09:54:09,43.3765907287598,-8.45314979553223,"Unknown"
"7014853",371857,2025-11-25 10:04:09,43.3765411376953,-8.45308208465576,"Unknown"
"7014853",371857,2025-11-25 10:14:09,43.37646484375,-8.45283794403076,"Unknown"
"7014853",371857,2025-11-25 10:24:09,43.3765449523926,-8.45288276672363,"Unknown"
"7014853",371857,2025-11-25 10:34:07,43.3766174316406,-8.45288753509521,"Unknown"
"7014853",371857,2025-11-25 10:44:09,43.3699684143066,-8.45547199249268,"Unknown"
"7014853",371857,2025-11-25 10:55:12,43.3562660217285,-8.45698070526123,"Unknown"
"7014853",371857,2025-11-25 11:04:07,43.3563270568848,-8.45700168609619,"Unknown"
"7014853",371857,2025-11-25 11:14:24,43.3562889099121,-8.4568567276001,"Unknown"
"7014853",371857,2025-11-25 11:24:07,43.3564414978027,-8.45682430267334,"Unknown"
"7014853",371857,2025-11-25 11:34:25,43.356575012207,-8.45700836181641,"Unknown"
"7014853",371857,2025-11-25 11:44:11,43.3563423156738,-8.45685195922852,"Unknown"
"7014853",371857,2025-11-25 11:54:03,43.3564529418945,-8.45674133300781,"Unknown"
"7014853",371857,2025-11-25 12:14:02,43.3639755249023,-8.45784091949463,"Unknown"
"7014853",371857,2025-11-25 12:24:06,43.3763885498047,-8.4531717300415,"Unknown"
"7014853",371857,2025-11-25 12:34:19,43.3762702941895,-8.45257949829102,"Unknown"
"7014853",371857,2025-11-25 12:44:06,43.3763313293457,-8.45347595214844,"Unknown"
"7014853",371857,2025-11-25 12:54:06,43.3764953613281,-8.45325469970703,"Unknown"
"7014853",371857,2025-11-25 13:04:04,43.3790016174316,-8.45165729522705,"Unknown"
"7014853",371857,2025-11-25 13:14:06,43.3819274902344,-8.44681835174561,"Unknown"
"7014853",371857,2025-11-25 13:24:06,43.3819236755371,-8.44668102264404,"Unknown"
"7014853",371857,2025-11-25 13:34:03,43.381950378418,-8.44626808166504,"Unknown"
"7014853",371857,2025-11-25 13:44:03,43.3818702697754,-8.44631862640381,"Unknown"
"7014853",371857,2025-11-25 13:54:03,43.3819770812988,-8.44613456726074,"Unknown"
"7014853",371857,2025-11-25 14:04:04,43.3819961547852,-8.44601917266846,"Unknown"
"7014853",371857,2025-11-25 14:14:03,43.3819351196289,-8.44617557525635,"Unknown"
"7014853",371857,2025-11-25 14:24:09,43.3814353942871,-8.44758224487305,"Unknown"
"7014853",371857,2025-11-25 14:34:18,43.3807716369629,-8.44847679138184,"Unknown"
"7014853",371857,2025-11-25 14:44:35,43.3824005126953,-8.4463062286377,"Unknown"
"7014853",371857,2025-11-25 14:54:02,43.3740692138672,-8.42008209228516,"Unknown"
"7014853",371857,2025-11-25 15:04:02,43.3626747131348,-8.40415954589844,"Unknown"
"7014853",371857,2025-11-25 15:14:02,43.362735748291,-8.40400505065918,"Unknown"
"7014853",371857,2025-11-25 15:24:02,43.3627510070801,-8.40408706665039,"Unknown"
"7014853",371857,2025-11-25 15:34:02,43.3627815246582,-8.40414047241211,"Unknown"
"7014853",371857,2025-11-25 15:44:02,43.362621307373,-8.40396022796631,"Unknown"
"7014853",371857,2025-11-25 15:54:02,43.3625335693359,-8.40424346923828,"Unknown"
"7014853",371857,2025-11-25 16:04:02,43.3626747131348,-8.40397548675537,"Unknown"
"7014853",371857,2025-11-25 16:14:03,43.3625526428223,-8.40401935577393,"Unknown"
"7014853",371857,2025-11-25 16:24:04,43.3627815246582,-8.40412139892578,"Unknown"
"7014853",371857,2025-11-25 16:34:02,43.3637428283691,-8.40283966064453,"Unknown"
"7014853",371857,2025-11-25 16:44:06,43.364013671875,-8.40316963195801,"Unknown"
"7014853",371857,2025-11-25 16:54:09,43.3604431152344,-8.4030876159668,"Unknown"
"7014853",371857,2025-11-25 17:04:09,43.3601913452148,-8.40250968933105,"Unknown"
"7014853",371857,2025-11-25 17:14:04,43.3597946166992,-8.40231704711914,"Unknown"
"7014853",371857,2025-11-25 17:24:03,43.3604011535645,-8.40331363677979,"Unknown"
"7014853",371857,2025-11-25 17:34:08,43.3593559265137,-8.40066909790039,"Unknown"
"7014853",371857,2025-11-25 17:42:36,43.3594818115234,-8.40029239654541,"Unknown"
"7014853",371857,2025-11-25 22:42:48,43.360164642334,-8.40293025970459,"Unknown"
"7014853",371857,2025-11-26 03:43:05,43.3601188659668,-8.40269184112549,"Unknown"
"7014853",371857,2025-11-26 07:45:33,43.3600769042969,-8.40288162231445,"Unknown"
"7014853",371857,2025-11-26 07:55:16,43.3601417541504,-8.40284252166748,"Unknown"
"7014853",371857,2025-11-26 08:05:16,43.3606948852539,-8.40365314483643,"Unknown"
"7014853",371857,2025-11-26 08:15:17,43.3596305847168,-8.40146827697754,"Unknown"
"7014853",371857,2025-11-26 08:25:17,43.359546661377,-8.40076541900635,"Unknown"
"7014853",371857,2025-11-26 08:35:19,43.3596343994141,-8.40108680725098,"Unknown"
"7014853",371857,2025-11-26 08:45:17,43.3596343994141,-8.40097522735596,"Unknown"
"7014853",371857,2025-11-26 08:55:23,43.3595771789551,-8.40140724182129,"Unknown"
"7014853",371857,2025-11-26 09:05:21,43.3596382141113,-8.40176200866699,"Unknown"
"7014853",371857,2025-11-26 09:15:21,43.3595809936523,-8.40160846710205,"Unknown"
"7014853",371857,2025-11-26 09:25:18,43.3594741821289,-8.40158271789551,"Unknown"
"7014853",371857,2025-11-26 09:35:16,43.3593978881836,-8.40143203735352,"Unknown"
"7014853",371857,2025-11-26 09:45:17,43.3594970703125,-8.40177917480469,"Unknown"
"7014853",371857,2025-11-26 09:55:21,43.3593864440918,-8.40135097503662,"Unknown"
"7014853",371857,2025-11-26 10:05:22,43.359489440918,-8.40144348144531,"Unknown"
"7014853",371857,2025-11-26 10:15:22,43.3593444824219,-8.40106391906738,"Unknown"
"7014853",371857,2025-11-26 10:25:34,43.3595581054688,-8.40163326263428,"Unknown"
"7014853",371857,2025-11-26 10:35:15,43.3595657348633,-8.40161895751953,"Unknown"
"7014853",371857,2025-11-26 10:45:15,43.3595161437988,-8.40161323547363,"Unknown"
"7014853",371857,2025-11-26 10:55:16,43.359302520752,-8.40174865722656,"Unknown"
"7014853",371857,2025-11-26 11:05:16,43.3595428466797,-8.40163993835449,"Unknown"
"7014853",371857,2025-11-26 11:15:16,43.3595314025879,-8.4014835357666,"Unknown"
"7014853",371857,2025-11-26 11:25:16,43.3594398498535,-8.40156745910645,"Unknown"
"7014853",371857,2025-11-26 11:35:15,43.3594284057617,-8.40154552459717,"Unknown"
"7014853",371857,2025-11-26 11:45:15,43.359504699707,-8.4014720916748,"Unknown"
"7014853",371857,2025-11-26 11:55:15,43.3594207763672,-8.40147113800049,"Unknown"
"7014853",371857,2025-11-26 12:05:16,43.3594436645508,-8.40152835845947,"Unknown"
"7014853",371857,2025-11-26 12:15:16,43.3594703674316,-8.40154266357422,"Unknown"
"7014853",371857,2025-11-26 12:25:16,43.3595581054688,-8.40158081054688,"Unknown"
"7014853",371857,2025-11-26 12:35:18,43.3521995544434,-8.40640258789062,"Unknown"
"7014853",371857,2025-11-26 12:45:21,43.3522071838379,-8.40632057189941,"Unknown"
"7014853",371857,2025-11-26 12:55:18,43.352108001709,-8.40629005432129,"Unknown"
"7014853",371857,2025-11-26 13:05:16,43.3569221496582,-8.40619564056396,"Unknown"
"7014853",371857,2025-11-26 13:15:16,43.3568382263184,-8.40602684020996,"Unknown"
"7014853",371857,2025-11-26 13:25:16,43.3568534851074,-8.40608692169189,"Unknown"
"7014853",371857,2025-11-26 13:35:17,43.352668762207,-8.40969467163086,"Unknown"
"7014853",371857,2025-11-26 13:45:17,43.3526496887207,-8.40974807739258,"Unknown"
"7014853",371857,2025-11-26 13:55:19,43.3525886535645,-8.40959072113037,"Unknown"
"7014853",371857,2025-11-26 14:05:22,43.3521499633789,-8.4100980758667,"Unknown"
"7014853",371857,2025-11-26 14:15:29,43.3521575927734,-8.40973377227783,"Unknown"
"7014853",371857,2025-11-26 14:25:17,43.3525733947754,-8.40976047515869,"Unknown"
"7014853",371857,2025-11-26 14:35:19,43.3526573181152,-8.40982055664062,"Unknown"
"7014853",371857,2025-11-26 14:45:17,43.352367401123,-8.40974807739258,"Unknown"
"7014853",371857,2025-11-26 14:55:19,43.3526878356934,-8.40939712524414,"Unknown"
"7014853",371857,2025-11-26 15:05:17,43.3527565002441,-8.40945529937744,"Unknown"
"7014853",371857,2025-11-26 15:15:18,43.3524894714355,-8.40968322753906,"Unknown"
"7014853",371857,2025-11-26 15:25:17,43.352970123291,-8.40979385375977,"Unknown"
"7014853",371857,2025-11-26 15:35:18,43.352897644043,-8.40961837768555,"Unknown"
"7014853",371857,2025-11-26 15:45:17,43.3601493835449,-8.40260601043701,"Unknown"
"7014853",371857,2025-11-26 15:55:18,43.3601531982422,-8.40261650085449,"Unknown"
"7014853",371857,2025-11-26 16:05:19,43.3595504760742,-8.40169906616211,"Unknown"
"7014853",371857,2025-11-26 16:15:19,43.3593139648438,-8.40161609649658,"Unknown"
"7014853",371857,2025-11-26 16:25:17,43.3597221374512,-8.40182495117188,"Unknown"
"7014853",371857,2025-11-26 16:35:17,43.3595886230469,-8.40176296234131,"Unknown"
"7014853",371857,2025-11-26 16:45:22,43.3595237731934,-8.40157318115234,"Unknown"
"7014853",371857,2025-11-26 16:55:22,43.3597030639648,-8.40156650543213,"Unknown"
"7014853",371857,2025-11-26 17:05:23,43.35986328125,-8.40154838562012,"Unknown"
"7014853",371857,2025-11-26 17:15:16,43.3597259521484,-8.40169143676758,"Unknown"
"7014853",371857,2025-11-26 17:25:24,43.3594665527344,-8.40158176422119,"Unknown"
"7014853",371857,2025-11-26 17:35:21,43.3594932556152,-8.40156650543213,"Unknown"
"7014853",371857,2025-11-26 17:42:13,43.359619140625,-8.4015998840332,"Unknown"
"7014853",371857,2025-11-26 22:42:35,43.3600311279297,-8.40225505828857,"Unknown"
"7014853",371857,2025-11-27 03:42:35,43.3598747253418,-8.40236568450928,"Unknown"
"7014853",371857,2025-11-27 07:46:44,43.3595352172852,-8.40169239044189,"Unknown"
"7014853",371857,2025-11-27 07:56:44,43.359561920166,-8.40196514129639,"Unknown"
"7014853",371857,2025-11-27 08:06:25,43.3594055175781,-8.40198707580566,"Unknown"
"7014853",371857,2025-11-27 08:19:59,43.3522872924805,-8.40626049041748,"Unknown"
"7014853",371857,2025-11-27 08:26:36,43.3518218994141,-8.40878677368164,"Unknown"
"7014853",371857,2025-11-27 08:36:31,43.3523902893066,-8.41002082824707,"Unknown"
"7014853",371857,2025-11-27 08:46:32,43.3524475097656,-8.40986156463623,"Unknown"
"7014853",371857,2025-11-27 08:56:38,43.3523750305176,-8.41026782989502,"Unknown"
"7014853",371857,2025-11-27 09:06:42,43.3496513366699,-8.42505550384521,"Unknown"
"7014853",371857,2025-11-27 09:16:37,43.3499298095703,-8.4245433807373,"Unknown"
"7014853",371857,2025-11-27 09:26:34,43.349681854248,-8.42447376251221,"Unknown"
"7014853",371857,2025-11-27 09:36:28,43.3496742248535,-8.42452430725098,"Unknown"
"7014853",371857,2025-11-27 09:46:45,43.3496513366699,-8.42454433441162,"Unknown"
"7014853",371857,2025-11-27 09:56:30,43.3495712280273,-8.42467594146729,"Unknown"
"7014853",371857,2025-11-27 10:06:30,43.3496589660645,-8.42455387115479,"Unknown"
"7014853",371857,2025-11-27 10:16:36,43.3496971130371,-8.4245662689209,"Unknown"
"7014853",371857,2025-11-27 10:26:25,43.3496360778809,-8.42468452453613,"Unknown"
"7014853",371857,2025-11-27 10:36:45,43.3496322631836,-8.42445755004883,"Unknown"
"7014853",371857,2025-11-27 10:46:59,43.3501853942871,-8.42467784881592,"Unknown"
"7014853",371857,2025-11-27 10:56:57,43.3500900268555,-8.4223108291626,"Unknown"
"7014853",371857,2025-11-27 11:06:30,43.3521537780762,-8.4158239364624,"Unknown"
"7014853",371857,2025-11-27 11:16:24,43.3515739440918,-8.4164400100708,"Unknown"
"7014853",371857,2025-11-27 11:26:31,43.3523864746094,-8.41614818572998,"Unknown"
"7014853",371857,2025-11-27 11:36:25,43.3521156311035,-8.41608428955078,"Unknown"
"7014853",371857,2025-11-27 11:46:44,43.3403091430664,-8.45499992370605,"Unknown"
"7014853",371857,2025-11-27 11:56:32,43.3405418395996,-8.45506572723389,"Unknown"
"7014853",371857,2025-11-27 12:06:31,43.3403358459473,-8.45461845397949,"Unknown"
"7014853",371857,2025-11-27 12:16:25,43.3405456542969,-8.45467376708984,"Unknown"
"7014853",371857,2025-11-27 12:26:34,43.3420486450195,-8.45302391052246,"Unknown"
"7014853",371857,2025-11-27 12:37:06,43.3428573608398,-8.4531364440918,"Unknown"
"7014853",371857,2025-11-27 12:46:44,43.3564147949219,-8.45708465576172,"Unknown"
"7014853",371857,2025-11-27 12:56:25,43.356273651123,-8.45702648162842,"Unknown"
"7014853",371857,2025-11-27 13:06:25,43.3563690185547,-8.45704174041748,"Unknown"
"7014853",371857,2025-11-27 13:16:34,43.3559837341309,-8.45792865753174,"Unknown"
"7014853",371857,2025-11-27 13:26:41,43.3561058044434,-8.45715141296387,"Unknown"
"7014853",371857,2025-11-27 13:36:24,43.3543739318848,-8.45806407928467,"Unknown"
"7014853",371857,2025-11-27 13:56:44,43.3431549072266,-8.45134258270264,"Unknown"
"7014853",371857,2025-11-27 14:06:27,43.3402099609375,-8.45450305938721,"Unknown"
"7014853",371857,2025-11-27 14:16:27,43.3401947021484,-8.4548225402832,"Unknown"
"7014853",371857,2025-11-27 14:26:29,43.3405075073242,-8.4545841217041,"Unknown"
"7014853",371857,2025-11-27 14:36:46,43.3404121398926,-8.45400619506836,"Unknown"
"7014853",371857,2025-11-27 14:46:29,43.3407287597656,-8.45412254333496,"Unknown"
"7014853",371857,2025-11-27 14:56:26,43.3527221679688,-8.4284029006958,"Unknown"
"7014853",371857,2025-11-27 15:06:47,43.3532867431641,-8.42462158203125,"Unknown"
"7014853",371857,2025-11-27 15:16:27,43.3520317077637,-8.42423343658447,"Unknown"
"7014853",371857,2025-11-27 15:26:38,43.3534469604492,-8.42474937438965,"Unknown"
"7014853",371857,2025-11-27 15:36:45,43.3563842773438,-8.41207218170166,"Unknown"
"7014853",371857,2025-11-27 15:46:44,43.3595924377441,-8.4018440246582,"Unknown"
"7014853",371857,2025-11-27 15:56:28,43.3596496582031,-8.40188312530518,"Unknown"
"7014853",371857,2025-11-27 16:06:25,43.359504699707,-8.40180969238281,"Unknown"
"7014853",371857,2025-11-27 16:16:28,43.3596038818359,-8.40189743041992,"Unknown"
"7014853",371857,2025-11-27 16:26:35,43.3595886230469,-8.40180206298828,"Unknown"
"7014853",371857,2025-11-27 16:37:05,43.3595390319824,-8.40180683135986,"Unknown"
"7014853",371857,2025-11-27 16:46:37,43.3595848083496,-8.40185928344727,"Unknown"
"7014853",371857,2025-11-27 16:56:34,43.3595123291016,-8.40191173553467,"Unknown"
"7014853",371857,2025-11-27 17:06:32,43.3596382141113,-8.40183639526367,"Unknown"
"7014853",371857,2025-11-27 17:16:37,43.359546661377,-8.40184116363525,"Unknown"
"7014853",371857,2025-11-27 17:26:32,43.3595199584961,-8.40201854705811,"Unknown"
"7014853",371857,2025-11-27 17:36:45,43.3595352172852,-8.40187931060791,"Unknown"
"7014853",371857,2025-11-27 17:41:31,43.3595085144043,-8.40196895599365,"Unknown"
"7014853",371857,2025-11-27 22:42:05,43.3599815368652,-8.40258312225342,"Unknown"
"7014853",371857,2025-11-28 03:42:02,43.3601837158203,-8.40259075164795,"Unknown"
"7014853",371857,2025-11-28 07:47:43,43.3595848083496,-8.40198993682861,"Unknown"
"7014853",371857,2025-11-28 07:57:42,43.3592948913574,-8.40239906311035,"Unknown"
"7014853",371857,2025-11-28 08:07:40,43.3611259460449,-8.40122509002686,"Unknown"
"7014853",371857,2025-11-28 08:17:42,43.3595695495605,-8.40198135375977,"Unknown"
"7014853",371857,2025-11-28 08:27:43,43.3599700927734,-8.40188407897949,"Unknown"
"7014853",371857,2025-11-28 08:37:49,43.3595809936523,-8.40159606933594,"Unknown"
"7014853",371857,2025-11-28 08:47:44,43.3599128723145,-8.40262317657471,"Unknown"
"7014853",371857,2025-11-28 08:57:38,43.358829498291,-8.40261745452881,"Unknown"
"7014853",371857,2025-11-28 09:07:47,43.3522491455078,-8.40668392181396,"Unknown"
"7014853",371857,2025-11-28 09:17:42,43.3526306152344,-8.41015625,"Unknown"
"7014853",371857,2025-11-28 09:27:38,43.3525886535645,-8.41001129150391,"Unknown"
"7014853",371857,2025-11-28 09:37:39,43.3527374267578,-8.40989589691162,"Unknown"
"7014853",371857,2025-11-28 09:47:41,43.3526878356934,-8.40979099273682,"Unknown"
"7014853",371857,2025-11-28 09:57:38,43.3529663085938,-8.40780735015869,"Unknown"
"7014853",371857,2025-11-28 10:07:42,43.3572006225586,-8.40069103240967,"Unknown"
"7014853",371857,2025-11-28 10:17:40,43.3595199584961,-8.40207004547119,"Unknown"
"7014853",371857,2025-11-28 10:27:38,43.3594589233398,-8.40193176269531,"Unknown"
"7014853",371857,2025-11-28 10:37:43,43.3594169616699,-8.40190315246582,"Unknown"
"7014853",371857,2025-11-28 10:47:38,43.3595809936523,-8.40180587768555,"Unknown"
"7014853",371857,2025-11-28 10:57:40,43.3593788146973,-8.40219974517822,"Unknown"
"7014853",371857,2025-11-28 11:07:39,43.3597221374512,-8.40180397033691,"Unknown"
"7014853",371857,2025-11-28 11:17:38,43.3594512939453,-8.40205192565918,"Unknown"
"7014853",371857,2025-11-28 11:27:40,43.3595085144043,-8.40216541290283,"Unknown"
"7014853",371857,2025-11-28 11:37:46,43.358943939209,-8.40342617034912,"Unknown"
"7014853",371857,2025-11-28 11:47:43,43.3596839904785,-8.40197372436523,"Unknown"
"7014853",371857,2025-11-28 11:57:38,43.3593101501465,-8.40212440490723,"Unknown"
"7014853",371857,2025-11-28 12:07:38,43.3592720031738,-8.40240097045898,"Unknown"
"7014853",371857,2025-11-28 12:17:38,43.3594512939453,-8.40191841125488,"Unknown"
"7014853",371857,2025-11-28 12:27:38,43.359546661377,-8.40192890167236,"Unknown"
"7014853",371857,2025-11-28 12:37:38,43.3592987060547,-8.40185642242432,"Unknown"
"7014853",371857,2025-11-28 12:47:38,43.3600082397461,-8.40267944335938,"Unknown"
"7014853",371857,2025-11-28 12:57:39,43.3537750244141,-8.42438220977783,"Unknown"
"7014853",371857,2025-11-28 13:07:42,43.3536529541016,-8.42440891265869,"Unknown"
"7014853",371857,2025-11-28 13:17:43,43.3534126281738,-8.42438983917236,"Unknown"
"7014853",371857,2025-11-28 13:27:40,43.353385925293,-8.42457389831543,"Unknown"
"7014853",371857,2025-11-28 13:37:42,43.3532791137695,-8.42466259002686,"Unknown"
"7014853",371857,2025-11-28 13:47:41,43.3533782958984,-8.42428016662598,"Unknown"
"7014853",371857,2025-11-28 13:57:38,43.3502197265625,-8.45188808441162,"Unknown"
"7014853",371857,2025-11-28 14:17:43,43.3555641174316,-8.45763301849365,"Unknown"
"7014853",371857,2025-11-28 14:27:46,43.3555793762207,-8.45726680755615,"Unknown"
"7014853",371857,2025-11-28 14:37:46,43.3400459289551,-8.45382118225098,"Unknown"
"7014853",371857,2025-11-28 14:47:39,43.3490180969238,-8.43332767486572,"Unknown"
"7014853",371857,2025-11-28 14:57:39,43.3598976135254,-8.40171813964844,"Unknown"
"7014853",371857,2025-11-28 15:07:38,43.3598899841309,-8.40199279785156,"Unknown"
"7014853",371857,2025-11-28 15:17:39,43.3598480224609,-8.40204238891602,"Unknown"
"7014853",371857,2025-11-28 15:27:38,43.3598670959473,-8.40199756622314,"Unknown"
"7014853",371857,2025-11-28 15:37:39,43.3600273132324,-8.40193367004395,"Unknown"
"7014853",371857,2025-11-28 15:47:40,43.3600463867188,-8.40197849273682,"Unknown"
"7014853",371857,2025-11-28 15:57:41,43.3602676391602,-8.40180397033691,"Unknown"
"7014853",371857,2025-11-28 16:07:38,43.3601379394531,-8.40190315246582,"Unknown"
"7014853",371857,2025-11-28 16:17:39,43.3602638244629,-8.40236377716064,"Unknown"
"7014853",371857,2025-11-28 16:27:40,43.3601570129395,-8.40229892730713,"Unknown"
"7014853",371857,2025-11-28 16:37:39,43.3604393005371,-8.40262699127197,"Unknown"
"7014853",371857,2025-11-28 16:47:39,43.3597717285156,-8.40198802947998,"Unknown"
"7014853",371857,2025-11-28 16:57:52,43.359619140625,-8.4013843536377,"Unknown"
"7014853",371857,2025-11-28 17:07:48,43.3575286865234,-8.40071201324463,"Unknown"
"7014853",371857,2025-11-28 17:17:51,43.3600082397461,-8.40080738067627,"Unknown"
"7014853",371857,2025-11-28 17:29:00,43.3594131469727,-8.40077018737793,"Unknown"
"7014853",371857,2025-11-28 17:38:05,43.3593254089355,-8.40074920654297,"Unknown"
"7014853",371857,2025-11-28 17:40:57,43.3593063354492,-8.40076923370361,"Unknown"
"7014853",371857,2025-11-28 22:41:00,43.3606605529785,-8.4027738571167,"Unknown"
"7014853",371857,2025-11-29 03:40:58,43.3596954345703,-8.4018497467041,"Unknown"
"7014853",371857,2025-11-29 07:49:14,43.3487777709961,-8.42334079742432,"Unknown"
"7014853",371857,2025-11-29 07:59:07,43.3497428894043,-8.42792415618896,"Unknown"
"7014853",371857,2025-11-29 08:09:01,43.3500785827637,-8.42721176147461,"Unknown"
"7014853",371857,2025-11-29 08:18:53,43.3501510620117,-8.42686462402344,"Unknown"
"7014853",371857,2025-11-29 08:28:48,43.3499984741211,-8.42637157440186,"Unknown"
"7014853",371857,2025-11-29 08:38:52,43.3500289916992,-8.42669773101807,"Unknown"
"7014853",371857,2025-11-29 08:49:14,43.3500900268555,-8.42715072631836,"Unknown"
"7014853",371857,2025-11-29 08:58:48,43.349853515625,-8.42720699310303,"Unknown"
"7014853",371857,2025-11-29 09:08:47,43.3498649597168,-8.42685985565186,"Unknown"
"7014853",371857,2025-11-29 09:18:51,43.3500595092773,-8.42728614807129,"Unknown"
"7014853",371857,2025-11-29 09:28:55,43.3498497009277,-8.4268856048584,"Unknown"
"7014853",371857,2025-11-29 09:38:48,43.3494873046875,-8.42790222167969,"Unknown"
"7014853",371857,2025-11-29 09:49:01,43.3498497009277,-8.42636013031006,"Unknown"
"7014853",371857,2025-11-29 09:59:11,43.3495025634766,-8.42689514160156,"Unknown"
"7014853",371857,2025-11-29 10:09:23,43.3495941162109,-8.427565574646,"Unknown"
"7014853",371857,2025-11-29 10:18:52,43.3495864868164,-8.42758464813232,"Unknown"
"7014853",371857,2025-11-29 10:28:48,43.3496322631836,-8.42747592926025,"Unknown"
"7014853",371857,2025-11-29 10:38:48,43.3496971130371,-8.42751979827881,"Unknown"
"7014853",371857,2025-11-29 10:48:48,43.3496055603027,-8.42749691009521,"Unknown"
"7014853",371857,2025-11-29 10:58:48,43.3539047241211,-8.44061660766602,"Unknown"
"7014853",371857,2025-11-29 11:08:48,43.3808288574219,-8.44816493988037,"Unknown"
"7014853",371857,2025-11-29 11:18:49,43.3814315795898,-8.44161510467529,"Unknown"
"7014853",371857,2025-11-29 11:29:09,43.3592987060547,-8.40227890014648,"Unknown"
"7014853",371857,2025-11-29 11:38:50,43.3595733642578,-8.40161514282227,"Unknown"
"7014853",371857,2025-11-29 11:48:54,43.3595657348633,-8.40225505828857,"Unknown"
"7014853",371857,2025-11-29 11:58:51,43.3594169616699,-8.40197658538818,"Unknown"
"7014853",371857,2025-11-29 12:08:48,43.3574104309082,-8.40313148498535,"Unknown"
"7014853",371857,2025-11-29 12:18:49,43.3545875549316,-8.43526840209961,"Unknown"
"7014853",371857,2025-11-29 12:28:49,43.3560752868652,-8.45810222625732,"Unknown"
"7014853",371857,2025-11-29 12:38:56,43.3555183410645,-8.45779609680176,"Unknown"
"7014853",371857,2025-11-29 12:49:02,43.3555908203125,-8.45802021026611,"Unknown"
"7014853",371857,2025-11-29 12:58:50,43.3559188842773,-8.45773601531982,"Unknown"
"7014853",371857,2025-11-29 13:08:50,43.3555717468262,-8.45797824859619,"Unknown"
"7014853",371857,2025-11-29 13:18:55,43.355541229248,-8.45775318145752,"Unknown"
"7014853",371857,2025-11-29 13:29:01,43.3554649353027,-8.45786285400391,"Unknown"
"7014853",371857,2025-11-29 13:38:52,43.355827331543,-8.45798587799072,"Unknown"
"7014853",371857,2025-11-29 13:58:50,43.3453636169434,-8.4489917755127,"Unknown"
"7014853",371857,2025-11-29 14:09:35,43.3401985168457,-8.45453548431396,"Unknown"
"7014853",371857,2025-11-29 14:18:51,43.3461074829102,-8.44150066375732,"Unknown"
"7014853",371857,2025-11-29 14:28:48,43.3461418151855,-8.44098567962646,"Unknown"
"7014853",371857,2025-11-29 14:38:51,43.346118927002,-8.44135856628418,"Unknown"
"7014853",371857,2025-11-29 14:48:51,43.3461265563965,-8.4415807723999,"Unknown"
"7014853",371857,2025-11-29 14:58:51,43.3596687316895,-8.40165996551514,"Unknown"
"7014853",371857,2025-11-29 15:08:59,43.3624458312988,-8.40396881103516,"Unknown"
"7014853",371857,2025-11-29 15:18:51,43.3623695373535,-8.40408420562744,"Unknown"
"7014853",371857,2025-11-29 15:28:51,43.3623237609863,-8.40411281585693,"Unknown"
"7014853",371857,2025-11-29 15:38:48,43.3624076843262,-8.40384101867676,"Unknown"
"7014853",371857,2025-11-29 15:48:49,43.3624076843262,-8.40380573272705,"Unknown"
"7014853",371857,2025-11-29 15:58:49,43.3625755310059,-8.4034423828125,"Unknown"
"7014853",371857,2025-11-29 16:08:54,43.3621711730957,-8.40380096435547,"Unknown"
"7014853",371857,2025-11-29 16:18:48,43.3627395629883,-8.40340232849121,"Unknown"
"7014853",371857,2025-11-29 16:28:52,43.3639297485352,-8.40895748138428,"Unknown"
"7014853",371857,2025-11-29 16:39:14,43.3621788024902,-8.4039945602417,"Unknown"
"7014853",371857,2025-11-29 16:48:51,43.3621864318848,-8.40391063690186,"Unknown"
"7014853",371857,2025-11-29 16:58:55,43.3622512817383,-8.40367412567139,"Unknown"
"7014853",371857,2025-11-29 17:08:50,43.3619689941406,-8.40439891815186,"Unknown"
"7014853",371857,2025-11-29 17:18:56,43.362247467041,-8.40383338928223,"Unknown"
"7014853",371857,2025-11-29 17:28:54,43.3622589111328,-8.40364074707031,"Unknown"
"7014853",371857,2025-11-29 17:39:14,43.3623733520508,-8.40379333496094,"Unknown"
"7014853",371857,2025-11-29 22:39:15,43.3621788024902,-8.40358257293701,"Unknown"
"7014853",371857,2025-11-30 03:39:17,43.359375,-8.40206909179688,"Unknown"
"7014853",371857,2025-11-30 07:49:35,43.3596000671387,-8.40209102630615,"Unknown"
"7014853",371857,2025-11-30 07:59:31,43.3592109680176,-8.40231800079346,"Unknown"
"7014853",371857,2025-11-30 08:09:44,43.3592567443848,-8.40181732177734,"Unknown"
"7014853",371857,2025-11-30 08:19:31,43.3593139648438,-8.40228748321533,"Unknown"
"7014853",371857,2025-11-30 08:29:33,43.3594665527344,-8.40167713165283,"Unknown"
"7014853",371857,2025-11-30 08:39:30,43.3594245910645,-8.40243339538574,"Unknown"
"7014853",371857,2025-11-30 08:49:30,43.3594398498535,-8.40256118774414,"Unknown"
"7014853",371857,2025-11-30 08:59:32,43.359447479248,-8.40242481231689,"Unknown"
"7014853",371857,2025-11-30 09:09:30,43.3594970703125,-8.4023323059082,"Unknown"
"7014853",371857,2025-11-30 09:19:31,43.3594779968262,-8.40237522125244,"Unknown"
"7014853",371857,2025-11-30 09:29:30,43.3594779968262,-8.40234184265137,"Unknown"
"7014853",371857,2025-11-30 09:39:29,43.3596496582031,-8.40277004241943,"Unknown"
"7014853",371857,2025-11-30 09:49:30,43.3597869873047,-8.40253353118896,"Unknown"
"7014853",371857,2025-11-30 09:59:29,43.3598136901855,-8.40268421173096,"Unknown"
"7014853",371857,2025-11-30 10:09:33,43.3601226806641,-8.40293502807617,"Unknown"
"7014853",371857,2025-11-30 10:19:30,43.3597602844238,-8.40210151672363,"Unknown"
"7014853",371857,2025-11-30 10:29:29,43.3597030639648,-8.40228843688965,"Unknown"
"7014853",371857,2025-11-30 10:39:30,43.3595848083496,-8.40155029296875,"Unknown"
"7014853",371857,2025-11-30 10:49:31,43.3598594665527,-8.40173435211182,"Unknown"
"7014853",371857,2025-11-30 10:59:35,43.3597068786621,-8.40264129638672,"Unknown"
"7014853",371857,2025-11-30 11:09:31,43.3600730895996,-8.40265464782715,"Unknown"
"7014853",371857,2025-11-30 11:19:31,43.3604698181152,-8.40151309967041,"Unknown"
"7014853",371857,2025-11-30 11:29:31,43.3601417541504,-8.40275096893311,"Unknown"
"7014853",371857,2025-11-30 11:39:30,43.3599395751953,-8.40197563171387,"Unknown"
"7014853",371857,2025-11-30 11:49:38,43.3556022644043,-8.41423225402832,"Unknown"
"7014853",371857,2025-11-30 11:59:32,43.3547668457031,-8.4140625,"Unknown"
"7014853",371857,2025-11-30 12:09:36,43.3554573059082,-8.41391277313232,"Unknown"
"7014853",371857,2025-11-30 12:19:32,43.3555450439453,-8.41370964050293,"Unknown"
"7014853",371857,2025-11-30 12:29:30,43.3554420471191,-8.41405200958252,"Unknown"
"7014853",371857,2025-11-30 12:39:30,43.3570175170898,-8.42212104797363,"Unknown"
"7014853",371857,2025-11-30 12:50:05,43.3404197692871,-8.45430374145508,"Unknown"
"7014853",371857,2025-11-30 12:59:29,43.3406066894531,-8.4544734954834,"Unknown"
"7014853",371857,2025-11-30 13:09:36,43.3415794372559,-8.45390319824219,"Unknown"
"7014853",371857,2025-11-30 13:19:29,43.3406753540039,-8.45432662963867,"Unknown"
"7014853",371857,2025-11-30 13:29:43,43.3560523986816,-8.4574670791626,"Unknown"
"7014853",371857,2025-11-30 13:39:32,43.3564605712891,-8.45709609985352,"Unknown"
"7014853",371857,2025-11-30 13:49:35,43.3563804626465,-8.45699024200439,"Unknown"
"7014853",371857,2025-11-30 13:59:30,43.3555793762207,-8.45720863342285,"Unknown"
"7014853",371857,2025-11-30 14:09:44,43.3566589355469,-8.45691108703613,"Unknown"
"7014853",371857,2025-11-30 14:19:29,43.3565444946289,-8.45688724517822,"Unknown"
"7014853",371857,2025-11-30 14:29:30,43.3575477600098,-8.45838260650635,"Unknown"
"7014853",371857,2025-11-30 14:49:52,43.340404510498,-8.45382118225098,"Unknown"
"7014853",371857,2025-11-30 14:59:41,43.3400115966797,-8.4513578414917,"Unknown"
"7014853",371857,2025-11-30 15:09:41,43.3599815368652,-8.40272998809814,"Unknown"
"7014853",371857,2025-11-30 15:19:33,43.3598213195801,-8.40261363983154,"Unknown"
"7014853",371857,2025-11-30 15:29:30,43.3601417541504,-8.40291023254395,"Unknown"
"7014853",371857,2025-11-30 15:39:29,43.3602180480957,-8.40208148956299,"Unknown"
"7014853",371857,2025-11-30 15:50:05,43.3599395751953,-8.40265464782715,"Unknown"
"7014853",371857,2025-11-30 15:59:28,43.3598289489746,-8.40257358551025,"Unknown"
"7014853",371857,2025-11-30 16:09:28,43.3600425720215,-8.40251064300537,"Unknown"
"7014853",371857,2025-11-30 16:19:28,43.3599319458008,-8.40272331237793,"Unknown"
"7014853",371857,2025-11-30 16:29:29,43.3594589233398,-8.40056991577148,"Unknown"
"7014853",371857,2025-11-30 16:39:31,43.3593978881836,-8.40043640136719,"Unknown"
"7014853",371857,2025-11-30 16:49:32,43.3596611022949,-8.40073108673096,"Unknown"
"7014853",371857,2025-11-30 16:59:30,43.3596038818359,-8.40057182312012,"Unknown"
"7014853",371857,2025-11-30 17:09:30,43.3597984313965,-8.40118026733398,"Unknown"
"7014853",371857,2025-11-30 17:19:38,43.3595123291016,-8.40069389343262,"Unknown"
"7014853",371857,2025-11-30 17:29:36,43.3594932556152,-8.40056419372559,"Unknown"
"7014853",371857,2025-11-30 17:40:43,43.3595504760742,-8.40073680877686,"Unknown"
"7014853",371857,2025-11-30 22:41:05,43.3607025146484,-8.4059591293335,"Unknown"
"7014853",371857,2025-12-01 03:41:01,43.3595771789551,-8.40132427215576,"Unknown"
"7014853",371857,2025-12-01 07:51:13,43.359504699707,-8.40186595916748,"Unknown"
"7014853",371857,2025-12-01 08:01:11,43.3599014282227,-8.40253257751465,"Unknown"
"7014853",371857,2025-12-01 08:11:04,43.3523826599121,-8.40631580352783,"Unknown"
"7014853",371857,2025-12-01 08:21:00,43.3523902893066,-8.40981292724609,"Unknown"
"7014853",371857,2025-12-01 08:30:59,43.3527984619141,-8.4095401763916,"Unknown"
"7014853",371857,2025-12-01 08:41:00,43.3525733947754,-8.4224328994751,"Unknown"
"7014853",371857,2025-12-01 08:51:16,43.3532524108887,-8.45469570159912,"Unknown"
"7014853",371857,2025-12-01 09:01:14,43.3563613891602,-8.45712852478027,"Unknown"
"7014853",371857,2025-12-01 09:11:09,43.3602333068848,-8.4631929397583,"Unknown"
"7014853",371857,2025-12-01 09:21:10,43.360294342041,-8.46320247650146,"Unknown"
"7014853",371857,2025-12-01 09:31:09,43.3601608276367,-8.46327590942383,"Unknown"
"7014853",371857,2025-12-01 09:41:01,43.3602142333984,-8.46320724487305,"Unknown"
"7014853",371857,2025-12-01 09:51:35,43.3602714538574,-8.46323585510254,"Unknown"
"7014853",371857,2025-12-01 10:01:00,43.3599510192871,-8.4631404876709,"Unknown"
"7014853",371857,2025-12-01 10:11:03,43.3602867126465,-8.46316719055176,"Unknown"
"7014853",371857,2025-12-01 10:21:00,43.3607215881348,-8.46266937255859,"Unknown"
"7014853",371857,2025-12-01 10:31:00,43.3611068725586,-8.4628381729126,"Unknown"
"7014853",371857,2025-12-01 10:41:01,43.353759765625,-8.45111083984375,"Unknown"
"7014853",371857,2025-12-01 10:51:01,43.3561744689941,-8.45799732208252,"Unknown"
"7014853",371857,2025-12-01 11:01:05,43.3561477661133,-8.45801258087158,"Unknown"
"7014853",371857,2025-12-01 11:11:07,43.3562049865723,-8.45800399780273,"Unknown"
"7014853",371857,2025-12-01 11:21:00,43.3564796447754,-8.45718383789062,"Unknown"
"7014853",371857,2025-12-01 11:42:11,43.3565254211426,-8.45694255828857,"Unknown"
"7014853",371857,2025-12-01 11:51:05,43.3563575744629,-8.45769691467285,"Unknown"
"7014853",371857,2025-12-01 12:01:13,43.3562431335449,-8.45781230926514,"Unknown"
"7014853",371857,2025-12-01 12:11:01,43.3563003540039,-8.45753574371338,"Unknown"
"7014853",371857,2025-12-01 12:21:04,43.3565864562988,-8.45713043212891,"Unknown"
"7014853",371857,2025-12-01 12:31:37,43.3557014465332,-8.45649147033691,"Unknown"
"7014853",371857,2025-12-01 12:41:26,43.3560371398926,-8.45736980438232,"Unknown"
"7014853",371857,2025-12-01 12:51:19,43.3559265136719,-8.45768928527832,"Unknown"
"7014853",371857,2025-12-01 13:01:17,43.3408355712891,-8.45309448242188,"Unknown"
"7014853",371857,2025-12-01 13:11:11,43.3399925231934,-8.45454502105713,"Unknown"
"7014853",371857,2025-12-01 13:21:09,43.3397827148438,-8.45437049865723,"Unknown"
"7014853",371857,2025-12-01 13:31:22,43.3401107788086,-8.4543924331665,"Unknown"
"7014853",371857,2025-12-01 13:41:26,43.3546524047852,-8.45835590362549,"Unknown"
"7014853",371857,2025-12-01 13:51:07,43.3538970947266,-8.45765686035156,"Unknown"
"7014853",371857,2025-12-01 14:01:10,43.3628273010254,-8.45928287506104,"Unknown"
"7014853",371857,2025-12-01 14:11:06,43.3710632324219,-8.45724582672119,"Unknown"
"7014853",371857,2025-12-01 14:21:00,43.3779029846191,-8.45327854156494,"Unknown"
"7014853",371857,2025-12-01 14:31:05,43.3824005126953,-8.44634532928467,"Unknown"
"7014853",371857,2025-12-01 14:41:00,43.382755279541,-8.44627285003662,"Unknown"
"7014853",371857,2025-12-01 14:51:00,43.3827285766602,-8.44624900817871,"Unknown"
"7014853",371857,2025-12-01 15:01:00,43.3825416564941,-8.44635105133057,"Unknown"
"7014853",371857,2025-12-01 15:11:03,43.3825225830078,-8.4462833404541,"Unknown"
"7014853",371857,2025-12-01 15:21:35,43.3826751708984,-8.44651794433594,"Unknown"
"7014853",371857,2025-12-01 15:30:59,43.3824806213379,-8.44653797149658,"Unknown"
"7014853",371857,2025-12-01 15:40:59,43.382511138916,-8.44648551940918,"Unknown"
"7014853",371857,2025-12-01 15:50:59,43.3825187683105,-8.4464750289917,"Unknown"
"7014853",371857,2025-12-01 16:01:00,43.3824462890625,-8.44639682769775,"Unknown"
"7014853",371857,2025-12-01 16:10:59,43.3824310302734,-8.44641304016113,"Unknown"
"7014853",371857,2025-12-01 16:20:59,43.3824310302734,-8.44638729095459,"Unknown"
"7014853",371857,2025-12-01 16:30:59,43.3828773498535,-8.44450664520264,"Unknown"
"7014853",371857,2025-12-01 16:40:59,43.3668899536133,-8.40775871276855,"Unknown"
"7014853",371857,2025-12-01 16:51:01,43.3612976074219,-8.40331840515137,"Unknown"
"7014853",371857,2025-12-01 17:01:03,43.3612403869629,-8.40316581726074,"Unknown"
"7014853",371857,2025-12-01 17:11:01,43.3613510131836,-8.40346622467041,"Unknown"
"7014853",371857,2025-12-01 17:21:05,43.3613052368164,-8.40338039398193,"Unknown"
"7014853",371857,2025-12-01 17:31:06,43.3612670898438,-8.4033374786377,"Unknown"
"7014853",371857,2025-12-01 17:40:36,43.3613128662109,-8.40347480773926,"Unknown"
"7014853",371857,2025-12-01 22:40:51,43.3600921630859,-8.40297985076904,"Unknown"
"7014853",371857,2025-12-02 03:40:44,43.3609504699707,-8.40357780456543,"Unknown"
"7014853",371857,2025-12-02 07:52:16,43.3614845275879,-8.4034366607666,"Unknown"
"7014853",371857,2025-12-02 08:02:06,43.3600006103516,-8.40294551849365,"Unknown"
"7014853",371857,2025-12-02 08:12:08,43.360050201416,-8.40265846252441,"Unknown"
"7014853",371857,2025-12-02 08:22:29,43.3599815368652,-8.40271949768066,"Unknown"
"7014853",371857,2025-12-02 08:31:58,43.3601188659668,-8.402756690979,"Unknown"
"7014853",371857,2025-12-02 08:42:00,43.3598899841309,-8.40270137786865,"Unknown"
"7014853",371857,2025-12-02 08:52:08,43.3598785400391,-8.40274333953857,"Unknown"
"7014853",371857,2025-12-02 09:02:06,43.3599014282227,-8.40248394012451,"Unknown"
"7014853",371857,2025-12-02 09:12:04,43.3598556518555,-8.40282726287842,"Unknown"
"7014853",371857,2025-12-02 09:22:00,43.359447479248,-8.40216255187988,"Unknown"
"7014853",371857,2025-12-02 09:32:01,43.3599472045898,-8.4023609161377,"Unknown"
"7014853",371857,2025-12-02 09:41:58,43.3599624633789,-8.40252113342285,"Unknown"
"7014853",371857,2025-12-02 09:51:59,43.359977722168,-8.40246105194092,"Unknown"
"7014853",371857,2025-12-02 10:02:14,43.3599243164062,-8.40231800079346,"Unknown"
"7014853",371857,2025-12-02 10:11:59,43.3598480224609,-8.40146064758301,"Unknown"
"7014853",371857,2025-12-02 10:21:59,43.3599586486816,-8.40241527557373,"Unknown"
"7014853",371857,2025-12-02 10:31:58,43.3600540161133,-8.40259075164795,"Unknown"
"7014853",371857,2025-12-02 10:41:59,43.3599815368652,-8.40238571166992,"Unknown"
"7014853",371857,2025-12-02 10:52:14,43.3600044250488,-8.40247440338135,"Unknown"
"7014853",371857,2025-12-02 11:01:58,43.3599891662598,-8.40235900878906,"Unknown"
"7014853",371857,2025-12-02 11:12:05,43.3600120544434,-8.40241527557373,"Unknown"
"7014853",371857,2025-12-02 11:22:03,43.3600158691406,-8.40254783630371,"Unknown"
"7014853",371857,2025-12-02 11:32:05,43.3599967956543,-8.40278625488281,"Unknown"
"7014853",371857,2025-12-02 11:42:07,43.360164642334,-8.40268993377686,"Unknown"
"7014853",371857,2025-12-02 11:52:14,43.3603324890137,-8.40461158752441,"Unknown"
"7014853",371857,2025-12-02 12:02:29,43.3493804931641,-8.42333602905273,"Unknown"
"7014853",371857,2025-12-02 12:11:58,43.3483963012695,-8.42540550231934,"Unknown"
"7014853",371857,2025-12-02 12:21:58,43.3564682006836,-8.45699787139893,"Unknown"
"7014853",371857,2025-12-02 12:31:58,43.3564453125,-8.45782852172852,"Unknown"
"7014853",371857,2025-12-02 12:41:57,43.3564376831055,-8.45785713195801,"Unknown"
"7014853",371857,2025-12-02 12:51:58,43.3564643859863,-8.45784950256348,"Unknown"
"7014853",371857,2025-12-02 13:01:59,43.3536109924316,-8.45857906341553,"Unknown"
"7014853",371857,2025-12-02 13:12:06,43.3652534484863,-8.45832252502441,"Unknown"
"7014853",371857,2025-12-02 13:21:59,43.3413429260254,-8.45265865325928,"Unknown"
"7014853",371857,2025-12-02 13:32:40,43.3395042419434,-8.45388317108154,"Unknown"
"7014853",371857,2025-12-02 13:42:08,43.3396682739258,-8.45422649383545,"Unknown"
"7014853",371857,2025-12-02 13:52:14,43.348201751709,-8.43847465515137,"Unknown"
"7014853",371857,2025-12-02 14:01:58,43.3481063842773,-8.43867111206055,"Unknown"
"7014853",371857,2025-12-02 14:11:59,43.3483238220215,-8.43871879577637,"Unknown"
"7014853",371857,2025-12-02 14:22:00,43.3480682373047,-8.43844890594482,"Unknown"
"7014853",371857,2025-12-02 14:32:12,43.3484840393066,-8.43841552734375,"Unknown"
"7014853",371857,2025-12-02 14:42:00,43.3476676940918,-8.43873882293701,"Unknown"
"7014853",371857,2025-12-02 14:52:07,43.3488883972168,-8.43861675262451,"Unknown"
"7014853",371857,2025-12-02 15:02:14,43.3481140136719,-8.43843650817871,"Unknown"
"7014853",371857,2025-12-02 15:11:58,43.3562850952148,-8.45710945129395,"Unknown"
"7014853",371857,2025-12-02 15:21:59,43.357666015625,-8.45652008056641,"Unknown"
"7014853",371857,2025-12-02 15:32:09,43.3564949035645,-8.45718955993652,"Unknown"
"7014853",371857,2025-12-02 15:42:08,43.354679107666,-8.45869827270508,"Unknown"
"7014853",371857,2025-12-02 16:02:17,43.3551139831543,-8.45831680297852,"Unknown"
"7014853",371857,2025-12-02 16:12:06,43.3396682739258,-8.45455646514893,"Unknown"
"7014853",371857,2025-12-02 16:22:13,43.350269317627,-8.42768955230713,"Unknown"
"7014853",371857,2025-12-02 16:32:14,43.3502502441406,-8.42775249481201,"Unknown"
"7014853",371857,2025-12-02 16:42:30,43.350830078125,-8.42577838897705,"Unknown"
"7014853",371857,2025-12-02 16:52:29,43.3600692749023,-8.40276908874512,"Unknown"
"7014853",371857,2025-12-02 17:02:01,43.3600845336914,-8.40274906158447,"Unknown"
"7014853",371857,2025-12-02 17:12:00,43.3602676391602,-8.40293121337891,"Unknown"
"7014853",371857,2025-12-02 17:21:57,43.3600921630859,-8.40286636352539,"Unknown"
"7014853",371857,2025-12-02 17:31:58,43.3597602844238,-8.40269660949707,"Unknown"
"7014853",371857,2025-12-02 17:40:17,43.3598976135254,-8.40276718139648,"Unknown"
"7014853",371857,2025-12-02 22:40:46,43.3603935241699,-8.40310764312744,"Unknown"
"7014853",371857,2025-12-03 03:40:36,43.359447479248,-8.40272617340088,"Unknown"
"7014853",371857,2025-12-03 07:53:44,43.3595237731934,-8.40194511413574,"Unknown"
"7014853",371857,2025-12-03 08:03:35,43.3593711853027,-8.40195274353027,"Unknown"
"7014853",371857,2025-12-03 08:13:14,43.359561920166,-8.40158557891846,"Unknown"
"7014853",371857,2025-12-03 08:23:21,43.3597755432129,-8.40221786499023,"Unknown"
"7014853",371857,2025-12-03 08:33:25,43.3595886230469,-8.40176868438721,"Unknown"
"7014853",371857,2025-12-03 08:43:19,43.359619140625,-8.40248966217041,"Unknown"
"7014853",371857,2025-12-03 08:53:19,43.3597640991211,-8.40224075317383,"Unknown"
"7014853",371857,2025-12-03 09:03:25,43.3599472045898,-8.40246772766113,"Unknown"
"7014853",371857,2025-12-03 09:13:22,43.3600959777832,-8.40248775482178,"Unknown"
"7014853",371857,2025-12-03 09:23:19,43.359806060791,-8.40220355987549,"Unknown"
"7014853",371857,2025-12-03 09:33:20,43.3529472351074,-8.40627002716064,"Unknown"
"7014853",371857,2025-12-03 09:43:21,43.3525772094727,-8.41004371643066,"Unknown"
"7014853",371857,2025-12-03 09:53:18,43.3524055480957,-8.40991115570068,"Unknown"
"7014853",371857,2025-12-03 10:03:19,43.3522605895996,-8.40976905822754,"Unknown"
"7014853",371857,2025-12-03 10:13:21,43.3525047302246,-8.40994167327881,"Unknown"
"7014853",371857,2025-12-03 10:23:18,43.3525772094727,-8.41007614135742,"Unknown"
"7014853",371857,2025-12-03 10:33:25,43.3524436950684,-8.40991973876953,"Unknown"
"7014853",371857,2025-12-03 10:43:46,43.3524017333984,-8.40980815887451,"Unknown"
"7014853",371857,2025-12-03 10:53:36,43.3523292541504,-8.40961074829102,"Unknown"
"7014853",371857,2025-12-03 11:03:53,43.352466583252,-8.40995121002197,"Unknown"
"7014853",371857,2025-12-03 11:13:18,43.3525466918945,-8.40994262695312,"Unknown"
"7014853",371857,2025-12-03 11:23:18,43.352466583252,-8.40994262695312,"Unknown"
"7014853",371857,2025-12-03 11:33:18,43.3525238037109,-8.40993976593018,"Unknown"
"7014853",371857,2025-12-03 11:43:19,43.3523216247559,-8.41001224517822,"Unknown"
"7014853",371857,2025-12-03 11:53:18,43.352222442627,-8.41001605987549,"Unknown"
"7014853",371857,2025-12-03 12:03:18,43.3569564819336,-8.40445995330811,"Unknown"
"7014853",371857,2025-12-03 12:13:20,43.3599586486816,-8.4024772644043,"Unknown"
"7014853",371857,2025-12-03 12:23:21,43.3598213195801,-8.40244579315186,"Unknown"
"7014853",371857,2025-12-03 12:33:19,43.3599319458008,-8.40253829956055,"Unknown"
"7014853",371857,2025-12-03 12:43:20,43.359935760498,-8.40254783630371,"Unknown"
"7014853",371857,2025-12-03 12:53:22,43.3601760864258,-8.40261554718018,"Unknown"
"7014853",371857,2025-12-03 13:03:25,43.3600044250488,-8.40253734588623,"Unknown"
"7014853",371857,2025-12-03 13:13:23,43.3602409362793,-8.40252494812012,"Unknown"
"7014853",371857,2025-12-03 13:23:21,43.3598861694336,-8.40224075317383,"Unknown"
"7014853",371857,2025-12-03 13:33:22,43.3599433898926,-8.4022855758667,"Unknown"
"7014853",371857,2025-12-03 13:43:44,43.3600883483887,-8.40241527557373,"Unknown"
"7014853",371857,2025-12-03 13:53:19,43.3600959777832,-8.40242290496826,"Unknown"
"7014853",371857,2025-12-03 14:03:20,43.3520164489746,-8.41687965393066,"Unknown"
"7014853",371857,2025-12-03 14:13:20,43.3537292480469,-8.4258861541748,"Unknown"
"7014853",371857,2025-12-03 14:23:19,43.3535232543945,-8.42454528808594,"Unknown"
"7014853",371857,2025-12-03 14:34:35,43.3535232543945,-8.42451000213623,"Unknown"
"7014853",371857,2025-12-03 14:43:18,43.3523941040039,-8.43154048919678,"Unknown"
"7014853",371857,2025-12-03 14:53:18,43.354621887207,-8.45832252502441,"Unknown"
"7014853",371857,2025-12-03 15:03:18,43.3538246154785,-8.45859813690186,"Unknown"
"7014853",371857,2025-12-03 15:13:30,43.354362487793,-8.45878124237061,"Unknown"
"7014853",371857,2025-12-03 15:23:20,43.3522453308105,-8.45377731323242,"Unknown"
"7014853",371857,2025-12-03 15:33:19,43.342098236084,-8.45015621185303,"Unknown"
"7014853",371857,2025-12-03 15:43:21,43.3601531982422,-8.40254020690918,"Unknown"
"7014853",371857,2025-12-03 15:53:44,43.3601570129395,-8.402756690979,"Unknown"
"7014853",371857,2025-12-03 16:03:18,43.3602142333984,-8.40281391143799,"Unknown"
"7014853",371857,2025-12-03 16:13:19,43.3606033325195,-8.40361309051514,"Unknown"
"7014853",371857,2025-12-03 16:23:18,43.3603096008301,-8.40279388427734,"Unknown"
"7014853",371857,2025-12-03 16:33:39,43.3605918884277,-8.4030294418335,"Unknown"
"7014853",371857,2025-12-03 16:43:44,43.3602409362793,-8.40273189544678,"Unknown"
"7014853",371857,2025-12-03 16:53:19,43.3596038818359,-8.40214157104492,"Unknown"
"7014853",371857,2025-12-03 17:03:19,43.359432220459,-8.40184020996094,"Unknown"
"7014853",371857,2025-12-03 17:13:24,43.3595085144043,-8.40201759338379,"Unknown"
"7014853",371857,2025-12-03 17:23:29,43.3593101501465,-8.40172100067139,"Unknown"
"7014853",371857,2025-12-03 17:33:45,43.3596153259277,-8.40191268920898,"Unknown"
"7014853",371857,2025-12-03 17:39:41,43.358039855957,-8.39935874938965,"Unknown"
"7014853",371857,2025-12-03 22:40:14,43.3595771789551,-8.40202140808105,"Unknown"
"7014853",371857,2025-12-04 03:40:05,43.3595581054688,-8.40205860137939,"Unknown"
"7014853",371857,2025-12-04 07:54:36,43.3599891662598,-8.40248203277588,"Unknown"
"7014853",371857,2025-12-04 08:04:16,43.3596343994141,-8.40153503417969,"Unknown"
"7014853",371857,2025-12-04 08:14:13,43.3600311279297,-8.40237426757812,"Unknown"
"7014853",371857,2025-12-04 08:24:16,43.3597221374512,-8.40177631378174,"Unknown"
"7014853",371857,2025-12-04 08:34:14,43.3597869873047,-8.40246677398682,"Unknown"
"7014853",371857,2025-12-04 08:44:13,43.3598098754883,-8.40235424041748,"Unknown"
"7014853",371857,2025-12-04 08:54:14,43.360034942627,-8.40242576599121,"Unknown"
"7014853",371857,2025-12-04 09:04:13,43.3598937988281,-8.40250587463379,"Unknown"
"7014853",371857,2025-12-04 09:14:17,43.3522186279297,-8.40636730194092,"Unknown"
"7014853",371857,2025-12-04 09:24:16,43.3512763977051,-8.40853118896484,"Unknown"
"7014853",371857,2025-12-04 09:34:14,43.3507919311523,-8.40880584716797,"Unknown"
"7014853",371857,2025-12-04 09:44:22,43.3499298095703,-8.42446613311768,"Unknown"
"7014853",371857,2025-12-04 09:54:15,43.349967956543,-8.42808818817139,"Unknown"
"7014853",371857,2025-12-04 10:04:16,43.3498153686523,-8.42796325683594,"Unknown"
"7014853",371857,2025-12-04 10:14:19,43.3498840332031,-8.42798137664795,"Unknown"
"7014853",371857,2025-12-04 10:24:22,43.3498840332031,-8.42813968658447,"Unknown"
"7014853",371857,2025-12-04 10:34:35,43.3499221801758,-8.42797183990479,"Unknown"
"7014853",371857,2025-12-04 10:44:14,43.3498687744141,-8.4280948638916,"Unknown"
"7014853",371857,2025-12-04 10:54:15,43.3499183654785,-8.42777919769287,"Unknown"
"7014853",371857,2025-12-04 11:04:14,43.3498420715332,-8.42809677124023,"Unknown"
"7014853",371857,2025-12-04 11:14:14,43.359676361084,-8.45142936706543,"Unknown"
"7014853",371857,2025-12-04 11:24:13,43.3631820678711,-8.45874691009521,"Unknown"
"7014853",371857,2025-12-04 11:34:13,43.3611755371094,-8.45673084259033,"Unknown"
"7014853",371857,2025-12-04 11:44:13,43.363525390625,-8.45782089233398,"Unknown"
"7014853",371857,2025-12-04 11:54:14,43.358528137207,-8.45660400390625,"Unknown"
"7014853",371857,2025-12-04 12:04:27,43.3567352294922,-8.45723533630371,"Unknown"
"7014853",371857,2025-12-04 12:14:14,43.3565826416016,-8.45712947845459,"Unknown"
"7014853",371857,2025-12-04 12:24:13,43.356575012207,-8.45706367492676,"Unknown"
"7014853",371857,2025-12-04 12:34:17,43.356502532959,-8.45658016204834,"Unknown"
"7014853",371857,2025-12-04 12:44:27,43.3562507629395,-8.45712947845459,"Unknown"
"7014853",371857,2025-12-04 12:54:17,43.3637161254883,-8.46228408813477,"Unknown"
"7014853",371857,2025-12-04 13:04:22,43.3564414978027,-8.45696258544922,"Unknown"
"7014853",371857,2025-12-04 13:14:36,43.3549385070801,-8.45825672149658,"Unknown"
"7014853",371857,2025-12-04 13:24:14,43.3557243347168,-8.4579553604126,"Unknown"
"7014853",371857,2025-12-04 13:34:17,43.3558158874512,-8.45807361602783,"Unknown"
"7014853",371857,2025-12-04 13:44:17,43.355770111084,-8.45794105529785,"Unknown"
"7014853",371857,2025-12-04 13:54:35,43.3557281494141,-8.4578742980957,"Unknown"
"7014853",371857,2025-12-04 14:04:13,43.3558158874512,-8.45776271820068,"Unknown"
"7014853",371857,2025-12-04 14:14:35,43.3557357788086,-8.45778560638428,"Unknown"
"7014853",371857,2025-12-04 14:24:14,43.3556442260742,-8.45770835876465,"Unknown"
"7014853",371857,2025-12-04 14:34:13,43.358226776123,-8.46650981903076,"Unknown"
"7014853",371857,2025-12-04 14:44:13,43.3617401123047,-8.45715808868408,"Unknown"
"7014853",371857,2025-12-04 14:54:14,43.3620147705078,-8.45757102966309,"Unknown"
"7014853",371857,2025-12-04 15:04:14,43.3558158874512,-8.45787239074707,"Unknown"
"7014853",371857,2025-12-04 15:14:14,43.356517791748,-8.45688343048096,"Unknown"
"7014853",371857,2025-12-04 15:24:15,43.3603363037109,-8.45616436004639,"Unknown"
"7014853",371857,2025-12-04 15:34:44,43.3806953430176,-8.44769954681396,"Unknown"
"7014853",371857,2025-12-04 15:44:17,43.3807487487793,-8.44803237915039,"Unknown"
"7014853",371857,2025-12-04 15:54:16,43.3807067871094,-8.44779777526855,"Unknown"
"7014853",371857,2025-12-04 16:04:15,43.3806381225586,-8.44775867462158,"Unknown"
"7014853",371857,2025-12-04 16:14:14,43.3806686401367,-8.44779777526855,"Unknown"
"7014853",371857,2025-12-04 16:24:14,43.3790245056152,-8.44373321533203,"Unknown"
"7014853",371857,2025-12-04 16:34:16,43.3615646362305,-8.40347003936768,"Unknown"
"7014853",371857,2025-12-04 16:44:44,43.3617057800293,-8.40347003936768,"Unknown"
"7014853",371857,2025-12-04 16:54:13,43.3617782592773,-8.40327739715576,"Unknown"
"7014853",371857,2025-12-04 17:04:14,43.3616180419922,-8.40364265441895,"Unknown"
"7014853",371857,2025-12-04 17:14:14,43.3620452880859,-8.40342235565186,"Unknown"
"7014853",371857,2025-12-04 17:24:16,43.3617286682129,-8.40346908569336,"Unknown"
"7014853",371857,2025-12-04 17:34:27,43.3618202209473,-8.40348434448242,"Unknown"
"7014853",371857,2025-12-04 17:40:05,43.3617286682129,-8.40354251861572,"Unknown"
"7014853",371857,2025-12-04 22:40:30,43.3613128662109,-8.40334796905518,"Unknown"
"7014853",371857,2025-12-05 03:40:06,43.3595504760742,-8.40176677703857,"Unknown"
"7014853",371857,2025-12-05 07:55:30,43.3600692749023,-8.40195941925049,"Unknown"
"7014853",371857,2025-12-05 08:05:14,43.3595199584961,-8.40191459655762,"Unknown"
"7014853",371857,2025-12-05 08:14:58,43.3593864440918,-8.4018726348877,"Unknown"
"7014853",371857,2025-12-05 08:27:01,43.3595237731934,-8.40192699432373,"Unknown"
"7014853",371857,2025-12-05 08:37:04,43.3594512939453,-8.40189743041992,"Unknown"
"7014853",371857,2025-12-05 08:47:14,43.3596649169922,-8.40151309967041,"Unknown"
"7014853",371857,2025-12-05 08:57:06,43.3523483276367,-8.40652847290039,"Unknown"
"7014853",371857,2025-12-05 09:07:01,43.3523292541504,-8.40614604949951,"Unknown"
"7014853",371857,2025-12-05 09:17:00,43.3520736694336,-8.40907382965088,"Unknown"
"7014853",371857,2025-12-05 09:27:01,43.3521194458008,-8.40905570983887,"Unknown"
"7014853",371857,2025-12-05 09:37:06,43.3524513244629,-8.41005420684814,"Unknown"
"7014853",371857,2025-12-05 09:47:07,43.3524703979492,-8.40996646881104,"Unknown"
"7014853",371857,2025-12-05 09:57:07,43.3522491455078,-8.40998363494873,"Unknown"
"7014853",371857,2025-12-05 10:07:06,43.3541297912598,-8.41043186187744,"Unknown"
"7014853",371857,2025-12-05 10:17:17,43.3522300720215,-8.40998649597168,"Unknown"
"7014853",371857,2025-12-05 10:27:35,43.3515548706055,-8.42135429382324,"Unknown"
"7014853",371857,2025-12-05 10:36:58,43.351432800293,-8.4212007522583,"Unknown"
"7014853",371857,2025-12-05 10:46:58,43.3514137268066,-8.42140197753906,"Unknown"
"7014853",371857,2025-12-05 10:57:08,43.3514633178711,-8.42142200469971,"Unknown"
"7014853",371857,2025-12-05 11:06:59,43.351448059082,-8.42156887054443,"Unknown"
"7014853",371857,2025-12-05 11:17:01,43.3514785766602,-8.42136478424072,"Unknown"
"7014853",371857,2025-12-05 11:27:01,43.3531074523926,-8.42820644378662,"Unknown"
"7014853",371857,2025-12-05 11:37:04,43.3530464172363,-8.42822742462158,"Unknown"
"7014853",371857,2025-12-05 11:46:58,43.3530502319336,-8.42815113067627,"Unknown"
"7014853",371857,2025-12-05 11:56:58,43.3520393371582,-8.43198204040527,"Unknown"
"7014853",371857,2025-12-05 12:07:14,43.3554801940918,-8.45793437957764,"Unknown"
"7014853",371857,2025-12-05 12:16:59,43.3553619384766,-8.45789432525635,"Unknown"
"7014853",371857,2025-12-05 12:27:09,43.3542213439941,-8.4586820602417,"Unknown"
"7014853",371857,2025-12-05 12:37:00,43.3540344238281,-8.4581470489502,"Unknown"
"7014853",371857,2025-12-05 12:47:15,43.3538780212402,-8.45836067199707,"Unknown"
"7014853",371857,2025-12-05 12:57:03,43.3604545593262,-8.45685005187988,"Unknown"
"7014853",371857,2025-12-05 13:07:00,43.3547401428223,-8.45718765258789,"Unknown"
"7014853",371857,2025-12-05 13:17:04,43.3544502258301,-8.4582986831665,"Unknown"
"7014853",371857,2025-12-05 13:27:10,43.3543968200684,-8.45815753936768,"Unknown"
"7014853",371857,2025-12-05 13:37:01,43.3570022583008,-8.4559440612793,"Unknown"
"7014853",371857,2025-12-05 14:18:22,43.3521003723145,-8.45415496826172,"Unknown"
"7014853",371857,2025-12-05 14:27:04,43.3470993041992,-8.44456768035889,"Unknown"
"7014853",371857,2025-12-05 14:37:06,43.3524932861328,-8.42743015289307,"Unknown"
"7014853",371857,2025-12-05 14:47:14,43.3525657653809,-8.4274959564209,"Unknown"
"7014853",371857,2025-12-05 14:56:58,43.352611541748,-8.42760467529297,"Unknown"
"7014853",371857,2025-12-05 15:07:00,43.3525695800781,-8.42749118804932,"Unknown"
"7014853",371857,2025-12-05 15:17:00,43.3527297973633,-8.42767906188965,"Unknown"
"7014853",371857,2025-12-05 15:26:58,43.3501968383789,-8.42759323120117,"Unknown"
"7014853",371857,2025-12-05 15:37:15,43.350212097168,-8.42768096923828,"Unknown"
"7014853",371857,2025-12-05 15:46:58,43.3504676818848,-8.42803955078125,"Unknown"
"7014853",371857,2025-12-05 15:57:01,43.3625183105469,-8.40390777587891,"Unknown"
"7014853",371857,2025-12-05 16:06:58,43.3622665405273,-8.4041223526001,"Unknown"
"7014853",371857,2025-12-05 16:16:59,43.3622894287109,-8.40410423278809,"Unknown"
"7014853",371857,2025-12-05 16:27:03,43.3625068664551,-8.40374660491943,"Unknown"
"7014853",371857,2025-12-05 16:37:15,43.3624954223633,-8.40406608581543,"Unknown"
"7014853",371857,2025-12-05 16:46:59,43.3625907897949,-8.40387344360352,"Unknown"
"7014853",371857,2025-12-05 16:57:03,43.3624267578125,-8.40395355224609,"Unknown"
"7014853",371857,2025-12-05 17:07:04,43.3595199584961,-8.40154838562012,"Unknown"
"7014853",371857,2025-12-05 17:17:10,43.359691619873,-8.40130519866943,"Unknown"
"7014853",371857,2025-12-05 17:27:08,43.359561920166,-8.40168857574463,"Unknown"
"7014853",371857,2025-12-05 17:37:27,43.3596878051758,-8.40181541442871,"Unknown"
"7014853",371857,2025-12-05 17:39:48,43.3596267700195,-8.40184020996094,"Unknown"
"7014854",371863,2025-06-05 17:23:49,43.3589515686035,-8.84170818328857,"Unknown"
"7014854",371863,2025-06-05 17:43:35,43.3592872619629,-8.84220600128174,"Unknown"
"7014854",371863,2025-06-05 17:53:49,43.3593139648438,-8.84235095977783,"Unknown"
"7014854",371863,2025-06-05 18:03:48,43.3589363098145,-8.84342575073242,"Unknown"
"7014854",371863,2025-06-05 18:12:44,43.3563423156738,-8.83421516418457,"Unknown"
"7014854",371863,2025-06-05 18:22:27,43.3562698364258,-8.83410358428955,"Unknown"
"7014854",371863,2025-06-05 18:32:44,43.356372833252,-8.83425235748291,"Unknown"
"7014854",371863,2025-06-05 18:42:24,43.3563804626465,-8.83421039581299,"Unknown"
"7014854",371863,2025-06-05 18:52:33,43.3564682006836,-8.83438777923584,"Unknown"
"7014854",371863,2025-06-05 19:02:24,43.3564872741699,-8.83433818817139,"Unknown"
"7014854",371863,2025-06-05 19:12:44,43.3571128845215,-8.83257865905762,"Unknown"
"7014854",371863,2025-06-05 19:22:24,43.356388092041,-8.83359622955322,"Unknown"
"7014854",371863,2025-06-05 19:32:25,43.3564300537109,-8.83415222167969,"Unknown"
"7014854",371863,2025-06-05 19:42:25,43.3564147949219,-8.83411312103271,"Unknown"
"7014854",371863,2025-06-05 19:52:59,43.3564453125,-8.83425140380859,"Unknown"
"7014854",371863,2025-06-05 20:02:24,43.3557434082031,-8.8352746963501,"Unknown"
"7014854",371863,2025-06-05 20:12:36,43.3591003417969,-8.84682655334473,"Unknown"
"7014854",371863,2025-06-05 20:23:14,43.3592910766602,-8.84673023223877,"Unknown"
"7014854",371863,2025-06-05 20:32:52,43.3591842651367,-8.84666442871094,"Unknown"
"7014854",371863,2025-06-05 20:42:57,43.359317779541,-8.84660720825195,"Unknown"
"7014854",371863,2025-06-05 20:53:23,43.3592872619629,-8.84664249420166,"Unknown"
"7014854",371863,2025-06-05 21:02:55,43.3592567443848,-8.8467493057251,"Unknown"
"7014854",371863,2025-06-05 21:13:00,43.3590927124023,-8.84662628173828,"Unknown"
"7014854",371863,2025-06-05 21:23:35,43.3590927124023,-8.84665679931641,"Unknown"
"7014854",371863,2025-06-05 21:32:51,43.3591270446777,-8.84662055969238,"Unknown"
"7014854",371863,2025-06-05 21:42:54,43.3593139648438,-8.84653472900391,"Unknown"
"7014854",371863,2025-06-05 21:52:52,43.3590431213379,-8.84670448303223,"Unknown"
"7014854",371863,2025-06-05 22:02:53,43.3591690063477,-8.84644317626953,"Unknown"
"7014854",371863,2025-06-05 22:12:59,43.3589553833008,-8.84658813476562,"Unknown"
"7014854",371863,2025-06-05 22:22:55,43.3589744567871,-8.8465461730957,"Unknown"
"7014854",371863,2025-06-05 22:32:52,43.3590354919434,-8.84664058685303,"Unknown"
"7014854",371863,2025-06-05 22:42:53,43.3591423034668,-8.84642791748047,"Unknown"
"7014854",371863,2025-06-05 22:53:02,43.3590965270996,-8.84631824493408,"Unknown"
"7014854",371863,2025-06-05 23:03:01,43.3591117858887,-8.84631252288818,"Unknown"
"7014854",371863,2025-06-05 23:13:10,43.3592720031738,-8.84628868103027,"Unknown"
"7014854",371863,2025-06-05 23:23:35,43.3591079711914,-8.84667491912842,"Unknown"
"7014854",371863,2025-06-05 23:32:54,43.359188079834,-8.84674263000488,"Unknown"
"7014854",371863,2025-06-05 23:42:54,43.3591804504395,-8.84671306610107,"Unknown"
"7014854",371863,2025-06-05 23:53:00,43.3593521118164,-8.84596252441406,"Unknown"
"7014854",371863,2025-06-06 00:03:29,43.359058380127,-8.84665012359619,"Unknown"
"7014854",371863,2025-06-06 00:13:10,43.3591537475586,-8.84656810760498,"Unknown"
"7014854",371863,2025-06-06 00:22:57,43.3589935302734,-8.8466157913208,"Unknown"
"7014854",371863,2025-06-06 00:32:53,43.3591270446777,-8.84666633605957,"Unknown"
"7014854",371863,2025-06-06 00:42:53,43.3591613769531,-8.84686946868896,"Unknown"
"7014854",371863,2025-06-06 00:52:52,43.3591117858887,-8.84695911407471,"Unknown"
"7014854",371863,2025-06-06 01:03:29,43.3590698242188,-8.84666919708252,"Unknown"
"7014854",371863,2025-06-06 01:12:51,43.3591194152832,-8.84666728973389,"Unknown"
"7014854",371863,2025-06-06 01:22:52,43.3590316772461,-8.84670162200928,"Unknown"
"7014854",371863,2025-06-06 01:32:53,43.3590087890625,-8.84647083282471,"Unknown"
"7014854",371863,2025-06-06 01:42:53,43.3589744567871,-8.84655380249023,"Unknown"
"7014854",371863,2025-06-06 01:52:53,43.3590393066406,-8.84667587280273,"Unknown"
"7014854",371863,2025-06-06 02:02:52,43.3592338562012,-8.84671020507812,"Unknown"
"7014854",371863,2025-06-06 02:13:06,43.3583831787109,-8.84620094299316,"Unknown"
"7014854",371863,2025-06-06 02:22:51,43.3585472106934,-8.8463134765625,"Unknown"
"7014854",371863,2025-06-06 02:32:53,43.3585166931152,-8.84638214111328,"Unknown"
"7014854",371863,2025-06-06 02:42:53,43.3584327697754,-8.84630584716797,"Unknown"
"7014854",371863,2025-06-06 02:53:03,43.3579864501953,-8.84592151641846,"Unknown"
"7014854",371863,2025-06-06 03:03:35,43.3584480285645,-8.84608364105225,"Unknown"
"7014854",371863,2025-06-06 03:12:52,43.3584022521973,-8.84613132476807,"Unknown"
"7014854",371863,2025-06-06 03:22:53,43.3585548400879,-8.84609603881836,"Unknown"
"7014854",371863,2025-06-06 03:32:55,43.3585395812988,-8.84615516662598,"Unknown"
"7014854",371863,2025-06-06 03:43:01,43.3584365844727,-8.84641933441162,"Unknown"
"7014854",371863,2025-06-06 03:53:00,43.3584823608398,-8.84656047821045,"Unknown"
"7014854",371863,2025-06-06 04:02:52,43.3600883483887,-8.84859848022461,"Unknown"
"7014854",371863,2025-06-06 04:12:53,43.3608322143555,-8.84893035888672,"Unknown"
"7014854",371863,2025-06-06 04:22:56,43.3606796264648,-8.84856128692627,"Unknown"
"7014854",371863,2025-06-06 04:32:54,43.361213684082,-8.84808826446533,"Unknown"
"7014854",371863,2025-06-06 04:42:55,43.3608589172363,-8.84783840179443,"Unknown"
"7014854",371863,2025-06-06 04:52:52,43.3235168457031,-8.85516738891602,"Unknown"
"7014854",371863,2025-06-06 05:02:52,43.3150024414062,-8.8574161529541,"Unknown"
"7014854",371863,2025-06-06 05:12:54,43.3152122497559,-8.85737705230713,"Unknown"
"7014854",371863,2025-06-06 05:22:54,43.3151473999023,-8.85756683349609,"Unknown"
"7014854",371863,2025-06-06 05:32:53,43.314998626709,-8.85742950439453,"Unknown"
"7014854",371863,2025-06-06 05:42:56,43.315071105957,-8.85733604431152,"Unknown"
"7014854",371863,2025-06-06 05:52:53,43.3151168823242,-8.85741806030273,"Unknown"
"7014854",371863,2025-06-06 06:02:54,43.3152313232422,-8.8575325012207,"Unknown"
"7014854",371863,2025-06-06 06:12:54,43.3152084350586,-8.85747623443604,"Unknown"
"7014854",371863,2025-06-06 06:22:53,43.3151206970215,-8.85745906829834,"Unknown"
"7014854",371863,2025-06-06 06:32:54,43.3150939941406,-8.85734176635742,"Unknown"
"7014854",371863,2025-06-06 06:42:53,43.3152503967285,-8.85740756988525,"Unknown"
"7014854",371863,2025-06-06 06:52:54,43.3151626586914,-8.85733699798584,"Unknown"
"7014854",371863,2025-06-06 07:02:54,43.3152084350586,-8.85720634460449,"Unknown"
"7014854",371863,2025-06-06 07:12:54,43.3150672912598,-8.85730743408203,"Unknown"
"7014854",371863,2025-06-06 07:22:53,43.3150596618652,-8.85736465454102,"Unknown"
"7014854",371863,2025-06-06 07:32:58,43.3151435852051,-8.85709953308105,"Unknown"
"7014854",371863,2025-06-06 07:43:01,43.3196296691895,-8.84542465209961,"Unknown"
"7014854",371863,2025-06-06 07:52:54,43.319637298584,-8.84542083740234,"Unknown"
"7014854",371863,2025-06-06 08:03:01,43.3195495605469,-8.84527969360352,"Unknown"
"7014854",371863,2025-06-06 08:12:53,43.3192672729492,-8.84550476074219,"Unknown"
"7014854",371863,2025-06-06 08:22:52,43.3191833496094,-8.84554672241211,"Unknown"
"7014854",371863,2025-06-06 08:32:54,43.3195533752441,-8.8455171585083,"Unknown"
"7014854",371863,2025-06-06 08:42:55,43.3194808959961,-8.84557819366455,"Unknown"
"7014854",371863,2025-06-06 08:52:56,43.3195457458496,-8.84540557861328,"Unknown"
"7014854",371863,2025-06-06 09:02:54,43.3193626403809,-8.84558963775635,"Unknown"
"7014854",371863,2025-06-06 09:12:55,43.2865867614746,-8.86757755279541,"Unknown"
"7014854",371863,2025-06-06 09:22:54,43.2863655090332,-8.86754703521729,"Unknown"
"7014854",371863,2025-06-06 09:32:53,43.2865028381348,-8.86756229400635,"Unknown"
"7014854",371863,2025-06-06 09:42:53,43.2863159179688,-8.86742782592773,"Unknown"
"7014854",371863,2025-06-06 09:52:53,43.2853775024414,-8.86530494689941,"Unknown"
"7014854",371863,2025-06-06 10:02:53,43.2848243713379,-8.86500549316406,"Unknown"
"7014854",371863,2025-06-06 10:12:53,43.2838859558105,-8.84180450439453,"Unknown"
"7014854",371863,2025-06-06 10:22:54,43.2868728637695,-8.81272602081299,"Unknown"
"7014854",371863,2025-06-06 10:32:54,43.2868041992188,-8.81258010864258,"Unknown"
"7014854",371863,2025-06-06 10:42:53,43.2867012023926,-8.8125581741333,"Unknown"
"7014854",371863,2025-06-06 10:52:54,43.2927169799805,-8.79695510864258,"Unknown"
"7014854",371863,2025-06-06 11:02:55,43.2933082580566,-8.79789733886719,"Unknown"
"7014854",371863,2025-06-06 11:07:53,43.2973556518555,-8.7974157333374,"Unknown"
"7014854",371863,2025-06-06 11:12:55,43.292724609375,-8.79734134674072,"Unknown"
"7014854",371863,2025-06-06 11:17:55,43.2930755615234,-8.79734230041504,"Unknown"
"7014854",371863,2025-06-06 11:22:54,43.2924842834473,-8.79753971099854,"Unknown"
"7014854",371863,2025-06-06 11:27:54,43.2931785583496,-8.79774475097656,"Unknown"
"7014854",371863,2025-06-06 11:32:53,43.2926063537598,-8.7972354888916,"Unknown"
"7014854",371863,2025-06-06 11:37:54,43.2862892150879,-8.81834030151367,"Unknown"
"7014854",371863,2025-06-06 11:42:53,43.2966117858887,-8.84464454650879,"Unknown"
"7014854",371863,2025-06-06 11:47:53,43.3155517578125,-8.85577201843262,"Unknown"
"7014854",371863,2025-06-06 11:52:53,43.3327560424805,-8.84458446502686,"Unknown"
"7014854",371863,2025-06-06 11:57:53,43.3607215881348,-8.84146976470947,"Unknown"
"7014854",371863,2025-06-06 12:02:53,43.3596343994141,-8.84684562683105,"Unknown"
"7014854",371863,2025-06-06 12:07:54,43.3596115112305,-8.84610080718994,"Unknown"
"7014854",371863,2025-06-06 12:12:58,43.3595733642578,-8.84638214111328,"Unknown"
"7014854",371863,2025-06-06 12:17:55,43.3595695495605,-8.8463020324707,"Unknown"
"7014854",371863,2025-06-06 12:22:56,43.3595275878906,-8.84633922576904,"Unknown"
"7014854",371863,2025-06-06 12:28:01,43.3595733642578,-8.84629440307617,"Unknown"
"7014854",371863,2025-06-06 12:33:03,43.3597564697266,-8.84632015228271,"Unknown"
"7014854",371863,2025-06-06 12:37:54,43.3595314025879,-8.84641933441162,"Unknown"
"7014854",371863,2025-06-06 12:43:05,43.3595581054688,-8.84647178649902,"Unknown"
"7014854",371863,2025-06-06 12:47:58,43.3594818115234,-8.8464879989624,"Unknown"
"7014854",371863,2025-06-06 12:52:56,43.359447479248,-8.84654998779297,"Unknown"
"7014854",371863,2025-06-06 12:57:59,43.3595771789551,-8.84646892547607,"Unknown"
"7014854",371863,2025-06-06 13:02:56,43.3594169616699,-8.84654903411865,"Unknown"
"7014854",371863,2025-06-06 13:07:58,43.3596115112305,-8.84692287445068,"Unknown"
"7014854",371863,2025-06-06 13:12:55,43.3597755432129,-8.84687805175781,"Unknown"
"7014854",371863,2025-06-06 13:17:56,43.3597717285156,-8.84699726104736,"Unknown"
"7014854",371863,2025-06-06 13:22:54,43.3608436584473,-8.84822940826416,"Unknown"
"7014854",371863,2025-06-06 13:27:54,43.3606262207031,-8.84050178527832,"Unknown"
"7014854",371863,2025-06-06 13:32:58,43.3607025146484,-8.8405179977417,"Unknown"
"7014854",371863,2025-06-06 13:37:54,43.3606452941895,-8.84055995941162,"Unknown"
"7014854",371863,2025-06-06 13:42:53,43.3608627319336,-8.84044742584229,"Unknown"
"7014854",371863,2025-06-06 13:47:57,43.3606719970703,-8.84059429168701,"Unknown"
"7014854",371863,2025-06-06 13:52:55,43.3616981506348,-8.84035968780518,"Unknown"
"7014854",371863,2025-06-06 13:57:55,43.3603286743164,-8.84072780609131,"Unknown"
"7014854",371863,2025-06-06 14:02:54,43.3603286743164,-8.84077167510986,"Unknown"
"7014854",371863,2025-06-06 14:08:01,43.3605270385742,-8.84079647064209,"Unknown"
"7014854",371863,2025-06-06 14:12:54,43.3605880737305,-8.84083843231201,"Unknown"
"7014854",371863,2025-06-06 14:17:54,43.3605499267578,-8.84078884124756,"Unknown"
"7014854",371863,2025-06-06 14:22:53,43.3688812255859,-8.84385681152344,"Unknown"
"7014854",371863,2025-06-06 14:27:56,43.3705863952637,-8.84099578857422,"Unknown"
"7014854",371863,2025-06-06 14:32:56,43.3716773986816,-8.84151077270508,"Unknown"
"7014854",371863,2025-06-06 14:37:54,43.3722953796387,-8.84191226959229,"Unknown"
"7014854",371863,2025-06-06 14:42:54,43.3591117858887,-8.8360652923584,"Unknown"
"7014854",371863,2025-06-06 14:47:54,43.3555488586426,-8.84524536132812,"Unknown"
"7014854",371863,2025-06-06 14:53:12,43.3600997924805,-8.8460750579834,"Unknown"
"7014854",371863,2025-06-06 14:58:01,43.3600196838379,-8.84640884399414,"Unknown"
"7014854",371863,2025-06-06 15:03:01,43.3600540161133,-8.84647464752197,"Unknown"
"7014854",371863,2025-06-06 15:08:03,43.359806060791,-8.8459358215332,"Unknown"
"7014854",371863,2025-06-06 15:13:22,43.3600463867188,-8.84699249267578,"Unknown"
"7014854",371863,2025-06-06 15:18:07,43.3600845336914,-8.8470630645752,"Unknown"
"7014854",371863,2025-06-06 15:23:02,43.3599090576172,-8.84689807891846,"Unknown"
"7014854",371863,2025-06-06 15:28:01,43.3599014282227,-8.84700489044189,"Unknown"
"7014854",371863,2025-06-06 15:33:07,43.3598937988281,-8.84694671630859,"Unknown"
"7014854",371863,2025-06-06 15:38:08,43.3598327636719,-8.84694194793701,"Unknown"
"7014854",371863,2025-06-06 15:43:01,43.3598213195801,-8.84695911407471,"Unknown"
"7014854",371863,2025-06-06 15:48:06,43.3598213195801,-8.84704494476318,"Unknown"
"7014854",371863,2025-06-06 15:53:14,43.359748840332,-8.84696483612061,"Unknown"
"7014854",371863,2025-06-06 15:57:55,43.359748840332,-8.84707164764404,"Unknown"
"7014854",371863,2025-06-06 16:02:53,43.3764038085938,-8.83184146881104,"Unknown"
"7014854",371863,2025-06-06 16:07:53,43.4175415039062,-8.8015022277832,"Unknown"
"7014854",371863,2025-06-06 16:12:53,43.4321365356445,-8.75841617584229,"Unknown"
"7014854",371863,2025-06-06 16:17:53,43.4306564331055,-8.74565315246582,"Unknown"
"7014854",371863,2025-06-06 16:22:53,43.4177093505859,-8.76395034790039,"Unknown"
"7014854",371863,2025-06-06 16:27:53,43.4014015197754,-8.77936267852783,"Unknown"
"7014854",371863,2025-06-06 16:32:53,43.3881378173828,-8.79987525939941,"Unknown"
"7014854",371863,2025-06-06 16:37:53,43.3736381530762,-8.82060050964355,"Unknown"
"7014854",371863,2025-06-06 16:42:56,43.3620147705078,-8.83927249908447,"Unknown"
"7014854",371863,2025-06-06 16:48:29,43.3593711853027,-8.84750175476074,"Unknown"
"7014854",371863,2025-06-06 16:52:53,43.3594360351562,-8.84745407104492,"Unknown"
"7014854",371863,2025-06-06 16:57:53,43.3596115112305,-8.84719848632812,"Unknown"
"7014854",371863,2025-06-06 17:02:56,43.3593673706055,-8.84747409820557,"Unknown"
"7014854",371863,2025-06-06 17:07:53,43.3595352172852,-8.84735202789307,"Unknown"
"7014854",371863,2025-06-06 17:12:53,43.3594245910645,-8.84751987457275,"Unknown"
"7014854",371863,2025-06-06 17:17:55,43.3595924377441,-8.84720706939697,"Unknown"
"7014854",371863,2025-06-06 17:22:53,43.359546661377,-8.84698104858398,"Unknown"
"7014854",371863,2025-06-06 17:27:59,43.359790802002,-8.84696865081787,"Unknown"
"7014854",371863,2025-06-06 17:33:08,43.3597640991211,-8.84701061248779,"Unknown"
"7014854",371863,2025-06-06 17:38:24,43.3597793579102,-8.84676074981689,"Unknown"
"7014854",371863,2025-06-06 17:43:50,43.3595848083496,-8.84702777862549,"Unknown"
"7014854",371863,2025-06-06 17:47:52,43.3594856262207,-8.84719371795654,"Unknown"
"7014854",371863,2025-06-06 17:52:53,43.3594589233398,-8.84726524353027,"Unknown"
"7014854",371863,2025-06-06 17:57:53,43.359504699707,-8.84715461730957,"Unknown"
"7014854",371863,2025-06-06 18:02:53,43.3594398498535,-8.84725761413574,"Unknown"
"7014854",371863,2025-06-06 18:07:53,43.3594741821289,-8.84756755828857,"Unknown"
"7014854",371863,2025-06-06 18:12:52,43.3594245910645,-8.84732723236084,"Unknown"
"7014854",371863,2025-06-06 18:17:53,43.3594589233398,-8.84754848480225,"Unknown"
"7014854",371863,2025-06-06 18:22:53,43.3594589233398,-8.84724617004395,"Unknown"
"7014854",371863,2025-06-06 18:27:53,43.3594779968262,-8.84743213653564,"Unknown"
"7014854",371863,2025-06-06 18:32:53,43.3595123291016,-8.84720039367676,"Unknown"
"7014854",371863,2025-06-06 18:37:56,43.3595771789551,-8.8473539352417,"Unknown"
"7014854",371863,2025-06-06 18:42:53,43.3595733642578,-8.84717559814453,"Unknown"
"7014854",371863,2025-06-06 18:47:54,43.3595314025879,-8.84715366363525,"Unknown"
"7014854",371863,2025-06-06 18:52:53,43.3595275878906,-8.84732913970947,"Unknown"
"7014854",371863,2025-06-06 18:57:53,43.3596153259277,-8.84720516204834,"Unknown"
"7014854",371863,2025-06-06 19:02:53,43.3595733642578,-8.84722232818604,"Unknown"
"7014854",371863,2025-06-06 19:07:53,43.3597068786621,-8.84730911254883,"Unknown"
"7014854",371863,2025-06-06 19:13:09,43.3596801757812,-8.8471097946167,"Unknown"
"7014854",371863,2025-06-06 19:17:53,43.3596496582031,-8.84723949432373,"Unknown"
"7014854",371863,2025-06-06 19:22:53,43.3597984313965,-8.84734344482422,"Unknown"
"7014854",371863,2025-06-06 19:27:53,43.3598937988281,-8.84704971313477,"Unknown"
"7014854",371863,2025-06-06 19:32:53,43.3596305847168,-8.84733295440674,"Unknown"
"7014854",371863,2025-06-06 19:37:53,43.3596725463867,-8.84737586975098,"Unknown"
"7014854",371863,2025-06-06 19:42:55,43.3594970703125,-8.84703254699707,"Unknown"
"7014854",371863,2025-06-06 19:47:54,43.3596496582031,-8.84714317321777,"Unknown"
"7014854",371863,2025-06-06 19:52:53,43.3605842590332,-8.84102916717529,"Unknown"
"7014854",371863,2025-06-06 19:57:54,43.3603858947754,-8.84106636047363,"Unknown"
"7014854",371863,2025-06-06 20:03:01,43.3604278564453,-8.84119606018066,"Unknown"
"7014854",371863,2025-06-06 20:07:53,43.360466003418,-8.84123420715332,"Unknown"
"7014854",371863,2025-06-06 20:12:53,43.360538482666,-8.84137916564941,"Unknown"
"7014854",371863,2025-06-06 20:17:53,43.3604316711426,-8.8412971496582,"Unknown"
"7014854",371863,2025-06-06 20:22:53,43.360466003418,-8.84113025665283,"Unknown"
"7014854",371863,2025-06-06 20:27:53,43.3604621887207,-8.84127235412598,"Unknown"
"7014854",371863,2025-06-06 20:32:55,43.3602638244629,-8.84093761444092,"Unknown"
"7014854",371863,2025-06-06 20:37:53,43.3603210449219,-8.84117984771729,"Unknown"
"7014854",371863,2025-06-06 20:42:53,43.3601264953613,-8.84126281738281,"Unknown"
"7014854",371863,2025-06-06 20:47:53,43.3598861694336,-8.84145450592041,"Unknown"
"7014854",371863,2025-06-06 20:53:00,43.3603172302246,-8.84111881256104,"Unknown"
"7014854",371863,2025-06-06 20:57:54,43.3599014282227,-8.84097290039062,"Unknown"
"7014854",371863,2025-06-06 21:02:54,43.3596649169922,-8.83984661102295,"Unknown"
"7014854",371863,2025-06-06 21:07:54,43.3604774475098,-8.8410758972168,"Unknown"
"7014854",371863,2025-06-06 21:12:53,43.3604850769043,-8.84102439880371,"Unknown"
"7014854",371863,2025-06-06 21:17:53,43.3603096008301,-8.84029388427734,"Unknown"
"7014854",371863,2025-06-06 21:22:54,43.3603668212891,-8.84094905853271,"Unknown"
"7014854",371863,2025-06-06 21:27:53,43.3604316711426,-8.8408203125,"Unknown"
"7014854",371863,2025-06-06 21:32:53,43.3602867126465,-8.84110736846924,"Unknown"
"7014854",371863,2025-06-06 21:37:53,43.3604011535645,-8.84092426300049,"Unknown"
"7014854",371863,2025-06-06 21:42:53,43.3603668212891,-8.84078598022461,"Unknown"
"7014854",371863,2025-06-06 21:47:53,43.360424041748,-8.84088230133057,"Unknown"
"7014854",371863,2025-06-06 21:52:53,43.3604202270508,-8.84083938598633,"Unknown"
"7014854",371863,2025-06-06 21:57:53,43.3604049682617,-8.84084701538086,"Unknown"
"7014854",371863,2025-06-06 22:02:54,43.3601608276367,-8.8408727645874,"Unknown"
"7014854",371863,2025-06-06 22:07:54,43.3601684570312,-8.84085941314697,"Unknown"
"7014854",371863,2025-06-06 22:12:54,43.3601989746094,-8.84086418151855,"Unknown"
"7014854",371863,2025-06-06 22:17:54,43.360179901123,-8.84080982208252,"Unknown"
"7014854",371863,2025-06-06 22:22:54,43.3602752685547,-8.84088897705078,"Unknown"
"7014854",371863,2025-06-06 22:27:58,43.3603553771973,-8.84099197387695,"Unknown"
"7014854",371863,2025-06-06 22:32:53,43.3603858947754,-8.84081935882568,"Unknown"
"7014854",371863,2025-06-06 22:37:54,43.3604278564453,-8.84084796905518,"Unknown"
"7014854",371863,2025-06-06 22:42:53,43.3603782653809,-8.84082412719727,"Unknown"
"7014854",371863,2025-06-06 22:47:53,43.3605766296387,-8.84113311767578,"Unknown"
"7014854",371863,2025-06-06 22:52:54,43.3603057861328,-8.84085655212402,"Unknown"
"7014854",371863,2025-06-06 22:57:56,43.3605461120605,-8.84107303619385,"Unknown"
"7014854",371863,2025-06-06 23:02:54,43.360294342041,-8.84083461761475,"Unknown"
"7014854",371863,2025-06-06 23:07:56,43.3603057861328,-8.84089088439941,"Unknown"
"7014854",371863,2025-06-06 23:12:53,43.3604621887207,-8.84086894989014,"Unknown"
"7014854",371863,2025-06-06 23:17:53,43.360466003418,-8.84078311920166,"Unknown"
"7014854",371863,2025-06-06 23:22:53,43.360424041748,-8.84095764160156,"Unknown"
"7014854",371863,2025-06-06 23:27:53,43.3605079650879,-8.84081172943115,"Unknown"
"7014854",371863,2025-06-06 23:32:53,43.3603591918945,-8.84082508087158,"Unknown"
"7014854",371863,2025-06-06 23:37:53,43.3604431152344,-8.84087657928467,"Unknown"
"7014854",371863,2025-06-06 23:42:53,43.3604888916016,-8.84092044830322,"Unknown"
"7014854",371863,2025-06-06 23:47:53,43.3605079650879,-8.84092044830322,"Unknown"
"7014854",371863,2025-06-06 23:52:53,43.3607215881348,-8.84156227111816,"Unknown"
"7014854",371863,2025-06-06 23:57:53,43.3606414794922,-8.84130191802979,"Unknown"
"7014854",371863,2025-06-07 00:02:53,43.3604431152344,-8.84087181091309,"Unknown"
"7014854",371863,2025-06-07 00:07:53,43.3605728149414,-8.84080696105957,"Unknown"
"7014854",371863,2025-06-07 00:12:53,43.3604278564453,-8.84086036682129,"Unknown"
"7014854",371863,2025-06-07 00:17:53,43.3604469299316,-8.84088134765625,"Unknown"
"7014854",371863,2025-06-07 00:22:53,43.3604431152344,-8.84090042114258,"Unknown"
"7014854",371863,2025-06-07 00:27:53,43.360424041748,-8.84090042114258,"Unknown"
"7014854",371863,2025-06-07 00:32:53,43.3604316711426,-8.8408784866333,"Unknown"
"7014854",371863,2025-06-07 00:37:53,43.3604431152344,-8.84086513519287,"Unknown"
"7014854",371863,2025-06-07 00:42:53,43.360538482666,-8.84087562561035,"Unknown"
"7014854",371863,2025-06-07 00:47:53,43.3604850769043,-8.84092807769775,"Unknown"
"7014854",371863,2025-06-07 00:52:53,43.3604278564453,-8.84091091156006,"Unknown"
"7014854",371863,2025-06-07 00:57:54,43.3603477478027,-8.84084701538086,"Unknown"
"7014854",371863,2025-06-07 01:02:53,43.3604507446289,-8.84096145629883,"Unknown"
"7014854",371863,2025-06-07 01:07:53,43.3605537414551,-8.84113788604736,"Unknown"
"7014854",371863,2025-06-07 01:12:53,43.3605499267578,-8.84120845794678,"Unknown"
"7014854",371863,2025-06-07 01:17:53,43.3605690002441,-8.84117889404297,"Unknown"
"7014854",371863,2025-06-07 01:22:53,43.3605270385742,-8.84117031097412,"Unknown"
"7014854",371863,2025-06-07 01:27:56,43.3604011535645,-8.8411169052124,"Unknown"
"7014854",371863,2025-06-07 01:32:55,43.360481262207,-8.84117221832275,"Unknown"
"7014854",371863,2025-06-07 01:37:53,43.3604469299316,-8.84113025665283,"Unknown"
"7014854",371863,2025-06-07 01:42:54,43.3603019714355,-8.84107398986816,"Unknown"
"7014854",371863,2025-06-07 01:47:53,43.3602828979492,-8.84111213684082,"Unknown"
"7014854",371863,2025-06-07 01:52:55,43.360279083252,-8.84101295471191,"Unknown"
"7014854",371863,2025-06-07 01:57:56,43.3603134155273,-8.84111976623535,"Unknown"
"7014854",371863,2025-06-07 02:02:56,43.3603515625,-8.84116077423096,"Unknown"
"7014854",371863,2025-06-07 02:07:54,43.3600234985352,-8.84076404571533,"Unknown"
"7014854",371863,2025-06-07 02:12:54,43.3600540161133,-8.84052467346191,"Unknown"
"7014854",371863,2025-06-07 02:17:54,43.3599624633789,-8.84071159362793,"Unknown"
"7014854",371863,2025-06-07 02:22:53,43.360034942627,-8.84063911437988,"Unknown"
"7014854",371863,2025-06-07 02:27:54,43.3600578308105,-8.8405647277832,"Unknown"
"7014854",371863,2025-06-07 02:32:54,43.3599624633789,-8.84045696258545,"Unknown"
"7014854",371863,2025-06-07 02:37:53,43.3601570129395,-8.84052562713623,"Unknown"
"7014854",371863,2025-06-07 02:42:55,43.3600959777832,-8.84053993225098,"Unknown"
"7014854",371863,2025-06-07 02:47:54,43.3600959777832,-8.84041404724121,"Unknown"
"7014854",371863,2025-06-07 02:52:54,43.3601303100586,-8.84027862548828,"Unknown"
"7014854",371863,2025-06-07 02:57:54,43.3600387573242,-8.84031867980957,"Unknown"
"7014854",371863,2025-06-07 03:02:54,43.3600692749023,-8.84037303924561,"Unknown"
"7014854",371863,2025-06-07 03:07:54,43.3600616455078,-8.84055042266846,"Unknown"
"7014854",371863,2025-06-07 03:12:54,43.3600387573242,-8.84043598175049,"Unknown"
"7014854",371863,2025-06-07 03:17:54,43.3600807189941,-8.84055995941162,"Unknown"
"7014854",371863,2025-06-07 03:22:59,43.3600692749023,-8.83966159820557,"Unknown"
"7014854",371863,2025-06-07 03:27:59,43.3600654602051,-8.8395357131958,"Unknown"
"7014854",371863,2025-06-07 03:32:56,43.3601608276367,-8.8400821685791,"Unknown"
"7014854",371863,2025-06-07 03:37:59,43.359920501709,-8.83941459655762,"Unknown"
"7014854",371863,2025-06-07 03:42:58,43.3603019714355,-8.84049510955811,"Unknown"
"7014854",371863,2025-06-07 03:47:54,43.3603172302246,-8.84063625335693,"Unknown"
"7014854",371863,2025-06-07 03:52:56,43.360107421875,-8.84019947052002,"Unknown"
"7014854",371863,2025-06-07 03:57:53,43.3600158691406,-8.84018325805664,"Unknown"
"7014854",371863,2025-06-07 04:03:14,43.359203338623,-8.8412036895752,"Unknown"
"7014854",371863,2025-06-07 04:07:53,43.3594856262207,-8.84091377258301,"Unknown"
"7014854",371863,2025-06-07 04:12:53,43.3604125976562,-8.8407154083252,"Unknown"
"7014854",371863,2025-06-07 04:17:58,43.359977722168,-8.84101009368896,"Unknown"
"7014854",371863,2025-06-07 04:22:53,43.3599967956543,-8.84149360656738,"Unknown"
"7014854",371863,2025-06-07 04:27:55,43.3601264953613,-8.84124183654785,"Unknown"
"7014854",371863,2025-06-07 04:32:55,43.3602523803711,-8.84105396270752,"Unknown"
"7014854",371863,2025-06-07 04:37:55,43.3601379394531,-8.84144306182861,"Unknown"
"7014854",371863,2025-06-07 04:42:56,43.3605651855469,-8.84071826934814,"Unknown"
"7014854",371863,2025-06-07 04:48:00,43.3604393005371,-8.84053134918213,"Unknown"
"7014854",371863,2025-06-07 04:53:02,43.3604621887207,-8.84050464630127,"Unknown"
"7014854",371863,2025-06-07 04:57:59,43.3604507446289,-8.84045886993408,"Unknown"
"7014854",371863,2025-06-07 05:03:01,43.3605422973633,-8.84073448181152,"Unknown"
"7014854",371863,2025-06-07 05:08:01,43.3605537414551,-8.8406229019165,"Unknown"
"7014854",371863,2025-06-07 05:13:00,43.3605651855469,-8.84078884124756,"Unknown"
"7014854",371863,2025-06-07 05:17:58,43.3605575561523,-8.84070014953613,"Unknown"
"7014854",371863,2025-06-07 05:22:59,43.3605575561523,-8.84072971343994,"Unknown"
"7014854",371863,2025-06-07 05:27:56,43.3605461120605,-8.84065341949463,"Unknown"
"7014854",371863,2025-06-07 05:32:56,43.3603706359863,-8.84077453613281,"Unknown"
"7014854",371863,2025-06-07 05:37:59,43.3604888916016,-8.8403434753418,"Unknown"
"7014854",371863,2025-06-07 05:42:58,43.3605117797852,-8.84037494659424,"Unknown"
"7014854",371863,2025-06-07 05:47:56,43.3605422973633,-8.84044456481934,"Unknown"
"7014854",371863,2025-06-07 05:52:58,43.3604698181152,-8.84011459350586,"Unknown"
"7014854",371863,2025-06-07 05:57:58,43.3605041503906,-8.84014129638672,"Unknown"
"7014854",371863,2025-06-07 06:03:07,43.3604774475098,-8.84021949768066,"Unknown"
"7014854",371863,2025-06-07 06:08:02,43.3604736328125,-8.84050273895264,"Unknown"
"7014854",371863,2025-06-07 06:13:09,43.3604354858398,-8.84005928039551,"Unknown"
"7014854",371863,2025-06-07 06:18:12,43.3607292175293,-8.84145259857178,"Unknown"
"7014854",371863,2025-06-07 06:22:54,43.3607749938965,-8.84159564971924,"Unknown"
"7014854",371863,2025-06-07 06:27:59,43.3605041503906,-8.84089851379395,"Unknown"
"7014854",371863,2025-06-07 06:32:59,43.3605422973633,-8.84094715118408,"Unknown"
"7014854",371863,2025-06-07 06:37:55,43.360294342041,-8.84113121032715,"Unknown"
"7014854",371863,2025-06-07 06:42:59,43.360481262207,-8.84086418151855,"Unknown"
"7014854",371863,2025-06-07 06:48:10,43.3604125976562,-8.8407564163208,"Unknown"
"7014854",371863,2025-06-07 06:53:00,43.3601226806641,-8.84078598022461,"Unknown"
"7014854",371863,2025-06-07 06:58:00,43.3602867126465,-8.84014987945557,"Unknown"
"7014854",371863,2025-06-07 07:03:00,43.3603515625,-8.8405065536499,"Unknown"
"7014854",371863,2025-06-07 07:07:59,43.3603401184082,-8.84011745452881,"Unknown"
"7014854",371863,2025-06-07 07:12:59,43.3603477478027,-8.84035587310791,"Unknown"
"7014854",371863,2025-06-07 07:18:00,43.3603820800781,-8.84021186828613,"Unknown"
"7014854",371863,2025-06-07 07:23:13,43.3603134155273,-8.84050750732422,"Unknown"
"7014854",371863,2025-06-07 07:27:55,43.3602600097656,-8.84051609039307,"Unknown"
"7014854",371863,2025-06-07 07:32:55,43.3602485656738,-8.84046268463135,"Unknown"
"7014854",371863,2025-06-07 07:38:02,43.3605842590332,-8.84062767028809,"Unknown"
"7014854",371863,2025-06-07 07:43:06,43.360424041748,-8.84065246582031,"Unknown"
"7014854",371863,2025-06-07 07:48:11,43.3606758117676,-8.84066104888916,"Unknown"
"7014854",371863,2025-06-07 07:53:19,43.3606185913086,-8.84086418151855,"Unknown"
"7014854",371863,2025-06-07 07:57:55,43.3603553771973,-8.84094333648682,"Unknown"
"7014854",371863,2025-06-07 08:02:53,43.3603858947754,-8.84112071990967,"Unknown"
"7014854",371863,2025-06-07 08:07:54,43.3603477478027,-8.84113121032715,"Unknown"
"7014854",371863,2025-06-07 08:12:54,43.3603591918945,-8.84111595153809,"Unknown"
"7014854",371863,2025-06-07 08:17:53,43.3603096008301,-8.84087467193604,"Unknown"
"7014854",371863,2025-06-07 08:25:52,43.3604125976562,-8.84093475341797,"Unknown"
"7014854",371863,2025-06-07 08:30:47,43.3603096008301,-8.84110355377197,"Unknown"
"7014854",371863,2025-06-07 08:35:47,43.3604621887207,-8.840895652771,"Unknown"
"7014854",371863,2025-06-07 08:40:47,43.3604393005371,-8.84087944030762,"Unknown"
"7014854",371863,2025-06-07 08:45:46,43.3604354858398,-8.84089660644531,"Unknown"
"7014854",371863,2025-06-07 08:50:46,43.3604507446289,-8.84093570709229,"Unknown"
"7014854",371863,2025-06-07 08:55:47,43.360424041748,-8.84092140197754,"Unknown"
"7014854",371863,2025-06-07 09:00:48,43.3607177734375,-8.84071063995361,"Unknown"
"7014854",371863,2025-06-07 09:05:47,43.3604011535645,-8.8409423828125,"Unknown"
"7014854",371863,2025-06-07 09:10:46,43.3603858947754,-8.8409595489502,"Unknown"
"7014854",371863,2025-06-07 09:15:46,43.3604202270508,-8.84094715118408,"Unknown"
"7014854",371863,2025-06-07 09:20:49,43.3601760864258,-8.8408203125,"Unknown"
"7014854",371863,2025-06-07 09:25:51,43.3599815368652,-8.84087085723877,"Unknown"
"7014854",371863,2025-06-07 09:30:46,43.3601989746094,-8.84044742584229,"Unknown"
"7014854",371863,2025-06-07 09:35:46,43.3603363037109,-8.84085083007812,"Unknown"
"7014854",371863,2025-06-07 09:40:46,43.3571662902832,-8.83768939971924,"Unknown"
"7014854",371863,2025-06-07 09:45:46,43.350040435791,-8.81138896942139,"Unknown"
"7014854",371863,2025-06-07 09:50:46,43.375358581543,-8.80109405517578,"Unknown"
"7014854",371863,2025-06-07 09:55:46,43.4152793884277,-8.7871789932251,"Unknown"
"7014854",371863,2025-06-07 10:00:47,43.4039192199707,-8.78714370727539,"Unknown"
"7014854",371863,2025-06-07 10:05:47,43.3851737976074,-8.80209350585938,"Unknown"
"7014854",371863,2025-06-07 10:10:46,43.3699569702148,-8.81889724731445,"Unknown"
"7014854",371863,2025-06-07 10:15:46,43.3631820678711,-8.83133316040039,"Unknown"
"7014854",371863,2025-06-07 10:21:04,43.3600082397461,-8.84076881408691,"Unknown"
"7014854",371863,2025-06-07 10:25:46,43.3601989746094,-8.84080219268799,"Unknown"
"7014854",371863,2025-06-07 10:30:46,43.3601417541504,-8.84081363677979,"Unknown"
"7014854",371863,2025-06-07 10:35:47,43.3601112365723,-8.84078407287598,"Unknown"
"7014854",371863,2025-06-07 10:40:47,43.3602142333984,-8.84067726135254,"Unknown"
"7014854",371863,2025-06-07 10:45:46,43.3601303100586,-8.84059143066406,"Unknown"
"7014854",371863,2025-06-07 10:50:47,43.3602409362793,-8.84090137481689,"Unknown"
"7014854",371863,2025-06-07 10:55:47,43.3602180480957,-8.84065055847168,"Unknown"
"7014854",371863,2025-06-07 11:00:46,43.3602447509766,-8.84078693389893,"Unknown"
"7014854",371863,2025-06-07 11:05:51,43.3602638244629,-8.84107303619385,"Unknown"
"7014854",371863,2025-06-07 11:10:53,43.360237121582,-8.84107398986816,"Unknown"
"7014854",371863,2025-06-07 11:15:52,43.3602104187012,-8.84107398986816,"Unknown"
"7014854",371863,2025-06-07 11:20:52,43.3602523803711,-8.8411111831665,"Unknown"
"7014854",371863,2025-06-07 11:25:53,43.3602142333984,-8.84111022949219,"Unknown"
"7014854",371863,2025-06-07 11:30:54,43.360237121582,-8.84114170074463,"Unknown"
"7014854",371863,2025-06-07 11:35:54,43.3602485656738,-8.84109878540039,"Unknown"
"7014854",371863,2025-06-07 11:40:54,43.3603096008301,-8.84086894989014,"Unknown"
"7014854",371863,2025-06-07 11:45:52,43.3602981567383,-8.84084606170654,"Unknown"
"7014854",371863,2025-06-07 11:50:53,43.3602828979492,-8.84080028533936,"Unknown"
"7014854",371863,2025-06-07 11:55:51,43.3603057861328,-8.84080505371094,"Unknown"
"7014854",371863,2025-06-07 12:00:51,43.3603363037109,-8.84072303771973,"Unknown"
"7014854",371863,2025-06-07 12:05:47,43.3603477478027,-8.83990383148193,"Unknown"
"7014854",371863,2025-06-07 12:10:53,43.3603439331055,-8.84065437316895,"Unknown"
"7014854",371863,2025-06-07 12:15:48,43.3603630065918,-8.84099292755127,"Unknown"
"7014854",371863,2025-06-07 12:20:57,43.3604469299316,-8.84043979644775,"Unknown"
"7014854",371863,2025-06-07 12:25:49,43.3610572814941,-8.83950042724609,"Unknown"
"7014854",371863,2025-06-07 12:30:53,43.3606414794922,-8.84003257751465,"Unknown"
"7014854",371863,2025-06-07 12:35:51,43.3605537414551,-8.84014987945557,"Unknown"
"7014854",371863,2025-06-07 12:40:53,43.3603363037109,-8.84043979644775,"Unknown"
"7014854",371863,2025-06-07 12:45:52,43.360294342041,-8.84046840667725,"Unknown"
"7014854",371863,2025-06-07 12:50:53,43.3602104187012,-8.84066104888916,"Unknown"
"7014854",371863,2025-06-07 12:55:53,43.3602180480957,-8.84059524536133,"Unknown"
"7014854",371863,2025-06-07 13:00:51,43.360179901123,-8.84065628051758,"Unknown"
"7014854",371863,2025-06-07 13:05:53,43.3600692749023,-8.84075832366943,"Unknown"
"7014854",371863,2025-06-07 13:10:55,43.3601264953613,-8.84070491790771,"Unknown"
"7014854",371863,2025-06-07 13:15:54,43.3600196838379,-8.84077835083008,"Unknown"
"7014854",371863,2025-06-07 13:20:53,43.3600730895996,-8.84083557128906,"Unknown"
"7014854",371863,2025-06-07 13:25:52,43.3600959777832,-8.84076499938965,"Unknown"
"7014854",371863,2025-06-07 13:30:51,43.3600540161133,-8.84080505371094,"Unknown"
"7014854",371863,2025-06-07 13:35:55,43.3600425720215,-8.84089469909668,"Unknown"
"7014854",371863,2025-06-07 13:40:53,43.3600082397461,-8.84081268310547,"Unknown"
"7014854",371863,2025-06-07 13:45:49,43.359992980957,-8.84089660644531,"Unknown"
"7014854",371863,2025-06-07 13:51:05,43.3604164123535,-8.8408784866333,"Unknown"
"7014854",371863,2025-06-07 13:55:49,43.3605117797852,-8.84089088439941,"Unknown"
"7014854",371863,2025-06-07 14:00:46,43.3605117797852,-8.84092712402344,"Unknown"
"7014854",371863,2025-06-07 14:05:53,43.3776016235352,-8.84428024291992,"Unknown"
"7014854",371863,2025-06-07 14:10:46,43.3877906799316,-8.84984874725342,"Unknown"
"7014854",371863,2025-06-07 14:15:46,43.3826065063477,-8.84982109069824,"Unknown"
"7014854",371863,2025-06-07 14:20:46,43.3657608032227,-8.84809303283691,"Unknown"
"7014854",371863,2025-06-07 14:25:47,43.3647193908691,-8.84930419921875,"Unknown"
"7014854",371863,2025-06-07 14:30:54,43.3595657348633,-8.84710216522217,"Unknown"
"7014854",371863,2025-06-07 14:35:46,43.3594436645508,-8.84704494476318,"Unknown"
"7014854",371863,2025-06-07 14:40:47,43.3594703674316,-8.84706497192383,"Unknown"
"7014854",371863,2025-06-07 14:45:46,43.3594703674316,-8.84706497192383,"Unknown"
"7014854",371863,2025-06-07 14:50:46,43.359546661377,-8.84706974029541,"Unknown"
"7014854",371863,2025-06-07 14:55:46,43.3595275878906,-8.84710216522217,"Unknown"
"7014854",371863,2025-06-07 15:00:46,43.3594055175781,-8.84699440002441,"Unknown"
"7014854",371863,2025-06-07 15:05:45,43.3533477783203,-8.83865261077881,"Unknown"
"7014854",371863,2025-06-07 15:10:48,43.3582878112793,-8.84664249420166,"Unknown"
"7014854",371863,2025-06-07 15:15:54,43.3593368530273,-8.84696197509766,"Unknown"
"7014854",371863,2025-06-07 15:21:17,43.3593559265137,-8.8472204208374,"Unknown"
"7014854",371863,2025-06-07 15:26:18,43.3593139648438,-8.84700489044189,"Unknown"
"7014854",371863,2025-06-07 15:31:17,43.3592491149902,-8.8468656539917,"Unknown"
"7014854",371863,2025-06-07 15:36:23,43.3592643737793,-8.84691905975342,"Unknown"
"7014854",371863,2025-06-07 15:40:51,43.359245300293,-8.84696769714355,"Unknown"
"7014854",371863,2025-06-07 15:45:49,43.3592910766602,-8.84696578979492,"Unknown"
"7014854",371863,2025-06-07 15:50:53,43.359489440918,-8.84647369384766,"Unknown"
"7014854",371863,2025-06-07 15:55:54,43.3593368530273,-8.84656715393066,"Unknown"
"7014854",371863,2025-06-07 16:00:47,43.3430442810059,-8.83974456787109,"Unknown"
"7014854",371863,2025-06-07 16:05:45,43.3205184936523,-8.84408950805664,"Unknown"
"7014854",371863,2025-06-07 16:10:46,43.3171920776367,-8.83905410766602,"Unknown"
"7014854",371863,2025-06-07 16:15:46,43.3174858093262,-8.83989429473877,"Unknown"
"7014854",371863,2025-06-07 16:20:47,43.3174629211426,-8.83983325958252,"Unknown"
"7014854",371863,2025-06-07 16:25:47,43.3175086975098,-8.83993244171143,"Unknown"
"7014854",371863,2025-06-07 16:30:54,43.3173065185547,-8.83973598480225,"Unknown"
"7014854",371863,2025-06-07 16:35:47,43.3171081542969,-8.84006118774414,"Unknown"
"7014854",371863,2025-06-07 16:40:46,43.3174247741699,-8.83968925476074,"Unknown"
"7014854",371863,2025-06-07 16:45:46,43.3198776245117,-8.83863830566406,"Unknown"
"7014854",371863,2025-06-07 16:50:51,43.3200531005859,-8.83871650695801,"Unknown"
"7014854",371863,2025-06-07 16:55:46,43.3180274963379,-8.83909893035889,"Unknown"
"7014854",371863,2025-06-07 17:00:46,43.3212852478027,-8.84567260742188,"Unknown"
"7014854",371863,2025-06-07 17:05:49,43.3141326904297,-8.85715579986572,"Unknown"
"7014854",371863,2025-06-07 17:10:47,43.3141937255859,-8.85720348358154,"Unknown"
"7014854",371863,2025-06-07 17:15:48,43.3190383911133,-8.84647083282471,"Unknown"
"7014854",371863,2025-06-07 17:20:49,43.3192367553711,-8.84623718261719,"Unknown"
"7014854",371863,2025-06-07 17:25:46,43.3191719055176,-8.84637069702148,"Unknown"
"7014854",371863,2025-06-07 17:30:48,43.3190841674805,-8.84652519226074,"Unknown"
"7014854",371863,2025-06-07 17:35:47,43.3191986083984,-8.84635257720947,"Unknown"
"7014854",371863,2025-06-07 17:40:48,43.319034576416,-8.8464822769165,"Unknown"
"7014854",371863,2025-06-07 17:45:48,43.3191299438477,-8.84660148620605,"Unknown"
"7014854",371863,2025-06-07 17:50:47,43.3190765380859,-8.84078598022461,"Unknown"
"7014854",371863,2025-06-07 17:55:47,43.3192138671875,-8.84119892120361,"Unknown"
"7014854",371863,2025-06-07 18:00:48,43.3192825317383,-8.84109687805176,"Unknown"
"7014854",371863,2025-06-07 18:05:49,43.3190498352051,-8.84100341796875,"Unknown"
"7014854",371863,2025-06-07 18:10:46,43.3192596435547,-8.83506870269775,"Unknown"
"7014854",371863,2025-06-07 18:15:54,43.3188858032227,-8.83512687683105,"Unknown"
"7014854",371863,2025-06-07 18:20:54,43.3187599182129,-8.83523750305176,"Unknown"
"7014854",371863,2025-06-07 18:25:48,43.3189659118652,-8.83523559570312,"Unknown"
"7014854",371863,2025-06-07 18:30:46,43.3187561035156,-8.83459949493408,"Unknown"
"7014854",371863,2025-06-07 18:35:47,43.3172187805176,-8.83358287811279,"Unknown"
"7014854",371863,2025-06-07 18:40:46,43.313720703125,-8.82256317138672,"Unknown"
"7014854",371863,2025-06-07 18:45:47,43.2965888977051,-8.79879665374756,"Unknown"
"7014854",371863,2025-06-07 18:50:47,43.29541015625,-8.79459476470947,"Unknown"
"7014854",371863,2025-06-07 18:55:48,43.2952537536621,-8.794114112854,"Unknown"
"7014854",371863,2025-06-07 19:00:55,43.2949714660645,-8.79744243621826,"Unknown"
"7014854",371863,2025-06-07 19:05:54,43.2947807312012,-8.79752731323242,"Unknown"
"7014854",371863,2025-06-07 19:10:51,43.294864654541,-8.79759693145752,"Unknown"
"7014854",371863,2025-06-07 19:16:01,43.2945518493652,-8.79725170135498,"Unknown"
"7014854",371863,2025-06-07 19:20:48,43.2946891784668,-8.79727363586426,"Unknown"
"7014854",371863,2025-06-07 19:25:47,43.2975463867188,-8.79893207550049,"Unknown"
"7014854",371863,2025-06-07 19:31:00,43.2978668212891,-8.79951953887939,"Unknown"
"7014854",371863,2025-06-07 19:35:48,43.298038482666,-8.79928302764893,"Unknown"
"7014854",371863,2025-06-07 19:40:55,43.2980651855469,-8.79960441589355,"Unknown"
"7014854",371863,2025-06-07 19:45:51,43.2978248596191,-8.79910850524902,"Unknown"
"7014854",371863,2025-06-07 19:51:01,43.2976379394531,-8.7986011505127,"Unknown"
"7014854",371863,2025-06-07 19:55:51,43.2972755432129,-8.79842472076416,"Unknown"
"7014854",371863,2025-06-07 20:00:46,43.2974014282227,-8.7984447479248,"Unknown"
"7014854",371863,2025-06-07 20:05:47,43.2975158691406,-8.79884052276611,"Unknown"
"7014854",371863,2025-06-07 20:10:50,43.2976913452148,-8.79855632781982,"Unknown"
"7014854",371863,2025-06-07 20:15:47,43.3023338317871,-8.79676723480225,"Unknown"
"7014854",371863,2025-06-07 20:20:48,43.3226852416992,-8.80575656890869,"Unknown"
"7014854",371863,2025-06-07 20:25:46,43.3453826904297,-8.82653331756592,"Unknown"
"7014854",371863,2025-06-07 20:30:46,43.3602867126465,-8.84076499938965,"Unknown"
"7014854",371863,2025-06-07 20:35:46,43.3602447509766,-8.84096145629883,"Unknown"
"7014854",371863,2025-06-07 20:40:46,43.3603668212891,-8.84085655212402,"Unknown"
"7014854",371863,2025-06-07 20:45:46,43.3603172302246,-8.84084606170654,"Unknown"
"7014854",371863,2025-06-07 20:50:48,43.3598175048828,-8.84157848358154,"Unknown"
"7014854",371863,2025-06-07 20:55:53,43.3602600097656,-8.84084606170654,"Unknown"
"7014854",371863,2025-06-07 21:00:47,43.3601951599121,-8.84091758728027,"Unknown"
"7014854",371863,2025-06-07 21:05:47,43.360424041748,-8.84059429168701,"Unknown"
"7014854",371863,2025-06-07 21:10:48,43.3603935241699,-8.84065246582031,"Unknown"
"7014854",371863,2025-06-07 21:15:46,43.3603172302246,-8.84059429168701,"Unknown"
"7014854",371863,2025-06-07 21:20:46,43.3603553771973,-8.84069442749023,"Unknown"
"7014854",371863,2025-06-07 21:25:46,43.3603019714355,-8.8407621383667,"Unknown"
"7014854",371863,2025-06-07 21:30:51,43.3603439331055,-8.84076404571533,"Unknown"
"7014854",371863,2025-06-07 21:35:47,43.3604545593262,-8.84065341949463,"Unknown"
"7014854",371863,2025-06-07 21:40:47,43.3602256774902,-8.84084796905518,"Unknown"
"7014854",371863,2025-06-07 21:45:46,43.3604965209961,-8.84057998657227,"Unknown"
"7014854",371863,2025-06-07 21:50:47,43.3605003356934,-8.84052181243896,"Unknown"
"7014854",371863,2025-06-07 21:55:46,43.3604583740234,-8.84055805206299,"Unknown"
"7014854",371863,2025-06-07 22:00:48,43.3605308532715,-8.84062385559082,"Unknown"
"7014854",371863,2025-06-07 22:05:49,43.3605575561523,-8.84070014953613,"Unknown"
"7014854",371863,2025-06-07 22:10:46,43.3606567382812,-8.84056568145752,"Unknown"
"7014854",371863,2025-06-07 22:15:46,43.3605728149414,-8.84063529968262,"Unknown"
"7014854",371863,2025-06-07 22:20:48,43.3606414794922,-8.84062671661377,"Unknown"
"7014854",371863,2025-06-07 22:25:46,43.3605918884277,-8.84064769744873,"Unknown"
"7014854",371863,2025-06-07 22:30:46,43.3606224060059,-8.84106636047363,"Unknown"
"7014854",371863,2025-06-07 22:35:48,43.360481262207,-8.84078025817871,"Unknown"
"7014854",371863,2025-06-07 22:40:46,43.3608169555664,-8.8407096862793,"Unknown"
"7014854",371863,2025-06-07 22:45:46,43.3607635498047,-8.84069442749023,"Unknown"
"7014854",371863,2025-06-07 22:50:46,43.360538482666,-8.84090518951416,"Unknown"
"7014854",371863,2025-06-07 22:55:47,43.3604316711426,-8.84084129333496,"Unknown"
"7014854",371863,2025-06-07 23:00:49,43.3611373901367,-8.84082698822021,"Unknown"
"7014854",371863,2025-06-07 23:05:49,43.3608741760254,-8.84101104736328,"Unknown"
"7014854",371863,2025-06-07 23:10:51,43.3604965209961,-8.84083461761475,"Unknown"
"7014854",371863,2025-06-07 23:15:48,43.3604316711426,-8.84080696105957,"Unknown"
"7014854",371863,2025-06-07 23:20:51,43.3604469299316,-8.84080028533936,"Unknown"
"7014854",371863,2025-06-07 23:25:47,43.3605346679688,-8.84070205688477,"Unknown"
"7014854",371863,2025-06-07 23:30:49,43.3603858947754,-8.84072875976562,"Unknown"
"7014854",371863,2025-06-07 23:35:47,43.3604888916016,-8.84076690673828,"Unknown"
"7014854",371863,2025-06-07 23:40:48,43.3604698181152,-8.8408031463623,"Unknown"
"7014854",371863,2025-06-07 23:45:47,43.3604202270508,-8.84083938598633,"Unknown"
"7014854",371863,2025-06-07 23:50:47,43.360424041748,-8.84086322784424,"Unknown"
"7014854",371863,2025-06-07 23:55:46,43.3604507446289,-8.8409366607666,"Unknown"
"7014854",371863,2025-06-08 00:00:47,43.3604049682617,-8.8409366607666,"Unknown"
"7014854",371863,2025-06-08 00:05:47,43.3603630065918,-8.84096431732178,"Unknown"
"7014854",371863,2025-06-08 00:10:47,43.3603591918945,-8.84100914001465,"Unknown"
"7014854",371863,2025-06-08 00:15:49,43.3603477478027,-8.8407564163208,"Unknown"
"7014854",371863,2025-06-08 00:20:48,43.3602294921875,-8.84095764160156,"Unknown"
"7014854",371863,2025-06-08 00:25:53,43.3602676391602,-8.84078693389893,"Unknown"
"7014854",371863,2025-06-08 00:30:53,43.3602294921875,-8.84091758728027,"Unknown"
"7014854",371863,2025-06-08 00:36:14,43.360237121582,-8.84091663360596,"Unknown"
"7014854",371863,2025-06-08 00:40:46,43.3603363037109,-8.84073543548584,"Unknown"
"7014854",371863,2025-06-08 00:45:46,43.3603057861328,-8.84076881408691,"Unknown"
"7014854",371863,2025-06-08 00:50:49,43.3602104187012,-8.84115791320801,"Unknown"
"7014854",371863,2025-06-08 00:55:46,43.3603515625,-8.8410816192627,"Unknown"
"7014854",371863,2025-06-08 01:00:46,43.3603057861328,-8.84074306488037,"Unknown"
"7014854",371863,2025-06-08 01:05:46,43.3603248596191,-8.84088134765625,"Unknown"
"7014854",371863,2025-06-08 01:10:55,43.3603210449219,-8.84097957611084,"Unknown"
"7014854",371863,2025-06-08 01:15:49,43.3603172302246,-8.84098815917969,"Unknown"
"7014854",371863,2025-06-08 01:20:46,43.3601493835449,-8.84091949462891,"Unknown"
"7014854",371863,2025-06-08 01:25:51,43.3602142333984,-8.84093856811523,"Unknown"
"7014854",371863,2025-06-08 01:31:04,43.3603477478027,-8.8410530090332,"Unknown"
"7014854",371863,2025-06-08 01:35:46,43.3604927062988,-8.84113883972168,"Unknown"
"7014854",371863,2025-06-08 01:40:46,43.3604278564453,-8.84104347229004,"Unknown"
"7014854",371863,2025-06-08 01:45:46,43.3603897094727,-8.84102344512939,"Unknown"
"7014854",371863,2025-06-08 01:50:49,43.360538482666,-8.84094619750977,"Unknown"
"7014854",371863,2025-06-08 01:55:49,43.3605690002441,-8.84091567993164,"Unknown"
"7014854",371863,2025-06-08 02:01:05,43.3603248596191,-8.84091377258301,"Unknown"
"7014854",371863,2025-06-08 02:05:46,43.3602600097656,-8.84095764160156,"Unknown"
"7014854",371863,2025-06-08 02:10:46,43.3602294921875,-8.84097099304199,"Unknown"
"7014854",371863,2025-06-08 02:15:47,43.3602409362793,-8.84090805053711,"Unknown"
"7014854",371863,2025-06-08 02:20:47,43.3602600097656,-8.84090995788574,"Unknown"
"7014854",371863,2025-06-08 02:25:46,43.3602485656738,-8.84092712402344,"Unknown"
"7014854",371863,2025-06-08 02:30:45,43.3603134155273,-8.84080219268799,"Unknown"
"7014854",371863,2025-06-08 02:35:45,43.3604049682617,-8.8408145904541,"Unknown"
"7014854",371863,2025-06-08 02:40:45,43.3603134155273,-8.84079551696777,"Unknown"
"7014854",371863,2025-06-08 02:45:46,43.3602867126465,-8.84084033966064,"Unknown"
"7014854",371863,2025-06-08 02:50:46,43.3602981567383,-8.84089756011963,"Unknown"
"7014854",371863,2025-06-08 02:55:46,43.3603210449219,-8.84090805053711,"Unknown"
"7014854",371863,2025-06-08 03:00:46,43.3602180480957,-8.84083557128906,"Unknown"
"7014854",371863,2025-06-08 03:06:05,43.3602294921875,-8.84086799621582,"Unknown"
"7014854",371863,2025-06-08 03:11:05,43.3602752685547,-8.84090614318848,"Unknown"
"7014854",371863,2025-06-08 03:15:45,43.3602867126465,-8.84094429016113,"Unknown"
"7014854",371863,2025-06-08 03:20:46,43.3602561950684,-8.84090137481689,"Unknown"
"7014854",371863,2025-06-08 03:25:45,43.360279083252,-8.84093379974365,"Unknown"
"7014854",371863,2025-06-08 03:30:46,43.3602638244629,-8.84092998504639,"Unknown"
"7014854",371863,2025-06-08 03:35:46,43.3602714538574,-8.84091091156006,"Unknown"
"7014854",371863,2025-06-08 03:40:45,43.3602027893066,-8.84086990356445,"Unknown"
"7014854",371863,2025-06-08 03:45:45,43.3602828979492,-8.84095287322998,"Unknown"
"7014854",371863,2025-06-08 03:50:46,43.3603553771973,-8.84105968475342,"Unknown"
"7014854",371863,2025-06-08 03:55:46,43.3602180480957,-8.84096717834473,"Unknown"
"7014854",371863,2025-06-08 04:00:45,43.3603630065918,-8.84109973907471,"Unknown"
"7014854",371863,2025-06-08 04:05:47,43.360408782959,-8.84108829498291,"Unknown"
"7014854",371863,2025-06-08 04:10:47,43.3603134155273,-8.84116649627686,"Unknown"
"7014854",371863,2025-06-08 04:15:47,43.3602981567383,-8.84101009368896,"Unknown"
"7014854",371863,2025-06-08 04:20:46,43.3604202270508,-8.84121417999268,"Unknown"
"7014854",371863,2025-06-08 04:25:46,43.3604125976562,-8.84113883972168,"Unknown"
"7014854",371863,2025-06-08 04:30:46,43.3602333068848,-8.84092903137207,"Unknown"
"7014854",371863,2025-06-08 04:35:46,43.3605842590332,-8.8412504196167,"Unknown"
"7014854",371863,2025-06-08 04:40:47,43.3605041503906,-8.84130573272705,"Unknown"
"7014854",371863,2025-06-08 04:45:47,43.3605918884277,-8.84117221832275,"Unknown"
"7014854",371863,2025-06-08 04:50:47,43.3605003356934,-8.84125995635986,"Unknown"
"7014854",371863,2025-06-08 04:55:47,43.3605003356934,-8.84125804901123,"Unknown"
"7014854",371863,2025-06-08 05:00:46,43.3605690002441,-8.84111022949219,"Unknown"
"7014854",371863,2025-06-08 05:05:46,43.3605728149414,-8.84115219116211,"Unknown"
"7014854",371863,2025-06-08 05:10:49,43.3603553771973,-8.84113025665283,"Unknown"
"7014854",371863,2025-06-08 05:15:46,43.3605155944824,-8.84135818481445,"Unknown"
"7014854",371863,2025-06-08 05:20:48,43.3603096008301,-8.84117603302002,"Unknown"
"7014854",371863,2025-06-08 05:26:14,43.3604888916016,-8.84088134765625,"Unknown"
"7014854",371863,2025-06-08 05:30:51,43.3602828979492,-8.84087467193604,"Unknown"
"7014854",371863,2025-06-08 05:35:47,43.3602523803711,-8.84113025665283,"Unknown"
"7014854",371863,2025-06-08 05:40:48,43.3602905273438,-8.84111022949219,"Unknown"
"7014854",371863,2025-06-08 05:45:46,43.3603210449219,-8.84114551544189,"Unknown"
"7014854",371863,2025-06-08 05:50:46,43.3603019714355,-8.8411283493042,"Unknown"
"7014854",371863,2025-06-08 05:55:46,43.3602867126465,-8.8410758972168,"Unknown"
"7014854",371863,2025-06-08 06:00:46,43.3603439331055,-8.84113597869873,"Unknown"
"7014854",371863,2025-06-08 06:05:46,43.3603477478027,-8.84115219116211,"Unknown"
"7014854",371863,2025-06-08 06:11:14,43.3602485656738,-8.84100151062012,"Unknown"
"7014854",371863,2025-06-08 06:15:46,43.3602180480957,-8.84097194671631,"Unknown"
"7014854",371863,2025-06-08 06:20:45,43.3602600097656,-8.84091377258301,"Unknown"
"7014854",371863,2025-06-08 06:25:45,43.3602828979492,-8.84105110168457,"Unknown"
"7014854",371863,2025-06-08 06:30:45,43.3602867126465,-8.84104347229004,"Unknown"
"7014854",371863,2025-06-08 06:35:45,43.3602294921875,-8.84104442596436,"Unknown"
"7014854",371863,2025-06-08 06:40:47,43.3602447509766,-8.84094619750977,"Unknown"
"7014854",371863,2025-06-08 06:46:14,43.3602256774902,-8.84086227416992,"Unknown"
"7014854",371863,2025-06-08 06:50:46,43.3601951599121,-8.84085083007812,"Unknown"
"7014854",371863,2025-06-08 06:55:46,43.3602752685547,-8.84092903137207,"Unknown"
"7014854",371863,2025-06-08 07:00:46,43.360179901123,-8.84075832366943,"Unknown"
"7014854",371863,2025-06-08 07:05:46,43.3602523803711,-8.84086894989014,"Unknown"
"7014854",371863,2025-06-08 07:10:47,43.3600463867188,-8.84051609039307,"Unknown"
"7014854",371863,2025-06-08 07:15:46,43.3604164123535,-8.84101295471191,"Unknown"
"7014854",371863,2025-06-08 07:20:51,43.3603286743164,-8.84097385406494,"Unknown"
"7014854",371863,2025-06-08 07:25:46,43.3603172302246,-8.84105110168457,"Unknown"
"7014854",371863,2025-06-08 07:30:53,43.3603782653809,-8.84099578857422,"Unknown"
"7014854",371863,2025-06-08 07:35:47,43.3602066040039,-8.84107208251953,"Unknown"
"7014854",371863,2025-06-08 07:41:23,43.3605308532715,-8.84091758728027,"Unknown"
"7014854",371863,2025-06-08 07:45:47,43.3605575561523,-8.8409948348999,"Unknown"
"7014854",371863,2025-06-08 07:50:48,43.3557014465332,-8.84506416320801,"Unknown"
"7014854",371863,2025-06-08 07:55:46,43.3371925354004,-8.85308742523193,"Unknown"
"7014854",371863,2025-06-08 08:00:46,43.3167495727539,-8.85265922546387,"Unknown"
"7014854",371863,2025-06-08 08:05:48,43.3188705444336,-8.84551048278809,"Unknown"
"7014854",371863,2025-06-08 08:10:47,43.307243347168,-8.84792900085449,"Unknown"
"7014854",371863,2025-06-08 08:15:54,43.2944259643555,-8.83985805511475,"Unknown"
"7014854",371863,2025-06-08 08:20:46,43.2943992614746,-8.83985137939453,"Unknown"
"7014854",371863,2025-06-08 08:26:01,43.2944793701172,-8.84009265899658,"Unknown"
"7014854",371863,2025-06-08 08:31:14,43.2943458557129,-8.83992671966553,"Unknown"
"7014854",371863,2025-06-08 08:35:51,43.2942199707031,-8.8397798538208,"Unknown"
"7014854",371863,2025-06-08 08:40:54,43.2942886352539,-8.83985805511475,"Unknown"
"7014854",371863,2025-06-08 08:45:46,43.2943878173828,-8.83989715576172,"Unknown"
"7014854",371863,2025-06-08 08:50:47,43.2943840026855,-8.84004688262939,"Unknown"
"7014854",371863,2025-06-08 08:55:48,43.2943992614746,-8.83998489379883,"Unknown"
"7014854",371863,2025-06-08 09:00:46,43.2943916320801,-8.83978843688965,"Unknown"
"7014854",371863,2025-06-08 09:05:46,43.2942695617676,-8.83973789215088,"Unknown"
"7014854",371863,2025-06-08 09:10:47,43.2941017150879,-8.83922576904297,"Unknown"
"7014854",371863,2025-06-08 09:15:46,43.2939682006836,-8.83992481231689,"Unknown"
"7014854",371863,2025-06-08 09:20:48,43.2942581176758,-8.83973598480225,"Unknown"
"7014854",371863,2025-06-08 09:25:46,43.2942886352539,-8.83973979949951,"Unknown"
"7014854",371863,2025-06-08 09:30:46,43.2942314147949,-8.83977794647217,"Unknown"
"7014854",371863,2025-06-08 09:35:46,43.2942008972168,-8.83972644805908,"Unknown"
"7014854",371863,2025-06-08 09:40:46,43.2942924499512,-8.83958721160889,"Unknown"
"7014854",371863,2025-06-08 09:45:47,43.294361114502,-8.83979797363281,"Unknown"
"7014854",371863,2025-06-08 09:50:46,43.2943229675293,-8.83970355987549,"Unknown"
"7014854",371863,2025-06-08 09:55:46,43.2943115234375,-8.83956718444824,"Unknown"
"7014854",371863,2025-06-08 10:00:46,43.2943115234375,-8.83957767486572,"Unknown"
"7014854",371863,2025-06-08 10:05:46,43.2943267822266,-8.83952713012695,"Unknown"
"7014854",371863,2025-06-08 10:10:47,43.2942390441895,-8.83941459655762,"Unknown"
"7014854",371863,2025-06-08 10:15:47,43.2941703796387,-8.83926296234131,"Unknown"
"7014854",371863,2025-06-08 10:20:46,43.2944679260254,-8.83933734893799,"Unknown"
"7014854",371863,2025-06-08 10:25:48,43.294563293457,-8.83997535705566,"Unknown"
"7014854",371863,2025-06-08 10:30:46,43.2945289611816,-8.84001636505127,"Unknown"
"7014854",371863,2025-06-08 10:35:46,43.2944450378418,-8.83991718292236,"Unknown"
"7014854",371863,2025-06-08 10:40:47,43.2942543029785,-8.8394079208374,"Unknown"
"7014854",371863,2025-06-08 10:45:46,43.2949638366699,-8.84013557434082,"Unknown"
"7014854",371863,2025-06-08 10:50:49,43.2949371337891,-8.84070014953613,"Unknown"
"7014854",371863,2025-06-08 10:55:46,43.2951164245605,-8.84056091308594,"Unknown"
"7014854",371863,2025-06-08 11:00:52,43.2953071594238,-8.84002017974854,"Unknown"
"7014854",371863,2025-06-08 11:05:47,43.2950325012207,-8.83995151519775,"Unknown"
"7014854",371863,2025-06-08 11:10:49,43.294994354248,-8.84007930755615,"Unknown"
"7014854",371863,2025-06-08 11:15:58,43.294620513916,-8.83978271484375,"Unknown"
"7014854",371863,2025-06-08 11:20:46,43.295036315918,-8.84003829956055,"Unknown"
"7014854",371863,2025-06-08 11:25:46,43.2950630187988,-8.84004688262939,"Unknown"
"7014854",371863,2025-06-08 11:30:47,43.295238494873,-8.84003734588623,"Unknown"
"7014854",371863,2025-06-08 11:35:53,43.2949829101562,-8.84017562866211,"Unknown"
"7014854",371863,2025-06-08 11:40:47,43.2950630187988,-8.83998775482178,"Unknown"
"7014854",371863,2025-06-08 11:46:12,43.2946853637695,-8.84021949768066,"Unknown"
"7014854",371863,2025-06-08 11:50:51,43.294677734375,-8.84005451202393,"Unknown"
"7014854",371863,2025-06-08 11:55:48,43.2948684692383,-8.83918285369873,"Unknown"
"7014854",371863,2025-06-08 12:00:53,43.2944564819336,-8.83904933929443,"Unknown"
"7014854",371863,2025-06-08 12:05:48,43.294246673584,-8.8392391204834,"Unknown"
"7014854",371863,2025-06-08 12:10:49,43.2947959899902,-8.83974361419678,"Unknown"
"7014854",371863,2025-06-08 12:15:51,43.294792175293,-8.83918380737305,"Unknown"
"7014854",371863,2025-06-08 12:20:46,43.294677734375,-8.83956241607666,"Unknown"
"7014854",371863,2025-06-08 12:25:47,43.2946395874023,-8.83994388580322,"Unknown"
"7014854",371863,2025-06-08 12:30:49,43.29443359375,-8.83947467803955,"Unknown"
"7014854",371863,2025-06-08 12:35:48,43.2944946289062,-8.83949089050293,"Unknown"
"7014854",371863,2025-06-08 12:40:46,43.2944374084473,-8.83947467803955,"Unknown"
"7014854",371863,2025-06-08 12:45:47,43.294361114502,-8.83952713012695,"Unknown"
"7014854",371863,2025-06-08 12:50:47,43.2945327758789,-8.83978939056396,"Unknown"
"7014854",371863,2025-06-08 12:55:46,43.2944526672363,-8.8392219543457,"Unknown"
"7014854",371863,2025-06-08 13:01:14,43.2944679260254,-8.83961582183838,"Unknown"
"7014854",371863,2025-06-08 13:05:51,43.29443359375,-8.83969306945801,"Unknown"
"7014854",371863,2025-06-08 13:10:46,43.29443359375,-8.83986186981201,"Unknown"
"7014854",371863,2025-06-08 13:15:46,43.2945938110352,-8.83958530426025,"Unknown"
"7014854",371863,2025-06-08 13:20:48,43.2943916320801,-8.83963680267334,"Unknown"
"7014854",371863,2025-06-08 13:25:46,43.2942848205566,-8.83952522277832,"Unknown"
"7014854",371863,2025-06-08 13:30:46,43.2940711975098,-8.83913803100586,"Unknown"
"7014854",371863,2025-06-08 13:35:54,43.3143348693848,-8.85706043243408,"Unknown"
"7014854",371863,2025-06-08 13:40:48,43.3141708374023,-8.85701465606689,"Unknown"
"7014854",371863,2025-06-08 13:46:23,43.3143615722656,-8.85701751708984,"Unknown"
"7014854",371863,2025-06-08 13:50:45,43.3142738342285,-8.85701847076416,"Unknown"
"7014854",371863,2025-06-08 13:55:46,43.3142890930176,-8.85703563690186,"Unknown"
"7014854",371863,2025-06-08 14:00:46,43.3143539428711,-8.8570728302002,"Unknown"
"7014854",371863,2025-06-08 14:05:46,43.3164596557617,-8.85755157470703,"Unknown"
"7014854",371863,2025-06-08 14:10:46,43.3204689025879,-8.84722232818604,"Unknown"
"7014854",371863,2025-06-08 14:15:48,43.3133087158203,-8.85340023040771,"Unknown"
"7014854",371863,2025-06-08 14:20:46,43.2925796508789,-8.84099960327148,"Unknown"
"7014854",371863,2025-06-08 14:25:47,43.2944183349609,-8.83988285064697,"Unknown"
"7014854",371863,2025-06-08 14:30:47,43.2943153381348,-8.83996677398682,"Unknown"
"7014854",371863,2025-06-08 14:35:48,43.2941436767578,-8.83986377716064,"Unknown"
"7014854",371863,2025-06-08 14:40:46,43.2943496704102,-8.83995246887207,"Unknown"
"7014854",371863,2025-06-08 14:45:49,43.2941741943359,-8.83986473083496,"Unknown"
"7014854",371863,2025-06-08 14:50:46,43.2944793701172,-8.83978462219238,"Unknown"
"7014854",371863,2025-06-08 14:55:46,43.2944183349609,-8.83981323242188,"Unknown"
"7014854",371863,2025-06-08 15:00:46,43.2941932678223,-8.84018707275391,"Unknown"
"7014854",371863,2025-06-08 15:05:46,43.2942237854004,-8.83974170684814,"Unknown"
"7014854",371863,2025-06-08 15:10:46,43.2942886352539,-8.83981800079346,"Unknown"
"7014854",371863,2025-06-08 15:15:47,43.2942047119141,-8.83967113494873,"Unknown"
"7014854",371863,2025-06-08 15:20:46,43.2941780090332,-8.83946132659912,"Unknown"
"7014854",371863,2025-06-08 15:25:46,43.2762794494629,-8.85147953033447,"Unknown"
"7014854",371863,2025-06-08 15:30:46,43.2728500366211,-8.84899997711182,"Unknown"
"7014854",371863,2025-06-08 15:35:47,43.2493896484375,-8.84352684020996,"Unknown"
"7014854",371863,2025-06-08 15:40:46,43.2443542480469,-8.81920909881592,"Unknown"
"7014854",371863,2025-06-08 15:45:46,43.2527198791504,-8.81796836853027,"Unknown"
"7014854",371863,2025-06-08 15:50:49,43.2588424682617,-8.82219982147217,"Unknown"
"7014854",371863,2025-06-08 15:55:46,43.258659362793,-8.82273387908936,"Unknown"
"7014854",371863,2025-06-08 16:00:48,43.2582626342773,-8.82256412506104,"Unknown"
"7014854",371863,2025-06-08 16:05:48,43.2583541870117,-8.82229804992676,"Unknown"
"7014854",371863,2025-06-08 16:10:47,43.2582168579102,-8.822678565979,"Unknown"
"7014854",371863,2025-06-08 16:15:46,43.2642974853516,-8.82421207427979,"Unknown"
"7014854",371863,2025-06-08 16:20:46,43.2790870666504,-8.82418537139893,"Unknown"
"7014854",371863,2025-06-08 16:25:51,43.2846946716309,-8.81359577178955,"Unknown"
"7014854",371863,2025-06-08 16:30:48,43.2843132019043,-8.81376171112061,"Unknown"
"7014854",371863,2025-06-08 16:35:48,43.2849082946777,-8.81381130218506,"Unknown"
"7014854",371863,2025-06-08 16:40:54,43.2847175598145,-8.81403923034668,"Unknown"
"7014854",371863,2025-06-08 16:45:46,43.2849426269531,-8.81432914733887,"Unknown"
"7014854",371863,2025-06-08 16:50:49,43.2849540710449,-8.814284324646,"Unknown"
"7014854",371863,2025-06-08 16:55:55,43.284839630127,-8.81429290771484,"Unknown"
"7014854",371863,2025-06-08 17:00:46,43.2842597961426,-8.81996059417725,"Unknown"
"7014854",371863,2025-06-08 17:05:57,43.2902297973633,-8.83226013183594,"Unknown"
"7014854",371863,2025-06-08 17:10:58,43.290828704834,-8.83246803283691,"Unknown"
"7014854",371863,2025-06-08 17:15:52,43.2908172607422,-8.83229160308838,"Unknown"
"7014854",371863,2025-06-08 17:20:53,43.2905616760254,-8.8322286605835,"Unknown"
"7014854",371863,2025-06-08 17:25:52,43.2905807495117,-8.83222007751465,"Unknown"
"7014854",371863,2025-06-08 17:30:56,43.2881546020508,-8.83193302154541,"Unknown"
"7014854",371863,2025-06-08 17:35:54,43.2938461303711,-8.83911323547363,"Unknown"
"7014854",371863,2025-06-08 17:41:01,43.2937316894531,-8.83902263641357,"Unknown"
"7014854",371863,2025-06-08 17:45:54,43.2938995361328,-8.83895111083984,"Unknown"
"7014854",371863,2025-06-08 17:51:07,43.2939186096191,-8.83901309967041,"Unknown"
"7014854",371863,2025-06-08 17:56:01,43.2940635681152,-8.83931064605713,"Unknown"
"7014854",371863,2025-06-08 18:00:55,43.2943115234375,-8.83973407745361,"Unknown"
"7014854",371863,2025-06-08 18:05:46,43.295467376709,-8.85278511047363,"Unknown"
"7014854",371863,2025-06-08 18:10:46,43.2958374023438,-8.85898303985596,"Unknown"
"7014854",371863,2025-06-08 18:15:46,43.2960815429688,-8.85873889923096,"Unknown"
"7014854",371863,2025-06-08 18:20:47,43.2966995239258,-8.85879611968994,"Unknown"
"7014854",371863,2025-06-08 18:25:46,43.2964782714844,-8.85849666595459,"Unknown"
"7014854",371863,2025-06-08 18:30:46,43.2957649230957,-8.8584566116333,"Unknown"
"7014854",371863,2025-06-08 18:36:05,43.2960319519043,-8.85853290557861,"Unknown"
"7014854",371863,2025-06-08 18:40:47,43.2970581054688,-8.85938453674316,"Unknown"
"7014854",371863,2025-06-08 18:45:47,43.2961692810059,-8.85883140563965,"Unknown"
"7014854",371863,2025-06-08 18:50:49,43.2969360351562,-8.85868358612061,"Unknown"
"7014854",371863,2025-06-08 18:55:46,43.2940216064453,-8.86267471313477,"Unknown"
"7014854",371863,2025-06-08 19:00:46,43.3054084777832,-8.8576192855835,"Unknown"
"7014854",371863,2025-06-08 19:05:46,43.3147201538086,-8.85707855224609,"Unknown"
"7014854",371863,2025-06-08 19:10:46,43.3146286010742,-8.8571891784668,"Unknown"
"7014854",371863,2025-06-08 19:15:45,43.3204345703125,-8.86511421203613,"Unknown"
"7014854",371863,2025-06-08 19:20:46,43.3292274475098,-8.84918785095215,"Unknown"
"7014854",371863,2025-06-08 19:25:46,43.3440246582031,-8.83824920654297,"Unknown"
"7014854",371863,2025-06-08 19:30:46,43.3600730895996,-8.84079837799072,"Unknown"
"7014854",371863,2025-06-08 19:35:45,43.3603210449219,-8.84102630615234,"Unknown"
"7014854",371863,2025-06-08 19:40:45,43.3602867126465,-8.84093284606934,"Unknown"
"7014854",371863,2025-06-08 19:45:46,43.3603134155273,-8.84097671508789,"Unknown"
"7014854",371863,2025-06-08 19:50:46,43.3603630065918,-8.84112453460693,"Unknown"
"7014854",371863,2025-06-08 19:55:46,43.3603858947754,-8.84106826782227,"Unknown"
"7014854",371863,2025-06-08 20:00:46,43.3603553771973,-8.84105587005615,"Unknown"
"7014854",371863,2025-06-08 20:05:46,43.3603477478027,-8.84104633331299,"Unknown"
"7014854",371863,2025-06-08 20:10:46,43.3603439331055,-8.841064453125,"Unknown"
"7014854",371863,2025-06-08 20:15:46,43.3603515625,-8.84109020233154,"Unknown"
"7014854",371863,2025-06-08 20:20:46,43.3603782653809,-8.84120273590088,"Unknown"
"7014854",371863,2025-06-08 20:25:48,43.3602409362793,-8.84093761444092,"Unknown"
"7014854",371863,2025-06-08 20:30:46,43.3604736328125,-8.84099388122559,"Unknown"
"7014854",371863,2025-06-08 20:36:05,43.3603248596191,-8.84103679656982,"Unknown"
"7014854",371863,2025-06-08 20:40:47,43.3599052429199,-8.84128761291504,"Unknown"
"7014854",371863,2025-06-08 20:45:48,43.3602714538574,-8.84113788604736,"Unknown"
"7014854",371863,2025-06-08 20:51:05,43.3601455688477,-8.84115791320801,"Unknown"
"7014854",371863,2025-06-08 20:55:46,43.3598442077637,-8.8413200378418,"Unknown"
"7014854",371863,2025-06-08 21:00:52,43.3602333068848,-8.8410062789917,"Unknown"
"7014854",371863,2025-06-08 21:05:46,43.359748840332,-8.84136486053467,"Unknown"
"7014854",371863,2025-06-08 21:10:46,43.3598136901855,-8.8413143157959,"Unknown"
"7014854",371863,2025-06-08 21:15:47,43.359806060791,-8.84121513366699,"Unknown"
"7014854",371863,2025-06-08 21:20:48,43.360725402832,-8.8409423828125,"Unknown"
"7014854",371863,2025-06-08 21:25:49,43.360107421875,-8.84109878540039,"Unknown"
"7014854",371863,2025-06-08 21:30:47,43.3608322143555,-8.8408670425415,"Unknown"
"7014854",371863,2025-06-08 21:35:47,43.3598365783691,-8.84128665924072,"Unknown"
"7014854",371863,2025-06-08 21:40:47,43.3600730895996,-8.84175300598145,"Unknown"
"7014854",371863,2025-06-08 21:45:51,43.3601913452148,-8.84179973602295,"Unknown"
"7014854",371863,2025-06-08 21:51:14,43.3600463867188,-8.84125328063965,"Unknown"
"7014854",371863,2025-06-08 21:55:45,43.3600044250488,-8.84128093719482,"Unknown"
"7014854",371863,2025-06-08 22:00:45,43.3600997924805,-8.84127807617188,"Unknown"
"7014854",371863,2025-06-08 22:05:46,43.3599281311035,-8.84125328063965,"Unknown"
"7014854",371863,2025-06-08 22:10:47,43.3600654602051,-8.84110546112061,"Unknown"
"7014854",371863,2025-06-08 22:15:47,43.3601226806641,-8.8412389755249,"Unknown"
"7014854",371863,2025-06-08 22:20:48,43.3600883483887,-8.84113216400146,"Unknown"
"7014854",371863,2025-06-08 22:25:49,43.3601188659668,-8.8411283493042,"Unknown"
"7014854",371863,2025-06-08 22:30:46,43.3601951599121,-8.84124755859375,"Unknown"
"7014854",371863,2025-06-08 22:35:47,43.3602561950684,-8.84128856658936,"Unknown"
"7014854",371863,2025-06-08 22:40:51,43.3601150512695,-8.8411226272583,"Unknown"
"7014854",371863,2025-06-08 22:45:46,43.3603439331055,-8.84099292755127,"Unknown"
"7014854",371863,2025-06-08 22:50:46,43.3604583740234,-8.84089088439941,"Unknown"
"7014854",371863,2025-06-08 22:55:46,43.360466003418,-8.84086608886719,"Unknown"
"7014854",371863,2025-06-08 23:00:46,43.3604164123535,-8.84086322784424,"Unknown"
"7014854",371863,2025-06-08 23:05:46,43.3605003356934,-8.84088134765625,"Unknown"
"7014854",371863,2025-06-08 23:10:46,43.3604202270508,-8.84092044830322,"Unknown"
"7014854",371863,2025-06-08 23:15:46,43.360424041748,-8.84104537963867,"Unknown"
"7014854",371863,2025-06-08 23:20:46,43.3603782653809,-8.8410587310791,"Unknown"
"7014854",371863,2025-06-08 23:25:46,43.3603935241699,-8.84109020233154,"Unknown"
"7014854",371863,2025-06-08 23:30:46,43.3604316711426,-8.84111309051514,"Unknown"
"7014854",371863,2025-06-08 23:35:46,43.3604583740234,-8.84108066558838,"Unknown"
"7014854",371863,2025-06-08 23:40:46,43.3604507446289,-8.84113693237305,"Unknown"
"7014854",371863,2025-06-08 23:45:46,43.3604507446289,-8.84119033813477,"Unknown"
"7014854",371863,2025-06-08 23:50:46,43.3604125976562,-8.84111595153809,"Unknown"
"7014854",371863,2025-06-08 23:55:46,43.3603668212891,-8.84109973907471,"Unknown"
"7014854",371863,2025-06-09 00:00:46,43.3602523803711,-8.8410005569458,"Unknown"
"7014854",371863,2025-06-09 00:05:46,43.360294342041,-8.84103012084961,"Unknown"
"7014854",371863,2025-06-09 00:10:46,43.3602447509766,-8.84099102020264,"Unknown"
"7014854",371863,2025-06-09 00:15:46,43.3603248596191,-8.84097194671631,"Unknown"
"7014854",371863,2025-06-09 00:20:47,43.3602333068848,-8.8409252166748,"Unknown"
"7014854",371863,2025-06-09 00:25:46,43.360221862793,-8.84095668792725,"Unknown"
"7014854",371863,2025-06-09 00:30:47,43.3603172302246,-8.84096622467041,"Unknown"
"7014854",371863,2025-06-09 00:35:46,43.3603324890137,-8.84099864959717,"Unknown"
"7014854",371863,2025-06-09 00:40:46,43.3603019714355,-8.84102725982666,"Unknown"
"7014854",371863,2025-06-09 00:45:46,43.3602752685547,-8.84104537963867,"Unknown"
"7014854",371863,2025-06-09 00:50:46,43.3603096008301,-8.84102821350098,"Unknown"
"7014854",371863,2025-06-09 00:55:46,43.3603553771973,-8.84109497070312,"Unknown"
"7014854",371863,2025-06-09 01:00:47,43.3604621887207,-8.8416109085083,"Unknown"
"7014854",371863,2025-06-09 01:05:47,43.3604736328125,-8.84153079986572,"Unknown"
"7014854",371863,2025-06-09 01:10:48,43.3605422973633,-8.84149742126465,"Unknown"
"7014854",371863,2025-06-09 01:15:47,43.3605461120605,-8.84162521362305,"Unknown"
"7014854",371863,2025-06-09 01:20:48,43.3605117797852,-8.84150981903076,"Unknown"
"7014854",371863,2025-06-09 01:25:48,43.3605194091797,-8.84158134460449,"Unknown"
"7014854",371863,2025-06-09 01:30:48,43.3606262207031,-8.84173488616943,"Unknown"
"7014854",371863,2025-06-09 01:35:47,43.3606834411621,-8.84183216094971,"Unknown"
"7014854",371863,2025-06-09 01:40:47,43.3606376647949,-8.84148025512695,"Unknown"
"7014854",371863,2025-06-09 01:45:47,43.3606109619141,-8.84133911132812,"Unknown"
"7014854",371863,2025-06-09 01:50:54,43.360668182373,-8.84097576141357,"Unknown"
"7014854",371863,2025-06-09 01:55:49,43.3606033325195,-8.84104251861572,"Unknown"
"7014854",371863,2025-06-09 02:00:47,43.3608283996582,-8.84044551849365,"Unknown"
"7014854",371863,2025-06-09 02:05:49,43.3611373901367,-8.83979606628418,"Unknown"
"7014854",371863,2025-06-09 02:10:47,43.3609313964844,-8.84022521972656,"Unknown"
"7014854",371863,2025-06-09 02:15:47,43.3606414794922,-8.84079456329346,"Unknown"
"7014854",371863,2025-06-09 02:20:47,43.3603401184082,-8.84127521514893,"Unknown"
"7014854",371863,2025-06-09 02:25:47,43.3607063293457,-8.84099864959717,"Unknown"
"7014854",371863,2025-06-09 02:30:46,43.3602828979492,-8.84075832366943,"Unknown"
"7014854",371863,2025-06-09 02:35:46,43.3606414794922,-8.8410120010376,"Unknown"
"7014854",371863,2025-06-09 02:40:47,43.3607139587402,-8.84109115600586,"Unknown"
"7014854",371863,2025-06-09 02:45:46,43.3606758117676,-8.84103298187256,"Unknown"
"7014854",371863,2025-06-09 02:50:47,43.3606338500977,-8.84105491638184,"Unknown"
"7014854",371863,2025-06-09 02:55:46,43.3606262207031,-8.84109783172607,"Unknown"
"7014854",371863,2025-06-09 03:00:46,43.3605804443359,-8.84106349945068,"Unknown"
"7014854",371863,2025-06-09 03:05:46,43.3606033325195,-8.84111404418945,"Unknown"
"7014854",371863,2025-06-09 03:10:46,43.3604049682617,-8.84101295471191,"Unknown"
"7014854",371863,2025-06-09 03:15:46,43.3604469299316,-8.84096431732178,"Unknown"
"7014854",371863,2025-06-09 03:20:48,43.3603019714355,-8.8408727645874,"Unknown"
"7014854",371863,2025-06-09 03:25:48,43.3603057861328,-8.84096050262451,"Unknown"
"7014854",371863,2025-06-09 03:30:46,43.3603935241699,-8.84097099304199,"Unknown"
"7014854",371863,2025-06-09 03:35:46,43.3603973388672,-8.84103965759277,"Unknown"
"7014854",371863,2025-06-09 03:40:46,43.3604125976562,-8.84099864959717,"Unknown"
"7014854",371863,2025-06-09 03:45:46,43.3604888916016,-8.8410701751709,"Unknown"
"7014854",371863,2025-06-09 03:50:49,43.3603553771973,-8.84096336364746,"Unknown"
"7014854",371863,2025-06-09 03:55:47,43.360408782959,-8.84100437164307,"Unknown"
"7014854",371863,2025-06-09 04:00:46,43.3603897094727,-8.8410472869873,"Unknown"
"7014854",371863,2025-06-09 04:05:47,43.3604393005371,-8.84098625183105,"Unknown"
"7014854",371863,2025-06-09 04:10:47,43.3603744506836,-8.84095573425293,"Unknown"
"7014854",371863,2025-06-09 04:15:47,43.3525199890137,-8.85264015197754,"Unknown"
"7014854",371863,2025-06-09 04:20:46,43.315731048584,-8.86051368713379,"Unknown"
"7014854",371863,2025-06-09 04:25:47,43.2858390808105,-8.87059688568115,"Unknown"
"7014854",371863,2025-06-09 04:30:47,43.2864990234375,-8.87367534637451,"Unknown"
"7014854",371863,2025-06-09 04:35:54,43.2864761352539,-8.87561893463135,"Unknown"
"7014854",371863,2025-06-09 04:40:58,43.2864456176758,-8.87556934356689,"Unknown"
"7014854",371863,2025-06-09 04:45:51,43.2842025756836,-8.87631034851074,"Unknown"
"7014854",371863,2025-06-09 04:50:49,43.2821578979492,-8.87448024749756,"Unknown"
"7014854",371863,2025-06-09 04:55:53,43.282787322998,-8.87611389160156,"Unknown"
"7014854",371863,2025-06-09 05:00:50,43.2828826904297,-8.87463092803955,"Unknown"
"7014854",371863,2025-06-09 05:05:51,43.2835540771484,-8.87565040588379,"Unknown"
"7014854",371863,2025-06-09 05:10:51,43.2832374572754,-8.87535095214844,"Unknown"
"7014854",371863,2025-06-09 05:15:51,43.2822685241699,-8.87625122070312,"Unknown"
"7014854",371863,2025-06-09 05:20:49,43.2834701538086,-8.87514305114746,"Unknown"
"7014854",371863,2025-06-09 05:25:48,43.2830924987793,-8.86676502227783,"Unknown"
"7014854",371863,2025-06-09 05:30:52,43.282787322998,-8.86861896514893,"Unknown"
"7014854",371863,2025-06-09 05:35:52,43.2823486328125,-8.86947250366211,"Unknown"
"7014854",371863,2025-06-09 05:40:49,43.2824058532715,-8.86888122558594,"Unknown"
"7014854",371863,2025-06-09 05:45:51,43.2829170227051,-8.86928653717041,"Unknown"
"7014854",371863,2025-06-09 05:50:48,43.2831077575684,-8.86841106414795,"Unknown"
"7014854",371863,2025-06-09 05:55:50,43.2831497192383,-8.86818981170654,"Unknown"
"7014854",371863,2025-06-09 06:00:49,43.2831764221191,-8.86934566497803,"Unknown"
"7014854",371863,2025-06-09 06:05:46,43.2838478088379,-8.86850166320801,"Unknown"
"7014854",371863,2025-06-09 06:10:48,43.2867774963379,-8.87197113037109,"Unknown"
"7014854",371863,2025-06-09 06:15:49,43.2871894836426,-8.87176990509033,"Unknown"
"7014854",371863,2025-06-09 06:20:49,43.2874336242676,-8.87096214294434,"Unknown"
"7014854",371863,2025-06-09 06:25:49,43.2874565124512,-8.87160015106201,"Unknown"
"7014854",371863,2025-06-09 06:30:47,43.2875900268555,-8.87186908721924,"Unknown"
"7014854",371863,2025-06-09 06:35:47,43.2873954772949,-8.87169361114502,"Unknown"
"7014854",371863,2025-06-09 06:40:47,43.2872085571289,-8.87168979644775,"Unknown"
"7014854",371863,2025-06-09 06:45:47,43.2930717468262,-8.85874271392822,"Unknown"
"7014854",371863,2025-06-09 06:50:46,43.2945137023926,-8.83970546722412,"Unknown"
"7014854",371863,2025-06-09 06:55:47,43.2945938110352,-8.83977794647217,"Unknown"
"7014854",371863,2025-06-09 07:00:47,43.2947654724121,-8.83970355987549,"Unknown"
"7014854",371863,2025-06-09 07:05:48,43.2949562072754,-8.83966159820557,"Unknown"
"7014854",371863,2025-06-09 07:11:13,43.2947654724121,-8.83980274200439,"Unknown"
"7014854",371863,2025-06-09 07:15:48,43.2946090698242,-8.83970069885254,"Unknown"
"7014854",371863,2025-06-09 07:20:48,43.294620513916,-8.83969974517822,"Unknown"
"7014854",371863,2025-06-09 07:25:46,43.294506072998,-8.83970165252686,"Unknown"
"7014854",371863,2025-06-09 07:30:49,43.2944869995117,-8.83953857421875,"Unknown"
"7014854",371863,2025-06-09 07:36:07,43.2943725585938,-8.83975982666016,"Unknown"
"7014854",371863,2025-06-09 07:41:09,43.2943687438965,-8.83980464935303,"Unknown"
"7014854",371863,2025-06-09 07:46:03,43.2943077087402,-8.83981609344482,"Unknown"
"7014854",371863,2025-06-09 07:50:56,43.2943458557129,-8.83973693847656,"Unknown"
"7014854",371863,2025-06-09 07:56:10,43.2943305969238,-8.83975505828857,"Unknown"
"7014854",371863,2025-06-09 08:01:05,43.2942924499512,-8.83970928192139,"Unknown"
"7014854",371863,2025-06-09 08:06:20,43.2943267822266,-8.8397159576416,"Unknown"
"7014854",371863,2025-06-09 08:11:14,43.2942771911621,-8.83971405029297,"Unknown"
"7014854",371863,2025-06-09 08:15:54,43.2943344116211,-8.8397045135498,"Unknown"
"7014854",371863,2025-06-09 08:20:54,43.2942924499512,-8.83977127075195,"Unknown"
"7014854",371863,2025-06-09 08:25:48,43.2942276000977,-8.83971405029297,"Unknown"
"7014854",371863,2025-06-09 08:30:46,43.2944564819336,-8.83961582183838,"Unknown"
"7014854",371863,2025-06-09 08:36:14,43.2943649291992,-8.83969783782959,"Unknown"
"7014854",371863,2025-06-09 08:40:48,43.2947616577148,-8.83967018127441,"Unknown"
"7014854",371863,2025-06-09 08:45:49,43.2943420410156,-8.83972930908203,"Unknown"
"7014854",371863,2025-06-09 08:50:58,43.2943954467773,-8.83959674835205,"Unknown"
"7014854",371863,2025-06-09 08:55:56,43.2944259643555,-8.8397388458252,"Unknown"
"7014854",371863,2025-06-09 09:00:52,43.294303894043,-8.83963871002197,"Unknown"
"7014854",371863,2025-06-09 09:05:57,43.2944068908691,-8.83952140808105,"Unknown"
"7014854",371863,2025-06-09 09:11:02,43.2946395874023,-8.83967018127441,"Unknown"
"7014854",371863,2025-06-09 09:15:52,43.2942733764648,-8.83963584899902,"Unknown"
"7014854",371863,2025-06-09 09:20:56,43.2952079772949,-8.84015083312988,"Unknown"
"7014854",371863,2025-06-09 09:25:53,43.2948760986328,-8.83999538421631,"Unknown"
"7014854",371863,2025-06-09 09:30:47,43.2947463989258,-8.84055709838867,"Unknown"
"7014854",371863,2025-06-09 09:36:14,43.2944602966309,-8.83983993530273,"Unknown"
"7014854",371863,2025-06-09 09:40:54,43.294548034668,-8.83991146087646,"Unknown"
"7014854",371863,2025-06-09 09:46:05,43.2944297790527,-8.83984375,"Unknown"
"7014854",371863,2025-06-09 09:51:08,43.2944374084473,-8.83985137939453,"Unknown"
"7014854",371863,2025-06-09 09:56:14,43.2944450378418,-8.83989524841309,"Unknown"
"7014854",371863,2025-06-09 10:00:47,43.2944068908691,-8.83990287780762,"Unknown"
"7014854",371863,2025-06-09 10:05:51,43.2943992614746,-8.84003925323486,"Unknown"
"7014854",371863,2025-06-09 10:11:44,43.2945404052734,-8.83977127075195,"Unknown"
"7014854",371863,2025-06-09 10:15:52,43.2945671081543,-8.83986949920654,"Unknown"
"7014854",371863,2025-06-09 10:20:49,43.294490814209,-8.83986854553223,"Unknown"
"7014854",371863,2025-06-09 10:25:48,43.2945022583008,-8.83996677398682,"Unknown"
"7014854",371863,2025-06-09 10:30:47,43.2943725585938,-8.83971977233887,"Unknown"
"7014854",371863,2025-06-09 10:35:46,43.2941436767578,-8.84003067016602,"Unknown"
"7014854",371863,2025-06-09 10:40:46,43.2942962646484,-8.83985614776611,"Unknown"
"7014854",371863,2025-06-09 10:45:46,43.3081398010254,-8.85497093200684,"Unknown"
"7014854",371863,2025-06-09 10:50:47,43.3146705627441,-8.85725593566895,"Unknown"
"7014854",371863,2025-06-09 10:55:46,43.3145027160645,-8.85776329040527,"Unknown"
"7014854",371863,2025-06-09 11:00:47,43.3144073486328,-8.85680866241455,"Unknown"
"7014854",371863,2025-06-09 11:05:46,43.3075485229492,-8.85080242156982,"Unknown"
"7014854",371863,2025-06-09 11:10:47,43.2957992553711,-8.858962059021,"Unknown"
"7014854",371863,2025-06-09 11:15:48,43.296257019043,-8.85786056518555,"Unknown"
"7014854",371863,2025-06-09 11:20:49,43.2961616516113,-8.85790157318115,"Unknown"
"7014854",371863,2025-06-09 11:25:54,43.2959823608398,-8.85801410675049,"Unknown"
"7014854",371863,2025-06-09 11:30:46,43.2958831787109,-8.85872936248779,"Unknown"
"7014854",371863,2025-06-09 11:35:48,43.294563293457,-8.85963153839111,"Unknown"
"7014854",371863,2025-06-09 11:40:56,43.2952919006348,-8.85764980316162,"Unknown"
"7014854",371863,2025-06-09 11:45:46,43.2960395812988,-8.86287975311279,"Unknown"
"7014854",371863,2025-06-09 11:50:49,43.2950248718262,-8.83948230743408,"Unknown"
"7014854",371863,2025-06-09 11:55:59,43.2953109741211,-8.83882904052734,"Unknown"
"7014854",371863,2025-06-09 12:01:15,43.2939262390137,-8.83969688415527,"Unknown"
"7014854",371863,2025-06-09 12:06:14,43.2940711975098,-8.83993721008301,"Unknown"
"7014854",371863,2025-06-09 12:11:01,43.294132232666,-8.83998489379883,"Unknown"
"7014854",371863,2025-06-09 12:17:10,43.2940101623535,-8.8399019241333,"Unknown"
"7014854",371863,2025-06-09 12:20:47,43.2947425842285,-8.84012985229492,"Unknown"
"7014854",371863,2025-06-09 12:25:49,43.2944145202637,-8.83954048156738,"Unknown"
"7014854",371863,2025-06-09 12:31:14,43.2944107055664,-8.8397388458252,"Unknown"
"7014854",371863,2025-06-09 12:35:46,43.2945251464844,-8.83974075317383,"Unknown"
"7014854",371863,2025-06-09 12:40:57,43.294246673584,-8.83979511260986,"Unknown"
"7014854",371863,2025-06-09 12:45:52,43.2942886352539,-8.83992099761963,"Unknown"
"7014854",371863,2025-06-09 12:50:49,43.2943382263184,-8.83957958221436,"Unknown"
"7014854",371863,2025-06-09 12:55:53,43.2942848205566,-8.83967304229736,"Unknown"
"7014854",371863,2025-06-09 13:00:51,43.2943496704102,-8.83971500396729,"Unknown"
"7014854",371863,2025-06-09 13:05:52,43.2943801879883,-8.8397216796875,"Unknown"
"7014854",371863,2025-06-09 13:10:51,43.2943000793457,-8.8396635055542,"Unknown"
"7014854",371863,2025-06-09 13:16:45,43.2943496704102,-8.83974170684814,"Unknown"
"7014854",371863,2025-06-09 13:20:57,43.2943649291992,-8.83972072601318,"Unknown"
"7014854",371863,2025-06-09 13:26:08,43.2943153381348,-8.83972358703613,"Unknown"
"7014854",371863,2025-06-09 13:30:54,43.2943725585938,-8.8397159576416,"Unknown"
"7014854",371863,2025-06-09 13:35:50,43.2944221496582,-8.83967399597168,"Unknown"
"7014854",371863,2025-06-09 13:40:55,43.2945327758789,-8.83955478668213,"Unknown"
"7014854",371863,2025-06-09 13:45:55,43.2943382263184,-8.83964538574219,"Unknown"
"7014854",371863,2025-06-09 13:50:48,43.3136405944824,-8.85692024230957,"Unknown"
"7014854",371863,2025-06-09 13:55:50,43.3133201599121,-8.85732078552246,"Unknown"
"7014854",371863,2025-06-09 14:01:00,43.315544128418,-8.85679626464844,"Unknown"
"7014854",371863,2025-06-09 14:05:52,43.31640625,-8.84585762023926,"Unknown"
"7014854",371863,2025-06-09 14:10:48,43.3141212463379,-8.84356689453125,"Unknown"
"7014854",371863,2025-06-09 14:15:48,43.3142700195312,-8.84290790557861,"Unknown"
"7014854",371863,2025-06-09 14:20:55,43.3142738342285,-8.842698097229,"Unknown"
"7014854",371863,2025-06-09 14:25:47,43.3142433166504,-8.84264278411865,"Unknown"
"7014854",371863,2025-06-09 14:30:54,43.314266204834,-8.84265422821045,"Unknown"
"7014854",371863,2025-06-09 14:35:53,43.314338684082,-8.84270763397217,"Unknown"
"7014854",371863,2025-06-09 14:40:50,43.3142509460449,-8.84273719787598,"Unknown"
"7014854",371863,2025-06-09 14:45:54,43.314208984375,-8.84267807006836,"Unknown"
"7014854",371863,2025-06-09 14:50:51,43.3141136169434,-8.84243679046631,"Unknown"
"7014854",371863,2025-06-09 14:55:52,43.314022064209,-8.8427677154541,"Unknown"
"7014854",371863,2025-06-09 15:00:50,43.3126983642578,-8.85109710693359,"Unknown"
"7014854",371863,2025-06-09 15:05:51,43.2960319519043,-8.86254596710205,"Unknown"
"7014854",371863,2025-06-09 15:10:48,43.2924308776855,-8.84451389312744,"Unknown"
"7014854",371863,2025-06-09 15:15:50,43.2911720275879,-8.83922100067139,"Unknown"
"7014854",371863,2025-06-09 15:20:53,43.2949867248535,-8.83283615112305,"Unknown"
"7014854",371863,2025-06-09 15:25:55,43.2718696594238,-8.81932735443115,"Unknown"
"7014854",371863,2025-06-09 15:31:02,43.2717552185059,-8.81908416748047,"Unknown"
"7014854",371863,2025-06-09 15:35:55,43.2722129821777,-8.81924724578857,"Unknown"
"7014854",371863,2025-06-09 15:40:55,43.2720565795898,-8.81923580169678,"Unknown"
"7014854",371863,2025-06-09 15:46:03,43.2721824645996,-8.8199987411499,"Unknown"
"7014854",371863,2025-06-09 15:50:47,43.2724342346191,-8.82016468048096,"Unknown"
"7014854",371863,2025-06-09 15:55:47,43.2661972045898,-8.82379055023193,"Unknown"
"7014854",371863,2025-06-09 16:00:51,43.2641143798828,-8.83526611328125,"Unknown"
"7014854",371863,2025-06-09 16:05:50,43.2638397216797,-8.83505535125732,"Unknown"
"7014854",371863,2025-06-09 16:10:48,43.2646522521973,-8.83590698242188,"Unknown"
"7014854",371863,2025-06-09 16:15:50,43.2650032043457,-8.8364725112915,"Unknown"
"7014854",371863,2025-06-09 16:20:52,43.2643814086914,-8.83555698394775,"Unknown"
"7014854",371863,2025-06-09 16:25:47,43.2645683288574,-8.83584213256836,"Unknown"
"7014854",371863,2025-06-09 16:30:53,43.2644119262695,-8.83537006378174,"Unknown"
"7014854",371863,2025-06-09 16:35:47,43.2651481628418,-8.83588218688965,"Unknown"
"7014854",371863,2025-06-09 16:40:50,43.2647857666016,-8.83527755737305,"Unknown"
"7014854",371863,2025-06-09 16:45:54,43.2647857666016,-8.83523273468018,"Unknown"
"7014854",371863,2025-06-09 16:50:49,43.2649459838867,-8.83546447753906,"Unknown"
"7014854",371863,2025-06-09 16:56:10,43.264965057373,-8.83542823791504,"Unknown"
"7014854",371863,2025-06-09 17:00:52,43.2648048400879,-8.83525943756104,"Unknown"
"7014854",371863,2025-06-09 17:05:49,43.2649726867676,-8.83526515960693,"Unknown"
"7014854",371863,2025-06-09 17:11:03,43.264778137207,-8.83539295196533,"Unknown"
"7014854",371863,2025-06-09 17:16:02,43.2650413513184,-8.8357105255127,"Unknown"
"7014854",371863,2025-06-09 17:20:48,43.2650718688965,-8.83580303192139,"Unknown"
"7014854",371863,2025-06-09 17:25:48,43.265079498291,-8.83579635620117,"Unknown"
"7014854",371863,2025-06-09 17:30:47,43.2751960754395,-8.83495903015137,"Unknown"
"7014854",371863,2025-06-09 17:35:47,43.2884407043457,-8.83655452728271,"Unknown"
"7014854",371863,2025-06-09 17:40:46,43.3085403442383,-8.84641933441162,"Unknown"
"7014854",371863,2025-06-09 17:45:48,43.3319816589355,-8.85391998291016,"Unknown"
"7014854",371863,2025-06-09 17:50:48,43.3460388183594,-8.85474586486816,"Unknown"
"7014854",371863,2025-06-09 17:55:48,43.3594360351562,-8.84866237640381,"Unknown"
"7014854",371863,2025-06-09 18:00:50,43.3604850769043,-8.84092426300049,"Unknown"
"7014854",371863,2025-06-09 18:05:50,43.3606033325195,-8.84090518951416,"Unknown"
"7014854",371863,2025-06-09 18:10:49,43.3605270385742,-8.84097671508789,"Unknown"
"7014854",371863,2025-06-09 18:15:47,43.3606033325195,-8.84097766876221,"Unknown"
"7014854",371863,2025-06-09 18:20:48,43.3606414794922,-8.84105205535889,"Unknown"
"7014854",371863,2025-06-09 18:25:53,43.360782623291,-8.84117698669434,"Unknown"
"7014854",371863,2025-06-09 18:30:54,43.3607330322266,-8.84110546112061,"Unknown"
"7014854",371863,2025-06-09 18:35:53,43.3607978820801,-8.84117031097412,"Unknown"
"7014854",371863,2025-06-09 18:40:54,43.360767364502,-8.84118366241455,"Unknown"
"7014854",371863,2025-06-09 18:46:04,43.360954284668,-8.84126853942871,"Unknown"
"7014854",371863,2025-06-09 18:50:55,43.3608894348145,-8.84130477905273,"Unknown"
"7014854",371863,2025-06-09 18:56:08,43.3604202270508,-8.84055709838867,"Unknown"
"7014854",371863,2025-06-09 19:01:07,43.3601951599121,-8.84025192260742,"Unknown"
"7014854",371863,2025-06-09 19:06:05,43.360034942627,-8.84004688262939,"Unknown"
"7014854",371863,2025-06-09 19:11:05,43.3600158691406,-8.84003162384033,"Unknown"
"7014854",371863,2025-06-09 19:16:02,43.3600311279297,-8.84006595611572,"Unknown"
"7014854",371863,2025-06-09 19:21:04,43.3600234985352,-8.84005641937256,"Unknown"
"7014854",371863,2025-06-09 19:26:03,43.360050201416,-8.84004783630371,"Unknown"
"7014854",371863,2025-06-09 19:31:01,43.360034942627,-8.84023952484131,"Unknown"
"7014854",371863,2025-06-09 19:35:59,43.3600425720215,-8.8401050567627,"Unknown"
"7014854",371863,2025-06-09 19:40:49,43.360034942627,-8.84005069732666,"Unknown"
"7014854",371863,2025-06-09 19:46:14,43.3602294921875,-8.84069538116455,"Unknown"
"7014854",371863,2025-06-09 19:50:48,43.3603248596191,-8.84094047546387,"Unknown"
"7014854",371863,2025-06-09 19:55:49,43.3604507446289,-8.8409252166748,"Unknown"
"7014854",371863,2025-06-09 20:00:53,43.3608283996582,-8.84013843536377,"Unknown"
"7014854",371863,2025-06-09 20:05:56,43.3602638244629,-8.84096145629883,"Unknown"
"7014854",371863,2025-06-09 20:10:52,43.3607063293457,-8.84036731719971,"Unknown"
"7014854",371863,2025-06-09 20:16:02,43.3603515625,-8.84091663360596,"Unknown"
"7014854",371863,2025-06-09 20:21:01,43.3603897094727,-8.84078025817871,"Unknown"
"7014854",371863,2025-06-09 20:25:56,43.360424041748,-8.84111404418945,"Unknown"
"7014854",371863,2025-06-09 20:31:15,43.3600921630859,-8.84102249145508,"Unknown"
"7014854",371863,2025-06-09 20:36:04,43.3598289489746,-8.84107208251953,"Unknown"
"7014854",371863,2025-06-09 20:40:55,43.3603668212891,-8.84091758728027,"Unknown"
"7014854",371863,2025-06-09 20:45:48,43.3600997924805,-8.84134769439697,"Unknown"
"7014854",371863,2025-06-09 20:50:55,43.360408782959,-8.84092044830322,"Unknown"
"7014854",371863,2025-06-09 20:55:59,43.3605766296387,-8.84102725982666,"Unknown"
"7014854",371863,2025-06-09 21:00:59,43.3602104187012,-8.84086418151855,"Unknown"
"7014854",371863,2025-06-09 21:05:59,43.3602294921875,-8.8409423828125,"Unknown"
"7014854",371863,2025-06-09 21:10:58,43.360050201416,-8.84085559844971,"Unknown"
"7014854",371863,2025-06-09 21:16:18,43.360279083252,-8.8410587310791,"Unknown"
"7014854",371863,2025-06-09 21:21:23,43.3602180480957,-8.84094524383545,"Unknown"
"7014854",371863,2025-06-09 21:25:50,43.3601722717285,-8.8410472869873,"Unknown"
"7014854",371863,2025-06-09 21:31:01,43.3602485656738,-8.84092330932617,"Unknown"
"7014854",371863,2025-06-09 21:35:48,43.3603096008301,-8.8409252166748,"Unknown"
"7014854",371863,2025-06-09 21:40:49,43.360595703125,-8.84081745147705,"Unknown"
"7014854",371863,2025-06-09 21:46:01,43.3602828979492,-8.84092140197754,"Unknown"
"7014854",371863,2025-06-09 21:50:59,43.3602447509766,-8.84091567993164,"Unknown"
"7014854",371863,2025-06-09 21:56:12,43.3602676391602,-8.84093379974365,"Unknown"
"7014854",371863,2025-06-09 22:00:48,43.3602905273438,-8.84088039398193,"Unknown"
"7014854",371863,2025-06-09 22:05:48,43.3602447509766,-8.84089946746826,"Unknown"
"7014854",371863,2025-06-09 22:10:48,43.3603363037109,-8.84090518951416,"Unknown"
"7014854",371863,2025-06-09 22:15:48,43.3603324890137,-8.84094715118408,"Unknown"
"7014854",371863,2025-06-09 22:20:48,43.3604316711426,-8.84091281890869,"Unknown"
"7014854",371863,2025-06-09 22:25:48,43.3603973388672,-8.84101963043213,"Unknown"
"7014854",371863,2025-06-09 22:30:48,43.360466003418,-8.84087753295898,"Unknown"
"7014854",371863,2025-06-09 22:35:48,43.360424041748,-8.84101581573486,"Unknown"
"7014854",371863,2025-06-09 22:40:48,43.3604507446289,-8.84092617034912,"Unknown"
"7014854",371863,2025-06-09 22:46:00,43.3602905273438,-8.84088039398193,"Unknown"
"7014854",371863,2025-06-09 22:50:52,43.3603591918945,-8.8407678604126,"Unknown"
"7014854",371863,2025-06-09 22:55:55,43.3603096008301,-8.84087085723877,"Unknown"
"7014854",371863,2025-06-09 23:00:55,43.3603782653809,-8.84085559844971,"Unknown"
"7014854",371863,2025-06-09 23:05:55,43.3603477478027,-8.84075736999512,"Unknown"
"7014854",371863,2025-06-09 23:11:11,43.3602905273438,-8.84063816070557,"Unknown"
"7014854",371863,2025-06-09 23:16:00,43.3602485656738,-8.84083366394043,"Unknown"
"7014854",371863,2025-06-09 23:20:56,43.360279083252,-8.84079742431641,"Unknown"
"7014854",371863,2025-06-09 23:25:59,43.3603057861328,-8.84075260162354,"Unknown"
"7014854",371863,2025-06-09 23:30:53,43.3602409362793,-8.84129619598389,"Unknown"
"7014854",371863,2025-06-09 23:36:02,43.3603096008301,-8.84069061279297,"Unknown"
"7014854",371863,2025-06-09 23:41:11,43.3603057861328,-8.84064865112305,"Unknown"
"7014854",371863,2025-06-09 23:46:11,43.3602752685547,-8.84077930450439,"Unknown"
"7014854",371863,2025-06-09 23:50:48,43.3602905273438,-8.84106922149658,"Unknown"
"7014854",371863,2025-06-09 23:55:48,43.3602828979492,-8.84091472625732,"Unknown"
"7014854",371863,2025-06-10 00:00:49,43.3602905273438,-8.84095859527588,"Unknown"
"7014854",371863,2025-06-10 00:05:50,43.3602638244629,-8.84107971191406,"Unknown"
"7014854",371863,2025-06-10 00:10:49,43.3602600097656,-8.840895652771,"Unknown"
"7014854",371863,2025-06-10 00:15:52,43.3602714538574,-8.84078407287598,"Unknown"
"7014854",371863,2025-06-10 00:20:50,43.3602981567383,-8.84119892120361,"Unknown"
"7014854",371863,2025-06-10 00:25:58,43.3602981567383,-8.84097957611084,"Unknown"
"7014854",371863,2025-06-10 00:31:12,43.3603057861328,-8.84075736999512,"Unknown"
"7014854",371863,2025-06-10 00:35:54,43.3604507446289,-8.84134006500244,"Unknown"
"7014854",371863,2025-06-10 00:40:55,43.3603324890137,-8.84088325500488,"Unknown"
"7014854",371863,2025-06-10 00:46:01,43.3602676391602,-8.84080505371094,"Unknown"
"7014854",371863,2025-06-10 00:51:23,43.3602676391602,-8.84090518951416,"Unknown"
"7014854",371863,2025-06-10 00:55:47,43.3603057861328,-8.84086132049561,"Unknown"
"7014854",371863,2025-06-10 01:00:47,43.3602638244629,-8.84082221984863,"Unknown"
"7014854",371863,2025-06-10 01:05:47,43.3603210449219,-8.84081935882568,"Unknown"
"7014854",371863,2025-06-10 01:10:47,43.3603057861328,-8.84083557128906,"Unknown"
"7014854",371863,2025-06-10 01:15:48,43.3602180480957,-8.84093570709229,"Unknown"
"7014854",371863,2025-06-10 01:20:51,43.3602333068848,-8.84085750579834,"Unknown"
"7014854",371863,2025-06-10 01:25:48,43.3604278564453,-8.84107875823975,"Unknown"
"7014854",371863,2025-06-10 01:30:49,43.3603248596191,-8.84114265441895,"Unknown"
"7014854",371863,2025-06-10 01:35:48,43.3603553771973,-8.841139793396,"Unknown"
"7014854",371863,2025-06-10 01:40:50,43.3602561950684,-8.84097099304199,"Unknown"
"7014854",371863,2025-06-10 01:45:50,43.360279083252,-8.84100723266602,"Unknown"
"7014854",371863,2025-06-10 01:50:55,43.3604278564453,-8.84094715118408,"Unknown"
"7014854",371863,2025-06-10 01:55:51,43.360408782959,-8.84098052978516,"Unknown"
"7014854",371863,2025-06-10 02:01:11,43.3603172302246,-8.84072685241699,"Unknown"
"7014854",371863,2025-06-10 02:05:48,43.3603286743164,-8.84072685241699,"Unknown"
"7014854",371863,2025-06-10 02:10:48,43.3603172302246,-8.84078407287598,"Unknown"
"7014854",371863,2025-06-10 02:15:48,43.3602981567383,-8.84079551696777,"Unknown"
"7014854",371863,2025-06-10 02:20:48,43.3603019714355,-8.8408784866333,"Unknown"
"7014854",371863,2025-06-10 02:25:48,43.3604545593262,-8.8410120010376,"Unknown"
"7014854",371863,2025-06-10 02:30:48,43.3604774475098,-8.84113216400146,"Unknown"
"7014854",371863,2025-06-10 02:35:48,43.3602752685547,-8.84093379974365,"Unknown"
"7014854",371863,2025-06-10 02:40:48,43.3605918884277,-8.84121799468994,"Unknown"
"7014854",371863,2025-06-10 02:46:14,43.3603439331055,-8.84094905853271,"Unknown"
"7014854",371863,2025-06-10 02:50:48,43.360294342041,-8.84093189239502,"Unknown"
"7014854",371863,2025-06-10 02:55:48,43.3603210449219,-8.84091758728027,"Unknown"
"7014854",371863,2025-06-10 03:00:48,43.3602638244629,-8.84094142913818,"Unknown"
"7014854",371863,2025-06-10 03:05:48,43.3603057861328,-8.84093761444092,"Unknown"
"7014854",371863,2025-06-10 03:10:48,43.3603248596191,-8.84098243713379,"Unknown"
"7014854",371863,2025-06-10 03:15:49,43.3602485656738,-8.84094333648682,"Unknown"
"7014854",371863,2025-06-10 03:20:48,43.3605079650879,-8.84113025665283,"Unknown"
"7014854",371863,2025-06-10 03:25:51,43.3603401184082,-8.84096908569336,"Unknown"
"7014854",371863,2025-06-10 03:31:01,43.3604316711426,-8.84106349945068,"Unknown"
"7014854",371863,2025-06-10 03:36:03,43.3604354858398,-8.84106636047363,"Unknown"
"7014854",371863,2025-06-10 03:41:04,43.3605804443359,-8.84118938446045,"Unknown"
"7014854",371863,2025-06-10 03:46:03,43.360523223877,-8.84116840362549,"Unknown"
"7014854",371863,2025-06-10 03:51:05,43.3604698181152,-8.84110736846924,"Unknown"
"7014854",371863,2025-06-10 03:56:02,43.3605537414551,-8.84118747711182,"Unknown"
"7014854",371863,2025-06-10 04:01:01,43.3605270385742,-8.84115695953369,"Unknown"
"7014854",371863,2025-06-10 04:05:53,43.3608245849609,-8.84138870239258,"Unknown"
"7014854",371863,2025-06-10 04:11:14,43.3603210449219,-8.84095478057861,"Unknown"
"7014854",371863,2025-06-10 04:15:59,43.3603172302246,-8.8409423828125,"Unknown"
"7014854",371863,2025-06-10 04:21:01,43.3603744506836,-8.84098625183105,"Unknown"
"7014854",371863,2025-06-10 04:26:01,43.3603134155273,-8.84089088439941,"Unknown"
"7014854",371863,2025-06-10 04:31:01,43.3602867126465,-8.84093379974365,"Unknown"
"7014854",371863,2025-06-10 04:35:56,43.3373107910156,-8.85427951812744,"Unknown"
"7014854",371863,2025-06-10 04:41:01,43.3293495178223,-8.85348796844482,"Unknown"
"7014854",371863,2025-06-10 04:46:10,43.2940483093262,-8.85431671142578,"Unknown"
"7014854",371863,2025-06-10 04:50:55,43.2700233459473,-8.84343814849854,"Unknown"
"7014854",371863,2025-06-10 04:56:16,43.2662124633789,-8.83172702789307,"Unknown"
"7014854",371863,2025-06-10 05:00:49,43.2661170959473,-8.83224105834961,"Unknown"
"7014854",371863,2025-06-10 05:05:58,43.2661018371582,-8.8317813873291,"Unknown"
"7014854",371863,2025-06-10 05:11:03,43.2660598754883,-8.83185291290283,"Unknown"
"7014854",371863,2025-06-10 05:16:14,43.2659378051758,-8.83190822601318,"Unknown"
"7014854",371863,2025-06-10 05:20:50,43.2591514587402,-8.82384014129639,"Unknown"
"7014854",371863,2025-06-10 05:26:09,43.2579727172852,-8.82267761230469,"Unknown"
"7014854",371863,2025-06-10 05:31:07,43.2583618164062,-8.82271766662598,"Unknown"
"7014854",371863,2025-06-10 05:36:02,43.2579231262207,-8.82270526885986,"Unknown"
"7014854",371863,2025-06-10 05:41:04,43.2584648132324,-8.82234477996826,"Unknown"
"7014854",371863,2025-06-10 05:46:22,43.2522926330566,-8.82048225402832,"Unknown"
"7014854",371863,2025-06-10 05:50:52,43.2520027160645,-8.82062244415283,"Unknown"
"7014854",371863,2025-06-10 05:55:50,43.2513961791992,-8.82343482971191,"Unknown"
"7014854",371863,2025-06-10 06:00:48,43.2517166137695,-8.82298564910889,"Unknown"
"7014854",371863,2025-06-10 06:05:48,43.2516555786133,-8.82310676574707,"Unknown"
"7014854",371863,2025-06-10 06:10:49,43.2515602111816,-8.8232593536377,"Unknown"
"7014854",371863,2025-06-10 06:15:52,43.2518081665039,-8.82351684570312,"Unknown"
"7014854",371863,2025-06-10 06:20:48,43.2516784667969,-8.82383632659912,"Unknown"
"7014854",371863,2025-06-10 06:25:51,43.2516632080078,-8.82361221313477,"Unknown"
"7014854",371863,2025-06-10 06:30:51,43.251781463623,-8.82383251190186,"Unknown"
"7014854",371863,2025-06-10 06:35:55,43.2518196105957,-8.82359504699707,"Unknown"
"7014854",371863,2025-06-10 06:40:52,43.2510299682617,-8.82430744171143,"Unknown"
"7014854",371863,2025-06-10 06:46:14,43.2508811950684,-8.8246374130249,"Unknown"
"7014854",371863,2025-06-10 06:50:51,43.251106262207,-8.82446193695068,"Unknown"
"7014854",371863,2025-06-10 06:55:54,43.2505798339844,-8.82432842254639,"Unknown"
"7014854",371863,2025-06-10 07:00:48,43.2516937255859,-8.8277587890625,"Unknown"
"7014854",371863,2025-06-10 07:05:48,43.2607841491699,-8.83169364929199,"Unknown"
"7014854",371863,2025-06-10 07:10:52,43.261157989502,-8.83132934570312,"Unknown"
"7014854",371863,2025-06-10 07:15:51,43.2638473510742,-8.83541202545166,"Unknown"
"7014854",371863,2025-06-10 07:20:51,43.2638702392578,-8.83524894714355,"Unknown"
"7014854",371863,2025-06-10 07:25:56,43.264347076416,-8.83706760406494,"Unknown"
"7014854",371863,2025-06-10 07:30:55,43.2644805908203,-8.83707332611084,"Unknown"
"7014854",371863,2025-06-10 07:36:14,43.2644271850586,-8.83657073974609,"Unknown"
"7014854",371863,2025-06-10 07:40:55,43.2647171020508,-8.83727169036865,"Unknown"
"7014854",371863,2025-06-10 07:45:58,43.2650032043457,-8.83587646484375,"Unknown"
"7014854",371863,2025-06-10 07:50:50,43.2650527954102,-8.83589458465576,"Unknown"
"7014854",371863,2025-06-10 07:56:10,43.265022277832,-8.83571147918701,"Unknown"
"7014854",371863,2025-06-10 08:00:58,43.264778137207,-8.83558559417725,"Unknown"
"7014854",371863,2025-06-10 08:05:55,43.2649993896484,-8.83552837371826,"Unknown"
"7014854",371863,2025-06-10 08:10:50,43.2646942138672,-8.83481979370117,"Unknown"
"7014854",371863,2025-06-10 08:15:53,43.2648658752441,-8.83524417877197,"Unknown"
"7014854",371863,2025-06-10 08:20:52,43.2660522460938,-8.83377265930176,"Unknown"
"7014854",371863,2025-06-10 08:25:52,43.2753639221191,-8.84417343139648,"Unknown"
"7014854",371863,2025-06-10 08:30:50,43.2865524291992,-8.84508800506592,"Unknown"
"7014854",371863,2025-06-10 08:35:54,43.294261932373,-8.84044742584229,"Unknown"
"7014854",371863,2025-06-10 08:40:56,43.2944107055664,-8.84010028839111,"Unknown"
"7014854",371863,2025-06-10 08:46:23,43.2943572998047,-8.83989810943604,"Unknown"
"7014854",371863,2025-06-10 08:50:58,43.294376373291,-8.8399600982666,"Unknown"
"7014854",371863,2025-06-10 08:55:53,43.2944221496582,-8.83986377716064,"Unknown"
"7014854",371863,2025-06-10 09:00:53,43.2944183349609,-8.83984088897705,"Unknown"
"7014854",371863,2025-06-10 09:05:52,43.2944374084473,-8.83983898162842,"Unknown"
"7014854",371863,2025-06-10 09:11:01,43.2943687438965,-8.83918571472168,"Unknown"
"7014854",371863,2025-06-10 09:15:53,43.2944717407227,-8.83991813659668,"Unknown"
"7014854",371863,2025-06-10 09:20:52,43.2945213317871,-8.8400936126709,"Unknown"
"7014854",371863,2025-06-10 09:25:53,43.2944488525391,-8.83998775482178,"Unknown"
"7014854",371863,2025-06-10 09:30:51,43.29443359375,-8.83994293212891,"Unknown"
"7014854",371863,2025-06-10 09:36:14,43.2943954467773,-8.83988952636719,"Unknown"
"7014854",371863,2025-06-10 09:40:54,43.2943916320801,-8.83995723724365,"Unknown"
"7014854",371863,2025-06-10 09:45:51,43.2944488525391,-8.83997249603271,"Unknown"
"7014854",371863,2025-06-10 09:51:19,43.29443359375,-8.83980751037598,"Unknown"
"7014854",371863,2025-06-10 09:55:49,43.2943344116211,-8.83965110778809,"Unknown"
"7014854",371863,2025-06-10 10:01:12,43.2943572998047,-8.83977794647217,"Unknown"
"7014854",371863,2025-06-10 10:05:50,43.2944145202637,-8.83980369567871,"Unknown"
"7014854",371863,2025-06-10 10:10:54,43.2942924499512,-8.83970737457275,"Unknown"
"7014854",371863,2025-06-10 10:15:54,43.2942428588867,-8.83971977233887,"Unknown"
"7014854",371863,2025-06-10 10:21:07,43.2943725585938,-8.83980751037598,"Unknown"
"7014854",371863,2025-06-10 10:25:58,43.2941970825195,-8.83956146240234,"Unknown"
"7014854",371863,2025-06-10 10:30:52,43.2892379760742,-8.83897495269775,"Unknown"
"7014854",371863,2025-06-10 10:35:50,43.2847518920898,-8.83009815216064,"Unknown"
"7014854",371863,2025-06-10 10:40:49,43.2665214538574,-8.82991886138916,"Unknown"
"7014854",371863,2025-06-10 10:46:14,43.2550201416016,-8.82628536224365,"Unknown"
"7014854",371863,2025-06-10 10:50:48,43.2360725402832,-8.83413505554199,"Unknown"
"7014854",371863,2025-06-10 10:55:48,43.2288627624512,-8.83853340148926,"Unknown"
"7014854",371863,2025-06-10 11:00:49,43.2153549194336,-8.843505859375,"Unknown"
"7014854",371863,2025-06-10 11:05:47,43.1787948608398,-8.86320686340332,"Unknown"
"7014854",371863,2025-06-10 11:10:48,43.171703338623,-8.86456203460693,"Unknown"
"7014854",371863,2025-06-10 11:15:48,43.1673965454102,-8.87488269805908,"Unknown"
"7014854",371863,2025-06-10 11:20:48,43.1590385437012,-8.87223720550537,"Unknown"
"7014854",371863,2025-06-10 11:25:53,43.1743431091309,-8.87054252624512,"Unknown"
"7014854",371863,2025-06-10 11:31:14,43.1956901550293,-8.88596153259277,"Unknown"
"7014854",371863,2025-06-10 11:35:49,43.2112846374512,-8.88607311248779,"Unknown"
"7014854",371863,2025-06-10 11:40:48,43.2314033508301,-8.88956737518311,"Unknown"
"7014854",371863,2025-06-10 11:45:51,43.2524719238281,-8.89028644561768,"Unknown"
"7014854",371863,2025-06-10 11:50:50,43.2653923034668,-8.89236640930176,"Unknown"
"7014854",371863,2025-06-10 11:55:53,43.2813262939453,-8.88401508331299,"Unknown"
"7014854",371863,2025-06-10 12:01:23,43.2908363342285,-8.85816955566406,"Unknown"
"7014854",371863,2025-06-10 12:05:47,43.2933044433594,-8.84748554229736,"Unknown"
"7014854",371863,2025-06-10 12:10:47,43.285587310791,-8.83757972717285,"Unknown"
"7014854",371863,2025-06-10 12:15:48,43.2652282714844,-8.83154392242432,"Unknown"
"7014854",371863,2025-06-10 12:20:47,43.2484092712402,-8.82162570953369,"Unknown"
"7014854",371863,2025-06-10 12:25:47,43.2410888671875,-8.81247234344482,"Unknown"
"7014854",371863,2025-06-10 12:30:48,43.2314910888672,-8.8014087677002,"Unknown"
"7014854",371863,2025-06-10 12:35:49,43.2198257446289,-8.77308464050293,"Unknown"
"7014854",371863,2025-06-10 12:40:49,43.2222213745117,-8.77749633789062,"Unknown"
"7014854",371863,2025-06-10 12:45:50,43.2408866882324,-8.74980735778809,"Unknown"
"7014854",371863,2025-06-10 12:50:50,43.2448921203613,-8.74459266662598,"Unknown"
"7014854",371863,2025-06-10 12:56:50,43.2549285888672,-8.75616645812988,"Unknown"
"7014854",371863,2025-06-10 13:01:35,43.2548904418945,-8.7561149597168,"Unknown"
"7014854",371863,2025-06-10 13:05:49,43.2546081542969,-8.75610733032227,"Unknown"
"7014854",371863,2025-06-10 13:10:52,43.2547454833984,-8.75640392303467,"Unknown"
"7014854",371863,2025-06-10 13:15:53,43.2552528381348,-8.75680923461914,"Unknown"
"7014854",371863,2025-06-10 13:20:51,43.2551727294922,-8.75672245025635,"Unknown"
"7014854",371863,2025-06-10 13:26:00,43.2549018859863,-8.75608062744141,"Unknown"
"7014854",371863,2025-06-10 13:31:06,43.2551460266113,-8.7564115524292,"Unknown"
"7014854",371863,2025-06-10 13:35:50,43.2462158203125,-8.72886943817139,"Unknown"
"7014854",371863,2025-06-10 13:40:58,43.2434997558594,-8.70805549621582,"Unknown"
"7014854",371863,2025-06-10 13:46:23,43.2461395263672,-8.71822929382324,"Unknown"
"7014854",371863,2025-06-10 13:50:49,43.2480316162109,-8.71586322784424,"Unknown"
"7014854",371863,2025-06-10 13:55:51,43.2553520202637,-8.74558258056641,"Unknown"
"7014854",371863,2025-06-10 14:00:50,43.2646102905273,-8.76958465576172,"Unknown"
"7014854",371863,2025-06-10 14:05:50,43.2650108337402,-8.77131080627441,"Unknown"
"7014854",371863,2025-06-10 14:10:54,43.265567779541,-8.77096748352051,"Unknown"
"7014854",371863,2025-06-10 14:15:53,43.2654571533203,-8.77115249633789,"Unknown"
"7014854",371863,2025-06-10 14:20:49,43.2824592590332,-8.78591823577881,"Unknown"
"7014854",371863,2025-06-10 14:25:52,43.2825241088867,-8.78579521179199,"Unknown"
"7014854",371863,2025-06-10 14:30:50,43.2837982177734,-8.78903198242188,"Unknown"
"7014854",371863,2025-06-10 14:35:52,43.2839126586914,-8.78897953033447,"Unknown"
"7014854",371863,2025-06-10 14:40:50,43.2845230102539,-8.78939723968506,"Unknown"
"7014854",371863,2025-06-10 14:45:50,43.3043518066406,-8.81195545196533,"Unknown"
"7014854",371863,2025-06-10 14:50:49,43.3327598571777,-8.82535457611084,"Unknown"
"7014854",371863,2025-06-10 14:55:56,43.3567199707031,-8.83772373199463,"Unknown"
"7014854",371863,2025-06-10 15:00:49,43.360279083252,-8.84101676940918,"Unknown"
"7014854",371863,2025-06-10 15:05:50,43.3602600097656,-8.84109878540039,"Unknown"
"7014854",371863,2025-06-10 15:10:49,43.3603363037109,-8.84101295471191,"Unknown"
"7014854",371863,2025-06-10 15:15:52,43.3602752685547,-8.84097290039062,"Unknown"
"7014854",371863,2025-06-10 15:20:49,43.3603363037109,-8.84101104736328,"Unknown"
"7014854",371863,2025-06-10 15:25:49,43.3602333068848,-8.84080600738525,"Unknown"
"7014854",371863,2025-06-10 15:30:49,43.3603477478027,-8.84104347229004,"Unknown"
"7014854",371863,2025-06-10 15:35:58,43.3603096008301,-8.84110927581787,"Unknown"
"7014854",371863,2025-06-10 15:41:14,43.360294342041,-8.84106922149658,"Unknown"
"7014854",371863,2025-06-10 15:45:53,43.3604164123535,-8.842209815979,"Unknown"
"7014854",371863,2025-06-10 15:51:00,43.3601493835449,-8.84075260162354,"Unknown"
"7014854",371863,2025-06-10 15:55:51,43.3602256774902,-8.84087753295898,"Unknown"
"7014854",371863,2025-06-10 16:00:58,43.3602714538574,-8.8410062789917,"Unknown"
"7014854",371863,2025-06-10 16:05:52,43.3603782653809,-8.84130859375,"Unknown"
"7014854",371863,2025-06-10 16:10:55,43.3599395751953,-8.84026145935059,"Unknown"
"7014854",371863,2025-06-10 16:15:57,43.3603057861328,-8.84086799621582,"Unknown"
"7014854",371863,2025-06-10 16:20:53,43.3597221374512,-8.8405179977417,"Unknown"
"7014854",371863,2025-06-10 16:26:10,43.3603134155273,-8.84098052978516,"Unknown"
"7014854",371863,2025-06-10 16:31:07,43.3602523803711,-8.84089279174805,"Unknown"
"7014854",371863,2025-06-10 16:36:13,43.3602256774902,-8.84090042114258,"Unknown"
"7014854",371863,2025-06-10 16:40:50,43.3602714538574,-8.84077644348145,"Unknown"
"7014854",371863,2025-06-10 16:45:52,43.3603630065918,-8.84104633331299,"Unknown"
"7014854",371863,2025-06-10 16:50:57,43.360466003418,-8.84121417999268,"Unknown"
"7014854",371863,2025-06-10 16:55:57,43.3603439331055,-8.84109306335449,"Unknown"
"7014854",371863,2025-06-10 17:01:21,43.3603096008301,-8.84099864959717,"Unknown"
"7014854",371863,2025-06-10 17:05:49,43.3602905273438,-8.84098815917969,"Unknown"
"7014854",371863,2025-06-10 17:10:49,43.3602333068848,-8.84100341796875,"Unknown"
"7014854",371863,2025-06-10 17:15:49,43.3602905273438,-8.84094524383545,"Unknown"
"7014854",371863,2025-06-10 17:20:50,43.3602447509766,-8.84100437164307,"Unknown"
"7014854",371863,2025-06-10 17:25:49,43.3603248596191,-8.8409423828125,"Unknown"
"7014854",371863,2025-06-10 17:30:49,43.3602867126465,-8.84095191955566,"Unknown"
"7014854",371863,2025-06-10 17:35:49,43.3602523803711,-8.84096336364746,"Unknown"
"7014854",371863,2025-06-10 17:40:49,43.3602600097656,-8.84097385406494,"Unknown"
"7014854",371863,2025-06-10 17:45:49,43.3603096008301,-8.84091186523438,"Unknown"
"7014854",371863,2025-06-10 17:50:49,43.3602638244629,-8.84095478057861,"Unknown"
"7014854",371863,2025-06-10 17:55:49,43.3602752685547,-8.84099960327148,"Unknown"
"7014854",371863,2025-06-10 18:01:15,43.360294342041,-8.84091281890869,"Unknown"
"7014854",371863,2025-06-10 18:05:52,43.3603057861328,-8.84087562561035,"Unknown"
"7014854",371863,2025-06-10 18:10:52,43.3602027893066,-8.84096717834473,"Unknown"
"7014854",371863,2025-06-10 18:15:52,43.3602294921875,-8.8409481048584,"Unknown"
"7014854",371863,2025-06-10 18:20:54,43.3603630065918,-8.84096908569336,"Unknown"
"7014854",371863,2025-06-10 18:25:53,43.3603363037109,-8.84097194671631,"Unknown"
"7014854",371863,2025-06-10 18:30:59,43.3603057861328,-8.84099197387695,"Unknown"
"7014854",371863,2025-06-10 18:36:00,43.3605880737305,-8.8411693572998,"Unknown"
"7014854",371863,2025-06-10 18:41:09,43.3604125976562,-8.84107398986816,"Unknown"
"7014854",371863,2025-06-10 18:46:15,43.3601951599121,-8.84097862243652,"Unknown"
"7014854",371863,2025-06-10 18:50:49,43.3601493835449,-8.84099864959717,"Unknown"
"7014854",371863,2025-06-10 18:55:49,43.360237121582,-8.84109783172607,"Unknown"
"7014854",371863,2025-06-10 19:00:49,43.3601913452148,-8.84095859527588,"Unknown"
"7014854",371863,2025-06-10 19:05:52,43.3601989746094,-8.8409481048584,"Unknown"
"7014854",371863,2025-06-10 19:10:51,43.3602142333984,-8.84099864959717,"Unknown"
"7014854",371863,2025-06-10 19:15:51,43.3603134155273,-8.84096050262451,"Unknown"
"7014854",371863,2025-06-10 19:20:55,43.3601150512695,-8.84102535247803,"Unknown"
"7014854",371863,2025-06-10 19:25:59,43.3595504760742,-8.84138107299805,"Unknown"
"7014854",371863,2025-06-10 19:31:15,43.3601455688477,-8.84097576141357,"Unknown"
"7014854",371863,2025-06-10 19:35:52,43.3601760864258,-8.84110546112061,"Unknown"
"7014854",371863,2025-06-10 19:40:53,43.3602066040039,-8.8408374786377,"Unknown"
"7014854",371863,2025-06-10 19:45:51,43.3601989746094,-8.8409948348999,"Unknown"
"7014854",371863,2025-06-10 19:50:52,43.3602600097656,-8.84106922149658,"Unknown"
"7014854",371863,2025-06-10 19:55:53,43.3602066040039,-8.84082794189453,"Unknown"
"7014854",371863,2025-06-10 20:00:53,43.3603401184082,-8.84089946746826,"Unknown"
"7014854",371863,2025-06-10 20:05:55,43.3602752685547,-8.8410587310791,"Unknown"
"7014854",371863,2025-06-10 20:10:53,43.3602027893066,-8.84157943725586,"Unknown"
"7014854",371863,2025-06-10 20:16:15,43.3603096008301,-8.84116840362549,"Unknown"
"7014854",371863,2025-06-10 20:20:58,43.3602752685547,-8.84106063842773,"Unknown"
"7014854",371863,2025-06-10 20:26:00,43.3602752685547,-8.84102725982666,"Unknown"
"7014854",371863,2025-06-10 20:30:53,43.3602294921875,-8.84139633178711,"Unknown"
"7014854",371863,2025-06-10 20:35:57,43.3602256774902,-8.8409423828125,"Unknown"
"7014854",371863,2025-06-10 20:41:00,43.3602561950684,-8.84096622467041,"Unknown"
"7014854",371863,2025-06-10 20:46:15,43.3602180480957,-8.84089851379395,"Unknown"
"7014854",371863,2025-06-10 20:50:57,43.3601417541504,-8.84074211120605,"Unknown"
"7014854",371863,2025-06-10 20:56:00,43.3601493835449,-8.84081363677979,"Unknown"
"7014854",371863,2025-06-10 21:01:00,43.360107421875,-8.84102630615234,"Unknown"
"7014854",371863,2025-06-10 21:06:03,43.3601112365723,-8.84149742126465,"Unknown"
"7014854",371863,2025-06-10 21:11:00,43.3599510192871,-8.84151458740234,"Unknown"
"7014854",371863,2025-06-10 21:16:00,43.3599472045898,-8.84141063690186,"Unknown"
"7014854",371863,2025-06-10 21:21:03,43.359977722168,-8.84140968322754,"Unknown"
"7014854",371863,2025-06-10 21:26:05,43.3598899841309,-8.84167957305908,"Unknown"
"7014854",371863,2025-06-10 21:31:23,43.3600578308105,-8.84083271026611,"Unknown"
"7014854",371863,2025-06-10 21:35:49,43.3598823547363,-8.84113216400146,"Unknown"
"7014854",371863,2025-06-10 21:40:53,43.3600578308105,-8.84091281890869,"Unknown"
"7014854",371863,2025-06-10 21:45:51,43.3599281311035,-8.8410177230835,"Unknown"
"7014854",371863,2025-06-10 21:50:51,43.3601951599121,-8.84086990356445,"Unknown"
"7014854",371863,2025-06-10 21:55:52,43.3603668212891,-8.84071922302246,"Unknown"
"7014854",371863,2025-06-10 22:01:08,43.3601760864258,-8.84081268310547,"Unknown"
"7014854",371863,2025-06-10 22:05:51,43.3601188659668,-8.84085464477539,"Unknown"
"7014854",371863,2025-06-10 22:11:00,43.3604583740234,-8.84088611602783,"Unknown"
"7014854",371863,2025-06-10 22:15:50,43.3603744506836,-8.84083461761475,"Unknown"
"7014854",371863,2025-06-10 22:20:51,43.3603553771973,-8.84100437164307,"Unknown"
"7014854",371863,2025-06-10 22:25:50,43.3602256774902,-8.840989112854,"Unknown"
"7014854",371863,2025-06-10 22:30:51,43.3604164123535,-8.84106063842773,"Unknown"
"7014854",371863,2025-06-10 22:35:51,43.3603858947754,-8.84123229980469,"Unknown"
"7014854",371863,2025-06-10 22:40:52,43.3605003356934,-8.84170150756836,"Unknown"
"7014854",371863,2025-06-10 22:45:57,43.3601303100586,-8.84092712402344,"Unknown"
"7014854",371863,2025-06-10 22:51:06,43.3604774475098,-8.8409595489502,"Unknown"
"7014854",371863,2025-06-10 22:55:55,43.3602333068848,-8.84095573425293,"Unknown"
"7014854",371863,2025-06-10 23:00:52,43.3600883483887,-8.84048938751221,"Unknown"
"7014854",371863,2025-06-10 23:05:53,43.3601875305176,-8.84164333343506,"Unknown"
"7014854",371863,2025-06-10 23:10:54,43.3603439331055,-8.84143924713135,"Unknown"
"7014854",371863,2025-06-10 23:15:54,43.3602523803711,-8.84164714813232,"Unknown"
"7014854",371863,2025-06-10 23:20:50,43.360221862793,-8.84138298034668,"Unknown"
"7014854",371863,2025-06-10 23:25:50,43.3602638244629,-8.84125423431396,"Unknown"
"7014854",371863,2025-06-10 23:30:51,43.3602447509766,-8.84124279022217,"Unknown"
"7014854",371863,2025-06-10 23:36:20,43.3602828979492,-8.84094429016113,"Unknown"
"7014854",371863,2025-06-10 23:40:50,43.3603096008301,-8.84095287322998,"Unknown"
"7014854",371863,2025-06-10 23:45:50,43.3603286743164,-8.84088516235352,"Unknown"
"7014854",371863,2025-06-10 23:50:50,43.3602828979492,-8.84096908569336,"Unknown"
"7014854",371863,2025-06-10 23:55:49,43.3602600097656,-8.84094142913818,"Unknown"
"7014854",371863,2025-06-11 00:00:49,43.3602447509766,-8.84091949462891,"Unknown"
"7014854",371863,2025-06-11 00:05:51,43.3602828979492,-8.84089756011963,"Unknown"
"7014854",371863,2025-06-11 00:10:50,43.3602523803711,-8.84089374542236,"Unknown"
"7014854",371863,2025-06-11 00:15:49,43.3603172302246,-8.84089183807373,"Unknown"
"7014854",371863,2025-06-11 00:20:50,43.3602447509766,-8.8409309387207,"Unknown"
"7014854",371863,2025-06-11 00:25:49,43.3602561950684,-8.84086322784424,"Unknown"
"7014854",371863,2025-06-11 00:30:50,43.3602752685547,-8.84095001220703,"Unknown"
"7014854",371863,2025-06-11 00:35:49,43.3602828979492,-8.84088134765625,"Unknown"
"7014854",371863,2025-06-11 00:40:49,43.360237121582,-8.84090328216553,"Unknown"
"7014854",371863,2025-06-11 00:45:52,43.3602752685547,-8.84091472625732,"Unknown"
"7014854",371863,2025-06-11 00:51:06,43.3602600097656,-8.84089756011963,"Unknown"
"7014854",371863,2025-06-11 00:55:51,43.3602905273438,-8.84092903137207,"Unknown"
"7014854",371863,2025-06-11 01:01:15,43.3603668212891,-8.84103965759277,"Unknown"
"7014854",371863,2025-06-11 01:06:14,43.360279083252,-8.84082412719727,"Unknown"
"7014854",371863,2025-06-11 01:10:50,43.3603248596191,-8.840989112854,"Unknown"
"7014854",371863,2025-06-11 01:15:55,43.3602981567383,-8.84097003936768,"Unknown"
"7014854",371863,2025-06-11 01:20:50,43.360466003418,-8.84089279174805,"Unknown"
"7014854",371863,2025-06-11 01:26:00,43.3603401184082,-8.84091567993164,"Unknown"
"7014854",371863,2025-06-11 01:30:57,43.3603019714355,-8.84086036682129,"Unknown"
"7014854",371863,2025-06-11 01:35:52,43.3602638244629,-8.84089374542236,"Unknown"
"7014854",371863,2025-06-11 01:41:00,43.3603439331055,-8.84106254577637,"Unknown"
"7014854",371863,2025-06-11 01:46:15,43.3603363037109,-8.84093952178955,"Unknown"
"7014854",371863,2025-06-11 01:50:50,43.3603324890137,-8.84089279174805,"Unknown"
"7014854",371863,2025-06-11 01:55:52,43.3596534729004,-8.84097099304199,"Unknown"
"7014854",371863,2025-06-11 02:00:53,43.3597984313965,-8.84088134765625,"Unknown"
"7014854",371863,2025-06-11 02:05:53,43.3606262207031,-8.84099197387695,"Unknown"
"7014854",371863,2025-06-11 02:10:51,43.3605117797852,-8.84096622467041,"Unknown"
"7014854",371863,2025-06-11 02:15:53,43.3605690002441,-8.84097957611084,"Unknown"
"7014854",371863,2025-06-11 02:20:52,43.3602180480957,-8.84093952178955,"Unknown"
"7014854",371863,2025-06-11 02:25:52,43.3605041503906,-8.84107208251953,"Unknown"
"7014854",371863,2025-06-11 02:31:15,43.3602714538574,-8.84090518951416,"Unknown"
"7014854",371863,2025-06-11 02:35:58,43.3602256774902,-8.8408899307251,"Unknown"
"7014854",371863,2025-06-11 02:41:00,43.3603019714355,-8.84097957611084,"Unknown"
"7014854",371863,2025-06-11 02:46:00,43.3602981567383,-8.8409423828125,"Unknown"
"7014854",371863,2025-06-11 02:51:00,43.3603172302246,-8.84099292755127,"Unknown"
"7014854",371863,2025-06-11 02:56:00,43.3601951599121,-8.84095764160156,"Unknown"
"7014854",371863,2025-06-11 03:01:00,43.3603439331055,-8.84109020233154,"Unknown"
"7014854",371863,2025-06-11 03:06:00,43.3602180480957,-8.84095191955566,"Unknown"
"7014854",371863,2025-06-11 03:11:03,43.3603782653809,-8.84106254577637,"Unknown"
"7014854",371863,2025-06-11 03:16:15,43.3602561950684,-8.84111404418945,"Unknown"
"7014854",371863,2025-06-11 03:20:50,43.3603439331055,-8.84096717834473,"Unknown"
"7014854",371863,2025-06-11 03:25:49,43.360164642334,-8.84103679656982,"Unknown"
"7014854",371863,2025-06-11 03:30:52,43.3600730895996,-8.84116458892822,"Unknown"
"7014854",371863,2025-06-11 03:36:00,43.3602409362793,-8.84093379974365,"Unknown"
"7014854",371863,2025-06-11 03:40:50,43.3599128723145,-8.8412389755249,"Unknown"
"7014854",371863,2025-06-11 03:46:15,43.3601989746094,-8.84097576141357,"Unknown"
"7014854",371863,2025-06-11 03:50:52,43.3601913452148,-8.84112167358398,"Unknown"
"7014854",371863,2025-06-11 03:56:00,43.360710144043,-8.84080219268799,"Unknown"
"7014854",371863,2025-06-11 04:01:00,43.3603897094727,-8.84090232849121,"Unknown"
"7014854",371863,2025-06-11 04:06:14,43.3604850769043,-8.84098052978516,"Unknown"
"7014854",371863,2025-06-11 04:10:51,43.3600730895996,-8.84123229980469,"Unknown"
"7014854",371863,2025-06-11 04:15:57,43.3602333068848,-8.84091567993164,"Unknown"
"7014854",371863,2025-06-11 04:20:51,43.360164642334,-8.84091472625732,"Unknown"
"7014854",371863,2025-06-11 04:25:54,43.3602867126465,-8.84089183807373,"Unknown"
"7014854",371863,2025-06-11 04:31:17,43.3601531982422,-8.84092044830322,"Unknown"
"7014854",371863,2025-06-11 04:35:55,43.3603630065918,-8.84092330932617,"Unknown"
"7014854",371863,2025-06-11 04:40:53,43.3603248596191,-8.84089756011963,"Unknown"
"7014854",371863,2025-06-11 04:46:06,43.3597717285156,-8.84091854095459,"Unknown"
"7014854",371863,2025-06-11 04:51:15,43.3602981567383,-8.8410062789917,"Unknown"
"7014854",371863,2025-06-11 04:55:50,43.3605613708496,-8.8404369354248,"Unknown"
"7014854",371863,2025-06-11 05:00:54,43.3602523803711,-8.84110736846924,"Unknown"
"7014854",371863,2025-06-11 05:05:51,43.3602676391602,-8.84122562408447,"Unknown"
"7014854",371863,2025-06-11 05:10:53,43.360279083252,-8.84117412567139,"Unknown"
"7014854",371863,2025-06-11 05:16:01,43.3603172302246,-8.84099388122559,"Unknown"
"7014854",371863,2025-06-11 05:21:00,43.3604164123535,-8.84091186523438,"Unknown"
"7014854",371863,2025-06-11 05:25:52,43.3603286743164,-8.84103393554688,"Unknown"
"7014854",371863,2025-06-11 05:30:54,43.3606834411621,-8.84022617340088,"Unknown"
"7014854",371863,2025-06-11 05:36:00,43.3604125976562,-8.84095668792725,"Unknown"
"7014854",371863,2025-06-11 05:41:00,43.3604507446289,-8.84088134765625,"Unknown"
"7014854",371863,2025-06-11 05:46:20,43.3602867126465,-8.84085369110107,"Unknown"
"7014854",371863,2025-06-11 05:50:50,43.3602600097656,-8.84090995788574,"Unknown"
"7014854",371863,2025-06-11 05:55:49,43.3602104187012,-8.84091949462891,"Unknown"
"7014854",371863,2025-06-11 06:00:50,43.3602752685547,-8.84099388122559,"Unknown"
"7014854",371863,2025-06-11 06:05:50,43.3601760864258,-8.8409309387207,"Unknown"
"7014854",371863,2025-06-11 06:10:50,43.360237121582,-8.84102535247803,"Unknown"
"7014854",371863,2025-06-11 06:15:50,43.3601417541504,-8.84106254577637,"Unknown"
"7014854",371863,2025-06-11 06:20:50,43.360164642334,-8.84098339080811,"Unknown"
"7014854",371863,2025-06-11 06:25:49,43.3602180480957,-8.84102249145508,"Unknown"
"7014854",371863,2025-06-11 06:30:49,43.3602256774902,-8.84092998504639,"Unknown"
"7014854",371863,2025-06-11 06:35:50,43.3602561950684,-8.84102439880371,"Unknown"
"7014854",371863,2025-06-11 06:40:50,43.3603477478027,-8.84107398986816,"Unknown"
"7014854",371863,2025-06-11 06:45:50,43.3602027893066,-8.84091663360596,"Unknown"
"7014854",371863,2025-06-11 06:50:50,43.3603439331055,-8.84109973907471,"Unknown"
"7014854",371863,2025-06-11 06:55:50,43.3603286743164,-8.84100151062012,"Unknown"
"7014854",371863,2025-06-11 07:00:50,43.3601951599121,-8.84079360961914,"Unknown"
"7014854",371863,2025-06-11 07:05:53,43.3603248596191,-8.84103107452393,"Unknown"
"7014854",371863,2025-06-11 07:11:00,43.3602523803711,-8.84089374542236,"Unknown"
"7014854",371863,2025-06-11 07:15:51,43.3601760864258,-8.84076309204102,"Unknown"
"7014854",371863,2025-06-11 07:21:00,43.3603057861328,-8.84091186523438,"Unknown"
"7014854",371863,2025-06-11 07:26:12,43.3601989746094,-8.84091949462891,"Unknown"
"7014854",371863,2025-06-11 07:30:51,43.3604278564453,-8.84121322631836,"Unknown"
"7014854",371863,2025-06-11 07:35:55,43.3603210449219,-8.84093761444092,"Unknown"
"7014854",371863,2025-06-11 07:41:00,43.3603935241699,-8.84090518951416,"Unknown"
"7014854",371863,2025-06-11 07:46:14,43.360294342041,-8.84094142913818,"Unknown"
"7014854",371863,2025-06-11 07:50:53,43.3602180480957,-8.84064292907715,"Unknown"
"7014854",371863,2025-06-11 07:55:54,43.3601036071777,-8.84037303924561,"Unknown"
"7014854",371863,2025-06-11 08:00:55,43.3601684570312,-8.84120845794678,"Unknown"
"7014854",371863,2025-06-11 08:05:57,43.3602294921875,-8.840989112854,"Unknown"
"7014854",371863,2025-06-11 08:11:00,43.3601875305176,-8.84101486206055,"Unknown"
"7014854",371863,2025-06-11 08:16:00,43.3602066040039,-8.8412504196167,"Unknown"
"7014854",371863,2025-06-11 08:21:00,43.3602027893066,-8.84129810333252,"Unknown"
"7014854",371863,2025-06-11 08:25:59,43.360221862793,-8.84119129180908,"Unknown"
"7014854",371863,2025-06-11 08:31:15,43.3602409362793,-8.84100151062012,"Unknown"
"7014854",371863,2025-06-11 08:35:50,43.3601722717285,-8.84090137481689,"Unknown"
"7014854",371863,2025-06-11 08:40:53,43.3603973388672,-8.84129905700684,"Unknown"
"7014854",371863,2025-06-11 08:45:53,43.3603553771973,-8.84128570556641,"Unknown"
"7014854",371863,2025-06-11 08:50:54,43.3602600097656,-8.84106636047363,"Unknown"
"7014854",371863,2025-06-11 08:55:54,43.3603172302246,-8.84126377105713,"Unknown"
"7014854",371863,2025-06-11 09:00:54,43.3601989746094,-8.84099388122559,"Unknown"
"7014854",371863,2025-06-11 09:06:00,43.360179901123,-8.8410062789917,"Unknown"
"7014854",371863,2025-06-11 09:10:59,43.3603019714355,-8.84113788604736,"Unknown"
"7014854",371863,2025-06-11 09:16:14,43.3603096008301,-8.8408842086792,"Unknown"
"7014854",371863,2025-06-11 09:20:53,43.3603515625,-8.84103488922119,"Unknown"
"7014854",371863,2025-06-11 09:25:53,43.3604583740234,-8.841233253479,"Unknown"
"7014854",371863,2025-06-11 09:30:54,43.3603668212891,-8.84110736846924,"Unknown"
"7014854",371863,2025-06-11 09:35:54,43.3602905273438,-8.84103107452393,"Unknown"
"7014854",371863,2025-06-11 09:41:10,43.3605117797852,-8.84095573425293,"Unknown"
"7014854",371863,2025-06-11 09:46:23,43.3602104187012,-8.84102725982666,"Unknown"
"7014854",371863,2025-06-11 09:50:51,43.3601226806641,-8.84081077575684,"Unknown"
"7014854",371863,2025-06-11 09:55:55,43.360408782959,-8.84088802337646,"Unknown"
"7014854",371863,2025-06-11 10:00:54,43.360034942627,-8.84137058258057,"Unknown"
"7014854",371863,2025-06-11 10:05:55,43.3600273132324,-8.84140300750732,"Unknown"
"7014854",371863,2025-06-11 10:11:00,43.359790802002,-8.84149074554443,"Unknown"
"7014854",371863,2025-06-11 10:15:52,43.360050201416,-8.84131526947021,"Unknown"
"7014854",371863,2025-06-11 10:20:51,43.3600234985352,-8.84135055541992,"Unknown"
"7014854",371863,2025-06-11 10:26:00,43.3599815368652,-8.8411750793457,"Unknown"
"7014854",371863,2025-06-11 10:31:14,43.3601379394531,-8.84100723266602,"Unknown"
"7014854",371863,2025-06-11 10:35:49,43.360050201416,-8.84083652496338,"Unknown"
"7014854",371863,2025-06-11 10:40:52,43.3601455688477,-8.84081363677979,"Unknown"
"7014854",371863,2025-06-11 10:45:52,43.360164642334,-8.84086799621582,"Unknown"
"7014854",371863,2025-06-11 10:51:00,43.3602333068848,-8.84094047546387,"Unknown"
"7014854",371863,2025-06-11 10:55:52,43.3602066040039,-8.84085273742676,"Unknown"
"7014854",371863,2025-06-11 11:00:54,43.3601684570312,-8.84088039398193,"Unknown"
"7014854",371863,2025-06-11 11:05:51,43.360221862793,-8.84097766876221,"Unknown"
"7014854",371863,2025-06-11 11:11:00,43.3603324890137,-8.84102249145508,"Unknown"
"7014854",371863,2025-06-11 11:16:15,43.3602523803711,-8.84100341796875,"Unknown"
"7014854",371863,2025-06-11 11:20:50,43.3601112365723,-8.84078788757324,"Unknown"
"7014854",371863,2025-06-11 11:26:00,43.3602600097656,-8.84092998504639,"Unknown"
"7014854",371863,2025-06-11 11:30:53,43.3601684570312,-8.84080600738525,"Unknown"
"7014854",371863,2025-06-11 11:36:00,43.3602294921875,-8.84092426300049,"Unknown"
"7014854",371863,2025-06-11 11:40:51,43.3604278564453,-8.8411979675293,"Unknown"
"7014854",371863,2025-06-11 11:46:15,43.3602638244629,-8.84099292755127,"Unknown"
"7014854",371863,2025-06-11 11:50:57,43.3603820800781,-8.84104919433594,"Unknown"
"7014854",371863,2025-06-11 11:55:54,43.3602905273438,-8.84097862243652,"Unknown"
"7014854",371863,2025-06-11 12:01:00,43.3604507446289,-8.84090805053711,"Unknown"
"7014854",371863,2025-06-11 12:06:00,43.3605346679688,-8.84088802337646,"Unknown"
"7014854",371863,2025-06-11 12:11:01,43.3605346679688,-8.8408842086792,"Unknown"
"7014854",371863,2025-06-11 12:16:02,43.3613395690918,-8.84081363677979,"Unknown"
"7014854",371863,2025-06-11 12:21:23,43.3602981567383,-8.84101867675781,"Unknown"
"7014854",371863,2025-06-11 12:25:49,43.3603210449219,-8.84097576141357,"Unknown"
"7014854",371863,2025-06-11 12:30:49,43.3603210449219,-8.84091472625732,"Unknown"
"7014854",371863,2025-06-11 12:35:50,43.3603324890137,-8.84101009368896,"Unknown"
"7014854",371863,2025-06-11 12:40:50,43.3603172302246,-8.84107494354248,"Unknown"
"7014854",371863,2025-06-11 12:45:53,43.360294342041,-8.84100151062012,"Unknown"
"7014854",371863,2025-06-11 12:50:52,43.3600120544434,-8.8405590057373,"Unknown"
"7014854",371863,2025-06-11 12:56:14,43.3603019714355,-8.84100341796875,"Unknown"
"7014854",371863,2025-06-11 13:00:49,43.3602447509766,-8.84102153778076,"Unknown"
"7014854",371863,2025-06-11 13:05:49,43.3603553771973,-8.84095001220703,"Unknown"
"7014854",371863,2025-06-11 13:10:53,43.3604431152344,-8.8409252166748,"Unknown"
"7014854",371863,2025-06-11 13:15:50,43.3602333068848,-8.84100437164307,"Unknown"
"7014854",371863,2025-06-11 13:20:50,43.3603439331055,-8.84109592437744,"Unknown"
"7014854",371863,2025-06-11 13:25:50,43.3603591918945,-8.84103202819824,"Unknown"
"7014854",371863,2025-06-11 13:30:52,43.3603935241699,-8.84104824066162,"Unknown"
"7014854",371863,2025-06-11 13:35:52,43.3603401184082,-8.84105110168457,"Unknown"
"7014854",371863,2025-06-11 13:40:50,43.3603553771973,-8.84105396270752,"Unknown"
"7014854",371863,2025-06-11 13:46:14,43.3602676391602,-8.84099960327148,"Unknown"
"7014854",371863,2025-06-11 13:50:50,43.3603706359863,-8.84098339080811,"Unknown"
"7014854",371863,2025-06-11 13:55:50,43.3601913452148,-8.84097671508789,"Unknown"
"7014854",371863,2025-06-11 14:00:52,43.3603858947754,-8.8408899307251,"Unknown"
"7014854",371863,2025-06-11 14:06:23,43.3603096008301,-8.84099578857422,"Unknown"
"7014854",371863,2025-06-11 14:10:50,43.3603096008301,-8.84097290039062,"Unknown"
"7014854",371863,2025-06-11 14:15:49,43.3601341247559,-8.84088325500488,"Unknown"
"7014854",371863,2025-06-11 14:20:49,43.3602409362793,-8.84092807769775,"Unknown"
"7014854",371863,2025-06-11 14:25:50,43.3602256774902,-8.84097099304199,"Unknown"
"7014854",371863,2025-06-11 14:30:51,43.354377746582,-8.8461446762085,"Unknown"
"7014854",371863,2025-06-11 14:35:49,43.3398857116699,-8.84634017944336,"Unknown"
"7014854",371863,2025-06-11 14:40:50,43.3256530761719,-8.84899234771729,"Unknown"
"7014854",371863,2025-06-11 14:45:52,43.314094543457,-8.85680294036865,"Unknown"
"7014854",371863,2025-06-11 14:51:14,43.3152008056641,-8.85719394683838,"Unknown"
"7014854",371863,2025-06-11 14:55:49,43.3152961730957,-8.85733032226562,"Unknown"
"7014854",371863,2025-06-11 15:00:51,43.3140716552734,-8.85674381256104,"Unknown"
"7014854",371863,2025-06-11 15:05:50,43.3141746520996,-8.85694217681885,"Unknown"
"7014854",371863,2025-06-11 15:10:49,43.3141059875488,-8.8566198348999,"Unknown"
"7014854",371863,2025-06-11 15:15:54,43.314094543457,-8.85661888122559,"Unknown"
"7014854",371863,2025-06-11 15:20:53,43.3139610290527,-8.85658168792725,"Unknown"
"7014854",371863,2025-06-11 15:26:01,43.3144378662109,-8.85711574554443,"Unknown"
"7014854",371863,2025-06-11 15:30:52,43.3225364685059,-8.84615612030029,"Unknown"
"7014854",371863,2025-06-11 15:35:52,43.3044166564941,-8.84469318389893,"Unknown"
"7014854",371863,2025-06-11 15:41:03,43.2841148376465,-8.84508609771729,"Unknown"
"7014854",371863,2025-06-11 15:46:14,43.2712898254395,-8.83021831512451,"Unknown"
"7014854",371863,2025-06-11 15:50:50,43.2605285644531,-8.82620429992676,"Unknown"
"7014854",371863,2025-06-11 15:55:51,43.2707252502441,-8.79094314575195,"Unknown"
"7014854",371863,2025-06-11 16:01:08,43.2644195556641,-8.75731754302979,"Unknown"
"7014854",371863,2025-06-11 16:05:49,43.2698364257812,-8.76486396789551,"Unknown"
"7014854",371863,2025-06-11 16:11:14,43.2679748535156,-8.76670360565186,"Unknown"
"7014854",371863,2025-06-11 16:15:51,43.2653388977051,-8.77181434631348,"Unknown"
"7014854",371863,2025-06-11 16:20:52,43.2778244018555,-8.77731132507324,"Unknown"
"7014854",371863,2025-06-11 16:25:52,43.2870292663574,-8.80937004089355,"Unknown"
"7014854",371863,2025-06-11 16:31:23,43.2870025634766,-8.81145286560059,"Unknown"
"7014854",371863,2025-06-11 16:35:49,43.2967796325684,-8.83604431152344,"Unknown"
"7014854",371863,2025-06-11 16:40:49,43.2947044372559,-8.86029434204102,"Unknown"
"7014854",371863,2025-06-11 16:46:00,43.2943687438965,-8.86150074005127,"Unknown"
"7014854",371863,2025-06-11 16:51:00,43.2943344116211,-8.8614616394043,"Unknown"
"7014854",371863,2025-06-11 16:56:00,43.2943420410156,-8.86142635345459,"Unknown"
"7014854",371863,2025-06-11 17:00:57,43.294807434082,-8.86100578308105,"Unknown"
"7014854",371863,2025-06-11 17:06:35,43.2948989868164,-8.86104583740234,"Unknown"
"7014854",371863,2025-06-11 17:10:52,43.294864654541,-8.8615608215332,"Unknown"
"7014854",371863,2025-06-11 17:15:50,43.2949867248535,-8.86110973358154,"Unknown"
"7014854",371863,2025-06-11 17:21:05,43.2949028015137,-8.86124420166016,"Unknown"
"7014854",371863,2025-06-11 17:26:00,43.2946929931641,-8.86125087738037,"Unknown"
"7014854",371863,2025-06-11 17:31:03,43.3148918151855,-8.85591602325439,"Unknown"
"7014854",371863,2025-06-11 17:36:06,43.3142127990723,-8.85670852661133,"Unknown"
"7014854",371863,2025-06-11 17:41:00,43.3145141601562,-8.85689353942871,"Unknown"
"7014854",371863,2025-06-11 17:46:00,43.3144493103027,-8.85688495635986,"Unknown"
"7014854",371863,2025-06-11 17:50:53,43.314453125,-8.85699462890625,"Unknown"
"7014854",371863,2025-06-11 17:55:53,43.3320045471191,-8.85572624206543,"Unknown"
"7014854",371863,2025-06-11 18:00:58,43.3603210449219,-8.84088802337646,"Unknown"
"7014854",371863,2025-06-11 18:06:14,43.3603057861328,-8.84090614318848,"Unknown"
"7014854",371863,2025-06-11 18:10:52,43.3603820800781,-8.84090709686279,"Unknown"
"7014854",371863,2025-06-11 18:15:52,43.3603973388672,-8.84096813201904,"Unknown"
"7014854",371863,2025-06-11 18:20:53,43.3602333068848,-8.84086322784424,"Unknown"
"7014854",371863,2025-06-11 18:25:53,43.3602485656738,-8.84082412719727,"Unknown"
"7014854",371863,2025-06-11 18:30:51,43.3602180480957,-8.84095478057861,"Unknown"
"7014854",371863,2025-06-11 18:35:50,43.3602981567383,-8.84099864959717,"Unknown"
"7014854",371863,2025-06-11 18:40:50,43.3603134155273,-8.84094715118408,"Unknown"
"7014854",371863,2025-06-11 18:46:14,43.3602523803711,-8.84091567993164,"Unknown"
"7014854",371863,2025-06-11 18:50:52,43.3602447509766,-8.8409252166748,"Unknown"
"7014854",371863,2025-06-11 18:55:51,43.360294342041,-8.84101581573486,"Unknown"
"7014854",371863,2025-06-11 19:00:50,43.3602066040039,-8.84081172943115,"Unknown"
"7014854",371863,2025-06-11 19:05:51,43.3602828979492,-8.84091663360596,"Unknown"
"7014854",371863,2025-06-11 19:10:50,43.3602447509766,-8.84091186523438,"Unknown"
"7014854",371863,2025-06-11 19:15:50,43.3602676391602,-8.84097766876221,"Unknown"
"7014854",371863,2025-06-11 19:20:51,43.3602867126465,-8.84097862243652,"Unknown"
"7014854",371863,2025-06-11 19:25:53,43.360279083252,-8.84098052978516,"Unknown"
"7014854",371863,2025-06-11 19:31:15,43.360279083252,-8.84095478057861,"Unknown"
"7014854",371863,2025-06-11 19:35:51,43.3602027893066,-8.84091758728027,"Unknown"
"7014854",371863,2025-06-11 19:40:50,43.3601303100586,-8.8408088684082,"Unknown"
"7014854",371863,2025-06-11 19:45:52,43.360221862793,-8.84080505371094,"Unknown"
"7014854",371863,2025-06-11 19:50:52,43.3602180480957,-8.84090995788574,"Unknown"
"7014854",371863,2025-06-11 19:56:01,43.3602104187012,-8.84078311920166,"Unknown"
"7014854",371863,2025-06-11 20:00:50,43.3602066040039,-8.84088611602783,"Unknown"
"7014854",371863,2025-06-11 20:06:00,43.360179901123,-8.84085083007812,"Unknown"
"7014854",371863,2025-06-11 20:11:00,43.3601989746094,-8.84084892272949,"Unknown"
"7014854",371863,2025-06-11 20:16:15,43.360179901123,-8.84084796905518,"Unknown"
"7014854",371863,2025-06-11 20:20:51,43.3601226806641,-8.84072017669678,"Unknown"
"7014854",371863,2025-06-11 20:25:54,43.360221862793,-8.84088325500488,"Unknown"
"7014854",371863,2025-06-11 20:30:50,43.3601989746094,-8.84078025817871,"Unknown"
"7014854",371863,2025-06-11 20:35:57,43.3602676391602,-8.84093856811523,"Unknown"
"7014854",371863,2025-06-11 20:40:54,43.360237121582,-8.84092998504639,"Unknown"
"7014854",371863,2025-06-11 20:46:22,43.360237121582,-8.84089946746826,"Unknown"
"7014854",371863,2025-06-11 20:50:50,43.359992980957,-8.84116554260254,"Unknown"
"7014854",371863,2025-06-11 20:55:50,43.3601760864258,-8.84099578857422,"Unknown"
"7014854",371863,2025-06-11 21:00:50,43.3600807189941,-8.84105396270752,"Unknown"
"7014854",371863,2025-06-11 21:05:52,43.3602180480957,-8.84096240997314,"Unknown"
"7014854",371863,2025-06-11 21:10:52,43.360481262207,-8.84097862243652,"Unknown"
"7014854",371863,2025-06-11 21:15:51,43.3599510192871,-8.84106349945068,"Unknown"
"7014854",371863,2025-06-11 21:20:51,43.3599433898926,-8.84100914001465,"Unknown"
"7014854",371863,2025-06-11 21:25:51,43.3599052429199,-8.84099197387695,"Unknown"
"7014854",371863,2025-06-11 21:31:14,43.3602256774902,-8.84095478057861,"Unknown"
"7014854",371863,2025-06-11 21:35:50,43.3601341247559,-8.84100341796875,"Unknown"
"7014854",371863,2025-06-11 21:40:52,43.3601036071777,-8.8409948348999,"Unknown"
"7014854",371863,2025-06-11 21:45:50,43.3601531982422,-8.84097194671631,"Unknown"
"7014854",371863,2025-06-11 21:50:51,43.3600654602051,-8.840989112854,"Unknown"
"7014854",371863,2025-06-11 21:55:54,43.3600578308105,-8.84095001220703,"Unknown"
"7014854",371863,2025-06-11 22:01:01,43.3602447509766,-8.84094047546387,"Unknown"
"7014854",371863,2025-06-11 22:05:51,43.3602905273438,-8.84091281890869,"Unknown"
"7014854",371863,2025-06-11 22:10:51,43.3603477478027,-8.84097099304199,"Unknown"
"7014854",371863,2025-06-11 22:16:14,43.3603744506836,-8.84097099304199,"Unknown"
"7014854",371863,2025-06-11 22:20:51,43.3603210449219,-8.84095191955566,"Unknown"
"7014854",371863,2025-06-11 22:25:52,43.3602867126465,-8.84097671508789,"Unknown"
"7014854",371863,2025-06-11 22:30:54,43.3602104187012,-8.84092330932617,"Unknown"
"7014854",371863,2025-06-11 22:35:54,43.3602752685547,-8.84097290039062,"Unknown"
"7014854",371863,2025-06-11 22:40:51,43.3603363037109,-8.84100818634033,"Unknown"
"7014854",371863,2025-06-11 22:46:14,43.3602828979492,-8.84085750579834,"Unknown"
"7014854",371863,2025-06-11 22:50:55,43.3602981567383,-8.84077072143555,"Unknown"
"7014854",371863,2025-06-11 22:55:57,43.3602600097656,-8.84072303771973,"Unknown"
"7014854",371863,2025-06-11 23:01:00,43.3602714538574,-8.84081649780273,"Unknown"
"7014854",371863,2025-06-11 23:06:00,43.360279083252,-8.84070205688477,"Unknown"
"7014854",371863,2025-06-11 23:11:00,43.3602828979492,-8.84111309051514,"Unknown"
"7014854",371863,2025-06-11 23:16:14,43.3602600097656,-8.84111499786377,"Unknown"
"7014854",371863,2025-06-11 23:20:59,43.3602523803711,-8.84094429016113,"Unknown"
"7014854",371863,2025-06-11 23:25:58,43.3602409362793,-8.84109497070312,"Unknown"
"7014854",371863,2025-06-11 23:30:55,43.3602600097656,-8.84085941314697,"Unknown"
"7014854",371863,2025-06-11 23:35:59,43.360279083252,-8.84081172943115,"Unknown"
"7014854",371863,2025-06-11 23:41:02,43.3602905273438,-8.84053611755371,"Unknown"
"7014854",371863,2025-06-11 23:46:17,43.360279083252,-8.84090709686279,"Unknown"
"7014854",371863,2025-06-11 23:51:15,43.3601989746094,-8.84196090698242,"Unknown"
"7014854",371863,2025-06-11 23:55:58,43.3602104187012,-8.84126377105713,"Unknown"
"7014854",371863,2025-06-12 00:01:15,43.360279083252,-8.84107875823975,"Unknown"
"7014854",371863,2025-06-12 00:06:03,43.3602180480957,-8.84112453460693,"Unknown"
"7014854",371863,2025-06-12 00:10:58,43.3602714538574,-8.84115886688232,"Unknown"
"7014854",371863,2025-06-12 00:15:57,43.3602409362793,-8.84107398986816,"Unknown"
"7014854",371863,2025-06-12 00:20:58,43.3603363037109,-8.8411111831665,"Unknown"
"7014854",371863,2025-06-12 00:26:04,43.3602676391602,-8.84113883972168,"Unknown"
"7014854",371863,2025-06-12 00:30:55,43.3603172302246,-8.84130573272705,"Unknown"
"7014854",371863,2025-06-12 00:35:50,43.3603286743164,-8.84090423583984,"Unknown"
"7014854",371863,2025-06-12 00:41:01,43.3602027893066,-8.84091377258301,"Unknown"
"7014854",371863,2025-06-12 00:46:15,43.3603439331055,-8.84103012084961,"Unknown"
"7014854",371863,2025-06-12 00:50:53,43.3602523803711,-8.84102249145508,"Unknown"
"7014854",371863,2025-06-12 00:55:54,43.3603401184082,-8.84102630615234,"Unknown"
"7014854",371863,2025-06-12 01:00:50,43.3601684570312,-8.8408670425415,"Unknown"
"7014854",371863,2025-06-12 01:05:53,43.3602600097656,-8.84093475341797,"Unknown"
"7014854",371863,2025-06-12 01:10:54,43.360408782959,-8.8411111831665,"Unknown"
"7014854",371863,2025-06-12 01:15:57,43.3601837158203,-8.84091472625732,"Unknown"
"7014854",371863,2025-06-12 01:20:50,43.3604164123535,-8.84111213684082,"Unknown"
"7014854",371863,2025-06-12 01:26:00,43.3602333068848,-8.84093379974365,"Unknown"
"7014854",371863,2025-06-12 01:31:15,43.3602638244629,-8.84086799621582,"Unknown"
"7014854",371863,2025-06-12 01:35:50,43.3602333068848,-8.84078311920166,"Unknown"
"7014854",371863,2025-06-12 01:40:57,43.3603172302246,-8.8409481048584,"Unknown"
"7014854",371863,2025-06-12 01:45:55,43.3602600097656,-8.84091663360596,"Unknown"
"7014854",371863,2025-06-12 01:51:00,43.3602409362793,-8.84084415435791,"Unknown"
"7014854",371863,2025-06-12 01:55:52,43.35986328125,-8.84028339385986,"Unknown"
"7014854",371863,2025-06-12 02:01:00,43.3602752685547,-8.84090042114258,"Unknown"
"7014854",371863,2025-06-12 02:06:02,43.3602485656738,-8.84081077575684,"Unknown"
"7014854",371863,2025-06-12 02:11:02,43.3602523803711,-8.8408374786377,"Unknown"
"7014854",371863,2025-06-12 02:16:15,43.3602752685547,-8.84092998504639,"Unknown"
"7014854",371863,2025-06-12 02:20:53,43.3602638244629,-8.84088134765625,"Unknown"
"7014854",371863,2025-06-12 02:25:51,43.3602447509766,-8.84093284606934,"Unknown"
"7014854",371863,2025-06-12 02:30:51,43.3602027893066,-8.84091758728027,"Unknown"
"7014854",371863,2025-06-12 02:35:51,43.3602905273438,-8.84100341796875,"Unknown"
"7014854",371863,2025-06-12 02:40:53,43.359920501709,-8.84118843078613,"Unknown"
"7014854",371863,2025-06-12 02:46:15,43.3602104187012,-8.84088802337646,"Unknown"
"7014854",371863,2025-06-12 02:50:58,43.3602867126465,-8.84091377258301,"Unknown"
"7014854",371863,2025-06-12 02:55:54,43.3603973388672,-8.84083652496338,"Unknown"
"7014854",371863,2025-06-12 03:00:52,43.3601837158203,-8.84104633331299,"Unknown"
"7014854",371863,2025-06-12 03:05:53,43.3601722717285,-8.84086132049561,"Unknown"
"7014854",371863,2025-06-12 03:10:51,43.3602180480957,-8.84094047546387,"Unknown"
"7014854",371863,2025-06-12 03:15:50,43.3602523803711,-8.84092426300049,"Unknown"
"7014854",371863,2025-06-12 03:20:51,43.3601875305176,-8.84097099304199,"Unknown"
"7014854",371863,2025-06-12 03:25:50,43.3603096008301,-8.84093475341797,"Unknown"
"7014854",371863,2025-06-12 03:31:15,43.3602409362793,-8.84093761444092,"Unknown"
"7014854",371863,2025-06-12 03:35:52,43.360221862793,-8.84086799621582,"Unknown"
"7014854",371863,2025-06-12 03:40:50,43.3603782653809,-8.84091472625732,"Unknown"
"7014854",371863,2025-06-12 03:45:50,43.3602294921875,-8.84087944030762,"Unknown"
"7014854",371863,2025-06-12 03:50:51,43.3602905273438,-8.8408842086792,"Unknown"
"7014854",371863,2025-06-12 03:56:23,43.3601989746094,-8.84089660644531,"Unknown"
"7014854",371863,2025-06-12 04:00:50,43.360237121582,-8.84093284606934,"Unknown"
"7014854",371863,2025-06-12 04:05:51,43.3603553771973,-8.841064453125,"Unknown"
"7014854",371863,2025-06-12 04:10:54,43.3603248596191,-8.84067916870117,"Unknown"
"7014854",371863,2025-06-12 04:16:14,43.360294342041,-8.84087181091309,"Unknown"
"7014854",371863,2025-06-12 04:20:53,43.3551292419434,-8.8464822769165,"Unknown"
"7014854",371863,2025-06-12 04:25:51,43.3353843688965,-8.84822463989258,"Unknown"
"7014854",371863,2025-06-12 04:30:55,43.3151054382324,-8.85367584228516,"Unknown"
"7014854",371863,2025-06-12 04:35:54,43.3168907165527,-8.85720634460449,"Unknown"
"7014854",371863,2025-06-12 04:41:14,43.3154067993164,-8.85818576812744,"Unknown"
"7014854",371863,2025-06-12 04:46:14,43.3006782531738,-8.86400985717773,"Unknown"
"7014854",371863,2025-06-12 04:50:50,43.2875289916992,-8.87174797058105,"Unknown"
"7014854",371863,2025-06-12 04:56:22,43.2877197265625,-8.87151527404785,"Unknown"
"7014854",371863,2025-06-12 05:01:13,43.2878227233887,-8.87153625488281,"Unknown"
"7014854",371863,2025-06-12 05:05:57,43.2857131958008,-8.86466407775879,"Unknown"
"7014854",371863,2025-06-12 05:11:06,43.285400390625,-8.86493110656738,"Unknown"
"7014854",371863,2025-06-12 05:16:04,43.2853660583496,-8.86471748352051,"Unknown"
"7014854",371863,2025-06-12 05:21:05,43.2855033874512,-8.8650598526001,"Unknown"
"7014854",371863,2025-06-12 05:26:03,43.285514831543,-8.86499309539795,"Unknown"
"7014854",371863,2025-06-12 05:31:21,43.2855110168457,-8.86507129669189,"Unknown"
"7014854",371863,2025-06-12 05:35:57,43.285472869873,-8.86512279510498,"Unknown"
"7014854",371863,2025-06-12 05:40:58,43.2855224609375,-8.86509895324707,"Unknown"
"7014854",371863,2025-06-12 05:46:05,43.2854881286621,-8.86512470245361,"Unknown"
"7014854",371863,2025-06-12 05:50:52,43.28564453125,-8.86533164978027,"Unknown"
"7014854",371863,2025-06-12 05:55:59,43.2901725769043,-8.86483955383301,"Unknown"
"7014854",371863,2025-06-12 06:01:01,43.2901992797852,-8.86514377593994,"Unknown"
"7014854",371863,2025-06-12 06:05:53,43.2772026062012,-8.85142803192139,"Unknown"
"7014854",371863,2025-06-12 06:10:57,43.2644577026367,-8.83203125,"Unknown"
"7014854",371863,2025-06-12 06:15:55,43.264045715332,-8.83287811279297,"Unknown"
"7014854",371863,2025-06-12 06:20:55,43.2636413574219,-8.83303737640381,"Unknown"
"7014854",371863,2025-06-12 06:26:02,43.2642440795898,-8.83248233795166,"Unknown"
"7014854",371863,2025-06-12 06:31:02,43.2636985778809,-8.83255004882812,"Unknown"
"7014854",371863,2025-06-12 06:36:02,43.264087677002,-8.83264923095703,"Unknown"
"7014854",371863,2025-06-12 06:41:17,43.2658653259277,-8.83081245422363,"Unknown"
"7014854",371863,2025-06-12 06:46:15,43.2544441223145,-8.82246398925781,"Unknown"
"7014854",371863,2025-06-12 06:50:55,43.2516975402832,-8.82345008850098,"Unknown"
"7014854",371863,2025-06-12 06:55:58,43.2511558532715,-8.82198905944824,"Unknown"
"7014854",371863,2025-06-12 07:00:53,43.2540473937988,-8.81846904754639,"Unknown"
"7014854",371863,2025-06-12 07:06:23,43.2542381286621,-8.81779193878174,"Unknown"
"7014854",371863,2025-06-12 07:10:57,43.254581451416,-8.81803512573242,"Unknown"
"7014854",371863,2025-06-12 07:15:55,43.2726058959961,-8.80174732208252,"Unknown"
"7014854",371863,2025-06-12 07:20:53,43.2814826965332,-8.76930618286133,"Unknown"
"7014854",371863,2025-06-12 07:26:12,43.2981033325195,-8.79501342773438,"Unknown"
"7014854",371863,2025-06-12 07:31:00,43.2936744689941,-8.81966209411621,"Unknown"
"7014854",371863,2025-06-12 07:36:29,43.2942199707031,-8.83963584899902,"Unknown"
"7014854",371863,2025-06-12 07:40:54,43.2950210571289,-8.83956336975098,"Unknown"
"7014854",371863,2025-06-12 07:47:15,43.2942695617676,-8.83973979949951,"Unknown"
"7014854",371863,2025-06-12 07:52:15,43.2943916320801,-8.83969593048096,"Unknown"
"7014854",371863,2025-06-12 07:57:14,43.2942924499512,-8.83969116210938,"Unknown"
"7014854",371863,2025-06-12 08:00:53,43.2942771911621,-8.83976650238037,"Unknown"
"7014854",371863,2025-06-12 08:05:50,43.2943458557129,-8.83967113494873,"Unknown"
"7014854",371863,2025-06-12 08:10:52,43.2941741943359,-8.83970069885254,"Unknown"
"7014854",371863,2025-06-12 08:15:53,43.2944259643555,-8.83983135223389,"Unknown"
"7014854",371863,2025-06-12 08:20:57,43.2941360473633,-8.83964729309082,"Unknown"
"7014854",371863,2025-06-12 08:28:14,43.2942962646484,-8.83970546722412,"Unknown"
"7014854",371863,2025-06-12 08:30:51,43.2945251464844,-8.84004878997803,"Unknown"
"7014854",371863,2025-06-12 08:35:57,43.2942352294922,-8.83959102630615,"Unknown"
"7014854",371863,2025-06-12 08:40:53,43.2942314147949,-8.83952522277832,"Unknown"
"7014854",371863,2025-06-12 08:45:57,43.2942428588867,-8.83972358703613,"Unknown"
"7014854",371863,2025-06-12 08:50:54,43.2940902709961,-8.83965492248535,"Unknown"
"7014854",371863,2025-06-12 08:56:00,43.2942504882812,-8.83968925476074,"Unknown"
"7014854",371863,2025-06-12 09:01:00,43.2942199707031,-8.83959674835205,"Unknown"
"7014854",371863,2025-06-12 09:06:01,43.2942008972168,-8.83976745605469,"Unknown"
"7014854",371863,2025-06-12 09:10:59,43.2941932678223,-8.83973121643066,"Unknown"
"7014854",371863,2025-06-12 09:16:01,43.2943382263184,-8.83950328826904,"Unknown"
"7014854",371863,2025-06-12 09:21:08,43.2943382263184,-8.83982944488525,"Unknown"
"7014854",371863,2025-06-12 09:25:58,43.2942695617676,-8.83969879150391,"Unknown"
"7014854",371863,2025-06-12 09:30:54,43.2942199707031,-8.83951187133789,"Unknown"
"7014854",371863,2025-06-12 09:37:01,43.2940979003906,-8.83977127075195,"Unknown"
"7014854",371863,2025-06-12 09:40:55,43.2942123413086,-8.83976745605469,"Unknown"
"7014854",371863,2025-06-12 09:45:51,43.2941093444824,-8.83980846405029,"Unknown"
"7014854",371863,2025-06-12 09:50:54,43.294189453125,-8.83965396881104,"Unknown"
"7014854",371863,2025-06-12 09:55:55,43.294059753418,-8.83989143371582,"Unknown"
"7014854",371863,2025-06-12 10:00:54,43.2941398620605,-8.83965015411377,"Unknown"
"7014854",371863,2025-06-12 10:05:50,43.303108215332,-8.84462928771973,"Unknown"
"7014854",371863,2025-06-12 10:10:50,43.314094543457,-8.85715579986572,"Unknown"
"7014854",371863,2025-06-12 10:15:51,43.3139152526855,-8.85727119445801,"Unknown"
"7014854",371863,2025-06-12 10:20:50,43.3164939880371,-8.85895156860352,"Unknown"
"7014854",371863,2025-06-12 10:25:51,43.3163223266602,-8.8586311340332,"Unknown"
"7014854",371863,2025-06-12 10:31:14,43.3165168762207,-8.85895538330078,"Unknown"
"7014854",371863,2025-06-12 10:35:50,43.3165092468262,-8.85908317565918,"Unknown"
"7014854",371863,2025-06-12 10:40:53,43.3164825439453,-8.85891532897949,"Unknown"
"7014854",371863,2025-06-12 10:45:50,43.3166275024414,-8.8586950302124,"Unknown"
"7014854",371863,2025-06-12 10:50:50,43.3101463317871,-8.8468599319458,"Unknown"
"7014854",371863,2025-06-12 10:55:51,43.2999382019043,-8.86340141296387,"Unknown"
"7014854",371863,2025-06-12 11:00:57,43.2999725341797,-8.86362457275391,"Unknown"
"7014854",371863,2025-06-12 11:05:54,43.2997055053711,-8.86342620849609,"Unknown"
"7014854",371863,2025-06-12 11:11:04,43.2999076843262,-8.86428737640381,"Unknown"
"7014854",371863,2025-06-12 11:16:14,43.2998428344727,-8.8638801574707,"Unknown"
"7014854",371863,2025-06-12 11:21:00,43.2997894287109,-8.86371803283691,"Unknown"
"7014854",371863,2025-06-12 11:25:51,43.2998199462891,-8.86253929138184,"Unknown"
"7014854",371863,2025-06-12 11:30:53,43.2998924255371,-8.86391258239746,"Unknown"
"7014854",371863,2025-06-12 11:35:50,43.2999420166016,-8.86387634277344,"Unknown"
"7014854",371863,2025-06-12 11:40:57,43.3015937805176,-8.86418533325195,"Unknown"
"7014854",371863,2025-06-12 11:47:05,43.3027687072754,-8.86528396606445,"Unknown"
"7014854",371863,2025-06-12 11:50:54,43.3019142150879,-8.86360359191895,"Unknown"
"7014854",371863,2025-06-12 11:55:50,43.314697265625,-8.85669136047363,"Unknown"
"7014854",371863,2025-06-12 12:00:50,43.3165512084961,-8.85835552215576,"Unknown"
"7014854",371863,2025-06-12 12:05:51,43.3166351318359,-8.85810375213623,"Unknown"
"7014854",371863,2025-06-12 12:10:54,43.316535949707,-8.85823917388916,"Unknown"
"7014854",371863,2025-06-12 12:15:50,43.3301887512207,-8.85245037078857,"Unknown"
"7014854",371863,2025-06-12 12:20:50,43.360294342041,-8.84095287322998,"Unknown"
"7014854",371863,2025-06-12 12:25:50,43.3602600097656,-8.84091186523438,"Unknown"
"7014854",371863,2025-06-12 12:30:50,43.3602714538574,-8.84097194671631,"Unknown"
"7014854",371863,2025-06-12 12:35:52,43.3603019714355,-8.84096431732178,"Unknown"
"7014854",371863,2025-06-12 12:40:51,43.3602867126465,-8.84096813201904,"Unknown"
"7014854",371863,2025-06-12 12:45:50,43.3602828979492,-8.84097003936768,"Unknown"
"7014854",371863,2025-06-12 12:50:51,43.3603057861328,-8.84099960327148,"Unknown"
"7014854",371863,2025-06-12 12:55:51,43.3602676391602,-8.84095478057861,"Unknown"
"7014854",371863,2025-06-12 13:00:50,43.3602752685547,-8.84096050262451,"Unknown"
"7014854",371863,2025-06-12 13:05:52,43.3603019714355,-8.84098529815674,"Unknown"
"7014854",371863,2025-06-12 13:10:52,43.3602752685547,-8.84084987640381,"Unknown"
"7014854",371863,2025-06-12 13:15:51,43.3602485656738,-8.84094524383545,"Unknown"
"7014854",371863,2025-06-12 13:20:51,43.3603401184082,-8.84089660644531,"Unknown"
"7014854",371863,2025-06-12 13:25:51,43.3604011535645,-8.84088706970215,"Unknown"
"7014854",371863,2025-06-12 13:30:53,43.3603134155273,-8.84091949462891,"Unknown"
"7014854",371863,2025-06-12 13:35:55,43.3601951599121,-8.8409595489502,"Unknown"
"7014854",371863,2025-06-12 13:40:57,43.3602447509766,-8.84094524383545,"Unknown"
"7014854",371863,2025-06-12 13:46:14,43.360221862793,-8.84095096588135,"Unknown"
"7014854",371863,2025-06-12 13:50:50,43.3602638244629,-8.84093379974365,"Unknown"
"7014854",371863,2025-06-12 13:55:51,43.3604164123535,-8.84091377258301,"Unknown"
"7014854",371863,2025-06-12 14:00:51,43.3602905273438,-8.840895652771,"Unknown"
"7014854",371863,2025-06-12 14:05:51,43.360179901123,-8.84091091156006,"Unknown"
"7014854",371863,2025-06-12 14:10:54,43.3603858947754,-8.84091091156006,"Unknown"
"7014854",371863,2025-06-12 14:15:57,43.3600730895996,-8.84095096588135,"Unknown"
"7014854",371863,2025-06-12 14:20:53,43.3600997924805,-8.84098815917969,"Unknown"
"7014854",371863,2025-06-12 14:26:09,43.3599166870117,-8.84097671508789,"Unknown"
"7014854",371863,2025-06-12 14:31:14,43.3598251342773,-8.84094142913818,"Unknown"
"7014854",371863,2025-06-12 14:35:54,43.3598747253418,-8.8409481048584,"Unknown"
"7014854",371863,2025-06-12 14:41:00,43.3599281311035,-8.84092903137207,"Unknown"
"7014854",371863,2025-06-12 14:46:03,43.3599853515625,-8.84094333648682,"Unknown"
"7014854",371863,2025-06-12 14:51:04,43.3604469299316,-8.84103965759277,"Unknown"
"7014854",371863,2025-06-12 14:56:23,43.3602256774902,-8.84098434448242,"Unknown"
"7014854",371863,2025-06-12 15:01:00,43.3602066040039,-8.84100532531738,"Unknown"
"7014854",371863,2025-06-12 15:06:02,43.3602256774902,-8.84100532531738,"Unknown"
"7014854",371863,2025-06-12 15:11:01,43.3602600097656,-8.84102630615234,"Unknown"
"7014854",371863,2025-06-12 15:16:05,43.3602294921875,-8.84099006652832,"Unknown"
"7014854",371863,2025-06-12 15:21:05,43.360237121582,-8.84099292755127,"Unknown"
"7014854",371863,2025-06-12 15:26:01,43.360221862793,-8.8409481048584,"Unknown"
"7014854",371863,2025-06-12 15:31:05,43.3602447509766,-8.8409538269043,"Unknown"
"7014854",371863,2025-06-12 15:36:01,43.3602447509766,-8.84097290039062,"Unknown"
"7014854",371863,2025-06-12 15:41:02,43.3602676391602,-8.84093952178955,"Unknown"
"7014854",371863,2025-06-12 15:46:02,43.3602294921875,-8.84098625183105,"Unknown"
"7014854",371863,2025-06-12 15:51:04,43.3602447509766,-8.84092712402344,"Unknown"
"7014854",371863,2025-06-12 15:56:02,43.3602333068848,-8.84089088439941,"Unknown"
"7014854",371863,2025-06-12 16:01:14,43.3602104187012,-8.84091663360596,"Unknown"
"7014854",371863,2025-06-12 16:05:59,43.360237121582,-8.84104347229004,"Unknown"
"7014854",371863,2025-06-12 16:11:14,43.3605270385742,-8.84111213684082,"Unknown"
"7014854",371863,2025-06-12 16:15:59,43.3605346679688,-8.84114646911621,"Unknown"
"7014854",371863,2025-06-12 16:20:59,43.3599395751953,-8.84069442749023,"Unknown"
"7014854",371863,2025-06-12 16:25:59,43.3598747253418,-8.8407096862793,"Unknown"
"7014854",371863,2025-06-12 16:31:00,43.3599433898926,-8.84073543548584,"Unknown"
"7014854",371863,2025-06-12 16:35:59,43.3598937988281,-8.84074974060059,"Unknown"
"7014854",371863,2025-06-12 16:41:23,43.3603286743164,-8.84095191955566,"Unknown"
"7014854",371863,2025-06-12 16:45:55,43.3603401184082,-8.8410120010376,"Unknown"
"7014854",371863,2025-06-12 16:51:00,43.3602638244629,-8.84092140197754,"Unknown"
"7014854",371863,2025-06-12 16:56:27,43.3602676391602,-8.8409309387207,"Unknown"
"7014854",371863,2025-06-12 17:00:50,43.3602294921875,-8.84078121185303,"Unknown"
"7014854",371863,2025-06-12 17:05:50,43.3602561950684,-8.84093284606934,"Unknown"
"7014854",371863,2025-06-12 17:10:51,43.3601570129395,-8.84084510803223,"Unknown"
"7014854",371863,2025-06-12 17:15:51,43.360179901123,-8.84093856811523,"Unknown"
"7014854",371863,2025-06-12 17:20:52,43.3601760864258,-8.84081077575684,"Unknown"
"7014854",371863,2025-06-12 17:25:50,43.3601150512695,-8.84084224700928,"Unknown"
"7014854",371863,2025-06-12 17:30:50,43.3601951599121,-8.84088134765625,"Unknown"
"7014854",371863,2025-06-12 17:35:51,43.3602066040039,-8.84080505371094,"Unknown"
"7014854",371863,2025-06-12 17:41:00,43.3602142333984,-8.84084415435791,"Unknown"
"7014854",371863,2025-06-12 17:46:14,43.3602104187012,-8.84090900421143,"Unknown"
"7014854",371863,2025-06-12 17:50:55,43.3602294921875,-8.8408899307251,"Unknown"
"7014854",371863,2025-06-12 17:55:58,43.3602600097656,-8.84098052978516,"Unknown"
"7014854",371863,2025-06-12 18:00:57,43.3602523803711,-8.84092998504639,"Unknown"
"7014854",371863,2025-06-12 18:05:58,43.3603134155273,-8.84103298187256,"Unknown"
"7014854",371863,2025-06-12 18:10:59,43.3603019714355,-8.840989112854,"Unknown"
"7014854",371863,2025-06-12 18:16:00,43.3603057861328,-8.84103298187256,"Unknown"
"7014854",371863,2025-06-12 18:21:14,43.3602714538574,-8.84091377258301,"Unknown"
"7014854",371863,2025-06-12 18:25:52,43.3601989746094,-8.8408260345459,"Unknown"
"7014854",371863,2025-06-12 18:30:51,43.3602752685547,-8.8408260345459,"Unknown"
"7014854",371863,2025-06-12 18:35:53,43.3602676391602,-8.84089756011963,"Unknown"
"7014854",371863,2025-06-12 18:40:55,43.360294342041,-8.8409538269043,"Unknown"
"7014854",371863,2025-06-12 18:46:14,43.3603630065918,-8.84091472625732,"Unknown"
"7014854",371863,2025-06-12 18:50:52,43.3600158691406,-8.84092617034912,"Unknown"
"7014854",371863,2025-06-12 18:55:53,43.3602828979492,-8.84101963043213,"Unknown"
"7014854",371863,2025-06-12 19:00:53,43.3604316711426,-8.84097385406494,"Unknown"
"7014854",371863,2025-06-12 19:05:55,43.360164642334,-8.84086227416992,"Unknown"
"7014854",371863,2025-06-12 19:10:57,43.3603706359863,-8.84088611602783,"Unknown"
"7014854",371863,2025-06-12 19:15:57,43.3603439331055,-8.84090042114258,"Unknown"
"7014854",371863,2025-06-12 19:20:52,43.3604393005371,-8.84021091461182,"Unknown"
"7014854",371863,2025-06-12 19:25:51,43.3657379150391,-8.83373355865479,"Unknown"
"7014854",371863,2025-06-12 19:32:03,43.3644409179688,-8.83609294891357,"Unknown"
"7014854",371863,2025-06-12 19:35:53,43.3600196838379,-8.84638118743896,"Unknown"
"7014854",371863,2025-06-12 19:40:52,43.3602638244629,-8.84107875823975,"Unknown"
"7014854",371863,2025-06-12 19:45:52,43.3603172302246,-8.84100151062012,"Unknown"
"7014854",371863,2025-06-12 19:50:52,43.3602752685547,-8.84105587005615,"Unknown"
"7014854",371863,2025-06-12 19:55:52,43.3602714538574,-8.84102535247803,"Unknown"
"7014854",371863,2025-06-12 20:00:52,43.360279083252,-8.84101581573486,"Unknown"
"7014854",371863,2025-06-12 20:05:52,43.3602752685547,-8.84095764160156,"Unknown"
"7014854",371863,2025-06-12 20:10:52,43.3602981567383,-8.84096622467041,"Unknown"
"7014854",371863,2025-06-12 20:15:52,43.360279083252,-8.84096336364746,"Unknown"
"7014854",371863,2025-06-12 20:20:52,43.360279083252,-8.84102916717529,"Unknown"
"7014854",371863,2025-06-12 20:25:54,43.3602027893066,-8.84102344512939,"Unknown"
"7014854",371863,2025-06-12 20:30:55,43.3602714538574,-8.84097957611084,"Unknown"
"7014854",371863,2025-06-12 20:35:52,43.3602485656738,-8.84095764160156,"Unknown"
"7014854",371863,2025-06-12 20:40:52,43.3602676391602,-8.84088039398193,"Unknown"
"7014854",371863,2025-06-12 20:45:52,43.3603477478027,-8.84092330932617,"Unknown"
"7014854",371863,2025-06-12 20:50:55,43.3604316711426,-8.84094429016113,"Unknown"
"7014854",371863,2025-06-12 20:55:55,43.3604583740234,-8.84086322784424,"Unknown"
"7014854",371863,2025-06-12 21:00:55,43.360481262207,-8.84102725982666,"Unknown"
"7014854",371863,2025-06-12 21:05:55,43.3601455688477,-8.84077930450439,"Unknown"
"7014854",371863,2025-06-12 21:10:57,43.3603973388672,-8.84098339080811,"Unknown"
"7014854",371863,2025-06-12 21:16:14,43.3603591918945,-8.84100246429443,"Unknown"
"7014854",371863,2025-06-12 21:20:52,43.3602867126465,-8.84076881408691,"Unknown"
"7014854",371863,2025-06-12 21:25:52,43.3602523803711,-8.84077835083008,"Unknown"
"7014854",371863,2025-06-12 21:30:53,43.3602828979492,-8.8408031463623,"Unknown"
"7014854",371863,2025-06-12 21:35:52,43.3602828979492,-8.84081840515137,"Unknown"
"7014854",371863,2025-06-12 21:40:53,43.360237121582,-8.84082698822021,"Unknown"
"7014854",371863,2025-06-12 21:45:55,43.3602142333984,-8.8405590057373,"Unknown"
"7014854",371863,2025-06-12 21:50:53,43.3602561950684,-8.84074592590332,"Unknown"
"7014854",371863,2025-06-12 21:55:52,43.3605194091797,-8.84077739715576,"Unknown"
"7014854",371863,2025-06-12 22:00:53,43.3601341247559,-8.84062099456787,"Unknown"
"7014854",371863,2025-06-12 22:06:14,43.3602066040039,-8.84079456329346,"Unknown"
"7014854",371863,2025-06-12 22:10:52,43.3603096008301,-8.84099197387695,"Unknown"
"7014854",371863,2025-06-12 22:15:52,43.3603477478027,-8.84101581573486,"Unknown"
"7014854",371863,2025-06-12 22:20:53,43.360294342041,-8.840651512146,"Unknown"
"7014854",371863,2025-06-12 22:25:55,43.3603553771973,-8.84091377258301,"Unknown"
"7014854",371863,2025-06-12 22:30:52,43.3602523803711,-8.84065628051758,"Unknown"
"7014854",371863,2025-06-12 22:35:53,43.3603553771973,-8.84057903289795,"Unknown"
"7014854",371863,2025-06-12 22:40:52,43.3603363037109,-8.84084892272949,"Unknown"
"7014854",371863,2025-06-12 22:45:54,43.3603477478027,-8.840651512146,"Unknown"
"7014854",371863,2025-06-12 22:50:58,43.3604736328125,-8.84054565429688,"Unknown"
"7014854",371863,2025-06-12 22:55:53,43.3604278564453,-8.84061717987061,"Unknown"
"7014854",371863,2025-06-12 23:00:53,43.3603363037109,-8.84055805206299,"Unknown"
"7014854",371863,2025-06-12 23:05:54,43.3604354858398,-8.84055328369141,"Unknown"
"7014854",371863,2025-06-12 23:10:53,43.3604354858398,-8.84053230285645,"Unknown"
"7014854",371863,2025-06-12 23:15:53,43.3604354858398,-8.84057426452637,"Unknown"
"7014854",371863,2025-06-12 23:20:53,43.3603858947754,-8.84057903289795,"Unknown"
"7014854",371863,2025-06-12 23:25:53,43.3603210449219,-8.84060287475586,"Unknown"
"7014854",371863,2025-06-12 23:30:57,43.3603363037109,-8.84064102172852,"Unknown"
"7014854",371863,2025-06-12 23:35:55,43.3606452941895,-8.84066390991211,"Unknown"
"7014854",371863,2025-06-12 23:40:53,43.3604698181152,-8.84063053131104,"Unknown"
"7014854",371863,2025-06-12 23:46:00,43.3603706359863,-8.84062194824219,"Unknown"
"7014854",371863,2025-06-12 23:50:53,43.3603897094727,-8.84068965911865,"Unknown"
"7014854",371863,2025-06-12 23:56:00,43.3603668212891,-8.84065437316895,"Unknown"
"7014854",371863,2025-06-13 00:00:55,43.3603134155273,-8.84066009521484,"Unknown"
"7014854",371863,2025-06-13 00:05:57,43.3602981567383,-8.84068298339844,"Unknown"
"7014854",371863,2025-06-13 00:10:55,43.3603897094727,-8.8407735824585,"Unknown"
"7014854",371863,2025-06-13 00:15:55,43.3603057861328,-8.84073448181152,"Unknown"
"7014854",371863,2025-06-13 00:20:55,43.3602447509766,-8.8407039642334,"Unknown"
"7014854",371863,2025-06-13 00:25:53,43.3603591918945,-8.84077835083008,"Unknown"
"7014854",371863,2025-06-13 00:30:55,43.3601913452148,-8.8407154083252,"Unknown"
"7014854",371863,2025-06-13 00:36:00,43.3600425720215,-8.84054565429688,"Unknown"
"7014854",371863,2025-06-13 00:41:00,43.3600959777832,-8.84059906005859,"Unknown"
"7014854",371863,2025-06-13 00:46:00,43.3601150512695,-8.84060096740723,"Unknown"
"7014854",371863,2025-06-13 00:51:01,43.3601493835449,-8.84066581726074,"Unknown"
"7014854",371863,2025-06-13 00:56:02,43.360179901123,-8.84065341949463,"Unknown"
"7014854",371863,2025-06-13 01:01:11,43.3599967956543,-8.84050941467285,"Unknown"
"7014854",371863,2025-06-13 01:06:00,43.3599853515625,-8.84047508239746,"Unknown"
"7014854",371863,2025-06-13 01:10:58,43.3600311279297,-8.84049510955811,"Unknown"
"7014854",371863,2025-06-13 01:15:55,43.359935760498,-8.84033489227295,"Unknown"
"7014854",371863,2025-06-13 01:20:57,43.3602294921875,-8.84051036834717,"Unknown"
"7014854",371863,2025-06-13 01:25:52,43.3601112365723,-8.84054565429688,"Unknown"
"7014854",371863,2025-06-13 01:30:57,43.3603019714355,-8.8405122756958,"Unknown"
"7014854",371863,2025-06-13 01:36:00,43.3603935241699,-8.84055995941162,"Unknown"
"7014854",371863,2025-06-13 01:41:00,43.3603858947754,-8.8406286239624,"Unknown"
"7014854",371863,2025-06-13 01:46:02,43.3604431152344,-8.84083557128906,"Unknown"
"7014854",371863,2025-06-13 01:51:00,43.3604011535645,-8.84096050262451,"Unknown"
"7014854",371863,2025-06-13 01:56:03,43.3603477478027,-8.84098243713379,"Unknown"
"7014854",371863,2025-06-13 02:00:59,43.3602828979492,-8.84104156494141,"Unknown"
"7014854",371863,2025-06-13 02:06:14,43.3604621887207,-8.84078598022461,"Unknown"
"7014854",371863,2025-06-13 02:10:59,43.3604965209961,-8.84073448181152,"Unknown"
"7014854",371863,2025-06-13 02:15:59,43.3604469299316,-8.84079647064209,"Unknown"
"7014854",371863,2025-06-13 02:20:59,43.3603973388672,-8.84086132049561,"Unknown"
"7014854",371863,2025-06-13 02:26:01,43.3603324890137,-8.84090232849121,"Unknown"
"7014854",371863,2025-06-13 02:31:14,43.3603134155273,-8.84092712402344,"Unknown"
"7014854",371863,2025-06-13 02:36:00,43.3603057861328,-8.84095764160156,"Unknown"
"7014854",371863,2025-06-13 02:41:00,43.360294342041,-8.84097099304199,"Unknown"
"7014854",371863,2025-06-13 02:46:00,43.360294342041,-8.84096336364746,"Unknown"
"7014854",371863,2025-06-13 02:51:00,43.3603210449219,-8.84100818634033,"Unknown"
"7014854",371863,2025-06-13 02:56:14,43.360294342041,-8.84093284606934,"Unknown"
"7014854",371863,2025-06-13 03:00:52,43.3603744506836,-8.84103584289551,"Unknown"
"7014854",371863,2025-06-13 03:05:53,43.3603324890137,-8.84099006652832,"Unknown"
"7014854",371863,2025-06-13 03:10:53,43.3603668212891,-8.84105205535889,"Unknown"
"7014854",371863,2025-06-13 03:15:52,43.3603172302246,-8.84084320068359,"Unknown"
"7014854",371863,2025-06-13 03:20:55,43.3602180480957,-8.84081745147705,"Unknown"
"7014854",371863,2025-06-13 03:25:52,43.3602523803711,-8.84074878692627,"Unknown"
"7014854",371863,2025-06-13 03:30:57,43.360221862793,-8.84070301055908,"Unknown"
"7014854",371863,2025-06-13 03:35:52,43.3602027893066,-8.8406982421875,"Unknown"
"7014854",371863,2025-06-13 03:40:52,43.3602485656738,-8.84072399139404,"Unknown"
"7014854",371863,2025-06-13 03:46:14,43.3601951599121,-8.84078025817871,"Unknown"
"7014854",371863,2025-06-13 03:51:00,43.3601837158203,-8.84075260162354,"Unknown"
"7014854",371863,2025-06-13 03:56:00,43.3602066040039,-8.84074306488037,"Unknown"
"7014854",371863,2025-06-13 04:01:00,43.360164642334,-8.84078788757324,"Unknown"
"7014854",371863,2025-06-13 04:06:00,43.3601875305176,-8.84070014953613,"Unknown"
"7014854",371863,2025-06-13 04:11:00,43.360237121582,-8.84072303771973,"Unknown"
"7014854",371863,2025-06-13 04:16:00,43.3602447509766,-8.84069442749023,"Unknown"
"7014854",371863,2025-06-13 04:21:00,43.3602905273438,-8.84075546264648,"Unknown"
"7014854",371863,2025-06-13 04:25:55,43.3376922607422,-8.8530855178833,"Unknown"
"7014854",371863,2025-06-13 04:31:00,43.3337478637695,-8.85653972625732,"Unknown"
"7014854",371863,2025-06-13 04:36:01,43.3201065063477,-8.85914611816406,"Unknown"
"7014854",371863,2025-06-13 04:41:00,43.3166694641113,-8.85806560516357,"Unknown"
"7014854",371863,2025-06-13 04:46:00,43.3167152404785,-8.85798168182373,"Unknown"
"7014854",371863,2025-06-13 04:51:02,43.3078765869141,-8.85787487030029,"Unknown"
"7014854",371863,2025-06-13 04:56:20,43.2846183776855,-8.8558177947998,"Unknown"
"7014854",371863,2025-06-13 05:01:00,43.2847709655762,-8.85621166229248,"Unknown"
"7014854",371863,2025-06-13 05:06:12,43.2846755981445,-8.85644912719727,"Unknown"
"7014854",371863,2025-06-13 05:10:53,43.2672805786133,-8.84533882141113,"Unknown"
"7014854",371863,2025-06-13 05:16:23,43.2498054504395,-8.84510898590088,"Unknown"
"7014854",371863,2025-06-13 05:20:58,43.2505912780762,-8.84584712982178,"Unknown"
"7014854",371863,2025-06-13 05:25:58,43.2496185302734,-8.84741306304932,"Unknown"
"7014854",371863,2025-06-13 05:30:55,43.2500114440918,-8.84741497039795,"Unknown"
"7014854",371863,2025-06-13 05:35:57,43.2496528625488,-8.8468656539917,"Unknown"
"7014854",371863,2025-06-13 05:40:54,43.249813079834,-8.84695816040039,"Unknown"
"7014854",371863,2025-06-13 05:45:52,43.2533149719238,-8.84438228607178,"Unknown"
"7014854",371863,2025-06-13 05:51:00,43.2535018920898,-8.84441089630127,"Unknown"
"7014854",371863,2025-06-13 05:55:52,43.2535400390625,-8.84432888031006,"Unknown"
"7014854",371863,2025-06-13 06:00:52,43.2530784606934,-8.84429740905762,"Unknown"
"7014854",371863,2025-06-13 06:05:52,43.2453727722168,-8.84468841552734,"Unknown"
"7014854",371863,2025-06-13 06:10:54,43.2508697509766,-8.83936882019043,"Unknown"
"7014854",371863,2025-06-13 06:15:58,43.2640228271484,-8.83593559265137,"Unknown"
"7014854",371863,2025-06-13 06:20:54,43.264289855957,-8.83632564544678,"Unknown"
"7014854",371863,2025-06-13 06:25:57,43.2644424438477,-8.8360767364502,"Unknown"
"7014854",371863,2025-06-13 06:30:54,43.2642936706543,-8.83660697937012,"Unknown"
"7014854",371863,2025-06-13 06:35:53,43.2641868591309,-8.83583927154541,"Unknown"
"7014854",371863,2025-06-13 06:40:54,43.2652587890625,-8.83635902404785,"Unknown"
"7014854",371863,2025-06-13 06:45:54,43.265251159668,-8.83626842498779,"Unknown"
"7014854",371863,2025-06-13 06:50:54,43.2649955749512,-8.83594703674316,"Unknown"
"7014854",371863,2025-06-13 06:55:58,43.2654609680176,-8.83604621887207,"Unknown"
"7014854",371863,2025-06-13 07:00:57,43.2640266418457,-8.83555316925049,"Unknown"
"7014854",371863,2025-06-13 07:05:55,43.2644195556641,-8.83583068847656,"Unknown"
"7014854",371863,2025-06-13 07:10:54,43.2642288208008,-8.83589267730713,"Unknown"
"7014854",371863,2025-06-13 07:15:55,43.2639503479004,-8.83563709259033,"Unknown"
"7014854",371863,2025-06-13 07:20:54,43.2638931274414,-8.83570003509521,"Unknown"
"7014854",371863,2025-06-13 07:25:58,43.2642402648926,-8.8350305557251,"Unknown"
"7014854",371863,2025-06-13 07:30:52,43.2697067260742,-8.83211708068848,"Unknown"
"7014854",371863,2025-06-13 07:35:52,43.2927513122559,-8.83651447296143,"Unknown"
"7014854",371863,2025-06-13 07:41:55,43.2943572998047,-8.83977508544922,"Unknown"
"7014854",371863,2025-06-13 07:46:06,43.2940826416016,-8.83990669250488,"Unknown"
"7014854",371863,2025-06-13 07:50:56,43.2945404052734,-8.83981418609619,"Unknown"
"7014854",371863,2025-06-13 07:56:00,43.2940063476562,-8.83976554870605,"Unknown"
"7014854",371863,2025-06-13 08:00:57,43.2938575744629,-8.84001064300537,"Unknown"
"7014854",371863,2025-06-13 08:06:14,43.2939071655273,-8.83980178833008,"Unknown"
"7014854",371863,2025-06-13 08:10:57,43.294116973877,-8.8397798538208,"Unknown"
"7014854",371863,2025-06-13 08:15:53,43.2938461303711,-8.83969783782959,"Unknown"
"7014854",371863,2025-06-13 08:20:53,43.293701171875,-8.83965587615967,"Unknown"
"7014854",371863,2025-06-13 08:25:57,43.2940406799316,-8.83984279632568,"Unknown"
"7014854",371863,2025-06-13 08:30:55,43.2945594787598,-8.83993625640869,"Unknown"
"7014854",371863,2025-06-13 08:35:53,43.2936248779297,-8.83945178985596,"Unknown"
"7014854",371863,2025-06-13 08:40:52,43.294132232666,-8.83961009979248,"Unknown"
"7014854",371863,2025-06-13 08:45:55,43.294548034668,-8.84003353118896,"Unknown"
"7014854",371863,2025-06-13 08:50:55,43.2941093444824,-8.83996105194092,"Unknown"
"7014854",371863,2025-06-13 08:55:54,43.2944679260254,-8.83976459503174,"Unknown"
"7014854",371863,2025-06-13 09:00:52,43.2943649291992,-8.8396053314209,"Unknown"
"7014854",371863,2025-06-13 09:05:53,43.2941741943359,-8.83957386016846,"Unknown"
"7014854",371863,2025-06-13 09:10:57,43.2944297790527,-8.83950996398926,"Unknown"
"7014854",371863,2025-06-13 09:15:54,43.2945861816406,-8.83957004547119,"Unknown"
"7014854",371863,2025-06-13 09:20:58,43.294116973877,-8.83953285217285,"Unknown"
"7014854",371863,2025-06-13 09:26:27,43.2942924499512,-8.8396635055542,"Unknown"
"7014854",371863,2025-06-13 09:31:25,43.2943496704102,-8.83976936340332,"Unknown"
"7014854",371863,2025-06-13 09:35:59,43.2942924499512,-8.83952045440674,"Unknown"
"7014854",371863,2025-06-13 09:40:58,43.2941284179688,-8.83962631225586,"Unknown"
"7014854",371863,2025-06-13 09:45:58,43.2942352294922,-8.83973121643066,"Unknown"
"7014854",371863,2025-06-13 09:51:12,43.2942123413086,-8.83974838256836,"Unknown"
"7014854",371863,2025-06-13 09:56:26,43.2942771911621,-8.83981895446777,"Unknown"
"7014854",371863,2025-06-13 10:01:10,43.2942543029785,-8.83978462219238,"Unknown"
"7014854",371863,2025-06-13 10:05:54,43.2942771911621,-8.83984661102295,"Unknown"
"7014854",371863,2025-06-13 10:10:53,43.2939262390137,-8.83978366851807,"Unknown"
"7014854",371863,2025-06-13 10:15:52,43.2903480529785,-8.83312797546387,"Unknown"
"7014854",371863,2025-06-13 10:20:52,43.2732238769531,-8.84340286254883,"Unknown"
"7014854",371863,2025-06-13 10:25:53,43.2660484313965,-8.83164119720459,"Unknown"
"7014854",371863,2025-06-13 10:30:52,43.2660217285156,-8.83166408538818,"Unknown"
"7014854",371863,2025-06-13 10:35:52,43.2659721374512,-8.83170890808105,"Unknown"
"7014854",371863,2025-06-13 10:40:52,43.2659454345703,-8.83175563812256,"Unknown"
"7014854",371863,2025-06-13 10:45:52,43.2661247253418,-8.83156681060791,"Unknown"
"7014854",371863,2025-06-13 10:50:52,43.2659683227539,-8.83158111572266,"Unknown"
"7014854",371863,2025-06-13 10:55:52,43.2504005432129,-8.8289680480957,"Unknown"
"7014854",371863,2025-06-13 11:00:52,43.233211517334,-8.80741214752197,"Unknown"
"7014854",371863,2025-06-13 11:05:52,43.2181282043457,-8.79296684265137,"Unknown"
"7014854",371863,2025-06-13 11:10:52,43.2118759155273,-8.80231285095215,"Unknown"
"7014854",371863,2025-06-13 11:15:53,43.2198333740234,-8.79000186920166,"Unknown"
"7014854",371863,2025-06-13 11:20:53,43.234992980957,-8.76206684112549,"Unknown"
"7014854",371863,2025-06-13 11:25:52,43.2448234558105,-8.75449562072754,"Unknown"
"7014854",371863,2025-06-13 11:30:52,43.2444458007812,-8.75490379333496,"Unknown"
"7014854",371863,2025-06-13 11:35:55,43.2445526123047,-8.75520133972168,"Unknown"
"7014854",371863,2025-06-13 11:40:52,43.2444534301758,-8.75493240356445,"Unknown"
"7014854",371863,2025-06-13 11:45:55,43.2443771362305,-8.75540542602539,"Unknown"
"7014854",371863,2025-06-13 11:50:52,43.2444076538086,-8.75458145141602,"Unknown"
"7014854",371863,2025-06-13 11:55:54,43.2440910339355,-8.75457668304443,"Unknown"
"7014854",371863,2025-06-13 12:00:53,43.2443084716797,-8.75467586517334,"Unknown"
"7014854",371863,2025-06-13 12:06:00,43.2443237304688,-8.75526237487793,"Unknown"
"7014854",371863,2025-06-13 12:10:55,43.2445182800293,-8.75498867034912,"Unknown"
"7014854",371863,2025-06-13 12:15:53,43.2443199157715,-8.75507926940918,"Unknown"
"7014854",371863,2025-06-13 12:20:57,43.2443313598633,-8.75531196594238,"Unknown"
"7014854",371863,2025-06-13 12:25:57,43.2442321777344,-8.75548839569092,"Unknown"
"7014854",371863,2025-06-13 12:30:54,43.244743347168,-8.75498676300049,"Unknown"
"7014854",371863,2025-06-13 12:35:54,43.2444686889648,-8.75540447235107,"Unknown"
"7014854",371863,2025-06-13 12:40:53,43.2447242736816,-8.7555456161499,"Unknown"
"7014854",371863,2025-06-13 12:45:57,43.244571685791,-8.75500297546387,"Unknown"
"7014854",371863,2025-06-13 12:50:53,43.2423133850098,-8.74462699890137,"Unknown"
"7014854",371863,2025-06-13 12:55:53,43.2464218139648,-8.70734214782715,"Unknown"
"7014854",371863,2025-06-13 13:00:53,43.2528533935547,-8.69426822662354,"Unknown"
"7014854",371863,2025-06-13 13:05:53,43.283332824707,-8.70830631256104,"Unknown"
"7014854",371863,2025-06-13 13:10:57,43.292366027832,-8.69737815856934,"Unknown"
"7014854",371863,2025-06-13 13:15:53,43.2921447753906,-8.69739818572998,"Unknown"
"7014854",371863,2025-06-13 13:20:52,43.2927742004395,-8.69705867767334,"Unknown"
"7014854",371863,2025-06-13 13:25:57,43.2925796508789,-8.69687461853027,"Unknown"
"7014854",371863,2025-06-13 13:30:53,43.2925033569336,-8.69711494445801,"Unknown"
"7014854",371863,2025-06-13 13:35:53,43.2934913635254,-8.69525241851807,"Unknown"
"7014854",371863,2025-06-13 13:40:53,43.2927665710449,-8.69640445709229,"Unknown"
"7014854",371863,2025-06-13 13:45:53,43.2928581237793,-8.69640731811523,"Unknown"
"7014854",371863,2025-06-13 13:50:53,43.2980003356934,-8.71879005432129,"Unknown"
"7014854",371863,2025-06-13 13:55:53,43.3021697998047,-8.75638198852539,"Unknown"
"7014854",371863,2025-06-13 14:00:53,43.3075180053711,-8.78778076171875,"Unknown"
"7014854",371863,2025-06-13 14:05:53,43.3041915893555,-8.80946636199951,"Unknown"
"7014854",371863,2025-06-13 14:10:53,43.2917366027832,-8.79514789581299,"Unknown"
"7014854",371863,2025-06-13 14:15:53,43.2811470031738,-8.80174160003662,"Unknown"
"7014854",371863,2025-06-13 14:20:53,43.2871780395508,-8.81553649902344,"Unknown"
"7014854",371863,2025-06-13 14:25:53,43.2845420837402,-8.82750511169434,"Unknown"
"7014854",371863,2025-06-13 14:30:55,43.2748336791992,-8.84081554412842,"Unknown"
"7014854",371863,2025-06-13 14:35:53,43.274299621582,-8.83973979949951,"Unknown"
"7014854",371863,2025-06-13 14:40:53,43.2765922546387,-8.83544921875,"Unknown"
"7014854",371863,2025-06-13 14:45:53,43.2765579223633,-8.83564758300781,"Unknown"
"7014854",371863,2025-06-13 14:50:53,43.2766418457031,-8.83599472045898,"Unknown"
"7014854",371863,2025-06-13 14:55:53,43.276668548584,-8.83595371246338,"Unknown"
"7014854",371863,2025-06-13 15:00:54,43.276496887207,-8.83579921722412,"Unknown"
"7014854",371863,2025-06-13 15:05:54,43.2766304016113,-8.83608913421631,"Unknown"
"7014854",371863,2025-06-13 15:10:55,43.2744674682617,-8.84017086029053,"Unknown"
"7014854",371863,2025-06-13 15:15:53,43.2745170593262,-8.84012889862061,"Unknown"
"7014854",371863,2025-06-13 15:20:53,43.2776298522949,-8.83895492553711,"Unknown"
"7014854",371863,2025-06-13 15:25:53,43.2911949157715,-8.86046409606934,"Unknown"
"7014854",371863,2025-06-13 15:30:53,43.2951736450195,-8.86063098907471,"Unknown"
"7014854",371863,2025-06-13 15:35:57,43.2915115356445,-8.86202812194824,"Unknown"
"7014854",371863,2025-06-13 15:40:53,43.2873764038086,-8.86126899719238,"Unknown"
"7014854",371863,2025-06-13 15:45:53,43.2877655029297,-8.86063194274902,"Unknown"
"7014854",371863,2025-06-13 15:50:53,43.287540435791,-8.86081600189209,"Unknown"
"7014854",371863,2025-06-13 15:55:53,43.2872695922852,-8.86136817932129,"Unknown"
"7014854",371863,2025-06-13 16:00:53,43.2872009277344,-8.86116218566895,"Unknown"
"7014854",371863,2025-06-13 16:05:53,43.2910766601562,-8.86261940002441,"Unknown"
"7014854",371863,2025-06-13 16:10:53,43.3153800964355,-8.85656356811523,"Unknown"
"7014854",371863,2025-06-13 16:15:53,43.3357086181641,-8.84530639648438,"Unknown"
"7014854",371863,2025-06-13 16:20:55,43.3604736328125,-8.84114646911621,"Unknown"
"7014854",371863,2025-06-13 16:25:57,43.3603935241699,-8.84117889404297,"Unknown"
"7014854",371863,2025-06-13 16:30:53,43.3600387573242,-8.84069633483887,"Unknown"
"7014854",371863,2025-06-13 16:35:53,43.3600997924805,-8.84075164794922,"Unknown"
"7014854",371863,2025-06-13 16:40:53,43.3600730895996,-8.84070777893066,"Unknown"
"7014854",371863,2025-06-13 16:45:53,43.3600959777832,-8.84070014953613,"Unknown"
"7014854",371863,2025-06-13 16:51:12,43.3603324890137,-8.84052276611328,"Unknown"
"7014854",371863,2025-06-13 16:55:55,43.3603057861328,-8.84052753448486,"Unknown"
"7014854",371863,2025-06-13 17:00:54,43.3602714538574,-8.84060668945312,"Unknown"
"7014854",371863,2025-06-13 17:05:55,43.3603897094727,-8.8405933380127,"Unknown"
"7014854",371863,2025-06-13 17:10:53,43.3593559265137,-8.84052753448486,"Unknown"
"7014854",371863,2025-06-13 17:15:58,43.3604927062988,-8.84075736999512,"Unknown"
"7014854",371863,2025-06-13 17:20:53,43.3602561950684,-8.84091567993164,"Unknown"
"7014854",371863,2025-06-13 17:25:58,43.3606491088867,-8.84125137329102,"Unknown"
"7014854",371863,2025-06-13 17:30:54,43.3606147766113,-8.84118461608887,"Unknown"
"7014854",371863,2025-06-13 17:35:54,43.3607177734375,-8.84107494354248,"Unknown"
"7014854",371863,2025-06-13 17:40:53,43.3606338500977,-8.84125995635986,"Unknown"
"7014854",371863,2025-06-13 17:45:54,43.3610610961914,-8.84056091308594,"Unknown"
"7014854",371863,2025-06-13 17:51:00,43.3607063293457,-8.84111309051514,"Unknown"
"7014854",371863,2025-06-13 17:56:00,43.3606376647949,-8.84109115600586,"Unknown"
"7014854",371863,2025-06-13 18:01:00,43.3607063293457,-8.84107398986816,"Unknown"
"7014854",371863,2025-06-13 18:06:00,43.3606834411621,-8.84102058410645,"Unknown"
"7014854",371863,2025-06-13 18:11:00,43.3606605529785,-8.84101104736328,"Unknown"
"7014854",371863,2025-06-13 18:16:00,43.360710144043,-8.84106159210205,"Unknown"
"7014854",371863,2025-06-13 18:21:00,43.3606986999512,-8.84102821350098,"Unknown"
"7014854",371863,2025-06-13 18:26:00,43.3606452941895,-8.84091663360596,"Unknown"
"7014854",371863,2025-06-13 18:31:00,43.3607025146484,-8.84099102020264,"Unknown"
"7014854",371863,2025-06-13 18:36:00,43.3607025146484,-8.84098815917969,"Unknown"
"7014854",371863,2025-06-13 18:41:06,43.3607025146484,-8.84094524383545,"Unknown"
"7014854",371863,2025-06-13 18:46:00,43.3607444763184,-8.84101676940918,"Unknown"
"7014854",371863,2025-06-13 18:51:00,43.3607215881348,-8.84106349945068,"Unknown"
"7014854",371863,2025-06-13 18:56:00,43.3607139587402,-8.84104061126709,"Unknown"
"7014854",371863,2025-06-13 19:01:06,43.3607482910156,-8.84105777740479,"Unknown"
"7014854",371863,2025-06-13 19:05:55,43.3607215881348,-8.84103012084961,"Unknown"
"7014854",371863,2025-06-13 19:10:54,43.360954284668,-8.84064674377441,"Unknown"
"7014854",371863,2025-06-13 19:15:55,43.3609161376953,-8.84072303771973,"Unknown"
"7014854",371863,2025-06-13 19:20:57,43.3606948852539,-8.84110736846924,"Unknown"
"7014854",371863,2025-06-13 19:25:55,43.3607902526855,-8.84105968475342,"Unknown"
"7014854",371863,2025-06-13 19:30:55,43.3605308532715,-8.84143924713135,"Unknown"
"7014854",371863,2025-06-13 19:36:06,43.3606224060059,-8.84126758575439,"Unknown"
"7014854",371863,2025-06-13 19:40:55,43.3605422973633,-8.84124374389648,"Unknown"
"7014854",371863,2025-06-13 19:45:56,43.3604736328125,-8.84139728546143,"Unknown"
"7014854",371863,2025-06-13 19:50:57,43.3606109619141,-8.84116458892822,"Unknown"
"7014854",371863,2025-06-13 19:55:56,43.3603782653809,-8.84142112731934,"Unknown"
"7014854",371863,2025-06-13 20:00:55,43.360595703125,-8.84117984771729,"Unknown"
"7014854",371863,2025-06-13 20:05:58,43.360279083252,-8.84138107299805,"Unknown"
"7014854",371863,2025-06-13 20:10:55,43.3600616455078,-8.84149265289307,"Unknown"
"7014854",371863,2025-06-13 20:15:55,43.3601493835449,-8.84119701385498,"Unknown"
"7014854",371863,2025-06-13 20:20:58,43.360538482666,-8.84112071990967,"Unknown"
"7014854",371863,2025-06-13 20:25:57,43.3603172302246,-8.84118175506592,"Unknown"
"7014854",371863,2025-06-13 20:31:00,43.360668182373,-8.8410816192627,"Unknown"
"7014854",371863,2025-06-13 20:36:03,43.3605270385742,-8.84103393554688,"Unknown"
"7014854",371863,2025-06-13 20:41:00,43.3605651855469,-8.84103393554688,"Unknown"
"7014854",371863,2025-06-13 20:45:56,43.3602676391602,-8.84075736999512,"Unknown"
"7014854",371863,2025-06-13 20:51:00,43.3606109619141,-8.84102344512939,"Unknown"
"7014854",371863,2025-06-13 20:56:01,43.3605842590332,-8.84091949462891,"Unknown"
"7014854",371863,2025-06-13 21:01:06,43.3604316711426,-8.84049320220947,"Unknown"
"7014854",371863,2025-06-13 21:05:56,43.3602981567383,-8.84058475494385,"Unknown"
"7014854",371863,2025-06-13 21:10:56,43.3605728149414,-8.84036731719971,"Unknown"
"7014854",371863,2025-06-13 21:16:06,43.3602066040039,-8.84029769897461,"Unknown"
"7014854",371863,2025-06-13 21:20:57,43.3612365722656,-8.84075355529785,"Unknown"
"7014854",371863,2025-06-13 21:25:57,43.3604698181152,-8.840407371521,"Unknown"
"7014854",371863,2025-06-13 21:30:54,43.3611488342285,-8.84089279174805,"Unknown"
"7014854",371863,2025-06-13 21:35:58,43.3603782653809,-8.84016609191895,"Unknown"
"7014854",371863,2025-06-13 21:41:12,43.3605690002441,-8.84013366699219,"Unknown"
"7014854",371863,2025-06-13 21:45:55,43.3603096008301,-8.84064865112305,"Unknown"
"7014854",371863,2025-06-13 21:50:54,43.3604621887207,-8.84071731567383,"Unknown"
"7014854",371863,2025-06-13 21:55:56,43.3604545593262,-8.84071254730225,"Unknown"
"7014854",371863,2025-06-13 22:00:54,43.360107421875,-8.8399076461792,"Unknown"
"7014854",371863,2025-06-13 22:05:53,43.360179901123,-8.84014511108398,"Unknown"
"7014854",371863,2025-06-13 22:10:56,43.3603401184082,-8.84025001525879,"Unknown"
"7014854",371863,2025-06-13 22:15:56,43.3603591918945,-8.84045600891113,"Unknown"
"7014854",371863,2025-06-13 22:20:57,43.3603477478027,-8.84001064300537,"Unknown"
"7014854",371863,2025-06-13 22:25:55,43.3603782653809,-8.83979797363281,"Unknown"
"7014854",371863,2025-06-13 22:31:03,43.3605918884277,-8.84034729003906,"Unknown"
"7014854",371863,2025-06-13 22:36:08,43.3601913452148,-8.8408145904541,"Unknown"
"7014854",371863,2025-06-13 22:41:05,43.3601951599121,-8.84080410003662,"Unknown"
"7014854",371863,2025-06-13 22:45:57,43.3601951599121,-8.84081363677979,"Unknown"
"7014854",371863,2025-06-13 22:50:56,43.3605194091797,-8.84050464630127,"Unknown"
"7014854",371863,2025-06-13 22:55:55,43.3605918884277,-8.84050178527832,"Unknown"
"7014854",371863,2025-06-13 23:00:56,43.3605422973633,-8.84054756164551,"Unknown"
"7014854",371863,2025-06-13 23:05:54,43.3605308532715,-8.84052467346191,"Unknown"
"7014854",371863,2025-06-13 23:10:55,43.3605651855469,-8.84064865112305,"Unknown"
"7014854",371863,2025-06-13 23:16:14,43.3604164123535,-8.84067153930664,"Unknown"
"7014854",371863,2025-06-13 23:20:54,43.3603019714355,-8.84076023101807,"Unknown"
"7014854",371863,2025-06-13 23:25:55,43.3603248596191,-8.84072685241699,"Unknown"
"7014854",371863,2025-06-13 23:30:54,43.3603515625,-8.84071636199951,"Unknown"
"7014854",371863,2025-06-13 23:35:54,43.3602294921875,-8.84078502655029,"Unknown"
"7014854",371863,2025-06-13 23:40:53,43.3603439331055,-8.84076118469238,"Unknown"
"7014854",371863,2025-06-13 23:46:06,43.3603553771973,-8.84076881408691,"Unknown"
"7014854",371863,2025-06-13 23:51:06,43.3603248596191,-8.84080505371094,"Unknown"
"7014854",371863,2025-06-13 23:56:06,43.3603134155273,-8.84078598022461,"Unknown"
"7014854",371863,2025-06-14 00:01:00,43.3602600097656,-8.84083938598633,"Unknown"
"7014854",371863,2025-06-14 00:05:56,43.3604583740234,-8.84081077575684,"Unknown"
"7014854",371863,2025-06-14 00:10:56,43.3605270385742,-8.84079360961914,"Unknown"
"7014854",371863,2025-06-14 00:15:56,43.3608779907227,-8.84078216552734,"Unknown"
"7014854",371863,2025-06-14 00:20:56,43.3608093261719,-8.84080410003662,"Unknown"
"7014854",371863,2025-06-14 00:26:00,43.3603439331055,-8.84085369110107,"Unknown"
"7014854",371863,2025-06-14 00:31:00,43.3602981567383,-8.84078884124756,"Unknown"
"7014854",371863,2025-06-14 00:36:04,43.3601951599121,-8.84080410003662,"Unknown"
"7014854",371863,2025-06-14 00:41:02,43.3594856262207,-8.84038639068604,"Unknown"
"7014854",371863,2025-06-14 00:46:06,43.3602256774902,-8.84081172943115,"Unknown"
"7014854",371863,2025-06-14 00:51:08,43.3601341247559,-8.84072494506836,"Unknown"
"7014854",371863,2025-06-14 00:56:23,43.3602447509766,-8.84076690673828,"Unknown"
"7014854",371863,2025-06-14 01:00:54,43.360221862793,-8.84076881408691,"Unknown"
"7014854",371863,2025-06-14 01:05:54,43.3603096008301,-8.84076309204102,"Unknown"
"7014854",371863,2025-06-14 01:10:54,43.3603630065918,-8.84081840515137,"Unknown"
"7014854",371863,2025-06-14 01:15:55,43.3604202270508,-8.84085273742676,"Unknown"
"7014854",371863,2025-06-14 01:20:54,43.3603935241699,-8.84084606170654,"Unknown"
"7014854",371863,2025-06-14 01:25:54,43.3605995178223,-8.84102439880371,"Unknown"
"7014854",371863,2025-06-14 01:30:55,43.3609161376953,-8.84129238128662,"Unknown"
"7014854",371863,2025-06-14 01:35:59,43.3609580993652,-8.84130764007568,"Unknown"
"7014854",371863,2025-06-14 01:41:00,43.3609237670898,-8.84135246276855,"Unknown"
"7014854",371863,2025-06-14 01:46:06,43.360767364502,-8.84123706817627,"Unknown"
"7014854",371863,2025-06-14 01:51:06,43.360767364502,-8.8411922454834,"Unknown"
"7014854",371863,2025-06-14 01:56:06,43.3607940673828,-8.84127330780029,"Unknown"
"7014854",371863,2025-06-14 02:01:06,43.3607635498047,-8.84129619598389,"Unknown"
"7014854",371863,2025-06-14 02:06:10,43.3607635498047,-8.84126949310303,"Unknown"
"7014854",371863,2025-06-14 02:11:00,43.3606986999512,-8.84110736846924,"Unknown"
"7014854",371863,2025-06-14 02:16:00,43.3606910705566,-8.84100532531738,"Unknown"
"7014854",371863,2025-06-14 02:21:00,43.3607177734375,-8.84102821350098,"Unknown"
"7014854",371863,2025-06-14 02:26:00,43.3607330322266,-8.84105205535889,"Unknown"
"7014854",371863,2025-06-14 02:31:00,43.3607444763184,-8.84122943878174,"Unknown"
"7014854",371863,2025-06-14 02:36:06,43.3607215881348,-8.84101295471191,"Unknown"
"7014854",371863,2025-06-14 02:41:00,43.3608474731445,-8.84129619598389,"Unknown"
"7014854",371863,2025-06-14 02:46:14,43.361011505127,-8.84173774719238,"Unknown"
"7014854",371863,2025-06-14 02:50:59,43.3602561950684,-8.84076309204102,"Unknown"
"7014854",371863,2025-06-14 02:56:21,43.361141204834,-8.84210777282715,"Unknown"
"7014854",371863,2025-06-14 03:01:12,43.3609848022461,-8.84098815917969,"Unknown"
"7014854",371863,2025-06-14 03:05:58,43.3608894348145,-8.84154415130615,"Unknown"
"7014854",371863,2025-06-14 03:11:04,43.3607406616211,-8.84131813049316,"Unknown"
"7014854",371863,2025-06-14 03:16:00,43.3603553771973,-8.84107303619385,"Unknown"
"7014854",371863,2025-06-14 03:21:00,43.360767364502,-8.84145450592041,"Unknown"
"7014854",371863,2025-06-14 03:26:00,43.3604278564453,-8.84102535247803,"Unknown"
"7014854",371863,2025-06-14 03:30:58,43.3604278564453,-8.84119606018066,"Unknown"
"7014854",371863,2025-06-14 03:36:08,43.3604278564453,-8.8411979675293,"Unknown"
"7014854",371863,2025-06-14 03:41:14,43.3597640991211,-8.84057521820068,"Unknown"
"7014854",371863,2025-06-14 03:46:07,43.3588943481445,-8.8399486541748,"Unknown"
"7014854",371863,2025-06-14 03:51:00,43.3587875366211,-8.84059524536133,"Unknown"
"7014854",371863,2025-06-14 03:56:12,43.3599319458008,-8.84074306488037,"Unknown"
"7014854",371863,2025-06-14 04:01:01,43.3595542907715,-8.84063148498535,"Unknown"
"7014854",371863,2025-06-14 04:05:56,43.3594436645508,-8.84089279174805,"Unknown"
"7014854",371863,2025-06-14 04:11:14,43.3602256774902,-8.84091949462891,"Unknown"
"7014854",371863,2025-06-14 04:15:57,43.3596038818359,-8.8409538269043,"Unknown"
"7014854",371863,2025-06-14 04:20:57,43.3592796325684,-8.83944892883301,"Unknown"
"7014854",371863,2025-06-14 04:26:08,43.3597145080566,-8.84091854095459,"Unknown"
"7014854",371863,2025-06-14 04:31:01,43.354190826416,-8.84250545501709,"Unknown"
"7014854",371863,2025-06-14 04:36:01,43.3329048156738,-8.85472679138184,"Unknown"
"7014854",371863,2025-06-14 04:40:56,43.3137016296387,-8.860671043396,"Unknown"
"7014854",371863,2025-06-14 04:46:29,43.3140640258789,-8.8569221496582,"Unknown"
"7014854",371863,2025-06-14 04:50:57,43.294677734375,-8.86527252197266,"Unknown"
"7014854",371863,2025-06-14 04:57:14,43.2876205444336,-8.86084747314453,"Unknown"
"7014854",371863,2025-06-14 05:01:03,43.2869911193848,-8.86099910736084,"Unknown"
"7014854",371863,2025-06-14 05:06:03,43.2871398925781,-8.86079216003418,"Unknown"
"7014854",371863,2025-06-14 05:10:55,43.2871437072754,-8.86111450195312,"Unknown"
"7014854",371863,2025-06-14 05:15:57,43.2870445251465,-8.86131286621094,"Unknown"
"7014854",371863,2025-06-14 05:20:59,43.2870140075684,-8.86098003387451,"Unknown"
"7014854",371863,2025-06-14 05:25:55,43.2871017456055,-8.8608570098877,"Unknown"
"7014854",371863,2025-06-14 05:30:54,43.2871513366699,-8.86101627349854,"Unknown"
"7014854",371863,2025-06-14 05:35:57,43.2878112792969,-8.86112403869629,"Unknown"
"7014854",371863,2025-06-14 05:41:00,43.2874603271484,-8.86110687255859,"Unknown"
"7014854",371863,2025-06-14 05:45:53,43.2877578735352,-8.86119651794434,"Unknown"
"7014854",371863,2025-06-14 05:50:56,43.2878189086914,-8.86106395721436,"Unknown"
"7014854",371863,2025-06-14 05:55:53,43.2878646850586,-8.8611307144165,"Unknown"
"7014854",371863,2025-06-14 06:00:58,43.2874298095703,-8.86095237731934,"Unknown"
"7014854",371863,2025-06-14 06:05:53,43.2877044677734,-8.86075401306152,"Unknown"
"7014854",371863,2025-06-14 06:10:54,43.2877960205078,-8.86079692840576,"Unknown"
"7014854",371863,2025-06-14 06:15:54,43.2878265380859,-8.86090469360352,"Unknown"
"7014854",371863,2025-06-14 06:20:54,43.287712097168,-8.86093425750732,"Unknown"
"7014854",371863,2025-06-14 06:25:54,43.2876930236816,-8.86081123352051,"Unknown"
"7014854",371863,2025-06-14 06:30:55,43.2878227233887,-8.86078643798828,"Unknown"
"7014854",371863,2025-06-14 06:35:57,43.2877960205078,-8.86108493804932,"Unknown"
"7014854",371863,2025-06-14 06:40:54,43.2879066467285,-8.86094856262207,"Unknown"
"7014854",371863,2025-06-14 06:45:54,43.2880897521973,-8.86091995239258,"Unknown"
"7014854",371863,2025-06-14 06:50:57,43.2878303527832,-8.86102390289307,"Unknown"
"7014854",371863,2025-06-14 06:56:01,43.2878456115723,-8.86107349395752,"Unknown"
"7014854",371863,2025-06-14 07:00:54,43.2879753112793,-8.86122989654541,"Unknown"
"7014854",371863,2025-06-14 07:05:55,43.2876510620117,-8.86083793640137,"Unknown"
"7014854",371863,2025-06-14 07:10:54,43.2878799438477,-8.86159610748291,"Unknown"
"7014854",371863,2025-06-14 07:15:54,43.2880172729492,-8.8615140914917,"Unknown"
"7014854",371863,2025-06-14 07:20:54,43.2874755859375,-8.86095237731934,"Unknown"
"7014854",371863,2025-06-14 07:25:53,43.2869338989258,-8.85995101928711,"Unknown"
"7014854",371863,2025-06-14 07:31:31,43.2943382263184,-8.8397331237793,"Unknown"
"7014854",371863,2025-06-14 07:36:12,43.2942886352539,-8.83973789215088,"Unknown"
"7014854",371863,2025-06-14 07:41:26,43.2942581176758,-8.83977317810059,"Unknown"
"7014854",371863,2025-06-14 07:45:54,43.2941398620605,-8.83983516693115,"Unknown"
"7014854",371863,2025-06-14 07:50:57,43.2941741943359,-8.83976936340332,"Unknown"
"7014854",371863,2025-06-14 07:55:56,43.294116973877,-8.83977699279785,"Unknown"
"7014854",371863,2025-06-14 08:00:55,43.2941131591797,-8.83977508544922,"Unknown"
"7014854",371863,2025-06-14 08:05:54,43.2942047119141,-8.83976554870605,"Unknown"
"7014854",371863,2025-06-14 08:10:55,43.2942657470703,-8.83982086181641,"Unknown"
"7014854",371863,2025-06-14 08:15:54,43.2944030761719,-8.83968257904053,"Unknown"
"7014854",371863,2025-06-14 08:20:54,43.2944526672363,-8.83987903594971,"Unknown"
"7014854",371863,2025-06-14 08:25:56,43.2942695617676,-8.83985710144043,"Unknown"
"7014854",371863,2025-06-14 08:30:59,43.2943458557129,-8.8397970199585,"Unknown"
"7014854",371863,2025-06-14 08:35:54,43.2944412231445,-8.83977603912354,"Unknown"
"7014854",371863,2025-06-14 08:40:56,43.29443359375,-8.83973598480225,"Unknown"
"7014854",371863,2025-06-14 08:45:56,43.2945327758789,-8.8397912979126,"Unknown"
"7014854",371863,2025-06-14 08:50:57,43.2943077087402,-8.83980655670166,"Unknown"
"7014854",371863,2025-06-14 08:55:56,43.2942695617676,-8.83983612060547,"Unknown"
"7014854",371863,2025-06-14 09:00:55,43.294261932373,-8.83980655670166,"Unknown"
"7014854",371863,2025-06-14 09:05:58,43.2943916320801,-8.83963012695312,"Unknown"
"7014854",371863,2025-06-14 09:11:06,43.2942581176758,-8.83969020843506,"Unknown"
"7014854",371863,2025-06-14 09:15:55,43.2942161560059,-8.83963489532471,"Unknown"
"7014854",371863,2025-06-14 09:20:58,43.2941589355469,-8.83962249755859,"Unknown"
"7014854",371863,2025-06-14 09:25:59,43.2938537597656,-8.83976078033447,"Unknown"
"7014854",371863,2025-06-14 09:30:58,43.2941818237305,-8.839430809021,"Unknown"
"7014854",371863,2025-06-14 09:36:29,43.2928848266602,-8.84020042419434,"Unknown"
"7014854",371863,2025-06-14 09:41:00,43.294994354248,-8.83923530578613,"Unknown"
"7014854",371863,2025-06-14 09:46:31,43.2951278686523,-8.83919239044189,"Unknown"
"7014854",371863,2025-06-14 09:51:09,43.2942390441895,-8.83977031707764,"Unknown"
"7014854",371863,2025-06-14 09:55:59,43.2941703796387,-8.8398265838623,"Unknown"
"7014854",371863,2025-06-14 10:00:56,43.2940979003906,-8.8397159576416,"Unknown"
"7014854",371863,2025-06-14 10:05:54,43.2998962402344,-8.84173011779785,"Unknown"
"7014854",371863,2025-06-14 10:10:55,43.3145713806152,-8.85666942596436,"Unknown"
"7014854",371863,2025-06-14 10:15:54,43.3280830383301,-8.8516674041748,"Unknown"
"7014854",371863,2025-06-14 10:20:57,43.3578109741211,-8.84525585174561,"Unknown"
"7014854",371863,2025-06-14 10:25:56,43.3603401184082,-8.8411865234375,"Unknown"
"7014854",371863,2025-06-14 10:31:01,43.3602828979492,-8.8410701751709,"Unknown"
"7014854",371863,2025-06-14 10:36:04,43.3602867126465,-8.84102725982666,"Unknown"
"7014854",371863,2025-06-14 10:40:57,43.360294342041,-8.84100532531738,"Unknown"
"7014854",371863,2025-06-14 10:45:59,43.3602638244629,-8.84101867675781,"Unknown"
"7014854",371863,2025-06-14 10:51:14,43.3600997924805,-8.84111022949219,"Unknown"
"7014854",371863,2025-06-14 10:55:54,43.3601150512695,-8.84104251861572,"Unknown"
"7014854",371863,2025-06-14 11:00:54,43.3601608276367,-8.84112071990967,"Unknown"
"7014854",371863,2025-06-14 11:05:54,43.3601379394531,-8.84107208251953,"Unknown"
"7014854",371863,2025-06-14 11:10:55,43.3600959777832,-8.8409595489502,"Unknown"
"7014854",371863,2025-06-14 11:15:54,43.3601341247559,-8.84122180938721,"Unknown"
"7014854",371863,2025-06-14 11:20:54,43.3601493835449,-8.8410177230835,"Unknown"
"7014854",371863,2025-06-14 11:25:54,43.3601341247559,-8.84092807769775,"Unknown"
"7014854",371863,2025-06-14 11:30:54,43.3601455688477,-8.84103202819824,"Unknown"
"7014854",371863,2025-06-14 11:35:54,43.360179901123,-8.84099102020264,"Unknown"
"7014854",371863,2025-06-14 11:40:55,43.3601417541504,-8.84124374389648,"Unknown"
"7014854",371863,2025-06-14 11:46:29,43.3603019714355,-8.84097003936768,"Unknown"
"7014854",371863,2025-06-14 11:50:53,43.3602752685547,-8.8410177230835,"Unknown"
"7014854",371863,2025-06-14 11:55:53,43.3603210449219,-8.84098148345947,"Unknown"
"7014854",371863,2025-06-14 12:00:54,43.3602638244629,-8.84093761444092,"Unknown"
"7014854",371863,2025-06-14 12:05:54,43.3602714538574,-8.84089756011963,"Unknown"
"7014854",371863,2025-06-14 12:10:54,43.3602828979492,-8.84099292755127,"Unknown"
"7014854",371863,2025-06-14 12:15:54,43.3602638244629,-8.84098148345947,"Unknown"
"7014854",371863,2025-06-14 12:20:53,43.3602828979492,-8.84087657928467,"Unknown"
"7014854",371863,2025-06-14 12:25:53,43.3603248596191,-8.84105014801025,"Unknown"
"7014854",371863,2025-06-14 12:30:53,43.3602828979492,-8.84099864959717,"Unknown"
"7014854",371863,2025-06-14 12:35:53,43.3603210449219,-8.84102535247803,"Unknown"
"7014854",371863,2025-06-14 12:40:53,43.360279083252,-8.84097003936768,"Unknown"
"7014854",371863,2025-06-14 12:45:54,43.3602485656738,-8.84097576141357,"Unknown"
"7014854",371863,2025-06-14 12:50:53,43.3602752685547,-8.84093761444092,"Unknown"
"7014854",371863,2025-06-14 12:55:54,43.3602333068848,-8.84093379974365,"Unknown"
"7014854",371863,2025-06-14 13:00:54,43.3602714538574,-8.84092235565186,"Unknown"
"7014854",371863,2025-06-14 13:05:54,43.3605918884277,-8.84102249145508,"Unknown"
"7014854",371863,2025-06-14 13:10:55,43.3603057861328,-8.84095573425293,"Unknown"
"7014854",371863,2025-06-14 13:15:59,43.3601341247559,-8.84082889556885,"Unknown"
"7014854",371863,2025-06-14 13:20:57,43.3603286743164,-8.84098434448242,"Unknown"
"7014854",371863,2025-06-14 13:25:57,43.3604507446289,-8.8408784866333,"Unknown"
"7014854",371863,2025-06-14 13:31:14,43.3604011535645,-8.84090328216553,"Unknown"
"7014854",371863,2025-06-14 13:35:56,43.3605422973633,-8.84090805053711,"Unknown"
"7014854",371863,2025-06-14 13:40:58,43.3603935241699,-8.84091377258301,"Unknown"
"7014854",371863,2025-06-14 13:45:55,43.3603477478027,-8.84090423583984,"Unknown"
"7014854",371863,2025-06-14 13:50:54,43.3603363037109,-8.84089756011963,"Unknown"
"7014854",371863,2025-06-14 13:55:54,43.3603363037109,-8.8409423828125,"Unknown"
"7014854",371863,2025-06-14 14:00:54,43.3603515625,-8.84094333648682,"Unknown"
"7014854",371863,2025-06-14 14:05:54,43.3603096008301,-8.84091472625732,"Unknown"
"7014854",371863,2025-06-14 14:10:54,43.3603019714355,-8.84095764160156,"Unknown"
"7014854",371863,2025-06-14 14:15:54,43.3602905273438,-8.84100818634033,"Unknown"
"7014854",371863,2025-06-14 14:20:54,43.3602828979492,-8.84095859527588,"Unknown"
"7014854",371863,2025-06-14 14:25:54,43.3602256774902,-8.84102630615234,"Unknown"
"7014854",371863,2025-06-14 14:30:54,43.3602600097656,-8.84089946746826,"Unknown"
"7014854",371863,2025-06-14 14:35:54,43.3602104187012,-8.84086322784424,"Unknown"
"7014854",371863,2025-06-14 14:40:58,43.3602066040039,-8.84100437164307,"Unknown"
"7014854",371863,2025-06-14 14:45:58,43.3601989746094,-8.84088897705078,"Unknown"
"7014854",371863,2025-06-14 14:51:06,43.3601913452148,-8.84117031097412,"Unknown"
"7014854",371863,2025-06-14 14:56:11,43.3602027893066,-8.84106540679932,"Unknown"
"7014854",371863,2025-06-14 15:00:55,43.3602142333984,-8.84105110168457,"Unknown"
"7014854",371863,2025-06-14 15:05:58,43.360179901123,-8.84077262878418,"Unknown"
"7014854",371863,2025-06-14 15:11:03,43.3601913452148,-8.84080410003662,"Unknown"
"7014854",371863,2025-06-14 15:16:01,43.3602104187012,-8.84059906005859,"Unknown"
"7014854",371863,2025-06-14 15:21:01,43.3601875305176,-8.84077930450439,"Unknown"
"7014854",371863,2025-06-14 15:26:00,43.3603324890137,-8.84089088439941,"Unknown"
"7014854",371863,2025-06-14 15:31:05,43.3602600097656,-8.84099006652832,"Unknown"
"7014854",371863,2025-06-14 15:35:57,43.3602104187012,-8.84105110168457,"Unknown"
"7014854",371863,2025-06-14 15:40:59,43.3602180480957,-8.84115123748779,"Unknown"
"7014854",371863,2025-06-14 15:46:14,43.3602714538574,-8.84093761444092,"Unknown"
"7014854",371863,2025-06-14 15:50:58,43.3603057861328,-8.84168338775635,"Unknown"
"7014854",371863,2025-06-14 15:56:29,43.3603019714355,-8.84092903137207,"Unknown"
"7014854",371863,2025-06-14 16:00:53,43.360279083252,-8.84112167358398,"Unknown"
"7014854",371863,2025-06-14 16:05:54,43.3602561950684,-8.84104156494141,"Unknown"
"7014854",371863,2025-06-14 16:10:54,43.3602333068848,-8.84107494354248,"Unknown"
"7014854",371863,2025-06-14 16:15:54,43.3603363037109,-8.8411111831665,"Unknown"
"7014854",371863,2025-06-14 16:20:54,43.3602867126465,-8.84101963043213,"Unknown"
"7014854",371863,2025-06-14 16:25:54,43.3602867126465,-8.8410062789917,"Unknown"
"7014854",371863,2025-06-14 16:30:54,43.3602905273438,-8.84099102020264,"Unknown"
"7014854",371863,2025-06-14 16:35:54,43.3603096008301,-8.84109783172607,"Unknown"
"7014854",371863,2025-06-14 16:40:56,43.3603324890137,-8.84109210968018,"Unknown"
"7014854",371863,2025-06-14 16:45:56,43.3603935241699,-8.84123039245605,"Unknown"
"7014854",371863,2025-06-14 16:50:55,43.3604469299316,-8.84123516082764,"Unknown"
"7014854",371863,2025-06-14 16:55:56,43.3602142333984,-8.84089088439941,"Unknown"
"7014854",371863,2025-06-14 17:00:57,43.3604202270508,-8.84134006500244,"Unknown"
"7014854",371863,2025-06-14 17:05:57,43.3603706359863,-8.84112358093262,"Unknown"
"7014854",371863,2025-06-14 17:10:57,43.3603591918945,-8.84102535247803,"Unknown"
"7014854",371863,2025-06-14 17:15:57,43.3604965209961,-8.84142303466797,"Unknown"
"7014854",371863,2025-06-14 17:20:59,43.3603935241699,-8.84126567840576,"Unknown"
"7014854",371863,2025-06-14 17:26:05,43.3603134155273,-8.84095859527588,"Unknown"
"7014854",371863,2025-06-14 17:30:56,43.3601913452148,-8.84093379974365,"Unknown"
"7014854",371863,2025-06-14 17:35:58,43.3603744506836,-8.84125518798828,"Unknown"
"7014854",371863,2025-06-14 17:40:58,43.360481262207,-8.84144115447998,"Unknown"
"7014854",371863,2025-06-14 17:45:57,43.360424041748,-8.84128284454346,"Unknown"
"7014854",371863,2025-06-14 17:50:59,43.3605117797852,-8.84146785736084,"Unknown"
"7014854",371863,2025-06-14 17:55:57,43.3603897094727,-8.84119987487793,"Unknown"
"7014854",371863,2025-06-14 18:00:59,43.3604736328125,-8.84113311767578,"Unknown"
"7014854",371863,2025-06-14 18:05:57,43.328052520752,-8.84321022033691,"Unknown"
"7014854",371863,2025-06-14 18:10:55,43.2993431091309,-8.85756683349609,"Unknown"
"7014854",371863,2025-06-14 18:15:57,43.2883033752441,-8.8618860244751,"Unknown"
"7014854",371863,2025-06-14 18:20:58,43.278938293457,-8.85462665557861,"Unknown"
"7014854",371863,2025-06-14 18:26:05,43.2838554382324,-8.86875915527344,"Unknown"
"7014854",371863,2025-06-14 18:30:58,43.2834167480469,-8.86817264556885,"Unknown"
"7014854",371863,2025-06-14 18:36:06,43.2837867736816,-8.86831283569336,"Unknown"
"7014854",371863,2025-06-14 18:41:00,43.2835159301758,-8.86839771270752,"Unknown"
"7014854",371863,2025-06-14 18:46:07,43.2837677001953,-8.86888980865479,"Unknown"
"7014854",371863,2025-06-14 18:50:56,43.283203125,-8.86927795410156,"Unknown"
"7014854",371863,2025-06-14 18:55:56,43.2834777832031,-8.86890888214111,"Unknown"
"7014854",371863,2025-06-14 19:01:10,43.2837524414062,-8.86914920806885,"Unknown"
"7014854",371863,2025-06-14 19:05:57,43.2830581665039,-8.86869430541992,"Unknown"
"7014854",371863,2025-06-14 19:10:55,43.2758483886719,-8.87003898620605,"Unknown"
"7014854",371863,2025-06-14 19:16:06,43.2755546569824,-8.87037181854248,"Unknown"
"7014854",371863,2025-06-14 19:20:59,43.275447845459,-8.87038898468018,"Unknown"
"7014854",371863,2025-06-14 19:25:59,43.2758178710938,-8.87105369567871,"Unknown"
"7014854",371863,2025-06-14 19:30:57,43.2817115783691,-8.86832332611084,"Unknown"
"7014854",371863,2025-06-14 19:36:06,43.2868270874023,-8.85910797119141,"Unknown"
"7014854",371863,2025-06-14 19:41:06,43.2871170043945,-8.85924243927002,"Unknown"
"7014854",371863,2025-06-14 19:46:06,43.2870712280273,-8.85910701751709,"Unknown"
"7014854",371863,2025-06-14 19:51:10,43.2870903015137,-8.85974788665771,"Unknown"
"7014854",371863,2025-06-14 19:55:58,43.3007125854492,-8.86156558990479,"Unknown"
"7014854",371863,2025-06-14 20:00:56,43.3146438598633,-8.85695648193359,"Unknown"
"7014854",371863,2025-06-14 20:05:56,43.3328514099121,-8.85526275634766,"Unknown"
"7014854",371863,2025-06-14 20:10:57,43.353401184082,-8.84729957580566,"Unknown"
"7014854",371863,2025-06-14 20:16:00,43.3602638244629,-8.84097957611084,"Unknown"
"7014854",371863,2025-06-14 20:20:57,43.3602828979492,-8.84106826782227,"Unknown"
"7014854",371863,2025-06-14 20:26:11,43.3604736328125,-8.84062671661377,"Unknown"
"7014854",371863,2025-06-14 20:31:03,43.3602828979492,-8.84079360961914,"Unknown"
"7014854",371863,2025-06-14 20:35:59,43.3600044250488,-8.84113693237305,"Unknown"
"7014854",371863,2025-06-14 20:40:58,43.3600959777832,-8.84102725982666,"Unknown"
"7014854",371863,2025-06-14 20:46:14,43.3603210449219,-8.84086608886719,"Unknown"
"7014854",371863,2025-06-14 20:50:56,43.3603935241699,-8.84077453613281,"Unknown"
"7014854",371863,2025-06-14 20:55:56,43.3602752685547,-8.84089851379395,"Unknown"
"7014854",371863,2025-06-14 21:00:56,43.3603439331055,-8.84087944030762,"Unknown"
"7014854",371863,2025-06-14 21:05:56,43.360294342041,-8.84078884124756,"Unknown"
"7014854",371863,2025-06-14 21:10:59,43.3605270385742,-8.8407506942749,"Unknown"
"7014854",371863,2025-06-14 21:16:00,43.3601341247559,-8.84125804901123,"Unknown"
"7014854",371863,2025-06-14 21:20:59,43.3601608276367,-8.84149551391602,"Unknown"
"7014854",371863,2025-06-14 21:26:03,43.3598403930664,-8.84103775024414,"Unknown"
"7014854",371863,2025-06-14 21:31:08,43.3593635559082,-8.84086227416992,"Unknown"
"7014854",371863,2025-06-14 21:36:14,43.3593215942383,-8.84066772460938,"Unknown"
"7014854",371863,2025-06-14 21:41:14,43.3593597412109,-8.84067535400391,"Unknown"
"7014854",371863,2025-06-14 21:46:06,43.359546661377,-8.8410816192627,"Unknown"
"7014854",371863,2025-06-14 21:51:06,43.359317779541,-8.84061717987061,"Unknown"
"7014854",371863,2025-06-14 21:55:57,43.3592071533203,-8.84040641784668,"Unknown"
"7014854",371863,2025-06-14 22:01:29,43.360107421875,-8.84080505371094,"Unknown"
"7014854",371863,2025-06-14 22:05:55,43.3601989746094,-8.8408727645874,"Unknown"
"7014854",371863,2025-06-14 22:10:54,43.3602752685547,-8.84092903137207,"Unknown"
"7014854",371863,2025-06-14 22:15:54,43.3603210449219,-8.84097766876221,"Unknown"
"7014854",371863,2025-06-14 22:20:55,43.3603210449219,-8.84100532531738,"Unknown"
"7014854",371863,2025-06-14 22:25:55,43.3603210449219,-8.84098529815674,"Unknown"
"7014854",371863,2025-06-14 22:30:54,43.3603096008301,-8.84104537963867,"Unknown"
"7014854",371863,2025-06-14 22:35:54,43.3602981567383,-8.84108257293701,"Unknown"
"7014854",371863,2025-06-14 22:40:54,43.3602981567383,-8.84102153778076,"Unknown"
"7014854",371863,2025-06-14 22:45:54,43.3602981567383,-8.84098148345947,"Unknown"
"7014854",371863,2025-06-14 22:50:56,43.3602867126465,-8.84091758728027,"Unknown"
"7014854",371863,2025-06-14 22:55:55,43.3603134155273,-8.84092330932617,"Unknown"
"7014854",371863,2025-06-14 23:00:55,43.3602714538574,-8.84100341796875,"Unknown"
"7014854",371863,2025-06-14 23:05:55,43.3603096008301,-8.84093379974365,"Unknown"
"7014854",371863,2025-06-14 23:10:55,43.3603439331055,-8.84090518951416,"Unknown"
"7014854",371863,2025-06-14 23:15:54,43.3602409362793,-8.84091186523438,"Unknown"
"7014854",371863,2025-06-14 23:20:56,43.3602447509766,-8.84095478057861,"Unknown"
"7014854",371863,2025-06-14 23:25:55,43.3602752685547,-8.8409481048584,"Unknown"
"7014854",371863,2025-06-14 23:30:55,43.3602409362793,-8.84093189239502,"Unknown"
"7014854",371863,2025-06-14 23:35:55,43.3602447509766,-8.84091949462891,"Unknown"
"7014854",371863,2025-06-14 23:40:55,43.3602714538574,-8.84096336364746,"Unknown"
"7014854",371863,2025-06-14 23:45:55,43.3602104187012,-8.84086418151855,"Unknown"
"7014854",371863,2025-06-14 23:50:55,43.360221862793,-8.84089851379395,"Unknown"
"7014854",371863,2025-06-14 23:55:55,43.3602294921875,-8.84090709686279,"Unknown"
"7014854",371863,2025-06-15 00:00:55,43.3602409362793,-8.84089660644531,"Unknown"
"7014854",371863,2025-06-15 00:05:56,43.3602180480957,-8.84086322784424,"Unknown"
"7014854",371863,2025-06-15 00:10:56,43.3602104187012,-8.84085083007812,"Unknown"
"7014854",371863,2025-06-15 00:16:14,43.360050201416,-8.84092712402344,"Unknown"
"7014854",371863,2025-06-15 00:20:55,43.360107421875,-8.84089183807373,"Unknown"
"7014854",371863,2025-06-15 00:25:55,43.3600997924805,-8.84087181091309,"Unknown"
"7014854",371863,2025-06-15 00:30:55,43.3600845336914,-8.84091377258301,"Unknown"
"7014854",371863,2025-06-15 00:35:56,43.3600540161133,-8.84088802337646,"Unknown"
"7014854",371863,2025-06-15 00:40:55,43.3601379394531,-8.84089469909668,"Unknown"
"7014854",371863,2025-06-15 00:45:56,43.3601264953613,-8.84072303771973,"Unknown"
"7014854",371863,2025-06-15 00:50:56,43.3601684570312,-8.84076118469238,"Unknown"
"7014854",371863,2025-06-15 00:55:55,43.3601570129395,-8.84078502655029,"Unknown"
"7014854",371863,2025-06-15 01:00:55,43.3601303100586,-8.84076118469238,"Unknown"
"7014854",371863,2025-06-15 01:05:56,43.3600883483887,-8.84088611602783,"Unknown"
"7014854",371863,2025-06-15 01:10:56,43.3601036071777,-8.8408317565918,"Unknown"
"7014854",371863,2025-06-15 01:15:57,43.3600234985352,-8.84082794189453,"Unknown"
"7014854",371863,2025-06-15 01:20:55,43.3600730895996,-8.84075546264648,"Unknown"
"7014854",371863,2025-06-15 01:25:55,43.3601188659668,-8.84082317352295,"Unknown"
"7014854",371863,2025-06-15 01:30:58,43.3603248596191,-8.84086990356445,"Unknown"
"7014854",371863,2025-06-15 01:35:56,43.3600845336914,-8.84069919586182,"Unknown"
"7014854",371863,2025-06-15 01:40:58,43.3602256774902,-8.84067344665527,"Unknown"
"7014854",371863,2025-06-15 01:45:56,43.3603172302246,-8.84065532684326,"Unknown"
"7014854",371863,2025-06-15 01:50:58,43.3600578308105,-8.84074974060059,"Unknown"
"7014854",371863,2025-06-15 01:55:55,43.3602142333984,-8.84072113037109,"Unknown"
"7014854",371863,2025-06-15 02:00:56,43.3602561950684,-8.84069728851318,"Unknown"
"7014854",371863,2025-06-15 02:05:55,43.3602828979492,-8.84074783325195,"Unknown"
"7014854",371863,2025-06-15 02:10:55,43.3602561950684,-8.84066581726074,"Unknown"
"7014854",371863,2025-06-15 02:15:57,43.3603897094727,-8.84058856964111,"Unknown"
"7014854",371863,2025-06-15 02:20:55,43.3604507446289,-8.84079360961914,"Unknown"
"7014854",371863,2025-06-15 02:25:55,43.3605117797852,-8.84079933166504,"Unknown"
"7014854",371863,2025-06-15 02:30:55,43.3605422973633,-8.84078502655029,"Unknown"
"7014854",371863,2025-06-15 02:35:55,43.3605117797852,-8.84078598022461,"Unknown"
"7014854",371863,2025-06-15 02:40:55,43.3605537414551,-8.84081077575684,"Unknown"
"7014854",371863,2025-06-15 02:45:55,43.3605270385742,-8.84078979492188,"Unknown"
"7014854",371863,2025-06-15 02:50:55,43.3604850769043,-8.8408203125,"Unknown"
"7014854",371863,2025-06-15 02:55:57,43.3604583740234,-8.84077835083008,"Unknown"
"7014854",371863,2025-06-15 03:00:56,43.3602905273438,-8.84064865112305,"Unknown"
"7014854",371863,2025-06-15 03:05:57,43.3604583740234,-8.84087181091309,"Unknown"
"7014854",371863,2025-06-15 03:10:55,43.3604850769043,-8.84098243713379,"Unknown"
"7014854",371863,2025-06-15 03:15:56,43.360466003418,-8.84100246429443,"Unknown"
"7014854",371863,2025-06-15 03:20:56,43.3605079650879,-8.84096431732178,"Unknown"
"7014854",371863,2025-06-15 03:25:56,43.3605003356934,-8.84091377258301,"Unknown"
"7014854",371863,2025-06-15 03:30:56,43.3604469299316,-8.84089660644531,"Unknown"
"7014854",371863,2025-06-15 03:35:57,43.3604354858398,-8.84089469909668,"Unknown"
"7014854",371863,2025-06-15 03:40:57,43.3603935241699,-8.84086608886719,"Unknown"
"7014854",371863,2025-06-15 03:45:56,43.3603096008301,-8.84080028533936,"Unknown"
"7014854",371863,2025-06-15 03:50:55,43.3604545593262,-8.84093761444092,"Unknown"
"7014854",371863,2025-06-15 03:55:56,43.3603477478027,-8.84081172943115,"Unknown"
"7014854",371863,2025-06-15 04:00:57,43.3603706359863,-8.84081363677979,"Unknown"
"7014854",371863,2025-06-15 04:05:55,43.3603477478027,-8.84078788757324,"Unknown"
"7014854",371863,2025-06-15 04:10:57,43.3603324890137,-8.8408374786377,"Unknown"
"7014854",371863,2025-06-15 04:15:58,43.3604545593262,-8.84086036682129,"Unknown"
"7014854",371863,2025-06-15 04:20:58,43.3603935241699,-8.8408260345459,"Unknown"
"7014854",371863,2025-06-15 04:25:59,43.3604049682617,-8.84083652496338,"Unknown"
"7014854",371863,2025-06-15 04:31:06,43.3604164123535,-8.84089946746826,"Unknown"
"7014854",371863,2025-06-15 04:36:00,43.3603897094727,-8.84086608886719,"Unknown"
"7014854",371863,2025-06-15 04:41:04,43.360408782959,-8.8410530090332,"Unknown"
"7014854",371863,2025-06-15 04:46:00,43.3603858947754,-8.84106254577637,"Unknown"
"7014854",371863,2025-06-15 04:51:04,43.3603630065918,-8.84106254577637,"Unknown"
"7014854",371863,2025-06-15 04:56:01,43.3603515625,-8.84103965759277,"Unknown"
"7014854",371863,2025-06-15 05:01:01,43.3603248596191,-8.84113597869873,"Unknown"
"7014854",371863,2025-06-15 05:06:00,43.3601837158203,-8.84104251861572,"Unknown"
"7014854",371863,2025-06-15 05:10:59,43.360279083252,-8.84100914001465,"Unknown"
"7014854",371863,2025-06-15 05:15:59,43.3600959777832,-8.84104442596436,"Unknown"
"7014854",371863,2025-06-15 05:20:56,43.3611106872559,-8.84105396270752,"Unknown"
"7014854",371863,2025-06-15 05:25:56,43.3360900878906,-8.85868740081787,"Unknown"
"7014854",371863,2025-06-15 05:30:55,43.3042182922363,-8.84539985656738,"Unknown"
"7014854",371863,2025-06-15 05:36:10,43.294319152832,-8.83996486663818,"Unknown"
"7014854",371863,2025-06-15 05:41:01,43.2941932678223,-8.83994197845459,"Unknown"
"7014854",371863,2025-06-15 05:46:11,43.2943382263184,-8.83993721008301,"Unknown"
"7014854",371863,2025-06-15 05:51:01,43.2951507568359,-8.83988857269287,"Unknown"
"7014854",371863,2025-06-15 05:55:56,43.2948875427246,-8.83968544006348,"Unknown"
"7014854",371863,2025-06-15 06:02:14,43.2904281616211,-8.83285331726074,"Unknown"
"7014854",371863,2025-06-15 06:05:55,43.2904052734375,-8.83279514312744,"Unknown"
"7014854",371863,2025-06-15 06:11:05,43.2902717590332,-8.83274173736572,"Unknown"
"7014854",371863,2025-06-15 06:16:01,43.2906303405762,-8.8335485458374,"Unknown"
"7014854",371863,2025-06-15 06:20:59,43.2925033569336,-8.83646297454834,"Unknown"
"7014854",371863,2025-06-15 06:25:57,43.2942504882812,-8.8395357131958,"Unknown"
"7014854",371863,2025-06-15 06:31:38,43.2942237854004,-8.8396463394165,"Unknown"
"7014854",371863,2025-06-15 06:36:06,43.2941780090332,-8.8395881652832,"Unknown"
"7014854",371863,2025-06-15 06:40:57,43.2942543029785,-8.83961009979248,"Unknown"
"7014854",371863,2025-06-15 06:46:29,43.2942008972168,-8.83952713012695,"Unknown"
"7014854",371863,2025-06-15 06:50:58,43.2940826416016,-8.83951282501221,"Unknown"
"7014854",371863,2025-06-15 06:56:06,43.2942810058594,-8.83952045440674,"Unknown"
"7014854",371863,2025-06-15 07:01:06,43.2789459228516,-8.83507251739502,"Unknown"
"7014854",371863,2025-06-15 07:05:59,43.2888832092285,-8.83248138427734,"Unknown"
"7014854",371863,2025-06-15 07:11:06,43.2777976989746,-8.83469581604004,"Unknown"
"7014854",371863,2025-06-15 07:17:18,43.294246673584,-8.83976078033447,"Unknown"
"7014854",371863,2025-06-15 07:21:57,43.2942733764648,-8.83968830108643,"Unknown"
"7014854",371863,2025-06-15 07:26:22,43.2943458557129,-8.83974075317383,"Unknown"
"7014854",371863,2025-06-15 07:31:08,43.294361114502,-8.83971977233887,"Unknown"
"7014854",371863,2025-06-15 07:36:03,43.2941818237305,-8.83971881866455,"Unknown"
"7014854",371863,2025-06-15 07:41:05,43.2943305969238,-8.83980655670166,"Unknown"
"7014854",371863,2025-06-15 07:45:56,43.2948341369629,-8.83961868286133,"Unknown"
"7014854",371863,2025-06-15 07:50:57,43.2942237854004,-8.83974170684814,"Unknown"
"7014854",371863,2025-06-15 07:55:59,43.2941665649414,-8.83978652954102,"Unknown"
"7014854",371863,2025-06-15 08:01:01,43.2943115234375,-8.83985996246338,"Unknown"
"7014854",371863,2025-06-15 08:06:29,43.2943115234375,-8.83969974517822,"Unknown"
"7014854",371863,2025-06-15 08:10:56,43.2942886352539,-8.83936786651611,"Unknown"
"7014854",371863,2025-06-15 08:16:00,43.2939758300781,-8.84061527252197,"Unknown"
"7014854",371863,2025-06-15 08:20:57,43.2941474914551,-8.83866119384766,"Unknown"
"7014854",371863,2025-06-15 08:25:57,43.2941360473633,-8.83969974517822,"Unknown"
"7014854",371863,2025-06-15 08:31:01,43.2944030761719,-8.83978939056396,"Unknown"
"7014854",371863,2025-06-15 08:35:58,43.2944869995117,-8.83968448638916,"Unknown"
"7014854",371863,2025-06-15 08:40:55,43.2946853637695,-8.85706043243408,"Unknown"
"7014854",371863,2025-06-15 08:45:55,43.2951278686523,-8.86429214477539,"Unknown"
"7014854",371863,2025-06-15 08:50:56,43.2953987121582,-8.86179256439209,"Unknown"
"7014854",371863,2025-06-15 08:55:59,43.2951469421387,-8.86149120330811,"Unknown"
"7014854",371863,2025-06-15 09:00:56,43.2951240539551,-8.86147308349609,"Unknown"
"7014854",371863,2025-06-15 09:05:55,43.2954978942871,-8.86169624328613,"Unknown"
"7014854",371863,2025-06-15 09:10:59,43.295841217041,-8.86184120178223,"Unknown"
"7014854",371863,2025-06-15 09:15:56,43.2956924438477,-8.86119842529297,"Unknown"
"7014854",371863,2025-06-15 09:20:55,43.2957038879395,-8.86122035980225,"Unknown"
"7014854",371863,2025-06-15 09:26:06,43.2956733703613,-8.86122131347656,"Unknown"
"7014854",371863,2025-06-15 09:30:55,43.2957191467285,-8.86119747161865,"Unknown"
"7014854",371863,2025-06-15 09:36:11,43.2960243225098,-8.85998439788818,"Unknown"
"7014854",371863,2025-06-15 09:40:58,43.2910614013672,-8.86258411407471,"Unknown"
"7014854",371863,2025-06-15 09:45:54,43.2953872680664,-8.84530925750732,"Unknown"
"7014854",371863,2025-06-15 09:51:05,43.2943077087402,-8.83971405029297,"Unknown"
"7014854",371863,2025-06-15 09:56:14,43.2943344116211,-8.83969783782959,"Unknown"
"7014854",371863,2025-06-15 10:00:58,43.29443359375,-8.8391695022583,"Unknown"
"7014854",371863,2025-06-15 10:06:14,43.2943344116211,-8.83957576751709,"Unknown"
"7014854",371863,2025-06-15 10:11:03,43.2944679260254,-8.83940887451172,"Unknown"
"7014854",371863,2025-06-15 10:15:55,43.2945899963379,-8.83973407745361,"Unknown"
"7014854",371863,2025-06-15 10:20:56,43.2949676513672,-8.840087890625,"Unknown"
"7014854",371863,2025-06-15 10:26:14,43.295036315918,-8.84018516540527,"Unknown"
"7014854",371863,2025-06-15 10:30:59,43.2942276000977,-8.83993911743164,"Unknown"
"7014854",371863,2025-06-15 10:36:01,43.2943572998047,-8.83937740325928,"Unknown"
"7014854",371863,2025-06-15 10:42:02,43.2944564819336,-8.84028244018555,"Unknown"
"7014854",371863,2025-06-15 10:45:59,43.2942123413086,-8.84024620056152,"Unknown"
"7014854",371863,2025-06-15 10:51:00,43.2942352294922,-8.84029579162598,"Unknown"
"7014854",371863,2025-06-15 10:55:57,43.2942810058594,-8.84017848968506,"Unknown"
"7014854",371863,2025-06-15 11:00:55,43.2942161560059,-8.84016036987305,"Unknown"
"7014854",371863,2025-06-15 11:05:56,43.2940330505371,-8.83931922912598,"Unknown"
"7014854",371863,2025-06-15 11:11:01,43.2942276000977,-8.84012222290039,"Unknown"
"7014854",371863,2025-06-15 11:16:10,43.2939224243164,-8.84018802642822,"Unknown"
"7014854",371863,2025-06-15 11:20:59,43.2941970825195,-8.84014987945557,"Unknown"
"7014854",371863,2025-06-15 11:27:16,43.2938995361328,-8.84031963348389,"Unknown"
"7014854",371863,2025-06-15 11:30:59,43.2942085266113,-8.84013271331787,"Unknown"
"7014854",371863,2025-06-15 11:36:39,43.2935676574707,-8.8398323059082,"Unknown"
"7014854",371863,2025-06-15 11:40:55,43.2942771911621,-8.84014129638672,"Unknown"
"7014854",371863,2025-06-15 11:45:56,43.2944107055664,-8.83957862854004,"Unknown"
"7014854",371863,2025-06-15 11:50:58,43.2944374084473,-8.83970642089844,"Unknown"
"7014854",371863,2025-06-15 11:55:57,43.2943000793457,-8.83932495117188,"Unknown"
"7014854",371863,2025-06-15 12:00:55,43.3040962219238,-8.85526371002197,"Unknown"
"7014854",371863,2025-06-15 12:05:55,43.3149452209473,-8.85667324066162,"Unknown"
"7014854",371863,2025-06-15 12:10:56,43.314281463623,-8.85699462890625,"Unknown"
"7014854",371863,2025-06-15 12:15:55,43.3218193054199,-8.86663913726807,"Unknown"
"7014854",371863,2025-06-15 12:20:55,43.3229522705078,-8.84837436676025,"Unknown"
"7014854",371863,2025-06-15 12:25:55,43.342113494873,-8.85140705108643,"Unknown"
"7014854",371863,2025-06-15 12:30:55,43.3579025268555,-8.84668254852295,"Unknown"
"7014854",371863,2025-06-15 12:35:55,43.3604469299316,-8.84095096588135,"Unknown"
"7014854",371863,2025-06-15 12:40:56,43.3603935241699,-8.8410120010376,"Unknown"
"7014854",371863,2025-06-15 12:45:56,43.3604431152344,-8.84092140197754,"Unknown"
"7014854",371863,2025-06-15 12:50:56,43.3604545593262,-8.84093189239502,"Unknown"
"7014854",371863,2025-06-15 12:55:55,43.3604354858398,-8.84095287322998,"Unknown"
"7014854",371863,2025-06-15 13:00:55,43.3604850769043,-8.84094047546387,"Unknown"
"7014854",371863,2025-06-15 13:05:55,43.3604621887207,-8.84089279174805,"Unknown"
"7014854",371863,2025-06-15 13:10:55,43.3604545593262,-8.84090614318848,"Unknown"
"7014854",371863,2025-06-15 13:15:56,43.3606109619141,-8.84095764160156,"Unknown"
"7014854",371863,2025-06-15 13:20:55,43.3605804443359,-8.84078502655029,"Unknown"
"7014854",371863,2025-06-15 13:25:55,43.3605499267578,-8.84083557128906,"Unknown"
"7014854",371863,2025-06-15 13:30:56,43.3606147766113,-8.84095001220703,"Unknown"
"7014854",371863,2025-06-15 13:35:55,43.3605537414551,-8.84086990356445,"Unknown"
"7014854",371863,2025-06-15 13:40:55,43.3606033325195,-8.84084033966064,"Unknown"
"7014854",371863,2025-06-15 13:45:55,43.3606491088867,-8.84097290039062,"Unknown"
"7014854",371863,2025-06-15 13:50:55,43.3605880737305,-8.84093189239502,"Unknown"
"7014854",371863,2025-06-15 13:55:55,43.3605995178223,-8.84096622467041,"Unknown"
"7014854",371863,2025-06-15 14:00:55,43.360595703125,-8.84097671508789,"Unknown"
"7014854",371863,2025-06-15 14:05:55,43.3606414794922,-8.84096813201904,"Unknown"
"7014854",371863,2025-06-15 14:10:55,43.3605766296387,-8.84108638763428,"Unknown"
"7014854",371863,2025-06-15 14:15:55,43.3606033325195,-8.84106349945068,"Unknown"
"7014854",371863,2025-06-15 14:20:55,43.3605422973633,-8.84105014801025,"Unknown"
"7014854",371863,2025-06-15 14:25:55,43.3605728149414,-8.84109020233154,"Unknown"
"7014854",371863,2025-06-15 14:30:55,43.3605728149414,-8.84120655059814,"Unknown"
"7014854",371863,2025-06-15 14:35:55,43.3605651855469,-8.84115505218506,"Unknown"
"7014854",371863,2025-06-15 14:40:55,43.360652923584,-8.84099292755127,"Unknown"
"7014854",371863,2025-06-15 14:45:55,43.3605346679688,-8.84131908416748,"Unknown"
"7014854",371863,2025-06-15 14:50:55,43.3605499267578,-8.84108066558838,"Unknown"
"7014854",371863,2025-06-15 14:55:55,43.3606033325195,-8.84100246429443,"Unknown"
"7014854",371863,2025-06-15 15:00:55,43.3606262207031,-8.84101676940918,"Unknown"
"7014854",371863,2025-06-15 15:05:56,43.3607025146484,-8.84092426300049,"Unknown"
"7014854",371863,2025-06-15 15:10:55,43.3607063293457,-8.84097194671631,"Unknown"
"7014854",371863,2025-06-15 15:15:56,43.3606872558594,-8.84098052978516,"Unknown"
"7014854",371863,2025-06-15 15:20:56,43.3606948852539,-8.84099864959717,"Unknown"
"7014854",371863,2025-06-15 15:25:55,43.3605194091797,-8.84120655059814,"Unknown"
"7014854",371863,2025-06-15 15:30:55,43.360523223877,-8.84104537963867,"Unknown"
"7014854",371863,2025-06-15 15:35:55,43.3605117797852,-8.84110355377197,"Unknown"
"7014854",371863,2025-06-15 15:40:55,43.3603668212891,-8.84093952178955,"Unknown"
"7014854",371863,2025-06-15 15:45:55,43.3605842590332,-8.84094619750977,"Unknown"
"7014854",371863,2025-06-15 15:50:55,43.3606452941895,-8.84095287322998,"Unknown"
"7014854",371863,2025-06-15 15:55:56,43.3606224060059,-8.84096527099609,"Unknown"
"7014854",371863,2025-06-15 16:00:56,43.3606033325195,-8.84093952178955,"Unknown"
"7014854",371863,2025-06-15 16:05:56,43.3606300354004,-8.84097385406494,"Unknown"
"7014854",371863,2025-06-15 16:10:56,43.3605995178223,-8.84101867675781,"Unknown"
"7014854",371863,2025-06-15 16:15:56,43.3605804443359,-8.84107398986816,"Unknown"
"7014854",371863,2025-06-15 16:20:56,43.3605766296387,-8.84103488922119,"Unknown"
"7014854",371863,2025-06-15 16:26:07,43.3605804443359,-8.84114646911621,"Unknown"
"7014854",371863,2025-06-15 16:31:07,43.3605728149414,-8.84116840362549,"Unknown"
"7014854",371863,2025-06-15 16:36:07,43.3606147766113,-8.84116840362549,"Unknown"
"7014854",371863,2025-06-15 16:41:08,43.3605690002441,-8.84123516082764,"Unknown"
"7014854",371863,2025-06-15 16:46:07,43.3606071472168,-8.84124565124512,"Unknown"
"7014854",371863,2025-06-15 16:51:07,43.3606300354004,-8.84125232696533,"Unknown"
"7014854",371863,2025-06-15 16:56:07,43.3605079650879,-8.84126758575439,"Unknown"
"7014854",371863,2025-06-15 17:01:07,43.3605918884277,-8.84127616882324,"Unknown"
"7014854",371863,2025-06-15 17:06:52,43.3603363037109,-8.8408842086792,"Unknown"
"7014854",371863,2025-06-15 17:10:54,43.3603401184082,-8.84088134765625,"Unknown"
"7014854",371863,2025-06-15 17:15:55,43.3604202270508,-8.84074783325195,"Unknown"
"7014854",371863,2025-06-15 17:20:55,43.3604278564453,-8.8407564163208,"Unknown"
"7014854",371863,2025-06-15 17:25:55,43.3604431152344,-8.84080410003662,"Unknown"
"7014854",371863,2025-06-15 17:30:55,43.3604393005371,-8.84092807769775,"Unknown"
"7014854",371863,2025-06-15 17:35:55,43.3604354858398,-8.84088897705078,"Unknown"
"7014854",371863,2025-06-15 17:40:55,43.3604545593262,-8.84093189239502,"Unknown"
"7014854",371863,2025-06-15 17:45:55,43.3605003356934,-8.84093189239502,"Unknown"
"7014854",371863,2025-06-15 17:50:55,43.3605766296387,-8.84098720550537,"Unknown"
"7014854",371863,2025-06-15 17:55:55,43.3605041503906,-8.84104061126709,"Unknown"
"7014854",371863,2025-06-15 18:00:55,43.3604545593262,-8.84106159210205,"Unknown"
"7014854",371863,2025-06-15 18:05:55,43.3604507446289,-8.84103488922119,"Unknown"
"7014854",371863,2025-06-15 18:10:55,43.3604507446289,-8.84102249145508,"Unknown"
"7014854",371863,2025-06-15 18:15:55,43.3605308532715,-8.84110641479492,"Unknown"
"7014854",371863,2025-06-15 18:20:55,43.3605842590332,-8.84102725982666,"Unknown"
"7014854",371863,2025-06-15 18:25:55,43.3605346679688,-8.84103202819824,"Unknown"
"7014854",371863,2025-06-15 18:30:55,43.3605880737305,-8.8410530090332,"Unknown"
"7014854",371863,2025-06-15 18:35:55,43.3605422973633,-8.84107112884521,"Unknown"
"7014854",371863,2025-06-15 18:40:55,43.3605499267578,-8.84108924865723,"Unknown"
"7014854",371863,2025-06-15 18:46:00,43.360408782959,-8.84103298187256,"Unknown"
"7014854",371863,2025-06-15 18:50:55,43.360523223877,-8.84108638763428,"Unknown"
"7014854",371863,2025-06-15 18:55:55,43.3604850769043,-8.84108829498291,"Unknown"
"7014854",371863,2025-06-15 19:00:55,43.3604202270508,-8.84105587005615,"Unknown"
"7014854",371863,2025-06-15 19:05:55,43.3605422973633,-8.84118461608887,"Unknown"
"7014854",371863,2025-06-15 19:10:55,43.3604774475098,-8.84112644195557,"Unknown"
"7014854",371863,2025-06-15 19:15:55,43.360523223877,-8.84115123748779,"Unknown"
"7014854",371863,2025-06-15 19:20:55,43.3605079650879,-8.84115505218506,"Unknown"
"7014854",371863,2025-06-15 19:25:55,43.3605155944824,-8.84120941162109,"Unknown"
"7014854",371863,2025-06-15 19:30:58,43.3605270385742,-8.84115123748779,"Unknown"
"7014854",371863,2025-06-15 19:35:57,43.3605155944824,-8.84117603302002,"Unknown"
"7014854",371863,2025-06-15 19:40:55,43.3604469299316,-8.84119987487793,"Unknown"
"7014854",371863,2025-06-15 19:45:55,43.360408782959,-8.8411693572998,"Unknown"
"7014854",371863,2025-06-15 19:50:55,43.3603973388672,-8.84110641479492,"Unknown"
"7014854",371863,2025-06-15 19:55:55,43.3603401184082,-8.84107398986816,"Unknown"
"7014854",371863,2025-06-15 20:00:55,43.3603324890137,-8.84103870391846,"Unknown"
"7014854",371863,2025-06-15 20:05:58,43.3604202270508,-8.8412504196167,"Unknown"
"7014854",371863,2025-06-15 20:11:00,43.3603630065918,-8.84114456176758,"Unknown"
"7014854",371863,2025-06-15 20:16:00,43.3608665466309,-8.84185314178467,"Unknown"
"7014854",371863,2025-06-15 20:20:57,43.3649635314941,-8.85168552398682,"Unknown"
"7014854",371863,2025-06-15 20:26:03,43.360221862793,-8.84119415283203,"Unknown"
"7014854",371863,2025-06-15 20:31:21,43.3484039306641,-8.84102344512939,"Unknown"
"7014854",371863,2025-06-15 20:35:56,43.3455581665039,-8.85216236114502,"Unknown"
"7014854",371863,2025-06-15 20:41:10,43.3588218688965,-8.84804534912109,"Unknown"
"7014854",371863,2025-06-15 20:46:10,43.3581504821777,-8.84828853607178,"Unknown"
"7014854",371863,2025-06-15 20:51:06,43.3453178405762,-8.84020328521729,"Unknown"
"7014854",371863,2025-06-15 20:56:10,43.3441848754883,-8.83986663818359,"Unknown"
"7014854",371863,2025-06-15 21:01:30,43.3602561950684,-8.84091472625732,"Unknown"
"7014854",371863,2025-06-15 21:05:54,43.3602981567383,-8.84092044830322,"Unknown"
"7014854",371863,2025-06-15 21:10:54,43.3602523803711,-8.84085083007812,"Unknown"
"7014854",371863,2025-06-15 21:15:54,43.3603553771973,-8.84095764160156,"Unknown"
"7014854",371863,2025-06-15 21:20:54,43.3603363037109,-8.84096050262451,"Unknown"
"7014854",371863,2025-06-15 21:25:54,43.3603057861328,-8.84092044830322,"Unknown"
"7014854",371863,2025-06-15 21:30:54,43.3603401184082,-8.84093570709229,"Unknown"
"7014854",371863,2025-06-15 21:35:54,43.3602676391602,-8.84094715118408,"Unknown"
"7014854",371863,2025-06-15 21:40:54,43.3603134155273,-8.8408899307251,"Unknown"
"7014854",371863,2025-06-15 21:45:54,43.3603057861328,-8.84093856811523,"Unknown"
"7014854",371863,2025-06-15 21:50:55,43.3602523803711,-8.84097385406494,"Unknown"
"7014854",371863,2025-06-15 21:55:54,43.3603057861328,-8.84101295471191,"Unknown"
"7014854",371863,2025-06-15 22:00:54,43.3602714538574,-8.84098815917969,"Unknown"
"7014854",371863,2025-06-15 22:05:55,43.3600234985352,-8.84066772460938,"Unknown"
"7014854",371863,2025-06-15 22:10:55,43.3602294921875,-8.84087371826172,"Unknown"
"7014854",371863,2025-06-15 22:15:55,43.3602523803711,-8.84084320068359,"Unknown"
"7014854",371863,2025-06-15 22:20:56,43.3599586486816,-8.8405933380127,"Unknown"
"7014854",371863,2025-06-15 22:25:55,43.3593292236328,-8.83890914916992,"Unknown"
"7014854",371863,2025-06-15 22:30:55,43.3598213195801,-8.8405590057373,"Unknown"
"7014854",371863,2025-06-15 22:35:55,43.3601341247559,-8.84068489074707,"Unknown"
"7014854",371863,2025-06-15 22:40:55,43.360164642334,-8.84076881408691,"Unknown"
"7014854",371863,2025-06-15 22:45:55,43.3601455688477,-8.84081363677979,"Unknown"
"7014854",371863,2025-06-15 22:50:55,43.3603439331055,-8.84110069274902,"Unknown"
"7014854",371863,2025-06-15 22:55:55,43.360221862793,-8.84098625183105,"Unknown"
"7014854",371863,2025-06-15 23:00:55,43.3604431152344,-8.84039497375488,"Unknown"
"7014854",371863,2025-06-15 23:05:55,43.3601531982422,-8.84078216552734,"Unknown"
"7014854",371863,2025-06-15 23:10:55,43.3604202270508,-8.84047794342041,"Unknown"
"7014854",371863,2025-06-15 23:15:56,43.3604354858398,-8.84043216705322,"Unknown"
"7014854",371863,2025-06-15 23:20:55,43.3604393005371,-8.84045791625977,"Unknown"
"7014854",371863,2025-06-15 23:25:55,43.3604125976562,-8.84044551849365,"Unknown"
"7014854",371863,2025-06-15 23:30:55,43.3604431152344,-8.84045505523682,"Unknown"
"7014854",371863,2025-06-15 23:35:56,43.3603401184082,-8.84056949615479,"Unknown"
"7014854",371863,2025-06-15 23:40:55,43.3602867126465,-8.84049892425537,"Unknown"
"7014854",371863,2025-06-15 23:45:55,43.3602828979492,-8.84054279327393,"Unknown"
"7014854",371863,2025-06-15 23:50:55,43.3602523803711,-8.84051895141602,"Unknown"
"7014854",371863,2025-06-15 23:55:55,43.3602638244629,-8.84054374694824,"Unknown"
"7014854",371863,2025-06-16 00:00:55,43.3603096008301,-8.84057235717773,"Unknown"
"7014854",371863,2025-06-16 00:05:56,43.3603439331055,-8.84060478210449,"Unknown"
"7014854",371863,2025-06-16 00:10:57,43.3602523803711,-8.840576171875,"Unknown"
"7014854",371863,2025-06-16 00:15:57,43.3603019714355,-8.84067535400391,"Unknown"
"7014854",371863,2025-06-16 00:20:58,43.3602142333984,-8.84073638916016,"Unknown"
"7014854",371863,2025-06-16 00:25:59,43.360164642334,-8.84068870544434,"Unknown"
"7014854",371863,2025-06-16 00:30:58,43.3602561950684,-8.84075450897217,"Unknown"
"7014854",371863,2025-06-16 00:36:00,43.3601913452148,-8.84064769744873,"Unknown"
"7014854",371863,2025-06-16 00:41:29,43.3604049682617,-8.84109210968018,"Unknown"
"7014854",371863,2025-06-16 00:45:56,43.3607368469238,-8.84151363372803,"Unknown"
"7014854",371863,2025-06-16 00:50:55,43.3603935241699,-8.84112644195557,"Unknown"
"7014854",371863,2025-06-16 00:55:55,43.3605651855469,-8.8411979675293,"Unknown"
"7014854",371863,2025-06-16 01:00:55,43.3603591918945,-8.84099006652832,"Unknown"
"7014854",371863,2025-06-16 01:05:55,43.3603820800781,-8.84102058410645,"Unknown"
"7014854",371863,2025-06-16 01:10:55,43.3605690002441,-8.8413257598877,"Unknown"
"7014854",371863,2025-06-16 01:15:58,43.3604469299316,-8.84121894836426,"Unknown"
"7014854",371863,2025-06-16 01:20:58,43.3602638244629,-8.84097671508789,"Unknown"
"7014854",371863,2025-06-16 01:25:59,43.3602600097656,-8.84109973907471,"Unknown"
"7014854",371863,2025-06-16 01:31:01,43.3604545593262,-8.8408899307251,"Unknown"
"7014854",371863,2025-06-16 01:36:13,43.360595703125,-8.84085655212402,"Unknown"
"7014854",371863,2025-06-16 01:40:59,43.3601989746094,-8.84099197387695,"Unknown"
"7014854",371863,2025-06-16 01:46:03,43.3600730895996,-8.84105110168457,"Unknown"
"7014854",371863,2025-06-16 01:51:14,43.3601188659668,-8.84090423583984,"Unknown"
"7014854",371863,2025-06-16 01:55:55,43.360050201416,-8.84087562561035,"Unknown"
"7014854",371863,2025-06-16 02:01:14,43.3601837158203,-8.84089946746826,"Unknown"
"7014854",371863,2025-06-16 02:05:55,43.3604011535645,-8.84099578857422,"Unknown"
"7014854",371863,2025-06-16 02:10:57,43.3600540161133,-8.84079647064209,"Unknown"
"7014854",371863,2025-06-16 02:15:56,43.3597259521484,-8.84049606323242,"Unknown"
"7014854",371863,2025-06-16 02:20:57,43.3598403930664,-8.84052658081055,"Unknown"
"7014854",371863,2025-06-16 02:25:59,43.3599166870117,-8.84061336517334,"Unknown"
"7014854",371863,2025-06-16 02:30:56,43.3597946166992,-8.84067916870117,"Unknown"
"7014854",371863,2025-06-16 02:35:56,43.3603172302246,-8.8407506942749,"Unknown"
"7014854",371863,2025-06-16 02:40:57,43.3600997924805,-8.84080600738525,"Unknown"
"7014854",371863,2025-06-16 02:46:07,43.3470420837402,-8.84199714660645,"Unknown"
"7014854",371863,2025-06-16 02:51:10,43.3608551025391,-8.84104537963867,"Unknown"
"7014854",371863,2025-06-16 02:55:59,43.3601455688477,-8.84072494506836,"Unknown"
"7014854",371863,2025-06-16 03:00:55,43.3602027893066,-8.84077835083008,"Unknown"
"7014854",371863,2025-06-16 03:05:55,43.3601760864258,-8.84082889556885,"Unknown"
"7014854",371863,2025-06-16 03:11:12,43.3603248596191,-8.84093761444092,"Unknown"
"7014854",371863,2025-06-16 03:16:00,43.3602867126465,-8.84086132049561,"Unknown"
"7014854",371863,2025-06-16 03:21:03,43.3601684570312,-8.84084892272949,"Unknown"
"7014854",371863,2025-06-16 03:26:05,43.3606109619141,-8.84085083007812,"Unknown"
"7014854",371863,2025-06-16 03:30:59,43.3597679138184,-8.84093856811523,"Unknown"
"7014854",371863,2025-06-16 03:35:58,43.3607025146484,-8.84085369110107,"Unknown"
"7014854",371863,2025-06-16 03:41:08,43.3603782653809,-8.84090423583984,"Unknown"
"7014854",371863,2025-06-16 03:46:03,43.3603897094727,-8.84087371826172,"Unknown"
"7014854",371863,2025-06-16 03:51:03,43.3604354858398,-8.84086990356445,"Unknown"
"7014854",371863,2025-06-16 03:56:03,43.3604125976562,-8.84087371826172,"Unknown"
"7014854",371863,2025-06-16 04:01:03,43.3604316711426,-8.84087657928467,"Unknown"
"7014854",371863,2025-06-16 04:06:03,43.3604125976562,-8.84085464477539,"Unknown"
"7014854",371863,2025-06-16 04:11:07,43.3604354858398,-8.84086894989014,"Unknown"
"7014854",371863,2025-06-16 04:16:04,43.3604125976562,-8.84085655212402,"Unknown"
"7014854",371863,2025-06-16 04:21:00,43.3593368530273,-8.84218311309814,"Unknown"
"7014854",371863,2025-06-16 04:26:05,43.3604583740234,-8.84114074707031,"Unknown"
"7014854",371863,2025-06-16 04:31:04,43.3604011535645,-8.84123516082764,"Unknown"
"7014854",371863,2025-06-16 04:36:06,43.3604507446289,-8.84115505218506,"Unknown"
"7014854",371863,2025-06-16 04:41:07,43.3604354858398,-8.84116172790527,"Unknown"
"7014854",371863,2025-06-16 04:46:09,43.3605041503906,-8.84107303619385,"Unknown"
"7014854",371863,2025-06-16 04:51:11,43.3605880737305,-8.84091091156006,"Unknown"
"7014854",371863,2025-06-16 04:55:58,43.3600044250488,-8.84149074554443,"Unknown"
"7014854",371863,2025-06-16 05:01:19,43.3603286743164,-8.8411169052124,"Unknown"
"7014854",371863,2025-06-16 05:05:57,43.3605079650879,-8.84100532531738,"Unknown"
"7014854",371863,2025-06-16 05:10:56,43.360595703125,-8.84084892272949,"Unknown"
"7014854",371863,2025-06-16 05:15:55,43.3606338500977,-8.84085750579834,"Unknown"
"7014854",371863,2025-06-16 05:20:56,43.3606338500977,-8.84083652496338,"Unknown"
"7014854",371863,2025-06-16 05:25:55,43.3606147766113,-8.84081745147705,"Unknown"
"7014854",371863,2025-06-16 05:30:56,43.3605842590332,-8.84083080291748,"Unknown"
"7014854",371863,2025-06-16 05:35:55,43.3605728149414,-8.84080219268799,"Unknown"
"7014854",371863,2025-06-16 05:40:55,43.3606300354004,-8.84079360961914,"Unknown"
"7014854",371863,2025-06-16 05:45:55,43.3605804443359,-8.84080505371094,"Unknown"
"7014854",371863,2025-06-16 05:50:55,43.349609375,-8.84305572509766,"Unknown"
"7014854",371863,2025-06-16 05:55:55,43.3234672546387,-8.84836101531982,"Unknown"
"7014854",371863,2025-06-16 06:00:56,43.3132362365723,-8.84268093109131,"Unknown"
"7014854",371863,2025-06-16 06:05:57,43.3133201599121,-8.84269428253174,"Unknown"
"7014854",371863,2025-06-16 06:10:56,43.2981224060059,-8.84006023406982,"Unknown"
"7014854",371863,2025-06-16 06:16:19,43.2945671081543,-8.83980083465576,"Unknown"
"7014854",371863,2025-06-16 06:21:27,43.2945556640625,-8.84002208709717,"Unknown"
"7014854",371863,2025-06-16 06:26:06,43.2946586608887,-8.84005165100098,"Unknown"
"7014854",371863,2025-06-16 06:31:06,43.2947044372559,-8.84001159667969,"Unknown"
"7014854",371863,2025-06-16 06:35:59,43.2945709228516,-8.83978652954102,"Unknown"
"7014854",371863,2025-06-16 06:41:06,43.2945899963379,-8.84008026123047,"Unknown"
"7014854",371863,2025-06-16 06:45:58,43.2944412231445,-8.83986282348633,"Unknown"
"7014854",371863,2025-06-16 06:51:08,43.2944297790527,-8.8398962020874,"Unknown"
"7014854",371863,2025-06-16 06:55:57,43.2944984436035,-8.83980464935303,"Unknown"
"7014854",371863,2025-06-16 07:00:59,43.2945404052734,-8.8397331237793,"Unknown"
"7014854",371863,2025-06-16 07:06:06,43.2946281433105,-8.83967876434326,"Unknown"
"7014854",371863,2025-06-16 07:11:00,43.294490814209,-8.8396692276001,"Unknown"
"7014854",371863,2025-06-16 07:15:55,43.2883644104004,-8.83525276184082,"Unknown"
"7014854",371863,2025-06-16 07:21:00,43.2751312255859,-8.81803035736084,"Unknown"
"7014854",371863,2025-06-16 07:25:58,43.2751884460449,-8.81794548034668,"Unknown"
"7014854",371863,2025-06-16 07:31:02,43.2741317749023,-8.8178071975708,"Unknown"
"7014854",371863,2025-06-16 07:35:55,43.2742156982422,-8.81804466247559,"Unknown"
"7014854",371863,2025-06-16 07:40:57,43.2737426757812,-8.8181266784668,"Unknown"
"7014854",371863,2025-06-16 07:45:59,43.275016784668,-8.81752681732178,"Unknown"
"7014854",371863,2025-06-16 07:50:59,43.275218963623,-8.81731414794922,"Unknown"
"7014854",371863,2025-06-16 07:56:01,43.2759399414062,-8.81661415100098,"Unknown"
"7014854",371863,2025-06-16 08:00:57,43.2614784240723,-8.81852245330811,"Unknown"
"7014854",371863,2025-06-16 08:05:57,43.2446556091309,-8.82648658752441,"Unknown"
"7014854",371863,2025-06-16 08:10:56,43.237548828125,-8.81292724609375,"Unknown"
"7014854",371863,2025-06-16 08:15:56,43.2496643066406,-8.79141712188721,"Unknown"
"7014854",371863,2025-06-16 08:20:55,43.265079498291,-8.77932262420654,"Unknown"
"7014854",371863,2025-06-16 08:25:55,43.2600936889648,-8.76160144805908,"Unknown"
"7014854",371863,2025-06-16 08:30:55,43.2427444458008,-8.75834465026855,"Unknown"
"7014854",371863,2025-06-16 08:35:55,43.2358665466309,-8.74351215362549,"Unknown"
"7014854",371863,2025-06-16 08:40:56,43.2294845581055,-8.72300624847412,"Unknown"
"7014854",371863,2025-06-16 08:45:56,43.2223777770996,-8.70744323730469,"Unknown"
"7014854",371863,2025-06-16 08:51:07,43.2107162475586,-8.69621276855469,"Unknown"
"7014854",371863,2025-06-16 08:56:08,43.2040863037109,-8.66156768798828,"Unknown"
"7014854",371863,2025-06-16 09:01:06,43.197208404541,-8.64468669891357,"Unknown"
"7014854",371863,2025-06-16 09:06:08,43.1873588562012,-8.61179733276367,"Unknown"
"7014854",371863,2025-06-16 09:11:07,43.1793060302734,-8.58596897125244,"Unknown"
"7014854",371863,2025-06-16 09:16:07,43.1733932495117,-8.57251834869385,"Unknown"
"7014854",371863,2025-06-16 09:20:56,43.1597862243652,-8.56939315795898,"Unknown"
"7014854",371863,2025-06-16 09:26:06,43.1591987609863,-8.55240154266357,"Unknown"
"7014854",371863,2025-06-16 09:30:56,43.1497764587402,-8.52059745788574,"Unknown"
"7014854",371863,2025-06-16 09:36:08,43.1399955749512,-8.48718357086182,"Unknown"
"7014854",371863,2025-06-16 09:41:06,43.1304130554199,-8.4718713760376,"Unknown"
"7014854",371863,2025-06-16 09:45:56,43.1302528381348,-8.47196865081787,"Unknown"
"7014854",371863,2025-06-16 09:51:12,43.1190071105957,-8.48302268981934,"Unknown"
"7014854",371863,2025-06-16 09:56:10,43.137336730957,-8.4716682434082,"Unknown"
"7014854",371863,2025-06-16 10:01:09,43.1291275024414,-8.4712963104248,"Unknown"
"7014854",371863,2025-06-16 10:06:13,43.1291999816895,-8.47157764434814,"Unknown"
"7014854",371863,2025-06-16 10:11:07,43.1291351318359,-8.47150325775146,"Unknown"
"7014854",371863,2025-06-16 10:16:07,43.1291618347168,-8.4717960357666,"Unknown"
"7014854",371863,2025-06-16 10:21:07,43.1291389465332,-8.47172069549561,"Unknown"
"7014854",371863,2025-06-16 10:26:04,43.1292152404785,-8.47134494781494,"Unknown"
"7014854",371863,2025-06-16 10:31:05,43.1290588378906,-8.47121047973633,"Unknown"
"7014854",371863,2025-06-16 10:36:03,43.1289749145508,-8.47145938873291,"Unknown"
"7014854",371863,2025-06-16 10:41:06,43.1289329528809,-8.47134876251221,"Unknown"
"7014854",371863,2025-06-16 10:46:29,43.1290283203125,-8.47146797180176,"Unknown"
"7014854",371863,2025-06-16 10:51:07,43.1293907165527,-8.47118282318115,"Unknown"
"7014854",371863,2025-06-16 10:55:58,43.1290245056152,-8.47151660919189,"Unknown"
"7014854",371863,2025-06-16 11:00:58,43.1301307678223,-8.47293281555176,"Unknown"
"7014854",371863,2025-06-16 11:06:00,43.1302757263184,-8.47216415405273,"Unknown"
"7014854",371863,2025-06-16 11:11:03,43.1307640075684,-8.47184467315674,"Unknown"
"7014854",371863,2025-06-16 11:15:56,43.1306915283203,-8.47260284423828,"Unknown"
"7014854",371863,2025-06-16 11:20:58,43.1316184997559,-8.47197914123535,"Unknown"
"7014854",371863,2025-06-16 11:25:55,43.1366386413574,-8.47363376617432,"Unknown"
"7014854",371863,2025-06-16 11:30:57,43.1672592163086,-8.48099231719971,"Unknown"
"7014854",371863,2025-06-16 11:35:57,43.1791801452637,-8.49827098846436,"Unknown"
"7014854",371863,2025-06-16 11:40:57,43.1861610412598,-8.53565502166748,"Unknown"
"7014854",371863,2025-06-16 11:45:56,43.1931419372559,-8.57369041442871,"Unknown"
"7014854",371863,2025-06-16 11:50:58,43.2160415649414,-8.59035491943359,"Unknown"
"7014854",371863,2025-06-16 11:55:57,43.2305145263672,-8.64435291290283,"Unknown"
"7014854",371863,2025-06-16 12:00:59,43.2313995361328,-8.68349075317383,"Unknown"
"7014854",371863,2025-06-16 12:05:56,43.2417449951172,-8.71710395812988,"Unknown"
"7014854",371863,2025-06-16 12:10:59,43.2555656433105,-8.75287055969238,"Unknown"
"7014854",371863,2025-06-16 12:16:00,43.2671318054199,-8.76839733123779,"Unknown"
"7014854",371863,2025-06-16 12:20:59,43.2850646972656,-8.80376148223877,"Unknown"
"7014854",371863,2025-06-16 12:26:10,43.3043746948242,-8.83983707427979,"Unknown"
"7014854",371863,2025-06-16 12:30:59,43.3252487182617,-8.85346412658691,"Unknown"
"7014854",371863,2025-06-16 12:35:58,43.3417701721191,-8.8553581237793,"Unknown"
"7014854",371863,2025-06-16 12:41:01,43.3562965393066,-8.84706592559814,"Unknown"
"7014854",371863,2025-06-16 12:46:11,43.3605117797852,-8.84087371826172,"Unknown"
"7014854",371863,2025-06-16 12:50:59,43.3604621887207,-8.84090137481689,"Unknown"
"7014854",371863,2025-06-16 12:55:59,43.3604507446289,-8.84092998504639,"Unknown"
"7014854",371863,2025-06-16 13:01:00,43.360466003418,-8.84093856811523,"Unknown"
"7014854",371863,2025-06-16 13:06:03,43.3603668212891,-8.84090995788574,"Unknown"
"7014854",371863,2025-06-16 13:11:10,43.3603744506836,-8.84092903137207,"Unknown"
"7014854",371863,2025-06-16 13:15:56,43.3605117797852,-8.84086227416992,"Unknown"
"7014854",371863,2025-06-16 13:20:56,43.3603744506836,-8.84077262878418,"Unknown"
"7014854",371863,2025-06-16 13:25:56,43.3602027893066,-8.84110736846924,"Unknown"
"7014854",371863,2025-06-16 13:30:56,43.3601608276367,-8.84102916717529,"Unknown"
"7014854",371863,2025-06-16 13:36:07,43.3602752685547,-8.84091472625732,"Unknown"
"7014854",371863,2025-06-16 13:40:59,43.3602561950684,-8.84092712402344,"Unknown"
"7014854",371863,2025-06-16 13:46:07,43.3602523803711,-8.84088516235352,"Unknown"
"7014854",371863,2025-06-16 13:51:05,43.3602523803711,-8.84091663360596,"Unknown"
"7014854",371863,2025-06-16 13:56:03,43.3602180480957,-8.84090709686279,"Unknown"
"7014854",371863,2025-06-16 14:01:12,43.3602333068848,-8.84098339080811,"Unknown"
"7014854",371863,2025-06-16 14:05:58,43.360279083252,-8.84088802337646,"Unknown"
"7014854",371863,2025-06-16 14:11:00,43.3601684570312,-8.84091472625732,"Unknown"
"7014854",371863,2025-06-16 14:16:13,43.3602561950684,-8.84097576141357,"Unknown"
"7014854",371863,2025-06-16 14:20:58,43.3602828979492,-8.84084796905518,"Unknown"
"7014854",371863,2025-06-16 14:26:00,43.3602638244629,-8.84072875976562,"Unknown"
"7014854",371863,2025-06-16 14:31:00,43.3602981567383,-8.84061527252197,"Unknown"
"7014854",371863,2025-06-16 14:35:58,43.3603134155273,-8.84090995788574,"Unknown"
"7014854",371863,2025-06-16 14:41:06,43.3602180480957,-8.84095287322998,"Unknown"
"7014854",371863,2025-06-16 14:46:14,43.3602981567383,-8.84117889404297,"Unknown"
"7014854",371863,2025-06-16 14:51:04,43.3603897094727,-8.84127998352051,"Unknown"
"7014854",371863,2025-06-16 14:56:14,43.3602104187012,-8.84099960327148,"Unknown"
"7014854",371863,2025-06-16 15:01:00,43.3603858947754,-8.84114551544189,"Unknown"
"7014854",371863,2025-06-16 15:06:01,43.3602638244629,-8.84081649780273,"Unknown"
"7014854",371863,2025-06-16 15:11:03,43.3602981567383,-8.84084892272949,"Unknown"
"7014854",371863,2025-06-16 15:16:04,43.3603744506836,-8.84056854248047,"Unknown"
"7014854",371863,2025-06-16 15:21:09,43.3603706359863,-8.84093189239502,"Unknown"
"7014854",371863,2025-06-16 15:26:28,43.3603172302246,-8.84099769592285,"Unknown"
"7014854",371863,2025-06-16 15:30:56,43.360237121582,-8.84091854095459,"Unknown"
"7014854",371863,2025-06-16 15:35:55,43.3602333068848,-8.84090518951416,"Unknown"
"7014854",371863,2025-06-16 15:40:56,43.3602333068848,-8.84089946746826,"Unknown"
"7014854",371863,2025-06-16 15:45:57,43.3602409362793,-8.84089374542236,"Unknown"
"7014854",371863,2025-06-16 15:50:57,43.3602523803711,-8.84092426300049,"Unknown"
"7014854",371863,2025-06-16 15:55:59,43.3603591918945,-8.84105110168457,"Unknown"
"7014854",371863,2025-06-16 16:01:00,43.3602561950684,-8.84095287322998,"Unknown"
"7014854",371863,2025-06-16 16:05:58,43.3602828979492,-8.84097385406494,"Unknown"
"7014854",371863,2025-06-16 16:10:59,43.3602638244629,-8.84090709686279,"Unknown"
"7014854",371863,2025-06-16 16:15:59,43.3602905273438,-8.84096527099609,"Unknown"
"7014854",371863,2025-06-16 16:21:05,43.3603286743164,-8.84104537963867,"Unknown"
"7014854",371863,2025-06-16 16:25:58,43.360294342041,-8.84096717834473,"Unknown"
"7014854",371863,2025-06-16 16:32:21,43.3615226745605,-8.84481716156006,"Unknown"
"7014854",371863,2025-06-16 16:36:12,43.3640251159668,-8.84468269348145,"Unknown"
"7014854",371863,2025-06-16 16:42:21,43.3617324829102,-8.84324836730957,"Unknown"
"7014854",371863,2025-06-16 16:45:57,43.362377166748,-8.8416748046875,"Unknown"
"7014854",371863,2025-06-16 16:51:05,43.3602828979492,-8.84094905853271,"Unknown"
"7014854",371863,2025-06-16 16:55:59,43.3583793640137,-8.83761119842529,"Unknown"
"7014854",371863,2025-06-16 17:01:05,43.3603210449219,-8.84101390838623,"Unknown"
"7014854",371863,2025-06-16 17:06:04,43.3602905273438,-8.84097003936768,"Unknown"
"7014854",371863,2025-06-16 17:11:05,43.3602905273438,-8.8410005569458,"Unknown"
"7014854",371863,2025-06-16 17:16:05,43.3603210449219,-8.84100151062012,"Unknown"
"7014854",371863,2025-06-16 17:21:03,43.360294342041,-8.84099769592285,"Unknown"
"7014854",371863,2025-06-16 17:26:01,43.3603019714355,-8.84099102020264,"Unknown"
"7014854",371863,2025-06-16 17:31:15,43.3602714538574,-8.84092712402344,"Unknown"
"7014854",371863,2025-06-16 17:35:59,43.3603057861328,-8.84090137481689,"Unknown"
"7014854",371863,2025-06-16 17:40:57,43.3603019714355,-8.84094715118408,"Unknown"
"7014854",371863,2025-06-16 17:46:00,43.3602027893066,-8.84085655212402,"Unknown"
"7014854",371863,2025-06-16 17:50:57,43.3602714538574,-8.84097290039062,"Unknown"
"7014854",371863,2025-06-16 17:55:57,43.3600425720215,-8.84069347381592,"Unknown"
"7014854",371863,2025-06-16 18:01:06,43.3602752685547,-8.84096908569336,"Unknown"
"7014854",371863,2025-06-16 18:06:06,43.3602638244629,-8.84086799621582,"Unknown"
"7014854",371863,2025-06-16 18:11:05,43.3602447509766,-8.84087181091309,"Unknown"
"7014854",371863,2025-06-16 18:16:29,43.3603096008301,-8.84100437164307,"Unknown"
"7014854",371863,2025-06-16 18:21:04,43.3604049682617,-8.84103775024414,"Unknown"
"7014854",371863,2025-06-16 18:25:59,43.3603324890137,-8.84104824066162,"Unknown"
"7014854",371863,2025-06-16 18:30:59,43.3603286743164,-8.84105587005615,"Unknown"
"7014854",371863,2025-06-16 18:36:00,43.3603363037109,-8.84102058410645,"Unknown"
"7014854",371863,2025-06-16 18:40:56,43.3604621887207,-8.84109020233154,"Unknown"
"7014854",371863,2025-06-16 18:46:00,43.3606224060059,-8.84109878540039,"Unknown"
"7014854",371863,2025-06-16 18:52:05,43.361083984375,-8.84419441223145,"Unknown"
"7014854",371863,2025-06-16 18:55:58,43.3631935119629,-8.84485340118408,"Unknown"
"7014854",371863,2025-06-16 19:00:58,43.3603515625,-8.84096336364746,"Unknown"
"7014854",371863,2025-06-16 19:05:58,43.3603935241699,-8.84105110168457,"Unknown"
"7014854",371863,2025-06-16 19:10:58,43.360294342041,-8.84090709686279,"Unknown"
"7014854",371863,2025-06-16 19:15:58,43.3603248596191,-8.84104537963867,"Unknown"
"7014854",371863,2025-06-16 19:20:58,43.3600540161133,-8.8407621383667,"Unknown"
"7014854",371863,2025-06-16 19:25:59,43.3605728149414,-8.84124088287354,"Unknown"
"7014854",371863,2025-06-16 19:30:59,43.3603439331055,-8.84111595153809,"Unknown"
"7014854",371863,2025-06-16 19:36:00,43.3605041503906,-8.84130382537842,"Unknown"
"7014854",371863,2025-06-16 19:41:03,43.3602066040039,-8.84106254577637,"Unknown"
"7014854",371863,2025-06-16 19:45:58,43.3603553771973,-8.84123229980469,"Unknown"
"7014854",371863,2025-06-16 19:51:01,43.3602447509766,-8.84103679656982,"Unknown"
"7014854",371863,2025-06-16 19:55:58,43.3601989746094,-8.84091854095459,"Unknown"
"7014854",371863,2025-06-16 20:01:03,43.3602333068848,-8.84099197387695,"Unknown"
"7014854",371863,2025-06-16 20:05:58,43.3603134155273,-8.84117221832275,"Unknown"
"7014854",371863,2025-06-16 20:11:04,43.3602523803711,-8.84101676940918,"Unknown"
"7014854",371863,2025-06-16 20:15:59,43.3602409362793,-8.84103202819824,"Unknown"
"7014854",371863,2025-06-16 20:21:06,43.3602409362793,-8.84101295471191,"Unknown"
"7014854",371863,2025-06-16 20:26:06,43.3601303100586,-8.84073829650879,"Unknown"
"7014854",371863,2025-06-16 20:31:06,43.3603172302246,-8.84173488616943,"Unknown"
"7014854",371863,2025-06-16 20:36:05,43.3603630065918,-8.84162712097168,"Unknown"
"7014854",371863,2025-06-16 20:41:06,43.3602981567383,-8.84125995635986,"Unknown"
"7014854",371863,2025-06-16 20:46:07,43.3603706359863,-8.84139633178711,"Unknown"
"7014854",371863,2025-06-16 20:51:04,43.360595703125,-8.84221267700195,"Unknown"
"7014854",371863,2025-06-16 20:56:01,43.3601379394531,-8.84062385559082,"Unknown"
"7014854",371863,2025-06-16 21:01:10,43.3603096008301,-8.84107303619385,"Unknown"
"7014854",371863,2025-06-16 21:06:00,43.3603134155273,-8.84121799468994,"Unknown"
"7014854",371863,2025-06-16 21:11:01,43.3602676391602,-8.8409595489502,"Unknown"
"7014854",371863,2025-06-16 21:15:59,43.3603286743164,-8.84096145629883,"Unknown"
"7014854",371863,2025-06-16 21:21:03,43.3603134155273,-8.8410472869873,"Unknown"
"7014854",371863,2025-06-16 21:25:58,43.3602600097656,-8.84099578857422,"Unknown"
"7014854",371863,2025-06-16 21:31:00,43.360294342041,-8.84102439880371,"Unknown"
"7014854",371863,2025-06-16 21:36:01,43.359935760498,-8.84021663665771,"Unknown"
"7014854",371863,2025-06-16 21:40:58,43.3603706359863,-8.84095478057861,"Unknown"
"7014854",371863,2025-06-16 21:46:00,43.3601036071777,-8.84049415588379,"Unknown"
"7014854",371863,2025-06-16 21:51:03,43.3602066040039,-8.84079265594482,"Unknown"
"7014854",371863,2025-06-16 21:56:06,43.3604431152344,-8.84140872955322,"Unknown"
"7014854",371863,2025-06-16 22:01:05,43.3605537414551,-8.84150791168213,"Unknown"
"7014854",371863,2025-06-16 22:06:13,43.3626251220703,-8.84538745880127,"Unknown"
"7014854",371863,2025-06-16 22:11:26,43.3613929748535,-8.84137535095215,"Unknown"
"7014854",371863,2025-06-16 22:16:04,43.3610610961914,-8.84118366241455,"Unknown"
"7014854",371863,2025-06-16 22:21:03,43.3605690002441,-8.84102249145508,"Unknown"
"7014854",371863,2025-06-16 22:26:06,43.3605079650879,-8.84102249145508,"Unknown"
"7014854",371863,2025-06-16 22:31:06,43.3604583740234,-8.84100437164307,"Unknown"
"7014854",371863,2025-06-16 22:36:06,43.3603897094727,-8.84104251861572,"Unknown"
"7014854",371863,2025-06-16 22:41:05,43.3603439331055,-8.84097194671631,"Unknown"
"7014854",371863,2025-06-16 22:46:15,43.3603363037109,-8.84103298187256,"Unknown"
"7014854",371863,2025-06-16 22:51:06,43.3603210449219,-8.84100437164307,"Unknown"
"7014854",371863,2025-06-16 22:56:06,43.3603134155273,-8.84103393554688,"Unknown"
"7014854",371863,2025-06-16 23:01:05,43.3603134155273,-8.84108257293701,"Unknown"
"7014854",371863,2025-06-16 23:06:08,43.3603057861328,-8.84123611450195,"Unknown"
"7014854",371863,2025-06-16 23:11:06,43.3603172302246,-8.84114933013916,"Unknown"
"7014854",371863,2025-06-16 23:16:23,43.3608932495117,-8.84204387664795,"Unknown"
"7014854",371863,2025-06-16 23:21:29,43.3601913452148,-8.84090995788574,"Unknown"
"7014854",371863,2025-06-16 23:25:59,43.3602180480957,-8.84088706970215,"Unknown"
"7014854",371863,2025-06-16 23:31:01,43.3602561950684,-8.84088611602783,"Unknown"
"7014854",371863,2025-06-16 23:36:01,43.3602523803711,-8.84089756011963,"Unknown"
"7014854",371863,2025-06-16 23:41:01,43.3602333068848,-8.84093570709229,"Unknown"
"7014854",371863,2025-06-16 23:46:04,43.3601837158203,-8.84095096588135,"Unknown"
"7014854",371863,2025-06-16 23:51:05,43.360221862793,-8.84103298187256,"Unknown"
"7014854",371863,2025-06-16 23:56:06,43.3601608276367,-8.84110927581787,"Unknown"
"7014854",371863,2025-06-17 00:01:10,43.360179901123,-8.84090805053711,"Unknown"
"7014854",371863,2025-06-17 00:05:59,43.3601722717285,-8.84078216552734,"Unknown"
"7014854",371863,2025-06-17 00:11:00,43.3602027893066,-8.84098339080811,"Unknown"
"7014854",371863,2025-06-17 00:15:59,43.3601570129395,-8.84063816070557,"Unknown"
"7014854",371863,2025-06-17 00:21:04,43.3603172302246,-8.84102725982666,"Unknown"
"7014854",371863,2025-06-17 00:26:05,43.3601379394531,-8.84096813201904,"Unknown"
"7014854",371863,2025-06-17 00:31:05,43.3601455688477,-8.84106254577637,"Unknown"
"7014854",371863,2025-06-17 00:36:06,43.3604125976562,-8.84098529815674,"Unknown"
"7014854",371863,2025-06-17 00:41:29,43.3603477478027,-8.84098434448242,"Unknown"
"7014854",371863,2025-06-17 00:45:58,43.3602104187012,-8.8408842086792,"Unknown"
"7014854",371863,2025-06-17 00:51:00,43.3599967956543,-8.84102725982666,"Unknown"
"7014854",371863,2025-06-17 00:55:58,43.3599281311035,-8.8415994644165,"Unknown"
"7014854",371863,2025-06-17 01:00:58,43.3598175048828,-8.84177780151367,"Unknown"
"7014854",371863,2025-06-17 01:05:59,43.3598022460938,-8.84138965606689,"Unknown"
"7014854",371863,2025-06-17 01:10:59,43.3600006103516,-8.84121036529541,"Unknown"
"7014854",371863,2025-06-17 01:16:14,43.3601531982422,-8.84103679656982,"Unknown"
"7014854",371863,2025-06-17 01:21:01,43.3602600097656,-8.84096908569336,"Unknown"
"7014854",371863,2025-06-17 01:25:59,43.360279083252,-8.84079933166504,"Unknown"
"7014854",371863,2025-06-17 01:31:06,43.3602752685547,-8.84088039398193,"Unknown"
"7014854",371863,2025-06-17 01:36:05,43.3605117797852,-8.84058380126953,"Unknown"
"7014854",371863,2025-06-17 01:41:05,43.3603096008301,-8.84088039398193,"Unknown"
"7014854",371863,2025-06-17 01:46:07,43.360294342041,-8.84079170227051,"Unknown"
"7014854",371863,2025-06-17 01:51:31,43.3603019714355,-8.84094333648682,"Unknown"
"7014854",371863,2025-06-17 01:55:57,43.3602905273438,-8.84087181091309,"Unknown"
"7014854",371863,2025-06-17 02:00:58,43.3603286743164,-8.84070110321045,"Unknown"
"7014854",371863,2025-06-17 02:05:59,43.360164642334,-8.84073257446289,"Unknown"
"7014854",371863,2025-06-17 02:11:00,43.3602981567383,-8.84064388275146,"Unknown"
"7014854",371863,2025-06-17 02:16:03,43.3603477478027,-8.84101295471191,"Unknown"
"7014854",371863,2025-06-17 02:21:03,43.3601455688477,-8.84068298339844,"Unknown"
"7014854",371863,2025-06-17 02:26:00,43.3603096008301,-8.84063148498535,"Unknown"
"7014854",371863,2025-06-17 02:31:11,43.3601989746094,-8.84089469909668,"Unknown"
"7014854",371863,2025-06-17 02:36:01,43.3602600097656,-8.84089946746826,"Unknown"
"7014854",371863,2025-06-17 02:41:01,43.3603019714355,-8.84089088439941,"Unknown"
"7014854",371863,2025-06-17 02:46:00,43.3602142333984,-8.84084987640381,"Unknown"
"7014854",371863,2025-06-17 02:51:04,43.3602180480957,-8.84085083007812,"Unknown"
"7014854",371863,2025-06-17 02:55:59,43.3601417541504,-8.84077644348145,"Unknown"
"7014854",371863,2025-06-17 03:00:58,43.360221862793,-8.84085083007812,"Unknown"
"7014854",371863,2025-06-17 03:05:58,43.360237121582,-8.84091663360596,"Unknown"
"7014854",371863,2025-06-17 03:10:58,43.3602256774902,-8.84088230133057,"Unknown"
"7014854",371863,2025-06-17 03:16:14,43.3601837158203,-8.84087944030762,"Unknown"
"7014854",371863,2025-06-17 03:21:29,43.3601608276367,-8.84096145629883,"Unknown"
"7014854",371863,2025-06-17 03:25:57,43.3601989746094,-8.84090995788574,"Unknown"
"7014854",371863,2025-06-17 03:30:57,43.360179901123,-8.84082126617432,"Unknown"
"7014854",371863,2025-06-17 03:35:57,43.3602638244629,-8.84092998504639,"Unknown"
"7014854",371863,2025-06-17 03:40:57,43.3602561950684,-8.84092330932617,"Unknown"
"7014854",371863,2025-06-17 03:45:57,43.3602600097656,-8.84092807769775,"Unknown"
"7014854",371863,2025-06-17 03:50:57,43.3602561950684,-8.84093189239502,"Unknown"
"7014854",371863,2025-06-17 03:55:58,43.3602180480957,-8.8408899307251,"Unknown"
"7014854",371863,2025-06-17 04:00:58,43.3601875305176,-8.84084987640381,"Unknown"
"7014854",371863,2025-06-17 04:06:00,43.3603553771973,-8.8410472869873,"Unknown"
"7014854",371863,2025-06-17 04:11:00,43.3605422973633,-8.84133052825928,"Unknown"
"7014854",371863,2025-06-17 04:16:00,43.3603744506836,-8.84109020233154,"Unknown"
"7014854",371863,2025-06-17 04:21:14,43.3602905273438,-8.84099102020264,"Unknown"
"7014854",371863,2025-06-17 04:25:57,43.3602561950684,-8.84092903137207,"Unknown"
"7014854",371863,2025-06-17 04:31:00,43.360294342041,-8.84096717834473,"Unknown"
"7014854",371863,2025-06-17 04:35:59,43.3602447509766,-8.8409252166748,"Unknown"
"7014854",371863,2025-06-17 04:40:58,43.3602027893066,-8.84098243713379,"Unknown"
"7014854",371863,2025-06-17 04:46:07,43.3607788085938,-8.84122943878174,"Unknown"
"7014854",371863,2025-06-17 04:51:13,43.3602676391602,-8.84096050262451,"Unknown"
"7014854",371863,2025-06-17 04:55:59,43.3602409362793,-8.84110260009766,"Unknown"
"7014854",371863,2025-06-17 05:01:01,43.3602561950684,-8.84081935882568,"Unknown"
"7014854",371863,2025-06-17 05:05:58,43.3602752685547,-8.84094142913818,"Unknown"
"7014854",371863,2025-06-17 05:11:06,43.3601875305176,-8.84096145629883,"Unknown"
"7014854",371863,2025-06-17 05:15:58,43.3602981567383,-8.84122753143311,"Unknown"
"7014854",371863,2025-06-17 05:20:58,43.3603172302246,-8.84138870239258,"Unknown"
"7014854",371863,2025-06-17 05:25:58,43.3602676391602,-8.84124851226807,"Unknown"
"7014854",371863,2025-06-17 05:30:58,43.3603324890137,-8.84111881256104,"Unknown"
"7014854",371863,2025-06-17 05:36:00,43.3602867126465,-8.84106349945068,"Unknown"
"7014854",371863,2025-06-17 05:40:59,43.3603744506836,-8.84094429016113,"Unknown"
"7014854",371863,2025-06-17 05:46:14,43.360279083252,-8.84086513519287,"Unknown"
"7014854",371863,2025-06-17 05:51:00,43.3557739257812,-8.84360790252686,"Unknown"
"7014854",371863,2025-06-17 05:56:01,43.3363037109375,-8.84924983978271,"Unknown"
"7014854",371863,2025-06-17 06:01:00,43.3093032836914,-8.84649848937988,"Unknown"
"7014854",371863,2025-06-17 06:06:10,43.2946739196777,-8.8393497467041,"Unknown"
"7014854",371863,2025-06-17 06:11:12,43.2942886352539,-8.83932685852051,"Unknown"
"7014854",371863,2025-06-17 06:16:01,43.2946281433105,-8.83900833129883,"Unknown"
"7014854",371863,2025-06-17 06:21:03,43.2944831848145,-8.83950996398926,"Unknown"
"7014854",371863,2025-06-17 06:26:03,43.2943954467773,-8.83962249755859,"Unknown"
"7014854",371863,2025-06-17 06:31:35,43.2936859130859,-8.84410953521729,"Unknown"
"7014854",371863,2025-06-17 06:36:05,43.3140907287598,-8.85697937011719,"Unknown"
"7014854",371863,2025-06-17 06:41:05,43.314022064209,-8.85709762573242,"Unknown"
"7014854",371863,2025-06-17 06:46:14,43.3283767700195,-8.85540580749512,"Unknown"
"7014854",371863,2025-06-17 06:51:01,43.3437004089355,-8.85607147216797,"Unknown"
"7014854",371863,2025-06-17 06:55:58,43.3568000793457,-8.84853744506836,"Unknown"
"7014854",371863,2025-06-17 07:01:04,43.3602714538574,-8.84087085723877,"Unknown"
"7014854",371863,2025-06-17 07:06:01,43.360179901123,-8.84089851379395,"Unknown"
"7014854",371863,2025-06-17 07:10:58,43.3601417541504,-8.84086132049561,"Unknown"
"7014854",371863,2025-06-17 07:16:01,43.3602867126465,-8.84097766876221,"Unknown"
"7014854",371863,2025-06-17 07:20:59,43.3602714538574,-8.84105205535889,"Unknown"
"7014854",371863,2025-06-17 07:26:00,43.3602447509766,-8.8408899307251,"Unknown"
"7014854",371863,2025-06-17 07:31:29,43.3602523803711,-8.84089469909668,"Unknown"
"7014854",371863,2025-06-17 07:35:57,43.3603134155273,-8.84077262878418,"Unknown"
"7014854",371863,2025-06-17 07:40:57,43.3602638244629,-8.84090614318848,"Unknown"
"7014854",371863,2025-06-17 07:45:58,43.3602828979492,-8.84083938598633,"Unknown"
"7014854",371863,2025-06-17 07:50:57,43.3602752685547,-8.84089183807373,"Unknown"
"7014854",371863,2025-06-17 07:55:58,43.3602828979492,-8.84085845947266,"Unknown"
"7014854",371863,2025-06-17 08:00:58,43.3602333068848,-8.84085941314697,"Unknown"
"7014854",371863,2025-06-17 08:05:57,43.3601951599121,-8.8408317565918,"Unknown"
"7014854",371863,2025-06-17 08:10:58,43.3602180480957,-8.84094429016113,"Unknown"
"7014854",371863,2025-06-17 08:15:58,43.3601722717285,-8.84090614318848,"Unknown"
"7014854",371863,2025-06-17 08:20:58,43.3602104187012,-8.84101867675781,"Unknown"
"7014854",371863,2025-06-17 08:25:59,43.3603744506836,-8.84092998504639,"Unknown"
"7014854",371863,2025-06-17 08:31:00,43.360237121582,-8.84098148345947,"Unknown"
"7014854",371863,2025-06-17 08:36:01,43.3603630065918,-8.84092712402344,"Unknown"
"7014854",371863,2025-06-17 08:41:00,43.3603897094727,-8.84091186523438,"Unknown"
"7014854",371863,2025-06-17 08:45:59,43.3601837158203,-8.84095096588135,"Unknown"
"7014854",371863,2025-06-17 08:51:05,43.3603210449219,-8.84117031097412,"Unknown"
"7014854",371863,2025-06-17 08:56:05,43.3602638244629,-8.8409948348999,"Unknown"
"7014854",371863,2025-06-17 09:01:05,43.3602485656738,-8.84108257293701,"Unknown"
"7014854",371863,2025-06-17 09:06:05,43.3602752685547,-8.84113693237305,"Unknown"
"7014854",371863,2025-06-17 09:11:05,43.3602256774902,-8.84105587005615,"Unknown"
"7014854",371863,2025-06-17 09:16:04,43.3602256774902,-8.8410758972168,"Unknown"
"7014854",371863,2025-06-17 09:21:04,43.360279083252,-8.84118270874023,"Unknown"
"7014854",371863,2025-06-17 09:26:04,43.3601264953613,-8.84077835083008,"Unknown"
"7014854",371863,2025-06-17 09:31:02,43.3603057861328,-8.84129047393799,"Unknown"
"7014854",371863,2025-06-17 09:36:02,43.3601837158203,-8.84078788757324,"Unknown"
"7014854",371863,2025-06-17 09:41:02,43.3602256774902,-8.84100818634033,"Unknown"
"7014854",371863,2025-06-17 09:46:14,43.3602752685547,-8.84098148345947,"Unknown"
"7014854",371863,2025-06-17 09:51:10,43.3603019714355,-8.84092617034912,"Unknown"
"7014854",371863,2025-06-17 09:55:59,43.3602523803711,-8.84105014801025,"Unknown"
"7014854",371863,2025-06-17 10:00:59,43.3617744445801,-8.84240341186523,"Unknown"
"7014854",371863,2025-06-17 10:05:59,43.3398818969727,-8.85302257537842,"Unknown"
"7014854",371863,2025-06-17 10:10:59,43.3230094909668,-8.85422134399414,"Unknown"
"7014854",371863,2025-06-17 10:16:10,43.314208984375,-8.86492443084717,"Unknown"
"7014854",371863,2025-06-17 10:20:59,43.3110656738281,-8.85965824127197,"Unknown"
"7014854",371863,2025-06-17 10:26:02,43.3025207519531,-8.85594081878662,"Unknown"
"7014854",371863,2025-06-17 10:31:09,43.3022499084473,-8.85598945617676,"Unknown"
"7014854",371863,2025-06-17 10:36:07,43.3022308349609,-8.85596179962158,"Unknown"
"7014854",371863,2025-06-17 10:41:02,43.3025894165039,-8.85670185089111,"Unknown"
"7014854",371863,2025-06-17 10:47:06,43.3023719787598,-8.85725879669189,"Unknown"
"7014854",371863,2025-06-17 10:50:59,43.3081665039062,-8.86104679107666,"Unknown"
"7014854",371863,2025-06-17 10:56:01,43.3143920898438,-8.85640907287598,"Unknown"
"7014854",371863,2025-06-17 11:00:58,43.3144569396973,-8.8569917678833,"Unknown"
"7014854",371863,2025-06-17 11:05:58,43.3159408569336,-8.86050605773926,"Unknown"
"7014854",371863,2025-06-17 11:10:59,43.3280639648438,-8.85197067260742,"Unknown"
"7014854",371863,2025-06-17 11:15:59,43.3477668762207,-8.85629177093506,"Unknown"
"7014854",371863,2025-06-17 11:21:04,43.3605461120605,-8.84557628631592,"Unknown"
"7014854",371863,2025-06-17 11:26:07,43.3608016967773,-8.84131717681885,"Unknown"
"7014854",371863,2025-06-17 11:31:08,43.3602027893066,-8.84078788757324,"Unknown"
"7014854",371863,2025-06-17 11:36:20,43.3601570129395,-8.84086990356445,"Unknown"
"7014854",371863,2025-06-17 11:41:01,43.3603935241699,-8.84122467041016,"Unknown"
"7014854",371863,2025-06-17 11:46:01,43.3603172302246,-8.84105968475342,"Unknown"
"7014854",371863,2025-06-17 11:51:06,43.3603248596191,-8.84095668792725,"Unknown"
"7014854",371863,2025-06-17 11:56:12,43.3603820800781,-8.84074020385742,"Unknown"
"7014854",371863,2025-06-17 12:01:29,43.3603057861328,-8.84098529815674,"Unknown"
"7014854",371863,2025-06-17 12:05:58,43.3602676391602,-8.84099864959717,"Unknown"
"7014854",371863,2025-06-17 12:10:59,43.360294342041,-8.84103679656982,"Unknown"
"7014854",371863,2025-06-17 12:15:58,43.3602752685547,-8.84101581573486,"Unknown"
"7014854",371863,2025-06-17 12:20:58,43.3602867126465,-8.84102821350098,"Unknown"
"7014854",371863,2025-06-17 12:25:58,43.3602523803711,-8.84099674224854,"Unknown"
"7014854",371863,2025-06-17 12:30:58,43.3602180480957,-8.84095191955566,"Unknown"
"7014854",371863,2025-06-17 12:35:59,43.3602981567383,-8.84096717834473,"Unknown"
"7014854",371863,2025-06-17 12:40:59,43.3602676391602,-8.84091758728027,"Unknown"
"7014854",371863,2025-06-17 12:45:59,43.3602638244629,-8.84096622467041,"Unknown"
"7014854",371863,2025-06-17 12:50:59,43.3602905273438,-8.8409481048584,"Unknown"
"7014854",371863,2025-06-17 12:56:01,43.3602561950684,-8.8410005569458,"Unknown"
"7014854",371863,2025-06-17 13:01:01,43.3603096008301,-8.84100437164307,"Unknown"
"7014854",371863,2025-06-17 13:06:03,43.3602676391602,-8.84089851379395,"Unknown"
"7014854",371863,2025-06-17 13:11:00,43.3602714538574,-8.84092903137207,"Unknown"
"7014854",371863,2025-06-17 13:16:26,43.3602523803711,-8.84097862243652,"Unknown"
"7014854",371863,2025-06-17 13:21:05,43.3602752685547,-8.84096336364746,"Unknown"
"7014854",371863,2025-06-17 13:26:14,43.360221862793,-8.84099292755127,"Unknown"
"7014854",371863,2025-06-17 13:31:07,43.3602256774902,-8.84104633331299,"Unknown"
"7014854",371863,2025-06-17 13:36:10,43.3601913452148,-8.84097671508789,"Unknown"
"7014854",371863,2025-06-17 13:41:06,43.3600883483887,-8.84086418151855,"Unknown"
"7014854",371863,2025-06-17 13:46:13,43.3645057678223,-8.84297466278076,"Unknown"
"7014854",371863,2025-06-17 13:51:06,43.3602104187012,-8.84137630462646,"Unknown"
"7014854",371863,2025-06-17 13:56:35,43.3602066040039,-8.84115123748779,"Unknown"
"7014854",371863,2025-06-17 14:00:58,43.3601150512695,-8.84107875823975,"Unknown"
"7014854",371863,2025-06-17 14:05:58,43.3601341247559,-8.84108638763428,"Unknown"
"7014854",371863,2025-06-17 14:10:58,43.3602333068848,-8.84110832214355,"Unknown"
"7014854",371863,2025-06-17 14:15:59,43.3603134155273,-8.84098243713379,"Unknown"
"7014854",371863,2025-06-17 14:20:58,43.3603248596191,-8.84091091156006,"Unknown"
"7014854",371863,2025-06-17 14:25:58,43.3603210449219,-8.84090709686279,"Unknown"
"7014854",371863,2025-06-17 14:30:58,43.3603324890137,-8.84092617034912,"Unknown"
"7014854",371863,2025-06-17 14:35:59,43.3602752685547,-8.84100532531738,"Unknown"
"7014854",371863,2025-06-17 14:40:59,43.3602752685547,-8.84098148345947,"Unknown"
"7014854",371863,2025-06-17 14:45:59,43.3601989746094,-8.8409481048584,"Unknown"
"7014854",371863,2025-06-17 14:50:58,43.3600959777832,-8.84093189239502,"Unknown"
"7014854",371863,2025-06-17 14:56:00,43.3600807189941,-8.84103584289551,"Unknown"
"7014854",371863,2025-06-17 15:01:06,43.3603248596191,-8.84100532531738,"Unknown"
"7014854",371863,2025-06-17 15:05:59,43.3603134155273,-8.84099674224854,"Unknown"
"7014854",371863,2025-06-17 15:10:59,43.3603401184082,-8.84101295471191,"Unknown"
"7014854",371863,2025-06-17 15:15:59,43.3603134155273,-8.84051132202148,"Unknown"
"7014854",371863,2025-06-17 15:21:03,43.3602600097656,-8.84099388122559,"Unknown"
"7014854",371863,2025-06-17 15:25:59,43.3616333007812,-8.84449577331543,"Unknown"
"7014854",371863,2025-06-17 15:30:59,43.348274230957,-8.92604160308838,"Unknown"
"7014854",371863,2025-06-17 15:35:59,43.342155456543,-8.98278427124023,"Unknown"
"7014854",371863,2025-06-17 15:41:00,43.3371925354004,-8.97752571105957,"Unknown"
"7014854",371863,2025-06-17 15:45:58,43.334358215332,-8.97233772277832,"Unknown"
"7014854",371863,2025-06-17 15:50:58,43.324821472168,-8.94691848754883,"Unknown"
"7014854",371863,2025-06-17 15:55:59,43.3122253417969,-8.92307949066162,"Unknown"
"7014854",371863,2025-06-17 16:01:03,43.3164749145508,-8.91315937042236,"Unknown"
"7014854",371863,2025-06-17 16:06:00,43.319091796875,-8.89456653594971,"Unknown"
"7014854",371863,2025-06-17 16:10:59,43.3172340393066,-8.86426639556885,"Unknown"
"7014854",371863,2025-06-17 16:16:00,43.2977180480957,-8.86160659790039,"Unknown"
"7014854",371863,2025-06-17 16:21:05,43.2931060791016,-8.86149311065674,"Unknown"
"7014854",371863,2025-06-17 16:26:08,43.2931938171387,-8.86194801330566,"Unknown"
"7014854",371863,2025-06-17 16:31:13,43.292797088623,-8.86104679107666,"Unknown"
"7014854",371863,2025-06-17 16:36:53,43.2931518554688,-8.8618688583374,"Unknown"
"7014854",371863,2025-06-17 16:41:06,43.2934265136719,-8.86148452758789,"Unknown"
"7014854",371863,2025-06-17 16:46:05,43.2929992675781,-8.86052131652832,"Unknown"
"7014854",371863,2025-06-17 16:51:06,43.2932167053223,-8.86084651947021,"Unknown"
"7014854",371863,2025-06-17 16:56:16,43.2933654785156,-8.86235237121582,"Unknown"
"7014854",371863,2025-06-17 17:01:07,43.2932243347168,-8.86197471618652,"Unknown"
"7014854",371863,2025-06-17 17:06:15,43.2931709289551,-8.86180019378662,"Unknown"
"7014854",371863,2025-06-17 17:12:22,43.294303894043,-8.86190700531006,"Unknown"
"7014854",371863,2025-06-17 17:16:40,43.2937965393066,-8.86182594299316,"Unknown"
"7014854",371863,2025-06-17 17:20:59,43.3009376525879,-8.86065673828125,"Unknown"
"7014854",371863,2025-06-17 17:26:04,43.3056716918945,-8.8589334487915,"Unknown"
"7014854",371863,2025-06-17 17:31:02,43.3054962158203,-8.85847568511963,"Unknown"
"7014854",371863,2025-06-17 17:36:06,43.3055534362793,-8.85832595825195,"Unknown"
"7014854",371863,2025-06-17 17:41:00,43.3069381713867,-8.85813808441162,"Unknown"
"7014854",371863,2025-06-17 17:46:15,43.3254928588867,-8.8538122177124,"Unknown"
"7014854",371863,2025-06-17 17:51:32,43.340518951416,-8.85426807403564,"Unknown"
"7014854",371863,2025-06-17 17:55:59,43.3602828979492,-8.85139083862305,"Unknown"
"7014854",371863,2025-06-17 18:00:59,43.3604927062988,-8.84104251861572,"Unknown"
"7014854",371863,2025-06-17 18:06:04,43.3604774475098,-8.8410758972168,"Unknown"
"7014854",371863,2025-06-17 18:10:59,43.3604927062988,-8.84105777740479,"Unknown"
"7014854",371863,2025-06-17 18:16:00,43.3604736328125,-8.84112167358398,"Unknown"
"7014854",371863,2025-06-17 18:20:59,43.3605194091797,-8.84112071990967,"Unknown"
"7014854",371863,2025-06-17 18:26:03,43.3605499267578,-8.84098625183105,"Unknown"
"7014854",371863,2025-06-17 18:31:03,43.3604927062988,-8.84097766876221,"Unknown"
"7014854",371863,2025-06-17 18:36:01,43.3605155944824,-8.8409481048584,"Unknown"
"7014854",371863,2025-06-17 18:41:01,43.3603057861328,-8.84087944030762,"Unknown"
"7014854",371863,2025-06-17 18:45:59,43.3605041503906,-8.84127235412598,"Unknown"
"7014854",371863,2025-06-17 18:51:06,43.3606643676758,-8.84080696105957,"Unknown"
"7014854",371863,2025-06-17 18:56:14,43.3606796264648,-8.84075546264648,"Unknown"
"7014854",371863,2025-06-17 19:00:59,43.3605041503906,-8.84131813049316,"Unknown"
"7014854",371863,2025-06-17 19:05:59,43.3605155944824,-8.84130477905273,"Unknown"
"7014854",371863,2025-06-17 19:11:00,43.3605270385742,-8.84133338928223,"Unknown"
"7014854",371863,2025-06-17 19:15:59,43.3605461120605,-8.84149551391602,"Unknown"
"7014854",371863,2025-06-17 19:21:00,43.3603172302246,-8.84106922149658,"Unknown"
"7014854",371863,2025-06-17 19:25:59,43.3603515625,-8.8411979675293,"Unknown"
"7014854",371863,2025-06-17 19:30:59,43.3602676391602,-8.84101581573486,"Unknown"
"7014854",371863,2025-06-17 19:36:04,43.360279083252,-8.84106731414795,"Unknown"
"7014854",371863,2025-06-17 19:41:04,43.3602600097656,-8.84096908569336,"Unknown"
"7014854",371863,2025-06-17 19:46:00,43.3604393005371,-8.84131336212158,"Unknown"
"7014854",371863,2025-06-17 19:51:09,43.3599166870117,-8.84023380279541,"Unknown"
"7014854",371863,2025-06-17 19:56:03,43.3610343933105,-8.84257507324219,"Unknown"
"7014854",371863,2025-06-17 20:01:06,43.360179901123,-8.84074592590332,"Unknown"
"7014854",371863,2025-06-17 20:06:03,43.3600959777832,-8.84067535400391,"Unknown"
"7014854",371863,2025-06-17 20:11:14,43.3602638244629,-8.84090900421143,"Unknown"
"7014854",371863,2025-06-17 20:15:59,43.3602676391602,-8.84094619750977,"Unknown"
"7014854",371863,2025-06-17 20:20:59,43.3601913452148,-8.84090805053711,"Unknown"
"7014854",371863,2025-06-17 20:26:01,43.3600158691406,-8.8409481048584,"Unknown"
"7014854",371863,2025-06-17 20:31:04,43.3600540161133,-8.84097290039062,"Unknown"
"7014854",371863,2025-06-17 20:36:06,43.360050201416,-8.84087467193604,"Unknown"
"7014854",371863,2025-06-17 20:41:07,43.3604621887207,-8.84269618988037,"Unknown"
"7014854",371863,2025-06-17 20:46:29,43.3602485656738,-8.84096717834473,"Unknown"
"7014854",371863,2025-06-17 20:51:35,43.3602676391602,-8.84096622467041,"Unknown"
"7014854",371863,2025-06-17 20:55:58,43.3602485656738,-8.84086608886719,"Unknown"
"7014854",371863,2025-06-17 21:00:58,43.3602714538574,-8.84084415435791,"Unknown"
"7014854",371863,2025-06-17 21:05:59,43.3602294921875,-8.84081649780273,"Unknown"
"7014854",371863,2025-06-17 21:10:59,43.3602828979492,-8.8409366607666,"Unknown"
"7014854",371863,2025-06-17 21:15:59,43.3602752685547,-8.84084320068359,"Unknown"
"7014854",371863,2025-06-17 21:20:59,43.3603057861328,-8.84092044830322,"Unknown"
"7014854",371863,2025-06-17 21:26:00,43.3602333068848,-8.84092330932617,"Unknown"
"7014854",371863,2025-06-17 21:31:00,43.3600463867188,-8.84090709686279,"Unknown"
"7014854",371863,2025-06-17 21:35:59,43.360279083252,-8.84089660644531,"Unknown"
"7014854",371863,2025-06-17 21:40:58,43.3603439331055,-8.84081172943115,"Unknown"
"7014854",371863,2025-06-17 21:45:59,43.3602867126465,-8.8408899307251,"Unknown"
"7014854",371863,2025-06-17 21:50:58,43.3603439331055,-8.8408842086792,"Unknown"
"7014854",371863,2025-06-17 21:55:58,43.3603172302246,-8.84090232849121,"Unknown"
"7014854",371863,2025-06-17 22:01:00,43.3602256774902,-8.84090328216553,"Unknown"
"7014854",371863,2025-06-17 22:06:07,43.3602828979492,-8.8409366607666,"Unknown"
"7014854",371863,2025-06-17 22:11:00,43.3603286743164,-8.84092998504639,"Unknown"
"7014854",371863,2025-06-17 22:16:06,43.3602714538574,-8.84092044830322,"Unknown"
"7014854",371863,2025-06-17 22:20:59,43.3602561950684,-8.84095764160156,"Unknown"
"7014854",371863,2025-06-17 22:25:59,43.3602561950684,-8.84111976623535,"Unknown"
"7014854",371863,2025-06-17 22:30:59,43.3603820800781,-8.84097957611084,"Unknown"
"7014854",371863,2025-06-17 22:35:59,43.3601913452148,-8.84100151062012,"Unknown"
"7014854",371863,2025-06-17 22:40:59,43.3602294921875,-8.84103298187256,"Unknown"
"7014854",371863,2025-06-17 22:46:04,43.3602485656738,-8.84089088439941,"Unknown"
"7014854",371863,2025-06-17 22:50:59,43.3602142333984,-8.84099578857422,"Unknown"
"7014854",371863,2025-06-17 22:55:59,43.3603363037109,-8.84106731414795,"Unknown"
"7014854",371863,2025-06-17 23:00:59,43.3602867126465,-8.84090423583984,"Unknown"
"7014854",371863,2025-06-17 23:06:04,43.3602180480957,-8.84100246429443,"Unknown"
"7014854",371863,2025-06-17 23:10:59,43.3602409362793,-8.84101867675781,"Unknown"
"7014854",371863,2025-06-17 23:16:01,43.3602066040039,-8.84098815917969,"Unknown"
"7014854",371863,2025-06-17 23:21:01,43.3602561950684,-8.84097099304199,"Unknown"
"7014854",371863,2025-06-17 23:26:03,43.3602409362793,-8.84095859527588,"Unknown"
"7014854",371863,2025-06-17 23:31:14,43.3602523803711,-8.84094524383545,"Unknown"
"7014854",371863,2025-06-17 23:35:59,43.360294342041,-8.84096717834473,"Unknown"
"7014854",371863,2025-06-17 23:40:58,43.3602905273438,-8.84091186523438,"Unknown"
"7014854",371863,2025-06-17 23:46:00,43.3602561950684,-8.84091472625732,"Unknown"
"7014854",371863,2025-06-17 23:50:58,43.3603210449219,-8.84094524383545,"Unknown"
"7014854",371863,2025-06-17 23:55:59,43.360221862793,-8.84094333648682,"Unknown"
"7014854",371863,2025-06-18 00:00:58,43.3602981567383,-8.84099578857422,"Unknown"
"7014854",371863,2025-06-18 00:05:58,43.3602523803711,-8.84098434448242,"Unknown"
"7014854",371863,2025-06-18 00:11:03,43.3602294921875,-8.8409309387207,"Unknown"
"7014854",371863,2025-06-18 00:16:11,43.3602180480957,-8.84092807769775,"Unknown"
"7014854",371863,2025-06-18 00:21:01,43.360237121582,-8.84080791473389,"Unknown"
"7014854",371863,2025-06-18 00:26:00,43.3602828979492,-8.8409481048584,"Unknown"
"7014854",371863,2025-06-18 00:31:00,43.3603782653809,-8.84082698822021,"Unknown"
"7014854",371863,2025-06-18 00:35:59,43.3603057861328,-8.84087085723877,"Unknown"
"7014854",371863,2025-06-18 00:41:03,43.3603401184082,-8.84091949462891,"Unknown"
"7014854",371863,2025-06-18 00:46:15,43.3602333068848,-8.84093856811523,"Unknown"
"7014854",371863,2025-06-18 00:50:58,43.3602142333984,-8.8408842086792,"Unknown"
"7014854",371863,2025-06-18 00:56:03,43.3601303100586,-8.84081554412842,"Unknown"
"7014854",371863,2025-06-18 01:01:05,43.3602867126465,-8.84094905853271,"Unknown"
"7014854",371863,2025-06-18 01:06:06,43.3599395751953,-8.84073638916016,"Unknown"
"7014854",371863,2025-06-18 01:11:11,43.3606300354004,-8.84100341796875,"Unknown"
"7014854",371863,2025-06-18 01:16:04,43.3604049682617,-8.84112071990967,"Unknown"
"7014854",371863,2025-06-18 01:21:04,43.3604469299316,-8.84116840362549,"Unknown"
"7014854",371863,2025-06-18 01:26:08,43.3604393005371,-8.84113788604736,"Unknown"
"7014854",371863,2025-06-18 01:31:10,43.3603286743164,-8.84118461608887,"Unknown"
"7014854",371863,2025-06-18 01:36:05,43.3605766296387,-8.84100723266602,"Unknown"
"7014854",371863,2025-06-18 01:41:06,43.3604888916016,-8.84091186523438,"Unknown"
"7014854",371863,2025-06-18 01:46:14,43.3601989746094,-8.84042739868164,"Unknown"
"7014854",371863,2025-06-18 01:51:01,43.3602104187012,-8.84035301208496,"Unknown"
"7014854",371863,2025-06-18 01:56:07,43.3600807189941,-8.84128761291504,"Unknown"
"7014854",371863,2025-06-18 02:01:15,43.3602905273438,-8.84082889556885,"Unknown"
"7014854",371863,2025-06-18 02:06:06,43.3602638244629,-8.84089756011963,"Unknown"
"7014854",371863,2025-06-18 02:11:03,43.360221862793,-8.84072875976562,"Unknown"
"7014854",371863,2025-06-18 02:16:15,43.3602828979492,-8.84077548980713,"Unknown"
"7014854",371863,2025-06-18 02:21:01,43.3602600097656,-8.84077739715576,"Unknown"
"7014854",371863,2025-06-18 02:26:18,43.360107421875,-8.84084415435791,"Unknown"
"7014854",371863,2025-06-18 02:31:06,43.3603057861328,-8.8408145904541,"Unknown"
"7014854",371863,2025-06-18 02:36:06,43.3602828979492,-8.84090709686279,"Unknown"
"7014854",371863,2025-06-18 02:41:10,43.3603363037109,-8.840989112854,"Unknown"
"7014854",371863,2025-06-18 02:46:35,43.3602561950684,-8.8409481048584,"Unknown"
"7014854",371863,2025-06-18 02:50:58,43.3602600097656,-8.84090805053711,"Unknown"
"7014854",371863,2025-06-18 02:55:58,43.3602104187012,-8.84090518951416,"Unknown"
"7014854",371863,2025-06-18 03:00:58,43.3602256774902,-8.84090995788574,"Unknown"
"7014854",371863,2025-06-18 03:05:58,43.3602600097656,-8.84088230133057,"Unknown"
"7014854",371863,2025-06-18 03:10:58,43.3602256774902,-8.84082317352295,"Unknown"
"7014854",371863,2025-06-18 03:15:58,43.3602104187012,-8.84086322784424,"Unknown"
"7014854",371863,2025-06-18 03:20:58,43.3601875305176,-8.84089469909668,"Unknown"
"7014854",371863,2025-06-18 03:25:58,43.3602256774902,-8.84092807769775,"Unknown"
"7014854",371863,2025-06-18 03:30:58,43.3601837158203,-8.84085178375244,"Unknown"
"7014854",371863,2025-06-18 03:35:58,43.3601913452148,-8.84085941314697,"Unknown"
"7014854",371863,2025-06-18 03:40:58,43.3601379394531,-8.84081363677979,"Unknown"
"7014854",371863,2025-06-18 03:45:58,43.3601150512695,-8.84077644348145,"Unknown"
"7014854",371863,2025-06-18 03:51:00,43.3603630065918,-8.84099102020264,"Unknown"
"7014854",371863,2025-06-18 03:56:03,43.3602981567383,-8.84092712402344,"Unknown"
"7014854",371863,2025-06-18 04:00:59,43.3604393005371,-8.84106254577637,"Unknown"
"7014854",371863,2025-06-18 04:06:03,43.3602676391602,-8.84091758728027,"Unknown"
"7014854",371863,2025-06-18 04:11:06,43.3603210449219,-8.84093952178955,"Unknown"
"7014854",371863,2025-06-18 04:15:59,43.3604278564453,-8.84105110168457,"Unknown"
"7014854",371863,2025-06-18 04:21:00,43.3601303100586,-8.84072875976562,"Unknown"
"7014854",371863,2025-06-18 04:26:01,43.3602981567383,-8.84095001220703,"Unknown"
"7014854",371863,2025-06-18 04:30:59,43.3603286743164,-8.84103298187256,"Unknown"
"7014854",371863,2025-06-18 04:36:06,43.3602561950684,-8.84098434448242,"Unknown"
"7014854",371863,2025-06-18 04:41:14,43.3602409362793,-8.84091758728027,"Unknown"
"7014854",371863,2025-06-18 04:45:58,43.3602180480957,-8.84105396270752,"Unknown"
"7014854",371863,2025-06-18 04:50:58,43.3603019714355,-8.84109497070312,"Unknown"
"7014854",371863,2025-06-18 04:55:58,43.360279083252,-8.84098720550537,"Unknown"
"7014854",371863,2025-06-18 05:00:58,43.3602142333984,-8.84085559844971,"Unknown"
"7014854",371863,2025-06-18 05:05:59,43.3602676391602,-8.8410005569458,"Unknown"
"7014854",371863,2025-06-18 05:10:59,43.3602066040039,-8.84084510803223,"Unknown"
"7014854",371863,2025-06-18 05:15:59,43.360279083252,-8.84096813201904,"Unknown"
"7014854",371863,2025-06-18 05:20:59,43.3602523803711,-8.84089469909668,"Unknown"
"7014854",371863,2025-06-18 05:25:59,43.3603096008301,-8.84103298187256,"Unknown"
"7014854",371863,2025-06-18 05:31:07,43.3601989746094,-8.84078693389893,"Unknown"
"7014854",371863,2025-06-18 05:36:07,43.3602409362793,-8.84079742431641,"Unknown"
"7014854",371863,2025-06-18 05:41:07,43.3602104187012,-8.84078216552734,"Unknown"
"7014854",371863,2025-06-18 05:46:07,43.3602066040039,-8.84082221984863,"Unknown"
"7014854",371863,2025-06-18 05:51:07,43.3602027893066,-8.84079551696777,"Unknown"
"7014854",371863,2025-06-18 05:56:07,43.3601379394531,-8.84066963195801,"Unknown"
"7014854",371863,2025-06-18 06:01:14,43.3601913452148,-8.84079837799072,"Unknown"
"7014854",371863,2025-06-18 06:05:58,43.3602027893066,-8.84080123901367,"Unknown"
"7014854",371863,2025-06-18 06:10:59,43.3602256774902,-8.84081935882568,"Unknown"
"7014854",371863,2025-06-18 06:15:59,43.3601455688477,-8.84064197540283,"Unknown"
"7014854",371863,2025-06-18 06:20:59,43.3602256774902,-8.84080982208252,"Unknown"
"7014854",371863,2025-06-18 06:26:00,43.3603210449219,-8.84094715118408,"Unknown"
"7014854",371863,2025-06-18 06:31:00,43.3600196838379,-8.84048175811768,"Unknown"
"7014854",371863,2025-06-18 06:36:03,43.3567543029785,-8.84165668487549,"Unknown"
"7014854",371863,2025-06-18 06:41:05,43.345157623291,-8.85519981384277,"Unknown"
"7014854",371863,2025-06-18 06:46:35,43.3296585083008,-8.85749816894531,"Unknown"
"7014854",371863,2025-06-18 06:51:15,43.3143310546875,-8.85677242279053,"Unknown"
"7014854",371863,2025-06-18 06:56:03,43.2942390441895,-8.86068344116211,"Unknown"
"7014854",371863,2025-06-18 07:01:07,43.2950248718262,-8.86107921600342,"Unknown"
"7014854",371863,2025-06-18 07:06:03,43.292781829834,-8.86253643035889,"Unknown"
"7014854",371863,2025-06-18 07:11:29,43.2922630310059,-8.86207485198975,"Unknown"
"7014854",371863,2025-06-18 07:16:09,43.2923583984375,-8.86225605010986,"Unknown"
"7014854",371863,2025-06-18 07:21:06,43.2924728393555,-8.8624324798584,"Unknown"
"7014854",371863,2025-06-18 07:26:07,43.277042388916,-8.85805034637451,"Unknown"
"7014854",371863,2025-06-18 07:31:20,43.2866020202637,-8.8588228225708,"Unknown"
"7014854",371863,2025-06-18 07:36:28,43.2868309020996,-8.85871601104736,"Unknown"
"7014854",371863,2025-06-18 07:41:17,43.2865676879883,-8.85869407653809,"Unknown"
"7014854",371863,2025-06-18 07:46:17,43.2866821289062,-8.858962059021,"Unknown"
"7014854",371863,2025-06-18 07:51:35,43.2865371704102,-8.85809898376465,"Unknown"
"7014854",371863,2025-06-18 07:56:01,43.2930335998535,-8.86210250854492,"Unknown"
"7014854",371863,2025-06-18 08:01:44,43.2930603027344,-8.86188316345215,"Unknown"
"7014854",371863,2025-06-18 08:07:22,43.3048858642578,-8.85908699035645,"Unknown"
"7014854",371863,2025-06-18 08:11:59,43.3170585632324,-8.85817432403564,"Unknown"
"7014854",371863,2025-06-18 08:15:58,43.3314170837402,-8.85528945922852,"Unknown"
"7014854",371863,2025-06-18 08:21:01,43.3598518371582,-8.84719657897949,"Unknown"
"7014854",371863,2025-06-18 08:26:05,43.360294342041,-8.84121131896973,"Unknown"
"7014854",371863,2025-06-18 08:30:59,43.3601455688477,-8.84108066558838,"Unknown"
"7014854",371863,2025-06-18 08:36:01,43.360279083252,-8.84115791320801,"Unknown"
"7014854",371863,2025-06-18 08:40:58,43.3601875305176,-8.840989112854,"Unknown"
"7014854",371863,2025-06-18 08:45:59,43.3601150512695,-8.84094619750977,"Unknown"
"7014854",371863,2025-06-18 08:50:58,43.3601722717285,-8.84096431732178,"Unknown"
"7014854",371863,2025-06-18 08:55:59,43.3601989746094,-8.84101295471191,"Unknown"
"7014854",371863,2025-06-18 09:01:00,43.3600997924805,-8.84101486206055,"Unknown"
"7014854",371863,2025-06-18 09:06:03,43.3600883483887,-8.84092330932617,"Unknown"
"7014854",371863,2025-06-18 09:10:59,43.3600845336914,-8.8406867980957,"Unknown"
"7014854",371863,2025-06-18 09:15:59,43.360164642334,-8.84097194671631,"Unknown"
"7014854",371863,2025-06-18 09:21:01,43.360179901123,-8.84108829498291,"Unknown"
"7014854",371863,2025-06-18 09:26:03,43.3603553771973,-8.84131622314453,"Unknown"
"7014854",371863,2025-06-18 09:30:58,43.3602066040039,-8.84098243713379,"Unknown"
"7014854",371863,2025-06-18 09:35:59,43.3601684570312,-8.84091281890869,"Unknown"
"7014854",371863,2025-06-18 09:40:58,43.3601570129395,-8.84089851379395,"Unknown"
"7014854",371863,2025-06-18 09:46:00,43.3601722717285,-8.84086322784424,"Unknown"
"7014854",371863,2025-06-18 09:50:59,43.3601417541504,-8.84079837799072,"Unknown"
"7014854",371863,2025-06-18 09:56:00,43.3601264953613,-8.84087657928467,"Unknown"
"7014854",371863,2025-06-18 10:01:03,43.3603019714355,-8.841233253479,"Unknown"
"7014854",371863,2025-06-18 10:06:04,43.3603553771973,-8.84131145477295,"Unknown"
"7014854",371863,2025-06-18 10:11:05,43.3604278564453,-8.84134864807129,"Unknown"
"7014854",371863,2025-06-18 10:16:06,43.3604278564453,-8.84130764007568,"Unknown"
"7014854",371863,2025-06-18 10:21:09,43.3603553771973,-8.84133720397949,"Unknown"
"7014854",371863,2025-06-18 10:26:14,43.3603286743164,-8.84132862091064,"Unknown"
"7014854",371863,2025-06-18 10:31:07,43.3602905273438,-8.84127616882324,"Unknown"
"7014854",371863,2025-06-18 10:36:07,43.3603324890137,-8.84132862091064,"Unknown"
"7014854",371863,2025-06-18 10:41:09,43.3603363037109,-8.84128570556641,"Unknown"
"7014854",371863,2025-06-18 10:46:15,43.3603210449219,-8.8412618637085,"Unknown"
"7014854",371863,2025-06-18 10:51:02,43.3602638244629,-8.84126567840576,"Unknown"
"7014854",371863,2025-06-18 10:56:06,43.360279083252,-8.84124851226807,"Unknown"
"7014854",371863,2025-06-18 11:01:01,43.3602638244629,-8.84121894836426,"Unknown"
"7014854",371863,2025-06-18 11:06:00,43.3603134155273,-8.84128093719482,"Unknown"
"7014854",371863,2025-06-18 11:11:03,43.3603210449219,-8.84131717681885,"Unknown"
"7014854",371863,2025-06-18 11:16:00,43.3602523803711,-8.84127330780029,"Unknown"
"7014854",371863,2025-06-18 11:21:00,43.3603057861328,-8.84117698669434,"Unknown"
"7014854",371863,2025-06-18 11:26:02,43.3602714538574,-8.84114742279053,"Unknown"
"7014854",371863,2025-06-18 11:31:35,43.360294342041,-8.84098148345947,"Unknown"
"7014854",371863,2025-06-18 11:35:59,43.360221862793,-8.84097194671631,"Unknown"
"7014854",371863,2025-06-18 11:40:59,43.3603019714355,-8.8409481048584,"Unknown"
"7014854",371863,2025-06-18 11:46:08,43.3602867126465,-8.8409309387207,"Unknown"
"7014854",371863,2025-06-18 11:51:03,43.3602981567383,-8.84091091156006,"Unknown"
"7014854",371863,2025-06-18 11:56:01,43.3602828979492,-8.84100151062012,"Unknown"
"7014854",371863,2025-06-18 12:00:59,43.3601760864258,-8.84087753295898,"Unknown"
"7014854",371863,2025-06-18 12:06:06,43.3604888916016,-8.84127140045166,"Unknown"
"7014854",371863,2025-06-18 12:10:59,43.3605270385742,-8.84125423431396,"Unknown"
"7014854",371863,2025-06-18 12:16:01,43.3602981567383,-8.8410530090332,"Unknown"
"7014854",371863,2025-06-18 12:21:00,43.3603057861328,-8.84101390838623,"Unknown"
"7014854",371863,2025-06-18 12:25:59,43.3601531982422,-8.84081745147705,"Unknown"
"7014854",371863,2025-06-18 12:30:59,43.3602561950684,-8.84096145629883,"Unknown"
"7014854",371863,2025-06-18 12:35:58,43.3602867126465,-8.84098720550537,"Unknown"
"7014854",371863,2025-06-18 12:41:01,43.3601570129395,-8.84089660644531,"Unknown"
"7014854",371863,2025-06-18 12:46:00,43.3602409362793,-8.84096431732178,"Unknown"
"7014854",371863,2025-06-18 12:51:01,43.3602256774902,-8.84095096588135,"Unknown"
"7014854",371863,2025-06-18 12:55:59,43.3602905273438,-8.84092044830322,"Unknown"
"7014854",371863,2025-06-18 13:01:01,43.3602676391602,-8.84094905853271,"Unknown"
"7014854",371863,2025-06-18 13:05:59,43.3602447509766,-8.84091091156006,"Unknown"
"7014854",371863,2025-06-18 13:10:59,43.3603439331055,-8.84077167510986,"Unknown"
"7014854",371863,2025-06-18 13:15:59,43.3602828979492,-8.8408317565918,"Unknown"
"7014854",371863,2025-06-18 13:21:13,43.3602523803711,-8.84091854095459,"Unknown"
"7014854",371863,2025-06-18 13:26:00,43.3602485656738,-8.84089279174805,"Unknown"
"7014854",371863,2025-06-18 13:31:11,43.3601570129395,-8.84090709686279,"Unknown"
"7014854",371863,2025-06-18 13:36:00,43.3601531982422,-8.8408842086792,"Unknown"
"7014854",371863,2025-06-18 13:40:59,43.3603515625,-8.84081935882568,"Unknown"
"7014854",371863,2025-06-18 13:46:02,43.3603286743164,-8.84088325500488,"Unknown"
"7014854",371863,2025-06-18 13:51:03,43.3600692749023,-8.84100532531738,"Unknown"
"7014854",371863,2025-06-18 13:56:03,43.3602256774902,-8.84102058410645,"Unknown"
"7014854",371863,2025-06-18 14:01:04,43.3604927062988,-8.84092903137207,"Unknown"
"7014854",371863,2025-06-18 14:06:35,43.3612518310547,-8.84945964813232,"Unknown"
"7014854",371863,2025-06-18 14:10:58,43.3818893432617,-8.85810089111328,"Unknown"
"7014854",371863,2025-06-18 14:15:58,43.4089851379395,-8.8665599822998,"Unknown"
"7014854",371863,2025-06-18 14:20:58,43.4372520446777,-8.86540699005127,"Unknown"
"7014854",371863,2025-06-18 14:26:03,43.4442405700684,-8.86379623413086,"Unknown"
"7014854",371863,2025-06-18 14:31:03,43.4427337646484,-8.87853527069092,"Unknown"
"7014854",371863,2025-06-18 14:36:18,43.4423675537109,-8.8835620880127,"Unknown"
"7014854",371863,2025-06-18 14:41:13,43.4421844482422,-8.88347434997559,"Unknown"
"7014854",371863,2025-06-18 14:46:12,43.4414939880371,-8.88180351257324,"Unknown"
"7014854",371863,2025-06-18 14:51:05,43.4353141784668,-8.89809989929199,"Unknown"
"7014854",371863,2025-06-18 14:56:13,43.4331016540527,-8.90261363983154,"Unknown"
"7014854",371863,2025-06-18 15:01:06,43.4324798583984,-8.90468120574951,"Unknown"
"7014854",371863,2025-06-18 15:06:13,43.4324340820312,-8.90482330322266,"Unknown"
"7014854",371863,2025-06-18 15:11:12,43.4289703369141,-8.90688419342041,"Unknown"
"7014854",371863,2025-06-18 15:16:01,43.4234046936035,-8.90483379364014,"Unknown"
"7014854",371863,2025-06-18 15:21:14,43.3947334289551,-8.88297271728516,"Unknown"
"7014854",371863,2025-06-18 15:26:02,43.3733749389648,-8.85899925231934,"Unknown"
"7014854",371863,2025-06-18 15:31:52,43.3616981506348,-8.84091758728027,"Unknown"
"7014854",371863,2025-06-18 15:35:59,43.3605194091797,-8.84168910980225,"Unknown"
"7014854",371863,2025-06-18 15:41:02,43.3603057861328,-8.84096240997314,"Unknown"
"7014854",371863,2025-06-18 15:46:06,43.3603973388672,-8.84109783172607,"Unknown"
"7014854",371863,2025-06-18 15:51:07,43.3604774475098,-8.84114360809326,"Unknown"
"7014854",371863,2025-06-18 15:56:14,43.3602485656738,-8.8409481048584,"Unknown"
"7014854",371863,2025-06-18 16:01:01,43.3603096008301,-8.84105682373047,"Unknown"
"7014854",371863,2025-06-18 16:06:08,43.3602485656738,-8.84100723266602,"Unknown"
"7014854",371863,2025-06-18 16:11:05,43.3602485656738,-8.84101104736328,"Unknown"
"7014854",371863,2025-06-18 16:16:05,43.3602066040039,-8.84097862243652,"Unknown"
"7014854",371863,2025-06-18 16:21:07,43.3602523803711,-8.84093570709229,"Unknown"
"7014854",371863,2025-06-18 16:26:04,43.3601951599121,-8.84090614318848,"Unknown"
"7014854",371863,2025-06-18 16:31:02,43.360237121582,-8.8411226272583,"Unknown"
"7014854",371863,2025-06-18 16:36:20,43.3600654602051,-8.84045696258545,"Unknown"
"7014854",371863,2025-06-18 16:41:35,43.3602485656738,-8.84095859527588,"Unknown"
"7014854",371863,2025-06-18 16:46:01,43.3602523803711,-8.84091281890869,"Unknown"
"7014854",371863,2025-06-18 16:51:01,43.360424041748,-8.84135437011719,"Unknown"
"7014854",371863,2025-06-18 16:56:00,43.3603210449219,-8.84107780456543,"Unknown"
"7014854",371863,2025-06-18 17:01:00,43.3604431152344,-8.84132480621338,"Unknown"
"7014854",371863,2025-06-18 17:06:04,43.3603210449219,-8.8410062789917,"Unknown"
"7014854",371863,2025-06-18 17:11:05,43.3602981567383,-8.84101009368896,"Unknown"
"7014854",371863,2025-06-18 17:16:04,43.3602828979492,-8.84093189239502,"Unknown"
"7014854",371863,2025-06-18 17:21:07,43.3602752685547,-8.84093856811523,"Unknown"
"7014854",371863,2025-06-18 17:26:00,43.3602447509766,-8.84080028533936,"Unknown"
"7014854",371863,2025-06-18 17:31:00,43.3603858947754,-8.84123706817627,"Unknown"
"7014854",371863,2025-06-18 17:36:01,43.3601951599121,-8.84088802337646,"Unknown"
"7014854",371863,2025-06-18 17:41:07,43.3603134155273,-8.84100723266602,"Unknown"
"7014854",371863,2025-06-18 17:46:05,43.3603096008301,-8.84102249145508,"Unknown"
"7014854",371863,2025-06-18 17:51:03,43.3602752685547,-8.8410177230835,"Unknown"
"7014854",371863,2025-06-18 17:56:01,43.3602066040039,-8.84082794189453,"Unknown"
"7014854",371863,2025-06-18 18:01:06,43.3602066040039,-8.84075832366943,"Unknown"
"7014854",371863,2025-06-18 18:06:08,43.3602142333984,-8.84081363677979,"Unknown"
"7014854",371863,2025-06-18 18:11:14,43.360034942627,-8.84045696258545,"Unknown"
"7014854",371863,2025-06-18 18:16:32,43.3602981567383,-8.84099578857422,"Unknown"
"7014854",371863,2025-06-18 18:20:58,43.360294342041,-8.84101104736328,"Unknown"
"7014854",371863,2025-06-18 18:25:59,43.3603363037109,-8.84103393554688,"Unknown"
"7014854",371863,2025-06-18 18:30:58,43.3604393005371,-8.8410530090332,"Unknown"
"7014854",371863,2025-06-18 18:35:59,43.3604469299316,-8.84115791320801,"Unknown"
"7014854",371863,2025-06-18 18:40:59,43.3602752685547,-8.84097957611084,"Unknown"
"7014854",371863,2025-06-18 18:45:59,43.3602676391602,-8.84104061126709,"Unknown"
"7014854",371863,2025-06-18 18:51:00,43.360237121582,-8.84090995788574,"Unknown"
"7014854",371863,2025-06-18 18:56:00,43.3603248596191,-8.84102630615234,"Unknown"
"7014854",371863,2025-06-18 19:01:05,43.3602905273438,-8.84093189239502,"Unknown"
"7014854",371863,2025-06-18 19:06:03,43.3602714538574,-8.8409595489502,"Unknown"
"7014854",371863,2025-06-18 19:10:59,43.3602523803711,-8.84099292755127,"Unknown"
"7014854",371863,2025-06-18 19:15:59,43.3602409362793,-8.84089374542236,"Unknown"
"7014854",371863,2025-06-18 19:21:00,43.3604354858398,-8.84121227264404,"Unknown"
"7014854",371863,2025-06-18 19:26:00,43.3604888916016,-8.84139060974121,"Unknown"
"7014854",371863,2025-06-18 19:31:03,43.3602867126465,-8.84090518951416,"Unknown"
"7014854",371863,2025-06-18 19:35:58,43.3603324890137,-8.84107398986816,"Unknown"
"7014854",371863,2025-06-18 19:41:02,43.3602638244629,-8.8410758972168,"Unknown"
"7014854",371863,2025-06-18 19:46:09,43.3602561950684,-8.8409538269043,"Unknown"
"7014854",371863,2025-06-18 19:51:01,43.3602752685547,-8.84098243713379,"Unknown"
"7014854",371863,2025-06-18 19:55:59,43.3602676391602,-8.84095287322998,"Unknown"
"7014854",371863,2025-06-18 20:01:08,43.3602638244629,-8.84099769592285,"Unknown"
"7014854",371863,2025-06-18 20:06:00,43.3603057861328,-8.84102916717529,"Unknown"
"7014854",371863,2025-06-18 20:11:08,43.3602828979492,-8.84102916717529,"Unknown"
"7014854",371863,2025-06-18 20:16:03,43.3602867126465,-8.84110832214355,"Unknown"
"7014854",371863,2025-06-18 20:21:09,43.3602981567383,-8.84114742279053,"Unknown"
"7014854",371863,2025-06-18 20:26:14,43.3603134155273,-8.84112071990967,"Unknown"
"7014854",371863,2025-06-18 20:31:14,43.3602104187012,-8.84094905853271,"Unknown"
"7014854",371863,2025-06-18 20:36:00,43.3602180480957,-8.84097290039062,"Unknown"
"7014854",371863,2025-06-18 20:41:06,43.3603057861328,-8.84115314483643,"Unknown"
"7014854",371863,2025-06-18 20:46:06,43.360279083252,-8.84092140197754,"Unknown"
"7014854",371863,2025-06-18 20:51:03,43.3602905273438,-8.84094524383545,"Unknown"
"7014854",371863,2025-06-18 20:56:14,43.3603706359863,-8.84102916717529,"Unknown"
"7014854",371863,2025-06-18 21:01:13,43.360237121582,-8.84071731567383,"Unknown"
"7014854",371863,2025-06-18 21:06:06,43.3603248596191,-8.84090137481689,"Unknown"
"7014854",371863,2025-06-18 21:11:03,43.3603553771973,-8.84105110168457,"Unknown"
"7014854",371863,2025-06-18 21:16:08,43.3600959777832,-8.84058094024658,"Unknown"
"7014854",371863,2025-06-18 21:21:07,43.3604202270508,-8.84101009368896,"Unknown"
"7014854",371863,2025-06-18 21:26:08,43.3606758117676,-8.8412504196167,"Unknown"
"7014854",371863,2025-06-18 21:31:12,43.3602027893066,-8.8410587310791,"Unknown"
"7014854",371863,2025-06-18 21:36:06,43.3604545593262,-8.84084987640381,"Unknown"
"7014854",371863,2025-06-18 21:41:02,43.3602485656738,-8.84089660644531,"Unknown"
"7014854",371863,2025-06-18 21:46:10,43.3602333068848,-8.84073829650879,"Unknown"
"7014854",371863,2025-06-18 21:51:14,43.3603782653809,-8.84107971191406,"Unknown"
"7014854",371863,2025-06-18 21:56:38,43.360279083252,-8.84098434448242,"Unknown"
"7014854",371863,2025-06-18 22:00:59,43.3602142333984,-8.84088134765625,"Unknown"
"7014854",371863,2025-06-18 22:06:00,43.3602867126465,-8.84104633331299,"Unknown"
"7014854",371863,2025-06-18 22:11:02,43.360237121582,-8.84089279174805,"Unknown"
"7014854",371863,2025-06-18 22:15:58,43.3602828979492,-8.84095096588135,"Unknown"
"7014854",371863,2025-06-18 22:21:03,43.3603248596191,-8.84089660644531,"Unknown"
"7014854",371863,2025-06-18 22:26:05,43.3602485656738,-8.84089183807373,"Unknown"
"7014854",371863,2025-06-18 22:31:07,43.3602561950684,-8.84102439880371,"Unknown"
"7014854",371863,2025-06-18 22:36:09,43.3602294921875,-8.84088611602783,"Unknown"
"7014854",371863,2025-06-18 22:41:03,43.360237121582,-8.84076595306396,"Unknown"
"7014854",371863,2025-06-18 22:46:14,43.3602333068848,-8.8408203125,"Unknown"
"7014854",371863,2025-06-18 22:51:03,43.3602676391602,-8.8409595489502,"Unknown"
"7014854",371863,2025-06-18 22:56:03,43.3602714538574,-8.8409538269043,"Unknown"
"7014854",371863,2025-06-18 23:01:04,43.3602600097656,-8.8408899307251,"Unknown"
"7014854",371863,2025-06-18 23:06:10,43.3602485656738,-8.84088611602783,"Unknown"
"7014854",371863,2025-06-18 23:11:06,43.3601379394531,-8.84067440032959,"Unknown"
"7014854",371863,2025-06-18 23:16:01,43.3604164123535,-8.84115028381348,"Unknown"
"7014854",371863,2025-06-18 23:21:06,43.360237121582,-8.84085464477539,"Unknown"
"7014854",371863,2025-06-18 23:26:06,43.3604049682617,-8.84103870391846,"Unknown"
"7014854",371863,2025-06-18 23:31:14,43.3604202270508,-8.84095191955566,"Unknown"
"7014854",371863,2025-06-18 23:36:10,43.3602828979492,-8.84095001220703,"Unknown"
"7014854",371863,2025-06-18 23:41:06,43.3603553771973,-8.84094047546387,"Unknown"
"7014854",371863,2025-06-18 23:46:06,43.3603286743164,-8.84096050262451,"Unknown"
"7014854",371863,2025-06-18 23:51:06,43.3603858947754,-8.84094619750977,"Unknown"
"7014854",371863,2025-06-18 23:56:00,43.3603782653809,-8.84108924865723,"Unknown"
"7014854",371863,2025-06-19 00:01:06,43.3603324890137,-8.84089279174805,"Unknown"
"7014854",371863,2025-06-19 00:06:01,43.3603134155273,-8.84085464477539,"Unknown"
"7014854",371863,2025-06-19 00:11:08,43.3603019714355,-8.84089946746826,"Unknown"
"7014854",371863,2025-06-19 00:16:06,43.3603591918945,-8.84073638916016,"Unknown"
"7014854",371863,2025-06-19 00:21:08,43.3602523803711,-8.84093475341797,"Unknown"
"7014854",371863,2025-06-19 00:26:06,43.3603477478027,-8.84091949462891,"Unknown"
"7014854",371863,2025-06-19 00:31:35,43.3602867126465,-8.84092712402344,"Unknown"
"7014854",371863,2025-06-19 00:35:58,43.3602638244629,-8.84092044830322,"Unknown"
"7014854",371863,2025-06-19 00:40:58,43.3602485656738,-8.84093952178955,"Unknown"
"7014854",371863,2025-06-19 00:45:59,43.3602752685547,-8.84094905853271,"Unknown"
"7014854",371863,2025-06-19 00:50:59,43.3603172302246,-8.84098720550537,"Unknown"
"7014854",371863,2025-06-19 00:55:58,43.3602485656738,-8.84090137481689,"Unknown"
"7014854",371863,2025-06-19 01:00:58,43.3602828979492,-8.84091663360596,"Unknown"
"7014854",371863,2025-06-19 01:05:58,43.3602600097656,-8.84089088439941,"Unknown"
"7014854",371863,2025-06-19 01:10:58,43.3602333068848,-8.84093189239502,"Unknown"
"7014854",371863,2025-06-19 01:16:01,43.3602409362793,-8.84083557128906,"Unknown"
"7014854",371863,2025-06-19 01:21:01,43.3602561950684,-8.84084320068359,"Unknown"
"7014854",371863,2025-06-19 01:25:58,43.360279083252,-8.8408727645874,"Unknown"
"7014854",371863,2025-06-19 01:30:59,43.3603096008301,-8.84091854095459,"Unknown"
"7014854",371863,2025-06-19 01:35:59,43.360538482666,-8.84092235565186,"Unknown"
"7014854",371863,2025-06-19 01:40:59,43.3605308532715,-8.84103775024414,"Unknown"
"7014854",371863,2025-06-19 01:46:00,43.3604431152344,-8.84097099304199,"Unknown"
"7014854",371863,2025-06-19 01:51:02,43.3605499267578,-8.84109115600586,"Unknown"
"7014854",371863,2025-06-19 01:56:22,43.3607139587402,-8.84086513519287,"Unknown"
"7014854",371863,2025-06-19 02:01:14,43.3603630065918,-8.84092807769775,"Unknown"
"7014854",371863,2025-06-19 02:06:00,43.3604698181152,-8.84101295471191,"Unknown"
"7014854",371863,2025-06-19 02:11:01,43.3603668212891,-8.84102058410645,"Unknown"
"7014854",371863,2025-06-19 02:16:01,43.3602409362793,-8.84094333648682,"Unknown"
"7014854",371863,2025-06-19 02:21:06,43.3602447509766,-8.84091567993164,"Unknown"
"7014854",371863,2025-06-19 02:26:03,43.3602256774902,-8.8409309387207,"Unknown"
"7014854",371863,2025-06-19 02:31:03,43.3602256774902,-8.84086036682129,"Unknown"
"7014854",371863,2025-06-19 02:36:04,43.3602828979492,-8.84092330932617,"Unknown"
"7014854",371863,2025-06-19 02:41:02,43.3603477478027,-8.84102725982666,"Unknown"
"7014854",371863,2025-06-19 02:46:14,43.360294342041,-8.84094524383545,"Unknown"
"7014854",371863,2025-06-19 02:51:03,43.360294342041,-8.84095287322998,"Unknown"
"7014854",371863,2025-06-19 02:56:03,43.3602714538574,-8.84090900421143,"Unknown"
"7014854",371863,2025-06-19 03:01:03,43.3601760864258,-8.84082508087158,"Unknown"
"7014854",371863,2025-06-19 03:05:58,43.3603096008301,-8.84097671508789,"Unknown"
"7014854",371863,2025-06-19 03:10:59,43.360279083252,-8.84100914001465,"Unknown"
"7014854",371863,2025-06-19 03:16:03,43.3600158691406,-8.84119415283203,"Unknown"
"7014854",371863,2025-06-19 03:21:07,43.3601837158203,-8.84116268157959,"Unknown"
"7014854",371863,2025-06-19 03:26:06,43.3603897094727,-8.84102916717529,"Unknown"
"7014854",371863,2025-06-19 03:31:14,43.3601951599121,-8.84099292755127,"Unknown"
"7014854",371863,2025-06-19 03:35:59,43.3602027893066,-8.84096240997314,"Unknown"
"7014854",371863,2025-06-19 03:40:59,43.3601913452148,-8.84093570709229,"Unknown"
"7014854",371863,2025-06-19 03:46:14,43.3602638244629,-8.8410816192627,"Unknown"
"7014854",371863,2025-06-19 03:51:11,43.3601455688477,-8.84094905853271,"Unknown"
"7014854",371863,2025-06-19 03:56:03,43.3601493835449,-8.84091186523438,"Unknown"
"7014854",371863,2025-06-19 04:01:02,43.3601417541504,-8.84091949462891,"Unknown"
"7014854",371863,2025-06-19 04:05:59,43.3602485656738,-8.84105396270752,"Unknown"
"7014854",371863,2025-06-19 04:11:00,43.3601341247559,-8.84089660644531,"Unknown"
"7014854",371863,2025-06-19 04:15:58,43.3615455627441,-8.84312438964844,"Unknown"
"7014854",371863,2025-06-19 04:21:01,43.3737373352051,-8.83511447906494,"Unknown"
"7014854",371863,2025-06-19 04:26:07,43.3790626525879,-8.82699298858643,"Unknown"
"7014854",371863,2025-06-19 04:31:02,43.3929786682129,-8.80925846099854,"Unknown"
"7014854",371863,2025-06-19 04:36:35,43.3952217102051,-8.80668640136719,"Unknown"
"7014854",371863,2025-06-19 04:40:58,43.4078598022461,-8.81568908691406,"Unknown"
"7014854",371863,2025-06-19 04:46:11,43.4124641418457,-8.80513668060303,"Unknown"
"7014854",371863,2025-06-19 04:51:02,43.3982429504395,-8.79634094238281,"Unknown"
"7014854",371863,2025-06-19 04:56:35,43.3790397644043,-8.78341770172119,"Unknown"
"7014854",371863,2025-06-19 05:01:02,43.3796653747559,-8.78278350830078,"Unknown"
"7014854",371863,2025-06-19 05:06:09,43.3747520446777,-8.77509212493896,"Unknown"
"7014854",371863,2025-06-19 05:11:00,43.3682632446289,-8.76515865325928,"Unknown"
"7014854",371863,2025-06-19 05:16:14,43.3682594299316,-8.76470756530762,"Unknown"
"7014854",371863,2025-06-19 05:21:03,43.3684234619141,-8.76431941986084,"Unknown"
"7014854",371863,2025-06-19 05:26:00,43.3686294555664,-8.76405620574951,"Unknown"
"7014854",371863,2025-06-19 05:31:01,43.3693466186523,-8.76407146453857,"Unknown"
"7014854",371863,2025-06-19 05:35:59,43.3702239990234,-8.76333618164062,"Unknown"
"7014854",371863,2025-06-19 05:41:03,43.3707122802734,-8.76230430603027,"Unknown"
"7014854",371863,2025-06-19 05:46:01,43.3712615966797,-8.761549949646,"Unknown"
"7014854",371863,2025-06-19 05:51:00,43.3919296264648,-8.76595306396484,"Unknown"
"7014854",371863,2025-06-19 05:55:59,43.3923225402832,-8.78739070892334,"Unknown"
"7014854",371863,2025-06-19 06:01:08,43.3944816589355,-8.79319953918457,"Unknown"
"7014854",371863,2025-06-19 06:06:02,43.3961143493652,-8.79770183563232,"Unknown"
"7014854",371863,2025-06-19 06:11:08,43.4163284301758,-8.81614780426025,"Unknown"
"7014854",371863,2025-06-19 06:16:06,43.4132995605469,-8.79500389099121,"Unknown"
"7014854",371863,2025-06-19 06:21:06,43.4034233093262,-8.78492450714111,"Unknown"
"7014854",371863,2025-06-19 06:26:01,43.4029159545898,-8.78314399719238,"Unknown"
"7014854",371863,2025-06-19 06:31:08,43.3899917602539,-8.75155448913574,"Unknown"
"7014854",371863,2025-06-19 06:36:01,43.3766098022461,-8.73488712310791,"Unknown"
"7014854",371863,2025-06-19 06:41:08,43.3546371459961,-8.74191379547119,"Unknown"
"7014854",371863,2025-06-19 06:46:01,43.3323364257812,-8.75259113311768,"Unknown"
"7014854",371863,2025-06-19 06:51:44,43.3240013122559,-8.78535079956055,"Unknown"
"7014854",371863,2025-06-19 06:56:47,43.3284530639648,-8.82388114929199,"Unknown"
"7014854",371863,2025-06-19 07:00:58,43.314266204834,-8.84504699707031,"Unknown"
"7014854",371863,2025-06-19 07:05:58,43.2938423156738,-8.86158847808838,"Unknown"
"7014854",371863,2025-06-19 07:11:14,43.2920570373535,-8.86227035522461,"Unknown"
"7014854",371863,2025-06-19 07:16:08,43.2924613952637,-8.86265563964844,"Unknown"
"7014854",371863,2025-06-19 07:21:12,43.2923202514648,-8.86230564117432,"Unknown"
"7014854",371863,2025-06-19 07:26:09,43.289722442627,-8.86528587341309,"Unknown"
"7014854",371863,2025-06-19 07:31:09,43.2866516113281,-8.867844581604,"Unknown"
"7014854",371863,2025-06-19 07:36:09,43.2876205444336,-8.87178897857666,"Unknown"
"7014854",371863,2025-06-19 07:41:30,43.2877159118652,-8.87228488922119,"Unknown"
"7014854",371863,2025-06-19 07:47:05,43.2834968566895,-8.86838722229004,"Unknown"
"7014854",371863,2025-06-19 07:51:14,43.2832183837891,-8.86930847167969,"Unknown"
"7014854",371863,2025-06-19 07:56:00,43.2828407287598,-8.87004661560059,"Unknown"
"7014854",371863,2025-06-19 08:00:58,43.285228729248,-8.86372852325439,"Unknown"
"7014854",371863,2025-06-19 08:06:02,43.2864646911621,-8.85841178894043,"Unknown"
"7014854",371863,2025-06-19 08:11:01,43.2943916320801,-8.83992576599121,"Unknown"
"7014854",371863,2025-06-19 08:16:01,43.2943115234375,-8.83964920043945,"Unknown"
"7014854",371863,2025-06-19 08:21:08,43.2944793701172,-8.83983135223389,"Unknown"
"7014854",371863,2025-06-19 08:26:05,43.2944793701172,-8.8397045135498,"Unknown"
"7014854",371863,2025-06-19 08:31:01,43.2944793701172,-8.83971977233887,"Unknown"
"7014854",371863,2025-06-19 08:36:03,43.2943115234375,-8.8399600982666,"Unknown"
"7014854",371863,2025-06-19 08:41:01,43.2943420410156,-8.83981895446777,"Unknown"
"7014854",371863,2025-06-19 08:47:23,43.2943687438965,-8.84000968933105,"Unknown"
"7014854",371863,2025-06-19 08:51:10,43.2944869995117,-8.83987236022949,"Unknown"
"7014854",371863,2025-06-19 08:57:23,43.2943344116211,-8.83970928192139,"Unknown"
"7014854",371863,2025-06-19 09:01:05,43.2943572998047,-8.84000110626221,"Unknown"
"7014854",371863,2025-06-19 09:06:01,43.2943572998047,-8.8399543762207,"Unknown"
"7014854",371863,2025-06-19 09:11:13,43.2943992614746,-8.83981704711914,"Unknown"
"7014854",371863,2025-06-19 09:15:59,43.2941818237305,-8.83966064453125,"Unknown"
"7014854",371863,2025-06-19 09:22:14,43.2942771911621,-8.83968925476074,"Unknown"
"7014854",371863,2025-06-19 09:26:01,43.2943458557129,-8.83976364135742,"Unknown"
"7014854",371863,2025-06-19 09:30:59,43.3097229003906,-8.84974002838135,"Unknown"
"7014854",371863,2025-06-19 09:35:58,43.3346786499023,-8.84400749206543,"Unknown"
"7014854",371863,2025-06-19 09:41:03,43.3602294921875,-8.84092330932617,"Unknown"
"7014854",371863,2025-06-19 09:46:01,43.3601837158203,-8.84110069274902,"Unknown"
"7014854",371863,2025-06-19 09:51:01,43.3602066040039,-8.84110260009766,"Unknown"
"7014854",371863,2025-06-19 09:56:03,43.3600692749023,-8.84046649932861,"Unknown"
"7014854",371863,2025-06-19 10:01:06,43.3602180480957,-8.84113693237305,"Unknown"
"7014854",371863,2025-06-19 10:06:33,43.3601989746094,-8.84118938446045,"Unknown"
"7014854",371863,2025-06-19 10:11:01,43.3602142333984,-8.84104537963867,"Unknown"
"7014854",371863,2025-06-19 10:16:09,43.3603096008301,-8.84101486206055,"Unknown"
"7014854",371863,2025-06-19 10:21:04,43.3601188659668,-8.84098434448242,"Unknown"
"7014854",371863,2025-06-19 10:26:14,43.3602867126465,-8.8409252166748,"Unknown"
"7014854",371863,2025-06-19 10:30:59,43.3602714538574,-8.84100723266602,"Unknown"
"7014854",371863,2025-06-19 10:36:01,43.3603134155273,-8.84095764160156,"Unknown"
"7014854",371863,2025-06-19 10:41:01,43.3601913452148,-8.84088039398193,"Unknown"
"7014854",371863,2025-06-19 10:46:04,43.3603172302246,-8.84097290039062,"Unknown"
"7014854",371863,2025-06-19 10:51:04,43.3602981567383,-8.84097194671631,"Unknown"
"7014854",371863,2025-06-19 10:56:09,43.360294342041,-8.84101676940918,"Unknown"
"7014854",371863,2025-06-19 11:01:03,43.3602294921875,-8.84099006652832,"Unknown"
"7014854",371863,2025-06-19 11:06:01,43.360221862793,-8.84102630615234,"Unknown"
"7014854",371863,2025-06-19 11:11:11,43.3602676391602,-8.84097003936768,"Unknown"
"7014854",371863,2025-06-19 11:16:00,43.3603744506836,-8.84104156494141,"Unknown"
"7014854",371863,2025-06-19 11:21:03,43.360294342041,-8.84100341796875,"Unknown"
"7014854",371863,2025-06-19 11:26:02,43.3602180480957,-8.84098625183105,"Unknown"
"7014854",371863,2025-06-19 11:31:06,43.3601188659668,-8.84090042114258,"Unknown"
"7014854",371863,2025-06-19 11:36:00,43.3602981567383,-8.84092903137207,"Unknown"
"7014854",371863,2025-06-19 11:40:59,43.3602523803711,-8.84090518951416,"Unknown"
"7014854",371863,2025-06-19 11:46:09,43.360221862793,-8.8409423828125,"Unknown"
"7014854",371863,2025-06-19 11:51:13,43.3603210449219,-8.84096145629883,"Unknown"
"7014854",371863,2025-06-19 11:56:04,43.3602561950684,-8.84101009368896,"Unknown"
"7014854",371863,2025-06-19 12:01:10,43.360294342041,-8.84102916717529,"Unknown"
"7014854",371863,2025-06-19 12:06:04,43.3601493835449,-8.8408842086792,"Unknown"
"7014854",371863,2025-06-19 12:11:00,43.3602409362793,-8.84089279174805,"Unknown"
"7014854",371863,2025-06-19 12:16:01,43.3602523803711,-8.8410062789917,"Unknown"
"7014854",371863,2025-06-19 12:21:02,43.3602180480957,-8.840989112854,"Unknown"
"7014854",371863,2025-06-19 12:26:04,43.3602638244629,-8.84099960327148,"Unknown"
"7014854",371863,2025-06-19 12:30:59,43.3602638244629,-8.84102153778076,"Unknown"
"7014854",371863,2025-06-19 12:36:00,43.360294342041,-8.84104919433594,"Unknown"
"7014854",371863,2025-06-19 12:41:02,43.3602256774902,-8.84098434448242,"Unknown"
"7014854",371863,2025-06-19 12:46:35,43.360294342041,-8.84089660644531,"Unknown"
"7014854",371863,2025-06-19 12:51:02,43.3602485656738,-8.84094524383545,"Unknown"
"7014854",371863,2025-06-19 12:56:00,43.3602638244629,-8.84103488922119,"Unknown"
"7014854",371863,2025-06-19 13:01:01,43.3602447509766,-8.84090805053711,"Unknown"
"7014854",371863,2025-06-19 13:06:09,43.3602447509766,-8.8409595489502,"Unknown"
"7014854",371863,2025-06-19 13:11:08,43.3602485656738,-8.84107780456543,"Unknown"
"7014854",371863,2025-06-19 13:16:05,43.3603324890137,-8.84110832214355,"Unknown"
"7014854",371863,2025-06-19 13:21:01,43.3602600097656,-8.84096050262451,"Unknown"
"7014854",371863,2025-06-19 13:26:23,43.3603324890137,-8.84118843078613,"Unknown"
"7014854",371863,2025-06-19 13:31:22,43.3602142333984,-8.84084224700928,"Unknown"
"7014854",371863,2025-06-19 13:36:13,43.360294342041,-8.84102153778076,"Unknown"
"7014854",371863,2025-06-19 13:41:21,43.3603706359863,-8.84119129180908,"Unknown"
"7014854",371863,2025-06-19 13:46:35,43.3602409362793,-8.84083938598633,"Unknown"
"7014854",371863,2025-06-19 13:51:00,43.3602561950684,-8.84126091003418,"Unknown"
"7014854",371863,2025-06-19 13:56:00,43.3602561950684,-8.84089660644531,"Unknown"
"7014854",371863,2025-06-19 14:01:00,43.360221862793,-8.84093570709229,"Unknown"
"7014854",371863,2025-06-19 14:06:01,43.3602104187012,-8.84106063842773,"Unknown"
"7014854",371863,2025-06-19 14:11:00,43.3602447509766,-8.84103012084961,"Unknown"
"7014854",371863,2025-06-19 14:15:59,43.3602981567383,-8.84097671508789,"Unknown"
"7014854",371863,2025-06-19 14:20:59,43.3603096008301,-8.84085369110107,"Unknown"
"7014854",371863,2025-06-19 14:26:01,43.3602561950684,-8.84112644195557,"Unknown"
"7014854",371863,2025-06-19 14:31:34,43.3602752685547,-8.84095191955566,"Unknown"
"7014854",371863,2025-06-19 14:36:00,43.3602600097656,-8.84105205535889,"Unknown"
"7014854",371863,2025-06-19 14:41:01,43.3602638244629,-8.84095096588135,"Unknown"
"7014854",371863,2025-06-19 14:46:00,43.360237121582,-8.8408145904541,"Unknown"
"7014854",371863,2025-06-19 14:51:02,43.3602447509766,-8.84103012084961,"Unknown"
"7014854",371863,2025-06-19 14:56:02,43.360279083252,-8.84111309051514,"Unknown"
"7014854",371863,2025-06-19 15:01:01,43.3602752685547,-8.8410816192627,"Unknown"
"7014854",371863,2025-06-19 15:06:04,43.3602447509766,-8.84089088439941,"Unknown"
"7014854",371863,2025-06-19 15:11:00,43.3603172302246,-8.84098625183105,"Unknown"
"7014854",371863,2025-06-19 15:16:01,43.3602294921875,-8.84098339080811,"Unknown"
"7014854",371863,2025-06-19 15:20:59,43.3603134155273,-8.84100914001465,"Unknown"
"7014854",371863,2025-06-19 15:26:00,43.360221862793,-8.84089469909668,"Unknown"
"7014854",371863,2025-06-19 15:30:59,43.3602142333984,-8.84101963043213,"Unknown"
"7014854",371863,2025-06-19 15:35:59,43.3602256774902,-8.84098815917969,"Unknown"
"7014854",371863,2025-06-19 15:41:00,43.3603057861328,-8.84107685089111,"Unknown"
"7014854",371863,2025-06-19 15:46:13,43.3602485656738,-8.8410120010376,"Unknown"
"7014854",371863,2025-06-19 15:51:00,43.3600845336914,-8.84070777893066,"Unknown"
"7014854",371863,2025-06-19 15:56:24,43.3600997924805,-8.84075927734375,"Unknown"
"7014854",371863,2025-06-19 16:01:03,43.3602981567383,-8.84102535247803,"Unknown"
"7014854",371863,2025-06-19 16:06:11,43.360221862793,-8.84084510803223,"Unknown"
"7014854",371863,2025-06-19 16:11:00,43.3604621887207,-8.84114456176758,"Unknown"
"7014854",371863,2025-06-19 16:16:04,43.3601608276367,-8.84089279174805,"Unknown"
"7014854",371863,2025-06-19 16:20:59,43.3602333068848,-8.84094333648682,"Unknown"
"7014854",371863,2025-06-19 16:26:10,43.3602905273438,-8.84104824066162,"Unknown"
"7014854",371863,2025-06-19 16:31:03,43.3600578308105,-8.84073543548584,"Unknown"
"7014854",371863,2025-06-19 16:36:06,43.3602676391602,-8.84105205535889,"Unknown"
"7014854",371863,2025-06-19 16:41:20,43.3601989746094,-8.84083271026611,"Unknown"
"7014854",371863,2025-06-19 16:46:10,43.3602294921875,-8.84091567993164,"Unknown"
"7014854",371863,2025-06-19 16:51:06,43.3602600097656,-8.84099292755127,"Unknown"
"7014854",371863,2025-06-19 16:56:35,43.3602485656738,-8.84092235565186,"Unknown"
"7014854",371863,2025-06-19 17:01:00,43.3605117797852,-8.84119033813477,"Unknown"
"7014854",371863,2025-06-19 17:06:01,43.3602714538574,-8.84094142913818,"Unknown"
"7014854",371863,2025-06-19 17:11:06,43.3599433898926,-8.84035396575928,"Unknown"
"7014854",371863,2025-06-19 17:16:02,43.3603668212891,-8.84425354003906,"Unknown"
"7014854",371863,2025-06-19 17:20:59,43.3300704956055,-8.85179996490479,"Unknown"
"7014854",371863,2025-06-19 17:25:59,43.3076210021973,-8.85494518280029,"Unknown"
"7014854",371863,2025-06-19 17:31:35,43.2961502075195,-8.86034679412842,"Unknown"
"7014854",371863,2025-06-19 17:36:03,43.2961349487305,-8.8603343963623,"Unknown"
"7014854",371863,2025-06-19 17:41:03,43.2953681945801,-8.86106586456299,"Unknown"
"7014854",371863,2025-06-19 17:46:10,43.2954750061035,-8.86052894592285,"Unknown"
"7014854",371863,2025-06-19 17:51:00,43.2925491333008,-8.86137199401855,"Unknown"
"7014854",371863,2025-06-19 17:56:00,43.292366027832,-8.8424015045166,"Unknown"
"7014854",371863,2025-06-19 18:01:01,43.2877006530762,-8.82854652404785,"Unknown"
"7014854",371863,2025-06-19 18:06:00,43.295524597168,-8.85094165802002,"Unknown"
"7014854",371863,2025-06-19 18:11:02,43.3144798278809,-8.8570384979248,"Unknown"
"7014854",371863,2025-06-19 18:16:03,43.3144836425781,-8.85707855224609,"Unknown"
"7014854",371863,2025-06-19 18:21:09,43.3403778076172,-8.84313583374023,"Unknown"
"7014854",371863,2025-06-19 18:26:01,43.3602867126465,-8.8405818939209,"Unknown"
"7014854",371863,2025-06-19 18:31:04,43.3604202270508,-8.84108257293701,"Unknown"
"7014854",371863,2025-06-19 18:36:03,43.3603057861328,-8.84097862243652,"Unknown"
"7014854",371863,2025-06-19 18:41:06,43.3603515625,-8.84092807769775,"Unknown"
"7014854",371863,2025-06-19 18:46:00,43.3603324890137,-8.84099578857422,"Unknown"
"7014854",371863,2025-06-19 18:51:02,43.360279083252,-8.84093379974365,"Unknown"
"7014854",371863,2025-06-19 18:55:59,43.3602066040039,-8.84083938598633,"Unknown"
"7014854",371863,2025-06-19 19:00:59,43.3603401184082,-8.84103107452393,"Unknown"
"7014854",371863,2025-06-19 19:06:09,43.3603897094727,-8.84092044830322,"Unknown"
"7014854",371863,2025-06-19 19:11:11,43.3604164123535,-8.84089279174805,"Unknown"
"7014854",371863,2025-06-19 19:16:00,43.3604583740234,-8.84096527099609,"Unknown"
"7014854",371863,2025-06-19 19:21:01,43.3603630065918,-8.84096336364746,"Unknown"
"7014854",371863,2025-06-19 19:26:09,43.3603515625,-8.84097671508789,"Unknown"
"7014854",371863,2025-06-19 19:31:03,43.3604125976562,-8.84099102020264,"Unknown"
"7014854",371863,2025-06-19 19:36:10,43.3604621887207,-8.84085464477539,"Unknown"
"7014854",371863,2025-06-19 19:41:09,43.360237121582,-8.84092140197754,"Unknown"
"7014854",371863,2025-06-19 19:46:08,43.3601379394531,-8.84101676940918,"Unknown"
"7014854",371863,2025-06-19 19:51:09,43.3602294921875,-8.84100341796875,"Unknown"
"7014854",371863,2025-06-19 19:56:06,43.3601722717285,-8.84111022949219,"Unknown"
"7014854",371863,2025-06-19 20:01:01,43.3602447509766,-8.8410701751709,"Unknown"
"7014854",371863,2025-06-19 20:06:09,43.3600769042969,-8.84094333648682,"Unknown"
"7014854",371863,2025-06-19 20:11:12,43.3603248596191,-8.84105682373047,"Unknown"
"7014854",371863,2025-06-19 20:16:03,43.3603820800781,-8.84105587005615,"Unknown"
"7014854",371863,2025-06-19 20:21:09,43.3602638244629,-8.84099674224854,"Unknown"
"7014854",371863,2025-06-19 20:26:13,43.3602752685547,-8.84090995788574,"Unknown"
"7014854",371863,2025-06-19 20:31:07,43.3602714538574,-8.84086227416992,"Unknown"
"7014854",371863,2025-06-19 20:36:11,43.3602905273438,-8.84099102020264,"Unknown"
"7014854",371863,2025-06-19 20:41:12,43.360179901123,-8.84075736999512,"Unknown"
"7014854",371863,2025-06-19 20:46:03,43.3601226806641,-8.84117889404297,"Unknown"
"7014854",371863,2025-06-19 20:51:09,43.360221862793,-8.84059619903564,"Unknown"
"7014854",371863,2025-06-19 20:56:11,43.3601531982422,-8.84126949310303,"Unknown"
"7014854",371863,2025-06-19 21:01:25,43.3602180480957,-8.84079837799072,"Unknown"
"7014854",371863,2025-06-19 21:06:35,43.3602561950684,-8.84093570709229,"Unknown"
"7014854",371863,2025-06-19 21:11:00,43.3603057861328,-8.84095191955566,"Unknown"
"7014854",371863,2025-06-19 21:15:59,43.3826141357422,-8.85853385925293,"Unknown"
"7014854",371863,2025-06-19 21:21:01,43.4036636352539,-8.86860370635986,"Unknown"
"7014854",371863,2025-06-19 21:26:04,43.4038505554199,-8.86923027038574,"Unknown"
"7014854",371863,2025-06-19 21:31:02,43.4044075012207,-8.87007904052734,"Unknown"
"7014854",371863,2025-06-19 21:36:02,43.4048004150391,-8.87085628509521,"Unknown"
"7014854",371863,2025-06-19 21:41:02,43.4053192138672,-8.8717737197876,"Unknown"
"7014854",371863,2025-06-19 21:46:12,43.4057121276855,-8.87287616729736,"Unknown"
"7014854",371863,2025-06-19 21:51:16,43.406852722168,-8.87409496307373,"Unknown"
"7014854",371863,2025-06-19 21:56:10,43.4070587158203,-8.87541103363037,"Unknown"
"7014854",371863,2025-06-19 22:01:14,43.406177520752,-8.87574863433838,"Unknown"
"7014854",371863,2025-06-19 22:05:59,43.4046249389648,-8.87464904785156,"Unknown"
"7014854",371863,2025-06-19 22:11:16,43.4041786193848,-8.8751220703125,"Unknown"
"7014854",371863,2025-06-19 22:15:59,43.3833427429199,-8.85642051696777,"Unknown"
"7014854",371863,2025-06-19 22:21:00,43.361442565918,-8.84135818481445,"Unknown"
"7014854",371863,2025-06-19 22:26:09,43.3602867126465,-8.84087562561035,"Unknown"
"7014854",371863,2025-06-19 22:31:26,43.3598289489746,-8.84106826782227,"Unknown"
"7014854",371863,2025-06-19 22:36:00,43.3601493835449,-8.84066772460938,"Unknown"
"7014854",371863,2025-06-19 22:41:06,43.3602447509766,-8.84091663360596,"Unknown"
"7014854",371863,2025-06-19 22:46:25,43.3602600097656,-8.84078311920166,"Unknown"
"7014854",371863,2025-06-19 22:51:00,43.3603134155273,-8.84070777893066,"Unknown"
"7014854",371863,2025-06-19 22:56:07,43.3601989746094,-8.84080028533936,"Unknown"
"7014854",371863,2025-06-19 23:01:03,43.3602752685547,-8.84114170074463,"Unknown"
"7014854",371863,2025-06-19 23:06:01,43.360424041748,-8.8409366607666,"Unknown"
"7014854",371863,2025-06-19 23:11:03,43.3602714538574,-8.84105205535889,"Unknown"
"7014854",371863,2025-06-19 23:16:06,43.3603553771973,-8.84127998352051,"Unknown"
"7014854",371863,2025-06-19 23:21:14,43.3602676391602,-8.84066772460938,"Unknown"
"7014854",371863,2025-06-19 23:26:14,43.360279083252,-8.8408317565918,"Unknown"
"7014854",371863,2025-06-19 23:31:09,43.3602142333984,-8.84077644348145,"Unknown"
"7014854",371863,2025-06-19 23:36:14,43.3603858947754,-8.84060192108154,"Unknown"
"7014854",371863,2025-06-19 23:41:13,43.360294342041,-8.84088897705078,"Unknown"
"7014854",371863,2025-06-19 23:46:16,43.3603324890137,-8.84102153778076,"Unknown"
"7014854",371863,2025-06-19 23:51:10,43.3603248596191,-8.84099960327148,"Unknown"
"7014854",371863,2025-06-19 23:56:03,43.3603019714355,-8.84067344665527,"Unknown"
"7014854",371863,2025-06-20 00:01:09,43.3603019714355,-8.84088611602783,"Unknown"
"7014854",371863,2025-06-20 00:06:08,43.3602027893066,-8.84092235565186,"Unknown"
"7014854",371863,2025-06-20 00:11:02,43.3602905273438,-8.8410816192627,"Unknown"
"7014854",371863,2025-06-20 00:16:10,43.3603668212891,-8.84088802337646,"Unknown"
"7014854",371863,2025-06-20 00:21:06,43.3603782653809,-8.84090995788574,"Unknown"
"7014854",371863,2025-06-20 00:26:08,43.3603668212891,-8.84086227416992,"Unknown"
"7014854",371863,2025-06-20 00:31:02,43.3607215881348,-8.84123802185059,"Unknown"
"7014854",371863,2025-06-20 00:36:09,43.3602676391602,-8.84091186523438,"Unknown"
"7014854",371863,2025-06-20 00:41:02,43.3601531982422,-8.84056758880615,"Unknown"
"7014854",371863,2025-06-20 00:46:15,43.3603096008301,-8.84093952178955,"Unknown"
"7014854",371863,2025-06-20 00:50:59,43.3603553771973,-8.8409423828125,"Unknown"
"7014854",371863,2025-06-20 00:56:35,43.3602752685547,-8.84094524383545,"Unknown"
"7014854",371863,2025-06-20 01:00:59,43.3602485656738,-8.84098720550537,"Unknown"
"7014854",371863,2025-06-20 01:05:59,43.3602561950684,-8.8409481048584,"Unknown"
"7014854",371863,2025-06-20 01:10:59,43.3602256774902,-8.84097671508789,"Unknown"
"7014854",371863,2025-06-20 01:15:59,43.3602828979492,-8.84078216552734,"Unknown"
"7014854",371863,2025-06-20 01:20:59,43.3601875305176,-8.84096908569336,"Unknown"
"7014854",371863,2025-06-20 01:25:59,43.3602409362793,-8.84097290039062,"Unknown"
"7014854",371863,2025-06-20 01:30:59,43.3602561950684,-8.84096431732178,"Unknown"
"7014854",371863,2025-06-20 01:36:04,43.3602447509766,-8.84086036682129,"Unknown"
"7014854",371863,2025-06-20 01:41:01,43.3602447509766,-8.8409252166748,"Unknown"
"7014854",371863,2025-06-20 01:46:03,43.3602905273438,-8.84089279174805,"Unknown"
"7014854",371863,2025-06-20 01:51:02,43.3600997924805,-8.84106063842773,"Unknown"
"7014854",371863,2025-06-20 01:56:14,43.3602447509766,-8.84100341796875,"Unknown"
"7014854",371863,2025-06-20 02:00:59,43.360408782959,-8.84102725982666,"Unknown"
"7014854",371863,2025-06-20 02:06:00,43.3603210449219,-8.84082221984863,"Unknown"
"7014854",371863,2025-06-20 02:11:00,43.3600883483887,-8.84080600738525,"Unknown"
"7014854",371863,2025-06-20 02:16:00,43.360481262207,-8.84081554412842,"Unknown"
"7014854",371863,2025-06-20 02:21:00,43.3599967956543,-8.8408145904541,"Unknown"
"7014854",371863,2025-06-20 02:26:00,43.3602714538574,-8.84103298187256,"Unknown"
"7014854",371863,2025-06-20 02:31:00,43.3603820800781,-8.841139793396,"Unknown"
"7014854",371863,2025-06-20 02:36:00,43.3602676391602,-8.84097957611084,"Unknown"
"7014854",371863,2025-06-20 02:41:00,43.3602638244629,-8.84100151062012,"Unknown"
"7014854",371863,2025-06-20 02:46:15,43.3602104187012,-8.84093856811523,"Unknown"
"7014854",371863,2025-06-20 02:50:59,43.3602104187012,-8.84092426300049,"Unknown"
"7014854",371863,2025-06-20 02:55:59,43.3602523803711,-8.84104633331299,"Unknown"
"7014854",371863,2025-06-20 03:00:59,43.3602180480957,-8.84088230133057,"Unknown"
"7014854",371863,2025-06-20 03:05:59,43.360481262207,-8.84134674072266,"Unknown"
"7014854",371863,2025-06-20 03:11:00,43.3605613708496,-8.84152793884277,"Unknown"
"7014854",371863,2025-06-20 03:15:59,43.3604507446289,-8.84134769439697,"Unknown"
"7014854",371863,2025-06-20 03:21:03,43.3604125976562,-8.84130764007568,"Unknown"
"7014854",371863,2025-06-20 03:26:09,43.3603591918945,-8.84113121032715,"Unknown"
"7014854",371863,2025-06-20 03:31:35,43.3602828979492,-8.8410177230835,"Unknown"
"7014854",371863,2025-06-20 03:35:59,43.3603057861328,-8.84097766876221,"Unknown"
"7014854",371863,2025-06-20 03:40:59,43.3603096008301,-8.84099197387695,"Unknown"
"7014854",371863,2025-06-20 03:46:00,43.3603363037109,-8.84107208251953,"Unknown"
"7014854",371863,2025-06-20 03:50:59,43.360294342041,-8.84095478057861,"Unknown"
"7014854",371863,2025-06-20 03:55:59,43.3602752685547,-8.84089756011963,"Unknown"
"7014854",371863,2025-06-20 04:00:59,43.3602333068848,-8.84105968475342,"Unknown"
"7014854",371863,2025-06-20 04:05:59,43.3603134155273,-8.84091186523438,"Unknown"
"7014854",371863,2025-06-20 04:11:00,43.3603134155273,-8.84087181091309,"Unknown"
"7014854",371863,2025-06-20 04:15:59,43.3409271240234,-8.85023021697998,"Unknown"
"7014854",371863,2025-06-20 04:20:59,43.3130760192871,-8.84788513183594,"Unknown"
"7014854",371863,2025-06-20 04:26:01,43.2920684814453,-8.86222457885742,"Unknown"
"7014854",371863,2025-06-20 04:31:00,43.291862487793,-8.86210823059082,"Unknown"
"7014854",371863,2025-06-20 04:35:59,43.2901802062988,-8.86534976959229,"Unknown"
"7014854",371863,2025-06-20 04:41:02,43.2871170043945,-8.87158012390137,"Unknown"
"7014854",371863,2025-06-20 04:45:59,43.2873916625977,-8.87193298339844,"Unknown"
"7014854",371863,2025-06-20 04:51:00,43.2873916625977,-8.87198638916016,"Unknown"
"7014854",371863,2025-06-20 04:56:14,43.2876091003418,-8.87184429168701,"Unknown"
"7014854",371863,2025-06-20 05:01:01,43.2861633300781,-8.86928558349609,"Unknown"
"7014854",371863,2025-06-20 05:06:00,43.2874488830566,-8.87118911743164,"Unknown"
"7014854",371863,2025-06-20 05:11:03,43.3016471862793,-8.86159896850586,"Unknown"
"7014854",371863,2025-06-20 05:16:01,43.3143501281738,-8.85647201538086,"Unknown"
"7014854",371863,2025-06-20 05:21:01,43.3444404602051,-8.85054302215576,"Unknown"
"7014854",371863,2025-06-20 05:26:08,43.3601760864258,-8.84094524383545,"Unknown"
"7014854",371863,2025-06-20 05:30:59,43.3602409362793,-8.84106349945068,"Unknown"
"7014854",371863,2025-06-20 05:36:03,43.3602600097656,-8.84104919433594,"Unknown"
"7014854",371863,2025-06-20 05:41:00,43.3601570129395,-8.84089946746826,"Unknown"
"7014854",371863,2025-06-20 05:46:00,43.3602561950684,-8.84107875823975,"Unknown"
"7014854",371863,2025-06-20 05:51:00,43.3602676391602,-8.84087562561035,"Unknown"
"7014854",371863,2025-06-20 05:56:11,43.3602638244629,-8.84101104736328,"Unknown"
"7014854",371863,2025-06-20 06:01:03,43.3601112365723,-8.84082317352295,"Unknown"
"7014854",371863,2025-06-20 06:06:09,43.3603858947754,-8.84104537963867,"Unknown"
"7014854",371863,2025-06-20 06:11:10,43.3603820800781,-8.84111881256104,"Unknown"
"7014854",371863,2025-06-20 06:16:13,43.3603134155273,-8.84099388122559,"Unknown"
"7014854",371863,2025-06-20 06:21:13,43.3602066040039,-8.84087657928467,"Unknown"
"7014854",371863,2025-06-20 06:26:04,43.3599052429199,-8.84052467346191,"Unknown"
"7014854",371863,2025-06-20 06:31:02,43.3602981567383,-8.84085750579834,"Unknown"
"7014854",371863,2025-06-20 06:36:01,43.3603630065918,-8.84050369262695,"Unknown"
"7014854",371863,2025-06-20 06:41:02,43.3603096008301,-8.84031200408936,"Unknown"
"7014854",371863,2025-06-20 06:46:15,43.3602409362793,-8.84071159362793,"Unknown"
"7014854",371863,2025-06-20 06:51:23,43.3602714538574,-8.84086322784424,"Unknown"
"7014854",371863,2025-06-20 06:56:11,43.3602294921875,-8.84057712554932,"Unknown"
"7014854",371863,2025-06-20 07:01:35,43.3603210449219,-8.84091949462891,"Unknown"
"7014854",371863,2025-06-20 07:06:00,43.3602752685547,-8.84093761444092,"Unknown"
"7014854",371863,2025-06-20 07:11:00,43.3603134155273,-8.84090518951416,"Unknown"
"7014854",371863,2025-06-20 07:15:59,43.3603973388672,-8.84090518951416,"Unknown"
"7014854",371863,2025-06-20 07:21:03,43.3603668212891,-8.84092903137207,"Unknown"
"7014854",371863,2025-06-20 07:26:04,43.360782623291,-8.84114170074463,"Unknown"
"7014854",371863,2025-06-20 07:31:03,43.360279083252,-8.84097194671631,"Unknown"
"7014854",371863,2025-06-20 07:36:01,43.3603591918945,-8.84093379974365,"Unknown"
"7014854",371863,2025-06-20 07:41:00,43.3601875305176,-8.84100437164307,"Unknown"
"7014854",371863,2025-06-20 07:46:04,43.3601837158203,-8.84104824066162,"Unknown"
"7014854",371863,2025-06-20 07:51:01,43.3603973388672,-8.84083843231201,"Unknown"
"7014854",371863,2025-06-20 07:56:04,43.3600730895996,-8.84091377258301,"Unknown"
"7014854",371863,2025-06-20 08:01:00,43.3602828979492,-8.84095287322998,"Unknown"
"7014854",371863,2025-06-20 08:06:09,43.3602905273438,-8.84091663360596,"Unknown"
"7014854",371863,2025-06-20 08:11:06,43.360279083252,-8.84086608886719,"Unknown"
"7014854",371863,2025-06-20 08:16:14,43.3602905273438,-8.8409366607666,"Unknown"
"7014854",371863,2025-06-20 08:21:04,43.3603134155273,-8.84092807769775,"Unknown"
"7014854",371863,2025-06-20 08:26:00,43.3603477478027,-8.84091281890869,"Unknown"
"7014854",371863,2025-06-20 08:30:59,43.3602676391602,-8.84094619750977,"Unknown"
"7014854",371863,2025-06-20 08:35:59,43.3602104187012,-8.840989112854,"Unknown"
"7014854",371863,2025-06-20 08:40:59,43.3602828979492,-8.84096908569336,"Unknown"
"7014854",371863,2025-06-20 08:46:00,43.360179901123,-8.84100818634033,"Unknown"
"7014854",371863,2025-06-20 08:51:09,43.3603019714355,-8.84092903137207,"Unknown"
"7014854",371863,2025-06-20 08:56:06,43.3602485656738,-8.8408899307251,"Unknown"
"7014854",371863,2025-06-20 09:01:07,43.3602485656738,-8.84084415435791,"Unknown"
"7014854",371863,2025-06-20 09:06:09,43.3600540161133,-8.84095191955566,"Unknown"
"7014854",371863,2025-06-20 09:11:10,43.3602867126465,-8.84094715118408,"Unknown"
"7014854",371863,2025-06-20 09:15:59,43.3602828979492,-8.8409366607666,"Unknown"
"7014854",371863,2025-06-20 09:21:00,43.3602638244629,-8.84092426300049,"Unknown"
"7014854",371863,2025-06-20 09:25:59,43.3602447509766,-8.84100341796875,"Unknown"
"7014854",371863,2025-06-20 09:31:00,43.3602600097656,-8.84091758728027,"Unknown"
"7014854",371863,2025-06-20 09:36:02,43.3602333068848,-8.84093570709229,"Unknown"
"7014854",371863,2025-06-20 09:41:00,43.3602561950684,-8.84083652496338,"Unknown"
"7014854",371863,2025-06-20 09:46:08,43.3602981567383,-8.8409309387207,"Unknown"
"7014854",371863,2025-06-20 09:51:04,43.3604469299316,-8.84104824066162,"Unknown"
"7014854",371863,2025-06-20 09:56:31,43.3603210449219,-8.84099578857422,"Unknown"
"7014854",371863,2025-06-20 10:00:59,43.3602180480957,-8.84081268310547,"Unknown"
"7014854",371863,2025-06-20 10:06:00,43.3602027893066,-8.84077739715576,"Unknown"
"7014854",371863,2025-06-20 10:11:03,43.3602676391602,-8.84100818634033,"Unknown"
"7014854",371863,2025-06-20 10:16:02,43.3603172302246,-8.84128570556641,"Unknown"
"7014854",371863,2025-06-20 10:21:00,43.3602981567383,-8.84126567840576,"Unknown"
"7014854",371863,2025-06-20 10:26:03,43.360279083252,-8.84105014801025,"Unknown"
"7014854",371863,2025-06-20 10:31:09,43.3603172302246,-8.84090900421143,"Unknown"
"7014854",371863,2025-06-20 10:36:03,43.3602256774902,-8.84095096588135,"Unknown"
"7014854",371863,2025-06-20 10:41:03,43.3602714538574,-8.84093570709229,"Unknown"
"7014854",371863,2025-06-20 10:46:14,43.3603057861328,-8.84097194671631,"Unknown"
"7014854",371863,2025-06-20 10:51:00,43.3601684570312,-8.8407564163208,"Unknown"
"7014854",371863,2025-06-20 10:56:03,43.3602485656738,-8.84091377258301,"Unknown"
"7014854",371863,2025-06-20 11:01:00,43.3603210449219,-8.84111881256104,"Unknown"
"7014854",371863,2025-06-20 11:05:59,43.3603096008301,-8.84104347229004,"Unknown"
"7014854",371863,2025-06-20 11:11:01,43.3603248596191,-8.84123992919922,"Unknown"
"7014854",371863,2025-06-20 11:16:02,43.3602867126465,-8.84103488922119,"Unknown"
"7014854",371863,2025-06-20 11:21:02,43.3604125976562,-8.84111309051514,"Unknown"
"7014854",371863,2025-06-20 11:26:11,43.3603477478027,-8.84084892272949,"Unknown"
"7014854",371863,2025-06-20 11:31:01,43.3603210449219,-8.84110450744629,"Unknown"
"7014854",371863,2025-06-20 11:36:07,43.3603134155273,-8.84099006652832,"Unknown"
"7014854",371863,2025-06-20 11:41:08,43.3594093322754,-8.84149837493896,"Unknown"
"7014854",371863,2025-06-20 11:46:14,43.3603096008301,-8.84095191955566,"Unknown"
"7014854",371863,2025-06-20 11:51:04,43.3605346679688,-8.84075450897217,"Unknown"
"7014854",371863,2025-06-20 11:56:00,43.3603820800781,-8.84084510803223,"Unknown"
"7014854",371863,2025-06-20 12:01:00,43.3546676635742,-8.846116065979,"Unknown"
"7014854",371863,2025-06-20 12:05:59,43.3139038085938,-8.85179138183594,"Unknown"
"7014854",371863,2025-06-20 12:11:02,43.2998657226562,-8.8572473526001,"Unknown"
"7014854",371863,2025-06-20 12:16:00,43.2895050048828,-8.86477661132812,"Unknown"
"7014854",371863,2025-06-20 12:21:12,43.2924575805664,-8.86214256286621,"Unknown"
"7014854",371863,2025-06-20 12:26:00,43.2939910888672,-8.86346817016602,"Unknown"
"7014854",371863,2025-06-20 12:31:35,43.2908515930176,-8.86284065246582,"Unknown"
"7014854",371863,2025-06-20 12:36:02,43.293830871582,-8.83933258056641,"Unknown"
"7014854",371863,2025-06-20 12:41:06,43.2943840026855,-8.83975601196289,"Unknown"
"7014854",371863,2025-06-20 12:47:23,43.294376373291,-8.83997631072998,"Unknown"
"7014854",371863,2025-06-20 12:52:14,43.2942810058594,-8.83980655670166,"Unknown"
"7014854",371863,2025-06-20 12:56:00,43.2940444946289,-8.84010410308838,"Unknown"
"7014854",371863,2025-06-20 13:01:22,43.2941780090332,-8.83989906311035,"Unknown"
"7014854",371863,2025-06-20 13:06:00,43.2943229675293,-8.84030628204346,"Unknown"
"7014854",371863,2025-06-20 13:11:01,43.2943229675293,-8.83961486816406,"Unknown"
"7014854",371863,2025-06-20 13:16:06,43.2943229675293,-8.83996963500977,"Unknown"
"7014854",371863,2025-06-20 13:21:07,43.2943878173828,-8.83976745605469,"Unknown"
"7014854",371863,2025-06-20 13:26:05,43.2946586608887,-8.83969974517822,"Unknown"
"7014854",371863,2025-06-20 13:31:04,43.2941436767578,-8.83985137939453,"Unknown"
"7014854",371863,2025-06-20 13:36:13,43.2943801879883,-8.83913898468018,"Unknown"
"7014854",371863,2025-06-20 13:41:31,43.2940635681152,-8.83986854553223,"Unknown"
"7014854",371863,2025-06-20 13:46:04,43.294319152832,-8.84002113342285,"Unknown"
"7014854",371863,2025-06-20 13:51:06,43.2943344116211,-8.84029960632324,"Unknown"
"7014854",371863,2025-06-20 13:56:13,43.2943305969238,-8.83999633789062,"Unknown"
"7014854",371863,2025-06-20 14:01:35,43.2943229675293,-8.83997821807861,"Unknown"
"7014854",371863,2025-06-20 14:06:03,43.2942504882812,-8.83982753753662,"Unknown"
"7014854",371863,2025-06-20 14:11:00,43.3031768798828,-8.8426570892334,"Unknown"
"7014854",371863,2025-06-20 14:16:00,43.314151763916,-8.83565425872803,"Unknown"
"7014854",371863,2025-06-20 14:21:00,43.314079284668,-8.85649490356445,"Unknown"
"7014854",371863,2025-06-20 14:26:00,43.3143196105957,-8.8568115234375,"Unknown"
"7014854",371863,2025-06-20 14:31:02,43.3146896362305,-8.85704231262207,"Unknown"
"7014854",371863,2025-06-20 14:36:00,43.3147125244141,-8.8570384979248,"Unknown"
"7014854",371863,2025-06-20 14:41:00,43.3372497558594,-8.84344959259033,"Unknown"
"7014854",371863,2025-06-20 14:46:00,43.3601684570312,-8.84471321105957,"Unknown"
"7014854",371863,2025-06-20 14:50:59,43.360237121582,-8.84097766876221,"Unknown"
"7014854",371863,2025-06-20 14:55:59,43.3601570129395,-8.84089469909668,"Unknown"
"7014854",371863,2025-06-20 15:00:59,43.3602600097656,-8.84101295471191,"Unknown"
"7014854",371863,2025-06-20 15:06:00,43.3603286743164,-8.84097576141357,"Unknown"
"7014854",371863,2025-06-20 15:11:01,43.3600654602051,-8.84077739715576,"Unknown"
"7014854",371863,2025-06-20 15:16:02,43.3602714538574,-8.84105014801025,"Unknown"
"7014854",371863,2025-06-20 15:21:00,43.3602638244629,-8.84096908569336,"Unknown"
"7014854",371863,2025-06-20 15:25:59,43.3602485656738,-8.84098052978516,"Unknown"
"7014854",371863,2025-06-20 15:31:06,43.3603858947754,-8.8410701751709,"Unknown"
"7014854",371863,2025-06-20 15:36:00,43.3602905273438,-8.84100818634033,"Unknown"
"7014854",371863,2025-06-20 15:41:01,43.3408088684082,-8.8408374786377,"Unknown"
"7014854",371863,2025-06-20 15:46:03,43.3177719116211,-8.83968067169189,"Unknown"
"7014854",371863,2025-06-20 15:51:35,43.3008651733398,-8.85517311096191,"Unknown"
"7014854",371863,2025-06-20 15:56:04,43.2877998352051,-8.86135482788086,"Unknown"
"7014854",371863,2025-06-20 16:01:00,43.2875061035156,-8.86165904998779,"Unknown"
"7014854",371863,2025-06-20 16:06:00,43.2880096435547,-8.86147499084473,"Unknown"
"7014854",371863,2025-06-20 16:11:01,43.2876396179199,-8.86161613464355,"Unknown"
"7014854",371863,2025-06-20 16:16:01,43.2869758605957,-8.86102104187012,"Unknown"
"7014854",371863,2025-06-20 16:21:00,43.2956733703613,-8.86161327362061,"Unknown"
"7014854",371863,2025-06-20 16:25:59,43.2964477539062,-8.86092472076416,"Unknown"
"7014854",371863,2025-06-20 16:31:02,43.2960624694824,-8.86118412017822,"Unknown"
"7014854",371863,2025-06-20 16:36:00,43.2953109741211,-8.86052799224854,"Unknown"
"7014854",371863,2025-06-20 16:41:00,43.2954254150391,-8.86053085327148,"Unknown"
"7014854",371863,2025-06-20 16:46:00,43.295467376709,-8.86078453063965,"Unknown"
"7014854",371863,2025-06-20 16:50:59,43.2955093383789,-8.86081790924072,"Unknown"
"7014854",371863,2025-06-20 16:56:00,43.2957649230957,-8.86072063446045,"Unknown"
"7014854",371863,2025-06-20 17:01:03,43.2958221435547,-8.86084365844727,"Unknown"
"7014854",371863,2025-06-20 17:06:00,43.2953834533691,-8.8611478805542,"Unknown"
"7014854",371863,2025-06-20 17:10:59,43.3138999938965,-8.85723400115967,"Unknown"
"7014854",371863,2025-06-20 17:16:01,43.3288040161133,-8.85082912445068,"Unknown"
"7014854",371863,2025-06-20 17:21:00,43.3564949035645,-8.84570503234863,"Unknown"
"7014854",371863,2025-06-20 17:26:02,43.3602409362793,-8.84092617034912,"Unknown"
"7014854",371863,2025-06-20 17:31:03,43.3600921630859,-8.84094429016113,"Unknown"
"7014854",371863,2025-06-20 17:36:00,43.3603477478027,-8.84099292755127,"Unknown"
"7014854",371863,2025-06-20 17:41:00,43.3603630065918,-8.84106159210205,"Unknown"
"7014854",371863,2025-06-20 17:46:09,43.3603134155273,-8.84104061126709,"Unknown"
"7014854",371863,2025-06-20 17:51:03,43.3603477478027,-8.8411283493042,"Unknown"
"7014854",371863,2025-06-20 17:56:00,43.3603401184082,-8.84107303619385,"Unknown"
"7014854",371863,2025-06-20 18:01:00,43.3603401184082,-8.84102535247803,"Unknown"
"7014854",371863,2025-06-20 18:06:07,43.3603553771973,-8.84115409851074,"Unknown"
"7014854",371863,2025-06-20 18:11:03,43.3602561950684,-8.84116172790527,"Unknown"
"7014854",371863,2025-06-20 18:16:01,43.3602752685547,-8.84093189239502,"Unknown"
"7014854",371863,2025-06-20 18:21:00,43.3603134155273,-8.84100723266602,"Unknown"
"7014854",371863,2025-06-20 18:26:10,43.3602256774902,-8.84092426300049,"Unknown"
"7014854",371863,2025-06-20 18:31:06,43.3601989746094,-8.84086894989014,"Unknown"
"7014854",371863,2025-06-20 18:36:02,43.3603897094727,-8.8409366607666,"Unknown"
"7014854",371863,2025-06-20 18:41:00,43.3603363037109,-8.84112739562988,"Unknown"
"7014854",371863,2025-06-20 18:46:04,43.3604736328125,-8.84126377105713,"Unknown"
"7014854",371863,2025-06-20 18:51:14,43.3602600097656,-8.8409595489502,"Unknown"
"7014854",371863,2025-06-20 18:56:02,43.360279083252,-8.84086799621582,"Unknown"
"7014854",371863,2025-06-20 19:01:06,43.3602180480957,-8.84097576141357,"Unknown"
"7014854",371863,2025-06-20 19:06:01,43.3601531982422,-8.84098434448242,"Unknown"
"7014854",371863,2025-06-20 19:11:01,43.3600425720215,-8.84075736999512,"Unknown"
"7014854",371863,2025-06-20 19:16:01,43.360221862793,-8.84108448028564,"Unknown"
"7014854",371863,2025-06-20 19:21:06,43.3602256774902,-8.8409538269043,"Unknown"
"7014854",371863,2025-06-20 19:26:08,43.3602523803711,-8.84104347229004,"Unknown"
"7014854",371863,2025-06-20 19:31:06,43.3601875305176,-8.84110069274902,"Unknown"
"7014854",371863,2025-06-20 19:36:09,43.360221862793,-8.84101009368896,"Unknown"
"7014854",371863,2025-06-20 19:41:03,43.3602981567383,-8.84092426300049,"Unknown"
"7014854",371863,2025-06-20 19:46:35,43.3601341247559,-8.84107685089111,"Unknown"
"7014854",371863,2025-06-20 19:51:02,43.3601379394531,-8.84108066558838,"Unknown"
"7014854",371863,2025-06-20 19:56:01,43.360164642334,-8.8410816192627,"Unknown"
"7014854",371863,2025-06-20 20:01:15,43.3602523803711,-8.841064453125,"Unknown"
"7014854",371863,2025-06-20 20:06:03,43.3600692749023,-8.84120941162109,"Unknown"
"7014854",371863,2025-06-20 20:11:09,43.3603477478027,-8.84090995788574,"Unknown"
"7014854",371863,2025-06-20 20:16:04,43.360408782959,-8.84090232849121,"Unknown"
"7014854",371863,2025-06-20 20:21:04,43.360408782959,-8.84093570709229,"Unknown"
"7014854",371863,2025-06-20 20:26:35,43.3602867126465,-8.8409538269043,"Unknown"
"7014854",371863,2025-06-20 20:31:01,43.3602523803711,-8.84097385406494,"Unknown"
"7014854",371863,2025-06-20 20:36:08,43.3602981567383,-8.84085845947266,"Unknown"
"7014854",371863,2025-06-20 20:41:01,43.3605194091797,-8.84040069580078,"Unknown"
"7014854",371863,2025-06-20 20:46:03,43.3603935241699,-8.84083938598633,"Unknown"
"7014854",371863,2025-06-20 20:51:01,43.3577461242676,-8.8433313369751,"Unknown"
"7014854",371863,2025-06-20 20:56:14,43.3603324890137,-8.84095001220703,"Unknown"
"7014854",371863,2025-06-20 21:01:01,43.3601837158203,-8.84097194671631,"Unknown"
"7014854",371863,2025-06-20 21:06:04,43.3600082397461,-8.84090328216553,"Unknown"
"7014854",371863,2025-06-20 21:11:03,43.3601303100586,-8.84095191955566,"Unknown"
"7014854",371863,2025-06-20 21:16:00,43.360279083252,-8.84096336364746,"Unknown"
"7014854",371863,2025-06-20 21:21:14,43.3602523803711,-8.84092712402344,"Unknown"
"7014854",371863,2025-06-20 21:26:00,43.3601226806641,-8.8409948348999,"Unknown"
"7014854",371863,2025-06-20 21:31:03,43.3603553771973,-8.8410472869873,"Unknown"
"7014854",371863,2025-06-20 21:36:12,43.3604278564453,-8.84087085723877,"Unknown"
"7014854",371863,2025-06-20 21:41:07,43.3603858947754,-8.84096622467041,"Unknown"
"7014854",371863,2025-06-20 21:46:10,43.3603401184082,-8.84083461761475,"Unknown"
"7014854",371863,2025-06-20 21:51:01,43.360481262207,-8.84108924865723,"Unknown"
"7014854",371863,2025-06-20 21:56:04,43.3604888916016,-8.84109020233154,"Unknown"
"7014854",371863,2025-06-20 22:01:01,43.360481262207,-8.84108638763428,"Unknown"
"7014854",371863,2025-06-20 22:06:01,43.3603897094727,-8.84103679656982,"Unknown"
"7014854",371863,2025-06-20 22:11:04,43.3603019714355,-8.84083557128906,"Unknown"
"7014854",371863,2025-06-20 22:16:02,43.3602981567383,-8.84111213684082,"Unknown"
"7014854",371863,2025-06-20 22:21:00,43.3602600097656,-8.84093189239502,"Unknown"
"7014854",371863,2025-06-20 22:26:01,43.3603057861328,-8.84043598175049,"Unknown"
"7014854",371863,2025-06-20 22:31:35,43.3603057861328,-8.84101581573486,"Unknown"
"7014854",371863,2025-06-20 22:36:00,43.3602561950684,-8.84102630615234,"Unknown"
"7014854",371863,2025-06-20 22:41:00,43.3602485656738,-8.84094429016113,"Unknown"
"7014854",371863,2025-06-20 22:46:00,43.3602676391602,-8.84091567993164,"Unknown"
"7014854",371863,2025-06-20 22:51:03,43.360279083252,-8.84101295471191,"Unknown"
"7014854",371863,2025-06-20 22:56:15,43.3602294921875,-8.84084701538086,"Unknown"
"7014854",371863,2025-06-20 23:01:10,43.3602676391602,-8.84095573425293,"Unknown"
"7014854",371863,2025-06-20 23:06:00,43.3602142333984,-8.84073543548584,"Unknown"
"7014854",371863,2025-06-20 23:11:02,43.3602447509766,-8.84091472625732,"Unknown"
"7014854",371863,2025-06-20 23:16:00,43.3602676391602,-8.84091949462891,"Unknown"
"7014854",371863,2025-06-20 23:21:00,43.3602714538574,-8.8409252166748,"Unknown"
"7014854",371863,2025-06-20 23:26:00,43.3602523803711,-8.84094905853271,"Unknown"
"7014854",371863,2025-06-20 23:31:01,43.360279083252,-8.84092998504639,"Unknown"
"7014854",371863,2025-06-20 23:36:03,43.3602905273438,-8.84077167510986,"Unknown"
"7014854",371863,2025-06-20 23:41:01,43.3602104187012,-8.84069919586182,"Unknown"
"7014854",371863,2025-06-20 23:46:11,43.3602676391602,-8.84102725982666,"Unknown"
"7014854",371863,2025-06-20 23:51:09,43.360294342041,-8.84075736999512,"Unknown"
"7014854",371863,2025-06-20 23:56:09,43.3602714538574,-8.8410758972168,"Unknown"
"7014854",371863,2025-06-21 00:01:14,43.3602638244629,-8.8410062789917,"Unknown"
"7014854",371863,2025-06-21 00:06:04,43.3603210449219,-8.84105205535889,"Unknown"
"7014854",371863,2025-06-21 00:11:34,43.3602828979492,-8.84092330932617,"Unknown"
"7014854",371863,2025-06-21 00:16:01,43.3602828979492,-8.84093856811523,"Unknown"
"7014854",371863,2025-06-21 00:21:00,43.3603172302246,-8.84090805053711,"Unknown"
"7014854",371863,2025-06-21 00:26:01,43.3602485656738,-8.84091281890869,"Unknown"
"7014854",371863,2025-06-21 00:31:01,43.3603172302246,-8.84085083007812,"Unknown"
"7014854",371863,2025-06-21 00:36:00,43.3602066040039,-8.84092044830322,"Unknown"
"7014854",371863,2025-06-21 00:41:01,43.3602676391602,-8.84088897705078,"Unknown"
"7014854",371863,2025-06-21 00:46:02,43.3602867126465,-8.84094333648682,"Unknown"
"7014854",371863,2025-06-21 00:51:01,43.3602333068848,-8.84085369110107,"Unknown"
"7014854",371863,2025-06-21 00:56:00,43.3602409362793,-8.84088516235352,"Unknown"
"7014854",371863,2025-06-21 01:01:01,43.3601455688477,-8.84074592590332,"Unknown"
"7014854",371863,2025-06-21 01:06:04,43.3602828979492,-8.84083557128906,"Unknown"
"7014854",371863,2025-06-21 01:11:02,43.3602523803711,-8.84084224700928,"Unknown"
"7014854",371863,2025-06-21 01:16:06,43.3601417541504,-8.84088706970215,"Unknown"
"7014854",371863,2025-06-21 01:21:02,43.360237121582,-8.84081363677979,"Unknown"
"7014854",371863,2025-06-21 01:26:04,43.3602180480957,-8.84083557128906,"Unknown"
"7014854",371863,2025-06-21 01:31:02,43.3603286743164,-8.84086990356445,"Unknown"
"7014854",371863,2025-06-21 01:36:03,43.3603591918945,-8.84086322784424,"Unknown"
"7014854",371863,2025-06-21 01:41:02,43.360424041748,-8.84083652496338,"Unknown"
"7014854",371863,2025-06-21 01:46:13,43.360408782959,-8.84089851379395,"Unknown"
"7014854",371863,2025-06-21 01:51:00,43.3604545593262,-8.84099197387695,"Unknown"
"7014854",371863,2025-06-21 01:56:00,43.3603668212891,-8.84098148345947,"Unknown"
"7014854",371863,2025-06-21 02:01:00,43.3603668212891,-8.84116554260254,"Unknown"
"7014854",371863,2025-06-21 02:06:00,43.3603820800781,-8.84104061126709,"Unknown"
"7014854",371863,2025-06-21 02:11:00,43.3604164123535,-8.84085750579834,"Unknown"
"7014854",371863,2025-06-21 02:16:00,43.3603363037109,-8.84094619750977,"Unknown"
"7014854",371863,2025-06-21 02:21:01,43.3602867126465,-8.84090137481689,"Unknown"
"7014854",371863,2025-06-21 02:26:01,43.3603096008301,-8.84097862243652,"Unknown"
"7014854",371863,2025-06-21 02:31:14,43.3602905273438,-8.84105110168457,"Unknown"
"7014854",371863,2025-06-21 02:36:00,43.3603019714355,-8.84100532531738,"Unknown"
"7014854",371863,2025-06-21 02:41:01,43.3603858947754,-8.84097480773926,"Unknown"
"7014854",371863,2025-06-21 02:46:00,43.3603248596191,-8.84094524383545,"Unknown"
"7014854",371863,2025-06-21 02:51:03,43.3603668212891,-8.84091663360596,"Unknown"
"7014854",371863,2025-06-21 02:56:01,43.3603248596191,-8.8409309387207,"Unknown"
"7014854",371863,2025-06-21 03:01:02,43.3602981567383,-8.84090042114258,"Unknown"
"7014854",371863,2025-06-21 03:06:02,43.3604049682617,-8.84110736846924,"Unknown"
"7014854",371863,2025-06-21 03:11:06,43.3603897094727,-8.8410816192627,"Unknown"
"7014854",371863,2025-06-21 03:16:53,43.360237121582,-8.840895652771,"Unknown"
"7014854",371863,2025-06-21 03:21:01,43.3602561950684,-8.84088706970215,"Unknown"
"7014854",371863,2025-06-21 03:26:00,43.3602523803711,-8.84089756011963,"Unknown"
"7014854",371863,2025-06-21 03:31:00,43.3602409362793,-8.84089756011963,"Unknown"
"7014854",371863,2025-06-21 03:36:00,43.360279083252,-8.8409252166748,"Unknown"
"7014854",371863,2025-06-21 03:41:01,43.3603515625,-8.84111595153809,"Unknown"
"7014854",371863,2025-06-21 03:46:02,43.3602180480957,-8.84085559844971,"Unknown"
"7014854",371863,2025-06-21 03:51:06,43.3602561950684,-8.84095573425293,"Unknown"
"7014854",371863,2025-06-21 03:56:08,43.3602905273438,-8.84096431732178,"Unknown"
"7014854",371863,2025-06-21 04:01:01,43.3603477478027,-8.84111785888672,"Unknown"
"7014854",371863,2025-06-21 04:06:01,43.3605461120605,-8.84122753143311,"Unknown"
"7014854",371863,2025-06-21 04:11:02,43.3602485656738,-8.84098339080811,"Unknown"
"7014854",371863,2025-06-21 04:16:02,43.3603210449219,-8.84109401702881,"Unknown"
"7014854",371863,2025-06-21 04:21:06,43.3602676391602,-8.84098052978516,"Unknown"
"7014854",371863,2025-06-21 04:26:11,43.3603515625,-8.84108924865723,"Unknown"
"7014854",371863,2025-06-21 04:31:01,43.3562126159668,-8.84249019622803,"Unknown"
"7014854",371863,2025-06-21 04:36:04,43.3311767578125,-8.85294628143311,"Unknown"
"7014854",371863,2025-06-21 04:41:04,43.3065795898438,-8.85872364044189,"Unknown"
"7014854",371863,2025-06-21 04:46:31,43.2874298095703,-8.87188148498535,"Unknown"
"7014854",371863,2025-06-21 04:51:13,43.28759765625,-8.87188339233398,"Unknown"
"7014854",371863,2025-06-21 04:56:14,43.2876663208008,-8.87162017822266,"Unknown"
"7014854",371863,2025-06-21 05:01:03,43.2875823974609,-8.87159061431885,"Unknown"
"7014854",371863,2025-06-21 05:06:09,43.2876281738281,-8.87168407440186,"Unknown"
"7014854",371863,2025-06-21 05:11:09,43.2877616882324,-8.8712158203125,"Unknown"
"7014854",371863,2025-06-21 05:16:10,43.2875595092773,-8.87158870697021,"Unknown"
"7014854",371863,2025-06-21 05:21:01,43.2874488830566,-8.87181568145752,"Unknown"
"7014854",371863,2025-06-21 05:26:12,43.287712097168,-8.87203502655029,"Unknown"
"7014854",371863,2025-06-21 05:31:03,43.287654876709,-8.87184047698975,"Unknown"
"7014854",371863,2025-06-21 05:36:03,43.3057823181152,-8.859787940979,"Unknown"
"7014854",371863,2025-06-21 05:41:13,43.3143501281738,-8.85689544677734,"Unknown"
"7014854",371863,2025-06-21 05:47:05,43.3272666931152,-8.85546398162842,"Unknown"
"7014854",371863,2025-06-21 05:51:03,43.3567733764648,-8.84583282470703,"Unknown"
"7014854",371863,2025-06-21 05:56:02,43.3596420288086,-8.84151458740234,"Unknown"
"7014854",371863,2025-06-21 06:01:13,43.3602676391602,-8.84102630615234,"Unknown"
"7014854",371863,2025-06-21 06:06:09,43.360294342041,-8.84099292755127,"Unknown"
"7014854",371863,2025-06-21 06:11:14,43.3602104187012,-8.84087181091309,"Unknown"
"7014854",371863,2025-06-21 06:16:04,43.3602447509766,-8.84091186523438,"Unknown"
"7014854",371863,2025-06-21 06:21:09,43.3602104187012,-8.84085941314697,"Unknown"
"7014854",371863,2025-06-21 06:26:07,43.3602142333984,-8.84086990356445,"Unknown"
"7014854",371863,2025-06-21 06:31:09,43.3602409362793,-8.84084701538086,"Unknown"
"7014854",371863,2025-06-21 06:36:09,43.3602333068848,-8.84087753295898,"Unknown"
"7014854",371863,2025-06-21 06:41:09,43.3601989746094,-8.8408374786377,"Unknown"
"7014854",371863,2025-06-21 06:46:10,43.3601837158203,-8.84082889556885,"Unknown"
"7014854",371863,2025-06-21 06:51:09,43.360221862793,-8.84076499938965,"Unknown"
"7014854",371863,2025-06-21 06:56:12,43.360279083252,-8.84096717834473,"Unknown"
"7014854",371863,2025-06-21 07:01:03,43.3602600097656,-8.84077739715576,"Unknown"
"7014854",371863,2025-06-21 07:06:16,43.3601150512695,-8.84110355377197,"Unknown"
"7014854",371863,2025-06-21 07:11:08,43.3600158691406,-8.84071159362793,"Unknown"
"7014854",371863,2025-06-21 07:16:11,43.3603897094727,-8.84235286712646,"Unknown"
"7014854",371863,2025-06-21 07:21:10,43.3601531982422,-8.84081363677979,"Unknown"
"7014854",371863,2025-06-21 07:26:06,43.3601875305176,-8.84081649780273,"Unknown"
"7014854",371863,2025-06-21 07:31:09,43.3602180480957,-8.84079170227051,"Unknown"
"7014854",371863,2025-06-21 07:36:04,43.3571128845215,-8.84022426605225,"Unknown"
"7014854",371863,2025-06-21 07:41:08,43.3302574157715,-8.84525489807129,"Unknown"
"7014854",371863,2025-06-21 07:46:35,43.3111724853516,-8.840989112854,"Unknown"
"7014854",371863,2025-06-21 07:51:02,43.2943496704102,-8.83981609344482,"Unknown"
"7014854",371863,2025-06-21 07:56:05,43.2944107055664,-8.83988285064697,"Unknown"
"7014854",371863,2025-06-21 08:01:00,43.2943954467773,-8.8398323059082,"Unknown"
"7014854",371863,2025-06-21 08:06:01,43.2944221496582,-8.83971786499023,"Unknown"
"7014854",371863,2025-06-21 08:11:01,43.2943115234375,-8.83969688415527,"Unknown"
"7014854",371863,2025-06-21 08:16:13,43.2943725585938,-8.83986377716064,"Unknown"
"7014854",371863,2025-06-21 08:21:03,43.2943229675293,-8.8397970199585,"Unknown"
"7014854",371863,2025-06-21 08:26:04,43.2944450378418,-8.83966255187988,"Unknown"
"7014854",371863,2025-06-21 08:31:25,43.294319152832,-8.83974266052246,"Unknown"
"7014854",371863,2025-06-21 08:36:21,43.294319152832,-8.83977222442627,"Unknown"
"7014854",371863,2025-06-21 08:41:44,43.2943687438965,-8.83982276916504,"Unknown"
"7014854",371863,2025-06-21 08:46:01,43.2943115234375,-8.83974266052246,"Unknown"
"7014854",371863,2025-06-21 08:51:13,43.2944030761719,-8.83982372283936,"Unknown"
"7014854",371863,2025-06-21 08:56:01,43.2943916320801,-8.83952617645264,"Unknown"
"7014854",371863,2025-06-21 09:01:03,43.2944869995117,-8.83985900878906,"Unknown"
"7014854",371863,2025-06-21 09:06:01,43.294490814209,-8.83979511260986,"Unknown"
"7014854",371863,2025-06-21 09:11:02,43.2944297790527,-8.83973979949951,"Unknown"
"7014854",371863,2025-06-21 09:16:03,43.2945442199707,-8.83975696563721,"Unknown"
"7014854",371863,2025-06-21 09:21:01,43.2944831848145,-8.83986186981201,"Unknown"
"7014854",371863,2025-06-21 09:26:01,43.294490814209,-8.83986949920654,"Unknown"
"7014854",371863,2025-06-21 09:31:04,43.2943382263184,-8.83980083465576,"Unknown"
"7014854",371863,2025-06-21 09:36:19,43.294303894043,-8.83981513977051,"Unknown"
"7014854",371863,2025-06-21 09:41:02,43.2943382263184,-8.83979225158691,"Unknown"
"7014854",371863,2025-06-21 09:46:44,43.2943305969238,-8.83981609344482,"Unknown"
"7014854",371863,2025-06-21 09:52:18,43.2943000793457,-8.83986568450928,"Unknown"
"7014854",371863,2025-06-21 09:56:06,43.2943954467773,-8.83948516845703,"Unknown"
"7014854",371863,2025-06-21 10:02:09,43.2943305969238,-8.84000301361084,"Unknown"
"7014854",371863,2025-06-21 10:06:07,43.2943916320801,-8.84001636505127,"Unknown"
"7014854",371863,2025-06-21 10:11:14,43.2944030761719,-8.84000205993652,"Unknown"
"7014854",371863,2025-06-21 10:16:04,43.2944259643555,-8.84000015258789,"Unknown"
"7014854",371863,2025-06-21 10:21:17,43.2943992614746,-8.8400411605835,"Unknown"
"7014854",371863,2025-06-21 10:26:06,43.2943687438965,-8.83999347686768,"Unknown"
"7014854",371863,2025-06-21 10:31:09,43.294376373291,-8.83999156951904,"Unknown"
"7014854",371863,2025-06-21 10:36:35,43.294303894043,-8.84002113342285,"Unknown"
"7014854",371863,2025-06-21 10:41:00,43.2944030761719,-8.84000587463379,"Unknown"
"7014854",371863,2025-06-21 10:46:14,43.3052711486816,-8.84688663482666,"Unknown"
"7014854",371863,2025-06-21 10:51:00,43.3138771057129,-8.85699272155762,"Unknown"
"7014854",371863,2025-06-21 10:56:01,43.3301467895508,-8.84541511535645,"Unknown"
"7014854",371863,2025-06-21 11:01:01,43.3606300354004,-8.84602928161621,"Unknown"
"7014854",371863,2025-06-21 11:06:02,43.3603973388672,-8.84090709686279,"Unknown"
"7014854",371863,2025-06-21 11:11:04,43.3602752685547,-8.84104347229004,"Unknown"
"7014854",371863,2025-06-21 11:16:03,43.3602523803711,-8.84110832214355,"Unknown"
"7014854",371863,2025-06-21 11:21:03,43.3602447509766,-8.8410177230835,"Unknown"
"7014854",371863,2025-06-21 11:26:04,43.3602600097656,-8.84094047546387,"Unknown"
"7014854",371863,2025-06-21 11:31:14,43.3602447509766,-8.84102725982666,"Unknown"
"7014854",371863,2025-06-21 11:36:01,43.3602104187012,-8.84094619750977,"Unknown"
"7014854",371863,2025-06-21 11:41:14,43.3602600097656,-8.84093284606934,"Unknown"
"7014854",371863,2025-06-21 11:46:08,43.3602447509766,-8.84099388122559,"Unknown"
"7014854",371863,2025-06-21 11:51:10,43.3602180480957,-8.84095191955566,"Unknown"
"7014854",371863,2025-06-21 11:56:10,43.3602409362793,-8.84089088439941,"Unknown"
"7014854",371863,2025-06-21 12:01:13,43.3602638244629,-8.84105396270752,"Unknown"
"7014854",371863,2025-06-21 12:06:10,43.3602066040039,-8.84104156494141,"Unknown"
"7014854",371863,2025-06-21 12:11:10,43.3602333068848,-8.84101390838623,"Unknown"
"7014854",371863,2025-06-21 12:16:04,43.3602485656738,-8.84089279174805,"Unknown"
"7014854",371863,2025-06-21 12:21:08,43.3602600097656,-8.84097385406494,"Unknown"
"7014854",371863,2025-06-21 12:26:07,43.3602523803711,-8.84097671508789,"Unknown"
"7014854",371863,2025-06-21 12:31:06,43.3602523803711,-8.84083271026611,"Unknown"
"7014854",371863,2025-06-21 12:36:07,43.3602752685547,-8.84089374542236,"Unknown"
"7014854",371863,2025-06-21 12:41:07,43.3602714538574,-8.84087467193604,"Unknown"
"7014854",371863,2025-06-21 12:46:15,43.3602638244629,-8.84090900421143,"Unknown"
"7014854",371863,2025-06-21 12:51:08,43.3602638244629,-8.84079837799072,"Unknown"
"7014854",371863,2025-06-21 12:56:09,43.3602294921875,-8.84097957611084,"Unknown"
"7014854",371863,2025-06-21 13:01:12,43.3602066040039,-8.84145259857178,"Unknown"
"7014854",371863,2025-06-21 13:06:35,43.3602104187012,-8.8409481048584,"Unknown"
"7014854",371863,2025-06-21 13:11:01,43.3600158691406,-8.84098339080811,"Unknown"
"7014854",371863,2025-06-21 13:16:04,43.3603401184082,-8.84089469909668,"Unknown"
"7014854",371863,2025-06-21 13:21:03,43.3602027893066,-8.84092426300049,"Unknown"
"7014854",371863,2025-06-21 13:26:02,43.3601684570312,-8.84090518951416,"Unknown"
"7014854",371863,2025-06-21 13:31:03,43.3601951599121,-8.84095001220703,"Unknown"
"7014854",371863,2025-06-21 13:36:02,43.3603744506836,-8.84096717834473,"Unknown"
"7014854",371863,2025-06-21 13:41:00,43.3601608276367,-8.84091472625732,"Unknown"
"7014854",371863,2025-06-21 13:46:03,43.3602104187012,-8.84094619750977,"Unknown"
"7014854",371863,2025-06-21 13:51:07,43.3602409362793,-8.84101867675781,"Unknown"
"7014854",371863,2025-06-21 13:56:02,43.3602561950684,-8.84096813201904,"Unknown"
"7014854",371863,2025-06-21 14:01:00,43.3602447509766,-8.84099578857422,"Unknown"
"7014854",371863,2025-06-21 14:06:01,43.3602638244629,-8.84096717834473,"Unknown"
"7014854",371863,2025-06-21 14:11:06,43.3602294921875,-8.84093379974365,"Unknown"
"7014854",371863,2025-06-21 14:16:03,43.3602027893066,-8.84091854095459,"Unknown"
"7014854",371863,2025-06-21 14:21:00,43.3602104187012,-8.84087181091309,"Unknown"
"7014854",371863,2025-06-21 14:26:02,43.3602523803711,-8.84100723266602,"Unknown"
"7014854",371863,2025-06-21 14:31:07,43.360279083252,-8.84109210968018,"Unknown"
"7014854",371863,2025-06-21 14:36:00,43.3603096008301,-8.84098243713379,"Unknown"
"7014854",371863,2025-06-21 14:41:00,43.3602905273438,-8.84098243713379,"Unknown"
"7014854",371863,2025-06-21 14:46:01,43.360237121582,-8.84089183807373,"Unknown"
"7014854",371863,2025-06-21 14:51:14,43.3602523803711,-8.84097671508789,"Unknown"
"7014854",371863,2025-06-21 14:56:01,43.3601570129395,-8.84086132049561,"Unknown"
"7014854",371863,2025-06-21 15:01:03,43.3603210449219,-8.84099102020264,"Unknown"
"7014854",371863,2025-06-21 15:06:03,43.3602905273438,-8.84099102020264,"Unknown"
"7014854",371863,2025-06-21 15:11:01,43.3601760864258,-8.84082317352295,"Unknown"
"7014854",371863,2025-06-21 15:16:01,43.3482284545898,-8.84850311279297,"Unknown"
"7014854",371863,2025-06-21 15:21:00,43.3186531066895,-8.84533882141113,"Unknown"
"7014854",371863,2025-06-21 15:26:03,43.3114013671875,-8.8528528213501,"Unknown"
"7014854",371863,2025-06-21 15:31:01,43.2934532165527,-8.86380958557129,"Unknown"
"7014854",371863,2025-06-21 15:36:35,43.295955657959,-8.86114025115967,"Unknown"
"7014854",371863,2025-06-21 15:41:05,43.2926445007324,-8.86254215240479,"Unknown"
"7014854",371863,2025-06-21 15:46:14,43.2924880981445,-8.86235046386719,"Unknown"
"7014854",371863,2025-06-21 15:51:01,43.2925605773926,-8.86236190795898,"Unknown"
"7014854",371863,2025-06-21 15:56:01,43.2925872802734,-8.86242485046387,"Unknown"
"7014854",371863,2025-06-21 16:01:10,43.2873153686523,-8.86134624481201,"Unknown"
"7014854",371863,2025-06-21 16:06:06,43.2874565124512,-8.86013031005859,"Unknown"
"7014854",371863,2025-06-21 16:11:06,43.2871437072754,-8.86083602905273,"Unknown"
"7014854",371863,2025-06-21 16:16:03,43.2868804931641,-8.86106967926025,"Unknown"
"7014854",371863,2025-06-21 16:21:03,43.2852363586426,-8.87686061859131,"Unknown"
"7014854",371863,2025-06-21 16:26:35,43.2857093811035,-8.8775463104248,"Unknown"
"7014854",371863,2025-06-21 16:31:01,43.2858276367188,-8.87748908996582,"Unknown"
"7014854",371863,2025-06-21 16:36:05,43.2853202819824,-8.87727165222168,"Unknown"
"7014854",371863,2025-06-21 16:41:06,43.286003112793,-8.87801456451416,"Unknown"
"7014854",371863,2025-06-21 16:46:11,43.285945892334,-8.87807941436768,"Unknown"
"7014854",371863,2025-06-21 16:51:14,43.2855529785156,-8.8785400390625,"Unknown"
"7014854",371863,2025-06-21 16:56:10,43.2858619689941,-8.87818431854248,"Unknown"
"7014854",371863,2025-06-21 17:01:11,43.2858772277832,-8.87786388397217,"Unknown"
"7014854",371863,2025-06-21 17:06:01,43.2860794067383,-8.8779182434082,"Unknown"
"7014854",371863,2025-06-21 17:11:07,43.2856674194336,-8.87770843505859,"Unknown"
"7014854",371863,2025-06-21 17:16:08,43.2854690551758,-8.87757110595703,"Unknown"
"7014854",371863,2025-06-21 17:21:05,43.2853584289551,-8.87753009796143,"Unknown"
"7014854",371863,2025-06-21 17:26:08,43.2852363586426,-8.87742233276367,"Unknown"
"7014854",371863,2025-06-21 17:31:04,43.2852821350098,-8.8772029876709,"Unknown"
"7014854",371863,2025-06-21 17:36:05,43.2853202819824,-8.87735462188721,"Unknown"
"7014854",371863,2025-06-21 17:41:01,43.3074989318848,-8.85892200469971,"Unknown"
"7014854",371863,2025-06-21 17:46:35,43.3188362121582,-8.85622310638428,"Unknown"
"7014854",371863,2025-06-21 17:51:01,43.3423614501953,-8.84097003936768,"Unknown"
"7014854",371863,2025-06-21 17:56:02,43.3603668212891,-8.840744972229,"Unknown"
"7014854",371863,2025-06-21 18:01:14,43.3599967956543,-8.84080123901367,"Unknown"
"7014854",371863,2025-06-21 18:06:06,43.3601379394531,-8.84087562561035,"Unknown"
"7014854",371863,2025-06-21 18:11:03,43.360050201416,-8.84079742431641,"Unknown"
"7014854",371863,2025-06-21 18:16:02,43.3603286743164,-8.84090709686279,"Unknown"
"7014854",371863,2025-06-21 18:21:03,43.360294342041,-8.8408784866333,"Unknown"
"7014854",371863,2025-06-21 18:26:03,43.3603057861328,-8.84093475341797,"Unknown"
"7014854",371863,2025-06-21 18:31:03,43.3603019714355,-8.84093856811523,"Unknown"
"7014854",371863,2025-06-21 18:36:02,43.3602714538574,-8.84095668792725,"Unknown"
"7014854",371863,2025-06-21 18:41:03,43.360294342041,-8.84098720550537,"Unknown"
"7014854",371863,2025-06-21 18:46:05,43.3603019714355,-8.84095764160156,"Unknown"
"7014854",371863,2025-06-21 18:51:07,43.3602828979492,-8.84096145629883,"Unknown"
"7014854",371863,2025-06-21 18:56:11,43.3602752685547,-8.84094047546387,"Unknown"
"7014854",371863,2025-06-21 19:01:05,43.3602256774902,-8.84088134765625,"Unknown"
"7014854",371863,2025-06-21 19:06:08,43.360279083252,-8.84092140197754,"Unknown"
"7014854",371863,2025-06-21 19:11:08,43.3602867126465,-8.84084606170654,"Unknown"
"7014854",371863,2025-06-21 19:16:08,43.3602981567383,-8.84090900421143,"Unknown"
"7014854",371863,2025-06-21 19:21:06,43.3602905273438,-8.84092807769775,"Unknown"
"7014854",371863,2025-06-21 19:26:06,43.3602714538574,-8.8408899307251,"Unknown"
"7014854",371863,2025-06-21 19:31:09,43.3603858947754,-8.84110832214355,"Unknown"
"7014854",371863,2025-06-21 19:36:09,43.3602676391602,-8.84087371826172,"Unknown"
"7014854",371863,2025-06-21 19:41:06,43.3603019714355,-8.84091758728027,"Unknown"
"7014854",371863,2025-06-21 19:46:05,43.3601875305176,-8.84072208404541,"Unknown"
"7014854",371863,2025-06-21 19:51:09,43.3602561950684,-8.84086990356445,"Unknown"
"7014854",371863,2025-06-21 19:56:14,43.3602333068848,-8.84081745147705,"Unknown"
"7014854",371863,2025-06-21 20:01:34,43.3603057861328,-8.84090709686279,"Unknown"
"7014854",371863,2025-06-21 20:06:03,43.3602867126465,-8.84094333648682,"Unknown"
"7014854",371863,2025-06-21 20:11:05,43.3602104187012,-8.84092140197754,"Unknown"
"7014854",371863,2025-06-21 20:16:03,43.3602523803711,-8.84092807769775,"Unknown"
"7014854",371863,2025-06-21 20:21:03,43.3602561950684,-8.84094715118408,"Unknown"
"7014854",371863,2025-06-21 20:26:03,43.3602561950684,-8.84098243713379,"Unknown"
"7014854",371863,2025-06-21 20:31:05,43.3602867126465,-8.84091854095459,"Unknown"
"7014854",371863,2025-06-21 20:36:03,43.3602333068848,-8.84097290039062,"Unknown"
"7014854",371863,2025-06-21 20:41:05,43.3602485656738,-8.84097766876221,"Unknown"
"7014854",371863,2025-06-21 20:46:05,43.3602180480957,-8.84094429016113,"Unknown"
"7014854",371863,2025-06-21 20:51:13,43.3601303100586,-8.84093761444092,"Unknown"
"7014854",371863,2025-06-21 20:56:03,43.3602180480957,-8.84089946746826,"Unknown"
"7014854",371863,2025-06-21 21:01:05,43.3601760864258,-8.84090423583984,"Unknown"
"7014854",371863,2025-06-21 21:06:05,43.360179901123,-8.84100246429443,"Unknown"
"7014854",371863,2025-06-21 21:11:05,43.3602180480957,-8.84090805053711,"Unknown"
"7014854",371863,2025-06-21 21:16:07,43.3600158691406,-8.84089279174805,"Unknown"
"7014854",371863,2025-06-21 21:21:09,43.3602600097656,-8.84098815917969,"Unknown"
"7014854",371863,2025-06-21 21:26:05,43.3602561950684,-8.8409423828125,"Unknown"
"7014854",371863,2025-06-21 21:31:05,43.3603134155273,-8.84088706970215,"Unknown"
"7014854",371863,2025-06-21 21:36:05,43.3603210449219,-8.84097290039062,"Unknown"
"7014854",371863,2025-06-21 21:41:05,43.3601760864258,-8.84091567993164,"Unknown"
"7014854",371863,2025-06-21 21:46:05,43.3601875305176,-8.84088039398193,"Unknown"
"7014854",371863,2025-06-21 21:51:08,43.3603096008301,-8.84094715118408,"Unknown"
"7014854",371863,2025-06-21 21:56:08,43.3602752685547,-8.84100723266602,"Unknown"
"7014854",371863,2025-06-21 22:01:35,43.3602752685547,-8.84092712402344,"Unknown"
"7014854",371863,2025-06-21 22:06:04,43.3602561950684,-8.84092903137207,"Unknown"
"7014854",371863,2025-06-21 22:11:06,43.3602447509766,-8.84089851379395,"Unknown"
"7014854",371863,2025-06-21 22:16:03,43.3602828979492,-8.84084224700928,"Unknown"
"7014854",371863,2025-06-21 22:21:07,43.3603134155273,-8.84098148345947,"Unknown"
"7014854",371863,2025-06-21 22:26:12,43.3602867126465,-8.84096336364746,"Unknown"
"7014854",371863,2025-06-21 22:31:11,43.3601417541504,-8.84088897705078,"Unknown"
"7014854",371863,2025-06-21 22:36:05,43.3603286743164,-8.84099388122559,"Unknown"
"7014854",371863,2025-06-21 22:41:03,43.3602752685547,-8.84094619750977,"Unknown"
"7014854",371863,2025-06-21 22:46:03,43.360294342041,-8.84093189239502,"Unknown"
"7014854",371863,2025-06-21 22:51:06,43.3602676391602,-8.84093475341797,"Unknown"
"7014854",371863,2025-06-21 22:56:10,43.3603019714355,-8.84097576141357,"Unknown"
"7014854",371863,2025-06-21 23:01:04,43.3602638244629,-8.84103012084961,"Unknown"
"7014854",371863,2025-06-21 23:06:04,43.3602066040039,-8.8408784866333,"Unknown"
"7014854",371863,2025-06-21 23:11:03,43.360164642334,-8.84100246429443,"Unknown"
"7014854",371863,2025-06-21 23:16:04,43.3602142333984,-8.84099864959717,"Unknown"
"7014854",371863,2025-06-21 23:21:03,43.3602676391602,-8.84096145629883,"Unknown"
"7014854",371863,2025-06-21 23:26:03,43.360237121582,-8.8408899307251,"Unknown"
"7014854",371863,2025-06-21 23:31:05,43.3601875305176,-8.84102344512939,"Unknown"
"7014854",371863,2025-06-21 23:36:03,43.3602294921875,-8.84096336364746,"Unknown"
"7014854",371863,2025-06-21 23:41:11,43.3602066040039,-8.84097576141357,"Unknown"
"7014854",371863,2025-06-21 23:46:05,43.3602523803711,-8.84087467193604,"Unknown"
"7014854",371863,2025-06-21 23:51:08,43.3602485656738,-8.84096527099609,"Unknown"
"7014854",371863,2025-06-21 23:56:15,43.360237121582,-8.84103298187256,"Unknown"
"7014854",371863,2025-06-22 00:01:14,43.3602447509766,-8.84103870391846,"Unknown"
"7014854",371863,2025-06-22 00:06:35,43.3602485656738,-8.84093761444092,"Unknown"
"7014854",371863,2025-06-22 00:11:06,43.3602523803711,-8.84092426300049,"Unknown"
"7014854",371863,2025-06-22 00:16:03,43.3602523803711,-8.84087944030762,"Unknown"
"7014854",371863,2025-06-22 00:21:03,43.3602905273438,-8.84090232849121,"Unknown"
"7014854",371863,2025-06-22 00:26:03,43.360237121582,-8.84088516235352,"Unknown"
"7014854",371863,2025-06-22 00:31:03,43.3602981567383,-8.84088802337646,"Unknown"
"7014854",371863,2025-06-22 00:36:03,43.3602676391602,-8.84095573425293,"Unknown"
"7014854",371863,2025-06-22 00:41:03,43.3602409362793,-8.84088802337646,"Unknown"
"7014854",371863,2025-06-22 00:46:03,43.3602905273438,-8.84089088439941,"Unknown"
"7014854",371863,2025-06-22 00:51:06,43.3602981567383,-8.84088706970215,"Unknown"
"7014854",371863,2025-06-22 00:56:07,43.3602981567383,-8.84089183807373,"Unknown"
"7014854",371863,2025-06-22 01:01:06,43.3602867126465,-8.84089088439941,"Unknown"
"7014854",371863,2025-06-22 01:06:12,43.3603248596191,-8.84089374542236,"Unknown"
"7014854",371863,2025-06-22 01:11:07,43.3603248596191,-8.84086990356445,"Unknown"
"7014854",371863,2025-06-22 01:16:06,43.3602485656738,-8.84084606170654,"Unknown"
"7014854",371863,2025-06-22 01:21:03,43.3602638244629,-8.84088706970215,"Unknown"
"7014854",371863,2025-06-22 01:26:06,43.3603401184082,-8.84085845947266,"Unknown"
"7014854",371863,2025-06-22 01:31:07,43.3602905273438,-8.84088802337646,"Unknown"
"7014854",371863,2025-06-22 01:36:06,43.3603134155273,-8.84095001220703,"Unknown"
"7014854",371863,2025-06-22 01:41:09,43.3604545593262,-8.84088802337646,"Unknown"
"7014854",371863,2025-06-22 01:46:14,43.3603935241699,-8.84094429016113,"Unknown"
"7014854",371863,2025-06-22 01:51:04,43.3604507446289,-8.84107971191406,"Unknown"
"7014854",371863,2025-06-22 01:56:06,43.3606986999512,-8.84113502502441,"Unknown"
"7014854",371863,2025-06-22 02:01:08,43.3604736328125,-8.84099578857422,"Unknown"
"7014854",371863,2025-06-22 02:06:12,43.3608207702637,-8.84121322631836,"Unknown"
"7014854",371863,2025-06-22 02:11:12,43.3604431152344,-8.84103012084961,"Unknown"
"7014854",371863,2025-06-22 02:16:32,43.3602867126465,-8.8409252166748,"Unknown"
"7014854",371863,2025-06-22 02:21:03,43.3602981567383,-8.84090328216553,"Unknown"
"7014854",371863,2025-06-22 02:26:03,43.3603134155273,-8.84090328216553,"Unknown"
"7014854",371863,2025-06-22 02:31:03,43.3602714538574,-8.84088706970215,"Unknown"
"7014854",371863,2025-06-22 02:36:05,43.3602752685547,-8.84085083007812,"Unknown"
"7014854",371863,2025-06-22 02:41:03,43.3602752685547,-8.84087562561035,"Unknown"
"7014854",371863,2025-06-22 02:46:06,43.3602981567383,-8.84092330932617,"Unknown"
"7014854",371863,2025-06-22 02:51:05,43.360294342041,-8.84096622467041,"Unknown"
"7014854",371863,2025-06-22 02:56:06,43.3603210449219,-8.84091186523438,"Unknown"
"7014854",371863,2025-06-22 03:01:03,43.3603057861328,-8.84093856811523,"Unknown"
"7014854",371863,2025-06-22 03:06:03,43.3602828979492,-8.84091377258301,"Unknown"
"7014854",371863,2025-06-22 03:11:04,43.3602905273438,-8.84085941314697,"Unknown"
"7014854",371863,2025-06-22 03:16:06,43.3602867126465,-8.84091663360596,"Unknown"
"7014854",371863,2025-06-22 03:21:03,43.3602752685547,-8.84090518951416,"Unknown"
"7014854",371863,2025-06-22 03:26:03,43.3602638244629,-8.84089088439941,"Unknown"
"7014854",371863,2025-06-22 03:31:03,43.3602828979492,-8.84096336364746,"Unknown"
"7014854",371863,2025-06-22 03:36:03,43.3602752685547,-8.840895652771,"Unknown"
"7014854",371863,2025-06-22 03:41:08,43.3602905273438,-8.84092617034912,"Unknown"
"7014854",371863,2025-06-22 03:46:04,43.3603172302246,-8.8410062789917,"Unknown"
"7014854",371863,2025-06-22 03:51:08,43.3505096435547,-8.84607028961182,"Unknown"
"7014854",371863,2025-06-22 03:56:07,43.3358497619629,-8.8571891784668,"Unknown"
"7014854",371863,2025-06-22 04:01:40,43.3330841064453,-8.85814952850342,"Unknown"
"7014854",371863,2025-06-22 04:06:14,43.3167266845703,-8.85838890075684,"Unknown"
"7014854",371863,2025-06-22 04:11:05,43.3138046264648,-8.85683345794678,"Unknown"
"7014854",371863,2025-06-22 04:16:07,43.2911643981934,-8.86136627197266,"Unknown"
"7014854",371863,2025-06-22 04:21:06,43.2783699035645,-8.8761100769043,"Unknown"
"7014854",371863,2025-06-22 04:26:05,43.2780265808105,-8.87541770935059,"Unknown"
"7014854",371863,2025-06-22 04:31:06,43.2779312133789,-8.87560558319092,"Unknown"
"7014854",371863,2025-06-22 04:36:04,43.2784957885742,-8.87909412384033,"Unknown"
"7014854",371863,2025-06-22 04:41:08,43.2838973999023,-8.87610626220703,"Unknown"
"7014854",371863,2025-06-22 04:47:05,43.2851600646973,-8.87687301635742,"Unknown"
"7014854",371863,2025-06-22 04:51:08,43.2877311706543,-8.87168216705322,"Unknown"
"7014854",371863,2025-06-22 04:56:05,43.2851905822754,-8.87725925445557,"Unknown"
"7014854",371863,2025-06-22 05:01:06,43.2855682373047,-8.87776279449463,"Unknown"
"7014854",371863,2025-06-22 05:06:09,43.2861022949219,-8.87805843353271,"Unknown"
"7014854",371863,2025-06-22 05:11:04,43.285228729248,-8.8782958984375,"Unknown"
"7014854",371863,2025-06-22 05:16:09,43.2846641540527,-8.87727069854736,"Unknown"
"7014854",371863,2025-06-22 05:21:10,43.2847557067871,-8.87728595733643,"Unknown"
"7014854",371863,2025-06-22 05:26:05,43.2849884033203,-8.87767505645752,"Unknown"
"7014854",371863,2025-06-22 05:31:05,43.3105316162109,-8.8576774597168,"Unknown"
"7014854",371863,2025-06-22 05:36:05,43.3153877258301,-8.85749912261963,"Unknown"
"7014854",371863,2025-06-22 05:41:06,43.3525543212891,-8.84799098968506,"Unknown"
"7014854",371863,2025-06-22 05:46:35,43.3602714538574,-8.84091091156006,"Unknown"
"7014854",371863,2025-06-22 05:51:03,43.360179901123,-8.84081363677979,"Unknown"
"7014854",371863,2025-06-22 05:56:08,43.3602447509766,-8.84090805053711,"Unknown"
"7014854",371863,2025-06-22 06:01:04,43.3603172302246,-8.84089851379395,"Unknown"
"7014854",371863,2025-06-22 06:06:07,43.3602752685547,-8.84090995788574,"Unknown"
"7014854",371863,2025-06-22 06:11:03,43.3602027893066,-8.84080982208252,"Unknown"
"7014854",371863,2025-06-22 06:16:09,43.3602905273438,-8.84100723266602,"Unknown"
"7014854",371863,2025-06-22 06:21:08,43.3602180480957,-8.84084129333496,"Unknown"
"7014854",371863,2025-06-22 06:26:25,43.360237121582,-8.84087467193604,"Unknown"
"7014854",371863,2025-06-22 06:31:05,43.3604774475098,-8.84120273590088,"Unknown"
"7014854",371863,2025-06-22 06:36:08,43.360279083252,-8.84085083007812,"Unknown"
"7014854",371863,2025-06-22 06:41:08,43.3602409362793,-8.8409423828125,"Unknown"
"7014854",371863,2025-06-22 06:46:17,43.3599967956543,-8.84082889556885,"Unknown"
"7014854",371863,2025-06-22 06:51:28,43.3601379394531,-8.84084701538086,"Unknown"
"7014854",371863,2025-06-22 06:56:35,43.3603172302246,-8.8408899307251,"Unknown"
"7014854",371863,2025-06-22 07:01:06,43.3602905273438,-8.8408784866333,"Unknown"
"7014854",371863,2025-06-22 07:06:05,43.3602981567383,-8.84088706970215,"Unknown"
"7014854",371863,2025-06-22 07:11:03,43.3603744506836,-8.84097003936768,"Unknown"
"7014854",371863,2025-06-22 07:16:04,43.3602180480957,-8.84086322784424,"Unknown"
"7014854",371863,2025-06-22 07:21:05,43.3601951599121,-8.84082221984863,"Unknown"
"7014854",371863,2025-06-22 07:26:06,43.3602600097656,-8.84093952178955,"Unknown"
"7014854",371863,2025-06-22 07:31:03,43.3486061096191,-8.84224796295166,"Unknown"
"7014854",371863,2025-06-22 07:36:03,43.3221588134766,-8.8455057144165,"Unknown"
"7014854",371863,2025-06-22 07:41:03,43.2960968017578,-8.83866119384766,"Unknown"
"7014854",371863,2025-06-22 07:47:06,43.2942161560059,-8.83986949920654,"Unknown"
"7014854",371863,2025-06-22 07:51:08,43.2943000793457,-8.83982944488525,"Unknown"
"7014854",371863,2025-06-22 07:56:08,43.2943420410156,-8.83981037139893,"Unknown"
"7014854",371863,2025-06-22 08:01:23,43.294361114502,-8.83991146087646,"Unknown"
"7014854",371863,2025-06-22 08:06:49,43.2944145202637,-8.83990383148193,"Unknown"
"7014854",371863,2025-06-22 08:11:08,43.2943801879883,-8.83996486663818,"Unknown"
"7014854",371863,2025-06-22 08:16:09,43.2943916320801,-8.83993911743164,"Unknown"
"7014854",371863,2025-06-22 08:21:12,43.2943153381348,-8.83997440338135,"Unknown"
"7014854",371863,2025-06-22 08:26:50,43.2943534851074,-8.83986949920654,"Unknown"
"7014854",371863,2025-06-22 08:32:04,43.294376373291,-8.8400354385376,"Unknown"
"7014854",371863,2025-06-22 08:36:06,43.2944450378418,-8.839768409729,"Unknown"
"7014854",371863,2025-06-22 08:41:04,43.2944068908691,-8.83986473083496,"Unknown"
"7014854",371863,2025-06-22 08:46:22,43.2944068908691,-8.83987045288086,"Unknown"
"7014854",371863,2025-06-22 08:51:05,43.2943878173828,-8.83983421325684,"Unknown"
"7014854",371863,2025-06-22 08:56:08,43.2943344116211,-8.83982181549072,"Unknown"
"7014854",371863,2025-06-22 09:01:07,43.294361114502,-8.8398551940918,"Unknown"
"7014854",371863,2025-06-22 09:06:08,43.2943916320801,-8.83977794647217,"Unknown"
"7014854",371863,2025-06-22 09:11:08,43.2943992614746,-8.83976173400879,"Unknown"
"7014854",371863,2025-06-22 09:16:05,43.29443359375,-8.84001541137695,"Unknown"
"7014854",371863,2025-06-22 09:21:06,43.2944107055664,-8.83990287780762,"Unknown"
"7014854",371863,2025-06-22 09:26:05,43.2945404052734,-8.83974647521973,"Unknown"
"7014854",371863,2025-06-22 09:31:11,43.29443359375,-8.83995246887207,"Unknown"
"7014854",371863,2025-06-22 09:36:05,43.2944641113281,-8.83984184265137,"Unknown"
"7014854",371863,2025-06-22 09:41:10,43.2943420410156,-8.84005069732666,"Unknown"
"7014854",371863,2025-06-22 09:46:10,43.2942924499512,-8.83994483947754,"Unknown"
"7014854",371863,2025-06-22 09:51:05,43.2943954467773,-8.83986186981201,"Unknown"
"7014854",371863,2025-06-22 09:56:20,43.294319152832,-8.83992099761963,"Unknown"
"7014854",371863,2025-06-22 10:02:06,43.2944793701172,-8.83996772766113,"Unknown"
"7014854",371863,2025-06-22 10:07:25,43.294376373291,-8.83993148803711,"Unknown"
"7014854",371863,2025-06-22 10:11:54,43.2943115234375,-8.83996868133545,"Unknown"
"7014854",371863,2025-06-22 10:17:28,43.2943267822266,-8.83995056152344,"Unknown"
"7014854",371863,2025-06-22 10:22:23,43.2943115234375,-8.83993244171143,"Unknown"
"7014854",371863,2025-06-22 10:26:04,43.2943840026855,-8.83997058868408,"Unknown"
"7014854",371863,2025-06-22 10:31:14,43.2944602966309,-8.83996105194092,"Unknown"
"7014854",371863,2025-06-22 10:36:06,43.2942848205566,-8.83999919891357,"Unknown"
"7014854",371863,2025-06-22 10:41:08,43.2944030761719,-8.83996486663818,"Unknown"
"7014854",371863,2025-06-22 10:46:14,43.2943000793457,-8.84002685546875,"Unknown"
"7014854",371863,2025-06-22 10:51:04,43.2945175170898,-8.8393726348877,"Unknown"
"7014854",371863,2025-06-22 10:56:05,43.2944450378418,-8.83991050720215,"Unknown"
"7014854",371863,2025-06-22 11:01:04,43.2969398498535,-8.85788822174072,"Unknown"
"7014854",371863,2025-06-22 11:06:06,43.3055038452148,-8.86344146728516,"Unknown"
"7014854",371863,2025-06-22 11:11:06,43.3146553039551,-8.85593318939209,"Unknown"
"7014854",371863,2025-06-22 11:16:08,43.3214340209961,-8.85481071472168,"Unknown"
"7014854",371863,2025-06-22 11:21:06,43.3442115783691,-8.84323406219482,"Unknown"
"7014854",371863,2025-06-22 11:26:10,43.3565254211426,-8.82631778717041,"Unknown"
"7014854",371863,2025-06-22 11:31:35,43.3565292358398,-8.82720279693604,"Unknown"
"7014854",371863,2025-06-22 11:36:08,43.3635101318359,-8.82742977142334,"Unknown"
"7014854",371863,2025-06-22 11:41:09,43.3602752685547,-8.84085083007812,"Unknown"
"7014854",371863,2025-06-22 11:46:19,43.3602027893066,-8.8403205871582,"Unknown"
"7014854",371863,2025-06-22 11:51:06,43.3603210449219,-8.84090137481689,"Unknown"
"7014854",371863,2025-06-22 11:56:09,43.3602905273438,-8.84087467193604,"Unknown"
"7014854",371863,2025-06-22 12:01:07,43.3603172302246,-8.84092330932617,"Unknown"
"7014854",371863,2025-06-22 12:06:14,43.3603134155273,-8.84090232849121,"Unknown"
"7014854",371863,2025-06-22 12:11:10,43.3601875305176,-8.84081172943115,"Unknown"
"7014854",371863,2025-06-22 12:16:09,43.3602561950684,-8.84080028533936,"Unknown"
"7014854",371863,2025-06-22 12:21:07,43.3603324890137,-8.84082317352295,"Unknown"
"7014854",371863,2025-06-22 12:26:09,43.3602828979492,-8.84077739715576,"Unknown"
"7014854",371863,2025-06-22 12:31:10,43.3602867126465,-8.84074592590332,"Unknown"
"7014854",371863,2025-06-22 12:36:04,43.3602867126465,-8.84074401855469,"Unknown"
"7014854",371863,2025-06-22 12:41:06,43.3602867126465,-8.84078025817871,"Unknown"
"7014854",371863,2025-06-22 12:46:12,43.3602867126465,-8.84081649780273,"Unknown"
"7014854",371863,2025-06-22 12:51:34,43.3602867126465,-8.84086799621582,"Unknown"
"7014854",371863,2025-06-22 12:56:05,43.3602066040039,-8.84092426300049,"Unknown"
"7014854",371863,2025-06-22 13:02:28,43.3607025146484,-8.84406661987305,"Unknown"
"7014854",371863,2025-06-22 13:07:28,43.3607444763184,-8.84421253204346,"Unknown"
"7014854",371863,2025-06-22 13:11:04,43.3625946044922,-8.8461856842041,"Unknown"
"7014854",371863,2025-06-22 13:16:07,43.3623046875,-8.84673500061035,"Unknown"
"7014854",371863,2025-06-22 13:21:05,43.361156463623,-8.84137439727783,"Unknown"
"7014854",371863,2025-06-22 13:26:05,43.3692588806152,-8.82881736755371,"Unknown"
"7014854",371863,2025-06-22 13:31:04,43.369758605957,-8.82899188995361,"Unknown"
"7014854",371863,2025-06-22 13:36:06,43.3694000244141,-8.83096027374268,"Unknown"
"7014854",371863,2025-06-22 13:41:06,43.3603057861328,-8.84090518951416,"Unknown"
"7014854",371863,2025-06-22 13:46:04,43.3602676391602,-8.84091472625732,"Unknown"
"7014854",371863,2025-06-22 13:51:12,43.3602828979492,-8.84093475341797,"Unknown"
"7014854",371863,2025-06-22 13:56:07,43.3602600097656,-8.84081363677979,"Unknown"
"7014854",371863,2025-06-22 14:01:06,43.3602142333984,-8.84086132049561,"Unknown"
"7014854",371863,2025-06-22 14:06:10,43.3602828979492,-8.84080982208252,"Unknown"
"7014854",371863,2025-06-22 14:11:07,43.3602676391602,-8.84094524383545,"Unknown"
"7014854",371863,2025-06-22 14:16:06,43.360294342041,-8.84097099304199,"Unknown"
"7014854",371863,2025-06-22 14:21:06,43.360237121582,-8.8409366607666,"Unknown"
"7014854",371863,2025-06-22 14:26:04,43.3602333068848,-8.84085845947266,"Unknown"
"7014854",371863,2025-06-22 14:31:05,43.3602333068848,-8.84058380126953,"Unknown"
"7014854",371863,2025-06-22 14:36:10,43.3602409362793,-8.84098720550537,"Unknown"
"7014854",371863,2025-06-22 14:41:08,43.3602333068848,-8.84081363677979,"Unknown"
"7014854",371863,2025-06-22 14:46:04,43.3602867126465,-8.84097480773926,"Unknown"
"7014854",371863,2025-06-22 14:51:21,43.3602561950684,-8.84117698669434,"Unknown"
"7014854",371863,2025-06-22 14:56:08,43.3602676391602,-8.84108734130859,"Unknown"
"7014854",371863,2025-06-22 15:01:10,43.3602523803711,-8.84103107452393,"Unknown"
"7014854",371863,2025-06-22 15:06:11,43.3603210449219,-8.84105968475342,"Unknown"
"7014854",371863,2025-06-22 15:11:07,43.3602294921875,-8.84105968475342,"Unknown"
"7014854",371863,2025-06-22 15:16:06,43.3602714538574,-8.84101390838623,"Unknown"
"7014854",371863,2025-06-22 15:21:06,43.3603172302246,-8.8411169052124,"Unknown"
"7014854",371863,2025-06-22 15:26:07,43.3603973388672,-8.84123134613037,"Unknown"
"7014854",371863,2025-06-22 15:31:03,43.3605499267578,-8.841139793396,"Unknown"
"7014854",371863,2025-06-22 15:36:08,43.3602066040039,-8.84112358093262,"Unknown"
"7014854",371863,2025-06-22 15:41:09,43.3603172302246,-8.84102630615234,"Unknown"
"7014854",371863,2025-06-22 15:46:35,43.3602523803711,-8.84093856811523,"Unknown"
"7014854",371863,2025-06-22 15:51:04,43.3602752685547,-8.84099674224854,"Unknown"
"7014854",371863,2025-06-22 15:56:04,43.3602905273438,-8.84096145629883,"Unknown"
"7014854",371863,2025-06-22 16:01:04,43.360237121582,-8.84098434448242,"Unknown"
"7014854",371863,2025-06-22 16:06:04,43.3603019714355,-8.84099578857422,"Unknown"
"7014854",371863,2025-06-22 16:11:04,43.3602523803711,-8.84088802337646,"Unknown"
"7014854",371863,2025-06-22 16:16:05,43.3602600097656,-8.84090805053711,"Unknown"
"7014854",371863,2025-06-22 16:21:07,43.360164642334,-8.84086227416992,"Unknown"
"7014854",371863,2025-06-22 16:26:04,43.3602676391602,-8.84103584289551,"Unknown"
"7014854",371863,2025-06-22 16:31:07,43.3601226806641,-8.84083652496338,"Unknown"
"7014854",371863,2025-06-22 16:36:07,43.3603515625,-8.84103679656982,"Unknown"
"7014854",371863,2025-06-22 16:41:35,43.3603057861328,-8.8408899307251,"Unknown"
"7014854",371863,2025-06-22 16:46:06,43.3602867126465,-8.84092140197754,"Unknown"
"7014854",371863,2025-06-22 16:51:35,43.3603019714355,-8.84090518951416,"Unknown"
"7014854",371863,2025-06-22 16:56:07,43.3602752685547,-8.84076404571533,"Unknown"
"7014854",371863,2025-06-22 17:01:04,43.3501815795898,-8.82731151580811,"Unknown"
"7014854",371863,2025-06-22 17:06:09,43.3547859191895,-8.82507705688477,"Unknown"
"7014854",371863,2025-06-22 17:11:07,43.3581962585449,-8.83117866516113,"Unknown"
"7014854",371863,2025-06-22 17:16:05,43.3581619262695,-8.8311939239502,"Unknown"
"7014854",371863,2025-06-22 17:21:04,43.3605575561523,-8.84240531921387,"Unknown"
"7014854",371863,2025-06-22 17:26:07,43.3603019714355,-8.84109687805176,"Unknown"
"7014854",371863,2025-06-22 17:31:06,43.3602638244629,-8.84093379974365,"Unknown"
"7014854",371863,2025-06-22 17:36:06,43.3602752685547,-8.84088325500488,"Unknown"
"7014854",371863,2025-06-22 17:41:06,43.3601684570312,-8.84094715118408,"Unknown"
"7014854",371863,2025-06-22 17:46:06,43.3603172302246,-8.84097099304199,"Unknown"
"7014854",371863,2025-06-22 17:51:04,43.3603363037109,-8.84097480773926,"Unknown"
"7014854",371863,2025-06-22 17:56:04,43.3603820800781,-8.84093856811523,"Unknown"
"7014854",371863,2025-06-22 18:01:08,43.3603172302246,-8.84101009368896,"Unknown"
"7014854",371863,2025-06-22 18:06:04,43.3603439331055,-8.84096813201904,"Unknown"
"7014854",371863,2025-06-22 18:11:05,43.3603553771973,-8.84103298187256,"Unknown"
"7014854",371863,2025-06-22 18:16:07,43.3602485656738,-8.840895652771,"Unknown"
"7014854",371863,2025-06-22 18:21:06,43.3603096008301,-8.84098815917969,"Unknown"
"7014854",371863,2025-06-22 18:26:06,43.3602676391602,-8.84099960327148,"Unknown"
"7014854",371863,2025-06-22 18:31:06,43.3603324890137,-8.84097194671631,"Unknown"
"7014854",371863,2025-06-22 18:36:07,43.3603363037109,-8.8411226272583,"Unknown"
"7014854",371863,2025-06-22 18:41:06,43.360424041748,-8.84122657775879,"Unknown"
"7014854",371863,2025-06-22 18:46:10,43.3605422973633,-8.841139793396,"Unknown"
"7014854",371863,2025-06-22 18:51:07,43.3604202270508,-8.84139156341553,"Unknown"
"7014854",371863,2025-06-22 18:56:08,43.3607482910156,-8.84135723114014,"Unknown"
"7014854",371863,2025-06-22 19:01:10,43.3326797485352,-8.86213397979736,"Unknown"
"7014854",371863,2025-06-22 19:06:07,43.3084526062012,-8.85611438751221,"Unknown"
"7014854",371863,2025-06-22 19:11:07,43.2908744812012,-8.86449146270752,"Unknown"
"7014854",371863,2025-06-22 19:16:10,43.2836494445801,-8.86893844604492,"Unknown"
"7014854",371863,2025-06-22 19:21:11,43.2830543518066,-8.86818695068359,"Unknown"
"7014854",371863,2025-06-22 19:26:11,43.2828598022461,-8.86894702911377,"Unknown"
"7014854",371863,2025-06-22 19:31:06,43.283992767334,-8.87637996673584,"Unknown"
"7014854",371863,2025-06-22 19:36:06,43.2971267700195,-8.86262512207031,"Unknown"
"7014854",371863,2025-06-22 19:41:09,43.3143730163574,-8.85714721679688,"Unknown"
"7014854",371863,2025-06-22 19:46:08,43.3144683837891,-8.85727977752686,"Unknown"
"7014854",371863,2025-06-22 19:51:06,43.3217430114746,-8.85309791564941,"Unknown"
"7014854",371863,2025-06-22 19:56:10,43.3439445495605,-8.84181594848633,"Unknown"
"7014854",371863,2025-06-22 20:02:05,43.3398284912109,-8.83200263977051,"Unknown"
"7014854",371863,2025-06-22 20:06:07,43.339672088623,-8.83113288879395,"Unknown"
"7014854",371863,2025-06-22 20:11:11,43.3391914367676,-8.83127880096436,"Unknown"
"7014854",371863,2025-06-22 20:16:08,43.3395767211914,-8.83207035064697,"Unknown"
"7014854",371863,2025-06-22 20:21:04,43.3437767028809,-8.83654499053955,"Unknown"
"7014854",371863,2025-06-22 20:26:05,43.360221862793,-8.84101581573486,"Unknown"
"7014854",371863,2025-06-22 20:31:04,43.3602066040039,-8.84096336364746,"Unknown"
"7014854",371863,2025-06-22 20:36:11,43.3598976135254,-8.84059238433838,"Unknown"
"7014854",371863,2025-06-22 20:41:09,43.3602676391602,-8.84096050262451,"Unknown"
"7014854",371863,2025-06-22 20:46:06,43.3602981567383,-8.84090805053711,"Unknown"
"7014854",371863,2025-06-22 20:51:10,43.360294342041,-8.84099006652832,"Unknown"
"7014854",371863,2025-06-22 20:56:05,43.3602676391602,-8.8409423828125,"Unknown"
"7014854",371863,2025-06-22 21:01:13,43.360279083252,-8.84095573425293,"Unknown"
"7014854",371863,2025-06-22 21:06:06,43.3601722717285,-8.84083557128906,"Unknown"
"7014854",371863,2025-06-22 21:11:12,43.3605842590332,-8.84128952026367,"Unknown"
"7014854",371863,2025-06-22 21:16:09,43.3602523803711,-8.84086799621582,"Unknown"
"7014854",371863,2025-06-22 21:21:07,43.3602142333984,-8.84084796905518,"Unknown"
"7014854",371863,2025-06-22 21:26:21,43.3602714538574,-8.84092998504639,"Unknown"
"7014854",371863,2025-06-22 21:31:35,43.3602638244629,-8.84088325500488,"Unknown"
"7014854",371863,2025-06-22 21:36:05,43.3602676391602,-8.84091567993164,"Unknown"
"7014854",371863,2025-06-22 21:41:09,43.3602523803711,-8.84098720550537,"Unknown"
"7014854",371863,2025-06-22 21:46:05,43.3602294921875,-8.84088134765625,"Unknown"
"7014854",371863,2025-06-22 21:51:05,43.3602142333984,-8.8409481048584,"Unknown"
"7014854",371863,2025-06-22 21:56:04,43.3602447509766,-8.8408727645874,"Unknown"
"7014854",371863,2025-06-22 22:01:06,43.3602485656738,-8.84094715118408,"Unknown"
"7014854",371863,2025-06-22 22:06:08,43.3602523803711,-8.84086227416992,"Unknown"
"7014854",371863,2025-06-22 22:11:08,43.3602333068848,-8.84084320068359,"Unknown"
"7014854",371863,2025-06-22 22:16:04,43.3603096008301,-8.84098815917969,"Unknown"
"7014854",371863,2025-06-22 22:21:04,43.3602066040039,-8.84090900421143,"Unknown"
"7014854",371863,2025-06-22 22:26:05,43.360237121582,-8.84076881408691,"Unknown"
"7014854",371863,2025-06-22 22:31:05,43.3601760864258,-8.84086132049561,"Unknown"
"7014854",371863,2025-06-22 22:36:07,43.3602752685547,-8.84068965911865,"Unknown"
"7014854",371863,2025-06-22 22:41:34,43.360237121582,-8.84086322784424,"Unknown"
"7014854",371863,2025-06-22 22:46:04,43.3602523803711,-8.8408727645874,"Unknown"
"7014854",371863,2025-06-22 22:51:06,43.360237121582,-8.84089183807373,"Unknown"
"7014854",371863,2025-06-22 22:56:04,43.3602714538574,-8.8409309387207,"Unknown"
"7014854",371863,2025-06-22 23:01:05,43.3602828979492,-8.84091091156006,"Unknown"
"7014854",371863,2025-06-22 23:06:04,43.3602676391602,-8.84089946746826,"Unknown"
"7014854",371863,2025-06-22 23:11:04,43.3602828979492,-8.84095478057861,"Unknown"
"7014854",371863,2025-06-22 23:16:06,43.360294342041,-8.84094047546387,"Unknown"
"7014854",371863,2025-06-22 23:21:06,43.360279083252,-8.84091281890869,"Unknown"
"7014854",371863,2025-06-22 23:26:04,43.3602447509766,-8.84091567993164,"Unknown"
"7014854",371863,2025-06-22 23:31:05,43.3603057861328,-8.84089851379395,"Unknown"
"7014854",371863,2025-06-22 23:36:05,43.3603019714355,-8.84091091156006,"Unknown"
"7014854",371863,2025-06-22 23:41:03,43.3602447509766,-8.84089469909668,"Unknown"
"7014854",371863,2025-06-22 23:46:05,43.3602180480957,-8.84091854095459,"Unknown"
"7014854",371863,2025-06-22 23:51:06,43.3603324890137,-8.84096240997314,"Unknown"
"7014854",371863,2025-06-22 23:56:04,43.3603019714355,-8.8409481048584,"Unknown"
"7014854",371863,2025-06-23 00:01:05,43.3602638244629,-8.84090518951416,"Unknown"
"7014854",371863,2025-06-23 00:06:06,43.3602867126465,-8.84088230133057,"Unknown"
"7014854",371863,2025-06-23 00:11:06,43.3602981567383,-8.84085273742676,"Unknown"
"7014854",371863,2025-06-23 00:16:04,43.3603057861328,-8.8408842086792,"Unknown"
"7014854",371863,2025-06-23 00:21:06,43.3602867126465,-8.84085559844971,"Unknown"
"7014854",371863,2025-06-23 00:26:06,43.360279083252,-8.84084129333496,"Unknown"
"7014854",371863,2025-06-23 00:31:06,43.3603134155273,-8.84088706970215,"Unknown"
"7014854",371863,2025-06-23 00:36:06,43.3603019714355,-8.84090423583984,"Unknown"
"7014854",371863,2025-06-23 00:41:05,43.3602409362793,-8.84085655212402,"Unknown"
"7014854",371863,2025-06-23 00:46:05,43.3602180480957,-8.84080600738525,"Unknown"
"7014854",371863,2025-06-23 00:51:07,43.3603210449219,-8.84091377258301,"Unknown"
"7014854",371863,2025-06-23 00:56:06,43.360408782959,-8.84100151062012,"Unknown"
"7014854",371863,2025-06-23 01:01:10,43.360408782959,-8.84094142913818,"Unknown"
"7014854",371863,2025-06-23 01:06:07,43.3603363037109,-8.84090900421143,"Unknown"
"7014854",371863,2025-06-23 01:11:09,43.3604202270508,-8.84104537963867,"Unknown"
"7014854",371863,2025-06-23 01:16:10,43.3603706359863,-8.84107780456543,"Unknown"
"7014854",371863,2025-06-23 01:21:10,43.3605842590332,-8.84098434448242,"Unknown"
"7014854",371863,2025-06-23 01:26:07,43.3603096008301,-8.84096240997314,"Unknown"
"7014854",371863,2025-06-23 01:31:10,43.3604545593262,-8.84101963043213,"Unknown"
"7014854",371863,2025-06-23 01:36:13,43.360523223877,-8.84097480773926,"Unknown"
"7014854",371863,2025-06-23 01:41:12,43.3605041503906,-8.84083461761475,"Unknown"
"7014854",371863,2025-06-23 01:46:14,43.3602714538574,-8.84095478057861,"Unknown"
"7014854",371863,2025-06-23 01:51:13,43.3602333068848,-8.84094333648682,"Unknown"
"7014854",371863,2025-06-23 01:56:19,43.3603286743164,-8.84090328216553,"Unknown"
"7014854",371863,2025-06-23 02:01:35,43.3602714538574,-8.84092044830322,"Unknown"
"7014854",371863,2025-06-23 02:06:04,43.3603019714355,-8.84090328216553,"Unknown"
"7014854",371863,2025-06-23 02:11:04,43.3602828979492,-8.84090232849121,"Unknown"
"7014854",371863,2025-06-23 02:16:04,43.3602828979492,-8.84090900421143,"Unknown"
"7014854",371863,2025-06-23 02:21:04,43.3602752685547,-8.84090900421143,"Unknown"
"7014854",371863,2025-06-23 02:26:04,43.360294342041,-8.84085655212402,"Unknown"
"7014854",371863,2025-06-23 02:31:04,43.3603057861328,-8.84089279174805,"Unknown"
"7014854",371863,2025-06-23 02:36:04,43.3602638244629,-8.8408842086792,"Unknown"
"7014854",371863,2025-06-23 02:41:04,43.3602676391602,-8.84085655212402,"Unknown"
"7014854",371863,2025-06-23 02:46:04,43.360279083252,-8.84086418151855,"Unknown"
"7014854",371863,2025-06-23 02:51:04,43.3603057861328,-8.84089660644531,"Unknown"
"7014854",371863,2025-06-23 02:56:04,43.3602828979492,-8.84088516235352,"Unknown"
"7014854",371863,2025-06-23 03:01:04,43.3603210449219,-8.84092044830322,"Unknown"
"7014854",371863,2025-06-23 03:06:04,43.3603057861328,-8.84091567993164,"Unknown"
"7014854",371863,2025-06-23 03:11:04,43.3603172302246,-8.84092807769775,"Unknown"
"7014854",371863,2025-06-23 03:16:06,43.3603668212891,-8.84100818634033,"Unknown"
"7014854",371863,2025-06-23 03:21:04,43.3603439331055,-8.84098625183105,"Unknown"
"7014854",371863,2025-06-23 03:26:04,43.3603172302246,-8.84092903137207,"Unknown"
"7014854",371863,2025-06-23 03:31:13,43.3602714538574,-8.84089279174805,"Unknown"
"7014854",371863,2025-06-23 03:36:08,43.3602485656738,-8.84092712402344,"Unknown"
"7014854",371863,2025-06-23 03:41:09,43.3602561950684,-8.84088897705078,"Unknown"
"7014854",371863,2025-06-23 03:46:15,43.3603668212891,-8.8409366607666,"Unknown"
"7014854",371863,2025-06-23 03:51:07,43.3603248596191,-8.84088802337646,"Unknown"
"7014854",371863,2025-06-23 03:56:05,43.360179901123,-8.84077548980713,"Unknown"
"7014854",371863,2025-06-23 04:01:10,43.3602485656738,-8.84083366394043,"Unknown"
"7014854",371863,2025-06-23 04:06:13,43.3602981567383,-8.84095001220703,"Unknown"
"7014854",371863,2025-06-23 04:11:06,43.3602714538574,-8.84102821350098,"Unknown"
"7014854",371863,2025-06-23 04:16:08,43.360221862793,-8.84078216552734,"Unknown"
"7014854",371863,2025-06-23 04:21:06,43.3602561950684,-8.84093952178955,"Unknown"
"7014854",371863,2025-06-23 04:26:08,43.3602600097656,-8.84090995788574,"Unknown"
"7014854",371863,2025-06-23 04:31:35,43.360279083252,-8.84099388122559,"Unknown"
"7014854",371863,2025-06-23 04:36:04,43.3602828979492,-8.84097957611084,"Unknown"
"7014854",371863,2025-06-23 04:41:06,43.360279083252,-8.84092807769775,"Unknown"
"7014854",371863,2025-06-23 04:46:04,43.3602905273438,-8.84094333648682,"Unknown"
"7014854",371863,2025-06-23 04:51:06,43.3602752685547,-8.84095668792725,"Unknown"
"7014854",371863,2025-06-23 04:56:08,43.3602676391602,-8.84108257293701,"Unknown"
"7014854",371863,2025-06-23 05:01:08,43.3601951599121,-8.84098815917969,"Unknown"
"7014854",371863,2025-06-23 05:06:09,43.3603096008301,-8.8410177230835,"Unknown"
"7014854",371863,2025-06-23 05:11:14,43.360221862793,-8.84093952178955,"Unknown"
"7014854",371863,2025-06-23 05:16:04,43.3603439331055,-8.84098148345947,"Unknown"
"7014854",371863,2025-06-23 05:21:06,43.3602485656738,-8.84102344512939,"Unknown"
"7014854",371863,2025-06-23 05:26:07,43.3603057861328,-8.84098052978516,"Unknown"
"7014854",371863,2025-06-23 05:31:05,43.3602523803711,-8.84092140197754,"Unknown"
"7014854",371863,2025-06-23 05:36:12,43.3603096008301,-8.84097576141357,"Unknown"
"7014854",371863,2025-06-23 05:41:07,43.3603172302246,-8.8409252166748,"Unknown"
"7014854",371863,2025-06-23 05:46:14,43.3602714538574,-8.84092807769775,"Unknown"
"7014854",371863,2025-06-23 05:51:06,43.3602447509766,-8.84088706970215,"Unknown"
"7014854",371863,2025-06-23 05:56:06,43.372730255127,-8.85002326965332,"Unknown"
"7014854",371863,2025-06-23 06:01:04,43.3855361938477,-8.85008811950684,"Unknown"
"7014854",371863,2025-06-23 06:06:05,43.3996391296387,-8.86231517791748,"Unknown"
"7014854",371863,2025-06-23 06:11:06,43.4123382568359,-8.88546752929688,"Unknown"
"7014854",371863,2025-06-23 06:16:09,43.4249725341797,-8.91244125366211,"Unknown"
"7014854",371863,2025-06-23 06:21:09,43.423267364502,-8.91404151916504,"Unknown"
"7014854",371863,2025-06-23 06:26:09,43.4166297912598,-8.9191722869873,"Unknown"
"7014854",371863,2025-06-23 06:31:14,43.3984756469727,-8.90023136138916,"Unknown"
"7014854",371863,2025-06-23 06:36:32,43.3849678039551,-8.8784065246582,"Unknown"
"7014854",371863,2025-06-23 06:41:08,43.3792991638184,-8.86843967437744,"Unknown"
"7014854",371863,2025-06-23 06:46:07,43.3817558288574,-8.85488510131836,"Unknown"
"7014854",371863,2025-06-23 06:51:13,43.3802719116211,-8.85152244567871,"Unknown"
"7014854",371863,2025-06-23 06:56:12,43.3795585632324,-8.84634876251221,"Unknown"
"7014854",371863,2025-06-23 07:06:13,43.3612251281738,-8.84396934509277,"Unknown"
"7014854",371863,2025-06-23 07:11:13,43.3603820800781,-8.84085273742676,"Unknown"
"7014854",371863,2025-06-23 07:16:35,43.3605499267578,-8.84032344818115,"Unknown"
"7014854",371863,2025-06-23 07:21:35,43.3603324890137,-8.84081649780273,"Unknown"
"7014854",371863,2025-06-23 07:26:06,43.3605155944824,-8.84082221984863,"Unknown"
"7014854",371863,2025-06-23 07:31:06,43.3605041503906,-8.84094905853271,"Unknown"
"7014854",371863,2025-06-23 07:36:04,43.3600540161133,-8.84104061126709,"Unknown"
"7014854",371863,2025-06-23 07:41:04,43.3603744506836,-8.8408842086792,"Unknown"
"7014854",371863,2025-06-23 07:46:05,43.3603210449219,-8.84086799621582,"Unknown"
"7014854",371863,2025-06-23 07:51:05,43.3602523803711,-8.8408317565918,"Unknown"
"7014854",371863,2025-06-23 07:56:04,43.3576354980469,-8.84158706665039,"Unknown"
"7014854",371863,2025-06-23 08:01:04,43.3170967102051,-8.83920478820801,"Unknown"
"7014854",371863,2025-06-23 08:06:05,43.2944984436035,-8.83973598480225,"Unknown"
"7014854",371863,2025-06-23 08:11:07,43.2944374084473,-8.83980655670166,"Unknown"
"7014854",371863,2025-06-23 08:16:05,43.2944068908691,-8.83982753753662,"Unknown"
"7014854",371863,2025-06-23 08:21:14,43.2943916320801,-8.83998203277588,"Unknown"
"7014854",371863,2025-06-23 08:26:06,43.3003730773926,-8.85621547698975,"Unknown"
"7014854",371863,2025-06-23 08:31:06,43.3143577575684,-8.85676860809326,"Unknown"
"7014854",371863,2025-06-23 08:36:09,43.3144645690918,-8.86615753173828,"Unknown"
"7014854",371863,2025-06-23 08:41:04,43.3233184814453,-8.84847927093506,"Unknown"
"7014854",371863,2025-06-23 08:46:06,43.3430862426758,-8.83699798583984,"Unknown"
"7014854",371863,2025-06-23 08:51:04,43.3582000732422,-8.8316707611084,"Unknown"
"7014854",371863,2025-06-23 08:56:05,43.3700256347656,-8.82958221435547,"Unknown"
"7014854",371863,2025-06-23 09:01:06,43.3728103637695,-8.85085964202881,"Unknown"
"7014854",371863,2025-06-23 09:06:05,43.3721656799316,-8.85147476196289,"Unknown"
"7014854",371863,2025-06-23 09:11:05,43.3707084655762,-8.85172843933105,"Unknown"
"7014854",371863,2025-06-23 09:16:05,43.3609275817871,-8.84144496917725,"Unknown"
"7014854",371863,2025-06-23 09:21:09,43.3606224060059,-8.84135913848877,"Unknown"
"7014854",371863,2025-06-23 09:26:05,43.3601226806641,-8.84073925018311,"Unknown"
"7014854",371863,2025-06-23 09:31:09,43.3602867126465,-8.8410120010376,"Unknown"
"7014854",371863,2025-06-23 09:36:08,43.3602828979492,-8.84104824066162,"Unknown"
"7014854",371863,2025-06-23 09:41:07,43.360237121582,-8.84082698822021,"Unknown"
"7014854",371863,2025-06-23 09:46:11,43.3602333068848,-8.84094905853271,"Unknown"
"7014854",371863,2025-06-23 09:51:06,43.3602676391602,-8.84097766876221,"Unknown"
"7014854",371863,2025-06-23 09:56:07,43.3602561950684,-8.84091567993164,"Unknown"
"7014854",371863,2025-06-23 10:01:05,43.3602409362793,-8.84086513519287,"Unknown"
"7014854",371863,2025-06-23 10:06:06,43.3602752685547,-8.84097862243652,"Unknown"
"7014854",371863,2025-06-23 10:11:08,43.3602561950684,-8.84088706970215,"Unknown"
"7014854",371863,2025-06-23 10:16:16,43.3603630065918,-8.84085464477539,"Unknown"
"7014854",371863,2025-06-23 10:21:10,43.3602142333984,-8.84089088439941,"Unknown"
"7014854",371863,2025-06-23 10:26:10,43.3603324890137,-8.84097480773926,"Unknown"
"7014854",371863,2025-06-23 10:31:09,43.3603210449219,-8.84061813354492,"Unknown"
"7014854",371863,2025-06-23 10:36:09,43.3602485656738,-8.84052467346191,"Unknown"
"7014854",371863,2025-06-23 10:41:11,43.3602867126465,-8.8404655456543,"Unknown"
"7014854",371863,2025-06-23 10:46:35,43.3602867126465,-8.84087753295898,"Unknown"
"7014854",371863,2025-06-23 10:51:06,43.3603286743164,-8.84095668792725,"Unknown"
"7014854",371863,2025-06-23 10:56:05,43.3603363037109,-8.84104251861572,"Unknown"
"7014854",371863,2025-06-23 11:01:05,43.3602867126465,-8.84096431732178,"Unknown"
"7014854",371863,2025-06-23 11:06:06,43.3603324890137,-8.84105682373047,"Unknown"
"7014854",371863,2025-06-23 11:11:08,43.3602981567383,-8.84098815917969,"Unknown"
"7014854",371863,2025-06-23 11:16:05,43.3604125976562,-8.84070777893066,"Unknown"
"7014854",371863,2025-06-23 11:21:06,43.3603439331055,-8.8409481048584,"Unknown"
"7014854",371863,2025-06-23 11:26:05,43.3603210449219,-8.84103107452393,"Unknown"
"7014854",371863,2025-06-23 11:31:05,43.3603172302246,-8.84091854095459,"Unknown"
"7014854",371863,2025-06-23 11:36:05,43.3578033447266,-8.83977317810059,"Unknown"
"7014854",371863,2025-06-23 11:41:05,43.3497047424316,-8.83323383331299,"Unknown"
"7014854",371863,2025-06-23 11:46:05,43.3155860900879,-8.83179950714111,"Unknown"
"7014854",371863,2025-06-23 11:51:06,43.291145324707,-8.83921146392822,"Unknown"
"7014854",371863,2025-06-23 11:56:06,43.287841796875,-8.86657333374023,"Unknown"
"7014854",371863,2025-06-23 12:01:43,43.2923774719238,-8.86209201812744,"Unknown"
"7014854",371863,2025-06-23 12:06:05,43.292423248291,-8.86209774017334,"Unknown"
"7014854",371863,2025-06-23 12:11:05,43.2924156188965,-8.86219024658203,"Unknown"
"7014854",371863,2025-06-23 12:16:05,43.2921943664551,-8.86196899414062,"Unknown"
"7014854",371863,2025-06-23 12:21:09,43.2922821044922,-8.86198806762695,"Unknown"
"7014854",371863,2025-06-23 12:26:05,43.2943267822266,-8.84864330291748,"Unknown"
"7014854",371863,2025-06-23 12:31:10,43.2942848205566,-8.83977127075195,"Unknown"
"7014854",371863,2025-06-23 12:36:44,43.2943000793457,-8.83979892730713,"Unknown"
"7014854",371863,2025-06-23 12:41:12,43.2943992614746,-8.83973026275635,"Unknown"
"7014854",371863,2025-06-23 12:46:16,43.302677154541,-8.83903408050537,"Unknown"
"7014854",371863,2025-06-23 12:51:15,43.3232650756836,-8.8313455581665,"Unknown"
"7014854",371863,2025-06-23 12:56:22,43.3394393920898,-8.83094882965088,"Unknown"
"7014854",371863,2025-06-23 13:01:06,43.3405075073242,-8.83141899108887,"Unknown"
"7014854",371863,2025-06-23 13:06:08,43.344425201416,-8.82958698272705,"Unknown"
"7014854",371863,2025-06-23 13:11:08,43.3582000732422,-8.83609867095947,"Unknown"
"7014854",371863,2025-06-23 13:16:07,43.3601684570312,-8.84108829498291,"Unknown"
"7014854",371863,2025-06-23 13:21:09,43.3602027893066,-8.84086227416992,"Unknown"
"7014854",371863,2025-06-23 13:26:07,43.3602676391602,-8.84061145782471,"Unknown"
"7014854",371863,2025-06-23 13:31:17,43.3601722717285,-8.84095478057861,"Unknown"
"7014854",371863,2025-06-23 13:36:10,43.3603706359863,-8.84102916717529,"Unknown"
"7014854",371863,2025-06-23 13:41:13,43.3602027893066,-8.84093284606934,"Unknown"
"7014854",371863,2025-06-23 13:46:11,43.360237121582,-8.84098243713379,"Unknown"
"7014854",371863,2025-06-23 13:51:49,43.3602409362793,-8.84084892272949,"Unknown"
"7014854",371863,2025-06-23 13:56:09,43.3602447509766,-8.84089374542236,"Unknown"
"7014854",371863,2025-06-23 14:01:09,43.3602180480957,-8.84085178375244,"Unknown"
"7014854",371863,2025-06-23 14:06:07,43.3602638244629,-8.84083843231201,"Unknown"
"7014854",371863,2025-06-23 14:11:35,43.3602180480957,-8.8408670425415,"Unknown"
"7014854",371863,2025-06-23 14:16:06,43.360237121582,-8.84092903137207,"Unknown"
"7014854",371863,2025-06-23 14:21:06,43.3601608276367,-8.84099006652832,"Unknown"
"7014854",371863,2025-06-23 14:26:06,43.3602294921875,-8.84091186523438,"Unknown"
"7014854",371863,2025-06-23 14:31:07,43.3602409362793,-8.84091663360596,"Unknown"
"7014854",371863,2025-06-23 14:36:09,43.3601303100586,-8.84026908874512,"Unknown"
"7014854",371863,2025-06-23 14:41:10,43.3601913452148,-8.84089756011963,"Unknown"
"7014854",371863,2025-06-23 14:46:09,43.3603897094727,-8.84102535247803,"Unknown"
"7014854",371863,2025-06-23 14:51:06,43.360279083252,-8.84099102020264,"Unknown"
"7014854",371863,2025-06-23 14:56:06,43.3603477478027,-8.84099388122559,"Unknown"
"7014854",371863,2025-06-23 15:01:06,43.3603324890137,-8.84098529815674,"Unknown"
"7014854",371863,2025-06-23 15:06:06,43.3603553771973,-8.84099578857422,"Unknown"
"7014854",371863,2025-06-23 15:11:06,43.3603210449219,-8.84103298187256,"Unknown"
"7014854",371863,2025-06-23 15:16:07,43.3603553771973,-8.84102535247803,"Unknown"
"7014854",371863,2025-06-23 15:21:07,43.360408782959,-8.84105205535889,"Unknown"
"7014854",371863,2025-06-23 15:26:07,43.3525238037109,-8.84822940826416,"Unknown"
"7014854",371863,2025-06-23 15:32:12,43.3418579101562,-8.9077730178833,"Unknown"
"7014854",371863,2025-06-23 15:36:12,43.3233299255371,-8.96215724945068,"Unknown"
"7014854",371863,2025-06-23 15:41:25,43.3007202148438,-9.0324764251709,"Unknown"
"7014854",371863,2025-06-23 15:46:08,43.2812004089355,-9.05213832855225,"Unknown"
"7014854",371863,2025-06-23 15:51:09,43.2737770080566,-9.04016876220703,"Unknown"
"7014854",371863,2025-06-23 15:56:27,43.2674446105957,-9.03203773498535,"Unknown"
"7014854",371863,2025-06-23 16:01:35,43.2538375854492,-9.01780700683594,"Unknown"
"7014854",371863,2025-06-23 16:06:07,43.2594413757324,-8.99633121490479,"Unknown"
"7014854",371863,2025-06-23 16:11:24,43.2716751098633,-8.9879674911499,"Unknown"
"7014854",371863,2025-06-23 16:16:35,43.2836837768555,-8.97817134857178,"Unknown"
"7014854",371863,2025-06-23 16:21:06,43.2881927490234,-8.96087265014648,"Unknown"
"7014854",371863,2025-06-23 16:26:07,43.2855682373047,-8.93570899963379,"Unknown"
"7014854",371863,2025-06-23 16:31:06,43.3007392883301,-8.90753364562988,"Unknown"
"7014854",371863,2025-06-23 16:36:06,43.3205604553223,-8.90327739715576,"Unknown"
"7014854",371863,2025-06-23 16:41:06,43.3181495666504,-8.87600994110107,"Unknown"
"7014854",371863,2025-06-23 16:46:06,43.3143272399902,-8.85640716552734,"Unknown"
"7014854",371863,2025-06-23 16:51:09,43.3146629333496,-8.85722255706787,"Unknown"
"7014854",371863,2025-06-23 16:56:07,43.3141593933105,-8.85687160491943,"Unknown"
"7014854",371863,2025-06-23 17:01:06,43.3332672119141,-8.85299777984619,"Unknown"
"7014854",371863,2025-06-23 17:06:09,43.3537902832031,-8.84824562072754,"Unknown"
"7014854",371863,2025-06-23 17:11:09,43.3603172302246,-8.84095287322998,"Unknown"
"7014854",371863,2025-06-23 17:16:06,43.3603401184082,-8.84095478057861,"Unknown"
"7014854",371863,2025-06-23 17:21:06,43.3602676391602,-8.84084129333496,"Unknown"
"7014854",371863,2025-06-23 17:26:10,43.3603401184082,-8.84096813201904,"Unknown"
"7014854",371863,2025-06-23 17:31:09,43.3603515625,-8.84104156494141,"Unknown"
"7014854",371863,2025-06-23 17:36:35,43.3603057861328,-8.84094524383545,"Unknown"
"7014854",371863,2025-06-23 17:41:07,43.3603439331055,-8.84102916717529,"Unknown"
"7014854",371863,2025-06-23 17:46:07,43.3602828979492,-8.84102535247803,"Unknown"
"7014854",371863,2025-06-23 17:51:07,43.3603210449219,-8.84097290039062,"Unknown"
"7014854",371863,2025-06-23 17:56:07,43.3603591918945,-8.84094905853271,"Unknown"
"7014854",371863,2025-06-23 18:01:06,43.3603286743164,-8.84102916717529,"Unknown"
"7014854",371863,2025-06-23 18:06:08,43.3602867126465,-8.84091186523438,"Unknown"
"7014854",371863,2025-06-23 18:11:07,43.3603401184082,-8.84085941314697,"Unknown"
"7014854",371863,2025-06-23 18:16:06,43.3603973388672,-8.84099960327148,"Unknown"
"7014854",371863,2025-06-23 18:21:06,43.3603668212891,-8.84095096588135,"Unknown"
"7014854",371863,2025-06-23 18:26:07,43.3604431152344,-8.8410005569458,"Unknown"
"7014854",371863,2025-06-23 18:31:08,43.3603782653809,-8.84094905853271,"Unknown"
"7014854",371863,2025-06-23 18:36:08,43.3602828979492,-8.84096717834473,"Unknown"
"7014854",371863,2025-06-23 18:41:16,43.3603439331055,-8.84103870391846,"Unknown"
"7014854",371863,2025-06-23 18:46:10,43.3603668212891,-8.84113025665283,"Unknown"
"7014854",371863,2025-06-23 18:51:06,43.3603172302246,-8.84099006652832,"Unknown"
"7014854",371863,2025-06-23 18:56:09,43.3604278564453,-8.84122848510742,"Unknown"
"7014854",371863,2025-06-23 19:01:07,43.3604164123535,-8.84120178222656,"Unknown"
"7014854",371863,2025-06-23 19:06:11,43.3604507446289,-8.84124565124512,"Unknown"
"7014854",371863,2025-06-23 19:11:11,43.3603782653809,-8.84107208251953,"Unknown"
"7014854",371863,2025-06-23 19:16:18,43.3603172302246,-8.84089183807373,"Unknown"
"7014854",371863,2025-06-23 19:21:11,43.3603630065918,-8.84117794036865,"Unknown"
"7014854",371863,2025-06-23 19:26:07,43.3603515625,-8.84103012084961,"Unknown"
"7014854",371863,2025-06-23 19:31:19,43.3602676391602,-8.84092712402344,"Unknown"
"7014854",371863,2025-06-23 19:36:08,43.3604278564453,-8.84123992919922,"Unknown"
"7014854",371863,2025-06-23 19:41:18,43.3602676391602,-8.84088611602783,"Unknown"
"7014854",371863,2025-06-23 19:46:08,43.3603935241699,-8.8412971496582,"Unknown"
"7014854",371863,2025-06-23 19:51:30,43.360294342041,-8.84098434448242,"Unknown"
"7014854",371863,2025-06-23 19:56:10,43.3604431152344,-8.84130096435547,"Unknown"
"7014854",371863,2025-06-23 20:01:29,43.3603134155273,-8.8411111831665,"Unknown"
"7014854",371863,2025-06-23 20:06:35,43.3602828979492,-8.84089279174805,"Unknown"
"7014854",371863,2025-06-23 20:11:07,43.3603782653809,-8.84082317352295,"Unknown"
"7014854",371863,2025-06-23 20:16:07,43.3602523803711,-8.84090423583984,"Unknown"
"7014854",371863,2025-06-23 20:21:06,43.3603096008301,-8.84097290039062,"Unknown"
"7014854",371863,2025-06-23 20:26:11,43.3602256774902,-8.84084892272949,"Unknown"
"7014854",371863,2025-06-23 20:31:08,43.3602676391602,-8.84103107452393,"Unknown"
"7014854",371863,2025-06-23 20:36:10,43.3602867126465,-8.84117412567139,"Unknown"
"7014854",371863,2025-06-23 20:41:08,43.3602561950684,-8.84108352661133,"Unknown"
"7014854",371863,2025-06-23 20:46:08,43.3602561950684,-8.84106254577637,"Unknown"
"7014854",371863,2025-06-23 20:51:10,43.3602676391602,-8.84094905853271,"Unknown"
"7014854",371863,2025-06-23 20:56:09,43.3602027893066,-8.84100818634033,"Unknown"
"7014854",371863,2025-06-23 21:01:09,43.3602447509766,-8.84088039398193,"Unknown"
"7014854",371863,2025-06-23 21:06:09,43.3602828979492,-8.84092426300049,"Unknown"
"7014854",371863,2025-06-23 21:11:09,43.3601684570312,-8.84095859527588,"Unknown"
"7014854",371863,2025-06-23 21:16:15,43.3603591918945,-8.84097099304199,"Unknown"
"7014854",371863,2025-06-23 21:21:19,43.3603248596191,-8.84100341796875,"Unknown"
"7014854",371863,2025-06-23 21:26:08,43.3601760864258,-8.84089756011963,"Unknown"
"7014854",371863,2025-06-23 21:31:12,43.3600425720215,-8.84095191955566,"Unknown"
"7014854",371863,2025-06-23 21:36:33,43.3603096008301,-8.84093189239502,"Unknown"
"7014854",371863,2025-06-23 21:41:07,43.3602333068848,-8.84089756011963,"Unknown"
"7014854",371863,2025-06-23 21:46:07,43.360294342041,-8.840895652771,"Unknown"
"7014854",371863,2025-06-23 21:51:07,43.3602638244629,-8.84084129333496,"Unknown"
"7014854",371863,2025-06-23 21:56:07,43.360237121582,-8.84091949462891,"Unknown"
"7014854",371863,2025-06-23 22:01:06,43.3601684570312,-8.84099674224854,"Unknown"
"7014854",371863,2025-06-23 22:06:06,43.3601303100586,-8.84089756011963,"Unknown"
"7014854",371863,2025-06-23 22:11:09,43.360164642334,-8.84103488922119,"Unknown"
"7014854",371863,2025-06-23 22:16:06,43.3602294921875,-8.84099388122559,"Unknown"
"7014854",371863,2025-06-23 22:21:06,43.360164642334,-8.84101676940918,"Unknown"
"7014854",371863,2025-06-23 22:26:06,43.3602027893066,-8.84097862243652,"Unknown"
"7014854",371863,2025-06-23 22:31:06,43.3601913452148,-8.84091186523438,"Unknown"
"7014854",371863,2025-06-23 22:36:06,43.3601493835449,-8.84101104736328,"Unknown"
"7014854",371863,2025-06-23 22:41:06,43.360279083252,-8.8410062789917,"Unknown"
"7014854",371863,2025-06-23 22:46:06,43.3602600097656,-8.84096813201904,"Unknown"
"7014854",371863,2025-06-23 22:51:06,43.3602066040039,-8.84097766876221,"Unknown"
"7014854",371863,2025-06-23 22:56:08,43.3602600097656,-8.84102535247803,"Unknown"
"7014854",371863,2025-06-23 23:01:11,43.3602714538574,-8.84096431732178,"Unknown"
"7014854",371863,2025-06-23 23:06:21,43.360294342041,-8.84093761444092,"Unknown"
"7014854",371863,2025-06-23 23:11:15,43.3603363037109,-8.84098625183105,"Unknown"
"7014854",371863,2025-06-23 23:16:13,43.3603515625,-8.8409595489502,"Unknown"
"7014854",371863,2025-06-23 23:21:18,43.3603515625,-8.84084510803223,"Unknown"
"7014854",371863,2025-06-23 23:26:20,43.360294342041,-8.84115219116211,"Unknown"
"7014854",371863,2025-06-23 23:31:11,43.360179901123,-8.84083080291748,"Unknown"
"7014854",371863,2025-06-23 23:36:11,43.3602294921875,-8.84097766876221,"Unknown"
"7014854",371863,2025-06-23 23:41:16,43.3603591918945,-8.84120750427246,"Unknown"
"7014854",371863,2025-06-23 23:46:07,43.3605804443359,-8.84161853790283,"Unknown"
"7014854",371863,2025-06-23 23:51:22,43.3603363037109,-8.84128665924072,"Unknown"
"7014854",371863,2025-06-23 23:56:07,43.3603858947754,-8.84138584136963,"Unknown"
"7014854",371863,2025-06-24 00:01:35,43.3602409362793,-8.84094715118408,"Unknown"
"7014854",371863,2025-06-24 00:06:06,43.3602180480957,-8.8408842086792,"Unknown"
"7014854",371863,2025-06-24 00:11:06,43.360179901123,-8.84087085723877,"Unknown"
"7014854",371863,2025-06-24 00:16:07,43.3602180480957,-8.84090328216553,"Unknown"
"7014854",371863,2025-06-24 00:21:07,43.3602523803711,-8.8408842086792,"Unknown"
"7014854",371863,2025-06-24 00:26:08,43.3601837158203,-8.84082126617432,"Unknown"
"7014854",371863,2025-06-24 00:31:07,43.3602333068848,-8.84089946746826,"Unknown"
"7014854",371863,2025-06-24 00:36:06,43.3602333068848,-8.8408842086792,"Unknown"
"7014854",371863,2025-06-24 00:41:07,43.3602294921875,-8.84084510803223,"Unknown"
"7014854",371863,2025-06-24 00:46:07,43.3602981567383,-8.84094905853271,"Unknown"
"7014854",371863,2025-06-24 00:51:11,43.3603324890137,-8.84104251861572,"Unknown"
"7014854",371863,2025-06-24 00:56:10,43.3603286743164,-8.84100341796875,"Unknown"
"7014854",371863,2025-06-24 01:01:10,43.3604393005371,-8.84113883972168,"Unknown"
"7014854",371863,2025-06-24 01:06:09,43.3605003356934,-8.84103202819824,"Unknown"
"7014854",371863,2025-06-24 01:11:07,43.3603782653809,-8.84094142913818,"Unknown"
"7014854",371863,2025-06-24 01:16:07,43.3604316711426,-8.84105491638184,"Unknown"
"7014854",371863,2025-06-24 01:21:08,43.3605117797852,-8.84109497070312,"Unknown"
"7014854",371863,2025-06-24 01:26:07,43.3604049682617,-8.84107398986816,"Unknown"
"7014854",371863,2025-06-24 01:31:44,43.3602828979492,-8.84091758728027,"Unknown"
"7014854",371863,2025-06-24 01:36:15,43.3602714538574,-8.84095001220703,"Unknown"
"7014854",371863,2025-06-24 01:41:09,43.3603668212891,-8.84070205688477,"Unknown"
"7014854",371863,2025-06-24 01:46:10,43.3607292175293,-8.84103965759277,"Unknown"
"7014854",371863,2025-06-24 01:51:09,43.3599624633789,-8.84011650085449,"Unknown"
"7014854",371863,2025-06-24 01:56:11,43.3602333068848,-8.84087657928467,"Unknown"
"7014854",371863,2025-06-24 02:01:35,43.3602828979492,-8.84090900421143,"Unknown"
"7014854",371863,2025-06-24 02:06:06,43.3602828979492,-8.84088039398193,"Unknown"
"7014854",371863,2025-06-24 02:11:07,43.3602714538574,-8.84087657928467,"Unknown"
"7014854",371863,2025-06-24 02:16:07,43.3602256774902,-8.84085845947266,"Unknown"
"7014854",371863,2025-06-24 02:21:06,43.3602676391602,-8.84095668792725,"Unknown"
"7014854",371863,2025-06-24 02:26:07,43.3603324890137,-8.84096240997314,"Unknown"
"7014854",371863,2025-06-24 02:31:09,43.3603591918945,-8.84092330932617,"Unknown"
"7014854",371863,2025-06-24 02:36:06,43.360221862793,-8.84084796905518,"Unknown"
"7014854",371863,2025-06-24 02:41:06,43.3602333068848,-8.84088134765625,"Unknown"
"7014854",371863,2025-06-24 02:46:15,43.3602294921875,-8.84085178375244,"Unknown"
"7014854",371863,2025-06-24 02:51:15,43.3602561950684,-8.84086894989014,"Unknown"
"7014854",371863,2025-06-24 02:56:07,43.3603439331055,-8.84102344512939,"Unknown"
"7014854",371863,2025-06-24 03:01:06,43.3603172302246,-8.84093189239502,"Unknown"
"7014854",371863,2025-06-24 03:06:06,43.3602447509766,-8.84088611602783,"Unknown"
"7014854",371863,2025-06-24 03:11:06,43.3602638244629,-8.84092807769775,"Unknown"
"7014854",371863,2025-06-24 03:16:06,43.3601760864258,-8.84083557128906,"Unknown"
"7014854",371863,2025-06-24 03:21:07,43.360294342041,-8.8409366607666,"Unknown"
"7014854",371863,2025-06-24 03:26:06,43.3602676391602,-8.840895652771,"Unknown"
"7014854",371863,2025-06-24 03:31:06,43.3604049682617,-8.84101104736328,"Unknown"
"7014854",371863,2025-06-24 03:36:08,43.3603210449219,-8.84093570709229,"Unknown"
"7014854",371863,2025-06-24 03:41:15,43.360294342041,-8.84087371826172,"Unknown"
"7014854",371863,2025-06-24 03:46:07,43.3602867126465,-8.84094429016113,"Unknown"
"7014854",371863,2025-06-24 03:51:11,43.3601264953613,-8.8407735824585,"Unknown"
"7014854",371863,2025-06-24 03:56:07,43.3702621459961,-8.83305263519287,"Unknown"
"7014854",371863,2025-06-24 04:01:23,43.3682327270508,-8.826904296875,"Unknown"
"7014854",371863,2025-06-24 04:06:11,43.3687171936035,-8.82724285125732,"Unknown"
"7014854",371863,2025-06-24 04:11:10,43.3678131103516,-8.82687664031982,"Unknown"
"7014854",371863,2025-06-24 04:17:09,43.342456817627,-8.84233093261719,"Unknown"
"7014854",371863,2025-06-24 04:21:06,43.321475982666,-8.850266456604,"Unknown"
"7014854",371863,2025-06-24 04:26:06,43.296932220459,-8.86138916015625,"Unknown"
"7014854",371863,2025-06-24 04:31:07,43.2871322631836,-8.87187385559082,"Unknown"
"7014854",371863,2025-06-24 04:36:07,43.2871856689453,-8.87197494506836,"Unknown"
"7014854",371863,2025-06-24 04:41:08,43.2870597839355,-8.87189292907715,"Unknown"
"7014854",371863,2025-06-24 04:46:12,43.2876129150391,-8.87182235717773,"Unknown"
"7014854",371863,2025-06-24 04:51:10,43.2864799499512,-8.87574863433838,"Unknown"
"7014854",371863,2025-06-24 04:56:09,43.2863922119141,-8.87574577331543,"Unknown"
"7014854",371863,2025-06-24 05:01:12,43.2854499816895,-8.87744331359863,"Unknown"
"7014854",371863,2025-06-24 05:06:07,43.2868347167969,-8.87069416046143,"Unknown"
"7014854",371863,2025-06-24 05:11:13,43.2920227050781,-8.861496925354,"Unknown"
"7014854",371863,2025-06-24 05:16:18,43.2922058105469,-8.86106014251709,"Unknown"
"7014854",371863,2025-06-24 05:21:07,43.2946472167969,-8.85974311828613,"Unknown"
"7014854",371863,2025-06-24 05:26:15,43.2943992614746,-8.83981513977051,"Unknown"
"7014854",371863,2025-06-24 05:31:54,43.2944221496582,-8.84001541137695,"Unknown"
"7014854",371863,2025-06-24 05:36:10,43.2942161560059,-8.83958721160889,"Unknown"
"7014854",371863,2025-06-24 05:41:15,43.294361114502,-8.83981895446777,"Unknown"
"7014854",371863,2025-06-24 05:46:35,43.3065719604492,-8.83967113494873,"Unknown"
"7014854",371863,2025-06-24 05:51:07,43.3316955566406,-8.82785129547119,"Unknown"
"7014854",371863,2025-06-24 05:56:07,43.3607482910156,-8.83805370330811,"Unknown"
"7014854",371863,2025-06-24 06:01:07,43.3602676391602,-8.84093189239502,"Unknown"
"7014854",371863,2025-06-24 06:06:06,43.3602409362793,-8.8409309387207,"Unknown"
"7014854",371863,2025-06-24 06:11:08,43.3602142333984,-8.84086227416992,"Unknown"
"7014854",371863,2025-06-24 06:16:11,43.3603363037109,-8.84096527099609,"Unknown"
"7014854",371863,2025-06-24 06:21:15,43.3602600097656,-8.84092903137207,"Unknown"
"7014854",371863,2025-06-24 06:26:39,43.3602600097656,-8.84090709686279,"Unknown"
"7014854",371863,2025-06-24 06:31:07,43.3601531982422,-8.84092330932617,"Unknown"
"7014854",371863,2025-06-24 06:36:18,43.360279083252,-8.84091949462891,"Unknown"
"7014854",371863,2025-06-24 06:41:09,43.3602409362793,-8.84082889556885,"Unknown"
"7014854",371863,2025-06-24 06:46:08,43.3603210449219,-8.84086036682129,"Unknown"
"7014854",371863,2025-06-24 06:51:09,43.3602752685547,-8.84096431732178,"Unknown"
"7014854",371863,2025-06-24 06:56:10,43.3602828979492,-8.8410758972168,"Unknown"
"7014854",371863,2025-06-24 07:01:06,43.3603210449219,-8.84095478057861,"Unknown"
"7014854",371863,2025-06-24 07:06:11,43.3602409362793,-8.84085083007812,"Unknown"
"7014854",371863,2025-06-24 07:11:21,43.3601608276367,-8.84086513519287,"Unknown"
"7014854",371863,2025-06-24 07:16:23,43.3602409362793,-8.84089756011963,"Unknown"
"7014854",371863,2025-06-24 07:21:18,43.3602600097656,-8.84079551696777,"Unknown"
"7014854",371863,2025-06-24 07:26:31,43.3602828979492,-8.84086513519287,"Unknown"
"7014854",371863,2025-06-24 07:31:07,43.3601455688477,-8.84102725982666,"Unknown"
"7014854",371863,2025-06-24 07:36:07,43.3602027893066,-8.84094905853271,"Unknown"
"7014854",371863,2025-06-24 07:41:07,43.3601150512695,-8.84099960327148,"Unknown"
"7014854",371863,2025-06-24 07:46:06,43.3602180480957,-8.84097003936768,"Unknown"
"7014854",371863,2025-06-24 07:51:06,43.360164642334,-8.84094524383545,"Unknown"
"7014854",371863,2025-06-24 07:56:06,43.3601913452148,-8.84098434448242,"Unknown"
"7014854",371863,2025-06-24 08:01:06,43.3438491821289,-8.84165191650391,"Unknown"
"7014854",371863,2025-06-24 08:06:06,43.3170585632324,-8.84245586395264,"Unknown"
"7014854",371863,2025-06-24 08:11:06,43.2941513061523,-8.84011936187744,"Unknown"
"7014854",371863,2025-06-24 08:16:08,43.2941246032715,-8.840012550354,"Unknown"
"7014854",371863,2025-06-24 08:21:10,43.2943534851074,-8.83956050872803,"Unknown"
"7014854",371863,2025-06-24 08:26:30,43.2943725585938,-8.83982467651367,"Unknown"
"7014854",371863,2025-06-24 08:32:30,43.2943267822266,-8.83991050720215,"Unknown"
"7014854",371863,2025-06-24 08:36:19,43.294319152832,-8.83981418609619,"Unknown"
"7014854",371863,2025-06-24 08:41:07,43.2942771911621,-8.83973407745361,"Unknown"
"7014854",371863,2025-06-24 08:47:30,43.2942543029785,-8.83975219726562,"Unknown"
"7014854",371863,2025-06-24 08:51:16,43.294319152832,-8.83990859985352,"Unknown"
"7014854",371863,2025-06-24 08:56:44,43.2942390441895,-8.83975124359131,"Unknown"
"7014854",371863,2025-06-24 09:01:42,43.2942276000977,-8.83975028991699,"Unknown"
"7014854",371863,2025-06-24 09:06:49,43.2942581176758,-8.83983898162842,"Unknown"
"7014854",371863,2025-06-24 09:11:08,43.293773651123,-8.83879661560059,"Unknown"
"7014854",371863,2025-06-24 09:16:18,43.2944297790527,-8.8397855758667,"Unknown"
"7014854",371863,2025-06-24 09:21:08,43.2943496704102,-8.8398380279541,"Unknown"
"7014854",371863,2025-06-24 09:26:11,43.2942237854004,-8.83981132507324,"Unknown"
"7014854",371863,2025-06-24 09:31:12,43.2927398681641,-8.83672046661377,"Unknown"
"7014854",371863,2025-06-24 09:36:56,43.2944183349609,-8.83971881866455,"Unknown"
"7014854",371863,2025-06-24 09:41:10,43.2943649291992,-8.84015560150146,"Unknown"
"7014854",371863,2025-06-24 09:46:07,43.2944183349609,-8.83982944488525,"Unknown"
"7014854",371863,2025-06-24 09:51:08,43.2943496704102,-8.83988666534424,"Unknown"
"7014854",371863,2025-06-24 09:56:07,43.2944297790527,-8.83964729309082,"Unknown"
"7014854",371863,2025-06-24 10:01:06,43.2944641113281,-8.83967685699463,"Unknown"
"7014854",371863,2025-06-24 10:06:08,43.2945022583008,-8.83975505828857,"Unknown"
"7014854",371863,2025-06-24 10:11:09,43.2944869995117,-8.83974075317383,"Unknown"
"7014854",371863,2025-06-24 10:16:08,43.2944602966309,-8.83975315093994,"Unknown"
"7014854",371863,2025-06-24 10:21:32,43.294319152832,-8.83965396881104,"Unknown"
"7014854",371863,2025-06-24 10:26:07,43.2944297790527,-8.83985137939453,"Unknown"
"7014854",371863,2025-06-24 10:31:09,43.2943992614746,-8.83958911895752,"Unknown"
"7014854",371863,2025-06-24 10:36:08,43.2944412231445,-8.83970642089844,"Unknown"
"7014854",371863,2025-06-24 10:41:15,43.2944297790527,-8.84047794342041,"Unknown"
"7014854",371863,2025-06-24 10:46:24,43.2944526672363,-8.83972263336182,"Unknown"
"7014854",371863,2025-06-24 10:52:31,43.2944374084473,-8.83986759185791,"Unknown"
"7014854",371863,2025-06-24 10:56:35,43.2944869995117,-8.83988666534424,"Unknown"
"7014854",371863,2025-06-24 11:01:07,43.2944412231445,-8.83993053436279,"Unknown"
"7014854",371863,2025-06-24 11:06:13,43.2945098876953,-8.8398962020874,"Unknown"
"7014854",371863,2025-06-24 11:11:13,43.2944145202637,-8.83980369567871,"Unknown"
"7014854",371863,2025-06-24 11:16:10,43.2946586608887,-8.84056282043457,"Unknown"
"7014854",371863,2025-06-24 11:21:09,43.2946739196777,-8.84056282043457,"Unknown"
"7014854",371863,2025-06-24 11:26:07,43.3054733276367,-8.85000324249268,"Unknown"
"7014854",371863,2025-06-24 11:31:10,43.3142166137695,-8.85798168182373,"Unknown"
"7014854",371863,2025-06-24 11:36:09,43.3162841796875,-8.85827827453613,"Unknown"
"7014854",371863,2025-06-24 11:41:44,43.3488502502441,-8.83804035186768,"Unknown"
"7014854",371863,2025-06-24 11:46:07,43.360652923584,-8.84316825866699,"Unknown"
"7014854",371863,2025-06-24 11:51:12,43.3606948852539,-8.8424072265625,"Unknown"
"7014854",371863,2025-06-24 11:56:18,43.3606834411621,-8.8416576385498,"Unknown"
"7014854",371863,2025-06-24 12:01:35,43.3602828979492,-8.84115314483643,"Unknown"
"7014854",371863,2025-06-24 12:06:06,43.3603096008301,-8.84135341644287,"Unknown"
"7014854",371863,2025-06-24 12:11:06,43.3603248596191,-8.84092330932617,"Unknown"
"7014854",371863,2025-06-24 12:16:06,43.3603324890137,-8.84086227416992,"Unknown"
"7014854",371863,2025-06-24 12:21:15,43.3603744506836,-8.84099578857422,"Unknown"
"7014854",371863,2025-06-24 12:26:07,43.3603630065918,-8.84091567993164,"Unknown"
"7014854",371863,2025-06-24 12:31:11,43.3602905273438,-8.84074783325195,"Unknown"
"7014854",371863,2025-06-24 12:36:06,43.3602714538574,-8.84087371826172,"Unknown"
"7014854",371863,2025-06-24 12:41:35,43.3602981567383,-8.84092807769775,"Unknown"
"7014854",371863,2025-06-24 12:46:07,43.3602409362793,-8.8409309387207,"Unknown"
"7014854",371863,2025-06-24 12:51:07,43.3601951599121,-8.84095191955566,"Unknown"
"7014854",371863,2025-06-24 12:56:06,43.3602256774902,-8.84088706970215,"Unknown"
"7014854",371863,2025-06-24 13:01:12,43.3601303100586,-8.84084129333496,"Unknown"
"7014854",371863,2025-06-24 13:06:07,43.3601951599121,-8.84076881408691,"Unknown"
"7014854",371863,2025-06-24 13:11:08,43.360221862793,-8.84082984924316,"Unknown"
"7014854",371863,2025-06-24 13:16:10,43.3602447509766,-8.84084701538086,"Unknown"
"7014854",371863,2025-06-24 13:21:08,43.3603324890137,-8.84095478057861,"Unknown"
"7014854",371863,2025-06-24 13:26:06,43.360237121582,-8.84078311920166,"Unknown"
"7014854",371863,2025-06-24 13:31:06,43.3602638244629,-8.8408784866333,"Unknown"
"7014854",371863,2025-06-24 13:36:06,43.3602523803711,-8.84080696105957,"Unknown"
"7014854",371863,2025-06-24 13:41:10,43.3601989746094,-8.84070682525635,"Unknown"
"7014854",371863,2025-06-24 13:46:09,43.3602523803711,-8.84085941314697,"Unknown"
"7014854",371863,2025-06-24 13:51:09,43.3601760864258,-8.84080028533936,"Unknown"
"7014854",371863,2025-06-24 13:56:06,43.3602447509766,-8.84086418151855,"Unknown"
"7014854",371863,2025-06-24 14:01:06,43.3602294921875,-8.84078216552734,"Unknown"
"7014854",371863,2025-06-24 14:06:06,43.3602561950684,-8.84082698822021,"Unknown"
"7014854",371863,2025-06-24 14:11:13,43.360279083252,-8.84083843231201,"Unknown"
"7014854",371863,2025-06-24 14:16:18,43.3602485656738,-8.8408203125,"Unknown"
"7014854",371863,2025-06-24 14:21:17,43.360294342041,-8.84092426300049,"Unknown"
"7014854",371863,2025-06-24 14:26:11,43.3601913452148,-8.84045314788818,"Unknown"
"7014854",371863,2025-06-24 14:31:15,43.360279083252,-8.84086894989014,"Unknown"
"7014854",371863,2025-06-24 14:36:11,43.359935760498,-8.8384313583374,"Unknown"
"7014854",371863,2025-06-24 14:41:18,43.3603744506836,-8.84096717834473,"Unknown"
"7014854",371863,2025-06-24 14:46:18,43.3603477478027,-8.84102821350098,"Unknown"
"7014854",371863,2025-06-24 14:51:18,43.3603363037109,-8.84099006652832,"Unknown"
"7014854",371863,2025-06-24 14:56:17,43.3603134155273,-8.84098815917969,"Unknown"
"7014854",371863,2025-06-24 15:01:26,43.3602523803711,-8.84076881408691,"Unknown"
"7014854",371863,2025-06-24 15:06:11,43.3781814575195,-8.87164306640625,"Unknown"
"7014854",371863,2025-06-24 15:11:10,43.391918182373,-8.91759777069092,"Unknown"
"7014854",371863,2025-06-24 15:16:33,43.405647277832,-8.94604587554932,"Unknown"
"7014854",371863,2025-06-24 15:21:32,43.4112892150879,-8.94136905670166,"Unknown"
"7014854",371863,2025-06-24 15:27:31,43.3975486755371,-8.94890594482422,"Unknown"
"7014854",371863,2025-06-24 15:31:07,43.3883056640625,-8.95631504058838,"Unknown"
"7014854",371863,2025-06-24 15:36:15,43.3798942565918,-8.96012783050537,"Unknown"
"7014854",371863,2025-06-24 15:41:15,43.3686599731445,-8.96671867370605,"Unknown"
"7014854",371863,2025-06-24 15:46:44,43.3580436706543,-8.97377014160156,"Unknown"
"7014854",371863,2025-06-24 15:51:15,43.3500328063965,-8.97941112518311,"Unknown"
"7014854",371863,2025-06-24 15:56:08,43.336669921875,-8.98751163482666,"Unknown"
"7014854",371863,2025-06-24 16:01:44,43.3236465454102,-8.99543476104736,"Unknown"
"7014854",371863,2025-06-24 16:06:08,43.3132820129395,-9.00169944763184,"Unknown"
"7014854",371863,2025-06-24 16:11:18,43.312313079834,-9.00270366668701,"Unknown"
"7014854",371863,2025-06-24 16:16:10,43.3116111755371,-9.00321197509766,"Unknown"
"7014854",371863,2025-06-24 16:21:08,43.2985687255859,-9.00500679016113,"Unknown"
"7014854",371863,2025-06-24 16:26:08,43.294017791748,-8.96398067474365,"Unknown"
"7014854",371863,2025-06-24 16:31:11,43.2928733825684,-8.92492198944092,"Unknown"
"7014854",371863,2025-06-24 16:36:20,43.2927703857422,-8.92488384246826,"Unknown"
"7014854",371863,2025-06-24 16:41:20,43.2927856445312,-8.92498111724854,"Unknown"
"7014854",371863,2025-06-24 16:46:44,43.2926979064941,-8.92477321624756,"Unknown"
"7014854",371863,2025-06-24 16:51:35,43.2927665710449,-8.92481136322021,"Unknown"
"7014854",371863,2025-06-24 16:56:19,43.2927742004395,-8.9249095916748,"Unknown"
"7014854",371863,2025-06-24 17:01:19,43.2927742004395,-8.92479801177979,"Unknown"
"7014854",371863,2025-06-24 17:06:08,43.2981033325195,-8.91530990600586,"Unknown"
"7014854",371863,2025-06-24 17:11:12,43.3212890625,-8.90680599212646,"Unknown"
"7014854",371863,2025-06-24 17:16:10,43.3174057006836,-8.88246917724609,"Unknown"
"7014854",371863,2025-06-24 17:21:20,43.3138084411621,-8.85702991485596,"Unknown"
"7014854",371863,2025-06-24 17:26:24,43.3141555786133,-8.85692024230957,"Unknown"
"7014854",371863,2025-06-24 17:31:20,43.3142166137695,-8.85701370239258,"Unknown"
"7014854",371863,2025-06-24 17:36:19,43.3141937255859,-8.85702419281006,"Unknown"
"7014854",371863,2025-06-24 17:41:36,43.3311004638672,-8.85287857055664,"Unknown"
"7014854",371863,2025-06-24 17:46:07,43.3589859008789,-8.84648704528809,"Unknown"
"7014854",371863,2025-06-24 17:51:11,43.3601913452148,-8.84106254577637,"Unknown"
"7014854",371863,2025-06-24 17:56:12,43.3599548339844,-8.84054660797119,"Unknown"
"7014854",371863,2025-06-24 18:01:35,43.3602447509766,-8.84102153778076,"Unknown"
"7014854",371863,2025-06-24 18:06:08,43.3602752685547,-8.84109687805176,"Unknown"
"7014854",371863,2025-06-24 18:11:07,43.3602676391602,-8.84106349945068,"Unknown"
"7014854",371863,2025-06-24 18:16:12,43.3602714538574,-8.84098339080811,"Unknown"
"7014854",371863,2025-06-24 18:21:07,43.3602485656738,-8.84104347229004,"Unknown"
"7014854",371863,2025-06-24 18:26:09,43.3602447509766,-8.84097194671631,"Unknown"
"7014854",371863,2025-06-24 18:31:07,43.3601379394531,-8.84094715118408,"Unknown"
"7014854",371863,2025-06-24 18:36:08,43.3604125976562,-8.84119319915771,"Unknown"
"7014854",371863,2025-06-24 18:41:09,43.3603172302246,-8.8410472869873,"Unknown"
"7014854",371863,2025-06-24 18:46:08,43.3603668212891,-8.84106254577637,"Unknown"
"7014854",371863,2025-06-24 18:51:09,43.3601188659668,-8.84081268310547,"Unknown"
"7014854",371863,2025-06-24 18:56:18,43.3600730895996,-8.84111022949219,"Unknown"
"7014854",371863,2025-06-24 19:01:13,43.3601837158203,-8.84106159210205,"Unknown"
"7014854",371863,2025-06-24 19:06:13,43.3602714538574,-8.84105968475342,"Unknown"
"7014854",371863,2025-06-24 19:11:11,43.3602180480957,-8.84098529815674,"Unknown"
"7014854",371863,2025-06-24 19:16:18,43.3602104187012,-8.84101390838623,"Unknown"
"7014854",371863,2025-06-24 19:21:08,43.3602600097656,-8.84095096588135,"Unknown"
"7014854",371863,2025-06-24 19:26:18,43.3602256774902,-8.8409423828125,"Unknown"
"7014854",371863,2025-06-24 19:31:18,43.3602638244629,-8.84097099304199,"Unknown"
"7014854",371863,2025-06-24 19:36:10,43.3606491088867,-8.84179306030273,"Unknown"
"7014854",371863,2025-06-24 19:41:18,43.3602676391602,-8.84100723266602,"Unknown"
"7014854",371863,2025-06-24 19:46:35,43.360294342041,-8.84092712402344,"Unknown"
"7014854",371863,2025-06-24 19:51:07,43.3603553771973,-8.84091758728027,"Unknown"
"7014854",371863,2025-06-24 19:56:08,43.3602561950684,-8.84096145629883,"Unknown"
"7014854",371863,2025-06-24 20:01:08,43.3602066040039,-8.84089946746826,"Unknown"
"7014854",371863,2025-06-24 20:06:08,43.3603134155273,-8.84084701538086,"Unknown"
"7014854",371863,2025-06-24 20:11:10,43.3602905273438,-8.84096431732178,"Unknown"
"7014854",371863,2025-06-24 20:16:07,43.3602561950684,-8.84084892272949,"Unknown"
"7014854",371863,2025-06-24 20:21:07,43.3602638244629,-8.84081363677979,"Unknown"
"7014854",371863,2025-06-24 20:26:08,43.3602638244629,-8.84083938598633,"Unknown"
"7014854",371863,2025-06-24 20:31:08,43.3603248596191,-8.84090137481689,"Unknown"
"7014854",371863,2025-06-24 20:36:08,43.3602714538574,-8.84086990356445,"Unknown"
"7014854",371863,2025-06-24 20:41:08,43.360221862793,-8.84087657928467,"Unknown"
"7014854",371863,2025-06-24 20:46:09,43.3602905273438,-8.84080791473389,"Unknown"
"7014854",371863,2025-06-24 20:51:09,43.3603096008301,-8.8408145904541,"Unknown"
"7014854",371863,2025-06-24 20:56:07,43.3603096008301,-8.84091186523438,"Unknown"
"7014854",371863,2025-06-24 21:01:16,43.3602561950684,-8.84091663360596,"Unknown"
"7014854",371863,2025-06-24 21:06:10,43.3602638244629,-8.84085655212402,"Unknown"
"7014854",371863,2025-06-24 21:11:08,43.3602523803711,-8.84090614318848,"Unknown"
"7014854",371863,2025-06-24 21:16:11,43.3600425720215,-8.84082508087158,"Unknown"
"7014854",371863,2025-06-24 21:21:24,43.3601608276367,-8.84086513519287,"Unknown"
"7014854",371863,2025-06-24 21:26:07,43.3602027893066,-8.84085655212402,"Unknown"
"7014854",371863,2025-06-24 21:31:07,43.3602104187012,-8.84086990356445,"Unknown"
"7014854",371863,2025-06-24 21:36:07,43.3602104187012,-8.84088325500488,"Unknown"
"7014854",371863,2025-06-24 21:41:07,43.360221862793,-8.84088897705078,"Unknown"
"7014854",371863,2025-06-24 21:46:07,43.3602447509766,-8.84089469909668,"Unknown"
"7014854",371863,2025-06-24 21:51:07,43.3602752685547,-8.84091472625732,"Unknown"
"7014854",371863,2025-06-24 21:56:07,43.3602333068848,-8.84098052978516,"Unknown"
"7014854",371863,2025-06-24 22:01:09,43.360179901123,-8.84079647064209,"Unknown"
"7014854",371863,2025-06-24 22:06:13,43.3598213195801,-8.84128761291504,"Unknown"
"7014854",371863,2025-06-24 22:11:10,43.360107421875,-8.84033298492432,"Unknown"
"7014854",371863,2025-06-24 22:16:12,43.3602867126465,-8.84073829650879,"Unknown"
"7014854",371863,2025-06-24 22:21:12,43.3602523803711,-8.84090805053711,"Unknown"
"7014854",371863,2025-06-24 22:26:12,43.3602714538574,-8.8409252166748,"Unknown"
"7014854",371863,2025-06-24 22:31:17,43.3603858947754,-8.84115314483643,"Unknown"
"7014854",371863,2025-06-24 22:36:11,43.3602828979492,-8.84101867675781,"Unknown"
"7014854",371863,2025-06-24 22:41:35,43.3602676391602,-8.84093189239502,"Unknown"
"7014854",371863,2025-06-24 22:46:07,43.3602828979492,-8.84089279174805,"Unknown"
"7014854",371863,2025-06-24 22:51:07,43.3603515625,-8.84101295471191,"Unknown"
"7014854",371863,2025-06-24 22:56:07,43.3602561950684,-8.84099864959717,"Unknown"
"7014854",371863,2025-06-24 23:01:07,43.3603553771973,-8.8410177230835,"Unknown"
"7014854",371863,2025-06-24 23:06:07,43.3602447509766,-8.84097576141357,"Unknown"
"7014854",371863,2025-06-24 23:11:07,43.3602180480957,-8.84093379974365,"Unknown"
"7014854",371863,2025-06-24 23:16:07,43.3603324890137,-8.84102630615234,"Unknown"
"7014854",371863,2025-06-24 23:21:08,43.3603057861328,-8.84144592285156,"Unknown"
"7014854",371863,2025-06-24 23:26:07,43.3603553771973,-8.84114265441895,"Unknown"
"7014854",371863,2025-06-24 23:31:08,43.3603248596191,-8.84101009368896,"Unknown"
"7014854",371863,2025-06-24 23:36:08,43.3604354858398,-8.84120273590088,"Unknown"
"7014854",371863,2025-06-24 23:41:08,43.3603973388672,-8.84115791320801,"Unknown"
"7014854",371863,2025-06-24 23:46:09,43.3602752685547,-8.84100532531738,"Unknown"
"7014854",371863,2025-06-24 23:51:07,43.3603019714355,-8.84098052978516,"Unknown"
"7014854",371863,2025-06-24 23:56:07,43.3602638244629,-8.84092140197754,"Unknown"
"7014854",371863,2025-06-25 00:01:08,43.3602523803711,-8.84096336364746,"Unknown"
"7014854",371863,2025-06-25 00:06:08,43.3602676391602,-8.84096908569336,"Unknown"
"7014854",371863,2025-06-25 00:11:20,43.3602676391602,-8.84091663360596,"Unknown"
"7014854",371863,2025-06-25 00:16:12,43.3602638244629,-8.84094333648682,"Unknown"
"7014854",371863,2025-06-25 00:21:22,43.3603248596191,-8.84098148345947,"Unknown"
"7014854",371863,2025-06-25 00:26:08,43.3602714538574,-8.84092426300049,"Unknown"
"7014854",371863,2025-06-25 00:31:16,43.3602714538574,-8.84090423583984,"Unknown"
"7014854",371863,2025-06-25 00:36:16,43.3602561950684,-8.84090614318848,"Unknown"
"7014854",371863,2025-06-25 00:41:16,43.3602600097656,-8.84095478057861,"Unknown"
"7014854",371863,2025-06-25 00:46:19,43.3602104187012,-8.84091186523438,"Unknown"
"7014854",371863,2025-06-25 00:51:35,43.3603096008301,-8.8408784866333,"Unknown"
"7014854",371863,2025-06-25 00:56:20,43.3603057861328,-8.84083557128906,"Unknown"
"7014854",371863,2025-06-25 01:01:26,43.3603935241699,-8.84095478057861,"Unknown"
"7014854",371863,2025-06-25 01:06:12,43.3603744506836,-8.84089088439941,"Unknown"
"7014854",371863,2025-06-25 01:11:18,43.3603935241699,-8.84085273742676,"Unknown"
"7014854",371863,2025-06-25 01:16:08,43.3602905273438,-8.84103965759277,"Unknown"
"7014854",371863,2025-06-25 01:21:09,43.3604888916016,-8.84088039398193,"Unknown"
"7014854",371863,2025-06-25 01:26:09,43.3604774475098,-8.84094429016113,"Unknown"
"7014854",371863,2025-06-25 01:31:11,43.3604431152344,-8.84095859527588,"Unknown"
"7014854",371863,2025-06-25 01:36:09,43.3603744506836,-8.8409538269043,"Unknown"
"7014854",371863,2025-06-25 01:41:09,43.3603668212891,-8.84095191955566,"Unknown"
"7014854",371863,2025-06-25 01:46:08,43.3603477478027,-8.84102058410645,"Unknown"
"7014854",371863,2025-06-25 01:51:09,43.3602676391602,-8.84090900421143,"Unknown"
"7014854",371863,2025-06-25 01:56:10,43.3602256774902,-8.84088134765625,"Unknown"
"7014854",371863,2025-06-25 02:01:10,43.3602447509766,-8.84091663360596,"Unknown"
"7014854",371863,2025-06-25 02:06:08,43.3602561950684,-8.84087371826172,"Unknown"
"7014854",371863,2025-06-25 02:11:09,43.3602447509766,-8.84090423583984,"Unknown"
"7014854",371863,2025-06-25 02:16:10,43.3601760864258,-8.84081268310547,"Unknown"
"7014854",371863,2025-06-25 02:21:10,43.3601150512695,-8.84075260162354,"Unknown"
"7014854",371863,2025-06-25 02:26:10,43.3603363037109,-8.84103584289551,"Unknown"
"7014854",371863,2025-06-25 02:31:08,43.3603172302246,-8.84099769592285,"Unknown"
"7014854",371863,2025-06-25 02:36:09,43.3595809936523,-8.84000778198242,"Unknown"
"7014854",371863,2025-06-25 02:41:11,43.3607482910156,-8.84091281890869,"Unknown"
"7014854",371863,2025-06-25 02:46:10,43.3607215881348,-8.84090328216553,"Unknown"
"7014854",371863,2025-06-25 02:51:09,43.3602905273438,-8.84129905700684,"Unknown"
"7014854",371863,2025-06-25 02:56:10,43.3604393005371,-8.84069061279297,"Unknown"
"7014854",371863,2025-06-25 03:01:09,43.3601951599121,-8.84074211120605,"Unknown"
"7014854",371863,2025-06-25 03:06:11,43.3602256774902,-8.84074878692627,"Unknown"
"7014854",371863,2025-06-25 03:11:08,43.3602066040039,-8.84078025817871,"Unknown"
"7014854",371863,2025-06-25 03:16:09,43.3601913452148,-8.84063720703125,"Unknown"
"7014854",371863,2025-06-25 03:21:08,43.359977722168,-8.84067058563232,"Unknown"
"7014854",371863,2025-06-25 03:26:10,43.3609428405762,-8.84175300598145,"Unknown"
"7014854",371863,2025-06-25 03:31:11,43.3596038818359,-8.84072494506836,"Unknown"
"7014854",371863,2025-06-25 03:36:08,43.3596954345703,-8.84089946746826,"Unknown"
"7014854",371863,2025-06-25 03:41:08,43.3596725463867,-8.84082508087158,"Unknown"
"7014854",371863,2025-06-25 03:46:09,43.3597793579102,-8.84090709686279,"Unknown"
"7014854",371863,2025-06-25 03:51:10,43.359748840332,-8.84084796905518,"Unknown"
"7014854",371863,2025-06-25 03:56:09,43.360034942627,-8.84088516235352,"Unknown"
"7014854",371863,2025-06-25 04:01:09,43.3597145080566,-8.8408727645874,"Unknown"
"7014854",371863,2025-06-25 04:06:10,43.3610992431641,-8.83965969085693,"Unknown"
"7014854",371863,2025-06-25 04:11:09,43.3602561950684,-8.8411693572998,"Unknown"
"7014854",371863,2025-06-25 04:16:10,43.3602752685547,-8.8408145904541,"Unknown"
"7014854",371863,2025-06-25 04:21:12,43.3603401184082,-8.84092235565186,"Unknown"
"7014854",371863,2025-06-25 04:26:11,43.3603897094727,-8.84073543548584,"Unknown"
"7014854",371863,2025-06-25 04:31:10,43.3602256774902,-8.84051036834717,"Unknown"
"7014854",371863,2025-06-25 04:36:10,43.3603324890137,-8.8405876159668,"Unknown"
"7014854",371863,2025-06-25 04:41:15,43.3601608276367,-8.84077930450439,"Unknown"
"7014854",371863,2025-06-25 04:46:10,43.359992980957,-8.84077072143555,"Unknown"
"7014854",371863,2025-06-25 04:51:10,43.3604927062988,-8.84096240997314,"Unknown"
"7014854",371863,2025-06-25 04:56:09,43.3604278564453,-8.84089088439941,"Unknown"
"7014854",371863,2025-06-25 05:01:08,43.3599472045898,-8.84116840362549,"Unknown"
"7014854",371863,2025-06-25 05:06:09,43.3600654602051,-8.84103393554688,"Unknown"
"7014854",371863,2025-06-25 05:11:09,43.3600158691406,-8.84105968475342,"Unknown"
"7014854",371863,2025-06-25 05:16:08,43.3603897094727,-8.84085273742676,"Unknown"
"7014854",371863,2025-06-25 05:21:09,43.360481262207,-8.84093189239502,"Unknown"
"7014854",371863,2025-06-25 05:26:08,43.3602981567383,-8.84088611602783,"Unknown"
"7014854",371863,2025-06-25 05:31:10,43.3600997924805,-8.84105396270752,"Unknown"
"7014854",371863,2025-06-25 05:36:11,43.3602867126465,-8.84106636047363,"Unknown"
"7014854",371863,2025-06-25 05:41:09,43.360294342041,-8.84081363677979,"Unknown"
"7014854",371863,2025-06-25 05:46:09,43.3602294921875,-8.84068775177002,"Unknown"
"7014854",371863,2025-06-25 05:51:12,43.3602104187012,-8.84062576293945,"Unknown"
"7014854",371863,2025-06-25 05:56:09,43.3604698181152,-8.84098625183105,"Unknown"
"7014854",371863,2025-06-25 06:01:12,43.3604583740234,-8.84099388122559,"Unknown"
"7014854",371863,2025-06-25 06:06:16,43.3604507446289,-8.84087371826172,"Unknown"
"7014854",371863,2025-06-25 06:11:11,43.3603782653809,-8.84082984924316,"Unknown"
"7014854",371863,2025-06-25 06:16:09,43.3605651855469,-8.84090709686279,"Unknown"
"7014854",371863,2025-06-25 06:21:08,43.3605804443359,-8.84095478057861,"Unknown"
"7014854",371863,2025-06-25 06:26:09,43.3604850769043,-8.84095573425293,"Unknown"
"7014854",371863,2025-06-25 06:31:18,43.3605155944824,-8.84094333648682,"Unknown"
"7014854",371863,2025-06-25 06:36:08,43.3606834411621,-8.84070110321045,"Unknown"
"7014854",371863,2025-06-25 06:41:18,43.360466003418,-8.84115982055664,"Unknown"
"7014854",371863,2025-06-25 06:46:09,43.3605651855469,-8.84074783325195,"Unknown"
"7014854",371863,2025-06-25 06:51:15,43.3601379394531,-8.8409538269043,"Unknown"
"7014854",371863,2025-06-25 06:56:15,43.3599853515625,-8.84087944030762,"Unknown"
"7014854",371863,2025-06-25 07:01:10,43.3593635559082,-8.84142398834229,"Unknown"
"7014854",371863,2025-06-25 07:06:12,43.359992980957,-8.84079837799072,"Unknown"
"7014854",371863,2025-06-25 07:11:10,43.3599281311035,-8.84077930450439,"Unknown"
"7014854",371863,2025-06-25 07:16:09,43.3599014282227,-8.84079456329346,"Unknown"
"7014854",371863,2025-06-25 07:21:10,43.3598327636719,-8.8408317565918,"Unknown"
"7014854",371863,2025-06-25 07:26:11,43.3597259521484,-8.84059238433838,"Unknown"
"7014854",371863,2025-06-25 07:31:15,43.3603820800781,-8.8406867980957,"Unknown"
"7014854",371863,2025-06-25 07:36:13,43.3604927062988,-8.84063911437988,"Unknown"
"7014854",371863,2025-06-25 07:41:11,43.3597373962402,-8.84150123596191,"Unknown"
"7014854",371863,2025-06-25 07:46:09,43.359691619873,-8.84124755859375,"Unknown"
"7014854",371863,2025-06-25 07:51:17,43.3603324890137,-8.84064674377441,"Unknown"
"7014854",371863,2025-06-25 07:56:08,43.3603363037109,-8.84075546264648,"Unknown"
"7014854",371863,2025-06-25 08:01:11,43.3599166870117,-8.84106349945068,"Unknown"
"7014854",371863,2025-06-25 08:06:09,43.3598556518555,-8.84106731414795,"Unknown"
"7014854",371863,2025-06-25 08:11:09,43.3597946166992,-8.84085750579834,"Unknown"
"7014854",371863,2025-06-25 08:16:09,43.3598251342773,-8.84068584442139,"Unknown"
"7014854",371863,2025-06-25 08:21:09,43.359920501709,-8.84086227416992,"Unknown"
"7014854",371863,2025-06-25 08:26:11,43.35986328125,-8.84077262878418,"Unknown"
"7014854",371863,2025-06-25 08:31:13,43.359806060791,-8.84059715270996,"Unknown"
"7014854",371863,2025-06-25 08:36:09,43.3598709106445,-8.84072399139404,"Unknown"
"7014854",371863,2025-06-25 08:41:08,43.3598251342773,-8.84063053131104,"Unknown"
"7014854",371863,2025-06-25 08:46:08,43.3599891662598,-8.84049510955811,"Unknown"
"7014854",371863,2025-06-25 08:51:09,43.3599052429199,-8.84050273895264,"Unknown"
"7014854",371863,2025-06-25 08:56:09,43.3601303100586,-8.84036540985107,"Unknown"
"7014854",371863,2025-06-25 09:01:09,43.3600845336914,-8.84032440185547,"Unknown"
"7014854",371863,2025-06-25 09:06:09,43.3601303100586,-8.84012222290039,"Unknown"
"7014854",371863,2025-06-25 09:11:09,43.3606376647949,-8.84088230133057,"Unknown"
"7014854",371863,2025-06-25 09:16:08,43.3610687255859,-8.83973693847656,"Unknown"
"7014854",371863,2025-06-25 09:21:09,43.360595703125,-8.83997631072998,"Unknown"
"7014854",371863,2025-06-25 09:26:11,43.3602523803711,-8.84069442749023,"Unknown"
"7014854",371863,2025-06-25 09:31:12,43.3608245849609,-8.84062004089355,"Unknown"
"7014854",371863,2025-06-25 09:36:08,43.3603553771973,-8.84067344665527,"Unknown"
"7014854",371863,2025-06-25 09:41:09,43.3603210449219,-8.8407621383667,"Unknown"
"7014854",371863,2025-06-25 09:46:08,43.3603668212891,-8.84062194824219,"Unknown"
"7014854",371863,2025-06-25 09:51:08,43.36083984375,-8.84102344512939,"Unknown"
"7014854",371863,2025-06-25 09:56:08,43.3602447509766,-8.84072208404541,"Unknown"
"7014854",371863,2025-06-25 10:01:08,43.3605155944824,-8.84054088592529,"Unknown"
"7014854",371863,2025-06-25 10:06:08,43.3513450622559,-8.83536052703857,"Unknown"
"7014854",371863,2025-06-25 10:11:08,43.3255348205566,-8.84257316589355,"Unknown"
"7014854",371863,2025-06-25 10:16:08,43.3049240112305,-8.84373474121094,"Unknown"
"7014854",371863,2025-06-25 10:21:10,43.2945709228516,-8.83955192565918,"Unknown"
"7014854",371863,2025-06-25 10:26:11,43.2941284179688,-8.84035587310791,"Unknown"
"7014854",371863,2025-06-25 10:31:08,43.2950744628906,-8.84067916870117,"Unknown"
"7014854",371863,2025-06-25 10:36:12,43.294734954834,-8.83959102630615,"Unknown"
"7014854",371863,2025-06-25 10:41:11,43.2942085266113,-8.83903121948242,"Unknown"
"7014854",371863,2025-06-25 10:46:10,43.2944755554199,-8.83929634094238,"Unknown"
"7014854",371863,2025-06-25 10:51:20,43.2946472167969,-8.83920764923096,"Unknown"
"7014854",371863,2025-06-25 10:56:08,43.2945251464844,-8.83876800537109,"Unknown"
"7014854",371863,2025-06-25 11:01:09,43.2945442199707,-8.8393383026123,"Unknown"
"7014854",371863,2025-06-25 11:06:11,43.2946968078613,-8.8389835357666,"Unknown"
"7014854",371863,2025-06-25 11:11:09,43.2943916320801,-8.83957481384277,"Unknown"
"7014854",371863,2025-06-25 11:16:48,43.2942886352539,-8.83934211730957,"Unknown"
"7014854",371863,2025-06-25 11:21:10,43.2944145202637,-8.83953189849854,"Unknown"
"7014854",371863,2025-06-25 11:26:11,43.2945861816406,-8.83937931060791,"Unknown"
"7014854",371863,2025-06-25 11:31:10,43.2945976257324,-8.83938789367676,"Unknown"
"7014854",371863,2025-06-25 11:36:08,43.2943458557129,-8.83930683135986,"Unknown"
"7014854",371863,2025-06-25 11:41:08,43.3045501708984,-8.84498882293701,"Unknown"
"7014854",371863,2025-06-25 11:46:08,43.2982406616211,-8.86391448974609,"Unknown"
"7014854",371863,2025-06-25 11:51:09,43.3183097839355,-8.84583282470703,"Unknown"
"7014854",371863,2025-06-25 11:56:08,43.3613967895508,-8.83104038238525,"Unknown"
"7014854",371863,2025-06-25 12:01:09,43.3734016418457,-8.84816455841064,"Unknown"
"7014854",371863,2025-06-25 12:06:09,43.3653907775879,-8.84779739379883,"Unknown"
"7014854",371863,2025-06-25 12:11:09,43.3596038818359,-8.84016895294189,"Unknown"
"7014854",371863,2025-06-25 12:16:08,43.3598442077637,-8.84032440185547,"Unknown"
"7014854",371863,2025-06-25 12:21:09,43.3603477478027,-8.84074020385742,"Unknown"
"7014854",371863,2025-06-25 12:26:08,43.3606376647949,-8.84012508392334,"Unknown"
"7014854",371863,2025-06-25 12:31:08,43.3601837158203,-8.84064769744873,"Unknown"
"7014854",371863,2025-06-25 12:36:09,43.3603515625,-8.84042644500732,"Unknown"
"7014854",371863,2025-06-25 12:41:09,43.3601837158203,-8.84085655212402,"Unknown"
"7014854",371863,2025-06-25 12:46:08,43.3605194091797,-8.84035301208496,"Unknown"
"7014854",371863,2025-06-25 12:51:08,43.3682441711426,-8.83674049377441,"Unknown"
"7014854",371863,2025-06-25 12:56:08,43.3686332702637,-8.81956958770752,"Unknown"
"7014854",371863,2025-06-25 13:01:09,43.3605613708496,-8.82217025756836,"Unknown"
"7014854",371863,2025-06-25 13:06:09,43.3462829589844,-8.82379722595215,"Unknown"
"7014854",371863,2025-06-25 13:11:08,43.3457260131836,-8.80687808990479,"Unknown"
"7014854",371863,2025-06-25 13:16:08,43.376579284668,-8.77245330810547,"Unknown"
"7014854",371863,2025-06-25 13:21:08,43.4198532104492,-8.72585773468018,"Unknown"
"7014854",371863,2025-06-25 13:26:08,43.4544296264648,-8.67164707183838,"Unknown"
"7014854",371863,2025-06-25 13:31:10,43.4600791931152,-8.66238021850586,"Unknown"
"7014854",371863,2025-06-25 13:36:09,43.4606285095215,-8.65663528442383,"Unknown"
"7014854",371863,2025-06-25 13:41:11,43.4611549377441,-8.65607929229736,"Unknown"
"7014854",371863,2025-06-25 13:46:08,43.4618301391602,-8.65351581573486,"Unknown"
"7014854",371863,2025-06-25 13:51:09,43.4663276672363,-8.62712955474854,"Unknown"
"7014854",371863,2025-06-25 13:56:11,43.468448638916,-8.62024116516113,"Unknown"
"7014854",371863,2025-06-25 14:01:12,43.469352722168,-8.61249828338623,"Unknown"
"7014854",371863,2025-06-25 14:06:10,43.4695167541504,-8.61186027526855,"Unknown"
"7014854",371863,2025-06-25 14:11:09,43.4729423522949,-8.59734439849854,"Unknown"
"7014854",371863,2025-06-25 14:16:09,43.4735679626465,-8.59387016296387,"Unknown"
"7014854",371863,2025-06-25 14:21:11,43.4738883972168,-8.59220027923584,"Unknown"
"7014854",371863,2025-06-25 14:26:10,43.4736633300781,-8.59325408935547,"Unknown"
"7014854",371863,2025-06-25 14:31:10,43.4737968444824,-8.5928955078125,"Unknown"
"7014854",371863,2025-06-25 14:36:09,43.4738540649414,-8.59281826019287,"Unknown"
"7014854",371863,2025-06-25 14:41:10,43.4737854003906,-8.59265613555908,"Unknown"
"7014854",371863,2025-06-25 14:46:10,43.4665069580078,-8.61335468292236,"Unknown"
"7014854",371863,2025-06-25 14:51:08,43.4497566223145,-8.62558364868164,"Unknown"
"7014854",371863,2025-06-25 14:56:08,43.4343757629395,-8.64311599731445,"Unknown"
"7014854",371863,2025-06-25 15:01:08,43.4205474853516,-8.66537761688232,"Unknown"
"7014854",371863,2025-06-25 15:06:08,43.4091415405273,-8.68900871276855,"Unknown"
"7014854",371863,2025-06-25 15:11:08,43.3945655822754,-8.70876407623291,"Unknown"
"7014854",371863,2025-06-25 15:16:08,43.3799209594727,-8.72511577606201,"Unknown"
"7014854",371863,2025-06-25 15:21:08,43.3669471740723,-8.74459743499756,"Unknown"
"7014854",371863,2025-06-25 15:26:09,43.3538627624512,-8.7519416809082,"Unknown"
"7014854",371863,2025-06-25 15:31:08,43.3344116210938,-8.75693607330322,"Unknown"
"7014854",371863,2025-06-25 15:36:09,43.3264694213867,-8.78280639648438,"Unknown"
"7014854",371863,2025-06-25 15:41:08,43.3212890625,-8.80310726165771,"Unknown"
"7014854",371863,2025-06-25 15:46:09,43.3200340270996,-8.82554531097412,"Unknown"
"7014854",371863,2025-06-25 15:51:08,43.3416481018066,-8.83098316192627,"Unknown"
"7014854",371863,2025-06-25 15:56:11,43.3605766296387,-8.84096050262451,"Unknown"
"7014854",371863,2025-06-25 16:01:10,43.360294342041,-8.84043884277344,"Unknown"
"7014854",371863,2025-06-25 16:06:11,43.3602294921875,-8.8407154083252,"Unknown"
"7014854",371863,2025-06-25 16:11:09,43.3605728149414,-8.84121894836426,"Unknown"
"7014854",371863,2025-06-25 16:16:08,43.3605613708496,-8.84117794036865,"Unknown"
"7014854",371863,2025-06-25 16:21:08,43.3605690002441,-8.84115791320801,"Unknown"
"7014854",371863,2025-06-25 16:26:08,43.360466003418,-8.84099769592285,"Unknown"
"7014854",371863,2025-06-25 16:31:08,43.3598594665527,-8.84335136413574,"Unknown"
"7014854",371863,2025-06-25 16:36:09,43.3718757629395,-8.81443500518799,"Unknown"
"7014854",371863,2025-06-25 16:41:11,43.3736839294434,-8.81600666046143,"Unknown"
"7014854",371863,2025-06-25 16:46:11,43.3735809326172,-8.81579399108887,"Unknown"
"7014854",371863,2025-06-25 16:51:08,43.3694610595703,-8.8140344619751,"Unknown"
"7014854",371863,2025-06-25 16:56:08,43.3705177307129,-8.81403064727783,"Unknown"
"7014854",371863,2025-06-25 17:01:08,43.362979888916,-8.82934856414795,"Unknown"
"7014854",371863,2025-06-25 17:06:11,43.3600654602051,-8.83995628356934,"Unknown"
"7014854",371863,2025-06-25 17:11:08,43.360668182373,-8.84095478057861,"Unknown"
"7014854",371863,2025-06-25 17:16:11,43.3604011535645,-8.84109687805176,"Unknown"
"7014854",371863,2025-06-25 17:21:09,43.3605728149414,-8.84091758728027,"Unknown"
"7014854",371863,2025-06-25 17:26:08,43.360237121582,-8.84005165100098,"Unknown"
"7014854",371863,2025-06-25 17:31:08,43.3605079650879,-8.84076881408691,"Unknown"
"7014854",371863,2025-06-25 17:36:09,43.3605690002441,-8.84084033966064,"Unknown"
"7014854",371863,2025-06-25 17:41:08,43.3605194091797,-8.84081840515137,"Unknown"
"7014854",371863,2025-06-25 17:46:11,43.3604316711426,-8.84071159362793,"Unknown"
"7014854",371863,2025-06-25 17:51:08,43.3607635498047,-8.84093475341797,"Unknown"
"7014854",371863,2025-06-25 17:56:09,43.3602905273438,-8.84023952484131,"Unknown"
"7014854",371863,2025-06-25 18:01:10,43.3607978820801,-8.84108257293701,"Unknown"
"7014854",371863,2025-06-25 18:06:08,43.3611755371094,-8.84144687652588,"Unknown"
"7014854",371863,2025-06-25 18:11:09,43.3609886169434,-8.84097862243652,"Unknown"
"7014854",371863,2025-06-25 18:16:08,43.3610191345215,-8.84101581573486,"Unknown"
"7014854",371863,2025-06-25 18:21:09,43.360912322998,-8.84115886688232,"Unknown"
"7014854",371863,2025-06-25 18:26:12,43.3610000610352,-8.8412504196167,"Unknown"
"7014854",371863,2025-06-25 18:31:10,43.3610191345215,-8.84091854095459,"Unknown"
"7014854",371863,2025-06-25 18:36:09,43.3608932495117,-8.84109973907471,"Unknown"
"7014854",371863,2025-06-25 18:41:08,43.3609352111816,-8.84109592437744,"Unknown"
"7014854",371863,2025-06-25 18:46:09,43.3609352111816,-8.84108924865723,"Unknown"
"7014854",371863,2025-06-25 18:51:08,43.3610496520996,-8.84098529815674,"Unknown"
"7014854",371863,2025-06-25 18:56:11,43.3586654663086,-8.83840274810791,"Unknown"
"7014854",371863,2025-06-25 19:01:10,43.3597602844238,-8.84206962585449,"Unknown"
"7014854",371863,2025-06-25 19:06:10,43.3607940673828,-8.8411922454834,"Unknown"
"7014854",371863,2025-06-25 19:11:08,43.3596496582031,-8.84191513061523,"Unknown"
"7014854",371863,2025-06-25 19:16:12,43.3590774536133,-8.83891296386719,"Unknown"
"7014854",371863,2025-06-25 19:21:09,43.3583183288574,-8.84298801422119,"Unknown"
"7014854",371863,2025-06-25 19:26:10,43.3589096069336,-8.84225845336914,"Unknown"
"7014854",371863,2025-06-25 19:31:09,43.3605804443359,-8.84067535400391,"Unknown"
"7014854",371863,2025-06-25 19:36:08,43.3599166870117,-8.8415355682373,"Unknown"
"7014854",371863,2025-06-25 19:41:09,43.3603630065918,-8.84101486206055,"Unknown"
"7014854",371863,2025-06-25 19:46:08,43.3605270385742,-8.84094905853271,"Unknown"
"7014854",371863,2025-06-25 19:51:08,43.3600654602051,-8.84145259857178,"Unknown"
"7014854",371863,2025-06-25 19:56:08,43.3604774475098,-8.84082984924316,"Unknown"
"7014854",371863,2025-06-25 20:01:08,43.3604888916016,-8.84097480773926,"Unknown"
"7014854",371863,2025-06-25 20:06:09,43.3606834411621,-8.84122467041016,"Unknown"
"7014854",371863,2025-06-25 20:11:08,43.3605690002441,-8.84111499786377,"Unknown"
"7014854",371863,2025-06-25 20:16:08,43.3605308532715,-8.84099674224854,"Unknown"
"7014854",371863,2025-06-25 20:21:08,43.3605155944824,-8.84093189239502,"Unknown"
"7014854",371863,2025-06-25 20:26:09,43.3606834411621,-8.84068393707275,"Unknown"
"7014854",371863,2025-06-25 20:31:09,43.3604774475098,-8.84070777893066,"Unknown"
"7014854",371863,2025-06-25 20:36:09,43.3605155944824,-8.84070110321045,"Unknown"
"7014854",371863,2025-06-25 20:41:08,43.3605422973633,-8.84070301055908,"Unknown"
"7014854",371863,2025-06-25 20:46:09,43.3605995178223,-8.84100437164307,"Unknown"
"7014854",371863,2025-06-25 20:51:10,43.3604316711426,-8.840744972229,"Unknown"
"7014854",371863,2025-06-25 20:56:09,43.3606147766113,-8.84090042114258,"Unknown"
"7014854",371863,2025-06-25 21:01:12,43.3602561950684,-8.84094142913818,"Unknown"
"7014854",371863,2025-06-25 21:06:09,43.3661651611328,-8.83196258544922,"Unknown"
"7014854",371863,2025-06-25 21:11:09,43.3677101135254,-8.80595779418945,"Unknown"
"7014854",371863,2025-06-25 21:16:16,43.367073059082,-8.80561256408691,"Unknown"
"7014854",371863,2025-06-25 21:21:09,43.3709907531738,-8.80227279663086,"Unknown"
"7014854",371863,2025-06-25 21:26:09,43.3709182739258,-8.7951831817627,"Unknown"
"7014854",371863,2025-06-25 21:31:09,43.3714218139648,-8.7946891784668,"Unknown"
"7014854",371863,2025-06-25 21:36:10,43.3708534240723,-8.79483604431152,"Unknown"
"7014854",371863,2025-06-25 21:41:09,43.3705062866211,-8.79464149475098,"Unknown"
"7014854",371863,2025-06-25 21:46:08,43.3655471801758,-8.80567073822021,"Unknown"
"7014854",371863,2025-06-25 21:51:08,43.3630027770996,-8.83705902099609,"Unknown"
"7014854",371863,2025-06-25 21:56:11,43.3608207702637,-8.84120082855225,"Unknown"
"7014854",371863,2025-06-25 22:01:08,43.3606719970703,-8.84085845947266,"Unknown"
"7014854",371863,2025-06-25 22:06:08,43.3607559204102,-8.84106063842773,"Unknown"
"7014854",371863,2025-06-25 22:11:08,43.3608474731445,-8.8412446975708,"Unknown"
"7014854",371863,2025-06-25 22:16:08,43.3607978820801,-8.84117984771729,"Unknown"
"7014854",371863,2025-06-25 22:21:08,43.3607597351074,-8.8412618637085,"Unknown"
"7014854",371863,2025-06-25 22:26:08,43.3607063293457,-8.84129047393799,"Unknown"
"7014854",371863,2025-06-25 22:31:08,43.360782623291,-8.84104919433594,"Unknown"
"7014854",371863,2025-06-25 22:36:08,43.360725402832,-8.84112644195557,"Unknown"
"7014854",371863,2025-06-25 22:41:09,43.3608131408691,-8.84133815765381,"Unknown"
"7014854",371863,2025-06-25 22:46:08,43.3607177734375,-8.84096717834473,"Unknown"
"7014854",371863,2025-06-25 22:51:08,43.3606224060059,-8.84104633331299,"Unknown"
"7014854",371863,2025-06-25 22:56:09,43.3610610961914,-8.84120178222656,"Unknown"
"7014854",371863,2025-06-25 23:01:08,43.3607444763184,-8.84090042114258,"Unknown"
"7014854",371863,2025-06-25 23:06:08,43.3606185913086,-8.84071731567383,"Unknown"
"7014854",371863,2025-06-25 23:11:08,43.3604278564453,-8.84053993225098,"Unknown"
"7014854",371863,2025-06-25 23:16:08,43.360481262207,-8.84065055847168,"Unknown"
"7014854",371863,2025-06-25 23:21:08,43.3604316711426,-8.84073162078857,"Unknown"
"7014854",371863,2025-06-25 23:26:08,43.3604469299316,-8.84076309204102,"Unknown"
"7014854",371863,2025-06-25 23:31:08,43.3604125976562,-8.8407678604126,"Unknown"
"7014854",371863,2025-06-25 23:36:08,43.3605194091797,-8.84081172943115,"Unknown"
"7014854",371863,2025-06-25 23:41:10,43.3604393005371,-8.84092807769775,"Unknown"
"7014854",371863,2025-06-25 23:46:08,43.3603935241699,-8.84060001373291,"Unknown"
"7014854",371863,2025-06-25 23:51:11,43.3605918884277,-8.84124660491943,"Unknown"
"7014854",371863,2025-06-25 23:56:08,43.360595703125,-8.84127426147461,"Unknown"
"7014854",371863,2025-06-26 00:01:10,43.3603096008301,-8.84046840667725,"Unknown"
"7014854",371863,2025-06-26 00:06:10,43.3600082397461,-8.83986663818359,"Unknown"
"7014854",371863,2025-06-26 00:11:08,43.3607177734375,-8.84125804901123,"Unknown"
"7014854",371863,2025-06-26 00:16:12,43.36083984375,-8.84135627746582,"Unknown"
"7014854",371863,2025-06-26 00:21:11,43.361198425293,-8.84185123443604,"Unknown"
"7014854",371863,2025-06-26 00:26:09,43.3609390258789,-8.84176731109619,"Unknown"
"7014854",371863,2025-06-26 00:31:09,43.360710144043,-8.84128761291504,"Unknown"
"7014854",371863,2025-06-26 00:36:11,43.3606796264648,-8.84127521514893,"Unknown"
"7014854",371863,2025-06-26 00:41:11,43.3606643676758,-8.84120559692383,"Unknown"
"7014854",371863,2025-06-26 00:46:13,43.360782623291,-8.84085273742676,"Unknown"
"7014854",371863,2025-06-26 00:51:09,43.3606109619141,-8.84124755859375,"Unknown"
"7014854",371863,2025-06-26 00:56:16,43.360767364502,-8.84119129180908,"Unknown"
"7014854",371863,2025-06-26 01:01:10,43.3605995178223,-8.84107494354248,"Unknown"
"7014854",371863,2025-06-26 01:06:10,43.3606414794922,-8.84104824066162,"Unknown"
"7014854",371863,2025-06-26 01:11:16,43.3606643676758,-8.84098815917969,"Unknown"
"7014854",371863,2025-06-26 01:16:13,43.3606414794922,-8.84102630615234,"Unknown"
"7014854",371863,2025-06-26 01:21:10,43.3605575561523,-8.84109973907471,"Unknown"
"7014854",371863,2025-06-26 01:26:09,43.360767364502,-8.84092807769775,"Unknown"
"7014854",371863,2025-06-26 01:31:13,43.3608932495117,-8.84111976623535,"Unknown"
"7014854",371863,2025-06-26 01:36:13,43.3612632751465,-8.84085273742676,"Unknown"
"7014854",371863,2025-06-26 01:41:10,43.3609809875488,-8.841139793396,"Unknown"
"7014854",371863,2025-06-26 01:46:13,43.3606452941895,-8.84099674224854,"Unknown"
"7014854",371863,2025-06-26 01:51:13,43.3608818054199,-8.8412504196167,"Unknown"
"7014854",371863,2025-06-26 01:56:15,43.3609237670898,-8.84127521514893,"Unknown"
"7014854",371863,2025-06-26 02:01:15,43.3610038757324,-8.84128379821777,"Unknown"
"7014854",371863,2025-06-26 02:06:10,43.3604927062988,-8.84104919433594,"Unknown"
"7014854",371863,2025-06-26 02:11:19,43.3610687255859,-8.8413724899292,"Unknown"
"7014854",371863,2025-06-26 02:16:32,43.3604431152344,-8.84094142913818,"Unknown"
"7014854",371863,2025-06-26 02:21:09,43.3600540161133,-8.8406867980957,"Unknown"
"7014854",371863,2025-06-26 02:26:11,43.3601684570312,-8.84078407287598,"Unknown"
"7014854",371863,2025-06-26 02:31:11,43.3600845336914,-8.84073066711426,"Unknown"
"7014854",371863,2025-06-26 02:36:10,43.360107421875,-8.84071922302246,"Unknown"
"7014854",371863,2025-06-26 02:41:10,43.359992980957,-8.8406229019165,"Unknown"
"7014854",371863,2025-06-26 02:46:07,43.360279083252,-8.84090995788574,"Unknown"
"7014854",371863,2025-06-26 02:51:09,43.3604202270508,-8.84099864959717,"Unknown"
"7014854",371863,2025-06-26 02:56:09,43.360538482666,-8.84110450744629,"Unknown"
"7014854",371863,2025-06-26 03:01:09,43.3604736328125,-8.8410472869873,"Unknown"
"7014854",371863,2025-06-26 03:06:08,43.3604545593262,-8.8410177230835,"Unknown"
"7014854",371863,2025-06-26 03:11:11,43.3604774475098,-8.84084415435791,"Unknown"
"7014854",371863,2025-06-26 03:16:11,43.3603744506836,-8.84095096588135,"Unknown"
"7014854",371863,2025-06-26 03:21:12,43.3603363037109,-8.84095001220703,"Unknown"
"7014854",371863,2025-06-26 03:26:10,43.3603210449219,-8.8409423828125,"Unknown"
"7014854",371863,2025-06-26 03:31:09,43.3603744506836,-8.84083652496338,"Unknown"
"7014854",371863,2025-06-26 03:36:08,43.3603439331055,-8.84086513519287,"Unknown"
"7014854",371863,2025-06-26 03:41:08,43.3601722717285,-8.84088325500488,"Unknown"
"7014854",371863,2025-06-26 03:46:08,43.3602600097656,-8.84101867675781,"Unknown"
"7014854",371863,2025-06-26 03:51:08,43.3602752685547,-8.84099674224854,"Unknown"
"7014854",371863,2025-06-26 03:56:08,43.3735198974609,-8.80580043792725,"Unknown"
"7014854",371863,2025-06-26 04:01:11,43.3804244995117,-8.80418586730957,"Unknown"
"7014854",371863,2025-06-26 04:06:10,43.3812522888184,-8.80394554138184,"Unknown"
"7014854",371863,2025-06-26 04:11:09,43.3856010437012,-8.80782890319824,"Unknown"
"7014854",371863,2025-06-26 04:16:08,43.3796539306641,-8.816162109375,"Unknown"
"7014854",371863,2025-06-26 04:21:08,43.3631553649902,-8.83841323852539,"Unknown"
"7014854",371863,2025-06-26 04:26:09,43.3623733520508,-8.83938694000244,"Unknown"
"7014854",371863,2025-06-26 04:31:09,43.3624382019043,-8.8388147354126,"Unknown"
"7014854",371863,2025-06-26 04:36:09,43.3615913391113,-8.83790969848633,"Unknown"
"7014854",371863,2025-06-26 04:41:10,43.3604278564453,-8.84152793884277,"Unknown"
"7014854",371863,2025-06-26 04:46:09,43.3605499267578,-8.84159851074219,"Unknown"
"7014854",371863,2025-06-26 04:51:11,43.3601951599121,-8.84089183807373,"Unknown"
"7014854",371863,2025-06-26 04:56:12,43.3601722717285,-8.84076499938965,"Unknown"
"7014854",371863,2025-06-26 05:01:10,43.3602333068848,-8.84094047546387,"Unknown"
"7014854",371863,2025-06-26 05:06:08,43.3602523803711,-8.84091091156006,"Unknown"
"7014854",371863,2025-06-26 05:11:10,43.3601951599121,-8.84093570709229,"Unknown"
"7014854",371863,2025-06-26 05:16:11,43.3602561950684,-8.84104633331299,"Unknown"
"7014854",371863,2025-06-26 05:21:09,43.3603248596191,-8.84110355377197,"Unknown"
"7014854",371863,2025-06-26 05:26:08,43.3602256774902,-8.84084606170654,"Unknown"
"7014854",371863,2025-06-26 05:31:08,43.3602828979492,-8.84092998504639,"Unknown"
"7014854",371863,2025-06-26 05:36:09,43.3602981567383,-8.84103012084961,"Unknown"
"7014854",371863,2025-06-26 05:41:10,43.3602180480957,-8.84093952178955,"Unknown"
"7014854",371863,2025-06-26 05:46:10,43.3603897094727,-8.84107303619385,"Unknown"
"7014854",371863,2025-06-26 05:51:09,43.3602142333984,-8.84085464477539,"Unknown"
"7014854",371863,2025-06-26 05:56:08,43.3602256774902,-8.84086036682129,"Unknown"
"7014854",371863,2025-06-26 06:01:08,43.3601226806641,-8.84066295623779,"Unknown"
"7014854",371863,2025-06-26 06:06:12,43.3603096008301,-8.84115695953369,"Unknown"
"7014854",371863,2025-06-26 06:11:11,43.3602180480957,-8.84079360961914,"Unknown"
"7014854",371863,2025-06-26 06:16:10,43.3601303100586,-8.84072303771973,"Unknown"
"7014854",371863,2025-06-26 06:21:10,43.3601913452148,-8.840744972229,"Unknown"
"7014854",371863,2025-06-26 06:26:13,43.3601989746094,-8.84086132049561,"Unknown"
"7014854",371863,2025-06-26 06:31:12,43.3603019714355,-8.84053039550781,"Unknown"
"7014854",371863,2025-06-26 06:36:35,43.360179901123,-8.84056091308594,"Unknown"
"7014854",371863,2025-06-26 06:41:09,43.3599662780762,-8.84068584442139,"Unknown"
"7014854",371863,2025-06-26 06:46:11,43.3600120544434,-8.84052085876465,"Unknown"
"7014854",371863,2025-06-26 06:51:09,43.3600883483887,-8.84085083007812,"Unknown"
"7014854",371863,2025-06-26 06:56:09,43.3601493835449,-8.84073448181152,"Unknown"
"7014854",371863,2025-06-26 07:01:15,43.3600654602051,-8.84050369262695,"Unknown"
"7014854",371863,2025-06-26 07:06:13,43.3602752685547,-8.8407621383667,"Unknown"
"7014854",371863,2025-06-26 07:11:20,43.3602714538574,-8.84099197387695,"Unknown"
"7014854",371863,2025-06-26 07:16:35,43.360294342041,-8.84093284606934,"Unknown"
"7014854",371863,2025-06-26 07:21:07,43.3603324890137,-8.84088516235352,"Unknown"
"7014854",371863,2025-06-26 07:26:08,43.3603591918945,-8.84086227416992,"Unknown"
"7014854",371863,2025-06-26 07:31:07,43.3602333068848,-8.84101676940918,"Unknown"
"7014854",371863,2025-06-26 07:36:07,43.3602294921875,-8.84099102020264,"Unknown"
"7014854",371863,2025-06-26 07:41:07,43.3602600097656,-8.84092044830322,"Unknown"
"7014854",371863,2025-06-26 07:46:08,43.3601837158203,-8.84091854095459,"Unknown"
"7014854",371863,2025-06-26 07:51:08,43.3602561950684,-8.84098720550537,"Unknown"
"7014854",371863,2025-06-26 07:56:08,43.3602561950684,-8.84091663360596,"Unknown"
"7014854",371863,2025-06-26 08:01:10,43.3602714538574,-8.84099674224854,"Unknown"
"7014854",371863,2025-06-26 08:06:09,43.3602561950684,-8.84088516235352,"Unknown"
"7014854",371863,2025-06-26 08:11:09,43.360294342041,-8.84101676940918,"Unknown"
"7014854",371863,2025-06-26 08:16:08,43.3602981567383,-8.84092903137207,"Unknown"
"7014854",371863,2025-06-26 08:21:07,43.3602561950684,-8.84095668792725,"Unknown"
"7014854",371863,2025-06-26 08:26:36,43.3602600097656,-8.84096431732178,"Unknown"
"7014854",371863,2025-06-26 08:31:07,43.3602485656738,-8.84099292755127,"Unknown"
"7014854",371863,2025-06-26 08:36:07,43.3602600097656,-8.84097480773926,"Unknown"
"7014854",371863,2025-06-26 08:41:07,43.3602485656738,-8.84097766876221,"Unknown"
"7014854",371863,2025-06-26 08:46:07,43.3602714538574,-8.8409948348999,"Unknown"
"7014854",371863,2025-06-26 08:51:08,43.3602561950684,-8.84092998504639,"Unknown"
"7014854",371863,2025-06-26 08:56:08,43.3602447509766,-8.84096908569336,"Unknown"
"7014854",371863,2025-06-26 09:01:07,43.3603668212891,-8.84112739562988,"Unknown"
"7014854",371863,2025-06-26 09:06:08,43.3602447509766,-8.84089279174805,"Unknown"
"7014854",371863,2025-06-26 09:11:08,43.3603210449219,-8.84106826782227,"Unknown"
"7014854",371863,2025-06-26 09:16:11,43.3603324890137,-8.84108257293701,"Unknown"
"7014854",371863,2025-06-26 09:21:08,43.3586273193359,-8.84310436248779,"Unknown"
"7014854",371863,2025-06-26 09:26:10,43.3596839904785,-8.84183216094971,"Unknown"
"7014854",371863,2025-06-26 09:31:08,43.3602409362793,-8.84116172790527,"Unknown"
"7014854",371863,2025-06-26 09:36:08,43.3603515625,-8.8413143157959,"Unknown"
"7014854",371863,2025-06-26 09:41:18,43.3602561950684,-8.84092235565186,"Unknown"
"7014854",371863,2025-06-26 09:46:09,43.360294342041,-8.8411693572998,"Unknown"
"7014854",371863,2025-06-26 09:51:08,43.3602104187012,-8.84114074707031,"Unknown"
"7014854",371863,2025-06-26 09:56:14,43.3603591918945,-8.8410005569458,"Unknown"
"7014854",371863,2025-06-26 10:01:12,43.3603782653809,-8.84137058258057,"Unknown"
"7014854",371863,2025-06-26 10:06:35,43.3603477478027,-8.84095859527588,"Unknown"
"7014854",371863,2025-06-26 10:11:11,43.3603706359863,-8.84149742126465,"Unknown"
"7014854",371863,2025-06-26 10:16:16,43.3602867126465,-8.84096622467041,"Unknown"
"7014854",371863,2025-06-26 10:21:17,43.360237121582,-8.84092998504639,"Unknown"
"7014854",371863,2025-06-26 10:26:11,43.3603286743164,-8.84055137634277,"Unknown"
"7014854",371863,2025-06-26 10:31:19,43.3603057861328,-8.84098243713379,"Unknown"
"7014854",371863,2025-06-26 10:36:12,43.3603096008301,-8.84046173095703,"Unknown"
"7014854",371863,2025-06-26 10:41:19,43.3603515625,-8.84097480773926,"Unknown"
"7014854",371863,2025-06-26 10:46:08,43.3603324890137,-8.84121990203857,"Unknown"
"7014854",371863,2025-06-26 10:51:10,43.3604354858398,-8.84129524230957,"Unknown"
"7014854",371863,2025-06-26 10:56:10,43.3603172302246,-8.84104633331299,"Unknown"
"7014854",371863,2025-06-26 11:01:22,43.3598747253418,-8.8408374786377,"Unknown"
"7014854",371863,2025-06-26 11:06:19,43.3603210449219,-8.84097957611084,"Unknown"
"7014854",371863,2025-06-26 11:11:11,43.3602600097656,-8.8408088684082,"Unknown"
"7014854",371863,2025-06-26 11:16:24,43.3602638244629,-8.84096431732178,"Unknown"
"7014854",371863,2025-06-26 11:22:07,43.3602447509766,-8.84094047546387,"Unknown"
"7014854",371863,2025-06-26 11:26:21,43.3602561950684,-8.84094333648682,"Unknown"
"7014854",371863,2025-06-26 11:31:35,43.3602447509766,-8.8409538269043,"Unknown"
"7014854",371863,2025-06-26 11:36:08,43.3603439331055,-8.84095001220703,"Unknown"
"7014854",371863,2025-06-26 11:41:08,43.3602561950684,-8.84098148345947,"Unknown"
"7014854",371863,2025-06-26 11:46:09,43.3602638244629,-8.84092807769775,"Unknown"
"7014854",371863,2025-06-26 11:51:08,43.3603248596191,-8.84095573425293,"Unknown"
"7014854",371863,2025-06-26 11:56:08,43.360279083252,-8.84096050262451,"Unknown"
"7014854",371863,2025-06-26 12:01:09,43.3602180480957,-8.84090900421143,"Unknown"
"7014854",371863,2025-06-26 12:06:09,43.3602561950684,-8.84093761444092,"Unknown"
"7014854",371863,2025-06-26 12:11:09,43.3603324890137,-8.84095573425293,"Unknown"
"7014854",371863,2025-06-26 12:16:09,43.360164642334,-8.84090042114258,"Unknown"
"7014854",371863,2025-06-26 12:21:08,43.3603019714355,-8.8409538269043,"Unknown"
"7014854",371863,2025-06-26 12:26:12,43.3602638244629,-8.84085369110107,"Unknown"
"7014854",371863,2025-06-26 12:31:11,43.3602600097656,-8.8409423828125,"Unknown"
"7014854",371863,2025-06-26 12:36:19,43.3602905273438,-8.84094047546387,"Unknown"
"7014854",371863,2025-06-26 12:41:21,43.3603019714355,-8.84096431732178,"Unknown"
"7014854",371863,2025-06-26 12:46:53,43.3602142333984,-8.84093475341797,"Unknown"
"7014854",371863,2025-06-26 12:51:09,43.3598861694336,-8.84091377258301,"Unknown"
"7014854",371863,2025-06-26 12:56:09,43.3600044250488,-8.8410005569458,"Unknown"
"7014854",371863,2025-06-26 13:01:09,43.3603210449219,-8.84089088439941,"Unknown"
"7014854",371863,2025-06-26 13:06:18,43.3603363037109,-8.84093284606934,"Unknown"
"7014854",371863,2025-06-26 13:11:09,43.3613014221191,-8.84141159057617,"Unknown"
"7014854",371863,2025-06-26 13:16:09,43.3738555908203,-8.83209896087646,"Unknown"
"7014854",371863,2025-06-26 13:21:08,43.3738861083984,-8.83109188079834,"Unknown"
"7014854",371863,2025-06-26 13:26:10,43.3728408813477,-8.82982444763184,"Unknown"
"7014854",371863,2025-06-26 13:31:11,43.3668975830078,-8.82688331604004,"Unknown"
"7014854",371863,2025-06-26 13:36:57,43.3614158630371,-8.8338794708252,"Unknown"
"7014854",371863,2025-06-26 13:41:11,43.3613739013672,-8.83388614654541,"Unknown"
"7014854",371863,2025-06-26 13:46:12,43.3614234924316,-8.83384132385254,"Unknown"
"7014854",371863,2025-06-26 13:51:11,43.361255645752,-8.83387279510498,"Unknown"
"7014854",371863,2025-06-26 13:56:13,43.3614730834961,-8.83403968811035,"Unknown"
"7014854",371863,2025-06-26 14:01:20,43.3614501953125,-8.83398628234863,"Unknown"
"7014854",371863,2025-06-26 14:06:12,43.3612518310547,-8.83390712738037,"Unknown"
"7014854",371863,2025-06-26 14:11:09,43.3598480224609,-8.84649562835693,"Unknown"
"7014854",371863,2025-06-26 14:16:11,43.3601913452148,-8.84119987487793,"Unknown"
"7014854",371863,2025-06-26 14:21:10,43.360107421875,-8.84110450744629,"Unknown"
"7014854",371863,2025-06-26 14:26:11,43.3600921630859,-8.84099960327148,"Unknown"
"7014854",371863,2025-06-26 14:31:09,43.360107421875,-8.84101676940918,"Unknown"
"7014854",371863,2025-06-26 14:36:09,43.3601379394531,-8.84103775024414,"Unknown"
"7014854",371863,2025-06-26 14:41:09,43.3601684570312,-8.84106159210205,"Unknown"
"7014854",371863,2025-06-26 14:46:09,43.3601951599121,-8.84114265441895,"Unknown"
"7014854",371863,2025-06-26 14:51:09,43.3602142333984,-8.84126472473145,"Unknown"
"7014854",371863,2025-06-26 14:56:09,43.3605766296387,-8.84131050109863,"Unknown"
"7014854",371863,2025-06-26 15:01:09,43.3603172302246,-8.84103775024414,"Unknown"
"7014854",371863,2025-06-26 15:06:10,43.3603935241699,-8.84107685089111,"Unknown"
"7014854",371863,2025-06-26 15:11:10,43.3603782653809,-8.8410816192627,"Unknown"
"7014854",371863,2025-06-26 15:16:35,43.3603248596191,-8.84097671508789,"Unknown"
"7014854",371863,2025-06-26 15:21:11,43.3603057861328,-8.84100151062012,"Unknown"
"7014854",371863,2025-06-26 15:26:19,43.3602828979492,-8.84103775024414,"Unknown"
"7014854",371863,2025-06-26 15:31:19,43.3602561950684,-8.84091091156006,"Unknown"
"7014854",371863,2025-06-26 15:36:20,43.3602142333984,-8.8409252166748,"Unknown"
"7014854",371863,2025-06-26 15:41:20,43.3602027893066,-8.8409309387207,"Unknown"
"7014854",371863,2025-06-26 15:46:20,43.3600692749023,-8.84081172943115,"Unknown"
"7014854",371863,2025-06-26 15:51:19,43.3602333068848,-8.84095096588135,"Unknown"
"7014854",371863,2025-06-26 15:56:20,43.3608093261719,-8.84588146209717,"Unknown"
"7014854",371863,2025-06-26 16:01:19,43.3606414794922,-8.85799407958984,"Unknown"
"7014854",371863,2025-06-26 16:06:18,43.3550605773926,-8.88876152038574,"Unknown"
"7014854",371863,2025-06-26 16:11:18,43.3424758911133,-8.910231590271,"Unknown"
"7014854",371863,2025-06-26 16:16:26,43.329418182373,-8.93517398834229,"Unknown"
"7014854",371863,2025-06-26 16:21:44,43.3152618408203,-8.95821666717529,"Unknown"
"7014854",371863,2025-06-26 16:26:09,43.3070869445801,-8.97782611846924,"Unknown"
"7014854",371863,2025-06-26 16:32:05,43.3128509521484,-9.00946235656738,"Unknown"
"7014854",371863,2025-06-26 16:36:34,43.337272644043,-8.97032260894775,"Unknown"
"7014854",371863,2025-06-26 16:41:09,43.3563194274902,-8.91783142089844,"Unknown"
"7014854",371863,2025-06-26 16:46:08,43.3691749572754,-8.8575963973999,"Unknown"
"7014854",371863,2025-06-26 16:51:11,43.3733329772949,-8.85112953186035,"Unknown"
"7014854",371863,2025-06-26 16:56:14,43.3730049133301,-8.85136318206787,"Unknown"
"7014854",371863,2025-06-26 17:01:09,43.3622169494629,-8.84111499786377,"Unknown"
"7014854",371863,2025-06-26 17:06:28,43.3608360290527,-8.84402084350586,"Unknown"
"7014854",371863,2025-06-26 17:11:14,43.3602714538574,-8.84098052978516,"Unknown"
"7014854",371863,2025-06-26 17:16:09,43.3603973388672,-8.84098625183105,"Unknown"
"7014854",371863,2025-06-26 17:21:12,43.3603858947754,-8.84088516235352,"Unknown"
"7014854",371863,2025-06-26 17:26:08,43.3603477478027,-8.84099006652832,"Unknown"
"7014854",371863,2025-06-26 17:31:09,43.3603591918945,-8.84103584289551,"Unknown"
"7014854",371863,2025-06-26 17:36:14,43.3603515625,-8.8409481048584,"Unknown"
"7014854",371863,2025-06-26 17:41:09,43.3603668212891,-8.840895652771,"Unknown"
"7014854",371863,2025-06-26 17:46:11,43.3602828979492,-8.84096431732178,"Unknown"
"7014854",371863,2025-06-26 17:51:08,43.3601989746094,-8.84114933013916,"Unknown"
"7014854",371863,2025-06-26 17:56:11,43.3603630065918,-8.84103202819824,"Unknown"
"7014854",371863,2025-06-26 18:01:09,43.3603935241699,-8.8411111831665,"Unknown"
"7014854",371863,2025-06-26 18:06:09,43.3603363037109,-8.84111213684082,"Unknown"
"7014854",371863,2025-06-26 18:11:09,43.3603553771973,-8.84113883972168,"Unknown"
"7014854",371863,2025-06-26 18:16:09,43.3603668212891,-8.84113883972168,"Unknown"
"7014854",371863,2025-06-26 18:21:09,43.3603782653809,-8.84110260009766,"Unknown"
"7014854",371863,2025-06-26 18:26:10,43.3603782653809,-8.84109592437744,"Unknown"
"7014854",371863,2025-06-26 18:31:09,43.3603706359863,-8.84118175506592,"Unknown"
"7014854",371863,2025-06-26 18:36:09,43.3603172302246,-8.84121894836426,"Unknown"
"7014854",371863,2025-06-26 18:41:11,43.3602714538574,-8.84103488922119,"Unknown"
"7014854",371863,2025-06-26 18:46:10,43.3602828979492,-8.84103965759277,"Unknown"
"7014854",371863,2025-06-26 18:51:16,43.3602066040039,-8.84119701385498,"Unknown"
"7014854",371863,2025-06-26 18:56:13,43.3602638244629,-8.84104061126709,"Unknown"
"7014854",371863,2025-06-26 19:01:23,43.3601875305176,-8.84118843078613,"Unknown"
"7014854",371863,2025-06-26 19:06:14,43.3602447509766,-8.84107875823975,"Unknown"
"7014854",371863,2025-06-26 19:11:13,43.360294342041,-8.84097003936768,"Unknown"
"7014854",371863,2025-06-26 19:16:12,43.3602447509766,-8.84096622467041,"Unknown"
"7014854",371863,2025-06-26 19:21:11,43.3602104187012,-8.84101963043213,"Unknown"
"7014854",371863,2025-06-26 19:26:10,43.3602638244629,-8.84094142913818,"Unknown"
"7014854",371863,2025-06-26 19:31:11,43.3601188659668,-8.84072113037109,"Unknown"
"7014854",371863,2025-06-26 19:36:12,43.3620262145996,-8.84034252166748,"Unknown"
"7014854",371863,2025-06-26 19:41:12,43.3774719238281,-8.83918571472168,"Unknown"
"7014854",371863,2025-06-26 19:46:19,43.3748970031738,-8.83425712585449,"Unknown"
"7014854",371863,2025-06-26 19:51:19,43.3754806518555,-8.8346529006958,"Unknown"
"7014854",371863,2025-06-26 19:56:12,43.3608245849609,-8.84861755371094,"Unknown"
"7014854",371863,2025-06-26 20:01:11,43.348445892334,-8.87634086608887,"Unknown"
"7014854",371863,2025-06-26 20:06:19,43.347095489502,-8.87976264953613,"Unknown"
"7014854",371863,2025-06-26 20:11:12,43.3472480773926,-8.87950611114502,"Unknown"
"7014854",371863,2025-06-26 20:16:31,43.3473014831543,-8.87918853759766,"Unknown"
"7014854",371863,2025-06-26 20:21:12,43.3478698730469,-8.8786506652832,"Unknown"
"7014854",371863,2025-06-26 20:26:12,43.3476409912109,-8.87838172912598,"Unknown"
"7014854",371863,2025-06-26 20:31:11,43.348014831543,-8.88008880615234,"Unknown"
"7014854",371863,2025-06-26 20:36:12,43.3475608825684,-8.8809986114502,"Unknown"
"7014854",371863,2025-06-26 20:41:10,43.3481063842773,-8.87826156616211,"Unknown"
"7014854",371863,2025-06-26 20:46:10,43.3484687805176,-8.87240791320801,"Unknown"
"7014854",371863,2025-06-26 20:51:11,43.3607063293457,-8.84098243713379,"Unknown"
"7014854",371863,2025-06-26 20:56:15,43.3604736328125,-8.84094047546387,"Unknown"
"7014854",371863,2025-06-26 21:01:14,43.3607788085938,-8.84083366394043,"Unknown"
"7014854",371863,2025-06-26 21:06:12,43.3600845336914,-8.84067344665527,"Unknown"
"7014854",371863,2025-06-26 21:11:13,43.3601684570312,-8.84059143066406,"Unknown"
"7014854",371863,2025-06-26 21:16:10,43.3602294921875,-8.84063243865967,"Unknown"
"7014854",371863,2025-06-26 21:21:10,43.3603134155273,-8.84073543548584,"Unknown"
"7014854",371863,2025-06-26 21:26:14,43.3601493835449,-8.84063148498535,"Unknown"
"7014854",371863,2025-06-26 21:31:12,43.3604621887207,-8.84088706970215,"Unknown"
"7014854",371863,2025-06-26 21:36:11,43.3603057861328,-8.84077167510986,"Unknown"
"7014854",371863,2025-06-26 21:41:11,43.3602600097656,-8.84077072143555,"Unknown"
"7014854",371863,2025-06-26 21:46:10,43.3603248596191,-8.84074115753174,"Unknown"
"7014854",371863,2025-06-26 21:51:11,43.3603591918945,-8.84070873260498,"Unknown"
"7014854",371863,2025-06-26 21:56:15,43.3604774475098,-8.84069347381592,"Unknown"
"7014854",371863,2025-06-26 22:01:12,43.3602752685547,-8.8407621383667,"Unknown"
"7014854",371863,2025-06-26 22:06:12,43.360424041748,-8.84062767028809,"Unknown"
"7014854",371863,2025-06-26 22:11:11,43.3603630065918,-8.84077739715576,"Unknown"
"7014854",371863,2025-06-26 22:16:11,43.3603210449219,-8.84073734283447,"Unknown"
"7014854",371863,2025-06-26 22:21:10,43.3602867126465,-8.84073638916016,"Unknown"
"7014854",371863,2025-06-26 22:26:18,43.360164642334,-8.84076690673828,"Unknown"
"7014854",371863,2025-06-26 22:31:12,43.3602905273438,-8.8407039642334,"Unknown"
"7014854",371863,2025-06-26 22:36:11,43.3603172302246,-8.84068775177002,"Unknown"
"7014854",371863,2025-06-26 22:41:11,43.3603324890137,-8.84067344665527,"Unknown"
"7014854",371863,2025-06-26 22:46:19,43.3604049682617,-8.84064674377441,"Unknown"
"7014854",371863,2025-06-26 22:51:20,43.3603324890137,-8.84070587158203,"Unknown"
"7014854",371863,2025-06-26 22:56:19,43.3604431152344,-8.84068012237549,"Unknown"
"7014854",371863,2025-06-26 23:01:22,43.3604164123535,-8.84078788757324,"Unknown"
"7014854",371863,2025-06-26 23:06:14,43.3603630065918,-8.84073352813721,"Unknown"
"7014854",371863,2025-06-26 23:11:13,43.360221862793,-8.84078979492188,"Unknown"
"7014854",371863,2025-06-26 23:16:14,43.3603477478027,-8.84068965911865,"Unknown"
"7014854",371863,2025-06-26 23:21:14,43.3603324890137,-8.84071826934814,"Unknown"
"7014854",371863,2025-06-26 23:26:19,43.3602180480957,-8.84094047546387,"Unknown"
"7014854",371863,2025-06-26 23:31:19,43.3601951599121,-8.84092712402344,"Unknown"
"7014854",371863,2025-06-26 23:36:21,43.3602523803711,-8.84077262878418,"Unknown"
"7014854",371863,2025-06-26 23:41:23,43.3601379394531,-8.84075736999512,"Unknown"
"7014854",371863,2025-06-26 23:46:22,43.360179901123,-8.84085273742676,"Unknown"
"7014854",371863,2025-06-26 23:51:22,43.3601684570312,-8.84086990356445,"Unknown"
"7014854",371863,2025-06-26 23:56:13,43.3602905273438,-8.84088039398193,"Unknown"
"7014854",371863,2025-06-27 00:01:22,43.3601760864258,-8.84080123901367,"Unknown"
"7014854",371863,2025-06-27 00:06:19,43.3598899841309,-8.84107303619385,"Unknown"
"7014854",371863,2025-06-27 00:11:19,43.3601379394531,-8.84094429016113,"Unknown"
"7014854",371863,2025-06-27 00:16:25,43.3601264953613,-8.84093284606934,"Unknown"
"7014854",371863,2025-06-27 00:21:36,43.3602561950684,-8.84094333648682,"Unknown"
"7014854",371863,2025-06-27 00:26:12,43.360107421875,-8.84078788757324,"Unknown"
"7014854",371863,2025-06-27 00:31:10,43.3603248596191,-8.84091186523438,"Unknown"
"7014854",371863,2025-06-27 00:36:10,43.3600006103516,-8.84104919433594,"Unknown"
"7014854",371863,2025-06-27 00:41:14,43.3602409362793,-8.84090518951416,"Unknown"
"7014854",371863,2025-06-27 00:46:12,43.3603134155273,-8.84094142913818,"Unknown"
"7014854",371863,2025-06-27 00:51:14,43.3602294921875,-8.84091758728027,"Unknown"
"7014854",371863,2025-06-27 00:56:14,43.3602333068848,-8.84084701538086,"Unknown"
"7014854",371863,2025-06-27 01:01:13,43.3600692749023,-8.84082317352295,"Unknown"
"7014854",371863,2025-06-27 01:06:13,43.3603210449219,-8.8409481048584,"Unknown"
"7014854",371863,2025-06-27 01:11:19,43.360221862793,-8.8408842086792,"Unknown"
"7014854",371863,2025-06-27 01:16:10,43.3602333068848,-8.84086418151855,"Unknown"
"7014854",371863,2025-06-27 01:21:13,43.360237121582,-8.84081268310547,"Unknown"
"7014854",371863,2025-06-27 01:26:11,43.3602485656738,-8.84080505371094,"Unknown"
"7014854",371863,2025-06-27 01:31:11,43.3601570129395,-8.84075546264648,"Unknown"
"7014854",371863,2025-06-27 01:36:11,43.3603515625,-8.84114551544189,"Unknown"
"7014854",371863,2025-06-27 01:41:11,43.3601150512695,-8.84063148498535,"Unknown"
"7014854",371863,2025-06-27 01:46:13,43.3600463867188,-8.84059619903564,"Unknown"
"7014854",371863,2025-06-27 01:51:11,43.3600120544434,-8.8405647277832,"Unknown"
"7014854",371863,2025-06-27 01:56:11,43.3600120544434,-8.84048843383789,"Unknown"
"7014854",371863,2025-06-27 02:01:19,43.360107421875,-8.84071445465088,"Unknown"
"7014854",371863,2025-06-27 02:06:19,43.3600730895996,-8.84069347381592,"Unknown"
"7014854",371863,2025-06-27 02:11:19,43.3601570129395,-8.84071922302246,"Unknown"
"7014854",371863,2025-06-27 02:16:19,43.3601150512695,-8.84070777893066,"Unknown"
"7014854",371863,2025-06-27 02:21:19,43.3600387573242,-8.84065055847168,"Unknown"
"7014854",371863,2025-06-27 02:26:19,43.3600616455078,-8.84063625335693,"Unknown"
"7014854",371863,2025-06-27 02:31:19,43.360050201416,-8.84059238433838,"Unknown"
"7014854",371863,2025-06-27 02:36:19,43.3600387573242,-8.84060668945312,"Unknown"
"7014854",371863,2025-06-27 02:41:19,43.3600120544434,-8.84060478210449,"Unknown"
"7014854",371863,2025-06-27 02:46:19,43.3600120544434,-8.84060001373291,"Unknown"
"7014854",371863,2025-06-27 02:51:19,43.3600692749023,-8.84055137634277,"Unknown"
"7014854",371863,2025-06-27 02:56:19,43.3600425720215,-8.84056282043457,"Unknown"
"7014854",371863,2025-06-27 03:01:13,43.3603591918945,-8.84066867828369,"Unknown"
"7014854",371863,2025-06-27 03:06:10,43.3602867126465,-8.84083843231201,"Unknown"
"7014854",371863,2025-06-27 03:11:10,43.3602600097656,-8.84081840515137,"Unknown"
"7014854",371863,2025-06-27 03:16:10,43.3602333068848,-8.84080505371094,"Unknown"
"7014854",371863,2025-06-27 03:21:10,43.3602256774902,-8.84076976776123,"Unknown"
"7014854",371863,2025-06-27 03:26:10,43.3603286743164,-8.84072875976562,"Unknown"
"7014854",371863,2025-06-27 03:31:13,43.360294342041,-8.8408784866333,"Unknown"
"7014854",371863,2025-06-27 03:36:18,43.3604049682617,-8.84070873260498,"Unknown"
"7014854",371863,2025-06-27 03:41:16,43.3603286743164,-8.84093570709229,"Unknown"
"7014854",371863,2025-06-27 03:46:13,43.3603744506836,-8.8409309387207,"Unknown"
"7014854",371863,2025-06-27 03:51:18,43.3601036071777,-8.84137344360352,"Unknown"
"7014854",371863,2025-06-27 03:56:12,43.3601570129395,-8.84128189086914,"Unknown"
"7014854",371863,2025-06-27 04:01:35,43.3602447509766,-8.84094905853271,"Unknown"
"7014854",371863,2025-06-27 04:06:13,43.3603706359863,-8.84086036682129,"Unknown"
"7014854",371863,2025-06-27 04:11:35,43.3602523803711,-8.84094142913818,"Unknown"
"7014854",371863,2025-06-27 04:16:14,43.3606109619141,-8.84084510803223,"Unknown"
"7014854",371863,2025-06-27 04:21:12,43.3603248596191,-8.84090232849121,"Unknown"
"7014854",371863,2025-06-27 04:26:13,43.3603553771973,-8.84094524383545,"Unknown"
"7014854",371863,2025-06-27 04:31:10,43.3603286743164,-8.84089660644531,"Unknown"
"7014854",371863,2025-06-27 04:36:11,43.3603096008301,-8.84091949462891,"Unknown"
"7014854",371863,2025-06-27 04:41:10,43.3667182922363,-8.83586311340332,"Unknown"
"7014854",371863,2025-06-27 04:46:17,43.3680839538574,-8.83641910552979,"Unknown"
"7014854",371863,2025-06-27 04:51:13,43.362922668457,-8.83936309814453,"Unknown"
"7014854",371863,2025-06-27 04:57:33,43.3608474731445,-8.84371662139893,"Unknown"
"7014854",371863,2025-06-27 05:01:10,43.360725402832,-8.83798885345459,"Unknown"
"7014854",371863,2025-06-27 05:06:10,43.3601608276367,-8.84098529815674,"Unknown"
"7014854",371863,2025-06-27 05:11:10,43.3601150512695,-8.84098243713379,"Unknown"
"7014854",371863,2025-06-27 05:16:11,43.3601875305176,-8.84091663360596,"Unknown"
"7014854",371863,2025-06-27 05:21:11,43.3603591918945,-8.84087467193604,"Unknown"
"7014854",371863,2025-06-27 05:26:11,43.3602523803711,-8.84097194671631,"Unknown"
"7014854",371863,2025-06-27 05:31:10,43.3602828979492,-8.84095573425293,"Unknown"
"7014854",371863,2025-06-27 05:36:12,43.360050201416,-8.84087657928467,"Unknown"
"7014854",371863,2025-06-27 05:41:13,43.3601722717285,-8.84090805053711,"Unknown"
"7014854",371863,2025-06-27 05:46:12,43.360221862793,-8.84082221984863,"Unknown"
"7014854",371863,2025-06-27 05:51:11,43.3602523803711,-8.84084033966064,"Unknown"
"7014854",371863,2025-06-27 05:56:10,43.3602294921875,-8.84085750579834,"Unknown"
"7014854",371863,2025-06-27 06:01:11,43.3602638244629,-8.8409423828125,"Unknown"
"7014854",371863,2025-06-27 06:06:12,43.3603019714355,-8.84106349945068,"Unknown"
"7014854",371863,2025-06-27 06:11:10,43.3603782653809,-8.84110546112061,"Unknown"
"7014854",371863,2025-06-27 06:16:10,43.3603515625,-8.84100818634033,"Unknown"
"7014854",371863,2025-06-27 06:21:11,43.3603324890137,-8.84102344512939,"Unknown"
"7014854",371863,2025-06-27 06:26:10,43.3603248596191,-8.84096145629883,"Unknown"
"7014854",371863,2025-06-27 06:31:10,43.3603172302246,-8.84082889556885,"Unknown"
"7014854",371863,2025-06-27 06:36:10,43.360294342041,-8.84072303771973,"Unknown"
"7014854",371863,2025-06-27 06:41:11,43.360221862793,-8.84095287322998,"Unknown"
"7014854",371863,2025-06-27 06:46:11,43.3603668212891,-8.84106254577637,"Unknown"
"7014854",371863,2025-06-27 06:51:11,43.3601608276367,-8.8408374786377,"Unknown"
"7014854",371863,2025-06-27 06:56:10,43.3601875305176,-8.8409538269043,"Unknown"
"7014854",371863,2025-06-27 07:01:10,43.3601760864258,-8.84076404571533,"Unknown"
"7014854",371863,2025-06-27 07:06:11,43.3603744506836,-8.84123039245605,"Unknown"
"7014854",371863,2025-06-27 07:11:10,43.3601455688477,-8.84093856811523,"Unknown"
"7014854",371863,2025-06-27 07:16:10,43.3601417541504,-8.84102535247803,"Unknown"
"7014854",371863,2025-06-27 07:21:11,43.360050201416,-8.840651512146,"Unknown"
"7014854",371863,2025-06-27 07:26:11,43.3598022460938,-8.84118366241455,"Unknown"
"7014854",371863,2025-06-27 07:31:10,43.3602142333984,-8.84078121185303,"Unknown"
"7014854",371863,2025-06-27 07:36:12,43.3599014282227,-8.84054470062256,"Unknown"
"7014854",371863,2025-06-27 07:41:10,43.3618354797363,-8.83840465545654,"Unknown"
"7014854",371863,2025-06-27 07:46:11,43.3578720092773,-8.85380840301514,"Unknown"
"7014854",371863,2025-06-27 07:51:11,43.3618431091309,-8.85678100585938,"Unknown"
"7014854",371863,2025-06-27 07:56:10,43.3524131774902,-8.85845756530762,"Unknown"
"7014854",371863,2025-06-27 08:01:11,43.3213958740234,-8.85611248016357,"Unknown"
"7014854",371863,2025-06-27 08:06:10,43.3137321472168,-8.85733985900879,"Unknown"
"7014854",371863,2025-06-27 08:11:11,43.3138961791992,-8.85758781433105,"Unknown"
"7014854",371863,2025-06-27 08:16:11,43.3135795593262,-8.85744190216064,"Unknown"
"7014854",371863,2025-06-27 08:21:11,43.314380645752,-8.85676193237305,"Unknown"
"7014854",371863,2025-06-27 08:26:12,43.3145141601562,-8.85700702667236,"Unknown"
"7014854",371863,2025-06-27 08:31:10,43.314380645752,-8.85690784454346,"Unknown"
"7014854",371863,2025-06-27 08:36:11,43.3142204284668,-8.85677242279053,"Unknown"
"7014854",371863,2025-06-27 08:41:10,43.316333770752,-8.85834121704102,"Unknown"
"7014854",371863,2025-06-27 08:46:11,43.3163986206055,-8.85830020904541,"Unknown"
"7014854",371863,2025-06-27 08:51:10,43.3164176940918,-8.85832500457764,"Unknown"
"7014854",371863,2025-06-27 08:56:11,43.3163833618164,-8.85829734802246,"Unknown"
"7014854",371863,2025-06-27 09:01:11,43.3165512084961,-8.8583812713623,"Unknown"
"7014854",371863,2025-06-27 09:06:15,43.3162002563477,-8.85860633850098,"Unknown"
"7014854",371863,2025-06-27 09:11:11,43.3166847229004,-8.85856533050537,"Unknown"
"7014854",371863,2025-06-27 09:16:10,43.3162727355957,-8.85853481292725,"Unknown"
"7014854",371863,2025-06-27 09:21:10,43.3164215087891,-8.85851955413818,"Unknown"
"7014854",371863,2025-06-27 09:26:10,43.3207969665527,-8.85545349121094,"Unknown"
"7014854",371863,2025-06-27 09:31:10,43.342716217041,-8.85193061828613,"Unknown"
"7014854",371863,2025-06-27 09:36:11,43.360221862793,-8.84124755859375,"Unknown"
"7014854",371863,2025-06-27 09:41:15,43.3604431152344,-8.84067058563232,"Unknown"
"7014854",371863,2025-06-27 09:46:11,43.3603973388672,-8.84067916870117,"Unknown"
"7014854",371863,2025-06-27 09:51:11,43.3603134155273,-8.8409595489502,"Unknown"
"7014854",371863,2025-06-27 09:56:11,43.360237121582,-8.84080982208252,"Unknown"
"7014854",371863,2025-06-27 10:01:11,43.3604164123535,-8.84063339233398,"Unknown"
"7014854",371863,2025-06-27 10:06:12,43.360466003418,-8.84070491790771,"Unknown"
"7014854",371863,2025-06-27 10:11:11,43.3605651855469,-8.84063529968262,"Unknown"
"7014854",371863,2025-06-27 10:16:12,43.3605346679688,-8.8406810760498,"Unknown"
"7014854",371863,2025-06-27 10:21:11,43.3605728149414,-8.84079074859619,"Unknown"
"7014854",371863,2025-06-27 10:26:11,43.3605575561523,-8.84078311920166,"Unknown"
"7014854",371863,2025-06-27 10:31:11,43.3604316711426,-8.84079837799072,"Unknown"
"7014854",371863,2025-06-27 10:36:11,43.3606414794922,-8.84063816070557,"Unknown"
"7014854",371863,2025-06-27 10:41:11,43.3606224060059,-8.84076595306396,"Unknown"
"7014854",371863,2025-06-27 10:46:11,43.3606338500977,-8.84066104888916,"Unknown"
"7014854",371863,2025-06-27 10:51:11,43.3605461120605,-8.84080696105957,"Unknown"
"7014854",371863,2025-06-27 10:56:12,43.3606452941895,-8.84055614471436,"Unknown"
"7014854",371863,2025-06-27 11:01:13,43.3606796264648,-8.84077548980713,"Unknown"
"7014854",371863,2025-06-27 11:06:13,43.3606262207031,-8.84064102172852,"Unknown"
"7014854",371863,2025-06-27 11:11:11,43.3606834411621,-8.84071445465088,"Unknown"
"7014854",371863,2025-06-27 11:16:11,43.3607139587402,-8.84075832366943,"Unknown"
"7014854",371863,2025-06-27 11:21:13,43.3606758117676,-8.84093475341797,"Unknown"
"7014854",371863,2025-06-27 11:26:11,43.3605575561523,-8.84096145629883,"Unknown"
"7014854",371863,2025-06-27 11:31:11,43.3604927062988,-8.84085750579834,"Unknown"
"7014854",371863,2025-06-27 11:36:11,43.3604202270508,-8.84091758728027,"Unknown"
"7014854",371863,2025-06-27 11:41:11,43.3604621887207,-8.84105110168457,"Unknown"
"7014854",371863,2025-06-27 11:46:12,43.3602867126465,-8.84060859680176,"Unknown"
"7014854",371863,2025-06-27 11:51:13,43.3604125976562,-8.84098434448242,"Unknown"
"7014854",371863,2025-06-27 11:56:12,43.360408782959,-8.84104919433594,"Unknown"
"7014854",371863,2025-06-27 12:01:12,43.3604316711426,-8.84101295471191,"Unknown"
"7014854",371863,2025-06-27 12:06:13,43.360424041748,-8.84093379974365,"Unknown"
"7014854",371863,2025-06-27 12:11:13,43.3603286743164,-8.84081649780273,"Unknown"
"7014854",371863,2025-06-27 12:16:11,43.3603553771973,-8.8409309387207,"Unknown"
"7014854",371863,2025-06-27 12:21:16,43.3604125976562,-8.84107398986816,"Unknown"
"7014854",371863,2025-06-27 12:26:10,43.3662300109863,-8.83740520477295,"Unknown"
"7014854",371863,2025-06-27 12:31:13,43.3686447143555,-8.82967948913574,"Unknown"
"7014854",371863,2025-06-27 12:36:19,43.3688774108887,-8.82983589172363,"Unknown"
"7014854",371863,2025-06-27 12:41:11,43.3701210021973,-8.82950305938721,"Unknown"
"7014854",371863,2025-06-27 12:46:13,43.3628196716309,-8.83942890167236,"Unknown"
"7014854",371863,2025-06-27 12:52:33,43.3604125976562,-8.84425067901611,"Unknown"
"7014854",371863,2025-06-27 12:57:33,43.360710144043,-8.84419536590576,"Unknown"
"7014854",371863,2025-06-27 13:01:11,43.3600425720215,-8.8408374786377,"Unknown"
"7014854",371863,2025-06-27 13:06:10,43.3603324890137,-8.84106063842773,"Unknown"
"7014854",371863,2025-06-27 13:11:10,43.3607864379883,-8.84028434753418,"Unknown"
"7014854",371863,2025-06-27 13:16:11,43.360481262207,-8.84076976776123,"Unknown"
"7014854",371863,2025-06-27 13:21:10,43.360424041748,-8.84056377410889,"Unknown"
"7014854",371863,2025-06-27 13:26:10,43.3605079650879,-8.84049415588379,"Unknown"
"7014854",371863,2025-06-27 13:31:09,43.3602294921875,-8.84097003936768,"Unknown"
"7014854",371863,2025-06-27 13:36:10,43.360523223877,-8.84100723266602,"Unknown"
"7014854",371863,2025-06-27 13:41:10,43.3604049682617,-8.8410530090332,"Unknown"
"7014854",371863,2025-06-27 13:46:11,43.3604125976562,-8.84086799621582,"Unknown"
"7014854",371863,2025-06-27 13:51:12,43.3604202270508,-8.84075450897217,"Unknown"
"7014854",371863,2025-06-27 13:56:10,43.3604011535645,-8.84109592437744,"Unknown"
"7014854",371863,2025-06-27 14:01:10,43.3605155944824,-8.84098339080811,"Unknown"
"7014854",371863,2025-06-27 14:06:11,43.3604621887207,-8.84116268157959,"Unknown"
"7014854",371863,2025-06-27 14:11:12,43.3603973388672,-8.84089756011963,"Unknown"
"7014854",371863,2025-06-27 14:16:10,43.3603973388672,-8.84102344512939,"Unknown"
"7014854",371863,2025-06-27 14:21:10,43.3604049682617,-8.84102535247803,"Unknown"
"7014854",371863,2025-06-27 14:26:12,43.3605575561523,-8.84126377105713,"Unknown"
"7014854",371863,2025-06-27 14:31:10,43.3604393005371,-8.8411226272583,"Unknown"
"7014854",371863,2025-06-27 14:36:10,43.3604965209961,-8.84111976623535,"Unknown"
"7014854",371863,2025-06-27 14:41:11,43.3603591918945,-8.84106349945068,"Unknown"
"7014854",371863,2025-06-27 14:46:10,43.3604202270508,-8.84103393554688,"Unknown"
"7014854",371863,2025-06-27 14:51:10,43.3604164123535,-8.84102725982666,"Unknown"
"7014854",371863,2025-06-27 14:56:10,43.3604431152344,-8.84104633331299,"Unknown"
"7014854",371863,2025-06-27 15:01:10,43.3603363037109,-8.84103965759277,"Unknown"
"7014854",371863,2025-06-27 15:06:10,43.3603630065918,-8.8409948348999,"Unknown"
"7014854",371863,2025-06-27 15:11:10,43.3604278564453,-8.84107398986816,"Unknown"
"7014854",371863,2025-06-27 15:16:10,43.3604049682617,-8.84105777740479,"Unknown"
"7014854",371863,2025-06-27 15:21:10,43.3604316711426,-8.84103298187256,"Unknown"
"7014854",371863,2025-06-27 15:26:10,43.3603553771973,-8.84099960327148,"Unknown"
"7014854",371863,2025-06-27 15:31:10,43.3604545593262,-8.84111785888672,"Unknown"
"7014854",371863,2025-06-27 15:36:10,43.3727912902832,-8.85203170776367,"Unknown"
"7014854",371863,2025-06-27 15:41:10,43.3700370788574,-8.84318447113037,"Unknown"
"7014854",371863,2025-06-27 15:46:10,43.3624687194824,-8.83253955841064,"Unknown"
"7014854",371863,2025-06-27 15:51:11,43.3460502624512,-8.8348388671875,"Unknown"
"7014854",371863,2025-06-27 15:56:15,43.3460083007812,-8.83315563201904,"Unknown"
"7014854",371863,2025-06-27 16:01:13,43.3460960388184,-8.83450508117676,"Unknown"
"7014854",371863,2025-06-27 16:06:15,43.3567848205566,-8.84265041351318,"Unknown"
"7014854",371863,2025-06-27 16:11:14,43.3605003356934,-8.84096336364746,"Unknown"
"7014854",371863,2025-06-27 16:16:23,43.3607330322266,-8.84098243713379,"Unknown"
"7014854",371863,2025-06-27 16:21:13,43.3607025146484,-8.84110069274902,"Unknown"
"7014854",371863,2025-06-27 16:26:12,43.3607025146484,-8.84113788604736,"Unknown"
"7014854",371863,2025-06-27 16:31:13,43.3607025146484,-8.84105491638184,"Unknown"
"7014854",371863,2025-06-27 16:36:13,43.360767364502,-8.84099292755127,"Unknown"
"7014854",371863,2025-06-27 16:41:17,43.3605613708496,-8.84089374542236,"Unknown"
"7014854",371863,2025-06-27 16:46:21,43.3605537414551,-8.840989112854,"Unknown"
"7014854",371863,2025-06-27 16:51:12,43.3605003356934,-8.84106922149658,"Unknown"
"7014854",371863,2025-06-27 16:56:12,43.3605346679688,-8.84111213684082,"Unknown"
"7014854",371863,2025-06-27 17:01:13,43.3604774475098,-8.84077072143555,"Unknown"
"7014854",371863,2025-06-27 17:06:12,43.3605422973633,-8.8409595489502,"Unknown"
"7014854",371863,2025-06-27 17:11:13,43.3604393005371,-8.84092617034912,"Unknown"
"7014854",371863,2025-06-27 17:16:15,43.3605003356934,-8.84096527099609,"Unknown"
"7014854",371863,2025-06-27 17:21:14,43.3604583740234,-8.84095668792725,"Unknown"
"7014854",371863,2025-06-27 17:26:16,43.3604965209961,-8.84096431732178,"Unknown"
"7014854",371863,2025-06-27 17:31:35,43.3604278564453,-8.84076976776123,"Unknown"
"7014854",371863,2025-06-27 17:36:11,43.3604202270508,-8.84059715270996,"Unknown"
"7014854",371863,2025-06-27 17:41:13,43.3608016967773,-8.84053802490234,"Unknown"
"7014854",371863,2025-06-27 17:46:11,43.3604393005371,-8.84067535400391,"Unknown"
"7014854",371863,2025-06-27 17:51:11,43.3603668212891,-8.84055328369141,"Unknown"
"7014854",371863,2025-06-27 17:56:11,43.3603706359863,-8.8405179977417,"Unknown"
"7014854",371863,2025-06-27 18:01:11,43.3604354858398,-8.84087944030762,"Unknown"
"7014854",371863,2025-06-27 18:06:12,43.3608169555664,-8.84061050415039,"Unknown"
"7014854",371863,2025-06-27 18:11:11,43.3609924316406,-8.84099769592285,"Unknown"
"7014854",371863,2025-06-27 18:16:11,43.3609237670898,-8.84111595153809,"Unknown"
"7014854",371863,2025-06-27 18:21:14,43.3609313964844,-8.84109401702881,"Unknown"
"7014854",371863,2025-06-27 18:26:11,43.360710144043,-8.84121417999268,"Unknown"
"7014854",371863,2025-06-27 18:31:11,43.3607406616211,-8.84136486053467,"Unknown"
"7014854",371863,2025-06-27 18:36:11,43.3607025146484,-8.84129524230957,"Unknown"
"7014854",371863,2025-06-27 18:41:12,43.360725402832,-8.84132766723633,"Unknown"
"7014854",371863,2025-06-27 18:46:11,43.3606147766113,-8.84114551544189,"Unknown"
"7014854",371863,2025-06-27 18:51:11,43.3602638244629,-8.84090137481689,"Unknown"
"7014854",371863,2025-06-27 18:56:11,43.360767364502,-8.84124660491943,"Unknown"
"7014854",371863,2025-06-27 19:01:11,43.3606414794922,-8.84129810333252,"Unknown"
"7014854",371863,2025-06-27 19:06:11,43.3606338500977,-8.84132862091064,"Unknown"
"7014854",371863,2025-06-27 19:11:12,43.3605690002441,-8.84115600585938,"Unknown"
"7014854",371863,2025-06-27 19:16:12,43.3606605529785,-8.84149551391602,"Unknown"
"7014854",371863,2025-06-27 19:21:12,43.3605079650879,-8.84152126312256,"Unknown"
"7014854",371863,2025-06-27 19:26:11,43.3606185913086,-8.84128570556641,"Unknown"
"7014854",371863,2025-06-27 19:31:11,43.3604583740234,-8.84125232696533,"Unknown"
"7014854",371863,2025-06-27 19:36:17,43.3598709106445,-8.84140110015869,"Unknown"
"7014854",371863,2025-06-27 19:41:16,43.3602867126465,-8.8411979675293,"Unknown"
"7014854",371863,2025-06-27 19:46:12,43.359977722168,-8.84146785736084,"Unknown"
"7014854",371863,2025-06-27 19:51:12,43.3601112365723,-8.84115886688232,"Unknown"
"7014854",371863,2025-06-27 19:56:12,43.3599433898926,-8.8409948348999,"Unknown"
"7014854",371863,2025-06-27 20:01:12,43.3602142333984,-8.84093761444092,"Unknown"
"7014854",371863,2025-06-27 20:06:11,43.3602752685547,-8.84094905853271,"Unknown"
"7014854",371863,2025-06-27 20:11:12,43.3602485656738,-8.84094047546387,"Unknown"
"7014854",371863,2025-06-27 20:16:11,43.3602981567383,-8.84109020233154,"Unknown"
"7014854",371863,2025-06-27 20:21:13,43.3605995178223,-8.84105777740479,"Unknown"
"7014854",371863,2025-06-27 20:26:13,43.362606048584,-8.82827949523926,"Unknown"
"7014854",371863,2025-06-27 20:31:11,43.3704566955566,-8.79622554779053,"Unknown"
"7014854",371863,2025-06-27 20:36:11,43.3762474060059,-8.76319026947021,"Unknown"
"7014854",371863,2025-06-27 20:41:11,43.3737983703613,-8.7293119430542,"Unknown"
"7014854",371863,2025-06-27 20:46:12,43.3878746032715,-8.70193576812744,"Unknown"
"7014854",371863,2025-06-27 20:51:11,43.4023094177246,-8.71748733520508,"Unknown"
"7014854",371863,2025-06-27 20:56:11,43.3876609802246,-8.76084136962891,"Unknown"
"7014854",371863,2025-06-27 21:01:13,43.3876342773438,-8.76266765594482,"Unknown"
"7014854",371863,2025-06-27 21:06:12,43.3824119567871,-8.77989482879639,"Unknown"
"7014854",371863,2025-06-27 21:11:15,43.3706588745117,-8.81857490539551,"Unknown"
"7014854",371863,2025-06-27 21:16:14,43.3725509643555,-8.82377052307129,"Unknown"
"7014854",371863,2025-06-27 21:21:15,43.37255859375,-8.82404327392578,"Unknown"
"7014854",371863,2025-06-27 21:26:14,43.3747634887695,-8.82369232177734,"Unknown"
"7014854",371863,2025-06-27 21:31:13,43.3732604980469,-8.82300186157227,"Unknown"
"7014854",371863,2025-06-27 21:36:12,43.3737258911133,-8.82289505004883,"Unknown"
"7014854",371863,2025-06-27 21:41:13,43.3737335205078,-8.82180595397949,"Unknown"
"7014854",371863,2025-06-27 21:46:11,43.3732223510742,-8.82102489471436,"Unknown"
"7014854",371863,2025-06-27 21:51:13,43.3732490539551,-8.82150077819824,"Unknown"
"7014854",371863,2025-06-27 21:56:13,43.3716506958008,-8.8209753036499,"Unknown"
"7014854",371863,2025-06-27 22:01:15,43.3705215454102,-8.81990146636963,"Unknown"
"7014854",371863,2025-06-27 22:06:14,43.3703308105469,-8.81965637207031,"Unknown"
"7014854",371863,2025-06-27 22:11:12,43.3699378967285,-8.81943893432617,"Unknown"
"7014854",371863,2025-06-27 22:16:12,43.3617515563965,-8.83631324768066,"Unknown"
"7014854",371863,2025-06-27 22:21:15,43.3604774475098,-8.84056568145752,"Unknown"
"7014854",371863,2025-06-27 22:26:13,43.3603668212891,-8.84081268310547,"Unknown"
"7014854",371863,2025-06-27 22:31:13,43.3600463867188,-8.8411922454834,"Unknown"
"7014854",371863,2025-06-27 22:36:12,43.3603668212891,-8.84021282196045,"Unknown"
"7014854",371863,2025-06-27 22:41:12,43.3604125976562,-8.84024143218994,"Unknown"
"7014854",371863,2025-06-27 22:46:16,43.3603401184082,-8.84111595153809,"Unknown"
"7014854",371863,2025-06-27 22:51:12,43.3602409362793,-8.8409595489502,"Unknown"
"7014854",371863,2025-06-27 22:56:12,43.3604164123535,-8.84031200408936,"Unknown"
"7014854",371863,2025-06-27 23:01:15,43.3601531982422,-8.84079551696777,"Unknown"
"7014854",371863,2025-06-27 23:06:12,43.3603515625,-8.8408317565918,"Unknown"
"7014854",371863,2025-06-27 23:11:15,43.3603439331055,-8.84077262878418,"Unknown"
"7014854",371863,2025-06-27 23:16:15,43.360279083252,-8.84095668792725,"Unknown"
"7014854",371863,2025-06-27 23:21:17,43.3604354858398,-8.84128665924072,"Unknown"
"7014854",371863,2025-06-27 23:26:16,43.3604698181152,-8.84133911132812,"Unknown"
"7014854",371863,2025-06-27 23:31:16,43.3602828979492,-8.84118461608887,"Unknown"
"7014854",371863,2025-06-27 23:36:14,43.3601722717285,-8.84038639068604,"Unknown"
"7014854",371863,2025-06-27 23:41:14,43.3602142333984,-8.84103393554688,"Unknown"
"7014854",371863,2025-06-27 23:46:12,43.3602523803711,-8.84117984771729,"Unknown"
"7014854",371863,2025-06-27 23:51:13,43.3603096008301,-8.84119987487793,"Unknown"
"7014854",371863,2025-06-27 23:56:12,43.3603630065918,-8.84098720550537,"Unknown"
"7014854",371863,2025-06-28 00:01:12,43.3602523803711,-8.84108066558838,"Unknown"
"7014854",371863,2025-06-28 00:06:12,43.3603744506836,-8.84106922149658,"Unknown"
"7014854",371863,2025-06-28 00:11:12,43.3604202270508,-8.8410758972168,"Unknown"
"7014854",371863,2025-06-28 00:16:15,43.3604888916016,-8.84096050262451,"Unknown"
"7014854",371863,2025-06-28 00:21:13,43.360466003418,-8.84100723266602,"Unknown"
"7014854",371863,2025-06-28 00:26:12,43.3604049682617,-8.84097099304199,"Unknown"
"7014854",371863,2025-06-28 00:31:18,43.3604850769043,-8.84111404418945,"Unknown"
"7014854",371863,2025-06-28 00:36:12,43.3603096008301,-8.84100437164307,"Unknown"
"7014854",371863,2025-06-28 00:41:12,43.3602561950684,-8.8410062789917,"Unknown"
"7014854",371863,2025-06-28 00:46:12,43.3603286743164,-8.84098720550537,"Unknown"
"7014854",371863,2025-06-28 00:51:11,43.3601455688477,-8.84082984924316,"Unknown"
"7014854",371863,2025-06-28 00:56:12,43.3603782653809,-8.8410120010376,"Unknown"
"7014854",371863,2025-06-28 01:01:12,43.3602561950684,-8.84108734130859,"Unknown"
"7014854",371863,2025-06-28 01:06:12,43.3602867126465,-8.84104156494141,"Unknown"
"7014854",371863,2025-06-28 01:11:12,43.3602256774902,-8.84100914001465,"Unknown"
"7014854",371863,2025-06-28 01:16:12,43.3602676391602,-8.84078311920166,"Unknown"
"7014854",371863,2025-06-28 01:21:14,43.3603706359863,-8.84092712402344,"Unknown"
"7014854",371863,2025-06-28 01:26:12,43.3604583740234,-8.84091377258301,"Unknown"
"7014854",371863,2025-06-28 01:31:13,43.3605003356934,-8.84097385406494,"Unknown"
"7014854",371863,2025-06-28 01:36:15,43.3602638244629,-8.84096336364746,"Unknown"
"7014854",371863,2025-06-28 01:41:16,43.3602066040039,-8.84104919433594,"Unknown"
"7014854",371863,2025-06-28 01:46:12,43.3608055114746,-8.84164428710938,"Unknown"
"7014854",371863,2025-06-28 01:51:16,43.3601493835449,-8.84083843231201,"Unknown"
"7014854",371863,2025-06-28 01:56:12,43.3600082397461,-8.8411865234375,"Unknown"
"7014854",371863,2025-06-28 02:01:13,43.3600921630859,-8.84085464477539,"Unknown"
"7014854",371863,2025-06-28 02:06:18,43.3600616455078,-8.84118270874023,"Unknown"
"7014854",371863,2025-06-28 02:11:13,43.3601417541504,-8.84113883972168,"Unknown"
"7014854",371863,2025-06-28 02:16:12,43.359058380127,-8.84000015258789,"Unknown"
"7014854",371863,2025-06-28 02:21:13,43.359733581543,-8.84094142913818,"Unknown"
"7014854",371863,2025-06-28 02:26:16,43.3602676391602,-8.84115791320801,"Unknown"
"7014854",371863,2025-06-28 02:31:17,43.3600997924805,-8.84083557128906,"Unknown"
"7014854",371863,2025-06-28 02:36:19,43.3601493835449,-8.84128952026367,"Unknown"
"7014854",371863,2025-06-28 02:41:12,43.3593559265137,-8.84037208557129,"Unknown"
"7014854",371863,2025-06-28 02:46:14,43.3608131408691,-8.84159660339355,"Unknown"
"7014854",371863,2025-06-28 02:51:12,43.3675270080566,-8.83299827575684,"Unknown"
"7014854",371863,2025-06-28 02:56:17,43.3673324584961,-8.83440017700195,"Unknown"
"7014854",371863,2025-06-28 03:01:13,43.3673896789551,-8.83591938018799,"Unknown"
"7014854",371863,2025-06-28 03:06:13,43.3673896789551,-8.83720207214355,"Unknown"
"7014854",371863,2025-06-28 03:11:12,43.3675193786621,-8.83851337432861,"Unknown"
"7014854",371863,2025-06-28 03:16:12,43.3630142211914,-8.83894729614258,"Unknown"
"7014854",371863,2025-06-28 03:21:12,43.3603477478027,-8.84101963043213,"Unknown"
"7014854",371863,2025-06-28 03:26:12,43.3604850769043,-8.84120750427246,"Unknown"
"7014854",371863,2025-06-28 03:31:15,43.3604164123535,-8.84115791320801,"Unknown"
"7014854",371863,2025-06-28 03:36:14,43.3602142333984,-8.84101486206055,"Unknown"
"7014854",371863,2025-06-28 03:41:22,43.3599700927734,-8.84113502502441,"Unknown"
"7014854",371863,2025-06-28 03:46:12,43.3612174987793,-8.8401403427124,"Unknown"
"7014854",371863,2025-06-28 03:51:14,43.3612022399902,-8.83994770050049,"Unknown"
"7014854",371863,2025-06-28 03:56:15,43.3605041503906,-8.84071063995361,"Unknown"
"7014854",371863,2025-06-28 04:01:14,43.3611640930176,-8.84016227722168,"Unknown"
"7014854",371863,2025-06-28 04:06:15,43.3602333068848,-8.84146022796631,"Unknown"
"7014854",371863,2025-06-28 04:11:18,43.3593482971191,-8.84215545654297,"Unknown"
"7014854",371863,2025-06-28 04:16:15,43.3600387573242,-8.84144401550293,"Unknown"
"7014854",371863,2025-06-28 04:21:22,43.3606758117676,-8.8416919708252,"Unknown"
"7014854",371863,2025-06-28 04:26:18,43.3600273132324,-8.84139823913574,"Unknown"
"7014854",371863,2025-06-28 04:31:35,43.3601875305176,-8.84115123748779,"Unknown"
"7014854",371863,2025-06-28 04:36:15,43.360164642334,-8.84116172790527,"Unknown"
"7014854",371863,2025-06-28 04:41:12,43.360164642334,-8.84098815917969,"Unknown"
"7014854",371863,2025-06-28 04:46:12,43.3605651855469,-8.84108066558838,"Unknown"
"7014854",371863,2025-06-28 04:51:17,43.3639106750488,-8.84558868408203,"Unknown"
"7014854",371863,2025-06-28 04:56:16,43.3696670532227,-8.84909725189209,"Unknown"
"7014854",371863,2025-06-28 05:01:11,43.3714218139648,-8.85568428039551,"Unknown"
"7014854",371863,2025-06-28 05:06:15,43.3705711364746,-8.85182952880859,"Unknown"
"7014854",371863,2025-06-28 05:11:18,43.3711738586426,-8.85287570953369,"Unknown"
"7014854",371863,2025-06-28 05:16:12,43.3639831542969,-8.84661865234375,"Unknown"
"7014854",371863,2025-06-28 05:21:18,43.3619155883789,-8.84361362457275,"Unknown"
"7014854",371863,2025-06-28 05:26:44,43.3610877990723,-8.84377384185791,"Unknown"
"7014854",371863,2025-06-28 05:31:12,43.3599891662598,-8.84083080291748,"Unknown"
"7014854",371863,2025-06-28 05:36:16,43.3597259521484,-8.84076976776123,"Unknown"
"7014854",371863,2025-06-28 05:41:15,43.3602485656738,-8.84105014801025,"Unknown"
"7014854",371863,2025-06-28 05:46:13,43.360237121582,-8.84077167510986,"Unknown"
"7014854",371863,2025-06-28 05:51:15,43.3603248596191,-8.84099292755127,"Unknown"
"7014854",371863,2025-06-28 05:56:11,43.3603553771973,-8.841233253479,"Unknown"
"7014854",371863,2025-06-28 06:01:12,43.3600921630859,-8.84043884277344,"Unknown"
"7014854",371863,2025-06-28 06:06:16,43.3600120544434,-8.84017848968506,"Unknown"
"7014854",371863,2025-06-28 06:11:16,43.3604011535645,-8.84132480621338,"Unknown"
"7014854",371863,2025-06-28 06:16:17,43.3603630065918,-8.8411340713501,"Unknown"
"7014854",371863,2025-06-28 06:21:11,43.3604927062988,-8.84129047393799,"Unknown"
"7014854",371863,2025-06-28 06:26:14,43.360424041748,-8.84108924865723,"Unknown"
"7014854",371863,2025-06-28 06:31:15,43.3605575561523,-8.84098815917969,"Unknown"
"7014854",371863,2025-06-28 06:36:17,43.3605079650879,-8.84088802337646,"Unknown"
"7014854",371863,2025-06-28 06:41:13,43.3605041503906,-8.84088611602783,"Unknown"
"7014854",371863,2025-06-28 06:46:16,43.3604354858398,-8.8408842086792,"Unknown"
"7014854",371863,2025-06-28 06:51:12,43.360481262207,-8.84107685089111,"Unknown"
"7014854",371863,2025-06-28 06:56:12,43.3632965087891,-8.85158729553223,"Unknown"
"7014854",371863,2025-06-28 07:01:12,43.3634948730469,-8.85058975219727,"Unknown"
"7014854",371863,2025-06-28 07:06:12,43.3546028137207,-8.85116481781006,"Unknown"
"7014854",371863,2025-06-28 07:11:11,43.3528251647949,-8.8431339263916,"Unknown"
"7014854",371863,2025-06-28 07:16:12,43.3514938354492,-8.83931255340576,"Unknown"
"7014854",371863,2025-06-28 07:21:13,43.3498954772949,-8.83348846435547,"Unknown"
"7014854",371863,2025-06-28 07:26:12,43.3528861999512,-8.83473682403564,"Unknown"
"7014854",371863,2025-06-28 07:31:14,43.3539161682129,-8.83473491668701,"Unknown"
"7014854",371863,2025-06-28 07:36:11,43.3603439331055,-8.84089756011963,"Unknown"
"7014854",371863,2025-06-28 07:41:13,43.3600273132324,-8.84102630615234,"Unknown"
"7014854",371863,2025-06-28 07:46:12,43.3603858947754,-8.84096145629883,"Unknown"
"7014854",371863,2025-06-28 07:51:15,43.3603210449219,-8.8408260345459,"Unknown"
"7014854",371863,2025-06-28 07:56:15,43.3602294921875,-8.84091663360596,"Unknown"
"7014854",371863,2025-06-28 08:01:17,43.3600463867188,-8.84089946746826,"Unknown"
"7014854",371863,2025-06-28 08:06:11,43.3601455688477,-8.84091091156006,"Unknown"
"7014854",371863,2025-06-28 08:11:14,43.3600616455078,-8.84078979492188,"Unknown"
"7014854",371863,2025-06-28 08:16:12,43.360107421875,-8.84077930450439,"Unknown"
"7014854",371863,2025-06-28 08:21:14,43.3599014282227,-8.84074974060059,"Unknown"
"7014854",371863,2025-06-28 08:26:15,43.359992980957,-8.84100151062012,"Unknown"
"7014854",371863,2025-06-28 08:31:13,43.3598594665527,-8.84136486053467,"Unknown"
"7014854",371863,2025-06-28 08:36:12,43.3599891662598,-8.84094524383545,"Unknown"
"7014854",371863,2025-06-28 08:41:14,43.3600273132324,-8.84088039398193,"Unknown"
"7014854",371863,2025-06-28 08:46:14,43.3600006103516,-8.84111881256104,"Unknown"
"7014854",371863,2025-06-28 08:51:13,43.3600387573242,-8.84053707122803,"Unknown"
"7014854",371863,2025-06-28 08:56:13,43.3602638244629,-8.84101676940918,"Unknown"
"7014854",371863,2025-06-28 09:01:13,43.3598289489746,-8.8408317565918,"Unknown"
"7014854",371863,2025-06-28 09:06:12,43.360221862793,-8.84083366394043,"Unknown"
"7014854",371863,2025-06-28 09:11:17,43.3603668212891,-8.84101104736328,"Unknown"
"7014854",371863,2025-06-28 09:16:12,43.3601570129395,-8.84095573425293,"Unknown"
"7014854",371863,2025-06-28 09:21:16,43.3600921630859,-8.841233253479,"Unknown"
"7014854",371863,2025-06-28 09:26:12,43.3602752685547,-8.84091186523438,"Unknown"
"7014854",371863,2025-06-28 09:31:18,43.3604393005371,-8.84094905853271,"Unknown"
"7014854",371863,2025-06-28 09:36:12,43.3603973388672,-8.84094142913818,"Unknown"
"7014854",371863,2025-06-28 09:41:12,43.359790802002,-8.84181118011475,"Unknown"
"7014854",371863,2025-06-28 09:46:24,43.3608169555664,-8.84090900421143,"Unknown"
"7014854",371863,2025-06-28 09:51:25,43.3608627319336,-8.84088325500488,"Unknown"
"7014854",371863,2025-06-28 09:56:24,43.3609237670898,-8.8408088684082,"Unknown"
"7014854",371863,2025-06-28 10:01:18,43.3608665466309,-8.84145641326904,"Unknown"
"7014854",371863,2025-06-28 10:06:13,43.3604698181152,-8.84072017669678,"Unknown"
"7014854",371863,2025-06-28 10:11:17,43.3602523803711,-8.84078216552734,"Unknown"
"7014854",371863,2025-06-28 10:16:13,43.3601760864258,-8.84113121032715,"Unknown"
"7014854",371863,2025-06-28 10:21:22,43.3617286682129,-8.84255218505859,"Unknown"
"7014854",371863,2025-06-28 10:26:12,43.341625213623,-8.84686756134033,"Unknown"
"7014854",371863,2025-06-28 10:31:15,43.3303451538086,-8.83033275604248,"Unknown"
"7014854",371863,2025-06-28 10:36:12,43.316276550293,-8.85055446624756,"Unknown"
"7014854",371863,2025-06-28 10:41:21,43.3141098022461,-8.85717391967773,"Unknown"
"7014854",371863,2025-06-28 10:46:12,43.3136787414551,-8.85759925842285,"Unknown"
"7014854",371863,2025-06-28 10:51:12,43.3169593811035,-8.8634090423584,"Unknown"
"7014854",371863,2025-06-28 10:56:13,43.3197441101074,-8.8755407333374,"Unknown"
"7014854",371863,2025-06-28 11:01:20,43.3198051452637,-8.87543487548828,"Unknown"
"7014854",371863,2025-06-28 11:06:18,43.3197402954102,-8.87551879882812,"Unknown"
"7014854",371863,2025-06-28 11:11:16,43.319694519043,-8.87542915344238,"Unknown"
"7014854",371863,2025-06-28 11:16:16,43.319709777832,-8.87541007995605,"Unknown"
"7014854",371863,2025-06-28 11:21:13,43.319709777832,-8.87543487548828,"Unknown"
"7014854",371863,2025-06-28 11:26:13,43.3197364807129,-8.87509632110596,"Unknown"
"7014854",371863,2025-06-28 11:31:14,43.3218154907227,-8.87122631072998,"Unknown"
"7014854",371863,2025-06-28 11:36:17,43.3184280395508,-8.84775257110596,"Unknown"
"7014854",371863,2025-06-28 11:41:12,43.335823059082,-8.84470272064209,"Unknown"
"7014854",371863,2025-06-28 11:46:14,43.3458824157715,-8.83520603179932,"Unknown"
"7014854",371863,2025-06-28 11:51:12,43.3604125976562,-8.84769439697266,"Unknown"
"7014854",371863,2025-06-28 11:56:20,43.3601226806641,-8.84092235565186,"Unknown"
"7014854",371863,2025-06-28 12:01:19,43.3602294921875,-8.84110832214355,"Unknown"
"7014854",371863,2025-06-28 12:06:14,43.3602142333984,-8.84102630615234,"Unknown"
"7014854",371863,2025-06-28 12:11:13,43.3600311279297,-8.8411169052124,"Unknown"
"7014854",371863,2025-06-28 12:16:32,43.3602867126465,-8.84096336364746,"Unknown"
"7014854",371863,2025-06-28 12:21:11,43.3601722717285,-8.84112739562988,"Unknown"
"7014854",371863,2025-06-28 12:26:12,43.3601760864258,-8.8411226272583,"Unknown"
"7014854",371863,2025-06-28 12:31:11,43.3600463867188,-8.8413782119751,"Unknown"
"7014854",371863,2025-06-28 12:36:12,43.3598098754883,-8.84189033508301,"Unknown"
"7014854",371863,2025-06-28 12:41:12,43.3600463867188,-8.84136581420898,"Unknown"
"7014854",371863,2025-06-28 12:46:12,43.3601875305176,-8.8411979675293,"Unknown"
"7014854",371863,2025-06-28 12:51:12,43.3600959777832,-8.84111595153809,"Unknown"
"7014854",371863,2025-06-28 12:56:12,43.3603096008301,-8.84117794036865,"Unknown"
"7014854",371863,2025-06-28 13:01:11,43.360179901123,-8.84094619750977,"Unknown"
"7014854",371863,2025-06-28 13:06:11,43.360179901123,-8.84100151062012,"Unknown"
"7014854",371863,2025-06-28 13:11:11,43.3601875305176,-8.84098529815674,"Unknown"
"7014854",371863,2025-06-28 13:16:11,43.3601570129395,-8.8410062789917,"Unknown"
"7014854",371863,2025-06-28 13:21:11,43.3602180480957,-8.84095668792725,"Unknown"
"7014854",371863,2025-06-28 13:26:11,43.3602752685547,-8.84088039398193,"Unknown"
"7014854",371863,2025-06-28 13:31:11,43.3603515625,-8.84092903137207,"Unknown"
"7014854",371863,2025-06-28 13:36:11,43.3601989746094,-8.84092330932617,"Unknown"
"7014854",371863,2025-06-28 13:41:12,43.3604164123535,-8.84086418151855,"Unknown"
"7014854",371863,2025-06-28 13:46:12,43.3642425537109,-8.83928680419922,"Unknown"
"7014854",371863,2025-06-28 13:51:12,43.36279296875,-8.83750343322754,"Unknown"
"7014854",371863,2025-06-28 13:56:12,43.3626823425293,-8.83755588531494,"Unknown"
"7014854",371863,2025-06-28 14:01:11,43.3605155944824,-8.83579635620117,"Unknown"
"7014854",371863,2025-06-28 14:06:13,43.359935760498,-8.83641147613525,"Unknown"
"7014854",371863,2025-06-28 14:11:13,43.359806060791,-8.84098720550537,"Unknown"
"7014854",371863,2025-06-28 14:16:15,43.3604011535645,-8.84124660491943,"Unknown"
"7014854",371863,2025-06-28 14:21:13,43.3599586486816,-8.84077548980713,"Unknown"
"7014854",371863,2025-06-28 14:26:14,43.3604965209961,-8.84115314483643,"Unknown"
"7014854",371863,2025-06-28 14:31:13,43.3605766296387,-8.84122085571289,"Unknown"
"7014854",371863,2025-06-28 14:36:14,43.3606452941895,-8.84122753143311,"Unknown"
"7014854",371863,2025-06-28 14:41:13,43.3601264953613,-8.84075164794922,"Unknown"
"7014854",371863,2025-06-28 14:46:16,43.36083984375,-8.84138107299805,"Unknown"
"7014854",371863,2025-06-28 14:51:11,43.3608207702637,-8.84138965606689,"Unknown"
"7014854",371863,2025-06-28 14:56:11,43.3605651855469,-8.84112644195557,"Unknown"
"7014854",371863,2025-06-28 15:01:11,43.3608436584473,-8.84137630462646,"Unknown"
"7014854",371863,2025-06-28 15:06:12,43.3603019714355,-8.84090805053711,"Unknown"
"7014854",371863,2025-06-28 15:11:12,43.3602447509766,-8.84085083007812,"Unknown"
"7014854",371863,2025-06-28 15:16:13,43.3601608276367,-8.84096527099609,"Unknown"
"7014854",371863,2025-06-28 15:21:12,43.3602523803711,-8.84084033966064,"Unknown"
"7014854",371863,2025-06-28 15:26:11,43.360237121582,-8.84085178375244,"Unknown"
"7014854",371863,2025-06-28 15:31:13,43.3603820800781,-8.84079837799072,"Unknown"
"7014854",371863,2025-06-28 15:36:12,43.3603363037109,-8.84089660644531,"Unknown"
"7014854",371863,2025-06-28 15:41:11,43.3603668212891,-8.84091377258301,"Unknown"
"7014854",371863,2025-06-28 15:47:15,43.3610534667969,-8.84443855285645,"Unknown"
"7014854",371863,2025-06-28 15:51:11,43.3615646362305,-8.8411693572998,"Unknown"
"7014854",371863,2025-06-28 15:56:11,43.360408782959,-8.84086418151855,"Unknown"
"7014854",371863,2025-06-28 16:01:12,43.3603019714355,-8.84085273742676,"Unknown"
"7014854",371863,2025-06-28 16:06:12,43.3603706359863,-8.84106731414795,"Unknown"
"7014854",371863,2025-06-28 16:11:11,43.3603019714355,-8.84089279174805,"Unknown"
"7014854",371863,2025-06-28 16:16:13,43.3607406616211,-8.8419075012207,"Unknown"
"7014854",371863,2025-06-28 16:21:13,43.3601493835449,-8.84098625183105,"Unknown"
"7014854",371863,2025-06-28 16:26:12,43.3601341247559,-8.84098052978516,"Unknown"
"7014854",371863,2025-06-28 16:31:12,43.3602485656738,-8.8408842086792,"Unknown"
"7014854",371863,2025-06-28 16:36:12,43.3601150512695,-8.84065437316895,"Unknown"
"7014854",371863,2025-06-28 16:41:11,43.3602828979492,-8.84094619750977,"Unknown"
"7014854",371863,2025-06-28 16:46:11,43.360279083252,-8.84093761444092,"Unknown"
"7014854",371863,2025-06-28 16:51:11,43.3602600097656,-8.84097385406494,"Unknown"
"7014854",371863,2025-06-28 16:56:12,43.360107421875,-8.84084606170654,"Unknown"
"7014854",371863,2025-06-28 17:01:12,43.3602828979492,-8.84093379974365,"Unknown"
"7014854",371863,2025-06-28 17:06:11,43.3603591918945,-8.84103298187256,"Unknown"
"7014854",371863,2025-06-28 17:11:11,43.3601188659668,-8.84079933166504,"Unknown"
"7014854",371863,2025-06-28 17:16:12,43.3602333068848,-8.84080505371094,"Unknown"
"7014854",371863,2025-06-28 17:21:13,43.3602027893066,-8.84078216552734,"Unknown"
"7014854",371863,2025-06-28 17:26:11,43.3602600097656,-8.84104061126709,"Unknown"
"7014854",371863,2025-06-28 17:31:19,43.3602066040039,-8.84089088439941,"Unknown"
"7014854",371863,2025-06-28 17:36:11,43.3602828979492,-8.84094905853271,"Unknown"
"7014854",371863,2025-06-28 17:41:12,43.35986328125,-8.84051418304443,"Unknown"
"7014854",371863,2025-06-28 17:46:11,43.360164642334,-8.84079837799072,"Unknown"
"7014854",371863,2025-06-28 17:51:12,43.3600654602051,-8.84098052978516,"Unknown"
"7014854",371863,2025-06-28 17:56:11,43.3602752685547,-8.84086132049561,"Unknown"
"7014854",371863,2025-06-28 18:01:11,43.3602180480957,-8.84090042114258,"Unknown"
"7014854",371863,2025-06-28 18:06:11,43.3602142333984,-8.84083938598633,"Unknown"
"7014854",371863,2025-06-28 18:11:12,43.3604278564453,-8.84103965759277,"Unknown"
"7014854",371863,2025-06-28 18:16:11,43.3602638244629,-8.84091567993164,"Unknown"
"7014854",371863,2025-06-28 18:21:11,43.3603134155273,-8.84088516235352,"Unknown"
"7014854",371863,2025-06-28 18:26:11,43.3600807189941,-8.84072303771973,"Unknown"
"7014854",371863,2025-06-28 18:31:12,43.3604316711426,-8.8408727645874,"Unknown"
"7014854",371863,2025-06-28 18:36:14,43.3593826293945,-8.84024524688721,"Unknown"
"7014854",371863,2025-06-28 18:41:14,43.3605537414551,-8.84111309051514,"Unknown"
"7014854",371863,2025-06-28 18:46:13,43.3604698181152,-8.84086894989014,"Unknown"
"7014854",371863,2025-06-28 18:51:16,43.361011505127,-8.84175395965576,"Unknown"
"7014854",371863,2025-06-28 18:56:31,43.3602027893066,-8.84102439880371,"Unknown"
"7014854",371863,2025-06-28 19:01:13,43.3602333068848,-8.84090709686279,"Unknown"
"7014854",371863,2025-06-28 19:06:12,43.3604278564453,-8.84077930450439,"Unknown"
"7014854",371863,2025-06-28 19:11:11,43.3602828979492,-8.84091663360596,"Unknown"
"7014854",371863,2025-06-28 19:16:13,43.3617362976074,-8.86464405059814,"Unknown"
"7014854",371863,2025-06-28 19:21:12,43.3698234558105,-8.8669548034668,"Unknown"
"7014854",371863,2025-06-28 19:26:12,43.3531608581543,-8.84204864501953,"Unknown"
"7014854",371863,2025-06-28 19:31:12,43.3545570373535,-8.8325080871582,"Unknown"
"7014854",371863,2025-06-28 19:36:12,43.3601493835449,-8.84098243713379,"Unknown"
"7014854",371863,2025-06-28 19:41:14,43.3603553771973,-8.84087753295898,"Unknown"
"7014854",371863,2025-06-28 19:46:13,43.3602676391602,-8.84067344665527,"Unknown"
"7014854",371863,2025-06-28 19:51:14,43.3603630065918,-8.84086418151855,"Unknown"
"7014854",371863,2025-06-28 19:56:13,43.3601875305176,-8.84047031402588,"Unknown"
"7014854",371863,2025-06-28 20:01:13,43.360034942627,-8.84052467346191,"Unknown"
"7014854",371863,2025-06-28 20:06:16,43.3600883483887,-8.84083843231201,"Unknown"
"7014854",371863,2025-06-28 20:11:13,43.3603286743164,-8.84051609039307,"Unknown"
"7014854",371863,2025-06-28 20:16:13,43.3598327636719,-8.84114837646484,"Unknown"
"7014854",371863,2025-06-28 20:21:13,43.3603019714355,-8.84085845947266,"Unknown"
"7014854",371863,2025-06-28 20:26:15,43.3603668212891,-8.84083557128906,"Unknown"
"7014854",371863,2025-06-28 20:31:14,43.3603477478027,-8.84093284606934,"Unknown"
"7014854",371863,2025-06-28 20:36:13,43.3603401184082,-8.8408374786377,"Unknown"
"7014854",371863,2025-06-28 20:41:13,43.3604164123535,-8.84087085723877,"Unknown"
"7014854",371863,2025-06-28 20:46:13,43.3602333068848,-8.84090900421143,"Unknown"
"7014854",371863,2025-06-28 20:51:14,43.3603363037109,-8.84090137481689,"Unknown"
"7014854",371863,2025-06-28 20:56:17,43.3603096008301,-8.84094619750977,"Unknown"
"7014854",371863,2025-06-28 21:01:13,43.3603591918945,-8.84093761444092,"Unknown"
"7014854",371863,2025-06-28 21:06:12,43.3603096008301,-8.84086132049561,"Unknown"
"7014854",371863,2025-06-28 21:11:12,43.3602142333984,-8.84633731842041,"Unknown"
"7014854",371863,2025-06-28 21:16:14,43.3412704467773,-8.86563396453857,"Unknown"
"7014854",371863,2025-06-28 21:21:12,43.3500328063965,-8.8359260559082,"Unknown"
"7014854",371863,2025-06-28 21:26:12,43.3606605529785,-8.81578922271729,"Unknown"
"7014854",371863,2025-06-28 21:31:15,43.3603401184082,-8.81556606292725,"Unknown"
"7014854",371863,2025-06-28 21:36:14,43.3610649108887,-8.81578063964844,"Unknown"
"7014854",371863,2025-06-28 21:41:12,43.3608894348145,-8.84219646453857,"Unknown"
"7014854",371863,2025-06-28 21:46:13,43.3601760864258,-8.84094429016113,"Unknown"
"7014854",371863,2025-06-28 21:51:13,43.3602523803711,-8.84099674224854,"Unknown"
"7014854",371863,2025-06-28 21:56:22,43.3602294921875,-8.84077644348145,"Unknown"
"7014854",371863,2025-06-28 22:01:26,43.3602638244629,-8.84092140197754,"Unknown"
"7014854",371863,2025-06-28 22:06:12,43.3602867126465,-8.84090232849121,"Unknown"
"7014854",371863,2025-06-28 22:11:35,43.3602523803711,-8.84094429016113,"Unknown"
"7014854",371863,2025-06-28 22:16:12,43.3602600097656,-8.84092426300049,"Unknown"
"7014854",371863,2025-06-28 22:21:12,43.3602447509766,-8.84091091156006,"Unknown"
"7014854",371863,2025-06-28 22:26:12,43.3602256774902,-8.84097194671631,"Unknown"
"7014854",371863,2025-06-28 22:31:12,43.3602638244629,-8.84092903137207,"Unknown"
"7014854",371863,2025-06-28 22:36:11,43.3602485656738,-8.8409538269043,"Unknown"
"7014854",371863,2025-06-28 22:41:11,43.3602142333984,-8.84086132049561,"Unknown"
"7014854",371863,2025-06-28 22:46:12,43.3602485656738,-8.84096431732178,"Unknown"
"7014854",371863,2025-06-28 22:51:12,43.3601951599121,-8.8409252166748,"Unknown"
"7014854",371863,2025-06-28 22:56:12,43.3602294921875,-8.84091377258301,"Unknown"
"7014854",371863,2025-06-28 23:01:12,43.3601608276367,-8.84091854095459,"Unknown"
"7014854",371863,2025-06-28 23:06:11,43.3688430786133,-8.83001804351807,"Unknown"
"7014854",371863,2025-06-28 23:11:12,43.3709182739258,-8.84176635742188,"Unknown"
"7014854",371863,2025-06-28 23:16:12,43.3708267211914,-8.8415470123291,"Unknown"
"7014854",371863,2025-06-28 23:21:15,43.3707695007324,-8.84111881256104,"Unknown"
"7014854",371863,2025-06-28 23:26:13,43.3701477050781,-8.8549919128418,"Unknown"
"7014854",371863,2025-06-28 23:31:15,43.3703384399414,-8.85479545593262,"Unknown"
"7014854",371863,2025-06-28 23:36:12,43.3698120117188,-8.85312843322754,"Unknown"
"7014854",371863,2025-06-28 23:41:12,43.3599815368652,-8.8405179977417,"Unknown"
"7014854",371863,2025-06-28 23:46:13,43.3597412109375,-8.84040832519531,"Unknown"
"7014854",371863,2025-06-28 23:51:13,43.35986328125,-8.84065246582031,"Unknown"
"7014854",371863,2025-06-28 23:56:12,43.3602180480957,-8.84088039398193,"Unknown"
"7014854",371863,2025-06-29 00:01:14,43.3602638244629,-8.84083271026611,"Unknown"
"7014854",371863,2025-06-29 00:06:12,43.3600921630859,-8.84073448181152,"Unknown"
"7014854",371863,2025-06-29 00:11:15,43.360164642334,-8.84078121185303,"Unknown"
"7014854",371863,2025-06-29 00:16:11,43.360164642334,-8.84075355529785,"Unknown"
"7014854",371863,2025-06-29 00:21:13,43.3600654602051,-8.84072685241699,"Unknown"
"7014854",371863,2025-06-29 00:26:13,43.3602180480957,-8.84084129333496,"Unknown"
"7014854",371863,2025-06-29 00:31:12,43.3601913452148,-8.8408031463623,"Unknown"
"7014854",371863,2025-06-29 00:36:12,43.3602981567383,-8.84092712402344,"Unknown"
"7014854",371863,2025-06-29 00:41:12,43.3602867126465,-8.84092903137207,"Unknown"
"7014854",371863,2025-06-29 00:46:12,43.3603057861328,-8.84092330932617,"Unknown"
"7014854",371863,2025-06-29 00:51:12,43.3603515625,-8.84094142913818,"Unknown"
"7014854",371863,2025-06-29 00:56:12,43.3601188659668,-8.84089851379395,"Unknown"
"7014854",371863,2025-06-29 01:01:12,43.3601608276367,-8.8409481048584,"Unknown"
"7014854",371863,2025-06-29 01:06:13,43.3603286743164,-8.84084606170654,"Unknown"
"7014854",371863,2025-06-29 01:11:12,43.3603591918945,-8.84059619903564,"Unknown"
"7014854",371863,2025-06-29 01:16:12,43.3602905273438,-8.84060764312744,"Unknown"
"7014854",371863,2025-06-29 01:21:12,43.3604125976562,-8.84055233001709,"Unknown"
"7014854",371863,2025-06-29 01:26:13,43.3603286743164,-8.84059047698975,"Unknown"
"7014854",371863,2025-06-29 01:31:14,43.3601303100586,-8.84125137329102,"Unknown"
"7014854",371863,2025-06-29 01:36:35,43.3603057861328,-8.84059429168701,"Unknown"
"7014854",371863,2025-06-29 01:41:12,43.360279083252,-8.84080410003662,"Unknown"
"7014854",371863,2025-06-29 01:46:15,43.3603439331055,-8.84052181243896,"Unknown"
"7014854",371863,2025-06-29 01:51:13,43.360279083252,-8.8406457901001,"Unknown"
"7014854",371863,2025-06-29 01:56:13,43.3602905273438,-8.84063816070557,"Unknown"
"7014854",371863,2025-06-29 02:01:13,43.3603057861328,-8.84063339233398,"Unknown"
"7014854",371863,2025-06-29 02:06:14,43.3602409362793,-8.84058094024658,"Unknown"
"7014854",371863,2025-06-29 02:11:15,43.3602828979492,-8.84062576293945,"Unknown"
"7014854",371863,2025-06-29 02:16:35,43.3602333068848,-8.84080410003662,"Unknown"
"7014854",371863,2025-06-29 02:21:12,43.3603591918945,-8.84097576141357,"Unknown"
"7014854",371863,2025-06-29 02:26:12,43.3604125976562,-8.84103870391846,"Unknown"
"7014854",371863,2025-06-29 02:31:14,43.3609504699707,-8.84161472320557,"Unknown"
"7014854",371863,2025-06-29 02:36:13,43.3604507446289,-8.84115409851074,"Unknown"
"7014854",371863,2025-06-29 02:41:12,43.3605842590332,-8.8412446975708,"Unknown"
"7014854",371863,2025-06-29 02:46:12,43.365478515625,-8.83956432342529,"Unknown"
"7014854",371863,2025-06-29 02:51:13,43.368896484375,-8.83109569549561,"Unknown"
"7014854",371863,2025-06-29 02:56:14,43.3672790527344,-8.82554721832275,"Unknown"
"7014854",371863,2025-06-29 03:01:13,43.3650283813477,-8.82423877716064,"Unknown"
"7014854",371863,2025-06-29 03:06:15,43.362865447998,-8.82301044464111,"Unknown"
"7014854",371863,2025-06-29 03:11:16,43.3607864379883,-8.82128715515137,"Unknown"
"7014854",371863,2025-06-29 03:16:17,43.3594207763672,-8.82133483886719,"Unknown"
"7014854",371863,2025-06-29 03:21:15,43.3580703735352,-8.82096862792969,"Unknown"
"7014854",371863,2025-06-29 03:26:17,43.3588714599609,-8.82241249084473,"Unknown"
"7014854",371863,2025-06-29 03:31:18,43.3582344055176,-8.82254123687744,"Unknown"
"7014854",371863,2025-06-29 03:36:22,43.3571014404297,-8.82290554046631,"Unknown"
"7014854",371863,2025-06-29 03:41:15,43.3562049865723,-8.82348728179932,"Unknown"
"7014854",371863,2025-06-29 03:46:16,43.3551063537598,-8.82366561889648,"Unknown"
"7014854",371863,2025-06-29 03:51:18,43.3538665771484,-8.82392692565918,"Unknown"
"7014854",371863,2025-06-29 03:56:12,43.3543930053711,-8.82462978363037,"Unknown"
"7014854",371863,2025-06-29 04:01:13,43.3636322021484,-8.8273458480835,"Unknown"
"7014854",371863,2025-06-29 04:06:14,43.3614883422852,-8.84315967559814,"Unknown"
"7014854",371863,2025-06-29 04:11:21,43.3605117797852,-8.84066390991211,"Unknown"
"7014854",371863,2025-06-29 04:16:14,43.3605079650879,-8.84048080444336,"Unknown"
"7014854",371863,2025-06-29 04:21:13,43.3624610900879,-8.8438081741333,"Unknown"
"7014854",371863,2025-06-29 04:26:17,43.356517791748,-8.84687900543213,"Unknown"
"7014854",371863,2025-06-29 04:31:24,43.3475608825684,-8.83171463012695,"Unknown"
"7014854",371863,2025-06-29 04:36:12,43.3483963012695,-8.83859157562256,"Unknown"
"7014854",371863,2025-06-29 04:41:13,43.3232383728027,-8.85053443908691,"Unknown"
"7014854",371863,2025-06-29 04:46:13,43.299934387207,-8.86172485351562,"Unknown"
"7014854",371863,2025-06-29 04:51:35,43.2922210693359,-8.86228942871094,"Unknown"
"7014854",371863,2025-06-29 04:56:14,43.2925338745117,-8.86197566986084,"Unknown"
"7014854",371863,2025-06-29 05:01:15,43.292106628418,-8.86251449584961,"Unknown"
"7014854",371863,2025-06-29 05:06:14,43.2879524230957,-8.87123012542725,"Unknown"
"7014854",371863,2025-06-29 05:11:18,43.2840156555176,-8.87589454650879,"Unknown"
"7014854",371863,2025-06-29 05:16:18,43.2871170043945,-8.87218284606934,"Unknown"
"7014854",371863,2025-06-29 05:21:23,43.2841453552246,-8.874587059021,"Unknown"
"7014854",371863,2025-06-29 05:26:18,43.2806015014648,-8.87295055389404,"Unknown"
"7014854",371863,2025-06-29 05:31:35,43.2875900268555,-8.87170314788818,"Unknown"
"7014854",371863,2025-06-29 05:36:14,43.2877349853516,-8.87165927886963,"Unknown"
"7014854",371863,2025-06-29 05:41:11,43.287525177002,-8.87186622619629,"Unknown"
"7014854",371863,2025-06-29 05:46:13,43.2875289916992,-8.87160396575928,"Unknown"
"7014854",371863,2025-06-29 05:51:15,43.287654876709,-8.87173748016357,"Unknown"
"7014854",371863,2025-06-29 05:56:12,43.2876472473145,-8.87168121337891,"Unknown"
"7014854",371863,2025-06-29 06:01:18,43.2948570251465,-8.86328029632568,"Unknown"
"7014854",371863,2025-06-29 06:06:18,43.295726776123,-8.86162853240967,"Unknown"
"7014854",371863,2025-06-29 06:11:15,43.2952651977539,-8.86086750030518,"Unknown"
"7014854",371863,2025-06-29 06:16:13,43.31396484375,-8.85742092132568,"Unknown"
"7014854",371863,2025-06-29 06:21:12,43.3139457702637,-8.8574104309082,"Unknown"
"7014854",371863,2025-06-29 06:26:17,43.332447052002,-8.85440254211426,"Unknown"
"7014854",371863,2025-06-29 06:31:12,43.3599739074707,-8.84701728820801,"Unknown"
"7014854",371863,2025-06-29 06:36:19,43.3629913330078,-8.80625534057617,"Unknown"
"7014854",371863,2025-06-29 06:41:26,43.3630752563477,-8.80487155914307,"Unknown"
"7014854",371863,2025-06-29 06:46:30,43.3602905273438,-8.84098243713379,"Unknown"
"7014854",371863,2025-06-29 06:51:13,43.360279083252,-8.84087371826172,"Unknown"
"7014854",371863,2025-06-29 06:56:13,43.3603057861328,-8.84094524383545,"Unknown"
"7014854",371863,2025-06-29 07:01:12,43.3603363037109,-8.84095859527588,"Unknown"
"7014854",371863,2025-06-29 07:06:12,43.3603286743164,-8.84103775024414,"Unknown"
"7014854",371863,2025-06-29 07:11:12,43.3603019714355,-8.84114551544189,"Unknown"
"7014854",371863,2025-06-29 07:16:12,43.3603630065918,-8.84108352661133,"Unknown"
"7014854",371863,2025-06-29 07:21:14,43.3603820800781,-8.84109210968018,"Unknown"
"7014854",371863,2025-06-29 07:26:13,43.3604469299316,-8.84113693237305,"Unknown"
"7014854",371863,2025-06-29 07:31:13,43.3604049682617,-8.84112548828125,"Unknown"
"7014854",371863,2025-06-29 07:36:12,43.3604278564453,-8.84110641479492,"Unknown"
"7014854",371863,2025-06-29 07:41:12,43.3537521362305,-8.83859252929688,"Unknown"
"7014854",371863,2025-06-29 07:46:13,43.3276062011719,-8.84805202484131,"Unknown"
"7014854",371863,2025-06-29 07:51:12,43.2988243103027,-8.84537601470947,"Unknown"
"7014854",371863,2025-06-29 07:56:13,43.2944068908691,-8.83994960784912,"Unknown"
"7014854",371863,2025-06-29 08:01:50,43.2943916320801,-8.83992767333984,"Unknown"
"7014854",371863,2025-06-29 08:06:44,43.2943267822266,-8.83984279632568,"Unknown"
"7014854",371863,2025-06-29 08:11:44,43.294319152832,-8.83993053436279,"Unknown"
"7014854",371863,2025-06-29 08:16:24,43.2942123413086,-8.84003829956055,"Unknown"
"7014854",371863,2025-06-29 08:21:35,43.2943115234375,-8.83999252319336,"Unknown"
"7014854",371863,2025-06-29 08:26:15,43.2943687438965,-8.83997058868408,"Unknown"
"7014854",371863,2025-06-29 08:31:22,43.2943344116211,-8.84001541137695,"Unknown"
"7014854",371863,2025-06-29 08:36:54,43.2943649291992,-8.83996105194092,"Unknown"
"7014854",371863,2025-06-29 08:41:44,43.2943115234375,-8.8400821685791,"Unknown"
"7014854",371863,2025-06-29 08:46:44,43.294319152832,-8.83998680114746,"Unknown"
"7014854",371863,2025-06-29 08:51:14,43.2945785522461,-8.83999443054199,"Unknown"
"7014854",371863,2025-06-29 08:56:16,43.2943077087402,-8.8400936126709,"Unknown"
"7014854",371863,2025-06-29 09:01:16,43.2943725585938,-8.84041881561279,"Unknown"
"7014854",371863,2025-06-29 09:06:53,43.2943725585938,-8.83978939056396,"Unknown"
"7014854",371863,2025-06-29 09:11:13,43.2939910888672,-8.84000110626221,"Unknown"
"7014854",371863,2025-06-29 09:16:13,43.2944526672363,-8.83980655670166,"Unknown"
"7014854",371863,2025-06-29 09:21:13,43.2945098876953,-8.83981609344482,"Unknown"
"7014854",371863,2025-06-29 09:26:14,43.2943534851074,-8.83974266052246,"Unknown"
"7014854",371863,2025-06-29 09:31:13,43.2941360473633,-8.83989524841309,"Unknown"
"7014854",371863,2025-06-29 09:36:21,43.294319152832,-8.84011650085449,"Unknown"
"7014854",371863,2025-06-29 09:41:12,43.2943458557129,-8.83979225158691,"Unknown"
"7014854",371863,2025-06-29 09:46:13,43.2943916320801,-8.84011650085449,"Unknown"
"7014854",371863,2025-06-29 09:51:17,43.29443359375,-8.83969306945801,"Unknown"
"7014854",371863,2025-06-29 09:56:13,43.2944869995117,-8.83977031707764,"Unknown"
"7014854",371863,2025-06-29 10:01:13,43.2945098876953,-8.83956432342529,"Unknown"
"7014854",371863,2025-06-29 10:06:12,43.2944641113281,-8.83951282501221,"Unknown"
"7014854",371863,2025-06-29 10:11:15,43.2944869995117,-8.8399600982666,"Unknown"
"7014854",371863,2025-06-29 10:16:13,43.2935943603516,-8.8395357131958,"Unknown"
"7014854",371863,2025-06-29 10:21:13,43.289493560791,-8.83436679840088,"Unknown"
"7014854",371863,2025-06-29 10:26:19,43.2943801879883,-8.83936500549316,"Unknown"
"7014854",371863,2025-06-29 10:31:18,43.2944526672363,-8.8395357131958,"Unknown"
"7014854",371863,2025-06-29 10:36:16,43.2944679260254,-8.83935356140137,"Unknown"
"7014854",371863,2025-06-29 10:41:21,43.294376373291,-8.83950805664062,"Unknown"
"7014854",371863,2025-06-29 10:46:18,43.2943344116211,-8.83949375152588,"Unknown"
"7014854",371863,2025-06-29 10:51:21,43.2943649291992,-8.83931064605713,"Unknown"
"7014854",371863,2025-06-29 10:56:17,43.3140029907227,-8.85600185394287,"Unknown"
"7014854",371863,2025-06-29 11:01:15,43.3158683776855,-8.85671997070312,"Unknown"
"7014854",371863,2025-06-29 11:06:13,43.3374176025391,-8.84757709503174,"Unknown"
"7014854",371863,2025-06-29 11:11:14,43.3601875305176,-8.84042549133301,"Unknown"
"7014854",371863,2025-06-29 11:16:15,43.3601837158203,-8.84045886993408,"Unknown"
"7014854",371863,2025-06-29 11:21:15,43.3612060546875,-8.8409538269043,"Unknown"
"7014854",371863,2025-06-29 11:26:18,43.3612289428711,-8.84097671508789,"Unknown"
"7014854",371863,2025-06-29 11:31:14,43.3611106872559,-8.84098815917969,"Unknown"
"7014854",371863,2025-06-29 11:36:12,43.3603858947754,-8.84053134918213,"Unknown"
"7014854",371863,2025-06-29 11:41:12,43.3604049682617,-8.84049129486084,"Unknown"
"7014854",371863,2025-06-29 11:46:14,43.3606338500977,-8.84080982208252,"Unknown"
"7014854",371863,2025-06-29 11:51:13,43.3603248596191,-8.84075355529785,"Unknown"
"7014854",371863,2025-06-29 11:56:13,43.3609161376953,-8.84098243713379,"Unknown"
"7014854",371863,2025-06-29 12:01:13,43.3608436584473,-8.84100532531738,"Unknown"
"7014854",371863,2025-06-29 12:06:13,43.3608207702637,-8.84075736999512,"Unknown"
"7014854",371863,2025-06-29 12:11:16,43.3605728149414,-8.84098625183105,"Unknown"
"7014854",371863,2025-06-29 12:16:16,43.3606414794922,-8.84068012237549,"Unknown"
"7014854",371863,2025-06-29 12:21:14,43.3604774475098,-8.84060001373291,"Unknown"
"7014854",371863,2025-06-29 12:26:14,43.360221862793,-8.84044933319092,"Unknown"
"7014854",371863,2025-06-29 12:31:14,43.3602867126465,-8.84045505523682,"Unknown"
"7014854",371863,2025-06-29 12:36:14,43.3602409362793,-8.8404369354248,"Unknown"
"7014854",371863,2025-06-29 12:41:14,43.3602905273438,-8.84062385559082,"Unknown"
"7014854",371863,2025-06-29 12:46:14,43.3384666442871,-8.84356021881104,"Unknown"
"7014854",371863,2025-06-29 12:51:14,43.3234596252441,-8.84494400024414,"Unknown"
"7014854",371863,2025-06-29 12:56:14,43.2973861694336,-8.83957862854004,"Unknown"
"7014854",371863,2025-06-29 13:01:17,43.294506072998,-8.83948230743408,"Unknown"
"7014854",371863,2025-06-29 13:06:17,43.2944068908691,-8.83866310119629,"Unknown"
"7014854",371863,2025-06-29 13:11:24,43.2944488525391,-8.83949947357178,"Unknown"
"7014854",371863,2025-06-29 13:16:17,43.2941589355469,-8.84007835388184,"Unknown"
"7014854",371863,2025-06-29 13:21:15,43.2941131591797,-8.83924293518066,"Unknown"
"7014854",371863,2025-06-29 13:26:24,43.2944145202637,-8.83960151672363,"Unknown"
"7014854",371863,2025-06-29 13:31:20,43.2944717407227,-8.83952140808105,"Unknown"
"7014854",371863,2025-06-29 13:36:17,43.294261932373,-8.83997535705566,"Unknown"
"7014854",371863,2025-06-29 13:41:24,43.2944641113281,-8.83937549591064,"Unknown"
"7014854",371863,2025-06-29 13:46:23,43.2944641113281,-8.83947372436523,"Unknown"
"7014854",371863,2025-06-29 13:51:15,43.2944641113281,-8.83927345275879,"Unknown"
"7014854",371863,2025-06-29 13:56:18,43.2939453125,-8.8402214050293,"Unknown"
"7014854",371863,2025-06-29 14:01:19,43.2938919067383,-8.84023380279541,"Unknown"
"7014854",371863,2025-06-29 14:06:22,43.2941207885742,-8.83989906311035,"Unknown"
"7014854",371863,2025-06-29 14:11:17,43.2942085266113,-8.83973979949951,"Unknown"
"7014854",371863,2025-06-29 14:16:16,43.2939033508301,-8.84020042419434,"Unknown"
"7014854",371863,2025-06-29 14:21:16,43.2940788269043,-8.8397855758667,"Unknown"
"7014854",371863,2025-06-29 14:26:26,43.2942428588867,-8.8396053314209,"Unknown"
"7014854",371863,2025-06-29 14:31:16,43.2942047119141,-8.83957099914551,"Unknown"
"7014854",371863,2025-06-29 14:36:15,43.2940826416016,-8.83973217010498,"Unknown"
"7014854",371863,2025-06-29 14:41:17,43.294189453125,-8.8395528793335,"Unknown"
"7014854",371863,2025-06-29 14:46:18,43.2940635681152,-8.83973503112793,"Unknown"
"7014854",371863,2025-06-29 14:51:20,43.2941131591797,-8.8395471572876,"Unknown"
"7014854",371863,2025-06-29 14:56:22,43.294116973877,-8.83932018280029,"Unknown"
"7014854",371863,2025-06-29 15:01:28,43.2939453125,-8.83962821960449,"Unknown"
"7014854",371863,2025-06-29 15:06:14,43.2934989929199,-8.85733699798584,"Unknown"
"7014854",371863,2025-06-29 15:11:15,43.2974891662598,-8.86211681365967,"Unknown"
"7014854",371863,2025-06-29 15:16:15,43.3015785217285,-8.84426307678223,"Unknown"
"7014854",371863,2025-06-29 15:21:16,43.2825889587402,-8.83312511444092,"Unknown"
"7014854",371863,2025-06-29 15:26:22,43.2941665649414,-8.83918190002441,"Unknown"
"7014854",371863,2025-06-29 15:31:15,43.2944564819336,-8.83930397033691,"Unknown"
"7014854",371863,2025-06-29 15:36:22,43.2942085266113,-8.83894920349121,"Unknown"
"7014854",371863,2025-06-29 15:41:26,43.2943305969238,-8.83899116516113,"Unknown"
"7014854",371863,2025-06-29 15:46:17,43.2946968078613,-8.83946228027344,"Unknown"
"7014854",371863,2025-06-29 15:51:19,43.2945899963379,-8.83885097503662,"Unknown"
"7014854",371863,2025-06-29 15:56:16,43.2932434082031,-8.83636283874512,"Unknown"
"7014854",371863,2025-06-29 16:01:21,43.2945251464844,-8.83909893035889,"Unknown"
"7014854",371863,2025-06-29 16:06:14,43.2941551208496,-8.83858776092529,"Unknown"
"7014854",371863,2025-06-29 16:11:17,43.29345703125,-8.83686351776123,"Unknown"
"7014854",371863,2025-06-29 16:16:19,43.2943000793457,-8.83906745910645,"Unknown"
"7014854",371863,2025-06-29 16:21:23,43.2941131591797,-8.83904266357422,"Unknown"
"7014854",371863,2025-06-29 16:26:22,43.2945938110352,-8.84007930755615,"Unknown"
"7014854",371863,2025-06-29 16:31:21,43.294303894043,-8.83917045593262,"Unknown"
"7014854",371863,2025-06-29 16:36:24,43.2942810058594,-8.83935737609863,"Unknown"
"7014854",371863,2025-06-29 16:41:34,43.2943992614746,-8.83947086334229,"Unknown"
"7014854",371863,2025-06-29 16:46:14,43.2938804626465,-8.83866119384766,"Unknown"
"7014854",371863,2025-06-29 16:51:15,43.300407409668,-8.84205341339111,"Unknown"
"7014854",371863,2025-06-29 16:56:18,43.3137588500977,-8.85535907745361,"Unknown"
"7014854",371863,2025-06-29 17:01:15,43.3138236999512,-8.85574340820312,"Unknown"
"7014854",371863,2025-06-29 17:06:13,43.3288650512695,-8.85011768341064,"Unknown"
"7014854",371863,2025-06-29 17:11:14,43.3523902893066,-8.84191226959229,"Unknown"
"7014854",371863,2025-06-29 17:16:18,43.3598251342773,-8.83994388580322,"Unknown"
"7014854",371863,2025-06-29 17:21:19,43.3602333068848,-8.84077072143555,"Unknown"
"7014854",371863,2025-06-29 17:26:15,43.3596229553223,-8.83964538574219,"Unknown"
"7014854",371863,2025-06-29 17:31:14,43.3595237731934,-8.83950805664062,"Unknown"
"7014854",371863,2025-06-29 17:36:21,43.3602905273438,-8.84031963348389,"Unknown"
"7014854",371863,2025-06-29 17:41:15,43.3596038818359,-8.83971881866455,"Unknown"
"7014854",371863,2025-06-29 17:46:18,43.3594589233398,-8.83957290649414,"Unknown"
"7014854",371863,2025-06-29 17:51:13,43.3599891662598,-8.84144687652588,"Unknown"
"7014854",371863,2025-06-29 17:56:13,43.3600425720215,-8.84144878387451,"Unknown"
"7014854",371863,2025-06-29 18:01:14,43.3598594665527,-8.84159660339355,"Unknown"
"7014854",371863,2025-06-29 18:06:15,43.3598670959473,-8.8415470123291,"Unknown"
"7014854",371863,2025-06-29 18:11:15,43.3599815368652,-8.84129238128662,"Unknown"
"7014854",371863,2025-06-29 18:16:19,43.3586578369141,-8.84002113342285,"Unknown"
"7014854",371863,2025-06-29 18:21:14,43.3605117797852,-8.84150218963623,"Unknown"
"7014854",371863,2025-06-29 18:26:16,43.3605308532715,-8.84144115447998,"Unknown"
"7014854",371863,2025-06-29 18:31:15,43.3606109619141,-8.84145641326904,"Unknown"
"7014854",371863,2025-06-29 18:36:14,43.3607215881348,-8.84130573272705,"Unknown"
"7014854",371863,2025-06-29 18:41:14,43.3608016967773,-8.84118843078613,"Unknown"
"7014854",371863,2025-06-29 18:46:15,43.3608856201172,-8.84107398986816,"Unknown"
"7014854",371863,2025-06-29 18:51:13,43.360595703125,-8.84131240844727,"Unknown"
"7014854",371863,2025-06-29 18:56:14,43.3596687316895,-8.84189987182617,"Unknown"
"7014854",371863,2025-06-29 19:01:18,43.3597183227539,-8.84185218811035,"Unknown"
"7014854",371863,2025-06-29 19:06:19,43.3598976135254,-8.84150886535645,"Unknown"
"7014854",371863,2025-06-29 19:11:14,43.3592758178711,-8.84203243255615,"Unknown"
"7014854",371863,2025-06-29 19:16:35,43.3601837158203,-8.84121704101562,"Unknown"
"7014854",371863,2025-06-29 19:21:13,43.3602409362793,-8.84106636047363,"Unknown"
"7014854",371863,2025-06-29 19:26:13,43.3600921630859,-8.84116744995117,"Unknown"
"7014854",371863,2025-06-29 19:31:13,43.3602638244629,-8.84097671508789,"Unknown"
"7014854",371863,2025-06-29 19:36:14,43.3603134155273,-8.84071350097656,"Unknown"
"7014854",371863,2025-06-29 19:41:13,43.3601722717285,-8.84095096588135,"Unknown"
"7014854",371863,2025-06-29 19:46:14,43.3602714538574,-8.84086513519287,"Unknown"
"7014854",371863,2025-06-29 19:51:14,43.3603553771973,-8.8407678604126,"Unknown"
"7014854",371863,2025-06-29 19:56:24,43.3603172302246,-8.84085845947266,"Unknown"
"7014854",371863,2025-06-29 20:01:17,43.3603019714355,-8.84025287628174,"Unknown"
"7014854",371863,2025-06-29 20:06:24,43.3602714538574,-8.84085369110107,"Unknown"
"7014854",371863,2025-06-29 20:11:13,43.3602523803711,-8.84076404571533,"Unknown"
"7014854",371863,2025-06-29 20:16:24,43.3603057861328,-8.84076976776123,"Unknown"
"7014854",371863,2025-06-29 20:21:22,43.3603744506836,-8.84069061279297,"Unknown"
"7014854",371863,2025-06-29 20:26:27,43.3603210449219,-8.84081077575684,"Unknown"
"7014854",371863,2025-06-29 20:31:29,43.3603858947754,-8.84065437316895,"Unknown"
"7014854",371863,2025-06-29 20:36:15,43.3603057861328,-8.84089374542236,"Unknown"
"7014854",371863,2025-06-29 20:41:25,43.3603248596191,-8.84073543548584,"Unknown"
"7014854",371863,2025-06-29 20:46:13,43.3605155944824,-8.84076595306396,"Unknown"
"7014854",371863,2025-06-29 20:51:25,43.3602828979492,-8.84081172943115,"Unknown"
"7014854",371863,2025-06-29 20:56:19,43.3602905273438,-8.84088325500488,"Unknown"
"7014854",371863,2025-06-29 21:01:36,43.3605422973633,-8.84429359436035,"Unknown"
"7014854",371863,2025-06-29 21:06:17,43.3602561950684,-8.84088706970215,"Unknown"
"7014854",371863,2025-06-29 21:11:17,43.3602027893066,-8.8408727645874,"Unknown"
"7014854",371863,2025-06-29 21:16:14,43.3613395690918,-8.84063053131104,"Unknown"
"7014854",371863,2025-06-29 21:21:14,43.3603172302246,-8.84094619750977,"Unknown"
"7014854",371863,2025-06-29 21:26:13,43.3603706359863,-8.84098243713379,"Unknown"
"7014854",371863,2025-06-29 21:31:13,43.3609809875488,-8.84123229980469,"Unknown"
"7014854",371863,2025-06-29 21:36:12,43.3602981567383,-8.84102058410645,"Unknown"
"7014854",371863,2025-06-29 21:41:13,43.360725402832,-8.84195518493652,"Unknown"
"7014854",371863,2025-06-29 21:46:13,43.3613929748535,-8.84024238586426,"Unknown"
"7014854",371863,2025-06-29 21:51:13,43.3601875305176,-8.84076595306396,"Unknown"
"7014854",371863,2025-06-29 21:56:13,43.3611640930176,-8.84157752990723,"Unknown"
"7014854",371863,2025-06-29 22:01:13,43.3603172302246,-8.84097957611084,"Unknown"
"7014854",371863,2025-06-29 22:06:13,43.3603096008301,-8.84096813201904,"Unknown"
"7014854",371863,2025-06-29 22:11:13,43.3600959777832,-8.84227752685547,"Unknown"
"7014854",371863,2025-06-29 22:16:13,43.3601493835449,-8.84090042114258,"Unknown"
"7014854",371863,2025-06-29 22:21:13,43.3601608276367,-8.84206581115723,"Unknown"
"7014854",371863,2025-06-29 22:26:15,43.3608474731445,-8.84099769592285,"Unknown"
"7014854",371863,2025-06-29 22:31:14,43.3600120544434,-8.84086227416992,"Unknown"
"7014854",371863,2025-06-29 22:36:14,43.3600921630859,-8.84078216552734,"Unknown"
"7014854",371863,2025-06-29 22:41:14,43.3600578308105,-8.8408145904541,"Unknown"
"7014854",371863,2025-06-29 22:46:14,43.3600387573242,-8.84077835083008,"Unknown"
"7014854",371863,2025-06-29 22:51:14,43.3623809814453,-8.84088802337646,"Unknown"
"7014854",371863,2025-06-29 22:56:15,43.3607521057129,-8.8416576385498,"Unknown"
"7014854",371863,2025-06-29 23:01:35,43.3598861694336,-8.84039878845215,"Unknown"
"7014854",371863,2025-06-29 23:06:12,43.3600196838379,-8.84035587310791,"Unknown"
"7014854",371863,2025-06-29 23:11:13,43.3598327636719,-8.84028816223145,"Unknown"
"7014854",371863,2025-06-29 23:16:12,43.3599662780762,-8.84024429321289,"Unknown"
"7014854",371863,2025-06-29 23:21:14,43.3597259521484,-8.84020328521729,"Unknown"
"7014854",371863,2025-06-29 23:26:19,43.3597221374512,-8.84039497375488,"Unknown"
"7014854",371863,2025-06-29 23:31:13,43.3597106933594,-8.84030914306641,"Unknown"
"7014854",371863,2025-06-29 23:36:13,43.3595237731934,-8.84018421173096,"Unknown"
"7014854",371863,2025-06-29 23:41:13,43.360164642334,-8.84065914154053,"Unknown"
"7014854",371863,2025-06-29 23:46:13,43.360179901123,-8.84070110321045,"Unknown"
"7014854",371863,2025-06-29 23:51:13,43.3602142333984,-8.84061431884766,"Unknown"
"7014854",371863,2025-06-29 23:56:12,43.360221862793,-8.84071826934814,"Unknown"
"7014854",371863,2025-06-30 00:01:13,43.3602638244629,-8.84064197540283,"Unknown"
"7014854",371863,2025-06-30 00:06:13,43.3603744506836,-8.8406867980957,"Unknown"
"7014854",371863,2025-06-30 00:11:13,43.3602867126465,-8.84064292907715,"Unknown"
"7014854",371863,2025-06-30 00:16:16,43.3602142333984,-8.84073638916016,"Unknown"
"7014854",371863,2025-06-30 00:21:13,43.3603172302246,-8.84049797058105,"Unknown"
"7014854",371863,2025-06-30 00:26:17,43.3603820800781,-8.84075736999512,"Unknown"
"7014854",371863,2025-06-30 00:31:14,43.3603515625,-8.84055137634277,"Unknown"
"7014854",371863,2025-06-30 00:36:14,43.3603973388672,-8.84066486358643,"Unknown"
"7014854",371863,2025-06-30 00:41:13,43.3604393005371,-8.84063339233398,"Unknown"
"7014854",371863,2025-06-30 00:46:13,43.360481262207,-8.84067916870117,"Unknown"
"7014854",371863,2025-06-30 00:51:13,43.3604774475098,-8.84068584442139,"Unknown"
"7014854",371863,2025-06-30 00:56:13,43.3604354858398,-8.84071063995361,"Unknown"
"7014854",371863,2025-06-30 01:01:13,43.3601989746094,-8.84073162078857,"Unknown"
"7014854",371863,2025-06-30 01:06:21,43.3603134155273,-8.8408842086792,"Unknown"
"7014854",371863,2025-06-30 01:11:23,43.3603553771973,-8.84093761444092,"Unknown"
"7014854",371863,2025-06-30 01:16:13,43.3605651855469,-8.84101295471191,"Unknown"
"7014854",371863,2025-06-30 01:21:14,43.3603668212891,-8.84097480773926,"Unknown"
"7014854",371863,2025-06-30 01:26:14,43.360237121582,-8.84089660644531,"Unknown"
"7014854",371863,2025-06-30 01:31:14,43.3603019714355,-8.84094142913818,"Unknown"
"7014854",371863,2025-06-30 01:36:15,43.3602447509766,-8.84089374542236,"Unknown"
"7014854",371863,2025-06-30 01:41:14,43.360237121582,-8.84089374542236,"Unknown"
"7014854",371863,2025-06-30 01:46:13,43.3601570129395,-8.84082221984863,"Unknown"
"7014854",371863,2025-06-30 01:51:15,43.3603286743164,-8.84092617034912,"Unknown"
"7014854",371863,2025-06-30 01:56:15,43.3606605529785,-8.84108448028564,"Unknown"
"7014854",371863,2025-06-30 02:01:14,43.3602066040039,-8.84081554412842,"Unknown"
"7014854",371863,2025-06-30 02:06:14,43.3602714538574,-8.84085083007812,"Unknown"
"7014854",371863,2025-06-30 02:11:14,43.3602905273438,-8.84081268310547,"Unknown"
"7014854",371863,2025-06-30 02:16:15,43.3605880737305,-8.84116840362549,"Unknown"
"7014854",371863,2025-06-30 02:21:14,43.3608093261719,-8.84134006500244,"Unknown"
"7014854",371863,2025-06-30 02:26:14,43.3607177734375,-8.84120941162109,"Unknown"
"7014854",371863,2025-06-30 02:31:14,43.3608322143555,-8.8412971496582,"Unknown"
"7014854",371863,2025-06-30 02:36:14,43.3608932495117,-8.84140491485596,"Unknown"
"7014854",371863,2025-06-30 02:41:15,43.3608360290527,-8.84136009216309,"Unknown"
"7014854",371863,2025-06-30 02:46:13,43.360897064209,-8.84141159057617,"Unknown"
"7014854",371863,2025-06-30 02:51:15,43.3608741760254,-8.84147071838379,"Unknown"
"7014854",371863,2025-06-30 02:56:14,43.360897064209,-8.84149360656738,"Unknown"
"7014854",371863,2025-06-30 03:01:16,43.3608055114746,-8.84135723114014,"Unknown"
"7014854",371863,2025-06-30 03:06:15,43.3607978820801,-8.84132385253906,"Unknown"
"7014854",371863,2025-06-30 03:11:14,43.3604965209961,-8.84114074707031,"Unknown"
"7014854",371863,2025-06-30 03:16:14,43.360523223877,-8.84112644195557,"Unknown"
"7014854",371863,2025-06-30 03:21:13,43.3605461120605,-8.84103393554688,"Unknown"
"7014854",371863,2025-06-30 03:26:14,43.3604316711426,-8.84118366241455,"Unknown"
"7014854",371863,2025-06-30 03:31:16,43.360481262207,-8.84112930297852,"Unknown"
"7014854",371863,2025-06-30 03:36:13,43.3602561950684,-8.84139633178711,"Unknown"
"7014854",371863,2025-06-30 03:41:14,43.3604316711426,-8.84116649627686,"Unknown"
"7014854",371863,2025-06-30 03:46:15,43.3700256347656,-8.83554935455322,"Unknown"
"7014854",371863,2025-06-30 03:51:17,43.3713264465332,-8.83296394348145,"Unknown"
"7014854",371863,2025-06-30 03:56:14,43.3705024719238,-8.8338041305542,"Unknown"
"7014854",371863,2025-06-30 04:01:16,43.3695182800293,-8.83394813537598,"Unknown"
"7014854",371863,2025-06-30 04:06:14,43.3693885803223,-8.83275318145752,"Unknown"
"7014854",371863,2025-06-30 04:11:22,43.3697509765625,-8.83298969268799,"Unknown"
"7014854",371863,2025-06-30 04:16:17,43.3697814941406,-8.83163833618164,"Unknown"
"7014854",371863,2025-06-30 04:21:14,43.3719749450684,-8.83937072753906,"Unknown"
"7014854",371863,2025-06-30 04:26:16,43.371639251709,-8.83567714691162,"Unknown"
"7014854",371863,2025-06-30 04:31:14,43.3613891601562,-8.83818626403809,"Unknown"
"7014854",371863,2025-06-30 04:36:15,43.3600120544434,-8.84136772155762,"Unknown"
"7014854",371863,2025-06-30 04:41:14,43.3600997924805,-8.84120655059814,"Unknown"
"7014854",371863,2025-06-30 04:46:15,43.3601531982422,-8.84128475189209,"Unknown"
"7014854",371863,2025-06-30 04:51:17,43.3600654602051,-8.84106063842773,"Unknown"
"7014854",371863,2025-06-30 04:56:17,43.3612747192383,-8.8402853012085,"Unknown"
"7014854",371863,2025-06-30 05:01:13,43.3603820800781,-8.84101963043213,"Unknown"
"7014854",371863,2025-06-30 05:06:16,43.3603363037109,-8.840895652771,"Unknown"
"7014854",371863,2025-06-30 05:11:14,43.3603210449219,-8.84077548980713,"Unknown"
"7014854",371863,2025-06-30 05:16:15,43.3601150512695,-8.84057998657227,"Unknown"
"7014854",371863,2025-06-30 05:21:14,43.3564147949219,-8.83761501312256,"Unknown"
"7014854",371863,2025-06-30 05:26:16,43.351619720459,-8.83948230743408,"Unknown"
"7014854",371863,2025-06-30 05:32:36,43.3612442016602,-8.84421348571777,"Unknown"
"7014854",371863,2025-06-30 05:36:13,43.3615570068359,-8.84381580352783,"Unknown"
"7014854",371863,2025-06-30 05:41:16,43.3570938110352,-8.83436107635498,"Unknown"
"7014854",371863,2025-06-30 05:46:16,43.3564758300781,-8.83396530151367,"Unknown"
"7014854",371863,2025-06-30 05:51:15,43.3570709228516,-8.8336124420166,"Unknown"
"7014854",371863,2025-06-30 05:56:14,43.3562660217285,-8.83489513397217,"Unknown"
"7014854",371863,2025-06-30 06:01:14,43.3573951721191,-8.83471393585205,"Unknown"
"7014854",371863,2025-06-30 06:06:17,43.3610763549805,-8.84099388122559,"Unknown"
"7014854",371863,2025-06-30 06:11:15,43.3531837463379,-8.83325576782227,"Unknown"
"7014854",371863,2025-06-30 06:16:14,43.3233871459961,-8.84430503845215,"Unknown"
"7014854",371863,2025-06-30 06:21:18,43.3096771240234,-8.84908866882324,"Unknown"
"7014854",371863,2025-06-30 06:26:14,43.3101387023926,-8.84934711456299,"Unknown"
"7014854",371863,2025-06-30 06:31:16,43.3283958435059,-8.84742069244385,"Unknown"
"7014854",371863,2025-06-30 06:36:21,43.2980804443359,-8.84737014770508,"Unknown"
"7014854",371863,2025-06-30 06:41:24,43.2943496704102,-8.84036064147949,"Unknown"
"7014854",371863,2025-06-30 06:46:14,43.294376373291,-8.84051895141602,"Unknown"
"7014854",371863,2025-06-30 06:51:14,43.2943840026855,-8.84053611755371,"Unknown"
"7014854",371863,2025-06-30 06:56:13,43.2943420410156,-8.84042930603027,"Unknown"
"7014854",371863,2025-06-30 07:01:17,43.2916793823242,-8.82792568206787,"Unknown"
"7014854",371863,2025-06-30 07:06:16,43.2938499450684,-8.84052658081055,"Unknown"
"7014854",371863,2025-06-30 07:11:17,43.2943801879883,-8.83992862701416,"Unknown"
"7014854",371863,2025-06-30 07:16:23,43.2945137023926,-8.83991241455078,"Unknown"
"7014854",371863,2025-06-30 07:21:32,43.2945327758789,-8.83999729156494,"Unknown"
"7014854",371863,2025-06-30 07:26:16,43.2944755554199,-8.83994674682617,"Unknown"
"7014854",371863,2025-06-30 07:31:14,43.2944755554199,-8.83963012695312,"Unknown"
"7014854",371863,2025-06-30 07:36:13,43.294376373291,-8.83957767486572,"Unknown"
"7014854",371863,2025-06-30 07:41:14,43.2944946289062,-8.83984756469727,"Unknown"
"7014854",371863,2025-06-30 07:46:13,43.2944145202637,-8.83954620361328,"Unknown"
"7014854",371863,2025-06-30 07:51:35,43.2944030761719,-8.83962345123291,"Unknown"
"7014854",371863,2025-06-30 07:56:14,43.2943687438965,-8.83957099914551,"Unknown"
"7014854",371863,2025-06-30 08:01:17,43.294319152832,-8.83967304229736,"Unknown"
"7014854",371863,2025-06-30 08:06:14,43.2942771911621,-8.8398323059082,"Unknown"
"7014854",371863,2025-06-30 08:11:17,43.2944183349609,-8.83962345123291,"Unknown"
"7014854",371863,2025-06-30 08:16:21,43.2941436767578,-8.83996486663818,"Unknown"
"7014854",371863,2025-06-30 08:21:14,43.2942161560059,-8.83973789215088,"Unknown"
"7014854",371863,2025-06-30 08:26:35,43.2944374084473,-8.83976268768311,"Unknown"
"7014854",371863,2025-06-30 08:31:13,43.2943382263184,-8.83968162536621,"Unknown"
"7014854",371863,2025-06-30 08:37:36,43.2942810058594,-8.83984184265137,"Unknown"
"7014854",371863,2025-06-30 08:41:13,43.294490814209,-8.83985042572021,"Unknown"
"7014854",371863,2025-06-30 08:47:36,43.2942008972168,-8.83984565734863,"Unknown"
"7014854",371863,2025-06-30 08:51:14,43.2943420410156,-8.83981513977051,"Unknown"
"7014854",371863,2025-06-30 08:56:15,43.294319152832,-8.83964538574219,"Unknown"
"7014854",371863,2025-06-30 09:01:14,43.2942771911621,-8.83999729156494,"Unknown"
"7014854",371863,2025-06-30 09:06:13,43.2943992614746,-8.83983325958252,"Unknown"
"7014854",371863,2025-06-30 09:11:13,43.2943954467773,-8.83990097045898,"Unknown"
"7014854",371863,2025-06-30 09:16:13,43.2944221496582,-8.84001064300537,"Unknown"
"7014854",371863,2025-06-30 09:21:12,43.2944221496582,-8.8398551940918,"Unknown"
"7014854",371863,2025-06-30 09:26:15,43.2944221496582,-8.83986568450928,"Unknown"
"7014854",371863,2025-06-30 09:31:13,43.2945442199707,-8.83982849121094,"Unknown"
"7014854",371863,2025-06-30 09:36:14,43.2943382263184,-8.83996200561523,"Unknown"
"7014854",371863,2025-06-30 09:41:13,43.2945404052734,-8.83981227874756,"Unknown"
"7014854",371863,2025-06-30 09:46:18,43.2944831848145,-8.83976554870605,"Unknown"
"7014854",371863,2025-06-30 09:51:19,43.2944869995117,-8.83968353271484,"Unknown"
"7014854",371863,2025-06-30 09:56:33,43.2942733764648,-8.84008121490479,"Unknown"
"7014854",371863,2025-06-30 10:01:13,43.2942008972168,-8.83977222442627,"Unknown"
"7014854",371863,2025-06-30 10:06:38,43.2942314147949,-8.8401050567627,"Unknown"
"7014854",371863,2025-06-30 10:11:15,43.2944068908691,-8.83994293212891,"Unknown"
"7014854",371863,2025-06-30 10:16:13,43.2942848205566,-8.84016132354736,"Unknown"
"7014854",371863,2025-06-30 10:21:15,43.2943649291992,-8.84002780914307,"Unknown"
"7014854",371863,2025-06-30 10:26:30,43.2944145202637,-8.83984756469727,"Unknown"
"7014854",371863,2025-06-30 10:31:35,43.2944564819336,-8.83978748321533,"Unknown"
"7014854",371863,2025-06-30 10:36:13,43.2942886352539,-8.83971309661865,"Unknown"
"7014854",371863,2025-06-30 10:42:36,43.2945022583008,-8.83982276916504,"Unknown"
"7014854",371863,2025-06-30 10:46:14,43.2943534851074,-8.83990859985352,"Unknown"
"7014854",371863,2025-06-30 10:51:14,43.2944030761719,-8.83963203430176,"Unknown"
"7014854",371863,2025-06-30 10:56:13,43.301082611084,-8.84298229217529,"Unknown"
"7014854",371863,2025-06-30 11:01:14,43.3141784667969,-8.85713005065918,"Unknown"
"7014854",371863,2025-06-30 11:06:15,43.3141822814941,-8.85707092285156,"Unknown"
"7014854",371863,2025-06-30 11:11:14,43.3299522399902,-8.84697341918945,"Unknown"
"7014854",371863,2025-06-30 11:16:13,43.3579940795898,-8.84691143035889,"Unknown"
"7014854",371863,2025-06-30 11:21:16,43.3605690002441,-8.84120655059814,"Unknown"
"7014854",371863,2025-06-30 11:26:16,43.3604164123535,-8.84109592437744,"Unknown"
"7014854",371863,2025-06-30 11:31:17,43.3603820800781,-8.84097385406494,"Unknown"
"7014854",371863,2025-06-30 11:36:15,43.3603630065918,-8.84106349945068,"Unknown"
"7014854",371863,2025-06-30 11:41:21,43.3602409362793,-8.84091567993164,"Unknown"
"7014854",371863,2025-06-30 11:46:22,43.3602333068848,-8.84092044830322,"Unknown"
"7014854",371863,2025-06-30 11:51:35,43.3602066040039,-8.84090518951416,"Unknown"
"7014854",371863,2025-06-30 11:56:13,43.360279083252,-8.84092044830322,"Unknown"
"7014854",371863,2025-06-30 12:01:13,43.3602180480957,-8.84097576141357,"Unknown"
"7014854",371863,2025-06-30 12:06:13,43.3822326660156,-8.8452091217041,"Unknown"
"7014854",371863,2025-06-30 12:11:14,43.392707824707,-8.85701560974121,"Unknown"
"7014854",371863,2025-06-30 12:16:15,43.3929061889648,-8.85666942596436,"Unknown"
"7014854",371863,2025-06-30 12:21:18,43.3927230834961,-8.85667419433594,"Unknown"
"7014854",371863,2025-06-30 12:26:13,43.3695411682129,-8.8455982208252,"Unknown"
"7014854",371863,2025-06-30 12:31:13,43.3599510192871,-8.84084606170654,"Unknown"
"7014854",371863,2025-06-30 12:36:15,43.3600959777832,-8.84093284606934,"Unknown"
"7014854",371863,2025-06-30 12:41:13,43.3602752685547,-8.8411340713501,"Unknown"
"7014854",371863,2025-06-30 12:46:21,43.3601531982422,-8.84094524383545,"Unknown"
"7014854",371863,2025-06-30 12:51:12,43.3601760864258,-8.84091949462891,"Unknown"
"7014854",371863,2025-06-30 12:56:15,43.3601875305176,-8.84102535247803,"Unknown"
"7014854",371863,2025-06-30 13:01:14,43.3602485656738,-8.84097480773926,"Unknown"
"7014854",371863,2025-06-30 13:06:13,43.3602905273438,-8.84103393554688,"Unknown"
"7014854",371863,2025-06-30 13:11:13,43.3601684570312,-8.84090328216553,"Unknown"
"7014854",371863,2025-06-30 13:16:22,43.3602828979492,-8.84092998504639,"Unknown"
"7014854",371863,2025-06-30 13:21:14,43.360164642334,-8.84098720550537,"Unknown"
"7014854",371863,2025-06-30 13:26:13,43.3601989746094,-8.84095001220703,"Unknown"
"7014854",371863,2025-06-30 13:31:15,43.3602256774902,-8.84098434448242,"Unknown"
"7014854",371863,2025-06-30 13:36:15,43.3602180480957,-8.84103393554688,"Unknown"
"7014854",371863,2025-06-30 13:41:14,43.3602180480957,-8.84081268310547,"Unknown"
"7014854",371863,2025-06-30 13:46:16,43.3603057861328,-8.84097003936768,"Unknown"
"7014854",371863,2025-06-30 13:51:16,43.3603668212891,-8.84057235717773,"Unknown"
"7014854",371863,2025-06-30 13:56:15,43.3602447509766,-8.84096717834473,"Unknown"
"7014854",371863,2025-06-30 14:01:19,43.360237121582,-8.84098434448242,"Unknown"
"7014854",371863,2025-06-30 14:06:16,43.3602142333984,-8.84092807769775,"Unknown"
"7014854",371863,2025-06-30 14:11:17,43.3602447509766,-8.84092998504639,"Unknown"
"7014854",371863,2025-06-30 14:16:15,43.3602066040039,-8.8408899307251,"Unknown"
"7014854",371863,2025-06-30 14:21:16,43.3602027893066,-8.84091186523438,"Unknown"
"7014854",371863,2025-06-30 14:26:33,43.360279083252,-8.84099674224854,"Unknown"
"7014854",371863,2025-06-30 14:31:13,43.3602867126465,-8.84102058410645,"Unknown"
"7014854",371863,2025-06-30 14:36:14,43.3603515625,-8.84103965759277,"Unknown"
"7014854",371863,2025-06-30 14:41:14,43.3602905273438,-8.84097671508789,"Unknown"
"7014854",371863,2025-06-30 14:46:13,43.3602752685547,-8.84100246429443,"Unknown"
"7014854",371863,2025-06-30 14:51:15,43.3602752685547,-8.84080410003662,"Unknown"
"7014854",371863,2025-06-30 14:56:16,43.3602981567383,-8.84102249145508,"Unknown"
"7014854",371863,2025-06-30 15:01:16,43.3603324890137,-8.84102725982666,"Unknown"
"7014854",371863,2025-06-30 15:06:17,43.3603286743164,-8.8410472869873,"Unknown"
"7014854",371863,2025-06-30 15:11:17,43.3605918884277,-8.84127235412598,"Unknown"
"7014854",371863,2025-06-30 15:16:24,43.3603210449219,-8.84104061126709,"Unknown"
"7014854",371863,2025-06-30 15:21:17,43.3605995178223,-8.84132385253906,"Unknown"
"7014854",371863,2025-06-30 15:26:17,43.3612823486328,-8.84170532226562,"Unknown"
"7014854",371863,2025-06-30 15:31:24,43.3630485534668,-8.82819747924805,"Unknown"
"7014854",371863,2025-06-30 15:36:21,43.3685073852539,-8.82873916625977,"Unknown"
"7014854",371863,2025-06-30 15:41:26,43.3693428039551,-8.82903480529785,"Unknown"
"7014854",371863,2025-06-30 15:46:34,43.3692512512207,-8.83754825592041,"Unknown"
"7014854",371863,2025-06-30 15:51:44,43.3735122680664,-8.85162544250488,"Unknown"
"7014854",371863,2025-06-30 15:56:16,43.362491607666,-8.84507846832275,"Unknown"
"7014854",371863,2025-06-30 16:01:18,43.3623580932617,-8.84223365783691,"Unknown"
"7014854",371863,2025-06-30 16:06:16,43.3604507446289,-8.84066963195801,"Unknown"
"7014854",371863,2025-06-30 16:11:19,43.3603515625,-8.8408203125,"Unknown"
"7014854",371863,2025-06-30 16:16:14,43.360294342041,-8.84083938598633,"Unknown"
"7014854",371863,2025-06-30 16:21:23,43.3602294921875,-8.84091758728027,"Unknown"
"7014854",371863,2025-06-30 16:26:24,43.3602561950684,-8.84105396270752,"Unknown"
"7014854",371863,2025-06-30 16:31:34,43.3603210449219,-8.84088516235352,"Unknown"
"7014854",371863,2025-06-30 16:36:21,43.3602600097656,-8.84094619750977,"Unknown"
"7014854",371863,2025-06-30 16:41:18,43.3603935241699,-8.84069347381592,"Unknown"
"7014854",371863,2025-06-30 16:46:23,43.3602027893066,-8.84088611602783,"Unknown"
"7014854",371863,2025-06-30 16:51:33,43.3602905273438,-8.84092712402344,"Unknown"
"7014854",371863,2025-06-30 16:56:13,43.3602485656738,-8.84094333648682,"Unknown"
"7014854",371863,2025-06-30 17:01:15,43.3603210449219,-8.84109687805176,"Unknown"
"7014854",371863,2025-06-30 17:06:13,43.3602523803711,-8.84086227416992,"Unknown"
"7014854",371863,2025-06-30 17:11:13,43.3602447509766,-8.8409481048584,"Unknown"
"7014854",371863,2025-06-30 17:16:12,43.3602867126465,-8.84095478057861,"Unknown"
"7014854",371863,2025-06-30 17:21:12,43.3601913452148,-8.84071922302246,"Unknown"
"7014854",371863,2025-06-30 17:26:15,43.3603286743164,-8.84096145629883,"Unknown"
"7014854",371863,2025-06-30 17:31:22,43.3602867126465,-8.84097862243652,"Unknown"
"7014854",371863,2025-06-30 17:36:12,43.3602676391602,-8.84091186523438,"Unknown"
"7014854",371863,2025-06-30 17:41:12,43.360237121582,-8.8408899307251,"Unknown"
"7014854",371863,2025-06-30 17:46:14,43.3603858947754,-8.84105014801025,"Unknown"
"7014854",371863,2025-06-30 17:51:17,43.3603324890137,-8.84105396270752,"Unknown"
"7014854",371863,2025-06-30 17:56:14,43.3603630065918,-8.84102630615234,"Unknown"
"7014854",371863,2025-06-30 18:01:13,43.3604202270508,-8.8410758972168,"Unknown"
"7014854",371863,2025-06-30 18:06:14,43.360408782959,-8.84107971191406,"Unknown"
"7014854",371863,2025-06-30 18:11:13,43.3603172302246,-8.84094619750977,"Unknown"
"7014854",371863,2025-06-30 18:16:13,43.3603591918945,-8.84103965759277,"Unknown"
"7014854",371863,2025-06-30 18:21:13,43.3602981567383,-8.84093189239502,"Unknown"
"7014854",371863,2025-06-30 18:26:14,43.3603553771973,-8.84104347229004,"Unknown"
"7014854",371863,2025-06-30 18:31:13,43.3603057861328,-8.84101104736328,"Unknown"
"7014854",371863,2025-06-30 18:36:14,43.3603439331055,-8.84105014801025,"Unknown"
"7014854",371863,2025-06-30 18:41:14,43.3603706359863,-8.84098434448242,"Unknown"
"7014854",371863,2025-06-30 18:46:14,43.3603134155273,-8.84096908569336,"Unknown"
"7014854",371863,2025-06-30 18:51:13,43.3602828979492,-8.84094429016113,"Unknown"
"7014854",371863,2025-06-30 18:56:14,43.3603096008301,-8.84105110168457,"Unknown"
"7014854",371863,2025-06-30 19:01:13,43.360294342041,-8.84103584289551,"Unknown"
"7014854",371863,2025-06-30 19:06:14,43.3602561950684,-8.84102535247803,"Unknown"
"7014854",371863,2025-06-30 19:11:16,43.3602333068848,-8.84108734130859,"Unknown"
"7014854",371863,2025-06-30 19:16:15,43.3603172302246,-8.84099006652832,"Unknown"
"7014854",371863,2025-06-30 19:21:14,43.3602600097656,-8.84108543395996,"Unknown"
"7014854",371863,2025-06-30 19:26:14,43.3602485656738,-8.84105110168457,"Unknown"
"7014854",371863,2025-06-30 19:31:14,43.3602066040039,-8.84113788604736,"Unknown"
"7014854",371863,2025-06-30 19:36:15,43.360221862793,-8.84109592437744,"Unknown"
"7014854",371863,2025-06-30 19:41:16,43.3601608276367,-8.84100151062012,"Unknown"
"7014854",371863,2025-06-30 19:46:14,43.360107421875,-8.84110355377197,"Unknown"
"7014854",371863,2025-06-30 19:51:25,43.3601913452148,-8.84086799621582,"Unknown"
"7014854",371863,2025-06-30 19:56:15,43.3598136901855,-8.84280204772949,"Unknown"
"7014854",371863,2025-06-30 20:01:15,43.3597183227539,-8.84286403656006,"Unknown"
"7014854",371863,2025-06-30 20:06:14,43.3596343994141,-8.84294128417969,"Unknown"
"7014854",371863,2025-06-30 20:11:25,43.3604316711426,-8.84110069274902,"Unknown"
"7014854",371863,2025-06-30 20:16:21,43.3606872558594,-8.84136295318604,"Unknown"
"7014854",371863,2025-06-30 20:21:32,43.3602905273438,-8.84086799621582,"Unknown"
"7014854",371863,2025-06-30 20:26:17,43.3603324890137,-8.84090805053711,"Unknown"
"7014854",371863,2025-06-30 20:31:15,43.3603172302246,-8.84102439880371,"Unknown"
"7014854",371863,2025-06-30 20:36:16,43.3601112365723,-8.84078025817871,"Unknown"
"7014854",371863,2025-06-30 20:41:16,43.3604621887207,-8.84111309051514,"Unknown"
"7014854",371863,2025-06-30 20:46:16,43.3603363037109,-8.841064453125,"Unknown"
"7014854",371863,2025-06-30 20:51:14,43.3603210449219,-8.84097194671631,"Unknown"
"7014854",371863,2025-06-30 20:56:14,43.3602714538574,-8.84090995788574,"Unknown"
"7014854",371863,2025-06-30 21:01:14,43.3603324890137,-8.84100437164307,"Unknown"
"7014854",371863,2025-06-30 21:06:14,43.3621635437012,-8.83791732788086,"Unknown"
"7014854",371863,2025-06-30 21:11:14,43.3734741210938,-8.81205463409424,"Unknown"
"7014854",371863,2025-06-30 21:16:16,43.3870048522949,-8.78860187530518,"Unknown"
"7014854",371863,2025-06-30 21:21:14,43.3996810913086,-8.77510929107666,"Unknown"
"7014854",371863,2025-06-30 21:26:15,43.400806427002,-8.77424240112305,"Unknown"
"7014854",371863,2025-06-30 21:31:16,43.4013290405273,-8.77443695068359,"Unknown"
"7014854",371863,2025-06-30 21:36:14,43.4020118713379,-8.77514553070068,"Unknown"
"7014854",371863,2025-06-30 21:41:14,43.3760948181152,-8.82570171356201,"Unknown"
"7014854",371863,2025-06-30 21:46:18,43.3603591918945,-8.84113883972168,"Unknown"
"7014854",371863,2025-06-30 21:51:21,43.3602905273438,-8.84091663360596,"Unknown"
"7014854",371863,2025-06-30 21:56:19,43.3602447509766,-8.84094047546387,"Unknown"
"7014854",371863,2025-06-30 22:01:17,43.3601341247559,-8.84102916717529,"Unknown"
"7014854",371863,2025-06-30 22:06:19,43.3602294921875,-8.84091949462891,"Unknown"
"7014854",371863,2025-06-30 22:11:18,43.3602523803711,-8.8411226272583,"Unknown"
"7014854",371863,2025-06-30 22:16:22,43.3603515625,-8.84088706970215,"Unknown"
"7014854",371863,2025-06-30 22:21:14,43.3603096008301,-8.84098720550537,"Unknown"
"7014854",371863,2025-06-30 22:26:14,43.3603248596191,-8.8409948348999,"Unknown"
"7014854",371863,2025-06-30 22:31:17,43.3602828979492,-8.84098720550537,"Unknown"
"7014854",371863,2025-06-30 22:36:15,43.3602905273438,-8.84102058410645,"Unknown"
"7014854",371863,2025-06-30 22:41:15,43.3603553771973,-8.84089469909668,"Unknown"
"7014854",371863,2025-06-30 22:46:14,43.3603057861328,-8.84096717834473,"Unknown"
"7014854",371863,2025-06-30 22:51:16,43.3603401184082,-8.84092807769775,"Unknown"
"7014854",371863,2025-06-30 22:56:15,43.3602981567383,-8.84097099304199,"Unknown"
"7014854",371863,2025-06-30 23:01:18,43.3605346679688,-8.8409309387207,"Unknown"
"7014854",371863,2025-06-30 23:06:32,43.3604469299316,-8.84076118469238,"Unknown"
"7014854",371863,2025-06-30 23:11:15,43.3603363037109,-8.84086322784424,"Unknown"
"7014854",371863,2025-06-30 23:16:14,43.3604316711426,-8.84077453613281,"Unknown"
"7014854",371863,2025-06-30 23:21:14,43.3603820800781,-8.84088897705078,"Unknown"
"7014854",371863,2025-06-30 23:26:14,43.3601226806641,-8.84089088439941,"Unknown"
"7014854",371863,2025-06-30 23:31:14,43.3603477478027,-8.84100246429443,"Unknown"
"7014854",371863,2025-06-30 23:36:15,43.3604545593262,-8.84098529815674,"Unknown"
"7014854",371863,2025-06-30 23:41:13,43.3604927062988,-8.84073448181152,"Unknown"
"7014854",371863,2025-06-30 23:46:13,43.3605041503906,-8.84079551696777,"Unknown"
"7014854",371863,2025-06-30 23:51:13,43.3605346679688,-8.84078025817871,"Unknown"
"7014854",371863,2025-06-30 23:56:14,43.3598213195801,-8.84087371826172,"Unknown"
"7014854",371863,2025-07-01 00:01:14,43.3603363037109,-8.84091854095459,"Unknown"
"7014854",371863,2025-07-01 00:06:13,43.360538482666,-8.84060859680176,"Unknown"
"7014854",371863,2025-07-01 00:11:16,43.3605880737305,-8.84066581726074,"Unknown"
"7014854",371863,2025-07-01 00:16:17,43.3605842590332,-8.84061050415039,"Unknown"
"7014854",371863,2025-07-01 00:21:16,43.3607215881348,-8.84050273895264,"Unknown"
"7014854",371863,2025-07-01 00:26:19,43.3609390258789,-8.84075546264648,"Unknown"
"7014854",371863,2025-07-01 00:31:19,43.3610420227051,-8.84072589874268,"Unknown"
"7014854",371863,2025-07-01 00:36:25,43.3611907958984,-8.84071254730225,"Unknown"
"7014854",371863,2025-07-01 00:41:13,43.3614768981934,-8.84074783325195,"Unknown"
"7014854",371863,2025-07-01 00:46:18,43.3623008728027,-8.84117794036865,"Unknown"
"7014854",371863,2025-07-01 00:51:31,43.3604698181152,-8.84095191955566,"Unknown"
"7014854",371863,2025-07-01 00:56:13,43.3603477478027,-8.84074687957764,"Unknown"
"7014854",371863,2025-07-01 01:01:12,43.3603363037109,-8.84079074859619,"Unknown"
"7014854",371863,2025-07-01 01:06:12,43.3602485656738,-8.84090518951416,"Unknown"
"7014854",371863,2025-07-01 01:11:12,43.3603057861328,-8.84086036682129,"Unknown"
"7014854",371863,2025-07-01 01:16:22,43.360294342041,-8.84079933166504,"Unknown"
"7014854",371863,2025-07-01 01:21:13,43.3603096008301,-8.84082221984863,"Unknown"
"7014854",371863,2025-07-01 01:26:22,43.3602828979492,-8.84079933166504,"Unknown"
"7014854",371863,2025-07-01 01:31:15,43.3602905273438,-8.84082412719727,"Unknown"
"7014854",371863,2025-07-01 01:36:13,43.3602561950684,-8.84084606170654,"Unknown"
"7014854",371863,2025-07-01 01:41:13,43.3603057861328,-8.84082412719727,"Unknown"
"7014854",371863,2025-07-01 01:46:13,43.360279083252,-8.84083938598633,"Unknown"
"7014854",371863,2025-07-01 01:51:13,43.3602638244629,-8.84078407287598,"Unknown"
"7014854",371863,2025-07-01 01:56:13,43.3603057861328,-8.84081554412842,"Unknown"
"7014854",371863,2025-07-01 02:01:15,43.3602828979492,-8.84086513519287,"Unknown"
"7014854",371863,2025-07-01 02:06:13,43.360179901123,-8.84083080291748,"Unknown"
"7014854",371863,2025-07-01 02:11:14,43.3602561950684,-8.84083938598633,"Unknown"
"7014854",371863,2025-07-01 02:16:14,43.3603286743164,-8.84096145629883,"Unknown"
"7014854",371863,2025-07-01 02:21:15,43.3603019714355,-8.84095668792725,"Unknown"
"7014854",371863,2025-07-01 02:26:13,43.3602828979492,-8.84087085723877,"Unknown"
"7014854",371863,2025-07-01 02:31:13,43.3602523803711,-8.84081268310547,"Unknown"
"7014854",371863,2025-07-01 02:36:13,43.3602905273438,-8.8407735824585,"Unknown"
"7014854",371863,2025-07-01 02:41:14,43.3602905273438,-8.84080123901367,"Unknown"
"7014854",371863,2025-07-01 02:46:13,43.3603057861328,-8.84093189239502,"Unknown"
"7014854",371863,2025-07-01 02:51:13,43.3603630065918,-8.84087467193604,"Unknown"
"7014854",371863,2025-07-01 02:56:28,43.3602294921875,-8.84090423583984,"Unknown"
"7014854",371863,2025-07-01 03:01:13,43.3606452941895,-8.84125232696533,"Unknown"
"7014854",371863,2025-07-01 03:06:14,43.3605804443359,-8.84120273590088,"Unknown"
"7014854",371863,2025-07-01 03:11:35,43.3602104187012,-8.84096431732178,"Unknown"
"7014854",371863,2025-07-01 03:16:13,43.360179901123,-8.84097766876221,"Unknown"
"7014854",371863,2025-07-01 03:21:13,43.3602104187012,-8.84085845947266,"Unknown"
"7014854",371863,2025-07-01 03:26:13,43.3602027893066,-8.84090232849121,"Unknown"
"7014854",371863,2025-07-01 03:31:13,43.3604927062988,-8.84109115600586,"Unknown"
"7014854",371863,2025-07-01 03:36:12,43.3601379394531,-8.84095191955566,"Unknown"
"7014854",371863,2025-07-01 03:41:14,43.3601493835449,-8.84091854095459,"Unknown"
"7014854",371863,2025-07-01 03:46:35,43.3602485656738,-8.84089183807373,"Unknown"
"7014854",371863,2025-07-01 03:51:13,43.3602600097656,-8.8410005569458,"Unknown"
"7014854",371863,2025-07-01 03:56:13,43.3602867126465,-8.84090900421143,"Unknown"
"7014854",371863,2025-07-01 04:01:13,43.3601913452148,-8.84098339080811,"Unknown"
"7014854",371863,2025-07-01 04:06:12,43.3602294921875,-8.84092903137207,"Unknown"
"7014854",371863,2025-07-01 04:11:12,43.3602180480957,-8.84090614318848,"Unknown"
"7014854",371863,2025-07-01 04:16:14,43.3602676391602,-8.8410816192627,"Unknown"
"7014854",371863,2025-07-01 04:21:13,43.3600883483887,-8.84106922149658,"Unknown"
"7014854",371863,2025-07-01 04:26:14,43.3600997924805,-8.84107112884521,"Unknown"
"7014854",371863,2025-07-01 04:31:14,43.3601303100586,-8.84104156494141,"Unknown"
"7014854",371863,2025-07-01 04:36:14,43.3602180480957,-8.8409481048584,"Unknown"
"7014854",371863,2025-07-01 04:41:13,43.3602447509766,-8.84097957611084,"Unknown"
"7014854",371863,2025-07-01 04:46:12,43.3602180480957,-8.84102916717529,"Unknown"
"7014854",371863,2025-07-01 04:51:12,43.3601913452148,-8.84099292755127,"Unknown"
"7014854",371863,2025-07-01 04:56:12,43.360221862793,-8.84089374542236,"Unknown"
"7014854",371863,2025-07-01 05:01:13,43.3601455688477,-8.84101295471191,"Unknown"
"7014854",371863,2025-07-01 05:06:13,43.3600921630859,-8.84094619750977,"Unknown"
"7014854",371863,2025-07-01 05:11:13,43.3601188659668,-8.84092330932617,"Unknown"
"7014854",371863,2025-07-01 05:16:17,43.3600997924805,-8.84088802337646,"Unknown"
"7014854",371863,2025-07-01 05:21:16,43.3601264953613,-8.84067344665527,"Unknown"
"7014854",371863,2025-07-01 05:26:13,43.3598747253418,-8.84075450897217,"Unknown"
"7014854",371863,2025-07-01 05:31:16,43.3597412109375,-8.84071254730225,"Unknown"
"7014854",371863,2025-07-01 05:36:16,43.360279083252,-8.84095096588135,"Unknown"
"7014854",371863,2025-07-01 05:41:15,43.3601837158203,-8.84078121185303,"Unknown"
"7014854",371863,2025-07-01 05:46:15,43.3601455688477,-8.84076595306396,"Unknown"
"7014854",371863,2025-07-01 05:51:15,43.3601493835449,-8.84072971343994,"Unknown"
"7014854",371863,2025-07-01 05:56:26,43.3606224060059,-8.84025573730469,"Unknown"
"7014854",371863,2025-07-01 06:01:17,43.3575096130371,-8.83605861663818,"Unknown"
"7014854",371863,2025-07-01 06:06:16,43.3583755493164,-8.83716201782227,"Unknown"
"7014854",371863,2025-07-01 06:11:16,43.3578758239746,-8.83567333221436,"Unknown"
"7014854",371863,2025-07-01 06:16:14,43.3594017028809,-8.8389253616333,"Unknown"
"7014854",371863,2025-07-01 06:21:18,43.3592987060547,-8.83841896057129,"Unknown"
"7014854",371863,2025-07-01 06:26:14,43.3594551086426,-8.83871078491211,"Unknown"
"7014854",371863,2025-07-01 06:31:28,43.3603286743164,-8.84094905853271,"Unknown"
"7014854",371863,2025-07-01 06:36:16,43.3603935241699,-8.84100246429443,"Unknown"
"7014854",371863,2025-07-01 06:41:17,43.3594703674316,-8.83810901641846,"Unknown"
"7014854",371863,2025-07-01 06:46:17,43.3594093322754,-8.83778667449951,"Unknown"
"7014854",371863,2025-07-01 06:51:26,43.3603630065918,-8.8408260345459,"Unknown"
"7014854",371863,2025-07-01 06:56:35,43.3603248596191,-8.8408842086792,"Unknown"
"7014854",371863,2025-07-01 07:01:12,43.360237121582,-8.8409423828125,"Unknown"
"7014854",371863,2025-07-01 07:06:13,43.3602638244629,-8.84085655212402,"Unknown"
"7014854",371863,2025-07-01 07:11:13,43.360279083252,-8.84089374542236,"Unknown"
"7014854",371863,2025-07-01 07:16:13,43.3602981567383,-8.84091949462891,"Unknown"
"7014854",371863,2025-07-01 07:21:12,43.3602180480957,-8.84094142913818,"Unknown"
"7014854",371863,2025-07-01 07:26:13,43.3601303100586,-8.84084033966064,"Unknown"
"7014854",371863,2025-07-01 07:31:16,43.3602638244629,-8.84053611755371,"Unknown"
"7014854",371863,2025-07-01 07:36:13,43.3601837158203,-8.84098243713379,"Unknown"
"7014854",371863,2025-07-01 07:41:14,43.3602485656738,-8.84095573425293,"Unknown"
"7014854",371863,2025-07-01 07:46:13,43.3602294921875,-8.8409423828125,"Unknown"
"7014854",371863,2025-07-01 07:51:12,43.3602561950684,-8.84094142913818,"Unknown"
"7014854",371863,2025-07-01 07:56:12,43.3603324890137,-8.8408088684082,"Unknown"
"7014854",371863,2025-07-01 08:01:12,43.3542060852051,-8.84722137451172,"Unknown"
"7014854",371863,2025-07-01 08:06:13,43.3162841796875,-8.85826396942139,"Unknown"
"7014854",371863,2025-07-01 08:11:13,43.3143882751465,-8.85684299468994,"Unknown"
"7014854",371863,2025-07-01 08:16:12,43.3149681091309,-8.85691547393799,"Unknown"
"7014854",371863,2025-07-01 08:21:18,43.3139839172363,-8.85733032226562,"Unknown"
"7014854",371863,2025-07-01 08:26:14,43.3162803649902,-8.85884761810303,"Unknown"
"7014854",371863,2025-07-01 08:31:16,43.3164443969727,-8.85883331298828,"Unknown"
"7014854",371863,2025-07-01 08:36:16,43.3162002563477,-8.85893154144287,"Unknown"
"7014854",371863,2025-07-01 08:41:13,43.3161735534668,-8.85903835296631,"Unknown"
"7014854",371863,2025-07-01 08:46:13,43.3162956237793,-8.85884857177734,"Unknown"
"7014854",371863,2025-07-01 08:51:18,43.3162689208984,-8.85891437530518,"Unknown"
"7014854",371863,2025-07-01 08:56:15,43.3161849975586,-8.8589563369751,"Unknown"
"7014854",371863,2025-07-01 09:01:13,43.327392578125,-8.85225963592529,"Unknown"
"7014854",371863,2025-07-01 09:06:13,43.349235534668,-8.84655380249023,"Unknown"
"7014854",371863,2025-07-01 09:11:16,43.360294342041,-8.84136486053467,"Unknown"
"7014854",371863,2025-07-01 09:16:13,43.3601455688477,-8.84143352508545,"Unknown"
"7014854",371863,2025-07-01 09:21:13,43.3601608276367,-8.8413724899292,"Unknown"
"7014854",371863,2025-07-01 09:26:14,43.3601722717285,-8.84144401550293,"Unknown"
"7014854",371863,2025-07-01 09:31:13,43.3601684570312,-8.84143257141113,"Unknown"
"7014854",371863,2025-07-01 09:36:13,43.3601303100586,-8.84145641326904,"Unknown"
"7014854",371863,2025-07-01 09:41:13,43.3601112365723,-8.84150695800781,"Unknown"
"7014854",371863,2025-07-01 09:46:18,43.3601036071777,-8.84163761138916,"Unknown"
"7014854",371863,2025-07-01 09:51:16,43.3601341247559,-8.84167289733887,"Unknown"
"7014854",371863,2025-07-01 09:56:13,43.3621673583984,-8.84291172027588,"Unknown"
"7014854",371863,2025-07-01 10:01:35,43.3602180480957,-8.84091663360596,"Unknown"
"7014854",371863,2025-07-01 10:06:16,43.3600692749023,-8.84139919281006,"Unknown"
"7014854",371863,2025-07-01 10:11:17,43.3603477478027,-8.84070873260498,"Unknown"
"7014854",371863,2025-07-01 10:16:14,43.360279083252,-8.84085655212402,"Unknown"
"7014854",371863,2025-07-01 10:21:15,43.3604316711426,-8.84057235717773,"Unknown"
"7014854",371863,2025-07-01 10:26:17,43.360294342041,-8.84088325500488,"Unknown"
"7014854",371863,2025-07-01 10:31:15,43.3603057861328,-8.84088134765625,"Unknown"
"7014854",371863,2025-07-01 10:36:14,43.3602867126465,-8.84098720550537,"Unknown"
"7014854",371863,2025-07-01 10:41:14,43.3603057861328,-8.84094524383545,"Unknown"
"7014854",371863,2025-07-01 10:46:15,43.360279083252,-8.84095096588135,"Unknown"
"7014854",371863,2025-07-01 10:51:16,43.3602600097656,-8.84094619750977,"Unknown"
"7014854",371863,2025-07-01 10:56:29,43.3602867126465,-8.84084892272949,"Unknown"
"7014854",371863,2025-07-01 11:01:17,43.3603096008301,-8.84075355529785,"Unknown"
"7014854",371863,2025-07-01 11:06:17,43.3603057861328,-8.8409423828125,"Unknown"
"7014854",371863,2025-07-01 11:11:35,43.3603210449219,-8.84092903137207,"Unknown"
"7014854",371863,2025-07-01 11:16:12,43.3603744506836,-8.8409538269043,"Unknown"
"7014854",371863,2025-07-01 11:21:12,43.3603935241699,-8.84103679656982,"Unknown"
"7014854",371863,2025-07-01 11:26:12,43.3603897094727,-8.84101867675781,"Unknown"
"7014854",371863,2025-07-01 11:31:13,43.3605651855469,-8.84086227416992,"Unknown"
"7014854",371863,2025-07-01 11:36:14,43.3602256774902,-8.84089660644531,"Unknown"
"7014854",371863,2025-07-01 11:41:16,43.3603782653809,-8.84104442596436,"Unknown"
"7014854",371863,2025-07-01 11:46:15,43.3603019714355,-8.84097290039062,"Unknown"
"7014854",371863,2025-07-01 11:51:16,43.3603057861328,-8.84103107452393,"Unknown"
"7014854",371863,2025-07-01 11:56:19,43.3602180480957,-8.84086799621582,"Unknown"
"7014854",371863,2025-07-01 12:01:24,43.3602676391602,-8.84102725982666,"Unknown"
"7014854",371863,2025-07-01 12:06:17,43.3603363037109,-8.84104251861572,"Unknown"
"7014854",371863,2025-07-01 12:11:24,43.3603630065918,-8.84084987640381,"Unknown"
"7014854",371863,2025-07-01 12:16:44,43.3603172302246,-8.84086894989014,"Unknown"
"7014854",371863,2025-07-01 12:21:16,43.3601455688477,-8.84082317352295,"Unknown"
"7014854",371863,2025-07-01 12:26:26,43.3602981567383,-8.84097862243652,"Unknown"
"7014854",371863,2025-07-01 12:31:23,43.3603057861328,-8.84098815917969,"Unknown"
"7014854",371863,2025-07-01 12:36:16,43.360221862793,-8.84088611602783,"Unknown"
"7014854",371863,2025-07-01 12:41:31,43.3602333068848,-8.84110736846924,"Unknown"
"7014854",371863,2025-07-01 12:46:14,43.3604850769043,-8.84125709533691,"Unknown"
"7014854",371863,2025-07-01 12:51:17,43.3600692749023,-8.84117221832275,"Unknown"
"7014854",371863,2025-07-01 12:56:16,43.3603858947754,-8.84099197387695,"Unknown"
"7014854",371863,2025-07-01 13:01:14,43.360294342041,-8.84092617034912,"Unknown"
"7014854",371863,2025-07-01 13:06:12,43.360294342041,-8.84085750579834,"Unknown"
"7014854",371863,2025-07-01 13:11:12,43.3602523803711,-8.84090709686279,"Unknown"
"7014854",371863,2025-07-01 13:16:15,43.3602828979492,-8.8409595489502,"Unknown"
"7014854",371863,2025-07-01 13:21:15,43.3602561950684,-8.84097862243652,"Unknown"
"7014854",371863,2025-07-01 13:26:15,43.3603706359863,-8.84084987640381,"Unknown"
"7014854",371863,2025-07-01 13:31:15,43.3602600097656,-8.84094429016113,"Unknown"
"7014854",371863,2025-07-01 13:36:16,43.3603134155273,-8.84091472625732,"Unknown"
"7014854",371863,2025-07-01 13:41:14,43.3601150512695,-8.84089469909668,"Unknown"
"7014854",371863,2025-07-01 13:46:14,43.3602600097656,-8.84094715118408,"Unknown"
"7014854",371863,2025-07-01 13:51:22,43.3603286743164,-8.84099960327148,"Unknown"
"7014854",371863,2025-07-01 13:56:14,43.3603591918945,-8.84102535247803,"Unknown"
"7014854",371863,2025-07-01 14:01:13,43.3602867126465,-8.84097385406494,"Unknown"
"7014854",371863,2025-07-01 14:06:24,43.3601875305176,-8.84100246429443,"Unknown"
"7014854",371863,2025-07-01 14:11:15,43.3619995117188,-8.83153057098389,"Unknown"
"7014854",371863,2025-07-01 14:16:13,43.3847007751465,-8.84073925018311,"Unknown"
"7014854",371863,2025-07-01 14:21:15,43.3990173339844,-8.82047653198242,"Unknown"
"7014854",371863,2025-07-01 14:26:15,43.4128456115723,-8.84710216522217,"Unknown"
"7014854",371863,2025-07-01 14:31:14,43.430850982666,-8.86807727813721,"Unknown"
"7014854",371863,2025-07-01 14:36:14,43.4471054077148,-8.87380599975586,"Unknown"
"7014854",371863,2025-07-01 14:41:16,43.4535942077637,-8.86520290374756,"Unknown"
"7014854",371863,2025-07-01 14:46:17,43.4554214477539,-8.86052131652832,"Unknown"
"7014854",371863,2025-07-01 14:51:28,43.4596557617188,-8.86017608642578,"Unknown"
"7014854",371863,2025-07-01 14:57:01,43.461799621582,-8.87029361724854,"Unknown"
"7014854",371863,2025-07-01 15:01:13,43.4623908996582,-8.86826038360596,"Unknown"
"7014854",371863,2025-07-01 15:06:19,43.4680404663086,-8.86444473266602,"Unknown"
"7014854",371863,2025-07-01 15:11:13,43.4608154296875,-8.86734485626221,"Unknown"
"7014854",371863,2025-07-01 15:16:13,43.4640312194824,-8.86452198028564,"Unknown"
"7014854",371863,2025-07-01 15:21:13,43.466178894043,-8.85646343231201,"Unknown"
"7014854",371863,2025-07-01 15:26:17,43.4362678527832,-8.84228706359863,"Unknown"
"7014854",371863,2025-07-01 15:31:14,43.3963928222656,-8.8390007019043,"Unknown"
"7014854",371863,2025-07-01 15:36:37,43.3737106323242,-8.8425989151001,"Unknown"
"7014854",371863,2025-07-01 15:42:21,43.3612518310547,-8.84214305877686,"Unknown"
"7014854",371863,2025-07-01 15:46:14,43.3599128723145,-8.84026718139648,"Unknown"
"7014854",371863,2025-07-01 15:51:15,43.3604316711426,-8.84116172790527,"Unknown"
"7014854",371863,2025-07-01 15:56:21,43.3602905273438,-8.8409595489502,"Unknown"
"7014854",371863,2025-07-01 16:01:18,43.3603782653809,-8.84103107452393,"Unknown"
"7014854",371863,2025-07-01 16:06:23,43.3602714538574,-8.84095287322998,"Unknown"
"7014854",371863,2025-07-01 16:11:44,43.3603286743164,-8.84087467193604,"Unknown"
"7014854",371863,2025-07-01 16:16:15,43.3603096008301,-8.84092998504639,"Unknown"
"7014854",371863,2025-07-01 16:21:12,43.3602905273438,-8.84089946746826,"Unknown"
"7014854",371863,2025-07-01 16:26:16,43.3603134155273,-8.84106254577637,"Unknown"
"7014854",371863,2025-07-01 16:31:17,43.3603515625,-8.84112548828125,"Unknown"
"7014854",371863,2025-07-01 16:36:13,43.3603820800781,-8.84115695953369,"Unknown"
"7014854",371863,2025-07-01 16:41:13,43.3603401184082,-8.84099388122559,"Unknown"
"7014854",371863,2025-07-01 16:46:35,43.3603096008301,-8.84099864959717,"Unknown"
"7014854",371863,2025-07-01 16:51:16,43.3602676391602,-8.84083652496338,"Unknown"
"7014854",371863,2025-07-01 16:56:18,43.3602867126465,-8.84093952178955,"Unknown"
"7014854",371863,2025-07-01 17:01:22,43.360294342041,-8.8409595489502,"Unknown"
"7014854",371863,2025-07-01 17:06:19,43.3603668212891,-8.84103393554688,"Unknown"
"7014854",371863,2025-07-01 17:11:16,43.3601150512695,-8.84060382843018,"Unknown"
"7014854",371863,2025-07-01 17:16:13,43.3626441955566,-8.84501457214355,"Unknown"
"7014854",371863,2025-07-01 17:21:22,43.3628273010254,-8.84632873535156,"Unknown"
"7014854",371863,2025-07-01 17:26:13,43.3605194091797,-8.83395862579346,"Unknown"
"7014854",371863,2025-07-01 17:31:16,43.3602027893066,-8.84059715270996,"Unknown"
"7014854",371863,2025-07-01 17:36:14,43.360164642334,-8.84045791625977,"Unknown"
"7014854",371863,2025-07-01 17:41:14,43.3602523803711,-8.84070205688477,"Unknown"
"7014854",371863,2025-07-01 17:46:21,43.3602447509766,-8.84093856811523,"Unknown"
"7014854",371863,2025-07-01 17:51:15,43.3602714538574,-8.84084701538086,"Unknown"
"7014854",371863,2025-07-01 17:56:16,43.3602066040039,-8.84073829650879,"Unknown"
"7014854",371863,2025-07-01 18:01:14,43.360408782959,-8.84130001068115,"Unknown"
"7014854",371863,2025-07-01 18:06:17,43.3603515625,-8.84094715118408,"Unknown"
"7014854",371863,2025-07-01 18:11:19,43.360294342041,-8.84100437164307,"Unknown"
"7014854",371863,2025-07-01 18:16:44,43.3602714538574,-8.8410120010376,"Unknown"
"7014854",371863,2025-07-01 18:21:19,43.3602523803711,-8.84090042114258,"Unknown"
"7014854",371863,2025-07-01 18:26:16,43.3603591918945,-8.84095096588135,"Unknown"
"7014854",371863,2025-07-01 18:31:13,43.3606109619141,-8.84108257293701,"Unknown"
"7014854",371863,2025-07-01 18:36:12,43.3602752685547,-8.84093284606934,"Unknown"
"7014854",371863,2025-07-01 18:41:13,43.3602294921875,-8.84100246429443,"Unknown"
"7014854",371863,2025-07-01 18:46:44,43.3602752685547,-8.84089660644531,"Unknown"
"7014854",371863,2025-07-01 18:51:13,43.3602523803711,-8.84102630615234,"Unknown"
"7014854",371863,2025-07-01 18:56:16,43.3603248596191,-8.84094524383545,"Unknown"
"7014854",371863,2025-07-01 19:01:16,43.3603363037109,-8.84092903137207,"Unknown"
"7014854",371863,2025-07-01 19:06:16,43.360279083252,-8.8409423828125,"Unknown"
"7014854",371863,2025-07-01 19:11:13,43.3603096008301,-8.84084796905518,"Unknown"
"7014854",371863,2025-07-01 19:16:13,43.3602333068848,-8.84091663360596,"Unknown"
"7014854",371863,2025-07-01 19:21:12,43.3602981567383,-8.84089183807373,"Unknown"
"7014854",371863,2025-07-01 19:26:14,43.3601570129395,-8.84087657928467,"Unknown"
"7014854",371863,2025-07-01 19:31:15,43.3602561950684,-8.84086799621582,"Unknown"
"7014854",371863,2025-07-01 19:36:16,43.360164642334,-8.84094524383545,"Unknown"
"7014854",371863,2025-07-01 19:41:19,43.3602981567383,-8.84082794189453,"Unknown"
"7014854",371863,2025-07-01 19:46:17,43.3602256774902,-8.84082126617432,"Unknown"
"7014854",371863,2025-07-01 19:51:13,43.3602714538574,-8.84087562561035,"Unknown"
"7014854",371863,2025-07-01 19:56:17,43.3601226806641,-8.8408031463623,"Unknown"
"7014854",371863,2025-07-01 20:01:13,43.3614196777344,-8.83951473236084,"Unknown"
"7014854",371863,2025-07-01 20:06:13,43.3555526733398,-8.80801773071289,"Unknown"
"7014854",371863,2025-07-01 20:11:23,43.3415145874023,-8.78591632843018,"Unknown"
"7014854",371863,2025-07-01 20:16:16,43.3416748046875,-8.78638076782227,"Unknown"
"7014854",371863,2025-07-01 20:21:15,43.3561897277832,-8.77339267730713,"Unknown"
"7014854",371863,2025-07-01 20:26:24,43.3609352111816,-8.76298522949219,"Unknown"
"7014854",371863,2025-07-01 20:31:24,43.3611755371094,-8.76334857940674,"Unknown"
"7014854",371863,2025-07-01 20:36:24,43.3794250488281,-8.75722408294678,"Unknown"
"7014854",371863,2025-07-01 20:41:23,43.3867645263672,-8.75834369659424,"Unknown"
"7014854",371863,2025-07-01 20:46:18,43.3851623535156,-8.7614688873291,"Unknown"
"7014854",371863,2025-07-01 20:51:23,43.3867492675781,-8.7643518447876,"Unknown"
"7014854",371863,2025-07-01 20:57:05,43.3880577087402,-8.76145935058594,"Unknown"
"7014854",371863,2025-07-01 21:01:24,43.3861389160156,-8.76351547241211,"Unknown"
"7014854",371863,2025-07-01 21:06:16,43.3860969543457,-8.76326179504395,"Unknown"
"7014854",371863,2025-07-01 21:11:44,43.3875694274902,-8.76292419433594,"Unknown"
"7014854",371863,2025-07-01 21:16:14,43.3878211975098,-8.76397514343262,"Unknown"
"7014854",371863,2025-07-01 21:21:14,43.3876953125,-8.76422691345215,"Unknown"
"7014854",371863,2025-07-01 21:26:18,43.3880004882812,-8.76368141174316,"Unknown"
"7014854",371863,2025-07-01 21:31:16,43.3884048461914,-8.76442813873291,"Unknown"
"7014854",371863,2025-07-01 21:36:23,43.3881530761719,-8.76357936859131,"Unknown"
"7014854",371863,2025-07-01 21:41:18,43.387996673584,-8.76523780822754,"Unknown"
"7014854",371863,2025-07-01 21:47:14,43.3633346557617,-8.82204627990723,"Unknown"
"7014854",371863,2025-07-01 21:51:17,43.3603248596191,-8.8409481048584,"Unknown"
"7014854",371863,2025-07-01 21:56:25,43.3603706359863,-8.84099960327148,"Unknown"
"7014854",371863,2025-07-01 22:01:35,43.360237121582,-8.84087657928467,"Unknown"
"7014854",371863,2025-07-01 22:06:13,43.3602752685547,-8.84090995788574,"Unknown"
"7014854",371863,2025-07-01 22:11:13,43.3602180480957,-8.84090518951416,"Unknown"
"7014854",371863,2025-07-01 22:16:13,43.3602752685547,-8.84090709686279,"Unknown"
"7014854",371863,2025-07-01 22:21:14,43.3600997924805,-8.8409366607666,"Unknown"
"7014854",371863,2025-07-01 22:26:15,43.3602333068848,-8.84092712402344,"Unknown"
"7014854",371863,2025-07-01 22:31:13,43.3548164367676,-8.82198905944824,"Unknown"
"7014854",371863,2025-07-01 22:36:13,43.3307075500488,-8.79685401916504,"Unknown"
"7014854",371863,2025-07-01 22:41:13,43.3252410888672,-8.79970455169678,"Unknown"
"7014854",371863,2025-07-01 22:46:12,43.3273086547852,-8.81228256225586,"Unknown"
"7014854",371863,2025-07-01 22:51:12,43.346607208252,-8.83375644683838,"Unknown"
"7014854",371863,2025-07-01 22:56:12,43.3613014221191,-8.83802127838135,"Unknown"
"7014854",371863,2025-07-01 23:01:17,43.3597450256348,-8.84086513519287,"Unknown"
"7014854",371863,2025-07-01 23:06:18,43.3602905273438,-8.84093189239502,"Unknown"
"7014854",371863,2025-07-01 23:11:15,43.3603591918945,-8.8409309387207,"Unknown"
"7014854",371863,2025-07-01 23:16:14,43.3602676391602,-8.84089660644531,"Unknown"
"7014854",371863,2025-07-01 23:21:16,43.3603172302246,-8.84083366394043,"Unknown"
"7014854",371863,2025-07-01 23:26:13,43.360466003418,-8.84098434448242,"Unknown"
"7014854",371863,2025-07-01 23:31:14,43.3599891662598,-8.84084033966064,"Unknown"
"7014854",371863,2025-07-01 23:36:14,43.3604583740234,-8.84098434448242,"Unknown"
"7014854",371863,2025-07-01 23:41:13,43.3604698181152,-8.84098339080811,"Unknown"
"7014854",371863,2025-07-01 23:46:15,43.3604927062988,-8.84099197387695,"Unknown"
"7014854",371863,2025-07-01 23:51:36,43.3603172302246,-8.84086418151855,"Unknown"
"7014854",371863,2025-07-01 23:56:17,43.3602600097656,-8.84075927734375,"Unknown"
"7014854",371863,2025-07-02 00:01:19,43.3602714538574,-8.84085369110107,"Unknown"
"7014854",371863,2025-07-02 00:06:19,43.3602409362793,-8.84086418151855,"Unknown"
"7014854",371863,2025-07-02 00:11:13,43.3600921630859,-8.84084701538086,"Unknown"
"7014854",371863,2025-07-02 00:16:34,43.3602905273438,-8.84084987640381,"Unknown"
"7014854",371863,2025-07-02 00:21:15,43.360538482666,-8.84084892272949,"Unknown"
"7014854",371863,2025-07-02 00:26:17,43.3603973388672,-8.84087371826172,"Unknown"
"7014854",371863,2025-07-02 00:31:24,43.3602638244629,-8.84089660644531,"Unknown"
"7014854",371863,2025-07-02 00:36:24,43.3602828979492,-8.84091091156006,"Unknown"
"7014854",371863,2025-07-02 00:41:24,43.3602638244629,-8.84090137481689,"Unknown"
"7014854",371863,2025-07-02 00:46:24,43.3602905273438,-8.84088039398193,"Unknown"
"7014854",371863,2025-07-02 00:51:24,43.3603057861328,-8.84090709686279,"Unknown"
"7014854",371863,2025-07-02 00:56:24,43.3602828979492,-8.84089088439941,"Unknown"
"7014854",371863,2025-07-02 01:01:24,43.360279083252,-8.84091186523438,"Unknown"
"7014854",371863,2025-07-02 01:06:43,43.3603286743164,-8.84085369110107,"Unknown"
"7014854",371863,2025-07-02 01:11:22,43.3603172302246,-8.84086132049561,"Unknown"
"7014854",371863,2025-07-02 01:16:24,43.3603363037109,-8.84082126617432,"Unknown"
"7014854",371863,2025-07-02 01:21:24,43.3602714538574,-8.84092044830322,"Unknown"
"7014854",371863,2025-07-02 01:26:21,43.3603439331055,-8.84076976776123,"Unknown"
"7014854",371863,2025-07-02 01:31:24,43.3603401184082,-8.84084987640381,"Unknown"
"7014854",371863,2025-07-02 01:36:24,43.360279083252,-8.84097671508789,"Unknown"
"7014854",371863,2025-07-02 01:41:24,43.3601570129395,-8.84092235565186,"Unknown"
"7014854",371863,2025-07-02 01:46:53,43.3603401184082,-8.84084701538086,"Unknown"
"7014854",371863,2025-07-02 01:51:16,43.3603668212891,-8.84085845947266,"Unknown"
"7014854",371863,2025-07-02 01:56:19,43.3601684570312,-8.84096336364746,"Unknown"
"7014854",371863,2025-07-02 02:01:17,43.3603477478027,-8.84083271026611,"Unknown"
"7014854",371863,2025-07-02 02:06:19,43.3601760864258,-8.84094905853271,"Unknown"
"7014854",371863,2025-07-02 02:11:24,43.3603172302246,-8.84102725982666,"Unknown"
"7014854",371863,2025-07-02 02:16:22,43.3602981567383,-8.84105968475342,"Unknown"
"7014854",371863,2025-07-02 02:21:22,43.3602828979492,-8.84105014801025,"Unknown"
"7014854",371863,2025-07-02 02:26:24,43.3602981567383,-8.84102630615234,"Unknown"
"7014854",371863,2025-07-02 02:31:24,43.3602638244629,-8.84102058410645,"Unknown"
"7014854",371863,2025-07-02 02:36:24,43.3602828979492,-8.84109592437744,"Unknown"
"7014854",371863,2025-07-02 02:41:24,43.3602104187012,-8.84103775024414,"Unknown"
"7014854",371863,2025-07-02 02:46:22,43.360237121582,-8.84104824066162,"Unknown"
"7014854",371863,2025-07-02 02:51:21,43.3602104187012,-8.8411340713501,"Unknown"
"7014854",371863,2025-07-02 02:56:23,43.3601989746094,-8.84106636047363,"Unknown"
"7014854",371863,2025-07-02 03:01:18,43.3608856201172,-8.84136581420898,"Unknown"
"7014854",371863,2025-07-02 03:06:18,43.3605308532715,-8.84128570556641,"Unknown"
"7014854",371863,2025-07-02 03:11:35,43.3601493835449,-8.84092426300049,"Unknown"
"7014854",371863,2025-07-02 03:16:24,43.3601188659668,-8.8409538269043,"Unknown"
"7014854",371863,2025-07-02 03:21:17,43.3601531982422,-8.8408899307251,"Unknown"
"7014854",371863,2025-07-02 03:26:12,43.3602256774902,-8.84096622467041,"Unknown"
"7014854",371863,2025-07-02 03:31:12,43.3602142333984,-8.84085559844971,"Unknown"
"7014854",371863,2025-07-02 03:36:14,43.3623847961426,-8.83987617492676,"Unknown"
"7014854",371863,2025-07-02 03:41:23,43.3685531616211,-8.82604885101318,"Unknown"
"7014854",371863,2025-07-02 03:46:19,43.3678283691406,-8.82404613494873,"Unknown"
"7014854",371863,2025-07-02 03:51:12,43.3736457824707,-8.81374645233154,"Unknown"
"7014854",371863,2025-07-02 03:56:14,43.3843612670898,-8.80052280426025,"Unknown"
"7014854",371863,2025-07-02 04:01:59,43.3976440429688,-8.81168556213379,"Unknown"
"7014854",371863,2025-07-02 04:06:13,43.3978004455566,-8.81772327423096,"Unknown"
"7014854",371863,2025-07-02 04:11:12,43.4107475280762,-8.83080291748047,"Unknown"
"7014854",371863,2025-07-02 04:16:12,43.4281272888184,-8.8440523147583,"Unknown"
"7014854",371863,2025-07-02 04:21:12,43.4483261108398,-8.85807037353516,"Unknown"
"7014854",371863,2025-07-02 04:26:12,43.4663429260254,-8.88592910766602,"Unknown"
"7014854",371863,2025-07-02 04:31:13,43.4804992675781,-8.9105863571167,"Unknown"
"7014854",371863,2025-07-02 04:36:12,43.4927368164062,-8.92296123504639,"Unknown"
"7014854",371863,2025-07-02 04:41:12,43.5030937194824,-8.94394969940186,"Unknown"
"7014854",371863,2025-07-02 04:46:12,43.5171775817871,-8.95294761657715,"Unknown"
"7014854",371863,2025-07-02 04:51:18,43.5348129272461,-8.9558162689209,"Unknown"
"7014854",371863,2025-07-02 04:56:12,43.5486450195312,-8.95665550231934,"Unknown"
"7014854",371863,2025-07-02 05:01:13,43.5577278137207,-8.96815204620361,"Unknown"
"7014854",371863,2025-07-02 05:06:13,43.5668525695801,-8.98371315002441,"Unknown"
"7014854",371863,2025-07-02 05:11:14,43.5683250427246,-8.96924591064453,"Unknown"
"7014854",371863,2025-07-02 05:16:16,43.5681686401367,-8.96899127960205,"Unknown"
"7014854",371863,2025-07-02 05:21:16,43.5675811767578,-8.97014713287354,"Unknown"
"7014854",371863,2025-07-02 05:26:16,43.5670509338379,-8.97673225402832,"Unknown"
"7014854",371863,2025-07-02 05:31:17,43.5476150512695,-8.95364379882812,"Unknown"
"7014854",371863,2025-07-02 05:36:15,43.5189018249512,-8.92992305755615,"Unknown"
"7014854",371863,2025-07-02 05:41:15,43.486385345459,-8.91973304748535,"Unknown"
"7014854",371863,2025-07-02 05:46:16,43.447193145752,-8.90137004852295,"Unknown"
"7014854",371863,2025-07-02 05:51:27,43.4269905090332,-8.86908435821533,"Unknown"
"7014854",371863,2025-07-02 05:56:34,43.4235496520996,-8.86031055450439,"Unknown"
"7014854",371863,2025-07-02 06:02:29,43.4205894470215,-8.85344696044922,"Unknown"
"7014854",371863,2025-07-02 06:06:24,43.4185180664062,-8.84680271148682,"Unknown"
"7014854",371863,2025-07-02 06:11:28,43.387523651123,-8.84342670440674,"Unknown"
"7014854",371863,2025-07-02 06:16:42,43.3602256774902,-8.84091949462891,"Unknown"
"7014854",371863,2025-07-02 06:21:12,43.3602294921875,-8.84086227416992,"Unknown"
"7014854",371863,2025-07-02 06:26:12,43.3602333068848,-8.84088516235352,"Unknown"
"7014854",371863,2025-07-02 06:31:17,43.3602104187012,-8.84086513519287,"Unknown"
"7014854",371863,2025-07-02 06:36:13,43.3602180480957,-8.84084415435791,"Unknown"
"7014854",371863,2025-07-02 06:41:13,43.3602180480957,-8.8408145904541,"Unknown"
"7014854",371863,2025-07-02 06:46:14,43.360221862793,-8.84080219268799,"Unknown"
"7014854",371863,2025-07-02 06:51:15,43.3602180480957,-8.84084892272949,"Unknown"
"7014854",371863,2025-07-02 06:56:16,43.3603477478027,-8.84097290039062,"Unknown"
"7014854",371863,2025-07-02 07:01:16,43.360595703125,-8.84126949310303,"Unknown"
"7014854",371863,2025-07-02 07:06:17,43.3606643676758,-8.84122467041016,"Unknown"
"7014854",371863,2025-07-02 07:11:17,43.360538482666,-8.84128093719482,"Unknown"
"7014854",371863,2025-07-02 07:16:18,43.3604621887207,-8.84129810333252,"Unknown"
"7014854",371863,2025-07-02 07:21:18,43.3603553771973,-8.84127807617188,"Unknown"
"7014854",371863,2025-07-02 07:26:32,43.3602638244629,-8.84090900421143,"Unknown"
"7014854",371863,2025-07-02 07:31:12,43.360179901123,-8.84092998504639,"Unknown"
"7014854",371863,2025-07-02 07:36:15,43.3600616455078,-8.84112071990967,"Unknown"
"7014854",371863,2025-07-02 07:41:17,43.359977722168,-8.84127044677734,"Unknown"
"7014854",371863,2025-07-02 07:46:22,43.3602561950684,-8.84090709686279,"Unknown"
"7014854",371863,2025-07-02 07:51:19,43.3602867126465,-8.84094429016113,"Unknown"
"7014854",371863,2025-07-02 07:56:35,43.3602333068848,-8.84086894989014,"Unknown"
"7014854",371863,2025-07-02 08:01:15,43.3602638244629,-8.8408317565918,"Unknown"
"7014854",371863,2025-07-02 08:06:19,43.3602104187012,-8.84092903137207,"Unknown"
"7014854",371863,2025-07-02 08:11:14,43.3601455688477,-8.84089851379395,"Unknown"
"7014854",371863,2025-07-02 08:16:16,43.360294342041,-8.84079170227051,"Unknown"
"7014854",371863,2025-07-02 08:21:15,43.3602447509766,-8.84082412719727,"Unknown"
"7014854",371863,2025-07-02 08:26:19,43.3601150512695,-8.84080505371094,"Unknown"
"7014854",371863,2025-07-02 08:32:14,43.3604354858398,-8.84695339202881,"Unknown"
"7014854",371863,2025-07-02 08:36:17,43.3603057861328,-8.84094619750977,"Unknown"
"7014854",371863,2025-07-02 08:41:17,43.360279083252,-8.8408727645874,"Unknown"
"7014854",371863,2025-07-02 08:46:15,43.3603782653809,-8.8409948348999,"Unknown"
"7014854",371863,2025-07-02 08:51:15,43.3601989746094,-8.84097671508789,"Unknown"
"7014854",371863,2025-07-02 08:56:14,43.3603019714355,-8.84097862243652,"Unknown"
"7014854",371863,2025-07-02 09:01:14,43.3602104187012,-8.84095001220703,"Unknown"
"7014854",371863,2025-07-02 09:06:21,43.3601570129395,-8.84090042114258,"Unknown"
"7014854",371863,2025-07-02 09:11:35,43.3603134155273,-8.84105014801025,"Unknown"
"7014854",371863,2025-07-02 09:16:13,43.3602867126465,-8.84104347229004,"Unknown"
"7014854",371863,2025-07-02 09:21:12,43.3603172302246,-8.84107398986816,"Unknown"
"7014854",371863,2025-07-02 09:26:12,43.3603019714355,-8.8409595489502,"Unknown"
"7014854",371863,2025-07-02 09:31:12,43.3603477478027,-8.84095573425293,"Unknown"
"7014854",371863,2025-07-02 09:36:12,43.3603248596191,-8.84092712402344,"Unknown"
"7014854",371863,2025-07-02 09:41:12,43.3603668212891,-8.84100341796875,"Unknown"
"7014854",371863,2025-07-02 09:46:12,43.3603057861328,-8.84086799621582,"Unknown"
"7014854",371863,2025-07-02 09:51:12,43.3603706359863,-8.84095668792725,"Unknown"
"7014854",371863,2025-07-02 09:56:13,43.3602905273438,-8.84090614318848,"Unknown"
"7014854",371863,2025-07-02 10:01:15,43.3603248596191,-8.84099102020264,"Unknown"
"7014854",371863,2025-07-02 10:06:13,43.3603134155273,-8.84090042114258,"Unknown"
"7014854",371863,2025-07-02 10:11:13,43.3602256774902,-8.84090709686279,"Unknown"
"7014854",371863,2025-07-02 10:16:12,43.3602638244629,-8.84084987640381,"Unknown"
"7014854",371863,2025-07-02 10:21:13,43.3602714538574,-8.84093856811523,"Unknown"
"7014854",371863,2025-07-02 10:26:16,43.3602561950684,-8.84094047546387,"Unknown"
"7014854",371863,2025-07-02 10:31:15,43.3602828979492,-8.84091949462891,"Unknown"
"7014854",371863,2025-07-02 10:36:15,43.3602523803711,-8.84097957611084,"Unknown"
"7014854",371863,2025-07-02 10:41:16,43.3602981567383,-8.8408899307251,"Unknown"
"7014854",371863,2025-07-02 10:46:35,43.3602676391602,-8.8409366607666,"Unknown"
"7014854",371863,2025-07-02 10:51:16,43.3602600097656,-8.84097194671631,"Unknown"
"7014854",371863,2025-07-02 10:56:13,43.3602447509766,-8.84090328216553,"Unknown"
"7014854",371863,2025-07-02 11:01:15,43.3602828979492,-8.84096527099609,"Unknown"
"7014854",371863,2025-07-02 11:06:13,43.360237121582,-8.8409481048584,"Unknown"
"7014854",371863,2025-07-02 11:11:17,43.3603172302246,-8.84091472625732,"Unknown"
"7014854",371863,2025-07-02 11:16:14,43.3602828979492,-8.84091567993164,"Unknown"
"7014854",371863,2025-07-02 11:21:13,43.3603172302246,-8.84099197387695,"Unknown"
"7014854",371863,2025-07-02 11:26:14,43.3602981567383,-8.84103298187256,"Unknown"
"7014854",371863,2025-07-02 11:31:14,43.3603591918945,-8.84103012084961,"Unknown"
"7014854",371863,2025-07-02 11:36:13,43.3602714538574,-8.84090423583984,"Unknown"
"7014854",371863,2025-07-02 11:41:13,43.3603477478027,-8.84106254577637,"Unknown"
"7014854",371863,2025-07-02 11:46:16,43.3602447509766,-8.84096527099609,"Unknown"
"7014854",371863,2025-07-02 11:51:15,43.3603210449219,-8.84107208251953,"Unknown"
"7014854",371863,2025-07-02 11:56:15,43.361629486084,-8.84070205688477,"Unknown"
"7014854",371863,2025-07-02 12:01:53,43.3678588867188,-8.8353385925293,"Unknown"
"7014854",371863,2025-07-02 12:06:13,43.373420715332,-8.83251285552979,"Unknown"
"7014854",371863,2025-07-02 12:11:22,43.372688293457,-8.83263683319092,"Unknown"
"7014854",371863,2025-07-02 12:16:26,43.3728179931641,-8.83379745483398,"Unknown"
"7014854",371863,2025-07-02 12:22:37,43.3625679016113,-8.83883285522461,"Unknown"
"7014854",371863,2025-07-02 12:27:37,43.3625297546387,-8.83879280090332,"Unknown"
"7014854",371863,2025-07-02 12:32:37,43.362548828125,-8.83884239196777,"Unknown"
"7014854",371863,2025-07-02 12:36:16,43.3603134155273,-8.84074211120605,"Unknown"
"7014854",371863,2025-07-02 12:41:15,43.3604469299316,-8.84068393707275,"Unknown"
"7014854",371863,2025-07-02 12:46:15,43.3601837158203,-8.84092140197754,"Unknown"
"7014854",371863,2025-07-02 12:51:12,43.3602066040039,-8.84079837799072,"Unknown"
"7014854",371863,2025-07-02 12:56:17,43.3603439331055,-8.8408784866333,"Unknown"
"7014854",371863,2025-07-02 13:01:16,43.3602905273438,-8.84100818634033,"Unknown"
"7014854",371863,2025-07-02 13:06:14,43.3602752685547,-8.84095096588135,"Unknown"
"7014854",371863,2025-07-02 13:11:14,43.3603134155273,-8.84097194671631,"Unknown"
"7014854",371863,2025-07-02 13:16:14,43.3603096008301,-8.84092998504639,"Unknown"
"7014854",371863,2025-07-02 13:21:13,43.3603668212891,-8.8409538269043,"Unknown"
"7014854",371863,2025-07-02 13:26:14,43.3602638244629,-8.84086322784424,"Unknown"
"7014854",371863,2025-07-02 13:31:12,43.3603363037109,-8.84091472625732,"Unknown"
"7014854",371863,2025-07-02 13:36:12,43.3603973388672,-8.84097480773926,"Unknown"
"7014854",371863,2025-07-02 13:41:15,43.3603935241699,-8.84088897705078,"Unknown"
"7014854",371863,2025-07-02 13:46:13,43.3604965209961,-8.84100818634033,"Unknown"
"7014854",371863,2025-07-02 13:51:13,43.3603057861328,-8.84087562561035,"Unknown"
"7014854",371863,2025-07-02 13:56:17,43.360466003418,-8.84091091156006,"Unknown"
"7014854",371863,2025-07-02 14:01:24,43.3602256774902,-8.84092426300049,"Unknown"
"7014854",371863,2025-07-02 14:06:24,43.3601989746094,-8.84084606170654,"Unknown"
"7014854",371863,2025-07-02 14:11:24,43.3601913452148,-8.84095668792725,"Unknown"
"7014854",371863,2025-07-02 14:16:24,43.3601379394531,-8.8409309387207,"Unknown"
"7014854",371863,2025-07-02 14:21:24,43.3600692749023,-8.84088611602783,"Unknown"
"7014854",371863,2025-07-02 14:26:24,43.3600616455078,-8.8408374786377,"Unknown"
"7014854",371863,2025-07-02 14:31:35,43.3602523803711,-8.840895652771,"Unknown"
"7014854",371863,2025-07-02 14:36:12,43.3602828979492,-8.84088897705078,"Unknown"
"7014854",371863,2025-07-02 14:41:14,43.3602600097656,-8.84089851379395,"Unknown"
"7014854",371863,2025-07-02 14:46:15,43.361988067627,-8.83969974517822,"Unknown"
"7014854",371863,2025-07-02 14:51:12,43.368766784668,-8.8406810760498,"Unknown"
"7014854",371863,2025-07-02 14:56:14,43.3757934570312,-8.86159229278564,"Unknown"
"7014854",371863,2025-07-02 15:01:12,43.3750228881836,-8.86321353912354,"Unknown"
"7014854",371863,2025-07-02 15:06:13,43.3458251953125,-8.85469722747803,"Unknown"
"7014854",371863,2025-07-02 15:11:15,43.3137512207031,-8.85743522644043,"Unknown"
"7014854",371863,2025-07-02 15:16:16,43.3138847351074,-8.85737895965576,"Unknown"
"7014854",371863,2025-07-02 15:21:12,43.3138389587402,-8.85732460021973,"Unknown"
"7014854",371863,2025-07-02 15:26:13,43.313907623291,-8.85735607147217,"Unknown"
"7014854",371863,2025-07-02 15:31:15,43.3138084411621,-8.85733795166016,"Unknown"
"7014854",371863,2025-07-02 15:36:13,43.3213539123535,-8.84575748443604,"Unknown"
"7014854",371863,2025-07-02 15:41:13,43.3390884399414,-8.84015941619873,"Unknown"
"7014854",371863,2025-07-02 15:46:14,43.3494720458984,-8.83562850952148,"Unknown"
"7014854",371863,2025-07-02 15:51:14,43.3611755371094,-8.83744525909424,"Unknown"
"7014854",371863,2025-07-02 15:56:23,43.3602905273438,-8.84089088439941,"Unknown"
"7014854",371863,2025-07-02 16:01:37,43.3603210449219,-8.8408727645874,"Unknown"
"7014854",371863,2025-07-02 16:06:16,43.3602638244629,-8.84081649780273,"Unknown"
"7014854",371863,2025-07-02 16:11:35,43.3602676391602,-8.84093284606934,"Unknown"
"7014854",371863,2025-07-02 16:16:18,43.3607330322266,-8.84202575683594,"Unknown"
"7014854",371863,2025-07-02 16:21:23,43.3602867126465,-8.84092617034912,"Unknown"
"7014854",371863,2025-07-02 16:26:16,43.3602676391602,-8.84091091156006,"Unknown"
"7014854",371863,2025-07-02 16:31:22,43.3603096008301,-8.84086513519287,"Unknown"
"7014854",371863,2025-07-02 16:36:15,43.3604774475098,-8.84101390838623,"Unknown"
"7014854",371863,2025-07-02 16:41:15,43.3615112304688,-8.83381748199463,"Unknown"
"7014854",371863,2025-07-02 16:46:19,43.3722496032715,-8.82596969604492,"Unknown"
"7014854",371863,2025-07-02 16:51:17,43.3726539611816,-8.82601261138916,"Unknown"
"7014854",371863,2025-07-02 16:56:16,43.3720893859863,-8.82480144500732,"Unknown"
"7014854",371863,2025-07-02 17:01:41,43.3713417053223,-8.82722187042236,"Unknown"
"7014854",371863,2025-07-02 17:06:44,43.3602867126465,-8.84090995788574,"Unknown"
"7014854",371863,2025-07-02 17:11:13,43.3603172302246,-8.84094047546387,"Unknown"
"7014854",371863,2025-07-02 17:16:13,43.3602485656738,-8.84098052978516,"Unknown"
"7014854",371863,2025-07-02 17:21:13,43.3603096008301,-8.84099578857422,"Unknown"
"7014854",371863,2025-07-02 17:26:13,43.360279083252,-8.84098529815674,"Unknown"
"7014854",371863,2025-07-02 17:31:16,43.3602561950684,-8.8409366607666,"Unknown"
"7014854",371863,2025-07-02 17:36:16,43.3602905273438,-8.84096431732178,"Unknown"
"7014854",371863,2025-07-02 17:41:12,43.3602600097656,-8.84092712402344,"Unknown"
"7014854",371863,2025-07-02 17:46:26,43.360179901123,-8.84087085723877,"Unknown"
"7014854",371863,2025-07-02 17:51:26,43.3602142333984,-8.84086513519287,"Unknown"
"7014854",371863,2025-07-02 17:56:35,43.3602180480957,-8.84090328216553,"Unknown"
"7014854",371863,2025-07-02 18:01:12,43.3602027893066,-8.84093189239502,"Unknown"
"7014854",371863,2025-07-02 18:06:12,43.3601455688477,-8.84099864959717,"Unknown"
"7014854",371863,2025-07-02 18:11:12,43.3600540161133,-8.84105491638184,"Unknown"
"7014854",371863,2025-07-02 18:16:12,43.3601722717285,-8.84095287322998,"Unknown"
"7014854",371863,2025-07-02 18:21:14,43.3603286743164,-8.84085941314697,"Unknown"
"7014854",371863,2025-07-02 18:26:13,43.3599243164062,-8.84127521514893,"Unknown"
"7014854",371863,2025-07-02 18:31:12,43.3602104187012,-8.84103202819824,"Unknown"
"7014854",371863,2025-07-02 18:36:12,43.3601722717285,-8.84109783172607,"Unknown"
"7014854",371863,2025-07-02 18:41:15,43.3603248596191,-8.84095859527588,"Unknown"
"7014854",371863,2025-07-02 18:46:13,43.3602027893066,-8.84099292755127,"Unknown"
"7014854",371863,2025-07-02 18:51:15,43.3601341247559,-8.84107208251953,"Unknown"
"7014854",371863,2025-07-02 18:56:15,43.3600578308105,-8.8410816192627,"Unknown"
"7014854",371863,2025-07-02 19:01:17,43.3603591918945,-8.8408670425415,"Unknown"
"7014854",371863,2025-07-02 19:06:18,43.3600578308105,-8.84109497070312,"Unknown"
"7014854",371863,2025-07-02 19:11:17,43.3600959777832,-8.84104251861572,"Unknown"
"7014854",371863,2025-07-02 19:16:32,43.3602600097656,-8.84092617034912,"Unknown"
"7014854",371863,2025-07-02 19:21:13,43.3603363037109,-8.84096145629883,"Unknown"
"7014854",371863,2025-07-02 19:26:12,43.3602447509766,-8.8409366607666,"Unknown"
"7014854",371863,2025-07-02 19:31:14,43.3602600097656,-8.84095668792725,"Unknown"
"7014854",371863,2025-07-02 19:36:12,43.360294342041,-8.84099292755127,"Unknown"
"7014854",371863,2025-07-02 19:41:12,43.3603744506836,-8.84093952178955,"Unknown"
"7014854",371863,2025-07-02 19:46:14,43.3603057861328,-8.84089851379395,"Unknown"
"7014854",371863,2025-07-02 19:51:12,43.3645133972168,-8.83712291717529,"Unknown"
"7014854",371863,2025-07-02 19:56:14,43.3694725036621,-8.83044242858887,"Unknown"
"7014854",371863,2025-07-02 20:01:13,43.369758605957,-8.82507705688477,"Unknown"
"7014854",371863,2025-07-02 20:06:14,43.3680458068848,-8.83003044128418,"Unknown"
"7014854",371863,2025-07-02 20:11:16,43.3600425720215,-8.84086513519287,"Unknown"
"7014854",371863,2025-07-02 20:16:21,43.3600044250488,-8.84102916717529,"Unknown"
"7014854",371863,2025-07-02 20:21:18,43.3601989746094,-8.8409481048584,"Unknown"
"7014854",371863,2025-07-02 20:26:19,43.3601760864258,-8.84091091156006,"Unknown"
"7014854",371863,2025-07-02 20:31:17,43.3601989746094,-8.84097099304199,"Unknown"
"7014854",371863,2025-07-02 20:36:18,43.3606033325195,-8.84141445159912,"Unknown"
"7014854",371863,2025-07-02 20:41:18,43.3603820800781,-8.8411340713501,"Unknown"
"7014854",371863,2025-07-02 20:46:24,43.3602180480957,-8.84087753295898,"Unknown"
"7014854",371863,2025-07-02 20:51:19,43.360221862793,-8.84095096588135,"Unknown"
"7014854",371863,2025-07-02 20:56:17,43.3601493835449,-8.84082508087158,"Unknown"
"7014854",371863,2025-07-02 21:01:21,43.3601913452148,-8.84086513519287,"Unknown"
"7014854",371863,2025-07-02 21:06:24,43.3602600097656,-8.84088134765625,"Unknown"
"7014854",371863,2025-07-02 21:11:23,43.3601226806641,-8.84090614318848,"Unknown"
"7014854",371863,2025-07-02 21:16:27,43.3601417541504,-8.8409252166748,"Unknown"
"7014854",371863,2025-07-02 21:21:28,43.3601455688477,-8.8409423828125,"Unknown"
"7014854",371863,2025-07-02 21:26:29,43.3602104187012,-8.84086799621582,"Unknown"
"7014854",371863,2025-07-02 21:31:24,43.3602104187012,-8.84091186523438,"Unknown"
"7014854",371863,2025-07-02 21:36:30,43.3601875305176,-8.84092998504639,"Unknown"
"7014854",371863,2025-07-02 21:41:35,43.3602714538574,-8.84091472625732,"Unknown"
"7014854",371863,2025-07-02 21:46:12,43.3602905273438,-8.84097385406494,"Unknown"
"7014854",371863,2025-07-02 21:51:13,43.3603096008301,-8.8408727645874,"Unknown"
"7014854",371863,2025-07-02 21:56:15,43.3603935241699,-8.84091281890869,"Unknown"
"7014854",371863,2025-07-02 22:01:29,43.3602714538574,-8.84094715118408,"Unknown"
"7014854",371863,2025-07-02 22:06:35,43.3602066040039,-8.84089374542236,"Unknown"
"7014854",371863,2025-07-02 22:11:19,43.3601684570312,-8.84089946746826,"Unknown"
"7014854",371863,2025-07-02 22:16:33,43.3602104187012,-8.84092807769775,"Unknown"
"7014854",371863,2025-07-02 22:21:14,43.3602447509766,-8.84092617034912,"Unknown"
"7014854",371863,2025-07-02 22:26:15,43.3602180480957,-8.84099292755127,"Unknown"
"7014854",371863,2025-07-02 22:31:13,43.360237121582,-8.840989112854,"Unknown"
"7014854",371863,2025-07-02 22:36:13,43.3598251342773,-8.84097290039062,"Unknown"
"7014854",371863,2025-07-02 22:41:13,43.3600463867188,-8.84095096588135,"Unknown"
"7014854",371863,2025-07-02 22:46:22,43.360237121582,-8.8409423828125,"Unknown"
"7014854",371863,2025-07-02 22:51:15,43.3602066040039,-8.84090232849121,"Unknown"
"7014854",371863,2025-07-02 22:56:16,43.3601722717285,-8.84095573425293,"Unknown"
"7014854",371863,2025-07-02 23:01:15,43.3602638244629,-8.8409481048584,"Unknown"
"7014854",371863,2025-07-02 23:06:15,43.360294342041,-8.84092044830322,"Unknown"
"7014854",371863,2025-07-02 23:11:14,43.3602600097656,-8.84090709686279,"Unknown"
"7014854",371863,2025-07-02 23:16:19,43.3588256835938,-8.84074974060059,"Unknown"
"7014854",371863,2025-07-02 23:21:14,43.3612251281738,-8.84102821350098,"Unknown"
"7014854",371863,2025-07-02 23:26:14,43.3607902526855,-8.84099006652832,"Unknown"
"7014854",371863,2025-07-02 23:31:35,43.3602676391602,-8.84090042114258,"Unknown"
"7014854",371863,2025-07-02 23:36:13,43.3602561950684,-8.84089660644531,"Unknown"
"7014854",371863,2025-07-02 23:41:12,43.3602752685547,-8.84092235565186,"Unknown"
"7014854",371863,2025-07-02 23:46:12,43.3602600097656,-8.84090614318848,"Unknown"
"7014854",371863,2025-07-02 23:51:13,43.3602485656738,-8.84086799621582,"Unknown"
"7014854",371863,2025-07-02 23:56:12,43.3602714538574,-8.84089183807373,"Unknown"
"7014854",371863,2025-07-03 00:01:12,43.3602256774902,-8.84088802337646,"Unknown"
"7014854",371863,2025-07-03 00:06:12,43.3602256774902,-8.84087562561035,"Unknown"
"7014854",371863,2025-07-03 00:11:15,43.3601913452148,-8.8408088684082,"Unknown"
"7014854",371863,2025-07-03 00:16:19,43.3602714538574,-8.84082889556885,"Unknown"
"7014854",371863,2025-07-03 00:21:19,43.3603019714355,-8.84085273742676,"Unknown"
"7014854",371863,2025-07-03 00:26:19,43.3602714538574,-8.84076118469238,"Unknown"
"7014854",371863,2025-07-03 00:31:35,43.3603477478027,-8.84086608886719,"Unknown"
"7014854",371863,2025-07-03 00:36:13,43.3601455688477,-8.8408145904541,"Unknown"
"7014854",371863,2025-07-03 00:41:14,43.3605155944824,-8.84096336364746,"Unknown"
"7014854",371863,2025-07-03 00:46:21,43.3603096008301,-8.84087371826172,"Unknown"
"7014854",371863,2025-07-03 00:51:24,43.3603057861328,-8.84090518951416,"Unknown"
"7014854",371863,2025-07-03 00:56:44,43.3603210449219,-8.84093189239502,"Unknown"
"7014854",371863,2025-07-03 01:01:16,43.3602523803711,-8.8408899307251,"Unknown"
"7014854",371863,2025-07-03 01:06:13,43.3605422973633,-8.84096908569336,"Unknown"
"7014854",371863,2025-07-03 01:11:12,43.3603248596191,-8.84097957611084,"Unknown"
"7014854",371863,2025-07-03 01:16:13,43.360767364502,-8.84102821350098,"Unknown"
"7014854",371863,2025-07-03 01:21:13,43.360408782959,-8.84089756011963,"Unknown"
"7014854",371863,2025-07-03 01:26:13,43.3602981567383,-8.84092712402344,"Unknown"
"7014854",371863,2025-07-03 01:31:17,43.3602714538574,-8.84097099304199,"Unknown"
"7014854",371863,2025-07-03 01:36:14,43.3603630065918,-8.8410472869873,"Unknown"
"7014854",371863,2025-07-03 01:41:13,43.3603401184082,-8.84093761444092,"Unknown"
"7014854",371863,2025-07-03 01:46:15,43.3602600097656,-8.84090995788574,"Unknown"
"7014854",371863,2025-07-03 01:51:21,43.360294342041,-8.84093952178955,"Unknown"
"7014854",371863,2025-07-03 01:56:23,43.3603019714355,-8.84099578857422,"Unknown"
"7014854",371863,2025-07-03 02:01:13,43.3603210449219,-8.84096145629883,"Unknown"
"7014854",371863,2025-07-03 02:06:24,43.3602828979492,-8.84097576141357,"Unknown"
"7014854",371863,2025-07-03 02:11:24,43.3604774475098,-8.84105491638184,"Unknown"
"7014854",371863,2025-07-03 02:16:24,43.3604049682617,-8.84095859527588,"Unknown"
"7014854",371863,2025-07-03 02:21:35,43.3602867126465,-8.84095191955566,"Unknown"
"7014854",371863,2025-07-03 02:26:16,43.3600807189941,-8.84080791473389,"Unknown"
"7014854",371863,2025-07-03 02:31:24,43.3603210449219,-8.8409595489502,"Unknown"
"7014854",371863,2025-07-03 02:36:32,43.3602905273438,-8.84094142913818,"Unknown"
"7014854",371863,2025-07-03 02:41:12,43.3602981567383,-8.84079742431641,"Unknown"
"7014854",371863,2025-07-03 02:46:14,43.3602485656738,-8.84099006652832,"Unknown"
"7014854",371863,2025-07-03 02:51:15,43.360279083252,-8.84094429016113,"Unknown"
"7014854",371863,2025-07-03 02:56:13,43.3602104187012,-8.84094429016113,"Unknown"
"7014854",371863,2025-07-03 03:01:12,43.360237121582,-8.8409252166748,"Unknown"
"7014854",371863,2025-07-03 03:06:12,43.3602256774902,-8.84106826782227,"Unknown"
"7014854",371863,2025-07-03 03:11:15,43.3602714538574,-8.84096431732178,"Unknown"
"7014854",371863,2025-07-03 03:16:14,43.3602256774902,-8.84092617034912,"Unknown"
"7014854",371863,2025-07-03 03:21:12,43.3602447509766,-8.84095478057861,"Unknown"
"7014854",371863,2025-07-03 03:26:14,43.360279083252,-8.8408374786377,"Unknown"
"7014854",371863,2025-07-03 03:31:12,43.3602676391602,-8.84082221984863,"Unknown"
"7014854",371863,2025-07-03 03:36:15,43.3602333068848,-8.84090423583984,"Unknown"
"7014854",371863,2025-07-03 03:41:24,43.3668098449707,-8.83894729614258,"Unknown"
"7014854",371863,2025-07-03 03:47:14,43.3711853027344,-8.83290958404541,"Unknown"
"7014854",371863,2025-07-03 03:51:12,43.3810081481934,-8.84495544433594,"Unknown"
"7014854",371863,2025-07-03 03:56:12,43.3964614868164,-8.85134696960449,"Unknown"
"7014854",371863,2025-07-03 04:02:37,43.4167213439941,-8.86931419372559,"Unknown"
"7014854",371863,2025-07-03 04:07:37,43.4314804077148,-8.8856201171875,"Unknown"
"7014854",371863,2025-07-03 04:17:29,43.4487495422363,-8.91176223754883,"Unknown"
"7014854",371863,2025-07-03 04:21:15,43.4475784301758,-8.91448211669922,"Unknown"
"7014854",371863,2025-07-03 04:26:13,43.4438285827637,-8.91806888580322,"Unknown"
"7014854",371863,2025-07-03 04:31:12,43.4410362243652,-8.92465972900391,"Unknown"
"7014854",371863,2025-07-03 04:36:12,43.4411544799805,-8.92472267150879,"Unknown"
"7014854",371863,2025-07-03 04:41:13,43.4418411254883,-8.92391967773438,"Unknown"
"7014854",371863,2025-07-03 04:46:15,43.4413833618164,-8.92565822601318,"Unknown"
"7014854",371863,2025-07-03 04:51:15,43.4401245117188,-8.92737674713135,"Unknown"
"7014854",371863,2025-07-03 04:56:14,43.4393539428711,-8.93151664733887,"Unknown"
"7014854",371863,2025-07-03 05:01:21,43.438835144043,-8.93426418304443,"Unknown"
"7014854",371863,2025-07-03 05:06:47,43.4379997253418,-8.93898010253906,"Unknown"
"7014854",371863,2025-07-03 05:11:24,43.4371376037598,-8.94129371643066,"Unknown"
"7014854",371863,2025-07-03 05:16:24,43.4359970092773,-8.94326305389404,"Unknown"
"7014854",371863,2025-07-03 05:21:30,43.4346961975098,-8.94529247283936,"Unknown"
"7014854",371863,2025-07-03 05:26:29,43.435604095459,-8.93505954742432,"Unknown"
"7014854",371863,2025-07-03 05:31:24,43.4365310668945,-8.9227466583252,"Unknown"
"7014854",371863,2025-07-03 05:36:24,43.4348449707031,-8.91481685638428,"Unknown"
"7014854",371863,2025-07-03 05:41:24,43.4331130981445,-8.9130744934082,"Unknown"
"7014854",371863,2025-07-03 05:46:49,43.4312896728516,-8.91286277770996,"Unknown"
"7014854",371863,2025-07-03 05:51:35,43.4283180236816,-8.91714763641357,"Unknown"
"7014854",371863,2025-07-03 05:56:44,43.4238090515137,-8.92716503143311,"Unknown"
"7014854",371863,2025-07-03 06:01:24,43.4215316772461,-8.93312168121338,"Unknown"
"7014854",371863,2025-07-03 06:06:24,43.419677734375,-8.93763637542725,"Unknown"
"7014854",371863,2025-07-03 06:11:21,43.4172668457031,-8.94216346740723,"Unknown"
"7014854",371863,2025-07-03 06:16:30,43.4147491455078,-8.94689750671387,"Unknown"
"7014854",371863,2025-07-03 06:21:18,43.412425994873,-8.95032691955566,"Unknown"
"7014854",371863,2025-07-03 06:26:24,43.4097290039062,-8.95538330078125,"Unknown"
"7014854",371863,2025-07-03 06:31:15,43.4070777893066,-8.95935440063477,"Unknown"
"7014854",371863,2025-07-03 06:36:24,43.404598236084,-8.96410179138184,"Unknown"
"7014854",371863,2025-07-03 06:41:14,43.4019393920898,-8.96806907653809,"Unknown"
"7014854",371863,2025-07-03 06:46:44,43.3996505737305,-8.97366428375244,"Unknown"
"7014854",371863,2025-07-03 06:52:26,43.3966865539551,-8.97840309143066,"Unknown"
"7014854",371863,2025-07-03 06:56:12,43.394905090332,-8.98194980621338,"Unknown"
"7014854",371863,2025-07-03 07:01:12,43.3925552368164,-8.98669242858887,"Unknown"
"7014854",371863,2025-07-03 07:06:12,43.3750267028809,-8.96905994415283,"Unknown"
"7014854",371863,2025-07-03 07:11:12,43.3663482666016,-8.95781135559082,"Unknown"
"7014854",371863,2025-07-03 07:16:13,43.3567008972168,-8.94275569915771,"Unknown"
"7014854",371863,2025-07-03 07:21:12,43.3427734375,-8.9215087890625,"Unknown"
"7014854",371863,2025-07-03 07:26:13,43.3216018676758,-8.90311050415039,"Unknown"
"7014854",371863,2025-07-03 07:31:13,43.3199157714844,-8.88465976715088,"Unknown"
"7014854",371863,2025-07-03 07:36:14,43.3201560974121,-8.86391353607178,"Unknown"
"7014854",371863,2025-07-03 07:41:12,43.3144340515137,-8.85686302185059,"Unknown"
"7014854",371863,2025-07-03 07:46:12,43.3149108886719,-8.85710906982422,"Unknown"
"7014854",371863,2025-07-03 07:51:12,43.3234519958496,-8.84863471984863,"Unknown"
"7014854",371863,2025-07-03 07:56:13,43.3432350158691,-8.84258079528809,"Unknown"
"7014854",371863,2025-07-03 08:01:15,43.3548583984375,-8.84854316711426,"Unknown"
"7014854",371863,2025-07-03 08:06:12,43.3606224060059,-8.84109973907471,"Unknown"
"7014854",371863,2025-07-03 08:11:24,43.3603096008301,-8.84093475341797,"Unknown"
"7014854",371863,2025-07-03 08:16:19,43.3602409362793,-8.84104061126709,"Unknown"
"7014854",371863,2025-07-03 08:21:25,43.3602638244629,-8.84099102020264,"Unknown"
"7014854",371863,2025-07-03 08:26:24,43.3603515625,-8.84099674224854,"Unknown"
"7014854",371863,2025-07-03 08:31:24,43.3603134155273,-8.840989112854,"Unknown"
"7014854",371863,2025-07-03 08:36:24,43.3603286743164,-8.8410005569458,"Unknown"
"7014854",371863,2025-07-03 08:41:19,43.3600997924805,-8.84082889556885,"Unknown"
"7014854",371863,2025-07-03 08:46:19,43.3602409362793,-8.84096717834473,"Unknown"
"7014854",371863,2025-07-03 08:51:18,43.3602104187012,-8.84092330932617,"Unknown"
"7014854",371863,2025-07-03 08:56:18,43.3602638244629,-8.84095287322998,"Unknown"
"7014854",371863,2025-07-03 09:01:18,43.3602714538574,-8.84097480773926,"Unknown"
"7014854",371863,2025-07-03 09:06:18,43.3602409362793,-8.84087562561035,"Unknown"
"7014854",371863,2025-07-03 09:11:19,43.3602752685547,-8.8409595489502,"Unknown"
"7014854",371863,2025-07-03 09:16:14,43.3603363037109,-8.84117794036865,"Unknown"
"7014854",371863,2025-07-03 09:21:40,43.3602714538574,-8.84091281890869,"Unknown"
"7014854",371863,2025-07-03 09:26:16,43.3603210449219,-8.84089374542236,"Unknown"
"7014854",371863,2025-07-03 09:31:17,43.3603439331055,-8.84085941314697,"Unknown"
"7014854",371863,2025-07-03 09:36:24,43.3602905273438,-8.84091758728027,"Unknown"
"7014854",371863,2025-07-03 09:41:35,43.3602867126465,-8.84091949462891,"Unknown"
"7014854",371863,2025-07-03 09:46:13,43.3603210449219,-8.8409948348999,"Unknown"
"7014854",371863,2025-07-03 09:51:13,43.3602981567383,-8.84096908569336,"Unknown"
"7014854",371863,2025-07-03 09:56:13,43.3602256774902,-8.84095859527588,"Unknown"
"7014854",371863,2025-07-03 10:01:12,43.3602600097656,-8.8409595489502,"Unknown"
"7014854",371863,2025-07-03 10:06:13,43.3602752685547,-8.84093189239502,"Unknown"
"7014854",371863,2025-07-03 10:11:12,43.3602981567383,-8.84099197387695,"Unknown"
"7014854",371863,2025-07-03 10:16:12,43.3603019714355,-8.84094429016113,"Unknown"
"7014854",371863,2025-07-03 10:21:12,43.3603096008301,-8.84099006652832,"Unknown"
"7014854",371863,2025-07-03 10:26:13,43.360279083252,-8.84101486206055,"Unknown"
"7014854",371863,2025-07-03 10:31:13,43.3603324890137,-8.84095859527588,"Unknown"
"7014854",371863,2025-07-03 10:36:12,43.3603134155273,-8.84102439880371,"Unknown"
"7014854",371863,2025-07-03 10:41:15,43.3603019714355,-8.84094905853271,"Unknown"
"7014854",371863,2025-07-03 10:46:12,43.3603248596191,-8.84103393554688,"Unknown"
"7014854",371863,2025-07-03 10:51:12,43.3602905273438,-8.84103775024414,"Unknown"
"7014854",371863,2025-07-03 10:56:13,43.3602714538574,-8.84095001220703,"Unknown"
"7014854",371863,2025-07-03 11:01:13,43.3602981567383,-8.84094142913818,"Unknown"
"7014854",371863,2025-07-03 11:06:13,43.3602828979492,-8.84096717834473,"Unknown"
"7014854",371863,2025-07-03 11:11:12,43.3603019714355,-8.84102630615234,"Unknown"
"7014854",371863,2025-07-03 11:16:13,43.3603057861328,-8.84090900421143,"Unknown"
"7014854",371863,2025-07-03 11:21:12,43.3602638244629,-8.84095573425293,"Unknown"
"7014854",371863,2025-07-03 11:26:12,43.3604698181152,-8.84084320068359,"Unknown"
"7014854",371863,2025-07-03 11:31:12,43.3603668212891,-8.84092140197754,"Unknown"
"7014854",371863,2025-07-03 11:36:13,43.360279083252,-8.84094142913818,"Unknown"
"7014854",371863,2025-07-03 11:41:16,43.3604125976562,-8.8410587310791,"Unknown"
"7014854",371863,2025-07-03 11:46:15,43.3602447509766,-8.84095478057861,"Unknown"
"7014854",371863,2025-07-03 11:51:13,43.3603668212891,-8.84104251861572,"Unknown"
"7014854",371863,2025-07-03 11:56:16,43.3607330322266,-8.84090995788574,"Unknown"
"7014854",371863,2025-07-03 12:01:16,43.3605194091797,-8.84090328216553,"Unknown"
"7014854",371863,2025-07-03 12:06:18,43.3603858947754,-8.84101390838623,"Unknown"
"7014854",371863,2025-07-03 12:11:13,43.3686676025391,-8.85745716094971,"Unknown"
"7014854",371863,2025-07-03 12:17:18,43.3684196472168,-8.85786437988281,"Unknown"
"7014854",371863,2025-07-03 12:21:46,43.3615798950195,-8.84232330322266,"Unknown"
"7014854",371863,2025-07-03 12:26:16,43.3600540161133,-8.84135150909424,"Unknown"
"7014854",371863,2025-07-03 12:31:16,43.3602294921875,-8.84104347229004,"Unknown"
"7014854",371863,2025-07-03 12:36:17,43.3603935241699,-8.84075450897217,"Unknown"
"7014854",371863,2025-07-03 12:41:24,43.3602600097656,-8.84096717834473,"Unknown"
"7014854",371863,2025-07-03 12:46:26,43.3602447509766,-8.84091949462891,"Unknown"
"7014854",371863,2025-07-03 12:51:26,43.3602638244629,-8.84090423583984,"Unknown"
"7014854",371863,2025-07-03 12:56:26,43.3602485656738,-8.84091472625732,"Unknown"
"7014854",371863,2025-07-03 13:01:27,43.3601837158203,-8.84093284606934,"Unknown"
"7014854",371863,2025-07-03 13:06:35,43.3602676391602,-8.84098339080811,"Unknown"
"7014854",371863,2025-07-03 13:11:12,43.3601264953613,-8.84098434448242,"Unknown"
"7014854",371863,2025-07-03 13:16:16,43.3601989746094,-8.84089756011963,"Unknown"
"7014854",371863,2025-07-03 13:21:16,43.3602294921875,-8.8408317565918,"Unknown"
"7014854",371863,2025-07-03 13:26:16,43.3603324890137,-8.84084510803223,"Unknown"
"7014854",371863,2025-07-03 13:31:15,43.3603782653809,-8.84088516235352,"Unknown"
"7014854",371863,2025-07-03 13:36:16,43.3603973388672,-8.8408374786377,"Unknown"
"7014854",371863,2025-07-03 13:41:14,43.3602142333984,-8.8409309387207,"Unknown"
"7014854",371863,2025-07-03 13:46:13,43.3602409362793,-8.84089469909668,"Unknown"
"7014854",371863,2025-07-03 13:51:15,43.3602142333984,-8.84096908569336,"Unknown"
"7014854",371863,2025-07-03 13:56:14,43.3602256774902,-8.84092330932617,"Unknown"
"7014854",371863,2025-07-03 14:01:35,43.3603286743164,-8.84105396270752,"Unknown"
"7014854",371863,2025-07-03 14:06:19,43.3603553771973,-8.84102630615234,"Unknown"
"7014854",371863,2025-07-03 14:11:19,43.3603515625,-8.84105014801025,"Unknown"
"7014854",371863,2025-07-03 14:16:14,43.3603439331055,-8.84105587005615,"Unknown"
"7014854",371863,2025-07-03 14:21:13,43.3603515625,-8.84102821350098,"Unknown"
"7014854",371863,2025-07-03 14:26:14,43.3603630065918,-8.84100246429443,"Unknown"
"7014854",371863,2025-07-03 14:31:14,43.3603134155273,-8.84095573425293,"Unknown"
"7014854",371863,2025-07-03 14:36:15,43.3603935241699,-8.84102058410645,"Unknown"
"7014854",371863,2025-07-03 14:41:15,43.3604316711426,-8.84106826782227,"Unknown"
"7014854",371863,2025-07-03 14:46:16,43.3603324890137,-8.84103870391846,"Unknown"
"7014854",371863,2025-07-03 14:51:16,43.3603363037109,-8.84101676940918,"Unknown"
"7014854",371863,2025-07-03 14:56:42,43.3603858947754,-8.84105014801025,"Unknown"
"7014854",371863,2025-07-03 15:01:13,43.3555755615234,-8.8488655090332,"Unknown"
"7014854",371863,2025-07-03 15:06:15,43.3437156677246,-8.83731746673584,"Unknown"
"7014854",371863,2025-07-03 15:11:14,43.3091316223145,-8.82849025726318,"Unknown"
"7014854",371863,2025-07-03 15:17:05,43.2942924499512,-8.83986663818359,"Unknown"
"7014854",371863,2025-07-03 15:21:40,43.2943840026855,-8.83990287780762,"Unknown"
"7014854",371863,2025-07-03 15:26:23,43.2943801879883,-8.83986377716064,"Unknown"
"7014854",371863,2025-07-03 15:31:19,43.294361114502,-8.84005260467529,"Unknown"
"7014854",371863,2025-07-03 15:36:14,43.266242980957,-8.83932495117188,"Unknown"
"7014854",371863,2025-07-03 15:41:15,43.2606391906738,-8.82354545593262,"Unknown"
"7014854",371863,2025-07-03 15:46:15,43.2633285522461,-8.81354713439941,"Unknown"
"7014854",371863,2025-07-03 15:51:15,43.2755813598633,-8.79506683349609,"Unknown"
"7014854",371863,2025-07-03 15:56:16,43.2652359008789,-8.76837825775146,"Unknown"
"7014854",371863,2025-07-03 16:01:16,43.2666091918945,-8.75735092163086,"Unknown"
"7014854",371863,2025-07-03 16:06:42,43.2852020263672,-8.75041198730469,"Unknown"
"7014854",371863,2025-07-03 16:11:25,43.2959938049316,-8.74940299987793,"Unknown"
"7014854",371863,2025-07-03 16:16:25,43.2992324829102,-8.7473258972168,"Unknown"
"7014854",371863,2025-07-03 16:21:25,43.2993011474609,-8.74735069274902,"Unknown"
"7014854",371863,2025-07-03 16:26:25,43.2995643615723,-8.74745082855225,"Unknown"
"7014854",371863,2025-07-03 16:31:35,43.2964820861816,-8.75229930877686,"Unknown"
"7014854",371863,2025-07-03 16:36:16,43.2931594848633,-8.74543190002441,"Unknown"
"7014854",371863,2025-07-03 16:41:16,43.2933158874512,-8.74587059020996,"Unknown"
"7014854",371863,2025-07-03 16:46:16,43.2983856201172,-8.75709629058838,"Unknown"
"7014854",371863,2025-07-03 16:51:15,43.3139610290527,-8.80149936676025,"Unknown"
"7014854",371863,2025-07-03 16:56:16,43.3312377929688,-8.82841300964355,"Unknown"
"7014854",371863,2025-07-03 17:01:15,43.3486709594727,-8.84182548522949,"Unknown"
"7014854",371863,2025-07-03 17:06:16,43.3613319396973,-8.8425121307373,"Unknown"
"7014854",371863,2025-07-03 17:11:17,43.3602027893066,-8.84079074859619,"Unknown"
"7014854",371863,2025-07-03 17:16:22,43.3603477478027,-8.84111022949219,"Unknown"
"7014854",371863,2025-07-03 17:22:05,43.3603363037109,-8.84100246429443,"Unknown"
"7014854",371863,2025-07-03 17:26:16,43.3603401184082,-8.84104442596436,"Unknown"
"7014854",371863,2025-07-03 17:31:13,43.3627815246582,-8.83777809143066,"Unknown"
"7014854",371863,2025-07-03 17:36:13,43.3713035583496,-8.8316764831543,"Unknown"
"7014854",371863,2025-07-03 17:41:13,43.3654403686523,-8.83191394805908,"Unknown"
"7014854",371863,2025-07-03 17:46:13,43.3602905273438,-8.84099388122559,"Unknown"
"7014854",371863,2025-07-03 17:51:15,43.3604164123535,-8.84106922149658,"Unknown"
"7014854",371863,2025-07-03 17:56:15,43.3603286743164,-8.84096527099609,"Unknown"
"7014854",371863,2025-07-03 18:01:35,43.3603553771973,-8.84106063842773,"Unknown"
"7014854",371863,2025-07-03 18:06:14,43.3603134155273,-8.84098625183105,"Unknown"
"7014854",371863,2025-07-03 18:11:13,43.3603553771973,-8.84096813201904,"Unknown"
"7014854",371863,2025-07-03 18:16:13,43.360294342041,-8.84099006652832,"Unknown"
"7014854",371863,2025-07-03 18:21:18,43.3602828979492,-8.84101963043213,"Unknown"
"7014854",371863,2025-07-03 18:26:13,43.3602180480957,-8.84096717834473,"Unknown"
"7014854",371863,2025-07-03 18:31:13,43.3602638244629,-8.84093570709229,"Unknown"
"7014854",371863,2025-07-03 18:36:19,43.3602142333984,-8.8409948348999,"Unknown"
"7014854",371863,2025-07-03 18:41:13,43.360294342041,-8.84094429016113,"Unknown"
"7014854",371863,2025-07-03 18:46:13,43.3602523803711,-8.84089851379395,"Unknown"
"7014854",371863,2025-07-03 18:51:13,43.3602828979492,-8.84098148345947,"Unknown"
"7014854",371863,2025-07-03 18:56:13,43.3603286743164,-8.84096527099609,"Unknown"
"7014854",371863,2025-07-03 19:01:13,43.3604049682617,-8.84085559844971,"Unknown"
"7014854",371863,2025-07-03 19:06:15,43.3602523803711,-8.84099864959717,"Unknown"
"7014854",371863,2025-07-03 19:11:14,43.3602523803711,-8.84096908569336,"Unknown"
"7014854",371863,2025-07-03 19:16:17,43.3602256774902,-8.84095573425293,"Unknown"
"7014854",371863,2025-07-03 19:21:17,43.3602752685547,-8.84097003936768,"Unknown"
"7014854",371863,2025-07-03 19:26:17,43.3602485656738,-8.84100818634033,"Unknown"
"7014854",371863,2025-07-03 19:31:14,43.3603668212891,-8.84084987640381,"Unknown"
"7014854",371863,2025-07-03 19:36:15,43.3602638244629,-8.84091091156006,"Unknown"
"7014854",371863,2025-07-03 19:41:14,43.3602294921875,-8.84092617034912,"Unknown"
"7014854",371863,2025-07-03 19:46:15,43.360294342041,-8.84090614318848,"Unknown"
"7014854",371863,2025-07-03 19:51:35,43.3603019714355,-8.84090232849121,"Unknown"
"7014854",371863,2025-07-03 19:56:14,43.360294342041,-8.84097862243652,"Unknown"
"7014854",371863,2025-07-03 20:01:14,43.3603019714355,-8.84095478057861,"Unknown"
"7014854",371863,2025-07-03 20:06:14,43.3602828979492,-8.84101486206055,"Unknown"
"7014854",371863,2025-07-03 20:11:14,43.3603248596191,-8.84095573425293,"Unknown"
"7014854",371863,2025-07-03 20:16:13,43.3602905273438,-8.84091758728027,"Unknown"
"7014854",371863,2025-07-03 20:21:13,43.3603515625,-8.84096431732178,"Unknown"
"7014854",371863,2025-07-03 20:26:14,43.3602867126465,-8.84083557128906,"Unknown"
"7014854",371863,2025-07-03 20:31:14,43.3604125976562,-8.84104061126709,"Unknown"
"7014854",371863,2025-07-03 20:36:13,43.3601875305176,-8.84093570709229,"Unknown"
"7014854",371863,2025-07-03 20:41:14,43.3602600097656,-8.84094905853271,"Unknown"
"7014854",371863,2025-07-03 20:46:13,43.3602104187012,-8.84080410003662,"Unknown"
"7014854",371863,2025-07-03 20:51:14,43.3602867126465,-8.84101009368896,"Unknown"
"7014854",371863,2025-07-03 20:56:14,43.3603172302246,-8.84099388122559,"Unknown"
"7014854",371863,2025-07-03 21:01:13,43.3602104187012,-8.8408670425415,"Unknown"
"7014854",371863,2025-07-03 21:06:15,43.360294342041,-8.84091854095459,"Unknown"
"7014854",371863,2025-07-03 21:11:14,43.3603210449219,-8.84085941314697,"Unknown"
"7014854",371863,2025-07-03 21:16:15,43.3603210449219,-8.84092903137207,"Unknown"
"7014854",371863,2025-07-03 21:21:16,43.3602256774902,-8.84081745147705,"Unknown"
"7014854",371863,2025-07-03 21:26:13,43.3603019714355,-8.84099674224854,"Unknown"
"7014854",371863,2025-07-03 21:31:15,43.3602828979492,-8.84078121185303,"Unknown"
"7014854",371863,2025-07-03 21:36:13,43.360294342041,-8.84090423583984,"Unknown"
"7014854",371863,2025-07-03 21:41:13,43.3603248596191,-8.84091281890869,"Unknown"
"7014854",371863,2025-07-03 21:46:13,43.3602600097656,-8.84091567993164,"Unknown"
"7014854",371863,2025-07-03 21:51:14,43.3602981567383,-8.84096050262451,"Unknown"
"7014854",371863,2025-07-03 21:56:17,43.3603363037109,-8.840744972229,"Unknown"
"7014854",371863,2025-07-03 22:01:35,43.3602523803711,-8.8409252166748,"Unknown"
"7014854",371863,2025-07-03 22:06:13,43.3602676391602,-8.84097576141357,"Unknown"
"7014854",371863,2025-07-03 22:11:13,43.3602180480957,-8.840895652771,"Unknown"
"7014854",371863,2025-07-03 22:16:14,43.3602600097656,-8.84088611602783,"Unknown"
"7014854",371863,2025-07-03 22:21:14,43.3602485656738,-8.84092712402344,"Unknown"
"7014854",371863,2025-07-03 22:26:14,43.3602066040039,-8.84098625183105,"Unknown"
"7014854",371863,2025-07-03 22:31:13,43.3602142333984,-8.84098339080811,"Unknown"
"7014854",371863,2025-07-03 22:36:15,43.3602256774902,-8.84094715118408,"Unknown"
"7014854",371863,2025-07-03 22:41:16,43.3601188659668,-8.84093379974365,"Unknown"
"7014854",371863,2025-07-03 22:46:19,43.3600959777832,-8.84093379974365,"Unknown"
"7014854",371863,2025-07-03 22:51:20,43.3603439331055,-8.84092807769775,"Unknown"
"7014854",371863,2025-07-03 22:56:23,43.3603630065918,-8.84089946746826,"Unknown"
"7014854",371863,2025-07-03 23:01:25,43.3603286743164,-8.84090232849121,"Unknown"
"7014854",371863,2025-07-03 23:06:25,43.3603210449219,-8.84092617034912,"Unknown"
"7014854",371863,2025-07-03 23:11:25,43.3603286743164,-8.84093189239502,"Unknown"
"7014854",371863,2025-07-03 23:16:25,43.3603210449219,-8.84093856811523,"Unknown"
"7014854",371863,2025-07-03 23:21:27,43.3603324890137,-8.84097766876221,"Unknown"
"7014854",371863,2025-07-03 23:26:24,43.3603897094727,-8.84099197387695,"Unknown"
"7014854",371863,2025-07-03 23:31:37,43.3603248596191,-8.84091758728027,"Unknown"
"7014854",371863,2025-07-03 23:36:17,43.3603210449219,-8.84081077575684,"Unknown"
"7014854",371863,2025-07-03 23:41:19,43.360279083252,-8.8408260345459,"Unknown"
"7014854",371863,2025-07-03 23:46:18,43.3602714538574,-8.84084892272949,"Unknown"
"7014854",371863,2025-07-03 23:51:23,43.3603401184082,-8.84094905853271,"Unknown"
"7014854",371863,2025-07-03 23:56:16,43.3603401184082,-8.84093570709229,"Unknown"
"7014854",371863,2025-07-04 00:01:25,43.3603210449219,-8.84091758728027,"Unknown"
"7014854",371863,2025-07-04 00:06:31,43.360294342041,-8.84084987640381,"Unknown"
"7014854",371863,2025-07-04 00:11:16,43.3604202270508,-8.84086608886719,"Unknown"
"7014854",371863,2025-07-04 00:16:20,43.3603057861328,-8.8408317565918,"Unknown"
"7014854",371863,2025-07-04 00:21:16,43.3602447509766,-8.84077930450439,"Unknown"
"7014854",371863,2025-07-04 00:26:18,43.3603744506836,-8.84087371826172,"Unknown"
"7014854",371863,2025-07-04 00:31:20,43.3602676391602,-8.84092617034912,"Unknown"
"7014854",371863,2025-07-04 00:36:16,43.3604011535645,-8.8408727645874,"Unknown"
"7014854",371863,2025-07-04 00:41:16,43.3603096008301,-8.84084033966064,"Unknown"
"7014854",371863,2025-07-04 00:46:19,43.3604850769043,-8.84094333648682,"Unknown"
"7014854",371863,2025-07-04 00:51:25,43.3601913452148,-8.84098815917969,"Unknown"
"7014854",371863,2025-07-04 00:56:40,43.3602828979492,-8.8408899307251,"Unknown"
"7014854",371863,2025-07-04 01:01:13,43.3603515625,-8.84090900421143,"Unknown"
"7014854",371863,2025-07-04 01:06:14,43.3603858947754,-8.84092330932617,"Unknown"
"7014854",371863,2025-07-04 01:11:17,43.360424041748,-8.84092712402344,"Unknown"
"7014854",371863,2025-07-04 01:16:14,43.3603134155273,-8.840895652771,"Unknown"
"7014854",371863,2025-07-04 01:21:16,43.3602600097656,-8.84088802337646,"Unknown"
"7014854",371863,2025-07-04 01:26:14,43.3607788085938,-8.84107208251953,"Unknown"
"7014854",371863,2025-07-04 01:31:14,43.3604278564453,-8.84087657928467,"Unknown"
"7014854",371863,2025-07-04 01:36:14,43.3602485656738,-8.84101676940918,"Unknown"
"7014854",371863,2025-07-04 01:41:13,43.3604583740234,-8.84086513519287,"Unknown"
"7014854",371863,2025-07-04 01:46:35,43.3603019714355,-8.84084224700928,"Unknown"
"7014854",371863,2025-07-04 01:51:23,43.3603363037109,-8.84085750579834,"Unknown"
"7014854",371863,2025-07-04 01:56:22,43.3603057861328,-8.8408145904541,"Unknown"
"7014854",371863,2025-07-04 02:01:26,43.3603057861328,-8.84089756011963,"Unknown"
"7014854",371863,2025-07-04 02:06:25,43.3603134155273,-8.84089660644531,"Unknown"
"7014854",371863,2025-07-04 02:11:26,43.360279083252,-8.8405294418335,"Unknown"
"7014854",371863,2025-07-04 02:16:44,43.3602676391602,-8.84088706970215,"Unknown"
"7014854",371863,2025-07-04 02:21:15,43.3603057861328,-8.8409538269043,"Unknown"
"7014854",371863,2025-07-04 02:26:14,43.3603019714355,-8.84083938598633,"Unknown"
"7014854",371863,2025-07-04 02:31:13,43.3603553771973,-8.84082221984863,"Unknown"
"7014854",371863,2025-07-04 02:36:14,43.3604125976562,-8.8408260345459,"Unknown"
"7014854",371863,2025-07-04 02:41:13,43.3603286743164,-8.84086036682129,"Unknown"
"7014854",371863,2025-07-04 02:46:35,43.3603515625,-8.84079647064209,"Unknown"
"7014854",371863,2025-07-04 02:51:16,43.3604125976562,-8.84067726135254,"Unknown"
"7014854",371863,2025-07-04 02:56:14,43.3603858947754,-8.84081840515137,"Unknown"
"7014854",371863,2025-07-04 03:01:14,43.3603630065918,-8.84076976776123,"Unknown"
"7014854",371863,2025-07-04 03:06:14,43.3603973388672,-8.84075832366943,"Unknown"
"7014854",371863,2025-07-04 03:11:13,43.3604049682617,-8.84072017669678,"Unknown"
"7014854",371863,2025-07-04 03:16:16,43.3603286743164,-8.84077072143555,"Unknown"
"7014854",371863,2025-07-04 03:21:15,43.3603973388672,-8.84084320068359,"Unknown"
"7014854",371863,2025-07-04 03:26:23,43.3604507446289,-8.84072971343994,"Unknown"
"7014854",371863,2025-07-04 03:31:17,43.3602828979492,-8.84095478057861,"Unknown"
"7014854",371863,2025-07-04 03:36:18,43.3603401184082,-8.84081172943115,"Unknown"
"7014854",371863,2025-07-04 03:41:16,43.3602447509766,-8.84096050262451,"Unknown"
"7014854",371863,2025-07-04 03:46:13,43.3602752685547,-8.84092712402344,"Unknown"
"7014854",371863,2025-07-04 03:51:13,43.3603324890137,-8.84100246429443,"Unknown"
"7014854",371863,2025-07-04 03:56:18,43.3602828979492,-8.84092998504639,"Unknown"
"7014854",371863,2025-07-04 04:01:24,43.3603363037109,-8.84098720550537,"Unknown"
"7014854",371863,2025-07-04 04:06:13,43.360279083252,-8.84093475341797,"Unknown"
"7014854",371863,2025-07-04 04:11:53,43.3602409362793,-8.84086513519287,"Unknown"
"7014854",371863,2025-07-04 04:16:16,43.3614120483398,-8.84138679504395,"Unknown"
"7014854",371863,2025-07-04 04:21:13,43.3467826843262,-8.82633590698242,"Unknown"
"7014854",371863,2025-07-04 04:26:14,43.3223838806152,-8.81205081939697,"Unknown"
"7014854",371863,2025-07-04 04:31:14,43.3170166015625,-8.80423545837402,"Unknown"
"7014854",371863,2025-07-04 04:36:13,43.3030433654785,-8.77963256835938,"Unknown"
"7014854",371863,2025-07-04 04:41:14,43.2990112304688,-8.7545690536499,"Unknown"
"7014854",371863,2025-07-04 04:46:17,43.301872253418,-8.73600292205811,"Unknown"
"7014854",371863,2025-07-04 04:51:16,43.3083114624023,-8.72137451171875,"Unknown"
"7014854",371863,2025-07-04 04:56:14,43.3124084472656,-8.72505950927734,"Unknown"
"7014854",371863,2025-07-04 05:01:17,43.3107604980469,-8.72262382507324,"Unknown"
"7014854",371863,2025-07-04 05:06:15,43.3091125488281,-8.72205448150635,"Unknown"
"7014854",371863,2025-07-04 05:11:18,43.3106384277344,-8.72314548492432,"Unknown"
"7014854",371863,2025-07-04 05:16:55,43.3185615539551,-8.76333618164062,"Unknown"
"7014854",371863,2025-07-04 05:21:31,43.3190383911133,-8.80553817749023,"Unknown"
"7014854",371863,2025-07-04 05:26:13,43.3323364257812,-8.82983684539795,"Unknown"
"7014854",371863,2025-07-04 05:31:17,43.3537406921387,-8.84652423858643,"Unknown"
"7014854",371863,2025-07-04 05:36:15,43.3602905273438,-8.84091472625732,"Unknown"
"7014854",371863,2025-07-04 05:41:19,43.3602180480957,-8.84079360961914,"Unknown"
"7014854",371863,2025-07-04 05:46:20,43.3603210449219,-8.84091663360596,"Unknown"
"7014854",371863,2025-07-04 05:51:14,43.3602638244629,-8.84093475341797,"Unknown"
"7014854",371863,2025-07-04 05:56:28,43.3603248596191,-8.84087944030762,"Unknown"
"7014854",371863,2025-07-04 06:01:35,43.3602981567383,-8.84088134765625,"Unknown"
"7014854",371863,2025-07-04 06:06:16,43.3603286743164,-8.8409423828125,"Unknown"
"7014854",371863,2025-07-04 06:11:16,43.3621559143066,-8.8397216796875,"Unknown"
"7014854",371863,2025-07-04 06:16:13,43.3618621826172,-8.82511520385742,"Unknown"
"7014854",371863,2025-07-04 06:21:14,43.3691177368164,-8.81421375274658,"Unknown"
"7014854",371863,2025-07-04 06:26:13,43.3676490783691,-8.79186630249023,"Unknown"
"7014854",371863,2025-07-04 06:31:13,43.3655548095703,-8.76668930053711,"Unknown"
"7014854",371863,2025-07-04 06:36:16,43.3487739562988,-8.74791431427002,"Unknown"
"7014854",371863,2025-07-04 06:41:14,43.327766418457,-8.73750114440918,"Unknown"
"7014854",371863,2025-07-04 06:47:37,43.3251533508301,-8.72137641906738,"Unknown"
"7014854",371863,2025-07-04 06:52:22,43.320198059082,-8.70346736907959,"Unknown"
"7014854",371863,2025-07-04 06:56:16,43.3184700012207,-8.69640064239502,"Unknown"
"7014854",371863,2025-07-04 07:01:17,43.3187789916992,-8.692307472229,"Unknown"
"7014854",371863,2025-07-04 07:06:17,43.3174514770508,-8.69267463684082,"Unknown"
"7014854",371863,2025-07-04 07:11:22,43.317195892334,-8.69297218322754,"Unknown"
"7014854",371863,2025-07-04 07:16:18,43.3192024230957,-8.69305324554443,"Unknown"
"7014854",371863,2025-07-04 07:21:18,43.3184585571289,-8.69293975830078,"Unknown"
"7014854",371863,2025-07-04 07:26:20,43.318489074707,-8.69332218170166,"Unknown"
"7014854",371863,2025-07-04 07:31:25,43.3183479309082,-8.69335079193115,"Unknown"
"7014854",371863,2025-07-04 07:36:24,43.3197326660156,-8.69142723083496,"Unknown"
"7014854",371863,2025-07-04 07:41:25,43.3195762634277,-8.69167327880859,"Unknown"
"7014854",371863,2025-07-04 07:46:16,43.3213081359863,-8.68952560424805,"Unknown"
"7014854",371863,2025-07-04 07:51:25,43.3257293701172,-8.68896102905273,"Unknown"
"7014854",371863,2025-07-04 07:56:19,43.3283576965332,-8.68707847595215,"Unknown"
"7014854",371863,2025-07-04 08:01:27,43.3285064697266,-8.6871509552002,"Unknown"
"7014854",371863,2025-07-04 08:06:14,43.3299827575684,-8.68754577636719,"Unknown"
"7014854",371863,2025-07-04 08:11:26,43.3289947509766,-8.72377586364746,"Unknown"
"7014854",371863,2025-07-04 08:16:14,43.3227996826172,-8.78233051300049,"Unknown"
"7014854",371863,2025-07-04 08:21:28,43.3297424316406,-8.82597351074219,"Unknown"
"7014854",371863,2025-07-04 08:26:28,43.351001739502,-8.84248065948486,"Unknown"
"7014854",371863,2025-07-04 08:31:44,43.3602676391602,-8.84096431732178,"Unknown"
"7014854",371863,2025-07-04 08:36:16,43.3603134155273,-8.84108734130859,"Unknown"
"7014854",371863,2025-07-04 08:41:17,43.3602294921875,-8.84089183807373,"Unknown"
"7014854",371863,2025-07-04 08:46:20,43.3603401184082,-8.84115600585938,"Unknown"
"7014854",371863,2025-07-04 08:51:26,43.3602523803711,-8.84089756011963,"Unknown"
"7014854",371863,2025-07-04 08:56:22,43.360237121582,-8.84108638763428,"Unknown"
"7014854",371863,2025-07-04 09:01:32,43.3602867126465,-8.84090614318848,"Unknown"
"7014854",371863,2025-07-04 09:06:20,43.3603439331055,-8.84104633331299,"Unknown"
"7014854",371863,2025-07-04 09:11:24,43.3603057861328,-8.84108448028564,"Unknown"
"7014854",371863,2025-07-04 09:16:16,43.360279083252,-8.84103870391846,"Unknown"
"7014854",371863,2025-07-04 09:21:17,43.3603477478027,-8.84124851226807,"Unknown"
"7014854",371863,2025-07-04 09:26:35,43.3602828979492,-8.84093379974365,"Unknown"
"7014854",371863,2025-07-04 09:31:13,43.3602981567383,-8.84091281890869,"Unknown"
"7014854",371863,2025-07-04 09:36:18,43.3602714538574,-8.84088325500488,"Unknown"
"7014854",371863,2025-07-04 09:41:13,43.3602714538574,-8.8409481048584,"Unknown"
"7014854",371863,2025-07-04 09:46:16,43.3602905273438,-8.84093761444092,"Unknown"
"7014854",371863,2025-07-04 09:51:13,43.3602905273438,-8.84091663360596,"Unknown"
"7014854",371863,2025-07-04 09:56:16,43.3602485656738,-8.84097194671631,"Unknown"
"7014854",371863,2025-07-04 10:01:14,43.3603057861328,-8.84092235565186,"Unknown"
"7014854",371863,2025-07-04 10:06:13,43.3603286743164,-8.84084129333496,"Unknown"
"7014854",371863,2025-07-04 10:11:15,43.3601455688477,-8.84095191955566,"Unknown"
"7014854",371863,2025-07-04 10:16:14,43.3601570129395,-8.84098720550537,"Unknown"
"7014854",371863,2025-07-04 10:21:17,43.3601379394531,-8.84094333648682,"Unknown"
"7014854",371863,2025-07-04 10:26:35,43.3602561950684,-8.84095001220703,"Unknown"
"7014854",371863,2025-07-04 10:31:13,43.3602714538574,-8.84094142913818,"Unknown"
"7014854",371863,2025-07-04 10:36:13,43.3603134155273,-8.84096813201904,"Unknown"
"7014854",371863,2025-07-04 10:41:14,43.3602828979492,-8.84094142913818,"Unknown"
"7014854",371863,2025-07-04 10:46:13,43.3602447509766,-8.84103488922119,"Unknown"
"7014854",371863,2025-07-04 10:51:14,43.3602867126465,-8.84105014801025,"Unknown"
"7014854",371863,2025-07-04 10:56:13,43.3602180480957,-8.84060764312744,"Unknown"
"7014854",371863,2025-07-04 11:01:13,43.3602256774902,-8.84066295623779,"Unknown"
"7014854",371863,2025-07-04 11:06:15,43.3602294921875,-8.84091758728027,"Unknown"
"7014854",371863,2025-07-04 11:11:13,43.3602294921875,-8.84080123901367,"Unknown"
"7014854",371863,2025-07-04 11:16:13,43.3603401184082,-8.84106159210205,"Unknown"
"7014854",371863,2025-07-04 11:21:13,43.3531494140625,-8.84435081481934,"Unknown"
"7014854",371863,2025-07-04 11:26:13,43.3436889648438,-8.83700370788574,"Unknown"
"7014854",371863,2025-07-04 11:31:13,43.327880859375,-8.82861614227295,"Unknown"
"7014854",371863,2025-07-04 11:36:14,43.3248443603516,-8.80572509765625,"Unknown"
"7014854",371863,2025-07-04 11:41:13,43.3059463500977,-8.78102779388428,"Unknown"
"7014854",371863,2025-07-04 11:46:15,43.3081855773926,-8.75996685028076,"Unknown"
"7014854",371863,2025-07-04 11:51:14,43.3161506652832,-8.73917102813721,"Unknown"
"7014854",371863,2025-07-04 11:56:16,43.3171234130859,-8.7285327911377,"Unknown"
"7014854",371863,2025-07-04 12:02:12,43.3202018737793,-8.70361995697021,"Unknown"
"7014854",371863,2025-07-04 12:06:16,43.3264656066895,-8.69472217559814,"Unknown"
"7014854",371863,2025-07-04 12:11:19,43.3278198242188,-8.69130897521973,"Unknown"
"7014854",371863,2025-07-04 12:16:17,43.3284339904785,-8.68959331512451,"Unknown"
"7014854",371863,2025-07-04 12:21:25,43.3288421630859,-8.68583679199219,"Unknown"
"7014854",371863,2025-07-04 12:26:25,43.3291244506836,-8.68625926971436,"Unknown"
"7014854",371863,2025-07-04 12:31:25,43.3286552429199,-8.686598777771,"Unknown"
"7014854",371863,2025-07-04 12:36:17,43.3279190063477,-8.68680667877197,"Unknown"
"7014854",371863,2025-07-04 12:41:17,43.3287124633789,-8.6870231628418,"Unknown"
"7014854",371863,2025-07-04 12:46:32,43.3282051086426,-8.6873083114624,"Unknown"
"7014854",371863,2025-07-04 12:51:13,43.3282775878906,-8.68772315979004,"Unknown"
"7014854",371863,2025-07-04 12:56:14,43.3347244262695,-8.68399620056152,"Unknown"
"7014854",371863,2025-07-04 13:01:14,43.3349151611328,-8.6846170425415,"Unknown"
"7014854",371863,2025-07-04 13:06:15,43.3349876403809,-8.68534183502197,"Unknown"
"7014854",371863,2025-07-04 13:11:16,43.3348121643066,-8.68609809875488,"Unknown"
"7014854",371863,2025-07-04 13:16:19,43.3348731994629,-8.68630409240723,"Unknown"
"7014854",371863,2025-07-04 13:21:23,43.3350448608398,-8.68652629852295,"Unknown"
"7014854",371863,2025-07-04 13:26:26,43.3353691101074,-8.6844596862793,"Unknown"
"7014854",371863,2025-07-04 13:31:21,43.3356857299805,-8.68517875671387,"Unknown"
"7014854",371863,2025-07-04 13:36:25,43.3355255126953,-8.68350696563721,"Unknown"
"7014854",371863,2025-07-04 13:41:35,43.335693359375,-8.68423080444336,"Unknown"
"7014854",371863,2025-07-04 13:46:16,43.3357238769531,-8.68464851379395,"Unknown"
"7014854",371863,2025-07-04 13:51:14,43.3353233337402,-8.68526268005371,"Unknown"
"7014854",371863,2025-07-04 13:56:13,43.3345832824707,-8.68731307983398,"Unknown"
"7014854",371863,2025-07-04 14:01:53,43.3347778320312,-8.68404865264893,"Unknown"
"7014854",371863,2025-07-04 14:06:13,43.3346939086914,-8.68473148345947,"Unknown"
"7014854",371863,2025-07-04 14:11:13,43.338264465332,-8.69226837158203,"Unknown"
"7014854",371863,2025-07-04 14:16:16,43.3425903320312,-8.70020294189453,"Unknown"
"7014854",371863,2025-07-04 14:21:16,43.3427391052246,-8.70226097106934,"Unknown"
"7014854",371863,2025-07-04 14:26:14,43.3396873474121,-8.73725318908691,"Unknown"
"7014854",371863,2025-07-04 14:31:14,43.3308334350586,-8.79038524627686,"Unknown"
"7014854",371863,2025-07-04 14:36:44,43.327823638916,-8.8285608291626,"Unknown"
"7014854",371863,2025-07-04 14:41:16,43.3278923034668,-8.82849788665771,"Unknown"
"7014854",371863,2025-07-04 14:46:15,43.3371658325195,-8.82925701141357,"Unknown"
"7014854",371863,2025-07-04 14:51:13,43.3535041809082,-8.84731197357178,"Unknown"
"7014854",371863,2025-07-04 14:56:23,43.3604202270508,-8.84116268157959,"Unknown"
"7014854",371863,2025-07-04 15:01:13,43.3602867126465,-8.84098434448242,"Unknown"
"7014854",371863,2025-07-04 15:06:20,43.3605003356934,-8.8411693572998,"Unknown"
"7014854",371863,2025-07-04 15:11:16,43.3605003356934,-8.84121417999268,"Unknown"
"7014854",371863,2025-07-04 15:16:17,43.3600845336914,-8.840744972229,"Unknown"
"7014854",371863,2025-07-04 15:21:18,43.3600196838379,-8.840651512146,"Unknown"
"7014854",371863,2025-07-04 15:26:17,43.3600273132324,-8.84072017669678,"Unknown"
"7014854",371863,2025-07-04 15:31:18,43.3599891662598,-8.8406343460083,"Unknown"
"7014854",371863,2025-07-04 15:36:36,43.3603057861328,-8.84102630615234,"Unknown"
"7014854",371863,2025-07-04 15:42:05,43.3603019714355,-8.84091186523438,"Unknown"
"7014854",371863,2025-07-04 15:46:14,43.3603553771973,-8.84089660644531,"Unknown"
"7014854",371863,2025-07-04 15:51:14,43.3603019714355,-8.84095764160156,"Unknown"
"7014854",371863,2025-07-04 15:56:13,43.3603172302246,-8.84089946746826,"Unknown"
"7014854",371863,2025-07-04 16:01:16,43.3602294921875,-8.8408145904541,"Unknown"
"7014854",371863,2025-07-04 16:06:15,43.3602523803711,-8.84090805053711,"Unknown"
"7014854",371863,2025-07-04 16:11:20,43.360279083252,-8.84092426300049,"Unknown"
"7014854",371863,2025-07-04 16:16:15,43.3602981567383,-8.84091281890869,"Unknown"
"7014854",371863,2025-07-04 16:21:15,43.3602752685547,-8.84079456329346,"Unknown"
"7014854",371863,2025-07-04 16:26:13,43.3603401184082,-8.84091281890869,"Unknown"
"7014854",371863,2025-07-04 16:31:15,43.3603286743164,-8.84088706970215,"Unknown"
"7014854",371863,2025-07-04 16:36:13,43.3603286743164,-8.84107303619385,"Unknown"
"7014854",371863,2025-07-04 16:41:13,43.3512420654297,-8.83081912994385,"Unknown"
"7014854",371863,2025-07-04 16:46:13,43.3279228210449,-8.81954574584961,"Unknown"
"7014854",371863,2025-07-04 16:51:13,43.3118057250977,-8.79252910614014,"Unknown"
"7014854",371863,2025-07-04 16:56:13,43.3101921081543,-8.76648044586182,"Unknown"
"7014854",371863,2025-07-04 17:01:13,43.3149642944336,-8.7336254119873,"Unknown"
"7014854",371863,2025-07-04 17:06:13,43.3163032531738,-8.70572566986084,"Unknown"
"7014854",371863,2025-07-04 17:11:13,43.3228721618652,-8.6896390914917,"Unknown"
"7014854",371863,2025-07-04 17:16:20,43.3295631408691,-8.68987274169922,"Unknown"
"7014854",371863,2025-07-04 17:21:13,43.336856842041,-8.69509315490723,"Unknown"
"7014854",371863,2025-07-04 17:26:13,43.3360939025879,-8.70301532745361,"Unknown"
"7014854",371863,2025-07-04 17:31:13,43.3316879272461,-8.75339698791504,"Unknown"
"7014854",371863,2025-07-04 17:36:15,43.3234481811523,-8.80618858337402,"Unknown"
"7014854",371863,2025-07-04 17:41:44,43.3361511230469,-8.82881164550781,"Unknown"
"7014854",371863,2025-07-04 17:46:13,43.3496131896973,-8.8436393737793,"Unknown"
"7014854",371863,2025-07-04 17:51:17,43.3607521057129,-8.84169483184814,"Unknown"
"7014854",371863,2025-07-04 17:56:18,43.3607597351074,-8.84175586700439,"Unknown"
"7014854",371863,2025-07-04 18:01:20,43.3612213134766,-8.84188461303711,"Unknown"
"7014854",371863,2025-07-04 18:06:19,43.3608703613281,-8.84215831756592,"Unknown"
"7014854",371863,2025-07-04 18:11:35,43.360279083252,-8.84097862243652,"Unknown"
"7014854",371863,2025-07-04 18:16:15,43.3602638244629,-8.84099769592285,"Unknown"
"7014854",371863,2025-07-04 18:21:17,43.3602561950684,-8.84085369110107,"Unknown"
"7014854",371863,2025-07-04 18:26:14,43.3602714538574,-8.84105777740479,"Unknown"
"7014854",371863,2025-07-04 18:31:16,43.3602294921875,-8.84091567993164,"Unknown"
"7014854",371863,2025-07-04 18:36:35,43.3602485656738,-8.84093189239502,"Unknown"
"7014854",371863,2025-07-04 18:41:14,43.3602905273438,-8.84084701538086,"Unknown"
"7014854",371863,2025-07-04 18:46:14,43.3603248596191,-8.84091663360596,"Unknown"
"7014854",371863,2025-07-04 18:51:13,43.3603630065918,-8.84086799621582,"Unknown"
"7014854",371863,2025-07-04 18:56:13,43.3602333068848,-8.84095668792725,"Unknown"
"7014854",371863,2025-07-04 19:01:13,43.3602600097656,-8.8408899307251,"Unknown"
"7014854",371863,2025-07-04 19:06:23,43.360237121582,-8.8409309387207,"Unknown"
"7014854",371863,2025-07-04 19:11:13,43.3602638244629,-8.84096145629883,"Unknown"
"7014854",371863,2025-07-04 19:16:14,43.3602523803711,-8.84094333648682,"Unknown"
"7014854",371863,2025-07-04 19:21:14,43.3602485656738,-8.84102535247803,"Unknown"
"7014854",371863,2025-07-04 19:26:15,43.3602294921875,-8.84092426300049,"Unknown"
"7014854",371863,2025-07-04 19:31:14,43.3601989746094,-8.84096050262451,"Unknown"
"7014854",371863,2025-07-04 19:36:13,43.3602905273438,-8.84093475341797,"Unknown"
"7014854",371863,2025-07-04 19:41:25,43.360237121582,-8.84094429016113,"Unknown"
"7014854",371863,2025-07-04 19:46:17,43.3605117797852,-8.84095287322998,"Unknown"
"7014854",371863,2025-07-04 19:51:17,43.3604927062988,-8.84100246429443,"Unknown"
"7014854",371863,2025-07-04 19:56:14,43.3600654602051,-8.8408374786377,"Unknown"
"7014854",371863,2025-07-04 20:01:15,43.3602676391602,-8.84096527099609,"Unknown"
"7014854",371863,2025-07-04 20:06:15,43.3601112365723,-8.84083271026611,"Unknown"
"7014854",371863,2025-07-04 20:11:15,43.3603477478027,-8.84104347229004,"Unknown"
"7014854",371863,2025-07-04 20:16:16,43.3605880737305,-8.84129524230957,"Unknown"
"7014854",371863,2025-07-04 20:21:25,43.3602104187012,-8.84087181091309,"Unknown"
"7014854",371863,2025-07-04 20:26:18,43.3601608276367,-8.84082317352295,"Unknown"
"7014854",371863,2025-07-04 20:31:15,43.360279083252,-8.840989112854,"Unknown"
"7014854",371863,2025-07-04 20:36:15,43.3601531982422,-8.84081745147705,"Unknown"
"7014854",371863,2025-07-04 20:41:15,43.3604049682617,-8.84120655059814,"Unknown"
"7014854",371863,2025-07-04 20:46:15,43.3603286743164,-8.84108352661133,"Unknown"
"7014854",371863,2025-07-04 20:51:35,43.3602485656738,-8.84102535247803,"Unknown"
"7014854",371863,2025-07-04 20:56:24,43.3602333068848,-8.84083652496338,"Unknown"
"7014854",371863,2025-07-04 21:01:15,43.3602561950684,-8.84090709686279,"Unknown"
"7014854",371863,2025-07-04 21:06:15,43.360279083252,-8.84093952178955,"Unknown"
"7014854",371863,2025-07-04 21:11:14,43.3602828979492,-8.84093570709229,"Unknown"
"7014854",371863,2025-07-04 21:16:17,43.3602714538574,-8.84093856811523,"Unknown"
"7014854",371863,2025-07-04 21:21:24,43.3602600097656,-8.84095478057861,"Unknown"
"7014854",371863,2025-07-04 21:26:53,43.3601989746094,-8.8408899307251,"Unknown"
"7014854",371863,2025-07-04 21:31:13,43.3602104187012,-8.84085464477539,"Unknown"
"7014854",371863,2025-07-04 21:36:14,43.3602867126465,-8.84089088439941,"Unknown"
"7014854",371863,2025-07-04 21:41:13,43.3602485656738,-8.84089756011963,"Unknown"
"7014854",371863,2025-07-04 21:46:14,43.3602714538574,-8.84089088439941,"Unknown"
"7014854",371863,2025-07-04 21:51:15,43.3603439331055,-8.84091091156006,"Unknown"
"7014854",371863,2025-07-04 21:56:15,43.3603515625,-8.84086990356445,"Unknown"
"7014854",371863,2025-07-04 22:01:15,43.3603096008301,-8.84088802337646,"Unknown"
"7014854",371863,2025-07-04 22:06:14,43.3603477478027,-8.84086990356445,"Unknown"
"7014854",371863,2025-07-04 22:11:14,43.360279083252,-8.84090042114258,"Unknown"
"7014854",371863,2025-07-04 22:16:17,43.3602104187012,-8.84088802337646,"Unknown"
"7014854",371863,2025-07-04 22:21:16,43.3600730895996,-8.84097576141357,"Unknown"
"7014854",371863,2025-07-04 22:26:18,43.3602294921875,-8.84093761444092,"Unknown"
"7014854",371863,2025-07-04 22:31:17,43.3599853515625,-8.84093284606934,"Unknown"
"7014854",371863,2025-07-04 22:36:25,43.3603401184082,-8.84080505371094,"Unknown"
"7014854",371863,2025-07-04 22:41:17,43.3600845336914,-8.84095001220703,"Unknown"
"7014854",371863,2025-07-04 22:46:20,43.360294342041,-8.84088325500488,"Unknown"
"7014854",371863,2025-07-04 22:51:19,43.3597679138184,-8.84081649780273,"Unknown"
"7014854",371863,2025-07-04 22:56:25,43.3602676391602,-8.84090709686279,"Unknown"
"7014854",371863,2025-07-04 23:01:25,43.3602867126465,-8.84095191955566,"Unknown"
"7014854",371863,2025-07-04 23:06:25,43.360294342041,-8.84089088439941,"Unknown"
"7014854",371863,2025-07-04 23:11:19,43.3607978820801,-8.84106636047363,"Unknown"
"7014854",371863,2025-07-04 23:16:17,43.3616676330566,-8.84147834777832,"Unknown"
"7014854",371863,2025-07-04 23:21:19,43.3598670959473,-8.84072685241699,"Unknown"
"7014854",371863,2025-07-04 23:26:30,43.3603134155273,-8.84090709686279,"Unknown"
"7014854",371863,2025-07-04 23:31:32,43.3603477478027,-8.84090995788574,"Unknown"
"7014854",371863,2025-07-04 23:36:26,43.3603324890137,-8.84090709686279,"Unknown"
"7014854",371863,2025-07-04 23:41:27,43.3604507446289,-8.84094524383545,"Unknown"
"7014854",371863,2025-07-04 23:46:27,43.3603591918945,-8.8409481048584,"Unknown"
"7014854",371863,2025-07-04 23:51:27,43.3603134155273,-8.84091854095459,"Unknown"
"7014854",371863,2025-07-04 23:56:36,43.3603248596191,-8.84093284606934,"Unknown"
"7014854",371863,2025-07-05 00:01:35,43.3602523803711,-8.8409309387207,"Unknown"
"7014854",371863,2025-07-05 00:06:14,43.3602638244629,-8.84091949462891,"Unknown"
"7014854",371863,2025-07-05 00:11:15,43.3602867126465,-8.84095668792725,"Unknown"
"7014854",371863,2025-07-05 00:16:16,43.3602485656738,-8.84084033966064,"Unknown"
"7014854",371863,2025-07-05 00:21:17,43.3602180480957,-8.84090137481689,"Unknown"
"7014854",371863,2025-07-05 00:26:22,43.3603286743164,-8.84092426300049,"Unknown"
"7014854",371863,2025-07-05 00:31:25,43.3603172302246,-8.84092617034912,"Unknown"
"7014854",371863,2025-07-05 00:36:26,43.3603134155273,-8.84089469909668,"Unknown"
"7014854",371863,2025-07-05 00:41:26,43.3602905273438,-8.84094429016113,"Unknown"
"7014854",371863,2025-07-05 00:46:32,43.3602638244629,-8.84092235565186,"Unknown"
"7014854",371863,2025-07-05 00:51:27,43.3602828979492,-8.8409595489502,"Unknown"
"7014854",371863,2025-07-05 00:56:44,43.3602981567383,-8.84090900421143,"Unknown"
"7014854",371863,2025-07-05 01:01:13,43.3603096008301,-8.84091472625732,"Unknown"
"7014854",371863,2025-07-05 01:06:14,43.3604393005371,-8.84099388122559,"Unknown"
"7014854",371863,2025-07-05 01:11:14,43.3602981567383,-8.84097576141357,"Unknown"
"7014854",371863,2025-07-05 01:16:15,43.3603172302246,-8.8410062789917,"Unknown"
"7014854",371863,2025-07-05 01:21:18,43.360279083252,-8.84105777740479,"Unknown"
"7014854",371863,2025-07-05 01:26:16,43.3602333068848,-8.84101104736328,"Unknown"
"7014854",371863,2025-07-05 01:31:14,43.3602981567383,-8.84104251861572,"Unknown"
"7014854",371863,2025-07-05 01:36:19,43.3602714538574,-8.84101009368896,"Unknown"
"7014854",371863,2025-07-05 01:41:16,43.3603363037109,-8.84090709686279,"Unknown"
"7014854",371863,2025-07-05 01:46:40,43.3602905273438,-8.84091949462891,"Unknown"
"7014854",371863,2025-07-05 01:51:13,43.3603401184082,-8.84082508087158,"Unknown"
"7014854",371863,2025-07-05 01:56:14,43.3602485656738,-8.8405876159668,"Unknown"
"7014854",371863,2025-07-05 02:01:14,43.3603897094727,-8.84067249298096,"Unknown"
"7014854",371863,2025-07-05 02:06:14,43.3603019714355,-8.84088134765625,"Unknown"
"7014854",371863,2025-07-05 02:11:13,43.3604774475098,-8.84096050262451,"Unknown"
"7014854",371863,2025-07-05 02:16:13,43.3602867126465,-8.84092140197754,"Unknown"
"7014854",371863,2025-07-05 02:21:13,43.3603096008301,-8.84085750579834,"Unknown"
"7014854",371863,2025-07-05 02:26:13,43.3603019714355,-8.84085369110107,"Unknown"
"7014854",371863,2025-07-05 02:31:35,43.3602867126465,-8.84090232849121,"Unknown"
"7014854",371863,2025-07-05 02:36:13,43.3602905273438,-8.84088897705078,"Unknown"
"7014854",371863,2025-07-05 02:41:14,43.3603019714355,-8.84093379974365,"Unknown"
"7014854",371863,2025-07-05 02:46:15,43.3602638244629,-8.84090900421143,"Unknown"
"7014854",371863,2025-07-05 02:51:13,43.3602561950684,-8.84092712402344,"Unknown"
"7014854",371863,2025-07-05 02:56:16,43.3602676391602,-8.84085083007812,"Unknown"
"7014854",371863,2025-07-05 03:01:14,43.3602638244629,-8.84087657928467,"Unknown"
"7014854",371863,2025-07-05 03:06:13,43.3602867126465,-8.84081935882568,"Unknown"
"7014854",371863,2025-07-05 03:11:13,43.3603134155273,-8.84083461761475,"Unknown"
"7014854",371863,2025-07-05 03:16:13,43.3603096008301,-8.84084224700928,"Unknown"
"7014854",371863,2025-07-05 03:21:14,43.3602905273438,-8.84077930450439,"Unknown"
"7014854",371863,2025-07-05 03:26:16,43.3602867126465,-8.84085178375244,"Unknown"
"7014854",371863,2025-07-05 03:31:44,43.3602409362793,-8.84090805053711,"Unknown"
"7014854",371863,2025-07-05 03:36:14,43.3601989746094,-8.84097290039062,"Unknown"
"7014854",371863,2025-07-05 03:41:14,43.3602066040039,-8.84095001220703,"Unknown"
"7014854",371863,2025-07-05 03:46:15,43.360294342041,-8.84078311920166,"Unknown"
"7014854",371863,2025-07-05 03:51:16,43.3603782653809,-8.84073925018311,"Unknown"
"7014854",371863,2025-07-05 03:56:13,43.3601913452148,-8.84072399139404,"Unknown"
"7014854",371863,2025-07-05 04:01:18,43.3603019714355,-8.8408842086792,"Unknown"
"7014854",371863,2025-07-05 04:06:13,43.3602523803711,-8.8408727645874,"Unknown"
"7014854",371863,2025-07-05 04:11:22,43.3603439331055,-8.84090900421143,"Unknown"
"7014854",371863,2025-07-05 04:16:14,43.360279083252,-8.84099006652832,"Unknown"
"7014854",371863,2025-07-05 04:21:16,43.3602905273438,-8.84097003936768,"Unknown"
"7014854",371863,2025-07-05 04:26:15,43.360424041748,-8.84096717834473,"Unknown"
"7014854",371863,2025-07-05 04:31:13,43.3585433959961,-8.82711505889893,"Unknown"
"7014854",371863,2025-07-05 04:36:15,43.3569717407227,-8.82635974884033,"Unknown"
"7014854",371863,2025-07-05 04:41:14,43.3557434082031,-8.83362102508545,"Unknown"
"7014854",371863,2025-07-05 04:46:19,43.3602981567383,-8.84105205535889,"Unknown"
"7014854",371863,2025-07-05 04:51:15,43.360237121582,-8.84092140197754,"Unknown"
"7014854",371863,2025-07-05 04:56:16,43.3602638244629,-8.84095287322998,"Unknown"
"7014854",371863,2025-07-05 05:01:20,43.3602676391602,-8.840895652771,"Unknown"
"7014854",371863,2025-07-05 05:06:16,43.3603134155273,-8.84103012084961,"Unknown"
"7014854",371863,2025-07-05 05:11:16,43.3602867126465,-8.84099864959717,"Unknown"
"7014854",371863,2025-07-05 05:16:17,43.3603553771973,-8.84088325500488,"Unknown"
"7014854",371863,2025-07-05 05:21:34,43.3602981567383,-8.84086513519287,"Unknown"
"7014854",371863,2025-07-05 05:26:19,43.3601112365723,-8.8406457901001,"Unknown"
"7014854",371863,2025-07-05 05:31:22,43.3602905273438,-8.84091949462891,"Unknown"
"7014854",371863,2025-07-05 05:36:23,43.3602676391602,-8.84087467193604,"Unknown"
"7014854",371863,2025-07-05 05:41:25,43.3602676391602,-8.84091854095459,"Unknown"
"7014854",371863,2025-07-05 05:46:25,43.360294342041,-8.84091758728027,"Unknown"
"7014854",371863,2025-07-05 05:51:25,43.3603591918945,-8.8409481048584,"Unknown"
"7014854",371863,2025-07-05 05:56:28,43.3604164123535,-8.84094715118408,"Unknown"
"7014854",371863,2025-07-05 06:01:35,43.3602523803711,-8.8408670425415,"Unknown"
"7014854",371863,2025-07-05 06:06:14,43.3602485656738,-8.84085845947266,"Unknown"
"7014854",371863,2025-07-05 06:11:14,43.3602676391602,-8.84088706970215,"Unknown"
"7014854",371863,2025-07-05 06:16:15,43.3602333068848,-8.84091949462891,"Unknown"
"7014854",371863,2025-07-05 06:21:16,43.3602180480957,-8.84090042114258,"Unknown"
"7014854",371863,2025-07-05 06:26:13,43.3602447509766,-8.84088802337646,"Unknown"
"7014854",371863,2025-07-05 06:31:13,43.3603553771973,-8.84095764160156,"Unknown"
"7014854",371863,2025-07-05 06:36:20,43.3601417541504,-8.840989112854,"Unknown"
"7014854",371863,2025-07-05 06:41:43,43.3602104187012,-8.84093189239502,"Unknown"
"7014854",371863,2025-07-05 06:46:15,43.3601913452148,-8.84096813201904,"Unknown"
"7014854",371863,2025-07-05 06:51:19,43.3602905273438,-8.84087753295898,"Unknown"
"7014854",371863,2025-07-05 06:56:19,43.3604888916016,-8.84084987640381,"Unknown"
"7014854",371863,2025-07-05 07:01:17,43.3602066040039,-8.84095191955566,"Unknown"
"7014854",371863,2025-07-05 07:06:18,43.3600807189941,-8.84098434448242,"Unknown"
"7014854",371863,2025-07-05 07:11:16,43.3602294921875,-8.84086799621582,"Unknown"
"7014854",371863,2025-07-05 07:16:15,43.3601417541504,-8.82974147796631,"Unknown"
"7014854",371863,2025-07-05 07:21:18,43.3581657409668,-8.83102798461914,"Unknown"
"7014854",371863,2025-07-05 07:26:17,43.3628883361816,-8.82612705230713,"Unknown"
"7014854",371863,2025-07-05 07:31:35,43.3675117492676,-8.82938480377197,"Unknown"
"7014854",371863,2025-07-05 07:36:15,43.3640823364258,-8.82767105102539,"Unknown"
"7014854",371863,2025-07-05 07:41:25,43.3554840087891,-8.83400344848633,"Unknown"
"7014854",371863,2025-07-05 07:46:14,43.317497253418,-8.85687255859375,"Unknown"
"7014854",371863,2025-07-05 07:51:43,43.3148155212402,-8.85689353942871,"Unknown"
"7014854",371863,2025-07-05 07:56:13,43.3224334716797,-8.84716701507568,"Unknown"
"7014854",371863,2025-07-05 08:01:22,43.3409690856934,-8.84382057189941,"Unknown"
"7014854",371863,2025-07-05 08:06:14,43.3501853942871,-8.84463119506836,"Unknown"
"7014854",371863,2025-07-05 08:11:27,43.3602981567383,-8.84105491638184,"Unknown"
"7014854",371863,2025-07-05 08:16:15,43.3602142333984,-8.84087944030762,"Unknown"
"7014854",371863,2025-07-05 08:21:30,43.360294342041,-8.84103107452393,"Unknown"
"7014854",371863,2025-07-05 08:26:44,43.3602485656738,-8.84094905853271,"Unknown"
"7014854",371863,2025-07-05 08:31:18,43.3603248596191,-8.84097099304199,"Unknown"
"7014854",371863,2025-07-05 08:36:14,43.3618354797363,-8.83959484100342,"Unknown"
"7014854",371863,2025-07-05 08:41:18,43.3617630004883,-8.82587051391602,"Unknown"
"7014854",371863,2025-07-05 08:47:29,43.3614311218262,-8.82579040527344,"Unknown"
"7014854",371863,2025-07-05 08:51:14,43.3619804382324,-8.82574939727783,"Unknown"
"7014854",371863,2025-07-05 08:56:18,43.3635940551758,-8.82780933380127,"Unknown"
"7014854",371863,2025-07-05 09:01:16,43.3611335754395,-8.83410549163818,"Unknown"
"7014854",371863,2025-07-05 09:06:20,43.3603858947754,-8.84132480621338,"Unknown"
"7014854",371863,2025-07-05 09:11:15,43.3609619140625,-8.84357833862305,"Unknown"
"7014854",371863,2025-07-05 09:16:16,43.3606948852539,-8.84274196624756,"Unknown"
"7014854",371863,2025-07-05 09:21:18,43.360408782959,-8.8418025970459,"Unknown"
"7014854",371863,2025-07-05 09:26:24,43.3602981567383,-8.8412914276123,"Unknown"
"7014854",371863,2025-07-05 09:31:32,43.3602142333984,-8.84123802185059,"Unknown"
"7014854",371863,2025-07-05 09:36:35,43.3603172302246,-8.84110355377197,"Unknown"
"7014854",371863,2025-07-05 09:41:14,43.360424041748,-8.84122943878174,"Unknown"
"7014854",371863,2025-07-05 09:46:13,43.3603134155273,-8.84112167358398,"Unknown"
"7014854",371863,2025-07-05 09:51:14,43.3603401184082,-8.84118938446045,"Unknown"
"7014854",371863,2025-07-05 09:56:15,43.360237121582,-8.84108066558838,"Unknown"
"7014854",371863,2025-07-05 10:01:18,43.3601951599121,-8.84105682373047,"Unknown"
"7014854",371863,2025-07-05 10:06:34,43.3602714538574,-8.84094142913818,"Unknown"
"7014854",371863,2025-07-05 10:11:13,43.3603591918945,-8.84062099456787,"Unknown"
"7014854",371863,2025-07-05 10:16:13,43.3602523803711,-8.84091091156006,"Unknown"
"7014854",371863,2025-07-05 10:21:13,43.3603134155273,-8.8409538269043,"Unknown"
"7014854",371863,2025-07-05 10:26:13,43.3603286743164,-8.84087371826172,"Unknown"
"7014854",371863,2025-07-05 10:31:13,43.3603096008301,-8.84090232849121,"Unknown"
"7014854",371863,2025-07-05 10:36:13,43.3603057861328,-8.84087085723877,"Unknown"
"7014854",371863,2025-07-05 10:41:14,43.3602981567383,-8.84092330932617,"Unknown"
"7014854",371863,2025-07-05 10:46:13,43.3602828979492,-8.84089183807373,"Unknown"
"7014854",371863,2025-07-05 10:51:13,43.3603248596191,-8.840895652771,"Unknown"
"7014854",371863,2025-07-05 10:56:14,43.3603820800781,-8.84095764160156,"Unknown"
"7014854",371863,2025-07-05 11:01:13,43.3603324890137,-8.84086036682129,"Unknown"
"7014854",371863,2025-07-05 11:06:13,43.3602027893066,-8.84090042114258,"Unknown"
"7014854",371863,2025-07-05 11:11:13,43.3603057861328,-8.8410472869873,"Unknown"
"7014854",371863,2025-07-05 11:16:13,43.3659591674805,-8.84838104248047,"Unknown"
"7014854",371863,2025-07-05 11:21:14,43.3759880065918,-8.86559677124023,"Unknown"
"7014854",371863,2025-07-05 11:26:14,43.3853530883789,-8.87527465820312,"Unknown"
"7014854",371863,2025-07-05 11:31:13,43.3847770690918,-8.87894916534424,"Unknown"
"7014854",371863,2025-07-05 11:36:13,43.3797912597656,-8.87933540344238,"Unknown"
"7014854",371863,2025-07-05 11:41:16,43.379451751709,-8.87910938262939,"Unknown"
"7014854",371863,2025-07-05 11:46:16,43.3765411376953,-8.88428974151611,"Unknown"
"7014854",371863,2025-07-05 11:51:16,43.3779106140137,-8.88650703430176,"Unknown"
"7014854",371863,2025-07-05 11:56:15,43.3617515563965,-8.85341835021973,"Unknown"
"7014854",371863,2025-07-05 12:01:35,43.3603897094727,-8.84088134765625,"Unknown"
"7014854",371863,2025-07-05 12:06:14,43.3603706359863,-8.84093379974365,"Unknown"
"7014854",371863,2025-07-05 12:11:15,43.3603630065918,-8.84091281890869,"Unknown"
"7014854",371863,2025-07-05 12:16:17,43.360424041748,-8.8408670425415,"Unknown"
"7014854",371863,2025-07-05 12:21:16,43.3603973388672,-8.840895652771,"Unknown"
"7014854",371863,2025-07-05 12:26:14,43.3605461120605,-8.84081363677979,"Unknown"
"7014854",371863,2025-07-05 12:31:20,43.3602104187012,-8.84086322784424,"Unknown"
"7014854",371863,2025-07-05 12:36:35,43.3603172302246,-8.84089183807373,"Unknown"
"7014854",371863,2025-07-05 12:41:25,43.3603363037109,-8.84091281890869,"Unknown"
"7014854",371863,2025-07-05 12:46:23,43.3604278564453,-8.84088802337646,"Unknown"
"7014854",371863,2025-07-05 12:51:13,43.3603057861328,-8.84087753295898,"Unknown"
"7014854",371863,2025-07-05 12:56:15,43.3603363037109,-8.84086513519287,"Unknown"
"7014854",371863,2025-07-05 13:01:14,43.3602752685547,-8.84092044830322,"Unknown"
"7014854",371863,2025-07-05 13:06:15,43.3603401184082,-8.8408145904541,"Unknown"
"7014854",371863,2025-07-05 13:11:17,43.3602333068848,-8.84094619750977,"Unknown"
"7014854",371863,2025-07-05 13:16:16,43.3604125976562,-8.84088325500488,"Unknown"
"7014854",371863,2025-07-05 13:21:17,43.3603363037109,-8.84090137481689,"Unknown"
"7014854",371863,2025-07-05 13:26:14,43.3703079223633,-8.85948753356934,"Unknown"
"7014854",371863,2025-07-05 13:31:15,43.3742065429688,-8.87150382995605,"Unknown"
"7014854",371863,2025-07-05 13:36:14,43.3746757507324,-8.86668491363525,"Unknown"
"7014854",371863,2025-07-05 13:41:16,43.3743095397949,-8.88284873962402,"Unknown"
"7014854",371863,2025-07-05 13:46:41,43.3628082275391,-8.86339282989502,"Unknown"
"7014854",371863,2025-07-05 13:51:25,43.3581237792969,-8.83806037902832,"Unknown"
"7014854",371863,2025-07-05 13:56:31,43.3594703674316,-8.84144306182861,"Unknown"
"7014854",371863,2025-07-05 14:01:35,43.3603858947754,-8.84127521514893,"Unknown"
"7014854",371863,2025-07-05 14:06:13,43.3603630065918,-8.84113025665283,"Unknown"
"7014854",371863,2025-07-05 14:11:13,43.3604202270508,-8.8411922454834,"Unknown"
"7014854",371863,2025-07-05 14:16:13,43.360408782959,-8.84115505218506,"Unknown"
"7014854",371863,2025-07-05 14:21:13,43.3603439331055,-8.84108543395996,"Unknown"
"7014854",371863,2025-07-05 14:26:25,43.3602981567383,-8.84101009368896,"Unknown"
"7014854",371863,2025-07-05 14:31:28,43.3603477478027,-8.8409948348999,"Unknown"
"7014854",371863,2025-07-05 14:36:27,43.3601837158203,-8.84087085723877,"Unknown"
"7014854",371863,2025-07-05 14:41:27,43.3603248596191,-8.84095764160156,"Unknown"
"7014854",371863,2025-07-05 14:46:29,43.3601989746094,-8.84084510803223,"Unknown"
"7014854",371863,2025-07-05 14:51:44,43.3602409362793,-8.84087562561035,"Unknown"
"7014854",371863,2025-07-05 14:56:17,43.3601913452148,-8.84077548980713,"Unknown"
"7014854",371863,2025-07-05 15:01:24,43.3603401184082,-8.84102916717529,"Unknown"
"7014854",371863,2025-07-05 15:06:18,43.3602180480957,-8.84085464477539,"Unknown"
"7014854",371863,2025-07-05 15:11:21,43.3603134155273,-8.84097766876221,"Unknown"
"7014854",371863,2025-07-05 15:16:15,43.3602600097656,-8.84092235565186,"Unknown"
"7014854",371863,2025-07-05 15:21:16,43.360294342041,-8.84100818634033,"Unknown"
"7014854",371863,2025-07-05 15:26:16,43.3602905273438,-8.84097194671631,"Unknown"
"7014854",371863,2025-07-05 15:31:40,43.3601875305176,-8.8408374786377,"Unknown"
"7014854",371863,2025-07-05 15:36:18,43.3602409362793,-8.84084033966064,"Unknown"
"7014854",371863,2025-07-05 15:41:23,43.3602714538574,-8.84091472625732,"Unknown"
"7014854",371863,2025-07-05 15:46:35,43.3603019714355,-8.84091567993164,"Unknown"
"7014854",371863,2025-07-05 15:51:16,43.360279083252,-8.84102249145508,"Unknown"
"7014854",371863,2025-07-05 15:56:13,43.3603134155273,-8.84101295471191,"Unknown"
"7014854",371863,2025-07-05 16:01:21,43.3601684570312,-8.84087944030762,"Unknown"
"7014854",371863,2025-07-05 16:06:24,43.3601760864258,-8.84090709686279,"Unknown"
"7014854",371863,2025-07-05 16:11:24,43.3595962524414,-8.8408088684082,"Unknown"
"7014854",371863,2025-07-05 16:16:44,43.3602981567383,-8.84087467193604,"Unknown"
"7014854",371863,2025-07-05 16:21:24,43.3603248596191,-8.84095096588135,"Unknown"
"7014854",371863,2025-07-05 16:26:17,43.3602256774902,-8.84091281890869,"Unknown"
"7014854",371863,2025-07-05 16:31:26,43.3603096008301,-8.84098243713379,"Unknown"
"7014854",371863,2025-07-05 16:36:22,43.3604316711426,-8.84089088439941,"Unknown"
"7014854",371863,2025-07-05 16:41:21,43.3603324890137,-8.84085750579834,"Unknown"
"7014854",371863,2025-07-05 16:46:35,43.3603591918945,-8.84093379974365,"Unknown"
"7014854",371863,2025-07-05 16:51:26,43.3603591918945,-8.84095478057861,"Unknown"
"7014854",371863,2025-07-05 16:56:28,43.3603401184082,-8.84092903137207,"Unknown"
"7014854",371863,2025-07-05 17:01:25,43.3602867126465,-8.84084129333496,"Unknown"
"7014854",371863,2025-07-05 17:06:40,43.3603324890137,-8.84097766876221,"Unknown"
"7014854",371863,2025-07-05 17:11:18,43.3601684570312,-8.84077072143555,"Unknown"
"7014854",371863,2025-07-05 17:16:15,43.3602714538574,-8.84088325500488,"Unknown"
"7014854",371863,2025-07-05 17:21:19,43.3603553771973,-8.84105777740479,"Unknown"
"7014854",371863,2025-07-05 17:26:19,43.3602600097656,-8.84091758728027,"Unknown"
"7014854",371863,2025-07-05 17:31:21,43.360221862793,-8.84094142913818,"Unknown"
"7014854",371863,2025-07-05 17:36:24,43.360034942627,-8.84066200256348,"Unknown"
"7014854",371863,2025-07-05 17:41:31,43.3602256774902,-8.8408842086792,"Unknown"
"7014854",371863,2025-07-05 17:46:35,43.3602828979492,-8.840989112854,"Unknown"
"7014854",371863,2025-07-05 17:51:18,43.360294342041,-8.84092140197754,"Unknown"
"7014854",371863,2025-07-05 17:56:18,43.3603134155273,-8.84094333648682,"Unknown"
"7014854",371863,2025-07-05 18:01:44,43.3603630065918,-8.84090232849121,"Unknown"
"7014854",371863,2025-07-05 18:06:27,43.3606719970703,-8.84069728851318,"Unknown"
"7014854",371863,2025-07-05 18:11:25,43.3602294921875,-8.84094715118408,"Unknown"
"7014854",371863,2025-07-05 18:16:25,43.3600044250488,-8.841233253479,"Unknown"
"7014854",371863,2025-07-05 18:21:42,43.3602180480957,-8.84099102020264,"Unknown"
"7014854",371863,2025-07-05 18:26:23,43.3602561950684,-8.84100437164307,"Unknown"
"7014854",371863,2025-07-05 18:31:24,43.3604583740234,-8.84085083007812,"Unknown"
"7014854",371863,2025-07-05 18:36:17,43.3602409362793,-8.84092712402344,"Unknown"
"7014854",371863,2025-07-05 18:41:16,43.3601875305176,-8.84092903137207,"Unknown"
"7014854",371863,2025-07-05 18:47:35,43.3565864562988,-8.82690525054932,"Unknown"
"7014854",371863,2025-07-05 18:51:16,43.3595695495605,-8.82079410552979,"Unknown"
"7014854",371863,2025-07-05 18:56:16,43.3595886230469,-8.82163047790527,"Unknown"
"7014854",371863,2025-07-05 19:01:15,43.3601989746094,-8.82259464263916,"Unknown"
"7014854",371863,2025-07-05 19:06:17,43.3611106872559,-8.82365036010742,"Unknown"
"7014854",371863,2025-07-05 19:11:16,43.3605690002441,-8.83289051055908,"Unknown"
"7014854",371863,2025-07-05 19:16:16,43.360523223877,-8.84089374542236,"Unknown"
"7014854",371863,2025-07-05 19:21:16,43.3603172302246,-8.8408784866333,"Unknown"
"7014854",371863,2025-07-05 19:26:16,43.3603134155273,-8.84087562561035,"Unknown"
"7014854",371863,2025-07-05 19:31:17,43.3604278564453,-8.84088134765625,"Unknown"
"7014854",371863,2025-07-05 19:36:17,43.3603057861328,-8.84087944030762,"Unknown"
"7014854",371863,2025-07-05 19:41:17,43.3603477478027,-8.84091091156006,"Unknown"
"7014854",371863,2025-07-05 19:46:17,43.360279083252,-8.84098625183105,"Unknown"
"7014854",371863,2025-07-05 19:51:18,43.3601493835449,-8.84080791473389,"Unknown"
"7014854",371863,2025-07-05 19:56:21,43.3602828979492,-8.84088706970215,"Unknown"
"7014854",371863,2025-07-05 20:01:21,43.3602409362793,-8.84087657928467,"Unknown"
"7014854",371863,2025-07-05 20:06:18,43.3599128723145,-8.84062957763672,"Unknown"
"7014854",371863,2025-07-05 20:11:21,43.3603782653809,-8.84109783172607,"Unknown"
"7014854",371863,2025-07-05 20:16:22,43.3603134155273,-8.84087657928467,"Unknown"
"7014854",371863,2025-07-05 20:21:24,43.3603248596191,-8.8408842086792,"Unknown"
"7014854",371863,2025-07-05 20:26:24,43.3603363037109,-8.84096717834473,"Unknown"
"7014854",371863,2025-07-05 20:31:24,43.3604164123535,-8.84089660644531,"Unknown"
"7014854",371863,2025-07-05 20:36:35,43.3603019714355,-8.84085369110107,"Unknown"
"7014854",371863,2025-07-05 20:41:16,43.362606048584,-8.84082508087158,"Unknown"
"7014854",371863,2025-07-05 20:46:17,43.3705940246582,-8.83822250366211,"Unknown"
"7014854",371863,2025-07-05 20:51:18,43.3806037902832,-8.86473083496094,"Unknown"
"7014854",371863,2025-07-05 20:56:18,43.3852577209473,-8.8664608001709,"Unknown"
"7014854",371863,2025-07-05 21:01:18,43.38427734375,-8.86719417572021,"Unknown"
"7014854",371863,2025-07-05 21:06:19,43.3845520019531,-8.86774444580078,"Unknown"
"7014854",371863,2025-07-05 21:11:19,43.3837471008301,-8.86703205108643,"Unknown"
"7014854",371863,2025-07-05 21:16:21,43.3855857849121,-8.86842060089111,"Unknown"
"7014854",371863,2025-07-05 21:21:23,43.3854827880859,-8.86785888671875,"Unknown"
"7014854",371863,2025-07-05 21:26:42,43.3665199279785,-8.84867668151855,"Unknown"
"7014854",371863,2025-07-05 21:31:16,43.3603553771973,-8.84045505523682,"Unknown"
"7014854",371863,2025-07-05 21:36:23,43.3601379394531,-8.84087085723877,"Unknown"
"7014854",371863,2025-07-05 21:41:22,43.3601722717285,-8.84092140197754,"Unknown"
"7014854",371863,2025-07-05 21:46:19,43.3602676391602,-8.84076118469238,"Unknown"
"7014854",371863,2025-07-05 21:51:22,43.360294342041,-8.84089183807373,"Unknown"
"7014854",371863,2025-07-05 21:56:35,43.3602294921875,-8.84088230133057,"Unknown"
"7014854",371863,2025-07-05 22:01:35,43.3602485656738,-8.84090900421143,"Unknown"
"7014854",371863,2025-07-05 22:06:16,43.3605651855469,-8.84086799621582,"Unknown"
"7014854",371863,2025-07-05 22:11:21,43.3602485656738,-8.8409366607666,"Unknown"
"7014854",371863,2025-07-05 22:16:15,43.3601608276367,-8.840895652771,"Unknown"
"7014854",371863,2025-07-05 22:21:16,43.3602638244629,-8.84093189239502,"Unknown"
"7014854",371863,2025-07-05 22:26:21,43.3603363037109,-8.84086608886719,"Unknown"
"7014854",371863,2025-07-05 22:31:21,43.360179901123,-8.84092235565186,"Unknown"
"7014854",371863,2025-07-05 22:36:21,43.360294342041,-8.84088325500488,"Unknown"
"7014854",371863,2025-07-05 22:41:21,43.360237121582,-8.84086227416992,"Unknown"
"7014854",371863,2025-07-05 22:46:23,43.3602523803711,-8.84081840515137,"Unknown"
"7014854",371863,2025-07-05 22:51:24,43.3602638244629,-8.8409252166748,"Unknown"
"7014854",371863,2025-07-05 22:56:24,43.3602867126465,-8.84101104736328,"Unknown"
"7014854",371863,2025-07-05 23:01:24,43.3602981567383,-8.8408842086792,"Unknown"
"7014854",371863,2025-07-05 23:06:23,43.3602676391602,-8.84090995788574,"Unknown"
"7014854",371863,2025-07-05 23:11:23,43.3603706359863,-8.84107494354248,"Unknown"
"7014854",371863,2025-07-05 23:16:22,43.3601913452148,-8.84083366394043,"Unknown"
"7014854",371863,2025-07-05 23:21:29,43.3603782653809,-8.84102153778076,"Unknown"
"7014854",371863,2025-07-05 23:26:27,43.3603591918945,-8.8409948348999,"Unknown"
"7014854",371863,2025-07-05 23:31:28,43.3604888916016,-8.84111404418945,"Unknown"
"7014854",371863,2025-07-05 23:36:36,43.360237121582,-8.84090423583984,"Unknown"
"7014854",371863,2025-07-05 23:41:25,43.360237121582,-8.84091377258301,"Unknown"
"7014854",371863,2025-07-05 23:46:29,43.3602485656738,-8.84089851379395,"Unknown"
"7014854",371863,2025-07-05 23:51:29,43.3602600097656,-8.84091663360596,"Unknown"
"7014854",371863,2025-07-05 23:56:33,43.3602752685547,-8.84087657928467,"Unknown"
"7014854",371863,2025-07-06 00:01:17,43.3602676391602,-8.84085178375244,"Unknown"
"7014854",371863,2025-07-06 00:06:24,43.3602714538574,-8.8408842086792,"Unknown"
"7014854",371863,2025-07-06 00:11:21,43.3603019714355,-8.84089279174805,"Unknown"
"7014854",371863,2025-07-06 00:16:24,43.3603477478027,-8.8408899307251,"Unknown"
"7014854",371863,2025-07-06 00:21:21,43.3602676391602,-8.84084415435791,"Unknown"
"7014854",371863,2025-07-06 00:26:24,43.3603248596191,-8.84082889556885,"Unknown"
"7014854",371863,2025-07-06 00:31:22,43.3603019714355,-8.84088134765625,"Unknown"
"7014854",371863,2025-07-06 00:36:22,43.360279083252,-8.84090328216553,"Unknown"
"7014854",371863,2025-07-06 00:41:24,43.3603363037109,-8.84091091156006,"Unknown"
"7014854",371863,2025-07-06 00:46:24,43.360294342041,-8.84088897705078,"Unknown"
"7014854",371863,2025-07-06 00:51:27,43.3602523803711,-8.84092998504639,"Unknown"
"7014854",371863,2025-07-06 00:56:44,43.3602714538574,-8.84093856811523,"Unknown"
"7014854",371863,2025-07-06 01:01:15,43.3603630065918,-8.84103775024414,"Unknown"
"7014854",371863,2025-07-06 01:06:17,43.3601722717285,-8.84103965759277,"Unknown"
"7014854",371863,2025-07-06 01:11:21,43.3602333068848,-8.84077167510986,"Unknown"
"7014854",371863,2025-07-06 01:16:18,43.3603019714355,-8.84096336364746,"Unknown"
"7014854",371863,2025-07-06 01:21:16,43.3603286743164,-8.84092903137207,"Unknown"
"7014854",371863,2025-07-06 01:26:24,43.3602447509766,-8.84097671508789,"Unknown"
"7014854",371863,2025-07-06 01:31:16,43.3605499267578,-8.84077835083008,"Unknown"
"7014854",371863,2025-07-06 01:36:19,43.3603172302246,-8.8409309387207,"Unknown"
"7014854",371863,2025-07-06 01:41:19,43.360279083252,-8.84076595306396,"Unknown"
"7014854",371863,2025-07-06 01:46:26,43.3603172302246,-8.84090900421143,"Unknown"
"7014854",371863,2025-07-06 01:51:27,43.3602867126465,-8.84092807769775,"Unknown"
"7014854",371863,2025-07-06 01:56:28,43.3603248596191,-8.84103965759277,"Unknown"
"7014854",371863,2025-07-06 02:01:44,43.3614501953125,-8.84038066864014,"Unknown"
"7014854",371863,2025-07-06 02:06:16,43.3799209594727,-8.82147979736328,"Unknown"
"7014854",371863,2025-07-06 02:11:15,43.4071464538574,-8.8092737197876,"Unknown"
"7014854",371863,2025-07-06 02:16:17,43.4140510559082,-8.7957181930542,"Unknown"
"7014854",371863,2025-07-06 02:21:21,43.4146957397461,-8.79598426818848,"Unknown"
"7014854",371863,2025-07-06 02:26:22,43.4152984619141,-8.79601669311523,"Unknown"
"7014854",371863,2025-07-06 02:31:22,43.4158248901367,-8.79641342163086,"Unknown"
"7014854",371863,2025-07-06 02:36:18,43.416072845459,-8.79693698883057,"Unknown"
"7014854",371863,2025-07-06 02:41:22,43.4165267944336,-8.79731369018555,"Unknown"
"7014854",371863,2025-07-06 02:46:59,43.4167366027832,-8.79814052581787,"Unknown"
"7014854",371863,2025-07-06 02:51:18,43.4169883728027,-8.79841613769531,"Unknown"
"7014854",371863,2025-07-06 02:56:21,43.416820526123,-8.79905128479004,"Unknown"
"7014854",371863,2025-07-06 03:01:23,43.3928489685059,-8.80434989929199,"Unknown"
"7014854",371863,2025-07-06 03:06:28,43.368293762207,-8.81416320800781,"Unknown"
"7014854",371863,2025-07-06 03:11:24,43.364128112793,-8.81829166412354,"Unknown"
"7014854",371863,2025-07-06 03:16:25,43.3640670776367,-8.81851291656494,"Unknown"
"7014854",371863,2025-07-06 03:21:24,43.3641319274902,-8.81869411468506,"Unknown"
"7014854",371863,2025-07-06 03:26:34,43.3644981384277,-8.81913375854492,"Unknown"
"7014854",371863,2025-07-06 03:31:18,43.3645401000977,-8.81966495513916,"Unknown"
"7014854",371863,2025-07-06 03:36:22,43.3647689819336,-8.82014751434326,"Unknown"
"7014854",371863,2025-07-06 03:41:18,43.3651084899902,-8.82057952880859,"Unknown"
"7014854",371863,2025-07-06 03:46:18,43.3653717041016,-8.82129573822021,"Unknown"
"7014854",371863,2025-07-06 03:51:26,43.3607215881348,-8.8213472366333,"Unknown"
"7014854",371863,2025-07-06 03:56:24,43.3604507446289,-8.82178688049316,"Unknown"
"7014854",371863,2025-07-06 04:01:44,43.3604621887207,-8.82189559936523,"Unknown"
"7014854",371863,2025-07-06 04:06:17,43.3603782653809,-8.82328224182129,"Unknown"
"7014854",371863,2025-07-06 04:11:18,43.3699340820312,-8.83931350708008,"Unknown"
"7014854",371863,2025-07-06 04:16:17,43.3722381591797,-8.8604907989502,"Unknown"
"7014854",371863,2025-07-06 04:21:16,43.3685455322266,-8.85195064544678,"Unknown"
"7014854",371863,2025-07-06 04:26:21,43.360221862793,-8.84076976776123,"Unknown"
"7014854",371863,2025-07-06 04:31:23,43.360179901123,-8.84095668792725,"Unknown"
"7014854",371863,2025-07-06 04:36:23,43.3601341247559,-8.84092712402344,"Unknown"
"7014854",371863,2025-07-06 04:41:18,43.3601608276367,-8.84107875823975,"Unknown"
"7014854",371863,2025-07-06 04:46:35,43.3602409362793,-8.84092426300049,"Unknown"
"7014854",371863,2025-07-06 04:51:16,43.3602294921875,-8.840989112854,"Unknown"
"7014854",371863,2025-07-06 04:56:15,43.360221862793,-8.84088802337646,"Unknown"
"7014854",371863,2025-07-06 05:01:19,43.3602600097656,-8.84087944030762,"Unknown"
"7014854",371863,2025-07-06 05:06:21,43.3602447509766,-8.84086799621582,"Unknown"
"7014854",371863,2025-07-06 05:11:18,43.3602600097656,-8.84091854095459,"Unknown"
"7014854",371863,2025-07-06 05:16:17,43.3604888916016,-8.84085464477539,"Unknown"
"7014854",371863,2025-07-06 05:21:18,43.3602638244629,-8.84090995788574,"Unknown"
"7014854",371863,2025-07-06 05:26:17,43.360221862793,-8.84085750579834,"Unknown"
"7014854",371863,2025-07-06 05:31:15,43.3602752685547,-8.8409481048584,"Unknown"
"7014854",371863,2025-07-06 05:36:15,43.3806648254395,-8.86066722869873,"Unknown"
"7014854",371863,2025-07-06 05:41:15,43.3775253295898,-8.82616996765137,"Unknown"
"7014854",371863,2025-07-06 05:46:19,43.3731346130371,-8.82354640960693,"Unknown"
"7014854",371863,2025-07-06 05:51:15,43.3684272766113,-8.82201385498047,"Unknown"
"7014854",371863,2025-07-06 05:56:15,43.3590202331543,-8.82621574401855,"Unknown"
"7014854",371863,2025-07-06 06:01:15,43.3590621948242,-8.83176326751709,"Unknown"
"7014854",371863,2025-07-06 06:07:30,43.3612899780273,-8.84334945678711,"Unknown"
"7014854",371863,2025-07-06 06:11:15,43.3618240356445,-8.83978271484375,"Unknown"
"7014854",371863,2025-07-06 06:16:22,43.3603210449219,-8.8409423828125,"Unknown"
"7014854",371863,2025-07-06 06:21:25,43.3602333068848,-8.84158325195312,"Unknown"
"7014854",371863,2025-07-06 06:26:31,43.3603286743164,-8.840895652771,"Unknown"
"7014854",371863,2025-07-06 06:31:15,43.3603286743164,-8.84090900421143,"Unknown"
"7014854",371863,2025-07-06 06:36:19,43.3605461120605,-8.84073829650879,"Unknown"
"7014854",371863,2025-07-06 06:41:17,43.3602561950684,-8.84079074859619,"Unknown"
"7014854",371863,2025-07-06 06:46:24,43.3603286743164,-8.84091758728027,"Unknown"
"7014854",371863,2025-07-06 06:51:21,43.3603401184082,-8.84083271026611,"Unknown"
"7014854",371863,2025-07-06 06:56:19,43.3603172302246,-8.84095478057861,"Unknown"
"7014854",371863,2025-07-06 07:01:17,43.3602867126465,-8.84088134765625,"Unknown"
"7014854",371863,2025-07-06 07:06:18,43.3602905273438,-8.84085750579834,"Unknown"
"7014854",371863,2025-07-06 07:11:18,43.3602066040039,-8.84073734283447,"Unknown"
"7014854",371863,2025-07-06 07:16:15,43.3602447509766,-8.84076976776123,"Unknown"
"7014854",371863,2025-07-06 07:21:16,43.3602676391602,-8.84078025817871,"Unknown"
"7014854",371863,2025-07-06 07:26:17,43.3603096008301,-8.84090900421143,"Unknown"
"7014854",371863,2025-07-06 07:31:19,43.3603668212891,-8.84097957611084,"Unknown"
"7014854",371863,2025-07-06 07:36:17,43.3605499267578,-8.84122371673584,"Unknown"
"7014854",371863,2025-07-06 07:41:24,43.3603401184082,-8.84086608886719,"Unknown"
"7014854",371863,2025-07-06 07:46:34,43.3602905273438,-8.84088039398193,"Unknown"
"7014854",371863,2025-07-06 07:51:25,43.3603515625,-8.84086894989014,"Unknown"
"7014854",371863,2025-07-06 07:56:27,43.3603477478027,-8.84094429016113,"Unknown"
"7014854",371863,2025-07-06 08:01:44,43.3602256774902,-8.84092140197754,"Unknown"
"7014854",371863,2025-07-06 08:06:19,43.3601951599121,-8.84093475341797,"Unknown"
"7014854",371863,2025-07-06 08:11:19,43.3603363037109,-8.84082508087158,"Unknown"
"7014854",371863,2025-07-06 08:16:19,43.360279083252,-8.84084987640381,"Unknown"
"7014854",371863,2025-07-06 08:21:19,43.3603324890137,-8.84088802337646,"Unknown"
"7014854",371863,2025-07-06 08:26:23,43.3602142333984,-8.84097290039062,"Unknown"
"7014854",371863,2025-07-06 08:31:18,43.36376953125,-8.81939029693604,"Unknown"
"7014854",371863,2025-07-06 08:36:15,43.3542785644531,-8.78597164154053,"Unknown"
"7014854",371863,2025-07-06 08:41:16,43.3416442871094,-8.74482536315918,"Unknown"
"7014854",371863,2025-07-06 08:47:35,43.3152923583984,-8.7370080947876,"Unknown"
"7014854",371863,2025-07-06 08:51:19,43.3106994628906,-8.75250148773193,"Unknown"
"7014854",371863,2025-07-06 08:56:19,43.3078231811523,-8.76036739349365,"Unknown"
"7014854",371863,2025-07-06 09:02:39,43.3178596496582,-8.7982702255249,"Unknown"
"7014854",371863,2025-07-06 09:06:33,43.3227729797363,-8.82158279418945,"Unknown"
"7014854",371863,2025-07-06 09:11:16,43.3046646118164,-8.8397855758667,"Unknown"
"7014854",371863,2025-07-06 09:16:15,43.296329498291,-8.84159564971924,"Unknown"
"7014854",371863,2025-07-06 09:21:16,43.2922973632812,-8.86147403717041,"Unknown"
"7014854",371863,2025-07-06 09:26:17,43.2923812866211,-8.86173343658447,"Unknown"
"7014854",371863,2025-07-06 09:31:17,43.2922973632812,-8.86133575439453,"Unknown"
"7014854",371863,2025-07-06 09:36:21,43.2922248840332,-8.8619556427002,"Unknown"
"7014854",371863,2025-07-06 09:41:16,43.2922439575195,-8.86187744140625,"Unknown"
"7014854",371863,2025-07-06 09:46:18,43.2930107116699,-8.86271095275879,"Unknown"
"7014854",371863,2025-07-06 09:51:18,43.2930374145508,-8.86290073394775,"Unknown"
"7014854",371863,2025-07-06 09:56:15,43.2924308776855,-8.86229991912842,"Unknown"
"7014854",371863,2025-07-06 10:01:15,43.3009262084961,-8.85377979278564,"Unknown"
"7014854",371863,2025-07-06 10:06:17,43.2945365905762,-8.8402271270752,"Unknown"
"7014854",371863,2025-07-06 10:11:17,43.294506072998,-8.83963489532471,"Unknown"
"7014854",371863,2025-07-06 10:16:22,43.2944984436035,-8.83955860137939,"Unknown"
"7014854",371863,2025-07-06 10:21:16,43.294506072998,-8.83976364135742,"Unknown"
"7014854",371863,2025-07-06 10:26:21,43.2944450378418,-8.83961200714111,"Unknown"
"7014854",371863,2025-07-06 10:31:18,43.2941093444824,-8.83882427215576,"Unknown"
"7014854",371863,2025-07-06 10:36:21,43.2940711975098,-8.83882617950439,"Unknown"
"7014854",371863,2025-07-06 10:41:25,43.3056221008301,-8.84290313720703,"Unknown"
"7014854",371863,2025-07-06 10:46:35,43.3340835571289,-8.84475421905518,"Unknown"
"7014854",371863,2025-07-06 10:51:46,43.3628273010254,-8.84883594512939,"Unknown"
"7014854",371863,2025-07-06 10:56:16,43.3776779174805,-8.85410976409912,"Unknown"
"7014854",371863,2025-07-06 11:01:17,43.3758773803711,-8.85944366455078,"Unknown"
"7014854",371863,2025-07-06 11:06:20,43.375659942627,-8.86163806915283,"Unknown"
"7014854",371863,2025-07-06 11:11:21,43.375244140625,-8.86246013641357,"Unknown"
"7014854",371863,2025-07-06 11:16:17,43.3730621337891,-8.85755825042725,"Unknown"
"7014854",371863,2025-07-06 11:21:24,43.3726692199707,-8.85821151733398,"Unknown"
"7014854",371863,2025-07-06 11:26:19,43.3722534179688,-8.8588342666626,"Unknown"
"7014854",371863,2025-07-06 11:31:19,43.3717422485352,-8.85946369171143,"Unknown"
"7014854",371863,2025-07-06 11:36:18,43.3737525939941,-8.85219764709473,"Unknown"
"7014854",371863,2025-07-06 11:41:24,43.3724365234375,-8.8530969619751,"Unknown"
"7014854",371863,2025-07-06 11:46:23,43.372631072998,-8.85063457489014,"Unknown"
"7014854",371863,2025-07-06 11:51:25,43.3735694885254,-8.85322952270508,"Unknown"
"7014854",371863,2025-07-06 11:56:25,43.3707580566406,-8.85186100006104,"Unknown"
"7014854",371863,2025-07-06 12:02:23,43.3610496520996,-8.84370708465576,"Unknown"
"7014854",371863,2025-07-06 12:07:29,43.3610916137695,-8.84368705749512,"Unknown"
"7014854",371863,2025-07-06 12:12:39,43.3606872558594,-8.84418201446533,"Unknown"
"7014854",371863,2025-07-06 12:16:16,43.3603935241699,-8.84190559387207,"Unknown"
"7014854",371863,2025-07-06 12:21:19,43.3606643676758,-8.84071731567383,"Unknown"
"7014854",371863,2025-07-06 12:26:19,43.3605842590332,-8.84083557128906,"Unknown"
"7014854",371863,2025-07-06 12:31:20,43.3605079650879,-8.84076118469238,"Unknown"
"7014854",371863,2025-07-06 12:36:24,43.3602714538574,-8.84097671508789,"Unknown"
"7014854",371863,2025-07-06 12:41:25,43.3601760864258,-8.84104442596436,"Unknown"
"7014854",371863,2025-07-06 12:46:55,43.3602066040039,-8.84093761444092,"Unknown"
"7014854",371863,2025-07-06 12:51:17,43.3601264953613,-8.84122371673584,"Unknown"
"7014854",371863,2025-07-06 12:56:18,43.3600425720215,-8.84120559692383,"Unknown"
"7014854",371863,2025-07-06 13:01:18,43.3601188659668,-8.84118747711182,"Unknown"
"7014854",371863,2025-07-06 13:06:18,43.360179901123,-8.84099674224854,"Unknown"
"7014854",371863,2025-07-06 13:11:17,43.3601455688477,-8.84094429016113,"Unknown"
"7014854",371863,2025-07-06 13:16:17,43.3602333068848,-8.84106159210205,"Unknown"
"7014854",371863,2025-07-06 13:21:16,43.3601760864258,-8.84109973907471,"Unknown"
"7014854",371863,2025-07-06 13:26:16,43.360237121582,-8.84099864959717,"Unknown"
"7014854",371863,2025-07-06 13:31:19,43.3602676391602,-8.8410062789917,"Unknown"
"7014854",371863,2025-07-06 13:36:26,43.3604469299316,-8.84086608886719,"Unknown"
"7014854",371863,2025-07-06 13:41:28,43.3604354858398,-8.84084129333496,"Unknown"
"7014854",371863,2025-07-06 13:46:27,43.3603782653809,-8.84091758728027,"Unknown"
"7014854",371863,2025-07-06 13:51:29,43.3605766296387,-8.8408203125,"Unknown"
"7014854",371863,2025-07-06 13:56:27,43.3602638244629,-8.84096336364746,"Unknown"
"7014854",371863,2025-07-06 14:01:35,43.3602752685547,-8.84098625183105,"Unknown"
"7014854",371863,2025-07-06 14:06:17,43.3603210449219,-8.84108352661133,"Unknown"
"7014854",371863,2025-07-06 14:11:16,43.3602752685547,-8.84103870391846,"Unknown"
"7014854",371863,2025-07-06 14:16:19,43.3602447509766,-8.84102153778076,"Unknown"
"7014854",371863,2025-07-06 14:21:16,43.3602561950684,-8.84096717834473,"Unknown"
"7014854",371863,2025-07-06 14:26:21,43.3603210449219,-8.84102058410645,"Unknown"
"7014854",371863,2025-07-06 14:31:19,43.3602981567383,-8.84097671508789,"Unknown"
"7014854",371863,2025-07-06 14:36:34,43.3602714538574,-8.84093761444092,"Unknown"
"7014854",371863,2025-07-06 14:41:16,43.3602104187012,-8.84090900421143,"Unknown"
"7014854",371863,2025-07-06 14:46:16,43.3602828979492,-8.84090328216553,"Unknown"
"7014854",371863,2025-07-06 14:51:22,43.3602676391602,-8.84073925018311,"Unknown"
"7014854",371863,2025-07-06 14:56:16,43.3602333068848,-8.84075927734375,"Unknown"
"7014854",371863,2025-07-06 15:01:24,43.360279083252,-8.84097957611084,"Unknown"
"7014854",371863,2025-07-06 15:06:24,43.3602066040039,-8.84088802337646,"Unknown"
"7014854",371863,2025-07-06 15:11:17,43.3602638244629,-8.84093189239502,"Unknown"
"7014854",371863,2025-07-06 15:16:17,43.3602561950684,-8.84092140197754,"Unknown"
"7014854",371863,2025-07-06 15:21:15,43.3679656982422,-8.84098815917969,"Unknown"
"7014854",371863,2025-07-06 15:26:17,43.3772048950195,-8.85951042175293,"Unknown"
"7014854",371863,2025-07-06 15:31:24,43.368278503418,-8.87342834472656,"Unknown"
"7014854",371863,2025-07-06 15:36:18,43.3685607910156,-8.87368488311768,"Unknown"
"7014854",371863,2025-07-06 15:41:24,43.3688697814941,-8.87396907806396,"Unknown"
"7014854",371863,2025-07-06 15:46:25,43.3690528869629,-8.87423229217529,"Unknown"
"7014854",371863,2025-07-06 15:51:18,43.3673858642578,-8.87984371185303,"Unknown"
"7014854",371863,2025-07-06 15:56:24,43.373046875,-8.91253280639648,"Unknown"
"7014854",371863,2025-07-06 16:01:25,43.3950500488281,-8.93009662628174,"Unknown"
"7014854",371863,2025-07-06 16:07:01,43.381175994873,-8.94216632843018,"Unknown"
"7014854",371863,2025-07-06 16:11:19,43.3531646728516,-8.91952133178711,"Unknown"
"7014854",371863,2025-07-06 16:16:23,43.3352355957031,-8.91282749176025,"Unknown"
"7014854",371863,2025-07-06 16:21:22,43.3268051147461,-8.91594982147217,"Unknown"
"7014854",371863,2025-07-06 16:26:44,43.3269119262695,-8.91492366790771,"Unknown"
"7014854",371863,2025-07-06 16:31:24,43.3267936706543,-8.91455745697021,"Unknown"
"7014854",371863,2025-07-06 16:36:26,43.3266563415527,-8.91345500946045,"Unknown"
"7014854",371863,2025-07-06 16:41:21,43.3266258239746,-8.91252422332764,"Unknown"
"7014854",371863,2025-07-06 16:47:39,43.3261413574219,-8.87937355041504,"Unknown"
"7014854",371863,2025-07-06 16:51:24,43.3141212463379,-8.85709095001221,"Unknown"
"7014854",371863,2025-07-06 16:57:39,43.313232421875,-8.85756874084473,"Unknown"
"7014854",371863,2025-07-06 17:01:44,43.3146553039551,-8.85677051544189,"Unknown"
"7014854",371863,2025-07-06 17:06:25,43.3147315979004,-8.85690021514893,"Unknown"
"7014854",371863,2025-07-06 17:11:18,43.3142280578613,-8.85659408569336,"Unknown"
"7014854",371863,2025-07-06 17:16:23,43.3150215148926,-8.85730934143066,"Unknown"
"7014854",371863,2025-07-06 17:21:21,43.3193054199219,-8.85572338104248,"Unknown"
"7014854",371863,2025-07-06 17:26:22,43.346305847168,-8.84223651885986,"Unknown"
"7014854",371863,2025-07-06 17:31:45,43.3602256774902,-8.840895652771,"Unknown"
"7014854",371863,2025-07-06 17:36:25,43.360237121582,-8.84091663360596,"Unknown"
"7014854",371863,2025-07-06 17:41:21,43.3601760864258,-8.84086036682129,"Unknown"
"7014854",371863,2025-07-06 17:46:21,43.360279083252,-8.84096908569336,"Unknown"
"7014854",371863,2025-07-06 17:51:18,43.3602714538574,-8.84090328216553,"Unknown"
"7014854",371863,2025-07-06 17:56:15,43.3603591918945,-8.84103298187256,"Unknown"
"7014854",371863,2025-07-06 18:01:24,43.359920501709,-8.84095573425293,"Unknown"
"7014854",371863,2025-07-06 18:06:22,43.360523223877,-8.84111213684082,"Unknown"
"7014854",371863,2025-07-06 18:11:21,43.359920501709,-8.84087753295898,"Unknown"
"7014854",371863,2025-07-06 18:16:16,43.3599281311035,-8.84016132354736,"Unknown"
"7014854",371863,2025-07-06 18:21:18,43.360221862793,-8.84080982208252,"Unknown"
"7014854",371863,2025-07-06 18:26:18,43.3603782653809,-8.84111404418945,"Unknown"
"7014854",371863,2025-07-06 18:31:18,43.3603477478027,-8.84097194671631,"Unknown"
"7014854",371863,2025-07-06 18:36:19,43.3602561950684,-8.84091472625732,"Unknown"
"7014854",371863,2025-07-06 18:41:24,43.3602256774902,-8.84085464477539,"Unknown"
"7014854",371863,2025-07-06 18:46:21,43.3600463867188,-8.84151458740234,"Unknown"
"7014854",371863,2025-07-06 18:51:19,43.3601875305176,-8.84122848510742,"Unknown"
"7014854",371863,2025-07-06 18:56:24,43.3603057861328,-8.84066009521484,"Unknown"
"7014854",371863,2025-07-06 19:01:31,43.3601760864258,-8.84107875823975,"Unknown"
"7014854",371863,2025-07-06 19:06:19,43.3602600097656,-8.84096145629883,"Unknown"
"7014854",371863,2025-07-06 19:11:19,43.3602828979492,-8.84104537963867,"Unknown"
"7014854",371863,2025-07-06 19:16:19,43.3602752685547,-8.84096527099609,"Unknown"
"7014854",371863,2025-07-06 19:21:21,43.360294342041,-8.84101009368896,"Unknown"
"7014854",371863,2025-07-06 19:26:21,43.3602142333984,-8.84094715118408,"Unknown"
"7014854",371863,2025-07-06 19:31:23,43.360237121582,-8.84090042114258,"Unknown"
"7014854",371863,2025-07-06 19:36:18,43.3602828979492,-8.84092712402344,"Unknown"
"7014854",371863,2025-07-06 19:41:21,43.3603858947754,-8.84111881256104,"Unknown"
"7014854",371863,2025-07-06 19:46:44,43.3605041503906,-8.84129619598389,"Unknown"
"7014854",371863,2025-07-06 19:51:18,43.3605651855469,-8.8411922454834,"Unknown"
"7014854",371863,2025-07-06 19:56:35,43.3602600097656,-8.8407154083252,"Unknown"
"7014854",371863,2025-07-06 20:01:15,43.360294342041,-8.84060382843018,"Unknown"
"7014854",371863,2025-07-06 20:06:16,43.360279083252,-8.84093952178955,"Unknown"
"7014854",371863,2025-07-06 20:11:15,43.3602905273438,-8.8408727645874,"Unknown"
"7014854",371863,2025-07-06 20:16:15,43.3603057861328,-8.84083366394043,"Unknown"
"7014854",371863,2025-07-06 20:21:16,43.360294342041,-8.84093189239502,"Unknown"
"7014854",371863,2025-07-06 20:26:15,43.3603210449219,-8.84093189239502,"Unknown"
"7014854",371863,2025-07-06 20:31:18,43.3602600097656,-8.84089183807373,"Unknown"
"7014854",371863,2025-07-06 20:36:16,43.3706512451172,-8.84838199615479,"Unknown"
"7014854",371863,2025-07-06 20:41:18,43.3779449462891,-8.87572479248047,"Unknown"
"7014854",371863,2025-07-06 20:46:21,43.3796043395996,-8.87978649139404,"Unknown"
"7014854",371863,2025-07-06 20:51:16,43.3815612792969,-8.89080429077148,"Unknown"
"7014854",371863,2025-07-06 20:56:44,43.3810501098633,-8.89111709594727,"Unknown"
"7014854",371863,2025-07-06 21:01:19,43.380443572998,-8.89078521728516,"Unknown"
"7014854",371863,2025-07-06 21:06:19,43.3799743652344,-8.89044761657715,"Unknown"
"7014854",371863,2025-07-06 21:11:19,43.3796844482422,-8.88920783996582,"Unknown"
"7014854",371863,2025-07-06 21:16:19,43.3792381286621,-8.88789844512939,"Unknown"
"7014854",371863,2025-07-06 21:21:29,43.378719329834,-8.88724040985107,"Unknown"
"7014854",371863,2025-07-06 21:26:30,43.3781356811523,-8.88654136657715,"Unknown"
"7014854",371863,2025-07-06 21:31:22,43.3776664733887,-8.88578224182129,"Unknown"
"7014854",371863,2025-07-06 21:36:29,43.3769416809082,-8.88606452941895,"Unknown"
"7014854",371863,2025-07-06 21:41:58,43.3762283325195,-8.88649654388428,"Unknown"
"7014854",371863,2025-07-06 21:46:51,43.3755760192871,-8.88690185546875,"Unknown"
"7014854",371863,2025-07-06 21:51:27,43.3749580383301,-8.8876256942749,"Unknown"
"7014854",371863,2025-07-06 21:56:49,43.3742141723633,-8.88830471038818,"Unknown"
"7014854",371863,2025-07-06 22:01:37,43.3735885620117,-8.88802242279053,"Unknown"
"7014854",371863,2025-07-06 22:06:17,43.3730545043945,-8.88786220550537,"Unknown"
"7014854",371863,2025-07-06 22:11:16,43.3725814819336,-8.88702774047852,"Unknown"
"7014854",371863,2025-07-06 22:16:16,43.3721923828125,-8.88622856140137,"Unknown"
"7014854",371863,2025-07-06 22:21:18,43.3717498779297,-8.88535404205322,"Unknown"
"7014854",371863,2025-07-06 22:26:21,43.371166229248,-8.88565540313721,"Unknown"
"7014854",371863,2025-07-06 22:31:18,43.3706207275391,-8.88674831390381,"Unknown"
"7014854",371863,2025-07-06 22:36:24,43.3700866699219,-8.88753795623779,"Unknown"
"7014854",371863,2025-07-06 22:41:21,43.369441986084,-8.88785076141357,"Unknown"
"7014854",371863,2025-07-06 22:46:17,43.3691482543945,-8.88774967193604,"Unknown"
"7014854",371863,2025-07-06 22:51:16,43.3683624267578,-8.88821601867676,"Unknown"
"7014854",371863,2025-07-06 22:56:16,43.3682975769043,-8.88897323608398,"Unknown"
"7014854",371863,2025-07-06 23:01:19,43.3676948547363,-8.88859081268311,"Unknown"
"7014854",371863,2025-07-06 23:06:15,43.3669929504395,-8.8883056640625,"Unknown"
"7014854",371863,2025-07-06 23:11:18,43.3662872314453,-8.88837909698486,"Unknown"
"7014854",371863,2025-07-06 23:16:19,43.3655891418457,-8.8879861831665,"Unknown"
"7014854",371863,2025-07-06 23:21:22,43.3649864196777,-8.88803005218506,"Unknown"
"7014854",371863,2025-07-06 23:26:17,43.3643531799316,-8.88774394989014,"Unknown"
"7014854",371863,2025-07-06 23:31:19,43.3642616271973,-8.88838863372803,"Unknown"
"7014854",371863,2025-07-06 23:36:16,43.3638343811035,-8.87308883666992,"Unknown"
"7014854",371863,2025-07-06 23:41:16,43.36083984375,-8.84355449676514,"Unknown"
"7014854",371863,2025-07-06 23:46:25,43.3601989746094,-8.84090805053711,"Unknown"
"7014854",371863,2025-07-06 23:51:25,43.3602828979492,-8.84084129333496,"Unknown"
"7014854",371863,2025-07-06 23:56:35,43.3601531982422,-8.84096431732178,"Unknown"
"7014854",371863,2025-07-07 00:01:29,43.3601303100586,-8.84092235565186,"Unknown"
"7014854",371863,2025-07-07 00:06:35,43.3601989746094,-8.84095096588135,"Unknown"
"7014854",371863,2025-07-07 00:11:22,43.3602180480957,-8.84093379974365,"Unknown"
"7014854",371863,2025-07-07 00:16:28,43.360237121582,-8.84089756011963,"Unknown"
"7014854",371863,2025-07-07 00:21:21,43.3601531982422,-8.84088039398193,"Unknown"
"7014854",371863,2025-07-07 00:26:19,43.3602485656738,-8.84098052978516,"Unknown"
"7014854",371863,2025-07-07 00:31:25,43.3602561950684,-8.84099960327148,"Unknown"
"7014854",371863,2025-07-07 00:36:25,43.3602523803711,-8.84099006652832,"Unknown"
"7014854",371863,2025-07-07 00:41:42,43.3602828979492,-8.8408727645874,"Unknown"
"7014854",371863,2025-07-07 00:46:17,43.3601417541504,-8.84077644348145,"Unknown"
"7014854",371863,2025-07-07 00:51:21,43.3602066040039,-8.84075927734375,"Unknown"
"7014854",371863,2025-07-07 00:56:16,43.3597984313965,-8.84045696258545,"Unknown"
"7014854",371863,2025-07-07 01:01:24,43.3603515625,-8.84096240997314,"Unknown"
"7014854",371863,2025-07-07 01:06:17,43.3601303100586,-8.84083461761475,"Unknown"
"7014854",371863,2025-07-07 01:11:24,43.3602561950684,-8.84095764160156,"Unknown"
"7014854",371863,2025-07-07 01:16:18,43.3601379394531,-8.84079456329346,"Unknown"
"7014854",371863,2025-07-07 01:21:23,43.3602638244629,-8.84084987640381,"Unknown"
"7014854",371863,2025-07-07 01:26:17,43.3602104187012,-8.84065914154053,"Unknown"
"7014854",371863,2025-07-07 01:31:35,43.3602905273438,-8.84094905853271,"Unknown"
"7014854",371863,2025-07-07 01:36:18,43.3603782653809,-8.84095096588135,"Unknown"
"7014854",371863,2025-07-07 01:41:22,43.3602867126465,-8.84086132049561,"Unknown"
"7014854",371863,2025-07-07 01:46:17,43.3603057861328,-8.84085083007812,"Unknown"
"7014854",371863,2025-07-07 01:51:17,43.3602333068848,-8.84086132049561,"Unknown"
"7014854",371863,2025-07-07 01:56:21,43.3602752685547,-8.84091281890869,"Unknown"
"7014854",371863,2025-07-07 02:01:24,43.3602867126465,-8.84064483642578,"Unknown"
"7014854",371863,2025-07-07 02:06:44,43.360294342041,-8.84070205688477,"Unknown"
"7014854",371863,2025-07-07 02:11:26,43.3603096008301,-8.84071159362793,"Unknown"
"7014854",371863,2025-07-07 02:16:24,43.3603248596191,-8.84077548980713,"Unknown"
"7014854",371863,2025-07-07 02:21:25,43.3603172302246,-8.84064483642578,"Unknown"
"7014854",371863,2025-07-07 02:26:24,43.3603248596191,-8.84074592590332,"Unknown"
"7014854",371863,2025-07-07 02:31:24,43.3603515625,-8.84075260162354,"Unknown"
"7014854",371863,2025-07-07 02:36:24,43.3603668212891,-8.84075927734375,"Unknown"
"7014854",371863,2025-07-07 02:41:24,43.3603515625,-8.84058856964111,"Unknown"
"7014854",371863,2025-07-07 02:46:44,43.3602828979492,-8.84082984924316,"Unknown"
"7014854",371863,2025-07-07 02:51:16,43.3603324890137,-8.84085083007812,"Unknown"
"7014854",371863,2025-07-07 02:56:16,43.3602714538574,-8.84086418151855,"Unknown"
"7014854",371863,2025-07-07 03:01:16,43.3603057861328,-8.84084796905518,"Unknown"
"7014854",371863,2025-07-07 03:06:19,43.3603782653809,-8.8408260345459,"Unknown"
"7014854",371863,2025-07-07 03:11:17,43.3603210449219,-8.84083843231201,"Unknown"
"7014854",371863,2025-07-07 03:16:17,43.3603210449219,-8.84038352966309,"Unknown"
"7014854",371863,2025-07-07 03:21:22,43.3602638244629,-8.84083080291748,"Unknown"
"7014854",371863,2025-07-07 03:26:24,43.3602523803711,-8.84078884124756,"Unknown"
"7014854",371863,2025-07-07 03:31:53,43.3602485656738,-8.84093570709229,"Unknown"
"7014854",371863,2025-07-07 03:36:15,43.3602676391602,-8.84099864959717,"Unknown"
"7014854",371863,2025-07-07 03:41:17,43.3602638244629,-8.84092807769775,"Unknown"
"7014854",371863,2025-07-07 03:46:15,43.3603019714355,-8.84091663360596,"Unknown"
"7014854",371863,2025-07-07 03:51:16,43.3602905273438,-8.84093189239502,"Unknown"
"7014854",371863,2025-07-07 03:56:18,43.3602561950684,-8.84096527099609,"Unknown"
"7014854",371863,2025-07-07 04:01:44,43.360279083252,-8.84094524383545,"Unknown"
"7014854",371863,2025-07-07 04:06:23,43.3602600097656,-8.84092044830322,"Unknown"
"7014854",371863,2025-07-07 04:11:21,43.3602409362793,-8.84091949462891,"Unknown"
"7014854",371863,2025-07-07 04:16:22,43.3603210449219,-8.84100818634033,"Unknown"
"7014854",371863,2025-07-07 04:21:44,43.3666915893555,-8.83477592468262,"Unknown"
"7014854",371863,2025-07-07 04:26:15,43.3682746887207,-8.83239936828613,"Unknown"
"7014854",371863,2025-07-07 04:31:15,43.3674736022949,-8.83258056640625,"Unknown"
"7014854",371863,2025-07-07 04:36:18,43.3726081848145,-8.84109783172607,"Unknown"
"7014854",371863,2025-07-07 04:42:39,43.3747291564941,-8.84485912322998,"Unknown"
"7014854",371863,2025-07-07 04:47:13,43.3709754943848,-8.84768676757812,"Unknown"
"7014854",371863,2025-07-07 04:51:34,43.3717079162598,-8.85091018676758,"Unknown"
"7014854",371863,2025-07-07 04:56:26,43.3612022399902,-8.84749317169189,"Unknown"
"7014854",371863,2025-07-07 05:01:25,43.360294342041,-8.84095764160156,"Unknown"
"7014854",371863,2025-07-07 05:06:25,43.3602027893066,-8.84102249145508,"Unknown"
"7014854",371863,2025-07-07 05:11:22,43.3602981567383,-8.8408670425415,"Unknown"
"7014854",371863,2025-07-07 05:16:42,43.3602905273438,-8.84141540527344,"Unknown"
"7014854",371863,2025-07-07 05:21:24,43.360294342041,-8.84118175506592,"Unknown"
"7014854",371863,2025-07-07 05:26:23,43.3602333068848,-8.84076881408691,"Unknown"
"7014854",371863,2025-07-07 05:31:35,43.3603897094727,-8.8411979675293,"Unknown"
"7014854",371863,2025-07-07 05:36:16,43.3607025146484,-8.84145069122314,"Unknown"
"7014854",371863,2025-07-07 05:41:16,43.3605995178223,-8.84134006500244,"Unknown"
"7014854",371863,2025-07-07 05:46:27,43.3604888916016,-8.84099197387695,"Unknown"
"7014854",371863,2025-07-07 05:51:33,43.3604278564453,-8.84084987640381,"Unknown"
"7014854",371863,2025-07-07 05:56:16,43.3604583740234,-8.84091091156006,"Unknown"
"7014854",371863,2025-07-07 06:01:24,43.3602752685547,-8.84088039398193,"Unknown"
"7014854",371863,2025-07-07 06:06:15,43.3603096008301,-8.8408899307251,"Unknown"
"7014854",371863,2025-07-07 06:11:18,43.3603744506836,-8.84091281890869,"Unknown"
"7014854",371863,2025-07-07 06:16:18,43.3603363037109,-8.84092330932617,"Unknown"
"7014854",371863,2025-07-07 06:21:21,43.360294342041,-8.84090042114258,"Unknown"
"7014854",371863,2025-07-07 06:26:21,43.3603553771973,-8.84087085723877,"Unknown"
"7014854",371863,2025-07-07 06:31:16,43.3603744506836,-8.84090328216553,"Unknown"
"7014854",371863,2025-07-07 06:36:19,43.3603401184082,-8.84086513519287,"Unknown"
"7014854",371863,2025-07-07 06:41:24,43.3603439331055,-8.84087181091309,"Unknown"
"7014854",371863,2025-07-07 06:46:25,43.3603210449219,-8.84086513519287,"Unknown"
"7014854",371863,2025-07-07 06:51:19,43.3603248596191,-8.8408784866333,"Unknown"
"7014854",371863,2025-07-07 06:56:23,43.3603172302246,-8.84085369110107,"Unknown"
"7014854",371863,2025-07-07 07:01:17,43.3603782653809,-8.84090805053711,"Unknown"
"7014854",371863,2025-07-07 07:06:16,43.3607749938965,-8.84049701690674,"Unknown"
"7014854",371863,2025-07-07 07:11:23,43.3603477478027,-8.84085941314697,"Unknown"
"7014854",371863,2025-07-07 07:16:24,43.360294342041,-8.84086227416992,"Unknown"
"7014854",371863,2025-07-07 07:21:26,43.3603706359863,-8.84079551696777,"Unknown"
"7014854",371863,2025-07-07 07:26:43,43.3602485656738,-8.84089756011963,"Unknown"
"7014854",371863,2025-07-07 07:31:18,43.3604049682617,-8.84088706970215,"Unknown"
"7014854",371863,2025-07-07 07:36:21,43.3616561889648,-8.83988189697266,"Unknown"
"7014854",371863,2025-07-07 07:41:44,43.3645629882812,-8.82853889465332,"Unknown"
"7014854",371863,2025-07-07 07:46:22,43.3695945739746,-8.82875728607178,"Unknown"
"7014854",371863,2025-07-07 07:51:53,43.3696022033691,-8.8293399810791,"Unknown"
"7014854",371863,2025-07-07 07:56:17,43.3701438903809,-8.82954597473145,"Unknown"
"7014854",371863,2025-07-07 08:01:21,43.3706321716309,-8.82977676391602,"Unknown"
"7014854",371863,2025-07-07 08:06:15,43.3598670959473,-8.82290267944336,"Unknown"
"7014854",371863,2025-07-07 08:11:18,43.359992980957,-8.84087657928467,"Unknown"
"7014854",371863,2025-07-07 08:16:18,43.3602600097656,-8.84101104736328,"Unknown"
"7014854",371863,2025-07-07 08:21:15,43.3602561950684,-8.84098243713379,"Unknown"
"7014854",371863,2025-07-07 08:26:19,43.3602180480957,-8.84101676940918,"Unknown"
"7014854",371863,2025-07-07 08:31:18,43.3602523803711,-8.84103870391846,"Unknown"
"7014854",371863,2025-07-07 08:36:18,43.3603324890137,-8.84112358093262,"Unknown"
"7014854",371863,2025-07-07 08:41:29,43.3602752685547,-8.84098339080811,"Unknown"
"7014854",371863,2025-07-07 08:46:35,43.3602180480957,-8.84092998504639,"Unknown"
"7014854",371863,2025-07-07 08:51:22,43.3601951599121,-8.84097194671631,"Unknown"
"7014854",371863,2025-07-07 08:56:18,43.3603172302246,-8.84106636047363,"Unknown"
"7014854",371863,2025-07-07 09:01:21,43.3603248596191,-8.8411111831665,"Unknown"
"7014854",371863,2025-07-07 09:06:21,43.360179901123,-8.84102725982666,"Unknown"
"7014854",371863,2025-07-07 09:11:24,43.3602485656738,-8.84099292755127,"Unknown"
"7014854",371863,2025-07-07 09:16:44,43.3602638244629,-8.84101104736328,"Unknown"
"7014854",371863,2025-07-07 09:21:24,43.360481262207,-8.84080600738525,"Unknown"
"7014854",371863,2025-07-07 09:26:23,43.3602523803711,-8.84105110168457,"Unknown"
"7014854",371863,2025-07-07 09:31:24,43.3603096008301,-8.84097099304199,"Unknown"
"7014854",371863,2025-07-07 09:36:24,43.3602523803711,-8.84097385406494,"Unknown"
"7014854",371863,2025-07-07 09:41:24,43.3601989746094,-8.84098052978516,"Unknown"
"7014854",371863,2025-07-07 09:46:27,43.3602600097656,-8.84097671508789,"Unknown"
"7014854",371863,2025-07-07 09:51:44,43.3614807128906,-8.84400653839111,"Unknown"
"7014854",371863,2025-07-07 09:56:18,43.3613739013672,-8.84400749206543,"Unknown"
"7014854",371863,2025-07-07 10:01:35,43.3616676330566,-8.84278297424316,"Unknown"
"7014854",371863,2025-07-07 10:06:24,43.3616561889648,-8.84292411804199,"Unknown"
"7014854",371863,2025-07-07 10:11:22,43.3618087768555,-8.84226989746094,"Unknown"
"7014854",371863,2025-07-07 10:16:22,43.3785552978516,-8.84281158447266,"Unknown"
"7014854",371863,2025-07-07 10:21:22,43.3913497924805,-8.84595394134521,"Unknown"
"7014854",371863,2025-07-07 10:26:18,43.3903846740723,-8.83269309997559,"Unknown"
"7014854",371863,2025-07-07 10:31:24,43.3888702392578,-8.83026790618896,"Unknown"
"7014854",371863,2025-07-07 10:36:23,43.3887252807617,-8.83851432800293,"Unknown"
"7014854",371863,2025-07-07 10:41:22,43.3904342651367,-8.83414459228516,"Unknown"
"7014854",371863,2025-07-07 10:47:40,43.3903961181641,-8.83662700653076,"Unknown"
"7014854",371863,2025-07-07 10:52:40,43.3898010253906,-8.83578491210938,"Unknown"
"7014854",371863,2025-07-07 10:56:44,43.3677597045898,-8.8422269821167,"Unknown"
"7014854",371863,2025-07-07 11:01:19,43.3603019714355,-8.84096527099609,"Unknown"
"7014854",371863,2025-07-07 11:06:16,43.3604049682617,-8.84083080291748,"Unknown"
"7014854",371863,2025-07-07 11:11:24,43.3604049682617,-8.84084701538086,"Unknown"
"7014854",371863,2025-07-07 11:16:23,43.3604354858398,-8.84083557128906,"Unknown"
"7014854",371863,2025-07-07 11:21:22,43.3603706359863,-8.84088325500488,"Unknown"
"7014854",371863,2025-07-07 11:26:24,43.3603744506836,-8.8408899307251,"Unknown"
"7014854",371863,2025-07-07 11:31:19,43.3603401184082,-8.84090900421143,"Unknown"
"7014854",371863,2025-07-07 11:36:16,43.3606300354004,-8.84080123901367,"Unknown"
"7014854",371863,2025-07-07 11:41:21,43.3604049682617,-8.84084415435791,"Unknown"
"7014854",371863,2025-07-07 11:46:18,43.3605079650879,-8.84092617034912,"Unknown"
"7014854",371863,2025-07-07 11:51:17,43.3604049682617,-8.8409595489502,"Unknown"
"7014854",371863,2025-07-07 11:56:35,43.3603515625,-8.84087944030762,"Unknown"
"7014854",371863,2025-07-07 12:01:16,43.3603897094727,-8.8408842086792,"Unknown"
"7014854",371863,2025-07-07 12:06:16,43.3602561950684,-8.84078311920166,"Unknown"
"7014854",371863,2025-07-07 12:11:23,43.3603820800781,-8.84078407287598,"Unknown"
"7014854",371863,2025-07-07 12:16:15,43.3688201904297,-8.82815933227539,"Unknown"
"7014854",371863,2025-07-07 12:21:16,43.3676719665527,-8.81715869903564,"Unknown"
"7014854",371863,2025-07-07 12:26:16,43.3698692321777,-8.81487369537354,"Unknown"
"7014854",371863,2025-07-07 12:31:16,43.3691482543945,-8.81409549713135,"Unknown"
"7014854",371863,2025-07-07 12:37:04,43.3687629699707,-8.81485652923584,"Unknown"
"7014854",371863,2025-07-07 12:41:15,43.3682250976562,-8.81643390655518,"Unknown"
"7014854",371863,2025-07-07 12:46:17,43.3655471801758,-8.84774780273438,"Unknown"
"7014854",371863,2025-07-07 12:51:24,43.3745994567871,-8.8584680557251,"Unknown"
"7014854",371863,2025-07-07 12:56:17,43.3733596801758,-8.85739231109619,"Unknown"
"7014854",371863,2025-07-07 13:01:21,43.3752174377441,-8.8580436706543,"Unknown"
"7014854",371863,2025-07-07 13:06:24,43.3756904602051,-8.85878849029541,"Unknown"
"7014854",371863,2025-07-07 13:11:19,43.3602828979492,-8.8408260345459,"Unknown"
"7014854",371863,2025-07-07 13:16:24,43.3602294921875,-8.84086894989014,"Unknown"
"7014854",371863,2025-07-07 13:21:19,43.3602714538574,-8.84083461761475,"Unknown"
"7014854",371863,2025-07-07 13:26:18,43.3602066040039,-8.84119129180908,"Unknown"
"7014854",371863,2025-07-07 13:31:21,43.3602447509766,-8.84093856811523,"Unknown"
"7014854",371863,2025-07-07 13:36:19,43.3602142333984,-8.84093379974365,"Unknown"
"7014854",371863,2025-07-07 13:41:16,43.3602333068848,-8.84092140197754,"Unknown"
"7014854",371863,2025-07-07 13:46:16,43.3601837158203,-8.84117317199707,"Unknown"
"7014854",371863,2025-07-07 13:51:18,43.3601913452148,-8.84115028381348,"Unknown"
"7014854",371863,2025-07-07 13:56:17,43.360164642334,-8.84128093719482,"Unknown"
"7014854",371863,2025-07-07 14:01:18,43.360237121582,-8.84083652496338,"Unknown"
"7014854",371863,2025-07-07 14:06:26,43.3602714538574,-8.84085559844971,"Unknown"
"7014854",371863,2025-07-07 14:11:17,43.3602561950684,-8.84112548828125,"Unknown"
"7014854",371863,2025-07-07 14:16:18,43.3621520996094,-8.83977317810059,"Unknown"
"7014854",371863,2025-07-07 14:21:16,43.3714294433594,-8.83499145507812,"Unknown"
"7014854",371863,2025-07-07 14:26:21,43.3709716796875,-8.83611965179443,"Unknown"
"7014854",371863,2025-07-07 14:31:40,43.3701629638672,-8.83233165740967,"Unknown"
"7014854",371863,2025-07-07 14:36:21,43.3626098632812,-8.83899879455566,"Unknown"
"7014854",371863,2025-07-07 14:46:45,43.3601112365723,-8.84418296813965,"Unknown"
"7014854",371863,2025-07-07 14:51:23,43.360221862793,-8.84072875976562,"Unknown"
"7014854",371863,2025-07-07 14:56:17,43.3604316711426,-8.84099674224854,"Unknown"
"7014854",371863,2025-07-07 15:01:17,43.3602523803711,-8.84093189239502,"Unknown"
"7014854",371863,2025-07-07 15:06:18,43.3603630065918,-8.84117317199707,"Unknown"
"7014854",371863,2025-07-07 15:11:21,43.360221862793,-8.84078311920166,"Unknown"
"7014854",371863,2025-07-07 15:16:22,43.3600921630859,-8.84072303771973,"Unknown"
"7014854",371863,2025-07-07 15:21:22,43.3600044250488,-8.84067153930664,"Unknown"
"7014854",371863,2025-07-07 15:26:32,43.3601150512695,-8.84063911437988,"Unknown"
"7014854",371863,2025-07-07 15:31:35,43.3604583740234,-8.84113502502441,"Unknown"
"7014854",371863,2025-07-07 15:36:19,43.3603439331055,-8.84102439880371,"Unknown"
"7014854",371863,2025-07-07 15:41:23,43.3602638244629,-8.84102535247803,"Unknown"
"7014854",371863,2025-07-07 15:46:21,43.3603057861328,-8.84093570709229,"Unknown"
"7014854",371863,2025-07-07 15:51:23,43.3604316711426,-8.8412446975708,"Unknown"
"7014854",371863,2025-07-07 15:56:26,43.360424041748,-8.84065723419189,"Unknown"
"7014854",371863,2025-07-07 16:01:26,43.3602981567383,-8.84092330932617,"Unknown"
"7014854",371863,2025-07-07 16:07:05,43.3603096008301,-8.84084701538086,"Unknown"
"7014854",371863,2025-07-07 16:11:16,43.3603286743164,-8.84088516235352,"Unknown"
"7014854",371863,2025-07-07 16:16:15,43.3603630065918,-8.84078121185303,"Unknown"
"7014854",371863,2025-07-07 16:21:19,43.3602714538574,-8.84086418151855,"Unknown"
"7014854",371863,2025-07-07 16:26:18,43.3602752685547,-8.84089756011963,"Unknown"
"7014854",371863,2025-07-07 16:31:16,43.3603248596191,-8.84097480773926,"Unknown"
"7014854",371863,2025-07-07 16:36:16,43.3603057861328,-8.84090232849121,"Unknown"
"7014854",371863,2025-07-07 16:41:16,43.3602867126465,-8.84090137481689,"Unknown"
"7014854",371863,2025-07-07 16:46:15,43.3602905273438,-8.84094429016113,"Unknown"
"7014854",371863,2025-07-07 16:51:16,43.3603134155273,-8.84092712402344,"Unknown"
"7014854",371863,2025-07-07 16:56:16,43.3602867126465,-8.8409309387207,"Unknown"
"7014854",371863,2025-07-07 17:01:16,43.3603858947754,-8.84110546112061,"Unknown"
"7014854",371863,2025-07-07 17:06:17,43.3601455688477,-8.84084987640381,"Unknown"
"7014854",371863,2025-07-07 17:11:21,43.3602180480957,-8.84094715118408,"Unknown"
"7014854",371863,2025-07-07 17:16:16,43.3602714538574,-8.84095764160156,"Unknown"
"7014854",371863,2025-07-07 17:21:16,43.3602676391602,-8.84096240997314,"Unknown"
"7014854",371863,2025-07-07 17:26:15,43.3602714538574,-8.84103965759277,"Unknown"
"7014854",371863,2025-07-07 17:31:17,43.3602638244629,-8.84099578857422,"Unknown"
"7014854",371863,2025-07-07 17:36:15,43.3574295043945,-8.82907104492188,"Unknown"
"7014854",371863,2025-07-07 17:41:16,43.356559753418,-8.82875442504883,"Unknown"
"7014854",371863,2025-07-07 17:46:16,43.3635444641113,-8.83002185821533,"Unknown"
"7014854",371863,2025-07-07 17:51:15,43.3645820617676,-8.83190250396729,"Unknown"
"7014854",371863,2025-07-07 17:56:18,43.3604202270508,-8.84108066558838,"Unknown"
"7014854",371863,2025-07-07 18:01:25,43.3603363037109,-8.84106349945068,"Unknown"
"7014854",371863,2025-07-07 18:06:16,43.3601989746094,-8.84092903137207,"Unknown"
"7014854",371863,2025-07-07 18:11:16,43.3602828979492,-8.84093570709229,"Unknown"
"7014854",371863,2025-07-07 18:16:25,43.3603172302246,-8.84091186523438,"Unknown"
"7014854",371863,2025-07-07 18:21:23,43.3603363037109,-8.84088802337646,"Unknown"
"7014854",371863,2025-07-07 18:26:19,43.3603324890137,-8.84107112884521,"Unknown"
"7014854",371863,2025-07-07 18:31:44,43.3602867126465,-8.8409252166748,"Unknown"
"7014854",371863,2025-07-07 18:36:15,43.3602600097656,-8.84096908569336,"Unknown"
"7014854",371863,2025-07-07 18:41:15,43.3603134155273,-8.84108924865723,"Unknown"
"7014854",371863,2025-07-07 18:46:15,43.360221862793,-8.84100818634033,"Unknown"
"7014854",371863,2025-07-07 18:51:16,43.3602905273438,-8.84097766876221,"Unknown"
"7014854",371863,2025-07-07 18:56:18,43.3602867126465,-8.84092330932617,"Unknown"
"7014854",371863,2025-07-07 19:01:24,43.3602485656738,-8.84086036682129,"Unknown"
"7014854",371863,2025-07-07 19:06:23,43.3602981567383,-8.84078121185303,"Unknown"
"7014854",371863,2025-07-07 19:11:18,43.3602142333984,-8.84098243713379,"Unknown"
"7014854",371863,2025-07-07 19:16:35,43.3602485656738,-8.84094619750977,"Unknown"
"7014854",371863,2025-07-07 19:21:25,43.3602294921875,-8.84091758728027,"Unknown"
"7014854",371863,2025-07-07 19:26:16,43.3602027893066,-8.84079837799072,"Unknown"
"7014854",371863,2025-07-07 19:31:16,43.360179901123,-8.84075164794922,"Unknown"
"7014854",371863,2025-07-07 19:36:17,43.3601913452148,-8.84079074859619,"Unknown"
"7014854",371863,2025-07-07 19:41:27,43.3602905273438,-8.84100341796875,"Unknown"
"7014854",371863,2025-07-07 19:46:24,43.3602905273438,-8.84090614318848,"Unknown"
"7014854",371863,2025-07-07 19:51:16,43.3601493835449,-8.84071826934814,"Unknown"
"7014854",371863,2025-07-07 19:56:22,43.3602600097656,-8.84086513519287,"Unknown"
"7014854",371863,2025-07-07 20:01:17,43.360164642334,-8.84074115753174,"Unknown"
"7014854",371863,2025-07-07 20:06:18,43.3603363037109,-8.84100532531738,"Unknown"
"7014854",371863,2025-07-07 20:11:18,43.360279083252,-8.8410120010376,"Unknown"
"7014854",371863,2025-07-07 20:16:21,43.3602409362793,-8.84087467193604,"Unknown"
"7014854",371863,2025-07-07 20:21:18,43.3604049682617,-8.84117031097412,"Unknown"
"7014854",371863,2025-07-07 20:26:18,43.3603210449219,-8.841064453125,"Unknown"
"7014854",371863,2025-07-07 20:31:19,43.3602180480957,-8.84083843231201,"Unknown"
"7014854",371863,2025-07-07 20:36:21,43.360294342041,-8.84092044830322,"Unknown"
"7014854",371863,2025-07-07 20:41:42,43.3602676391602,-8.84089756011963,"Unknown"
"7014854",371863,2025-07-07 20:46:19,43.3611373901367,-8.83096408843994,"Unknown"
"7014854",371863,2025-07-07 20:51:19,43.3596382141113,-8.82178497314453,"Unknown"
"7014854",371863,2025-07-07 20:56:19,43.3604507446289,-8.81822204589844,"Unknown"
"7014854",371863,2025-07-07 21:01:18,43.3696975708008,-8.82613086700439,"Unknown"
"7014854",371863,2025-07-07 21:06:19,43.3725509643555,-8.83850860595703,"Unknown"
"7014854",371863,2025-07-07 21:11:25,43.3600311279297,-8.84081840515137,"Unknown"
"7014854",371863,2025-07-07 21:16:25,43.359504699707,-8.84071445465088,"Unknown"
"7014854",371863,2025-07-07 21:21:21,43.3601303100586,-8.84064769744873,"Unknown"
"7014854",371863,2025-07-07 21:26:18,43.3591918945312,-8.84020042419434,"Unknown"
"7014854",371863,2025-07-07 21:31:53,43.3603363037109,-8.84086227416992,"Unknown"
"7014854",371863,2025-07-07 21:36:16,43.3603897094727,-8.84085369110107,"Unknown"
"7014854",371863,2025-07-07 21:41:22,43.3601760864258,-8.84091091156006,"Unknown"
"7014854",371863,2025-07-07 21:46:22,43.3603820800781,-8.84086227416992,"Unknown"
"7014854",371863,2025-07-07 21:51:18,43.3601608276367,-8.84086799621582,"Unknown"
"7014854",371863,2025-07-07 21:56:18,43.3602600097656,-8.84090518951416,"Unknown"
"7014854",371863,2025-07-07 22:01:21,43.3603210449219,-8.84089183807373,"Unknown"
"7014854",371863,2025-07-07 22:06:17,43.3602409362793,-8.84089088439941,"Unknown"
"7014854",371863,2025-07-07 22:11:19,43.3602752685547,-8.84089660644531,"Unknown"
"7014854",371863,2025-07-07 22:16:18,43.360107421875,-8.84092807769775,"Unknown"
"7014854",371863,2025-07-07 22:21:17,43.360408782959,-8.84089183807373,"Unknown"
"7014854",371863,2025-07-07 22:26:19,43.3603019714355,-8.84092903137207,"Unknown"
"7014854",371863,2025-07-07 22:31:21,43.3602600097656,-8.84089183807373,"Unknown"
"7014854",371863,2025-07-07 22:36:22,43.3602485656738,-8.84088230133057,"Unknown"
"7014854",371863,2025-07-07 22:41:22,43.360279083252,-8.84088230133057,"Unknown"
"7014854",371863,2025-07-07 22:46:28,43.3602981567383,-8.84093570709229,"Unknown"
"7014854",371863,2025-07-07 22:51:24,43.3602828979492,-8.84089851379395,"Unknown"
"7014854",371863,2025-07-07 22:56:23,43.3603935241699,-8.84094047546387,"Unknown"
"7014854",371863,2025-07-07 23:01:29,43.3603668212891,-8.84098529815674,"Unknown"
"7014854",371863,2025-07-07 23:06:22,43.3604202270508,-8.84105014801025,"Unknown"
"7014854",371863,2025-07-07 23:11:29,43.3603973388672,-8.84102439880371,"Unknown"
"7014854",371863,2025-07-07 23:16:29,43.3604278564453,-8.84104919433594,"Unknown"
"7014854",371863,2025-07-07 23:21:28,43.3604354858398,-8.84109306335449,"Unknown"
"7014854",371863,2025-07-07 23:26:32,43.360294342041,-8.84090709686279,"Unknown"
"7014854",371863,2025-07-07 23:31:19,43.3602638244629,-8.8409252166748,"Unknown"
"7014854",371863,2025-07-07 23:36:16,43.3603591918945,-8.84094429016113,"Unknown"
"7014854",371863,2025-07-07 23:41:18,43.3603324890137,-8.84091377258301,"Unknown"
"7014854",371863,2025-07-07 23:46:16,43.3602638244629,-8.84090518951416,"Unknown"
"7014854",371863,2025-07-07 23:51:19,43.3599395751953,-8.84044456481934,"Unknown"
"7014854",371863,2025-07-07 23:56:22,43.360481262207,-8.84107112884521,"Unknown"
"7014854",371863,2025-07-08 00:01:45,43.3605270385742,-8.84102916717529,"Unknown"
"7014854",371863,2025-07-08 00:06:44,43.3602867126465,-8.84088897705078,"Unknown"
"7014854",371863,2025-07-08 00:11:16,43.3602561950684,-8.8408727645874,"Unknown"
"7014854",371863,2025-07-08 00:16:16,43.3603210449219,-8.84098625183105,"Unknown"
"7014854",371863,2025-07-08 00:21:16,43.3602409362793,-8.84090137481689,"Unknown"
"7014854",371863,2025-07-08 00:26:16,43.3602828979492,-8.84092903137207,"Unknown"
"7014854",371863,2025-07-08 00:31:16,43.3604049682617,-8.84100151062012,"Unknown"
"7014854",371863,2025-07-08 00:36:19,43.3602867126465,-8.8411111831665,"Unknown"
"7014854",371863,2025-07-08 00:41:34,43.3601722717285,-8.84092903137207,"Unknown"
"7014854",371863,2025-07-08 00:46:58,43.3602523803711,-8.84092807769775,"Unknown"
"7014854",371863,2025-07-08 00:51:15,43.3603439331055,-8.8408317565918,"Unknown"
"7014854",371863,2025-07-08 00:56:15,43.3603363037109,-8.84084892272949,"Unknown"
"7014854",371863,2025-07-08 01:01:15,43.3603057861328,-8.84091472625732,"Unknown"
"7014854",371863,2025-07-08 01:06:15,43.3603248596191,-8.84084129333496,"Unknown"
"7014854",371863,2025-07-08 01:11:15,43.3603591918945,-8.84081935882568,"Unknown"
"7014854",371863,2025-07-08 01:16:17,43.3603248596191,-8.84086513519287,"Unknown"
"7014854",371863,2025-07-08 01:21:17,43.3603591918945,-8.84088325500488,"Unknown"
"7014854",371863,2025-07-08 01:26:17,43.3603668212891,-8.84091377258301,"Unknown"
"7014854",371863,2025-07-08 01:31:17,43.3603591918945,-8.84090805053711,"Unknown"
"7014854",371863,2025-07-08 01:36:18,43.3603591918945,-8.84090995788574,"Unknown"
"7014854",371863,2025-07-08 01:41:19,43.3602981567383,-8.84089756011963,"Unknown"
"7014854",371863,2025-07-08 01:46:16,43.3603591918945,-8.84093475341797,"Unknown"
"7014854",371863,2025-07-08 01:51:21,43.3604164123535,-8.84098720550537,"Unknown"
"7014854",371863,2025-07-08 01:56:17,43.3604049682617,-8.84092235565186,"Unknown"
"7014854",371863,2025-07-08 02:01:19,43.3603019714355,-8.84090042114258,"Unknown"
"7014854",371863,2025-07-08 02:06:18,43.3603477478027,-8.84087753295898,"Unknown"
"7014854",371863,2025-07-08 02:11:22,43.360294342041,-8.84090709686279,"Unknown"
"7014854",371863,2025-07-08 02:16:15,43.3603134155273,-8.84088802337646,"Unknown"
"7014854",371863,2025-07-08 02:21:23,43.3603057861328,-8.84086322784424,"Unknown"
"7014854",371863,2025-07-08 02:26:16,43.3602676391602,-8.84085655212402,"Unknown"
"7014854",371863,2025-07-08 02:31:23,43.3603248596191,-8.84086894989014,"Unknown"
"7014854",371863,2025-07-08 02:36:19,43.3603401184082,-8.8408899307251,"Unknown"
"7014854",371863,2025-07-08 02:41:19,43.3603057861328,-8.8408899307251,"Unknown"
"7014854",371863,2025-07-08 02:46:25,43.360294342041,-8.84088611602783,"Unknown"
"7014854",371863,2025-07-08 02:51:27,43.3602981567383,-8.84093475341797,"Unknown"
"7014854",371863,2025-07-08 02:56:24,43.3603019714355,-8.84092044830322,"Unknown"
"7014854",371863,2025-07-08 03:01:24,43.3603324890137,-8.84096336364746,"Unknown"
"7014854",371863,2025-07-08 03:06:24,43.3603096008301,-8.84088325500488,"Unknown"
"7014854",371863,2025-07-08 03:11:27,43.3603630065918,-8.84094524383545,"Unknown"
"7014854",371863,2025-07-08 03:16:35,43.3602905273438,-8.84090042114258,"Unknown"
"7014854",371863,2025-07-08 03:21:16,43.3602638244629,-8.84088325500488,"Unknown"
"7014854",371863,2025-07-08 03:26:15,43.3601837158203,-8.8410005569458,"Unknown"
"7014854",371863,2025-07-08 03:31:19,43.3602256774902,-8.84099006652832,"Unknown"
"7014854",371863,2025-07-08 03:36:15,43.3601760864258,-8.84092426300049,"Unknown"
"7014854",371863,2025-07-08 03:41:15,43.3602027893066,-8.84092807769775,"Unknown"
"7014854",371863,2025-07-08 03:46:18,43.3602676391602,-8.8409423828125,"Unknown"
"7014854",371863,2025-07-08 03:51:15,43.360279083252,-8.8411226272583,"Unknown"
"7014854",371863,2025-07-08 03:56:16,43.3618659973145,-8.83956527709961,"Unknown"
"7014854",371863,2025-07-08 04:01:21,43.3670997619629,-8.83415031433105,"Unknown"
"7014854",371863,2025-07-08 04:06:15,43.3692474365234,-8.83270263671875,"Unknown"
"7014854",371863,2025-07-08 04:11:16,43.3696403503418,-8.83460712432861,"Unknown"
"7014854",371863,2025-07-08 04:16:18,43.3558807373047,-8.82763195037842,"Unknown"
"7014854",371863,2025-07-08 04:21:15,43.3558883666992,-8.8296594619751,"Unknown"
"7014854",371863,2025-07-08 04:26:16,43.3717308044434,-8.85099697113037,"Unknown"
"7014854",371863,2025-07-08 04:31:16,43.3746452331543,-8.84778881072998,"Unknown"
"7014854",371863,2025-07-08 04:36:16,43.3712959289551,-8.84082126617432,"Unknown"
"7014854",371863,2025-07-08 04:41:19,43.3610382080078,-8.82710266113281,"Unknown"
"7014854",371863,2025-07-08 04:46:16,43.3679962158203,-8.84766292572021,"Unknown"
"7014854",371863,2025-07-08 04:51:17,43.3603401184082,-8.84576892852783,"Unknown"
"7014854",371863,2025-07-08 04:56:19,43.3602981567383,-8.84091091156006,"Unknown"
"7014854",371863,2025-07-08 05:01:17,43.3603057861328,-8.84080410003662,"Unknown"
"7014854",371863,2025-07-08 05:06:27,43.3602294921875,-8.84078216552734,"Unknown"
"7014854",371863,2025-07-08 05:11:35,43.3602409362793,-8.8408784866333,"Unknown"
"7014854",371863,2025-07-08 05:16:24,43.3602638244629,-8.84086036682129,"Unknown"
"7014854",371863,2025-07-08 05:21:19,43.3614158630371,-8.84002780914307,"Unknown"
"7014854",371863,2025-07-08 05:26:43,43.3425636291504,-8.83198738098145,"Unknown"
"7014854",371863,2025-07-08 05:31:24,43.3233642578125,-8.81005382537842,"Unknown"
"7014854",371863,2025-07-08 05:36:23,43.3084106445312,-8.78873157501221,"Unknown"
"7014854",371863,2025-07-08 05:42:40,43.2974967956543,-8.75580501556396,"Unknown"
"7014854",371863,2025-07-08 05:46:15,43.2935562133789,-8.7336368560791,"Unknown"
"7014854",371863,2025-07-08 05:51:16,43.2976417541504,-8.71256065368652,"Unknown"
"7014854",371863,2025-07-08 05:56:15,43.2975463867188,-8.69728088378906,"Unknown"
"7014854",371863,2025-07-08 06:01:15,43.3016014099121,-8.6871976852417,"Unknown"
"7014854",371863,2025-07-08 06:06:21,43.292797088623,-8.69861888885498,"Unknown"
"7014854",371863,2025-07-08 06:11:30,43.2923164367676,-8.69929313659668,"Unknown"
"7014854",371863,2025-07-08 06:16:21,43.2923698425293,-8.69915294647217,"Unknown"
"7014854",371863,2025-07-08 06:21:16,43.2838020324707,-8.68369674682617,"Unknown"
"7014854",371863,2025-07-08 06:26:15,43.2685050964355,-8.65276336669922,"Unknown"
"7014854",371863,2025-07-08 06:31:15,43.2532348632812,-8.62244892120361,"Unknown"
"7014854",371863,2025-07-08 06:36:16,43.2365417480469,-8.59462547302246,"Unknown"
"7014854",371863,2025-07-08 06:41:16,43.2174110412598,-8.56864356994629,"Unknown"
"7014854",371863,2025-07-08 06:46:22,43.2061424255371,-8.54629898071289,"Unknown"
"7014854",371863,2025-07-08 06:51:23,43.2036895751953,-8.53787040710449,"Unknown"
"7014854",371863,2025-07-08 06:56:33,43.1897773742676,-8.51520538330078,"Unknown"
"7014854",371863,2025-07-08 07:01:15,43.1681137084961,-8.49268913269043,"Unknown"
"7014854",371863,2025-07-08 07:06:17,43.135124206543,-8.47342586517334,"Unknown"
"7014854",371863,2025-07-08 07:11:16,43.130428314209,-8.47170639038086,"Unknown"
"7014854",371863,2025-07-08 07:16:16,43.1304550170898,-8.47170257568359,"Unknown"
"7014854",371863,2025-07-08 07:21:17,43.1305313110352,-8.47194290161133,"Unknown"
"7014854",371863,2025-07-08 07:26:44,43.1305389404297,-8.47157764434814,"Unknown"
"7014854",371863,2025-07-08 07:31:19,43.1305770874023,-8.47165584564209,"Unknown"
"7014854",371863,2025-07-08 07:36:21,43.1301574707031,-8.47172832489014,"Unknown"
"7014854",371863,2025-07-08 07:41:18,43.1305503845215,-8.47179698944092,"Unknown"
"7014854",371863,2025-07-08 07:46:24,43.1304817199707,-8.47172355651855,"Unknown"
"7014854",371863,2025-07-08 07:51:25,43.1290397644043,-8.47165584564209,"Unknown"
"7014854",371863,2025-07-08 07:56:24,43.1292457580566,-8.47164916992188,"Unknown"
"7014854",371863,2025-07-08 08:01:24,43.1292037963867,-8.47161674499512,"Unknown"
"7014854",371863,2025-07-08 08:06:24,43.1293067932129,-8.47161197662354,"Unknown"
"7014854",371863,2025-07-08 08:11:24,43.1292991638184,-8.47170925140381,"Unknown"
"7014854",371863,2025-07-08 08:16:44,43.1292190551758,-8.47159576416016,"Unknown"
"7014854",371863,2025-07-08 08:21:16,43.1294479370117,-8.47189044952393,"Unknown"
"7014854",371863,2025-07-08 08:26:18,43.1294631958008,-8.47182369232178,"Unknown"
"7014854",371863,2025-07-08 08:31:23,43.1292037963867,-8.47134685516357,"Unknown"
"7014854",371863,2025-07-08 08:36:16,43.1293678283691,-8.47187519073486,"Unknown"
"7014854",371863,2025-07-08 08:41:23,43.129150390625,-8.4714994430542,"Unknown"
"7014854",371863,2025-07-08 08:46:35,43.1292533874512,-8.47172069549561,"Unknown"
"7014854",371863,2025-07-08 08:51:19,43.1292877197266,-8.4717321395874,"Unknown"
"7014854",371863,2025-07-08 08:56:16,43.1299247741699,-8.47268199920654,"Unknown"
"7014854",371863,2025-07-08 09:01:24,43.1301040649414,-8.47218036651611,"Unknown"
"7014854",371863,2025-07-08 09:06:16,43.1301651000977,-8.4722146987915,"Unknown"
"7014854",371863,2025-07-08 09:11:20,43.130069732666,-8.47208690643311,"Unknown"
"7014854",371863,2025-07-08 09:16:23,43.1300964355469,-8.47222709655762,"Unknown"
"7014854",371863,2025-07-08 09:21:44,43.1302070617676,-8.47208786010742,"Unknown"
"7014854",371863,2025-07-08 09:26:19,43.1301689147949,-8.47228527069092,"Unknown"
"7014854",371863,2025-07-08 09:31:16,43.1304359436035,-8.47264099121094,"Unknown"
"7014854",371863,2025-07-08 09:36:19,43.1300048828125,-8.4721040725708,"Unknown"
"7014854",371863,2025-07-08 09:41:21,43.130313873291,-8.47225475311279,"Unknown"
"7014854",371863,2025-07-08 09:46:35,43.1303100585938,-8.47231006622314,"Unknown"
"7014854",371863,2025-07-08 09:51:19,43.130126953125,-8.47215747833252,"Unknown"
"7014854",371863,2025-07-08 09:56:18,43.1317672729492,-8.47107791900635,"Unknown"
"7014854",371863,2025-07-08 10:01:44,43.1329002380371,-8.4718713760376,"Unknown"
"7014854",371863,2025-07-08 10:06:24,43.1437683105469,-8.48490428924561,"Unknown"
"7014854",371863,2025-07-08 10:11:24,43.1501731872559,-8.50572204589844,"Unknown"
"7014854",371863,2025-07-08 10:16:24,43.1596412658691,-8.53778553009033,"Unknown"
"7014854",371863,2025-07-08 10:21:35,43.1638870239258,-8.56484699249268,"Unknown"
"7014854",371863,2025-07-08 10:26:15,43.1791305541992,-8.58596992492676,"Unknown"
"7014854",371863,2025-07-08 10:31:15,43.1980247497559,-8.62136554718018,"Unknown"
"7014854",371863,2025-07-08 10:36:19,43.2116775512695,-8.67239761352539,"Unknown"
"7014854",371863,2025-07-08 10:41:17,43.2157554626465,-8.7035551071167,"Unknown"
"7014854",371863,2025-07-08 10:46:28,43.2208023071289,-8.73452281951904,"Unknown"
"7014854",371863,2025-07-08 10:51:17,43.2373085021973,-8.74801635742188,"Unknown"
"7014854",371863,2025-07-08 10:56:28,43.2534408569336,-8.75229167938232,"Unknown"
"7014854",371863,2025-07-08 11:01:27,43.2708549499512,-8.7816162109375,"Unknown"
"7014854",371863,2025-07-08 11:06:27,43.2899551391602,-8.80514526367188,"Unknown"
"7014854",371863,2025-07-08 11:11:27,43.3095588684082,-8.82122993469238,"Unknown"
"7014854",371863,2025-07-08 11:16:28,43.328426361084,-8.82880687713623,"Unknown"
"7014854",371863,2025-07-08 11:21:26,43.3312301635742,-8.82911682128906,"Unknown"
"7014854",371863,2025-07-08 11:26:32,43.3517951965332,-8.84673023223877,"Unknown"
"7014854",371863,2025-07-08 11:32:39,43.35986328125,-8.84069442749023,"Unknown"
"7014854",371863,2025-07-08 11:36:28,43.3604164123535,-8.84085083007812,"Unknown"
"7014854",371863,2025-07-08 11:41:25,43.3605270385742,-8.84093761444092,"Unknown"
"7014854",371863,2025-07-08 11:46:22,43.3605499267578,-8.8410062789917,"Unknown"
"7014854",371863,2025-07-08 11:51:25,43.3605422973633,-8.8409948348999,"Unknown"
"7014854",371863,2025-07-08 11:56:35,43.3603134155273,-8.84082412719727,"Unknown"
"7014854",371863,2025-07-08 12:01:16,43.3603019714355,-8.84084987640381,"Unknown"
"7014854",371863,2025-07-08 12:06:16,43.361270904541,-8.83526706695557,"Unknown"
"7014854",371863,2025-07-08 12:11:19,43.3697052001953,-8.83838939666748,"Unknown"
"7014854",371863,2025-07-08 12:16:18,43.3784370422363,-8.82662200927734,"Unknown"
"7014854",371863,2025-07-08 12:21:17,43.3822593688965,-8.80929660797119,"Unknown"
"7014854",371863,2025-07-08 12:26:20,43.3829307556152,-8.79909896850586,"Unknown"
"7014854",371863,2025-07-08 12:31:17,43.3849716186523,-8.79193210601807,"Unknown"
"7014854",371863,2025-07-08 12:36:18,43.3875541687012,-8.78644275665283,"Unknown"
"7014854",371863,2025-07-08 12:41:18,43.3858489990234,-8.80827617645264,"Unknown"
"7014854",371863,2025-07-08 12:46:40,43.3739051818848,-8.85867404937744,"Unknown"
"7014854",371863,2025-07-08 12:51:34,43.3629112243652,-8.85502338409424,"Unknown"
"7014854",371863,2025-07-08 12:56:44,43.3603134155273,-8.84090995788574,"Unknown"
"7014854",371863,2025-07-08 13:01:17,43.3598823547363,-8.84121036529541,"Unknown"
"7014854",371863,2025-07-08 13:06:16,43.3600463867188,-8.84104442596436,"Unknown"
"7014854",371863,2025-07-08 13:11:21,43.3603363037109,-8.84083271026611,"Unknown"
"7014854",371863,2025-07-08 13:16:22,43.3603134155273,-8.84092712402344,"Unknown"
"7014854",371863,2025-07-08 13:21:16,43.3600616455078,-8.84098815917969,"Unknown"
"7014854",371863,2025-07-08 13:26:21,43.3601989746094,-8.84088230133057,"Unknown"
"7014854",371863,2025-07-08 13:31:21,43.3602867126465,-8.84090137481689,"Unknown"
"7014854",371863,2025-07-08 13:36:21,43.3603324890137,-8.8409366607666,"Unknown"
"7014854",371863,2025-07-08 13:41:23,43.3602485656738,-8.84086418151855,"Unknown"
"7014854",371863,2025-07-08 13:46:44,43.3602180480957,-8.84084796905518,"Unknown"
"7014854",371863,2025-07-08 13:51:15,43.3614883422852,-8.83314609527588,"Unknown"
"7014854",371863,2025-07-08 13:56:19,43.3614196777344,-8.83381175994873,"Unknown"
"7014854",371863,2025-07-08 14:01:16,43.3690185546875,-8.83212757110596,"Unknown"
"7014854",371863,2025-07-08 14:06:15,43.3716888427734,-8.83275890350342,"Unknown"
"7014854",371863,2025-07-08 14:11:15,43.3706130981445,-8.83378505706787,"Unknown"
"7014854",371863,2025-07-08 14:16:21,43.3602256774902,-8.84080982208252,"Unknown"
"7014854",371863,2025-07-08 14:21:15,43.3602333068848,-8.84085273742676,"Unknown"
"7014854",371863,2025-07-08 14:26:16,43.360164642334,-8.84072685241699,"Unknown"
"7014854",371863,2025-07-08 14:31:44,43.3601913452148,-8.84087467193604,"Unknown"
"7014854",371863,2025-07-08 14:36:16,43.3603210449219,-8.84098815917969,"Unknown"
"7014854",371863,2025-07-08 14:41:21,43.3602333068848,-8.84089851379395,"Unknown"
"7014854",371863,2025-07-08 14:46:18,43.3600311279297,-8.84062576293945,"Unknown"
"7014854",371863,2025-07-08 14:51:18,43.3602752685547,-8.84093570709229,"Unknown"
"7014854",371863,2025-07-08 14:56:22,43.3599853515625,-8.84069156646729,"Unknown"
"7014854",371863,2025-07-08 15:01:22,43.360294342041,-8.84093284606934,"Unknown"
"7014854",371863,2025-07-08 15:06:24,43.3603096008301,-8.84097671508789,"Unknown"
"7014854",371863,2025-07-08 15:11:24,43.3604164123535,-8.8410701751709,"Unknown"
"7014854",371863,2025-07-08 15:16:44,43.3603515625,-8.84093952178955,"Unknown"
"7014854",371863,2025-07-08 15:21:24,43.3603439331055,-8.84098434448242,"Unknown"
"7014854",371863,2025-07-08 15:26:27,43.3604736328125,-8.84101963043213,"Unknown"
"7014854",371863,2025-07-08 15:31:57,43.3602867126465,-8.84085178375244,"Unknown"
"7014854",371863,2025-07-08 15:36:17,43.3601264953613,-8.84067249298096,"Unknown"
"7014854",371863,2025-07-08 15:41:21,43.3603210449219,-8.84088802337646,"Unknown"
"7014854",371863,2025-07-08 15:46:18,43.3603706359863,-8.84093475341797,"Unknown"
"7014854",371863,2025-07-08 15:51:18,43.3602981567383,-8.84083652496338,"Unknown"
"7014854",371863,2025-07-08 15:56:44,43.3603019714355,-8.84083461761475,"Unknown"
"7014854",371863,2025-07-08 16:01:19,43.3602256774902,-8.84079837799072,"Unknown"
"7014854",371863,2025-07-08 16:06:16,43.3602104187012,-8.84078788757324,"Unknown"
"7014854",371863,2025-07-08 16:11:19,43.3601493835449,-8.8407621383667,"Unknown"
"7014854",371863,2025-07-08 16:16:20,43.3603439331055,-8.8408784866333,"Unknown"
"7014854",371863,2025-07-08 16:21:17,43.3601493835449,-8.84068393707275,"Unknown"
"7014854",371863,2025-07-08 16:26:17,43.3602905273438,-8.84086227416992,"Unknown"
"7014854",371863,2025-07-08 16:31:17,43.3602066040039,-8.84061241149902,"Unknown"
"7014854",371863,2025-07-08 16:36:17,43.3602447509766,-8.84087467193604,"Unknown"
"7014854",371863,2025-07-08 16:41:17,43.3602905273438,-8.84078598022461,"Unknown"
"7014854",371863,2025-07-08 16:46:44,43.3602409362793,-8.84080219268799,"Unknown"
"7014854",371863,2025-07-08 16:51:17,43.3603248596191,-8.84078693389893,"Unknown"
"7014854",371863,2025-07-08 16:56:16,43.3603324890137,-8.84085369110107,"Unknown"
"7014854",371863,2025-07-08 17:01:24,43.360237121582,-8.84084415435791,"Unknown"
"7014854",371863,2025-07-08 17:06:23,43.3602333068848,-8.84083271026611,"Unknown"
"7014854",371863,2025-07-08 17:11:16,43.3603134155273,-8.84081840515137,"Unknown"
"7014854",371863,2025-07-08 17:16:23,43.3602447509766,-8.84068298339844,"Unknown"
"7014854",371863,2025-07-08 17:21:25,43.360466003418,-8.84138965606689,"Unknown"
"7014854",371863,2025-07-08 17:26:25,43.3602905273438,-8.8408784866333,"Unknown"
"7014854",371863,2025-07-08 17:31:53,43.360294342041,-8.84090137481689,"Unknown"
"7014854",371863,2025-07-08 17:36:17,43.3602485656738,-8.8408670425415,"Unknown"
"7014854",371863,2025-07-08 17:41:16,43.3602256774902,-8.84080600738525,"Unknown"
"7014854",371863,2025-07-08 17:46:18,43.3614692687988,-8.84053325653076,"Unknown"
"7014854",371863,2025-07-08 17:51:18,43.3395919799805,-8.82890796661377,"Unknown"
"7014854",371863,2025-07-08 17:56:16,43.3480224609375,-8.83717823028564,"Unknown"
"7014854",371863,2025-07-08 18:01:16,43.3542060852051,-8.8352108001709,"Unknown"
"7014854",371863,2025-07-08 18:06:19,43.3602905273438,-8.84088611602783,"Unknown"
"7014854",371863,2025-07-08 18:11:23,43.3603019714355,-8.84092235565186,"Unknown"
"7014854",371863,2025-07-08 18:16:44,43.3602600097656,-8.84091377258301,"Unknown"
"7014854",371863,2025-07-08 18:21:17,43.3602714538574,-8.84091567993164,"Unknown"
"7014854",371863,2025-07-08 18:26:21,43.3602600097656,-8.84090137481689,"Unknown"
"7014854",371863,2025-07-08 18:31:18,43.3602867126465,-8.84104442596436,"Unknown"
"7014854",371863,2025-07-08 18:36:19,43.3602561950684,-8.84092998504639,"Unknown"
"7014854",371863,2025-07-08 18:41:21,43.360237121582,-8.84105110168457,"Unknown"
"7014854",371863,2025-07-08 18:46:32,43.3602485656738,-8.8408203125,"Unknown"
"7014854",371863,2025-07-08 18:51:44,43.3602676391602,-8.84091663360596,"Unknown"
"7014854",371863,2025-07-08 18:56:23,43.3602104187012,-8.84102249145508,"Unknown"
"7014854",371863,2025-07-08 19:01:21,43.360221862793,-8.8409595489502,"Unknown"
"7014854",371863,2025-07-08 19:06:38,43.3603019714355,-8.84098339080811,"Unknown"
"7014854",371863,2025-07-08 19:11:28,43.3601264953613,-8.84091949462891,"Unknown"
"7014854",371863,2025-07-08 19:16:30,43.3602981567383,-8.8410177230835,"Unknown"
"7014854",371863,2025-07-08 19:21:26,43.3602676391602,-8.84079551696777,"Unknown"
"7014854",371863,2025-07-08 19:26:23,43.3601531982422,-8.8407154083252,"Unknown"
"7014854",371863,2025-07-08 19:31:17,43.3602485656738,-8.84094715118408,"Unknown"
"7014854",371863,2025-07-08 19:36:44,43.3602485656738,-8.84090042114258,"Unknown"
"7014854",371863,2025-07-08 19:41:16,43.3602752685547,-8.84104156494141,"Unknown"
"7014854",371863,2025-07-08 19:46:17,43.3601989746094,-8.84086990356445,"Unknown"
"7014854",371863,2025-07-08 19:51:20,43.3602828979492,-8.84089851379395,"Unknown"
"7014854",371863,2025-07-08 19:56:28,43.360237121582,-8.84101676940918,"Unknown"
"7014854",371863,2025-07-08 20:01:53,43.3602447509766,-8.84086608886719,"Unknown"
"7014854",371863,2025-07-08 20:06:18,43.3602600097656,-8.84092330932617,"Unknown"
"7014854",371863,2025-07-08 20:11:17,43.3603973388672,-8.84085655212402,"Unknown"
"7014854",371863,2025-07-08 20:16:17,43.3602676391602,-8.84095096588135,"Unknown"
"7014854",371863,2025-07-08 20:21:17,43.3603210449219,-8.84102344512939,"Unknown"
"7014854",371863,2025-07-08 20:26:16,43.3602676391602,-8.84086608886719,"Unknown"
"7014854",371863,2025-07-08 20:31:16,43.3602676391602,-8.84090900421143,"Unknown"
"7014854",371863,2025-07-08 20:36:17,43.3604202270508,-8.84095478057861,"Unknown"
"7014854",371863,2025-07-08 20:41:16,43.3603248596191,-8.84077644348145,"Unknown"
"7014854",371863,2025-07-08 20:46:17,43.3601341247559,-8.84097003936768,"Unknown"
"7014854",371863,2025-07-08 20:51:17,43.3601989746094,-8.84107208251953,"Unknown"
"7014854",371863,2025-07-08 20:56:17,43.3603134155273,-8.84066867828369,"Unknown"
"7014854",371863,2025-07-08 21:01:19,43.3604583740234,-8.84046649932861,"Unknown"
"7014854",371863,2025-07-08 21:06:25,43.3602104187012,-8.8408784866333,"Unknown"
"7014854",371863,2025-07-08 21:11:19,43.3603401184082,-8.8408088684082,"Unknown"
"7014854",371863,2025-07-08 21:16:22,43.3603935241699,-8.84071731567383,"Unknown"
"7014854",371863,2025-07-08 21:21:18,43.360481262207,-8.84113597869873,"Unknown"
"7014854",371863,2025-07-08 21:26:18,43.3590545654297,-8.8322925567627,"Unknown"
"7014854",371863,2025-07-08 21:31:18,43.3629417419434,-8.82417297363281,"Unknown"
"7014854",371863,2025-07-08 21:37:41,43.3691825866699,-8.81289196014404,"Unknown"
"7014854",371863,2025-07-08 21:41:57,43.3605422973633,-8.83325099945068,"Unknown"
"7014854",371863,2025-07-08 21:46:30,43.3600692749023,-8.84089946746826,"Unknown"
"7014854",371863,2025-07-08 21:51:25,43.3603057861328,-8.84091758728027,"Unknown"
"7014854",371863,2025-07-08 21:56:24,43.3602600097656,-8.84105110168457,"Unknown"
"7014854",371863,2025-07-08 22:01:25,43.3602066040039,-8.84085559844971,"Unknown"
"7014854",371863,2025-07-08 22:06:49,43.3602600097656,-8.84089851379395,"Unknown"
"7014854",371863,2025-07-08 22:11:23,43.3602714538574,-8.84080982208252,"Unknown"
"7014854",371863,2025-07-08 22:16:20,43.3603553771973,-8.84089183807373,"Unknown"
"7014854",371863,2025-07-08 22:21:21,43.3602828979492,-8.840895652771,"Unknown"
"7014854",371863,2025-07-08 22:26:22,43.3603477478027,-8.84092044830322,"Unknown"
"7014854",371863,2025-07-08 22:31:24,43.3601837158203,-8.84093856811523,"Unknown"
"7014854",371863,2025-07-08 22:36:24,43.3602409362793,-8.84086132049561,"Unknown"
"7014854",371863,2025-07-08 22:41:30,43.3602600097656,-8.84090805053711,"Unknown"
"7014854",371863,2025-07-08 22:46:30,43.360179901123,-8.8409366607666,"Unknown"
"7014854",371863,2025-07-08 22:51:24,43.3601760864258,-8.84092998504639,"Unknown"
"7014854",371863,2025-07-08 22:56:30,43.3603134155273,-8.84084129333496,"Unknown"
"7014854",371863,2025-07-08 23:01:25,43.3604354858398,-8.84057331085205,"Unknown"
"7014854",371863,2025-07-08 23:06:44,43.3602600097656,-8.84092140197754,"Unknown"
"7014854",371863,2025-07-08 23:11:17,43.3604736328125,-8.84093475341797,"Unknown"
"7014854",371863,2025-07-08 23:16:22,43.3601570129395,-8.84083652496338,"Unknown"
"7014854",371863,2025-07-08 23:21:22,43.360652923584,-8.84089279174805,"Unknown"
"7014854",371863,2025-07-08 23:26:24,43.3601570129395,-8.84090423583984,"Unknown"
"7014854",371863,2025-07-08 23:31:23,43.3603019714355,-8.84080123901367,"Unknown"
"7014854",371863,2025-07-08 23:36:23,43.3600845336914,-8.8409366607666,"Unknown"
"7014854",371863,2025-07-08 23:41:17,43.3604850769043,-8.84097099304199,"Unknown"
"7014854",371863,2025-07-08 23:46:53,43.3602333068848,-8.84090423583984,"Unknown"
"7014854",371863,2025-07-08 23:51:23,43.360294342041,-8.84088039398193,"Unknown"
"7014854",371863,2025-07-08 23:56:17,43.3601303100586,-8.840989112854,"Unknown"
"7014854",371863,2025-07-09 00:01:24,43.3603286743164,-8.84072971343994,"Unknown"
"7014854",371863,2025-07-09 00:06:24,43.3603591918945,-8.8409309387207,"Unknown"
"7014854",371863,2025-07-09 00:11:24,43.3603401184082,-8.84084033966064,"Unknown"
"7014854",371863,2025-07-09 00:16:24,43.3603363037109,-8.84084415435791,"Unknown"
"7014854",371863,2025-07-09 00:21:24,43.3603553771973,-8.84089088439941,"Unknown"
"7014854",371863,2025-07-09 00:26:24,43.3603553771973,-8.84085655212402,"Unknown"
"7014854",371863,2025-07-09 00:31:28,43.3603477478027,-8.84087467193604,"Unknown"
"7014854",371863,2025-07-09 00:36:24,43.360279083252,-8.84088516235352,"Unknown"
"7014854",371863,2025-07-09 00:41:30,43.3602561950684,-8.8409309387207,"Unknown"
"7014854",371863,2025-07-09 00:46:44,43.3602142333984,-8.84099864959717,"Unknown"
"7014854",371863,2025-07-09 00:51:22,43.3602752685547,-8.84093856811523,"Unknown"
"7014854",371863,2025-07-09 00:56:22,43.3602485656738,-8.84101390838623,"Unknown"
"7014854",371863,2025-07-09 01:01:22,43.3602333068848,-8.84101104736328,"Unknown"
"7014854",371863,2025-07-09 01:06:21,43.3602561950684,-8.84106731414795,"Unknown"
"7014854",371863,2025-07-09 01:11:22,43.3602714538574,-8.84108924865723,"Unknown"
"7014854",371863,2025-07-09 01:16:22,43.3602828979492,-8.84093379974365,"Unknown"
"7014854",371863,2025-07-09 01:21:25,43.3602828979492,-8.84095096588135,"Unknown"
"7014854",371863,2025-07-09 01:26:23,43.360294342041,-8.84110164642334,"Unknown"
"7014854",371863,2025-07-09 01:31:44,43.3603019714355,-8.84108829498291,"Unknown"
"7014854",371863,2025-07-09 01:36:29,43.3603210449219,-8.841064453125,"Unknown"
"7014854",371863,2025-07-09 01:41:29,43.3603172302246,-8.84106731414795,"Unknown"
"7014854",371863,2025-07-09 01:46:29,43.3603019714355,-8.84105396270752,"Unknown"
"7014854",371863,2025-07-09 01:51:29,43.3603439331055,-8.84110069274902,"Unknown"
"7014854",371863,2025-07-09 01:56:53,43.3603134155273,-8.84092998504639,"Unknown"
"7014854",371863,2025-07-09 02:01:24,43.3603248596191,-8.84057712554932,"Unknown"
"7014854",371863,2025-07-09 02:06:24,43.3602981567383,-8.84070205688477,"Unknown"
"7014854",371863,2025-07-09 02:11:24,43.3603172302246,-8.84075546264648,"Unknown"
"7014854",371863,2025-07-09 02:16:44,43.3602981567383,-8.84070873260498,"Unknown"
"7014854",371863,2025-07-09 02:21:22,43.3603324890137,-8.84083271026611,"Unknown"
"7014854",371863,2025-07-09 02:26:17,43.3604202270508,-8.84052181243896,"Unknown"
"7014854",371863,2025-07-09 02:31:22,43.360481262207,-8.84069061279297,"Unknown"
"7014854",371863,2025-07-09 02:36:22,43.3604202270508,-8.84060668945312,"Unknown"
"7014854",371863,2025-07-09 02:41:25,43.3601188659668,-8.84133434295654,"Unknown"
"7014854",371863,2025-07-09 02:46:53,43.360279083252,-8.84088706970215,"Unknown"
"7014854",371863,2025-07-09 02:51:18,43.3602333068848,-8.84100914001465,"Unknown"
"7014854",371863,2025-07-09 02:56:18,43.3602027893066,-8.84099388122559,"Unknown"
"7014854",371863,2025-07-09 03:01:19,43.3602638244629,-8.84087181091309,"Unknown"
"7014854",371863,2025-07-09 03:06:19,43.3602638244629,-8.84087181091309,"Unknown"
"7014854",371863,2025-07-09 03:11:19,43.3603324890137,-8.84080791473389,"Unknown"
"7014854",371863,2025-07-09 03:17:13,43.3603096008301,-8.84083271026611,"Unknown"
"7014854",371863,2025-07-09 03:21:21,43.3602447509766,-8.84097290039062,"Unknown"
"7014854",371863,2025-07-09 03:26:17,43.3603401184082,-8.84080410003662,"Unknown"
"7014854",371863,2025-07-09 03:31:21,43.3604278564453,-8.84059619903564,"Unknown"
"7014854",371863,2025-07-09 03:36:25,43.3602333068848,-8.84091472625732,"Unknown"
"7014854",371863,2025-07-09 03:41:23,43.3603401184082,-8.84087181091309,"Unknown"
"7014854",371863,2025-07-09 03:46:44,43.3603172302246,-8.84089088439941,"Unknown"
"7014854",371863,2025-07-09 03:51:23,43.3603973388672,-8.84085273742676,"Unknown"
"7014854",371863,2025-07-09 03:56:23,43.3603782653809,-8.84077453613281,"Unknown"
"7014854",371863,2025-07-09 04:01:22,43.3603401184082,-8.8408374786377,"Unknown"
"7014854",371863,2025-07-09 04:06:17,43.3614349365234,-8.83762264251709,"Unknown"
"7014854",371863,2025-07-09 04:11:20,43.3620681762695,-8.82608890533447,"Unknown"
"7014854",371863,2025-07-09 04:16:22,43.3606452941895,-8.82247924804688,"Unknown"
"7014854",371863,2025-07-09 04:21:19,43.3637161254883,-8.82807064056396,"Unknown"
"7014854",371863,2025-07-09 04:26:24,43.3643264770508,-8.83072566986084,"Unknown"
"7014854",371863,2025-07-09 04:31:46,43.3600463867188,-8.84136867523193,"Unknown"
"7014854",371863,2025-07-09 04:36:27,43.3603630065918,-8.84105968475342,"Unknown"
"7014854",371863,2025-07-09 04:41:30,43.3602600097656,-8.84097957611084,"Unknown"
"7014854",371863,2025-07-09 04:46:32,43.3603096008301,-8.840895652771,"Unknown"
"7014854",371863,2025-07-09 04:51:44,43.3603210449219,-8.84116744995117,"Unknown"
"7014854",371863,2025-07-09 04:56:27,43.3603363037109,-8.84063720703125,"Unknown"
"7014854",371863,2025-07-09 05:01:19,43.3602752685547,-8.84070682525635,"Unknown"
"7014854",371863,2025-07-09 05:06:21,43.3604125976562,-8.8408203125,"Unknown"
"7014854",371863,2025-07-09 05:11:52,43.3602676391602,-8.84091281890869,"Unknown"
"7014854",371863,2025-07-09 05:16:16,43.3603096008301,-8.84086990356445,"Unknown"
"7014854",371863,2025-07-09 05:21:16,43.3603134155273,-8.84086894989014,"Unknown"
"7014854",371863,2025-07-09 05:26:17,43.3603172302246,-8.84089374542236,"Unknown"
"7014854",371863,2025-07-09 05:31:16,43.3603706359863,-8.84089660644531,"Unknown"
"7014854",371863,2025-07-09 05:36:16,43.3603706359863,-8.84084415435791,"Unknown"
"7014854",371863,2025-07-09 05:41:16,43.3602142333984,-8.84087467193604,"Unknown"
"7014854",371863,2025-07-09 05:46:22,43.3602600097656,-8.84088516235352,"Unknown"
"7014854",371863,2025-07-09 05:57:19,43.3615455627441,-8.84407997131348,"Unknown"
"7014854",371863,2025-07-09 06:01:16,43.3605079650879,-8.840989112854,"Unknown"
"7014854",371863,2025-07-09 06:06:16,43.3603897094727,-8.8408727645874,"Unknown"
"7014854",371863,2025-07-09 06:11:16,43.3617401123047,-8.83990383148193,"Unknown"
"7014854",371863,2025-07-09 06:16:16,43.3620071411133,-8.82521343231201,"Unknown"
"7014854",371863,2025-07-09 06:21:18,43.363094329834,-8.82578468322754,"Unknown"
"7014854",371863,2025-07-09 06:26:17,43.3635330200195,-8.82244205474854,"Unknown"
"7014854",371863,2025-07-09 06:31:20,43.3644027709961,-8.82298755645752,"Unknown"
"7014854",371863,2025-07-09 06:36:21,43.361743927002,-8.82406234741211,"Unknown"
"7014854",371863,2025-07-09 06:41:23,43.3624496459961,-8.82469367980957,"Unknown"
"7014854",371863,2025-07-09 06:46:19,43.364330291748,-8.82575798034668,"Unknown"
"7014854",371863,2025-07-09 06:51:17,43.3658027648926,-8.82775115966797,"Unknown"
"7014854",371863,2025-07-09 06:56:17,43.3624992370605,-8.83887767791748,"Unknown"
"7014854",371863,2025-07-09 07:01:16,43.3628616333008,-8.8389892578125,"Unknown"
"7014854",371863,2025-07-09 07:06:17,43.3602409362793,-8.8409309387207,"Unknown"
"7014854",371863,2025-07-09 07:11:24,43.3603324890137,-8.84090232849121,"Unknown"
"7014854",371863,2025-07-09 07:16:24,43.3603096008301,-8.84086227416992,"Unknown"
"7014854",371863,2025-07-09 07:21:21,43.3601417541504,-8.84087944030762,"Unknown"
"7014854",371863,2025-07-09 07:26:23,43.3600654602051,-8.84083271026611,"Unknown"
"7014854",371863,2025-07-09 07:31:43,43.360237121582,-8.8408784866333,"Unknown"
"7014854",371863,2025-07-09 07:36:21,43.3604888916016,-8.84079265594482,"Unknown"
"7014854",371863,2025-07-09 07:41:17,43.3603363037109,-8.84088230133057,"Unknown"
"7014854",371863,2025-07-09 07:46:17,43.3601913452148,-8.84094429016113,"Unknown"
"7014854",371863,2025-07-09 07:51:24,43.3601875305176,-8.84092235565186,"Unknown"
"7014854",371863,2025-07-09 07:56:17,43.3601837158203,-8.84094905853271,"Unknown"
"7014854",371863,2025-07-09 08:01:25,43.3601264953613,-8.84079742431641,"Unknown"
"7014854",371863,2025-07-09 08:06:22,43.3600196838379,-8.84078311920166,"Unknown"
"7014854",371863,2025-07-09 08:11:22,43.3602485656738,-8.84078693389893,"Unknown"
"7014854",371863,2025-07-09 08:16:44,43.3602066040039,-8.84087944030762,"Unknown"
"7014854",371863,2025-07-09 08:21:17,43.360767364502,-8.84144401550293,"Unknown"
"7014854",371863,2025-07-09 08:26:23,43.3722877502441,-8.84037208557129,"Unknown"
"7014854",371863,2025-07-09 08:31:20,43.3741149902344,-8.84298896789551,"Unknown"
"7014854",371863,2025-07-09 08:36:22,43.3732643127441,-8.8396635055542,"Unknown"
"7014854",371863,2025-07-09 08:41:22,43.3625602722168,-8.83905410766602,"Unknown"
"7014854",371863,2025-07-09 08:46:44,43.3625679016113,-8.83866119384766,"Unknown"
"7014854",371863,2025-07-09 08:52:27,43.361213684082,-8.83700370788574,"Unknown"
"7014854",371863,2025-07-09 08:56:22,43.3600044250488,-8.84116172790527,"Unknown"
"7014854",371863,2025-07-09 09:01:25,43.360221862793,-8.84109020233154,"Unknown"
"7014854",371863,2025-07-09 09:06:27,43.3601188659668,-8.84131526947021,"Unknown"
"7014854",371863,2025-07-09 09:11:27,43.3589820861816,-8.83244228363037,"Unknown"
"7014854",371863,2025-07-09 09:16:24,43.3555526733398,-8.84224700927734,"Unknown"
"7014854",371863,2025-07-09 09:21:35,43.3491401672363,-8.83614253997803,"Unknown"
"7014854",371863,2025-07-09 09:26:29,43.3505821228027,-8.835618019104,"Unknown"
"7014854",371863,2025-07-09 09:31:59,43.3522834777832,-8.84098243713379,"Unknown"
"7014854",371863,2025-07-09 09:36:33,43.3612937927246,-8.84795665740967,"Unknown"
"7014854",371863,2025-07-09 09:41:33,43.3757438659668,-8.85988807678223,"Unknown"
"7014854",371863,2025-07-09 09:46:33,43.3760261535645,-8.8596830368042,"Unknown"
"7014854",371863,2025-07-09 09:51:44,43.3664588928223,-8.85027599334717,"Unknown"
"7014854",371863,2025-07-09 09:56:21,43.359977722168,-8.83894062042236,"Unknown"
"7014854",371863,2025-07-09 10:01:45,43.3602485656738,-8.84093856811523,"Unknown"
"7014854",371863,2025-07-09 10:06:17,43.3603172302246,-8.84084510803223,"Unknown"
"7014854",371863,2025-07-09 10:11:24,43.3601722717285,-8.84084987640381,"Unknown"
"7014854",371863,2025-07-09 10:16:44,43.3602561950684,-8.84092140197754,"Unknown"
"7014854",371863,2025-07-09 10:21:29,43.360294342041,-8.84094715118408,"Unknown"
"7014854",371863,2025-07-09 10:26:29,43.3601913452148,-8.84095191955566,"Unknown"
"7014854",371863,2025-07-09 10:31:23,43.3602333068848,-8.84102821350098,"Unknown"
"7014854",371863,2025-07-09 10:36:22,43.3604621887207,-8.84084892272949,"Unknown"
"7014854",371863,2025-07-09 10:41:24,43.3604736328125,-8.84149646759033,"Unknown"
"7014854",371863,2025-07-09 10:46:53,43.3602981567383,-8.84091472625732,"Unknown"
"7014854",371863,2025-07-09 10:51:16,43.3602333068848,-8.84091854095459,"Unknown"
"7014854",371863,2025-07-09 10:56:19,43.3602867126465,-8.84094142913818,"Unknown"
"7014854",371863,2025-07-09 11:01:23,43.3601875305176,-8.84084510803223,"Unknown"
"7014854",371863,2025-07-09 11:06:16,43.3601570129395,-8.84086990356445,"Unknown"
"7014854",371863,2025-07-09 11:11:17,43.3602600097656,-8.84085464477539,"Unknown"
"7014854",371863,2025-07-09 11:16:16,43.3600997924805,-8.84084796905518,"Unknown"
"7014854",371863,2025-07-09 11:21:27,43.3588485717773,-8.84079742431641,"Unknown"
"7014854",371863,2025-07-09 11:26:18,43.360237121582,-8.84092330932617,"Unknown"
"7014854",371863,2025-07-09 11:31:45,43.3602561950684,-8.84098243713379,"Unknown"
"7014854",371863,2025-07-09 11:36:18,43.3601112365723,-8.84075927734375,"Unknown"
"7014854",371863,2025-07-09 11:41:19,43.360164642334,-8.84079456329346,"Unknown"
"7014854",371863,2025-07-09 11:46:19,43.3603096008301,-8.84085655212402,"Unknown"
"7014854",371863,2025-07-09 11:57:41,43.3604927062988,-8.84415054321289,"Unknown"
"7014854",371863,2025-07-09 12:02:41,43.3605003356934,-8.84408664703369,"Unknown"
"7014854",371863,2025-07-09 12:07:41,43.3603630065918,-8.84397220611572,"Unknown"
"7014854",371863,2025-07-09 12:11:17,43.3649787902832,-8.84791278839111,"Unknown"
"7014854",371863,2025-07-09 12:16:30,43.3714179992676,-8.8545389175415,"Unknown"
"7014854",371863,2025-07-09 12:21:28,43.3725090026855,-8.85407543182373,"Unknown"
"7014854",371863,2025-07-09 12:26:41,43.3721656799316,-8.85403060913086,"Unknown"
"7014854",371863,2025-07-09 12:31:25,43.371654510498,-8.85429382324219,"Unknown"
"7014854",371863,2025-07-09 12:36:24,43.3715400695801,-8.85453605651855,"Unknown"
"7014854",371863,2025-07-09 12:41:20,43.3724250793457,-8.8514461517334,"Unknown"
"7014854",371863,2025-07-09 12:47:37,43.366382598877,-8.84829616546631,"Unknown"
"7014854",371863,2025-07-09 12:52:41,43.3606262207031,-8.84412956237793,"Unknown"
"7014854",371863,2025-07-09 12:57:05,43.3607063293457,-8.84407997131348,"Unknown"
"7014854",371863,2025-07-09 13:01:36,43.3607635498047,-8.84424304962158,"Unknown"
"7014854",371863,2025-07-09 13:06:24,43.3610877990723,-8.84391975402832,"Unknown"
"7014854",371863,2025-07-09 13:11:21,43.3611373901367,-8.8439416885376,"Unknown"
"7014854",371863,2025-07-09 13:16:28,43.3611488342285,-8.84385871887207,"Unknown"
"7014854",371863,2025-07-09 13:21:25,43.3610229492188,-8.84391689300537,"Unknown"
"7014854",371863,2025-07-09 13:26:21,43.3609809875488,-8.84408473968506,"Unknown"
"7014854",371863,2025-07-09 13:31:37,43.3611259460449,-8.84409332275391,"Unknown"
"7014854",371863,2025-07-09 13:36:31,43.3609924316406,-8.8439474105835,"Unknown"
"7014854",371863,2025-07-09 13:41:31,43.3611526489258,-8.84381008148193,"Unknown"
"7014854",371863,2025-07-09 13:47:41,43.361198425293,-8.84389114379883,"Unknown"
"7014854",371863,2025-07-09 13:51:59,43.3610763549805,-8.84394359588623,"Unknown"
"7014854",371863,2025-07-09 13:56:23,43.3620910644531,-8.84447860717773,"Unknown"
"7014854",371863,2025-07-09 14:01:30,43.3611221313477,-8.84395217895508,"Unknown"
"7014854",371863,2025-07-09 14:06:18,43.3616561889648,-8.84439086914062,"Unknown"
"7014854",371863,2025-07-09 14:11:17,43.3692932128906,-8.84389877319336,"Unknown"
"7014854",371863,2025-07-09 14:16:20,43.3707580566406,-8.85131645202637,"Unknown"
"7014854",371863,2025-07-09 14:21:20,43.371768951416,-8.85271167755127,"Unknown"
"7014854",371863,2025-07-09 14:26:17,43.3732147216797,-8.85361194610596,"Unknown"
"7014854",371863,2025-07-09 14:31:17,43.3728218078613,-8.85439777374268,"Unknown"
"7014854",371863,2025-07-09 14:36:22,43.3607406616211,-8.84519004821777,"Unknown"
"7014854",371863,2025-07-09 14:41:19,43.3603172302246,-8.84100151062012,"Unknown"
"7014854",371863,2025-07-09 14:46:20,43.360279083252,-8.84127235412598,"Unknown"
"7014854",371863,2025-07-09 14:51:28,43.3603134155273,-8.84099292755127,"Unknown"
"7014854",371863,2025-07-09 14:56:20,43.3603363037109,-8.84100341796875,"Unknown"
"7014854",371863,2025-07-09 15:01:31,43.360279083252,-8.84097480773926,"Unknown"
"7014854",371863,2025-07-09 15:06:19,43.3603477478027,-8.84101104736328,"Unknown"
"7014854",371863,2025-07-09 15:11:23,43.3600311279297,-8.84061145782471,"Unknown"
"7014854",371863,2025-07-09 15:16:31,43.3603515625,-8.84102725982666,"Unknown"
"7014854",371863,2025-07-09 15:21:21,43.3603210449219,-8.8409252166748,"Unknown"
"7014854",371863,2025-07-09 15:26:25,43.3603248596191,-8.841064453125,"Unknown"
"7014854",371863,2025-07-09 15:31:36,43.3605155944824,-8.84131240844727,"Unknown"
"7014854",371863,2025-07-09 15:36:44,43.3603096008301,-8.84097957611084,"Unknown"
"7014854",371863,2025-07-09 15:41:22,43.3601188659668,-8.84047412872314,"Unknown"
"7014854",371863,2025-07-09 15:46:44,43.3603363037109,-8.84112071990967,"Unknown"
"7014854",371863,2025-07-09 15:51:18,43.3602714538574,-8.84085750579834,"Unknown"
"7014854",371863,2025-07-09 15:56:21,43.3603057861328,-8.84101581573486,"Unknown"
"7014854",371863,2025-07-09 16:01:17,43.359561920166,-8.83427429199219,"Unknown"
"7014854",371863,2025-07-09 16:06:17,43.3572273254395,-8.83907985687256,"Unknown"
"7014854",371863,2025-07-09 16:11:23,43.3599395751953,-8.83435153961182,"Unknown"
"7014854",371863,2025-07-09 16:16:23,43.3626480102539,-8.82966804504395,"Unknown"
"7014854",371863,2025-07-09 16:21:19,43.3646659851074,-8.85261058807373,"Unknown"
"7014854",371863,2025-07-09 16:26:19,43.3591537475586,-8.85695838928223,"Unknown"
"7014854",371863,2025-07-09 16:31:59,43.3593368530273,-8.85709667205811,"Unknown"
"7014854",371863,2025-07-09 16:36:17,43.3600006103516,-8.85558986663818,"Unknown"
"7014854",371863,2025-07-09 16:41:17,43.3608551025391,-8.84809017181396,"Unknown"
"7014854",371863,2025-07-09 16:46:28,43.3603324890137,-8.84102344512939,"Unknown"
"7014854",371863,2025-07-09 16:51:18,43.3602867126465,-8.84098434448242,"Unknown"
"7014854",371863,2025-07-09 16:56:27,43.3602981567383,-8.84097766876221,"Unknown"
"7014854",371863,2025-07-09 17:01:21,43.3602180480957,-8.84081268310547,"Unknown"
"7014854",371863,2025-07-09 17:06:22,43.360294342041,-8.84077644348145,"Unknown"
"7014854",371863,2025-07-09 17:11:44,43.3602714538574,-8.84091854095459,"Unknown"
"7014854",371863,2025-07-09 17:16:18,43.3601417541504,-8.84101581573486,"Unknown"
"7014854",371863,2025-07-09 17:21:20,43.3602485656738,-8.84096908569336,"Unknown"
"7014854",371863,2025-07-09 17:26:19,43.3602638244629,-8.84093761444092,"Unknown"
"7014854",371863,2025-07-09 17:31:18,43.3602523803711,-8.84091567993164,"Unknown"
"7014854",371863,2025-07-09 17:36:19,43.360294342041,-8.84088039398193,"Unknown"
"7014854",371863,2025-07-09 17:41:19,43.360294342041,-8.84093952178955,"Unknown"
"7014854",371863,2025-07-09 17:46:20,43.360164642334,-8.84067058563232,"Unknown"
"7014854",371863,2025-07-09 17:51:22,43.360279083252,-8.84086227416992,"Unknown"
"7014854",371863,2025-07-09 17:56:31,43.3603096008301,-8.84090995788574,"Unknown"
"7014854",371863,2025-07-09 18:01:44,43.3602333068848,-8.84092903137207,"Unknown"
"7014854",371863,2025-07-09 18:06:18,43.3611297607422,-8.84096336364746,"Unknown"
"7014854",371863,2025-07-09 18:11:18,43.3602867126465,-8.84103679656982,"Unknown"
"7014854",371863,2025-07-09 18:16:23,43.3602256774902,-8.8408203125,"Unknown"
"7014854",371863,2025-07-09 18:21:21,43.3607330322266,-8.8410120010376,"Unknown"
"7014854",371863,2025-07-09 18:26:21,43.360424041748,-8.8410816192627,"Unknown"
"7014854",371863,2025-07-09 18:31:22,43.3602561950684,-8.84092426300049,"Unknown"
"7014854",371863,2025-07-09 18:36:18,43.3602142333984,-8.84084033966064,"Unknown"
"7014854",371863,2025-07-09 18:41:18,43.3603019714355,-8.84080219268799,"Unknown"
"7014854",371863,2025-07-09 18:46:44,43.3602676391602,-8.84091091156006,"Unknown"
"7014854",371863,2025-07-09 18:51:21,43.3602523803711,-8.8408670425415,"Unknown"
"7014854",371863,2025-07-09 18:56:21,43.3602256774902,-8.84084701538086,"Unknown"
"7014854",371863,2025-07-09 19:01:22,43.3601913452148,-8.84079742431641,"Unknown"
"7014854",371863,2025-07-09 19:06:18,43.3602828979492,-8.84082126617432,"Unknown"
"7014854",371863,2025-07-09 19:11:24,43.3601264953613,-8.84073638916016,"Unknown"
"7014854",371863,2025-07-09 19:16:35,43.3602981567383,-8.84092426300049,"Unknown"
"7014854",371863,2025-07-09 19:21:26,43.3602752685547,-8.84087753295898,"Unknown"
"7014854",371863,2025-07-09 19:26:24,43.3604202270508,-8.84096240997314,"Unknown"
"7014854",371863,2025-07-09 19:31:44,43.3601989746094,-8.840895652771,"Unknown"
"7014854",371863,2025-07-09 19:36:20,43.3600540161133,-8.84066963195801,"Unknown"
"7014854",371863,2025-07-09 19:41:31,43.3602027893066,-8.84080505371094,"Unknown"
"7014854",371863,2025-07-09 19:46:24,43.360408782959,-8.84105491638184,"Unknown"
"7014854",371863,2025-07-09 19:51:30,43.360279083252,-8.84086036682129,"Unknown"
"7014854",371863,2025-07-09 19:56:29,43.3687591552734,-8.84800243377686,"Unknown"
"7014854",371863,2025-07-09 20:01:32,43.3693618774414,-8.8475170135498,"Unknown"
"7014854",371863,2025-07-09 20:06:32,43.3698997497559,-8.84651374816895,"Unknown"
"7014854",371863,2025-07-09 20:12:42,43.370719909668,-8.84562397003174,"Unknown"
"7014854",371863,2025-07-09 20:17:42,43.3758850097656,-8.84784507751465,"Unknown"
"7014854",371863,2025-07-09 20:22:42,43.3804893493652,-8.85075283050537,"Unknown"
"7014854",371863,2025-07-09 20:27:42,43.3843574523926,-8.85348224639893,"Unknown"
"7014854",371863,2025-07-09 20:32:42,43.3852653503418,-8.85287952423096,"Unknown"
"7014854",371863,2025-07-09 20:36:23,43.3859558105469,-8.85273456573486,"Unknown"
"7014854",371863,2025-07-09 20:41:22,43.3869934082031,-8.85201835632324,"Unknown"
"7014854",371863,2025-07-09 20:46:18,43.3880310058594,-8.85132312774658,"Unknown"
"7014854",371863,2025-07-09 20:52:39,43.3892860412598,-8.85104370117188,"Unknown"
"7014854",371863,2025-07-09 20:56:20,43.3835411071777,-8.84076404571533,"Unknown"
"7014854",371863,2025-07-09 21:01:19,43.3677177429199,-8.82292747497559,"Unknown"
"7014854",371863,2025-07-09 21:06:18,43.3615913391113,-8.83269119262695,"Unknown"
"7014854",371863,2025-07-09 21:11:24,43.3609161376953,-8.84135913848877,"Unknown"
"7014854",371863,2025-07-09 21:16:28,43.360279083252,-8.84082889556885,"Unknown"
"7014854",371863,2025-07-09 21:21:23,43.3601951599121,-8.84078216552734,"Unknown"
"7014854",371863,2025-07-09 21:26:29,43.3602256774902,-8.84086894989014,"Unknown"
"7014854",371863,2025-07-09 21:31:44,43.3602485656738,-8.84080028533936,"Unknown"
"7014854",371863,2025-07-09 21:36:28,43.3602256774902,-8.84080123901367,"Unknown"
"7014854",371863,2025-07-09 21:41:31,43.3602142333984,-8.84093570709229,"Unknown"
"7014854",371863,2025-07-09 21:46:44,43.3602333068848,-8.8408088684082,"Unknown"
"7014854",371863,2025-07-09 21:51:31,43.3602752685547,-8.84060764312744,"Unknown"
"7014854",371863,2025-07-09 21:56:31,43.3602523803711,-8.84068393707275,"Unknown"
"7014854",371863,2025-07-09 22:01:31,43.3602828979492,-8.8409538269043,"Unknown"
"7014854",371863,2025-07-09 22:06:31,43.3602752685547,-8.84091472625732,"Unknown"
"7014854",371863,2025-07-09 22:11:31,43.3602714538574,-8.84094047546387,"Unknown"
"7014854",371863,2025-07-09 22:16:53,43.3602447509766,-8.84082126617432,"Unknown"
"7014854",371863,2025-07-09 22:21:19,43.3602828979492,-8.84092044830322,"Unknown"
"7014854",371863,2025-07-09 22:26:19,43.3602294921875,-8.84087085723877,"Unknown"
"7014854",371863,2025-07-09 22:31:18,43.360279083252,-8.84089946746826,"Unknown"
"7014854",371863,2025-07-09 22:36:24,43.360237121582,-8.84124374389648,"Unknown"
"7014854",371863,2025-07-09 22:41:37,43.3602638244629,-8.84093284606934,"Unknown"
"7014854",371863,2025-07-09 22:46:53,43.360294342041,-8.84087085723877,"Unknown"
"7014854",371863,2025-07-09 22:51:21,43.3602714538574,-8.84086322784424,"Unknown"
"7014854",371863,2025-07-09 22:56:24,43.3601760864258,-8.84079360961914,"Unknown"
"7014854",371863,2025-07-09 23:01:31,43.3602676391602,-8.84091281890869,"Unknown"
"7014854",371863,2025-07-09 23:06:24,43.3604431152344,-8.8411226272583,"Unknown"
"7014854",371863,2025-07-09 23:11:31,43.3603019714355,-8.84092617034912,"Unknown"
"7014854",371863,2025-07-09 23:16:19,43.3603134155273,-8.8410177230835,"Unknown"
"7014854",371863,2025-07-09 23:21:25,43.3602981567383,-8.84092617034912,"Unknown"
"7014854",371863,2025-07-09 23:26:31,43.3602523803711,-8.84097576141357,"Unknown"
"7014854",371863,2025-07-09 23:31:18,43.3601760864258,-8.84056663513184,"Unknown"
"7014854",371863,2025-07-09 23:36:25,43.3602714538574,-8.84097766876221,"Unknown"
"7014854",371863,2025-07-09 23:41:31,43.3602676391602,-8.84096145629883,"Unknown"
"7014854",371863,2025-07-09 23:46:25,43.3602905273438,-8.84108448028564,"Unknown"
"7014854",371863,2025-07-09 23:51:31,43.360279083252,-8.84098052978516,"Unknown"
"7014854",371863,2025-07-09 23:56:25,43.3602714538574,-8.84096050262451,"Unknown"
"7014854",371863,2025-07-10 00:01:45,43.3603134155273,-8.84096050262451,"Unknown"
"7014854",371863,2025-07-10 00:06:22,43.3602676391602,-8.84102249145508,"Unknown"
"7014854",371863,2025-07-10 00:11:22,43.3604125976562,-8.84078693389893,"Unknown"
"7014854",371863,2025-07-10 00:16:19,43.360237121582,-8.84101963043213,"Unknown"
"7014854",371863,2025-07-10 00:21:19,43.3602828979492,-8.84086322784424,"Unknown"
"7014854",371863,2025-07-10 00:26:19,43.3601913452148,-8.84101676940918,"Unknown"
"7014854",371863,2025-07-10 00:31:22,43.3598518371582,-8.84149265289307,"Unknown"
"7014854",371863,2025-07-10 00:36:21,43.3596229553223,-8.84200477600098,"Unknown"
"7014854",371863,2025-07-10 00:41:29,43.3601188659668,-8.84042835235596,"Unknown"
"7014854",371863,2025-07-10 00:46:53,43.3602333068848,-8.84093284606934,"Unknown"
"7014854",371863,2025-07-10 00:51:18,43.3602905273438,-8.84089660644531,"Unknown"
"7014854",371863,2025-07-10 00:56:18,43.3601913452148,-8.84088897705078,"Unknown"
"7014854",371863,2025-07-10 01:01:19,43.3602447509766,-8.84093284606934,"Unknown"
"7014854",371863,2025-07-10 01:06:18,43.3602333068848,-8.84089183807373,"Unknown"
"7014854",371863,2025-07-10 01:11:18,43.3602523803711,-8.84092140197754,"Unknown"
"7014854",371863,2025-07-10 01:16:24,43.3603477478027,-8.84098052978516,"Unknown"
"7014854",371863,2025-07-10 01:21:20,43.360164642334,-8.84076404571533,"Unknown"
"7014854",371863,2025-07-10 01:26:20,43.3601837158203,-8.84082889556885,"Unknown"
"7014854",371863,2025-07-10 01:31:22,43.3600692749023,-8.84073543548584,"Unknown"
"7014854",371863,2025-07-10 01:36:21,43.3600959777832,-8.84072208404541,"Unknown"
"7014854",371863,2025-07-10 01:41:20,43.3597602844238,-8.84039974212646,"Unknown"
"7014854",371863,2025-07-10 01:46:20,43.3598289489746,-8.84047508239746,"Unknown"
"7014854",371863,2025-07-10 01:51:20,43.3602027893066,-8.84077548980713,"Unknown"
"7014854",371863,2025-07-10 01:56:22,43.3600234985352,-8.84069633483887,"Unknown"
"7014854",371863,2025-07-10 02:01:22,43.3600273132324,-8.8406810760498,"Unknown"
"7014854",371863,2025-07-10 02:06:25,43.3598747253418,-8.84049987792969,"Unknown"
"7014854",371863,2025-07-10 02:11:21,43.3600006103516,-8.84062194824219,"Unknown"
"7014854",371863,2025-07-10 02:16:20,43.3601722717285,-8.84081745147705,"Unknown"
"7014854",371863,2025-07-10 02:21:25,43.3598213195801,-8.84050178527832,"Unknown"
"7014854",371863,2025-07-10 02:26:26,43.3602752685547,-8.84094142913818,"Unknown"
"7014854",371863,2025-07-10 02:31:19,43.3602027893066,-8.84082889556885,"Unknown"
"7014854",371863,2025-07-10 02:36:24,43.3600158691406,-8.84062671661377,"Unknown"
"7014854",371863,2025-07-10 02:41:25,43.3589973449707,-8.83957958221436,"Unknown"
"7014854",371863,2025-07-10 02:46:25,43.3598480224609,-8.84047412872314,"Unknown"
"7014854",371863,2025-07-10 02:51:26,43.3603134155273,-8.8409309387207,"Unknown"
"7014854",371863,2025-07-10 02:56:25,43.3602485656738,-8.84089374542236,"Unknown"
"7014854",371863,2025-07-10 03:01:31,43.3602638244629,-8.84091567993164,"Unknown"
"7014854",371863,2025-07-10 03:06:24,43.3601455688477,-8.84072875976562,"Unknown"
"7014854",371863,2025-07-10 03:11:29,43.360237121582,-8.84087181091309,"Unknown"
"7014854",371863,2025-07-10 03:16:34,43.3603363037109,-8.84095859527588,"Unknown"
"7014854",371863,2025-07-10 03:21:44,43.3610649108887,-8.83325481414795,"Unknown"
"7014854",371863,2025-07-10 03:26:23,43.3616409301758,-8.82505989074707,"Unknown"
"7014854",371863,2025-07-10 03:31:22,43.360969543457,-8.82414531707764,"Unknown"
"7014854",371863,2025-07-10 03:36:31,43.3601570129395,-8.82343769073486,"Unknown"
"7014854",371863,2025-07-10 03:41:31,43.3593597412109,-8.82245922088623,"Unknown"
"7014854",371863,2025-07-10 03:46:21,43.3610916137695,-8.82078075408936,"Unknown"
"7014854",371863,2025-07-10 03:51:26,43.3603363037109,-8.82129287719727,"Unknown"
"7014854",371863,2025-07-10 03:56:20,43.3598709106445,-8.82174587249756,"Unknown"
"7014854",371863,2025-07-10 04:01:22,43.3595886230469,-8.8218936920166,"Unknown"
"7014854",371863,2025-07-10 04:06:22,43.3591613769531,-8.82232570648193,"Unknown"
"7014854",371863,2025-07-10 04:11:21,43.3586196899414,-8.83204555511475,"Unknown"
"7014854",371863,2025-07-10 04:16:19,43.358642578125,-8.83206939697266,"Unknown"
"7014854",371863,2025-07-10 04:21:20,43.3602905273438,-8.84104251861572,"Unknown"
"7014854",371863,2025-07-10 04:26:19,43.360164642334,-8.84082794189453,"Unknown"
"7014854",371863,2025-07-10 04:31:20,43.3602447509766,-8.84075164794922,"Unknown"
"7014854",371863,2025-07-10 04:36:20,43.3602638244629,-8.84078407287598,"Unknown"
"7014854",371863,2025-07-10 04:41:20,43.3602752685547,-8.84086513519287,"Unknown"
"7014854",371863,2025-07-10 04:46:19,43.3653755187988,-8.83578681945801,"Unknown"
"7014854",371863,2025-07-10 04:51:20,43.3650894165039,-8.83543395996094,"Unknown"
"7014854",371863,2025-07-10 04:56:28,43.3644523620605,-8.83658885955811,"Unknown"
"7014854",371863,2025-07-10 05:01:25,43.3626861572266,-8.83919143676758,"Unknown"
"7014854",371863,2025-07-10 05:06:22,43.3620872497559,-8.83848476409912,"Unknown"
"7014854",371863,2025-07-10 05:12:42,43.3605346679688,-8.84409141540527,"Unknown"
"7014854",371863,2025-07-10 05:16:21,43.3598136901855,-8.8421573638916,"Unknown"
"7014854",371863,2025-07-10 05:21:19,43.3615531921387,-8.84199714660645,"Unknown"
"7014854",371863,2025-07-10 05:26:19,43.3601264953613,-8.84101295471191,"Unknown"
"7014854",371863,2025-07-10 05:31:22,43.3602256774902,-8.84103298187256,"Unknown"
"7014854",371863,2025-07-10 05:36:20,43.3597946166992,-8.83964824676514,"Unknown"
"7014854",371863,2025-07-10 05:41:20,43.3601188659668,-8.84083938598633,"Unknown"
"7014854",371863,2025-07-10 05:46:19,43.3604278564453,-8.84080219268799,"Unknown"
"7014854",371863,2025-07-10 05:51:20,43.3604698181152,-8.840744972229,"Unknown"
"7014854",371863,2025-07-10 05:56:18,43.3606491088867,-8.8421630859375,"Unknown"
"7014854",371863,2025-07-10 06:01:20,43.3602828979492,-8.84101963043213,"Unknown"
"7014854",371863,2025-07-10 06:06:19,43.3601188659668,-8.84081649780273,"Unknown"
"7014854",371863,2025-07-10 06:11:20,43.3604354858398,-8.84145355224609,"Unknown"
"7014854",371863,2025-07-10 06:16:19,43.3602485656738,-8.84108352661133,"Unknown"
"7014854",371863,2025-07-10 06:21:19,43.3602905273438,-8.84091949462891,"Unknown"
"7014854",371863,2025-07-10 06:26:20,43.3601684570312,-8.84099388122559,"Unknown"
"7014854",371863,2025-07-10 06:31:19,43.3603401184082,-8.84089660644531,"Unknown"
"7014854",371863,2025-07-10 06:36:19,43.3603439331055,-8.8409538269043,"Unknown"
"7014854",371863,2025-07-10 06:41:19,43.3603210449219,-8.84099292755127,"Unknown"
"7014854",371863,2025-07-10 06:46:19,43.3603668212891,-8.84113216400146,"Unknown"
"7014854",371863,2025-07-10 06:51:19,43.3601760864258,-8.84117412567139,"Unknown"
"7014854",371863,2025-07-10 06:56:19,43.3603363037109,-8.84096813201904,"Unknown"
"7014854",371863,2025-07-10 07:01:19,43.3604202270508,-8.84089851379395,"Unknown"
"7014854",371863,2025-07-10 07:06:19,43.360523223877,-8.84082889556885,"Unknown"
"7014854",371863,2025-07-10 07:11:19,43.3604774475098,-8.84086132049561,"Unknown"
"7014854",371863,2025-07-10 07:16:19,43.3602638244629,-8.840163230896,"Unknown"
"7014854",371863,2025-07-10 07:21:20,43.3602561950684,-8.84031200408936,"Unknown"
"7014854",371863,2025-07-10 07:26:19,43.3603630065918,-8.84017372131348,"Unknown"
"7014854",371863,2025-07-10 07:31:19,43.3603553771973,-8.84069061279297,"Unknown"
"7014854",371863,2025-07-10 07:36:19,43.3605155944824,-8.8409309387207,"Unknown"
"7014854",371863,2025-07-10 07:41:23,43.3605194091797,-8.84104061126709,"Unknown"
"7014854",371863,2025-07-10 07:46:19,43.3596420288086,-8.84070491790771,"Unknown"
"7014854",371863,2025-07-10 07:51:19,43.3603515625,-8.84105777740479,"Unknown"
"7014854",371863,2025-07-10 07:56:18,43.3657073974609,-8.82705688476562,"Unknown"
"7014854",371863,2025-07-10 08:01:22,43.3721084594727,-8.83473968505859,"Unknown"
"7014854",371863,2025-07-10 08:06:19,43.3734588623047,-8.83659362792969,"Unknown"
"7014854",371863,2025-07-10 08:11:20,43.3725547790527,-8.83641624450684,"Unknown"
"7014854",371863,2025-07-10 08:16:34,43.3575172424316,-8.84062194824219,"Unknown"
"7014854",371863,2025-07-10 08:22:18,43.3575744628906,-8.8438138961792,"Unknown"
"7014854",371863,2025-07-10 08:27:05,43.3329238891602,-8.85286331176758,"Unknown"
"7014854",371863,2025-07-10 08:31:32,43.3130416870117,-8.85762596130371,"Unknown"
"7014854",371863,2025-07-10 08:37:15,43.3141555786133,-8.85682678222656,"Unknown"
"7014854",371863,2025-07-10 08:41:18,43.318775177002,-8.85656356811523,"Unknown"
"7014854",371863,2025-07-10 08:46:32,43.3197937011719,-8.85671520233154,"Unknown"
"7014854",371863,2025-07-10 08:51:41,43.3196334838867,-8.85671329498291,"Unknown"
"7014854",371863,2025-07-10 08:56:22,43.3200721740723,-8.8566198348999,"Unknown"
"7014854",371863,2025-07-10 09:01:23,43.3199768066406,-8.85675239562988,"Unknown"
"7014854",371863,2025-07-10 09:06:20,43.3201942443848,-8.85667610168457,"Unknown"
"7014854",371863,2025-07-10 09:11:25,43.3201370239258,-8.85667514801025,"Unknown"
"7014854",371863,2025-07-10 09:16:23,43.3201141357422,-8.85673141479492,"Unknown"
"7014854",371863,2025-07-10 09:21:25,43.3239631652832,-8.85281848907471,"Unknown"
"7014854",371863,2025-07-10 09:26:24,43.3516235351562,-8.84060192108154,"Unknown"
"7014854",371863,2025-07-10 09:31:23,43.3668937683105,-8.84685325622559,"Unknown"
"7014854",371863,2025-07-10 09:36:20,43.3601837158203,-8.84140396118164,"Unknown"
"7014854",371863,2025-07-10 09:41:23,43.3602676391602,-8.84134864807129,"Unknown"
"7014854",371863,2025-07-10 09:47:07,43.3602981567383,-8.8410472869873,"Unknown"
"7014854",371863,2025-07-10 09:51:41,43.3603172302246,-8.84114360809326,"Unknown"
"7014854",371863,2025-07-10 09:56:31,43.3602867126465,-8.84103965759277,"Unknown"
"7014854",371863,2025-07-10 10:01:31,43.3603096008301,-8.84102725982666,"Unknown"
"7014854",371863,2025-07-10 10:06:31,43.3602828979492,-8.84112644195557,"Unknown"
"7014854",371863,2025-07-10 10:11:33,43.3603172302246,-8.84101390838623,"Unknown"
"7014854",371863,2025-07-10 10:16:45,43.3601951599121,-8.84093952178955,"Unknown"
"7014854",371863,2025-07-10 10:21:42,43.360279083252,-8.84091377258301,"Unknown"
"7014854",371863,2025-07-10 10:26:24,43.3596839904785,-8.84028339385986,"Unknown"
"7014854",371863,2025-07-10 10:31:29,43.3602600097656,-8.84077262878418,"Unknown"
"7014854",371863,2025-07-10 10:36:43,43.3603096008301,-8.84099006652832,"Unknown"
"7014854",371863,2025-07-10 10:41:23,43.3602981567383,-8.84107208251953,"Unknown"
"7014854",371863,2025-07-10 10:47:23,43.3601112365723,-8.84094715118408,"Unknown"
"7014854",371863,2025-07-10 10:51:18,43.3600387573242,-8.8408374786377,"Unknown"
"7014854",371863,2025-07-10 10:56:19,43.3613243103027,-8.83435440063477,"Unknown"
"7014854",371863,2025-07-10 11:01:19,43.3730812072754,-8.84382724761963,"Unknown"
"7014854",371863,2025-07-10 11:06:19,43.3713302612305,-8.84591102600098,"Unknown"
"7014854",371863,2025-07-10 11:11:20,43.3602867126465,-8.84090042114258,"Unknown"
"7014854",371863,2025-07-10 11:16:24,43.3602256774902,-8.84093284606934,"Unknown"
"7014854",371863,2025-07-10 11:21:19,43.3604049682617,-8.84095573425293,"Unknown"
"7014854",371863,2025-07-10 11:26:23,43.360237121582,-8.84098243713379,"Unknown"
"7014854",371863,2025-07-10 11:31:21,43.3602027893066,-8.8408784866333,"Unknown"
"7014854",371863,2025-07-10 11:36:26,43.3603057861328,-8.8409481048584,"Unknown"
"7014854",371863,2025-07-10 11:41:25,43.3602752685547,-8.84090423583984,"Unknown"
"7014854",371863,2025-07-10 11:46:19,43.3609504699707,-8.84165382385254,"Unknown"
"7014854",371863,2025-07-10 11:51:25,43.3765487670898,-8.85964584350586,"Unknown"
"7014854",371863,2025-07-10 11:57:05,43.3760719299316,-8.85903835296631,"Unknown"
"7014854",371863,2025-07-10 12:01:21,43.3764266967773,-8.85809421539307,"Unknown"
"7014854",371863,2025-07-10 12:06:30,43.3765106201172,-8.8587818145752,"Unknown"
"7014854",371863,2025-07-10 12:11:21,43.3759269714355,-8.85914134979248,"Unknown"
"7014854",371863,2025-07-10 12:16:25,43.3899078369141,-8.8621768951416,"Unknown"
"7014854",371863,2025-07-10 12:21:43,43.3895797729492,-8.86165904998779,"Unknown"
"7014854",371863,2025-07-10 12:26:21,43.38916015625,-8.86083221435547,"Unknown"
"7014854",371863,2025-07-10 12:31:20,43.3755035400391,-8.86007118225098,"Unknown"
"7014854",371863,2025-07-10 12:36:20,43.3750610351562,-8.85917282104492,"Unknown"
"7014854",371863,2025-07-10 12:41:20,43.3725814819336,-8.85751247406006,"Unknown"
"7014854",371863,2025-07-10 13:07:42,43.3607139587402,-8.84419536590576,"Unknown"
"7014854",371863,2025-07-10 13:12:42,43.3606109619141,-8.84429454803467,"Unknown"
"7014854",371863,2025-07-10 13:16:24,43.3608665466309,-8.84424304962158,"Unknown"
"7014854",371863,2025-07-10 13:21:25,43.3608283996582,-8.84424686431885,"Unknown"
"7014854",371863,2025-07-10 13:26:44,43.3607215881348,-8.84420108795166,"Unknown"
"7014854",371863,2025-07-10 13:31:23,43.3607635498047,-8.84111881256104,"Unknown"
"7014854",371863,2025-07-10 13:36:53,43.3603019714355,-8.84085273742676,"Unknown"
"7014854",371863,2025-07-10 13:41:20,43.3602333068848,-8.84093379974365,"Unknown"
"7014854",371863,2025-07-10 13:46:18,43.3601837158203,-8.84086132049561,"Unknown"
"7014854",371863,2025-07-10 13:51:18,43.3602027893066,-8.84091281890869,"Unknown"
"7014854",371863,2025-07-10 13:56:20,43.3602409362793,-8.84083557128906,"Unknown"
"7014854",371863,2025-07-10 14:01:19,43.3601951599121,-8.84158420562744,"Unknown"
"7014854",371863,2025-07-10 14:06:18,43.360424041748,-8.84102535247803,"Unknown"
"7014854",371863,2025-07-10 14:11:19,43.3602981567383,-8.84097576141357,"Unknown"
"7014854",371863,2025-07-10 14:16:19,43.3603134155273,-8.84119415283203,"Unknown"
"7014854",371863,2025-07-10 14:21:19,43.3601951599121,-8.84084320068359,"Unknown"
"7014854",371863,2025-07-10 14:26:20,43.3604125976562,-8.84115409851074,"Unknown"
"7014854",371863,2025-07-10 14:31:19,43.3603782653809,-8.84107971191406,"Unknown"
"7014854",371863,2025-07-10 14:36:19,43.3605041503906,-8.84105968475342,"Unknown"
"7014854",371863,2025-07-10 14:41:19,43.3604927062988,-8.84117889404297,"Unknown"
"7014854",371863,2025-07-10 14:46:22,43.3604621887207,-8.84115791320801,"Unknown"
"7014854",371863,2025-07-10 14:51:18,43.3604583740234,-8.84114170074463,"Unknown"
"7014854",371863,2025-07-10 14:56:19,43.360408782959,-8.84110355377197,"Unknown"
"7014854",371863,2025-07-10 15:01:21,43.3603744506836,-8.84114170074463,"Unknown"
"7014854",371863,2025-07-10 15:06:18,43.3603935241699,-8.8410701751709,"Unknown"
"7014854",371863,2025-07-10 15:11:19,43.3604545593262,-8.84116840362549,"Unknown"
"7014854",371863,2025-07-10 15:16:20,43.3604354858398,-8.84122943878174,"Unknown"
"7014854",371863,2025-07-10 15:21:25,43.3625411987305,-8.85035514831543,"Unknown"
"7014854",371863,2025-07-10 15:26:23,43.3625335693359,-8.85027980804443,"Unknown"
"7014854",371863,2025-07-10 15:31:23,43.3628921508789,-8.85016441345215,"Unknown"
"7014854",371863,2025-07-10 15:36:44,43.361328125,-8.84836196899414,"Unknown"
"7014854",371863,2025-07-10 15:41:30,43.3613548278809,-8.84818267822266,"Unknown"
"7014854",371863,2025-07-10 15:46:40,43.3607749938965,-8.84459590911865,"Unknown"
"7014854",371863,2025-07-10 15:51:31,43.3607749938965,-8.84436225891113,"Unknown"
"7014854",371863,2025-07-10 15:56:19,43.3605079650879,-8.84142971038818,"Unknown"
"7014854",371863,2025-07-10 16:01:20,43.3604354858398,-8.84118175506592,"Unknown"
"7014854",371863,2025-07-10 16:06:26,43.3604049682617,-8.84125804901123,"Unknown"
"7014854",371863,2025-07-10 16:11:24,43.3604545593262,-8.84126758575439,"Unknown"
"7014854",371863,2025-07-10 16:16:22,43.3604698181152,-8.84127330780029,"Unknown"
"7014854",371863,2025-07-10 16:21:23,43.3604888916016,-8.84121990203857,"Unknown"
"7014854",371863,2025-07-10 16:26:25,43.3604393005371,-8.84121131896973,"Unknown"
"7014854",371863,2025-07-10 16:31:44,43.3602676391602,-8.84093856811523,"Unknown"
"7014854",371863,2025-07-10 16:36:20,43.3603363037109,-8.84101676940918,"Unknown"
"7014854",371863,2025-07-10 16:41:23,43.3600387573242,-8.8407678604126,"Unknown"
"7014854",371863,2025-07-10 16:46:24,43.3603973388672,-8.84108734130859,"Unknown"
"7014854",371863,2025-07-10 16:51:24,43.3603897094727,-8.84131717681885,"Unknown"
"7014854",371863,2025-07-10 16:56:20,43.3602600097656,-8.84090042114258,"Unknown"
"7014854",371863,2025-07-10 17:01:23,43.3603439331055,-8.84098339080811,"Unknown"
"7014854",371863,2025-07-10 17:06:20,43.3602523803711,-8.84070873260498,"Unknown"
"7014854",371863,2025-07-10 17:11:20,43.3603096008301,-8.84086513519287,"Unknown"
"7014854",371863,2025-07-10 17:16:44,43.3602905273438,-8.84092044830322,"Unknown"
"7014854",371863,2025-07-10 17:21:24,43.3604393005371,-8.84106349945068,"Unknown"
"7014854",371863,2025-07-10 17:26:24,43.3603515625,-8.840895652771,"Unknown"
"7014854",371863,2025-07-10 17:31:20,43.3603019714355,-8.8407621383667,"Unknown"
"7014854",371863,2025-07-10 17:36:22,43.3602714538574,-8.84082984924316,"Unknown"
"7014854",371863,2025-07-10 17:41:21,43.3604545593262,-8.8410005569458,"Unknown"
"7014854",371863,2025-07-10 17:46:29,43.3607177734375,-8.84124660491943,"Unknown"
"7014854",371863,2025-07-10 17:51:44,43.3604125976562,-8.8408088684082,"Unknown"
"7014854",371863,2025-07-10 17:56:22,43.3602333068848,-8.84060573577881,"Unknown"
"7014854",371863,2025-07-10 18:01:22,43.3603897094727,-8.84094524383545,"Unknown"
"7014854",371863,2025-07-10 18:06:23,43.3602828979492,-8.84082794189453,"Unknown"
"7014854",371863,2025-07-10 18:11:26,43.3604698181152,-8.84149360656738,"Unknown"
"7014854",371863,2025-07-10 18:16:28,43.3605613708496,-8.84169483184814,"Unknown"
"7014854",371863,2025-07-10 18:21:26,43.3606185913086,-8.84179496765137,"Unknown"
"7014854",371863,2025-07-10 18:26:31,43.3607864379883,-8.84183502197266,"Unknown"
"7014854",371863,2025-07-10 18:31:24,43.3603439331055,-8.84044456481934,"Unknown"
"7014854",371863,2025-07-10 18:36:32,43.3622360229492,-8.85444641113281,"Unknown"
"7014854",371863,2025-07-10 18:41:30,43.3624534606934,-8.85477066040039,"Unknown"
"7014854",371863,2025-07-10 18:46:53,43.362548828125,-8.8549108505249,"Unknown"
"7014854",371863,2025-07-10 18:51:31,43.361515045166,-8.84070777893066,"Unknown"
"7014854",371863,2025-07-10 18:56:31,43.360408782959,-8.84097576141357,"Unknown"
"7014854",371863,2025-07-10 19:01:31,43.3603706359863,-8.84100914001465,"Unknown"
"7014854",371863,2025-07-10 19:06:31,43.3603477478027,-8.84102439880371,"Unknown"
"7014854",371863,2025-07-10 19:11:31,43.3603324890137,-8.84104251861572,"Unknown"
"7014854",371863,2025-07-10 19:16:30,43.3602142333984,-8.84106349945068,"Unknown"
"7014854",371863,2025-07-10 19:21:38,43.3605117797852,-8.84103870391846,"Unknown"
"7014854",371863,2025-07-10 19:26:30,43.3604774475098,-8.84090709686279,"Unknown"
"7014854",371863,2025-07-10 19:31:45,43.3604393005371,-8.84102344512939,"Unknown"
"7014854",371863,2025-07-10 19:36:32,43.3602561950684,-8.84097003936768,"Unknown"
"7014854",371863,2025-07-10 19:41:53,43.3603515625,-8.84085559844971,"Unknown"
"7014854",371863,2025-07-10 19:46:23,43.3601684570312,-8.84109687805176,"Unknown"
"7014854",371863,2025-07-10 19:51:24,43.3603057861328,-8.84095001220703,"Unknown"
"7014854",371863,2025-07-10 19:56:31,43.360279083252,-8.84088611602783,"Unknown"
"7014854",371863,2025-07-10 20:01:33,43.3602638244629,-8.84091472625732,"Unknown"
"7014854",371863,2025-07-10 20:06:20,43.3638038635254,-8.8413257598877,"Unknown"
"7014854",371863,2025-07-10 20:12:10,43.3630294799805,-8.83949661254883,"Unknown"
"7014854",371863,2025-07-10 20:16:44,43.3618927001953,-8.84283447265625,"Unknown"
"7014854",371863,2025-07-10 20:21:23,43.361515045166,-8.84302806854248,"Unknown"
"7014854",371863,2025-07-10 20:26:44,43.3618812561035,-8.84281063079834,"Unknown"
"7014854",371863,2025-07-10 20:31:41,43.3655166625977,-8.84437274932861,"Unknown"
"7014854",371863,2025-07-10 20:36:43,43.3917655944824,-8.83061027526855,"Unknown"
"7014854",371863,2025-07-10 20:41:42,43.3926162719727,-8.83147525787354,"Unknown"
"7014854",371863,2025-07-10 20:46:43,43.393009185791,-8.8326244354248,"Unknown"
"7014854",371863,2025-07-10 20:51:43,43.3935317993164,-8.83332347869873,"Unknown"
"7014854",371863,2025-07-10 20:56:43,43.3936080932617,-8.83393573760986,"Unknown"
"7014854",371863,2025-07-10 21:01:44,43.3921928405762,-8.83415412902832,"Unknown"
"7014854",371863,2025-07-10 21:06:41,43.3926277160645,-8.82452011108398,"Unknown"
"7014854",371863,2025-07-10 21:11:42,43.3897972106934,-8.80242919921875,"Unknown"
"7014854",371863,2025-07-10 21:16:42,43.3902854919434,-8.80360889434814,"Unknown"
"7014854",371863,2025-07-10 21:21:44,43.3903961181641,-8.8039493560791,"Unknown"
"7014854",371863,2025-07-10 21:26:41,43.3908805847168,-8.7809591293335,"Unknown"
"7014854",371863,2025-07-10 21:31:41,43.3912124633789,-8.76137542724609,"Unknown"
"7014854",371863,2025-07-10 21:36:42,43.3923034667969,-8.74475574493408,"Unknown"
"7014854",371863,2025-07-10 21:41:44,43.392879486084,-8.72808837890625,"Unknown"
"7014854",371863,2025-07-10 21:46:42,43.3936538696289,-8.71071243286133,"Unknown"
"7014854",371863,2025-07-10 21:51:42,43.3937034606934,-8.69189357757568,"Unknown"
"7014854",371863,2025-07-10 21:56:44,43.3937721252441,-8.6759729385376,"Unknown"
"7014854",371863,2025-07-10 22:01:44,43.3937454223633,-8.65603065490723,"Unknown"
"7014854",371863,2025-07-10 22:06:43,43.3936538696289,-8.65608787536621,"Unknown"
"7014854",371863,2025-07-10 22:11:42,43.3933486938477,-8.65588474273682,"Unknown"
"7014854",371863,2025-07-10 22:16:43,43.3932876586914,-8.6562557220459,"Unknown"
"7014854",371863,2025-07-10 22:21:44,43.3934059143066,-8.65644264221191,"Unknown"
"7014854",371863,2025-07-10 22:26:42,43.393611907959,-8.65723514556885,"Unknown"
"7014854",371863,2025-07-10 22:31:42,43.3937072753906,-8.65800762176514,"Unknown"
"7014854",371863,2025-07-10 22:36:42,43.3942413330078,-8.65898990631104,"Unknown"
"7014854",371863,2025-07-10 22:41:42,43.3947296142578,-8.65983390808105,"Unknown"
"7014854",371863,2025-07-10 22:46:43,43.3950386047363,-8.66080093383789,"Unknown"
"7014854",371863,2025-07-10 22:51:46,43.3951187133789,-8.66178894042969,"Unknown"
"7014854",371863,2025-07-10 22:56:41,43.3883056640625,-8.68191814422607,"Unknown"
"7014854",371863,2025-07-10 23:01:48,43.3731880187988,-8.72441577911377,"Unknown"
"7014854",371863,2025-07-10 23:06:46,43.3590850830078,-8.76888656616211,"Unknown"
"7014854",371863,2025-07-10 23:11:56,43.3563461303711,-8.81763648986816,"Unknown"
"7014854",371863,2025-07-10 23:16:53,43.3601608276367,-8.84041500091553,"Unknown"
"7014854",371863,2025-07-10 23:21:42,43.3603935241699,-8.840576171875,"Unknown"
"7014854",371863,2025-07-10 23:26:49,43.3603477478027,-8.84040260314941,"Unknown"
"7014854",371863,2025-07-10 23:31:43,43.3602180480957,-8.84005069732666,"Unknown"
"7014854",371863,2025-07-10 23:36:49,43.3604011535645,-8.8404016494751,"Unknown"
"7014854",371863,2025-07-10 23:41:46,43.360294342041,-8.8403787612915,"Unknown"
"7014854",371863,2025-07-10 23:46:49,43.3604431152344,-8.84040069580078,"Unknown"
"7014854",371863,2025-07-10 23:51:48,43.3603744506836,-8.84038734436035,"Unknown"
"7014854",371863,2025-07-10 23:56:58,43.3604774475098,-8.84036445617676,"Unknown"
"7014854",371863,2025-07-11 00:01:48,43.3606414794922,-8.84044933319092,"Unknown"
"7014854",371863,2025-07-11 00:06:48,43.3605613708496,-8.84046459197998,"Unknown"
"7014854",371863,2025-07-11 00:11:48,43.3605880737305,-8.84042072296143,"Unknown"
"7014854",371863,2025-07-11 00:16:46,43.3604507446289,-8.84045791625977,"Unknown"
"7014854",371863,2025-07-11 00:21:44,43.3604698181152,-8.84038162231445,"Unknown"
"7014854",371863,2025-07-11 00:26:43,43.3603591918945,-8.84025955200195,"Unknown"
"7014854",371863,2025-07-11 00:31:43,43.3602638244629,-8.84041786193848,"Unknown"
"7014854",371863,2025-07-11 00:36:42,43.3603096008301,-8.84042835235596,"Unknown"
"7014854",371863,2025-07-11 00:41:43,43.3603782653809,-8.84053993225098,"Unknown"
"7014854",371863,2025-07-11 00:46:42,43.3604545593262,-8.84042358398438,"Unknown"
"7014854",371863,2025-07-11 00:51:47,43.3605270385742,-8.840576171875,"Unknown"
"7014854",371863,2025-07-11 00:56:42,43.3603057861328,-8.84044742584229,"Unknown"
"7014854",371863,2025-07-11 01:01:42,43.3602828979492,-8.8404369354248,"Unknown"
"7014854",371863,2025-07-11 01:06:42,43.360221862793,-8.84038829803467,"Unknown"
"7014854",371863,2025-07-11 01:11:41,43.3601570129395,-8.84040927886963,"Unknown"
"7014854",371863,2025-07-11 01:16:42,43.3602485656738,-8.84044075012207,"Unknown"
"7014854",371863,2025-07-11 01:21:44,43.3603439331055,-8.84059429168701,"Unknown"
"7014854",371863,2025-07-11 01:26:49,43.3603210449219,-8.84057331085205,"Unknown"
"7014854",371863,2025-07-11 01:31:49,43.3602867126465,-8.84058284759521,"Unknown"
"7014854",371863,2025-07-11 01:36:49,43.3602867126465,-8.8405237197876,"Unknown"
"7014854",371863,2025-07-11 01:41:55,43.3601341247559,-8.84047889709473,"Unknown"
"7014854",371863,2025-07-11 01:46:49,43.3602600097656,-8.84059524536133,"Unknown"
"7014854",371863,2025-07-11 01:51:49,43.3603096008301,-8.84049892425537,"Unknown"
"7014854",371863,2025-07-11 01:56:49,43.3601875305176,-8.84038066864014,"Unknown"
"7014854",371863,2025-07-11 02:01:49,43.3601684570312,-8.84036636352539,"Unknown"
"7014854",371863,2025-07-11 02:06:49,43.360107421875,-8.84036731719971,"Unknown"
"7014854",371863,2025-07-11 02:11:49,43.3600807189941,-8.84024906158447,"Unknown"
"7014854",371863,2025-07-11 02:16:49,43.3600540161133,-8.84027004241943,"Unknown"
"7014854",371863,2025-07-11 02:21:49,43.3600540161133,-8.8402681350708,"Unknown"
"7014854",371863,2025-07-11 02:26:49,43.3600082397461,-8.84022903442383,"Unknown"
"7014854",371863,2025-07-11 02:31:49,43.360179901123,-8.84028816223145,"Unknown"
"7014854",371863,2025-07-11 02:36:49,43.3600807189941,-8.84022998809814,"Unknown"
"7014854",371863,2025-07-11 02:41:49,43.3600997924805,-8.84022521972656,"Unknown"
"7014854",371863,2025-07-11 02:47:00,43.3601608276367,-8.84045791625977,"Unknown"
"7014854",371863,2025-07-11 02:51:56,43.3601875305176,-8.84053897857666,"Unknown"
"7014854",371863,2025-07-11 02:57:07,43.3602447509766,-8.84092330932617,"Unknown"
"7014854",371863,2025-07-11 03:01:52,43.3602714538574,-8.84095191955566,"Unknown"
"7014854",371863,2025-07-11 03:07:14,43.3601913452148,-8.84088706970215,"Unknown"
"7014854",371863,2025-07-11 03:11:40,43.3602104187012,-8.84094333648682,"Unknown"
"7014854",371863,2025-07-11 03:16:40,43.3600120544434,-8.84130573272705,"Unknown"
"7014854",371863,2025-07-11 03:21:41,43.3600234985352,-8.84087085723877,"Unknown"
"7014854",371863,2025-07-11 03:26:43,43.3599739074707,-8.8407506942749,"Unknown"
"7014854",371863,2025-07-11 03:31:43,43.360164642334,-8.8407678604126,"Unknown"
"7014854",371863,2025-07-11 03:36:50,43.3597793579102,-8.84092044830322,"Unknown"
"7014854",371863,2025-07-11 03:41:43,43.3600311279297,-8.84084224700928,"Unknown"
"7014854",371863,2025-07-11 03:47:07,43.359806060791,-8.84086990356445,"Unknown"
"7014854",371863,2025-07-11 03:51:52,43.3597564697266,-8.84087085723877,"Unknown"
"7014854",371863,2025-07-11 03:56:42,43.3600120544434,-8.84084987640381,"Unknown"
"7014854",371863,2025-07-11 04:01:40,43.3601684570312,-8.84086132049561,"Unknown"
"7014854",371863,2025-07-11 04:06:42,43.3646507263184,-8.8245677947998,"Unknown"
"7014854",371863,2025-07-11 04:11:45,43.3653869628906,-8.82439804077148,"Unknown"
"7014854",371863,2025-07-11 04:16:41,43.3753204345703,-8.82780075073242,"Unknown"
"7014854",371863,2025-07-11 04:21:40,43.4046325683594,-8.83138084411621,"Unknown"
"7014854",371863,2025-07-11 04:26:42,43.4230041503906,-8.82675838470459,"Unknown"
"7014854",371863,2025-07-11 04:32:08,43.4225883483887,-8.8285083770752,"Unknown"
"7014854",371863,2025-07-11 04:36:41,43.4230308532715,-8.82925033569336,"Unknown"
"7014854",371863,2025-07-11 04:41:41,43.4241523742676,-8.81366062164307,"Unknown"
"7014854",371863,2025-07-11 04:46:41,43.4099311828613,-8.83325672149658,"Unknown"
"7014854",371863,2025-07-11 04:51:40,43.3883285522461,-8.85327816009521,"Unknown"
"7014854",371863,2025-07-11 04:56:46,43.3738021850586,-8.86325073242188,"Unknown"
"7014854",371863,2025-07-11 05:01:44,43.3715324401855,-8.86495876312256,"Unknown"
"7014854",371863,2025-07-11 05:06:44,43.3718338012695,-8.86906623840332,"Unknown"
"7014854",371863,2025-07-11 05:11:41,43.3658905029297,-8.85474300384521,"Unknown"
"7014854",371863,2025-07-11 05:16:57,43.3612480163574,-8.84819984436035,"Unknown"
"7014854",371863,2025-07-11 05:21:53,43.3613128662109,-8.84813690185547,"Unknown"
"7014854",371863,2025-07-11 05:27:53,43.3601608276367,-8.84433460235596,"Unknown"
"7014854",371863,2025-07-11 05:31:42,43.3601570129395,-8.84009552001953,"Unknown"
"7014854",371863,2025-07-11 05:36:42,43.3618316650391,-8.84265232086182,"Unknown"
"7014854",371863,2025-07-11 05:41:46,43.3633422851562,-8.84733486175537,"Unknown"
"7014854",371863,2025-07-11 05:46:42,43.3600883483887,-8.84126567840576,"Unknown"
"7014854",371863,2025-07-11 05:51:43,43.3605880737305,-8.8419017791748,"Unknown"
"7014854",371863,2025-07-11 05:56:42,43.3600959777832,-8.84108638763428,"Unknown"
"7014854",371863,2025-07-11 06:01:43,43.3600311279297,-8.83966445922852,"Unknown"
"7014854",371863,2025-07-11 06:06:49,43.3600387573242,-8.8407506942749,"Unknown"
"7014854",371863,2025-07-11 06:11:44,43.3600273132324,-8.84070873260498,"Unknown"
"7014854",371863,2025-07-11 06:16:42,43.359992980957,-8.84034061431885,"Unknown"
"7014854",371863,2025-07-11 06:21:44,43.3599891662598,-8.84076118469238,"Unknown"
"7014854",371863,2025-07-11 06:26:42,43.3600654602051,-8.8401517868042,"Unknown"
"7014854",371863,2025-07-11 06:31:42,43.3596420288086,-8.83842086791992,"Unknown"
"7014854",371863,2025-07-11 06:36:47,43.3600387573242,-8.84070682525635,"Unknown"
"7014854",371863,2025-07-11 06:41:45,43.3600769042969,-8.84030628204346,"Unknown"
"7014854",371863,2025-07-11 06:46:47,43.359935760498,-8.84103107452393,"Unknown"
"7014854",371863,2025-07-11 06:51:42,43.3600616455078,-8.84077930450439,"Unknown"
"7014854",371863,2025-07-11 06:56:44,43.3599510192871,-8.84093284606934,"Unknown"
"7014854",371863,2025-07-11 07:01:42,43.3599891662598,-8.84077644348145,"Unknown"
"7014854",371863,2025-07-11 07:06:42,43.360107421875,-8.84046936035156,"Unknown"
"7014854",371863,2025-07-11 07:11:46,43.3599281311035,-8.84078598022461,"Unknown"
"7014854",371863,2025-07-11 07:16:44,43.3600158691406,-8.84064865112305,"Unknown"
"7014854",371863,2025-07-11 07:21:42,43.3599166870117,-8.8410120010376,"Unknown"
"7014854",371863,2025-07-11 07:26:43,43.3599510192871,-8.84071350097656,"Unknown"
"7014854",371863,2025-07-11 07:31:44,43.3598709106445,-8.84103393554688,"Unknown"
"7014854",371863,2025-07-11 07:36:49,43.3599472045898,-8.84117794036865,"Unknown"
"7014854",371863,2025-07-11 07:41:41,43.3598785400391,-8.84124088287354,"Unknown"
"7014854",371863,2025-07-11 07:46:43,43.3597717285156,-8.84105396270752,"Unknown"
"7014854",371863,2025-07-11 07:51:43,43.3600120544434,-8.84102630615234,"Unknown"
"7014854",371863,2025-07-11 07:56:43,43.3597755432129,-8.84107494354248,"Unknown"
"7014854",371863,2025-07-11 08:01:44,43.3598899841309,-8.84114551544189,"Unknown"
"7014854",371863,2025-07-11 08:06:42,43.3598670959473,-8.84117126464844,"Unknown"
"7014854",371863,2025-07-11 08:11:50,43.3600578308105,-8.84123516082764,"Unknown"
"7014854",371863,2025-07-11 08:16:42,43.360466003418,-8.84409999847412,"Unknown"
"7014854",371863,2025-07-11 08:21:42,43.3724899291992,-8.86079692840576,"Unknown"
"7014854",371863,2025-07-11 08:26:42,43.3919105529785,-8.88532829284668,"Unknown"
"7014854",371863,2025-07-11 08:31:43,43.4037666320801,-8.90565395355225,"Unknown"
"7014854",371863,2025-07-11 08:36:42,43.4244232177734,-8.92971038818359,"Unknown"
"7014854",371863,2025-07-11 08:41:42,43.4511337280273,-8.94113826751709,"Unknown"
"7014854",371863,2025-07-11 08:46:43,43.4582099914551,-8.93569183349609,"Unknown"
"7014854",371863,2025-07-11 08:51:43,43.4607086181641,-8.93023586273193,"Unknown"
"7014854",371863,2025-07-11 08:56:42,43.4725303649902,-8.95147705078125,"Unknown"
"7014854",371863,2025-07-11 09:01:42,43.4783592224121,-8.98406791687012,"Unknown"
"7014854",371863,2025-07-11 09:06:42,43.4788246154785,-9.0159215927124,"Unknown"
"7014854",371863,2025-07-11 09:11:42,43.457763671875,-9.02939128875732,"Unknown"
"7014854",371863,2025-07-11 09:16:42,43.4462661743164,-9.05374336242676,"Unknown"
"7014854",371863,2025-07-11 09:21:42,43.431282043457,-9.08111763000488,"Unknown"
"7014854",371863,2025-07-11 09:26:42,43.4071617126465,-9.09750175476074,"Unknown"
"7014854",371863,2025-07-11 09:31:42,43.395206451416,-9.10545921325684,"Unknown"
"7014854",371863,2025-07-11 09:36:42,43.3957328796387,-9.10578632354736,"Unknown"
"7014854",371863,2025-07-11 09:41:43,43.3885803222656,-9.10721778869629,"Unknown"
"7014854",371863,2025-07-11 09:46:42,43.3809432983398,-9.08261680603027,"Unknown"
"7014854",371863,2025-07-11 09:51:42,43.3778953552246,-9.03345680236816,"Unknown"
"7014854",371863,2025-07-11 09:56:42,43.3777885437012,-8.98433589935303,"Unknown"
"7014854",371863,2025-07-11 10:01:47,43.3773040771484,-8.93294143676758,"Unknown"
"7014854",371863,2025-07-11 10:06:43,43.3834342956543,-8.89357662200928,"Unknown"
"7014854",371863,2025-07-11 10:11:42,43.3832321166992,-8.89296436309814,"Unknown"
"7014854",371863,2025-07-11 10:16:50,43.383472442627,-8.89266204833984,"Unknown"
"7014854",371863,2025-07-11 10:21:42,43.3827857971191,-8.8924503326416,"Unknown"
"7014854",371863,2025-07-11 10:26:49,43.3794174194336,-8.89294719696045,"Unknown"
"7014854",371863,2025-07-11 10:31:43,43.3847618103027,-8.89572048187256,"Unknown"
"7014854",371863,2025-07-11 10:36:44,43.3886642456055,-8.90010166168213,"Unknown"
"7014854",371863,2025-07-11 10:41:42,43.3883972167969,-8.89931583404541,"Unknown"
"7014854",371863,2025-07-11 10:46:42,43.3784713745117,-8.87086009979248,"Unknown"
"7014854",371863,2025-07-11 10:52:14,43.3609085083008,-8.84821891784668,"Unknown"
"7014854",371863,2025-07-11 10:56:41,43.3612518310547,-8.84836769104004,"Unknown"
"7014854",371863,2025-07-11 11:01:41,43.3613510131836,-8.8484058380127,"Unknown"
"7014854",371863,2025-07-11 11:06:59,43.361270904541,-8.84836483001709,"Unknown"
"7014854",371863,2025-07-11 11:11:52,43.361141204834,-8.84828186035156,"Unknown"
"7014854",371863,2025-07-11 11:16:41,43.361400604248,-8.84840679168701,"Unknown"
"7014854",371863,2025-07-11 11:21:43,43.3613548278809,-8.84837532043457,"Unknown"
"7014854",371863,2025-07-11 11:26:49,43.3612823486328,-8.84835624694824,"Unknown"
"7014854",371863,2025-07-11 11:32:14,43.3610610961914,-8.8486270904541,"Unknown"
"7014854",371863,2025-07-11 11:36:41,43.3608093261719,-8.84834480285645,"Unknown"
"7014854",371863,2025-07-11 11:41:41,43.3607139587402,-8.84842014312744,"Unknown"
"7014854",371863,2025-07-11 11:46:42,43.3614311218262,-8.84857368469238,"Unknown"
"7014854",371863,2025-07-11 11:51:41,43.3612594604492,-8.84852027893066,"Unknown"
"7014854",371863,2025-07-11 11:56:42,43.361011505127,-8.8488073348999,"Unknown"
"7014854",371863,2025-07-11 12:01:42,43.3610649108887,-8.84887886047363,"Unknown"
"7014854",371863,2025-07-11 12:06:44,43.3610687255859,-8.84889602661133,"Unknown"
"7014854",371863,2025-07-11 12:11:44,43.3609085083008,-8.84860420227051,"Unknown"
"7014854",371863,2025-07-11 12:16:42,43.3610725402832,-8.84882259368896,"Unknown"
"7014854",371863,2025-07-11 12:21:44,43.3610343933105,-8.84901237487793,"Unknown"
"7014854",371863,2025-07-11 12:26:41,43.3703460693359,-8.85577869415283,"Unknown"
"7014854",371863,2025-07-11 12:31:41,43.391960144043,-8.86442279815674,"Unknown"
"7014854",371863,2025-07-11 12:36:43,43.4095344543457,-8.84972763061523,"Unknown"
"7014854",371863,2025-07-11 12:41:48,43.4094161987305,-8.84912395477295,"Unknown"
"7014854",371863,2025-07-11 12:46:41,43.4251670837402,-8.84794902801514,"Unknown"
"7014854",371863,2025-07-11 12:51:41,43.443042755127,-8.82176303863525,"Unknown"
"7014854",371863,2025-07-11 12:56:41,43.4416351318359,-8.78740406036377,"Unknown"
"7014854",371863,2025-07-11 13:01:41,43.4569778442383,-8.73584365844727,"Unknown"
"7014854",371863,2025-07-11 13:06:41,43.4659957885742,-8.67632579803467,"Unknown"
"7014854",371863,2025-07-11 13:11:41,43.491325378418,-8.63495635986328,"Unknown"
"7014854",371863,2025-07-11 13:16:41,43.5219879150391,-8.63914489746094,"Unknown"
"7014854",371863,2025-07-11 13:21:41,43.5561561584473,-8.63847064971924,"Unknown"
"7014854",371863,2025-07-11 13:26:44,43.5805168151855,-8.62634754180908,"Unknown"
"7014854",371863,2025-07-11 13:31:43,43.5838165283203,-8.62053871154785,"Unknown"
"7014854",371863,2025-07-11 13:36:47,43.5873489379883,-8.61492252349854,"Unknown"
"7014854",371863,2025-07-11 13:41:41,43.598201751709,-8.61559104919434,"Unknown"
"7014854",371863,2025-07-11 13:46:41,43.6297607421875,-8.58942222595215,"Unknown"
"7014854",371863,2025-07-11 13:51:41,43.6462287902832,-8.53687477111816,"Unknown"
"7014854",371863,2025-07-11 13:56:43,43.6407356262207,-8.47472381591797,"Unknown"
"7014854",371863,2025-07-11 14:01:42,43.6302909851074,-8.47321605682373,"Unknown"
"7014854",371863,2025-07-11 14:06:41,43.6176147460938,-8.46851253509521,"Unknown"
"7014854",371863,2025-07-11 14:11:41,43.6084251403809,-8.46544075012207,"Unknown"
"7014854",371863,2025-07-11 14:16:43,43.591381072998,-8.45358467102051,"Unknown"
"7014854",371863,2025-07-11 14:21:41,43.5791130065918,-8.44711875915527,"Unknown"
"7014854",371863,2025-07-11 14:26:43,43.5666770935059,-8.44253349304199,"Unknown"
"7014854",371863,2025-07-11 14:31:42,43.5537338256836,-8.43862152099609,"Unknown"
"7014854",371863,2025-07-11 14:36:41,43.533821105957,-8.43513298034668,"Unknown"
"7014854",371863,2025-07-11 14:41:42,43.504207611084,-8.43795967102051,"Unknown"
"7014854",371863,2025-07-11 14:46:41,43.4741249084473,-8.44173431396484,"Unknown"
"7014854",371863,2025-07-11 14:51:42,43.4497833251953,-8.4496021270752,"Unknown"
"7014854",371863,2025-07-11 14:56:42,43.4302215576172,-8.47651672363281,"Unknown"
"7014854",371863,2025-07-11 15:01:42,43.4112091064453,-8.50058269500732,"Unknown"
"7014854",371863,2025-07-11 15:06:42,43.3967666625977,-8.52366733551025,"Unknown"
"7014854",371863,2025-07-11 15:11:43,43.3803443908691,-8.54539012908936,"Unknown"
"7014854",371863,2025-07-11 15:16:42,43.3678779602051,-8.5766658782959,"Unknown"
"7014854",371863,2025-07-11 15:21:42,43.3577461242676,-8.60903453826904,"Unknown"
"7014854",371863,2025-07-11 15:26:41,43.3499603271484,-8.64199924468994,"Unknown"
"7014854",371863,2025-07-11 15:31:43,43.3479995727539,-8.6730899810791,"Unknown"
"7014854",371863,2025-07-11 15:36:43,43.3451194763184,-8.68896293640137,"Unknown"
"7014854",371863,2025-07-11 15:41:43,43.3453254699707,-8.68947124481201,"Unknown"
"7014854",371863,2025-07-11 15:46:46,43.3455276489258,-8.68999004364014,"Unknown"
"7014854",371863,2025-07-11 15:51:46,43.3457832336426,-8.69054508209229,"Unknown"
"7014854",371863,2025-07-11 15:56:42,43.3239097595215,-8.7036190032959,"Unknown"
"7014854",371863,2025-07-11 16:01:43,43.298999786377,-8.7257776260376,"Unknown"
"7014854",371863,2025-07-11 16:06:42,43.2936210632324,-8.73821258544922,"Unknown"
"7014854",371863,2025-07-11 16:11:46,43.2935066223145,-8.7381591796875,"Unknown"
"7014854",371863,2025-07-11 16:16:45,43.2934265136719,-8.73811340332031,"Unknown"
"7014854",371863,2025-07-11 16:21:48,43.2932929992676,-8.73827171325684,"Unknown"
"7014854",371863,2025-07-11 16:26:55,43.2922859191895,-8.73777389526367,"Unknown"
"7014854",371863,2025-07-11 16:31:43,43.3000183105469,-8.75746250152588,"Unknown"
"7014854",371863,2025-07-11 16:36:43,43.2995529174805,-8.7729959487915,"Unknown"
"7014854",371863,2025-07-11 16:41:43,43.3158416748047,-8.79942035675049,"Unknown"
"7014854",371863,2025-07-11 16:46:43,43.3305892944336,-8.81990909576416,"Unknown"
"7014854",371863,2025-07-11 16:51:43,43.3534851074219,-8.8332633972168,"Unknown"
"7014854",371863,2025-07-11 16:56:43,43.3597869873047,-8.84032344818115,"Unknown"
"7014854",371863,2025-07-11 17:01:45,43.3590240478516,-8.83889961242676,"Unknown"
"7014854",371863,2025-07-11 17:06:50,43.3601722717285,-8.84217739105225,"Unknown"
"7014854",371863,2025-07-11 17:11:49,43.3605575561523,-8.84062194824219,"Unknown"
"7014854",371863,2025-07-11 17:16:49,43.360782623291,-8.84088611602783,"Unknown"
"7014854",371863,2025-07-11 17:21:47,43.3608512878418,-8.84092903137207,"Unknown"
"7014854",371863,2025-07-11 17:26:48,43.3605270385742,-8.84037399291992,"Unknown"
"7014854",371863,2025-07-11 17:31:43,43.3599891662598,-8.84181499481201,"Unknown"
"7014854",371863,2025-07-11 17:36:42,43.3609275817871,-8.84106731414795,"Unknown"
"7014854",371863,2025-07-11 17:41:44,43.3607711791992,-8.8411979675293,"Unknown"
"7014854",371863,2025-07-11 17:46:50,43.3610305786133,-8.84095191955566,"Unknown"
"7014854",371863,2025-07-11 17:51:43,43.361156463623,-8.84100723266602,"Unknown"
"7014854",371863,2025-07-11 17:56:44,43.3611907958984,-8.84115695953369,"Unknown"
"7014854",371863,2025-07-11 18:01:43,43.3611755371094,-8.84105777740479,"Unknown"
"7014854",371863,2025-07-11 18:06:43,43.3611259460449,-8.84109401702881,"Unknown"
"7014854",371863,2025-07-11 18:11:43,43.3611946105957,-8.84098434448242,"Unknown"
"7014854",371863,2025-07-11 18:16:43,43.3611907958984,-8.84106063842773,"Unknown"
"7014854",371863,2025-07-11 18:21:43,43.3609924316406,-8.84093284606934,"Unknown"
"7014854",371863,2025-07-11 18:26:43,43.3608055114746,-8.84033107757568,"Unknown"
"7014854",371863,2025-07-11 18:31:43,43.3611030578613,-8.84071445465088,"Unknown"
"7014854",371863,2025-07-11 18:36:43,43.3609771728516,-8.84100818634033,"Unknown"
"7014854",371863,2025-07-11 18:41:44,43.3613662719727,-8.84086322784424,"Unknown"
"7014854",371863,2025-07-11 18:46:42,43.3608703613281,-8.84079360961914,"Unknown"
"7014854",371863,2025-07-11 18:51:46,43.3620567321777,-8.83976745605469,"Unknown"
"7014854",371863,2025-07-11 18:56:43,43.3607368469238,-8.84102344512939,"Unknown"
"7014854",371863,2025-07-11 19:01:43,43.3615226745605,-8.84038734436035,"Unknown"
"7014854",371863,2025-07-11 19:06:43,43.3619689941406,-8.84000205993652,"Unknown"
"7014854",371863,2025-07-11 19:11:44,43.3606796264648,-8.84097576141357,"Unknown"
"7014854",371863,2025-07-11 19:16:42,43.3665924072266,-8.83185291290283,"Unknown"
"7014854",371863,2025-07-11 19:22:15,43.3609085083008,-8.84421730041504,"Unknown"
"7014854",371863,2025-07-11 19:26:42,43.3613357543945,-8.84438800811768,"Unknown"
"7014854",371863,2025-07-11 19:31:44,43.361385345459,-8.84427642822266,"Unknown"
"7014854",371863,2025-07-11 19:36:43,43.3600196838379,-8.84415912628174,"Unknown"
"7014854",371863,2025-07-11 19:41:44,43.3603477478027,-8.84079456329346,"Unknown"
"7014854",371863,2025-07-11 19:46:46,43.360538482666,-8.84082698822021,"Unknown"
"7014854",371863,2025-07-11 19:51:44,43.3603668212891,-8.84078693389893,"Unknown"
"7014854",371863,2025-07-11 19:56:43,43.3603401184082,-8.84073543548584,"Unknown"
"7014854",371863,2025-07-11 20:01:43,43.3602828979492,-8.84071350097656,"Unknown"
"7014854",371863,2025-07-11 20:06:47,43.3606567382812,-8.84087562561035,"Unknown"
"7014854",371863,2025-07-11 20:11:43,43.3604583740234,-8.84090137481689,"Unknown"
"7014854",371863,2025-07-11 20:16:44,43.3606147766113,-8.84099578857422,"Unknown"
"7014854",371863,2025-07-11 20:21:43,43.3603858947754,-8.8408727645874,"Unknown"
"7014854",371863,2025-07-11 20:26:43,43.3604583740234,-8.84092044830322,"Unknown"
"7014854",371863,2025-07-11 20:31:43,43.3605651855469,-8.84080982208252,"Unknown"
"7014854",371863,2025-07-11 20:36:44,43.3605422973633,-8.84080028533936,"Unknown"
"7014854",371863,2025-07-11 20:41:43,43.360466003418,-8.8406286239624,"Unknown"
"7014854",371863,2025-07-11 20:46:44,43.3605422973633,-8.84097003936768,"Unknown"
"7014854",371863,2025-07-11 20:51:45,43.3605117797852,-8.84109020233154,"Unknown"
"7014854",371863,2025-07-11 20:56:44,43.3604354858398,-8.84131908416748,"Unknown"
"7014854",371863,2025-07-11 21:01:43,43.3604774475098,-8.84089183807373,"Unknown"
"7014854",371863,2025-07-11 21:06:43,43.3604278564453,-8.84079265594482,"Unknown"
"7014854",371863,2025-07-11 21:11:43,43.3604583740234,-8.84075355529785,"Unknown"
"7014854",371863,2025-07-11 21:16:43,43.371467590332,-8.84741878509521,"Unknown"
"7014854",371863,2025-07-11 21:21:45,43.3750076293945,-8.85568714141846,"Unknown"
"7014854",371863,2025-07-11 21:26:44,43.3757705688477,-8.85583114624023,"Unknown"
"7014854",371863,2025-07-11 21:31:44,43.3765411376953,-8.85582256317139,"Unknown"
"7014854",371863,2025-07-11 21:36:46,43.377269744873,-8.8557071685791,"Unknown"
"7014854",371863,2025-07-11 21:41:50,43.3727912902832,-8.86292362213135,"Unknown"
"7014854",371863,2025-07-11 21:46:44,43.3722152709961,-8.86330032348633,"Unknown"
"7014854",371863,2025-07-11 21:51:46,43.3727264404297,-8.86318492889404,"Unknown"
"7014854",371863,2025-07-11 21:56:45,43.3728790283203,-8.8630895614624,"Unknown"
"7014854",371863,2025-07-11 22:01:43,43.3717842102051,-8.86143589019775,"Unknown"
"7014854",371863,2025-07-11 22:06:43,43.3526992797852,-8.85723686218262,"Unknown"
"7014854",371863,2025-07-11 22:11:44,43.3604393005371,-8.84135818481445,"Unknown"
"7014854",371863,2025-07-11 22:16:48,43.3603057861328,-8.84095191955566,"Unknown"
"7014854",371863,2025-07-11 22:21:43,43.3603248596191,-8.8408088684082,"Unknown"
"7014854",371863,2025-07-11 22:26:43,43.3603973388672,-8.84092617034912,"Unknown"
"7014854",371863,2025-07-11 22:31:45,43.3606109619141,-8.84106254577637,"Unknown"
"7014854",371863,2025-07-11 22:36:45,43.3607330322266,-8.84112739562988,"Unknown"
"7014854",371863,2025-07-11 22:41:44,43.360710144043,-8.84123802185059,"Unknown"
"7014854",371863,2025-07-11 22:46:46,43.3607521057129,-8.84136486053467,"Unknown"
"7014854",371863,2025-07-11 22:51:48,43.3607864379883,-8.84152317047119,"Unknown"
"7014854",371863,2025-07-11 22:56:46,43.3608245849609,-8.84161376953125,"Unknown"
"7014854",371863,2025-07-11 23:01:58,43.3604545593262,-8.84071922302246,"Unknown"
"7014854",371863,2025-07-11 23:06:56,43.3603477478027,-8.84076881408691,"Unknown"
"7014854",371863,2025-07-11 23:11:45,43.360221862793,-8.83987140655518,"Unknown"
"7014854",371863,2025-07-11 23:16:55,43.3602600097656,-8.84069442749023,"Unknown"
"7014854",371863,2025-07-11 23:21:45,43.3601837158203,-8.83937740325928,"Unknown"
"7014854",371863,2025-07-11 23:26:44,43.3602981567383,-8.8406810760498,"Unknown"
"7014854",371863,2025-07-11 23:31:43,43.3604011535645,-8.84024524688721,"Unknown"
"7014854",371863,2025-07-11 23:36:45,43.3603324890137,-8.84042358398438,"Unknown"
"7014854",371863,2025-07-11 23:41:46,43.3609275817871,-8.83917140960693,"Unknown"
"7014854",371863,2025-07-11 23:46:46,43.3603706359863,-8.84034633636475,"Unknown"
"7014854",371863,2025-07-11 23:51:46,43.3603973388672,-8.84036731719971,"Unknown"
"7014854",371863,2025-07-11 23:56:50,43.3603248596191,-8.84061050415039,"Unknown"
"7014854",371863,2025-07-12 00:01:45,43.3601989746094,-8.84084987640381,"Unknown"
"7014854",371863,2025-07-12 00:06:54,43.3598556518555,-8.8409948348999,"Unknown"
"7014854",371863,2025-07-12 00:11:54,43.3600425720215,-8.84069061279297,"Unknown"
"7014854",371863,2025-07-12 00:16:48,43.3592300415039,-8.84221839904785,"Unknown"
"7014854",371863,2025-07-12 00:21:55,43.3600769042969,-8.8405590057373,"Unknown"
"7014854",371863,2025-07-12 00:26:54,43.3602180480957,-8.84032344818115,"Unknown"
"7014854",371863,2025-07-12 00:31:44,43.3593101501465,-8.84215545654297,"Unknown"
"7014854",371863,2025-07-12 00:36:44,43.359375,-8.84199619293213,"Unknown"
"7014854",371863,2025-07-12 00:41:44,43.3594093322754,-8.84190368652344,"Unknown"
"7014854",371863,2025-07-12 00:46:44,43.3594551086426,-8.84177780151367,"Unknown"
"7014854",371863,2025-07-12 00:51:44,43.359447479248,-8.84176731109619,"Unknown"
"7014854",371863,2025-07-12 00:56:44,43.3594779968262,-8.84161853790283,"Unknown"
"7014854",371863,2025-07-12 01:01:44,43.3594703674316,-8.84157562255859,"Unknown"
"7014854",371863,2025-07-12 01:06:45,43.360034942627,-8.8404016494751,"Unknown"
"7014854",371863,2025-07-12 01:11:45,43.3599624633789,-8.84092712402344,"Unknown"
"7014854",371863,2025-07-12 01:16:46,43.3593864440918,-8.84148502349854,"Unknown"
"7014854",371863,2025-07-12 01:21:44,43.3598327636719,-8.8411693572998,"Unknown"
"7014854",371863,2025-07-12 01:26:44,43.3599815368652,-8.8411693572998,"Unknown"
"7014854",371863,2025-07-12 01:31:44,43.3599243164062,-8.8409366607666,"Unknown"
"7014854",371863,2025-07-12 01:36:44,43.360237121582,-8.84020614624023,"Unknown"
"7014854",371863,2025-07-12 01:41:44,43.3604698181152,-8.83955764770508,"Unknown"
"7014854",371863,2025-07-12 01:46:44,43.3603515625,-8.83960437774658,"Unknown"
"7014854",371863,2025-07-12 01:51:44,43.3603858947754,-8.8399076461792,"Unknown"
"7014854",371863,2025-07-12 01:56:44,43.360408782959,-8.83997535705566,"Unknown"
"7014854",371863,2025-07-12 02:01:45,43.3603744506836,-8.84003353118896,"Unknown"
"7014854",371863,2025-07-12 02:06:49,43.3606262207031,-8.84030342102051,"Unknown"
"7014854",371863,2025-07-12 02:11:50,43.3607368469238,-8.8406229019165,"Unknown"
"7014854",371863,2025-07-12 02:16:48,43.3607482910156,-8.84071636199951,"Unknown"
"7014854",371863,2025-07-12 02:21:47,43.3608474731445,-8.84075260162354,"Unknown"
"7014854",371863,2025-07-12 02:26:54,43.3606224060059,-8.84098052978516,"Unknown"
"7014854",371863,2025-07-12 02:31:45,43.3606147766113,-8.84094524383545,"Unknown"
"7014854",371863,2025-07-12 02:36:44,43.3654136657715,-8.83558368682861,"Unknown"
"7014854",371863,2025-07-12 02:41:45,43.3606948852539,-8.84084701538086,"Unknown"
"7014854",371863,2025-07-12 02:46:47,43.3605766296387,-8.84083938598633,"Unknown"
"7014854",371863,2025-07-12 02:51:47,43.3605499267578,-8.84093761444092,"Unknown"
"7014854",371863,2025-07-12 02:56:44,43.3603820800781,-8.84104347229004,"Unknown"
"7014854",371863,2025-07-12 03:01:46,43.3602104187012,-8.84122180938721,"Unknown"
"7014854",371863,2025-07-12 03:06:48,43.3602066040039,-8.84114933013916,"Unknown"
"7014854",371863,2025-07-12 03:11:48,43.3602256774902,-8.84114360809326,"Unknown"
"7014854",371863,2025-07-12 03:16:46,43.3602027893066,-8.84117698669434,"Unknown"
"7014854",371863,2025-07-12 03:21:48,43.3601837158203,-8.84120750427246,"Unknown"
"7014854",371863,2025-07-12 03:26:52,43.3601493835449,-8.84125995635986,"Unknown"
"7014854",371863,2025-07-12 03:31:46,43.3601608276367,-8.84125232696533,"Unknown"
"7014854",371863,2025-07-12 03:36:45,43.3601684570312,-8.84120845794678,"Unknown"
"7014854",371863,2025-07-12 03:41:44,43.3601417541504,-8.84116744995117,"Unknown"
"7014854",371863,2025-07-12 03:46:46,43.3601188659668,-8.84113216400146,"Unknown"
"7014854",371863,2025-07-12 03:51:46,43.3602104187012,-8.84106636047363,"Unknown"
"7014854",371863,2025-07-12 03:56:51,43.3602333068848,-8.84106922149658,"Unknown"
"7014854",371863,2025-07-12 04:01:47,43.3601722717285,-8.84104251861572,"Unknown"
"7014854",371863,2025-07-12 04:06:45,43.3601531982422,-8.84097576141357,"Unknown"
"7014854",371863,2025-07-12 04:11:46,43.3599586486816,-8.84088134765625,"Unknown"
"7014854",371863,2025-07-12 04:16:44,43.3600158691406,-8.84102821350098,"Unknown"
"7014854",371863,2025-07-12 04:21:45,43.3710174560547,-8.86419486999512,"Unknown"
"7014854",371863,2025-07-12 04:26:44,43.3712272644043,-8.86189746856689,"Unknown"
"7014854",371863,2025-07-12 04:31:45,43.3741569519043,-8.85920906066895,"Unknown"
"7014854",371863,2025-07-12 04:36:45,43.3733787536621,-8.85446357727051,"Unknown"
"7014854",371863,2025-07-12 04:41:49,43.3729705810547,-8.85351371765137,"Unknown"
"7014854",371863,2025-07-12 04:46:45,43.3681182861328,-8.85039043426514,"Unknown"
"7014854",371863,2025-07-12 04:51:53,43.3603057861328,-8.84121036529541,"Unknown"
"7014854",371863,2025-07-12 04:56:45,43.3599281311035,-8.84067630767822,"Unknown"
"7014854",371863,2025-07-12 05:01:45,43.3600044250488,-8.8406810760498,"Unknown"
"7014854",371863,2025-07-12 05:06:44,43.3609008789062,-8.84142303466797,"Unknown"
"7014854",371863,2025-07-12 05:11:49,43.3602256774902,-8.8411922454834,"Unknown"
"7014854",371863,2025-07-12 05:16:50,43.3478775024414,-8.82433032989502,"Unknown"
"7014854",371863,2025-07-12 05:21:47,43.361083984375,-8.84175872802734,"Unknown"
"7014854",371863,2025-07-12 05:26:54,43.3610000610352,-8.84184741973877,"Unknown"
"7014854",371863,2025-07-12 05:31:43,43.3607406616211,-8.84135437011719,"Unknown"
"7014854",371863,2025-07-12 05:37:04,43.3602828979492,-8.84097576141357,"Unknown"
"7014854",371863,2025-07-12 05:41:43,43.3602447509766,-8.8409309387207,"Unknown"
"7014854",371863,2025-07-12 05:46:44,43.3603935241699,-8.84076881408691,"Unknown"
"7014854",371863,2025-07-12 05:51:43,43.3603630065918,-8.84090328216553,"Unknown"
"7014854",371863,2025-07-12 05:56:45,43.3603324890137,-8.8409252166748,"Unknown"
"7014854",371863,2025-07-12 06:01:43,43.3604011535645,-8.84089183807373,"Unknown"
"7014854",371863,2025-07-12 06:06:42,43.3604011535645,-8.84082698822021,"Unknown"
"7014854",371863,2025-07-12 06:11:43,43.3604278564453,-8.84082984924316,"Unknown"
"7014854",371863,2025-07-12 06:16:43,43.3603858947754,-8.84083938598633,"Unknown"
"7014854",371863,2025-07-12 06:21:43,43.3604011535645,-8.84080696105957,"Unknown"
"7014854",371863,2025-07-12 06:26:43,43.3603897094727,-8.8408260345459,"Unknown"
"7014854",371863,2025-07-12 06:31:45,43.3603286743164,-8.84088611602783,"Unknown"
"7014854",371863,2025-07-12 06:36:44,43.3603172302246,-8.8409252166748,"Unknown"
"7014854",371863,2025-07-12 06:41:45,43.3603439331055,-8.84080600738525,"Unknown"
"7014854",371863,2025-07-12 06:46:47,43.3603630065918,-8.84085464477539,"Unknown"
"7014854",371863,2025-07-12 06:51:43,43.3602905273438,-8.84089660644531,"Unknown"
"7014854",371863,2025-07-12 06:56:45,43.3610916137695,-8.84043598175049,"Unknown"
"7014854",371863,2025-07-12 07:01:43,43.3602409362793,-8.84096813201904,"Unknown"
"7014854",371863,2025-07-12 07:06:45,43.3603401184082,-8.84096240997314,"Unknown"
"7014854",371863,2025-07-12 07:11:43,43.3603019714355,-8.84095764160156,"Unknown"
"7014854",371863,2025-07-12 07:16:46,43.3603324890137,-8.84100914001465,"Unknown"
"7014854",371863,2025-07-12 07:21:43,43.3604354858398,-8.84110927581787,"Unknown"
"7014854",371863,2025-07-12 07:26:43,43.3603096008301,-8.84095191955566,"Unknown"
"7014854",371863,2025-07-12 07:31:47,43.3600006103516,-8.84084224700928,"Unknown"
"7014854",371863,2025-07-12 07:36:48,43.3600997924805,-8.84087944030762,"Unknown"
"7014854",371863,2025-07-12 07:41:49,43.3601722717285,-8.84089183807373,"Unknown"
"7014854",371863,2025-07-12 07:46:45,43.360279083252,-8.84101104736328,"Unknown"
"7014854",371863,2025-07-12 07:51:54,43.3602294921875,-8.84088802337646,"Unknown"
"7014854",371863,2025-07-12 07:56:44,43.3605003356934,-8.84114742279053,"Unknown"
"7014854",371863,2025-07-12 08:07:20,43.3608093261719,-8.8440637588501,"Unknown"
"7014854",371863,2025-07-12 08:11:43,43.3615570068359,-8.84831047058105,"Unknown"
"7014854",371863,2025-07-12 08:16:43,43.3616256713867,-8.85049057006836,"Unknown"
"7014854",371863,2025-07-12 08:21:48,43.3613700866699,-8.84978866577148,"Unknown"
"7014854",371863,2025-07-12 08:26:46,43.3609886169434,-8.84905338287354,"Unknown"
"7014854",371863,2025-07-12 08:31:55,43.3611526489258,-8.84910774230957,"Unknown"
"7014854",371863,2025-07-12 08:36:45,43.3610038757324,-8.84995746612549,"Unknown"
"7014854",371863,2025-07-12 08:41:43,43.3831062316895,-8.87375926971436,"Unknown"
"7014854",371863,2025-07-12 08:46:43,43.3837585449219,-8.9056224822998,"Unknown"
"7014854",371863,2025-07-12 08:51:43,43.3691711425781,-8.92932605743408,"Unknown"
"7014854",371863,2025-07-12 08:56:43,43.359806060791,-8.95699501037598,"Unknown"
"7014854",371863,2025-07-12 09:01:43,43.3559684753418,-8.96360492706299,"Unknown"
"7014854",371863,2025-07-12 09:06:43,43.3445854187012,-8.92830753326416,"Unknown"
"7014854",371863,2025-07-12 09:11:44,43.3311958312988,-8.89695167541504,"Unknown"
"7014854",371863,2025-07-12 09:16:45,43.325927734375,-8.86762237548828,"Unknown"
"7014854",371863,2025-07-12 09:21:46,43.3143272399902,-8.85642433166504,"Unknown"
"7014854",371863,2025-07-12 09:26:44,43.3143692016602,-8.85645389556885,"Unknown"
"7014854",371863,2025-07-12 09:31:43,43.3141288757324,-8.85640811920166,"Unknown"
"7014854",371863,2025-07-12 09:36:46,43.3192749023438,-8.85647773742676,"Unknown"
"7014854",371863,2025-07-12 09:41:43,43.3193130493164,-8.85651588439941,"Unknown"
"7014854",371863,2025-07-12 09:46:43,43.319221496582,-8.85650444030762,"Unknown"
"7014854",371863,2025-07-12 09:51:44,43.3192825317383,-8.85647296905518,"Unknown"
"7014854",371863,2025-07-12 09:56:47,43.3196105957031,-8.8564977645874,"Unknown"
"7014854",371863,2025-07-12 10:01:48,43.3202133178711,-8.85710334777832,"Unknown"
"7014854",371863,2025-07-12 10:06:55,43.3195381164551,-8.85647869110107,"Unknown"
"7014854",371863,2025-07-12 10:11:52,43.3195495605469,-8.85648632049561,"Unknown"
"7014854",371863,2025-07-12 10:16:52,43.3195457458496,-8.85651779174805,"Unknown"
"7014854",371863,2025-07-12 10:21:54,43.3194580078125,-8.85657215118408,"Unknown"
"7014854",371863,2025-07-12 10:26:53,43.3195190429688,-8.85649681091309,"Unknown"
"7014854",371863,2025-07-12 10:31:52,43.3196296691895,-8.85663032531738,"Unknown"
"7014854",371863,2025-07-12 10:36:45,43.3346252441406,-8.84640979766846,"Unknown"
"7014854",371863,2025-07-12 10:41:44,43.3614311218262,-8.8217077255249,"Unknown"
"7014854",371863,2025-07-12 10:46:45,43.3621520996094,-8.84330558776855,"Unknown"
"7014854",371863,2025-07-12 10:51:51,43.360481262207,-8.84055423736572,"Unknown"
"7014854",371863,2025-07-12 10:56:45,43.3603630065918,-8.84109401702881,"Unknown"
"7014854",371863,2025-07-12 11:01:47,43.3597183227539,-8.84030342102051,"Unknown"
"7014854",371863,2025-07-12 11:06:44,43.3603935241699,-8.84110355377197,"Unknown"
"7014854",371863,2025-07-12 11:11:47,43.359790802002,-8.84034156799316,"Unknown"
"7014854",371863,2025-07-12 11:16:47,43.3598861694336,-8.84036159515381,"Unknown"
"7014854",371863,2025-07-12 11:21:54,43.3604736328125,-8.84115028381348,"Unknown"
"7014854",371863,2025-07-12 11:26:56,43.3604621887207,-8.84103298187256,"Unknown"
"7014854",371863,2025-07-12 11:32:00,43.3604583740234,-8.84101009368896,"Unknown"
"7014854",371863,2025-07-12 11:37:05,43.3602256774902,-8.84095096588135,"Unknown"
"7014854",371863,2025-07-12 11:41:44,43.3601684570312,-8.841064453125,"Unknown"
"7014854",371863,2025-07-12 11:46:44,43.3601837158203,-8.84093284606934,"Unknown"
"7014854",371863,2025-07-12 11:51:44,43.3601913452148,-8.84094619750977,"Unknown"
"7014854",371863,2025-07-12 11:56:43,43.3601989746094,-8.84097003936768,"Unknown"
"7014854",371863,2025-07-12 12:01:43,43.3602561950684,-8.84092712402344,"Unknown"
"7014854",371863,2025-07-12 12:06:43,43.3602142333984,-8.84095859527588,"Unknown"
"7014854",371863,2025-07-12 12:11:44,43.3602104187012,-8.8409481048584,"Unknown"
"7014854",371863,2025-07-12 12:16:43,43.3602828979492,-8.84085845947266,"Unknown"
"7014854",371863,2025-07-12 12:21:44,43.3603096008301,-8.84093761444092,"Unknown"
"7014854",371863,2025-07-12 12:26:44,43.360179901123,-8.84092903137207,"Unknown"
"7014854",371863,2025-07-12 12:31:46,43.3602752685547,-8.84091949462891,"Unknown"
"7014854",371863,2025-07-12 12:36:46,43.3603591918945,-8.84102153778076,"Unknown"
"7014854",371863,2025-07-12 12:41:44,43.3604621887207,-8.84111022949219,"Unknown"
"7014854",371863,2025-07-12 12:46:52,43.3603057861328,-8.84089374542236,"Unknown"
"7014854",371863,2025-07-12 12:51:44,43.3604278564453,-8.84091377258301,"Unknown"
"7014854",371863,2025-07-12 12:56:44,43.3602256774902,-8.84097671508789,"Unknown"
"7014854",371863,2025-07-12 13:01:43,43.3603401184082,-8.84104156494141,"Unknown"
"7014854",371863,2025-07-12 13:06:44,43.3838043212891,-8.83839130401611,"Unknown"
"7014854",371863,2025-07-12 13:11:47,43.3909683227539,-8.82558727264404,"Unknown"
"7014854",371863,2025-07-12 13:16:48,43.3905296325684,-8.82358837127686,"Unknown"
"7014854",371863,2025-07-12 13:21:54,43.3906288146973,-8.82245826721191,"Unknown"
"7014854",371863,2025-07-12 13:26:55,43.3908920288086,-8.82117748260498,"Unknown"
"7014854",371863,2025-07-12 13:31:43,43.3891677856445,-8.81851005554199,"Unknown"
"7014854",371863,2025-07-12 13:36:43,43.3926963806152,-8.82760810852051,"Unknown"
"7014854",371863,2025-07-12 13:41:43,43.3846473693848,-8.83539867401123,"Unknown"
"7014854",371863,2025-07-12 13:46:46,43.3786087036133,-8.84566593170166,"Unknown"
"7014854",371863,2025-07-12 13:51:43,43.3692016601562,-8.84183216094971,"Unknown"
"7014854",371863,2025-07-12 13:56:47,43.3603897094727,-8.84111404418945,"Unknown"
"7014854",371863,2025-07-12 14:01:44,43.3603668212891,-8.84108924865723,"Unknown"
"7014854",371863,2025-07-12 14:06:47,43.3604049682617,-8.84108543395996,"Unknown"
"7014854",371863,2025-07-12 14:11:47,43.3603935241699,-8.84121894836426,"Unknown"
"7014854",371863,2025-07-12 14:17:05,43.3602828979492,-8.84098529815674,"Unknown"
"7014854",371863,2025-07-12 14:21:43,43.3602409362793,-8.8410701751709,"Unknown"
"7014854",371863,2025-07-12 14:26:43,43.3602676391602,-8.84103107452393,"Unknown"
"7014854",371863,2025-07-12 14:31:43,43.3603248596191,-8.84107398986816,"Unknown"
"7014854",371863,2025-07-12 14:36:44,43.3603096008301,-8.84098815917969,"Unknown"
"7014854",371863,2025-07-12 14:41:44,43.3602981567383,-8.84095478057861,"Unknown"
"7014854",371863,2025-07-12 14:46:45,43.3603591918945,-8.84098434448242,"Unknown"
"7014854",371863,2025-07-12 14:51:43,43.3706474304199,-8.8529806137085,"Unknown"
"7014854",371863,2025-07-12 14:56:46,43.3603744506836,-8.84875679016113,"Unknown"
"7014854",371863,2025-07-12 15:01:46,43.3604393005371,-8.8486852645874,"Unknown"
"7014854",371863,2025-07-12 15:06:48,43.3603363037109,-8.84865474700928,"Unknown"
"7014854",371863,2025-07-12 15:11:47,43.3603706359863,-8.84877967834473,"Unknown"
"7014854",371863,2025-07-12 15:16:45,43.3575706481934,-8.85025978088379,"Unknown"
"7014854",371863,2025-07-12 15:21:42,43.3613014221191,-8.84820175170898,"Unknown"
"7014854",371863,2025-07-12 15:26:51,43.3610954284668,-8.84852600097656,"Unknown"
"7014854",371863,2025-07-12 15:31:42,43.3599891662598,-8.84686660766602,"Unknown"
"7014854",371863,2025-07-12 15:36:45,43.3712387084961,-8.78974628448486,"Unknown"
"7014854",371863,2025-07-12 15:41:44,43.3850135803223,-8.74124145507812,"Unknown"
"7014854",371863,2025-07-12 15:46:42,43.3921585083008,-8.71169090270996,"Unknown"
"7014854",371863,2025-07-12 15:51:42,43.380989074707,-8.71382808685303,"Unknown"
"7014854",371863,2025-07-12 15:56:47,43.3662147521973,-8.695876121521,"Unknown"
"7014854",371863,2025-07-12 16:01:43,43.3670234680176,-8.69585418701172,"Unknown"
"7014854",371863,2025-07-12 16:06:47,43.364574432373,-8.69565963745117,"Unknown"
"7014854",371863,2025-07-12 16:11:46,43.364387512207,-8.6951208114624,"Unknown"
"7014854",371863,2025-07-12 16:16:47,43.3642272949219,-8.69426536560059,"Unknown"
"7014854",371863,2025-07-12 16:21:46,43.3636817932129,-8.69351577758789,"Unknown"
"7014854",371863,2025-07-12 16:26:46,43.3645172119141,-8.69626331329346,"Unknown"
"7014854",371863,2025-07-12 16:31:43,43.364501953125,-8.69748687744141,"Unknown"
"7014854",371863,2025-07-12 16:36:43,43.3609199523926,-8.72122764587402,"Unknown"
"7014854",371863,2025-07-12 16:41:43,43.3569602966309,-8.74692630767822,"Unknown"
"7014854",371863,2025-07-12 16:46:43,43.3508758544922,-8.77064990997314,"Unknown"
"7014854",371863,2025-07-12 16:51:45,43.3470611572266,-8.79226875305176,"Unknown"
"7014854",371863,2025-07-12 16:56:44,43.3515510559082,-8.81428623199463,"Unknown"
"7014854",371863,2025-07-12 17:01:45,43.3629875183105,-8.83751964569092,"Unknown"
"7014854",371863,2025-07-12 17:06:44,43.3610038757324,-8.84194374084473,"Unknown"
"7014854",371863,2025-07-12 17:11:43,43.3610496520996,-8.84221172332764,"Unknown"
"7014854",371863,2025-07-12 17:16:43,43.3610343933105,-8.84214496612549,"Unknown"
"7014854",371863,2025-07-12 17:21:44,43.3607864379883,-8.84167671203613,"Unknown"
"7014854",371863,2025-07-12 17:26:44,43.3609848022461,-8.84204959869385,"Unknown"
"7014854",371863,2025-07-12 17:31:43,43.360954284668,-8.84213352203369,"Unknown"
"7014854",371863,2025-07-12 17:36:44,43.3608551025391,-8.84184551239014,"Unknown"
"7014854",371863,2025-07-12 17:41:44,43.3606948852539,-8.84127044677734,"Unknown"
"7014854",371863,2025-07-12 17:46:44,43.3607864379883,-8.84136772155762,"Unknown"
"7014854",371863,2025-07-12 17:51:44,43.3615608215332,-8.84068965911865,"Unknown"
"7014854",371863,2025-07-12 17:56:51,43.360466003418,-8.84144401550293,"Unknown"
"7014854",371863,2025-07-12 18:01:45,43.3604927062988,-8.84144401550293,"Unknown"
"7014854",371863,2025-07-12 18:06:45,43.3605842590332,-8.84156799316406,"Unknown"
"7014854",371863,2025-07-12 18:11:44,43.3605079650879,-8.84144878387451,"Unknown"
"7014854",371863,2025-07-12 18:17:53,43.3610687255859,-8.8441743850708,"Unknown"
"7014854",371863,2025-07-12 18:21:45,43.3613815307617,-8.84586429595947,"Unknown"
"7014854",371863,2025-07-12 18:26:44,43.3606567382812,-8.84117698669434,"Unknown"
"7014854",371863,2025-07-12 18:31:46,43.3603248596191,-8.84077453613281,"Unknown"
"7014854",371863,2025-07-12 18:36:44,43.3603439331055,-8.84103965759277,"Unknown"
"7014854",371863,2025-07-12 18:41:42,43.3602485656738,-8.84109401702881,"Unknown"
"7014854",371863,2025-07-12 18:46:43,43.3602867126465,-8.84112548828125,"Unknown"
"7014854",371863,2025-07-12 18:51:43,43.3603401184082,-8.84118938446045,"Unknown"
"7014854",371863,2025-07-12 18:56:42,43.3601837158203,-8.84086227416992,"Unknown"
"7014854",371863,2025-07-12 19:01:43,43.3597602844238,-8.84029865264893,"Unknown"
"7014854",371863,2025-07-12 19:06:43,43.3602256774902,-8.84083557128906,"Unknown"
"7014854",371863,2025-07-12 19:11:43,43.3614273071289,-8.84055233001709,"Unknown"
"7014854",371863,2025-07-12 19:16:44,43.3601150512695,-8.84079170227051,"Unknown"
"7014854",371863,2025-07-12 19:21:44,43.360237121582,-8.84101963043213,"Unknown"
"7014854",371863,2025-07-12 19:26:49,43.359676361084,-8.84125709533691,"Unknown"
"7014854",371863,2025-07-12 19:31:44,43.3603477478027,-8.84095478057861,"Unknown"
"7014854",371863,2025-07-12 19:36:44,43.3603591918945,-8.84092617034912,"Unknown"
"7014854",371863,2025-07-12 19:41:44,43.3602485656738,-8.84094524383545,"Unknown"
"7014854",371863,2025-07-12 19:46:44,43.360279083252,-8.84089279174805,"Unknown"
"7014854",371863,2025-07-12 19:51:45,43.360279083252,-8.84094047546387,"Unknown"
"7014854",371863,2025-07-12 19:56:47,43.3604393005371,-8.84089756011963,"Unknown"
"7014854",371863,2025-07-12 20:01:47,43.3603782653809,-8.84117031097412,"Unknown"
"7014854",371863,2025-07-12 20:06:45,43.3603591918945,-8.84095096588135,"Unknown"
"7014854",371863,2025-07-12 20:11:44,43.3602981567383,-8.84090423583984,"Unknown"
"7014854",371863,2025-07-12 20:16:45,43.3601264953613,-8.84090423583984,"Unknown"
"7014854",371863,2025-07-12 20:21:44,43.3710746765137,-8.81549263000488,"Unknown"
"7014854",371863,2025-07-12 20:26:44,43.3736267089844,-8.76414394378662,"Unknown"
"7014854",371863,2025-07-12 20:31:44,43.3724098205566,-8.72998523712158,"Unknown"
"7014854",371863,2025-07-12 20:36:44,43.3616409301758,-8.69397163391113,"Unknown"
"7014854",371863,2025-07-12 20:41:44,43.3512268066406,-8.70025825500488,"Unknown"
"7014854",371863,2025-07-12 20:46:46,43.3581466674805,-8.71030807495117,"Unknown"
"7014854",371863,2025-07-12 20:51:46,43.3580551147461,-8.71213150024414,"Unknown"
"7014854",371863,2025-07-12 20:56:47,43.3577194213867,-8.71231842041016,"Unknown"
"7014854",371863,2025-07-12 21:01:46,43.357723236084,-8.71245288848877,"Unknown"
"7014854",371863,2025-07-12 21:06:44,43.3597564697266,-8.71394920349121,"Unknown"
"7014854",371863,2025-07-12 21:11:44,43.359504699707,-8.71458435058594,"Unknown"
"7014854",371863,2025-07-12 21:16:51,43.359245300293,-8.71461582183838,"Unknown"
"7014854",371863,2025-07-12 21:21:47,43.3591651916504,-8.71503257751465,"Unknown"
"7014854",371863,2025-07-12 21:26:49,43.3589935302734,-8.7151346206665,"Unknown"
"7014854",371863,2025-07-12 21:31:44,43.3588066101074,-8.71739959716797,"Unknown"
"7014854",371863,2025-07-12 21:36:46,43.3587265014648,-8.71943283081055,"Unknown"
"7014854",371863,2025-07-12 21:41:48,43.3584442138672,-8.72076511383057,"Unknown"
"7014854",371863,2025-07-12 21:46:44,43.3575973510742,-8.72784233093262,"Unknown"
"7014854",371863,2025-07-12 21:51:44,43.3566780090332,-8.76381874084473,"Unknown"
"7014854",371863,2025-07-12 21:56:44,43.3589286804199,-8.80242156982422,"Unknown"
"7014854",371863,2025-07-12 22:01:44,43.3601493835449,-8.83471202850342,"Unknown"
"7014854",371863,2025-07-12 22:06:45,43.3604583740234,-8.84060192108154,"Unknown"
"7014854",371863,2025-07-12 22:11:45,43.3604431152344,-8.84048557281494,"Unknown"
"7014854",371863,2025-07-12 22:16:47,43.3604698181152,-8.84068775177002,"Unknown"
"7014854",371863,2025-07-12 22:21:54,43.360424041748,-8.84067153930664,"Unknown"
"7014854",371863,2025-07-12 22:26:48,43.3604049682617,-8.84068775177002,"Unknown"
"7014854",371863,2025-07-12 22:32:02,43.3605842590332,-8.84060478210449,"Unknown"
"7014854",371863,2025-07-12 22:36:46,43.3596649169922,-8.84078502655029,"Unknown"
"7014854",371863,2025-07-12 22:41:46,43.3603134155273,-8.84092998504639,"Unknown"
"7014854",371863,2025-07-12 22:46:47,43.3606910705566,-8.84119510650635,"Unknown"
"7014854",371863,2025-07-12 22:51:52,43.3605041503906,-8.84087562561035,"Unknown"
"7014854",371863,2025-07-12 22:56:44,43.3604393005371,-8.84105587005615,"Unknown"
"7014854",371863,2025-07-12 23:01:44,43.3605690002441,-8.84112739562988,"Unknown"
"7014854",371863,2025-07-12 23:06:53,43.3604965209961,-8.84093475341797,"Unknown"
"7014854",371863,2025-07-12 23:11:51,43.3605041503906,-8.84102630615234,"Unknown"
"7014854",371863,2025-07-12 23:16:47,43.3605117797852,-8.84114456176758,"Unknown"
"7014854",371863,2025-07-12 23:21:56,43.3605003356934,-8.8411111831665,"Unknown"
"7014854",371863,2025-07-12 23:26:45,43.3605308532715,-8.84118270874023,"Unknown"
"7014854",371863,2025-07-12 23:31:51,43.360481262207,-8.84108924865723,"Unknown"
"7014854",371863,2025-07-12 23:36:46,43.3604545593262,-8.84109115600586,"Unknown"
"7014854",371863,2025-07-12 23:41:54,43.360164642334,-8.84091281890869,"Unknown"
"7014854",371863,2025-07-12 23:46:48,43.360107421875,-8.8408727645874,"Unknown"
"7014854",371863,2025-07-12 23:51:47,43.360107421875,-8.84090805053711,"Unknown"
"7014854",371863,2025-07-12 23:56:46,43.3600692749023,-8.84077262878418,"Unknown"
"7014854",371863,2025-07-13 00:01:47,43.360107421875,-8.84087181091309,"Unknown"
"7014854",371863,2025-07-13 00:06:52,43.3601608276367,-8.84072303771973,"Unknown"
"7014854",371863,2025-07-13 00:11:51,43.3600845336914,-8.84078979492188,"Unknown"
"7014854",371863,2025-07-13 00:17:14,43.3602294921875,-8.8408784866333,"Unknown"
"7014854",371863,2025-07-13 00:21:46,43.3603935241699,-8.84100818634033,"Unknown"
"7014854",371863,2025-07-13 00:26:44,43.3602561950684,-8.84081268310547,"Unknown"
"7014854",371863,2025-07-13 00:31:46,43.360279083252,-8.84080219268799,"Unknown"
"7014854",371863,2025-07-13 00:36:44,43.3601989746094,-8.84079933166504,"Unknown"
"7014854",371863,2025-07-13 00:41:44,43.3602027893066,-8.84084033966064,"Unknown"
"7014854",371863,2025-07-13 00:46:45,43.3602027893066,-8.84084701538086,"Unknown"
"7014854",371863,2025-07-13 00:51:44,43.3601455688477,-8.84081363677979,"Unknown"
"7014854",371863,2025-07-13 00:56:45,43.3602066040039,-8.84086322784424,"Unknown"
"7014854",371863,2025-07-13 01:01:45,43.3602638244629,-8.84092903137207,"Unknown"
"7014854",371863,2025-07-13 01:06:45,43.3601341247559,-8.84082698822021,"Unknown"
"7014854",371863,2025-07-13 01:11:46,43.3602981567383,-8.84097003936768,"Unknown"
"7014854",371863,2025-07-13 01:16:45,43.3601570129395,-8.84082412719727,"Unknown"
"7014854",371863,2025-07-13 01:21:45,43.3600959777832,-8.84079837799072,"Unknown"
"7014854",371863,2025-07-13 01:26:45,43.3598213195801,-8.84060382843018,"Unknown"
"7014854",371863,2025-07-13 01:31:44,43.3598327636719,-8.84058094024658,"Unknown"
"7014854",371863,2025-07-13 01:36:45,43.3596115112305,-8.8403959274292,"Unknown"
"7014854",371863,2025-07-13 01:41:45,43.3597068786621,-8.84048938751221,"Unknown"
"7014854",371863,2025-07-13 01:46:45,43.3597869873047,-8.84054279327393,"Unknown"
"7014854",371863,2025-07-13 01:51:48,43.3599395751953,-8.84066581726074,"Unknown"
"7014854",371863,2025-07-13 01:56:46,43.3604545593262,-8.84116363525391,"Unknown"
"7014854",371863,2025-07-13 02:01:45,43.3636474609375,-8.82155513763428,"Unknown"
"7014854",371863,2025-07-13 02:06:44,43.3633155822754,-8.82189464569092,"Unknown"
"7014854",371863,2025-07-13 02:11:45,43.3630790710449,-8.82242012023926,"Unknown"
"7014854",371863,2025-07-13 02:16:47,43.3634300231934,-8.82329654693604,"Unknown"
"7014854",371863,2025-07-13 02:21:47,43.3634605407715,-8.8223991394043,"Unknown"
"7014854",371863,2025-07-13 02:26:51,43.3622550964355,-8.82251071929932,"Unknown"
"7014854",371863,2025-07-13 02:31:46,43.3616371154785,-8.82246494293213,"Unknown"
"7014854",371863,2025-07-13 02:36:47,43.3621711730957,-8.82268524169922,"Unknown"
"7014854",371863,2025-07-13 02:41:46,43.362735748291,-8.82322120666504,"Unknown"
"7014854",371863,2025-07-13 02:46:48,43.3636512756348,-8.82298564910889,"Unknown"
"7014854",371863,2025-07-13 02:51:47,43.3639183044434,-8.82340526580811,"Unknown"
"7014854",371863,2025-07-13 02:56:47,43.3640785217285,-8.82307052612305,"Unknown"
"7014854",371863,2025-07-13 03:01:51,43.3614349365234,-8.82169246673584,"Unknown"
"7014854",371863,2025-07-13 03:06:44,43.3610992431641,-8.79844284057617,"Unknown"
"7014854",371863,2025-07-13 03:11:44,43.3624038696289,-8.75477504730225,"Unknown"
"7014854",371863,2025-07-13 03:16:45,43.3584022521973,-8.71822834014893,"Unknown"
"7014854",371863,2025-07-13 03:21:49,43.3489990234375,-8.7077169418335,"Unknown"
"7014854",371863,2025-07-13 03:26:50,43.3507919311523,-8.70623874664307,"Unknown"
"7014854",371863,2025-07-13 03:31:46,43.3502922058105,-8.70760822296143,"Unknown"
"7014854",371863,2025-07-13 03:36:46,43.3506698608398,-8.70603370666504,"Unknown"
"7014854",371863,2025-07-13 03:41:50,43.3527412414551,-8.70528125762939,"Unknown"
"7014854",371863,2025-07-13 03:46:47,43.3521308898926,-8.70558738708496,"Unknown"
"7014854",371863,2025-07-13 03:51:47,43.3528251647949,-8.70519351959229,"Unknown"
"7014854",371863,2025-07-13 03:56:46,43.3481674194336,-8.70315074920654,"Unknown"
"7014854",371863,2025-07-13 04:01:45,43.3361396789551,-8.71220684051514,"Unknown"
"7014854",371863,2025-07-13 04:06:47,43.3375701904297,-8.7116117477417,"Unknown"
"7014854",371863,2025-07-13 04:11:47,43.3382415771484,-8.71159076690674,"Unknown"
"7014854",371863,2025-07-13 04:16:51,43.3394165039062,-8.71169281005859,"Unknown"
"7014854",371863,2025-07-13 04:21:44,43.3410148620605,-8.71619319915771,"Unknown"
"7014854",371863,2025-07-13 04:26:45,43.3503112792969,-8.74944400787354,"Unknown"
"7014854",371863,2025-07-13 04:31:46,43.3640823364258,-8.78081893920898,"Unknown"
"7014854",371863,2025-07-13 04:36:44,43.3738594055176,-8.75109577178955,"Unknown"
"7014854",371863,2025-07-13 04:41:52,43.3696899414062,-8.71209907531738,"Unknown"
"7014854",371863,2025-07-13 04:46:45,43.3491096496582,-8.70091342926025,"Unknown"
"7014854",371863,2025-07-13 04:51:46,43.3490295410156,-8.72235012054443,"Unknown"
"7014854",371863,2025-07-13 04:56:45,43.354248046875,-8.75411605834961,"Unknown"
"7014854",371863,2025-07-13 05:01:46,43.3600997924805,-8.78992748260498,"Unknown"
"7014854",371863,2025-07-13 05:06:45,43.3641319274902,-8.82521533966064,"Unknown"
"7014854",371863,2025-07-13 05:11:45,43.3743057250977,-8.85716438293457,"Unknown"
"7014854",371863,2025-07-13 05:16:47,43.3809051513672,-8.86833477020264,"Unknown"
"7014854",371863,2025-07-13 05:22:59,43.3808746337891,-8.86627769470215,"Unknown"
"7014854",371863,2025-07-13 05:26:46,43.3815574645996,-8.86545944213867,"Unknown"
"7014854",371863,2025-07-13 05:31:45,43.3821907043457,-8.86459445953369,"Unknown"
"7014854",371863,2025-07-13 05:36:45,43.3829460144043,-8.86415576934814,"Unknown"
"7014854",371863,2025-07-13 05:41:45,43.3900375366211,-8.86452388763428,"Unknown"
"7014854",371863,2025-07-13 05:46:44,43.3758506774902,-8.85841464996338,"Unknown"
"7014854",371863,2025-07-13 05:51:44,43.3605117797852,-8.84861946105957,"Unknown"
"7014854",371863,2025-07-13 05:56:46,43.3605194091797,-8.84861278533936,"Unknown"
"7014854",371863,2025-07-13 06:01:44,43.3601760864258,-8.84882640838623,"Unknown"
"7014854",371863,2025-07-13 06:06:48,43.3601379394531,-8.84881973266602,"Unknown"
"7014854",371863,2025-07-13 06:11:45,43.3601913452148,-8.84879493713379,"Unknown"
"7014854",371863,2025-07-13 06:16:47,43.3602523803711,-8.84875965118408,"Unknown"
"7014854",371863,2025-07-13 06:21:47,43.3602638244629,-8.84836673736572,"Unknown"
"7014854",371863,2025-07-13 06:26:47,43.3603782653809,-8.84085178375244,"Unknown"
"7014854",371863,2025-07-13 06:31:46,43.3602409362793,-8.8408145904541,"Unknown"
"7014854",371863,2025-07-13 06:36:45,43.3603134155273,-8.84079170227051,"Unknown"
"7014854",371863,2025-07-13 06:41:45,43.360408782959,-8.8407096862793,"Unknown"
"7014854",371863,2025-07-13 06:46:44,43.3604011535645,-8.84066009521484,"Unknown"
"7014854",371863,2025-07-13 06:51:44,43.3605003356934,-8.84067916870117,"Unknown"
"7014854",371863,2025-07-13 06:56:44,43.360424041748,-8.84074783325195,"Unknown"
"7014854",371863,2025-07-13 07:01:44,43.3604545593262,-8.84070777893066,"Unknown"
"7014854",371863,2025-07-13 07:06:44,43.3604469299316,-8.84077072143555,"Unknown"
"7014854",371863,2025-07-13 07:11:45,43.3604774475098,-8.84074878692627,"Unknown"
"7014854",371863,2025-07-13 07:17:05,43.3603019714355,-8.84089088439941,"Unknown"
"7014854",371863,2025-07-13 07:21:44,43.3602180480957,-8.84100723266602,"Unknown"
"7014854",371863,2025-07-13 07:26:44,43.3601875305176,-8.84096145629883,"Unknown"
"7014854",371863,2025-07-13 07:31:44,43.3602409362793,-8.84096717834473,"Unknown"
"7014854",371863,2025-07-13 07:36:47,43.3603515625,-8.84095478057861,"Unknown"
"7014854",371863,2025-07-13 07:41:46,43.3603401184082,-8.84095096588135,"Unknown"
"7014854",371863,2025-07-13 07:46:46,43.3602828979492,-8.84091949462891,"Unknown"
"7014854",371863,2025-07-13 07:51:46,43.360279083252,-8.84092235565186,"Unknown"
"7014854",371863,2025-07-13 07:56:44,43.3603286743164,-8.84096813201904,"Unknown"
"7014854",371863,2025-07-13 08:01:46,43.3603248596191,-8.84100914001465,"Unknown"
"7014854",371863,2025-07-13 08:06:46,43.3603858947754,-8.84090614318848,"Unknown"
"7014854",371863,2025-07-13 08:11:46,43.3603858947754,-8.84100914001465,"Unknown"
"7014854",371863,2025-07-13 08:16:44,43.3598670959473,-8.84105396270752,"Unknown"
"7014854",371863,2025-07-13 08:21:44,43.3600234985352,-8.84103298187256,"Unknown"
"7014854",371863,2025-07-13 08:26:44,43.3597679138184,-8.84114360809326,"Unknown"
"7014854",371863,2025-07-13 08:31:45,43.3598327636719,-8.84105205535889,"Unknown"
"7014854",371863,2025-07-13 08:36:44,43.3599815368652,-8.84090423583984,"Unknown"
"7014854",371863,2025-07-13 08:41:44,43.357364654541,-8.83164882659912,"Unknown"
"7014854",371863,2025-07-13 08:46:44,43.3617172241211,-8.79823875427246,"Unknown"
"7014854",371863,2025-07-13 08:51:45,43.3719444274902,-8.77229976654053,"Unknown"
"7014854",371863,2025-07-13 08:56:44,43.3746910095215,-8.74328327178955,"Unknown"
"7014854",371863,2025-07-13 09:01:44,43.3789710998535,-8.72777652740479,"Unknown"
"7014854",371863,2025-07-13 09:06:44,43.3788719177246,-8.72525024414062,"Unknown"
"7014854",371863,2025-07-13 09:11:46,43.3625793457031,-8.72031021118164,"Unknown"
"7014854",371863,2025-07-13 09:16:46,43.3568992614746,-8.72056484222412,"Unknown"
"7014854",371863,2025-07-13 09:21:47,43.3568077087402,-8.72164630889893,"Unknown"
"7014854",371863,2025-07-13 09:26:46,43.3548698425293,-8.72271537780762,"Unknown"
"7014854",371863,2025-07-13 09:31:45,43.3554000854492,-8.72237873077393,"Unknown"
"7014854",371863,2025-07-13 09:36:48,43.355640411377,-8.7225227355957,"Unknown"
"7014854",371863,2025-07-13 09:41:49,43.3560600280762,-8.72215938568115,"Unknown"
"7014854",371863,2025-07-13 09:46:47,43.3555145263672,-8.72189426422119,"Unknown"
"7014854",371863,2025-07-13 09:51:45,43.3489303588867,-8.74937534332275,"Unknown"
"7014854",371863,2025-07-13 09:56:46,43.3514595031738,-8.78458118438721,"Unknown"
"7014854",371863,2025-07-13 10:01:46,43.3549957275391,-8.81715774536133,"Unknown"
"7014854",371863,2025-07-13 10:06:46,43.3608818054199,-8.84249877929688,"Unknown"
"7014854",371863,2025-07-13 10:13:02,43.3608360290527,-8.84456729888916,"Unknown"
"7014854",371863,2025-07-13 10:16:49,43.3604354858398,-8.84069919586182,"Unknown"
"7014854",371863,2025-07-13 10:21:45,43.360408782959,-8.84087753295898,"Unknown"
"7014854",371863,2025-07-13 10:26:47,43.3603782653809,-8.84074306488037,"Unknown"
"7014854",371863,2025-07-13 10:31:45,43.3603858947754,-8.84077644348145,"Unknown"
"7014854",371863,2025-07-13 10:36:46,43.3603439331055,-8.84069538116455,"Unknown"
"7014854",371863,2025-07-13 10:41:46,43.3603477478027,-8.8406925201416,"Unknown"
"7014854",371863,2025-07-13 10:46:45,43.3603210449219,-8.84075450897217,"Unknown"
"7014854",371863,2025-07-13 10:51:45,43.3603820800781,-8.8407621383667,"Unknown"
"7014854",371863,2025-07-13 10:56:46,43.3603324890137,-8.84077644348145,"Unknown"
"7014854",371863,2025-07-13 11:01:45,43.360408782959,-8.84069061279297,"Unknown"
"7014854",371863,2025-07-13 11:06:45,43.3603401184082,-8.84075546264648,"Unknown"
"7014854",371863,2025-07-13 11:11:46,43.3603477478027,-8.84093761444092,"Unknown"
"7014854",371863,2025-07-13 11:16:45,43.3602867126465,-8.84098243713379,"Unknown"
"7014854",371863,2025-07-13 11:21:45,43.3602714538574,-8.84095668792725,"Unknown"
"7014854",371863,2025-07-13 11:26:45,43.3602981567383,-8.84091854095459,"Unknown"
"7014854",371863,2025-07-13 11:31:45,43.360237121582,-8.84090805053711,"Unknown"
"7014854",371863,2025-07-13 11:36:45,43.360107421875,-8.84088230133057,"Unknown"
"7014854",371863,2025-07-13 11:41:45,43.3602104187012,-8.8407154083252,"Unknown"
"7014854",371863,2025-07-13 11:46:46,43.3601608276367,-8.84067821502686,"Unknown"
"7014854",371863,2025-07-13 11:51:45,43.3601570129395,-8.84064674377441,"Unknown"
"7014854",371863,2025-07-13 11:56:46,43.3601417541504,-8.84076881408691,"Unknown"
"7014854",371863,2025-07-13 12:01:45,43.3603134155273,-8.84084510803223,"Unknown"
"7014854",371863,2025-07-13 12:06:45,43.3601875305176,-8.84088230133057,"Unknown"
"7014854",371863,2025-07-13 12:11:45,43.360164642334,-8.84079837799072,"Unknown"
"7014854",371863,2025-07-13 12:16:46,43.3602066040039,-8.84080123901367,"Unknown"
"7014854",371863,2025-07-13 12:21:45,43.3602294921875,-8.84076309204102,"Unknown"
"7014854",371863,2025-07-13 12:26:45,43.3602447509766,-8.84076309204102,"Unknown"
"7014854",371863,2025-07-13 12:31:45,43.3602027893066,-8.84074878692627,"Unknown"
"7014854",371863,2025-07-13 12:36:45,43.3601989746094,-8.84076499938965,"Unknown"
"7014854",371863,2025-07-13 12:41:45,43.3601875305176,-8.84064674377441,"Unknown"
"7014854",371863,2025-07-13 12:46:45,43.3589134216309,-8.84185409545898,"Unknown"
"7014854",371863,2025-07-13 12:51:45,43.3223686218262,-8.84982109069824,"Unknown"
"7014854",371863,2025-07-13 12:56:46,43.3135643005371,-8.85743713378906,"Unknown"
"7014854",371863,2025-07-13 13:01:45,43.3144416809082,-8.85682106018066,"Unknown"
"7014854",371863,2025-07-13 13:06:45,43.3144569396973,-8.8568754196167,"Unknown"
"7014854",371863,2025-07-13 13:11:45,43.3144683837891,-8.85690402984619,"Unknown"
"7014854",371863,2025-07-13 13:16:45,43.3191223144531,-8.84814643859863,"Unknown"
"7014854",371863,2025-07-13 13:21:45,43.3225517272949,-8.80921745300293,"Unknown"
"7014854",371863,2025-07-13 13:26:45,43.3314094543457,-8.77706623077393,"Unknown"
"7014854",371863,2025-07-13 13:31:45,43.3414840698242,-8.735107421875,"Unknown"
"7014854",371863,2025-07-13 13:36:45,43.3575973510742,-8.72044467926025,"Unknown"
"7014854",371863,2025-07-13 13:41:49,43.3670654296875,-8.71707630157471,"Unknown"
"7014854",371863,2025-07-13 13:46:48,43.3670616149902,-8.71641540527344,"Unknown"
"7014854",371863,2025-07-13 13:51:45,43.3671722412109,-8.71523189544678,"Unknown"
"7014854",371863,2025-07-13 13:56:45,43.3790283203125,-8.71468448638916,"Unknown"
"7014854",371863,2025-07-13 14:01:46,43.366455078125,-8.6993579864502,"Unknown"
"7014854",371863,2025-07-13 14:06:47,43.3608894348145,-8.69354057312012,"Unknown"
"7014854",371863,2025-07-13 14:11:47,43.3606376647949,-8.69319725036621,"Unknown"
"7014854",371863,2025-07-13 14:16:46,43.3608856201172,-8.69234275817871,"Unknown"
"7014854",371863,2025-07-13 14:21:46,43.3596153259277,-8.69175338745117,"Unknown"
"7014854",371863,2025-07-13 14:26:47,43.359188079834,-8.69172763824463,"Unknown"
"7014854",371863,2025-07-13 14:31:49,43.3588485717773,-8.69155311584473,"Unknown"
"7014854",371863,2025-07-13 14:36:47,43.3616981506348,-8.69706344604492,"Unknown"
"7014854",371863,2025-07-13 14:41:46,43.3614463806152,-8.69665908813477,"Unknown"
"7014854",371863,2025-07-13 14:46:45,43.3611297607422,-8.69634056091309,"Unknown"
"7014854",371863,2025-07-13 14:51:46,43.3600845336914,-8.697829246521,"Unknown"
"7014854",371863,2025-07-13 14:56:46,43.3604888916016,-8.69700336456299,"Unknown"
"7014854",371863,2025-07-13 15:01:47,43.3601531982422,-8.69656085968018,"Unknown"
"7014854",371863,2025-07-13 15:06:47,43.3599128723145,-8.69641780853271,"Unknown"
"7014854",371863,2025-07-13 15:11:48,43.3590698242188,-8.70054721832275,"Unknown"
"7014854",371863,2025-07-13 15:16:49,43.3589019775391,-8.69969844818115,"Unknown"
"7014854",371863,2025-07-13 15:21:46,43.3621025085449,-8.6958646774292,"Unknown"
"7014854",371863,2025-07-13 15:26:48,43.3616104125977,-8.69582843780518,"Unknown"
"7014854",371863,2025-07-13 15:31:51,43.3611450195312,-8.6956033706665,"Unknown"
"7014854",371863,2025-07-13 15:36:46,43.3608703613281,-8.6958703994751,"Unknown"
"7014854",371863,2025-07-13 15:41:46,43.3631401062012,-8.69472599029541,"Unknown"
"7014854",371863,2025-07-13 15:46:46,43.3656806945801,-8.71151351928711,"Unknown"
"7014854",371863,2025-07-13 15:51:46,43.3637504577637,-8.71433258056641,"Unknown"
"7014854",371863,2025-07-13 15:56:46,43.3534774780273,-8.72064590454102,"Unknown"
"7014854",371863,2025-07-13 16:01:46,43.3512001037598,-8.7204761505127,"Unknown"
"7014854",371863,2025-07-13 16:06:47,43.3515892028809,-8.71973419189453,"Unknown"
"7014854",371863,2025-07-13 16:11:48,43.351749420166,-8.71849822998047,"Unknown"
"7014854",371863,2025-07-13 16:16:48,43.3507385253906,-8.72021007537842,"Unknown"
"7014854",371863,2025-07-13 16:22:29,43.3508491516113,-8.71993160247803,"Unknown"
"7014854",371863,2025-07-13 16:26:46,43.3502540588379,-8.7195873260498,"Unknown"
"7014854",371863,2025-07-13 16:31:46,43.3503265380859,-8.71860599517822,"Unknown"
"7014854",371863,2025-07-13 16:36:46,43.3499526977539,-8.71823596954346,"Unknown"
"7014854",371863,2025-07-13 16:41:46,43.3499488830566,-8.71761703491211,"Unknown"
"7014854",371863,2025-07-13 16:46:46,43.3495597839355,-8.71719074249268,"Unknown"
"7014854",371863,2025-07-13 16:51:45,43.3492698669434,-8.71636867523193,"Unknown"
"7014854",371863,2025-07-13 16:56:46,43.3493995666504,-8.71624088287354,"Unknown"
"7014854",371863,2025-07-13 17:01:46,43.3483543395996,-8.71554183959961,"Unknown"
"7014854",371863,2025-07-13 17:06:45,43.348518371582,-8.71523380279541,"Unknown"
"7014854",371863,2025-07-13 17:11:46,43.3483924865723,-8.71561527252197,"Unknown"
"7014854",371863,2025-07-13 17:16:46,43.3481788635254,-8.71542549133301,"Unknown"
"7014854",371863,2025-07-13 17:21:45,43.3469390869141,-8.70248889923096,"Unknown"
"7014854",371863,2025-07-13 17:26:46,43.3441772460938,-8.69058990478516,"Unknown"
"7014854",371863,2025-07-13 17:31:47,43.3414535522461,-8.68853759765625,"Unknown"
"7014854",371863,2025-07-13 17:36:48,43.3411865234375,-8.68835353851318,"Unknown"
"7014854",371863,2025-07-13 17:41:46,43.3415145874023,-8.68867874145508,"Unknown"
"7014854",371863,2025-07-13 17:46:45,43.3425827026367,-8.68989276885986,"Unknown"
"7014854",371863,2025-07-13 17:51:46,43.3446617126465,-8.69200325012207,"Unknown"
"7014854",371863,2025-07-13 17:56:45,43.3437843322754,-8.69204425811768,"Unknown"
"7014854",371863,2025-07-13 18:01:48,43.3457832336426,-8.68807601928711,"Unknown"
"7014854",371863,2025-07-13 18:06:45,43.3456268310547,-8.68841171264648,"Unknown"
"7014854",371863,2025-07-13 18:11:46,43.3456802368164,-8.68875885009766,"Unknown"
"7014854",371863,2025-07-13 18:16:46,43.3455963134766,-8.6889066696167,"Unknown"
"7014854",371863,2025-07-13 18:21:45,43.3507804870605,-8.70656394958496,"Unknown"
"7014854",371863,2025-07-13 18:26:45,43.3517189025879,-8.72187900543213,"Unknown"
"7014854",371863,2025-07-13 18:31:45,43.3516044616699,-8.76247119903564,"Unknown"
"7014854",371863,2025-07-13 18:36:45,43.3521842956543,-8.78267192840576,"Unknown"
"7014854",371863,2025-07-13 18:41:45,43.351692199707,-8.7826623916626,"Unknown"
"7014854",371863,2025-07-13 18:46:45,43.3506011962891,-8.78307914733887,"Unknown"
"7014854",371863,2025-07-13 18:51:47,43.3524475097656,-8.78686809539795,"Unknown"
"7014854",371863,2025-07-13 18:56:46,43.3506774902344,-8.78814029693604,"Unknown"
"7014854",371863,2025-07-13 19:01:55,43.3575706481934,-8.82463645935059,"Unknown"
"7014854",371863,2025-07-13 19:06:56,43.3681640625,-8.85205078125,"Unknown"
"7014854",371863,2025-07-13 19:11:48,43.3486976623535,-8.84919452667236,"Unknown"
"7014854",371863,2025-07-13 19:16:47,43.3488082885742,-8.84842205047607,"Unknown"
"7014854",371863,2025-07-13 19:22:06,43.3592720031738,-8.84252452850342,"Unknown"
"7014854",371863,2025-07-13 19:26:52,43.3602752685547,-8.84087181091309,"Unknown"
"7014854",371863,2025-07-13 19:31:55,43.3602523803711,-8.84083938598633,"Unknown"
"7014854",371863,2025-07-13 19:36:46,43.3601837158203,-8.84076118469238,"Unknown"
"7014854",371863,2025-07-13 19:41:55,43.3602142333984,-8.84081268310547,"Unknown"
"7014854",371863,2025-07-13 19:46:57,43.3602752685547,-8.84076499938965,"Unknown"
"7014854",371863,2025-07-13 19:51:48,43.3601150512695,-8.84064292907715,"Unknown"
"7014854",371863,2025-07-13 19:56:47,43.3598480224609,-8.84046745300293,"Unknown"
"7014854",371863,2025-07-13 20:01:47,43.3600997924805,-8.84050846099854,"Unknown"
"7014854",371863,2025-07-13 20:06:46,43.3602142333984,-8.8406229019165,"Unknown"
"7014854",371863,2025-07-13 20:11:47,43.3598213195801,-8.84032821655273,"Unknown"
"7014854",371863,2025-07-13 20:16:48,43.3607063293457,-8.84097862243652,"Unknown"
"7014854",371863,2025-07-13 20:21:47,43.3613014221191,-8.84138679504395,"Unknown"
"7014854",371863,2025-07-13 20:26:46,43.3613014221191,-8.84212303161621,"Unknown"
"7014854",371863,2025-07-13 20:31:48,43.3613357543945,-8.84236526489258,"Unknown"
"7014854",371863,2025-07-13 20:36:47,43.3685913085938,-8.86347579956055,"Unknown"
"7014854",371863,2025-07-13 20:41:46,43.3600692749023,-8.83918285369873,"Unknown"
"7014854",371863,2025-07-13 20:46:55,43.3607597351074,-8.84023571014404,"Unknown"
"7014854",371863,2025-07-13 20:52:01,43.3605995178223,-8.84051036834717,"Unknown"
"7014854",371863,2025-07-13 20:56:47,43.3600158691406,-8.84069538116455,"Unknown"
"7014854",371863,2025-07-13 21:01:46,43.3603858947754,-8.83928298950195,"Unknown"
"7014854",371863,2025-07-13 21:06:47,43.3600387573242,-8.84115409851074,"Unknown"
"7014854",371863,2025-07-13 21:11:47,43.3596801757812,-8.84142208099365,"Unknown"
"7014854",371863,2025-07-13 21:16:47,43.3596420288086,-8.84124565124512,"Unknown"
"7014854",371863,2025-07-13 21:21:46,43.3597221374512,-8.84120559692383,"Unknown"
"7014854",371863,2025-07-13 21:26:46,43.3594398498535,-8.8412618637085,"Unknown"
"7014854",371863,2025-07-13 21:31:46,43.3603515625,-8.84026432037354,"Unknown"
"7014854",371863,2025-07-13 21:36:46,43.3598861694336,-8.84094429016113,"Unknown"
"7014854",371863,2025-07-13 21:41:48,43.3589477539062,-8.84141826629639,"Unknown"
"7014854",371863,2025-07-13 21:46:46,43.360107421875,-8.84078407287598,"Unknown"
"7014854",371863,2025-07-13 21:51:45,43.3601150512695,-8.84081172943115,"Unknown"
"7014854",371863,2025-07-13 21:56:45,43.3601417541504,-8.8408203125,"Unknown"
"7014854",371863,2025-07-13 22:01:45,43.3601493835449,-8.8408374786377,"Unknown"
"7014854",371863,2025-07-13 22:06:45,43.3601417541504,-8.84077453613281,"Unknown"
"7014854",371863,2025-07-13 22:11:46,43.3601112365723,-8.84075927734375,"Unknown"
"7014854",371863,2025-07-13 22:16:47,43.3602409362793,-8.84098339080811,"Unknown"
"7014854",371863,2025-07-13 22:21:46,43.3601837158203,-8.84080219268799,"Unknown"
"7014854",371863,2025-07-13 22:26:48,43.3602180480957,-8.84078884124756,"Unknown"
"7014854",371863,2025-07-13 22:31:46,43.360050201416,-8.84042549133301,"Unknown"
"7014854",371863,2025-07-13 22:36:47,43.360034942627,-8.84049892425537,"Unknown"
"7014854",371863,2025-07-13 22:41:46,43.3598937988281,-8.83996295928955,"Unknown"
"7014854",371863,2025-07-13 22:46:46,43.3598175048828,-8.83983421325684,"Unknown"
"7014854",371863,2025-07-13 22:51:46,43.3598823547363,-8.84009075164795,"Unknown"
"7014854",371863,2025-07-13 22:56:51,43.3603973388672,-8.84078788757324,"Unknown"
"7014854",371863,2025-07-13 23:01:51,43.3603630065918,-8.84089946746826,"Unknown"
"7014854",371863,2025-07-13 23:07:14,43.3602104187012,-8.840989112854,"Unknown"
"7014854",371863,2025-07-13 23:11:45,43.3602409362793,-8.84112644195557,"Unknown"
"7014854",371863,2025-07-13 23:16:45,43.3602104187012,-8.84111022949219,"Unknown"
"7014854",371863,2025-07-13 23:21:45,43.3602142333984,-8.84108829498291,"Unknown"
"7014854",371863,2025-07-13 23:26:45,43.3602180480957,-8.84109783172607,"Unknown"
"7014854",371863,2025-07-13 23:31:45,43.360164642334,-8.84112548828125,"Unknown"
"7014854",371863,2025-07-13 23:36:45,43.3602523803711,-8.8411226272583,"Unknown"
"7014854",371863,2025-07-13 23:41:45,43.3602104187012,-8.84119987487793,"Unknown"
"7014854",371863,2025-07-13 23:46:45,43.3599281311035,-8.84099960327148,"Unknown"
"7014854",371863,2025-07-13 23:51:46,43.3601264953613,-8.84096336364746,"Unknown"
"7014854",371863,2025-07-13 23:56:47,43.3600616455078,-8.84095859527588,"Unknown"
"7014854",371863,2025-07-14 00:01:45,43.3600311279297,-8.84097194671631,"Unknown"
"7014854",371863,2025-07-14 00:07:05,43.3602600097656,-8.84099960327148,"Unknown"
"7014854",371863,2025-07-14 00:11:44,43.3603324890137,-8.84092998504639,"Unknown"
"7014854",371863,2025-07-14 00:16:44,43.3602447509766,-8.84098434448242,"Unknown"
"7014854",371863,2025-07-14 00:21:45,43.3602104187012,-8.84099292755127,"Unknown"
"7014854",371863,2025-07-14 00:26:44,43.3602066040039,-8.84092140197754,"Unknown"
"7014854",371863,2025-07-14 00:31:45,43.3603363037109,-8.84093761444092,"Unknown"
"7014854",371863,2025-07-14 00:36:45,43.3602561950684,-8.841064453125,"Unknown"
"7014854",371863,2025-07-14 00:41:44,43.360279083252,-8.84092044830322,"Unknown"
"7014854",371863,2025-07-14 00:46:45,43.3602867126465,-8.84096050262451,"Unknown"
"7014854",371863,2025-07-14 00:51:46,43.3602447509766,-8.84097576141357,"Unknown"
"7014854",371863,2025-07-14 00:56:45,43.3601989746094,-8.84100151062012,"Unknown"
"7014854",371863,2025-07-14 01:01:44,43.3601417541504,-8.84109115600586,"Unknown"
"7014854",371863,2025-07-14 01:06:44,43.360179901123,-8.84092044830322,"Unknown"
"7014854",371863,2025-07-14 01:11:44,43.3602676391602,-8.8409309387207,"Unknown"
"7014854",371863,2025-07-14 01:16:45,43.3601036071777,-8.8408031463623,"Unknown"
"7014854",371863,2025-07-14 01:21:45,43.360237121582,-8.84092903137207,"Unknown"
"7014854",371863,2025-07-14 01:26:45,43.3601951599121,-8.84093475341797,"Unknown"
"7014854",371863,2025-07-14 01:31:45,43.360164642334,-8.84091281890869,"Unknown"
"7014854",371863,2025-07-14 01:36:45,43.3602294921875,-8.84092426300049,"Unknown"
"7014854",371863,2025-07-14 01:41:45,43.3601913452148,-8.84089279174805,"Unknown"
"7014854",371863,2025-07-14 01:46:46,43.3606643676758,-8.84129333496094,"Unknown"
"7014854",371863,2025-07-14 01:51:45,43.3601875305176,-8.84087944030762,"Unknown"
"7014854",371863,2025-07-14 01:56:45,43.3601760864258,-8.84083557128906,"Unknown"
"7014854",371863,2025-07-14 02:01:45,43.3602714538574,-8.84089279174805,"Unknown"
"7014854",371863,2025-07-14 02:06:47,43.3605422973633,-8.84118556976318,"Unknown"
"7014854",371863,2025-07-14 02:11:44,43.3863258361816,-8.8277587890625,"Unknown"
"7014854",371863,2025-07-14 02:16:46,43.3712196350098,-8.82472801208496,"Unknown"
"7014854",371863,2025-07-14 02:21:46,43.3698959350586,-8.82703113555908,"Unknown"
"7014854",371863,2025-07-14 02:26:47,43.3698921203613,-8.82671356201172,"Unknown"
"7014854",371863,2025-07-14 02:31:49,43.3697128295898,-8.82626628875732,"Unknown"
"7014854",371863,2025-07-14 02:36:45,43.3667640686035,-8.83238792419434,"Unknown"
"7014854",371863,2025-07-14 02:41:46,43.3601417541504,-8.84159564971924,"Unknown"
"7014854",371863,2025-07-14 02:46:49,43.3604469299316,-8.84099769592285,"Unknown"
"7014854",371863,2025-07-14 02:51:52,43.3603286743164,-8.84111976623535,"Unknown"
"7014854",371863,2025-07-14 02:56:48,43.3603286743164,-8.84057426452637,"Unknown"
"7014854",371863,2025-07-14 03:01:46,43.3603706359863,-8.84117126464844,"Unknown"
"7014854",371863,2025-07-14 03:06:54,43.3601837158203,-8.84104347229004,"Unknown"
"7014854",371863,2025-07-14 03:11:48,43.3603477478027,-8.84117698669434,"Unknown"
"7014854",371863,2025-07-14 03:16:49,43.3602333068848,-8.84099102020264,"Unknown"
"7014854",371863,2025-07-14 03:21:46,43.3603858947754,-8.84116458892822,"Unknown"
"7014854",371863,2025-07-14 03:26:49,43.3604164123535,-8.84123229980469,"Unknown"
"7014854",371863,2025-07-14 03:31:47,43.3602905273438,-8.84118175506592,"Unknown"
"7014854",371863,2025-07-14 03:36:46,43.360279083252,-8.84103775024414,"Unknown"
"7014854",371863,2025-07-14 03:41:46,43.360279083252,-8.84104061126709,"Unknown"
"7014854",371863,2025-07-14 03:46:47,43.3602333068848,-8.84098720550537,"Unknown"
"7014854",371863,2025-07-14 03:51:48,43.3602523803711,-8.84098339080811,"Unknown"
"7014854",371863,2025-07-14 03:56:45,43.3602142333984,-8.84095001220703,"Unknown"
"7014854",371863,2025-07-14 04:01:45,43.3601493835449,-8.84079647064209,"Unknown"
"7014854",371863,2025-07-14 04:06:45,43.3601531982422,-8.8408088684082,"Unknown"
"7014854",371863,2025-07-14 04:11:45,43.3600959777832,-8.84072589874268,"Unknown"
"7014854",371863,2025-07-14 04:16:45,43.3600692749023,-8.8406925201416,"Unknown"
"7014854",371863,2025-07-14 04:21:46,43.3600082397461,-8.84057521820068,"Unknown"
"7014854",371863,2025-07-14 04:26:46,43.363410949707,-8.83624076843262,"Unknown"
"7014854",371863,2025-07-14 04:31:45,43.3650665283203,-8.82583713531494,"Unknown"
"7014854",371863,2025-07-14 04:36:45,43.3613929748535,-8.8263463973999,"Unknown"
"7014854",371863,2025-07-14 04:41:48,43.3604354858398,-8.82710361480713,"Unknown"
"7014854",371863,2025-07-14 04:46:49,43.359733581543,-8.82685947418213,"Unknown"
"7014854",371863,2025-07-14 04:52:39,43.3613166809082,-8.84346580505371,"Unknown"
"7014854",371863,2025-07-14 04:57:44,43.3615188598633,-8.84351634979248,"Unknown"
"7014854",371863,2025-07-14 05:01:46,43.3617248535156,-8.84370136260986,"Unknown"
"7014854",371863,2025-07-14 05:06:51,43.3606300354004,-8.84046173095703,"Unknown"
"7014854",371863,2025-07-14 05:11:45,43.3609733581543,-8.84140968322754,"Unknown"
"7014854",371863,2025-07-14 05:16:46,43.3609771728516,-8.84118270874023,"Unknown"
"7014854",371863,2025-07-14 05:21:47,43.3607025146484,-8.8411808013916,"Unknown"
"7014854",371863,2025-07-14 05:26:53,43.3606948852539,-8.84114074707031,"Unknown"
"7014854",371863,2025-07-14 05:31:47,43.3609199523926,-8.8409481048584,"Unknown"
"7014854",371863,2025-07-14 05:36:48,43.360710144043,-8.84102058410645,"Unknown"
"7014854",371863,2025-07-14 05:41:47,43.360710144043,-8.84096527099609,"Unknown"
"7014854",371863,2025-07-14 05:46:46,43.3606834411621,-8.84096622467041,"Unknown"
"7014854",371863,2025-07-14 05:51:46,43.3606605529785,-8.84103965759277,"Unknown"
"7014854",371863,2025-07-14 05:56:46,43.3603324890137,-8.84107112884521,"Unknown"
"7014854",371863,2025-07-14 06:01:45,43.3601150512695,-8.8415994644165,"Unknown"
"7014854",371863,2025-07-14 06:06:51,43.3600311279297,-8.84167957305908,"Unknown"
"7014854",371863,2025-07-14 06:11:46,43.360034942627,-8.8416748046875,"Unknown"
"7014854",371863,2025-07-14 06:16:48,43.3600845336914,-8.84161186218262,"Unknown"
"7014854",371863,2025-07-14 06:21:46,43.3600234985352,-8.84160995483398,"Unknown"
"7014854",371863,2025-07-14 06:26:48,43.3599891662598,-8.84161758422852,"Unknown"
"7014854",371863,2025-07-14 06:31:46,43.3600006103516,-8.84159564971924,"Unknown"
"7014854",371863,2025-07-14 06:36:46,43.360034942627,-8.84151268005371,"Unknown"
"7014854",371863,2025-07-14 06:41:46,43.3600578308105,-8.84146976470947,"Unknown"
"7014854",371863,2025-07-14 06:46:46,43.360107421875,-8.84132862091064,"Unknown"
"7014854",371863,2025-07-14 06:51:46,43.3601531982422,-8.84133911132812,"Unknown"
"7014854",371863,2025-07-14 06:56:49,43.3601455688477,-8.84134387969971,"Unknown"
"7014854",371863,2025-07-14 07:01:46,43.3598747253418,-8.84140110015869,"Unknown"
"7014854",371863,2025-07-14 07:06:45,43.3600730895996,-8.84129238128662,"Unknown"
"7014854",371863,2025-07-14 07:11:46,43.3600692749023,-8.84114074707031,"Unknown"
"7014854",371863,2025-07-14 07:16:48,43.3600654602051,-8.84097766876221,"Unknown"
"7014854",371863,2025-07-14 07:21:46,43.3599967956543,-8.84104633331299,"Unknown"
"7014854",371863,2025-07-14 07:26:45,43.3601150512695,-8.84087181091309,"Unknown"
"7014854",371863,2025-07-14 07:31:46,43.3600769042969,-8.84090709686279,"Unknown"
"7014854",371863,2025-07-14 07:36:46,43.3601264953613,-8.84090328216553,"Unknown"
"7014854",371863,2025-07-14 07:41:46,43.3600578308105,-8.84080410003662,"Unknown"
"7014854",371863,2025-07-14 07:46:45,43.3600654602051,-8.84087562561035,"Unknown"
"7014854",371863,2025-07-14 07:51:47,43.3600921630859,-8.84055042266846,"Unknown"
"7014854",371863,2025-07-14 07:56:46,43.3601722717285,-8.84046173095703,"Unknown"
"7014854",371863,2025-07-14 08:01:47,43.3606109619141,-8.84079360961914,"Unknown"
"7014854",371863,2025-07-14 08:06:48,43.3608131408691,-8.84090137481689,"Unknown"
"7014854",371863,2025-07-14 08:11:45,43.361385345459,-8.84881019592285,"Unknown"
"7014854",371863,2025-07-14 08:16:47,43.3589096069336,-8.85571956634521,"Unknown"
"7014854",371863,2025-07-14 08:21:47,43.3603668212891,-8.85493659973145,"Unknown"
"7014854",371863,2025-07-14 08:26:46,43.362850189209,-8.85554695129395,"Unknown"
"7014854",371863,2025-07-14 08:31:47,43.3753433227539,-8.86082172393799,"Unknown"
"7014854",371863,2025-07-14 08:36:46,43.3614387512207,-8.85540771484375,"Unknown"
"7014854",371863,2025-07-14 08:41:47,43.3541030883789,-8.85794544219971,"Unknown"
"7014854",371863,2025-07-14 08:46:45,43.353702545166,-8.85890579223633,"Unknown"
"7014854",371863,2025-07-14 08:51:47,43.3530654907227,-8.85888481140137,"Unknown"
"7014854",371863,2025-07-14 08:56:48,43.351863861084,-8.85729789733887,"Unknown"
"7014854",371863,2025-07-14 09:01:47,43.3515396118164,-8.8571662902832,"Unknown"
"7014854",371863,2025-07-14 09:06:45,43.3524284362793,-8.85786533355713,"Unknown"
"7014854",371863,2025-07-14 09:11:45,43.3520927429199,-8.85853385925293,"Unknown"
"7014854",371863,2025-07-14 09:16:48,43.3524513244629,-8.85892772674561,"Unknown"
"7014854",371863,2025-07-14 09:21:52,43.351993560791,-8.85866451263428,"Unknown"
"7014854",371863,2025-07-14 09:27:53,43.359375,-8.84708404541016,"Unknown"
"7014854",371863,2025-07-14 09:32:03,43.3593635559082,-8.84711933135986,"Unknown"
"7014854",371863,2025-07-14 09:36:53,43.3594093322754,-8.84692668914795,"Unknown"
"7014854",371863,2025-07-14 09:41:49,43.3593406677246,-8.84700775146484,"Unknown"
"7014854",371863,2025-07-14 09:46:48,43.3593940734863,-8.84696865081787,"Unknown"
"7014854",371863,2025-07-14 09:51:46,43.3593521118164,-8.84700489044189,"Unknown"
"7014854",371863,2025-07-14 09:56:57,43.3610038757324,-8.84395217895508,"Unknown"
"7014854",371863,2025-07-14 10:01:46,43.362735748291,-8.83919143676758,"Unknown"
"7014854",371863,2025-07-14 10:06:47,43.3627624511719,-8.83913993835449,"Unknown"
"7014854",371863,2025-07-14 10:11:47,43.3627433776855,-8.83921241760254,"Unknown"
"7014854",371863,2025-07-14 10:16:46,43.3603286743164,-8.84085369110107,"Unknown"
"7014854",371863,2025-07-14 10:21:46,43.3602447509766,-8.84083366394043,"Unknown"
"7014854",371863,2025-07-14 10:26:46,43.3602600097656,-8.84086990356445,"Unknown"
"7014854",371863,2025-07-14 10:31:46,43.3604621887207,-8.84097290039062,"Unknown"
"7014854",371863,2025-07-14 10:36:46,43.3602714538574,-8.84090614318848,"Unknown"
"7014854",371863,2025-07-14 10:41:46,43.360279083252,-8.84078216552734,"Unknown"
"7014854",371863,2025-07-14 10:46:47,43.3604507446289,-8.84088802337646,"Unknown"
"7014854",371863,2025-07-14 10:51:46,43.3606910705566,-8.84114360809326,"Unknown"
"7014854",371863,2025-07-14 10:56:46,43.3607215881348,-8.84105205535889,"Unknown"
"7014854",371863,2025-07-14 11:01:47,43.3604888916016,-8.84103393554688,"Unknown"
"7014854",371863,2025-07-14 11:06:47,43.3607025146484,-8.84109306335449,"Unknown"
"7014854",371863,2025-07-14 11:11:46,43.3607482910156,-8.84110450744629,"Unknown"
"7014854",371863,2025-07-14 11:16:46,43.3605155944824,-8.84111309051514,"Unknown"
"7014854",371863,2025-07-14 11:21:51,43.3599281311035,-8.84102821350098,"Unknown"
"7014854",371863,2025-07-14 11:26:46,43.359676361084,-8.84096813201904,"Unknown"
"7014854",371863,2025-07-14 11:31:46,43.3599700927734,-8.84101963043213,"Unknown"
"7014854",371863,2025-07-14 11:36:46,43.3599243164062,-8.84096717834473,"Unknown"
"7014854",371863,2025-07-14 11:41:47,43.3674583435059,-8.83151531219482,"Unknown"
"7014854",371863,2025-07-14 11:46:47,43.3689308166504,-8.83105278015137,"Unknown"
"7014854",371863,2025-07-14 11:51:46,43.3687400817871,-8.82861232757568,"Unknown"
"7014854",371863,2025-07-14 11:56:47,43.3614768981934,-8.83363056182861,"Unknown"
"7014854",371863,2025-07-14 12:01:46,43.3615798950195,-8.83364582061768,"Unknown"
"7014854",371863,2025-07-14 12:06:51,43.3615646362305,-8.83385753631592,"Unknown"
"7014854",371863,2025-07-14 12:11:48,43.3615646362305,-8.83374309539795,"Unknown"
"7014854",371863,2025-07-14 12:16:48,43.3615531921387,-8.83391380310059,"Unknown"
"7014854",371863,2025-07-14 12:21:48,43.3615646362305,-8.83352088928223,"Unknown"
"7014854",371863,2025-07-14 12:26:50,43.3614921569824,-8.83390235900879,"Unknown"
"7014854",371863,2025-07-14 12:31:49,43.3616371154785,-8.8336353302002,"Unknown"
"7014854",371863,2025-07-14 12:36:47,43.361686706543,-8.83350086212158,"Unknown"
"7014854",371863,2025-07-14 12:41:48,43.3618049621582,-8.83349418640137,"Unknown"
"7014854",371863,2025-07-14 12:46:52,43.3617858886719,-8.83363819122314,"Unknown"
"7014854",371863,2025-07-14 12:51:51,43.3617668151855,-8.83427333831787,"Unknown"
"7014854",371863,2025-07-14 12:56:47,43.3617362976074,-8.8338737487793,"Unknown"
"7014854",371863,2025-07-14 13:01:48,43.3617362976074,-8.83387565612793,"Unknown"
"7014854",371863,2025-07-14 13:06:48,43.3619575500488,-8.83332538604736,"Unknown"
"7014854",371863,2025-07-14 13:11:48,43.3618965148926,-8.8334321975708,"Unknown"
"7014854",371863,2025-07-14 13:16:49,43.3619537353516,-8.83338451385498,"Unknown"
"7014854",371863,2025-07-14 13:21:48,43.3619842529297,-8.83344554901123,"Unknown"
"7014854",371863,2025-07-14 13:26:49,43.361888885498,-8.83325576782227,"Unknown"
"7014854",371863,2025-07-14 13:31:48,43.3618583679199,-8.83382415771484,"Unknown"
"7014854",371863,2025-07-14 13:36:47,43.361198425293,-8.84357643127441,"Unknown"
"7014854",371863,2025-07-14 13:42:04,43.3608665466309,-8.84363269805908,"Unknown"
"7014854",371863,2025-07-14 13:46:47,43.3604927062988,-8.84118366241455,"Unknown"
"7014854",371863,2025-07-14 13:51:47,43.3603668212891,-8.84101963043213,"Unknown"
"7014854",371863,2025-07-14 13:56:48,43.3593673706055,-8.84051609039307,"Unknown"
"7014854",371863,2025-07-14 14:01:49,43.3603363037109,-8.84103775024414,"Unknown"
"7014854",371863,2025-07-14 14:06:48,43.3599662780762,-8.8411808013916,"Unknown"
"7014854",371863,2025-07-14 14:11:48,43.3594932556152,-8.84182071685791,"Unknown"
"7014854",371863,2025-07-14 14:16:49,43.360034942627,-8.84096336364746,"Unknown"
"7014854",371863,2025-07-14 14:21:48,43.3603057861328,-8.84102058410645,"Unknown"
"7014854",371863,2025-07-14 14:26:48,43.3604545593262,-8.84113025665283,"Unknown"
"7014854",371863,2025-07-14 14:31:48,43.3604164123535,-8.84100914001465,"Unknown"
"7014854",371863,2025-07-14 14:36:48,43.3604507446289,-8.84090900421143,"Unknown"
"7014854",371863,2025-07-14 14:41:50,43.3600692749023,-8.84176540374756,"Unknown"
"7014854",371863,2025-07-14 14:46:48,43.3600196838379,-8.84073066711426,"Unknown"
"7014854",371863,2025-07-14 14:51:51,43.3601989746094,-8.84090137481689,"Unknown"
"7014854",371863,2025-07-14 14:56:48,43.3601531982422,-8.84120655059814,"Unknown"
"7014854",371863,2025-07-14 15:01:48,43.3601608276367,-8.84121322631836,"Unknown"
"7014854",371863,2025-07-14 15:06:53,43.3600158691406,-8.84074115753174,"Unknown"
"7014854",371863,2025-07-14 15:11:49,43.3599548339844,-8.84073352813721,"Unknown"
"7014854",371863,2025-07-14 15:16:50,43.3601875305176,-8.84121608734131,"Unknown"
"7014854",371863,2025-07-14 15:21:51,43.3603744506836,-8.84099197387695,"Unknown"
"7014854",371863,2025-07-14 15:26:54,43.3647155761719,-8.82472991943359,"Unknown"
"7014854",371863,2025-07-14 15:31:51,43.3661689758301,-8.82159614562988,"Unknown"
"7014854",371863,2025-07-14 15:36:49,43.3661499023438,-8.8216381072998,"Unknown"
"7014854",371863,2025-07-14 15:41:49,43.3671226501465,-8.82020664215088,"Unknown"
"7014854",371863,2025-07-14 15:46:50,43.3669357299805,-8.82046604156494,"Unknown"
"7014854",371863,2025-07-14 15:51:48,43.3639488220215,-8.82853984832764,"Unknown"
"7014854",371863,2025-07-14 15:56:52,43.3608436584473,-8.83218955993652,"Unknown"
"7014854",371863,2025-07-14 16:01:51,43.3606262207031,-8.83316230773926,"Unknown"
"7014854",371863,2025-07-14 16:06:57,43.3605880737305,-8.83286476135254,"Unknown"
"7014854",371863,2025-07-14 16:11:50,43.3606109619141,-8.83299732208252,"Unknown"
"7014854",371863,2025-07-14 16:17:23,43.3605690002441,-8.83237838745117,"Unknown"
"7014854",371863,2025-07-14 16:21:47,43.3605422973633,-8.83241748809814,"Unknown"
"7014854",371863,2025-07-14 16:26:49,43.360725402832,-8.83243179321289,"Unknown"
"7014854",371863,2025-07-14 16:31:47,43.360538482666,-8.83241081237793,"Unknown"
"7014854",371863,2025-07-14 16:36:47,43.3603096008301,-8.83208847045898,"Unknown"
"7014854",371863,2025-07-14 16:41:47,43.3603591918945,-8.83207988739014,"Unknown"
"7014854",371863,2025-07-14 16:46:48,43.3600158691406,-8.83200550079346,"Unknown"
"7014854",371863,2025-07-14 16:51:48,43.3601837158203,-8.83224391937256,"Unknown"
"7014854",371863,2025-07-14 16:56:51,43.3602180480957,-8.83239841461182,"Unknown"
"7014854",371863,2025-07-14 17:02:17,43.3607482910156,-8.84415531158447,"Unknown"
"7014854",371863,2025-07-14 17:07:50,43.3616142272949,-8.8442964553833,"Unknown"
"7014854",371863,2025-07-14 17:11:50,43.3598594665527,-8.84079933166504,"Unknown"
"7014854",371863,2025-07-14 17:16:48,43.3612823486328,-8.84139537811279,"Unknown"
"7014854",371863,2025-07-14 17:21:48,43.3592147827148,-8.84055709838867,"Unknown"
"7014854",371863,2025-07-14 17:26:49,43.3589019775391,-8.84026336669922,"Unknown"
"7014854",371863,2025-07-14 17:31:52,43.3601684570312,-8.84104156494141,"Unknown"
"7014854",371863,2025-07-14 17:36:52,43.3604202270508,-8.84101963043213,"Unknown"
"7014854",371863,2025-07-14 17:41:48,43.3597679138184,-8.84037399291992,"Unknown"
"7014854",371863,2025-07-14 17:46:48,43.3604927062988,-8.84119129180908,"Unknown"
"7014854",371863,2025-07-14 17:51:48,43.3605155944824,-8.84133243560791,"Unknown"
"7014854",371863,2025-07-14 17:56:47,43.3604393005371,-8.84117603302002,"Unknown"
"7014854",371863,2025-07-14 18:01:47,43.3604431152344,-8.8412036895752,"Unknown"
"7014854",371863,2025-07-14 18:06:47,43.3604316711426,-8.84115982055664,"Unknown"
"7014854",371863,2025-07-14 18:11:48,43.3605041503906,-8.841233253479,"Unknown"
"7014854",371863,2025-07-14 18:16:47,43.3603363037109,-8.8413724899292,"Unknown"
"7014854",371863,2025-07-14 18:21:47,43.3605003356934,-8.84125232696533,"Unknown"
"7014854",371863,2025-07-14 18:26:48,43.3603973388672,-8.84085178375244,"Unknown"
"7014854",371863,2025-07-14 18:31:49,43.3604507446289,-8.84125232696533,"Unknown"
"7014854",371863,2025-07-14 18:36:55,43.3604736328125,-8.84144401550293,"Unknown"
"7014854",371863,2025-07-14 18:41:47,43.3603897094727,-8.841383934021,"Unknown"
"7014854",371863,2025-07-14 18:46:47,43.3603706359863,-8.84130096435547,"Unknown"
"7014854",371863,2025-07-14 18:51:47,43.3603820800781,-8.84131908416748,"Unknown"
"7014854",371863,2025-07-14 18:56:47,43.3601150512695,-8.8407039642334,"Unknown"
"7014854",371863,2025-07-14 19:01:48,43.3688049316406,-8.83256912231445,"Unknown"
"7014854",371863,2025-07-14 19:06:49,43.3702049255371,-8.83454322814941,"Unknown"
"7014854",371863,2025-07-14 19:11:49,43.3698883056641,-8.83493900299072,"Unknown"
"7014854",371863,2025-07-14 19:16:48,43.3696327209473,-8.83530807495117,"Unknown"
"7014854",371863,2025-07-14 19:21:48,43.369026184082,-8.8355016708374,"Unknown"
"7014854",371863,2025-07-14 19:26:48,43.3683471679688,-8.8362512588501,"Unknown"
"7014854",371863,2025-07-14 19:31:47,43.3676452636719,-8.83452892303467,"Unknown"
"7014854",371863,2025-07-14 19:36:52,43.3674430847168,-8.82430171966553,"Unknown"
"7014854",371863,2025-07-14 19:41:47,43.3657035827637,-8.82393169403076,"Unknown"
"7014854",371863,2025-07-14 19:46:48,43.3605155944824,-8.83271980285645,"Unknown"
"7014854",371863,2025-07-14 19:51:53,43.3603935241699,-8.83262920379639,"Unknown"
"7014854",371863,2025-07-14 19:56:49,43.3605537414551,-8.83275985717773,"Unknown"
"7014854",371863,2025-07-14 20:02:26,43.3603706359863,-8.83245944976807,"Unknown"
"7014854",371863,2025-07-14 20:06:49,43.3603057861328,-8.8323392868042,"Unknown"
"7014854",371863,2025-07-14 20:11:47,43.360481262207,-8.83231735229492,"Unknown"
"7014854",371863,2025-07-14 20:16:48,43.3604965209961,-8.83235454559326,"Unknown"
"7014854",371863,2025-07-14 20:21:48,43.3604736328125,-8.8323860168457,"Unknown"
"7014854",371863,2025-07-14 20:26:47,43.3605003356934,-8.83246326446533,"Unknown"
"7014854",371863,2025-07-14 20:31:48,43.3605155944824,-8.83233070373535,"Unknown"
"7014854",371863,2025-07-14 20:36:48,43.3681869506836,-8.8283519744873,"Unknown"
"7014854",371863,2025-07-14 20:41:47,43.3684234619141,-8.82936573028564,"Unknown"
"7014854",371863,2025-07-14 20:46:47,43.3684120178223,-8.83023834228516,"Unknown"
"7014854",371863,2025-07-14 20:51:47,43.3686027526855,-8.8308629989624,"Unknown"
"7014854",371863,2025-07-14 20:56:47,43.3613700866699,-8.84390068054199,"Unknown"
"7014854",371863,2025-07-14 21:01:48,43.3601722717285,-8.84121417999268,"Unknown"
"7014854",371863,2025-07-14 21:06:47,43.3603553771973,-8.84064960479736,"Unknown"
"7014854",371863,2025-07-14 21:11:48,43.3601188659668,-8.84106636047363,"Unknown"
"7014854",371863,2025-07-14 21:16:47,43.3601226806641,-8.8411865234375,"Unknown"
"7014854",371863,2025-07-14 21:21:47,43.3601608276367,-8.84120941162109,"Unknown"
"7014854",371863,2025-07-14 21:26:48,43.3601531982422,-8.84123134613037,"Unknown"
"7014854",371863,2025-07-14 21:31:47,43.3601989746094,-8.84114837646484,"Unknown"
"7014854",371863,2025-07-14 21:36:47,43.3603096008301,-8.84110450744629,"Unknown"
"7014854",371863,2025-07-14 21:41:47,43.3604698181152,-8.84117794036865,"Unknown"
"7014854",371863,2025-07-14 21:46:47,43.3601951599121,-8.84093379974365,"Unknown"
"7014854",371863,2025-07-14 21:51:47,43.3600654602051,-8.84091472625732,"Unknown"
"7014854",371863,2025-07-14 21:56:47,43.3601608276367,-8.84089469909668,"Unknown"
"7014854",371863,2025-07-14 22:01:48,43.3601760864258,-8.84088611602783,"Unknown"
"7014854",371863,2025-07-14 22:06:47,43.3601875305176,-8.84088802337646,"Unknown"
"7014854",371863,2025-07-14 22:11:47,43.3601379394531,-8.84073352813721,"Unknown"
"7014854",371863,2025-07-14 22:16:48,43.3602180480957,-8.8409595489502,"Unknown"
"7014854",371863,2025-07-14 22:21:48,43.3601951599121,-8.84087371826172,"Unknown"
"7014854",371863,2025-07-14 22:26:48,43.3601531982422,-8.84063339233398,"Unknown"
"7014854",371863,2025-07-14 22:31:48,43.3600234985352,-8.84042835235596,"Unknown"
"7014854",371863,2025-07-14 22:36:47,43.3599739074707,-8.84033012390137,"Unknown"
"7014854",371863,2025-07-14 22:41:48,43.3600540161133,-8.84035205841064,"Unknown"
"7014854",371863,2025-07-14 22:46:48,43.3598556518555,-8.8400707244873,"Unknown"
"7014854",371863,2025-07-14 22:51:48,43.3603591918945,-8.8408842086792,"Unknown"
"7014854",371863,2025-07-14 22:56:54,43.360523223877,-8.84100437164307,"Unknown"
"7014854",371863,2025-07-14 23:01:49,43.3604850769043,-8.84082126617432,"Unknown"
"7014854",371863,2025-07-14 23:06:48,43.360424041748,-8.84092235565186,"Unknown"
"7014854",371863,2025-07-14 23:11:50,43.3604545593262,-8.84085464477539,"Unknown"
"7014854",371863,2025-07-14 23:16:48,43.3604736328125,-8.84086608886719,"Unknown"
"7014854",371863,2025-07-14 23:21:48,43.3600769042969,-8.84085750579834,"Unknown"
"7014854",371863,2025-07-14 23:26:51,43.360538482666,-8.8411226272583,"Unknown"
"7014854",371863,2025-07-14 23:31:49,43.3603286743164,-8.84127235412598,"Unknown"
"7014854",371863,2025-07-14 23:36:54,43.3602638244629,-8.8412446975708,"Unknown"
"7014854",371863,2025-07-14 23:41:47,43.3601760864258,-8.84149551391602,"Unknown"
"7014854",371863,2025-07-14 23:46:49,43.3601226806641,-8.84135627746582,"Unknown"
"7014854",371863,2025-07-14 23:51:47,43.3600311279297,-8.84138870239258,"Unknown"
"7014854",371863,2025-07-14 23:56:47,43.360034942627,-8.84143543243408,"Unknown"
"7014854",371863,2025-07-15 00:01:54,43.3601303100586,-8.84131908416748,"Unknown"
"7014854",371863,2025-07-15 00:06:49,43.3600807189941,-8.84139633178711,"Unknown"
"7014854",371863,2025-07-15 00:11:48,43.3600959777832,-8.84126472473145,"Unknown"
"7014854",371863,2025-07-15 00:16:50,43.3601608276367,-8.8412618637085,"Unknown"
"7014854",371863,2025-07-15 00:21:47,43.3599891662598,-8.84121227264404,"Unknown"
"7014854",371863,2025-07-15 00:26:48,43.3601722717285,-8.84102344512939,"Unknown"
"7014854",371863,2025-07-15 00:31:48,43.3600959777832,-8.84097862243652,"Unknown"
"7014854",371863,2025-07-15 00:36:49,43.359245300293,-8.84001350402832,"Unknown"
"7014854",371863,2025-07-15 00:41:51,43.3600692749023,-8.84097957611084,"Unknown"
"7014854",371863,2025-07-15 00:46:50,43.3602485656738,-8.84126091003418,"Unknown"
"7014854",371863,2025-07-15 00:51:55,43.3603363037109,-8.84124755859375,"Unknown"
"7014854",371863,2025-07-15 00:56:52,43.3601837158203,-8.84116840362549,"Unknown"
"7014854",371863,2025-07-15 01:01:48,43.3602676391602,-8.84116268157959,"Unknown"
"7014854",371863,2025-07-15 01:06:48,43.3613204956055,-8.84246158599854,"Unknown"
"7014854",371863,2025-07-15 01:11:53,43.360897064209,-8.84181785583496,"Unknown"
"7014854",371863,2025-07-15 01:16:57,43.3610229492188,-8.84193229675293,"Unknown"
"7014854",371863,2025-07-15 01:21:54,43.3609504699707,-8.84187030792236,"Unknown"
"7014854",371863,2025-07-15 01:27:11,43.3610000610352,-8.84174537658691,"Unknown"
"7014854",371863,2025-07-15 01:31:48,43.3605995178223,-8.84137153625488,"Unknown"
"7014854",371863,2025-07-15 01:36:54,43.3616104125977,-8.84230422973633,"Unknown"
"7014854",371863,2025-07-15 01:41:58,43.3604316711426,-8.84125995635986,"Unknown"
"7014854",371863,2025-07-15 01:46:53,43.3610343933105,-8.84184741973877,"Unknown"
"7014854",371863,2025-07-15 01:51:51,43.3610954284668,-8.84187889099121,"Unknown"
"7014854",371863,2025-07-15 01:56:50,43.361011505127,-8.8417911529541,"Unknown"
"7014854",371863,2025-07-15 02:01:51,43.3610382080078,-8.8417444229126,"Unknown"
"7014854",371863,2025-07-15 02:06:58,43.3609199523926,-8.84162425994873,"Unknown"
"7014854",371863,2025-07-15 02:11:52,43.3610038757324,-8.84169006347656,"Unknown"
"7014854",371863,2025-07-15 02:16:54,43.3610343933105,-8.84165096282959,"Unknown"
"7014854",371863,2025-07-15 02:21:52,43.3609313964844,-8.84157180786133,"Unknown"
"7014854",371863,2025-07-15 02:27:24,43.3601455688477,-8.84086036682129,"Unknown"
"7014854",371863,2025-07-15 02:31:55,43.360221862793,-8.84091472625732,"Unknown"
"7014854",371863,2025-07-15 02:37:23,43.3596305847168,-8.84264945983887,"Unknown"
"7014854",371863,2025-07-15 02:41:46,43.3594284057617,-8.84261989593506,"Unknown"
"7014854",371863,2025-07-15 02:46:48,43.3603401184082,-8.84080791473389,"Unknown"
"7014854",371863,2025-07-15 02:51:47,43.3602638244629,-8.84090995788574,"Unknown"
"7014854",371863,2025-07-15 02:56:48,43.3602523803711,-8.8409538269043,"Unknown"
"7014854",371863,2025-07-15 03:01:47,43.3603057861328,-8.84084606170654,"Unknown"
"7014854",371863,2025-07-15 03:06:47,43.360294342041,-8.84086799621582,"Unknown"
"7014854",371863,2025-07-15 03:11:47,43.3602638244629,-8.84097957611084,"Unknown"
"7014854",371863,2025-07-15 03:16:47,43.360424041748,-8.84080982208252,"Unknown"
"7014854",371863,2025-07-15 03:21:49,43.3603477478027,-8.84078884124756,"Unknown"
"7014854",371863,2025-07-15 03:26:47,43.3602561950684,-8.8410062789917,"Unknown"
"7014854",371863,2025-07-15 03:31:47,43.3601264953613,-8.84112644195557,"Unknown"
"7014854",371863,2025-07-15 03:36:47,43.3602256774902,-8.84100341796875,"Unknown"
"7014854",371863,2025-07-15 03:41:48,43.3667793273926,-8.82718086242676,"Unknown"
"7014854",371863,2025-07-15 03:46:51,43.3636665344238,-8.82478904724121,"Unknown"
"7014854",371863,2025-07-15 03:51:47,43.3638191223145,-8.82417297363281,"Unknown"
"7014854",371863,2025-07-15 03:56:47,43.3608131408691,-8.83725929260254,"Unknown"
"7014854",371863,2025-07-15 04:01:50,43.3601951599121,-8.84105205535889,"Unknown"
"7014854",371863,2025-07-15 04:06:51,43.3602867126465,-8.84097671508789,"Unknown"
"7014854",371863,2025-07-15 04:11:48,43.3602867126465,-8.84094429016113,"Unknown"
"7014854",371863,2025-07-15 04:16:48,43.3602104187012,-8.84105396270752,"Unknown"
"7014854",371863,2025-07-15 04:21:48,43.3602485656738,-8.84102439880371,"Unknown"
"7014854",371863,2025-07-15 04:26:47,43.3681716918945,-8.8269567489624,"Unknown"
"7014854",371863,2025-07-15 04:31:51,43.3686943054199,-8.82460594177246,"Unknown"
"7014854",371863,2025-07-15 04:36:55,43.368480682373,-8.82342433929443,"Unknown"
"7014854",371863,2025-07-15 04:43:11,43.3610687255859,-8.84400272369385,"Unknown"
"7014854",371863,2025-07-15 04:48:11,43.360725402832,-8.84418964385986,"Unknown"
"7014854",371863,2025-07-15 04:52:01,43.3612213134766,-8.84389877319336,"Unknown"
"7014854",371863,2025-07-15 04:56:49,43.3613052368164,-8.84401512145996,"Unknown"
"7014854",371863,2025-07-15 05:01:47,43.3620109558105,-8.84276962280273,"Unknown"
"7014854",371863,2025-07-15 05:06:47,43.3603363037109,-8.84104156494141,"Unknown"
"7014854",371863,2025-07-15 05:11:48,43.3603172302246,-8.84103870391846,"Unknown"
"7014854",371863,2025-07-15 05:16:54,43.3602066040039,-8.84095287322998,"Unknown"
"7014854",371863,2025-07-15 05:21:47,43.3602600097656,-8.84099102020264,"Unknown"
"7014854",371863,2025-07-15 05:26:47,43.3603210449219,-8.84104919433594,"Unknown"
"7014854",371863,2025-07-15 05:31:47,43.3602561950684,-8.840895652771,"Unknown"
"7014854",371863,2025-07-15 05:36:51,43.3603553771973,-8.84111022949219,"Unknown"
"7014854",371863,2025-07-15 05:41:47,43.3602752685547,-8.84099388122559,"Unknown"
"7014854",371863,2025-07-15 05:46:49,43.3603057861328,-8.84102344512939,"Unknown"
"7014854",371863,2025-07-15 05:51:51,43.3603439331055,-8.84110736846924,"Unknown"
"7014854",371863,2025-07-15 05:56:48,43.3602523803711,-8.84090423583984,"Unknown"
"7014854",371863,2025-07-15 06:01:48,43.3603096008301,-8.84089756011963,"Unknown"
"7014854",371863,2025-07-15 06:06:48,43.3602981567383,-8.84081745147705,"Unknown"
"7014854",371863,2025-07-15 06:11:48,43.3603324890137,-8.8408260345459,"Unknown"
"7014854",371863,2025-07-15 06:16:54,43.3603019714355,-8.8408784866333,"Unknown"
"7014854",371863,2025-07-15 06:21:49,43.3603057861328,-8.84082984924316,"Unknown"
"7014854",371863,2025-07-15 06:26:48,43.360294342041,-8.84087181091309,"Unknown"
"7014854",371863,2025-07-15 06:31:55,43.3603286743164,-8.84081745147705,"Unknown"
"7014854",371863,2025-07-15 06:37:03,43.3603439331055,-8.84081077575684,"Unknown"
"7014854",371863,2025-07-15 06:41:59,43.3603019714355,-8.84082698822021,"Unknown"
"7014854",371863,2025-07-15 06:47:04,43.3603057861328,-8.84080600738525,"Unknown"
"7014854",371863,2025-07-15 06:51:54,43.360294342041,-8.84074592590332,"Unknown"
"7014854",371863,2025-07-15 06:56:49,43.3603019714355,-8.84078884124756,"Unknown"
"7014854",371863,2025-07-15 07:02:04,43.3603134155273,-8.84080028533936,"Unknown"
"7014854",371863,2025-07-15 07:06:54,43.3600883483887,-8.84021186828613,"Unknown"
"7014854",371863,2025-07-15 07:12:07,43.3602638244629,-8.84077262878418,"Unknown"
"7014854",371863,2025-07-15 07:16:52,43.3603057861328,-8.84088516235352,"Unknown"
"7014854",371863,2025-07-15 07:22:08,43.3602981567383,-8.84084892272949,"Unknown"
"7014854",371863,2025-07-15 07:26:54,43.3603248596191,-8.84078502655029,"Unknown"
"7014854",371863,2025-07-15 07:31:52,43.3603744506836,-8.84126853942871,"Unknown"
"7014854",371863,2025-07-15 07:37:14,43.3603096008301,-8.84082317352295,"Unknown"
"7014854",371863,2025-07-15 07:41:54,43.3604202270508,-8.84126472473145,"Unknown"
"7014854",371863,2025-07-15 07:46:56,43.360408782959,-8.84112930297852,"Unknown"
"7014854",371863,2025-07-15 07:51:55,43.3604507446289,-8.8411693572998,"Unknown"
"7014854",371863,2025-07-15 07:56:54,43.3603477478027,-8.84103775024414,"Unknown"
"7014854",371863,2025-07-15 08:02:05,43.3603706359863,-8.84121990203857,"Unknown"
"7014854",371863,2025-07-15 08:06:48,43.3602561950684,-8.84085941314697,"Unknown"
"7014854",371863,2025-07-15 08:11:48,43.3605461120605,-8.84083271026611,"Unknown"
"7014854",371863,2025-07-15 08:16:50,43.3648948669434,-8.82186317443848,"Unknown"
"7014854",371863,2025-07-15 08:21:48,43.3648376464844,-8.82231616973877,"Unknown"
"7014854",371863,2025-07-15 08:26:49,43.3639183044434,-8.82470226287842,"Unknown"
"7014854",371863,2025-07-15 08:31:47,43.3637847900391,-8.82863330841064,"Unknown"
"7014854",371863,2025-07-15 08:36:47,43.3569030761719,-8.84331321716309,"Unknown"
"7014854",371863,2025-07-15 08:41:51,43.3607521057129,-8.84128475189209,"Unknown"
"7014854",371863,2025-07-15 08:46:47,43.3602867126465,-8.84097290039062,"Unknown"
"7014854",371863,2025-07-15 08:51:49,43.360481262207,-8.84067630767822,"Unknown"
"7014854",371863,2025-07-15 08:56:49,43.3605308532715,-8.84092235565186,"Unknown"
"7014854",371863,2025-07-15 09:01:48,43.3606567382812,-8.84081935882568,"Unknown"
"7014854",371863,2025-07-15 09:06:48,43.360424041748,-8.84085655212402,"Unknown"
"7014854",371863,2025-07-15 09:11:52,43.3601760864258,-8.84093475341797,"Unknown"
"7014854",371863,2025-07-15 09:16:48,43.3605346679688,-8.84082221984863,"Unknown"
"7014854",371863,2025-07-15 09:21:48,43.3603019714355,-8.84090709686279,"Unknown"
"7014854",371863,2025-07-15 09:26:48,43.3606948852539,-8.84072494506836,"Unknown"
"7014854",371863,2025-07-15 09:31:48,43.360523223877,-8.84087181091309,"Unknown"
"7014854",371863,2025-07-15 09:36:51,43.3604164123535,-8.8410120010376,"Unknown"
"7014854",371863,2025-07-15 09:41:51,43.3605651855469,-8.84105396270752,"Unknown"
"7014854",371863,2025-07-15 09:46:51,43.3603286743164,-8.84112453460693,"Unknown"
"7014854",371863,2025-07-15 09:51:48,43.3603324890137,-8.84095764160156,"Unknown"
"7014854",371863,2025-07-15 09:56:49,43.3604164123535,-8.84105968475342,"Unknown"
"7014854",371863,2025-07-15 10:01:51,43.3602981567383,-8.84086513519287,"Unknown"
"7014854",371863,2025-07-15 10:06:54,43.3605308532715,-8.84109592437744,"Unknown"
"7014854",371863,2025-07-15 10:11:48,43.3605079650879,-8.84110546112061,"Unknown"
"7014854",371863,2025-07-15 10:16:48,43.3606300354004,-8.84113788604736,"Unknown"
"7014854",371863,2025-07-15 10:21:50,43.3606147766113,-8.84109115600586,"Unknown"
"7014854",371863,2025-07-15 10:26:49,43.3606719970703,-8.84129238128662,"Unknown"
"7014854",371863,2025-07-15 10:31:54,43.3610000610352,-8.84146595001221,"Unknown"
"7014854",371863,2025-07-15 10:36:52,43.3607749938965,-8.84139537811279,"Unknown"
"7014854",371863,2025-07-15 10:41:50,43.3605346679688,-8.84111309051514,"Unknown"
"7014854",371863,2025-07-15 10:46:48,43.3606491088867,-8.84112930297852,"Unknown"
"7014854",371863,2025-07-15 10:51:47,43.3606185913086,-8.84115219116211,"Unknown"
"7014854",371863,2025-07-15 10:56:47,43.3608894348145,-8.8413610458374,"Unknown"
"7014854",371863,2025-07-15 11:01:50,43.3606491088867,-8.84158706665039,"Unknown"
"7014854",371863,2025-07-15 11:06:51,43.3606338500977,-8.84110736846924,"Unknown"
"7014854",371863,2025-07-15 11:11:48,43.3605651855469,-8.84094429016113,"Unknown"
"7014854",371863,2025-07-15 11:17:02,43.3607635498047,-8.84128665924072,"Unknown"
"7014854",371863,2025-07-15 11:22:44,43.3605613708496,-8.84529685974121,"Unknown"
"7014854",371863,2025-07-15 11:26:58,43.3611450195312,-8.84470653533936,"Unknown"
"7014854",371863,2025-07-15 11:32:12,43.3610763549805,-8.84461688995361,"Unknown"
"7014854",371863,2025-07-15 11:37:16,43.3606796264648,-8.8448600769043,"Unknown"
"7014854",371863,2025-07-15 11:42:01,43.3605995178223,-8.84443473815918,"Unknown"
"7014854",371863,2025-07-15 11:46:58,43.3608207702637,-8.84465408325195,"Unknown"
"7014854",371863,2025-07-15 11:52:00,43.3610038757324,-8.84434986114502,"Unknown"
"7014854",371863,2025-07-15 11:56:51,43.3609962463379,-8.84446144104004,"Unknown"
"7014854",371863,2025-07-15 12:01:55,43.3609886169434,-8.84436988830566,"Unknown"
"7014854",371863,2025-07-15 12:06:49,43.3624954223633,-8.84662532806396,"Unknown"
"7014854",371863,2025-07-15 12:11:50,43.3605079650879,-8.84354114532471,"Unknown"
"7014854",371863,2025-07-15 12:16:50,43.3602561950684,-8.84339809417725,"Unknown"
"7014854",371863,2025-07-15 12:22:00,43.3605003356934,-8.84509086608887,"Unknown"
"7014854",371863,2025-07-15 12:26:53,43.3604316711426,-8.84346866607666,"Unknown"
"7014854",371863,2025-07-15 12:32:04,43.3608245849609,-8.84379482269287,"Unknown"
"7014854",371863,2025-07-15 12:37:23,43.3609199523926,-8.84389019012451,"Unknown"
"7014854",371863,2025-07-15 12:41:47,43.3655052185059,-8.82328987121582,"Unknown"
"7014854",371863,2025-07-15 12:46:50,43.3663063049316,-8.82315349578857,"Unknown"
"7014854",371863,2025-07-15 12:51:48,43.3675689697266,-8.82202529907227,"Unknown"
"7014854",371863,2025-07-15 12:56:47,43.3599472045898,-8.83552646636963,"Unknown"
"7014854",371863,2025-07-15 13:01:51,43.3594818115234,-8.83620166778564,"Unknown"
"7014854",371863,2025-07-15 13:06:50,43.3597831726074,-8.83645629882812,"Unknown"
"7014854",371863,2025-07-15 13:12:45,43.3609580993652,-8.84442806243896,"Unknown"
"7014854",371863,2025-07-15 13:16:47,43.3514671325684,-8.84976387023926,"Unknown"
"7014854",371863,2025-07-15 13:21:47,43.3165740966797,-8.85832214355469,"Unknown"
"7014854",371863,2025-07-15 13:26:47,43.3164215087891,-8.85813808441162,"Unknown"
"7014854",371863,2025-07-15 13:31:49,43.3137168884277,-8.8575496673584,"Unknown"
"7014854",371863,2025-07-15 13:36:48,43.3137168884277,-8.85742378234863,"Unknown"
"7014854",371863,2025-07-15 13:41:48,43.3205223083496,-8.85431861877441,"Unknown"
"7014854",371863,2025-07-15 13:46:48,43.321460723877,-8.85233974456787,"Unknown"
"7014854",371863,2025-07-15 13:51:52,43.3215103149414,-8.85256195068359,"Unknown"
"7014854",371863,2025-07-15 13:57:11,43.3215560913086,-8.8524227142334,"Unknown"
"7014854",371863,2025-07-15 14:01:47,43.3216400146484,-8.85246181488037,"Unknown"
"7014854",371863,2025-07-15 14:06:49,43.341064453125,-8.84794807434082,"Unknown"
"7014854",371863,2025-07-15 14:11:49,43.3600425720215,-8.84057235717773,"Unknown"
"7014854",371863,2025-07-15 14:16:47,43.3603286743164,-8.84100818634033,"Unknown"
"7014854",371863,2025-07-15 14:21:49,43.360294342041,-8.84079074859619,"Unknown"
"7014854",371863,2025-07-15 14:26:51,43.3600921630859,-8.84070587158203,"Unknown"
"7014854",371863,2025-07-15 14:31:52,43.3601913452148,-8.84064865112305,"Unknown"
"7014854",371863,2025-07-15 14:36:48,43.360294342041,-8.8408727645874,"Unknown"
"7014854",371863,2025-07-15 14:42:00,43.3601608276367,-8.84058284759521,"Unknown"
"7014854",371863,2025-07-15 14:46:48,43.3601379394531,-8.84078884124756,"Unknown"
"7014854",371863,2025-07-15 14:51:51,43.3600921630859,-8.8405933380127,"Unknown"
"7014854",371863,2025-07-15 14:57:14,43.3602714538574,-8.84088325500488,"Unknown"
"7014854",371863,2025-07-15 15:01:51,43.3600425720215,-8.84057712554932,"Unknown"
"7014854",371863,2025-07-15 15:06:56,43.3601989746094,-8.84090042114258,"Unknown"
"7014854",371863,2025-07-15 15:11:52,43.3601951599121,-8.8408670425415,"Unknown"
"7014854",371863,2025-07-15 15:16:53,43.3603515625,-8.84100532531738,"Unknown"
"7014854",371863,2025-07-15 15:21:55,43.3604011535645,-8.84113121032715,"Unknown"
"7014854",371863,2025-07-15 15:26:54,43.3602752685547,-8.84093952178955,"Unknown"
"7014854",371863,2025-07-15 15:31:52,43.3602561950684,-8.84091281890869,"Unknown"
"7014854",371863,2025-07-15 15:36:58,43.3602867126465,-8.8410062789917,"Unknown"
"7014854",371863,2025-07-15 15:41:52,43.360164642334,-8.84081363677979,"Unknown"
"7014854",371863,2025-07-15 15:47:14,43.3603172302246,-8.84111785888672,"Unknown"
"7014854",371863,2025-07-15 15:52:01,43.3604316711426,-8.84131240844727,"Unknown"
"7014854",371863,2025-07-15 15:56:55,43.360424041748,-8.84152221679688,"Unknown"
"7014854",371863,2025-07-15 16:01:55,43.3604736328125,-8.84110546112061,"Unknown"
"7014854",371863,2025-07-15 16:07:01,43.3603858947754,-8.8410816192627,"Unknown"
"7014854",371863,2025-07-15 16:12:06,43.3604507446289,-8.84117126464844,"Unknown"
"7014854",371863,2025-07-15 16:17:09,43.3604469299316,-8.84120655059814,"Unknown"
"7014854",371863,2025-07-15 16:22:04,43.3606338500977,-8.84132480621338,"Unknown"
"7014854",371863,2025-07-15 16:27:23,43.360279083252,-8.84101104736328,"Unknown"
"7014854",371863,2025-07-15 16:31:48,43.3603172302246,-8.84109497070312,"Unknown"
"7014854",371863,2025-07-15 16:36:47,43.3603248596191,-8.84110069274902,"Unknown"
"7014854",371863,2025-07-15 16:41:48,43.3605003356934,-8.84124851226807,"Unknown"
"7014854",371863,2025-07-15 16:46:47,43.3602905273438,-8.84094333648682,"Unknown"
"7014854",371863,2025-07-15 16:51:48,43.360279083252,-8.84090900421143,"Unknown"
"7014854",371863,2025-07-15 16:56:48,43.3603897094727,-8.84100246429443,"Unknown"
"7014854",371863,2025-07-15 17:01:49,43.360408782959,-8.84110641479492,"Unknown"
"7014854",371863,2025-07-15 17:06:49,43.3603324890137,-8.84095764160156,"Unknown"
"7014854",371863,2025-07-15 17:11:48,43.3605918884277,-8.84110832214355,"Unknown"
"7014854",371863,2025-07-15 17:16:50,43.3604011535645,-8.84096240997314,"Unknown"
"7014854",371863,2025-07-15 17:22:00,43.3602905273438,-8.84097290039062,"Unknown"
"7014854",371863,2025-07-15 17:26:49,43.3603134155273,-8.84096813201904,"Unknown"
"7014854",371863,2025-07-15 17:31:54,43.3600807189941,-8.84069347381592,"Unknown"
"7014854",371863,2025-07-15 17:36:50,43.3591918945312,-8.83947563171387,"Unknown"
"7014854",371863,2025-07-15 17:41:48,43.3602027893066,-8.84099388122559,"Unknown"
"7014854",371863,2025-07-15 17:46:50,43.3602066040039,-8.84099102020264,"Unknown"
"7014854",371863,2025-07-15 17:51:48,43.3601722717285,-8.84099578857422,"Unknown"
"7014854",371863,2025-07-15 17:56:48,43.3600921630859,-8.84108829498291,"Unknown"
"7014854",371863,2025-07-15 18:01:49,43.3601112365723,-8.84095478057861,"Unknown"
"7014854",371863,2025-07-15 18:06:48,43.360221862793,-8.84095478057861,"Unknown"
"7014854",371863,2025-07-15 18:11:49,43.3695297241211,-8.84408187866211,"Unknown"
"7014854",371863,2025-07-15 18:16:50,43.3692817687988,-8.84349727630615,"Unknown"
"7014854",371863,2025-07-15 18:22:29,43.36083984375,-8.84392738342285,"Unknown"
"7014854",371863,2025-07-15 18:26:59,43.3612594604492,-8.84517192840576,"Unknown"
"7014854",371863,2025-07-15 18:31:48,43.3611679077148,-8.84049129486084,"Unknown"
"7014854",371863,2025-07-15 18:36:48,43.3602523803711,-8.8407735824585,"Unknown"
"7014854",371863,2025-07-15 18:41:48,43.3602752685547,-8.84070301055908,"Unknown"
"7014854",371863,2025-07-15 18:46:48,43.3602409362793,-8.84072589874268,"Unknown"
"7014854",371863,2025-07-15 18:51:48,43.3602485656738,-8.84063339233398,"Unknown"
"7014854",371863,2025-07-15 18:56:48,43.360179901123,-8.84069538116455,"Unknown"
"7014854",371863,2025-07-15 19:01:51,43.3601455688477,-8.84070301055908,"Unknown"
"7014854",371863,2025-07-15 19:06:50,43.3601875305176,-8.84069442749023,"Unknown"
"7014854",371863,2025-07-15 19:11:49,43.3602485656738,-8.84070205688477,"Unknown"
"7014854",371863,2025-07-15 19:16:48,43.3602981567383,-8.84074974060059,"Unknown"
"7014854",371863,2025-07-15 19:21:50,43.3594741821289,-8.84064483642578,"Unknown"
"7014854",371863,2025-07-15 19:26:49,43.3602905273438,-8.84070587158203,"Unknown"
"7014854",371863,2025-07-15 19:31:51,43.359935760498,-8.84024524688721,"Unknown"
"7014854",371863,2025-07-15 19:36:50,43.3601150512695,-8.84065437316895,"Unknown"
"7014854",371863,2025-07-15 19:41:48,43.3603019714355,-8.8406867980957,"Unknown"
"7014854",371863,2025-07-15 19:46:49,43.3603706359863,-8.84058666229248,"Unknown"
"7014854",371863,2025-07-15 19:51:49,43.3603973388672,-8.84053516387939,"Unknown"
"7014854",371863,2025-07-15 19:56:48,43.360466003418,-8.84055805206299,"Unknown"
"7014854",371863,2025-07-15 20:01:49,43.3605537414551,-8.84084796905518,"Unknown"
"7014854",371863,2025-07-15 20:06:49,43.3614730834961,-8.84328174591064,"Unknown"
"7014854",371863,2025-07-15 20:11:54,43.361011505127,-8.84197616577148,"Unknown"
"7014854",371863,2025-07-15 20:17:11,43.3604278564453,-8.84108543395996,"Unknown"
"7014854",371863,2025-07-15 20:21:48,43.3608093261719,-8.84175109863281,"Unknown"
"7014854",371863,2025-07-15 20:26:48,43.3607940673828,-8.84179306030273,"Unknown"
"7014854",371863,2025-07-15 20:31:48,43.3607139587402,-8.84153938293457,"Unknown"
"7014854",371863,2025-07-15 20:36:48,43.3607025146484,-8.84149932861328,"Unknown"
"7014854",371863,2025-07-15 20:41:48,43.360652923584,-8.8413200378418,"Unknown"
"7014854",371863,2025-07-15 20:46:48,43.3605651855469,-8.84086608886719,"Unknown"
"7014854",371863,2025-07-15 20:51:48,43.3605461120605,-8.84093761444092,"Unknown"
"7014854",371863,2025-07-15 20:56:59,43.3603439331055,-8.84073066711426,"Unknown"
"7014854",371863,2025-07-15 21:01:50,43.3608131408691,-8.84057807922363,"Unknown"
"7014854",371863,2025-07-15 21:07:23,43.3602561950684,-8.84086418151855,"Unknown"
"7014854",371863,2025-07-15 21:11:48,43.3602294921875,-8.84106636047363,"Unknown"
"7014854",371863,2025-07-15 21:16:48,43.3605461120605,-8.84080028533936,"Unknown"
"7014854",371863,2025-07-15 21:21:49,43.3606033325195,-8.84077453613281,"Unknown"
"7014854",371863,2025-07-15 21:26:48,43.3605880737305,-8.84075164794922,"Unknown"
"7014854",371863,2025-07-15 21:31:48,43.3603019714355,-8.84092235565186,"Unknown"
"7014854",371863,2025-07-15 21:36:48,43.3601875305176,-8.84096240997314,"Unknown"
"7014854",371863,2025-07-15 21:41:48,43.3600921630859,-8.84096813201904,"Unknown"
"7014854",371863,2025-07-15 21:46:48,43.3601875305176,-8.84100532531738,"Unknown"
"7014854",371863,2025-07-15 21:51:48,43.3602294921875,-8.84094333648682,"Unknown"
"7014854",371863,2025-07-15 21:56:48,43.3601150512695,-8.84091472625732,"Unknown"
"7014854",371863,2025-07-15 22:01:48,43.3601989746094,-8.84097003936768,"Unknown"
"7014854",371863,2025-07-15 22:06:48,43.3602180480957,-8.84079933166504,"Unknown"
"7014854",371863,2025-07-15 22:11:48,43.3600654602051,-8.84098434448242,"Unknown"
"7014854",371863,2025-07-15 22:16:48,43.3600959777832,-8.84092044830322,"Unknown"
"7014854",371863,2025-07-15 22:21:48,43.3603744506836,-8.84099769592285,"Unknown"
"7014854",371863,2025-07-15 22:26:48,43.3601913452148,-8.84088230133057,"Unknown"
"7014854",371863,2025-07-15 22:31:48,43.3602600097656,-8.84088611602783,"Unknown"
"7014854",371863,2025-07-15 22:36:48,43.3601531982422,-8.8409309387207,"Unknown"
"7014854",371863,2025-07-15 22:41:49,43.3601951599121,-8.84090137481689,"Unknown"
"7014854",371863,2025-07-15 22:46:48,43.3601913452148,-8.84096145629883,"Unknown"
"7014854",371863,2025-07-15 22:51:48,43.3601760864258,-8.8409538269043,"Unknown"
"7014854",371863,2025-07-15 22:56:48,43.3602981567383,-8.84093761444092,"Unknown"
"7014854",371863,2025-07-15 23:01:48,43.360237121582,-8.84081172943115,"Unknown"
"7014854",371863,2025-07-15 23:06:48,43.3601989746094,-8.84087562561035,"Unknown"
"7014854",371863,2025-07-15 23:11:48,43.3601722717285,-8.84092330932617,"Unknown"
"7014854",371863,2025-07-15 23:16:48,43.360221862793,-8.8408317565918,"Unknown"
"7014854",371863,2025-07-15 23:21:48,43.3616561889648,-8.84031009674072,"Unknown"
"7014854",371863,2025-07-15 23:26:50,43.3656349182129,-8.82554817199707,"Unknown"
"7014854",371863,2025-07-15 23:31:53,43.3668441772461,-8.82728481292725,"Unknown"
"7014854",371863,2025-07-15 23:36:52,43.3676376342773,-8.82781791687012,"Unknown"
"7014854",371863,2025-07-15 23:41:50,43.3602600097656,-8.84097862243652,"Unknown"
"7014854",371863,2025-07-15 23:46:52,43.360179901123,-8.8410530090332,"Unknown"
"7014854",371863,2025-07-15 23:51:49,43.3603401184082,-8.84102439880371,"Unknown"
"7014854",371863,2025-07-15 23:56:49,43.3604698181152,-8.84106254577637,"Unknown"
"7014854",371863,2025-07-16 00:01:50,43.3602905273438,-8.84098434448242,"Unknown"
"7014854",371863,2025-07-16 00:06:50,43.3608779907227,-8.8411750793457,"Unknown"
"7014854",371863,2025-07-16 00:12:05,43.3608589172363,-8.84121036529541,"Unknown"
"7014854",371863,2025-07-16 00:16:51,43.3605461120605,-8.84118461608887,"Unknown"
"7014854",371863,2025-07-16 00:22:14,43.3604278564453,-8.84115791320801,"Unknown"
"7014854",371863,2025-07-16 00:26:51,43.3601493835449,-8.84105491638184,"Unknown"
"7014854",371863,2025-07-16 00:31:50,43.3603706359863,-8.84106063842773,"Unknown"
"7014854",371863,2025-07-16 00:36:48,43.3600692749023,-8.84099674224854,"Unknown"
"7014854",371863,2025-07-16 00:42:14,43.3601493835449,-8.84098243713379,"Unknown"
"7014854",371863,2025-07-16 00:46:51,43.3601760864258,-8.84102630615234,"Unknown"
"7014854",371863,2025-07-16 00:51:52,43.3603668212891,-8.84123420715332,"Unknown"
"7014854",371863,2025-07-16 00:56:53,43.3603897094727,-8.84128665924072,"Unknown"
"7014854",371863,2025-07-16 01:02:00,43.3601341247559,-8.8410062789917,"Unknown"
"7014854",371863,2025-07-16 01:06:55,43.360050201416,-8.84095191955566,"Unknown"
"7014854",371863,2025-07-16 01:11:59,43.3601684570312,-8.84101009368896,"Unknown"
"7014854",371863,2025-07-16 01:16:58,43.3601036071777,-8.840895652771,"Unknown"
"7014854",371863,2025-07-16 01:22:23,43.3601989746094,-8.84102821350098,"Unknown"
"7014854",371863,2025-07-16 01:26:53,43.3602485656738,-8.84100532531738,"Unknown"
"7014854",371863,2025-07-16 01:32:04,43.3605995178223,-8.84147930145264,"Unknown"
"7014854",371863,2025-07-16 01:36:48,43.3604049682617,-8.84114837646484,"Unknown"
"7014854",371863,2025-07-16 01:41:51,43.3605537414551,-8.84134197235107,"Unknown"
"7014854",371863,2025-07-16 01:47:14,43.3604545593262,-8.84116268157959,"Unknown"
"7014854",371863,2025-07-16 01:51:48,43.360595703125,-8.84128856658936,"Unknown"
"7014854",371863,2025-07-16 01:56:48,43.3603897094727,-8.8409948348999,"Unknown"
"7014854",371863,2025-07-16 02:01:52,43.360523223877,-8.84125900268555,"Unknown"
"7014854",371863,2025-07-16 02:06:51,43.3603363037109,-8.84102439880371,"Unknown"
"7014854",371863,2025-07-16 02:11:49,43.3603782653809,-8.84105396270752,"Unknown"
"7014854",371863,2025-07-16 02:17:00,43.3603668212891,-8.84108066558838,"Unknown"
"7014854",371863,2025-07-16 02:21:48,43.3603401184082,-8.84097576141357,"Unknown"
"7014854",371863,2025-07-16 02:26:54,43.3603935241699,-8.84105205535889,"Unknown"
"7014854",371863,2025-07-16 02:32:19,43.3602027893066,-8.84113597869873,"Unknown"
"7014854",371863,2025-07-16 02:36:51,43.3601264953613,-8.84051990509033,"Unknown"
"7014854",371863,2025-07-16 02:41:51,43.3601417541504,-8.84084033966064,"Unknown"
"7014854",371863,2025-07-16 02:46:52,43.3601112365723,-8.84066104888916,"Unknown"
"7014854",371863,2025-07-16 02:52:06,43.3666305541992,-8.82524967193604,"Unknown"
"7014854",371863,2025-07-16 02:56:56,43.3667907714844,-8.82491779327393,"Unknown"
"7014854",371863,2025-07-16 03:01:54,43.3670082092285,-8.82503795623779,"Unknown"
"7014854",371863,2025-07-16 03:07:01,43.3672676086426,-8.82577800750732,"Unknown"
"7014854",371863,2025-07-16 03:12:35,43.3670692443848,-8.8258113861084,"Unknown"
"7014854",371863,2025-07-16 03:17:23,43.3600654602051,-8.84122943878174,"Unknown"
"7014854",371863,2025-07-16 03:21:54,43.3602142333984,-8.84088706970215,"Unknown"
"7014854",371863,2025-07-16 03:26:51,43.360107421875,-8.8408670425415,"Unknown"
"7014854",371863,2025-07-16 03:31:53,43.360179901123,-8.84094429016113,"Unknown"
"7014854",371863,2025-07-16 03:36:51,43.3598594665527,-8.84072589874268,"Unknown"
"7014854",371863,2025-07-16 03:41:48,43.3601417541504,-8.84088897705078,"Unknown"
"7014854",371863,2025-07-16 03:46:48,43.3601531982422,-8.84091472625732,"Unknown"
"7014854",371863,2025-07-16 03:51:49,43.3601722717285,-8.84077930450439,"Unknown"
"7014854",371863,2025-07-16 03:56:49,43.3602409362793,-8.84097099304199,"Unknown"
"7014854",371863,2025-07-16 04:01:49,43.3601951599121,-8.84098720550537,"Unknown"
"7014854",371863,2025-07-16 04:06:49,43.3602600097656,-8.84082317352295,"Unknown"
"7014854",371863,2025-07-16 04:11:50,43.3603248596191,-8.84083557128906,"Unknown"
"7014854",371863,2025-07-16 04:16:50,43.3601112365723,-8.84108829498291,"Unknown"
"7014854",371863,2025-07-16 04:21:49,43.3601913452148,-8.8410530090332,"Unknown"
"7014854",371863,2025-07-16 04:26:49,43.3602676391602,-8.84102153778076,"Unknown"
"7014854",371863,2025-07-16 04:31:48,43.3715286254883,-8.82866859436035,"Unknown"
"7014854",371863,2025-07-16 04:36:50,43.3615188598633,-8.81618690490723,"Unknown"
"7014854",371863,2025-07-16 04:41:51,43.3638305664062,-8.81449413299561,"Unknown"
"7014854",371863,2025-07-16 04:46:50,43.3637542724609,-8.81369209289551,"Unknown"
"7014854",371863,2025-07-16 04:51:51,43.3638153076172,-8.81014823913574,"Unknown"
"7014854",371863,2025-07-16 04:56:48,43.3636169433594,-8.80920505523682,"Unknown"
"7014854",371863,2025-07-16 05:01:48,43.3657569885254,-8.83068370819092,"Unknown"
"7014854",371863,2025-07-16 05:08:11,43.3613967895508,-8.84365940093994,"Unknown"
"7014854",371863,2025-07-16 05:13:11,43.3614616394043,-8.84366607666016,"Unknown"
"7014854",371863,2025-07-16 05:16:53,43.3612289428711,-8.84258365631104,"Unknown"
"7014854",371863,2025-07-16 05:21:59,43.3611373901367,-8.84408664703369,"Unknown"
"7014854",371863,2025-07-16 05:27:01,43.3610305786133,-8.84413528442383,"Unknown"
"7014854",371863,2025-07-16 05:32:04,43.3611297607422,-8.84394073486328,"Unknown"
"7014854",371863,2025-07-16 05:37:01,43.361270904541,-8.84379291534424,"Unknown"
"7014854",371863,2025-07-16 05:42:02,43.3612480163574,-8.84369373321533,"Unknown"
"7014854",371863,2025-07-16 05:47:29,43.3611869812012,-8.8438720703125,"Unknown"
"7014854",371863,2025-07-16 05:51:48,43.3720169067383,-8.85375118255615,"Unknown"
"7014854",371863,2025-07-16 05:56:48,43.3741569519043,-8.86632919311523,"Unknown"
"7014854",371863,2025-07-16 06:01:48,43.3752136230469,-8.86306571960449,"Unknown"
"7014854",371863,2025-07-16 06:06:48,43.3634796142578,-8.84364318847656,"Unknown"
"7014854",371863,2025-07-16 06:11:49,43.3603210449219,-8.84128379821777,"Unknown"
"7014854",371863,2025-07-16 06:16:52,43.3603286743164,-8.84132194519043,"Unknown"
"7014854",371863,2025-07-16 06:21:52,43.3600654602051,-8.84095573425293,"Unknown"
"7014854",371863,2025-07-16 06:26:55,43.3602027893066,-8.84130668640137,"Unknown"
"7014854",371863,2025-07-16 06:31:55,43.3603668212891,-8.84111976623535,"Unknown"
"7014854",371863,2025-07-16 06:37:14,43.3604545593262,-8.84120559692383,"Unknown"
"7014854",371863,2025-07-16 06:41:48,43.3605117797852,-8.84169101715088,"Unknown"
"7014854",371863,2025-07-16 06:46:48,43.3603019714355,-8.84110355377197,"Unknown"
"7014854",371863,2025-07-16 06:51:49,43.3604850769043,-8.84142684936523,"Unknown"
"7014854",371863,2025-07-16 06:56:48,43.360424041748,-8.84121513366699,"Unknown"
"7014854",371863,2025-07-16 07:01:52,43.3604583740234,-8.8410177230835,"Unknown"
"7014854",371863,2025-07-16 07:06:55,43.3606834411621,-8.84097671508789,"Unknown"
"7014854",371863,2025-07-16 07:11:53,43.3603706359863,-8.84113216400146,"Unknown"
"7014854",371863,2025-07-16 07:16:50,43.3605117797852,-8.84124660491943,"Unknown"
"7014854",371863,2025-07-16 07:21:52,43.3604125976562,-8.84068298339844,"Unknown"
"7014854",371863,2025-07-16 07:27:02,43.3604850769043,-8.84086322784424,"Unknown"
"7014854",371863,2025-07-16 07:32:23,43.3603477478027,-8.84082412719727,"Unknown"
"7014854",371863,2025-07-16 07:36:48,43.3600883483887,-8.84058666229248,"Unknown"
"7014854",371863,2025-07-16 07:41:48,43.3597183227539,-8.8420295715332,"Unknown"
"7014854",371863,2025-07-16 07:46:51,43.3599281311035,-8.84084415435791,"Unknown"
"7014854",371863,2025-07-16 07:51:54,43.3603057861328,-8.84093379974365,"Unknown"
"7014854",371863,2025-07-16 07:57:02,43.3603324890137,-8.84114456176758,"Unknown"
"7014854",371863,2025-07-16 08:01:53,43.3602256774902,-8.8410530090332,"Unknown"
"7014854",371863,2025-07-16 08:07:10,43.3600654602051,-8.84083461761475,"Unknown"
"7014854",371863,2025-07-16 08:11:52,43.3603172302246,-8.84076690673828,"Unknown"
"7014854",371863,2025-07-16 08:17:23,43.3602714538574,-8.84102153778076,"Unknown"
"7014854",371863,2025-07-16 08:21:47,43.3602638244629,-8.84100246429443,"Unknown"
"7014854",371863,2025-07-16 08:26:50,43.3602409362793,-8.84105110168457,"Unknown"
"7014854",371863,2025-07-16 08:31:48,43.3602561950684,-8.84102725982666,"Unknown"
"7014854",371863,2025-07-16 08:36:49,43.3602104187012,-8.84104824066162,"Unknown"
"7014854",371863,2025-07-16 08:41:48,43.3602066040039,-8.84100532531738,"Unknown"
"7014854",371863,2025-07-16 08:47:01,43.3602256774902,-8.84100818634033,"Unknown"
"7014854",371863,2025-07-16 08:51:52,43.3602142333984,-8.84094142913818,"Unknown"
"7014854",371863,2025-07-16 08:56:49,43.3601951599121,-8.84077262878418,"Unknown"
"7014854",371863,2025-07-16 09:01:52,43.3603668212891,-8.84049987792969,"Unknown"
"7014854",371863,2025-07-16 09:06:56,43.3603668212891,-8.84061717987061,"Unknown"
"7014854",371863,2025-07-16 09:11:52,43.3603744506836,-8.84060764312744,"Unknown"
"7014854",371863,2025-07-16 09:16:48,43.3602905273438,-8.84037208557129,"Unknown"
"7014854",371863,2025-07-16 09:21:49,43.3602828979492,-8.84037113189697,"Unknown"
"7014854",371863,2025-07-16 09:26:49,43.3603210449219,-8.8403377532959,"Unknown"
"7014854",371863,2025-07-16 09:32:02,43.3603363037109,-8.84027767181396,"Unknown"
"7014854",371863,2025-07-16 09:36:52,43.3603515625,-8.84030723571777,"Unknown"
"7014854",371863,2025-07-16 09:42:00,43.3603515625,-8.84020614624023,"Unknown"
"7014854",371863,2025-07-16 09:46:52,43.3549613952637,-8.82392597198486,"Unknown"
"7014854",371863,2025-07-16 09:51:48,43.3547782897949,-8.83123874664307,"Unknown"
"7014854",371863,2025-07-16 09:57:23,43.3547477722168,-8.83206748962402,"Unknown"
"7014854",371863,2025-07-16 10:01:49,43.3550033569336,-8.83209419250488,"Unknown"
"7014854",371863,2025-07-16 10:06:49,43.3549461364746,-8.83213996887207,"Unknown"
"7014854",371863,2025-07-16 10:11:48,43.3547630310059,-8.83199119567871,"Unknown"
"7014854",371863,2025-07-16 10:16:48,43.3547782897949,-8.83214855194092,"Unknown"
"7014854",371863,2025-07-16 10:21:48,43.3547706604004,-8.8321704864502,"Unknown"
"7014854",371863,2025-07-16 10:26:48,43.3547821044922,-8.83213233947754,"Unknown"
"7014854",371863,2025-07-16 10:31:48,43.3543968200684,-8.83183670043945,"Unknown"
"7014854",371863,2025-07-16 10:36:59,43.354793548584,-8.83199405670166,"Unknown"
"7014854",371863,2025-07-16 10:41:50,43.3554611206055,-8.82989597320557,"Unknown"
"7014854",371863,2025-07-16 10:46:51,43.356746673584,-8.83097553253174,"Unknown"
"7014854",371863,2025-07-16 10:53:11,43.3600997924805,-8.84337043762207,"Unknown"
"7014854",371863,2025-07-16 10:58:11,43.3613967895508,-8.84411334991455,"Unknown"
"7014854",371863,2025-07-16 11:02:15,43.3613090515137,-8.84414482116699,"Unknown"
"7014854",371863,2025-07-16 11:06:55,43.361255645752,-8.84403800964355,"Unknown"
"7014854",371863,2025-07-16 11:13:11,43.3604316711426,-8.84405517578125,"Unknown"
"7014854",371863,2025-07-16 11:18:11,43.360424041748,-8.84422969818115,"Unknown"
"7014854",371863,2025-07-16 11:21:49,43.361156463623,-8.84372138977051,"Unknown"
"7014854",371863,2025-07-16 11:26:48,43.3604736328125,-8.84102058410645,"Unknown"
"7014854",371863,2025-07-16 11:31:48,43.3602523803711,-8.84095668792725,"Unknown"
"7014854",371863,2025-07-16 11:36:48,43.3604927062988,-8.84101390838623,"Unknown"
"7014854",371863,2025-07-16 11:41:48,43.3604850769043,-8.84098243713379,"Unknown"
"7014854",371863,2025-07-16 11:46:50,43.3603210449219,-8.84118938446045,"Unknown"
"7014854",371863,2025-07-16 11:51:48,43.3604698181152,-8.84100437164307,"Unknown"
"7014854",371863,2025-07-16 11:56:48,43.360595703125,-8.84097480773926,"Unknown"
"7014854",371863,2025-07-16 12:01:48,43.3603668212891,-8.84110164642334,"Unknown"
"7014854",371863,2025-07-16 12:06:48,43.3603363037109,-8.84115409851074,"Unknown"
"7014854",371863,2025-07-16 12:11:48,43.3602981567383,-8.8411169052124,"Unknown"
"7014854",371863,2025-07-16 12:16:48,43.3602676391602,-8.84113121032715,"Unknown"
"7014854",371863,2025-07-16 12:21:48,43.3604469299316,-8.84107398986816,"Unknown"
"7014854",371863,2025-07-16 12:26:48,43.3603477478027,-8.84107112884521,"Unknown"
"7014854",371863,2025-07-16 12:31:48,43.3603439331055,-8.84108734130859,"Unknown"
"7014854",371863,2025-07-16 12:36:49,43.3603401184082,-8.84102630615234,"Unknown"
"7014854",371863,2025-07-16 12:41:48,43.3602523803711,-8.84098052978516,"Unknown"
"7014854",371863,2025-07-16 12:46:49,43.3601951599121,-8.84098720550537,"Unknown"
"7014854",371863,2025-07-16 12:51:53,43.3605194091797,-8.84094619750977,"Unknown"
"7014854",371863,2025-07-16 12:56:49,43.3600997924805,-8.84113883972168,"Unknown"
"7014854",371863,2025-07-16 13:01:50,43.3601379394531,-8.84105205535889,"Unknown"
"7014854",371863,2025-07-16 13:06:48,43.3600311279297,-8.84103679656982,"Unknown"
"7014854",371863,2025-07-16 13:11:51,43.3601341247559,-8.84113025665283,"Unknown"
"7014854",371863,2025-07-16 13:16:58,43.3601722717285,-8.84088802337646,"Unknown"
"7014854",371863,2025-07-16 13:21:51,43.3600997924805,-8.84073829650879,"Unknown"
"7014854",371863,2025-07-16 13:26:50,43.3603630065918,-8.84093379974365,"Unknown"
"7014854",371863,2025-07-16 13:31:50,43.3601150512695,-8.84080791473389,"Unknown"
"7014854",371863,2025-07-16 13:37:13,43.3601493835449,-8.84076690673828,"Unknown"
"7014854",371863,2025-07-16 13:41:48,43.3598098754883,-8.84073448181152,"Unknown"
"7014854",371863,2025-07-16 13:46:52,43.360279083252,-8.84092330932617,"Unknown"
"7014854",371863,2025-07-16 13:51:53,43.3595771789551,-8.84023761749268,"Unknown"
"7014854",371863,2025-07-16 13:57:01,43.3598289489746,-8.84048557281494,"Unknown"
"7014854",371863,2025-07-16 14:02:04,43.3597869873047,-8.84045028686523,"Unknown"
"7014854",371863,2025-07-16 14:07:00,43.3601036071777,-8.84075546264648,"Unknown"
"7014854",371863,2025-07-16 14:11:50,43.3602561950684,-8.8408670425415,"Unknown"
"7014854",371863,2025-07-16 14:16:53,43.3604583740234,-8.8411340713501,"Unknown"
"7014854",371863,2025-07-16 14:21:59,43.360969543457,-8.84076690673828,"Unknown"
"7014854",371863,2025-07-16 14:26:54,43.3603401184082,-8.84104442596436,"Unknown"
"7014854",371863,2025-07-16 14:31:53,43.3605346679688,-8.84121036529541,"Unknown"
"7014854",371863,2025-07-16 14:37:00,43.3603210449219,-8.84105014801025,"Unknown"
"7014854",371863,2025-07-16 14:42:13,43.3603172302246,-8.84099960327148,"Unknown"
"7014854",371863,2025-07-16 14:46:50,43.3602714538574,-8.84087467193604,"Unknown"
"7014854",371863,2025-07-16 14:51:52,43.3603973388672,-8.84091567993164,"Unknown"
"7014854",371863,2025-07-16 14:57:21,43.3602523803711,-8.84079074859619,"Unknown"
"7014854",371863,2025-07-16 15:01:50,43.3601684570312,-8.8411979675293,"Unknown"
"7014854",371863,2025-07-16 15:06:49,43.3601951599121,-8.84117221832275,"Unknown"
"7014854",371863,2025-07-16 15:11:49,43.360221862793,-8.84099674224854,"Unknown"
"7014854",371863,2025-07-16 15:16:49,43.3601989746094,-8.84109497070312,"Unknown"
"7014854",371863,2025-07-16 15:21:49,43.3611602783203,-8.83987331390381,"Unknown"
"7014854",371863,2025-07-16 15:26:48,43.3656768798828,-8.82497596740723,"Unknown"
"7014854",371863,2025-07-16 15:31:51,43.3707618713379,-8.81073951721191,"Unknown"
"7014854",371863,2025-07-16 15:36:50,43.3483543395996,-8.83642578125,"Unknown"
"7014854",371863,2025-07-16 15:41:49,43.3139572143555,-8.8569917678833,"Unknown"
"7014854",371863,2025-07-16 15:46:50,43.3135108947754,-8.85770034790039,"Unknown"
"7014854",371863,2025-07-16 15:51:52,43.3136444091797,-8.85761737823486,"Unknown"
"7014854",371863,2025-07-16 15:56:52,43.3137054443359,-8.85751628875732,"Unknown"
"7014854",371863,2025-07-16 16:01:53,43.3196029663086,-8.85656070709229,"Unknown"
"7014854",371863,2025-07-16 16:06:52,43.3196220397949,-8.85667037963867,"Unknown"
"7014854",371863,2025-07-16 16:11:48,43.3195915222168,-8.8565845489502,"Unknown"
"7014854",371863,2025-07-16 16:16:49,43.3197250366211,-8.8568811416626,"Unknown"
"7014854",371863,2025-07-16 16:21:49,43.3195190429688,-8.8564920425415,"Unknown"
"7014854",371863,2025-07-16 16:26:49,43.3195838928223,-8.85647201538086,"Unknown"
"7014854",371863,2025-07-16 16:31:50,43.3195915222168,-8.85660171508789,"Unknown"
"7014854",371863,2025-07-16 16:36:54,43.3195838928223,-8.85659885406494,"Unknown"
"7014854",371863,2025-07-16 16:41:49,43.3195877075195,-8.85662651062012,"Unknown"
"7014854",371863,2025-07-16 16:46:51,43.3197441101074,-8.85666275024414,"Unknown"
"7014854",371863,2025-07-16 16:51:51,43.3195533752441,-8.85666751861572,"Unknown"
"7014854",371863,2025-07-16 16:57:23,43.319580078125,-8.85661315917969,"Unknown"
"7014854",371863,2025-07-16 17:01:48,43.3204193115234,-8.85639476776123,"Unknown"
"7014854",371863,2025-07-16 17:06:48,43.3393173217773,-8.84238815307617,"Unknown"
"7014854",371863,2025-07-16 17:11:48,43.356632232666,-8.8457612991333,"Unknown"
"7014854",371863,2025-07-16 17:16:50,43.3603591918945,-8.84113121032715,"Unknown"
"7014854",371863,2025-07-16 17:21:49,43.3604545593262,-8.84106349945068,"Unknown"
"7014854",371863,2025-07-16 17:26:50,43.3604736328125,-8.84085464477539,"Unknown"
"7014854",371863,2025-07-16 17:31:49,43.360466003418,-8.84090900421143,"Unknown"
"7014854",371863,2025-07-16 17:36:48,43.3604774475098,-8.84096050262451,"Unknown"
"7014854",371863,2025-07-16 17:41:48,43.360466003418,-8.84101295471191,"Unknown"
"7014854",371863,2025-07-16 17:46:49,43.3603706359863,-8.84099864959717,"Unknown"
"7014854",371863,2025-07-16 17:51:48,43.3603973388672,-8.84107398986816,"Unknown"
"7014854",371863,2025-07-16 17:56:48,43.3605117797852,-8.84110546112061,"Unknown"
"7014854",371863,2025-07-16 18:01:49,43.3602523803711,-8.84114837646484,"Unknown"
"7014854",371863,2025-07-16 18:06:48,43.3603096008301,-8.84115314483643,"Unknown"
"7014854",371863,2025-07-16 18:11:48,43.3603553771973,-8.84110069274902,"Unknown"
"7014854",371863,2025-07-16 18:16:49,43.3603210449219,-8.8411922454834,"Unknown"
"7014854",371863,2025-07-16 18:21:49,43.3602981567383,-8.84110927581787,"Unknown"
"7014854",371863,2025-07-16 18:26:49,43.3602180480957,-8.84117794036865,"Unknown"
"7014854",371863,2025-07-16 18:31:49,43.3602027893066,-8.84113502502441,"Unknown"
"7014854",371863,2025-07-16 18:36:49,43.3602523803711,-8.84116458892822,"Unknown"
"7014854",371863,2025-07-16 18:41:49,43.3601837158203,-8.84089851379395,"Unknown"
"7014854",371863,2025-07-16 18:46:49,43.3601989746094,-8.84091186523438,"Unknown"
"7014854",371863,2025-07-16 18:51:50,43.360221862793,-8.841064453125,"Unknown"
"7014854",371863,2025-07-16 18:56:50,43.360279083252,-8.84107685089111,"Unknown"
"7014854",371863,2025-07-16 19:01:51,43.3602447509766,-8.84078979492188,"Unknown"
"7014854",371863,2025-07-16 19:06:52,43.3603897094727,-8.84139919281006,"Unknown"
"7014854",371863,2025-07-16 19:11:51,43.3602447509766,-8.84100341796875,"Unknown"
"7014854",371863,2025-07-16 19:16:52,43.3600959777832,-8.84077739715576,"Unknown"
"7014854",371863,2025-07-16 19:21:53,43.3603019714355,-8.84117984771729,"Unknown"
"7014854",371863,2025-07-16 19:26:52,43.3602294921875,-8.84102344512939,"Unknown"
"7014854",371863,2025-07-16 19:31:54,43.3603515625,-8.84120655059814,"Unknown"
"7014854",371863,2025-07-16 19:37:23,43.3602600097656,-8.8408899307251,"Unknown"
"7014854",371863,2025-07-16 19:41:49,43.3603172302246,-8.84102058410645,"Unknown"
"7014854",371863,2025-07-16 19:46:49,43.3603706359863,-8.84102821350098,"Unknown"
"7014854",371863,2025-07-16 19:51:51,43.3603477478027,-8.84134101867676,"Unknown"
"7014854",371863,2025-07-16 19:56:53,43.360279083252,-8.84091377258301,"Unknown"
"7014854",371863,2025-07-16 20:01:50,43.3603057861328,-8.84097957611084,"Unknown"
"7014854",371863,2025-07-16 20:06:50,43.3603820800781,-8.84088039398193,"Unknown"
"7014854",371863,2025-07-16 20:11:48,43.3603820800781,-8.84094905853271,"Unknown"
"7014854",371863,2025-07-16 20:16:50,43.3602600097656,-8.84095096588135,"Unknown"
"7014854",371863,2025-07-16 20:21:49,43.3603134155273,-8.84090137481689,"Unknown"
"7014854",371863,2025-07-16 20:26:49,43.3602523803711,-8.8408374786377,"Unknown"
"7014854",371863,2025-07-16 20:31:49,43.3603248596191,-8.84102916717529,"Unknown"
"7014854",371863,2025-07-16 20:36:49,43.3603286743164,-8.84098625183105,"Unknown"
"7014854",371863,2025-07-16 20:41:49,43.3603286743164,-8.84098529815674,"Unknown"
"7014854",371863,2025-07-16 20:46:49,43.3602447509766,-8.84096145629883,"Unknown"
"7014854",371863,2025-07-16 20:51:49,43.3602600097656,-8.84096908569336,"Unknown"
"7014854",371863,2025-07-16 20:56:49,43.3602905273438,-8.84068298339844,"Unknown"
"7014854",371863,2025-07-16 21:01:50,43.3603515625,-8.84083938598633,"Unknown"
"7014854",371863,2025-07-16 21:06:50,43.3601722717285,-8.84097194671631,"Unknown"
"7014854",371863,2025-07-16 21:11:49,43.3603324890137,-8.8408784866333,"Unknown"
"7014854",371863,2025-07-16 21:16:49,43.3602485656738,-8.84089469909668,"Unknown"
"7014854",371863,2025-07-16 21:21:50,43.360179901123,-8.84085369110107,"Unknown"
"7014854",371863,2025-07-16 21:26:52,43.3602714538574,-8.84089088439941,"Unknown"
"7014854",371863,2025-07-16 21:32:23,43.3602294921875,-8.84086322784424,"Unknown"
"7014854",371863,2025-07-16 21:36:49,43.3602180480957,-8.84087181091309,"Unknown"
"7014854",371863,2025-07-16 21:41:52,43.360237121582,-8.84091091156006,"Unknown"
"7014854",371863,2025-07-16 21:46:49,43.3602523803711,-8.84094142913818,"Unknown"
"7014854",371863,2025-07-16 21:51:50,43.3602676391602,-8.84087657928467,"Unknown"
"7014854",371863,2025-07-16 21:56:50,43.3602905273438,-8.84091663360596,"Unknown"
"7014854",371863,2025-07-16 22:01:50,43.3603477478027,-8.84090518951416,"Unknown"
"7014854",371863,2025-07-16 22:06:50,43.3603553771973,-8.84090995788574,"Unknown"
"7014854",371863,2025-07-16 22:11:49,43.3604545593262,-8.84096050262451,"Unknown"
"7014854",371863,2025-07-16 22:16:54,43.3608779907227,-8.84075260162354,"Unknown"
"7014854",371863,2025-07-16 22:21:53,43.360237121582,-8.8408670425415,"Unknown"
"7014854",371863,2025-07-16 22:26:51,43.3603515625,-8.84093284606934,"Unknown"
"7014854",371863,2025-07-16 22:31:58,43.3602447509766,-8.84097862243652,"Unknown"
"7014854",371863,2025-07-16 22:36:59,43.3601837158203,-8.84099388122559,"Unknown"
"7014854",371863,2025-07-16 22:41:52,43.360279083252,-8.84093952178955,"Unknown"
"7014854",371863,2025-07-16 22:46:51,43.3602600097656,-8.84093856811523,"Unknown"
"7014854",371863,2025-07-16 22:51:50,43.3602676391602,-8.84086799621582,"Unknown"
"7014854",371863,2025-07-16 22:56:49,43.3602142333984,-8.84090042114258,"Unknown"
"7014854",371863,2025-07-16 23:02:00,43.3602981567383,-8.8409366607666,"Unknown"
"7014854",371863,2025-07-16 23:06:51,43.3601608276367,-8.84079933166504,"Unknown"
"7014854",371863,2025-07-16 23:11:51,43.360237121582,-8.84085941314697,"Unknown"
"7014854",371863,2025-07-16 23:17:03,43.3603668212891,-8.84094142913818,"Unknown"
"7014854",371863,2025-07-16 23:22:14,43.3600959777832,-8.84076690673828,"Unknown"
"7014854",371863,2025-07-16 23:26:54,43.360107421875,-8.84069919586182,"Unknown"
"7014854",371863,2025-07-16 23:31:51,43.3601264953613,-8.84068870544434,"Unknown"
"7014854",371863,2025-07-16 23:36:51,43.3602447509766,-8.84085750579834,"Unknown"
"7014854",371863,2025-07-16 23:41:53,43.3601417541504,-8.84081172943115,"Unknown"
"7014854",371863,2025-07-16 23:47:23,43.3602828979492,-8.84090995788574,"Unknown"
"7014854",371863,2025-07-16 23:51:48,43.3602485656738,-8.84090232849121,"Unknown"
"7014854",371863,2025-07-16 23:56:48,43.3602485656738,-8.84091567993164,"Unknown"
"7014854",371863,2025-07-17 00:01:48,43.3602447509766,-8.84091949462891,"Unknown"
"7014854",371863,2025-07-17 00:06:48,43.360294342041,-8.84098052978516,"Unknown"
"7014854",371863,2025-07-17 00:11:51,43.3602066040039,-8.8408899307251,"Unknown"
"7014854",371863,2025-07-17 00:16:48,43.3639373779297,-8.83052158355713,"Unknown"
"7014854",371863,2025-07-17 00:21:48,43.3675994873047,-8.83042812347412,"Unknown"
"7014854",371863,2025-07-17 00:26:51,43.3641395568848,-8.82683658599854,"Unknown"
"7014854",371863,2025-07-17 00:31:49,43.3675079345703,-8.83018398284912,"Unknown"
"7014854",371863,2025-07-17 00:36:49,43.3683471679688,-8.83040237426758,"Unknown"
"7014854",371863,2025-07-17 00:41:50,43.3602027893066,-8.8410530090332,"Unknown"
"7014854",371863,2025-07-17 00:46:59,43.3601989746094,-8.84097480773926,"Unknown"
"7014854",371863,2025-07-17 00:51:54,43.3601608276367,-8.84096050262451,"Unknown"
"7014854",371863,2025-07-17 00:56:52,43.3601875305176,-8.84102630615234,"Unknown"
"7014854",371863,2025-07-17 01:01:48,43.3602600097656,-8.84086894989014,"Unknown"
"7014854",371863,2025-07-17 01:06:50,43.3602142333984,-8.84095096588135,"Unknown"
"7014854",371863,2025-07-17 01:11:52,43.3602638244629,-8.84081172943115,"Unknown"
"7014854",371863,2025-07-17 01:16:48,43.3602142333984,-8.84095764160156,"Unknown"
"7014854",371863,2025-07-17 01:21:52,43.3601570129395,-8.8408727645874,"Unknown"
"7014854",371863,2025-07-17 01:26:52,43.3601417541504,-8.84074687957764,"Unknown"
"7014854",371863,2025-07-17 01:31:49,43.3600883483887,-8.84069919586182,"Unknown"
"7014854",371863,2025-07-17 01:36:50,43.3601837158203,-8.84080600738525,"Unknown"
"7014854",371863,2025-07-17 01:41:49,43.3602142333984,-8.84084415435791,"Unknown"
"7014854",371863,2025-07-17 01:46:51,43.3600997924805,-8.84074020385742,"Unknown"
"7014854",371863,2025-07-17 01:51:51,43.3600997924805,-8.84065055847168,"Unknown"
"7014854",371863,2025-07-17 01:56:57,43.3603630065918,-8.84097766876221,"Unknown"
"7014854",371863,2025-07-17 02:01:48,43.3602905273438,-8.84097003936768,"Unknown"
"7014854",371863,2025-07-17 02:06:52,43.3602104187012,-8.84087753295898,"Unknown"
"7014854",371863,2025-07-17 02:11:54,43.3602714538574,-8.84072589874268,"Unknown"
"7014854",371863,2025-07-17 02:16:51,43.3602523803711,-8.84089469909668,"Unknown"
"7014854",371863,2025-07-17 02:22:10,43.3602409362793,-8.84091377258301,"Unknown"
"7014854",371863,2025-07-17 02:26:49,43.3602333068848,-8.84095859527588,"Unknown"
"7014854",371863,2025-07-17 02:31:53,43.3603286743164,-8.84109020233154,"Unknown"
"7014854",371863,2025-07-17 02:36:53,43.3605003356934,-8.84105777740479,"Unknown"
"7014854",371863,2025-07-17 02:42:13,43.3602523803711,-8.8409481048584,"Unknown"
"7014854",371863,2025-07-17 02:46:49,43.3601379394531,-8.8409948348999,"Unknown"
"7014854",371863,2025-07-17 02:51:49,43.3601951599121,-8.84092044830322,"Unknown"
"7014854",371863,2025-07-17 02:56:48,43.3601570129395,-8.8409309387207,"Unknown"
"7014854",371863,2025-07-17 03:01:48,43.3601913452148,-8.84090518951416,"Unknown"
"7014854",371863,2025-07-17 03:06:58,43.3613624572754,-8.84362030029297,"Unknown"
"7014854",371863,2025-07-17 03:11:50,43.3602561950684,-8.8408203125,"Unknown"
"7014854",371863,2025-07-17 03:16:51,43.3601531982422,-8.84065628051758,"Unknown"
"7014854",371863,2025-07-17 03:22:09,43.3608856201172,-8.84234237670898,"Unknown"
"7014854",371863,2025-07-17 03:27:23,43.3603973388672,-8.84094715118408,"Unknown"
"7014854",371863,2025-07-17 03:31:49,43.3604545593262,-8.84091186523438,"Unknown"
"7014854",371863,2025-07-17 03:36:52,43.3604927062988,-8.84118843078613,"Unknown"
"7014854",371863,2025-07-17 03:41:52,43.3604736328125,-8.84108829498291,"Unknown"
"7014854",371863,2025-07-17 03:46:51,43.3605613708496,-8.84132385253906,"Unknown"
"7014854",371863,2025-07-17 03:52:00,43.3603744506836,-8.8408203125,"Unknown"
"7014854",371863,2025-07-17 03:57:03,43.3603210449219,-8.84080219268799,"Unknown"
"7014854",371863,2025-07-17 04:02:14,43.3602867126465,-8.84045314788818,"Unknown"
"7014854",371863,2025-07-17 04:06:50,43.3603630065918,-8.84136867523193,"Unknown"
"7014854",371863,2025-07-17 04:11:52,43.3603820800781,-8.84127044677734,"Unknown"
"7014854",371863,2025-07-17 04:16:58,43.3603401184082,-8.84090423583984,"Unknown"
"7014854",371863,2025-07-17 04:21:59,43.3694763183594,-8.832200050354,"Unknown"
"7014854",371863,2025-07-17 04:26:54,43.3684387207031,-8.82647323608398,"Unknown"
"7014854",371863,2025-07-17 04:31:53,43.3692359924316,-8.8408031463623,"Unknown"
"7014854",371863,2025-07-17 04:37:00,43.3747863769531,-8.86518001556396,"Unknown"
"7014854",371863,2025-07-17 04:42:00,43.3601684570312,-8.84119510650635,"Unknown"
"7014854",371863,2025-07-17 04:47:23,43.3602905273438,-8.84108066558838,"Unknown"
"7014854",371863,2025-07-17 04:51:48,43.3602676391602,-8.84107875823975,"Unknown"
"7014854",371863,2025-07-17 04:56:54,43.3603172302246,-8.84113788604736,"Unknown"
"7014854",371863,2025-07-17 05:01:48,43.3602828979492,-8.84105491638184,"Unknown"
"7014854",371863,2025-07-17 05:06:51,43.3603401184082,-8.84114456176758,"Unknown"
"7014854",371863,2025-07-17 05:11:48,43.3553352355957,-8.81206321716309,"Unknown"
"7014854",371863,2025-07-17 05:16:49,43.3631782531738,-8.7813777923584,"Unknown"
"7014854",371863,2025-07-17 05:21:49,43.3613433837891,-8.7431812286377,"Unknown"
"7014854",371863,2025-07-17 05:26:49,43.3625297546387,-8.71942138671875,"Unknown"
"7014854",371863,2025-07-17 05:32:10,43.3614845275879,-8.7191686630249,"Unknown"
"7014854",371863,2025-07-17 05:36:49,43.3621635437012,-8.71815776824951,"Unknown"
"7014854",371863,2025-07-17 05:42:29,43.3612823486328,-8.72093296051025,"Unknown"
"7014854",371863,2025-07-17 05:46:48,43.3598518371582,-8.71327114105225,"Unknown"
"7014854",371863,2025-07-17 05:51:49,43.361515045166,-8.71473979949951,"Unknown"
"7014854",371863,2025-07-17 05:56:48,43.3400001525879,-8.71259784698486,"Unknown"
"7014854",371863,2025-07-17 06:01:49,43.3274574279785,-8.74694633483887,"Unknown"
"7014854",371863,2025-07-17 06:06:48,43.300968170166,-8.75291633605957,"Unknown"
"7014854",371863,2025-07-17 06:11:50,43.2932243347168,-8.74591636657715,"Unknown"
"7014854",371863,2025-07-17 06:16:50,43.2932968139648,-8.74575328826904,"Unknown"
"7014854",371863,2025-07-17 06:21:53,43.2937889099121,-8.73370456695557,"Unknown"
"7014854",371863,2025-07-17 06:26:53,43.2938690185547,-8.73359298706055,"Unknown"
"7014854",371863,2025-07-17 06:32:14,43.2938613891602,-8.73366832733154,"Unknown"
"7014854",371863,2025-07-17 06:36:52,43.2937812805176,-8.73343372344971,"Unknown"
"7014854",371863,2025-07-17 06:41:53,43.2938957214355,-8.7337064743042,"Unknown"
"7014854",371863,2025-07-17 06:46:55,43.2938690185547,-8.7337121963501,"Unknown"
"7014854",371863,2025-07-17 06:52:00,43.2938499450684,-8.73387241363525,"Unknown"
"7014854",371863,2025-07-17 06:57:14,43.2938423156738,-8.73384475708008,"Unknown"
"7014854",371863,2025-07-17 07:02:05,43.2938919067383,-8.73388195037842,"Unknown"
"7014854",371863,2025-07-17 07:06:53,43.2938842773438,-8.73424243927002,"Unknown"
"7014854",371863,2025-07-17 07:11:49,43.3055725097656,-8.75739192962646,"Unknown"
"7014854",371863,2025-07-17 07:16:52,43.3074760437012,-8.7892541885376,"Unknown"
"7014854",371863,2025-07-17 07:21:49,43.3225402832031,-8.80403995513916,"Unknown"
"7014854",371863,2025-07-17 07:26:55,43.3225555419922,-8.80399608612061,"Unknown"
"7014854",371863,2025-07-17 07:31:58,43.3226661682129,-8.80465602874756,"Unknown"
"7014854",371863,2025-07-17 07:37:15,43.3271484375,-8.82568550109863,"Unknown"
"7014854",371863,2025-07-17 07:41:48,43.3404693603516,-8.82945823669434,"Unknown"
"7014854",371863,2025-07-17 07:46:49,43.3490447998047,-8.82922840118408,"Unknown"
"7014854",371863,2025-07-17 07:51:53,43.351188659668,-8.83109855651855,"Unknown"
"7014854",371863,2025-07-17 07:57:00,43.3620872497559,-8.83919143676758,"Unknown"
"7014854",371863,2025-07-17 08:01:48,43.360466003418,-8.84077644348145,"Unknown"
"7014854",371863,2025-07-17 08:06:51,43.3602447509766,-8.84100341796875,"Unknown"
"7014854",371863,2025-07-17 08:11:54,43.3602104187012,-8.84104824066162,"Unknown"
"7014854",371863,2025-07-17 08:16:52,43.3602294921875,-8.84097671508789,"Unknown"
"7014854",371863,2025-07-17 08:21:51,43.3603210449219,-8.8401346206665,"Unknown"
"7014854",371863,2025-07-17 08:26:52,43.3603172302246,-8.84080696105957,"Unknown"
"7014854",371863,2025-07-17 08:32:15,43.3602523803711,-8.84089946746826,"Unknown"
"7014854",371863,2025-07-17 08:36:52,43.3603477478027,-8.84092330932617,"Unknown"
"7014854",371863,2025-07-17 08:41:57,43.3601341247559,-8.84080982208252,"Unknown"
"7014854",371863,2025-07-17 08:46:49,43.3603477478027,-8.84099006652832,"Unknown"
"7014854",371863,2025-07-17 08:51:53,43.3602905273438,-8.84079360961914,"Unknown"
"7014854",371863,2025-07-17 08:56:55,43.3602714538574,-8.84103679656982,"Unknown"
"7014854",371863,2025-07-17 09:02:14,43.360237121582,-8.84092807769775,"Unknown"
"7014854",371863,2025-07-17 09:06:49,43.3603439331055,-8.84089088439941,"Unknown"
"7014854",371863,2025-07-17 09:11:51,43.3601570129395,-8.84096431732178,"Unknown"
"7014854",371863,2025-07-17 09:16:54,43.3603363037109,-8.84085178375244,"Unknown"
"7014854",371863,2025-07-17 09:21:49,43.3603172302246,-8.84078025817871,"Unknown"
"7014854",371863,2025-07-17 09:26:52,43.3603935241699,-8.84079456329346,"Unknown"
"7014854",371863,2025-07-17 09:31:51,43.3603820800781,-8.84090805053711,"Unknown"
"7014854",371863,2025-07-17 09:36:51,43.3601684570312,-8.84049320220947,"Unknown"
"7014854",371863,2025-07-17 09:41:52,43.3603439331055,-8.84092903137207,"Unknown"
"7014854",371863,2025-07-17 09:47:15,43.360408782959,-8.84085750579834,"Unknown"
"7014854",371863,2025-07-17 09:51:54,43.3602027893066,-8.84105014801025,"Unknown"
"7014854",371863,2025-07-17 09:56:55,43.3604011535645,-8.84085273742676,"Unknown"
"7014854",371863,2025-07-17 10:02:06,43.3610000610352,-8.84455490112305,"Unknown"
"7014854",371863,2025-07-17 10:07:28,43.3611831665039,-8.84419059753418,"Unknown"
"7014854",371863,2025-07-17 10:11:52,43.3623924255371,-8.84162139892578,"Unknown"
"7014854",371863,2025-07-17 10:16:58,43.3601531982422,-8.8408374786377,"Unknown"
"7014854",371863,2025-07-17 10:21:58,43.3610343933105,-8.83934688568115,"Unknown"
"7014854",371863,2025-07-17 10:27:04,43.3601226806641,-8.84102630615234,"Unknown"
"7014854",371863,2025-07-17 10:32:16,43.360466003418,-8.84094142913818,"Unknown"
"7014854",371863,2025-07-17 10:37:14,43.3602981567383,-8.84078884124756,"Unknown"
"7014854",371863,2025-07-17 10:41:54,43.3600616455078,-8.84060192108154,"Unknown"
"7014854",371863,2025-07-17 10:46:50,43.3612213134766,-8.83807563781738,"Unknown"
"7014854",371863,2025-07-17 10:52:00,43.3605308532715,-8.84045886993408,"Unknown"
"7014854",371863,2025-07-17 10:57:01,43.3602066040039,-8.84068298339844,"Unknown"
"7014854",371863,2025-07-17 11:02:00,43.3602523803711,-8.84084415435791,"Unknown"
"7014854",371863,2025-07-17 11:06:54,43.3603439331055,-8.84083938598633,"Unknown"
"7014854",371863,2025-07-17 11:11:54,43.3608093261719,-8.83842945098877,"Unknown"
"7014854",371863,2025-07-17 11:16:55,43.360179901123,-8.8408203125,"Unknown"
"7014854",371863,2025-07-17 11:22:03,43.3601341247559,-8.84085178375244,"Unknown"
"7014854",371863,2025-07-17 11:26:51,43.3581428527832,-8.82990741729736,"Unknown"
"7014854",371863,2025-07-17 11:32:53,43.3540954589844,-8.83028411865234,"Unknown"
"7014854",371863,2025-07-17 11:36:52,43.3526229858398,-8.82638931274414,"Unknown"
"7014854",371863,2025-07-17 11:42:19,43.3532638549805,-8.82805442810059,"Unknown"
"7014854",371863,2025-07-17 11:46:53,43.3538284301758,-8.82893085479736,"Unknown"
"7014854",371863,2025-07-17 11:51:52,43.3666915893555,-8.82950973510742,"Unknown"
"7014854",371863,2025-07-17 11:56:51,43.3631706237793,-8.83752918243408,"Unknown"
"7014854",371863,2025-07-17 12:02:00,43.3618049621582,-8.84308815002441,"Unknown"
"7014854",371863,2025-07-17 12:07:23,43.3602752685547,-8.84097099304199,"Unknown"
"7014854",371863,2025-07-17 12:11:53,43.360294342041,-8.84109783172607,"Unknown"
"7014854",371863,2025-07-17 12:17:00,43.3601875305176,-8.84094905853271,"Unknown"
"7014854",371863,2025-07-17 12:22:00,43.3604393005371,-8.84103679656982,"Unknown"
"7014854",371863,2025-07-17 12:26:53,43.3602294921875,-8.83992290496826,"Unknown"
"7014854",371863,2025-07-17 12:32:14,43.3602447509766,-8.84085369110107,"Unknown"
"7014854",371863,2025-07-17 12:37:23,43.3602752685547,-8.8408784866333,"Unknown"
"7014854",371863,2025-07-17 12:41:49,43.3601684570312,-8.84108448028564,"Unknown"
"7014854",371863,2025-07-17 12:46:49,43.3603401184082,-8.84105396270752,"Unknown"
"7014854",371863,2025-07-17 12:51:48,43.360294342041,-8.8410062789917,"Unknown"
"7014854",371863,2025-07-17 12:56:49,43.360279083252,-8.84080791473389,"Unknown"
"7014854",371863,2025-07-17 13:01:50,43.3603286743164,-8.84112453460693,"Unknown"
"7014854",371863,2025-07-17 13:06:50,43.3604278564453,-8.84114551544189,"Unknown"
"7014854",371863,2025-07-17 13:11:50,43.3603935241699,-8.84102725982666,"Unknown"
"7014854",371863,2025-07-17 13:16:53,43.3603630065918,-8.84127044677734,"Unknown"
"7014854",371863,2025-07-17 13:21:54,43.3603515625,-8.84112548828125,"Unknown"
"7014854",371863,2025-07-17 13:26:51,43.3603172302246,-8.84047603607178,"Unknown"
"7014854",371863,2025-07-17 13:31:53,43.3602867126465,-8.84102535247803,"Unknown"
"7014854",371863,2025-07-17 13:36:51,43.3602714538574,-8.84084415435791,"Unknown"
"7014854",371863,2025-07-17 13:41:52,43.3603515625,-8.84110164642334,"Unknown"
"7014854",371863,2025-07-17 13:46:51,43.3601875305176,-8.84099769592285,"Unknown"
"7014854",371863,2025-07-17 13:52:13,43.3602485656738,-8.84090423583984,"Unknown"
"7014854",371863,2025-07-17 13:56:48,43.3602409362793,-8.84085845947266,"Unknown"
"7014854",371863,2025-07-17 14:01:54,43.3602867126465,-8.84094905853271,"Unknown"
"7014854",371863,2025-07-17 14:06:54,43.3603515625,-8.84108543395996,"Unknown"
"7014854",371863,2025-07-17 14:11:52,43.360164642334,-8.8408842086792,"Unknown"
"7014854",371863,2025-07-17 14:16:52,43.3602447509766,-8.84087753295898,"Unknown"
"7014854",371863,2025-07-17 14:21:53,43.3603172302246,-8.84103488922119,"Unknown"
"7014854",371863,2025-07-17 14:26:52,43.3601760864258,-8.84091949462891,"Unknown"
"7014854",371863,2025-07-17 14:31:52,43.3601112365723,-8.84084415435791,"Unknown"
"7014854",371863,2025-07-17 14:36:53,43.3601341247559,-8.84095668792725,"Unknown"
"7014854",371863,2025-07-17 14:41:52,43.360279083252,-8.84089946746826,"Unknown"
"7014854",371863,2025-07-17 14:47:14,43.3602333068848,-8.84084606170654,"Unknown"
"7014854",371863,2025-07-17 14:51:54,43.3601837158203,-8.84066390991211,"Unknown"
"7014854",371863,2025-07-17 14:56:55,43.3601760864258,-8.84072113037109,"Unknown"
"7014854",371863,2025-07-17 15:01:48,43.3601570129395,-8.84065723419189,"Unknown"
"7014854",371863,2025-07-17 15:06:49,43.3600921630859,-8.84062004089355,"Unknown"
"7014854",371863,2025-07-17 15:11:53,43.3599853515625,-8.84036350250244,"Unknown"
"7014854",371863,2025-07-17 15:17:46,43.3602447509766,-8.84083080291748,"Unknown"
"7014854",371863,2025-07-17 15:21:54,43.3603668212891,-8.84081363677979,"Unknown"
"7014854",371863,2025-07-17 15:26:52,43.3603401184082,-8.8409538269043,"Unknown"
"7014854",371863,2025-07-17 15:31:57,43.360237121582,-8.8407564163208,"Unknown"
"7014854",371863,2025-07-17 15:37:00,43.3604049682617,-8.84118461608887,"Unknown"
"7014854",371863,2025-07-17 15:42:00,43.3534698486328,-8.82534217834473,"Unknown"
"7014854",371863,2025-07-17 15:47:15,43.360294342041,-8.84095668792725,"Unknown"
"7014854",371863,2025-07-17 15:51:50,43.3602104187012,-8.84078121185303,"Unknown"
"7014854",371863,2025-07-17 15:56:49,43.3602828979492,-8.84096050262451,"Unknown"
"7014854",371863,2025-07-17 16:01:52,43.360279083252,-8.84092617034912,"Unknown"
"7014854",371863,2025-07-17 16:06:51,43.3602752685547,-8.84096431732178,"Unknown"
"7014854",371863,2025-07-17 16:11:49,43.3602638244629,-8.84097862243652,"Unknown"
"7014854",371863,2025-07-17 16:16:53,43.3603057861328,-8.84106540679932,"Unknown"
"7014854",371863,2025-07-17 16:28:12,43.3640060424805,-8.84017181396484,"Unknown"
"7014854",371863,2025-07-17 16:31:55,43.3683700561523,-8.83133792877197,"Unknown"
"7014854",371863,2025-07-17 16:36:52,43.3692512512207,-8.83464050292969,"Unknown"
"7014854",371863,2025-07-17 16:42:00,43.3602867126465,-8.84102249145508,"Unknown"
"7014854",371863,2025-07-17 16:46:59,43.3602561950684,-8.84098243713379,"Unknown"
"7014854",371863,2025-07-17 16:52:01,43.3602523803711,-8.8409538269043,"Unknown"
"7014854",371863,2025-07-17 16:57:03,43.3602905273438,-8.84083652496338,"Unknown"
"7014854",371863,2025-07-17 17:02:06,43.3601760864258,-8.84098339080811,"Unknown"
"7014854",371863,2025-07-17 17:07:14,43.3603591918945,-8.84099388122559,"Unknown"
"7014854",371863,2025-07-17 17:11:53,43.360279083252,-8.8408145904541,"Unknown"
"7014854",371863,2025-07-17 17:17:00,43.3603439331055,-8.84093475341797,"Unknown"
"7014854",371863,2025-07-17 17:22:01,43.3603172302246,-8.84097385406494,"Unknown"
"7014854",371863,2025-07-17 17:26:53,43.3603401184082,-8.84122467041016,"Unknown"
"7014854",371863,2025-07-17 17:32:14,43.3603172302246,-8.84113502502441,"Unknown"
"7014854",371863,2025-07-17 17:36:48,43.3602867126465,-8.8411226272583,"Unknown"
"7014854",371863,2025-07-17 17:42:00,43.3603248596191,-8.84106349945068,"Unknown"
"7014854",371863,2025-07-17 17:47:21,43.3603324890137,-8.84090518951416,"Unknown"
"7014854",371863,2025-07-17 17:51:52,43.3603286743164,-8.84082794189453,"Unknown"
"7014854",371863,2025-07-17 17:57:14,43.360279083252,-8.84097003936768,"Unknown"
"7014854",371863,2025-07-17 18:01:50,43.3602828979492,-8.84096813201904,"Unknown"
"7014854",371863,2025-07-17 18:06:48,43.3603057861328,-8.84099769592285,"Unknown"
"7014854",371863,2025-07-17 18:11:48,43.3602600097656,-8.84090423583984,"Unknown"
"7014854",371863,2025-07-17 18:16:48,43.3602828979492,-8.84097671508789,"Unknown"
"7014854",371863,2025-07-17 18:21:48,43.3603172302246,-8.84099960327148,"Unknown"
"7014854",371863,2025-07-17 18:26:49,43.3603096008301,-8.8410177230835,"Unknown"
"7014854",371863,2025-07-17 18:31:49,43.3602828979492,-8.84093189239502,"Unknown"
"7014854",371863,2025-07-17 18:36:52,43.3603096008301,-8.84105014801025,"Unknown"
"7014854",371863,2025-07-17 18:43:12,43.3607711791992,-8.8449125289917,"Unknown"
"7014854",371863,2025-07-17 18:48:12,43.3607521057129,-8.84513092041016,"Unknown"
"7014854",371863,2025-07-17 18:52:35,43.3610534667969,-8.84460639953613,"Unknown"
"7014854",371863,2025-07-17 18:56:52,43.3642387390137,-8.83013343811035,"Unknown"
"7014854",371863,2025-07-17 19:01:50,43.3693428039551,-8.82897663116455,"Unknown"
"7014854",371863,2025-07-17 19:06:48,43.3614959716797,-8.84229564666748,"Unknown"
"7014854",371863,2025-07-17 19:11:51,43.3603553771973,-8.84090042114258,"Unknown"
"7014854",371863,2025-07-17 19:16:48,43.3602561950684,-8.8409366607666,"Unknown"
"7014854",371863,2025-07-17 19:21:49,43.3602180480957,-8.84099102020264,"Unknown"
"7014854",371863,2025-07-17 19:26:53,43.3605613708496,-8.84096240997314,"Unknown"
"7014854",371863,2025-07-17 19:31:51,43.3602294921875,-8.84097099304199,"Unknown"
"7014854",371863,2025-07-17 19:36:51,43.3604850769043,-8.84112071990967,"Unknown"
"7014854",371863,2025-07-17 19:42:23,43.3602676391602,-8.84087085723877,"Unknown"
"7014854",371863,2025-07-17 19:46:49,43.3602752685547,-8.84069919586182,"Unknown"
"7014854",371863,2025-07-17 19:51:49,43.3603363037109,-8.8411283493042,"Unknown"
"7014854",371863,2025-07-17 19:56:49,43.3602600097656,-8.84096240997314,"Unknown"
"7014854",371863,2025-07-17 20:01:50,43.3603553771973,-8.84097480773926,"Unknown"
"7014854",371863,2025-07-17 20:06:51,43.3603286743164,-8.84080219268799,"Unknown"
"7014854",371863,2025-07-17 20:11:51,43.3603782653809,-8.84118556976318,"Unknown"
"7014854",371863,2025-07-17 20:16:53,43.3603248596191,-8.84107971191406,"Unknown"
"7014854",371863,2025-07-17 20:21:48,43.3603401184082,-8.84102535247803,"Unknown"
"7014854",371863,2025-07-17 20:26:50,43.3602561950684,-8.84080219268799,"Unknown"
"7014854",371863,2025-07-17 20:31:49,43.3602867126465,-8.8409538269043,"Unknown"
"7014854",371863,2025-07-17 20:36:51,43.3603897094727,-8.84112739562988,"Unknown"
"7014854",371863,2025-07-17 20:41:51,43.3602676391602,-8.84092712402344,"Unknown"
"7014854",371863,2025-07-17 20:46:48,43.3648071289062,-8.83286952972412,"Unknown"
"7014854",371863,2025-07-17 20:51:52,43.3688011169434,-8.83189868927002,"Unknown"
"7014854",371863,2025-07-17 20:56:49,43.3671875,-8.82729053497314,"Unknown"
"7014854",371863,2025-07-17 21:01:50,43.3672103881836,-8.83186340332031,"Unknown"
"7014854",371863,2025-07-17 21:06:50,43.3681144714355,-8.83317947387695,"Unknown"
"7014854",371863,2025-07-17 21:11:52,43.369213104248,-8.83388519287109,"Unknown"
"7014854",371863,2025-07-17 21:16:54,43.3702430725098,-8.83408451080322,"Unknown"
"7014854",371863,2025-07-17 21:21:51,43.3708572387695,-8.83445167541504,"Unknown"
"7014854",371863,2025-07-17 21:27:00,43.3712577819824,-8.83482074737549,"Unknown"
"7014854",371863,2025-07-17 21:31:51,43.3718757629395,-8.8352108001709,"Unknown"
"7014854",371863,2025-07-17 21:36:50,43.3602409362793,-8.84090137481689,"Unknown"
"7014854",371863,2025-07-17 21:41:53,43.3601341247559,-8.8407506942749,"Unknown"
"7014854",371863,2025-07-17 21:46:52,43.3603515625,-8.84092712402344,"Unknown"
"7014854",371863,2025-07-17 21:51:52,43.3602981567383,-8.84096622467041,"Unknown"
"7014854",371863,2025-07-17 21:56:54,43.3602638244629,-8.84096431732178,"Unknown"
"7014854",371863,2025-07-17 22:02:23,43.360237121582,-8.8409423828125,"Unknown"
"7014854",371863,2025-07-17 22:06:48,43.3602333068848,-8.8409366607666,"Unknown"
"7014854",371863,2025-07-17 22:11:48,43.360279083252,-8.84103012084961,"Unknown"
"7014854",371863,2025-07-17 22:16:49,43.3603286743164,-8.84092807769775,"Unknown"
"7014854",371863,2025-07-17 22:21:49,43.360294342041,-8.84090709686279,"Unknown"
"7014854",371863,2025-07-17 22:26:48,43.3602638244629,-8.84093189239502,"Unknown"
"7014854",371863,2025-07-17 22:31:48,43.3602638244629,-8.8408670425415,"Unknown"
"7014854",371863,2025-07-17 22:36:49,43.360279083252,-8.84096527099609,"Unknown"
"7014854",371863,2025-07-17 22:41:48,43.3603591918945,-8.84098052978516,"Unknown"
"7014854",371863,2025-07-17 22:46:49,43.3603591918945,-8.84100723266602,"Unknown"
"7014854",371863,2025-07-17 22:51:49,43.3602867126465,-8.84094142913818,"Unknown"
"7014854",371863,2025-07-17 22:56:51,43.360279083252,-8.84097290039062,"Unknown"
"7014854",371863,2025-07-17 23:01:51,43.3602867126465,-8.84091567993164,"Unknown"
"7014854",371863,2025-07-17 23:06:52,43.360237121582,-8.84078121185303,"Unknown"
"7014854",371863,2025-07-17 23:11:53,43.3604545593262,-8.84118270874023,"Unknown"
"7014854",371863,2025-07-17 23:16:54,43.3604125976562,-8.841139793396,"Unknown"
"7014854",371863,2025-07-17 23:21:55,43.3602485656738,-8.84091281890869,"Unknown"
"7014854",371863,2025-07-17 23:26:58,43.3602981567383,-8.84087371826172,"Unknown"
"7014854",371863,2025-07-17 23:31:54,43.3600463867188,-8.8406810760498,"Unknown"
"7014854",371863,2025-07-17 23:37:07,43.3602333068848,-8.84093189239502,"Unknown"
"7014854",371863,2025-07-17 23:41:51,43.3602142333984,-8.84086322784424,"Unknown"
"7014854",371863,2025-07-17 23:47:14,43.3601303100586,-8.84093856811523,"Unknown"
"7014854",371863,2025-07-17 23:51:50,43.3603019714355,-8.84105396270752,"Unknown"
"7014854",371863,2025-07-17 23:56:50,43.3602561950684,-8.84097194671631,"Unknown"
"7014854",371863,2025-07-18 00:01:54,43.3599510192871,-8.84079837799072,"Unknown"
"7014854",371863,2025-07-18 00:06:49,43.3602523803711,-8.84106254577637,"Unknown"
"7014854",371863,2025-07-18 00:11:51,43.3604278564453,-8.84126567840576,"Unknown"
"7014854",371863,2025-07-18 00:17:14,43.3601608276367,-8.84091567993164,"Unknown"
"7014854",371863,2025-07-18 00:21:49,43.360237121582,-8.8409366607666,"Unknown"
"7014854",371863,2025-07-18 00:26:52,43.3600692749023,-8.84092807769775,"Unknown"
"7014854",371863,2025-07-18 00:31:48,43.3600578308105,-8.84093856811523,"Unknown"
"7014854",371863,2025-07-18 00:36:53,43.3600959777832,-8.84088706970215,"Unknown"
"7014854",371863,2025-07-18 00:41:52,43.3601455688477,-8.84091854095459,"Unknown"
"7014854",371863,2025-07-18 00:47:15,43.3602256774902,-8.84090423583984,"Unknown"
"7014854",371863,2025-07-18 00:51:52,43.360237121582,-8.84086513519287,"Unknown"
"7014854",371863,2025-07-18 00:56:49,43.3603515625,-8.84089183807373,"Unknown"
"7014854",371863,2025-07-18 01:01:48,43.3602752685547,-8.84086418151855,"Unknown"
"7014854",371863,2025-07-18 01:06:49,43.3602905273438,-8.84092426300049,"Unknown"
"7014854",371863,2025-07-18 01:11:49,43.360279083252,-8.84095764160156,"Unknown"
"7014854",371863,2025-07-18 01:16:48,43.3603096008301,-8.84097290039062,"Unknown"
"7014854",371863,2025-07-18 01:21:49,43.3602523803711,-8.84089374542236,"Unknown"
"7014854",371863,2025-07-18 01:26:50,43.3602180480957,-8.84098052978516,"Unknown"
"7014854",371863,2025-07-18 01:32:15,43.3601837158203,-8.84090518951416,"Unknown"
"7014854",371863,2025-07-18 01:36:52,43.3601264953613,-8.84086322784424,"Unknown"
"7014854",371863,2025-07-18 01:41:49,43.3601036071777,-8.84088516235352,"Unknown"
"7014854",371863,2025-07-18 01:46:51,43.359992980957,-8.84071826934814,"Unknown"
"7014854",371863,2025-07-18 01:51:50,43.3600158691406,-8.84079647064209,"Unknown"
"7014854",371863,2025-07-18 01:56:52,43.3604888916016,-8.84112548828125,"Unknown"
"7014854",371863,2025-07-18 02:01:58,43.3603248596191,-8.84099006652832,"Unknown"
"7014854",371863,2025-07-18 02:06:55,43.3602867126465,-8.84097766876221,"Unknown"
"7014854",371863,2025-07-18 02:11:58,43.3600959777832,-8.84083652496338,"Unknown"
"7014854",371863,2025-07-18 02:16:57,43.3602600097656,-8.84093379974365,"Unknown"
"7014854",371863,2025-07-18 02:21:57,43.3601570129395,-8.84091186523438,"Unknown"
"7014854",371863,2025-07-18 02:26:54,43.3599853515625,-8.84064388275146,"Unknown"
"7014854",371863,2025-07-18 02:32:15,43.3602714538574,-8.8407735824585,"Unknown"
"7014854",371863,2025-07-18 02:36:59,43.3613204956055,-8.84106159210205,"Unknown"
"7014854",371863,2025-07-18 02:41:58,43.3600769042969,-8.8406400680542,"Unknown"
"7014854",371863,2025-07-18 02:46:54,43.3592681884766,-8.84035015106201,"Unknown"
"7014854",371863,2025-07-18 02:51:58,43.360279083252,-8.84081935882568,"Unknown"
"7014854",371863,2025-07-18 02:57:01,43.3602828979492,-8.84081840515137,"Unknown"
"7014854",371863,2025-07-18 03:01:57,43.3588333129883,-8.84007930755615,"Unknown"
"7014854",371863,2025-07-18 03:07:14,43.3603134155273,-8.84086990356445,"Unknown"
"7014854",371863,2025-07-18 03:11:59,43.3601684570312,-8.84100914001465,"Unknown"
"7014854",371863,2025-07-18 03:16:51,43.360294342041,-8.84079647064209,"Unknown"
"7014854",371863,2025-07-18 03:22:11,43.360221862793,-8.8406867980957,"Unknown"
"7014854",371863,2025-07-18 03:27:00,43.3602752685547,-8.84097194671631,"Unknown"
"7014854",371863,2025-07-18 03:32:02,43.3603134155273,-8.84092712402344,"Unknown"
"7014854",371863,2025-07-18 03:37:05,43.3602294921875,-8.84080696105957,"Unknown"
"7014854",371863,2025-07-18 03:42:03,43.3602714538574,-8.8409481048584,"Unknown"
"7014854",371863,2025-07-18 03:47:23,43.3602180480957,-8.84096336364746,"Unknown"
"7014854",371863,2025-07-18 03:51:51,43.3602142333984,-8.84096145629883,"Unknown"
"7014854",371863,2025-07-18 03:56:50,43.3602828979492,-8.84108734130859,"Unknown"
"7014854",371863,2025-07-18 04:01:54,43.3602294921875,-8.84095191955566,"Unknown"
"7014854",371863,2025-07-18 04:06:54,43.3603172302246,-8.84102249145508,"Unknown"
"7014854",371863,2025-07-18 04:12:00,43.3602981567383,-8.8409481048584,"Unknown"
"7014854",371863,2025-07-18 04:16:53,43.3602867126465,-8.84102916717529,"Unknown"
"7014854",371863,2025-07-18 04:21:53,43.3602905273438,-8.84098815917969,"Unknown"
"7014854",371863,2025-07-18 04:26:51,43.3694152832031,-8.83251953125,"Unknown"
"7014854",371863,2025-07-18 04:32:00,43.3608665466309,-8.82701110839844,"Unknown"
"7014854",371863,2025-07-18 04:37:02,43.3629608154297,-8.82570743560791,"Unknown"
"7014854",371863,2025-07-18 04:46:49,43.3599052429199,-8.84658241271973,"Unknown"
"7014854",371863,2025-07-18 04:51:51,43.3601188659668,-8.84081649780273,"Unknown"
"7014854",371863,2025-07-18 04:57:10,43.3601493835449,-8.84096908569336,"Unknown"
"7014854",371863,2025-07-18 05:01:52,43.3601264953613,-8.84084892272949,"Unknown"
"7014854",371863,2025-07-18 05:12:16,43.3600883483887,-8.84069633483887,"Unknown"
"7014854",371863,2025-07-18 05:17:14,43.3600883483887,-8.84073352813721,"Unknown"
"7014854",371863,2025-07-18 05:21:59,43.3603439331055,-8.84228229522705,"Unknown"
"7014854",371863,2025-07-18 05:27:01,43.3600425720215,-8.84061908721924,"Unknown"
"7014854",371863,2025-07-18 05:32:00,43.3600311279297,-8.84079456329346,"Unknown"
"7014854",371863,2025-07-18 05:36:59,43.3603019714355,-8.84098720550537,"Unknown"
"7014854",371863,2025-07-18 05:42:07,43.3602638244629,-8.84098434448242,"Unknown"
"7014854",371863,2025-07-18 05:47:23,43.3601570129395,-8.84098720550537,"Unknown"
"7014854",371863,2025-07-18 05:51:49,43.3603477478027,-8.84067058563232,"Unknown"
"7014854",371863,2025-07-18 05:56:54,43.3602104187012,-8.84089469909668,"Unknown"
"7014854",371863,2025-07-18 06:01:49,43.3602142333984,-8.84097099304199,"Unknown"
"7014854",371863,2025-07-18 06:06:53,43.3602752685547,-8.84089374542236,"Unknown"
"7014854",371863,2025-07-18 06:11:58,43.3601913452148,-8.84095478057861,"Unknown"
"7014854",371863,2025-07-18 06:16:52,43.3601341247559,-8.84094715118408,"Unknown"
"7014854",371863,2025-07-18 06:21:48,43.3601455688477,-8.83206081390381,"Unknown"
"7014854",371863,2025-07-18 06:26:53,43.3565292358398,-8.82886981964111,"Unknown"
"7014854",371863,2025-07-18 06:32:16,43.3572044372559,-8.83342552185059,"Unknown"
"7014854",371863,2025-07-18 06:37:01,43.3570098876953,-8.83299732208252,"Unknown"
"7014854",371863,2025-07-18 06:42:06,43.3577766418457,-8.8286828994751,"Unknown"
"7014854",371863,2025-07-18 06:51:51,43.3628807067871,-8.84138488769531,"Unknown"
"7014854",371863,2025-07-18 06:56:51,43.3605880737305,-8.84079742431641,"Unknown"
"7014854",371863,2025-07-18 07:01:49,43.3600845336914,-8.84083271026611,"Unknown"
"7014854",371863,2025-07-18 07:06:55,43.3600311279297,-8.84055805206299,"Unknown"
"7014854",371863,2025-07-18 07:11:50,43.3602523803711,-8.84056091308594,"Unknown"
"7014854",371863,2025-07-18 07:16:51,43.3604850769043,-8.841477394104,"Unknown"
"7014854",371863,2025-07-18 07:21:49,43.3602294921875,-8.8409366607666,"Unknown"
"7014854",371863,2025-07-18 07:26:53,43.360179901123,-8.84083461761475,"Unknown"
"7014854",371863,2025-07-18 07:32:01,43.3604125976562,-8.84105205535889,"Unknown"
"7014854",371863,2025-07-18 07:37:00,43.3603324890137,-8.84098339080811,"Unknown"
"7014854",371863,2025-07-18 07:42:00,43.3603706359863,-8.8409538269043,"Unknown"
"7014854",371863,2025-07-18 07:47:15,43.360279083252,-8.84096908569336,"Unknown"
"7014854",371863,2025-07-18 07:51:48,43.3603401184082,-8.84102344512939,"Unknown"
"7014854",371863,2025-07-18 07:56:50,43.3603744506836,-8.84094047546387,"Unknown"
"7014854",371863,2025-07-18 08:01:54,43.3604202270508,-8.84163856506348,"Unknown"
"7014854",371863,2025-07-18 08:07:00,43.3601760864258,-8.8403377532959,"Unknown"
"7014854",371863,2025-07-18 08:12:06,43.3601760864258,-8.84013652801514,"Unknown"
"7014854",371863,2025-07-18 08:16:50,43.3603248596191,-8.84088611602783,"Unknown"
"7014854",371863,2025-07-18 08:22:00,43.3602027893066,-8.84058570861816,"Unknown"
"7014854",371863,2025-07-18 08:26:53,43.3603286743164,-8.8410472869873,"Unknown"
"7014854",371863,2025-07-18 08:32:15,43.3603019714355,-8.84094333648682,"Unknown"
"7014854",371863,2025-07-18 08:36:59,43.3603401184082,-8.84093570709229,"Unknown"
"7014854",371863,2025-07-18 08:41:50,43.3602981567383,-8.84071826934814,"Unknown"
"7014854",371863,2025-07-18 08:46:51,43.360179901123,-8.84083938598633,"Unknown"
"7014854",371863,2025-07-18 08:51:50,43.3601875305176,-8.84087753295898,"Unknown"
"7014854",371863,2025-07-18 08:56:52,43.360279083252,-8.84079456329346,"Unknown"
"7014854",371863,2025-07-18 09:01:49,43.3603363037109,-8.84086608886719,"Unknown"
"7014854",371863,2025-07-18 09:07:06,43.3603630065918,-8.84095668792725,"Unknown"
"7014854",371863,2025-07-18 09:11:52,43.3601913452148,-8.84083938598633,"Unknown"
"7014854",371863,2025-07-18 09:16:49,43.3603057861328,-8.84078979492188,"Unknown"
"7014854",371863,2025-07-18 09:21:49,43.3602752685547,-8.84092330932617,"Unknown"
"7014854",371863,2025-07-18 09:26:52,43.3602333068848,-8.84084701538086,"Unknown"
"7014854",371863,2025-07-18 09:32:23,43.3602561950684,-8.840895652771,"Unknown"
"7014854",371863,2025-07-18 09:36:51,43.3602828979492,-8.84101963043213,"Unknown"
"7014854",371863,2025-07-18 09:41:52,43.3601913452148,-8.8409538269043,"Unknown"
"7014854",371863,2025-07-18 09:46:48,43.3602752685547,-8.84097862243652,"Unknown"
"7014854",371863,2025-07-18 09:51:50,43.3603744506836,-8.84098052978516,"Unknown"
"7014854",371863,2025-07-18 09:56:50,43.3628692626953,-8.82537651062012,"Unknown"
"7014854",371863,2025-07-18 10:01:52,43.3635215759277,-8.82612895965576,"Unknown"
"7014854",371863,2025-07-18 10:06:50,43.3624725341797,-8.83911418914795,"Unknown"
"7014854",371863,2025-07-18 10:12:14,43.3607864379883,-8.8442964553833,"Unknown"
"7014854",371863,2025-07-18 10:16:58,43.3605842590332,-8.84459495544434,"Unknown"
"7014854",371863,2025-07-18 10:21:59,43.3606414794922,-8.84457111358643,"Unknown"
"7014854",371863,2025-07-18 10:27:09,43.3608856201172,-8.84431648254395,"Unknown"
"7014854",371863,2025-07-18 10:32:23,43.3611030578613,-8.84447383880615,"Unknown"
"7014854",371863,2025-07-18 10:36:53,43.3608474731445,-8.84436130523682,"Unknown"
"7014854",371863,2025-07-18 10:43:12,43.3609008789062,-8.84428691864014,"Unknown"
"7014854",371863,2025-07-18 10:46:59,43.3609962463379,-8.84421157836914,"Unknown"
"7014854",371863,2025-07-18 10:52:44,43.3609809875488,-8.84410285949707,"Unknown"
"7014854",371863,2025-07-18 10:56:49,43.3596000671387,-8.84094047546387,"Unknown"
"7014854",371863,2025-07-18 11:01:49,43.359935760498,-8.84060001373291,"Unknown"
"7014854",371863,2025-07-18 11:06:52,43.360481262207,-8.84102725982666,"Unknown"
"7014854",371863,2025-07-18 11:11:53,43.3603019714355,-8.84078407287598,"Unknown"
"7014854",371863,2025-07-18 11:16:53,43.3603057861328,-8.8408727645874,"Unknown"
"7014854",371863,2025-07-18 11:21:57,43.3603286743164,-8.84101486206055,"Unknown"
"7014854",371863,2025-07-18 11:26:55,43.3603668212891,-8.84091281890869,"Unknown"
"7014854",371863,2025-07-18 11:31:57,43.3603172302246,-8.84092330932617,"Unknown"
"7014854",371863,2025-07-18 11:36:49,43.3602676391602,-8.84084987640381,"Unknown"
"7014854",371863,2025-07-18 11:41:50,43.3602447509766,-8.84096145629883,"Unknown"
"7014854",371863,2025-07-18 11:47:15,43.3602561950684,-8.84093761444092,"Unknown"
"7014854",371863,2025-07-18 11:51:51,43.3600044250488,-8.84086608886719,"Unknown"
"7014854",371863,2025-07-18 11:57:00,43.3602104187012,-8.84096813201904,"Unknown"
"7014854",371863,2025-07-18 12:01:54,43.3603134155273,-8.84081840515137,"Unknown"
"7014854",371863,2025-07-18 12:06:52,43.359676361084,-8.84081649780273,"Unknown"
"7014854",371863,2025-07-18 12:11:54,43.3599052429199,-8.84074211120605,"Unknown"
"7014854",371863,2025-07-18 12:16:54,43.3630104064941,-8.84099864959717,"Unknown"
"7014854",371863,2025-07-18 12:21:52,43.3563346862793,-8.83396530151367,"Unknown"
"7014854",371863,2025-07-18 12:26:50,43.3652839660645,-8.8498010635376,"Unknown"
"7014854",371863,2025-07-18 12:33:13,43.3861770629883,-8.87086868286133,"Unknown"
"7014854",371863,2025-07-18 12:37:44,43.3814468383789,-8.87639045715332,"Unknown"
"7014854",371863,2025-07-18 12:41:49,43.3776969909668,-8.87282180786133,"Unknown"
"7014854",371863,2025-07-18 12:46:48,43.3567314147949,-8.84564113616943,"Unknown"
"7014854",371863,2025-07-18 12:51:48,43.336109161377,-8.84480094909668,"Unknown"
"7014854",371863,2025-07-18 12:56:49,43.3137283325195,-8.85753726959229,"Unknown"
"7014854",371863,2025-07-18 13:01:48,43.3154220581055,-8.85695362091064,"Unknown"
"7014854",371863,2025-07-18 13:06:51,43.3199157714844,-8.85687351226807,"Unknown"
"7014854",371863,2025-07-18 13:11:51,43.3199195861816,-8.85701084136963,"Unknown"
"7014854",371863,2025-07-18 13:16:52,43.3197402954102,-8.8567590713501,"Unknown"
"7014854",371863,2025-07-18 13:22:23,43.3197822570801,-8.85667610168457,"Unknown"
"7014854",371863,2025-07-18 13:26:53,43.3194465637207,-8.84650230407715,"Unknown"
"7014854",371863,2025-07-18 13:31:49,43.3193778991699,-8.846360206604,"Unknown"
"7014854",371863,2025-07-18 13:36:49,43.3194732666016,-8.84629058837891,"Unknown"
"7014854",371863,2025-07-18 13:41:49,43.3194351196289,-8.84632587432861,"Unknown"
"7014854",371863,2025-07-18 13:46:51,43.3194007873535,-8.84627246856689,"Unknown"
"7014854",371863,2025-07-18 13:52:01,43.3193168640137,-8.84614658355713,"Unknown"
"7014854",371863,2025-07-18 13:56:58,43.3244285583496,-8.84831619262695,"Unknown"
"7014854",371863,2025-07-18 14:01:49,43.3612670898438,-8.83979606628418,"Unknown"
"7014854",371863,2025-07-18 14:06:49,43.3603553771973,-8.84094715118408,"Unknown"
"7014854",371863,2025-07-18 14:11:49,43.3602752685547,-8.84098434448242,"Unknown"
"7014854",371863,2025-07-18 14:16:58,43.3603057861328,-8.84092807769775,"Unknown"
"7014854",371863,2025-07-18 14:21:51,43.3604469299316,-8.84108448028564,"Unknown"
"7014854",371863,2025-07-18 14:26:49,43.3604049682617,-8.84094429016113,"Unknown"
"7014854",371863,2025-07-18 14:32:00,43.3603439331055,-8.84088897705078,"Unknown"
"7014854",371863,2025-07-18 14:36:50,43.3603439331055,-8.84094142913818,"Unknown"
"7014854",371863,2025-07-18 14:41:53,43.3604393005371,-8.84114265441895,"Unknown"
"7014854",371863,2025-07-18 14:46:52,43.3602027893066,-8.84072875976562,"Unknown"
"7014854",371863,2025-07-18 14:51:52,43.3604431152344,-8.84115409851074,"Unknown"
"7014854",371863,2025-07-18 14:56:52,43.3604698181152,-8.84116363525391,"Unknown"
"7014854",371863,2025-07-18 15:02:00,43.3603782653809,-8.84105968475342,"Unknown"
"7014854",371863,2025-07-18 15:07:11,43.3603057861328,-8.84099674224854,"Unknown"
"7014854",371863,2025-07-18 15:11:52,43.360179901123,-8.84077739715576,"Unknown"
"7014854",371863,2025-07-18 15:16:52,43.3603363037109,-8.84101581573486,"Unknown"
"7014854",371863,2025-07-18 15:21:52,43.3603553771973,-8.8410062789917,"Unknown"
"7014854",371863,2025-07-18 15:26:52,43.3602523803711,-8.84088611602783,"Unknown"
"7014854",371863,2025-07-18 15:31:49,43.3603324890137,-8.84100914001465,"Unknown"
"7014854",371863,2025-07-18 15:36:49,43.3603363037109,-8.84101295471191,"Unknown"
"7014854",371863,2025-07-18 15:41:48,43.360279083252,-8.84100246429443,"Unknown"
"7014854",371863,2025-07-18 15:47:44,43.360279083252,-8.84097003936768,"Unknown"
"7014854",371863,2025-07-18 15:51:48,43.3602561950684,-8.84094142913818,"Unknown"
"7014854",371863,2025-07-18 15:56:48,43.360279083252,-8.84097957611084,"Unknown"
"7014854",371863,2025-07-18 16:01:48,43.3603477478027,-8.84101581573486,"Unknown"
"7014854",371863,2025-07-18 16:06:48,43.3602752685547,-8.84098720550537,"Unknown"
"7014854",371863,2025-07-18 16:11:48,43.3603172302246,-8.84095191955566,"Unknown"
"7014854",371863,2025-07-18 16:16:48,43.3604125976562,-8.84102821350098,"Unknown"
"7014854",371863,2025-07-18 16:21:49,43.3602867126465,-8.84091567993164,"Unknown"
"7014854",371863,2025-07-18 16:26:49,43.3603591918945,-8.84096527099609,"Unknown"
"7014854",371863,2025-07-18 16:32:14,43.3603515625,-8.84097576141357,"Unknown"
"7014854",371863,2025-07-18 16:36:48,43.3705749511719,-8.83721256256104,"Unknown"
"7014854",371863,2025-07-18 16:41:51,43.3727188110352,-8.84244537353516,"Unknown"
"7014854",371863,2025-07-18 16:47:00,43.3615608215332,-8.83377933502197,"Unknown"
"7014854",371863,2025-07-18 16:52:01,43.3692665100098,-8.84527492523193,"Unknown"
"7014854",371863,2025-07-18 16:56:49,43.3755073547363,-8.85935401916504,"Unknown"
"7014854",371863,2025-07-18 17:01:52,43.3724555969238,-8.85532379150391,"Unknown"
"7014854",371863,2025-07-18 17:06:58,43.3722991943359,-8.85179328918457,"Unknown"
"7014854",371863,2025-07-18 17:12:40,43.36083984375,-8.84404468536377,"Unknown"
"7014854",371863,2025-07-18 17:16:57,43.3607940673828,-8.84417724609375,"Unknown"
"7014854",371863,2025-07-18 17:22:05,43.3606834411621,-8.84419918060303,"Unknown"
"7014854",371863,2025-07-18 17:26:51,43.360034942627,-8.84064388275146,"Unknown"
"7014854",371863,2025-07-18 17:32:11,43.3602600097656,-8.84101009368896,"Unknown"
"7014854",371863,2025-07-18 17:36:49,43.360294342041,-8.84103488922119,"Unknown"
"7014854",371863,2025-07-18 17:41:54,43.3602294921875,-8.84104061126709,"Unknown"
"7014854",371863,2025-07-18 17:47:00,43.3602256774902,-8.84095859527588,"Unknown"
"7014854",371863,2025-07-18 17:51:50,43.3602561950684,-8.84106254577637,"Unknown"
"7014854",371863,2025-07-18 17:57:14,43.3602180480957,-8.84097576141357,"Unknown"
"7014854",371863,2025-07-18 18:01:52,43.3602027893066,-8.84102916717529,"Unknown"
"7014854",371863,2025-07-18 18:06:51,43.3601760864258,-8.84086322784424,"Unknown"
"7014854",371863,2025-07-18 18:11:51,43.3601951599121,-8.84091567993164,"Unknown"
"7014854",371863,2025-07-18 18:16:54,43.3602104187012,-8.84102916717529,"Unknown"
"7014854",371863,2025-07-18 18:21:51,43.3602485656738,-8.84102535247803,"Unknown"
"7014854",371863,2025-07-18 18:26:52,43.3601875305176,-8.84095573425293,"Unknown"
"7014854",371863,2025-07-18 18:31:53,43.3602409362793,-8.84093189239502,"Unknown"
"7014854",371863,2025-07-18 18:36:53,43.3602638244629,-8.84094429016113,"Unknown"
"7014854",371863,2025-07-18 18:41:53,43.3602714538574,-8.84097671508789,"Unknown"
"7014854",371863,2025-07-18 18:47:23,43.3602676391602,-8.84102153778076,"Unknown"
"7014854",371863,2025-07-18 18:51:50,43.3602638244629,-8.84109592437744,"Unknown"
"7014854",371863,2025-07-18 18:56:48,43.3602714538574,-8.84095859527588,"Unknown"
"7014854",371863,2025-07-18 19:01:51,43.3602333068848,-8.84099960327148,"Unknown"
"7014854",371863,2025-07-18 19:06:49,43.3601913452148,-8.8408727645874,"Unknown"
"7014854",371863,2025-07-18 19:11:52,43.3602867126465,-8.84091758728027,"Unknown"
"7014854",371863,2025-07-18 19:16:49,43.3603630065918,-8.84096240997314,"Unknown"
"7014854",371863,2025-07-18 19:21:50,43.3603477478027,-8.8408784866333,"Unknown"
"7014854",371863,2025-07-18 19:26:52,43.360179901123,-8.8407678604126,"Unknown"
"7014854",371863,2025-07-18 19:31:51,43.360294342041,-8.8408670425415,"Unknown"
"7014854",371863,2025-07-18 19:36:51,43.3602447509766,-8.84091377258301,"Unknown"
"7014854",371863,2025-07-18 19:41:48,43.3602676391602,-8.84088611602783,"Unknown"
"7014854",371863,2025-07-18 19:46:48,43.3603134155273,-8.84092235565186,"Unknown"
"7014854",371863,2025-07-18 19:51:49,43.3603057861328,-8.84081172943115,"Unknown"
"7014854",371863,2025-07-18 19:57:14,43.3603096008301,-8.84092712402344,"Unknown"
"7014854",371863,2025-07-18 20:01:52,43.3603858947754,-8.84104251861572,"Unknown"
"7014854",371863,2025-07-18 20:07:23,43.3603401184082,-8.84094524383545,"Unknown"
"7014854",371863,2025-07-18 20:11:49,43.3603019714355,-8.84105110168457,"Unknown"
"7014854",371863,2025-07-18 20:16:48,43.3603210449219,-8.84097671508789,"Unknown"
"7014854",371863,2025-07-18 20:21:49,43.3603591918945,-8.84104633331299,"Unknown"
"7014854",371863,2025-07-18 20:26:49,43.3601188659668,-8.84081077575684,"Unknown"
"7014854",371863,2025-07-18 20:31:49,43.3602485656738,-8.8408670425415,"Unknown"
"7014854",371863,2025-07-18 20:36:49,43.3602561950684,-8.84077644348145,"Unknown"
"7014854",371863,2025-07-18 20:41:49,43.3603172302246,-8.84090328216553,"Unknown"
"7014854",371863,2025-07-18 20:46:54,43.3602066040039,-8.8407678604126,"Unknown"
"7014854",371863,2025-07-18 20:52:10,43.3602333068848,-8.840895652771,"Unknown"
"7014854",371863,2025-07-18 20:56:49,43.3601989746094,-8.84091567993164,"Unknown"
"7014854",371863,2025-07-18 21:01:51,43.3602600097656,-8.84095573425293,"Unknown"
"7014854",371863,2025-07-18 21:06:52,43.360294342041,-8.84101390838623,"Unknown"
"7014854",371863,2025-07-18 21:11:49,43.3602256774902,-8.84091281890869,"Unknown"
"7014854",371863,2025-07-18 21:16:51,43.3602523803711,-8.84090709686279,"Unknown"
"7014854",371863,2025-07-18 21:21:52,43.3600807189941,-8.84038639068604,"Unknown"
"7014854",371863,2025-07-18 21:26:50,43.3603248596191,-8.84086322784424,"Unknown"
"7014854",371863,2025-07-18 21:31:53,43.3601417541504,-8.8409538269043,"Unknown"
"7014854",371863,2025-07-18 21:36:53,43.3602600097656,-8.84086799621582,"Unknown"
"7014854",371863,2025-07-18 21:42:00,43.3601417541504,-8.84086799621582,"Unknown"
"7014854",371863,2025-07-18 21:47:14,43.3602714538574,-8.84091949462891,"Unknown"
"7014854",371863,2025-07-18 21:51:49,43.3602485656738,-8.8409595489502,"Unknown"
"7014854",371863,2025-07-18 21:56:50,43.3602294921875,-8.84081554412842,"Unknown"
"7014854",371863,2025-07-18 22:01:50,43.3603248596191,-8.8411111831665,"Unknown"
"7014854",371863,2025-07-18 22:06:49,43.3602485656738,-8.84089088439941,"Unknown"
"7014854",371863,2025-07-18 22:11:52,43.3603096008301,-8.8409595489502,"Unknown"
"7014854",371863,2025-07-18 22:16:52,43.3603019714355,-8.84105491638184,"Unknown"
"7014854",371863,2025-07-18 22:21:59,43.3601341247559,-8.84104156494141,"Unknown"
"7014854",371863,2025-07-18 22:26:59,43.3599853515625,-8.84122753143311,"Unknown"
"7014854",371863,2025-07-18 22:32:15,43.3601608276367,-8.84089469909668,"Unknown"
"7014854",371863,2025-07-18 22:36:52,43.3601913452148,-8.84096336364746,"Unknown"
"7014854",371863,2025-07-18 22:41:49,43.3601112365723,-8.84090232849121,"Unknown"
"7014854",371863,2025-07-18 22:46:52,43.3603591918945,-8.84091758728027,"Unknown"
"7014854",371863,2025-07-18 22:51:54,43.3602714538574,-8.84117889404297,"Unknown"
"7014854",371863,2025-07-18 22:56:57,43.3601303100586,-8.84098529815674,"Unknown"
"7014854",371863,2025-07-18 23:01:49,43.3602066040039,-8.84112453460693,"Unknown"
"7014854",371863,2025-07-18 23:07:14,43.360164642334,-8.8409423828125,"Unknown"
"7014854",371863,2025-07-18 23:11:49,43.3602066040039,-8.84076595306396,"Unknown"
"7014854",371863,2025-07-18 23:16:52,43.3601570129395,-8.84085941314697,"Unknown"
"7014854",371863,2025-07-18 23:21:52,43.3600234985352,-8.84030532836914,"Unknown"
"7014854",371863,2025-07-18 23:26:54,43.3603096008301,-8.84103488922119,"Unknown"
"7014854",371863,2025-07-18 23:31:55,43.3601913452148,-8.84084415435791,"Unknown"
"7014854",371863,2025-07-18 23:36:49,43.3601951599121,-8.84087944030762,"Unknown"
"7014854",371863,2025-07-18 23:41:54,43.3602027893066,-8.84083938598633,"Unknown"
"7014854",371863,2025-07-18 23:47:23,43.3603172302246,-8.84085559844971,"Unknown"
"7014854",371863,2025-07-18 23:51:49,43.3602905273438,-8.84086227416992,"Unknown"
"7014854",371863,2025-07-18 23:56:49,43.3602180480957,-8.8408670425415,"Unknown"
"7014854",371863,2025-07-19 00:01:48,43.360294342041,-8.8408899307251,"Unknown"
"7014854",371863,2025-07-19 00:06:49,43.3603134155273,-8.84089469909668,"Unknown"
"7014854",371863,2025-07-19 00:11:48,43.3601875305176,-8.84090995788574,"Unknown"
"7014854",371863,2025-07-19 00:16:48,43.3602600097656,-8.84089279174805,"Unknown"
"7014854",371863,2025-07-19 00:21:48,43.3602333068848,-8.84090423583984,"Unknown"
"7014854",371863,2025-07-19 00:26:48,43.360221862793,-8.84094524383545,"Unknown"
"7014854",371863,2025-07-19 00:31:49,43.3602485656738,-8.84097003936768,"Unknown"
"7014854",371863,2025-07-19 00:36:48,43.3602981567383,-8.84096813201904,"Unknown"
"7014854",371863,2025-07-19 00:41:48,43.3602523803711,-8.84096813201904,"Unknown"
"7014854",371863,2025-07-19 00:46:49,43.3602523803711,-8.84098243713379,"Unknown"
"7014854",371863,2025-07-19 00:51:49,43.3602333068848,-8.8409481048584,"Unknown"
"7014854",371863,2025-07-19 00:56:48,43.360221862793,-8.84093284606934,"Unknown"
"7014854",371863,2025-07-19 01:01:49,43.3602333068848,-8.84088039398193,"Unknown"
"7014854",371863,2025-07-19 01:06:48,43.3602981567383,-8.84096622467041,"Unknown"
"7014854",371863,2025-07-19 01:11:48,43.3602828979492,-8.84091091156006,"Unknown"
"7014854",371863,2025-07-19 01:16:48,43.3602294921875,-8.84090137481689,"Unknown"
"7014854",371863,2025-07-19 01:21:48,43.3603134155273,-8.84096908569336,"Unknown"
"7014854",371863,2025-07-19 01:26:51,43.3602905273438,-8.8410120010376,"Unknown"
"7014854",371863,2025-07-19 01:31:48,43.3602104187012,-8.84089946746826,"Unknown"
"7014854",371863,2025-07-19 01:36:48,43.3602867126465,-8.84094142913818,"Unknown"
"7014854",371863,2025-07-19 01:41:48,43.3603019714355,-8.84093284606934,"Unknown"
"7014854",371863,2025-07-19 01:46:49,43.3602752685547,-8.84089660644531,"Unknown"
"7014854",371863,2025-07-19 01:51:49,43.3605422973633,-8.84119606018066,"Unknown"
"7014854",371863,2025-07-19 01:56:50,43.3604469299316,-8.84114360809326,"Unknown"
"7014854",371863,2025-07-19 02:02:14,43.3603439331055,-8.84101486206055,"Unknown"
"7014854",371863,2025-07-19 02:06:49,43.3603515625,-8.84096431732178,"Unknown"
"7014854",371863,2025-07-19 02:11:48,43.3605155944824,-8.84097957611084,"Unknown"
"7014854",371863,2025-07-19 02:16:48,43.3602752685547,-8.84095191955566,"Unknown"
"7014854",371863,2025-07-19 02:21:49,43.3602027893066,-8.84101963043213,"Unknown"
"7014854",371863,2025-07-19 02:26:49,43.3599548339844,-8.84092140197754,"Unknown"
"7014854",371863,2025-07-19 02:31:48,43.360221862793,-8.8409481048584,"Unknown"
"7014854",371863,2025-07-19 02:36:52,43.3603096008301,-8.84104156494141,"Unknown"
"7014854",371863,2025-07-19 02:41:49,43.3604011535645,-8.8411283493042,"Unknown"
"7014854",371863,2025-07-19 02:47:15,43.3601951599121,-8.84085655212402,"Unknown"
"7014854",371863,2025-07-19 02:51:50,43.3610687255859,-8.84224700927734,"Unknown"
"7014854",371863,2025-07-19 02:57:01,43.3601493835449,-8.84091758728027,"Unknown"
"7014854",371863,2025-07-19 03:01:52,43.3601875305176,-8.84105682373047,"Unknown"
"7014854",371863,2025-07-19 03:06:50,43.3601303100586,-8.84096050262451,"Unknown"
"7014854",371863,2025-07-19 03:11:52,43.3601684570312,-8.84093952178955,"Unknown"
"7014854",371863,2025-07-19 03:16:49,43.3601188659668,-8.84055709838867,"Unknown"
"7014854",371863,2025-07-19 03:21:49,43.3601150512695,-8.8406400680542,"Unknown"
"7014854",371863,2025-07-19 03:26:50,43.3601531982422,-8.84081268310547,"Unknown"
"7014854",371863,2025-07-19 03:32:15,43.3602676391602,-8.8407735824585,"Unknown"
"7014854",371863,2025-07-19 03:36:48,43.3602409362793,-8.84124660491943,"Unknown"
"7014854",371863,2025-07-19 03:41:49,43.3601875305176,-8.84083271026611,"Unknown"
"7014854",371863,2025-07-19 03:46:49,43.3601875305176,-8.84115505218506,"Unknown"
"7014854",371863,2025-07-19 03:51:51,43.3602104187012,-8.84111785888672,"Unknown"
"7014854",371863,2025-07-19 03:56:52,43.3602409362793,-8.84121131896973,"Unknown"
"7014854",371863,2025-07-19 04:02:00,43.3602523803711,-8.84087371826172,"Unknown"
"7014854",371863,2025-07-19 04:07:00,43.360237121582,-8.84091567993164,"Unknown"
"7014854",371863,2025-07-19 04:12:00,43.3602066040039,-8.84096431732178,"Unknown"
"7014854",371863,2025-07-19 04:17:00,43.3602294921875,-8.84092903137207,"Unknown"
"7014854",371863,2025-07-19 04:22:00,43.3601989746094,-8.84114265441895,"Unknown"
"7014854",371863,2025-07-19 04:27:00,43.3651924133301,-8.83277416229248,"Unknown"
"7014854",371863,2025-07-19 04:33:05,43.3655204772949,-8.83102416992188,"Unknown"
"7014854",371863,2025-07-19 04:37:00,43.3645973205566,-8.82804203033447,"Unknown"
"7014854",371863,2025-07-19 04:42:01,43.3675079345703,-8.8313102722168,"Unknown"
"7014854",371863,2025-07-19 04:47:00,43.365306854248,-8.83413124084473,"Unknown"
"7014854",371863,2025-07-19 04:52:00,43.3610687255859,-8.84195232391357,"Unknown"
"7014854",371863,2025-07-19 04:57:15,43.3601913452148,-8.84098815917969,"Unknown"
"7014854",371863,2025-07-19 05:01:53,43.358699798584,-8.84165382385254,"Unknown"
"7014854",371863,2025-07-19 05:07:00,43.3602409362793,-8.84109497070312,"Unknown"
"7014854",371863,2025-07-19 05:11:53,43.3597869873047,-8.84102153778076,"Unknown"
"7014854",371863,2025-07-19 05:17:44,43.360279083252,-8.84097099304199,"Unknown"
"7014854",371863,2025-07-19 05:21:48,43.3602180480957,-8.84097099304199,"Unknown"
"7014854",371863,2025-07-19 05:26:48,43.360221862793,-8.84103965759277,"Unknown"
"7014854",371863,2025-07-19 05:31:50,43.3602905273438,-8.84094429016113,"Unknown"
"7014854",371863,2025-07-19 05:36:49,43.3602867126465,-8.84092426300049,"Unknown"
"7014854",371863,2025-07-19 05:41:48,43.3602180480957,-8.84083366394043,"Unknown"
"7014854",371863,2025-07-19 05:47:23,43.3602333068848,-8.84090709686279,"Unknown"
"7014854",371863,2025-07-19 05:51:55,43.3600959777832,-8.84092617034912,"Unknown"
"7014854",371863,2025-07-19 05:56:50,43.3602104187012,-8.84094429016113,"Unknown"
"7014854",371863,2025-07-19 06:01:50,43.368350982666,-8.84383010864258,"Unknown"
"7014854",371863,2025-07-19 06:06:48,43.3624114990234,-8.82962894439697,"Unknown"
"7014854",371863,2025-07-19 06:11:49,43.3691864013672,-8.8298807144165,"Unknown"
"7014854",371863,2025-07-19 06:16:49,43.368522644043,-8.82907009124756,"Unknown"
"7014854",371863,2025-07-19 06:21:52,43.367805480957,-8.83005714416504,"Unknown"
"7014854",371863,2025-07-19 06:28:13,43.3605461120605,-8.84420394897461,"Unknown"
"7014854",371863,2025-07-19 06:33:09,43.360237121582,-8.8443775177002,"Unknown"
"7014854",371863,2025-07-19 06:36:49,43.3606758117676,-8.84888076782227,"Unknown"
"7014854",371863,2025-07-19 06:41:50,43.3602752685547,-8.84109973907471,"Unknown"
"7014854",371863,2025-07-19 06:46:52,43.3599395751953,-8.84038352966309,"Unknown"
"7014854",371863,2025-07-19 06:51:50,43.3602027893066,-8.84084701538086,"Unknown"
"7014854",371863,2025-07-19 06:56:51,43.3602409362793,-8.84092140197754,"Unknown"
"7014854",371863,2025-07-19 07:01:50,43.3601951599121,-8.84079551696777,"Unknown"
"7014854",371863,2025-07-19 07:06:58,43.3602561950684,-8.84093475341797,"Unknown"
"7014854",371863,2025-07-19 07:11:49,43.3602714538574,-8.84094142913818,"Unknown"
"7014854",371863,2025-07-19 07:16:49,43.3600463867188,-8.84056091308594,"Unknown"
"7014854",371863,2025-07-19 07:21:49,43.3600769042969,-8.84070777893066,"Unknown"
"7014854",371863,2025-07-19 07:26:51,43.3600692749023,-8.84084415435791,"Unknown"
"7014854",371863,2025-07-19 07:31:50,43.3601226806641,-8.84079265594482,"Unknown"
"7014854",371863,2025-07-19 07:36:50,43.3602523803711,-8.84113216400146,"Unknown"
"7014854",371863,2025-07-19 07:41:54,43.3602447509766,-8.84102630615234,"Unknown"
"7014854",371863,2025-07-19 07:46:51,43.3599090576172,-8.84020519256592,"Unknown"
"7014854",371863,2025-07-19 07:51:52,43.3600959777832,-8.84078121185303,"Unknown"
"7014854",371863,2025-07-19 07:56:52,43.3599662780762,-8.84040832519531,"Unknown"
"7014854",371863,2025-07-19 08:02:13,43.360279083252,-8.84094715118408,"Unknown"
"7014854",371863,2025-07-19 08:06:49,43.3600540161133,-8.84137058258057,"Unknown"
"7014854",371863,2025-07-19 08:11:49,43.3611145019531,-8.8402681350708,"Unknown"
"7014854",371863,2025-07-19 08:16:51,43.3602104187012,-8.8411750793457,"Unknown"
"7014854",371863,2025-07-19 08:21:51,43.359977722168,-8.84152221679688,"Unknown"
"7014854",371863,2025-07-19 08:26:55,43.3605346679688,-8.84084606170654,"Unknown"
"7014854",371863,2025-07-19 08:31:49,43.3685188293457,-8.82780742645264,"Unknown"
"7014854",371863,2025-07-19 08:36:49,43.3602027893066,-8.83254146575928,"Unknown"
"7014854",371863,2025-07-19 08:42:23,43.3604164123535,-8.83239459991455,"Unknown"
"7014854",371863,2025-07-19 08:47:14,43.3604431152344,-8.8323860168457,"Unknown"
"7014854",371863,2025-07-19 08:51:54,43.3603820800781,-8.83250522613525,"Unknown"
"7014854",371863,2025-07-19 08:56:49,43.3604278564453,-8.83238124847412,"Unknown"
"7014854",371863,2025-07-19 09:01:55,43.3604431152344,-8.83242988586426,"Unknown"
"7014854",371863,2025-07-19 09:06:57,43.3603744506836,-8.83243656158447,"Unknown"
"7014854",371863,2025-07-19 09:11:53,43.3604354858398,-8.83256435394287,"Unknown"
"7014854",371863,2025-07-19 09:16:50,43.3616714477539,-8.8408203125,"Unknown"
"7014854",371863,2025-07-19 09:21:50,43.3769760131836,-8.85761833190918,"Unknown"
"7014854",371863,2025-07-19 09:26:50,43.3661079406738,-8.83108615875244,"Unknown"
"7014854",371863,2025-07-19 09:32:14,43.3603515625,-8.84087467193604,"Unknown"
"7014854",371863,2025-07-19 09:36:49,43.3604469299316,-8.84091854095459,"Unknown"
"7014854",371863,2025-07-19 09:41:52,43.3604316711426,-8.84089374542236,"Unknown"
"7014854",371863,2025-07-19 09:46:52,43.3601150512695,-8.84108543395996,"Unknown"
"7014854",371863,2025-07-19 09:51:51,43.359073638916,-8.84173393249512,"Unknown"
"7014854",371863,2025-07-19 09:56:53,43.3600082397461,-8.84110355377197,"Unknown"
"7014854",371863,2025-07-19 10:01:51,43.3599739074707,-8.84102439880371,"Unknown"
"7014854",371863,2025-07-19 10:06:54,43.3599510192871,-8.84118461608887,"Unknown"
"7014854",371863,2025-07-19 10:11:53,43.3603324890137,-8.84093761444092,"Unknown"
"7014854",371863,2025-07-19 10:16:49,43.3603286743164,-8.84060096740723,"Unknown"
"7014854",371863,2025-07-19 10:21:52,43.3601036071777,-8.84105110168457,"Unknown"
"7014854",371863,2025-07-19 10:26:54,43.3602256774902,-8.84088611602783,"Unknown"
"7014854",371863,2025-07-19 10:32:23,43.3602485656738,-8.84095478057861,"Unknown"
"7014854",371863,2025-07-19 10:36:49,43.3601951599121,-8.84099102020264,"Unknown"
"7014854",371863,2025-07-19 10:41:48,43.3602142333984,-8.84092235565186,"Unknown"
"7014854",371863,2025-07-19 10:46:49,43.3602294921875,-8.84086418151855,"Unknown"
"7014854",371863,2025-07-19 10:51:49,43.360237121582,-8.84087657928467,"Unknown"
"7014854",371863,2025-07-19 10:56:49,43.3602027893066,-8.84104156494141,"Unknown"
"7014854",371863,2025-07-19 11:01:48,43.3602333068848,-8.84104347229004,"Unknown"
"7014854",371863,2025-07-19 11:06:49,43.3602600097656,-8.84093952178955,"Unknown"
"7014854",371863,2025-07-19 11:11:48,43.3602256774902,-8.84098148345947,"Unknown"
"7014854",371863,2025-07-19 11:16:50,43.3602523803711,-8.84094905853271,"Unknown"
"7014854",371863,2025-07-19 11:21:48,43.3603363037109,-8.84082126617432,"Unknown"
"7014854",371863,2025-07-19 11:26:48,43.3601875305176,-8.84102916717529,"Unknown"
"7014854",371863,2025-07-19 11:31:50,43.3602294921875,-8.8409595489502,"Unknown"
"7014854",371863,2025-07-19 11:36:53,43.360294342041,-8.84090805053711,"Unknown"
"7014854",371863,2025-07-19 11:41:52,43.3602333068848,-8.84098052978516,"Unknown"
"7014854",371863,2025-07-19 11:46:53,43.3602676391602,-8.84091854095459,"Unknown"
"7014854",371863,2025-07-19 11:51:52,43.3603019714355,-8.84087371826172,"Unknown"
"7014854",371863,2025-07-19 11:56:53,43.3603935241699,-8.84084129333496,"Unknown"
"7014854",371863,2025-07-19 12:02:14,43.3602638244629,-8.84096050262451,"Unknown"
"7014854",371863,2025-07-19 12:06:48,43.3604927062988,-8.84086322784424,"Unknown"
"7014854",371863,2025-07-19 12:11:49,43.3601341247559,-8.84103488922119,"Unknown"
"7014854",371863,2025-07-19 12:16:48,43.3604431152344,-8.84092044830322,"Unknown"
"7014854",371863,2025-07-19 12:21:48,43.3602867126465,-8.84093952178955,"Unknown"
"7014854",371863,2025-07-19 12:26:50,43.360050201416,-8.84091377258301,"Unknown"
"7014854",371863,2025-07-19 12:31:50,43.3602066040039,-8.84099102020264,"Unknown"
"7014854",371863,2025-07-19 12:36:50,43.3602523803711,-8.84095478057861,"Unknown"
"7014854",371863,2025-07-19 12:41:50,43.3603668212891,-8.84108257293701,"Unknown"
"7014854",371863,2025-07-19 12:47:14,43.3602752685547,-8.84094047546387,"Unknown"
"7014854",371863,2025-07-19 12:51:49,43.3603096008301,-8.84099292755127,"Unknown"
"7014854",371863,2025-07-19 12:56:48,43.3603553771973,-8.84096336364746,"Unknown"
"7014854",371863,2025-07-19 13:01:49,43.3603553771973,-8.84098434448242,"Unknown"
"7014854",371863,2025-07-19 13:06:53,43.3603324890137,-8.84088039398193,"Unknown"
"7014854",371863,2025-07-19 13:11:53,43.3595695495605,-8.84063053131104,"Unknown"
"7014854",371863,2025-07-19 13:16:54,43.3607940673828,-8.84118461608887,"Unknown"
"7014854",371863,2025-07-19 13:22:00,43.3604164123535,-8.84098720550537,"Unknown"
"7014854",371863,2025-07-19 13:27:00,43.3603172302246,-8.84096050262451,"Unknown"
"7014854",371863,2025-07-19 13:32:14,43.3602561950684,-8.84092330932617,"Unknown"
"7014854",371863,2025-07-19 13:36:49,43.360164642334,-8.84077453613281,"Unknown"
"7014854",371863,2025-07-19 13:41:57,43.360279083252,-8.84086990356445,"Unknown"
"7014854",371863,2025-07-19 13:46:49,43.360538482666,-8.84119319915771,"Unknown"
"7014854",371863,2025-07-19 13:51:55,43.3601341247559,-8.84091854095459,"Unknown"
"7014854",371863,2025-07-19 13:56:53,43.3599281311035,-8.84085273742676,"Unknown"
"7014854",371863,2025-07-19 14:01:51,43.3616981506348,-8.82453918457031,"Unknown"
"7014854",371863,2025-07-19 14:06:51,43.3611602783203,-8.82770919799805,"Unknown"
"7014854",371863,2025-07-19 14:11:54,43.3550300598145,-8.82628059387207,"Unknown"
"7014854",371863,2025-07-19 14:16:51,43.3540229797363,-8.82715702056885,"Unknown"
"7014854",371863,2025-07-19 14:22:00,43.3451728820801,-8.83767986297607,"Unknown"
"7014854",371863,2025-07-19 14:27:06,43.3415641784668,-8.84320163726807,"Unknown"
"7014854",371863,2025-07-19 14:32:23,43.340503692627,-8.84408855438232,"Unknown"
"7014854",371863,2025-07-19 14:36:52,43.3410034179688,-8.8454418182373,"Unknown"
"7014854",371863,2025-07-19 14:42:00,43.3404579162598,-8.84402370452881,"Unknown"
"7014854",371863,2025-07-19 14:46:58,43.3404808044434,-8.84404182434082,"Unknown"
"7014854",371863,2025-07-19 14:51:55,43.3404731750488,-8.84401226043701,"Unknown"
"7014854",371863,2025-07-19 14:56:54,43.340576171875,-8.84428787231445,"Unknown"
"7014854",371863,2025-07-19 15:02:00,43.3404312133789,-8.84403514862061,"Unknown"
"7014854",371863,2025-07-19 15:06:58,43.3403968811035,-8.84402847290039,"Unknown"
"7014854",371863,2025-07-19 15:12:00,43.3295021057129,-8.84784698486328,"Unknown"
"7014854",371863,2025-07-19 15:16:50,43.3147048950195,-8.85731220245361,"Unknown"
"7014854",371863,2025-07-19 15:22:00,43.3142700195312,-8.85678386688232,"Unknown"
"7014854",371863,2025-07-19 15:26:55,43.3168411254883,-8.85832595825195,"Unknown"
"7014854",371863,2025-07-19 15:31:50,43.3347969055176,-8.85196876525879,"Unknown"
"7014854",371863,2025-07-19 15:36:52,43.3603553771973,-8.84116458892822,"Unknown"
"7014854",371863,2025-07-19 15:42:14,43.3602523803711,-8.84090042114258,"Unknown"
"7014854",371863,2025-07-19 15:46:48,43.3603096008301,-8.84095191955566,"Unknown"
"7014854",371863,2025-07-19 15:51:50,43.360221862793,-8.84088325500488,"Unknown"
"7014854",371863,2025-07-19 15:56:51,43.3602447509766,-8.84086227416992,"Unknown"
"7014854",371863,2025-07-19 16:01:54,43.3602142333984,-8.84077548980713,"Unknown"
"7014854",371863,2025-07-19 16:06:52,43.3602104187012,-8.84107208251953,"Unknown"
"7014854",371863,2025-07-19 16:11:53,43.3602180480957,-8.8408727645874,"Unknown"
"7014854",371863,2025-07-19 16:16:51,43.360221862793,-8.84084892272949,"Unknown"
"7014854",371863,2025-07-19 16:21:51,43.3602561950684,-8.84091949462891,"Unknown"
"7014854",371863,2025-07-19 16:26:52,43.3601760864258,-8.84090232849121,"Unknown"
"7014854",371863,2025-07-19 16:32:23,43.3602561950684,-8.84092426300049,"Unknown"
"7014854",371863,2025-07-19 16:36:49,43.360221862793,-8.8409595489502,"Unknown"
"7014854",371863,2025-07-19 16:41:49,43.3602828979492,-8.84088611602783,"Unknown"
"7014854",371863,2025-07-19 16:46:49,43.3602447509766,-8.84097957611084,"Unknown"
"7014854",371863,2025-07-19 16:51:49,43.3603363037109,-8.84091949462891,"Unknown"
"7014854",371863,2025-07-19 16:56:49,43.3602867126465,-8.84095096588135,"Unknown"
"7014854",371863,2025-07-19 17:01:49,43.3603096008301,-8.84100723266602,"Unknown"
"7014854",371863,2025-07-19 17:06:49,43.3602752685547,-8.84096622467041,"Unknown"
"7014854",371863,2025-07-19 17:11:48,43.3602867126465,-8.84097862243652,"Unknown"
"7014854",371863,2025-07-19 17:16:48,43.3603057861328,-8.84103107452393,"Unknown"
"7014854",371863,2025-07-19 17:21:48,43.3602600097656,-8.84085559844971,"Unknown"
"7014854",371863,2025-07-19 17:26:49,43.3603324890137,-8.84092903137207,"Unknown"
"7014854",371863,2025-07-19 17:31:53,43.3603172302246,-8.84094715118408,"Unknown"
"7014854",371863,2025-07-19 17:36:50,43.3602294921875,-8.8409948348999,"Unknown"
"7014854",371863,2025-07-19 17:41:49,43.3602600097656,-8.84098243713379,"Unknown"
"7014854",371863,2025-07-19 17:46:53,43.360279083252,-8.84103298187256,"Unknown"
"7014854",371863,2025-07-19 17:51:53,43.3602752685547,-8.84100532531738,"Unknown"
"7014854",371863,2025-07-19 17:56:53,43.3602561950684,-8.84099388122559,"Unknown"
"7014854",371863,2025-07-19 18:01:49,43.3603096008301,-8.84092426300049,"Unknown"
"7014854",371863,2025-07-19 18:06:49,43.3603210449219,-8.84103965759277,"Unknown"
"7014854",371863,2025-07-19 18:11:51,43.3603439331055,-8.84120464324951,"Unknown"
"7014854",371863,2025-07-19 18:16:54,43.3602752685547,-8.84100818634033,"Unknown"
"7014854",371863,2025-07-19 18:22:14,43.3602828979492,-8.8410062789917,"Unknown"
"7014854",371863,2025-07-19 18:26:50,43.3602905273438,-8.84105587005615,"Unknown"
"7014854",371863,2025-07-19 18:31:49,43.3602600097656,-8.84097194671631,"Unknown"
"7014854",371863,2025-07-19 18:36:52,43.3602905273438,-8.84104633331299,"Unknown"
"7014854",371863,2025-07-19 18:41:53,43.359504699707,-8.83211612701416,"Unknown"
"7014854",371863,2025-07-19 18:47:14,43.358512878418,-8.8313512802124,"Unknown"
"7014854",371863,2025-07-19 18:51:50,43.3581962585449,-8.83144950866699,"Unknown"
"7014854",371863,2025-07-19 18:56:53,43.3564605712891,-8.83269023895264,"Unknown"
"7014854",371863,2025-07-19 19:01:50,43.3635482788086,-8.8385763168335,"Unknown"
"7014854",371863,2025-07-19 19:06:53,43.363899230957,-8.83927917480469,"Unknown"
"7014854",371863,2025-07-19 19:11:49,43.3599166870117,-8.8389892578125,"Unknown"
"7014854",371863,2025-07-19 19:16:53,43.3599815368652,-8.8403148651123,"Unknown"
"7014854",371863,2025-07-19 19:21:50,43.3608932495117,-8.84141159057617,"Unknown"
"7014854",371863,2025-07-19 19:26:52,43.3602333068848,-8.84101486206055,"Unknown"
"7014854",371863,2025-07-19 19:32:14,43.3602638244629,-8.84085845947266,"Unknown"
"7014854",371863,2025-07-19 19:36:50,43.3601875305176,-8.84081935882568,"Unknown"
"7014854",371863,2025-07-19 19:41:54,43.3602828979492,-8.84099769592285,"Unknown"
"7014854",371863,2025-07-19 19:46:50,43.3599967956543,-8.84039402008057,"Unknown"
"7014854",371863,2025-07-19 19:51:50,43.3602256774902,-8.84085750579834,"Unknown"
"7014854",371863,2025-07-19 19:56:53,43.360279083252,-8.84104537963867,"Unknown"
"7014854",371863,2025-07-19 20:01:54,43.3601493835449,-8.84084320068359,"Unknown"
"7014854",371863,2025-07-19 20:06:53,43.360279083252,-8.84105110168457,"Unknown"
"7014854",371863,2025-07-19 20:11:54,43.3602256774902,-8.84088039398193,"Unknown"
"7014854",371863,2025-07-19 20:16:57,43.360237121582,-8.8408670425415,"Unknown"
"7014854",371863,2025-07-19 20:21:54,43.3601684570312,-8.84081268310547,"Unknown"
"7014854",371863,2025-07-19 20:26:53,43.3601112365723,-8.84053897857666,"Unknown"
"7014854",371863,2025-07-19 20:32:23,43.3602523803711,-8.84080600738525,"Unknown"
"7014854",371863,2025-07-19 20:36:49,43.3601989746094,-8.84086990356445,"Unknown"
"7014854",371863,2025-07-19 20:41:49,43.3601913452148,-8.84090805053711,"Unknown"
"7014854",371863,2025-07-19 20:46:49,43.3602485656738,-8.8408899307251,"Unknown"
"7014854",371863,2025-07-19 20:51:49,43.3602752685547,-8.84085464477539,"Unknown"
"7014854",371863,2025-07-19 20:56:49,43.3602828979492,-8.84086322784424,"Unknown"
"7014854",371863,2025-07-19 21:01:49,43.3603134155273,-8.84086036682129,"Unknown"
"7014854",371863,2025-07-19 21:06:49,43.3602294921875,-8.8408899307251,"Unknown"
"7014854",371863,2025-07-19 21:11:49,43.3602638244629,-8.84088706970215,"Unknown"
"7014854",371863,2025-07-19 21:16:50,43.360164642334,-8.8408374786377,"Unknown"
"7014854",371863,2025-07-19 21:21:50,43.3602561950684,-8.8409948348999,"Unknown"
"7014854",371863,2025-07-19 21:26:50,43.3602294921875,-8.84091472625732,"Unknown"
"7014854",371863,2025-07-19 21:31:49,43.3602409362793,-8.84092330932617,"Unknown"
"7014854",371863,2025-07-19 21:36:49,43.3601913452148,-8.84090709686279,"Unknown"
"7014854",371863,2025-07-19 21:41:52,43.3602180480957,-8.8408899307251,"Unknown"
"7014854",371863,2025-07-19 21:46:49,43.3602256774902,-8.84084510803223,"Unknown"
"7014854",371863,2025-07-19 21:51:50,43.3602561950684,-8.84096622467041,"Unknown"
"7014854",371863,2025-07-19 21:56:51,43.3602409362793,-8.84091663360596,"Unknown"
"7014854",371863,2025-07-19 22:01:53,43.3602600097656,-8.84093570709229,"Unknown"
"7014854",371863,2025-07-19 22:06:53,43.3602409362793,-8.84086799621582,"Unknown"
"7014854",371863,2025-07-19 22:11:51,43.3602638244629,-8.84096050262451,"Unknown"
"7014854",371863,2025-07-19 22:17:00,43.3602867126465,-8.84077835083008,"Unknown"
"7014854",371863,2025-07-19 22:21:52,43.3603286743164,-8.84089946746826,"Unknown"
"7014854",371863,2025-07-19 22:26:49,43.3602561950684,-8.84085369110107,"Unknown"
"7014854",371863,2025-07-19 22:31:49,43.3604354858398,-8.84098339080811,"Unknown"
"7014854",371863,2025-07-19 22:36:51,43.3603210449219,-8.84090137481689,"Unknown"
"7014854",371863,2025-07-19 22:41:49,43.3602752685547,-8.84085941314697,"Unknown"
"7014854",371863,2025-07-19 22:46:50,43.3603477478027,-8.84090137481689,"Unknown"
"7014854",371863,2025-07-19 22:51:49,43.3603019714355,-8.84085845947266,"Unknown"
"7014854",371863,2025-07-19 22:56:54,43.3603210449219,-8.84091281890869,"Unknown"
"7014854",371863,2025-07-19 23:01:59,43.3603363037109,-8.84096336364746,"Unknown"
"7014854",371863,2025-07-19 23:07:09,43.3603019714355,-8.84095287322998,"Unknown"
"7014854",371863,2025-07-19 23:12:01,43.3603019714355,-8.84093952178955,"Unknown"
"7014854",371863,2025-07-19 23:17:09,43.360294342041,-8.84096145629883,"Unknown"
"7014854",371863,2025-07-19 23:22:14,43.3603057861328,-8.84088611602783,"Unknown"
"7014854",371863,2025-07-19 23:26:49,43.3603973388672,-8.84094905853271,"Unknown"
"7014854",371863,2025-07-19 23:31:55,43.3603057861328,-8.84088802337646,"Unknown"
"7014854",371863,2025-07-19 23:36:52,43.3601150512695,-8.84092140197754,"Unknown"
"7014854",371863,2025-07-19 23:41:50,43.3663101196289,-8.83052825927734,"Unknown"
"7014854",371863,2025-07-19 23:47:45,43.3609733581543,-8.82637500762939,"Unknown"
"7014854",371863,2025-07-19 23:53:14,43.3614654541016,-8.8260612487793,"Unknown"
"7014854",371863,2025-07-19 23:58:14,43.3623313903809,-8.82573986053467,"Unknown"
"7014854",371863,2025-07-20 00:01:50,43.3614768981934,-8.82583236694336,"Unknown"
"7014854",371863,2025-07-20 00:06:50,43.3584632873535,-8.82693672180176,"Unknown"
"7014854",371863,2025-07-20 00:11:53,43.3616600036621,-8.83899402618408,"Unknown"
"7014854",371863,2025-07-20 00:17:03,43.3602066040039,-8.84097385406494,"Unknown"
"7014854",371863,2025-07-20 00:21:57,43.3603134155273,-8.84090518951416,"Unknown"
"7014854",371863,2025-07-20 00:26:55,43.3603096008301,-8.84106731414795,"Unknown"
"7014854",371863,2025-07-20 00:32:08,43.3601303100586,-8.84095859527588,"Unknown"
"7014854",371863,2025-07-20 00:36:54,43.3602447509766,-8.84095478057861,"Unknown"
"7014854",371863,2025-07-20 00:41:53,43.3602485656738,-8.840895652771,"Unknown"
"7014854",371863,2025-07-20 00:47:14,43.3602714538574,-8.84090995788574,"Unknown"
"7014854",371863,2025-07-20 00:51:53,43.3602905273438,-8.8410177230835,"Unknown"
"7014854",371863,2025-07-20 00:56:54,43.3602867126465,-8.84111022949219,"Unknown"
"7014854",371863,2025-07-20 01:01:52,43.3603363037109,-8.84096050262451,"Unknown"
"7014854",371863,2025-07-20 01:07:00,43.3602600097656,-8.84082126617432,"Unknown"
"7014854",371863,2025-07-20 01:11:53,43.3596687316895,-8.84044456481934,"Unknown"
"7014854",371863,2025-07-20 01:16:53,43.3599433898926,-8.84086894989014,"Unknown"
"7014854",371863,2025-07-20 01:22:02,43.3603248596191,-8.84086036682129,"Unknown"
"7014854",371863,2025-07-20 01:27:00,43.3604202270508,-8.84032344818115,"Unknown"
"7014854",371863,2025-07-20 01:32:29,43.3602752685547,-8.84093952178955,"Unknown"
"7014854",371863,2025-07-20 01:36:51,43.360237121582,-8.84115886688232,"Unknown"
"7014854",371863,2025-07-20 01:41:49,43.3602676391602,-8.84117698669434,"Unknown"
"7014854",371863,2025-07-20 01:46:51,43.3598518371582,-8.84225177764893,"Unknown"
"7014854",371863,2025-07-20 01:51:52,43.3600540161133,-8.84171390533447,"Unknown"
"7014854",371863,2025-07-20 01:56:50,43.3601837158203,-8.84116554260254,"Unknown"
"7014854",371863,2025-07-20 02:01:51,43.3600997924805,-8.84124183654785,"Unknown"
"7014854",371863,2025-07-20 02:06:50,43.360237121582,-8.84087371826172,"Unknown"
"7014854",371863,2025-07-20 02:11:50,43.3601684570312,-8.84080600738525,"Unknown"
"7014854",371863,2025-07-20 02:17:12,43.3601760864258,-8.84107685089111,"Unknown"
"7014854",371863,2025-07-20 02:21:49,43.3602142333984,-8.84104061126709,"Unknown"
"7014854",371863,2025-07-20 02:26:50,43.3648948669434,-8.82606792449951,"Unknown"
"7014854",371863,2025-07-20 02:31:50,43.3532562255859,-8.82734489440918,"Unknown"
"7014854",371863,2025-07-20 02:36:50,43.3652229309082,-8.83001327514648,"Unknown"
"7014854",371863,2025-07-20 02:41:54,43.3670272827148,-8.83514499664307,"Unknown"
"7014854",371863,2025-07-20 02:52:14,43.3602752685547,-8.84100818634033,"Unknown"
"7014854",371863,2025-07-20 02:56:51,43.3604125976562,-8.84057712554932,"Unknown"
"7014854",371863,2025-07-20 03:01:51,43.3603210449219,-8.84078502655029,"Unknown"
"7014854",371863,2025-07-20 03:06:50,43.360424041748,-8.84049415588379,"Unknown"
"7014854",371863,2025-07-20 03:11:50,43.3603706359863,-8.84080600738525,"Unknown"
"7014854",371863,2025-07-20 03:16:50,43.3603057861328,-8.84062385559082,"Unknown"
"7014854",371863,2025-07-20 03:21:50,43.3604354858398,-8.84033107757568,"Unknown"
"7014854",371863,2025-07-20 03:26:53,43.360237121582,-8.84105014801025,"Unknown"
"7014854",371863,2025-07-20 03:31:54,43.3604354858398,-8.84040355682373,"Unknown"
"7014854",371863,2025-07-20 03:37:00,43.3602561950684,-8.84106349945068,"Unknown"
"7014854",371863,2025-07-20 03:41:57,43.3602752685547,-8.84109783172607,"Unknown"
"7014854",371863,2025-07-20 03:47:23,43.3602714538574,-8.84094905853271,"Unknown"
"7014854",371863,2025-07-20 03:51:49,43.3602027893066,-8.84095287322998,"Unknown"
"7014854",371863,2025-07-20 03:56:52,43.3602752685547,-8.84091186523438,"Unknown"
"7014854",371863,2025-07-20 04:01:50,43.360237121582,-8.84102058410645,"Unknown"
"7014854",371863,2025-07-20 04:06:51,43.3602333068848,-8.84102344512939,"Unknown"
"7014854",371863,2025-07-20 04:11:49,43.3601226806641,-8.84668445587158,"Unknown"
"7014854",371863,2025-07-20 04:16:50,43.3746032714844,-8.86420726776123,"Unknown"
"7014854",371863,2025-07-20 04:21:49,43.3680877685547,-8.83600044250488,"Unknown"
"7014854",371863,2025-07-20 04:26:52,43.3648300170898,-8.84203338623047,"Unknown"
"7014854",371863,2025-07-20 04:31:57,43.3671607971191,-8.83707904815674,"Unknown"
"7014854",371863,2025-07-20 04:37:52,43.3604888916016,-8.84490871429443,"Unknown"
"7014854",371863,2025-07-20 04:42:00,43.3603820800781,-8.84115314483643,"Unknown"
"7014854",371863,2025-07-20 04:47:12,43.360164642334,-8.84115314483643,"Unknown"
"7014854",371863,2025-07-20 04:52:07,43.3600044250488,-8.84098339080811,"Unknown"
"7014854",371863,2025-07-20 04:56:54,43.3601493835449,-8.84110355377197,"Unknown"
"7014854",371863,2025-07-20 05:01:52,43.3602714538574,-8.84082508087158,"Unknown"
"7014854",371863,2025-07-20 05:06:53,43.3602256774902,-8.84082698822021,"Unknown"
"7014854",371863,2025-07-20 05:11:54,43.3604736328125,-8.84092044830322,"Unknown"
"7014854",371863,2025-07-20 05:16:49,43.3603057861328,-8.84091472625732,"Unknown"
"7014854",371863,2025-07-20 05:21:53,43.3601188659668,-8.84061908721924,"Unknown"
"7014854",371863,2025-07-20 05:27:01,43.3602256774902,-8.84106254577637,"Unknown"
"7014854",371863,2025-07-20 05:32:22,43.3602409362793,-8.84109401702881,"Unknown"
"7014854",371863,2025-07-20 05:36:49,43.3601837158203,-8.84097480773926,"Unknown"
"7014854",371863,2025-07-20 05:41:51,43.360294342041,-8.84095859527588,"Unknown"
"7014854",371863,2025-07-20 05:46:51,43.3602104187012,-8.84092426300049,"Unknown"
"7014854",371863,2025-07-20 05:51:51,43.3602180480957,-8.84085273742676,"Unknown"
"7014854",371863,2025-07-20 05:56:49,43.360221862793,-8.84098339080811,"Unknown"
"7014854",371863,2025-07-20 06:01:52,43.3602828979492,-8.84095287322998,"Unknown"
"7014854",371863,2025-07-20 06:06:50,43.3601112365723,-8.84095764160156,"Unknown"
"7014854",371863,2025-07-20 06:11:53,43.3601913452148,-8.84093189239502,"Unknown"
"7014854",371863,2025-07-20 06:16:49,43.3601760864258,-8.84092140197754,"Unknown"
"7014854",371863,2025-07-20 06:21:52,43.3602027893066,-8.84081840515137,"Unknown"
"7014854",371863,2025-07-20 06:26:50,43.3544235229492,-8.84785270690918,"Unknown"
"7014854",371863,2025-07-20 06:31:57,43.3490524291992,-8.85222625732422,"Unknown"
"7014854",371863,2025-07-20 06:36:55,43.3377342224121,-8.85290050506592,"Unknown"
"7014854",371863,2025-07-20 06:42:01,43.3197860717773,-8.84636306762695,"Unknown"
"7014854",371863,2025-07-20 06:47:01,43.3199081420898,-8.84629726409912,"Unknown"
"7014854",371863,2025-07-20 06:52:02,43.3199005126953,-8.84631538391113,"Unknown"
"7014854",371863,2025-07-20 06:57:03,43.3198852539062,-8.84641551971436,"Unknown"
"7014854",371863,2025-07-20 07:02:03,43.3200607299805,-8.84599590301514,"Unknown"
"7014854",371863,2025-07-20 07:07:02,43.3198890686035,-8.84603691101074,"Unknown"
"7014854",371863,2025-07-20 07:12:14,43.3195343017578,-8.84562587738037,"Unknown"
"7014854",371863,2025-07-20 07:16:53,43.3195991516113,-8.84549140930176,"Unknown"
"7014854",371863,2025-07-20 07:21:50,43.3450050354004,-8.84129047393799,"Unknown"
"7014854",371863,2025-07-20 07:27:34,43.3610725402832,-8.84542369842529,"Unknown"
"7014854",371863,2025-07-20 07:31:50,43.3600769042969,-8.84097480773926,"Unknown"
"7014854",371863,2025-07-20 07:36:53,43.3602180480957,-8.84084892272949,"Unknown"
"7014854",371863,2025-07-20 07:41:52,43.3603935241699,-8.84094715118408,"Unknown"
"7014854",371863,2025-07-20 07:47:14,43.3603134155273,-8.8408784866333,"Unknown"
"7014854",371863,2025-07-20 07:51:49,43.3603363037109,-8.8408899307251,"Unknown"
"7014854",371863,2025-07-20 07:56:49,43.3603324890137,-8.84080505371094,"Unknown"
"7014854",371863,2025-07-20 08:01:50,43.3603439331055,-8.84073925018311,"Unknown"
"7014854",371863,2025-07-20 08:06:50,43.3603096008301,-8.84086608886719,"Unknown"
"7014854",371863,2025-07-20 08:11:54,43.3602142333984,-8.84084606170654,"Unknown"
"7014854",371863,2025-07-20 08:16:52,43.3601875305176,-8.84102058410645,"Unknown"
"7014854",371863,2025-07-20 08:21:50,43.3602027893066,-8.84093952178955,"Unknown"
"7014854",371863,2025-07-20 08:26:52,43.3602294921875,-8.84090995788574,"Unknown"
"7014854",371863,2025-07-20 08:32:23,43.3602294921875,-8.84099864959717,"Unknown"
"7014854",371863,2025-07-20 08:36:49,43.3526649475098,-8.83667278289795,"Unknown"
"7014854",371863,2025-07-20 08:41:50,43.3496360778809,-8.83448886871338,"Unknown"
"7014854",371863,2025-07-20 08:46:49,43.3558158874512,-8.84303092956543,"Unknown"
"7014854",371863,2025-07-20 08:51:51,43.3603134155273,-8.84090518951416,"Unknown"
"7014854",371863,2025-07-20 08:56:49,43.3602256774902,-8.84098815917969,"Unknown"
"7014854",371863,2025-07-20 09:01:49,43.3602981567383,-8.84090709686279,"Unknown"
"7014854",371863,2025-07-20 09:06:49,43.3602485656738,-8.84091186523438,"Unknown"
"7014854",371863,2025-07-20 09:11:49,43.3603286743164,-8.84097003936768,"Unknown"
"7014854",371863,2025-07-20 09:16:49,43.3602752685547,-8.84091663360596,"Unknown"
"7014854",371863,2025-07-20 09:21:49,43.3603820800781,-8.84101009368896,"Unknown"
"7014854",371863,2025-07-20 09:26:49,43.3603172302246,-8.84090137481689,"Unknown"
"7014854",371863,2025-07-20 09:31:49,43.3603096008301,-8.84099292755127,"Unknown"
"7014854",371863,2025-07-20 09:36:51,43.3603668212891,-8.8409538269043,"Unknown"
"7014854",371863,2025-07-20 09:42:14,43.3602409362793,-8.8409309387207,"Unknown"
"7014854",371863,2025-07-20 09:46:52,43.360279083252,-8.84096431732178,"Unknown"
"7014854",371863,2025-07-20 09:51:53,43.3603324890137,-8.84103870391846,"Unknown"
"7014854",371863,2025-07-20 09:56:55,43.3602638244629,-8.84107875823975,"Unknown"
"7014854",371863,2025-07-20 10:02:01,43.3602905273438,-8.84117412567139,"Unknown"
"7014854",371863,2025-07-20 10:06:54,43.3602523803711,-8.84104919433594,"Unknown"
"7014854",371863,2025-07-20 10:11:52,43.3602409362793,-8.84101104736328,"Unknown"
"7014854",371863,2025-07-20 10:16:51,43.3602447509766,-8.84100818634033,"Unknown"
"7014854",371863,2025-07-20 10:21:49,43.3519096374512,-8.82984924316406,"Unknown"
"7014854",371863,2025-07-20 10:26:50,43.3616256713867,-8.83919525146484,"Unknown"
"7014854",371863,2025-07-20 10:31:55,43.3601684570312,-8.84090709686279,"Unknown"
"7014854",371863,2025-07-20 10:36:55,43.3601493835449,-8.84074020385742,"Unknown"
"7014854",371863,2025-07-20 10:41:57,43.3601913452148,-8.84092712402344,"Unknown"
"7014854",371863,2025-07-20 10:46:57,43.360221862793,-8.84092140197754,"Unknown"
"7014854",371863,2025-07-20 10:51:57,43.3602104187012,-8.84094047546387,"Unknown"
"7014854",371863,2025-07-20 10:56:58,43.360279083252,-8.8409481048584,"Unknown"
"7014854",371863,2025-07-20 11:02:20,43.3603401184082,-8.84093475341797,"Unknown"
"7014854",371863,2025-07-20 11:07:00,43.3601341247559,-8.84102153778076,"Unknown"
"7014854",371863,2025-07-20 11:11:50,43.3602447509766,-8.84089851379395,"Unknown"
"7014854",371863,2025-07-20 11:16:52,43.3601951599121,-8.84093475341797,"Unknown"
"7014854",371863,2025-07-20 11:21:51,43.3604583740234,-8.84098148345947,"Unknown"
"7014854",371863,2025-07-20 11:26:52,43.3604431152344,-8.84094524383545,"Unknown"
"7014854",371863,2025-07-20 11:31:51,43.3603172302246,-8.84098815917969,"Unknown"
"7014854",371863,2025-07-20 11:36:52,43.3602981567383,-8.84096813201904,"Unknown"
"7014854",371863,2025-07-20 11:42:11,43.3637199401855,-8.8325366973877,"Unknown"
"7014854",371863,2025-07-20 11:46:50,43.349552154541,-8.83413410186768,"Unknown"
"7014854",371863,2025-07-20 11:51:50,43.35498046875,-8.84409046173096,"Unknown"
"7014854",371863,2025-07-20 11:57:14,43.3553009033203,-8.84622955322266,"Unknown"
"7014854",371863,2025-07-20 12:01:52,43.3507995605469,-8.85479736328125,"Unknown"
"7014854",371863,2025-07-20 12:06:51,43.3493499755859,-8.85561943054199,"Unknown"
"7014854",371863,2025-07-20 12:11:52,43.3415222167969,-8.84371566772461,"Unknown"
"7014854",371863,2025-07-20 12:16:56,43.3422546386719,-8.84380531311035,"Unknown"
"7014854",371863,2025-07-20 12:21:54,43.3418617248535,-8.84323215484619,"Unknown"
"7014854",371863,2025-07-20 12:27:00,43.3414421081543,-8.84301853179932,"Unknown"
"7014854",371863,2025-07-20 12:32:00,43.341251373291,-8.84300231933594,"Unknown"
"7014854",371863,2025-07-20 12:37:03,43.3414840698242,-8.84302806854248,"Unknown"
"7014854",371863,2025-07-20 12:41:51,43.3608703613281,-8.84105491638184,"Unknown"
"7014854",371863,2025-07-20 12:47:14,43.360279083252,-8.84070682525635,"Unknown"
"7014854",371863,2025-07-20 12:51:55,43.3598861694336,-8.84067726135254,"Unknown"
"7014854",371863,2025-07-20 12:57:00,43.3600196838379,-8.84064769744873,"Unknown"
"7014854",371863,2025-07-20 13:01:55,43.3597679138184,-8.8405704498291,"Unknown"
"7014854",371863,2025-07-20 13:07:00,43.3601112365723,-8.84074306488037,"Unknown"
"7014854",371863,2025-07-20 13:12:00,43.359935760498,-8.84069728851318,"Unknown"
"7014854",371863,2025-07-20 13:16:53,43.360050201416,-8.84068870544434,"Unknown"
"7014854",371863,2025-07-20 13:22:14,43.3602409362793,-8.84094619750977,"Unknown"
"7014854",371863,2025-07-20 13:26:53,43.3601722717285,-8.84092617034912,"Unknown"
"7014854",371863,2025-07-20 13:32:00,43.3602256774902,-8.84090709686279,"Unknown"
"7014854",371863,2025-07-20 13:36:54,43.3601684570312,-8.84090995788574,"Unknown"
"7014854",371863,2025-07-20 13:42:00,43.360237121582,-8.84074974060059,"Unknown"
"7014854",371863,2025-07-20 13:47:23,43.3599586486816,-8.84098148345947,"Unknown"
"7014854",371863,2025-07-20 13:51:50,43.359977722168,-8.84099292755127,"Unknown"
"7014854",371863,2025-07-20 13:56:51,43.3599510192871,-8.84100818634033,"Unknown"
"7014854",371863,2025-07-20 14:01:51,43.3599166870117,-8.8409423828125,"Unknown"
"7014854",371863,2025-07-20 14:07:01,43.3600730895996,-8.84104442596436,"Unknown"
"7014854",371863,2025-07-20 14:12:03,43.3600845336914,-8.84093952178955,"Unknown"
"7014854",371863,2025-07-20 14:16:58,43.3601303100586,-8.84079170227051,"Unknown"
"7014854",371863,2025-07-20 14:21:50,43.3603401184082,-8.84121227264404,"Unknown"
"7014854",371863,2025-07-20 14:27:00,43.3602600097656,-8.84083843231201,"Unknown"
"7014854",371863,2025-07-20 14:32:14,43.3602561950684,-8.84087085723877,"Unknown"
"7014854",371863,2025-07-20 14:36:59,43.3602409362793,-8.84098815917969,"Unknown"
"7014854",371863,2025-07-20 14:42:01,43.3602066040039,-8.84094333648682,"Unknown"
"7014854",371863,2025-07-20 14:47:14,43.3601989746094,-8.84089469909668,"Unknown"
"7014854",371863,2025-07-20 14:51:51,43.3601913452148,-8.84087085723877,"Unknown"
"7014854",371863,2025-07-20 14:56:55,43.3602027893066,-8.84083938598633,"Unknown"
"7014854",371863,2025-07-20 15:01:55,43.3601760864258,-8.84079265594482,"Unknown"
"7014854",371863,2025-07-20 15:07:01,43.3601989746094,-8.84093856811523,"Unknown"
"7014854",371863,2025-07-20 15:12:01,43.3601760864258,-8.84073829650879,"Unknown"
"7014854",371863,2025-07-20 15:17:01,43.3601722717285,-8.84081268310547,"Unknown"
"7014854",371863,2025-07-20 15:22:01,43.3601226806641,-8.84087944030762,"Unknown"
"7014854",371863,2025-07-20 15:26:55,43.3602561950684,-8.8410530090332,"Unknown"
"7014854",371863,2025-07-20 15:32:16,43.3605194091797,-8.84153938293457,"Unknown"
"7014854",371863,2025-07-20 15:37:03,43.3603706359863,-8.84123992919922,"Unknown"
"7014854",371863,2025-07-20 15:42:23,43.360237121582,-8.84088802337646,"Unknown"
"7014854",371863,2025-07-20 15:46:50,43.3602561950684,-8.84104633331299,"Unknown"
"7014854",371863,2025-07-20 15:51:51,43.3603286743164,-8.8410530090332,"Unknown"
"7014854",371863,2025-07-20 15:56:50,43.3601684570312,-8.84083557128906,"Unknown"
"7014854",371863,2025-07-20 16:01:51,43.360294342041,-8.84100914001465,"Unknown"
"7014854",371863,2025-07-20 16:06:52,43.3599891662598,-8.84059047698975,"Unknown"
"7014854",371863,2025-07-20 16:11:51,43.3605194091797,-8.84134674072266,"Unknown"
"7014854",371863,2025-07-20 16:16:58,43.3602142333984,-8.84086322784424,"Unknown"
"7014854",371863,2025-07-20 16:21:54,43.3646697998047,-8.8476676940918,"Unknown"
"7014854",371863,2025-07-20 16:27:00,43.3643798828125,-8.84830379486084,"Unknown"
"7014854",371863,2025-07-20 16:33:14,43.3606986999512,-8.84412002563477,"Unknown"
"7014854",371863,2025-07-20 16:38:03,43.3604469299316,-8.84737873077393,"Unknown"
"7014854",371863,2025-07-20 16:41:51,43.3601341247559,-8.84055709838867,"Unknown"
"7014854",371863,2025-07-20 16:46:54,43.3604393005371,-8.8411922454834,"Unknown"
"7014854",371863,2025-07-20 16:51:53,43.3604125976562,-8.84101581573486,"Unknown"
"7014854",371863,2025-07-20 16:57:12,43.3603324890137,-8.84091377258301,"Unknown"
"7014854",371863,2025-07-20 17:01:52,43.3602828979492,-8.84086894989014,"Unknown"
"7014854",371863,2025-07-20 17:06:59,43.3603401184082,-8.84098529815674,"Unknown"
"7014854",371863,2025-07-20 17:11:51,43.3604736328125,-8.84082984924316,"Unknown"
"7014854",371863,2025-07-20 17:16:56,43.360424041748,-8.8409309387207,"Unknown"
"7014854",371863,2025-07-20 17:21:52,43.3604049682617,-8.84063148498535,"Unknown"
"7014854",371863,2025-07-20 17:26:53,43.3605651855469,-8.84108448028564,"Unknown"
"7014854",371863,2025-07-20 17:31:55,43.3586463928223,-8.8390941619873,"Unknown"
"7014854",371863,2025-07-20 17:36:53,43.360652923584,-8.84101581573486,"Unknown"
"7014854",371863,2025-07-20 17:41:55,43.360595703125,-8.84105205535889,"Unknown"
"7014854",371863,2025-07-20 17:47:14,43.3603324890137,-8.84086990356445,"Unknown"
"7014854",371863,2025-07-20 17:51:53,43.3603782653809,-8.84075164794922,"Unknown"
"7014854",371863,2025-07-20 17:56:54,43.3601531982422,-8.84063243865967,"Unknown"
"7014854",371863,2025-07-20 18:01:56,43.3605728149414,-8.84091758728027,"Unknown"
"7014854",371863,2025-07-20 18:06:55,43.3603668212891,-8.84060478210449,"Unknown"
"7014854",371863,2025-07-20 18:11:54,43.3600616455078,-8.84047222137451,"Unknown"
"7014854",371863,2025-07-20 18:16:54,43.3602638244629,-8.84091663360596,"Unknown"
"7014854",371863,2025-07-20 18:21:52,43.3602561950684,-8.84096431732178,"Unknown"
"7014854",371863,2025-07-20 18:26:52,43.3602981567383,-8.84103488922119,"Unknown"
"7014854",371863,2025-07-20 18:32:05,43.3602333068848,-8.8412971496582,"Unknown"
"7014854",371863,2025-07-20 18:37:14,43.3602828979492,-8.84090232849121,"Unknown"
"7014854",371863,2025-07-20 18:41:52,43.3602447509766,-8.84088516235352,"Unknown"
"7014854",371863,2025-07-20 18:46:58,43.3602409362793,-8.84111309051514,"Unknown"
"7014854",371863,2025-07-20 18:51:58,43.360164642334,-8.84104061126709,"Unknown"
"7014854",371863,2025-07-20 18:56:59,43.3606872558594,-8.84041690826416,"Unknown"
"7014854",371863,2025-07-20 19:02:02,43.3599090576172,-8.84115409851074,"Unknown"
"7014854",371863,2025-07-20 19:06:59,43.3598976135254,-8.84131908416748,"Unknown"
"7014854",371863,2025-07-20 19:11:54,43.3604431152344,-8.84074878692627,"Unknown"
"7014854",371863,2025-07-20 19:17:01,43.3605155944824,-8.84101963043213,"Unknown"
"7014854",371863,2025-07-20 19:22:00,43.3604316711426,-8.8408317565918,"Unknown"
"7014854",371863,2025-07-20 19:26:54,43.3598403930664,-8.84104061126709,"Unknown"
"7014854",371863,2025-07-20 19:32:16,43.3614082336426,-8.83934593200684,"Unknown"
"7014854",371863,2025-07-20 19:37:19,43.3600730895996,-8.84086799621582,"Unknown"
"7014854",371863,2025-07-20 19:41:52,43.3603172302246,-8.84096622467041,"Unknown"
"7014854",371863,2025-07-20 19:46:52,43.3600654602051,-8.84072780609131,"Unknown"
"7014854",371863,2025-07-20 19:51:52,43.3600158691406,-8.84057140350342,"Unknown"
"7014854",371863,2025-07-20 19:56:52,43.3602523803711,-8.8409538269043,"Unknown"
"7014854",371863,2025-07-20 20:01:53,43.359977722168,-8.84038543701172,"Unknown"
"7014854",371863,2025-07-20 20:06:54,43.360107421875,-8.84069061279297,"Unknown"
"7014854",371863,2025-07-20 20:11:53,43.3599395751953,-8.84016513824463,"Unknown"
"7014854",371863,2025-07-20 20:16:54,43.359935760498,-8.84017562866211,"Unknown"
"7014854",371863,2025-07-20 20:22:00,43.3601875305176,-8.84074687957764,"Unknown"
"7014854",371863,2025-07-20 20:26:52,43.3602561950684,-8.84105110168457,"Unknown"
"7014854",371863,2025-07-20 20:32:01,43.3603935241699,-8.84123706817627,"Unknown"
"7014854",371863,2025-07-20 20:36:52,43.3603439331055,-8.84107685089111,"Unknown"
"7014854",371863,2025-07-20 20:42:01,43.3604202270508,-8.84117984771729,"Unknown"
"7014854",371863,2025-07-20 20:47:13,43.3601837158203,-8.84108066558838,"Unknown"
"7014854",371863,2025-07-20 20:51:55,43.3606605529785,-8.84364700317383,"Unknown"
"7014854",371863,2025-07-20 20:57:01,43.3602142333984,-8.84152889251709,"Unknown"
"7014854",371863,2025-07-20 21:02:01,43.360221862793,-8.84129047393799,"Unknown"
"7014854",371863,2025-07-20 21:07:01,43.360237121582,-8.84132289886475,"Unknown"
"7014854",371863,2025-07-20 21:12:01,43.3602867126465,-8.84108829498291,"Unknown"
"7014854",371863,2025-07-20 21:17:01,43.3602638244629,-8.84110355377197,"Unknown"
"7014854",371863,2025-07-20 21:22:01,43.3602600097656,-8.84110736846924,"Unknown"
"7014854",371863,2025-07-20 21:27:15,43.3602600097656,-8.84088516235352,"Unknown"
"7014854",371863,2025-07-20 21:31:52,43.3601913452148,-8.84066009521484,"Unknown"
"7014854",371863,2025-07-20 21:36:52,43.3602294921875,-8.84055042266846,"Unknown"
"7014854",371863,2025-07-20 21:41:52,43.3601684570312,-8.84034442901611,"Unknown"
"7014854",371863,2025-07-20 21:47:15,43.3602676391602,-8.84091091156006,"Unknown"
"7014854",371863,2025-07-20 21:51:52,43.3603096008301,-8.84100341796875,"Unknown"
"7014854",371863,2025-07-20 21:57:00,43.3602600097656,-8.84103584289551,"Unknown"
"7014854",371863,2025-07-20 22:01:56,43.3602638244629,-8.84077262878418,"Unknown"
"7014854",371863,2025-07-20 22:07:14,43.3602752685547,-8.84079647064209,"Unknown"
"7014854",371863,2025-07-20 22:11:53,43.3604049682617,-8.84065341949463,"Unknown"
"7014854",371863,2025-07-20 22:16:58,43.3603096008301,-8.84099006652832,"Unknown"
"7014854",371863,2025-07-20 22:21:53,43.3603324890137,-8.84085941314697,"Unknown"
"7014854",371863,2025-07-20 22:26:52,43.3602714538574,-8.84096431732178,"Unknown"
"7014854",371863,2025-07-20 22:31:56,43.3603286743164,-8.84108066558838,"Unknown"
"7014854",371863,2025-07-20 22:36:52,43.3603096008301,-8.84152603149414,"Unknown"
"7014854",371863,2025-07-20 22:41:53,43.3602752685547,-8.84084892272949,"Unknown"
"7014854",371863,2025-07-20 22:47:15,43.3602867126465,-8.84082221984863,"Unknown"
"7014854",371863,2025-07-20 22:51:58,43.3603668212891,-8.84098243713379,"Unknown"
"7014854",371863,2025-07-20 22:56:58,43.3601531982422,-8.84059810638428,"Unknown"
"7014854",371863,2025-07-20 23:02:02,43.3600654602051,-8.84038829803467,"Unknown"
"7014854",371863,2025-07-20 23:07:00,43.3603591918945,-8.8410062789917,"Unknown"
"7014854",371863,2025-07-20 23:12:01,43.3603706359863,-8.84092807769775,"Unknown"
"7014854",371863,2025-07-20 23:17:01,43.3603515625,-8.84116077423096,"Unknown"
"7014854",371863,2025-07-20 23:22:01,43.3603096008301,-8.84112358093262,"Unknown"
"7014854",371863,2025-07-20 23:27:01,43.3603210449219,-8.84118843078613,"Unknown"
"7014854",371863,2025-07-20 23:32:23,43.3602409362793,-8.84094619750977,"Unknown"
"7014854",371863,2025-07-20 23:36:51,43.3602180480957,-8.84085464477539,"Unknown"
"7014854",371863,2025-07-20 23:41:51,43.3602027893066,-8.84084224700928,"Unknown"
"7014854",371863,2025-07-20 23:46:51,43.360221862793,-8.84083080291748,"Unknown"
"7014854",371863,2025-07-20 23:51:51,43.3601913452148,-8.84086513519287,"Unknown"
"7014854",371863,2025-07-20 23:56:51,43.3601913452148,-8.84079456329346,"Unknown"
"7014854",371863,2025-07-21 00:01:52,43.3601150512695,-8.84072494506836,"Unknown"
"7014854",371863,2025-07-21 00:07:11,43.3601570129395,-8.8406982421875,"Unknown"
"7014854",371863,2025-07-21 00:11:51,43.360221862793,-8.84092235565186,"Unknown"
"7014854",371863,2025-07-21 00:16:51,43.3602485656738,-8.84082317352295,"Unknown"
"7014854",371863,2025-07-21 00:21:51,43.3602714538574,-8.84108066558838,"Unknown"
"7014854",371863,2025-07-21 00:26:51,43.3603286743164,-8.84107780456543,"Unknown"
"7014854",371863,2025-07-21 00:31:51,43.3602905273438,-8.84116649627686,"Unknown"
"7014854",371863,2025-07-21 00:36:51,43.3602561950684,-8.84107685089111,"Unknown"
"7014854",371863,2025-07-21 00:41:51,43.3602294921875,-8.84098148345947,"Unknown"
"7014854",371863,2025-07-21 00:47:14,43.3602409362793,-8.84090995788574,"Unknown"
"7014854",371863,2025-07-21 00:51:53,43.3602256774902,-8.84089660644531,"Unknown"
"7014854",371863,2025-07-21 00:57:14,43.3602981567383,-8.84097099304199,"Unknown"
"7014854",371863,2025-07-21 01:01:52,43.3603057861328,-8.84085273742676,"Unknown"
"7014854",371863,2025-07-21 01:06:52,43.360294342041,-8.84092998504639,"Unknown"
"7014854",371863,2025-07-21 01:11:54,43.3602981567383,-8.84081172943115,"Unknown"
"7014854",371863,2025-07-21 01:16:55,43.3602485656738,-8.84083652496338,"Unknown"
"7014854",371863,2025-07-21 01:21:55,43.3603363037109,-8.84089469909668,"Unknown"
"7014854",371863,2025-07-21 01:26:54,43.3603019714355,-8.84107208251953,"Unknown"
"7014854",371863,2025-07-21 01:32:15,43.3602905273438,-8.8410530090332,"Unknown"
"7014854",371863,2025-07-21 01:36:52,43.3603935241699,-8.84086036682129,"Unknown"
"7014854",371863,2025-07-21 01:41:52,43.3600540161133,-8.84145736694336,"Unknown"
"7014854",371863,2025-07-21 01:46:52,43.3602561950684,-8.84100151062012,"Unknown"
"7014854",371863,2025-07-21 01:51:52,43.3602294921875,-8.8410530090332,"Unknown"
"7014854",371863,2025-07-21 01:56:53,43.3602905273438,-8.84092617034912,"Unknown"
"7014854",371863,2025-07-21 02:01:54,43.3603172302246,-8.84089374542236,"Unknown"
"7014854",371863,2025-07-21 02:06:54,43.3607711791992,-8.84006214141846,"Unknown"
"7014854",371863,2025-07-21 02:12:12,43.3602333068848,-8.84090709686279,"Unknown"
"7014854",371863,2025-07-21 02:16:52,43.3599815368652,-8.84169960021973,"Unknown"
"7014854",371863,2025-07-21 02:21:52,43.3601684570312,-8.84116649627686,"Unknown"
"7014854",371863,2025-07-21 02:27:01,43.3602752685547,-8.84088039398193,"Unknown"
"7014854",371863,2025-07-21 02:31:52,43.3601837158203,-8.84108066558838,"Unknown"
"7014854",371863,2025-07-21 02:36:56,43.3602752685547,-8.84094715118408,"Unknown"
"7014854",371863,2025-07-21 02:41:53,43.360164642334,-8.84138011932373,"Unknown"
"7014854",371863,2025-07-21 02:47:23,43.3602752685547,-8.84096717834473,"Unknown"
"7014854",371863,2025-07-21 02:51:51,43.3602447509766,-8.84106731414795,"Unknown"
"7014854",371863,2025-07-21 02:56:51,43.3602676391602,-8.84100723266602,"Unknown"
"7014854",371863,2025-07-21 03:01:51,43.3602828979492,-8.84099769592285,"Unknown"
"7014854",371863,2025-07-21 03:06:53,43.3601684570312,-8.84091854095459,"Unknown"
"7014854",371863,2025-07-21 03:11:53,43.360221862793,-8.84090137481689,"Unknown"
"7014854",371863,2025-07-21 03:16:52,43.3601341247559,-8.84099960327148,"Unknown"
"7014854",371863,2025-07-21 03:21:52,43.3601570129395,-8.84092903137207,"Unknown"
"7014854",371863,2025-07-21 03:27:00,43.3601837158203,-8.84070777893066,"Unknown"
"7014854",371863,2025-07-21 03:32:14,43.3700981140137,-8.82320022583008,"Unknown"
"7014854",371863,2025-07-21 03:37:02,43.3684310913086,-8.82473182678223,"Unknown"
"7014854",371863,2025-07-21 03:42:14,43.3688812255859,-8.82582950592041,"Unknown"
"7014854",371863,2025-07-21 03:46:55,43.3660621643066,-8.83279228210449,"Unknown"
"7014854",371863,2025-07-21 03:51:55,43.366039276123,-8.83310985565186,"Unknown"
"7014854",371863,2025-07-21 03:56:55,43.3665580749512,-8.83424377441406,"Unknown"
"7014854",371863,2025-07-21 04:02:00,43.3602905273438,-8.84089946746826,"Unknown"
"7014854",371863,2025-07-21 04:06:55,43.3603019714355,-8.84089088439941,"Unknown"
"7014854",371863,2025-07-21 04:12:02,43.3602714538574,-8.84096717834473,"Unknown"
"7014854",371863,2025-07-21 04:17:22,43.3602638244629,-8.84089469909668,"Unknown"
"7014854",371863,2025-07-21 04:21:54,43.3602828979492,-8.84080219268799,"Unknown"
"7014854",371863,2025-07-21 04:26:53,43.3602714538574,-8.84101867675781,"Unknown"
"7014854",371863,2025-07-21 04:31:53,43.3601760864258,-8.84093952178955,"Unknown"
"7014854",371863,2025-07-21 04:36:52,43.3686141967773,-8.83348655700684,"Unknown"
"7014854",371863,2025-07-21 04:41:53,43.3680305480957,-8.82932662963867,"Unknown"
"7014854",371863,2025-07-21 05:07:14,43.3600959777832,-8.84107398986816,"Unknown"
"7014854",371863,2025-07-21 05:11:55,43.360107421875,-8.84105777740479,"Unknown"
"7014854",371863,2025-07-21 05:16:56,43.360034942627,-8.84110069274902,"Unknown"
"7014854",371863,2025-07-21 05:21:55,43.3599739074707,-8.84115409851074,"Unknown"
"7014854",371863,2025-07-21 05:27:02,43.3603286743164,-8.8408727645874,"Unknown"
"7014854",371863,2025-07-21 05:31:52,43.359992980957,-8.84111976623535,"Unknown"
"7014854",371863,2025-07-21 05:36:59,43.3600959777832,-8.84102249145508,"Unknown"
"7014854",371863,2025-07-21 05:41:54,43.3601112365723,-8.84097576141357,"Unknown"
"7014854",371863,2025-07-21 05:47:14,43.3601608276367,-8.84097957611084,"Unknown"
"7014854",371863,2025-07-21 05:52:14,43.360294342041,-8.84098434448242,"Unknown"
"7014854",371863,2025-07-21 05:56:54,43.3604011535645,-8.84100437164307,"Unknown"
"7014854",371863,2025-07-21 06:01:54,43.3604431152344,-8.84089279174805,"Unknown"
"7014854",371863,2025-07-21 06:06:55,43.3605003356934,-8.84111881256104,"Unknown"
"7014854",371863,2025-07-21 06:11:53,43.3604202270508,-8.84096813201904,"Unknown"
"7014854",371863,2025-07-21 06:16:54,43.360725402832,-8.84142398834229,"Unknown"
"7014854",371863,2025-07-21 06:21:52,43.3604278564453,-8.84111404418945,"Unknown"
"7014854",371863,2025-07-21 06:26:54,43.3603897094727,-8.84121608734131,"Unknown"
"7014854",371863,2025-07-21 06:31:51,43.3605346679688,-8.8472785949707,"Unknown"
"7014854",371863,2025-07-21 06:36:52,43.3637542724609,-8.82402229309082,"Unknown"
"7014854",371863,2025-07-21 06:42:01,43.3587989807129,-8.83120536804199,"Unknown"
"7014854",371863,2025-07-21 06:47:23,43.3596382141113,-8.84642601013184,"Unknown"
"7014854",371863,2025-07-21 06:51:52,43.343822479248,-8.8508129119873,"Unknown"
"7014854",371863,2025-07-21 06:56:52,43.3210182189941,-8.84782123565674,"Unknown"
"7014854",371863,2025-07-21 07:01:55,43.3143997192383,-8.85727214813232,"Unknown"
"7014854",371863,2025-07-21 07:06:54,43.3144454956055,-8.85705471038818,"Unknown"
"7014854",371863,2025-07-21 07:11:55,43.3144645690918,-8.85689735412598,"Unknown"
"7014854",371863,2025-07-21 07:16:56,43.3144760131836,-8.85701370239258,"Unknown"
"7014854",371863,2025-07-21 07:21:54,43.3145332336426,-8.85702705383301,"Unknown"
"7014854",371863,2025-07-21 07:26:52,43.3144721984863,-8.85687065124512,"Unknown"
"7014854",371863,2025-07-21 07:31:55,43.3145408630371,-8.85696887969971,"Unknown"
"7014854",371863,2025-07-21 07:37:03,43.3145523071289,-8.85708808898926,"Unknown"
"7014854",371863,2025-07-21 07:41:52,43.3205604553223,-8.852219581604,"Unknown"
"7014854",371863,2025-07-21 07:46:55,43.3438758850098,-8.84140682220459,"Unknown"
"7014854",371863,2025-07-21 07:51:58,43.3439102172852,-8.84142017364502,"Unknown"
"7014854",371863,2025-07-21 07:56:52,43.3557968139648,-8.84530830383301,"Unknown"
"7014854",371863,2025-07-21 08:02:03,43.3602180480957,-8.84094429016113,"Unknown"
"7014854",371863,2025-07-21 08:07:14,43.3602523803711,-8.84104061126709,"Unknown"
"7014854",371863,2025-07-21 08:11:51,43.3603019714355,-8.84218215942383,"Unknown"
"7014854",371863,2025-07-21 08:17:29,43.3602485656738,-8.84082889556885,"Unknown"
"7014854",371863,2025-07-21 08:21:51,43.3601875305176,-8.84093189239502,"Unknown"
"7014854",371863,2025-07-21 08:27:05,43.3602981567383,-8.8409366607666,"Unknown"
"7014854",371863,2025-07-21 08:31:55,43.3603057861328,-8.84085369110107,"Unknown"
"7014854",371863,2025-07-21 08:36:56,43.360294342041,-8.84104347229004,"Unknown"
"7014854",371863,2025-07-21 08:41:55,43.3602600097656,-8.84098529815674,"Unknown"
"7014854",371863,2025-07-21 08:47:23,43.3602104187012,-8.84096336364746,"Unknown"
"7014854",371863,2025-07-21 08:51:51,43.3601341247559,-8.84103584289551,"Unknown"
"7014854",371863,2025-07-21 08:56:51,43.3601913452148,-8.84090232849121,"Unknown"
"7014854",371863,2025-07-21 09:01:51,43.3601875305176,-8.84097766876221,"Unknown"
"7014854",371863,2025-07-21 09:06:51,43.3601951599121,-8.84097194671631,"Unknown"
"7014854",371863,2025-07-21 09:11:52,43.3601684570312,-8.84100723266602,"Unknown"
"7014854",371863,2025-07-21 09:16:51,43.360279083252,-8.84100341796875,"Unknown"
"7014854",371863,2025-07-21 09:21:52,43.3602523803711,-8.84092235565186,"Unknown"
"7014854",371863,2025-07-21 09:26:54,43.3602828979492,-8.84090042114258,"Unknown"
"7014854",371863,2025-07-21 09:31:59,43.3602066040039,-8.84093475341797,"Unknown"
"7014854",371863,2025-07-21 09:36:54,43.3602905273438,-8.84097576141357,"Unknown"
"7014854",371863,2025-07-21 09:41:52,43.3602523803711,-8.84094333648682,"Unknown"
"7014854",371863,2025-07-21 09:46:53,43.3601951599121,-8.84088516235352,"Unknown"
"7014854",371863,2025-07-21 09:52:13,43.3601951599121,-8.84094905853271,"Unknown"
"7014854",371863,2025-07-21 09:56:56,43.3601341247559,-8.84091949462891,"Unknown"
"7014854",371863,2025-07-21 10:01:53,43.3601379394531,-8.84079074859619,"Unknown"
"7014854",371863,2025-07-21 10:07:01,43.3603134155273,-8.84097385406494,"Unknown"
"7014854",371863,2025-07-21 10:12:00,43.3604278564453,-8.84107494354248,"Unknown"
"7014854",371863,2025-07-21 10:16:58,43.3602333068848,-8.84097766876221,"Unknown"
"7014854",371863,2025-07-21 10:21:59,43.3602256774902,-8.84099769592285,"Unknown"
"7014854",371863,2025-07-21 10:26:58,43.3603134155273,-8.84102916717529,"Unknown"
"7014854",371863,2025-07-21 10:31:55,43.3603439331055,-8.84100532531738,"Unknown"
"7014854",371863,2025-07-21 10:37:01,43.3603401184082,-8.84105205535889,"Unknown"
"7014854",371863,2025-07-21 10:42:08,43.3603782653809,-8.84099674224854,"Unknown"
"7014854",371863,2025-07-21 10:47:14,43.3602333068848,-8.84094142913818,"Unknown"
"7014854",371863,2025-07-21 10:52:01,43.3604011535645,-8.84100818634033,"Unknown"
"7014854",371863,2025-07-21 10:56:52,43.3602638244629,-8.84086608886719,"Unknown"
"7014854",371863,2025-07-21 11:01:52,43.3602294921875,-8.84082412719727,"Unknown"
"7014854",371863,2025-07-21 11:06:59,43.3603363037109,-8.84099674224854,"Unknown"
"7014854",371863,2025-07-21 11:12:23,43.3602561950684,-8.8410062789917,"Unknown"
"7014854",371863,2025-07-21 11:16:52,43.3602600097656,-8.84095668792725,"Unknown"
"7014854",371863,2025-07-21 11:21:55,43.3602485656738,-8.84099960327148,"Unknown"
"7014854",371863,2025-07-21 11:26:58,43.3602447509766,-8.84102725982666,"Unknown"
"7014854",371863,2025-07-21 11:31:55,43.3600158691406,-8.84112453460693,"Unknown"
"7014854",371863,2025-07-21 11:36:55,43.3602714538574,-8.84112453460693,"Unknown"
"7014854",371863,2025-07-21 11:41:52,43.360237121582,-8.84102535247803,"Unknown"
"7014854",371863,2025-07-21 11:47:13,43.3868026733398,-8.84401702880859,"Unknown"
"7014854",371863,2025-07-21 11:53:15,43.3927421569824,-8.82839488983154,"Unknown"
"7014854",371863,2025-07-21 11:57:59,43.3918533325195,-8.82782459259033,"Unknown"
"7014854",371863,2025-07-21 12:01:51,43.3909454345703,-8.82499504089355,"Unknown"
"7014854",371863,2025-07-21 12:06:53,43.3723945617676,-8.83285427093506,"Unknown"
"7014854",371863,2025-07-21 12:12:00,43.3603439331055,-8.84088802337646,"Unknown"
"7014854",371863,2025-07-21 12:17:23,43.3602752685547,-8.84094429016113,"Unknown"
"7014854",371863,2025-07-21 12:21:54,43.3602638244629,-8.84102535247803,"Unknown"
"7014854",371863,2025-07-21 12:26:59,43.3602867126465,-8.84115028381348,"Unknown"
"7014854",371863,2025-07-21 12:31:55,43.3601951599121,-8.84095573425293,"Unknown"
"7014854",371863,2025-07-21 12:36:51,43.3603439331055,-8.84103965759277,"Unknown"
"7014854",371863,2025-07-21 12:41:51,43.3603019714355,-8.84095859527588,"Unknown"
"7014854",371863,2025-07-21 12:46:53,43.3602600097656,-8.84096813201904,"Unknown"
"7014854",371863,2025-07-21 12:51:52,43.360294342041,-8.84100914001465,"Unknown"
"7014854",371863,2025-07-21 12:56:56,43.3602066040039,-8.84095859527588,"Unknown"
"7014854",371863,2025-07-21 13:01:56,43.3602066040039,-8.84098243713379,"Unknown"
"7014854",371863,2025-07-21 13:06:54,43.3603134155273,-8.84098243713379,"Unknown"
"7014854",371863,2025-07-21 13:11:54,43.3603401184082,-8.84099197387695,"Unknown"
"7014854",371863,2025-07-21 13:18:15,43.3610153198242,-8.84440422058105,"Unknown"
"7014854",371863,2025-07-21 13:23:15,43.3608551025391,-8.84436798095703,"Unknown"
"7014854",371863,2025-07-21 13:28:15,43.3608016967773,-8.84436988830566,"Unknown"
"7014854",371863,2025-07-21 13:32:44,43.3608551025391,-8.84440994262695,"Unknown"
"7014854",371863,2025-07-21 13:37:00,43.3609657287598,-8.84424686431885,"Unknown"
"7014854",371863,2025-07-21 13:41:58,43.3609428405762,-8.84431076049805,"Unknown"
"7014854",371863,2025-07-21 13:46:58,43.360954284668,-8.84427356719971,"Unknown"
"7014854",371863,2025-07-21 13:51:55,43.3608779907227,-8.84404563903809,"Unknown"
"7014854",371863,2025-07-21 13:57:01,43.3606300354004,-8.84426403045654,"Unknown"
"7014854",371863,2025-07-21 14:01:56,43.3608169555664,-8.84431838989258,"Unknown"
"7014854",371863,2025-07-21 14:06:59,43.3609924316406,-8.84438228607178,"Unknown"
"7014854",371863,2025-07-21 14:12:00,43.36083984375,-8.84462642669678,"Unknown"
"7014854",371863,2025-07-21 14:16:51,43.3595809936523,-8.83971881866455,"Unknown"
"7014854",371863,2025-07-21 14:22:00,43.3603286743164,-8.84095001220703,"Unknown"
"7014854",371863,2025-07-21 14:26:54,43.3604583740234,-8.84140682220459,"Unknown"
"7014854",371863,2025-07-21 14:32:14,43.3602828979492,-8.84092903137207,"Unknown"
"7014854",371863,2025-07-21 14:36:57,43.3603019714355,-8.84097385406494,"Unknown"
"7014854",371863,2025-07-21 14:41:53,43.3601341247559,-8.84079647064209,"Unknown"
"7014854",371863,2025-07-21 14:47:00,43.3602600097656,-8.8409481048584,"Unknown"
"7014854",371863,2025-07-21 14:52:00,43.360237121582,-8.84100532531738,"Unknown"
"7014854",371863,2025-07-21 14:57:00,43.3701629638672,-8.85061073303223,"Unknown"
"7014854",371863,2025-07-21 15:02:00,43.3726921081543,-8.85154342651367,"Unknown"
"7014854",371863,2025-07-21 15:07:00,43.3613548278809,-8.844801902771,"Unknown"
"7014854",371863,2025-07-21 15:13:13,43.3611717224121,-8.84430885314941,"Unknown"
"7014854",371863,2025-07-21 15:16:54,43.3601875305176,-8.84075450897217,"Unknown"
"7014854",371863,2025-07-21 15:21:52,43.3603477478027,-8.84110355377197,"Unknown"
"7014854",371863,2025-07-21 15:26:54,43.3600654602051,-8.84047603607178,"Unknown"
"7014854",371863,2025-07-21 15:32:00,43.3602104187012,-8.84096336364746,"Unknown"
"7014854",371863,2025-07-21 15:36:58,43.360294342041,-8.8409538269043,"Unknown"
"7014854",371863,2025-07-21 15:41:57,43.3602676391602,-8.84091758728027,"Unknown"
"7014854",371863,2025-07-21 15:46:59,43.3602676391602,-8.84090423583984,"Unknown"
"7014854",371863,2025-07-21 15:51:55,43.3601989746094,-8.84089946746826,"Unknown"
"7014854",371863,2025-07-21 15:56:55,43.3602066040039,-8.84080600738525,"Unknown"
"7014854",371863,2025-07-21 16:01:59,43.3602294921875,-8.84073257446289,"Unknown"
"7014854",371863,2025-07-21 16:07:12,43.3601989746094,-8.84081840515137,"Unknown"
"7014854",371863,2025-07-21 16:11:52,43.3605117797852,-8.84096717834473,"Unknown"
"7014854",371863,2025-07-21 16:16:52,43.3603134155273,-8.84102344512939,"Unknown"
"7014854",371863,2025-07-21 16:22:00,43.3601455688477,-8.84074687957764,"Unknown"
"7014854",371863,2025-07-21 16:26:58,43.3601036071777,-8.84074687957764,"Unknown"
"7014854",371863,2025-07-21 16:31:52,43.3596992492676,-8.84004402160645,"Unknown"
"7014854",371863,2025-07-21 16:36:52,43.3603401184082,-8.84096431732178,"Unknown"
"7014854",371863,2025-07-21 16:41:54,43.3604316711426,-8.8411693572998,"Unknown"
"7014854",371863,2025-07-21 16:47:14,43.3602180480957,-8.84081268310547,"Unknown"
"7014854",371863,2025-07-21 16:51:52,43.360107421875,-8.84083557128906,"Unknown"
"7014854",371863,2025-07-21 16:56:54,43.3601913452148,-8.84070682525635,"Unknown"
"7014854",371863,2025-07-21 17:02:00,43.3602142333984,-8.84079360961914,"Unknown"
"7014854",371863,2025-07-21 17:07:01,43.3601417541504,-8.8408031463623,"Unknown"
"7014854",371863,2025-07-21 17:12:01,43.3603515625,-8.8408374786377,"Unknown"
"7014854",371863,2025-07-21 17:17:00,43.3602333068848,-8.8408727645874,"Unknown"
"7014854",371863,2025-07-21 17:22:00,43.360237121582,-8.84081363677979,"Unknown"
"7014854",371863,2025-07-21 17:26:57,43.3600616455078,-8.84068393707275,"Unknown"
"7014854",371863,2025-07-21 17:33:15,43.3516731262207,-8.85357666015625,"Unknown"
"7014854",371863,2025-07-21 17:38:05,43.3534355163574,-8.85867118835449,"Unknown"
"7014854",371863,2025-07-21 17:42:12,43.3596229553223,-8.84718704223633,"Unknown"
"7014854",371863,2025-07-21 17:46:54,43.3596076965332,-8.84725189208984,"Unknown"
"7014854",371863,2025-07-21 17:51:52,43.3595657348633,-8.84692859649658,"Unknown"
"7014854",371863,2025-07-21 17:56:55,43.3596687316895,-8.84712028503418,"Unknown"
"7014854",371863,2025-07-21 18:02:02,43.3596992492676,-8.84714698791504,"Unknown"
"7014854",371863,2025-07-21 18:06:53,43.3600234985352,-8.84654998779297,"Unknown"
"7014854",371863,2025-07-21 18:11:52,43.3602561950684,-8.84089374542236,"Unknown"
"7014854",371863,2025-07-21 18:16:57,43.3601760864258,-8.84081840515137,"Unknown"
"7014854",371863,2025-07-21 18:21:57,43.3601608276367,-8.84089660644531,"Unknown"
"7014854",371863,2025-07-21 18:27:00,43.3601608276367,-8.8408670425415,"Unknown"
"7014854",371863,2025-07-21 18:32:07,43.3601570129395,-8.84093189239502,"Unknown"
"7014854",371863,2025-07-21 18:37:02,43.360294342041,-8.84107685089111,"Unknown"
"7014854",371863,2025-07-21 18:42:06,43.360179901123,-8.84092617034912,"Unknown"
"7014854",371863,2025-07-21 18:47:01,43.3601455688477,-8.84099197387695,"Unknown"
"7014854",371863,2025-07-21 18:52:14,43.3601455688477,-8.84088611602783,"Unknown"
"7014854",371863,2025-07-21 18:56:52,43.3600692749023,-8.84067058563232,"Unknown"
"7014854",371863,2025-07-21 19:01:52,43.3601455688477,-8.84083652496338,"Unknown"
"7014854",371863,2025-07-21 19:06:53,43.3602256774902,-8.8409538269043,"Unknown"
"7014854",371863,2025-07-21 19:11:53,43.3601417541504,-8.84086036682129,"Unknown"
"7014854",371863,2025-07-21 19:16:53,43.3602180480957,-8.8410816192627,"Unknown"
"7014854",371863,2025-07-21 19:22:14,43.3602256774902,-8.84116363525391,"Unknown"
"7014854",371863,2025-07-21 19:26:52,43.3599472045898,-8.8407154083252,"Unknown"
"7014854",371863,2025-07-21 19:32:00,43.3602676391602,-8.84112071990967,"Unknown"
"7014854",371863,2025-07-21 19:36:54,43.3601112365723,-8.84091758728027,"Unknown"
"7014854",371863,2025-07-21 19:41:58,43.360034942627,-8.84144496917725,"Unknown"
"7014854",371863,2025-07-21 19:47:14,43.3601913452148,-8.8414134979248,"Unknown"
"7014854",371863,2025-07-21 19:52:11,43.3601226806641,-8.8412971496582,"Unknown"
"7014854",371863,2025-07-21 19:56:55,43.3600654602051,-8.8409595489502,"Unknown"
"7014854",371863,2025-07-21 20:01:54,43.3602867126465,-8.84165382385254,"Unknown"
"7014854",371863,2025-07-21 20:07:00,43.3600807189941,-8.84137058258057,"Unknown"
"7014854",371863,2025-07-21 20:12:00,43.3604278564453,-8.84098339080811,"Unknown"
"7014854",371863,2025-07-21 20:17:00,43.3602714538574,-8.8410530090332,"Unknown"
"7014854",371863,2025-07-21 20:22:00,43.3604125976562,-8.84098052978516,"Unknown"
"7014854",371863,2025-07-21 20:27:22,43.3604011535645,-8.84114933013916,"Unknown"
"7014854",371863,2025-07-21 20:31:52,43.3602409362793,-8.84193420410156,"Unknown"
"7014854",371863,2025-07-21 20:37:10,43.3602447509766,-8.84090423583984,"Unknown"
"7014854",371863,2025-07-21 20:41:53,43.3601379394531,-8.84073352813721,"Unknown"
"7014854",371863,2025-07-21 20:47:00,43.3602333068848,-8.8407621383667,"Unknown"
"7014854",371863,2025-07-21 20:52:01,43.3628921508789,-8.79506397247314,"Unknown"
"7014854",371863,2025-07-21 20:56:54,43.3629570007324,-8.75607299804688,"Unknown"
"7014854",371863,2025-07-21 21:02:23,43.3612213134766,-8.76440334320068,"Unknown"
"7014854",371863,2025-07-21 21:06:52,43.347713470459,-8.77690982818604,"Unknown"
"7014854",371863,2025-07-21 21:11:52,43.3381195068359,-8.78429508209229,"Unknown"
"7014854",371863,2025-07-21 21:16:54,43.336353302002,-8.80325508117676,"Unknown"
"7014854",371863,2025-07-21 21:22:00,43.348690032959,-8.8257884979248,"Unknown"
"7014854",371863,2025-07-21 21:26:52,43.358814239502,-8.83642101287842,"Unknown"
"7014854",371863,2025-07-21 21:31:53,43.360221862793,-8.84082126617432,"Unknown"
"7014854",371863,2025-07-21 21:36:59,43.3601150512695,-8.84089088439941,"Unknown"
"7014854",371863,2025-07-21 21:42:00,43.3601341247559,-8.84084606170654,"Unknown"
"7014854",371863,2025-07-21 21:47:01,43.3600692749023,-8.84090709686279,"Unknown"
"7014854",371863,2025-07-21 21:51:59,43.3603057861328,-8.8407096862793,"Unknown"
"7014854",371863,2025-07-21 21:57:01,43.3604850769043,-8.84069347381592,"Unknown"
"7014854",371863,2025-07-21 22:02:06,43.3604698181152,-8.84056091308594,"Unknown"
"7014854",371863,2025-07-21 22:07:04,43.3604698181152,-8.8406400680542,"Unknown"
"7014854",371863,2025-07-21 22:12:04,43.3603515625,-8.84086132049561,"Unknown"
"7014854",371863,2025-07-21 22:17:00,43.3604202270508,-8.84076404571533,"Unknown"
"7014854",371863,2025-07-21 22:22:04,43.3603820800781,-8.84081745147705,"Unknown"
"7014854",371863,2025-07-21 22:27:04,43.3603706359863,-8.84078407287598,"Unknown"
"7014854",371863,2025-07-21 22:32:04,43.3603324890137,-8.84084415435791,"Unknown"
"7014854",371863,2025-07-21 22:37:04,43.3603286743164,-8.8408784866333,"Unknown"
"7014854",371863,2025-07-21 22:42:00,43.3603401184082,-8.84089660644531,"Unknown"
"7014854",371863,2025-07-21 22:47:04,43.3603057861328,-8.84099578857422,"Unknown"
"7014854",371863,2025-07-21 22:52:04,43.3603935241699,-8.84084987640381,"Unknown"
"7014854",371863,2025-07-21 22:57:04,43.3603248596191,-8.84084320068359,"Unknown"
"7014854",371863,2025-07-21 23:02:04,43.3603019714355,-8.84084129333496,"Unknown"
"7014854",371863,2025-07-21 23:07:05,43.3602142333984,-8.84081935882568,"Unknown"
"7014854",371863,2025-07-21 23:12:15,43.360221862793,-8.84091854095459,"Unknown"
"7014854",371863,2025-07-21 23:16:52,43.360279083252,-8.84096240997314,"Unknown"
"7014854",371863,2025-07-21 23:21:52,43.3602638244629,-8.84104919433594,"Unknown"
"7014854",371863,2025-07-21 23:26:52,43.3604316711426,-8.84099769592285,"Unknown"
"7014854",371863,2025-07-21 23:31:52,43.3602638244629,-8.84099102020264,"Unknown"
"7014854",371863,2025-07-21 23:36:52,43.3603248596191,-8.84105777740479,"Unknown"
"7014854",371863,2025-07-21 23:41:54,43.3602142333984,-8.84099960327148,"Unknown"
"7014854",371863,2025-07-21 23:47:15,43.3602981567383,-8.84095764160156,"Unknown"
"7014854",371863,2025-07-21 23:52:15,43.3602867126465,-8.840989112854,"Unknown"
"7014854",371863,2025-07-21 23:57:00,43.3603401184082,-8.84080791473389,"Unknown"
"7014854",371863,2025-07-22 00:02:22,43.3601760864258,-8.84084415435791,"Unknown"
"7014854",371863,2025-07-22 00:06:53,43.3603935241699,-8.8408899307251,"Unknown"
"7014854",371863,2025-07-22 00:11:55,43.360279083252,-8.84088230133057,"Unknown"
"7014854",371863,2025-07-22 00:16:51,43.360294342041,-8.84094524383545,"Unknown"
"7014854",371863,2025-07-22 00:21:52,43.360237121582,-8.84093761444092,"Unknown"
"7014854",371863,2025-07-22 00:26:53,43.360279083252,-8.84092712402344,"Unknown"
"7014854",371863,2025-07-22 00:31:52,43.3602905273438,-8.84093189239502,"Unknown"
"7014854",371863,2025-07-22 00:36:52,43.3603439331055,-8.84091949462891,"Unknown"
"7014854",371863,2025-07-22 00:41:53,43.3602981567383,-8.84092903137207,"Unknown"
"7014854",371863,2025-07-22 00:47:02,43.3603248596191,-8.84091091156006,"Unknown"
"7014854",371863,2025-07-22 00:52:03,43.3603286743164,-8.84095478057861,"Unknown"
"7014854",371863,2025-07-22 00:57:05,43.3602638244629,-8.8408784866333,"Unknown"
"7014854",371863,2025-07-22 01:02:15,43.3603286743164,-8.84096717834473,"Unknown"
"7014854",371863,2025-07-22 01:06:55,43.3603515625,-8.84098434448242,"Unknown"
"7014854",371863,2025-07-22 01:12:14,43.3602523803711,-8.84084796905518,"Unknown"
"7014854",371863,2025-07-22 01:16:51,43.3601379394531,-8.84059429168701,"Unknown"
"7014854",371863,2025-07-22 01:21:51,43.3602523803711,-8.8408842086792,"Unknown"
"7014854",371863,2025-07-22 01:26:52,43.3602104187012,-8.84082889556885,"Unknown"
"7014854",371863,2025-07-22 01:31:51,43.3601837158203,-8.84081268310547,"Unknown"
"7014854",371863,2025-07-22 01:36:52,43.3603706359863,-8.84092330932617,"Unknown"
"7014854",371863,2025-07-22 01:41:57,43.3603363037109,-8.84094619750977,"Unknown"
"7014854",371863,2025-07-22 01:47:15,43.3603096008301,-8.84079933166504,"Unknown"
"7014854",371863,2025-07-22 01:51:51,43.3603019714355,-8.84071636199951,"Unknown"
"7014854",371863,2025-07-22 01:56:51,43.3602409362793,-8.84083461761475,"Unknown"
"7014854",371863,2025-07-22 02:01:51,43.3602409362793,-8.84073734283447,"Unknown"
"7014854",371863,2025-07-22 02:06:51,43.3602294921875,-8.84064388275146,"Unknown"
"7014854",371863,2025-07-22 02:11:51,43.3602066040039,-8.84066486358643,"Unknown"
"7014854",371863,2025-07-22 02:16:53,43.3602714538574,-8.8407678604126,"Unknown"
"7014854",371863,2025-07-22 02:22:23,43.3602333068848,-8.84092998504639,"Unknown"
"7014854",371863,2025-07-22 02:26:51,43.3601379394531,-8.84102821350098,"Unknown"
"7014854",371863,2025-07-22 02:31:51,43.3603096008301,-8.84099006652832,"Unknown"
"7014854",371863,2025-07-22 02:36:53,43.3601989746094,-8.84097099304199,"Unknown"
"7014854",371863,2025-07-22 02:41:55,43.3601760864258,-8.84097385406494,"Unknown"
"7014854",371863,2025-07-22 02:46:53,43.3603210449219,-8.84125709533691,"Unknown"
"7014854",371863,2025-07-22 02:51:53,43.3602333068848,-8.84088802337646,"Unknown"
"7014854",371863,2025-07-22 02:56:54,43.3601684570312,-8.84077930450439,"Unknown"
"7014854",371863,2025-07-22 03:01:53,43.3602981567383,-8.84118556976318,"Unknown"
"7014854",371863,2025-07-22 03:06:59,43.360237121582,-8.84098625183105,"Unknown"
"7014854",371863,2025-07-22 03:11:59,43.3602180480957,-8.84100341796875,"Unknown"
"7014854",371863,2025-07-22 03:16:59,43.3602256774902,-8.84095287322998,"Unknown"
"7014854",371863,2025-07-22 03:21:57,43.3602142333984,-8.84096431732178,"Unknown"
"7014854",371863,2025-07-22 03:26:55,43.3602333068848,-8.84099102020264,"Unknown"
"7014854",371863,2025-07-22 03:31:54,43.3601531982422,-8.84088897705078,"Unknown"
"7014854",371863,2025-07-22 03:36:53,43.3602638244629,-8.84095478057861,"Unknown"
"7014854",371863,2025-07-22 03:42:00,43.3602485656738,-8.84089660644531,"Unknown"
"7014854",371863,2025-07-22 03:46:57,43.3602256774902,-8.84090137481689,"Unknown"
"7014854",371863,2025-07-22 03:52:09,43.3602104187012,-8.84089946746826,"Unknown"
"7014854",371863,2025-07-22 03:57:19,43.3602104187012,-8.84085750579834,"Unknown"
"7014854",371863,2025-07-22 04:02:00,43.3602066040039,-8.84089374542236,"Unknown"
"7014854",371863,2025-07-22 04:06:58,43.3602867126465,-8.8409366607666,"Unknown"
"7014854",371863,2025-07-22 04:11:59,43.3602066040039,-8.84097194671631,"Unknown"
"7014854",371863,2025-07-22 04:16:53,43.3685722351074,-8.82949829101562,"Unknown"
"7014854",371863,2025-07-22 04:21:53,43.3604698181152,-8.84646034240723,"Unknown"
"7014854",371863,2025-07-22 04:27:06,43.3611869812012,-8.84329414367676,"Unknown"
"7014854",371863,2025-07-22 04:32:26,43.3601036071777,-8.84076404571533,"Unknown"
"7014854",371863,2025-07-22 04:36:55,43.3601684570312,-8.84072589874268,"Unknown"
"7014854",371863,2025-07-22 04:41:52,43.3689384460449,-8.85499286651611,"Unknown"
"7014854",371863,2025-07-22 04:46:57,43.3721885681152,-8.86641883850098,"Unknown"
"7014854",371863,2025-07-22 04:51:52,43.3738899230957,-8.86267280578613,"Unknown"
"7014854",371863,2025-07-22 04:56:53,43.3732452392578,-8.85095024108887,"Unknown"
"7014854",371863,2025-07-22 05:01:56,43.3688201904297,-8.85527229309082,"Unknown"
"7014854",371863,2025-07-22 05:07:00,43.3599014282227,-8.84913539886475,"Unknown"
"7014854",371863,2025-07-22 05:12:00,43.3608245849609,-8.84847068786621,"Unknown"
"7014854",371863,2025-07-22 05:16:53,43.3603096008301,-8.84214401245117,"Unknown"
"7014854",371863,2025-07-22 05:21:53,43.3605499267578,-8.84068870544434,"Unknown"
"7014854",371863,2025-07-22 05:26:55,43.3603668212891,-8.84102058410645,"Unknown"
"7014854",371863,2025-07-22 05:31:53,43.3605346679688,-8.84072780609131,"Unknown"
"7014854",371863,2025-07-22 05:36:58,43.3606643676758,-8.84064865112305,"Unknown"
"7014854",371863,2025-07-22 05:41:53,43.3606834411621,-8.84064769744873,"Unknown"
"7014854",371863,2025-07-22 05:46:53,43.3604011535645,-8.84078311920166,"Unknown"
"7014854",371863,2025-07-22 05:51:58,43.3606224060059,-8.84072494506836,"Unknown"
"7014854",371863,2025-07-22 05:56:52,43.3604431152344,-8.84082126617432,"Unknown"
"7014854",371863,2025-07-22 06:01:53,43.3604965209961,-8.8407621383667,"Unknown"
"7014854",371863,2025-07-22 06:06:53,43.3605155944824,-8.84068965911865,"Unknown"
"7014854",371863,2025-07-22 06:11:55,43.3605270385742,-8.84090805053711,"Unknown"
"7014854",371863,2025-07-22 06:16:53,43.3604049682617,-8.84064865112305,"Unknown"
"7014854",371863,2025-07-22 06:21:52,43.3604049682617,-8.84084892272949,"Unknown"
"7014854",371863,2025-07-22 06:26:53,43.3605308532715,-8.84069061279297,"Unknown"
"7014854",371863,2025-07-22 06:31:53,43.3600807189941,-8.84116458892822,"Unknown"
"7014854",371863,2025-07-22 06:36:53,43.3589897155762,-8.83822154998779,"Unknown"
"7014854",371863,2025-07-22 06:41:52,43.3532028198242,-8.81730079650879,"Unknown"
"7014854",371863,2025-07-22 06:46:52,43.3330192565918,-8.80285549163818,"Unknown"
"7014854",371863,2025-07-22 06:51:52,43.318042755127,-8.7799129486084,"Unknown"
"7014854",371863,2025-07-22 06:56:52,43.3056602478027,-8.75915050506592,"Unknown"
"7014854",371863,2025-07-22 07:01:52,43.2934265136719,-8.74629402160645,"Unknown"
"7014854",371863,2025-07-22 07:06:55,43.2934761047363,-8.74629974365234,"Unknown"
"7014854",371863,2025-07-22 07:11:52,43.2932357788086,-8.74527359008789,"Unknown"
"7014854",371863,2025-07-22 07:16:58,43.2937088012695,-8.74533176422119,"Unknown"
"7014854",371863,2025-07-22 07:21:54,43.293529510498,-8.74464988708496,"Unknown"
"7014854",371863,2025-07-22 07:26:53,43.2940635681152,-8.74551868438721,"Unknown"
"7014854",371863,2025-07-22 07:31:52,43.2941131591797,-8.74556636810303,"Unknown"
"7014854",371863,2025-07-22 07:36:52,43.2941513061523,-8.74564933776855,"Unknown"
"7014854",371863,2025-07-22 07:41:53,43.2938690185547,-8.74540519714355,"Unknown"
"7014854",371863,2025-07-22 07:46:52,43.2939071655273,-8.74499130249023,"Unknown"
"7014854",371863,2025-07-22 07:51:52,43.2939643859863,-8.74499702453613,"Unknown"
"7014854",371863,2025-07-22 07:56:52,43.294059753418,-8.74468421936035,"Unknown"
"7014854",371863,2025-07-22 08:01:52,43.2930450439453,-8.74524116516113,"Unknown"
"7014854",371863,2025-07-22 08:07:08,43.2934303283691,-8.74523258209229,"Unknown"
"7014854",371863,2025-07-22 08:11:52,43.2935485839844,-8.74520397186279,"Unknown"
"7014854",371863,2025-07-22 08:16:55,43.29345703125,-8.74522590637207,"Unknown"
"7014854",371863,2025-07-22 08:21:53,43.2935218811035,-8.74520397186279,"Unknown"
"7014854",371863,2025-07-22 08:27:37,43.2938232421875,-8.74516773223877,"Unknown"
"7014854",371863,2025-07-22 08:32:36,43.2934799194336,-8.74504089355469,"Unknown"
"7014854",371863,2025-07-22 08:37:36,43.293830871582,-8.74485301971436,"Unknown"
"7014854",371863,2025-07-22 08:42:36,43.2937507629395,-8.74456977844238,"Unknown"
"7014854",371863,2025-07-22 08:47:36,43.2938461303711,-8.744797706604,"Unknown"
"7014854",371863,2025-07-22 08:52:29,43.2934150695801,-8.74460887908936,"Unknown"
"7014854",371863,2025-07-22 08:57:39,43.2935600280762,-8.74457168579102,"Unknown"
"7014854",371863,2025-07-22 09:02:36,43.2938385009766,-8.74457550048828,"Unknown"
"7014854",371863,2025-07-22 09:07:33,43.2912712097168,-8.74368476867676,"Unknown"
"7014854",371863,2025-07-22 09:12:31,43.2936248779297,-8.74481678009033,"Unknown"
"7014854",371863,2025-07-22 09:17:36,43.2936820983887,-8.74476432800293,"Unknown"
"7014854",371863,2025-07-22 09:22:30,43.2938842773438,-8.74444770812988,"Unknown"
"7014854",371863,2025-07-22 09:27:42,43.2954025268555,-8.74477481842041,"Unknown"
"7014854",371863,2025-07-22 09:32:31,43.2954597473145,-8.74483108520508,"Unknown"
"7014854",371863,2025-07-22 09:37:38,43.2949028015137,-8.74484062194824,"Unknown"
"7014854",371863,2025-07-22 09:42:35,43.2948417663574,-8.74492931365967,"Unknown"
"7014854",371863,2025-07-22 09:47:34,43.2946128845215,-8.74488735198975,"Unknown"
"7014854",371863,2025-07-22 09:52:30,43.2949142456055,-8.74526023864746,"Unknown"
"7014854",371863,2025-07-22 09:57:31,43.2948379516602,-8.74609565734863,"Unknown"
"7014854",371863,2025-07-22 10:02:34,43.2943267822266,-8.74637889862061,"Unknown"
"7014854",371863,2025-07-22 10:07:36,43.2941246032715,-8.74624538421631,"Unknown"
"7014854",371863,2025-07-22 10:12:36,43.2932891845703,-8.74520015716553,"Unknown"
"7014854",371863,2025-07-22 10:17:29,43.2937774658203,-8.74582481384277,"Unknown"
"7014854",371863,2025-07-22 10:22:30,43.293514251709,-8.74542903900146,"Unknown"
"7014854",371863,2025-07-22 10:27:30,43.2937889099121,-8.74786567687988,"Unknown"
"7014854",371863,2025-07-22 10:32:33,43.293888092041,-8.74775409698486,"Unknown"
"7014854",371863,2025-07-22 10:37:30,43.2937393188477,-8.74792194366455,"Unknown"
"7014854",371863,2025-07-22 10:42:29,43.2937545776367,-8.74795436859131,"Unknown"
"7014854",371863,2025-07-22 10:47:43,43.2938423156738,-8.74821090698242,"Unknown"
"7014854",371863,2025-07-22 10:52:31,43.2938270568848,-8.74790191650391,"Unknown"
"7014854",371863,2025-07-22 10:57:29,43.2937927246094,-8.747878074646,"Unknown"
"7014854",371863,2025-07-22 11:02:31,43.2937850952148,-8.74766826629639,"Unknown"
"7014854",371863,2025-07-22 11:07:30,43.2938575744629,-8.7478666305542,"Unknown"
"7014854",371863,2025-07-22 11:12:30,43.2972984313965,-8.75246524810791,"Unknown"
"7014854",371863,2025-07-22 11:17:29,43.3050994873047,-8.77516269683838,"Unknown"
"7014854",371863,2025-07-22 11:22:29,43.3164253234863,-8.79795169830322,"Unknown"
"7014854",371863,2025-07-22 11:27:30,43.3226432800293,-8.80404472351074,"Unknown"
"7014854",371863,2025-07-22 11:32:30,43.3228378295898,-8.80419445037842,"Unknown"
"7014854",371863,2025-07-22 11:37:30,43.3227958679199,-8.80422019958496,"Unknown"
"7014854",371863,2025-07-22 11:42:30,43.3241119384766,-8.81045818328857,"Unknown"
"7014854",371863,2025-07-22 11:47:30,43.3383026123047,-8.82516288757324,"Unknown"
"7014854",371863,2025-07-22 11:52:29,43.3536224365234,-8.83265781402588,"Unknown"
"7014854",371863,2025-07-22 11:57:30,43.3600997924805,-8.84100914001465,"Unknown"
"7014854",371863,2025-07-22 12:02:31,43.3600692749023,-8.84110927581787,"Unknown"
"7014854",371863,2025-07-22 12:07:30,43.3597984313965,-8.84115314483643,"Unknown"
"7014854",371863,2025-07-22 12:12:44,43.360294342041,-8.84104156494141,"Unknown"
"7014854",371863,2025-07-22 12:17:29,43.3865966796875,-8.83896827697754,"Unknown"
"7014854",371863,2025-07-22 12:22:29,43.392578125,-8.85225868225098,"Unknown"
"7014854",371863,2025-07-22 12:27:29,43.405460357666,-8.86977672576904,"Unknown"
"7014854",371863,2025-07-22 12:32:29,43.4259643554688,-8.88976097106934,"Unknown"
"7014854",371863,2025-07-22 12:37:29,43.4465980529785,-8.90796375274658,"Unknown"
"7014854",371863,2025-07-22 12:42:29,43.475902557373,-8.92106628417969,"Unknown"
"7014854",371863,2025-07-22 12:47:29,43.5018005371094,-8.92760181427002,"Unknown"
"7014854",371863,2025-07-22 12:52:33,43.517162322998,-8.92894172668457,"Unknown"
"7014854",371863,2025-07-22 12:57:30,43.5200958251953,-8.92425537109375,"Unknown"
"7014854",371863,2025-07-22 13:02:30,43.522647857666,-8.91877555847168,"Unknown"
"7014854",371863,2025-07-22 13:07:30,43.5241889953613,-8.91575050354004,"Unknown"
"7014854",371863,2025-07-22 13:12:30,43.526927947998,-8.90751361846924,"Unknown"
"7014854",371863,2025-07-22 13:17:30,43.5290603637695,-8.90177440643311,"Unknown"
"7014854",371863,2025-07-22 13:22:33,43.5315780639648,-8.89611721038818,"Unknown"
"7014854",371863,2025-07-22 13:27:31,43.5328521728516,-8.89385890960693,"Unknown"
"7014854",371863,2025-07-22 13:32:31,43.5337371826172,-8.89395713806152,"Unknown"
"7014854",371863,2025-07-22 13:37:29,43.5312042236328,-8.90007019042969,"Unknown"
"7014854",371863,2025-07-22 13:42:34,43.5308609008789,-8.89995288848877,"Unknown"
"7014854",371863,2025-07-22 13:47:31,43.5311660766602,-8.89983654022217,"Unknown"
"7014854",371863,2025-07-22 13:52:29,43.5308494567871,-8.8967924118042,"Unknown"
"7014854",371863,2025-07-22 13:57:32,43.5306968688965,-8.89555072784424,"Unknown"
"7014854",371863,2025-07-22 14:02:31,43.5318984985352,-8.89244842529297,"Unknown"
"7014854",371863,2025-07-22 14:07:33,43.5245018005371,-8.89372825622559,"Unknown"
"7014854",371863,2025-07-22 14:12:30,43.5198516845703,-8.89912891387939,"Unknown"
"7014854",371863,2025-07-22 14:17:30,43.5126075744629,-8.90572261810303,"Unknown"
"7014854",371863,2025-07-22 14:22:30,43.5081481933594,-8.90901374816895,"Unknown"
"7014854",371863,2025-07-22 14:27:30,43.503776550293,-8.91199588775635,"Unknown"
"7014854",371863,2025-07-22 14:32:33,43.5004425048828,-8.91650104522705,"Unknown"
"7014854",371863,2025-07-22 14:37:30,43.4976768493652,-8.92153549194336,"Unknown"
"7014854",371863,2025-07-22 14:42:30,43.4950637817383,-8.92623805999756,"Unknown"
"7014854",371863,2025-07-22 14:47:34,43.4924392700195,-8.93160724639893,"Unknown"
"7014854",371863,2025-07-22 14:52:30,43.4896278381348,-8.93648910522461,"Unknown"
"7014854",371863,2025-07-22 14:57:30,43.4872360229492,-8.94179248809814,"Unknown"
"7014854",371863,2025-07-22 15:02:30,43.484432220459,-8.94676208496094,"Unknown"
"7014854",371863,2025-07-22 15:07:30,43.4818687438965,-8.95183658599854,"Unknown"
"7014854",371863,2025-07-22 15:12:31,43.4795188903809,-8.95702457427979,"Unknown"
"7014854",371863,2025-07-22 15:17:30,43.4770202636719,-8.96223831176758,"Unknown"
"7014854",371863,2025-07-22 15:22:30,43.4744110107422,-8.96770858764648,"Unknown"
"7014854",371863,2025-07-22 15:27:31,43.4718284606934,-8.97307586669922,"Unknown"
"7014854",371863,2025-07-22 15:32:30,43.4694404602051,-8.97808456420898,"Unknown"
"7014854",371863,2025-07-22 15:37:29,43.4671325683594,-8.98280334472656,"Unknown"
"7014854",371863,2025-07-22 15:42:29,43.4646453857422,-8.98801136016846,"Unknown"
"7014854",371863,2025-07-22 15:47:29,43.4618148803711,-8.99343109130859,"Unknown"
"7014854",371863,2025-07-22 15:52:29,43.4594306945801,-8.99868297576904,"Unknown"
"7014854",371863,2025-07-22 15:57:31,43.4570083618164,-9.00395393371582,"Unknown"
"7014854",371863,2025-07-22 16:02:30,43.4558143615723,-9.01003551483154,"Unknown"
"7014854",371863,2025-07-22 16:07:30,43.4547157287598,-9.01593589782715,"Unknown"
"7014854",371863,2025-07-22 16:12:30,43.4530487060547,-9.02123069763184,"Unknown"
"7014854",371863,2025-07-22 16:17:29,43.4261627197266,-8.98619842529297,"Unknown"
"7014854",371863,2025-07-22 16:22:34,43.3990859985352,-8.94783210754395,"Unknown"
"7014854",371863,2025-07-22 16:27:30,43.3770217895508,-8.90002059936523,"Unknown"
"7014854",371863,2025-07-22 16:32:29,43.3609161376953,-8.84808921813965,"Unknown"
"7014854",371863,2025-07-22 16:37:33,43.3601303100586,-8.84090328216553,"Unknown"
"7014854",371863,2025-07-22 16:42:29,43.3611907958984,-8.84109878540039,"Unknown"
"7014854",371863,2025-07-22 16:47:30,43.3603134155273,-8.84053134918213,"Unknown"
"7014854",371863,2025-07-22 16:52:30,43.3607368469238,-8.84122943878174,"Unknown"
"7014854",371863,2025-07-22 16:57:29,43.3606910705566,-8.84125137329102,"Unknown"
"7014854",371863,2025-07-22 17:02:29,43.3606986999512,-8.84125995635986,"Unknown"
"7014854",371863,2025-07-22 17:07:29,43.3607368469238,-8.84127712249756,"Unknown"
"7014854",371863,2025-07-22 17:12:29,43.3606948852539,-8.84122753143311,"Unknown"
"7014854",371863,2025-07-22 17:17:29,43.3606719970703,-8.84125518798828,"Unknown"
"7014854",371863,2025-07-22 17:22:30,43.3609504699707,-8.84115791320801,"Unknown"
"7014854",371863,2025-07-22 17:27:30,43.3604507446289,-8.84142780303955,"Unknown"
"7014854",371863,2025-07-22 17:32:31,43.3605880737305,-8.84130764007568,"Unknown"
"7014854",371863,2025-07-22 17:37:30,43.3606491088867,-8.84127998352051,"Unknown"
"7014854",371863,2025-07-22 17:42:30,43.3607559204102,-8.84109306335449,"Unknown"
"7014854",371863,2025-07-22 17:47:29,43.3605804443359,-8.84133529663086,"Unknown"
"7014854",371863,2025-07-22 17:52:29,43.3606338500977,-8.84113693237305,"Unknown"
"7014854",371863,2025-07-22 17:57:30,43.3605651855469,-8.84136009216309,"Unknown"
"7014854",371863,2025-07-22 18:02:29,43.3606796264648,-8.84113693237305,"Unknown"
"7014854",371863,2025-07-22 18:07:29,43.3607597351074,-8.84104156494141,"Unknown"
"7014854",371863,2025-07-22 18:12:29,43.3604927062988,-8.84101486206055,"Unknown"
"7014854",371863,2025-07-22 18:17:30,43.3606986999512,-8.84116554260254,"Unknown"
"7014854",371863,2025-07-22 18:22:30,43.3605003356934,-8.84098815917969,"Unknown"
"7014854",371863,2025-07-22 18:27:30,43.3606338500977,-8.84112930297852,"Unknown"
"7014854",371863,2025-07-22 18:32:31,43.3606185913086,-8.841064453125,"Unknown"
"7014854",371863,2025-07-22 18:37:30,43.360725402832,-8.84102344512939,"Unknown"
"7014854",371863,2025-07-22 18:42:31,43.3605880737305,-8.84108638763428,"Unknown"
"7014854",371863,2025-07-22 18:47:29,43.3605918884277,-8.84104347229004,"Unknown"
"7014854",371863,2025-07-22 18:52:29,43.3605995178223,-8.84113311767578,"Unknown"
"7014854",371863,2025-07-22 18:57:29,43.3606033325195,-8.84113121032715,"Unknown"
"7014854",371863,2025-07-22 19:02:34,43.3600692749023,-8.84110355377197,"Unknown"
"7014854",371863,2025-07-22 19:07:32,43.3608474731445,-8.84132671356201,"Unknown"
"7014854",371863,2025-07-22 19:12:30,43.3608207702637,-8.84149551391602,"Unknown"
"7014854",371863,2025-07-22 19:17:34,43.360652923584,-8.84094619750977,"Unknown"
"7014854",371863,2025-07-22 19:22:34,43.3606910705566,-8.84085083007812,"Unknown"
"7014854",371863,2025-07-22 19:27:32,43.36083984375,-8.84120464324951,"Unknown"
"7014854",371863,2025-07-22 19:32:29,43.3609046936035,-8.84113311767578,"Unknown"
"7014854",371863,2025-07-22 19:37:31,43.3610229492188,-8.84109878540039,"Unknown"
"7014854",371863,2025-07-22 19:42:33,43.3608665466309,-8.84106063842773,"Unknown"
"7014854",371863,2025-07-22 19:47:30,43.3608741760254,-8.84108543395996,"Unknown"
"7014854",371863,2025-07-22 19:52:29,43.3610534667969,-8.84108543395996,"Unknown"
"7014854",371863,2025-07-22 19:57:33,43.3616600036621,-8.84156894683838,"Unknown"
"7014854",371863,2025-07-22 20:02:31,43.3604850769043,-8.84132099151611,"Unknown"
"7014854",371863,2025-07-22 20:07:29,43.3607711791992,-8.84101867675781,"Unknown"
"7014854",371863,2025-07-22 20:12:30,43.3606719970703,-8.84122371673584,"Unknown"
"7014854",371863,2025-07-22 20:17:32,43.3592109680176,-8.84063625335693,"Unknown"
"7014854",371863,2025-07-22 20:22:29,43.3607749938965,-8.84132099151611,"Unknown"
"7014854",371863,2025-07-22 20:27:29,43.3607025146484,-8.84123516082764,"Unknown"
"7014854",371863,2025-07-22 20:32:29,43.3602752685547,-8.84094524383545,"Unknown"
"7014854",371863,2025-07-22 20:37:29,43.3605537414551,-8.84122848510742,"Unknown"
"7014854",371863,2025-07-22 20:42:29,43.3603096008301,-8.84105777740479,"Unknown"
"7014854",371863,2025-07-22 20:47:30,43.3626899719238,-8.83784294128418,"Unknown"
"7014854",371863,2025-07-22 20:52:30,43.3605918884277,-8.84140682220459,"Unknown"
"7014854",371863,2025-07-22 20:57:30,43.360107421875,-8.84087657928467,"Unknown"
"7014854",371863,2025-07-22 21:02:29,43.3605804443359,-8.84138107299805,"Unknown"
"7014854",371863,2025-07-22 21:07:30,43.3605270385742,-8.84127807617188,"Unknown"
"7014854",371863,2025-07-22 21:12:29,43.3606567382812,-8.84150505065918,"Unknown"
"7014854",371863,2025-07-22 21:17:29,43.3605995178223,-8.84152221679688,"Unknown"
"7014854",371863,2025-07-22 21:22:30,43.3606033325195,-8.84156131744385,"Unknown"
"7014854",371863,2025-07-22 21:27:29,43.3598556518555,-8.840500831604,"Unknown"
"7014854",371863,2025-07-22 21:32:29,43.3599510192871,-8.84080791473389,"Unknown"
"7014854",371863,2025-07-22 21:37:29,43.359920501709,-8.84085273742676,"Unknown"
"7014854",371863,2025-07-22 21:42:32,43.3595848083496,-8.8407678604126,"Unknown"
"7014854",371863,2025-07-22 21:47:29,43.3601531982422,-8.84074020385742,"Unknown"
"7014854",371863,2025-07-22 21:52:29,43.3600730895996,-8.84070301055908,"Unknown"
"7014854",371863,2025-07-22 21:57:29,43.3600540161133,-8.84068298339844,"Unknown"
"7014854",371863,2025-07-22 22:02:45,43.3599090576172,-8.84138011932373,"Unknown"
"7014854",371863,2025-07-22 22:07:29,43.3598098754883,-8.84116363525391,"Unknown"
"7014854",371863,2025-07-22 22:12:29,43.3598136901855,-8.84109592437744,"Unknown"
"7014854",371863,2025-07-22 22:17:29,43.3600769042969,-8.84116649627686,"Unknown"
"7014854",371863,2025-07-22 22:22:29,43.3599281311035,-8.84114551544189,"Unknown"
"7014854",371863,2025-07-22 22:27:29,43.3597106933594,-8.84076118469238,"Unknown"
"7014854",371863,2025-07-22 22:32:29,43.3600540161133,-8.8409423828125,"Unknown"
"7014854",371863,2025-07-22 22:37:36,43.3600807189941,-8.8409538269043,"Unknown"
"7014854",371863,2025-07-22 22:42:29,43.360221862793,-8.84121131896973,"Unknown"
"7014854",371863,2025-07-22 22:47:29,43.3601150512695,-8.84105491638184,"Unknown"
"7014854",371863,2025-07-22 22:52:29,43.3600387573242,-8.84119129180908,"Unknown"
"7014854",371863,2025-07-22 22:57:29,43.359977722168,-8.84122180938721,"Unknown"
"7014854",371863,2025-07-22 23:02:29,43.3599586486816,-8.84107208251953,"Unknown"
"7014854",371863,2025-07-22 23:07:29,43.3599281311035,-8.84117126464844,"Unknown"
"7014854",371863,2025-07-22 23:12:29,43.3600769042969,-8.84091854095459,"Unknown"
"7014854",371863,2025-07-22 23:17:29,43.3600845336914,-8.84087944030762,"Unknown"
"7014854",371863,2025-07-22 23:22:29,43.3601608276367,-8.84085178375244,"Unknown"
"7014854",371863,2025-07-22 23:27:29,43.3601531982422,-8.84087657928467,"Unknown"
"7014854",371863,2025-07-22 23:32:29,43.3602561950684,-8.84061908721924,"Unknown"
"7014854",371863,2025-07-22 23:37:29,43.3603057861328,-8.84065055847168,"Unknown"
"7014854",371863,2025-07-22 23:42:29,43.360221862793,-8.8406810760498,"Unknown"
"7014854",371863,2025-07-22 23:47:29,43.3602676391602,-8.84071350097656,"Unknown"
"7014854",371863,2025-07-22 23:52:29,43.3602256774902,-8.84071063995361,"Unknown"
"7014854",371863,2025-07-22 23:57:29,43.3601455688477,-8.84087657928467,"Unknown"
"7014854",371863,2025-07-23 00:02:30,43.3600196838379,-8.84086132049561,"Unknown"
"7014854",371863,2025-07-23 00:07:29,43.3599700927734,-8.84085464477539,"Unknown"
"7014854",371863,2025-07-23 00:12:29,43.3599586486816,-8.84083843231201,"Unknown"
"7014854",371863,2025-07-23 00:17:29,43.3599586486816,-8.84080505371094,"Unknown"
"7014854",371863,2025-07-23 00:22:29,43.3599395751953,-8.84079456329346,"Unknown"
"7014854",371863,2025-07-23 00:27:29,43.3599662780762,-8.84080791473389,"Unknown"
"7014854",371863,2025-07-23 00:32:29,43.3599700927734,-8.84078025817871,"Unknown"
"7014854",371863,2025-07-23 00:37:29,43.359920501709,-8.84075355529785,"Unknown"
"7014854",371863,2025-07-23 00:42:29,43.3599319458008,-8.84079170227051,"Unknown"
"7014854",371863,2025-07-23 00:47:29,43.3599433898926,-8.84078788757324,"Unknown"
"7014854",371863,2025-07-23 00:52:29,43.3598709106445,-8.84074401855469,"Unknown"
"7014854",371863,2025-07-23 00:57:33,43.3597640991211,-8.84053039550781,"Unknown"
"7014854",371863,2025-07-23 01:02:33,43.3596038818359,-8.84042358398438,"Unknown"
"7014854",371863,2025-07-23 01:07:34,43.3596305847168,-8.84038162231445,"Unknown"
"7014854",371863,2025-07-23 01:12:33,43.3658142089844,-8.83607769012451,"Unknown"
"7014854",371863,2025-07-23 01:17:32,43.3631286621094,-8.82356357574463,"Unknown"
"7014854",371863,2025-07-23 01:22:33,43.3633308410645,-8.82375812530518,"Unknown"
"7014854",371863,2025-07-23 01:27:29,43.3550720214844,-8.82781410217285,"Unknown"
"7014854",371863,2025-07-23 01:32:33,43.3574371337891,-8.83093547821045,"Unknown"
"7014854",371863,2025-07-23 01:37:39,43.3598670959473,-8.83301639556885,"Unknown"
"7014854",371863,2025-07-23 01:42:53,43.3610382080078,-8.83397102355957,"Unknown"
"7014854",371863,2025-07-23 01:47:36,43.3614387512207,-8.83423328399658,"Unknown"
"7014854",371863,2025-07-23 01:52:34,43.3587760925293,-8.83242130279541,"Unknown"
"7014854",371863,2025-07-23 01:57:44,43.3592491149902,-8.83269596099854,"Unknown"
"7014854",371863,2025-07-23 02:02:36,43.3586006164551,-8.83178043365479,"Unknown"
"7014854",371863,2025-07-23 02:07:30,43.3585052490234,-8.83230972290039,"Unknown"
"7014854",371863,2025-07-23 02:12:39,43.3584442138672,-8.83185195922852,"Unknown"
"7014854",371863,2025-07-23 02:17:36,43.3583984375,-8.83178997039795,"Unknown"
"7014854",371863,2025-07-23 02:22:36,43.3583946228027,-8.83181190490723,"Unknown"
"7014854",371863,2025-07-23 02:27:38,43.3583374023438,-8.83184051513672,"Unknown"
"7014854",371863,2025-07-23 02:32:31,43.3583450317383,-8.83193016052246,"Unknown"
"7014854",371863,2025-07-23 02:37:35,43.3583831787109,-8.83203506469727,"Unknown"
"7014854",371863,2025-07-23 02:42:38,43.3582725524902,-8.8318567276001,"Unknown"
"7014854",371863,2025-07-23 02:47:40,43.3583641052246,-8.83199119567871,"Unknown"
"7014854",371863,2025-07-23 02:52:36,43.3583869934082,-8.83202934265137,"Unknown"
"7014854",371863,2025-07-23 02:57:36,43.3583641052246,-8.83203125,"Unknown"
"7014854",371863,2025-07-23 03:02:36,43.3583679199219,-8.8320426940918,"Unknown"
"7014854",371863,2025-07-23 03:07:37,43.3583793640137,-8.83201789855957,"Unknown"
"7014854",371863,2025-07-23 03:12:49,43.3583106994629,-8.83187198638916,"Unknown"
"7014854",371863,2025-07-23 03:17:33,43.3583946228027,-8.83207416534424,"Unknown"
"7014854",371863,2025-07-23 03:22:35,43.3585090637207,-8.83211517333984,"Unknown"
"7014854",371863,2025-07-23 03:27:35,43.358512878418,-8.83212852478027,"Unknown"
"7014854",371863,2025-07-23 03:32:35,43.3585586547852,-8.83213233947754,"Unknown"
"7014854",371863,2025-07-23 03:37:34,43.3585433959961,-8.83212757110596,"Unknown"
"7014854",371863,2025-07-23 03:42:33,43.3586578369141,-8.83199596405029,"Unknown"
"7014854",371863,2025-07-23 03:47:35,43.3587493896484,-8.83186149597168,"Unknown"
"7014854",371863,2025-07-23 03:52:31,43.3585815429688,-8.83218860626221,"Unknown"
"7014854",371863,2025-07-23 03:57:39,43.3586044311523,-8.83230495452881,"Unknown"
"7014854",371863,2025-07-23 04:02:30,43.3586349487305,-8.83230018615723,"Unknown"
"7014854",371863,2025-07-23 04:07:30,43.3591651916504,-8.83336544036865,"Unknown"
"7014854",371863,2025-07-23 04:12:30,43.3591957092285,-8.83346843719482,"Unknown"
"7014854",371863,2025-07-23 04:17:30,43.3586769104004,-8.8325080871582,"Unknown"
"7014854",371863,2025-07-23 04:22:33,43.3590126037598,-8.83274459838867,"Unknown"
"7014854",371863,2025-07-23 04:27:37,43.359546661377,-8.83388519287109,"Unknown"
"7014854",371863,2025-07-23 04:32:34,43.359058380127,-8.83264827728271,"Unknown"
"7014854",371863,2025-07-23 04:37:31,43.3597297668457,-8.83154392242432,"Unknown"
"7014854",371863,2025-07-23 04:42:29,43.3679618835449,-8.83451080322266,"Unknown"
"7014854",371863,2025-07-23 04:47:29,43.3713226318359,-8.83508205413818,"Unknown"
"7014854",371863,2025-07-23 04:53:29,43.3690147399902,-8.8309268951416,"Unknown"
"7014854",371863,2025-07-23 04:57:29,43.3647079467773,-8.83500957489014,"Unknown"
"7014854",371863,2025-07-23 05:02:42,43.3607368469238,-8.84419059753418,"Unknown"
"7014854",371863,2025-07-23 05:07:39,43.3606071472168,-8.84418106079102,"Unknown"
"7014854",371863,2025-07-23 05:12:30,43.360408782959,-8.84125423431396,"Unknown"
"7014854",371863,2025-07-23 05:17:29,43.3603897094727,-8.84088706970215,"Unknown"
"7014854",371863,2025-07-23 05:22:29,43.3608818054199,-8.840989112854,"Unknown"
"7014854",371863,2025-07-23 05:27:44,43.3603591918945,-8.84124851226807,"Unknown"
"7014854",371863,2025-07-23 05:32:29,43.3603439331055,-8.8413143157959,"Unknown"
"7014854",371863,2025-07-23 05:37:29,43.362476348877,-8.84065055847168,"Unknown"
"7014854",371863,2025-07-23 05:42:29,43.3630218505859,-8.82505798339844,"Unknown"
"7014854",371863,2025-07-23 05:47:29,43.3626136779785,-8.82846164703369,"Unknown"
"7014854",371863,2025-07-23 05:52:30,43.3544273376465,-8.83176231384277,"Unknown"
"7014854",371863,2025-07-23 05:57:34,43.3544654846191,-8.83204174041748,"Unknown"
"7014854",371863,2025-07-23 06:02:34,43.3544120788574,-8.83155250549316,"Unknown"
"7014854",371863,2025-07-23 06:07:56,43.3543510437012,-8.83159351348877,"Unknown"
"7014854",371863,2025-07-23 06:13:05,43.3545227050781,-8.83216381072998,"Unknown"
"7014854",371863,2025-07-23 06:17:28,43.3544692993164,-8.83237266540527,"Unknown"
"7014854",371863,2025-07-23 06:22:29,43.3543548583984,-8.83217144012451,"Unknown"
"7014854",371863,2025-07-23 06:27:28,43.3543586730957,-8.83218479156494,"Unknown"
"7014854",371863,2025-07-23 06:32:30,43.3543930053711,-8.83232688903809,"Unknown"
"7014854",371863,2025-07-23 06:37:30,43.3543891906738,-8.83212947845459,"Unknown"
"7014854",371863,2025-07-23 06:42:29,43.3593330383301,-8.83600234985352,"Unknown"
"7014854",371863,2025-07-23 06:47:28,43.3598670959473,-8.84055137634277,"Unknown"
"7014854",371863,2025-07-23 06:52:29,43.3601760864258,-8.84079647064209,"Unknown"
"7014854",371863,2025-07-23 06:57:29,43.3601608276367,-8.84078979492188,"Unknown"
"7014854",371863,2025-07-23 07:02:29,43.3602981567383,-8.84088611602783,"Unknown"
"7014854",371863,2025-07-23 07:07:32,43.3604316711426,-8.84103584289551,"Unknown"
"7014854",371863,2025-07-23 07:12:30,43.3603935241699,-8.84095764160156,"Unknown"
"7014854",371863,2025-07-23 07:17:30,43.3604583740234,-8.84076881408691,"Unknown"
"7014854",371863,2025-07-23 07:22:31,43.3603973388672,-8.84095573425293,"Unknown"
"7014854",371863,2025-07-23 07:27:30,43.3605003356934,-8.84078502655029,"Unknown"
"7014854",371863,2025-07-23 07:32:29,43.3606071472168,-8.84082412719727,"Unknown"
"7014854",371863,2025-07-23 07:37:32,43.3602600097656,-8.84120082855225,"Unknown"
"7014854",371863,2025-07-23 07:42:29,43.3606071472168,-8.84101676940918,"Unknown"
"7014854",371863,2025-07-23 07:47:29,43.3612976074219,-8.84078407287598,"Unknown"
"7014854",371863,2025-07-23 07:52:30,43.3613128662109,-8.84087467193604,"Unknown"
"7014854",371863,2025-07-23 07:57:30,43.3610229492188,-8.84099960327148,"Unknown"
"7014854",371863,2025-07-23 08:02:34,43.3602104187012,-8.8413143157959,"Unknown"
"7014854",371863,2025-07-23 08:07:30,43.3604850769043,-8.84106063842773,"Unknown"
"7014854",371863,2025-07-23 08:12:36,43.3603858947754,-8.84109592437744,"Unknown"
"7014854",371863,2025-07-23 08:17:30,43.3601112365723,-8.84111881256104,"Unknown"
"7014854",371863,2025-07-23 08:22:36,43.360466003418,-8.84061145782471,"Unknown"
"7014854",371863,2025-07-23 08:27:36,43.360408782959,-8.84062385559082,"Unknown"
"7014854",371863,2025-07-23 08:32:37,43.3604049682617,-8.84072494506836,"Unknown"
"7014854",371863,2025-07-23 08:37:34,43.3604164123535,-8.84064674377441,"Unknown"
"7014854",371863,2025-07-23 08:42:35,43.360408782959,-8.84054565429688,"Unknown"
"7014854",371863,2025-07-23 08:47:33,43.3603973388672,-8.84026050567627,"Unknown"
"7014854",371863,2025-07-23 08:53:05,43.3603858947754,-8.84083843231201,"Unknown"
"7014854",371863,2025-07-23 08:57:29,43.3602638244629,-8.84066009521484,"Unknown"
"7014854",371863,2025-07-23 09:02:29,43.3603248596191,-8.84113597869873,"Unknown"
"7014854",371863,2025-07-23 09:07:29,43.3603439331055,-8.84077548980713,"Unknown"
"7014854",371863,2025-07-23 09:12:29,43.3601951599121,-8.84066581726074,"Unknown"
"7014854",371863,2025-07-23 09:17:29,43.3604774475098,-8.84074592590332,"Unknown"
"7014854",371863,2025-07-23 09:22:29,43.3604164123535,-8.84072303771973,"Unknown"
"7014854",371863,2025-07-23 09:27:30,43.3603057861328,-8.84091281890869,"Unknown"
"7014854",371863,2025-07-23 09:32:30,43.3605003356934,-8.84086132049561,"Unknown"
"7014854",371863,2025-07-23 09:37:30,43.3604202270508,-8.84089469909668,"Unknown"
"7014854",371863,2025-07-23 09:42:32,43.3606033325195,-8.84101009368896,"Unknown"
"7014854",371863,2025-07-23 09:47:30,43.3606605529785,-8.84069347381592,"Unknown"
"7014854",371863,2025-07-23 09:52:30,43.3605766296387,-8.84085464477539,"Unknown"
"7014854",371863,2025-07-23 09:57:30,43.360595703125,-8.84115886688232,"Unknown"
"7014854",371863,2025-07-23 10:02:30,43.3603897094727,-8.84091758728027,"Unknown"
"7014854",371863,2025-07-23 10:07:30,43.3606948852539,-8.8408374786377,"Unknown"
"7014854",371863,2025-07-23 10:12:29,43.3606643676758,-8.84081554412842,"Unknown"
"7014854",371863,2025-07-23 10:17:31,43.3609619140625,-8.84044551849365,"Unknown"
"7014854",371863,2025-07-23 10:22:31,43.3609428405762,-8.84054470062256,"Unknown"
"7014854",371863,2025-07-23 10:27:34,43.3610076904297,-8.840500831604,"Unknown"
"7014854",371863,2025-07-23 10:32:30,43.3608322143555,-8.84117794036865,"Unknown"
"7014854",371863,2025-07-23 10:37:33,43.3606452941895,-8.84080791473389,"Unknown"
"7014854",371863,2025-07-23 10:42:33,43.3606910705566,-8.84076976776123,"Unknown"
"7014854",371863,2025-07-23 10:47:30,43.3600463867188,-8.84097480773926,"Unknown"
"7014854",371863,2025-07-23 10:52:31,43.3602447509766,-8.84103488922119,"Unknown"
"7014854",371863,2025-07-23 10:57:30,43.3600730895996,-8.84099292755127,"Unknown"
"7014854",371863,2025-07-23 11:02:30,43.3599967956543,-8.84096240997314,"Unknown"
"7014854",371863,2025-07-23 11:07:29,43.3600425720215,-8.84098815917969,"Unknown"
"7014854",371863,2025-07-23 11:12:32,43.360466003418,-8.84098148345947,"Unknown"
"7014854",371863,2025-07-23 11:17:29,43.363224029541,-8.85210514068604,"Unknown"
"7014854",371863,2025-07-23 11:22:36,43.3622283935547,-8.84859657287598,"Unknown"
"7014854",371863,2025-07-23 11:27:31,43.3618087768555,-8.84887981414795,"Unknown"
"7014854",371863,2025-07-23 11:32:34,43.362476348877,-8.84863185882568,"Unknown"
"7014854",371863,2025-07-23 11:37:31,43.3620529174805,-8.8488245010376,"Unknown"
"7014854",371863,2025-07-23 11:42:30,43.3689270019531,-8.85257053375244,"Unknown"
"7014854",371863,2025-07-23 11:47:30,43.3689384460449,-8.8495044708252,"Unknown"
"7014854",371863,2025-07-23 11:52:33,43.3675498962402,-8.84704494476318,"Unknown"
"7014854",371863,2025-07-23 11:57:58,43.360912322998,-8.84427928924561,"Unknown"
"7014854",371863,2025-07-23 12:02:51,43.360424041748,-8.84433841705322,"Unknown"
"7014854",371863,2025-07-23 12:07:44,43.3611907958984,-8.84399604797363,"Unknown"
"7014854",371863,2025-07-23 12:12:34,43.3612442016602,-8.84435081481934,"Unknown"
"7014854",371863,2025-07-23 12:17:34,43.3611145019531,-8.84421157836914,"Unknown"
"7014854",371863,2025-07-23 12:22:30,43.361198425293,-8.84365367889404,"Unknown"
"7014854",371863,2025-07-23 12:28:03,43.3611946105957,-8.84390068054199,"Unknown"
"7014854",371863,2025-07-23 12:32:33,43.3610725402832,-8.84403324127197,"Unknown"
"7014854",371863,2025-07-23 12:37:30,43.3611717224121,-8.84388256072998,"Unknown"
"7014854",371863,2025-07-23 12:42:29,43.3606224060059,-8.84138298034668,"Unknown"
"7014854",371863,2025-07-23 12:47:28,43.3601341247559,-8.84110450744629,"Unknown"
"7014854",371863,2025-07-23 12:52:30,43.3601951599121,-8.84069347381592,"Unknown"
"7014854",371863,2025-07-23 12:57:29,43.3611106872559,-8.83953475952148,"Unknown"
"7014854",371863,2025-07-23 13:02:29,43.3612213134766,-8.83950328826904,"Unknown"
"7014854",371863,2025-07-23 13:07:29,43.3604850769043,-8.84093856811523,"Unknown"
"7014854",371863,2025-07-23 13:12:29,43.3604278564453,-8.84099674224854,"Unknown"
"7014854",371863,2025-07-23 13:17:29,43.360408782959,-8.84108066558838,"Unknown"
"7014854",371863,2025-07-23 13:22:30,43.3604125976562,-8.84109306335449,"Unknown"
"7014854",371863,2025-07-23 13:27:30,43.3604202270508,-8.84113121032715,"Unknown"
"7014854",371863,2025-07-23 13:32:29,43.3604278564453,-8.84110450744629,"Unknown"
"7014854",371863,2025-07-23 13:37:31,43.3604698181152,-8.84090900421143,"Unknown"
"7014854",371863,2025-07-23 13:42:29,43.3606605529785,-8.84079456329346,"Unknown"
"7014854",371863,2025-07-23 13:47:30,43.3605499267578,-8.84099578857422,"Unknown"
"7014854",371863,2025-07-23 13:52:29,43.3687553405762,-8.84717655181885,"Unknown"
"7014854",371863,2025-07-23 13:57:29,43.3779335021973,-8.86248588562012,"Unknown"
"7014854",371863,2025-07-23 14:02:29,43.390983581543,-8.84704113006592,"Unknown"
"7014854",371863,2025-07-23 14:07:29,43.3888664245605,-8.81393814086914,"Unknown"
"7014854",371863,2025-07-23 14:12:29,43.4000244140625,-8.79413032531738,"Unknown"
"7014854",371863,2025-07-23 14:17:29,43.4141731262207,-8.81174373626709,"Unknown"
"7014854",371863,2025-07-23 14:22:29,43.4265594482422,-8.83011627197266,"Unknown"
"7014854",371863,2025-07-23 14:27:29,43.4430503845215,-8.84486198425293,"Unknown"
"7014854",371863,2025-07-23 14:32:29,43.4198226928711,-8.85593700408936,"Unknown"
"7014854",371863,2025-07-23 14:37:29,43.3827056884766,-8.85614204406738,"Unknown"
"7014854",371863,2025-07-23 14:42:29,43.3600273132324,-8.84703540802002,"Unknown"
"7014854",371863,2025-07-23 14:47:30,43.3605804443359,-8.84147930145264,"Unknown"
"7014854",371863,2025-07-23 14:52:32,43.3604316711426,-8.84122562408447,"Unknown"
"7014854",371863,2025-07-23 14:57:33,43.3602561950684,-8.84097766876221,"Unknown"
"7014854",371863,2025-07-23 15:02:29,43.3463859558105,-8.84908962249756,"Unknown"
"7014854",371863,2025-07-23 15:07:29,43.3243865966797,-8.88716506958008,"Unknown"
"7014854",371863,2025-07-23 15:12:29,43.3088684082031,-8.93199634552002,"Unknown"
"7014854",371863,2025-07-23 15:17:36,43.2906455993652,-8.94951915740967,"Unknown"
"7014854",371863,2025-07-23 15:22:29,43.2727890014648,-8.98282527923584,"Unknown"
"7014854",371863,2025-07-23 15:27:29,43.2442588806152,-8.98578262329102,"Unknown"
"7014854",371863,2025-07-23 15:32:29,43.216194152832,-9.023024559021,"Unknown"
"7014854",371863,2025-07-23 15:37:29,43.1942443847656,-9.03997802734375,"Unknown"
"7014854",371863,2025-07-23 15:42:29,43.1947135925293,-9.03973293304443,"Unknown"
"7014854",371863,2025-07-23 15:47:31,43.1942329406738,-9.04056167602539,"Unknown"
"7014854",371863,2025-07-23 15:52:34,43.1942672729492,-9.04012203216553,"Unknown"
"7014854",371863,2025-07-23 15:57:31,43.1915855407715,-9.04555606842041,"Unknown"
"7014854",371863,2025-07-23 16:03:05,43.1903953552246,-9.04706764221191,"Unknown"
"7014854",371863,2025-07-23 16:07:29,43.1903648376465,-9.04727268218994,"Unknown"
"7014854",371863,2025-07-23 16:12:28,43.1905975341797,-9.04727649688721,"Unknown"
"7014854",371863,2025-07-23 16:17:29,43.1906127929688,-9.04731464385986,"Unknown"
"7014854",371863,2025-07-23 16:22:29,43.1906700134277,-9.04734992980957,"Unknown"
"7014854",371863,2025-07-23 16:27:29,43.1905632019043,-9.04728126525879,"Unknown"
"7014854",371863,2025-07-23 16:32:30,43.1904983520508,-9.04722881317139,"Unknown"
"7014854",371863,2025-07-23 16:37:31,43.1904449462891,-9.04709148406982,"Unknown"
"7014854",371863,2025-07-23 16:42:30,43.1903877258301,-9.04719924926758,"Unknown"
"7014854",371863,2025-07-23 16:47:30,43.1906471252441,-9.04735565185547,"Unknown"
"7014854",371863,2025-07-23 16:52:31,43.1905899047852,-9.04724407196045,"Unknown"
"7014854",371863,2025-07-23 16:57:29,43.1810111999512,-9.08261013031006,"Unknown"
"7014854",371863,2025-07-23 17:02:31,43.1865272521973,-9.11717891693115,"Unknown"
"7014854",371863,2025-07-23 17:07:29,43.1848487854004,-9.16477966308594,"Unknown"
"7014854",371863,2025-07-23 17:12:29,43.1606597900391,-9.21172142028809,"Unknown"
"7014854",371863,2025-07-23 17:17:29,43.1604843139648,-9.2482213973999,"Unknown"
"7014854",371863,2025-07-23 17:22:29,43.154109954834,-9.25012588500977,"Unknown"
"7014854",371863,2025-07-23 17:27:29,43.140796661377,-9.27564430236816,"Unknown"
"7014854",371863,2025-07-23 17:32:29,43.119068145752,-9.25560855865479,"Unknown"
"7014854",371863,2025-07-23 17:37:33,43.0914611816406,-9.25597381591797,"Unknown"
"7014854",371863,2025-07-23 17:42:30,43.0915451049805,-9.25602722167969,"Unknown"
"7014854",371863,2025-07-23 17:47:30,43.0913276672363,-9.25633144378662,"Unknown"
"7014854",371863,2025-07-23 17:52:30,43.0912132263184,-9.2566385269165,"Unknown"
"7014854",371863,2025-07-23 17:57:33,43.09130859375,-9.25625419616699,"Unknown"
"7014854",371863,2025-07-23 18:02:31,43.0913505554199,-9.25632190704346,"Unknown"
"7014854",371863,2025-07-23 18:07:35,43.0913696289062,-9.25689601898193,"Unknown"
"7014854",371863,2025-07-23 18:12:37,43.0913887023926,-9.25671577453613,"Unknown"
"7014854",371863,2025-07-23 18:17:37,43.0913276672363,-9.25611305236816,"Unknown"
"7014854",371863,2025-07-23 18:22:40,43.0914001464844,-9.2557373046875,"Unknown"
"7014854",371863,2025-07-23 18:27:44,43.0912704467773,-9.25594425201416,"Unknown"
"7014854",371863,2025-07-23 18:32:29,43.0907669067383,-9.25256156921387,"Unknown"
"7014854",371863,2025-07-23 18:37:36,43.0912895202637,-9.25601482391357,"Unknown"
"7014854",371863,2025-07-23 18:42:31,43.0912437438965,-9.25592231750488,"Unknown"
"7014854",371863,2025-07-23 18:47:32,43.0913162231445,-9.25604152679443,"Unknown"
"7014854",371863,2025-07-23 18:52:30,43.091236114502,-9.25590133666992,"Unknown"
"7014854",371863,2025-07-23 18:57:41,43.0916023254395,-9.2564172744751,"Unknown"
"7014854",371863,2025-07-23 19:02:31,43.0911521911621,-9.25557899475098,"Unknown"
"7014854",371863,2025-07-23 19:07:35,43.0912437438965,-9.25599002838135,"Unknown"
"7014854",371863,2025-07-23 19:12:30,43.0911674499512,-9.25582504272461,"Unknown"
"7014854",371863,2025-07-23 19:17:32,43.0913772583008,-9.25628852844238,"Unknown"
"7014854",371863,2025-07-23 19:22:33,43.0910911560059,-9.25550842285156,"Unknown"
"7014854",371863,2025-07-23 19:27:40,43.0913505554199,-9.25554847717285,"Unknown"
"7014854",371863,2025-07-23 19:32:37,43.0918197631836,-9.25556755065918,"Unknown"
"7014854",371863,2025-07-23 19:37:36,43.0913581848145,-9.25556182861328,"Unknown"
"7014854",371863,2025-07-23 19:42:31,43.091609954834,-9.25480651855469,"Unknown"
"7014854",371863,2025-07-23 19:47:31,43.0913696289062,-9.254958152771,"Unknown"
"7014854",371863,2025-07-23 19:52:32,43.0918045043945,-9.25476264953613,"Unknown"
"7014854",371863,2025-07-23 19:57:35,43.0918235778809,-9.25488471984863,"Unknown"
"7014854",371863,2025-07-23 20:02:29,43.0919342041016,-9.25539970397949,"Unknown"
"7014854",371863,2025-07-23 20:07:43,43.0917587280273,-9.25613880157471,"Unknown"
"7014854",371863,2025-07-23 20:12:38,43.0918617248535,-9.25561046600342,"Unknown"
"7014854",371863,2025-07-23 20:17:34,43.0917472839355,-9.25580024719238,"Unknown"
"7014854",371863,2025-07-23 20:22:31,43.0921440124512,-9.25500679016113,"Unknown"
"7014854",371863,2025-07-23 20:27:33,43.0919342041016,-9.25532817840576,"Unknown"
"7014854",371863,2025-07-23 20:32:40,43.0918960571289,-9.25582122802734,"Unknown"
"7014854",371863,2025-07-23 20:37:29,43.0898399353027,-9.25734519958496,"Unknown"
"7014854",371863,2025-07-23 20:42:29,43.0473937988281,-9.30443286895752,"Unknown"
"7014854",371863,2025-07-23 20:47:29,43.0082206726074,-9.29596996307373,"Unknown"
"7014854",371863,2025-07-23 20:52:29,42.9728889465332,-9.28767395019531,"Unknown"
"7014854",371863,2025-07-23 20:57:30,42.9719200134277,-9.28810882568359,"Unknown"
"7014854",371863,2025-07-23 21:02:29,42.9475975036621,-9.28998947143555,"Unknown"
"7014854",371863,2025-07-23 21:07:29,42.9172172546387,-9.29469108581543,"Unknown"
"7014854",371863,2025-07-23 21:12:30,42.9080467224121,-9.26656246185303,"Unknown"
"7014854",371863,2025-07-23 21:17:29,42.9151573181152,-9.25970458984375,"Unknown"
"7014854",371863,2025-07-23 21:22:33,42.9045944213867,-9.26376819610596,"Unknown"
"7014854",371863,2025-07-23 21:27:51,42.9077644348145,-9.26658535003662,"Unknown"
"7014854",371863,2025-07-23 21:32:35,42.9047584533691,-9.26389598846436,"Unknown"
"7014854",371863,2025-07-23 21:37:35,42.9048652648926,-9.26382732391357,"Unknown"
"7014854",371863,2025-07-23 21:42:44,42.904727935791,-9.26390933990479,"Unknown"
"7014854",371863,2025-07-23 21:47:31,42.9047737121582,-9.26388454437256,"Unknown"
"7014854",371863,2025-07-23 21:52:35,42.9049110412598,-9.26393795013428,"Unknown"
"7014854",371863,2025-07-23 21:57:32,42.9048118591309,-9.26397323608398,"Unknown"
"7014854",371863,2025-07-23 22:02:34,42.9049301147461,-9.26403331756592,"Unknown"
"7014854",371863,2025-07-23 22:07:39,42.9049682617188,-9.26410675048828,"Unknown"
"7014854",371863,2025-07-23 22:12:54,42.9050331115723,-9.26420974731445,"Unknown"
"7014854",371863,2025-07-23 22:17:49,42.9049873352051,-9.26417541503906,"Unknown"
"7014854",371863,2025-07-23 22:23:05,42.9047622680664,-9.26403999328613,"Unknown"
"7014854",371863,2025-07-23 22:27:29,42.9047737121582,-9.26400375366211,"Unknown"
"7014854",371863,2025-07-23 22:32:28,42.9047355651855,-9.26403522491455,"Unknown"
"7014854",371863,2025-07-23 22:37:29,42.9048767089844,-9.26404285430908,"Unknown"
"7014854",371863,2025-07-23 22:42:32,42.904842376709,-9.2640495300293,"Unknown"
"7014854",371863,2025-07-23 22:47:29,42.9049301147461,-9.26399803161621,"Unknown"
"7014854",371863,2025-07-23 22:52:29,42.9046783447266,-9.26404094696045,"Unknown"
"7014854",371863,2025-07-23 22:57:33,42.9049301147461,-9.26403903961182,"Unknown"
"7014854",371863,2025-07-23 23:02:31,42.9048461914062,-9.2638635635376,"Unknown"
"7014854",371863,2025-07-23 23:07:30,42.904899597168,-9.26391792297363,"Unknown"
"7014854",371863,2025-07-23 23:12:33,42.9049530029297,-9.26393222808838,"Unknown"
"7014854",371863,2025-07-23 23:17:30,42.9053268432617,-9.26387214660645,"Unknown"
"7014854",371863,2025-07-23 23:22:34,42.9047622680664,-9.26402282714844,"Unknown"
"7014854",371863,2025-07-23 23:27:32,42.9046821594238,-9.26403331756592,"Unknown"
"7014854",371863,2025-07-23 23:32:36,42.9045295715332,-9.26389789581299,"Unknown"
"7014854",371863,2025-07-23 23:37:37,42.9047088623047,-9.26389694213867,"Unknown"
"7014854",371863,2025-07-23 23:42:31,42.9045867919922,-9.26389217376709,"Unknown"
"7014854",371863,2025-07-23 23:47:34,42.9045257568359,-9.26382541656494,"Unknown"
"7014854",371863,2025-07-23 23:52:33,42.904411315918,-9.26375770568848,"Unknown"
"7014854",371863,2025-07-23 23:57:38,42.9044151306152,-9.26380634307861,"Unknown"
"7014854",371863,2025-07-24 00:02:34,42.9044570922852,-9.26372146606445,"Unknown"
"7014854",371863,2025-07-24 00:07:31,42.9044189453125,-9.26367473602295,"Unknown"
"7014854",371863,2025-07-24 00:12:37,42.9044189453125,-9.26365184783936,"Unknown"
"7014854",371863,2025-07-24 00:17:33,42.9048004150391,-9.26397705078125,"Unknown"
"7014854",371863,2025-07-24 00:22:30,42.9043884277344,-9.26359272003174,"Unknown"
"7014854",371863,2025-07-24 00:27:34,42.9048461914062,-9.26395034790039,"Unknown"
"7014854",371863,2025-07-24 00:32:39,42.9048309326172,-9.26403331756592,"Unknown"
"7014854",371863,2025-07-24 00:37:39,42.9047317504883,-9.2639856338501,"Unknown"
"7014854",371863,2025-07-24 00:42:35,42.9047508239746,-9.2640323638916,"Unknown"
"7014854",371863,2025-07-24 00:47:35,42.904857635498,-9.26413154602051,"Unknown"
"7014854",371863,2025-07-24 00:52:36,42.9048652648926,-9.26401424407959,"Unknown"
"7014854",371863,2025-07-24 00:57:32,42.9049835205078,-9.26423263549805,"Unknown"
"7014854",371863,2025-07-24 01:02:29,42.9049911499023,-9.26420402526855,"Unknown"
"7014854",371863,2025-07-24 01:07:31,42.9049224853516,-9.26412487030029,"Unknown"
"7014854",371863,2025-07-24 01:12:29,42.9050102233887,-9.26421070098877,"Unknown"
"7014854",371863,2025-07-24 01:17:29,42.9049949645996,-9.26421737670898,"Unknown"
"7014854",371863,2025-07-24 01:22:29,42.9050064086914,-9.26417827606201,"Unknown"
"7014854",371863,2025-07-24 01:27:30,42.9049758911133,-9.26412391662598,"Unknown"
"7014854",371863,2025-07-24 01:32:39,42.9049415588379,-9.26417350769043,"Unknown"
"7014854",371863,2025-07-24 01:37:39,42.9048614501953,-9.26416015625,"Unknown"
"7014854",371863,2025-07-24 01:42:38,42.9048957824707,-9.26418304443359,"Unknown"
"7014854",371863,2025-07-24 01:47:33,42.905086517334,-9.26420497894287,"Unknown"
"7014854",371863,2025-07-24 01:52:32,42.90478515625,-9.26394844055176,"Unknown"
"7014854",371863,2025-07-24 01:57:44,42.9048271179199,-9.26419639587402,"Unknown"
"7014854",371863,2025-07-24 02:02:39,42.9047927856445,-9.26432228088379,"Unknown"
"7014854",371863,2025-07-24 02:07:30,42.904468536377,-9.26328086853027,"Unknown"
"7014854",371863,2025-07-24 02:12:36,42.9048347473145,-9.26394557952881,"Unknown"
"7014854",371863,2025-07-24 02:17:31,42.9050483703613,-9.26434898376465,"Unknown"
"7014854",371863,2025-07-24 02:22:31,42.9047355651855,-9.26396751403809,"Unknown"
"7014854",371863,2025-07-24 02:27:30,42.904857635498,-9.2640323638916,"Unknown"
"7014854",371863,2025-07-24 02:32:30,42.9048652648926,-9.26396751403809,"Unknown"
"7014854",371863,2025-07-24 02:37:36,42.9047203063965,-9.26421070098877,"Unknown"
"7014854",371863,2025-07-24 02:42:54,42.9046363830566,-9.26417922973633,"Unknown"
"7014854",371863,2025-07-24 02:47:35,42.904914855957,-9.26370143890381,"Unknown"
"7014854",371863,2025-07-24 02:52:34,42.9047355651855,-9.26394367218018,"Unknown"
"7014854",371863,2025-07-24 02:57:36,42.9047393798828,-9.26398181915283,"Unknown"
"7014854",371863,2025-07-24 03:02:37,42.904670715332,-9.26390552520752,"Unknown"
"7014854",371863,2025-07-24 03:07:30,42.9046096801758,-9.26403045654297,"Unknown"
"7014854",371863,2025-07-24 03:12:31,42.9045677185059,-9.26383399963379,"Unknown"
"7014854",371863,2025-07-24 03:17:32,42.9045944213867,-9.26384353637695,"Unknown"
"7014854",371863,2025-07-24 03:22:34,42.9046745300293,-9.26383972167969,"Unknown"
"7014854",371863,2025-07-24 03:27:41,42.9046630859375,-9.26387882232666,"Unknown"
"7014854",371863,2025-07-24 03:32:29,42.9047164916992,-9.26388835906982,"Unknown"
"7014854",371863,2025-07-24 03:37:36,42.9046020507812,-9.26387786865234,"Unknown"
"7014854",371863,2025-07-24 03:42:36,42.904468536377,-9.2638521194458,"Unknown"
"7014854",371863,2025-07-24 03:48:04,42.9046249389648,-9.26394844055176,"Unknown"
"7014854",371863,2025-07-24 03:52:30,42.9047164916992,-9.26398468017578,"Unknown"
"7014854",371863,2025-07-24 03:57:32,42.9047508239746,-9.26413726806641,"Unknown"
"7014854",371863,2025-07-24 04:02:30,42.9046669006348,-9.26420593261719,"Unknown"
"7014854",371863,2025-07-24 04:07:30,42.9048233032227,-9.26408100128174,"Unknown"
"7014854",371863,2025-07-24 04:12:31,42.9049682617188,-9.26405143737793,"Unknown"
"7014854",371863,2025-07-24 04:17:29,42.904712677002,-9.26402282714844,"Unknown"
"7014854",371863,2025-07-24 04:22:34,42.9047813415527,-9.2639799118042,"Unknown"
"7014854",371863,2025-07-24 04:27:30,42.9048194885254,-9.26395893096924,"Unknown"
"7014854",371863,2025-07-24 04:32:29,42.9048233032227,-9.26411533355713,"Unknown"
"7014854",371863,2025-07-24 04:37:37,42.9036598205566,-9.26240062713623,"Unknown"
"7014854",371863,2025-07-24 04:42:30,42.905647277832,-9.26336002349854,"Unknown"
"7014854",371863,2025-07-24 04:47:29,42.9050025939941,-9.28647899627686,"Unknown"
"7014854",371863,2025-07-24 04:52:29,42.9132537841797,-9.29551219940186,"Unknown"
"7014854",371863,2025-07-24 04:57:29,42.9218673706055,-9.31353378295898,"Unknown"
"7014854",371863,2025-07-24 05:02:29,42.9281539916992,-9.33212471008301,"Unknown"
"7014854",371863,2025-07-24 05:07:29,42.9263305664062,-9.33256530761719,"Unknown"
"7014854",371863,2025-07-24 05:12:29,42.9285125732422,-9.33212947845459,"Unknown"
"7014854",371863,2025-07-24 05:17:30,42.9356384277344,-9.32743072509766,"Unknown"
"7014854",371863,2025-07-24 05:22:29,42.9314575195312,-9.31063747406006,"Unknown"
"7014854",371863,2025-07-24 05:27:33,42.9261322021484,-9.29683876037598,"Unknown"
"7014854",371863,2025-07-24 05:32:31,42.9262542724609,-9.29688549041748,"Unknown"
"7014854",371863,2025-07-24 05:37:31,42.9262390136719,-9.2969331741333,"Unknown"
"7014854",371863,2025-07-24 05:42:30,42.9262390136719,-9.29691028594971,"Unknown"
"7014854",371863,2025-07-24 05:47:29,42.9262847900391,-9.29686164855957,"Unknown"
"7014854",371863,2025-07-24 05:52:29,42.9303016662598,-9.29401111602783,"Unknown"
"7014854",371863,2025-07-24 05:57:29,42.9429206848145,-9.28882503509521,"Unknown"
"7014854",371863,2025-07-24 06:02:32,42.9437370300293,-9.28821849822998,"Unknown"
"7014854",371863,2025-07-24 06:07:30,42.943733215332,-9.28815174102783,"Unknown"
"7014854",371863,2025-07-24 06:12:30,42.9434356689453,-9.28844165802002,"Unknown"
"7014854",371863,2025-07-24 06:17:29,42.9469909667969,-9.28437995910645,"Unknown"
"7014854",371863,2025-07-24 06:22:29,42.9618492126465,-9.27085399627686,"Unknown"
"7014854",371863,2025-07-24 06:27:31,42.9617462158203,-9.27095222473145,"Unknown"
"7014854",371863,2025-07-24 06:32:29,42.9619903564453,-9.27479076385498,"Unknown"
"7014854",371863,2025-07-24 06:37:30,42.9796714782715,-9.26228523254395,"Unknown"
"7014854",371863,2025-07-24 06:42:29,43.003231048584,-9.26017951965332,"Unknown"
"7014854",371863,2025-07-24 06:47:29,43.0199356079102,-9.28176784515381,"Unknown"
"7014854",371863,2025-07-24 06:52:31,43.0365447998047,-9.28446006774902,"Unknown"
"7014854",371863,2025-07-24 06:57:33,43.0491905212402,-9.30016994476318,"Unknown"
"7014854",371863,2025-07-24 07:02:33,43.049186706543,-9.30027389526367,"Unknown"
"7014854",371863,2025-07-24 07:07:30,43.049144744873,-9.30030345916748,"Unknown"
"7014854",371863,2025-07-24 07:12:31,43.0491638183594,-9.3004846572876,"Unknown"
"7014854",371863,2025-07-24 07:17:44,43.0490455627441,-9.30037307739258,"Unknown"
"7014854",371863,2025-07-24 07:22:29,43.0561408996582,-9.29496574401855,"Unknown"
"7014854",371863,2025-07-24 07:27:29,43.0547637939453,-9.27696418762207,"Unknown"
"7014854",371863,2025-07-24 07:32:29,43.057258605957,-9.25541210174561,"Unknown"
"7014854",371863,2025-07-24 07:37:29,43.0794715881348,-9.2513952255249,"Unknown"
"7014854",371863,2025-07-24 07:42:29,43.091667175293,-9.24533176422119,"Unknown"
"7014854",371863,2025-07-24 07:47:29,43.091480255127,-9.22882652282715,"Unknown"
"7014854",371863,2025-07-24 07:52:29,43.108943939209,-9.21722793579102,"Unknown"
"7014854",371863,2025-07-24 07:57:30,43.1228446960449,-9.20821285247803,"Unknown"
"7014854",371863,2025-07-24 08:02:30,43.1421661376953,-9.20782089233398,"Unknown"
"7014854",371863,2025-07-24 08:07:34,43.1598854064941,-9.21024036407471,"Unknown"
"7014854",371863,2025-07-24 08:12:59,43.1613807678223,-9.18984603881836,"Unknown"
"7014854",371863,2025-07-24 08:17:29,43.1775970458984,-9.17947578430176,"Unknown"
"7014854",371863,2025-07-24 08:23:05,43.1828727722168,-9.16130065917969,"Unknown"
"7014854",371863,2025-07-24 08:27:29,43.1910438537598,-9.14404392242432,"Unknown"
"7014854",371863,2025-07-24 08:32:28,43.1954612731934,-9.12532520294189,"Unknown"
"7014854",371863,2025-07-24 08:37:28,43.1846466064453,-9.10408687591553,"Unknown"
"7014854",371863,2025-07-24 08:42:29,43.1841812133789,-9.0779914855957,"Unknown"
"7014854",371863,2025-07-24 08:47:44,43.1834716796875,-9.04776668548584,"Unknown"
"7014854",371863,2025-07-24 08:52:30,43.1979751586914,-9.03549098968506,"Unknown"
"7014854",371863,2025-07-24 08:57:28,43.2140579223633,-9.02437877655029,"Unknown"
"7014854",371863,2025-07-24 09:02:28,43.2222175598145,-9.00591564178467,"Unknown"
"7014854",371863,2025-07-24 09:07:29,43.2344856262207,-9.00211334228516,"Unknown"
"7014854",371863,2025-07-24 09:12:28,43.2442588806152,-8.989577293396,"Unknown"
"7014854",371863,2025-07-24 09:17:28,43.2577171325684,-8.98319911956787,"Unknown"
"7014854",371863,2025-07-24 09:22:28,43.2742385864258,-8.98844528198242,"Unknown"
"7014854",371863,2025-07-24 09:27:28,43.2854652404785,-8.9666862487793,"Unknown"
"7014854",371863,2025-07-24 09:32:29,43.2881011962891,-8.93751811981201,"Unknown"
"7014854",371863,2025-07-24 09:37:29,43.2965354919434,-8.91508960723877,"Unknown"
"7014854",371863,2025-07-24 09:42:29,43.3194923400879,-8.91240501403809,"Unknown"
"7014854",371863,2025-07-24 09:47:29,43.319450378418,-8.88802909851074,"Unknown"
"7014854",371863,2025-07-24 09:52:29,43.3217353820801,-8.86362838745117,"Unknown"
"7014854",371863,2025-07-24 09:57:29,43.3349113464355,-8.84521675109863,"Unknown"
"7014854",371863,2025-07-24 10:02:29,43.3544158935547,-8.84974098205566,"Unknown"
"7014854",371863,2025-07-24 10:07:34,43.360523223877,-8.84081649780273,"Unknown"
"7014854",371863,2025-07-24 10:12:33,43.3603248596191,-8.84097766876221,"Unknown"
"7014854",371863,2025-07-24 10:17:44,43.3603630065918,-8.84086322784424,"Unknown"
"7014854",371863,2025-07-24 10:22:29,43.3602256774902,-8.84085845947266,"Unknown"
"7014854",371863,2025-07-24 10:27:31,43.3603210449219,-8.84097480773926,"Unknown"
"7014854",371863,2025-07-24 10:32:29,43.360725402832,-8.84094047546387,"Unknown"
"7014854",371863,2025-07-24 10:37:30,43.360466003418,-8.8409538269043,"Unknown"
"7014854",371863,2025-07-24 10:42:30,43.3603134155273,-8.84081745147705,"Unknown"
"7014854",371863,2025-07-24 10:47:44,43.3605766296387,-8.84089183807373,"Unknown"
"7014854",371863,2025-07-24 10:53:04,43.3603439331055,-8.84081172943115,"Unknown"
"7014854",371863,2025-07-24 10:57:28,43.3603286743164,-8.84077930450439,"Unknown"
"7014854",371863,2025-07-24 11:02:29,43.3603019714355,-8.84085655212402,"Unknown"
"7014854",371863,2025-07-24 11:07:29,43.3602981567383,-8.84084224700928,"Unknown"
"7014854",371863,2025-07-24 11:12:29,43.360279083252,-8.84087944030762,"Unknown"
"7014854",371863,2025-07-24 11:17:29,43.360179901123,-8.84088706970215,"Unknown"
"7014854",371863,2025-07-24 11:22:29,43.360279083252,-8.8408784866333,"Unknown"
"7014854",371863,2025-07-24 11:27:29,43.3602256774902,-8.84089851379395,"Unknown"
"7014854",371863,2025-07-24 11:32:29,43.360221862793,-8.84089851379395,"Unknown"
"7014854",371863,2025-07-24 11:37:28,43.3602561950684,-8.84093189239502,"Unknown"
"7014854",371863,2025-07-24 11:42:28,43.3602294921875,-8.84097194671631,"Unknown"
"7014854",371863,2025-07-24 11:47:28,43.3602180480957,-8.84089088439941,"Unknown"
"7014854",371863,2025-07-24 11:52:29,43.3601760864258,-8.84098052978516,"Unknown"
"7014854",371863,2025-07-24 11:57:28,43.3601951599121,-8.84108829498291,"Unknown"
"7014854",371863,2025-07-24 12:02:28,43.3602485656738,-8.84095191955566,"Unknown"
"7014854",371863,2025-07-24 12:07:29,43.3602066040039,-8.84106540679932,"Unknown"
"7014854",371863,2025-07-24 12:12:28,43.3602752685547,-8.84091854095459,"Unknown"
"7014854",371863,2025-07-24 12:17:28,43.3602561950684,-8.84097957611084,"Unknown"
"7014854",371863,2025-07-24 12:22:28,43.3602523803711,-8.84093475341797,"Unknown"
"7014854",371863,2025-07-24 12:27:28,43.3602104187012,-8.84091472625732,"Unknown"
"7014854",371863,2025-07-24 12:32:28,43.3602447509766,-8.84091472625732,"Unknown"
"7014854",371863,2025-07-24 12:37:28,43.3602409362793,-8.8409252166748,"Unknown"
"7014854",371863,2025-07-24 12:42:28,43.3602409362793,-8.84093761444092,"Unknown"
"7014854",371863,2025-07-24 12:47:29,43.3602180480957,-8.8409538269043,"Unknown"
"7014854",371863,2025-07-24 12:52:28,43.3602714538574,-8.84094047546387,"Unknown"
"7014854",371863,2025-07-24 12:57:28,43.3602142333984,-8.8409309387207,"Unknown"
"7014854",371863,2025-07-24 13:02:28,43.3602066040039,-8.84092140197754,"Unknown"
"7014854",371863,2025-07-24 13:07:28,43.3602638244629,-8.84088611602783,"Unknown"
"7014854",371863,2025-07-24 13:12:30,43.344123840332,-8.86183071136475,"Unknown"
"7014854",371863,2025-07-24 13:17:28,43.3188133239746,-8.88898658752441,"Unknown"
"7014854",371863,2025-07-24 13:22:44,43.2887268066406,-8.94302368164062,"Unknown"
"7014854",371863,2025-07-24 13:27:28,43.2746467590332,-9.0093240737915,"Unknown"
"7014854",371863,2025-07-24 13:32:30,43.2286529541016,-9.05352210998535,"Unknown"
"7014854",371863,2025-07-24 13:37:29,43.1978721618652,-9.11019325256348,"Unknown"
"7014854",371863,2025-07-24 13:42:31,43.1813774108887,-9.16072368621826,"Unknown"
"7014854",371863,2025-07-24 13:47:46,43.1495704650879,-9.21331024169922,"Unknown"
"7014854",371863,2025-07-24 13:52:36,43.1493682861328,-9.21179008483887,"Unknown"
"7014854",371863,2025-07-24 13:58:05,43.1495704650879,-9.21197414398193,"Unknown"
"7014854",371863,2025-07-24 14:02:35,43.1494522094727,-9.21200466156006,"Unknown"
"7014854",371863,2025-07-24 14:07:29,43.1519241333008,-9.21439075469971,"Unknown"
"7014854",371863,2025-07-24 14:12:38,43.1539916992188,-9.21115398406982,"Unknown"
"7014854",371863,2025-07-24 14:17:31,43.1537399291992,-9.21088027954102,"Unknown"
"7014854",371863,2025-07-24 14:22:39,43.154125213623,-9.21197319030762,"Unknown"
"7014854",371863,2025-07-24 14:27:33,43.1497650146484,-9.21234798431396,"Unknown"
"7014854",371863,2025-07-24 14:33:13,43.1496887207031,-9.21208477020264,"Unknown"
"7014854",371863,2025-07-24 14:37:31,43.1497001647949,-9.21220684051514,"Unknown"
"7014854",371863,2025-07-24 14:42:33,43.1478424072266,-9.21335983276367,"Unknown"
"7014854",371863,2025-07-24 14:47:44,43.1464576721191,-9.21091938018799,"Unknown"
"7014854",371863,2025-07-24 14:53:54,43.144832611084,-9.2121696472168,"Unknown"
"7014854",371863,2025-07-24 14:58:23,43.1398963928223,-9.24429225921631,"Unknown"
"7014854",371863,2025-07-24 15:02:30,43.1346321105957,-9.29078578948975,"Unknown"
"7014854",371863,2025-07-24 15:07:32,43.1331481933594,-9.27741527557373,"Unknown"
"7014854",371863,2025-07-24 15:12:30,43.1320190429688,-9.26193618774414,"Unknown"
"7014854",371863,2025-07-24 15:17:30,43.1301803588867,-9.24648761749268,"Unknown"
"7014854",371863,2025-07-24 15:22:30,43.1264762878418,-9.23124980926514,"Unknown"
"7014854",371863,2025-07-24 15:27:30,43.1278610229492,-9.23380947113037,"Unknown"
"7014854",371863,2025-07-24 15:32:30,43.1332397460938,-9.25366878509521,"Unknown"
"7014854",371863,2025-07-24 15:37:30,43.1301803588867,-9.24941444396973,"Unknown"
"7014854",371863,2025-07-24 15:42:29,43.1378593444824,-9.25645446777344,"Unknown"
"7014854",371863,2025-07-24 15:47:30,43.1282615661621,-9.24338245391846,"Unknown"
"7014854",371863,2025-07-24 15:52:30,43.1244926452637,-9.23455333709717,"Unknown"
"7014854",371863,2025-07-24 15:57:29,43.1228981018066,-9.25178050994873,"Unknown"
"7014854",371863,2025-07-24 16:02:31,43.1165237426758,-9.28444862365723,"Unknown"
"7014854",371863,2025-07-24 16:07:31,43.117359161377,-9.27310657501221,"Unknown"
"7014854",371863,2025-07-24 16:12:32,43.1169242858887,-9.26802825927734,"Unknown"
"7014854",371863,2025-07-24 16:17:30,43.1167259216309,-9.25857257843018,"Unknown"
"7014854",371863,2025-07-24 16:22:31,43.1194229125977,-9.23840808868408,"Unknown"
"7014854",371863,2025-07-24 16:27:31,43.1202774047852,-9.22580051422119,"Unknown"
"7014854",371863,2025-07-24 16:32:30,43.1193237304688,-9.21296501159668,"Unknown"
"7014854",371863,2025-07-24 16:37:30,43.1173439025879,-9.19956970214844,"Unknown"
"7014854",371863,2025-07-24 16:42:30,43.1191024780273,-9.19858455657959,"Unknown"
"7014854",371863,2025-07-24 16:47:35,43.1198883056641,-9.23918342590332,"Unknown"
"7014854",371863,2025-07-24 16:52:33,43.1142692565918,-9.25966835021973,"Unknown"
"7014854",371863,2025-07-24 16:57:32,43.092098236084,-9.25460243225098,"Unknown"
"7014854",371863,2025-07-24 17:02:32,43.0900115966797,-9.24505138397217,"Unknown"
"7014854",371863,2025-07-24 17:07:33,43.090503692627,-9.24545288085938,"Unknown"
"7014854",371863,2025-07-24 17:12:35,43.0909576416016,-9.24514579772949,"Unknown"
"7014854",371863,2025-07-24 17:17:33,43.0900421142578,-9.24570369720459,"Unknown"
"7014854",371863,2025-07-24 17:22:35,43.0907745361328,-9.24536228179932,"Unknown"
"7014854",371863,2025-07-24 17:27:33,43.0908317565918,-9.24539470672607,"Unknown"
"7014854",371863,2025-07-24 17:32:34,43.0908622741699,-9.24544620513916,"Unknown"
"7014854",371863,2025-07-24 17:37:36,43.0903587341309,-9.24561595916748,"Unknown"
"7014854",371863,2025-07-24 17:42:33,43.1025924682617,-9.2369384765625,"Unknown"
"7014854",371863,2025-07-24 17:47:36,43.1121406555176,-9.22087574005127,"Unknown"
"7014854",371863,2025-07-24 17:52:33,43.1179733276367,-9.20148086547852,"Unknown"
"7014854",371863,2025-07-24 17:57:37,43.1189918518066,-9.21139144897461,"Unknown"
"7014854",371863,2025-07-24 18:02:33,43.1129302978516,-9.21799945831299,"Unknown"
"7014854",371863,2025-07-24 18:07:36,43.1138153076172,-9.21721172332764,"Unknown"
"7014854",371863,2025-07-24 18:12:37,43.1112022399902,-9.21736431121826,"Unknown"
"7014854",371863,2025-07-24 18:17:44,43.1103591918945,-9.21394634246826,"Unknown"
"7014854",371863,2025-07-24 18:22:38,43.1102523803711,-9.21380138397217,"Unknown"
"7014854",371863,2025-07-24 18:27:42,43.1101989746094,-9.21403503417969,"Unknown"
"7014854",371863,2025-07-24 18:32:37,43.1101760864258,-9.21390628814697,"Unknown"
"7014854",371863,2025-07-24 18:37:38,43.1102447509766,-9.21368885040283,"Unknown"
"7014854",371863,2025-07-24 18:42:39,43.110221862793,-9.21384716033936,"Unknown"
"7014854",371863,2025-07-24 18:48:05,43.1101570129395,-9.21420192718506,"Unknown"
"7014854",371863,2025-07-24 18:52:33,43.1100921630859,-9.21439838409424,"Unknown"
"7014854",371863,2025-07-24 18:57:35,43.1100692749023,-9.21451187133789,"Unknown"
"7014854",371863,2025-07-24 19:02:32,43.1105346679688,-9.21468448638916,"Unknown"
"7014854",371863,2025-07-24 19:07:32,43.1105499267578,-9.21434783935547,"Unknown"
"7014854",371863,2025-07-24 19:12:32,43.1105346679688,-9.21427345275879,"Unknown"
"7014854",371863,2025-07-24 19:17:31,43.1103668212891,-9.21423721313477,"Unknown"
"7014854",371863,2025-07-24 19:22:36,43.1101913452148,-9.21412658691406,"Unknown"
"7014854",371863,2025-07-24 19:27:32,43.110107421875,-9.21395778656006,"Unknown"
"7014854",371863,2025-07-24 19:32:37,43.1102104187012,-9.2140064239502,"Unknown"
"7014854",371863,2025-07-24 19:37:31,43.1102561950684,-9.21402263641357,"Unknown"
"7014854",371863,2025-07-24 19:42:33,43.1107749938965,-9.21477794647217,"Unknown"
"7014854",371863,2025-07-24 19:47:36,43.1113624572754,-9.21583271026611,"Unknown"
"7014854",371863,2025-07-24 19:52:36,43.1102027893066,-9.21409606933594,"Unknown"
"7014854",371863,2025-07-24 19:57:33,43.1101722717285,-9.21401119232178,"Unknown"
"7014854",371863,2025-07-24 20:02:30,43.1115036010742,-9.21756076812744,"Unknown"
"7014854",371863,2025-07-24 20:07:31,43.1152038574219,-9.2033805847168,"Unknown"
"7014854",371863,2025-07-24 20:12:30,43.1246643066406,-9.18389511108398,"Unknown"
"7014854",371863,2025-07-24 20:17:31,43.1337890625,-9.18298435211182,"Unknown"
"7014854",371863,2025-07-24 20:22:35,43.133731842041,-9.18292903900146,"Unknown"
"7014854",371863,2025-07-24 20:27:32,43.133846282959,-9.18264961242676,"Unknown"
"7014854",371863,2025-07-24 20:32:36,43.1339302062988,-9.18289279937744,"Unknown"
"7014854",371863,2025-07-24 20:37:32,43.1338119506836,-9.18296909332275,"Unknown"
"7014854",371863,2025-07-24 20:42:38,43.1338768005371,-9.1829719543457,"Unknown"
"7014854",371863,2025-07-24 20:47:38,43.133918762207,-9.18290138244629,"Unknown"
"7014854",371863,2025-07-24 20:52:37,43.133846282959,-9.18302536010742,"Unknown"
"7014854",371863,2025-07-24 20:57:38,43.1338539123535,-9.1829137802124,"Unknown"
"7014854",371863,2025-07-24 21:02:38,43.1338577270508,-9.18293952941895,"Unknown"
"7014854",371863,2025-07-24 21:07:37,43.1338768005371,-9.18292617797852,"Unknown"
"7014854",371863,2025-07-24 21:12:31,43.1339302062988,-9.18301296234131,"Unknown"
"7014854",371863,2025-07-24 21:17:38,43.1337661743164,-9.18297576904297,"Unknown"
"7014854",371863,2025-07-24 21:22:31,43.1338539123535,-9.18300724029541,"Unknown"
"7014854",371863,2025-07-24 21:27:38,43.1337547302246,-9.18298530578613,"Unknown"
"7014854",371863,2025-07-24 21:32:38,43.1337394714355,-9.1829309463501,"Unknown"
"7014854",371863,2025-07-24 21:37:40,43.1337661743164,-9.18333148956299,"Unknown"
"7014854",371863,2025-07-24 21:42:38,43.1335296630859,-9.18340969085693,"Unknown"
"7014854",371863,2025-07-24 21:48:03,43.1336288452148,-9.1833553314209,"Unknown"
"7014854",371863,2025-07-24 21:52:30,43.1336784362793,-9.18330955505371,"Unknown"
"7014854",371863,2025-07-24 21:57:31,43.1334953308105,-9.18322086334229,"Unknown"
"7014854",371863,2025-07-24 22:02:29,43.1335945129395,-9.18332195281982,"Unknown"
"7014854",371863,2025-07-24 22:07:29,43.1335067749023,-9.18334484100342,"Unknown"
"7014854",371863,2025-07-24 22:12:29,43.133602142334,-9.18331432342529,"Unknown"
"7014854",371863,2025-07-24 22:17:29,43.1335067749023,-9.18331241607666,"Unknown"
"7014854",371863,2025-07-24 22:22:29,43.1335372924805,-9.18333625793457,"Unknown"
"7014854",371863,2025-07-24 22:27:30,43.1336059570312,-9.18329048156738,"Unknown"
"7014854",371863,2025-07-24 22:32:30,43.1335983276367,-9.1833667755127,"Unknown"
"7014854",371863,2025-07-24 22:37:36,43.1334953308105,-9.18320369720459,"Unknown"
"7014854",371863,2025-07-24 22:42:35,43.1335220336914,-9.18321323394775,"Unknown"
"7014854",371863,2025-07-24 22:47:33,43.1336364746094,-9.18338489532471,"Unknown"
"7014854",371863,2025-07-24 22:52:43,43.1335983276367,-9.18337535858154,"Unknown"
"7014854",371863,2025-07-24 22:57:32,43.133716583252,-9.18318462371826,"Unknown"
"7014854",371863,2025-07-24 23:02:36,43.1335906982422,-9.18332576751709,"Unknown"
"7014854",371863,2025-07-24 23:07:30,43.1336288452148,-9.18328762054443,"Unknown"
"7014854",371863,2025-07-24 23:12:29,43.1337203979492,-9.18344593048096,"Unknown"
"7014854",371863,2025-07-24 23:17:30,43.1337699890137,-9.1834774017334,"Unknown"
"7014854",371863,2025-07-24 23:22:30,43.1337280273438,-9.18340301513672,"Unknown"
"7014854",371863,2025-07-24 23:27:31,43.1337432861328,-9.18345546722412,"Unknown"
"7014854",371863,2025-07-24 23:32:30,43.1339378356934,-9.18413257598877,"Unknown"
"7014854",371863,2025-07-24 23:37:36,43.1336822509766,-9.18347644805908,"Unknown"
"7014854",371863,2025-07-24 23:42:29,43.1338500976562,-9.18364334106445,"Unknown"
"7014854",371863,2025-07-24 23:48:05,43.1336402893066,-9.18370056152344,"Unknown"
"7014854",371863,2025-07-24 23:52:31,43.1335411071777,-9.18346405029297,"Unknown"
"7014854",371863,2025-07-24 23:57:30,43.1335029602051,-9.18357181549072,"Unknown"
"7014854",371863,2025-07-25 00:02:32,43.1335868835449,-9.18344593048096,"Unknown"
"7014854",371863,2025-07-25 00:07:30,43.1334915161133,-9.18341732025146,"Unknown"
"7014854",371863,2025-07-25 00:12:32,43.1335601806641,-9.18338298797607,"Unknown"
"7014854",371863,2025-07-25 00:17:30,43.1335754394531,-9.18333053588867,"Unknown"
"7014854",371863,2025-07-25 00:22:31,43.1335334777832,-9.183349609375,"Unknown"
"7014854",371863,2025-07-25 00:27:29,43.1396217346191,-9.18191242218018,"Unknown"
"7014854",371863,2025-07-25 00:32:42,43.140811920166,-9.20679378509521,"Unknown"
"7014854",371863,2025-07-25 00:38:54,43.1599960327148,-9.21519756317139,"Unknown"
"7014854",371863,2025-07-25 00:42:45,43.1623115539551,-9.21232986450195,"Unknown"
"7014854",371863,2025-07-25 00:47:38,43.1624946594238,-9.21327495574951,"Unknown"
"7014854",371863,2025-07-25 00:52:44,43.1612167358398,-9.21148681640625,"Unknown"
"7014854",371863,2025-07-25 00:57:30,43.126781463623,-9.20284271240234,"Unknown"
"7014854",371863,2025-07-25 01:02:30,43.1281585693359,-9.18490886688232,"Unknown"
"7014854",371863,2025-07-25 01:07:44,43.1336326599121,-9.18297958374023,"Unknown"
"7014854",371863,2025-07-25 01:12:29,43.133731842041,-9.18297672271729,"Unknown"
"7014854",371863,2025-07-25 01:17:35,43.1336135864258,-9.18289089202881,"Unknown"
"7014854",371863,2025-07-25 01:22:35,43.133602142334,-9.18292140960693,"Unknown"
"7014854",371863,2025-07-25 01:27:40,43.1337356567383,-9.18304634094238,"Unknown"
"7014854",371863,2025-07-25 01:32:39,43.1335105895996,-9.18289470672607,"Unknown"
"7014854",371863,2025-07-25 01:37:31,43.1334838867188,-9.18282699584961,"Unknown"
"7014854",371863,2025-07-25 01:42:31,43.1336135864258,-9.18285655975342,"Unknown"
"7014854",371863,2025-07-25 01:47:40,43.1334228515625,-9.18302440643311,"Unknown"
"7014854",371863,2025-07-25 01:52:31,43.1335334777832,-9.18299198150635,"Unknown"
"7014854",371863,2025-07-25 01:57:31,43.1335678100586,-9.1829662322998,"Unknown"
"7014854",371863,2025-07-25 02:02:38,43.133617401123,-9.18289089202881,"Unknown"
"7014854",371863,2025-07-25 02:07:33,43.1336479187012,-9.182936668396,"Unknown"
"7014854",371863,2025-07-25 02:12:30,43.1335487365723,-9.18300437927246,"Unknown"
"7014854",371863,2025-07-25 02:17:33,43.1335144042969,-9.18296241760254,"Unknown"
"7014854",371863,2025-07-25 02:22:35,43.133602142334,-9.18290328979492,"Unknown"
"7014854",371863,2025-07-25 02:27:33,43.1335182189941,-9.18294811248779,"Unknown"
"7014854",371863,2025-07-25 02:32:44,43.1335334777832,-9.18304443359375,"Unknown"
"7014854",371863,2025-07-25 02:37:38,43.1335411071777,-9.18293476104736,"Unknown"
"7014854",371863,2025-07-25 02:42:38,43.1335906982422,-9.18284606933594,"Unknown"
"7014854",371863,2025-07-25 02:47:38,43.1336479187012,-9.18280792236328,"Unknown"
"7014854",371863,2025-07-25 02:52:36,43.1336326599121,-9.18279933929443,"Unknown"
"7014854",371863,2025-07-25 02:57:44,43.1335639953613,-9.18270206451416,"Unknown"
"7014854",371863,2025-07-25 03:02:35,43.1337089538574,-9.18280124664307,"Unknown"
"7014854",371863,2025-07-25 03:07:38,43.1336250305176,-9.18273639678955,"Unknown"
"7014854",371863,2025-07-25 03:12:35,43.1337356567383,-9.1827278137207,"Unknown"
"7014854",371863,2025-07-25 03:17:38,43.1336555480957,-9.18268966674805,"Unknown"
"7014854",371863,2025-07-25 03:22:42,43.1337127685547,-9.18274307250977,"Unknown"
"7014854",371863,2025-07-25 03:27:38,43.1337699890137,-9.18275165557861,"Unknown"
"7014854",371863,2025-07-25 03:32:41,43.1335411071777,-9.18284797668457,"Unknown"
"7014854",371863,2025-07-25 03:37:38,43.1337852478027,-9.18275165557861,"Unknown"
"7014854",371863,2025-07-25 03:42:44,43.1338005065918,-9.18281364440918,"Unknown"
"7014854",371863,2025-07-25 03:47:33,43.1338539123535,-9.18280982971191,"Unknown"
"7014854",371863,2025-07-25 03:52:32,43.1337776184082,-9.18279933929443,"Unknown"
"7014854",371863,2025-07-25 03:57:33,43.1341438293457,-9.18003845214844,"Unknown"
"7014854",371863,2025-07-25 04:02:38,43.1476974487305,-9.16735076904297,"Unknown"
"7014854",371863,2025-07-25 04:07:38,43.1688690185547,-9.18350124359131,"Unknown"
"7014854",371863,2025-07-25 04:12:40,43.1877021789551,-9.17435932159424,"Unknown"
"7014854",371863,2025-07-25 04:17:32,43.1963653564453,-9.15553283691406,"Unknown"
"7014854",371863,2025-07-25 04:22:40,43.2031517028809,-9.13449764251709,"Unknown"
"7014854",371863,2025-07-25 04:27:39,43.2079658508301,-9.11180114746094,"Unknown"
"7014854",371863,2025-07-25 04:33:04,43.2142791748047,-9.08987998962402,"Unknown"
"7014854",371863,2025-07-25 04:37:37,43.2148132324219,-9.0760612487793,"Unknown"
"7014854",371863,2025-07-25 04:43:23,43.2190895080566,-9.04694747924805,"Unknown"
"7014854",371863,2025-07-25 04:47:40,43.2246780395508,-9.02881526947021,"Unknown"
"7014854",371863,2025-07-25 04:52:38,43.2338066101074,-9.01076221466064,"Unknown"
"7014854",371863,2025-07-25 04:57:45,43.2486610412598,-8.99804973602295,"Unknown"
"7014854",371863,2025-07-25 05:02:31,43.2574157714844,-8.98873519897461,"Unknown"
"7014854",371863,2025-07-25 05:07:31,43.2744483947754,-8.99228096008301,"Unknown"
"7014854",371863,2025-07-25 05:12:31,43.2848625183105,-8.97427558898926,"Unknown"
"7014854",371863,2025-07-25 05:17:31,43.2925262451172,-8.95579814910889,"Unknown"
"7014854",371863,2025-07-25 05:22:31,43.2916412353516,-8.92928504943848,"Unknown"
"7014854",371863,2025-07-25 05:27:31,43.3038558959961,-8.91205978393555,"Unknown"
"7014854",371863,2025-07-25 05:32:32,43.3208694458008,-8.90857315063477,"Unknown"
"7014854",371863,2025-07-25 05:37:32,43.3196182250977,-8.88848114013672,"Unknown"
"7014854",371863,2025-07-25 05:42:30,43.321590423584,-8.86522960662842,"Unknown"
"7014854",371863,2025-07-25 05:47:30,43.3383865356445,-8.85423564910889,"Unknown"
"7014854",371863,2025-07-25 05:52:30,43.3529319763184,-8.85257148742676,"Unknown"
"7014854",371863,2025-07-25 05:57:32,43.360164642334,-8.84125328063965,"Unknown"
"7014854",371863,2025-07-25 06:02:31,43.3600730895996,-8.84121799468994,"Unknown"
"7014854",371863,2025-07-25 06:07:32,43.3601493835449,-8.84118556976318,"Unknown"
"7014854",371863,2025-07-25 06:12:35,43.3604736328125,-8.84094524383545,"Unknown"
"7014854",371863,2025-07-25 06:17:35,43.3600234985352,-8.84085845947266,"Unknown"
"7014854",371863,2025-07-25 06:22:30,43.3596153259277,-8.84100151062012,"Unknown"
"7014854",371863,2025-07-25 06:27:34,43.3601684570312,-8.84104061126709,"Unknown"
"7014854",371863,2025-07-25 06:32:32,43.3601417541504,-8.841064453125,"Unknown"
"7014854",371863,2025-07-25 06:37:32,43.3603096008301,-8.84111595153809,"Unknown"
"7014854",371863,2025-07-25 06:42:32,43.3601913452148,-8.84099674224854,"Unknown"
"7014854",371863,2025-07-25 06:47:32,43.3601760864258,-8.84102630615234,"Unknown"
"7014854",371863,2025-07-25 06:52:31,43.3600158691406,-8.84084320068359,"Unknown"
"7014854",371863,2025-07-25 06:57:31,43.3600769042969,-8.8408088684082,"Unknown"
"7014854",371863,2025-07-25 07:02:33,43.3601188659668,-8.84077930450439,"Unknown"
"7014854",371863,2025-07-25 07:07:32,43.3600540161133,-8.84072017669678,"Unknown"
"7014854",371863,2025-07-25 07:12:32,43.3600540161133,-8.84065914154053,"Unknown"
"7014854",371863,2025-07-25 07:17:33,43.3600769042969,-8.8405876159668,"Unknown"
"7014854",371863,2025-07-25 07:22:34,43.3603172302246,-8.84104824066162,"Unknown"
"7014854",371863,2025-07-25 07:27:31,43.3601837158203,-8.84058475494385,"Unknown"
"7014854",371863,2025-07-25 07:32:31,43.3603210449219,-8.84069347381592,"Unknown"
"7014854",371863,2025-07-25 07:37:32,43.3603973388672,-8.84104061126709,"Unknown"
"7014854",371863,2025-07-25 07:42:33,43.3603324890137,-8.84095764160156,"Unknown"
"7014854",371863,2025-07-25 07:47:31,43.3603477478027,-8.84105205535889,"Unknown"
"7014854",371863,2025-07-25 07:52:31,43.360050201416,-8.84051513671875,"Unknown"
"7014854",371863,2025-07-25 07:57:32,43.3603744506836,-8.84101581573486,"Unknown"
"7014854",371863,2025-07-25 08:02:31,43.3604202270508,-8.84111022949219,"Unknown"
"7014854",371863,2025-07-25 08:07:30,43.3600158691406,-8.84162616729736,"Unknown"
"7014854",371863,2025-07-25 08:12:30,43.3596572875977,-8.84229373931885,"Unknown"
"7014854",371863,2025-07-25 08:17:32,43.3595504760742,-8.84244060516357,"Unknown"
"7014854",371863,2025-07-25 08:22:31,43.3595581054688,-8.84209060668945,"Unknown"
"7014854",371863,2025-07-25 08:27:31,43.3597602844238,-8.84173488616943,"Unknown"
"7014854",371863,2025-07-25 08:32:31,43.3598899841309,-8.84167385101318,"Unknown"
"7014854",371863,2025-07-25 08:37:32,43.360279083252,-8.84206771850586,"Unknown"
"7014854",371863,2025-07-25 08:42:32,43.3598976135254,-8.84079742431641,"Unknown"
"7014854",371863,2025-07-25 08:47:32,43.3599319458008,-8.84055423736572,"Unknown"
"7014854",371863,2025-07-25 08:52:32,43.3600921630859,-8.84050178527832,"Unknown"
"7014854",371863,2025-07-25 08:57:30,43.3600997924805,-8.84173107147217,"Unknown"
"7014854",371863,2025-07-25 09:02:31,43.3601608276367,-8.84103393554688,"Unknown"
"7014854",371863,2025-07-25 09:07:30,43.3601608276367,-8.84153652191162,"Unknown"
"7014854",371863,2025-07-25 09:12:31,43.3602828979492,-8.84100818634033,"Unknown"
"7014854",371863,2025-07-25 09:17:31,43.3603286743164,-8.8410120010376,"Unknown"
"7014854",371863,2025-07-25 09:22:33,43.3602256774902,-8.84116458892822,"Unknown"
"7014854",371863,2025-07-25 09:27:32,43.3603096008301,-8.8409595489502,"Unknown"
"7014854",371863,2025-07-25 09:32:32,43.3602256774902,-8.84079360961914,"Unknown"
"7014854",371863,2025-07-25 09:37:31,43.3602104187012,-8.84084320068359,"Unknown"
"7014854",371863,2025-07-25 09:42:31,43.3603782653809,-8.84093856811523,"Unknown"
"7014854",371863,2025-07-25 09:47:31,43.3603782653809,-8.84096622467041,"Unknown"
"7014854",371863,2025-07-25 09:52:31,43.3602523803711,-8.84094715118408,"Unknown"
"7014854",371863,2025-07-25 09:57:31,43.3602066040039,-8.84092330932617,"Unknown"
"7014854",371863,2025-07-25 10:02:31,43.3601875305176,-8.84093761444092,"Unknown"
"7014854",371863,2025-07-25 10:07:31,43.3601264953613,-8.84096431732178,"Unknown"
"7014854",371863,2025-07-25 10:12:31,43.3601188659668,-8.84100151062012,"Unknown"
"7014854",371863,2025-07-25 10:17:31,43.360107421875,-8.84100914001465,"Unknown"
"7014854",371863,2025-07-25 10:22:31,43.3601531982422,-8.84094524383545,"Unknown"
"7014854",371863,2025-07-25 10:27:31,43.3601264953613,-8.84099674224854,"Unknown"
"7014854",371863,2025-07-25 10:32:32,43.3600959777832,-8.84101676940918,"Unknown"
"7014854",371863,2025-07-25 10:37:32,43.3603401184082,-8.84098148345947,"Unknown"
"7014854",371863,2025-07-25 10:42:31,43.3603439331055,-8.84104633331299,"Unknown"
"7014854",371863,2025-07-25 10:47:31,43.3603706359863,-8.84105682373047,"Unknown"
"7014854",371863,2025-07-25 10:52:31,43.360481262207,-8.84102916717529,"Unknown"
"7014854",371863,2025-07-25 10:57:31,43.3604545593262,-8.84096336364746,"Unknown"
"7014854",371863,2025-07-25 11:02:31,43.3604393005371,-8.84098815917969,"Unknown"
"7014854",371863,2025-07-25 11:07:31,43.360424041748,-8.84094047546387,"Unknown"
"7014854",371863,2025-07-25 11:12:31,43.3605041503906,-8.840989112854,"Unknown"
"7014854",371863,2025-07-25 11:17:31,43.3606338500977,-8.84085369110107,"Unknown"
"7014854",371863,2025-07-25 11:22:31,43.3605880737305,-8.84092426300049,"Unknown"
"7014854",371863,2025-07-25 11:27:31,43.3606834411621,-8.84086894989014,"Unknown"
"7014854",371863,2025-07-25 11:32:31,43.3606834411621,-8.84099102020264,"Unknown"
"7014854",371863,2025-07-25 11:37:31,43.3604431152344,-8.8410062789917,"Unknown"
"7014854",371863,2025-07-25 11:42:32,43.3605155944824,-8.84098148345947,"Unknown"
"7014854",371863,2025-07-25 11:47:33,43.3605575561523,-8.84100151062012,"Unknown"
"7014854",371863,2025-07-25 11:52:33,43.3604583740234,-8.84102916717529,"Unknown"
"7014854",371863,2025-07-25 11:57:32,43.3605499267578,-8.8410587310791,"Unknown"
"7014854",371863,2025-07-25 12:02:32,43.3605880737305,-8.84104061126709,"Unknown"
"7014854",371863,2025-07-25 12:07:31,43.3605079650879,-8.84112358093262,"Unknown"
"7014854",371863,2025-07-25 12:12:34,43.3604545593262,-8.84107112884521,"Unknown"
"7014854",371863,2025-07-25 12:17:31,43.3604583740234,-8.84105491638184,"Unknown"
"7014854",371863,2025-07-25 12:22:32,43.3604927062988,-8.8412618637085,"Unknown"
"7014854",371863,2025-07-25 12:27:32,43.3605003356934,-8.84108734130859,"Unknown"
"7014854",371863,2025-07-25 12:32:32,43.3605194091797,-8.84111499786377,"Unknown"
"7014854",371863,2025-07-25 12:37:31,43.3605651855469,-8.84120273590088,"Unknown"
"7014854",371863,2025-07-25 12:42:32,43.3605728149414,-8.84121417999268,"Unknown"
"7014854",371863,2025-07-25 12:47:31,43.3605308532715,-8.84117698669434,"Unknown"
"7014854",371863,2025-07-25 12:52:31,43.3605499267578,-8.84119033813477,"Unknown"
"7014854",371863,2025-07-25 12:57:31,43.3605766296387,-8.8411922454834,"Unknown"
"7014854",371863,2025-07-25 13:02:31,43.3605613708496,-8.84121608734131,"Unknown"
"7014854",371863,2025-07-25 13:07:31,43.3605880737305,-8.84124565124512,"Unknown"
"7014854",371863,2025-07-25 13:12:31,43.3605842590332,-8.84123134613037,"Unknown"
"7014854",371863,2025-07-25 13:17:32,43.3605537414551,-8.84117889404297,"Unknown"
"7014854",371863,2025-07-25 13:22:32,43.3604927062988,-8.84118366241455,"Unknown"
"7014854",371863,2025-07-25 13:27:32,43.3605194091797,-8.84121227264404,"Unknown"
"7014854",371863,2025-07-25 13:32:32,43.3607177734375,-8.84125709533691,"Unknown"
"7014854",371863,2025-07-25 13:37:32,43.347339630127,-8.85935401916504,"Unknown"
"7014854",371863,2025-07-25 13:42:32,43.3173484802246,-8.88169193267822,"Unknown"
"7014854",371863,2025-07-25 13:47:32,43.294132232666,-8.93039226531982,"Unknown"
"7014854",371863,2025-07-25 13:52:32,43.2821426391602,-8.98156547546387,"Unknown"
"7014854",371863,2025-07-25 13:57:32,43.2509727478027,-8.99608516693115,"Unknown"
"7014854",371863,2025-07-25 14:02:32,43.2167129516602,-9.0263147354126,"Unknown"
"7014854",371863,2025-07-25 14:07:34,43.1866760253906,-9.04394149780273,"Unknown"
"7014854",371863,2025-07-25 14:12:33,43.1866607666016,-9.04387092590332,"Unknown"
"7014854",371863,2025-07-25 14:17:38,43.1883010864258,-9.04695892333984,"Unknown"
"7014854",371863,2025-07-25 14:22:34,43.187442779541,-9.04554748535156,"Unknown"
"7014854",371863,2025-07-25 14:27:35,43.1883163452148,-9.0471658706665,"Unknown"
"7014854",371863,2025-07-25 14:32:35,43.1886367797852,-9.04683113098145,"Unknown"
"7014854",371863,2025-07-25 14:37:32,43.1886520385742,-9.04677677154541,"Unknown"
"7014854",371863,2025-07-25 14:42:34,43.1885566711426,-9.04692935943604,"Unknown"
"7014854",371863,2025-07-25 14:47:33,43.1884651184082,-9.04710102081299,"Unknown"
"7014854",371863,2025-07-25 14:52:31,43.1855354309082,-9.07543277740479,"Unknown"
"7014854",371863,2025-07-25 14:57:32,43.1885299682617,-9.11724090576172,"Unknown"
"7014854",371863,2025-07-25 15:02:38,43.1807594299316,-9.17420673370361,"Unknown"
"7014854",371863,2025-07-25 15:07:31,43.180549621582,-9.17933750152588,"Unknown"
"7014854",371863,2025-07-25 15:12:33,43.1808242797852,-9.179030418396,"Unknown"
"7014854",371863,2025-07-25 15:17:32,43.1808586120605,-9.17889213562012,"Unknown"
"7014854",371863,2025-07-25 15:22:35,43.1807098388672,-9.17916488647461,"Unknown"
"7014854",371863,2025-07-25 15:27:32,43.180549621582,-9.17941570281982,"Unknown"
"7014854",371863,2025-07-25 15:32:34,43.1806678771973,-9.17791175842285,"Unknown"
"7014854",371863,2025-07-25 15:37:34,43.1805992126465,-9.17778968811035,"Unknown"
"7014854",371863,2025-07-25 15:42:34,43.1805419921875,-9.17787456512451,"Unknown"
"7014854",371863,2025-07-25 15:47:35,43.1803665161133,-9.17713451385498,"Unknown"
"7014854",371863,2025-07-25 15:52:34,43.1806259155273,-9.17759132385254,"Unknown"
"7014854",371863,2025-07-25 15:57:35,43.1803741455078,-9.17716407775879,"Unknown"
"7014854",371863,2025-07-25 16:02:37,43.1805114746094,-9.17714309692383,"Unknown"
"7014854",371863,2025-07-25 16:07:34,43.1804580688477,-9.17732524871826,"Unknown"
"7014854",371863,2025-07-25 16:12:32,43.1774826049805,-9.18751335144043,"Unknown"
"7014854",371863,2025-07-25 16:17:33,43.1449241638184,-9.21081066131592,"Unknown"
"7014854",371863,2025-07-25 16:22:33,43.1353759765625,-9.22065830230713,"Unknown"
"7014854",371863,2025-07-25 16:27:31,43.1329383850098,-9.2335090637207,"Unknown"
"7014854",371863,2025-07-25 16:32:32,43.1147003173828,-9.22191905975342,"Unknown"
"7014854",371863,2025-07-25 16:37:32,43.1017265319824,-9.21811103820801,"Unknown"
"7014854",371863,2025-07-25 16:42:36,43.1019287109375,-9.21790790557861,"Unknown"
"7014854",371863,2025-07-25 16:47:37,43.1026916503906,-9.21747016906738,"Unknown"
"7014854",371863,2025-07-25 16:52:41,43.1019821166992,-9.21800327301025,"Unknown"
"7014854",371863,2025-07-25 16:57:32,43.101203918457,-9.21847629547119,"Unknown"
"7014854",371863,2025-07-25 17:02:34,43.1019401550293,-9.21800899505615,"Unknown"
"7014854",371863,2025-07-25 17:07:33,43.1023826599121,-9.21771430969238,"Unknown"
"7014854",371863,2025-07-25 17:12:34,43.1018867492676,-9.21809768676758,"Unknown"
"7014854",371863,2025-07-25 17:17:36,43.1019592285156,-9.2180347442627,"Unknown"
"7014854",371863,2025-07-25 17:22:32,43.1106643676758,-9.21785259246826,"Unknown"
"7014854",371863,2025-07-25 17:27:32,43.120548248291,-9.20417976379395,"Unknown"
"7014854",371863,2025-07-25 17:32:32,43.1280632019043,-9.18533897399902,"Unknown"
"7014854",371863,2025-07-25 17:37:32,43.1374092102051,-9.19624042510986,"Unknown"
"7014854",371863,2025-07-25 17:42:32,43.149600982666,-9.21425151824951,"Unknown"
"7014854",371863,2025-07-25 17:47:32,43.1496467590332,-9.21413993835449,"Unknown"
"7014854",371863,2025-07-25 17:52:34,43.1498146057129,-9.21399688720703,"Unknown"
"7014854",371863,2025-07-25 17:57:39,43.1494331359863,-9.21408367156982,"Unknown"
"7014854",371863,2025-07-25 18:02:37,43.1493072509766,-9.21421718597412,"Unknown"
"7014854",371863,2025-07-25 18:07:37,43.1492042541504,-9.21410465240479,"Unknown"
"7014854",371863,2025-07-25 18:12:33,43.152042388916,-9.21460342407227,"Unknown"
"7014854",371863,2025-07-25 18:17:37,43.1561737060547,-9.21157360076904,"Unknown"
"7014854",371863,2025-07-25 18:22:37,43.1562614440918,-9.2114725112915,"Unknown"
"7014854",371863,2025-07-25 18:27:34,43.155632019043,-9.21151542663574,"Unknown"
"7014854",371863,2025-07-25 18:32:38,43.156177520752,-9.21142482757568,"Unknown"
"7014854",371863,2025-07-25 18:37:39,43.1559867858887,-9.21159648895264,"Unknown"
"7014854",371863,2025-07-25 18:42:38,43.156078338623,-9.21130752563477,"Unknown"
"7014854",371863,2025-07-25 18:47:36,43.156120300293,-9.21118545532227,"Unknown"
"7014854",371863,2025-07-25 18:52:33,43.1502914428711,-9.19968795776367,"Unknown"
"7014854",371863,2025-07-25 18:57:33,43.1327896118164,-9.17997646331787,"Unknown"
"7014854",371863,2025-07-25 19:02:35,43.132022857666,-9.20509338378906,"Unknown"
"7014854",371863,2025-07-25 19:07:38,43.1403350830078,-9.22213459014893,"Unknown"
"7014854",371863,2025-07-25 19:12:33,43.153995513916,-9.21422100067139,"Unknown"
"7014854",371863,2025-07-25 19:17:37,43.1558837890625,-9.21072578430176,"Unknown"
"7014854",371863,2025-07-25 19:22:37,43.1559181213379,-9.21084022521973,"Unknown"
"7014854",371863,2025-07-25 19:27:34,43.155876159668,-9.21080780029297,"Unknown"
"7014854",371863,2025-07-25 19:32:33,43.1558685302734,-9.21079063415527,"Unknown"
"7014854",371863,2025-07-25 19:37:33,43.1558265686035,-9.21081352233887,"Unknown"
"7014854",371863,2025-07-25 19:42:34,43.159008026123,-9.20719909667969,"Unknown"
"7014854",371863,2025-07-25 19:47:36,43.1554298400879,-9.20076179504395,"Unknown"
"7014854",371863,2025-07-25 19:52:34,43.1608238220215,-9.1883020401001,"Unknown"
"7014854",371863,2025-07-25 19:57:33,43.1722831726074,-9.17618656158447,"Unknown"
"7014854",371863,2025-07-25 20:02:34,43.1871719360352,-9.17001438140869,"Unknown"
"7014854",371863,2025-07-25 20:07:33,43.1894340515137,-9.14476299285889,"Unknown"
"7014854",371863,2025-07-25 20:12:36,43.195930480957,-9.12199783325195,"Unknown"
"7014854",371863,2025-07-25 20:17:33,43.1988296508789,-9.11728191375732,"Unknown"
"7014854",371863,2025-07-25 20:22:34,43.1987686157227,-9.11728668212891,"Unknown"
"7014854",371863,2025-07-25 20:27:33,43.1935615539551,-9.09672355651855,"Unknown"
"7014854",371863,2025-07-25 20:32:34,43.1867828369141,-9.07053470611572,"Unknown"
"7014854",371863,2025-07-25 20:37:34,43.1908340454102,-9.05014324188232,"Unknown"
"7014854",371863,2025-07-25 20:42:33,43.2030448913574,-9.0380277633667,"Unknown"
"7014854",371863,2025-07-25 20:47:36,43.2150840759277,-9.02995491027832,"Unknown"
"7014854",371863,2025-07-25 20:52:34,43.2255516052246,-9.01322746276855,"Unknown"
"7014854",371863,2025-07-25 20:57:33,43.2309303283691,-9.00350761413574,"Unknown"
"7014854",371863,2025-07-25 21:02:33,43.2388191223145,-8.98449897766113,"Unknown"
"7014854",371863,2025-07-25 21:07:34,43.2394943237305,-8.96455669403076,"Unknown"
"7014854",371863,2025-07-25 21:12:36,43.2396392822266,-8.96470737457275,"Unknown"
"7014854",371863,2025-07-25 21:17:36,43.2396354675293,-8.96483612060547,"Unknown"
"7014854",371863,2025-07-25 21:22:32,43.2517852783203,-8.95969104766846,"Unknown"
"7014854",371863,2025-07-25 21:27:34,43.2629699707031,-8.96375274658203,"Unknown"
"7014854",371863,2025-07-25 21:32:34,43.2629699707031,-8.96378707885742,"Unknown"
"7014854",371863,2025-07-25 21:37:36,43.2631301879883,-8.96369075775146,"Unknown"
"7014854",371863,2025-07-25 21:42:34,43.2631492614746,-8.96368885040283,"Unknown"
"7014854",371863,2025-07-25 21:47:37,43.2631072998047,-8.96386528015137,"Unknown"
"7014854",371863,2025-07-25 21:52:36,43.263126373291,-8.9638729095459,"Unknown"
"7014854",371863,2025-07-25 21:57:38,43.2630996704102,-8.96389770507812,"Unknown"
"7014854",371863,2025-07-25 22:02:36,43.2630462646484,-8.96393013000488,"Unknown"
"7014854",371863,2025-07-25 22:07:36,43.2630462646484,-8.9639368057251,"Unknown"
"7014854",371863,2025-07-25 22:12:33,43.2631797790527,-8.96389198303223,"Unknown"
"7014854",371863,2025-07-25 22:17:34,43.2630729675293,-8.96395301818848,"Unknown"
"7014854",371863,2025-07-25 22:22:33,43.2629699707031,-8.96398735046387,"Unknown"
"7014854",371863,2025-07-25 22:27:34,43.262866973877,-8.96413898468018,"Unknown"
"7014854",371863,2025-07-25 22:32:33,43.2629280090332,-8.96412372589111,"Unknown"
"7014854",371863,2025-07-25 22:37:34,43.2630081176758,-8.96413803100586,"Unknown"
"7014854",371863,2025-07-25 22:42:34,43.2632789611816,-8.96419525146484,"Unknown"
"7014854",371863,2025-07-25 22:47:36,43.2632598876953,-8.96436500549316,"Unknown"
"7014854",371863,2025-07-25 22:52:37,43.2632942199707,-8.96440124511719,"Unknown"
"7014854",371863,2025-07-25 22:57:37,43.2632751464844,-8.96432018280029,"Unknown"
"7014854",371863,2025-07-25 23:02:39,43.2633094787598,-8.96438503265381,"Unknown"
"7014854",371863,2025-07-25 23:07:33,43.2633514404297,-8.96429920196533,"Unknown"
"7014854",371863,2025-07-25 23:12:37,43.2632789611816,-8.96432018280029,"Unknown"
"7014854",371863,2025-07-25 23:17:36,43.2632904052734,-8.96443367004395,"Unknown"
"7014854",371863,2025-07-25 23:22:33,43.263298034668,-8.96433448791504,"Unknown"
"7014854",371863,2025-07-25 23:27:39,43.2632331848145,-8.96449375152588,"Unknown"
"7014854",371863,2025-07-25 23:32:39,43.2632217407227,-8.96443939208984,"Unknown"
"7014854",371863,2025-07-25 23:37:39,43.2632217407227,-8.96440124511719,"Unknown"
"7014854",371863,2025-07-25 23:42:39,43.2632675170898,-8.96437644958496,"Unknown"
"7014854",371863,2025-07-25 23:47:42,43.2635688781738,-8.96413516998291,"Unknown"
"7014854",371863,2025-07-25 23:52:39,43.2632751464844,-8.96412944793701,"Unknown"
"7014854",371863,2025-07-25 23:57:40,43.2630195617676,-8.96408748626709,"Unknown"
"7014854",371863,2025-07-26 00:02:33,43.2630271911621,-8.96469116210938,"Unknown"
"7014854",371863,2025-07-26 00:07:33,43.2626876831055,-8.96411228179932,"Unknown"
"7014854",371863,2025-07-26 00:12:39,43.2630310058594,-8.96405410766602,"Unknown"
"7014854",371863,2025-07-26 00:17:33,43.2703895568848,-8.95627021789551,"Unknown"
"7014854",371863,2025-07-26 00:22:36,43.2633171081543,-8.96416473388672,"Unknown"
"7014854",371863,2025-07-26 00:27:34,43.263313293457,-8.96470546722412,"Unknown"
"7014854",371863,2025-07-26 00:32:39,43.2632064819336,-8.96454334259033,"Unknown"
"7014854",371863,2025-07-26 00:37:39,43.2630920410156,-8.96462345123291,"Unknown"
"7014854",371863,2025-07-26 00:42:38,43.2630767822266,-8.96431636810303,"Unknown"
"7014854",371863,2025-07-26 00:47:46,43.2635345458984,-8.96442317962646,"Unknown"
"7014854",371863,2025-07-26 00:53:05,43.2628173828125,-8.96400928497314,"Unknown"
"7014854",371863,2025-07-26 00:57:32,43.2628440856934,-8.96410465240479,"Unknown"
"7014854",371863,2025-07-26 01:02:34,43.2627563476562,-8.96398258209229,"Unknown"
"7014854",371863,2025-07-26 01:07:33,43.2666053771973,-8.95916652679443,"Unknown"
"7014854",371863,2025-07-26 01:12:32,43.2598533630371,-8.96255588531494,"Unknown"
"7014854",371863,2025-07-26 01:17:33,43.2628211975098,-8.96404361724854,"Unknown"
"7014854",371863,2025-07-26 01:22:33,43.2630882263184,-8.96418762207031,"Unknown"
"7014854",371863,2025-07-26 01:27:32,43.263111114502,-8.96432876586914,"Unknown"
"7014854",371863,2025-07-26 01:32:33,43.2632026672363,-8.96433353424072,"Unknown"
"7014854",371863,2025-07-26 01:37:34,43.2628479003906,-8.96390151977539,"Unknown"
"7014854",371863,2025-07-26 01:42:33,43.2621269226074,-8.96340274810791,"Unknown"
"7014854",371863,2025-07-26 01:47:34,43.2628746032715,-8.96407508850098,"Unknown"
"7014854",371863,2025-07-26 01:52:34,43.2626609802246,-8.96392250061035,"Unknown"
"7014854",371863,2025-07-26 01:57:39,43.2627258300781,-8.96388244628906,"Unknown"
"7014854",371863,2025-07-26 02:02:36,43.2627067565918,-8.9638843536377,"Unknown"
"7014854",371863,2025-07-26 02:07:41,43.2627639770508,-8.96387100219727,"Unknown"
"7014854",371863,2025-07-26 02:12:37,43.2627754211426,-8.96399974822998,"Unknown"
"7014854",371863,2025-07-26 02:17:33,43.2627334594727,-8.96385955810547,"Unknown"
"7014854",371863,2025-07-26 02:22:37,43.2529640197754,-8.95788860321045,"Unknown"
"7014854",371863,2025-07-26 02:27:37,43.2497367858887,-8.9584379196167,"Unknown"
"7014854",371863,2025-07-26 02:32:36,43.2495994567871,-8.95871734619141,"Unknown"
"7014854",371863,2025-07-26 02:37:34,43.2580757141113,-8.96260166168213,"Unknown"
"7014854",371863,2025-07-26 02:42:39,43.262622833252,-8.96385383605957,"Unknown"
"7014854",371863,2025-07-26 02:47:43,43.2625732421875,-8.96394824981689,"Unknown"
"7014854",371863,2025-07-26 02:52:40,43.2625503540039,-8.96364212036133,"Unknown"
"7014854",371863,2025-07-26 02:57:37,43.2625732421875,-8.96393013000488,"Unknown"
"7014854",371863,2025-07-26 03:02:38,43.2626342773438,-8.96326446533203,"Unknown"
"7014854",371863,2025-07-26 03:07:39,43.2626647949219,-8.96359825134277,"Unknown"
"7014854",371863,2025-07-26 03:12:33,43.262825012207,-8.96365070343018,"Unknown"
"7014854",371863,2025-07-26 03:17:34,43.2631340026855,-8.96423816680908,"Unknown"
"7014854",371863,2025-07-26 03:22:34,43.2628326416016,-8.96353244781494,"Unknown"
"7014854",371863,2025-07-26 03:27:38,43.2627143859863,-8.96365833282471,"Unknown"
"7014854",371863,2025-07-26 03:32:32,43.2629051208496,-8.96386432647705,"Unknown"
"7014854",371863,2025-07-26 03:37:37,43.2625045776367,-8.9632043838501,"Unknown"
"7014854",371863,2025-07-26 03:42:34,43.2626609802246,-8.96353340148926,"Unknown"
"7014854",371863,2025-07-26 03:47:32,43.2625541687012,-8.96323108673096,"Unknown"
"7014854",371863,2025-07-26 03:52:33,43.2625274658203,-8.96315097808838,"Unknown"
"7014854",371863,2025-07-26 03:57:34,43.2627944946289,-8.96387481689453,"Unknown"
"7014854",371863,2025-07-26 04:02:32,43.2626152038574,-8.96328735351562,"Unknown"
"7014854",371863,2025-07-26 04:07:36,43.2629013061523,-8.96367359161377,"Unknown"
"7014854",371863,2025-07-26 04:12:33,43.2631378173828,-8.9641637802124,"Unknown"
"7014854",371863,2025-07-26 04:17:33,43.2626647949219,-8.96319770812988,"Unknown"
"7014854",371863,2025-07-26 04:22:34,43.2632293701172,-8.96401405334473,"Unknown"
"7014854",371863,2025-07-26 04:27:34,43.2636070251465,-8.96401882171631,"Unknown"
"7014854",371863,2025-07-26 04:32:33,43.2663040161133,-8.95927047729492,"Unknown"
"7014854",371863,2025-07-26 04:37:32,43.2711181640625,-8.98723697662354,"Unknown"
"7014854",371863,2025-07-26 04:42:43,43.283088684082,-8.98180484771729,"Unknown"
"7014854",371863,2025-07-26 04:47:34,43.2919540405273,-8.96402168273926,"Unknown"
"7014854",371863,2025-07-26 04:52:35,43.29931640625,-8.9401330947876,"Unknown"
"7014854",371863,2025-07-26 04:57:33,43.3079795837402,-8.92721652984619,"Unknown"
"7014854",371863,2025-07-26 05:02:33,43.3165130615234,-8.91515731811523,"Unknown"
"7014854",371863,2025-07-26 05:07:37,43.3202857971191,-8.89947605133057,"Unknown"
"7014854",371863,2025-07-26 05:12:37,43.3265419006348,-8.89186763763428,"Unknown"
"7014854",371863,2025-07-26 05:17:37,43.3322677612305,-8.87776947021484,"Unknown"
"7014854",371863,2025-07-26 05:22:34,43.3419456481934,-8.86622905731201,"Unknown"
"7014854",371863,2025-07-26 05:27:34,43.3512573242188,-8.85636711120605,"Unknown"
"7014854",371863,2025-07-26 05:32:33,43.3504753112793,-8.85415935516357,"Unknown"
"7014854",371863,2025-07-26 05:37:33,43.3607063293457,-8.84316158294678,"Unknown"
"7014854",371863,2025-07-26 05:42:41,43.3606491088867,-8.84105205535889,"Unknown"
"7014854",371863,2025-07-26 05:47:35,43.3605804443359,-8.84112548828125,"Unknown"
"7014854",371863,2025-07-26 05:52:39,43.3605346679688,-8.84106349945068,"Unknown"
"7014854",371863,2025-07-26 05:57:46,43.3604354858398,-8.84112071990967,"Unknown"
"7014854",371863,2025-07-26 06:02:41,43.359920501709,-8.8414134979248,"Unknown"
"7014854",371863,2025-07-26 06:07:39,43.3599700927734,-8.84134292602539,"Unknown"
"7014854",371863,2025-07-26 06:12:52,43.3600120544434,-8.84121227264404,"Unknown"
"7014854",371863,2025-07-26 06:17:36,43.3597526550293,-8.84125804901123,"Unknown"
"7014854",371863,2025-07-26 06:22:39,43.3600196838379,-8.84108066558838,"Unknown"
"7014854",371863,2025-07-26 06:27:43,43.3602867126465,-8.84102916717529,"Unknown"
"7014854",371863,2025-07-26 06:32:39,43.3603324890137,-8.84092998504639,"Unknown"
"7014854",371863,2025-07-26 06:37:36,43.3611297607422,-8.8405818939209,"Unknown"
"7014854",371863,2025-07-26 06:42:32,43.3604850769043,-8.84075832366943,"Unknown"
"7014854",371863,2025-07-26 06:47:39,43.3600234985352,-8.84070587158203,"Unknown"
"7014854",371863,2025-07-26 06:52:40,43.3602828979492,-8.84054851531982,"Unknown"
"7014854",371863,2025-07-26 06:58:05,43.3602638244629,-8.84081268310547,"Unknown"
"7014854",371863,2025-07-26 07:02:31,43.3602256774902,-8.84070682525635,"Unknown"
"7014854",371863,2025-07-26 07:07:31,43.3602752685547,-8.84092712402344,"Unknown"
"7014854",371863,2025-07-26 07:12:33,43.3603172302246,-8.84090423583984,"Unknown"
"7014854",371863,2025-07-26 07:17:31,43.3603591918945,-8.84090614318848,"Unknown"
"7014854",371863,2025-07-26 07:23:33,43.3610725402832,-8.84423351287842,"Unknown"
"7014854",371863,2025-07-26 07:27:30,43.3608779907227,-8.84373092651367,"Unknown"
"7014854",371863,2025-07-26 07:32:33,43.3605117797852,-8.84094715118408,"Unknown"
"7014854",371863,2025-07-26 07:37:32,43.3606033325195,-8.84104919433594,"Unknown"
"7014854",371863,2025-07-26 07:42:32,43.3608360290527,-8.84121894836426,"Unknown"
"7014854",371863,2025-07-26 07:47:33,43.3608703613281,-8.84119606018066,"Unknown"
"7014854",371863,2025-07-26 07:52:33,43.3608436584473,-8.8412036895752,"Unknown"
"7014854",371863,2025-07-26 07:57:32,43.3609008789062,-8.8411979675293,"Unknown"
"7014854",371863,2025-07-26 08:02:36,43.3600273132324,-8.8411979675293,"Unknown"
"7014854",371863,2025-07-26 08:07:36,43.3605194091797,-8.83998203277588,"Unknown"
"7014854",371863,2025-07-26 08:12:39,43.3604164123535,-8.84088802337646,"Unknown"
"7014854",371863,2025-07-26 08:17:39,43.3603782653809,-8.84090614318848,"Unknown"
"7014854",371863,2025-07-26 08:22:39,43.3603553771973,-8.84090232849121,"Unknown"
"7014854",371863,2025-07-26 08:27:39,43.3603858947754,-8.84086799621582,"Unknown"
"7014854",371863,2025-07-26 08:32:37,43.3602828979492,-8.84100246429443,"Unknown"
"7014854",371863,2025-07-26 08:37:32,43.3608627319336,-8.84414005279541,"Unknown"
"7014854",371863,2025-07-26 08:42:32,43.3587341308594,-8.85093116760254,"Unknown"
"7014854",371863,2025-07-26 08:47:33,43.3606910705566,-8.83735847473145,"Unknown"
"7014854",371863,2025-07-26 08:52:33,43.3602905273438,-8.84083366394043,"Unknown"
"7014854",371863,2025-07-26 08:57:39,43.3603591918945,-8.84078407287598,"Unknown"
"7014854",371863,2025-07-26 09:02:33,43.360221862793,-8.84065628051758,"Unknown"
"7014854",371863,2025-07-26 09:07:34,43.3603630065918,-8.84084224700928,"Unknown"
"7014854",371863,2025-07-26 09:12:40,43.3603591918945,-8.84095001220703,"Unknown"
"7014854",371863,2025-07-26 09:17:32,43.3604011535645,-8.8408727645874,"Unknown"
"7014854",371863,2025-07-26 09:22:32,43.3604698181152,-8.84084701538086,"Unknown"
"7014854",371863,2025-07-26 09:27:36,43.3604049682617,-8.84090328216553,"Unknown"
"7014854",371863,2025-07-26 09:32:34,43.3603668212891,-8.8409481048584,"Unknown"
"7014854",371863,2025-07-26 09:37:37,43.3603172302246,-8.84095859527588,"Unknown"
"7014854",371863,2025-07-26 09:42:34,43.3603782653809,-8.84096813201904,"Unknown"
"7014854",371863,2025-07-26 09:47:39,43.3603935241699,-8.84064388275146,"Unknown"
"7014854",371863,2025-07-26 09:52:59,43.3603553771973,-8.84067440032959,"Unknown"
"7014854",371863,2025-07-26 09:57:33,43.3603286743164,-8.84088325500488,"Unknown"
"7014854",371863,2025-07-26 10:02:34,43.3603324890137,-8.84086608886719,"Unknown"
"7014854",371863,2025-07-26 10:07:36,43.3603744506836,-8.84087181091309,"Unknown"
"7014854",371863,2025-07-26 10:12:34,43.3603515625,-8.84092712402344,"Unknown"
"7014854",371863,2025-07-26 10:17:33,43.3603858947754,-8.84097385406494,"Unknown"
"7014854",371863,2025-07-26 10:22:33,43.3603630065918,-8.84100818634033,"Unknown"
"7014854",371863,2025-07-26 10:27:44,43.3602523803711,-8.84096050262451,"Unknown"
"7014854",371863,2025-07-26 10:32:34,43.360221862793,-8.84085750579834,"Unknown"
"7014854",371863,2025-07-26 10:37:39,43.3602752685547,-8.84110641479492,"Unknown"
"7014854",371863,2025-07-26 10:42:36,43.3602447509766,-8.84127426147461,"Unknown"
"7014854",371863,2025-07-26 10:47:44,43.3599510192871,-8.84146213531494,"Unknown"
"7014854",371863,2025-07-26 10:52:41,43.3602294921875,-8.84087944030762,"Unknown"
"7014854",371863,2025-07-26 10:57:50,43.3599243164062,-8.84119129180908,"Unknown"
"7014854",371863,2025-07-26 11:02:35,43.3602905273438,-8.84100723266602,"Unknown"
"7014854",371863,2025-07-26 11:07:39,43.3602600097656,-8.84069538116455,"Unknown"
"7014854",371863,2025-07-26 11:12:34,43.3603630065918,-8.84051990509033,"Unknown"
"7014854",371863,2025-07-26 11:17:40,43.3604049682617,-8.84066581726074,"Unknown"
"7014854",371863,2025-07-26 11:22:34,43.3600387573242,-8.84124565124512,"Unknown"
"7014854",371863,2025-07-26 11:27:38,43.3601150512695,-8.84118461608887,"Unknown"
"7014854",371863,2025-07-26 11:32:40,43.3600463867188,-8.84117412567139,"Unknown"
"7014854",371863,2025-07-26 11:37:40,43.3604431152344,-8.84099769592285,"Unknown"
"7014854",371863,2025-07-26 11:42:37,43.3605461120605,-8.84109020233154,"Unknown"
"7014854",371863,2025-07-26 11:47:38,43.3604431152344,-8.84064483642578,"Unknown"
"7014854",371863,2025-07-26 11:52:37,43.3603858947754,-8.84068584442139,"Unknown"
"7014854",371863,2025-07-26 11:57:40,43.3603973388672,-8.84071063995361,"Unknown"
"7014854",371863,2025-07-26 12:02:36,43.3604316711426,-8.8410816192627,"Unknown"
"7014854",371863,2025-07-26 12:07:37,43.3602676391602,-8.84118556976318,"Unknown"
"7014854",371863,2025-07-26 12:12:59,43.3605842590332,-8.84063339233398,"Unknown"
"7014854",371863,2025-07-26 12:18:05,43.3602561950684,-8.84106540679932,"Unknown"
"7014854",371863,2025-07-26 12:22:32,43.3602600097656,-8.84096813201904,"Unknown"
"7014854",371863,2025-07-26 12:27:31,43.3602027893066,-8.840989112854,"Unknown"
"7014854",371863,2025-07-26 12:32:32,43.360279083252,-8.84086608886719,"Unknown"
"7014854",371863,2025-07-26 12:37:32,43.3603553771973,-8.84103107452393,"Unknown"
"7014854",371863,2025-07-26 12:42:32,43.3602828979492,-8.84095668792725,"Unknown"
"7014854",371863,2025-07-26 12:47:31,43.3633460998535,-8.8354320526123,"Unknown"
"7014854",371863,2025-07-26 12:52:32,43.3671035766602,-8.83078098297119,"Unknown"
"7014854",371863,2025-07-26 12:57:32,43.3606986999512,-8.82687091827393,"Unknown"
"7014854",371863,2025-07-26 13:02:32,43.358512878418,-8.83188247680664,"Unknown"
"7014854",371863,2025-07-26 13:07:32,43.3585510253906,-8.83189392089844,"Unknown"
"7014854",371863,2025-07-26 13:12:32,43.3586540222168,-8.83191394805908,"Unknown"
"7014854",371863,2025-07-26 13:17:39,43.3584594726562,-8.83184623718262,"Unknown"
"7014854",371863,2025-07-26 13:22:33,43.3584327697754,-8.83193683624268,"Unknown"
"7014854",371863,2025-07-26 13:27:37,43.3583297729492,-8.83166122436523,"Unknown"
"7014854",371863,2025-07-26 13:32:33,43.358512878418,-8.83195114135742,"Unknown"
"7014854",371863,2025-07-26 13:37:33,43.3593482971191,-8.8460693359375,"Unknown"
"7014854",371863,2025-07-26 13:42:32,43.3216590881348,-8.86777019500732,"Unknown"
"7014854",371863,2025-07-26 13:47:33,43.3121223449707,-8.91289138793945,"Unknown"
"7014854",371863,2025-07-26 13:52:36,43.2903022766113,-8.95576763153076,"Unknown"
"7014854",371863,2025-07-26 13:57:33,43.2624282836914,-8.98673248291016,"Unknown"
"7014854",371863,2025-07-26 14:03:23,43.2368507385254,-9.00664043426514,"Unknown"
"7014854",371863,2025-07-26 14:07:51,43.2180290222168,-9.03512668609619,"Unknown"
"7014854",371863,2025-07-26 14:12:44,43.2076797485352,-9.04141521453857,"Unknown"
"7014854",371863,2025-07-26 14:17:43,43.1860237121582,-9.04764175415039,"Unknown"
"7014854",371863,2025-07-26 14:22:42,43.1869201660156,-9.04939270019531,"Unknown"
"7014854",371863,2025-07-26 14:27:59,43.1872100830078,-9.04991340637207,"Unknown"
"7014854",371863,2025-07-26 14:32:42,43.1869583129883,-9.04956340789795,"Unknown"
"7014854",371863,2025-07-26 14:37:45,43.1871948242188,-9.04987812042236,"Unknown"
"7014854",371863,2025-07-26 14:42:39,43.1872520446777,-9.04993534088135,"Unknown"
"7014854",371863,2025-07-26 14:47:39,43.1870880126953,-9.04961967468262,"Unknown"
"7014854",371863,2025-07-26 14:52:41,43.1870498657227,-9.04943180084229,"Unknown"
"7014854",371863,2025-07-26 14:57:36,43.1869888305664,-9.0494327545166,"Unknown"
"7014854",371863,2025-07-26 15:02:34,43.1869506835938,-9.0495023727417,"Unknown"
"7014854",371863,2025-07-26 15:07:36,43.1870956420898,-9.04957580566406,"Unknown"
"7014854",371863,2025-07-26 15:12:33,43.1870498657227,-9.05319881439209,"Unknown"
"7014854",371863,2025-07-26 15:17:36,43.1861305236816,-9.09476184844971,"Unknown"
"7014854",371863,2025-07-26 15:22:36,43.1899833679199,-9.13551425933838,"Unknown"
"7014854",371863,2025-07-26 15:27:53,43.1803283691406,-9.17795276641846,"Unknown"
"7014854",371863,2025-07-26 15:32:51,43.1804733276367,-9.17817306518555,"Unknown"
"7014854",371863,2025-07-26 15:37:43,43.1803283691406,-9.17782211303711,"Unknown"
"7014854",371863,2025-07-26 15:42:36,43.1804237365723,-9.17797470092773,"Unknown"
"7014854",371863,2025-07-26 15:47:36,43.1804161071777,-9.17792224884033,"Unknown"
"7014854",371863,2025-07-26 15:53:13,43.1804962158203,-9.17783641815186,"Unknown"
"7014854",371863,2025-07-26 15:57:37,43.1804161071777,-9.17792415618896,"Unknown"
"7014854",371863,2025-07-26 16:02:37,43.180362701416,-9.17788982391357,"Unknown"
"7014854",371863,2025-07-26 16:07:32,43.1804237365723,-9.17812156677246,"Unknown"
"7014854",371863,2025-07-26 16:12:40,43.1802711486816,-9.17789554595947,"Unknown"
"7014854",371863,2025-07-26 16:17:35,43.1805877685547,-9.17822360992432,"Unknown"
"7014854",371863,2025-07-26 16:22:46,43.1807594299316,-9.17924404144287,"Unknown"
"7014854",371863,2025-07-26 16:27:39,43.1805992126465,-9.17817687988281,"Unknown"
"7014854",371863,2025-07-26 16:33:05,43.1803245544434,-9.17802429199219,"Unknown"
"7014854",371863,2025-07-26 16:37:39,43.1802940368652,-9.17795085906982,"Unknown"
"7014854",371863,2025-07-26 16:42:38,43.1803016662598,-9.17806816101074,"Unknown"
"7014854",371863,2025-07-26 16:47:35,43.1805000305176,-9.17845630645752,"Unknown"
"7014854",371863,2025-07-26 16:53:03,43.1811676025391,-9.17807102203369,"Unknown"
"7014854",371863,2025-07-26 16:57:33,43.1811485290527,-9.17801380157471,"Unknown"
"7014854",371863,2025-07-26 17:02:33,43.1804389953613,-9.17797374725342,"Unknown"
"7014854",371863,2025-07-26 17:07:31,43.1804466247559,-9.17796230316162,"Unknown"
"7014854",371863,2025-07-26 17:12:32,43.180492401123,-9.17791748046875,"Unknown"
"7014854",371863,2025-07-26 17:17:32,43.1805801391602,-9.17795276641846,"Unknown"
"7014854",371863,2025-07-26 17:22:31,43.1780700683594,-9.16313934326172,"Unknown"
"7014854",371863,2025-07-26 17:27:31,43.1893730163574,-9.14051151275635,"Unknown"
"7014854",371863,2025-07-26 17:32:33,43.1955261230469,-9.12199211120605,"Unknown"
"7014854",371863,2025-07-26 17:37:32,43.199348449707,-9.11742496490479,"Unknown"
"7014854",371863,2025-07-26 17:42:39,43.1992874145508,-9.11754512786865,"Unknown"
"7014854",371863,2025-07-26 17:47:32,43.1993103027344,-9.11754035949707,"Unknown"
"7014854",371863,2025-07-26 17:52:31,43.199291229248,-9.11750030517578,"Unknown"
"7014854",371863,2025-07-26 17:57:32,43.1992263793945,-9.11745071411133,"Unknown"
"7014854",371863,2025-07-26 18:02:31,43.1930885314941,-9.09732818603516,"Unknown"
"7014854",371863,2025-07-26 18:07:32,43.1975326538086,-9.06669235229492,"Unknown"
"7014854",371863,2025-07-26 18:12:32,43.2075080871582,-9.04249477386475,"Unknown"
"7014854",371863,2025-07-26 18:17:31,43.2114601135254,-9.02325439453125,"Unknown"
"7014854",371863,2025-07-26 18:22:32,43.2229766845703,-9.00461101531982,"Unknown"
"7014854",371863,2025-07-26 18:27:31,43.2369575500488,-9.00550651550293,"Unknown"
"7014854",371863,2025-07-26 18:32:32,43.2496681213379,-8.99322128295898,"Unknown"
"7014854",371863,2025-07-26 18:37:33,43.2533493041992,-8.99548816680908,"Unknown"
"7014854",371863,2025-07-26 18:42:33,43.2597618103027,-8.99136543273926,"Unknown"
"7014854",371863,2025-07-26 18:47:33,43.2752304077148,-8.99015617370605,"Unknown"
"7014854",371863,2025-07-26 18:52:34,43.282958984375,-8.98028564453125,"Unknown"
"7014854",371863,2025-07-26 18:57:32,43.2856101989746,-8.95929050445557,"Unknown"
"7014854",371863,2025-07-26 19:02:36,43.2887496948242,-8.94097137451172,"Unknown"
"7014854",371863,2025-07-26 19:07:32,43.2931518554688,-8.92055416107178,"Unknown"
"7014854",371863,2025-07-26 19:12:35,43.312614440918,-8.91226387023926,"Unknown"
"7014854",371863,2025-07-26 19:17:38,43.3188171386719,-8.894606590271,"Unknown"
"7014854",371863,2025-07-26 19:22:33,43.321475982666,-8.86681365966797,"Unknown"
"7014854",371863,2025-07-26 19:27:32,43.3382186889648,-8.85605716705322,"Unknown"
"7014854",371863,2025-07-26 19:32:32,43.3537063598633,-8.85350131988525,"Unknown"
"7014854",371863,2025-07-26 19:37:34,43.3602752685547,-8.84089851379395,"Unknown"
"7014854",371863,2025-07-26 19:42:33,43.3601875305176,-8.84093952178955,"Unknown"
"7014854",371863,2025-07-26 19:47:33,43.3602333068848,-8.84079170227051,"Unknown"
"7014854",371863,2025-07-26 19:52:32,43.3602409362793,-8.84104251861572,"Unknown"
"7014854",371863,2025-07-26 19:57:32,43.3602256774902,-8.84068489074707,"Unknown"
"7014854",371863,2025-07-26 20:02:32,43.3603019714355,-8.84094429016113,"Unknown"
"7014854",371863,2025-07-26 20:07:32,43.3603363037109,-8.84125709533691,"Unknown"
"7014854",371863,2025-07-26 20:12:32,43.3601531982422,-8.84088611602783,"Unknown"
"7014854",371863,2025-07-26 20:17:32,43.360179901123,-8.84115982055664,"Unknown"
"7014854",371863,2025-07-26 20:22:32,43.3599586486816,-8.84081935882568,"Unknown"
"7014854",371863,2025-07-26 20:27:32,43.3604049682617,-8.84108448028564,"Unknown"
"7014854",371863,2025-07-26 20:32:38,43.3596992492676,-8.84090328216553,"Unknown"
"7014854",371863,2025-07-26 20:37:32,43.359992980957,-8.84081077575684,"Unknown"
"7014854",371863,2025-07-26 20:42:32,43.3602066040039,-8.84126949310303,"Unknown"
"7014854",371863,2025-07-26 20:47:33,43.3601036071777,-8.84073162078857,"Unknown"
"7014854",371863,2025-07-26 20:52:33,43.3601264953613,-8.84073162078857,"Unknown"
"7014854",371863,2025-07-26 20:57:33,43.3601989746094,-8.84072685241699,"Unknown"
"7014854",371863,2025-07-26 21:02:33,43.3602523803711,-8.84065437316895,"Unknown"
"7014854",371863,2025-07-26 21:07:32,43.3602981567383,-8.84063720703125,"Unknown"
"7014854",371863,2025-07-26 21:12:36,43.3603324890137,-8.84073638916016,"Unknown"
"7014854",371863,2025-07-26 21:17:36,43.3603286743164,-8.84071445465088,"Unknown"
"7014854",371863,2025-07-26 21:22:41,43.3603401184082,-8.84068012237549,"Unknown"
"7014854",371863,2025-07-26 21:27:33,43.3603706359863,-8.84072971343994,"Unknown"
"7014854",371863,2025-07-26 21:32:32,43.3603973388672,-8.84070682525635,"Unknown"
"7014854",371863,2025-07-26 21:37:36,43.3601875305176,-8.84088230133057,"Unknown"
"7014854",371863,2025-07-26 21:42:34,43.3602905273438,-8.84078121185303,"Unknown"
"7014854",371863,2025-07-26 21:47:36,43.3603515625,-8.84061145782471,"Unknown"
"7014854",371863,2025-07-26 21:52:33,43.3604927062988,-8.84085750579834,"Unknown"
"7014854",371863,2025-07-26 21:57:34,43.3603401184082,-8.84066963195801,"Unknown"
"7014854",371863,2025-07-26 22:03:05,43.360237121582,-8.84074020385742,"Unknown"
"7014854",371863,2025-07-26 22:07:31,43.3602905273438,-8.84083652496338,"Unknown"
"7014854",371863,2025-07-26 22:12:32,43.3604202270508,-8.84101295471191,"Unknown"
"7014854",371863,2025-07-26 22:17:32,43.3603591918945,-8.84104347229004,"Unknown"
"7014854",371863,2025-07-26 22:22:32,43.3603286743164,-8.84087562561035,"Unknown"
"7014854",371863,2025-07-26 22:27:32,43.3603744506836,-8.84104537963867,"Unknown"
"7014854",371863,2025-07-26 22:32:32,43.3604125976562,-8.8414421081543,"Unknown"
"7014854",371863,2025-07-26 22:37:32,43.360424041748,-8.84101581573486,"Unknown"
"7014854",371863,2025-07-26 22:42:33,43.3602485656738,-8.84111499786377,"Unknown"
"7014854",371863,2025-07-26 22:47:34,43.3605270385742,-8.84096336364746,"Unknown"
"7014854",371863,2025-07-26 22:52:33,43.3604888916016,-8.84099578857422,"Unknown"
"7014854",371863,2025-07-26 22:57:33,43.3606185913086,-8.84089756011963,"Unknown"
"7014854",371863,2025-07-26 23:02:34,43.3605995178223,-8.8409481048584,"Unknown"
"7014854",371863,2025-07-26 23:07:33,43.3606643676758,-8.84086513519287,"Unknown"
"7014854",371863,2025-07-26 23:12:34,43.3605613708496,-8.84097480773926,"Unknown"
"7014854",371863,2025-07-26 23:17:32,43.3604927062988,-8.84095764160156,"Unknown"
"7014854",371863,2025-07-26 23:22:32,43.3605041503906,-8.8409366607666,"Unknown"
"7014854",371863,2025-07-26 23:27:32,43.3606147766113,-8.84106063842773,"Unknown"
"7014854",371863,2025-07-26 23:32:32,43.3605995178223,-8.8411226272583,"Unknown"
"7014854",371863,2025-07-26 23:37:32,43.3604888916016,-8.84104251861572,"Unknown"
"7014854",371863,2025-07-26 23:42:32,43.3604927062988,-8.84100437164307,"Unknown"
"7014854",371863,2025-07-26 23:47:31,43.3605270385742,-8.84110450744629,"Unknown"
"7014854",371863,2025-07-26 23:52:32,43.3605117797852,-8.84110355377197,"Unknown"
"7014854",371863,2025-07-26 23:57:31,43.3617668151855,-8.84104824066162,"Unknown"
"7014854",371863,2025-07-27 00:02:32,43.3606071472168,-8.84128475189209,"Unknown"
"7014854",371863,2025-07-27 00:07:36,43.3602828979492,-8.84100246429443,"Unknown"
"7014854",371863,2025-07-27 00:12:34,43.3603286743164,-8.84112739562988,"Unknown"
"7014854",371863,2025-07-27 00:17:34,43.3603630065918,-8.84096908569336,"Unknown"
"7014854",371863,2025-07-27 00:22:33,43.3609275817871,-8.84160232543945,"Unknown"
"7014854",371863,2025-07-27 00:27:34,43.3603820800781,-8.84102916717529,"Unknown"
"7014854",371863,2025-07-27 00:32:33,43.3609733581543,-8.84163665771484,"Unknown"
"7014854",371863,2025-07-27 00:37:37,43.3604125976562,-8.84105205535889,"Unknown"
"7014854",371863,2025-07-27 00:42:36,43.3603744506836,-8.84112739562988,"Unknown"
"7014854",371863,2025-07-27 00:47:33,43.3611106872559,-8.84172248840332,"Unknown"
"7014854",371863,2025-07-27 00:52:33,43.3602066040039,-8.84092998504639,"Unknown"
"7014854",371863,2025-07-27 00:57:36,43.3604850769043,-8.84109306335449,"Unknown"
"7014854",371863,2025-07-27 01:02:34,43.3605117797852,-8.84107303619385,"Unknown"
"7014854",371863,2025-07-27 01:07:36,43.360523223877,-8.84106826782227,"Unknown"
"7014854",371863,2025-07-27 01:12:36,43.3605537414551,-8.84113788604736,"Unknown"
"7014854",371863,2025-07-27 01:17:34,43.3605651855469,-8.84114360809326,"Unknown"
"7014854",371863,2025-07-27 01:22:34,43.3605804443359,-8.84112453460693,"Unknown"
"7014854",371863,2025-07-27 01:27:34,43.3605918884277,-8.84119701385498,"Unknown"
"7014854",371863,2025-07-27 01:32:34,43.3602409362793,-8.84086799621582,"Unknown"
"7014854",371863,2025-07-27 01:37:32,43.360179901123,-8.84086227416992,"Unknown"
"7014854",371863,2025-07-27 01:42:34,43.360279083252,-8.84094333648682,"Unknown"
"7014854",371863,2025-07-27 01:47:33,43.3602409362793,-8.84086036682129,"Unknown"
"7014854",371863,2025-07-27 01:52:36,43.3602867126465,-8.84095191955566,"Unknown"
"7014854",371863,2025-07-27 01:57:34,43.360408782959,-8.84091281890869,"Unknown"
"7014854",371863,2025-07-27 02:02:33,43.3619041442871,-8.84236812591553,"Unknown"
"7014854",371863,2025-07-27 02:07:33,43.3605651855469,-8.84062004089355,"Unknown"
"7014854",371863,2025-07-27 02:12:33,43.360523223877,-8.84061431884766,"Unknown"
"7014854",371863,2025-07-27 02:17:34,43.3605270385742,-8.84062480926514,"Unknown"
"7014854",371863,2025-07-27 02:22:35,43.3603172302246,-8.84077739715576,"Unknown"
"7014854",371863,2025-07-27 02:27:36,43.3602104187012,-8.84085464477539,"Unknown"
"7014854",371863,2025-07-27 02:32:32,43.3602638244629,-8.8408317565918,"Unknown"
"7014854",371863,2025-07-27 02:37:34,43.3600959777832,-8.84081840515137,"Unknown"
"7014854",371863,2025-07-27 02:42:32,43.360107421875,-8.84079551696777,"Unknown"
"7014854",371863,2025-07-27 02:47:32,43.3601684570312,-8.84081077575684,"Unknown"
"7014854",371863,2025-07-27 02:52:32,43.3601837158203,-8.84080505371094,"Unknown"
"7014854",371863,2025-07-27 02:57:33,43.3601570129395,-8.8407506942749,"Unknown"
"7014854",371863,2025-07-27 03:02:32,43.3601760864258,-8.84075736999512,"Unknown"
"7014854",371863,2025-07-27 03:07:33,43.3600959777832,-8.84086894989014,"Unknown"
"7014854",371863,2025-07-27 03:12:33,43.3602104187012,-8.84076690673828,"Unknown"
"7014854",371863,2025-07-27 03:17:32,43.3600311279297,-8.84113502502441,"Unknown"
"7014854",371863,2025-07-27 03:22:33,43.3601341247559,-8.84097671508789,"Unknown"
"7014854",371863,2025-07-27 03:27:32,43.3601379394531,-8.84095764160156,"Unknown"
"7014854",371863,2025-07-27 03:32:32,43.3601455688477,-8.84095668792725,"Unknown"
"7014854",371863,2025-07-27 03:37:33,43.360164642334,-8.84084415435791,"Unknown"
"7014854",371863,2025-07-27 03:42:33,43.3602447509766,-8.84090518951416,"Unknown"
"7014854",371863,2025-07-27 03:47:33,43.3601455688477,-8.84083652496338,"Unknown"
"7014854",371863,2025-07-27 03:52:33,43.3602561950684,-8.84094142913818,"Unknown"
"7014854",371863,2025-07-27 03:57:33,43.3602066040039,-8.84081840515137,"Unknown"
"7014854",371863,2025-07-27 04:02:33,43.3599891662598,-8.840407371521,"Unknown"
"7014854",371863,2025-07-27 04:07:42,43.3605880737305,-8.84084987640381,"Unknown"
"7014854",371863,2025-07-27 04:12:36,43.3516044616699,-8.8351354598999,"Unknown"
"7014854",371863,2025-07-27 04:17:43,43.3659934997559,-8.83230113983154,"Unknown"
"7014854",371863,2025-07-27 04:22:44,43.3740768432617,-8.82564258575439,"Unknown"
"7014854",371863,2025-07-27 04:27:45,43.3751411437988,-8.82570171356201,"Unknown"
"7014854",371863,2025-07-27 04:38:55,43.3759651184082,-8.84246158599854,"Unknown"
"7014854",371863,2025-07-27 04:43:19,43.3403701782227,-8.87193965911865,"Unknown"
"7014854",371863,2025-07-27 04:47:40,43.3199996948242,-8.91721630096436,"Unknown"
"7014854",371863,2025-07-27 04:52:36,43.2952919006348,-8.94802379608154,"Unknown"
"7014854",371863,2025-07-27 04:57:32,43.279670715332,-8.99123859405518,"Unknown"
"7014854",371863,2025-07-27 05:02:32,43.2748069763184,-8.99952507019043,"Unknown"
"7014854",371863,2025-07-27 05:07:32,43.2756004333496,-9.00123882293701,"Unknown"
"7014854",371863,2025-07-27 05:12:38,43.2753257751465,-8.9999303817749,"Unknown"
"7014854",371863,2025-07-27 05:17:38,43.2752532958984,-8.99999141693115,"Unknown"
"7014854",371863,2025-07-27 05:22:32,43.2632026672363,-8.99334716796875,"Unknown"
"7014854",371863,2025-07-27 05:27:31,43.2625885009766,-8.98946952819824,"Unknown"
"7014854",371863,2025-07-27 05:32:35,43.2671012878418,-8.97052764892578,"Unknown"
"7014854",371863,2025-07-27 05:37:33,43.2627372741699,-8.98733997344971,"Unknown"
"7014854",371863,2025-07-27 05:42:32,43.2627449035645,-8.98743915557861,"Unknown"
"7014854",371863,2025-07-27 05:47:32,43.2626266479492,-8.98759174346924,"Unknown"
"7014854",371863,2025-07-27 05:52:31,43.2579879760742,-8.98890972137451,"Unknown"
"7014854",371863,2025-07-27 05:57:31,43.2329711914062,-9.00821685791016,"Unknown"
"7014854",371863,2025-07-27 06:02:39,43.224494934082,-9.02817344665527,"Unknown"
"7014854",371863,2025-07-27 06:07:38,43.1949081420898,-9.04065895080566,"Unknown"
"7014854",371863,2025-07-27 06:12:43,43.2024917602539,-9.04046726226807,"Unknown"
"7014854",371863,2025-07-27 06:17:31,43.193546295166,-9.04053497314453,"Unknown"
"7014854",371863,2025-07-27 06:22:32,43.1935501098633,-9.04052352905273,"Unknown"
"7014854",371863,2025-07-27 06:27:31,43.1943778991699,-9.04144763946533,"Unknown"
"7014854",371863,2025-07-27 06:32:32,43.1930656433105,-9.04275226593018,"Unknown"
"7014854",371863,2025-07-27 06:37:31,43.1900749206543,-9.04786777496338,"Unknown"
"7014854",371863,2025-07-27 06:42:38,43.1900291442871,-9.04790592193604,"Unknown"
"7014854",371863,2025-07-27 06:47:40,43.1900062561035,-9.04791259765625,"Unknown"
"7014854",371863,2025-07-27 06:52:47,43.1935157775879,-9.04559516906738,"Unknown"
"7014854",371863,2025-07-27 06:57:39,43.1901512145996,-9.04785346984863,"Unknown"
"7014854",371863,2025-07-27 07:02:32,43.1900863647461,-9.04798316955566,"Unknown"
"7014854",371863,2025-07-27 07:07:32,43.1901054382324,-9.04792308807373,"Unknown"
"7014854",371863,2025-07-27 07:12:32,43.1901435852051,-9.04788589477539,"Unknown"
"7014854",371863,2025-07-27 07:17:32,43.1901473999023,-9.04792213439941,"Unknown"
"7014854",371863,2025-07-27 07:22:33,43.1900749206543,-9.04787349700928,"Unknown"
"7014854",371863,2025-07-27 07:27:36,43.1899032592773,-9.04777336120605,"Unknown"
"7014854",371863,2025-07-27 07:32:32,43.1899375915527,-9.04786777496338,"Unknown"
"7014854",371863,2025-07-27 07:37:32,43.1900978088379,-9.0480260848999,"Unknown"
"7014854",371863,2025-07-27 07:42:32,43.1864204406738,-9.0671443939209,"Unknown"
"7014854",371863,2025-07-27 07:47:32,43.1925163269043,-9.11229133605957,"Unknown"
"7014854",371863,2025-07-27 07:52:33,43.1944580078125,-9.1583137512207,"Unknown"
"7014854",371863,2025-07-27 07:57:32,43.1669273376465,-9.19865131378174,"Unknown"
"7014854",371863,2025-07-27 08:02:31,43.1484298706055,-9.22660636901855,"Unknown"
"7014854",371863,2025-07-27 08:07:32,43.154655456543,-9.24690818786621,"Unknown"
"7014854",371863,2025-07-27 08:12:34,43.1247329711914,-9.24068164825439,"Unknown"
"7014854",371863,2025-07-27 08:17:32,43.1245460510254,-9.24934482574463,"Unknown"
"7014854",371863,2025-07-27 08:22:39,43.1234664916992,-9.25047016143799,"Unknown"
"7014854",371863,2025-07-27 08:27:36,43.1240730285645,-9.25040149688721,"Unknown"
"7014854",371863,2025-07-27 08:32:40,43.105640411377,-9.25136852264404,"Unknown"
"7014854",371863,2025-07-27 08:37:32,43.0792770385742,-9.25088310241699,"Unknown"
"7014854",371863,2025-07-27 08:42:33,43.062370300293,-9.28824901580811,"Unknown"
"7014854",371863,2025-07-27 08:47:37,43.0583534240723,-9.29199504852295,"Unknown"
"7014854",371863,2025-07-27 08:52:41,43.0582275390625,-9.2918119430542,"Unknown"
"7014854",371863,2025-07-27 08:57:45,43.0582427978516,-9.29303550720215,"Unknown"
"7014854",371863,2025-07-27 09:02:38,43.0583419799805,-9.29226779937744,"Unknown"
"7014854",371863,2025-07-27 09:07:40,43.0583610534668,-9.29209518432617,"Unknown"
"7014854",371863,2025-07-27 09:12:37,43.058277130127,-9.29174327850342,"Unknown"
"7014854",371863,2025-07-27 09:17:39,43.0583114624023,-9.29209041595459,"Unknown"
"7014854",371863,2025-07-27 09:22:41,43.0584564208984,-9.29247951507568,"Unknown"
"7014854",371863,2025-07-27 09:27:33,43.0574150085449,-9.29362297058105,"Unknown"
"7014854",371863,2025-07-27 09:32:33,43.0208969116211,-9.29656887054443,"Unknown"
"7014854",371863,2025-07-27 09:37:32,42.9844932556152,-9.27194881439209,"Unknown"
"7014854",371863,2025-07-27 09:42:33,42.9516983032227,-9.28624248504639,"Unknown"
"7014854",371863,2025-07-27 09:52:34,42.9263343811035,-9.33292102813721,"Unknown"
"7014854",371863,2025-07-27 09:57:34,42.9257469177246,-9.33335113525391,"Unknown"
"7014854",371863,2025-07-27 10:02:33,42.9271240234375,-9.33146953582764,"Unknown"
"7014854",371863,2025-07-27 10:07:33,42.9267654418945,-9.33214950561523,"Unknown"
"7014854",371863,2025-07-27 10:12:32,42.9272270202637,-9.33123970031738,"Unknown"
"7014854",371863,2025-07-27 10:17:33,42.9224662780762,-9.30105972290039,"Unknown"
"7014854",371863,2025-07-27 10:22:37,42.9231224060059,-9.29683494567871,"Unknown"
"7014854",371863,2025-07-27 10:27:33,42.9231071472168,-9.2969970703125,"Unknown"
"7014854",371863,2025-07-27 10:32:38,42.9231262207031,-9.29692935943604,"Unknown"
"7014854",371863,2025-07-27 10:37:33,42.9231376647949,-9.29696846008301,"Unknown"
"7014854",371863,2025-07-27 10:42:36,42.9231185913086,-9.29693984985352,"Unknown"
"7014854",371863,2025-07-27 10:47:33,42.9230804443359,-9.2970085144043,"Unknown"
"7014854",371863,2025-07-27 10:52:42,42.9230575561523,-9.29720020294189,"Unknown"
"7014854",371863,2025-07-27 10:57:32,42.9263038635254,-9.29658126831055,"Unknown"
"7014854",371863,2025-07-27 11:02:46,42.9285697937012,-9.29772281646729,"Unknown"
"7014854",371863,2025-07-27 11:07:42,42.9263725280762,-9.29661655426025,"Unknown"
"7014854",371863,2025-07-27 11:13:05,42.9263572692871,-9.2968225479126,"Unknown"
"7014854",371863,2025-07-27 11:17:31,42.9262733459473,-9.29679489135742,"Unknown"
"7014854",371863,2025-07-27 11:22:32,42.9262428283691,-9.2966775894165,"Unknown"
"7014854",371863,2025-07-27 11:27:34,42.9263076782227,-9.29676342010498,"Unknown"
"7014854",371863,2025-07-27 11:32:36,42.926441192627,-9.29671669006348,"Unknown"
"7014854",371863,2025-07-27 11:37:32,42.9262542724609,-9.29659366607666,"Unknown"
"7014854",371863,2025-07-27 11:42:34,42.9263534545898,-9.29666137695312,"Unknown"
"7014854",371863,2025-07-27 11:47:35,42.9263000488281,-9.29663753509521,"Unknown"
"7014854",371863,2025-07-27 11:52:34,42.9263496398926,-9.29673194885254,"Unknown"
"7014854",371863,2025-07-27 11:57:33,42.9260559082031,-9.29651927947998,"Unknown"
"7014854",371863,2025-07-27 12:02:33,42.9263076782227,-9.29684829711914,"Unknown"
"7014854",371863,2025-07-27 12:07:33,42.9263687133789,-9.29677391052246,"Unknown"
"7014854",371863,2025-07-27 12:12:32,42.9264221191406,-9.29688262939453,"Unknown"
"7014854",371863,2025-07-27 12:17:34,42.9263038635254,-9.29687213897705,"Unknown"
"7014854",371863,2025-07-27 12:22:33,42.9263648986816,-9.29696559906006,"Unknown"
"7014854",371863,2025-07-27 12:27:36,42.9262847900391,-9.29682540893555,"Unknown"
"7014854",371863,2025-07-27 12:32:35,42.9262466430664,-9.29691600799561,"Unknown"
"7014854",371863,2025-07-27 12:37:38,42.9262466430664,-9.29653835296631,"Unknown"
"7014854",371863,2025-07-27 12:42:42,42.9263114929199,-9.29650115966797,"Unknown"
"7014854",371863,2025-07-27 12:47:37,42.9260597229004,-9.29670906066895,"Unknown"
"7014854",371863,2025-07-27 12:52:32,42.9268531799316,-9.32138729095459,"Unknown"
"7014854",371863,2025-07-27 12:57:32,42.9339981079102,-9.33011245727539,"Unknown"
"7014854",371863,2025-07-27 13:02:32,42.931037902832,-9.34251022338867,"Unknown"
"7014854",371863,2025-07-27 13:07:32,42.9358139038086,-9.32472991943359,"Unknown"
"7014854",371863,2025-07-27 13:12:32,42.9260406494141,-9.29657363891602,"Unknown"
"7014854",371863,2025-07-27 13:17:39,42.9260330200195,-9.29644393920898,"Unknown"
"7014854",371863,2025-07-27 13:22:34,42.9260139465332,-9.2964506149292,"Unknown"
"7014854",371863,2025-07-27 13:27:37,42.9259605407715,-9.29642486572266,"Unknown"
"7014854",371863,2025-07-27 13:32:37,42.925952911377,-9.2964334487915,"Unknown"
"7014854",371863,2025-07-27 13:38:05,42.9262428283691,-9.29676628112793,"Unknown"
"7014854",371863,2025-07-27 13:42:36,42.9264450073242,-9.29677486419678,"Unknown"
"7014854",371863,2025-07-27 13:47:32,42.9264450073242,-9.29676342010498,"Unknown"
"7014854",371863,2025-07-27 13:52:34,42.9264717102051,-9.29681968688965,"Unknown"
"7014854",371863,2025-07-27 13:57:33,42.9265098571777,-9.29699611663818,"Unknown"
"7014854",371863,2025-07-27 14:02:36,42.9263534545898,-9.29675674438477,"Unknown"
"7014854",371863,2025-07-27 14:07:34,42.9264106750488,-9.29515838623047,"Unknown"
"7014854",371863,2025-07-27 14:12:36,42.9262847900391,-9.29516696929932,"Unknown"
"7014854",371863,2025-07-27 14:17:39,42.9263534545898,-9.2952184677124,"Unknown"
"7014854",371863,2025-07-27 14:23:10,42.926441192627,-9.29531574249268,"Unknown"
"7014854",371863,2025-07-27 14:27:36,42.9264755249023,-9.29576969146729,"Unknown"
"7014854",371863,2025-07-27 14:32:32,42.9268531799316,-9.29608917236328,"Unknown"
"7014854",371863,2025-07-27 14:37:33,42.9263725280762,-9.29526138305664,"Unknown"
"7014854",371863,2025-07-27 14:42:37,42.926212310791,-9.29526996612549,"Unknown"
"7014854",371863,2025-07-27 14:47:34,42.9262580871582,-9.29524040222168,"Unknown"
"7014854",371863,2025-07-27 14:52:34,42.9262962341309,-9.29530143737793,"Unknown"
"7014854",371863,2025-07-27 14:57:35,42.9263496398926,-9.2954568862915,"Unknown"
"7014854",371863,2025-07-27 15:02:33,42.9263191223145,-9.29526519775391,"Unknown"
"7014854",371863,2025-07-27 15:07:32,42.9261932373047,-9.29537296295166,"Unknown"
"7014854",371863,2025-07-27 15:12:32,42.9263000488281,-9.29555034637451,"Unknown"
"7014854",371863,2025-07-27 15:17:32,42.9262313842773,-9.29536533355713,"Unknown"
"7014854",371863,2025-07-27 15:22:32,42.9293670654297,-9.2915506362915,"Unknown"
"7014854",371863,2025-07-27 15:27:33,42.9424362182617,-9.28486633300781,"Unknown"
"7014854",371863,2025-07-27 15:32:33,42.9423904418945,-9.28501319885254,"Unknown"
"7014854",371863,2025-07-27 15:37:33,42.9423713684082,-9.28501605987549,"Unknown"
"7014854",371863,2025-07-27 15:42:33,42.9422798156738,-9.28488636016846,"Unknown"
"7014854",371863,2025-07-27 15:47:39,42.9424095153809,-9.28482246398926,"Unknown"
"7014854",371863,2025-07-27 15:52:47,42.9423332214355,-9.28481578826904,"Unknown"
"7014854",371863,2025-07-27 15:57:37,42.9423484802246,-9.28486251831055,"Unknown"
"7014854",371863,2025-07-27 16:02:36,42.9423370361328,-9.2847843170166,"Unknown"
"7014854",371863,2025-07-27 16:07:33,42.9420356750488,-9.28544044494629,"Unknown"
"7014854",371863,2025-07-27 16:12:33,42.942268371582,-9.2848596572876,"Unknown"
"7014854",371863,2025-07-27 16:17:37,42.9422569274902,-9.28487300872803,"Unknown"
"7014854",371863,2025-07-27 16:22:32,42.9437065124512,-9.28659439086914,"Unknown"
"7014854",371863,2025-07-27 16:27:33,42.9438362121582,-9.28683757781982,"Unknown"
"7014854",371863,2025-07-27 16:32:34,42.9435119628906,-9.28691673278809,"Unknown"
"7014854",371863,2025-07-27 16:37:33,42.9479942321777,-9.28175926208496,"Unknown"
"7014854",371863,2025-07-27 16:42:33,42.9544258117676,-9.2819881439209,"Unknown"
"7014854",371863,2025-07-27 16:47:32,42.9665985107422,-9.26149368286133,"Unknown"
"7014854",371863,2025-07-27 16:52:32,42.990364074707,-9.25963401794434,"Unknown"
"7014854",371863,2025-07-27 16:57:32,43.0078468322754,-9.27172183990479,"Unknown"
"7014854",371863,2025-07-27 17:02:32,43.0296859741211,-9.28347206115723,"Unknown"
"7014854",371863,2025-07-27 17:07:32,43.044750213623,-9.28793525695801,"Unknown"
"7014854",371863,2025-07-27 17:12:33,43.044677734375,-9.28868770599365,"Unknown"
"7014854",371863,2025-07-27 17:17:40,43.0445785522461,-9.28827285766602,"Unknown"
"7014854",371863,2025-07-27 17:22:37,43.0445404052734,-9.28826999664307,"Unknown"
"7014854",371863,2025-07-27 17:27:34,43.0447082519531,-9.28852081298828,"Unknown"
"7014854",371863,2025-07-27 17:32:33,43.0446662902832,-9.28860569000244,"Unknown"
"7014854",371863,2025-07-27 17:37:32,43.0511207580566,-9.29899120330811,"Unknown"
"7014854",371863,2025-07-27 17:42:32,43.0511589050293,-9.29893684387207,"Unknown"
"7014854",371863,2025-07-27 17:47:33,43.0511436462402,-9.29885959625244,"Unknown"
"7014854",371863,2025-07-27 17:52:32,43.0505523681641,-9.29907703399658,"Unknown"
"7014854",371863,2025-07-27 17:57:36,43.0509338378906,-9.2990255355835,"Unknown"
"7014854",371863,2025-07-27 18:02:39,43.0510749816895,-9.29881858825684,"Unknown"
"7014854",371863,2025-07-27 18:07:37,43.0510101318359,-9.29878234863281,"Unknown"
"7014854",371863,2025-07-27 18:12:45,43.0509643554688,-9.29883480072021,"Unknown"
"7014854",371863,2025-07-27 18:17:38,43.0509910583496,-9.2987813949585,"Unknown"
"7014854",371863,2025-07-27 18:22:34,43.0509834289551,-9.29878997802734,"Unknown"
"7014854",371863,2025-07-27 18:27:40,43.0505599975586,-9.29948043823242,"Unknown"
"7014854",371863,2025-07-27 18:32:39,43.0547981262207,-9.30355262756348,"Unknown"
"7014854",371863,2025-07-27 18:37:39,43.0509452819824,-9.29864597320557,"Unknown"
"7014854",371863,2025-07-27 18:42:32,43.0507965087891,-9.29855251312256,"Unknown"
"7014854",371863,2025-07-27 18:47:39,43.0510482788086,-9.29855823516846,"Unknown"
"7014854",371863,2025-07-27 18:52:39,43.0510787963867,-9.29859924316406,"Unknown"
"7014854",371863,2025-07-27 18:57:34,43.051025390625,-9.29848957061768,"Unknown"
"7014854",371863,2025-07-27 19:02:36,43.0510139465332,-9.29860687255859,"Unknown"
"7014854",371863,2025-07-27 19:07:33,43.0509338378906,-9.29856777191162,"Unknown"
"7014854",371863,2025-07-27 19:12:39,43.051025390625,-9.2986011505127,"Unknown"
"7014854",371863,2025-07-27 19:17:33,43.0515823364258,-9.29896545410156,"Unknown"
"7014854",371863,2025-07-27 19:22:45,43.0525588989258,-9.30093193054199,"Unknown"
"7014854",371863,2025-07-27 19:27:32,43.0515823364258,-9.29934787750244,"Unknown"
"7014854",371863,2025-07-27 19:32:38,43.052547454834,-9.29601097106934,"Unknown"
"7014854",371863,2025-07-27 19:37:43,43.0518493652344,-9.29765701293945,"Unknown"
"7014854",371863,2025-07-27 19:42:34,43.0518646240234,-9.29996395111084,"Unknown"
"7014854",371863,2025-07-27 19:48:04,43.0507583618164,-9.29874038696289,"Unknown"
"7014854",371863,2025-07-27 19:52:33,43.055103302002,-9.29931163787842,"Unknown"
"7014854",371863,2025-07-27 19:57:34,43.0547523498535,-9.29650592803955,"Unknown"
"7014854",371863,2025-07-27 20:02:33,43.0556373596191,-9.30173969268799,"Unknown"
"7014854",371863,2025-07-27 20:07:33,43.0478668212891,-9.32000827789307,"Unknown"
"7014854",371863,2025-07-27 20:12:32,43.0450019836426,-9.32327938079834,"Unknown"
"7014854",371863,2025-07-27 20:17:48,43.0420799255371,-9.32046318054199,"Unknown"
"7014854",371863,2025-07-27 20:22:32,43.042797088623,-9.32766246795654,"Unknown"
"7014854",371863,2025-07-27 20:27:32,43.0441207885742,-9.33226871490479,"Unknown"
"7014854",371863,2025-07-27 20:32:33,43.0436782836914,-9.32902145385742,"Unknown"
"7014854",371863,2025-07-27 20:37:40,43.0427093505859,-9.3295316696167,"Unknown"
"7014854",371863,2025-07-27 20:42:38,43.0423240661621,-9.33015727996826,"Unknown"
"7014854",371863,2025-07-27 20:47:37,43.0408020019531,-9.33068943023682,"Unknown"
"7014854",371863,2025-07-27 20:52:36,43.0392417907715,-9.33082008361816,"Unknown"
"7014854",371863,2025-07-27 20:57:33,43.0478172302246,-9.31510925292969,"Unknown"
"7014854",371863,2025-07-27 21:02:34,43.058219909668,-9.29227256774902,"Unknown"
"7014854",371863,2025-07-27 21:07:33,43.0713920593262,-9.27426052093506,"Unknown"
"7014854",371863,2025-07-27 21:12:33,43.086238861084,-9.26052284240723,"Unknown"
"7014854",371863,2025-07-27 21:17:33,43.0958709716797,-9.23369312286377,"Unknown"
"7014854",371863,2025-07-27 21:22:32,43.1014976501465,-9.21774482727051,"Unknown"
"7014854",371863,2025-07-27 21:27:34,43.1017990112305,-9.21745109558105,"Unknown"
"7014854",371863,2025-07-27 21:32:32,43.1018981933594,-9.21752738952637,"Unknown"
"7014854",371863,2025-07-27 21:37:33,43.1014099121094,-9.21768760681152,"Unknown"
"7014854",371863,2025-07-27 21:42:37,43.1021575927734,-9.21743965148926,"Unknown"
"7014854",371863,2025-07-27 21:47:33,43.1013679504395,-9.21776103973389,"Unknown"
"7014854",371863,2025-07-27 21:52:34,43.101203918457,-9.21744823455811,"Unknown"
"7014854",371863,2025-07-27 21:58:05,43.1021575927734,-9.2169885635376,"Unknown"
"7014854",371863,2025-07-27 22:02:31,43.1018562316895,-9.2170352935791,"Unknown"
"7014854",371863,2025-07-27 22:07:31,43.1018333435059,-9.21701431274414,"Unknown"
"7014854",371863,2025-07-27 22:12:31,43.1018104553223,-9.21724128723145,"Unknown"
"7014854",371863,2025-07-27 22:17:32,43.1019058227539,-9.21677684783936,"Unknown"
"7014854",371863,2025-07-27 22:22:41,43.1019058227539,-9.21357727050781,"Unknown"
"7014854",371863,2025-07-27 22:27:43,43.1029472351074,-9.21429538726807,"Unknown"
"7014854",371863,2025-07-27 22:32:39,43.1030082702637,-9.21472835540771,"Unknown"
"7014854",371863,2025-07-27 22:37:43,43.1032829284668,-9.21466255187988,"Unknown"
"7014854",371863,2025-07-27 22:42:40,43.1007766723633,-9.21522521972656,"Unknown"
"7014854",371863,2025-07-27 22:47:45,43.0991592407227,-9.21572685241699,"Unknown"
"7014854",371863,2025-07-27 22:52:40,43.101318359375,-9.21754837036133,"Unknown"
"7014854",371863,2025-07-27 22:57:33,43.1017417907715,-9.21749114990234,"Unknown"
"7014854",371863,2025-07-27 23:02:33,43.101806640625,-9.21753215789795,"Unknown"
"7014854",371863,2025-07-27 23:07:37,43.1015663146973,-9.2174015045166,"Unknown"
"7014854",371863,2025-07-27 23:12:33,43.1022262573242,-9.21778774261475,"Unknown"
"7014854",371863,2025-07-27 23:17:43,43.1019172668457,-9.21762084960938,"Unknown"
"7014854",371863,2025-07-27 23:22:39,43.1018562316895,-9.21757125854492,"Unknown"
"7014854",371863,2025-07-27 23:27:38,43.1018295288086,-9.21756839752197,"Unknown"
"7014854",371863,2025-07-27 23:32:37,43.1018753051758,-9.21764183044434,"Unknown"
"7014854",371863,2025-07-27 23:37:34,43.1018409729004,-9.21749496459961,"Unknown"
"7014854",371863,2025-07-27 23:42:38,43.1017570495605,-9.21741676330566,"Unknown"
"7014854",371863,2025-07-27 23:47:34,43.1017189025879,-9.21739196777344,"Unknown"
"7014854",371863,2025-07-27 23:52:36,43.101375579834,-9.21711349487305,"Unknown"
"7014854",371863,2025-07-27 23:57:32,43.1019134521484,-9.21769714355469,"Unknown"
"7014854",371863,2025-07-28 00:02:42,43.1017646789551,-9.21740341186523,"Unknown"
"7014854",371863,2025-07-28 00:07:40,43.1021766662598,-9.21877002716064,"Unknown"
"7014854",371863,2025-07-28 00:12:41,43.1021041870117,-9.21936798095703,"Unknown"
"7014854",371863,2025-07-28 00:17:40,43.1020164489746,-9.21743202209473,"Unknown"
"7014854",371863,2025-07-28 00:22:33,43.1017189025879,-9.21778583526611,"Unknown"
"7014854",371863,2025-07-28 00:27:39,43.1020736694336,-9.21737670898438,"Unknown"
"7014854",371863,2025-07-28 00:32:39,43.1016311645508,-9.21899509429932,"Unknown"
"7014854",371863,2025-07-28 00:37:39,43.1013946533203,-9.21850776672363,"Unknown"
"7014854",371863,2025-07-28 00:42:40,43.101261138916,-9.21864986419678,"Unknown"
"7014854",371863,2025-07-28 00:47:33,43.101676940918,-9.21883392333984,"Unknown"
"7014854",371863,2025-07-28 00:52:33,43.101936340332,-9.21724510192871,"Unknown"
"7014854",371863,2025-07-28 00:57:33,43.1016235351562,-9.21881580352783,"Unknown"
"7014854",371863,2025-07-28 01:02:32,43.1020088195801,-9.21734714508057,"Unknown"
"7014854",371863,2025-07-28 01:07:38,43.1011123657227,-9.21866703033447,"Unknown"
"7014854",371863,2025-07-28 01:12:39,43.1022033691406,-9.21739387512207,"Unknown"
"7014854",371863,2025-07-28 01:17:32,43.1022033691406,-9.21735286712646,"Unknown"
"7014854",371863,2025-07-28 01:22:33,43.1021575927734,-9.21742057800293,"Unknown"
"7014854",371863,2025-07-28 01:27:32,43.1021347045898,-9.21730613708496,"Unknown"
"7014854",371863,2025-07-28 01:32:39,43.1022109985352,-9.2175407409668,"Unknown"
"7014854",371863,2025-07-28 01:37:34,43.1020965576172,-9.21754932403564,"Unknown"
"7014854",371863,2025-07-28 01:42:34,43.1021041870117,-9.2175407409668,"Unknown"
"7014854",371863,2025-07-28 01:47:39,43.1019744873047,-9.21768474578857,"Unknown"
"7014854",371863,2025-07-28 01:52:45,43.1019592285156,-9.21768665313721,"Unknown"
"7014854",371863,2025-07-28 01:57:48,43.1019096374512,-9.21776294708252,"Unknown"
"7014854",371863,2025-07-28 02:03:05,43.1018753051758,-9.21759510040283,"Unknown"
"7014854",371863,2025-07-28 02:07:31,43.1016502380371,-9.21775341033936,"Unknown"
"7014854",371863,2025-07-28 02:12:31,43.1016540527344,-9.21771144866943,"Unknown"
"7014854",371863,2025-07-28 02:17:31,43.1017074584961,-9.21760272979736,"Unknown"
"7014854",371863,2025-07-28 02:22:32,43.1017570495605,-9.21760749816895,"Unknown"
"7014854",371863,2025-07-28 02:27:32,43.1017303466797,-9.21750068664551,"Unknown"
"7014854",371863,2025-07-28 02:32:31,43.1017799377441,-9.21748733520508,"Unknown"
"7014854",371863,2025-07-28 02:37:32,43.1017303466797,-9.21744346618652,"Unknown"
"7014854",371863,2025-07-28 02:42:32,43.1017074584961,-9.21741199493408,"Unknown"
"7014854",371863,2025-07-28 02:47:32,43.1017799377441,-9.21731758117676,"Unknown"
"7014854",371863,2025-07-28 02:52:32,43.1017189025879,-9.21743679046631,"Unknown"
"7014854",371863,2025-07-28 02:57:34,43.101692199707,-9.21748924255371,"Unknown"
"7014854",371863,2025-07-28 03:02:33,43.1015930175781,-9.21740627288818,"Unknown"
"7014854",371863,2025-07-28 03:07:33,43.1016235351562,-9.21732139587402,"Unknown"
"7014854",371863,2025-07-28 03:12:33,43.1015625,-9.21751594543457,"Unknown"
"7014854",371863,2025-07-28 03:17:32,43.1018028259277,-9.2173318862915,"Unknown"
"7014854",371863,2025-07-28 03:22:32,43.1015930175781,-9.21741962432861,"Unknown"
"7014854",371863,2025-07-28 03:27:33,43.1016387939453,-9.21742534637451,"Unknown"
"7014854",371863,2025-07-28 03:32:33,43.1017532348633,-9.21730136871338,"Unknown"
"7014854",371863,2025-07-28 03:37:33,43.1018524169922,-9.21745204925537,"Unknown"
"7014854",371863,2025-07-28 03:42:33,43.1015205383301,-9.21734428405762,"Unknown"
"7014854",371863,2025-07-28 03:47:32,43.1015167236328,-9.21702671051025,"Unknown"
"7014854",371863,2025-07-28 03:52:32,43.0995292663574,-9.21454906463623,"Unknown"
"7014854",371863,2025-07-28 03:57:39,43.1019020080566,-9.21761894226074,"Unknown"
"7014854",371863,2025-07-28 04:02:34,43.1019439697266,-9.21745491027832,"Unknown"
"7014854",371863,2025-07-28 04:07:36,43.1019477844238,-9.21755599975586,"Unknown"
"7014854",371863,2025-07-28 04:12:36,43.1019668579102,-9.21759033203125,"Unknown"
"7014854",371863,2025-07-28 04:17:39,43.1070938110352,-9.2089262008667,"Unknown"
"7014854",371863,2025-07-28 04:22:44,43.1028251647949,-9.21909427642822,"Unknown"
"7014854",371863,2025-07-28 04:27:44,43.0868186950684,-9.26543807983398,"Unknown"
"7014854",371863,2025-07-28 04:32:42,43.0602645874023,-9.28263378143311,"Unknown"
"7014854",371863,2025-07-28 04:37:40,43.0620574951172,-9.29131889343262,"Unknown"
"7014854",371863,2025-07-28 04:42:33,43.0618438720703,-9.29157829284668,"Unknown"
"7014854",371863,2025-07-28 04:47:43,43.0614929199219,-9.29214286804199,"Unknown"
"7014854",371863,2025-07-28 04:52:43,43.0584030151367,-9.29104042053223,"Unknown"
"7014854",371863,2025-07-28 04:57:36,43.0553779602051,-9.27797698974609,"Unknown"
"7014854",371863,2025-07-28 05:02:43,43.0583648681641,-9.29257774353027,"Unknown"
"7014854",371863,2025-07-28 05:07:37,43.055835723877,-9.28030109405518,"Unknown"
"7014854",371863,2025-07-28 05:12:43,43.0594825744629,-9.29261875152588,"Unknown"
"7014854",371863,2025-07-28 05:17:34,43.0698776245117,-9.28108882904053,"Unknown"
"7014854",371863,2025-07-28 05:22:36,43.0582885742188,-9.29276847839355,"Unknown"
"7014854",371863,2025-07-28 05:27:40,43.0582618713379,-9.2927074432373,"Unknown"
"7014854",371863,2025-07-28 05:32:34,43.0583610534668,-9.29266166687012,"Unknown"
"7014854",371863,2025-07-28 05:37:33,43.0680732727051,-9.28633117675781,"Unknown"
"7014854",371863,2025-07-28 05:42:46,43.0608673095703,-9.28478622436523,"Unknown"
"7014854",371863,2025-07-28 05:47:35,43.0642700195312,-9.29027366638184,"Unknown"
"7014854",371863,2025-07-28 05:52:43,43.0581283569336,-9.29267978668213,"Unknown"
"7014854",371863,2025-07-28 05:57:39,43.0581588745117,-9.29276943206787,"Unknown"
"7014854",371863,2025-07-28 06:02:44,43.0582008361816,-9.29271030426025,"Unknown"
"7014854",371863,2025-07-28 06:07:34,43.0582122802734,-9.29264259338379,"Unknown"
"7014854",371863,2025-07-28 06:12:32,43.0652198791504,-9.29349040985107,"Unknown"
"7014854",371863,2025-07-28 06:17:50,43.067756652832,-9.28543949127197,"Unknown"
"7014854",371863,2025-07-28 06:22:41,43.0570106506348,-9.29169368743896,"Unknown"
"7014854",371863,2025-07-28 06:27:32,43.0576934814453,-9.29156494140625,"Unknown"
"7014854",371863,2025-07-28 06:32:33,43.0589065551758,-9.29275035858154,"Unknown"
"7014854",371863,2025-07-28 06:37:32,43.0569763183594,-9.29171562194824,"Unknown"
"7014854",371863,2025-07-28 06:42:41,43.0570755004883,-9.2916374206543,"Unknown"
"7014854",371863,2025-07-28 06:47:38,43.057502746582,-9.29176807403564,"Unknown"
"7014854",371863,2025-07-28 06:52:45,43.057315826416,-9.29179668426514,"Unknown"
"7014854",371863,2025-07-28 06:57:33,43.0573768615723,-9.29181957244873,"Unknown"
"7014854",371863,2025-07-28 07:02:36,43.057373046875,-9.29182529449463,"Unknown"
"7014854",371863,2025-07-28 07:07:40,43.0575714111328,-9.29167366027832,"Unknown"
"7014854",371863,2025-07-28 07:12:33,43.057373046875,-9.29132747650146,"Unknown"
"7014854",371863,2025-07-28 07:17:40,43.0573539733887,-9.29172229766846,"Unknown"
"7014854",371863,2025-07-28 07:22:38,43.0571441650391,-9.29152584075928,"Unknown"
"7014854",371863,2025-07-28 07:27:33,43.0573539733887,-9.29105091094971,"Unknown"
"7014854",371863,2025-07-28 07:32:32,43.0573806762695,-9.29154491424561,"Unknown"
"7014854",371863,2025-07-28 07:37:34,43.0574340820312,-9.29151821136475,"Unknown"
"7014854",371863,2025-07-28 07:42:38,43.0574264526367,-9.2916202545166,"Unknown"
"7014854",371863,2025-07-28 07:47:38,43.0574378967285,-9.29170322418213,"Unknown"
"7014854",371863,2025-07-28 07:52:39,43.0572814941406,-9.29171466827393,"Unknown"
"7014854",371863,2025-07-28 07:57:34,43.0575790405273,-9.2915506362915,"Unknown"
"7014854",371863,2025-07-28 08:02:33,43.054141998291,-9.28915214538574,"Unknown"
"7014854",371863,2025-07-28 08:07:39,43.0551147460938,-9.2899169921875,"Unknown"
"7014854",371863,2025-07-28 08:12:37,43.0551452636719,-9.289870262146,"Unknown"
"7014854",371863,2025-07-28 08:17:36,43.0551643371582,-9.28986072540283,"Unknown"
"7014854",371863,2025-07-28 08:22:42,43.0551948547363,-9.2899227142334,"Unknown"
"7014854",371863,2025-07-28 08:27:33,43.0551414489746,-9.29022884368896,"Unknown"
"7014854",371863,2025-07-28 08:32:39,43.0551414489746,-9.28985118865967,"Unknown"
"7014854",371863,2025-07-28 08:37:34,43.0551414489746,-9.28983211517334,"Unknown"
"7014854",371863,2025-07-28 08:42:34,43.0551261901855,-9.29031181335449,"Unknown"
"7014854",371863,2025-07-28 08:47:39,43.055103302002,-9.28998470306396,"Unknown"
"7014854",371863,2025-07-28 08:52:36,43.0551071166992,-9.28987884521484,"Unknown"
"7014854",371863,2025-07-28 08:57:39,43.0550956726074,-9.28983783721924,"Unknown"
"7014854",371863,2025-07-28 09:02:35,43.0552215576172,-9.29065132141113,"Unknown"
"7014854",371863,2025-07-28 09:07:42,43.0579948425293,-9.2921199798584,"Unknown"
"7014854",371863,2025-07-28 09:12:39,43.0579261779785,-9.292236328125,"Unknown"
"7014854",371863,2025-07-28 09:17:37,43.0579032897949,-9.29215908050537,"Unknown"
"7014854",371863,2025-07-28 09:22:39,43.0578994750977,-9.29214000701904,"Unknown"
"7014854",371863,2025-07-28 09:27:42,43.0578918457031,-9.29216575622559,"Unknown"
"7014854",371863,2025-07-28 09:32:39,43.0578651428223,-9.29221248626709,"Unknown"
"7014854",371863,2025-07-28 09:37:42,43.0578384399414,-9.29217720031738,"Unknown"
"7014854",371863,2025-07-28 09:42:39,43.0579071044922,-9.29215335845947,"Unknown"
"7014854",371863,2025-07-28 09:47:39,43.0578956604004,-9.29218673706055,"Unknown"
"7014854",371863,2025-07-28 09:52:39,43.057861328125,-9.29226684570312,"Unknown"
"7014854",371863,2025-07-28 09:57:39,43.0578536987305,-9.29219722747803,"Unknown"
"7014854",371863,2025-07-28 10:02:39,43.0571250915527,-9.2921028137207,"Unknown"
"7014854",371863,2025-07-28 10:07:37,43.0439567565918,-9.33751487731934,"Unknown"
"7014854",371863,2025-07-28 10:13:14,43.0226364135742,-9.40142822265625,"Unknown"
"7014854",371863,2025-07-28 10:17:43,42.9885635375977,-9.44225025177002,"Unknown"
"7014854",371863,2025-07-28 10:22:40,42.9776954650879,-9.44870281219482,"Unknown"
"7014854",371863,2025-07-28 10:27:39,42.9732818603516,-9.44826412200928,"Unknown"
"7014854",371863,2025-07-28 10:33:01,42.9684600830078,-9.44809341430664,"Unknown"
"7014854",371863,2025-07-28 10:37:41,42.9642715454102,-9.44818878173828,"Unknown"
"7014854",371863,2025-07-28 10:42:36,42.9593086242676,-9.44738674163818,"Unknown"
"7014854",371863,2025-07-28 10:47:54,42.9548187255859,-9.44704914093018,"Unknown"
"7014854",371863,2025-07-28 10:52:43,42.9507255554199,-9.44632434844971,"Unknown"
"7014854",371863,2025-07-28 10:57:41,42.9460144042969,-9.44482517242432,"Unknown"
"7014854",371863,2025-07-28 11:02:41,42.9420318603516,-9.44345378875732,"Unknown"
"7014854",371863,2025-07-28 11:07:39,42.9380760192871,-9.44186782836914,"Unknown"
"7014854",371863,2025-07-28 11:12:41,42.9338645935059,-9.44044780731201,"Unknown"
"7014854",371863,2025-07-28 11:17:42,42.9297180175781,-9.43910217285156,"Unknown"
"7014854",371863,2025-07-28 11:22:34,42.9257659912109,-9.43725109100342,"Unknown"
"7014854",371863,2025-07-28 11:27:33,42.9216156005859,-9.43609046936035,"Unknown"
"7014854",371863,2025-07-28 11:32:34,42.9172401428223,-9.43458271026611,"Unknown"
"7014854",371863,2025-07-28 11:37:38,42.9129409790039,-9.43301296234131,"Unknown"
"7014854",371863,2025-07-28 11:42:37,42.9083709716797,-9.43284034729004,"Unknown"
"7014854",371863,2025-07-28 11:47:46,42.904167175293,-9.43289852142334,"Unknown"
"7014854",371863,2025-07-28 11:52:47,42.8963165283203,-9.40369606018066,"Unknown"
"7014854",371863,2025-07-28 11:58:02,42.8948707580566,-9.37018489837646,"Unknown"
"7014854",371863,2025-07-28 12:03:27,42.8953514099121,-9.3338565826416,"Unknown"
"7014854",371863,2025-07-28 12:07:32,42.8948707580566,-9.31104850769043,"Unknown"
"7014854",371863,2025-07-28 12:12:38,42.8964080810547,-9.29760837554932,"Unknown"
"7014854",371863,2025-07-28 12:17:35,42.9059448242188,-9.28862190246582,"Unknown"
"7014854",371863,2025-07-28 12:22:39,42.9135627746582,-9.29543876647949,"Unknown"
"7014854",371863,2025-07-28 12:27:36,42.935718536377,-9.29067325592041,"Unknown"
"7014854",371863,2025-07-28 12:32:39,42.9435691833496,-9.28678798675537,"Unknown"
"7014854",371863,2025-07-28 12:37:43,42.9436111450195,-9.2868480682373,"Unknown"
"7014854",371863,2025-07-28 12:42:48,42.9435577392578,-9.2868595123291,"Unknown"
"7014854",371863,2025-07-28 12:47:38,42.9435615539551,-9.28678035736084,"Unknown"
"7014854",371863,2025-07-28 12:52:38,42.9435615539551,-9.28676795959473,"Unknown"
"7014854",371863,2025-07-28 12:58:05,42.9435691833496,-9.28692245483398,"Unknown"
"7014854",371863,2025-07-28 13:02:32,42.9435577392578,-9.28696727752686,"Unknown"
"7014854",371863,2025-07-28 13:07:32,42.9435806274414,-9.28692436218262,"Unknown"
"7014854",371863,2025-07-28 13:13:07,42.9426689147949,-9.28502559661865,"Unknown"
"7014854",371863,2025-07-28 13:17:39,42.9424667358398,-9.28502941131592,"Unknown"
"7014854",371863,2025-07-28 13:22:32,42.9426956176758,-9.28466701507568,"Unknown"
"7014854",371863,2025-07-28 13:27:33,42.9424705505371,-9.28504276275635,"Unknown"
"7014854",371863,2025-07-28 13:32:32,42.9424171447754,-9.28501510620117,"Unknown"
"7014854",371863,2025-07-28 13:37:32,42.9426612854004,-9.28476905822754,"Unknown"
"7014854",371863,2025-07-28 13:42:32,42.9424858093262,-9.28492546081543,"Unknown"
"7014854",371863,2025-07-28 13:47:36,42.9423522949219,-9.28505611419678,"Unknown"
"7014854",371863,2025-07-28 13:52:32,42.9423828125,-9.28503704071045,"Unknown"
"7014854",371863,2025-07-28 13:57:32,42.9424095153809,-9.285080909729,"Unknown"
"7014854",371863,2025-07-28 14:02:32,42.9423408508301,-9.2850923538208,"Unknown"
"7014854",371863,2025-07-28 14:07:35,42.9424591064453,-9.28510284423828,"Unknown"
"7014854",371863,2025-07-28 14:12:36,42.9423065185547,-9.28496837615967,"Unknown"
"7014854",371863,2025-07-28 14:17:36,42.9424285888672,-9.28512573242188,"Unknown"
"7014854",371863,2025-07-28 14:22:34,42.9424743652344,-9.28501796722412,"Unknown"
"7014854",371863,2025-07-28 14:27:33,42.9566955566406,-9.27761268615723,"Unknown"
"7014854",371863,2025-07-28 14:32:36,42.9616012573242,-9.270751953125,"Unknown"
"7014854",371863,2025-07-28 14:37:32,42.9769172668457,-9.26032447814941,"Unknown"
"7014854",371863,2025-07-28 14:42:32,42.9977874755859,-9.25981330871582,"Unknown"
"7014854",371863,2025-07-28 14:47:32,43.0117416381836,-9.27726459503174,"Unknown"
"7014854",371863,2025-07-28 14:52:33,43.0332374572754,-9.28379917144775,"Unknown"
"7014854",371863,2025-07-28 14:57:37,43.0434379577637,-9.29103660583496,"Unknown"
"7014854",371863,2025-07-28 15:02:37,43.0433807373047,-9.29099941253662,"Unknown"
"7014854",371863,2025-07-28 15:07:32,43.0554962158203,-9.29830074310303,"Unknown"
"7014854",371863,2025-07-28 15:12:33,43.0572853088379,-9.2918529510498,"Unknown"
"7014854",371863,2025-07-28 15:17:34,43.057243347168,-9.29179191589355,"Unknown"
"7014854",371863,2025-07-28 15:22:34,43.0571517944336,-9.29184341430664,"Unknown"
"7014854",371863,2025-07-28 15:27:39,43.0573806762695,-9.29208183288574,"Unknown"
"7014854",371863,2025-07-28 15:32:32,43.0667343139648,-9.28658008575439,"Unknown"
"7014854",371863,2025-07-28 15:37:33,43.0634841918945,-9.26955986022949,"Unknown"
"7014854",371863,2025-07-28 15:42:36,43.0545883178711,-9.25636959075928,"Unknown"
"7014854",371863,2025-07-28 15:47:39,43.0761985778809,-9.25074577331543,"Unknown"
"7014854",371863,2025-07-28 15:52:40,43.0876159667969,-9.24159336090088,"Unknown"
"7014854",371863,2025-07-28 15:57:44,43.0898246765137,-9.23270606994629,"Unknown"
"7014854",371863,2025-07-28 16:02:39,43.0898513793945,-9.23274326324463,"Unknown"
"7014854",371863,2025-07-28 16:08:05,43.0905380249023,-9.231614112854,"Unknown"
"7014854",371863,2025-07-28 16:12:32,43.090274810791,-9.23287487030029,"Unknown"
"7014854",371863,2025-07-28 16:17:32,43.1036071777344,-9.21702003479004,"Unknown"
"7014854",371863,2025-07-28 16:22:32,43.1095848083496,-9.22040557861328,"Unknown"
"7014854",371863,2025-07-28 16:27:34,43.0995101928711,-9.22183609008789,"Unknown"
"7014854",371863,2025-07-28 16:32:34,43.0994987487793,-9.22164630889893,"Unknown"
"7014854",371863,2025-07-28 16:37:34,43.0992851257324,-9.22148036956787,"Unknown"
"7014854",371863,2025-07-28 16:42:40,43.0991287231445,-9.22133636474609,"Unknown"
"7014854",371863,2025-07-28 16:47:39,43.0988960266113,-9.22076511383057,"Unknown"
"7014854",371863,2025-07-28 16:52:39,43.0992279052734,-9.22162532806396,"Unknown"
"7014854",371863,2025-07-28 16:57:44,43.0992126464844,-9.22123432159424,"Unknown"
"7014854",371863,2025-07-28 17:02:36,43.0993156433105,-9.22146606445312,"Unknown"
"7014854",371863,2025-07-28 17:07:34,43.0992698669434,-9.22138118743896,"Unknown"
"7014854",371863,2025-07-28 17:12:39,43.0993423461914,-9.22184085845947,"Unknown"
"7014854",371863,2025-07-28 17:17:34,43.0991287231445,-9.22104930877686,"Unknown"
"7014854",371863,2025-07-28 17:22:37,43.09912109375,-9.22091674804688,"Unknown"
"7014854",371863,2025-07-28 17:27:43,43.0992469787598,-9.22130298614502,"Unknown"
"7014854",371863,2025-07-28 17:32:40,43.0991668701172,-9.22105693817139,"Unknown"
"7014854",371863,2025-07-28 17:37:43,43.0991630554199,-9.22102355957031,"Unknown"
"7014854",371863,2025-07-28 17:42:43,43.0992088317871,-9.22110652923584,"Unknown"
"7014854",371863,2025-07-28 17:47:33,43.0990753173828,-9.22098350524902,"Unknown"
"7014854",371863,2025-07-28 17:52:37,43.0991630554199,-9.22086143493652,"Unknown"
"7014854",371863,2025-07-28 17:57:50,43.0991477966309,-9.22096252441406,"Unknown"
"7014854",371863,2025-07-28 18:02:36,43.098949432373,-9.22075271606445,"Unknown"
"7014854",371863,2025-07-28 18:07:36,43.0990371704102,-9.22123718261719,"Unknown"
"7014854",371863,2025-07-28 18:12:39,43.0989761352539,-9.22059440612793,"Unknown"
"7014854",371863,2025-07-28 18:17:36,43.1025581359863,-9.21672248840332,"Unknown"
"7014854",371863,2025-07-28 18:22:36,43.0893211364746,-9.23197078704834,"Unknown"
"7014854",371863,2025-07-28 18:27:42,43.0898475646973,-9.23296642303467,"Unknown"
"7014854",371863,2025-07-28 18:32:37,43.0899543762207,-9.23322105407715,"Unknown"
"7014854",371863,2025-07-28 18:38:05,43.0897560119629,-9.2323112487793,"Unknown"
"7014854",371863,2025-07-28 18:42:32,43.089771270752,-9.23235702514648,"Unknown"
"7014854",371863,2025-07-28 18:47:31,43.081958770752,-9.26356601715088,"Unknown"
"7014854",371863,2025-07-28 18:52:31,43.055248260498,-9.29914474487305,"Unknown"
"7014854",371863,2025-07-28 18:57:31,43.0580291748047,-9.29272174835205,"Unknown"
"7014854",371863,2025-07-28 19:02:33,43.0578651428223,-9.29304599761963,"Unknown"
"7014854",371863,2025-07-28 19:07:32,43.0579566955566,-9.29272651672363,"Unknown"
"7014854",371863,2025-07-28 19:12:39,43.0578765869141,-9.29241561889648,"Unknown"
"7014854",371863,2025-07-28 19:17:34,43.0578346252441,-9.29233169555664,"Unknown"
"7014854",371863,2025-07-28 19:22:32,43.0580520629883,-9.29263591766357,"Unknown"
"7014854",371863,2025-07-28 19:27:32,43.0579986572266,-9.29260349273682,"Unknown"
"7014854",371863,2025-07-28 19:32:33,43.0580177307129,-9.29266834259033,"Unknown"
"7014854",371863,2025-07-28 19:37:32,43.0579147338867,-9.29249668121338,"Unknown"
"7014854",371863,2025-07-28 19:42:33,43.0580062866211,-9.29281044006348,"Unknown"
"7014854",371863,2025-07-28 19:47:33,43.0579719543457,-9.29273891448975,"Unknown"
"7014854",371863,2025-07-28 19:52:35,43.0580062866211,-9.29261779785156,"Unknown"
"7014854",371863,2025-07-28 19:57:32,43.0580711364746,-9.29266738891602,"Unknown"
"7014854",371863,2025-07-28 20:02:37,43.0578727722168,-9.29245853424072,"Unknown"
"7014854",371863,2025-07-28 20:07:43,43.0578231811523,-9.29242897033691,"Unknown"
"7014854",371863,2025-07-28 20:12:36,43.0578498840332,-9.29242038726807,"Unknown"
"7014854",371863,2025-07-28 20:17:34,43.057861328125,-9.29242324829102,"Unknown"
"7014854",371863,2025-07-28 20:22:39,43.0579490661621,-9.29239559173584,"Unknown"
"7014854",371863,2025-07-28 20:27:36,43.057975769043,-9.29237747192383,"Unknown"
"7014854",371863,2025-07-28 20:32:34,43.0578804016113,-9.29240226745605,"Unknown"
"7014854",371863,2025-07-28 20:37:35,43.0585289001465,-9.29303741455078,"Unknown"
"7014854",371863,2025-07-28 20:42:32,43.0585250854492,-9.29289817810059,"Unknown"
"7014854",371863,2025-07-28 20:47:32,43.044361114502,-9.27436828613281,"Unknown"
"7014854",371863,2025-07-28 20:52:32,43.0510101318359,-9.25993824005127,"Unknown"
"7014854",371863,2025-07-28 20:57:36,43.0765380859375,-9.24934482574463,"Unknown"
"7014854",371863,2025-07-28 21:02:32,43.0896797180176,-9.24239730834961,"Unknown"
"7014854",371863,2025-07-28 21:07:39,43.0967597961426,-9.22202205657959,"Unknown"
"7014854",371863,2025-07-28 21:12:39,43.1028099060059,-9.21672630310059,"Unknown"
"7014854",371863,2025-07-28 21:18:05,43.1017913818359,-9.2175989151001,"Unknown"
"7014854",371863,2025-07-28 21:22:32,43.101806640625,-9.21751594543457,"Unknown"
"7014854",371863,2025-07-28 21:27:31,43.101806640625,-9.21753883361816,"Unknown"
"7014854",371863,2025-07-28 21:32:31,43.1018333435059,-9.21755790710449,"Unknown"
"7014854",371863,2025-07-28 21:37:32,43.1018486022949,-9.21753311157227,"Unknown"
"7014854",371863,2025-07-28 21:42:31,43.1018600463867,-9.21749019622803,"Unknown"
"7014854",371863,2025-07-28 21:47:32,43.1018600463867,-9.2174596786499,"Unknown"
"7014854",371863,2025-07-28 21:52:31,43.101806640625,-9.21756744384766,"Unknown"
"7014854",371863,2025-07-28 21:57:32,43.1018753051758,-9.21751403808594,"Unknown"
"7014854",371863,2025-07-28 22:02:32,43.1018142700195,-9.21762943267822,"Unknown"
"7014854",371863,2025-07-28 22:07:32,43.1017837524414,-9.21756649017334,"Unknown"
"7014854",371863,2025-07-28 22:12:31,43.1018486022949,-9.21752643585205,"Unknown"
"7014854",371863,2025-07-28 22:17:33,43.1018600463867,-9.21753120422363,"Unknown"
"7014854",371863,2025-07-28 22:22:39,43.1018295288086,-9.21730422973633,"Unknown"
"7014854",371863,2025-07-28 22:27:44,43.1018829345703,-9.21767520904541,"Unknown"
"7014854",371863,2025-07-28 22:32:36,43.1018562316895,-9.21760272979736,"Unknown"
"7014854",371863,2025-07-28 22:37:32,43.1019287109375,-9.21760272979736,"Unknown"
"7014854",371863,2025-07-28 22:42:31,43.1018867492676,-9.21755599975586,"Unknown"
"7014854",371863,2025-07-28 22:47:35,43.1018714904785,-9.21735382080078,"Unknown"
"7014854",371863,2025-07-28 22:52:38,43.1019630432129,-9.21751594543457,"Unknown"
"7014854",371863,2025-07-28 22:57:32,43.1019515991211,-9.21743392944336,"Unknown"
"7014854",371863,2025-07-28 23:02:35,43.1020698547363,-9.21760654449463,"Unknown"
"7014854",371863,2025-07-28 23:07:32,43.1019515991211,-9.21743202209473,"Unknown"
"7014854",371863,2025-07-28 23:12:32,43.1020812988281,-9.2179708480835,"Unknown"
"7014854",371863,2025-07-28 23:17:32,43.10205078125,-9.21754360198975,"Unknown"
"7014854",371863,2025-07-28 23:22:32,43.1019020080566,-9.21766567230225,"Unknown"
"7014854",371863,2025-07-28 23:27:33,43.1020698547363,-9.21760368347168,"Unknown"
"7014854",371863,2025-07-28 23:32:39,43.1019477844238,-9.217529296875,"Unknown"
"7014854",371863,2025-07-28 23:37:35,43.1020393371582,-9.2175817489624,"Unknown"
"7014854",371863,2025-07-28 23:42:39,43.1020393371582,-9.21758079528809,"Unknown"
"7014854",371863,2025-07-28 23:47:56,43.1019821166992,-9.21768379211426,"Unknown"
"7014854",371863,2025-07-28 23:52:45,43.1017837524414,-9.21745109558105,"Unknown"
"7014854",371863,2025-07-28 23:57:37,43.1017875671387,-9.21741962432861,"Unknown"
"7014854",371863,2025-07-29 00:02:39,43.1017913818359,-9.21743392944336,"Unknown"
"7014854",371863,2025-07-29 00:07:39,43.1017799377441,-9.2174186706543,"Unknown"
"7014854",371863,2025-07-29 00:12:39,43.1018295288086,-9.21732902526855,"Unknown"
"7014854",371863,2025-07-29 00:17:36,43.1018867492676,-9.21741962432861,"Unknown"
"7014854",371863,2025-07-29 00:22:39,43.1018867492676,-9.21738719940186,"Unknown"
"7014854",371863,2025-07-29 00:27:39,43.1017990112305,-9.21747493743896,"Unknown"
"7014854",371863,2025-07-29 00:32:39,43.1019172668457,-9.2174129486084,"Unknown"
"7014854",371863,2025-07-29 00:37:40,43.1025123596191,-9.21810722351074,"Unknown"
"7014854",371863,2025-07-29 00:42:41,43.10205078125,-9.21755886077881,"Unknown"
"7014854",371863,2025-07-29 00:47:41,43.101634979248,-9.21716117858887,"Unknown"
"7014854",371863,2025-07-29 00:52:44,43.1021919250488,-9.21748733520508,"Unknown"
"7014854",371863,2025-07-29 00:57:40,43.1020240783691,-9.21758842468262,"Unknown"
"7014854",371863,2025-07-29 01:02:36,43.1019821166992,-9.21757698059082,"Unknown"
"7014854",371863,2025-07-29 01:07:38,43.1021385192871,-9.21773433685303,"Unknown"
"7014854",371863,2025-07-29 01:12:48,43.101978302002,-9.21749591827393,"Unknown"
"7014854",371863,2025-07-29 01:17:43,43.1019287109375,-9.21724414825439,"Unknown"
"7014854",371863,2025-07-29 01:22:42,43.102180480957,-9.21762943267822,"Unknown"
"7014854",371863,2025-07-29 01:27:33,43.1021385192871,-9.21770763397217,"Unknown"
"7014854",371863,2025-07-29 01:32:46,43.1018562316895,-9.21753978729248,"Unknown"
"7014854",371863,2025-07-29 01:37:43,43.1015777587891,-9.21808052062988,"Unknown"
"7014854",371863,2025-07-29 01:43:05,43.101921081543,-9.21743774414062,"Unknown"
"7014854",371863,2025-07-29 01:47:35,43.1019592285156,-9.21735382080078,"Unknown"
"7014854",371863,2025-07-29 01:52:50,43.1016960144043,-9.21742153167725,"Unknown"
"7014854",371863,2025-07-29 01:57:39,43.1017913818359,-9.21736907958984,"Unknown"
"7014854",371863,2025-07-29 02:02:38,43.1018486022949,-9.2173433303833,"Unknown"
"7014854",371863,2025-07-29 02:07:39,43.1017608642578,-9.21760177612305,"Unknown"
"7014854",371863,2025-07-29 02:12:36,43.1019821166992,-9.21731376647949,"Unknown"
"7014854",371863,2025-07-29 02:17:36,43.101879119873,-9.21752738952637,"Unknown"
"7014854",371863,2025-07-29 02:22:36,43.1018943786621,-9.21728515625,"Unknown"
"7014854",371863,2025-07-29 02:27:38,43.1017990112305,-9.21744918823242,"Unknown"
"7014854",371863,2025-07-29 02:32:35,43.1021003723145,-9.2172155380249,"Unknown"
"7014854",371863,2025-07-29 02:37:32,43.1017074584961,-9.21754360198975,"Unknown"
"7014854",371863,2025-07-29 02:42:52,43.1020622253418,-9.21717262268066,"Unknown"
"7014854",371863,2025-07-29 02:47:35,43.1023025512695,-9.21754264831543,"Unknown"
"7014854",371863,2025-07-29 02:53:05,43.1021423339844,-9.21765327453613,"Unknown"
"7014854",371863,2025-07-29 02:57:43,43.1021842956543,-9.21753025054932,"Unknown"
"7014854",371863,2025-07-29 03:02:32,43.1017189025879,-9.21848583221436,"Unknown"
"7014854",371863,2025-07-29 03:07:44,43.1018295288086,-9.21729946136475,"Unknown"
"7014854",371863,2025-07-29 03:12:33,43.1040077209473,-9.22894954681396,"Unknown"
"7014854",371863,2025-07-29 03:17:34,43.1022453308105,-9.22351169586182,"Unknown"
"7014854",371863,2025-07-29 03:22:36,43.102108001709,-9.21734142303467,"Unknown"
"7014854",371863,2025-07-29 03:27:37,43.1020278930664,-9.2173957824707,"Unknown"
"7014854",371863,2025-07-29 03:32:33,43.1021919250488,-9.21731281280518,"Unknown"
"7014854",371863,2025-07-29 03:37:44,43.102222442627,-9.21727180480957,"Unknown"
"7014854",371863,2025-07-29 03:42:32,43.1021118164062,-9.21729278564453,"Unknown"
"7014854",371863,2025-07-29 03:47:32,43.1021499633789,-9.21731948852539,"Unknown"
"7014854",371863,2025-07-29 03:52:44,43.1022605895996,-9.21721744537354,"Unknown"
"7014854",371863,2025-07-29 03:57:35,43.1022186279297,-9.21726322174072,"Unknown"
"7014854",371863,2025-07-29 04:02:35,43.1021003723145,-9.21735572814941,"Unknown"
"7014854",371863,2025-07-29 04:07:32,43.1024284362793,-9.21895313262939,"Unknown"
"7014854",371863,2025-07-29 04:12:32,43.079662322998,-9.27181911468506,"Unknown"
"7014854",371863,2025-07-29 04:17:32,43.0583992004395,-9.29230499267578,"Unknown"
"7014854",371863,2025-07-29 04:22:35,43.0589218139648,-9.29242610931396,"Unknown"
"7014854",371863,2025-07-29 04:27:32,43.0579795837402,-9.29214096069336,"Unknown"
"7014854",371863,2025-07-29 04:32:32,43.0591850280762,-9.2924280166626,"Unknown"
"7014854",371863,2025-07-29 04:37:32,43.0587768554688,-9.29218769073486,"Unknown"
"7014854",371863,2025-07-29 04:42:32,43.0590171813965,-9.29256343841553,"Unknown"
"7014854",371863,2025-07-29 04:47:36,43.0683937072754,-9.29890632629395,"Unknown"
"7014854",371863,2025-07-29 04:52:32,43.0542411804199,-9.30960750579834,"Unknown"
"7014854",371863,2025-07-29 04:57:32,43.0222358703613,-9.30880641937256,"Unknown"
"7014854",371863,2025-07-29 05:02:32,42.9774398803711,-9.29987907409668,"Unknown"
"7014854",371863,2025-07-29 05:07:32,42.9441452026367,-9.31991004943848,"Unknown"
"7014854",371863,2025-07-29 05:12:36,42.9378890991211,-9.34573554992676,"Unknown"
"7014854",371863,2025-07-29 05:17:32,42.9387855529785,-9.34762382507324,"Unknown"
"7014854",371863,2025-07-29 05:22:35,42.9330902099609,-9.33898162841797,"Unknown"
"7014854",371863,2025-07-29 05:27:34,42.9204254150391,-9.32155895233154,"Unknown"
"7014854",371863,2025-07-29 05:32:36,42.9184379577637,-9.2982702255249,"Unknown"
"7014854",371863,2025-07-29 05:38:05,42.9211273193359,-9.29370975494385,"Unknown"
"7014854",371863,2025-07-29 05:42:35,42.9217262268066,-9.2937068939209,"Unknown"
"7014854",371863,2025-07-29 05:47:39,42.921501159668,-9.2938928604126,"Unknown"
"7014854",371863,2025-07-29 05:52:44,42.9212188720703,-9.29407215118408,"Unknown"
"7014854",371863,2025-07-29 05:57:35,42.9214630126953,-9.29406833648682,"Unknown"
"7014854",371863,2025-07-29 06:02:36,42.9214172363281,-9.29397487640381,"Unknown"
"7014854",371863,2025-07-29 06:07:36,42.9211463928223,-9.29427146911621,"Unknown"
"7014854",371863,2025-07-29 06:12:37,42.9211921691895,-9.29422855377197,"Unknown"
"7014854",371863,2025-07-29 06:17:39,42.9212341308594,-9.29417705535889,"Unknown"
"7014854",371863,2025-07-29 06:22:32,42.8997039794922,-9.30850601196289,"Unknown"
"7014854",371863,2025-07-29 06:27:35,42.9004058837891,-9.30802154541016,"Unknown"
"7014854",371863,2025-07-29 06:32:38,42.8953323364258,-9.29626369476318,"Unknown"
"7014854",371863,2025-07-29 06:37:39,42.8898086547852,-9.28066158294678,"Unknown"
"7014854",371863,2025-07-29 06:42:41,42.8897933959961,-9.28062438964844,"Unknown"
"7014854",371863,2025-07-29 06:47:38,42.889892578125,-9.28074359893799,"Unknown"
"7014854",371863,2025-07-29 06:52:38,42.8898124694824,-9.28068542480469,"Unknown"
"7014854",371863,2025-07-29 06:57:38,42.8898658752441,-9.28069305419922,"Unknown"
"7014854",371863,2025-07-29 07:02:40,42.8895797729492,-9.28063774108887,"Unknown"
"7014854",371863,2025-07-29 07:07:39,42.8895072937012,-9.28099632263184,"Unknown"
"7014854",371863,2025-07-29 07:12:40,42.8896369934082,-9.28101825714111,"Unknown"
"7014854",371863,2025-07-29 07:17:41,42.8895492553711,-9.28125953674316,"Unknown"
"7014854",371863,2025-07-29 07:22:42,42.8896446228027,-9.28110694885254,"Unknown"
"7014854",371863,2025-07-29 07:28:05,42.8896713256836,-9.2810525894165,"Unknown"
"7014854",371863,2025-07-29 07:32:32,42.8896751403809,-9.28094005584717,"Unknown"
"7014854",371863,2025-07-29 07:37:31,42.8827285766602,-9.2925910949707,"Unknown"
"7014854",371863,2025-07-29 07:42:31,42.8896713256836,-9.28928184509277,"Unknown"
"7014854",371863,2025-07-29 07:47:33,42.8894309997559,-9.28101634979248,"Unknown"
"7014854",371863,2025-07-29 07:52:33,42.8894157409668,-9.28100681304932,"Unknown"
"7014854",371863,2025-07-29 07:57:33,42.8894577026367,-9.28097343444824,"Unknown"
"7014854",371863,2025-07-29 08:02:38,42.8894920349121,-9.28103542327881,"Unknown"
"7014854",371863,2025-07-29 08:07:36,42.8894729614258,-9.28097248077393,"Unknown"
"7014854",371863,2025-07-29 08:12:44,42.8896522521973,-9.28082180023193,"Unknown"
"7014854",371863,2025-07-29 08:17:33,42.8892021179199,-9.28113842010498,"Unknown"
"7014854",371863,2025-07-29 08:22:34,42.8894233703613,-9.28116512298584,"Unknown"
"7014854",371863,2025-07-29 08:28:40,42.8893890380859,-9.28114700317383,"Unknown"
"7014854",371863,2025-07-29 08:33:43,42.889289855957,-9.28134536743164,"Unknown"
"7014854",371863,2025-07-29 08:38:43,42.8896751403809,-9.28098964691162,"Unknown"
"7014854",371863,2025-07-29 08:43:41,42.8893089294434,-9.28125476837158,"Unknown"
"7014854",371863,2025-07-29 08:48:43,42.8891792297363,-9.28085708618164,"Unknown"
"7014854",371863,2025-07-29 08:53:43,42.8892440795898,-9.28077983856201,"Unknown"
"7014854",371863,2025-07-29 08:58:46,42.8895416259766,-9.28074550628662,"Unknown"
"7014854",371863,2025-07-29 09:03:41,42.8881034851074,-9.27851676940918,"Unknown"
"7014854",371863,2025-07-29 09:08:49,42.8808097839355,-9.26972389221191,"Unknown"
"7014854",371863,2025-07-29 09:13:49,42.8806838989258,-9.26960182189941,"Unknown"
"7014854",371863,2025-07-29 09:18:47,42.8806533813477,-9.26960849761963,"Unknown"
"7014854",371863,2025-07-29 09:23:47,42.880615234375,-9.26952743530273,"Unknown"
"7014854",371863,2025-07-29 09:28:46,42.8808212280273,-9.26966953277588,"Unknown"
"7014854",371863,2025-07-29 09:33:47,42.8807907104492,-9.26966190338135,"Unknown"
"7014854",371863,2025-07-29 09:39:00,42.8805770874023,-9.26940822601318,"Unknown"
"7014854",371863,2025-07-29 09:43:42,42.8804931640625,-9.26963806152344,"Unknown"
"7014854",371863,2025-07-29 09:48:47,42.8805809020996,-9.26951217651367,"Unknown"
"7014854",371863,2025-07-29 09:54:05,42.8807640075684,-9.26971244812012,"Unknown"
"7014854",371863,2025-07-29 09:58:40,42.8809051513672,-9.26975917816162,"Unknown"
"7014854",371863,2025-07-29 10:03:40,42.8811302185059,-9.26941299438477,"Unknown"
"7014854",371863,2025-07-29 10:08:41,42.8810043334961,-9.26971912384033,"Unknown"
"7014854",371863,2025-07-29 10:13:42,42.8812026977539,-9.26938629150391,"Unknown"
"7014854",371863,2025-07-29 10:18:41,42.8809547424316,-9.26965522766113,"Unknown"
"7014854",371863,2025-07-29 10:23:42,42.8813514709473,-9.26923084259033,"Unknown"
"7014854",371863,2025-07-29 10:28:48,42.880916595459,-9.26974391937256,"Unknown"
"7014854",371863,2025-07-29 10:33:49,42.8809394836426,-9.26975345611572,"Unknown"
"7014854",371863,2025-07-29 10:38:49,42.8809242248535,-9.26974105834961,"Unknown"
"7014854",371863,2025-07-29 10:43:48,42.8810195922852,-9.26971435546875,"Unknown"
"7014854",371863,2025-07-29 10:48:48,42.8809471130371,-9.26977634429932,"Unknown"
"7014854",371863,2025-07-29 10:53:48,42.8809509277344,-9.26975250244141,"Unknown"
"7014854",371863,2025-07-29 10:58:46,42.8809776306152,-9.26975059509277,"Unknown"
"7014854",371863,2025-07-29 11:03:45,42.8810882568359,-9.26966667175293,"Unknown"
"7014854",371863,2025-07-29 11:08:45,42.881046295166,-9.26968383789062,"Unknown"
"7014854",371863,2025-07-29 11:13:50,42.8810653686523,-9.2697114944458,"Unknown"
"7014854",371863,2025-07-29 11:18:45,42.8811340332031,-9.26972579956055,"Unknown"
"7014854",371863,2025-07-29 11:23:43,42.8812484741211,-9.26974010467529,"Unknown"
"7014854",371863,2025-07-29 11:28:43,42.8812446594238,-9.26976871490479,"Unknown"
"7014854",371863,2025-07-29 11:33:45,42.8813095092773,-9.26981258392334,"Unknown"
"7014854",371863,2025-07-29 11:38:51,42.8824081420898,-9.26934909820557,"Unknown"
"7014854",371863,2025-07-29 11:43:47,42.8825798034668,-9.26932907104492,"Unknown"
"7014854",371863,2025-07-29 11:48:41,42.8846435546875,-9.26778125762939,"Unknown"
"7014854",371863,2025-07-29 11:53:46,42.8954086303711,-9.26054763793945,"Unknown"
"7014854",371863,2025-07-29 11:59:03,42.8948516845703,-9.26223087310791,"Unknown"
"7014854",371863,2025-07-29 12:04:03,42.8954925537109,-9.26199340820312,"Unknown"
"7014854",371863,2025-07-29 12:08:40,42.8954925537109,-9.26214599609375,"Unknown"
"7014854",371863,2025-07-29 12:13:40,42.8953895568848,-9.26217937469482,"Unknown"
"7014854",371863,2025-07-29 12:18:40,42.8953094482422,-9.26193809509277,"Unknown"
"7014854",371863,2025-07-29 12:23:41,42.8955230712891,-9.26199054718018,"Unknown"
"7014854",371863,2025-07-29 12:28:39,42.895565032959,-9.26194953918457,"Unknown"
"7014854",371863,2025-07-29 12:33:39,42.8955421447754,-9.26174545288086,"Unknown"
"7014854",371863,2025-07-29 12:38:40,42.8955192565918,-9.26200389862061,"Unknown"
"7014854",371863,2025-07-29 12:43:40,42.8957061767578,-9.26204395294189,"Unknown"
"7014854",371863,2025-07-29 12:48:41,42.8956909179688,-9.26190757751465,"Unknown"
"7014854",371863,2025-07-29 12:53:40,42.8972587585449,-9.26162815093994,"Unknown"
"7014854",371863,2025-07-29 12:58:48,42.8985939025879,-9.26203441619873,"Unknown"
"7014854",371863,2025-07-29 13:04:35,42.8985366821289,-9.26211452484131,"Unknown"
"7014854",371863,2025-07-29 13:08:43,42.8984909057617,-9.26196384429932,"Unknown"
"7014854",371863,2025-07-29 13:13:46,42.8984146118164,-9.26217937469482,"Unknown"
"7014854",371863,2025-07-29 13:18:41,42.8986473083496,-9.26169204711914,"Unknown"
"7014854",371863,2025-07-29 13:23:53,42.8985633850098,-9.26185894012451,"Unknown"
"7014854",371863,2025-07-29 13:28:49,42.8985786437988,-9.26191520690918,"Unknown"
"7014854",371863,2025-07-29 13:33:46,42.8984565734863,-9.26212120056152,"Unknown"
"7014854",371863,2025-07-29 13:38:48,42.8984680175781,-9.2620906829834,"Unknown"
"7014854",371863,2025-07-29 13:43:49,42.8984451293945,-9.2621021270752,"Unknown"
"7014854",371863,2025-07-29 13:48:49,42.8985290527344,-9.26199913024902,"Unknown"
"7014854",371863,2025-07-29 13:53:45,42.8985176086426,-9.262131690979,"Unknown"
"7014854",371863,2025-07-29 13:58:46,42.898494720459,-9.26199436187744,"Unknown"
"7014854",371863,2025-07-29 14:03:48,42.898624420166,-9.26190376281738,"Unknown"
"7014854",371863,2025-07-29 14:08:48,42.8985252380371,-9.26203632354736,"Unknown"
"7014854",371863,2025-07-29 14:13:49,42.8985366821289,-9.26197719573975,"Unknown"
"7014854",371863,2025-07-29 14:18:52,42.8985290527344,-9.26197719573975,"Unknown"
"7014854",371863,2025-07-29 14:23:59,42.8985557556152,-9.26191711425781,"Unknown"
"7014854",371863,2025-07-29 14:28:52,42.898624420166,-9.26203727722168,"Unknown"
"7014854",371863,2025-07-29 14:33:48,42.8985824584961,-9.26207160949707,"Unknown"
"7014854",371863,2025-07-29 14:38:48,42.8985366821289,-9.26208972930908,"Unknown"
"7014854",371863,2025-07-29 14:43:48,42.8984909057617,-9.26204013824463,"Unknown"
"7014854",371863,2025-07-29 14:48:40,42.8985366821289,-9.26197338104248,"Unknown"
"7014854",371863,2025-07-29 14:54:05,42.8985786437988,-9.26209831237793,"Unknown"
"7014854",371863,2025-07-29 14:58:40,42.8985748291016,-9.26221084594727,"Unknown"
"7014854",371863,2025-07-29 15:03:45,42.8987312316895,-9.26240253448486,"Unknown"
"7014854",371863,2025-07-29 15:08:46,42.8986740112305,-9.26224613189697,"Unknown"
"7014854",371863,2025-07-29 15:13:56,42.8986473083496,-9.26230239868164,"Unknown"
"7014854",371863,2025-07-29 15:18:40,42.8986358642578,-9.26231479644775,"Unknown"
"7014854",371863,2025-07-29 15:23:40,42.8986778259277,-9.26228046417236,"Unknown"
"7014854",371863,2025-07-29 15:28:47,42.8986053466797,-9.26216888427734,"Unknown"
"7014854",371863,2025-07-29 15:33:40,42.8992538452148,-9.26201915740967,"Unknown"
"7014854",371863,2025-07-29 15:38:40,42.8991584777832,-9.2620325088501,"Unknown"
"7014854",371863,2025-07-29 15:43:41,42.8991584777832,-9.26205158233643,"Unknown"
"7014854",371863,2025-07-29 15:48:40,42.8991317749023,-9.261887550354,"Unknown"
"7014854",371863,2025-07-29 15:53:42,42.8758888244629,-9.2741527557373,"Unknown"
"7014854",371863,2025-07-29 15:58:42,42.8888854980469,-9.26614475250244,"Unknown"
"7014854",371863,2025-07-29 16:04:14,42.9042625427246,-9.26149654388428,"Unknown"
"7014854",371863,2025-07-29 16:08:41,42.9119415283203,-9.25647830963135,"Unknown"
"7014854",371863,2025-07-29 16:13:45,42.9156265258789,-9.25528430938721,"Unknown"
"7014854",371863,2025-07-29 16:18:44,42.9127960205078,-9.25567245483398,"Unknown"
"7014854",371863,2025-07-29 16:24:03,42.9201011657715,-9.26218318939209,"Unknown"
"7014854",371863,2025-07-29 16:28:41,42.8986968994141,-9.26254558563232,"Unknown"
"7014854",371863,2025-07-29 16:34:45,42.8987236022949,-9.26270580291748,"Unknown"
"7014854",371863,2025-07-29 16:38:44,42.8987312316895,-9.26272010803223,"Unknown"
"7014854",371863,2025-07-29 16:44:04,42.8987312316895,-9.26265716552734,"Unknown"
"7014854",371863,2025-07-29 16:48:41,42.8985710144043,-9.26229286193848,"Unknown"
"7014854",371863,2025-07-29 16:53:41,42.8984565734863,-9.26204013824463,"Unknown"
"7014854",371863,2025-07-29 16:58:41,42.8986473083496,-9.2621898651123,"Unknown"
"7014854",371863,2025-07-29 17:03:44,42.8986968994141,-9.26216793060303,"Unknown"
"7014854",371863,2025-07-29 17:08:41,42.8986892700195,-9.26214694976807,"Unknown"
"7014854",371863,2025-07-29 17:13:41,42.8986625671387,-9.26221561431885,"Unknown"
"7014854",371863,2025-07-29 17:18:40,42.9040145874023,-9.26359748840332,"Unknown"
"7014854",371863,2025-07-29 17:23:41,42.9048004150391,-9.26418209075928,"Unknown"
"7014854",371863,2025-07-29 17:28:42,42.9048080444336,-9.26419448852539,"Unknown"
"7014854",371863,2025-07-29 17:33:47,42.9048690795898,-9.26416206359863,"Unknown"
"7014854",371863,2025-07-29 17:38:44,42.9048233032227,-9.26419353485107,"Unknown"
"7014854",371863,2025-07-29 17:43:42,42.9047737121582,-9.26421546936035,"Unknown"
"7014854",371863,2025-07-29 17:48:42,42.9048385620117,-9.26427173614502,"Unknown"
"7014854",371863,2025-07-29 17:53:43,42.9049034118652,-9.2642126083374,"Unknown"
"7014854",371863,2025-07-29 17:58:43,42.9048309326172,-9.26419544219971,"Unknown"
"7014854",371863,2025-07-29 18:03:42,42.9048728942871,-9.26420783996582,"Unknown"
"7014854",371863,2025-07-29 18:08:42,42.9048156738281,-9.26394939422607,"Unknown"
"7014854",371863,2025-07-29 18:13:42,42.9048080444336,-9.26398181915283,"Unknown"
"7014854",371863,2025-07-29 18:18:43,42.9048385620117,-9.26406478881836,"Unknown"
"7014854",371863,2025-07-29 18:23:41,42.9047508239746,-9.26403617858887,"Unknown"
"7014854",371863,2025-07-29 18:28:42,42.9046821594238,-9.26373958587646,"Unknown"
"7014854",371863,2025-07-29 18:33:42,42.9049949645996,-9.26365661621094,"Unknown"
"7014854",371863,2025-07-29 18:38:43,42.9078025817871,-9.25084495544434,"Unknown"
"7014854",371863,2025-07-29 18:43:42,42.9039421081543,-9.26226997375488,"Unknown"
"7014854",371863,2025-07-29 18:48:42,42.9049530029297,-9.26421165466309,"Unknown"
"7014854",371863,2025-07-29 18:53:46,42.9048385620117,-9.26398372650146,"Unknown"
"7014854",371863,2025-07-29 18:58:43,42.9049987792969,-9.26406955718994,"Unknown"
"7014854",371863,2025-07-29 19:03:47,42.9047203063965,-9.26383209228516,"Unknown"
"7014854",371863,2025-07-29 19:09:14,42.9049415588379,-9.26407909393311,"Unknown"
"7014854",371863,2025-07-29 19:13:46,42.904670715332,-9.26403617858887,"Unknown"
"7014854",371863,2025-07-29 19:18:50,42.9047584533691,-9.26404094696045,"Unknown"
"7014854",371863,2025-07-29 19:23:50,42.9044456481934,-9.26396465301514,"Unknown"
"7014854",371863,2025-07-29 19:28:47,42.9047660827637,-9.26407051086426,"Unknown"
"7014854",371863,2025-07-29 19:33:48,42.9047546386719,-9.26394081115723,"Unknown"
"7014854",371863,2025-07-29 19:38:46,42.9050216674805,-9.26401424407959,"Unknown"
"7014854",371863,2025-07-29 19:43:47,42.9048385620117,-9.26408958435059,"Unknown"
"7014854",371863,2025-07-29 19:48:46,42.9047164916992,-9.26408195495605,"Unknown"
"7014854",371863,2025-07-29 19:53:50,42.9047203063965,-9.26409721374512,"Unknown"
"7014854",371863,2025-07-29 19:59:05,42.9048461914062,-9.2641716003418,"Unknown"
"7014854",371863,2025-07-29 20:03:45,42.9048080444336,-9.26408290863037,"Unknown"
"7014854",371863,2025-07-29 20:08:43,42.9047927856445,-9.26418113708496,"Unknown"
"7014854",371863,2025-07-29 20:13:40,42.9048538208008,-9.26420974731445,"Unknown"
"7014854",371863,2025-07-29 20:18:49,42.9047775268555,-9.26409339904785,"Unknown"
"7014854",371863,2025-07-29 20:23:53,42.9048194885254,-9.26413631439209,"Unknown"
"7014854",371863,2025-07-29 20:28:53,42.904857635498,-9.26406097412109,"Unknown"
"7014854",371863,2025-07-29 20:33:48,42.9048233032227,-9.26413059234619,"Unknown"
"7014854",371863,2025-07-29 20:38:49,42.9047660827637,-9.26420402526855,"Unknown"
"7014854",371863,2025-07-29 20:43:45,42.9049339294434,-9.26410388946533,"Unknown"
"7014854",371863,2025-07-29 20:48:53,42.9046974182129,-9.2641134262085,"Unknown"
"7014854",371863,2025-07-29 20:53:53,42.9047164916992,-9.26409721374512,"Unknown"
"7014854",371863,2025-07-29 20:58:52,42.9046211242676,-9.26410388946533,"Unknown"
"7014854",371863,2025-07-29 21:03:52,42.9048271179199,-9.26410484313965,"Unknown"
"7014854",371863,2025-07-29 21:08:49,42.9078903198242,-9.2644214630127,"Unknown"
"7014854",371863,2025-07-29 21:13:55,42.9049110412598,-9.26410865783691,"Unknown"
"7014854",371863,2025-07-29 21:18:53,42.9046897888184,-9.26413726806641,"Unknown"
"7014854",371863,2025-07-29 21:23:53,42.904541015625,-9.26409721374512,"Unknown"
"7014854",371863,2025-07-29 21:28:55,42.9046630859375,-9.26425075531006,"Unknown"
"7014854",371863,2025-07-29 21:34:10,42.9048652648926,-9.26420783996582,"Unknown"
"7014854",371863,2025-07-29 21:38:48,42.9049530029297,-9.26419639587402,"Unknown"
"7014854",371863,2025-07-29 21:43:47,42.9048767089844,-9.2641544342041,"Unknown"
"7014854",371863,2025-07-29 21:48:44,42.9048919677734,-9.26414203643799,"Unknown"
"7014854",371863,2025-07-29 21:53:46,42.904914855957,-9.26433944702148,"Unknown"
"7014854",371863,2025-07-29 21:58:45,42.9048843383789,-9.26413345336914,"Unknown"
"7014854",371863,2025-07-29 22:03:48,42.9051284790039,-9.26431655883789,"Unknown"
"7014854",371863,2025-07-29 22:08:55,42.9047889709473,-9.26406669616699,"Unknown"
"7014854",371863,2025-07-29 22:13:55,42.9048233032227,-9.26403999328613,"Unknown"
"7014854",371863,2025-07-29 22:18:56,42.9047470092773,-9.26402854919434,"Unknown"
"7014854",371863,2025-07-29 22:23:55,42.9045677185059,-9.26392459869385,"Unknown"
"7014854",371863,2025-07-29 22:28:59,42.9049835205078,-9.2642240524292,"Unknown"
"7014854",371863,2025-07-29 22:34:15,42.9048652648926,-9.26410007476807,"Unknown"
"7014854",371863,2025-07-29 22:38:49,42.9048004150391,-9.26422500610352,"Unknown"
"7014854",371863,2025-07-29 22:43:49,42.9049491882324,-9.26428127288818,"Unknown"
"7014854",371863,2025-07-29 22:48:48,42.9049797058105,-9.26422595977783,"Unknown"
"7014854",371863,2025-07-29 22:53:49,42.9049301147461,-9.26411628723145,"Unknown"
"7014854",371863,2025-07-29 22:58:50,42.9048538208008,-9.26403427124023,"Unknown"
"7014854",371863,2025-07-29 23:03:52,42.9048385620117,-9.2640962600708,"Unknown"
"7014854",371863,2025-07-29 23:08:50,42.9048156738281,-9.26407432556152,"Unknown"
"7014854",371863,2025-07-29 23:13:53,42.9048042297363,-9.26407051086426,"Unknown"
"7014854",371863,2025-07-29 23:19:14,42.9048194885254,-9.26412200927734,"Unknown"
"7014854",371863,2025-07-29 23:23:48,42.9047470092773,-9.26351070404053,"Unknown"
"7014854",371863,2025-07-29 23:28:54,42.9046287536621,-9.26430034637451,"Unknown"
"7014854",371863,2025-07-29 23:33:48,42.9047775268555,-9.26361083984375,"Unknown"
"7014854",371863,2025-07-29 23:38:49,42.9048614501953,-9.263671875,"Unknown"
"7014854",371863,2025-07-29 23:43:47,42.9047966003418,-9.26372051239014,"Unknown"
"7014854",371863,2025-07-29 23:49:05,42.9050178527832,-9.26410484313965,"Unknown"
"7014854",371863,2025-07-29 23:53:50,42.9049377441406,-9.26400852203369,"Unknown"
"7014854",371863,2025-07-29 23:58:49,42.9049301147461,-9.26404476165771,"Unknown"
"7014854",371863,2025-07-30 00:04:05,42.9048271179199,-9.26401424407959,"Unknown"
"7014854",371863,2025-07-30 00:08:44,42.9048080444336,-9.26395797729492,"Unknown"
"7014854",371863,2025-07-30 00:13:44,42.9048194885254,-9.26396369934082,"Unknown"
"7014854",371863,2025-07-30 00:18:49,42.9047927856445,-9.26383113861084,"Unknown"
"7014854",371863,2025-07-30 00:23:55,42.9047050476074,-9.26412200927734,"Unknown"
"7014854",371863,2025-07-30 00:28:49,42.9047927856445,-9.26401901245117,"Unknown"
"7014854",371863,2025-07-30 00:33:59,42.9048042297363,-9.2640962600708,"Unknown"
"7014854",371863,2025-07-30 00:38:59,42.9047775268555,-9.26407623291016,"Unknown"
"7014854",371863,2025-07-30 00:44:03,42.9048461914062,-9.26403522491455,"Unknown"
"7014854",371863,2025-07-30 00:48:46,42.9048614501953,-9.2642650604248,"Unknown"
"7014854",371863,2025-07-30 00:53:46,42.904857635498,-9.26376819610596,"Unknown"
"7014854",371863,2025-07-30 00:58:48,42.9048347473145,-9.26393699645996,"Unknown"
"7014854",371863,2025-07-30 01:03:46,42.9048843383789,-9.2638463973999,"Unknown"
"7014854",371863,2025-07-30 01:08:48,42.9048271179199,-9.26333427429199,"Unknown"
"7014854",371863,2025-07-30 01:13:53,42.9048500061035,-9.26393508911133,"Unknown"
"7014854",371863,2025-07-30 01:18:55,42.9052543640137,-9.26395034790039,"Unknown"
"7014854",371863,2025-07-30 01:24:06,42.9046974182129,-9.26411056518555,"Unknown"
"7014854",371863,2025-07-30 01:28:49,42.9053535461426,-9.26346397399902,"Unknown"
"7014854",371863,2025-07-30 01:33:48,42.9040107727051,-9.2649564743042,"Unknown"
"7014854",371863,2025-07-30 01:38:52,42.9046401977539,-9.26417350769043,"Unknown"
"7014854",371863,2025-07-30 01:43:52,42.904727935791,-9.26413536071777,"Unknown"
"7014854",371863,2025-07-30 01:48:49,42.9046936035156,-9.26424217224121,"Unknown"
"7014854",371863,2025-07-30 01:53:52,42.9047203063965,-9.26423072814941,"Unknown"
"7014854",371863,2025-07-30 01:58:48,42.9047164916992,-9.26427555084229,"Unknown"
"7014854",371863,2025-07-30 02:03:46,42.9044723510742,-9.26466274261475,"Unknown"
"7014854",371863,2025-07-30 02:08:46,42.9043884277344,-9.26480007171631,"Unknown"
"7014854",371863,2025-07-30 02:13:47,42.9046592712402,-9.26455593109131,"Unknown"
"7014854",371863,2025-07-30 02:18:48,42.9046211242676,-9.26460266113281,"Unknown"
"7014854",371863,2025-07-30 02:23:49,42.9046401977539,-9.2643871307373,"Unknown"
"7014854",371863,2025-07-30 02:28:45,42.9046859741211,-9.264479637146,"Unknown"
"7014854",371863,2025-07-30 02:33:45,42.9046287536621,-9.26436805725098,"Unknown"
"7014854",371863,2025-07-30 02:39:05,42.9047966003418,-9.26413440704346,"Unknown"
"7014854",371863,2025-07-30 02:43:47,42.9048461914062,-9.26403999328613,"Unknown"
"7014854",371863,2025-07-30 02:48:44,42.9048194885254,-9.26406574249268,"Unknown"
"7014854",371863,2025-07-30 02:53:44,42.9049301147461,-9.26406764984131,"Unknown"
"7014854",371863,2025-07-30 02:58:44,42.9047698974609,-9.26410388946533,"Unknown"
"7014854",371863,2025-07-30 03:03:45,42.9048614501953,-9.26411819458008,"Unknown"
"7014854",371863,2025-07-30 03:08:45,42.9047813415527,-9.26404476165771,"Unknown"
"7014854",371863,2025-07-30 03:13:44,42.9048194885254,-9.2641019821167,"Unknown"
"7014854",371863,2025-07-30 03:18:44,42.9048881530762,-9.26413726806641,"Unknown"
"7014854",371863,2025-07-30 03:23:44,42.9049034118652,-9.26413154602051,"Unknown"
"7014854",371863,2025-07-30 03:28:44,42.9049034118652,-9.26418781280518,"Unknown"
"7014854",371863,2025-07-30 03:33:45,42.9050064086914,-9.26415538787842,"Unknown"
"7014854",371863,2025-07-30 03:38:45,42.9051361083984,-9.26421546936035,"Unknown"
"7014854",371863,2025-07-30 03:43:45,42.9049644470215,-9.26405811309814,"Unknown"
"7014854",371863,2025-07-30 03:48:49,42.9049873352051,-9.26422023773193,"Unknown"
"7014854",371863,2025-07-30 03:53:48,42.9043807983398,-9.26301097869873,"Unknown"
"7014854",371863,2025-07-30 03:58:48,42.9047737121582,-9.26373767852783,"Unknown"
"7014854",371863,2025-07-30 04:04:05,42.9049224853516,-9.26409816741943,"Unknown"
"7014854",371863,2025-07-30 04:08:44,42.9049186706543,-9.26405906677246,"Unknown"
"7014854",371863,2025-07-30 04:13:47,42.9048805236816,-9.26405715942383,"Unknown"
"7014854",371863,2025-07-30 04:18:44,42.9049110412598,-9.26409530639648,"Unknown"
"7014854",371863,2025-07-30 04:23:47,42.9050369262695,-9.26402568817139,"Unknown"
"7014854",371863,2025-07-30 04:28:46,42.9050140380859,-9.26408195495605,"Unknown"
"7014854",371863,2025-07-30 04:33:47,42.9049339294434,-9.26398468017578,"Unknown"
"7014854",371863,2025-07-30 04:38:45,42.9048080444336,-9.26414775848389,"Unknown"
"7014854",371863,2025-07-30 04:43:47,42.9048042297363,-9.26405620574951,"Unknown"
"7014854",371863,2025-07-30 04:48:45,42.9059028625488,-9.2778902053833,"Unknown"
"7014854",371863,2025-07-30 04:53:46,42.9009399414062,-9.30904102325439,"Unknown"
"7014854",371863,2025-07-30 04:58:49,42.8991546630859,-9.30810642242432,"Unknown"
"7014854",371863,2025-07-30 05:03:44,42.8937759399414,-9.29590225219727,"Unknown"
"7014854",371863,2025-07-30 05:08:46,42.8896102905273,-9.28907203674316,"Unknown"
"7014854",371863,2025-07-30 05:13:45,42.8894920349121,-9.2884635925293,"Unknown"
"7014854",371863,2025-07-30 05:18:49,42.8895034790039,-9.28923797607422,"Unknown"
"7014854",371863,2025-07-30 05:23:47,42.8894309997559,-9.28917407989502,"Unknown"
"7014854",371863,2025-07-30 05:28:45,42.8895149230957,-9.28918266296387,"Unknown"
"7014854",371863,2025-07-30 05:33:50,42.8893432617188,-9.28916835784912,"Unknown"
"7014854",371863,2025-07-30 05:38:49,42.8896331787109,-9.2893762588501,"Unknown"
"7014854",371863,2025-07-30 05:43:56,42.8895568847656,-9.28930568695068,"Unknown"
"7014854",371863,2025-07-30 05:48:48,42.8897819519043,-9.28954124450684,"Unknown"
"7014854",371863,2025-07-30 05:53:55,42.889518737793,-9.28914260864258,"Unknown"
"7014854",371863,2025-07-30 05:59:00,42.8895874023438,-9.28918838500977,"Unknown"
"7014854",371863,2025-07-30 06:03:47,42.8895530700684,-9.28938865661621,"Unknown"
"7014854",371863,2025-07-30 06:08:50,42.889533996582,-9.28917503356934,"Unknown"
"7014854",371863,2025-07-30 06:13:49,42.8894996643066,-9.28918647766113,"Unknown"
"7014854",371863,2025-07-30 06:19:35,42.889518737793,-9.28926753997803,"Unknown"
"7014854",371863,2025-07-30 06:23:44,42.8895721435547,-9.28927612304688,"Unknown"
"7014854",371863,2025-07-30 06:28:45,42.889533996582,-9.28927993774414,"Unknown"
"7014854",371863,2025-07-30 06:33:53,42.889533996582,-9.28929042816162,"Unknown"
"7014854",371863,2025-07-30 06:38:48,42.8895492553711,-9.28929615020752,"Unknown"
"7014854",371863,2025-07-30 06:43:49,42.8895225524902,-9.28923320770264,"Unknown"
"7014854",371863,2025-07-30 06:49:45,42.8893775939941,-9.28926086425781,"Unknown"
"7014854",371863,2025-07-30 06:53:57,42.8856887817383,-9.27376079559326,"Unknown"
"7014854",371863,2025-07-30 07:00:08,42.8856544494629,-9.27383136749268,"Unknown"
"7014854",371863,2025-07-30 07:03:46,42.8868827819824,-9.27511215209961,"Unknown"
"7014854",371863,2025-07-30 07:08:50,42.8869781494141,-9.27500534057617,"Unknown"
"7014854",371863,2025-07-30 07:13:44,42.8870124816895,-9.27516269683838,"Unknown"
"7014854",371863,2025-07-30 07:18:44,42.8868560791016,-9.27523994445801,"Unknown"
"7014854",371863,2025-07-30 07:23:45,42.8868141174316,-9.27547359466553,"Unknown"
"7014854",371863,2025-07-30 07:28:45,42.8874816894531,-9.27535724639893,"Unknown"
"7014854",371863,2025-07-30 07:33:45,42.8896102905273,-9.28928852081299,"Unknown"
"7014854",371863,2025-07-30 07:38:45,42.8931694030762,-9.29917430877686,"Unknown"
"7014854",371863,2025-07-30 07:43:45,42.9013137817383,-9.30985164642334,"Unknown"
"7014854",371863,2025-07-30 07:48:45,42.8993644714355,-9.30818748474121,"Unknown"
"7014854",371863,2025-07-30 07:53:48,42.8999099731445,-9.30967903137207,"Unknown"
"7014854",371863,2025-07-30 07:58:47,42.8977508544922,-9.30297374725342,"Unknown"
"7014854",371863,2025-07-30 08:03:55,42.8895378112793,-9.28916072845459,"Unknown"
"7014854",371863,2025-07-30 08:08:52,42.8895301818848,-9.28918266296387,"Unknown"
"7014854",371863,2025-07-30 08:13:46,42.8895263671875,-9.28880786895752,"Unknown"
"7014854",371863,2025-07-30 08:18:52,42.8896484375,-9.28908824920654,"Unknown"
"7014854",371863,2025-07-30 08:23:45,42.889518737793,-9.28833770751953,"Unknown"
"7014854",371863,2025-07-30 08:29:01,42.8895301818848,-9.28915405273438,"Unknown"
"7014854",371863,2025-07-30 08:33:45,42.889533996582,-9.28872203826904,"Unknown"
"7014854",371863,2025-07-30 08:38:52,42.8894920349121,-9.28922367095947,"Unknown"
"7014854",371863,2025-07-30 08:43:45,42.889575958252,-9.2890739440918,"Unknown"
"7014854",371863,2025-07-30 08:48:45,42.889575958252,-9.28888988494873,"Unknown"
"7014854",371863,2025-07-30 08:53:46,42.8895225524902,-9.28928470611572,"Unknown"
"7014854",371863,2025-07-30 08:58:52,42.8895263671875,-9.28914642333984,"Unknown"
"7014854",371863,2025-07-30 09:03:45,42.8895416259766,-9.28904819488525,"Unknown"
"7014854",371863,2025-07-30 09:08:46,42.889518737793,-9.28911972045898,"Unknown"
"7014854",371863,2025-07-30 09:13:47,42.8895721435547,-9.28891086578369,"Unknown"
"7014854",371863,2025-07-30 09:18:45,42.889533996582,-9.2890157699585,"Unknown"
"7014854",371863,2025-07-30 09:23:48,42.889591217041,-9.28886222839355,"Unknown"
"7014854",371863,2025-07-30 09:28:46,42.8895378112793,-9.28894901275635,"Unknown"
"7014854",371863,2025-07-30 09:33:48,42.8896026611328,-9.28922271728516,"Unknown"
"7014854",371863,2025-07-30 09:38:46,42.8895721435547,-9.28932571411133,"Unknown"
"7014854",371863,2025-07-30 09:43:54,42.889404296875,-9.28919792175293,"Unknown"
"7014854",371863,2025-07-30 09:48:49,42.8894004821777,-9.28921031951904,"Unknown"
"7014854",371863,2025-07-30 09:53:44,42.8834800720215,-9.27738285064697,"Unknown"
"7014854",371863,2025-07-30 09:59:06,42.8821792602539,-9.26920223236084,"Unknown"
"7014854",371863,2025-07-30 10:03:45,42.8822631835938,-9.26920413970947,"Unknown"
"7014854",371863,2025-07-30 10:08:45,42.8822479248047,-9.26920700073242,"Unknown"
"7014854",371863,2025-07-30 10:13:45,42.8825645446777,-9.26901340484619,"Unknown"
"7014854",371863,2025-07-30 10:18:44,42.8860054016113,-9.26676559448242,"Unknown"
"7014854",371863,2025-07-30 10:23:45,42.898681640625,-9.26191139221191,"Unknown"
"7014854",371863,2025-07-30 10:28:44,42.8988151550293,-9.2619514465332,"Unknown"
"7014854",371863,2025-07-30 10:33:45,42.9048271179199,-9.26108741760254,"Unknown"
"7014854",371863,2025-07-30 10:38:54,42.9063911437988,-9.26189231872559,"Unknown"
"7014854",371863,2025-07-30 10:43:44,42.9108390808105,-9.28296184539795,"Unknown"
"7014854",371863,2025-07-30 10:48:46,42.9233741760254,-9.2950325012207,"Unknown"
"7014854",371863,2025-07-30 10:53:45,42.9254913330078,-9.32912349700928,"Unknown"
"7014854",371863,2025-07-30 10:58:45,42.9280548095703,-9.3326587677002,"Unknown"
"7014854",371863,2025-07-30 11:03:46,42.9288291931152,-9.33201789855957,"Unknown"
"7014854",371863,2025-07-30 11:08:46,42.9257621765137,-9.30748176574707,"Unknown"
"7014854",371863,2025-07-30 11:13:46,42.9293441772461,-9.29265022277832,"Unknown"
"7014854",371863,2025-07-30 11:18:46,42.940731048584,-9.2887020111084,"Unknown"
"7014854",371863,2025-07-30 11:23:45,42.9423675537109,-9.28444576263428,"Unknown"
"7014854",371863,2025-07-30 11:28:45,42.9423332214355,-9.28509330749512,"Unknown"
"7014854",371863,2025-07-30 11:33:45,42.9422378540039,-9.28495502471924,"Unknown"
"7014854",371863,2025-07-30 11:38:45,42.9423484802246,-9.28499126434326,"Unknown"
"7014854",371863,2025-07-30 11:44:05,42.9425048828125,-9.28507614135742,"Unknown"
"7014854",371863,2025-07-30 11:48:44,42.9425773620605,-9.28516101837158,"Unknown"
"7014854",371863,2025-07-30 11:53:44,42.942497253418,-9.28514957427979,"Unknown"
"7014854",371863,2025-07-30 11:58:44,42.9428863525391,-9.28327751159668,"Unknown"
"7014854",371863,2025-07-30 12:03:45,42.9428787231445,-9.28330516815186,"Unknown"
"7014854",371863,2025-07-30 12:08:44,42.9427757263184,-9.28317165374756,"Unknown"
"7014854",371863,2025-07-30 12:13:44,42.943000793457,-9.2833423614502,"Unknown"
"7014854",371863,2025-07-30 12:18:52,42.9427757263184,-9.28312015533447,"Unknown"
"7014854",371863,2025-07-30 12:23:50,42.9428939819336,-9.28304195404053,"Unknown"
"7014854",371863,2025-07-30 12:28:45,42.9429588317871,-9.2830696105957,"Unknown"
"7014854",371863,2025-07-30 12:33:46,42.9429359436035,-9.28303146362305,"Unknown"
"7014854",371863,2025-07-30 12:38:47,42.9428672790527,-9.28298854827881,"Unknown"
"7014854",371863,2025-07-30 12:43:49,42.942684173584,-9.28281021118164,"Unknown"
"7014854",371863,2025-07-30 12:48:46,42.943416595459,-9.28720951080322,"Unknown"
"7014854",371863,2025-07-30 12:54:05,42.9613571166992,-9.2732400894165,"Unknown"
"7014854",371863,2025-07-30 12:58:44,42.9619979858398,-9.27101039886475,"Unknown"
"7014854",371863,2025-07-30 13:03:45,42.9619483947754,-9.27104187011719,"Unknown"
"7014854",371863,2025-07-30 13:08:44,42.9621047973633,-9.27082347869873,"Unknown"
"7014854",371863,2025-07-30 13:13:45,42.9621696472168,-9.2704381942749,"Unknown"
"7014854",371863,2025-07-30 13:18:45,42.9622077941895,-9.27088832855225,"Unknown"
"7014854",371863,2025-07-30 13:23:45,42.9620323181152,-9.27027797698975,"Unknown"
"7014854",371863,2025-07-30 13:28:45,42.962574005127,-9.27019023895264,"Unknown"
"7014854",371863,2025-07-30 13:33:45,42.9625396728516,-9.27018547058105,"Unknown"
"7014854",371863,2025-07-30 13:38:44,42.962589263916,-9.27020359039307,"Unknown"
"7014854",371863,2025-07-30 13:43:44,42.9625015258789,-9.27013778686523,"Unknown"
"7014854",371863,2025-07-30 13:48:44,42.9625511169434,-9.27013301849365,"Unknown"
"7014854",371863,2025-07-30 13:53:44,42.962532043457,-9.27013492584229,"Unknown"
"7014854",371863,2025-07-30 13:58:48,42.9626235961914,-9.27003479003906,"Unknown"
"7014854",371863,2025-07-30 14:03:44,42.9619064331055,-9.27088069915771,"Unknown"
"7014854",371863,2025-07-30 14:08:46,42.9618186950684,-9.27095317840576,"Unknown"
"7014854",371863,2025-07-30 14:13:50,42.9440078735352,-9.2870044708252,"Unknown"
"7014854",371863,2025-07-30 14:19:14,42.9440040588379,-9.28685569763184,"Unknown"
"7014854",371863,2025-07-30 14:23:45,42.9440460205078,-9.28695583343506,"Unknown"
"7014854",371863,2025-07-30 14:28:46,42.9441184997559,-9.28708171844482,"Unknown"
"7014854",371863,2025-07-30 14:33:47,42.9439239501953,-9.28672981262207,"Unknown"
"7014854",371863,2025-07-30 14:38:48,42.9441070556641,-9.28714370727539,"Unknown"
"7014854",371863,2025-07-30 14:43:47,42.9445037841797,-9.28744602203369,"Unknown"
"7014854",371863,2025-07-30 14:48:53,42.9440841674805,-9.28693008422852,"Unknown"
"7014854",371863,2025-07-30 14:53:47,42.9440765380859,-9.2869176864624,"Unknown"
"7014854",371863,2025-07-30 14:58:45,42.9441795349121,-9.28717422485352,"Unknown"
"7014854",371863,2025-07-30 15:04:05,42.944091796875,-9.28703308105469,"Unknown"
"7014854",371863,2025-07-30 15:08:46,42.9440422058105,-9.28707313537598,"Unknown"
"7014854",371863,2025-07-30 15:13:46,42.9440078735352,-9.2870626449585,"Unknown"
"7014854",371863,2025-07-30 15:18:46,42.9440498352051,-9.28702259063721,"Unknown"
"7014854",371863,2025-07-30 15:23:45,42.9441413879395,-9.2870512008667,"Unknown"
"7014854",371863,2025-07-30 15:28:59,42.9441566467285,-9.28708934783936,"Unknown"
"7014854",371863,2025-07-30 15:34:15,42.9441146850586,-9.28703594207764,"Unknown"
"7014854",371863,2025-07-30 15:38:55,42.9440994262695,-9.28711032867432,"Unknown"
"7014854",371863,2025-07-30 15:43:49,42.9441032409668,-9.28702354431152,"Unknown"
"7014854",371863,2025-07-30 15:49:05,42.9440612792969,-9.28701877593994,"Unknown"
"7014854",371863,2025-07-30 15:53:46,42.9441757202148,-9.28710556030273,"Unknown"
"7014854",371863,2025-07-30 15:58:46,42.9441452026367,-9.28713798522949,"Unknown"
"7014854",371863,2025-07-30 16:03:48,42.9439888000488,-9.28695678710938,"Unknown"
"7014854",371863,2025-07-30 16:08:47,42.9440765380859,-9.287278175354,"Unknown"
"7014854",371863,2025-07-30 16:13:47,42.944091796875,-9.2870569229126,"Unknown"
"7014854",371863,2025-07-30 16:18:48,42.9440574645996,-9.28701972961426,"Unknown"
"7014854",371863,2025-07-30 16:23:52,42.9440040588379,-9.28704833984375,"Unknown"
"7014854",371863,2025-07-30 16:28:56,42.9439353942871,-9.28690910339355,"Unknown"
"7014854",371863,2025-07-30 16:34:14,42.9439353942871,-9.28700160980225,"Unknown"
"7014854",371863,2025-07-30 16:38:50,42.944019317627,-9.28695297241211,"Unknown"
"7014854",371863,2025-07-30 16:44:14,42.9439582824707,-9.28703498840332,"Unknown"
"7014854",371863,2025-07-30 16:48:46,42.9318008422852,-9.2912712097168,"Unknown"
"7014854",371863,2025-07-30 16:53:45,42.918758392334,-9.30568027496338,"Unknown"
"7014854",371863,2025-07-30 16:58:48,42.902774810791,-9.31445503234863,"Unknown"
"7014854",371863,2025-07-30 17:03:48,42.8998260498047,-9.30896663665771,"Unknown"
"7014854",371863,2025-07-30 17:08:47,42.9043197631836,-9.30959796905518,"Unknown"
"7014854",371863,2025-07-30 17:13:47,42.9044151306152,-9.31019020080566,"Unknown"
"7014854",371863,2025-07-30 17:18:48,42.9063262939453,-9.30939865112305,"Unknown"
"7014854",371863,2025-07-30 17:23:50,42.889705657959,-9.28927230834961,"Unknown"
"7014854",371863,2025-07-30 17:28:49,42.8891258239746,-9.28787136077881,"Unknown"
"7014854",371863,2025-07-30 17:33:55,42.8894386291504,-9.28891086578369,"Unknown"
"7014854",371863,2025-07-30 17:38:49,42.8893814086914,-9.28859615325928,"Unknown"
"7014854",371863,2025-07-30 17:43:55,42.8894424438477,-9.2888240814209,"Unknown"
"7014854",371863,2025-07-30 17:49:05,42.8894386291504,-9.28897476196289,"Unknown"
"7014854",371863,2025-07-30 17:53:55,42.8894119262695,-9.28893280029297,"Unknown"
"7014854",371863,2025-07-30 17:59:00,42.8894309997559,-9.28890705108643,"Unknown"
"7014854",371863,2025-07-30 18:03:45,42.8894500732422,-9.28893566131592,"Unknown"
"7014854",371863,2025-07-30 18:09:12,42.889461517334,-9.28893947601318,"Unknown"
"7014854",371863,2025-07-30 18:13:47,42.889347076416,-9.28892421722412,"Unknown"
"7014854",371863,2025-07-30 18:18:45,42.8895797729492,-9.2892599105835,"Unknown"
"7014854",371863,2025-07-30 18:23:50,42.8895530700684,-9.28903675079346,"Unknown"
"7014854",371863,2025-07-30 18:28:48,42.8895530700684,-9.28918743133545,"Unknown"
"7014854",371863,2025-07-30 18:33:50,42.8894309997559,-9.28890991210938,"Unknown"
"7014854",371863,2025-07-30 18:38:49,42.8895874023438,-9.28931713104248,"Unknown"
"7014854",371863,2025-07-30 18:44:04,42.8894996643066,-9.28909397125244,"Unknown"
"7014854",371863,2025-07-30 18:50:09,42.8894691467285,-9.28902435302734,"Unknown"
"7014854",371863,2025-07-30 18:55:09,42.8894577026367,-9.28905487060547,"Unknown"
"7014854",371863,2025-07-30 18:59:14,42.8894844055176,-9.28908061981201,"Unknown"
"7014854",371863,2025-07-30 19:03:48,42.8894958496094,-9.28901958465576,"Unknown"
"7014854",371863,2025-07-30 19:08:50,42.8894920349121,-9.28890037536621,"Unknown"
"7014854",371863,2025-07-30 19:13:48,42.8894348144531,-9.28907203674316,"Unknown"
"7014854",371863,2025-07-30 19:18:48,42.8894309997559,-9.28896713256836,"Unknown"
"7014854",371863,2025-07-30 19:24:03,42.8894729614258,-9.28911590576172,"Unknown"
"7014854",371863,2025-07-30 19:28:45,42.8893775939941,-9.28904914855957,"Unknown"
"7014854",371863,2025-07-30 19:33:46,42.8894309997559,-9.28908157348633,"Unknown"
"7014854",371863,2025-07-30 19:38:48,42.8894691467285,-9.28904438018799,"Unknown"
"7014854",371863,2025-07-30 19:43:49,42.8894386291504,-9.28915691375732,"Unknown"
"7014854",371863,2025-07-30 19:49:05,42.8894577026367,-9.28895664215088,"Unknown"
"7014854",371863,2025-07-30 19:53:45,42.8894424438477,-9.28900718688965,"Unknown"
"7014854",371863,2025-07-30 19:58:47,42.8894348144531,-9.28901100158691,"Unknown"
"7014854",371863,2025-07-30 20:03:47,42.8894729614258,-9.28899097442627,"Unknown"
"7014854",371863,2025-07-30 20:08:48,42.8894462585449,-9.28900909423828,"Unknown"
"7014854",371863,2025-07-30 20:13:48,42.8894691467285,-9.28899955749512,"Unknown"
"7014854",371863,2025-07-30 20:18:47,42.8894996643066,-9.28941917419434,"Unknown"
"7014854",371863,2025-07-30 20:23:55,42.8754272460938,-9.26780033111572,"Unknown"
"7014854",371863,2025-07-30 20:28:57,42.8849678039551,-9.26650714874268,"Unknown"
"7014854",371863,2025-07-30 20:33:57,42.8985137939453,-9.26163482666016,"Unknown"
"7014854",371863,2025-07-30 20:39:04,42.9046936035156,-9.26410961151123,"Unknown"
"7014854",371863,2025-07-30 20:44:02,42.9047660827637,-9.26389408111572,"Unknown"
"7014854",371863,2025-07-30 20:49:14,42.9047737121582,-9.26404094696045,"Unknown"
"7014854",371863,2025-07-30 20:53:59,42.9048614501953,-9.26407051086426,"Unknown"
"7014854",371863,2025-07-30 20:59:02,42.9047355651855,-9.26407432556152,"Unknown"
"7014854",371863,2025-07-30 21:04:01,42.9048652648926,-9.26421642303467,"Unknown"
"7014854",371863,2025-07-30 21:09:07,42.9049224853516,-9.26387405395508,"Unknown"
"7014854",371863,2025-07-30 21:14:01,42.9046516418457,-9.26405048370361,"Unknown"
"7014854",371863,2025-07-30 21:19:07,42.9047584533691,-9.26399898529053,"Unknown"
"7014854",371863,2025-07-30 21:24:02,42.9048347473145,-9.26398658752441,"Unknown"
"7014854",371863,2025-07-30 21:29:07,42.9048347473145,-9.26395130157471,"Unknown"
"7014854",371863,2025-07-30 21:34:07,42.9047546386719,-9.26407527923584,"Unknown"
"7014854",371863,2025-07-30 21:39:02,42.9047355651855,-9.26385593414307,"Unknown"
"7014854",371863,2025-07-30 21:44:02,42.9047470092773,-9.2640323638916,"Unknown"
"7014854",371863,2025-07-30 21:49:21,42.9048233032227,-9.26402473449707,"Unknown"
"7014854",371863,2025-07-30 21:54:01,42.904727935791,-9.26377582550049,"Unknown"
"7014854",371863,2025-07-30 21:59:07,42.9047546386719,-9.26403331756592,"Unknown"
"7014854",371863,2025-07-30 22:04:05,42.9047431945801,-9.26392459869385,"Unknown"
"7014854",371863,2025-07-30 22:09:15,42.9047355651855,-9.2640209197998,"Unknown"
"7014854",371863,2025-07-30 22:14:00,42.9049301147461,-9.26419639587402,"Unknown"
"7014854",371863,2025-07-30 22:19:15,42.9049606323242,-9.26400089263916,"Unknown"
"7014854",371863,2025-07-30 22:24:02,42.9048500061035,-9.26403713226318,"Unknown"
"7014854",371863,2025-07-30 22:28:58,42.9053726196289,-9.26371192932129,"Unknown"
"7014854",371863,2025-07-30 22:34:09,42.9046974182129,-9.26400756835938,"Unknown"
"7014854",371863,2025-07-30 22:39:10,42.9048881530762,-9.26412868499756,"Unknown"
"7014854",371863,2025-07-30 22:43:58,42.9050064086914,-9.26384925842285,"Unknown"
"7014854",371863,2025-07-30 22:49:14,42.9049797058105,-9.26410579681396,"Unknown"
"7014854",371863,2025-07-30 22:54:29,42.9048957824707,-9.26403141021729,"Unknown"
"7014854",371863,2025-07-30 22:58:57,42.9048843383789,-9.26396751403809,"Unknown"
"7014854",371863,2025-07-30 23:03:57,42.9048957824707,-9.2640266418457,"Unknown"
"7014854",371863,2025-07-30 23:08:54,42.9048690795898,-9.26411724090576,"Unknown"
"7014854",371863,2025-07-30 23:13:55,42.9050559997559,-9.2638635635376,"Unknown"
"7014854",371863,2025-07-30 23:18:58,42.9048461914062,-9.26412105560303,"Unknown"
"7014854",371863,2025-07-30 23:23:59,42.9048805236816,-9.26410961151123,"Unknown"
"7014854",371863,2025-07-30 23:28:55,42.9049263000488,-9.26404094696045,"Unknown"
"7014854",371863,2025-07-30 23:33:58,42.9049301147461,-9.26410293579102,"Unknown"
"7014854",371863,2025-07-30 23:38:59,42.904857635498,-9.26402854919434,"Unknown"
"7014854",371863,2025-07-30 23:44:00,42.9048767089844,-9.26396942138672,"Unknown"
"7014854",371863,2025-07-30 23:49:14,42.9049453735352,-9.26411724090576,"Unknown"
"7014854",371863,2025-07-30 23:53:56,42.9048347473145,-9.26429176330566,"Unknown"
"7014854",371863,2025-07-30 23:58:55,42.9047546386719,-9.26430034637451,"Unknown"
"7014854",371863,2025-07-31 00:03:57,42.9046936035156,-9.26444911956787,"Unknown"
"7014854",371863,2025-07-31 00:08:59,42.9048728942871,-9.26449012756348,"Unknown"
"7014854",371863,2025-07-31 00:14:00,42.9051856994629,-9.2636251449585,"Unknown"
"7014854",371863,2025-07-31 00:19:14,42.9048728942871,-9.2640438079834,"Unknown"
"7014854",371863,2025-07-31 00:23:58,42.9049644470215,-9.26406669616699,"Unknown"
"7014854",371863,2025-07-31 00:29:06,42.9050025939941,-9.26400089263916,"Unknown"
"7014854",371863,2025-07-31 00:33:58,42.905216217041,-9.26411437988281,"Unknown"
"7014854",371863,2025-07-31 00:38:59,42.9055480957031,-9.26421165466309,"Unknown"
"7014854",371863,2025-07-31 00:44:05,42.9050559997559,-9.2640209197998,"Unknown"
"7014854",371863,2025-07-31 00:49:15,42.904899597168,-9.26413154602051,"Unknown"
"7014854",371863,2025-07-31 00:53:55,42.9047622680664,-9.26383304595947,"Unknown"
"7014854",371863,2025-07-31 00:58:54,42.9052047729492,-9.26476001739502,"Unknown"
"7014854",371863,2025-07-31 01:03:55,42.9047775268555,-9.26351070404053,"Unknown"
"7014854",371863,2025-07-31 01:08:55,42.9049072265625,-9.26400947570801,"Unknown"
"7014854",371863,2025-07-31 01:13:59,42.9048957824707,-9.26407051086426,"Unknown"
"7014854",371863,2025-07-31 01:18:57,42.9048614501953,-9.26417350769043,"Unknown"
"7014854",371863,2025-07-31 01:23:55,42.9049644470215,-9.26415824890137,"Unknown"
"7014854",371863,2025-07-31 01:29:14,42.904956817627,-9.26413726806641,"Unknown"
"7014854",371863,2025-07-31 01:34:00,42.9049873352051,-9.26409816741943,"Unknown"
"7014854",371863,2025-07-31 01:39:01,42.9049263000488,-9.26432418823242,"Unknown"
"7014854",371863,2025-07-31 01:44:06,42.9049873352051,-9.26427268981934,"Unknown"
"7014854",371863,2025-07-31 01:49:15,42.9049835205078,-9.26424789428711,"Unknown"
"7014854",371863,2025-07-31 01:54:29,42.9049491882324,-9.2640323638916,"Unknown"
"7014854",371863,2025-07-31 01:58:54,42.904914855957,-9.26415348052979,"Unknown"
"7014854",371863,2025-07-31 02:03:57,42.9048500061035,-9.26427936553955,"Unknown"
"7014854",371863,2025-07-31 02:08:57,42.9048233032227,-9.26442337036133,"Unknown"
"7014854",371863,2025-07-31 02:13:55,42.904956817627,-9.26406955718994,"Unknown"
"7014854",371863,2025-07-31 02:18:56,42.9049606323242,-9.26430034637451,"Unknown"
"7014854",371863,2025-07-31 02:23:58,42.9047584533691,-9.26453018188477,"Unknown"
"7014854",371863,2025-07-31 02:28:56,42.9050140380859,-9.26408767700195,"Unknown"
"7014854",371863,2025-07-31 02:34:27,42.904972076416,-9.26397609710693,"Unknown"
"7014854",371863,2025-07-31 02:38:54,42.9048690795898,-9.26419258117676,"Unknown"
"7014854",371863,2025-07-31 02:43:54,42.904899597168,-9.26425457000732,"Unknown"
"7014854",371863,2025-07-31 02:48:55,42.9049835205078,-9.26392841339111,"Unknown"
"7014854",371863,2025-07-31 02:53:54,42.9048919677734,-9.26432800292969,"Unknown"
"7014854",371863,2025-07-31 02:58:54,42.9048843383789,-9.26412677764893,"Unknown"
"7014854",371863,2025-07-31 03:03:55,42.9048614501953,-9.26424503326416,"Unknown"
"7014854",371863,2025-07-31 03:08:54,42.9049072265625,-9.26413536071777,"Unknown"
"7014854",371863,2025-07-31 03:13:55,42.9049339294434,-9.26442909240723,"Unknown"
"7014854",371863,2025-07-31 03:18:55,42.904899597168,-9.26411819458008,"Unknown"
"7014854",371863,2025-07-31 03:23:54,42.9048881530762,-9.2641544342041,"Unknown"
"7014854",371863,2025-07-31 03:28:55,42.9049186706543,-9.26410484313965,"Unknown"
"7014854",371863,2025-07-31 03:33:55,42.9049072265625,-9.26417350769043,"Unknown"
"7014854",371863,2025-07-31 03:38:54,42.9051780700684,-9.26436519622803,"Unknown"
"7014854",371863,2025-07-31 03:43:57,42.9050025939941,-9.26430606842041,"Unknown"
"7014854",371863,2025-07-31 03:48:56,42.9047203063965,-9.26401805877686,"Unknown"
"7014854",371863,2025-07-31 03:54:00,42.9050674438477,-9.2643518447876,"Unknown"
"7014854",371863,2025-07-31 03:59:07,42.9048156738281,-9.26402854919434,"Unknown"
"7014854",371863,2025-07-31 04:03:58,42.905086517334,-9.26447486877441,"Unknown"
"7014854",371863,2025-07-31 04:08:58,42.9056816101074,-9.26574802398682,"Unknown"
"7014854",371863,2025-07-31 04:14:06,42.9049263000488,-9.26403999328613,"Unknown"
"7014854",371863,2025-07-31 04:18:55,42.9051399230957,-9.264573097229,"Unknown"
"7014854",371863,2025-07-31 04:24:07,42.9049339294434,-9.26411437988281,"Unknown"
"7014854",371863,2025-07-31 04:29:06,42.9049377441406,-9.26412487030029,"Unknown"
"7014854",371863,2025-07-31 04:34:02,42.9048881530762,-9.26587104797363,"Unknown"
"7014854",371863,2025-07-31 04:39:07,42.9032173156738,-9.30405426025391,"Unknown"
"7014854",371863,2025-07-31 04:44:04,42.9011535644531,-9.30971431732178,"Unknown"
"7014854",371863,2025-07-31 04:49:08,42.8931846618652,-9.29965019226074,"Unknown"
"7014854",371863,2025-07-31 04:54:04,42.8895149230957,-9.28914165496826,"Unknown"
"7014854",371863,2025-07-31 04:59:14,42.8895301818848,-9.28910541534424,"Unknown"
"7014854",371863,2025-07-31 05:03:56,42.8893966674805,-9.28847217559814,"Unknown"
"7014854",371863,2025-07-31 05:09:07,42.8899841308594,-9.29459953308105,"Unknown"
"7014854",371863,2025-07-31 05:13:56,42.889835357666,-9.29012012481689,"Unknown"
"7014854",371863,2025-07-31 05:19:07,42.8896217346191,-9.28900527954102,"Unknown"
"7014854",371863,2025-07-31 05:24:07,42.8896293640137,-9.28889560699463,"Unknown"
"7014854",371863,2025-07-31 05:29:13,42.8896331787109,-9.28906536102295,"Unknown"
"7014854",371863,2025-07-31 05:34:00,42.8897743225098,-9.2894458770752,"Unknown"
"7014854",371863,2025-07-31 05:39:07,42.8895492553711,-9.28899955749512,"Unknown"
"7014854",371863,2025-07-31 05:44:02,42.8894233703613,-9.28916931152344,"Unknown"
"7014854",371863,2025-07-31 05:49:14,42.8896369934082,-9.28909111022949,"Unknown"
"7014854",371863,2025-07-31 05:54:14,42.8894348144531,-9.28970241546631,"Unknown"
"7014854",371863,2025-07-31 05:59:21,42.889720916748,-9.28902626037598,"Unknown"
"7014854",371863,2025-07-31 06:04:29,42.8895263671875,-9.28920364379883,"Unknown"
"7014854",371863,2025-07-31 06:08:55,42.8895454406738,-9.2892484664917,"Unknown"
"7014854",371863,2025-07-31 06:13:54,42.8894996643066,-9.28912162780762,"Unknown"
"7014854",371863,2025-07-31 06:18:55,42.8896522521973,-9.28933048248291,"Unknown"
"7014854",371863,2025-07-31 06:23:56,42.8892059326172,-9.2890567779541,"Unknown"
"7014854",371863,2025-07-31 06:29:02,42.889404296875,-9.28926658630371,"Unknown"
"7014854",371863,2025-07-31 06:34:02,42.8895378112793,-9.28926658630371,"Unknown"
"7014854",371863,2025-07-31 06:39:04,42.889533996582,-9.28927707672119,"Unknown"
"7014854",371863,2025-07-31 06:44:04,42.8895721435547,-9.28930854797363,"Unknown"
"7014854",371863,2025-07-31 06:49:07,42.8896064758301,-9.28933525085449,"Unknown"
"7014854",371863,2025-07-31 06:54:07,42.8895645141602,-9.28931140899658,"Unknown"
"7014854",371863,2025-07-31 06:58:56,42.889575958252,-9.28939914703369,"Unknown"
"7014854",371863,2025-07-31 07:03:58,42.8895797729492,-9.2893180847168,"Unknown"
"7014854",371863,2025-07-31 07:08:59,42.8897094726562,-9.28958988189697,"Unknown"
"7014854",371863,2025-07-31 07:14:04,42.8895225524902,-9.28941345214844,"Unknown"
"7014854",371863,2025-07-31 07:19:05,42.8895568847656,-9.28942775726318,"Unknown"
"7014854",371863,2025-07-31 07:23:59,42.889476776123,-9.2893590927124,"Unknown"
"7014854",371863,2025-07-31 07:29:14,42.889591217041,-9.28949165344238,"Unknown"
"7014854",371863,2025-07-31 07:33:55,42.8893089294434,-9.2889232635498,"Unknown"
"7014854",371863,2025-07-31 07:38:57,42.8809013366699,-9.27002334594727,"Unknown"
"7014854",371863,2025-07-31 07:43:58,42.8808975219727,-9.26961708068848,"Unknown"
"7014854",371863,2025-07-31 07:49:15,42.880931854248,-9.26984977722168,"Unknown"
"7014854",371863,2025-07-31 07:54:15,42.8747596740723,-9.28229999542236,"Unknown"
"7014854",371863,2025-07-31 07:59:23,42.8794860839844,-9.27847385406494,"Unknown"
"7014854",371863,2025-07-31 08:04:25,42.8945846557617,-9.27895450592041,"Unknown"
"7014854",371863,2025-07-31 08:09:13,42.9076728820801,-9.28727626800537,"Unknown"
"7014854",371863,2025-07-31 08:14:13,42.9232788085938,-9.2938232421875,"Unknown"
"7014854",371863,2025-07-31 08:19:13,42.929573059082,-9.32725429534912,"Unknown"
"7014854",371863,2025-07-31 08:24:07,42.9290771484375,-9.3268346786499,"Unknown"
"7014854",371863,2025-07-31 08:29:07,42.9305419921875,-9.32528877258301,"Unknown"
"7014854",371863,2025-07-31 08:34:07,42.9292182922363,-9.32513236999512,"Unknown"
"7014854",371863,2025-07-31 08:39:07,42.9330863952637,-9.32221508026123,"Unknown"
"7014854",371863,2025-07-31 08:44:19,42.9358329772949,-9.32077789306641,"Unknown"
"7014854",371863,2025-07-31 08:49:13,42.9289398193359,-9.30314064025879,"Unknown"
"7014854",371863,2025-07-31 08:54:29,42.9212303161621,-9.29390716552734,"Unknown"
"7014854",371863,2025-07-31 08:58:56,42.9212455749512,-9.29393005371094,"Unknown"
"7014854",371863,2025-07-31 09:03:55,42.921314239502,-9.29392147064209,"Unknown"
"7014854",371863,2025-07-31 09:08:58,42.9214324951172,-9.29371547698975,"Unknown"
"7014854",371863,2025-07-31 09:13:59,42.9213943481445,-9.29371452331543,"Unknown"
"7014854",371863,2025-07-31 09:18:56,42.9212608337402,-9.29372310638428,"Unknown"
"7014854",371863,2025-07-31 09:23:56,42.9213066101074,-9.29371547698975,"Unknown"
"7014854",371863,2025-07-31 09:28:56,42.9212265014648,-9.29393196105957,"Unknown"
"7014854",371863,2025-07-31 09:33:58,42.9212532043457,-9.2938756942749,"Unknown"
"7014854",371863,2025-07-31 09:38:55,42.9212608337402,-9.29360961914062,"Unknown"
"7014854",371863,2025-07-31 09:43:56,42.9215698242188,-9.29358196258545,"Unknown"
"7014854",371863,2025-07-31 09:48:56,42.9216232299805,-9.29358959197998,"Unknown"
"7014854",371863,2025-07-31 09:53:57,42.9215660095215,-9.293625831604,"Unknown"
"7014854",371863,2025-07-31 09:59:02,42.9215621948242,-9.29360485076904,"Unknown"
"7014854",371863,2025-07-31 10:04:02,42.9215888977051,-9.29368209838867,"Unknown"
"7014854",371863,2025-07-31 10:09:01,42.9215354919434,-9.29355716705322,"Unknown"
"7014854",371863,2025-07-31 10:14:05,42.9216461181641,-9.293625831604,"Unknown"
"7014854",371863,2025-07-31 10:19:14,42.9214782714844,-9.29337501525879,"Unknown"
"7014854",371863,2025-07-31 10:24:28,42.9215354919434,-9.29339694976807,"Unknown"
"7014854",371863,2025-07-31 10:28:57,42.9216690063477,-9.29163837432861,"Unknown"
"7014854",371863,2025-07-31 10:34:07,42.9212913513184,-9.29398250579834,"Unknown"
"7014854",371863,2025-07-31 10:39:00,42.9212226867676,-9.29318332672119,"Unknown"
"7014854",371863,2025-07-31 10:44:07,42.9213523864746,-9.29381275177002,"Unknown"
"7014854",371863,2025-07-31 10:49:14,42.9213523864746,-9.29386901855469,"Unknown"
"7014854",371863,2025-07-31 10:53:57,42.9213180541992,-9.29378032684326,"Unknown"
"7014854",371863,2025-07-31 10:58:58,42.9212989807129,-9.2936897277832,"Unknown"
"7014854",371863,2025-07-31 11:04:35,42.9213218688965,-9.29404067993164,"Unknown"
"7014854",371863,2025-07-31 11:08:59,42.9213600158691,-9.2938060760498,"Unknown"
"7014854",371863,2025-07-31 11:13:54,42.9213600158691,-9.29383373260498,"Unknown"
"7014854",371863,2025-07-31 11:18:57,42.9213371276855,-9.29393672943115,"Unknown"
"7014854",371863,2025-07-31 11:23:55,42.9213905334473,-9.29375553131104,"Unknown"
"7014854",371863,2025-07-31 11:28:55,42.9216613769531,-9.29360675811768,"Unknown"
"7014854",371863,2025-07-31 11:33:54,42.941104888916,-9.28728866577148,"Unknown"
"7014854",371863,2025-07-31 11:38:54,42.9556732177734,-9.28057098388672,"Unknown"
"7014854",371863,2025-07-31 11:43:55,42.9612083435059,-9.27077674865723,"Unknown"
"7014854",371863,2025-07-31 11:48:55,42.9618377685547,-9.2707633972168,"Unknown"
"7014854",371863,2025-07-31 11:53:54,42.9617919921875,-9.27086067199707,"Unknown"
"7014854",371863,2025-07-31 11:58:54,42.9618072509766,-9.27091217041016,"Unknown"
"7014854",371863,2025-07-31 12:03:55,42.9618072509766,-9.27084827423096,"Unknown"
"7014854",371863,2025-07-31 12:08:56,42.9620018005371,-9.2709789276123,"Unknown"
"7014854",371863,2025-07-31 12:13:54,42.9619750976562,-9.27100467681885,"Unknown"
"7014854",371863,2025-07-31 12:18:55,42.9612731933594,-9.27460861206055,"Unknown"
"7014854",371863,2025-07-31 12:23:54,42.944019317627,-9.28676891326904,"Unknown"
"7014854",371863,2025-07-31 12:29:04,42.9438400268555,-9.2868537902832,"Unknown"
"7014854",371863,2025-07-31 12:33:55,42.9439544677734,-9.28684043884277,"Unknown"
"7014854",371863,2025-07-31 12:39:01,42.9439964294434,-9.28687477111816,"Unknown"
"7014854",371863,2025-07-31 12:44:03,42.9439849853516,-9.28684616088867,"Unknown"
"7014854",371863,2025-07-31 12:49:15,42.9440040588379,-9.28684043884277,"Unknown"
"7014854",371863,2025-07-31 12:53:59,42.9438171386719,-9.28693580627441,"Unknown"
"7014854",371863,2025-07-31 12:58:58,42.9440612792969,-9.28682041168213,"Unknown"
"7014854",371863,2025-07-31 13:04:29,42.9439849853516,-9.28668594360352,"Unknown"
"7014854",371863,2025-07-31 13:08:54,42.9440383911133,-9.28649616241455,"Unknown"
"7014854",371863,2025-07-31 13:13:55,42.9440231323242,-9.28659820556641,"Unknown"
"7014854",371863,2025-07-31 13:18:56,42.9440269470215,-9.28639602661133,"Unknown"
"7014854",371863,2025-07-31 13:23:54,42.9439811706543,-9.28640365600586,"Unknown"
"7014854",371863,2025-07-31 13:28:57,42.9440383911133,-9.28688621520996,"Unknown"
"7014854",371863,2025-07-31 13:33:54,42.9441604614258,-9.28685665130615,"Unknown"
"7014854",371863,2025-07-31 13:38:56,42.9440002441406,-9.28685092926025,"Unknown"
"7014854",371863,2025-07-31 13:43:57,42.9440002441406,-9.28678607940674,"Unknown"
"7014854",371863,2025-07-31 13:49:14,42.9440460205078,-9.2868480682373,"Unknown"
"7014854",371863,2025-07-31 13:53:54,42.9441146850586,-9.28709411621094,"Unknown"
"7014854",371863,2025-07-31 13:58:54,42.9438972473145,-9.28668212890625,"Unknown"
"7014854",371863,2025-07-31 14:03:55,42.9439964294434,-9.28679466247559,"Unknown"
"7014854",371863,2025-07-31 14:08:54,42.9440269470215,-9.28693199157715,"Unknown"
"7014854",371863,2025-07-31 14:13:56,42.9440155029297,-9.28694248199463,"Unknown"
"7014854",371863,2025-07-31 14:18:57,42.9440574645996,-9.28696250915527,"Unknown"
"7014854",371863,2025-07-31 14:23:55,42.9440040588379,-9.28687953948975,"Unknown"
"7014854",371863,2025-07-31 14:28:54,42.9437942504883,-9.28692245483398,"Unknown"
"7014854",371863,2025-07-31 14:33:59,42.9441184997559,-9.28694725036621,"Unknown"
"7014854",371863,2025-07-31 14:38:57,42.9440498352051,-9.28689575195312,"Unknown"
"7014854",371863,2025-07-31 14:43:57,42.9441032409668,-9.28693866729736,"Unknown"
"7014854",371863,2025-07-31 14:49:14,42.9440498352051,-9.28683567047119,"Unknown"
"7014854",371863,2025-07-31 14:53:57,42.9441261291504,-9.28694152832031,"Unknown"
"7014854",371863,2025-07-31 14:58:57,42.9440765380859,-9.28691005706787,"Unknown"
"7014854",371863,2025-07-31 15:03:58,42.9440231323242,-9.28691577911377,"Unknown"
"7014854",371863,2025-07-31 15:08:58,42.943675994873,-9.2867956161499,"Unknown"
"7014854",371863,2025-07-31 15:13:59,42.9438514709473,-9.28687953948975,"Unknown"
"7014854",371863,2025-07-31 15:19:29,42.9440269470215,-9.28686809539795,"Unknown"
"7014854",371863,2025-07-31 15:23:55,42.9440536499023,-9.28698921203613,"Unknown"
"7014854",371863,2025-07-31 15:28:55,42.9440689086914,-9.28686046600342,"Unknown"
"7014854",371863,2025-07-31 15:33:54,42.944149017334,-9.28706073760986,"Unknown"
"7014854",371863,2025-07-31 15:38:54,42.9440422058105,-9.28693580627441,"Unknown"
"7014854",371863,2025-07-31 15:43:54,42.9441528320312,-9.28698348999023,"Unknown"
"7014854",371863,2025-07-31 15:48:58,42.9440460205078,-9.28701591491699,"Unknown"
"7014854",371863,2025-07-31 15:54:09,42.9440803527832,-9.28689575195312,"Unknown"
"7014854",371863,2025-07-31 15:59:07,42.9440803527832,-9.28685283660889,"Unknown"
"7014854",371863,2025-07-31 16:04:01,42.9440650939941,-9.28687572479248,"Unknown"
"7014854",371863,2025-07-31 16:09:29,42.9440460205078,-9.28692054748535,"Unknown"
"7014854",371863,2025-07-31 16:14:25,42.9439926147461,-9.28698539733887,"Unknown"
"7014854",371863,2025-07-31 16:18:57,42.9441032409668,-9.28691101074219,"Unknown"
"7014854",371863,2025-07-31 16:23:54,42.9440040588379,-9.28694152832031,"Unknown"
"7014854",371863,2025-07-31 16:28:58,42.9437217712402,-9.2871732711792,"Unknown"
"7014854",371863,2025-07-31 16:33:56,42.9438285827637,-9.28706645965576,"Unknown"
"7014854",371863,2025-07-31 16:38:57,42.9437866210938,-9.28704166412354,"Unknown"
"7014854",371863,2025-07-31 16:43:57,42.943920135498,-9.28695392608643,"Unknown"
"7014854",371863,2025-07-31 16:48:57,42.9438667297363,-9.28718376159668,"Unknown"
"7014854",371863,2025-07-31 16:53:57,42.9438667297363,-9.28709316253662,"Unknown"
"7014854",371863,2025-07-31 16:58:55,42.9439125061035,-9.28709602355957,"Unknown"
"7014854",371863,2025-07-31 17:03:55,42.9439086914062,-9.28718948364258,"Unknown"
"7014854",371863,2025-07-31 17:08:55,42.94384765625,-9.28721332550049,"Unknown"
"7014854",371863,2025-07-31 17:13:55,42.9438133239746,-9.28723049163818,"Unknown"
"7014854",371863,2025-07-31 17:18:57,42.9438285827637,-9.28719520568848,"Unknown"
"7014854",371863,2025-07-31 17:24:06,42.9439735412598,-9.28678321838379,"Unknown"
"7014854",371863,2025-07-31 17:29:06,42.9439277648926,-9.28693580627441,"Unknown"
"7014854",371863,2025-07-31 17:33:57,42.9439315795898,-9.28685092926025,"Unknown"
"7014854",371863,2025-07-31 17:39:01,42.9439315795898,-9.28680896759033,"Unknown"
"7014854",371863,2025-07-31 17:43:55,42.9417495727539,-9.28600883483887,"Unknown"
"7014854",371863,2025-07-31 17:49:08,42.9196815490723,-9.29049301147461,"Unknown"
"7014854",371863,2025-07-31 17:54:28,42.9196701049805,-9.29046154022217,"Unknown"
"7014854",371863,2025-07-31 17:58:58,42.9197120666504,-9.290696144104,"Unknown"
"7014854",371863,2025-07-31 18:03:58,42.9196968078613,-9.2905445098877,"Unknown"
"7014854",371863,2025-07-31 18:09:03,42.9198150634766,-9.29066371917725,"Unknown"
"7014854",371863,2025-07-31 18:14:14,42.9196662902832,-9.29051303863525,"Unknown"
"7014854",371863,2025-07-31 18:18:54,42.9198226928711,-9.29069709777832,"Unknown"
"7014854",371863,2025-07-31 18:23:55,42.919792175293,-9.29054641723633,"Unknown"
"7014854",371863,2025-07-31 18:28:57,42.9196281433105,-9.29041194915771,"Unknown"
"7014854",371863,2025-07-31 18:33:54,42.9197196960449,-9.29052543640137,"Unknown"
"7014854",371863,2025-07-31 18:39:12,42.9198570251465,-9.29066467285156,"Unknown"
"7014854",371863,2025-07-31 18:43:59,42.9198265075684,-9.29065799713135,"Unknown"
"7014854",371863,2025-07-31 18:48:55,42.9197578430176,-9.2904806137085,"Unknown"
"7014854",371863,2025-07-31 18:53:58,42.9199371337891,-9.29092502593994,"Unknown"
"7014854",371863,2025-07-31 18:58:57,42.9198150634766,-9.29070663452148,"Unknown"
"7014854",371863,2025-07-31 19:03:57,42.9196853637695,-9.29042625427246,"Unknown"
"7014854",371863,2025-07-31 19:08:59,42.9199600219727,-9.29106140136719,"Unknown"
"7014854",371863,2025-07-31 19:13:59,42.9196853637695,-9.29055976867676,"Unknown"
"7014854",371863,2025-07-31 19:18:57,42.9197692871094,-9.29058456420898,"Unknown"
"7014854",371863,2025-07-31 19:23:56,42.9196815490723,-9.29035758972168,"Unknown"
"7014854",371863,2025-07-31 19:28:57,42.9195556640625,-9.29034423828125,"Unknown"
"7014854",371863,2025-07-31 19:34:14,42.9196624755859,-9.29072093963623,"Unknown"
"7014854",371863,2025-07-31 19:38:56,42.9196701049805,-9.29043102264404,"Unknown"
"7014854",371863,2025-07-31 19:43:55,42.9196281433105,-9.29042530059814,"Unknown"
"7014854",371863,2025-07-31 19:48:56,42.9196739196777,-9.29049015045166,"Unknown"
"7014854",371863,2025-07-31 19:54:25,42.9195747375488,-9.29070377349854,"Unknown"
"7014854",371863,2025-07-31 19:58:54,42.9195976257324,-9.2908239364624,"Unknown"
"7014854",371863,2025-07-31 20:03:59,42.9196395874023,-9.29066848754883,"Unknown"
"7014854",371863,2025-07-31 20:08:55,42.9212989807129,-9.29276943206787,"Unknown"
"7014854",371863,2025-07-31 20:13:54,42.906795501709,-9.27440643310547,"Unknown"
"7014854",371863,2025-07-31 20:18:55,42.9047317504883,-9.26396560668945,"Unknown"
"7014854",371863,2025-07-31 20:23:57,42.9045257568359,-9.26395130157471,"Unknown"
"7014854",371863,2025-07-31 20:29:01,42.9046173095703,-9.26394653320312,"Unknown"
"7014854",371863,2025-07-31 20:33:55,42.9046173095703,-9.26412963867188,"Unknown"
"7014854",371863,2025-07-31 20:38:55,42.9051971435547,-9.26283931732178,"Unknown"
"7014854",371863,2025-07-31 20:43:58,42.9051170349121,-9.26406669616699,"Unknown"
"7014854",371863,2025-07-31 20:49:08,42.9048194885254,-9.26412868499756,"Unknown"
"7014854",371863,2025-07-31 20:54:08,42.9049034118652,-9.26409244537354,"Unknown"
"7014854",371863,2025-07-31 20:59:16,42.9049835205078,-9.26417350769043,"Unknown"
"7014854",371863,2025-07-31 21:04:11,42.9047927856445,-9.264084815979,"Unknown"
"7014854",371863,2025-07-31 21:09:01,42.9048690795898,-9.26410388946533,"Unknown"
"7014854",371863,2025-07-31 21:14:13,42.9049835205078,-9.26413822174072,"Unknown"
"7014854",371863,2025-07-31 21:19:05,42.9049911499023,-9.26417255401611,"Unknown"
"7014854",371863,2025-07-31 21:24:28,42.904899597168,-9.26407241821289,"Unknown"
"7014854",371863,2025-07-31 21:28:54,42.9048614501953,-9.26401042938232,"Unknown"
"7014854",371863,2025-07-31 21:33:56,42.904914855957,-9.26403903961182,"Unknown"
"7014854",371863,2025-07-31 21:38:55,42.9048767089844,-9.26398181915283,"Unknown"
"7014854",371863,2025-07-31 21:43:55,42.9049758911133,-9.26410961151123,"Unknown"
"7014854",371863,2025-07-31 21:48:54,42.9049644470215,-9.26408004760742,"Unknown"
"7014854",371863,2025-07-31 21:53:56,42.9048767089844,-9.26408195495605,"Unknown"
"7014854",371863,2025-07-31 21:58:57,42.9049758911133,-9.26410675048828,"Unknown"
"7014854",371863,2025-07-31 22:03:56,42.9049224853516,-9.26403427124023,"Unknown"
"7014854",371863,2025-07-31 22:09:14,42.9048843383789,-9.26406097412109,"Unknown"
"7014854",371863,2025-07-31 22:13:54,42.9048805236816,-9.26398658752441,"Unknown"
"7014854",371863,2025-07-31 22:18:56,42.9048233032227,-9.26409816741943,"Unknown"
"7014854",371863,2025-07-31 22:23:57,42.9045829772949,-9.26402187347412,"Unknown"
"7014854",371863,2025-07-31 22:28:58,42.9046936035156,-9.26404857635498,"Unknown"
"7014854",371863,2025-07-31 22:33:58,42.9047088623047,-9.26395225524902,"Unknown"
"7014854",371863,2025-07-31 22:38:57,42.904712677002,-9.26395988464355,"Unknown"
"7014854",371863,2025-07-31 22:44:00,42.9045944213867,-9.26395511627197,"Unknown"
"7014854",371863,2025-07-31 22:49:14,42.9045448303223,-9.26391315460205,"Unknown"
"7014854",371863,2025-07-31 22:53:56,42.9047393798828,-9.26421451568604,"Unknown"
"7014854",371863,2025-07-31 22:58:57,42.9047508239746,-9.26408863067627,"Unknown"
"7014854",371863,2025-07-31 23:03:57,42.9043884277344,-9.2639799118042,"Unknown"
"7014854",371863,2025-07-31 23:09:01,42.9045715332031,-9.26383399963379,"Unknown"
"7014854",371863,2025-07-31 23:13:58,42.9050178527832,-9.26453685760498,"Unknown"
"7014854",371863,2025-07-31 23:18:58,42.9047203063965,-9.2639331817627,"Unknown"
"7014854",371863,2025-07-31 23:23:57,42.904727935791,-9.26385402679443,"Unknown"
"7014854",371863,2025-07-31 23:28:59,42.9049377441406,-9.26416873931885,"Unknown"
"7014854",371863,2025-07-31 23:33:58,42.9048690795898,-9.26414203643799,"Unknown"
"7014854",371863,2025-07-31 23:39:09,42.9050178527832,-9.26424026489258,"Unknown"
"7014854",371863,2025-07-31 23:44:14,42.9046936035156,-9.26392078399658,"Unknown"
"7014854",371863,2025-07-31 23:48:56,42.904712677002,-9.26387405395508,"Unknown"
"7014854",371863,2025-07-31 23:53:55,42.9045448303223,-9.26384544372559,"Unknown"
"7014854",371863,2025-07-31 23:58:56,42.9049835205078,-9.26418685913086,"Unknown"
"7014854",371863,2025-08-01 00:03:59,42.9047012329102,-9.26390266418457,"Unknown"
"7014854",371863,2025-08-01 00:08:58,42.9046897888184,-9.26394367218018,"Unknown"
"7014854",371863,2025-08-01 00:13:56,42.9046936035156,-9.2639799118042,"Unknown"
"7014854",371863,2025-08-01 00:19:00,42.9048271179199,-9.26405429840088,"Unknown"
"7014854",371863,2025-08-01 00:23:57,42.9048538208008,-9.26397323608398,"Unknown"
"7014854",371863,2025-08-01 00:29:00,42.9047584533691,-9.26401138305664,"Unknown"
"7014854",371863,2025-08-01 00:34:15,42.9047164916992,-9.26397514343262,"Unknown"
"7014854",371863,2025-08-01 00:38:57,42.9046211242676,-9.26380443572998,"Unknown"
"7014854",371863,2025-08-01 00:44:00,42.9047012329102,-9.26390266418457,"Unknown"
"7014854",371863,2025-08-01 00:48:55,42.904727935791,-9.26394462585449,"Unknown"
"7014854",371863,2025-08-01 00:54:00,42.9047584533691,-9.26397037506104,"Unknown"
"7014854",371863,2025-08-01 00:58:57,42.9048042297363,-9.26397323608398,"Unknown"
"7014854",371863,2025-08-01 01:04:09,42.9047546386719,-9.26398181915283,"Unknown"
"7014854",371863,2025-08-01 01:08:59,42.904842376709,-9.26393508911133,"Unknown"
"7014854",371863,2025-08-01 01:13:58,42.9048805236816,-9.26408195495605,"Unknown"
"7014854",371863,2025-08-01 01:18:58,42.9049072265625,-9.26404285430908,"Unknown"
"7014854",371863,2025-08-01 01:24:29,42.9047584533691,-9.26394462585449,"Unknown"
"7014854",371863,2025-08-01 01:28:56,42.9044494628906,-9.26425075531006,"Unknown"
"7014854",371863,2025-08-01 01:33:56,42.9047050476074,-9.2639217376709,"Unknown"
"7014854",371863,2025-08-01 01:39:00,42.9046783447266,-9.26398468017578,"Unknown"
"7014854",371863,2025-08-01 01:43:59,42.9047317504883,-9.26400661468506,"Unknown"
"7014854",371863,2025-08-01 01:49:14,42.9049263000488,-9.26379585266113,"Unknown"
"7014854",371863,2025-08-01 01:53:56,42.9048309326172,-9.26388931274414,"Unknown"
"7014854",371863,2025-08-01 01:59:29,42.9048233032227,-9.26394462585449,"Unknown"
"7014854",371863,2025-08-01 02:03:54,42.9046936035156,-9.26414203643799,"Unknown"
"7014854",371863,2025-08-01 02:08:54,42.9047584533691,-9.26402854919434,"Unknown"
"7014854",371863,2025-08-01 02:13:55,42.9047698974609,-9.26401996612549,"Unknown"
"7014854",371863,2025-08-01 02:18:59,42.9049186706543,-9.26379489898682,"Unknown"
"7014854",371863,2025-08-01 02:23:56,42.9046859741211,-9.26417446136475,"Unknown"
"7014854",371863,2025-08-01 02:28:55,42.9048080444336,-9.26395130157471,"Unknown"
"7014854",371863,2025-08-01 02:33:55,42.9045944213867,-9.26413726806641,"Unknown"
"7014854",371863,2025-08-01 02:38:55,42.9047470092773,-9.26397609710693,"Unknown"
"7014854",371863,2025-08-01 02:43:54,42.9048004150391,-9.26403617858887,"Unknown"
"7014854",371863,2025-08-01 02:48:55,42.9047775268555,-9.26403045654297,"Unknown"
"7014854",371863,2025-08-01 02:53:55,42.9048461914062,-9.26405429840088,"Unknown"
"7014854",371863,2025-08-01 02:58:56,42.9048004150391,-9.26388359069824,"Unknown"
"7014854",371863,2025-08-01 03:03:55,42.9048767089844,-9.26408004760742,"Unknown"
"7014854",371863,2025-08-01 03:08:55,42.9047546386719,-9.26385879516602,"Unknown"
"7014854",371863,2025-08-01 03:13:54,42.9047431945801,-9.26405811309814,"Unknown"
"7014854",371863,2025-08-01 03:18:55,42.9047889709473,-9.26410007476807,"Unknown"
"7014854",371863,2025-08-01 03:23:56,42.9048728942871,-9.26402568817139,"Unknown"
"7014854",371863,2025-08-01 03:28:56,42.9048538208008,-9.26402282714844,"Unknown"
"7014854",371863,2025-08-01 03:33:55,42.9049606323242,-9.26424598693848,"Unknown"
"7014854",371863,2025-08-01 03:38:58,42.9051742553711,-9.26431941986084,"Unknown"
"7014854",371863,2025-08-01 03:44:29,42.9048652648926,-9.26402854919434,"Unknown"
"7014854",371863,2025-08-01 03:48:54,42.9048690795898,-9.26404476165771,"Unknown"
"7014854",371863,2025-08-01 03:53:55,42.9048957824707,-9.26400375366211,"Unknown"
"7014854",371863,2025-08-01 03:58:55,42.904842376709,-9.26400852203369,"Unknown"
"7014854",371863,2025-08-01 04:03:55,42.904914855957,-9.26397514343262,"Unknown"
"7014854",371863,2025-08-01 04:08:54,42.9048614501953,-9.26401233673096,"Unknown"
"7014854",371863,2025-08-01 04:13:54,42.9048957824707,-9.26396942138672,"Unknown"
"7014854",371863,2025-08-01 04:18:55,42.9048194885254,-9.26403713226318,"Unknown"
"7014854",371863,2025-08-01 04:23:55,42.9048652648926,-9.26404190063477,"Unknown"
"7014854",371863,2025-08-01 04:28:55,42.9048957824707,-9.26392650604248,"Unknown"
"7014854",371863,2025-08-01 04:33:55,42.9049072265625,-9.26387882232666,"Unknown"
"7014854",371863,2025-08-01 04:38:58,42.9049644470215,-9.26411247253418,"Unknown"
"7014854",371863,2025-08-01 04:43:58,42.9048881530762,-9.26396656036377,"Unknown"
"7014854",371863,2025-08-01 04:48:54,42.9001235961914,-9.25862312316895,"Unknown"
"7014854",371863,2025-08-01 04:53:54,42.8810920715332,-9.27435398101807,"Unknown"
"7014854",371863,2025-08-01 04:58:54,42.8898048400879,-9.29239082336426,"Unknown"
"7014854",371863,2025-08-01 05:03:54,42.9006080627441,-9.30756855010986,"Unknown"
"7014854",371863,2025-08-01 05:08:54,42.9121208190918,-9.30368709564209,"Unknown"
"7014854",371863,2025-08-01 05:13:55,42.9245414733887,-9.31883144378662,"Unknown"
"7014854",371863,2025-08-01 05:18:55,42.9348678588867,-9.3251895904541,"Unknown"
"7014854",371863,2025-08-01 05:23:56,42.9410171508789,-9.32560157775879,"Unknown"
"7014854",371863,2025-08-01 05:28:56,42.9436531066895,-9.3131275177002,"Unknown"
"7014854",371863,2025-08-01 05:34:08,42.9398345947266,-9.28876686096191,"Unknown"
"7014854",371863,2025-08-01 05:39:14,42.9422798156738,-9.28539943695068,"Unknown"
"7014854",371863,2025-08-01 05:44:07,42.9422340393066,-9.28537178039551,"Unknown"
"7014854",371863,2025-08-01 05:49:20,42.9421730041504,-9.28547668457031,"Unknown"
"7014854",371863,2025-08-01 05:54:14,42.942455291748,-9.28423881530762,"Unknown"
"7014854",371863,2025-08-01 05:58:54,42.9425468444824,-9.28394985198975,"Unknown"
"7014854",371863,2025-08-01 06:04:05,42.9428024291992,-9.28338527679443,"Unknown"
"7014854",371863,2025-08-01 06:09:00,42.9434700012207,-9.28373622894287,"Unknown"
"7014854",371863,2025-08-01 06:15:18,42.9424819946289,-9.28519535064697,"Unknown"
"7014854",371863,2025-08-01 06:19:03,42.9425888061523,-9.28511047363281,"Unknown"
"7014854",371863,2025-08-01 06:24:01,42.9425354003906,-9.284987449646,"Unknown"
"7014854",371863,2025-08-01 06:29:01,42.9425468444824,-9.28503227233887,"Unknown"
"7014854",371863,2025-08-01 06:33:57,42.9424819946289,-9.28525257110596,"Unknown"
"7014854",371863,2025-08-01 06:38:57,42.9425659179688,-9.28490734100342,"Unknown"
"7014854",371863,2025-08-01 06:44:00,42.9422836303711,-9.28512573242188,"Unknown"
"7014854",371863,2025-08-01 06:49:18,42.9423141479492,-9.28513336181641,"Unknown"
"7014854",371863,2025-08-01 06:53:59,42.9425315856934,-9.28513431549072,"Unknown"
"7014854",371863,2025-08-01 06:59:00,42.9421653747559,-9.28469371795654,"Unknown"
"7014854",371863,2025-08-01 07:04:01,42.9451446533203,-9.28830814361572,"Unknown"
"7014854",371863,2025-08-01 07:08:59,42.9424476623535,-9.32868671417236,"Unknown"
"7014854",371863,2025-08-01 07:14:12,42.9439468383789,-9.33714580535889,"Unknown"
"7014854",371863,2025-08-01 07:19:53,42.9418640136719,-9.33706855773926,"Unknown"
"7014854",371863,2025-08-01 07:23:54,42.9411354064941,-9.33979797363281,"Unknown"
"7014854",371863,2025-08-01 07:28:55,42.9424629211426,-9.33733558654785,"Unknown"
"7014854",371863,2025-08-01 07:33:54,42.9452667236328,-9.33167457580566,"Unknown"
"7014854",371863,2025-08-01 07:38:55,42.9295921325684,-9.309157371521,"Unknown"
"7014854",371863,2025-08-01 07:44:11,42.9219779968262,-9.29863452911377,"Unknown"
"7014854",371863,2025-08-01 07:49:29,42.9221687316895,-9.29861354827881,"Unknown"
"7014854",371863,2025-08-01 07:54:04,42.9220275878906,-9.29860877990723,"Unknown"
"7014854",371863,2025-08-01 07:58:54,42.9216804504395,-9.29496765136719,"Unknown"
"7014854",371863,2025-08-01 08:03:55,42.9370384216309,-9.28871917724609,"Unknown"
"7014854",371863,2025-08-01 08:08:56,42.9548835754395,-9.28265285491943,"Unknown"
"7014854",371863,2025-08-01 08:13:55,42.9632034301758,-9.26873779296875,"Unknown"
"7014854",371863,2025-08-01 08:18:54,42.9741973876953,-9.26023483276367,"Unknown"
"7014854",371863,2025-08-01 08:23:55,42.9921951293945,-9.26149654388428,"Unknown"
"7014854",371863,2025-08-01 08:28:54,43.0059051513672,-9.26110935211182,"Unknown"
"7014854",371863,2025-08-01 08:33:55,43.0105857849121,-9.28147983551025,"Unknown"
"7014854",371863,2025-08-01 08:38:54,43.0240516662598,-9.2816162109375,"Unknown"
"7014854",371863,2025-08-01 08:43:54,43.0422134399414,-9.28858661651611,"Unknown"
"7014854",371863,2025-08-01 08:48:56,43.0564727783203,-9.29683399200439,"Unknown"
"7014854",371863,2025-08-01 08:53:54,43.0573348999023,-9.29219913482666,"Unknown"
"7014854",371863,2025-08-01 08:58:54,43.057186126709,-9.29169654846191,"Unknown"
"7014854",371863,2025-08-01 09:03:57,43.0571708679199,-9.29170799255371,"Unknown"
"7014854",371863,2025-08-01 09:08:57,43.0571784973145,-9.29180335998535,"Unknown"
"7014854",371863,2025-08-01 09:13:55,43.0570945739746,-9.29125308990479,"Unknown"
"7014854",371863,2025-08-01 09:18:57,43.0571708679199,-9.29168796539307,"Unknown"
"7014854",371863,2025-08-01 09:23:58,43.0572166442871,-9.29183483123779,"Unknown"
"7014854",371863,2025-08-01 09:28:57,43.0571975708008,-9.29162120819092,"Unknown"
"7014854",371863,2025-08-01 09:33:59,43.0571517944336,-9.29174900054932,"Unknown"
"7014854",371863,2025-08-01 09:39:04,43.0571899414062,-9.29173278808594,"Unknown"
"7014854",371863,2025-08-01 09:44:14,43.0571594238281,-9.29166603088379,"Unknown"
"7014854",371863,2025-08-01 09:49:01,43.0571784973145,-9.29158878326416,"Unknown"
"7014854",371863,2025-08-01 09:53:55,43.057201385498,-9.29151153564453,"Unknown"
"7014854",371863,2025-08-01 09:58:56,43.0572662353516,-9.29179382324219,"Unknown"
"7014854",371863,2025-08-01 10:04:03,43.0574035644531,-9.2917537689209,"Unknown"
"7014854",371863,2025-08-01 10:09:12,43.0573081970215,-9.2917537689209,"Unknown"
"7014854",371863,2025-08-01 10:14:04,43.0573425292969,-9.29176807403564,"Unknown"
"7014854",371863,2025-08-01 10:18:55,43.0573272705078,-9.2913761138916,"Unknown"
"7014854",371863,2025-08-01 10:24:06,43.0549430847168,-9.28960990905762,"Unknown"
"7014854",371863,2025-08-01 10:29:00,43.0545349121094,-9.28992080688477,"Unknown"
"7014854",371863,2025-08-01 10:34:03,43.0550422668457,-9.28953647613525,"Unknown"
"7014854",371863,2025-08-01 10:39:26,43.0548362731934,-9.28955745697021,"Unknown"
"7014854",371863,2025-08-01 10:43:55,43.0548553466797,-9.28960514068604,"Unknown"
"7014854",371863,2025-08-01 10:48:54,43.0548667907715,-9.28964042663574,"Unknown"
"7014854",371863,2025-08-01 10:53:54,43.0548896789551,-9.28965759277344,"Unknown"
"7014854",371863,2025-08-01 10:58:54,43.0548553466797,-9.28963661193848,"Unknown"
"7014854",371863,2025-08-01 11:03:55,43.0549011230469,-9.28970527648926,"Unknown"
"7014854",371863,2025-08-01 11:08:55,43.0548629760742,-9.28962516784668,"Unknown"
"7014854",371863,2025-08-01 11:13:54,43.0549087524414,-9.28967094421387,"Unknown"
"7014854",371863,2025-08-01 11:18:55,43.054874420166,-9.28965663909912,"Unknown"
"7014854",371863,2025-08-01 11:23:55,43.0548896789551,-9.28956604003906,"Unknown"
"7014854",371863,2025-08-01 11:28:55,43.0548706054688,-9.28967475891113,"Unknown"
"7014854",371863,2025-08-01 11:33:55,43.0549163818359,-9.28967952728271,"Unknown"
"7014854",371863,2025-08-01 11:38:55,43.0548515319824,-9.28959941864014,"Unknown"
"7014854",371863,2025-08-01 11:43:58,43.0549125671387,-9.28969764709473,"Unknown"
"7014854",371863,2025-08-01 11:48:55,43.0547828674316,-9.2895975112915,"Unknown"
"7014854",371863,2025-08-01 11:53:54,43.0549774169922,-9.28965663909912,"Unknown"
"7014854",371863,2025-08-01 11:58:55,43.0548782348633,-9.28968906402588,"Unknown"
"7014854",371863,2025-08-01 12:04:14,43.0548057556152,-9.28969383239746,"Unknown"
"7014854",371863,2025-08-01 12:08:56,43.0548133850098,-9.28967475891113,"Unknown"
"7014854",371863,2025-08-01 12:13:54,43.0547676086426,-9.28965854644775,"Unknown"
"7014854",371863,2025-08-01 12:18:58,43.0548515319824,-9.28968715667725,"Unknown"
"7014854",371863,2025-08-01 12:23:57,43.054859161377,-9.28971099853516,"Unknown"
"7014854",371863,2025-08-01 12:28:56,43.0549011230469,-9.28965187072754,"Unknown"
"7014854",371863,2025-08-01 12:33:55,43.0548400878906,-9.28966426849365,"Unknown"
"7014854",371863,2025-08-01 12:39:04,43.0548095703125,-9.28968048095703,"Unknown"
"7014854",371863,2025-08-01 12:43:57,43.0548896789551,-9.28968048095703,"Unknown"
"7014854",371863,2025-08-01 12:49:14,43.0547065734863,-9.28969192504883,"Unknown"
"7014854",371863,2025-08-01 12:53:54,43.0465354919434,-9.28251457214355,"Unknown"
"7014854",371863,2025-08-01 12:58:55,43.0504875183105,-9.26539325714111,"Unknown"
"7014854",371863,2025-08-01 13:03:58,43.0484771728516,-9.26291656494141,"Unknown"
"7014854",371863,2025-08-01 13:08:54,43.0485763549805,-9.26300716400146,"Unknown"
"7014854",371863,2025-08-01 13:13:55,43.0556411743164,-9.25530815124512,"Unknown"
"7014854",371863,2025-08-01 13:18:54,43.0749168395996,-9.24934005737305,"Unknown"
"7014854",371863,2025-08-01 13:24:00,43.0766944885254,-9.25186252593994,"Unknown"
"7014854",371863,2025-08-01 13:28:58,43.0912895202637,-9.25243091583252,"Unknown"
"7014854",371863,2025-08-01 13:34:06,43.0920753479004,-9.24697780609131,"Unknown"
"7014854",371863,2025-08-01 13:39:29,43.0921020507812,-9.24712467193604,"Unknown"
"7014854",371863,2025-08-01 13:43:55,43.0909881591797,-9.23698234558105,"Unknown"
"7014854",371863,2025-08-01 13:48:57,43.0897636413574,-9.23211669921875,"Unknown"
"7014854",371863,2025-08-01 13:53:56,43.0900726318359,-9.23243522644043,"Unknown"
"7014854",371863,2025-08-01 13:58:59,43.0903053283691,-9.2328519821167,"Unknown"
"7014854",371863,2025-08-01 14:03:57,43.090160369873,-9.23264694213867,"Unknown"
"7014854",371863,2025-08-01 14:08:59,43.0902633666992,-9.23264312744141,"Unknown"
"7014854",371863,2025-08-01 14:13:59,43.090217590332,-9.23264217376709,"Unknown"
"7014854",371863,2025-08-01 14:18:58,43.0900421142578,-9.23235034942627,"Unknown"
"7014854",371863,2025-08-01 14:23:56,43.0901374816895,-9.2326135635376,"Unknown"
"7014854",371863,2025-08-01 14:28:55,43.090690612793,-9.2355899810791,"Unknown"
"7014854",371863,2025-08-01 14:33:56,43.0916519165039,-9.25648880004883,"Unknown"
"7014854",371863,2025-08-01 14:39:14,43.0825691223145,-9.25244331359863,"Unknown"
"7014854",371863,2025-08-01 14:43:56,43.0825500488281,-9.25250148773193,"Unknown"
"7014854",371863,2025-08-01 14:48:58,43.0828056335449,-9.25273895263672,"Unknown"
"7014854",371863,2025-08-01 14:53:56,43.0825843811035,-9.25246047973633,"Unknown"
"7014854",371863,2025-08-01 14:58:59,43.0826454162598,-9.25259494781494,"Unknown"
"7014854",371863,2025-08-01 15:04:12,43.0819129943848,-9.25092697143555,"Unknown"
"7014854",371863,2025-08-01 15:09:29,43.0825576782227,-9.25246334075928,"Unknown"
"7014854",371863,2025-08-01 15:13:54,43.0833702087402,-9.25161552429199,"Unknown"
"7014854",371863,2025-08-01 15:18:54,43.0919532775879,-9.24627017974854,"Unknown"
"7014854",371863,2025-08-01 15:23:54,43.0906066894531,-9.23113059997559,"Unknown"
"7014854",371863,2025-08-01 15:28:55,43.0993041992188,-9.2232027053833,"Unknown"
"7014854",371863,2025-08-01 15:33:55,43.0993041992188,-9.22314834594727,"Unknown"
"7014854",371863,2025-08-01 15:38:56,43.0994148254395,-9.22299861907959,"Unknown"
"7014854",371863,2025-08-01 15:43:55,43.0992736816406,-9.22315120697021,"Unknown"
"7014854",371863,2025-08-01 15:48:54,43.1025619506836,-9.21879005432129,"Unknown"
"7014854",371863,2025-08-01 15:53:56,43.1114463806152,-9.22086048126221,"Unknown"
"7014854",371863,2025-08-01 15:58:56,43.111572265625,-9.2206563949585,"Unknown"
"7014854",371863,2025-08-01 16:03:56,43.1115379333496,-9.22080516815186,"Unknown"
"7014854",371863,2025-08-01 16:08:55,43.1115684509277,-9.22073078155518,"Unknown"
"7014854",371863,2025-08-01 16:13:56,43.1113777160645,-9.22097492218018,"Unknown"
"7014854",371863,2025-08-01 16:18:56,43.1115417480469,-9.2208948135376,"Unknown"
"7014854",371863,2025-08-01 16:23:55,43.1114692687988,-9.22090625762939,"Unknown"
"7014854",371863,2025-08-01 16:28:56,43.111515045166,-9.22086811065674,"Unknown"
"7014854",371863,2025-08-01 16:33:54,43.1114311218262,-9.22098159790039,"Unknown"
"7014854",371863,2025-08-01 16:38:56,43.1112403869629,-9.2209939956665,"Unknown"
"7014854",371863,2025-08-01 16:43:57,43.110954284668,-9.22123432159424,"Unknown"
"7014854",371863,2025-08-01 16:48:56,43.1111526489258,-9.22096538543701,"Unknown"
"7014854",371863,2025-08-01 16:53:56,43.111255645752,-9.22083187103271,"Unknown"
"7014854",371863,2025-08-01 16:58:56,43.1111183166504,-9.2210750579834,"Unknown"
"7014854",371863,2025-08-01 17:03:55,43.1112213134766,-9.22100448608398,"Unknown"
"7014854",371863,2025-08-01 17:08:56,43.1115493774414,-9.22104930877686,"Unknown"
"7014854",371863,2025-08-01 17:13:57,43.111385345459,-9.22097206115723,"Unknown"
"7014854",371863,2025-08-01 17:18:56,43.1113357543945,-9.22081756591797,"Unknown"
"7014854",371863,2025-08-01 17:23:56,43.1110572814941,-9.22087383270264,"Unknown"
"7014854",371863,2025-08-01 17:28:56,43.1110496520996,-9.22084808349609,"Unknown"
"7014854",371863,2025-08-01 17:33:56,43.111083984375,-9.22084808349609,"Unknown"
"7014854",371863,2025-08-01 17:38:55,43.1111030578613,-9.22078990936279,"Unknown"
"7014854",371863,2025-08-01 17:43:56,43.1110382080078,-9.22078609466553,"Unknown"
"7014854",371863,2025-08-01 17:48:56,43.1110534667969,-9.22075271606445,"Unknown"
"7014854",371863,2025-08-01 17:53:55,43.1111068725586,-9.22073173522949,"Unknown"
"7014854",371863,2025-08-01 17:58:56,43.1108627319336,-9.22062301635742,"Unknown"
"7014854",371863,2025-08-01 18:03:56,43.1107902526855,-9.22105503082275,"Unknown"
"7014854",371863,2025-08-01 18:08:56,43.110782623291,-9.22088146209717,"Unknown"
"7014854",371863,2025-08-01 18:13:56,43.11083984375,-9.22045040130615,"Unknown"
"7014854",371863,2025-08-01 18:18:56,43.1108932495117,-9.22078227996826,"Unknown"
"7014854",371863,2025-08-01 18:23:56,43.1106643676758,-9.22111701965332,"Unknown"
"7014854",371863,2025-08-01 18:28:56,43.1105155944824,-9.22121620178223,"Unknown"
"7014854",371863,2025-08-01 18:34:12,43.1108703613281,-9.22086143493652,"Unknown"
"7014854",371863,2025-08-01 18:38:55,43.1109046936035,-9.22090339660645,"Unknown"
"7014854",371863,2025-08-01 18:43:56,43.1108779907227,-9.22130298614502,"Unknown"
"7014854",371863,2025-08-01 18:48:57,43.1110305786133,-9.22070503234863,"Unknown"
"7014854",371863,2025-08-01 18:53:56,43.110767364502,-9.22135639190674,"Unknown"
"7014854",371863,2025-08-01 18:58:55,43.1112899780273,-9.22065162658691,"Unknown"
"7014854",371863,2025-08-01 19:03:56,43.1109619140625,-9.22099018096924,"Unknown"
"7014854",371863,2025-08-01 19:08:57,43.1110877990723,-9.22086524963379,"Unknown"
"7014854",371863,2025-08-01 19:13:55,43.1109352111816,-9.22019100189209,"Unknown"
"7014854",371863,2025-08-01 19:18:57,43.1111259460449,-9.22029876708984,"Unknown"
"7014854",371863,2025-08-01 19:23:56,43.1112022399902,-9.21921634674072,"Unknown"
"7014854",371863,2025-08-01 19:28:56,43.1110763549805,-9.21983242034912,"Unknown"
"7014854",371863,2025-08-01 19:33:55,43.1113166809082,-9.21913528442383,"Unknown"
"7014854",371863,2025-08-01 19:38:56,43.1113777160645,-9.21941184997559,"Unknown"
"7014854",371863,2025-08-01 19:43:55,43.1113967895508,-9.21932601928711,"Unknown"
"7014854",371863,2025-08-01 19:48:55,43.1113128662109,-9.21990299224854,"Unknown"
"7014854",371863,2025-08-01 19:53:55,43.1112785339355,-9.22011947631836,"Unknown"
"7014854",371863,2025-08-01 19:58:55,43.1112289428711,-9.2201509475708,"Unknown"
"7014854",371863,2025-08-01 20:03:56,43.1013298034668,-9.21716022491455,"Unknown"
"7014854",371863,2025-08-01 20:08:56,43.1012840270996,-9.21716213226318,"Unknown"
"7014854",371863,2025-08-01 20:13:55,43.101318359375,-9.21722984313965,"Unknown"
"7014854",371863,2025-08-01 20:18:55,43.1012802124023,-9.21722602844238,"Unknown"
"7014854",371863,2025-08-01 20:23:56,43.101245880127,-9.21723556518555,"Unknown"
"7014854",371863,2025-08-01 20:28:55,43.1012878417969,-9.21706390380859,"Unknown"
"7014854",371863,2025-08-01 20:33:55,43.1020660400391,-9.21734619140625,"Unknown"
"7014854",371863,2025-08-01 20:38:56,43.101806640625,-9.21717166900635,"Unknown"
"7014854",371863,2025-08-01 20:43:56,43.1020660400391,-9.21676158905029,"Unknown"
"7014854",371863,2025-08-01 20:48:55,43.1020622253418,-9.21696376800537,"Unknown"
"7014854",371863,2025-08-01 20:53:55,43.1019744873047,-9.21687507629395,"Unknown"
"7014854",371863,2025-08-01 20:58:55,43.1019554138184,-9.21698188781738,"Unknown"
"7014854",371863,2025-08-01 21:03:55,43.1019897460938,-9.21692848205566,"Unknown"
"7014854",371863,2025-08-01 21:08:55,43.1019668579102,-9.21692657470703,"Unknown"
"7014854",371863,2025-08-01 21:13:55,43.1019134521484,-9.21680355072021,"Unknown"
"7014854",371863,2025-08-01 21:18:56,43.101921081543,-9.21691226959229,"Unknown"
"7014854",371863,2025-08-01 21:23:55,43.1019477844238,-9.2170934677124,"Unknown"
"7014854",371863,2025-08-01 21:28:55,43.1019248962402,-9.21709537506104,"Unknown"
"7014854",371863,2025-08-01 21:33:55,43.1019058227539,-9.21713733673096,"Unknown"
"7014854",371863,2025-08-01 21:38:56,43.1019973754883,-9.21706104278564,"Unknown"
"7014854",371863,2025-08-01 21:43:55,43.1019401550293,-9.21710872650146,"Unknown"
"7014854",371863,2025-08-01 21:48:56,43.1017265319824,-9.21715450286865,"Unknown"
"7014854",371863,2025-08-01 21:53:55,43.1017646789551,-9.21696186065674,"Unknown"
"7014854",371863,2025-08-01 21:58:56,43.1019897460938,-9.21713542938232,"Unknown"
"7014854",371863,2025-08-01 22:03:55,43.1019897460938,-9.21698188781738,"Unknown"
"7014854",371863,2025-08-01 22:08:56,43.1020050048828,-9.21727275848389,"Unknown"
"7014854",371863,2025-08-01 22:13:55,43.1020050048828,-9.21711730957031,"Unknown"
"7014854",371863,2025-08-01 22:18:56,43.1020355224609,-9.21713733673096,"Unknown"
"7014854",371863,2025-08-01 22:23:57,43.101806640625,-9.21707916259766,"Unknown"
"7014854",371863,2025-08-01 22:28:58,43.1018905639648,-9.21702861785889,"Unknown"
"7014854",371863,2025-08-01 22:33:57,43.1020469665527,-9.21724128723145,"Unknown"
"7014854",371863,2025-08-01 22:38:57,43.1019096374512,-9.21733570098877,"Unknown"
"7014854",371863,2025-08-01 22:43:56,43.1019096374512,-9.21741580963135,"Unknown"
"7014854",371863,2025-08-01 22:48:56,43.1019325256348,-9.21720218658447,"Unknown"
"7014854",371863,2025-08-01 22:53:56,43.1020202636719,-9.21704864501953,"Unknown"
"7014854",371863,2025-08-01 22:58:57,43.1019058227539,-9.2171745300293,"Unknown"
"7014854",371863,2025-08-01 23:03:56,43.1019973754883,-9.2170467376709,"Unknown"
"7014854",371863,2025-08-01 23:08:55,43.1020202636719,-9.21702861785889,"Unknown"
"7014854",371863,2025-08-01 23:13:55,43.1020202636719,-9.21712779998779,"Unknown"
"7014854",371863,2025-08-01 23:18:57,43.1019744873047,-9.21718215942383,"Unknown"
"7014854",371863,2025-08-01 23:23:55,43.1017990112305,-9.21738719940186,"Unknown"
"7014854",371863,2025-08-01 23:28:57,43.1018295288086,-9.21736907958984,"Unknown"
"7014854",371863,2025-08-01 23:33:56,43.1018371582031,-9.21736526489258,"Unknown"
"7014854",371863,2025-08-01 23:38:55,43.1019325256348,-9.2172737121582,"Unknown"
"7014854",371863,2025-08-01 23:43:55,43.1019172668457,-9.21716022491455,"Unknown"
"7014854",371863,2025-08-01 23:48:55,43.1018142700195,-9.21726703643799,"Unknown"
"7014854",371863,2025-08-01 23:53:55,43.1016578674316,-9.21733474731445,"Unknown"
"7014854",371863,2025-08-01 23:58:56,43.1016082763672,-9.21737670898438,"Unknown"
"7014854",371863,2025-08-02 00:03:55,43.1017417907715,-9.21715927124023,"Unknown"
"7014854",371863,2025-08-02 00:08:56,43.1004333496094,-9.21580028533936,"Unknown"
"7014854",371863,2025-08-02 00:13:55,43.1016540527344,-9.21690654754639,"Unknown"
"7014854",371863,2025-08-02 00:18:56,43.1015892028809,-9.21706199645996,"Unknown"
"7014854",371863,2025-08-02 00:23:55,43.1013450622559,-9.21683597564697,"Unknown"
"7014854",371863,2025-08-02 00:28:56,43.1009712219238,-9.21633052825928,"Unknown"
"7014854",371863,2025-08-02 00:33:56,43.1013031005859,-9.2167444229126,"Unknown"
"7014854",371863,2025-08-02 00:38:58,43.1009941101074,-9.21627902984619,"Unknown"
"7014854",371863,2025-08-02 00:43:57,43.1006851196289,-9.2156457901001,"Unknown"
"7014854",371863,2025-08-02 00:48:58,43.1020164489746,-9.21764183044434,"Unknown"
"7014854",371863,2025-08-02 00:53:56,43.1021308898926,-9.21732521057129,"Unknown"
"7014854",371863,2025-08-02 00:58:55,43.1021423339844,-9.21727752685547,"Unknown"
"7014854",371863,2025-08-02 01:03:56,43.1020088195801,-9.21772480010986,"Unknown"
"7014854",371863,2025-08-02 01:08:56,43.1022071838379,-9.21744060516357,"Unknown"
"7014854",371863,2025-08-02 01:13:55,43.1021461486816,-9.21745872497559,"Unknown"
"7014854",371863,2025-08-02 01:18:55,43.1022453308105,-9.21739959716797,"Unknown"
"7014854",371863,2025-08-02 01:23:56,43.1021385192871,-9.21742057800293,"Unknown"
"7014854",371863,2025-08-02 01:28:56,43.1020622253418,-9.21747779846191,"Unknown"
"7014854",371863,2025-08-02 01:33:55,43.1023330688477,-9.21769905090332,"Unknown"
"7014854",371863,2025-08-02 01:38:56,43.1019096374512,-9.21657848358154,"Unknown"
"7014854",371863,2025-08-02 01:43:58,43.1021003723145,-9.21741390228271,"Unknown"
"7014854",371863,2025-08-02 01:48:55,43.102424621582,-9.21754932403564,"Unknown"
"7014854",371863,2025-08-02 01:53:56,43.1020202636719,-9.21688365936279,"Unknown"
"7014854",371863,2025-08-02 01:58:55,43.1023025512695,-9.21758079528809,"Unknown"
"7014854",371863,2025-08-02 02:03:55,43.1020851135254,-9.21774864196777,"Unknown"
"7014854",371863,2025-08-02 02:08:55,43.1023826599121,-9.21762084960938,"Unknown"
"7014854",371863,2025-08-02 02:13:55,43.1022987365723,-9.2176342010498,"Unknown"
"7014854",371863,2025-08-02 02:18:55,43.1022605895996,-9.21762371063232,"Unknown"
"7014854",371863,2025-08-02 02:23:55,43.1020393371582,-9.21694278717041,"Unknown"
"7014854",371863,2025-08-02 02:28:55,43.102108001709,-9.21724510192871,"Unknown"
"7014854",371863,2025-08-02 02:33:55,43.1020545959473,-9.21708202362061,"Unknown"
"7014854",371863,2025-08-02 02:38:56,43.1020812988281,-9.21718502044678,"Unknown"
"7014854",371863,2025-08-02 02:43:55,43.1020584106445,-9.21712493896484,"Unknown"
"7014854",371863,2025-08-02 02:48:56,43.1020011901855,-9.21707057952881,"Unknown"
"7014854",371863,2025-08-02 02:53:56,43.1020011901855,-9.21714496612549,"Unknown"
"7014854",371863,2025-08-02 02:58:55,43.1020202636719,-9.21704196929932,"Unknown"
"7014854",371863,2025-08-02 03:03:55,43.1022987365723,-9.21753120422363,"Unknown"
"7014854",371863,2025-08-02 03:08:55,43.1023826599121,-9.21743392944336,"Unknown"
"7014854",371863,2025-08-02 03:13:55,43.101978302002,-9.21707916259766,"Unknown"
"7014854",371863,2025-08-02 03:18:55,43.1022300720215,-9.21752738952637,"Unknown"
"7014854",371863,2025-08-02 03:23:55,43.1022911071777,-9.21755504608154,"Unknown"
"7014854",371863,2025-08-02 03:28:55,43.102424621582,-9.21773624420166,"Unknown"
"7014854",371863,2025-08-02 03:33:55,43.102367401123,-9.21768951416016,"Unknown"
"7014854",371863,2025-08-02 03:38:56,43.1020698547363,-9.21714210510254,"Unknown"
"7014854",371863,2025-08-02 03:43:56,43.1026802062988,-9.21767330169678,"Unknown"
"7014854",371863,2025-08-02 03:48:57,43.1025505065918,-9.21764755249023,"Unknown"
"7014854",371863,2025-08-02 03:53:55,43.1027488708496,-9.21757888793945,"Unknown"
"7014854",371863,2025-08-02 03:58:57,43.1025505065918,-9.21754932403564,"Unknown"
"7014854",371863,2025-08-02 04:03:56,43.102237701416,-9.21774387359619,"Unknown"
"7014854",371863,2025-08-02 04:08:56,43.1022834777832,-9.2177152633667,"Unknown"
"7014854",371863,2025-08-02 04:13:57,43.1023178100586,-9.21766090393066,"Unknown"
"7014854",371863,2025-08-02 04:18:56,43.1023368835449,-9.21760177612305,"Unknown"
"7014854",371863,2025-08-02 04:23:56,43.102123260498,-9.21792984008789,"Unknown"
"7014854",371863,2025-08-02 04:28:56,43.1022911071777,-9.21747779846191,"Unknown"
"7014854",371863,2025-08-02 04:33:57,43.1026649475098,-9.21728134155273,"Unknown"
"7014854",371863,2025-08-02 04:38:55,43.095157623291,-9.23671531677246,"Unknown"
"7014854",371863,2025-08-02 04:43:55,43.0703506469727,-9.28306484222412,"Unknown"
"7014854",371863,2025-08-02 04:48:55,43.0584869384766,-9.29232406616211,"Unknown"
"7014854",371863,2025-08-02 04:53:55,43.059326171875,-9.29268360137939,"Unknown"
"7014854",371863,2025-08-02 04:58:55,43.0585632324219,-9.29204559326172,"Unknown"
"7014854",371863,2025-08-02 05:03:55,43.0597915649414,-9.29247951507568,"Unknown"
"7014854",371863,2025-08-02 05:08:55,43.0589027404785,-9.29211616516113,"Unknown"
"7014854",371863,2025-08-02 05:13:55,43.0580444335938,-9.29224300384521,"Unknown"
"7014854",371863,2025-08-02 05:18:55,43.0577659606934,-9.2925853729248,"Unknown"
"7014854",371863,2025-08-02 05:23:55,43.0577697753906,-9.29256629943848,"Unknown"
"7014854",371863,2025-08-02 05:28:55,43.0557594299316,-9.29065036773682,"Unknown"
"7014854",371863,2025-08-02 05:33:56,43.0563926696777,-9.29021263122559,"Unknown"
"7014854",371863,2025-08-02 05:38:57,43.0561256408691,-9.29036235809326,"Unknown"
"7014854",371863,2025-08-02 05:43:56,43.0558052062988,-9.29055404663086,"Unknown"
"7014854",371863,2025-08-02 05:48:59,43.0558891296387,-9.29057502746582,"Unknown"
"7014854",371863,2025-08-02 05:53:55,43.0559425354004,-9.2905158996582,"Unknown"
"7014854",371863,2025-08-02 05:58:57,43.0561218261719,-9.29028511047363,"Unknown"
"7014854",371863,2025-08-02 06:03:56,43.0556602478027,-9.29038238525391,"Unknown"
"7014854",371863,2025-08-02 06:08:58,43.0551109313965,-9.29015159606934,"Unknown"
"7014854",371863,2025-08-02 06:13:57,43.0551414489746,-9.29017734527588,"Unknown"
"7014854",371863,2025-08-02 06:19:05,43.0551567077637,-9.29001140594482,"Unknown"
"7014854",371863,2025-08-02 06:23:57,43.0551795959473,-9.29011249542236,"Unknown"
"7014854",371863,2025-08-02 06:28:57,43.0551147460938,-9.29015731811523,"Unknown"
"7014854",371863,2025-08-02 06:34:01,43.0553932189941,-9.2903299331665,"Unknown"
"7014854",371863,2025-08-02 06:39:03,43.0554237365723,-9.29034328460693,"Unknown"
"7014854",371863,2025-08-02 06:44:04,43.0556869506836,-9.29048633575439,"Unknown"
"7014854",371863,2025-08-02 06:48:56,43.0558052062988,-9.29043292999268,"Unknown"
"7014854",371863,2025-08-02 06:53:56,43.0558433532715,-9.29042530059814,"Unknown"
"7014854",371863,2025-08-02 06:58:56,43.0557441711426,-9.29041290283203,"Unknown"
"7014854",371863,2025-08-02 07:03:56,43.055778503418,-9.29042434692383,"Unknown"
"7014854",371863,2025-08-02 07:08:56,43.0558242797852,-9.29033088684082,"Unknown"
"7014854",371863,2025-08-02 07:13:55,43.0556411743164,-9.2903413772583,"Unknown"
"7014854",371863,2025-08-02 07:18:55,43.055103302002,-9.29016494750977,"Unknown"
"7014854",371863,2025-08-02 07:23:55,43.0549163818359,-9.28985404968262,"Unknown"
"7014854",371863,2025-08-02 07:28:56,43.0551338195801,-9.28983879089355,"Unknown"
"7014854",371863,2025-08-02 07:33:56,43.0550575256348,-9.28977394104004,"Unknown"
"7014854",371863,2025-08-02 07:38:56,43.0558700561523,-9.29036426544189,"Unknown"
"7014854",371863,2025-08-02 07:43:56,43.056022644043,-9.29002571105957,"Unknown"
"7014854",371863,2025-08-02 07:48:57,43.0559692382812,-9.29037284851074,"Unknown"
"7014854",371863,2025-08-02 07:53:56,43.0559616088867,-9.29030799865723,"Unknown"
"7014854",371863,2025-08-02 07:58:56,43.0559616088867,-9.29032421112061,"Unknown"
"7014854",371863,2025-08-02 08:03:56,43.0559692382812,-9.29031372070312,"Unknown"
"7014854",371863,2025-08-02 08:08:55,43.055965423584,-9.29026985168457,"Unknown"
"7014854",371863,2025-08-02 08:13:55,43.0559616088867,-9.29027271270752,"Unknown"
"7014854",371863,2025-08-02 08:18:55,43.0560035705566,-9.29030132293701,"Unknown"
"7014854",371863,2025-08-02 08:23:56,43.0559997558594,-9.29019737243652,"Unknown"
"7014854",371863,2025-08-02 08:28:56,43.0560073852539,-9.29011058807373,"Unknown"
"7014854",371863,2025-08-02 08:34:01,43.056022644043,-9.28982734680176,"Unknown"
"7014854",371863,2025-08-02 08:38:57,43.0561027526855,-9.29012203216553,"Unknown"
"7014854",371863,2025-08-02 08:43:55,43.0560188293457,-9.29001903533936,"Unknown"
"7014854",371863,2025-08-02 08:48:55,43.0560646057129,-9.29018115997314,"Unknown"
"7014854",371863,2025-08-02 08:53:55,43.0561180114746,-9.29044055938721,"Unknown"
"7014854",371863,2025-08-02 08:58:56,43.0561141967773,-9.29057121276855,"Unknown"
"7014854",371863,2025-08-02 09:03:56,43.0561027526855,-9.29062747955322,"Unknown"
"7014854",371863,2025-08-02 09:08:57,43.0559692382812,-9.2901668548584,"Unknown"
"7014854",371863,2025-08-02 09:13:57,43.0559463500977,-9.29001522064209,"Unknown"
"7014854",371863,2025-08-02 09:18:57,43.0559539794922,-9.29008007049561,"Unknown"
"7014854",371863,2025-08-02 09:23:59,43.0582504272461,-9.29260635375977,"Unknown"
"7014854",371863,2025-08-02 09:28:58,43.0584259033203,-9.29214000701904,"Unknown"
"7014854",371863,2025-08-02 09:33:57,43.0581893920898,-9.29225635528564,"Unknown"
"7014854",371863,2025-08-02 09:38:57,43.0582046508789,-9.2923526763916,"Unknown"
"7014854",371863,2025-08-02 09:43:56,43.0581932067871,-9.29234600067139,"Unknown"
"7014854",371863,2025-08-02 09:48:56,43.0581436157227,-9.29232406616211,"Unknown"
"7014854",371863,2025-08-02 09:53:58,43.0580711364746,-9.29265308380127,"Unknown"
"7014854",371863,2025-08-02 09:58:57,43.0563011169434,-9.29116821289062,"Unknown"
"7014854",371863,2025-08-02 10:04:04,43.0548400878906,-9.29005146026611,"Unknown"
"7014854",371863,2025-08-02 10:08:59,43.0553359985352,-9.29031085968018,"Unknown"
"7014854",371863,2025-08-02 10:14:01,43.0550765991211,-9.29028987884521,"Unknown"
"7014854",371863,2025-08-02 10:18:58,43.0552749633789,-9.2905101776123,"Unknown"
"7014854",371863,2025-08-02 10:23:58,43.0551605224609,-9.29032421112061,"Unknown"
"7014854",371863,2025-08-02 10:28:58,43.0552978515625,-9.29046726226807,"Unknown"
"7014854",371863,2025-08-02 10:34:01,43.0554161071777,-9.29035663604736,"Unknown"
"7014854",371863,2025-08-02 10:39:06,43.0553207397461,-9.29034233093262,"Unknown"
"7014854",371863,2025-08-02 10:43:59,43.0553169250488,-9.2902889251709,"Unknown"
"7014854",371863,2025-08-02 10:48:57,43.0554275512695,-9.29024505615234,"Unknown"
"7014854",371863,2025-08-02 10:53:56,43.0555152893066,-9.29030895233154,"Unknown"
"7014854",371863,2025-08-02 10:58:57,43.0555114746094,-9.29008388519287,"Unknown"
"7014854",371863,2025-08-02 11:03:57,43.0553970336914,-9.29019069671631,"Unknown"
"7014854",371863,2025-08-02 11:08:56,43.0557556152344,-9.29006385803223,"Unknown"
"7014854",371863,2025-08-02 11:13:56,43.0556564331055,-9.29018783569336,"Unknown"
"7014854",371863,2025-08-02 11:18:56,43.055606842041,-9.29024410247803,"Unknown"
"7014854",371863,2025-08-02 11:23:57,43.055721282959,-9.29004001617432,"Unknown"
"7014854",371863,2025-08-02 11:28:57,43.0555877685547,-9.28996467590332,"Unknown"
"7014854",371863,2025-08-02 11:33:57,43.055591583252,-9.29004192352295,"Unknown"
"7014854",371863,2025-08-02 11:38:57,43.0555992126465,-9.28992176055908,"Unknown"
"7014854",371863,2025-08-02 11:43:56,43.0556869506836,-9.29004573822021,"Unknown"
"7014854",371863,2025-08-02 11:49:05,43.0549812316895,-9.29012489318848,"Unknown"
"7014854",371863,2025-08-02 11:54:00,43.0557098388672,-9.29022407531738,"Unknown"
"7014854",371863,2025-08-02 11:58:58,43.0556602478027,-9.29020977020264,"Unknown"
"7014854",371863,2025-08-02 12:03:57,43.0563011169434,-9.29052543640137,"Unknown"
"7014854",371863,2025-08-02 12:08:56,43.0564231872559,-9.29057025909424,"Unknown"
"7014854",371863,2025-08-02 12:13:57,43.0561141967773,-9.29034233093262,"Unknown"
"7014854",371863,2025-08-02 12:18:57,43.0561103820801,-9.29034519195557,"Unknown"
"7014854",371863,2025-08-02 12:23:56,43.0561332702637,-9.29026412963867,"Unknown"
"7014854",371863,2025-08-02 12:28:56,43.056037902832,-9.29023265838623,"Unknown"
"7014854",371863,2025-08-02 12:33:57,43.0562057495117,-9.29050922393799,"Unknown"
"7014854",371863,2025-08-02 12:38:56,43.0562591552734,-9.29039859771729,"Unknown"
"7014854",371863,2025-08-02 12:43:56,43.0562705993652,-9.29042053222656,"Unknown"
"7014854",371863,2025-08-02 12:48:56,43.0562362670898,-9.29039096832275,"Unknown"
"7014854",371863,2025-08-02 12:53:56,43.0562438964844,-9.29040145874023,"Unknown"
"7014854",371863,2025-08-02 12:58:57,43.0562286376953,-9.29042816162109,"Unknown"
"7014854",371863,2025-08-02 13:03:56,43.0563049316406,-9.29035568237305,"Unknown"
"7014854",371863,2025-08-02 13:08:56,43.0562438964844,-9.29041290283203,"Unknown"
"7014854",371863,2025-08-02 13:13:56,43.0562896728516,-9.29036331176758,"Unknown"
"7014854",371863,2025-08-02 13:18:56,43.0562629699707,-9.29038715362549,"Unknown"
"7014854",371863,2025-08-02 13:23:56,43.0562934875488,-9.29036712646484,"Unknown"
"7014854",371863,2025-08-02 13:28:56,43.0564804077148,-9.29017353057861,"Unknown"
"7014854",371863,2025-08-02 13:33:56,43.0565299987793,-9.29024124145508,"Unknown"
"7014854",371863,2025-08-02 13:39:01,43.0564918518066,-9.29044628143311,"Unknown"
"7014854",371863,2025-08-02 13:43:59,43.0564270019531,-9.29049205780029,"Unknown"
"7014854",371863,2025-08-02 13:48:59,43.0564117431641,-9.29047679901123,"Unknown"
"7014854",371863,2025-08-02 13:53:59,43.0564308166504,-9.29049968719482,"Unknown"
"7014854",371863,2025-08-02 13:58:58,43.0564002990723,-9.29055118560791,"Unknown"
"7014854",371863,2025-08-02 14:03:57,43.0563735961914,-9.29055118560791,"Unknown"
"7014854",371863,2025-08-02 14:09:00,43.056468963623,-9.29073143005371,"Unknown"
"7014854",371863,2025-08-02 14:13:59,43.0564270019531,-9.29063606262207,"Unknown"
"7014854",371863,2025-08-02 14:18:56,43.0563735961914,-9.29046630859375,"Unknown"
"7014854",371863,2025-08-02 14:23:59,43.0564918518066,-9.29078578948975,"Unknown"
"7014854",371863,2025-08-02 14:29:01,43.0564575195312,-9.2905797958374,"Unknown"
"7014854",371863,2025-08-02 14:34:00,43.0563888549805,-9.29057312011719,"Unknown"
"7014854",371863,2025-08-02 14:38:58,43.0564270019531,-9.2904691696167,"Unknown"
"7014854",371863,2025-08-02 14:43:56,43.0563621520996,-9.29047966003418,"Unknown"
"7014854",371863,2025-08-02 14:48:56,43.0563468933105,-9.29042625427246,"Unknown"
"7014854",371863,2025-08-02 14:53:56,43.0563545227051,-9.29041004180908,"Unknown"
"7014854",371863,2025-08-02 14:58:56,43.0563430786133,-9.2903528213501,"Unknown"
"7014854",371863,2025-08-02 15:03:56,43.0563316345215,-9.29042530059814,"Unknown"
"7014854",371863,2025-08-02 15:08:57,43.0562858581543,-9.29037666320801,"Unknown"
"7014854",371863,2025-08-02 15:13:57,43.0562477111816,-9.29034328460693,"Unknown"
"7014854",371863,2025-08-02 15:18:56,43.056209564209,-9.2902717590332,"Unknown"
"7014854",371863,2025-08-02 15:23:57,43.0562324523926,-9.29028034210205,"Unknown"
"7014854",371863,2025-08-02 15:28:56,43.0562362670898,-9.29027843475342,"Unknown"
"7014854",371863,2025-08-02 15:33:56,43.0562400817871,-9.290358543396,"Unknown"
"7014854",371863,2025-08-02 15:38:56,43.056209564209,-9.2902946472168,"Unknown"
"7014854",371863,2025-08-02 15:43:56,43.0564041137695,-9.29053592681885,"Unknown"
"7014854",371863,2025-08-02 15:48:56,43.0565185546875,-9.29053688049316,"Unknown"
"7014854",371863,2025-08-02 15:53:57,43.0565185546875,-9.29049110412598,"Unknown"
"7014854",371863,2025-08-02 15:58:57,43.0565223693848,-9.29051876068115,"Unknown"
"7014854",371863,2025-08-02 16:03:57,43.0565719604492,-9.29048538208008,"Unknown"
"7014854",371863,2025-08-02 16:08:56,43.0563774108887,-9.29052543640137,"Unknown"
"7014854",371863,2025-08-02 16:13:56,43.0564041137695,-9.29057884216309,"Unknown"
"7014854",371863,2025-08-02 16:18:57,43.0564651489258,-9.29050540924072,"Unknown"
"7014854",371863,2025-08-02 16:23:56,43.0565872192383,-9.29049110412598,"Unknown"
"7014854",371863,2025-08-02 16:28:56,43.056396484375,-9.2905912399292,"Unknown"
"7014854",371863,2025-08-02 16:33:56,43.0563278198242,-9.29060363769531,"Unknown"
"7014854",371863,2025-08-02 16:38:57,43.0564041137695,-9.29079341888428,"Unknown"
"7014854",371863,2025-08-02 16:43:57,43.0565071105957,-9.29026126861572,"Unknown"
"7014854",371863,2025-08-02 16:48:56,43.0565528869629,-9.290114402771,"Unknown"
"7014854",371863,2025-08-02 16:53:56,43.0564842224121,-9.29022884368896,"Unknown"
"7014854",371863,2025-08-02 16:58:56,43.0565071105957,-9.29020881652832,"Unknown"
"7014854",371863,2025-08-02 17:03:57,43.0564384460449,-9.29031467437744,"Unknown"
"7014854",371863,2025-08-02 17:08:58,43.0564422607422,-9.29024505615234,"Unknown"
"7014854",371863,2025-08-02 17:13:59,43.0564041137695,-9.29029941558838,"Unknown"
"7014854",371863,2025-08-02 17:19:00,43.0564231872559,-9.29018497467041,"Unknown"
"7014854",371863,2025-08-02 17:24:00,43.0564498901367,-9.29007720947266,"Unknown"
"7014854",371863,2025-08-02 17:29:01,43.0563850402832,-9.29031848907471,"Unknown"
"7014854",371863,2025-08-02 17:34:09,43.0566329956055,-9.29125118255615,"Unknown"
"7014854",371863,2025-08-02 17:39:01,43.0564270019531,-9.29035663604736,"Unknown"
"7014854",371863,2025-08-02 17:44:17,43.0566864013672,-9.291672706604,"Unknown"
"7014854",371863,2025-08-02 17:49:00,43.0564002990723,-9.29013061523438,"Unknown"
"7014854",371863,2025-08-02 17:54:04,43.0562782287598,-9.29016780853271,"Unknown"
"7014854",371863,2025-08-02 17:59:01,43.0563049316406,-9.29027080535889,"Unknown"
"7014854",371863,2025-08-02 18:04:27,43.0564155578613,-9.29097461700439,"Unknown"
"7014854",371863,2025-08-02 18:09:03,43.0564613342285,-9.29108619689941,"Unknown"
"7014854",371863,2025-08-02 18:14:00,43.056324005127,-9.29068851470947,"Unknown"
"7014854",371863,2025-08-02 18:18:59,43.0562591552734,-9.29038143157959,"Unknown"
"7014854",371863,2025-08-02 18:23:58,43.0561943054199,-9.28993797302246,"Unknown"
"7014854",371863,2025-08-02 18:29:00,43.0560646057129,-9.28974056243896,"Unknown"
"7014854",371863,2025-08-02 18:34:05,43.0567169189453,-9.29175662994385,"Unknown"
"7014854",371863,2025-08-02 18:39:05,43.0565452575684,-9.29129028320312,"Unknown"
"7014854",371863,2025-08-02 18:44:06,43.0562629699707,-9.29078578948975,"Unknown"
"7014854",371863,2025-08-02 18:48:58,43.0559921264648,-9.29031658172607,"Unknown"
"7014854",371863,2025-08-02 18:53:58,43.0556869506836,-9.28920459747314,"Unknown"
"7014854",371863,2025-08-02 18:58:59,43.055736541748,-9.28929233551025,"Unknown"
"7014854",371863,2025-08-02 19:04:00,43.0559997558594,-9.2900390625,"Unknown"
"7014854",371863,2025-08-02 19:09:07,43.0561447143555,-9.29037952423096,"Unknown"
"7014854",371863,2025-08-02 19:14:04,43.0562057495117,-9.29045867919922,"Unknown"
"7014854",371863,2025-08-02 19:19:03,43.0561637878418,-9.2905330657959,"Unknown"
"7014854",371863,2025-08-02 19:23:58,43.0558738708496,-9.29031753540039,"Unknown"
"7014854",371863,2025-08-02 19:28:59,43.0558891296387,-9.29017925262451,"Unknown"
"7014854",371863,2025-08-02 19:33:58,43.056022644043,-9.29015159606934,"Unknown"
"7014854",371863,2025-08-02 19:39:12,43.0579223632812,-9.29233932495117,"Unknown"
"7014854",371863,2025-08-02 19:44:22,43.0583801269531,-9.29182434082031,"Unknown"
"7014854",371863,2025-08-02 19:49:02,43.0585060119629,-9.29168605804443,"Unknown"
"7014854",371863,2025-08-02 19:54:10,43.0584449768066,-9.29177761077881,"Unknown"
"7014854",371863,2025-08-02 19:59:08,43.0584678649902,-9.29193878173828,"Unknown"
"7014854",371863,2025-08-02 20:04:07,43.0587463378906,-9.29180431365967,"Unknown"
"7014854",371863,2025-08-02 20:09:07,43.058162689209,-9.29211902618408,"Unknown"
"7014854",371863,2025-08-02 20:14:06,43.0581703186035,-9.29193305969238,"Unknown"
"7014854",371863,2025-08-02 20:18:58,43.0577354431152,-9.29140567779541,"Unknown"
"7014854",371863,2025-08-02 20:23:59,43.0591278076172,-9.29187488555908,"Unknown"
"7014854",371863,2025-08-02 20:28:58,43.0564346313477,-9.28998565673828,"Unknown"
"7014854",371863,2025-08-02 20:33:59,43.0294418334961,-9.29055500030518,"Unknown"
"7014854",371863,2025-08-02 20:38:58,42.9958343505859,-9.29598903656006,"Unknown"
"7014854",371863,2025-08-02 20:43:58,42.9623069763184,-9.29264354705811,"Unknown"
"7014854",371863,2025-08-02 20:48:58,42.9186820983887,-9.29701805114746,"Unknown"
"7014854",371863,2025-08-02 20:53:59,42.9083938598633,-9.28301906585693,"Unknown"
"7014854",371863,2025-08-02 20:59:04,42.9047012329102,-9.26381874084473,"Unknown"
"7014854",371863,2025-08-02 21:04:13,42.9045867919922,-9.2639684677124,"Unknown"
"7014854",371863,2025-08-02 21:09:00,42.9047889709473,-9.26420783996582,"Unknown"
"7014854",371863,2025-08-02 21:14:12,42.9045791625977,-9.26385593414307,"Unknown"
"7014854",371863,2025-08-02 21:19:07,42.9067878723145,-9.25960350036621,"Unknown"
"7014854",371863,2025-08-02 21:24:03,42.9069442749023,-9.25908756256104,"Unknown"
"7014854",371863,2025-08-02 21:29:02,42.9070014953613,-9.25859546661377,"Unknown"
"7014854",371863,2025-08-02 21:34:03,42.9068183898926,-9.25910377502441,"Unknown"
"7014854",371863,2025-08-02 21:39:12,42.9065208435059,-9.26084613800049,"Unknown"
"7014854",371863,2025-08-02 21:44:07,42.9065284729004,-9.26076126098633,"Unknown"
"7014854",371863,2025-08-02 21:49:13,42.9065742492676,-9.26064395904541,"Unknown"
"7014854",371863,2025-08-02 21:54:00,42.9064178466797,-9.26067447662354,"Unknown"
"7014854",371863,2025-08-02 21:59:00,42.9066925048828,-9.26086139678955,"Unknown"
"7014854",371863,2025-08-02 22:04:01,42.9065933227539,-9.26062774658203,"Unknown"
"7014854",371863,2025-08-02 22:09:09,42.9062881469727,-9.2606143951416,"Unknown"
"7014854",371863,2025-08-02 22:14:04,42.906494140625,-9.26079750061035,"Unknown"
"7014854",371863,2025-08-02 22:19:01,42.9065704345703,-9.26087284088135,"Unknown"
"7014854",371863,2025-08-02 22:24:04,42.9065017700195,-9.26066493988037,"Unknown"
"7014854",371863,2025-08-02 22:29:12,42.9065208435059,-9.26068878173828,"Unknown"
"7014854",371863,2025-08-02 22:33:58,42.9066200256348,-9.26064586639404,"Unknown"
"7014854",371863,2025-08-02 22:38:59,42.906852722168,-9.26100063323975,"Unknown"
"7014854",371863,2025-08-02 22:44:01,42.9062080383301,-9.26047897338867,"Unknown"
"7014854",371863,2025-08-02 22:49:29,42.906608581543,-9.26066493988037,"Unknown"
"7014854",371863,2025-08-02 22:53:57,42.9066009521484,-9.26056098937988,"Unknown"
"7014854",371863,2025-08-02 22:58:58,42.9065895080566,-9.26068878173828,"Unknown"
"7014854",371863,2025-08-02 23:03:58,42.9064788818359,-9.26062297821045,"Unknown"
"7014854",371863,2025-08-02 23:08:58,42.9065895080566,-9.2605676651001,"Unknown"
"7014854",371863,2025-08-02 23:13:58,42.9065856933594,-9.26062488555908,"Unknown"
"7014854",371863,2025-08-02 23:19:02,42.9065704345703,-9.26070594787598,"Unknown"
"7014854",371863,2025-08-02 23:23:59,42.9065895080566,-9.26058101654053,"Unknown"
"7014854",371863,2025-08-02 23:28:58,42.9065971374512,-9.26051425933838,"Unknown"
"7014854",371863,2025-08-02 23:34:00,42.9065017700195,-9.26085186004639,"Unknown"
"7014854",371863,2025-08-02 23:38:59,42.9046058654785,-9.26428699493408,"Unknown"
"7014854",371863,2025-08-02 23:43:59,42.9047966003418,-9.26412773132324,"Unknown"
"7014854",371863,2025-08-02 23:48:58,42.9048385620117,-9.26405334472656,"Unknown"
"7014854",371863,2025-08-02 23:54:00,42.9048728942871,-9.26416015625,"Unknown"
"7014854",371863,2025-08-02 23:59:02,42.9049911499023,-9.26408100128174,"Unknown"
"7014854",371863,2025-08-03 00:04:04,42.9049835205078,-9.26388931274414,"Unknown"
"7014854",371863,2025-08-03 00:09:06,42.9049224853516,-9.26394462585449,"Unknown"
"7014854",371863,2025-08-03 00:14:01,42.9047660827637,-9.26405715942383,"Unknown"
"7014854",371863,2025-08-03 00:19:12,42.9049987792969,-9.26429271697998,"Unknown"
"7014854",371863,2025-08-03 00:24:01,42.904842376709,-9.26434898376465,"Unknown"
"7014854",371863,2025-08-03 00:29:06,42.9049110412598,-9.2640380859375,"Unknown"
"7014854",371863,2025-08-03 00:34:02,42.9048347473145,-9.26389980316162,"Unknown"
"7014854",371863,2025-08-03 00:39:02,42.9047889709473,-9.26415729522705,"Unknown"
"7014854",371863,2025-08-03 00:44:12,42.904842376709,-9.26430511474609,"Unknown"
"7014854",371863,2025-08-03 00:48:59,42.9049339294434,-9.26425361633301,"Unknown"
"7014854",371863,2025-08-03 00:54:11,42.9049186706543,-9.26412487030029,"Unknown"
"7014854",371863,2025-08-03 00:59:01,42.904857635498,-9.26466464996338,"Unknown"
"7014854",371863,2025-08-03 01:03:58,42.9049186706543,-9.26420402526855,"Unknown"
"7014854",371863,2025-08-03 01:09:02,42.904914855957,-9.26406955718994,"Unknown"
"7014854",371863,2025-08-03 01:13:59,42.9049186706543,-9.26398277282715,"Unknown"
"7014854",371863,2025-08-03 01:19:01,42.9050216674805,-9.26492023468018,"Unknown"
"7014854",371863,2025-08-03 01:24:00,42.905029296875,-9.26443290710449,"Unknown"
"7014854",371863,2025-08-03 01:29:01,42.9049911499023,-9.26420497894287,"Unknown"
"7014854",371863,2025-08-03 01:34:01,42.905086517334,-9.26427936553955,"Unknown"
"7014854",371863,2025-08-03 01:39:01,42.9051399230957,-9.26413631439209,"Unknown"
"7014854",371863,2025-08-03 01:44:04,42.9049758911133,-9.26444530487061,"Unknown"
"7014854",371863,2025-08-03 01:49:17,42.9045295715332,-9.26422309875488,"Unknown"
"7014854",371863,2025-08-03 01:54:13,42.9048118591309,-9.26410102844238,"Unknown"
"7014854",371863,2025-08-03 01:59:06,42.9048805236816,-9.26415920257568,"Unknown"
"7014854",371863,2025-08-03 02:04:00,42.9047966003418,-9.26404190063477,"Unknown"
"7014854",371863,2025-08-03 02:08:58,42.904857635498,-9.26405143737793,"Unknown"
"7014854",371863,2025-08-03 02:14:01,42.9047660827637,-9.26414585113525,"Unknown"
"7014854",371863,2025-08-03 02:19:02,42.9049644470215,-9.26412010192871,"Unknown"
"7014854",371863,2025-08-03 02:23:59,42.9049491882324,-9.26411628723145,"Unknown"
"7014854",371863,2025-08-03 02:29:00,42.9048004150391,-9.26392936706543,"Unknown"
"7014854",371863,2025-08-03 02:34:05,42.9050102233887,-9.26415634155273,"Unknown"
"7014854",371863,2025-08-03 02:39:07,42.9050178527832,-9.26426029205322,"Unknown"
"7014854",371863,2025-08-03 02:44:07,42.9049644470215,-9.26434230804443,"Unknown"
"7014854",371863,2025-08-03 02:49:29,42.9048347473145,-9.26412677764893,"Unknown"
"7014854",371863,2025-08-03 02:53:58,42.9048461914062,-9.26408958435059,"Unknown"
"7014854",371863,2025-08-03 02:58:59,42.9048538208008,-9.26407718658447,"Unknown"
"7014854",371863,2025-08-03 03:03:58,42.9049034118652,-9.26428413391113,"Unknown"
"7014854",371863,2025-08-03 03:08:58,42.9048004150391,-9.26389694213867,"Unknown"
"7014854",371863,2025-08-03 03:13:59,42.9048538208008,-9.26385879516602,"Unknown"
"7014854",371863,2025-08-03 03:18:59,42.9048843383789,-9.26387405395508,"Unknown"
"7014854",371863,2025-08-03 03:24:01,42.9048500061035,-9.26406955718994,"Unknown"
"7014854",371863,2025-08-03 03:28:58,42.9049224853516,-9.26413154602051,"Unknown"
"7014854",371863,2025-08-03 03:34:00,42.9052543640137,-9.26470756530762,"Unknown"
"7014854",371863,2025-08-03 03:39:07,42.9048004150391,-9.26396751403809,"Unknown"
"7014854",371863,2025-08-03 03:43:59,42.9050331115723,-9.26429271697998,"Unknown"
"7014854",371863,2025-08-03 03:49:00,42.9051551818848,-9.26432418823242,"Unknown"
"7014854",371863,2025-08-03 03:54:11,42.9047737121582,-9.26395320892334,"Unknown"
"7014854",371863,2025-08-03 03:59:02,42.9048004150391,-9.26406288146973,"Unknown"
"7014854",371863,2025-08-03 04:04:07,42.9047660827637,-9.26413440704346,"Unknown"
"7014854",371863,2025-08-03 04:09:01,42.9049797058105,-9.26425361633301,"Unknown"
"7014854",371863,2025-08-03 04:14:04,42.9048385620117,-9.26391792297363,"Unknown"
"7014854",371863,2025-08-03 04:18:58,42.9049797058105,-9.26438999176025,"Unknown"
"7014854",371863,2025-08-03 04:24:01,42.9048080444336,-9.26422214508057,"Unknown"
"7014854",371863,2025-08-03 04:29:06,42.908935546875,-9.25863075256348,"Unknown"
"7014854",371863,2025-08-03 04:34:00,42.904857635498,-9.26404571533203,"Unknown"
"7014854",371863,2025-08-03 04:39:04,42.9049034118652,-9.2639274597168,"Unknown"
"7014854",371863,2025-08-03 04:44:01,42.905158996582,-9.26366138458252,"Unknown"
"7014854",371863,2025-08-03 04:49:51,42.9094543457031,-9.2922534942627,"Unknown"
"7014854",371863,2025-08-03 04:54:51,42.9208106994629,-9.29772281646729,"Unknown"
"7014854",371863,2025-08-03 04:59:45,42.9286346435547,-9.32320594787598,"Unknown"
"7014854",371863,2025-08-03 05:04:27,42.9286880493164,-9.33805847167969,"Unknown"
"7014854",371863,2025-08-03 05:08:58,42.9284439086914,-9.33855724334717,"Unknown"
"7014854",371863,2025-08-03 05:13:58,42.9274406433105,-9.33996105194092,"Unknown"
"7014854",371863,2025-08-03 05:18:58,42.9284477233887,-9.3429069519043,"Unknown"
"7014854",371863,2025-08-03 05:23:58,42.9267768859863,-9.32740116119385,"Unknown"
"7014854",371863,2025-08-03 05:28:58,42.9087219238281,-9.30344390869141,"Unknown"
"7014854",371863,2025-08-03 05:33:59,42.8893547058105,-9.2924165725708,"Unknown"
"7014854",371863,2025-08-03 05:38:58,42.8778686523438,-9.27625465393066,"Unknown"
"7014854",371863,2025-08-03 05:43:58,42.8839988708496,-9.26758480072021,"Unknown"
"7014854",371863,2025-08-03 05:49:00,42.883846282959,-9.26757049560547,"Unknown"
"7014854",371863,2025-08-03 05:54:01,42.8841705322266,-9.26769256591797,"Unknown"
"7014854",371863,2025-08-03 05:58:59,42.8841934204102,-9.26774311065674,"Unknown"
"7014854",371863,2025-08-03 06:04:00,42.8840980529785,-9.26757049560547,"Unknown"
"7014854",371863,2025-08-03 06:09:07,42.8841438293457,-9.26770210266113,"Unknown"
"7014854",371863,2025-08-03 06:14:01,42.8842506408691,-9.26768016815186,"Unknown"
"7014854",371863,2025-08-03 06:19:07,42.8841896057129,-9.26770210266113,"Unknown"
"7014854",371863,2025-08-03 06:23:58,42.897834777832,-9.26247501373291,"Unknown"
"7014854",371863,2025-08-03 06:29:02,42.8975486755371,-9.26224613189697,"Unknown"
"7014854",371863,2025-08-03 06:34:02,42.8976669311523,-9.26227569580078,"Unknown"
"7014854",371863,2025-08-03 06:39:01,42.8976669311523,-9.26234436035156,"Unknown"
"7014854",371863,2025-08-03 06:44:00,42.8976249694824,-9.26233196258545,"Unknown"
"7014854",371863,2025-08-03 06:49:02,42.8975791931152,-9.26230812072754,"Unknown"
"7014854",371863,2025-08-03 06:54:00,42.8976516723633,-9.26231384277344,"Unknown"
"7014854",371863,2025-08-03 06:58:58,42.8976402282715,-9.26237010955811,"Unknown"
"7014854",371863,2025-08-03 07:03:58,42.8977203369141,-9.26234817504883,"Unknown"
"7014854",371863,2025-08-03 07:09:02,42.8977890014648,-9.26235961914062,"Unknown"
"7014854",371863,2025-08-03 07:14:01,42.8978385925293,-9.26231956481934,"Unknown"
"7014854",371863,2025-08-03 07:19:14,42.8978614807129,-9.26233386993408,"Unknown"
"7014854",371863,2025-08-03 07:24:05,42.8979110717773,-9.26239681243896,"Unknown"
"7014854",371863,2025-08-03 07:29:05,42.897647857666,-9.26306915283203,"Unknown"
"7014854",371863,2025-08-03 07:33:58,42.9031791687012,-9.26055240631104,"Unknown"
"7014854",371863,2025-08-03 07:38:58,42.9150543212891,-9.28285884857178,"Unknown"
"7014854",371863,2025-08-03 07:44:28,42.9222183227539,-9.29677200317383,"Unknown"
"7014854",371863,2025-08-03 07:48:59,42.9339141845703,-9.29118347167969,"Unknown"
"7014854",371863,2025-08-03 07:54:31,42.9356269836426,-9.29181957244873,"Unknown"
"7014854",371863,2025-08-03 07:59:02,42.9354629516602,-9.29211711883545,"Unknown"
"7014854",371863,2025-08-03 08:04:01,42.9355583190918,-9.29200077056885,"Unknown"
"7014854",371863,2025-08-03 08:09:02,42.9354553222656,-9.29203510284424,"Unknown"
"7014854",371863,2025-08-03 08:14:04,42.9355201721191,-9.29198360443115,"Unknown"
"7014854",371863,2025-08-03 08:19:06,42.9354438781738,-9.29209899902344,"Unknown"
"7014854",371863,2025-08-03 08:24:00,42.9355049133301,-9.29215621948242,"Unknown"
"7014854",371863,2025-08-03 08:29:02,42.9354286193848,-9.29214191436768,"Unknown"
"7014854",371863,2025-08-03 08:34:01,42.9355545043945,-9.29203319549561,"Unknown"
"7014854",371863,2025-08-03 08:39:04,42.9356002807617,-9.29188537597656,"Unknown"
"7014854",371863,2025-08-03 08:43:58,42.9439659118652,-9.28683853149414,"Unknown"
"7014854",371863,2025-08-03 08:49:00,42.9441032409668,-9.28700828552246,"Unknown"
"7014854",371863,2025-08-03 08:54:02,42.9436531066895,-9.28667449951172,"Unknown"
"7014854",371863,2025-08-03 08:59:02,42.9437026977539,-9.28662204742432,"Unknown"
"7014854",371863,2025-08-03 09:04:02,42.9436798095703,-9.28667545318604,"Unknown"
"7014854",371863,2025-08-03 09:08:59,42.9437866210938,-9.28678512573242,"Unknown"
"7014854",371863,2025-08-03 09:14:00,42.9447746276855,-9.28750038146973,"Unknown"
"7014854",371863,2025-08-03 09:24:29,42.9616165161133,-9.27385902404785,"Unknown"
"7014854",371863,2025-08-03 09:28:58,42.9696578979492,-9.27339935302734,"Unknown"
"7014854",371863,2025-08-03 09:33:58,42.9779815673828,-9.27274799346924,"Unknown"
"7014854",371863,2025-08-03 09:38:57,42.9903450012207,-9.28248405456543,"Unknown"
"7014854",371863,2025-08-03 09:43:57,42.9999084472656,-9.28444576263428,"Unknown"
"7014854",371863,2025-08-03 09:48:58,43.0000953674316,-9.28491497039795,"Unknown"
"7014854",371863,2025-08-03 09:53:58,43.0002212524414,-9.2849063873291,"Unknown"
"7014854",371863,2025-08-03 09:58:59,43.0010643005371,-9.2843132019043,"Unknown"
"7014854",371863,2025-08-03 10:03:58,43.019214630127,-9.28140640258789,"Unknown"
"7014854",371863,2025-08-03 10:09:14,43.0195083618164,-9.28184032440186,"Unknown"
"7014854",371863,2025-08-03 10:13:58,43.0195083618164,-9.28183460235596,"Unknown"
"7014854",371863,2025-08-03 10:18:59,43.0195274353027,-9.2818489074707,"Unknown"
"7014854",371863,2025-08-03 10:23:58,43.0194320678711,-9.28188800811768,"Unknown"
"7014854",371863,2025-08-03 10:28:58,43.0195274353027,-9.28183937072754,"Unknown"
"7014854",371863,2025-08-03 10:33:58,43.0189819335938,-9.28162479400635,"Unknown"
"7014854",371863,2025-08-03 10:39:01,43.0190849304199,-9.28162670135498,"Unknown"
"7014854",371863,2025-08-03 10:43:59,43.0187950134277,-9.28178787231445,"Unknown"
"7014854",371863,2025-08-03 10:48:59,43.0188865661621,-9.28174209594727,"Unknown"
"7014854",371863,2025-08-03 10:54:25,43.0190048217773,-9.28162860870361,"Unknown"
"7014854",371863,2025-08-03 10:58:58,43.0189781188965,-9.28169250488281,"Unknown"
"7014854",371863,2025-08-03 11:03:58,43.0190963745117,-9.28171157836914,"Unknown"
"7014854",371863,2025-08-03 11:09:05,43.0190238952637,-9.28156280517578,"Unknown"
"7014854",371863,2025-08-03 11:13:59,43.0193061828613,-9.28169441223145,"Unknown"
"7014854",371863,2025-08-03 11:18:57,43.0188941955566,-9.28173351287842,"Unknown"
"7014854",371863,2025-08-03 11:23:57,43.0189208984375,-9.28170204162598,"Unknown"
"7014854",371863,2025-08-03 11:28:57,43.0188941955566,-9.28172016143799,"Unknown"
"7014854",371863,2025-08-03 11:33:57,43.0189208984375,-9.28177356719971,"Unknown"
"7014854",371863,2025-08-03 11:38:58,43.018928527832,-9.28170967102051,"Unknown"
"7014854",371863,2025-08-03 11:43:57,43.0189552307129,-9.28165531158447,"Unknown"
"7014854",371863,2025-08-03 11:49:00,43.0189170837402,-9.28168773651123,"Unknown"
"7014854",371863,2025-08-03 11:53:58,43.0189895629883,-9.28169727325439,"Unknown"
"7014854",371863,2025-08-03 11:58:59,43.0191078186035,-9.28174114227295,"Unknown"
"7014854",371863,2025-08-03 12:03:59,43.0188140869141,-9.28170013427734,"Unknown"
"7014854",371863,2025-08-03 12:09:00,43.0188255310059,-9.28164100646973,"Unknown"
"7014854",371863,2025-08-03 12:13:59,43.0189743041992,-9.28178024291992,"Unknown"
"7014854",371863,2025-08-03 12:19:02,43.0189628601074,-9.2817440032959,"Unknown"
"7014854",371863,2025-08-03 12:24:05,43.0188827514648,-9.28141689300537,"Unknown"
"7014854",371863,2025-08-03 12:29:08,43.0189018249512,-9.28152561187744,"Unknown"
"7014854",371863,2025-08-03 12:34:00,43.0186882019043,-9.28127193450928,"Unknown"
"7014854",371863,2025-08-03 12:39:07,43.0188179016113,-9.28178119659424,"Unknown"
"7014854",371863,2025-08-03 12:44:13,43.0187950134277,-9.28149795532227,"Unknown"
"7014854",371863,2025-08-03 12:49:00,43.0190048217773,-9.28199100494385,"Unknown"
"7014854",371863,2025-08-03 12:54:07,43.0188255310059,-9.28148174285889,"Unknown"
"7014854",371863,2025-08-03 12:59:05,43.0189361572266,-9.28153610229492,"Unknown"
"7014854",371863,2025-08-03 13:04:08,43.0189819335938,-9.28171730041504,"Unknown"
"7014854",371863,2025-08-03 13:09:07,43.0189361572266,-9.28137683868408,"Unknown"
"7014854",371863,2025-08-03 13:14:35,43.0185737609863,-9.2817850112915,"Unknown"
"7014854",371863,2025-08-03 13:19:00,43.0186042785645,-9.28188037872314,"Unknown"
"7014854",371863,2025-08-03 13:24:00,43.0187606811523,-9.28204536437988,"Unknown"
"7014854",371863,2025-08-03 13:28:59,43.0187072753906,-9.28191757202148,"Unknown"
"7014854",371863,2025-08-03 13:33:59,43.0186500549316,-9.28190898895264,"Unknown"
"7014854",371863,2025-08-03 13:39:00,43.0186614990234,-9.28179454803467,"Unknown"
"7014854",371863,2025-08-03 13:43:59,43.0186729431152,-9.28179168701172,"Unknown"
"7014854",371863,2025-08-03 13:48:59,43.0186195373535,-9.28166198730469,"Unknown"
"7014854",371863,2025-08-03 13:54:00,43.018741607666,-9.28188896179199,"Unknown"
"7014854",371863,2025-08-03 13:58:59,43.0186576843262,-9.28157138824463,"Unknown"
"7014854",371863,2025-08-03 14:03:59,43.0185279846191,-9.28203296661377,"Unknown"
"7014854",371863,2025-08-03 14:09:04,43.0189933776855,-9.28151321411133,"Unknown"
"7014854",371863,2025-08-03 14:14:04,43.0190048217773,-9.28146553039551,"Unknown"
"7014854",371863,2025-08-03 14:19:05,43.019660949707,-9.28177928924561,"Unknown"
"7014854",371863,2025-08-03 14:24:11,43.0214767456055,-9.28001022338867,"Unknown"
"7014854",371863,2025-08-03 14:29:06,43.0196075439453,-9.28161811828613,"Unknown"
"7014854",371863,2025-08-03 14:34:08,43.0195999145508,-9.28203964233398,"Unknown"
"7014854",371863,2025-08-03 14:39:07,43.019588470459,-9.28204536437988,"Unknown"
"7014854",371863,2025-08-03 14:44:02,43.0195922851562,-9.28197288513184,"Unknown"
"7014854",371863,2025-08-03 14:49:02,43.0197601318359,-9.28172206878662,"Unknown"
"7014854",371863,2025-08-03 14:54:06,43.0197372436523,-9.28183555603027,"Unknown"
"7014854",371863,2025-08-03 14:59:08,43.019889831543,-9.28160667419434,"Unknown"
"7014854",371863,2025-08-03 15:04:05,43.0200157165527,-9.28141212463379,"Unknown"
"7014854",371863,2025-08-03 15:09:00,43.0197792053223,-9.28148651123047,"Unknown"
"7014854",371863,2025-08-03 15:14:01,43.0197296142578,-9.28204345703125,"Unknown"
"7014854",371863,2025-08-03 15:19:05,43.019172668457,-9.28189754486084,"Unknown"
"7014854",371863,2025-08-03 15:24:01,43.0197219848633,-9.28206253051758,"Unknown"
"7014854",371863,2025-08-03 15:29:01,43.0197334289551,-9.28185939788818,"Unknown"
"7014854",371863,2025-08-03 15:34:00,43.0196952819824,-9.28183269500732,"Unknown"
"7014854",371863,2025-08-03 15:39:02,43.0197257995605,-9.2821216583252,"Unknown"
"7014854",371863,2025-08-03 15:44:09,43.019947052002,-9.2820873260498,"Unknown"
"7014854",371863,2025-08-03 15:49:07,43.0200614929199,-9.28183937072754,"Unknown"
"7014854",371863,2025-08-03 15:54:04,43.0199661254883,-9.28249359130859,"Unknown"
"7014854",371863,2025-08-03 15:59:01,43.019702911377,-9.28211975097656,"Unknown"
"7014854",371863,2025-08-03 16:04:07,43.0200119018555,-9.28240489959717,"Unknown"
"7014854",371863,2025-08-03 16:08:59,43.0198059082031,-9.28242683410645,"Unknown"
"7014854",371863,2025-08-03 16:13:59,43.0198097229004,-9.28243637084961,"Unknown"
"7014854",371863,2025-08-03 16:18:59,43.0197143554688,-9.28234577178955,"Unknown"
"7014854",371863,2025-08-03 16:24:00,43.0198097229004,-9.28218269348145,"Unknown"
"7014854",371863,2025-08-03 16:29:06,43.0198287963867,-9.28222370147705,"Unknown"
"7014854",371863,2025-08-03 16:34:07,43.0198020935059,-9.28231525421143,"Unknown"
"7014854",371863,2025-08-03 16:39:35,43.019832611084,-9.28224086761475,"Unknown"
"7014854",371863,2025-08-03 16:44:00,43.019847869873,-9.28213119506836,"Unknown"
"7014854",371863,2025-08-03 16:48:59,43.0198745727539,-9.28223323822021,"Unknown"
"7014854",371863,2025-08-03 16:54:01,43.0198631286621,-9.28209209442139,"Unknown"
"7014854",371863,2025-08-03 16:58:59,43.0199127197266,-9.28223133087158,"Unknown"
"7014854",371863,2025-08-03 17:03:59,43.0199089050293,-9.28229141235352,"Unknown"
"7014854",371863,2025-08-03 17:08:59,43.0200576782227,-9.28238105773926,"Unknown"
"7014854",371863,2025-08-03 17:14:00,43.0199165344238,-9.28225040435791,"Unknown"
"7014854",371863,2025-08-03 17:19:00,43.0200042724609,-9.28238868713379,"Unknown"
"7014854",371863,2025-08-03 17:24:00,43.019905090332,-9.28212833404541,"Unknown"
"7014854",371863,2025-08-03 17:29:00,43.0200042724609,-9.28228378295898,"Unknown"
"7014854",371863,2025-08-03 17:34:01,43.0206756591797,-9.28203201293945,"Unknown"
"7014854",371863,2025-08-03 17:39:02,43.0206832885742,-9.28204441070557,"Unknown"
"7014854",371863,2025-08-03 17:44:02,43.020622253418,-9.28210353851318,"Unknown"
"7014854",371863,2025-08-03 17:49:06,43.0199203491211,-9.28236961364746,"Unknown"
"7014854",371863,2025-08-03 17:54:03,43.0204200744629,-9.28213119506836,"Unknown"
"7014854",371863,2025-08-03 17:59:01,43.0209808349609,-9.28217315673828,"Unknown"
"7014854",371863,2025-08-03 18:04:35,43.019905090332,-9.28234481811523,"Unknown"
"7014854",371863,2025-08-03 18:09:35,43.0199546813965,-9.28227424621582,"Unknown"
"7014854",371863,2025-08-03 18:14:00,43.02001953125,-9.28230285644531,"Unknown"
"7014854",371863,2025-08-03 18:19:00,43.0200157165527,-9.2822732925415,"Unknown"
"7014854",371863,2025-08-03 18:23:59,43.0200729370117,-9.28227424621582,"Unknown"
"7014854",371863,2025-08-03 18:29:00,43.0200157165527,-9.28224563598633,"Unknown"
"7014854",371863,2025-08-03 18:33:59,43.0199699401855,-9.28230094909668,"Unknown"
"7014854",371863,2025-08-03 18:39:01,43.0199966430664,-9.28227806091309,"Unknown"
"7014854",371863,2025-08-03 18:44:00,43.0200233459473,-9.28224658966064,"Unknown"
"7014854",371863,2025-08-03 18:49:00,43.0200042724609,-9.2822322845459,"Unknown"
"7014854",371863,2025-08-03 18:54:01,43.0199775695801,-9.28234100341797,"Unknown"
"7014854",371863,2025-08-03 18:58:59,43.0201187133789,-9.28242778778076,"Unknown"
"7014854",371863,2025-08-03 19:04:00,43.0200462341309,-9.28226661682129,"Unknown"
"7014854",371863,2025-08-03 19:09:01,43.0201606750488,-9.28258323669434,"Unknown"
"7014854",371863,2025-08-03 19:14:00,43.0201263427734,-9.28264331817627,"Unknown"
"7014854",371863,2025-08-03 19:19:00,43.0201568603516,-9.28270721435547,"Unknown"
"7014854",371863,2025-08-03 19:24:01,43.0200958251953,-9.2822847366333,"Unknown"
"7014854",371863,2025-08-03 19:29:02,43.0199279785156,-9.28199005126953,"Unknown"
"7014854",371863,2025-08-03 19:34:11,43.0200538635254,-9.28230667114258,"Unknown"
"7014854",371863,2025-08-03 19:39:00,43.0201148986816,-9.28225994110107,"Unknown"
"7014854",371863,2025-08-03 19:44:05,43.0197525024414,-9.28250217437744,"Unknown"
"7014854",371863,2025-08-03 19:49:03,43.0200271606445,-9.28252124786377,"Unknown"
"7014854",371863,2025-08-03 19:54:35,43.0199890136719,-9.28225994110107,"Unknown"
"7014854",371863,2025-08-03 19:59:02,43.0199737548828,-9.28232765197754,"Unknown"
"7014854",371863,2025-08-03 20:04:02,43.0200729370117,-9.28231620788574,"Unknown"
"7014854",371863,2025-08-03 20:09:03,43.0191383361816,-9.28213310241699,"Unknown"
"7014854",371863,2025-08-03 20:14:00,43.0192413330078,-9.28204917907715,"Unknown"
"7014854",371863,2025-08-03 20:19:01,43.0191421508789,-9.28199577331543,"Unknown"
"7014854",371863,2025-08-03 20:24:01,43.0191459655762,-9.28202247619629,"Unknown"
"7014854",371863,2025-08-03 20:29:01,43.0191917419434,-9.28209781646729,"Unknown"
"7014854",371863,2025-08-03 20:34:01,43.0192756652832,-9.28209781646729,"Unknown"
"7014854",371863,2025-08-03 20:39:01,43.0192260742188,-9.28220272064209,"Unknown"
"7014854",371863,2025-08-03 20:44:00,43.0192565917969,-9.28223705291748,"Unknown"
"7014854",371863,2025-08-03 20:49:01,43.012996673584,-9.28441619873047,"Unknown"
"7014854",371863,2025-08-03 20:54:00,43.0133934020996,-9.28428649902344,"Unknown"
"7014854",371863,2025-08-03 20:59:00,43.0137596130371,-9.28429126739502,"Unknown"
"7014854",371863,2025-08-03 21:04:01,43.0141143798828,-9.28425884246826,"Unknown"
"7014854",371863,2025-08-03 21:09:01,43.0146217346191,-9.28425598144531,"Unknown"
"7014854",371863,2025-08-03 21:14:00,43.0127906799316,-9.28388023376465,"Unknown"
"7014854",371863,2025-08-03 21:19:01,43.0130958557129,-9.28383731842041,"Unknown"
"7014854",371863,2025-08-03 21:24:01,43.0131416320801,-9.28396511077881,"Unknown"
"7014854",371863,2025-08-03 21:29:03,43.0139236450195,-9.28448295593262,"Unknown"
"7014854",371863,2025-08-03 21:34:01,43.0144538879395,-9.28469657897949,"Unknown"
"7014854",371863,2025-08-03 21:39:02,43.014965057373,-9.2847785949707,"Unknown"
"7014854",371863,2025-08-03 21:44:09,43.015251159668,-9.28476333618164,"Unknown"
"7014854",371863,2025-08-03 21:49:01,43.0157127380371,-9.28503036499023,"Unknown"
"7014854",371863,2025-08-03 21:54:00,43.0115661621094,-9.28463363647461,"Unknown"
"7014854",371863,2025-08-03 21:59:02,43.0165710449219,-9.28500270843506,"Unknown"
"7014854",371863,2025-08-03 22:04:03,43.017032623291,-9.28469848632812,"Unknown"
"7014854",371863,2025-08-03 22:09:03,43.0097846984863,-9.28602886199951,"Unknown"
"7014854",371863,2025-08-03 22:14:03,43.0095176696777,-9.28623390197754,"Unknown"
"7014854",371863,2025-08-03 22:19:01,43.0101890563965,-9.28551483154297,"Unknown"
"7014854",371863,2025-08-03 22:24:04,43.0134391784668,-9.28035926818848,"Unknown"
"7014854",371863,2025-08-03 22:29:03,43.0139274597168,-9.27956390380859,"Unknown"
"7014854",371863,2025-08-03 22:34:02,43.0129737854004,-9.28151416778564,"Unknown"
"7014854",371863,2025-08-03 22:39:01,43.0132713317871,-9.28084659576416,"Unknown"
"7014854",371863,2025-08-03 22:44:04,43.0140800476074,-9.28010559082031,"Unknown"
"7014854",371863,2025-08-03 22:49:06,43.0101013183594,-9.29009819030762,"Unknown"
"7014854",371863,2025-08-03 22:54:11,43.0159034729004,-9.28600025177002,"Unknown"
"7014854",371863,2025-08-03 22:59:22,43.0164794921875,-9.28600788116455,"Unknown"
"7014854",371863,2025-08-03 23:04:08,43.0207633972168,-9.28612518310547,"Unknown"
"7014854",371863,2025-08-03 23:09:02,43.0181922912598,-9.28198623657227,"Unknown"
"7014854",371863,2025-08-03 23:14:07,43.0196685791016,-9.28710269927979,"Unknown"
"7014854",371863,2025-08-03 23:19:06,43.0186729431152,-9.28761100769043,"Unknown"
"7014854",371863,2025-08-03 23:24:03,43.0186195373535,-9.28313541412354,"Unknown"
"7014854",371863,2025-08-03 23:29:09,43.0230293273926,-9.28714370727539,"Unknown"
"7014854",371863,2025-08-03 23:34:08,43.0234336853027,-9.28713703155518,"Unknown"
"7014854",371863,2025-08-03 23:39:08,43.0238647460938,-9.28707504272461,"Unknown"
"7014854",371863,2025-08-03 23:44:09,43.0242385864258,-9.28704929351807,"Unknown"
"7014854",371863,2025-08-03 23:49:07,43.0167541503906,-9.27911281585693,"Unknown"
"7014854",371863,2025-08-03 23:54:06,43.0174102783203,-9.2811222076416,"Unknown"
"7014854",371863,2025-08-03 23:59:09,43.0185661315918,-9.27807712554932,"Unknown"
"7014854",371863,2025-08-04 00:04:35,43.0250434875488,-9.28768539428711,"Unknown"
"7014854",371863,2025-08-04 00:09:08,43.025318145752,-9.28791904449463,"Unknown"
"7014854",371863,2025-08-04 00:14:10,43.0253410339355,-9.28797435760498,"Unknown"
"7014854",371863,2025-08-04 00:19:00,43.0250854492188,-9.28763866424561,"Unknown"
"7014854",371863,2025-08-04 00:24:09,43.0254440307617,-9.28787994384766,"Unknown"
"7014854",371863,2025-08-04 00:29:07,43.0255966186523,-9.28790664672852,"Unknown"
"7014854",371863,2025-08-04 00:34:02,43.0241584777832,-9.28536891937256,"Unknown"
"7014854",371863,2025-08-04 00:39:01,43.0258255004883,-9.28805732727051,"Unknown"
"7014854",371863,2025-08-04 00:44:00,43.0255393981934,-9.28801536560059,"Unknown"
"7014854",371863,2025-08-04 00:49:01,43.0255546569824,-9.2882080078125,"Unknown"
"7014854",371863,2025-08-04 00:54:04,43.0257759094238,-9.28856086730957,"Unknown"
"7014854",371863,2025-08-04 00:59:03,43.0260162353516,-9.28887557983398,"Unknown"
"7014854",371863,2025-08-04 01:04:04,43.0304679870605,-9.28654766082764,"Unknown"
"7014854",371863,2025-08-04 01:09:03,43.0290756225586,-9.28973579406738,"Unknown"
"7014854",371863,2025-08-04 01:14:00,43.0300903320312,-9.28680610656738,"Unknown"
"7014854",371863,2025-08-04 01:19:01,43.0301170349121,-9.28832054138184,"Unknown"
"7014854",371863,2025-08-04 01:24:11,43.0264472961426,-9.29029178619385,"Unknown"
"7014854",371863,2025-08-04 01:29:00,43.0292625427246,-9.28788661956787,"Unknown"
"7014854",371863,2025-08-04 01:34:01,43.0298309326172,-9.2900972366333,"Unknown"
"7014854",371863,2025-08-04 01:39:00,43.0284461975098,-9.28798007965088,"Unknown"
"7014854",371863,2025-08-04 01:44:01,43.0282974243164,-9.28899478912354,"Unknown"
"7014854",371863,2025-08-04 01:49:00,43.0281257629395,-9.28921890258789,"Unknown"
"7014854",371863,2025-08-04 01:54:01,43.02783203125,-9.28954887390137,"Unknown"
"7014854",371863,2025-08-04 01:59:03,43.0299301147461,-9.29778480529785,"Unknown"
"7014854",371863,2025-08-04 02:04:04,43.0256729125977,-9.29188823699951,"Unknown"
"7014854",371863,2025-08-04 02:09:01,43.0253486633301,-9.29198455810547,"Unknown"
"7014854",371863,2025-08-04 02:14:03,43.0264320373535,-9.29010200500488,"Unknown"
"7014854",371863,2025-08-04 02:19:00,43.0230712890625,-9.28525257110596,"Unknown"
"7014854",371863,2025-08-04 02:24:03,43.0211334228516,-9.2859935760498,"Unknown"
"7014854",371863,2025-08-04 02:29:09,43.0180130004883,-9.28426742553711,"Unknown"
"7014854",371863,2025-08-04 02:34:04,43.0198020935059,-9.28417778015137,"Unknown"
"7014854",371863,2025-08-04 02:39:01,43.02099609375,-9.28693771362305,"Unknown"
"7014854",371863,2025-08-04 02:44:03,43.0186424255371,-9.28371429443359,"Unknown"
"7014854",371863,2025-08-04 02:49:02,43.020694732666,-9.2861852645874,"Unknown"
"7014854",371863,2025-08-04 02:54:00,43.0193367004395,-9.28556823730469,"Unknown"
"7014854",371863,2025-08-04 02:59:04,43.0188674926758,-9.28526401519775,"Unknown"
"7014854",371863,2025-08-04 03:04:03,43.0185012817383,-9.28579711914062,"Unknown"
"7014854",371863,2025-08-04 03:09:02,43.0170593261719,-9.29091167449951,"Unknown"
"7014854",371863,2025-08-04 03:14:01,43.0166969299316,-9.28486442565918,"Unknown"
"7014854",371863,2025-08-04 03:19:01,43.016487121582,-9.28503131866455,"Unknown"
"7014854",371863,2025-08-04 03:24:04,43.0182075500488,-9.28555965423584,"Unknown"
"7014854",371863,2025-08-04 03:29:03,43.016487121582,-9.28609466552734,"Unknown"
"7014854",371863,2025-08-04 03:34:03,43.0162734985352,-9.28567600250244,"Unknown"
"7014854",371863,2025-08-04 03:39:03,43.0163917541504,-9.28631782531738,"Unknown"
"7014854",371863,2025-08-04 03:44:03,43.0166168212891,-9.286865234375,"Unknown"
"7014854",371863,2025-08-04 03:49:02,43.0161437988281,-9.28617095947266,"Unknown"
"7014854",371863,2025-08-04 03:54:03,43.0160675048828,-9.28649616241455,"Unknown"
"7014854",371863,2025-08-04 03:59:02,43.0160522460938,-9.28631782531738,"Unknown"
"7014854",371863,2025-08-04 04:04:01,43.0160446166992,-9.28639888763428,"Unknown"
"7014854",371863,2025-08-04 04:09:02,43.0161399841309,-9.28669738769531,"Unknown"
"7014854",371863,2025-08-04 04:14:02,43.0160751342773,-9.28676795959473,"Unknown"
"7014854",371863,2025-08-04 04:19:03,43.015754699707,-9.28717136383057,"Unknown"
"7014854",371863,2025-08-04 04:24:03,43.0158157348633,-9.28759384155273,"Unknown"
"7014854",371863,2025-08-04 04:29:04,43.0155410766602,-9.28761672973633,"Unknown"
"7014854",371863,2025-08-04 04:34:00,43.0151214599609,-9.28763198852539,"Unknown"
"7014854",371863,2025-08-04 04:39:02,43.015682220459,-9.28765869140625,"Unknown"
"7014854",371863,2025-08-04 04:44:01,43.0154304504395,-9.28744792938232,"Unknown"
"7014854",371863,2025-08-04 04:49:01,43.0150184631348,-9.2872200012207,"Unknown"
"7014854",371863,2025-08-04 04:54:01,43.015064239502,-9.28492641448975,"Unknown"
"7014854",371863,2025-08-04 04:59:01,43.0145874023438,-9.28707313537598,"Unknown"
"7014854",371863,2025-08-04 05:04:02,43.014461517334,-9.28683185577393,"Unknown"
"7014854",371863,2025-08-04 05:09:01,43.0202827453613,-9.28524017333984,"Unknown"
"7014854",371863,2025-08-04 05:14:05,43.0215339660645,-9.28305435180664,"Unknown"
"7014854",371863,2025-08-04 05:19:03,43.0215072631836,-9.28299140930176,"Unknown"
"7014854",371863,2025-08-04 05:24:00,43.020263671875,-9.29043579101562,"Unknown"
"7014854",371863,2025-08-04 05:29:00,43.0215911865234,-9.28284454345703,"Unknown"
"7014854",371863,2025-08-04 05:34:06,43.0213623046875,-9.28309154510498,"Unknown"
"7014854",371863,2025-08-04 05:39:02,43.0213890075684,-9.28293609619141,"Unknown"
"7014854",371863,2025-08-04 05:44:04,43.021800994873,-9.28265762329102,"Unknown"
"7014854",371863,2025-08-04 05:49:00,43.0214157104492,-9.28269481658936,"Unknown"
"7014854",371863,2025-08-04 05:54:01,43.0216865539551,-9.28269958496094,"Unknown"
"7014854",371863,2025-08-04 05:59:01,43.0213851928711,-9.28274440765381,"Unknown"
"7014854",371863,2025-08-04 06:04:01,43.0216789245605,-9.28276824951172,"Unknown"
"7014854",371863,2025-08-04 06:09:00,43.0216331481934,-9.28267192840576,"Unknown"
"7014854",371863,2025-08-04 06:14:00,43.0336227416992,-9.28472423553467,"Unknown"
"7014854",371863,2025-08-04 06:19:00,43.0245780944824,-9.28331279754639,"Unknown"
"7014854",371863,2025-08-04 06:24:03,43.0214805603027,-9.28256034851074,"Unknown"
"7014854",371863,2025-08-04 06:29:01,43.0213623046875,-9.28251934051514,"Unknown"
"7014854",371863,2025-08-04 06:34:01,43.0216445922852,-9.28257846832275,"Unknown"
"7014854",371863,2025-08-04 06:39:01,43.0217514038086,-9.2825813293457,"Unknown"
"7014854",371863,2025-08-04 06:44:03,43.0217781066895,-9.28252506256104,"Unknown"
"7014854",371863,2025-08-04 06:49:01,43.0219993591309,-9.28261280059814,"Unknown"
"7014854",371863,2025-08-04 06:54:01,43.022102355957,-9.28278732299805,"Unknown"
"7014854",371863,2025-08-04 06:59:01,43.0221061706543,-9.28280544281006,"Unknown"
"7014854",371863,2025-08-04 07:04:01,43.0225715637207,-9.28260898590088,"Unknown"
"7014854",371863,2025-08-04 07:09:02,43.0223007202148,-9.28287124633789,"Unknown"
"7014854",371863,2025-08-04 07:14:01,43.0221290588379,-9.28283596038818,"Unknown"
"7014854",371863,2025-08-04 07:19:04,43.0221672058105,-9.28284645080566,"Unknown"
"7014854",371863,2025-08-04 07:24:05,43.0220832824707,-9.2827787399292,"Unknown"
"7014854",371863,2025-08-04 07:29:01,43.0220069885254,-9.2837381362915,"Unknown"
"7014854",371863,2025-08-04 07:34:09,43.0223350524902,-9.28268814086914,"Unknown"
"7014854",371863,2025-08-04 07:39:03,43.0184783935547,-9.28386306762695,"Unknown"
"7014854",371863,2025-08-04 07:44:09,43.0199432373047,-9.28177928924561,"Unknown"
"7014854",371863,2025-08-04 07:49:08,43.0196914672852,-9.2816801071167,"Unknown"
"7014854",371863,2025-08-04 07:54:08,43.0195541381836,-9.28166389465332,"Unknown"
"7014854",371863,2025-08-04 07:59:02,43.0179214477539,-9.28647994995117,"Unknown"
"7014854",371863,2025-08-04 08:04:03,43.019172668457,-9.28272533416748,"Unknown"
"7014854",371863,2025-08-04 08:09:01,43.0192756652832,-9.28224849700928,"Unknown"
"7014854",371863,2025-08-04 08:14:04,43.0195083618164,-9.28152942657471,"Unknown"
"7014854",371863,2025-08-04 08:19:09,43.0193977355957,-9.28165912628174,"Unknown"
"7014854",371863,2025-08-04 08:24:09,43.0194320678711,-9.28180885314941,"Unknown"
"7014854",371863,2025-08-04 08:29:01,43.0193138122559,-9.28225040435791,"Unknown"
"7014854",371863,2025-08-04 08:34:04,43.0192070007324,-9.28173160552979,"Unknown"
"7014854",371863,2025-08-04 08:39:02,43.0192756652832,-9.28213119506836,"Unknown"
"7014854",371863,2025-08-04 08:44:01,43.0192909240723,-9.28206539154053,"Unknown"
"7014854",371863,2025-08-04 08:49:02,43.0200462341309,-9.28255844116211,"Unknown"
"7014854",371863,2025-08-04 08:54:01,43.0200538635254,-9.28252601623535,"Unknown"
"7014854",371863,2025-08-04 08:59:02,43.0199928283691,-9.28259086608887,"Unknown"
"7014854",371863,2025-08-04 09:04:04,43.0202293395996,-9.28175449371338,"Unknown"
"7014854",371863,2025-08-04 09:09:06,43.0199584960938,-9.2822847366333,"Unknown"
"7014854",371863,2025-08-04 09:14:01,43.0200119018555,-9.28256893157959,"Unknown"
"7014854",371863,2025-08-04 09:19:00,43.0200309753418,-9.28240871429443,"Unknown"
"7014854",371863,2025-08-04 09:24:03,43.0200424194336,-9.28278160095215,"Unknown"
"7014854",371863,2025-08-04 09:29:07,43.0201454162598,-9.28207778930664,"Unknown"
"7014854",371863,2025-08-04 09:34:04,43.019905090332,-9.28235054016113,"Unknown"
"7014854",371863,2025-08-04 09:39:01,43.0199127197266,-9.28266906738281,"Unknown"
"7014854",371863,2025-08-04 09:44:08,43.0195693969727,-9.28225994110107,"Unknown"
"7014854",371863,2025-08-04 09:49:35,43.0198822021484,-9.28220748901367,"Unknown"
"7014854",371863,2025-08-04 09:54:00,43.0197334289551,-9.28221988677979,"Unknown"
"7014854",371863,2025-08-04 09:59:00,43.0197219848633,-9.28225803375244,"Unknown"
"7014854",371863,2025-08-04 10:04:00,43.0195732116699,-9.28222560882568,"Unknown"
"7014854",371863,2025-08-04 10:09:02,43.0196380615234,-9.28224754333496,"Unknown"
"7014854",371863,2025-08-04 10:14:03,43.0196990966797,-9.28224086761475,"Unknown"
"7014854",371863,2025-08-04 10:19:00,43.0196418762207,-9.28229236602783,"Unknown"
"7014854",371863,2025-08-04 10:24:01,43.0198822021484,-9.28252696990967,"Unknown"
"7014854",371863,2025-08-04 10:29:00,43.0197410583496,-9.28227043151855,"Unknown"
"7014854",371863,2025-08-04 10:34:03,43.0198020935059,-9.28240871429443,"Unknown"
"7014854",371863,2025-08-04 10:39:00,43.0197486877441,-9.28223133087158,"Unknown"
"7014854",371863,2025-08-04 10:44:06,43.019847869873,-9.28210926055908,"Unknown"
"7014854",371863,2025-08-04 10:49:02,43.0198631286621,-9.28215980529785,"Unknown"
"7014854",371863,2025-08-04 10:54:01,43.0197639465332,-9.28204250335693,"Unknown"
"7014854",371863,2025-08-04 10:59:04,43.0198822021484,-9.28201007843018,"Unknown"
"7014854",371863,2025-08-04 11:04:00,43.0197944641113,-9.28221607208252,"Unknown"
"7014854",371863,2025-08-04 11:09:00,43.0198211669922,-9.28203678131104,"Unknown"
"7014854",371863,2025-08-04 11:14:07,43.0198440551758,-9.28184700012207,"Unknown"
"7014854",371863,2025-08-04 11:19:02,43.019603729248,-9.28181266784668,"Unknown"
"7014854",371863,2025-08-04 11:24:01,43.0199394226074,-9.28216075897217,"Unknown"
"7014854",371863,2025-08-04 11:29:15,43.0201873779297,-9.28217315673828,"Unknown"
"7014854",371863,2025-08-04 11:34:00,43.0198135375977,-9.28190517425537,"Unknown"
"7014854",371863,2025-08-04 11:39:08,43.0201377868652,-9.28251552581787,"Unknown"
"7014854",371863,2025-08-04 11:44:35,43.0206985473633,-9.28200149536133,"Unknown"
"7014854",371863,2025-08-04 11:49:12,43.0201606750488,-9.28239917755127,"Unknown"
"7014854",371863,2025-08-04 11:54:03,43.0202445983887,-9.28234767913818,"Unknown"
"7014854",371863,2025-08-04 11:59:00,43.0201797485352,-9.28228759765625,"Unknown"
"7014854",371863,2025-08-04 12:04:01,43.0201759338379,-9.28224277496338,"Unknown"
"7014854",371863,2025-08-04 12:09:04,43.0202102661133,-9.28234100341797,"Unknown"
"7014854",371863,2025-08-04 12:14:02,43.0204277038574,-9.28208160400391,"Unknown"
"7014854",371863,2025-08-04 12:19:01,43.0202751159668,-9.28232479095459,"Unknown"
"7014854",371863,2025-08-04 12:24:02,43.0202903747559,-9.28236675262451,"Unknown"
"7014854",371863,2025-08-04 12:29:01,43.0201606750488,-9.28227138519287,"Unknown"
"7014854",371863,2025-08-04 12:34:00,43.0202789306641,-9.28227806091309,"Unknown"
"7014854",371863,2025-08-04 12:39:00,43.0202484130859,-9.28240966796875,"Unknown"
"7014854",371863,2025-08-04 12:44:00,43.0202217102051,-9.28244781494141,"Unknown"
"7014854",371863,2025-08-04 12:49:01,43.0202598571777,-9.28241920471191,"Unknown"
"7014854",371863,2025-08-04 12:54:01,43.0202407836914,-9.28249073028564,"Unknown"
"7014854",371863,2025-08-04 12:59:01,43.0202445983887,-9.28244113922119,"Unknown"
"7014854",371863,2025-08-04 13:04:01,43.0204277038574,-9.2822322845459,"Unknown"
"7014854",371863,2025-08-04 13:09:01,43.0204010009766,-9.28233623504639,"Unknown"
"7014854",371863,2025-08-04 13:14:02,43.0204200744629,-9.28228187561035,"Unknown"
"7014854",371863,2025-08-04 13:19:01,43.0204658508301,-9.28227996826172,"Unknown"
"7014854",371863,2025-08-04 13:24:01,43.0205230712891,-9.28219032287598,"Unknown"
"7014854",371863,2025-08-04 13:29:20,43.019660949707,-9.28279590606689,"Unknown"
"7014854",371863,2025-08-04 13:34:07,43.0200271606445,-9.28244972229004,"Unknown"
"7014854",371863,2025-08-04 13:39:02,43.0196914672852,-9.28269386291504,"Unknown"
"7014854",371863,2025-08-04 13:44:02,43.0194664001465,-9.28270626068115,"Unknown"
"7014854",371863,2025-08-04 13:49:11,43.021411895752,-9.2816104888916,"Unknown"
"7014854",371863,2025-08-04 13:54:03,43.0203666687012,-9.28221035003662,"Unknown"
"7014854",371863,2025-08-04 13:59:04,43.0198783874512,-9.28259181976318,"Unknown"
"7014854",371863,2025-08-04 14:04:10,43.0204849243164,-9.28220558166504,"Unknown"
"7014854",371863,2025-08-04 14:09:03,43.0202903747559,-9.28221130371094,"Unknown"
"7014854",371863,2025-08-04 14:14:08,43.020580291748,-9.28218841552734,"Unknown"
"7014854",371863,2025-08-04 14:19:09,43.0218620300293,-9.282395362854,"Unknown"
"7014854",371863,2025-08-04 14:24:04,43.0207939147949,-9.28235244750977,"Unknown"
"7014854",371863,2025-08-04 14:29:28,43.0199203491211,-9.28214931488037,"Unknown"
"7014854",371863,2025-08-04 14:34:05,43.0204849243164,-9.2821683883667,"Unknown"
"7014854",371863,2025-08-04 14:39:12,43.0207405090332,-9.2823657989502,"Unknown"
"7014854",371863,2025-08-04 14:44:06,43.0204467773438,-9.28211688995361,"Unknown"
"7014854",371863,2025-08-04 14:49:10,43.0207862854004,-9.28253364562988,"Unknown"
"7014854",371863,2025-08-04 14:54:14,43.0206718444824,-9.28234195709229,"Unknown"
"7014854",371863,2025-08-04 14:59:18,43.0200462341309,-9.28161525726318,"Unknown"
"7014854",371863,2025-08-04 15:04:48,43.020450592041,-9.28205013275146,"Unknown"
"7014854",371863,2025-08-04 15:09:11,43.0204925537109,-9.2819356918335,"Unknown"
"7014854",371863,2025-08-04 15:14:12,43.0205039978027,-9.28200054168701,"Unknown"
"7014854",371863,2025-08-04 15:19:12,43.0204658508301,-9.28211116790771,"Unknown"
"7014854",371863,2025-08-04 15:24:09,43.0205039978027,-9.28205585479736,"Unknown"
"7014854",371863,2025-08-04 15:29:09,43.0204925537109,-9.28206539154053,"Unknown"
"7014854",371863,2025-08-04 15:34:09,43.0205001831055,-9.28207969665527,"Unknown"
"7014854",371863,2025-08-04 15:39:09,43.0204887390137,-9.2820405960083,"Unknown"
"7014854",371863,2025-08-04 15:44:12,43.0205307006836,-9.28194904327393,"Unknown"
"7014854",371863,2025-08-04 15:49:09,43.0205192565918,-9.28203296661377,"Unknown"
"7014854",371863,2025-08-04 15:54:12,43.0204925537109,-9.28214168548584,"Unknown"
"7014854",371863,2025-08-04 15:59:14,43.0203742980957,-9.28223514556885,"Unknown"
"7014854",371863,2025-08-04 16:04:35,43.0203971862793,-9.28214550018311,"Unknown"
"7014854",371863,2025-08-04 16:09:10,43.0203819274902,-9.28248882293701,"Unknown"
"7014854",371863,2025-08-04 16:14:12,43.0204238891602,-9.28220176696777,"Unknown"
"7014854",371863,2025-08-04 16:19:53,43.0202941894531,-9.28229427337646,"Unknown"
"7014854",371863,2025-08-04 16:24:00,43.0201454162598,-9.28217220306396,"Unknown"
"7014854",371863,2025-08-04 16:29:03,43.0201988220215,-9.28234577178955,"Unknown"
"7014854",371863,2025-08-04 16:34:02,43.0202827453613,-9.2824592590332,"Unknown"
"7014854",371863,2025-08-04 16:39:07,43.0203018188477,-9.28228378295898,"Unknown"
"7014854",371863,2025-08-04 16:44:03,43.0203514099121,-9.28225994110107,"Unknown"
"7014854",371863,2025-08-04 16:49:03,43.0203475952148,-9.28195858001709,"Unknown"
"7014854",371863,2025-08-04 16:54:14,43.0204010009766,-9.28208923339844,"Unknown"
"7014854",371863,2025-08-04 17:00:05,43.020336151123,-9.28220462799072,"Unknown"
"7014854",371863,2025-08-04 17:04:01,43.0207748413086,-9.28161144256592,"Unknown"
"7014854",371863,2025-08-04 17:09:01,43.0213890075684,-9.28082084655762,"Unknown"
"7014854",371863,2025-08-04 17:14:06,43.021125793457,-9.28185176849365,"Unknown"
"7014854",371863,2025-08-04 17:19:01,43.0210990905762,-9.28202247619629,"Unknown"
"7014854",371863,2025-08-04 17:24:01,43.0211639404297,-9.28204822540283,"Unknown"
"7014854",371863,2025-08-04 17:29:01,43.0212211608887,-9.28165340423584,"Unknown"
"7014854",371863,2025-08-04 17:34:00,43.0213088989258,-9.28194522857666,"Unknown"
"7014854",371863,2025-08-04 17:39:00,43.0212287902832,-9.28168773651123,"Unknown"
"7014854",371863,2025-08-04 17:44:01,43.0212821960449,-9.28176307678223,"Unknown"
"7014854",371863,2025-08-04 17:49:01,43.0211982727051,-9.28142166137695,"Unknown"
"7014854",371863,2025-08-04 17:54:04,43.0212326049805,-9.28154468536377,"Unknown"
"7014854",371863,2025-08-04 17:59:04,43.0212287902832,-9.28154373168945,"Unknown"
"7014854",371863,2025-08-04 18:04:06,43.021183013916,-9.28162002563477,"Unknown"
"7014854",371863,2025-08-04 18:09:07,43.0212211608887,-9.28158760070801,"Unknown"
"7014854",371863,2025-08-04 18:14:08,43.0212097167969,-9.28158855438232,"Unknown"
"7014854",371863,2025-08-04 18:19:07,43.0212059020996,-9.28164386749268,"Unknown"
"7014854",371863,2025-08-04 18:24:07,43.0212249755859,-9.28159332275391,"Unknown"
"7014854",371863,2025-08-04 18:29:17,43.021240234375,-9.28153896331787,"Unknown"
"7014854",371863,2025-08-04 18:34:14,43.0212554931641,-9.28157043457031,"Unknown"
"7014854",371863,2025-08-04 18:39:02,43.0155334472656,-9.27925682067871,"Unknown"
"7014854",371863,2025-08-04 18:44:01,43.0109901428223,-9.29500293731689,"Unknown"
"7014854",371863,2025-08-04 18:49:03,43.0107612609863,-9.29445838928223,"Unknown"
"7014854",371863,2025-08-04 18:54:01,43.0135231018066,-9.27937698364258,"Unknown"
"7014854",371863,2025-08-04 18:59:02,43.0158424377441,-9.27947998046875,"Unknown"
"7014854",371863,2025-08-04 19:04:02,43.0158157348633,-9.27956771850586,"Unknown"
"7014854",371863,2025-08-04 19:09:17,43.0158309936523,-9.27959251403809,"Unknown"
"7014854",371863,2025-08-04 19:14:02,43.0162315368652,-9.27947521209717,"Unknown"
"7014854",371863,2025-08-04 19:19:09,43.0195960998535,-9.28207206726074,"Unknown"
"7014854",371863,2025-08-04 19:24:12,43.0195960998535,-9.28206825256348,"Unknown"
"7014854",371863,2025-08-04 19:29:09,43.0196228027344,-9.28211879730225,"Unknown"
"7014854",371863,2025-08-04 19:34:09,43.019588470459,-9.28204727172852,"Unknown"
"7014854",371863,2025-08-04 19:39:09,43.0196876525879,-9.28205871582031,"Unknown"
"7014854",371863,2025-08-04 19:44:09,43.0196952819824,-9.28208255767822,"Unknown"
"7014854",371863,2025-08-04 19:49:09,43.0196990966797,-9.2819938659668,"Unknown"
"7014854",371863,2025-08-04 19:54:35,43.0195922851562,-9.28208255767822,"Unknown"
"7014854",371863,2025-08-04 19:59:17,43.0195846557617,-9.28210926055908,"Unknown"
"7014854",371863,2025-08-04 20:04:09,43.0197105407715,-9.28215026855469,"Unknown"
"7014854",371863,2025-08-04 20:09:04,43.0196189880371,-9.2818078994751,"Unknown"
"7014854",371863,2025-08-04 20:14:06,43.0199279785156,-9.28230285644531,"Unknown"
"7014854",371863,2025-08-04 20:19:08,43.019947052002,-9.28231239318848,"Unknown"
"7014854",371863,2025-08-04 20:24:10,43.0205574035645,-9.28215408325195,"Unknown"
"7014854",371863,2025-08-04 20:29:11,43.0200347900391,-9.28242111206055,"Unknown"
"7014854",371863,2025-08-04 20:34:04,43.0199394226074,-9.28237819671631,"Unknown"
"7014854",371863,2025-08-04 20:39:03,43.0199890136719,-9.28245258331299,"Unknown"
"7014854",371863,2025-08-04 20:44:09,43.0199012756348,-9.28241729736328,"Unknown"
"7014854",371863,2025-08-04 20:49:06,43.0200157165527,-9.28232288360596,"Unknown"
"7014854",371863,2025-08-04 20:54:03,43.020076751709,-9.28243160247803,"Unknown"
"7014854",371863,2025-08-04 20:59:08,43.0200080871582,-9.28243350982666,"Unknown"
"7014854",371863,2025-08-04 21:04:07,43.0200805664062,-9.28243064880371,"Unknown"
"7014854",371863,2025-08-04 21:09:04,43.0200805664062,-9.28242874145508,"Unknown"
"7014854",371863,2025-08-04 21:14:08,43.0200614929199,-9.28246974945068,"Unknown"
"7014854",371863,2025-08-04 21:19:28,43.0201606750488,-9.28221988677979,"Unknown"
"7014854",371863,2025-08-04 21:24:07,43.0202789306641,-9.28215789794922,"Unknown"
"7014854",371863,2025-08-04 21:29:12,43.0201148986816,-9.27732753753662,"Unknown"
"7014854",371863,2025-08-04 21:34:19,43.015251159668,-9.27651596069336,"Unknown"
"7014854",371863,2025-08-04 21:39:07,43.021785736084,-9.28265571594238,"Unknown"
"7014854",371863,2025-08-04 21:44:12,43.0217666625977,-9.2827320098877,"Unknown"
"7014854",371863,2025-08-04 21:49:07,43.0218353271484,-9.28268051147461,"Unknown"
"7014854",371863,2025-08-04 21:54:14,43.0218620300293,-9.2829008102417,"Unknown"
"7014854",371863,2025-08-04 21:59:23,43.0217208862305,-9.28261375427246,"Unknown"
"7014854",371863,2025-08-04 22:04:35,43.0218391418457,-9.28271865844727,"Unknown"
"7014854",371863,2025-08-04 22:09:04,43.021800994873,-9.28275775909424,"Unknown"
"7014854",371863,2025-08-04 22:14:04,43.0218353271484,-9.28274059295654,"Unknown"
"7014854",371863,2025-08-04 22:19:03,43.021785736084,-9.28270149230957,"Unknown"
"7014854",371863,2025-08-04 22:24:01,43.0218238830566,-9.28273582458496,"Unknown"
"7014854",371863,2025-08-04 22:29:02,43.021785736084,-9.28279209136963,"Unknown"
"7014854",371863,2025-08-04 22:34:02,43.021728515625,-9.28281593322754,"Unknown"
"7014854",371863,2025-08-04 22:39:08,43.0218200683594,-9.28269290924072,"Unknown"
"7014854",371863,2025-08-04 22:44:09,43.0217628479004,-9.2827091217041,"Unknown"
"7014854",371863,2025-08-04 22:49:08,43.0217781066895,-9.28272724151611,"Unknown"
"7014854",371863,2025-08-04 22:54:06,43.0217971801758,-9.28266525268555,"Unknown"
"7014854",371863,2025-08-04 22:59:06,43.021800994873,-9.28269290924072,"Unknown"
"7014854",371863,2025-08-04 23:04:04,43.0217704772949,-9.28269386291504,"Unknown"
"7014854",371863,2025-08-04 23:09:06,43.0217933654785,-9.28259468078613,"Unknown"
"7014854",371863,2025-08-04 23:14:05,43.0216789245605,-9.28247547149658,"Unknown"
"7014854",371863,2025-08-04 23:19:09,43.0218048095703,-9.28268051147461,"Unknown"
"7014854",371863,2025-08-04 23:24:09,43.0214347839355,-9.28260612487793,"Unknown"
"7014854",371863,2025-08-04 23:29:03,43.0215492248535,-9.28250026702881,"Unknown"
"7014854",371863,2025-08-04 23:34:13,43.0218315124512,-9.28270435333252,"Unknown"
"7014854",371863,2025-08-04 23:39:03,43.0217933654785,-9.2827033996582,"Unknown"
"7014854",371863,2025-08-04 23:44:06,43.0219345092773,-9.28296279907227,"Unknown"
"7014854",371863,2025-08-04 23:49:03,43.0218238830566,-9.28258609771729,"Unknown"
"7014854",371863,2025-08-04 23:54:07,43.0217590332031,-9.28267383575439,"Unknown"
"7014854",371863,2025-08-04 23:59:04,43.021842956543,-9.28274726867676,"Unknown"
"7014854",371863,2025-08-05 00:04:06,43.0217208862305,-9.28266906738281,"Unknown"
"7014854",371863,2025-08-05 00:09:06,43.0218276977539,-9.28267765045166,"Unknown"
"7014854",371863,2025-08-05 00:14:03,43.0217666625977,-9.28271770477295,"Unknown"
"7014854",371863,2025-08-05 00:19:06,43.021785736084,-9.28261089324951,"Unknown"
"7014854",371863,2025-08-05 00:24:06,43.0214424133301,-9.28216171264648,"Unknown"
"7014854",371863,2025-08-05 00:29:14,43.0218811035156,-9.2826681137085,"Unknown"
"7014854",371863,2025-08-05 00:34:09,43.0224113464355,-9.28334617614746,"Unknown"
"7014854",371863,2025-08-05 00:39:35,43.0218353271484,-9.28271865844727,"Unknown"
"7014854",371863,2025-08-05 00:44:02,43.0219192504883,-9.28262805938721,"Unknown"
"7014854",371863,2025-08-05 00:49:02,43.0218353271484,-9.28267860412598,"Unknown"
"7014854",371863,2025-08-05 00:54:02,43.0218887329102,-9.28270626068115,"Unknown"
"7014854",371863,2025-08-05 00:59:02,43.0218238830566,-9.28277397155762,"Unknown"
"7014854",371863,2025-08-05 01:04:02,43.0218696594238,-9.28264713287354,"Unknown"
"7014854",371863,2025-08-05 01:09:02,43.0218467712402,-9.28270149230957,"Unknown"
"7014854",371863,2025-08-05 01:14:02,43.0220909118652,-9.28228759765625,"Unknown"
"7014854",371863,2025-08-05 01:19:03,43.0219612121582,-9.28257274627686,"Unknown"
"7014854",371863,2025-08-05 01:24:02,43.0218620300293,-9.28254413604736,"Unknown"
"7014854",371863,2025-08-05 01:29:12,43.0218238830566,-9.28274917602539,"Unknown"
"7014854",371863,2025-08-05 01:34:03,43.0218696594238,-9.28272724151611,"Unknown"
"7014854",371863,2025-08-05 01:39:04,43.0218696594238,-9.28268814086914,"Unknown"
"7014854",371863,2025-08-05 01:44:04,43.0218887329102,-9.28264904022217,"Unknown"
"7014854",371863,2025-08-05 01:49:04,43.0218315124512,-9.28268718719482,"Unknown"
"7014854",371863,2025-08-05 01:54:06,43.0218353271484,-9.28270816802979,"Unknown"
"7014854",371863,2025-08-05 01:59:03,43.0218849182129,-9.2827262878418,"Unknown"
"7014854",371863,2025-08-05 02:04:04,43.0218734741211,-9.28280448913574,"Unknown"
"7014854",371863,2025-08-05 02:09:06,43.0217742919922,-9.28264617919922,"Unknown"
"7014854",371863,2025-08-05 02:14:02,43.0190162658691,-9.2819299697876,"Unknown"
"7014854",371863,2025-08-05 02:19:02,43.0174446105957,-9.28303146362305,"Unknown"
"7014854",371863,2025-08-05 02:24:04,43.0171813964844,-9.28270816802979,"Unknown"
"7014854",371863,2025-08-05 02:29:06,43.0171241760254,-9.28212070465088,"Unknown"
"7014854",371863,2025-08-05 02:34:02,43.0169906616211,-9.28132820129395,"Unknown"
"7014854",371863,2025-08-05 02:39:03,43.0168647766113,-9.28064727783203,"Unknown"
"7014854",371863,2025-08-05 02:44:27,43.0175018310547,-9.28016948699951,"Unknown"
"7014854",371863,2025-08-05 02:49:11,43.017879486084,-9.28026390075684,"Unknown"
"7014854",371863,2025-08-05 02:54:20,43.0179023742676,-9.2805004119873,"Unknown"
"7014854",371863,2025-08-05 02:59:27,43.018123626709,-9.28044700622559,"Unknown"
"7014854",371863,2025-08-05 03:04:35,43.0180549621582,-9.28054809570312,"Unknown"
"7014854",371863,2025-08-05 03:09:04,43.018180847168,-9.28065490722656,"Unknown"
"7014854",371863,2025-08-05 03:14:06,43.0177345275879,-9.28039169311523,"Unknown"
"7014854",371863,2025-08-05 03:19:07,43.0181159973145,-9.28043842315674,"Unknown"
"7014854",371863,2025-08-05 03:24:03,43.0182456970215,-9.28057193756104,"Unknown"
"7014854",371863,2025-08-05 03:29:09,43.018009185791,-9.28051280975342,"Unknown"
"7014854",371863,2025-08-05 03:34:01,43.0191383361816,-9.28202247619629,"Unknown"
"7014854",371863,2025-08-05 03:39:06,43.0189933776855,-9.2819652557373,"Unknown"
"7014854",371863,2025-08-05 03:44:03,43.0190696716309,-9.28193187713623,"Unknown"
"7014854",371863,2025-08-05 03:49:02,43.0190620422363,-9.28183650970459,"Unknown"
"7014854",371863,2025-08-05 03:54:03,43.0190773010254,-9.28190517425537,"Unknown"
"7014854",371863,2025-08-05 03:59:02,43.0190467834473,-9.28196239471436,"Unknown"
"7014854",371863,2025-08-05 04:04:02,43.0190048217773,-9.28192043304443,"Unknown"
"7014854",371863,2025-08-05 04:09:03,43.0190391540527,-9.28195095062256,"Unknown"
"7014854",371863,2025-08-05 04:14:03,43.0190048217773,-9.2819938659668,"Unknown"
"7014854",371863,2025-08-05 04:19:04,43.0188140869141,-9.28204441070557,"Unknown"
"7014854",371863,2025-08-05 04:24:03,43.0189628601074,-9.28198909759521,"Unknown"
"7014854",371863,2025-08-05 04:29:04,43.0188789367676,-9.28204154968262,"Unknown"
"7014854",371863,2025-08-05 04:34:12,43.0187034606934,-9.28219890594482,"Unknown"
"7014854",371863,2025-08-05 04:39:02,43.0185470581055,-9.28226757049561,"Unknown"
"7014854",371863,2025-08-05 04:44:07,43.0185546875,-9.28223419189453,"Unknown"
"7014854",371863,2025-08-05 04:49:11,43.018627166748,-9.28219795227051,"Unknown"
"7014854",371863,2025-08-05 04:54:11,43.0186157226562,-9.28217792510986,"Unknown"
"7014854",371863,2025-08-05 04:59:10,43.0186386108398,-9.28221893310547,"Unknown"
"7014854",371863,2025-08-05 05:04:02,43.0161437988281,-9.290207862854,"Unknown"
"7014854",371863,2025-08-05 05:09:02,43.0149154663086,-9.28281402587891,"Unknown"
"7014854",371863,2025-08-05 05:14:03,43.0263824462891,-9.28214073181152,"Unknown"
"7014854",371863,2025-08-05 05:19:02,43.0432891845703,-9.29415512084961,"Unknown"
"7014854",371863,2025-08-05 05:24:05,43.0573387145996,-9.29436016082764,"Unknown"
"7014854",371863,2025-08-05 05:29:02,43.0592269897461,-9.29253959655762,"Unknown"
"7014854",371863,2025-08-05 05:34:04,43.0622711181641,-9.29463005065918,"Unknown"
"7014854",371863,2025-08-05 05:39:03,43.0583076477051,-9.29231739044189,"Unknown"
"7014854",371863,2025-08-05 05:44:09,43.0580101013184,-9.29219818115234,"Unknown"
"7014854",371863,2025-08-05 05:49:24,43.058235168457,-9.29239749908447,"Unknown"
"7014854",371863,2025-08-05 05:54:08,43.0592384338379,-9.29236030578613,"Unknown"
"7014854",371863,2025-08-05 05:59:35,43.0589942932129,-9.29265689849854,"Unknown"
"7014854",371863,2025-08-05 06:04:14,43.0589408874512,-9.29270458221436,"Unknown"
"7014854",371863,2025-08-05 06:09:22,43.0588722229004,-9.29274940490723,"Unknown"
"7014854",371863,2025-08-05 06:14:44,43.0580368041992,-9.29230308532715,"Unknown"
"7014854",371863,2025-08-05 06:19:12,43.0576438903809,-9.292236328125,"Unknown"
"7014854",371863,2025-08-05 06:30:13,43.0583076477051,-9.29224491119385,"Unknown"
"7014854",371863,2025-08-05 06:34:39,43.0584716796875,-9.29230308532715,"Unknown"
"7014854",371863,2025-08-05 06:39:28,43.0582885742188,-9.2922306060791,"Unknown"
"7014854",371863,2025-08-05 06:44:10,43.0580520629883,-9.29221248626709,"Unknown"
"7014854",371863,2025-08-05 06:49:06,43.0580825805664,-9.29224681854248,"Unknown"
"7014854",371863,2025-08-05 06:54:05,43.0581321716309,-9.29237079620361,"Unknown"
"7014854",371863,2025-08-05 06:59:02,43.0581970214844,-9.29236507415771,"Unknown"
"7014854",371863,2025-08-05 07:04:04,43.0583953857422,-9.2923059463501,"Unknown"
"7014854",371863,2025-08-05 07:09:14,43.058177947998,-9.29235744476318,"Unknown"
"7014854",371863,2025-08-05 07:14:09,43.0579681396484,-9.29240608215332,"Unknown"
"7014854",371863,2025-08-05 07:19:13,43.0581169128418,-9.29241561889648,"Unknown"
"7014854",371863,2025-08-05 07:24:21,43.0578956604004,-9.2926607131958,"Unknown"
"7014854",371863,2025-08-05 07:29:17,43.0582466125488,-9.2921028137207,"Unknown"
"7014854",371863,2025-08-05 07:34:35,43.058162689209,-9.29227828979492,"Unknown"
"7014854",371863,2025-08-05 07:39:12,43.0582084655762,-9.29218578338623,"Unknown"
"7014854",371863,2025-08-05 07:44:06,43.0581016540527,-9.29230690002441,"Unknown"
"7014854",371863,2025-08-05 07:49:06,43.0580520629883,-9.29226589202881,"Unknown"
"7014854",371863,2025-08-05 07:54:08,43.0548362731934,-9.29007148742676,"Unknown"
"7014854",371863,2025-08-05 07:59:02,43.0552291870117,-9.28975105285645,"Unknown"
"7014854",371863,2025-08-05 08:04:05,43.0552673339844,-9.28980159759521,"Unknown"
"7014854",371863,2025-08-05 08:09:03,43.0554466247559,-9.28991889953613,"Unknown"
"7014854",371863,2025-08-05 08:14:04,43.0549430847168,-9.2895040512085,"Unknown"
"7014854",371863,2025-08-05 08:19:09,43.0549468994141,-9.28951644897461,"Unknown"
"7014854",371863,2025-08-05 08:24:04,43.0548248291016,-9.28932285308838,"Unknown"
"7014854",371863,2025-08-05 08:29:09,43.0578689575195,-9.29244613647461,"Unknown"
"7014854",371863,2025-08-05 08:34:12,43.0578155517578,-9.29244327545166,"Unknown"
"7014854",371863,2025-08-05 08:39:09,43.0578346252441,-9.29240036010742,"Unknown"
"7014854",371863,2025-08-05 08:44:09,43.0577964782715,-9.29240417480469,"Unknown"
"7014854",371863,2025-08-05 08:49:09,43.0578460693359,-9.29233455657959,"Unknown"
"7014854",371863,2025-08-05 08:54:07,43.0577774047852,-9.29201698303223,"Unknown"
"7014854",371863,2025-08-05 08:59:07,43.0578002929688,-9.29244136810303,"Unknown"
"7014854",371863,2025-08-05 09:04:07,43.057788848877,-9.29243946075439,"Unknown"
"7014854",371863,2025-08-05 09:09:09,43.0578804016113,-9.29229354858398,"Unknown"
"7014854",371863,2025-08-05 09:14:08,43.0579299926758,-9.29283142089844,"Unknown"
"7014854",371863,2025-08-05 09:19:04,43.0578460693359,-9.29229164123535,"Unknown"
"7014854",371863,2025-08-05 09:24:05,43.057804107666,-9.29226207733154,"Unknown"
"7014854",371863,2025-08-05 09:29:03,43.0579376220703,-9.29237270355225,"Unknown"
"7014854",371863,2025-08-05 09:34:03,43.0579490661621,-9.29254245758057,"Unknown"
"7014854",371863,2025-08-05 09:39:04,43.0578918457031,-9.29245376586914,"Unknown"
"7014854",371863,2025-08-05 09:44:09,43.054759979248,-9.2899169921875,"Unknown"
"7014854",371863,2025-08-05 09:49:06,43.0547790527344,-9.28987884521484,"Unknown"
"7014854",371863,2025-08-05 09:54:10,43.0547866821289,-9.28995704650879,"Unknown"
"7014854",371863,2025-08-05 09:59:09,43.054759979248,-9.28987312316895,"Unknown"
"7014854",371863,2025-08-05 10:04:14,43.0549736022949,-9.28969097137451,"Unknown"
"7014854",371863,2025-08-05 10:09:09,43.0547637939453,-9.28986644744873,"Unknown"
"7014854",371863,2025-08-05 10:14:11,43.0547752380371,-9.28987503051758,"Unknown"
"7014854",371863,2025-08-05 10:19:13,43.0546417236328,-9.28997135162354,"Unknown"
"7014854",371863,2025-08-05 10:24:16,43.0545616149902,-9.29001808166504,"Unknown"
"7014854",371863,2025-08-05 10:29:19,43.0547027587891,-9.28979682922363,"Unknown"
"7014854",371863,2025-08-05 10:34:35,43.0548477172852,-9.28981304168701,"Unknown"
"7014854",371863,2025-08-05 10:39:07,43.0548782348633,-9.2900276184082,"Unknown"
"7014854",371863,2025-08-05 10:44:09,43.0549011230469,-9.28992176055908,"Unknown"
"7014854",371863,2025-08-05 10:49:09,43.0548820495605,-9.28995227813721,"Unknown"
"7014854",371863,2025-08-05 10:54:06,43.0549278259277,-9.28991985321045,"Unknown"
"7014854",371863,2025-08-05 10:59:09,43.0548286437988,-9.29012966156006,"Unknown"
"7014854",371863,2025-08-05 11:04:05,43.0548667907715,-9.29007816314697,"Unknown"
"7014854",371863,2025-08-05 11:09:09,43.0548400878906,-9.29014587402344,"Unknown"
"7014854",371863,2025-08-05 11:14:25,43.0548782348633,-9.28993606567383,"Unknown"
"7014854",371863,2025-08-05 11:19:09,43.0548095703125,-9.2900218963623,"Unknown"
"7014854",371863,2025-08-05 11:25:26,43.054859161377,-9.28986740112305,"Unknown"
"7014854",371863,2025-08-05 11:29:56,43.0548820495605,-9.28999996185303,"Unknown"
"7014854",371863,2025-08-05 11:34:19,43.0549201965332,-9.2901086807251,"Unknown"
"7014854",371863,2025-08-05 11:39:09,43.0548400878906,-9.28984355926514,"Unknown"
"7014854",371863,2025-08-05 11:44:13,43.0550193786621,-9.29003047943115,"Unknown"
"7014854",371863,2025-08-05 11:49:09,43.0442199707031,-9.28902244567871,"Unknown"
"7014854",371863,2025-08-05 11:54:09,43.0443458557129,-9.28743362426758,"Unknown"
"7014854",371863,2025-08-05 11:59:23,43.0442581176758,-9.28747463226318,"Unknown"
"7014854",371863,2025-08-05 12:04:30,43.0443000793457,-9.28725242614746,"Unknown"
"7014854",371863,2025-08-05 12:09:18,43.0444717407227,-9.28753566741943,"Unknown"
"7014854",371863,2025-08-05 12:14:25,43.0445365905762,-9.28746128082275,"Unknown"
"7014854",371863,2025-08-05 12:19:07,43.0444374084473,-9.28747749328613,"Unknown"
"7014854",371863,2025-08-05 12:24:11,43.0444488525391,-9.28745555877686,"Unknown"
"7014854",371863,2025-08-05 12:29:06,43.0441131591797,-9.28847408294678,"Unknown"
"7014854",371863,2025-08-05 12:34:09,43.0438346862793,-9.28859519958496,"Unknown"
"7014854",371863,2025-08-05 12:39:06,43.0443267822266,-9.28840732574463,"Unknown"
"7014854",371863,2025-08-05 12:44:07,43.0444183349609,-9.28846836090088,"Unknown"
"7014854",371863,2025-08-05 12:49:06,43.0442657470703,-9.28847122192383,"Unknown"
"7014854",371863,2025-08-05 12:54:04,43.044506072998,-9.28868103027344,"Unknown"
"7014854",371863,2025-08-05 12:59:32,43.0444488525391,-9.28862953186035,"Unknown"
"7014854",371863,2025-08-05 13:04:02,43.0444145202637,-9.28861713409424,"Unknown"
"7014854",371863,2025-08-05 13:09:03,43.0443992614746,-9.28863620758057,"Unknown"
"7014854",371863,2025-08-05 13:14:02,43.0444259643555,-9.28861236572266,"Unknown"
"7014854",371863,2025-08-05 13:19:02,43.0444221496582,-9.28858947753906,"Unknown"
"7014854",371863,2025-08-05 13:24:02,43.0444030761719,-9.28866004943848,"Unknown"
"7014854",371863,2025-08-05 13:29:02,43.0444183349609,-9.28862953186035,"Unknown"
"7014854",371863,2025-08-05 13:34:02,43.04443359375,-9.28856658935547,"Unknown"
"7014854",371863,2025-08-05 13:39:02,43.0477828979492,-9.29743003845215,"Unknown"
"7014854",371863,2025-08-05 13:44:07,43.0476989746094,-9.29754447937012,"Unknown"
"7014854",371863,2025-08-05 13:49:10,43.0477828979492,-9.29736423492432,"Unknown"
"7014854",371863,2025-08-05 13:54:03,43.0478553771973,-9.29733753204346,"Unknown"
"7014854",371863,2025-08-05 13:59:02,43.0477828979492,-9.29695224761963,"Unknown"
"7014854",371863,2025-08-05 14:04:04,43.0476531982422,-9.29765319824219,"Unknown"
"7014854",371863,2025-08-05 14:09:07,43.0476913452148,-9.29757022857666,"Unknown"
"7014854",371863,2025-08-05 14:14:03,43.0477676391602,-9.2973804473877,"Unknown"
"7014854",371863,2025-08-05 14:19:03,43.0476875305176,-9.29742050170898,"Unknown"
"7014854",371863,2025-08-05 14:24:02,43.0478439331055,-9.29762268066406,"Unknown"
"7014854",371863,2025-08-05 14:29:01,43.0478096008301,-9.29749393463135,"Unknown"
"7014854",371863,2025-08-05 14:34:04,43.0477523803711,-9.29756641387939,"Unknown"
"7014854",371863,2025-08-05 14:39:16,43.0477905273438,-9.2975959777832,"Unknown"
"7014854",371863,2025-08-05 14:44:02,43.0560607910156,-9.29407691955566,"Unknown"
"7014854",371863,2025-08-05 14:49:01,43.0445518493652,-9.29413890838623,"Unknown"
"7014854",371863,2025-08-05 14:54:04,43.0476608276367,-9.29764366149902,"Unknown"
"7014854",371863,2025-08-05 14:59:04,43.0478515625,-9.29779529571533,"Unknown"
"7014854",371863,2025-08-05 15:04:13,43.0480079650879,-9.29799270629883,"Unknown"
"7014854",371863,2025-08-05 15:09:04,43.0477447509766,-9.29770374298096,"Unknown"
"7014854",371863,2025-08-05 15:14:06,43.0477600097656,-9.29763984680176,"Unknown"
"7014854",371863,2025-08-05 15:19:06,43.0478439331055,-9.29773139953613,"Unknown"
"7014854",371863,2025-08-05 15:24:05,43.0477104187012,-9.2977466583252,"Unknown"
"7014854",371863,2025-08-05 15:29:03,43.0477485656738,-9.29770565032959,"Unknown"
"7014854",371863,2025-08-05 15:34:03,43.0480728149414,-9.29821014404297,"Unknown"
"7014854",371863,2025-08-05 15:39:02,43.0478553771973,-9.29788589477539,"Unknown"
"7014854",371863,2025-08-05 15:44:03,43.0479393005371,-9.29804515838623,"Unknown"
"7014854",371863,2025-08-05 15:49:21,43.0480880737305,-9.29817867279053,"Unknown"
"7014854",371863,2025-08-05 15:55:26,43.0480499267578,-9.29806423187256,"Unknown"
"7014854",371863,2025-08-05 16:00:12,43.0477867126465,-9.2977352142334,"Unknown"
"7014854",371863,2025-08-05 16:04:02,43.048023223877,-9.29816436767578,"Unknown"
"7014854",371863,2025-08-05 16:10:45,43.0434417724609,-9.30132579803467,"Unknown"
"7014854",371863,2025-08-05 16:14:43,43.0460739135742,-9.29579257965088,"Unknown"
"7014854",371863,2025-08-05 16:19:02,43.0460891723633,-9.29581069946289,"Unknown"
"7014854",371863,2025-08-05 16:24:01,43.0561027526855,-9.29894638061523,"Unknown"
"7014854",371863,2025-08-05 16:29:02,43.0560569763184,-9.29899120330811,"Unknown"
"7014854",371863,2025-08-05 16:34:02,43.0562133789062,-9.29916095733643,"Unknown"
"7014854",371863,2025-08-05 16:39:07,43.0477905273438,-9.29791259765625,"Unknown"
"7014854",371863,2025-08-05 16:44:01,43.0478286743164,-9.29807758331299,"Unknown"
"7014854",371863,2025-08-05 16:49:05,43.0478363037109,-9.29796123504639,"Unknown"
"7014854",371863,2025-08-05 16:54:06,43.0478897094727,-9.2977294921875,"Unknown"
"7014854",371863,2025-08-05 16:59:08,43.0477752685547,-9.29796314239502,"Unknown"
"7014854",371863,2025-08-05 17:04:08,43.0477714538574,-9.29796123504639,"Unknown"
"7014854",371863,2025-08-05 17:09:09,43.0477867126465,-9.2978982925415,"Unknown"
"7014854",371863,2025-08-05 17:14:08,43.0477867126465,-9.29792499542236,"Unknown"
"7014854",371863,2025-08-05 17:19:08,43.0477447509766,-9.2978458404541,"Unknown"
"7014854",371863,2025-08-05 17:24:08,43.0477256774902,-9.29788589477539,"Unknown"
"7014854",371863,2025-08-05 17:29:08,43.0477905273438,-9.29792022705078,"Unknown"
"7014854",371863,2025-08-05 17:34:08,43.0477981567383,-9.29798126220703,"Unknown"
"7014854",371863,2025-08-05 17:39:14,43.0477981567383,-9.29784870147705,"Unknown"
"7014854",371863,2025-08-05 17:44:08,43.0477905273438,-9.29808521270752,"Unknown"
"7014854",371863,2025-08-05 17:49:08,43.0478630065918,-9.29760837554932,"Unknown"
"7014854",371863,2025-08-05 17:54:02,43.0478286743164,-9.29789733886719,"Unknown"
"7014854",371863,2025-08-05 17:59:01,43.0477561950684,-9.29771137237549,"Unknown"
"7014854",371863,2025-08-05 18:04:02,43.0478019714355,-9.29789638519287,"Unknown"
"7014854",371863,2025-08-05 18:09:07,43.0475158691406,-9.2981424331665,"Unknown"
"7014854",371863,2025-08-05 18:14:06,43.0469551086426,-9.29676532745361,"Unknown"
"7014854",371863,2025-08-05 18:19:08,43.047679901123,-9.29965877532959,"Unknown"
"7014854",371863,2025-08-05 18:24:05,43.0473251342773,-9.29890251159668,"Unknown"
"7014854",371863,2025-08-05 18:29:12,43.0476264953613,-9.29834461212158,"Unknown"
"7014854",371863,2025-08-05 18:34:35,43.0477600097656,-9.29845333099365,"Unknown"
"7014854",371863,2025-08-05 18:39:05,43.0478057861328,-9.29854869842529,"Unknown"
"7014854",371863,2025-08-05 18:44:01,43.0478782653809,-9.29866409301758,"Unknown"
"7014854",371863,2025-08-05 18:49:02,43.0477066040039,-9.29841041564941,"Unknown"
"7014854",371863,2025-08-05 18:54:03,43.0477142333984,-9.29820442199707,"Unknown"
"7014854",371863,2025-08-05 18:59:05,43.0477180480957,-9.29837703704834,"Unknown"
"7014854",371863,2025-08-05 19:04:07,43.047721862793,-9.29832744598389,"Unknown"
"7014854",371863,2025-08-05 19:09:07,43.0477600097656,-9.29832744598389,"Unknown"
"7014854",371863,2025-08-05 19:14:06,43.0477676391602,-9.29837894439697,"Unknown"
"7014854",371863,2025-08-05 19:19:01,43.0477523803711,-9.29828071594238,"Unknown"
"7014854",371863,2025-08-05 19:24:07,43.0477561950684,-9.29833889007568,"Unknown"
"7014854",371863,2025-08-05 19:29:02,43.0478096008301,-9.29830741882324,"Unknown"
"7014854",371863,2025-08-05 19:34:02,43.047966003418,-9.29848480224609,"Unknown"
"7014854",371863,2025-08-05 19:39:03,43.047435760498,-9.29841995239258,"Unknown"
"7014854",371863,2025-08-05 19:44:02,43.0478439331055,-9.29849624633789,"Unknown"
"7014854",371863,2025-08-05 19:49:08,43.0476188659668,-9.29838085174561,"Unknown"
"7014854",371863,2025-08-05 19:54:05,43.0475807189941,-9.29837703704834,"Unknown"
"7014854",371863,2025-08-05 19:59:11,43.0507736206055,-9.2986478805542,"Unknown"
"7014854",371863,2025-08-05 20:04:12,43.0509490966797,-9.29871463775635,"Unknown"
"7014854",371863,2025-08-05 20:09:09,43.050838470459,-9.29871654510498,"Unknown"
"7014854",371863,2025-08-05 20:14:12,43.0508499145508,-9.29872131347656,"Unknown"
"7014854",371863,2025-08-05 20:19:08,43.050838470459,-9.29868316650391,"Unknown"
"7014854",371863,2025-08-05 20:24:12,43.0504837036133,-9.29835605621338,"Unknown"
"7014854",371863,2025-08-05 20:29:08,43.050895690918,-9.29848003387451,"Unknown"
"7014854",371863,2025-08-05 20:34:12,43.0506896972656,-9.2984676361084,"Unknown"
"7014854",371863,2025-08-05 20:39:08,43.050838470459,-9.29865646362305,"Unknown"
"7014854",371863,2025-08-05 20:44:14,43.0489959716797,-9.30020618438721,"Unknown"
"7014854",371863,2025-08-05 20:49:07,43.0488662719727,-9.29942798614502,"Unknown"
"7014854",371863,2025-08-05 20:54:44,43.0489463806152,-9.300368309021,"Unknown"
"7014854",371863,2025-08-05 20:59:04,43.0489196777344,-9.30055522918701,"Unknown"
"7014854",371863,2025-08-05 21:04:20,43.0489654541016,-9.3001537322998,"Unknown"
"7014854",371863,2025-08-05 21:09:14,43.0489616394043,-9.30015468597412,"Unknown"
"7014854",371863,2025-08-05 21:14:06,43.0489311218262,-9.30061817169189,"Unknown"
"7014854",371863,2025-08-05 21:19:11,43.0490684509277,-9.2996072769165,"Unknown"
"7014854",371863,2025-08-05 21:24:11,43.048755645752,-9.30075263977051,"Unknown"
"7014854",371863,2025-08-05 21:29:10,43.0488471984863,-9.30068969726562,"Unknown"
"7014854",371863,2025-08-05 21:34:10,43.0488662719727,-9.30051422119141,"Unknown"
"7014854",371863,2025-08-05 21:39:21,43.049015045166,-9.2998046875,"Unknown"
"7014854",371863,2025-08-05 21:49:46,43.0490112304688,-9.30020999908447,"Unknown"
"7014854",371863,2025-08-05 21:54:48,43.0489807128906,-9.30021572113037,"Unknown"
"7014854",371863,2025-08-05 21:59:12,43.0488891601562,-9.30029106140137,"Unknown"
"7014854",371863,2025-08-05 22:04:08,43.048942565918,-9.30019092559814,"Unknown"
"7014854",371863,2025-08-05 22:09:08,43.0489540100098,-9.30035400390625,"Unknown"
"7014854",371863,2025-08-05 22:14:07,43.048885345459,-9.30044937133789,"Unknown"
"7014854",371863,2025-08-05 22:19:05,43.048999786377,-9.29991817474365,"Unknown"
"7014854",371863,2025-08-05 22:24:07,43.0489234924316,-9.30010318756104,"Unknown"
"7014854",371863,2025-08-05 22:29:07,43.0489082336426,-9.30015277862549,"Unknown"
"7014854",371863,2025-08-05 22:34:08,43.0488739013672,-9.29953575134277,"Unknown"
"7014854",371863,2025-08-05 22:39:14,43.0488548278809,-9.30015850067139,"Unknown"
"7014854",371863,2025-08-05 22:44:05,43.0470924377441,-9.30002307891846,"Unknown"
"7014854",371863,2025-08-05 22:49:14,43.0470924377441,-9.30075836181641,"Unknown"
"7014854",371863,2025-08-05 22:54:09,43.0473518371582,-9.30066776275635,"Unknown"
"7014854",371863,2025-08-05 22:59:08,43.0471725463867,-9.30062198638916,"Unknown"
"7014854",371863,2025-08-05 23:04:08,43.047290802002,-9.30069160461426,"Unknown"
"7014854",371863,2025-08-05 23:09:12,43.0472068786621,-9.30084991455078,"Unknown"
"7014854",371863,2025-08-05 23:14:09,43.0472145080566,-9.3008508682251,"Unknown"
"7014854",371863,2025-08-05 23:19:06,43.0472412109375,-9.30082321166992,"Unknown"
"7014854",371863,2025-08-05 23:24:09,43.0472564697266,-9.30041027069092,"Unknown"
"7014854",371863,2025-08-05 23:29:35,43.0472831726074,-9.30068302154541,"Unknown"
"7014854",371863,2025-08-05 23:34:04,43.0473327636719,-9.30039215087891,"Unknown"
"7014854",371863,2025-08-05 23:39:08,43.0472831726074,-9.30070495605469,"Unknown"
"7014854",371863,2025-08-05 23:44:03,43.0473213195801,-9.30062198638916,"Unknown"
"7014854",371863,2025-08-05 23:49:03,43.0472564697266,-9.30062389373779,"Unknown"
"7014854",371863,2025-08-05 23:54:06,43.0472793579102,-9.30069637298584,"Unknown"
"7014854",371863,2025-08-05 23:59:19,43.0472602844238,-9.30083751678467,"Unknown"
"7014854",371863,2025-08-06 00:04:03,43.0472412109375,-9.30061531066895,"Unknown"
"7014854",371863,2025-08-06 00:09:03,43.0472717285156,-9.30062103271484,"Unknown"
"7014854",371863,2025-08-06 00:14:09,43.0473022460938,-9.30067443847656,"Unknown"
"7014854",371863,2025-08-06 00:19:14,43.0472526550293,-9.30052185058594,"Unknown"
"7014854",371863,2025-08-06 00:24:02,43.0473175048828,-9.30059242248535,"Unknown"
"7014854",371863,2025-08-06 00:29:05,43.0471649169922,-9.30105686187744,"Unknown"
"7014854",371863,2025-08-06 00:34:05,43.0471687316895,-9.30081748962402,"Unknown"
"7014854",371863,2025-08-06 00:39:10,43.0473098754883,-9.30061435699463,"Unknown"
"7014854",371863,2025-08-06 00:44:06,43.0472831726074,-9.30063343048096,"Unknown"
"7014854",371863,2025-08-06 00:49:35,43.0472869873047,-9.30064392089844,"Unknown"
"7014854",371863,2025-08-06 00:54:06,43.0472106933594,-9.30042743682861,"Unknown"
"7014854",371863,2025-08-06 00:59:02,43.0472526550293,-9.30060195922852,"Unknown"
"7014854",371863,2025-08-06 01:04:04,43.0472564697266,-9.30057239532471,"Unknown"
"7014854",371863,2025-08-06 01:09:06,43.0470237731934,-9.30077171325684,"Unknown"
"7014854",371863,2025-08-06 01:14:36,43.0470428466797,-9.30095958709717,"Unknown"
"7014854",371863,2025-08-06 01:19:25,43.0470771789551,-9.30084037780762,"Unknown"
"7014854",371863,2025-08-06 01:24:44,43.0471382141113,-9.30075931549072,"Unknown"
"7014854",371863,2025-08-06 01:29:05,43.0472297668457,-9.30049705505371,"Unknown"
"7014854",371863,2025-08-06 01:34:02,43.0473289489746,-9.30079364776611,"Unknown"
"7014854",371863,2025-08-06 01:39:04,43.0468978881836,-9.30075931549072,"Unknown"
"7014854",371863,2025-08-06 01:44:02,43.0470123291016,-9.30055999755859,"Unknown"
"7014854",371863,2025-08-06 01:49:02,43.0471801757812,-9.30025768280029,"Unknown"
"7014854",371863,2025-08-06 01:54:02,43.047290802002,-9.30038642883301,"Unknown"
"7014854",371863,2025-08-06 01:59:05,43.0471572875977,-9.30032920837402,"Unknown"
"7014854",371863,2025-08-06 02:04:01,43.0472526550293,-9.30018901824951,"Unknown"
"7014854",371863,2025-08-06 02:09:03,43.0472297668457,-9.30026340484619,"Unknown"
"7014854",371863,2025-08-06 02:14:04,43.0472640991211,-9.3002872467041,"Unknown"
"7014854",371863,2025-08-06 02:19:02,43.0472450256348,-9.30034065246582,"Unknown"
"7014854",371863,2025-08-06 02:24:03,43.0472946166992,-9.30025386810303,"Unknown"
"7014854",371863,2025-08-06 02:29:03,43.0472259521484,-9.30025577545166,"Unknown"
"7014854",371863,2025-08-06 02:34:03,43.0471687316895,-9.30031967163086,"Unknown"
"7014854",371863,2025-08-06 02:39:02,43.0472373962402,-9.30031204223633,"Unknown"
"7014854",371863,2025-08-06 02:44:02,43.0472526550293,-9.30028915405273,"Unknown"
"7014854",371863,2025-08-06 02:49:02,43.0473518371582,-9.30035209655762,"Unknown"
"7014854",371863,2025-08-06 02:54:03,43.0472755432129,-9.30023288726807,"Unknown"
"7014854",371863,2025-08-06 02:59:05,43.0473175048828,-9.30021953582764,"Unknown"
"7014854",371863,2025-08-06 03:04:03,43.0472984313965,-9.30009937286377,"Unknown"
"7014854",371863,2025-08-06 03:09:05,43.0472793579102,-9.30029392242432,"Unknown"
"7014854",371863,2025-08-06 03:14:08,43.0472831726074,-9.30034732818604,"Unknown"
"7014854",371863,2025-08-06 03:19:07,43.0472373962402,-9.30036067962646,"Unknown"
"7014854",371863,2025-08-06 03:24:07,43.0472717285156,-9.30024719238281,"Unknown"
"7014854",371863,2025-08-06 03:29:05,43.0474624633789,-9.3006067276001,"Unknown"
"7014854",371863,2025-08-06 03:34:04,43.0473213195801,-9.30028247833252,"Unknown"
"7014854",371863,2025-08-06 03:39:04,43.0470695495605,-9.30001544952393,"Unknown"
"7014854",371863,2025-08-06 03:44:09,43.0472869873047,-9.30032634735107,"Unknown"
"7014854",371863,2025-08-06 03:49:11,43.0473175048828,-9.30051517486572,"Unknown"
"7014854",371863,2025-08-06 03:54:14,43.0474433898926,-9.30079174041748,"Unknown"
"7014854",371863,2025-08-06 03:59:17,43.0473785400391,-9.30076313018799,"Unknown"
"7014854",371863,2025-08-06 04:04:28,43.0473289489746,-9.3003044128418,"Unknown"
"7014854",371863,2025-08-06 04:09:14,43.0473442077637,-9.30048847198486,"Unknown"
"7014854",371863,2025-08-06 04:14:14,43.0472259521484,-9.30009746551514,"Unknown"
"7014854",371863,2025-08-06 04:19:08,43.0472564697266,-9.30015182495117,"Unknown"
"7014854",371863,2025-08-06 04:24:08,43.0472450256348,-9.30005359649658,"Unknown"
"7014854",371863,2025-08-06 04:29:08,43.047290802002,-9.30008792877197,"Unknown"
"7014854",371863,2025-08-06 04:34:08,43.0472640991211,-9.30022144317627,"Unknown"
"7014854",371863,2025-08-06 04:39:08,43.0472869873047,-9.30012702941895,"Unknown"
"7014854",371863,2025-08-06 04:44:08,43.0472755432129,-9.30002498626709,"Unknown"
"7014854",371863,2025-08-06 04:49:14,43.047248840332,-9.30032348632812,"Unknown"
"7014854",371863,2025-08-06 04:54:08,43.0472717285156,-9.30008125305176,"Unknown"
"7014854",371863,2025-08-06 04:59:08,43.0472679138184,-9.30019760131836,"Unknown"
"7014854",371863,2025-08-06 05:04:08,43.0472564697266,-9.3002405166626,"Unknown"
"7014854",371863,2025-08-06 05:09:08,43.0471687316895,-9.30025005340576,"Unknown"
"7014854",371863,2025-08-06 05:14:10,43.0474739074707,-9.29943943023682,"Unknown"
"7014854",371863,2025-08-06 05:19:35,43.0470275878906,-9.30018520355225,"Unknown"
"7014854",371863,2025-08-06 05:24:01,43.0470542907715,-9.30062961578369,"Unknown"
"7014854",371863,2025-08-06 05:29:01,43.0472793579102,-9.30030059814453,"Unknown"
"7014854",371863,2025-08-06 05:34:02,43.0472755432129,-9.30037879943848,"Unknown"
"7014854",371863,2025-08-06 05:39:02,43.0473289489746,-9.30035495758057,"Unknown"
"7014854",371863,2025-08-06 05:44:03,43.0472946166992,-9.30037879943848,"Unknown"
"7014854",371863,2025-08-06 05:49:03,43.0473785400391,-9.30040454864502,"Unknown"
"7014854",371863,2025-08-06 05:54:05,43.0473213195801,-9.30041027069092,"Unknown"
"7014854",371863,2025-08-06 05:59:06,43.0471496582031,-9.30026626586914,"Unknown"
"7014854",371863,2025-08-06 06:04:35,43.0472793579102,-9.30039978027344,"Unknown"
"7014854",371863,2025-08-06 06:09:02,43.0473556518555,-9.30047225952148,"Unknown"
"7014854",371863,2025-08-06 06:14:03,43.047607421875,-9.30070018768311,"Unknown"
"7014854",371863,2025-08-06 06:19:02,43.0471153259277,-9.3002986907959,"Unknown"
"7014854",371863,2025-08-06 06:24:02,43.0470428466797,-9.30023574829102,"Unknown"
"7014854",371863,2025-08-06 06:29:01,43.0472297668457,-9.30046272277832,"Unknown"
"7014854",371863,2025-08-06 06:34:02,43.0473594665527,-9.30053329467773,"Unknown"
"7014854",371863,2025-08-06 06:39:04,43.047248840332,-9.30049133300781,"Unknown"
"7014854",371863,2025-08-06 06:44:02,43.0471801757812,-9.30024814605713,"Unknown"
"7014854",371863,2025-08-06 06:49:08,43.0472640991211,-9.30034255981445,"Unknown"
"7014854",371863,2025-08-06 06:54:02,43.0472373962402,-9.30039596557617,"Unknown"
"7014854",371863,2025-08-06 06:59:02,43.0472869873047,-9.30052852630615,"Unknown"
"7014854",371863,2025-08-06 07:04:04,43.0472793579102,-9.30066585540771,"Unknown"
"7014854",371863,2025-08-06 07:09:05,43.0473175048828,-9.30064868927002,"Unknown"
"7014854",371863,2025-08-06 07:14:05,43.0472946166992,-9.300461769104,"Unknown"
"7014854",371863,2025-08-06 07:19:03,43.0472679138184,-9.30023765563965,"Unknown"
"7014854",371863,2025-08-06 07:24:06,43.047306060791,-9.30056476593018,"Unknown"
"7014854",371863,2025-08-06 07:29:08,43.0472717285156,-9.30036544799805,"Unknown"
"7014854",371863,2025-08-06 07:34:08,43.0473098754883,-9.30034255981445,"Unknown"
"7014854",371863,2025-08-06 07:39:08,43.0471878051758,-9.30042552947998,"Unknown"
"7014854",371863,2025-08-06 07:44:12,43.0472602844238,-9.30038261413574,"Unknown"
"7014854",371863,2025-08-06 07:49:08,43.0473365783691,-9.30027961730957,"Unknown"
"7014854",371863,2025-08-06 07:54:09,43.0476036071777,-9.30011367797852,"Unknown"
"7014854",371863,2025-08-06 07:59:08,43.0473709106445,-9.30032157897949,"Unknown"
"7014854",371863,2025-08-06 08:04:35,43.0472946166992,-9.30036449432373,"Unknown"
"7014854",371863,2025-08-06 08:09:03,43.047290802002,-9.30037593841553,"Unknown"
"7014854",371863,2025-08-06 08:14:02,43.0473442077637,-9.30049514770508,"Unknown"
"7014854",371863,2025-08-06 08:19:02,43.0472869873047,-9.30044364929199,"Unknown"
"7014854",371863,2025-08-06 08:24:06,43.0472564697266,-9.30060291290283,"Unknown"
"7014854",371863,2025-08-06 08:29:05,43.04736328125,-9.30061531066895,"Unknown"
"7014854",371863,2025-08-06 08:34:06,43.0473327636719,-9.30060195922852,"Unknown"
"7014854",371863,2025-08-06 08:39:07,43.0473136901855,-9.3002758026123,"Unknown"
"7014854",371863,2025-08-06 08:44:08,43.0473785400391,-9.30038261413574,"Unknown"
"7014854",371863,2025-08-06 08:49:06,43.0473098754883,-9.30057621002197,"Unknown"
"7014854",371863,2025-08-06 08:54:27,43.0472984313965,-9.30037117004395,"Unknown"
"7014854",371863,2025-08-06 08:59:35,43.0473022460938,-9.30037117004395,"Unknown"
"7014854",371863,2025-08-06 09:04:02,43.0471839904785,-9.30045795440674,"Unknown"
"7014854",371863,2025-08-06 09:09:02,43.0472259521484,-9.30041122436523,"Unknown"
"7014854",371863,2025-08-06 09:14:03,43.0470390319824,-9.30047225952148,"Unknown"
"7014854",371863,2025-08-06 09:19:03,43.0471572875977,-9.30046081542969,"Unknown"
"7014854",371863,2025-08-06 09:24:02,43.0470962524414,-9.30058479309082,"Unknown"
"7014854",371863,2025-08-06 09:29:05,43.0470962524414,-9.30057239532471,"Unknown"
"7014854",371863,2025-08-06 09:34:07,43.0470733642578,-9.30046367645264,"Unknown"
"7014854",371863,2025-08-06 09:39:09,43.0472183227539,-9.30050373077393,"Unknown"
"7014854",371863,2025-08-06 09:44:12,43.0472564697266,-9.30046653747559,"Unknown"
"7014854",371863,2025-08-06 09:49:08,43.0470962524414,-9.30065822601318,"Unknown"
"7014854",371863,2025-08-06 09:54:35,43.0472221374512,-9.30036163330078,"Unknown"
"7014854",371863,2025-08-06 09:59:03,43.0472373962402,-9.30041217803955,"Unknown"
"7014854",371863,2025-08-06 10:04:03,43.0472259521484,-9.30036067962646,"Unknown"
"7014854",371863,2025-08-06 10:09:05,43.047176361084,-9.30026817321777,"Unknown"
"7014854",371863,2025-08-06 10:14:03,43.0472450256348,-9.30033779144287,"Unknown"
"7014854",371863,2025-08-06 10:19:03,43.0471458435059,-9.30039405822754,"Unknown"
"7014854",371863,2025-08-06 10:24:02,43.0472068786621,-9.30031681060791,"Unknown"
"7014854",371863,2025-08-06 10:29:03,43.0472297668457,-9.30031776428223,"Unknown"
"7014854",371863,2025-08-06 10:34:01,43.0471458435059,-9.30028057098389,"Unknown"
"7014854",371863,2025-08-06 10:39:02,43.0472030639648,-9.30032539367676,"Unknown"
"7014854",371863,2025-08-06 10:44:02,43.0472259521484,-9.30034065246582,"Unknown"
"7014854",371863,2025-08-06 10:49:02,43.0471496582031,-9.30033588409424,"Unknown"
"7014854",371863,2025-08-06 10:54:02,43.0471725463867,-9.30031776428223,"Unknown"
"7014854",371863,2025-08-06 10:59:02,43.0472068786621,-9.30036449432373,"Unknown"
"7014854",371863,2025-08-06 11:04:05,43.0472373962402,-9.30034351348877,"Unknown"
"7014854",371863,2025-08-06 11:09:03,43.0473098754883,-9.30039215087891,"Unknown"
"7014854",371863,2025-08-06 11:14:03,43.047492980957,-9.30052661895752,"Unknown"
"7014854",371863,2025-08-06 11:19:02,43.0473136901855,-9.30035305023193,"Unknown"
"7014854",371863,2025-08-06 11:24:04,43.0471992492676,-9.30030918121338,"Unknown"
"7014854",371863,2025-08-06 11:29:02,43.0472831726074,-9.30037593841553,"Unknown"
"7014854",371863,2025-08-06 11:34:04,43.0472717285156,-9.30045318603516,"Unknown"
"7014854",371863,2025-08-06 11:39:04,43.0473785400391,-9.30049133300781,"Unknown"
"7014854",371863,2025-08-06 11:44:04,43.0473480224609,-9.30044460296631,"Unknown"
"7014854",371863,2025-08-06 11:49:02,43.0475196838379,-9.30068302154541,"Unknown"
"7014854",371863,2025-08-06 11:54:10,43.0472679138184,-9.30042171478271,"Unknown"
"7014854",371863,2025-08-06 11:59:04,43.047550201416,-9.30066204071045,"Unknown"
"7014854",371863,2025-08-06 12:04:07,43.0472831726074,-9.30032253265381,"Unknown"
"7014854",371863,2025-08-06 12:09:12,43.0473403930664,-9.30031585693359,"Unknown"
"7014854",371863,2025-08-06 12:14:35,43.047306060791,-9.30040264129639,"Unknown"
"7014854",371863,2025-08-06 12:19:02,43.0472984313965,-9.30032920837402,"Unknown"
"7014854",371863,2025-08-06 12:24:02,43.0472259521484,-9.30028057098389,"Unknown"
"7014854",371863,2025-08-06 12:29:05,43.0472831726074,-9.30030345916748,"Unknown"
"7014854",371863,2025-08-06 12:34:06,43.0473213195801,-9.30038070678711,"Unknown"
"7014854",371863,2025-08-06 12:39:07,43.0472869873047,-9.30034255981445,"Unknown"
"7014854",371863,2025-08-06 12:44:03,43.0473289489746,-9.30032157897949,"Unknown"
"7014854",371863,2025-08-06 12:49:03,43.047306060791,-9.30035877227783,"Unknown"
"7014854",371863,2025-08-06 12:54:03,43.0473442077637,-9.30032634735107,"Unknown"
"7014854",371863,2025-08-06 12:59:03,43.0473670959473,-9.30034732818604,"Unknown"
"7014854",371863,2025-08-06 13:04:03,43.0475425720215,-9.30006217956543,"Unknown"
"7014854",371863,2025-08-06 13:09:03,43.0473289489746,-9.30022430419922,"Unknown"
"7014854",371863,2025-08-06 13:14:03,43.0473289489746,-9.30033493041992,"Unknown"
"7014854",371863,2025-08-06 13:19:03,43.0475540161133,-9.30013942718506,"Unknown"
"7014854",371863,2025-08-06 13:24:03,43.0476264953613,-9.30001544952393,"Unknown"
"7014854",371863,2025-08-06 13:29:03,43.0477485656738,-9.30037593841553,"Unknown"
"7014854",371863,2025-08-06 13:34:02,43.0476264953613,-9.30001068115234,"Unknown"
"7014854",371863,2025-08-06 13:39:03,43.0476493835449,-9.30023384094238,"Unknown"
"7014854",371863,2025-08-06 13:44:03,43.047737121582,-9.3002233505249,"Unknown"
"7014854",371863,2025-08-06 13:49:02,43.0477867126465,-9.3000545501709,"Unknown"
"7014854",371863,2025-08-06 13:54:03,43.0478973388672,-9.30001926422119,"Unknown"
"7014854",371863,2025-08-06 13:59:02,43.047794342041,-9.30013561248779,"Unknown"
"7014854",371863,2025-08-06 14:04:19,43.0476875305176,-9.30042552947998,"Unknown"
"7014854",371863,2025-08-06 14:09:35,43.0473442077637,-9.30030632019043,"Unknown"
"7014854",371863,2025-08-06 14:14:03,43.0473327636719,-9.30036067962646,"Unknown"
"7014854",371863,2025-08-06 14:19:04,43.0473518371582,-9.30047035217285,"Unknown"
"7014854",371863,2025-08-06 14:24:02,43.0472373962402,-9.30026912689209,"Unknown"
"7014854",371863,2025-08-06 14:29:03,43.0476913452148,-9.30050182342529,"Unknown"
"7014854",371863,2025-08-06 14:34:08,43.0475921630859,-9.3004322052002,"Unknown"
"7014854",371863,2025-08-06 14:39:06,43.0477600097656,-9.30047130584717,"Unknown"
"7014854",371863,2025-08-06 14:44:07,43.0475196838379,-9.30048656463623,"Unknown"
"7014854",371863,2025-08-06 14:49:11,43.0473518371582,-9.30049324035645,"Unknown"
"7014854",371863,2025-08-06 14:54:07,43.0475158691406,-9.30052947998047,"Unknown"
"7014854",371863,2025-08-06 14:59:06,43.0474510192871,-9.30045795440674,"Unknown"
"7014854",371863,2025-08-06 15:04:06,43.0474662780762,-9.30049514770508,"Unknown"
"7014854",371863,2025-08-06 15:09:05,43.0475082397461,-9.30055236816406,"Unknown"
"7014854",371863,2025-08-06 15:14:08,43.0475845336914,-9.30057239532471,"Unknown"
"7014854",371863,2025-08-06 15:19:07,43.0475692749023,-9.30065822601318,"Unknown"
"7014854",371863,2025-08-06 15:24:08,43.0475997924805,-9.30070877075195,"Unknown"
"7014854",371863,2025-08-06 15:29:05,43.0475959777832,-9.3007116317749,"Unknown"
"7014854",371863,2025-08-06 15:34:09,43.0476684570312,-9.30088901519775,"Unknown"
"7014854",371863,2025-08-06 15:39:12,43.0475425720215,-9.30058193206787,"Unknown"
"7014854",371863,2025-08-06 15:44:03,43.0472602844238,-9.30031299591064,"Unknown"
"7014854",371863,2025-08-06 15:49:05,43.047477722168,-9.30047130584717,"Unknown"
"7014854",371863,2025-08-06 15:54:06,43.0474128723145,-9.30047130584717,"Unknown"
"7014854",371863,2025-08-06 15:59:06,43.0474014282227,-9.30030918121338,"Unknown"
"7014854",371863,2025-08-06 16:04:10,43.0473213195801,-9.30032825469971,"Unknown"
"7014854",371863,2025-08-06 16:09:09,43.0471496582031,-9.3000316619873,"Unknown"
"7014854",371863,2025-08-06 16:14:03,43.0473861694336,-9.30036926269531,"Unknown"
"7014854",371863,2025-08-06 16:19:10,43.0473785400391,-9.30037307739258,"Unknown"
"7014854",371863,2025-08-06 16:24:07,43.0474395751953,-9.30041408538818,"Unknown"
"7014854",371863,2025-08-06 16:29:07,43.0475082397461,-9.30055522918701,"Unknown"
"7014854",371863,2025-08-06 16:34:14,43.0474700927734,-9.30038166046143,"Unknown"
"7014854",371863,2025-08-06 16:39:03,43.0475807189941,-9.30050277709961,"Unknown"
"7014854",371863,2025-08-06 16:44:06,43.0474548339844,-9.30029106140137,"Unknown"
"7014854",371863,2025-08-06 16:49:14,43.0476188659668,-9.3008451461792,"Unknown"
"7014854",371863,2025-08-06 16:54:20,43.0476951599121,-9.30121803283691,"Unknown"
"7014854",371863,2025-08-06 16:59:12,43.0479354858398,-9.30189800262451,"Unknown"
"7014854",371863,2025-08-06 17:04:35,43.0473556518555,-9.30026340484619,"Unknown"
"7014854",371863,2025-08-06 17:09:04,43.0473937988281,-9.30029106140137,"Unknown"
"7014854",371863,2025-08-06 17:14:01,43.0471343994141,-9.30033874511719,"Unknown"
"7014854",371863,2025-08-06 17:19:01,43.0473175048828,-9.30032253265381,"Unknown"
"7014854",371863,2025-08-06 17:24:02,43.0471878051758,-9.30029010772705,"Unknown"
"7014854",371863,2025-08-06 17:29:03,43.0475082397461,-9.30039119720459,"Unknown"
"7014854",371863,2025-08-06 17:34:02,43.0474815368652,-9.30042171478271,"Unknown"
"7014854",371863,2025-08-06 17:39:02,43.0470771789551,-9.30035781860352,"Unknown"
"7014854",371863,2025-08-06 17:44:03,43.0475959777832,-9.30057621002197,"Unknown"
"7014854",371863,2025-08-06 17:49:02,43.046932220459,-9.3001070022583,"Unknown"
"7014854",371863,2025-08-06 17:54:02,43.0476036071777,-9.30050563812256,"Unknown"
"7014854",371863,2025-08-06 17:59:03,43.0475006103516,-9.30046939849854,"Unknown"
"7014854",371863,2025-08-06 18:04:02,43.047290802002,-9.30027198791504,"Unknown"
"7014854",371863,2025-08-06 18:09:02,43.0470809936523,-9.30020427703857,"Unknown"
"7014854",371863,2025-08-06 18:14:03,43.0471801757812,-9.30029964447021,"Unknown"
"7014854",371863,2025-08-06 18:19:03,43.0475158691406,-9.30049705505371,"Unknown"
"7014854",371863,2025-08-06 18:24:03,43.0472183227539,-9.30026626586914,"Unknown"
"7014854",371863,2025-08-06 18:29:05,43.0474090576172,-9.30042362213135,"Unknown"
"7014854",371863,2025-08-06 18:34:06,43.0473213195801,-9.30037784576416,"Unknown"
"7014854",371863,2025-08-06 18:39:05,43.0474510192871,-9.30057334899902,"Unknown"
"7014854",371863,2025-08-06 18:44:03,43.0474815368652,-9.30073738098145,"Unknown"
"7014854",371863,2025-08-06 18:49:11,43.047176361084,-9.30019283294678,"Unknown"
"7014854",371863,2025-08-06 18:54:11,43.0472259521484,-9.30020713806152,"Unknown"
"7014854",371863,2025-08-06 18:59:11,43.0472564697266,-9.30027484893799,"Unknown"
"7014854",371863,2025-08-06 19:04:12,43.0472984313965,-9.30033016204834,"Unknown"
"7014854",371863,2025-08-06 19:09:09,43.0472030639648,-9.30002880096436,"Unknown"
"7014854",371863,2025-08-06 19:14:12,43.0475120544434,-9.30058860778809,"Unknown"
"7014854",371863,2025-08-06 19:19:12,43.0470199584961,-9.29981136322021,"Unknown"
"7014854",371863,2025-08-06 19:24:12,43.0470352172852,-9.29969501495361,"Unknown"
"7014854",371863,2025-08-06 19:29:10,43.0470924377441,-9.29979801177979,"Unknown"
"7014854",371863,2025-08-06 19:34:18,43.0470886230469,-9.2998743057251,"Unknown"
"7014854",371863,2025-08-06 19:39:20,43.0470314025879,-9.29965019226074,"Unknown"
"7014854",371863,2025-08-06 19:44:35,43.0472564697266,-9.30024242401123,"Unknown"
"7014854",371863,2025-08-06 19:49:05,43.0472412109375,-9.30017280578613,"Unknown"
"7014854",371863,2025-08-06 19:54:09,43.0472068786621,-9.30029582977295,"Unknown"
"7014854",371863,2025-08-06 19:59:09,43.0472793579102,-9.30026245117188,"Unknown"
"7014854",371863,2025-08-06 20:05:21,43.0473175048828,-9.30023670196533,"Unknown"
"7014854",371863,2025-08-06 20:09:13,43.0473709106445,-9.30027198791504,"Unknown"
"7014854",371863,2025-08-06 20:14:35,43.0473327636719,-9.30026435852051,"Unknown"
"7014854",371863,2025-08-06 20:19:05,43.047306060791,-9.30028533935547,"Unknown"
"7014854",371863,2025-08-06 20:24:08,43.0473442077637,-9.30024337768555,"Unknown"
"7014854",371863,2025-08-06 20:29:06,43.047248840332,-9.30027294158936,"Unknown"
"7014854",371863,2025-08-06 20:34:06,43.0475158691406,-9.30032062530518,"Unknown"
"7014854",371863,2025-08-06 20:39:06,43.0472373962402,-9.30032634735107,"Unknown"
"7014854",371863,2025-08-06 20:44:05,43.0474128723145,-9.30026626586914,"Unknown"
"7014854",371863,2025-08-06 20:49:05,43.0473175048828,-9.30027866363525,"Unknown"
"7014854",371863,2025-08-06 20:54:03,43.0473937988281,-9.3003625869751,"Unknown"
"7014854",371863,2025-08-06 20:59:02,43.04736328125,-9.30037403106689,"Unknown"
"7014854",371863,2025-08-06 21:04:03,43.0474319458008,-9.30040454864502,"Unknown"
"7014854",371863,2025-08-06 21:09:10,43.047492980957,-9.30080318450928,"Unknown"
"7014854",371863,2025-08-06 21:14:08,43.0475425720215,-9.30059623718262,"Unknown"
"7014854",371863,2025-08-06 21:19:18,43.0475654602051,-9.30064105987549,"Unknown"
"7014854",371863,2025-08-06 21:24:11,43.0474090576172,-9.30051612854004,"Unknown"
"7014854",371863,2025-08-06 21:29:08,43.0471954345703,-9.30021190643311,"Unknown"
"7014854",371863,2025-08-06 21:34:09,43.047061920166,-9.30010032653809,"Unknown"
"7014854",371863,2025-08-06 21:39:08,43.0477027893066,-9.3004674911499,"Unknown"
"7014854",371863,2025-08-06 21:44:08,43.047306060791,-9.30025482177734,"Unknown"
"7014854",371863,2025-08-06 21:49:13,43.0474281311035,-9.30022430419922,"Unknown"
"7014854",371863,2025-08-06 21:54:07,43.0474433898926,-9.30004787445068,"Unknown"
"7014854",371863,2025-08-06 21:59:06,43.0473861694336,-9.30038928985596,"Unknown"
"7014854",371863,2025-08-06 22:04:17,43.0474014282227,-9.29996967315674,"Unknown"
"7014854",371863,2025-08-06 22:09:02,43.0472984313965,-9.30029106140137,"Unknown"
"7014854",371863,2025-08-06 22:14:08,43.0473480224609,-9.30025482177734,"Unknown"
"7014854",371863,2025-08-06 22:19:08,43.0473594665527,-9.30030822753906,"Unknown"
"7014854",371863,2025-08-06 22:24:08,43.0473480224609,-9.30027008056641,"Unknown"
"7014854",371863,2025-08-06 22:29:05,43.0472755432129,-9.30021953582764,"Unknown"
"7014854",371863,2025-08-06 22:34:06,43.0472183227539,-9.30024337768555,"Unknown"
"7014854",371863,2025-08-06 22:39:35,43.0474128723145,-9.30041408538818,"Unknown"
"7014854",371863,2025-08-06 22:44:01,43.0472984313965,-9.30042266845703,"Unknown"
"7014854",371863,2025-08-06 22:49:01,43.0472793579102,-9.30036354064941,"Unknown"
"7014854",371863,2025-08-06 22:54:02,43.0473937988281,-9.30044651031494,"Unknown"
"7014854",371863,2025-08-06 22:59:01,43.0472450256348,-9.30043029785156,"Unknown"
"7014854",371863,2025-08-06 23:04:01,43.0473289489746,-9.30041217803955,"Unknown"
"7014854",371863,2025-08-06 23:09:01,43.0473403930664,-9.30043411254883,"Unknown"
"7014854",371863,2025-08-06 23:14:02,43.0473976135254,-9.30055809020996,"Unknown"
"7014854",371863,2025-08-06 23:19:01,43.0472869873047,-9.30037117004395,"Unknown"
"7014854",371863,2025-08-06 23:24:02,43.0473442077637,-9.30041027069092,"Unknown"
"7014854",371863,2025-08-06 23:29:05,43.0473136901855,-9.30038166046143,"Unknown"
"7014854",371863,2025-08-06 23:34:14,43.0473213195801,-9.30038642883301,"Unknown"
"7014854",371863,2025-08-06 23:39:02,43.0473823547363,-9.3004789352417,"Unknown"
"7014854",371863,2025-08-06 23:44:02,43.0472984313965,-9.30037784576416,"Unknown"
"7014854",371863,2025-08-06 23:49:02,43.0473594665527,-9.30038642883301,"Unknown"
"7014854",371863,2025-08-06 23:54:02,43.0472793579102,-9.30032920837402,"Unknown"
"7014854",371863,2025-08-06 23:59:02,43.0473136901855,-9.30036354064941,"Unknown"
"7014854",371863,2025-08-07 00:04:02,43.0473098754883,-9.30035209655762,"Unknown"
"7014854",371863,2025-08-07 00:09:02,43.0472450256348,-9.30029201507568,"Unknown"
"7014854",371863,2025-08-07 00:14:02,43.0473670959473,-9.30040740966797,"Unknown"
"7014854",371863,2025-08-07 00:19:02,43.0473747253418,-9.30043506622314,"Unknown"
"7014854",371863,2025-08-07 00:24:02,43.0471992492676,-9.30027484893799,"Unknown"
"7014854",371863,2025-08-07 00:29:02,43.0472793579102,-9.30033683776855,"Unknown"
"7014854",371863,2025-08-07 00:34:09,43.0473556518555,-9.30050373077393,"Unknown"
"7014854",371863,2025-08-07 00:39:03,43.0473937988281,-9.30053043365479,"Unknown"
"7014854",371863,2025-08-07 00:44:06,43.0473365783691,-9.30033874511719,"Unknown"
"7014854",371863,2025-08-07 00:49:09,43.0473365783691,-9.3003396987915,"Unknown"
"7014854",371863,2025-08-07 00:54:18,43.0474662780762,-9.30032539367676,"Unknown"
"7014854",371863,2025-08-07 00:59:35,43.0474166870117,-9.30042552947998,"Unknown"
"7014854",371863,2025-08-07 01:04:02,43.0473327636719,-9.30048179626465,"Unknown"
"7014854",371863,2025-08-07 01:09:02,43.0473861694336,-9.300461769104,"Unknown"
"7014854",371863,2025-08-07 01:14:02,43.0474014282227,-9.300461769104,"Unknown"
"7014854",371863,2025-08-07 01:19:02,43.0473518371582,-9.30042457580566,"Unknown"
"7014854",371863,2025-08-07 01:24:02,43.0473823547363,-9.30045413970947,"Unknown"
"7014854",371863,2025-08-07 01:29:02,43.0473594665527,-9.30044651031494,"Unknown"
"7014854",371863,2025-08-07 01:34:02,43.0473594665527,-9.30047988891602,"Unknown"
"7014854",371863,2025-08-07 01:39:02,43.0473480224609,-9.30046558380127,"Unknown"
"7014854",371863,2025-08-07 01:44:02,43.0473480224609,-9.30041885375977,"Unknown"
"7014854",371863,2025-08-07 01:49:02,43.0473899841309,-9.30049228668213,"Unknown"
"7014854",371863,2025-08-07 01:54:02,43.0473823547363,-9.30043029785156,"Unknown"
"7014854",371863,2025-08-07 01:59:02,43.0473556518555,-9.30042552947998,"Unknown"
"7014854",371863,2025-08-07 02:04:02,43.0473747253418,-9.30042743682861,"Unknown"
"7014854",371863,2025-08-07 02:09:02,43.0473594665527,-9.30043697357178,"Unknown"
"7014854",371863,2025-08-07 02:14:02,43.0473403930664,-9.30042457580566,"Unknown"
"7014854",371863,2025-08-07 02:19:02,43.0473594665527,-9.30041694641113,"Unknown"
"7014854",371863,2025-08-07 02:24:02,43.0473670959473,-9.30044555664062,"Unknown"
"7014854",371863,2025-08-07 02:29:03,43.0474014282227,-9.30043888092041,"Unknown"
"7014854",371863,2025-08-07 02:34:14,43.0473785400391,-9.30046081542969,"Unknown"
"7014854",371863,2025-08-07 02:39:02,43.0474586486816,-9.30044746398926,"Unknown"
"7014854",371863,2025-08-07 02:44:04,43.0474052429199,-9.30044364929199,"Unknown"
"7014854",371863,2025-08-07 02:49:04,43.0473136901855,-9.30027198791504,"Unknown"
"7014854",371863,2025-08-07 02:54:02,43.0473785400391,-9.30039596557617,"Unknown"
"7014854",371863,2025-08-07 02:59:06,43.0473480224609,-9.30031204223633,"Unknown"
"7014854",371863,2025-08-07 03:04:02,43.0473251342773,-9.30039119720459,"Unknown"
"7014854",371863,2025-08-07 03:09:02,43.0473365783691,-9.30035018920898,"Unknown"
"7014854",371863,2025-08-07 03:14:02,43.0473365783691,-9.30037498474121,"Unknown"
"7014854",371863,2025-08-07 03:19:02,43.0472984313965,-9.30024719238281,"Unknown"
"7014854",371863,2025-08-07 03:24:03,43.0473251342773,-9.30030632019043,"Unknown"
"7014854",371863,2025-08-07 03:29:06,43.0473823547363,-9.30042743682861,"Unknown"
"7014854",371863,2025-08-07 03:34:35,43.0474014282227,-9.30043983459473,"Unknown"
"7014854",371863,2025-08-07 03:39:02,43.0473747253418,-9.30041694641113,"Unknown"
"7014854",371863,2025-08-07 03:44:04,43.0473937988281,-9.3004846572876,"Unknown"
"7014854",371863,2025-08-07 03:49:03,43.0473937988281,-9.30053329467773,"Unknown"
"7014854",371863,2025-08-07 03:54:08,43.0474052429199,-9.3004732131958,"Unknown"
"7014854",371863,2025-08-07 03:59:03,43.0474243164062,-9.3004732131958,"Unknown"
"7014854",371863,2025-08-07 04:04:08,43.0474052429199,-9.30044269561768,"Unknown"
"7014854",371863,2025-08-07 04:09:04,43.0474166870117,-9.30041599273682,"Unknown"
"7014854",371863,2025-08-07 04:14:06,43.047435760498,-9.30043601989746,"Unknown"
"7014854",371863,2025-08-07 04:19:07,43.0474319458008,-9.30039978027344,"Unknown"
"7014854",371863,2025-08-07 04:24:08,43.0474052429199,-9.30043983459473,"Unknown"
"7014854",371863,2025-08-07 04:29:09,43.0473556518555,-9.30035972595215,"Unknown"
"7014854",371863,2025-08-07 04:34:13,43.0473365783691,-9.30055618286133,"Unknown"
"7014854",371863,2025-08-07 04:39:02,43.0473213195801,-9.30024528503418,"Unknown"
"7014854",371863,2025-08-07 04:44:08,43.0473556518555,-9.30043792724609,"Unknown"
"7014854",371863,2025-08-07 04:49:02,43.0472946166992,-9.29995155334473,"Unknown"
"7014854",371863,2025-08-07 04:54:09,43.0473556518555,-9.30054473876953,"Unknown"
"7014854",371863,2025-08-07 04:59:07,43.0473289489746,-9.30053615570068,"Unknown"
"7014854",371863,2025-08-07 05:04:09,43.0473251342773,-9.30058860778809,"Unknown"
"7014854",371863,2025-08-07 05:09:03,43.0471839904785,-9.30004405975342,"Unknown"
"7014854",371863,2025-08-07 05:14:06,43.0473327636719,-9.3004207611084,"Unknown"
"7014854",371863,2025-08-07 05:19:09,43.0473403930664,-9.30050754547119,"Unknown"
"7014854",371863,2025-08-07 05:24:09,43.0474548339844,-9.30057621002197,"Unknown"
"7014854",371863,2025-08-07 05:29:09,43.0473442077637,-9.30053234100342,"Unknown"
"7014854",371863,2025-08-07 05:34:15,43.0473365783691,-9.30050468444824,"Unknown"
"7014854",371863,2025-08-07 05:39:02,43.0472793579102,-9.3002986907959,"Unknown"
"7014854",371863,2025-08-07 05:44:09,43.0473403930664,-9.30048274993896,"Unknown"
"7014854",371863,2025-08-07 05:49:03,43.0471839904785,-9.30026721954346,"Unknown"
"7014854",371863,2025-08-07 05:54:09,43.0474128723145,-9.30060863494873,"Unknown"
"7014854",371863,2025-08-07 05:59:02,43.0471267700195,-9.30017566680908,"Unknown"
"7014854",371863,2025-08-07 06:04:03,43.0469665527344,-9.30000877380371,"Unknown"
"7014854",371863,2025-08-07 06:09:04,43.0474166870117,-9.30058002471924,"Unknown"
"7014854",371863,2025-08-07 06:14:03,43.0474662780762,-9.30064010620117,"Unknown"
"7014854",371863,2025-08-07 06:19:04,43.0474090576172,-9.3005838394165,"Unknown"
"7014854",371863,2025-08-07 06:24:03,43.0474510192871,-9.30074882507324,"Unknown"
"7014854",371863,2025-08-07 06:29:03,43.0474281311035,-9.30057334899902,"Unknown"
"7014854",371863,2025-08-07 06:34:15,43.0473937988281,-9.30049896240234,"Unknown"
"7014854",371863,2025-08-07 06:39:06,43.0474510192871,-9.30064010620117,"Unknown"
"7014854",371863,2025-08-07 06:44:06,43.0474128723145,-9.30055046081543,"Unknown"
"7014854",371863,2025-08-07 06:49:07,43.0474090576172,-9.30059814453125,"Unknown"
"7014854",371863,2025-08-07 06:54:07,43.0473518371582,-9.30066108703613,"Unknown"
"7014854",371863,2025-08-07 06:59:09,43.0474395751953,-9.30062484741211,"Unknown"
"7014854",371863,2025-08-07 07:04:17,43.0474014282227,-9.30062198638916,"Unknown"
"7014854",371863,2025-08-07 07:09:16,43.0474662780762,-9.30057048797607,"Unknown"
"7014854",371863,2025-08-07 07:14:35,43.0474166870117,-9.30051231384277,"Unknown"
"7014854",371863,2025-08-07 07:19:03,43.0473976135254,-9.30051040649414,"Unknown"
"7014854",371863,2025-08-07 07:24:03,43.0473861694336,-9.30050086975098,"Unknown"
"7014854",371863,2025-08-07 07:29:02,43.047420501709,-9.30053424835205,"Unknown"
"7014854",371863,2025-08-07 07:34:02,43.0474014282227,-9.30050945281982,"Unknown"
"7014854",371863,2025-08-07 07:39:03,43.047420501709,-9.30049896240234,"Unknown"
"7014854",371863,2025-08-07 07:44:02,43.0473823547363,-9.30047512054443,"Unknown"
"7014854",371863,2025-08-07 07:49:02,43.0473861694336,-9.30047607421875,"Unknown"
"7014854",371863,2025-08-07 07:54:02,43.0474243164062,-9.3004903793335,"Unknown"
"7014854",371863,2025-08-07 07:59:02,43.0474052429199,-9.30045986175537,"Unknown"
"7014854",371863,2025-08-07 08:04:02,43.0474586486816,-9.30046844482422,"Unknown"
"7014854",371863,2025-08-07 08:09:02,43.0473670959473,-9.30040550231934,"Unknown"
"7014854",371863,2025-08-07 08:14:02,43.0474052429199,-9.30034828186035,"Unknown"
"7014854",371863,2025-08-07 08:19:09,43.0474281311035,-9.30044937133789,"Unknown"
"7014854",371863,2025-08-07 08:24:36,43.0474052429199,-9.30045986175537,"Unknown"
"7014854",371863,2025-08-07 08:29:02,43.0473937988281,-9.30048084259033,"Unknown"
"7014854",371863,2025-08-07 08:34:02,43.0474014282227,-9.3004207611084,"Unknown"
"7014854",371863,2025-08-07 08:39:02,43.0473861694336,-9.30027866363525,"Unknown"
"7014854",371863,2025-08-07 08:44:02,43.0473747253418,-9.3002815246582,"Unknown"
"7014854",371863,2025-08-07 08:49:02,43.0473518371582,-9.30022525787354,"Unknown"
"7014854",371863,2025-08-07 08:54:02,43.0474281311035,-9.30054664611816,"Unknown"
"7014854",371863,2025-08-07 08:59:02,43.0474281311035,-9.30043506622314,"Unknown"
"7014854",371863,2025-08-07 09:04:02,43.0473327636719,-9.30023574829102,"Unknown"
"7014854",371863,2025-08-07 09:09:03,43.0473098754883,-9.30025005340576,"Unknown"
"7014854",371863,2025-08-07 09:14:02,43.0473518371582,-9.30038642883301,"Unknown"
"7014854",371863,2025-08-07 09:19:03,43.0474472045898,-9.30044651031494,"Unknown"
"7014854",371863,2025-08-07 09:24:03,43.0474014282227,-9.30039596557617,"Unknown"
"7014854",371863,2025-08-07 09:29:05,43.0474090576172,-9.3005428314209,"Unknown"
"7014854",371863,2025-08-07 09:34:05,43.0473709106445,-9.3004789352417,"Unknown"
"7014854",371863,2025-08-07 09:39:35,43.0471649169922,-9.30016803741455,"Unknown"
"7014854",371863,2025-08-07 09:44:14,43.0473213195801,-9.30031490325928,"Unknown"
"7014854",371863,2025-08-07 09:49:03,43.0472068786621,-9.30045986175537,"Unknown"
"7014854",371863,2025-08-07 09:54:09,43.0474433898926,-9.30045700073242,"Unknown"
"7014854",371863,2025-08-07 09:59:03,43.04736328125,-9.30041599273682,"Unknown"
"7014854",371863,2025-08-07 10:04:09,43.0473976135254,-9.3003101348877,"Unknown"
"7014854",371863,2025-08-07 10:09:35,43.0473823547363,-9.30043506622314,"Unknown"
"7014854",371863,2025-08-07 10:14:02,43.0474090576172,-9.30047416687012,"Unknown"
"7014854",371863,2025-08-07 10:19:02,43.0473594665527,-9.30048084259033,"Unknown"
"7014854",371863,2025-08-07 10:24:02,43.0473937988281,-9.3004207611084,"Unknown"
"7014854",371863,2025-08-07 10:29:03,43.0473785400391,-9.30043697357178,"Unknown"
"7014854",371863,2025-08-07 10:34:02,43.0474319458008,-9.30047512054443,"Unknown"
"7014854",371863,2025-08-07 10:39:02,43.0474281311035,-9.30044555664062,"Unknown"
"7014854",371863,2025-08-07 10:44:02,43.0473594665527,-9.30048561096191,"Unknown"
"7014854",371863,2025-08-07 10:49:02,43.0473747253418,-9.30044174194336,"Unknown"
"7014854",371863,2025-08-07 10:54:02,43.0473937988281,-9.30048084259033,"Unknown"
"7014854",371863,2025-08-07 10:59:03,43.0473937988281,-9.30047225952148,"Unknown"
"7014854",371863,2025-08-07 11:04:07,43.0473556518555,-9.30050659179688,"Unknown"
"7014854",371863,2025-08-07 11:09:02,43.0473785400391,-9.30046081542969,"Unknown"
"7014854",371863,2025-08-07 11:14:02,43.0473785400391,-9.30048370361328,"Unknown"
"7014854",371863,2025-08-07 11:19:02,43.0473747253418,-9.30050277709961,"Unknown"
"7014854",371863,2025-08-07 11:24:02,43.04736328125,-9.30046653747559,"Unknown"
"7014854",371863,2025-08-07 11:29:03,43.0473442077637,-9.30044555664062,"Unknown"
"7014854",371863,2025-08-07 11:34:03,43.0473327636719,-9.30047130584717,"Unknown"
"7014854",371863,2025-08-07 11:39:03,43.0474128723145,-9.30051136016846,"Unknown"
"7014854",371863,2025-08-07 11:44:04,43.0472869873047,-9.30043888092041,"Unknown"
"7014854",371863,2025-08-07 11:49:04,43.0474281311035,-9.30053329467773,"Unknown"
"7014854",371863,2025-08-07 11:54:04,43.0472946166992,-9.30043315887451,"Unknown"
"7014854",371863,2025-08-07 11:59:07,43.0472640991211,-9.30039405822754,"Unknown"
"7014854",371863,2025-08-07 12:04:15,43.0473594665527,-9.30043792724609,"Unknown"
"7014854",371863,2025-08-07 12:09:02,43.0474166870117,-9.30053615570068,"Unknown"
"7014854",371863,2025-08-07 12:14:04,43.0473365783691,-9.30042457580566,"Unknown"
"7014854",371863,2025-08-07 12:19:03,43.0474624633789,-9.30053329467773,"Unknown"
"7014854",371863,2025-08-07 12:24:03,43.0474052429199,-9.3005313873291,"Unknown"
"7014854",371863,2025-08-07 12:29:04,43.0473823547363,-9.30048274993896,"Unknown"
"7014854",371863,2025-08-07 12:34:04,43.0473937988281,-9.30049610137939,"Unknown"
"7014854",371863,2025-08-07 12:39:04,43.0474090576172,-9.30044841766357,"Unknown"
"7014854",371863,2025-08-07 12:44:04,43.0474243164062,-9.30053997039795,"Unknown"
"7014854",371863,2025-08-07 12:49:15,43.0474700927734,-9.30060482025146,"Unknown"
"7014854",371863,2025-08-07 12:54:03,43.0473976135254,-9.30051517486572,"Unknown"
"7014854",371863,2025-08-07 12:59:06,43.0473976135254,-9.300537109375,"Unknown"
"7014854",371863,2025-08-07 13:04:04,43.047477722168,-9.30066204071045,"Unknown"
"7014854",371863,2025-08-07 13:09:07,43.0474472045898,-9.30058670043945,"Unknown"
"7014854",371863,2025-08-07 13:14:07,43.0474586486816,-9.30063056945801,"Unknown"
"7014854",371863,2025-08-07 13:19:06,43.0473670959473,-9.30058002471924,"Unknown"
"7014854",371863,2025-08-07 13:24:13,43.0474624633789,-9.30068874359131,"Unknown"
"7014854",371863,2025-08-07 13:29:03,43.0475997924805,-9.30075550079346,"Unknown"
"7014854",371863,2025-08-07 13:34:09,43.0474052429199,-9.30051708221436,"Unknown"
"7014854",371863,2025-08-07 13:39:07,43.0474395751953,-9.30046939849854,"Unknown"
"7014854",371863,2025-08-07 13:44:03,43.0475654602051,-9.3007173538208,"Unknown"
"7014854",371863,2025-08-07 13:49:35,43.0474128723145,-9.30048942565918,"Unknown"
"7014854",371863,2025-08-07 13:54:02,43.0474052429199,-9.30045604705811,"Unknown"
"7014854",371863,2025-08-07 13:59:02,43.0474090576172,-9.30040454864502,"Unknown"
"7014854",371863,2025-08-07 14:04:02,43.0474243164062,-9.30046081542969,"Unknown"
"7014854",371863,2025-08-07 14:09:02,43.0474052429199,-9.30045509338379,"Unknown"
"7014854",371863,2025-08-07 14:14:02,43.0473861694336,-9.30051517486572,"Unknown"
"7014854",371863,2025-08-07 14:19:02,43.0473937988281,-9.3005256652832,"Unknown"
"7014854",371863,2025-08-07 14:24:02,43.0474014282227,-9.30051040649414,"Unknown"
"7014854",371863,2025-08-07 14:29:02,43.0474052429199,-9.30048942565918,"Unknown"
"7014854",371863,2025-08-07 14:34:02,43.0474166870117,-9.3005313873291,"Unknown"
"7014854",371863,2025-08-07 14:39:02,43.0474319458008,-9.30044746398926,"Unknown"
"7014854",371863,2025-08-07 14:44:02,43.0474395751953,-9.30050277709961,"Unknown"
"7014854",371863,2025-08-07 14:49:02,43.0474014282227,-9.30044746398926,"Unknown"
"7014854",371863,2025-08-07 14:54:02,43.0474281311035,-9.30048084259033,"Unknown"
"7014854",371863,2025-08-07 14:59:02,43.0474166870117,-9.30050182342529,"Unknown"
"7014854",371863,2025-08-07 15:04:02,43.0474586486816,-9.30058288574219,"Unknown"
"7014854",371863,2025-08-07 15:09:08,43.04736328125,-9.30039978027344,"Unknown"
"7014854",371863,2025-08-07 15:14:03,43.0473937988281,-9.30051517486572,"Unknown"
"7014854",371863,2025-08-07 15:19:14,43.0473823547363,-9.30046272277832,"Unknown"
"7014854",371863,2025-08-07 15:24:09,43.0474128723145,-9.30045223236084,"Unknown"
"7014854",371863,2025-08-07 15:29:12,43.0473442077637,-9.30039691925049,"Unknown"
"7014854",371863,2025-08-07 15:34:03,43.0473175048828,-9.30036926269531,"Unknown"
"7014854",371863,2025-08-07 15:39:02,43.0473136901855,-9.30037403106689,"Unknown"
"7014854",371863,2025-08-07 15:44:04,43.0474166870117,-9.30057239532471,"Unknown"
"7014854",371863,2025-08-07 15:49:14,43.0473327636719,-9.30035209655762,"Unknown"
"7014854",371863,2025-08-07 15:54:08,43.0473098754883,-9.30027389526367,"Unknown"
"7014854",371863,2025-08-07 15:59:35,43.0473709106445,-9.30044364929199,"Unknown"
"7014854",371863,2025-08-07 16:04:02,43.0473976135254,-9.30044937133789,"Unknown"
"7014854",371863,2025-08-07 16:09:02,43.047420501709,-9.30049514770508,"Unknown"
"7014854",371863,2025-08-07 16:14:02,43.0474433898926,-9.30042457580566,"Unknown"
"7014854",371863,2025-08-07 16:19:02,43.0473899841309,-9.3004093170166,"Unknown"
"7014854",371863,2025-08-07 16:24:02,43.0473976135254,-9.3004264831543,"Unknown"
"7014854",371863,2025-08-07 16:29:02,43.047420501709,-9.30037879943848,"Unknown"
"7014854",371863,2025-08-07 16:34:02,43.0473518371582,-9.3005256652832,"Unknown"
"7014854",371863,2025-08-07 16:39:02,43.0474014282227,-9.30039978027344,"Unknown"
"7014854",371863,2025-08-07 16:44:02,43.0474472045898,-9.30036449432373,"Unknown"
"7014854",371863,2025-08-07 16:49:02,43.0473175048828,-9.300461769104,"Unknown"
"7014854",371863,2025-08-07 16:54:02,43.0473518371582,-9.30047702789307,"Unknown"
"7014854",371863,2025-08-07 16:59:03,43.0473442077637,-9.30055904388428,"Unknown"
"7014854",371863,2025-08-07 17:04:02,43.0473365783691,-9.30053520202637,"Unknown"
"7014854",371863,2025-08-07 17:09:02,43.0473327636719,-9.30062103271484,"Unknown"
"7014854",371863,2025-08-07 17:14:03,43.0473899841309,-9.30042362213135,"Unknown"
"7014854",371863,2025-08-07 17:19:08,43.0473518371582,-9.30047702789307,"Unknown"
"7014854",371863,2025-08-07 17:24:12,43.0473594665527,-9.30051231384277,"Unknown"
"7014854",371863,2025-08-07 17:29:07,43.047420501709,-9.30055046081543,"Unknown"
"7014854",371863,2025-08-07 17:34:09,43.0475006103516,-9.30073738098145,"Unknown"
"7014854",371863,2025-08-07 17:39:14,43.0474472045898,-9.30057239532471,"Unknown"
"7014854",371863,2025-08-07 17:44:35,43.0474014282227,-9.30046939849854,"Unknown"
"7014854",371863,2025-08-07 17:49:02,43.0473899841309,-9.30045986175537,"Unknown"
"7014854",371863,2025-08-07 17:54:02,43.0474166870117,-9.30055141448975,"Unknown"
"7014854",371863,2025-08-07 17:59:02,43.0474166870117,-9.3004674911499,"Unknown"
"7014854",371863,2025-08-07 18:04:02,43.047420501709,-9.30050754547119,"Unknown"
"7014854",371863,2025-08-07 18:09:03,43.047420501709,-9.30053615570068,"Unknown"
"7014854",371863,2025-08-07 18:14:03,43.0474281311035,-9.30057239532471,"Unknown"
"7014854",371863,2025-08-07 18:19:02,43.0474166870117,-9.30051040649414,"Unknown"
"7014854",371863,2025-08-07 18:24:03,43.0473899841309,-9.30052089691162,"Unknown"
"7014854",371863,2025-08-07 18:29:02,43.0473709106445,-9.30050659179688,"Unknown"
"7014854",371863,2025-08-07 18:34:14,43.0474090576172,-9.30045986175537,"Unknown"
"7014854",371863,2025-08-07 18:39:02,43.0473861694336,-9.30047225952148,"Unknown"
"7014854",371863,2025-08-07 18:44:02,43.0473823547363,-9.30055046081543,"Unknown"
"7014854",371863,2025-08-07 18:49:02,43.0473594665527,-9.30051136016846,"Unknown"
"7014854",371863,2025-08-07 18:54:02,43.0472640991211,-9.30025672912598,"Unknown"
"7014854",371863,2025-08-07 18:59:03,43.0473365783691,-9.30040550231934,"Unknown"
"7014854",371863,2025-08-07 19:04:03,43.0472946166992,-9.30032634735107,"Unknown"
"7014854",371863,2025-08-07 19:09:03,43.0472717285156,-9.30026340484619,"Unknown"
"7014854",371863,2025-08-07 19:14:06,43.0474052429199,-9.3004150390625,"Unknown"
"7014854",371863,2025-08-07 19:19:03,43.0473480224609,-9.30032157897949,"Unknown"
"7014854",371863,2025-08-07 19:24:03,43.0473403930664,-9.3003101348877,"Unknown"
"7014854",371863,2025-08-07 19:29:03,43.0473937988281,-9.30031108856201,"Unknown"
"7014854",371863,2025-08-07 19:34:14,43.0474052429199,-9.30039596557617,"Unknown"
"7014854",371863,2025-08-07 19:39:03,43.0473403930664,-9.30022811889648,"Unknown"
"7014854",371863,2025-08-07 19:44:09,43.04736328125,-9.30057048797607,"Unknown"
"7014854",371863,2025-08-07 19:49:09,43.0473480224609,-9.30056667327881,"Unknown"
"7014854",371863,2025-08-07 19:54:09,43.0472831726074,-9.30058765411377,"Unknown"
"7014854",371863,2025-08-07 19:59:09,43.0473747253418,-9.30042171478271,"Unknown"
"7014854",371863,2025-08-07 20:04:09,43.04736328125,-9.30051231384277,"Unknown"
"7014854",371863,2025-08-07 20:09:09,43.0473709106445,-9.30036926269531,"Unknown"
"7014854",371863,2025-08-07 20:14:09,43.0474319458008,-9.30032634735107,"Unknown"
"7014854",371863,2025-08-07 20:19:09,43.0473327636719,-9.30037689208984,"Unknown"
"7014854",371863,2025-08-07 20:24:09,43.0473556518555,-9.30037403106689,"Unknown"
"7014854",371863,2025-08-07 20:29:09,43.0474281311035,-9.30036640167236,"Unknown"
"7014854",371863,2025-08-07 20:34:14,43.0473442077637,-9.30018997192383,"Unknown"
"7014854",371863,2025-08-07 20:39:10,43.0474090576172,-9.30032825469971,"Unknown"
"7014854",371863,2025-08-07 20:44:09,43.0473213195801,-9.30021667480469,"Unknown"
"7014854",371863,2025-08-07 20:49:10,43.0474700927734,-9.30025577545166,"Unknown"
"7014854",371863,2025-08-07 20:54:08,43.0474700927734,-9.30029964447021,"Unknown"
"7014854",371863,2025-08-07 20:59:08,43.0474243164062,-9.30033588409424,"Unknown"
"7014854",371863,2025-08-07 21:04:08,43.0474395751953,-9.30036067962646,"Unknown"
"7014854",371863,2025-08-07 21:09:08,43.0474700927734,-9.30029487609863,"Unknown"
"7014854",371863,2025-08-07 21:14:08,43.047492980957,-9.30028533935547,"Unknown"
"7014854",371863,2025-08-07 21:19:09,43.0474815368652,-9.30029010772705,"Unknown"
"7014854",371863,2025-08-07 21:24:09,43.0474815368652,-9.30025768280029,"Unknown"
"7014854",371863,2025-08-07 21:29:09,43.0474281311035,-9.30028343200684,"Unknown"
"7014854",371863,2025-08-07 21:34:15,43.0472373962402,-9.30030822753906,"Unknown"
"7014854",371863,2025-08-07 21:39:09,43.0473785400391,-9.30036354064941,"Unknown"
"7014854",371863,2025-08-07 21:44:31,43.0474967956543,-9.30039310455322,"Unknown"
"7014854",371863,2025-08-07 21:49:02,43.0475273132324,-9.30057334899902,"Unknown"
"7014854",371863,2025-08-07 21:54:02,43.0474739074707,-9.30048274993896,"Unknown"
"7014854",371863,2025-08-07 21:59:02,43.0475044250488,-9.30045509338379,"Unknown"
"7014854",371863,2025-08-07 22:04:03,43.0475044250488,-9.30046653747559,"Unknown"
"7014854",371863,2025-08-07 22:09:02,43.0474472045898,-9.3004903793335,"Unknown"
"7014854",371863,2025-08-07 22:14:02,43.0474739074707,-9.30049228668213,"Unknown"
"7014854",371863,2025-08-07 22:19:03,43.0472068786621,-9.30046558380127,"Unknown"
"7014854",371863,2025-08-07 22:24:03,43.0474548339844,-9.30075359344482,"Unknown"
"7014854",371863,2025-08-07 22:29:04,43.0473442077637,-9.30045413970947,"Unknown"
"7014854",371863,2025-08-07 22:34:06,43.0473899841309,-9.30044841766357,"Unknown"
"7014854",371863,2025-08-07 22:39:03,43.0472946166992,-9.30039882659912,"Unknown"
"7014854",371863,2025-08-07 22:44:03,43.0472221374512,-9.30036163330078,"Unknown"
"7014854",371863,2025-08-07 22:49:04,43.0472793579102,-9.30032348632812,"Unknown"
"7014854",371863,2025-08-07 22:54:03,43.0472564697266,-9.30027484893799,"Unknown"
"7014854",371863,2025-08-07 22:59:03,43.0471801757812,-9.300217628479,"Unknown"
"7014854",371863,2025-08-07 23:04:03,43.0471572875977,-9.30019474029541,"Unknown"
"7014854",371863,2025-08-07 23:09:03,43.0471343994141,-9.30018329620361,"Unknown"
"7014854",371863,2025-08-07 23:14:03,43.0472564697266,-9.30023002624512,"Unknown"
"7014854",371863,2025-08-07 23:19:09,43.0471611022949,-9.30016040802002,"Unknown"
"7014854",371863,2025-08-07 23:24:09,43.0471687316895,-9.30019855499268,"Unknown"
"7014854",371863,2025-08-07 23:29:08,43.0471801757812,-9.30021381378174,"Unknown"
"7014854",371863,2025-08-07 23:34:14,43.0472564697266,-9.30027770996094,"Unknown"
"7014854",371863,2025-08-07 23:39:03,43.0473327636719,-9.30026054382324,"Unknown"
"7014854",371863,2025-08-07 23:44:04,43.0473442077637,-9.30026340484619,"Unknown"
"7014854",371863,2025-08-07 23:49:04,43.0473556518555,-9.30028343200684,"Unknown"
"7014854",371863,2025-08-07 23:54:04,43.0473747253418,-9.30033874511719,"Unknown"
"7014854",371863,2025-08-07 23:59:09,43.0473594665527,-9.30033111572266,"Unknown"
"7014854",371863,2025-08-08 00:04:09,43.0473861694336,-9.30037593841553,"Unknown"
"7014854",371863,2025-08-08 00:09:09,43.0474510192871,-9.30038070678711,"Unknown"
"7014854",371863,2025-08-08 00:14:03,43.0474510192871,-9.30049991607666,"Unknown"
"7014854",371863,2025-08-08 00:19:14,43.0472030639648,-9.30012512207031,"Unknown"
"7014854",371863,2025-08-08 00:24:06,43.0472831726074,-9.30018138885498,"Unknown"
"7014854",371863,2025-08-08 00:29:06,43.0473480224609,-9.30027008056641,"Unknown"
"7014854",371863,2025-08-08 00:34:06,43.047233581543,-9.30004978179932,"Unknown"
"7014854",371863,2025-08-08 00:39:08,43.0473213195801,-9.30023765563965,"Unknown"
"7014854",371863,2025-08-08 00:44:09,43.0472946166992,-9.30011940002441,"Unknown"
"7014854",371863,2025-08-08 00:49:35,43.047435760498,-9.30046939849854,"Unknown"
"7014854",371863,2025-08-08 00:54:02,43.0473594665527,-9.30056953430176,"Unknown"
"7014854",371863,2025-08-08 00:59:02,43.0473670959473,-9.30056762695312,"Unknown"
"7014854",371863,2025-08-08 01:04:02,43.0474586486816,-9.30052757263184,"Unknown"
"7014854",371863,2025-08-08 01:09:02,43.0474128723145,-9.30051326751709,"Unknown"
"7014854",371863,2025-08-08 01:14:02,43.0473899841309,-9.30053615570068,"Unknown"
"7014854",371863,2025-08-08 01:19:02,43.0474243164062,-9.30056667327881,"Unknown"
"7014854",371863,2025-08-08 01:24:02,43.0474128723145,-9.30054187774658,"Unknown"
"7014854",371863,2025-08-08 01:29:02,43.0473937988281,-9.30056953430176,"Unknown"
"7014854",371863,2025-08-08 01:34:02,43.047420501709,-9.30052375793457,"Unknown"
"7014854",371863,2025-08-08 01:39:02,43.0473709106445,-9.30042171478271,"Unknown"
"7014854",371863,2025-08-08 01:44:02,43.0473976135254,-9.3005895614624,"Unknown"
"7014854",371863,2025-08-08 01:49:03,43.0473976135254,-9.30057907104492,"Unknown"
"7014854",371863,2025-08-08 01:54:14,43.0473976135254,-9.30055809020996,"Unknown"
"7014854",371863,2025-08-08 01:59:06,43.0473480224609,-9.30053615570068,"Unknown"
"7014854",371863,2025-08-08 02:04:13,43.0473518371582,-9.30052089691162,"Unknown"
"7014854",371863,2025-08-08 02:09:06,43.0473785400391,-9.3005542755127,"Unknown"
"7014854",371863,2025-08-08 02:14:35,43.0473403930664,-9.30049419403076,"Unknown"
"7014854",371863,2025-08-08 02:19:02,43.0473823547363,-9.30047225952148,"Unknown"
"7014854",371863,2025-08-08 02:24:02,43.0473289489746,-9.30046939849854,"Unknown"
"7014854",371863,2025-08-08 02:29:02,43.0473213195801,-9.30050659179688,"Unknown"
"7014854",371863,2025-08-08 02:34:02,43.0473175048828,-9.30043601989746,"Unknown"
"7014854",371863,2025-08-08 02:39:35,43.0473480224609,-9.30051422119141,"Unknown"
"7014854",371863,2025-08-08 02:44:02,43.0472984313965,-9.30041885375977,"Unknown"
"7014854",371863,2025-08-08 02:49:02,43.0473709106445,-9.30049610137939,"Unknown"
"7014854",371863,2025-08-08 02:54:02,43.0473175048828,-9.3004150390625,"Unknown"
"7014854",371863,2025-08-08 02:59:03,43.0473175048828,-9.30044364929199,"Unknown"
"7014854",371863,2025-08-08 03:04:03,43.0471343994141,-9.30020904541016,"Unknown"
"7014854",371863,2025-08-08 03:09:05,43.0475387573242,-9.30067253112793,"Unknown"
"7014854",371863,2025-08-08 03:14:05,43.0476531982422,-9.30078792572021,"Unknown"
"7014854",371863,2025-08-08 03:19:03,43.0475845336914,-9.30069351196289,"Unknown"
"7014854",371863,2025-08-08 03:24:04,43.0475654602051,-9.30073070526123,"Unknown"
"7014854",371863,2025-08-08 03:29:12,43.0474433898926,-9.30050849914551,"Unknown"
"7014854",371863,2025-08-08 03:34:35,43.0474586486816,-9.30050373077393,"Unknown"
"7014854",371863,2025-08-08 03:39:02,43.0474128723145,-9.3005485534668,"Unknown"
"7014854",371863,2025-08-08 03:44:02,43.0474433898926,-9.30047798156738,"Unknown"
"7014854",371863,2025-08-08 03:49:02,43.047435760498,-9.30051708221436,"Unknown"
"7014854",371863,2025-08-08 03:54:02,43.0474090576172,-9.30050086975098,"Unknown"
"7014854",371863,2025-08-08 03:59:02,43.0473823547363,-9.30053234100342,"Unknown"
"7014854",371863,2025-08-08 04:04:02,43.0474166870117,-9.30049133300781,"Unknown"
"7014854",371863,2025-08-08 04:09:02,43.0474395751953,-9.3004846572876,"Unknown"
"7014854",371863,2025-08-08 04:14:02,43.0473937988281,-9.30047988891602,"Unknown"
"7014854",371863,2025-08-08 04:19:02,43.0473976135254,-9.30043697357178,"Unknown"
"7014854",371863,2025-08-08 04:24:03,43.0473594665527,-9.30046081542969,"Unknown"
"7014854",371863,2025-08-08 04:29:03,43.0473175048828,-9.30055999755859,"Unknown"
"7014854",371863,2025-08-08 04:34:02,43.0473251342773,-9.30048370361328,"Unknown"
"7014854",371863,2025-08-08 04:39:03,43.047477722168,-9.30024719238281,"Unknown"
"7014854",371863,2025-08-08 04:44:03,43.0474586486816,-9.30030059814453,"Unknown"
"7014854",371863,2025-08-08 04:49:02,43.0474472045898,-9.30013370513916,"Unknown"
"7014854",371863,2025-08-08 04:54:03,43.0475234985352,-9.30038833618164,"Unknown"
"7014854",371863,2025-08-08 04:59:03,43.0475311279297,-9.30032348632812,"Unknown"
"7014854",371863,2025-08-08 05:04:03,43.0474739074707,-9.30034446716309,"Unknown"
"7014854",371863,2025-08-08 05:09:03,43.0473175048828,-9.30019474029541,"Unknown"
"7014854",371863,2025-08-08 05:14:04,43.0469703674316,-9.29952239990234,"Unknown"
"7014854",371863,2025-08-08 05:19:05,43.0468978881836,-9.29945850372314,"Unknown"
"7014854",371863,2025-08-08 05:24:05,43.0467414855957,-9.29899406433105,"Unknown"
"7014854",371863,2025-08-08 05:29:05,43.0467224121094,-9.29898262023926,"Unknown"
"7014854",371863,2025-08-08 05:34:05,43.0466156005859,-9.2987642288208,"Unknown"
"7014854",371863,2025-08-08 05:39:05,43.0466804504395,-9.29888439178467,"Unknown"
"7014854",371863,2025-08-08 05:44:06,43.0466575622559,-9.29883003234863,"Unknown"
"7014854",371863,2025-08-08 05:49:05,43.046703338623,-9.29893016815186,"Unknown"
"7014854",371863,2025-08-08 05:54:05,43.0465431213379,-9.29861354827881,"Unknown"
"7014854",371863,2025-08-08 05:59:05,43.0464286804199,-9.29826354980469,"Unknown"
"7014854",371863,2025-08-08 06:04:05,43.0465393066406,-9.29850387573242,"Unknown"
"7014854",371863,2025-08-08 06:09:04,43.0464859008789,-9.29830455780029,"Unknown"
"7014854",371863,2025-08-08 06:14:05,43.047004699707,-9.29974174499512,"Unknown"
"7014854",371863,2025-08-08 06:19:05,43.0473747253418,-9.30072689056396,"Unknown"
"7014854",371863,2025-08-08 06:24:06,43.0473747253418,-9.30071258544922,"Unknown"
"7014854",371863,2025-08-08 06:29:03,43.0473365783691,-9.30069160461426,"Unknown"
"7014854",371863,2025-08-08 06:34:07,43.0473556518555,-9.30077266693115,"Unknown"
"7014854",371863,2025-08-08 06:39:12,43.0471992492676,-9.30073642730713,"Unknown"
"7014854",371863,2025-08-08 06:44:09,43.0472412109375,-9.30073738098145,"Unknown"
"7014854",371863,2025-08-08 06:49:06,43.047233581543,-9.300705909729,"Unknown"
"7014854",371863,2025-08-08 06:54:04,43.047046661377,-9.30075073242188,"Unknown"
"7014854",371863,2025-08-08 06:59:04,43.0471343994141,-9.30064582824707,"Unknown"
"7014854",371863,2025-08-08 07:04:04,43.0470809936523,-9.30064392089844,"Unknown"
"7014854",371863,2025-08-08 07:09:04,43.0471954345703,-9.30059432983398,"Unknown"
"7014854",371863,2025-08-08 07:14:06,43.047477722168,-9.30055522918701,"Unknown"
"7014854",371863,2025-08-08 07:19:04,43.0475196838379,-9.30060386657715,"Unknown"
"7014854",371863,2025-08-08 07:24:04,43.0475425720215,-9.30051231384277,"Unknown"
"7014854",371863,2025-08-08 07:29:03,43.0475425720215,-9.30050086975098,"Unknown"
"7014854",371863,2025-08-08 07:34:03,43.047534942627,-9.30052185058594,"Unknown"
"7014854",371863,2025-08-08 07:39:04,43.047534942627,-9.30048751831055,"Unknown"
"7014854",371863,2025-08-08 07:44:04,43.0475425720215,-9.30053234100342,"Unknown"
"7014854",371863,2025-08-08 07:49:04,43.0475158691406,-9.30045509338379,"Unknown"
"7014854",371863,2025-08-08 07:54:03,43.047737121582,-9.3004207611084,"Unknown"
"7014854",371863,2025-08-08 07:59:05,43.0475883483887,-9.30104541778564,"Unknown"
"7014854",371863,2025-08-08 08:04:04,43.0475883483887,-9.30073833465576,"Unknown"
"7014854",371863,2025-08-08 08:09:05,43.0476531982422,-9.30135917663574,"Unknown"
"7014854",371863,2025-08-08 08:14:04,43.0476608276367,-9.30161190032959,"Unknown"
"7014854",371863,2025-08-08 08:19:05,43.0476493835449,-9.30144214630127,"Unknown"
"7014854",371863,2025-08-08 08:24:05,43.0476226806641,-9.3012113571167,"Unknown"
"7014854",371863,2025-08-08 08:29:05,43.0476264953613,-9.30115222930908,"Unknown"
"7014854",371863,2025-08-08 08:34:05,43.0476303100586,-9.30118274688721,"Unknown"
"7014854",371863,2025-08-08 08:39:05,43.0476150512695,-9.30118465423584,"Unknown"
"7014854",371863,2025-08-08 08:44:05,43.0476150512695,-9.30098533630371,"Unknown"
"7014854",371863,2025-08-08 08:49:05,43.0475997924805,-9.30094051361084,"Unknown"
"7014854",371863,2025-08-08 08:54:05,43.0476341247559,-9.30103302001953,"Unknown"
"7014854",371863,2025-08-08 08:59:05,43.0476570129395,-9.30102062225342,"Unknown"
"7014854",371863,2025-08-08 09:04:06,43.0475044250488,-9.30054950714111,"Unknown"
"7014854",371863,2025-08-08 09:09:07,43.0474967956543,-9.30056667327881,"Unknown"
"7014854",371863,2025-08-08 09:14:08,43.0474891662598,-9.30055522918701,"Unknown"
"7014854",371863,2025-08-08 09:19:09,43.0474700927734,-9.30059719085693,"Unknown"
"7014854",371863,2025-08-08 09:24:11,43.0474052429199,-9.3003396987915,"Unknown"
"7014854",371863,2025-08-08 09:29:07,43.04736328125,-9.30030632019043,"Unknown"
"7014854",371863,2025-08-08 09:34:08,43.0473022460938,-9.30026531219482,"Unknown"
"7014854",371863,2025-08-08 09:39:04,43.047290802002,-9.30033016204834,"Unknown"
"7014854",371863,2025-08-08 09:44:06,43.0473365783691,-9.30038738250732,"Unknown"
"7014854",371863,2025-08-08 09:49:15,43.0473670959473,-9.30022430419922,"Unknown"
"7014854",371863,2025-08-08 09:54:04,43.0472450256348,-9.30055904388428,"Unknown"
"7014854",371863,2025-08-08 09:59:04,43.0470848083496,-9.30082607269287,"Unknown"
"7014854",371863,2025-08-08 10:04:04,43.0473518371582,-9.3004150390625,"Unknown"
"7014854",371863,2025-08-08 10:09:04,43.0474243164062,-9.30031585693359,"Unknown"
"7014854",371863,2025-08-08 10:14:03,43.0473098754883,-9.30083560943604,"Unknown"
"7014854",371863,2025-08-08 10:19:03,43.0472869873047,-9.3008394241333,"Unknown"
"7014854",371863,2025-08-08 10:24:03,43.0473785400391,-9.30034065246582,"Unknown"
"7014854",371863,2025-08-08 10:29:03,43.0475578308105,-9.29991626739502,"Unknown"
"7014854",371863,2025-08-08 10:34:04,43.0474815368652,-9.30024909973145,"Unknown"
"7014854",371863,2025-08-08 10:39:04,43.047477722168,-9.30026531219482,"Unknown"
"7014854",371863,2025-08-08 10:44:03,43.0474586486816,-9.30025482177734,"Unknown"
"7014854",371863,2025-08-08 10:49:04,43.0475006103516,-9.30031108856201,"Unknown"
"7014854",371863,2025-08-08 10:54:07,43.0474510192871,-9.30028533935547,"Unknown"
"7014854",371863,2025-08-08 10:59:04,43.0474891662598,-9.30029964447021,"Unknown"
"7014854",371863,2025-08-08 11:04:06,43.0474128723145,-9.3002872467041,"Unknown"
"7014854",371863,2025-08-08 11:09:04,43.0474281311035,-9.30030155181885,"Unknown"
"7014854",371863,2025-08-08 11:14:04,43.0474395751953,-9.3002462387085,"Unknown"
"7014854",371863,2025-08-08 11:19:06,43.0473518371582,-9.30026245117188,"Unknown"
"7014854",371863,2025-08-08 11:24:04,43.0473403930664,-9.30029678344727,"Unknown"
"7014854",371863,2025-08-08 11:29:04,43.0473518371582,-9.30025577545166,"Unknown"
"7014854",371863,2025-08-08 11:34:04,43.0473213195801,-9.30030155181885,"Unknown"
"7014854",371863,2025-08-08 11:39:04,43.0473136901855,-9.30021953582764,"Unknown"
"7014854",371863,2025-08-08 11:44:06,43.0472564697266,-9.30018901824951,"Unknown"
"7014854",371863,2025-08-08 11:49:07,43.047290802002,-9.30022621154785,"Unknown"
"7014854",371863,2025-08-08 11:54:07,43.0472640991211,-9.30020618438721,"Unknown"
"7014854",371863,2025-08-08 11:59:10,43.0473861694336,-9.30025386810303,"Unknown"
"7014854",371863,2025-08-08 12:04:03,43.0473709106445,-9.30025005340576,"Unknown"
"7014854",371863,2025-08-08 12:09:03,43.0473785400391,-9.30026149749756,"Unknown"
"7014854",371863,2025-08-08 12:14:03,43.0474052429199,-9.30030822753906,"Unknown"
"7014854",371863,2025-08-08 12:19:03,43.0473709106445,-9.30036735534668,"Unknown"
"7014854",371863,2025-08-08 12:24:03,43.047435760498,-9.3004093170166,"Unknown"
"7014854",371863,2025-08-08 12:29:04,43.0473899841309,-9.30041217803955,"Unknown"
"7014854",371863,2025-08-08 12:34:03,43.047492980957,-9.30044555664062,"Unknown"
"7014854",371863,2025-08-08 12:39:03,43.0474739074707,-9.30050563812256,"Unknown"
"7014854",371863,2025-08-08 12:44:03,43.047477722168,-9.30059719085693,"Unknown"
"7014854",371863,2025-08-08 12:49:06,43.0476684570312,-9.30040740966797,"Unknown"
"7014854",371863,2025-08-08 12:54:03,43.0476226806641,-9.30045890808105,"Unknown"
"7014854",371863,2025-08-08 12:59:06,43.0476264953613,-9.30044078826904,"Unknown"
"7014854",371863,2025-08-08 13:04:06,43.0476913452148,-9.30038261413574,"Unknown"
"7014854",371863,2025-08-08 13:09:06,43.0477752685547,-9.3004207611084,"Unknown"
"7014854",371863,2025-08-08 13:14:06,43.0476989746094,-9.30046272277832,"Unknown"
"7014854",371863,2025-08-08 13:19:04,43.0478477478027,-9.30043888092041,"Unknown"
"7014854",371863,2025-08-08 13:24:04,43.0478096008301,-9.30055999755859,"Unknown"
"7014854",371863,2025-08-08 13:29:04,43.0476570129395,-9.30063629150391,"Unknown"
"7014854",371863,2025-08-08 13:34:04,43.0477867126465,-9.30063247680664,"Unknown"
"7014854",371863,2025-08-08 13:39:04,43.0477714538574,-9.30063629150391,"Unknown"
"7014854",371863,2025-08-08 13:44:04,43.0477600097656,-9.30064582824707,"Unknown"
"7014854",371863,2025-08-08 13:49:04,43.0477638244629,-9.3007173538208,"Unknown"
"7014854",371863,2025-08-08 13:54:04,43.0477600097656,-9.30072116851807,"Unknown"
"7014854",371863,2025-08-08 13:59:04,43.0477142333984,-9.30070400238037,"Unknown"
"7014854",371863,2025-08-08 14:04:04,43.0476608276367,-9.30066013336182,"Unknown"
"7014854",371863,2025-08-08 14:09:05,43.0475158691406,-9.30061721801758,"Unknown"
"7014854",371863,2025-08-08 14:14:04,43.0477409362793,-9.30081462860107,"Unknown"
"7014854",371863,2025-08-08 14:19:04,43.0476379394531,-9.30065822601318,"Unknown"
"7014854",371863,2025-08-08 14:24:04,43.0475006103516,-9.30058288574219,"Unknown"
"7014854",371863,2025-08-08 14:29:15,43.0478096008301,-9.30096340179443,"Unknown"
"7014854",371863,2025-08-08 14:34:04,43.0475273132324,-9.3005313873291,"Unknown"
"7014854",371863,2025-08-08 14:39:04,43.0474815368652,-9.30049514770508,"Unknown"
"7014854",371863,2025-08-08 14:44:06,43.0473747253418,-9.3003101348877,"Unknown"
"7014854",371863,2025-08-08 14:49:04,43.0474662780762,-9.30048942565918,"Unknown"
"7014854",371863,2025-08-08 14:54:04,43.0474853515625,-9.30048084259033,"Unknown"
"7014854",371863,2025-08-08 14:59:04,43.0474739074707,-9.30042362213135,"Unknown"
"7014854",371863,2025-08-08 15:04:05,43.0474510192871,-9.30036926269531,"Unknown"
"7014854",371863,2025-08-08 15:09:04,43.0474319458008,-9.30040836334229,"Unknown"
"7014854",371863,2025-08-08 15:14:04,43.0476417541504,-9.30054950714111,"Unknown"
"7014854",371863,2025-08-08 15:19:04,43.0476837158203,-9.30060386657715,"Unknown"
"7014854",371863,2025-08-08 15:24:04,43.0474548339844,-9.30035209655762,"Unknown"
"7014854",371863,2025-08-08 15:29:04,43.0474624633789,-9.30033683776855,"Unknown"
"7014854",371863,2025-08-08 15:34:04,43.047477722168,-9.30036354064941,"Unknown"
"7014854",371863,2025-08-08 15:39:04,43.0475997924805,-9.30053234100342,"Unknown"
"7014854",371863,2025-08-08 15:44:04,43.0475997924805,-9.30049800872803,"Unknown"
"7014854",371863,2025-08-08 15:49:04,43.0476875305176,-9.30054759979248,"Unknown"
"7014854",371863,2025-08-08 15:54:04,43.0476875305176,-9.30054473876953,"Unknown"
"7014854",371863,2025-08-08 15:59:04,43.047664642334,-9.30051898956299,"Unknown"
"7014854",371863,2025-08-08 16:04:04,43.0468482971191,-9.30100345611572,"Unknown"
"7014854",371863,2025-08-08 16:09:12,43.0476493835449,-9.30025577545166,"Unknown"
"7014854",371863,2025-08-08 16:14:03,43.0474586486816,-9.30051326751709,"Unknown"
"7014854",371863,2025-08-08 16:19:03,43.0472602844238,-9.30064582824707,"Unknown"
"7014854",371863,2025-08-08 16:24:03,43.047477722168,-9.30045795440674,"Unknown"
"7014854",371863,2025-08-08 16:29:03,43.0476531982422,-9.30038642883301,"Unknown"
"7014854",371863,2025-08-08 16:34:03,43.0475654602051,-9.30037212371826,"Unknown"
"7014854",371863,2025-08-08 16:39:03,43.0475044250488,-9.30023002624512,"Unknown"
"7014854",371863,2025-08-08 16:44:03,43.0475006103516,-9.30025386810303,"Unknown"
"7014854",371863,2025-08-08 16:49:04,43.0479545593262,-9.30014228820801,"Unknown"
"7014854",371863,2025-08-08 16:54:04,43.0479888916016,-9.30037593841553,"Unknown"
"7014854",371863,2025-08-08 16:59:04,43.047966003418,-9.30033397674561,"Unknown"
"7014854",371863,2025-08-08 17:09:04,43.047737121582,-9.30071067810059,"Unknown"
"7014854",371863,2025-08-08 17:14:04,43.0477714538574,-9.30067539215088,"Unknown"
"7014854",371863,2025-08-08 17:19:04,43.0477333068848,-9.3006534576416,"Unknown"
"7014854",371863,2025-08-08 17:29:04,43.047664642334,-9.30084323883057,"Unknown"
"7014854",371863,2025-08-08 17:39:04,43.0476684570312,-9.30080223083496,"Unknown"
"7014854",371863,2025-08-08 17:49:06,43.0474739074707,-9.30035877227783,"Unknown"
"7014854",371863,2025-08-08 17:59:06,43.0474395751953,-9.30019664764404,"Unknown"
"7014854",371863,2025-08-08 18:09:04,43.0476913452148,-9.30075740814209,"Unknown"
"7014854",371863,2025-08-08 18:19:04,43.0474472045898,-9.30039310455322,"Unknown"
"7014854",371863,2025-08-08 18:29:04,43.0477561950684,-9.30080795288086,"Unknown"
"7014854",371863,2025-08-08 18:34:04,43.0476608276367,-9.30069923400879,"Unknown"
"7014854",371863,2025-08-08 18:44:04,43.0474243164062,-9.30027389526367,"Unknown"
"7014854",371863,2025-08-08 18:49:04,43.0474586486816,-9.30030155181885,"Unknown"
"7014854",371863,2025-08-08 18:59:04,43.0479393005371,-9.30014610290527,"Unknown"
"7014854",371863,2025-08-08 19:04:04,43.0480766296387,-9.29992294311523,"Unknown"
"7014854",371863,2025-08-08 19:14:04,43.0480194091797,-9.30023670196533,"Unknown"
"7014854",371863,2025-08-08 19:24:04,43.0481033325195,-9.30000782012939,"Unknown"
"7014854",371863,2025-08-08 19:34:03,43.0480690002441,-9.29995441436768,"Unknown"
"7014854",371863,2025-08-08 19:44:03,43.0479965209961,-9.30004596710205,"Unknown"
"7014854",371863,2025-08-08 19:49:03,43.0479583740234,-9.30010032653809,"Unknown"
"7014854",371863,2025-08-08 19:59:04,43.0476951599121,-9.30018520355225,"Unknown"
"7014854",371863,2025-08-08 20:09:04,43.0476760864258,-9.30026626586914,"Unknown"
"7014854",371863,2025-08-08 20:14:07,43.0477256774902,-9.30030536651611,"Unknown"
"7014854",371863,2025-08-08 20:24:06,43.0477447509766,-9.30045890808105,"Unknown"
"7014854",371863,2025-08-08 20:34:09,43.0477867126465,-9.30056858062744,"Unknown"
"7014854",371863,2025-08-08 20:44:09,43.0478172302246,-9.30060577392578,"Unknown"
"7014854",371863,2025-08-08 20:54:09,43.0478706359863,-9.30067825317383,"Unknown"
"7014854",371863,2025-08-08 21:04:09,43.0478668212891,-9.30065822601318,"Unknown"
"7014854",371863,2025-08-08 21:14:09,43.0478553771973,-9.3006477355957,"Unknown"
"7014854",371863,2025-08-08 21:24:09,43.0478782653809,-9.30067348480225,"Unknown"
"7014854",371863,2025-08-08 21:34:09,43.0478019714355,-9.30062580108643,"Unknown"
"7014854",371863,2025-08-08 21:44:09,43.047721862793,-9.30074691772461,"Unknown"
"7014854",371863,2025-08-08 21:54:04,43.0476455688477,-9.30086135864258,"Unknown"
"7014854",371863,2025-08-08 22:04:07,43.0475387573242,-9.30074119567871,"Unknown"
"7014854",371863,2025-08-08 22:14:04,43.0475311279297,-9.30076503753662,"Unknown"
"7014854",371863,2025-08-08 22:24:06,43.0475234985352,-9.30074501037598,"Unknown"
"7014854",371863,2025-08-08 22:34:04,43.0474853515625,-9.30059909820557,"Unknown"
"7014854",371863,2025-08-08 22:44:05,43.0475769042969,-9.29997730255127,"Unknown"
"7014854",371863,2025-08-08 22:54:10,43.0475425720215,-9.30033397674561,"Unknown"
"7014854",371863,2025-08-08 23:04:08,43.0475311279297,-9.30014705657959,"Unknown"
"7014854",371863,2025-08-08 23:14:09,43.0473861694336,-9.2999963760376,"Unknown"
"7014854",371863,2025-08-08 23:24:34,43.0474586486816,-9.30045986175537,"Unknown"
"7014854",371863,2025-08-08 23:34:02,43.0473785400391,-9.30044555664062,"Unknown"
"7014854",371863,2025-08-08 23:44:02,43.0473899841309,-9.30047702789307,"Unknown"
"7014854",371863,2025-08-08 23:54:02,43.0473747253418,-9.30044460296631,"Unknown"
"7014854",371863,2025-08-09 00:04:03,43.0473289489746,-9.30040168762207,"Unknown"
"7014854",371863,2025-08-09 00:14:03,43.047550201416,-9.30059719085693,"Unknown"
"7014854",371863,2025-08-09 00:24:04,43.0475425720215,-9.3006420135498,"Unknown"
"7014854",371863,2025-08-09 00:34:03,43.0474586486816,-9.30074501037598,"Unknown"
"7014854",371863,2025-08-09 00:44:05,43.0477333068848,-9.30081176757812,"Unknown"
"7014854",371863,2025-08-09 00:54:03,43.0475540161133,-9.30087280273438,"Unknown"
"7014854",371863,2025-08-09 01:04:03,43.0475463867188,-9.30088520050049,"Unknown"
"7014854",371863,2025-08-09 01:14:04,43.047534942627,-9.30085945129395,"Unknown"
"7014854",371863,2025-08-09 01:24:03,43.0474891662598,-9.30078983306885,"Unknown"
"7014854",371863,2025-08-09 01:34:03,43.0475120544434,-9.30084991455078,"Unknown"
"7014854",371863,2025-08-09 01:44:04,43.0474662780762,-9.30073356628418,"Unknown"
"7014854",371863,2025-08-09 01:54:04,43.047420501709,-9.30064868927002,"Unknown"
"7014854",371863,2025-08-09 02:04:04,43.0474281311035,-9.30057144165039,"Unknown"
"7014854",371863,2025-08-09 02:14:04,43.0473480224609,-9.30038452148438,"Unknown"
"7014854",371863,2025-08-09 02:24:04,43.04736328125,-9.30060291290283,"Unknown"
"7014854",371863,2025-08-09 02:34:04,43.047477722168,-9.3005952835083,"Unknown"
"7014854",371863,2025-08-09 02:44:10,43.047550201416,-9.30066967010498,"Unknown"
"7014854",371863,2025-08-09 02:54:04,43.0479354858398,-9.30017852783203,"Unknown"
"7014854",371863,2025-08-09 03:04:10,43.0476417541504,-9.30063629150391,"Unknown"
"7014854",371863,2025-08-09 03:14:06,43.0481414794922,-9.30016040802002,"Unknown"
"7014854",371863,2025-08-09 03:24:06,43.0480995178223,-9.30024909973145,"Unknown"
"7014854",371863,2025-08-09 03:34:05,43.0480766296387,-9.30011081695557,"Unknown"
"7014854",371863,2025-08-09 03:44:05,43.0480995178223,-9.30002307891846,"Unknown"
"7014854",371863,2025-08-09 03:54:05,43.0480537414551,-9.29996585845947,"Unknown"
"7014854",371863,2025-08-09 04:04:05,43.0480194091797,-9.29978084564209,"Unknown"
"7014854",371863,2025-08-09 04:14:06,43.0480575561523,-9.29962062835693,"Unknown"
"7014854",371863,2025-08-09 04:24:06,43.0480766296387,-9.29947853088379,"Unknown"
"7014854",371863,2025-08-09 04:34:06,43.0479774475098,-9.29955387115479,"Unknown"
"7014854",371863,2025-08-09 04:44:05,43.0479965209961,-9.29946136474609,"Unknown"
"7014854",371863,2025-08-09 04:54:05,43.047966003418,-9.29955196380615,"Unknown"
"7014854",371863,2025-08-09 05:04:09,43.0473976135254,-9.30025577545166,"Unknown"
"7014854",371863,2025-08-09 05:14:10,43.047492980957,-9.29934406280518,"Unknown"
"7014854",371863,2025-08-09 05:24:35,43.0474853515625,-9.30047130584717,"Unknown"
"7014854",371863,2025-08-09 05:34:02,43.0473861694336,-9.30048656463623,"Unknown"
"7014854",371863,2025-08-09 05:44:04,43.0473709106445,-9.30052089691162,"Unknown"
"7014854",371863,2025-08-09 05:54:02,43.047290802002,-9.30034637451172,"Unknown"
"7014854",371863,2025-08-09 06:04:02,43.0473136901855,-9.3004207611084,"Unknown"
"7014854",371863,2025-08-09 06:14:02,43.0473365783691,-9.30043792724609,"Unknown"
"7014854",371863,2025-08-09 06:24:04,43.0472030639648,-9.30016613006592,"Unknown"
"7014854",371863,2025-08-09 06:34:04,43.0473709106445,-9.30046463012695,"Unknown"
"7014854",371863,2025-08-09 06:44:05,43.0473937988281,-9.30056667327881,"Unknown"
"7014854",371863,2025-08-09 06:54:05,43.0471458435059,-9.30080509185791,"Unknown"
"7014854",371863,2025-08-09 07:04:06,43.0473937988281,-9.30063438415527,"Unknown"
"7014854",371863,2025-08-09 07:14:09,43.0473899841309,-9.30065059661865,"Unknown"
"7014854",371863,2025-08-09 07:24:12,43.0473289489746,-9.30086421966553,"Unknown"
"7014854",371863,2025-08-09 07:34:10,43.0473251342773,-9.3009672164917,"Unknown"
"7014854",371863,2025-08-09 07:44:10,43.0474281311035,-9.30043792724609,"Unknown"
"7014854",371863,2025-08-09 07:54:03,43.0474243164062,-9.3003396987915,"Unknown"
"7014854",371863,2025-08-09 08:04:03,43.0474586486816,-9.30042839050293,"Unknown"
"7014854",371863,2025-08-09 08:14:03,43.047534942627,-9.30027008056641,"Unknown"
"7014854",371863,2025-08-09 08:24:03,43.0476837158203,-9.30043888092041,"Unknown"
"7014854",371863,2025-08-09 08:34:14,43.0473899841309,-9.30030727386475,"Unknown"
"7014854",371863,2025-08-09 08:44:03,43.0471992492676,-9.30018138885498,"Unknown"
"7014854",371863,2025-08-09 08:54:07,43.0476264953613,-9.29968738555908,"Unknown"
"7014854",371863,2025-08-09 09:04:11,43.0477066040039,-9.29970836639404,"Unknown"
"7014854",371863,2025-08-09 09:14:09,43.0474472045898,-9.30035495758057,"Unknown"
"7014854",371863,2025-08-09 09:24:13,43.0474472045898,-9.300461769104,"Unknown"
"7014854",371863,2025-08-09 09:34:09,43.0474853515625,-9.30047225952148,"Unknown"
"7014854",371863,2025-08-09 09:44:06,43.0475196838379,-9.30047798156738,"Unknown"
"7014854",371863,2025-08-09 09:54:14,43.0475387573242,-9.30050849914551,"Unknown"
"7014854",371863,2025-08-09 10:04:09,43.0475692749023,-9.300368309021,"Unknown"
"7014854",371863,2025-08-09 10:14:33,43.0474395751953,-9.30046939849854,"Unknown"
"7014854",371863,2025-08-09 10:24:02,43.0473937988281,-9.30052757263184,"Unknown"
"7014854",371863,2025-08-09 10:34:02,43.0473976135254,-9.30046367645264,"Unknown"
"7014854",371863,2025-08-09 10:44:02,43.0473976135254,-9.30046939849854,"Unknown"
"7014854",371863,2025-08-09 10:54:02,43.04736328125,-9.30044174194336,"Unknown"
"7014854",371863,2025-08-09 11:04:02,43.04736328125,-9.30047512054443,"Unknown"
"7014854",371863,2025-08-09 11:14:03,43.0473861694336,-9.30051898956299,"Unknown"
"7014854",371863,2025-08-09 11:24:03,43.0473747253418,-9.30045413970947,"Unknown"
"7014854",371863,2025-08-09 11:34:03,43.0474662780762,-9.30047988891602,"Unknown"
"7014854",371863,2025-08-09 11:44:03,43.0474624633789,-9.30058479309082,"Unknown"
"7014854",371863,2025-08-09 11:54:07,43.0474510192871,-9.30053901672363,"Unknown"
"7014854",371863,2025-08-09 12:04:09,43.0474739074707,-9.30059432983398,"Unknown"
"7014854",371863,2025-08-09 12:14:03,43.0473213195801,-9.30043411254883,"Unknown"
"7014854",371863,2025-08-09 12:24:03,43.0473861694336,-9.30047798156738,"Unknown"
"7014854",371863,2025-08-09 12:34:04,43.047233581543,-9.30023002624512,"Unknown"
"7014854",371863,2025-08-09 12:44:08,43.0471382141113,-9.30012702941895,"Unknown"
"7014854",371863,2025-08-09 12:54:09,43.0472068786621,-9.30013656616211,"Unknown"
"7014854",371863,2025-08-09 13:04:08,43.0472793579102,-9.30014133453369,"Unknown"
"7014854",371863,2025-08-09 13:14:35,43.0473442077637,-9.30018711090088,"Unknown"
"7014854",371863,2025-08-09 13:24:02,43.0474166870117,-9.30044460296631,"Unknown"
"7014854",371863,2025-08-09 13:34:02,43.047420501709,-9.30043125152588,"Unknown"
"7014854",371863,2025-08-09 13:44:02,43.0474090576172,-9.3004732131958,"Unknown"
"7014854",371863,2025-08-09 13:54:03,43.047435760498,-9.30045890808105,"Unknown"
"7014854",371863,2025-08-09 14:04:03,43.0474014282227,-9.30046463012695,"Unknown"
"7014854",371863,2025-08-09 14:14:03,43.0473899841309,-9.3004322052002,"Unknown"
"7014854",371863,2025-08-09 14:24:03,43.0474319458008,-9.30053329467773,"Unknown"
"7014854",371863,2025-08-09 14:34:03,43.0473670959473,-9.30038166046143,"Unknown"
"7014854",371863,2025-08-09 14:44:04,43.0474052429199,-9.30042552947998,"Unknown"
"7014854",371863,2025-08-09 14:54:03,43.0474853515625,-9.30063343048096,"Unknown"
"7014854",371863,2025-08-09 15:04:07,43.0475196838379,-9.30067157745361,"Unknown"
"7014854",371863,2025-08-09 15:14:07,43.0474853515625,-9.30060482025146,"Unknown"
"7014854",371863,2025-08-09 15:24:05,43.0474281311035,-9.30049610137939,"Unknown"
"7014854",371863,2025-08-09 15:34:09,43.0474128723145,-9.30051136016846,"Unknown"
"7014854",371863,2025-08-09 15:44:15,43.0474243164062,-9.30049133300781,"Unknown"
"7014854",371863,2025-08-09 15:54:14,43.0474243164062,-9.300537109375,"Unknown"
"7014854",371863,2025-08-09 16:04:09,43.047420501709,-9.30049133300781,"Unknown"
"7014854",371863,2025-08-09 16:14:07,43.0473670959473,-9.30037117004395,"Unknown"
"7014854",371863,2025-08-09 16:24:09,43.0473556518555,-9.30021858215332,"Unknown"
"7014854",371863,2025-08-09 16:34:09,43.0473442077637,-9.30037593841553,"Unknown"
"7014854",371863,2025-08-09 16:44:21,43.0473442077637,-9.30070209503174,"Unknown"
"7014854",371863,2025-08-09 16:54:33,43.0473899841309,-9.30050563812256,"Unknown"
"7014854",371863,2025-08-09 17:04:02,43.0474052429199,-9.30064296722412,"Unknown"
"7014854",371863,2025-08-09 17:14:03,43.0473785400391,-9.30042552947998,"Unknown"
"7014854",371863,2025-08-09 17:24:03,43.0473976135254,-9.300461769104,"Unknown"
"7014854",371863,2025-08-09 17:34:04,43.0473861694336,-9.30044174194336,"Unknown"
"7014854",371863,2025-08-09 17:44:03,43.0473785400391,-9.30050182342529,"Unknown"
"7014854",371863,2025-08-09 17:54:04,43.0474319458008,-9.30058860778809,"Unknown"
"7014854",371863,2025-08-09 18:04:04,43.0474090576172,-9.30058097839355,"Unknown"
"7014854",371863,2025-08-09 18:14:04,43.0474166870117,-9.30056381225586,"Unknown"
"7014854",371863,2025-08-09 18:24:07,43.0474395751953,-9.30056381225586,"Unknown"
"7014854",371863,2025-08-09 18:34:33,43.0473899841309,-9.30045032501221,"Unknown"
"7014854",371863,2025-08-09 18:44:02,43.0473403930664,-9.30037021636963,"Unknown"
"7014854",371863,2025-08-09 18:54:02,43.0473175048828,-9.3003511428833,"Unknown"
"7014854",371863,2025-08-09 19:04:03,43.0472755432129,-9.30034732818604,"Unknown"
"7014854",371863,2025-08-09 19:14:03,43.0472412109375,-9.30056381225586,"Unknown"
"7014854",371863,2025-08-09 19:24:03,43.0472602844238,-9.3005838394165,"Unknown"
"7014854",371863,2025-08-09 19:34:03,43.0472946166992,-9.30053234100342,"Unknown"
"7014854",371863,2025-08-09 19:44:03,43.0473022460938,-9.30047702789307,"Unknown"
"7014854",371863,2025-08-09 19:54:03,43.0473098754883,-9.30050277709961,"Unknown"
"7014854",371863,2025-08-09 20:04:03,43.0472602844238,-9.30057334899902,"Unknown"
"7014854",371863,2025-08-09 20:14:03,43.0473022460938,-9.30062961578369,"Unknown"
"7014854",371863,2025-08-09 20:24:03,43.0473365783691,-9.30052089691162,"Unknown"
"7014854",371863,2025-08-09 20:34:03,43.0472221374512,-9.30021190643311,"Unknown"
"7014854",371863,2025-08-09 20:44:15,43.0473823547363,-9.3005838394165,"Unknown"
"7014854",371863,2025-08-09 20:54:03,43.047435760498,-9.30063152313232,"Unknown"
"7014854",371863,2025-08-09 21:04:06,43.0474472045898,-9.3006477355957,"Unknown"
"7014854",371863,2025-08-09 21:14:06,43.0473861694336,-9.30059242248535,"Unknown"
"7014854",371863,2025-08-09 21:24:06,43.0473899841309,-9.30057048797607,"Unknown"
"7014854",371863,2025-08-09 21:34:35,43.047435760498,-9.3004846572876,"Unknown"
"7014854",371863,2025-08-09 21:44:04,43.0474624633789,-9.30042266845703,"Unknown"
"7014854",371863,2025-08-09 21:54:03,43.0475006103516,-9.30038166046143,"Unknown"
"7014854",371863,2025-08-09 22:04:03,43.0475425720215,-9.3005485534668,"Unknown"
"7014854",371863,2025-08-09 22:14:04,43.0474891662598,-9.30042457580566,"Unknown"
"7014854",371863,2025-08-09 22:24:03,43.0475082397461,-9.30053329467773,"Unknown"
"7014854",371863,2025-08-09 22:34:03,43.0474739074707,-9.30044937133789,"Unknown"
"7014854",371863,2025-08-09 22:44:03,43.0472755432129,-9.30030632019043,"Unknown"
"7014854",371863,2025-08-09 22:54:04,43.0472373962402,-9.30035495758057,"Unknown"
"7014854",371863,2025-08-09 23:04:03,43.047191619873,-9.30026149749756,"Unknown"
"7014854",371863,2025-08-09 23:14:03,43.0471000671387,-9.30019760131836,"Unknown"
"7014854",371863,2025-08-09 23:24:04,43.0467567443848,-9.29984569549561,"Unknown"
"7014854",371863,2025-08-09 23:34:13,43.0472030639648,-9.30027198791504,"Unknown"
"7014854",371863,2025-08-09 23:44:07,43.0473175048828,-9.3003568649292,"Unknown"
"7014854",371863,2025-08-09 23:54:04,43.0474090576172,-9.30042362213135,"Unknown"
"7014854",371863,2025-08-10 00:04:03,43.0476608276367,-9.30079650878906,"Unknown"
"7014854",371863,2025-08-10 00:14:04,43.0474472045898,-9.30049324035645,"Unknown"
"7014854",371863,2025-08-10 00:24:07,43.0474472045898,-9.30054664611816,"Unknown"
"7014854",371863,2025-08-10 00:34:06,43.0475044250488,-9.30045509338379,"Unknown"
"7014854",371863,2025-08-10 00:44:35,43.0474700927734,-9.30049705505371,"Unknown"
"7014854",371863,2025-08-10 00:54:02,43.0473785400391,-9.30043983459473,"Unknown"
"7014854",371863,2025-08-10 01:04:02,43.0473861694336,-9.30039978027344,"Unknown"
"7014854",371863,2025-08-10 01:14:02,43.0473785400391,-9.30042743682861,"Unknown"
"7014854",371863,2025-08-10 01:24:02,43.04736328125,-9.30034065246582,"Unknown"
"7014854",371863,2025-08-10 01:34:02,43.04736328125,-9.30041027069092,"Unknown"
"7014854",371863,2025-08-10 01:44:02,43.0473175048828,-9.30040073394775,"Unknown"
"7014854",371863,2025-08-10 01:54:02,43.0473442077637,-9.3003511428833,"Unknown"
"7014854",371863,2025-08-10 02:04:02,43.0473556518555,-9.30045413970947,"Unknown"
"7014854",371863,2025-08-10 02:14:02,43.0473442077637,-9.30052661895752,"Unknown"
"7014854",371863,2025-08-10 02:24:03,43.0473518371582,-9.30056285858154,"Unknown"
"7014854",371863,2025-08-10 02:34:03,43.0473327636719,-9.30048942565918,"Unknown"
"7014854",371863,2025-08-10 02:44:03,43.0473518371582,-9.30050086975098,"Unknown"
"7014854",371863,2025-08-10 02:54:03,43.0472183227539,-9.30035018920898,"Unknown"
"7014854",371863,2025-08-10 03:04:04,43.0474166870117,-9.30057907104492,"Unknown"
"7014854",371863,2025-08-10 03:14:03,43.047477722168,-9.30060768127441,"Unknown"
"7014854",371863,2025-08-10 03:24:03,43.0474510192871,-9.3005838394165,"Unknown"
"7014854",371863,2025-08-10 03:34:03,43.0474891662598,-9.30062103271484,"Unknown"
"7014854",371863,2025-08-10 03:44:03,43.0474662780762,-9.30051040649414,"Unknown"
"7014854",371863,2025-08-10 03:54:04,43.0475044250488,-9.3004035949707,"Unknown"
"7014854",371863,2025-08-10 04:04:04,43.047534942627,-9.30021953582764,"Unknown"
"7014854",371863,2025-08-10 04:14:04,43.0475273132324,-9.30019950866699,"Unknown"
"7014854",371863,2025-08-10 04:24:04,43.0475807189941,-9.30014991760254,"Unknown"
"7014854",371863,2025-08-10 04:34:04,43.0475425720215,-9.30027389526367,"Unknown"
"7014854",371863,2025-08-10 04:44:35,43.0475044250488,-9.30042743682861,"Unknown"
"7014854",371863,2025-08-10 04:54:02,43.0474052429199,-9.30046844482422,"Unknown"
"7014854",371863,2025-08-10 05:04:02,43.0473785400391,-9.30046081542969,"Unknown"
"7014854",371863,2025-08-10 05:14:02,43.0473136901855,-9.30056381225586,"Unknown"
"7014854",371863,2025-08-10 05:24:02,43.0473022460938,-9.3005838394165,"Unknown"
"7014854",371863,2025-08-10 05:34:03,43.0472259521484,-9.30049800872803,"Unknown"
"7014854",371863,2025-08-10 05:44:02,43.0473518371582,-9.3005485534668,"Unknown"
"7014854",371863,2025-08-10 05:54:02,43.0473861694336,-9.30052757263184,"Unknown"
"7014854",371863,2025-08-10 06:04:02,43.0473823547363,-9.30039501190186,"Unknown"
"7014854",371863,2025-08-10 06:14:03,43.0473823547363,-9.30064487457275,"Unknown"
"7014854",371863,2025-08-10 06:24:06,43.0473823547363,-9.30053997039795,"Unknown"
"7014854",371863,2025-08-10 06:34:03,43.0473213195801,-9.30066204071045,"Unknown"
"7014854",371863,2025-08-10 06:44:03,43.0474090576172,-9.30055618286133,"Unknown"
"7014854",371863,2025-08-10 06:54:03,43.0474090576172,-9.3005895614624,"Unknown"
"7014854",371863,2025-08-10 07:04:07,43.0473518371582,-9.30062770843506,"Unknown"
"7014854",371863,2025-08-10 07:14:04,43.0473709106445,-9.30060482025146,"Unknown"
"7014854",371863,2025-08-10 07:24:04,43.0473747253418,-9.30062675476074,"Unknown"
"7014854",371863,2025-08-10 07:34:04,43.0474281311035,-9.3005542755127,"Unknown"
"7014854",371863,2025-08-10 07:44:04,43.0474166870117,-9.30058479309082,"Unknown"
"7014854",371863,2025-08-10 07:54:04,43.047435760498,-9.30057144165039,"Unknown"
"7014854",371863,2025-08-10 08:04:09,43.0474662780762,-9.30069446563721,"Unknown"
"7014854",371863,2025-08-10 08:14:13,43.0474662780762,-9.30062007904053,"Unknown"
"7014854",371863,2025-08-10 08:24:03,43.0474815368652,-9.3005895614624,"Unknown"
"7014854",371863,2025-08-10 08:34:03,43.0474510192871,-9.30062198638916,"Unknown"
"7014854",371863,2025-08-10 08:44:04,43.0474548339844,-9.30062103271484,"Unknown"
"7014854",371863,2025-08-10 08:54:14,43.0474548339844,-9.3005428314209,"Unknown"
"7014854",371863,2025-08-10 09:04:03,43.0474967956543,-9.3004732131958,"Unknown"
"7014854",371863,2025-08-10 09:14:06,43.0474472045898,-9.30055141448975,"Unknown"
"7014854",371863,2025-08-10 09:24:04,43.0474166870117,-9.30033779144287,"Unknown"
"7014854",371863,2025-08-10 09:34:04,43.0476531982422,-9.30029010772705,"Unknown"
"7014854",371863,2025-08-10 09:44:03,43.047779083252,-9.29998683929443,"Unknown"
"7014854",371863,2025-08-10 09:54:06,43.0474739074707,-9.30018901824951,"Unknown"
"7014854",371863,2025-08-10 10:04:06,43.0474891662598,-9.30018520355225,"Unknown"
"7014854",371863,2025-08-10 10:14:04,43.0475044250488,-9.30016422271729,"Unknown"
"7014854",371863,2025-08-10 10:24:04,43.0476112365723,-9.30012035369873,"Unknown"
"7014854",371863,2025-08-10 10:34:07,43.0475845336914,-9.3001537322998,"Unknown"
"7014854",371863,2025-08-10 10:44:07,43.0476036071777,-9.3001070022583,"Unknown"
"7014854",371863,2025-08-10 10:54:09,43.0475730895996,-9.30009460449219,"Unknown"
"7014854",371863,2025-08-10 11:04:10,43.0474166870117,-9.3002233505249,"Unknown"
"7014854",371863,2025-08-10 11:14:09,43.0471038818359,-9.30081272125244,"Unknown"
"7014854",371863,2025-08-10 11:24:09,43.0472145080566,-9.30057716369629,"Unknown"
"7014854",371863,2025-08-10 11:34:10,43.0472259521484,-9.30049228668213,"Unknown"
"7014854",371863,2025-08-10 11:44:09,43.0472221374512,-9.30045509338379,"Unknown"
"7014854",371863,2025-08-10 11:54:35,43.0473594665527,-9.30043125152588,"Unknown"
"7014854",371863,2025-08-10 12:04:02,43.0473823547363,-9.30051803588867,"Unknown"
"7014854",371863,2025-08-10 12:14:03,43.0475158691406,-9.30060958862305,"Unknown"
"7014854",371863,2025-08-10 12:24:02,43.0475387573242,-9.30062675476074,"Unknown"
"7014854",371863,2025-08-10 12:34:03,43.047492980957,-9.30049991607666,"Unknown"
"7014854",371863,2025-08-10 12:44:04,43.0475425720215,-9.30066967010498,"Unknown"
"7014854",371863,2025-08-10 12:54:04,43.0476379394531,-9.30079650878906,"Unknown"
"7014854",371863,2025-08-10 13:04:04,43.0476493835449,-9.30103778839111,"Unknown"
"7014854",371863,2025-08-10 13:14:04,43.0476379394531,-9.30091094970703,"Unknown"
"7014854",371863,2025-08-10 13:24:03,43.0476188659668,-9.30094909667969,"Unknown"
"7014854",371863,2025-08-10 13:34:03,43.0475578308105,-9.30088710784912,"Unknown"
"7014854",371863,2025-08-10 13:44:03,43.0475463867188,-9.30080127716064,"Unknown"
"7014854",371863,2025-08-10 13:54:04,43.047534942627,-9.30080318450928,"Unknown"
"7014854",371863,2025-08-10 14:04:04,43.0475311279297,-9.30065727233887,"Unknown"
"7014854",371863,2025-08-10 14:14:04,43.047550201416,-9.30093479156494,"Unknown"
"7014854",371863,2025-08-10 14:24:04,43.0475387573242,-9.30092144012451,"Unknown"
"7014854",371863,2025-08-10 14:34:04,43.047492980957,-9.30083179473877,"Unknown"
"7014854",371863,2025-08-10 14:44:04,43.0474510192871,-9.30073642730713,"Unknown"
"7014854",371863,2025-08-10 14:54:04,43.0474319458008,-9.30072212219238,"Unknown"
"7014854",371863,2025-08-10 15:04:04,43.0474891662598,-9.30063915252686,"Unknown"
"7014854",371863,2025-08-10 15:14:04,43.0475044250488,-9.30058193206787,"Unknown"
"7014854",371863,2025-08-10 15:24:06,43.047534942627,-9.30065155029297,"Unknown"
"7014854",371863,2025-08-10 15:34:06,43.0475463867188,-9.3006534576416,"Unknown"
"7014854",371863,2025-08-10 15:44:04,43.0476989746094,-9.30062389373779,"Unknown"
"7014854",371863,2025-08-10 15:54:04,43.0477981567383,-9.30058097839355,"Unknown"
"7014854",371863,2025-08-10 16:04:15,43.0477256774902,-9.30043697357178,"Unknown"
"7014854",371863,2025-08-10 16:14:15,43.0475311279297,-9.30010223388672,"Unknown"
"7014854",371863,2025-08-10 16:24:03,43.047607421875,-9.29979801177979,"Unknown"
"7014854",371863,2025-08-10 16:34:03,43.0476036071777,-9.29966354370117,"Unknown"
"7014854",371863,2025-08-10 16:44:04,43.0477027893066,-9.30070495605469,"Unknown"
"7014854",371863,2025-08-10 16:54:06,43.0478897094727,-9.30078125,"Unknown"
"7014854",371863,2025-08-10 17:04:06,43.0478401184082,-9.30083465576172,"Unknown"
"7014854",371863,2025-08-10 17:14:06,43.0478401184082,-9.30078125,"Unknown"
"7014854",371863,2025-08-10 17:24:06,43.0478515625,-9.30074214935303,"Unknown"
"7014854",371863,2025-08-10 17:34:06,43.0478515625,-9.300705909729,"Unknown"
"7014854",371863,2025-08-10 17:44:07,43.0476837158203,-9.30042266845703,"Unknown"
"7014854",371863,2025-08-10 17:54:04,43.0476188659668,-9.30083560943604,"Unknown"
"7014854",371863,2025-08-10 18:04:06,43.0470390319824,-9.30111312866211,"Unknown"
"7014854",371863,2025-08-10 18:14:14,43.0474281311035,-9.30050659179688,"Unknown"
"7014854",371863,2025-08-10 18:24:03,43.0473136901855,-9.30059146881104,"Unknown"
"7014854",371863,2025-08-10 18:34:03,43.0473518371582,-9.30045318603516,"Unknown"
"7014854",371863,2025-08-10 18:44:03,43.0474433898926,-9.30021476745605,"Unknown"
"7014854",371863,2025-08-10 18:54:03,43.048755645752,-9.29988479614258,"Unknown"
"7014854",371863,2025-08-10 19:04:04,43.0484199523926,-9.30014419555664,"Unknown"
"7014854",371863,2025-08-10 19:14:04,43.0481910705566,-9.30015182495117,"Unknown"
"7014854",371863,2025-08-10 19:24:03,43.048168182373,-9.30035591125488,"Unknown"
"7014854",371863,2025-08-10 19:34:03,43.0480041503906,-9.30040836334229,"Unknown"
"7014854",371863,2025-08-10 19:44:04,43.0479316711426,-9.30042552947998,"Unknown"
"7014854",371863,2025-08-10 19:54:09,43.0479011535645,-9.30053329467773,"Unknown"
"7014854",371863,2025-08-10 20:04:08,43.0478897094727,-9.30060005187988,"Unknown"
"7014854",371863,2025-08-10 20:14:04,43.0479125976562,-9.30075645446777,"Unknown"
"7014854",371863,2025-08-10 20:24:09,43.0479736328125,-9.3007926940918,"Unknown"
"7014854",371863,2025-08-10 20:34:09,43.0479888916016,-9.30082225799561,"Unknown"
"7014854",371863,2025-08-10 20:44:09,43.0479583740234,-9.30079174041748,"Unknown"
"7014854",371863,2025-08-10 20:54:04,43.047477722168,-9.29953002929688,"Unknown"
"7014854",371863,2025-08-10 21:04:04,43.0475883483887,-9.29978656768799,"Unknown"
"7014854",371863,2025-08-10 21:14:05,43.0474090576172,-9.29921245574951,"Unknown"
"7014854",371863,2025-08-10 21:24:11,43.0476760864258,-9.3005838394165,"Unknown"
"7014854",371863,2025-08-10 21:34:04,43.0477256774902,-9.30058479309082,"Unknown"
"7014854",371863,2025-08-10 21:44:04,43.0476264953613,-9.30072593688965,"Unknown"
"7014854",371863,2025-08-10 21:54:05,43.0474891662598,-9.30113124847412,"Unknown"
"7014854",371863,2025-08-10 22:04:05,43.047534942627,-9.30064582824707,"Unknown"
"7014854",371863,2025-08-10 22:14:05,43.0475730895996,-9.30069255828857,"Unknown"
"7014854",371863,2025-08-10 22:24:04,43.0475692749023,-9.30066680908203,"Unknown"
"7014854",371863,2025-08-10 22:34:04,43.0475769042969,-9.30062484741211,"Unknown"
"7014854",371863,2025-08-10 22:44:04,43.0474014282227,-9.30038261413574,"Unknown"
"7014854",371863,2025-08-10 22:54:04,43.0473175048828,-9.3003568649292,"Unknown"
"7014854",371863,2025-08-10 23:04:04,43.0471878051758,-9.30033111572266,"Unknown"
"7014854",371863,2025-08-10 23:14:07,43.0469131469727,-9.30006313323975,"Unknown"
"7014854",371863,2025-08-10 23:24:04,43.0472221374512,-9.3003044128418,"Unknown"
"7014854",371863,2025-08-10 23:34:04,43.0472450256348,-9.30027198791504,"Unknown"
"7014854",371863,2025-08-10 23:44:04,43.0471649169922,-9.30019664764404,"Unknown"
"7014854",371863,2025-08-10 23:54:05,43.0472221374512,-9.30019664764404,"Unknown"
"7014854",371863,2025-08-11 00:04:06,43.047046661377,-9.30027866363525,"Unknown"
"7014854",371863,2025-08-11 00:14:11,43.0468559265137,-9.30000305175781,"Unknown"
"7014854",371863,2025-08-11 00:24:35,43.0474166870117,-9.3004732131958,"Unknown"
"7014854",371863,2025-08-11 00:34:03,43.0474014282227,-9.30042552947998,"Unknown"
"7014854",371863,2025-08-11 00:44:35,43.0473861694336,-9.30049419403076,"Unknown"
"7014854",371863,2025-08-11 00:54:02,43.0473899841309,-9.30038642883301,"Unknown"
"7014854",371863,2025-08-11 01:04:02,43.0473403930664,-9.30039215087891,"Unknown"
"7014854",371863,2025-08-11 01:14:03,43.0473594665527,-9.30038738250732,"Unknown"
"7014854",371863,2025-08-11 01:24:02,43.0473556518555,-9.30038833618164,"Unknown"
"7014854",371863,2025-08-11 01:34:02,43.0473556518555,-9.30020427703857,"Unknown"
"7014854",371863,2025-08-11 01:44:02,43.0473518371582,-9.30040836334229,"Unknown"
"7014854",371863,2025-08-11 01:54:02,43.0473442077637,-9.3003044128418,"Unknown"
"7014854",371863,2025-08-11 02:04:02,43.04736328125,-9.30052375793457,"Unknown"
"7014854",371863,2025-08-11 02:14:02,43.0473480224609,-9.30052852630615,"Unknown"
"7014854",371863,2025-08-11 02:24:03,43.047420501709,-9.30063533782959,"Unknown"
"7014854",371863,2025-08-11 02:34:03,43.0474510192871,-9.3005838394165,"Unknown"
"7014854",371863,2025-08-11 02:44:03,43.0473823547363,-9.30054473876953,"Unknown"
"7014854",371863,2025-08-11 02:54:09,43.0474624633789,-9.30063438415527,"Unknown"
"7014854",371863,2025-08-11 03:04:03,43.0474662780762,-9.30059242248535,"Unknown"
"7014854",371863,2025-08-11 03:14:03,43.0474281311035,-9.30056381225586,"Unknown"
"7014854",371863,2025-08-11 03:24:03,43.0474472045898,-9.30060958862305,"Unknown"
"7014854",371863,2025-08-11 03:34:05,43.0474815368652,-9.30045413970947,"Unknown"
"7014854",371863,2025-08-11 03:44:03,43.047477722168,-9.2999153137207,"Unknown"
"7014854",371863,2025-08-11 03:54:05,43.0474166870117,-9.29938411712646,"Unknown"
"7014854",371863,2025-08-11 04:04:05,43.0474815368652,-9.29916286468506,"Unknown"
"7014854",371863,2025-08-11 04:14:06,43.0475730895996,-9.29973411560059,"Unknown"
"7014854",371863,2025-08-11 04:24:05,43.0476875305176,-9.30053520202637,"Unknown"
"7014854",371863,2025-08-11 04:34:03,43.0476493835449,-9.30045318603516,"Unknown"
"7014854",371863,2025-08-11 04:44:03,43.047664642334,-9.30043983459473,"Unknown"
"7014854",371863,2025-08-11 04:54:06,43.0476531982422,-9.30047607421875,"Unknown"
"7014854",371863,2025-08-11 05:04:05,43.0475463867188,-9.30052757263184,"Unknown"
"7014854",371863,2025-08-11 05:14:07,43.0475044250488,-9.30058860778809,"Unknown"
"7014854",371863,2025-08-11 05:24:07,43.0475463867188,-9.300461769104,"Unknown"
"7014854",371863,2025-08-11 05:34:06,43.0475654602051,-9.30033779144287,"Unknown"
"7014854",371863,2025-08-11 05:44:06,43.0475578308105,-9.30034255981445,"Unknown"
"7014854",371863,2025-08-11 05:54:07,43.0475311279297,-9.30017471313477,"Unknown"
"7014854",371863,2025-08-11 06:04:05,43.0475311279297,-9.3000431060791,"Unknown"
"7014854",371863,2025-08-11 06:14:10,43.0475883483887,-9.30044746398926,"Unknown"
"7014854",371863,2025-08-11 06:24:03,43.0473670959473,-9.30045795440674,"Unknown"
"7014854",371863,2025-08-11 06:34:03,43.0479774475098,-9.30109405517578,"Unknown"
"7014854",371863,2025-08-11 06:44:05,43.0479354858398,-9.30063152313232,"Unknown"
"7014854",371863,2025-08-11 06:54:08,43.0478782653809,-9.30090236663818,"Unknown"
"7014854",371863,2025-08-11 07:04:08,43.0478706359863,-9.30098628997803,"Unknown"
"7014854",371863,2025-08-11 07:14:08,43.0479202270508,-9.300950050354,"Unknown"
"7014854",371863,2025-08-11 07:24:08,43.0479393005371,-9.30102729797363,"Unknown"
"7014854",371863,2025-08-11 07:34:14,43.0475234985352,-9.30054664611816,"Unknown"
"7014854",371863,2025-08-11 07:44:03,43.0475730895996,-9.30037593841553,"Unknown"
"7014854",371863,2025-08-11 07:54:08,43.0476455688477,-9.30038166046143,"Unknown"
"7014854",371863,2025-08-11 08:04:10,43.0469207763672,-9.30083084106445,"Unknown"
"7014854",371863,2025-08-11 08:14:13,43.047721862793,-9.30101299285889,"Unknown"
"7014854",371863,2025-08-11 08:24:32,43.0473976135254,-9.30020141601562,"Unknown"
"7014854",371863,2025-08-11 08:34:02,43.0473709106445,-9.30022430419922,"Unknown"
"7014854",371863,2025-08-11 08:44:02,43.0473327636719,-9.30031776428223,"Unknown"
"7014854",371863,2025-08-11 08:54:02,43.0474510192871,-9.30049896240234,"Unknown"
"7014854",371863,2025-08-11 09:04:08,43.0474052429199,-9.30030345916748,"Unknown"
"7014854",371863,2025-08-11 09:14:05,43.0474166870117,-9.30031299591064,"Unknown"
"7014854",371863,2025-08-11 09:24:35,43.047420501709,-9.30042362213135,"Unknown"
"7014854",371863,2025-08-11 09:34:03,43.0474014282227,-9.30049514770508,"Unknown"
"7014854",371863,2025-08-11 09:44:03,43.0474243164062,-9.30047798156738,"Unknown"
"7014854",371863,2025-08-11 09:54:05,43.0474128723145,-9.30044460296631,"Unknown"
"7014854",371863,2025-08-11 10:04:08,43.0473823547363,-9.30047225952148,"Unknown"
"7014854",371863,2025-08-11 10:14:07,43.0473670959473,-9.30052375793457,"Unknown"
"7014854",371863,2025-08-11 10:24:05,43.0473747253418,-9.30050277709961,"Unknown"
"7014854",371863,2025-08-11 10:34:03,43.04736328125,-9.30048751831055,"Unknown"
"7014854",371863,2025-08-11 10:44:03,43.0473442077637,-9.3005313873291,"Unknown"
"7014854",371863,2025-08-11 10:54:03,43.0473556518555,-9.30052089691162,"Unknown"
"7014854",371863,2025-08-11 11:04:03,43.0473556518555,-9.30048656463623,"Unknown"
"7014854",371863,2025-08-11 11:14:03,43.0472984313965,-9.30064487457275,"Unknown"
"7014854",371863,2025-08-11 11:24:03,43.0472679138184,-9.30053043365479,"Unknown"
"7014854",371863,2025-08-11 11:34:04,43.0472640991211,-9.30050373077393,"Unknown"
"7014854",371863,2025-08-11 11:44:16,43.0474166870117,-9.30052375793457,"Unknown"
"7014854",371863,2025-08-11 11:54:07,43.0473785400391,-9.30047607421875,"Unknown"
"7014854",371863,2025-08-11 12:04:15,43.0472984313965,-9.30043697357178,"Unknown"
"7014854",371863,2025-08-11 12:14:35,43.0474395751953,-9.30053615570068,"Unknown"
"7014854",371863,2025-08-11 12:24:03,43.0473480224609,-9.30043601989746,"Unknown"
"7014854",371863,2025-08-11 12:34:05,43.0473709106445,-9.30029392242432,"Unknown"
"7014854",371863,2025-08-11 12:44:05,43.04736328125,-9.30042743682861,"Unknown"
"7014854",371863,2025-08-11 12:54:06,43.0475006103516,-9.30054569244385,"Unknown"
"7014854",371863,2025-08-11 13:04:08,43.047306060791,-9.30021476745605,"Unknown"
"7014854",371863,2025-08-11 13:14:06,43.0474395751953,-9.30049610137939,"Unknown"
"7014854",371863,2025-08-11 13:24:09,43.0473251342773,-9.30029773712158,"Unknown"
"7014854",371863,2025-08-11 13:34:07,43.0473670959473,-9.30038261413574,"Unknown"
"7014854",371863,2025-08-11 13:44:08,43.04736328125,-9.30038452148438,"Unknown"
"7014854",371863,2025-08-11 13:54:08,43.0473899841309,-9.30048751831055,"Unknown"
"7014854",371863,2025-08-11 14:04:14,43.0474548339844,-9.30059051513672,"Unknown"
"7014854",371863,2025-08-11 14:14:03,43.0473747253418,-9.30041027069092,"Unknown"
"7014854",371863,2025-08-11 14:24:05,43.047435760498,-9.30054759979248,"Unknown"
"7014854",371863,2025-08-11 14:34:08,43.0475044250488,-9.3006706237793,"Unknown"
"7014854",371863,2025-08-11 14:44:12,43.0474281311035,-9.30048274993896,"Unknown"
"7014854",371863,2025-08-11 14:54:05,43.0473937988281,-9.30046558380127,"Unknown"
"7014854",371863,2025-08-11 15:04:08,43.047435760498,-9.30038642883301,"Unknown"
"7014854",371863,2025-08-11 15:14:11,43.0474891662598,-9.30016613006592,"Unknown"
"7014854",371863,2025-08-11 15:24:10,43.047420501709,-9.30045795440674,"Unknown"
"7014854",371863,2025-08-11 15:34:34,43.0474090576172,-9.30046463012695,"Unknown"
"7014854",371863,2025-08-11 15:44:02,43.0474166870117,-9.30049991607666,"Unknown"
"7014854",371863,2025-08-11 15:54:02,43.0473365783691,-9.30053997039795,"Unknown"
"7014854",371863,2025-08-11 16:04:02,43.0473747253418,-9.30058670043945,"Unknown"
"7014854",371863,2025-08-11 16:14:02,43.0473823547363,-9.30053806304932,"Unknown"
"7014854",371863,2025-08-11 16:24:02,43.0472984313965,-9.30059051513672,"Unknown"
"7014854",371863,2025-08-11 16:34:02,43.0473747253418,-9.30054664611816,"Unknown"
"7014854",371863,2025-08-11 16:44:04,43.0473518371582,-9.30055618286133,"Unknown"
"7014854",371863,2025-08-11 16:54:03,43.0473937988281,-9.3006477355957,"Unknown"
"7014854",371863,2025-08-11 17:04:07,43.0473709106445,-9.30048561096191,"Unknown"
"7014854",371863,2025-08-11 17:14:09,43.0473785400391,-9.30040168762207,"Unknown"
"7014854",371863,2025-08-11 17:24:09,43.0473823547363,-9.30047512054443,"Unknown"
"7014854",371863,2025-08-11 17:34:04,43.04736328125,-9.30061626434326,"Unknown"
"7014854",371863,2025-08-11 17:44:04,43.0472564697266,-9.30046653747559,"Unknown"
"7014854",371863,2025-08-11 17:54:05,43.0474433898926,-9.30078220367432,"Unknown"
"7014854",371863,2025-08-11 18:04:35,43.0473594665527,-9.3004150390625,"Unknown"
"7014854",371863,2025-08-11 18:14:02,43.0473251342773,-9.30035972595215,"Unknown"
"7014854",371863,2025-08-11 18:24:02,43.0473327636719,-9.30035591125488,"Unknown"
"7014854",371863,2025-08-11 18:34:02,43.0473327636719,-9.3003044128418,"Unknown"
"7014854",371863,2025-08-11 18:44:05,43.0473823547363,-9.30043506622314,"Unknown"
"7014854",371863,2025-08-11 18:54:05,43.0473823547363,-9.3003625869751,"Unknown"
"7014854",371863,2025-08-11 19:04:05,43.0473518371582,-9.30050945281982,"Unknown"
"7014854",371863,2025-08-11 19:14:05,43.0473289489746,-9.30059719085693,"Unknown"
"7014854",371863,2025-08-11 19:24:06,43.0473785400391,-9.30055618286133,"Unknown"
"7014854",371863,2025-08-11 19:34:06,43.0473251342773,-9.3009614944458,"Unknown"
"7014854",371863,2025-08-11 19:44:35,43.0473709106445,-9.30048179626465,"Unknown"
"7014854",371863,2025-08-11 19:54:02,43.0473403930664,-9.30048751831055,"Unknown"
"7014854",371863,2025-08-11 20:04:02,43.0473365783691,-9.30046081542969,"Unknown"
"7014854",371863,2025-08-11 20:14:03,43.0473480224609,-9.30048751831055,"Unknown"
"7014854",371863,2025-08-11 20:24:08,43.0474281311035,-9.30064868927002,"Unknown"
"7014854",371863,2025-08-11 20:34:09,43.047435760498,-9.30061340332031,"Unknown"
"7014854",371863,2025-08-11 20:44:12,43.047420501709,-9.30063915252686,"Unknown"
"7014854",371863,2025-08-11 20:54:10,43.0475578308105,-9.30092430114746,"Unknown"
"7014854",371863,2025-08-11 21:04:08,43.0473861694336,-9.30054569244385,"Unknown"
"7014854",371863,2025-08-11 21:14:08,43.0474319458008,-9.30049324035645,"Unknown"
"7014854",371863,2025-08-11 21:24:12,43.0473213195801,-9.30056571960449,"Unknown"
"7014854",371863,2025-08-11 21:34:03,43.0473594665527,-9.30059146881104,"Unknown"
"7014854",371863,2025-08-11 21:44:05,43.0473518371582,-9.30068111419678,"Unknown"
"7014854",371863,2025-08-11 21:54:35,43.0473976135254,-9.30045413970947,"Unknown"
"7014854",371863,2025-08-11 22:04:02,43.0474243164062,-9.30040645599365,"Unknown"
"7014854",371863,2025-08-11 22:14:03,43.0473823547363,-9.30048561096191,"Unknown"
"7014854",371863,2025-08-11 22:24:02,43.0473747253418,-9.30044460296631,"Unknown"
"7014854",371863,2025-08-11 22:34:03,43.0473747253418,-9.30044460296631,"Unknown"
"7014854",371863,2025-08-11 22:44:03,43.0473670959473,-9.30044364929199,"Unknown"
"7014854",371863,2025-08-11 22:54:03,43.0473976135254,-9.3004732131958,"Unknown"
"7014854",371863,2025-08-11 23:04:03,43.0472717285156,-9.30036926269531,"Unknown"
"7014854",371863,2025-08-11 23:14:12,43.0473289489746,-9.30039119720459,"Unknown"
"7014854",371863,2025-08-11 23:24:12,43.04736328125,-9.30046844482422,"Unknown"
"7014854",371863,2025-08-11 23:34:12,43.0472030639648,-9.30026721954346,"Unknown"
"7014854",371863,2025-08-11 23:44:08,43.0471878051758,-9.30029582977295,"Unknown"
"7014854",371863,2025-08-11 23:54:35,43.0473937988281,-9.3004903793335,"Unknown"
"7014854",371863,2025-08-12 00:04:03,43.0474815368652,-9.30062866210938,"Unknown"
"7014854",371863,2025-08-12 00:14:04,43.0475234985352,-9.30072689056396,"Unknown"
"7014854",371863,2025-08-12 00:24:03,43.0474014282227,-9.30054950714111,"Unknown"
"7014854",371863,2025-08-12 00:34:35,43.0473518371582,-9.30051517486572,"Unknown"
"7014854",371863,2025-08-12 00:44:02,43.0473709106445,-9.30043411254883,"Unknown"
"7014854",371863,2025-08-12 00:54:02,43.0473480224609,-9.30046272277832,"Unknown"
"7014854",371863,2025-08-12 01:04:02,43.0473861694336,-9.30037307739258,"Unknown"
"7014854",371863,2025-08-12 01:14:03,43.047435760498,-9.30045509338379,"Unknown"
"7014854",371863,2025-08-12 01:24:03,43.047306060791,-9.30050277709961,"Unknown"
"7014854",371863,2025-08-12 01:34:06,43.0473098754883,-9.30051040649414,"Unknown"
"7014854",371863,2025-08-12 01:44:07,43.0473365783691,-9.30047512054443,"Unknown"
"7014854",371863,2025-08-12 01:54:06,43.0474433898926,-9.30050373077393,"Unknown"
"7014854",371863,2025-08-12 02:04:08,43.047477722168,-9.30052280426025,"Unknown"
"7014854",371863,2025-08-12 02:14:08,43.0474433898926,-9.30053424835205,"Unknown"
"7014854",371863,2025-08-12 02:24:08,43.0474472045898,-9.30056381225586,"Unknown"
"7014854",371863,2025-08-12 02:34:09,43.0474510192871,-9.30041122436523,"Unknown"
"7014854",371863,2025-08-12 02:44:14,43.0473861694336,-9.3002758026123,"Unknown"
"7014854",371863,2025-08-12 02:54:04,43.0474281311035,-9.30027484893799,"Unknown"
"7014854",371863,2025-08-12 03:04:04,43.0473937988281,-9.30039978027344,"Unknown"
"7014854",371863,2025-08-12 03:14:04,43.0474510192871,-9.300461769104,"Unknown"
"7014854",371863,2025-08-12 03:24:04,43.0473670959473,-9.30046272277832,"Unknown"
"7014854",371863,2025-08-12 03:34:14,43.047435760498,-9.30054950714111,"Unknown"
"7014854",371863,2025-08-12 03:44:09,43.0473709106445,-9.30032634735107,"Unknown"
"7014854",371863,2025-08-12 03:54:35,43.0474014282227,-9.30059909820557,"Unknown"
"7014854",371863,2025-08-12 04:04:03,43.0474128723145,-9.30046558380127,"Unknown"
"7014854",371863,2025-08-12 04:14:03,43.0473899841309,-9.30046844482422,"Unknown"
"7014854",371863,2025-08-12 04:24:03,43.0473861694336,-9.3004732131958,"Unknown"
"7014854",371863,2025-08-12 04:34:04,43.0473480224609,-9.30047512054443,"Unknown"
"7014854",371863,2025-08-12 04:44:03,43.0473785400391,-9.30063724517822,"Unknown"
"7014854",371863,2025-08-12 04:54:04,43.0473823547363,-9.30054187774658,"Unknown"
"7014854",371863,2025-08-12 05:04:06,43.0474433898926,-9.30067443847656,"Unknown"
"7014854",371863,2025-08-12 05:14:09,43.0473594665527,-9.30055904388428,"Unknown"
"7014854",371863,2025-08-12 05:24:09,43.04736328125,-9.30055046081543,"Unknown"
"7014854",371863,2025-08-12 05:34:09,43.04736328125,-9.30051040649414,"Unknown"
"7014854",371863,2025-08-12 05:44:09,43.0473518371582,-9.3003625869751,"Unknown"
"7014854",371863,2025-08-12 05:54:09,43.0473670959473,-9.3004903793335,"Unknown"
"7014854",371863,2025-08-12 06:04:14,43.0473709106445,-9.30043601989746,"Unknown"
"7014854",371863,2025-08-12 06:14:03,43.047290802002,-9.30035972595215,"Unknown"
"7014854",371863,2025-08-12 06:24:03,43.0473365783691,-9.30040645599365,"Unknown"
"7014854",371863,2025-08-12 06:34:35,43.0473709106445,-9.30050182342529,"Unknown"
"7014854",371863,2025-08-12 06:44:03,43.0474395751953,-9.300461769104,"Unknown"
"7014854",371863,2025-08-12 06:54:04,43.0473976135254,-9.30052852630615,"Unknown"
"7014854",371863,2025-08-12 07:04:03,43.047435760498,-9.3005838394165,"Unknown"
"7014854",371863,2025-08-12 07:14:04,43.0473670959473,-9.30049610137939,"Unknown"
"7014854",371863,2025-08-12 07:24:04,43.0474090576172,-9.30047035217285,"Unknown"
"7014854",371863,2025-08-12 07:34:04,43.0474319458008,-9.30049896240234,"Unknown"
"7014854",371863,2025-08-12 07:44:04,43.0474052429199,-9.30045032501221,"Unknown"
"7014854",371863,2025-08-12 07:54:04,43.047420501709,-9.30039215087891,"Unknown"
"7014854",371863,2025-08-12 08:04:13,43.0473937988281,-9.30042266845703,"Unknown"
"7014854",371863,2025-08-12 08:14:09,43.0474090576172,-9.30040454864502,"Unknown"
"7014854",371863,2025-08-12 08:24:09,43.0474052429199,-9.30034923553467,"Unknown"
"7014854",371863,2025-08-12 08:34:06,43.0473899841309,-9.30041217803955,"Unknown"
"7014854",371863,2025-08-12 08:44:04,43.0473976135254,-9.30030918121338,"Unknown"
"7014854",371863,2025-08-12 08:54:06,43.047435760498,-9.3004322052002,"Unknown"
"7014854",371863,2025-08-12 09:04:08,43.0473327636719,-9.30045032501221,"Unknown"
"7014854",371863,2025-08-12 09:14:10,43.0475006103516,-9.30024433135986,"Unknown"
"7014854",371863,2025-08-12 09:24:35,43.0474433898926,-9.30039501190186,"Unknown"
"7014854",371863,2025-08-12 09:34:04,43.0474166870117,-9.30046463012695,"Unknown"
"7014854",371863,2025-08-12 09:44:04,43.047435760498,-9.30041694641113,"Unknown"
"7014854",371863,2025-08-12 09:54:06,43.0472564697266,-9.30065250396729,"Unknown"
"7014854",371863,2025-08-12 10:04:13,43.0473785400391,-9.30048274993896,"Unknown"
"7014854",371863,2025-08-12 10:14:08,43.0473747253418,-9.30051040649414,"Unknown"
"7014854",371863,2025-08-12 10:24:05,43.0472183227539,-9.30065727233887,"Unknown"
"7014854",371863,2025-08-12 10:34:05,43.0472259521484,-9.30060482025146,"Unknown"
"7014854",371863,2025-08-12 10:44:05,43.047176361084,-9.30059719085693,"Unknown"
"7014854",371863,2025-08-12 10:54:05,43.0472106933594,-9.30054759979248,"Unknown"
"7014854",371863,2025-08-12 11:04:04,43.0470733642578,-9.30058479309082,"Unknown"
"7014854",371863,2025-08-12 11:14:04,43.0471229553223,-9.30045986175537,"Unknown"
"7014854",371863,2025-08-12 11:24:04,43.0470390319824,-9.30037307739258,"Unknown"
"7014854",371863,2025-08-12 11:34:04,43.0471038818359,-9.30032730102539,"Unknown"
"7014854",371863,2025-08-12 11:44:17,43.0468559265137,-9.30007266998291,"Unknown"
"7014854",371863,2025-08-12 11:54:35,43.047420501709,-9.30052280426025,"Unknown"
"7014854",371863,2025-08-12 12:04:06,43.0473976135254,-9.30053043365479,"Unknown"
"7014854",371863,2025-08-12 12:14:07,43.04736328125,-9.30046558380127,"Unknown"
"7014854",371863,2025-08-12 12:24:19,43.0473518371582,-9.3004789352417,"Unknown"
"7014854",371863,2025-08-12 12:34:35,43.0473937988281,-9.30050277709961,"Unknown"
"7014854",371863,2025-08-12 12:44:03,43.0473403930664,-9.30056095123291,"Unknown"
"7014854",371863,2025-08-12 12:54:03,43.0474128723145,-9.30045890808105,"Unknown"
"7014854",371863,2025-08-12 13:04:03,43.0474052429199,-9.30043315887451,"Unknown"
"7014854",371863,2025-08-12 13:14:03,43.0474128723145,-9.30038833618164,"Unknown"
"7014854",371863,2025-08-12 13:24:03,43.0474166870117,-9.30049133300781,"Unknown"
"7014854",371863,2025-08-12 13:34:03,43.0473556518555,-9.30040073394775,"Unknown"
"7014854",371863,2025-08-12 13:44:03,43.047420501709,-9.30041694641113,"Unknown"
"7014854",371863,2025-08-12 13:54:07,43.0473861694336,-9.30045986175537,"Unknown"
"7014854",371863,2025-08-12 14:04:04,43.0473556518555,-9.30041694641113,"Unknown"
"7014854",371863,2025-08-12 14:14:04,43.0473594665527,-9.30038738250732,"Unknown"
"7014854",371863,2025-08-12 14:24:04,43.0473556518555,-9.30038833618164,"Unknown"
"7014854",371863,2025-08-12 14:34:05,43.0474128723145,-9.30055713653564,"Unknown"
"7014854",371863,2025-08-12 14:44:10,43.0473861694336,-9.30046272277832,"Unknown"
"7014854",371863,2025-08-12 14:54:13,43.0473747253418,-9.30044841766357,"Unknown"
"7014854",371863,2025-08-12 15:04:14,43.0473976135254,-9.30049228668213,"Unknown"
"7014854",371863,2025-08-12 15:14:09,43.0474319458008,-9.30056190490723,"Unknown"
"7014854",371863,2025-08-12 15:24:09,43.0474090576172,-9.30051231384277,"Unknown"
"7014854",371863,2025-08-12 15:34:10,43.0473937988281,-9.3004674911499,"Unknown"
"7014854",371863,2025-08-12 15:44:03,43.0473937988281,-9.30048370361328,"Unknown"
"7014854",371863,2025-08-12 15:54:35,43.0473785400391,-9.30045223236084,"Unknown"
"7014854",371863,2025-08-12 16:04:03,43.0473442077637,-9.30064392089844,"Unknown"
"7014854",371863,2025-08-12 16:14:03,43.0473442077637,-9.30056095123291,"Unknown"
"7014854",371863,2025-08-12 16:24:03,43.0473518371582,-9.30058193206787,"Unknown"
"7014854",371863,2025-08-12 16:34:03,43.0473556518555,-9.30095481872559,"Unknown"
"7014854",371863,2025-08-12 16:44:03,43.0473823547363,-9.30091762542725,"Unknown"
"7014854",371863,2025-08-12 16:54:04,43.0474166870117,-9.30087947845459,"Unknown"
"7014854",371863,2025-08-12 17:04:04,43.0474166870117,-9.30086708068848,"Unknown"
"7014854",371863,2025-08-12 17:14:04,43.0474128723145,-9.300856590271,"Unknown"
"7014854",371863,2025-08-12 17:24:04,43.047534942627,-9.30083465576172,"Unknown"
"7014854",371863,2025-08-12 17:34:04,43.0474700927734,-9.3007869720459,"Unknown"
"7014854",371863,2025-08-12 17:44:04,43.0474891662598,-9.3008337020874,"Unknown"
"7014854",371863,2025-08-12 17:54:04,43.0474395751953,-9.30070877075195,"Unknown"
"7014854",371863,2025-08-12 18:04:05,43.0472984313965,-9.3002815246582,"Unknown"
"7014854",371863,2025-08-12 18:14:05,43.0473823547363,-9.30043888092041,"Unknown"
"7014854",371863,2025-08-12 18:24:08,43.0474243164062,-9.30053615570068,"Unknown"
"7014854",371863,2025-08-12 18:34:07,43.0473594665527,-9.30014801025391,"Unknown"
"7014854",371863,2025-08-12 18:44:14,43.0473861694336,-9.300461769104,"Unknown"
"7014854",371863,2025-08-12 18:54:10,43.0473976135254,-9.30033493041992,"Unknown"
"7014854",371863,2025-08-12 19:04:11,43.0475082397461,-9.30008029937744,"Unknown"
"7014854",371863,2025-08-12 19:14:11,43.0474472045898,-9.30007934570312,"Unknown"
"7014854",371863,2025-08-12 19:24:11,43.0474586486816,-9.30016708374023,"Unknown"
"7014854",371863,2025-08-12 19:34:12,43.047435760498,-9.30005359649658,"Unknown"
"7014854",371863,2025-08-12 19:44:18,43.0477409362793,-9.29952144622803,"Unknown"
"7014854",371863,2025-08-12 19:54:20,43.0477523803711,-9.29840183258057,"Unknown"
"7014854",371863,2025-08-12 20:04:35,43.0473861694336,-9.30052375793457,"Unknown"
"7014854",371863,2025-08-12 20:14:03,43.0473327636719,-9.30032253265381,"Unknown"
"7014854",371863,2025-08-12 20:24:07,43.0474014282227,-9.30044841766357,"Unknown"
"7014854",371863,2025-08-12 20:34:10,43.0474014282227,-9.3005199432373,"Unknown"
"7014854",371863,2025-08-12 20:44:14,43.0473785400391,-9.30049133300781,"Unknown"
"7014854",371863,2025-08-12 20:54:09,43.0474319458008,-9.30056476593018,"Unknown"
"7014854",371863,2025-08-12 21:04:33,43.0473709106445,-9.30049896240234,"Unknown"
"7014854",371863,2025-08-12 21:14:09,43.0474548339844,-9.30044841766357,"Unknown"
"7014854",371863,2025-08-12 21:24:09,43.0474853515625,-9.30039882659912,"Unknown"
"7014854",371863,2025-08-12 21:34:13,43.0474891662598,-9.30041217803955,"Unknown"
"7014854",371863,2025-08-12 21:44:06,43.0474891662598,-9.30041122436523,"Unknown"
"7014854",371863,2025-08-12 21:54:12,43.0474967956543,-9.30044269561768,"Unknown"
"7014854",371863,2025-08-12 22:04:04,43.0474510192871,-9.30055141448975,"Unknown"
"7014854",371863,2025-08-12 22:14:04,43.0473670959473,-9.30077362060547,"Unknown"
"7014854",371863,2025-08-12 22:24:04,43.0472450256348,-9.30069160461426,"Unknown"
"7014854",371863,2025-08-12 22:34:05,43.0473785400391,-9.30085945129395,"Unknown"
"7014854",371863,2025-08-12 22:44:05,43.0473480224609,-9.30060482025146,"Unknown"
"7014854",371863,2025-08-12 22:54:15,43.0474243164062,-9.30047607421875,"Unknown"
"7014854",371863,2025-08-12 23:04:13,43.047306060791,-9.30039119720459,"Unknown"
"7014854",371863,2025-08-12 23:14:35,43.0473785400391,-9.30044460296631,"Unknown"
"7014854",371863,2025-08-12 23:24:03,43.0473670959473,-9.30046463012695,"Unknown"
"7014854",371863,2025-08-12 23:34:03,43.0473937988281,-9.3004732131958,"Unknown"
"7014854",371863,2025-08-12 23:44:03,43.0473365783691,-9.30039405822754,"Unknown"
"7014854",371863,2025-08-12 23:54:04,43.0474624633789,-9.30053520202637,"Unknown"
"7014854",371863,2025-08-13 00:04:03,43.0472564697266,-9.30031490325928,"Unknown"
"7014854",371863,2025-08-13 00:14:04,43.0473747253418,-9.30049514770508,"Unknown"
"7014854",371863,2025-08-13 00:24:04,43.0474472045898,-9.30052280426025,"Unknown"
"7014854",371863,2025-08-13 00:34:35,43.0474281311035,-9.30056095123291,"Unknown"
"7014854",371863,2025-08-13 00:44:03,43.0474243164062,-9.30048179626465,"Unknown"
"7014854",371863,2025-08-13 00:54:03,43.0473747253418,-9.30040168762207,"Unknown"
"7014854",371863,2025-08-13 01:04:03,43.0473785400391,-9.30029106140137,"Unknown"
"7014854",371863,2025-08-13 01:14:03,43.0472869873047,-9.30009746551514,"Unknown"
"7014854",371863,2025-08-13 01:24:04,43.0474090576172,-9.30055141448975,"Unknown"
"7014854",371863,2025-08-13 01:34:06,43.0473976135254,-9.30052852630615,"Unknown"
"7014854",371863,2025-08-13 01:44:08,43.0473937988281,-9.30050086975098,"Unknown"
"7014854",371863,2025-08-13 01:54:04,43.0473403930664,-9.30042839050293,"Unknown"
"7014854",371863,2025-08-13 02:04:04,43.0474128723145,-9.30050373077393,"Unknown"
"7014854",371863,2025-08-13 02:14:04,43.0473556518555,-9.30036067962646,"Unknown"
"7014854",371863,2025-08-13 02:24:04,43.0474128723145,-9.30050563812256,"Unknown"
"7014854",371863,2025-08-13 02:34:07,43.0474510192871,-9.30057144165039,"Unknown"
"7014854",371863,2025-08-13 02:44:10,43.0472640991211,-9.30029296875,"Unknown"
"7014854",371863,2025-08-13 02:54:08,43.047435760498,-9.30057334899902,"Unknown"
"7014854",371863,2025-08-13 03:04:07,43.0474014282227,-9.3004789352417,"Unknown"
"7014854",371863,2025-08-13 03:14:14,43.0473556518555,-9.30041885375977,"Unknown"
"7014854",371863,2025-08-13 03:24:04,43.0473098754883,-9.30025196075439,"Unknown"
"7014854",371863,2025-08-13 03:34:07,43.0474510192871,-9.30043125152588,"Unknown"
"7014854",371863,2025-08-13 03:44:35,43.0474243164062,-9.30044269561768,"Unknown"
"7014854",371863,2025-08-13 03:54:03,43.047435760498,-9.30042171478271,"Unknown"
"7014854",371863,2025-08-13 04:04:03,43.0473937988281,-9.300368309021,"Unknown"
"7014854",371863,2025-08-13 04:14:03,43.0473747253418,-9.30052757263184,"Unknown"
"7014854",371863,2025-08-13 04:24:03,43.04736328125,-9.30048942565918,"Unknown"
"7014854",371863,2025-08-13 04:34:03,43.0473670959473,-9.30013370513916,"Unknown"
"7014854",371863,2025-08-13 04:44:04,43.04736328125,-9.30047702789307,"Unknown"
"7014854",371863,2025-08-13 04:54:04,43.0473861694336,-9.30058288574219,"Unknown"
"7014854",371863,2025-08-13 05:04:04,43.0474166870117,-9.30063343048096,"Unknown"
"7014854",371863,2025-08-13 05:14:04,43.0474052429199,-9.30053615570068,"Unknown"
"7014854",371863,2025-08-13 05:24:04,43.0474319458008,-9.30058860778809,"Unknown"
"7014854",371863,2025-08-13 05:34:04,43.0474052429199,-9.30058479309082,"Unknown"
"7014854",371863,2025-08-13 05:44:04,43.0473823547363,-9.30052089691162,"Unknown"
"7014854",371863,2025-08-13 05:54:04,43.047420501709,-9.30063152313232,"Unknown"
"7014854",371863,2025-08-13 06:04:15,43.0473823547363,-9.30061340332031,"Unknown"
"7014854",371863,2025-08-13 06:14:09,43.04736328125,-9.30054664611816,"Unknown"
"7014854",371863,2025-08-13 06:24:09,43.0473861694336,-9.30061149597168,"Unknown"
"7014854",371863,2025-08-13 06:34:09,43.0473785400391,-9.30057907104492,"Unknown"
"7014854",371863,2025-08-13 06:44:15,43.0473480224609,-9.3005485534668,"Unknown"
"7014854",371863,2025-08-13 06:55:14,43.0473747253418,-9.30041694641113,"Unknown"
"7014854",371863,2025-08-13 07:04:03,43.0473403930664,-9.30045986175537,"Unknown"
"7014854",371863,2025-08-13 07:14:04,43.0474052429199,-9.30040168762207,"Unknown"
"7014854",371863,2025-08-13 07:24:03,43.0473937988281,-9.3004264831543,"Unknown"
"7014854",371863,2025-08-13 07:34:04,43.0474281311035,-9.30044460296631,"Unknown"
"7014854",371863,2025-08-13 07:44:08,43.0473480224609,-9.30057334899902,"Unknown"
"7014854",371863,2025-08-13 07:54:35,43.0474319458008,-9.30046653747559,"Unknown"
"7014854",371863,2025-08-13 08:04:35,43.0474967956543,-9.30050754547119,"Unknown"
"7014854",371863,2025-08-13 08:14:03,43.0474700927734,-9.3003978729248,"Unknown"
"7014854",371863,2025-08-13 08:24:03,43.0474166870117,-9.30036354064941,"Unknown"
"7014854",371863,2025-08-13 08:34:04,43.0474815368652,-9.30048847198486,"Unknown"
"7014854",371863,2025-08-13 08:44:08,43.0474014282227,-9.30041313171387,"Unknown"
"7014854",371863,2025-08-13 08:54:14,43.0476875305176,-9.30065155029297,"Unknown"
"7014854",371863,2025-08-13 09:04:09,43.0472030639648,-9.30025577545166,"Unknown"
"7014854",371863,2025-08-13 09:14:35,43.0474090576172,-9.30043411254883,"Unknown"
"7014854",371863,2025-08-13 09:24:03,43.047550201416,-9.30020618438721,"Unknown"
"7014854",371863,2025-08-13 09:34:04,43.0473899841309,-9.30046081542969,"Unknown"
"7014854",371863,2025-08-13 09:44:04,43.0474281311035,-9.30039501190186,"Unknown"
"7014854",371863,2025-08-13 09:54:08,43.0473937988281,-9.30046844482422,"Unknown"
"7014854",371863,2025-08-13 10:04:22,43.0473899841309,-9.30047607421875,"Unknown"
"7014854",371863,2025-08-13 10:14:06,43.0471420288086,-9.30080986022949,"Unknown"
"7014854",371863,2025-08-13 10:24:05,43.0471534729004,-9.30072498321533,"Unknown"
"7014854",371863,2025-08-13 10:34:04,43.0472297668457,-9.30062675476074,"Unknown"
"7014854",371863,2025-08-13 10:44:06,43.0472640991211,-9.300537109375,"Unknown"
"7014854",371863,2025-08-13 10:54:11,43.0472106933594,-9.30045986175537,"Unknown"
"7014854",371863,2025-08-13 11:04:03,43.0472373962402,-9.30044746398926,"Unknown"
"7014854",371863,2025-08-13 11:14:03,43.0472297668457,-9.3004207611084,"Unknown"
"7014854",371863,2025-08-13 11:24:06,43.0471115112305,-9.30033874511719,"Unknown"
"7014854",371863,2025-08-13 11:34:09,43.0470275878906,-9.30023574829102,"Unknown"
"7014854",371863,2025-08-13 11:44:11,43.0473403930664,-9.30045795440674,"Unknown"
"7014854",371863,2025-08-13 11:54:09,43.0472831726074,-9.30040836334229,"Unknown"
"7014854",371863,2025-08-13 12:04:09,43.0473861694336,-9.30052852630615,"Unknown"
"7014854",371863,2025-08-13 12:14:09,43.0473403930664,-9.30050563812256,"Unknown"
"7014854",371863,2025-08-13 12:24:09,43.0473175048828,-9.30047988891602,"Unknown"
"7014854",371863,2025-08-13 12:34:15,43.0474052429199,-9.3005428314209,"Unknown"
"7014854",371863,2025-08-13 12:44:14,43.0474853515625,-9.30064582824707,"Unknown"
"7014854",371863,2025-08-13 12:54:34,43.0474090576172,-9.30055332183838,"Unknown"
"7014854",371863,2025-08-13 13:04:03,43.0474662780762,-9.30058860778809,"Unknown"
"7014854",371863,2025-08-13 13:14:04,43.0474662780762,-9.30052280426025,"Unknown"
"7014854",371863,2025-08-13 13:24:06,43.0473937988281,-9.3004903793335,"Unknown"
"7014854",371863,2025-08-13 13:34:09,43.0473976135254,-9.30048751831055,"Unknown"
"7014854",371863,2025-08-13 13:44:09,43.0473861694336,-9.30043601989746,"Unknown"
"7014854",371863,2025-08-13 13:54:14,43.0473251342773,-9.30033111572266,"Unknown"
"7014854",371863,2025-08-13 14:04:09,43.0473937988281,-9.30041790008545,"Unknown"
"7014854",371863,2025-08-13 14:14:09,43.0473976135254,-9.30046081542969,"Unknown"
"7014854",371863,2025-08-13 14:24:09,43.047420501709,-9.30049324035645,"Unknown"
"7014854",371863,2025-08-13 14:34:08,43.0474395751953,-9.30046558380127,"Unknown"
"7014854",371863,2025-08-13 14:44:10,43.0473823547363,-9.30043029785156,"Unknown"
"7014854",371863,2025-08-13 14:54:03,43.0473899841309,-9.30035781860352,"Unknown"
"7014854",371863,2025-08-13 15:04:09,43.0474014282227,-9.30047416687012,"Unknown"
"7014854",371863,2025-08-13 15:14:14,43.0474090576172,-9.30051231384277,"Unknown"
"7014854",371863,2025-08-13 15:24:03,43.0473022460938,-9.30039501190186,"Unknown"
"7014854",371863,2025-08-13 15:34:35,43.0474395751953,-9.30051040649414,"Unknown"
"7014854",371863,2025-08-13 15:44:04,43.0473976135254,-9.30049800872803,"Unknown"
"7014854",371863,2025-08-13 15:54:07,43.0473747253418,-9.30048847198486,"Unknown"
"7014854",371863,2025-08-13 16:04:07,43.047420501709,-9.30045413970947,"Unknown"
"7014854",371863,2025-08-13 16:14:10,43.0473213195801,-9.30049896240234,"Unknown"
"7014854",371863,2025-08-13 16:24:09,43.0473442077637,-9.30052089691162,"Unknown"
"7014854",371863,2025-08-13 16:34:14,43.0473861694336,-9.30048656463623,"Unknown"
"7014854",371863,2025-08-13 16:44:04,43.0474510192871,-9.30058002471924,"Unknown"
"7014854",371863,2025-08-13 16:54:10,43.0473594665527,-9.30040740966797,"Unknown"
"7014854",371863,2025-08-13 17:04:03,43.0474090576172,-9.30047798156738,"Unknown"
"7014854",371863,2025-08-13 17:14:03,43.0474166870117,-9.30047130584717,"Unknown"
"7014854",371863,2025-08-13 17:24:04,43.0473136901855,-9.30034160614014,"Unknown"
"7014854",371863,2025-08-13 17:34:09,43.0473365783691,-9.30035209655762,"Unknown"
"7014854",371863,2025-08-13 17:44:12,43.0473175048828,-9.30034923553467,"Unknown"
"7014854",371863,2025-08-13 17:54:13,43.04736328125,-9.30030822753906,"Unknown"
"7014854",371863,2025-08-13 18:04:35,43.0473976135254,-9.30042552947998,"Unknown"
"7014854",371863,2025-08-13 18:14:03,43.0472679138184,-9.30014896392822,"Unknown"
"7014854",371863,2025-08-13 18:24:04,43.0474472045898,-9.300461769104,"Unknown"
"7014854",371863,2025-08-13 18:34:04,43.047435760498,-9.30046844482422,"Unknown"
"7014854",371863,2025-08-13 18:44:06,43.0474548339844,-9.30050182342529,"Unknown"
"7014854",371863,2025-08-13 18:54:11,43.047306060791,-9.30047035217285,"Unknown"
"7014854",371863,2025-08-13 19:04:09,43.0473136901855,-9.30045986175537,"Unknown"
"7014854",371863,2025-08-13 19:14:09,43.0473403930664,-9.30044364929199,"Unknown"
"7014854",371863,2025-08-13 19:24:08,43.0473785400391,-9.30047130584717,"Unknown"
"7014854",371863,2025-08-13 19:34:09,43.0473136901855,-9.3004207611084,"Unknown"
"7014854",371863,2025-08-13 19:44:09,43.0472946166992,-9.30042362213135,"Unknown"
"7014854",371863,2025-08-13 19:54:35,43.0473365783691,-9.30049419403076,"Unknown"
"7014854",371863,2025-08-13 20:04:03,43.0473747253418,-9.30054950714111,"Unknown"
"7014854",371863,2025-08-13 20:14:04,43.0473594665527,-9.30041599273682,"Unknown"
"7014854",371863,2025-08-13 20:24:03,43.0474052429199,-9.30065536499023,"Unknown"
"7014854",371863,2025-08-13 20:54:14,43.0473747253418,-9.30062580108643,"Unknown"
"7014854",371863,2025-08-13 21:24:11,43.0473709106445,-9.30062770843506,"Unknown"
"7014854",371863,2025-08-13 21:54:35,43.0474090576172,-9.30045890808105,"Unknown"
"7014854",371863,2025-08-13 22:24:03,43.04736328125,-9.30048751831055,"Unknown"
"7014854",371863,2025-08-13 22:54:03,43.0472831726074,-9.30038356781006,"Unknown"
"7014854",371863,2025-08-13 23:24:14,43.0473365783691,-9.30048370361328,"Unknown"
"7014854",371863,2025-08-13 23:54:14,43.0473365783691,-9.30046653747559,"Unknown"
"7014854",371863,2025-08-14 00:24:34,43.0472793579102,-9.30051136016846,"Unknown"
"7014854",371863,2025-08-14 00:54:03,43.0473442077637,-9.30037021636963,"Unknown"
"7014854",371863,2025-08-14 01:24:04,43.047306060791,-9.30042457580566,"Unknown"
"7014854",371863,2025-08-14 01:54:10,43.047290802002,-9.30033683776855,"Unknown"
"7014854",371863,2025-08-14 02:24:35,43.0473937988281,-9.30043029785156,"Unknown"
"7014854",371863,2025-08-14 02:54:35,43.0473670959473,-9.3004264831543,"Unknown"
"7014854",371863,2025-08-14 03:24:06,43.0474014282227,-9.30049800872803,"Unknown"
"7014854",371863,2025-08-14 03:54:10,43.0474052429199,-9.30038070678711,"Unknown"
"7014854",371863,2025-08-14 04:24:09,43.0473976135254,-9.30018615722656,"Unknown"
"7014854",371863,2025-08-14 04:54:15,43.0473670959473,-9.30018043518066,"Unknown"
"7014854",371863,2025-08-14 05:24:14,43.047004699707,-9.29971408843994,"Unknown"
"7014854",371863,2025-08-14 05:54:17,43.0473518371582,-9.30050277709961,"Unknown"
"7014854",371863,2025-08-14 06:24:13,43.0531120300293,-9.30993843078613,"Unknown"
"7014854",371863,2025-08-14 06:54:35,43.0474090576172,-9.30050945281982,"Unknown"
"7014854",371863,2025-08-14 07:24:03,43.0474853515625,-9.30052471160889,"Unknown"
"7014854",371863,2025-08-14 07:54:10,43.0474510192871,-9.30038166046143,"Unknown"
"7014854",371863,2025-08-14 08:24:06,43.0473785400391,-9.30025863647461,"Unknown"
"7014854",371863,2025-08-14 08:54:35,43.0473785400391,-9.30035781860352,"Unknown"
"7014854",371863,2025-08-14 09:24:09,43.0473098754883,-9.30025577545166,"Unknown"
"7014854",371863,2025-08-14 09:54:35,43.0473823547363,-9.30046272277832,"Unknown"
"7014854",371863,2025-08-14 10:24:03,43.0473976135254,-9.30047702789307,"Unknown"
"7014854",371863,2025-08-14 10:54:03,43.0473976135254,-9.30052280426025,"Unknown"
"7014854",371863,2025-08-14 11:24:06,43.0473899841309,-9.30051231384277,"Unknown"
"7014854",371863,2025-08-14 11:54:14,43.0474815368652,-9.30060195922852,"Unknown"
"7014854",371863,2025-08-14 12:24:06,43.047420501709,-9.30057334899902,"Unknown"
"7014854",371863,2025-08-14 12:54:36,43.0473861694336,-9.3005199432373,"Unknown"
"7014854",371863,2025-08-14 13:24:03,43.047420501709,-9.30045413970947,"Unknown"
"7014854",371863,2025-08-14 13:54:03,43.0474052429199,-9.30051326751709,"Unknown"
"7014854",371863,2025-08-14 14:24:14,43.047435760498,-9.30049133300781,"Unknown"
"7014854",371863,2025-08-14 14:54:15,43.0474014282227,-9.30054378509521,"Unknown"
"7014854",371863,2025-08-14 15:24:09,43.0472717285156,-9.30043983459473,"Unknown"
"7014854",371863,2025-08-14 15:54:16,43.0473289489746,-9.30033111572266,"Unknown"
"7014854",371863,2025-08-14 16:24:35,43.0473518371582,-9.30053520202637,"Unknown"
"7014854",371863,2025-08-14 16:54:04,43.0474166870117,-9.30078506469727,"Unknown"
"7014854",371863,2025-08-14 17:24:14,43.0474243164062,-9.3005485534668,"Unknown"
"7014854",371863,2025-08-14 17:54:14,43.0474090576172,-9.30051898956299,"Unknown"
"7014854",371863,2025-08-14 18:24:14,43.0473480224609,-9.30033493041992,"Unknown"
"7014854",371863,2025-08-14 18:54:35,43.0473785400391,-9.30042839050293,"Unknown"
"7014854",371863,2025-08-14 19:24:03,43.0473823547363,-9.3004322052002,"Unknown"
"7014854",371863,2025-08-14 19:54:04,43.0473327636719,-9.30047607421875,"Unknown"
"7014854",371863,2025-08-14 20:24:15,43.0473709106445,-9.30053329467773,"Unknown"
"7014854",371863,2025-08-14 20:54:35,43.0473899841309,-9.3004674911499,"Unknown"
"7014854",371863,2025-08-14 21:24:09,43.047477722168,-9.30039978027344,"Unknown"
"7014854",371863,2025-08-14 21:54:15,43.0474472045898,-9.30041027069092,"Unknown"
"7014854",371863,2025-08-14 22:24:04,43.047191619873,-9.30048561096191,"Unknown"
"7014854",371863,2025-08-14 22:54:35,43.0473365783691,-9.30045223236084,"Unknown"
"7014854",371863,2025-08-14 23:24:03,43.0474014282227,-9.30049228668213,"Unknown"
"7014854",371863,2025-08-14 23:54:04,43.0473709106445,-9.30048656463623,"Unknown"
"7014854",371863,2025-08-15 00:24:35,43.0473899841309,-9.30047798156738,"Unknown"
"7014854",371863,2025-08-15 00:54:14,43.0474128723145,-9.30053234100342,"Unknown"
"7014854",371863,2025-08-15 01:24:04,43.047420501709,-9.30048274993896,"Unknown"
"7014854",371863,2025-08-15 01:54:35,43.0474014282227,-9.3004674911499,"Unknown"
"7014854",371863,2025-08-15 02:24:03,43.0474319458008,-9.30048179626465,"Unknown"
"7014854",371863,2025-08-15 02:54:09,43.0473823547363,-9.30045604705811,"Unknown"
"7014854",371863,2025-08-15 03:24:35,43.0474128723145,-9.30046081542969,"Unknown"
"7014854",371863,2025-08-15 03:54:03,43.0474624633789,-9.30028057098389,"Unknown"
"7014854",371863,2025-08-15 04:24:03,43.0473518371582,-9.30030155181885,"Unknown"
"7014854",371863,2025-08-15 04:54:35,43.0474052429199,-9.30048751831055,"Unknown"
"7014854",371863,2025-08-15 05:24:03,43.0473403930664,-9.3005428314209,"Unknown"
"7014854",371863,2025-08-15 05:54:03,43.0472755432129,-9.300537109375,"Unknown"
"7014854",371863,2025-08-15 06:24:05,43.047306060791,-9.30064296722412,"Unknown"
"7014854",371863,2025-08-15 06:54:12,43.0473861694336,-9.30065059661865,"Unknown"
"7014854",371863,2025-08-15 07:24:10,43.0473899841309,-9.3006534576416,"Unknown"
"7014854",371863,2025-08-15 07:54:32,43.0475921630859,-9.30068492889404,"Unknown"
"7014854",371863,2025-08-15 08:24:44,43.0473899841309,-9.30048084259033,"Unknown"
"7014854",371863,2025-08-15 08:54:35,43.0474014282227,-9.3005199432373,"Unknown"
"7014854",371863,2025-08-15 09:24:09,43.0473976135254,-9.30051517486572,"Unknown"
"7014854",371863,2025-08-15 09:54:35,43.0473976135254,-9.30047988891602,"Unknown"
"7014854",371863,2025-08-15 10:24:03,43.0473785400391,-9.30052185058594,"Unknown"
"7014854",371863,2025-08-15 10:54:03,43.0473365783691,-9.30042266845703,"Unknown"
"7014854",371863,2025-08-15 11:24:06,43.0473899841309,-9.30051612854004,"Unknown"
"7014854",371863,2025-08-15 11:54:14,43.0474128723145,-9.30051136016846,"Unknown"
"7014854",371863,2025-08-15 12:24:03,43.0475158691406,-9.30064487457275,"Unknown"
"7014854",371863,2025-08-15 12:54:15,43.0474662780762,-9.30041790008545,"Unknown"
"7014854",371863,2025-08-15 13:24:04,43.0476570129395,-9.30078506469727,"Unknown"
"7014854",371863,2025-08-15 13:54:15,43.0473251342773,-9.30062389373779,"Unknown"
"7014854",371863,2025-08-15 14:24:35,43.0473937988281,-9.30050754547119,"Unknown"
"7014854",371863,2025-08-15 14:54:03,43.0474700927734,-9.30057430267334,"Unknown"
"7014854",371863,2025-08-15 15:24:06,43.0475845336914,-9.30080604553223,"Unknown"
"7014854",371863,2025-08-15 15:54:14,43.0474090576172,-9.30053329467773,"Unknown"
"7014854",371863,2025-08-15 16:24:09,43.0473670959473,-9.30054950714111,"Unknown"
"7014854",371863,2025-08-15 16:54:35,43.04736328125,-9.30050659179688,"Unknown"
"7014854",371863,2025-08-15 17:24:03,43.0473365783691,-9.30045509338379,"Unknown"
"7014854",371863,2025-08-15 17:54:14,43.0473747253418,-9.30046081542969,"Unknown"
"7014854",371863,2025-08-15 18:24:03,43.0473556518555,-9.30031490325928,"Unknown"
"7014854",371863,2025-08-15 18:54:14,43.0474128723145,-9.30040073394775,"Unknown"
"7014854",371863,2025-08-15 19:24:07,43.0473556518555,-9.30075263977051,"Unknown"
"7014854",371863,2025-08-15 19:54:36,43.0473709106445,-9.30047225952148,"Unknown"
"7014854",371863,2025-08-15 20:24:13,43.0474166870117,-9.30044651031494,"Unknown"
"7014854",371863,2025-08-15 20:54:33,43.0474548339844,-9.30045604705811,"Unknown"
"7014854",371863,2025-08-15 21:24:04,43.0478363037109,-9.2977409362793,"Unknown"
"7014854",371863,2025-08-15 21:54:13,43.0473709106445,-9.30043125152588,"Unknown"
"7014854",371863,2025-08-15 22:24:09,43.0178070068359,-9.29183197021484,"Unknown"
"7014854",371863,2025-08-15 22:54:17,43.044849395752,-9.29809284210205,"Unknown"
"7014854",371863,2025-08-15 23:24:03,43.0444717407227,-9.29784679412842,"Unknown"
"7014854",371863,2025-08-15 23:54:34,43.0473823547363,-9.30047702789307,"Unknown"
"7014854",371863,2025-08-16 00:24:04,43.0443725585938,-9.29293155670166,"Unknown"
"7014854",371863,2025-08-16 00:54:15,43.0473861694336,-9.30055713653564,"Unknown"
"7014854",371863,2025-08-16 01:24:16,43.0474510192871,-9.30063724517822,"Unknown"
"7014854",371863,2025-08-16 01:54:37,43.04736328125,-9.30045604705811,"Unknown"
"7014854",371863,2025-08-16 02:24:07,43.0474891662598,-9.30086326599121,"Unknown"
"7014854",371863,2025-08-16 02:54:16,43.0473289489746,-9.30039978027344,"Unknown"
"7014854",371863,2025-08-16 03:24:37,43.0474548339844,-9.30033493041992,"Unknown"
"7014854",371863,2025-08-16 03:54:08,43.0474548339844,-9.30033588409424,"Unknown"
"7014854",371863,2025-08-16 04:24:04,43.0474166870117,-9.30050754547119,"Unknown"
"7014854",371863,2025-08-16 04:54:44,43.047420501709,-9.30063438415527,"Unknown"
"7014854",371863,2025-08-16 05:24:19,43.0471115112305,-9.29825592041016,"Unknown"
"7014854",371863,2025-08-16 05:54:34,43.0474586486816,-9.30051612854004,"Unknown"
"7014854",371863,2025-08-16 06:24:11,43.0473136901855,-9.30068683624268,"Unknown"
"7014854",371863,2025-08-16 06:54:14,43.0473327636719,-9.30074501037598,"Unknown"
"7014854",371863,2025-08-16 07:24:40,43.0474090576172,-9.30042362213135,"Unknown"
"7014854",371863,2025-08-16 07:54:11,43.0474472045898,-9.30045413970947,"Unknown"
"7014854",371863,2025-08-16 08:24:35,43.0474128723145,-9.30050086975098,"Unknown"
"7014854",371863,2025-08-16 08:54:15,43.0473747253418,-9.30047798156738,"Unknown"
"7014854",371863,2025-08-16 09:24:03,43.0461463928223,-9.3083667755127,"Unknown"
"7014854",371863,2025-08-16 09:54:13,43.0473556518555,-9.30051136016846,"Unknown"
"7014854",371863,2025-08-16 10:24:06,43.0466041564941,-9.29776096343994,"Unknown"
"7014854",371863,2025-08-16 10:54:15,43.0473327636719,-9.3005256652832,"Unknown"
"7014854",371863,2025-08-16 11:24:15,43.047477722168,-9.30041980743408,"Unknown"
"7014854",371863,2025-08-16 11:54:45,43.0495681762695,-9.30698680877686,"Unknown"
"7014854",371863,2025-08-16 12:24:05,43.0403137207031,-9.27986907958984,"Unknown"
"7014854",371863,2025-08-16 12:54:36,43.0474243164062,-9.3004903793335,"Unknown"
"7014854",371863,2025-08-16 13:24:17,43.0474052429199,-9.30046653747559,"Unknown"
"7014854",371863,2025-08-16 13:54:18,43.0474052429199,-9.30049705505371,"Unknown"
"7014854",371863,2025-08-16 14:24:13,43.0474243164062,-9.30048274993896,"Unknown"
"7014854",371863,2025-08-16 14:54:35,43.0474281311035,-9.30050373077393,"Unknown"
"7014854",371863,2025-08-16 15:24:18,43.0473823547363,-9.30049705505371,"Unknown"
"7014854",371863,2025-08-16 15:54:14,43.0473403930664,-9.3005428314209,"Unknown"
"7014854",371863,2025-08-16 16:24:07,43.0509948730469,-9.30952548980713,"Unknown"
"7014854",371863,2025-08-16 16:54:36,43.0473823547363,-9.30051708221436,"Unknown"
"7014854",371863,2025-08-16 17:24:36,43.0473937988281,-9.30043411254883,"Unknown"
"7014854",371863,2025-08-16 17:54:04,43.0474624633789,-9.30053424835205,"Unknown"
"7014854",371863,2025-08-16 18:24:13,43.0473823547363,-9.30043506622314,"Unknown"
"7014854",371863,2025-08-16 18:54:06,43.0456771850586,-9.29156684875488,"Unknown"
"7014854",371863,2025-08-16 19:24:15,43.0473670959473,-9.30037784576416,"Unknown"
"7014854",371863,2025-08-16 19:54:13,43.0473442077637,-9.30023574829102,"Unknown"
"7014854",371863,2025-08-16 20:24:10,43.0474090576172,-9.30059242248535,"Unknown"
"7014854",371863,2025-08-16 20:54:36,43.0474472045898,-9.30040645599365,"Unknown"
"7014854",371863,2025-08-16 21:24:09,43.0475654602051,-9.30043888092041,"Unknown"
"7014854",371863,2025-08-16 21:54:19,43.0476188659668,-9.30052852630615,"Unknown"
"7014854",371863,2025-08-16 22:24:36,43.0473976135254,-9.30045604705811,"Unknown"
"7014854",371863,2025-08-16 22:54:10,43.0475196838379,-9.3007755279541,"Unknown"
"7014854",371863,2025-08-16 23:24:05,43.0551795959473,-9.30805206298828,"Unknown"
"7014854",371863,2025-08-16 23:54:05,43.0474281311035,-9.30051136016846,"Unknown"
"7014854",371863,2025-08-17 00:24:36,43.0473861694336,-9.30048942565918,"Unknown"
"7014854",371863,2025-08-17 00:54:12,43.0473213195801,-9.3001823425293,"Unknown"
"7014854",371863,2025-08-17 01:24:07,43.0444107055664,-9.28737258911133,"Unknown"
"7014854",371863,2025-08-17 01:54:36,43.0473670959473,-9.30046367645264,"Unknown"
"7014854",371863,2025-08-17 02:24:09,43.0483360290527,-9.30038452148438,"Unknown"
"7014854",371863,2025-08-17 02:54:35,43.0473251342773,-9.30050754547119,"Unknown"
"7014854",371863,2025-08-17 03:24:14,43.0474014282227,-9.30042362213135,"Unknown"
"7014854",371863,2025-08-17 03:54:06,43.0473899841309,-9.30038738250732,"Unknown"
"7014854",371863,2025-08-17 04:24:36,43.0474128723145,-9.30040073394775,"Unknown"
"7014854",371863,2025-08-17 04:54:04,43.0474739074707,-9.30044651031494,"Unknown"
"7014854",371863,2025-08-17 05:24:04,43.0474853515625,-9.30035209655762,"Unknown"
"7014854",371863,2025-08-17 05:54:05,43.0475921630859,-9.30069255828857,"Unknown"
"7014854",371863,2025-08-17 06:24:36,43.047435760498,-9.30052089691162,"Unknown"
"7014854",371863,2025-08-17 06:54:03,43.0477676391602,-9.30886936187744,"Unknown"
"7014854",371863,2025-08-17 07:24:09,43.0469932556152,-9.30113983154297,"Unknown"
"7014854",371863,2025-08-17 07:54:34,43.0474128723145,-9.30041027069092,"Unknown"
"7014854",371863,2025-08-17 08:24:12,43.0475044250488,-9.30127143859863,"Unknown"
"7014854",371863,2025-08-17 08:54:12,43.0473098754883,-9.30050945281982,"Unknown"
"7014854",371863,2025-08-17 09:24:36,43.0473785400391,-9.30047130584717,"Unknown"
"7014854",371863,2025-08-17 09:54:09,43.0473556518555,-9.3007116317749,"Unknown"
"7014854",371863,2025-08-17 10:24:12,43.0473785400391,-9.30044746398926,"Unknown"
"7014854",371863,2025-08-17 10:54:09,43.0472526550293,-9.30053043365479,"Unknown"
"7014854",371863,2025-08-17 11:54:13,43.0473594665527,-9.30040740966797,"Unknown"
"7014854",371863,2025-08-17 12:54:16,43.047420501709,-9.30058097839355,"Unknown"
"7014854",371863,2025-08-17 13:54:04,43.0405426025391,-9.29904079437256,"Unknown"
"7014854",371863,2025-08-17 14:24:02,43.0473823547363,-9.30046844482422,"Unknown"
"7014854",371863,2025-08-17 14:54:45,43.0473480224609,-9.30042934417725,"Unknown"
"7014854",371863,2025-08-17 15:24:33,43.0473937988281,-9.30049610137939,"Unknown"
"7014854",371863,2025-08-17 15:54:06,43.0473861694336,-9.30053520202637,"Unknown"
"7014854",371863,2025-08-17 16:24:34,43.0473747253418,-9.30050277709961,"Unknown"
"7014854",371863,2025-08-17 16:54:04,43.0526733398438,-9.30902194976807,"Unknown"
"7014854",371863,2025-08-17 17:24:09,43.0471687316895,-9.30023574829102,"Unknown"
"7014854",371863,2025-08-17 17:54:19,43.0474014282227,-9.30045127868652,"Unknown"
"7014854",371863,2025-08-17 18:24:13,43.0473899841309,-9.30047035217285,"Unknown"
"7014854",371863,2025-08-17 18:54:34,43.0473709106445,-9.30044746398926,"Unknown"
"7014854",371863,2025-08-17 19:24:04,43.0422821044922,-9.29960918426514,"Unknown"
"7014854",371863,2025-08-17 19:54:38,43.0473861694336,-9.30041408538818,"Unknown"
"7014854",371863,2025-08-17 20:24:04,43.0470809936523,-9.29150199890137,"Unknown"
"7014854",371863,2025-08-17 20:54:16,43.0458908081055,-9.3002347946167,"Unknown"
"7014854",371863,2025-08-17 21:24:13,43.0472602844238,-9.30060482025146,"Unknown"
"7014854",371863,2025-08-17 21:54:35,43.04736328125,-9.30044078826904,"Unknown"
"7014854",371863,2025-08-17 22:24:06,43.0543518066406,-9.30734062194824,"Unknown"
"7014854",371863,2025-08-17 22:54:12,43.0474281311035,-9.30045700073242,"Unknown"
"7014854",371863,2025-08-17 23:24:15,43.0471153259277,-9.30017948150635,"Unknown"
"7014854",371863,2025-08-17 23:54:04,43.0475006103516,-9.3004903793335,"Unknown"
"7014854",371863,2025-08-18 00:24:35,43.0473480224609,-9.30043983459473,"Unknown"
"7014854",371863,2025-08-18 00:54:06,43.0433807373047,-9.2892370223999,"Unknown"
"7014854",371863,2025-08-18 01:24:08,43.0472946166992,-9.3004035949707,"Unknown"
"7014854",371863,2025-08-18 01:54:35,43.0473747253418,-9.30046367645264,"Unknown"
"7014854",371863,2025-08-18 02:24:10,43.0532989501953,-9.30572986602783,"Unknown"
"7014854",371863,2025-08-18 02:54:16,43.0474433898926,-9.30052661895752,"Unknown"
"7014854",371863,2025-08-18 03:24:47,43.0507698059082,-9.30160903930664,"Unknown"
"7014854",371863,2025-08-18 04:24:11,43.0473365783691,-9.30047035217285,"Unknown"
"7014854",371863,2025-08-18 04:54:14,43.0474243164062,-9.30049133300781,"Unknown"
"7014854",371863,2025-08-18 05:24:23,43.0467262268066,-9.29178237915039,"Unknown"
"7014854",371863,2025-08-18 05:54:28,43.0473861694336,-9.29972839355469,"Unknown"
"7014854",371863,2025-08-18 06:24:36,43.0474014282227,-9.30050086975098,"Unknown"
"7014854",371863,2025-08-18 06:54:04,43.0475082397461,-9.30861759185791,"Unknown"
"7014854",371863,2025-08-18 07:24:09,43.0474891662598,-9.30014896392822,"Unknown"
"7014854",371863,2025-08-18 07:54:13,43.047420501709,-9.30039596557617,"Unknown"
"7014854",371863,2025-08-18 08:24:26,43.0475120544434,-9.30022048950195,"Unknown"
"7014854",371863,2025-08-18 08:54:41,43.0473899841309,-9.30045318603516,"Unknown"
"7014854",371863,2025-08-18 09:24:06,43.0471305847168,-9.29474639892578,"Unknown"
"7014854",371863,2025-08-18 09:54:08,43.0473937988281,-9.3004789352417,"Unknown"
"7014854",371863,2025-08-18 10:24:13,43.0473937988281,-9.30048751831055,"Unknown"
"7014854",371863,2025-08-18 10:54:15,43.0473670959473,-9.30048179626465,"Unknown"
"7014854",371863,2025-08-18 11:24:06,43.0467185974121,-9.29980087280273,"Unknown"
"7014854",371863,2025-08-18 11:54:19,43.0473098754883,-9.3004264831543,"Unknown"
"7014854",371863,2025-08-18 12:25:00,43.0473976135254,-9.30047988891602,"Unknown"
"7014854",371863,2025-08-18 12:54:04,43.0477447509766,-9.28777599334717,"Unknown"
"7014854",371863,2025-08-18 13:24:16,43.047737121582,-9.30045509338379,"Unknown"
"7014854",371863,2025-08-18 13:54:14,43.0474433898926,-9.30051326751709,"Unknown"
"7014854",371863,2025-08-18 14:24:11,43.0462379455566,-9.29917144775391,"Unknown"
"7014854",371863,2025-08-18 14:54:36,43.0474014282227,-9.30050373077393,"Unknown"
"7014854",371863,2025-08-18 15:24:13,43.0474014282227,-9.30050563812256,"Unknown"
"7014854",371863,2025-08-18 15:54:09,43.0475120544434,-9.30058574676514,"Unknown"
"7014854",371863,2025-08-18 16:24:10,43.0474510192871,-9.30059909820557,"Unknown"
"7014854",371863,2025-08-18 16:54:36,43.0473709106445,-9.3004674911499,"Unknown"
"7014854",371863,2025-08-18 17:24:05,43.0474243164062,-9.30052375793457,"Unknown"
"7014854",371863,2025-08-18 17:54:36,43.0473823547363,-9.30043125152588,"Unknown"
"7014854",371863,2025-08-18 18:24:05,43.0473670959473,-9.30044269561768,"Unknown"
"7014854",371863,2025-08-18 18:54:04,43.0492935180664,-9.30966377258301,"Unknown"
"7014854",371863,2025-08-18 19:24:16,43.0473213195801,-9.3023853302002,"Unknown"
"7014854",371863,2025-08-18 19:54:14,43.0473556518555,-9.30041027069092,"Unknown"
"7014854",371863,2025-08-18 20:24:41,43.0474090576172,-9.30036354064941,"Unknown"
"7014854",371863,2025-08-18 20:54:08,43.047550201416,-9.30035305023193,"Unknown"
"7014854",371863,2025-08-18 21:24:17,43.0475730895996,-9.30047035217285,"Unknown"
"7014854",371863,2025-08-18 21:54:15,43.0471534729004,-9.30052280426025,"Unknown"
"7014854",371863,2025-08-18 22:24:37,43.0473670959473,-9.30047798156738,"Unknown"
"7014854",371863,2025-08-18 22:54:16,43.0474014282227,-9.3004789352417,"Unknown"
"7014854",371863,2025-08-18 23:24:06,43.0536613464355,-9.30681419372559,"Unknown"
"7014854",371863,2025-08-18 23:54:14,43.0473937988281,-9.3005542755127,"Unknown"
"7014854",371863,2025-08-19 00:24:36,43.0473594665527,-9.30045318603516,"Unknown"
"7014854",371863,2025-08-19 00:54:10,43.0473251342773,-9.30030727386475,"Unknown"
"7014854",371863,2025-08-19 01:24:06,43.0516166687012,-9.29171276092529,"Unknown"
"7014854",371863,2025-08-19 01:54:35,43.0473289489746,-9.30045032501221,"Unknown"
"7014854",371863,2025-08-19 02:24:07,43.0528945922852,-9.30537414550781,"Unknown"
"7014854",371863,2025-08-19 02:54:13,43.0474433898926,-9.3004674911499,"Unknown"
"7014854",371863,2025-08-19 03:24:32,43.0474395751953,-9.30051040649414,"Unknown"
"7014854",371863,2025-08-19 03:54:08,43.047420501709,-9.30037975311279,"Unknown"
"7014854",371863,2025-08-19 04:24:09,43.0473976135254,-9.30050373077393,"Unknown"
"7014854",371863,2025-08-19 04:54:16,43.0474433898926,-9.30056953430176,"Unknown"
"7014854",371863,2025-08-19 05:24:05,43.0446166992188,-9.29971122741699,"Unknown"
"7014854",371863,2025-08-19 05:54:14,43.0474128723145,-9.30043888092041,"Unknown"
"7014854",371863,2025-08-19 06:24:06,43.0472831726074,-9.30050659179688,"Unknown"
"7014854",371863,2025-08-19 06:54:16,43.0475616455078,-9.30040264129639,"Unknown"
"7014854",371863,2025-08-19 07:25:03,43.0474090576172,-9.30053043365479,"Unknown"
"7014854",371863,2025-08-19 07:54:06,43.0475425720215,-9.30038452148438,"Unknown"
"7014854",371863,2025-08-19 08:24:11,43.0474128723145,-9.30037498474121,"Unknown"
"7014854",371863,2025-08-19 08:54:37,43.0474548339844,-9.30041408538818,"Unknown"
"7014854",371863,2025-08-19 09:24:36,43.0473937988281,-9.30047702789307,"Unknown"
"7014854",371863,2025-08-19 09:54:09,43.0475692749023,-9.30079555511475,"Unknown"
"7014854",371863,2025-08-19 10:24:09,43.0472602844238,-9.3005485534668,"Unknown"
"7014854",371863,2025-08-19 10:54:07,43.0461044311523,-9.29701900482178,"Unknown"
"7014854",371863,2025-08-19 11:24:07,43.0474586486816,-9.30053329467773,"Unknown"
"7014854",371863,2025-08-19 11:54:26,43.0474510192871,-9.30066013336182,"Unknown"
"7014854",371863,2025-08-19 12:24:41,43.0474319458008,-9.30055713653564,"Unknown"
"7014854",371863,2025-08-19 12:54:45,43.0463752746582,-9.30047512054443,"Unknown"
"7014854",371863,2025-08-19 13:24:05,43.0472106933594,-9.29881000518799,"Unknown"
"7014854",371863,2025-08-19 13:54:36,43.0474815368652,-9.30047988891602,"Unknown"
"7014854",371863,2025-08-19 14:24:36,43.0474395751953,-9.30056095123291,"Unknown"
"7014854",371863,2025-08-19 14:54:41,43.0473937988281,-9.30045509338379,"Unknown"
"7014854",371863,2025-08-19 15:24:23,43.0479125976562,-9.30191612243652,"Unknown"
"7014854",371863,2025-08-19 15:54:34,43.0473785400391,-9.3005428314209,"Unknown"
"7014854",371863,2025-08-19 16:24:07,43.0474128723145,-9.30085849761963,"Unknown"
"7014854",371863,2025-08-19 16:54:25,43.0472984313965,-9.30028820037842,"Unknown"
"7014854",371863,2025-08-19 17:24:26,43.0471420288086,-9.29997730255127,"Unknown"
"7014854",371863,2025-08-19 17:54:13,43.0475082397461,-9.30084991455078,"Unknown"
"7014854",371863,2025-08-19 18:25:13,43.0472602844238,-9.3004789352417,"Unknown"
"7014854",371863,2025-08-19 18:54:07,43.0474319458008,-9.30056571960449,"Unknown"
"7014854",371863,2025-08-19 19:24:07,43.0473327636719,-9.30086803436279,"Unknown"
"7014854",371863,2025-08-19 19:54:14,43.0473213195801,-9.30052852630615,"Unknown"
"7014854",371863,2025-08-19 20:24:17,43.0472831726074,-9.30041027069092,"Unknown"
"7014854",371863,2025-08-19 20:54:42,43.0474548339844,-9.30042171478271,"Unknown"
"7014854",371863,2025-08-19 21:24:37,43.0473823547363,-9.30043888092041,"Unknown"
"7014854",371863,2025-08-19 21:54:15,43.0473823547363,-9.30041694641113,"Unknown"
"7014854",371863,2025-08-19 22:24:09,43.047191619873,-9.30049514770508,"Unknown"
"7014854",371863,2025-08-19 22:54:36,43.0473976135254,-9.30052852630615,"Unknown"
"7014854",371863,2025-08-19 23:24:11,43.047477722168,-9.30046272277832,"Unknown"
"7014854",371863,2025-08-19 23:54:20,43.0473785400391,-9.30051612854004,"Unknown"
"7014854",371863,2025-08-20 00:24:14,43.047435760498,-9.30045986175537,"Unknown"
"7014854",371863,2025-08-20 00:54:41,43.0473403930664,-9.30048561096191,"Unknown"
"7014854",371863,2025-08-20 01:24:04,43.0515594482422,-9.29361057281494,"Unknown"
"7014854",371863,2025-08-20 01:54:13,43.0473899841309,-9.30048847198486,"Unknown"
"7014854",371863,2025-08-20 02:24:09,43.0475196838379,-9.30059909820557,"Unknown"
"7014854",371863,2025-08-20 02:54:13,43.0474662780762,-9.30069828033447,"Unknown"
"7014854",371863,2025-08-20 03:25:08,43.047435760498,-9.30037117004395,"Unknown"
"7014854",371863,2025-08-20 03:54:09,43.0473823547363,-9.300461769104,"Unknown"
"7014854",371863,2025-08-20 04:24:13,43.0474700927734,-9.30052185058594,"Unknown"
"7014854",371863,2025-08-20 04:54:16,43.0473861694336,-9.30073356628418,"Unknown"
"7014854",371863,2025-08-20 05:24:09,43.0473327636719,-9.30018424987793,"Unknown"
"7014854",371863,2025-08-20 05:54:43,43.0474319458008,-9.30052947998047,"Unknown"
"7014854",371863,2025-08-20 06:24:06,43.0468292236328,-9.30868530273438,"Unknown"
"7014854",371863,2025-08-20 06:54:09,43.0472068786621,-9.30035018920898,"Unknown"
"7014854",371863,2025-08-20 07:24:08,43.0473556518555,-9.30039024353027,"Unknown"
"7014854",371863,2025-08-20 07:54:41,43.0473937988281,-9.30042457580566,"Unknown"
"7014854",371863,2025-08-20 08:24:12,43.0473289489746,-9.30053043365479,"Unknown"
"7014854",371863,2025-08-20 08:54:35,43.047248840332,-9.30058193206787,"Unknown"
"7014854",371863,2025-08-20 09:24:59,43.0474052429199,-9.30050086975098,"Unknown"
"7014854",371863,2025-08-20 09:54:10,43.0474090576172,-9.30050945281982,"Unknown"
"7014854",371863,2025-08-20 10:24:15,43.0474052429199,-9.3005256652832,"Unknown"
"7014854",371863,2025-08-20 10:54:41,43.0473976135254,-9.30055522918701,"Unknown"
"7014854",371863,2025-08-20 11:24:06,43.0501861572266,-9.30400371551514,"Unknown"
"7014854",371863,2025-08-20 11:54:34,43.0473823547363,-9.30049610137939,"Unknown"
"7014854",371863,2025-08-20 12:24:13,43.0473480224609,-9.30030536651611,"Unknown"
"7014854",371863,2025-08-20 12:54:26,43.0474395751953,-9.30042362213135,"Unknown"
"7014854",371863,2025-08-20 13:24:09,43.0474433898926,-9.30049800872803,"Unknown"
"7014854",371863,2025-08-20 13:54:34,43.0474128723145,-9.30047798156738,"Unknown"
"7014854",371863,2025-08-20 14:24:34,43.0474052429199,-9.30052471160889,"Unknown"
"7014854",371863,2025-08-20 14:54:03,43.0475883483887,-9.30074691772461,"Unknown"
"7014854",371863,2025-08-20 15:24:35,43.0473098754883,-9.30049133300781,"Unknown"
"7014854",371863,2025-08-20 15:54:05,43.0473861694336,-9.3005838394165,"Unknown"
"7014854",371863,2025-08-20 16:24:13,43.0473518371582,-9.30041790008545,"Unknown"
"7014854",371863,2025-08-20 16:54:12,43.0473747253418,-9.30045318603516,"Unknown"
"7014854",371863,2025-08-20 17:24:09,43.047306060791,-9.30038642883301,"Unknown"
"7014854",371863,2025-08-20 17:54:14,43.0472679138184,-9.30027389526367,"Unknown"
"7014854",371863,2025-08-20 18:24:37,43.0473823547363,-9.30045509338379,"Unknown"
"7014854",371863,2025-08-20 18:54:06,43.050895690918,-9.30434226989746,"Unknown"
"7014854",371863,2025-08-20 19:24:09,43.0473556518555,-9.30048274993896,"Unknown"
"7014854",371863,2025-08-20 19:54:20,43.0473861694336,-9.30052089691162,"Unknown"
"7014854",371863,2025-08-20 20:24:09,43.0474166870117,-9.30052852630615,"Unknown"
"7014854",371863,2025-08-20 20:54:34,43.0476684570312,-9.30037784576416,"Unknown"
"7014854",371863,2025-08-20 21:24:40,43.04736328125,-9.30045032501221,"Unknown"
"7014854",371863,2025-08-20 21:54:05,43.0473289489746,-9.30037403106689,"Unknown"
"7014854",371863,2025-08-20 22:24:05,43.0473098754883,-9.30041408538818,"Unknown"
"7014854",371863,2025-08-20 22:54:36,43.0473709106445,-9.30045509338379,"Unknown"
"7014854",371863,2025-08-20 23:24:07,43.0536613464355,-9.30774307250977,"Unknown"
"7014854",371863,2025-08-20 23:54:10,43.0474052429199,-9.30053329467773,"Unknown"
"7014854",371863,2025-08-21 00:24:26,43.0473251342773,-9.30001831054688,"Unknown"
"7014854",371863,2025-08-21 00:54:36,43.0474014282227,-9.30045032501221,"Unknown"
"7014854",371863,2025-08-21 01:24:15,43.0473670959473,-9.30026531219482,"Unknown"
"7014854",371863,2025-08-21 01:54:36,43.0473899841309,-9.30051231384277,"Unknown"
"7014854",371863,2025-08-21 02:24:12,43.0474510192871,-9.30046463012695,"Unknown"
"7014854",371863,2025-08-21 02:54:36,43.0474510192871,-9.30045509338379,"Unknown"
"7014854",371863,2025-08-21 03:24:13,43.047435760498,-9.30030345916748,"Unknown"
"7014854",371863,2025-08-21 03:54:36,43.0474014282227,-9.30041599273682,"Unknown"
"7014854",371863,2025-08-21 04:24:05,43.0473518371582,-9.30049705505371,"Unknown"
"7014854",371863,2025-08-21 04:54:06,43.0474128723145,-9.30047607421875,"Unknown"
"7014854",371863,2025-08-21 05:24:36,43.0473403930664,-9.3004903793335,"Unknown"
"7014854",371863,2025-08-21 05:54:08,43.0472564697266,-9.30013370513916,"Unknown"
"7014854",371863,2025-08-21 06:24:36,43.0474319458008,-9.30048656463623,"Unknown"
"7014854",371863,2025-08-21 06:54:05,43.0475158691406,-9.30051898956299,"Unknown"
"7014854",371863,2025-08-21 07:24:13,43.0474510192871,-9.30042934417725,"Unknown"
"7014854",371863,2025-08-21 07:54:36,43.047435760498,-9.30035495758057,"Unknown"
"7014854",371863,2025-08-21 08:24:36,43.0471572875977,-9.30055332183838,"Unknown"
"7014854",371863,2025-08-21 08:54:35,43.047233581543,-9.30052757263184,"Unknown"
"7014854",371863,2025-08-21 09:24:05,43.0473480224609,-9.30046463012695,"Unknown"
"7014854",371863,2025-08-21 09:54:13,43.0473556518555,-9.30048179626465,"Unknown"
"7014854",371863,2025-08-21 10:24:13,43.0473823547363,-9.30048370361328,"Unknown"
"7014854",371863,2025-08-21 10:54:35,43.0473823547363,-9.30052089691162,"Unknown"
"7014854",371863,2025-08-21 11:24:06,43.0473251342773,-9.30048751831055,"Unknown"
"7014854",371863,2025-08-21 11:54:35,43.0473823547363,-9.30049514770508,"Unknown"
"7014854",371863,2025-08-21 12:24:44,43.0473823547363,-9.30051517486572,"Unknown"
"7014854",371863,2025-08-21 12:54:35,43.0474052429199,-9.30047798156738,"Unknown"
"7014854",371863,2025-08-21 13:24:05,43.0473861694336,-9.30042934417725,"Unknown"
"7014854",371863,2025-08-21 13:54:05,43.0474166870117,-9.30044555664062,"Unknown"
"7014854",371863,2025-08-21 14:24:35,43.047420501709,-9.30051517486572,"Unknown"
"7014854",371863,2025-08-21 14:54:05,43.0474166870117,-9.30063056945801,"Unknown"
"7014854",371863,2025-08-21 15:24:13,43.0473365783691,-9.30051803588867,"Unknown"
"7014854",371863,2025-08-21 15:54:12,43.04736328125,-9.30059242248535,"Unknown"
"7014854",371863,2025-08-21 16:24:35,43.0473899841309,-9.30048942565918,"Unknown"
"7014854",371863,2025-08-21 16:54:05,43.0473823547363,-9.30041885375977,"Unknown"
"7014854",371863,2025-08-21 17:24:05,43.047477722168,-9.30052852630615,"Unknown"
"7014854",371863,2025-08-21 17:54:06,43.0473937988281,-9.30052375793457,"Unknown"
"7014854",371863,2025-08-21 18:24:11,43.0474472045898,-9.30034923553467,"Unknown"
"7014854",371863,2025-08-21 18:54:35,43.0473747253418,-9.30042934417725,"Unknown"
"7014854",371863,2025-08-21 19:24:05,43.0472717285156,-9.30048656463623,"Unknown"
"7014854",371863,2025-08-21 19:54:17,43.0473670959473,-9.30045127868652,"Unknown"
"7014854",371863,2025-08-21 20:24:08,43.0484390258789,-9.3028564453125,"Unknown"
"7014854",371863,2025-08-21 20:54:08,43.0475196838379,-9.30034923553467,"Unknown"
"7014854",371863,2025-08-21 21:24:07,43.0473327636719,-9.30028820037842,"Unknown"
"7014854",371863,2025-08-21 21:54:08,43.0473213195801,-9.30026721954346,"Unknown"
"7014854",371863,2025-08-21 22:24:08,43.0469779968262,-9.3002233505249,"Unknown"
"7014854",371863,2025-08-21 22:54:13,43.0473175048828,-9.30049419403076,"Unknown"
"7014854",371863,2025-08-21 23:24:07,43.0475616455078,-9.30073165893555,"Unknown"
"7014854",371863,2025-08-21 23:54:35,43.0473213195801,-9.3004789352417,"Unknown"
"7014854",371863,2025-08-22 00:24:05,43.0473518371582,-9.30033016204834,"Unknown"
"7014854",371863,2025-08-22 00:54:05,43.0473594665527,-9.30045795440674,"Unknown"
"7014854",371863,2025-08-22 01:24:06,43.0473823547363,-9.30042457580566,"Unknown"
"7014854",371863,2025-08-22 01:54:06,43.04736328125,-9.30041027069092,"Unknown"
"7014854",371863,2025-08-22 02:24:35,43.0474128723145,-9.30046272277832,"Unknown"
"7014854",371863,2025-08-22 02:54:05,43.0474510192871,-9.30045890808105,"Unknown"
"7014854",371863,2025-08-22 03:24:06,43.0475921630859,-9.30023765563965,"Unknown"
"7014854",371863,2025-08-22 03:54:07,43.0473327636719,-9.30047702789307,"Unknown"
"7014854",371863,2025-08-22 04:24:10,43.0474166870117,-9.30059051513672,"Unknown"
"7014854",371863,2025-08-22 04:54:13,43.0473823547363,-9.30055904388428,"Unknown"
"7014854",371863,2025-08-22 05:24:10,43.0473937988281,-9.30056476593018,"Unknown"
"7014854",371863,2025-08-22 05:54:11,43.0471954345703,-9.30063915252686,"Unknown"
"7014854",371863,2025-08-22 06:24:07,43.0474014282227,-9.30057430267334,"Unknown"
"7014854",371863,2025-08-22 06:54:07,43.0477180480957,-9.30071926116943,"Unknown"
"7014854",371863,2025-08-22 07:24:15,43.0475997924805,-9.30048370361328,"Unknown"
"7014854",371863,2025-08-22 07:54:08,43.0474395751953,-9.30014991760254,"Unknown"
"7014854",371863,2025-08-22 08:24:08,43.0474815368652,-9.30098915100098,"Unknown"
"7014854",371863,2025-08-22 08:54:12,43.0464019775391,-9.29945755004883,"Unknown"
"7014854",371863,2025-08-22 09:24:06,43.0473709106445,-9.30022811889648,"Unknown"
"7014854",371863,2025-08-22 09:54:06,43.0473785400391,-9.30039691925049,"Unknown"
"7014854",371863,2025-08-22 10:24:07,43.0474433898926,-9.30053997039795,"Unknown"
"7014854",371863,2025-08-22 10:54:07,43.0475463867188,-9.30057239532471,"Unknown"
"7014854",371863,2025-08-22 11:24:07,43.0475273132324,-9.30046081542969,"Unknown"
"7014854",371863,2025-08-22 11:54:10,43.0476684570312,-9.30045509338379,"Unknown"
"7014854",371863,2025-08-22 12:24:07,43.0476989746094,-9.30051898956299,"Unknown"
"7014854",371863,2025-08-22 12:54:08,43.0476264953613,-9.30057334899902,"Unknown"
"7014854",371863,2025-08-22 13:24:07,43.0475540161133,-9.30066108703613,"Unknown"
"7014854",371863,2025-08-22 13:54:07,43.0475463867188,-9.30058765411377,"Unknown"
"7014854",371863,2025-08-22 14:24:07,43.0474281311035,-9.3004674911499,"Unknown"
"7014854",371863,2025-08-22 14:54:07,43.0476951599121,-9.30069255828857,"Unknown"
"7014854",371863,2025-08-22 15:24:08,43.0479507446289,-9.30012702941895,"Unknown"
"7014854",371863,2025-08-22 15:54:07,43.0477600097656,-9.30069446563721,"Unknown"
"7014854",371863,2025-08-22 16:24:07,43.0478172302246,-9.30073928833008,"Unknown"
"7014854",371863,2025-08-22 16:54:07,43.0478057861328,-9.30041217803955,"Unknown"
"7014854",371863,2025-08-22 17:24:07,43.0475120544434,-9.30040264129639,"Unknown"
"7014854",371863,2025-08-22 17:54:07,43.0475959777832,-9.30041885375977,"Unknown"
"7014854",371863,2025-08-22 18:24:07,43.0478286743164,-9.3004789352417,"Unknown"
"7014854",371863,2025-08-22 18:54:07,43.0477638244629,-9.30054759979248,"Unknown"
"7014854",371863,2025-08-22 19:24:07,43.0476875305176,-9.30052947998047,"Unknown"
"7014854",371863,2025-08-22 19:54:07,43.0474662780762,-9.29950618743896,"Unknown"
"7014854",371863,2025-08-22 20:24:21,43.0478897094727,-9.30087471008301,"Unknown"
"7014854",371863,2025-08-22 20:54:07,43.0476570129395,-9.30141544342041,"Unknown"
"7014854",371863,2025-08-22 21:24:08,43.0475463867188,-9.30059432983398,"Unknown"
"7014854",371863,2025-08-22 21:54:08,43.0475158691406,-9.29992961883545,"Unknown"
"7014854",371863,2025-08-22 22:24:32,43.0475387573242,-9.30033206939697,"Unknown"
"7014854",371863,2025-08-22 22:54:06,43.0472030639648,-9.30106163024902,"Unknown"
"7014854",371863,2025-08-22 23:24:09,43.0471649169922,-9.30147171020508,"Unknown"
"7014854",371863,2025-08-22 23:54:10,43.047924041748,-9.3006010055542,"Unknown"
"7014854",371863,2025-08-23 00:24:07,43.0475311279297,-9.30106067657471,"Unknown"
"7014854",371863,2025-08-23 00:54:10,43.0474700927734,-9.30076694488525,"Unknown"
"7014854",371863,2025-08-23 01:24:10,43.0476608276367,-9.30061435699463,"Unknown"
"7014854",371863,2025-08-23 01:54:07,43.0470314025879,-9.29997253417969,"Unknown"
"7014854",371863,2025-08-23 02:24:06,43.0476913452148,-9.30051136016846,"Unknown"
"7014854",371863,2025-08-23 02:54:07,43.0479354858398,-9.30042934417725,"Unknown"
"7014854",371863,2025-08-23 03:24:07,43.0478706359863,-9.30002117156982,"Unknown"
"7014854",371863,2025-08-23 03:54:10,43.0477676391602,-9.2999153137207,"Unknown"
"7014854",371863,2025-08-23 04:24:35,43.0474700927734,-9.30045318603516,"Unknown"
"7014854",371863,2025-08-23 04:54:05,43.0473594665527,-9.3005256652832,"Unknown"
"7014854",371863,2025-08-23 05:24:05,43.0473747253418,-9.30047130584717,"Unknown"
"7014854",371863,2025-08-23 05:54:06,43.0473670959473,-9.30072021484375,"Unknown"
"7014854",371863,2025-08-23 06:24:15,43.0473785400391,-9.30070495605469,"Unknown"
"7014854",371863,2025-08-23 06:54:35,43.0474090576172,-9.30049324035645,"Unknown"
"7014854",371863,2025-08-23 07:24:05,43.0473861694336,-9.30034828186035,"Unknown"
"7014854",371863,2025-08-23 07:54:07,43.0473976135254,-9.30044937133789,"Unknown"
"7014854",371863,2025-08-23 08:24:07,43.047534942627,-9.30046272277832,"Unknown"
"7014854",371863,2025-08-23 08:54:20,43.0477294921875,-9.30019950866699,"Unknown"
"7014854",371863,2025-08-23 09:24:09,43.0475120544434,-9.29972648620605,"Unknown"
"7014854",371863,2025-08-23 09:54:10,43.0473098754883,-9.29985237121582,"Unknown"
"7014854",371863,2025-08-23 10:24:35,43.0473670959473,-9.30051231384277,"Unknown"
"7014854",371863,2025-08-23 10:54:05,43.0474128723145,-9.30051612854004,"Unknown"
"7014854",371863,2025-08-23 11:24:07,43.0472412109375,-9.30045890808105,"Unknown"
"7014854",371863,2025-08-23 11:54:18,43.0472564697266,-9.30027103424072,"Unknown"
"7014854",371863,2025-08-23 12:24:35,43.0473823547363,-9.30040073394775,"Unknown"
"7014854",371863,2025-08-23 12:54:05,43.0474090576172,-9.30049228668213,"Unknown"
"7014854",371863,2025-08-23 13:24:05,43.0474281311035,-9.3004903793335,"Unknown"
"7014854",371863,2025-08-23 13:54:06,43.0473976135254,-9.30046558380127,"Unknown"
"7014854",371863,2025-08-23 14:24:06,43.0475006103516,-9.30063152313232,"Unknown"
"7014854",371863,2025-08-23 14:54:35,43.0474166870117,-9.30049800872803,"Unknown"
"7014854",371863,2025-08-23 15:24:05,43.0474243164062,-9.30044364929199,"Unknown"
"7014854",371863,2025-08-23 15:54:06,43.0473823547363,-9.30053997039795,"Unknown"
"7014854",371863,2025-08-23 16:24:07,43.0473937988281,-9.30050659179688,"Unknown"
"7014854",371863,2025-08-23 16:54:07,43.0472679138184,-9.30035018920898,"Unknown"
"7014854",371863,2025-08-23 17:24:08,43.0474891662598,-9.3007869720459,"Unknown"
"7014854",371863,2025-08-23 17:54:08,43.0475234985352,-9.30102443695068,"Unknown"
"7014854",371863,2025-08-23 18:24:07,43.0468101501465,-9.30077934265137,"Unknown"
"7014854",371863,2025-08-23 18:54:09,43.0477447509766,-9.30025863647461,"Unknown"
"7014854",371863,2025-08-23 19:24:08,43.0474739074707,-9.30077362060547,"Unknown"
"7014854",371863,2025-08-23 19:54:08,43.0469169616699,-9.30056571960449,"Unknown"
"7014854",371863,2025-08-23 20:24:18,43.0467796325684,-9.3002233505249,"Unknown"
"7014854",371863,2025-08-23 20:54:06,43.046257019043,-9.30067729949951,"Unknown"
"7014854",371863,2025-08-23 21:24:07,43.0477294921875,-9.30027198791504,"Unknown"
"7014854",371863,2025-08-23 21:54:35,43.047306060791,-9.30043411254883,"Unknown"
"7014854",371863,2025-08-23 22:24:05,43.0473823547363,-9.30044841766357,"Unknown"
"7014854",371863,2025-08-23 22:54:06,43.0473747253418,-9.30043983459473,"Unknown"
"7014854",371863,2025-08-23 23:24:06,43.0472831726074,-9.30036067962646,"Unknown"
"7014854",371863,2025-08-23 23:54:22,43.0475006103516,-9.3006649017334,"Unknown"
"7014854",371863,2025-08-24 00:24:35,43.0473327636719,-9.3004150390625,"Unknown"
"7014854",371863,2025-08-24 00:54:05,43.0473709106445,-9.30044364929199,"Unknown"
"7014854",371863,2025-08-24 01:24:06,43.0472640991211,-9.30045127868652,"Unknown"
"7014854",371863,2025-08-24 01:54:09,43.0470275878906,-9.3002462387085,"Unknown"
"7014854",371863,2025-08-24 02:24:11,43.0475578308105,-9.30082988739014,"Unknown"
"7014854",371863,2025-08-24 02:54:12,43.0474739074707,-9.30044746398926,"Unknown"
"7014854",371863,2025-08-24 03:24:08,43.047435760498,-9.30080986022949,"Unknown"
"7014854",371863,2025-08-24 03:54:06,43.0474395751953,-9.3006534576416,"Unknown"
"7014854",371863,2025-08-24 04:24:13,43.0465698242188,-9.30087471008301,"Unknown"
"7014854",371863,2025-08-24 04:54:35,43.0473442077637,-9.30058002471924,"Unknown"
"7014854",371863,2025-08-24 05:24:06,43.0473861694336,-9.30062103271484,"Unknown"
"7014854",371863,2025-08-24 05:54:06,43.0473403930664,-9.30066204071045,"Unknown"
"7014854",371863,2025-08-24 06:24:06,43.0473136901855,-9.30066585540771,"Unknown"
"7014854",371863,2025-08-24 06:54:35,43.047435760498,-9.30047416687012,"Unknown"
"7014854",371863,2025-08-24 07:24:06,43.0473175048828,-9.29995155334473,"Unknown"
"7014854",371863,2025-08-24 07:54:06,43.0472717285156,-9.30006408691406,"Unknown"
"7014854",371863,2025-08-24 08:24:06,43.0473365783691,-9.29999256134033,"Unknown"
"7014854",371863,2025-08-24 08:54:06,43.0474281311035,-9.29996204376221,"Unknown"
"7014854",371863,2025-08-24 09:24:06,43.0474319458008,-9.30017566680908,"Unknown"
"7014854",371863,2025-08-24 09:54:06,43.0473747253418,-9.30039882659912,"Unknown"
"7014854",371863,2025-08-24 10:24:06,43.0473518371582,-9.30041599273682,"Unknown"
"7014854",371863,2025-08-24 10:54:06,43.0471343994141,-9.30033493041992,"Unknown"
"7014854",371863,2025-08-24 11:24:06,43.0468521118164,-9.3001070022583,"Unknown"
"7014854",371863,2025-08-24 11:54:35,43.0473709106445,-9.30033874511719,"Unknown"
"7014854",371863,2025-08-24 12:24:05,43.0473785400391,-9.30051136016846,"Unknown"
"7014854",371863,2025-08-24 12:54:05,43.0473709106445,-9.30044841766357,"Unknown"
"7014854",371863,2025-08-24 13:24:07,43.0474243164062,-9.30050945281982,"Unknown"
"7014854",371863,2025-08-24 13:54:07,43.0473785400391,-9.30050086975098,"Unknown"
"7014854",371863,2025-08-24 14:24:30,43.0475578308105,-9.30070686340332,"Unknown"
"7014854",371863,2025-08-24 14:54:18,43.0475082397461,-9.3007116317749,"Unknown"
"7014854",371863,2025-08-24 15:24:35,43.0472946166992,-9.30048179626465,"Unknown"
"7014854",371863,2025-08-24 15:54:06,43.0473365783691,-9.30028629302979,"Unknown"
"7014854",371863,2025-08-24 16:24:15,43.0473709106445,-9.30049705505371,"Unknown"
"7014854",371863,2025-08-24 16:54:06,43.0474281311035,-9.30047130584717,"Unknown"
"7014854",371863,2025-08-24 17:24:08,43.0474243164062,-9.30051898956299,"Unknown"
"7014854",371863,2025-08-24 17:54:35,43.0473213195801,-9.30038452148438,"Unknown"
"7014854",371863,2025-08-24 18:24:06,43.0473175048828,-9.30047988891602,"Unknown"
"7014854",371863,2025-08-24 18:54:06,43.0474052429199,-9.3005485534668,"Unknown"
"7014854",371863,2025-08-24 19:24:08,43.0473785400391,-9.30037689208984,"Unknown"
"7014854",371863,2025-08-24 19:54:06,43.0467071533203,-9.29997634887695,"Unknown"
"7014854",371863,2025-08-24 20:24:18,43.047908782959,-9.3000545501709,"Unknown"
"7014854",371863,2025-08-24 20:54:07,43.0473937988281,-9.30060195922852,"Unknown"
"7014854",371863,2025-08-24 21:24:07,43.0474815368652,-9.30041313171387,"Unknown"
"7014854",371863,2025-08-24 21:54:07,43.0475425720215,-9.30051898956299,"Unknown"
"7014854",371863,2025-08-24 22:24:07,43.0474052429199,-9.30063438415527,"Unknown"
"7014854",371863,2025-08-24 22:54:07,43.0472640991211,-9.30048942565918,"Unknown"
"7014854",371863,2025-08-24 23:24:10,43.0475807189941,-9.30073738098145,"Unknown"
"7014854",371863,2025-08-24 23:54:08,43.0476417541504,-9.30086135864258,"Unknown"
"7014854",371863,2025-08-25 00:24:10,43.0475387573242,-9.30056381225586,"Unknown"
"7014854",371863,2025-08-25 00:54:19,43.0474853515625,-9.30038642883301,"Unknown"
"7014854",371863,2025-08-25 01:24:35,43.0473861694336,-9.30037593841553,"Unknown"
"7014854",371863,2025-08-25 01:54:06,43.0471153259277,-9.30022430419922,"Unknown"
"7014854",371863,2025-08-25 03:54:08,43.047420501709,-9.30057525634766,"Unknown"
"7014854",371863,2025-08-25 05:54:08,43.0478172302246,-9.30083274841309,"Unknown"
"7014854",371863,2025-08-25 07:54:17,43.0477828979492,-9.3003454208374,"Unknown"
"7014854",371863,2025-08-25 09:54:25,43.0475883483887,-9.29988765716553,"Unknown"
"7014854",371863,2025-08-25 11:54:35,43.0473480224609,-9.30049228668213,"Unknown"
"7014854",371863,2025-08-25 13:54:06,43.0473594665527,-9.30052471160889,"Unknown"
"7014854",371863,2025-08-25 15:54:35,43.0473861694336,-9.30047225952148,"Unknown"
"7014854",371863,2025-08-25 17:54:06,43.0473594665527,-9.30089664459229,"Unknown"
"7014854",371863,2025-08-25 19:54:35,43.0474319458008,-9.30045127868652,"Unknown"
"7014854",371863,2025-08-25 21:54:08,43.0474586486816,-9.30050659179688,"Unknown"
"7014854",371863,2025-08-25 23:54:35,43.04736328125,-9.30043125152588,"Unknown"
"7014854",371863,2025-08-26 01:54:22,43.0471992492676,-9.30018711090088,"Unknown"
"7014854",371863,2025-08-26 03:54:35,43.0474014282227,-9.30043601989746,"Unknown"
"7014854",371863,2025-08-26 05:54:13,43.0474319458008,-9.3001070022583,"Unknown"
"7014854",371863,2025-08-26 07:54:35,43.0473899841309,-9.30037212371826,"Unknown"
"7014854",371863,2025-08-26 09:54:19,43.0473823547363,-9.3003625869751,"Unknown"
"7014854",371863,2025-08-26 11:54:37,43.0473976135254,-9.30048561096191,"Unknown"
"7014854",371863,2025-08-26 13:54:09,43.0473899841309,-9.30055332183838,"Unknown"
"7014854",371863,2025-08-26 15:54:35,43.0473785400391,-9.30049991607666,"Unknown"
"7014854",371863,2025-08-26 17:54:09,43.04736328125,-9.30032539367676,"Unknown"
"7014854",371863,2025-08-26 19:54:35,43.0474510192871,-9.30044460296631,"Unknown"
"7014854",371863,2025-08-26 21:54:30,43.0474739074707,-9.30048656463623,"Unknown"
"7014854",371863,2025-08-26 23:54:36,43.0473823547363,-9.3004035949707,"Unknown"
"7014854",371863,2025-08-27 01:54:35,43.0473899841309,-9.30046367645264,"Unknown"
"7014854",371863,2025-08-27 03:54:10,43.0474815368652,-9.30039024353027,"Unknown"
"7014854",371863,2025-08-27 05:54:35,43.0474166870117,-9.30051612854004,"Unknown"
"7014854",371863,2025-08-27 07:54:35,43.0473899841309,-9.30041599273682,"Unknown"
"7014854",371863,2025-08-27 09:54:12,43.0472030639648,-9.30031585693359,"Unknown"
"7014854",371863,2025-08-27 11:54:38,43.0474243164062,-9.30049610137939,"Unknown"
"7014854",371863,2025-08-27 13:54:35,43.0474090576172,-9.30048084259033,"Unknown"
"7014854",371863,2025-08-27 15:54:38,43.0473785400391,-9.30047512054443,"Unknown"
"7014854",371863,2025-08-27 17:54:35,43.0473403930664,-9.3004789352417,"Unknown"
"7014854",371863,2025-08-27 19:54:35,43.0474281311035,-9.30044364929199,"Unknown"
"7014854",371863,2025-08-27 21:54:35,43.0473899841309,-9.30044937133789,"Unknown"
"7014854",371863,2025-08-27 23:54:35,43.0473823547363,-9.30044651031494,"Unknown"
"7014854",371863,2025-08-28 01:54:35,43.0473747253418,-9.300461769104,"Unknown"
"7014854",371863,2025-08-28 03:54:15,43.0473976135254,-9.30067443847656,"Unknown"
"7014854",371863,2025-08-28 05:54:35,43.047420501709,-9.30051898956299,"Unknown"
"7014854",371863,2025-08-28 07:54:12,43.0473289489746,-9.30033588409424,"Unknown"
"7014854",371863,2025-08-28 09:54:35,43.0473709106445,-9.30049705505371,"Unknown"
"7014854",371863,2025-08-28 11:54:35,43.0474052429199,-9.30048370361328,"Unknown"
"7014854",371863,2025-08-28 13:54:35,43.0474090576172,-9.30047702789307,"Unknown"
"7014854",371863,2025-08-28 15:54:36,43.0473976135254,-9.3004035949707,"Unknown"
"7014854",371863,2025-08-28 17:54:35,43.0473747253418,-9.30044174194336,"Unknown"
"7014854",371863,2025-08-28 19:54:15,43.0474739074707,-9.30051517486572,"Unknown"
"7014854",371863,2025-08-28 21:54:36,43.0473937988281,-9.30051136016846,"Unknown"
"7014854",371863,2025-08-28 23:54:36,43.0474090576172,-9.30033302307129,"Unknown"
"7014854",371863,2025-08-29 01:54:35,43.0474433898926,-9.30042839050293,"Unknown"
"7014854",371863,2025-08-29 03:54:35,43.0473556518555,-9.30048370361328,"Unknown"
"7014854",371863,2025-08-29 05:54:18,43.0475006103516,-9.30044078826904,"Unknown"
"7014854",371863,2025-08-29 07:54:35,43.0473976135254,-9.30050945281982,"Unknown"
"7014854",371863,2025-08-29 09:54:08,43.0473022460938,-9.30047512054443,"Unknown"
"7014854",371863,2025-08-29 11:54:36,43.0473899841309,-9.30046272277832,"Unknown"
"7014854",371863,2025-08-29 13:54:35,43.0474548339844,-9.30050849914551,"Unknown"
"7014854",371863,2025-08-29 15:54:35,43.0474052429199,-9.30043506622314,"Unknown"
"7014854",371863,2025-08-29 17:54:35,43.0472602844238,-9.30049133300781,"Unknown"
"7014854",371863,2025-08-29 18:24:07,43.0474052429199,-9.30047512054443,"Unknown"
"7014854",371863,2025-08-29 18:54:07,43.0474433898926,-9.30045223236084,"Unknown"
"7014854",371863,2025-08-29 19:24:11,43.0468482971191,-9.30033874511719,"Unknown"
"7014854",371863,2025-08-29 19:54:33,43.0474395751953,-9.30042457580566,"Unknown"
"7014854",371863,2025-08-29 20:24:18,43.04736328125,-9.30044555664062,"Unknown"
"7014854",371863,2025-08-29 20:54:35,43.0474433898926,-9.30043983459473,"Unknown"
"7014854",371863,2025-08-29 21:24:11,43.0478744506836,-9.30073928833008,"Unknown"
"7014854",371863,2025-08-29 21:54:17,43.0472984313965,-9.30041408538818,"Unknown"
"7014854",371863,2025-08-29 22:24:35,43.0474128723145,-9.30043792724609,"Unknown"
"7014854",371863,2025-08-29 22:54:13,43.0474472045898,-9.30044269561768,"Unknown"
"7014854",371863,2025-08-29 23:24:35,43.0474128723145,-9.30037593841553,"Unknown"
"7014854",371863,2025-08-29 23:54:13,43.04736328125,-9.30060958862305,"Unknown"
"7014854",371863,2025-08-30 00:24:44,43.0474243164062,-9.30052757263184,"Unknown"
"7014854",371863,2025-08-30 00:54:44,43.047435760498,-9.30046939849854,"Unknown"
"7014854",371863,2025-08-30 01:24:13,43.0474586486816,-9.30046367645264,"Unknown"
"7014854",371863,2025-08-30 01:54:35,43.0473899841309,-9.3004093170166,"Unknown"
"7014854",371863,2025-08-30 02:24:18,43.047420501709,-9.30045127868652,"Unknown"
"7014854",371863,2025-08-30 02:54:35,43.0474052429199,-9.30030822753906,"Unknown"
"7014854",371863,2025-08-30 03:24:11,43.0474128723145,-9.30032730102539,"Unknown"
"7014854",371863,2025-08-30 03:54:18,43.0472793579102,-9.30043411254883,"Unknown"
"7014854",371863,2025-08-30 04:24:35,43.0473747253418,-9.30052947998047,"Unknown"
"7014854",371863,2025-08-30 04:54:11,43.0477294921875,-9.3011360168457,"Unknown"
"7014854",371863,2025-08-30 05:24:35,43.0474891662598,-9.30052185058594,"Unknown"
"7014854",371863,2025-08-30 05:54:11,43.0474662780762,-9.3004903793335,"Unknown"
"7014854",371863,2025-08-30 06:24:13,43.0472526550293,-9.30039024353027,"Unknown"
"7014854",371863,2025-08-30 06:54:17,43.0474090576172,-9.30056762695312,"Unknown"
"7014854",371863,2025-08-30 07:24:15,43.0477714538574,-9.30089664459229,"Unknown"
"7014854",371863,2025-08-30 07:54:31,43.0474166870117,-9.30041313171387,"Unknown"
"7014854",371863,2025-08-30 08:24:35,43.047420501709,-9.30045986175537,"Unknown"
"7014854",371863,2025-08-30 08:54:18,43.047420501709,-9.30043983459473,"Unknown"
"7014854",371863,2025-08-30 09:24:18,43.0474433898926,-9.30043983459473,"Unknown"
"7014854",371863,2025-08-30 09:54:35,43.0473937988281,-9.3005199432373,"Unknown"
"7014854",371863,2025-08-30 10:24:10,43.0474052429199,-9.30051422119141,"Unknown"
"7014854",371863,2025-08-30 10:54:35,43.0474090576172,-9.30049228668213,"Unknown"
"7014854",371863,2025-08-30 11:24:10,43.0474090576172,-9.3004732131958,"Unknown"
"7014854",371863,2025-08-30 11:54:12,43.0473175048828,-9.30041408538818,"Unknown"
"7014854",371863,2025-08-30 12:24:11,43.0473289489746,-9.30051708221436,"Unknown"
"7014854",371863,2025-08-30 12:54:35,43.0474166870117,-9.30048179626465,"Unknown"
"7014854",371863,2025-08-30 13:24:13,43.0478248596191,-9.30152702331543,"Unknown"
"7014854",371863,2025-08-30 13:54:35,43.047492980957,-9.30051326751709,"Unknown"
"7014854",371863,2025-08-30 14:24:12,43.0468940734863,-9.30063819885254,"Unknown"
"7014854",371863,2025-08-30 14:54:18,43.0472984313965,-9.30045318603516,"Unknown"
"7014854",371863,2025-08-30 15:24:21,43.0473785400391,-9.30016994476318,"Unknown"
"7014854",371863,2025-08-30 15:54:35,43.0473899841309,-9.30048274993896,"Unknown"
"7014854",371863,2025-08-30 16:24:12,43.0473518371582,-9.30028057098389,"Unknown"
"7014854",371863,2025-08-30 16:54:35,43.0474243164062,-9.30047035217285,"Unknown"
"7014854",371863,2025-08-30 17:24:12,43.0475158691406,-9.30084800720215,"Unknown"
"7014854",371863,2025-08-30 17:54:35,43.0473365783691,-9.30046844482422,"Unknown"
"7014854",371863,2025-08-30 18:24:17,43.0473403930664,-9.30043888092041,"Unknown"
"7014854",371863,2025-08-30 18:54:24,43.0474166870117,-9.30048370361328,"Unknown"
"7014854",371863,2025-08-30 19:24:20,43.0475311279297,-9.30059814453125,"Unknown"
"7014854",371863,2025-08-30 19:54:44,43.0474281311035,-9.30052280426025,"Unknown"
"7014854",371863,2025-08-30 20:24:24,43.047435760498,-9.30050086975098,"Unknown"
"7014854",371863,2025-08-30 20:54:44,43.047435760498,-9.3004207611084,"Unknown"
"7014854",371863,2025-08-30 21:24:25,43.0474281311035,-9.30034828186035,"Unknown"
"7014854",371863,2025-08-30 21:54:45,43.047420501709,-9.30043792724609,"Unknown"
"7014854",371863,2025-08-30 22:24:35,43.0474166870117,-9.3004732131958,"Unknown"
"7014854",371863,2025-08-30 22:54:36,43.0474624633789,-9.30049228668213,"Unknown"
"7014854",371863,2025-08-30 23:24:35,43.0473785400391,-9.30048847198486,"Unknown"
"7014854",371863,2025-08-30 23:54:13,43.0473098754883,-9.30054664611816,"Unknown"
"7014854",371863,2025-08-31 00:24:19,43.0474128723145,-9.30050277709961,"Unknown"
"7014854",371863,2025-08-31 00:54:44,43.0474319458008,-9.30046558380127,"Unknown"
"7014854",371863,2025-08-31 01:24:17,43.0474395751953,-9.30058288574219,"Unknown"
"7014854",371863,2025-08-31 01:54:44,43.0474662780762,-9.30044841766357,"Unknown"
"7014854",371863,2025-08-31 02:24:19,43.0482788085938,-9.30129051208496,"Unknown"
"7014854",371863,2025-08-31 02:54:36,43.0474166870117,-9.30040740966797,"Unknown"
"7014854",371863,2025-08-31 03:24:24,43.0465660095215,-9.30143928527832,"Unknown"
"7014854",371863,2025-08-31 03:54:35,43.0473327636719,-9.30046844482422,"Unknown"
"7014854",371863,2025-08-31 04:24:16,43.0474166870117,-9.30052661895752,"Unknown"
"7014854",371863,2025-08-31 04:54:14,43.0474853515625,-9.30036544799805,"Unknown"
"7014854",371863,2025-08-31 05:24:35,43.047435760498,-9.30053329467773,"Unknown"
"7014854",371863,2025-08-31 05:54:13,43.0473976135254,-9.30050373077393,"Unknown"
"7014854",371863,2025-08-31 06:24:18,43.0475273132324,-9.30051422119141,"Unknown"
"7014854",371863,2025-08-31 06:54:22,43.0474090576172,-9.30054759979248,"Unknown"
"7014854",371863,2025-08-31 07:24:16,43.0474433898926,-9.3005428314209,"Unknown"
"7014854",371863,2025-08-31 07:54:35,43.0473747253418,-9.30057334899902,"Unknown"
"7014854",371863,2025-08-31 08:28:05,43.0473899841309,-9.30052471160889,"Unknown"
"7014854",371863,2025-08-31 08:57:40,43.0472526550293,-9.30060768127441,"Unknown"
"7014854",371863,2025-08-31 09:27:45,43.0473403930664,-9.3004903793335,"Unknown"
"7014854",371863,2025-08-31 09:57:50,43.047435760498,-9.30045795440674,"Unknown"
"7014854",371863,2025-08-31 10:28:05,43.0473937988281,-9.30050468444824,"Unknown"
"7014854",371863,2025-08-31 10:57:36,43.0473365783691,-9.30021286010742,"Unknown"
"7014854",371863,2025-08-31 11:27:43,43.0474433898926,-9.30049991607666,"Unknown"
"7014854",371863,2025-08-31 11:58:05,43.0474281311035,-9.30047798156738,"Unknown"
"7014854",371863,2025-08-31 12:27:34,43.0474319458008,-9.30045700073242,"Unknown"
"7014854",371863,2025-08-31 12:57:34,43.0474243164062,-9.30043411254883,"Unknown"
"7014854",371863,2025-08-31 13:27:34,43.0474090576172,-9.3004674911499,"Unknown"
"7014854",371863,2025-08-31 13:57:44,43.0477027893066,-9.30094432830811,"Unknown"
"7014854",371863,2025-08-31 14:28:05,43.0473594665527,-9.30049610137939,"Unknown"
"7014854",371863,2025-08-31 14:57:35,43.0473365783691,-9.30035781860352,"Unknown"
"7014854",371863,2025-08-31 15:28:05,43.0473518371582,-9.30049133300781,"Unknown"
"7014854",371863,2025-08-31 15:57:34,43.0473098754883,-9.30049610137939,"Unknown"
"7014854",371863,2025-08-31 16:27:35,43.0473976135254,-9.30045700073242,"Unknown"
"7014854",371863,2025-08-31 16:58:05,43.0473937988281,-9.30045986175537,"Unknown"
"7014854",371863,2025-08-31 17:27:34,43.0472564697266,-9.3004903793335,"Unknown"
"7014854",371863,2025-08-31 17:57:36,43.0473823547363,-9.30046558380127,"Unknown"
"7014854",371863,2025-08-31 18:27:37,43.0473861694336,-9.30046558380127,"Unknown"
"7014854",371863,2025-08-31 18:57:58,43.0474014282227,-9.30057716369629,"Unknown"
"7014854",371863,2025-08-31 19:28:06,43.0474319458008,-9.30045986175537,"Unknown"
"7014854",371863,2025-08-31 19:57:37,43.047534942627,-9.30058574676514,"Unknown"
"7014854",371863,2025-08-31 20:28:05,43.047477722168,-9.30038547515869,"Unknown"
"7014854",371863,2025-08-31 20:57:36,43.0475769042969,-9.3004207611084,"Unknown"
"7014854",371863,2025-08-31 21:27:36,43.0476493835449,-9.30056953430176,"Unknown"
"7014854",371863,2025-08-31 21:57:44,43.0473442077637,-9.30040264129639,"Unknown"
"7014854",371863,2025-08-31 22:27:53,43.0470237731934,-9.30010986328125,"Unknown"
"7014854",371863,2025-08-31 22:58:05,43.0474281311035,-9.30042362213135,"Unknown"
"7014854",371863,2025-08-31 23:27:34,43.0473937988281,-9.30046463012695,"Unknown"
"7014854",371863,2025-08-31 23:57:36,43.0473480224609,-9.3002347946167,"Unknown"
"7014854",371863,2025-09-01 00:28:02,43.0473861694336,-9.30046653747559,"Unknown"
"7014854",371863,2025-09-01 00:57:44,43.0472450256348,-9.30036926269531,"Unknown"
"7014854",371863,2025-09-01 01:27:41,43.0474014282227,-9.30036163330078,"Unknown"
"7014854",371863,2025-09-01 01:58:05,43.0473899841309,-9.30049610137939,"Unknown"
"7014854",371863,2025-09-01 02:27:34,43.0474510192871,-9.30046939849854,"Unknown"
"7014854",371863,2025-09-01 02:57:35,43.0474624633789,-9.30001163482666,"Unknown"
"7014854",371863,2025-09-01 03:27:36,43.0473861694336,-9.29995155334473,"Unknown"
"7014854",371863,2025-09-01 03:58:05,43.0473861694336,-9.30046558380127,"Unknown"
"7014854",371863,2025-09-01 04:27:34,43.0474967956543,-9.30071449279785,"Unknown"
"7014854",371863,2025-09-01 04:57:42,43.0474548339844,-9.30056476593018,"Unknown"
"7014854",371863,2025-09-01 05:27:42,43.0473594665527,-9.30059719085693,"Unknown"
"7014854",371863,2025-09-01 05:58:05,43.0473976135254,-9.3005313873291,"Unknown"
"7014854",371863,2025-09-01 06:27:44,43.0474548339844,-9.30055618286133,"Unknown"
"7014854",371863,2025-09-01 06:58:05,43.0474395751953,-9.3005485534668,"Unknown"
"7014854",371863,2025-09-01 07:27:39,43.047477722168,-9.30055046081543,"Unknown"
"7014854",371863,2025-09-01 07:57:43,43.0476417541504,-9.30047225952148,"Unknown"
"7014854",371863,2025-09-01 08:28:05,43.0474243164062,-9.30044937133789,"Unknown"
"7014854",371863,2025-09-01 08:57:34,43.047420501709,-9.30043983459473,"Unknown"
"7014854",371863,2025-09-01 09:27:34,43.0473175048828,-9.30052661895752,"Unknown"
"7014854",371863,2025-09-01 09:57:34,43.0472679138184,-9.3005313873291,"Unknown"
"7014854",371863,2025-09-01 10:28:05,43.0473899841309,-9.30047512054443,"Unknown"
"7014854",371863,2025-09-01 10:57:35,43.0472869873047,-9.30033493041992,"Unknown"
"7014854",371863,2025-09-01 11:27:43,43.0474166870117,-9.3004903793335,"Unknown"
"7014854",371863,2025-09-01 11:58:05,43.0474090576172,-9.30049800872803,"Unknown"
"7014854",371863,2025-09-01 12:27:34,43.047435760498,-9.30046939849854,"Unknown"
"7014854",371863,2025-09-01 12:57:35,43.0474128723145,-9.30058002471924,"Unknown"
"7014854",371863,2025-09-01 13:27:42,43.0472679138184,-9.30033779144287,"Unknown"
"7014854",371863,2025-09-01 13:57:44,43.0473403930664,-9.3003396987915,"Unknown"
"7014854",371863,2025-09-01 14:27:36,43.0472946166992,-9.30031967163086,"Unknown"
"7014854",371863,2025-09-01 14:58:05,43.0473709106445,-9.30051708221436,"Unknown"
"7014854",371863,2025-09-01 15:27:34,43.0474548339844,-9.30046653747559,"Unknown"
"7014854",371863,2025-09-01 15:57:34,43.0474319458008,-9.30043697357178,"Unknown"
"7014854",371863,2025-09-01 16:27:34,43.0474472045898,-9.30053520202637,"Unknown"
"7014854",371863,2025-09-01 16:58:05,43.0473861694336,-9.3004322052002,"Unknown"
"7014854",371863,2025-09-01 17:27:36,43.0473899841309,-9.30045318603516,"Unknown"
"7014854",371863,2025-09-01 17:57:37,43.0474891662598,-9.30005645751953,"Unknown"
"7014854",371863,2025-09-01 18:28:05,43.0474052429199,-9.30048274993896,"Unknown"
"7014854",371863,2025-09-01 18:57:37,43.0473594665527,-9.30049228668213,"Unknown"
"7014854",371863,2025-09-01 19:28:05,43.0475044250488,-9.30049705505371,"Unknown"
"7014854",371863,2025-09-01 19:57:41,43.0475769042969,-9.30039882659912,"Unknown"
"7014854",371863,2025-09-01 20:27:40,43.0473937988281,-9.30044269561768,"Unknown"
"7014854",371863,2025-09-01 20:57:43,43.047492980957,-9.3004322052002,"Unknown"
"7014854",371863,2025-09-01 21:27:42,43.0474815368652,-9.30045890808105,"Unknown"
"7014854",371863,2025-09-01 21:58:05,43.0473861694336,-9.30047225952148,"Unknown"
"7014854",371863,2025-09-01 22:27:34,43.0474433898926,-9.30049896240234,"Unknown"
"7014854",371863,2025-09-01 22:57:36,43.0475044250488,-9.30050659179688,"Unknown"
"7014854",371863,2025-09-01 23:28:14,43.0473823547363,-9.30051708221436,"Unknown"
"7014854",371863,2025-09-01 23:57:42,43.0474090576172,-9.30038833618164,"Unknown"
"7014854",371863,2025-09-02 00:28:05,43.0474014282227,-9.30048274993896,"Unknown"
"7014854",371863,2025-09-02 00:58:05,43.0474128723145,-9.30047035217285,"Unknown"
"7014854",371863,2025-09-02 01:27:41,43.0475273132324,-9.30045223236084,"Unknown"
"7014854",371863,2025-09-02 01:58:05,43.0474624633789,-9.30044269561768,"Unknown"
"7014854",371863,2025-09-02 02:27:34,43.0474510192871,-9.30029964447021,"Unknown"
"7014854",371863,2025-09-02 02:57:35,43.0473937988281,-9.30025196075439,"Unknown"
"7014854",371863,2025-09-02 03:27:44,43.0473899841309,-9.30043506622314,"Unknown"
"7014854",371863,2025-09-02 03:57:44,43.0473518371582,-9.30032348632812,"Unknown"
"7014854",371863,2025-09-02 04:28:05,43.0473861694336,-9.30050086975098,"Unknown"
"7014854",371863,2025-09-02 04:57:44,43.0473327636719,-9.30048751831055,"Unknown"
"7014854",371863,2025-09-02 05:27:44,43.047306060791,-9.30047702789307,"Unknown"
"7014854",371863,2025-09-02 05:58:05,43.0474243164062,-9.30045795440674,"Unknown"
"7014854",371863,2025-09-02 06:27:36,43.0474281311035,-9.30049896240234,"Unknown"
"7014854",371863,2025-09-02 06:57:35,43.047435760498,-9.30053234100342,"Unknown"
"7014854",371863,2025-09-02 07:27:36,43.0474510192871,-9.30042171478271,"Unknown"
"7014854",371863,2025-09-02 07:57:44,43.0473251342773,-9.30026626586914,"Unknown"
"7014854",371863,2025-09-02 08:27:39,43.0474891662598,-9.30044555664062,"Unknown"
"7014854",371863,2025-09-02 08:57:45,43.0474853515625,-9.3003101348877,"Unknown"
"7014854",371863,2025-09-02 09:28:05,43.0473747253418,-9.30054759979248,"Unknown"
"7014854",371863,2025-09-02 09:57:34,43.0473670959473,-9.30052089691162,"Unknown"
"7014854",371863,2025-09-02 10:28:05,43.0473899841309,-9.30049228668213,"Unknown"
"7014854",371863,2025-09-02 10:57:34,43.047420501709,-9.30045986175537,"Unknown"
"7014854",371863,2025-09-02 11:27:40,43.0473937988281,-9.30047416687012,"Unknown"
"7014854",371863,2025-09-02 11:57:37,43.0474052429199,-9.30045700073242,"Unknown"
"7014854",371863,2025-09-02 12:27:34,43.0474281311035,-9.3004264831543,"Unknown"
"7014854",371863,2025-09-02 12:57:44,43.0475463867188,-9.30062103271484,"Unknown"
"7014854",371863,2025-09-02 13:28:02,43.0473976135254,-9.30045223236084,"Unknown"
"7014854",371863,2025-09-02 13:57:34,43.0474243164062,-9.3004732131958,"Unknown"
"7014854",371863,2025-09-02 14:27:36,43.0475769042969,-9.30096244812012,"Unknown"
"7014854",371863,2025-09-02 14:57:39,43.0473785400391,-9.30041408538818,"Unknown"
"7014854",371863,2025-09-02 15:27:40,43.0473823547363,-9.30042362213135,"Unknown"
"7014854",371863,2025-09-02 15:58:05,43.0474128723145,-9.30048942565918,"Unknown"
"7014854",371863,2025-09-02 16:27:34,43.0475158691406,-9.30053043365479,"Unknown"
"7014854",371863,2025-09-02 16:57:37,43.0474166870117,-9.30044460296631,"Unknown"
"7014854",371863,2025-09-02 17:27:37,43.0473937988281,-9.30046272277832,"Unknown"
"7014854",371863,2025-09-02 17:57:36,43.0472373962402,-9.30070400238037,"Unknown"
"7014854",371863,2025-09-02 18:28:05,43.0473937988281,-9.30045986175537,"Unknown"
"7014854",371863,2025-09-02 18:57:39,43.0474815368652,-9.30061721801758,"Unknown"
"7014854",371863,2025-09-02 19:27:44,43.0476760864258,-9.30053520202637,"Unknown"
"7014854",371863,2025-09-02 19:58:05,43.0476226806641,-9.30031967163086,"Unknown"
"7014854",371863,2025-09-02 20:27:39,43.0474662780762,-9.30040740966797,"Unknown"
"7014854",371863,2025-09-02 20:57:45,43.0475006103516,-9.30048274993896,"Unknown"
"7014854",371863,2025-09-02 21:27:36,43.0475730895996,-9.30062770843506,"Unknown"
"7014854",371863,2025-09-02 21:58:05,43.0474243164062,-9.30047130584717,"Unknown"
"7014854",371863,2025-09-02 22:27:34,43.0473937988281,-9.30044937133789,"Unknown"
"7014854",371863,2025-09-02 22:57:40,43.0474853515625,-9.30047702789307,"Unknown"
"7014854",371863,2025-09-02 23:27:44,43.0473976135254,-9.30047035217285,"Unknown"
"7014854",371863,2025-09-02 23:57:43,43.0474662780762,-9.30057907104492,"Unknown"
"7014854",371863,2025-09-03 00:28:05,43.0474395751953,-9.30044364929199,"Unknown"
"7014854",371863,2025-09-03 00:58:05,43.0474700927734,-9.30043029785156,"Unknown"
"7014854",371863,2025-09-03 01:27:35,43.0475196838379,-9.30046653747559,"Unknown"
"7014854",371863,2025-09-03 01:57:40,43.0474815368652,-9.30041599273682,"Unknown"
"7014854",371863,2025-09-03 02:27:39,43.0474739074707,-9.30032539367676,"Unknown"
"7014854",371863,2025-09-03 02:57:44,43.0473785400391,-9.3001708984375,"Unknown"
"7014854",371863,2025-09-03 03:27:40,43.0472831726074,-9.29930686950684,"Unknown"
"7014854",371863,2025-09-03 03:58:05,43.0473518371582,-9.30049800872803,"Unknown"
"7014854",371863,2025-09-03 04:27:42,43.0474891662598,-9.30055046081543,"Unknown"
"7014854",371863,2025-09-03 04:57:39,43.0473709106445,-9.30050563812256,"Unknown"
"7014854",371863,2025-09-03 05:27:42,43.0473518371582,-9.30072975158691,"Unknown"
"7014854",371863,2025-09-03 05:58:05,43.0474624633789,-9.30053043365479,"Unknown"
"7014854",371863,2025-09-03 06:27:34,43.0474281311035,-9.30054378509521,"Unknown"
"7014854",371863,2025-09-03 06:57:37,43.0474586486816,-9.30026435852051,"Unknown"
"7014854",371863,2025-09-03 07:27:39,43.0475006103516,-9.30051040649414,"Unknown"
"7014854",371863,2025-09-03 07:57:57,43.0478019714355,-9.30039596557617,"Unknown"
"7014854",371863,2025-09-03 08:28:05,43.0473594665527,-9.30054664611816,"Unknown"
"7014854",371863,2025-09-03 08:57:39,43.0474090576172,-9.30047225952148,"Unknown"
"7014854",371863,2025-09-03 09:27:37,43.0473785400391,-9.30050373077393,"Unknown"
"7014854",371863,2025-09-03 09:57:39,43.047550201416,-9.30061912536621,"Unknown"
"7014854",371863,2025-09-03 10:28:05,43.0473785400391,-9.30045986175537,"Unknown"
"7014854",371863,2025-09-03 10:57:35,43.0473709106445,-9.30049800872803,"Unknown"
"7014854",371863,2025-09-03 11:27:35,43.0473480224609,-9.30047225952148,"Unknown"
"7014854",371863,2025-09-03 11:57:38,43.0474052429199,-9.30040550231934,"Unknown"
"7014854",371863,2025-09-03 12:27:44,43.0474128723145,-9.30044937133789,"Unknown"
"7014854",371863,2025-09-03 12:57:44,43.0474815368652,-9.30051040649414,"Unknown"
"7014854",371863,2025-09-03 13:28:05,43.0474090576172,-9.30047225952148,"Unknown"
"7014854",371863,2025-09-03 13:57:34,43.0473403930664,-9.30041694641113,"Unknown"
"7014854",371863,2025-09-03 14:27:34,43.0473403930664,-9.30049991607666,"Unknown"
"7014854",371863,2025-09-03 14:57:34,43.0473937988281,-9.3004789352417,"Unknown"
"7014854",371863,2025-09-03 15:27:35,43.04736328125,-9.3002758026123,"Unknown"
"7014854",371863,2025-09-03 15:58:05,43.0473861694336,-9.30046939849854,"Unknown"
"7014854",371863,2025-09-03 16:27:34,43.0474548339844,-9.30053520202637,"Unknown"
"7014854",371863,2025-09-03 16:57:35,43.0474128723145,-9.30041122436523,"Unknown"
"7014854",371863,2025-09-03 17:27:36,43.0473098754883,-9.30039405822754,"Unknown"
"7014854",371863,2025-09-03 17:57:35,43.0473136901855,-9.30048179626465,"Unknown"
"7014854",371863,2025-09-03 18:27:36,43.0473785400391,-9.30049228668213,"Unknown"
"7014854",371863,2025-09-03 18:57:46,43.0474319458008,-9.30059242248535,"Unknown"
"7014854",371863,2025-09-03 19:28:05,43.047477722168,-9.30035305023193,"Unknown"
"7014854",371863,2025-09-03 19:57:44,43.0475616455078,-9.30023860931396,"Unknown"
"7014854",371863,2025-09-03 20:28:05,43.0473365783691,-9.30044841766357,"Unknown"
"7014854",371863,2025-09-03 20:57:35,43.0474128723145,-9.30047225952148,"Unknown"
"7014854",371863,2025-09-03 21:27:35,43.0476570129395,-9.30059146881104,"Unknown"
"7014854",371863,2025-09-03 21:58:05,43.0473709106445,-9.30044651031494,"Unknown"
"7014854",371863,2025-09-03 22:27:34,43.0473937988281,-9.30045604705811,"Unknown"
"7014854",371863,2025-09-03 22:57:37,43.0473442077637,-9.30049133300781,"Unknown"
"7014854",371863,2025-09-03 23:28:05,43.0473785400391,-9.30045890808105,"Unknown"
"7014854",371863,2025-09-03 23:57:34,43.0473823547363,-9.30031776428223,"Unknown"
"7014854",371863,2025-09-04 00:27:35,43.0473518371582,-9.30019760131836,"Unknown"
"7014854",371863,2025-09-04 00:58:05,43.0474319458008,-9.30041313171387,"Unknown"
"7014854",371863,2025-09-04 01:27:35,43.0475234985352,-9.30054950714111,"Unknown"
"7014854",371863,2025-09-04 01:57:41,43.0474853515625,-9.30038452148438,"Unknown"
"7014854",371863,2025-09-04 02:27:42,43.0474510192871,-9.30036926269531,"Unknown"
"7014854",371863,2025-09-04 02:58:05,43.0473670959473,-9.30045413970947,"Unknown"
"7014854",371863,2025-09-04 03:27:34,43.0473480224609,-9.3004789352417,"Unknown"
"7014854",371863,2025-09-04 03:57:35,43.0473709106445,-9.30054187774658,"Unknown"
"7014854",371863,2025-09-04 04:27:35,43.0473136901855,-9.30036449432373,"Unknown"
"7014854",371863,2025-09-04 04:57:42,43.0474395751953,-9.30058860778809,"Unknown"
"7014854",371863,2025-09-04 05:27:49,43.0473251342773,-9.3007984161377,"Unknown"
"7014854",371863,2025-09-04 05:58:05,43.0474472045898,-9.300461769104,"Unknown"
"7014854",371863,2025-09-04 06:27:37,43.0474319458008,-9.30050182342529,"Unknown"
"7014854",371863,2025-09-04 06:57:49,43.0474281311035,-9.30056190490723,"Unknown"
"7014854",371863,2025-09-04 07:27:43,43.0474739074707,-9.30055809020996,"Unknown"
"7014854",371863,2025-09-04 07:58:05,43.0472755432129,-9.30079936981201,"Unknown"
"7014854",371863,2025-09-04 08:28:06,43.0474128723145,-9.300461769104,"Unknown"
"7014854",371863,2025-09-04 08:57:35,43.0473518371582,-9.30051040649414,"Unknown"
"7014854",371863,2025-09-04 09:27:35,43.0473823547363,-9.30047130584717,"Unknown"
"7014854",371863,2025-09-04 09:57:35,43.0474662780762,-9.30053329467773,"Unknown"
"7014854",371863,2025-09-04 10:27:41,43.0474624633789,-9.30052757263184,"Unknown"
"7014854",371863,2025-09-04 10:58:05,43.0473976135254,-9.30048656463623,"Unknown"
"7014854",371863,2025-09-04 11:27:35,43.0473785400391,-9.30052280426025,"Unknown"
"7014854",371863,2025-09-04 11:57:38,43.047420501709,-9.30047512054443,"Unknown"
"7014854",371863,2025-09-04 12:28:05,43.0474128723145,-9.30048751831055,"Unknown"
"7014854",371863,2025-09-04 12:57:35,43.0474510192871,-9.30045890808105,"Unknown"
"7014854",371863,2025-09-04 13:28:05,43.047435760498,-9.30051136016846,"Unknown"
"7014854",371863,2025-09-04 13:57:35,43.0474014282227,-9.30051040649414,"Unknown"
"7014854",371863,2025-09-04 14:27:36,43.04736328125,-9.30055522918701,"Unknown"
"7014854",371863,2025-09-04 14:57:35,43.04736328125,-9.30050659179688,"Unknown"
"7014854",371863,2025-09-04 15:27:36,43.0473823547363,-9.3004789352417,"Unknown"
"7014854",371863,2025-09-04 15:58:05,43.0473899841309,-9.30047988891602,"Unknown"
"7014854",371863,2025-09-04 16:27:35,43.0473403930664,-9.30041408538818,"Unknown"
"7014854",371863,2025-09-04 16:57:38,43.0474472045898,-9.30045986175537,"Unknown"
"7014854",371863,2025-09-04 17:27:41,43.0474700927734,-9.30043697357178,"Unknown"
"7014854",371863,2025-09-04 17:57:37,43.0473709106445,-9.30046558380127,"Unknown"
"7014854",371863,2025-09-04 18:27:46,43.0474586486816,-9.30047035217285,"Unknown"
"7014854",371863,2025-09-04 18:57:59,43.0475082397461,-9.30061435699463,"Unknown"
"7014854",371863,2025-09-04 19:28:05,43.0474472045898,-9.30043983459473,"Unknown"
"7014854",371863,2025-09-04 19:57:43,43.047492980957,-9.30041599273682,"Unknown"
"7014854",371863,2025-09-04 20:27:43,43.0474395751953,-9.30044937133789,"Unknown"
"7014854",371863,2025-09-04 20:57:35,43.0474472045898,-9.3004322052002,"Unknown"
"7014854",371863,2025-09-04 21:28:05,43.0473747253418,-9.30043411254883,"Unknown"
"7014854",371863,2025-09-04 21:57:36,43.0473899841309,-9.30042839050293,"Unknown"
"7014854",371863,2025-09-04 22:27:40,43.0475082397461,-9.30048274993896,"Unknown"
"7014854",371863,2025-09-04 22:57:43,43.047290802002,-9.3003978729248,"Unknown"
"7014854",371863,2025-09-04 23:27:53,43.0473823547363,-9.30041122436523,"Unknown"
"7014854",371863,2025-09-04 23:58:05,43.0473709106445,-9.30044269561768,"Unknown"
"7014854",371863,2025-09-05 00:27:36,43.0473442077637,-9.30025672912598,"Unknown"
"7014854",371863,2025-09-05 00:57:37,43.0473480224609,-9.30027389526367,"Unknown"
"7014854",371863,2025-09-05 01:28:05,43.047420501709,-9.3004846572876,"Unknown"
"7014854",371863,2025-09-05 01:57:35,43.0473785400391,-9.300461769104,"Unknown"
"7014854",371863,2025-09-05 02:27:37,43.0474662780762,-9.30032253265381,"Unknown"
"7014854",371863,2025-09-05 02:57:37,43.0474700927734,-9.30048179626465,"Unknown"
"7014854",371863,2025-09-05 03:27:54,43.0475273132324,-9.300537109375,"Unknown"
"7014854",371863,2025-09-05 03:58:01,43.0473976135254,-9.30045700073242,"Unknown"
"7014854",371863,2025-09-05 04:27:36,43.0474624633789,-9.30065536499023,"Unknown"
"7014854",371863,2025-09-05 04:57:37,43.0470314025879,-9.30038452148438,"Unknown"
"7014854",371863,2025-09-05 05:27:36,43.0472640991211,-9.2999210357666,"Unknown"
"7014854",371863,2025-09-05 05:57:36,43.0474128723145,-9.29998207092285,"Unknown"
"7014854",371863,2025-09-05 06:27:36,43.0474700927734,-9.30011081695557,"Unknown"
"7014854",371863,2025-09-05 06:57:38,43.0475158691406,-9.30002021789551,"Unknown"
"7014854",371863,2025-09-05 07:27:37,43.047664642334,-9.29981136322021,"Unknown"
"7014854",371863,2025-09-05 07:57:37,43.0473175048828,-9.300368309021,"Unknown"
"7014854",371863,2025-09-05 08:27:37,43.0474319458008,-9.3003511428833,"Unknown"
"7014854",371863,2025-09-05 08:57:37,43.0473480224609,-9.30041027069092,"Unknown"
"7014854",371863,2025-09-05 09:27:37,43.0473556518555,-9.3003625869751,"Unknown"
"7014854",371863,2025-09-05 09:57:37,43.0474090576172,-9.30039405822754,"Unknown"
"7014854",371863,2025-09-05 10:27:37,43.047550201416,-9.30047512054443,"Unknown"
"7014854",371863,2025-09-05 10:57:37,43.0475921630859,-9.30051612854004,"Unknown"
"7014854",371863,2025-09-05 11:27:37,43.0477180480957,-9.30045032501221,"Unknown"
"7014854",371863,2025-09-05 11:57:37,43.0475883483887,-9.30056476593018,"Unknown"
"7014854",371863,2025-09-05 12:27:37,43.0475769042969,-9.30065059661865,"Unknown"
"7014854",371863,2025-09-05 12:57:37,43.0475883483887,-9.30053043365479,"Unknown"
"7014854",371863,2025-09-05 13:27:37,43.0476608276367,-9.30063915252686,"Unknown"
"7014854",371863,2025-09-05 13:57:36,43.0477066040039,-9.30057811737061,"Unknown"
"7014854",371863,2025-09-05 14:27:37,43.0477256774902,-9.3001708984375,"Unknown"
"7014854",371863,2025-09-05 14:57:37,43.0477333068848,-9.30082225799561,"Unknown"
"7014854",371863,2025-09-05 15:27:37,43.047477722168,-9.3005542755127,"Unknown"
"7014854",371863,2025-09-05 15:57:37,43.0468330383301,-9.30023384094238,"Unknown"
"7014854",371863,2025-09-05 16:27:37,43.0464706420898,-9.29914283752441,"Unknown"
"7014854",371863,2025-09-05 16:57:38,43.0473136901855,-9.30013370513916,"Unknown"
"7014854",371863,2025-09-05 17:27:37,43.0476760864258,-9.30002975463867,"Unknown"
"7014854",371863,2025-09-05 17:57:37,43.0475845336914,-9.30014228820801,"Unknown"
"7014854",371863,2025-09-05 18:27:38,43.0476608276367,-9.30023002624512,"Unknown"
"7014854",371863,2025-09-05 18:57:39,43.0477409362793,-9.30053043365479,"Unknown"
"7014854",371863,2025-09-05 19:27:38,43.0479316711426,-9.30093002319336,"Unknown"
"7014854",371863,2025-09-05 19:57:38,43.0479011535645,-9.3003101348877,"Unknown"
"7014854",371863,2025-09-05 20:27:40,43.0476722717285,-9.30044746398926,"Unknown"
"7014854",371863,2025-09-05 20:57:38,43.0476493835449,-9.30053520202637,"Unknown"
"7014854",371863,2025-09-05 21:27:42,43.0477867126465,-9.30018329620361,"Unknown"
"7014854",371863,2025-09-05 21:57:39,43.0477828979492,-9.30034065246582,"Unknown"
"7014854",371863,2025-09-05 22:27:37,43.0477027893066,-9.3007869720459,"Unknown"
"7014854",371863,2025-09-05 22:57:38,43.0475845336914,-9.30094623565674,"Unknown"
"7014854",371863,2025-09-05 23:27:38,43.0476112365723,-9.30083179473877,"Unknown"
"7014854",371863,2025-09-05 23:57:37,43.0475845336914,-9.3006591796875,"Unknown"
"7014854",371863,2025-09-06 00:27:38,43.0474624633789,-9.30045318603516,"Unknown"
"7014854",371863,2025-09-06 00:57:38,43.0475616455078,-9.30049419403076,"Unknown"
"7014854",371863,2025-09-06 01:27:37,43.0479354858398,-9.30044937133789,"Unknown"
"7014854",371863,2025-09-06 01:57:38,43.0479316711426,-9.30036449432373,"Unknown"
"7014854",371863,2025-09-06 02:27:37,43.0478706359863,-9.30045318603516,"Unknown"
"7014854",371863,2025-09-06 02:57:38,43.0475044250488,-9.2999906539917,"Unknown"
"7014854",371863,2025-09-06 03:27:37,43.0475769042969,-9.3003625869751,"Unknown"
"7014854",371863,2025-09-06 03:57:38,43.0475273132324,-9.30043697357178,"Unknown"
"7014854",371863,2025-09-06 04:27:38,43.0479125976562,-9.30116176605225,"Unknown"
"7014854",371863,2025-09-06 04:58:05,43.0474586486816,-9.30052947998047,"Unknown"
"7014854",371863,2025-09-06 05:27:36,43.0473861694336,-9.300537109375,"Unknown"
"7014854",371863,2025-09-06 05:57:36,43.047420501709,-9.3005313873291,"Unknown"
"7014854",371863,2025-09-06 06:27:37,43.0474967956543,-9.30064678192139,"Unknown"
"7014854",371863,2025-09-06 06:57:37,43.0475425720215,-9.30066299438477,"Unknown"
"7014854",371863,2025-09-06 07:27:38,43.0474662780762,-9.30051612854004,"Unknown"
"7014854",371863,2025-09-06 07:58:05,43.0474395751953,-9.30042743682861,"Unknown"
"7014854",371863,2025-09-06 08:27:35,43.0473709106445,-9.3005485534668,"Unknown"
"7014854",371863,2025-09-06 08:57:36,43.0473976135254,-9.30048656463623,"Unknown"
"7014854",371863,2025-09-06 09:27:36,43.0474052429199,-9.30053806304932,"Unknown"
"7014854",371863,2025-09-06 09:57:36,43.0473556518555,-9.30047035217285,"Unknown"
"7014854",371863,2025-09-06 10:27:37,43.0474700927734,-9.30055713653564,"Unknown"
"7014854",371863,2025-09-06 10:37:41,43.0475273132324,-9.3007116317749,"Unknown"
"7014854",371863,2025-09-06 10:47:38,43.0473556518555,-9.30049991607666,"Unknown"
"7014854",371863,2025-09-06 10:57:39,43.0473861694336,-9.30062294006348,"Unknown"
"7014854",371863,2025-09-06 11:07:41,43.047492980957,-9.30066108703613,"Unknown"
"7014854",371863,2025-09-06 11:18:05,43.0474166870117,-9.30046939849854,"Unknown"
"7014854",371863,2025-09-06 11:27:35,43.047435760498,-9.3003978729248,"Unknown"
"7014854",371863,2025-09-06 11:37:35,43.0474472045898,-9.30038642883301,"Unknown"
"7014854",371863,2025-09-06 11:47:35,43.0473976135254,-9.300461769104,"Unknown"
"7014854",371863,2025-09-06 11:57:35,43.0474052429199,-9.30043983459473,"Unknown"
"7014854",371863,2025-09-06 12:07:36,43.0474624633789,-9.30043983459473,"Unknown"
"7014854",371863,2025-09-06 12:17:36,43.0473976135254,-9.30046463012695,"Unknown"
"7014854",371863,2025-09-06 12:27:35,43.0473937988281,-9.30044937133789,"Unknown"
"7014854",371863,2025-09-06 12:37:35,43.047435760498,-9.30048561096191,"Unknown"
"7014854",371863,2025-09-06 12:47:35,43.047420501709,-9.30045986175537,"Unknown"
"7014854",371863,2025-09-06 12:57:35,43.0474166870117,-9.30046272277832,"Unknown"
"7014854",371863,2025-09-06 13:07:36,43.0474166870117,-9.30049991607666,"Unknown"
"7014854",371863,2025-09-06 13:17:38,43.0474815368652,-9.30054664611816,"Unknown"
"7014854",371863,2025-09-06 13:27:36,43.047607421875,-9.30075073242188,"Unknown"
"7014854",371863,2025-09-06 13:37:36,43.0475769042969,-9.30074691772461,"Unknown"
"7014854",371863,2025-09-06 13:47:39,43.0477638244629,-9.3011646270752,"Unknown"
"7014854",371863,2025-09-06 13:57:38,43.0473022460938,-9.3002233505249,"Unknown"
"7014854",371863,2025-09-06 14:07:37,43.0472717285156,-9.30014991760254,"Unknown"
"7014854",371863,2025-09-06 14:17:45,43.0475006103516,-9.30073833465576,"Unknown"
"7014854",371863,2025-09-06 14:27:38,43.047435760498,-9.3006010055542,"Unknown"
"7014854",371863,2025-09-06 14:37:38,43.0474090576172,-9.30066680908203,"Unknown"
"7014854",371863,2025-09-06 14:47:39,43.0475044250488,-9.30086421966553,"Unknown"
"7014854",371863,2025-09-06 14:57:39,43.0475387573242,-9.30112648010254,"Unknown"
"7014854",371863,2025-09-06 15:07:40,43.0475654602051,-9.3010311126709,"Unknown"
"7014854",371863,2025-09-06 15:18:05,43.0473709106445,-9.30051898956299,"Unknown"
"7014854",371863,2025-09-06 15:27:36,43.0473518371582,-9.30052471160889,"Unknown"
"7014854",371863,2025-09-06 15:37:35,43.0474090576172,-9.30046653747559,"Unknown"
"7014854",371863,2025-09-06 15:47:35,43.0474319458008,-9.30048751831055,"Unknown"
"7014854",371863,2025-09-06 15:57:35,43.0473518371582,-9.30044078826904,"Unknown"
"7014854",371863,2025-09-06 16:07:36,43.0474967956543,-9.30054378509521,"Unknown"
"7014854",371863,2025-09-06 16:17:36,43.047492980957,-9.30061817169189,"Unknown"
"7014854",371863,2025-09-06 16:27:36,43.0474510192871,-9.30048751831055,"Unknown"
"7014854",371863,2025-09-06 16:37:36,43.0473518371582,-9.30037212371826,"Unknown"
"7014854",371863,2025-09-06 16:47:37,43.0474243164062,-9.30049228668213,"Unknown"
"7014854",371863,2025-09-06 16:57:37,43.0474624633789,-9.30052852630615,"Unknown"
"7014854",371863,2025-09-06 17:07:37,43.0472831726074,-9.30090522766113,"Unknown"
"7014854",371863,2025-09-06 17:17:36,43.047477722168,-9.30040454864502,"Unknown"
"7014854",371863,2025-09-06 17:27:36,43.0473594665527,-9.30068588256836,"Unknown"
"7014854",371863,2025-09-06 17:37:36,43.0473403930664,-9.30069923400879,"Unknown"
"7014854",371863,2025-09-06 17:47:39,43.0474281311035,-9.30049324035645,"Unknown"
"7014854",371863,2025-09-06 17:57:39,43.0474319458008,-9.30008888244629,"Unknown"
"7014854",371863,2025-09-06 18:07:38,43.0475044250488,-9.29972553253174,"Unknown"
"7014854",371863,2025-09-06 18:18:05,43.0473670959473,-9.30043411254883,"Unknown"
"7014854",371863,2025-09-06 18:27:36,43.0472717285156,-9.30025863647461,"Unknown"
"7014854",371863,2025-09-06 18:37:36,43.047233581543,-9.29997253417969,"Unknown"
"7014854",371863,2025-09-06 18:47:37,43.0471954345703,-9.30020809173584,"Unknown"
"7014854",371863,2025-09-06 18:57:36,43.0471458435059,-9.30001163482666,"Unknown"
"7014854",371863,2025-09-06 19:07:36,43.0471038818359,-9.29968547821045,"Unknown"
"7014854",371863,2025-09-06 19:17:36,43.0472183227539,-9.30029964447021,"Unknown"
"7014854",371863,2025-09-06 19:27:39,43.047248840332,-9.30050754547119,"Unknown"
"7014854",371863,2025-09-06 19:37:40,43.0473251342773,-9.30147838592529,"Unknown"
"7014854",371863,2025-09-06 19:47:48,43.0473976135254,-9.30028533935547,"Unknown"
"7014854",371863,2025-09-06 19:57:39,43.0475616455078,-9.30016231536865,"Unknown"
"7014854",371863,2025-09-06 20:07:37,43.04736328125,-9.29996204376221,"Unknown"
"7014854",371863,2025-09-06 20:17:36,43.0474510192871,-9.30007553100586,"Unknown"
"7014854",371863,2025-09-06 20:27:37,43.0474967956543,-9.2999439239502,"Unknown"
"7014854",371863,2025-09-06 20:37:37,43.0474243164062,-9.30014514923096,"Unknown"
"7014854",371863,2025-09-06 20:47:36,43.0475692749023,-9.30013561248779,"Unknown"
"7014854",371863,2025-09-06 20:57:36,43.047420501709,-9.30025196075439,"Unknown"
"7014854",371863,2025-09-06 21:07:38,43.0475997924805,-9.30042839050293,"Unknown"
"7014854",371863,2025-09-06 21:17:43,43.047435760498,-9.30040550231934,"Unknown"
"7014854",371863,2025-09-06 21:28:05,43.0474319458008,-9.30042171478271,"Unknown"
"7014854",371863,2025-09-06 21:37:35,43.0473861694336,-9.3004322052002,"Unknown"
"7014854",371863,2025-09-06 21:47:35,43.0473594665527,-9.30036067962646,"Unknown"
"7014854",371863,2025-09-06 21:57:35,43.0473403930664,-9.30041790008545,"Unknown"
"7014854",371863,2025-09-06 22:07:36,43.047306060791,-9.3003568649292,"Unknown"
"7014854",371863,2025-09-06 22:17:37,43.0474395751953,-9.30047416687012,"Unknown"
"7014854",371863,2025-09-06 22:27:39,43.0480461120605,-9.30101203918457,"Unknown"
"7014854",371863,2025-09-06 22:37:41,43.0473251342773,-9.30034637451172,"Unknown"
"7014854",371863,2025-09-06 22:47:42,43.0475883483887,-9.30097961425781,"Unknown"
"7014854",371863,2025-09-06 22:57:37,43.0472679138184,-9.30018329620361,"Unknown"
"7014854",371863,2025-09-06 23:07:41,43.0473365783691,-9.30031776428223,"Unknown"
"7014854",371863,2025-09-06 23:17:40,43.0473976135254,-9.30036640167236,"Unknown"
"7014854",371863,2025-09-06 23:27:50,43.0473861694336,-9.30033779144287,"Unknown"
"7014854",371863,2025-09-06 23:37:57,43.0473899841309,-9.30047988891602,"Unknown"
"7014854",371863,2025-09-06 23:48:05,43.04736328125,-9.30039310455322,"Unknown"
"7014854",371863,2025-09-06 23:57:40,43.0473670959473,-9.30013942718506,"Unknown"
"7014854",371863,2025-09-07 00:07:38,43.0473365783691,-9.30026054382324,"Unknown"
"7014854",371863,2025-09-07 00:17:41,43.047306060791,-9.30032539367676,"Unknown"
"7014854",371863,2025-09-07 00:27:53,43.0473899841309,-9.30041027069092,"Unknown"
"7014854",371863,2025-09-07 00:37:41,43.047290802002,-9.30022811889648,"Unknown"
"7014854",371863,2025-09-07 00:47:39,43.0473518371582,-9.30028629302979,"Unknown"
"7014854",371863,2025-09-07 00:57:39,43.0473289489746,-9.3001537322998,"Unknown"
"7014854",371863,2025-09-07 01:07:48,43.0476188659668,-9.30070972442627,"Unknown"
"7014854",371863,2025-09-07 01:17:45,43.0475616455078,-9.30051803588867,"Unknown"
"7014854",371863,2025-09-07 01:27:43,43.0475158691406,-9.30046558380127,"Unknown"
"7014854",371863,2025-09-07 01:37:38,43.0475845336914,-9.30061626434326,"Unknown"
"7014854",371863,2025-09-07 01:47:38,43.0476379394531,-9.30078601837158,"Unknown"
"7014854",371863,2025-09-07 01:58:05,43.0474739074707,-9.30043506622314,"Unknown"
"7014854",371863,2025-09-07 02:07:35,43.0474052429199,-9.30043125152588,"Unknown"
"7014854",371863,2025-09-07 02:17:36,43.0474433898926,-9.30039119720459,"Unknown"
"7014854",371863,2025-09-07 02:27:36,43.0474395751953,-9.30022525787354,"Unknown"
"7014854",371863,2025-09-07 02:37:36,43.0473251342773,-9.30050849914551,"Unknown"
"7014854",371863,2025-09-07 02:47:36,43.0473251342773,-9.30063724517822,"Unknown"
"7014854",371863,2025-09-07 02:57:36,43.0473861694336,-9.30064105987549,"Unknown"
"7014854",371863,2025-09-07 03:07:36,43.0473480224609,-9.3006649017334,"Unknown"
"7014854",371863,2025-09-07 03:17:37,43.0474281311035,-9.30074691772461,"Unknown"
"7014854",371863,2025-09-07 03:27:36,43.0474090576172,-9.30067729949951,"Unknown"
"7014854",371863,2025-09-07 03:37:37,43.0474472045898,-9.30066680908203,"Unknown"
"7014854",371863,2025-09-07 03:47:41,43.0474548339844,-9.30068206787109,"Unknown"
"7014854",371863,2025-09-07 03:57:36,43.0473670959473,-9.30056381225586,"Unknown"
"7014854",371863,2025-09-07 04:27:38,43.0474052429199,-9.30049514770508,"Unknown"
"7014854",371863,2025-09-07 04:57:37,43.047290802002,-9.30027866363525,"Unknown"
"7014854",371863,2025-09-07 05:27:37,43.0472373962402,-9.30026912689209,"Unknown"
"7014854",371863,2025-09-07 05:58:05,43.0474128723145,-9.30047798156738,"Unknown"
"7014854",371863,2025-09-07 06:27:36,43.0473709106445,-9.30026149749756,"Unknown"
"7014854",371863,2025-09-07 06:57:35,43.0474243164062,-9.30045700073242,"Unknown"
"7014854",371863,2025-09-07 07:27:38,43.0473709106445,-9.30043792724609,"Unknown"
"7014854",371863,2025-09-07 07:57:38,43.047248840332,-9.30058765411377,"Unknown"
"7014854",371863,2025-09-07 08:27:37,43.0473747253418,-9.30042266845703,"Unknown"
"7014854",371863,2025-09-07 08:57:37,43.0472793579102,-9.30036067962646,"Unknown"
"7014854",371863,2025-09-07 09:07:37,43.0472946166992,-9.30033206939697,"Unknown"
"7014854",371863,2025-09-07 09:17:37,43.0473365783691,-9.30038356781006,"Unknown"
"7014854",371863,2025-09-07 09:27:36,43.0473175048828,-9.30032634735107,"Unknown"
"7014854",371863,2025-09-07 09:37:37,43.0472717285156,-9.30025577545166,"Unknown"
"7014854",371863,2025-09-07 09:47:38,43.0472946166992,-9.30026245117188,"Unknown"
"7014854",371863,2025-09-07 09:58:05,43.0472946166992,-9.30034065246582,"Unknown"
"7014854",371863,2025-09-07 10:07:36,43.0473937988281,-9.30049133300781,"Unknown"
"7014854",371863,2025-09-07 10:17:35,43.0473976135254,-9.30048751831055,"Unknown"
"7014854",371863,2025-09-07 10:27:35,43.0473937988281,-9.30050086975098,"Unknown"
"7014854",371863,2025-09-07 10:37:35,43.0473785400391,-9.30046081542969,"Unknown"
"7014854",371863,2025-09-07 10:47:35,43.0473785400391,-9.30050182342529,"Unknown"
"7014854",371863,2025-09-07 10:57:36,43.0481986999512,-9.29943466186523,"Unknown"
"7014854",371863,2025-09-07 11:07:36,43.0475120544434,-9.30038642883301,"Unknown"
"7014854",371863,2025-09-07 11:17:37,43.0475654602051,-9.30032920837402,"Unknown"
"7014854",371863,2025-09-07 11:27:36,43.0476570129395,-9.30031204223633,"Unknown"
"7014854",371863,2025-09-07 11:38:05,43.0475578308105,-9.30045509338379,"Unknown"
"7014854",371863,2025-09-07 11:47:35,43.0474319458008,-9.30041885375977,"Unknown"
"7014854",371863,2025-09-07 11:57:35,43.0474319458008,-9.3004150390625,"Unknown"
"7014854",371863,2025-09-07 12:07:35,43.0473785400391,-9.30049324035645,"Unknown"
"7014854",371863,2025-09-07 12:17:35,43.0473976135254,-9.30045223236084,"Unknown"
"7014854",371863,2025-09-07 12:27:35,43.0474281311035,-9.30048370361328,"Unknown"
"7014854",371863,2025-09-07 12:37:36,43.047420501709,-9.30047130584717,"Unknown"
"7014854",371863,2025-09-07 12:47:36,43.0472450256348,-9.300705909729,"Unknown"
"7014854",371863,2025-09-07 12:57:36,43.0471267700195,-9.30087947845459,"Unknown"
"7014854",371863,2025-09-07 13:07:36,43.0471038818359,-9.30099391937256,"Unknown"
"7014854",371863,2025-09-07 13:17:36,43.0472183227539,-9.30101585388184,"Unknown"
"7014854",371863,2025-09-07 13:27:36,43.0471076965332,-9.30106925964355,"Unknown"
"7014854",371863,2025-09-07 13:37:37,43.0472869873047,-9.30103206634521,"Unknown"
"7014854",371863,2025-09-07 13:47:38,43.0474739074707,-9.30099678039551,"Unknown"
"7014854",371863,2025-09-07 13:57:37,43.0473480224609,-9.30098247528076,"Unknown"
"7014854",371863,2025-09-07 14:07:50,43.0475082397461,-9.30076313018799,"Unknown"
"7014854",371863,2025-09-07 14:17:36,43.0474433898926,-9.30094242095947,"Unknown"
"7014854",371863,2025-09-07 14:27:37,43.0475006103516,-9.30088233947754,"Unknown"
"7014854",371863,2025-09-07 14:37:37,43.0475158691406,-9.30084991455078,"Unknown"
"7014854",371863,2025-09-07 14:47:37,43.0475845336914,-9.30069541931152,"Unknown"
"7014854",371863,2025-09-07 14:57:37,43.0475082397461,-9.30079174041748,"Unknown"
"7014854",371863,2025-09-07 15:07:36,43.0475311279297,-9.30073833465576,"Unknown"
"7014854",371863,2025-09-07 15:17:36,43.0474090576172,-9.30066299438477,"Unknown"
"7014854",371863,2025-09-07 15:27:37,43.0473480224609,-9.30045509338379,"Unknown"
"7014854",371863,2025-09-07 15:37:36,43.0472373962402,-9.30038070678711,"Unknown"
"7014854",371863,2025-09-07 15:48:05,43.0473518371582,-9.30043792724609,"Unknown"
"7014854",371863,2025-09-07 15:57:35,43.0474472045898,-9.30052947998047,"Unknown"
"7014854",371863,2025-09-07 16:07:35,43.0474739074707,-9.30066204071045,"Unknown"
"7014854",371863,2025-09-07 16:17:35,43.0474624633789,-9.3005952835083,"Unknown"
"7014854",371863,2025-09-07 16:27:35,43.0473747253418,-9.30048751831055,"Unknown"
"7014854",371863,2025-09-07 16:37:35,43.0473823547363,-9.30044078826904,"Unknown"
"7014854",371863,2025-09-07 16:47:35,43.0474166870117,-9.30039215087891,"Unknown"
"7014854",371863,2025-09-07 16:57:36,43.0472297668457,-9.30057716369629,"Unknown"
"7014854",371863,2025-09-07 17:07:36,43.0471954345703,-9.30060195922852,"Unknown"
"7014854",371863,2025-09-07 17:17:36,43.0473022460938,-9.30047225952148,"Unknown"
"7014854",371863,2025-09-07 17:27:36,43.0472831726074,-9.30050468444824,"Unknown"
"7014854",371863,2025-09-07 17:37:36,43.047233581543,-9.30045890808105,"Unknown"
"7014854",371863,2025-09-07 17:47:36,43.0473175048828,-9.30034828186035,"Unknown"
"7014854",371863,2025-09-07 17:57:36,43.0472793579102,-9.30042171478271,"Unknown"
"7014854",371863,2025-09-07 18:07:36,43.0473327636719,-9.30034255981445,"Unknown"
"7014854",371863,2025-09-07 18:17:36,43.047550201416,-9.30039405822754,"Unknown"
"7014854",371863,2025-09-07 18:27:36,43.0475196838379,-9.30033111572266,"Unknown"
"7014854",371863,2025-09-07 18:37:36,43.0474243164062,-9.30030250549316,"Unknown"
"7014854",371863,2025-09-07 18:47:38,43.0473823547363,-9.30005836486816,"Unknown"
"7014854",371863,2025-09-07 18:57:37,43.0473327636719,-9.30011367797852,"Unknown"
"7014854",371863,2025-09-07 19:07:38,43.047191619873,-9.29944705963135,"Unknown"
"7014854",371863,2025-09-07 19:17:41,43.047248840332,-9.2999267578125,"Unknown"
"7014854",371863,2025-09-07 19:27:42,43.0471611022949,-9.2994441986084,"Unknown"
"7014854",371863,2025-09-07 19:37:48,43.0470352172852,-9.29987049102783,"Unknown"
"7014854",371863,2025-09-07 19:47:50,43.046947479248,-9.29991912841797,"Unknown"
"7014854",371863,2025-09-07 19:58:05,43.0474281311035,-9.30019760131836,"Unknown"
"7014854",371863,2025-09-07 20:07:39,43.0471992492676,-9.30061912536621,"Unknown"
"7014854",371863,2025-09-07 20:17:38,43.0475082397461,-9.30045127868652,"Unknown"
"7014854",371863,2025-09-07 20:27:37,43.0476226806641,-9.30042839050293,"Unknown"
"7014854",371863,2025-09-07 20:37:36,43.0475769042969,-9.30046653747559,"Unknown"
"7014854",371863,2025-09-07 20:47:36,43.0475921630859,-9.30050563812256,"Unknown"
"7014854",371863,2025-09-07 20:57:36,43.0475730895996,-9.30052280426025,"Unknown"
"7014854",371863,2025-09-07 21:07:36,43.0475463867188,-9.30054473876953,"Unknown"
"7014854",371863,2025-09-07 21:17:36,43.0475463867188,-9.30055141448975,"Unknown"
"7014854",371863,2025-09-07 21:27:36,43.0475807189941,-9.30060195922852,"Unknown"
"7014854",371863,2025-09-07 21:37:36,43.047550201416,-9.30059432983398,"Unknown"
"7014854",371863,2025-09-07 21:47:36,43.0475425720215,-9.30059051513672,"Unknown"
"7014854",371863,2025-09-07 21:57:36,43.0475044250488,-9.30050373077393,"Unknown"
"7014854",371863,2025-09-07 22:07:36,43.0474853515625,-9.30052757263184,"Unknown"
"7014854",371863,2025-09-07 22:17:38,43.0429191589355,-9.29560661315918,"Unknown"
"7014854",371863,2025-09-07 22:27:40,43.0426177978516,-9.2954158782959,"Unknown"
"7014854",371863,2025-09-07 22:37:37,43.0434341430664,-9.29260444641113,"Unknown"
"7014854",371863,2025-09-07 22:47:40,43.0436859130859,-9.2909460067749,"Unknown"
"7014854",371863,2025-09-07 22:58:05,43.0473518371582,-9.30053424835205,"Unknown"
"7014854",371863,2025-09-07 23:07:36,43.0473861694336,-9.30026054382324,"Unknown"
"7014854",371863,2025-09-07 23:17:36,43.0473518371582,-9.3002986907959,"Unknown"
"7014854",371863,2025-09-07 23:27:36,43.04736328125,-9.30028820037842,"Unknown"
"7014854",371863,2025-09-07 23:37:41,43.0473556518555,-9.30017852783203,"Unknown"
"7014854",371863,2025-09-07 23:47:49,43.0473899841309,-9.30049514770508,"Unknown"
"7014854",371863,2025-09-07 23:57:37,43.0473670959473,-9.3006477355957,"Unknown"
"7014854",371863,2025-09-08 00:07:48,43.0476112365723,-9.30050754547119,"Unknown"
"7014854",371863,2025-09-08 00:17:48,43.0475540161133,-9.30054950714111,"Unknown"
"7014854",371863,2025-09-08 00:27:37,43.0474281311035,-9.3006420135498,"Unknown"
"7014854",371863,2025-09-08 00:37:37,43.047550201416,-9.30064868927002,"Unknown"
"7014854",371863,2025-09-08 00:47:37,43.0475044250488,-9.30071067810059,"Unknown"
"7014854",371863,2025-09-08 00:57:39,43.0475082397461,-9.30068016052246,"Unknown"
"7014854",371863,2025-09-08 01:07:51,43.0472755432129,-9.30058670043945,"Unknown"
"7014854",371863,2025-09-08 01:17:38,43.0469932556152,-9.30035972595215,"Unknown"
"7014854",371863,2025-09-08 01:27:38,43.0469436645508,-9.3001880645752,"Unknown"
"7014854",371863,2025-09-08 01:37:40,43.047477722168,-9.3005838394165,"Unknown"
"7014854",371863,2025-09-08 01:47:37,43.0474662780762,-9.30065441131592,"Unknown"
"7014854",371863,2025-09-08 01:57:37,43.047794342041,-9.3002758026123,"Unknown"
"7014854",371863,2025-09-08 02:07:39,43.0475234985352,-9.30066299438477,"Unknown"
"7014854",371863,2025-09-08 02:17:37,43.0482292175293,-9.30014896392822,"Unknown"
"7014854",371863,2025-09-08 02:27:38,43.0483131408691,-9.3001012802124,"Unknown"
"7014854",371863,2025-09-08 02:37:38,43.0474967956543,-9.30073928833008,"Unknown"
"7014854",371863,2025-09-08 02:47:37,43.047492980957,-9.30072593688965,"Unknown"
"7014854",371863,2025-09-08 02:57:39,43.0475082397461,-9.30074691772461,"Unknown"
"7014854",371863,2025-09-08 03:07:37,43.0476112365723,-9.30072116851807,"Unknown"
"7014854",371863,2025-09-08 03:17:37,43.047664642334,-9.30074787139893,"Unknown"
"7014854",371863,2025-09-08 03:27:37,43.0476417541504,-9.30071258544922,"Unknown"
"7014854",371863,2025-09-08 03:37:37,43.0476341247559,-9.30069541931152,"Unknown"
"7014854",371863,2025-09-08 03:47:37,43.047679901123,-9.30069637298584,"Unknown"
"7014854",371863,2025-09-08 03:57:37,43.0478820800781,-9.3009147644043,"Unknown"
"7014854",371863,2025-09-08 04:07:38,43.0479278564453,-9.30099487304688,"Unknown"
"7014854",371863,2025-09-08 04:17:38,43.0481262207031,-9.30140018463135,"Unknown"
"7014854",371863,2025-09-08 04:27:38,43.0477333068848,-9.3006067276001,"Unknown"
"7014854",371863,2025-09-08 04:37:37,43.047721862793,-9.30058765411377,"Unknown"
"7014854",371863,2025-09-08 04:47:37,43.0478858947754,-9.30044937133789,"Unknown"
"7014854",371863,2025-09-08 04:57:37,43.0475959777832,-9.30051326751709,"Unknown"
"7014854",371863,2025-09-08 05:07:37,43.047664642334,-9.3004789352417,"Unknown"
"7014854",371863,2025-09-08 05:17:38,43.0475883483887,-9.30056953430176,"Unknown"
"7014854",371863,2025-09-08 05:27:38,43.0476341247559,-9.30063056945801,"Unknown"
"7014854",371863,2025-09-08 05:37:38,43.0476379394531,-9.30070209503174,"Unknown"
"7014854",371863,2025-09-08 05:47:38,43.0476570129395,-9.30099487304688,"Unknown"
"7014854",371863,2025-09-08 05:57:40,43.0478096008301,-9.30094242095947,"Unknown"
"7014854",371863,2025-09-08 06:07:39,43.0478363037109,-9.30119514465332,"Unknown"
"7014854",371863,2025-09-08 06:17:39,43.0478553771973,-9.30117034912109,"Unknown"
"7014854",371863,2025-09-08 06:27:40,43.0475959777832,-9.30118370056152,"Unknown"
"7014854",371863,2025-09-08 06:37:40,43.047981262207,-9.30137920379639,"Unknown"
"7014854",371863,2025-09-08 06:47:39,43.0479164123535,-9.30111885070801,"Unknown"
"7014854",371863,2025-09-08 07:17:38,43.048267364502,-9.30002975463867,"Unknown"
"7014854",371863,2025-09-08 07:48:05,43.0474319458008,-9.3004264831543,"Unknown"
"7014854",371863,2025-09-08 08:17:35,43.0473594665527,-9.30051231384277,"Unknown"
"7014854",371863,2025-09-08 08:47:36,43.0473976135254,-9.30050373077393,"Unknown"
"7014854",371863,2025-09-08 09:17:36,43.0474281311035,-9.30048084259033,"Unknown"
"7014854",371863,2025-09-08 09:47:36,43.0473785400391,-9.30045795440674,"Unknown"
"7014854",371863,2025-09-08 09:57:36,43.0474548339844,-9.30051231384277,"Unknown"
"7014854",371863,2025-09-08 10:07:38,43.0475540161133,-9.30061435699463,"Unknown"
"7014854",371863,2025-09-08 10:17:48,43.0474662780762,-9.30053806304932,"Unknown"
"7014854",371863,2025-09-08 10:27:48,43.0473670959473,-9.30054473876953,"Unknown"
"7014854",371863,2025-09-08 10:37:48,43.0474014282227,-9.30052757263184,"Unknown"
"7014854",371863,2025-09-08 10:47:48,43.0473594665527,-9.30052280426025,"Unknown"
"7014854",371863,2025-09-08 10:57:41,43.0473709106445,-9.30059909820557,"Unknown"
"7014854",371863,2025-09-08 11:07:54,43.0474243164062,-9.30077266693115,"Unknown"
"7014854",371863,2025-09-08 11:18:05,43.0474166870117,-9.30045890808105,"Unknown"
"7014854",371863,2025-09-08 11:27:35,43.0474052429199,-9.30046272277832,"Unknown"
"7014854",371863,2025-09-08 11:37:35,43.0474166870117,-9.30041408538818,"Unknown"
"7014854",371863,2025-09-08 11:47:35,43.047420501709,-9.30041790008545,"Unknown"
"7014854",371863,2025-09-08 11:57:35,43.0474586486816,-9.30043601989746,"Unknown"
"7014854",371863,2025-09-08 12:07:35,43.0473937988281,-9.30048847198486,"Unknown"
"7014854",371863,2025-09-08 12:17:35,43.0474319458008,-9.30045127868652,"Unknown"
"7014854",371863,2025-09-08 12:27:36,43.0474662780762,-9.30041694641113,"Unknown"
"7014854",371863,2025-09-08 12:37:36,43.047420501709,-9.30048942565918,"Unknown"
"7014854",371863,2025-09-08 12:47:35,43.0474433898926,-9.30050849914551,"Unknown"
"7014854",371863,2025-09-08 12:57:37,43.0475044250488,-9.30053234100342,"Unknown"
"7014854",371863,2025-09-08 13:07:36,43.047492980957,-9.30055522918701,"Unknown"
"7014854",371863,2025-09-08 13:17:36,43.0475234985352,-9.3005952835083,"Unknown"
"7014854",371863,2025-09-08 13:27:36,43.047607421875,-9.30082035064697,"Unknown"
"7014854",371863,2025-09-08 13:37:39,43.0476264953613,-9.30082893371582,"Unknown"
"7014854",371863,2025-09-08 13:48:05,43.0474243164062,-9.30046939849854,"Unknown"
"7014854",371863,2025-09-08 13:57:35,43.0474014282227,-9.30043506622314,"Unknown"
"7014854",371863,2025-09-08 14:07:35,43.04736328125,-9.30056667327881,"Unknown"
"7014854",371863,2025-09-08 14:17:35,43.0474319458008,-9.30047130584717,"Unknown"
"7014854",371863,2025-09-08 14:27:36,43.0474128723145,-9.30047035217285,"Unknown"
"7014854",371863,2025-09-08 14:37:36,43.0474433898926,-9.30052471160889,"Unknown"
"7014854",371863,2025-09-08 14:47:36,43.047435760498,-9.30053043365479,"Unknown"
"7014854",371863,2025-09-08 14:57:36,43.0473556518555,-9.30062198638916,"Unknown"
"7014854",371863,2025-09-08 15:07:37,43.0473594665527,-9.30036067962646,"Unknown"
"7014854",371863,2025-09-08 15:17:40,43.0474319458008,-9.30039215087891,"Unknown"
"7014854",371863,2025-09-08 15:27:37,43.0473518371582,-9.30029582977295,"Unknown"
"7014854",371863,2025-09-08 15:37:38,43.047492980957,-9.30049705505371,"Unknown"
"7014854",371863,2025-09-08 15:47:39,43.0474052429199,-9.30038452148438,"Unknown"
"7014854",371863,2025-09-08 15:58:11,43.0474166870117,-9.30051040649414,"Unknown"
"7014854",371863,2025-09-08 16:07:35,43.0474395751953,-9.30053043365479,"Unknown"
"7014854",371863,2025-09-08 16:17:36,43.0474472045898,-9.30050849914551,"Unknown"
"7014854",371863,2025-09-08 16:27:36,43.0473899841309,-9.3003978729248,"Unknown"
"7014854",371863,2025-09-08 16:37:36,43.0474052429199,-9.30025577545166,"Unknown"
"7014854",371863,2025-09-08 16:48:01,43.047420501709,-9.30041599273682,"Unknown"
"7014854",371863,2025-09-08 16:57:36,43.0473518371582,-9.30046558380127,"Unknown"
"7014854",371863,2025-09-08 17:07:35,43.0473518371582,-9.30043315887451,"Unknown"
"7014854",371863,2025-09-08 17:17:35,43.0474014282227,-9.30045795440674,"Unknown"
"7014854",371863,2025-09-08 17:27:36,43.0473327636719,-9.30051612854004,"Unknown"
"7014854",371863,2025-09-08 17:37:35,43.0473365783691,-9.30044174194336,"Unknown"
"7014854",371863,2025-09-08 17:47:36,43.04736328125,-9.30044651031494,"Unknown"
"7014854",371863,2025-09-08 17:57:35,43.0473899841309,-9.30048561096191,"Unknown"
"7014854",371863,2025-09-08 18:07:39,43.047306060791,-9.30053806304932,"Unknown"
"7014854",371863,2025-09-08 18:17:38,43.0474128723145,-9.30040550231934,"Unknown"
"7014854",371863,2025-09-08 18:27:45,43.0472946166992,-9.30048942565918,"Unknown"
"7014854",371863,2025-09-08 18:37:41,43.0474433898926,-9.30039882659912,"Unknown"
"7014854",371863,2025-09-08 18:47:48,43.0473785400391,-9.30052852630615,"Unknown"
"7014854",371863,2025-09-08 18:58:05,43.0473823547363,-9.30047225952148,"Unknown"
"7014854",371863,2025-09-08 19:07:36,43.0474090576172,-9.3004035949707,"Unknown"
"7014854",371863,2025-09-08 19:17:48,43.0474052429199,-9.30044555664062,"Unknown"
"7014854",371863,2025-09-08 19:27:38,43.0473976135254,-9.3004674911499,"Unknown"
"7014854",371863,2025-09-08 19:37:48,43.0474967956543,-9.30039119720459,"Unknown"
"7014854",371863,2025-09-08 19:47:40,43.047435760498,-9.30080795288086,"Unknown"
"7014854",371863,2025-09-08 19:57:41,43.0475273132324,-9.30040168762207,"Unknown"
"7014854",371863,2025-09-08 20:07:48,43.047492980957,-9.30043983459473,"Unknown"
"7014854",371863,2025-09-08 20:17:38,43.047550201416,-9.30033302307129,"Unknown"
"7014854",371863,2025-09-08 20:27:37,43.0476341247559,-9.30039501190186,"Unknown"
"7014854",371863,2025-09-08 20:37:36,43.0475692749023,-9.30069637298584,"Unknown"
"7014854",371863,2025-09-08 20:47:36,43.0476264953613,-9.3007984161377,"Unknown"
"7014854",371863,2025-09-08 20:57:36,43.047721862793,-9.30086898803711,"Unknown"
"7014854",371863,2025-09-08 21:07:39,43.0477027893066,-9.30072498321533,"Unknown"
"7014854",371863,2025-09-08 21:17:50,43.0478363037109,-9.30082511901855,"Unknown"
"7014854",371863,2025-09-08 21:28:04,43.047420501709,-9.30053234100342,"Unknown"
"7014854",371863,2025-09-08 21:37:36,43.047420501709,-9.3004732131958,"Unknown"
"7014854",371863,2025-09-08 21:47:36,43.0474166870117,-9.30044651031494,"Unknown"
"7014854",371863,2025-09-08 21:57:36,43.047435760498,-9.30052661895752,"Unknown"
"7014854",371863,2025-09-08 22:07:37,43.0469703674316,-9.3000020980835,"Unknown"
"7014854",371863,2025-09-08 22:17:36,43.047607421875,-9.3007698059082,"Unknown"
"7014854",371863,2025-09-08 22:27:43,43.047420501709,-9.30047702789307,"Unknown"
"7014854",371863,2025-09-08 22:37:38,43.0475311279297,-9.30084991455078,"Unknown"
"7014854",371863,2025-09-08 22:48:05,43.0473670959473,-9.30045986175537,"Unknown"
"7014854",371863,2025-09-08 22:57:36,43.04736328125,-9.30037975311279,"Unknown"
"7014854",371863,2025-09-08 23:07:36,43.0473937988281,-9.3003044128418,"Unknown"
"7014854",371863,2025-09-08 23:17:36,43.0473670959473,-9.30030822753906,"Unknown"
"7014854",371863,2025-09-08 23:27:36,43.0473327636719,-9.30023097991943,"Unknown"
"7014854",371863,2025-09-08 23:37:36,43.0473403930664,-9.30031871795654,"Unknown"
"7014854",371863,2025-09-08 23:47:36,43.0473213195801,-9.30025386810303,"Unknown"
"7014854",371863,2025-09-08 23:57:37,43.0473365783691,-9.30026912689209,"Unknown"
"7014854",371863,2025-09-09 00:07:37,43.0473022460938,-9.30030155181885,"Unknown"
"7014854",371863,2025-09-09 00:17:37,43.0473327636719,-9.30029392242432,"Unknown"
"7014854",371863,2025-09-09 00:27:39,43.0473175048828,-9.30037975311279,"Unknown"
"7014854",371863,2025-09-09 00:38:00,43.0473365783691,-9.30029487609863,"Unknown"
"7014854",371863,2025-09-09 00:48:01,43.047435760498,-9.30041980743408,"Unknown"
"7014854",371863,2025-09-09 00:57:37,43.0474853515625,-9.30045604705811,"Unknown"
"7014854",371863,2025-09-09 01:07:37,43.0474739074707,-9.30038738250732,"Unknown"
"7014854",371863,2025-09-09 01:17:36,43.0474853515625,-9.30035495758057,"Unknown"
"7014854",371863,2025-09-09 01:27:36,43.0474700927734,-9.30031871795654,"Unknown"
"7014854",371863,2025-09-09 01:37:36,43.047477722168,-9.30026721954346,"Unknown"
"7014854",371863,2025-09-09 01:47:36,43.0473937988281,-9.30018043518066,"Unknown"
"7014854",371863,2025-09-09 01:57:42,43.0474586486816,-9.30016708374023,"Unknown"
"7014854",371863,2025-09-09 02:07:39,43.0474510192871,-9.30045986175537,"Unknown"
"7014854",371863,2025-09-09 02:17:38,43.0474166870117,-9.30049514770508,"Unknown"
"7014854",371863,2025-09-09 02:27:39,43.0474319458008,-9.3004846572876,"Unknown"
"7014854",371863,2025-09-09 02:37:39,43.0473747253418,-9.30048942565918,"Unknown"
"7014854",371863,2025-09-09 02:47:41,43.047435760498,-9.30056953430176,"Unknown"
"7014854",371863,2025-09-09 02:58:01,43.0473823547363,-9.30045890808105,"Unknown"
"7014854",371863,2025-09-09 03:07:36,43.0473747253418,-9.30052375793457,"Unknown"
"7014854",371863,2025-09-09 03:17:36,43.0473747253418,-9.30049800872803,"Unknown"
"7014854",371863,2025-09-09 03:27:36,43.0474090576172,-9.30053329467773,"Unknown"
"7014854",371863,2025-09-09 03:37:36,43.0473670959473,-9.30051231384277,"Unknown"
"7014854",371863,2025-09-09 03:47:36,43.0473899841309,-9.30050373077393,"Unknown"
"7014854",371863,2025-09-09 03:57:36,43.0473518371582,-9.30047225952148,"Unknown"
"7014854",371863,2025-09-09 04:07:37,43.047435760498,-9.30055809020996,"Unknown"
"7014854",371863,2025-09-09 04:17:37,43.047435760498,-9.30057716369629,"Unknown"
"7014854",371863,2025-09-09 04:27:37,43.0474052429199,-9.30055999755859,"Unknown"
"7014854",371863,2025-09-09 04:37:37,43.0473289489746,-9.30056381225586,"Unknown"
"7014854",371863,2025-09-09 04:47:39,43.0473976135254,-9.30077743530273,"Unknown"
"7014854",371863,2025-09-09 04:57:43,43.0473976135254,-9.30057334899902,"Unknown"
"7014854",371863,2025-09-09 05:07:44,43.0474472045898,-9.30059337615967,"Unknown"
"7014854",371863,2025-09-09 05:17:40,43.0474281311035,-9.30050086975098,"Unknown"
"7014854",371863,2025-09-09 05:27:41,43.0473594665527,-9.30084609985352,"Unknown"
"7014854",371863,2025-09-09 05:37:42,43.0474243164062,-9.30079174041748,"Unknown"
"7014854",371863,2025-09-09 05:47:46,43.0474319458008,-9.30063152313232,"Unknown"
"7014854",371863,2025-09-09 05:57:42,43.047492980957,-9.30081844329834,"Unknown"
"7014854",371863,2025-09-09 06:08:05,43.0474243164062,-9.30050086975098,"Unknown"
"7014854",371863,2025-09-09 06:17:36,43.0474395751953,-9.30039691925049,"Unknown"
"7014854",371863,2025-09-09 06:47:37,43.047435760498,-9.30060005187988,"Unknown"
"7014854",371863,2025-09-09 07:17:37,43.047435760498,-9.30042457580566,"Unknown"
"7014854",371863,2025-09-09 07:47:54,43.046947479248,-9.30055522918701,"Unknown"
"7014854",371863,2025-09-09 08:17:49,43.0471534729004,-9.30037403106689,"Unknown"
"7014854",371863,2025-09-09 08:48:05,43.0473747253418,-9.3004674911499,"Unknown"
"7014854",371863,2025-09-09 09:17:36,43.0473976135254,-9.30051517486572,"Unknown"
"7014854",371863,2025-09-09 09:47:36,43.0473976135254,-9.30047035217285,"Unknown"
"7014854",371863,2025-09-09 10:17:37,43.0474395751953,-9.30051898956299,"Unknown"
"7014854",371863,2025-09-09 10:47:39,43.0473251342773,-9.30042171478271,"Unknown"
"7014854",371863,2025-09-09 11:18:05,43.0474014282227,-9.30046653747559,"Unknown"
"7014854",371863,2025-09-09 11:47:36,43.0473937988281,-9.30046081542969,"Unknown"
"7014854",371863,2025-09-09 12:17:36,43.0474433898926,-9.30049800872803,"Unknown"
"7014854",371863,2025-09-09 12:47:36,43.0474395751953,-9.30049419403076,"Unknown"
"7014854",371863,2025-09-09 13:17:39,43.0475234985352,-9.30066299438477,"Unknown"
"7014854",371863,2025-09-09 13:48:04,43.0474052429199,-9.30049133300781,"Unknown"
"7014854",371863,2025-09-09 14:17:37,43.0474052429199,-9.30051422119141,"Unknown"
"7014854",371863,2025-09-09 14:48:05,43.0473709106445,-9.30044174194336,"Unknown"
"7014854",371863,2025-09-09 15:17:38,43.0473709106445,-9.30040264129639,"Unknown"
"7014854",371863,2025-09-09 15:48:05,43.0473823547363,-9.30048561096191,"Unknown"
"7014854",371863,2025-09-09 16:17:37,43.0474395751953,-9.30045986175537,"Unknown"
"7014854",371863,2025-09-09 16:47:38,43.0473937988281,-9.30044460296631,"Unknown"
"7014854",371863,2025-09-09 17:17:44,43.0473442077637,-9.30050754547119,"Unknown"
"7014854",371863,2025-09-09 17:47:47,43.0474739074707,-9.30037784576416,"Unknown"
"7014854",371863,2025-09-09 18:18:05,43.04736328125,-9.3004322052002,"Unknown"
"7014854",371863,2025-09-09 18:47:37,43.0474014282227,-9.30052280426025,"Unknown"
"7014854",371863,2025-09-09 19:17:38,43.0474624633789,-9.30070209503174,"Unknown"
"7014854",371863,2025-09-09 19:48:14,43.0474510192871,-9.3004150390625,"Unknown"
"7014854",371863,2025-09-09 20:17:36,43.0474815368652,-9.30050086975098,"Unknown"
"7014854",371863,2025-09-09 20:47:36,43.0474281311035,-9.30049896240234,"Unknown"
"7014854",371863,2025-09-09 21:17:49,43.0475044250488,-9.30052185058594,"Unknown"
"7014854",371863,2025-09-09 21:48:05,43.0474281311035,-9.30048942565918,"Unknown"
"7014854",371863,2025-09-09 22:17:39,43.0474891662598,-9.30049514770508,"Unknown"
"7014854",371863,2025-09-09 22:48:05,43.0474014282227,-9.30049133300781,"Unknown"
"7014854",371863,2025-09-09 23:17:37,43.0473861694336,-9.3002815246582,"Unknown"
"7014854",371863,2025-09-09 23:47:42,43.0473213195801,-9.30003356933594,"Unknown"
"7014854",371863,2025-09-10 00:18:05,43.0473785400391,-9.30047035217285,"Unknown"
"7014854",371863,2025-09-10 00:47:43,43.047492980957,-9.30049419403076,"Unknown"
"7014854",371863,2025-09-10 01:18:05,43.0474510192871,-9.30042552947998,"Unknown"
"7014854",371863,2025-09-10 01:47:47,43.0474510192871,-9.30036067962646,"Unknown"
"7014854",371863,2025-09-10 02:17:48,43.0474128723145,-9.30025386810303,"Unknown"
"7014854",371863,2025-09-10 02:48:02,43.0473327636719,-9.30049133300781,"Unknown"
"7014854",371863,2025-09-10 03:17:37,43.047248840332,-9.30047035217285,"Unknown"
"7014854",371863,2025-09-10 03:47:38,43.0471611022949,-9.30032539367676,"Unknown"
"7014854",371863,2025-09-10 04:17:37,43.0473785400391,-9.30064010620117,"Unknown"
"7014854",371863,2025-09-10 04:47:39,43.0473861694336,-9.30066871643066,"Unknown"
"7014854",371863,2025-09-10 05:17:48,43.0473899841309,-9.30061149597168,"Unknown"
"7014854",371863,2025-09-10 05:47:40,43.0473327636719,-9.30005836486816,"Unknown"
"7014854",371863,2025-09-10 06:18:05,43.0474243164062,-9.30046844482422,"Unknown"
"7014854",371863,2025-09-10 06:47:38,43.0476493835449,-9.30080127716064,"Unknown"
"7014854",371863,2025-09-10 07:17:49,43.0475692749023,-9.30041885375977,"Unknown"
"7014854",371863,2025-09-10 07:48:05,43.0473899841309,-9.30047702789307,"Unknown"
"7014854",371863,2025-09-10 08:17:36,43.0473709106445,-9.3004789352417,"Unknown"
"7014854",371863,2025-09-10 08:47:36,43.0473518371582,-9.30049610137939,"Unknown"
"7014854",371863,2025-09-10 09:17:37,43.0474243164062,-9.3004846572876,"Unknown"
"7014854",371863,2025-09-10 09:47:40,43.0471954345703,-9.30033397674561,"Unknown"
"7014854",371863,2025-09-10 10:18:06,43.0473937988281,-9.30047512054443,"Unknown"
"7014854",371863,2025-09-10 10:47:37,43.0473823547363,-9.30049514770508,"Unknown"
"7014854",371863,2025-09-10 11:18:05,43.047420501709,-9.30042171478271,"Unknown"
"7014854",371863,2025-09-10 11:47:36,43.0474243164062,-9.30049610137939,"Unknown"
"7014854",371863,2025-09-10 12:17:36,43.0473976135254,-9.30043601989746,"Unknown"
"7014854",371863,2025-09-10 12:47:38,43.0474891662598,-9.30058574676514,"Unknown"
"7014854",371863,2025-09-10 13:18:05,43.0474319458008,-9.30051803588867,"Unknown"
"7014854",371863,2025-09-10 13:47:36,43.04736328125,-9.30041599273682,"Unknown"
"7014854",371863,2025-09-10 14:17:36,43.0473365783691,-9.30051803588867,"Unknown"
"7014854",371863,2025-09-10 14:47:38,43.0473976135254,-9.30059051513672,"Unknown"
"7014854",371863,2025-09-10 15:18:05,43.0473670959473,-9.30047798156738,"Unknown"
"7014854",371863,2025-09-10 15:47:36,43.0473709106445,-9.30050945281982,"Unknown"
"7014854",371863,2025-09-10 16:17:37,43.0473670959473,-9.30041408538818,"Unknown"
"7014854",371863,2025-09-10 16:47:38,43.0474548339844,-9.30065155029297,"Unknown"
"7014854",371863,2025-09-10 17:17:38,43.0473747253418,-9.30143928527832,"Unknown"
"7014854",371863,2025-09-10 17:48:05,43.0473670959473,-9.30046272277832,"Unknown"
"7014854",371863,2025-09-10 18:17:37,43.0473785400391,-9.30048561096191,"Unknown"
"7014854",371863,2025-09-10 18:47:40,43.0474090576172,-9.30050659179688,"Unknown"
"7014854",371863,2025-09-10 19:18:05,43.0474624633789,-9.30043983459473,"Unknown"
"7014854",371863,2025-09-10 19:47:42,43.0475006103516,-9.30039691925049,"Unknown"
"7014854",371863,2025-09-10 20:18:05,43.0473709106445,-9.3004903793335,"Unknown"
"7014854",371863,2025-09-10 20:47:36,43.0473518371582,-9.30055141448975,"Unknown"
"7014854",371863,2025-09-10 21:17:36,43.0473823547363,-9.30037021636963,"Unknown"
"7014854",371863,2025-09-10 21:48:05,43.0474166870117,-9.30049991607666,"Unknown"
"7014854",371863,2025-09-10 22:17:37,43.0474510192871,-9.30051708221436,"Unknown"
"7014854",371863,2025-09-10 22:48:05,43.0473709106445,-9.30044174194336,"Unknown"
"7014854",371863,2025-09-10 23:17:36,43.0473747253418,-9.30025577545166,"Unknown"
"7014854",371863,2025-09-10 23:47:36,43.0473518371582,-9.30026149749756,"Unknown"
"7014854",371863,2025-09-11 00:17:49,43.0473480224609,-9.30039119720459,"Unknown"
"7014854",371863,2025-09-11 00:47:49,43.0475311279297,-9.30063247680664,"Unknown"
"7014854",371863,2025-09-11 01:18:05,43.0474433898926,-9.30050182342529,"Unknown"
"7014854",371863,2025-09-11 01:47:40,43.0474472045898,-9.30039310455322,"Unknown"
"7014854",371863,2025-09-11 02:17:39,43.0474243164062,-9.30080318450928,"Unknown"
"7014854",371863,2025-09-11 02:47:38,43.0475120544434,-9.30093002319336,"Unknown"
"7014854",371863,2025-09-11 03:17:52,43.0475120544434,-9.30074214935303,"Unknown"
"7014854",371863,2025-09-11 03:47:56,43.0474472045898,-9.30043029785156,"Unknown"
"7014854",371863,2025-09-11 04:18:05,43.0473709106445,-9.30050468444824,"Unknown"
"7014854",371863,2025-09-11 04:47:48,43.0474090576172,-9.3004789352417,"Unknown"
"7014854",371863,2025-09-11 05:17:48,43.0473976135254,-9.30041885375977,"Unknown"
"7014854",371863,2025-09-11 05:47:48,43.0473823547363,-9.30049228668213,"Unknown"
"7014854",371863,2025-09-11 06:18:05,43.0474510192871,-9.30049896240234,"Unknown"
"7014854",371863,2025-09-11 06:47:37,43.0473556518555,-9.30036926269531,"Unknown"
"7014854",371863,2025-09-11 07:18:05,43.0474510192871,-9.30043315887451,"Unknown"
"7014854",371863,2025-09-11 07:47:36,43.0474052429199,-9.30046844482422,"Unknown"
"7014854",371863,2025-09-11 08:17:36,43.0473251342773,-9.30053424835205,"Unknown"
"7014854",371863,2025-09-11 08:47:36,43.0473709106445,-9.30049133300781,"Unknown"
"7014854",371863,2025-09-11 09:17:36,43.0474281311035,-9.30050373077393,"Unknown"
"7014854",371863,2025-09-11 09:47:39,43.0475006103516,-9.30058097839355,"Unknown"
"7014854",371863,2025-09-11 10:18:05,43.0473861694336,-9.3004903793335,"Unknown"
"7014854",371863,2025-09-11 10:47:37,43.0474052429199,-9.30048179626465,"Unknown"
"7014854",371863,2025-09-11 11:17:37,43.0474090576172,-9.30043125152588,"Unknown"
"7014854",371863,2025-09-11 11:47:36,43.0474128723145,-9.30048179626465,"Unknown"
"7014854",371863,2025-09-11 12:18:05,43.0474128723145,-9.30049228668213,"Unknown"
"7014854",371863,2025-09-11 12:47:37,43.0473442077637,-9.3003454208374,"Unknown"
"7014854",371863,2025-09-11 13:18:05,43.0473785400391,-9.30046463012695,"Unknown"
"7014854",371863,2025-09-11 13:47:36,43.0473823547363,-9.30046558380127,"Unknown"
"7014854",371863,2025-09-11 14:17:37,43.0473213195801,-9.30066299438477,"Unknown"
"7014854",371863,2025-09-11 14:47:48,43.0474014282227,-9.30048561096191,"Unknown"
"7014854",371863,2025-09-11 15:18:05,43.0473899841309,-9.30048751831055,"Unknown"
"7014854",371863,2025-09-11 15:47:36,43.0475425720215,-9.30059146881104,"Unknown"
"7014854",371863,2025-09-11 16:17:37,43.0473442077637,-9.30038166046143,"Unknown"
"7014854",371863,2025-09-11 16:47:38,43.047477722168,-9.30063152313232,"Unknown"
"7014854",371863,2025-09-11 17:17:38,43.0473747253418,-9.30171871185303,"Unknown"
"7014854",371863,2025-09-11 17:48:05,43.0473594665527,-9.30046463012695,"Unknown"
"7014854",371863,2025-09-11 18:17:37,43.0473899841309,-9.3005199432373,"Unknown"
"7014854",371863,2025-09-11 18:48:05,43.0474281311035,-9.30046081542969,"Unknown"
"7014854",371863,2025-09-11 19:17:40,43.0475006103516,-9.30033874511719,"Unknown"
"7014854",371863,2025-09-11 19:48:05,43.047435760498,-9.30043697357178,"Unknown"
"7014854",371863,2025-09-11 20:17:36,43.0477027893066,-9.30045890808105,"Unknown"
"7014854",371863,2025-09-11 20:47:37,43.0475044250488,-9.30052947998047,"Unknown"
"7014854",371863,2025-09-11 21:18:04,43.0474014282227,-9.30048084259033,"Unknown"
"7014854",371863,2025-09-11 21:47:36,43.0472984313965,-9.30033016204834,"Unknown"
"7014854",371863,2025-09-11 22:17:40,43.0477066040039,-9.30081176757812,"Unknown"
"7014854",371863,2025-09-11 22:48:05,43.0473403930664,-9.3004789352417,"Unknown"
"7014854",371863,2025-09-11 23:17:36,43.047290802002,-9.30069351196289,"Unknown"
"7014854",371863,2025-09-11 23:47:36,43.0473442077637,-9.30030536651611,"Unknown"
"7014854",371863,2025-09-12 00:18:05,43.0473861694336,-9.30040836334229,"Unknown"
"7014854",371863,2025-09-12 00:47:40,43.0472984313965,-9.30024147033691,"Unknown"
"7014854",371863,2025-09-12 01:18:05,43.0474281311035,-9.30044078826904,"Unknown"
"7014854",371863,2025-09-12 01:47:36,43.0474166870117,-9.30044746398926,"Unknown"
"7014854",371863,2025-09-12 02:17:36,43.0473976135254,-9.30036544799805,"Unknown"
"7014854",371863,2025-09-12 02:47:37,43.0474472045898,-9.3001537322998,"Unknown"
"7014854",371863,2025-09-12 03:17:42,43.0474166870117,-9.30078125,"Unknown"
"7014854",371863,2025-09-12 03:48:04,43.0473976135254,-9.30051136016846,"Unknown"
"7014854",371863,2025-09-12 04:17:37,43.0470809936523,-9.29969120025635,"Unknown"
"7014854",371863,2025-09-12 04:47:43,43.0473861694336,-9.30056762695312,"Unknown"
"7014854",371863,2025-09-12 05:18:05,43.0474281311035,-9.30051231384277,"Unknown"
"7014854",371863,2025-09-12 05:47:37,43.0474967956543,-9.30046081542969,"Unknown"
"7014854",371863,2025-09-12 06:17:39,43.0474815368652,-9.30034828186035,"Unknown"
"7014854",371863,2025-09-12 06:47:42,43.0473937988281,-9.30038928985596,"Unknown"
"7014854",371863,2025-09-12 07:18:05,43.0474472045898,-9.3004264831543,"Unknown"
"7014854",371863,2025-09-12 07:47:48,43.0474281311035,-9.30041217803955,"Unknown"
"7014854",371863,2025-09-12 08:18:05,43.0474052429199,-9.30049896240234,"Unknown"
"7014854",371863,2025-09-12 08:47:36,43.0473861694336,-9.30051040649414,"Unknown"
"7014854",371863,2025-09-12 09:17:36,43.0474014282227,-9.30051326751709,"Unknown"
"7014854",371863,2025-09-12 09:47:36,43.0474624633789,-9.30055618286133,"Unknown"
"7014854",371863,2025-09-12 10:18:05,43.0473899841309,-9.3004732131958,"Unknown"
"7014854",371863,2025-09-12 10:47:46,43.0474090576172,-9.300537109375,"Unknown"
"7014854",371863,2025-09-12 11:18:05,43.0474128723145,-9.30047512054443,"Unknown"
"7014854",371863,2025-09-12 11:47:36,43.0473899841309,-9.3004207611084,"Unknown"
"7014854",371863,2025-09-12 12:17:36,43.0474090576172,-9.30060958862305,"Unknown"
"7014854",371863,2025-09-12 12:47:48,43.0475044250488,-9.30058765411377,"Unknown"
"7014854",371863,2025-09-12 13:18:05,43.047420501709,-9.30048942565918,"Unknown"
"7014854",371863,2025-09-12 13:47:36,43.0473747253418,-9.30049705505371,"Unknown"
"7014854",371863,2025-09-12 14:17:36,43.0473518371582,-9.30061626434326,"Unknown"
"7014854",371863,2025-09-12 14:47:39,43.0473403930664,-9.30062294006348,"Unknown"
"7014854",371863,2025-09-12 15:18:05,43.0473899841309,-9.30048274993896,"Unknown"
"7014854",371863,2025-09-12 15:47:36,43.0472831726074,-9.30035972595215,"Unknown"
"7014854",371863,2025-09-12 16:17:37,43.0474052429199,-9.30036926269531,"Unknown"
"7014854",371863,2025-09-12 16:47:38,43.0475311279297,-9.30084037780762,"Unknown"
"7014854",371863,2025-09-12 17:17:37,43.0473747253418,-9.30149745941162,"Unknown"
"7014854",371863,2025-09-12 17:48:05,43.0473670959473,-9.30045795440674,"Unknown"
"7014854",371863,2025-09-12 18:17:37,43.0474128723145,-9.30057048797607,"Unknown"
"7014854",371863,2025-09-12 18:48:05,43.0474510192871,-9.30044364929199,"Unknown"
"7014854",371863,2025-09-12 19:17:48,43.0474853515625,-9.30042266845703,"Unknown"
"7014854",371863,2025-09-12 19:48:05,43.0474472045898,-9.30042362213135,"Unknown"
"7014854",371863,2025-09-12 20:17:36,43.0475082397461,-9.30037975311279,"Unknown"
"7014854",371863,2025-09-12 20:47:38,43.047477722168,-9.30048656463623,"Unknown"
"7014854",371863,2025-09-12 21:18:14,43.0474052429199,-9.30047035217285,"Unknown"
"7014854",371863,2025-09-12 21:48:05,43.0474014282227,-9.3004903793335,"Unknown"
"7014854",371863,2025-09-12 22:17:37,43.0475921630859,-9.30075263977051,"Unknown"
"7014854",371863,2025-09-12 22:48:05,43.0473899841309,-9.30050373077393,"Unknown"
"7014854",371863,2025-09-12 23:17:37,43.0474052429199,-9.30054569244385,"Unknown"
"7014854",371863,2025-09-12 23:47:45,43.04736328125,-9.30047225952148,"Unknown"
"7014854",371863,2025-09-13 00:18:05,43.0473976135254,-9.30049133300781,"Unknown"
"7014854",371863,2025-09-13 00:48:05,43.0474662780762,-9.30044460296631,"Unknown"
"7014854",371863,2025-09-13 01:17:36,43.0474395751953,-9.30043029785156,"Unknown"
"7014854",371863,2025-09-13 01:47:36,43.0473937988281,-9.30044078826904,"Unknown"
"7014854",371863,2025-09-13 02:17:36,43.0474166870117,-9.30041599273682,"Unknown"
"7014854",371863,2025-09-13 02:47:37,43.0474548339844,-9.30066776275635,"Unknown"
"7014854",371863,2025-09-13 03:17:46,43.0474090576172,-9.30061531066895,"Unknown"
"7014854",371863,2025-09-13 03:47:38,43.0474548339844,-9.30070781707764,"Unknown"
"7014854",371863,2025-09-13 04:18:05,43.0473976135254,-9.30050945281982,"Unknown"
"7014854",371863,2025-09-13 04:47:48,43.0474395751953,-9.30052661895752,"Unknown"
"7014854",371863,2025-09-13 05:17:43,43.0474395751953,-9.30047225952148,"Unknown"
"7014854",371863,2025-09-13 05:48:05,43.0474472045898,-9.30045127868652,"Unknown"
"7014854",371863,2025-09-13 06:17:45,43.0473785400391,-9.30030059814453,"Unknown"
"7014854",371863,2025-09-13 06:48:05,43.0474433898926,-9.30042457580566,"Unknown"
"7014854",371863,2025-09-13 07:17:36,43.0474166870117,-9.30045223236084,"Unknown"
"7014854",371863,2025-09-13 07:47:36,43.0473594665527,-9.30050373077393,"Unknown"
"7014854",371863,2025-09-13 08:17:36,43.0473442077637,-9.30053329467773,"Unknown"
"7014854",371863,2025-09-13 08:47:36,43.0474891662598,-9.30050754547119,"Unknown"
"7014854",371863,2025-09-13 09:17:38,43.0472450256348,-9.30040550231934,"Unknown"
"7014854",371863,2025-09-13 09:48:05,43.0473861694336,-9.30049610137939,"Unknown"
"7014854",371863,2025-09-13 10:17:36,43.0473976135254,-9.30051231384277,"Unknown"
"7014854",371863,2025-09-13 10:47:36,43.0474319458008,-9.30042457580566,"Unknown"
"7014854",371863,2025-09-13 11:17:38,43.0474281311035,-9.30045700073242,"Unknown"
"7014854",371863,2025-09-13 11:48:05,43.0474090576172,-9.30044937133789,"Unknown"
"7014854",371863,2025-09-13 12:17:36,43.0474319458008,-9.30049705505371,"Unknown"
"7014854",371863,2025-09-13 12:48:05,43.0474281311035,-9.30052089691162,"Unknown"
"7014854",371863,2025-09-13 13:17:37,43.0473251342773,-9.30050373077393,"Unknown"
"7014854",371863,2025-09-13 13:47:37,43.0473556518555,-9.30052471160889,"Unknown"
"7014854",371863,2025-09-13 14:17:37,43.0473289489746,-9.30044651031494,"Unknown"
"7014854",371863,2025-09-13 14:47:40,43.0473709106445,-9.30081367492676,"Unknown"
"7014854",371863,2025-09-13 15:18:05,43.0473861694336,-9.30045509338379,"Unknown"
"7014854",371863,2025-09-13 15:47:36,43.0475730895996,-9.30059623718262,"Unknown"
"7014854",371863,2025-09-13 16:17:38,43.0473175048828,-9.30025863647461,"Unknown"
"7014854",371863,2025-09-13 16:47:39,43.0472564697266,-9.30051517486572,"Unknown"
"7014854",371863,2025-09-13 17:17:38,43.0473365783691,-9.30223560333252,"Unknown"
"7014854",371863,2025-09-13 17:48:06,43.04736328125,-9.30044555664062,"Unknown"
"7014854",371863,2025-09-13 18:17:39,43.0473594665527,-9.30067825317383,"Unknown"
"7014854",371863,2025-09-13 18:48:05,43.0474433898926,-9.30047702789307,"Unknown"
"7014854",371863,2025-09-13 19:18:12,43.0474472045898,-9.3004150390625,"Unknown"
"7014854",371863,2025-09-13 19:48:05,43.0474433898926,-9.30044174194336,"Unknown"
"7014854",371863,2025-09-13 20:17:41,43.0475273132324,-9.3005256652832,"Unknown"
"7014854",371863,2025-09-13 20:47:40,43.0476303100586,-9.30059051513672,"Unknown"
"7014854",371863,2025-09-13 21:18:05,43.0474052429199,-9.300461769104,"Unknown"
"7014854",371863,2025-09-13 21:47:40,43.047779083252,-9.30076313018799,"Unknown"
"7014854",371863,2025-09-13 22:18:06,43.0474052429199,-9.30043888092041,"Unknown"
"7014854",371863,2025-09-13 22:48:05,43.0473518371582,-9.30041885375977,"Unknown"
"7014854",371863,2025-09-13 23:17:37,43.0474052429199,-9.30021572113037,"Unknown"
"7014854",371863,2025-09-13 23:47:39,43.0473518371582,-9.30010032653809,"Unknown"
"7014854",371863,2025-09-14 00:18:05,43.0473670959473,-9.300461769104,"Unknown"
"7014854",371863,2025-09-14 00:47:38,43.0475120544434,-9.30068016052246,"Unknown"
"7014854",371863,2025-09-14 01:17:39,43.0475883483887,-9.30098247528076,"Unknown"
"7014854",371863,2025-09-14 01:47:49,43.0474128723145,-9.30039405822754,"Unknown"
"7014854",371863,2025-09-14 02:17:58,43.0473937988281,-9.30017852783203,"Unknown"
"7014854",371863,2025-09-14 02:48:05,43.0473518371582,-9.30044746398926,"Unknown"
"7014854",371863,2025-09-14 03:17:38,43.0473175048828,-9.30040550231934,"Unknown"
"7014854",371863,2025-09-14 03:47:38,43.0473861694336,-9.30051898956299,"Unknown"
"7014854",371863,2025-09-14 04:17:40,43.0473251342773,-9.300612449646,"Unknown"
"7014854",371863,2025-09-14 04:48:05,43.0473976135254,-9.30051517486572,"Unknown"
"7014854",371863,2025-09-14 05:17:37,43.0474243164062,-9.30055522918701,"Unknown"
"7014854",371863,2025-09-14 05:47:39,43.047420501709,-9.30052947998047,"Unknown"
"7014854",371863,2025-09-14 06:17:41,43.0475883483887,-9.30028438568115,"Unknown"
"7014854",371863,2025-09-14 06:47:49,43.047477722168,-9.30033493041992,"Unknown"
"7014854",371863,2025-09-14 07:18:05,43.047435760498,-9.30040550231934,"Unknown"
"7014854",371863,2025-09-14 07:48:05,43.0473937988281,-9.30048179626465,"Unknown"
"7014854",371863,2025-09-14 08:17:37,43.0474281311035,-9.30043983459473,"Unknown"
"7014854",371863,2025-09-14 08:47:37,43.0473251342773,-9.30049324035645,"Unknown"
"7014854",371863,2025-09-14 09:17:40,43.0473899841309,-9.3004846572876,"Unknown"
"7014854",371863,2025-09-14 09:47:57,43.0473937988281,-9.3004903793335,"Unknown"
"7014854",371863,2025-09-14 10:18:05,43.0473899841309,-9.30052185058594,"Unknown"
"7014854",371863,2025-09-14 10:47:38,43.0474243164062,-9.30044841766357,"Unknown"
"7014854",371863,2025-09-14 11:18:05,43.0474433898926,-9.30042457580566,"Unknown"
"7014854",371863,2025-09-14 11:47:37,43.0474700927734,-9.30050945281982,"Unknown"
"7014854",371863,2025-09-14 12:17:49,43.0473136901855,-9.30042552947998,"Unknown"
"7014854",371863,2025-09-14 12:48:05,43.0474281311035,-9.30049705505371,"Unknown"
"7014854",371863,2025-09-14 13:17:37,43.047420501709,-9.30049133300781,"Unknown"
"7014854",371863,2025-09-14 13:47:37,43.0473327636719,-9.30061912536621,"Unknown"
"7014854",371863,2025-09-14 14:17:37,43.0473327636719,-9.30053901672363,"Unknown"
"7014854",371863,2025-09-14 14:47:40,43.0474510192871,-9.30099105834961,"Unknown"
"7014854",371863,2025-09-14 15:18:05,43.0473785400391,-9.3004732131958,"Unknown"
"7014854",371863,2025-09-14 15:47:37,43.0474891662598,-9.30055236816406,"Unknown"
"7014854",371863,2025-09-14 16:17:37,43.0473365783691,-9.30033874511719,"Unknown"
"7014854",371863,2025-09-14 16:47:39,43.0474243164062,-9.29999256134033,"Unknown"
"7014854",371863,2025-09-14 17:17:39,43.0473442077637,-9.30149936676025,"Unknown"
"7014854",371863,2025-09-14 17:48:05,43.0473823547363,-9.30044269561768,"Unknown"
"7014854",371863,2025-09-14 18:17:38,43.0474090576172,-9.30050468444824,"Unknown"
"7014854",371863,2025-09-14 18:47:51,43.0473403930664,-9.30043029785156,"Unknown"
"7014854",371863,2025-09-14 19:18:05,43.0474548339844,-9.3004150390625,"Unknown"
"7014854",371863,2025-09-14 19:48:14,43.0474433898926,-9.30049324035645,"Unknown"
"7014854",371863,2025-09-14 20:17:38,43.0474281311035,-9.3005256652832,"Unknown"
"7014854",371863,2025-09-14 20:48:05,43.047420501709,-9.30041217803955,"Unknown"
"7014854",371863,2025-09-14 21:18:05,43.0474281311035,-9.30045795440674,"Unknown"
"7014854",371863,2025-09-14 21:47:40,43.0473976135254,-9.30042934417725,"Unknown"
"7014854",371863,2025-09-14 22:18:05,43.0474128723145,-9.30048274993896,"Unknown"
"7014854",371863,2025-09-14 22:47:37,43.0474281311035,-9.30027770996094,"Unknown"
"7014854",371863,2025-09-14 23:17:39,43.0474395751953,-9.30049896240234,"Unknown"
"7014854",371863,2025-09-14 23:48:05,43.0473442077637,-9.30047702789307,"Unknown"
"7014854",371863,2025-09-15 00:17:43,43.0487365722656,-9.30097389221191,"Unknown"
"7014854",371863,2025-09-15 00:47:49,43.0474319458008,-9.30047035217285,"Unknown"
"7014854",371863,2025-09-15 01:18:05,43.0474166870117,-9.30044937133789,"Unknown"
"7014854",371863,2025-09-15 01:47:38,43.0474510192871,-9.30050945281982,"Unknown"
"7014854",371863,2025-09-15 02:17:39,43.047435760498,-9.30067539215088,"Unknown"
"7014854",371863,2025-09-15 02:48:05,43.0473976135254,-9.30049514770508,"Unknown"
"7014854",371863,2025-09-15 03:17:37,43.0473709106445,-9.30053329467773,"Unknown"
"7014854",371863,2025-09-15 03:47:38,43.0473670959473,-9.30052089691162,"Unknown"
"7014854",371863,2025-09-15 04:17:42,43.0473823547363,-9.30068111419678,"Unknown"
"7014854",371863,2025-09-15 04:47:40,43.0473937988281,-9.3006534576416,"Unknown"
"7014854",371863,2025-09-15 05:18:05,43.0474166870117,-9.30047798156738,"Unknown"
"7014854",371863,2025-09-15 05:47:37,43.0474472045898,-9.30035209655762,"Unknown"
"7014854",371863,2025-09-15 06:17:37,43.0474090576172,-9.30049228668213,"Unknown"
"7014854",371863,2025-09-15 06:47:39,43.0473937988281,-9.3007116317749,"Unknown"
"7014854",371863,2025-09-15 07:18:05,43.0474014282227,-9.30047512054443,"Unknown"
"7014854",371863,2025-09-15 07:47:47,43.0473327636719,-9.30050659179688,"Unknown"
"7014854",371863,2025-09-15 08:18:05,43.0474052429199,-9.3004732131958,"Unknown"
"7014854",371863,2025-09-15 08:47:37,43.0473937988281,-9.30048942565918,"Unknown"
"7014854",371863,2025-09-15 09:17:37,43.0474166870117,-9.30051136016846,"Unknown"
"7014854",371863,2025-09-15 09:48:05,43.0473899841309,-9.30047130584717,"Unknown"
"7014854",371863,2025-09-15 10:17:37,43.0473709106445,-9.30049896240234,"Unknown"
"7014854",371863,2025-09-15 10:47:37,43.0473976135254,-9.30045413970947,"Unknown"
"7014854",371863,2025-09-15 11:17:37,43.0474166870117,-9.30049705505371,"Unknown"
"7014854",371863,2025-09-15 11:48:05,43.0474014282227,-9.30047702789307,"Unknown"
"7014854",371863,2025-09-15 12:17:38,43.047477722168,-9.30050182342529,"Unknown"
"7014854",371863,2025-09-15 12:48:05,43.0474052429199,-9.30052089691162,"Unknown"
"7014854",371863,2025-09-15 13:17:37,43.0473899841309,-9.30048370361328,"Unknown"
"7014854",371863,2025-09-15 13:47:37,43.0473594665527,-9.30049324035645,"Unknown"
"7014854",371863,2025-09-15 14:17:57,43.0473594665527,-9.30079555511475,"Unknown"
"7014854",371863,2025-09-15 14:47:41,43.0473823547363,-9.30030822753906,"Unknown"
"7014854",371863,2025-09-15 15:18:05,43.0473899841309,-9.30045700073242,"Unknown"
"7014854",371863,2025-09-15 15:47:37,43.0474166870117,-9.30049514770508,"Unknown"
"7014854",371863,2025-09-15 16:17:38,43.0474166870117,-9.30056667327881,"Unknown"
"7014854",371863,2025-09-15 16:47:37,43.0474052429199,-9.30054569244385,"Unknown"
"7014854",371863,2025-09-15 17:17:37,43.0474319458008,-9.30051136016846,"Unknown"
"7014854",371863,2025-09-15 17:47:48,43.0473785400391,-9.30048561096191,"Unknown"
"7014854",371863,2025-09-15 18:18:05,43.0474128723145,-9.30042743682861,"Unknown"
"7014854",371863,2025-09-15 18:47:38,43.0474510192871,-9.30050849914551,"Unknown"
"7014854",371863,2025-09-15 19:17:48,43.0475196838379,-9.300461769104,"Unknown"
"7014854",371863,2025-09-15 19:48:05,43.047435760498,-9.3004322052002,"Unknown"
"7014854",371863,2025-09-15 20:17:37,43.047420501709,-9.30048179626465,"Unknown"
"7014854",371863,2025-09-15 20:47:37,43.0473823547363,-9.30039310455322,"Unknown"
"7014854",371863,2025-09-15 21:18:05,43.0474090576172,-9.30047798156738,"Unknown"
"7014854",371863,2025-09-15 21:47:38,43.0473289489746,-9.30036640167236,"Unknown"
"7014854",371863,2025-09-15 22:18:14,43.0473976135254,-9.3004846572876,"Unknown"
"7014854",371863,2025-09-15 22:48:05,43.0474090576172,-9.30031490325928,"Unknown"
"7014854",371863,2025-09-15 23:17:37,43.047420501709,-9.3001823425293,"Unknown"
"7014854",371863,2025-09-15 23:47:38,43.0474128723145,-9.29944229125977,"Unknown"
"7014854",371863,2025-09-16 00:18:05,43.0474433898926,-9.30044174194336,"Unknown"
"7014854",371863,2025-09-16 00:47:37,43.0474319458008,-9.30041313171387,"Unknown"
"7014854",371863,2025-09-16 01:17:37,43.0474166870117,-9.30046272277832,"Unknown"
"7014854",371863,2025-09-16 01:47:37,43.047435760498,-9.30031394958496,"Unknown"
"7014854",371863,2025-09-16 02:17:38,43.0474548339844,-9.30004787445068,"Unknown"
"7014854",371863,2025-09-16 02:48:05,43.04736328125,-9.30045032501221,"Unknown"
"7014854",371863,2025-09-16 03:17:38,43.0472793579102,-9.30023765563965,"Unknown"
"7014854",371863,2025-09-16 03:47:38,43.0472068786621,-9.30010509490967,"Unknown"
"7014854",371863,2025-09-16 04:17:52,43.0473556518555,-9.30061340332031,"Unknown"
"7014854",371863,2025-09-16 04:48:05,43.0474433898926,-9.30051612854004,"Unknown"
"7014854",371863,2025-09-16 05:17:38,43.0474624633789,-9.30009078979492,"Unknown"
"7014854",371863,2025-09-16 05:47:38,43.0473670959473,-9.30052185058594,"Unknown"
"7014854",371863,2025-09-16 06:17:39,43.0474243164062,-9.30043697357178,"Unknown"
"7014854",371863,2025-09-16 06:48:05,43.0474319458008,-9.30040550231934,"Unknown"
"7014854",371863,2025-09-16 07:17:37,43.0473747253418,-9.3005199432373,"Unknown"
"7014854",371863,2025-09-16 07:47:37,43.0473480224609,-9.30049324035645,"Unknown"
"7014854",371863,2025-09-16 08:17:37,43.0473670959473,-9.30048274993896,"Unknown"
"7014854",371863,2025-09-16 08:47:37,43.0473442077637,-9.30042171478271,"Unknown"
"7014854",371863,2025-09-16 09:17:49,43.0474700927734,-9.30050373077393,"Unknown"
"7014854",371863,2025-09-16 09:48:05,43.0474090576172,-9.30046939849854,"Unknown"
"7014854",371863,2025-09-16 10:17:37,43.0474281311035,-9.3004264831543,"Unknown"
"7014854",371863,2025-09-16 10:27:37,43.0473937988281,-9.30048179626465,"Unknown"
"7014854",371863,2025-09-16 10:37:38,43.0473937988281,-9.30045127868652,"Unknown"
"7014854",371863,2025-09-16 10:47:37,43.0474510192871,-9.30040550231934,"Unknown"
"7014854",371863,2025-09-16 10:57:37,43.0474052429199,-9.30045509338379,"Unknown"
"7014854",371863,2025-09-16 11:07:39,43.0473861694336,-9.30045413970947,"Unknown"
"7014854",371863,2025-09-16 11:17:37,43.0474090576172,-9.30046272277832,"Unknown"
"7014854",371863,2025-09-16 11:27:37,43.047420501709,-9.30047988891602,"Unknown"
"7014854",371863,2025-09-16 11:38:05,43.0474243164062,-9.30054092407227,"Unknown"
"7014854",371863,2025-09-16 11:47:37,43.0474052429199,-9.30048847198486,"Unknown"
"7014854",371863,2025-09-16 11:57:37,43.0474472045898,-9.3004789352417,"Unknown"
"7014854",371863,2025-09-16 12:07:37,43.0474548339844,-9.30052471160889,"Unknown"
"7014854",371863,2025-09-16 12:17:37,43.047435760498,-9.30050754547119,"Unknown"
"7014854",371863,2025-09-16 12:27:39,43.0474319458008,-9.30051136016846,"Unknown"
"7014854",371863,2025-09-16 12:38:05,43.047420501709,-9.30050086975098,"Unknown"
"7014854",371863,2025-09-16 12:47:37,43.0475387573242,-9.30067443847656,"Unknown"
"7014854",371863,2025-09-16 12:57:37,43.047550201416,-9.30073261260986,"Unknown"
"7014854",371863,2025-09-16 13:07:38,43.047492980957,-9.30063533782959,"Unknown"
"7014854",371863,2025-09-16 13:17:40,43.0474891662598,-9.3008451461792,"Unknown"
"7014854",371863,2025-09-16 13:27:40,43.0472526550293,-9.30041599273682,"Unknown"
"7014854",371863,2025-09-16 13:37:42,43.0473709106445,-9.30062675476074,"Unknown"
"7014854",371863,2025-09-16 13:47:45,43.0473480224609,-9.30048847198486,"Unknown"
"7014854",371863,2025-09-16 13:57:43,43.04736328125,-9.30054569244385,"Unknown"
"7014854",371863,2025-09-16 14:07:48,43.0473594665527,-9.30050563812256,"Unknown"
"7014854",371863,2025-09-16 14:18:05,43.0473785400391,-9.30048751831055,"Unknown"
"7014854",371863,2025-09-16 14:27:37,43.0474090576172,-9.30045318603516,"Unknown"
"7014854",371863,2025-09-16 14:37:37,43.0473785400391,-9.30044460296631,"Unknown"
"7014854",371863,2025-09-16 14:47:37,43.0474090576172,-9.30050373077393,"Unknown"
"7014854",371863,2025-09-16 14:57:37,43.04736328125,-9.30045700073242,"Unknown"
"7014854",371863,2025-09-16 15:07:37,43.0474319458008,-9.30052185058594,"Unknown"
"7014854",371863,2025-09-16 15:17:37,43.0474166870117,-9.30044555664062,"Unknown"
"7014854",371863,2025-09-16 15:27:37,43.0476188659668,-9.30066967010498,"Unknown"
"7014854",371863,2025-09-16 15:37:39,43.0474739074707,-9.30055236816406,"Unknown"
"7014854",371863,2025-09-16 15:48:05,43.0473899841309,-9.30042934417725,"Unknown"
"7014854",371863,2025-09-16 15:57:37,43.0474395751953,-9.30052471160889,"Unknown"
"7014854",371863,2025-09-16 16:07:37,43.0474739074707,-9.30068492889404,"Unknown"
"7014854",371863,2025-09-16 16:17:37,43.0473976135254,-9.30045223236084,"Unknown"
"7014854",371863,2025-09-16 16:27:37,43.0474586486816,-9.30057334899902,"Unknown"
"7014854",371863,2025-09-16 16:37:37,43.0473365783691,-9.30045413970947,"Unknown"
"7014854",371863,2025-09-16 16:47:37,43.0474166870117,-9.30051422119141,"Unknown"
"7014854",371863,2025-09-16 16:57:37,43.0473289489746,-9.30040740966797,"Unknown"
"7014854",371863,2025-09-16 17:07:37,43.0472793579102,-9.30038452148438,"Unknown"
"7014854",371863,2025-09-16 17:17:37,43.0473785400391,-9.30048084259033,"Unknown"
"7014854",371863,2025-09-16 17:27:37,43.0473670959473,-9.30046653747559,"Unknown"
"7014854",371863,2025-09-16 17:37:37,43.0473937988281,-9.30049705505371,"Unknown"
"7014854",371863,2025-09-16 17:47:38,43.0473823547363,-9.30045509338379,"Unknown"
"7014854",371863,2025-09-16 17:58:06,43.0473785400391,-9.30044746398926,"Unknown"
"7014854",371863,2025-09-16 18:07:38,43.0474433898926,-9.30069732666016,"Unknown"
"7014854",371863,2025-09-16 18:17:38,43.0474395751953,-9.30087852478027,"Unknown"
"7014854",371863,2025-09-16 18:27:38,43.0474739074707,-9.30083656311035,"Unknown"
"7014854",371863,2025-09-16 18:37:38,43.0474433898926,-9.30085849761963,"Unknown"
"7014854",371863,2025-09-16 18:47:39,43.0474319458008,-9.30063724517822,"Unknown"
"7014854",371863,2025-09-16 18:57:41,43.047492980957,-9.30084896087646,"Unknown"
"7014854",371863,2025-09-16 19:08:04,43.0474510192871,-9.30037021636963,"Unknown"
"7014854",371863,2025-09-16 19:17:38,43.0475082397461,-9.30018424987793,"Unknown"
"7014854",371863,2025-09-16 19:27:38,43.0475234985352,-9.30032444000244,"Unknown"
"7014854",371863,2025-09-16 19:37:38,43.047679901123,-9.30029392242432,"Unknown"
"7014854",371863,2025-09-16 19:47:38,43.0477752685547,-9.30036926269531,"Unknown"
"7014854",371863,2025-09-16 19:57:38,43.0479736328125,-9.30045795440674,"Unknown"
"7014854",371863,2025-09-16 20:07:48,43.0473976135254,-9.30039596557617,"Unknown"
"7014854",371863,2025-09-16 20:17:48,43.0473976135254,-9.30040550231934,"Unknown"
"7014854",371863,2025-09-16 20:28:05,43.0473747253418,-9.30044078826904,"Unknown"
"7014854",371863,2025-09-16 20:37:37,43.0474548339844,-9.30041694641113,"Unknown"
"7014854",371863,2025-09-16 20:47:37,43.0474128723145,-9.30038070678711,"Unknown"
"7014854",371863,2025-09-16 20:57:38,43.0473823547363,-9.30045604705811,"Unknown"
"7014854",371863,2025-09-16 21:07:38,43.0473785400391,-9.30049610137939,"Unknown"
"7014854",371863,2025-09-16 21:18:05,43.0473785400391,-9.30050945281982,"Unknown"
"7014854",371863,2025-09-16 21:27:38,43.04736328125,-9.30054759979248,"Unknown"
"7014854",371863,2025-09-16 21:37:41,43.0473022460938,-9.30049514770508,"Unknown"
"7014854",371863,2025-09-16 21:47:43,43.0473098754883,-9.30041027069092,"Unknown"
"7014854",371863,2025-09-16 21:57:41,43.0473785400391,-9.30055904388428,"Unknown"
"7014854",371863,2025-09-16 22:08:14,43.04736328125,-9.30047512054443,"Unknown"
"7014854",371863,2025-09-16 22:17:39,43.047435760498,-9.30035495758057,"Unknown"
"7014854",371863,2025-09-16 22:27:39,43.047435760498,-9.30038928985596,"Unknown"
"7014854",371863,2025-09-16 22:37:39,43.0474548339844,-9.30020809173584,"Unknown"
"7014854",371863,2025-09-16 22:48:05,43.0473937988281,-9.30034446716309,"Unknown"
"7014854",371863,2025-09-16 22:57:37,43.0474128723145,-9.30025863647461,"Unknown"
"7014854",371863,2025-09-16 23:07:37,43.0474090576172,-9.30020046234131,"Unknown"
"7014854",371863,2025-09-16 23:17:37,43.0473709106445,-9.30016136169434,"Unknown"
"7014854",371863,2025-09-16 23:27:37,43.0473899841309,-9.30012130737305,"Unknown"
"7014854",371863,2025-09-16 23:37:38,43.0473747253418,-9.30017948150635,"Unknown"
"7014854",371863,2025-09-16 23:48:05,43.0473594665527,-9.30045986175537,"Unknown"
"7014854",371863,2025-09-16 23:57:37,43.0472106933594,-9.30036926269531,"Unknown"
"7014854",371863,2025-09-17 00:07:38,43.0474548339844,-9.30056762695312,"Unknown"
"7014854",371863,2025-09-17 00:17:38,43.0476493835449,-9.30064868927002,"Unknown"
"7014854",371863,2025-09-17 00:27:41,43.0474739074707,-9.30051803588867,"Unknown"
"7014854",371863,2025-09-17 00:37:45,43.0474662780762,-9.30055332183838,"Unknown"
"7014854",371863,2025-09-17 00:48:14,43.0473861694336,-9.30049133300781,"Unknown"
"7014854",371863,2025-09-17 00:57:37,43.0473976135254,-9.30058288574219,"Unknown"
"7014854",371863,2025-09-17 01:07:38,43.0473861694336,-9.3004093170166,"Unknown"
"7014854",371863,2025-09-17 01:17:38,43.0473670959473,-9.30042934417725,"Unknown"
"7014854",371863,2025-09-17 01:27:40,43.0474166870117,-9.30136108398438,"Unknown"
"7014854",371863,2025-09-17 01:37:41,43.0475883483887,-9.30203628540039,"Unknown"
"7014854",371863,2025-09-17 01:48:05,43.0474319458008,-9.30049514770508,"Unknown"
"7014854",371863,2025-09-17 01:57:39,43.0474510192871,-9.30052185058594,"Unknown"
"7014854",371863,2025-09-17 02:07:45,43.0474128723145,-9.30035781860352,"Unknown"
"7014854",371863,2025-09-17 02:18:05,43.0473976135254,-9.30044174194336,"Unknown"
"7014854",371863,2025-09-17 02:27:37,43.0473861694336,-9.30045127868652,"Unknown"
"7014854",371863,2025-09-17 02:37:37,43.0474548339844,-9.30045509338379,"Unknown"
"7014854",371863,2025-09-17 02:47:37,43.0473899841309,-9.3005199432373,"Unknown"
"7014854",371863,2025-09-17 02:57:37,43.0473289489746,-9.30048751831055,"Unknown"
"7014854",371863,2025-09-17 03:07:37,43.0473022460938,-9.30055999755859,"Unknown"
"7014854",371863,2025-09-17 03:17:37,43.0473442077637,-9.30046844482422,"Unknown"
"7014854",371863,2025-09-17 03:27:37,43.0472869873047,-9.3004322052002,"Unknown"
"7014854",371863,2025-09-17 03:37:40,43.0474166870117,-9.30061054229736,"Unknown"
"7014854",371863,2025-09-17 03:47:38,43.0474319458008,-9.30069732666016,"Unknown"
"7014854",371863,2025-09-17 03:57:38,43.0474052429199,-9.30086994171143,"Unknown"
"7014854",371863,2025-09-17 04:07:39,43.0473709106445,-9.30081748962402,"Unknown"
"7014854",371863,2025-09-17 04:17:38,43.0473976135254,-9.30056858062744,"Unknown"
"7014854",371863,2025-09-17 04:27:40,43.0474052429199,-9.30083084106445,"Unknown"
"7014854",371863,2025-09-17 04:37:48,43.0473823547363,-9.30059623718262,"Unknown"
"7014854",371863,2025-09-17 04:47:45,43.0474128723145,-9.30057334899902,"Unknown"
"7014854",371863,2025-09-17 04:57:40,43.0473709106445,-9.30051326751709,"Unknown"
"7014854",371863,2025-09-17 05:07:38,43.0473937988281,-9.30045509338379,"Unknown"
"7014854",371863,2025-09-17 05:17:39,43.0473823547363,-9.30036926269531,"Unknown"
"7014854",371863,2025-09-17 05:28:05,43.0474281311035,-9.30047225952148,"Unknown"
"7014854",371863,2025-09-17 05:37:37,43.0474472045898,-9.30046367645264,"Unknown"
"7014854",371863,2025-09-17 06:07:37,43.0474128723145,-9.30040645599365,"Unknown"
"7014854",371863,2025-09-17 06:37:38,43.0473709106445,-9.30027961730957,"Unknown"
"7014854",371863,2025-09-17 07:08:05,43.0474090576172,-9.30047035217285,"Unknown"
"7014854",371863,2025-09-17 07:37:37,43.0473136901855,-9.30055713653564,"Unknown"
"7014854",371863,2025-09-17 08:07:37,43.0474281311035,-9.30048751831055,"Unknown"
"7014854",371863,2025-09-17 08:37:37,43.0473899841309,-9.30050563812256,"Unknown"
"7014854",371863,2025-09-17 09:07:40,43.0475807189941,-9.30054187774658,"Unknown"
"7014854",371863,2025-09-17 09:38:05,43.0473976135254,-9.30048847198486,"Unknown"
"7014854",371863,2025-09-17 09:47:37,43.0474014282227,-9.30048084259033,"Unknown"
"7014854",371863,2025-09-17 09:57:37,43.0474128723145,-9.30048274993896,"Unknown"
"7014854",371863,2025-09-17 10:07:37,43.0473518371582,-9.30049610137939,"Unknown"
"7014854",371863,2025-09-17 10:17:37,43.0474166870117,-9.30045890808105,"Unknown"
"7014854",371863,2025-09-17 10:27:38,43.047435760498,-9.30045413970947,"Unknown"
"7014854",371863,2025-09-17 10:37:37,43.0473861694336,-9.3004150390625,"Unknown"
"7014854",371863,2025-09-17 10:47:37,43.0474014282227,-9.30044937133789,"Unknown"
"7014854",371863,2025-09-17 10:57:38,43.0474281311035,-9.30043792724609,"Unknown"
"7014854",371863,2025-09-17 11:07:37,43.0473937988281,-9.30048561096191,"Unknown"
"7014854",371863,2025-09-17 11:17:37,43.0473899841309,-9.30049800872803,"Unknown"
"7014854",371863,2025-09-17 11:27:37,43.0474090576172,-9.30051898956299,"Unknown"
"7014854",371863,2025-09-17 11:38:05,43.0473899841309,-9.30045700073242,"Unknown"
"7014854",371863,2025-09-17 11:47:37,43.0473747253418,-9.30045986175537,"Unknown"
"7014854",371863,2025-09-17 11:57:37,43.047492980957,-9.3005838394165,"Unknown"
"7014854",371863,2025-09-17 12:07:37,43.0474052429199,-9.30048656463623,"Unknown"
"7014854",371863,2025-09-17 12:17:39,43.0472602844238,-9.30033111572266,"Unknown"
"7014854",371863,2025-09-17 12:28:05,43.0474052429199,-9.30051422119141,"Unknown"
"7014854",371863,2025-09-17 12:37:37,43.0475082397461,-9.30058670043945,"Unknown"
"7014854",371863,2025-09-17 12:47:37,43.0473937988281,-9.30060863494873,"Unknown"
"7014854",371863,2025-09-17 12:57:37,43.0474433898926,-9.30040550231934,"Unknown"
"7014854",371863,2025-09-17 13:07:38,43.0474090576172,-9.30066680908203,"Unknown"
"7014854",371863,2025-09-17 13:17:40,43.0476226806641,-9.30111408233643,"Unknown"
"7014854",371863,2025-09-17 13:27:40,43.0472946166992,-9.30040550231934,"Unknown"
"7014854",371863,2025-09-17 13:37:42,43.0474472045898,-9.30087280273438,"Unknown"
"7014854",371863,2025-09-17 13:47:45,43.0473289489746,-9.30052852630615,"Unknown"
"7014854",371863,2025-09-17 13:57:47,43.0473747253418,-9.30056476593018,"Unknown"
"7014854",371863,2025-09-17 14:07:48,43.0473709106445,-9.30051326751709,"Unknown"
"7014854",371863,2025-09-17 14:18:05,43.0473709106445,-9.30048751831055,"Unknown"
"7014854",371863,2025-09-17 14:27:37,43.0474052429199,-9.30048084259033,"Unknown"
"7014854",371863,2025-09-17 14:37:37,43.0473976135254,-9.30047035217285,"Unknown"
"7014854",371863,2025-09-17 14:47:37,43.0473747253418,-9.30047416687012,"Unknown"
"7014854",371863,2025-09-17 14:57:37,43.0474281311035,-9.30054950714111,"Unknown"
"7014854",371863,2025-09-17 15:07:37,43.047420501709,-9.30045223236084,"Unknown"
"7014854",371863,2025-09-17 15:17:37,43.0473594665527,-9.3004207611084,"Unknown"
"7014854",371863,2025-09-17 15:27:37,43.0474243164062,-9.30051040649414,"Unknown"
"7014854",371863,2025-09-17 15:37:50,43.0473747253418,-9.30045223236084,"Unknown"
"7014854",371863,2025-09-17 15:48:14,43.0473747253418,-9.30045509338379,"Unknown"
"7014854",371863,2025-09-17 15:57:37,43.0474624633789,-9.30053520202637,"Unknown"
"7014854",371863,2025-09-17 16:07:37,43.0473861694336,-9.30051326751709,"Unknown"
"7014854",371863,2025-09-17 16:17:37,43.0473976135254,-9.30040454864502,"Unknown"
"7014854",371863,2025-09-17 16:27:38,43.0474433898926,-9.30061626434326,"Unknown"
"7014854",371863,2025-09-17 16:37:38,43.0473709106445,-9.30045795440674,"Unknown"
"7014854",371863,2025-09-17 16:48:05,43.0473823547363,-9.30043888092041,"Unknown"
"7014854",371863,2025-09-17 16:57:37,43.0472793579102,-9.30047035217285,"Unknown"
"7014854",371863,2025-09-17 17:07:37,43.0473480224609,-9.30048274993896,"Unknown"
"7014854",371863,2025-09-17 17:17:37,43.0473442077637,-9.3004732131958,"Unknown"
"7014854",371863,2025-09-17 17:27:38,43.0473365783691,-9.30046463012695,"Unknown"
"7014854",371863,2025-09-17 17:37:38,43.0473442077637,-9.30044364929199,"Unknown"
"7014854",371863,2025-09-17 17:48:05,43.0473823547363,-9.30045700073242,"Unknown"
"7014854",371863,2025-09-17 17:57:41,43.0473861694336,-9.30036735534668,"Unknown"
"7014854",371863,2025-09-17 18:07:41,43.0474052429199,-9.30049324035645,"Unknown"
"7014854",371863,2025-09-17 18:17:38,43.0475807189941,-9.30118560791016,"Unknown"
"7014854",371863,2025-09-17 18:27:59,43.047119140625,-9.30033397674561,"Unknown"
"7014854",371863,2025-09-17 18:38:05,43.0474395751953,-9.30045604705811,"Unknown"
"7014854",371863,2025-09-17 18:47:41,43.0474624633789,-9.300537109375,"Unknown"
"7014854",371863,2025-09-17 18:57:40,43.0474739074707,-9.30035591125488,"Unknown"
"7014854",371863,2025-09-17 19:07:48,43.0475044250488,-9.3004035949707,"Unknown"
"7014854",371863,2025-09-17 19:17:39,43.0473175048828,-9.30135059356689,"Unknown"
"7014854",371863,2025-09-17 19:28:05,43.0474472045898,-9.30043315887451,"Unknown"
"7014854",371863,2025-09-17 19:37:37,43.0474700927734,-9.30037307739258,"Unknown"
"7014854",371863,2025-09-17 19:47:37,43.0474014282227,-9.30039024353027,"Unknown"
"7014854",371863,2025-09-17 19:57:37,43.0474319458008,-9.3004264831543,"Unknown"
"7014854",371863,2025-09-17 20:07:37,43.0474586486816,-9.30045700073242,"Unknown"
"7014854",371863,2025-09-17 20:17:37,43.0474166870117,-9.30045509338379,"Unknown"
"7014854",371863,2025-09-17 20:27:38,43.0474243164062,-9.30043888092041,"Unknown"
"7014854",371863,2025-09-17 20:37:39,43.0474433898926,-9.30048274993896,"Unknown"
"7014854",371863,2025-09-17 20:47:43,43.0475234985352,-9.30049324035645,"Unknown"
"7014854",371863,2025-09-17 20:58:05,43.0473976135254,-9.30044746398926,"Unknown"
"7014854",371863,2025-09-17 21:07:37,43.0474281311035,-9.30046558380127,"Unknown"
"7014854",371863,2025-09-17 21:17:37,43.0473022460938,-9.30039501190186,"Unknown"
"7014854",371863,2025-09-17 21:27:37,43.0471611022949,-9.30022430419922,"Unknown"
"7014854",371863,2025-09-17 21:37:39,43.0475120544434,-9.30055236816406,"Unknown"
"7014854",371863,2025-09-17 21:47:40,43.0473670959473,-9.30049419403076,"Unknown"
"7014854",371863,2025-09-17 21:57:41,43.047435760498,-9.30050849914551,"Unknown"
"7014854",371863,2025-09-17 22:08:14,43.0473937988281,-9.30049419403076,"Unknown"
"7014854",371863,2025-09-17 22:17:39,43.0473670959473,-9.30030822753906,"Unknown"
"7014854",371863,2025-09-17 22:27:38,43.0473861694336,-9.30046367645264,"Unknown"
"7014854",371863,2025-09-17 22:37:39,43.0473899841309,-9.30031776428223,"Unknown"
"7014854",371863,2025-09-17 22:48:05,43.0473937988281,-9.30033206939697,"Unknown"
"7014854",371863,2025-09-17 22:57:37,43.0474166870117,-9.30030155181885,"Unknown"
"7014854",371863,2025-09-17 23:07:37,43.0473976135254,-9.30034732818604,"Unknown"
"7014854",371863,2025-09-17 23:17:37,43.047435760498,-9.30019569396973,"Unknown"
"7014854",371863,2025-09-17 23:27:38,43.047420501709,-9.30017280578613,"Unknown"
"7014854",371863,2025-09-17 23:37:37,43.0474128723145,-9.30014801025391,"Unknown"
"7014854",371863,2025-09-17 23:48:05,43.0473709106445,-9.30046939849854,"Unknown"
"7014854",371863,2025-09-17 23:57:37,43.0474128723145,-9.30050373077393,"Unknown"
"7014854",371863,2025-09-18 00:07:37,43.0474739074707,-9.30054569244385,"Unknown"
"7014854",371863,2025-09-18 00:17:39,43.0473213195801,-9.30037879943848,"Unknown"
"7014854",371863,2025-09-18 00:27:42,43.0474014282227,-9.30044269561768,"Unknown"
"7014854",371863,2025-09-18 00:37:48,43.0474319458008,-9.30051612854004,"Unknown"
"7014854",371863,2025-09-18 00:48:14,43.0474281311035,-9.30040073394775,"Unknown"
"7014854",371863,2025-09-18 00:57:37,43.047435760498,-9.30055809020996,"Unknown"
"7014854",371863,2025-09-18 01:07:38,43.0475540161133,-9.30090713500977,"Unknown"
"7014854",371863,2025-09-18 01:17:40,43.0475196838379,-9.30086231231689,"Unknown"
"7014854",371863,2025-09-18 01:27:42,43.0475997924805,-9.30137634277344,"Unknown"
"7014854",371863,2025-09-18 01:37:41,43.0481834411621,-9.3034839630127,"Unknown"
"7014854",371863,2025-09-18 01:48:05,43.0474090576172,-9.30042934417725,"Unknown"
"7014854",371863,2025-09-18 01:57:37,43.0473899841309,-9.30044937133789,"Unknown"
"7014854",371863,2025-09-18 02:07:37,43.0474243164062,-9.30039882659912,"Unknown"
"7014854",371863,2025-09-18 02:17:37,43.0474243164062,-9.30042457580566,"Unknown"
"7014854",371863,2025-09-18 02:27:37,43.0474548339844,-9.30040836334229,"Unknown"
"7014854",371863,2025-09-18 02:37:37,43.047420501709,-9.30048656463623,"Unknown"
"7014854",371863,2025-09-18 02:47:37,43.047435760498,-9.30048656463623,"Unknown"
"7014854",371863,2025-09-18 02:57:37,43.0473976135254,-9.30042743682861,"Unknown"
"7014854",371863,2025-09-18 03:07:37,43.0474166870117,-9.30047416687012,"Unknown"
"7014854",371863,2025-09-18 03:17:37,43.0474510192871,-9.30039596557617,"Unknown"
"7014854",371863,2025-09-18 03:28:05,43.0474052429199,-9.30051136016846,"Unknown"
"7014854",371863,2025-09-18 03:37:38,43.0473442077637,-9.30048656463623,"Unknown"
"7014854",371863,2025-09-18 03:47:40,43.047233581543,-9.30016326904297,"Unknown"
"7014854",371863,2025-09-18 03:57:40,43.0470542907715,-9.29923725128174,"Unknown"
"7014854",371863,2025-09-18 04:07:42,43.047420501709,-9.30052852630615,"Unknown"
"7014854",371863,2025-09-18 04:18:01,43.0474128723145,-9.30051612854004,"Unknown"
"7014854",371863,2025-09-18 04:27:40,43.0474243164062,-9.30054378509521,"Unknown"
"7014854",371863,2025-09-18 04:37:48,43.0474548339844,-9.30045890808105,"Unknown"
"7014854",371863,2025-09-18 04:47:48,43.047435760498,-9.30045700073242,"Unknown"
"7014854",371863,2025-09-18 04:57:43,43.0474586486816,-9.30046558380127,"Unknown"
"7014854",371863,2025-09-18 05:07:40,43.0475540161133,-9.30091571807861,"Unknown"
"7014854",371863,2025-09-18 05:17:40,43.0475654602051,-9.30078029632568,"Unknown"
"7014854",371863,2025-09-18 05:27:40,43.0475578308105,-9.30050849914551,"Unknown"
"7014854",371863,2025-09-18 05:37:39,43.0476341247559,-9.30058097839355,"Unknown"
"7014854",371863,2025-09-18 05:47:40,43.0476303100586,-9.30055904388428,"Unknown"
"7014854",371863,2025-09-18 05:58:05,43.0474700927734,-9.30041027069092,"Unknown"
"7014854",371863,2025-09-18 06:08:05,43.0474319458008,-9.30044651031494,"Unknown"
"7014854",371863,2025-09-18 06:17:37,43.0474891662598,-9.30063056945801,"Unknown"
"7014854",371863,2025-09-18 06:27:38,43.0476303100586,-9.30079746246338,"Unknown"
"7014854",371863,2025-09-18 06:37:40,43.0475616455078,-9.30082988739014,"Unknown"
"7014854",371863,2025-09-18 06:47:42,43.0479583740234,-9.30127716064453,"Unknown"
"7014854",371863,2025-09-18 07:18:05,43.0473937988281,-9.30047702789307,"Unknown"
"7014854",371863,2025-09-18 07:47:37,43.0473518371582,-9.30050182342529,"Unknown"
"7014854",371863,2025-09-18 08:17:37,43.0473518371582,-9.300461769104,"Unknown"
"7014854",371863,2025-09-18 08:48:05,43.0473823547363,-9.30049419403076,"Unknown"
"7014854",371863,2025-09-18 09:17:37,43.0474433898926,-9.30052185058594,"Unknown"
"7014854",371863,2025-09-18 09:47:46,43.0474128723145,-9.30049610137939,"Unknown"
"7014854",371863,2025-09-18 09:57:43,43.0473709106445,-9.30043601989746,"Unknown"
"7014854",371863,2025-09-18 10:07:42,43.0473403930664,-9.3004207611084,"Unknown"
"7014854",371863,2025-09-18 10:17:40,43.0472793579102,-9.30040264129639,"Unknown"
"7014854",371863,2025-09-18 10:28:06,43.0474052429199,-9.30048561096191,"Unknown"
"7014854",371863,2025-09-18 10:37:38,43.0474510192871,-9.30041313171387,"Unknown"
"7014854",371863,2025-09-18 10:47:38,43.0474624633789,-9.30044460296631,"Unknown"
"7014854",371863,2025-09-18 10:57:38,43.0474166870117,-9.30045127868652,"Unknown"
"7014854",371863,2025-09-18 11:07:38,43.0473976135254,-9.30047130584717,"Unknown"
"7014854",371863,2025-09-18 11:17:38,43.0474090576172,-9.3004732131958,"Unknown"
"7014854",371863,2025-09-18 11:27:38,43.0473861694336,-9.30044269561768,"Unknown"
"7014854",371863,2025-09-18 11:37:38,43.0473937988281,-9.3004322052002,"Unknown"
"7014854",371863,2025-09-18 11:47:38,43.0473861694336,-9.30044746398926,"Unknown"
"7014854",371863,2025-09-18 11:57:38,43.0474166870117,-9.30044078826904,"Unknown"
"7014854",371863,2025-09-18 12:07:39,43.0473670959473,-9.30043888092041,"Unknown"
"7014854",371863,2025-09-18 12:17:39,43.0473976135254,-9.30047988891602,"Unknown"
"7014854",371863,2025-09-18 12:28:05,43.0473976135254,-9.30047798156738,"Unknown"
"7014854",371863,2025-09-18 12:37:46,43.047435760498,-9.3005895614624,"Unknown"
"7014854",371863,2025-09-18 12:47:38,43.0474662780762,-9.30057907104492,"Unknown"
"7014854",371863,2025-09-18 12:57:38,43.0474395751953,-9.30058002471924,"Unknown"
"7014854",371863,2025-09-18 13:07:39,43.0474662780762,-9.30057144165039,"Unknown"
"7014854",371863,2025-09-18 13:17:40,43.0471076965332,-9.29985427856445,"Unknown"
"7014854",371863,2025-09-18 13:27:41,43.0470314025879,-9.29971599578857,"Unknown"
"7014854",371863,2025-09-18 13:37:42,43.0473403930664,-9.30042362213135,"Unknown"
"7014854",371863,2025-09-18 13:47:41,43.0473365783691,-9.30040645599365,"Unknown"
"7014854",371863,2025-09-18 13:57:40,43.0471839904785,-9.29979133605957,"Unknown"
"7014854",371863,2025-09-18 14:07:40,43.0474624633789,-9.3008508682251,"Unknown"
"7014854",371863,2025-09-18 14:17:42,43.0474014282227,-9.3006477355957,"Unknown"
"7014854",371863,2025-09-18 14:28:05,43.0473670959473,-9.30044078826904,"Unknown"
"7014854",371863,2025-09-18 14:37:38,43.0474472045898,-9.3005313873291,"Unknown"
"7014854",371863,2025-09-18 14:47:39,43.0474090576172,-9.30057716369629,"Unknown"
"7014854",371863,2025-09-18 14:58:05,43.0473899841309,-9.30051040649414,"Unknown"
"7014854",371863,2025-09-18 15:07:38,43.0474433898926,-9.30051040649414,"Unknown"
"7014854",371863,2025-09-18 15:17:38,43.0473327636719,-9.30043029785156,"Unknown"
"7014854",371863,2025-09-18 15:27:38,43.0474548339844,-9.30055713653564,"Unknown"
"7014854",371863,2025-09-18 15:37:38,43.0474510192871,-9.30051422119141,"Unknown"
"7014854",371863,2025-09-18 15:47:38,43.0474510192871,-9.30052661895752,"Unknown"
"7014854",371863,2025-09-18 15:57:39,43.0474052429199,-9.30052375793457,"Unknown"
"7014854",371863,2025-09-18 16:07:39,43.0474166870117,-9.30051136016846,"Unknown"
"7014854",371863,2025-09-18 16:17:39,43.0474243164062,-9.30045795440674,"Unknown"
"7014854",371863,2025-09-18 16:27:39,43.0473594665527,-9.30049800872803,"Unknown"
"7014854",371863,2025-09-18 16:37:39,43.0473670959473,-9.30048274993896,"Unknown"
"7014854",371863,2025-09-18 16:47:39,43.0473289489746,-9.30049896240234,"Unknown"
"7014854",371863,2025-09-18 16:57:39,43.0473442077637,-9.30051612854004,"Unknown"
"7014854",371863,2025-09-18 17:07:39,43.0474014282227,-9.30046272277832,"Unknown"
"7014854",371863,2025-09-18 17:17:41,43.0474548339844,-9.30048274993896,"Unknown"
"7014854",371863,2025-09-18 17:27:43,43.0474853515625,-9.30044746398926,"Unknown"
"7014854",371863,2025-09-18 17:37:43,43.0474662780762,-9.30045223236084,"Unknown"
"7014854",371863,2025-09-18 17:47:51,43.0473670959473,-9.30050086975098,"Unknown"
"7014854",371863,2025-09-18 17:57:49,43.0473899841309,-9.30044746398926,"Unknown"
"7014854",371863,2025-09-18 18:08:02,43.0474243164062,-9.3004674911499,"Unknown"
"7014854",371863,2025-09-18 18:17:38,43.0474014282227,-9.30038166046143,"Unknown"
"7014854",371863,2025-09-18 18:27:38,43.0474090576172,-9.30043983459473,"Unknown"
"7014854",371863,2025-09-18 18:37:39,43.047492980957,-9.30063438415527,"Unknown"
"7014854",371863,2025-09-18 18:47:40,43.0476455688477,-9.30112457275391,"Unknown"
"7014854",371863,2025-09-18 18:57:49,43.0474700927734,-9.30041885375977,"Unknown"
"7014854",371863,2025-09-18 19:07:47,43.0474662780762,-9.30041027069092,"Unknown"
"7014854",371863,2025-09-18 19:17:49,43.0474853515625,-9.30041217803955,"Unknown"
"7014854",371863,2025-09-18 19:27:49,43.0474662780762,-9.30039501190186,"Unknown"
"7014854",371863,2025-09-18 19:37:40,43.0474472045898,-9.3004150390625,"Unknown"
"7014854",371863,2025-09-18 19:47:38,43.0474052429199,-9.30044269561768,"Unknown"
"7014854",371863,2025-09-18 19:57:39,43.0474319458008,-9.30041885375977,"Unknown"
"7014854",371863,2025-09-18 20:07:39,43.047420501709,-9.30042934417725,"Unknown"
"7014854",371863,2025-09-18 20:17:40,43.0473747253418,-9.30038166046143,"Unknown"
"7014854",371863,2025-09-18 20:27:42,43.0474014282227,-9.30047416687012,"Unknown"
"7014854",371863,2025-09-18 20:37:53,43.0475311279297,-9.30056476593018,"Unknown"
"7014854",371863,2025-09-18 20:47:39,43.0472412109375,-9.30029678344727,"Unknown"
"7014854",371863,2025-09-18 20:57:49,43.0474319458008,-9.30045795440674,"Unknown"
"7014854",371863,2025-09-18 21:07:43,43.0481185913086,-9.30109977722168,"Unknown"
"7014854",371863,2025-09-18 21:17:46,43.0474700927734,-9.30045509338379,"Unknown"
"7014854",371863,2025-09-18 21:27:40,43.0476036071777,-9.30059051513672,"Unknown"
"7014854",371863,2025-09-18 21:37:44,43.0475158691406,-9.300537109375,"Unknown"
"7014854",371863,2025-09-18 21:47:49,43.047550201416,-9.30050373077393,"Unknown"
"7014854",371863,2025-09-18 21:57:49,43.0475692749023,-9.30051040649414,"Unknown"
"7014854",371863,2025-09-18 22:08:08,43.0474090576172,-9.3004903793335,"Unknown"
"7014854",371863,2025-09-18 22:18:05,43.0473861694336,-9.30043697357178,"Unknown"
"7014854",371863,2025-09-18 22:27:38,43.0473823547363,-9.30036544799805,"Unknown"
"7014854",371863,2025-09-18 22:37:38,43.0473785400391,-9.30034923553467,"Unknown"
"7014854",371863,2025-09-18 22:47:38,43.0473670959473,-9.30037975311279,"Unknown"
"7014854",371863,2025-09-18 22:57:38,43.0473480224609,-9.30037975311279,"Unknown"
"7014854",371863,2025-09-18 23:07:39,43.04736328125,-9.30042457580566,"Unknown"
"7014854",371863,2025-09-18 23:17:39,43.0473709106445,-9.30037879943848,"Unknown"
"7014854",371863,2025-09-18 23:27:39,43.0473785400391,-9.30034923553467,"Unknown"
"7014854",371863,2025-09-18 23:37:41,43.0473365783691,-9.30043125152588,"Unknown"
"7014854",371863,2025-09-18 23:47:40,43.04736328125,-9.30032920837402,"Unknown"
"7014854",371863,2025-09-18 23:57:39,43.0473937988281,-9.30044937133789,"Unknown"
"7014854",371863,2025-09-19 00:07:40,43.0473327636719,-9.30020236968994,"Unknown"
"7014854",371863,2025-09-19 00:17:49,43.0475463867188,-9.30065059661865,"Unknown"
"7014854",371863,2025-09-19 00:28:05,43.0474472045898,-9.30053329467773,"Unknown"
"7014854",371863,2025-09-19 00:37:38,43.0474548339844,-9.30052471160889,"Unknown"
"7014854",371863,2025-09-19 00:47:38,43.0474510192871,-9.30054092407227,"Unknown"
"7014854",371863,2025-09-19 00:57:38,43.0474243164062,-9.30052471160889,"Unknown"
"7014854",371863,2025-09-19 01:07:39,43.0474243164062,-9.30048751831055,"Unknown"
"7014854",371863,2025-09-19 01:17:39,43.0474319458008,-9.30048751831055,"Unknown"
"7014854",371863,2025-09-19 01:27:39,43.0474166870117,-9.30045890808105,"Unknown"
"7014854",371863,2025-09-19 01:37:39,43.0474243164062,-9.30047607421875,"Unknown"
"7014854",371863,2025-09-19 01:47:42,43.0474319458008,-9.30046653747559,"Unknown"
"7014854",371863,2025-09-19 01:57:41,43.0474243164062,-9.30045223236084,"Unknown"
"7014854",371863,2025-09-19 02:08:05,43.0473976135254,-9.30043888092041,"Unknown"
"7014854",371863,2025-09-19 02:17:38,43.0473747253418,-9.30048561096191,"Unknown"
"7014854",371863,2025-09-19 02:27:38,43.0473823547363,-9.30049610137939,"Unknown"
"7014854",371863,2025-09-19 02:37:38,43.0474014282227,-9.30051231384277,"Unknown"
"7014854",371863,2025-09-19 02:47:38,43.0473937988281,-9.30050086975098,"Unknown"
"7014854",371863,2025-09-19 02:57:38,43.0473976135254,-9.30058002471924,"Unknown"
"7014854",371863,2025-09-19 03:07:38,43.0474090576172,-9.30055618286133,"Unknown"
"7014854",371863,2025-09-19 03:17:38,43.047420501709,-9.30055236816406,"Unknown"
"7014854",371863,2025-09-19 03:27:40,43.0474090576172,-9.30055236816406,"Unknown"
"7014854",371863,2025-09-19 03:37:39,43.0474662780762,-9.30058860778809,"Unknown"
"7014854",371863,2025-09-19 03:47:39,43.0474166870117,-9.30055141448975,"Unknown"
"7014854",371863,2025-09-19 03:57:39,43.0473442077637,-9.30047035217285,"Unknown"
"7014854",371863,2025-09-19 04:07:39,43.0474052429199,-9.30049228668213,"Unknown"
"7014854",371863,2025-09-19 04:17:39,43.0473289489746,-9.30034732818604,"Unknown"
"7014854",371863,2025-09-19 04:27:39,43.047306060791,-9.30042362213135,"Unknown"
"7014854",371863,2025-09-19 04:37:39,43.0473480224609,-9.30038547515869,"Unknown"
"7014854",371863,2025-09-19 04:47:39,43.0473480224609,-9.30047607421875,"Unknown"
"7014854",371863,2025-09-19 04:57:39,43.0473861694336,-9.30031204223633,"Unknown"
"7014854",371863,2025-09-19 05:07:39,43.0473899841309,-9.30025100708008,"Unknown"
"7014854",371863,2025-09-19 05:17:39,43.0473899841309,-9.30017471313477,"Unknown"
"7014854",371863,2025-09-19 05:27:39,43.0473403930664,-9.30007076263428,"Unknown"
"7014854",371863,2025-09-19 05:37:39,43.0473556518555,-9.30012512207031,"Unknown"
"7014854",371863,2025-09-19 05:47:39,43.0473594665527,-9.30000495910645,"Unknown"
"7014854",371863,2025-09-19 05:57:40,43.0475006103516,-9.30044841766357,"Unknown"
"7014854",371863,2025-09-19 06:07:39,43.0475006103516,-9.30092144012451,"Unknown"
"7014854",371863,2025-09-19 06:17:39,43.0475692749023,-9.30087852478027,"Unknown"
"7014854",371863,2025-09-19 06:27:43,43.0473442077637,-9.29983234405518,"Unknown"
"7014854",371863,2025-09-19 06:37:42,43.0474433898926,-9.29961967468262,"Unknown"
"7014854",371863,2025-09-19 06:48:05,43.0479354858398,-9.30005741119385,"Unknown"
"7014854",371863,2025-09-19 06:57:38,43.0474624633789,-9.30039310455322,"Unknown"
"7014854",371863,2025-09-19 07:07:38,43.0474967956543,-9.3003625869751,"Unknown"
"7014854",371863,2025-09-19 07:17:39,43.0475082397461,-9.30035877227783,"Unknown"
"7014854",371863,2025-09-19 07:27:39,43.0474739074707,-9.30042362213135,"Unknown"
"7014854",371863,2025-09-19 07:37:39,43.047477722168,-9.30044078826904,"Unknown"
"7014854",371863,2025-09-19 07:47:39,43.0473518371582,-9.30057621002197,"Unknown"
"7014854",371863,2025-09-19 07:57:39,43.0474128723145,-9.30047130584717,"Unknown"
"7014854",371863,2025-09-19 08:07:39,43.0474090576172,-9.30049896240234,"Unknown"
"7014854",371863,2025-09-19 08:17:39,43.0473785400391,-9.30049228668213,"Unknown"
"7014854",371863,2025-09-19 08:27:39,43.047435760498,-9.30053424835205,"Unknown"
"7014854",371863,2025-09-19 08:37:39,43.0473823547363,-9.30049800872803,"Unknown"
"7014854",371863,2025-09-19 08:47:39,43.047435760498,-9.30052661895752,"Unknown"
"7014854",371863,2025-09-19 08:57:39,43.04736328125,-9.30043983459473,"Unknown"
"7014854",371863,2025-09-19 09:07:39,43.0473670959473,-9.30044364929199,"Unknown"
"7014854",371863,2025-09-19 09:17:39,43.0472755432129,-9.30034828186035,"Unknown"
"7014854",371863,2025-09-19 09:27:39,43.0472869873047,-9.30035495758057,"Unknown"
"7014854",371863,2025-09-19 09:37:39,43.0472755432129,-9.30036067962646,"Unknown"
"7014854",371863,2025-09-19 09:47:40,43.0471839904785,-9.30026817321777,"Unknown"
"7014854",371863,2025-09-19 09:57:41,43.047306060791,-9.30035305023193,"Unknown"
"7014854",371863,2025-09-19 10:07:41,43.0474967956543,-9.30055809020996,"Unknown"
"7014854",371863,2025-09-19 10:17:41,43.047534942627,-9.30041313171387,"Unknown"
"7014854",371863,2025-09-19 10:27:40,43.047550201416,-9.30040454864502,"Unknown"
"7014854",371863,2025-09-19 10:37:43,43.0474014282227,-9.30051898956299,"Unknown"
"7014854",371863,2025-09-19 10:47:41,43.0474967956543,-9.3004093170166,"Unknown"
"7014854",371863,2025-09-19 10:57:59,43.0475006103516,-9.30047798156738,"Unknown"
"7014854",371863,2025-09-19 11:08:05,43.047477722168,-9.30044841766357,"Unknown"
"7014854",371863,2025-09-19 11:17:38,43.0474014282227,-9.30044651031494,"Unknown"
"7014854",371863,2025-09-19 11:27:38,43.047420501709,-9.30047798156738,"Unknown"
"7014854",371863,2025-09-19 11:37:39,43.0474433898926,-9.30056381225586,"Unknown"
"7014854",371863,2025-09-19 11:47:39,43.0474586486816,-9.30057048797607,"Unknown"
"7014854",371863,2025-09-19 11:57:39,43.0474472045898,-9.30056381225586,"Unknown"
"7014854",371863,2025-09-19 12:07:39,43.0474853515625,-9.30059814453125,"Unknown"
"7014854",371863,2025-09-19 12:17:39,43.0474891662598,-9.30059909820557,"Unknown"
"7014854",371863,2025-09-19 12:27:39,43.0475921630859,-9.30074310302734,"Unknown"
"7014854",371863,2025-09-19 12:37:39,43.0475616455078,-9.30073642730713,"Unknown"
"7014854",371863,2025-09-19 12:47:39,43.0475807189941,-9.30074882507324,"Unknown"
"7014854",371863,2025-09-19 12:57:39,43.047550201416,-9.30074596405029,"Unknown"
"7014854",371863,2025-09-19 13:07:39,43.0474662780762,-9.30067443847656,"Unknown"
"7014854",371863,2025-09-19 13:17:39,43.0474052429199,-9.30063056945801,"Unknown"
"7014854",371863,2025-09-19 13:27:39,43.0474395751953,-9.30059623718262,"Unknown"
"7014854",371863,2025-09-19 13:37:39,43.0473976135254,-9.30077362060547,"Unknown"
"7014854",371863,2025-09-19 13:47:39,43.0474052429199,-9.30088329315186,"Unknown"
"7014854",371863,2025-09-19 13:57:39,43.0474166870117,-9.3008337020874,"Unknown"
"7014854",371863,2025-09-19 14:07:39,43.047420501709,-9.30085754394531,"Unknown"
"7014854",371863,2025-09-19 14:17:39,43.0474395751953,-9.30081844329834,"Unknown"
"7014854",371863,2025-09-19 14:27:39,43.0474243164062,-9.30079078674316,"Unknown"
"7014854",371863,2025-09-19 14:37:40,43.0473747253418,-9.30049133300781,"Unknown"
"7014854",371863,2025-09-19 14:47:39,43.0473480224609,-9.30035591125488,"Unknown"
"7014854",371863,2025-09-19 14:57:40,43.0470123291016,-9.30030059814453,"Unknown"
"7014854",371863,2025-09-19 15:07:40,43.0469589233398,-9.30012989044189,"Unknown"
"7014854",371863,2025-09-19 15:17:40,43.0466957092285,-9.299635887146,"Unknown"
"7014854",371863,2025-09-19 15:27:40,43.0466499328613,-9.29941844940186,"Unknown"
"7014854",371863,2025-09-19 15:37:40,43.0466423034668,-9.29909420013428,"Unknown"
"7014854",371863,2025-09-19 15:47:40,43.0468597412109,-9.29923915863037,"Unknown"
"7014854",371863,2025-09-19 15:57:41,43.0473594665527,-9.30023002624512,"Unknown"
"7014854",371863,2025-09-19 16:07:40,43.047477722168,-9.3002405166626,"Unknown"
"7014854",371863,2025-09-19 16:17:39,43.0474510192871,-9.30019855499268,"Unknown"
"7014854",371863,2025-09-19 16:27:39,43.0475616455078,-9.2999439239502,"Unknown"
"7014854",371863,2025-09-19 16:37:40,43.047492980957,-9.30023956298828,"Unknown"
"7014854",371863,2025-09-19 16:47:40,43.0475311279297,-9.30024814605713,"Unknown"
"7014854",371863,2025-09-19 16:57:40,43.0475234985352,-9.30023860931396,"Unknown"
"7014854",371863,2025-09-19 17:07:40,43.0475044250488,-9.30025959014893,"Unknown"
"7014854",371863,2025-09-19 17:17:41,43.0474853515625,-9.30030059814453,"Unknown"
"7014854",371863,2025-09-19 17:27:40,43.0476150512695,-9.30035209655762,"Unknown"
"7014854",371863,2025-09-19 17:37:40,43.0476570129395,-9.30054187774658,"Unknown"
"7014854",371863,2025-09-19 17:47:41,43.0476303100586,-9.30041980743408,"Unknown"
"7014854",371863,2025-09-19 17:57:42,43.0477104187012,-9.30057144165039,"Unknown"
"7014854",371863,2025-09-19 18:07:41,43.0472068786621,-9.29887199401855,"Unknown"
"7014854",371863,2025-09-19 18:17:41,43.0470542907715,-9.29922008514404,"Unknown"
"7014854",371863,2025-09-19 18:27:42,43.0471267700195,-9.29907608032227,"Unknown"
"7014854",371863,2025-09-19 18:37:48,43.0475311279297,-9.30040645599365,"Unknown"
"7014854",371863,2025-09-19 18:47:40,43.0474281311035,-9.30053901672363,"Unknown"
"7014854",371863,2025-09-19 18:57:41,43.0476989746094,-9.29993629455566,"Unknown"
"7014854",371863,2025-09-19 19:07:40,43.0477600097656,-9.29991340637207,"Unknown"
"7014854",371863,2025-09-19 19:17:40,43.0473976135254,-9.3001594543457,"Unknown"
"7014854",371863,2025-09-19 19:27:40,43.0475463867188,-9.30018329620361,"Unknown"
"7014854",371863,2025-09-19 19:37:40,43.0472564697266,-9.30026626586914,"Unknown"
"7014854",371863,2025-09-19 19:47:40,43.0473861694336,-9.3000659942627,"Unknown"
"7014854",371863,2025-09-19 19:57:40,43.0473136901855,-9.30024909973145,"Unknown"
"7014854",371863,2025-09-19 20:07:40,43.0472373962402,-9.30032730102539,"Unknown"
"7014854",371863,2025-09-19 20:17:40,43.047119140625,-9.30038261413574,"Unknown"
"7014854",371863,2025-09-19 20:27:40,43.0470886230469,-9.30025482177734,"Unknown"
"7014854",371863,2025-09-19 20:37:40,43.0471725463867,-9.30043315887451,"Unknown"
"7014854",371863,2025-09-19 20:47:40,43.0471992492676,-9.30048370361328,"Unknown"
"7014854",371863,2025-09-19 20:57:40,43.0470848083496,-9.30032348632812,"Unknown"
"7014854",371863,2025-09-19 21:07:39,43.0469779968262,-9.30013847351074,"Unknown"
"7014854",371863,2025-09-19 21:17:40,43.0476760864258,-9.30078792572021,"Unknown"
"7014854",371863,2025-09-19 21:27:40,43.0477027893066,-9.30080986022949,"Unknown"
"7014854",371863,2025-09-19 21:37:40,43.0480651855469,-9.30009174346924,"Unknown"
"7014854",371863,2025-09-19 21:47:40,43.0479583740234,-9.30027389526367,"Unknown"
"7014854",371863,2025-09-19 21:57:40,43.0477523803711,-9.30046558380127,"Unknown"
"7014854",371863,2025-09-19 22:07:40,43.0476684570312,-9.30072975158691,"Unknown"
"7014854",371863,2025-09-19 22:17:40,43.0475769042969,-9.30084419250488,"Unknown"
"7014854",371863,2025-09-19 22:27:40,43.0474853515625,-9.30067920684814,"Unknown"
"7014854",371863,2025-09-19 22:37:40,43.0475006103516,-9.30083465576172,"Unknown"
"7014854",371863,2025-09-19 22:47:40,43.0474433898926,-9.30091762542725,"Unknown"
"7014854",371863,2025-09-19 22:57:40,43.0474319458008,-9.30130195617676,"Unknown"
"7014854",371863,2025-09-19 23:07:40,43.0473518371582,-9.30071067810059,"Unknown"
"7014854",371863,2025-09-19 23:17:41,43.0473556518555,-9.30061626434326,"Unknown"
"7014854",371863,2025-09-19 23:27:40,43.0471878051758,-9.30059242248535,"Unknown"
"7014854",371863,2025-09-19 23:37:40,43.0471649169922,-9.30057430267334,"Unknown"
"7014854",371863,2025-09-19 23:47:40,43.0472984313965,-9.30059242248535,"Unknown"
"7014854",371863,2025-09-19 23:57:40,43.0473480224609,-9.30061435699463,"Unknown"
"7014854",371863,2025-09-20 00:07:40,43.047679901123,-9.30060958862305,"Unknown"
"7014854",371863,2025-09-20 00:17:40,43.0479469299316,-9.30056858062744,"Unknown"
"7014854",371863,2025-09-20 00:27:41,43.0479469299316,-9.30056095123291,"Unknown"
"7014854",371863,2025-09-20 00:37:40,43.0478973388672,-9.30052089691162,"Unknown"
"7014854",371863,2025-09-20 00:47:40,43.0478858947754,-9.30050468444824,"Unknown"
"7014854",371863,2025-09-20 00:57:40,43.0478668212891,-9.30044364929199,"Unknown"
"7014854",371863,2025-09-20 01:07:40,43.0478668212891,-9.30008888244629,"Unknown"
"7014854",371863,2025-09-20 01:17:40,43.047908782959,-9.30008029937744,"Unknown"
"7014854",371863,2025-09-20 01:27:40,43.047908782959,-9.30032348632812,"Unknown"
"7014854",371863,2025-09-20 01:37:40,43.0478477478027,-9.30027770996094,"Unknown"
"7014854",371863,2025-09-20 01:47:40,43.0478630065918,-9.300368309021,"Unknown"
"7014854",371863,2025-09-20 01:57:40,43.0478553771973,-9.30039215087891,"Unknown"
"7014854",371863,2025-09-20 02:07:39,43.0478820800781,-9.30038070678711,"Unknown"
"7014854",371863,2025-09-20 02:17:40,43.0477294921875,-9.30066776275635,"Unknown"
"7014854",371863,2025-09-20 02:27:39,43.0476951599121,-9.30074882507324,"Unknown"
"7014854",371863,2025-09-20 02:37:39,43.0477104187012,-9.30078983306885,"Unknown"
"7014854",371863,2025-09-20 02:47:39,43.0476722717285,-9.30074882507324,"Unknown"
"7014854",371863,2025-09-20 02:57:39,43.0476455688477,-9.30073833465576,"Unknown"
"7014854",371863,2025-09-20 03:07:40,43.0478744506836,-9.30094337463379,"Unknown"
"7014854",371863,2025-09-20 03:17:40,43.0478553771973,-9.30097389221191,"Unknown"
"7014854",371863,2025-09-20 03:27:39,43.0479393005371,-9.30116081237793,"Unknown"
"7014854",371863,2025-09-20 03:37:40,43.0477600097656,-9.30067443847656,"Unknown"
"7014854",371863,2025-09-20 03:47:39,43.0477981567383,-9.30066967010498,"Unknown"
"7014854",371863,2025-09-20 03:57:40,43.0478172302246,-9.30055713653564,"Unknown"
"7014854",371863,2025-09-20 04:07:40,43.047779083252,-9.30054378509521,"Unknown"
"7014854",371863,2025-09-20 04:17:40,43.0476417541504,-9.30063533782959,"Unknown"
"7014854",371863,2025-09-20 04:27:40,43.0477027893066,-9.30039882659912,"Unknown"
"7014854",371863,2025-09-20 04:37:40,43.0476913452148,-9.3003454208374,"Unknown"
"7014854",371863,2025-09-20 04:47:40,43.047664642334,-9.30055522918701,"Unknown"
"7014854",371863,2025-09-20 04:57:40,43.0476684570312,-9.30052185058594,"Unknown"
"7014854",371863,2025-09-20 05:07:40,43.0476150512695,-9.30055522918701,"Unknown"
"7014854",371863,2025-09-20 05:17:40,43.0474395751953,-9.30075740814209,"Unknown"
"7014854",371863,2025-09-20 05:27:40,43.0477180480957,-9.30073070526123,"Unknown"
"7014854",371863,2025-09-20 05:37:40,43.0477523803711,-9.30086231231689,"Unknown"
"7014854",371863,2025-09-20 05:47:40,43.0478363037109,-9.30101108551025,"Unknown"
"7014854",371863,2025-09-20 05:57:40,43.0478019714355,-9.30086421966553,"Unknown"
"7014854",371863,2025-09-20 06:07:40,43.0478820800781,-9.30075836181641,"Unknown"
"7014854",371863,2025-09-20 06:17:41,43.0478935241699,-9.30068016052246,"Unknown"
"7014854",371863,2025-09-20 06:27:41,43.0478744506836,-9.29980850219727,"Unknown"
"7014854",371863,2025-09-20 06:37:55,43.0470695495605,-9.29991912841797,"Unknown"
"7014854",371863,2025-09-20 06:47:53,43.0467376708984,-9.29939556121826,"Unknown"
"7014854",371863,2025-09-20 06:57:46,43.047420501709,-9.3004732131958,"Unknown"
"7014854",371863,2025-09-20 07:07:48,43.0473556518555,-9.30033302307129,"Unknown"
"7014854",371863,2025-09-20 07:17:40,43.0474662780762,-9.30011081695557,"Unknown"
"7014854",371863,2025-09-20 07:27:45,43.0474014282227,-9.30036163330078,"Unknown"
"7014854",371863,2025-09-20 07:37:40,43.0463371276855,-9.30151176452637,"Unknown"
"7014854",371863,2025-09-20 07:47:41,43.046443939209,-9.30148124694824,"Unknown"
"7014854",371863,2025-09-20 07:57:40,43.0473785400391,-9.30000782012939,"Unknown"
"7014854",371863,2025-09-20 08:07:42,43.047290802002,-9.29983139038086,"Unknown"
"7014854",371863,2025-09-20 08:17:40,43.0473175048828,-9.29978656768799,"Unknown"
"7014854",371863,2025-09-20 08:27:41,43.0472755432129,-9.29929256439209,"Unknown"
"7014854",371863,2025-09-20 08:37:48,43.0473709106445,-9.30010795593262,"Unknown"
"7014854",371863,2025-09-20 08:47:46,43.0474052429199,-9.30000686645508,"Unknown"
"7014854",371863,2025-09-20 08:57:43,43.0473670959473,-9.29985809326172,"Unknown"
"7014854",371863,2025-09-20 09:07:41,43.0477752685547,-9.29947566986084,"Unknown"
"7014854",371863,2025-09-20 09:17:42,43.0474052429199,-9.30029964447021,"Unknown"
"7014854",371863,2025-09-20 09:27:42,43.0473899841309,-9.30036449432373,"Unknown"
"7014854",371863,2025-09-20 09:37:41,43.0477828979492,-9.29958820343018,"Unknown"
"7014854",371863,2025-09-20 09:47:43,43.0474395751953,-9.30030345916748,"Unknown"
"7014854",371863,2025-09-20 09:57:43,43.0474128723145,-9.30031204223633,"Unknown"
"7014854",371863,2025-09-20 10:07:52,43.0475463867188,-9.30032157897949,"Unknown"
"7014854",371863,2025-09-20 10:17:51,43.047534942627,-9.30032920837402,"Unknown"
"7014854",371863,2025-09-20 10:28:05,43.0474510192871,-9.30041408538818,"Unknown"
"7014854",371863,2025-09-20 10:37:38,43.0474319458008,-9.30043888092041,"Unknown"
"7014854",371863,2025-09-20 10:47:38,43.0474433898926,-9.30053424835205,"Unknown"
"7014854",371863,2025-09-20 10:57:38,43.0474166870117,-9.30048179626465,"Unknown"
"7014854",371863,2025-09-20 11:07:38,43.0474128723145,-9.30043888092041,"Unknown"
"7014854",371863,2025-09-20 11:17:38,43.047435760498,-9.30047035217285,"Unknown"
"7014854",371863,2025-09-20 11:27:38,43.0474014282227,-9.30053424835205,"Unknown"
"7014854",371863,2025-09-20 11:37:38,43.0473823547363,-9.3004264831543,"Unknown"
"7014854",371863,2025-09-20 11:47:38,43.047420501709,-9.30045986175537,"Unknown"
"7014854",371863,2025-09-20 11:57:38,43.0474433898926,-9.30056953430176,"Unknown"
"7014854",371863,2025-09-20 12:07:39,43.0474319458008,-9.30047416687012,"Unknown"
"7014854",371863,2025-09-20 12:17:40,43.0474739074707,-9.30066680908203,"Unknown"
"7014854",371863,2025-09-20 12:27:42,43.0475997924805,-9.30063533782959,"Unknown"
"7014854",371863,2025-09-20 12:38:05,43.0473594665527,-9.30056667327881,"Unknown"
"7014854",371863,2025-09-20 12:47:38,43.047290802002,-9.30052375793457,"Unknown"
"7014854",371863,2025-09-20 12:57:38,43.0472412109375,-9.30055713653564,"Unknown"
"7014854",371863,2025-09-20 13:07:39,43.0473823547363,-9.30051708221436,"Unknown"
"7014854",371863,2025-09-20 13:17:39,43.0473861694336,-9.30053234100342,"Unknown"
"7014854",371863,2025-09-20 13:27:39,43.0473594665527,-9.3005428314209,"Unknown"
"7014854",371863,2025-09-20 13:37:39,43.0473785400391,-9.30064678192139,"Unknown"
"7014854",371863,2025-09-20 13:47:39,43.0474243164062,-9.30072021484375,"Unknown"
"7014854",371863,2025-09-20 13:57:38,43.0473747253418,-9.3004322052002,"Unknown"
"7014854",371863,2025-09-20 14:07:39,43.0473556518555,-9.30042552947998,"Unknown"
"7014854",371863,2025-09-20 14:17:39,43.0473976135254,-9.30070018768311,"Unknown"
"7014854",371863,2025-09-20 14:27:40,43.0474166870117,-9.30058288574219,"Unknown"
"7014854",371863,2025-09-20 14:37:40,43.0473556518555,-9.30035018920898,"Unknown"
"7014854",371863,2025-09-20 14:47:40,43.0473213195801,-9.30030632019043,"Unknown"
"7014854",371863,2025-09-20 14:57:42,43.0473899841309,-9.3005256652832,"Unknown"
"7014854",371863,2025-09-20 15:08:01,43.0473937988281,-9.30046463012695,"Unknown"
"7014854",371863,2025-09-20 15:17:38,43.0474586486816,-9.30051422119141,"Unknown"
"7014854",371863,2025-09-20 15:27:38,43.0473175048828,-9.30034732818604,"Unknown"
"7014854",371863,2025-09-20 15:37:38,43.0474243164062,-9.30046844482422,"Unknown"
"7014854",371863,2025-09-20 15:47:38,43.0473747253418,-9.30040836334229,"Unknown"
"7014854",371863,2025-09-20 15:57:39,43.0473556518555,-9.30036544799805,"Unknown"
"7014854",371863,2025-09-20 16:07:39,43.0474739074707,-9.30053997039795,"Unknown"
"7014854",371863,2025-09-20 16:17:38,43.0473480224609,-9.30051517486572,"Unknown"
"7014854",371863,2025-09-20 16:27:38,43.0473480224609,-9.30050468444824,"Unknown"
"7014854",371863,2025-09-20 16:37:39,43.0473785400391,-9.30056667327881,"Unknown"
"7014854",371863,2025-09-20 16:47:38,43.0473709106445,-9.30048561096191,"Unknown"
"7014854",371863,2025-09-20 16:57:39,43.0474548339844,-9.30054378509521,"Unknown"
"7014854",371863,2025-09-20 17:07:39,43.0473937988281,-9.30048942565918,"Unknown"
"7014854",371863,2025-09-20 17:17:39,43.0473785400391,-9.30046939849854,"Unknown"
"7014854",371863,2025-09-20 17:27:39,43.0474014282227,-9.30046463012695,"Unknown"
"7014854",371863,2025-09-20 17:37:45,43.0473365783691,-9.30047416687012,"Unknown"
"7014854",371863,2025-09-20 17:47:42,43.0474472045898,-9.30055522918701,"Unknown"
"7014854",371863,2025-09-20 17:57:43,43.0475463867188,-9.30049133300781,"Unknown"
"7014854",371863,2025-09-20 18:08:05,43.0474128723145,-9.30044364929199,"Unknown"
"7014854",371863,2025-09-20 18:17:38,43.0473594665527,-9.3001651763916,"Unknown"
"7014854",371863,2025-09-20 18:27:39,43.0474891662598,-9.30064010620117,"Unknown"
"7014854",371863,2025-09-20 18:37:40,43.0474433898926,-9.30033397674561,"Unknown"
"7014854",371863,2025-09-20 18:47:48,43.0475196838379,-9.30041885375977,"Unknown"
"7014854",371863,2025-09-20 18:57:48,43.0475769042969,-9.30040550231934,"Unknown"
"7014854",371863,2025-09-20 19:07:42,43.0474166870117,-9.30085468292236,"Unknown"
"7014854",371863,2025-09-20 19:17:46,43.0474815368652,-9.30050277709961,"Unknown"
"7014854",371863,2025-09-20 19:27:39,43.0474090576172,-9.30046081542969,"Unknown"
"7014854",371863,2025-09-20 19:37:40,43.0474662780762,-9.30050659179688,"Unknown"
"7014854",371863,2025-09-20 19:47:40,43.0474433898926,-9.30044555664062,"Unknown"
"7014854",371863,2025-09-20 19:57:39,43.0474815368652,-9.30050086975098,"Unknown"
"7014854",371863,2025-09-20 20:07:39,43.0474700927734,-9.30045127868652,"Unknown"
"7014854",371863,2025-09-20 20:17:42,43.0475044250488,-9.30051517486572,"Unknown"
"7014854",371863,2025-09-20 20:27:48,43.047306060791,-9.30032253265381,"Unknown"
"7014854",371863,2025-09-20 20:37:48,43.0474815368652,-9.30049705505371,"Unknown"
"7014854",371863,2025-09-20 20:47:48,43.0476417541504,-9.30066680908203,"Unknown"
"7014854",371863,2025-09-20 20:57:48,43.0476837158203,-9.30069351196289,"Unknown"
"7014854",371863,2025-09-20 21:07:43,43.0475654602051,-9.3005485534668,"Unknown"
"7014854",371863,2025-09-20 21:17:42,43.0476264953613,-9.30061054229736,"Unknown"
"7014854",371863,2025-09-20 21:27:45,43.0476493835449,-9.30068111419678,"Unknown"
"7014854",371863,2025-09-20 21:37:42,43.0475540161133,-9.30064010620117,"Unknown"
"7014854",371863,2025-09-20 21:47:55,43.047534942627,-9.30050849914551,"Unknown"
"7014854",371863,2025-09-20 21:58:05,43.0473823547363,-9.30047416687012,"Unknown"
"7014854",371863,2025-09-20 22:07:38,43.0473709106445,-9.30042839050293,"Unknown"
"7014854",371863,2025-09-20 22:17:38,43.0473861694336,-9.30035877227783,"Unknown"
"7014854",371863,2025-09-20 22:27:38,43.04736328125,-9.30037879943848,"Unknown"
"7014854",371863,2025-09-20 22:37:38,43.0473518371582,-9.30032157897949,"Unknown"
"7014854",371863,2025-09-20 22:47:38,43.0473823547363,-9.30038261413574,"Unknown"
"7014854",371863,2025-09-20 22:57:39,43.0473709106445,-9.30040740966797,"Unknown"
"7014854",371863,2025-09-20 23:07:39,43.0473518371582,-9.30047607421875,"Unknown"
"7014854",371863,2025-09-20 23:17:39,43.0473747253418,-9.30030345916748,"Unknown"
"7014854",371863,2025-09-20 23:27:39,43.0474014282227,-9.30047416687012,"Unknown"
"7014854",371863,2025-09-20 23:37:39,43.0473823547363,-9.30041980743408,"Unknown"
"7014854",371863,2025-09-20 23:47:39,43.0473861694336,-9.30035495758057,"Unknown"
"7014854",371863,2025-09-20 23:57:39,43.0473976135254,-9.30040264129639,"Unknown"
"7014854",371863,2025-09-21 00:07:41,43.0476722717285,-9.30084133148193,"Unknown"
"7014854",371863,2025-09-21 00:17:42,43.0475845336914,-9.30081176757812,"Unknown"
"7014854",371863,2025-09-21 00:27:43,43.0475006103516,-9.3004903793335,"Unknown"
"7014854",371863,2025-09-21 00:37:45,43.0475044250488,-9.30047702789307,"Unknown"
"7014854",371863,2025-09-21 00:47:43,43.0474891662598,-9.30039215087891,"Unknown"
"7014854",371863,2025-09-21 00:57:45,43.0474967956543,-9.30032730102539,"Unknown"
"7014854",371863,2025-09-21 01:07:43,43.0474967956543,-9.30034446716309,"Unknown"
"7014854",371863,2025-09-21 01:17:42,43.0476226806641,-9.30050277709961,"Unknown"
"7014854",371863,2025-09-21 01:27:42,43.0476531982422,-9.30047512054443,"Unknown"
"7014854",371863,2025-09-21 01:37:46,43.0477523803711,-9.3004903793335,"Unknown"
"7014854",371863,2025-09-21 01:48:03,43.0476837158203,-9.30053997039795,"Unknown"
"7014854",371863,2025-09-21 01:57:40,43.0476531982422,-9.30034351348877,"Unknown"
"7014854",371863,2025-09-21 02:07:48,43.0475082397461,-9.30045413970947,"Unknown"
"7014854",371863,2025-09-21 02:17:40,43.0471649169922,-9.29946517944336,"Unknown"
"7014854",371863,2025-09-21 02:27:48,43.0476188659668,-9.30051136016846,"Unknown"
"7014854",371863,2025-09-21 02:37:48,43.0476036071777,-9.30053424835205,"Unknown"
"7014854",371863,2025-09-21 02:47:52,43.0474586486816,-9.30046939849854,"Unknown"
"7014854",371863,2025-09-21 02:58:05,43.0474472045898,-9.30050849914551,"Unknown"
"7014854",371863,2025-09-21 03:07:38,43.04736328125,-9.30048084259033,"Unknown"
"7014854",371863,2025-09-21 03:17:38,43.0473747253418,-9.30047512054443,"Unknown"
"7014854",371863,2025-09-21 03:27:38,43.0472602844238,-9.30022716522217,"Unknown"
"7014854",371863,2025-09-21 03:37:39,43.0474624633789,-9.30073165893555,"Unknown"
"7014854",371863,2025-09-21 03:47:39,43.0474128723145,-9.30075263977051,"Unknown"
"7014854",371863,2025-09-21 03:57:41,43.0474624633789,-9.30108261108398,"Unknown"
"7014854",371863,2025-09-21 04:07:40,43.0474510192871,-9.30125713348389,"Unknown"
"7014854",371863,2025-09-21 04:17:44,43.0474967956543,-9.30010986328125,"Unknown"
"7014854",371863,2025-09-21 04:28:05,43.0473594665527,-9.30032920837402,"Unknown"
"7014854",371863,2025-09-21 04:37:38,43.0474052429199,-9.30049419403076,"Unknown"
"7014854",371863,2025-09-21 04:47:38,43.0474281311035,-9.30044746398926,"Unknown"
"7014854",371863,2025-09-21 04:57:38,43.0474319458008,-9.3005256652832,"Unknown"
"7014854",371863,2025-09-21 05:07:38,43.0474281311035,-9.30055618286133,"Unknown"
"7014854",371863,2025-09-21 05:17:39,43.0474166870117,-9.30039024353027,"Unknown"
"7014854",371863,2025-09-21 05:27:41,43.0474014282227,-9.3004207611084,"Unknown"
"7014854",371863,2025-09-21 05:37:39,43.0473823547363,-9.30035400390625,"Unknown"
"7014854",371863,2025-09-21 05:47:39,43.0473709106445,-9.30021095275879,"Unknown"
"7014854",371863,2025-09-21 05:57:39,43.0473518371582,-9.30024433135986,"Unknown"
"7014854",371863,2025-09-21 06:07:39,43.0473899841309,-9.30017471313477,"Unknown"
"7014854",371863,2025-09-21 06:17:39,43.0473899841309,-9.30020523071289,"Unknown"
"7014854",371863,2025-09-21 06:27:39,43.0473518371582,-9.30022239685059,"Unknown"
"7014854",371863,2025-09-21 06:37:39,43.0472679138184,-9.30042743682861,"Unknown"
"7014854",371863,2025-09-21 06:47:41,43.0472450256348,-9.30047035217285,"Unknown"
"7014854",371863,2025-09-21 06:57:41,43.0473823547363,-9.30034637451172,"Unknown"
"7014854",371863,2025-09-21 07:07:39,43.0474433898926,-9.30027294158936,"Unknown"
"7014854",371863,2025-09-21 07:17:39,43.0473976135254,-9.30027866363525,"Unknown"
"7014854",371863,2025-09-21 07:27:39,43.0473823547363,-9.30031871795654,"Unknown"
"7014854",371863,2025-09-21 07:37:39,43.0473785400391,-9.30038738250732,"Unknown"
"7014854",371863,2025-09-21 07:47:39,43.0473937988281,-9.30037593841553,"Unknown"
"7014854",371863,2025-09-21 07:57:39,43.0473442077637,-9.30039024353027,"Unknown"
"7014854",371863,2025-09-21 08:07:39,43.0474281311035,-9.30043601989746,"Unknown"
"7014854",371863,2025-09-21 08:17:40,43.0474700927734,-9.30046367645264,"Unknown"
"7014854",371863,2025-09-21 08:27:39,43.0474891662598,-9.30048084259033,"Unknown"
"7014854",371863,2025-09-21 08:37:39,43.047420501709,-9.30048751831055,"Unknown"
"7014854",371863,2025-09-21 08:47:39,43.0474548339844,-9.30054569244385,"Unknown"
"7014854",371863,2025-09-21 08:57:39,43.0473823547363,-9.3004732131958,"Unknown"
"7014854",371863,2025-09-21 09:07:39,43.0472946166992,-9.30037975311279,"Unknown"
"7014854",371863,2025-09-21 09:17:39,43.0474166870117,-9.30058670043945,"Unknown"
"7014854",371863,2025-09-21 09:27:40,43.0474815368652,-9.30064582824707,"Unknown"
"7014854",371863,2025-09-21 09:37:39,43.0474128723145,-9.30058479309082,"Unknown"
"7014854",371863,2025-09-21 09:47:43,43.0473022460938,-9.30043792724609,"Unknown"
"7014854",371863,2025-09-21 09:57:40,43.0472450256348,-9.30037498474121,"Unknown"
"7014854",371863,2025-09-21 10:07:48,43.0471954345703,-9.30040454864502,"Unknown"
"7014854",371863,2025-09-21 10:18:05,43.0474052429199,-9.30049514770508,"Unknown"
"7014854",371863,2025-09-21 10:27:38,43.047435760498,-9.30041885375977,"Unknown"
"7014854",371863,2025-09-21 10:37:38,43.0474319458008,-9.30043697357178,"Unknown"
"7014854",371863,2025-09-21 10:47:38,43.0474243164062,-9.30042266845703,"Unknown"
"7014854",371863,2025-09-21 10:57:38,43.0474052429199,-9.300461769104,"Unknown"
"7014854",371863,2025-09-21 11:07:38,43.0474128723145,-9.30050468444824,"Unknown"
"7014854",371863,2025-09-21 11:17:38,43.0474090576172,-9.30053424835205,"Unknown"
"7014854",371863,2025-09-21 11:27:39,43.047420501709,-9.30049514770508,"Unknown"
"7014854",371863,2025-09-21 11:37:39,43.0474586486816,-9.30056285858154,"Unknown"
"7014854",371863,2025-09-21 11:47:39,43.047435760498,-9.30053615570068,"Unknown"
"7014854",371863,2025-09-21 11:57:39,43.047492980957,-9.30052280426025,"Unknown"
"7014854",371863,2025-09-21 12:07:39,43.0475196838379,-9.30062198638916,"Unknown"
"7014854",371863,2025-09-21 12:17:39,43.0475807189941,-9.30073642730713,"Unknown"
"7014854",371863,2025-09-21 12:27:39,43.0475769042969,-9.30075263977051,"Unknown"
"7014854",371863,2025-09-21 12:37:39,43.0475959777832,-9.30078792572021,"Unknown"
"7014854",371863,2025-09-21 12:47:39,43.0475387573242,-9.30071067810059,"Unknown"
"7014854",371863,2025-09-21 12:57:39,43.0475120544434,-9.30072975158691,"Unknown"
"7014854",371863,2025-09-21 13:07:39,43.0474967956543,-9.3007173538208,"Unknown"
"7014854",371863,2025-09-21 13:17:39,43.0474815368652,-9.30066013336182,"Unknown"
"7014854",371863,2025-09-21 13:27:39,43.0474319458008,-9.30037689208984,"Unknown"
"7014854",371863,2025-09-21 13:37:39,43.0474243164062,-9.30094432830811,"Unknown"
"7014854",371863,2025-09-21 13:47:39,43.0474166870117,-9.30096530914307,"Unknown"
"7014854",371863,2025-09-21 13:57:39,43.0474281311035,-9.30083084106445,"Unknown"
"7014854",371863,2025-09-21 14:07:39,43.0474319458008,-9.30087280273438,"Unknown"
"7014854",371863,2025-09-21 14:17:40,43.0474472045898,-9.30084705352783,"Unknown"
"7014854",371863,2025-09-21 14:27:41,43.0473937988281,-9.30057430267334,"Unknown"
"7014854",371863,2025-09-21 14:37:40,43.0474090576172,-9.3005428314209,"Unknown"
"7014854",371863,2025-09-21 14:47:39,43.0474319458008,-9.30049896240234,"Unknown"
"7014854",371863,2025-09-21 14:57:40,43.0473861694336,-9.30046463012695,"Unknown"
"7014854",371863,2025-09-21 15:07:41,43.0475692749023,-9.30057525634766,"Unknown"
"7014854",371863,2025-09-21 15:17:40,43.0473442077637,-9.30023860931396,"Unknown"
"7014854",371863,2025-09-21 15:27:40,43.0475540161133,-9.3003978729248,"Unknown"
"7014854",371863,2025-09-21 15:37:40,43.0476264953613,-9.30041027069092,"Unknown"
"7014854",371863,2025-09-21 15:48:05,43.0474853515625,-9.30038356781006,"Unknown"
"7014854",371863,2025-09-21 15:57:39,43.0473785400391,-9.30044460296631,"Unknown"
"7014854",371863,2025-09-21 16:07:39,43.0473251342773,-9.30055522918701,"Unknown"
"7014854",371863,2025-09-21 16:17:39,43.0474052429199,-9.30048179626465,"Unknown"
"7014854",371863,2025-09-21 16:27:39,43.0474014282227,-9.30046463012695,"Unknown"
"7014854",371863,2025-09-21 16:37:39,43.0473785400391,-9.30042552947998,"Unknown"
"7014854",371863,2025-09-21 16:47:39,43.0473403930664,-9.30041885375977,"Unknown"
"7014854",371863,2025-09-21 16:57:39,43.0473594665527,-9.30043697357178,"Unknown"
"7014854",371863,2025-09-21 17:07:39,43.0473518371582,-9.30042266845703,"Unknown"
"7014854",371863,2025-09-21 17:17:39,43.0474319458008,-9.30047035217285,"Unknown"
"7014854",371863,2025-09-21 17:27:50,43.0474472045898,-9.30043029785156,"Unknown"
"7014854",371863,2025-09-21 17:38:05,43.0474586486816,-9.30039215087891,"Unknown"
"7014854",371863,2025-09-21 17:47:39,43.0473480224609,-9.30025291442871,"Unknown"
"7014854",371863,2025-09-21 17:57:40,43.0474014282227,-9.3003511428833,"Unknown"
"7014854",371863,2025-09-21 18:07:40,43.0476150512695,-9.30084419250488,"Unknown"
"7014854",371863,2025-09-21 18:17:39,43.0474624633789,-9.30049610137939,"Unknown"
"7014854",371863,2025-09-21 18:27:50,43.0475273132324,-9.30046653747559,"Unknown"
"7014854",371863,2025-09-21 18:37:43,43.0475959777832,-9.30048370361328,"Unknown"
"7014854",371863,2025-09-21 18:47:48,43.0474967956543,-9.30037879943848,"Unknown"
"7014854",371863,2025-09-21 18:57:50,43.0474853515625,-9.30035877227783,"Unknown"
"7014854",371863,2025-09-21 19:08:05,43.0473403930664,-9.3002758026123,"Unknown"
"7014854",371863,2025-09-21 19:17:42,43.0473556518555,-9.30027198791504,"Unknown"
"7014854",371863,2025-09-21 19:27:39,43.04736328125,-9.30054664611816,"Unknown"
"7014854",371863,2025-09-21 19:37:39,43.0473594665527,-9.30049228668213,"Unknown"
"7014854",371863,2025-09-21 19:47:39,43.0474815368652,-9.30021858215332,"Unknown"
"7014854",371863,2025-09-21 19:57:39,43.0473022460938,-9.30053806304932,"Unknown"
"7014854",371863,2025-09-21 20:07:40,43.0475120544434,-9.29999828338623,"Unknown"
"7014854",371863,2025-09-21 20:17:45,43.0473365783691,-9.30034065246582,"Unknown"
"7014854",371863,2025-09-21 20:27:40,43.0472221374512,-9.30056858062744,"Unknown"
"7014854",371863,2025-09-21 20:37:40,43.0469360351562,-9.30088043212891,"Unknown"
"7014854",371863,2025-09-21 20:47:39,43.0471305847168,-9.30043411254883,"Unknown"
"7014854",371863,2025-09-21 20:57:43,43.0470352172852,-9.30002784729004,"Unknown"
"7014854",371863,2025-09-21 21:07:45,43.0466690063477,-9.30095672607422,"Unknown"
"7014854",371863,2025-09-21 21:17:42,43.0485191345215,-9.29964542388916,"Unknown"
"7014854",371863,2025-09-21 21:27:40,43.0483093261719,-9.30005836486816,"Unknown"
"7014854",371863,2025-09-21 21:37:39,43.0480995178223,-9.30041694641113,"Unknown"
"7014854",371863,2025-09-21 21:47:41,43.0478591918945,-9.30056190490723,"Unknown"
"7014854",371863,2025-09-21 21:57:41,43.0477409362793,-9.30067825317383,"Unknown"
"7014854",371863,2025-09-21 22:07:40,43.0477256774902,-9.30044746398926,"Unknown"
"7014854",371863,2025-09-21 22:17:41,43.0476493835449,-9.30056667327881,"Unknown"
"7014854",371863,2025-09-21 22:47:41,43.0475997924805,-9.30102825164795,"Unknown"
"7014854",371863,2025-09-21 23:17:41,43.0475234985352,-9.30057430267334,"Unknown"
"7014854",371863,2025-09-21 23:47:41,43.04736328125,-9.30057048797607,"Unknown"
"7014854",371863,2025-09-22 00:17:41,43.0477981567383,-9.30051040649414,"Unknown"
"7014854",371863,2025-09-22 00:48:05,43.0475540161133,-9.30042743682861,"Unknown"
"7014854",371863,2025-09-22 01:17:39,43.0474243164062,-9.30035495758057,"Unknown"
"7014854",371863,2025-09-22 01:47:39,43.0473899841309,-9.30015468597412,"Unknown"
"7014854",371863,2025-09-22 02:17:39,43.0474166870117,-9.30067157745361,"Unknown"
"7014854",371863,2025-09-22 02:47:40,43.0473403930664,-9.30062103271484,"Unknown"
"7014854",371863,2025-09-22 03:17:40,43.0474815368652,-9.30077934265137,"Unknown"
"7014854",371863,2025-09-22 03:47:44,43.0473785400391,-9.30055141448975,"Unknown"
"7014854",371863,2025-09-22 04:17:44,43.0473785400391,-9.30051517486572,"Unknown"
"7014854",371863,2025-09-22 04:48:05,43.0474090576172,-9.30045223236084,"Unknown"
"7014854",371863,2025-09-22 05:17:39,43.0473670959473,-9.30027961730957,"Unknown"
"7014854",371863,2025-09-22 05:47:40,43.0473785400391,-9.30028057098389,"Unknown"
"7014854",371863,2025-09-22 06:17:41,43.0474052429199,-9.30025100708008,"Unknown"
"7014854",371863,2025-09-22 06:48:05,43.047420501709,-9.30044460296631,"Unknown"
"7014854",371863,2025-09-22 07:17:40,43.0473709106445,-9.30047416687012,"Unknown"
"7014854",371863,2025-09-22 07:47:40,43.0472640991211,-9.30039215087891,"Unknown"
"7014854",371863,2025-09-22 08:17:40,43.0473327636719,-9.30045032501221,"Unknown"
"7014854",371863,2025-09-22 08:47:41,43.047290802002,-9.30044364929199,"Unknown"
"7014854",371863,2025-09-22 09:17:44,43.0477066040039,-9.30064678192139,"Unknown"
"7014854",371863,2025-09-22 09:47:49,43.0474433898926,-9.30058574676514,"Unknown"
"7014854",371863,2025-09-22 10:18:06,43.0474128723145,-9.30051040649414,"Unknown"
"7014854",371863,2025-09-22 10:47:39,43.0473937988281,-9.30053806304932,"Unknown"
"7014854",371863,2025-09-22 11:17:39,43.0474166870117,-9.30053615570068,"Unknown"
"7014854",371863,2025-09-22 11:47:39,43.0474281311035,-9.30055809020996,"Unknown"
"7014854",371863,2025-09-22 12:17:47,43.0475234985352,-9.30060958862305,"Unknown"
"7014854",371863,2025-09-22 12:47:47,43.04736328125,-9.300537109375,"Unknown"
"7014854",371863,2025-09-22 13:17:44,43.0474090576172,-9.30078887939453,"Unknown"
"7014854",371863,2025-09-22 13:47:46,43.0474967956543,-9.30137825012207,"Unknown"
"7014854",371863,2025-09-22 14:18:04,43.0473480224609,-9.30047416687012,"Unknown"
"7014854",371863,2025-09-22 14:47:40,43.047420501709,-9.30051326751709,"Unknown"
"7014854",371863,2025-09-22 15:17:40,43.0475234985352,-9.30060291290283,"Unknown"
"7014854",371863,2025-09-22 15:47:42,43.0475273132324,-9.3006420135498,"Unknown"
"7014854",371863,2025-09-22 16:17:42,43.0473556518555,-9.30047798156738,"Unknown"
"7014854",371863,2025-09-22 16:48:05,43.0473709106445,-9.30046272277832,"Unknown"
"7014854",371863,2025-09-22 17:17:39,43.0473442077637,-9.30047512054443,"Unknown"
"7014854",371863,2025-09-22 17:47:41,43.047966003418,-9.30056190490723,"Unknown"
"7014854",371863,2025-09-22 18:18:05,43.047420501709,-9.30045318603516,"Unknown"
"7014854",371863,2025-09-22 18:47:49,43.0475082397461,-9.30037784576416,"Unknown"
"7014854",371863,2025-09-22 19:17:41,43.0475807189941,-9.30055141448975,"Unknown"
"7014854",371863,2025-09-22 19:47:41,43.0475769042969,-9.30056381225586,"Unknown"
"7014854",371863,2025-09-22 20:17:47,43.0476226806641,-9.30061817169189,"Unknown"
"7014854",371863,2025-09-22 20:48:05,43.0474243164062,-9.300461769104,"Unknown"
"7014854",371863,2025-09-22 21:17:40,43.0475692749023,-9.30063438415527,"Unknown"
"7014854",371863,2025-09-22 21:47:48,43.0474243164062,-9.30050277709961,"Unknown"
"7014854",371863,2025-09-22 22:17:49,43.0473976135254,-9.30047416687012,"Unknown"
"7014854",371863,2025-09-22 22:47:58,43.04736328125,-9.3002872467041,"Unknown"
"7014854",371863,2025-09-22 23:18:05,43.04736328125,-9.30046367645264,"Unknown"
"7014854",371863,2025-09-22 23:47:40,43.0474472045898,-9.30054092407227,"Unknown"
"7014854",371863,2025-09-23 00:17:44,43.047420501709,-9.3004732131958,"Unknown"
"7014854",371863,2025-09-23 00:47:43,43.0471992492676,-9.29987716674805,"Unknown"
"7014854",371863,2025-09-23 01:18:05,43.0473976135254,-9.30042839050293,"Unknown"
"7014854",371863,2025-09-23 01:47:39,43.0474243164062,-9.30041122436523,"Unknown"
"7014854",371863,2025-09-23 02:17:40,43.0473785400391,-9.30047798156738,"Unknown"
"7014854",371863,2025-09-23 02:47:40,43.0474014282227,-9.3004264831543,"Unknown"
"7014854",371863,2025-09-23 03:17:40,43.0474548339844,-9.30056476593018,"Unknown"
"7014854",371863,2025-09-23 03:47:49,43.0473747253418,-9.30052185058594,"Unknown"
"7014854",371863,2025-09-23 04:17:49,43.0473670959473,-9.30063915252686,"Unknown"
"7014854",371863,2025-09-23 04:47:52,43.0473823547363,-9.30073261260986,"Unknown"
"7014854",371863,2025-09-23 05:18:05,43.0474510192871,-9.30047607421875,"Unknown"
"7014854",371863,2025-09-23 05:47:39,43.047420501709,-9.30010414123535,"Unknown"
"7014854",371863,2025-09-23 06:17:40,43.0474166870117,-9.30022430419922,"Unknown"
"7014854",371863,2025-09-23 06:48:05,43.0474014282227,-9.300461769104,"Unknown"
"7014854",371863,2025-09-23 07:17:40,43.0473861694336,-9.30054950714111,"Unknown"
"7014854",371863,2025-09-23 07:47:38,43.0473518371582,-9.30052852630615,"Unknown"
"7014854",371863,2025-09-23 08:17:40,43.0474014282227,-9.3005256652832,"Unknown"
"7014854",371863,2025-09-23 08:47:41,43.0473937988281,-9.30041217803955,"Unknown"
"7014854",371863,2025-09-23 09:18:13,43.0473861694336,-9.30048561096191,"Unknown"
"7014854",371863,2025-09-23 09:48:05,43.0473937988281,-9.30048942565918,"Unknown"
"7014854",371863,2025-09-23 10:17:39,43.047420501709,-9.30039882659912,"Unknown"
"7014854",371863,2025-09-23 10:48:05,43.0474243164062,-9.30043029785156,"Unknown"
"7014854",371863,2025-09-23 10:57:39,43.0474319458008,-9.30046844482422,"Unknown"
"7014854",371863,2025-09-23 11:07:39,43.0474166870117,-9.30045223236084,"Unknown"
"7014854",371863,2025-09-23 11:17:40,43.0474166870117,-9.30047988891602,"Unknown"
"7014854",371863,2025-09-23 11:27:40,43.04736328125,-9.30049610137939,"Unknown"
"7014854",371863,2025-09-23 11:37:39,43.0474395751953,-9.30043125152588,"Unknown"
"7014854",371863,2025-09-23 11:47:39,43.0474433898926,-9.30044651031494,"Unknown"
"7014854",371863,2025-09-23 11:57:40,43.0474853515625,-9.30049991607666,"Unknown"
"7014854",371863,2025-09-23 12:08:05,43.047435760498,-9.30051136016846,"Unknown"
"7014854",371863,2025-09-23 12:17:39,43.0475959777832,-9.30067825317383,"Unknown"
"7014854",371863,2025-09-23 12:27:40,43.0475006103516,-9.30056476593018,"Unknown"
"7014854",371863,2025-09-23 12:37:41,43.0477333068848,-9.30098152160645,"Unknown"
"7014854",371863,2025-09-23 12:47:48,43.0473327636719,-9.3005199432373,"Unknown"
"7014854",371863,2025-09-23 12:58:05,43.0473594665527,-9.30048751831055,"Unknown"
"7014854",371863,2025-09-23 13:07:39,43.0473213195801,-9.30047130584717,"Unknown"
"7014854",371863,2025-09-23 13:17:39,43.0473670959473,-9.30046844482422,"Unknown"
"7014854",371863,2025-09-23 13:27:40,43.0473899841309,-9.30045413970947,"Unknown"
"7014854",371863,2025-09-23 13:37:40,43.0473213195801,-9.30038261413574,"Unknown"
"7014854",371863,2025-09-23 13:47:39,43.0473327636719,-9.30031585693359,"Unknown"
"7014854",371863,2025-09-23 13:57:39,43.0473442077637,-9.30048942565918,"Unknown"
"7014854",371863,2025-09-23 14:07:39,43.0473136901855,-9.3003044128418,"Unknown"
"7014854",371863,2025-09-23 14:17:40,43.047306060791,-9.30019664764404,"Unknown"
"7014854",371863,2025-09-23 14:27:41,43.0473480224609,-9.30025577545166,"Unknown"
"7014854",371863,2025-09-23 14:37:41,43.0473136901855,-9.30014419555664,"Unknown"
"7014854",371863,2025-09-23 14:47:43,43.0473937988281,-9.30046367645264,"Unknown"
"7014854",371863,2025-09-23 14:57:47,43.0474739074707,-9.30062294006348,"Unknown"
"7014854",371863,2025-09-23 15:07:43,43.0474052429199,-9.30048751831055,"Unknown"
"7014854",371863,2025-09-23 15:17:57,43.0473785400391,-9.30039119720459,"Unknown"
"7014854",371863,2025-09-23 15:28:05,43.0474014282227,-9.30046653747559,"Unknown"
"7014854",371863,2025-09-23 15:37:42,43.0474281311035,-9.30062961578369,"Unknown"
"7014854",371863,2025-09-23 15:47:42,43.0473480224609,-9.30036735534668,"Unknown"
"7014854",371863,2025-09-23 15:57:42,43.0473823547363,-9.30003643035889,"Unknown"
"7014854",371863,2025-09-23 16:07:42,43.0474319458008,-9.30044937133789,"Unknown"
"7014854",371863,2025-09-23 16:17:45,43.0473327636719,-9.30049324035645,"Unknown"
"7014854",371863,2025-09-23 16:27:46,43.0474472045898,-9.30037784576416,"Unknown"
"7014854",371863,2025-09-23 16:37:42,43.0474586486816,-9.30032634735107,"Unknown"
"7014854",371863,2025-09-23 16:48:05,43.0473556518555,-9.30044555664062,"Unknown"
"7014854",371863,2025-09-23 16:57:41,43.0474815368652,-9.30048084259033,"Unknown"
"7014854",371863,2025-09-23 17:07:41,43.0473709106445,-9.30045795440674,"Unknown"
"7014854",371863,2025-09-23 17:17:45,43.0474243164062,-9.30042552947998,"Unknown"
"7014854",371863,2025-09-23 17:27:42,43.0473327636719,-9.3004093170166,"Unknown"
"7014854",371863,2025-09-23 17:37:41,43.047046661377,-9.30023574829102,"Unknown"
"7014854",371863,2025-09-23 17:47:47,43.0473327636719,-9.30013084411621,"Unknown"
"7014854",371863,2025-09-23 17:57:48,43.047306060791,-9.30000782012939,"Unknown"
"7014854",371863,2025-09-23 18:08:38,43.0472755432129,-9.30038070678711,"Unknown"
"7014854",371863,2025-09-23 18:18:14,43.0473709106445,-9.30039978027344,"Unknown"
"7014854",371863,2025-09-23 18:27:47,43.0474052429199,-9.30041027069092,"Unknown"
"7014854",371863,2025-09-23 18:37:46,43.0473861694336,-9.30036449432373,"Unknown"
"7014854",371863,2025-09-23 18:48:05,43.0476112365723,-9.30052375793457,"Unknown"
"7014854",371863,2025-09-23 18:58:14,43.0473823547363,-9.30037117004395,"Unknown"
"7014854",371863,2025-09-23 19:07:39,43.04736328125,-9.30027294158936,"Unknown"
"7014854",371863,2025-09-23 19:17:39,43.0474815368652,-9.30004405975342,"Unknown"
"7014854",371863,2025-09-23 19:27:40,43.0474052429199,-9.30019569396973,"Unknown"
"7014854",371863,2025-09-23 19:37:41,43.0474586486816,-9.30027294158936,"Unknown"
"7014854",371863,2025-09-23 19:48:01,43.0473709106445,-9.30043029785156,"Unknown"
"7014854",371863,2025-09-23 19:57:45,43.04736328125,-9.3004789352417,"Unknown"
"7014854",371863,2025-09-23 20:07:48,43.0473670959473,-9.30051422119141,"Unknown"
"7014854",371863,2025-09-23 20:17:48,43.0473518371582,-9.30047798156738,"Unknown"
"7014854",371863,2025-09-23 20:28:05,43.0473251342773,-9.30050563812256,"Unknown"
"7014854",371863,2025-09-23 20:38:05,43.0473976135254,-9.30043792724609,"Unknown"
"7014854",371863,2025-09-23 20:47:49,43.0473976135254,-9.30045318603516,"Unknown"
"7014854",371863,2025-09-23 20:57:51,43.0474052429199,-9.30049133300781,"Unknown"
"7014854",371863,2025-09-23 21:07:46,43.0475044250488,-9.30060958862305,"Unknown"
"7014854",371863,2025-09-23 21:17:46,43.0474090576172,-9.30058670043945,"Unknown"
"7014854",371863,2025-09-23 21:27:48,43.0474739074707,-9.30047988891602,"Unknown"
"7014854",371863,2025-09-23 21:37:46,43.0473289489746,-9.30041408538818,"Unknown"
"7014854",371863,2025-09-23 22:08:15,43.0474395751953,-9.30052757263184,"Unknown"
"7014854",371863,2025-09-23 22:37:48,43.0473709106445,-9.30045032501221,"Unknown"
"7014854",371863,2025-09-23 23:08:05,43.0473136901855,-9.30042362213135,"Unknown"
"7014854",371863,2025-09-23 23:37:43,43.0473518371582,-9.30045986175537,"Unknown"
"7014854",371863,2025-09-24 00:07:48,43.0474472045898,-9.30050086975098,"Unknown"
"7014854",371863,2025-09-24 00:38:14,43.0473976135254,-9.30050468444824,"Unknown"
"7014854",371863,2025-09-24 01:08:05,43.0474090576172,-9.30045795440674,"Unknown"
"7014854",371863,2025-09-24 01:37:46,43.0474090576172,-9.30041313171387,"Unknown"
"7014854",371863,2025-09-24 02:08:05,43.0473785400391,-9.30046844482422,"Unknown"
"7014854",371863,2025-09-24 02:38:05,43.0473480224609,-9.30052280426025,"Unknown"
"7014854",371863,2025-09-24 03:07:43,43.0473861694336,-9.30050849914551,"Unknown"
"7014854",371863,2025-09-24 03:37:41,43.04736328125,-9.30019760131836,"Unknown"
"7014854",371863,2025-09-24 04:07:48,43.0473442077637,-9.30068016052246,"Unknown"
"7014854",371863,2025-09-24 04:38:13,43.0474395751953,-9.30044364929199,"Unknown"
"7014854",371863,2025-09-24 05:08:05,43.0474624633789,-9.30039024353027,"Unknown"
"7014854",371863,2025-09-24 05:37:40,43.0473861694336,-9.30034637451172,"Unknown"
"7014854",371863,2025-09-24 06:07:47,43.0474624633789,-9.30039024353027,"Unknown"
"7014854",371863,2025-09-24 06:38:14,43.0473289489746,-9.30049991607666,"Unknown"
"7014854",371863,2025-09-24 07:07:40,43.0473747253418,-9.30050373077393,"Unknown"
"7014854",371863,2025-09-24 07:37:42,43.0473365783691,-9.30040264129639,"Unknown"
"7014854",371863,2025-09-24 08:08:05,43.0473442077637,-9.30044937133789,"Unknown"
"7014854",371863,2025-09-24 08:37:39,43.047420501709,-9.30052471160889,"Unknown"
"7014854",371863,2025-09-24 09:07:41,43.047420501709,-9.30051803588867,"Unknown"
"7014854",371863,2025-09-24 09:38:05,43.0473976135254,-9.30047225952148,"Unknown"
"7014854",371863,2025-09-24 10:07:41,43.0473976135254,-9.30050182342529,"Unknown"
"7014854",371863,2025-09-24 10:37:39,43.0473899841309,-9.30051708221436,"Unknown"
"7014854",371863,2025-09-24 11:08:05,43.0473976135254,-9.300461769104,"Unknown"
"7014854",371863,2025-09-24 11:37:40,43.0474433898926,-9.30049800872803,"Unknown"
"7014854",371863,2025-09-24 12:08:14,43.0474624633789,-9.30055999755859,"Unknown"
"7014854",371863,2025-09-24 12:38:05,43.0473556518555,-9.300612449646,"Unknown"
"7014854",371863,2025-09-24 13:07:43,43.04736328125,-9.30055236816406,"Unknown"
"7014854",371863,2025-09-24 13:37:53,43.0473747253418,-9.30043792724609,"Unknown"
"7014854",371863,2025-09-24 14:08:05,43.0473785400391,-9.30049705505371,"Unknown"
"7014854",371863,2025-09-24 14:38:05,43.0473861694336,-9.30046463012695,"Unknown"
"7014854",371863,2025-09-24 15:07:39,43.0474662780762,-9.30049610137939,"Unknown"
"7014854",371863,2025-09-24 15:37:40,43.047664642334,-9.30122756958008,"Unknown"
"7014854",371863,2025-09-24 16:07:40,43.0473747253418,-9.30047607421875,"Unknown"
"7014854",371863,2025-09-24 16:37:58,43.0474090576172,-9.3004846572876,"Unknown"
"7014854",371863,2025-09-24 17:07:52,43.0474395751953,-9.30051422119141,"Unknown"
"7014854",371863,2025-09-24 17:38:14,43.04736328125,-9.3003978729248,"Unknown"
"7014854",371863,2025-09-24 18:07:48,43.0474472045898,-9.30043125152588,"Unknown"
"7014854",371863,2025-09-24 18:37:53,43.0475463867188,-9.30032730102539,"Unknown"
"7014854",371863,2025-09-24 19:08:05,43.0475006103516,-9.3004322052002,"Unknown"
"7014854",371863,2025-09-24 19:37:42,43.0476150512695,-9.30048561096191,"Unknown"
"7014854",371863,2025-09-24 20:08:14,43.0473289489746,-9.30037593841553,"Unknown"
"7014854",371863,2025-09-24 20:37:40,43.0472564697266,-9.30019950866699,"Unknown"
"7014854",371863,2025-09-24 21:08:01,43.0473709106445,-9.30041408538818,"Unknown"
"7014854",371863,2025-09-24 21:38:28,43.0473976135254,-9.30046844482422,"Unknown"
"7014854",371863,2025-09-24 22:07:48,43.047420501709,-9.30025672912598,"Unknown"
"7014854",371863,2025-09-24 22:38:05,43.0472793579102,-9.30041122436523,"Unknown"
"7014854",371863,2025-09-24 23:07:43,43.0473136901855,-9.30044937133789,"Unknown"
"7014854",371863,2025-09-24 23:38:05,43.0473823547363,-9.30047035217285,"Unknown"
"7014854",371863,2025-09-25 00:07:48,43.047435760498,-9.30042362213135,"Unknown"
"7014854",371863,2025-09-25 00:38:14,43.0474243164062,-9.30043411254883,"Unknown"
"7014854",371863,2025-09-25 01:08:05,43.0474243164062,-9.30038547515869,"Unknown"
"7014854",371863,2025-09-25 01:37:42,43.0475273132324,-9.30031585693359,"Unknown"
"7014854",371863,2025-09-25 02:08:05,43.0473594665527,-9.30042266845703,"Unknown"
"7014854",371863,2025-09-25 02:38:05,43.0474815368652,-9.30051040649414,"Unknown"
"7014854",371863,2025-09-25 03:07:47,43.0474128723145,-9.30050945281982,"Unknown"
"7014854",371863,2025-09-25 03:37:47,43.0473823547363,-9.30056190490723,"Unknown"
"7014854",371863,2025-09-25 04:08:05,43.0473937988281,-9.30048942565918,"Unknown"
"7014854",371863,2025-09-25 04:37:42,43.0475654602051,-9.30002784729004,"Unknown"
"7014854",371863,2025-09-25 05:07:42,43.0477027893066,-9.30006885528564,"Unknown"
"7014854",371863,2025-09-25 05:37:46,43.0474319458008,-9.30042457580566,"Unknown"
"7014854",371863,2025-09-25 06:08:35,43.0474014282227,-9.30041599273682,"Unknown"
"7014854",371863,2025-09-25 06:37:40,43.0473136901855,-9.30056858062744,"Unknown"
"7014854",371863,2025-09-25 07:07:43,43.0474739074707,-9.30045127868652,"Unknown"
"7014854",371863,2025-09-25 07:37:46,43.0473365783691,-9.30048942565918,"Unknown"
"7014854",371863,2025-09-25 08:07:47,43.047420501709,-9.30047225952148,"Unknown"
"7014854",371863,2025-09-25 08:37:50,43.0473670959473,-9.30043888092041,"Unknown"
"7014854",371863,2025-09-25 09:08:05,43.0473670959473,-9.30040168762207,"Unknown"
"7014854",371863,2025-09-25 09:37:48,43.0473976135254,-9.30057239532471,"Unknown"
"7014854",371863,2025-09-25 10:08:05,43.0473785400391,-9.30048847198486,"Unknown"
"7014854",371863,2025-09-25 10:39:04,43.0474319458008,-9.30044555664062,"Unknown"
"7014854",371863,2025-09-25 11:07:39,43.0473556518555,-9.30048084259033,"Unknown"
"7014854",371863,2025-09-25 11:37:48,43.0474548339844,-9.30050754547119,"Unknown"
"7014854",371863,2025-09-25 12:08:14,43.0474662780762,-9.30056571960449,"Unknown"
"7014854",371863,2025-09-25 12:38:36,43.0473937988281,-9.30046653747559,"Unknown"
"7014854",371863,2025-09-25 13:07:43,43.0474090576172,-9.30039024353027,"Unknown"
"7014854",371863,2025-09-25 13:37:47,43.0473747253418,-9.30075645446777,"Unknown"
"7014854",371863,2025-09-25 14:07:54,43.0472259521484,-9.29987812042236,"Unknown"
"7014854",371863,2025-09-25 14:38:05,43.0474014282227,-9.30045318603516,"Unknown"
"7014854",371863,2025-09-25 15:07:49,43.0474548339844,-9.3002290725708,"Unknown"
"7014854",371863,2025-09-25 15:38:11,43.0473861694336,-9.30041027069092,"Unknown"
"7014854",371863,2025-09-25 16:07:40,43.0473175048828,-9.30045890808105,"Unknown"
"7014854",371863,2025-09-25 16:38:14,43.0472602844238,-9.30050659179688,"Unknown"
"7014854",371863,2025-09-25 17:08:11,43.0476112365723,-9.30047702789307,"Unknown"
"7014854",371863,2025-09-25 17:38:23,43.0474319458008,-9.30060386657715,"Unknown"
"7014854",371863,2025-09-25 18:07:48,43.0474014282227,-9.30042171478271,"Unknown"
"7014854",371863,2025-09-25 18:38:14,43.0471725463867,-9.30004119873047,"Unknown"
"7014854",371863,2025-09-25 19:07:49,43.048397064209,-9.30151557922363,"Unknown"
"7014854",371863,2025-09-25 19:38:15,43.047477722168,-9.30044651031494,"Unknown"
"7014854",371863,2025-09-25 20:07:50,43.0474128723145,-9.30045986175537,"Unknown"
"7014854",371863,2025-09-25 20:38:14,43.047248840332,-9.30059623718262,"Unknown"
"7014854",371863,2025-09-25 21:08:52,43.0472793579102,-9.30044937133789,"Unknown"
"7014854",371863,2025-09-25 21:38:14,43.0474281311035,-9.30045890808105,"Unknown"
"7014854",371863,2025-09-25 22:07:46,43.0473823547363,-9.30037498474121,"Unknown"
"7014854",371863,2025-09-25 22:38:14,43.0473175048828,-9.3005485534668,"Unknown"
"7014854",371863,2025-09-25 23:07:46,43.0474166870117,-9.30051422119141,"Unknown"
"7014854",371863,2025-09-25 23:38:23,43.0473327636719,-9.30064392089844,"Unknown"
"7014854",371863,2025-09-26 00:07:46,43.0471267700195,-9.30076789855957,"Unknown"
"7014854",371863,2025-09-26 01:08:53,43.0473899841309,-9.30047130584717,"Unknown"
"7014854",371863,2025-09-26 01:37:41,43.0473251342773,-9.30050277709961,"Unknown"
"7014854",371863,2025-09-26 02:07:52,43.0474090576172,-9.30047416687012,"Unknown"
"7014854",371863,2025-09-26 02:38:05,43.0473670959473,-9.30045509338379,"Unknown"
"7014854",371863,2025-09-26 03:07:44,43.0474281311035,-9.30058193206787,"Unknown"
"7014854",371863,2025-09-26 03:37:51,43.0473899841309,-9.30043983459473,"Unknown"
"7014854",371863,2025-09-26 04:07:49,43.0475044250488,-9.30007743835449,"Unknown"
"7014854",371863,2025-09-26 04:38:13,43.0475082397461,-9.30055999755859,"Unknown"
"7014854",371863,2025-09-26 05:07:49,43.0475616455078,-9.30047225952148,"Unknown"
"7014854",371863,2025-09-26 05:38:05,43.0475463867188,-9.30040454864502,"Unknown"
"7014854",371863,2025-09-26 06:08:23,43.0474700927734,-9.30041313171387,"Unknown"
"7014854",371863,2025-09-26 06:37:41,43.0473861694336,-9.30047607421875,"Unknown"
"7014854",371863,2025-09-26 07:07:43,43.047233581543,-9.30058097839355,"Unknown"
"7014854",371863,2025-09-26 07:37:42,43.0473518371582,-9.30046558380127,"Unknown"
"7014854",371863,2025-09-26 08:07:57,43.0475082397461,-9.30050373077393,"Unknown"
"7014854",371863,2025-09-26 08:38:00,43.0479125976562,-9.30072689056396,"Unknown"
"7014854",371863,2025-09-26 09:08:05,43.0473899841309,-9.3004093170166,"Unknown"
"7014854",371863,2025-09-26 09:37:48,43.0474052429199,-9.30049419403076,"Unknown"
"7014854",371863,2025-09-26 10:08:05,43.0473937988281,-9.30048656463623,"Unknown"
"7014854",371863,2025-09-26 10:38:14,43.0474281311035,-9.30043697357178,"Unknown"
"7014854",371863,2025-09-26 11:07:40,43.0474281311035,-9.30044174194336,"Unknown"
"7014854",371863,2025-09-26 11:37:43,43.0474700927734,-9.30052280426025,"Unknown"
"7014854",371863,2025-09-26 12:08:14,43.047534942627,-9.30067539215088,"Unknown"
"7014854",371863,2025-09-26 12:37:48,43.0475540161133,-9.30098247528076,"Unknown"
"7014854",371863,2025-09-26 13:08:05,43.0474662780762,-9.30077838897705,"Unknown"
"7014854",371863,2025-09-26 13:37:48,43.0474624633789,-9.30058479309082,"Unknown"
"7014854",371863,2025-09-26 14:08:14,43.0473823547363,-9.3005199432373,"Unknown"
"7014854",371863,2025-09-26 14:37:49,43.0472755432129,-9.30032634735107,"Unknown"
"7014854",371863,2025-09-26 15:08:14,43.047290802002,-9.30046367645264,"Unknown"
"7014854",371863,2025-09-26 15:37:43,43.0473327636719,-9.30047798156738,"Unknown"
"7014854",371863,2025-09-26 16:07:49,43.0473289489746,-9.30051612854004,"Unknown"
"7014854",371863,2025-09-26 16:38:15,43.0472640991211,-9.3006706237793,"Unknown"
"7014854",371863,2025-09-26 17:07:46,43.0478553771973,-9.29994869232178,"Unknown"
"7014854",371863,2025-09-26 17:38:23,43.0474662780762,-9.3006067276001,"Unknown"
"7014854",371863,2025-09-26 18:07:42,43.0474281311035,-9.30037689208984,"Unknown"
"7014854",371863,2025-09-26 18:38:14,43.0474586486816,-9.30038356781006,"Unknown"
"7014854",371863,2025-09-26 19:07:48,43.0474433898926,-9.30041122436523,"Unknown"
"7014854",371863,2025-09-26 19:38:06,43.0473747253418,-9.30042552947998,"Unknown"
"7014854",371863,2025-09-26 20:08:12,43.0473823547363,-9.30045509338379,"Unknown"
"7014854",371863,2025-09-26 20:38:17,43.0461769104004,-9.29910564422607,"Unknown"
"7014854",371863,2025-09-26 21:08:23,43.0473442077637,-9.3004035949707,"Unknown"
"7014854",371863,2025-09-26 21:38:11,43.0474662780762,-9.3004093170166,"Unknown"
"7014854",371863,2025-09-26 22:08:05,43.0474128723145,-9.30016231536865,"Unknown"
"7014854",371863,2025-09-26 22:37:47,43.0472831726074,-9.300461769104,"Unknown"
"7014854",371863,2025-09-26 23:08:05,43.0473403930664,-9.30043792724609,"Unknown"
"7014854",371863,2025-09-26 23:37:48,43.0474472045898,-9.30035877227783,"Unknown"
"7014854",371863,2025-09-27 00:08:14,43.0474243164062,-9.30054378509521,"Unknown"
"7014854",371863,2025-09-27 00:37:46,43.0474014282227,-9.30041217803955,"Unknown"
"7014854",371863,2025-09-27 01:08:10,43.0474166870117,-9.30041217803955,"Unknown"
"7014854",371863,2025-09-27 01:37:48,43.0473747253418,-9.30042934417725,"Unknown"
"7014854",371863,2025-09-27 02:08:53,43.0471878051758,-9.30063056945801,"Unknown"
"7014854",371863,2025-09-27 02:37:48,43.0471496582031,-9.30056667327881,"Unknown"
"7014854",371863,2025-09-27 03:08:05,43.0477828979492,-9.30045413970947,"Unknown"
"7014854",371863,2025-09-27 03:38:14,43.0475387573242,-9.30045604705811,"Unknown"
"7014854",371863,2025-09-27 04:08:05,43.0474510192871,-9.30044841766357,"Unknown"
"7014854",371863,2025-09-27 04:37:56,43.0474624633789,-9.30044364929199,"Unknown"
"7014854",371863,2025-09-27 05:07:48,43.0473480224609,-9.30029487609863,"Unknown"
"7014854",371863,2025-09-27 05:37:48,43.047435760498,-9.30036354064941,"Unknown"
"7014854",371863,2025-09-27 06:09:04,43.0474166870117,-9.30045986175537,"Unknown"
"7014854",371863,2025-09-27 06:38:05,43.0472946166992,-9.30056571960449,"Unknown"
"7014854",371863,2025-09-27 07:07:45,43.0474014282227,-9.30049324035645,"Unknown"
"7014854",371863,2025-09-27 07:37:45,43.0473976135254,-9.30044555664062,"Unknown"
"7014854",371863,2025-09-27 08:08:05,43.0473327636719,-9.30044078826904,"Unknown"
"7014854",371863,2025-09-27 08:38:05,43.0473670959473,-9.30035305023193,"Unknown"
"7014854",371863,2025-09-27 09:07:47,43.0474090576172,-9.30038261413574,"Unknown"
"7014854",371863,2025-09-27 09:37:59,43.0473976135254,-9.30034255981445,"Unknown"
"7014854",371863,2025-09-27 10:08:05,43.0474052429199,-9.30045795440674,"Unknown"
"7014854",371863,2025-09-27 10:37:40,43.047435760498,-9.30041599273682,"Unknown"
"7014854",371863,2025-09-27 11:07:41,43.0473709106445,-9.30041027069092,"Unknown"
"7014854",371863,2025-09-27 11:37:43,43.0475273132324,-9.30053520202637,"Unknown"
"7014854",371863,2025-09-27 12:08:05,43.0473976135254,-9.30042743682861,"Unknown"
"7014854",371863,2025-09-27 12:37:43,43.0474090576172,-9.30041408538818,"Unknown"
"7014854",371863,2025-09-27 13:08:12,43.0473785400391,-9.3005485534668,"Unknown"
"7014854",371863,2025-09-27 13:37:48,43.0474472045898,-9.30109596252441,"Unknown"
"7014854",371863,2025-09-27 14:09:05,43.0473709106445,-9.30043125152588,"Unknown"
"7014854",371863,2025-09-27 14:37:50,43.0473442077637,-9.30040264129639,"Unknown"
"7014854",371863,2025-09-27 15:08:05,43.0473442077637,-9.30041694641113,"Unknown"
"7014854",371863,2025-09-27 15:37:48,43.0473556518555,-9.30035972595215,"Unknown"
"7014854",371863,2025-09-27 16:07:49,43.0473556518555,-9.30049133300781,"Unknown"
"7014854",371863,2025-09-27 16:38:20,43.0473823547363,-9.30045890808105,"Unknown"
"7014854",371863,2025-09-27 17:07:45,43.0477333068848,-9.3003044128418,"Unknown"
"7014854",371863,2025-09-27 17:38:15,43.046932220459,-9.3003044128418,"Unknown"
"7014854",371863,2025-09-27 18:08:15,43.0473098754883,-9.30026817321777,"Unknown"
"7014854",371863,2025-09-27 18:37:52,43.047233581543,-9.3001537322998,"Unknown"
"7014854",371863,2025-09-27 19:08:23,43.0473670959473,-9.30035591125488,"Unknown"
"7014854",371863,2025-09-27 19:37:48,43.0473403930664,-9.30037117004395,"Unknown"
"7014854",371863,2025-09-27 20:08:23,43.0473747253418,-9.30044174194336,"Unknown"
"7014854",371863,2025-09-27 20:37:45,43.0473899841309,-9.30039215087891,"Unknown"
"7014854",371863,2025-09-27 21:08:35,43.0473899841309,-9.30044746398926,"Unknown"
"7014854",371863,2025-09-27 21:37:48,43.0473709106445,-9.30046653747559,"Unknown"
"7014854",371863,2025-09-27 22:07:48,43.0473594665527,-9.30019474029541,"Unknown"
"7014854",371863,2025-09-27 22:39:05,43.0473709106445,-9.30049133300781,"Unknown"
"7014854",371863,2025-09-27 23:07:42,43.0473823547363,-9.30046653747559,"Unknown"
"7014854",371863,2025-09-27 23:37:48,43.0475959777832,-9.30012989044189,"Unknown"
"7014854",371863,2025-09-28 00:07:46,43.0477600097656,-9.30050086975098,"Unknown"
"7014854",371863,2025-09-28 00:37:44,43.0477027893066,-9.30058479309082,"Unknown"
"7014854",371863,2025-09-28 01:07:43,43.0474853515625,-9.30045032501221,"Unknown"
"7014854",371863,2025-09-28 01:37:45,43.0473709106445,-9.3005895614624,"Unknown"
"7014854",371863,2025-09-28 02:07:46,43.0472526550293,-9.30018615722656,"Unknown"
"7014854",371863,2025-09-28 02:37:55,43.0475807189941,-9.30046653747559,"Unknown"
"7014854",371863,2025-09-28 03:08:01,43.047981262207,-9.30053806304932,"Unknown"
"7014854",371863,2025-09-28 03:37:45,43.0473403930664,-9.30051612854004,"Unknown"
"7014854",371863,2025-09-28 04:07:45,43.0473823547363,-9.30054950714111,"Unknown"
"7014854",371863,2025-09-28 04:37:41,43.0474319458008,-9.30062389373779,"Unknown"
"7014854",371863,2025-09-28 05:07:46,43.0474548339844,-9.30016231536865,"Unknown"
"7014854",371863,2025-09-28 05:37:43,43.0476150512695,-9.30010795593262,"Unknown"
"7014854",371863,2025-09-28 06:07:42,43.0476837158203,-9.30007648468018,"Unknown"
"7014854",371863,2025-09-28 06:37:45,43.0474052429199,-9.30048751831055,"Unknown"
"7014854",371863,2025-09-28 07:07:47,43.0470809936523,-9.30048656463623,"Unknown"
"7014854",371863,2025-09-28 07:37:54,43.0470886230469,-9.30052661895752,"Unknown"
"7014854",371863,2025-09-28 08:07:45,43.0470924377441,-9.3002462387085,"Unknown"
"7014854",371863,2025-09-28 08:37:43,43.0476379394531,-9.30035400390625,"Unknown"
"7014854",371863,2025-09-28 09:07:48,43.0474433898926,-9.30012989044189,"Unknown"
"7014854",371863,2025-09-28 09:37:47,43.047550201416,-9.30049896240234,"Unknown"
"7014854",371863,2025-09-28 10:07:54,43.0478286743164,-9.30024147033691,"Unknown"
"7014854",371863,2025-09-28 10:37:45,43.0476989746094,-9.30044174194336,"Unknown"
"7014854",371863,2025-09-28 11:07:44,43.0476837158203,-9.30033397674561,"Unknown"
"7014854",371863,2025-09-28 11:37:41,43.0472412109375,-9.30005931854248,"Unknown"
"7014854",371863,2025-09-28 12:07:50,43.0473289489746,-9.30029964447021,"Unknown"
"7014854",371863,2025-09-28 12:37:47,43.0475845336914,-9.3003454208374,"Unknown"
"7014854",371863,2025-09-28 13:07:46,43.047721862793,-9.30042362213135,"Unknown"
"7014854",371863,2025-09-28 13:37:45,43.0475463867188,-9.30061817169189,"Unknown"
"7014854",371863,2025-09-28 14:07:45,43.0474243164062,-9.3004207611084,"Unknown"
"7014854",371863,2025-09-28 14:37:48,43.0473022460938,-9.30035781860352,"Unknown"
"7014854",371863,2025-09-28 15:07:48,43.0473442077637,-9.30030822753906,"Unknown"
"7014854",371863,2025-09-28 15:37:47,43.0475196838379,-9.30042266845703,"Unknown"
"7014854",371863,2025-09-28 16:07:48,43.047550201416,-9.30050659179688,"Unknown"
"7014854",371863,2025-09-28 16:37:51,43.0478134155273,-9.30065822601318,"Unknown"
"7014854",371863,2025-09-28 17:07:43,43.0474052429199,-9.29998588562012,"Unknown"
"7014854",371863,2025-09-28 17:37:48,43.0471496582031,-9.29980754852295,"Unknown"
"7014854",371863,2025-09-28 18:07:51,43.0472717285156,-9.30014038085938,"Unknown"
"7014854",371863,2025-09-28 18:37:57,43.0419158935547,-9.29821395874023,"Unknown"
"7014854",371863,2025-09-28 19:07:46,43.0425415039062,-9.29539775848389,"Unknown"
"7014854",371863,2025-09-28 19:37:45,43.0412445068359,-9.29417037963867,"Unknown"
"7014854",371863,2025-09-28 20:07:56,43.0489196777344,-9.28076076507568,"Unknown"
"7014854",371863,2025-09-28 20:38:14,43.0500106811523,-9.30257606506348,"Unknown"
"7014854",371863,2025-09-28 21:07:59,43.0637512207031,-9.29453086853027,"Unknown"
"7014854",371863,2025-09-28 21:37:50,43.0581436157227,-9.28920650482178,"Unknown"
"7014854",371863,2025-09-28 22:07:55,43.0458297729492,-9.2594518661499,"Unknown"
"7014854",371863,2025-09-28 22:38:15,43.0473098754883,-9.3004789352417,"Unknown"
"7014854",371863,2025-09-28 23:07:56,43.0472755432129,-9.30023002624512,"Unknown"
"7014854",371863,2025-09-28 23:38:35,43.0476112365723,-9.30009365081787,"Unknown"
"7014854",371863,2025-09-29 00:07:51,43.0476150512695,-9.30029010772705,"Unknown"
"7014854",371863,2025-09-29 00:37:48,43.0475463867188,-9.30039596557617,"Unknown"
"7014854",371863,2025-09-29 01:07:49,43.0474662780762,-9.30032634735107,"Unknown"
"7014854",371863,2025-09-29 01:37:45,43.0471534729004,-9.29964065551758,"Unknown"
"7014854",371863,2025-09-29 02:08:00,43.0475883483887,-9.30072498321533,"Unknown"
"7014854",371863,2025-09-29 02:38:00,43.046875,-9.30108547210693,"Unknown"
"7014854",371863,2025-09-29 03:08:13,43.0475082397461,-9.30051803588867,"Unknown"
"7014854",371863,2025-09-29 03:37:49,43.047679901123,-9.30056381225586,"Unknown"
"7014854",371863,2025-09-29 04:08:14,43.047534942627,-9.30042457580566,"Unknown"
"7014854",371863,2025-09-29 04:37:47,43.0474891662598,-9.30045795440674,"Unknown"
"7014854",371863,2025-09-29 05:07:46,43.0475196838379,-9.30048274993896,"Unknown"
"7014854",371863,2025-09-29 05:37:49,43.0475959777832,-9.30056381225586,"Unknown"
"7014854",371863,2025-09-29 06:08:05,43.0474090576172,-9.30042552947998,"Unknown"
"7014854",371863,2025-09-29 06:37:45,43.0475006103516,-9.30031299591064,"Unknown"
"7014854",371863,2025-09-29 07:07:44,43.0474586486816,-9.30044460296631,"Unknown"
"7014854",371863,2025-09-29 07:37:49,43.0473594665527,-9.30043697357178,"Unknown"
"7014854",371863,2025-09-29 08:07:45,43.0477981567383,-9.30098628997803,"Unknown"
"7014854",371863,2025-09-29 08:38:05,43.0473442077637,-9.30041313171387,"Unknown"
"7014854",371863,2025-09-29 09:07:50,43.0473480224609,-9.3004207611084,"Unknown"
"7014854",371863,2025-09-29 09:38:14,43.0474052429199,-9.30048370361328,"Unknown"
"7014854",371863,2025-09-29 10:07:43,43.0474090576172,-9.30040073394775,"Unknown"
"7014854",371863,2025-09-29 10:38:05,43.0473976135254,-9.30050277709961,"Unknown"
"7014854",371863,2025-09-29 11:08:11,43.0473861694336,-9.30053520202637,"Unknown"
"7014854",371863,2025-09-29 11:37:48,43.0473403930664,-9.30059719085693,"Unknown"
"7014854",371863,2025-09-29 12:07:47,43.0477485656738,-9.30095958709717,"Unknown"
"7014854",371863,2025-09-29 12:38:08,43.0473899841309,-9.3004264831543,"Unknown"
"7014854",371863,2025-09-29 13:08:05,43.0474472045898,-9.30035209655762,"Unknown"
"7014854",371863,2025-09-29 13:37:49,43.0473556518555,-9.30024528503418,"Unknown"
"7014854",371863,2025-09-29 14:07:58,43.0474090576172,-9.30051231384277,"Unknown"
"7014854",371863,2025-09-29 14:38:05,43.0474128723145,-9.30035781860352,"Unknown"
"7014854",371863,2025-09-29 15:07:49,43.0474128723145,-9.30030536651611,"Unknown"
"7014854",371863,2025-09-29 15:37:58,43.0471649169922,-9.30053901672363,"Unknown"
"7014854",371863,2025-09-29 16:07:45,43.0474281311035,-9.30042552947998,"Unknown"
"7014854",371863,2025-09-29 16:37:53,43.0474472045898,-9.30039405822754,"Unknown"
"7014854",371863,2025-09-29 17:07:50,43.0473861694336,-9.30041599273682,"Unknown"
"7014854",371863,2025-09-29 17:38:32,43.0474700927734,-9.30042839050293,"Unknown"
"7014854",371863,2025-09-29 18:07:57,43.0475158691406,-9.30029964447021,"Unknown"
"7014854",371863,2025-09-29 18:39:03,43.0470390319824,-9.30072975158691,"Unknown"
"7014854",371863,2025-09-29 19:07:44,43.0469970703125,-9.30048751831055,"Unknown"
"7014854",371863,2025-09-29 19:37:57,43.0470924377441,-9.30024528503418,"Unknown"
"7014854",371863,2025-09-29 20:07:53,43.0472450256348,-9.29998970031738,"Unknown"
"7014854",371863,2025-09-29 20:37:47,43.0462684631348,-9.29917240142822,"Unknown"
"7014854",371863,2025-09-29 21:08:00,43.0474319458008,-9.30060386657715,"Unknown"
"7014854",371863,2025-09-29 21:38:05,43.0474166870117,-9.30038261413574,"Unknown"
"7014854",371863,2025-09-29 22:07:50,43.0473251342773,-9.30066680908203,"Unknown"
"7014854",371863,2025-09-29 22:37:47,43.0474967956543,-9.30085372924805,"Unknown"
"7014854",371863,2025-09-29 23:07:55,43.0474548339844,-9.30065250396729,"Unknown"
"7014854",371863,2025-09-29 23:38:05,43.0478973388672,-9.29976272583008,"Unknown"
"7014854",371863,2025-09-30 00:08:02,43.0473861694336,-9.30045127868652,"Unknown"
"7014854",371863,2025-09-30 00:38:03,43.0474967956543,-9.30034065246582,"Unknown"
"7014854",371863,2025-09-30 01:07:47,43.0470390319824,-9.29983997344971,"Unknown"
"7014854",371863,2025-09-30 01:37:57,43.0481567382812,-9.29890727996826,"Unknown"
"7014854",371863,2025-09-30 02:08:07,43.0483779907227,-9.30011367797852,"Unknown"
"7014854",371863,2025-09-30 02:38:01,43.0473747253418,-9.30058002471924,"Unknown"
"7014854",371863,2025-09-30 03:08:14,43.0473861694336,-9.30055236816406,"Unknown"
"7014854",371863,2025-09-30 03:37:46,43.0475234985352,-9.30044555664062,"Unknown"
"7014854",371863,2025-09-30 04:07:43,43.0474891662598,-9.30020904541016,"Unknown"
"7014854",371863,2025-09-30 04:38:43,43.0473213195801,-9.30049419403076,"Unknown"
"7014854",371863,2025-09-30 05:07:47,43.0472793579102,-9.30050754547119,"Unknown"
"7014854",371863,2025-09-30 05:37:45,43.0473442077637,-9.30015277862549,"Unknown"
"7014854",371863,2025-09-30 06:07:46,43.0478057861328,-9.29984951019287,"Unknown"
"7014854",371863,2025-09-30 06:37:58,43.0475196838379,-9.30040550231934,"Unknown"
"7014854",371863,2025-09-30 07:07:49,43.0472602844238,-9.30032444000244,"Unknown"
"7014854",371863,2025-09-30 07:37:51,43.0471267700195,-9.30027103424072,"Unknown"
"7014854",371863,2025-09-30 08:07:56,43.0472450256348,-9.30048847198486,"Unknown"
"7014854",371863,2025-09-30 08:37:54,43.0473098754883,-9.30001068115234,"Unknown"
"7014854",371863,2025-09-30 09:08:06,43.0473480224609,-9.30062961578369,"Unknown"
"7014854",371863,2025-09-30 09:39:05,43.0476112365723,-9.3002233505249,"Unknown"
"7014854",371863,2025-09-30 10:07:57,43.0475425720215,-9.30032444000244,"Unknown"
"7014854",371863,2025-09-30 10:37:47,43.0476150512695,-9.30029964447021,"Unknown"
"7014854",371863,2025-09-30 11:07:46,43.0474472045898,-9.30056667327881,"Unknown"
"7014854",371863,2025-09-30 11:38:05,43.0474319458008,-9.30041217803955,"Unknown"
"7014854",371863,2025-09-30 12:07:44,43.0473289489746,-9.30029487609863,"Unknown"
"7014854",371863,2025-09-30 12:38:14,43.0473899841309,-9.30042839050293,"Unknown"
"7014854",371863,2025-09-30 13:07:58,43.046932220459,-9.30183792114258,"Unknown"
"7014854",371863,2025-09-30 13:38:14,43.0474014282227,-9.30034446716309,"Unknown"
"7014854",371863,2025-09-30 14:07:58,43.0474281311035,-9.30035495758057,"Unknown"
"7014854",371863,2025-09-30 14:38:10,43.0473709106445,-9.30050182342529,"Unknown"
"7014854",371863,2025-09-30 15:08:01,43.0471687316895,-9.3004789352417,"Unknown"
"7014854",371863,2025-09-30 15:38:14,43.047477722168,-9.30033302307129,"Unknown"
"7014854",371863,2025-09-30 16:08:14,43.0474014282227,-9.30044841766357,"Unknown"
"7014854",371863,2025-09-30 16:37:54,43.0475845336914,-9.30041599273682,"Unknown"
"7014854",371863,2025-09-30 17:08:05,43.0474433898926,-9.30013656616211,"Unknown"
"7014854",371863,2025-09-30 17:37:54,43.047420501709,-9.30033779144287,"Unknown"
"7014854",371863,2025-09-30 18:08:20,43.0472106933594,-9.30004405975342,"Unknown"
"7014854",371863,2025-09-30 18:37:54,43.0474243164062,-9.30017948150635,"Unknown"
"7014854",371863,2025-09-30 19:08:05,43.0473785400391,-9.30042266845703,"Unknown"
"7014854",371863,2025-09-30 19:37:54,43.0474014282227,-9.3004207611084,"Unknown"
"7014854",371863,2025-09-30 20:08:01,43.0474243164062,-9.30029773712158,"Unknown"
"7014854",371863,2025-09-30 22:08:05,43.0473175048828,-9.30044364929199,"Unknown"
"7014854",371863,2025-10-01 00:08:11,43.0473403930664,-9.30055046081543,"Unknown"
"7014854",371863,2025-10-01 02:08:14,43.0473823547363,-9.30050659179688,"Unknown"
"7014854",371863,2025-10-01 04:08:05,43.0474052429199,-9.30046081542969,"Unknown"
"7014854",371863,2025-10-01 06:08:05,43.0472602844238,-9.30051326751709,"Unknown"
"7014854",371863,2025-10-01 08:08:11,43.0473098754883,-9.30039978027344,"Unknown"
"7014854",371863,2025-10-01 10:08:15,43.0473136901855,-9.3007230758667,"Unknown"
"7014854",371863,2025-10-01 12:08:05,43.0473175048828,-9.30053997039795,"Unknown"
"7014854",371863,2025-10-01 14:08:14,43.0473976135254,-9.30042934417725,"Unknown"
"7014854",371863,2025-10-01 16:08:14,43.0473556518555,-9.30049419403076,"Unknown"
"7014854",371863,2025-10-01 22:08:05,43.0473022460938,-9.30046939849854,"Unknown"
"7014854",371863,2025-10-02 00:08:14,43.047477722168,-9.30056095123291,"Unknown"
"7014854",371863,2025-10-02 02:08:14,43.0473556518555,-9.30053901672363,"Unknown"
"7014854",371863,2025-10-02 04:08:06,43.0474166870117,-9.30041217803955,"Unknown"
"7014854",371863,2025-10-02 06:08:14,43.0473823547363,-9.30041408538818,"Unknown"
"7014854",371863,2025-10-02 08:09:05,43.0473747253418,-9.30038356781006,"Unknown"
"7014854",371863,2025-10-02 10:12:07,43.0473556518555,-9.30051326751709,"Unknown"
"7014854",371863,2025-10-02 12:08:05,43.0473709106445,-9.30048847198486,"Unknown"
"7014854",371863,2025-10-02 14:09:05,43.0473785400391,-9.30052852630615,"Unknown"
"7014854",371863,2025-10-02 16:09:05,43.0473594665527,-9.30054664611816,"Unknown"
"7014854",371863,2025-10-02 22:08:15,43.0474853515625,-9.30057811737061,"Unknown"
"7014854",371863,2025-10-03 00:08:23,43.0474586486816,-9.30056381225586,"Unknown"
"7014854",371863,2025-10-03 02:08:06,43.0475158691406,-9.30050849914551,"Unknown"
"7014854",371863,2025-10-03 04:08:15,43.0475654602051,-9.30024909973145,"Unknown"
"7014854",371863,2025-10-03 06:08:16,43.0473213195801,-9.30048561096191,"Unknown"
"7014854",371863,2025-10-03 08:08:14,43.047233581543,-9.3007230758667,"Unknown"
"7014854",371863,2025-10-03 10:08:07,43.047420501709,-9.30040454864502,"Unknown"
"7014854",371863,2025-10-03 12:07:58,43.047233581543,-9.30077171325684,"Unknown"
"7014854",371863,2025-10-03 14:07:58,43.0471954345703,-9.30094432830811,"Unknown"
"7014854",371863,2025-10-03 16:07:46,43.047248840332,-9.30133628845215,"Unknown"
"7014854",371863,2025-10-03 18:08:06,43.0475425720215,-9.30032539367676,"Unknown"
"7014854",371863,2025-10-03 20:08:16,43.0471687316895,-9.300461769104,"Unknown"
"7014854",371863,2025-10-03 22:07:57,43.0473785400391,-9.30049514770508,"Unknown"
"7014854",371863,2025-10-04 00:08:22,43.0472373962402,-9.29935359954834,"Unknown"
"7014854",371863,2025-10-04 02:07:57,43.0478515625,-9.30076599121094,"Unknown"
"7014854",371863,2025-10-04 04:08:15,43.0477027893066,-9.30030727386475,"Unknown"
"7014854",371863,2025-10-04 06:08:16,43.0475044250488,-9.3003396987915,"Unknown"
"7014854",371863,2025-10-04 08:08:15,43.047306060791,-9.30075168609619,"Unknown"
"7014854",371863,2025-10-04 10:07:49,43.0474853515625,-9.30027103424072,"Unknown"
"7014854",371863,2025-10-04 12:08:05,43.0473937988281,-9.30048274993896,"Unknown"
"7014854",371863,2025-10-04 14:08:05,43.0473823547363,-9.30048751831055,"Unknown"
"7014854",371863,2025-10-04 16:08:00,43.047191619873,-9.30041408538818,"Unknown"
"7014854",371863,2025-10-04 18:08:05,43.0475273132324,-9.30059623718262,"Unknown"
"7014854",371863,2025-10-04 20:08:36,43.0473365783691,-9.30046272277832,"Unknown"
"7014854",371863,2025-10-04 22:07:58,43.0473518371582,-9.30055141448975,"Unknown"
"7014854",371863,2025-10-05 00:08:14,43.0473327636719,-9.3007230758667,"Unknown"
"7014854",371863,2025-10-05 02:08:05,43.0474395751953,-9.30066871643066,"Unknown"
"7014854",371863,2025-10-05 04:07:54,43.0473442077637,-9.30045223236084,"Unknown"
"7014854",371863,2025-10-05 06:08:14,43.0473709106445,-9.30046939849854,"Unknown"
"7014854",371863,2025-10-05 08:07:44,43.0474853515625,-9.30077457427979,"Unknown"
"7014854",371863,2025-10-05 10:08:11,43.0475387573242,-9.30045127868652,"Unknown"
"7014854",371863,2025-10-05 12:07:59,43.0475234985352,-9.30031299591064,"Unknown"
"7014854",371863,2025-10-05 14:08:05,43.0473899841309,-9.30036926269531,"Unknown"
"7014854",371863,2025-10-05 16:07:46,43.0472564697266,-9.30049896240234,"Unknown"
"7014854",371863,2025-10-05 18:08:07,43.047290802002,-9.30049610137939,"Unknown"
"7014854",371863,2025-10-05 20:09:05,43.04736328125,-9.30053997039795,"Unknown"
"7014854",371863,2025-10-05 22:08:08,43.0474319458008,-9.30062580108643,"Unknown"
"7014854",371863,2025-10-06 00:08:03,43.047534942627,-9.30039882659912,"Unknown"
"7014854",371863,2025-10-06 02:07:49,43.0474891662598,-9.30085849761963,"Unknown"
"7014854",371863,2025-10-06 04:08:13,43.0487098693848,-9.29968452453613,"Unknown"
"7014854",371863,2025-10-06 08:08:15,43.0473823547363,-9.30049991607666,"Unknown"
"7014854",371863,2025-10-06 10:08:16,43.0473022460938,-9.30069541931152,"Unknown"
"7014854",371863,2025-10-06 12:08:07,43.0474014282227,-9.30048751831055,"Unknown"
"7014854",371863,2025-10-06 14:08:05,43.0473594665527,-9.30059242248535,"Unknown"
"7014854",371863,2025-10-06 16:08:14,43.0473823547363,-9.30044078826904,"Unknown"
"7014854",371863,2025-10-06 18:08:16,43.0473442077637,-9.30026817321777,"Unknown"
"7014854",371863,2025-10-06 20:08:15,43.0476226806641,-9.30036354064941,"Unknown"
"7014854",371863,2025-10-06 22:08:14,43.0474319458008,-9.30055046081543,"Unknown"
"7014854",371863,2025-10-07 00:08:15,43.047306060791,-9.30055332183838,"Unknown"
"7014854",371863,2025-10-07 02:08:05,43.0477066040039,-9.30051898956299,"Unknown"
"7014854",371863,2025-10-07 04:08:53,43.047420501709,-9.30040740966797,"Unknown"
"7014854",371863,2025-10-07 06:08:53,43.0473976135254,-9.3004789352417,"Unknown"
"7014854",371863,2025-10-07 08:08:15,43.0473175048828,-9.3002758026123,"Unknown"
"7014854",371863,2025-10-07 10:09:07,43.0473556518555,-9.30056285858154,"Unknown"
"7014854",371863,2025-10-07 12:08:24,43.047290802002,-9.30075454711914,"Unknown"
"7014854",371863,2025-10-07 14:08:05,43.0474510192871,-9.30033016204834,"Unknown"
"7014854",371863,2025-10-07 16:08:05,43.047550201416,-9.30035305023193,"Unknown"
"7014854",371863,2025-10-07 18:08:15,43.0474090576172,-9.30008792877197,"Unknown"
"7014854",371863,2025-10-07 20:09:08,43.0473861694336,-9.30052280426025,"Unknown"
"7014854",371863,2025-10-07 22:08:16,43.0472221374512,-9.30083751678467,"Unknown"
"7014854",371863,2025-10-08 00:08:15,43.0472755432129,-9.30055999755859,"Unknown"
"7014854",371863,2025-10-08 02:08:07,43.0461807250977,-9.30082321166992,"Unknown"
"7014854",371863,2025-10-08 04:08:06,43.0473899841309,-9.30022430419922,"Unknown"
"7014854",371863,2025-10-08 06:08:05,43.0473670959473,-9.30048751831055,"Unknown"
"7014854",371863,2025-10-08 08:08:16,43.0477256774902,-9.29938411712646,"Unknown"
"7014854",371863,2025-10-08 10:09:08,43.0473785400391,-9.30053901672363,"Unknown"
"7014854",371863,2025-10-08 12:08:17,43.0475769042969,-9.30022144317627,"Unknown"
"7014854",371863,2025-10-08 14:09:08,43.0472145080566,-9.30052661895752,"Unknown"
"7014854",371863,2025-10-08 16:08:14,43.0474281311035,-9.300368309021,"Unknown"
"7014854",371863,2025-10-08 18:08:51,43.047435760498,-9.3004207611084,"Unknown"
"7014854",371863,2025-10-08 20:08:07,43.0472793579102,-9.30069255828857,"Unknown"
"7014854",371863,2025-10-08 22:09:08,43.0473136901855,-9.30066871643066,"Unknown"
"7014854",371863,2025-10-09 00:09:08,43.047420501709,-9.30046463012695,"Unknown"
"7014854",371863,2025-10-09 02:08:07,43.0472679138184,-9.30063915252686,"Unknown"
"7014854",371863,2025-10-09 04:08:10,43.0474090576172,-9.30043697357178,"Unknown"
"7014854",371863,2025-10-09 06:08:05,43.0473670959473,-9.30051231384277,"Unknown"
"7014854",371863,2025-10-09 08:09:05,43.0473670959473,-9.30056285858154,"Unknown"
"7014854",371863,2025-10-09 10:08:06,43.0474548339844,-9.30054569244385,"Unknown"
"7014854",371863,2025-10-09 14:08:06,43.04736328125,-9.30044174194336,"Unknown"
"7014854",371863,2025-10-09 16:08:14,43.0475769042969,-9.30036449432373,"Unknown"
"7014854",371863,2025-10-09 18:08:16,43.0472984313965,-9.3004264831543,"Unknown"
"7014854",371863,2025-10-09 20:09:08,43.0474090576172,-9.30039882659912,"Unknown"
"7014854",371863,2025-10-09 22:08:10,43.0473480224609,-9.3005485534668,"Unknown"
"7014854",371863,2025-10-10 00:09:08,43.0473709106445,-9.30043029785156,"Unknown"
"7014854",371863,2025-10-10 02:08:15,43.0474319458008,-9.30048847198486,"Unknown"
"7014854",371863,2025-10-10 04:08:19,43.0474319458008,-9.30036926269531,"Unknown"
"7014854",371863,2025-10-10 06:08:16,43.0473823547363,-9.30047416687012,"Unknown"
"7014854",371863,2025-10-10 08:08:16,43.0476379394531,-9.29983711242676,"Unknown"
"7014854",371863,2025-10-10 10:09:05,43.0473175048828,-9.30061721801758,"Unknown"
"7014854",371863,2025-10-10 12:08:16,43.0473251342773,-9.300537109375,"Unknown"
"7014854",371863,2025-10-10 14:08:44,43.0473976135254,-9.3005199432373,"Unknown"
"7014854",371863,2025-10-10 16:08:14,43.0473937988281,-9.30040264129639,"Unknown"
"7014854",371863,2025-10-10 18:08:16,43.0473747253418,-9.30021190643311,"Unknown"
"7014854",371863,2025-10-10 22:14:45,43.0475692749023,-9.30017757415771,"Unknown"
"7014854",371863,2025-10-11 00:15:44,43.0474128723145,-9.30036926269531,"Unknown"
"7014855",371852,2025-06-06 11:41:10,43.3594627380371,-8.84230804443359,"Unknown"
"7014855",371852,2025-06-06 12:01:17,43.3592491149902,-8.8422908782959,"Unknown"
"7014855",371852,2025-06-06 12:11:53,43.3593673706055,-8.8423490524292,"Unknown"
"7014855",371852,2025-06-06 12:21:06,43.3600959777832,-8.84290504455566,"Unknown"
"7014855",371852,2025-06-06 12:31:07,43.3601226806641,-8.84283638000488,"Unknown"
"7014855",371852,2025-06-06 12:41:07,43.359935760498,-8.84260654449463,"Unknown"
"7014855",371852,2025-06-06 12:51:07,43.3599510192871,-8.8430233001709,"Unknown"
"7014855",371852,2025-06-06 13:01:07,43.3601493835449,-8.84279537200928,"Unknown"
"7014855",371852,2025-06-06 13:11:07,43.3598175048828,-8.84283638000488,"Unknown"
"7014855",371852,2025-06-06 13:21:06,43.3601264953613,-8.84286880493164,"Unknown"
"7014855",371852,2025-06-06 13:26:07,43.3600463867188,-8.84268379211426,"Unknown"
"7014855",371852,2025-06-06 13:36:07,43.3600196838379,-8.84308528900146,"Unknown"
"7014855",371852,2025-06-06 13:41:06,43.3601760864258,-8.84259700775146,"Unknown"
"7014855",371852,2025-06-06 13:46:07,43.359935760498,-8.84314823150635,"Unknown"
"7014855",371852,2025-06-06 13:51:06,43.3599395751953,-8.84315967559814,"Unknown"
"7014855",371852,2025-06-06 13:56:06,43.3598861694336,-8.84319019317627,"Unknown"
"7014855",371852,2025-06-06 14:01:06,43.3600730895996,-8.84311008453369,"Unknown"
"7014855",371852,2025-06-06 14:06:06,43.3600616455078,-8.84318828582764,"Unknown"
"7014855",371852,2025-06-06 14:11:07,43.3601150512695,-8.84318161010742,"Unknown"
"7014855",371852,2025-06-06 14:16:08,43.3599700927734,-8.84301567077637,"Unknown"
"7014855",371852,2025-06-06 14:21:07,43.3602256774902,-8.8429536819458,"Unknown"
"7014855",371852,2025-06-06 14:26:07,43.359935760498,-8.84315967559814,"Unknown"
"7014855",371852,2025-06-06 14:31:07,43.3602905273438,-8.84313011169434,"Unknown"
"7014855",371852,2025-06-06 14:36:06,43.3603782653809,-8.84324550628662,"Unknown"
"7014855",371852,2025-06-06 14:41:06,43.3600845336914,-8.8429479598999,"Unknown"
"7014855",371852,2025-06-06 14:46:09,43.3602828979492,-8.84297943115234,"Unknown"
"7014855",371852,2025-06-06 14:51:06,43.3602600097656,-8.84288215637207,"Unknown"
"7014855",371852,2025-06-06 14:56:07,43.3601341247559,-8.84302806854248,"Unknown"
"7014855",371852,2025-06-06 15:01:07,43.3602867126465,-8.8425817489624,"Unknown"
"7014855",371852,2025-06-06 15:06:07,43.360424041748,-8.84308338165283,"Unknown"
"7014855",371852,2025-06-06 15:11:07,43.3602523803711,-8.84275913238525,"Unknown"
"7014855",371852,2025-06-06 15:16:07,43.3602676391602,-8.84279823303223,"Unknown"
"7014855",371852,2025-06-06 15:21:07,43.3602752685547,-8.84270191192627,"Unknown"
"7014855",371852,2025-06-06 15:26:05,43.3604927062988,-8.84267616271973,"Unknown"
"7014855",371852,2025-06-06 15:31:07,43.3603057861328,-8.84286594390869,"Unknown"
"7014855",371852,2025-06-06 15:36:06,43.3603553771973,-8.84289073944092,"Unknown"
"7014855",371852,2025-06-06 15:41:06,43.3603401184082,-8.84281826019287,"Unknown"
"7014855",371852,2025-06-06 15:46:07,43.3602828979492,-8.84303283691406,"Unknown"
"7014855",371852,2025-06-06 15:51:06,43.3602600097656,-8.84279441833496,"Unknown"
"7014855",371852,2025-06-06 15:56:08,43.3603172302246,-8.84288692474365,"Unknown"
"7014855",371852,2025-06-06 16:01:07,43.3604736328125,-8.84296798706055,"Unknown"
"7014855",371852,2025-06-06 16:06:06,43.3603096008301,-8.84290885925293,"Unknown"
"7014855",371852,2025-06-06 16:11:07,43.3602142333984,-8.84304237365723,"Unknown"
"7014855",371852,2025-06-06 16:16:05,43.360279083252,-8.84292507171631,"Unknown"
"7014855",371852,2025-06-06 16:21:07,43.360237121582,-8.84288024902344,"Unknown"
"7014855",371852,2025-06-06 16:26:07,43.3602905273438,-8.84296131134033,"Unknown"
"7014855",371852,2025-06-06 16:31:07,43.3602561950684,-8.84287643432617,"Unknown"
"7014855",371852,2025-06-06 16:36:06,43.360237121582,-8.84290790557861,"Unknown"
"7014855",371852,2025-06-06 16:41:05,43.3601036071777,-8.84294414520264,"Unknown"
"7014855",371852,2025-06-06 16:46:08,43.3603172302246,-8.84307861328125,"Unknown"
"7014855",371852,2025-06-06 16:51:06,43.360221862793,-8.84307956695557,"Unknown"
"7014855",371852,2025-06-06 16:56:09,43.3602142333984,-8.843092918396,"Unknown"
"7014855",371852,2025-06-06 17:01:06,43.3602027893066,-8.84312343597412,"Unknown"
"7014855",371852,2025-06-06 17:06:06,43.360408782959,-8.84311676025391,"Unknown"
"7014855",371852,2025-06-06 17:11:10,43.3603439331055,-8.84321308135986,"Unknown"
"7014855",371852,2025-06-06 17:16:06,43.3602714538574,-8.84303188323975,"Unknown"
"7014855",371852,2025-06-06 17:21:06,43.3603668212891,-8.84340858459473,"Unknown"
"7014855",371852,2025-06-06 17:26:05,43.3601303100586,-8.84319591522217,"Unknown"
"7014855",371852,2025-06-06 17:31:10,43.3603591918945,-8.8432445526123,"Unknown"
"7014855",371852,2025-06-06 17:36:10,43.3603439331055,-8.843186378479,"Unknown"
"7014855",371852,2025-06-06 17:41:06,43.3603019714355,-8.84332656860352,"Unknown"
"7014855",371852,2025-06-06 17:46:06,43.3602333068848,-8.84338474273682,"Unknown"
"7014855",371852,2025-06-06 17:51:08,43.3601188659668,-8.84315872192383,"Unknown"
"7014855",371852,2025-06-06 17:56:09,43.3602027893066,-8.84331798553467,"Unknown"
"7014855",371852,2025-06-06 18:01:06,43.3601417541504,-8.84329700469971,"Unknown"
"7014855",371852,2025-06-06 18:06:06,43.3602523803711,-8.84314346313477,"Unknown"
"7014855",371852,2025-06-06 18:11:09,43.360237121582,-8.843092918396,"Unknown"
"7014855",371852,2025-06-06 18:16:05,43.3602447509766,-8.84321022033691,"Unknown"
"7014855",371852,2025-06-06 18:21:06,43.3602561950684,-8.8430643081665,"Unknown"
"7014855",371852,2025-06-06 18:26:09,43.3602676391602,-8.84302043914795,"Unknown"
"7014855",371852,2025-06-06 18:31:08,43.3602600097656,-8.8431396484375,"Unknown"
"7014855",371852,2025-06-06 18:36:06,43.3602905273438,-8.84316253662109,"Unknown"
"7014855",371852,2025-06-06 18:41:07,43.3601570129395,-8.84312152862549,"Unknown"
"7014855",371852,2025-06-06 18:46:09,43.360179901123,-8.8431453704834,"Unknown"
"7014855",371852,2025-06-06 18:51:06,43.3601722717285,-8.84320545196533,"Unknown"
"7014855",371852,2025-06-06 18:56:05,43.3602485656738,-8.84315776824951,"Unknown"
"7014855",371852,2025-06-06 19:01:05,43.3603286743164,-8.84319972991943,"Unknown"
"7014855",371852,2025-06-06 19:06:06,43.3601150512695,-8.84318256378174,"Unknown"
"7014855",371852,2025-06-06 19:11:07,43.3601760864258,-8.84313201904297,"Unknown"
"7014855",371852,2025-06-06 19:16:06,43.3601684570312,-8.8431978225708,"Unknown"
"7014855",371852,2025-06-06 19:21:08,43.3602180480957,-8.84314441680908,"Unknown"
"7014855",371852,2025-06-06 19:26:09,43.3603286743164,-8.84315967559814,"Unknown"
"7014855",371852,2025-06-06 19:31:07,43.3600883483887,-8.84310245513916,"Unknown"
"7014855",371852,2025-06-06 19:36:07,43.3601684570312,-8.84319400787354,"Unknown"
"7014855",371852,2025-06-06 19:41:14,43.3600616455078,-8.84318542480469,"Unknown"
"7014855",371852,2025-06-06 19:46:06,43.3600044250488,-8.84313201904297,"Unknown"
"7014855",371852,2025-06-06 19:51:06,43.3601264953613,-8.84327030181885,"Unknown"
"7014855",371852,2025-06-06 19:56:06,43.3602180480957,-8.84312057495117,"Unknown"
"7014855",371852,2025-06-06 20:01:06,43.360164642334,-8.84325981140137,"Unknown"
"7014855",371852,2025-06-06 20:06:06,43.3600692749023,-8.84322547912598,"Unknown"
"7014855",371852,2025-06-06 20:11:07,43.3601417541504,-8.84293365478516,"Unknown"
"7014855",371852,2025-06-06 20:16:06,43.3598594665527,-8.84316158294678,"Unknown"
"7014855",371852,2025-06-06 20:21:10,43.360179901123,-8.84342193603516,"Unknown"
"7014855",371852,2025-06-06 20:26:07,43.3600273132324,-8.84351921081543,"Unknown"
"7014855",371852,2025-06-06 20:31:08,43.3600654602051,-8.84340667724609,"Unknown"
"7014855",371852,2025-06-06 20:36:06,43.3599472045898,-8.84321784973145,"Unknown"
"7014855",371852,2025-06-06 20:41:09,43.3602066040039,-8.84316253662109,"Unknown"
"7014855",371852,2025-06-06 20:46:06,43.3602447509766,-8.84319019317627,"Unknown"
"7014855",371852,2025-06-06 20:51:07,43.3602905273438,-8.84319019317627,"Unknown"
"7014855",371852,2025-06-06 20:56:07,43.3602485656738,-8.84326362609863,"Unknown"
"7014855",371852,2025-06-06 21:01:07,43.3602676391602,-8.84317874908447,"Unknown"
"7014855",371852,2025-06-06 21:06:06,43.3603019714355,-8.84318161010742,"Unknown"
"7014855",371852,2025-06-06 21:11:07,43.3603096008301,-8.84316062927246,"Unknown"
"7014855",371852,2025-06-06 21:16:06,43.360294342041,-8.84313297271729,"Unknown"
"7014855",371852,2025-06-06 21:21:06,43.3602294921875,-8.84312152862549,"Unknown"
"7014855",371852,2025-06-06 21:26:06,43.3602294921875,-8.84316349029541,"Unknown"
"7014855",371852,2025-06-06 21:31:06,43.360221862793,-8.84313869476318,"Unknown"
"7014855",371852,2025-06-06 21:36:05,43.3602333068848,-8.84314060211182,"Unknown"
"7014855",371852,2025-06-06 21:41:06,43.3602447509766,-8.84313201904297,"Unknown"
"7014855",371852,2025-06-06 21:46:06,43.3602066040039,-8.84312629699707,"Unknown"
"7014855",371852,2025-06-06 21:51:05,43.3602333068848,-8.84312057495117,"Unknown"
"7014855",371852,2025-06-06 21:56:05,43.3602485656738,-8.84313297271729,"Unknown"
"7014855",371852,2025-06-06 22:01:06,43.3602752685547,-8.84307479858398,"Unknown"
"7014855",371852,2025-06-06 22:06:05,43.3601455688477,-8.84298992156982,"Unknown"
"7014855",371852,2025-06-06 22:11:07,43.360237121582,-8.84307861328125,"Unknown"
"7014855",371852,2025-06-06 22:16:06,43.3602600097656,-8.84308624267578,"Unknown"
"7014855",371852,2025-06-06 22:21:06,43.3603210449219,-8.84316539764404,"Unknown"
"7014855",371852,2025-06-06 22:26:05,43.3601341247559,-8.84288787841797,"Unknown"
"7014855",371852,2025-06-06 22:31:05,43.3598976135254,-8.84274864196777,"Unknown"
"7014855",371852,2025-06-06 22:36:07,43.3601379394531,-8.84293842315674,"Unknown"
"7014855",371852,2025-06-06 22:41:07,43.3601913452148,-8.84298801422119,"Unknown"
"7014855",371852,2025-06-06 22:46:05,43.3596153259277,-8.84241104125977,"Unknown"
"7014855",371852,2025-06-06 22:51:06,43.3601760864258,-8.84298229217529,"Unknown"
"7014855",371852,2025-06-06 22:56:05,43.3602180480957,-8.84308528900146,"Unknown"
"7014855",371852,2025-06-06 23:01:07,43.3601455688477,-8.84293556213379,"Unknown"
"7014855",371852,2025-06-06 23:06:06,43.3602485656738,-8.84301280975342,"Unknown"
"7014855",371852,2025-06-06 23:11:06,43.3601570129395,-8.84283924102783,"Unknown"
"7014855",371852,2025-06-06 23:16:07,43.3594284057617,-8.84291172027588,"Unknown"
"7014855",371852,2025-06-06 23:21:06,43.3601531982422,-8.84292411804199,"Unknown"
"7014855",371852,2025-06-06 23:26:06,43.3599967956543,-8.8429126739502,"Unknown"
"7014855",371852,2025-06-06 23:31:07,43.3602256774902,-8.84301280975342,"Unknown"
"7014855",371852,2025-06-06 23:36:07,43.3600807189941,-8.8428316116333,"Unknown"
"7014855",371852,2025-06-06 23:41:06,43.3601379394531,-8.84291458129883,"Unknown"
"7014855",371852,2025-06-06 23:46:06,43.3601303100586,-8.84261798858643,"Unknown"
"7014855",371852,2025-06-06 23:51:06,43.3601379394531,-8.8427152633667,"Unknown"
"7014855",371852,2025-06-06 23:56:07,43.3601684570312,-8.8429126739502,"Unknown"
"7014855",371852,2025-06-07 00:01:07,43.3602104187012,-8.84293079376221,"Unknown"
"7014855",371852,2025-06-07 00:06:05,43.360164642334,-8.84276103973389,"Unknown"
"7014855",371852,2025-06-07 00:11:06,43.3601531982422,-8.84296131134033,"Unknown"
"7014855",371852,2025-06-07 00:16:06,43.3602294921875,-8.84285449981689,"Unknown"
"7014855",371852,2025-06-07 00:21:06,43.3601531982422,-8.84286975860596,"Unknown"
"7014855",371852,2025-06-07 00:26:06,43.3601608276367,-8.84288311004639,"Unknown"
"7014855",371852,2025-06-07 00:31:06,43.3601989746094,-8.84284782409668,"Unknown"
"7014855",371852,2025-06-07 00:36:07,43.3603057861328,-8.84293174743652,"Unknown"
"7014855",371852,2025-06-07 00:41:07,43.3601722717285,-8.84281444549561,"Unknown"
"7014855",371852,2025-06-07 00:46:06,43.3601684570312,-8.84289073944092,"Unknown"
"7014855",371852,2025-06-07 00:51:07,43.3601379394531,-8.84286499023438,"Unknown"
"7014855",371852,2025-06-07 00:56:07,43.3602905273438,-8.84294414520264,"Unknown"
"7014855",371852,2025-06-07 01:01:07,43.3601989746094,-8.84300231933594,"Unknown"
"7014855",371852,2025-06-07 01:06:05,43.3602981567383,-8.84304904937744,"Unknown"
"7014855",371852,2025-06-07 01:11:05,43.360294342041,-8.84305858612061,"Unknown"
"7014855",371852,2025-06-07 01:16:06,43.3601989746094,-8.84303569793701,"Unknown"
"7014855",371852,2025-06-07 01:21:05,43.3604011535645,-8.84318161010742,"Unknown"
"7014855",371852,2025-06-07 01:26:05,43.3603858947754,-8.84319019317627,"Unknown"
"7014855",371852,2025-06-07 01:31:05,43.3605270385742,-8.84326171875,"Unknown"
"7014855",371852,2025-06-07 01:36:07,43.3602294921875,-8.84313297271729,"Unknown"
"7014855",371852,2025-06-07 01:41:06,43.3600959777832,-8.84306335449219,"Unknown"
"7014855",371852,2025-06-07 01:46:06,43.3601722717285,-8.84313678741455,"Unknown"
"7014855",371852,2025-06-07 01:51:07,43.3600807189941,-8.84317779541016,"Unknown"
"7014855",371852,2025-06-07 01:56:08,43.3601188659668,-8.84316730499268,"Unknown"
"7014855",371852,2025-06-07 02:01:06,43.3602066040039,-8.843092918396,"Unknown"
"7014855",371852,2025-06-07 02:06:07,43.3603019714355,-8.84299278259277,"Unknown"
"7014855",371852,2025-06-07 02:11:05,43.3602714538574,-8.8431568145752,"Unknown"
"7014855",371852,2025-06-07 02:16:06,43.3602905273438,-8.84309673309326,"Unknown"
"7014855",371852,2025-06-07 02:21:05,43.3601951599121,-8.84316539764404,"Unknown"
"7014855",371852,2025-06-07 02:26:06,43.3602485656738,-8.84304904937744,"Unknown"
"7014855",371852,2025-06-07 02:31:08,43.3602409362793,-8.84315490722656,"Unknown"
"7014855",371852,2025-06-07 02:36:07,43.3601989746094,-8.8431510925293,"Unknown"
"7014855",371852,2025-06-07 02:41:06,43.3600997924805,-8.84316921234131,"Unknown"
"7014855",371852,2025-06-07 02:46:06,43.3602142333984,-8.84311580657959,"Unknown"
"7014855",371852,2025-06-07 02:51:07,43.3601837158203,-8.84312915802002,"Unknown"
"7014855",371852,2025-06-07 02:56:06,43.3602142333984,-8.84311199188232,"Unknown"
"7014855",371852,2025-06-07 03:01:06,43.360221862793,-8.84313774108887,"Unknown"
"7014855",371852,2025-06-07 03:06:06,43.3602447509766,-8.84311199188232,"Unknown"
"7014855",371852,2025-06-07 03:11:06,43.360221862793,-8.84307765960693,"Unknown"
"7014855",371852,2025-06-07 03:16:06,43.3602256774902,-8.84312152862549,"Unknown"
"7014855",371852,2025-06-07 03:21:06,43.3602256774902,-8.84311771392822,"Unknown"
"7014855",371852,2025-06-07 03:26:08,43.3601913452148,-8.84308528900146,"Unknown"
"7014855",371852,2025-06-07 03:31:06,43.3601989746094,-8.84302711486816,"Unknown"
"7014855",371852,2025-06-07 03:36:06,43.3601913452148,-8.84303569793701,"Unknown"
"7014855",371852,2025-06-07 03:41:06,43.3601837158203,-8.84305953979492,"Unknown"
"7014855",371852,2025-06-07 03:46:09,43.3603248596191,-8.84320545196533,"Unknown"
"7014855",371852,2025-06-07 03:51:08,43.3606071472168,-8.84335613250732,"Unknown"
"7014855",371852,2025-06-07 03:56:10,43.3601951599121,-8.84304428100586,"Unknown"
"7014855",371852,2025-06-07 04:01:11,43.3601417541504,-8.8430700302124,"Unknown"
"7014855",371852,2025-06-07 04:06:07,43.3601875305176,-8.84302234649658,"Unknown"
"7014855",371852,2025-06-07 04:11:06,43.3602142333984,-8.84312057495117,"Unknown"
"7014855",371852,2025-06-07 04:16:06,43.3601875305176,-8.84310245513916,"Unknown"
"7014855",371852,2025-06-07 04:21:06,43.3601226806641,-8.84309387207031,"Unknown"
"7014855",371852,2025-06-07 04:26:06,43.360294342041,-8.84294986724854,"Unknown"
"7014855",371852,2025-06-07 04:31:07,43.3602714538574,-8.84302425384521,"Unknown"
"7014855",371852,2025-06-07 04:36:06,43.3603515625,-8.8430814743042,"Unknown"
"7014855",371852,2025-06-07 04:41:07,43.3603096008301,-8.84305763244629,"Unknown"
"7014855",371852,2025-06-07 04:46:09,43.3603935241699,-8.84307479858398,"Unknown"
"7014855",371852,2025-06-07 04:51:07,43.3603591918945,-8.84307384490967,"Unknown"
"7014855",371852,2025-06-07 04:56:08,43.3603897094727,-8.84303760528564,"Unknown"
"7014855",371852,2025-06-07 05:01:09,43.3599739074707,-8.84318733215332,"Unknown"
"7014855",371852,2025-06-07 05:06:09,43.3602561950684,-8.84312915802002,"Unknown"
"7014855",371852,2025-06-07 05:16:11,43.3601264953613,-8.84326839447021,"Unknown"
"7014855",371852,2025-06-07 05:21:12,43.3600311279297,-8.84325313568115,"Unknown"
"7014855",371852,2025-06-07 05:31:10,43.3599700927734,-8.84309864044189,"Unknown"
"7014855",371852,2025-06-07 05:36:08,43.3599700927734,-8.84309864044189,"Unknown"
"7014855",371852,2025-06-07 05:46:12,43.360179901123,-8.8436450958252,"Unknown"
"7014855",371852,2025-06-07 05:51:10,43.3600082397461,-8.8432502746582,"Unknown"
"7014855",371852,2025-06-07 06:01:06,43.3600273132324,-8.84306335449219,"Unknown"
"7014855",371852,2025-06-07 06:06:07,43.3601875305176,-8.84294986724854,"Unknown"
"7014855",371852,2025-06-07 06:11:06,43.3599510192871,-8.84331035614014,"Unknown"
"7014855",371852,2025-06-07 06:16:07,43.3599243164062,-8.84296417236328,"Unknown"
"7014855",371852,2025-06-07 06:21:11,43.3599014282227,-8.84337425231934,"Unknown"
"7014855",371852,2025-06-07 06:26:07,43.3599014282227,-8.84291744232178,"Unknown"
"7014855",371852,2025-06-07 06:31:13,43.3597526550293,-8.84285259246826,"Unknown"
"7014855",371852,2025-06-07 06:36:08,43.3598098754883,-8.84298324584961,"Unknown"
"7014855",371852,2025-06-07 06:41:07,43.3600044250488,-8.84305858612061,"Unknown"
"7014855",371852,2025-06-07 06:46:07,43.3601722717285,-8.8433666229248,"Unknown"
"7014855",371852,2025-06-07 06:51:09,43.3600273132324,-8.84330940246582,"Unknown"
"7014855",371852,2025-06-07 06:56:07,43.3600273132324,-8.84327507019043,"Unknown"
"7014855",371852,2025-06-07 07:01:09,43.359935760498,-8.84323978424072,"Unknown"
"7014855",371852,2025-06-07 07:06:06,43.3600158691406,-8.84322643280029,"Unknown"
"7014855",371852,2025-06-07 07:11:07,43.3599739074707,-8.84317493438721,"Unknown"
"7014855",371852,2025-06-07 07:16:08,43.3599052429199,-8.84317779541016,"Unknown"
"7014855",371852,2025-06-07 07:21:08,43.3600196838379,-8.84321022033691,"Unknown"
"7014855",371852,2025-06-07 07:26:06,43.3598556518555,-8.84308052062988,"Unknown"
"7014855",371852,2025-06-07 07:31:09,43.3600730895996,-8.84340190887451,"Unknown"
"7014855",371852,2025-06-07 07:36:07,43.3603897094727,-8.84313583374023,"Unknown"
"7014855",371852,2025-06-07 07:41:07,43.3605918884277,-8.84311866760254,"Unknown"
"7014855",371852,2025-06-07 07:46:07,43.3605651855469,-8.84309196472168,"Unknown"
"7014855",371852,2025-06-07 07:51:10,43.3608512878418,-8.84282493591309,"Unknown"
"7014855",371852,2025-06-07 07:56:06,43.3608207702637,-8.84285736083984,"Unknown"
"7014855",371852,2025-06-07 08:01:07,43.3607597351074,-8.84288024902344,"Unknown"
"7014855",371852,2025-06-07 08:06:07,43.360652923584,-8.84290599822998,"Unknown"
"7014855",371852,2025-06-07 08:11:06,43.3606452941895,-8.84288883209229,"Unknown"
"7014855",371852,2025-06-07 08:16:07,43.3609657287598,-8.84375667572021,"Unknown"
"7014855",371852,2025-06-07 08:21:09,43.3600845336914,-8.84293842315674,"Unknown"
"7014855",371852,2025-06-07 08:26:07,43.3604049682617,-8.84296131134033,"Unknown"
"7014855",371852,2025-06-07 08:31:06,43.3604545593262,-8.84282779693604,"Unknown"
"7014855",371852,2025-06-07 08:36:06,43.3604469299316,-8.84296798706055,"Unknown"
"7014855",371852,2025-06-07 08:41:10,43.3605918884277,-8.84285259246826,"Unknown"
"7014855",371852,2025-06-07 08:46:06,43.3598594665527,-8.84359741210938,"Unknown"
"7014855",371852,2025-06-07 08:51:05,43.3602600097656,-8.84278297424316,"Unknown"
"7014855",371852,2025-06-07 08:56:07,43.3602485656738,-8.84284591674805,"Unknown"
"7014855",371852,2025-06-07 09:01:06,43.3603706359863,-8.84435749053955,"Unknown"
"7014855",371852,2025-06-07 09:06:07,43.3603744506836,-8.84420299530029,"Unknown"
"7014855",371852,2025-06-07 09:11:07,43.3602905273438,-8.84365844726562,"Unknown"
"7014855",371852,2025-06-07 09:16:06,43.359977722168,-8.8430643081665,"Unknown"
"7014855",371852,2025-06-07 09:21:07,43.359619140625,-8.8454761505127,"Unknown"
"7014855",371852,2025-06-07 09:26:13,43.3602523803711,-8.84307861328125,"Unknown"
"7014855",371852,2025-06-07 09:31:13,43.360221862793,-8.84303951263428,"Unknown"
"7014855",371852,2025-06-07 09:36:11,43.3601913452148,-8.84303283691406,"Unknown"
"7014855",371852,2025-06-07 09:41:08,43.3601989746094,-8.84298133850098,"Unknown"
"7014855",371852,2025-06-07 09:46:07,43.360164642334,-8.84285163879395,"Unknown"
"7014855",371852,2025-06-07 09:51:07,43.3600578308105,-8.84279823303223,"Unknown"
"7014855",371852,2025-06-07 09:56:05,43.3600730895996,-8.84253025054932,"Unknown"
"7014855",371852,2025-06-07 10:01:06,43.3601379394531,-8.84256267547607,"Unknown"
"7014855",371852,2025-06-07 10:06:31,43.3593101501465,-8.84249019622803,"Unknown"
"7014855",371852,2025-06-07 10:11:09,43.3595314025879,-8.84376239776611,"Unknown"
"7014855",371852,2025-06-07 10:16:08,43.3590698242188,-8.84304618835449,"Unknown"
"7014855",371852,2025-06-07 10:21:08,43.3595390319824,-8.84625148773193,"Unknown"
"7014855",371852,2025-06-07 10:26:07,43.3593940734863,-8.84638690948486,"Unknown"
"7014855",371852,2025-06-07 10:31:10,43.3590354919434,-8.84247016906738,"Unknown"
"7014855",371852,2025-06-07 10:36:35,43.359920501709,-8.84321022033691,"Unknown"
"7014855",371852,2025-06-07 10:41:07,43.3598403930664,-8.84317207336426,"Unknown"
"7014855",371852,2025-06-07 10:46:07,43.3599548339844,-8.84323310852051,"Unknown"
"7014855",371852,2025-06-07 10:51:05,43.3599739074707,-8.84314441680908,"Unknown"
"7014855",371852,2025-06-07 10:56:06,43.3600463867188,-8.84306240081787,"Unknown"
"7014855",371852,2025-06-07 11:01:06,43.3599967956543,-8.84310626983643,"Unknown"
"7014855",371852,2025-06-07 11:06:07,43.359992980957,-8.84306907653809,"Unknown"
"7014855",371852,2025-06-07 11:11:05,43.3599739074707,-8.84309864044189,"Unknown"
"7014855",371852,2025-06-07 11:16:05,43.3599548339844,-8.84308815002441,"Unknown"
"7014855",371852,2025-06-07 11:21:06,43.3600196838379,-8.84315967559814,"Unknown"
"7014855",371852,2025-06-07 11:26:06,43.3600769042969,-8.84310913085938,"Unknown"
"7014855",371852,2025-06-07 11:31:05,43.3599624633789,-8.84319591522217,"Unknown"
"7014855",371852,2025-06-07 11:36:05,43.3600120544434,-8.84302139282227,"Unknown"
"7014855",371852,2025-06-07 11:41:06,43.3600845336914,-8.84296703338623,"Unknown"
"7014855",371852,2025-06-07 11:46:06,43.3600387573242,-8.8430004119873,"Unknown"
"7014855",371852,2025-06-07 11:51:06,43.3600997924805,-8.84296607971191,"Unknown"
"7014855",371852,2025-06-07 11:56:06,43.3600921630859,-8.8429012298584,"Unknown"
"7014855",371852,2025-06-07 12:01:06,43.3600807189941,-8.84281444549561,"Unknown"
"7014855",371852,2025-06-07 12:06:06,43.3600425720215,-8.84278869628906,"Unknown"
"7014855",371852,2025-06-07 12:11:05,43.3599853515625,-8.84309005737305,"Unknown"
"7014855",371852,2025-06-07 12:16:05,43.3600692749023,-8.84248065948486,"Unknown"
"7014855",371852,2025-06-07 12:21:06,43.3600425720215,-8.84243583679199,"Unknown"
"7014855",371852,2025-06-07 12:26:05,43.3600311279297,-8.84256649017334,"Unknown"
"7014855",371852,2025-06-07 12:31:07,43.360237121582,-8.84316253662109,"Unknown"
"7014855",371852,2025-06-07 12:36:04,43.3602294921875,-8.84302616119385,"Unknown"
"7014855",371852,2025-06-07 12:41:04,43.3602638244629,-8.8432149887085,"Unknown"
"7014855",371852,2025-06-07 12:46:05,43.3602027893066,-8.84314918518066,"Unknown"
"7014855",371852,2025-06-07 12:51:04,43.3601951599121,-8.84288597106934,"Unknown"
"7014855",371852,2025-06-07 12:56:05,43.3602447509766,-8.84301948547363,"Unknown"
"7014855",371852,2025-06-07 13:01:08,43.3599472045898,-8.84266376495361,"Unknown"
"7014855",371852,2025-06-07 13:06:09,43.3600006103516,-8.84285259246826,"Unknown"
"7014855",371852,2025-06-07 13:11:09,43.3602180480957,-8.8428955078125,"Unknown"
"7014855",371852,2025-06-07 13:16:10,43.3597679138184,-8.84258079528809,"Unknown"
"7014855",371852,2025-06-07 13:21:06,43.3599624633789,-8.84300899505615,"Unknown"
"7014855",371852,2025-06-07 13:26:07,43.3603057861328,-8.84303569793701,"Unknown"
"7014855",371852,2025-06-07 13:31:06,43.3601875305176,-8.84323596954346,"Unknown"
"7014855",371852,2025-06-07 13:36:06,43.3603782653809,-8.8430643081665,"Unknown"
"7014855",371852,2025-06-07 13:41:10,43.3598709106445,-8.84285831451416,"Unknown"
"7014855",371852,2025-06-07 13:46:08,43.3604125976562,-8.84321308135986,"Unknown"
"7014855",371852,2025-06-07 13:51:33,43.3601379394531,-8.84300994873047,"Unknown"
"7014855",371852,2025-06-07 13:56:06,43.3600463867188,-8.84311771392822,"Unknown"
"7014855",371852,2025-06-07 14:01:06,43.3600044250488,-8.84283256530762,"Unknown"
"7014855",371852,2025-06-07 14:06:06,43.3600692749023,-8.84304237365723,"Unknown"
"7014855",371852,2025-06-07 14:11:06,43.3600921630859,-8.84307384490967,"Unknown"
"7014855",371852,2025-06-07 14:16:06,43.3600921630859,-8.84305286407471,"Unknown"
"7014855",371852,2025-06-07 14:21:06,43.3601188659668,-8.84304523468018,"Unknown"
"7014855",371852,2025-06-07 14:26:06,43.3601264953613,-8.84304046630859,"Unknown"
"7014855",371852,2025-06-07 14:31:06,43.3600578308105,-8.8430814743042,"Unknown"
"7014855",371852,2025-06-07 14:36:06,43.360107421875,-8.84300422668457,"Unknown"
"7014855",371852,2025-06-07 14:41:05,43.3601036071777,-8.8430757522583,"Unknown"
"7014855",371852,2025-06-07 14:46:06,43.3601951599121,-8.84300804138184,"Unknown"
"7014855",371852,2025-06-07 14:51:05,43.3600997924805,-8.84297275543213,"Unknown"
"7014855",371852,2025-06-07 14:56:06,43.3600196838379,-8.84311199188232,"Unknown"
"7014855",371852,2025-06-07 15:01:07,43.3601303100586,-8.84308528900146,"Unknown"
"7014855",371852,2025-06-07 15:06:05,43.360107421875,-8.8430700302124,"Unknown"
"7014855",371852,2025-06-07 15:11:07,43.3599853515625,-8.84304904937744,"Unknown"
"7014855",371852,2025-06-07 15:16:06,43.3600730895996,-8.84303379058838,"Unknown"
"7014855",371852,2025-06-07 15:21:06,43.3599548339844,-8.84297370910645,"Unknown"
"7014855",371852,2025-06-07 15:26:06,43.3600463867188,-8.84302616119385,"Unknown"
"7014855",371852,2025-06-07 15:31:06,43.3600883483887,-8.84307289123535,"Unknown"
"7014855",371852,2025-06-07 15:36:06,43.3600730895996,-8.84305477142334,"Unknown"
"7014855",371852,2025-06-07 15:41:07,43.3600692749023,-8.84300231933594,"Unknown"
"7014855",371852,2025-06-07 15:46:07,43.3601341247559,-8.84306240081787,"Unknown"
"7014855",371852,2025-06-07 15:51:06,43.3601341247559,-8.84308624267578,"Unknown"
"7014855",371852,2025-06-07 15:56:06,43.3601989746094,-8.84310340881348,"Unknown"
"7014855",371852,2025-06-07 16:01:06,43.359992980957,-8.84306621551514,"Unknown"
"7014855",371852,2025-06-07 16:06:11,43.3600044250488,-8.84309005737305,"Unknown"
"7014855",371852,2025-06-07 16:11:08,43.3600997924805,-8.84316539764404,"Unknown"
"7014855",371852,2025-06-07 16:16:09,43.3599586486816,-8.84315586090088,"Unknown"
"7014855",371852,2025-06-07 16:21:21,43.3599891662598,-8.84307670593262,"Unknown"
"7014855",371852,2025-06-07 16:26:07,43.3598480224609,-8.84290790557861,"Unknown"
"7014855",371852,2025-06-07 16:31:11,43.3599433898926,-8.8430347442627,"Unknown"
"7014855",371852,2025-06-07 16:36:33,43.3600273132324,-8.84311199188232,"Unknown"
"7014855",371852,2025-06-07 16:41:06,43.3601188659668,-8.84318447113037,"Unknown"
"7014855",371852,2025-06-07 16:46:05,43.3599967956543,-8.84290599822998,"Unknown"
"7014855",371852,2025-06-07 16:51:07,43.3601226806641,-8.84312915802002,"Unknown"
"7014855",371852,2025-06-07 16:56:06,43.3600540161133,-8.84303665161133,"Unknown"
"7014855",371852,2025-06-07 17:01:07,43.3601417541504,-8.84311199188232,"Unknown"
"7014855",371852,2025-06-07 17:06:07,43.3601875305176,-8.84317874908447,"Unknown"
"7014855",371852,2025-06-07 17:11:09,43.3600463867188,-8.84314823150635,"Unknown"
"7014855",371852,2025-06-07 17:16:13,43.3601341247559,-8.8431568145752,"Unknown"
"7014855",371852,2025-06-07 17:21:11,43.3600959777832,-8.84316253662109,"Unknown"
"7014855",371852,2025-06-07 17:26:09,43.3600540161133,-8.84322547912598,"Unknown"
"7014855",371852,2025-06-07 17:31:10,43.3601188659668,-8.84326553344727,"Unknown"
"7014855",371852,2025-06-07 17:36:08,43.3601455688477,-8.8432731628418,"Unknown"
"7014855",371852,2025-06-07 17:41:10,43.3600540161133,-8.84311103820801,"Unknown"
"7014855",371852,2025-06-07 17:46:11,43.3580284118652,-8.84561157226562,"Unknown"
"7014855",371852,2025-06-07 17:51:10,43.3816719055176,-8.82249736785889,"Unknown"
"7014855",371852,2025-06-07 17:56:10,43.3813819885254,-8.82273387908936,"Unknown"
"7014855",371852,2025-06-07 18:01:18,43.3616561889648,-8.84012413024902,"Unknown"
"7014855",371852,2025-06-07 18:06:12,43.3598175048828,-8.84278297424316,"Unknown"
"7014855",371852,2025-06-07 18:11:09,43.3600769042969,-8.84324550628662,"Unknown"
"7014855",371852,2025-06-07 18:16:08,43.3585968017578,-8.84570121765137,"Unknown"
"7014855",371852,2025-06-07 18:21:09,43.3431510925293,-8.81454277038574,"Unknown"
"7014855",371852,2025-06-07 18:26:09,43.3231544494629,-8.77210330963135,"Unknown"
"7014855",371852,2025-06-07 18:31:08,43.3021926879883,-8.74784088134766,"Unknown"
"7014855",371852,2025-06-07 18:36:35,43.293571472168,-8.74588394165039,"Unknown"
"7014855",371852,2025-06-07 18:41:10,43.2936553955078,-8.74622058868408,"Unknown"
"7014855",371852,2025-06-07 18:46:09,43.2936325073242,-8.74598598480225,"Unknown"
"7014855",371852,2025-06-07 18:51:16,43.2949447631836,-8.74895095825195,"Unknown"
"7014855",371852,2025-06-07 18:56:30,43.2950706481934,-8.74904727935791,"Unknown"
"7014855",371852,2025-06-07 19:01:35,43.2965049743652,-8.7512092590332,"Unknown"
"7014855",371852,2025-06-07 19:06:06,43.2997360229492,-8.74439907073975,"Unknown"
"7014855",371852,2025-06-07 19:11:20,43.2956237792969,-8.75007820129395,"Unknown"
"7014855",371852,2025-06-07 19:16:06,43.3012504577637,-8.74969959259033,"Unknown"
"7014855",371852,2025-06-07 19:21:17,43.3011245727539,-8.75054168701172,"Unknown"
"7014855",371852,2025-06-07 19:26:08,43.3010368347168,-8.75080013275146,"Unknown"
"7014855",371852,2025-06-07 19:31:09,43.3011436462402,-8.75105857849121,"Unknown"
"7014855",371852,2025-06-07 19:36:23,43.3011703491211,-8.75113105773926,"Unknown"
"7014855",371852,2025-06-07 19:41:08,43.3043975830078,-8.75748634338379,"Unknown"
"7014855",371852,2025-06-07 19:46:09,43.3165473937988,-8.78388500213623,"Unknown"
"7014855",371852,2025-06-07 19:51:09,43.3340187072754,-8.80634498596191,"Unknown"
"7014855",371852,2025-06-07 19:56:06,43.3534736633301,-8.83396339416504,"Unknown"
"7014855",371852,2025-06-07 20:01:08,43.3601379394531,-8.84340953826904,"Unknown"
"7014855",371852,2025-06-07 20:06:11,43.3602638244629,-8.84399795532227,"Unknown"
"7014855",371852,2025-06-07 20:11:10,43.3599624633789,-8.84332084655762,"Unknown"
"7014855",371852,2025-06-07 20:16:20,43.3601188659668,-8.84332180023193,"Unknown"
"7014855",371852,2025-06-07 20:21:09,43.3601684570312,-8.84360504150391,"Unknown"
"7014855",371852,2025-06-07 20:26:08,43.3601455688477,-8.84354114532471,"Unknown"
"7014855",371852,2025-06-07 20:31:09,43.3600692749023,-8.8435173034668,"Unknown"
"7014855",371852,2025-06-07 20:36:08,43.3600921630859,-8.84304237365723,"Unknown"
"7014855",371852,2025-06-07 20:41:08,43.3602714538574,-8.84352016448975,"Unknown"
"7014855",371852,2025-06-07 20:46:08,43.3601913452148,-8.84336948394775,"Unknown"
"7014855",371852,2025-06-07 20:51:10,43.360237121582,-8.84343528747559,"Unknown"
"7014855",371852,2025-06-07 20:56:09,43.3602104187012,-8.84335803985596,"Unknown"
"7014855",371852,2025-06-07 21:01:12,43.3602676391602,-8.84332466125488,"Unknown"
"7014855",371852,2025-06-07 21:06:12,43.3602905273438,-8.84327602386475,"Unknown"
"7014855",371852,2025-06-07 21:11:35,43.3600463867188,-8.84310054779053,"Unknown"
"7014855",371852,2025-06-07 21:16:05,43.3600807189941,-8.8430643081665,"Unknown"
"7014855",371852,2025-06-07 21:21:06,43.3600959777832,-8.84305858612061,"Unknown"
"7014855",371852,2025-06-07 21:26:06,43.360050201416,-8.84306144714355,"Unknown"
"7014855",371852,2025-06-07 21:31:05,43.360050201416,-8.84309196472168,"Unknown"
"7014855",371852,2025-06-07 21:36:05,43.3601150512695,-8.84309005737305,"Unknown"
"7014855",371852,2025-06-07 21:41:06,43.3600463867188,-8.84310722351074,"Unknown"
"7014855",371852,2025-06-07 21:46:05,43.3600769042969,-8.84306049346924,"Unknown"
"7014855",371852,2025-06-07 21:51:05,43.3600425720215,-8.84305191040039,"Unknown"
"7014855",371852,2025-06-07 21:56:05,43.3600463867188,-8.84304046630859,"Unknown"
"7014855",371852,2025-06-07 22:01:06,43.3600273132324,-8.8430700302124,"Unknown"
"7014855",371852,2025-06-07 22:06:06,43.3600540161133,-8.84304714202881,"Unknown"
"7014855",371852,2025-06-07 22:11:06,43.3600540161133,-8.84302520751953,"Unknown"
"7014855",371852,2025-06-07 22:16:06,43.3600463867188,-8.84303760528564,"Unknown"
"7014855",371852,2025-06-07 22:21:05,43.360034942627,-8.84307956695557,"Unknown"
"7014855",371852,2025-06-07 22:26:06,43.3600273132324,-8.84300136566162,"Unknown"
"7014855",371852,2025-06-07 22:31:06,43.3600578308105,-8.8430347442627,"Unknown"
"7014855",371852,2025-06-07 22:36:06,43.3600807189941,-8.84301948547363,"Unknown"
"7014855",371852,2025-06-07 22:41:07,43.3600044250488,-8.84301090240479,"Unknown"
"7014855",371852,2025-06-07 22:46:06,43.3600387573242,-8.84300899505615,"Unknown"
"7014855",371852,2025-06-07 22:51:06,43.3599586486816,-8.84313488006592,"Unknown"
"7014855",371852,2025-06-07 22:56:06,43.3598785400391,-8.84288692474365,"Unknown"
"7014855",371852,2025-06-07 23:01:06,43.359920501709,-8.84306621551514,"Unknown"
"7014855",371852,2025-06-07 23:06:06,43.3598976135254,-8.84312438964844,"Unknown"
"7014855",371852,2025-06-07 23:11:07,43.3600006103516,-8.84294033050537,"Unknown"
"7014855",371852,2025-06-07 23:16:07,43.3600730895996,-8.84292221069336,"Unknown"
"7014855",371852,2025-06-07 23:21:07,43.3600044250488,-8.84293460845947,"Unknown"
"7014855",371852,2025-06-07 23:26:07,43.3600311279297,-8.84296131134033,"Unknown"
"7014855",371852,2025-06-07 23:31:06,43.3600044250488,-8.84293460845947,"Unknown"
"7014855",371852,2025-06-07 23:36:08,43.360034942627,-8.84293556213379,"Unknown"
"7014855",371852,2025-06-07 23:41:07,43.3599967956543,-8.84288883209229,"Unknown"
"7014855",371852,2025-06-07 23:46:10,43.3601455688477,-8.84286594390869,"Unknown"
"7014855",371852,2025-06-07 23:51:18,43.3601036071777,-8.84292793273926,"Unknown"
"7014855",371852,2025-06-07 23:56:06,43.3600845336914,-8.84284400939941,"Unknown"
"7014855",371852,2025-06-08 00:01:06,43.3601341247559,-8.84291934967041,"Unknown"
"7014855",371852,2025-06-08 00:06:06,43.3601531982422,-8.84301567077637,"Unknown"
"7014855",371852,2025-06-08 00:11:07,43.3600692749023,-8.84295463562012,"Unknown"
"7014855",371852,2025-06-08 00:16:07,43.3600807189941,-8.8430233001709,"Unknown"
"7014855",371852,2025-06-08 00:21:07,43.3601455688477,-8.84302806854248,"Unknown"
"7014855",371852,2025-06-08 00:26:06,43.3600921630859,-8.84300899505615,"Unknown"
"7014855",371852,2025-06-08 00:31:06,43.3600311279297,-8.8428955078125,"Unknown"
"7014855",371852,2025-06-08 00:36:10,43.3600158691406,-8.84302425384521,"Unknown"
"7014855",371852,2025-06-08 00:41:06,43.3600196838379,-8.84298896789551,"Unknown"
"7014855",371852,2025-06-08 00:46:07,43.3600654602051,-8.84304141998291,"Unknown"
"7014855",371852,2025-06-08 00:51:08,43.3601036071777,-8.84299945831299,"Unknown"
"7014855",371852,2025-06-08 00:56:07,43.360034942627,-8.84292888641357,"Unknown"
"7014855",371852,2025-06-08 01:01:10,43.3600311279297,-8.84302997589111,"Unknown"
"7014855",371852,2025-06-08 01:06:07,43.3601036071777,-8.84304046630859,"Unknown"
"7014855",371852,2025-06-08 01:11:08,43.3601341247559,-8.84312152862549,"Unknown"
"7014855",371852,2025-06-08 01:16:07,43.3601264953613,-8.84306621551514,"Unknown"
"7014855",371852,2025-06-08 01:21:09,43.3601188659668,-8.84311962127686,"Unknown"
"7014855",371852,2025-06-08 01:26:08,43.3600578308105,-8.84303760528564,"Unknown"
"7014855",371852,2025-06-08 01:31:09,43.3599586486816,-8.84300231933594,"Unknown"
"7014855",371852,2025-06-08 01:36:10,43.3601150512695,-8.84310531616211,"Unknown"
"7014855",371852,2025-06-08 01:41:09,43.3601608276367,-8.84321308135986,"Unknown"
"7014855",371852,2025-06-08 01:46:14,43.3601837158203,-8.84297561645508,"Unknown"
"7014855",371852,2025-06-08 01:51:10,43.3601989746094,-8.84316158294678,"Unknown"
"7014855",371852,2025-06-08 01:56:13,43.3602180480957,-8.84317016601562,"Unknown"
"7014855",371852,2025-06-08 02:01:17,43.3600997924805,-8.84305477142334,"Unknown"
"7014855",371852,2025-06-08 02:06:07,43.3600540161133,-8.84305477142334,"Unknown"
"7014855",371852,2025-06-08 02:11:10,43.3601150512695,-8.84300231933594,"Unknown"
"7014855",371852,2025-06-08 02:16:10,43.3599166870117,-8.84298324584961,"Unknown"
"7014855",371852,2025-06-08 02:21:12,43.3599815368652,-8.84280872344971,"Unknown"
"7014855",371852,2025-06-08 02:26:11,43.3600730895996,-8.84310054779053,"Unknown"
"7014855",371852,2025-06-08 02:31:10,43.3598899841309,-8.84308242797852,"Unknown"
"7014855",371852,2025-06-08 02:36:35,43.3600807189941,-8.84317493438721,"Unknown"
"7014855",371852,2025-06-08 02:41:18,43.3600158691406,-8.84322166442871,"Unknown"
"7014855",371852,2025-06-08 02:46:12,43.3600692749023,-8.84313774108887,"Unknown"
"7014855",371852,2025-06-08 02:51:15,43.3600387573242,-8.84323978424072,"Unknown"
"7014855",371852,2025-06-08 02:56:29,43.3600425720215,-8.84267902374268,"Unknown"
"7014855",371852,2025-06-08 03:01:18,43.3603286743164,-8.84215068817139,"Unknown"
"7014855",371852,2025-06-08 03:06:16,43.3602409362793,-8.84276485443115,"Unknown"
"7014855",371852,2025-06-08 03:11:11,43.3603630065918,-8.84219074249268,"Unknown"
"7014855",371852,2025-06-08 03:16:08,43.3604125976562,-8.84235095977783,"Unknown"
"7014855",371852,2025-06-08 03:21:09,43.3603935241699,-8.84242343902588,"Unknown"
"7014855",371852,2025-06-08 03:26:13,43.3600654602051,-8.84302520751953,"Unknown"
"7014855",371852,2025-06-08 03:31:15,43.3601303100586,-8.84300231933594,"Unknown"
"7014855",371852,2025-06-08 03:36:09,43.3600997924805,-8.84299659729004,"Unknown"
"7014855",371852,2025-06-08 03:41:07,43.3601036071777,-8.84302234649658,"Unknown"
"7014855",371852,2025-06-08 03:46:07,43.3600807189941,-8.8430061340332,"Unknown"
"7014855",371852,2025-06-08 03:51:44,43.360107421875,-8.84307765960693,"Unknown"
"7014855",371852,2025-06-08 03:56:09,43.3601570129395,-8.843092918396,"Unknown"
"7014855",371852,2025-06-08 04:01:08,43.3601036071777,-8.8430871963501,"Unknown"
"7014855",371852,2025-06-08 04:06:07,43.360179901123,-8.84309101104736,"Unknown"
"7014855",371852,2025-06-08 04:11:10,43.3599090576172,-8.84268474578857,"Unknown"
"7014855",371852,2025-06-08 04:16:07,43.360034942627,-8.84299182891846,"Unknown"
"7014855",371852,2025-06-08 04:21:07,43.3600006103516,-8.84300804138184,"Unknown"
"7014855",371852,2025-06-08 04:26:08,43.3599472045898,-8.84343433380127,"Unknown"
"7014855",371852,2025-06-08 04:31:08,43.3603019714355,-8.84362125396729,"Unknown"
"7014855",371852,2025-06-08 04:36:08,43.3639717102051,-8.83220291137695,"Unknown"
"7014855",371852,2025-06-08 04:41:06,43.3822288513184,-8.81415176391602,"Unknown"
"7014855",371852,2025-06-08 04:46:08,43.3800430297852,-8.78214836120605,"Unknown"
"7014855",371852,2025-06-08 04:51:06,43.3499908447266,-8.75893688201904,"Unknown"
"7014855",371852,2025-06-08 04:56:19,43.3122978210449,-8.75019454956055,"Unknown"
"7014855",371852,2025-06-08 05:01:06,43.2934379577637,-8.74569320678711,"Unknown"
"7014855",371852,2025-06-08 05:06:35,43.2936363220215,-8.74587821960449,"Unknown"
"7014855",371852,2025-06-08 05:11:08,43.2941093444824,-8.74519729614258,"Unknown"
"7014855",371852,2025-06-08 05:16:07,43.2947731018066,-8.74898529052734,"Unknown"
"7014855",371852,2025-06-08 05:21:06,43.292781829834,-8.74075126647949,"Unknown"
"7014855",371852,2025-06-08 05:26:06,43.2844276428223,-8.71073627471924,"Unknown"
"7014855",371852,2025-06-08 05:31:15,43.2742004394531,-8.67747402191162,"Unknown"
"7014855",371852,2025-06-08 05:36:06,43.2420387268066,-8.65718269348145,"Unknown"
"7014855",371852,2025-06-08 05:41:06,43.2124366760254,-8.63248634338379,"Unknown"
"7014855",371852,2025-06-08 05:46:06,43.1958351135254,-8.59794044494629,"Unknown"
"7014855",371852,2025-06-08 05:51:06,43.1907272338867,-8.57002353668213,"Unknown"
"7014855",371852,2025-06-08 05:56:06,43.1857070922852,-8.54152393341064,"Unknown"
"7014855",371852,2025-06-08 06:01:06,43.1558494567871,-8.52365493774414,"Unknown"
"7014855",371852,2025-06-08 06:06:06,43.1337280273438,-8.48275279998779,"Unknown"
"7014855",371852,2025-06-08 06:11:08,43.1300735473633,-8.47222423553467,"Unknown"
"7014855",371852,2025-06-08 06:16:07,43.1303787231445,-8.47229194641113,"Unknown"
"7014855",371852,2025-06-08 06:21:07,43.1302261352539,-8.47213459014893,"Unknown"
"7014855",371852,2025-06-08 06:26:07,43.1305160522461,-8.47182750701904,"Unknown"
"7014855",371852,2025-06-08 06:31:06,43.1304588317871,-8.4718074798584,"Unknown"
"7014855",371852,2025-06-08 06:36:06,43.1302757263184,-8.47240161895752,"Unknown"
"7014855",371852,2025-06-08 06:41:16,43.1301879882812,-8.47189998626709,"Unknown"
"7014855",371852,2025-06-08 06:46:11,43.1316833496094,-8.46926975250244,"Unknown"
"7014855",371852,2025-06-08 06:51:17,43.1319427490234,-8.46933841705322,"Unknown"
"7014855",371852,2025-06-08 06:56:07,43.1320190429688,-8.46933364868164,"Unknown"
"7014855",371852,2025-06-08 07:01:09,43.1320381164551,-8.46933174133301,"Unknown"
"7014855",371852,2025-06-08 07:06:07,43.1322364807129,-8.4693431854248,"Unknown"
"7014855",371852,2025-06-08 07:11:09,43.132884979248,-8.4695463180542,"Unknown"
"7014855",371852,2025-06-08 07:16:07,43.1323356628418,-8.46940040588379,"Unknown"
"7014855",371852,2025-06-08 07:21:06,43.1357498168945,-8.48504543304443,"Unknown"
"7014855",371852,2025-06-08 07:26:06,43.1463012695312,-8.51638412475586,"Unknown"
"7014855",371852,2025-06-08 07:31:06,43.1635131835938,-8.54878044128418,"Unknown"
"7014855",371852,2025-06-08 07:36:07,43.1584510803223,-8.55825042724609,"Unknown"
"7014855",371852,2025-06-08 07:41:06,43.1702079772949,-8.58751964569092,"Unknown"
"7014855",371852,2025-06-08 07:46:17,43.1985549926758,-8.60922527313232,"Unknown"
"7014855",371852,2025-06-08 07:51:06,43.2233123779297,-8.62796497344971,"Unknown"
"7014855",371852,2025-06-08 07:56:06,43.2442970275879,-8.64395427703857,"Unknown"
"7014855",371852,2025-06-08 08:01:06,43.2674980163574,-8.66446781158447,"Unknown"
"7014855",371852,2025-06-08 08:06:06,43.2802543640137,-8.68282032012939,"Unknown"
"7014855",371852,2025-06-08 08:11:07,43.2934074401855,-8.69779491424561,"Unknown"
"7014855",371852,2025-06-08 08:16:05,43.2929573059082,-8.69795989990234,"Unknown"
"7014855",371852,2025-06-08 08:21:06,43.2956008911133,-8.7156457901001,"Unknown"
"7014855",371852,2025-06-08 08:26:06,43.2973785400391,-8.75763034820557,"Unknown"
"7014855",371852,2025-06-08 08:31:06,43.3111000061035,-8.79562282562256,"Unknown"
"7014855",371852,2025-06-08 08:36:06,43.3317794799805,-8.82608127593994,"Unknown"
"7014855",371852,2025-06-08 08:41:06,43.350528717041,-8.84014797210693,"Unknown"
"7014855",371852,2025-06-08 08:46:06,43.3601684570312,-8.84311962127686,"Unknown"
"7014855",371852,2025-06-08 08:51:16,43.359977722168,-8.84316730499268,"Unknown"
"7014855",371852,2025-06-08 08:56:06,43.3601684570312,-8.84304237365723,"Unknown"
"7014855",371852,2025-06-08 09:01:06,43.3601913452148,-8.84303951263428,"Unknown"
"7014855",371852,2025-06-08 09:06:18,43.3601570129395,-8.8430347442627,"Unknown"
"7014855",371852,2025-06-08 09:11:09,43.3602714538574,-8.84286689758301,"Unknown"
"7014855",371852,2025-06-08 09:16:08,43.3608589172363,-8.84250640869141,"Unknown"
"7014855",371852,2025-06-08 09:21:08,43.3599662780762,-8.84308815002441,"Unknown"
"7014855",371852,2025-06-08 09:26:07,43.3601188659668,-8.84274864196777,"Unknown"
"7014855",371852,2025-06-08 09:31:07,43.3601531982422,-8.84291172027588,"Unknown"
"7014855",371852,2025-06-08 09:36:07,43.360179901123,-8.84294891357422,"Unknown"
"7014855",371852,2025-06-08 09:41:08,43.3602981567383,-8.84281635284424,"Unknown"
"7014855",371852,2025-06-08 09:46:08,43.3599166870117,-8.84283351898193,"Unknown"
"7014855",371852,2025-06-08 09:51:08,43.360179901123,-8.84270477294922,"Unknown"
"7014855",371852,2025-06-08 09:56:08,43.3603134155273,-8.84267330169678,"Unknown"
"7014855",371852,2025-06-08 10:01:06,43.3602333068848,-8.84272956848145,"Unknown"
"7014855",371852,2025-06-08 10:06:06,43.3602294921875,-8.84270095825195,"Unknown"
"7014855",371852,2025-06-08 10:11:06,43.3602104187012,-8.84268093109131,"Unknown"
"7014855",371852,2025-06-08 10:16:35,43.3600959777832,-8.84293937683105,"Unknown"
"7014855",371852,2025-06-08 10:21:06,43.3602600097656,-8.84305000305176,"Unknown"
"7014855",371852,2025-06-08 10:26:06,43.3602333068848,-8.84350776672363,"Unknown"
"7014855",371852,2025-06-08 10:31:08,43.3599853515625,-8.84318256378174,"Unknown"
"7014855",371852,2025-06-08 10:36:06,43.3600158691406,-8.84325885772705,"Unknown"
"7014855",371852,2025-06-08 10:41:06,43.3599853515625,-8.84313678741455,"Unknown"
"7014855",371852,2025-06-08 10:46:06,43.3601303100586,-8.84388160705566,"Unknown"
"7014855",371852,2025-06-08 10:51:06,43.3600730895996,-8.84384059906006,"Unknown"
"7014855",371852,2025-06-08 10:56:06,43.360034942627,-8.84392738342285,"Unknown"
"7014855",371852,2025-06-08 11:01:06,43.3600769042969,-8.84397602081299,"Unknown"
"7014855",371852,2025-06-08 11:06:06,43.3599510192871,-8.84391689300537,"Unknown"
"7014855",371852,2025-06-08 11:11:06,43.3600044250488,-8.84374904632568,"Unknown"
"7014855",371852,2025-06-08 11:16:07,43.3600196838379,-8.84383773803711,"Unknown"
"7014855",371852,2025-06-08 11:21:07,43.3601112365723,-8.84358787536621,"Unknown"
"7014855",371852,2025-06-08 11:26:09,43.360050201416,-8.84495639801025,"Unknown"
"7014855",371852,2025-06-08 11:31:07,43.3601150512695,-8.8422794342041,"Unknown"
"7014855",371852,2025-06-08 11:36:07,43.3602104187012,-8.8428373336792,"Unknown"
"7014855",371852,2025-06-08 11:41:07,43.3601341247559,-8.84300327301025,"Unknown"
"7014855",371852,2025-06-08 11:46:07,43.3600234985352,-8.84277629852295,"Unknown"
"7014855",371852,2025-06-08 11:51:08,43.3601875305176,-8.84299850463867,"Unknown"
"7014855",371852,2025-06-08 11:56:07,43.3597946166992,-8.84204959869385,"Unknown"
"7014855",371852,2025-06-08 12:01:07,43.360279083252,-8.84259223937988,"Unknown"
"7014855",371852,2025-06-08 12:06:07,43.3603134155273,-8.8425350189209,"Unknown"
"7014855",371852,2025-06-08 12:11:07,43.3599090576172,-8.84224033355713,"Unknown"
"7014855",371852,2025-06-08 12:16:07,43.3602180480957,-8.84254932403564,"Unknown"
"7014855",371852,2025-06-08 12:21:08,43.3602638244629,-8.84243202209473,"Unknown"
"7014855",371852,2025-06-08 12:26:07,43.3602104187012,-8.84250450134277,"Unknown"
"7014855",371852,2025-06-08 12:31:08,43.3602142333984,-8.84261226654053,"Unknown"
"7014855",371852,2025-06-08 12:36:07,43.3602714538574,-8.84255027770996,"Unknown"
"7014855",371852,2025-06-08 12:41:07,43.360221862793,-8.84259223937988,"Unknown"
"7014855",371852,2025-06-08 12:46:07,43.360279083252,-8.84270477294922,"Unknown"
"7014855",371852,2025-06-08 12:51:07,43.3602638244629,-8.84278297424316,"Unknown"
"7014855",371852,2025-06-08 12:56:07,43.3602066040039,-8.84275054931641,"Unknown"
"7014855",371852,2025-06-08 13:01:07,43.3601837158203,-8.84295749664307,"Unknown"
"7014855",371852,2025-06-08 13:06:07,43.3602142333984,-8.84318161010742,"Unknown"
"7014855",371852,2025-06-08 13:11:07,43.3602294921875,-8.84287071228027,"Unknown"
"7014855",371852,2025-06-08 13:16:07,43.3602447509766,-8.84295654296875,"Unknown"
"7014855",371852,2025-06-08 13:21:07,43.3602600097656,-8.84299850463867,"Unknown"
"7014855",371852,2025-06-08 13:26:07,43.3602600097656,-8.84316635131836,"Unknown"
"7014855",371852,2025-06-08 13:31:07,43.3601837158203,-8.84331798553467,"Unknown"
"7014855",371852,2025-06-08 13:36:07,43.3602027893066,-8.84327125549316,"Unknown"
"7014855",371852,2025-06-08 13:41:09,43.3602409362793,-8.8430814743042,"Unknown"
"7014855",371852,2025-06-08 13:46:08,43.3630218505859,-8.84491539001465,"Unknown"
"7014855",371852,2025-06-08 13:51:07,43.3607292175293,-8.84263610839844,"Unknown"
"7014855",371852,2025-06-08 13:56:08,43.3606567382812,-8.84279918670654,"Unknown"
"7014855",371852,2025-06-08 14:01:08,43.360912322998,-8.8427619934082,"Unknown"
"7014855",371852,2025-06-08 14:06:08,43.3609657287598,-8.84288692474365,"Unknown"
"7014855",371852,2025-06-08 14:11:09,43.3608207702637,-8.84281063079834,"Unknown"
"7014855",371852,2025-06-08 14:16:35,43.3600692749023,-8.84394931793213,"Unknown"
"7014855",371852,2025-06-08 14:21:07,43.3602142333984,-8.84308815002441,"Unknown"
"7014855",371852,2025-06-08 14:26:07,43.3598747253418,-8.84326171875,"Unknown"
"7014855",371852,2025-06-08 14:31:08,43.3603744506836,-8.84303951263428,"Unknown"
"7014855",371852,2025-06-08 14:36:07,43.3598442077637,-8.84377098083496,"Unknown"
"7014855",371852,2025-06-08 14:41:08,43.3598213195801,-8.84394550323486,"Unknown"
"7014855",371852,2025-06-08 14:46:09,43.360221862793,-8.84321880340576,"Unknown"
"7014855",371852,2025-06-08 14:51:08,43.3603477478027,-8.84310722351074,"Unknown"
"7014855",371852,2025-06-08 14:56:08,43.3602905273438,-8.84319591522217,"Unknown"
"7014855",371852,2025-06-08 15:01:08,43.3602752685547,-8.84319877624512,"Unknown"
"7014855",371852,2025-06-08 15:06:09,43.360408782959,-8.84328746795654,"Unknown"
"7014855",371852,2025-06-08 15:11:09,43.3602104187012,-8.84332275390625,"Unknown"
"7014855",371852,2025-06-08 15:16:09,43.3601951599121,-8.84334087371826,"Unknown"
"7014855",371852,2025-06-08 15:21:08,43.3601303100586,-8.84329414367676,"Unknown"
"7014855",371852,2025-06-08 15:26:08,43.3600463867188,-8.84327602386475,"Unknown"
"7014855",371852,2025-06-08 15:31:09,43.3600387573242,-8.84334373474121,"Unknown"
"7014855",371852,2025-06-08 15:36:08,43.360179901123,-8.84338665008545,"Unknown"
"7014855",371852,2025-06-08 15:41:08,43.3601188659668,-8.84337043762207,"Unknown"
"7014855",371852,2025-06-08 15:46:09,43.3601570129395,-8.84323787689209,"Unknown"
"7014855",371852,2025-06-08 15:51:09,43.3602294921875,-8.84331512451172,"Unknown"
"7014855",371852,2025-06-08 15:56:09,43.3601837158203,-8.84321022033691,"Unknown"
"7014855",371852,2025-06-08 16:01:09,43.360107421875,-8.84311962127686,"Unknown"
"7014855",371852,2025-06-08 16:06:08,43.3600387573242,-8.84311962127686,"Unknown"
"7014855",371852,2025-06-08 16:11:08,43.360050201416,-8.84317016601562,"Unknown"
"7014855",371852,2025-06-08 16:16:09,43.360034942627,-8.84306716918945,"Unknown"
"7014855",371852,2025-06-08 16:21:08,43.3600692749023,-8.84312915802002,"Unknown"
"7014855",371852,2025-06-08 16:26:09,43.359935760498,-8.84344959259033,"Unknown"
"7014855",371852,2025-06-08 16:31:08,43.3598937988281,-8.84304141998291,"Unknown"
"7014855",371852,2025-06-08 16:36:09,43.3599166870117,-8.84318923950195,"Unknown"
"7014855",371852,2025-06-08 16:41:09,43.3601760864258,-8.84323978424072,"Unknown"
"7014855",371852,2025-06-08 16:46:08,43.3601875305176,-8.84320735931396,"Unknown"
"7014855",371852,2025-06-08 16:51:08,43.3602714538574,-8.843337059021,"Unknown"
"7014855",371852,2025-06-08 16:56:08,43.359546661377,-8.84410285949707,"Unknown"
"7014855",371852,2025-06-08 17:01:09,43.3597373962402,-8.84389019012451,"Unknown"
"7014855",371852,2025-06-08 17:06:09,43.3603172302246,-8.84336566925049,"Unknown"
"7014855",371852,2025-06-08 17:11:09,43.3603820800781,-8.84330272674561,"Unknown"
"7014855",371852,2025-06-08 17:16:35,43.3601531982422,-8.84317111968994,"Unknown"
"7014855",371852,2025-06-08 17:21:07,43.3599586486816,-8.84320449829102,"Unknown"
"7014855",371852,2025-06-08 17:26:08,43.3600463867188,-8.84307289123535,"Unknown"
"7014855",371852,2025-06-08 17:31:08,43.360050201416,-8.84302997589111,"Unknown"
"7014855",371852,2025-06-08 17:36:07,43.3600997924805,-8.84298324584961,"Unknown"
"7014855",371852,2025-06-08 17:41:08,43.3600921630859,-8.8430871963501,"Unknown"
"7014855",371852,2025-06-08 17:46:08,43.3600730895996,-8.84308338165283,"Unknown"
"7014855",371852,2025-06-08 17:51:08,43.3600654602051,-8.84309864044189,"Unknown"
"7014855",371852,2025-06-08 17:56:09,43.3600807189941,-8.84304904937744,"Unknown"
"7014855",371852,2025-06-08 18:01:08,43.3601112365723,-8.84312534332275,"Unknown"
"7014855",371852,2025-06-08 18:06:08,43.3600692749023,-8.84304428100586,"Unknown"
"7014855",371852,2025-06-08 18:11:08,43.3599510192871,-8.84327220916748,"Unknown"
"7014855",371852,2025-06-08 18:16:08,43.3599281311035,-8.84307384490967,"Unknown"
"7014855",371852,2025-06-08 18:21:08,43.3600692749023,-8.84320735931396,"Unknown"
"7014855",371852,2025-06-08 18:26:08,43.3600769042969,-8.8431224822998,"Unknown"
"7014855",371852,2025-06-08 18:31:08,43.3600387573242,-8.84317684173584,"Unknown"
"7014855",371852,2025-06-08 18:36:08,43.360050201416,-8.84315872192383,"Unknown"
"7014855",371852,2025-06-08 18:41:08,43.360107421875,-8.84318828582764,"Unknown"
"7014855",371852,2025-06-08 18:46:08,43.3600654602051,-8.84316158294678,"Unknown"
"7014855",371852,2025-06-08 18:51:08,43.3600044250488,-8.84321880340576,"Unknown"
"7014855",371852,2025-06-08 18:56:08,43.3599624633789,-8.8433313369751,"Unknown"
"7014855",371852,2025-06-08 19:01:08,43.3600120544434,-8.84313488006592,"Unknown"
"7014855",371852,2025-06-08 19:06:08,43.3600044250488,-8.84312915802002,"Unknown"
"7014855",371852,2025-06-08 19:11:08,43.3599967956543,-8.84317111968994,"Unknown"
"7014855",371852,2025-06-08 19:16:08,43.3601417541504,-8.84323692321777,"Unknown"
"7014855",371852,2025-06-08 19:21:08,43.3600730895996,-8.8432788848877,"Unknown"
"7014855",371852,2025-06-08 19:26:09,43.3601417541504,-8.84329891204834,"Unknown"
"7014855",371852,2025-06-08 19:31:08,43.3602180480957,-8.84334850311279,"Unknown"
"7014855",371852,2025-06-08 19:36:08,43.3602027893066,-8.84344482421875,"Unknown"
"7014855",371852,2025-06-08 19:41:09,43.3601913452148,-8.84349155426025,"Unknown"
"7014855",371852,2025-06-08 19:46:09,43.3603439331055,-8.84329795837402,"Unknown"
"7014855",371852,2025-06-08 19:51:35,43.3601531982422,-8.84310913085938,"Unknown"
"7014855",371852,2025-06-08 19:56:08,43.360294342041,-8.84312534332275,"Unknown"
"7014855",371852,2025-06-08 20:01:09,43.3600463867188,-8.8433141708374,"Unknown"
"7014855",371852,2025-06-08 20:06:09,43.3600311279297,-8.84332084655762,"Unknown"
"7014855",371852,2025-06-08 20:11:08,43.3601341247559,-8.84320449829102,"Unknown"
"7014855",371852,2025-06-08 20:16:09,43.3600921630859,-8.84324836730957,"Unknown"
"7014855",371852,2025-06-08 20:21:08,43.3602905273438,-8.84305191040039,"Unknown"
"7014855",371852,2025-06-08 20:26:08,43.3600082397461,-8.84315013885498,"Unknown"
"7014855",371852,2025-06-08 20:31:08,43.3601417541504,-8.84316825866699,"Unknown"
"7014855",371852,2025-06-08 20:36:08,43.360164642334,-8.84317016601562,"Unknown"
"7014855",371852,2025-06-08 20:41:08,43.3600883483887,-8.84311294555664,"Unknown"
"7014855",371852,2025-06-08 20:46:08,43.3599281311035,-8.8432502746582,"Unknown"
"7014855",371852,2025-06-08 20:51:08,43.3598861694336,-8.84326457977295,"Unknown"
"7014855",371852,2025-06-08 20:56:08,43.3598976135254,-8.84318351745605,"Unknown"
"7014855",371852,2025-06-08 21:01:09,43.3600311279297,-8.84307289123535,"Unknown"
"7014855",371852,2025-06-08 21:06:08,43.3601722717285,-8.84297943115234,"Unknown"
"7014855",371852,2025-06-08 21:11:09,43.3600425720215,-8.84294319152832,"Unknown"
"7014855",371852,2025-06-08 21:16:09,43.3600006103516,-8.84297752380371,"Unknown"
"7014855",371852,2025-06-08 21:21:09,43.360107421875,-8.84286403656006,"Unknown"
"7014855",371852,2025-06-08 21:26:09,43.3601264953613,-8.84283447265625,"Unknown"
"7014855",371852,2025-06-08 21:31:08,43.3601303100586,-8.84282684326172,"Unknown"
"7014855",371852,2025-06-08 21:36:09,43.3601379394531,-8.84284687042236,"Unknown"
"7014855",371852,2025-06-08 21:41:09,43.3600730895996,-8.84298038482666,"Unknown"
"7014855",371852,2025-06-08 21:46:11,43.3601531982422,-8.84279251098633,"Unknown"
"7014855",371852,2025-06-08 21:51:09,43.3602981567383,-8.84298610687256,"Unknown"
"7014855",371852,2025-06-08 21:56:09,43.3600921630859,-8.84268093109131,"Unknown"
"7014855",371852,2025-06-08 22:01:08,43.3597831726074,-8.84272289276123,"Unknown"
"7014855",371852,2025-06-08 22:06:08,43.3598365783691,-8.84265613555908,"Unknown"
"7014855",371852,2025-06-08 22:11:08,43.360179901123,-8.84282684326172,"Unknown"
"7014855",371852,2025-06-08 22:16:08,43.3601379394531,-8.84292602539062,"Unknown"
"7014855",371852,2025-06-08 22:21:08,43.3601455688477,-8.84278106689453,"Unknown"
"7014855",371852,2025-06-08 22:26:08,43.3601951599121,-8.84279346466064,"Unknown"
"7014855",371852,2025-06-08 22:31:11,43.3598480224609,-8.84277820587158,"Unknown"
"7014855",371852,2025-06-08 22:36:08,43.359977722168,-8.84301280975342,"Unknown"
"7014855",371852,2025-06-08 22:41:09,43.3600616455078,-8.84296226501465,"Unknown"
"7014855",371852,2025-06-08 22:46:09,43.3597068786621,-8.84247016906738,"Unknown"
"7014855",371852,2025-06-08 22:51:09,43.3603172302246,-8.84246063232422,"Unknown"
"7014855",371852,2025-06-08 22:56:08,43.3602752685547,-8.84272003173828,"Unknown"
"7014855",371852,2025-06-08 23:01:08,43.3597717285156,-8.84339046478271,"Unknown"
"7014855",371852,2025-06-08 23:06:08,43.3600196838379,-8.84317207336426,"Unknown"
"7014855",371852,2025-06-08 23:11:08,43.3598175048828,-8.84331893920898,"Unknown"
"7014855",371852,2025-06-08 23:16:07,43.3595542907715,-8.84354591369629,"Unknown"
"7014855",371852,2025-06-08 23:21:08,43.3602638244629,-8.8438024520874,"Unknown"
"7014855",371852,2025-06-08 23:26:08,43.3600616455078,-8.84389400482178,"Unknown"
"7014855",371852,2025-06-08 23:31:08,43.3601379394531,-8.84305572509766,"Unknown"
"7014855",371852,2025-06-08 23:36:09,43.3597831726074,-8.84308338165283,"Unknown"
"7014855",371852,2025-06-08 23:41:09,43.3595123291016,-8.84342575073242,"Unknown"
"7014855",371852,2025-06-08 23:46:08,43.3596115112305,-8.84356498718262,"Unknown"
"7014855",371852,2025-06-08 23:51:09,43.3595390319824,-8.84359073638916,"Unknown"
"7014855",371852,2025-06-08 23:56:09,43.3600654602051,-8.84366321563721,"Unknown"
"7014855",371852,2025-06-09 00:01:09,43.3604278564453,-8.84149169921875,"Unknown"
"7014855",371852,2025-06-09 00:06:10,43.3597755432129,-8.84319972991943,"Unknown"
"7014855",371852,2025-06-09 00:11:09,43.3598289489746,-8.84305191040039,"Unknown"
"7014855",371852,2025-06-09 00:16:09,43.3599433898926,-8.84306240081787,"Unknown"
"7014855",371852,2025-06-09 00:21:08,43.3598861694336,-8.84296321868896,"Unknown"
"7014855",371852,2025-06-09 00:26:09,43.3598136901855,-8.8430757522583,"Unknown"
"7014855",371852,2025-06-09 00:31:08,43.3599891662598,-8.84286117553711,"Unknown"
"7014855",371852,2025-06-09 00:36:09,43.3600883483887,-8.84285068511963,"Unknown"
"7014855",371852,2025-06-09 00:41:11,43.3600616455078,-8.84283542633057,"Unknown"
"7014855",371852,2025-06-09 00:46:08,43.3599739074707,-8.84294128417969,"Unknown"
"7014855",371852,2025-06-09 00:51:08,43.3599319458008,-8.8430004119873,"Unknown"
"7014855",371852,2025-06-09 00:56:08,43.3599662780762,-8.84298992156982,"Unknown"
"7014855",371852,2025-06-09 01:01:12,43.3600425720215,-8.84300708770752,"Unknown"
"7014855",371852,2025-06-09 01:06:11,43.3597030639648,-8.84292602539062,"Unknown"
"7014855",371852,2025-06-09 01:11:15,43.3600883483887,-8.84306812286377,"Unknown"
"7014855",371852,2025-06-09 01:16:15,43.3600959777832,-8.84302711486816,"Unknown"
"7014855",371852,2025-06-09 01:21:15,43.3600196838379,-8.84297275543213,"Unknown"
"7014855",371852,2025-06-09 01:26:09,43.360107421875,-8.84299659729004,"Unknown"
"7014855",371852,2025-06-09 01:31:09,43.3601608276367,-8.84301948547363,"Unknown"
"7014855",371852,2025-06-09 01:36:09,43.360164642334,-8.84296321868896,"Unknown"
"7014855",371852,2025-06-09 01:41:20,43.3604850769043,-8.84275436401367,"Unknown"
"7014855",371852,2025-06-09 01:46:35,43.3603057861328,-8.84286594390869,"Unknown"
"7014855",371852,2025-06-09 01:51:08,43.360221862793,-8.84290409088135,"Unknown"
"7014855",371852,2025-06-09 01:56:08,43.3602981567383,-8.84293842315674,"Unknown"
"7014855",371852,2025-06-09 02:01:07,43.360221862793,-8.84295082092285,"Unknown"
"7014855",371852,2025-06-09 02:06:07,43.3602409362793,-8.84294128417969,"Unknown"
"7014855",371852,2025-06-09 02:11:07,43.360279083252,-8.84289073944092,"Unknown"
"7014855",371852,2025-06-09 02:16:07,43.3602409362793,-8.84294986724854,"Unknown"
"7014855",371852,2025-06-09 02:21:10,43.360221862793,-8.84294700622559,"Unknown"
"7014855",371852,2025-06-09 02:26:08,43.360237121582,-8.84296321868896,"Unknown"
"7014855",371852,2025-06-09 02:31:10,43.3601531982422,-8.84307765960693,"Unknown"
"7014855",371852,2025-06-09 02:36:12,43.3601379394531,-8.84306144714355,"Unknown"
"7014855",371852,2025-06-09 02:41:11,43.3598022460938,-8.84331893920898,"Unknown"
"7014855",371852,2025-06-09 02:46:11,43.3598365783691,-8.84325695037842,"Unknown"
"7014855",371852,2025-06-09 02:51:08,43.3599433898926,-8.84317207336426,"Unknown"
"7014855",371852,2025-06-09 02:56:10,43.3596839904785,-8.8433666229248,"Unknown"
"7014855",371852,2025-06-09 03:01:08,43.3599090576172,-8.84311771392822,"Unknown"
"7014855",371852,2025-06-09 03:06:09,43.3598709106445,-8.84319591522217,"Unknown"
"7014855",371852,2025-06-09 03:11:11,43.3597717285156,-8.84323215484619,"Unknown"
"7014855",371852,2025-06-09 03:16:08,43.3599853515625,-8.84301376342773,"Unknown"
"7014855",371852,2025-06-09 03:21:08,43.3599090576172,-8.84308052062988,"Unknown"
"7014855",371852,2025-06-09 03:26:11,43.3598098754883,-8.84308433532715,"Unknown"
"7014855",371852,2025-06-09 03:31:08,43.3597679138184,-8.84307289123535,"Unknown"
"7014855",371852,2025-06-09 03:36:08,43.3609466552734,-8.84312725067139,"Unknown"
"7014855",371852,2025-06-09 03:41:12,43.359733581543,-8.84314155578613,"Unknown"
"7014855",371852,2025-06-09 03:46:10,43.3597297668457,-8.84313106536865,"Unknown"
"7014855",371852,2025-06-09 03:51:08,43.3598442077637,-8.84296417236328,"Unknown"
"7014855",371852,2025-06-09 03:56:11,43.3596954345703,-8.8429651260376,"Unknown"
"7014855",371852,2025-06-09 04:01:12,43.3595771789551,-8.84287452697754,"Unknown"
"7014855",371852,2025-06-09 04:06:10,43.3600578308105,-8.84294033050537,"Unknown"
"7014855",371852,2025-06-09 04:11:09,43.3602485656738,-8.84330368041992,"Unknown"
"7014855",371852,2025-06-09 04:16:08,43.3601760864258,-8.84334468841553,"Unknown"
"7014855",371852,2025-06-09 04:21:08,43.3600425720215,-8.84353160858154,"Unknown"
"7014855",371852,2025-06-09 04:26:08,43.3511238098145,-8.83200836181641,"Unknown"
"7014855",371852,2025-06-09 04:31:08,43.3225593566895,-8.81286430358887,"Unknown"
"7014855",371852,2025-06-09 04:36:08,43.3026504516602,-8.78066253662109,"Unknown"
"7014855",371852,2025-06-09 04:41:08,43.2996253967285,-8.74886322021484,"Unknown"
"7014855",371852,2025-06-09 04:46:08,43.293586730957,-8.74607181549072,"Unknown"
"7014855",371852,2025-06-09 04:51:09,43.2937622070312,-8.74589729309082,"Unknown"
"7014855",371852,2025-06-09 04:56:09,43.2931594848633,-8.74661254882812,"Unknown"
"7014855",371852,2025-06-09 05:01:09,43.2947387695312,-8.73325252532959,"Unknown"
"7014855",371852,2025-06-09 05:06:09,43.292350769043,-8.69159412384033,"Unknown"
"7014855",371852,2025-06-09 05:11:08,43.2784004211426,-8.65916919708252,"Unknown"
"7014855",371852,2025-06-09 05:16:08,43.2616958618164,-8.62895584106445,"Unknown"
"7014855",371852,2025-06-09 05:21:08,43.2390518188477,-8.60357475280762,"Unknown"
"7014855",371852,2025-06-09 05:26:09,43.2136878967285,-8.58375453948975,"Unknown"
"7014855",371852,2025-06-09 05:31:10,43.1965446472168,-8.55917739868164,"Unknown"
"7014855",371852,2025-06-09 05:36:10,43.1704406738281,-8.54263401031494,"Unknown"
"7014855",371852,2025-06-09 05:41:09,43.1390953063965,-8.52150249481201,"Unknown"
"7014855",371852,2025-06-09 05:46:09,43.1301383972168,-8.47592735290527,"Unknown"
"7014855",371852,2025-06-09 05:51:08,43.1305770874023,-8.47235012054443,"Unknown"
"7014855",371852,2025-06-09 05:56:08,43.1302680969238,-8.47198963165283,"Unknown"
"7014855",371852,2025-06-09 06:01:11,43.1304740905762,-8.47176933288574,"Unknown"
"7014855",371852,2025-06-09 06:06:13,43.1299171447754,-8.47081851959229,"Unknown"
"7014855",371852,2025-06-09 06:11:10,43.1300163269043,-8.47088813781738,"Unknown"
"7014855",371852,2025-06-09 06:16:10,43.1301536560059,-8.47105884552002,"Unknown"
"7014855",371852,2025-06-09 06:21:08,43.1313591003418,-8.49759292602539,"Unknown"
"7014855",371852,2025-06-09 06:26:09,43.144962310791,-8.54004764556885,"Unknown"
"7014855",371852,2025-06-09 06:31:09,43.1676063537598,-8.57345485687256,"Unknown"
"7014855",371852,2025-06-09 06:36:08,43.1949081420898,-8.59561824798584,"Unknown"
"7014855",371852,2025-06-09 06:41:08,43.2201538085938,-8.63940715789795,"Unknown"
"7014855",371852,2025-06-09 06:46:08,43.2454414367676,-8.67902183532715,"Unknown"
"7014855",371852,2025-06-09 06:51:08,43.2735290527344,-8.70058536529541,"Unknown"
"7014855",371852,2025-06-09 06:56:18,43.2934379577637,-8.74588394165039,"Unknown"
"7014855",371852,2025-06-09 07:01:08,43.2937431335449,-8.74583053588867,"Unknown"
"7014855",371852,2025-06-09 07:06:09,43.3161392211914,-8.78082656860352,"Unknown"
"7014855",371852,2025-06-09 07:11:19,43.3361740112305,-8.82820510864258,"Unknown"
"7014855",371852,2025-06-09 07:16:11,43.3601493835449,-8.84748458862305,"Unknown"
"7014855",371852,2025-06-09 07:21:12,43.3605194091797,-8.84290790557861,"Unknown"
"7014855",371852,2025-06-09 07:26:13,43.3601493835449,-8.84307098388672,"Unknown"
"7014855",371852,2025-06-09 07:31:11,43.3607559204102,-8.84381008148193,"Unknown"
"7014855",371852,2025-06-09 07:36:10,43.3605575561523,-8.84304714202881,"Unknown"
"7014855",371852,2025-06-09 07:41:10,43.3605308532715,-8.84311199188232,"Unknown"
"7014855",371852,2025-06-09 07:46:10,43.3604965209961,-8.84310436248779,"Unknown"
"7014855",371852,2025-06-09 07:51:08,43.3604316711426,-8.843017578125,"Unknown"
"7014855",371852,2025-06-09 07:56:09,43.3605537414551,-8.84411430358887,"Unknown"
"7014855",371852,2025-06-09 08:01:09,43.359561920166,-8.84376335144043,"Unknown"
"7014855",371852,2025-06-09 08:06:08,43.3596992492676,-8.84353828430176,"Unknown"
"7014855",371852,2025-06-09 08:11:08,43.3596954345703,-8.84358692169189,"Unknown"
"7014855",371852,2025-06-09 08:16:09,43.3595695495605,-8.84365081787109,"Unknown"
"7014855",371852,2025-06-09 08:21:08,43.3595695495605,-8.84366798400879,"Unknown"
"7014855",371852,2025-06-09 08:26:09,43.3596687316895,-8.84361362457275,"Unknown"
"7014855",371852,2025-06-09 08:31:08,43.3595809936523,-8.84368896484375,"Unknown"
"7014855",371852,2025-06-09 08:36:08,43.3595809936523,-8.8438663482666,"Unknown"
"7014855",371852,2025-06-09 08:41:08,43.3596229553223,-8.84357643127441,"Unknown"
"7014855",371852,2025-06-09 08:46:08,43.3596496582031,-8.84354782104492,"Unknown"
"7014855",371852,2025-06-09 08:51:08,43.3596115112305,-8.84356307983398,"Unknown"
"7014855",371852,2025-06-09 08:56:08,43.3596382141113,-8.84349918365479,"Unknown"
"7014855",371852,2025-06-09 09:01:08,43.3598022460938,-8.8433666229248,"Unknown"
"7014855",371852,2025-06-09 09:06:08,43.3596420288086,-8.84342956542969,"Unknown"
"7014855",371852,2025-06-09 09:11:08,43.3597755432129,-8.84332275390625,"Unknown"
"7014855",371852,2025-06-09 09:16:08,43.3597831726074,-8.84329032897949,"Unknown"
"7014855",371852,2025-06-09 09:21:08,43.3598403930664,-8.84325504302979,"Unknown"
"7014855",371852,2025-06-09 09:26:08,43.3597602844238,-8.84325981140137,"Unknown"
"7014855",371852,2025-06-09 09:31:08,43.3597831726074,-8.84322834014893,"Unknown"
"7014855",371852,2025-06-09 09:36:08,43.3598213195801,-8.84321784973145,"Unknown"
"7014855",371852,2025-06-09 09:41:08,43.3597793579102,-8.84331607818604,"Unknown"
"7014855",371852,2025-06-09 09:46:08,43.3598365783691,-8.84315872192383,"Unknown"
"7014855",371852,2025-06-09 09:51:08,43.3598594665527,-8.84310626983643,"Unknown"
"7014855",371852,2025-06-09 09:56:08,43.3598480224609,-8.84317207336426,"Unknown"
"7014855",371852,2025-06-09 10:01:08,43.3596305847168,-8.8434886932373,"Unknown"
"7014855",371852,2025-06-09 10:06:08,43.359733581543,-8.84324645996094,"Unknown"
"7014855",371852,2025-06-09 10:11:10,43.3595733642578,-8.84288787841797,"Unknown"
"7014855",371852,2025-06-09 10:16:10,43.35986328125,-8.84318542480469,"Unknown"
"7014855",371852,2025-06-09 10:21:10,43.3598823547363,-8.84278774261475,"Unknown"
"7014855",371852,2025-06-09 10:26:09,43.3599739074707,-8.84265613555908,"Unknown"
"7014855",371852,2025-06-09 10:31:12,43.3601455688477,-8.84267616271973,"Unknown"
"7014855",371852,2025-06-09 10:36:09,43.3601684570312,-8.84263706207275,"Unknown"
"7014855",371852,2025-06-09 10:41:09,43.3605575561523,-8.84470176696777,"Unknown"
"7014855",371852,2025-06-09 10:46:08,43.3603019714355,-8.84281063079834,"Unknown"
"7014855",371852,2025-06-09 10:51:09,43.360164642334,-8.84284114837646,"Unknown"
"7014855",371852,2025-06-09 10:56:09,43.3603286743164,-8.84282302856445,"Unknown"
"7014855",371852,2025-06-09 11:01:10,43.3600807189941,-8.84319591522217,"Unknown"
"7014855",371852,2025-06-09 11:06:16,43.3602180480957,-8.84306335449219,"Unknown"
"7014855",371852,2025-06-09 11:11:08,43.3602714538574,-8.84295845031738,"Unknown"
"7014855",371852,2025-06-09 11:16:11,43.3602600097656,-8.8430233001709,"Unknown"
"7014855",371852,2025-06-09 11:21:18,43.3602638244629,-8.84304618835449,"Unknown"
"7014855",371852,2025-06-09 11:26:10,43.3602142333984,-8.84313488006592,"Unknown"
"7014855",371852,2025-06-09 11:31:10,43.3601570129395,-8.84289169311523,"Unknown"
"7014855",371852,2025-06-09 11:36:10,43.3601493835449,-8.84303569793701,"Unknown"
"7014855",371852,2025-06-09 11:41:08,43.3600654602051,-8.84323596954346,"Unknown"
"7014855",371852,2025-06-09 11:46:12,43.359920501709,-8.84335136413574,"Unknown"
"7014855",371852,2025-06-09 11:51:08,43.3601875305176,-8.84303092956543,"Unknown"
"7014855",371852,2025-06-09 11:56:15,43.3600273132324,-8.84325504302979,"Unknown"
"7014855",371852,2025-06-09 12:01:09,43.3601226806641,-8.84286594390869,"Unknown"
"7014855",371852,2025-06-09 12:06:18,43.359977722168,-8.84332656860352,"Unknown"
"7014855",371852,2025-06-09 12:11:08,43.360050201416,-8.84299945831299,"Unknown"
"7014855",371852,2025-06-09 12:16:16,43.3601493835449,-8.84365177154541,"Unknown"
"7014855",371852,2025-06-09 12:21:18,43.3599586486816,-8.84336471557617,"Unknown"
"7014855",371852,2025-06-09 12:26:11,43.3599739074707,-8.84305763244629,"Unknown"
"7014855",371852,2025-06-09 12:31:13,43.3599395751953,-8.8434944152832,"Unknown"
"7014855",371852,2025-06-09 12:36:12,43.3599510192871,-8.84325981140137,"Unknown"
"7014855",371852,2025-06-09 12:41:12,43.3598213195801,-8.8433952331543,"Unknown"
"7014855",371852,2025-06-09 12:46:17,43.3597946166992,-8.84303855895996,"Unknown"
"7014855",371852,2025-06-09 12:51:12,43.3598785400391,-8.84351348876953,"Unknown"
"7014855",371852,2025-06-09 12:56:15,43.3598327636719,-8.84335994720459,"Unknown"
"7014855",371852,2025-06-09 13:01:13,43.3595657348633,-8.84280490875244,"Unknown"
"7014855",371852,2025-06-09 13:06:09,43.35986328125,-8.8430643081665,"Unknown"
"7014855",371852,2025-06-09 13:11:35,43.3601036071777,-8.84310245513916,"Unknown"
"7014855",371852,2025-06-09 13:16:08,43.3600044250488,-8.84324836730957,"Unknown"
"7014855",371852,2025-06-09 13:21:08,43.3600158691406,-8.84325504302979,"Unknown"
"7014855",371852,2025-06-09 13:26:08,43.3599815368652,-8.84322071075439,"Unknown"
"7014855",371852,2025-06-09 13:31:08,43.359992980957,-8.84316730499268,"Unknown"
"7014855",371852,2025-06-09 13:36:09,43.3599395751953,-8.84320735931396,"Unknown"
"7014855",371852,2025-06-09 13:41:07,43.3600196838379,-8.84319496154785,"Unknown"
"7014855",371852,2025-06-09 13:46:07,43.3600234985352,-8.84323310852051,"Unknown"
"7014855",371852,2025-06-09 13:51:07,43.3600616455078,-8.84316539764404,"Unknown"
"7014855",371852,2025-06-09 13:56:07,43.3599967956543,-8.84319972991943,"Unknown"
"7014855",371852,2025-06-09 14:01:07,43.3601226806641,-8.84308528900146,"Unknown"
"7014855",371852,2025-06-09 14:06:07,43.3601379394531,-8.8430643081665,"Unknown"
"7014855",371852,2025-06-09 14:11:08,43.3600883483887,-8.84308528900146,"Unknown"
"7014855",371852,2025-06-09 14:16:08,43.3601379394531,-8.84317874908447,"Unknown"
"7014855",371852,2025-06-09 14:21:08,43.360050201416,-8.84310054779053,"Unknown"
"7014855",371852,2025-06-09 14:26:08,43.3601837158203,-8.84308528900146,"Unknown"
"7014855",371852,2025-06-09 14:31:08,43.3601341247559,-8.84303855895996,"Unknown"
"7014855",371852,2025-06-09 14:36:08,43.3600959777832,-8.84305572509766,"Unknown"
"7014855",371852,2025-06-09 14:41:08,43.3600425720215,-8.84312725067139,"Unknown"
"7014855",371852,2025-06-09 14:46:08,43.3601684570312,-8.84307861328125,"Unknown"
"7014855",371852,2025-06-09 14:51:08,43.3594627380371,-8.84266090393066,"Unknown"
"7014855",371852,2025-06-09 14:56:09,43.3599586486816,-8.84301948547363,"Unknown"
"7014855",371852,2025-06-09 15:01:08,43.3599815368652,-8.84310626983643,"Unknown"
"7014855",371852,2025-06-09 15:06:08,43.3600120544434,-8.84307861328125,"Unknown"
"7014855",371852,2025-06-09 15:11:08,43.3600463867188,-8.84301376342773,"Unknown"
"7014855",371852,2025-06-09 15:16:11,43.3606185913086,-8.84367847442627,"Unknown"
"7014855",371852,2025-06-09 15:21:08,43.3606338500977,-8.84341907501221,"Unknown"
"7014855",371852,2025-06-09 15:26:08,43.3599433898926,-8.84300899505615,"Unknown"
"7014855",371852,2025-06-09 15:31:08,43.3606033325195,-8.84346675872803,"Unknown"
"7014855",371852,2025-06-09 15:36:10,43.3604354858398,-8.84331798553467,"Unknown"
"7014855",371852,2025-06-09 15:41:08,43.3604469299316,-8.84323978424072,"Unknown"
"7014855",371852,2025-06-09 15:46:09,43.3593482971191,-8.84228801727295,"Unknown"
"7014855",371852,2025-06-09 15:51:08,43.3607559204102,-8.84391307830811,"Unknown"
"7014855",371852,2025-06-09 15:56:08,43.3598518371582,-8.84286403656006,"Unknown"
"7014855",371852,2025-06-09 16:01:16,43.3606109619141,-8.84583473205566,"Unknown"
"7014855",371852,2025-06-09 16:06:10,43.327709197998,-8.85249328613281,"Unknown"
"7014855",371852,2025-06-09 16:11:10,43.3200950622559,-8.83909893035889,"Unknown"
"7014855",371852,2025-06-09 16:16:09,43.3200988769531,-8.83895587921143,"Unknown"
"7014855",371852,2025-06-09 16:21:09,43.3202056884766,-8.83914184570312,"Unknown"
"7014855",371852,2025-06-09 16:26:09,43.3200035095215,-8.83870697021484,"Unknown"
"7014855",371852,2025-06-09 16:31:12,43.3202934265137,-8.83830451965332,"Unknown"
"7014855",371852,2025-06-09 16:36:09,43.319995880127,-8.8387975692749,"Unknown"
"7014855",371852,2025-06-09 16:41:09,43.3200912475586,-8.83887195587158,"Unknown"
"7014855",371852,2025-06-09 16:46:09,43.320125579834,-8.83900833129883,"Unknown"
"7014855",371852,2025-06-09 16:51:10,43.3199462890625,-8.83897304534912,"Unknown"
"7014855",371852,2025-06-09 16:56:10,43.3196258544922,-8.83989143371582,"Unknown"
"7014855",371852,2025-06-09 17:01:09,43.3201026916504,-8.84860229492188,"Unknown"
"7014855",371852,2025-06-09 17:06:10,43.3138999938965,-8.85797309875488,"Unknown"
"7014855",371852,2025-06-09 17:11:08,43.3139877319336,-8.85788631439209,"Unknown"
"7014855",371852,2025-06-09 17:16:11,43.3140487670898,-8.85783386230469,"Unknown"
"7014855",371852,2025-06-09 17:21:12,43.3286285400391,-8.84762382507324,"Unknown"
"7014855",371852,2025-06-09 17:26:09,43.3492736816406,-8.85134315490723,"Unknown"
"7014855",371852,2025-06-09 17:31:11,43.3602600097656,-8.84353637695312,"Unknown"
"7014855",371852,2025-06-09 17:36:11,43.3602752685547,-8.84352207183838,"Unknown"
"7014855",371852,2025-06-09 17:41:13,43.3603057861328,-8.84347629547119,"Unknown"
"7014855",371852,2025-06-09 17:46:12,43.3602523803711,-8.84353446960449,"Unknown"
"7014855",371852,2025-06-09 17:51:09,43.3601951599121,-8.8435640335083,"Unknown"
"7014855",371852,2025-06-09 17:56:10,43.3603210449219,-8.84338760375977,"Unknown"
"7014855",371852,2025-06-09 18:01:11,43.3605422973633,-8.84308052062988,"Unknown"
"7014855",371852,2025-06-09 18:06:10,43.3605117797852,-8.84312152862549,"Unknown"
"7014855",371852,2025-06-09 18:11:09,43.3604583740234,-8.8432092666626,"Unknown"
"7014855",371852,2025-06-09 18:16:09,43.3605766296387,-8.84307861328125,"Unknown"
"7014855",371852,2025-06-09 18:21:09,43.3605537414551,-8.84313488006592,"Unknown"
"7014855",371852,2025-06-09 18:26:10,43.3605346679688,-8.84318161010742,"Unknown"
"7014855",371852,2025-06-09 18:31:10,43.3605728149414,-8.84311389923096,"Unknown"
"7014855",371852,2025-06-09 18:36:11,43.3605155944824,-8.84335136413574,"Unknown"
"7014855",371852,2025-06-09 18:41:10,43.3605575561523,-8.84318828582764,"Unknown"
"7014855",371852,2025-06-09 18:46:10,43.3605918884277,-8.84313678741455,"Unknown"
"7014855",371852,2025-06-09 18:51:10,43.3605842590332,-8.84316062927246,"Unknown"
"7014855",371852,2025-06-09 18:56:11,43.3604393005371,-8.84319591522217,"Unknown"
"7014855",371852,2025-06-09 19:01:10,43.3462219238281,-8.83491039276123,"Unknown"
"7014855",371852,2025-06-09 19:06:11,43.3202705383301,-8.8382682800293,"Unknown"
"7014855",371852,2025-06-09 19:11:10,43.3091506958008,-8.84524917602539,"Unknown"
"7014855",371852,2025-06-09 19:16:11,43.2950820922852,-8.83982563018799,"Unknown"
"7014855",371852,2025-06-09 19:21:11,43.2950286865234,-8.83987236022949,"Unknown"
"7014855",371852,2025-06-09 19:26:18,43.295482635498,-8.84025955200195,"Unknown"
"7014855",371852,2025-06-09 19:31:10,43.2974815368652,-8.84012508392334,"Unknown"
"7014855",371852,2025-06-09 19:36:10,43.3150520324707,-8.85640430450439,"Unknown"
"7014855",371852,2025-06-09 19:41:10,43.3209457397461,-8.85511016845703,"Unknown"
"7014855",371852,2025-06-09 19:46:11,43.3198089599609,-8.8468189239502,"Unknown"
"7014855",371852,2025-06-09 19:51:10,43.3375053405762,-8.84656715393066,"Unknown"
"7014855",371852,2025-06-09 19:56:10,43.3454933166504,-8.83309650421143,"Unknown"
"7014855",371852,2025-06-09 20:01:11,43.3605880737305,-8.84291934967041,"Unknown"
"7014855",371852,2025-06-09 20:06:13,43.360408782959,-8.84290027618408,"Unknown"
"7014855",371852,2025-06-09 20:11:11,43.3607063293457,-8.84285354614258,"Unknown"
"7014855",371852,2025-06-09 20:16:12,43.3604888916016,-8.84289073944092,"Unknown"
"7014855",371852,2025-06-09 20:21:11,43.3605918884277,-8.84289646148682,"Unknown"
"7014855",371852,2025-06-09 20:26:11,43.360767364502,-8.84274005889893,"Unknown"
"7014855",371852,2025-06-09 20:31:11,43.3605613708496,-8.84289455413818,"Unknown"
"7014855",371852,2025-06-09 20:36:17,43.3601188659668,-8.84305191040039,"Unknown"
"7014855",371852,2025-06-09 20:41:12,43.360034942627,-8.84316539764404,"Unknown"
"7014855",371852,2025-06-09 20:46:10,43.3602066040039,-8.84300327301025,"Unknown"
"7014855",371852,2025-06-09 20:51:10,43.3600807189941,-8.8431510925293,"Unknown"
"7014855",371852,2025-06-09 20:56:10,43.3600654602051,-8.84323406219482,"Unknown"
"7014855",371852,2025-06-09 21:01:10,43.3601722717285,-8.84301948547363,"Unknown"
"7014855",371852,2025-06-09 21:06:10,43.3601264953613,-8.84321308135986,"Unknown"
"7014855",371852,2025-06-09 21:11:10,43.3597755432129,-8.84316921234131,"Unknown"
"7014855",371852,2025-06-09 21:16:10,43.3600807189941,-8.84306907653809,"Unknown"
"7014855",371852,2025-06-09 21:21:12,43.3600769042969,-8.84320735931396,"Unknown"
"7014855",371852,2025-06-09 21:26:14,43.3600273132324,-8.84339046478271,"Unknown"
"7014855",371852,2025-06-09 21:31:10,43.3599624633789,-8.842942237854,"Unknown"
"7014855",371852,2025-06-09 21:36:11,43.3598480224609,-8.84305286407471,"Unknown"
"7014855",371852,2025-06-09 21:41:12,43.3600769042969,-8.843092918396,"Unknown"
"7014855",371852,2025-06-09 21:46:13,43.3598594665527,-8.84285163879395,"Unknown"
"7014855",371852,2025-06-09 21:51:12,43.3595695495605,-8.84260940551758,"Unknown"
"7014855",371852,2025-06-09 21:56:13,43.3592872619629,-8.84209632873535,"Unknown"
"7014855",371852,2025-06-09 22:01:11,43.3592796325684,-8.84204864501953,"Unknown"
"7014855",371852,2025-06-09 22:06:11,43.359561920166,-8.84228038787842,"Unknown"
"7014855",371852,2025-06-09 22:11:11,43.3594627380371,-8.84227466583252,"Unknown"
"7014855",371852,2025-06-09 22:16:35,43.3602638244629,-8.84317779541016,"Unknown"
"7014855",371852,2025-06-09 22:21:09,43.3600540161133,-8.84304428100586,"Unknown"
"7014855",371852,2025-06-09 22:26:09,43.3600425720215,-8.8429069519043,"Unknown"
"7014855",371852,2025-06-09 22:31:10,43.3599891662598,-8.84294605255127,"Unknown"
"7014855",371852,2025-06-09 22:36:09,43.3601531982422,-8.84318351745605,"Unknown"
"7014855",371852,2025-06-09 22:41:10,43.3598899841309,-8.84282779693604,"Unknown"
"7014855",371852,2025-06-09 22:46:10,43.3599510192871,-8.84284782409668,"Unknown"
"7014855",371852,2025-06-09 22:51:10,43.360107421875,-8.84307479858398,"Unknown"
"7014855",371852,2025-06-09 22:56:09,43.3599395751953,-8.84283828735352,"Unknown"
"7014855",371852,2025-06-09 23:01:10,43.3600654602051,-8.8430118560791,"Unknown"
"7014855",371852,2025-06-09 23:06:10,43.3599967956543,-8.84289455413818,"Unknown"
"7014855",371852,2025-06-09 23:11:09,43.359992980957,-8.84290885925293,"Unknown"
"7014855",371852,2025-06-09 23:16:10,43.3600883483887,-8.84309101104736,"Unknown"
"7014855",371852,2025-06-09 23:21:10,43.3600273132324,-8.84310340881348,"Unknown"
"7014855",371852,2025-06-09 23:26:12,43.3599853515625,-8.84315299987793,"Unknown"
"7014855",371852,2025-06-09 23:31:11,43.3601188659668,-8.8431224822998,"Unknown"
"7014855",371852,2025-06-09 23:36:10,43.3599090576172,-8.84336853027344,"Unknown"
"7014855",371852,2025-06-09 23:41:11,43.359992980957,-8.84325981140137,"Unknown"
"7014855",371852,2025-06-09 23:46:10,43.3600006103516,-8.8432502746582,"Unknown"
"7014855",371852,2025-06-09 23:51:10,43.3599853515625,-8.84327602386475,"Unknown"
"7014855",371852,2025-06-09 23:56:10,43.3600730895996,-8.84316921234131,"Unknown"
"7014855",371852,2025-06-10 00:01:10,43.3600540161133,-8.84322071075439,"Unknown"
"7014855",371852,2025-06-10 00:06:11,43.3601150512695,-8.84320545196533,"Unknown"
"7014855",371852,2025-06-10 00:11:10,43.3600540161133,-8.84327125549316,"Unknown"
"7014855",371852,2025-06-10 00:16:11,43.3600387573242,-8.84323215484619,"Unknown"
"7014855",371852,2025-06-10 00:21:11,43.3600997924805,-8.84321117401123,"Unknown"
"7014855",371852,2025-06-10 00:26:12,43.3600883483887,-8.8430757522583,"Unknown"
"7014855",371852,2025-06-10 00:31:16,43.359935760498,-8.84305191040039,"Unknown"
"7014855",371852,2025-06-10 00:36:11,43.3601684570312,-8.84309387207031,"Unknown"
"7014855",371852,2025-06-10 00:41:10,43.3600807189941,-8.84304618835449,"Unknown"
"7014855",371852,2025-06-10 00:46:35,43.3599586486816,-8.84299182891846,"Unknown"
"7014855",371852,2025-06-10 00:51:13,43.3599739074707,-8.84306526184082,"Unknown"
"7014855",371852,2025-06-10 00:56:16,43.3599586486816,-8.84313297271729,"Unknown"
"7014855",371852,2025-06-10 01:01:14,43.3600006103516,-8.84305286407471,"Unknown"
"7014855",371852,2025-06-10 01:06:13,43.3600120544434,-8.84303283691406,"Unknown"
"7014855",371852,2025-06-10 01:11:09,43.3599510192871,-8.8430643081665,"Unknown"
"7014855",371852,2025-06-10 01:16:09,43.3596496582031,-8.84286499023438,"Unknown"
"7014855",371852,2025-06-10 01:21:10,43.3601226806641,-8.84317684173584,"Unknown"
"7014855",371852,2025-06-10 01:26:11,43.3601989746094,-8.84309673309326,"Unknown"
"7014855",371852,2025-06-10 01:31:11,43.3602180480957,-8.84306621551514,"Unknown"
"7014855",371852,2025-06-10 01:36:11,43.3601608276367,-8.84312152862549,"Unknown"
"7014855",371852,2025-06-10 01:41:11,43.3601493835449,-8.84318161010742,"Unknown"
"7014855",371852,2025-06-10 01:46:11,43.3601875305176,-8.84315013885498,"Unknown"
"7014855",371852,2025-06-10 01:51:16,43.3601684570312,-8.84319972991943,"Unknown"
"7014855",371852,2025-06-10 01:56:14,43.3602409362793,-8.8432445526123,"Unknown"
"7014855",371852,2025-06-10 02:01:14,43.3601531982422,-8.8431453704834,"Unknown"
"7014855",371852,2025-06-10 02:06:16,43.3603591918945,-8.84314346313477,"Unknown"
"7014855",371852,2025-06-10 02:11:20,43.3603935241699,-8.84324836730957,"Unknown"
"7014855",371852,2025-06-10 02:16:20,43.3604202270508,-8.8431921005249,"Unknown"
"7014855",371852,2025-06-10 02:21:19,43.3603668212891,-8.84316921234131,"Unknown"
"7014855",371852,2025-06-10 02:26:18,43.3603401184082,-8.84335517883301,"Unknown"
"7014855",371852,2025-06-10 02:31:24,43.3604927062988,-8.84294033050537,"Unknown"
"7014855",371852,2025-06-10 02:36:28,43.3603744506836,-8.8430004119873,"Unknown"
"7014855",371852,2025-06-10 02:41:21,43.3603248596191,-8.84290218353271,"Unknown"
"7014855",371852,2025-06-10 02:46:24,43.3603210449219,-8.84293651580811,"Unknown"
"7014855",371852,2025-06-10 02:51:14,43.3603668212891,-8.84313583374023,"Unknown"
"7014855",371852,2025-06-10 02:56:13,43.3603248596191,-8.84344100952148,"Unknown"
"7014855",371852,2025-06-10 03:01:25,43.3602905273438,-8.84310531616211,"Unknown"
"7014855",371852,2025-06-10 03:06:14,43.3601837158203,-8.84310626983643,"Unknown"
"7014855",371852,2025-06-10 03:11:19,43.360221862793,-8.84316253662109,"Unknown"
"7014855",371852,2025-06-10 03:16:19,43.3603057861328,-8.84319114685059,"Unknown"
"7014855",371852,2025-06-10 03:21:18,43.3601417541504,-8.84342670440674,"Unknown"
"7014855",371852,2025-06-10 03:26:16,43.3601417541504,-8.84332466125488,"Unknown"
"7014855",371852,2025-06-10 03:31:17,43.3601531982422,-8.84340286254883,"Unknown"
"7014855",371852,2025-06-10 03:36:16,43.3600807189941,-8.84336471557617,"Unknown"
"7014855",371852,2025-06-10 03:41:35,43.3600883483887,-8.84304046630859,"Unknown"
"7014855",371852,2025-06-10 03:46:10,43.3600730895996,-8.84287643432617,"Unknown"
"7014855",371852,2025-06-10 03:51:10,43.3600234985352,-8.84299373626709,"Unknown"
"7014855",371852,2025-06-10 03:56:11,43.3600082397461,-8.84298706054688,"Unknown"
"7014855",371852,2025-06-10 04:01:09,43.3600463867188,-8.8430004119873,"Unknown"
"7014855",371852,2025-06-10 04:06:10,43.3600463867188,-8.84298133850098,"Unknown"
"7014855",371852,2025-06-10 04:11:11,43.3601112365723,-8.84306907653809,"Unknown"
"7014855",371852,2025-06-10 04:16:13,43.3600425720215,-8.84305477142334,"Unknown"
"7014855",371852,2025-06-10 04:21:11,43.3600654602051,-8.8430118560791,"Unknown"
"7014855",371852,2025-06-10 04:26:10,43.3601493835449,-8.84306049346924,"Unknown"
"7014855",371852,2025-06-10 04:31:10,43.3601875305176,-8.84327983856201,"Unknown"
"7014855",371852,2025-06-10 04:36:11,43.3601379394531,-8.84301662445068,"Unknown"
"7014855",371852,2025-06-10 04:41:10,43.360408782959,-8.84333419799805,"Unknown"
"7014855",371852,2025-06-10 04:46:10,43.3603324890137,-8.84334278106689,"Unknown"
"7014855",371852,2025-06-10 04:51:11,43.360237121582,-8.8433837890625,"Unknown"
"7014855",371852,2025-06-10 04:56:11,43.355655670166,-8.83831405639648,"Unknown"
"7014855",371852,2025-06-10 05:01:17,43.3223304748535,-8.8339319229126,"Unknown"
"7014855",371852,2025-06-10 05:06:14,43.2945556640625,-8.83969306945801,"Unknown"
"7014855",371852,2025-06-10 05:11:21,43.2944030761719,-8.83979606628418,"Unknown"
"7014855",371852,2025-06-10 05:16:14,43.2946014404297,-8.8397159576416,"Unknown"
"7014855",371852,2025-06-10 05:21:10,43.2907943725586,-8.83605670928955,"Unknown"
"7014855",371852,2025-06-10 05:26:16,43.2888221740723,-8.83263969421387,"Unknown"
"7014855",371852,2025-06-10 05:31:13,43.2918891906738,-8.83239936828613,"Unknown"
"7014855",371852,2025-06-10 05:36:17,43.2916641235352,-8.83267498016357,"Unknown"
"7014855",371852,2025-06-10 05:41:15,43.2918815612793,-8.83308506011963,"Unknown"
"7014855",371852,2025-06-10 05:46:18,43.2918510437012,-8.83217239379883,"Unknown"
"7014855",371852,2025-06-10 05:51:18,43.2915229797363,-8.83329677581787,"Unknown"
"7014855",371852,2025-06-10 05:56:15,43.2898864746094,-8.83315753936768,"Unknown"
"7014855",371852,2025-06-10 06:01:12,43.2906265258789,-8.83301734924316,"Unknown"
"7014855",371852,2025-06-10 06:06:16,43.2906112670898,-8.83387088775635,"Unknown"
"7014855",371852,2025-06-10 06:11:18,43.2902717590332,-8.83384037017822,"Unknown"
"7014855",371852,2025-06-10 06:16:19,43.2882766723633,-8.83270263671875,"Unknown"
"7014855",371852,2025-06-10 06:21:13,43.2941970825195,-8.83947849273682,"Unknown"
"7014855",371852,2025-06-10 06:26:44,43.2957763671875,-8.83942413330078,"Unknown"
"7014855",371852,2025-06-10 06:31:11,43.3142051696777,-8.85653209686279,"Unknown"
"7014855",371852,2025-06-10 06:36:10,43.316967010498,-8.85792541503906,"Unknown"
"7014855",371852,2025-06-10 06:41:11,43.3271026611328,-8.85389709472656,"Unknown"
"7014855",371852,2025-06-10 06:46:58,43.360710144043,-8.84717464447021,"Unknown"
"7014855",371852,2025-06-10 06:51:17,43.3600921630859,-8.8433666229248,"Unknown"
"7014855",371852,2025-06-10 06:56:16,43.360034942627,-8.84332942962646,"Unknown"
"7014855",371852,2025-06-10 07:01:13,43.3600769042969,-8.843337059021,"Unknown"
"7014855",371852,2025-06-10 07:06:15,43.3601531982422,-8.84316158294678,"Unknown"
"7014855",371852,2025-06-10 07:11:16,43.3601341247559,-8.84313488006592,"Unknown"
"7014855",371852,2025-06-10 07:16:16,43.3601379394531,-8.84298133850098,"Unknown"
"7014855",371852,2025-06-10 07:21:12,43.3602561950684,-8.84332752227783,"Unknown"
"7014855",371852,2025-06-10 07:26:16,43.3601303100586,-8.84299182891846,"Unknown"
"7014855",371852,2025-06-10 07:31:33,43.360107421875,-8.84281158447266,"Unknown"
"7014855",371852,2025-06-10 07:36:10,43.3599739074707,-8.84279918670654,"Unknown"
"7014855",371852,2025-06-10 07:41:11,43.3600578308105,-8.84304523468018,"Unknown"
"7014855",371852,2025-06-10 07:46:11,43.3597679138184,-8.84213542938232,"Unknown"
"7014855",371852,2025-06-10 07:51:18,43.3599510192871,-8.84296131134033,"Unknown"
"7014855",371852,2025-06-10 07:56:11,43.3803329467773,-8.84947109222412,"Unknown"
"7014855",371852,2025-06-10 08:01:10,43.3744659423828,-8.85609340667725,"Unknown"
"7014855",371852,2025-06-10 08:06:10,43.3507461547852,-8.85185146331787,"Unknown"
"7014855",371852,2025-06-10 08:11:10,43.3285713195801,-8.85255908966064,"Unknown"
"7014855",371852,2025-06-10 08:16:10,43.3033676147461,-8.84620094299316,"Unknown"
"7014855",371852,2025-06-10 08:21:11,43.2933731079102,-8.83742427825928,"Unknown"
"7014855",371852,2025-06-10 08:26:10,43.2905120849609,-8.83805751800537,"Unknown"
"7014855",371852,2025-06-10 08:31:10,43.2802429199219,-8.8221549987793,"Unknown"
"7014855",371852,2025-06-10 08:36:10,43.2788162231445,-8.82474994659424,"Unknown"
"7014855",371852,2025-06-10 08:41:09,43.2555770874023,-8.81604862213135,"Unknown"
"7014855",371852,2025-06-10 08:46:10,43.246711730957,-8.8051700592041,"Unknown"
"7014855",371852,2025-06-10 08:51:10,43.218563079834,-8.78985691070557,"Unknown"
"7014855",371852,2025-06-10 08:56:10,43.2187957763672,-8.79024314880371,"Unknown"
"7014855",371852,2025-06-10 09:01:10,43.2255554199219,-8.76245021820068,"Unknown"
"7014855",371852,2025-06-10 09:06:12,43.215160369873,-8.74533367156982,"Unknown"
"7014855",371852,2025-06-10 09:11:10,43.2158508300781,-8.72602081298828,"Unknown"
"7014855",371852,2025-06-10 09:16:11,43.2258796691895,-8.70608615875244,"Unknown"
"7014855",371852,2025-06-10 09:21:15,43.224063873291,-8.68497180938721,"Unknown"
"7014855",371852,2025-06-10 09:26:10,43.2219734191895,-8.65499687194824,"Unknown"
"7014855",371852,2025-06-10 09:31:10,43.2072639465332,-8.63424491882324,"Unknown"
"7014855",371852,2025-06-10 09:36:11,43.1980819702148,-8.61944675445557,"Unknown"
"7014855",371852,2025-06-10 09:41:10,43.1825790405273,-8.58005332946777,"Unknown"
"7014855",371852,2025-06-10 09:46:12,43.1746520996094,-8.55282306671143,"Unknown"
"7014855",371852,2025-06-10 09:51:22,43.1617012023926,-8.53409194946289,"Unknown"
"7014855",371852,2025-06-10 09:56:29,43.1441459655762,-8.49808883666992,"Unknown"
"7014855",371852,2025-06-10 10:01:12,43.1310005187988,-8.47240543365479,"Unknown"
"7014855",371852,2025-06-10 10:06:33,43.1305160522461,-8.4712438583374,"Unknown"
"7014855",371852,2025-06-10 10:11:11,43.1326675415039,-8.46818542480469,"Unknown"
"7014855",371852,2025-06-10 10:16:34,43.1446113586426,-8.47440719604492,"Unknown"
"7014855",371852,2025-06-10 10:21:10,43.1552276611328,-8.48874568939209,"Unknown"
"7014855",371852,2025-06-10 10:26:10,43.161808013916,-8.51953125,"Unknown"
"7014855",371852,2025-06-10 10:31:10,43.1654930114746,-8.52849292755127,"Unknown"
"7014855",371852,2025-06-10 10:36:10,43.1801795959473,-8.53503608703613,"Unknown"
"7014855",371852,2025-06-10 10:41:10,43.2111320495605,-8.57090091705322,"Unknown"
"7014855",371852,2025-06-10 10:46:10,43.2312774658203,-8.60996341705322,"Unknown"
"7014855",371852,2025-06-10 10:51:11,43.2491264343262,-8.63019943237305,"Unknown"
"7014855",371852,2025-06-10 10:56:11,43.2728881835938,-8.64420032501221,"Unknown"
"7014855",371852,2025-06-10 11:01:10,43.2917938232422,-8.66773986816406,"Unknown"
"7014855",371852,2025-06-10 11:06:11,43.2918930053711,-8.66681003570557,"Unknown"
"7014855",371852,2025-06-10 11:11:35,43.2918701171875,-8.66687107086182,"Unknown"
"7014855",371852,2025-06-10 11:16:11,43.2918319702148,-8.66677665710449,"Unknown"
"7014855",371852,2025-06-10 11:21:10,43.2918701171875,-8.66753768920898,"Unknown"
"7014855",371852,2025-06-10 11:26:11,43.302734375,-8.67040729522705,"Unknown"
"7014855",371852,2025-06-10 11:31:13,43.3024787902832,-8.67115116119385,"Unknown"
"7014855",371852,2025-06-10 11:36:11,43.3025054931641,-8.67110538482666,"Unknown"
"7014855",371852,2025-06-10 11:41:11,43.3025321960449,-8.67100811004639,"Unknown"
"7014855",371852,2025-06-10 11:46:11,43.3026390075684,-8.67048454284668,"Unknown"
"7014855",371852,2025-06-10 11:51:12,43.3026008605957,-8.6702880859375,"Unknown"
"7014855",371852,2025-06-10 11:56:12,43.3027725219727,-8.67018604278564,"Unknown"
"7014855",371852,2025-06-10 12:01:10,43.3022918701172,-8.67279434204102,"Unknown"
"7014855",371852,2025-06-10 12:06:10,43.2923278808594,-8.69789218902588,"Unknown"
"7014855",371852,2025-06-10 12:11:13,43.2923355102539,-8.69784641265869,"Unknown"
"7014855",371852,2025-06-10 12:16:10,43.2953834533691,-8.70943546295166,"Unknown"
"7014855",371852,2025-06-10 12:21:10,43.2972793579102,-8.73283004760742,"Unknown"
"7014855",371852,2025-06-10 12:26:10,43.3174285888672,-8.76130771636963,"Unknown"
"7014855",371852,2025-06-10 12:31:11,43.3385581970215,-8.8007698059082,"Unknown"
"7014855",371852,2025-06-10 12:36:10,43.3558654785156,-8.84378242492676,"Unknown"
"7014855",371852,2025-06-10 12:41:13,43.3599700927734,-8.84324932098389,"Unknown"
"7014855",371852,2025-06-10 12:46:17,43.359992980957,-8.84330749511719,"Unknown"
"7014855",371852,2025-06-10 12:51:18,43.3600082397461,-8.84305477142334,"Unknown"
"7014855",371852,2025-06-10 12:57:33,43.3608627319336,-8.8444299697876,"Unknown"
"7014855",371852,2025-06-10 13:02:33,43.3611679077148,-8.84399223327637,"Unknown"
"7014855",371852,2025-06-10 13:06:19,43.3601989746094,-8.84290218353271,"Unknown"
"7014855",371852,2025-06-10 13:11:15,43.3601264953613,-8.84292697906494,"Unknown"
"7014855",371852,2025-06-10 13:16:13,43.360424041748,-8.84293746948242,"Unknown"
"7014855",371852,2025-06-10 13:21:17,43.360481262207,-8.84303855895996,"Unknown"
"7014855",371852,2025-06-10 13:26:13,43.3604049682617,-8.84311866760254,"Unknown"
"7014855",371852,2025-06-10 13:31:13,43.3605346679688,-8.8431568145752,"Unknown"
"7014855",371852,2025-06-10 13:36:11,43.3601303100586,-8.84298610687256,"Unknown"
"7014855",371852,2025-06-10 13:41:11,43.3598594665527,-8.84322929382324,"Unknown"
"7014855",371852,2025-06-10 13:46:31,43.3599090576172,-8.84329795837402,"Unknown"
"7014855",371852,2025-06-10 13:51:12,43.3600769042969,-8.8433141708374,"Unknown"
"7014855",371852,2025-06-10 13:56:12,43.3600692749023,-8.84344387054443,"Unknown"
"7014855",371852,2025-06-10 14:01:20,43.3599853515625,-8.84316158294678,"Unknown"
"7014855",371852,2025-06-10 14:06:12,43.359935760498,-8.84322452545166,"Unknown"
"7014855",371852,2025-06-10 14:11:11,43.3599586486816,-8.84319686889648,"Unknown"
"7014855",371852,2025-06-10 14:16:15,43.3599014282227,-8.84340667724609,"Unknown"
"7014855",371852,2025-06-10 14:21:13,43.3599586486816,-8.84332942962646,"Unknown"
"7014855",371852,2025-06-10 14:26:11,43.3599052429199,-8.8432731628418,"Unknown"
"7014855",371852,2025-06-10 14:31:11,43.359977722168,-8.84323978424072,"Unknown"
"7014855",371852,2025-06-10 14:36:11,43.3598594665527,-8.84316158294678,"Unknown"
"7014855",371852,2025-06-10 14:41:12,43.3602180480957,-8.84306621551514,"Unknown"
"7014855",371852,2025-06-10 14:46:10,43.3599662780762,-8.84301567077637,"Unknown"
"7014855",371852,2025-06-10 14:51:10,43.3601036071777,-8.84324741363525,"Unknown"
"7014855",371852,2025-06-10 14:56:20,43.3599624633789,-8.84305667877197,"Unknown"
"7014855",371852,2025-06-10 15:01:19,43.3599853515625,-8.84309005737305,"Unknown"
"7014855",371852,2025-06-10 15:06:15,43.3601036071777,-8.84311676025391,"Unknown"
"7014855",371852,2025-06-10 15:11:35,43.3599739074707,-8.84309387207031,"Unknown"
"7014855",371852,2025-06-10 15:16:10,43.3600463867188,-8.84309482574463,"Unknown"
"7014855",371852,2025-06-10 15:21:10,43.3600120544434,-8.84309482574463,"Unknown"
"7014855",371852,2025-06-10 15:26:10,43.3599891662598,-8.84311485290527,"Unknown"
"7014855",371852,2025-06-10 15:31:10,43.3600425720215,-8.84312725067139,"Unknown"
"7014855",371852,2025-06-10 15:36:10,43.3599891662598,-8.8431396484375,"Unknown"
"7014855",371852,2025-06-10 15:41:10,43.3600120544434,-8.84310054779053,"Unknown"
"7014855",371852,2025-06-10 15:46:10,43.3600044250488,-8.84309864044189,"Unknown"
"7014855",371852,2025-06-10 15:51:11,43.3600120544434,-8.84310054779053,"Unknown"
"7014855",371852,2025-06-10 15:56:10,43.3600082397461,-8.84309673309326,"Unknown"
"7014855",371852,2025-06-10 16:01:10,43.3600578308105,-8.84310913085938,"Unknown"
"7014855",371852,2025-06-10 16:06:10,43.3601036071777,-8.84308910369873,"Unknown"
"7014855",371852,2025-06-10 16:11:11,43.3600425720215,-8.8430643081665,"Unknown"
"7014855",371852,2025-06-10 16:16:10,43.3597640991211,-8.84276103973389,"Unknown"
"7014855",371852,2025-06-10 16:21:11,43.3600044250488,-8.84307193756104,"Unknown"
"7014855",371852,2025-06-10 16:26:17,43.3600006103516,-8.84304809570312,"Unknown"
"7014855",371852,2025-06-10 16:31:11,43.3600540161133,-8.84307479858398,"Unknown"
"7014855",371852,2025-06-10 16:36:12,43.3601264953613,-8.84312152862549,"Unknown"
"7014855",371852,2025-06-10 16:41:11,43.3603172302246,-8.8432149887085,"Unknown"
"7014855",371852,2025-06-10 16:46:15,43.3598709106445,-8.84290981292725,"Unknown"
"7014855",371852,2025-06-10 16:51:12,43.3609771728516,-8.84356021881104,"Unknown"
"7014855",371852,2025-06-10 16:56:15,43.3603782653809,-8.84339904785156,"Unknown"
"7014855",371852,2025-06-10 17:01:35,43.3600654602051,-8.84307861328125,"Unknown"
"7014855",371852,2025-06-10 17:06:10,43.3600769042969,-8.84301853179932,"Unknown"
"7014855",371852,2025-06-10 17:11:09,43.3600807189941,-8.8430643081665,"Unknown"
"7014855",371852,2025-06-10 17:16:10,43.3600845336914,-8.84306716918945,"Unknown"
"7014855",371852,2025-06-10 17:21:10,43.3600730895996,-8.84309673309326,"Unknown"
"7014855",371852,2025-06-10 17:26:09,43.3600807189941,-8.8430290222168,"Unknown"
"7014855",371852,2025-06-10 17:31:11,43.3600730895996,-8.8430871963501,"Unknown"
"7014855",371852,2025-06-10 17:36:10,43.3600845336914,-8.84305095672607,"Unknown"
"7014855",371852,2025-06-10 17:41:09,43.3601112365723,-8.84297847747803,"Unknown"
"7014855",371852,2025-06-10 17:46:10,43.360107421875,-8.84298419952393,"Unknown"
"7014855",371852,2025-06-10 17:51:09,43.360107421875,-8.84307098388672,"Unknown"
"7014855",371852,2025-06-10 17:56:09,43.3600692749023,-8.84307098388672,"Unknown"
"7014855",371852,2025-06-10 18:01:10,43.3600807189941,-8.84305953979492,"Unknown"
"7014855",371852,2025-06-10 18:06:10,43.3600997924805,-8.84302711486816,"Unknown"
"7014855",371852,2025-06-10 18:11:10,43.3600883483887,-8.8430233001709,"Unknown"
"7014855",371852,2025-06-10 18:16:10,43.3600997924805,-8.84306621551514,"Unknown"
"7014855",371852,2025-06-10 18:21:09,43.3600883483887,-8.8432035446167,"Unknown"
"7014855",371852,2025-06-10 18:26:10,43.3601112365723,-8.84311676025391,"Unknown"
"7014855",371852,2025-06-10 18:31:10,43.3600997924805,-8.843092918396,"Unknown"
"7014855",371852,2025-06-10 18:36:10,43.3604507446289,-8.84620666503906,"Unknown"
"7014855",371852,2025-06-10 18:41:09,43.3305892944336,-8.82270812988281,"Unknown"
"7014855",371852,2025-06-10 18:46:25,43.3127174377441,-8.83058261871338,"Unknown"
"7014855",371852,2025-06-10 18:51:10,43.2923164367676,-8.83774852752686,"Unknown"
"7014855",371852,2025-06-10 18:56:10,43.2631492614746,-8.83182907104492,"Unknown"
"7014855",371852,2025-06-10 19:01:10,43.2362289428711,-8.83309841156006,"Unknown"
"7014855",371852,2025-06-10 19:06:14,43.2274131774902,-8.84548091888428,"Unknown"
"7014855",371852,2025-06-10 19:11:15,43.2273826599121,-8.84588718414307,"Unknown"
"7014855",371852,2025-06-10 19:16:10,43.2292251586914,-8.84629344940186,"Unknown"
"7014855",371852,2025-06-10 19:21:18,43.2274169921875,-8.84743213653564,"Unknown"
"7014855",371852,2025-06-10 19:26:13,43.2284355163574,-8.84706115722656,"Unknown"
"7014855",371852,2025-06-10 19:31:11,43.2301712036133,-8.84637546539307,"Unknown"
"7014855",371852,2025-06-10 19:36:15,43.2297897338867,-8.84782314300537,"Unknown"
"7014855",371852,2025-06-10 19:41:11,43.2292747497559,-8.84746170043945,"Unknown"
"7014855",371852,2025-06-10 19:46:15,43.2305297851562,-8.84633827209473,"Unknown"
"7014855",371852,2025-06-10 19:51:13,43.2305221557617,-8.84672069549561,"Unknown"
"7014855",371852,2025-06-10 19:57:14,43.230411529541,-8.84572124481201,"Unknown"
"7014855",371852,2025-06-10 20:01:11,43.2317848205566,-8.84164905548096,"Unknown"
"7014855",371852,2025-06-10 20:06:11,43.2586784362793,-8.8434534072876,"Unknown"
"7014855",371852,2025-06-10 20:11:10,43.2853393554688,-8.85074806213379,"Unknown"
"7014855",371852,2025-06-10 20:16:17,43.3000907897949,-8.86379337310791,"Unknown"
"7014855",371852,2025-06-10 20:21:10,43.314453125,-8.85640907287598,"Unknown"
"7014855",371852,2025-06-10 20:26:12,43.3164863586426,-8.8582010269165,"Unknown"
"7014855",371852,2025-06-10 20:31:12,43.3523445129395,-8.84143924713135,"Unknown"
"7014855",371852,2025-06-10 20:36:13,43.3600540161133,-8.84342002868652,"Unknown"
"7014855",371852,2025-06-10 20:41:14,43.3600921630859,-8.84336280822754,"Unknown"
"7014855",371852,2025-06-10 20:46:35,43.3599967956543,-8.84302806854248,"Unknown"
"7014855",371852,2025-06-10 20:51:12,43.3600654602051,-8.84317588806152,"Unknown"
"7014855",371852,2025-06-10 20:56:13,43.3599548339844,-8.84319877624512,"Unknown"
"7014855",371852,2025-06-10 21:01:14,43.3597946166992,-8.8432149887085,"Unknown"
"7014855",371852,2025-06-10 21:06:11,43.3598976135254,-8.84307193756104,"Unknown"
"7014855",371852,2025-06-10 21:11:18,43.3597984313965,-8.84304237365723,"Unknown"
"7014855",371852,2025-06-10 21:16:13,43.3599624633789,-8.84286689758301,"Unknown"
"7014855",371852,2025-06-10 21:21:11,43.360034942627,-8.84287643432617,"Unknown"
"7014855",371852,2025-06-10 21:26:14,43.3599052429199,-8.84294509887695,"Unknown"
"7014855",371852,2025-06-10 21:31:13,43.359790802002,-8.84272003173828,"Unknown"
"7014855",371852,2025-06-10 21:36:12,43.3600234985352,-8.84274101257324,"Unknown"
"7014855",371852,2025-06-10 21:41:14,43.3598442077637,-8.84265899658203,"Unknown"
"7014855",371852,2025-06-10 21:46:12,43.3599243164062,-8.84263896942139,"Unknown"
"7014855",371852,2025-06-10 21:51:13,43.3595657348633,-8.84212303161621,"Unknown"
"7014855",371852,2025-06-10 21:56:15,43.3599472045898,-8.84251308441162,"Unknown"
"7014855",371852,2025-06-10 22:01:19,43.3613052368164,-8.84274768829346,"Unknown"
"7014855",371852,2025-06-10 22:06:12,43.3606414794922,-8.84271335601807,"Unknown"
"7014855",371852,2025-06-10 22:11:13,43.3605003356934,-8.84211158752441,"Unknown"
"7014855",371852,2025-06-10 22:16:19,43.360897064209,-8.84304523468018,"Unknown"
"7014855",371852,2025-06-10 22:21:12,43.3608360290527,-8.84333038330078,"Unknown"
"7014855",371852,2025-06-10 22:26:13,43.3608093261719,-8.8432788848877,"Unknown"
"7014855",371852,2025-06-10 22:31:12,43.360897064209,-8.84323024749756,"Unknown"
"7014855",371852,2025-06-10 22:36:13,43.3607292175293,-8.84326457977295,"Unknown"
"7014855",371852,2025-06-10 22:41:13,43.360725402832,-8.84322357177734,"Unknown"
"7014855",371852,2025-06-10 22:46:12,43.360725402832,-8.8432035446167,"Unknown"
"7014855",371852,2025-06-10 22:51:14,43.3609733581543,-8.84280872344971,"Unknown"
"7014855",371852,2025-06-10 22:56:12,43.3609390258789,-8.84287357330322,"Unknown"
"7014855",371852,2025-06-10 23:01:11,43.3609275817871,-8.84285449981689,"Unknown"
"7014855",371852,2025-06-10 23:06:19,43.3609428405762,-8.84254550933838,"Unknown"
"7014855",371852,2025-06-10 23:11:10,43.3607635498047,-8.84299373626709,"Unknown"
"7014855",371852,2025-06-10 23:16:16,43.3609848022461,-8.84221363067627,"Unknown"
"7014855",371852,2025-06-10 23:21:14,43.3608131408691,-8.84222412109375,"Unknown"
"7014855",371852,2025-06-10 23:26:11,43.3607368469238,-8.84297180175781,"Unknown"
"7014855",371852,2025-06-10 23:31:12,43.3606719970703,-8.8429012298584,"Unknown"
"7014855",371852,2025-06-10 23:36:16,43.3600616455078,-8.84311294555664,"Unknown"
"7014855",371852,2025-06-10 23:41:19,43.3597564697266,-8.84486103057861,"Unknown"
"7014855",371852,2025-06-10 23:46:18,43.3603782653809,-8.84130096435547,"Unknown"
"7014855",371852,2025-06-10 23:51:20,43.3598327636719,-8.84454727172852,"Unknown"
"7014855",371852,2025-06-10 23:56:35,43.360034942627,-8.84305000305176,"Unknown"
"7014855",371852,2025-06-11 00:01:10,43.3600234985352,-8.84303855895996,"Unknown"
"7014855",371852,2025-06-11 00:06:10,43.3600311279297,-8.84303665161133,"Unknown"
"7014855",371852,2025-06-11 00:11:10,43.360050201416,-8.84299468994141,"Unknown"
"7014855",371852,2025-06-11 00:16:10,43.3600158691406,-8.84304332733154,"Unknown"
"7014855",371852,2025-06-11 00:21:10,43.3600234985352,-8.84305667877197,"Unknown"
"7014855",371852,2025-06-11 00:26:10,43.3600769042969,-8.84304332733154,"Unknown"
"7014855",371852,2025-06-11 00:31:10,43.3600959777832,-8.84306812286377,"Unknown"
"7014855",371852,2025-06-11 00:36:10,43.3600807189941,-8.84307289123535,"Unknown"
"7014855",371852,2025-06-11 00:41:10,43.3600196838379,-8.84305953979492,"Unknown"
"7014855",371852,2025-06-11 00:46:10,43.3600196838379,-8.84301662445068,"Unknown"
"7014855",371852,2025-06-11 00:51:12,43.3600807189941,-8.84305572509766,"Unknown"
"7014855",371852,2025-06-11 00:56:12,43.360107421875,-8.84310436248779,"Unknown"
"7014855",371852,2025-06-11 01:01:12,43.3600807189941,-8.8431224822998,"Unknown"
"7014855",371852,2025-06-11 01:06:14,43.360164642334,-8.84309864044189,"Unknown"
"7014855",371852,2025-06-11 01:11:11,43.3599700927734,-8.84314727783203,"Unknown"
"7014855",371852,2025-06-11 01:16:12,43.3600883483887,-8.8431978225708,"Unknown"
"7014855",371852,2025-06-11 01:21:14,43.3600463867188,-8.84323787689209,"Unknown"
"7014855",371852,2025-06-11 01:26:12,43.3601226806641,-8.84314250946045,"Unknown"
"7014855",371852,2025-06-11 01:31:18,43.3601455688477,-8.84316158294678,"Unknown"
"7014855",371852,2025-06-11 01:36:12,43.3602066040039,-8.84314727783203,"Unknown"
"7014855",371852,2025-06-11 01:41:11,43.360237121582,-8.84317970275879,"Unknown"
"7014855",371852,2025-06-11 01:46:12,43.3602523803711,-8.84318447113037,"Unknown"
"7014855",371852,2025-06-11 01:51:30,43.3603706359863,-8.84299850463867,"Unknown"
"7014855",371852,2025-06-11 01:56:25,43.3597602844238,-8.84268379211426,"Unknown"
"7014855",371852,2025-06-11 02:01:25,43.359691619873,-8.84244155883789,"Unknown"
"7014855",371852,2025-06-11 02:06:21,43.3593978881836,-8.84224128723145,"Unknown"
"7014855",371852,2025-06-11 02:11:35,43.3601493835449,-8.84286594390869,"Unknown"
"7014855",371852,2025-06-11 02:16:10,43.3600883483887,-8.84305191040039,"Unknown"
"7014855",371852,2025-06-11 02:21:10,43.3600120544434,-8.84313488006592,"Unknown"
"7014855",371852,2025-06-11 02:26:10,43.3598670959473,-8.84328937530518,"Unknown"
"7014855",371852,2025-06-11 02:31:11,43.3598937988281,-8.84320545196533,"Unknown"
"7014855",371852,2025-06-11 02:36:10,43.359935760498,-8.84318923950195,"Unknown"
"7014855",371852,2025-06-11 02:41:11,43.3599662780762,-8.84329605102539,"Unknown"
"7014855",371852,2025-06-11 02:46:11,43.3599052429199,-8.84319972991943,"Unknown"
"7014855",371852,2025-06-11 02:51:12,43.3599548339844,-8.84303379058838,"Unknown"
"7014855",371852,2025-06-11 02:56:10,43.3599548339844,-8.84313488006592,"Unknown"
"7014855",371852,2025-06-11 03:01:16,43.3599815368652,-8.8429126739502,"Unknown"
"7014855",371852,2025-06-11 03:06:14,43.3599739074707,-8.84300231933594,"Unknown"
"7014855",371852,2025-06-11 03:11:19,43.3600883483887,-8.84340763092041,"Unknown"
"7014855",371852,2025-06-11 03:16:13,43.3600692749023,-8.84316253662109,"Unknown"
"7014855",371852,2025-06-11 03:21:12,43.3601036071777,-8.84311580657959,"Unknown"
"7014855",371852,2025-06-11 03:26:13,43.3601570129395,-8.8431510925293,"Unknown"
"7014855",371852,2025-06-11 03:31:12,43.3600006103516,-8.84304237365723,"Unknown"
"7014855",371852,2025-06-11 03:36:13,43.3600578308105,-8.84303760528564,"Unknown"
"7014855",371852,2025-06-11 03:41:12,43.3600807189941,-8.84301662445068,"Unknown"
"7014855",371852,2025-06-11 03:46:11,43.3600234985352,-8.84298992156982,"Unknown"
"7014855",371852,2025-06-11 03:51:13,43.3600616455078,-8.84305667877197,"Unknown"
"7014855",371852,2025-06-11 03:56:12,43.3600196838379,-8.84301280975342,"Unknown"
"7014855",371852,2025-06-11 04:01:16,43.3601112365723,-8.84292221069336,"Unknown"
"7014855",371852,2025-06-11 04:06:29,43.3601150512695,-8.84295654296875,"Unknown"
"7014855",371852,2025-06-11 04:11:32,43.3600273132324,-8.84307098388672,"Unknown"
"7014855",371852,2025-06-11 04:16:11,43.3600692749023,-8.84305953979492,"Unknown"
"7014855",371852,2025-06-11 04:21:11,43.359691619873,-8.84302425384521,"Unknown"
"7014855",371852,2025-06-11 04:26:10,43.3600540161133,-8.84300994873047,"Unknown"
"7014855",371852,2025-06-11 04:31:10,43.3599967956543,-8.84314155578613,"Unknown"
"7014855",371852,2025-06-11 04:36:10,43.359992980957,-8.84306049346924,"Unknown"
"7014855",371852,2025-06-11 04:41:10,43.3599891662598,-8.84307098388672,"Unknown"
"7014855",371852,2025-06-11 04:46:11,43.3600234985352,-8.84303379058838,"Unknown"
"7014855",371852,2025-06-11 04:51:12,43.3599967956543,-8.84321975708008,"Unknown"
"7014855",371852,2025-06-11 04:56:10,43.3600158691406,-8.84303665161133,"Unknown"
"7014855",371852,2025-06-11 05:01:10,43.3600273132324,-8.84305381774902,"Unknown"
"7014855",371852,2025-06-11 05:06:10,43.3600387573242,-8.84299373626709,"Unknown"
"7014855",371852,2025-06-11 05:11:11,43.359992980957,-8.84314060211182,"Unknown"
"7014855",371852,2025-06-11 05:16:11,43.3600845336914,-8.84311294555664,"Unknown"
"7014855",371852,2025-06-11 05:21:11,43.3600845336914,-8.84313106536865,"Unknown"
"7014855",371852,2025-06-11 05:26:10,43.360034942627,-8.84310722351074,"Unknown"
"7014855",371852,2025-06-11 05:31:10,43.360034942627,-8.84308910369873,"Unknown"
"7014855",371852,2025-06-11 05:36:11,43.3600044250488,-8.84314346313477,"Unknown"
"7014855",371852,2025-06-11 05:41:11,43.3600158691406,-8.84314060211182,"Unknown"
"7014855",371852,2025-06-11 05:46:10,43.3600463867188,-8.84305000305176,"Unknown"
"7014855",371852,2025-06-11 05:51:11,43.3600883483887,-8.84310245513916,"Unknown"
"7014855",371852,2025-06-11 05:56:11,43.360050201416,-8.84317398071289,"Unknown"
"7014855",371852,2025-06-11 06:01:13,43.3598251342773,-8.84321975708008,"Unknown"
"7014855",371852,2025-06-11 06:06:12,43.3600006103516,-8.84302234649658,"Unknown"
"7014855",371852,2025-06-11 06:11:11,43.360237121582,-8.83600616455078,"Unknown"
"7014855",371852,2025-06-11 06:16:11,43.3482437133789,-8.80642223358154,"Unknown"
"7014855",371852,2025-06-11 06:21:11,43.3280181884766,-8.77792263031006,"Unknown"
"7014855",371852,2025-06-11 06:26:11,43.3099670410156,-8.74761295318604,"Unknown"
"7014855",371852,2025-06-11 06:31:11,43.2950401306152,-8.70887184143066,"Unknown"
"7014855",371852,2025-06-11 06:36:11,43.2896308898926,-8.66693305969238,"Unknown"
"7014855",371852,2025-06-11 06:41:11,43.2771110534668,-8.62800121307373,"Unknown"
"7014855",371852,2025-06-11 06:46:12,43.257209777832,-8.60524749755859,"Unknown"
"7014855",371852,2025-06-11 06:51:11,43.2347984313965,-8.57912826538086,"Unknown"
"7014855",371852,2025-06-11 06:56:12,43.2116508483887,-8.56409740447998,"Unknown"
"7014855",371852,2025-06-11 07:01:16,43.1894683837891,-8.54789257049561,"Unknown"
"7014855",371852,2025-06-11 07:06:26,43.1720771789551,-8.52281284332275,"Unknown"
"7014855",371852,2025-06-11 07:11:34,43.1490478515625,-8.49256038665771,"Unknown"
"7014855",371852,2025-06-11 07:16:13,43.1302642822266,-8.47186756134033,"Unknown"
"7014855",371852,2025-06-11 07:21:12,43.1301116943359,-8.47204971313477,"Unknown"
"7014855",371852,2025-06-11 07:26:11,43.1302261352539,-8.47203540802002,"Unknown"
"7014855",371852,2025-06-11 07:31:11,43.130184173584,-8.4719705581665,"Unknown"
"7014855",371852,2025-06-11 07:36:10,43.1300277709961,-8.4719352722168,"Unknown"
"7014855",371852,2025-06-11 07:41:16,43.1301651000977,-8.47198390960693,"Unknown"
"7014855",371852,2025-06-11 07:46:12,43.1300468444824,-8.472092628479,"Unknown"
"7014855",371852,2025-06-11 07:51:12,43.1302070617676,-8.47196006774902,"Unknown"
"7014855",371852,2025-06-11 07:56:12,43.1301803588867,-8.47185325622559,"Unknown"
"7014855",371852,2025-06-11 08:01:13,43.1301040649414,-8.47205352783203,"Unknown"
"7014855",371852,2025-06-11 08:06:12,43.1301536560059,-8.47186279296875,"Unknown"
"7014855",371852,2025-06-11 08:11:11,43.1301956176758,-8.47185897827148,"Unknown"
"7014855",371852,2025-06-11 08:16:14,43.1319961547852,-8.46904945373535,"Unknown"
"7014855",371852,2025-06-11 08:21:11,43.1314392089844,-8.47350883483887,"Unknown"
"7014855",371852,2025-06-11 08:26:11,43.1382865905762,-8.50499439239502,"Unknown"
"7014855",371852,2025-06-11 08:31:12,43.1474952697754,-8.53687477111816,"Unknown"
"7014855",371852,2025-06-11 08:36:11,43.1579399108887,-8.5612907409668,"Unknown"
"7014855",371852,2025-06-11 08:41:11,43.1705017089844,-8.58947658538818,"Unknown"
"7014855",371852,2025-06-11 08:46:11,43.1996803283691,-8.62615871429443,"Unknown"
"7014855",371852,2025-06-11 08:51:11,43.2273292541504,-8.6493673324585,"Unknown"
"7014855",371852,2025-06-11 08:56:12,43.2524948120117,-8.67042350769043,"Unknown"
"7014855",371852,2025-06-11 09:01:11,43.2807769775391,-8.70131301879883,"Unknown"
"7014855",371852,2025-06-11 09:06:12,43.2988319396973,-8.73798084259033,"Unknown"
"7014855",371852,2025-06-11 09:11:11,43.3027458190918,-8.76433563232422,"Unknown"
"7014855",371852,2025-06-11 09:16:12,43.3196449279785,-8.79821300506592,"Unknown"
"7014855",371852,2025-06-11 09:21:18,43.3254776000977,-8.80888748168945,"Unknown"
"7014855",371852,2025-06-11 09:26:12,43.3414344787598,-8.82990455627441,"Unknown"
"7014855",371852,2025-06-11 09:31:22,43.3608551025391,-8.84806537628174,"Unknown"
"7014855",371852,2025-06-11 09:36:13,43.3597946166992,-8.84239196777344,"Unknown"
"7014855",371852,2025-06-11 09:41:23,43.3600769042969,-8.84315967559814,"Unknown"
"7014855",371852,2025-06-11 09:46:19,43.3600883483887,-8.84292221069336,"Unknown"
"7014855",371852,2025-06-11 09:51:35,43.3600158691406,-8.84311008453369,"Unknown"
"7014855",371852,2025-06-11 09:56:12,43.3600807189941,-8.842942237854,"Unknown"
"7014855",371852,2025-06-11 10:01:21,43.3600387573242,-8.84301376342773,"Unknown"
"7014855",371852,2025-06-11 10:06:17,43.3599815368652,-8.84313774108887,"Unknown"
"7014855",371852,2025-06-11 10:11:11,43.3600158691406,-8.84306049346924,"Unknown"
"7014855",371852,2025-06-11 10:16:10,43.3599319458008,-8.84331035614014,"Unknown"
"7014855",371852,2025-06-11 10:21:13,43.3599967956543,-8.84317874908447,"Unknown"
"7014855",371852,2025-06-11 10:26:11,43.3599510192871,-8.84322547912598,"Unknown"
"7014855",371852,2025-06-11 10:31:12,43.3600997924805,-8.84335041046143,"Unknown"
"7014855",371852,2025-06-11 10:36:12,43.360034942627,-8.84342193603516,"Unknown"
"7014855",371852,2025-06-11 10:41:13,43.3601341247559,-8.84375190734863,"Unknown"
"7014855",371852,2025-06-11 10:46:20,43.3600769042969,-8.84318828582764,"Unknown"
"7014855",371852,2025-06-11 10:51:19,43.3600845336914,-8.8430700302124,"Unknown"
"7014855",371852,2025-06-11 10:56:13,43.3598899841309,-8.84386444091797,"Unknown"
"7014855",371852,2025-06-11 11:01:20,43.3600807189941,-8.8433723449707,"Unknown"
"7014855",371852,2025-06-11 11:06:19,43.3600654602051,-8.84309768676758,"Unknown"
"7014855",371852,2025-06-11 11:11:27,43.3601112365723,-8.84307479858398,"Unknown"
"7014855",371852,2025-06-11 11:16:19,43.3601226806641,-8.84306621551514,"Unknown"
"7014855",371852,2025-06-11 11:21:19,43.3600425720215,-8.84314346313477,"Unknown"
"7014855",371852,2025-06-11 11:26:22,43.3604621887207,-8.84313011169434,"Unknown"
"7014855",371852,2025-06-11 11:31:22,43.3605651855469,-8.84299755096436,"Unknown"
"7014855",371852,2025-06-11 11:36:28,43.360034942627,-8.84334182739258,"Unknown"
"7014855",371852,2025-06-11 11:41:18,43.3598136901855,-8.84346485137939,"Unknown"
"7014855",371852,2025-06-11 11:46:13,43.3600196838379,-8.84318256378174,"Unknown"
"7014855",371852,2025-06-11 11:51:18,43.3600616455078,-8.84342765808105,"Unknown"
"7014855",371852,2025-06-11 11:56:16,43.3599090576172,-8.84321784973145,"Unknown"
"7014855",371852,2025-06-11 12:01:15,43.3600273132324,-8.84341049194336,"Unknown"
"7014855",371852,2025-06-11 12:06:15,43.3601188659668,-8.84346485137939,"Unknown"
"7014855",371852,2025-06-11 12:11:15,43.3600730895996,-8.84351634979248,"Unknown"
"7014855",371852,2025-06-11 12:16:15,43.3606491088867,-8.84317874908447,"Unknown"
"7014855",371852,2025-06-11 12:21:44,43.3599624633789,-8.84319019317627,"Unknown"
"7014855",371852,2025-06-11 12:26:15,43.3600044250488,-8.84323501586914,"Unknown"
"7014855",371852,2025-06-11 12:31:11,43.3566551208496,-8.84235382080078,"Unknown"
"7014855",371852,2025-06-11 12:36:15,43.3375701904297,-8.82406520843506,"Unknown"
"7014855",371852,2025-06-11 12:41:16,43.3292198181152,-8.81970119476318,"Unknown"
"7014855",371852,2025-06-11 12:46:18,43.3213996887207,-8.80249118804932,"Unknown"
"7014855",371852,2025-06-11 12:51:23,43.3259620666504,-8.78433895111084,"Unknown"
"7014855",371852,2025-06-11 12:56:29,43.3213157653809,-8.74196624755859,"Unknown"
"7014855",371852,2025-06-11 13:01:21,43.3032112121582,-8.72739601135254,"Unknown"
"7014855",371852,2025-06-11 13:06:24,43.2985572814941,-8.71795654296875,"Unknown"
"7014855",371852,2025-06-11 13:11:30,43.2909049987793,-8.68962955474854,"Unknown"
"7014855",371852,2025-06-11 13:16:23,43.2747497558594,-8.67842674255371,"Unknown"
"7014855",371852,2025-06-11 13:21:30,43.2517852783203,-8.67448997497559,"Unknown"
"7014855",371852,2025-06-11 13:26:23,43.2327651977539,-8.64343070983887,"Unknown"
"7014855",371852,2025-06-11 13:31:20,43.227855682373,-8.63478469848633,"Unknown"
"7014855",371852,2025-06-11 13:36:19,43.2279319763184,-8.63396263122559,"Unknown"
"7014855",371852,2025-06-11 13:41:18,43.2276840209961,-8.63429164886475,"Unknown"
"7014855",371852,2025-06-11 13:46:26,43.2277374267578,-8.63394546508789,"Unknown"
"7014855",371852,2025-06-11 13:51:19,43.2277526855469,-8.63392543792725,"Unknown"
"7014855",371852,2025-06-11 13:56:19,43.227611541748,-8.63399314880371,"Unknown"
"7014855",371852,2025-06-11 14:01:35,43.2276649475098,-8.63436889648438,"Unknown"
"7014855",371852,2025-06-11 14:06:13,43.2275657653809,-8.63439750671387,"Unknown"
"7014855",371852,2025-06-11 14:11:10,43.2451362609863,-8.65769195556641,"Unknown"
"7014855",371852,2025-06-11 14:16:12,43.2590370178223,-8.68579483032227,"Unknown"
"7014855",371852,2025-06-11 14:21:11,43.2943916320801,-8.7283182144165,"Unknown"
"7014855",371852,2025-06-11 14:26:11,43.3022232055664,-8.76100158691406,"Unknown"
"7014855",371852,2025-06-11 14:31:11,43.3180503845215,-8.78486061096191,"Unknown"
"7014855",371852,2025-06-11 14:36:11,43.3463478088379,-8.81943893432617,"Unknown"
"7014855",371852,2025-06-11 14:41:11,43.359992980957,-8.8432674407959,"Unknown"
"7014855",371852,2025-06-11 14:46:12,43.360034942627,-8.84323024749756,"Unknown"
"7014855",371852,2025-06-11 14:51:16,43.360050201416,-8.84320163726807,"Unknown"
"7014855",371852,2025-06-11 14:56:31,43.3599891662598,-8.84309005737305,"Unknown"
"7014855",371852,2025-06-11 15:01:12,43.3599624633789,-8.84311485290527,"Unknown"
"7014855",371852,2025-06-11 15:06:10,43.3623428344727,-8.84332752227783,"Unknown"
"7014855",371852,2025-06-11 15:11:18,43.3620567321777,-8.84356498718262,"Unknown"
"7014855",371852,2025-06-11 15:16:11,43.359203338623,-8.84662914276123,"Unknown"
"7014855",371852,2025-06-11 15:21:10,43.3422813415527,-8.84234046936035,"Unknown"
"7014855",371852,2025-06-11 15:26:10,43.320972442627,-8.84482383728027,"Unknown"
"7014855",371852,2025-06-11 15:31:11,43.2993202209473,-8.84005737304688,"Unknown"
"7014855",371852,2025-06-11 15:36:11,43.2780303955078,-8.83520317077637,"Unknown"
"7014855",371852,2025-06-11 15:41:11,43.2614288330078,-8.8209867477417,"Unknown"
"7014855",371852,2025-06-11 15:46:11,43.2510223388672,-8.7881383895874,"Unknown"
"7014855",371852,2025-06-11 15:51:10,43.2317123413086,-8.77944564819336,"Unknown"
"7014855",371852,2025-06-11 15:56:10,43.2106895446777,-8.76312065124512,"Unknown"
"7014855",371852,2025-06-11 16:01:10,43.1923561096191,-8.74018573760986,"Unknown"
"7014855",371852,2025-06-11 16:06:10,43.175350189209,-8.7140417098999,"Unknown"
"7014855",371852,2025-06-11 16:11:11,43.1652450561523,-8.68089580535889,"Unknown"
"7014855",371852,2025-06-11 16:16:22,43.157039642334,-8.63988304138184,"Unknown"
"7014855",371852,2025-06-11 16:21:10,43.1490020751953,-8.59804630279541,"Unknown"
"7014855",371852,2025-06-11 16:26:19,43.1416282653809,-8.58739471435547,"Unknown"
"7014855",371852,2025-06-11 16:31:50,43.1416358947754,-8.5875301361084,"Unknown"
"7014855",371852,2025-06-11 16:36:11,43.1420936584473,-8.57693767547607,"Unknown"
"7014855",371852,2025-06-11 16:41:11,43.1305732727051,-8.54086780548096,"Unknown"
"7014855",371852,2025-06-11 16:46:10,43.125,-8.49142456054688,"Unknown"
"7014855",371852,2025-06-11 16:51:15,43.1296234130859,-8.47203731536865,"Unknown"
"7014855",371852,2025-06-11 16:56:12,43.1301498413086,-8.47216796875,"Unknown"
"7014855",371852,2025-06-11 17:01:11,43.1302452087402,-8.4719820022583,"Unknown"
"7014855",371852,2025-06-11 17:06:12,43.1302452087402,-8.47191619873047,"Unknown"
"7014855",371852,2025-06-11 17:11:11,43.1302947998047,-8.47208023071289,"Unknown"
"7014855",371852,2025-06-11 17:16:13,43.1302833557129,-8.4722785949707,"Unknown"
"7014855",371852,2025-06-11 17:21:10,43.1301765441895,-8.47239685058594,"Unknown"
"7014855",371852,2025-06-11 17:26:12,43.1301765441895,-8.47211837768555,"Unknown"
"7014855",371852,2025-06-11 17:31:12,43.1300964355469,-8.47207736968994,"Unknown"
"7014855",371852,2025-06-11 17:36:12,43.1300354003906,-8.47203159332275,"Unknown"
"7014855",371852,2025-06-11 17:41:12,43.1301040649414,-8.47215938568115,"Unknown"
"7014855",371852,2025-06-11 17:46:12,43.1240615844727,-8.47580146789551,"Unknown"
"7014855",371852,2025-06-11 17:51:10,43.1049919128418,-8.49606800079346,"Unknown"
"7014855",371852,2025-06-11 17:56:12,43.1002311706543,-8.49754333496094,"Unknown"
"7014855",371852,2025-06-11 18:01:11,43.1102638244629,-8.50394916534424,"Unknown"
"7014855",371852,2025-06-11 18:06:16,43.1244468688965,-8.53293132781982,"Unknown"
"7014855",371852,2025-06-11 18:11:11,43.1476898193359,-8.57377243041992,"Unknown"
"7014855",371852,2025-06-11 18:16:11,43.1757659912109,-8.61001586914062,"Unknown"
"7014855",371852,2025-06-11 18:21:12,43.1957550048828,-8.6347827911377,"Unknown"
"7014855",371852,2025-06-11 18:26:12,43.2104682922363,-8.63620853424072,"Unknown"
"7014855",371852,2025-06-11 18:31:35,43.2661361694336,-8.66925716400146,"Unknown"
"7014855",371852,2025-06-11 18:36:11,43.2927513122559,-8.71630573272705,"Unknown"
"7014855",371852,2025-06-11 18:41:10,43.3060493469238,-8.73761558532715,"Unknown"
"7014855",371852,2025-06-11 18:46:10,43.3081436157227,-8.7739200592041,"Unknown"
"7014855",371852,2025-06-11 18:51:11,43.3283996582031,-8.81392574310303,"Unknown"
"7014855",371852,2025-06-11 18:56:12,43.3600158691406,-8.84299945831299,"Unknown"
"7014855",371852,2025-06-11 19:01:15,43.3599090576172,-8.84296321868896,"Unknown"
"7014855",371852,2025-06-11 19:06:16,43.3600196838379,-8.84281349182129,"Unknown"
"7014855",371852,2025-06-11 19:11:13,43.3600654602051,-8.84307384490967,"Unknown"
"7014855",371852,2025-06-11 19:16:13,43.3600959777832,-8.84311962127686,"Unknown"
"7014855",371852,2025-06-11 19:21:19,43.3600196838379,-8.84307956695557,"Unknown"
"7014855",371852,2025-06-11 19:26:12,43.3600273132324,-8.84312343597412,"Unknown"
"7014855",371852,2025-06-11 19:31:16,43.3600692749023,-8.84316921234131,"Unknown"
"7014855",371852,2025-06-11 19:36:12,43.3600540161133,-8.84313106536865,"Unknown"
"7014855",371852,2025-06-11 19:41:13,43.3601989746094,-8.84330654144287,"Unknown"
"7014855",371852,2025-06-11 19:46:14,43.3602066040039,-8.84332084655762,"Unknown"
"7014855",371852,2025-06-11 19:51:14,43.3601913452148,-8.84333515167236,"Unknown"
"7014855",371852,2025-06-11 19:56:15,43.3601722717285,-8.84330654144287,"Unknown"
"7014855",371852,2025-06-11 20:01:15,43.3601531982422,-8.84328651428223,"Unknown"
"7014855",371852,2025-06-11 20:06:15,43.3601951599121,-8.84328746795654,"Unknown"
"7014855",371852,2025-06-11 20:11:18,43.3600997924805,-8.84343433380127,"Unknown"
"7014855",371852,2025-06-11 20:16:30,43.3601112365723,-8.84324169158936,"Unknown"
"7014855",371852,2025-06-11 20:21:16,43.3600692749023,-8.84330272674561,"Unknown"
"7014855",371852,2025-06-11 20:26:25,43.3600387573242,-8.84322357177734,"Unknown"
"7014855",371852,2025-06-11 20:31:16,43.3600540161133,-8.84321880340576,"Unknown"
"7014855",371852,2025-06-11 20:36:26,43.3600654602051,-8.84332656860352,"Unknown"
"7014855",371852,2025-06-11 20:41:33,43.3599586486816,-8.84326171875,"Unknown"
"7014855",371852,2025-06-11 20:46:12,43.3596153259277,-8.84345054626465,"Unknown"
"7014855",371852,2025-06-11 20:51:35,43.359992980957,-8.84308052062988,"Unknown"
"7014855",371852,2025-06-11 20:56:12,43.3600196838379,-8.84314346313477,"Unknown"
"7014855",371852,2025-06-11 21:01:12,43.3599548339844,-8.8431396484375,"Unknown"
"7014855",371852,2025-06-11 21:06:12,43.3599510192871,-8.84317588806152,"Unknown"
"7014855",371852,2025-06-11 21:11:12,43.3600044250488,-8.84317684173584,"Unknown"
"7014855",371852,2025-06-11 21:16:11,43.3598480224609,-8.84308815002441,"Unknown"
"7014855",371852,2025-06-11 21:21:14,43.3599624633789,-8.84319400787354,"Unknown"
"7014855",371852,2025-06-11 21:26:12,43.3599815368652,-8.84323596954346,"Unknown"
"7014855",371852,2025-06-11 21:31:12,43.3600311279297,-8.84304523468018,"Unknown"
"7014855",371852,2025-06-11 21:36:13,43.3600845336914,-8.84302234649658,"Unknown"
"7014855",371852,2025-06-11 21:41:11,43.3599967956543,-8.84316444396973,"Unknown"
"7014855",371852,2025-06-11 21:46:14,43.3599472045898,-8.84306526184082,"Unknown"
"7014855",371852,2025-06-11 21:51:13,43.3599433898926,-8.84298801422119,"Unknown"
"7014855",371852,2025-06-11 21:56:13,43.3599128723145,-8.84316444396973,"Unknown"
"7014855",371852,2025-06-11 22:01:11,43.3600616455078,-8.84309577941895,"Unknown"
"7014855",371852,2025-06-11 22:06:21,43.3599739074707,-8.8430347442627,"Unknown"
"7014855",371852,2025-06-11 22:11:13,43.3600006103516,-8.84305953979492,"Unknown"
"7014855",371852,2025-06-11 22:16:15,43.3600387573242,-8.84306812286377,"Unknown"
"7014855",371852,2025-06-11 22:21:15,43.3600234985352,-8.84308815002441,"Unknown"
"7014855",371852,2025-06-11 22:26:15,43.3600234985352,-8.84306621551514,"Unknown"
"7014855",371852,2025-06-11 22:31:17,43.3601188659668,-8.84309101104736,"Unknown"
"7014855",371852,2025-06-11 22:36:15,43.359992980957,-8.84308338165283,"Unknown"
"7014855",371852,2025-06-11 22:41:13,43.3600158691406,-8.84309864044189,"Unknown"
"7014855",371852,2025-06-11 22:46:13,43.3600883483887,-8.84323120117188,"Unknown"
"7014855",371852,2025-06-11 22:51:13,43.3601875305176,-8.84345626831055,"Unknown"
"7014855",371852,2025-06-11 22:56:12,43.3601570129395,-8.84334945678711,"Unknown"
"7014855",371852,2025-06-11 23:01:12,43.360164642334,-8.84340000152588,"Unknown"
"7014855",371852,2025-06-11 23:06:12,43.3602485656738,-8.84363269805908,"Unknown"
"7014855",371852,2025-06-11 23:11:12,43.3603248596191,-8.84382438659668,"Unknown"
"7014855",371852,2025-06-11 23:16:13,43.3603515625,-8.84392356872559,"Unknown"
"7014855",371852,2025-06-11 23:21:12,43.3601493835449,-8.84361743927002,"Unknown"
"7014855",371852,2025-06-11 23:26:14,43.3600425720215,-8.84312725067139,"Unknown"
"7014855",371852,2025-06-11 23:31:35,43.3600425720215,-8.84312438964844,"Unknown"
"7014855",371852,2025-06-11 23:36:11,43.360034942627,-8.84302616119385,"Unknown"
"7014855",371852,2025-06-11 23:41:12,43.3600578308105,-8.84309482574463,"Unknown"
"7014855",371852,2025-06-11 23:46:11,43.3600082397461,-8.84310531616211,"Unknown"
"7014855",371852,2025-06-11 23:51:12,43.3599510192871,-8.84311771392822,"Unknown"
"7014855",371852,2025-06-11 23:56:11,43.3595199584961,-8.84633922576904,"Unknown"
"7014855",371852,2025-06-12 00:01:11,43.3599472045898,-8.8431339263916,"Unknown"
"7014855",371852,2025-06-12 00:06:12,43.3599128723145,-8.8430643081665,"Unknown"
"7014855",371852,2025-06-12 00:11:11,43.3599090576172,-8.84309387207031,"Unknown"
"7014855",371852,2025-06-12 00:16:11,43.3599319458008,-8.84307289123535,"Unknown"
"7014855",371852,2025-06-12 00:21:11,43.3599662780762,-8.84290981292725,"Unknown"
"7014855",371852,2025-06-12 00:26:13,43.3600196838379,-8.84290313720703,"Unknown"
"7014855",371852,2025-06-12 00:31:13,43.3600540161133,-8.84312057495117,"Unknown"
"7014855",371852,2025-06-12 00:36:12,43.3600807189941,-8.84313488006592,"Unknown"
"7014855",371852,2025-06-12 00:41:12,43.3601112365723,-8.84315395355225,"Unknown"
"7014855",371852,2025-06-12 00:46:12,43.3602600097656,-8.84335899353027,"Unknown"
"7014855",371852,2025-06-12 00:51:15,43.3601264953613,-8.84317016601562,"Unknown"
"7014855",371852,2025-06-12 00:56:14,43.3601379394531,-8.84324550628662,"Unknown"
"7014855",371852,2025-06-12 01:01:16,43.3602485656738,-8.84344959259033,"Unknown"
"7014855",371852,2025-06-12 01:06:14,43.3602752685547,-8.84333324432373,"Unknown"
"7014855",371852,2025-06-12 01:11:16,43.3602027893066,-8.84340953826904,"Unknown"
"7014855",371852,2025-06-12 01:16:17,43.3601531982422,-8.84342861175537,"Unknown"
"7014855",371852,2025-06-12 01:21:16,43.3603591918945,-8.84349060058594,"Unknown"
"7014855",371852,2025-06-12 01:26:14,43.3604316711426,-8.84357357025146,"Unknown"
"7014855",371852,2025-06-12 01:31:35,43.3600692749023,-8.84308433532715,"Unknown"
"7014855",371852,2025-06-12 01:36:11,43.3600654602051,-8.84308528900146,"Unknown"
"7014855",371852,2025-06-12 01:41:12,43.3601570129395,-8.84286403656006,"Unknown"
"7014855",371852,2025-06-12 01:46:12,43.3601112365723,-8.84300899505615,"Unknown"
"7014855",371852,2025-06-12 01:51:15,43.3601036071777,-8.84298419952393,"Unknown"
"7014855",371852,2025-06-12 01:56:12,43.3599739074707,-8.8431921005249,"Unknown"
"7014855",371852,2025-06-12 02:01:11,43.3599166870117,-8.84332275390625,"Unknown"
"7014855",371852,2025-06-12 02:06:13,43.3601341247559,-8.84294414520264,"Unknown"
"7014855",371852,2025-06-12 02:11:13,43.3600463867188,-8.84312534332275,"Unknown"
"7014855",371852,2025-06-12 02:16:15,43.3600730895996,-8.84299468994141,"Unknown"
"7014855",371852,2025-06-12 02:21:14,43.3600311279297,-8.84314823150635,"Unknown"
"7014855",371852,2025-06-12 02:26:13,43.360050201416,-8.84312438964844,"Unknown"
"7014855",371852,2025-06-12 02:31:13,43.360034942627,-8.84301376342773,"Unknown"
"7014855",371852,2025-06-12 02:36:11,43.3601188659668,-8.84300804138184,"Unknown"
"7014855",371852,2025-06-12 02:41:11,43.3601303100586,-8.84293842315674,"Unknown"
"7014855",371852,2025-06-12 02:46:11,43.3600769042969,-8.84297943115234,"Unknown"
"7014855",371852,2025-06-12 02:51:11,43.3601226806641,-8.842942237854,"Unknown"
"7014855",371852,2025-06-12 02:56:11,43.3600807189941,-8.8430233001709,"Unknown"
"7014855",371852,2025-06-12 03:01:11,43.360034942627,-8.84296417236328,"Unknown"
"7014855",371852,2025-06-12 03:06:11,43.3600616455078,-8.84306335449219,"Unknown"
"7014855",371852,2025-06-12 03:11:11,43.3600616455078,-8.84305858612061,"Unknown"
"7014855",371852,2025-06-12 03:16:12,43.3600959777832,-8.84303379058838,"Unknown"
"7014855",371852,2025-06-12 03:21:14,43.360107421875,-8.84306144714355,"Unknown"
"7014855",371852,2025-06-12 03:26:14,43.3601417541504,-8.84306621551514,"Unknown"
"7014855",371852,2025-06-12 03:31:22,43.360034942627,-8.84309196472168,"Unknown"
"7014855",371852,2025-06-12 03:36:22,43.3600234985352,-8.84311389923096,"Unknown"
"7014855",371852,2025-06-12 03:41:22,43.3600311279297,-8.84314632415771,"Unknown"
"7014855",371852,2025-06-12 03:46:22,43.3599891662598,-8.84314155578613,"Unknown"
"7014855",371852,2025-06-12 03:51:35,43.3600616455078,-8.8431510925293,"Unknown"
"7014855",371852,2025-06-12 03:56:11,43.3601531982422,-8.84317111968994,"Unknown"
"7014855",371852,2025-06-12 04:01:11,43.3601150512695,-8.84316253662109,"Unknown"
"7014855",371852,2025-06-12 04:06:11,43.3601570129395,-8.8432035446167,"Unknown"
"7014855",371852,2025-06-12 04:11:11,43.3600311279297,-8.84311866760254,"Unknown"
"7014855",371852,2025-06-12 04:16:12,43.3601112365723,-8.84310817718506,"Unknown"
"7014855",371852,2025-06-12 04:21:14,43.3598747253418,-8.84285640716553,"Unknown"
"7014855",371852,2025-06-12 04:26:18,43.3603477478027,-8.84343910217285,"Unknown"
"7014855",371852,2025-06-12 04:31:16,43.3602752685547,-8.84372138977051,"Unknown"
"7014855",371852,2025-06-12 04:36:15,43.3601188659668,-8.84325122833252,"Unknown"
"7014855",371852,2025-06-12 04:41:17,43.360034942627,-8.84320163726807,"Unknown"
"7014855",371852,2025-06-12 04:46:34,43.3601493835449,-8.84313011169434,"Unknown"
"7014855",371852,2025-06-12 04:51:14,43.3601989746094,-8.84329319000244,"Unknown"
"7014855",371852,2025-06-12 04:56:14,43.3600425720215,-8.84323692321777,"Unknown"
"7014855",371852,2025-06-12 05:01:15,43.3600006103516,-8.84324073791504,"Unknown"
"7014855",371852,2025-06-12 05:06:15,43.3598518371582,-8.84294128417969,"Unknown"
"7014855",371852,2025-06-12 05:11:21,43.3599586486816,-8.84317302703857,"Unknown"
"7014855",371852,2025-06-12 05:16:18,43.3601455688477,-8.84331130981445,"Unknown"
"7014855",371852,2025-06-12 05:21:35,43.3600273132324,-8.84323787689209,"Unknown"
"7014855",371852,2025-06-12 05:26:13,43.3600463867188,-8.84323501586914,"Unknown"
"7014855",371852,2025-06-12 05:31:14,43.3600273132324,-8.84312152862549,"Unknown"
"7014855",371852,2025-06-12 05:36:15,43.3600006103516,-8.84310531616211,"Unknown"
"7014855",371852,2025-06-12 05:41:12,43.3600845336914,-8.84310626983643,"Unknown"
"7014855",371852,2025-06-12 05:46:12,43.3600234985352,-8.84314727783203,"Unknown"
"7014855",371852,2025-06-12 05:51:13,43.3600006103516,-8.8431224822998,"Unknown"
"7014855",371852,2025-06-12 05:56:12,43.3600845336914,-8.84313106536865,"Unknown"
"7014855",371852,2025-06-12 06:01:59,43.3601379394531,-8.84684085845947,"Unknown"
"7014855",371852,2025-06-12 06:06:11,43.3599510192871,-8.84309768676758,"Unknown"
"7014855",371852,2025-06-12 06:11:13,43.3599624633789,-8.84309005737305,"Unknown"
"7014855",371852,2025-06-12 06:16:11,43.3564872741699,-8.8244104385376,"Unknown"
"7014855",371852,2025-06-12 06:21:12,43.3386764526367,-8.80752944946289,"Unknown"
"7014855",371852,2025-06-12 06:26:13,43.3192367553711,-8.78628158569336,"Unknown"
"7014855",371852,2025-06-12 06:31:42,43.3041152954102,-8.75979232788086,"Unknown"
"7014855",371852,2025-06-12 06:36:59,43.2950820922852,-8.74955081939697,"Unknown"
"7014855",371852,2025-06-12 06:41:15,43.2936820983887,-8.74562358856201,"Unknown"
"7014855",371852,2025-06-12 06:46:11,43.2935981750488,-8.74562549591064,"Unknown"
"7014855",371852,2025-06-12 06:51:12,43.2965888977051,-8.72150230407715,"Unknown"
"7014855",371852,2025-06-12 06:56:14,43.2918968200684,-8.68301486968994,"Unknown"
"7014855",371852,2025-06-12 07:01:14,43.2765464782715,-8.66719722747803,"Unknown"
"7014855",371852,2025-06-12 07:06:24,43.2587966918945,-8.64462661743164,"Unknown"
"7014855",371852,2025-06-12 07:11:24,43.238353729248,-8.61877727508545,"Unknown"
"7014855",371852,2025-06-12 07:16:24,43.2219352722168,-8.58548641204834,"Unknown"
"7014855",371852,2025-06-12 07:21:24,43.2065811157227,-8.5817232131958,"Unknown"
"7014855",371852,2025-06-12 07:26:14,43.1901206970215,-8.56237030029297,"Unknown"
"7014855",371852,2025-06-12 07:31:45,43.1681671142578,-8.53321552276611,"Unknown"
"7014855",371852,2025-06-12 07:36:12,43.1464157104492,-8.51904296875,"Unknown"
"7014855",371852,2025-06-12 07:41:25,43.1314239501953,-8.47847175598145,"Unknown"
"7014855",371852,2025-06-12 07:46:13,43.1303176879883,-8.47165012359619,"Unknown"
"7014855",371852,2025-06-12 07:51:24,43.130054473877,-8.4720287322998,"Unknown"
"7014855",371852,2025-06-12 07:56:13,43.1301231384277,-8.47191905975342,"Unknown"
"7014855",371852,2025-06-12 08:01:35,43.1303329467773,-8.47188472747803,"Unknown"
"7014855",371852,2025-06-12 08:06:11,43.1264839172363,-8.4687671661377,"Unknown"
"7014855",371852,2025-06-12 08:11:25,43.1124992370605,-8.4927978515625,"Unknown"
"7014855",371852,2025-06-12 08:16:15,43.0999488830566,-8.49597644805908,"Unknown"
"7014855",371852,2025-06-12 08:21:17,43.1027374267578,-8.49414253234863,"Unknown"
"7014855",371852,2025-06-12 08:26:31,43.1006736755371,-8.48571872711182,"Unknown"
"7014855",371852,2025-06-12 08:31:11,43.111083984375,-8.48928165435791,"Unknown"
"7014855",371852,2025-06-12 08:36:11,43.1302452087402,-8.47213077545166,"Unknown"
"7014855",371852,2025-06-12 08:41:12,43.1302871704102,-8.47194576263428,"Unknown"
"7014855",371852,2025-06-12 08:46:11,43.1302375793457,-8.47186946868896,"Unknown"
"7014855",371852,2025-06-12 08:51:11,43.1310043334961,-8.4718017578125,"Unknown"
"7014855",371852,2025-06-12 08:56:12,43.1347618103027,-8.50164413452148,"Unknown"
"7014855",371852,2025-06-12 09:01:21,43.1515007019043,-8.53723526000977,"Unknown"
"7014855",371852,2025-06-12 09:06:12,43.1697769165039,-8.57484149932861,"Unknown"
"7014855",371852,2025-06-12 09:11:12,43.1887397766113,-8.61578941345215,"Unknown"
"7014855",371852,2025-06-12 09:16:23,43.2048873901367,-8.63804340362549,"Unknown"
"7014855",371852,2025-06-12 09:21:24,43.2404365539551,-8.66918468475342,"Unknown"
"7014855",371852,2025-06-12 09:26:13,43.2793502807617,-8.70558547973633,"Unknown"
"7014855",371852,2025-06-12 09:31:14,43.3020286560059,-8.74142742156982,"Unknown"
"7014855",371852,2025-06-12 09:36:11,43.3150787353516,-8.77795600891113,"Unknown"
"7014855",371852,2025-06-12 09:41:14,43.3427085876465,-8.81343936920166,"Unknown"
"7014855",371852,2025-06-12 09:46:18,43.3599815368652,-8.84307384490967,"Unknown"
"7014855",371852,2025-06-12 09:51:11,43.3599319458008,-8.84310245513916,"Unknown"
"7014855",371852,2025-06-12 09:56:11,43.3600578308105,-8.84311962127686,"Unknown"
"7014855",371852,2025-06-12 10:01:26,43.360034942627,-8.84308528900146,"Unknown"
"7014855",371852,2025-06-12 10:06:15,43.3600273132324,-8.84305095672607,"Unknown"
"7014855",371852,2025-06-12 10:11:15,43.360050201416,-8.84314155578613,"Unknown"
"7014855",371852,2025-06-12 10:16:15,43.3600158691406,-8.84310054779053,"Unknown"
"7014855",371852,2025-06-12 10:21:35,43.3600616455078,-8.84304618835449,"Unknown"
"7014855",371852,2025-06-12 10:26:12,43.3600120544434,-8.843017578125,"Unknown"
"7014855",371852,2025-06-12 10:31:12,43.360034942627,-8.84309673309326,"Unknown"
"7014855",371852,2025-06-12 10:36:12,43.3599815368652,-8.84305667877197,"Unknown"
"7014855",371852,2025-06-12 10:41:12,43.3600158691406,-8.84302043914795,"Unknown"
"7014855",371852,2025-06-12 10:46:14,43.3600120544434,-8.84315872192383,"Unknown"
"7014855",371852,2025-06-12 10:51:24,43.3600234985352,-8.84304809570312,"Unknown"
"7014855",371852,2025-06-12 10:56:17,43.359977722168,-8.84323215484619,"Unknown"
"7014855",371852,2025-06-12 11:01:35,43.3600120544434,-8.84305953979492,"Unknown"
"7014855",371852,2025-06-12 11:06:12,43.3600463867188,-8.84308338165283,"Unknown"
"7014855",371852,2025-06-12 11:11:12,43.3600463867188,-8.84386444091797,"Unknown"
"7014855",371852,2025-06-12 11:16:12,43.3602104187012,-8.843017578125,"Unknown"
"7014855",371852,2025-06-12 11:21:11,43.3601570129395,-8.84303188323975,"Unknown"
"7014855",371852,2025-06-12 11:26:13,43.3601417541504,-8.84307956695557,"Unknown"
"7014855",371852,2025-06-12 11:31:11,43.360107421875,-8.84308815002441,"Unknown"
"7014855",371852,2025-06-12 11:36:12,43.3600692749023,-8.84318351745605,"Unknown"
"7014855",371852,2025-06-12 11:41:12,43.3600578308105,-8.84311676025391,"Unknown"
"7014855",371852,2025-06-12 11:46:11,43.3601264953613,-8.84303760528564,"Unknown"
"7014855",371852,2025-06-12 11:51:11,43.3601455688477,-8.84314441680908,"Unknown"
"7014855",371852,2025-06-12 11:56:11,43.3601913452148,-8.8431453704834,"Unknown"
"7014855",371852,2025-06-12 12:01:12,43.3601493835449,-8.84313583374023,"Unknown"
"7014855",371852,2025-06-12 12:06:11,43.3602256774902,-8.8432092666626,"Unknown"
"7014855",371852,2025-06-12 12:11:12,43.360279083252,-8.84327793121338,"Unknown"
"7014855",371852,2025-06-12 12:16:13,43.3602867126465,-8.84328842163086,"Unknown"
"7014855",371852,2025-06-12 12:24:53,43.3602027893066,-8.84304904937744,"Unknown"
"7014855",371852,2025-06-12 12:29:44,43.3600845336914,-8.84306716918945,"Unknown"
"7014855",371852,2025-06-12 12:34:44,43.360107421875,-8.84306526184082,"Unknown"
"7014855",371852,2025-06-12 12:39:17,43.3599586486816,-8.84315204620361,"Unknown"
"7014855",371852,2025-06-12 12:44:17,43.3599815368652,-8.84317302703857,"Unknown"
"7014855",371852,2025-06-12 12:49:17,43.3600425720215,-8.8431224822998,"Unknown"
"7014855",371852,2025-06-12 12:54:17,43.359806060791,-8.84316062927246,"Unknown"
"7014855",371852,2025-06-12 12:59:24,43.3600845336914,-8.8431282043457,"Unknown"
"7014855",371852,2025-06-12 13:04:17,43.353214263916,-8.84762573242188,"Unknown"
"7014855",371852,2025-06-12 13:09:16,43.3336982727051,-8.84663391113281,"Unknown"
"7014855",371852,2025-06-12 13:14:16,43.3102188110352,-8.84146785736084,"Unknown"
"7014855",371852,2025-06-12 13:19:16,43.2861175537109,-8.85044765472412,"Unknown"
"7014855",371852,2025-06-12 13:24:17,43.2660484313965,-8.83156108856201,"Unknown"
"7014855",371852,2025-06-12 13:29:16,43.247200012207,-8.81901264190674,"Unknown"
"7014855",371852,2025-06-12 13:34:45,43.22900390625,-8.79962635040283,"Unknown"
"7014855",371852,2025-06-12 13:39:17,43.2184257507324,-8.79133605957031,"Unknown"
"7014855",371852,2025-06-12 13:44:19,43.2100639343262,-8.79046821594238,"Unknown"
"7014855",371852,2025-06-12 13:49:18,43.1903762817383,-8.76346492767334,"Unknown"
"7014855",371852,2025-06-12 13:54:18,43.1793823242188,-8.7208776473999,"Unknown"
"7014855",371852,2025-06-12 13:59:17,43.1681518554688,-8.68117332458496,"Unknown"
"7014855",371852,2025-06-12 14:04:16,43.1652336120605,-8.65125751495361,"Unknown"
"7014855",371852,2025-06-12 14:09:23,43.1472778320312,-8.6129035949707,"Unknown"
"7014855",371852,2025-06-12 14:14:22,43.1293907165527,-8.60320472717285,"Unknown"
"7014855",371852,2025-06-12 14:19:22,43.128116607666,-8.59840297698975,"Unknown"
"7014855",371852,2025-06-12 14:24:16,43.1285018920898,-8.59932994842529,"Unknown"
"7014855",371852,2025-06-12 14:29:18,43.1281700134277,-8.59832191467285,"Unknown"
"7014855",371852,2025-06-12 14:35:05,43.1282157897949,-8.59833908081055,"Unknown"
"7014855",371852,2025-06-12 14:39:27,43.1284141540527,-8.59895801544189,"Unknown"
"7014855",371852,2025-06-12 14:44:45,43.1282119750977,-8.60009956359863,"Unknown"
"7014855",371852,2025-06-12 14:49:18,43.1411743164062,-8.58646297454834,"Unknown"
"7014855",371852,2025-06-12 14:54:18,43.1417007446289,-8.55270004272461,"Unknown"
"7014855",371852,2025-06-12 14:59:30,43.1374168395996,-8.51424884796143,"Unknown"
"7014855",371852,2025-06-12 15:04:20,43.1301574707031,-8.48101043701172,"Unknown"
"7014855",371852,2025-06-12 15:09:29,43.13134765625,-8.4693660736084,"Unknown"
"7014855",371852,2025-06-12 15:14:30,43.1301383972168,-8.47153663635254,"Unknown"
"7014855",371852,2025-06-12 15:19:32,43.1301727294922,-8.47146701812744,"Unknown"
"7014855",371852,2025-06-12 15:24:41,43.1301422119141,-8.47145843505859,"Unknown"
"7014855",371852,2025-06-12 15:29:32,43.1299667358398,-8.47169017791748,"Unknown"
"7014855",371852,2025-06-12 15:34:44,43.1363182067871,-8.48752498626709,"Unknown"
"7014855",371852,2025-06-12 15:39:30,43.1493492126465,-8.52596187591553,"Unknown"
"7014855",371852,2025-06-12 15:44:21,43.172306060791,-8.56255435943604,"Unknown"
"7014855",371852,2025-06-12 15:49:30,43.2037353515625,-8.59663105010986,"Unknown"
"7014855",371852,2025-06-12 15:54:48,43.2358932495117,-8.63382244110107,"Unknown"
"7014855",371852,2025-06-12 15:59:35,43.2656211853027,-8.66317367553711,"Unknown"
"7014855",371852,2025-06-12 16:04:35,43.2875671386719,-8.69881153106689,"Unknown"
"7014855",371852,2025-06-12 16:09:59,43.2930488586426,-8.72994136810303,"Unknown"
"7014855",371852,2025-06-12 16:14:47,43.298583984375,-8.7629280090332,"Unknown"
"7014855",371852,2025-06-12 16:19:59,43.3164329528809,-8.79461193084717,"Unknown"
"7014855",371852,2025-06-12 16:24:18,43.3318672180176,-8.8120231628418,"Unknown"
"7014855",371852,2025-06-12 16:29:21,43.3435401916504,-8.82364177703857,"Unknown"
"7014855",371852,2025-06-12 16:34:59,43.3599853515625,-8.84299755096436,"Unknown"
"7014855",371852,2025-06-12 16:39:18,43.360050201416,-8.84311962127686,"Unknown"
"7014855",371852,2025-06-12 16:44:17,43.360050201416,-8.84299850463867,"Unknown"
"7014855",371852,2025-06-12 16:49:21,43.359992980957,-8.84305191040039,"Unknown"
"7014855",371852,2025-06-12 16:55:11,43.3600578308105,-8.84304141998291,"Unknown"
"7014855",371852,2025-06-12 16:59:19,43.3600540161133,-8.84322357177734,"Unknown"
"7014855",371852,2025-06-12 17:04:19,43.3602523803711,-8.8433666229248,"Unknown"
"7014855",371852,2025-06-12 17:09:19,43.3602600097656,-8.84342288970947,"Unknown"
"7014855",371852,2025-06-12 17:14:24,43.3601608276367,-8.84328174591064,"Unknown"
"7014855",371852,2025-06-12 17:19:24,43.3602333068848,-8.84333610534668,"Unknown"
"7014855",371852,2025-06-12 17:24:28,43.3598899841309,-8.84272861480713,"Unknown"
"7014855",371852,2025-06-12 17:29:25,43.3599700927734,-8.84310817718506,"Unknown"
"7014855",371852,2025-06-12 17:34:31,43.3600578308105,-8.84300994873047,"Unknown"
"7014855",371852,2025-06-12 17:39:32,43.3600196838379,-8.84300231933594,"Unknown"
"7014855",371852,2025-06-12 17:44:25,43.360481262207,-8.84388542175293,"Unknown"
"7014855",371852,2025-06-12 17:49:53,43.3601112365723,-8.84305858612061,"Unknown"
"7014855",371852,2025-06-12 17:54:21,43.3600387573242,-8.84299659729004,"Unknown"
"7014855",371852,2025-06-12 17:59:17,43.3599967956543,-8.84294509887695,"Unknown"
"7014855",371852,2025-06-12 18:04:44,43.3600425720215,-8.84306144714355,"Unknown"
"7014855",371852,2025-06-12 18:09:20,43.3600845336914,-8.84310054779053,"Unknown"
"7014855",371852,2025-06-12 18:14:21,43.3600616455078,-8.84311103820801,"Unknown"
"7014855",371852,2025-06-12 18:19:23,43.3601303100586,-8.84322261810303,"Unknown"
"7014855",371852,2025-06-12 18:24:36,43.3599700927734,-8.84307670593262,"Unknown"
"7014855",371852,2025-06-12 18:29:20,43.3598899841309,-8.8429126739502,"Unknown"
"7014855",371852,2025-06-12 18:34:44,43.3600578308105,-8.84308052062988,"Unknown"
"7014855",371852,2025-06-12 18:39:21,43.359748840332,-8.84268188476562,"Unknown"
"7014855",371852,2025-06-12 18:44:18,43.3602714538574,-8.8434362411499,"Unknown"
"7014855",371852,2025-06-12 18:49:20,43.3600807189941,-8.84305953979492,"Unknown"
"7014855",371852,2025-06-12 18:54:19,43.3600730895996,-8.8430871963501,"Unknown"
"7014855",371852,2025-06-12 18:59:19,43.3600654602051,-8.84307098388672,"Unknown"
"7014855",371852,2025-06-12 19:04:18,43.3600273132324,-8.84306526184082,"Unknown"
"7014855",371852,2025-06-12 19:09:22,43.3601417541504,-8.84330177307129,"Unknown"
"7014855",371852,2025-06-12 19:14:27,43.3598022460938,-8.84272480010986,"Unknown"
"7014855",371852,2025-06-12 19:19:22,43.3639030456543,-8.8450927734375,"Unknown"
"7014855",371852,2025-06-12 19:25:42,43.3609390258789,-8.84488868713379,"Unknown"
"7014855",371852,2025-06-12 19:29:19,43.3591232299805,-8.84504318237305,"Unknown"
"7014855",371852,2025-06-12 19:34:24,43.360595703125,-8.8440408706665,"Unknown"
"7014855",371852,2025-06-12 19:39:28,43.3598136901855,-8.84297943115234,"Unknown"
"7014855",371852,2025-06-12 19:44:20,43.3486785888672,-8.81264495849609,"Unknown"
"7014855",371852,2025-06-12 19:49:19,43.339427947998,-8.78525733947754,"Unknown"
"7014855",371852,2025-06-12 19:54:21,43.3384666442871,-8.78328704833984,"Unknown"
"7014855",371852,2025-06-12 19:59:20,43.3369789123535,-8.78446388244629,"Unknown"
"7014855",371852,2025-06-12 20:04:18,43.3382339477539,-8.78573226928711,"Unknown"
"7014855",371852,2025-06-12 20:09:31,43.3377990722656,-8.78511238098145,"Unknown"
"7014855",371852,2025-06-12 20:14:20,43.3388404846191,-8.78514099121094,"Unknown"
"7014855",371852,2025-06-12 20:19:20,43.3389129638672,-8.78552150726318,"Unknown"
"7014855",371852,2025-06-12 20:24:20,43.3376426696777,-8.78633880615234,"Unknown"
"7014855",371852,2025-06-12 20:29:18,43.3502464294434,-8.81616973876953,"Unknown"
"7014855",371852,2025-06-12 20:34:19,43.3598442077637,-8.84712028503418,"Unknown"
"7014855",371852,2025-06-12 20:39:22,43.3600845336914,-8.84373569488525,"Unknown"
"7014855",371852,2025-06-12 20:44:35,43.3600082397461,-8.84383010864258,"Unknown"
"7014855",371852,2025-06-12 20:49:35,43.3600158691406,-8.84369277954102,"Unknown"
"7014855",371852,2025-06-12 20:54:35,43.3600463867188,-8.84369087219238,"Unknown"
"7014855",371852,2025-06-12 20:59:35,43.3601112365723,-8.84357261657715,"Unknown"
"7014855",371852,2025-06-12 21:04:31,43.3601417541504,-8.84355545043945,"Unknown"
"7014855",371852,2025-06-12 21:09:36,43.3601493835449,-8.8434944152832,"Unknown"
"7014855",371852,2025-06-12 21:14:45,43.3601379394531,-8.84313678741455,"Unknown"
"7014855",371852,2025-06-12 21:19:18,43.3601493835449,-8.84309768676758,"Unknown"
"7014855",371852,2025-06-12 21:24:23,43.360221862793,-8.84313106536865,"Unknown"
"7014855",371852,2025-06-12 21:29:31,43.3601188659668,-8.84321784973145,"Unknown"
"7014855",371852,2025-06-12 21:34:31,43.3601913452148,-8.84322643280029,"Unknown"
"7014855",371852,2025-06-12 21:39:31,43.3601417541504,-8.84318256378174,"Unknown"
"7014855",371852,2025-06-12 21:44:24,43.3601417541504,-8.84318923950195,"Unknown"
"7014855",371852,2025-06-12 21:49:54,43.3601722717285,-8.84320640563965,"Unknown"
"7014855",371852,2025-06-12 21:54:18,43.3601570129395,-8.84317016601562,"Unknown"
"7014855",371852,2025-06-12 21:59:21,43.3601989746094,-8.84339046478271,"Unknown"
"7014855",371852,2025-06-12 22:04:18,43.3601303100586,-8.84310150146484,"Unknown"
"7014855",371852,2025-06-12 22:09:18,43.360179901123,-8.84319114685059,"Unknown"
"7014855",371852,2025-06-12 22:14:19,43.3601493835449,-8.84322547912598,"Unknown"
"7014855",371852,2025-06-12 22:19:18,43.3601150512695,-8.84322357177734,"Unknown"
"7014855",371852,2025-06-12 22:24:18,43.3601226806641,-8.84319591522217,"Unknown"
"7014855",371852,2025-06-12 22:29:18,43.3600959777832,-8.84317588806152,"Unknown"
"7014855",371852,2025-06-12 22:34:18,43.3600730895996,-8.84325313568115,"Unknown"
"7014855",371852,2025-06-12 22:39:20,43.3600196838379,-8.84309196472168,"Unknown"
"7014855",371852,2025-06-12 22:44:19,43.3600997924805,-8.8431978225708,"Unknown"
"7014855",371852,2025-06-12 22:49:19,43.3601303100586,-8.84335517883301,"Unknown"
"7014855",371852,2025-06-12 22:54:44,43.3600578308105,-8.84306812286377,"Unknown"
"7014855",371852,2025-06-12 22:59:20,43.3599700927734,-8.84300518035889,"Unknown"
"7014855",371852,2025-06-12 23:04:19,43.3601226806641,-8.84332656860352,"Unknown"
"7014855",371852,2025-06-12 23:09:20,43.3597526550293,-8.84252643585205,"Unknown"
"7014855",371852,2025-06-12 23:14:19,43.3599662780762,-8.84285068511963,"Unknown"
"7014855",371852,2025-06-12 23:19:19,43.3599700927734,-8.84302997589111,"Unknown"
"7014855",371852,2025-06-12 23:24:21,43.3600273132324,-8.84281063079834,"Unknown"
"7014855",371852,2025-06-12 23:29:21,43.3600387573242,-8.84298419952393,"Unknown"
"7014855",371852,2025-06-12 23:34:21,43.3599472045898,-8.84279441833496,"Unknown"
"7014855",371852,2025-06-12 23:39:21,43.3601684570312,-8.84297370910645,"Unknown"
"7014855",371852,2025-06-12 23:44:21,43.3600883483887,-8.84304237365723,"Unknown"
"7014855",371852,2025-06-12 23:49:45,43.3601264953613,-8.84320545196533,"Unknown"
"7014855",371852,2025-06-12 23:54:21,43.3599472045898,-8.8425989151001,"Unknown"
"7014855",371852,2025-06-12 23:59:21,43.3601150512695,-8.84280014038086,"Unknown"
"7014855",371852,2025-06-13 00:04:24,43.3600196838379,-8.84283351898193,"Unknown"
"7014855",371852,2025-06-13 00:09:31,43.3600845336914,-8.8427677154541,"Unknown"
"7014855",371852,2025-06-13 00:14:31,43.3601760864258,-8.84313583374023,"Unknown"
"7014855",371852,2025-06-13 00:19:31,43.3601608276367,-8.84315967559814,"Unknown"
"7014855",371852,2025-06-13 00:24:31,43.3601570129395,-8.84318256378174,"Unknown"
"7014855",371852,2025-06-13 00:29:22,43.3600311279297,-8.84277534484863,"Unknown"
"7014855",371852,2025-06-13 00:34:31,43.3601913452148,-8.84319305419922,"Unknown"
"7014855",371852,2025-06-13 00:39:31,43.3602180480957,-8.84321784973145,"Unknown"
"7014855",371852,2025-06-13 00:44:20,43.3601913452148,-8.84311580657959,"Unknown"
"7014855",371852,2025-06-13 00:49:44,43.360221862793,-8.84331035614014,"Unknown"
"7014855",371852,2025-06-13 00:54:31,43.3601989746094,-8.84327030181885,"Unknown"
"7014855",371852,2025-06-13 00:59:23,43.3601341247559,-8.84278392791748,"Unknown"
"7014855",371852,2025-06-13 01:04:30,43.3601989746094,-8.84317398071289,"Unknown"
"7014855",371852,2025-06-13 01:09:51,43.3601188659668,-8.84302806854248,"Unknown"
"7014855",371852,2025-06-13 01:14:22,43.3602027893066,-8.84314632415771,"Unknown"
"7014855",371852,2025-06-13 01:19:18,43.3602638244629,-8.84321403503418,"Unknown"
"7014855",371852,2025-06-13 01:24:18,43.3602828979492,-8.84319400787354,"Unknown"
"7014855",371852,2025-06-13 01:29:18,43.3603057861328,-8.84322261810303,"Unknown"
"7014855",371852,2025-06-13 01:34:20,43.3603172302246,-8.84314918518066,"Unknown"
"7014855",371852,2025-06-13 01:39:20,43.3605155944824,-8.8432674407959,"Unknown"
"7014855",371852,2025-06-13 01:44:52,43.3600540161133,-8.84310150146484,"Unknown"
"7014855",371852,2025-06-13 01:49:18,43.3600387573242,-8.84303569793701,"Unknown"
"7014855",371852,2025-06-13 01:54:18,43.3601150512695,-8.84304046630859,"Unknown"
"7014855",371852,2025-06-13 01:59:18,43.3600730895996,-8.8430061340332,"Unknown"
"7014855",371852,2025-06-13 02:04:18,43.3600845336914,-8.84298610687256,"Unknown"
"7014855",371852,2025-06-13 02:09:18,43.3600997924805,-8.84296321868896,"Unknown"
"7014855",371852,2025-06-13 02:14:18,43.3600769042969,-8.84302806854248,"Unknown"
"7014855",371852,2025-06-13 02:19:18,43.3600387573242,-8.843017578125,"Unknown"
"7014855",371852,2025-06-13 02:24:19,43.3600654602051,-8.84302234649658,"Unknown"
"7014855",371852,2025-06-13 02:29:19,43.3600540161133,-8.84304809570312,"Unknown"
"7014855",371852,2025-06-13 02:34:35,43.3600196838379,-8.84303665161133,"Unknown"
"7014855",371852,2025-06-13 02:39:31,43.3599967956543,-8.84303665161133,"Unknown"
"7014855",371852,2025-06-13 02:44:31,43.3600158691406,-8.84301471710205,"Unknown"
"7014855",371852,2025-06-13 02:49:35,43.360034942627,-8.84303092956543,"Unknown"
"7014855",371852,2025-06-13 02:54:35,43.3600311279297,-8.84302425384521,"Unknown"
"7014855",371852,2025-06-13 02:59:35,43.3600158691406,-8.84303569793701,"Unknown"
"7014855",371852,2025-06-13 03:04:35,43.3600044250488,-8.84298419952393,"Unknown"
"7014855",371852,2025-06-13 03:09:36,43.3600273132324,-8.84301280975342,"Unknown"
"7014855",371852,2025-06-13 03:14:45,43.3600730895996,-8.84304141998291,"Unknown"
"7014855",371852,2025-06-13 03:19:18,43.3600196838379,-8.84307956695557,"Unknown"
"7014855",371852,2025-06-13 03:24:20,43.360050201416,-8.84301853179932,"Unknown"
"7014855",371852,2025-06-13 03:29:19,43.3600234985352,-8.84293270111084,"Unknown"
"7014855",371852,2025-06-13 03:34:19,43.3600997924805,-8.84305286407471,"Unknown"
"7014855",371852,2025-06-13 03:39:21,43.3600082397461,-8.84299564361572,"Unknown"
"7014855",371852,2025-06-13 03:44:19,43.3605728149414,-8.84334278106689,"Unknown"
"7014855",371852,2025-06-13 03:50:42,43.370246887207,-8.83708095550537,"Unknown"
"7014855",371852,2025-06-13 03:54:44,43.3731727600098,-8.83059597015381,"Unknown"
"7014855",371852,2025-06-13 03:59:31,43.3625907897949,-8.83909702301025,"Unknown"
"7014855",371852,2025-06-13 04:04:58,43.3625183105469,-8.83908557891846,"Unknown"
"7014855",371852,2025-06-13 04:09:19,43.3619918823242,-8.82205867767334,"Unknown"
"7014855",371852,2025-06-13 04:14:19,43.3566818237305,-8.79187202453613,"Unknown"
"7014855",371852,2025-06-13 04:19:19,43.356086730957,-8.79473304748535,"Unknown"
"7014855",371852,2025-06-13 04:24:21,43.3552932739258,-8.79134750366211,"Unknown"
"7014855",371852,2025-06-13 04:29:20,43.3376007080078,-8.78023433685303,"Unknown"
"7014855",371852,2025-06-13 04:34:25,43.3276863098145,-8.77979850769043,"Unknown"
"7014855",371852,2025-06-13 04:39:19,43.3240242004395,-8.79908466339111,"Unknown"
"7014855",371852,2025-06-13 04:44:31,43.3223648071289,-8.80270004272461,"Unknown"
"7014855",371852,2025-06-13 04:49:28,43.3222579956055,-8.80273914337158,"Unknown"
"7014855",371852,2025-06-13 04:55:42,43.3233222961426,-8.80614185333252,"Unknown"
"7014855",371852,2025-06-13 04:59:31,43.3245735168457,-8.80174827575684,"Unknown"
"7014855",371852,2025-06-13 05:04:23,43.3227767944336,-8.80502510070801,"Unknown"
"7014855",371852,2025-06-13 05:09:23,43.3228225708008,-8.80504989624023,"Unknown"
"7014855",371852,2025-06-13 05:14:21,43.3291549682617,-8.80022811889648,"Unknown"
"7014855",371852,2025-06-13 05:19:21,43.3464736938477,-8.82052230834961,"Unknown"
"7014855",371852,2025-06-13 05:24:34,43.3600234985352,-8.84301853179932,"Unknown"
"7014855",371852,2025-06-13 05:29:31,43.3599433898926,-8.84300231933594,"Unknown"
"7014855",371852,2025-06-13 05:34:31,43.3600120544434,-8.84301376342773,"Unknown"
"7014855",371852,2025-06-13 05:39:31,43.3598823547363,-8.84310817718506,"Unknown"
"7014855",371852,2025-06-13 05:44:31,43.3599243164062,-8.84322261810303,"Unknown"
"7014855",371852,2025-06-13 05:49:31,43.3598785400391,-8.84299564361572,"Unknown"
"7014855",371852,2025-06-13 05:54:31,43.3598823547363,-8.84314727783203,"Unknown"
"7014855",371852,2025-06-13 05:59:23,43.3598365783691,-8.84304523468018,"Unknown"
"7014855",371852,2025-06-13 06:04:24,43.3600044250488,-8.84305286407471,"Unknown"
"7014855",371852,2025-06-13 06:09:24,43.3599967956543,-8.84297466278076,"Unknown"
"7014855",371852,2025-06-13 06:14:31,43.3600425720215,-8.84304714202881,"Unknown"
"7014855",371852,2025-06-13 06:19:26,43.3600196838379,-8.84300327301025,"Unknown"
"7014855",371852,2025-06-13 06:24:22,43.3599815368652,-8.84305000305176,"Unknown"
"7014855",371852,2025-06-13 06:29:32,43.3600540161133,-8.84301948547363,"Unknown"
"7014855",371852,2025-06-13 06:34:30,43.3600769042969,-8.84297466278076,"Unknown"
"7014855",371852,2025-06-13 06:39:32,43.3599700927734,-8.84310913085938,"Unknown"
"7014855",371852,2025-06-13 06:44:31,43.3600158691406,-8.84302234649658,"Unknown"
"7014855",371852,2025-06-13 06:49:52,43.3600273132324,-8.8430004119873,"Unknown"
"7014855",371852,2025-06-13 06:54:23,43.3600006103516,-8.84298133850098,"Unknown"
"7014855",371852,2025-06-13 06:59:19,43.3600273132324,-8.84295749664307,"Unknown"
"7014855",371852,2025-06-13 07:04:21,43.3600616455078,-8.8430233001709,"Unknown"
"7014855",371852,2025-06-13 07:09:23,43.3601264953613,-8.84288692474365,"Unknown"
"7014855",371852,2025-06-13 07:14:20,43.3602294921875,-8.84278392791748,"Unknown"
"7014855",371852,2025-06-13 07:19:22,43.3602142333984,-8.8427848815918,"Unknown"
"7014855",371852,2025-06-13 07:24:31,43.3599815368652,-8.84310436248779,"Unknown"
"7014855",371852,2025-06-13 07:29:31,43.3600044250488,-8.84303951263428,"Unknown"
"7014855",371852,2025-06-13 07:34:20,43.3601264953613,-8.84289646148682,"Unknown"
"7014855",371852,2025-06-13 07:39:20,43.3601226806641,-8.84289169311523,"Unknown"
"7014855",371852,2025-06-13 07:44:23,43.360107421875,-8.84294891357422,"Unknown"
"7014855",371852,2025-06-13 07:49:20,43.368522644043,-8.83611297607422,"Unknown"
"7014855",371852,2025-06-13 07:54:19,43.3597717285156,-8.82066822052002,"Unknown"
"7014855",371852,2025-06-13 07:59:19,43.3390846252441,-8.79809951782227,"Unknown"
"7014855",371852,2025-06-13 08:04:19,43.3172798156738,-8.77500438690186,"Unknown"
"7014855",371852,2025-06-13 08:09:44,43.2944145202637,-8.74662780761719,"Unknown"
"7014855",371852,2025-06-13 08:14:20,43.2936820983887,-8.7458438873291,"Unknown"
"7014855",371852,2025-06-13 08:19:20,43.293773651123,-8.74577331542969,"Unknown"
"7014855",371852,2025-06-13 08:24:20,43.2937889099121,-8.74579048156738,"Unknown"
"7014855",371852,2025-06-13 08:29:22,43.2952499389648,-8.74919509887695,"Unknown"
"7014855",371852,2025-06-13 08:34:19,43.2966842651367,-8.75096130371094,"Unknown"
"7014855",371852,2025-06-13 08:39:19,43.3072853088379,-8.7424783706665,"Unknown"
"7014855",371852,2025-06-13 08:44:19,43.291934967041,-8.70823955535889,"Unknown"
"7014855",371852,2025-06-13 08:49:19,43.2917594909668,-8.69717407226562,"Unknown"
"7014855",371852,2025-06-13 08:54:19,43.2919845581055,-8.69708156585693,"Unknown"
"7014855",371852,2025-06-13 08:59:23,43.2921905517578,-8.69723892211914,"Unknown"
"7014855",371852,2025-06-13 09:04:23,43.292308807373,-8.69766139984131,"Unknown"
"7014855",371852,2025-06-13 09:09:20,43.2922096252441,-8.69814586639404,"Unknown"
"7014855",371852,2025-06-13 09:14:19,43.2917137145996,-8.69754600524902,"Unknown"
"7014855",371852,2025-06-13 09:19:19,43.2966690063477,-8.72177696228027,"Unknown"
"7014855",371852,2025-06-13 09:24:19,43.3071212768555,-8.75896835327148,"Unknown"
"7014855",371852,2025-06-13 09:29:19,43.3199653625488,-8.79389572143555,"Unknown"
"7014855",371852,2025-06-13 09:34:19,43.3437194824219,-8.81746006011963,"Unknown"
"7014855",371852,2025-06-13 09:39:19,43.3604202270508,-8.84477806091309,"Unknown"
"7014855",371852,2025-06-13 09:44:19,43.3599014282227,-8.84275913238525,"Unknown"
"7014855",371852,2025-06-13 09:49:22,43.3599472045898,-8.84271907806396,"Unknown"
"7014855",371852,2025-06-13 09:54:21,43.3598785400391,-8.84259986877441,"Unknown"
"7014855",371852,2025-06-13 09:59:20,43.360034942627,-8.84265422821045,"Unknown"
"7014855",371852,2025-06-13 10:04:20,43.3599815368652,-8.84256458282471,"Unknown"
"7014855",371852,2025-06-13 10:09:20,43.3598709106445,-8.84313201904297,"Unknown"
"7014855",371852,2025-06-13 10:14:21,43.3595275878906,-8.84239864349365,"Unknown"
"7014855",371852,2025-06-13 10:19:22,43.3596496582031,-8.84319877624512,"Unknown"
"7014855",371852,2025-06-13 10:24:21,43.3601875305176,-8.84325790405273,"Unknown"
"7014855",371852,2025-06-13 10:29:23,43.3595504760742,-8.84238719940186,"Unknown"
"7014855",371852,2025-06-13 10:34:21,43.3601150512695,-8.84321022033691,"Unknown"
"7014855",371852,2025-06-13 10:39:21,43.3597183227539,-8.84323120117188,"Unknown"
"7014855",371852,2025-06-13 10:44:20,43.3593063354492,-8.84334945678711,"Unknown"
"7014855",371852,2025-06-13 10:49:20,43.3592185974121,-8.84331035614014,"Unknown"
"7014855",371852,2025-06-13 10:54:20,43.359260559082,-8.84335136413574,"Unknown"
"7014855",371852,2025-06-13 10:59:20,43.359203338623,-8.84332466125488,"Unknown"
"7014855",371852,2025-06-13 11:04:21,43.3592567443848,-8.84340572357178,"Unknown"
"7014855",371852,2025-06-13 11:09:22,43.3591575622559,-8.84335803985596,"Unknown"
"7014855",371852,2025-06-13 11:14:30,43.3589668273926,-8.84248828887939,"Unknown"
"7014855",371852,2025-06-13 11:19:23,43.3592529296875,-8.84326457977295,"Unknown"
"7014855",371852,2025-06-13 11:24:24,43.3594779968262,-8.84301662445068,"Unknown"
"7014855",371852,2025-06-13 11:29:44,43.3600425720215,-8.84285068511963,"Unknown"
"7014855",371852,2025-06-13 11:34:23,43.3600044250488,-8.84283828735352,"Unknown"
"7014855",371852,2025-06-13 11:39:19,43.3600959777832,-8.84289932250977,"Unknown"
"7014855",371852,2025-06-13 11:44:22,43.3600959777832,-8.8429536819458,"Unknown"
"7014855",371852,2025-06-13 11:49:44,43.3602180480957,-8.84285068511963,"Unknown"
"7014855",371852,2025-06-13 11:54:24,43.3605461120605,-8.84285163879395,"Unknown"
"7014855",371852,2025-06-13 11:59:22,43.3603477478027,-8.84292030334473,"Unknown"
"7014855",371852,2025-06-13 12:04:21,43.3567237854004,-8.84498596191406,"Unknown"
"7014855",371852,2025-06-13 12:09:20,43.3311767578125,-8.84610176086426,"Unknown"
"7014855",371852,2025-06-13 12:14:20,43.3056297302246,-8.83957290649414,"Unknown"
"7014855",371852,2025-06-13 12:19:21,43.2826232910156,-8.83277034759521,"Unknown"
"7014855",371852,2025-06-13 12:24:20,43.2615127563477,-8.82583618164062,"Unknown"
"7014855",371852,2025-06-13 12:29:23,43.2486038208008,-8.79795455932617,"Unknown"
"7014855",371852,2025-06-13 12:34:23,43.2484359741211,-8.79809856414795,"Unknown"
"7014855",371852,2025-06-13 12:39:22,43.2483825683594,-8.79830360412598,"Unknown"
"7014855",371852,2025-06-13 12:44:20,43.2482032775879,-8.79824447631836,"Unknown"
"7014855",371852,2025-06-13 12:49:22,43.2484970092773,-8.79799270629883,"Unknown"
"7014855",371852,2025-06-13 12:54:22,43.2484970092773,-8.79830837249756,"Unknown"
"7014855",371852,2025-06-13 12:59:21,43.2486724853516,-8.79793548583984,"Unknown"
"7014855",371852,2025-06-13 13:04:20,43.2469635009766,-8.78984546661377,"Unknown"
"7014855",371852,2025-06-13 13:09:20,43.2449073791504,-8.79735946655273,"Unknown"
"7014855",371852,2025-06-13 13:14:20,43.2316703796387,-8.78099060058594,"Unknown"
"7014855",371852,2025-06-13 13:19:20,43.2168426513672,-8.7464771270752,"Unknown"
"7014855",371852,2025-06-13 13:24:20,43.1898307800293,-8.73661994934082,"Unknown"
"7014855",371852,2025-06-13 13:29:20,43.1708450317383,-8.70866870880127,"Unknown"
"7014855",371852,2025-06-13 13:34:20,43.1712303161621,-8.68647575378418,"Unknown"
"7014855",371852,2025-06-13 13:39:20,43.1635437011719,-8.63793563842773,"Unknown"
"7014855",371852,2025-06-13 13:44:20,43.1488609313965,-8.61099338531494,"Unknown"
"7014855",371852,2025-06-13 13:49:21,43.1257591247559,-8.60654926300049,"Unknown"
"7014855",371852,2025-06-13 13:54:20,43.1254425048828,-8.60643768310547,"Unknown"
"7014855",371852,2025-06-13 13:59:21,43.1255416870117,-8.60661315917969,"Unknown"
"7014855",371852,2025-06-13 14:04:21,43.1261177062988,-8.60603427886963,"Unknown"
"7014855",371852,2025-06-13 14:09:20,43.1259651184082,-8.60600090026855,"Unknown"
"7014855",371852,2025-06-13 14:14:21,43.1260223388672,-8.60597705841064,"Unknown"
"7014855",371852,2025-06-13 14:19:20,43.1361389160156,-8.60320472717285,"Unknown"
"7014855",371852,2025-06-13 14:24:19,43.1596183776855,-8.61843585968018,"Unknown"
"7014855",371852,2025-06-13 14:29:19,43.1872367858887,-8.6381893157959,"Unknown"
"7014855",371852,2025-06-13 14:34:20,43.2159042358398,-8.66509819030762,"Unknown"
"7014855",371852,2025-06-13 14:39:19,43.2467041015625,-8.67897605895996,"Unknown"
"7014855",371852,2025-06-13 14:44:19,43.2811470031738,-8.70996952056885,"Unknown"
"7014855",371852,2025-06-13 14:49:21,43.2977066040039,-8.74397563934326,"Unknown"
"7014855",371852,2025-06-13 14:54:21,43.3017883300781,-8.77797412872314,"Unknown"
"7014855",371852,2025-06-13 14:59:20,43.3221168518066,-8.80803966522217,"Unknown"
"7014855",371852,2025-06-13 15:04:20,43.3426208496094,-8.82896041870117,"Unknown"
"7014855",371852,2025-06-13 15:09:20,43.3600234985352,-8.84337902069092,"Unknown"
"7014855",371852,2025-06-13 15:14:21,43.360034942627,-8.84329891204834,"Unknown"
"7014855",371852,2025-06-13 15:19:20,43.3599624633789,-8.84316062927246,"Unknown"
"7014855",371852,2025-06-13 15:24:21,43.3601112365723,-8.84342670440674,"Unknown"
"7014855",371852,2025-06-13 15:29:20,43.3601036071777,-8.8435001373291,"Unknown"
"7014855",371852,2025-06-13 15:34:20,43.3601036071777,-8.84350109100342,"Unknown"
"7014855",371852,2025-06-13 15:39:20,43.3600959777832,-8.84341716766357,"Unknown"
"7014855",371852,2025-06-13 15:44:20,43.360107421875,-8.84347152709961,"Unknown"
"7014855",371852,2025-06-13 15:49:20,43.3601036071777,-8.8434009552002,"Unknown"
"7014855",371852,2025-06-13 15:54:21,43.3601112365723,-8.84346008300781,"Unknown"
"7014855",371852,2025-06-13 15:59:20,43.3601493835449,-8.84335136413574,"Unknown"
"7014855",371852,2025-06-13 16:04:21,43.3601951599121,-8.84318828582764,"Unknown"
"7014855",371852,2025-06-13 16:09:19,43.3603439331055,-8.84289360046387,"Unknown"
"7014855",371852,2025-06-13 16:14:23,43.3601722717285,-8.84319591522217,"Unknown"
"7014855",371852,2025-06-13 16:19:21,43.3600616455078,-8.8433952331543,"Unknown"
"7014855",371852,2025-06-13 16:24:20,43.3600540161133,-8.84328842163086,"Unknown"
"7014855",371852,2025-06-13 16:29:22,43.3600616455078,-8.84338665008545,"Unknown"
"7014855",371852,2025-06-13 16:34:20,43.3600463867188,-8.84327793121338,"Unknown"
"7014855",371852,2025-06-13 16:39:21,43.3600845336914,-8.84317302703857,"Unknown"
"7014855",371852,2025-06-13 16:44:21,43.3600196838379,-8.84323120117188,"Unknown"
"7014855",371852,2025-06-13 16:49:19,43.3859672546387,-8.8458890914917,"Unknown"
"7014855",371852,2025-06-13 16:54:19,43.4222450256348,-8.85973453521729,"Unknown"
"7014855",371852,2025-06-13 16:59:19,43.4589538574219,-8.87260913848877,"Unknown"
"7014855",371852,2025-06-13 17:04:20,43.4552612304688,-8.86738300323486,"Unknown"
"7014855",371852,2025-06-13 17:09:19,43.4576454162598,-8.87115669250488,"Unknown"
"7014855",371852,2025-06-13 17:14:20,43.4544448852539,-8.87509155273438,"Unknown"
"7014855",371852,2025-06-13 17:19:19,43.4307060241699,-8.85659599304199,"Unknown"
"7014855",371852,2025-06-13 17:24:19,43.4118461608887,-8.84576797485352,"Unknown"
"7014855",371852,2025-06-13 17:29:22,43.4040985107422,-8.84238433837891,"Unknown"
"7014855",371852,2025-06-13 17:34:21,43.3799057006836,-8.83964347839355,"Unknown"
"7014855",371852,2025-06-13 17:39:20,43.3598365783691,-8.8464994430542,"Unknown"
"7014855",371852,2025-06-13 17:44:23,43.3593597412109,-8.84314823150635,"Unknown"
"7014855",371852,2025-06-13 17:49:19,43.3549728393555,-8.84274864196777,"Unknown"
"7014855",371852,2025-06-13 17:54:20,43.3476638793945,-8.81070137023926,"Unknown"
"7014855",371852,2025-06-13 17:59:19,43.321117401123,-8.77678871154785,"Unknown"
"7014855",371852,2025-06-13 18:04:20,43.2992401123047,-8.74178600311279,"Unknown"
"7014855",371852,2025-06-13 18:09:20,43.2935523986816,-8.71659088134766,"Unknown"
"7014855",371852,2025-06-13 18:14:20,43.2640800476074,-8.68764877319336,"Unknown"
"7014855",371852,2025-06-13 18:19:20,43.2351417541504,-8.6546573638916,"Unknown"
"7014855",371852,2025-06-13 18:24:19,43.2097702026367,-8.62293815612793,"Unknown"
"7014855",371852,2025-06-13 18:29:20,43.1814308166504,-8.60081958770752,"Unknown"
"7014855",371852,2025-06-13 18:34:20,43.1484870910645,-8.58419609069824,"Unknown"
"7014855",371852,2025-06-13 18:39:20,43.1332321166992,-8.60904407501221,"Unknown"
"7014855",371852,2025-06-13 18:44:20,43.1308288574219,-8.58366870880127,"Unknown"
"7014855",371852,2025-06-13 18:49:20,43.132869720459,-8.51777935028076,"Unknown"
"7014855",371852,2025-06-13 18:54:20,43.1302490234375,-8.47168636322021,"Unknown"
"7014855",371852,2025-06-13 18:59:21,43.1302108764648,-8.47161674499512,"Unknown"
"7014855",371852,2025-06-13 19:04:28,43.130443572998,-8.47198295593262,"Unknown"
"7014855",371852,2025-06-13 19:09:22,43.1298789978027,-8.47164916992188,"Unknown"
"7014855",371852,2025-06-13 19:14:20,43.133171081543,-8.47536754608154,"Unknown"
"7014855",371852,2025-06-13 19:19:20,43.1457672119141,-8.50728797912598,"Unknown"
"7014855",371852,2025-06-13 19:24:20,43.1564979553223,-8.53944778442383,"Unknown"
"7014855",371852,2025-06-13 19:29:19,43.1698112487793,-8.57142448425293,"Unknown"
"7014855",371852,2025-06-13 19:34:20,43.1893272399902,-8.601487159729,"Unknown"
"7014855",371852,2025-06-13 19:39:19,43.2186889648438,-8.62136840820312,"Unknown"
"7014855",371852,2025-06-13 19:44:20,43.2493782043457,-8.64394569396973,"Unknown"
"7014855",371852,2025-06-13 19:49:20,43.2802619934082,-8.67138671875,"Unknown"
"7014855",371852,2025-06-13 19:54:21,43.2925491333008,-8.69785118103027,"Unknown"
"7014855",371852,2025-06-13 19:59:21,43.2925262451172,-8.69788455963135,"Unknown"
"7014855",371852,2025-06-13 20:04:20,43.292537689209,-8.69793891906738,"Unknown"
"7014855",371852,2025-06-13 20:09:21,43.3015251159668,-8.72501850128174,"Unknown"
"7014855",371852,2025-06-13 20:14:21,43.3169059753418,-8.76596546173096,"Unknown"
"7014855",371852,2025-06-13 20:19:20,43.3366279602051,-8.79631233215332,"Unknown"
"7014855",371852,2025-06-13 20:24:21,43.3531761169434,-8.82960414886475,"Unknown"
"7014855",371852,2025-06-13 20:29:21,43.359790802002,-8.8439245223999,"Unknown"
"7014855",371852,2025-06-13 20:34:21,43.3600540161133,-8.84354686737061,"Unknown"
"7014855",371852,2025-06-13 20:39:20,43.359992980957,-8.8438081741333,"Unknown"
"7014855",371852,2025-06-13 20:44:21,43.3601036071777,-8.84349536895752,"Unknown"
"7014855",371852,2025-06-13 20:49:20,43.360050201416,-8.84358310699463,"Unknown"
"7014855",371852,2025-06-13 20:54:20,43.3600158691406,-8.84372520446777,"Unknown"
"7014855",371852,2025-06-13 20:59:20,43.3595962524414,-8.84318161010742,"Unknown"
"7014855",371852,2025-06-13 21:04:20,43.3597984313965,-8.84335613250732,"Unknown"
"7014855",371852,2025-06-13 21:09:20,43.3603553771973,-8.8433666229248,"Unknown"
"7014855",371852,2025-06-13 21:14:22,43.3598556518555,-8.84315490722656,"Unknown"
"7014855",371852,2025-06-13 21:19:19,43.3598289489746,-8.84309101104736,"Unknown"
"7014855",371852,2025-06-13 21:24:20,43.3605804443359,-8.84324550628662,"Unknown"
"7014855",371852,2025-06-13 21:29:20,43.360034942627,-8.84293079376221,"Unknown"
"7014855",371852,2025-06-13 21:34:22,43.3606452941895,-8.84317874908447,"Unknown"
"7014855",371852,2025-06-13 21:39:29,43.3608741760254,-8.8430814743042,"Unknown"
"7014855",371852,2025-06-13 21:44:21,43.3602409362793,-8.84267711639404,"Unknown"
"7014855",371852,2025-06-13 21:49:21,43.3602447509766,-8.84272003173828,"Unknown"
"7014855",371852,2025-06-13 21:54:20,43.3604888916016,-8.8428373336792,"Unknown"
"7014855",371852,2025-06-13 21:59:20,43.3604774475098,-8.84284400939941,"Unknown"
"7014855",371852,2025-06-13 22:04:22,43.3582992553711,-8.84170150756836,"Unknown"
"7014855",371852,2025-06-13 22:09:21,43.3610610961914,-8.84338283538818,"Unknown"
"7014855",371852,2025-06-13 22:14:22,43.3613815307617,-8.84380340576172,"Unknown"
"7014855",371852,2025-06-13 22:19:27,43.3605499267578,-8.84229183197021,"Unknown"
"7014855",371852,2025-06-13 22:24:23,43.3607368469238,-8.84246158599854,"Unknown"
"7014855",371852,2025-06-13 22:29:23,43.3608245849609,-8.84233951568604,"Unknown"
"7014855",371852,2025-06-13 22:34:20,43.360897064209,-8.84239482879639,"Unknown"
"7014855",371852,2025-06-13 22:39:23,43.3608665466309,-8.84242057800293,"Unknown"
"7014855",371852,2025-06-13 22:44:20,43.3608093261719,-8.84244155883789,"Unknown"
"7014855",371852,2025-06-13 22:49:20,43.3605422973633,-8.84267234802246,"Unknown"
"7014855",371852,2025-06-13 22:54:20,43.3606910705566,-8.84255886077881,"Unknown"
"7014855",371852,2025-06-13 22:59:21,43.3605422973633,-8.84237384796143,"Unknown"
"7014855",371852,2025-06-13 23:04:21,43.3605651855469,-8.84232997894287,"Unknown"
"7014855",371852,2025-06-13 23:09:21,43.3605194091797,-8.84265804290771,"Unknown"
"7014855",371852,2025-06-13 23:14:21,43.3605690002441,-8.84252071380615,"Unknown"
"7014855",371852,2025-06-13 23:19:21,43.360481262207,-8.8427038192749,"Unknown"
"7014855",371852,2025-06-13 23:24:20,43.3605690002441,-8.84287071228027,"Unknown"
"7014855",371852,2025-06-13 23:29:20,43.3605003356934,-8.8427619934082,"Unknown"
"7014855",371852,2025-06-13 23:34:20,43.3604736328125,-8.84285926818848,"Unknown"
"7014855",371852,2025-06-13 23:39:22,43.3606910705566,-8.84282875061035,"Unknown"
"7014855",371852,2025-06-13 23:44:31,43.3604164123535,-8.84285640716553,"Unknown"
"7014855",371852,2025-06-13 23:49:20,43.3602447509766,-8.84283447265625,"Unknown"
"7014855",371852,2025-06-13 23:54:19,43.3602561950684,-8.84285831451416,"Unknown"
"7014855",371852,2025-06-13 23:59:20,43.3603210449219,-8.8429012298584,"Unknown"
"7014855",371852,2025-06-14 00:04:20,43.3603401184082,-8.8428955078125,"Unknown"
"7014855",371852,2025-06-14 00:09:21,43.3602981567383,-8.84296131134033,"Unknown"
"7014855",371852,2025-06-14 00:14:20,43.3601913452148,-8.84291362762451,"Unknown"
"7014855",371852,2025-06-14 00:19:21,43.3600692749023,-8.84306621551514,"Unknown"
"7014855",371852,2025-06-14 00:24:27,43.360107421875,-8.84333610534668,"Unknown"
"7014855",371852,2025-06-14 00:29:22,43.3602905273438,-8.84322166442871,"Unknown"
"7014855",371852,2025-06-14 00:34:24,43.3603477478027,-8.84319972991943,"Unknown"
"7014855",371852,2025-06-14 00:39:34,43.3603897094727,-8.84319114685059,"Unknown"
"7014855",371852,2025-06-14 00:44:33,43.3603858947754,-8.84321022033691,"Unknown"
"7014855",371852,2025-06-14 00:49:33,43.3603820800781,-8.84327411651611,"Unknown"
"7014855",371852,2025-06-14 00:54:43,43.3603935241699,-8.84325504302979,"Unknown"
"7014855",371852,2025-06-14 00:59:36,43.3603744506836,-8.84329414367676,"Unknown"
"7014855",371852,2025-06-14 01:04:37,43.3602676391602,-8.8433837890625,"Unknown"
"7014855",371852,2025-06-14 01:09:31,43.3602180480957,-8.84342479705811,"Unknown"
"7014855",371852,2025-06-14 01:14:22,43.3601951599121,-8.84346294403076,"Unknown"
"7014855",371852,2025-06-14 01:19:30,43.360221862793,-8.84346675872803,"Unknown"
"7014855",371852,2025-06-14 01:24:32,43.3601913452148,-8.84349632263184,"Unknown"
"7014855",371852,2025-06-14 01:29:44,43.3601684570312,-8.84341430664062,"Unknown"
"7014855",371852,2025-06-14 01:34:19,43.3601303100586,-8.8432502746582,"Unknown"
"7014855",371852,2025-06-14 01:39:19,43.3601913452148,-8.84322738647461,"Unknown"
"7014855",371852,2025-06-14 01:44:19,43.360221862793,-8.84314060211182,"Unknown"
"7014855",371852,2025-06-14 01:49:30,43.3602485656738,-8.84317779541016,"Unknown"
"7014855",371852,2025-06-14 01:54:30,43.3602180480957,-8.8433084487915,"Unknown"
"7014855",371852,2025-06-14 01:59:30,43.3603057861328,-8.84307193756104,"Unknown"
"7014855",371852,2025-06-14 02:04:30,43.3603363037109,-8.84310245513916,"Unknown"
"7014855",371852,2025-06-14 02:09:23,43.3603248596191,-8.84292507171631,"Unknown"
"7014855",371852,2025-06-14 02:14:23,43.3603897094727,-8.842848777771,"Unknown"
"7014855",371852,2025-06-14 02:19:22,43.3603744506836,-8.84286308288574,"Unknown"
"7014855",371852,2025-06-14 02:24:23,43.3601913452148,-8.84316635131836,"Unknown"
"7014855",371852,2025-06-14 02:29:25,43.3604393005371,-8.84305095672607,"Unknown"
"7014855",371852,2025-06-14 02:34:24,43.3602027893066,-8.84326076507568,"Unknown"
"7014855",371852,2025-06-14 02:39:23,43.3602027893066,-8.8432502746582,"Unknown"
"7014855",371852,2025-06-14 02:44:23,43.360164642334,-8.8432788848877,"Unknown"
"7014855",371852,2025-06-14 02:49:27,43.360481262207,-8.84317493438721,"Unknown"
"7014855",371852,2025-06-14 02:54:23,43.3603172302246,-8.84319972991943,"Unknown"
"7014855",371852,2025-06-14 02:59:21,43.3601951599121,-8.84321689605713,"Unknown"
"7014855",371852,2025-06-14 03:04:22,43.3602333068848,-8.84327697753906,"Unknown"
"7014855",371852,2025-06-14 03:09:28,43.3600120544434,-8.84326934814453,"Unknown"
"7014855",371852,2025-06-14 03:14:22,43.3603057861328,-8.84325504302979,"Unknown"
"7014855",371852,2025-06-14 03:19:21,43.3602676391602,-8.8432788848877,"Unknown"
"7014855",371852,2025-06-14 03:24:20,43.3602828979492,-8.8433084487915,"Unknown"
"7014855",371852,2025-06-14 03:29:25,43.360164642334,-8.84323310852051,"Unknown"
"7014855",371852,2025-06-14 03:34:20,43.3602142333984,-8.84331893920898,"Unknown"
"7014855",371852,2025-06-14 03:39:20,43.3602142333984,-8.8432731628418,"Unknown"
"7014855",371852,2025-06-14 03:44:21,43.3601303100586,-8.84324741363525,"Unknown"
"7014855",371852,2025-06-14 03:49:21,43.3601760864258,-8.84345817565918,"Unknown"
"7014855",371852,2025-06-14 03:54:19,43.3601264953613,-8.84348201751709,"Unknown"
"7014855",371852,2025-06-14 03:59:23,43.3599510192871,-8.84324741363525,"Unknown"
"7014855",371852,2025-06-14 04:04:50,43.3600769042969,-8.84369945526123,"Unknown"
"7014855",371852,2025-06-14 04:09:34,43.3599853515625,-8.8436861038208,"Unknown"
"7014855",371852,2025-06-14 04:14:27,43.3599243164062,-8.84365558624268,"Unknown"
"7014855",371852,2025-06-14 04:19:30,43.3599739074707,-8.84351253509521,"Unknown"
"7014855",371852,2025-06-14 04:24:24,43.3593444824219,-8.84305191040039,"Unknown"
"7014855",371852,2025-06-14 04:29:28,43.3599472045898,-8.84359836578369,"Unknown"
"7014855",371852,2025-06-14 04:34:21,43.3594284057617,-8.84262466430664,"Unknown"
"7014855",371852,2025-06-14 04:39:24,43.3600082397461,-8.84352016448975,"Unknown"
"7014855",371852,2025-06-14 04:44:27,43.3601951599121,-8.84354114532471,"Unknown"
"7014855",371852,2025-06-14 04:49:20,43.3598747253418,-8.84319114685059,"Unknown"
"7014855",371852,2025-06-14 04:54:21,43.3596954345703,-8.84275722503662,"Unknown"
"7014855",371852,2025-06-14 04:59:21,43.359302520752,-8.84187316894531,"Unknown"
"7014855",371852,2025-06-14 05:04:33,43.3599700927734,-8.84318542480469,"Unknown"
"7014855",371852,2025-06-14 05:09:25,43.3600616455078,-8.84317016601562,"Unknown"
"7014855",371852,2025-06-14 05:14:25,43.3600120544434,-8.84329605102539,"Unknown"
"7014855",371852,2025-06-14 05:19:25,43.3600845336914,-8.84315490722656,"Unknown"
"7014855",371852,2025-06-14 05:24:23,43.3597068786621,-8.84224796295166,"Unknown"
"7014855",371852,2025-06-14 05:29:27,43.3600769042969,-8.8431282043457,"Unknown"
"7014855",371852,2025-06-14 05:34:30,43.3601264953613,-8.84305763244629,"Unknown"
"7014855",371852,2025-06-14 05:39:30,43.3601379394531,-8.84309005737305,"Unknown"
"7014855",371852,2025-06-14 05:44:28,43.3601150512695,-8.84309768676758,"Unknown"
"7014855",371852,2025-06-14 05:49:23,43.3597373962402,-8.8422327041626,"Unknown"
"7014855",371852,2025-06-14 05:54:30,43.3601608276367,-8.84314441680908,"Unknown"
"7014855",371852,2025-06-14 05:59:30,43.3601951599121,-8.8431568145752,"Unknown"
"7014855",371852,2025-06-14 06:04:30,43.3602027893066,-8.84316921234131,"Unknown"
"7014855",371852,2025-06-14 06:09:30,43.360221862793,-8.84321975708008,"Unknown"
"7014855",371852,2025-06-14 06:14:33,43.3601570129395,-8.84357166290283,"Unknown"
"7014855",371852,2025-06-14 06:19:30,43.360164642334,-8.84351825714111,"Unknown"
"7014855",371852,2025-06-14 06:24:20,43.3582000732422,-8.84579658508301,"Unknown"
"7014855",371852,2025-06-14 06:29:20,43.330680847168,-8.85333442687988,"Unknown"
"7014855",371852,2025-06-14 06:34:20,43.3145866394043,-8.8572826385498,"Unknown"
"7014855",371852,2025-06-14 06:39:33,43.3147811889648,-8.85765171051025,"Unknown"
"7014855",371852,2025-06-14 06:44:22,43.3145294189453,-8.85701656341553,"Unknown"
"7014855",371852,2025-06-14 06:49:20,43.3304405212402,-8.84896087646484,"Unknown"
"7014855",371852,2025-06-14 06:54:20,43.3603286743164,-8.84313201904297,"Unknown"
"7014855",371852,2025-06-14 06:59:31,43.360538482666,-8.84386348724365,"Unknown"
"7014855",371852,2025-06-14 07:04:30,43.3603363037109,-8.8434476852417,"Unknown"
"7014855",371852,2025-06-14 07:09:22,43.3601036071777,-8.84249019622803,"Unknown"
"7014855",371852,2025-06-14 07:14:21,43.35986328125,-8.84211540222168,"Unknown"
"7014855",371852,2025-06-14 07:19:29,43.361083984375,-8.84485721588135,"Unknown"
"7014855",371852,2025-06-14 07:24:33,43.3605690002441,-8.84346771240234,"Unknown"
"7014855",371852,2025-06-14 07:29:24,43.3602905273438,-8.84263038635254,"Unknown"
"7014855",371852,2025-06-14 07:34:34,43.3610305786133,-8.84342384338379,"Unknown"
"7014855",371852,2025-06-14 07:39:44,43.3605041503906,-8.84311771392822,"Unknown"
"7014855",371852,2025-06-14 07:44:21,43.3604545593262,-8.84279727935791,"Unknown"
"7014855",371852,2025-06-14 07:49:22,43.3604736328125,-8.84267520904541,"Unknown"
"7014855",371852,2025-06-14 07:54:21,43.3603591918945,-8.84284687042236,"Unknown"
"7014855",371852,2025-06-14 07:59:32,43.3606033325195,-8.8437442779541,"Unknown"
"7014855",371852,2025-06-14 08:04:22,43.3606147766113,-8.84372234344482,"Unknown"
"7014855",371852,2025-06-14 08:09:20,43.3606758117676,-8.84249114990234,"Unknown"
"7014855",371852,2025-06-14 08:14:24,43.3604278564453,-8.84318256378174,"Unknown"
"7014855",371852,2025-06-14 08:19:24,43.3600807189941,-8.8427791595459,"Unknown"
"7014855",371852,2025-06-14 08:24:22,43.3603248596191,-8.84331607818604,"Unknown"
"7014855",371852,2025-06-14 08:29:19,43.3537368774414,-8.86469173431396,"Unknown"
"7014855",371852,2025-06-14 08:34:44,43.3516159057617,-8.85681247711182,"Unknown"
"7014855",371852,2025-06-14 08:39:41,43.3591995239258,-8.84654998779297,"Unknown"
"7014855",371852,2025-06-14 08:44:27,43.361499786377,-8.84397315979004,"Unknown"
"7014855",371852,2025-06-14 08:49:30,43.3604927062988,-8.84331321716309,"Unknown"
"7014855",371852,2025-06-14 08:54:30,43.3606796264648,-8.84341526031494,"Unknown"
"7014855",371852,2025-06-14 08:59:41,43.3602905273438,-8.84330272674561,"Unknown"
"7014855",371852,2025-06-14 09:04:21,43.3601493835449,-8.84304809570312,"Unknown"
"7014855",371852,2025-06-14 09:09:22,43.3603477478027,-8.84361743927002,"Unknown"
"7014855",371852,2025-06-14 09:14:21,43.3602256774902,-8.84341144561768,"Unknown"
"7014855",371852,2025-06-14 09:19:23,43.3602027893066,-8.84321784973145,"Unknown"
"7014855",371852,2025-06-14 09:24:31,43.3602180480957,-8.84351444244385,"Unknown"
"7014855",371852,2025-06-14 09:29:30,43.3601989746094,-8.84351825714111,"Unknown"
"7014855",371852,2025-06-14 09:34:21,43.3602294921875,-8.84282684326172,"Unknown"
"7014855",371852,2025-06-14 09:39:21,43.3600730895996,-8.84674263000488,"Unknown"
"7014855",371852,2025-06-14 09:44:21,43.3393936157227,-8.81892013549805,"Unknown"
"7014855",371852,2025-06-14 09:49:22,43.3271903991699,-8.80737781524658,"Unknown"
"7014855",371852,2025-06-14 09:54:23,43.3123970031738,-8.83182716369629,"Unknown"
"7014855",371852,2025-06-14 09:59:22,43.3124732971191,-8.8235912322998,"Unknown"
"7014855",371852,2025-06-14 10:04:23,43.2889976501465,-8.80674934387207,"Unknown"
"7014855",371852,2025-06-14 10:09:25,43.2862968444824,-8.79943084716797,"Unknown"
"7014855",371852,2025-06-14 10:14:25,43.2866668701172,-8.79981994628906,"Unknown"
"7014855",371852,2025-06-14 10:19:23,43.2862892150879,-8.79987335205078,"Unknown"
"7014855",371852,2025-06-14 10:25:00,43.2859344482422,-8.79900550842285,"Unknown"
"7014855",371852,2025-06-14 10:29:30,43.2866058349609,-8.79879570007324,"Unknown"
"7014855",371852,2025-06-14 10:34:49,43.3033752441406,-8.79775905609131,"Unknown"
"7014855",371852,2025-06-14 10:39:22,43.3256874084473,-8.80950832366943,"Unknown"
"7014855",371852,2025-06-14 10:44:23,43.3337478637695,-8.82536792755127,"Unknown"
"7014855",371852,2025-06-14 10:49:19,43.3398780822754,-8.82426071166992,"Unknown"
"7014855",371852,2025-06-14 10:54:19,43.360668182373,-8.84332752227783,"Unknown"
"7014855",371852,2025-06-14 10:59:22,43.3605651855469,-8.84334373474121,"Unknown"
"7014855",371852,2025-06-14 11:04:27,43.3615188598633,-8.84285163879395,"Unknown"
"7014855",371852,2025-06-14 11:09:30,43.3615036010742,-8.8427848815918,"Unknown"
"7014855",371852,2025-06-14 11:14:23,43.3612594604492,-8.84276294708252,"Unknown"
"7014855",371852,2025-06-14 11:19:32,43.3624572753906,-8.84188938140869,"Unknown"
"7014855",371852,2025-06-14 11:24:40,43.359992980957,-8.84302806854248,"Unknown"
"7014855",371852,2025-06-14 11:29:21,43.3604507446289,-8.8432674407959,"Unknown"
"7014855",371852,2025-06-14 11:34:32,43.3601303100586,-8.84334754943848,"Unknown"
"7014855",371852,2025-06-14 11:39:23,43.3602828979492,-8.84362125396729,"Unknown"
"7014855",371852,2025-06-14 11:44:31,43.3598670959473,-8.84356307983398,"Unknown"
"7014855",371852,2025-06-14 11:49:30,43.3598289489746,-8.84279823303223,"Unknown"
"7014855",371852,2025-06-14 11:54:23,43.3608131408691,-8.84324359893799,"Unknown"
"7014855",371852,2025-06-14 11:59:31,43.360034942627,-8.84290218353271,"Unknown"
"7014855",371852,2025-06-14 12:04:31,43.3600654602051,-8.84280014038086,"Unknown"
"7014855",371852,2025-06-14 12:09:34,43.3601188659668,-8.84264278411865,"Unknown"
"7014855",371852,2025-06-14 12:14:37,43.3600120544434,-8.84268474578857,"Unknown"
"7014855",371852,2025-06-14 12:19:40,43.3600540161133,-8.84275722503662,"Unknown"
"7014855",371852,2025-06-14 12:24:24,43.3598442077637,-8.84256553649902,"Unknown"
"7014855",371852,2025-06-14 12:29:29,43.3600692749023,-8.84282207489014,"Unknown"
"7014855",371852,2025-06-14 12:34:40,43.3600273132324,-8.84276676177979,"Unknown"
"7014855",371852,2025-06-14 12:39:24,43.3600578308105,-8.84274768829346,"Unknown"
"7014855",371852,2025-06-14 12:44:20,43.3478469848633,-8.83072948455811,"Unknown"
"7014855",371852,2025-06-14 12:49:24,43.3229598999023,-8.80586242675781,"Unknown"
"7014855",371852,2025-06-14 12:54:24,43.2979545593262,-8.77224922180176,"Unknown"
"7014855",371852,2025-06-14 12:59:27,43.2813987731934,-8.77399444580078,"Unknown"
"7014855",371852,2025-06-14 13:04:28,43.2654151916504,-8.7537260055542,"Unknown"
"7014855",371852,2025-06-14 13:09:32,43.2238616943359,-8.72645664215088,"Unknown"
"7014855",371852,2025-06-14 13:14:29,43.200122833252,-8.69784641265869,"Unknown"
"7014855",371852,2025-06-14 13:19:39,43.1626167297363,-8.65309238433838,"Unknown"
"7014855",371852,2025-06-14 13:24:21,43.1354751586914,-8.6269063949585,"Unknown"
"7014855",371852,2025-06-14 13:29:29,43.1284255981445,-8.61759090423584,"Unknown"
"7014855",371852,2025-06-14 13:34:20,43.1294593811035,-8.60229110717773,"Unknown"
"7014855",371852,2025-06-14 13:39:53,43.1344146728516,-8.59913921356201,"Unknown"
"7014855",371852,2025-06-14 13:44:19,43.1346282958984,-8.5862283706665,"Unknown"
"7014855",371852,2025-06-14 13:49:19,43.1335601806641,-8.54354381561279,"Unknown"
"7014855",371852,2025-06-14 13:54:20,43.1336212158203,-8.50342464447021,"Unknown"
"7014855",371852,2025-06-14 13:59:23,43.1299705505371,-8.47208786010742,"Unknown"
"7014855",371852,2025-06-14 14:04:25,43.1307792663574,-8.47187328338623,"Unknown"
"7014855",371852,2025-06-14 14:09:27,43.1305847167969,-8.47178649902344,"Unknown"
"7014855",371852,2025-06-14 14:14:22,43.1300315856934,-8.47202301025391,"Unknown"
"7014855",371852,2025-06-14 14:19:30,43.1300735473633,-8.47206211090088,"Unknown"
"7014855",371852,2025-06-14 14:24:21,43.1300926208496,-8.47203922271729,"Unknown"
"7014855",371852,2025-06-14 14:29:29,43.1301307678223,-8.47210025787354,"Unknown"
"7014855",371852,2025-06-14 14:34:30,43.1300964355469,-8.47225379943848,"Unknown"
"7014855",371852,2025-06-14 14:39:25,43.1299057006836,-8.47920227050781,"Unknown"
"7014855",371852,2025-06-14 14:44:24,43.1030235290527,-8.4965124130249,"Unknown"
"7014855",371852,2025-06-14 14:50:20,43.0991859436035,-8.49798488616943,"Unknown"
"7014855",371852,2025-06-14 14:54:24,43.1009712219238,-8.49819946289062,"Unknown"
"7014855",371852,2025-06-14 14:59:23,43.1194267272949,-8.52085304260254,"Unknown"
"7014855",371852,2025-06-14 15:04:23,43.1367492675781,-8.5460262298584,"Unknown"
"7014855",371852,2025-06-14 15:09:21,43.1477203369141,-8.57869529724121,"Unknown"
"7014855",371852,2025-06-14 15:14:25,43.1628265380859,-8.61092185974121,"Unknown"
"7014855",371852,2025-06-14 15:19:23,43.1822471618652,-8.62772274017334,"Unknown"
"7014855",371852,2025-06-14 15:24:20,43.200569152832,-8.64317798614502,"Unknown"
"7014855",371852,2025-06-14 15:29:20,43.2174949645996,-8.65066051483154,"Unknown"
"7014855",371852,2025-06-14 15:34:27,43.2448997497559,-8.66761016845703,"Unknown"
"7014855",371852,2025-06-14 15:39:20,43.2584495544434,-8.69041156768799,"Unknown"
"7014855",371852,2025-06-14 15:44:21,43.2739524841309,-8.69980335235596,"Unknown"
"7014855",371852,2025-06-14 15:49:23,43.2957496643066,-8.72710227966309,"Unknown"
"7014855",371852,2025-06-14 15:54:23,43.2995262145996,-8.75957870483398,"Unknown"
"7014855",371852,2025-06-14 15:59:21,43.310131072998,-8.79342365264893,"Unknown"
"7014855",371852,2025-06-14 16:04:22,43.3276252746582,-8.81422901153564,"Unknown"
"7014855",371852,2025-06-14 16:10:01,43.3549118041992,-8.83524990081787,"Unknown"
"7014855",371852,2025-06-14 16:14:23,43.3601455688477,-8.84324645996094,"Unknown"
"7014855",371852,2025-06-14 16:19:21,43.3600006103516,-8.84308910369873,"Unknown"
"7014855",371852,2025-06-14 16:24:21,43.3600997924805,-8.84322166442871,"Unknown"
"7014855",371852,2025-06-14 16:29:23,43.3600730895996,-8.84319019317627,"Unknown"
"7014855",371852,2025-06-14 16:34:26,43.3599891662598,-8.84309196472168,"Unknown"
"7014855",371852,2025-06-14 16:39:21,43.3599700927734,-8.84313201904297,"Unknown"
"7014855",371852,2025-06-14 16:44:21,43.3599128723145,-8.84302616119385,"Unknown"
"7014855",371852,2025-06-14 16:49:23,43.3599433898926,-8.84309387207031,"Unknown"
"7014855",371852,2025-06-14 16:54:22,43.3600082397461,-8.84305286407471,"Unknown"
"7014855",371852,2025-06-14 16:59:22,43.3600463867188,-8.84310150146484,"Unknown"
"7014855",371852,2025-06-14 17:04:24,43.3601036071777,-8.84302997589111,"Unknown"
"7014855",371852,2025-06-14 17:09:25,43.3599472045898,-8.84322452545166,"Unknown"
"7014855",371852,2025-06-14 17:14:23,43.3600654602051,-8.843186378479,"Unknown"
"7014855",371852,2025-06-14 17:19:29,43.3599319458008,-8.84312057495117,"Unknown"
"7014855",371852,2025-06-14 17:24:24,43.3600578308105,-8.84308242797852,"Unknown"
"7014855",371852,2025-06-14 17:29:28,43.3599548339844,-8.84302997589111,"Unknown"
"7014855",371852,2025-06-14 17:34:30,43.3599624633789,-8.84288311004639,"Unknown"
"7014855",371852,2025-06-14 17:39:37,43.360034942627,-8.84298133850098,"Unknown"
"7014855",371852,2025-06-14 17:44:26,43.3599319458008,-8.8427677154541,"Unknown"
"7014855",371852,2025-06-14 17:49:26,43.3599891662598,-8.84291076660156,"Unknown"
"7014855",371852,2025-06-14 17:54:26,43.3599853515625,-8.84292411804199,"Unknown"
"7014855",371852,2025-06-14 17:59:44,43.3598937988281,-8.84291839599609,"Unknown"
"7014855",371852,2025-06-14 18:04:25,43.3601188659668,-8.84341526031494,"Unknown"
"7014855",371852,2025-06-14 18:09:26,43.3601188659668,-8.84323692321777,"Unknown"
"7014855",371852,2025-06-14 18:14:30,43.360164642334,-8.8432674407959,"Unknown"
"7014855",371852,2025-06-14 18:19:26,43.3601455688477,-8.84320545196533,"Unknown"
"7014855",371852,2025-06-14 18:24:32,43.3601493835449,-8.84342384338379,"Unknown"
"7014855",371852,2025-06-14 18:29:25,43.3598518371582,-8.84289646148682,"Unknown"
"7014855",371852,2025-06-14 18:34:32,43.3601036071777,-8.84317111968994,"Unknown"
"7014855",371852,2025-06-14 18:39:24,43.3601875305176,-8.84336566925049,"Unknown"
"7014855",371852,2025-06-14 18:44:25,43.3600654602051,-8.84320735931396,"Unknown"
"7014855",371852,2025-06-14 18:49:44,43.3600921630859,-8.84304141998291,"Unknown"
"7014855",371852,2025-06-14 18:54:20,43.354808807373,-8.82727432250977,"Unknown"
"7014855",371852,2025-06-14 18:59:20,43.3403816223145,-8.78688049316406,"Unknown"
"7014855",371852,2025-06-14 19:04:21,43.3449249267578,-8.75985145568848,"Unknown"
"7014855",371852,2025-06-14 19:09:23,43.3481101989746,-8.76370048522949,"Unknown"
"7014855",371852,2025-06-14 19:14:24,43.3478965759277,-8.76438808441162,"Unknown"
"7014855",371852,2025-06-14 19:19:22,43.345588684082,-8.75798797607422,"Unknown"
"7014855",371852,2025-06-14 19:24:20,43.342472076416,-8.74676704406738,"Unknown"
"7014855",371852,2025-06-14 19:29:20,43.3263473510742,-8.77734661102295,"Unknown"
"7014855",371852,2025-06-14 19:34:20,43.3336067199707,-8.8084888458252,"Unknown"
"7014855",371852,2025-06-14 19:39:20,43.3503608703613,-8.82796859741211,"Unknown"
"7014855",371852,2025-06-14 19:44:22,43.3762092590332,-8.82735347747803,"Unknown"
"7014855",371852,2025-06-14 19:49:40,43.3774299621582,-8.82979297637939,"Unknown"
"7014855",371852,2025-06-14 19:54:23,43.3603096008301,-8.84307384490967,"Unknown"
"7014855",371852,2025-06-14 19:59:23,43.3605995178223,-8.84328556060791,"Unknown"
"7014855",371852,2025-06-14 20:04:25,43.3601455688477,-8.84337329864502,"Unknown"
"7014855",371852,2025-06-14 20:09:23,43.3599739074707,-8.84326648712158,"Unknown"
"7014855",371852,2025-06-14 20:14:23,43.3600425720215,-8.84308910369873,"Unknown"
"7014855",371852,2025-06-14 20:19:23,43.3600463867188,-8.84306144714355,"Unknown"
"7014855",371852,2025-06-14 20:24:22,43.3587875366211,-8.84431743621826,"Unknown"
"7014855",371852,2025-06-14 20:29:25,43.3599472045898,-8.84323120117188,"Unknown"
"7014855",371852,2025-06-14 20:34:22,43.3600273132324,-8.8430757522583,"Unknown"
"7014855",371852,2025-06-14 20:39:23,43.3599662780762,-8.84309482574463,"Unknown"
"7014855",371852,2025-06-14 20:44:23,43.3601722717285,-8.8430347442627,"Unknown"
"7014855",371852,2025-06-14 20:49:44,43.3602066040039,-8.84303188323975,"Unknown"
"7014855",371852,2025-06-14 20:54:22,43.360408782959,-8.84304809570312,"Unknown"
"7014855",371852,2025-06-14 20:59:32,43.3603401184082,-8.84293556213379,"Unknown"
"7014855",371852,2025-06-14 21:04:40,43.3600616455078,-8.84307384490967,"Unknown"
"7014855",371852,2025-06-14 21:09:23,43.3601112365723,-8.84311771392822,"Unknown"
"7014855",371852,2025-06-14 21:14:23,43.3601684570312,-8.84294605255127,"Unknown"
"7014855",371852,2025-06-14 21:19:25,43.3600692749023,-8.84293937683105,"Unknown"
"7014855",371852,2025-06-14 21:24:26,43.360107421875,-8.84297657012939,"Unknown"
"7014855",371852,2025-06-14 21:29:30,43.3601188659668,-8.84224224090576,"Unknown"
"7014855",371852,2025-06-14 21:34:30,43.3601150512695,-8.84265613555908,"Unknown"
"7014855",371852,2025-06-14 21:39:44,43.3601303100586,-8.84253025054932,"Unknown"
"7014855",371852,2025-06-14 21:44:25,43.3598899841309,-8.84320640563965,"Unknown"
"7014855",371852,2025-06-14 21:49:53,43.3601493835449,-8.84322452545166,"Unknown"
"7014855",371852,2025-06-14 21:54:20,43.359992980957,-8.84323310852051,"Unknown"
"7014855",371852,2025-06-14 21:59:26,43.3600006103516,-8.8428783416748,"Unknown"
"7014855",371852,2025-06-14 22:04:20,43.3599815368652,-8.84322357177734,"Unknown"
"7014855",371852,2025-06-14 22:09:20,43.3599014282227,-8.84295272827148,"Unknown"
"7014855",371852,2025-06-14 22:14:21,43.3600654602051,-8.84331035614014,"Unknown"
"7014855",371852,2025-06-14 22:19:25,43.3595962524414,-8.84174251556396,"Unknown"
"7014855",371852,2025-06-14 22:24:33,43.3599548339844,-8.84290599822998,"Unknown"
"7014855",371852,2025-06-14 22:29:21,43.3597183227539,-8.8420295715332,"Unknown"
"7014855",371852,2025-06-14 22:34:23,43.3598442077637,-8.84256458282471,"Unknown"
"7014855",371852,2025-06-14 22:39:22,43.359992980957,-8.84300899505615,"Unknown"
"7014855",371852,2025-06-14 22:44:21,43.3598785400391,-8.84261512756348,"Unknown"
"7014855",371852,2025-06-14 22:49:22,43.359992980957,-8.84308433532715,"Unknown"
"7014855",371852,2025-06-14 22:54:23,43.3598518371582,-8.84252071380615,"Unknown"
"7014855",371852,2025-06-14 22:59:37,43.3600082397461,-8.84302616119385,"Unknown"
"7014855",371852,2025-06-14 23:04:23,43.3599472045898,-8.84278869628906,"Unknown"
"7014855",371852,2025-06-14 23:09:23,43.3599700927734,-8.84279918670654,"Unknown"
"7014855",371852,2025-06-14 23:14:24,43.3600120544434,-8.84267616271973,"Unknown"
"7014855",371852,2025-06-14 23:19:23,43.359977722168,-8.8427619934082,"Unknown"
"7014855",371852,2025-06-14 23:24:24,43.3599700927734,-8.84268856048584,"Unknown"
"7014855",371852,2025-06-14 23:29:23,43.3599739074707,-8.84281635284424,"Unknown"
"7014855",371852,2025-06-14 23:34:24,43.3599586486816,-8.84287166595459,"Unknown"
"7014855",371852,2025-06-14 23:39:44,43.3599586486816,-8.84324359893799,"Unknown"
"7014855",371852,2025-06-14 23:44:31,43.3598785400391,-8.84294605255127,"Unknown"
"7014855",371852,2025-06-14 23:49:21,43.3600120544434,-8.84296607971191,"Unknown"
"7014855",371852,2025-06-14 23:54:30,43.3599281311035,-8.84281063079834,"Unknown"
"7014855",371852,2025-06-14 23:59:24,43.3601112365723,-8.84296894073486,"Unknown"
"7014855",371852,2025-06-15 00:04:22,43.3645286560059,-8.84424686431885,"Unknown"
"7014855",371852,2025-06-15 00:09:29,43.3617172241211,-8.8427791595459,"Unknown"
"7014855",371852,2025-06-15 00:14:21,43.360050201416,-8.84296321868896,"Unknown"
"7014855",371852,2025-06-15 00:19:31,43.3621826171875,-8.84168338775635,"Unknown"
"7014855",371852,2025-06-15 00:24:25,43.3749732971191,-8.83027172088623,"Unknown"
"7014855",371852,2025-06-15 00:29:32,43.3772506713867,-8.82948017120361,"Unknown"
"7014855",371852,2025-06-15 00:34:25,43.3770790100098,-8.830491065979,"Unknown"
"7014855",371852,2025-06-15 00:39:44,43.3769645690918,-8.83143615722656,"Unknown"
"7014855",371852,2025-06-15 00:44:32,43.3600959777832,-8.84284114837646,"Unknown"
"7014855",371852,2025-06-15 00:49:31,43.3600883483887,-8.84295177459717,"Unknown"
"7014855",371852,2025-06-15 00:54:31,43.3599739074707,-8.84298992156982,"Unknown"
"7014855",371852,2025-06-15 01:00:02,43.3600425720215,-8.84290981292725,"Unknown"
"7014855",371852,2025-06-15 01:04:23,43.3600273132324,-8.84296989440918,"Unknown"
"7014855",371852,2025-06-15 01:09:25,43.3602142333984,-8.84348392486572,"Unknown"
"7014855",371852,2025-06-15 01:14:31,43.3600082397461,-8.84292316436768,"Unknown"
"7014855",371852,2025-06-15 01:19:26,43.3600730895996,-8.84303092956543,"Unknown"
"7014855",371852,2025-06-15 01:24:28,43.3601226806641,-8.84324264526367,"Unknown"
"7014855",371852,2025-06-15 01:29:25,43.3601760864258,-8.84329128265381,"Unknown"
"7014855",371852,2025-06-15 01:34:31,43.360279083252,-8.84327793121338,"Unknown"
"7014855",371852,2025-06-15 01:39:42,43.3601455688477,-8.84329891204834,"Unknown"
"7014855",371852,2025-06-15 01:44:29,43.3602447509766,-8.84329223632812,"Unknown"
"7014855",371852,2025-06-15 01:49:25,43.3603439331055,-8.84330463409424,"Unknown"
"7014855",371852,2025-06-15 01:54:52,43.3600692749023,-8.84300518035889,"Unknown"
"7014855",371852,2025-06-15 01:59:19,43.3600158691406,-8.84294700622559,"Unknown"
"7014855",371852,2025-06-15 02:04:24,43.3600234985352,-8.84304428100586,"Unknown"
"7014855",371852,2025-06-15 02:09:22,43.3600425720215,-8.84298419952393,"Unknown"
"7014855",371852,2025-06-15 02:14:23,43.3598823547363,-8.84318447113037,"Unknown"
"7014855",371852,2025-06-15 02:19:23,43.3598937988281,-8.84341907501221,"Unknown"
"7014855",371852,2025-06-15 02:24:21,43.3599052429199,-8.84347057342529,"Unknown"
"7014855",371852,2025-06-15 02:29:25,43.3598098754883,-8.84314346313477,"Unknown"
"7014855",371852,2025-06-15 02:34:28,43.3599166870117,-8.8432149887085,"Unknown"
"7014855",371852,2025-06-15 02:39:36,43.3598976135254,-8.84318923950195,"Unknown"
"7014855",371852,2025-06-15 02:44:31,43.3598251342773,-8.84321975708008,"Unknown"
"7014855",371852,2025-06-15 02:49:40,43.359992980957,-8.84299755096436,"Unknown"
"7014855",371852,2025-06-15 02:54:23,43.3600769042969,-8.84310245513916,"Unknown"
"7014855",371852,2025-06-15 02:59:26,43.3600387573242,-8.84303283691406,"Unknown"
"7014855",371852,2025-06-15 03:04:23,43.3601493835449,-8.84314727783203,"Unknown"
"7014855",371852,2025-06-15 03:09:26,43.3598518371582,-8.84292125701904,"Unknown"
"7014855",371852,2025-06-15 03:14:24,43.3601417541504,-8.8431921005249,"Unknown"
"7014855",371852,2025-06-15 03:19:25,43.3600959777832,-8.8431282043457,"Unknown"
"7014855",371852,2025-06-15 03:24:25,43.3601188659668,-8.84320545196533,"Unknown"
"7014855",371852,2025-06-15 03:29:30,43.3599472045898,-8.84289932250977,"Unknown"
"7014855",371852,2025-06-15 03:34:25,43.3599891662598,-8.84300518035889,"Unknown"
"7014855",371852,2025-06-15 03:39:31,43.3596878051758,-8.84252548217773,"Unknown"
"7014855",371852,2025-06-15 03:44:26,43.3598251342773,-8.84265518188477,"Unknown"
"7014855",371852,2025-06-15 03:49:31,43.359561920166,-8.84232330322266,"Unknown"
"7014855",371852,2025-06-15 03:54:31,43.3594818115234,-8.84209728240967,"Unknown"
"7014855",371852,2025-06-15 03:59:31,43.3593788146973,-8.8419246673584,"Unknown"
"7014855",371852,2025-06-15 04:04:31,43.3592796325684,-8.84164142608643,"Unknown"
"7014855",371852,2025-06-15 04:09:45,43.359935760498,-8.84284496307373,"Unknown"
"7014855",371852,2025-06-15 04:14:32,43.3598327636719,-8.84255123138428,"Unknown"
"7014855",371852,2025-06-15 04:19:45,43.3598327636719,-8.84250640869141,"Unknown"
"7014855",371852,2025-06-15 04:24:46,43.3597793579102,-8.84236526489258,"Unknown"
"7014855",371852,2025-06-15 04:29:24,43.3598022460938,-8.8424243927002,"Unknown"
"7014855",371852,2025-06-15 04:34:44,43.3600082397461,-8.84303379058838,"Unknown"
"7014855",371852,2025-06-15 04:39:26,43.3600425720215,-8.84290409088135,"Unknown"
"7014855",371852,2025-06-15 04:44:26,43.3600463867188,-8.84327793121338,"Unknown"
"7014855",371852,2025-06-15 04:49:32,43.3598976135254,-8.84267234802246,"Unknown"
"7014855",371852,2025-06-15 04:54:23,43.3578414916992,-8.84734439849854,"Unknown"
"7014855",371852,2025-06-15 04:59:52,43.3599281311035,-8.84328842163086,"Unknown"
"7014855",371852,2025-06-15 05:04:20,43.3601036071777,-8.84307861328125,"Unknown"
"7014855",371852,2025-06-15 05:09:20,43.3601150512695,-8.84326457977295,"Unknown"
"7014855",371852,2025-06-15 05:14:36,43.3599510192871,-8.84310626983643,"Unknown"
"7014855",371852,2025-06-15 05:19:21,43.3598976135254,-8.84299850463867,"Unknown"
"7014855",371852,2025-06-15 05:24:21,43.3598327636719,-8.84300231933594,"Unknown"
"7014855",371852,2025-06-15 05:29:21,43.3599967956543,-8.8429708480835,"Unknown"
"7014855",371852,2025-06-15 05:34:30,43.3600578308105,-8.84300708770752,"Unknown"
"7014855",371852,2025-06-15 05:39:19,43.3599815368652,-8.8429708480835,"Unknown"
"7014855",371852,2025-06-15 05:44:21,43.3600387573242,-8.8430871963501,"Unknown"
"7014855",371852,2025-06-15 05:49:29,43.3600425720215,-8.84300899505615,"Unknown"
"7014855",371852,2025-06-15 05:54:20,43.3599967956543,-8.8432502746582,"Unknown"
"7014855",371852,2025-06-15 05:59:20,43.3600006103516,-8.84298038482666,"Unknown"
"7014855",371852,2025-06-15 06:04:21,43.359977722168,-8.8432149887085,"Unknown"
"7014855",371852,2025-06-15 06:09:21,43.3599739074707,-8.84316444396973,"Unknown"
"7014855",371852,2025-06-15 06:14:21,43.3600120544434,-8.84320640563965,"Unknown"
"7014855",371852,2025-06-15 06:19:20,43.3514976501465,-8.82973003387451,"Unknown"
"7014855",371852,2025-06-15 06:24:20,43.3216323852539,-8.81557941436768,"Unknown"
"7014855",371852,2025-06-15 06:29:20,43.302188873291,-8.78196716308594,"Unknown"
"7014855",371852,2025-06-15 06:34:20,43.2959213256836,-8.74585437774658,"Unknown"
"7014855",371852,2025-06-15 06:39:20,43.2879943847656,-8.71478748321533,"Unknown"
"7014855",371852,2025-06-15 06:44:20,43.2710647583008,-8.68042945861816,"Unknown"
"7014855",371852,2025-06-15 06:49:21,43.2620239257812,-8.64204597473145,"Unknown"
"7014855",371852,2025-06-15 06:54:21,43.2409820556641,-8.6062479019165,"Unknown"
"7014855",371852,2025-06-15 06:59:23,43.2204933166504,-8.5752592086792,"Unknown"
"7014855",371852,2025-06-15 07:04:22,43.2009887695312,-8.54894065856934,"Unknown"
"7014855",371852,2025-06-15 07:09:20,43.176570892334,-8.52198886871338,"Unknown"
"7014855",371852,2025-06-15 07:14:22,43.1411514282227,-8.48619365692139,"Unknown"
"7014855",371852,2025-06-15 07:19:31,43.1300506591797,-8.4725170135498,"Unknown"
"7014855",371852,2025-06-15 07:24:25,43.1297569274902,-8.4725513458252,"Unknown"
"7014855",371852,2025-06-15 07:29:21,43.1296043395996,-8.47221279144287,"Unknown"
"7014855",371852,2025-06-15 07:34:30,43.1297378540039,-8.47269344329834,"Unknown"
"7014855",371852,2025-06-15 07:39:23,43.1297264099121,-8.47267246246338,"Unknown"
"7014855",371852,2025-06-15 07:44:23,43.1287422180176,-8.47221565246582,"Unknown"
"7014855",371852,2025-06-15 07:49:31,43.1406517028809,-8.48899555206299,"Unknown"
"7014855",371852,2025-06-15 07:54:33,43.1553535461426,-8.52415561676025,"Unknown"
"7014855",371852,2025-06-15 07:59:20,43.1730613708496,-8.55357074737549,"Unknown"
"7014855",371852,2025-06-15 08:04:21,43.1960296630859,-8.58283519744873,"Unknown"
"7014855",371852,2025-06-15 08:09:20,43.215892791748,-8.60422897338867,"Unknown"
"7014855",371852,2025-06-15 08:14:53,43.2247123718262,-8.63426303863525,"Unknown"
"7014855",371852,2025-06-15 08:19:19,43.2452850341797,-8.65292644500732,"Unknown"
"7014855",371852,2025-06-15 08:24:19,43.2692756652832,-8.66477203369141,"Unknown"
"7014855",371852,2025-06-15 08:29:19,43.2920722961426,-8.69601821899414,"Unknown"
"7014855",371852,2025-06-15 08:34:19,43.2942428588867,-8.74899959564209,"Unknown"
"7014855",371852,2025-06-15 08:39:19,43.3067207336426,-8.78221416473389,"Unknown"
"7014855",371852,2025-06-15 08:44:20,43.3258056640625,-8.81678295135498,"Unknown"
"7014855",371852,2025-06-15 08:49:19,43.3499450683594,-8.83308506011963,"Unknown"
"7014855",371852,2025-06-15 08:54:22,43.3600006103516,-8.8430757522583,"Unknown"
"7014855",371852,2025-06-15 08:59:20,43.3599624633789,-8.84309864044189,"Unknown"
"7014855",371852,2025-06-15 09:04:19,43.359920501709,-8.84313774108887,"Unknown"
"7014855",371852,2025-06-15 09:09:20,43.3599433898926,-8.84304618835449,"Unknown"
"7014855",371852,2025-06-15 09:14:20,43.3599319458008,-8.8430643081665,"Unknown"
"7014855",371852,2025-06-15 09:19:20,43.3599853515625,-8.84312057495117,"Unknown"
"7014855",371852,2025-06-15 09:24:19,43.3600311279297,-8.84299278259277,"Unknown"
"7014855",371852,2025-06-15 09:29:22,43.3600692749023,-8.84309959411621,"Unknown"
"7014855",371852,2025-06-15 09:34:20,43.360034942627,-8.84297561645508,"Unknown"
"7014855",371852,2025-06-15 09:39:20,43.3600425720215,-8.84297466278076,"Unknown"
"7014855",371852,2025-06-15 09:44:20,43.3599624633789,-8.84300136566162,"Unknown"
"7014855",371852,2025-06-15 09:49:27,43.3598976135254,-8.84306621551514,"Unknown"
"7014855",371852,2025-06-15 09:54:21,43.3600769042969,-8.84312629699707,"Unknown"
"7014855",371852,2025-06-15 09:59:21,43.360107421875,-8.84317684173584,"Unknown"
"7014855",371852,2025-06-15 10:04:24,43.3600654602051,-8.84314346313477,"Unknown"
"7014855",371852,2025-06-15 10:09:20,43.3617172241211,-8.83817577362061,"Unknown"
"7014855",371852,2025-06-15 10:14:20,43.3233375549316,-8.8172025680542,"Unknown"
"7014855",371852,2025-06-15 10:19:20,43.302921295166,-8.78384971618652,"Unknown"
"7014855",371852,2025-06-15 10:24:20,43.2937545776367,-8.74990940093994,"Unknown"
"7014855",371852,2025-06-15 10:29:20,43.2801094055176,-8.71074962615967,"Unknown"
"7014855",371852,2025-06-15 10:34:21,43.281005859375,-8.68300914764404,"Unknown"
"7014855",371852,2025-06-15 10:39:20,43.2661437988281,-8.64858055114746,"Unknown"
"7014855",371852,2025-06-15 10:44:21,43.2472534179688,-8.63144683837891,"Unknown"
"7014855",371852,2025-06-15 10:49:20,43.2231636047363,-8.59838962554932,"Unknown"
"7014855",371852,2025-06-15 10:54:20,43.2139701843262,-8.57215404510498,"Unknown"
"7014855",371852,2025-06-15 10:59:21,43.1936569213867,-8.58960056304932,"Unknown"
"7014855",371852,2025-06-15 11:04:23,43.192024230957,-8.58929634094238,"Unknown"
"7014855",371852,2025-06-15 11:09:20,43.1708908081055,-8.57573795318604,"Unknown"
"7014855",371852,2025-06-15 11:14:23,43.1524658203125,-8.55138206481934,"Unknown"
"7014855",371852,2025-06-15 11:19:20,43.1448516845703,-8.52956295013428,"Unknown"
"7014855",371852,2025-06-15 11:24:20,43.1413230895996,-8.49750518798828,"Unknown"
"7014855",371852,2025-06-15 11:29:20,43.1305160522461,-8.47140979766846,"Unknown"
"7014855",371852,2025-06-15 11:34:20,43.1302871704102,-8.47096729278564,"Unknown"
"7014855",371852,2025-06-15 11:39:23,43.1299362182617,-8.47127437591553,"Unknown"
"7014855",371852,2025-06-15 11:44:21,43.1300621032715,-8.47112560272217,"Unknown"
"7014855",371852,2025-06-15 11:49:21,43.1300048828125,-8.47130584716797,"Unknown"
"7014855",371852,2025-06-15 11:54:21,43.1299896240234,-8.47142028808594,"Unknown"
"7014855",371852,2025-06-15 11:59:23,43.1299324035645,-8.4714937210083,"Unknown"
"7014855",371852,2025-06-15 12:04:21,43.1298942565918,-8.47145462036133,"Unknown"
"7014855",371852,2025-06-15 12:09:21,43.1298866271973,-8.47149562835693,"Unknown"
"7014855",371852,2025-06-15 12:14:21,43.1294975280762,-8.47233867645264,"Unknown"
"7014855",371852,2025-06-15 12:19:21,43.1195869445801,-8.48957347869873,"Unknown"
"7014855",371852,2025-06-15 12:24:21,43.1384468078613,-8.52035236358643,"Unknown"
"7014855",371852,2025-06-15 12:29:20,43.1524772644043,-8.55576801300049,"Unknown"
"7014855",371852,2025-06-15 12:34:21,43.1740417480469,-8.57616996765137,"Unknown"
"7014855",371852,2025-06-15 12:39:20,43.1965370178223,-8.60152530670166,"Unknown"
"7014855",371852,2025-06-15 12:44:20,43.2176055908203,-8.61974239349365,"Unknown"
"7014855",371852,2025-06-15 12:49:21,43.2336006164551,-8.64171600341797,"Unknown"
"7014855",371852,2025-06-15 12:54:20,43.2410888671875,-8.66749382019043,"Unknown"
"7014855",371852,2025-06-15 12:59:20,43.2634315490723,-8.65891361236572,"Unknown"
"7014855",371852,2025-06-15 13:04:20,43.2873115539551,-8.68720149993896,"Unknown"
"7014855",371852,2025-06-15 13:09:21,43.2924499511719,-8.69894313812256,"Unknown"
"7014855",371852,2025-06-15 13:14:20,43.2922630310059,-8.69893264770508,"Unknown"
"7014855",371852,2025-06-15 13:19:20,43.2898979187012,-8.71884250640869,"Unknown"
"7014855",371852,2025-06-15 13:24:22,43.2978172302246,-8.75648212432861,"Unknown"
"7014855",371852,2025-06-15 13:29:20,43.3122138977051,-8.79866313934326,"Unknown"
"7014855",371852,2025-06-15 13:34:20,43.3338661193848,-8.82939052581787,"Unknown"
"7014855",371852,2025-06-15 13:39:21,43.3550758361816,-8.84717464447021,"Unknown"
"7014855",371852,2025-06-15 13:44:21,43.3598861694336,-8.84324073791504,"Unknown"
"7014855",371852,2025-06-15 13:49:21,43.3600616455078,-8.84289932250977,"Unknown"
"7014855",371852,2025-06-15 13:54:20,43.3601531982422,-8.84304714202881,"Unknown"
"7014855",371852,2025-06-15 13:59:20,43.3602905273438,-8.84302806854248,"Unknown"
"7014855",371852,2025-06-15 14:04:22,43.3599472045898,-8.843017578125,"Unknown"
"7014855",371852,2025-06-15 14:09:21,43.3598747253418,-8.84302806854248,"Unknown"
"7014855",371852,2025-06-15 14:14:20,43.3599166870117,-8.8430233001709,"Unknown"
"7014855",371852,2025-06-15 14:19:22,43.3600082397461,-8.84305286407471,"Unknown"
"7014855",371852,2025-06-15 14:24:22,43.359977722168,-8.84296321868896,"Unknown"
"7014855",371852,2025-06-15 14:29:21,43.3598289489746,-8.84312343597412,"Unknown"
"7014855",371852,2025-06-15 14:34:23,43.3599624633789,-8.84316635131836,"Unknown"
"7014855",371852,2025-06-15 14:39:21,43.3600120544434,-8.84315204620361,"Unknown"
"7014855",371852,2025-06-15 14:44:22,43.3598937988281,-8.84305381774902,"Unknown"
"7014855",371852,2025-06-15 14:49:22,43.3598937988281,-8.84304428100586,"Unknown"
"7014855",371852,2025-06-15 14:54:22,43.3599014282227,-8.84311866760254,"Unknown"
"7014855",371852,2025-06-15 14:59:22,43.3604698181152,-8.84306812286377,"Unknown"
"7014855",371852,2025-06-15 15:04:22,43.3601493835449,-8.84300899505615,"Unknown"
"7014855",371852,2025-06-15 15:09:22,43.3601264953613,-8.84319019317627,"Unknown"
"7014855",371852,2025-06-15 15:14:21,43.362133026123,-8.84072208404541,"Unknown"
"7014855",371852,2025-06-15 15:19:22,43.3250694274902,-8.8173246383667,"Unknown"
"7014855",371852,2025-06-15 15:24:22,43.2868766784668,-8.80436420440674,"Unknown"
"7014855",371852,2025-06-15 15:29:22,43.274486541748,-8.81955909729004,"Unknown"
"7014855",371852,2025-06-15 15:34:22,43.2679748535156,-8.79451084136963,"Unknown"
"7014855",371852,2025-06-15 15:39:23,43.2611694335938,-8.76118659973145,"Unknown"
"7014855",371852,2025-06-15 15:44:22,43.2371139526367,-8.73326396942139,"Unknown"
"7014855",371852,2025-06-15 15:49:22,43.2307624816895,-8.69685363769531,"Unknown"
"7014855",371852,2025-06-15 15:54:22,43.2287330627441,-8.65968132019043,"Unknown"
"7014855",371852,2025-06-15 15:59:22,43.2261848449707,-8.62786769866943,"Unknown"
"7014855",371852,2025-06-15 16:04:22,43.2146682739258,-8.60095882415771,"Unknown"
"7014855",371852,2025-06-15 16:09:23,43.2117118835449,-8.5694751739502,"Unknown"
"7014855",371852,2025-06-15 16:14:22,43.1943740844727,-8.55622863769531,"Unknown"
"7014855",371852,2025-06-15 16:19:22,43.181037902832,-8.53656959533691,"Unknown"
"7014855",371852,2025-06-15 16:24:22,43.1491203308105,-8.49385070800781,"Unknown"
"7014855",371852,2025-06-15 16:29:24,43.1292381286621,-8.4721040725708,"Unknown"
"7014855",371852,2025-06-15 16:34:23,43.1301307678223,-8.47090721130371,"Unknown"
"7014855",371852,2025-06-15 16:39:23,43.1296653747559,-8.47149658203125,"Unknown"
"7014855",371852,2025-06-15 16:44:23,43.1296653747559,-8.47152519226074,"Unknown"
"7014855",371852,2025-06-15 16:49:22,43.1297187805176,-8.47163677215576,"Unknown"
"7014855",371852,2025-06-15 16:54:24,43.1297264099121,-8.47157192230225,"Unknown"
"7014855",371852,2025-06-15 16:59:22,43.0992965698242,-8.49803733825684,"Unknown"
"7014855",371852,2025-06-15 17:04:26,43.0990753173828,-8.49833869934082,"Unknown"
"7014855",371852,2025-06-15 17:09:22,43.1100616455078,-8.49525737762451,"Unknown"
"7014855",371852,2025-06-15 17:14:22,43.126953125,-8.49426937103271,"Unknown"
"7014855",371852,2025-06-15 17:19:22,43.14208984375,-8.52985382080078,"Unknown"
"7014855",371852,2025-06-15 17:24:22,43.1464233398438,-8.54833602905273,"Unknown"
"7014855",371852,2025-06-15 17:29:23,43.1703453063965,-8.56829166412354,"Unknown"
"7014855",371852,2025-06-15 17:34:23,43.1906318664551,-8.57492256164551,"Unknown"
"7014855",371852,2025-06-15 17:39:22,43.2135543823242,-8.59446430206299,"Unknown"
"7014855",371852,2025-06-15 17:44:22,43.2301483154297,-8.618408203125,"Unknown"
"7014855",371852,2025-06-15 17:49:23,43.2525825500488,-8.62912178039551,"Unknown"
"7014855",371852,2025-06-15 17:54:22,43.275218963623,-8.64114856719971,"Unknown"
"7014855",371852,2025-06-15 17:59:22,43.2896537780762,-8.69541835784912,"Unknown"
"7014855",371852,2025-06-15 18:04:22,43.2917556762695,-8.69699192047119,"Unknown"
"7014855",371852,2025-06-15 18:09:22,43.2912521362305,-8.69620800018311,"Unknown"
"7014855",371852,2025-06-15 18:14:24,43.2911643981934,-8.69619941711426,"Unknown"
"7014855",371852,2025-06-15 18:19:22,43.2891387939453,-8.70591259002686,"Unknown"
"7014855",371852,2025-06-15 18:24:22,43.2956390380859,-8.75072574615479,"Unknown"
"7014855",371852,2025-06-15 18:29:22,43.3097496032715,-8.7909574508667,"Unknown"
"7014855",371852,2025-06-15 18:34:22,43.3285980224609,-8.82117748260498,"Unknown"
"7014855",371852,2025-06-15 18:39:22,43.3501129150391,-8.83819007873535,"Unknown"
"7014855",371852,2025-06-15 18:44:22,43.3606452941895,-8.84339809417725,"Unknown"
"7014855",371852,2025-06-15 18:49:22,43.3605842590332,-8.84358406066895,"Unknown"
"7014855",371852,2025-06-15 18:54:22,43.3604888916016,-8.84379196166992,"Unknown"
"7014855",371852,2025-06-15 18:59:22,43.3605041503906,-8.84389591217041,"Unknown"
"7014855",371852,2025-06-15 19:04:25,43.360595703125,-8.84339904785156,"Unknown"
"7014855",371852,2025-06-15 19:09:25,43.3605728149414,-8.84342670440674,"Unknown"
"7014855",371852,2025-06-15 19:14:24,43.3609390258789,-8.84319400787354,"Unknown"
"7014855",371852,2025-06-15 19:19:24,43.3606414794922,-8.84343814849854,"Unknown"
"7014855",371852,2025-06-15 19:24:24,43.3607444763184,-8.84336853027344,"Unknown"
"7014855",371852,2025-06-15 19:29:23,43.3610725402832,-8.84287548065186,"Unknown"
"7014855",371852,2025-06-15 19:34:23,43.3611068725586,-8.84271907806396,"Unknown"
"7014855",371852,2025-06-15 19:39:23,43.3610458374023,-8.84270191192627,"Unknown"
"7014855",371852,2025-06-15 19:44:23,43.3594436645508,-8.84401321411133,"Unknown"
"7014855",371852,2025-06-15 19:49:23,43.3598785400391,-8.84362983703613,"Unknown"
"7014855",371852,2025-06-15 19:54:23,43.3598480224609,-8.84360218048096,"Unknown"
"7014855",371852,2025-06-15 19:59:24,43.3597030639648,-8.84369659423828,"Unknown"
"7014855",371852,2025-06-15 20:04:22,43.3597297668457,-8.84377956390381,"Unknown"
"7014855",371852,2025-06-15 20:09:22,43.3597526550293,-8.84372520446777,"Unknown"
"7014855",371852,2025-06-15 20:14:23,43.3597869873047,-8.84366416931152,"Unknown"
"7014855",371852,2025-06-15 20:19:23,43.3598899841309,-8.84351348876953,"Unknown"
"7014855",371852,2025-06-15 20:24:23,43.3601875305176,-8.84294605255127,"Unknown"
"7014855",371852,2025-06-15 20:29:23,43.3598709106445,-8.84336280822754,"Unknown"
"7014855",371852,2025-06-15 20:34:23,43.3598403930664,-8.84343147277832,"Unknown"
"7014855",371852,2025-06-15 20:39:23,43.3598785400391,-8.84339809417725,"Unknown"
"7014855",371852,2025-06-15 20:44:23,43.3597946166992,-8.84341430664062,"Unknown"
"7014855",371852,2025-06-15 20:49:23,43.3598403930664,-8.84341239929199,"Unknown"
"7014855",371852,2025-06-15 20:54:23,43.3595771789551,-8.84360122680664,"Unknown"
"7014855",371852,2025-06-15 20:59:23,43.3600311279297,-8.84317684173584,"Unknown"
"7014855",371852,2025-06-15 21:04:23,43.3598937988281,-8.84322357177734,"Unknown"
"7014855",371852,2025-06-15 21:09:23,43.3601684570312,-8.8428201675415,"Unknown"
"7014855",371852,2025-06-15 21:14:23,43.3597297668457,-8.84337711334229,"Unknown"
"7014855",371852,2025-06-15 21:19:23,43.3598937988281,-8.84334468841553,"Unknown"
"7014855",371852,2025-06-15 21:24:24,43.3597068786621,-8.84335136413574,"Unknown"
"7014855",371852,2025-06-15 21:29:29,43.3600120544434,-8.8431224822998,"Unknown"
"7014855",371852,2025-06-15 21:34:24,43.3600692749023,-8.84301662445068,"Unknown"
"7014855",371852,2025-06-15 21:39:23,43.3605270385742,-8.84288120269775,"Unknown"
"7014855",371852,2025-06-15 21:44:25,43.3599395751953,-8.84325981140137,"Unknown"
"7014855",371852,2025-06-15 21:49:25,43.3599510192871,-8.84325218200684,"Unknown"
"7014855",371852,2025-06-15 21:54:25,43.3599624633789,-8.84306812286377,"Unknown"
"7014855",371852,2025-06-15 21:59:25,43.3599395751953,-8.84322834014893,"Unknown"
"7014855",371852,2025-06-15 22:04:23,43.360408782959,-8.84305763244629,"Unknown"
"7014855",371852,2025-06-15 22:09:23,43.3604011535645,-8.84360599517822,"Unknown"
"7014855",371852,2025-06-15 22:14:28,43.3601531982422,-8.8426399230957,"Unknown"
"7014855",371852,2025-06-15 22:19:23,43.3599128723145,-8.8427038192749,"Unknown"
"7014855",371852,2025-06-15 22:24:23,43.3597030639648,-8.84278869628906,"Unknown"
"7014855",371852,2025-06-15 22:29:23,43.3601875305176,-8.84274768829346,"Unknown"
"7014855",371852,2025-06-15 22:34:24,43.3598480224609,-8.84293460845947,"Unknown"
"7014855",371852,2025-06-15 22:39:24,43.360279083252,-8.84275722503662,"Unknown"
"7014855",371852,2025-06-15 22:44:22,43.3587455749512,-8.84258556365967,"Unknown"
"7014855",371852,2025-06-15 22:49:23,43.3596725463867,-8.84299564361572,"Unknown"
"7014855",371852,2025-06-15 22:54:23,43.3595542907715,-8.84298038482666,"Unknown"
"7014855",371852,2025-06-15 22:59:23,43.3595924377441,-8.84301948547363,"Unknown"
"7014855",371852,2025-06-15 23:04:23,43.3603553771973,-8.84288120269775,"Unknown"
"7014855",371852,2025-06-15 23:09:23,43.360408782959,-8.84290027618408,"Unknown"
"7014855",371852,2025-06-15 23:14:22,43.360466003418,-8.84295749664307,"Unknown"
"7014855",371852,2025-06-15 23:19:23,43.360424041748,-8.84291362762451,"Unknown"
"7014855",371852,2025-06-15 23:24:22,43.3599128723145,-8.84300518035889,"Unknown"
"7014855",371852,2025-06-15 23:29:23,43.3603248596191,-8.84298992156982,"Unknown"
"7014855",371852,2025-06-15 23:34:23,43.360294342041,-8.84300422668457,"Unknown"
"7014855",371852,2025-06-15 23:39:22,43.3602447509766,-8.84299182891846,"Unknown"
"7014855",371852,2025-06-15 23:44:23,43.3602409362793,-8.84303283691406,"Unknown"
"7014855",371852,2025-06-15 23:49:22,43.3602104187012,-8.84304332733154,"Unknown"
"7014855",371852,2025-06-15 23:54:22,43.3601684570312,-8.8430757522583,"Unknown"
"7014855",371852,2025-06-15 23:59:22,43.3602409362793,-8.84305858612061,"Unknown"
"7014855",371852,2025-06-16 00:04:22,43.3598747253418,-8.84305095672607,"Unknown"
"7014855",371852,2025-06-16 00:09:23,43.3603477478027,-8.84304904937744,"Unknown"
"7014855",371852,2025-06-16 00:14:22,43.3604011535645,-8.84313297271729,"Unknown"
"7014855",371852,2025-06-16 00:19:23,43.3600730895996,-8.84304904937744,"Unknown"
"7014855",371852,2025-06-16 00:24:23,43.3601684570312,-8.84309864044189,"Unknown"
"7014855",371852,2025-06-16 00:29:27,43.3600769042969,-8.84305381774902,"Unknown"
"7014855",371852,2025-06-16 00:34:23,43.3601989746094,-8.84305953979492,"Unknown"
"7014855",371852,2025-06-16 00:39:30,43.360221862793,-8.84308433532715,"Unknown"
"7014855",371852,2025-06-16 00:44:23,43.3602409362793,-8.84309768676758,"Unknown"
"7014855",371852,2025-06-16 00:49:24,43.3602638244629,-8.84306907653809,"Unknown"
"7014855",371852,2025-06-16 00:54:25,43.3602981567383,-8.84314155578613,"Unknown"
"7014855",371852,2025-06-16 00:59:24,43.3603630065918,-8.84318351745605,"Unknown"
"7014855",371852,2025-06-16 01:04:30,43.3602027893066,-8.8430290222168,"Unknown"
"7014855",371852,2025-06-16 01:09:38,43.3602752685547,-8.84307861328125,"Unknown"
"7014855",371852,2025-06-16 01:14:23,43.3603286743164,-8.84315776824951,"Unknown"
"7014855",371852,2025-06-16 01:19:24,43.360164642334,-8.84298419952393,"Unknown"
"7014855",371852,2025-06-16 01:24:24,43.3612632751465,-8.84460639953613,"Unknown"
"7014855",371852,2025-06-16 01:29:24,43.3611907958984,-8.83370876312256,"Unknown"
"7014855",371852,2025-06-16 01:34:24,43.3611869812012,-8.83374214172363,"Unknown"
"7014855",371852,2025-06-16 01:39:28,43.3613166809082,-8.83365726470947,"Unknown"
"7014855",371852,2025-06-16 01:44:24,43.3612174987793,-8.83359050750732,"Unknown"
"7014855",371852,2025-06-16 01:49:30,43.3611869812012,-8.83385467529297,"Unknown"
"7014855",371852,2025-06-16 01:54:28,43.3612480163574,-8.83375549316406,"Unknown"
"7014855",371852,2025-06-16 01:59:25,43.3612594604492,-8.83382797241211,"Unknown"
"7014855",371852,2025-06-16 02:04:27,43.3613357543945,-8.83358955383301,"Unknown"
"7014855",371852,2025-06-16 02:09:28,43.3613891601562,-8.83359909057617,"Unknown"
"7014855",371852,2025-06-16 02:14:25,43.3614616394043,-8.83366394042969,"Unknown"
"7014855",371852,2025-06-16 02:19:27,43.3614234924316,-8.83350849151611,"Unknown"
"7014855",371852,2025-06-16 02:24:27,43.361442565918,-8.8333854675293,"Unknown"
"7014855",371852,2025-06-16 02:29:28,43.3615036010742,-8.83353137969971,"Unknown"
"7014855",371852,2025-06-16 02:34:23,43.3615531921387,-8.83357715606689,"Unknown"
"7014855",371852,2025-06-16 02:39:29,43.3615531921387,-8.83376121520996,"Unknown"
"7014855",371852,2025-06-16 02:44:25,43.3615875244141,-8.83381366729736,"Unknown"
"7014855",371852,2025-06-16 02:49:25,43.3616142272949,-8.83383178710938,"Unknown"
"7014855",371852,2025-06-16 02:54:29,43.3615226745605,-8.83396625518799,"Unknown"
"7014855",371852,2025-06-16 02:59:30,43.3615493774414,-8.83394813537598,"Unknown"
"7014855",371852,2025-06-16 03:04:25,43.361572265625,-8.83416938781738,"Unknown"
"7014855",371852,2025-06-16 03:09:26,43.3614158630371,-8.83422660827637,"Unknown"
"7014855",371852,2025-06-16 03:14:25,43.3617095947266,-8.83410549163818,"Unknown"
"7014855",371852,2025-06-16 03:19:23,43.36181640625,-8.8341178894043,"Unknown"
"7014855",371852,2025-06-16 03:24:24,43.3618316650391,-8.83414554595947,"Unknown"
"7014855",371852,2025-06-16 03:29:25,43.361328125,-8.83398914337158,"Unknown"
"7014855",371852,2025-06-16 03:34:27,43.3613166809082,-8.83382797241211,"Unknown"
"7014855",371852,2025-06-16 03:39:25,43.3613433837891,-8.83383178710938,"Unknown"
"7014855",371852,2025-06-16 03:44:28,43.3613700866699,-8.83381843566895,"Unknown"
"7014855",371852,2025-06-16 03:49:25,43.3614387512207,-8.83383941650391,"Unknown"
"7014855",371852,2025-06-16 03:54:25,43.3614692687988,-8.83381080627441,"Unknown"
"7014855",371852,2025-06-16 03:59:23,43.3613891601562,-8.83360290527344,"Unknown"
"7014855",371852,2025-06-16 04:04:25,43.361499786377,-8.83382987976074,"Unknown"
"7014855",371852,2025-06-16 04:09:30,43.361442565918,-8.83384799957275,"Unknown"
"7014855",371852,2025-06-16 04:14:23,43.361255645752,-8.83327484130859,"Unknown"
"7014855",371852,2025-06-16 04:19:27,43.3612937927246,-8.833664894104,"Unknown"
"7014855",371852,2025-06-16 04:24:24,43.3611602783203,-8.83373832702637,"Unknown"
"7014855",371852,2025-06-16 04:29:24,43.3548889160156,-8.83266258239746,"Unknown"
"7014855",371852,2025-06-16 04:34:23,43.361759185791,-8.83557510375977,"Unknown"
"7014855",371852,2025-06-16 04:39:23,43.3598823547363,-8.84345149993896,"Unknown"
"7014855",371852,2025-06-16 04:44:23,43.3599433898926,-8.84334754943848,"Unknown"
"7014855",371852,2025-06-16 04:49:34,43.3597717285156,-8.84355354309082,"Unknown"
"7014855",371852,2025-06-16 04:54:27,43.3598709106445,-8.84341239929199,"Unknown"
"7014855",371852,2025-06-16 04:59:27,43.359806060791,-8.84347343444824,"Unknown"
"7014855",371852,2025-06-16 05:04:24,43.3599510192871,-8.84326267242432,"Unknown"
"7014855",371852,2025-06-16 05:09:27,43.3600959777832,-8.84308528900146,"Unknown"
"7014855",371852,2025-06-16 05:14:25,43.3600540161133,-8.84315872192383,"Unknown"
"7014855",371852,2025-06-16 05:19:24,43.3600273132324,-8.84307956695557,"Unknown"
"7014855",371852,2025-06-16 05:24:24,43.3599967956543,-8.84309864044189,"Unknown"
"7014855",371852,2025-06-16 05:29:24,43.3600921630859,-8.84296226501465,"Unknown"
"7014855",371852,2025-06-16 05:34:27,43.3602104187012,-8.84300899505615,"Unknown"
"7014855",371852,2025-06-16 05:39:24,43.360164642334,-8.84292507171631,"Unknown"
"7014855",371852,2025-06-16 05:44:23,43.3601570129395,-8.84302616119385,"Unknown"
"7014855",371852,2025-06-16 05:49:24,43.3598594665527,-8.84320831298828,"Unknown"
"7014855",371852,2025-06-16 05:54:23,43.3600463867188,-8.84285545349121,"Unknown"
"7014855",371852,2025-06-16 05:59:23,43.3601417541504,-8.84295463562012,"Unknown"
"7014855",371852,2025-06-16 06:04:29,43.360107421875,-8.84289455413818,"Unknown"
"7014855",371852,2025-06-16 06:09:30,43.360164642334,-8.84295177459717,"Unknown"
"7014855",371852,2025-06-16 06:14:23,43.3600158691406,-8.83616828918457,"Unknown"
"7014855",371852,2025-06-16 06:19:25,43.3311920166016,-8.83327102661133,"Unknown"
"7014855",371852,2025-06-16 06:24:24,43.3149909973145,-8.82491779327393,"Unknown"
"7014855",371852,2025-06-16 06:29:24,43.3158264160156,-8.82903957366943,"Unknown"
"7014855",371852,2025-06-16 06:34:24,43.3160820007324,-8.82912635803223,"Unknown"
"7014855",371852,2025-06-16 06:39:23,43.3177604675293,-8.83021259307861,"Unknown"
"7014855",371852,2025-06-16 06:44:22,43.3407020568848,-8.83166408538818,"Unknown"
"7014855",371852,2025-06-16 06:49:23,43.3608169555664,-8.83361053466797,"Unknown"
"7014855",371852,2025-06-16 06:54:24,43.3603668212891,-8.84318828582764,"Unknown"
"7014855",371852,2025-06-16 06:59:23,43.3603668212891,-8.84309768676758,"Unknown"
"7014855",371852,2025-06-16 07:04:24,43.3605270385742,-8.84328079223633,"Unknown"
"7014855",371852,2025-06-16 07:09:27,43.3605270385742,-8.84319019317627,"Unknown"
"7014855",371852,2025-06-16 07:14:25,43.360595703125,-8.84342861175537,"Unknown"
"7014855",371852,2025-06-16 07:19:25,43.3602905273438,-8.84301853179932,"Unknown"
"7014855",371852,2025-06-16 07:24:24,43.3602447509766,-8.84278297424316,"Unknown"
"7014855",371852,2025-06-16 07:29:27,43.3604431152344,-8.84327507019043,"Unknown"
"7014855",371852,2025-06-16 07:34:23,43.3602409362793,-8.84286212921143,"Unknown"
"7014855",371852,2025-06-16 07:39:23,43.3605003356934,-8.84320831298828,"Unknown"
"7014855",371852,2025-06-16 07:44:25,43.3600883483887,-8.8432445526123,"Unknown"
"7014855",371852,2025-06-16 07:49:22,43.3602981567383,-8.84305572509766,"Unknown"
"7014855",371852,2025-06-16 07:54:23,43.3602333068848,-8.84297943115234,"Unknown"
"7014855",371852,2025-06-16 07:59:25,43.3597145080566,-8.84284400939941,"Unknown"
"7014855",371852,2025-06-16 08:04:24,43.3587455749512,-8.84341716766357,"Unknown"
"7014855",371852,2025-06-16 08:09:28,43.3611183166504,-8.8425874710083,"Unknown"
"7014855",371852,2025-06-16 08:14:27,43.3605995178223,-8.843017578125,"Unknown"
"7014855",371852,2025-06-16 08:19:25,43.3603782653809,-8.84288120269775,"Unknown"
"7014855",371852,2025-06-16 08:24:23,43.3603858947754,-8.84294891357422,"Unknown"
"7014855",371852,2025-06-16 08:29:22,43.3604011535645,-8.84291934967041,"Unknown"
"7014855",371852,2025-06-16 08:34:23,43.3604736328125,-8.84287548065186,"Unknown"
"7014855",371852,2025-06-16 08:39:24,43.3605728149414,-8.84292793273926,"Unknown"
"7014855",371852,2025-06-16 08:44:25,43.3605308532715,-8.8430061340332,"Unknown"
"7014855",371852,2025-06-16 08:49:23,43.3606414794922,-8.84295845031738,"Unknown"
"7014855",371852,2025-06-16 08:54:23,43.3605117797852,-8.84300708770752,"Unknown"
"7014855",371852,2025-06-16 08:59:23,43.3605117797852,-8.84304237365723,"Unknown"
"7014855",371852,2025-06-16 09:04:32,43.3601722717285,-8.84287452697754,"Unknown"
"7014855",371852,2025-06-16 09:09:23,43.3602180480957,-8.84287166595459,"Unknown"
"7014855",371852,2025-06-16 09:14:23,43.3601608276367,-8.84287357330322,"Unknown"
"7014855",371852,2025-06-16 09:19:23,43.3601493835449,-8.84285259246826,"Unknown"
"7014855",371852,2025-06-16 09:24:22,43.3600845336914,-8.84273529052734,"Unknown"
"7014855",371852,2025-06-16 09:29:23,43.3599853515625,-8.84266662597656,"Unknown"
"7014855",371852,2025-06-16 09:34:22,43.3599700927734,-8.84261131286621,"Unknown"
"7014855",371852,2025-06-16 09:39:24,43.359977722168,-8.84256649017334,"Unknown"
"7014855",371852,2025-06-16 09:44:25,43.3597793579102,-8.84228324890137,"Unknown"
"7014855",371852,2025-06-16 09:49:25,43.3597564697266,-8.84211349487305,"Unknown"
"7014855",371852,2025-06-16 09:54:25,43.3594970703125,-8.84163951873779,"Unknown"
"7014855",371852,2025-06-16 09:59:27,43.3603706359863,-8.84260272979736,"Unknown"
"7014855",371852,2025-06-16 10:04:25,43.3603057861328,-8.84268379211426,"Unknown"
"7014855",371852,2025-06-16 10:09:27,43.3603096008301,-8.84294605255127,"Unknown"
"7014855",371852,2025-06-16 10:14:27,43.3604774475098,-8.84273433685303,"Unknown"
"7014855",371852,2025-06-16 10:19:30,43.3605041503906,-8.84268474578857,"Unknown"
"7014855",371852,2025-06-16 10:24:28,43.3605880737305,-8.84332370758057,"Unknown"
"7014855",371852,2025-06-16 10:29:30,43.3606109619141,-8.84298419952393,"Unknown"
"7014855",371852,2025-06-16 10:34:25,43.3608589172363,-8.84345531463623,"Unknown"
"7014855",371852,2025-06-16 10:39:28,43.3606643676758,-8.84329986572266,"Unknown"
"7014855",371852,2025-06-16 10:44:29,43.3608207702637,-8.84342956542969,"Unknown"
"7014855",371852,2025-06-16 10:49:29,43.3606910705566,-8.84352970123291,"Unknown"
"7014855",371852,2025-06-16 10:54:27,43.360179901123,-8.8427267074585,"Unknown"
"7014855",371852,2025-06-16 10:59:51,43.3609809875488,-8.84279918670654,"Unknown"
"7014855",371852,2025-06-16 11:04:43,43.360034942627,-8.84309768676758,"Unknown"
"7014855",371852,2025-06-16 11:09:25,43.3600158691406,-8.84311485290527,"Unknown"
"7014855",371852,2025-06-16 11:14:23,43.3600006103516,-8.84285259246826,"Unknown"
"7014855",371852,2025-06-16 11:19:24,43.359977722168,-8.84292030334473,"Unknown"
"7014855",371852,2025-06-16 11:24:29,43.3600997924805,-8.8430757522583,"Unknown"
"7014855",371852,2025-06-16 11:29:23,43.3600692749023,-8.84288215637207,"Unknown"
"7014855",371852,2025-06-16 11:34:26,43.360179901123,-8.84289455413818,"Unknown"
"7014855",371852,2025-06-16 11:39:23,43.3600234985352,-8.8427734375,"Unknown"
"7014855",371852,2025-06-16 11:44:29,43.3601264953613,-8.84299755096436,"Unknown"
"7014855",371852,2025-06-16 11:49:23,43.3599090576172,-8.84273719787598,"Unknown"
"7014855",371852,2025-06-16 11:54:26,43.3602104187012,-8.84286975860596,"Unknown"
"7014855",371852,2025-06-16 11:59:24,43.3602066040039,-8.84287643432617,"Unknown"
"7014855",371852,2025-06-16 12:04:53,43.3600807189941,-8.84311008453369,"Unknown"
"7014855",371852,2025-06-16 12:09:23,43.3601570129395,-8.84304523468018,"Unknown"
"7014855",371852,2025-06-16 12:14:23,43.3601226806641,-8.84305191040039,"Unknown"
"7014855",371852,2025-06-16 12:19:23,43.3601036071777,-8.84304523468018,"Unknown"
"7014855",371852,2025-06-16 12:24:23,43.3613777160645,-8.84232234954834,"Unknown"
"7014855",371852,2025-06-16 12:29:23,43.331901550293,-8.83012580871582,"Unknown"
"7014855",371852,2025-06-16 12:34:23,43.3060302734375,-8.8193531036377,"Unknown"
"7014855",371852,2025-06-16 12:39:23,43.2863464355469,-8.79657649993896,"Unknown"
"7014855",371852,2025-06-16 12:44:23,43.2729454040527,-8.7907772064209,"Unknown"
"7014855",371852,2025-06-16 12:49:23,43.2610778808594,-8.7613582611084,"Unknown"
"7014855",371852,2025-06-16 12:54:23,43.2424049377441,-8.73277473449707,"Unknown"
"7014855",371852,2025-06-16 12:59:24,43.2506561279297,-8.7049388885498,"Unknown"
"7014855",371852,2025-06-16 13:04:26,43.2534332275391,-8.69258785247803,"Unknown"
"7014855",371852,2025-06-16 13:09:23,43.2511711120605,-8.66573524475098,"Unknown"
"7014855",371852,2025-06-16 13:14:23,43.2330131530762,-8.63469696044922,"Unknown"
"7014855",371852,2025-06-16 13:19:23,43.2125968933105,-8.61649513244629,"Unknown"
"7014855",371852,2025-06-16 13:24:24,43.1970062255859,-8.59737396240234,"Unknown"
"7014855",371852,2025-06-16 13:29:23,43.1826667785645,-8.59267044067383,"Unknown"
"7014855",371852,2025-06-16 13:34:24,43.167236328125,-8.58579730987549,"Unknown"
"7014855",371852,2025-06-16 13:39:22,43.1426391601562,-8.58924388885498,"Unknown"
"7014855",371852,2025-06-16 13:44:30,43.1427230834961,-8.58903026580811,"Unknown"
"7014855",371852,2025-06-16 13:49:23,43.1463775634766,-8.56350994110107,"Unknown"
"7014855",371852,2025-06-16 13:54:23,43.1429481506348,-8.54614925384521,"Unknown"
"7014855",371852,2025-06-16 13:59:23,43.130802154541,-8.50949287414551,"Unknown"
"7014855",371852,2025-06-16 14:04:23,43.1299324035645,-8.47186374664307,"Unknown"
"7014855",371852,2025-06-16 14:09:24,43.1305351257324,-8.47172355651855,"Unknown"
"7014855",371852,2025-06-16 14:14:25,43.1300888061523,-8.47215843200684,"Unknown"
"7014855",371852,2025-06-16 14:19:23,43.1274719238281,-8.48372650146484,"Unknown"
"7014855",371852,2025-06-16 14:24:23,43.0989990234375,-8.49812316894531,"Unknown"
"7014855",371852,2025-06-16 14:29:24,43.0987129211426,-8.49851226806641,"Unknown"
"7014855",371852,2025-06-16 14:34:24,43.1037330627441,-8.50218105316162,"Unknown"
"7014855",371852,2025-06-16 14:39:23,43.1033668518066,-8.50196361541748,"Unknown"
"7014855",371852,2025-06-16 14:44:24,43.1283721923828,-8.4771728515625,"Unknown"
"7014855",371852,2025-06-16 14:49:25,43.1299629211426,-8.47212505340576,"Unknown"
"7014855",371852,2025-06-16 14:54:23,43.1302795410156,-8.47412967681885,"Unknown"
"7014855",371852,2025-06-16 14:59:23,43.1410331726074,-8.49611759185791,"Unknown"
"7014855",371852,2025-06-16 15:04:25,43.1462173461914,-8.50896263122559,"Unknown"
"7014855",371852,2025-06-16 15:09:24,43.1585388183594,-8.53738975524902,"Unknown"
"7014855",371852,2025-06-16 15:14:26,43.1594429016113,-8.54905223846436,"Unknown"
"7014855",371852,2025-06-16 15:19:22,43.187614440918,-8.5788516998291,"Unknown"
"7014855",371852,2025-06-16 15:24:24,43.2105293273926,-8.61794281005859,"Unknown"
"7014855",371852,2025-06-16 15:29:23,43.234432220459,-8.64167213439941,"Unknown"
"7014855",371852,2025-06-16 15:34:23,43.2568740844727,-8.65470886230469,"Unknown"
"7014855",371852,2025-06-16 15:39:23,43.2773666381836,-8.67558860778809,"Unknown"
"7014855",371852,2025-06-16 15:44:23,43.2902183532715,-8.70647525787354,"Unknown"
"7014855",371852,2025-06-16 15:49:23,43.3052177429199,-8.74452114105225,"Unknown"
"7014855",371852,2025-06-16 15:54:29,43.3250198364258,-8.78863620758057,"Unknown"
"7014855",371852,2025-06-16 15:59:25,43.3501396179199,-8.82911396026611,"Unknown"
"7014855",371852,2025-06-16 16:04:29,43.3604583740234,-8.84338283538818,"Unknown"
"7014855",371852,2025-06-16 16:09:29,43.3608856201172,-8.8438777923584,"Unknown"
"7014855",371852,2025-06-16 16:14:39,43.3607978820801,-8.84387397766113,"Unknown"
"7014855",371852,2025-06-16 16:19:32,43.3607559204102,-8.84373664855957,"Unknown"
"7014855",371852,2025-06-16 16:24:40,43.3604278564453,-8.84325218200684,"Unknown"
"7014855",371852,2025-06-16 16:29:29,43.3603477478027,-8.84331893920898,"Unknown"
"7014855",371852,2025-06-16 16:34:26,43.3605003356934,-8.84334468841553,"Unknown"
"7014855",371852,2025-06-16 16:39:34,43.3606986999512,-8.84310626983643,"Unknown"
"7014855",371852,2025-06-16 16:44:42,43.3601303100586,-8.84305572509766,"Unknown"
"7014855",371852,2025-06-16 16:49:43,43.3600158691406,-8.8433141708374,"Unknown"
"7014855",371852,2025-06-16 16:54:31,43.3599472045898,-8.84314823150635,"Unknown"
"7014855",371852,2025-06-16 16:59:37,43.3605842590332,-8.84396648406982,"Unknown"
"7014855",371852,2025-06-16 17:04:32,43.3588333129883,-8.84622573852539,"Unknown"
"7014855",371852,2025-06-16 17:09:28,43.3603630065918,-8.84347534179688,"Unknown"
"7014855",371852,2025-06-16 17:14:41,43.3600769042969,-8.84310626983643,"Unknown"
"7014855",371852,2025-06-16 17:19:30,43.3604927062988,-8.84317398071289,"Unknown"
"7014855",371852,2025-06-16 17:24:26,43.3599853515625,-8.84333038330078,"Unknown"
"7014855",371852,2025-06-16 17:29:28,43.3598213195801,-8.84360218048096,"Unknown"
"7014855",371852,2025-06-16 17:34:44,43.360034942627,-8.84335041046143,"Unknown"
"7014855",371852,2025-06-16 17:39:32,43.3600959777832,-8.84316730499268,"Unknown"
"7014855",371852,2025-06-16 17:44:32,43.359432220459,-8.84251689910889,"Unknown"
"7014855",371852,2025-06-16 17:49:32,43.3601112365723,-8.84347152709961,"Unknown"
"7014855",371852,2025-06-16 17:54:25,43.3591041564941,-8.8432092666626,"Unknown"
"7014855",371852,2025-06-16 17:59:28,43.3603858947754,-8.84336185455322,"Unknown"
"7014855",371852,2025-06-16 18:04:38,43.3627815246582,-8.84471702575684,"Unknown"
"7014855",371852,2025-06-16 18:09:32,43.3607978820801,-8.84379100799561,"Unknown"
"7014855",371852,2025-06-16 18:14:32,43.3612785339355,-8.84256649017334,"Unknown"
"7014855",371852,2025-06-16 18:19:44,43.3598022460938,-8.84305000305176,"Unknown"
"7014855",371852,2025-06-16 18:24:39,43.3598937988281,-8.84302616119385,"Unknown"
"7014855",371852,2025-06-16 18:29:33,43.3598976135254,-8.84303092956543,"Unknown"
"7014855",371852,2025-06-16 18:34:53,43.3596878051758,-8.84308528900146,"Unknown"
"7014855",371852,2025-06-16 18:39:28,43.3602447509766,-8.84357261657715,"Unknown"
"7014855",371852,2025-06-16 18:44:31,43.3600769042969,-8.84280014038086,"Unknown"
"7014855",371852,2025-06-16 18:49:37,43.3600845336914,-8.84252166748047,"Unknown"
"7014855",371852,2025-06-16 18:54:38,43.3599853515625,-8.84239387512207,"Unknown"
"7014855",371852,2025-06-16 18:59:31,43.3597946166992,-8.84210777282715,"Unknown"
"7014855",371852,2025-06-16 19:04:32,43.3601303100586,-8.84224891662598,"Unknown"
"7014855",371852,2025-06-16 19:09:31,43.360279083252,-8.84237003326416,"Unknown"
"7014855",371852,2025-06-16 19:14:44,43.3600425720215,-8.84297466278076,"Unknown"
"7014855",371852,2025-06-16 19:19:29,43.3600273132324,-8.84227561950684,"Unknown"
"7014855",371852,2025-06-16 19:24:31,43.3599815368652,-8.8425874710083,"Unknown"
"7014855",371852,2025-06-16 19:29:24,43.3598556518555,-8.84178447723389,"Unknown"
"7014855",371852,2025-06-16 19:34:31,43.360538482666,-8.84212589263916,"Unknown"
"7014855",371852,2025-06-16 19:39:25,43.3616943359375,-8.83768272399902,"Unknown"
"7014855",371852,2025-06-16 19:44:24,43.328125,-8.85246276855469,"Unknown"
"7014855",371852,2025-06-16 19:49:32,43.314281463623,-8.85599708557129,"Unknown"
"7014855",371852,2025-06-16 19:54:24,43.314151763916,-8.85586261749268,"Unknown"
"7014855",371852,2025-06-16 19:59:29,43.3144493103027,-8.85603713989258,"Unknown"
"7014855",371852,2025-06-16 20:04:59,43.3142204284668,-8.85660743713379,"Unknown"
"7014855",371852,2025-06-16 20:09:28,43.3140029907227,-8.85680294036865,"Unknown"
"7014855",371852,2025-06-16 20:14:23,43.314022064209,-8.8567419052124,"Unknown"
"7014855",371852,2025-06-16 20:19:30,43.3141250610352,-8.85662269592285,"Unknown"
"7014855",371852,2025-06-16 20:24:24,43.3141021728516,-8.8566951751709,"Unknown"
"7014855",371852,2025-06-16 20:29:30,43.3278617858887,-8.85254287719727,"Unknown"
"7014855",371852,2025-06-16 20:34:23,43.3470878601074,-8.84614658355713,"Unknown"
"7014855",371852,2025-06-16 20:39:23,43.3600463867188,-8.84299278259277,"Unknown"
"7014855",371852,2025-06-16 20:44:23,43.3601188659668,-8.84300136566162,"Unknown"
"7014855",371852,2025-06-16 20:49:33,43.3599739074707,-8.8430814743042,"Unknown"
"7014855",371852,2025-06-16 20:54:28,43.3600845336914,-8.84290504455566,"Unknown"
"7014855",371852,2025-06-16 20:59:24,43.3598861694336,-8.84310626983643,"Unknown"
"7014855",371852,2025-06-16 21:04:24,43.3601188659668,-8.842942237854,"Unknown"
"7014855",371852,2025-06-16 21:09:23,43.3600730895996,-8.8430118560791,"Unknown"
"7014855",371852,2025-06-16 21:14:24,43.3600730895996,-8.84308338165283,"Unknown"
"7014855",371852,2025-06-16 21:19:28,43.3600540161133,-8.84289741516113,"Unknown"
"7014855",371852,2025-06-16 21:24:23,43.3599853515625,-8.8428955078125,"Unknown"
"7014855",371852,2025-06-16 21:29:23,43.3601875305176,-8.84293174743652,"Unknown"
"7014855",371852,2025-06-16 21:34:23,43.3599815368652,-8.84300994873047,"Unknown"
"7014855",371852,2025-06-16 21:39:25,43.3607711791992,-8.8435525894165,"Unknown"
"7014855",371852,2025-06-16 21:44:23,43.3585777282715,-8.83186817169189,"Unknown"
"7014855",371852,2025-06-16 21:49:23,43.3574676513672,-8.82947063446045,"Unknown"
"7014855",371852,2025-06-16 21:54:24,43.3591461181641,-8.83387756347656,"Unknown"
"7014855",371852,2025-06-16 21:59:24,43.3608932495117,-8.84360504150391,"Unknown"
"7014855",371852,2025-06-16 22:04:23,43.3611373901367,-8.84400749206543,"Unknown"
"7014855",371852,2025-06-16 22:09:25,43.3607063293457,-8.84331893920898,"Unknown"
"7014855",371852,2025-06-16 22:14:25,43.3607864379883,-8.84345245361328,"Unknown"
"7014855",371852,2025-06-16 22:19:27,43.3607482910156,-8.84340763092041,"Unknown"
"7014855",371852,2025-06-16 22:24:23,43.3608627319336,-8.84353351593018,"Unknown"
"7014855",371852,2025-06-16 22:29:28,43.3606910705566,-8.84333324432373,"Unknown"
"7014855",371852,2025-06-16 22:34:28,43.3607559204102,-8.84344387054443,"Unknown"
"7014855",371852,2025-06-16 22:39:26,43.3607368469238,-8.84337329864502,"Unknown"
"7014855",371852,2025-06-16 22:44:28,43.3607635498047,-8.84341430664062,"Unknown"
"7014855",371852,2025-06-16 22:49:30,43.3606376647949,-8.84351444244385,"Unknown"
"7014855",371852,2025-06-16 22:54:31,43.3608627319336,-8.84384727478027,"Unknown"
"7014855",371852,2025-06-16 22:59:24,43.3606758117676,-8.84330368041992,"Unknown"
"7014855",371852,2025-06-16 23:04:31,43.3607635498047,-8.8433723449707,"Unknown"
"7014855",371852,2025-06-16 23:09:26,43.3608207702637,-8.84357833862305,"Unknown"
"7014855",371852,2025-06-16 23:14:33,43.3608055114746,-8.84357070922852,"Unknown"
"7014855",371852,2025-06-16 23:19:59,43.3607482910156,-8.84350872039795,"Unknown"
"7014855",371852,2025-06-16 23:24:23,43.3606872558594,-8.84346008300781,"Unknown"
"7014855",371852,2025-06-16 23:29:23,43.3606986999512,-8.84345722198486,"Unknown"
"7014855",371852,2025-06-16 23:34:23,43.3607559204102,-8.84353160858154,"Unknown"
"7014855",371852,2025-06-16 23:39:22,43.3607292175293,-8.84346103668213,"Unknown"
"7014855",371852,2025-06-16 23:44:22,43.3607521057129,-8.84346675872803,"Unknown"
"7014855",371852,2025-06-16 23:49:23,43.3607635498047,-8.84348964691162,"Unknown"
"7014855",371852,2025-06-16 23:54:23,43.3607788085938,-8.84351062774658,"Unknown"
"7014855",371852,2025-06-16 23:59:23,43.3607292175293,-8.8435173034668,"Unknown"
"7014855",371852,2025-06-17 00:04:23,43.3607139587402,-8.84345626831055,"Unknown"
"7014855",371852,2025-06-17 00:09:22,43.3607139587402,-8.84346866607666,"Unknown"
"7014855",371852,2025-06-17 00:14:23,43.3607482910156,-8.84349346160889,"Unknown"
"7014855",371852,2025-06-17 00:19:23,43.3607139587402,-8.8434362411499,"Unknown"
"7014855",371852,2025-06-17 00:24:23,43.3607063293457,-8.84348678588867,"Unknown"
"7014855",371852,2025-06-17 00:29:25,43.360725402832,-8.84346199035645,"Unknown"
"7014855",371852,2025-06-17 00:34:23,43.3606338500977,-8.84359645843506,"Unknown"
"7014855",371852,2025-06-17 00:39:23,43.3607444763184,-8.84361457824707,"Unknown"
"7014855",371852,2025-06-17 00:44:28,43.3606491088867,-8.84361171722412,"Unknown"
"7014855",371852,2025-06-17 00:49:28,43.3606872558594,-8.84369468688965,"Unknown"
"7014855",371852,2025-06-17 00:54:23,43.360912322998,-8.84347152709961,"Unknown"
"7014855",371852,2025-06-17 00:59:25,43.3607788085938,-8.84357166290283,"Unknown"
"7014855",371852,2025-06-17 01:04:28,43.3603363037109,-8.84378719329834,"Unknown"
"7014855",371852,2025-06-17 01:09:29,43.3605918884277,-8.84359455108643,"Unknown"
"7014855",371852,2025-06-17 01:14:30,43.3610420227051,-8.84340190887451,"Unknown"
"7014855",371852,2025-06-17 01:19:28,43.3607292175293,-8.84357261657715,"Unknown"
"7014855",371852,2025-06-17 01:24:24,43.3600082397461,-8.83324813842773,"Unknown"
"7014855",371852,2025-06-17 01:29:44,43.3610649108887,-8.83377075195312,"Unknown"
"7014855",371852,2025-06-17 01:34:24,43.3610877990723,-8.83372592926025,"Unknown"
"7014855",371852,2025-06-17 01:39:31,43.3611450195312,-8.83384609222412,"Unknown"
"7014855",371852,2025-06-17 01:44:27,43.3610420227051,-8.8337926864624,"Unknown"
"7014855",371852,2025-06-17 01:49:26,43.3608818054199,-8.83381843566895,"Unknown"
"7014855",371852,2025-06-17 01:54:30,43.3609237670898,-8.83382320404053,"Unknown"
"7014855",371852,2025-06-17 01:59:29,43.3609199523926,-8.83389282226562,"Unknown"
"7014855",371852,2025-06-17 02:04:42,43.3611030578613,-8.83373832702637,"Unknown"
"7014855",371852,2025-06-17 02:09:24,43.3608016967773,-8.83393001556396,"Unknown"
"7014855",371852,2025-06-17 02:14:23,43.3611221313477,-8.83388710021973,"Unknown"
"7014855",371852,2025-06-17 02:19:25,43.3611907958984,-8.83370876312256,"Unknown"
"7014855",371852,2025-06-17 02:24:23,43.3611145019531,-8.83400249481201,"Unknown"
"7014855",371852,2025-06-17 02:29:27,43.3611793518066,-8.83364295959473,"Unknown"
"7014855",371852,2025-06-17 02:34:42,43.3613166809082,-8.83373546600342,"Unknown"
"7014855",371852,2025-06-17 02:39:29,43.3611488342285,-8.83361530303955,"Unknown"
"7014855",371852,2025-06-17 02:44:31,43.3612289428711,-8.83402252197266,"Unknown"
"7014855",371852,2025-06-17 02:49:31,43.3615303039551,-8.83370208740234,"Unknown"
"7014855",371852,2025-06-17 02:54:35,43.3615951538086,-8.83376789093018,"Unknown"
"7014855",371852,2025-06-17 02:59:42,43.3611755371094,-8.83367347717285,"Unknown"
"7014855",371852,2025-06-17 03:04:30,43.3611755371094,-8.83371162414551,"Unknown"
"7014855",371852,2025-06-17 03:09:27,43.3611907958984,-8.83362007141113,"Unknown"
"7014855",371852,2025-06-17 03:14:24,43.3612823486328,-8.83333683013916,"Unknown"
"7014855",371852,2025-06-17 03:19:28,43.3611793518066,-8.83360576629639,"Unknown"
"7014855",371852,2025-06-17 03:24:30,43.3611717224121,-8.83368301391602,"Unknown"
"7014855",371852,2025-06-17 03:29:31,43.3611030578613,-8.83359718322754,"Unknown"
"7014855",371852,2025-06-17 03:34:31,43.3608932495117,-8.83350467681885,"Unknown"
"7014855",371852,2025-06-17 03:39:44,43.361255645752,-8.83356380462646,"Unknown"
"7014855",371852,2025-06-17 03:44:27,43.3612632751465,-8.83360195159912,"Unknown"
"7014855",371852,2025-06-17 03:49:31,43.361255645752,-8.83349800109863,"Unknown"
"7014855",371852,2025-06-17 03:54:31,43.361270904541,-8.83340167999268,"Unknown"
"7014855",371852,2025-06-17 03:59:51,43.3612022399902,-8.83362579345703,"Unknown"
"7014855",371852,2025-06-17 04:04:31,43.3613433837891,-8.83332252502441,"Unknown"
"7014855",371852,2025-06-17 04:09:59,43.3603363037109,-8.84239196777344,"Unknown"
"7014855",371852,2025-06-17 04:14:59,43.3601531982422,-8.84303760528564,"Unknown"
"7014855",371852,2025-06-17 04:19:27,43.3600921630859,-8.84295272827148,"Unknown"
"7014855",371852,2025-06-17 04:24:26,43.3601226806641,-8.84295845031738,"Unknown"
"7014855",371852,2025-06-17 04:29:29,43.3598442077637,-8.84336948394775,"Unknown"
"7014855",371852,2025-06-17 04:34:25,43.3600959777832,-8.84303665161133,"Unknown"
"7014855",371852,2025-06-17 04:39:30,43.3598709106445,-8.8432149887085,"Unknown"
"7014855",371852,2025-06-17 04:44:28,43.3595352172852,-8.84328556060791,"Unknown"
"7014855",371852,2025-06-17 04:49:55,43.3599548339844,-8.84304523468018,"Unknown"
"7014855",371852,2025-06-17 04:54:25,43.359992980957,-8.84309864044189,"Unknown"
"7014855",371852,2025-06-17 04:59:24,43.3598403930664,-8.84297275543213,"Unknown"
"7014855",371852,2025-06-17 05:04:25,43.3598365783691,-8.84304428100586,"Unknown"
"7014855",371852,2025-06-17 05:09:27,43.3598861694336,-8.84303188323975,"Unknown"
"7014855",371852,2025-06-17 05:14:27,43.3598213195801,-8.84305953979492,"Unknown"
"7014855",371852,2025-06-17 05:19:24,43.3599395751953,-8.84291362762451,"Unknown"
"7014855",371852,2025-06-17 05:24:25,43.3600196838379,-8.84315299987793,"Unknown"
"7014855",371852,2025-06-17 05:29:28,43.3599662780762,-8.84304523468018,"Unknown"
"7014855",371852,2025-06-17 05:34:25,43.359977722168,-8.84326362609863,"Unknown"
"7014855",371852,2025-06-17 05:39:44,43.3599281311035,-8.84314632415771,"Unknown"
"7014855",371852,2025-06-17 05:44:24,43.3598518371582,-8.8428897857666,"Unknown"
"7014855",371852,2025-06-17 05:49:25,43.3600082397461,-8.84313201904297,"Unknown"
"7014855",371852,2025-06-17 05:54:24,43.3599700927734,-8.8432502746582,"Unknown"
"7014855",371852,2025-06-17 05:59:27,43.3599548339844,-8.84310054779053,"Unknown"
"7014855",371852,2025-06-17 06:04:29,43.3599243164062,-8.84326457977295,"Unknown"
"7014855",371852,2025-06-17 06:09:23,43.3599700927734,-8.8431568145752,"Unknown"
"7014855",371852,2025-06-17 06:14:27,43.3599967956543,-8.84315204620361,"Unknown"
"7014855",371852,2025-06-17 06:19:25,43.3599853515625,-8.84316635131836,"Unknown"
"7014855",371852,2025-06-17 06:24:27,43.3600654602051,-8.8430347442627,"Unknown"
"7014855",371852,2025-06-17 06:29:24,43.3601264953613,-8.84337139129639,"Unknown"
"7014855",371852,2025-06-17 06:34:59,43.3599624633789,-8.8436393737793,"Unknown"
"7014855",371852,2025-06-17 06:39:30,43.3599586486816,-8.8436107635498,"Unknown"
"7014855",371852,2025-06-17 06:44:30,43.3600196838379,-8.84330749511719,"Unknown"
"7014855",371852,2025-06-17 06:49:27,43.3600692749023,-8.84317207336426,"Unknown"
"7014855",371852,2025-06-17 06:54:27,43.3600769042969,-8.84349346160889,"Unknown"
"7014855",371852,2025-06-17 06:59:47,43.3598709106445,-8.84287452697754,"Unknown"
"7014855",371852,2025-06-17 07:04:29,43.3599472045898,-8.842848777771,"Unknown"
"7014855",371852,2025-06-17 07:09:34,43.3600578308105,-8.84289836883545,"Unknown"
"7014855",371852,2025-06-17 07:14:31,43.360050201416,-8.84301376342773,"Unknown"
"7014855",371852,2025-06-17 07:19:30,43.3599243164062,-8.84314918518066,"Unknown"
"7014855",371852,2025-06-17 07:24:53,43.3602447509766,-8.84322452545166,"Unknown"
"7014855",371852,2025-06-17 07:29:30,43.3601570129395,-8.84323501586914,"Unknown"
"7014855",371852,2025-06-17 07:34:30,43.3600997924805,-8.84321880340576,"Unknown"
"7014855",371852,2025-06-17 07:39:30,43.3600616455078,-8.84317874908447,"Unknown"
"7014855",371852,2025-06-17 07:44:30,43.3600234985352,-8.84322834014893,"Unknown"
"7014855",371852,2025-06-17 07:49:28,43.3599510192871,-8.84332370758057,"Unknown"
"7014855",371852,2025-06-17 07:54:56,43.3599739074707,-8.84314823150635,"Unknown"
"7014855",371852,2025-06-17 07:59:24,43.3599700927734,-8.8431510925293,"Unknown"
"7014855",371852,2025-06-17 08:04:23,43.3599662780762,-8.84321308135986,"Unknown"
"7014855",371852,2025-06-17 08:09:22,43.3599700927734,-8.84318828582764,"Unknown"
"7014855",371852,2025-06-17 08:14:22,43.3599624633789,-8.84326267242432,"Unknown"
"7014855",371852,2025-06-17 08:19:22,43.3610305786133,-8.84252262115479,"Unknown"
"7014855",371852,2025-06-17 08:24:23,43.3345527648926,-8.83075046539307,"Unknown"
"7014855",371852,2025-06-17 08:29:23,43.3151969909668,-8.80379390716553,"Unknown"
"7014855",371852,2025-06-17 08:34:23,43.3006591796875,-8.76633358001709,"Unknown"
"7014855",371852,2025-06-17 08:39:23,43.2926254272461,-8.74610710144043,"Unknown"
"7014855",371852,2025-06-17 08:44:22,43.2957611083984,-8.72917652130127,"Unknown"
"7014855",371852,2025-06-17 08:49:23,43.2857322692871,-8.68514442443848,"Unknown"
"7014855",371852,2025-06-17 08:54:23,43.2720069885254,-8.65499305725098,"Unknown"
"7014855",371852,2025-06-17 08:59:23,43.2532958984375,-8.62469863891602,"Unknown"
"7014855",371852,2025-06-17 09:04:23,43.2404594421387,-8.61123561859131,"Unknown"
"7014855",371852,2025-06-17 09:09:23,43.2187232971191,-8.57715702056885,"Unknown"
"7014855",371852,2025-06-17 09:14:23,43.2027053833008,-8.54813194274902,"Unknown"
"7014855",371852,2025-06-17 09:19:25,43.1795425415039,-8.53573513031006,"Unknown"
"7014855",371852,2025-06-17 09:24:23,43.1580352783203,-8.51382064819336,"Unknown"
"7014855",371852,2025-06-17 09:29:30,43.1331443786621,-8.47469234466553,"Unknown"
"7014855",371852,2025-06-17 09:34:24,43.1303634643555,-8.4722785949707,"Unknown"
"7014855",371852,2025-06-17 09:39:30,43.1299705505371,-8.47203159332275,"Unknown"
"7014855",371852,2025-06-17 09:44:24,43.130126953125,-8.47234725952148,"Unknown"
"7014855",371852,2025-06-17 09:49:23,43.1244735717773,-8.4838342666626,"Unknown"
"7014855",371852,2025-06-17 09:54:31,43.0998611450195,-8.49708938598633,"Unknown"
"7014855",371852,2025-06-17 09:59:24,43.099666595459,-8.49709701538086,"Unknown"
"7014855",371852,2025-06-17 10:04:26,43.0997467041016,-8.49739456176758,"Unknown"
"7014855",371852,2025-06-17 10:09:24,43.0997695922852,-8.49745273590088,"Unknown"
"7014855",371852,2025-06-17 10:14:24,43.1001892089844,-8.49843120574951,"Unknown"
"7014855",371852,2025-06-17 10:19:24,43.100399017334,-8.49914169311523,"Unknown"
"7014855",371852,2025-06-17 10:24:23,43.1138496398926,-8.52201461791992,"Unknown"
"7014855",371852,2025-06-17 10:29:44,43.1233825683594,-8.53936862945557,"Unknown"
"7014855",371852,2025-06-17 10:34:24,43.1364974975586,-8.55214214324951,"Unknown"
"7014855",371852,2025-06-17 10:39:23,43.1518974304199,-8.5683422088623,"Unknown"
"7014855",371852,2025-06-17 10:44:24,43.1824073791504,-8.59391498565674,"Unknown"
"7014855",371852,2025-06-17 10:49:44,43.2079010009766,-8.63020896911621,"Unknown"
"7014855",371852,2025-06-17 10:54:23,43.2350616455078,-8.64255237579346,"Unknown"
"7014855",371852,2025-06-17 10:59:23,43.2604179382324,-8.65584564208984,"Unknown"
"7014855",371852,2025-06-17 11:04:23,43.2843856811523,-8.68476867675781,"Unknown"
"7014855",371852,2025-06-17 11:09:23,43.3028259277344,-8.71765327453613,"Unknown"
"7014855",371852,2025-06-17 11:14:29,43.3204040527344,-8.76536273956299,"Unknown"
"7014855",371852,2025-06-17 11:19:24,43.340690612793,-8.81269550323486,"Unknown"
"7014855",371852,2025-06-17 11:24:24,43.3610992431641,-8.83767223358154,"Unknown"
"7014855",371852,2025-06-17 11:29:31,43.3602180480957,-8.84271812438965,"Unknown"
"7014855",371852,2025-06-17 11:34:27,43.3598365783691,-8.84228515625,"Unknown"
"7014855",371852,2025-06-17 11:39:30,43.3596954345703,-8.84224605560303,"Unknown"
"7014855",371852,2025-06-17 11:44:53,43.3603858947754,-8.84305286407471,"Unknown"
"7014855",371852,2025-06-17 11:49:24,43.3604888916016,-8.8431921005249,"Unknown"
"7014855",371852,2025-06-17 11:54:31,43.3605194091797,-8.84264755249023,"Unknown"
"7014855",371852,2025-06-17 11:59:30,43.3602256774902,-8.84272289276123,"Unknown"
"7014855",371852,2025-06-17 12:04:33,43.3605613708496,-8.84301853179932,"Unknown"
"7014855",371852,2025-06-17 12:09:28,43.3605995178223,-8.84303951263428,"Unknown"
"7014855",371852,2025-06-17 12:14:59,43.3601112365723,-8.84297657012939,"Unknown"
"7014855",371852,2025-06-17 12:19:23,43.360237121582,-8.84319877624512,"Unknown"
"7014855",371852,2025-06-17 12:24:23,43.3600082397461,-8.84299850463867,"Unknown"
"7014855",371852,2025-06-17 12:29:23,43.3600387573242,-8.84305763244629,"Unknown"
"7014855",371852,2025-06-17 12:34:23,43.3601036071777,-8.84308052062988,"Unknown"
"7014855",371852,2025-06-17 12:39:22,43.3600845336914,-8.84307765960693,"Unknown"
"7014855",371852,2025-06-17 12:44:23,43.3600845336914,-8.8430347442627,"Unknown"
"7014855",371852,2025-06-17 12:49:23,43.3601226806641,-8.84296417236328,"Unknown"
"7014855",371852,2025-06-17 12:54:23,43.3599510192871,-8.84299468994141,"Unknown"
"7014855",371852,2025-06-17 12:59:23,43.3602294921875,-8.84299659729004,"Unknown"
"7014855",371852,2025-06-17 13:04:25,43.360107421875,-8.84302806854248,"Unknown"
"7014855",371852,2025-06-17 13:09:23,43.3600845336914,-8.8430233001709,"Unknown"
"7014855",371852,2025-06-17 13:14:24,43.3600883483887,-8.84296894073486,"Unknown"
"7014855",371852,2025-06-17 13:19:24,43.360107421875,-8.84301471710205,"Unknown"
"7014855",371852,2025-06-17 13:24:40,43.3601417541504,-8.84304237365723,"Unknown"
"7014855",371852,2025-06-17 13:29:35,43.3600769042969,-8.84297561645508,"Unknown"
"7014855",371852,2025-06-17 13:34:24,43.3599891662598,-8.84315490722656,"Unknown"
"7014855",371852,2025-06-17 13:39:24,43.3599967956543,-8.84323978424072,"Unknown"
"7014855",371852,2025-06-17 13:44:24,43.3600044250488,-8.84316253662109,"Unknown"
"7014855",371852,2025-06-17 13:49:39,43.3609008789062,-8.84399795532227,"Unknown"
"7014855",371852,2025-06-17 13:54:23,43.3621025085449,-8.84360313415527,"Unknown"
"7014855",371852,2025-06-17 13:59:27,43.3621520996094,-8.84356880187988,"Unknown"
"7014855",371852,2025-06-17 14:04:23,43.3604164123535,-8.84311962127686,"Unknown"
"7014855",371852,2025-06-17 14:09:24,43.3611145019531,-8.84309864044189,"Unknown"
"7014855",371852,2025-06-17 14:14:29,43.3603668212891,-8.84303760528564,"Unknown"
"7014855",371852,2025-06-17 14:19:29,43.3600692749023,-8.84308242797852,"Unknown"
"7014855",371852,2025-06-17 14:24:27,43.3600273132324,-8.84307384490967,"Unknown"
"7014855",371852,2025-06-17 14:29:29,43.3599395751953,-8.84298801422119,"Unknown"
"7014855",371852,2025-06-17 14:34:24,43.3598976135254,-8.84295558929443,"Unknown"
"7014855",371852,2025-06-17 14:39:24,43.359992980957,-8.84313011169434,"Unknown"
"7014855",371852,2025-06-17 14:44:35,43.3595352172852,-8.84299182891846,"Unknown"
"7014855",371852,2025-06-17 14:49:27,43.3599319458008,-8.84316730499268,"Unknown"
"7014855",371852,2025-06-17 14:54:27,43.3600654602051,-8.84310436248779,"Unknown"
"7014855",371852,2025-06-17 14:59:23,43.360424041748,-8.84266090393066,"Unknown"
"7014855",371852,2025-06-17 15:04:23,43.3378791809082,-8.83075904846191,"Unknown"
"7014855",371852,2025-06-17 15:09:23,43.3222770690918,-8.81278228759766,"Unknown"
"7014855",371852,2025-06-17 15:14:24,43.3024215698242,-8.78121948242188,"Unknown"
"7014855",371852,2025-06-17 15:19:26,43.2926063537598,-8.73734951019287,"Unknown"
"7014855",371852,2025-06-17 15:24:25,43.282657623291,-8.6954174041748,"Unknown"
"7014855",371852,2025-06-17 15:29:24,43.2707481384277,-8.65904808044434,"Unknown"
"7014855",371852,2025-06-17 15:34:25,43.2525367736816,-8.63064384460449,"Unknown"
"7014855",371852,2025-06-17 15:39:26,43.2330665588379,-8.59004878997803,"Unknown"
"7014855",371852,2025-06-17 15:44:26,43.2071075439453,-8.56665420532227,"Unknown"
"7014855",371852,2025-06-17 15:49:26,43.1805763244629,-8.55377292633057,"Unknown"
"7014855",371852,2025-06-17 15:54:44,43.1625823974609,-8.53206825256348,"Unknown"
"7014855",371852,2025-06-17 15:59:35,43.1390724182129,-8.49339008331299,"Unknown"
"7014855",371852,2025-06-17 16:04:24,43.1302452087402,-8.47212791442871,"Unknown"
"7014855",371852,2025-06-17 16:09:27,43.130256652832,-8.47199821472168,"Unknown"
"7014855",371852,2025-06-17 16:14:24,43.1257095336914,-8.48169612884521,"Unknown"
"7014855",371852,2025-06-17 16:19:37,43.0984153747559,-8.49547576904297,"Unknown"
"7014855",371852,2025-06-17 16:24:26,43.0982780456543,-8.49510765075684,"Unknown"
"7014855",371852,2025-06-17 16:29:28,43.0983085632324,-8.49502468109131,"Unknown"
"7014855",371852,2025-06-17 16:34:59,43.0979385375977,-8.49538898468018,"Unknown"
"7014855",371852,2025-06-17 16:39:24,43.0978469848633,-8.49583148956299,"Unknown"
"7014855",371852,2025-06-17 16:44:24,43.109073638916,-8.51423072814941,"Unknown"
"7014855",371852,2025-06-17 16:49:25,43.1307029724121,-8.54219722747803,"Unknown"
"7014855",371852,2025-06-17 16:54:26,43.1331405639648,-8.55288600921631,"Unknown"
"7014855",371852,2025-06-17 16:59:25,43.1529655456543,-8.57977962493896,"Unknown"
"7014855",371852,2025-06-17 17:04:25,43.1850357055664,-8.59032344818115,"Unknown"
"7014855",371852,2025-06-17 17:09:28,43.211540222168,-8.61645984649658,"Unknown"
"7014855",371852,2025-06-17 17:14:26,43.2301025390625,-8.62839031219482,"Unknown"
"7014855",371852,2025-06-17 17:19:25,43.2373046875,-8.62073516845703,"Unknown"
"7014855",371852,2025-06-17 17:24:26,43.2588119506836,-8.64052867889404,"Unknown"
"7014855",371852,2025-06-17 17:29:24,43.2836990356445,-8.66541004180908,"Unknown"
"7014855",371852,2025-06-17 17:34:28,43.3026847839355,-8.7027473449707,"Unknown"
"7014855",371852,2025-06-17 17:39:25,43.316593170166,-8.74200439453125,"Unknown"
"7014855",371852,2025-06-17 17:44:26,43.3317413330078,-8.78024101257324,"Unknown"
"7014855",371852,2025-06-17 17:49:26,43.350471496582,-8.82116413116455,"Unknown"
"7014855",371852,2025-06-17 17:54:50,43.3603401184082,-8.84364604949951,"Unknown"
"7014855",371852,2025-06-17 17:59:28,43.3603324890137,-8.84353542327881,"Unknown"
"7014855",371852,2025-06-17 18:04:44,43.3599281311035,-8.84309577941895,"Unknown"
"7014855",371852,2025-06-17 18:09:28,43.3600044250488,-8.84315395355225,"Unknown"
"7014855",371852,2025-06-17 18:14:26,43.3601264953613,-8.84342575073242,"Unknown"
"7014855",371852,2025-06-17 18:19:36,43.3599319458008,-8.84306049346924,"Unknown"
"7014855",371852,2025-06-17 18:24:29,43.3598327636719,-8.8428955078125,"Unknown"
"7014855",371852,2025-06-17 18:29:59,43.3599700927734,-8.84322643280029,"Unknown"
"7014855",371852,2025-06-17 18:34:25,43.3599281311035,-8.84317398071289,"Unknown"
"7014855",371852,2025-06-17 18:39:24,43.3599891662598,-8.84304618835449,"Unknown"
"7014855",371852,2025-06-17 18:44:30,43.3600311279297,-8.84312725067139,"Unknown"
"7014855",371852,2025-06-17 18:49:27,43.3600692749023,-8.84330368041992,"Unknown"
"7014855",371852,2025-06-17 18:54:27,43.3602104187012,-8.84311294555664,"Unknown"
"7014855",371852,2025-06-17 18:59:30,43.3603324890137,-8.84346199035645,"Unknown"
"7014855",371852,2025-06-17 19:04:27,43.3601493835449,-8.84319877624512,"Unknown"
"7014855",371852,2025-06-17 19:09:31,43.3602333068848,-8.84315204620361,"Unknown"
"7014855",371852,2025-06-17 19:14:34,43.3600997924805,-8.84312534332275,"Unknown"
"7014855",371852,2025-06-17 19:19:26,43.3601226806641,-8.84319686889648,"Unknown"
"7014855",371852,2025-06-17 19:24:29,43.3601036071777,-8.84325885772705,"Unknown"
"7014855",371852,2025-06-17 19:29:44,43.3600006103516,-8.84330368041992,"Unknown"
"7014855",371852,2025-06-17 19:34:26,43.3601112365723,-8.84313583374023,"Unknown"
"7014855",371852,2025-06-17 19:39:27,43.3600959777832,-8.84314155578613,"Unknown"
"7014855",371852,2025-06-17 19:44:26,43.3601036071777,-8.84317493438721,"Unknown"
"7014855",371852,2025-06-17 19:49:28,43.3601188659668,-8.84309673309326,"Unknown"
"7014855",371852,2025-06-17 19:54:27,43.3601303100586,-8.84312915802002,"Unknown"
"7014855",371852,2025-06-17 19:59:27,43.3601684570312,-8.84317588806152,"Unknown"
"7014855",371852,2025-06-17 20:04:39,43.3601036071777,-8.84313488006592,"Unknown"
"7014855",371852,2025-06-17 20:09:33,43.3600463867188,-8.84320259094238,"Unknown"
"7014855",371852,2025-06-17 20:14:27,43.360050201416,-8.84309864044189,"Unknown"
"7014855",371852,2025-06-17 20:19:59,43.360107421875,-8.84315299987793,"Unknown"
"7014855",371852,2025-06-17 20:24:27,43.3600311279297,-8.84307289123535,"Unknown"
"7014855",371852,2025-06-17 20:29:26,43.3600578308105,-8.84326076507568,"Unknown"
"7014855",371852,2025-06-17 20:34:26,43.3600234985352,-8.84321403503418,"Unknown"
"7014855",371852,2025-06-17 20:39:55,43.3616752624512,-8.84426403045654,"Unknown"
"7014855",371852,2025-06-17 20:44:30,43.3605804443359,-8.84776020050049,"Unknown"
"7014855",371852,2025-06-17 20:49:26,43.3613662719727,-8.84233856201172,"Unknown"
"7014855",371852,2025-06-17 20:54:30,43.3598747253418,-8.84343910217285,"Unknown"
"7014855",371852,2025-06-17 20:59:27,43.3607635498047,-8.84340381622314,"Unknown"
"7014855",371852,2025-06-17 21:04:37,43.3607597351074,-8.84335708618164,"Unknown"
"7014855",371852,2025-06-17 21:09:28,43.3605613708496,-8.84333419799805,"Unknown"
"7014855",371852,2025-06-17 21:14:45,43.3606262207031,-8.84310245513916,"Unknown"
"7014855",371852,2025-06-17 21:19:33,43.3605041503906,-8.8430347442627,"Unknown"
"7014855",371852,2025-06-17 21:24:35,43.3608512878418,-8.84346008300781,"Unknown"
"7014855",371852,2025-06-17 21:29:29,43.3606338500977,-8.84314918518066,"Unknown"
"7014855",371852,2025-06-17 21:34:33,43.360652923584,-8.84315299987793,"Unknown"
"7014855",371852,2025-06-17 21:39:29,43.3606224060059,-8.84330177307129,"Unknown"
"7014855",371852,2025-06-17 21:44:31,43.3607635498047,-8.84336948394775,"Unknown"
"7014855",371852,2025-06-17 21:49:38,43.3607406616211,-8.84334754943848,"Unknown"
"7014855",371852,2025-06-17 21:54:30,43.3602638244629,-8.84200668334961,"Unknown"
"7014855",371852,2025-06-17 22:00:14,43.3605842590332,-8.84288311004639,"Unknown"
"7014855",371852,2025-06-17 22:04:27,43.3607635498047,-8.84293937683105,"Unknown"
"7014855",371852,2025-06-17 22:09:27,43.360481262207,-8.84281349182129,"Unknown"
"7014855",371852,2025-06-17 22:14:27,43.360710144043,-8.84287738800049,"Unknown"
"7014855",371852,2025-06-17 22:19:27,43.3606758117676,-8.84300422668457,"Unknown"
"7014855",371852,2025-06-17 22:24:28,43.3605537414551,-8.84276103973389,"Unknown"
"7014855",371852,2025-06-17 22:29:27,43.3606224060059,-8.84283924102783,"Unknown"
"7014855",371852,2025-06-17 22:34:27,43.3606109619141,-8.84307670593262,"Unknown"
"7014855",371852,2025-06-17 22:39:28,43.3605880737305,-8.84279346466064,"Unknown"
"7014855",371852,2025-06-17 22:44:29,43.3606719970703,-8.84298992156982,"Unknown"
"7014855",371852,2025-06-17 22:49:44,43.3607292175293,-8.84286117553711,"Unknown"
"7014855",371852,2025-06-17 22:54:31,43.3606719970703,-8.842698097229,"Unknown"
"7014855",371852,2025-06-17 22:59:30,43.3609848022461,-8.84300422668457,"Unknown"
"7014855",371852,2025-06-17 23:04:27,43.3607864379883,-8.84298706054688,"Unknown"
"7014855",371852,2025-06-17 23:09:27,43.3607940673828,-8.84305953979492,"Unknown"
"7014855",371852,2025-06-17 23:14:29,43.3608322143555,-8.84301376342773,"Unknown"
"7014855",371852,2025-06-17 23:19:35,43.3608322143555,-8.84302234649658,"Unknown"
"7014855",371852,2025-06-17 23:24:30,43.360652923584,-8.84279537200928,"Unknown"
"7014855",371852,2025-06-17 23:29:29,43.3605194091797,-8.84297370910645,"Unknown"
"7014855",371852,2025-06-17 23:34:31,43.3608016967773,-8.84310817718506,"Unknown"
"7014855",371852,2025-06-17 23:39:29,43.3605804443359,-8.84330654144287,"Unknown"
"7014855",371852,2025-06-17 23:44:44,43.3608436584473,-8.84340953826904,"Unknown"
"7014855",371852,2025-06-17 23:49:34,43.3608093261719,-8.84345054626465,"Unknown"
"7014855",371852,2025-06-17 23:54:26,43.360408782959,-8.843186378479,"Unknown"
"7014855",371852,2025-06-17 23:59:28,43.3607978820801,-8.84343433380127,"Unknown"
"7014855",371852,2025-06-18 00:04:59,43.3598403930664,-8.84315204620361,"Unknown"
"7014855",371852,2025-06-18 00:09:25,43.3597679138184,-8.84307956695557,"Unknown"
"7014855",371852,2025-06-18 00:14:27,43.3599510192871,-8.84286499023438,"Unknown"
"7014855",371852,2025-06-18 00:19:25,43.3599090576172,-8.84292125701904,"Unknown"
"7014855",371852,2025-06-18 00:24:29,43.3610305786133,-8.83319759368896,"Unknown"
"7014855",371852,2025-06-18 00:29:33,43.3610038757324,-8.83371639251709,"Unknown"
"7014855",371852,2025-06-18 00:34:26,43.361442565918,-8.8333625793457,"Unknown"
"7014855",371852,2025-06-18 00:39:29,43.3610153198242,-8.83373355865479,"Unknown"
"7014855",371852,2025-06-18 00:44:46,43.3611030578613,-8.83382701873779,"Unknown"
"7014855",371852,2025-06-18 00:49:59,43.3610458374023,-8.83376026153564,"Unknown"
"7014855",371852,2025-06-18 00:54:44,43.3609924316406,-8.83375930786133,"Unknown"
"7014855",371852,2025-06-18 00:59:25,43.361011505127,-8.8338098526001,"Unknown"
"7014855",371852,2025-06-18 01:04:26,43.3610076904297,-8.83386325836182,"Unknown"
"7014855",371852,2025-06-18 01:09:33,43.3610916137695,-8.83380126953125,"Unknown"
"7014855",371852,2025-06-18 01:14:25,43.3609733581543,-8.83386898040771,"Unknown"
"7014855",371852,2025-06-18 01:19:30,43.3610534667969,-8.83379459381104,"Unknown"
"7014855",371852,2025-06-18 01:24:34,43.3610420227051,-8.83378887176514,"Unknown"
"7014855",371852,2025-06-18 01:29:26,43.3611297607422,-8.83383941650391,"Unknown"
"7014855",371852,2025-06-18 01:34:28,43.3609237670898,-8.83384609222412,"Unknown"
"7014855",371852,2025-06-18 01:39:26,43.3610076904297,-8.83384704589844,"Unknown"
"7014855",371852,2025-06-18 01:44:26,43.3611221313477,-8.83381366729736,"Unknown"
"7014855",371852,2025-06-18 01:49:42,43.3613243103027,-8.83381652832031,"Unknown"
"7014855",371852,2025-06-18 01:54:59,43.3613357543945,-8.83382034301758,"Unknown"
"7014855",371852,2025-06-18 01:59:27,43.3611946105957,-8.83383941650391,"Unknown"
"7014855",371852,2025-06-18 02:04:28,43.3613090515137,-8.83381748199463,"Unknown"
"7014855",371852,2025-06-18 02:09:36,43.361400604248,-8.83373069763184,"Unknown"
"7014855",371852,2025-06-18 02:14:36,43.3614463806152,-8.83376789093018,"Unknown"
"7014855",371852,2025-06-18 02:19:28,43.3614273071289,-8.83377265930176,"Unknown"
"7014855",371852,2025-06-18 02:24:27,43.3614196777344,-8.83377647399902,"Unknown"
"7014855",371852,2025-06-18 02:29:28,43.3612976074219,-8.8337574005127,"Unknown"
"7014855",371852,2025-06-18 02:34:26,43.3614196777344,-8.83357524871826,"Unknown"
"7014855",371852,2025-06-18 02:39:28,43.3610877990723,-8.83374214172363,"Unknown"
"7014855",371852,2025-06-18 02:44:36,43.3615455627441,-8.83371639251709,"Unknown"
"7014855",371852,2025-06-18 02:49:59,43.3611755371094,-8.83375835418701,"Unknown"
"7014855",371852,2025-06-18 02:54:25,43.3611526489258,-8.83380031585693,"Unknown"
"7014855",371852,2025-06-18 02:59:29,43.3613548278809,-8.83394050598145,"Unknown"
"7014855",371852,2025-06-18 03:04:33,43.3610610961914,-8.83377933502197,"Unknown"
"7014855",371852,2025-06-18 03:09:26,43.3611183166504,-8.83389282226562,"Unknown"
"7014855",371852,2025-06-18 03:14:27,43.3612327575684,-8.83391857147217,"Unknown"
"7014855",371852,2025-06-18 03:19:35,43.3610649108887,-8.83379936218262,"Unknown"
"7014855",371852,2025-06-18 03:24:30,43.3607406616211,-8.83347225189209,"Unknown"
"7014855",371852,2025-06-18 03:29:34,43.3611068725586,-8.83375644683838,"Unknown"
"7014855",371852,2025-06-18 03:34:27,43.3613090515137,-8.83395481109619,"Unknown"
"7014855",371852,2025-06-18 03:39:28,43.3612594604492,-8.83396053314209,"Unknown"
"7014855",371852,2025-06-18 03:44:26,43.3609771728516,-8.83371353149414,"Unknown"
"7014855",371852,2025-06-18 03:49:26,43.361083984375,-8.83376979827881,"Unknown"
"7014855",371852,2025-06-18 03:54:28,43.3610877990723,-8.8337230682373,"Unknown"
"7014855",371852,2025-06-18 03:59:28,43.3615074157715,-8.83385848999023,"Unknown"
"7014855",371852,2025-06-18 04:04:34,43.3612937927246,-8.83392906188965,"Unknown"
"7014855",371852,2025-06-18 04:09:32,43.3611831665039,-8.8337869644165,"Unknown"
"7014855",371852,2025-06-18 04:14:29,43.3611221313477,-8.83394432067871,"Unknown"
"7014855",371852,2025-06-18 04:19:31,43.361400604248,-8.83348751068115,"Unknown"
"7014855",371852,2025-06-18 04:24:34,43.3612594604492,-8.83373355865479,"Unknown"
"7014855",371852,2025-06-18 04:30:01,43.3621864318848,-8.84357261657715,"Unknown"
"7014855",371852,2025-06-18 04:34:38,43.3602066040039,-8.84306240081787,"Unknown"
"7014855",371852,2025-06-18 04:39:35,43.3602447509766,-8.84313106536865,"Unknown"
"7014855",371852,2025-06-18 04:44:38,43.3599319458008,-8.84313297271729,"Unknown"
"7014855",371852,2025-06-18 04:49:38,43.3598098754883,-8.84318923950195,"Unknown"
"7014855",371852,2025-06-18 04:54:41,43.3601417541504,-8.84319591522217,"Unknown"
"7014855",371852,2025-06-18 04:59:40,43.360107421875,-8.84326934814453,"Unknown"
"7014855",371852,2025-06-18 05:04:27,43.3601112365723,-8.84326457977295,"Unknown"
"7014855",371852,2025-06-18 05:09:30,43.3601379394531,-8.8432445526123,"Unknown"
"7014855",371852,2025-06-18 05:14:38,43.3599395751953,-8.84274482727051,"Unknown"
"7014855",371852,2025-06-18 05:19:37,43.3610229492188,-8.84396553039551,"Unknown"
"7014855",371852,2025-06-18 05:24:31,43.3593254089355,-8.84174251556396,"Unknown"
"7014855",371852,2025-06-18 05:29:37,43.3592338562012,-8.84173393249512,"Unknown"
"7014855",371852,2025-06-18 05:34:31,43.3601760864258,-8.84298038482666,"Unknown"
"7014855",371852,2025-06-18 05:39:31,43.3602561950684,-8.84341049194336,"Unknown"
"7014855",371852,2025-06-18 05:44:38,43.3604316711426,-8.84327507019043,"Unknown"
"7014855",371852,2025-06-18 05:49:59,43.3601493835449,-8.84305667877197,"Unknown"
"7014855",371852,2025-06-18 05:54:27,43.3599739074707,-8.84266948699951,"Unknown"
"7014855",371852,2025-06-18 06:00:36,43.3601188659668,-8.84913730621338,"Unknown"
"7014855",371852,2025-06-18 06:04:26,43.3604431152344,-8.84397602081299,"Unknown"
"7014855",371852,2025-06-18 06:09:30,43.3608932495117,-8.84476470947266,"Unknown"
"7014855",371852,2025-06-18 06:14:30,43.3600387573242,-8.84306716918945,"Unknown"
"7014855",371852,2025-06-18 06:19:30,43.3600807189941,-8.84322357177734,"Unknown"
"7014855",371852,2025-06-18 06:24:34,43.3600196838379,-8.84311389923096,"Unknown"
"7014855",371852,2025-06-18 06:29:28,43.3600387573242,-8.84317970275879,"Unknown"
"7014855",371852,2025-06-18 06:34:30,43.3600006103516,-8.84324169158936,"Unknown"
"7014855",371852,2025-06-18 06:39:59,43.3599472045898,-8.8432035446167,"Unknown"
"7014855",371852,2025-06-18 06:44:37,43.3600769042969,-8.84332180023193,"Unknown"
"7014855",371852,2025-06-18 06:49:29,43.3600120544434,-8.84337043762207,"Unknown"
"7014855",371852,2025-06-18 06:54:28,43.3600692749023,-8.84334945678711,"Unknown"
"7014855",371852,2025-06-18 06:59:27,43.3601226806641,-8.84344387054443,"Unknown"
"7014855",371852,2025-06-18 07:04:30,43.3601531982422,-8.84324741363525,"Unknown"
"7014855",371852,2025-06-18 07:09:59,43.3599700927734,-8.84327602386475,"Unknown"
"7014855",371852,2025-06-18 07:14:27,43.3599014282227,-8.8430347442627,"Unknown"
"7014855",371852,2025-06-18 07:19:31,43.3600769042969,-8.8432149887085,"Unknown"
"7014855",371852,2025-06-18 07:24:32,43.3600425720215,-8.84298038482666,"Unknown"
"7014855",371852,2025-06-18 07:29:31,43.3599700927734,-8.84299182891846,"Unknown"
"7014855",371852,2025-06-18 07:34:30,43.3599739074707,-8.84312725067139,"Unknown"
"7014855",371852,2025-06-18 07:39:29,43.3600158691406,-8.84300899505615,"Unknown"
"7014855",371852,2025-06-18 07:44:29,43.3599433898926,-8.84295558929443,"Unknown"
"7014855",371852,2025-06-18 07:49:28,43.3596649169922,-8.84327983856201,"Unknown"
"7014855",371852,2025-06-18 07:54:59,43.3598670959473,-8.84311580657959,"Unknown"
"7014855",371852,2025-06-18 07:59:27,43.3599739074707,-8.84298992156982,"Unknown"
"7014855",371852,2025-06-18 08:04:26,43.3599433898926,-8.84332275390625,"Unknown"
"7014855",371852,2025-06-18 08:09:26,43.359935760498,-8.84306621551514,"Unknown"
"7014855",371852,2025-06-18 08:14:27,43.3599548339844,-8.84323978424072,"Unknown"
"7014855",371852,2025-06-18 08:19:31,43.3599472045898,-8.8431453704834,"Unknown"
"7014855",371852,2025-06-18 08:24:29,43.3599395751953,-8.84313201904297,"Unknown"
"7014855",371852,2025-06-18 08:29:26,43.3598785400391,-8.84323024749756,"Unknown"
"7014855",371852,2025-06-18 08:34:28,43.359806060791,-8.84328460693359,"Unknown"
"7014855",371852,2025-06-18 08:39:27,43.3599700927734,-8.84305763244629,"Unknown"
"7014855",371852,2025-06-18 08:44:28,43.3599662780762,-8.84311294555664,"Unknown"
"7014855",371852,2025-06-18 08:49:28,43.3599891662598,-8.84298896789551,"Unknown"
"7014855",371852,2025-06-18 08:54:26,43.3599319458008,-8.84302139282227,"Unknown"
"7014855",371852,2025-06-18 08:59:27,43.3598899841309,-8.84305286407471,"Unknown"
"7014855",371852,2025-06-18 09:04:27,43.3599090576172,-8.84307861328125,"Unknown"
"7014855",371852,2025-06-18 09:09:28,43.359977722168,-8.84309482574463,"Unknown"
"7014855",371852,2025-06-18 09:14:28,43.3599128723145,-8.84316158294678,"Unknown"
"7014855",371852,2025-06-18 09:19:28,43.3599739074707,-8.84311962127686,"Unknown"
"7014855",371852,2025-06-18 09:24:29,43.3599052429199,-8.84308815002441,"Unknown"
"7014855",371852,2025-06-18 09:29:27,43.3599815368652,-8.84312438964844,"Unknown"
"7014855",371852,2025-06-18 09:34:29,43.3599319458008,-8.8431396484375,"Unknown"
"7014855",371852,2025-06-18 09:40:05,43.3599281311035,-8.84298706054688,"Unknown"
"7014855",371852,2025-06-18 09:44:28,43.3600730895996,-8.84302711486816,"Unknown"
"7014855",371852,2025-06-18 09:49:26,43.3600120544434,-8.843092918396,"Unknown"
"7014855",371852,2025-06-18 09:54:27,43.3599395751953,-8.84318828582764,"Unknown"
"7014855",371852,2025-06-18 09:59:37,43.3599090576172,-8.84315204620361,"Unknown"
"7014855",371852,2025-06-18 10:04:28,43.3601226806641,-8.84329319000244,"Unknown"
"7014855",371852,2025-06-18 10:09:27,43.3598480224609,-8.84311294555664,"Unknown"
"7014855",371852,2025-06-18 10:14:27,43.3599510192871,-8.84309577941895,"Unknown"
"7014855",371852,2025-06-18 10:19:32,43.359977722168,-8.84311103820801,"Unknown"
"7014855",371852,2025-06-18 10:24:35,43.3599128723145,-8.84292411804199,"Unknown"
"7014855",371852,2025-06-18 10:29:29,43.3599128723145,-8.84362983703613,"Unknown"
"7014855",371852,2025-06-18 10:34:30,43.3599586486816,-8.84320068359375,"Unknown"
"7014855",371852,2025-06-18 10:39:27,43.3598442077637,-8.84279346466064,"Unknown"
"7014855",371852,2025-06-18 10:44:29,43.3600006103516,-8.84298419952393,"Unknown"
"7014855",371852,2025-06-18 10:49:29,43.3598442077637,-8.84228897094727,"Unknown"
"7014855",371852,2025-06-18 10:54:29,43.3596992492676,-8.84419345855713,"Unknown"
"7014855",371852,2025-06-18 10:59:28,43.3593711853027,-8.84282970428467,"Unknown"
"7014855",371852,2025-06-18 11:04:29,43.3593902587891,-8.8420524597168,"Unknown"
"7014855",371852,2025-06-18 11:09:28,43.3594970703125,-8.84208488464355,"Unknown"
"7014855",371852,2025-06-18 11:14:28,43.3594665527344,-8.84223747253418,"Unknown"
"7014855",371852,2025-06-18 11:19:35,43.3599052429199,-8.84313869476318,"Unknown"
"7014855",371852,2025-06-18 11:24:28,43.3541374206543,-8.8347692489624,"Unknown"
"7014855",371852,2025-06-18 11:29:28,43.3213691711426,-8.84136962890625,"Unknown"
"7014855",371852,2025-06-18 11:34:36,43.3132286071777,-8.84132957458496,"Unknown"
"7014855",371852,2025-06-18 11:39:30,43.3141212463379,-8.84178161621094,"Unknown"
"7014855",371852,2025-06-18 11:44:30,43.3134880065918,-8.8434362411499,"Unknown"
"7014855",371852,2025-06-18 11:49:31,43.3137283325195,-8.84300804138184,"Unknown"
"7014855",371852,2025-06-18 11:54:29,43.3134918212891,-8.84344673156738,"Unknown"
"7014855",371852,2025-06-18 11:59:31,43.3135185241699,-8.84344673156738,"Unknown"
"7014855",371852,2025-06-18 12:04:36,43.3141250610352,-8.84328460693359,"Unknown"
"7014855",371852,2025-06-18 12:09:35,43.3142547607422,-8.84349346160889,"Unknown"
"7014855",371852,2025-06-18 12:14:28,43.3145904541016,-8.85706233978271,"Unknown"
"7014855",371852,2025-06-18 12:19:27,43.3159828186035,-8.85679149627686,"Unknown"
"7014855",371852,2025-06-18 12:24:30,43.3405838012695,-8.84395599365234,"Unknown"
"7014855",371852,2025-06-18 12:29:27,43.3542251586914,-8.83910083770752,"Unknown"
"7014855",371852,2025-06-18 12:34:27,43.3602294921875,-8.84302139282227,"Unknown"
"7014855",371852,2025-06-18 12:39:30,43.3597412109375,-8.84313488006592,"Unknown"
"7014855",371852,2025-06-18 12:44:29,43.3598861694336,-8.84328746795654,"Unknown"
"7014855",371852,2025-06-18 12:49:28,43.359977722168,-8.84324550628662,"Unknown"
"7014855",371852,2025-06-18 12:54:36,43.3598480224609,-8.84312057495117,"Unknown"
"7014855",371852,2025-06-18 12:59:28,43.359432220459,-8.84306049346924,"Unknown"
"7014855",371852,2025-06-18 13:04:28,43.3593978881836,-8.84328556060791,"Unknown"
"7014855",371852,2025-06-18 13:09:34,43.3597717285156,-8.84314060211182,"Unknown"
"7014855",371852,2025-06-18 13:14:30,43.3598594665527,-8.84313297271729,"Unknown"
"7014855",371852,2025-06-18 13:19:36,43.3596992492676,-8.84315490722656,"Unknown"
"7014855",371852,2025-06-18 13:24:33,43.3600540161133,-8.84301280975342,"Unknown"
"7014855",371852,2025-06-18 13:29:27,43.3595809936523,-8.84309482574463,"Unknown"
"7014855",371852,2025-06-18 13:34:31,43.3600921630859,-8.84308433532715,"Unknown"
"7014855",371852,2025-06-18 13:39:34,43.3599891662598,-8.84307956695557,"Unknown"
"7014855",371852,2025-06-18 13:44:32,43.3600273132324,-8.84313678741455,"Unknown"
"7014855",371852,2025-06-18 13:49:27,43.3610343933105,-8.84211540222168,"Unknown"
"7014855",371852,2025-06-18 13:54:29,43.3601722717285,-8.84266948699951,"Unknown"
"7014855",371852,2025-06-18 13:59:35,43.3600311279297,-8.84278297424316,"Unknown"
"7014855",371852,2025-06-18 14:04:34,43.3601951599121,-8.8428430557251,"Unknown"
"7014855",371852,2025-06-18 14:09:34,43.3601531982422,-8.8429012298584,"Unknown"
"7014855",371852,2025-06-18 14:14:29,43.3601531982422,-8.84295749664307,"Unknown"
"7014855",371852,2025-06-18 14:19:28,43.3602485656738,-8.84280490875244,"Unknown"
"7014855",371852,2025-06-18 14:24:28,43.3604011535645,-8.84654998779297,"Unknown"
"7014855",371852,2025-06-18 14:29:28,43.3270301818848,-8.84806632995605,"Unknown"
"7014855",371852,2025-06-18 14:34:28,43.3112144470215,-8.83416271209717,"Unknown"
"7014855",371852,2025-06-18 14:39:33,43.297191619873,-8.80690288543701,"Unknown"
"7014855",371852,2025-06-18 14:44:33,43.2947883605957,-8.79677104949951,"Unknown"
"7014855",371852,2025-06-18 14:49:31,43.2947731018066,-8.79710865020752,"Unknown"
"7014855",371852,2025-06-18 14:54:28,43.3027305603027,-8.7748327255249,"Unknown"
"7014855",371852,2025-06-18 14:59:29,43.3065910339355,-8.74850654602051,"Unknown"
"7014855",371852,2025-06-18 15:04:32,43.3063011169434,-8.74862575531006,"Unknown"
"7014855",371852,2025-06-18 15:09:45,43.2963409423828,-8.75081825256348,"Unknown"
"7014855",371852,2025-06-18 15:14:34,43.296703338623,-8.75093364715576,"Unknown"
"7014855",371852,2025-06-18 15:19:32,43.296703338623,-8.75081729888916,"Unknown"
"7014855",371852,2025-06-18 15:24:29,43.2976226806641,-8.75202560424805,"Unknown"
"7014855",371852,2025-06-18 15:29:30,43.2961807250977,-8.74687194824219,"Unknown"
"7014855",371852,2025-06-18 15:34:28,43.295352935791,-8.74930191040039,"Unknown"
"7014855",371852,2025-06-18 15:39:31,43.2952995300293,-8.74876880645752,"Unknown"
"7014855",371852,2025-06-18 15:44:30,43.2950057983398,-8.7492151260376,"Unknown"
"7014855",371852,2025-06-18 15:49:33,43.2955589294434,-8.74887084960938,"Unknown"
"7014855",371852,2025-06-18 15:54:29,43.2954788208008,-8.74895286560059,"Unknown"
"7014855",371852,2025-06-18 15:59:40,43.2960357666016,-8.74959850311279,"Unknown"
"7014855",371852,2025-06-18 16:04:30,43.2964973449707,-8.74894618988037,"Unknown"
"7014855",371852,2025-06-18 16:09:48,43.2966194152832,-8.75076293945312,"Unknown"
"7014855",371852,2025-06-18 16:14:30,43.3018379211426,-8.76347160339355,"Unknown"
"7014855",371852,2025-06-18 16:19:28,43.3202247619629,-8.79465866088867,"Unknown"
"7014855",371852,2025-06-18 16:24:28,43.3413887023926,-8.82080364227295,"Unknown"
"7014855",371852,2025-06-18 16:29:28,43.3615379333496,-8.83898735046387,"Unknown"
"7014855",371852,2025-06-18 16:34:28,43.359992980957,-8.84309959411621,"Unknown"
"7014855",371852,2025-06-18 16:39:30,43.3601264953613,-8.84282112121582,"Unknown"
"7014855",371852,2025-06-18 16:44:30,43.360164642334,-8.84286785125732,"Unknown"
"7014855",371852,2025-06-18 16:49:28,43.360179901123,-8.84295558929443,"Unknown"
"7014855",371852,2025-06-18 16:54:29,43.3600730895996,-8.84298324584961,"Unknown"
"7014855",371852,2025-06-18 16:59:32,43.3602066040039,-8.84309005737305,"Unknown"
"7014855",371852,2025-06-18 17:04:32,43.3602180480957,-8.84320259094238,"Unknown"
"7014855",371852,2025-06-18 17:09:32,43.3601264953613,-8.84305477142334,"Unknown"
"7014855",371852,2025-06-18 17:14:28,43.3601379394531,-8.84325695037842,"Unknown"
"7014855",371852,2025-06-18 17:19:28,43.3601837158203,-8.84330654144287,"Unknown"
"7014855",371852,2025-06-18 17:24:30,43.360279083252,-8.84326457977295,"Unknown"
"7014855",371852,2025-06-18 17:29:33,43.3601989746094,-8.84332656860352,"Unknown"
"7014855",371852,2025-06-18 17:34:29,43.3602600097656,-8.84323883056641,"Unknown"
"7014855",371852,2025-06-18 17:39:28,43.3601150512695,-8.84308624267578,"Unknown"
"7014855",371852,2025-06-18 17:44:31,43.3601150512695,-8.84307098388672,"Unknown"
"7014855",371852,2025-06-18 17:49:35,43.3601341247559,-8.8430290222168,"Unknown"
"7014855",371852,2025-06-18 17:54:28,43.3602066040039,-8.84313297271729,"Unknown"
"7014855",371852,2025-06-18 17:59:28,43.3603897094727,-8.84318542480469,"Unknown"
"7014855",371852,2025-06-18 18:04:28,43.3601264953613,-8.84292793273926,"Unknown"
"7014855",371852,2025-06-18 18:09:28,43.3602104187012,-8.84311008453369,"Unknown"
"7014855",371852,2025-06-18 18:14:29,43.360538482666,-8.84335517883301,"Unknown"
"7014855",371852,2025-06-18 18:19:29,43.3604049682617,-8.84342384338379,"Unknown"
"7014855",371852,2025-06-18 18:24:29,43.3606452941895,-8.84326267242432,"Unknown"
"7014855",371852,2025-06-18 18:29:28,43.3604393005371,-8.8433313369751,"Unknown"
"7014855",371852,2025-06-18 18:34:31,43.3602981567383,-8.84309864044189,"Unknown"
"7014855",371852,2025-06-18 18:39:29,43.3606033325195,-8.84337329864502,"Unknown"
"7014855",371852,2025-06-18 18:44:28,43.3605079650879,-8.84350967407227,"Unknown"
"7014855",371852,2025-06-18 18:49:28,43.3605918884277,-8.8432674407959,"Unknown"
"7014855",371852,2025-06-18 18:54:30,43.3604354858398,-8.84353542327881,"Unknown"
"7014855",371852,2025-06-18 18:59:28,43.3604125976562,-8.84360790252686,"Unknown"
"7014855",371852,2025-06-18 19:04:28,43.3604583740234,-8.84349918365479,"Unknown"
"7014855",371852,2025-06-18 19:09:28,43.3601379394531,-8.84330749511719,"Unknown"
"7014855",371852,2025-06-18 19:14:28,43.3603668212891,-8.84357070922852,"Unknown"
"7014855",371852,2025-06-18 19:19:33,43.3601989746094,-8.84334373474121,"Unknown"
"7014855",371852,2025-06-18 19:24:30,43.3603019714355,-8.84342098236084,"Unknown"
"7014855",371852,2025-06-18 19:29:28,43.3603515625,-8.84339904785156,"Unknown"
"7014855",371852,2025-06-18 19:34:33,43.360237121582,-8.84346580505371,"Unknown"
"7014855",371852,2025-06-18 19:39:28,43.3603134155273,-8.84343814849854,"Unknown"
"7014855",371852,2025-06-18 19:44:31,43.3603477478027,-8.84369659423828,"Unknown"
"7014855",371852,2025-06-18 19:49:29,43.3602867126465,-8.84319400787354,"Unknown"
"7014855",371852,2025-06-18 19:54:29,43.3605804443359,-8.84296321868896,"Unknown"
"7014855",371852,2025-06-18 19:59:31,43.360179901123,-8.84319972991943,"Unknown"
"7014855",371852,2025-06-18 20:04:33,43.3602447509766,-8.84341907501221,"Unknown"
"7014855",371852,2025-06-18 20:09:30,43.3601417541504,-8.84326839447021,"Unknown"
"7014855",371852,2025-06-18 20:14:41,43.3588523864746,-8.83825397491455,"Unknown"
"7014855",371852,2025-06-18 20:19:33,43.3601951599121,-8.84342384338379,"Unknown"
"7014855",371852,2025-06-18 20:24:29,43.3608589172363,-8.84352970123291,"Unknown"
"7014855",371852,2025-06-18 20:29:28,43.3606948852539,-8.8436450958252,"Unknown"
"7014855",371852,2025-06-18 20:34:30,43.3604850769043,-8.84370994567871,"Unknown"
"7014855",371852,2025-06-18 20:39:33,43.3601112365723,-8.84285640716553,"Unknown"
"7014855",371852,2025-06-18 20:44:28,43.3602333068848,-8.84314250946045,"Unknown"
"7014855",371852,2025-06-18 20:49:44,43.3599853515625,-8.84299659729004,"Unknown"
"7014855",371852,2025-06-18 20:54:35,43.3599853515625,-8.84298515319824,"Unknown"
"7014855",371852,2025-06-18 20:59:36,43.3599853515625,-8.84317016601562,"Unknown"
"7014855",371852,2025-06-18 21:04:36,43.3601341247559,-8.84296798706055,"Unknown"
"7014855",371852,2025-06-18 21:09:36,43.3601493835449,-8.84292125701904,"Unknown"
"7014855",371852,2025-06-18 21:14:36,43.3601226806641,-8.8428840637207,"Unknown"
"7014855",371852,2025-06-18 21:19:38,43.3602027893066,-8.84296131134033,"Unknown"
"7014855",371852,2025-06-18 21:24:59,43.3600692749023,-8.84300231933594,"Unknown"
"7014855",371852,2025-06-18 21:29:33,43.3598289489746,-8.84302043914795,"Unknown"
"7014855",371852,2025-06-18 21:34:34,43.3600425720215,-8.84292888641357,"Unknown"
"7014855",371852,2025-06-18 21:39:37,43.3600616455078,-8.84294414520264,"Unknown"
"7014855",371852,2025-06-18 21:44:31,43.3601188659668,-8.84309387207031,"Unknown"
"7014855",371852,2025-06-18 21:49:29,43.3601417541504,-8.84304714202881,"Unknown"
"7014855",371852,2025-06-18 21:54:30,43.3602027893066,-8.84303283691406,"Unknown"
"7014855",371852,2025-06-18 21:59:28,43.3602333068848,-8.84310436248779,"Unknown"
"7014855",371852,2025-06-18 22:04:27,43.360294342041,-8.84309673309326,"Unknown"
"7014855",371852,2025-06-18 22:09:29,43.3603401184082,-8.84324741363525,"Unknown"
"7014855",371852,2025-06-18 22:14:29,43.3603248596191,-8.84318733215332,"Unknown"
"7014855",371852,2025-06-18 22:19:28,43.3603286743164,-8.84323215484619,"Unknown"
"7014855",371852,2025-06-18 22:24:27,43.3603096008301,-8.84317970275879,"Unknown"
"7014855",371852,2025-06-18 22:29:27,43.3603019714355,-8.84332084655762,"Unknown"
"7014855",371852,2025-06-18 22:34:28,43.3602867126465,-8.8432788848877,"Unknown"
"7014855",371852,2025-06-18 22:39:27,43.3603630065918,-8.84324836730957,"Unknown"
"7014855",371852,2025-06-18 22:44:31,43.3603858947754,-8.843581199646,"Unknown"
"7014855",371852,2025-06-18 22:49:33,43.3603019714355,-8.84374713897705,"Unknown"
"7014855",371852,2025-06-18 22:54:27,43.3602447509766,-8.84325122833252,"Unknown"
"7014855",371852,2025-06-18 22:59:38,43.3603248596191,-8.84329605102539,"Unknown"
"7014855",371852,2025-06-18 23:04:44,43.3600921630859,-8.84334945678711,"Unknown"
"7014855",371852,2025-06-18 23:09:33,43.3602333068848,-8.84328174591064,"Unknown"
"7014855",371852,2025-06-18 23:14:34,43.3600273132324,-8.84326171875,"Unknown"
"7014855",371852,2025-06-18 23:19:34,43.3600845336914,-8.84328365325928,"Unknown"
"7014855",371852,2025-06-18 23:24:34,43.3600044250488,-8.8432092666626,"Unknown"
"7014855",371852,2025-06-18 23:29:34,43.3601875305176,-8.84309673309326,"Unknown"
"7014855",371852,2025-06-18 23:34:36,43.3601036071777,-8.84310436248779,"Unknown"
"7014855",371852,2025-06-18 23:39:29,43.3602256774902,-8.84331703186035,"Unknown"
"7014855",371852,2025-06-18 23:44:36,43.359977722168,-8.84313869476318,"Unknown"
"7014855",371852,2025-06-18 23:49:40,43.359977722168,-8.84334087371826,"Unknown"
"7014855",371852,2025-06-18 23:54:33,43.3600540161133,-8.84321594238281,"Unknown"
"7014855",371852,2025-06-18 23:59:30,43.3601226806641,-8.8431396484375,"Unknown"
"7014855",371852,2025-06-19 00:04:31,43.3601684570312,-8.84268665313721,"Unknown"
"7014855",371852,2025-06-19 00:09:29,43.3602905273438,-8.84349536895752,"Unknown"
"7014855",371852,2025-06-19 00:14:37,43.3600006103516,-8.8429708480835,"Unknown"
"7014855",371852,2025-06-19 00:19:36,43.360050201416,-8.84318923950195,"Unknown"
"7014855",371852,2025-06-19 00:24:36,43.3600158691406,-8.84271907806396,"Unknown"
"7014855",371852,2025-06-19 00:29:35,43.359992980957,-8.84271812438965,"Unknown"
"7014855",371852,2025-06-19 00:34:35,43.3599815368652,-8.84260177612305,"Unknown"
"7014855",371852,2025-06-19 00:39:33,43.3603630065918,-8.84352207183838,"Unknown"
"7014855",371852,2025-06-19 00:44:31,43.3601531982422,-8.84245204925537,"Unknown"
"7014855",371852,2025-06-19 00:49:45,43.3600425720215,-8.84293937683105,"Unknown"
"7014855",371852,2025-06-19 00:54:30,43.3601226806641,-8.84277248382568,"Unknown"
"7014855",371852,2025-06-19 00:59:30,43.3602027893066,-8.84313869476318,"Unknown"
"7014855",371852,2025-06-19 01:04:33,43.3601455688477,-8.84270095825195,"Unknown"
"7014855",371852,2025-06-19 01:09:36,43.3601951599121,-8.84336948394775,"Unknown"
"7014855",371852,2025-06-19 01:14:37,43.3604202270508,-8.84406185150146,"Unknown"
"7014855",371852,2025-06-19 01:19:37,43.3605155944824,-8.84364700317383,"Unknown"
"7014855",371852,2025-06-19 01:24:36,43.3603401184082,-8.8432149887085,"Unknown"
"7014855",371852,2025-06-19 01:29:36,43.3601036071777,-8.84282302856445,"Unknown"
"7014855",371852,2025-06-19 01:34:35,43.3601570129395,-8.84311580657959,"Unknown"
"7014855",371852,2025-06-19 01:39:35,43.3600234985352,-8.84322834014893,"Unknown"
"7014855",371852,2025-06-19 01:44:38,43.3602104187012,-8.84336471557617,"Unknown"
"7014855",371852,2025-06-19 01:49:59,43.3600959777832,-8.8430290222168,"Unknown"
"7014855",371852,2025-06-19 01:54:29,43.3604011535645,-8.84305763244629,"Unknown"
"7014855",371852,2025-06-19 01:59:34,43.3602142333984,-8.84298229217529,"Unknown"
"7014855",371852,2025-06-19 02:04:36,43.3600769042969,-8.84308528900146,"Unknown"
"7014855",371852,2025-06-19 02:09:36,43.3600845336914,-8.84293079376221,"Unknown"
"7014855",371852,2025-06-19 02:14:31,43.3600082397461,-8.84301948547363,"Unknown"
"7014855",371852,2025-06-19 02:19:36,43.3600692749023,-8.84299087524414,"Unknown"
"7014855",371852,2025-06-19 02:24:42,43.3600692749023,-8.84298229217529,"Unknown"
"7014855",371852,2025-06-19 02:29:29,43.3597984313965,-8.84292125701904,"Unknown"
"7014855",371852,2025-06-19 02:34:28,43.3598594665527,-8.84294700622559,"Unknown"
"7014855",371852,2025-06-19 02:39:28,43.3598747253418,-8.84277534484863,"Unknown"
"7014855",371852,2025-06-19 02:44:29,43.3600463867188,-8.84299659729004,"Unknown"
"7014855",371852,2025-06-19 02:49:36,43.3600654602051,-8.84287738800049,"Unknown"
"7014855",371852,2025-06-19 02:54:43,43.3601913452148,-8.8432788848877,"Unknown"
"7014855",371852,2025-06-19 02:59:28,43.3599853515625,-8.84304714202881,"Unknown"
"7014855",371852,2025-06-19 03:04:28,43.3601264953613,-8.8430643081665,"Unknown"
"7014855",371852,2025-06-19 03:09:29,43.3599853515625,-8.84278297424316,"Unknown"
"7014855",371852,2025-06-19 03:14:35,43.3601303100586,-8.84295845031738,"Unknown"
"7014855",371852,2025-06-19 03:19:52,43.3603973388672,-8.84334182739258,"Unknown"
"7014855",371852,2025-06-19 03:24:59,43.3605003356934,-8.84339714050293,"Unknown"
"7014855",371852,2025-06-19 03:29:35,43.3603630065918,-8.84323120117188,"Unknown"
"7014855",371852,2025-06-19 03:34:36,43.3604469299316,-8.84331798553467,"Unknown"
"7014855",371852,2025-06-19 03:39:38,43.3604049682617,-8.84330463409424,"Unknown"
"7014855",371852,2025-06-19 03:44:36,43.3601951599121,-8.84299564361572,"Unknown"
"7014855",371852,2025-06-19 03:49:36,43.360237121582,-8.84317302703857,"Unknown"
"7014855",371852,2025-06-19 03:54:36,43.3602027893066,-8.843186378479,"Unknown"
"7014855",371852,2025-06-19 03:59:44,43.3602066040039,-8.84319686889648,"Unknown"
"7014855",371852,2025-06-19 04:04:35,43.3601837158203,-8.84302139282227,"Unknown"
"7014855",371852,2025-06-19 04:09:36,43.3604202270508,-8.84340858459473,"Unknown"
"7014855",371852,2025-06-19 04:14:56,43.3603096008301,-8.84330463409424,"Unknown"
"7014855",371852,2025-06-19 04:19:44,43.3612670898438,-8.84321880340576,"Unknown"
"7014855",371852,2025-06-19 04:24:54,43.3601608276367,-8.84291648864746,"Unknown"
"7014855",371852,2025-06-19 04:29:57,43.3601112365723,-8.84264469146729,"Unknown"
"7014855",371852,2025-06-19 04:34:40,43.3600273132324,-8.8429479598999,"Unknown"
"7014855",371852,2025-06-19 04:40:05,43.359920501709,-8.8429012298584,"Unknown"
"7014855",371852,2025-06-19 04:44:30,43.3600082397461,-8.84262752532959,"Unknown"
"7014855",371852,2025-06-19 04:49:29,43.3599891662598,-8.84316730499268,"Unknown"
"7014855",371852,2025-06-19 04:54:28,43.3599090576172,-8.84310722351074,"Unknown"
"7014855",371852,2025-06-19 04:59:31,43.3599090576172,-8.84293556213379,"Unknown"
"7014855",371852,2025-06-19 05:04:36,43.359920501709,-8.84300518035889,"Unknown"
"7014855",371852,2025-06-19 05:09:30,43.3599052429199,-8.84294033050537,"Unknown"
"7014855",371852,2025-06-19 05:14:27,43.3599472045898,-8.84276866912842,"Unknown"
"7014855",371852,2025-06-19 05:19:30,43.3599014282227,-8.84270095825195,"Unknown"
"7014855",371852,2025-06-19 05:24:29,43.3600769042969,-8.84322929382324,"Unknown"
"7014855",371852,2025-06-19 05:29:31,43.3600387573242,-8.84304809570312,"Unknown"
"7014855",371852,2025-06-19 05:34:29,43.3601303100586,-8.84319400787354,"Unknown"
"7014855",371852,2025-06-19 05:39:29,43.3601417541504,-8.84319686889648,"Unknown"
"7014855",371852,2025-06-19 05:44:29,43.3600883483887,-8.84301471710205,"Unknown"
"7014855",371852,2025-06-19 05:49:36,43.360107421875,-8.84326267242432,"Unknown"
"7014855",371852,2025-06-19 05:54:36,43.3600044250488,-8.84334373474121,"Unknown"
"7014855",371852,2025-06-19 05:59:33,43.3598976135254,-8.84310340881348,"Unknown"
"7014855",371852,2025-06-19 06:05:44,43.3612518310547,-8.84241485595703,"Unknown"
"7014855",371852,2025-06-19 06:09:36,43.3613319396973,-8.8424072265625,"Unknown"
"7014855",371852,2025-06-19 06:14:27,43.3618316650391,-8.83896923065186,"Unknown"
"7014855",371852,2025-06-19 06:19:37,43.3567276000977,-8.83419609069824,"Unknown"
"7014855",371852,2025-06-19 06:24:36,43.3609809875488,-8.83316040039062,"Unknown"
"7014855",371852,2025-06-19 06:29:36,43.3606910705566,-8.83317852020264,"Unknown"
"7014855",371852,2025-06-19 06:34:30,43.3614959716797,-8.84306240081787,"Unknown"
"7014855",371852,2025-06-19 06:39:38,43.3606414794922,-8.84335803985596,"Unknown"
"7014855",371852,2025-06-19 06:44:48,43.360179901123,-8.84312629699707,"Unknown"
"7014855",371852,2025-06-19 06:49:36,43.3602066040039,-8.84335041046143,"Unknown"
"7014855",371852,2025-06-19 06:54:36,43.3601150512695,-8.84346389770508,"Unknown"
"7014855",371852,2025-06-19 06:59:51,43.3601989746094,-8.84330177307129,"Unknown"
"7014855",371852,2025-06-19 07:05:04,43.3601226806641,-8.8432035446167,"Unknown"
"7014855",371852,2025-06-19 07:09:27,43.3602409362793,-8.84331035614014,"Unknown"
"7014855",371852,2025-06-19 07:14:27,43.3602561950684,-8.8429708480835,"Unknown"
"7014855",371852,2025-06-19 07:19:27,43.360179901123,-8.84294128417969,"Unknown"
"7014855",371852,2025-06-19 07:24:28,43.3601989746094,-8.84305286407471,"Unknown"
"7014855",371852,2025-06-19 07:29:27,43.360179901123,-8.8432559967041,"Unknown"
"7014855",371852,2025-06-19 07:34:27,43.3601570129395,-8.84321880340576,"Unknown"
"7014855",371852,2025-06-19 07:39:27,43.3602409362793,-8.84360122680664,"Unknown"
"7014855",371852,2025-06-19 07:44:33,43.3598785400391,-8.84321022033691,"Unknown"
"7014855",371852,2025-06-19 07:49:28,43.3600158691406,-8.84316062927246,"Unknown"
"7014855",371852,2025-06-19 07:54:28,43.3600807189941,-8.84311676025391,"Unknown"
"7014855",371852,2025-06-19 07:59:31,43.3598442077637,-8.84311485290527,"Unknown"
"7014855",371852,2025-06-19 08:04:27,43.3528327941895,-8.84041118621826,"Unknown"
"7014855",371852,2025-06-19 08:09:27,43.3362503051758,-8.80810070037842,"Unknown"
"7014855",371852,2025-06-19 08:14:27,43.3171463012695,-8.77902603149414,"Unknown"
"7014855",371852,2025-06-19 08:19:27,43.2980842590332,-8.75396347045898,"Unknown"
"7014855",371852,2025-06-19 08:24:29,43.2951622009277,-8.74917507171631,"Unknown"
"7014855",371852,2025-06-19 08:29:31,43.2951698303223,-8.74908828735352,"Unknown"
"7014855",371852,2025-06-19 08:34:27,43.2956314086914,-8.74840641021729,"Unknown"
"7014855",371852,2025-06-19 08:39:29,43.2951049804688,-8.74916934967041,"Unknown"
"7014855",371852,2025-06-19 08:44:28,43.2956504821777,-8.74938201904297,"Unknown"
"7014855",371852,2025-06-19 08:49:29,43.296085357666,-8.74963855743408,"Unknown"
"7014855",371852,2025-06-19 08:54:39,43.2960052490234,-8.75044631958008,"Unknown"
"7014855",371852,2025-06-19 08:59:31,43.2960739135742,-8.75051212310791,"Unknown"
"7014855",371852,2025-06-19 09:04:29,43.29345703125,-8.74589061737061,"Unknown"
"7014855",371852,2025-06-19 09:09:28,43.2931518554688,-8.74604606628418,"Unknown"
"7014855",371852,2025-06-19 09:14:28,43.2933387756348,-8.74599075317383,"Unknown"
"7014855",371852,2025-06-19 09:19:28,43.2933921813965,-8.74580478668213,"Unknown"
"7014855",371852,2025-06-19 09:24:30,43.2942504882812,-8.74885082244873,"Unknown"
"7014855",371852,2025-06-19 09:30:51,43.2941436767578,-8.74905490875244,"Unknown"
"7014855",371852,2025-06-19 09:35:51,43.2941932678223,-8.74905109405518,"Unknown"
"7014855",371852,2025-06-19 09:39:44,43.2940826416016,-8.74899864196777,"Unknown"
"7014855",371852,2025-06-19 09:44:30,43.2941360473633,-8.74865627288818,"Unknown"
"7014855",371852,2025-06-19 09:50:13,43.2942390441895,-8.7490758895874,"Unknown"
"7014855",371852,2025-06-19 09:54:34,43.2939414978027,-8.74917888641357,"Unknown"
"7014855",371852,2025-06-19 09:59:29,43.2939453125,-8.748948097229,"Unknown"
"7014855",371852,2025-06-19 10:04:30,43.294303894043,-8.74873828887939,"Unknown"
"7014855",371852,2025-06-19 10:09:30,43.2942390441895,-8.74883270263672,"Unknown"
"7014855",371852,2025-06-19 10:14:29,43.2986488342285,-8.75149822235107,"Unknown"
"7014855",371852,2025-06-19 10:19:29,43.323673248291,-8.76830101013184,"Unknown"
"7014855",371852,2025-06-19 10:24:30,43.3301010131836,-8.78609085083008,"Unknown"
"7014855",371852,2025-06-19 10:29:33,43.3339462280273,-8.78061771392822,"Unknown"
"7014855",371852,2025-06-19 10:34:39,43.3466491699219,-8.78741931915283,"Unknown"
"7014855",371852,2025-06-19 10:39:42,43.3648147583008,-8.78643226623535,"Unknown"
"7014855",371852,2025-06-19 10:44:37,43.365177154541,-8.78825950622559,"Unknown"
"7014855",371852,2025-06-19 10:49:43,43.3653450012207,-8.78850555419922,"Unknown"
"7014855",371852,2025-06-19 10:54:35,43.3653411865234,-8.78841209411621,"Unknown"
"7014855",371852,2025-06-19 10:59:34,43.3589515686035,-8.79126644134521,"Unknown"
"7014855",371852,2025-06-19 11:04:36,43.3525657653809,-8.79064750671387,"Unknown"
"7014855",371852,2025-06-19 11:09:31,43.3485260009766,-8.79623985290527,"Unknown"
"7014855",371852,2025-06-19 11:14:30,43.3589515686035,-8.83343887329102,"Unknown"
"7014855",371852,2025-06-19 11:19:34,43.3600883483887,-8.84322738647461,"Unknown"
"7014855",371852,2025-06-19 11:24:31,43.3601226806641,-8.8430814743042,"Unknown"
"7014855",371852,2025-06-19 11:29:37,43.3599739074707,-8.84319591522217,"Unknown"
"7014855",371852,2025-06-19 11:34:41,43.3600425720215,-8.84289073944092,"Unknown"
"7014855",371852,2025-06-19 11:39:33,43.3600769042969,-8.84324836730957,"Unknown"
"7014855",371852,2025-06-19 11:44:37,43.3600540161133,-8.84312057495117,"Unknown"
"7014855",371852,2025-06-19 11:49:42,43.3600730895996,-8.84315490722656,"Unknown"
"7014855",371852,2025-06-19 11:54:37,43.3603401184082,-8.84284782409668,"Unknown"
"7014855",371852,2025-06-19 11:59:35,43.3601379394531,-8.84300327301025,"Unknown"
"7014855",371852,2025-06-19 12:04:31,43.3601379394531,-8.84316730499268,"Unknown"
"7014855",371852,2025-06-19 12:09:44,43.3602561950684,-8.84314155578613,"Unknown"
"7014855",371852,2025-06-19 12:14:31,43.3601951599121,-8.84329509735107,"Unknown"
"7014855",371852,2025-06-19 12:19:35,43.3597946166992,-8.84339427947998,"Unknown"
"7014855",371852,2025-06-19 12:24:33,43.3600692749023,-8.84307765960693,"Unknown"
"7014855",371852,2025-06-19 12:29:34,43.3604202270508,-8.84276580810547,"Unknown"
"7014855",371852,2025-06-19 12:34:42,43.3616790771484,-8.84148597717285,"Unknown"
"7014855",371852,2025-06-19 12:39:36,43.3604698181152,-8.84261608123779,"Unknown"
"7014855",371852,2025-06-19 12:44:42,43.3600921630859,-8.84300136566162,"Unknown"
"7014855",371852,2025-06-19 12:49:31,43.3599700927734,-8.84305381774902,"Unknown"
"7014855",371852,2025-06-19 12:54:39,43.3601493835449,-8.84284591674805,"Unknown"
"7014855",371852,2025-06-19 12:59:55,43.3601264953613,-8.84294509887695,"Unknown"
"7014855",371852,2025-06-19 13:04:34,43.3601379394531,-8.8428316116333,"Unknown"
"7014855",371852,2025-06-19 13:09:36,43.3602447509766,-8.84307956695557,"Unknown"
"7014855",371852,2025-06-19 13:14:44,43.3601913452148,-8.84283542633057,"Unknown"
"7014855",371852,2025-06-19 13:19:35,43.3602294921875,-8.84292221069336,"Unknown"
"7014855",371852,2025-06-19 13:24:37,43.3600845336914,-8.84289836883545,"Unknown"
"7014855",371852,2025-06-19 13:29:34,43.3602142333984,-8.84313774108887,"Unknown"
"7014855",371852,2025-06-19 13:35:03,43.3599739074707,-8.84298229217529,"Unknown"
"7014855",371852,2025-06-19 13:39:32,43.3599166870117,-8.84310626983643,"Unknown"
"7014855",371852,2025-06-19 13:44:44,43.3599510192871,-8.84309196472168,"Unknown"
"7014855",371852,2025-06-19 13:49:28,43.3591346740723,-8.83658218383789,"Unknown"
"7014855",371852,2025-06-19 13:55:05,43.3549346923828,-8.79488658905029,"Unknown"
"7014855",371852,2025-06-19 13:59:27,43.3756256103516,-8.77640342712402,"Unknown"
"7014855",371852,2025-06-19 14:04:28,43.4040412902832,-8.76607227325439,"Unknown"
"7014855",371852,2025-06-19 14:09:28,43.4153861999512,-8.76615715026855,"Unknown"
"7014855",371852,2025-06-19 14:14:28,43.3975372314453,-8.79216480255127,"Unknown"
"7014855",371852,2025-06-19 14:19:28,43.3773727416992,-8.81898975372314,"Unknown"
"7014855",371852,2025-06-19 14:24:31,43.361255645752,-8.83342838287354,"Unknown"
"7014855",371852,2025-06-19 14:29:27,43.3600387573242,-8.84319400787354,"Unknown"
"7014855",371852,2025-06-19 14:34:28,43.3600311279297,-8.84311389923096,"Unknown"
"7014855",371852,2025-06-19 14:39:28,43.3600921630859,-8.84300708770752,"Unknown"
"7014855",371852,2025-06-19 14:44:28,43.360050201416,-8.84307193756104,"Unknown"
"7014855",371852,2025-06-19 14:49:29,43.3600120544434,-8.84305667877197,"Unknown"
"7014855",371852,2025-06-19 14:54:30,43.3600006103516,-8.84303188323975,"Unknown"
"7014855",371852,2025-06-19 14:59:40,43.3600311279297,-8.84298229217529,"Unknown"
"7014855",371852,2025-06-19 15:04:32,43.3600807189941,-8.84313011169434,"Unknown"
"7014855",371852,2025-06-19 15:09:30,43.3600082397461,-8.84312915802002,"Unknown"
"7014855",371852,2025-06-19 15:14:30,43.3601608276367,-8.84323406219482,"Unknown"
"7014855",371852,2025-06-19 15:19:28,43.3601722717285,-8.84329700469971,"Unknown"
"7014855",371852,2025-06-19 15:24:29,43.359546661377,-8.84245777130127,"Unknown"
"7014855",371852,2025-06-19 15:29:27,43.3599548339844,-8.84320449829102,"Unknown"
"7014855",371852,2025-06-19 15:35:15,43.3604774475098,-8.84431934356689,"Unknown"
"7014855",371852,2025-06-19 15:40:51,43.3606452941895,-8.84507942199707,"Unknown"
"7014855",371852,2025-06-19 15:44:29,43.359619140625,-8.84279727935791,"Unknown"
"7014855",371852,2025-06-19 15:49:33,43.3605842590332,-8.8427848815918,"Unknown"
"7014855",371852,2025-06-19 15:54:35,43.359992980957,-8.84327697753906,"Unknown"
"7014855",371852,2025-06-19 15:59:31,43.3600196838379,-8.84320449829102,"Unknown"
"7014855",371852,2025-06-19 16:04:35,43.3600006103516,-8.84314060211182,"Unknown"
"7014855",371852,2025-06-19 16:09:35,43.3600120544434,-8.84314632415771,"Unknown"
"7014855",371852,2025-06-19 16:14:35,43.3599853515625,-8.843186378479,"Unknown"
"7014855",371852,2025-06-19 16:19:35,43.3598785400391,-8.8432731628418,"Unknown"
"7014855",371852,2025-06-19 16:24:34,43.3600006103516,-8.84328174591064,"Unknown"
"7014855",371852,2025-06-19 16:29:28,43.3599853515625,-8.84330463409424,"Unknown"
"7014855",371852,2025-06-19 16:34:41,43.3599586486816,-8.84337711334229,"Unknown"
"7014855",371852,2025-06-19 16:39:37,43.3601989746094,-8.84360122680664,"Unknown"
"7014855",371852,2025-06-19 16:44:37,43.3600845336914,-8.84342098236084,"Unknown"
"7014855",371852,2025-06-19 16:49:39,43.359977722168,-8.84327602386475,"Unknown"
"7014855",371852,2025-06-19 16:54:39,43.3599853515625,-8.84321022033691,"Unknown"
"7014855",371852,2025-06-19 16:59:34,43.3599281311035,-8.84324169158936,"Unknown"
"7014855",371852,2025-06-19 17:04:37,43.3598823547363,-8.84321689605713,"Unknown"
"7014855",371852,2025-06-19 17:09:43,43.360034942627,-8.84329223632812,"Unknown"
"7014855",371852,2025-06-19 17:14:41,43.3600616455078,-8.84325695037842,"Unknown"
"7014855",371852,2025-06-19 17:19:43,43.3600654602051,-8.84322547912598,"Unknown"
"7014855",371852,2025-06-19 17:24:42,43.3600006103516,-8.84315967559814,"Unknown"
"7014855",371852,2025-06-19 17:29:31,43.3600006103516,-8.84317207336426,"Unknown"
"7014855",371852,2025-06-19 17:34:32,43.3599739074707,-8.84307956695557,"Unknown"
"7014855",371852,2025-06-19 17:39:36,43.3598785400391,-8.84313678741455,"Unknown"
"7014855",371852,2025-06-19 17:44:36,43.3599395751953,-8.84311676025391,"Unknown"
"7014855",371852,2025-06-19 17:49:49,43.3600730895996,-8.84365081787109,"Unknown"
"7014855",371852,2025-06-19 17:54:43,43.3597831726074,-8.8432731628418,"Unknown"
"7014855",371852,2025-06-19 17:59:28,43.3598136901855,-8.8432559967041,"Unknown"
"7014855",371852,2025-06-19 18:04:57,43.3599548339844,-8.84317111968994,"Unknown"
"7014855",371852,2025-06-19 18:09:34,43.3599128723145,-8.84318542480469,"Unknown"
"7014855",371852,2025-06-19 18:14:28,43.3600540161133,-8.84309196472168,"Unknown"
"7014855",371852,2025-06-19 18:19:27,43.3597984313965,-8.84290790557861,"Unknown"
"7014855",371852,2025-06-19 18:24:27,43.3599967956543,-8.84296894073486,"Unknown"
"7014855",371852,2025-06-19 18:29:27,43.3599281311035,-8.84296989440918,"Unknown"
"7014855",371852,2025-06-19 18:34:30,43.3598937988281,-8.84298801422119,"Unknown"
"7014855",371852,2025-06-19 18:39:27,43.3599395751953,-8.843092918396,"Unknown"
"7014855",371852,2025-06-19 18:44:29,43.3599815368652,-8.84300708770752,"Unknown"
"7014855",371852,2025-06-19 18:49:28,43.360107421875,-8.84316158294678,"Unknown"
"7014855",371852,2025-06-19 18:54:30,43.3601951599121,-8.84323787689209,"Unknown"
"7014855",371852,2025-06-19 18:59:30,43.3601989746094,-8.84333229064941,"Unknown"
"7014855",371852,2025-06-19 19:04:28,43.3600425720215,-8.84317398071289,"Unknown"
"7014855",371852,2025-06-19 19:09:31,43.3601264953613,-8.8430700302124,"Unknown"
"7014855",371852,2025-06-19 19:14:30,43.3600616455078,-8.84315395355225,"Unknown"
"7014855",371852,2025-06-19 19:19:29,43.3600845336914,-8.84331893920898,"Unknown"
"7014855",371852,2025-06-19 19:24:35,43.3600730895996,-8.84300231933594,"Unknown"
"7014855",371852,2025-06-19 19:29:36,43.3601760864258,-8.8435001373291,"Unknown"
"7014855",371852,2025-06-19 19:34:31,43.3601760864258,-8.84329700469971,"Unknown"
"7014855",371852,2025-06-19 19:39:31,43.3601951599121,-8.84336948394775,"Unknown"
"7014855",371852,2025-06-19 19:44:35,43.3601684570312,-8.84344387054443,"Unknown"
"7014855",371852,2025-06-19 19:49:35,43.360164642334,-8.84342479705811,"Unknown"
"7014855",371852,2025-06-19 19:54:31,43.3601036071777,-8.84339904785156,"Unknown"
"7014855",371852,2025-06-19 19:59:29,43.3601226806641,-8.84330558776855,"Unknown"
"7014855",371852,2025-06-19 20:04:40,43.3600120544434,-8.84299755096436,"Unknown"
"7014855",371852,2025-06-19 20:09:29,43.3599510192871,-8.84307956695557,"Unknown"
"7014855",371852,2025-06-19 20:14:30,43.3601455688477,-8.84330940246582,"Unknown"
"7014855",371852,2025-06-19 20:19:30,43.3600006103516,-8.84296607971191,"Unknown"
"7014855",371852,2025-06-19 20:24:28,43.3600044250488,-8.84314823150635,"Unknown"
"7014855",371852,2025-06-19 20:29:30,43.3600578308105,-8.84310913085938,"Unknown"
"7014855",371852,2025-06-19 20:34:29,43.360050201416,-8.84323024749756,"Unknown"
"7014855",371852,2025-06-19 20:39:29,43.3600387573242,-8.84324550628662,"Unknown"
"7014855",371852,2025-06-19 20:44:30,43.3599433898926,-8.84310722351074,"Unknown"
"7014855",371852,2025-06-19 20:49:59,43.3599739074707,-8.84304714202881,"Unknown"
"7014855",371852,2025-06-19 20:54:33,43.3599891662598,-8.84325981140137,"Unknown"
"7014855",371852,2025-06-19 20:59:31,43.3599662780762,-8.8432035446167,"Unknown"
"7014855",371852,2025-06-19 21:04:33,43.3535423278809,-8.81355953216553,"Unknown"
"7014855",371852,2025-06-19 21:09:30,43.3425598144531,-8.784836769104,"Unknown"
"7014855",371852,2025-06-19 21:14:36,43.3399200439453,-8.77436065673828,"Unknown"
"7014855",371852,2025-06-19 21:19:36,43.3339691162109,-8.77903175354004,"Unknown"
"7014855",371852,2025-06-19 21:24:36,43.333683013916,-8.77993679046631,"Unknown"
"7014855",371852,2025-06-19 21:29:29,43.3337440490723,-8.77937316894531,"Unknown"
"7014855",371852,2025-06-19 21:34:36,43.327995300293,-8.79112243652344,"Unknown"
"7014855",371852,2025-06-19 21:39:37,43.327522277832,-8.79039192199707,"Unknown"
"7014855",371852,2025-06-19 21:44:44,43.3343467712402,-8.77703666687012,"Unknown"
"7014855",371852,2025-06-19 21:49:28,43.3345413208008,-8.77729988098145,"Unknown"
"7014855",371852,2025-06-19 21:54:30,43.3357391357422,-8.78102111816406,"Unknown"
"7014855",371852,2025-06-19 21:59:30,43.3341636657715,-8.77921104431152,"Unknown"
"7014855",371852,2025-06-19 22:05:00,43.3345527648926,-8.77971363067627,"Unknown"
"7014855",371852,2025-06-19 22:09:36,43.3358459472656,-8.78201580047607,"Unknown"
"7014855",371852,2025-06-19 22:14:29,43.3459205627441,-8.80020141601562,"Unknown"
"7014855",371852,2025-06-19 22:19:29,43.3454551696777,-8.80081748962402,"Unknown"
"7014855",371852,2025-06-19 22:24:36,43.3442420959473,-8.80228424072266,"Unknown"
"7014855",371852,2025-06-19 22:29:30,43.3443412780762,-8.80273342132568,"Unknown"
"7014855",371852,2025-06-19 22:34:59,43.3442077636719,-8.80397987365723,"Unknown"
"7014855",371852,2025-06-19 22:39:29,43.3443565368652,-8.80462265014648,"Unknown"
"7014855",371852,2025-06-19 22:44:34,43.3465538024902,-8.80550670623779,"Unknown"
"7014855",371852,2025-06-19 22:49:36,43.3440208435059,-8.80508899688721,"Unknown"
"7014855",371852,2025-06-19 22:54:31,43.3419799804688,-8.80544948577881,"Unknown"
"7014855",371852,2025-06-19 22:59:33,43.3348846435547,-8.802001953125,"Unknown"
"7014855",371852,2025-06-19 23:04:59,43.3213996887207,-8.80004692077637,"Unknown"
"7014855",371852,2025-06-19 23:09:34,43.320930480957,-8.79937362670898,"Unknown"
"7014855",371852,2025-06-19 23:14:34,43.3218307495117,-8.7988920211792,"Unknown"
"7014855",371852,2025-06-19 23:19:34,43.3347053527832,-8.77618503570557,"Unknown"
"7014855",371852,2025-06-19 23:24:36,43.3508071899414,-8.74662303924561,"Unknown"
"7014855",371852,2025-06-19 23:29:44,43.3571510314941,-8.73423385620117,"Unknown"
"7014855",371852,2025-06-19 23:34:36,43.3573455810547,-8.73453140258789,"Unknown"
"7014855",371852,2025-06-19 23:39:30,43.3610496520996,-8.71378707885742,"Unknown"
"7014855",371852,2025-06-19 23:44:38,43.3606605529785,-8.71055316925049,"Unknown"
"7014855",371852,2025-06-19 23:49:37,43.3608093261719,-8.70943927764893,"Unknown"
"7014855",371852,2025-06-19 23:54:36,43.3605194091797,-8.71066570281982,"Unknown"
"7014855",371852,2025-06-19 23:59:36,43.3608779907227,-8.71136379241943,"Unknown"
"7014855",371852,2025-06-20 00:04:59,43.3612632751465,-8.71140003204346,"Unknown"
"7014855",371852,2025-06-20 00:09:29,43.3620948791504,-8.71138381958008,"Unknown"
"7014855",371852,2025-06-20 00:14:30,43.3608283996582,-8.71921634674072,"Unknown"
"7014855",371852,2025-06-20 00:19:36,43.3616905212402,-8.72736167907715,"Unknown"
"7014855",371852,2025-06-20 00:24:33,43.3626594543457,-8.72829532623291,"Unknown"
"7014855",371852,2025-06-20 00:29:38,43.3635711669922,-8.72929763793945,"Unknown"
"7014855",371852,2025-06-20 00:34:58,43.3645439147949,-8.73004913330078,"Unknown"
"7014855",371852,2025-06-20 00:39:28,43.3653221130371,-8.73066139221191,"Unknown"
"7014855",371852,2025-06-20 00:44:27,43.3659439086914,-8.73130130767822,"Unknown"
"7014855",371852,2025-06-20 00:49:29,43.366756439209,-8.73203277587891,"Unknown"
"7014855",371852,2025-06-20 00:54:33,43.3676414489746,-8.73275184631348,"Unknown"
"7014855",371852,2025-06-20 00:59:27,43.3682136535645,-8.73318099975586,"Unknown"
"7014855",371852,2025-06-20 01:04:30,43.3686599731445,-8.73363876342773,"Unknown"
"7014855",371852,2025-06-20 01:09:28,43.3696250915527,-8.73430728912354,"Unknown"
"7014855",371852,2025-06-20 01:14:34,43.3703918457031,-8.73477363586426,"Unknown"
"7014855",371852,2025-06-20 01:19:30,43.3712348937988,-8.73527431488037,"Unknown"
"7014855",371852,2025-06-20 01:24:31,43.3718910217285,-8.73562240600586,"Unknown"
"7014855",371852,2025-06-20 01:29:31,43.3725738525391,-8.73592567443848,"Unknown"
"7014855",371852,2025-06-20 01:34:36,43.3733940124512,-8.73623180389404,"Unknown"
"7014855",371852,2025-06-20 01:39:36,43.3741188049316,-8.73644828796387,"Unknown"
"7014855",371852,2025-06-20 01:45:46,43.3750038146973,-8.7367057800293,"Unknown"
"7014855",371852,2025-06-20 01:50:06,43.1611976623535,-8.72642230987549,"Unknown"
"7014855",371852,2025-06-20 02:00:35,43.3771743774414,-8.73716449737549,"Unknown"
"7014855",371852,2025-06-20 02:04:27,43.3776473999023,-8.73723983764648,"Unknown"
"7014855",371852,2025-06-20 02:09:27,43.3782997131348,-8.73701667785645,"Unknown"
"7014855",371852,2025-06-20 02:14:27,43.3789978027344,-8.73639583587646,"Unknown"
"7014855",371852,2025-06-20 02:19:27,43.3797302246094,-8.72542858123779,"Unknown"
"7014855",371852,2025-06-20 02:24:27,43.3898391723633,-8.69994258880615,"Unknown"
"7014855",371852,2025-06-20 02:29:28,43.4020957946777,-8.67605113983154,"Unknown"
"7014855",371852,2025-06-20 02:34:31,43.4019889831543,-8.67579078674316,"Unknown"
"7014855",371852,2025-06-20 02:39:29,43.4021339416504,-8.67628574371338,"Unknown"
"7014855",371852,2025-06-20 02:44:29,43.4000244140625,-8.68100929260254,"Unknown"
"7014855",371852,2025-06-20 02:49:31,43.4003562927246,-8.68117809295654,"Unknown"
"7014855",371852,2025-06-20 02:54:29,43.400562286377,-8.68150520324707,"Unknown"
"7014855",371852,2025-06-20 02:59:28,43.4009170532227,-8.68171405792236,"Unknown"
"7014855",371852,2025-06-20 03:04:34,43.3975677490234,-8.69264984130859,"Unknown"
"7014855",371852,2025-06-20 03:09:37,43.3974952697754,-8.69265079498291,"Unknown"
"7014855",371852,2025-06-20 03:14:29,43.3976020812988,-8.6925163269043,"Unknown"
"7014855",371852,2025-06-20 03:20:44,43.3978462219238,-8.69233322143555,"Unknown"
"7014855",371852,2025-06-20 03:24:27,43.3979454040527,-8.69196033477783,"Unknown"
"7014855",371852,2025-06-20 03:29:27,43.3980941772461,-8.69131374359131,"Unknown"
"7014855",371852,2025-06-20 03:34:29,43.3982963562012,-8.69071674346924,"Unknown"
"7014855",371852,2025-06-20 03:39:29,43.4182090759277,-8.69706630706787,"Unknown"
"7014855",371852,2025-06-20 03:44:28,43.440845489502,-8.71513938903809,"Unknown"
"7014855",371852,2025-06-20 03:50:51,43.4555320739746,-8.73292446136475,"Unknown"
"7014855",371852,2025-06-20 03:55:05,43.4584159851074,-8.72960567474365,"Unknown"
"7014855",371852,2025-06-20 03:59:28,43.4688262939453,-8.75133609771729,"Unknown"
"7014855",371852,2025-06-20 04:04:29,43.4871826171875,-8.76707649230957,"Unknown"
"7014855",371852,2025-06-20 04:09:30,43.4896850585938,-8.76222705841064,"Unknown"
"7014855",371852,2025-06-20 04:15:05,43.490306854248,-8.75891304016113,"Unknown"
"7014855",371852,2025-06-20 04:19:28,43.4899978637695,-8.75894546508789,"Unknown"
"7014855",371852,2025-06-20 04:24:28,43.4728736877441,-8.76995849609375,"Unknown"
"7014855",371852,2025-06-20 04:29:27,43.4411354064941,-8.79947471618652,"Unknown"
"7014855",371852,2025-06-20 04:35:04,43.4041709899902,-8.83217906951904,"Unknown"
"7014855",371852,2025-06-20 04:39:27,43.3718490600586,-8.84260177612305,"Unknown"
"7014855",371852,2025-06-20 04:44:27,43.3600883483887,-8.84358024597168,"Unknown"
"7014855",371852,2025-06-20 04:49:31,43.361629486084,-8.8404598236084,"Unknown"
"7014855",371852,2025-06-20 04:54:27,43.3609085083008,-8.83387565612793,"Unknown"
"7014855",371852,2025-06-20 04:59:27,43.3613014221191,-8.83365821838379,"Unknown"
"7014855",371852,2025-06-20 05:04:29,43.3612937927246,-8.83359146118164,"Unknown"
"7014855",371852,2025-06-20 05:09:35,43.3611793518066,-8.83380794525146,"Unknown"
"7014855",371852,2025-06-20 05:14:30,43.361198425293,-8.83359432220459,"Unknown"
"7014855",371852,2025-06-20 05:19:28,43.3612785339355,-8.83376598358154,"Unknown"
"7014855",371852,2025-06-20 05:24:29,43.3611526489258,-8.83349895477295,"Unknown"
"7014855",371852,2025-06-20 05:29:28,43.361198425293,-8.83348369598389,"Unknown"
"7014855",371852,2025-06-20 05:34:31,43.3611488342285,-8.83354568481445,"Unknown"
"7014855",371852,2025-06-20 05:39:41,43.3612213134766,-8.83360290527344,"Unknown"
"7014855",371852,2025-06-20 05:44:35,43.3612098693848,-8.83344459533691,"Unknown"
"7014855",371852,2025-06-20 05:49:39,43.3611946105957,-8.83348083496094,"Unknown"
"7014855",371852,2025-06-20 05:54:40,43.3612823486328,-8.83368301391602,"Unknown"
"7014855",371852,2025-06-20 05:59:35,43.3613052368164,-8.83389091491699,"Unknown"
"7014855",371852,2025-06-20 06:04:33,43.3605880737305,-8.84638118743896,"Unknown"
"7014855",371852,2025-06-20 06:09:38,43.3601493835449,-8.84321784973145,"Unknown"
"7014855",371852,2025-06-20 06:14:29,43.3600006103516,-8.84321308135986,"Unknown"
"7014855",371852,2025-06-20 06:19:36,43.3600959777832,-8.84324645996094,"Unknown"
"7014855",371852,2025-06-20 06:24:36,43.3599700927734,-8.84305953979492,"Unknown"
"7014855",371852,2025-06-20 06:29:44,43.359992980957,-8.84297275543213,"Unknown"
"7014855",371852,2025-06-20 06:34:29,43.3596992492676,-8.84281826019287,"Unknown"
"7014855",371852,2025-06-20 06:39:31,43.3597984313965,-8.84297657012939,"Unknown"
"7014855",371852,2025-06-20 06:44:34,43.3598823547363,-8.84301662445068,"Unknown"
"7014855",371852,2025-06-20 06:49:44,43.3599014282227,-8.84307670593262,"Unknown"
"7014855",371852,2025-06-20 06:54:44,43.3602409362793,-8.84362316131592,"Unknown"
"7014855",371852,2025-06-20 06:59:36,43.3600769042969,-8.84330368041992,"Unknown"
"7014855",371852,2025-06-20 07:05:05,43.3598747253418,-8.84314727783203,"Unknown"
"7014855",371852,2025-06-20 07:09:31,43.3598899841309,-8.84279918670654,"Unknown"
"7014855",371852,2025-06-20 07:14:36,43.359920501709,-8.84294700622559,"Unknown"
"7014855",371852,2025-06-20 07:19:33,43.3599624633789,-8.84311103820801,"Unknown"
"7014855",371852,2025-06-20 07:24:31,43.3599090576172,-8.84288692474365,"Unknown"
"7014855",371852,2025-06-20 07:29:59,43.3600120544434,-8.84292984008789,"Unknown"
"7014855",371852,2025-06-20 07:34:36,43.3598899841309,-8.84310626983643,"Unknown"
"7014855",371852,2025-06-20 07:39:33,43.3600540161133,-8.84291458129883,"Unknown"
"7014855",371852,2025-06-20 07:44:31,43.3600769042969,-8.84290409088135,"Unknown"
"7014855",371852,2025-06-20 07:49:34,43.3600921630859,-8.84291076660156,"Unknown"
"7014855",371852,2025-06-20 07:54:51,43.3599433898926,-8.84299278259277,"Unknown"
"7014855",371852,2025-06-20 07:59:27,43.3599624633789,-8.84309768676758,"Unknown"
"7014855",371852,2025-06-20 08:04:31,43.3600311279297,-8.84309482574463,"Unknown"
"7014855",371852,2025-06-20 08:09:33,43.35986328125,-8.84321784973145,"Unknown"
"7014855",371852,2025-06-20 08:14:34,43.3599510192871,-8.84308052062988,"Unknown"
"7014855",371852,2025-06-20 08:19:36,43.3599662780762,-8.84313869476318,"Unknown"
"7014855",371852,2025-06-20 08:24:29,43.3599472045898,-8.84307479858398,"Unknown"
"7014855",371852,2025-06-20 08:29:35,43.3600158691406,-8.84294700622559,"Unknown"
"7014855",371852,2025-06-20 08:34:33,43.3601608276367,-8.84322547912598,"Unknown"
"7014855",371852,2025-06-20 08:39:27,43.3599624633789,-8.84302520751953,"Unknown"
"7014855",371852,2025-06-20 08:44:31,43.3599395751953,-8.84292507171631,"Unknown"
"7014855",371852,2025-06-20 08:49:44,43.3600158691406,-8.84308528900146,"Unknown"
"7014855",371852,2025-06-20 08:54:31,43.3600158691406,-8.84303092956543,"Unknown"
"7014855",371852,2025-06-20 08:59:27,43.3598976135254,-8.8429708480835,"Unknown"
"7014855",371852,2025-06-20 09:04:31,43.360050201416,-8.84303951263428,"Unknown"
"7014855",371852,2025-06-20 09:09:28,43.3601608276367,-8.84326076507568,"Unknown"
"7014855",371852,2025-06-20 09:14:28,43.3599472045898,-8.8429594039917,"Unknown"
"7014855",371852,2025-06-20 09:19:28,43.3600959777832,-8.84321403503418,"Unknown"
"7014855",371852,2025-06-20 09:24:36,43.360107421875,-8.84323310852051,"Unknown"
"7014855",371852,2025-06-20 09:29:36,43.359977722168,-8.84317779541016,"Unknown"
"7014855",371852,2025-06-20 09:34:28,43.3601608276367,-8.84301948547363,"Unknown"
"7014855",371852,2025-06-20 09:39:30,43.360164642334,-8.84335231781006,"Unknown"
"7014855",371852,2025-06-20 09:44:29,43.3600654602051,-8.84336185455322,"Unknown"
"7014855",371852,2025-06-20 09:49:44,43.3599815368652,-8.84323215484619,"Unknown"
"7014855",371852,2025-06-20 09:54:28,43.3599967956543,-8.84300994873047,"Unknown"
"7014855",371852,2025-06-20 09:59:36,43.360279083252,-8.84373569488525,"Unknown"
"7014855",371852,2025-06-20 10:04:31,43.3600921630859,-8.84324645996094,"Unknown"
"7014855",371852,2025-06-20 10:09:29,43.3600997924805,-8.84304904937744,"Unknown"
"7014855",371852,2025-06-20 10:14:28,43.3600158691406,-8.84268379211426,"Unknown"
"7014855",371852,2025-06-20 10:19:35,43.3611450195312,-8.8337926864624,"Unknown"
"7014855",371852,2025-06-20 10:24:35,43.3610763549805,-8.83353710174561,"Unknown"
"7014855",371852,2025-06-20 10:29:36,43.3610076904297,-8.83345890045166,"Unknown"
"7014855",371852,2025-06-20 10:34:36,43.3610916137695,-8.83318519592285,"Unknown"
"7014855",371852,2025-06-20 10:39:36,43.3609466552734,-8.83349132537842,"Unknown"
"7014855",371852,2025-06-20 10:44:59,43.3610420227051,-8.83358001708984,"Unknown"
"7014855",371852,2025-06-20 10:49:34,43.3610343933105,-8.83354568481445,"Unknown"
"7014855",371852,2025-06-20 10:54:29,43.361026763916,-8.83346843719482,"Unknown"
"7014855",371852,2025-06-20 10:59:28,43.3612976074219,-8.8335657119751,"Unknown"
"7014855",371852,2025-06-20 11:04:28,43.3601264953613,-8.84320163726807,"Unknown"
"7014855",371852,2025-06-20 11:09:30,43.3503532409668,-8.81643199920654,"Unknown"
"7014855",371852,2025-06-20 11:14:28,43.3284149169922,-8.78193378448486,"Unknown"
"7014855",371852,2025-06-20 11:19:28,43.2984275817871,-8.7496452331543,"Unknown"
"7014855",371852,2025-06-20 11:24:36,43.2951965332031,-8.74896621704102,"Unknown"
"7014855",371852,2025-06-20 11:29:45,43.2934608459473,-8.74582099914551,"Unknown"
"7014855",371852,2025-06-20 11:34:45,43.2933197021484,-8.74528503417969,"Unknown"
"7014855",371852,2025-06-20 11:39:36,43.2931442260742,-8.74533176422119,"Unknown"
"7014855",371852,2025-06-20 11:44:30,43.2934989929199,-8.74501895904541,"Unknown"
"7014855",371852,2025-06-20 11:49:39,43.2950820922852,-8.74927043914795,"Unknown"
"7014855",371852,2025-06-20 11:54:36,43.2952308654785,-8.74921607971191,"Unknown"
"7014855",371852,2025-06-20 11:59:39,43.2950286865234,-8.74936962127686,"Unknown"
"7014855",371852,2025-06-20 12:05:35,43.2971153259277,-8.75093936920166,"Unknown"
"7014855",371852,2025-06-20 12:09:37,43.2970924377441,-8.7508602142334,"Unknown"
"7014855",371852,2025-06-20 12:15:05,43.2973594665527,-8.75191497802734,"Unknown"
"7014855",371852,2025-06-20 12:19:33,43.2968254089355,-8.75094509124756,"Unknown"
"7014855",371852,2025-06-20 12:24:31,43.2958908081055,-8.74969005584717,"Unknown"
"7014855",371852,2025-06-20 12:29:28,43.2941246032715,-8.72160625457764,"Unknown"
"7014855",371852,2025-06-20 12:34:29,43.2822189331055,-8.68744564056396,"Unknown"
"7014855",371852,2025-06-20 12:39:29,43.266170501709,-8.65130519866943,"Unknown"
"7014855",371852,2025-06-20 12:44:28,43.2410888671875,-8.64035606384277,"Unknown"
"7014855",371852,2025-06-20 12:49:29,43.2205352783203,-8.63227844238281,"Unknown"
"7014855",371852,2025-06-20 12:54:28,43.2004547119141,-8.6004695892334,"Unknown"
"7014855",371852,2025-06-20 12:59:33,43.1851463317871,-8.57463836669922,"Unknown"
"7014855",371852,2025-06-20 13:04:28,43.1602783203125,-8.55532360076904,"Unknown"
"7014855",371852,2025-06-20 13:09:29,43.1475257873535,-8.53077125549316,"Unknown"
"7014855",371852,2025-06-20 13:14:29,43.13720703125,-8.49018287658691,"Unknown"
"7014855",371852,2025-06-20 13:19:35,43.130729675293,-8.47188282012939,"Unknown"
"7014855",371852,2025-06-20 13:24:30,43.1290435791016,-8.47191524505615,"Unknown"
"7014855",371852,2025-06-20 13:29:31,43.1301307678223,-8.47207260131836,"Unknown"
"7014855",371852,2025-06-20 13:34:30,43.1281318664551,-8.47559642791748,"Unknown"
"7014855",371852,2025-06-20 13:39:29,43.1086158752441,-8.4890308380127,"Unknown"
"7014855",371852,2025-06-20 13:45:05,43.0987129211426,-8.49747848510742,"Unknown"
"7014855",371852,2025-06-20 13:50:05,43.0983543395996,-8.49743461608887,"Unknown"
"7014855",371852,2025-06-20 13:54:30,43.0981483459473,-8.4973316192627,"Unknown"
"7014855",371852,2025-06-20 13:59:27,43.0981750488281,-8.49746417999268,"Unknown"
"7014855",371852,2025-06-20 14:04:28,43.0980644226074,-8.49753952026367,"Unknown"
"7014855",371852,2025-06-20 14:09:28,43.0981521606445,-8.49752044677734,"Unknown"
"7014855",371852,2025-06-20 14:14:27,43.0980949401855,-8.4976692199707,"Unknown"
"7014855",371852,2025-06-20 14:19:29,43.098274230957,-8.49786567687988,"Unknown"
"7014855",371852,2025-06-20 14:24:28,43.1025199890137,-8.50171852111816,"Unknown"
"7014855",371852,2025-06-20 14:29:28,43.1221923828125,-8.51052761077881,"Unknown"
"7014855",371852,2025-06-20 14:34:28,43.1349792480469,-8.53622150421143,"Unknown"
"7014855",371852,2025-06-20 14:39:29,43.1496620178223,-8.55637073516846,"Unknown"
"7014855",371852,2025-06-20 14:44:28,43.162036895752,-8.56590843200684,"Unknown"
"7014855",371852,2025-06-20 14:49:29,43.1934356689453,-8.57293605804443,"Unknown"
"7014855",371852,2025-06-20 14:54:28,43.2156562805176,-8.59495830535889,"Unknown"
"7014855",371852,2025-06-20 14:59:28,43.231819152832,-8.60823631286621,"Unknown"
"7014855",371852,2025-06-20 15:04:28,43.2444610595703,-8.62217903137207,"Unknown"
"7014855",371852,2025-06-20 15:09:28,43.2706985473633,-8.64021682739258,"Unknown"
"7014855",371852,2025-06-20 15:14:29,43.2873611450195,-8.67185974121094,"Unknown"
"7014855",371852,2025-06-20 15:19:29,43.2966651916504,-8.70944881439209,"Unknown"
"7014855",371852,2025-06-20 15:24:28,43.3074836730957,-8.74697780609131,"Unknown"
"7014855",371852,2025-06-20 15:29:28,43.320011138916,-8.78467273712158,"Unknown"
"7014855",371852,2025-06-20 15:34:33,43.3336181640625,-8.81626510620117,"Unknown"
"7014855",371852,2025-06-20 15:39:28,43.3545570373535,-8.83266639709473,"Unknown"
"7014855",371852,2025-06-20 15:44:36,43.3598518371582,-8.8428840637207,"Unknown"
"7014855",371852,2025-06-20 15:49:36,43.3598594665527,-8.84285545349121,"Unknown"
"7014855",371852,2025-06-20 15:54:36,43.359806060791,-8.8429069519043,"Unknown"
"7014855",371852,2025-06-20 15:59:43,43.3597679138184,-8.84286689758301,"Unknown"
"7014855",371852,2025-06-20 16:04:30,43.3598556518555,-8.84300708770752,"Unknown"
"7014855",371852,2025-06-20 16:09:31,43.3596878051758,-8.84275531768799,"Unknown"
"7014855",371852,2025-06-20 16:14:59,43.3598365783691,-8.84274768829346,"Unknown"
"7014855",371852,2025-06-20 16:19:28,43.3597183227539,-8.84274005889893,"Unknown"
"7014855",371852,2025-06-20 16:24:34,43.3599624633789,-8.84281539916992,"Unknown"
"7014855",371852,2025-06-20 16:29:33,43.3600273132324,-8.84289073944092,"Unknown"
"7014855",371852,2025-06-20 16:34:28,43.3598098754883,-8.84283447265625,"Unknown"
"7014855",371852,2025-06-20 16:39:31,43.3600540161133,-8.84311294555664,"Unknown"
"7014855",371852,2025-06-20 16:44:36,43.3599853515625,-8.84347629547119,"Unknown"
"7014855",371852,2025-06-20 16:49:31,43.3600044250488,-8.84305381774902,"Unknown"
"7014855",371852,2025-06-20 16:54:36,43.3600616455078,-8.84307479858398,"Unknown"
"7014855",371852,2025-06-20 17:00:02,43.360164642334,-8.84298419952393,"Unknown"
"7014855",371852,2025-06-20 17:04:30,43.3601303100586,-8.84298419952393,"Unknown"
"7014855",371852,2025-06-20 17:09:27,43.360107421875,-8.84295082092285,"Unknown"
"7014855",371852,2025-06-20 17:14:27,43.360050201416,-8.8429126739502,"Unknown"
"7014855",371852,2025-06-20 17:19:27,43.3599395751953,-8.84298610687256,"Unknown"
"7014855",371852,2025-06-20 17:24:27,43.3599624633789,-8.84302616119385,"Unknown"
"7014855",371852,2025-06-20 17:29:27,43.3599090576172,-8.84291553497314,"Unknown"
"7014855",371852,2025-06-20 17:34:27,43.3598976135254,-8.84293174743652,"Unknown"
"7014855",371852,2025-06-20 17:39:27,43.3599700927734,-8.84305000305176,"Unknown"
"7014855",371852,2025-06-20 17:44:28,43.3598213195801,-8.84312629699707,"Unknown"
"7014855",371852,2025-06-20 17:49:27,43.3476066589355,-8.81088542938232,"Unknown"
"7014855",371852,2025-06-20 17:54:29,43.3365592956543,-8.76973438262939,"Unknown"
"7014855",371852,2025-06-20 17:59:29,43.3168067932129,-8.73136901855469,"Unknown"
"7014855",371852,2025-06-20 18:04:28,43.295581817627,-8.7057056427002,"Unknown"
"7014855",371852,2025-06-20 18:09:29,43.2920341491699,-8.69776058197021,"Unknown"
"7014855",371852,2025-06-20 18:14:28,43.2935791015625,-8.70449447631836,"Unknown"
"7014855",371852,2025-06-20 18:19:35,43.2940101623535,-8.73327350616455,"Unknown"
"7014855",371852,2025-06-20 18:24:28,43.2941207885742,-8.73333835601807,"Unknown"
"7014855",371852,2025-06-20 18:29:30,43.2938690185547,-8.73317432403564,"Unknown"
"7014855",371852,2025-06-20 18:34:30,43.2941856384277,-8.73352336883545,"Unknown"
"7014855",371852,2025-06-20 18:39:31,43.2941207885742,-8.73361778259277,"Unknown"
"7014855",371852,2025-06-20 18:44:30,43.2943725585938,-8.73385429382324,"Unknown"
"7014855",371852,2025-06-20 18:50:00,43.2940826416016,-8.73407745361328,"Unknown"
"7014855",371852,2025-06-20 18:54:34,43.2939910888672,-8.73352146148682,"Unknown"
"7014855",371852,2025-06-20 18:59:31,43.2941818237305,-8.73335552215576,"Unknown"
"7014855",371852,2025-06-20 19:04:28,43.294075012207,-8.73336029052734,"Unknown"
"7014855",371852,2025-06-20 19:09:36,43.2942581176758,-8.73332023620605,"Unknown"
"7014855",371852,2025-06-20 19:14:36,43.2941780090332,-8.73326110839844,"Unknown"
"7014855",371852,2025-06-20 19:19:30,43.294116973877,-8.7336893081665,"Unknown"
"7014855",371852,2025-06-20 19:24:28,43.3027381896973,-8.73991775512695,"Unknown"
"7014855",371852,2025-06-20 19:29:28,43.3101615905762,-8.74160861968994,"Unknown"
"7014855",371852,2025-06-20 19:34:29,43.3105697631836,-8.74180889129639,"Unknown"
"7014855",371852,2025-06-20 19:39:30,43.310619354248,-8.74176025390625,"Unknown"
"7014855",371852,2025-06-20 19:44:29,43.310676574707,-8.74124717712402,"Unknown"
"7014855",371852,2025-06-20 19:49:29,43.3109130859375,-8.74077320098877,"Unknown"
"7014855",371852,2025-06-20 19:54:29,43.3114204406738,-8.74088001251221,"Unknown"
"7014855",371852,2025-06-20 19:59:31,43.3124237060547,-8.73958683013916,"Unknown"
"7014855",371852,2025-06-20 20:04:31,43.3128318786621,-8.73941612243652,"Unknown"
"7014855",371852,2025-06-20 20:09:30,43.313850402832,-8.739182472229,"Unknown"
"7014855",371852,2025-06-20 20:14:31,43.319019317627,-8.7213306427002,"Unknown"
"7014855",371852,2025-06-20 20:19:31,43.319637298584,-8.72136402130127,"Unknown"
"7014855",371852,2025-06-20 20:24:31,43.3205070495605,-8.72156620025635,"Unknown"
"7014855",371852,2025-06-20 20:29:31,43.3211250305176,-8.72163200378418,"Unknown"
"7014855",371852,2025-06-20 20:34:29,43.323974609375,-8.71896362304688,"Unknown"
"7014855",371852,2025-06-20 20:39:30,43.3462753295898,-8.69245338439941,"Unknown"
"7014855",371852,2025-06-20 20:44:44,43.3560485839844,-8.69449710845947,"Unknown"
"7014855",371852,2025-06-20 20:49:35,43.3567085266113,-8.6940393447876,"Unknown"
"7014855",371852,2025-06-20 20:54:37,43.3664436340332,-8.70484828948975,"Unknown"
"7014855",371852,2025-06-20 20:59:36,43.3663024902344,-8.70546722412109,"Unknown"
"7014855",371852,2025-06-20 21:04:37,43.3667755126953,-8.70496559143066,"Unknown"
"7014855",371852,2025-06-20 21:09:33,43.3675155639648,-8.70454788208008,"Unknown"
"7014855",371852,2025-06-20 21:14:32,43.3682670593262,-8.70415878295898,"Unknown"
"7014855",371852,2025-06-20 21:19:33,43.3685073852539,-8.70402526855469,"Unknown"
"7014855",371852,2025-06-20 21:24:38,43.3688316345215,-8.70386409759521,"Unknown"
"7014855",371852,2025-06-20 21:29:43,43.3690452575684,-8.7039852142334,"Unknown"
"7014855",371852,2025-06-20 21:34:32,43.3690338134766,-8.70411682128906,"Unknown"
"7014855",371852,2025-06-20 21:39:31,43.3688774108887,-8.7072696685791,"Unknown"
"7014855",371852,2025-06-20 21:44:34,43.3690338134766,-8.70700073242188,"Unknown"
"7014855",371852,2025-06-20 21:49:33,43.3684501647949,-8.70919322967529,"Unknown"
"7014855",371852,2025-06-20 21:54:35,43.368106842041,-8.70938014984131,"Unknown"
"7014855",371852,2025-06-20 21:59:33,43.3679885864258,-8.70912837982178,"Unknown"
"7014855",371852,2025-06-20 22:04:36,43.3676986694336,-8.70869922637939,"Unknown"
"7014855",371852,2025-06-20 22:09:37,43.3674812316895,-8.70817375183105,"Unknown"
"7014855",371852,2025-06-20 22:14:38,43.3680076599121,-8.70825576782227,"Unknown"
"7014855",371852,2025-06-20 22:19:35,43.3679504394531,-8.70831966400146,"Unknown"
"7014855",371852,2025-06-20 22:24:35,43.367992401123,-8.70844554901123,"Unknown"
"7014855",371852,2025-06-20 22:29:38,43.3682098388672,-8.70821380615234,"Unknown"
"7014855",371852,2025-06-20 22:34:31,43.3681526184082,-8.7081937789917,"Unknown"
"7014855",371852,2025-06-20 22:39:36,43.3686141967773,-8.70796966552734,"Unknown"
"7014855",371852,2025-06-20 22:44:36,43.3676452636719,-8.70767688751221,"Unknown"
"7014855",371852,2025-06-20 22:49:44,43.3673210144043,-8.70717906951904,"Unknown"
"7014855",371852,2025-06-20 22:54:36,43.3669776916504,-8.70663547515869,"Unknown"
"7014855",371852,2025-06-20 22:59:36,43.3666534423828,-8.70623874664307,"Unknown"
"7014855",371852,2025-06-20 23:04:31,43.3662605285645,-8.7061595916748,"Unknown"
"7014855",371852,2025-06-20 23:09:36,43.3660049438477,-8.70580101013184,"Unknown"
"7014855",371852,2025-06-20 23:14:36,43.3662757873535,-8.70540618896484,"Unknown"
"7014855",371852,2025-06-20 23:19:36,43.3663177490234,-8.70488452911377,"Unknown"
"7014855",371852,2025-06-20 23:24:38,43.3658256530762,-8.7044620513916,"Unknown"
"7014855",371852,2025-06-20 23:29:36,43.366024017334,-8.70403957366943,"Unknown"
"7014855",371852,2025-06-20 23:34:31,43.3656997680664,-8.70367622375488,"Unknown"
"7014855",371852,2025-06-20 23:39:36,43.3658142089844,-8.70335578918457,"Unknown"
"7014855",371852,2025-06-20 23:44:36,43.3659210205078,-8.70299625396729,"Unknown"
"7014855",371852,2025-06-20 23:49:31,43.3660850524902,-8.70266532897949,"Unknown"
"7014855",371852,2025-06-20 23:54:39,43.3658752441406,-8.70207405090332,"Unknown"
"7014855",371852,2025-06-20 23:59:38,43.3656959533691,-8.70129871368408,"Unknown"
"7014855",371852,2025-06-21 00:04:45,43.3664970397949,-8.701340675354,"Unknown"
"7014855",371852,2025-06-21 00:09:36,43.3666000366211,-8.70161056518555,"Unknown"
"7014855",371852,2025-06-21 00:14:33,43.3668212890625,-8.70165348052979,"Unknown"
"7014855",371852,2025-06-21 00:19:33,43.3668899536133,-8.70181655883789,"Unknown"
"7014855",371852,2025-06-21 00:24:34,43.366771697998,-8.70231914520264,"Unknown"
"7014855",371852,2025-06-21 00:29:33,43.3667182922363,-8.70358276367188,"Unknown"
"7014855",371852,2025-06-21 00:34:31,43.3670539855957,-8.70363521575928,"Unknown"
"7014855",371852,2025-06-21 00:39:34,43.3675193786621,-8.70383834838867,"Unknown"
"7014855",371852,2025-06-21 00:44:34,43.3677101135254,-8.70387649536133,"Unknown"
"7014855",371852,2025-06-21 00:49:36,43.3680458068848,-8.7044038772583,"Unknown"
"7014855",371852,2025-06-21 00:54:34,43.3681755065918,-8.70421981811523,"Unknown"
"7014855",371852,2025-06-21 00:59:34,43.3685455322266,-8.70470428466797,"Unknown"
"7014855",371852,2025-06-21 01:04:31,43.3689270019531,-8.70509243011475,"Unknown"
"7014855",371852,2025-06-21 01:09:31,43.3692436218262,-8.7054271697998,"Unknown"
"7014855",371852,2025-06-21 01:14:31,43.3694953918457,-8.70604515075684,"Unknown"
"7014855",371852,2025-06-21 01:19:30,43.3696212768555,-8.70638942718506,"Unknown"
"7014855",371852,2025-06-21 01:24:33,43.369987487793,-8.70698070526123,"Unknown"
"7014855",371852,2025-06-21 01:29:35,43.3696517944336,-8.70734310150146,"Unknown"
"7014855",371852,2025-06-21 01:34:31,43.3697052001953,-8.70774173736572,"Unknown"
"7014855",371852,2025-06-21 01:39:30,43.3701820373535,-8.7084264755249,"Unknown"
"7014855",371852,2025-06-21 01:44:33,43.3702011108398,-8.70994567871094,"Unknown"
"7014855",371852,2025-06-21 01:49:33,43.3704948425293,-8.71048545837402,"Unknown"
"7014855",371852,2025-06-21 01:54:30,43.3708724975586,-8.71109676361084,"Unknown"
"7014855",371852,2025-06-21 01:59:30,43.3711280822754,-8.71163558959961,"Unknown"
"7014855",371852,2025-06-21 02:04:31,43.3714904785156,-8.71212863922119,"Unknown"
"7014855",371852,2025-06-21 02:09:29,43.3717231750488,-8.71272277832031,"Unknown"
"7014855",371852,2025-06-21 02:14:29,43.3719024658203,-8.71326732635498,"Unknown"
"7014855",371852,2025-06-21 02:19:31,43.3722648620605,-8.71370697021484,"Unknown"
"7014855",371852,2025-06-21 02:24:30,43.3725051879883,-8.71428966522217,"Unknown"
"7014855",371852,2025-06-21 02:29:31,43.3727760314941,-8.71498775482178,"Unknown"
"7014855",371852,2025-06-21 02:34:30,43.3729515075684,-8.71565914154053,"Unknown"
"7014855",371852,2025-06-21 02:39:31,43.3734512329102,-8.71636867523193,"Unknown"
"7014855",371852,2025-06-21 02:44:31,43.3736953735352,-8.71685600280762,"Unknown"
"7014855",371852,2025-06-21 02:49:30,43.3739738464355,-8.71747303009033,"Unknown"
"7014855",371852,2025-06-21 02:54:30,43.3743553161621,-8.71793746948242,"Unknown"
"7014855",371852,2025-06-21 02:59:31,43.3747596740723,-8.71829795837402,"Unknown"
"7014855",371852,2025-06-21 03:04:31,43.3749198913574,-8.71869468688965,"Unknown"
"7014855",371852,2025-06-21 03:09:32,43.3753356933594,-8.71936798095703,"Unknown"
"7014855",371852,2025-06-21 03:14:35,43.3757400512695,-8.71991634368896,"Unknown"
"7014855",371852,2025-06-21 03:19:31,43.3759880065918,-8.71992969512939,"Unknown"
"7014855",371852,2025-06-21 03:24:30,43.3764495849609,-8.72036933898926,"Unknown"
"7014855",371852,2025-06-21 03:29:33,43.3766632080078,-8.7200927734375,"Unknown"
"7014855",371852,2025-06-21 03:34:32,43.3769683837891,-8.72021389007568,"Unknown"
"7014855",371852,2025-06-21 03:39:32,43.3771324157715,-8.71990203857422,"Unknown"
"7014855",371852,2025-06-21 03:44:32,43.3771095275879,-8.71959590911865,"Unknown"
"7014855",371852,2025-06-21 03:49:29,43.3771934509277,-8.7196159362793,"Unknown"
"7014855",371852,2025-06-21 03:54:30,43.4004096984863,-8.71994686126709,"Unknown"
"7014855",371852,2025-06-21 03:59:30,43.431770324707,-8.73910140991211,"Unknown"
"7014855",371852,2025-06-21 04:04:30,43.4635581970215,-8.73460006713867,"Unknown"
"7014855",371852,2025-06-21 04:09:29,43.4826240539551,-8.75471496582031,"Unknown"
"7014855",371852,2025-06-21 04:14:34,43.5094604492188,-8.73477554321289,"Unknown"
"7014855",371852,2025-06-21 04:19:29,43.5246429443359,-8.72137355804443,"Unknown"
"7014855",371852,2025-06-21 04:24:29,43.5044631958008,-8.70875930786133,"Unknown"
"7014855",371852,2025-06-21 04:29:30,43.4876708984375,-8.68842124938965,"Unknown"
"7014855",371852,2025-06-21 04:34:30,43.4891090393066,-8.66580104827881,"Unknown"
"7014855",371852,2025-06-21 04:39:30,43.5194320678711,-8.63851547241211,"Unknown"
"7014855",371852,2025-06-21 04:44:30,43.536434173584,-8.64873504638672,"Unknown"
"7014855",371852,2025-06-21 04:49:30,43.5143280029297,-8.63611316680908,"Unknown"
"7014855",371852,2025-06-21 04:54:30,43.4927253723145,-8.61891174316406,"Unknown"
"7014855",371852,2025-06-21 04:59:29,43.4702415466309,-8.59613990783691,"Unknown"
"7014855",371852,2025-06-21 05:04:30,43.4509048461914,-8.57284069061279,"Unknown"
"7014855",371852,2025-06-21 05:09:29,43.4320678710938,-8.54470443725586,"Unknown"
"7014855",371852,2025-06-21 05:14:30,43.4112281799316,-8.52437686920166,"Unknown"
"7014855",371852,2025-06-21 05:19:34,43.3898010253906,-8.50557041168213,"Unknown"
"7014855",371852,2025-06-21 05:24:31,43.3737945556641,-8.48396682739258,"Unknown"
"7014855",371852,2025-06-21 05:29:34,43.3741226196289,-8.48396110534668,"Unknown"
"7014855",371852,2025-06-21 05:34:31,43.3628692626953,-8.48137092590332,"Unknown"
"7014855",371852,2025-06-21 05:39:32,43.3525009155273,-8.47795963287354,"Unknown"
"7014855",371852,2025-06-21 05:44:34,43.3525733947754,-8.47800827026367,"Unknown"
"7014855",371852,2025-06-21 05:49:30,43.3534736633301,-8.48052787780762,"Unknown"
"7014855",371852,2025-06-21 05:54:30,43.3532180786133,-8.48849773406982,"Unknown"
"7014855",371852,2025-06-21 05:59:30,43.3514709472656,-8.52024269104004,"Unknown"
"7014855",371852,2025-06-21 06:04:30,43.3515090942383,-8.52024841308594,"Unknown"
"7014855",371852,2025-06-21 06:09:31,43.3514862060547,-8.52027130126953,"Unknown"
"7014855",371852,2025-06-21 06:14:31,43.3512573242188,-8.5197286605835,"Unknown"
"7014855",371852,2025-06-21 06:19:30,43.3513450622559,-8.51990795135498,"Unknown"
"7014855",371852,2025-06-21 06:24:30,43.3455963134766,-8.52457714080811,"Unknown"
"7014855",371852,2025-06-21 06:29:29,43.3192977905273,-8.52034664154053,"Unknown"
"7014855",371852,2025-06-21 06:34:30,43.2947654724121,-8.50457191467285,"Unknown"
"7014855",371852,2025-06-21 06:39:34,43.276725769043,-8.48609352111816,"Unknown"
"7014855",371852,2025-06-21 06:44:35,43.252140045166,-8.48206329345703,"Unknown"
"7014855",371852,2025-06-21 06:49:31,43.223819732666,-8.47155475616455,"Unknown"
"7014855",371852,2025-06-21 06:54:32,43.1951789855957,-8.46935939788818,"Unknown"
"7014855",371852,2025-06-21 06:59:30,43.1667366027832,-8.4635763168335,"Unknown"
"7014855",371852,2025-06-21 07:04:30,43.1359596252441,-8.47181510925293,"Unknown"
"7014855",371852,2025-06-21 07:09:31,43.1299438476562,-8.47252368927002,"Unknown"
"7014855",371852,2025-06-21 07:14:34,43.1301040649414,-8.47240352630615,"Unknown"
"7014855",371852,2025-06-21 07:19:30,43.1301879882812,-8.4722375869751,"Unknown"
"7014855",371852,2025-06-21 07:24:33,43.1290512084961,-8.47240924835205,"Unknown"
"7014855",371852,2025-06-21 07:29:30,43.129077911377,-8.47227478027344,"Unknown"
"7014855",371852,2025-06-21 07:34:30,43.1289138793945,-8.47239398956299,"Unknown"
"7014855",371852,2025-06-21 07:39:32,43.1289672851562,-8.47224903106689,"Unknown"
"7014855",371852,2025-06-21 07:44:39,43.129035949707,-8.47226333618164,"Unknown"
"7014855",371852,2025-06-21 07:49:36,43.129035949707,-8.47233772277832,"Unknown"
"7014855",371852,2025-06-21 07:54:29,43.1297912597656,-8.47260284423828,"Unknown"
"7014855",371852,2025-06-21 07:59:29,43.1297912597656,-8.47254848480225,"Unknown"
"7014855",371852,2025-06-21 08:04:29,43.1298294067383,-8.47253131866455,"Unknown"
"7014855",371852,2025-06-21 08:09:29,43.1299591064453,-8.47321510314941,"Unknown"
"7014855",371852,2025-06-21 08:14:28,43.1375694274902,-8.49367809295654,"Unknown"
"7014855",371852,2025-06-21 08:19:30,43.1455154418945,-8.53037261962891,"Unknown"
"7014855",371852,2025-06-21 08:24:29,43.1613540649414,-8.57353687286377,"Unknown"
"7014855",371852,2025-06-21 08:29:29,43.1898078918457,-8.60600852966309,"Unknown"
"7014855",371852,2025-06-21 08:34:29,43.2093772888184,-8.62445831298828,"Unknown"
"7014855",371852,2025-06-21 08:39:29,43.2208595275879,-8.63609313964844,"Unknown"
"7014855",371852,2025-06-21 08:44:30,43.2384071350098,-8.65119552612305,"Unknown"
"7014855",371852,2025-06-21 08:49:29,43.2584953308105,-8.67131233215332,"Unknown"
"7014855",371852,2025-06-21 08:54:29,43.2807579040527,-8.70765018463135,"Unknown"
"7014855",371852,2025-06-21 08:59:31,43.2936820983887,-8.73309230804443,"Unknown"
"7014855",371852,2025-06-21 09:04:30,43.3029937744141,-8.75958251953125,"Unknown"
"7014855",371852,2025-06-21 09:09:29,43.3198623657227,-8.79521465301514,"Unknown"
"7014855",371852,2025-06-21 09:14:29,43.3366737365723,-8.82188606262207,"Unknown"
"7014855",371852,2025-06-21 09:19:29,43.3601455688477,-8.84677124023438,"Unknown"
"7014855",371852,2025-06-21 09:24:32,43.3599166870117,-8.84288597106934,"Unknown"
"7014855",371852,2025-06-21 09:29:35,43.3598976135254,-8.84285545349121,"Unknown"
"7014855",371852,2025-06-21 09:34:37,43.3603324890137,-8.84305191040039,"Unknown"
"7014855",371852,2025-06-21 09:39:31,43.3604583740234,-8.84296417236328,"Unknown"
"7014855",371852,2025-06-21 09:44:30,43.3601341247559,-8.84319686889648,"Unknown"
"7014855",371852,2025-06-21 09:49:30,43.3602600097656,-8.84303951263428,"Unknown"
"7014855",371852,2025-06-21 09:54:30,43.3602523803711,-8.84296226501465,"Unknown"
"7014855",371852,2025-06-21 09:59:30,43.3601875305176,-8.84334564208984,"Unknown"
"7014855",371852,2025-06-21 10:04:30,43.3600730895996,-8.84269046783447,"Unknown"
"7014855",371852,2025-06-21 10:09:29,43.3601570129395,-8.84310054779053,"Unknown"
"7014855",371852,2025-06-21 10:14:34,43.3603096008301,-8.84278774261475,"Unknown"
"7014855",371852,2025-06-21 10:19:29,43.3603286743164,-8.84307289123535,"Unknown"
"7014855",371852,2025-06-21 10:24:30,43.3605537414551,-8.84296131134033,"Unknown"
"7014855",371852,2025-06-21 10:29:30,43.3606109619141,-8.84306716918945,"Unknown"
"7014855",371852,2025-06-21 10:34:30,43.3604354858398,-8.84273147583008,"Unknown"
"7014855",371852,2025-06-21 10:39:31,43.3605346679688,-8.84283351898193,"Unknown"
"7014855",371852,2025-06-21 10:44:30,43.3605575561523,-8.84272480010986,"Unknown"
"7014855",371852,2025-06-21 10:49:30,43.3604011535645,-8.84301948547363,"Unknown"
"7014855",371852,2025-06-21 10:54:30,43.3604202270508,-8.84293651580811,"Unknown"
"7014855",371852,2025-06-21 10:59:31,43.3603515625,-8.84291744232178,"Unknown"
"7014855",371852,2025-06-21 11:04:30,43.3603630065918,-8.84273052215576,"Unknown"
"7014855",371852,2025-06-21 11:09:32,43.3604011535645,-8.84276580810547,"Unknown"
"7014855",371852,2025-06-21 11:14:30,43.3603897094727,-8.8427906036377,"Unknown"
"7014855",371852,2025-06-21 11:19:31,43.3603782653809,-8.84285449981689,"Unknown"
"7014855",371852,2025-06-21 11:24:32,43.3603324890137,-8.84286022186279,"Unknown"
"7014855",371852,2025-06-21 11:29:31,43.3603668212891,-8.84266662597656,"Unknown"
"7014855",371852,2025-06-21 11:34:31,43.3605270385742,-8.84286308288574,"Unknown"
"7014855",371852,2025-06-21 11:39:30,43.3604202270508,-8.84283256530762,"Unknown"
"7014855",371852,2025-06-21 11:44:35,43.3604393005371,-8.84293937683105,"Unknown"
"7014855",371852,2025-06-21 11:49:30,43.360595703125,-8.84294605255127,"Unknown"
"7014855",371852,2025-06-21 11:54:29,43.3603477478027,-8.8429536819458,"Unknown"
"7014855",371852,2025-06-21 11:59:30,43.3602638244629,-8.84324645996094,"Unknown"
"7014855",371852,2025-06-21 12:04:30,43.3602561950684,-8.84298992156982,"Unknown"
"7014855",371852,2025-06-21 12:09:30,43.3603401184082,-8.84298896789551,"Unknown"
"7014855",371852,2025-06-21 12:14:30,43.3603744506836,-8.84305763244629,"Unknown"
"7014855",371852,2025-06-21 12:19:30,43.3603820800781,-8.84306335449219,"Unknown"
"7014855",371852,2025-06-21 12:25:05,43.3603439331055,-8.84307765960693,"Unknown"
"7014855",371852,2025-06-21 12:30:08,43.3603515625,-8.84296321868896,"Unknown"
"7014855",371852,2025-06-21 12:35:10,43.362060546875,-8.84499835968018,"Unknown"
"7014855",371852,2025-06-21 12:40:05,43.3612442016602,-8.84413433074951,"Unknown"
"7014855",371852,2025-06-21 12:45:08,43.3609733581543,-8.83438014984131,"Unknown"
"7014855",371852,2025-06-21 12:50:30,43.361457824707,-8.83428573608398,"Unknown"
"7014855",371852,2025-06-21 12:56:27,43.3611946105957,-8.83389759063721,"Unknown"
"7014855",371852,2025-06-21 13:00:05,43.3614234924316,-8.83381462097168,"Unknown"
"7014855",371852,2025-06-21 13:05:10,43.3610496520996,-8.83393287658691,"Unknown"
"7014855",371852,2025-06-21 13:10:07,43.3611679077148,-8.83410167694092,"Unknown"
"7014855",371852,2025-06-21 13:15:06,43.3610191345215,-8.83400249481201,"Unknown"
"7014855",371852,2025-06-21 13:20:09,43.3610572814941,-8.83395957946777,"Unknown"
"7014855",371852,2025-06-21 13:25:04,43.3610382080078,-8.83391666412354,"Unknown"
"7014855",371852,2025-06-21 13:30:11,43.361026763916,-8.83372020721436,"Unknown"
"7014855",371852,2025-06-21 13:35:19,43.3623313903809,-8.83415985107422,"Unknown"
"7014855",371852,2025-06-21 13:40:21,43.3611297607422,-8.83415412902832,"Unknown"
"7014855",371852,2025-06-21 13:45:04,43.3572654724121,-8.80901622772217,"Unknown"
"7014855",371852,2025-06-21 13:50:06,43.3233871459961,-8.78368473052979,"Unknown"
"7014855",371852,2025-06-21 13:55:04,43.3024368286133,-8.76157188415527,"Unknown"
"7014855",371852,2025-06-21 14:00:05,43.2940216064453,-8.74441814422607,"Unknown"
"7014855",371852,2025-06-21 14:05:06,43.2941360473633,-8.73313236236572,"Unknown"
"7014855",371852,2025-06-21 14:10:06,43.2941665649414,-8.73339462280273,"Unknown"
"7014855",371852,2025-06-21 14:15:07,43.2940406799316,-8.73333835601807,"Unknown"
"7014855",371852,2025-06-21 14:20:06,43.2808036804199,-8.70491504669189,"Unknown"
"7014855",371852,2025-06-21 14:25:06,43.2668037414551,-8.68223667144775,"Unknown"
"7014855",371852,2025-06-21 14:30:04,43.2431106567383,-8.64309215545654,"Unknown"
"7014855",371852,2025-06-21 14:35:04,43.2218055725098,-8.62302589416504,"Unknown"
"7014855",371852,2025-06-21 14:40:06,43.2026672363281,-8.60515785217285,"Unknown"
"7014855",371852,2025-06-21 14:45:04,43.1919555664062,-8.59369659423828,"Unknown"
"7014855",371852,2025-06-21 14:50:04,43.1726036071777,-8.56598949432373,"Unknown"
"7014855",371852,2025-06-21 14:55:04,43.1502456665039,-8.53089809417725,"Unknown"
"7014855",371852,2025-06-21 15:00:06,43.1369285583496,-8.50087547302246,"Unknown"
"7014855",371852,2025-06-21 15:05:04,43.1306991577148,-8.4721851348877,"Unknown"
"7014855",371852,2025-06-21 15:10:04,43.1305046081543,-8.47179698944092,"Unknown"
"7014855",371852,2025-06-21 15:15:04,43.1303291320801,-8.47219562530518,"Unknown"
"7014855",371852,2025-06-21 15:20:07,43.1304588317871,-8.47222328186035,"Unknown"
"7014855",371852,2025-06-21 15:25:04,43.1304664611816,-8.47182655334473,"Unknown"
"7014855",371852,2025-06-21 15:30:04,43.1305313110352,-8.47207260131836,"Unknown"
"7014855",371852,2025-06-21 15:35:04,43.130672454834,-8.47175884246826,"Unknown"
"7014855",371852,2025-06-21 15:40:07,43.1296348571777,-8.47185802459717,"Unknown"
"7014855",371852,2025-06-21 15:45:06,43.1296806335449,-8.47197532653809,"Unknown"
"7014855",371852,2025-06-21 15:50:04,43.1296043395996,-8.4719762802124,"Unknown"
"7014855",371852,2025-06-21 15:55:04,43.1296119689941,-8.47205448150635,"Unknown"
"7014855",371852,2025-06-21 16:00:04,43.1297035217285,-8.47187900543213,"Unknown"
"7014855",371852,2025-06-21 16:05:04,43.1305084228516,-8.47200584411621,"Unknown"
"7014855",371852,2025-06-21 16:10:06,43.1304740905762,-8.47198677062988,"Unknown"
"7014855",371852,2025-06-21 16:15:07,43.1293792724609,-8.47111320495605,"Unknown"
"7014855",371852,2025-06-21 16:20:04,43.1125640869141,-8.49063873291016,"Unknown"
"7014855",371852,2025-06-21 16:25:04,43.0989952087402,-8.49773979187012,"Unknown"
"7014855",371852,2025-06-21 16:30:04,43.0988807678223,-8.49774265289307,"Unknown"
"7014855",371852,2025-06-21 16:35:04,43.0947875976562,-8.49284934997559,"Unknown"
"7014855",371852,2025-06-21 16:40:04,43.0948028564453,-8.49296760559082,"Unknown"
"7014855",371852,2025-06-21 16:45:04,43.0947570800781,-8.4929370880127,"Unknown"
"7014855",371852,2025-06-21 16:50:04,43.0947914123535,-8.49298286437988,"Unknown"
"7014855",371852,2025-06-21 16:55:07,43.0946159362793,-8.49312400817871,"Unknown"
"7014855",371852,2025-06-21 17:00:06,43.0966339111328,-8.49606323242188,"Unknown"
"7014855",371852,2025-06-21 17:05:04,43.1027336120605,-8.4966287612915,"Unknown"
"7014855",371852,2025-06-21 17:10:07,43.1245765686035,-8.50685882568359,"Unknown"
"7014855",371852,2025-06-21 17:15:06,43.1462936401367,-8.53575134277344,"Unknown"
"7014855",371852,2025-06-21 17:20:04,43.1435966491699,-8.53781700134277,"Unknown"
"7014855",371852,2025-06-21 17:25:06,43.1676902770996,-8.56524276733398,"Unknown"
"7014855",371852,2025-06-21 17:30:04,43.1840286254883,-8.57699012756348,"Unknown"
"7014855",371852,2025-06-21 17:35:06,43.2016792297363,-8.59672164916992,"Unknown"
"7014855",371852,2025-06-21 17:40:04,43.2217559814453,-8.61166858673096,"Unknown"
"7014855",371852,2025-06-21 17:45:06,43.238597869873,-8.63665771484375,"Unknown"
"7014855",371852,2025-06-21 17:50:04,43.2618408203125,-8.65822124481201,"Unknown"
"7014855",371852,2025-06-21 17:55:06,43.2849655151367,-8.68796920776367,"Unknown"
"7014855",371852,2025-06-21 18:00:06,43.2947807312012,-8.72517776489258,"Unknown"
"7014855",371852,2025-06-21 18:05:05,43.2988204956055,-8.7529764175415,"Unknown"
"7014855",371852,2025-06-21 18:10:08,43.3026390075684,-8.7833366394043,"Unknown"
"7014855",371852,2025-06-21 18:15:04,43.3246955871582,-8.80991172790527,"Unknown"
"7014855",371852,2025-06-21 18:20:05,43.3489570617676,-8.83253479003906,"Unknown"
"7014855",371852,2025-06-21 18:25:07,43.360221862793,-8.84321308135986,"Unknown"
"7014855",371852,2025-06-21 18:30:08,43.3603096008301,-8.84305953979492,"Unknown"
"7014855",371852,2025-06-21 18:35:09,43.3602638244629,-8.84310817718506,"Unknown"
"7014855",371852,2025-06-21 18:40:06,43.3602294921875,-8.84321022033691,"Unknown"
"7014855",371852,2025-06-21 18:45:06,43.3603897094727,-8.84303379058838,"Unknown"
"7014855",371852,2025-06-21 18:50:08,43.3603744506836,-8.84303569793701,"Unknown"
"7014855",371852,2025-06-21 18:55:06,43.3603782653809,-8.84323692321777,"Unknown"
"7014855",371852,2025-06-21 19:00:08,43.3603172302246,-8.84315204620361,"Unknown"
"7014855",371852,2025-06-21 19:05:09,43.3602485656738,-8.8432149887085,"Unknown"
"7014855",371852,2025-06-21 19:10:07,43.3603096008301,-8.84311008453369,"Unknown"
"7014855",371852,2025-06-21 19:15:06,43.3603248596191,-8.84312057495117,"Unknown"
"7014855",371852,2025-06-21 19:20:06,43.3603057861328,-8.84302425384521,"Unknown"
"7014855",371852,2025-06-21 19:25:08,43.3602714538574,-8.84307670593262,"Unknown"
"7014855",371852,2025-06-21 19:30:07,43.3603515625,-8.84318351745605,"Unknown"
"7014855",371852,2025-06-21 19:35:07,43.3603019714355,-8.84310245513916,"Unknown"
"7014855",371852,2025-06-21 19:40:07,43.3603286743164,-8.84313583374023,"Unknown"
"7014855",371852,2025-06-21 19:45:08,43.3603210449219,-8.84314250946045,"Unknown"
"7014855",371852,2025-06-21 19:50:04,43.3603820800781,-8.84330081939697,"Unknown"
"7014855",371852,2025-06-21 19:55:08,43.3603630065918,-8.84330654144287,"Unknown"
"7014855",371852,2025-06-21 20:00:08,43.3602905273438,-8.84333229064941,"Unknown"
"7014855",371852,2025-06-21 20:05:07,43.3601226806641,-8.84335613250732,"Unknown"
"7014855",371852,2025-06-21 20:10:06,43.3601875305176,-8.84329128265381,"Unknown"
"7014855",371852,2025-06-21 20:15:07,43.3599586486816,-8.84309101104736,"Unknown"
"7014855",371852,2025-06-21 20:20:06,43.360294342041,-8.84359455108643,"Unknown"
"7014855",371852,2025-06-21 20:25:09,43.3600540161133,-8.84353828430176,"Unknown"
"7014855",371852,2025-06-21 20:30:07,43.3604011535645,-8.84346103668213,"Unknown"
"7014855",371852,2025-06-21 20:35:15,43.3601226806641,-8.84330654144287,"Unknown"
"7014855",371852,2025-06-21 20:40:06,43.3601417541504,-8.84320831298828,"Unknown"
"7014855",371852,2025-06-21 20:45:06,43.3602027893066,-8.84334850311279,"Unknown"
"7014855",371852,2025-06-21 20:50:04,43.3609809875488,-8.84446811676025,"Unknown"
"7014855",371852,2025-06-21 20:55:10,43.3621673583984,-8.81906795501709,"Unknown"
"7014855",371852,2025-06-21 21:00:13,43.3605995178223,-8.82031154632568,"Unknown"
"7014855",371852,2025-06-21 21:05:13,43.3592720031738,-8.81819629669189,"Unknown"
"7014855",371852,2025-06-21 21:10:13,43.3580894470215,-8.81855869293213,"Unknown"
"7014855",371852,2025-06-21 21:15:13,43.3564376831055,-8.818772315979,"Unknown"
"7014855",371852,2025-06-21 21:20:14,43.3549194335938,-8.81868839263916,"Unknown"
"7014855",371852,2025-06-21 21:25:13,43.3537559509277,-8.81931972503662,"Unknown"
"7014855",371852,2025-06-21 21:30:10,43.349967956543,-8.81515312194824,"Unknown"
"7014855",371852,2025-06-21 21:35:12,43.3399314880371,-8.79012203216553,"Unknown"
"7014855",371852,2025-06-21 21:40:15,43.3389091491699,-8.78893661499023,"Unknown"
"7014855",371852,2025-06-21 21:45:14,43.3379974365234,-8.78775310516357,"Unknown"
"7014855",371852,2025-06-21 21:50:10,43.337345123291,-8.7870397567749,"Unknown"
"7014855",371852,2025-06-21 21:55:15,43.3365440368652,-8.78727722167969,"Unknown"
"7014855",371852,2025-06-21 22:00:11,43.3356552124023,-8.78594589233398,"Unknown"
"7014855",371852,2025-06-21 22:05:10,43.335018157959,-8.78551483154297,"Unknown"
"7014855",371852,2025-06-21 22:10:09,43.3344955444336,-8.78501605987549,"Unknown"
"7014855",371852,2025-06-21 22:15:13,43.3338775634766,-8.78399658203125,"Unknown"
"7014855",371852,2025-06-21 22:20:10,43.3338241577148,-8.78394508361816,"Unknown"
"7014855",371852,2025-06-21 22:25:12,43.3334693908691,-8.78360939025879,"Unknown"
"7014855",371852,2025-06-21 22:30:10,43.3298149108887,-8.7777156829834,"Unknown"
"7014855",371852,2025-06-21 22:35:10,43.3287506103516,-8.77795791625977,"Unknown"
"7014855",371852,2025-06-21 22:40:10,43.3284492492676,-8.77893924713135,"Unknown"
"7014855",371852,2025-06-21 22:45:16,43.3284225463867,-8.77926254272461,"Unknown"
"7014855",371852,2025-06-21 22:50:11,43.3282852172852,-8.77925205230713,"Unknown"
"7014855",371852,2025-06-21 22:55:14,43.325984954834,-8.76815986633301,"Unknown"
"7014855",371852,2025-06-21 23:00:15,43.325984954834,-8.76845264434814,"Unknown"
"7014855",371852,2025-06-21 23:05:35,43.3263893127441,-8.76859188079834,"Unknown"
"7014855",371852,2025-06-21 23:10:05,43.3262329101562,-8.76871585845947,"Unknown"
"7014855",371852,2025-06-21 23:15:06,43.3266487121582,-8.76842021942139,"Unknown"
"7014855",371852,2025-06-21 23:20:09,43.3266296386719,-8.76849174499512,"Unknown"
"7014855",371852,2025-06-21 23:25:09,43.3264846801758,-8.76842308044434,"Unknown"
"7014855",371852,2025-06-21 23:30:07,43.3261833190918,-8.76839351654053,"Unknown"
"7014855",371852,2025-06-21 23:35:09,43.325511932373,-8.76881504058838,"Unknown"
"7014855",371852,2025-06-21 23:40:06,43.3251152038574,-8.76900959014893,"Unknown"
"7014855",371852,2025-06-21 23:45:07,43.324520111084,-8.76921653747559,"Unknown"
"7014855",371852,2025-06-21 23:50:11,43.3242111206055,-8.76949405670166,"Unknown"
"7014855",371852,2025-06-21 23:55:07,43.3241424560547,-8.76970863342285,"Unknown"
"7014855",371852,2025-06-22 00:00:11,43.3237953186035,-8.76979541778564,"Unknown"
"7014855",371852,2025-06-22 00:05:11,43.3232917785645,-8.77020359039307,"Unknown"
"7014855",371852,2025-06-22 00:10:09,43.322868347168,-8.77062129974365,"Unknown"
"7014855",371852,2025-06-22 00:15:10,43.3225173950195,-8.77104473114014,"Unknown"
"7014855",371852,2025-06-22 00:20:07,43.3222045898438,-8.77160739898682,"Unknown"
"7014855",371852,2025-06-22 00:25:05,43.321964263916,-8.77206134796143,"Unknown"
"7014855",371852,2025-06-22 00:30:06,43.3215675354004,-8.77226734161377,"Unknown"
"7014855",371852,2025-06-22 00:35:10,43.3216781616211,-8.77233600616455,"Unknown"
"7014855",371852,2025-06-22 00:40:06,43.3219871520996,-8.77235507965088,"Unknown"
"7014855",371852,2025-06-22 00:45:04,43.3222007751465,-8.77263450622559,"Unknown"
"7014855",371852,2025-06-22 00:50:09,43.3224716186523,-8.77302265167236,"Unknown"
"7014855",371852,2025-06-22 00:55:13,43.3222961425781,-8.77353096008301,"Unknown"
"7014855",371852,2025-06-22 01:00:09,43.3223266601562,-8.77407932281494,"Unknown"
"7014855",371852,2025-06-22 01:05:16,43.3224983215332,-8.77461528778076,"Unknown"
"7014855",371852,2025-06-22 01:10:11,43.3231163024902,-8.77519035339355,"Unknown"
"7014855",371852,2025-06-22 01:15:13,43.3228607177734,-8.77521133422852,"Unknown"
"7014855",371852,2025-06-22 01:20:09,43.3230667114258,-8.77575492858887,"Unknown"
"7014855",371852,2025-06-22 01:25:13,43.3227119445801,-8.77643489837646,"Unknown"
"7014855",371852,2025-06-22 01:30:13,43.3228797912598,-8.7771167755127,"Unknown"
"7014855",371852,2025-06-22 01:35:10,43.3228950500488,-8.77770233154297,"Unknown"
"7014855",371852,2025-06-22 01:40:31,43.3232421875,-8.7785530090332,"Unknown"
"7014855",371852,2025-06-22 01:45:04,43.3235702514648,-8.77912425994873,"Unknown"
"7014855",371852,2025-06-22 01:50:10,43.3236236572266,-8.77970790863037,"Unknown"
"7014855",371852,2025-06-22 01:55:06,43.3239135742188,-8.7802848815918,"Unknown"
"7014855",371852,2025-06-22 02:00:04,43.3237419128418,-8.78086757659912,"Unknown"
"7014855",371852,2025-06-22 02:05:04,43.3237037658691,-8.78128814697266,"Unknown"
"7014855",371852,2025-06-22 02:10:04,43.3238372802734,-8.78183650970459,"Unknown"
"7014855",371852,2025-06-22 02:15:04,43.323917388916,-8.78240299224854,"Unknown"
"7014855",371852,2025-06-22 02:20:04,43.3243255615234,-8.78275585174561,"Unknown"
"7014855",371852,2025-06-22 02:25:06,43.3247337341309,-8.78277397155762,"Unknown"
"7014855",371852,2025-06-22 02:30:07,43.3251724243164,-8.78260326385498,"Unknown"
"7014855",371852,2025-06-22 02:35:04,43.3255233764648,-8.78233909606934,"Unknown"
"7014855",371852,2025-06-22 02:40:07,43.3260459899902,-8.78232669830322,"Unknown"
"7014855",371852,2025-06-22 02:45:06,43.3263854980469,-8.7825345993042,"Unknown"
"7014855",371852,2025-06-22 02:50:06,43.3266754150391,-8.78269004821777,"Unknown"
"7014855",371852,2025-06-22 02:55:09,43.3271903991699,-8.78298091888428,"Unknown"
"7014855",371852,2025-06-22 03:00:09,43.3277435302734,-8.78323078155518,"Unknown"
"7014855",371852,2025-06-22 03:05:09,43.3283233642578,-8.78320026397705,"Unknown"
"7014855",371852,2025-06-22 03:10:06,43.3289413452148,-8.78335285186768,"Unknown"
"7014855",371852,2025-06-22 03:15:04,43.3295555114746,-8.78347587585449,"Unknown"
"7014855",371852,2025-06-22 03:20:09,43.3302574157715,-8.78362941741943,"Unknown"
"7014855",371852,2025-06-22 03:25:09,43.3310928344727,-8.78390789031982,"Unknown"
"7014855",371852,2025-06-22 03:30:07,43.3318901062012,-8.78411674499512,"Unknown"
"7014855",371852,2025-06-22 03:35:06,43.3326110839844,-8.7840518951416,"Unknown"
"7014855",371852,2025-06-22 03:40:09,43.3333549499512,-8.78411674499512,"Unknown"
"7014855",371852,2025-06-22 03:45:08,43.334056854248,-8.78426361083984,"Unknown"
"7014855",371852,2025-06-22 03:50:06,43.3348388671875,-8.78439521789551,"Unknown"
"7014855",371852,2025-06-22 03:55:09,43.335578918457,-8.78419017791748,"Unknown"
"7014855",371852,2025-06-22 04:00:09,43.3362846374512,-8.78416347503662,"Unknown"
"7014855",371852,2025-06-22 04:05:09,43.3370552062988,-8.78414726257324,"Unknown"
"7014855",371852,2025-06-22 04:10:12,43.3380470275879,-8.78443241119385,"Unknown"
"7014855",371852,2025-06-22 04:15:09,43.3390464782715,-8.784912109375,"Unknown"
"7014855",371852,2025-06-22 04:20:12,43.3412437438965,-8.7861213684082,"Unknown"
"7014855",371852,2025-06-22 04:25:09,43.3406143188477,-8.78915405273438,"Unknown"
"7014855",371852,2025-06-22 04:30:09,43.3538436889648,-8.81325912475586,"Unknown"
"7014855",371852,2025-06-22 04:35:11,43.3620948791504,-8.82354927062988,"Unknown"
"7014855",371852,2025-06-22 04:40:05,43.3606414794922,-8.82532787322998,"Unknown"
"7014855",371852,2025-06-22 04:45:16,43.3612022399902,-8.83379554748535,"Unknown"
"7014855",371852,2025-06-22 04:50:18,43.3610038757324,-8.83353900909424,"Unknown"
"7014855",371852,2025-06-22 04:55:13,43.3611717224121,-8.83404159545898,"Unknown"
"7014855",371852,2025-06-22 05:00:22,43.3612403869629,-8.83384609222412,"Unknown"
"7014855",371852,2025-06-22 05:05:10,43.3611106872559,-8.83400344848633,"Unknown"
"7014855",371852,2025-06-22 05:10:11,43.3619079589844,-8.83420753479004,"Unknown"
"7014855",371852,2025-06-22 05:15:09,43.3611869812012,-8.83401393890381,"Unknown"
"7014855",371852,2025-06-22 05:20:10,43.3608436584473,-8.83374214172363,"Unknown"
"7014855",371852,2025-06-22 05:25:04,43.3616142272949,-8.83438301086426,"Unknown"
"7014855",371852,2025-06-22 05:30:13,43.3611679077148,-8.83392238616943,"Unknown"
"7014855",371852,2025-06-22 05:35:09,43.3612060546875,-8.83394241333008,"Unknown"
"7014855",371852,2025-06-22 05:40:35,43.3600273132324,-8.84297275543213,"Unknown"
"7014855",371852,2025-06-22 05:45:07,43.3599548339844,-8.84300136566162,"Unknown"
"7014855",371852,2025-06-22 05:50:06,43.3599853515625,-8.84298419952393,"Unknown"
"7014855",371852,2025-06-22 05:55:08,43.359992980957,-8.84292602539062,"Unknown"
"7014855",371852,2025-06-22 06:00:07,43.3598670959473,-8.84298038482666,"Unknown"
"7014855",371852,2025-06-22 06:05:04,43.3599472045898,-8.84311294555664,"Unknown"
"7014855",371852,2025-06-22 06:10:06,43.3600425720215,-8.8431282043457,"Unknown"
"7014855",371852,2025-06-22 06:15:08,43.3600006103516,-8.84309005737305,"Unknown"
"7014855",371852,2025-06-22 06:20:05,43.3600234985352,-8.84303188323975,"Unknown"
"7014855",371852,2025-06-22 06:25:07,43.3599510192871,-8.84316444396973,"Unknown"
"7014855",371852,2025-06-22 06:30:06,43.3600997924805,-8.84339904785156,"Unknown"
"7014855",371852,2025-06-22 06:35:04,43.3601188659668,-8.84325408935547,"Unknown"
"7014855",371852,2025-06-22 06:40:06,43.3596878051758,-8.8430814743042,"Unknown"
"7014855",371852,2025-06-22 06:45:09,43.3598556518555,-8.84327411651611,"Unknown"
"7014855",371852,2025-06-22 06:50:07,43.3596305847168,-8.84340476989746,"Unknown"
"7014855",371852,2025-06-22 06:55:06,43.3599548339844,-8.84298038482666,"Unknown"
"7014855",371852,2025-06-22 07:00:04,43.359790802002,-8.8427791595459,"Unknown"
"7014855",371852,2025-06-22 07:05:04,43.3599433898926,-8.84285545349121,"Unknown"
"7014855",371852,2025-06-22 07:10:04,43.3598709106445,-8.84282970428467,"Unknown"
"7014855",371852,2025-06-22 07:15:07,43.359806060791,-8.8427848815918,"Unknown"
"7014855",371852,2025-06-22 07:20:04,43.3597717285156,-8.84309196472168,"Unknown"
"7014855",371852,2025-06-22 07:25:06,43.3595542907715,-8.84359264373779,"Unknown"
"7014855",371852,2025-06-22 07:30:06,43.3600082397461,-8.84301948547363,"Unknown"
"7014855",371852,2025-06-22 07:35:06,43.3600387573242,-8.84307479858398,"Unknown"
"7014855",371852,2025-06-22 07:40:07,43.3602561950684,-8.84261226654053,"Unknown"
"7014855",371852,2025-06-22 07:45:07,43.3602905273438,-8.84248542785645,"Unknown"
"7014855",371852,2025-06-22 07:50:07,43.3603706359863,-8.84225845336914,"Unknown"
"7014855",371852,2025-06-22 07:55:09,43.3603858947754,-8.84205055236816,"Unknown"
"7014855",371852,2025-06-22 08:00:09,43.3600387573242,-8.84365653991699,"Unknown"
"7014855",371852,2025-06-22 08:05:05,43.3590774536133,-8.83945655822754,"Unknown"
"7014855",371852,2025-06-22 08:10:04,43.3474426269531,-8.80513858795166,"Unknown"
"7014855",371852,2025-06-22 08:15:04,43.330150604248,-8.77648735046387,"Unknown"
"7014855",371852,2025-06-22 08:20:06,43.3079414367676,-8.76086521148682,"Unknown"
"7014855",371852,2025-06-22 08:25:08,43.2957229614258,-8.74974155426025,"Unknown"
"7014855",371852,2025-06-22 08:30:06,43.2941970825195,-8.74790382385254,"Unknown"
"7014855",371852,2025-06-22 08:35:07,43.2908210754395,-8.71967887878418,"Unknown"
"7014855",371852,2025-06-22 08:40:10,43.2763938903809,-8.68960285186768,"Unknown"
"7014855",371852,2025-06-22 08:45:06,43.2667503356934,-8.67299270629883,"Unknown"
"7014855",371852,2025-06-22 08:50:08,43.2487297058105,-8.64502620697021,"Unknown"
"7014855",371852,2025-06-22 08:55:09,43.2298736572266,-8.61963558197021,"Unknown"
"7014855",371852,2025-06-22 09:00:14,43.2106666564941,-8.60336303710938,"Unknown"
"7014855",371852,2025-06-22 09:05:10,43.1864395141602,-8.56597518920898,"Unknown"
"7014855",371852,2025-06-22 09:10:10,43.1713447570801,-8.53674221038818,"Unknown"
"7014855",371852,2025-06-22 09:15:07,43.1514549255371,-8.50571727752686,"Unknown"
"7014855",371852,2025-06-22 09:20:07,43.1302261352539,-8.47231292724609,"Unknown"
"7014855",371852,2025-06-22 09:25:09,43.1303482055664,-8.47203159332275,"Unknown"
"7014855",371852,2025-06-22 09:30:11,43.1301460266113,-8.47184562683105,"Unknown"
"7014855",371852,2025-06-22 09:35:04,43.1308097839355,-8.47206687927246,"Unknown"
"7014855",371852,2025-06-22 09:40:07,43.1305541992188,-8.47151374816895,"Unknown"
"7014855",371852,2025-06-22 09:45:08,43.1307716369629,-8.47139739990234,"Unknown"
"7014855",371852,2025-06-22 09:50:06,43.1302528381348,-8.47316837310791,"Unknown"
"7014855",371852,2025-06-22 09:55:09,43.1142616271973,-8.48936653137207,"Unknown"
"7014855",371852,2025-06-22 10:00:08,43.0985870361328,-8.49719047546387,"Unknown"
"7014855",371852,2025-06-22 10:05:13,43.0986785888672,-8.49729156494141,"Unknown"
"7014855",371852,2025-06-22 10:10:12,43.0982666015625,-8.50607872009277,"Unknown"
"7014855",371852,2025-06-22 10:15:13,43.1080131530762,-8.52279090881348,"Unknown"
"7014855",371852,2025-06-22 10:20:09,43.125732421875,-8.54040336608887,"Unknown"
"7014855",371852,2025-06-22 10:25:13,43.1463432312012,-8.56457710266113,"Unknown"
"7014855",371852,2025-06-22 10:30:08,43.154972076416,-8.57668590545654,"Unknown"
"7014855",371852,2025-06-22 10:35:07,43.1733512878418,-8.59063243865967,"Unknown"
"7014855",371852,2025-06-22 10:40:10,43.185905456543,-8.60349369049072,"Unknown"
"7014855",371852,2025-06-22 10:45:07,43.210262298584,-8.63222885131836,"Unknown"
"7014855",371852,2025-06-22 10:50:12,43.2212028503418,-8.64111423492432,"Unknown"
"7014855",371852,2025-06-22 10:55:43,43.2508659362793,-8.66547203063965,"Unknown"
"7014855",371852,2025-06-22 11:00:09,43.260066986084,-8.67611694335938,"Unknown"
"7014855",371852,2025-06-22 11:05:08,43.2828216552734,-8.6934700012207,"Unknown"
"7014855",371852,2025-06-22 11:10:08,43.305606842041,-8.73847961425781,"Unknown"
"7014855",371852,2025-06-22 11:15:30,43.3289947509766,-8.77890491485596,"Unknown"
"7014855",371852,2025-06-22 11:20:14,43.3443069458008,-8.81757259368896,"Unknown"
"7014855",371852,2025-06-22 11:25:10,43.3562660217285,-8.83958339691162,"Unknown"
"7014855",371852,2025-06-22 11:30:21,43.3609580993652,-8.84286975860596,"Unknown"
"7014855",371852,2025-06-22 11:35:09,43.3608627319336,-8.84278297424316,"Unknown"
"7014855",371852,2025-06-22 11:40:09,43.3610153198242,-8.84272480010986,"Unknown"
"7014855",371852,2025-06-22 11:45:13,43.361457824707,-8.84268283843994,"Unknown"
"7014855",371852,2025-06-22 11:50:09,43.3619117736816,-8.84277725219727,"Unknown"
"7014855",371852,2025-06-22 11:55:09,43.3614540100098,-8.84302997589111,"Unknown"
"7014855",371852,2025-06-22 12:00:08,43.3601379394531,-8.84328556060791,"Unknown"
"7014855",371852,2025-06-22 12:05:08,43.3624610900879,-8.84322643280029,"Unknown"
"7014855",371852,2025-06-22 12:10:07,43.3582038879395,-8.84337043762207,"Unknown"
"7014855",371852,2025-06-22 12:15:08,43.3590049743652,-8.84252548217773,"Unknown"
"7014855",371852,2025-06-22 12:20:11,43.3605804443359,-8.84588050842285,"Unknown"
"7014855",371852,2025-06-22 12:25:40,43.3595657348633,-8.84499454498291,"Unknown"
"7014855",371852,2025-06-22 12:30:30,43.3592491149902,-8.84564590454102,"Unknown"
"7014855",371852,2025-06-22 12:35:24,43.3598289489746,-8.84393787384033,"Unknown"
"7014855",371852,2025-06-22 12:40:24,43.3598403930664,-8.84735774993896,"Unknown"
"7014855",371852,2025-06-22 12:45:42,43.3592224121094,-8.84679794311523,"Unknown"
"7014855",371852,2025-06-22 12:50:24,43.3598480224609,-8.84340286254883,"Unknown"
"7014855",371852,2025-06-22 12:55:31,43.3583564758301,-8.84361743927002,"Unknown"
"7014855",371852,2025-06-22 13:00:36,43.3601303100586,-8.84291076660156,"Unknown"
"7014855",371852,2025-06-22 13:05:26,43.3588485717773,-8.84329032897949,"Unknown"
"7014855",371852,2025-06-22 13:10:25,43.3583793640137,-8.84243297576904,"Unknown"
"7014855",371852,2025-06-22 13:15:22,43.3599319458008,-8.8434886932373,"Unknown"
"7014855",371852,2025-06-22 13:20:24,43.3635749816895,-8.84330177307129,"Unknown"
"7014855",371852,2025-06-22 13:25:29,43.3592262268066,-8.84333229064941,"Unknown"
"7014855",371852,2025-06-22 13:30:20,43.3594856262207,-8.84328746795654,"Unknown"
"7014855",371852,2025-06-22 13:35:22,43.359546661377,-8.84350204467773,"Unknown"
"7014855",371852,2025-06-22 13:40:22,43.359561920166,-8.84349822998047,"Unknown"
"7014855",371852,2025-06-22 13:45:21,43.3596267700195,-8.84350967407227,"Unknown"
"7014855",371852,2025-06-22 13:50:20,43.3596992492676,-8.84317302703857,"Unknown"
"7014855",371852,2025-06-22 13:55:35,43.3590850830078,-8.84351921081543,"Unknown"
"7014855",371852,2025-06-22 14:00:22,43.3582305908203,-8.84416103363037,"Unknown"
"7014855",371852,2025-06-22 14:05:26,43.3588333129883,-8.84397029876709,"Unknown"
"7014855",371852,2025-06-22 14:10:22,43.3602485656738,-8.8427619934082,"Unknown"
"7014855",371852,2025-06-22 14:15:22,43.3599014282227,-8.84315490722656,"Unknown"
"7014855",371852,2025-06-22 14:20:29,43.3601493835449,-8.84280776977539,"Unknown"
"7014855",371852,2025-06-22 14:25:26,43.3602485656738,-8.84293174743652,"Unknown"
"7014855",371852,2025-06-22 14:30:44,43.3606185913086,-8.84232044219971,"Unknown"
"7014855",371852,2025-06-22 14:35:38,43.3606338500977,-8.84206962585449,"Unknown"
"7014855",371852,2025-06-22 14:40:32,43.3605461120605,-8.84198093414307,"Unknown"
"7014855",371852,2025-06-22 14:45:34,43.3603172302246,-8.84246730804443,"Unknown"
"7014855",371852,2025-06-22 14:50:29,43.3602409362793,-8.84249305725098,"Unknown"
"7014855",371852,2025-06-22 14:55:23,43.3601379394531,-8.84294128417969,"Unknown"
"7014855",371852,2025-06-22 15:00:31,43.3601989746094,-8.84280395507812,"Unknown"
"7014855",371852,2025-06-22 15:05:21,43.3602104187012,-8.84260749816895,"Unknown"
"7014855",371852,2025-06-22 15:10:26,43.3599739074707,-8.84234809875488,"Unknown"
"7014855",371852,2025-06-22 15:15:34,43.3599853515625,-8.84253311157227,"Unknown"
"7014855",371852,2025-06-22 15:21:14,43.3608283996582,-8.84387397766113,"Unknown"
"7014855",371852,2025-06-22 15:25:31,43.3608093261719,-8.84371376037598,"Unknown"
"7014855",371852,2025-06-22 15:31:02,43.3611145019531,-8.84408283233643,"Unknown"
"7014855",371852,2025-06-22 15:35:20,43.3609199523926,-8.83382511138916,"Unknown"
"7014855",371852,2025-06-22 15:40:28,43.361011505127,-8.8367280960083,"Unknown"
"7014855",371852,2025-06-22 15:45:43,43.3601913452148,-8.84320545196533,"Unknown"
"7014855",371852,2025-06-22 15:50:20,43.3596038818359,-8.84261989593506,"Unknown"
"7014855",371852,2025-06-22 15:55:23,43.3595581054688,-8.84260082244873,"Unknown"
"7014855",371852,2025-06-22 16:00:23,43.3593978881836,-8.84225082397461,"Unknown"
"7014855",371852,2025-06-22 16:05:23,43.3596801757812,-8.84316730499268,"Unknown"
"7014855",371852,2025-06-22 16:10:25,43.3603210449219,-8.84376430511475,"Unknown"
"7014855",371852,2025-06-22 16:15:23,43.3596992492676,-8.84300231933594,"Unknown"
"7014855",371852,2025-06-22 16:20:23,43.3599967956543,-8.84334564208984,"Unknown"
"7014855",371852,2025-06-22 16:25:24,43.3599815368652,-8.84321212768555,"Unknown"
"7014855",371852,2025-06-22 16:30:22,43.3598175048828,-8.84305953979492,"Unknown"
"7014855",371852,2025-06-22 16:35:23,43.3600082397461,-8.84325790405273,"Unknown"
"7014855",371852,2025-06-22 16:40:44,43.3597373962402,-8.84274673461914,"Unknown"
"7014855",371852,2025-06-22 16:45:22,43.3598747253418,-8.84305572509766,"Unknown"
"7014855",371852,2025-06-22 16:50:40,43.3600311279297,-8.84294700622559,"Unknown"
"7014855",371852,2025-06-22 16:55:21,43.3597755432129,-8.84285068511963,"Unknown"
"7014855",371852,2025-06-22 17:00:23,43.360523223877,-8.84310150146484,"Unknown"
"7014855",371852,2025-06-22 17:05:25,43.359001159668,-8.84098529815674,"Unknown"
"7014855",371852,2025-06-22 17:10:24,43.359058380127,-8.84104442596436,"Unknown"
"7014855",371852,2025-06-22 17:15:25,43.3598861694336,-8.84312057495117,"Unknown"
"7014855",371852,2025-06-22 17:20:19,43.3598442077637,-8.84326076507568,"Unknown"
"7014855",371852,2025-06-22 17:25:24,43.3599967956543,-8.84309387207031,"Unknown"
"7014855",371852,2025-06-22 17:30:21,43.3599128723145,-8.84304046630859,"Unknown"
"7014855",371852,2025-06-22 17:35:22,43.3596649169922,-8.84248828887939,"Unknown"
"7014855",371852,2025-06-22 17:40:21,43.3599586486816,-8.8430061340332,"Unknown"
"7014855",371852,2025-06-22 17:45:39,43.359992980957,-8.84292221069336,"Unknown"
"7014855",371852,2025-06-22 17:50:44,43.359935760498,-8.84269237518311,"Unknown"
"7014855",371852,2025-06-22 17:55:23,43.3594512939453,-8.84190845489502,"Unknown"
"7014855",371852,2025-06-22 18:00:24,43.3595886230469,-8.84230709075928,"Unknown"
"7014855",371852,2025-06-22 18:05:53,43.3600959777832,-8.84296035766602,"Unknown"
"7014855",371852,2025-06-22 18:10:20,43.3599586486816,-8.84303188323975,"Unknown"
"7014855",371852,2025-06-22 18:15:20,43.3599052429199,-8.8430814743042,"Unknown"
"7014855",371852,2025-06-22 18:20:21,43.3602180480957,-8.84323501586914,"Unknown"
"7014855",371852,2025-06-22 18:25:20,43.3602409362793,-8.84315204620361,"Unknown"
"7014855",371852,2025-06-22 18:30:20,43.3602676391602,-8.84305953979492,"Unknown"
"7014855",371852,2025-06-22 18:35:20,43.3600196838379,-8.84320068359375,"Unknown"
"7014855",371852,2025-06-22 18:40:20,43.3599128723145,-8.84310626983643,"Unknown"
"7014855",371852,2025-06-22 18:45:23,43.3594169616699,-8.84325218200684,"Unknown"
"7014855",371852,2025-06-22 18:50:22,43.3593902587891,-8.84373188018799,"Unknown"
"7014855",371852,2025-06-22 18:55:22,43.3595504760742,-8.84312057495117,"Unknown"
"7014855",371852,2025-06-22 19:00:21,43.3597793579102,-8.84292411804199,"Unknown"
"7014855",371852,2025-06-22 19:05:21,43.3594017028809,-8.84272956848145,"Unknown"
"7014855",371852,2025-06-22 19:10:21,43.3594512939453,-8.84294033050537,"Unknown"
"7014855",371852,2025-06-22 19:15:21,43.3595123291016,-8.84284782409668,"Unknown"
"7014855",371852,2025-06-22 19:20:21,43.3596000671387,-8.84298801422119,"Unknown"
"7014855",371852,2025-06-22 19:25:22,43.3596572875977,-8.8426399230957,"Unknown"
"7014855",371852,2025-06-22 19:30:21,43.3602523803711,-8.8432559967041,"Unknown"
"7014855",371852,2025-06-22 19:35:24,43.3600807189941,-8.84315013885498,"Unknown"
"7014855",371852,2025-06-22 19:40:21,43.3600845336914,-8.84333324432373,"Unknown"
"7014855",371852,2025-06-22 19:45:21,43.3590698242188,-8.84367084503174,"Unknown"
"7014855",371852,2025-06-22 19:50:21,43.3598518371582,-8.84275341033936,"Unknown"
"7014855",371852,2025-06-22 19:55:21,43.3598175048828,-8.84292793273926,"Unknown"
"7014855",371852,2025-06-22 20:00:21,43.3608894348145,-8.8414306640625,"Unknown"
"7014855",371852,2025-06-22 20:05:21,43.3580741882324,-8.83095169067383,"Unknown"
"7014855",371852,2025-06-22 20:10:21,43.3579177856445,-8.83035564422607,"Unknown"
"7014855",371852,2025-06-22 20:15:21,43.3578453063965,-8.83023834228516,"Unknown"
"7014855",371852,2025-06-22 20:20:21,43.3572692871094,-8.83141040802002,"Unknown"
"7014855",371852,2025-06-22 20:25:21,43.3650283813477,-8.82806968688965,"Unknown"
"7014855",371852,2025-06-22 20:30:22,43.3687591552734,-8.82773113250732,"Unknown"
"7014855",371852,2025-06-22 20:35:21,43.3676452636719,-8.82585525512695,"Unknown"
"7014855",371852,2025-06-22 20:40:22,43.3663787841797,-8.82464218139648,"Unknown"
"7014855",371852,2025-06-22 20:45:21,43.3652420043945,-8.82327651977539,"Unknown"
"7014855",371852,2025-06-22 20:50:21,43.3641090393066,-8.82258033752441,"Unknown"
"7014855",371852,2025-06-22 20:55:21,43.3630905151367,-8.82246875762939,"Unknown"
"7014855",371852,2025-06-22 21:00:21,43.3616104125977,-8.82177925109863,"Unknown"
"7014855",371852,2025-06-22 21:05:23,43.3599510192871,-8.82164096832275,"Unknown"
"7014855",371852,2025-06-22 21:10:22,43.3606376647949,-8.82027339935303,"Unknown"
"7014855",371852,2025-06-22 21:15:22,43.3572654724121,-8.82065200805664,"Unknown"
"7014855",371852,2025-06-22 21:20:27,43.3562507629395,-8.82077312469482,"Unknown"
"7014855",371852,2025-06-22 21:25:22,43.3560829162598,-8.81972122192383,"Unknown"
"7014855",371852,2025-06-22 21:30:22,43.3541641235352,-8.8192663192749,"Unknown"
"7014855",371852,2025-06-22 21:35:28,43.3519287109375,-8.8185920715332,"Unknown"
"7014855",371852,2025-06-22 21:40:28,43.3499908447266,-8.8186206817627,"Unknown"
"7014855",371852,2025-06-22 21:45:25,43.3482780456543,-8.81836414337158,"Unknown"
"7014855",371852,2025-06-22 21:50:28,43.3468589782715,-8.81744861602783,"Unknown"
"7014855",371852,2025-06-22 21:55:22,43.3448715209961,-8.8154878616333,"Unknown"
"7014855",371852,2025-06-22 22:00:28,43.343074798584,-8.81130981445312,"Unknown"
"7014855",371852,2025-06-22 22:05:25,43.3414001464844,-8.81041145324707,"Unknown"
"7014855",371852,2025-06-22 22:10:22,43.3399658203125,-8.80947685241699,"Unknown"
"7014855",371852,2025-06-22 22:15:24,43.3388481140137,-8.80859661102295,"Unknown"
"7014855",371852,2025-06-22 22:20:24,43.3377685546875,-8.80778121948242,"Unknown"
"7014855",371852,2025-06-22 22:25:24,43.3365173339844,-8.80664539337158,"Unknown"
"7014855",371852,2025-06-22 22:30:25,43.335636138916,-8.80547714233398,"Unknown"
"7014855",371852,2025-06-22 22:35:27,43.3347702026367,-8.80470371246338,"Unknown"
"7014855",371852,2025-06-22 22:40:27,43.3340911865234,-8.80392074584961,"Unknown"
"7014855",371852,2025-06-22 22:45:31,43.333251953125,-8.80302238464355,"Unknown"
"7014855",371852,2025-06-22 22:50:28,43.3325538635254,-8.80250835418701,"Unknown"
"7014855",371852,2025-06-22 22:55:28,43.3319053649902,-8.80113410949707,"Unknown"
"7014855",371852,2025-06-22 23:00:29,43.3310279846191,-8.80030059814453,"Unknown"
"7014855",371852,2025-06-22 23:05:27,43.3301849365234,-8.79982566833496,"Unknown"
"7014855",371852,2025-06-22 23:10:25,43.3300170898438,-8.79933738708496,"Unknown"
"7014855",371852,2025-06-22 23:15:59,43.3297424316406,-8.79860019683838,"Unknown"
"7014855",371852,2025-06-22 23:20:22,43.3294830322266,-8.79790592193604,"Unknown"
"7014855",371852,2025-06-22 23:25:22,43.3292694091797,-8.79691314697266,"Unknown"
"7014855",371852,2025-06-22 23:30:21,43.3293113708496,-8.79590702056885,"Unknown"
"7014855",371852,2025-06-22 23:35:21,43.3290710449219,-8.79483032226562,"Unknown"
"7014855",371852,2025-06-22 23:40:22,43.3291511535645,-8.79365539550781,"Unknown"
"7014855",371852,2025-06-22 23:45:21,43.3292388916016,-8.79222583770752,"Unknown"
"7014855",371852,2025-06-22 23:50:44,43.3306694030762,-8.78761768341064,"Unknown"
"7014855",371852,2025-06-22 23:55:23,43.3306884765625,-8.78704738616943,"Unknown"
"7014855",371852,2025-06-23 00:00:22,43.3310356140137,-8.78656005859375,"Unknown"
"7014855",371852,2025-06-23 00:05:23,43.3311462402344,-8.78640747070312,"Unknown"
"7014855",371852,2025-06-23 00:10:21,43.3314743041992,-8.78580570220947,"Unknown"
"7014855",371852,2025-06-23 00:15:21,43.3316535949707,-8.78538608551025,"Unknown"
"7014855",371852,2025-06-23 00:20:24,43.3305931091309,-8.78665161132812,"Unknown"
"7014855",371852,2025-06-23 00:25:33,43.3307991027832,-8.7860221862793,"Unknown"
"7014855",371852,2025-06-23 00:30:23,43.3307418823242,-8.78566837310791,"Unknown"
"7014855",371852,2025-06-23 00:35:24,43.3306083679199,-8.78558349609375,"Unknown"
"7014855",371852,2025-06-23 00:40:25,43.3306579589844,-8.78535556793213,"Unknown"
"7014855",371852,2025-06-23 00:45:22,43.3306350708008,-8.78495693206787,"Unknown"
"7014855",371852,2025-06-23 00:50:24,43.3306198120117,-8.7847785949707,"Unknown"
"7014855",371852,2025-06-23 00:55:53,43.3308563232422,-8.78479385375977,"Unknown"
"7014855",371852,2025-06-23 01:00:24,43.3311996459961,-8.78481674194336,"Unknown"
"7014855",371852,2025-06-23 01:05:44,43.3312721252441,-8.78522968292236,"Unknown"
"7014855",371852,2025-06-23 01:10:21,43.3313941955566,-8.78524684906006,"Unknown"
"7014855",371852,2025-06-23 01:15:21,43.3315124511719,-8.78518104553223,"Unknown"
"7014855",371852,2025-06-23 01:20:21,43.3319282531738,-8.78458118438721,"Unknown"
"7014855",371852,2025-06-23 01:25:23,43.3322296142578,-8.78434371948242,"Unknown"
"7014855",371852,2025-06-23 01:30:23,43.3324699401855,-8.78411483764648,"Unknown"
"7014855",371852,2025-06-23 01:35:44,43.3328475952148,-8.78372001647949,"Unknown"
"7014855",371852,2025-06-23 01:40:21,43.3329124450684,-8.78374767303467,"Unknown"
"7014855",371852,2025-06-23 01:45:21,43.3328628540039,-8.78374099731445,"Unknown"
"7014855",371852,2025-06-23 01:50:21,43.332935333252,-8.78369331359863,"Unknown"
"7014855",371852,2025-06-23 01:55:21,43.3330726623535,-8.78358459472656,"Unknown"
"7014855",371852,2025-06-23 02:00:21,43.3331756591797,-8.78344917297363,"Unknown"
"7014855",371852,2025-06-23 02:05:22,43.3332901000977,-8.78318119049072,"Unknown"
"7014855",371852,2025-06-23 02:10:21,43.3333740234375,-8.78296756744385,"Unknown"
"7014855",371852,2025-06-23 02:15:22,43.333366394043,-8.78273105621338,"Unknown"
"7014855",371852,2025-06-23 02:20:22,43.3334579467773,-8.78274822235107,"Unknown"
"7014855",371852,2025-06-23 02:25:23,43.3336601257324,-8.78241634368896,"Unknown"
"7014855",371852,2025-06-23 02:30:23,43.3335876464844,-8.78241348266602,"Unknown"
"7014855",371852,2025-06-23 02:35:22,43.3336639404297,-8.78199481964111,"Unknown"
"7014855",371852,2025-06-23 02:40:24,43.3338203430176,-8.78184986114502,"Unknown"
"7014855",371852,2025-06-23 02:45:22,43.3338966369629,-8.78171730041504,"Unknown"
"7014855",371852,2025-06-23 02:50:23,43.334098815918,-8.78156566619873,"Unknown"
"7014855",371852,2025-06-23 02:55:24,43.3342628479004,-8.78144264221191,"Unknown"
"7014855",371852,2025-06-23 03:00:25,43.3345413208008,-8.78104305267334,"Unknown"
"7014855",371852,2025-06-23 03:05:25,43.3344688415527,-8.77934455871582,"Unknown"
"7014855",371852,2025-06-23 03:10:22,43.3344459533691,-8.77917671203613,"Unknown"
"7014855",371852,2025-06-23 03:15:24,43.3346633911133,-8.7792444229126,"Unknown"
"7014855",371852,2025-06-23 03:20:23,43.3346557617188,-8.77991962432861,"Unknown"
"7014855",371852,2025-06-23 03:25:22,43.3348770141602,-8.78011894226074,"Unknown"
"7014855",371852,2025-06-23 03:30:23,43.3350486755371,-8.78053951263428,"Unknown"
"7014855",371852,2025-06-23 03:35:23,43.3351898193359,-8.7811279296875,"Unknown"
"7014855",371852,2025-06-23 03:40:23,43.3355369567871,-8.78131484985352,"Unknown"
"7014855",371852,2025-06-23 03:45:24,43.3357887268066,-8.78188896179199,"Unknown"
"7014855",371852,2025-06-23 03:50:23,43.3359184265137,-8.78238391876221,"Unknown"
"7014855",371852,2025-06-23 03:55:23,43.3361473083496,-8.7829532623291,"Unknown"
"7014855",371852,2025-06-23 04:00:22,43.3368110656738,-8.78373432159424,"Unknown"
"7014855",371852,2025-06-23 04:05:23,43.3248405456543,-8.80192852020264,"Unknown"
"7014855",371852,2025-06-23 04:10:40,43.3174133300781,-8.80330753326416,"Unknown"
"7014855",371852,2025-06-23 04:15:21,43.3173370361328,-8.80338191986084,"Unknown"
"7014855",371852,2025-06-23 04:20:21,43.3173866271973,-8.80341625213623,"Unknown"
"7014855",371852,2025-06-23 04:25:21,43.3174324035645,-8.80331039428711,"Unknown"
"7014855",371852,2025-06-23 04:30:21,43.3175392150879,-8.80336380004883,"Unknown"
"7014855",371852,2025-06-23 04:35:21,43.3174438476562,-8.80334377288818,"Unknown"
"7014855",371852,2025-06-23 04:40:21,43.3175430297852,-8.80319118499756,"Unknown"
"7014855",371852,2025-06-23 04:45:44,43.3174781799316,-8.80307865142822,"Unknown"
"7014855",371852,2025-06-23 04:50:21,43.3173370361328,-8.80292987823486,"Unknown"
"7014855",371852,2025-06-23 04:55:21,43.3173141479492,-8.80303192138672,"Unknown"
"7014855",371852,2025-06-23 05:00:21,43.3174285888672,-8.80314445495605,"Unknown"
"7014855",371852,2025-06-23 05:05:21,43.3174438476562,-8.80313014984131,"Unknown"
"7014855",371852,2025-06-23 05:10:21,43.3107604980469,-8.79489135742188,"Unknown"
"7014855",371852,2025-06-23 05:15:21,43.3035507202148,-8.78083896636963,"Unknown"
"7014855",371852,2025-06-23 05:20:21,43.303466796875,-8.78066825866699,"Unknown"
"7014855",371852,2025-06-23 05:25:21,43.3034248352051,-8.7807035446167,"Unknown"
"7014855",371852,2025-06-23 05:30:21,43.303638458252,-8.78088474273682,"Unknown"
"7014855",371852,2025-06-23 05:35:21,43.3034477233887,-8.78066539764404,"Unknown"
"7014855",371852,2025-06-23 05:40:21,43.3035011291504,-8.78072643280029,"Unknown"
"7014855",371852,2025-06-23 05:45:21,43.3034706115723,-8.78064346313477,"Unknown"
"7014855",371852,2025-06-23 05:50:21,43.3034744262695,-8.78063678741455,"Unknown"
"7014855",371852,2025-06-23 05:55:22,43.3034820556641,-8.78063297271729,"Unknown"
"7014855",371852,2025-06-23 06:00:21,43.3035011291504,-8.78060626983643,"Unknown"
"7014855",371852,2025-06-23 06:05:21,43.3034820556641,-8.78064250946045,"Unknown"
"7014855",371852,2025-06-23 06:10:22,43.303394317627,-8.78058528900146,"Unknown"
"7014855",371852,2025-06-23 06:15:23,43.3035469055176,-8.78056526184082,"Unknown"
"7014855",371852,2025-06-23 06:20:22,43.3035049438477,-8.78053665161133,"Unknown"
"7014855",371852,2025-06-23 06:25:22,43.3035163879395,-8.78051948547363,"Unknown"
"7014855",371852,2025-06-23 06:30:24,43.3035430908203,-8.78052139282227,"Unknown"
"7014855",371852,2025-06-23 06:35:22,43.3034591674805,-8.78055191040039,"Unknown"
"7014855",371852,2025-06-23 06:40:21,43.3036155700684,-8.78047466278076,"Unknown"
"7014855",371852,2025-06-23 06:45:53,43.303596496582,-8.78067302703857,"Unknown"
"7014855",371852,2025-06-23 06:50:21,43.3036689758301,-8.78063869476318,"Unknown"
"7014855",371852,2025-06-23 06:55:21,43.3035545349121,-8.78067398071289,"Unknown"
"7014855",371852,2025-06-23 07:00:53,43.3035736083984,-8.78069305419922,"Unknown"
"7014855",371852,2025-06-23 07:05:20,43.303524017334,-8.78065299987793,"Unknown"
"7014855",371852,2025-06-23 07:10:21,43.3035774230957,-8.78059864044189,"Unknown"
"7014855",371852,2025-06-23 07:15:20,43.303539276123,-8.78067207336426,"Unknown"
"7014855",371852,2025-06-23 07:20:21,43.3034744262695,-8.78067398071289,"Unknown"
"7014855",371852,2025-06-23 07:25:21,43.3034324645996,-8.78064060211182,"Unknown"
"7014855",371852,2025-06-23 07:30:21,43.3034858703613,-8.78066539764404,"Unknown"
"7014855",371852,2025-06-23 07:35:20,43.3034248352051,-8.78061676025391,"Unknown"
"7014855",371852,2025-06-23 07:40:21,43.300407409668,-8.77553367614746,"Unknown"
"7014855",371852,2025-06-23 07:45:21,43.2961502075195,-8.75238704681396,"Unknown"
"7014855",371852,2025-06-23 07:50:22,43.2940673828125,-8.73310089111328,"Unknown"
"7014855",371852,2025-06-23 07:55:21,43.2940330505371,-8.7331075668335,"Unknown"
"7014855",371852,2025-06-23 08:00:21,43.2940826416016,-8.73306941986084,"Unknown"
"7014855",371852,2025-06-23 08:05:21,43.2943115234375,-8.7332010269165,"Unknown"
"7014855",371852,2025-06-23 08:10:21,43.2942428588867,-8.73320770263672,"Unknown"
"7014855",371852,2025-06-23 08:15:21,43.2944946289062,-8.73352241516113,"Unknown"
"7014855",371852,2025-06-23 08:20:21,43.2942657470703,-8.73349952697754,"Unknown"
"7014855",371852,2025-06-23 08:25:22,43.2941589355469,-8.73337554931641,"Unknown"
"7014855",371852,2025-06-23 08:30:21,43.2941589355469,-8.73340034484863,"Unknown"
"7014855",371852,2025-06-23 08:35:21,43.2941665649414,-8.73336696624756,"Unknown"
"7014855",371852,2025-06-23 08:40:21,43.2941856384277,-8.73336315155029,"Unknown"
"7014855",371852,2025-06-23 08:45:21,43.2941665649414,-8.73331642150879,"Unknown"
"7014855",371852,2025-06-23 08:50:21,43.2941436767578,-8.73377799987793,"Unknown"
"7014855",371852,2025-06-23 08:55:21,43.2940139770508,-8.73385143280029,"Unknown"
"7014855",371852,2025-06-23 09:00:23,43.2939758300781,-8.73384761810303,"Unknown"
"7014855",371852,2025-06-23 09:05:21,43.2940139770508,-8.73390960693359,"Unknown"
"7014855",371852,2025-06-23 09:10:22,43.2940559387207,-8.73393630981445,"Unknown"
"7014855",371852,2025-06-23 09:15:30,43.2937927246094,-8.733811378479,"Unknown"
"7014855",371852,2025-06-23 09:20:44,43.2938041687012,-8.73383808135986,"Unknown"
"7014855",371852,2025-06-23 09:25:21,43.2936859130859,-8.73383235931396,"Unknown"
"7014855",371852,2025-06-23 09:30:22,43.2936553955078,-8.73384857177734,"Unknown"
"7014855",371852,2025-06-23 09:35:21,43.2934913635254,-8.73375129699707,"Unknown"
"7014855",371852,2025-06-23 09:40:21,43.2936325073242,-8.73359203338623,"Unknown"
"7014855",371852,2025-06-23 09:45:31,43.2933731079102,-8.73357582092285,"Unknown"
"7014855",371852,2025-06-23 09:50:21,43.2937927246094,-8.73350620269775,"Unknown"
"7014855",371852,2025-06-23 09:55:41,43.293773651123,-8.7338924407959,"Unknown"
"7014855",371852,2025-06-23 10:00:21,43.2937164306641,-8.73391532897949,"Unknown"
"7014855",371852,2025-06-23 10:05:21,43.2938346862793,-8.73386096954346,"Unknown"
"7014855",371852,2025-06-23 10:10:21,43.2938690185547,-8.73379325866699,"Unknown"
"7014855",371852,2025-06-23 10:15:21,43.2939300537109,-8.73382186889648,"Unknown"
"7014855",371852,2025-06-23 10:20:21,43.2940368652344,-8.73379993438721,"Unknown"
"7014855",371852,2025-06-23 10:25:30,43.2935371398926,-8.73415756225586,"Unknown"
"7014855",371852,2025-06-23 10:30:23,43.2938995361328,-8.73390007019043,"Unknown"
"7014855",371852,2025-06-23 10:35:21,43.2939147949219,-8.73387718200684,"Unknown"
"7014855",371852,2025-06-23 10:40:22,43.293888092041,-8.73394012451172,"Unknown"
"7014855",371852,2025-06-23 10:45:53,43.2939071655273,-8.7339563369751,"Unknown"
"7014855",371852,2025-06-23 10:50:20,43.2939529418945,-8.7339973449707,"Unknown"
"7014855",371852,2025-06-23 10:55:20,43.2940559387207,-8.7338695526123,"Unknown"
"7014855",371852,2025-06-23 11:00:20,43.2941360473633,-8.73392486572266,"Unknown"
"7014855",371852,2025-06-23 11:05:20,43.2939453125,-8.73392009735107,"Unknown"
"7014855",371852,2025-06-23 11:10:21,43.2937660217285,-8.73386287689209,"Unknown"
"7014855",371852,2025-06-23 11:15:21,43.2938232421875,-8.73387718200684,"Unknown"
"7014855",371852,2025-06-23 11:20:21,43.2939872741699,-8.73397445678711,"Unknown"
"7014855",371852,2025-06-23 11:25:21,43.2941551208496,-8.73397636413574,"Unknown"
"7014855",371852,2025-06-23 11:30:21,43.2942695617676,-8.73410701751709,"Unknown"
"7014855",371852,2025-06-23 11:35:21,43.2942199707031,-8.73417186737061,"Unknown"
"7014855",371852,2025-06-23 11:40:21,43.2942695617676,-8.73415660858154,"Unknown"
"7014855",371852,2025-06-23 11:45:22,43.2936897277832,-8.73382186889648,"Unknown"
"7014855",371852,2025-06-23 11:50:22,43.2930450439453,-8.73327541351318,"Unknown"
"7014855",371852,2025-06-23 11:55:23,43.2932586669922,-8.73352909088135,"Unknown"
"7014855",371852,2025-06-23 12:00:22,43.2938575744629,-8.73391151428223,"Unknown"
"7014855",371852,2025-06-23 12:05:33,43.293773651123,-8.73386859893799,"Unknown"
"7014855",371852,2025-06-23 12:10:21,43.2938652038574,-8.73393154144287,"Unknown"
"7014855",371852,2025-06-23 12:15:23,43.2937927246094,-8.73393440246582,"Unknown"
"7014855",371852,2025-06-23 12:20:20,43.2939338684082,-8.73419570922852,"Unknown"
"7014855",371852,2025-06-23 12:25:22,43.2937927246094,-8.73383712768555,"Unknown"
"7014855",371852,2025-06-23 12:30:20,43.2937240600586,-8.73382949829102,"Unknown"
"7014855",371852,2025-06-23 12:35:20,43.293815612793,-8.73380851745605,"Unknown"
"7014855",371852,2025-06-23 12:40:30,43.2938041687012,-8.73373126983643,"Unknown"
"7014855",371852,2025-06-23 12:45:25,43.2936859130859,-8.73372650146484,"Unknown"
"7014855",371852,2025-06-23 12:50:33,43.2935943603516,-8.73374462127686,"Unknown"
"7014855",371852,2025-06-23 12:55:22,43.2936935424805,-8.73390865325928,"Unknown"
"7014855",371852,2025-06-23 13:00:32,43.2941398620605,-8.73338603973389,"Unknown"
"7014855",371852,2025-06-23 13:05:21,43.294075012207,-8.73318290710449,"Unknown"
"7014855",371852,2025-06-23 13:10:27,43.2939682006836,-8.73345947265625,"Unknown"
"7014855",371852,2025-06-23 13:15:28,43.2938919067383,-8.73355579376221,"Unknown"
"7014855",371852,2025-06-23 13:20:27,43.2939796447754,-8.7333984375,"Unknown"
"7014855",371852,2025-06-23 13:25:25,43.2939491271973,-8.73351955413818,"Unknown"
"7014855",371852,2025-06-23 13:30:21,43.2940521240234,-8.7333459854126,"Unknown"
"7014855",371852,2025-06-23 13:35:29,43.2939491271973,-8.73345565795898,"Unknown"
"7014855",371852,2025-06-23 13:40:22,43.2937850952148,-8.73363590240479,"Unknown"
"7014855",371852,2025-06-23 13:45:21,43.2938423156738,-8.73363780975342,"Unknown"
"7014855",371852,2025-06-23 13:50:21,43.2937889099121,-8.73361396789551,"Unknown"
"7014855",371852,2025-06-23 13:55:21,43.293830871582,-8.73364925384521,"Unknown"
"7014855",371852,2025-06-23 14:00:22,43.2939491271973,-8.7337121963501,"Unknown"
"7014855",371852,2025-06-23 14:05:21,43.2940216064453,-8.73371315002441,"Unknown"
"7014855",371852,2025-06-23 14:10:21,43.2939071655273,-8.7337532043457,"Unknown"
"7014855",371852,2025-06-23 14:15:21,43.2940330505371,-8.73370838165283,"Unknown"
"7014855",371852,2025-06-23 14:20:21,43.2940101623535,-8.73380947113037,"Unknown"
"7014855",371852,2025-06-23 14:25:21,43.294261932373,-8.73302745819092,"Unknown"
"7014855",371852,2025-06-23 14:30:22,43.2939910888672,-8.73407459259033,"Unknown"
"7014855",371852,2025-06-23 14:35:22,43.294017791748,-8.73424434661865,"Unknown"
"7014855",371852,2025-06-23 14:40:22,43.2939262390137,-8.73430252075195,"Unknown"
"7014855",371852,2025-06-23 14:45:28,43.2940711975098,-8.73365879058838,"Unknown"
"7014855",371852,2025-06-23 14:50:29,43.2941207885742,-8.7335901260376,"Unknown"
"7014855",371852,2025-06-23 14:55:22,43.2941398620605,-8.73362636566162,"Unknown"
"7014855",371852,2025-06-23 15:00:30,43.2940902709961,-8.73366069793701,"Unknown"
"7014855",371852,2025-06-23 15:05:23,43.2941551208496,-8.73318386077881,"Unknown"
"7014855",371852,2025-06-23 15:10:27,43.2939796447754,-8.73362350463867,"Unknown"
"7014855",371852,2025-06-23 15:15:24,43.2940559387207,-8.73328685760498,"Unknown"
"7014855",371852,2025-06-23 15:21:23,43.2938232421875,-8.73314571380615,"Unknown"
"7014855",371852,2025-06-23 15:25:31,43.2937889099121,-8.73314476013184,"Unknown"
"7014855",371852,2025-06-23 15:30:23,43.2939529418945,-8.73347091674805,"Unknown"
"7014855",371852,2025-06-23 15:35:41,43.2937278747559,-8.73354721069336,"Unknown"
"7014855",371852,2025-06-23 15:40:22,43.2936782836914,-8.73357486724854,"Unknown"
"7014855",371852,2025-06-23 15:45:22,43.2940826416016,-8.73371124267578,"Unknown"
"7014855",371852,2025-06-23 15:50:22,43.2941856384277,-8.73406600952148,"Unknown"
"7014855",371852,2025-06-23 15:55:22,43.2936553955078,-8.73405456542969,"Unknown"
"7014855",371852,2025-06-23 16:00:22,43.2942199707031,-8.73404598236084,"Unknown"
"7014855",371852,2025-06-23 16:05:21,43.2939720153809,-8.73380947113037,"Unknown"
"7014855",371852,2025-06-23 16:10:22,43.294059753418,-8.73400974273682,"Unknown"
"7014855",371852,2025-06-23 16:15:24,43.2944259643555,-8.73492622375488,"Unknown"
"7014855",371852,2025-06-23 16:20:23,43.2940406799316,-8.73410892486572,"Unknown"
"7014855",371852,2025-06-23 16:25:27,43.293773651123,-8.73378467559814,"Unknown"
"7014855",371852,2025-06-23 16:30:44,43.2937965393066,-8.73372554779053,"Unknown"
"7014855",371852,2025-06-23 16:35:21,43.293701171875,-8.73358154296875,"Unknown"
"7014855",371852,2025-06-23 16:40:22,43.294116973877,-8.73435497283936,"Unknown"
"7014855",371852,2025-06-23 16:45:22,43.2939224243164,-8.73380279541016,"Unknown"
"7014855",371852,2025-06-23 16:50:22,43.2939643859863,-8.73408126831055,"Unknown"
"7014855",371852,2025-06-23 16:55:22,43.2939109802246,-8.73418426513672,"Unknown"
"7014855",371852,2025-06-23 17:00:22,43.2932739257812,-8.73282146453857,"Unknown"
"7014855",371852,2025-06-23 17:05:22,43.2935638427734,-8.73337364196777,"Unknown"
"7014855",371852,2025-06-23 17:10:23,43.2933959960938,-8.73324871063232,"Unknown"
"7014855",371852,2025-06-23 17:15:23,43.2938613891602,-8.733962059021,"Unknown"
"7014855",371852,2025-06-23 17:20:22,43.2938613891602,-8.73388004302979,"Unknown"
"7014855",371852,2025-06-23 17:25:22,43.2938194274902,-8.73382472991943,"Unknown"
"7014855",371852,2025-06-23 17:30:22,43.2934761047363,-8.7332592010498,"Unknown"
"7014855",371852,2025-06-23 17:35:23,43.2945327758789,-8.73392200469971,"Unknown"
"7014855",371852,2025-06-23 17:40:22,43.2944030761719,-8.7340841293335,"Unknown"
"7014855",371852,2025-06-23 17:45:22,43.2944526672363,-8.73396301269531,"Unknown"
"7014855",371852,2025-06-23 17:50:44,43.2943420410156,-8.73358917236328,"Unknown"
"7014855",371852,2025-06-23 17:55:30,43.294246673584,-8.73379039764404,"Unknown"
"7014855",371852,2025-06-23 18:00:30,43.2939376831055,-8.73397731781006,"Unknown"
"7014855",371852,2025-06-23 18:05:31,43.2940216064453,-8.73406982421875,"Unknown"
"7014855",371852,2025-06-23 18:10:52,43.2946472167969,-8.73431396484375,"Unknown"
"7014855",371852,2025-06-23 18:15:31,43.2939186096191,-8.73324584960938,"Unknown"
"7014855",371852,2025-06-23 18:20:31,43.2938041687012,-8.73302841186523,"Unknown"
"7014855",371852,2025-06-23 18:25:30,43.2937965393066,-8.73305511474609,"Unknown"
"7014855",371852,2025-06-23 18:30:30,43.2939224243164,-8.73331832885742,"Unknown"
"7014855",371852,2025-06-23 18:35:29,43.2937660217285,-8.73296451568604,"Unknown"
"7014855",371852,2025-06-23 18:40:44,43.2938003540039,-8.73328113555908,"Unknown"
"7014855",371852,2025-06-23 18:45:27,43.2937431335449,-8.7332763671875,"Unknown"
"7014855",371852,2025-06-23 18:50:30,43.2937927246094,-8.73325824737549,"Unknown"
"7014855",371852,2025-06-23 18:55:30,43.2936820983887,-8.7332181930542,"Unknown"
"7014855",371852,2025-06-23 19:00:22,43.293701171875,-8.73319625854492,"Unknown"
"7014855",371852,2025-06-23 19:05:22,43.2936096191406,-8.73299694061279,"Unknown"
"7014855",371852,2025-06-23 19:10:22,43.2936210632324,-8.73311138153076,"Unknown"
"7014855",371852,2025-06-23 19:15:22,43.2935333251953,-8.73301410675049,"Unknown"
"7014855",371852,2025-06-23 19:20:22,43.2936630249023,-8.73306369781494,"Unknown"
"7014855",371852,2025-06-23 19:25:22,43.2937774658203,-8.73312282562256,"Unknown"
"7014855",371852,2025-06-23 19:30:44,43.2938194274902,-8.73338031768799,"Unknown"
"7014855",371852,2025-06-23 19:35:27,43.2938423156738,-8.73340034484863,"Unknown"
"7014855",371852,2025-06-23 19:40:22,43.2940330505371,-8.73322868347168,"Unknown"
"7014855",371852,2025-06-23 19:45:23,43.2938041687012,-8.7335262298584,"Unknown"
"7014855",371852,2025-06-23 19:50:23,43.2938346862793,-8.73351287841797,"Unknown"
"7014855",371852,2025-06-23 19:55:22,43.2939491271973,-8.73339939117432,"Unknown"
"7014855",371852,2025-06-23 20:00:22,43.293872833252,-8.73363876342773,"Unknown"
"7014855",371852,2025-06-23 20:05:22,43.2939147949219,-8.73360347747803,"Unknown"
"7014855",371852,2025-06-23 20:10:22,43.2939567565918,-8.73359489440918,"Unknown"
"7014855",371852,2025-06-23 20:15:23,43.2939987182617,-8.73355960845947,"Unknown"
"7014855",371852,2025-06-23 20:20:22,43.2940406799316,-8.73403739929199,"Unknown"
"7014855",371852,2025-06-23 20:25:25,43.2949981689453,-8.73413753509521,"Unknown"
"7014855",371852,2025-06-23 20:30:23,43.2940902709961,-8.73470592498779,"Unknown"
"7014855",371852,2025-06-23 20:35:25,43.2952270507812,-8.73397636413574,"Unknown"
"7014855",371852,2025-06-23 20:40:30,43.2955703735352,-8.73380184173584,"Unknown"
"7014855",371852,2025-06-23 20:45:31,43.3065757751465,-8.71826267242432,"Unknown"
"7014855",371852,2025-06-23 20:50:31,43.3182525634766,-8.68961429595947,"Unknown"
"7014855",371852,2025-06-23 20:55:44,43.3335151672363,-8.6760368347168,"Unknown"
"7014855",371852,2025-06-23 21:00:43,43.3186950683594,-8.65739250183105,"Unknown"
"7014855",371852,2025-06-23 21:05:22,43.3090705871582,-8.64530754089355,"Unknown"
"7014855",371852,2025-06-23 21:10:22,43.3170166015625,-8.62189865112305,"Unknown"
"7014855",371852,2025-06-23 21:15:24,43.3222274780273,-8.59589958190918,"Unknown"
"7014855",371852,2025-06-23 21:20:24,43.3282661437988,-8.56143283843994,"Unknown"
"7014855",371852,2025-06-23 21:25:23,43.3427505493164,-8.53110885620117,"Unknown"
"7014855",371852,2025-06-23 21:30:23,43.345272064209,-8.52748966217041,"Unknown"
"7014855",371852,2025-06-23 21:35:25,43.3451652526855,-8.52777194976807,"Unknown"
"7014855",371852,2025-06-23 21:40:23,43.3451652526855,-8.52773475646973,"Unknown"
"7014855",371852,2025-06-23 21:45:24,43.345100402832,-8.52830696105957,"Unknown"
"7014855",371852,2025-06-23 21:50:23,43.3450584411621,-8.52812194824219,"Unknown"
"7014855",371852,2025-06-23 21:55:22,43.3449096679688,-8.52798366546631,"Unknown"
"7014855",371852,2025-06-23 22:00:44,43.3449516296387,-8.52777099609375,"Unknown"
"7014855",371852,2025-06-23 22:05:22,43.3449974060059,-8.5277795791626,"Unknown"
"7014855",371852,2025-06-23 22:10:22,43.3450775146484,-8.52794456481934,"Unknown"
"7014855",371852,2025-06-23 22:15:22,43.3451118469238,-8.52788162231445,"Unknown"
"7014855",371852,2025-06-23 22:20:22,43.3451271057129,-8.52777576446533,"Unknown"
"7014855",371852,2025-06-23 22:25:22,43.3452339172363,-8.52776050567627,"Unknown"
"7014855",371852,2025-06-23 22:30:23,43.3452682495117,-8.52794456481934,"Unknown"
"7014855",371852,2025-06-23 22:35:22,43.3450927734375,-8.52799320220947,"Unknown"
"7014855",371852,2025-06-23 22:40:22,43.3452377319336,-8.52778720855713,"Unknown"
"7014855",371852,2025-06-23 22:45:29,43.3451843261719,-8.52779006958008,"Unknown"
"7014855",371852,2025-06-23 22:50:22,43.3501892089844,-8.5182991027832,"Unknown"
"7014855",371852,2025-06-23 22:55:22,43.3501930236816,-8.51828765869141,"Unknown"
"7014855",371852,2025-06-23 23:00:22,43.3502731323242,-8.51812076568604,"Unknown"
"7014855",371852,2025-06-23 23:05:23,43.3502502441406,-8.51825332641602,"Unknown"
"7014855",371852,2025-06-23 23:10:22,43.3502998352051,-8.51815128326416,"Unknown"
"7014855",371852,2025-06-23 23:15:22,43.3502960205078,-8.5181827545166,"Unknown"
"7014855",371852,2025-06-23 23:20:22,43.3503227233887,-8.51810264587402,"Unknown"
"7014855",371852,2025-06-23 23:25:22,43.3501815795898,-8.51820373535156,"Unknown"
"7014855",371852,2025-06-23 23:30:22,43.3500366210938,-8.51848125457764,"Unknown"
"7014855",371852,2025-06-23 23:35:22,43.3500938415527,-8.51842498779297,"Unknown"
"7014855",371852,2025-06-23 23:40:22,43.3500633239746,-8.51843452453613,"Unknown"
"7014855",371852,2025-06-23 23:45:22,43.3500938415527,-8.51844024658203,"Unknown"
"7014855",371852,2025-06-23 23:50:23,43.3505439758301,-8.51811599731445,"Unknown"
"7014855",371852,2025-06-23 23:55:22,43.3505020141602,-8.51805782318115,"Unknown"
"7014855",371852,2025-06-24 00:00:23,43.3501358032227,-8.517822265625,"Unknown"
"7014855",371852,2025-06-24 00:05:23,43.3501052856445,-8.51834869384766,"Unknown"
"7014855",371852,2025-06-24 00:10:23,43.3500442504883,-8.51742839813232,"Unknown"
"7014855",371852,2025-06-24 00:15:23,43.3501205444336,-8.51840209960938,"Unknown"
"7014855",371852,2025-06-24 00:20:23,43.3501930236816,-8.51819038391113,"Unknown"
"7014855",371852,2025-06-24 00:25:23,43.3502655029297,-8.51797676086426,"Unknown"
"7014855",371852,2025-06-24 00:30:23,43.3503150939941,-8.51804828643799,"Unknown"
"7014855",371852,2025-06-24 00:35:23,43.350456237793,-8.51800537109375,"Unknown"
"7014855",371852,2025-06-24 00:40:22,43.3509826660156,-8.51814556121826,"Unknown"
"7014855",371852,2025-06-24 00:45:22,43.3509635925293,-8.51811122894287,"Unknown"
"7014855",371852,2025-06-24 00:50:23,43.3508148193359,-8.51860523223877,"Unknown"
"7014855",371852,2025-06-24 00:55:22,43.3509864807129,-8.51823997497559,"Unknown"
"7014855",371852,2025-06-24 01:00:22,43.3509063720703,-8.51786804199219,"Unknown"
"7014855",371852,2025-06-24 01:05:22,43.3508453369141,-8.51835918426514,"Unknown"
"7014855",371852,2025-06-24 01:10:22,43.3504791259766,-8.51838302612305,"Unknown"
"7014855",371852,2025-06-24 01:15:22,43.3506851196289,-8.51851558685303,"Unknown"
"7014855",371852,2025-06-24 01:20:22,43.3506622314453,-8.51839065551758,"Unknown"
"7014855",371852,2025-06-24 01:25:22,43.3506164550781,-8.51837730407715,"Unknown"
"7014855",371852,2025-06-24 01:30:22,43.3503341674805,-8.51835918426514,"Unknown"
"7014855",371852,2025-06-24 01:35:22,43.3506622314453,-8.51825904846191,"Unknown"
"7014855",371852,2025-06-24 01:40:26,43.3508224487305,-8.51830101013184,"Unknown"
"7014855",371852,2025-06-24 01:45:22,43.3506622314453,-8.51826286315918,"Unknown"
"7014855",371852,2025-06-24 01:50:24,43.3504409790039,-8.51822853088379,"Unknown"
"7014855",371852,2025-06-24 01:55:24,43.3506050109863,-8.51824283599854,"Unknown"
"7014855",371852,2025-06-24 02:00:22,43.3507995605469,-8.51831150054932,"Unknown"
"7014855",371852,2025-06-24 02:05:22,43.3506889343262,-8.5183219909668,"Unknown"
"7014855",371852,2025-06-24 02:10:22,43.3505592346191,-8.51820850372314,"Unknown"
"7014855",371852,2025-06-24 02:15:23,43.3506698608398,-8.51823997497559,"Unknown"
"7014855",371852,2025-06-24 02:20:31,43.3509216308594,-8.51846981048584,"Unknown"
"7014855",371852,2025-06-24 02:25:22,43.3504104614258,-8.51803684234619,"Unknown"
"7014855",371852,2025-06-24 02:30:23,43.3504257202148,-8.51805877685547,"Unknown"
"7014855",371852,2025-06-24 02:35:24,43.3507614135742,-8.51830863952637,"Unknown"
"7014855",371852,2025-06-24 02:40:22,43.3504219055176,-8.51807403564453,"Unknown"
"7014855",371852,2025-06-24 02:45:22,43.3504295349121,-8.51811599731445,"Unknown"
"7014855",371852,2025-06-24 02:50:23,43.3502044677734,-8.51785087585449,"Unknown"
"7014855",371852,2025-06-24 02:55:24,43.350227355957,-8.51791000366211,"Unknown"
"7014855",371852,2025-06-24 03:00:26,43.3500785827637,-8.51766586303711,"Unknown"
"7014855",371852,2025-06-24 03:05:23,43.3502388000488,-8.51774120330811,"Unknown"
"7014855",371852,2025-06-24 03:10:28,43.3502502441406,-8.51798343658447,"Unknown"
"7014855",371852,2025-06-24 03:15:25,43.35009765625,-8.51726627349854,"Unknown"
"7014855",371852,2025-06-24 03:20:24,43.3501815795898,-8.51770401000977,"Unknown"
"7014855",371852,2025-06-24 03:25:31,43.3499298095703,-8.51883888244629,"Unknown"
"7014855",371852,2025-06-24 03:30:29,43.350414276123,-8.51799201965332,"Unknown"
"7014855",371852,2025-06-24 03:35:44,43.3503875732422,-8.51823616027832,"Unknown"
"7014855",371852,2025-06-24 03:40:23,43.3504753112793,-8.51818656921387,"Unknown"
"7014855",371852,2025-06-24 03:45:23,43.3503723144531,-8.51832580566406,"Unknown"
"7014855",371852,2025-06-24 03:50:22,43.3501510620117,-8.51900196075439,"Unknown"
"7014855",371852,2025-06-24 03:55:23,43.3504295349121,-8.5185489654541,"Unknown"
"7014855",371852,2025-06-24 04:00:22,43.3505592346191,-8.51815319061279,"Unknown"
"7014855",371852,2025-06-24 04:05:23,43.3505096435547,-8.51816177368164,"Unknown"
"7014855",371852,2025-06-24 04:10:28,43.3505096435547,-8.51833438873291,"Unknown"
"7014855",371852,2025-06-24 04:15:23,43.3503723144531,-8.51856994628906,"Unknown"
"7014855",371852,2025-06-24 04:20:22,43.3498458862305,-8.52027416229248,"Unknown"
"7014855",371852,2025-06-24 04:25:23,43.3506622314453,-8.5183687210083,"Unknown"
"7014855",371852,2025-06-24 04:30:43,43.3509063720703,-8.51832962036133,"Unknown"
"7014855",371852,2025-06-24 04:35:23,43.3507537841797,-8.51822948455811,"Unknown"
"7014855",371852,2025-06-24 04:40:25,43.3506698608398,-8.51816177368164,"Unknown"
"7014855",371852,2025-06-24 04:45:28,43.3507232666016,-8.51822185516357,"Unknown"
"7014855",371852,2025-06-24 04:50:23,43.3524780273438,-8.5215311050415,"Unknown"
"7014855",371852,2025-06-24 04:55:23,43.3520927429199,-8.52464294433594,"Unknown"
"7014855",371852,2025-06-24 05:00:26,43.3521995544434,-8.52435111999512,"Unknown"
"7014855",371852,2025-06-24 05:05:25,43.3520545959473,-8.52447414398193,"Unknown"
"7014855",371852,2025-06-24 05:10:29,43.3522453308105,-8.52430820465088,"Unknown"
"7014855",371852,2025-06-24 05:15:42,43.3522605895996,-8.5244836807251,"Unknown"
"7014855",371852,2025-06-24 05:20:23,43.3521385192871,-8.52465629577637,"Unknown"
"7014855",371852,2025-06-24 05:25:23,43.3521347045898,-8.52460479736328,"Unknown"
"7014855",371852,2025-06-24 05:30:23,43.3520202636719,-8.52410888671875,"Unknown"
"7014855",371852,2025-06-24 05:35:23,43.3520050048828,-8.52427673339844,"Unknown"
"7014855",371852,2025-06-24 05:40:24,43.3517951965332,-8.52463245391846,"Unknown"
"7014855",371852,2025-06-24 05:45:39,43.352367401123,-8.52404880523682,"Unknown"
"7014855",371852,2025-06-24 05:50:49,43.3523826599121,-8.52368450164795,"Unknown"
"7014855",371852,2025-06-24 05:55:26,43.3522758483887,-8.52392578125,"Unknown"
"7014855",371852,2025-06-24 06:00:25,43.3522491455078,-8.52389526367188,"Unknown"
"7014855",371852,2025-06-24 06:05:24,43.3491058349609,-8.5283670425415,"Unknown"
"7014855",371852,2025-06-24 06:10:23,43.3490829467773,-8.52835750579834,"Unknown"
"7014855",371852,2025-06-24 06:15:23,43.3493499755859,-8.52822399139404,"Unknown"
"7014855",371852,2025-06-24 06:20:24,43.3490600585938,-8.52875137329102,"Unknown"
"7014855",371852,2025-06-24 06:25:24,43.3491096496582,-8.52885818481445,"Unknown"
"7014855",371852,2025-06-24 06:30:23,43.3491973876953,-8.52737140655518,"Unknown"
"7014855",371852,2025-06-24 06:35:31,43.3491287231445,-8.52761745452881,"Unknown"
"7014855",371852,2025-06-24 06:40:23,43.34912109375,-8.52761936187744,"Unknown"
"7014855",371852,2025-06-24 06:45:32,43.3491897583008,-8.52744674682617,"Unknown"
"7014855",371852,2025-06-24 06:50:32,43.3492431640625,-8.52747535705566,"Unknown"
"7014855",371852,2025-06-24 06:55:32,43.3493232727051,-8.52737903594971,"Unknown"
"7014855",371852,2025-06-24 07:00:23,43.3493957519531,-8.52755451202393,"Unknown"
"7014855",371852,2025-06-24 07:05:23,43.3509979248047,-8.52896213531494,"Unknown"
"7014855",371852,2025-06-24 07:10:23,43.3508682250977,-8.52904796600342,"Unknown"
"7014855",371852,2025-06-24 07:15:23,43.3508224487305,-8.52907180786133,"Unknown"
"7014855",371852,2025-06-24 07:20:23,43.3506813049316,-8.52910327911377,"Unknown"
"7014855",371852,2025-06-24 07:25:23,43.3507194519043,-8.52917861938477,"Unknown"
"7014855",371852,2025-06-24 07:30:36,43.3493804931641,-8.52862930297852,"Unknown"
"7014855",371852,2025-06-24 07:35:23,43.3497276306152,-8.5289831161499,"Unknown"
"7014855",371852,2025-06-24 07:40:23,43.3494758605957,-8.5288782119751,"Unknown"
"7014855",371852,2025-06-24 07:45:23,43.3494758605957,-8.52885723114014,"Unknown"
"7014855",371852,2025-06-24 07:50:23,43.3495292663574,-8.52890491485596,"Unknown"
"7014855",371852,2025-06-24 07:55:23,43.3494415283203,-8.52890872955322,"Unknown"
"7014855",371852,2025-06-24 08:00:23,43.3494834899902,-8.52882099151611,"Unknown"
"7014855",371852,2025-06-24 08:05:23,43.349437713623,-8.52885246276855,"Unknown"
"7014855",371852,2025-06-24 08:10:24,43.3494834899902,-8.52884483337402,"Unknown"
"7014855",371852,2025-06-24 08:15:24,43.3494758605957,-8.52880859375,"Unknown"
"7014855",371852,2025-06-24 08:20:23,43.3494453430176,-8.52879810333252,"Unknown"
"7014855",371852,2025-06-24 08:25:30,43.3494491577148,-8.52868843078613,"Unknown"
"7014855",371852,2025-06-24 08:30:23,43.3494033813477,-8.52873802185059,"Unknown"
"7014855",371852,2025-06-24 08:35:23,43.3493385314941,-8.52861976623535,"Unknown"
"7014855",371852,2025-06-24 08:40:23,43.3493843078613,-8.52853107452393,"Unknown"
"7014855",371852,2025-06-24 08:45:23,43.3493347167969,-8.52855587005615,"Unknown"
"7014855",371852,2025-06-24 08:50:23,43.3493347167969,-8.5284481048584,"Unknown"
"7014855",371852,2025-06-24 08:55:23,43.3492622375488,-8.52829456329346,"Unknown"
"7014855",371852,2025-06-24 09:00:23,43.3492774963379,-8.52823734283447,"Unknown"
"7014855",371852,2025-06-24 09:05:23,43.3493499755859,-8.52856349945068,"Unknown"
"7014855",371852,2025-06-24 09:10:23,43.3491897583008,-8.52848529815674,"Unknown"
"7014855",371852,2025-06-24 09:15:23,43.3491592407227,-8.52839183807373,"Unknown"
"7014855",371852,2025-06-24 09:20:23,43.3490943908691,-8.52860736846924,"Unknown"
"7014855",371852,2025-06-24 09:25:23,43.3491020202637,-8.5285530090332,"Unknown"
"7014855",371852,2025-06-24 09:30:26,43.3493232727051,-8.52853965759277,"Unknown"
"7014855",371852,2025-06-24 09:35:23,43.3485145568848,-8.52926254272461,"Unknown"
"7014855",371852,2025-06-24 09:40:25,43.3484077453613,-8.52935123443604,"Unknown"
"7014855",371852,2025-06-24 09:45:24,43.348503112793,-8.52930164337158,"Unknown"
"7014855",371852,2025-06-24 09:50:24,43.3487167358398,-8.52931022644043,"Unknown"
"7014855",371852,2025-06-24 09:55:24,43.3488731384277,-8.5292444229126,"Unknown"
"7014855",371852,2025-06-24 10:00:27,43.3479690551758,-8.52972221374512,"Unknown"
"7014855",371852,2025-06-24 10:05:28,43.3479461669922,-8.52975749969482,"Unknown"
"7014855",371852,2025-06-24 10:10:26,43.349048614502,-8.52908897399902,"Unknown"
"7014855",371852,2025-06-24 10:15:25,43.3477058410645,-8.52981758117676,"Unknown"
"7014855",371852,2025-06-24 10:20:26,43.3474807739258,-8.52977180480957,"Unknown"
"7014855",371852,2025-06-24 10:25:35,43.3491172790527,-8.52915191650391,"Unknown"
"7014855",371852,2025-06-24 10:30:30,43.3486328125,-8.52883434295654,"Unknown"
"7014855",371852,2025-06-24 10:35:26,43.3483085632324,-8.52923679351807,"Unknown"
"7014855",371852,2025-06-24 10:40:26,43.3467330932617,-8.52975654602051,"Unknown"
"7014855",371852,2025-06-24 10:45:44,43.348934173584,-8.52897357940674,"Unknown"
"7014855",371852,2025-06-24 10:50:24,43.3484916687012,-8.52902126312256,"Unknown"
"7014855",371852,2025-06-24 10:55:24,43.348258972168,-8.52899360656738,"Unknown"
"7014855",371852,2025-06-24 11:00:24,43.3488349914551,-8.52905368804932,"Unknown"
"7014855",371852,2025-06-24 11:05:24,43.3494148254395,-8.52922439575195,"Unknown"
"7014855",371852,2025-06-24 11:10:34,43.3487663269043,-8.52910137176514,"Unknown"
"7014855",371852,2025-06-24 11:16:01,43.3488693237305,-8.52922534942627,"Unknown"
"7014855",371852,2025-06-24 11:20:24,43.3488616943359,-8.5294075012207,"Unknown"
"7014855",371852,2025-06-24 11:25:24,43.3488273620605,-8.52914810180664,"Unknown"
"7014855",371852,2025-06-24 11:30:24,43.3488693237305,-8.52899360656738,"Unknown"
"7014855",371852,2025-06-24 11:35:44,43.3488426208496,-8.52921962738037,"Unknown"
"7014855",371852,2025-06-24 11:40:24,43.3487281799316,-8.52923965454102,"Unknown"
"7014855",371852,2025-06-24 11:45:24,43.348762512207,-8.5292854309082,"Unknown"
"7014855",371852,2025-06-24 11:50:24,43.3487854003906,-8.52931594848633,"Unknown"
"7014855",371852,2025-06-24 11:55:24,43.3472480773926,-8.51997375488281,"Unknown"
"7014855",371852,2025-06-24 12:00:24,43.3498916625977,-8.51780414581299,"Unknown"
"7014855",371852,2025-06-24 12:05:25,43.3499374389648,-8.51768207550049,"Unknown"
"7014855",371852,2025-06-24 12:10:36,43.3498497009277,-8.51775932312012,"Unknown"
"7014855",371852,2025-06-24 12:15:40,43.3501815795898,-8.51805210113525,"Unknown"
"7014855",371852,2025-06-24 12:20:30,43.3500862121582,-8.51786136627197,"Unknown"
"7014855",371852,2025-06-24 12:25:24,43.3497276306152,-8.51795387268066,"Unknown"
"7014855",371852,2025-06-24 12:30:25,43.3505897521973,-8.51832580566406,"Unknown"
"7014855",371852,2025-06-24 12:35:44,43.3498191833496,-8.51779270172119,"Unknown"
"7014855",371852,2025-06-24 12:40:24,43.3498039245605,-8.51775550842285,"Unknown"
"7014855",371852,2025-06-24 12:45:24,43.349796295166,-8.51797962188721,"Unknown"
"7014855",371852,2025-06-24 12:50:24,43.349739074707,-8.51785182952881,"Unknown"
"7014855",371852,2025-06-24 12:55:24,43.3500480651855,-8.5178108215332,"Unknown"
"7014855",371852,2025-06-24 13:00:24,43.3500328063965,-8.51770877838135,"Unknown"
"7014855",371852,2025-06-24 13:05:26,43.3499488830566,-8.51763820648193,"Unknown"
"7014855",371852,2025-06-24 13:10:24,43.3496971130371,-8.51794242858887,"Unknown"
"7014855",371852,2025-06-24 13:15:25,43.3495826721191,-8.51810169219971,"Unknown"
"7014855",371852,2025-06-24 13:20:25,43.3496589660645,-8.51808738708496,"Unknown"
"7014855",371852,2025-06-24 13:25:26,43.3493995666504,-8.51877975463867,"Unknown"
"7014855",371852,2025-06-24 13:30:24,43.349983215332,-8.51803779602051,"Unknown"
"7014855",371852,2025-06-24 13:35:45,43.349739074707,-8.5181303024292,"Unknown"
"7014855",371852,2025-06-24 13:40:26,43.3496742248535,-8.51851272583008,"Unknown"
"7014855",371852,2025-06-24 13:45:31,43.3498268127441,-8.51787567138672,"Unknown"
"7014855",371852,2025-06-24 13:50:29,43.3496894836426,-8.51889133453369,"Unknown"
"7014855",371852,2025-06-24 13:55:36,43.3499298095703,-8.51779556274414,"Unknown"
"7014855",371852,2025-06-24 14:00:35,43.3498954772949,-8.51788711547852,"Unknown"
"7014855",371852,2025-06-24 14:05:33,43.3498611450195,-8.51800537109375,"Unknown"
"7014855",371852,2025-06-24 14:10:38,43.3499145507812,-8.51793193817139,"Unknown"
"7014855",371852,2025-06-24 14:15:36,43.3499526977539,-8.51780796051025,"Unknown"
"7014855",371852,2025-06-24 14:20:37,43.3510932922363,-8.5263032913208,"Unknown"
"7014855",371852,2025-06-24 14:25:36,43.3511009216309,-8.52609157562256,"Unknown"
"7014855",371852,2025-06-24 14:30:44,43.3511505126953,-8.52609157562256,"Unknown"
"7014855",371852,2025-06-24 14:35:25,43.3511276245117,-8.52652454376221,"Unknown"
"7014855",371852,2025-06-24 14:40:26,43.3511924743652,-8.52666664123535,"Unknown"
"7014855",371852,2025-06-24 14:45:25,43.351146697998,-8.52667713165283,"Unknown"
"7014855",371852,2025-06-24 14:50:26,43.3511543273926,-8.52648162841797,"Unknown"
"7014855",371852,2025-06-24 14:55:33,43.3510322570801,-8.52604389190674,"Unknown"
"7014855",371852,2025-06-24 15:00:26,43.3510894775391,-8.52641773223877,"Unknown"
"7014855",371852,2025-06-24 15:05:34,43.3512687683105,-8.52638721466064,"Unknown"
"7014855",371852,2025-06-24 15:11:00,43.3468704223633,-8.51583099365234,"Unknown"
"7014855",371852,2025-06-24 15:15:28,43.3502807617188,-8.51870822906494,"Unknown"
"7014855",371852,2025-06-24 15:20:41,43.3501052856445,-8.51825141906738,"Unknown"
"7014855",371852,2025-06-24 15:25:26,43.3498229980469,-8.51684951782227,"Unknown"
"7014855",371852,2025-06-24 15:30:34,43.3501243591309,-8.51833820343018,"Unknown"
"7014855",371852,2025-06-24 15:35:27,43.3499641418457,-8.51803684234619,"Unknown"
"7014855",371852,2025-06-24 15:40:37,43.3497467041016,-8.51801872253418,"Unknown"
"7014855",371852,2025-06-24 15:45:44,43.3497619628906,-8.51801872253418,"Unknown"
"7014855",371852,2025-06-24 15:50:29,43.3502235412598,-8.51951217651367,"Unknown"
"7014855",371852,2025-06-24 15:55:37,43.3501472473145,-8.51825046539307,"Unknown"
"7014855",371852,2025-06-24 16:00:30,43.3499298095703,-8.5178747177124,"Unknown"
"7014855",371852,2025-06-24 16:05:33,43.3500938415527,-8.51818752288818,"Unknown"
"7014855",371852,2025-06-24 16:10:25,43.3500709533691,-8.51830863952637,"Unknown"
"7014855",371852,2025-06-24 16:15:59,43.349983215332,-8.5182056427002,"Unknown"
"7014855",371852,2025-06-24 16:20:23,43.3499526977539,-8.51821422576904,"Unknown"
"7014855",371852,2025-06-24 16:25:23,43.3499374389648,-8.51826953887939,"Unknown"
"7014855",371852,2025-06-24 16:30:24,43.3499641418457,-8.51815700531006,"Unknown"
"7014855",371852,2025-06-24 16:35:24,43.3499298095703,-8.51821327209473,"Unknown"
"7014855",371852,2025-06-24 16:40:24,43.3499374389648,-8.51820755004883,"Unknown"
"7014855",371852,2025-06-24 16:45:24,43.3499450683594,-8.51826477050781,"Unknown"
"7014855",371852,2025-06-24 16:50:24,43.3499603271484,-8.51820850372314,"Unknown"
"7014855",371852,2025-06-24 16:55:24,43.3499069213867,-8.51813983917236,"Unknown"
"7014855",371852,2025-06-24 17:00:24,43.3499298095703,-8.51819324493408,"Unknown"
"7014855",371852,2025-06-24 17:05:24,43.3499450683594,-8.51809501647949,"Unknown"
"7014855",371852,2025-06-24 17:10:24,43.3499794006348,-8.51815509796143,"Unknown"
"7014855",371852,2025-06-24 17:15:24,43.349910736084,-8.51816082000732,"Unknown"
"7014855",371852,2025-06-24 17:20:24,43.3499145507812,-8.51817989349365,"Unknown"
"7014855",371852,2025-06-24 17:25:24,43.3500175476074,-8.51811599731445,"Unknown"
"7014855",371852,2025-06-24 17:30:24,43.3500328063965,-8.51825523376465,"Unknown"
"7014855",371852,2025-06-24 17:35:24,43.349925994873,-8.51827526092529,"Unknown"
"7014855",371852,2025-06-24 17:40:24,43.3498229980469,-8.51820945739746,"Unknown"
"7014855",371852,2025-06-24 17:45:25,43.3499946594238,-8.51828193664551,"Unknown"
"7014855",371852,2025-06-24 17:50:25,43.3500671386719,-8.51828861236572,"Unknown"
"7014855",371852,2025-06-24 17:55:24,43.3498001098633,-8.51809120178223,"Unknown"
"7014855",371852,2025-06-24 18:00:25,43.3496551513672,-8.52777862548828,"Unknown"
"7014855",371852,2025-06-24 18:05:29,43.3505172729492,-8.52935981750488,"Unknown"
"7014855",371852,2025-06-24 18:10:44,43.3498306274414,-8.52815818786621,"Unknown"
"7014855",371852,2025-06-24 18:15:24,43.3497276306152,-8.52795219421387,"Unknown"
"7014855",371852,2025-06-24 18:20:24,43.3497886657715,-8.52798461914062,"Unknown"
"7014855",371852,2025-06-24 18:25:24,43.3497581481934,-8.52793788909912,"Unknown"
"7014855",371852,2025-06-24 18:30:24,43.3497772216797,-8.52805519104004,"Unknown"
"7014855",371852,2025-06-24 18:35:24,43.3496742248535,-8.52777004241943,"Unknown"
"7014855",371852,2025-06-24 18:40:24,43.3497467041016,-8.52795028686523,"Unknown"
"7014855",371852,2025-06-24 18:45:25,43.3499069213867,-8.52825546264648,"Unknown"
"7014855",371852,2025-06-24 18:50:24,43.349910736084,-8.52823543548584,"Unknown"
"7014855",371852,2025-06-24 18:55:24,43.349723815918,-8.5279426574707,"Unknown"
"7014855",371852,2025-06-24 19:00:25,43.3497848510742,-8.52807521820068,"Unknown"
"7014855",371852,2025-06-24 19:05:26,43.3499221801758,-8.52833366394043,"Unknown"
"7014855",371852,2025-06-24 19:10:26,43.3499298095703,-8.52834033966064,"Unknown"
"7014855",371852,2025-06-24 19:15:44,43.3498497009277,-8.52823352813721,"Unknown"
"7014855",371852,2025-06-24 19:20:24,43.3498153686523,-8.52805614471436,"Unknown"
"7014855",371852,2025-06-24 19:25:24,43.3498687744141,-8.52817153930664,"Unknown"
"7014855",371852,2025-06-24 19:30:24,43.3496856689453,-8.52788829803467,"Unknown"
"7014855",371852,2025-06-24 19:35:24,43.3497276306152,-8.52778816223145,"Unknown"
"7014855",371852,2025-06-24 19:40:25,43.3496589660645,-8.52776718139648,"Unknown"
"7014855",371852,2025-06-24 19:45:59,43.3497009277344,-8.52787399291992,"Unknown"
"7014855",371852,2025-06-24 19:50:23,43.349666595459,-8.52778720855713,"Unknown"
"7014855",371852,2025-06-24 19:55:23,43.3496780395508,-8.52781867980957,"Unknown"
"7014855",371852,2025-06-24 20:00:23,43.349666595459,-8.52781963348389,"Unknown"
"7014855",371852,2025-06-24 20:05:23,43.3496704101562,-8.52781581878662,"Unknown"
"7014855",371852,2025-06-24 20:10:23,43.3496742248535,-8.52780342102051,"Unknown"
"7014855",371852,2025-06-24 20:15:23,43.3496780395508,-8.52779102325439,"Unknown"
"7014855",371852,2025-06-24 20:20:23,43.3496742248535,-8.52780914306641,"Unknown"
"7014855",371852,2025-06-24 20:25:23,43.3496780395508,-8.52783679962158,"Unknown"
"7014855",371852,2025-06-24 20:30:24,43.3496551513672,-8.52778720855713,"Unknown"
"7014855",371852,2025-06-24 20:35:24,43.3496437072754,-8.52780628204346,"Unknown"
"7014855",371852,2025-06-24 20:40:24,43.3493766784668,-8.52160167694092,"Unknown"
"7014855",371852,2025-06-24 20:45:23,43.3498497009277,-8.5183219909668,"Unknown"
"7014855",371852,2025-06-24 20:50:24,43.3499183654785,-8.51836585998535,"Unknown"
"7014855",371852,2025-06-24 20:55:24,43.3498878479004,-8.51834011077881,"Unknown"
"7014855",371852,2025-06-24 21:00:23,43.3483924865723,-8.51682662963867,"Unknown"
"7014855",371852,2025-06-24 21:05:24,43.3499069213867,-8.51827621459961,"Unknown"
"7014855",371852,2025-06-24 21:10:24,43.3499069213867,-8.51825904846191,"Unknown"
"7014855",371852,2025-06-24 21:15:24,43.3499450683594,-8.51827239990234,"Unknown"
"7014855",371852,2025-06-24 21:20:24,43.3499336242676,-8.51818370819092,"Unknown"
"7014855",371852,2025-06-24 21:25:24,43.3503875732422,-8.51835823059082,"Unknown"
"7014855",371852,2025-06-24 21:30:24,43.3492240905762,-8.51780033111572,"Unknown"
"7014855",371852,2025-06-24 21:35:24,43.3499870300293,-8.5182638168335,"Unknown"
"7014855",371852,2025-06-24 21:40:24,43.3501472473145,-8.51847457885742,"Unknown"
"7014855",371852,2025-06-24 21:45:24,43.3499374389648,-8.5183048248291,"Unknown"
"7014855",371852,2025-06-24 21:50:24,43.3500175476074,-8.51855182647705,"Unknown"
"7014855",371852,2025-06-24 21:55:24,43.349967956543,-8.51837635040283,"Unknown"
"7014855",371852,2025-06-24 22:00:24,43.3499526977539,-8.51838207244873,"Unknown"
"7014855",371852,2025-06-24 22:05:24,43.3499603271484,-8.51846122741699,"Unknown"
"7014855",371852,2025-06-24 22:10:24,43.3499717712402,-8.51833438873291,"Unknown"
"7014855",371852,2025-06-24 22:15:24,43.349967956543,-8.51828670501709,"Unknown"
"7014855",371852,2025-06-24 22:20:24,43.3499641418457,-8.51829051971436,"Unknown"
"7014855",371852,2025-06-24 22:25:25,43.349983215332,-8.51833534240723,"Unknown"
"7014855",371852,2025-06-24 22:30:29,43.3500595092773,-8.51802921295166,"Unknown"
"7014855",371852,2025-06-24 22:35:27,43.3500289916992,-8.51806449890137,"Unknown"
"7014855",371852,2025-06-24 22:40:29,43.3499565124512,-8.51832580566406,"Unknown"
"7014855",371852,2025-06-24 22:45:28,43.3495635986328,-8.51795959472656,"Unknown"
"7014855",371852,2025-06-24 22:50:29,43.3498878479004,-8.51829528808594,"Unknown"
"7014855",371852,2025-06-24 22:55:29,43.3497619628906,-8.51781845092773,"Unknown"
"7014855",371852,2025-06-24 23:00:44,43.349666595459,-8.51787185668945,"Unknown"
"7014855",371852,2025-06-24 23:05:26,43.3496627807617,-8.5181303024292,"Unknown"
"7014855",371852,2025-06-24 23:10:27,43.3496322631836,-8.51800441741943,"Unknown"
"7014855",371852,2025-06-24 23:15:25,43.3497772216797,-8.51777839660645,"Unknown"
"7014855",371852,2025-06-24 23:20:40,43.3495025634766,-8.51802825927734,"Unknown"
"7014855",371852,2025-06-24 23:25:24,43.3495254516602,-8.51776885986328,"Unknown"
"7014855",371852,2025-06-24 23:30:27,43.3495674133301,-8.5178689956665,"Unknown"
"7014855",371852,2025-06-24 23:35:27,43.3497047424316,-8.51825523376465,"Unknown"
"7014855",371852,2025-06-24 23:40:25,43.349552154541,-8.51801872253418,"Unknown"
"7014855",371852,2025-06-24 23:45:44,43.3495903015137,-8.51801204681396,"Unknown"
"7014855",371852,2025-06-24 23:50:24,43.3496322631836,-8.51804256439209,"Unknown"
"7014855",371852,2025-06-24 23:55:24,43.3495864868164,-8.51778411865234,"Unknown"
"7014855",371852,2025-06-25 00:00:29,43.3495025634766,-8.51789855957031,"Unknown"
"7014855",371852,2025-06-25 00:05:28,43.3495140075684,-8.51783466339111,"Unknown"
"7014855",371852,2025-06-25 00:10:24,43.349609375,-8.51778697967529,"Unknown"
"7014855",371852,2025-06-25 00:15:24,43.349681854248,-8.51804542541504,"Unknown"
"7014855",371852,2025-06-25 00:20:24,43.3497772216797,-8.51810169219971,"Unknown"
"7014855",371852,2025-06-25 00:25:24,43.3496208190918,-8.51801109313965,"Unknown"
"7014855",371852,2025-06-25 00:30:45,43.3492851257324,-8.5176305770874,"Unknown"
"7014855",371852,2025-06-25 00:35:24,43.3494148254395,-8.5176830291748,"Unknown"
"7014855",371852,2025-06-25 00:40:28,43.3495254516602,-8.51722717285156,"Unknown"
"7014855",371852,2025-06-25 00:45:28,43.3505554199219,-8.51826095581055,"Unknown"
"7014855",371852,2025-06-25 00:50:26,43.3501167297363,-8.51815700531006,"Unknown"
"7014855",371852,2025-06-25 00:55:26,43.3499946594238,-8.51802062988281,"Unknown"
"7014855",371852,2025-06-25 01:00:27,43.3493461608887,-8.51754379272461,"Unknown"
"7014855",371852,2025-06-25 01:05:28,43.3498420715332,-8.51801013946533,"Unknown"
"7014855",371852,2025-06-25 01:10:42,43.3496398925781,-8.51790142059326,"Unknown"
"7014855",371852,2025-06-25 01:15:24,43.349853515625,-8.51800537109375,"Unknown"
"7014855",371852,2025-06-25 01:20:28,43.3495788574219,-8.51799964904785,"Unknown"
"7014855",371852,2025-06-25 01:25:33,43.3497276306152,-8.5179328918457,"Unknown"
"7014855",371852,2025-06-25 01:30:36,43.3497543334961,-8.51796531677246,"Unknown"
"7014855",371852,2025-06-25 01:35:36,43.350040435791,-8.51815128326416,"Unknown"
"7014855",371852,2025-06-25 01:40:44,43.3497009277344,-8.51791095733643,"Unknown"
"7014855",371852,2025-06-25 01:45:24,43.3496894836426,-8.5178804397583,"Unknown"
"7014855",371852,2025-06-25 01:50:59,43.3496055603027,-8.51791095733643,"Unknown"
"7014855",371852,2025-06-25 01:55:23,43.3497085571289,-8.51795864105225,"Unknown"
"7014855",371852,2025-06-25 02:00:23,43.3497009277344,-8.51806163787842,"Unknown"
"7014855",371852,2025-06-25 02:05:24,43.3496932983398,-8.51804637908936,"Unknown"
"7014855",371852,2025-06-25 02:10:24,43.3497009277344,-8.51804542541504,"Unknown"
"7014855",371852,2025-06-25 02:15:23,43.3497467041016,-8.51805210113525,"Unknown"
"7014855",371852,2025-06-25 02:20:23,43.3497009277344,-8.51804065704346,"Unknown"
"7014855",371852,2025-06-25 02:25:23,43.3496284484863,-8.5180082321167,"Unknown"
"7014855",371852,2025-06-25 02:30:23,43.3496627807617,-8.51797008514404,"Unknown"
"7014855",371852,2025-06-25 02:35:23,43.3497276306152,-8.51803970336914,"Unknown"
"7014855",371852,2025-06-25 02:40:23,43.3496627807617,-8.51798343658447,"Unknown"
"7014855",371852,2025-06-25 02:45:23,43.3495712280273,-8.51799392700195,"Unknown"
"7014855",371852,2025-06-25 02:50:23,43.3496246337891,-8.51803874969482,"Unknown"
"7014855",371852,2025-06-25 02:55:23,43.3495750427246,-8.51803588867188,"Unknown"
"7014855",371852,2025-06-25 03:00:23,43.3495635986328,-8.51799297332764,"Unknown"
"7014855",371852,2025-06-25 03:05:23,43.3495941162109,-8.51801300048828,"Unknown"
"7014855",371852,2025-06-25 03:10:23,43.3496398925781,-8.51811218261719,"Unknown"
"7014855",371852,2025-06-25 03:15:23,43.349666595459,-8.51813507080078,"Unknown"
"7014855",371852,2025-06-25 03:20:23,43.3496055603027,-8.51805686950684,"Unknown"
"7014855",371852,2025-06-25 03:25:23,43.3495750427246,-8.51800537109375,"Unknown"
"7014855",371852,2025-06-25 03:30:24,43.3496475219727,-8.51815795898438,"Unknown"
"7014855",371852,2025-06-25 03:35:23,43.3495941162109,-8.51802635192871,"Unknown"
"7014855",371852,2025-06-25 03:40:24,43.3495635986328,-8.51796913146973,"Unknown"
"7014855",371852,2025-06-25 03:45:28,43.3471946716309,-8.51613712310791,"Unknown"
"7014855",371852,2025-06-25 03:50:27,43.3507347106934,-8.51895427703857,"Unknown"
"7014855",371852,2025-06-25 03:55:25,43.3498649597168,-8.51830196380615,"Unknown"
"7014855",371852,2025-06-25 04:00:31,43.3496742248535,-8.5180606842041,"Unknown"
"7014855",371852,2025-06-25 04:05:24,43.3496398925781,-8.51808834075928,"Unknown"
"7014855",371852,2025-06-25 04:10:42,43.3495788574219,-8.51804733276367,"Unknown"
"7014855",371852,2025-06-25 04:15:23,43.349723815918,-8.51807022094727,"Unknown"
"7014855",371852,2025-06-25 04:20:23,43.3495712280273,-8.51808261871338,"Unknown"
"7014855",371852,2025-06-25 04:25:24,43.349422454834,-8.51813411712646,"Unknown"
"7014855",371852,2025-06-25 04:30:24,43.349781036377,-8.51794147491455,"Unknown"
"7014855",371852,2025-06-25 04:35:24,43.3495826721191,-8.51794242858887,"Unknown"
"7014855",371852,2025-06-25 04:40:24,43.3495178222656,-8.51809978485107,"Unknown"
"7014855",371852,2025-06-25 04:45:29,43.3494606018066,-8.51764678955078,"Unknown"
"7014855",371852,2025-06-25 04:50:53,43.3494873046875,-8.51773548126221,"Unknown"
"7014855",371852,2025-06-25 04:55:53,43.3519439697266,-8.52031898498535,"Unknown"
"7014855",371852,2025-06-25 05:00:28,43.3512229919434,-8.52515888214111,"Unknown"
"7014855",371852,2025-06-25 05:05:30,43.3512191772461,-8.52512741088867,"Unknown"
"7014855",371852,2025-06-25 05:10:29,43.3513069152832,-8.52525424957275,"Unknown"
"7014855",371852,2025-06-25 05:15:55,43.3513031005859,-8.52549743652344,"Unknown"
"7014855",371852,2025-06-25 05:20:24,43.3513298034668,-8.52554893493652,"Unknown"
"7014855",371852,2025-06-25 05:25:23,43.3512802124023,-8.52552700042725,"Unknown"
"7014855",371852,2025-06-25 05:30:23,43.3512077331543,-8.52561569213867,"Unknown"
"7014855",371852,2025-06-25 05:35:23,43.3511924743652,-8.52564430236816,"Unknown"
"7014855",371852,2025-06-25 05:40:24,43.3511848449707,-8.52556896209717,"Unknown"
"7014855",371852,2025-06-25 05:45:23,43.3511734008789,-8.52563095092773,"Unknown"
"7014855",371852,2025-06-25 05:50:24,43.35107421875,-8.52472972869873,"Unknown"
"7014855",371852,2025-06-25 05:55:26,43.3511657714844,-8.52548694610596,"Unknown"
"7014855",371852,2025-06-25 06:00:25,43.351188659668,-8.5256290435791,"Unknown"
"7014855",371852,2025-06-25 06:05:24,43.3512840270996,-8.52557849884033,"Unknown"
"7014855",371852,2025-06-25 06:10:24,43.3511924743652,-8.52559280395508,"Unknown"
"7014855",371852,2025-06-25 06:15:24,43.3511848449707,-8.52558898925781,"Unknown"
"7014855",371852,2025-06-25 06:20:24,43.3511772155762,-8.52564525604248,"Unknown"
"7014855",371852,2025-06-25 06:25:24,43.3512077331543,-8.52566814422607,"Unknown"
"7014855",371852,2025-06-25 06:30:24,43.3510818481445,-8.52592945098877,"Unknown"
"7014855",371852,2025-06-25 06:35:39,43.3510513305664,-8.52591133117676,"Unknown"
"7014855",371852,2025-06-25 06:40:37,43.35107421875,-8.52588653564453,"Unknown"
"7014855",371852,2025-06-25 06:45:37,43.3511009216309,-8.52590751647949,"Unknown"
"7014855",371852,2025-06-25 06:50:37,43.3510551452637,-8.52587985992432,"Unknown"
"7014855",371852,2025-06-25 06:55:36,43.3510589599609,-8.52587127685547,"Unknown"
"7014855",371852,2025-06-25 07:00:36,43.3509902954102,-8.52584075927734,"Unknown"
"7014855",371852,2025-06-25 07:05:36,43.3510322570801,-8.5258731842041,"Unknown"
"7014855",371852,2025-06-25 07:10:36,43.3510246276855,-8.52585887908936,"Unknown"
"7014855",371852,2025-06-25 07:15:36,43.3510360717773,-8.52588272094727,"Unknown"
"7014855",371852,2025-06-25 07:20:42,43.3495635986328,-8.52821636199951,"Unknown"
"7014855",371852,2025-06-25 07:25:36,43.3492584228516,-8.52853775024414,"Unknown"
"7014855",371852,2025-06-25 07:30:36,43.3493270874023,-8.52865314483643,"Unknown"
"7014855",371852,2025-06-25 07:35:36,43.3492240905762,-8.52849006652832,"Unknown"
"7014855",371852,2025-06-25 07:40:36,43.3492164611816,-8.52848529815674,"Unknown"
"7014855",371852,2025-06-25 07:45:37,43.3492279052734,-8.52849292755127,"Unknown"
"7014855",371852,2025-06-25 07:50:36,43.3491821289062,-8.52845859527588,"Unknown"
"7014855",371852,2025-06-25 07:55:37,43.349178314209,-8.52842617034912,"Unknown"
"7014855",371852,2025-06-25 08:00:38,43.3491859436035,-8.52843856811523,"Unknown"
"7014855",371852,2025-06-25 08:05:44,43.3490676879883,-8.52830600738525,"Unknown"
"7014855",371852,2025-06-25 08:10:24,43.3490829467773,-8.52837944030762,"Unknown"
"7014855",371852,2025-06-25 08:15:47,43.3490905761719,-8.52830600738525,"Unknown"
"7014855",371852,2025-06-25 08:20:38,43.3491516113281,-8.52840995788574,"Unknown"
"7014855",371852,2025-06-25 08:25:53,43.3490104675293,-8.52835464477539,"Unknown"
"7014855",371852,2025-06-25 08:31:48,43.3493385314941,-8.52923583984375,"Unknown"
"7014855",371852,2025-06-25 08:36:48,43.3490905761719,-8.52878475189209,"Unknown"
"7014855",371852,2025-06-25 08:41:48,43.348876953125,-8.52843570709229,"Unknown"
"7014855",371852,2025-06-25 08:46:48,43.3490104675293,-8.52854347229004,"Unknown"
"7014855",371852,2025-06-25 08:50:24,43.3490829467773,-8.5283031463623,"Unknown"
"7014855",371852,2025-06-25 08:55:24,43.3488159179688,-8.52902507781982,"Unknown"
"7014855",371852,2025-06-25 09:00:24,43.3490409851074,-8.52892208099365,"Unknown"
"7014855",371852,2025-06-25 09:05:24,43.3489418029785,-8.52864551544189,"Unknown"
"7014855",371852,2025-06-25 09:10:24,43.3489303588867,-8.52899551391602,"Unknown"
"7014855",371852,2025-06-25 09:15:44,43.3489570617676,-8.52886295318604,"Unknown"
"7014855",371852,2025-06-25 09:20:27,43.3491439819336,-8.52893733978271,"Unknown"
"7014855",371852,2025-06-25 09:25:24,43.3490257263184,-8.528244972229,"Unknown"
"7014855",371852,2025-06-25 09:30:24,43.3490104675293,-8.52832221984863,"Unknown"
"7014855",371852,2025-06-25 09:35:27,43.3489761352539,-8.52768135070801,"Unknown"
"7014855",371852,2025-06-25 09:40:27,43.348991394043,-8.52832221984863,"Unknown"
"7014855",371852,2025-06-25 09:45:34,43.3489112854004,-8.52712917327881,"Unknown"
"7014855",371852,2025-06-25 09:51:15,43.3492469787598,-8.52729415893555,"Unknown"
"7014855",371852,2025-06-25 09:55:24,43.3493423461914,-8.52712821960449,"Unknown"
"7014855",371852,2025-06-25 10:00:27,43.3492240905762,-8.52713108062744,"Unknown"
"7014855",371852,2025-06-25 10:05:25,43.3493690490723,-8.52818965911865,"Unknown"
"7014855",371852,2025-06-25 10:10:26,43.3492774963379,-8.52731132507324,"Unknown"
"7014855",371852,2025-06-25 10:15:24,43.3494071960449,-8.52768707275391,"Unknown"
"7014855",371852,2025-06-25 10:20:24,43.3493232727051,-8.52760028839111,"Unknown"
"7014855",371852,2025-06-25 10:25:25,43.3493766784668,-8.52822494506836,"Unknown"
"7014855",371852,2025-06-25 10:30:24,43.3493804931641,-8.52763557434082,"Unknown"
"7014855",371852,2025-06-25 10:35:39,43.349048614502,-8.52730846405029,"Unknown"
"7014855",371852,2025-06-25 10:40:26,43.3287544250488,-8.50242900848389,"Unknown"
"7014855",371852,2025-06-25 10:45:40,43.3261985778809,-8.49522876739502,"Unknown"
"7014855",371852,2025-06-25 10:50:37,43.3188858032227,-8.49914073944092,"Unknown"
"7014855",371852,2025-06-25 10:55:44,43.3188018798828,-8.49973011016846,"Unknown"
"7014855",371852,2025-06-25 11:00:24,43.3187942504883,-8.49985313415527,"Unknown"
"7014855",371852,2025-06-25 11:05:24,43.3188400268555,-8.4998254776001,"Unknown"
"7014855",371852,2025-06-25 11:10:24,43.3187599182129,-8.49973487854004,"Unknown"
"7014855",371852,2025-06-25 11:15:24,43.3187980651855,-8.49972248077393,"Unknown"
"7014855",371852,2025-06-25 11:20:24,43.3189582824707,-8.49986362457275,"Unknown"
"7014855",371852,2025-06-25 11:25:24,43.3187103271484,-8.49977207183838,"Unknown"
"7014855",371852,2025-06-25 11:30:24,43.3188972473145,-8.49983692169189,"Unknown"
"7014855",371852,2025-06-25 11:35:25,43.3190307617188,-8.49986839294434,"Unknown"
"7014855",371852,2025-06-25 11:40:24,43.3189506530762,-8.49991130828857,"Unknown"
"7014855",371852,2025-06-25 11:45:45,43.3187484741211,-8.4996976852417,"Unknown"
"7014855",371852,2025-06-25 11:50:36,43.3175888061523,-8.49382209777832,"Unknown"
"7014855",371852,2025-06-25 11:55:44,43.3186950683594,-8.49967765808105,"Unknown"
"7014855",371852,2025-06-25 12:00:59,43.3187599182129,-8.49975395202637,"Unknown"
"7014855",371852,2025-06-25 12:05:23,43.31884765625,-8.49973678588867,"Unknown"
"7014855",371852,2025-06-25 12:10:23,43.3187789916992,-8.49977684020996,"Unknown"
"7014855",371852,2025-06-25 12:15:23,43.3188629150391,-8.49979209899902,"Unknown"
"7014855",371852,2025-06-25 12:20:23,43.3188705444336,-8.4997386932373,"Unknown"
"7014855",371852,2025-06-25 12:25:23,43.3188629150391,-8.49971294403076,"Unknown"
"7014855",371852,2025-06-25 12:30:24,43.3188552856445,-8.49971580505371,"Unknown"
"7014855",371852,2025-06-25 12:35:24,43.3188667297363,-8.49973583221436,"Unknown"
"7014855",371852,2025-06-25 12:40:23,43.3188285827637,-8.4997730255127,"Unknown"
"7014855",371852,2025-06-25 12:45:24,43.3188323974609,-8.49972534179688,"Unknown"
"7014855",371852,2025-06-25 12:50:24,43.3188591003418,-8.49974346160889,"Unknown"
"7014855",371852,2025-06-25 12:55:24,43.3188591003418,-8.4997034072876,"Unknown"
"7014855",371852,2025-06-25 13:00:24,43.3188323974609,-8.49978065490723,"Unknown"
"7014855",371852,2025-06-25 13:05:23,43.3188400268555,-8.49974346160889,"Unknown"
"7014855",371852,2025-06-25 13:10:24,43.3188438415527,-8.49974155426025,"Unknown"
"7014855",371852,2025-06-25 13:15:23,43.3188323974609,-8.49971961975098,"Unknown"
"7014855",371852,2025-06-25 13:20:24,43.3188133239746,-8.49975395202637,"Unknown"
"7014855",371852,2025-06-25 13:25:23,43.3188400268555,-8.49975681304932,"Unknown"
"7014855",371852,2025-06-25 13:30:23,43.3188247680664,-8.49972724914551,"Unknown"
"7014855",371852,2025-06-25 13:35:24,43.3181419372559,-8.4959192276001,"Unknown"
"7014855",371852,2025-06-25 13:40:24,43.3162117004395,-8.48690223693848,"Unknown"
"7014855",371852,2025-06-25 13:45:23,43.317138671875,-8.493727684021,"Unknown"
"7014855",371852,2025-06-25 13:50:24,43.3172950744629,-8.49380397796631,"Unknown"
"7014855",371852,2025-06-25 13:55:23,43.3174819946289,-8.49391937255859,"Unknown"
"7014855",371852,2025-06-25 14:00:23,43.3233680725098,-8.50133323669434,"Unknown"
"7014855",371852,2025-06-25 14:05:23,43.3233909606934,-8.50134181976318,"Unknown"
"7014855",371852,2025-06-25 14:10:23,43.3234176635742,-8.50123596191406,"Unknown"
"7014855",371852,2025-06-25 14:15:24,43.3234214782715,-8.50125980377197,"Unknown"
"7014855",371852,2025-06-25 14:20:24,43.3233489990234,-8.50120639801025,"Unknown"
"7014855",371852,2025-06-25 14:25:24,43.3233451843262,-8.50125789642334,"Unknown"
"7014855",371852,2025-06-25 14:30:25,43.3233985900879,-8.50125885009766,"Unknown"
"7014855",371852,2025-06-25 14:35:25,43.3232841491699,-8.50124073028564,"Unknown"
"7014855",371852,2025-06-25 14:40:23,43.3233184814453,-8.50126361846924,"Unknown"
"7014855",371852,2025-06-25 14:45:24,43.3234062194824,-8.50125598907471,"Unknown"
"7014855",371852,2025-06-25 14:50:27,43.3253707885742,-8.51111793518066,"Unknown"
"7014855",371852,2025-06-25 14:55:24,43.3258056640625,-8.51196384429932,"Unknown"
"7014855",371852,2025-06-25 15:00:24,43.3259391784668,-8.5120964050293,"Unknown"
"7014855",371852,2025-06-25 15:05:24,43.3257369995117,-8.51189041137695,"Unknown"
"7014855",371852,2025-06-25 15:10:28,43.3258094787598,-8.51197147369385,"Unknown"
"7014855",371852,2025-06-25 15:15:34,43.3261413574219,-8.5121955871582,"Unknown"
"7014855",371852,2025-06-25 15:20:28,43.3279418945312,-8.49458885192871,"Unknown"
"7014855",371852,2025-06-25 15:25:28,43.3275985717773,-8.49437713623047,"Unknown"
"7014855",371852,2025-06-25 15:30:42,43.327335357666,-8.49427795410156,"Unknown"
"7014855",371852,2025-06-25 15:35:24,43.3289108276367,-8.49512386322021,"Unknown"
"7014855",371852,2025-06-25 15:40:24,43.3272285461426,-8.4961051940918,"Unknown"
"7014855",371852,2025-06-25 15:45:24,43.3229064941406,-8.50059604644775,"Unknown"
"7014855",371852,2025-06-25 15:50:24,43.3229637145996,-8.50064373016357,"Unknown"
"7014855",371852,2025-06-25 15:55:25,43.3188934326172,-8.50254154205322,"Unknown"
"7014855",371852,2025-06-25 16:00:25,43.3188934326172,-8.50255393981934,"Unknown"
"7014855",371852,2025-06-25 16:05:25,43.31884765625,-8.50247287750244,"Unknown"
"7014855",371852,2025-06-25 16:10:24,43.318359375,-8.50443840026855,"Unknown"
"7014855",371852,2025-06-25 16:15:44,43.3184242248535,-8.50448131561279,"Unknown"
"7014855",371852,2025-06-25 16:20:25,43.3184623718262,-8.50455284118652,"Unknown"
"7014855",371852,2025-06-25 16:25:27,43.3186264038086,-8.50491905212402,"Unknown"
"7014855",371852,2025-06-25 16:30:27,43.3184242248535,-8.5044469833374,"Unknown"
"7014855",371852,2025-06-25 16:35:25,43.3188056945801,-8.50505542755127,"Unknown"
"7014855",371852,2025-06-25 16:40:28,43.3184585571289,-8.50458145141602,"Unknown"
"7014855",371852,2025-06-25 16:45:44,43.3183937072754,-8.50455665588379,"Unknown"
"7014855",371852,2025-06-25 16:50:24,43.3183288574219,-8.50446128845215,"Unknown"
"7014855",371852,2025-06-25 16:55:25,43.3183250427246,-8.50453281402588,"Unknown"
"7014855",371852,2025-06-25 17:00:26,43.3224258422852,-8.49848937988281,"Unknown"
"7014855",371852,2025-06-25 17:05:26,43.3263320922852,-8.49931907653809,"Unknown"
"7014855",371852,2025-06-25 17:10:27,43.326057434082,-8.49895763397217,"Unknown"
"7014855",371852,2025-06-25 17:15:25,43.3260154724121,-8.49889087677002,"Unknown"
"7014855",371852,2025-06-25 17:20:24,43.3266143798828,-8.4995288848877,"Unknown"
"7014855",371852,2025-06-25 17:25:27,43.3265800476074,-8.4994421005249,"Unknown"
"7014855",371852,2025-06-25 17:30:44,43.3261604309082,-8.49916362762451,"Unknown"
"7014855",371852,2025-06-25 17:35:26,43.3258934020996,-8.49941444396973,"Unknown"
"7014855",371852,2025-06-25 17:40:25,43.3266181945801,-8.49872875213623,"Unknown"
"7014855",371852,2025-06-25 17:45:26,43.3259620666504,-8.49932479858398,"Unknown"
"7014855",371852,2025-06-25 17:51:05,43.3271598815918,-8.4962272644043,"Unknown"
"7014855",371852,2025-06-25 17:55:25,43.3271675109863,-8.4959659576416,"Unknown"
"7014855",371852,2025-06-25 18:00:24,43.3271675109863,-8.49572372436523,"Unknown"
"7014855",371852,2025-06-25 18:05:25,43.327278137207,-8.49551391601562,"Unknown"
"7014855",371852,2025-06-25 18:10:27,43.327262878418,-8.49539566040039,"Unknown"
"7014855",371852,2025-06-25 18:15:37,43.3273849487305,-8.49539470672607,"Unknown"
"7014855",371852,2025-06-25 18:20:27,43.327278137207,-8.49558162689209,"Unknown"
"7014855",371852,2025-06-25 18:25:28,43.3363342285156,-8.49929618835449,"Unknown"
"7014855",371852,2025-06-25 18:30:30,43.353702545166,-8.47660064697266,"Unknown"
"7014855",371852,2025-06-25 18:40:45,43.3540649414062,-8.45845794677734,"Unknown"
"7014855",371852,2025-06-25 18:45:26,43.3549041748047,-8.4579963684082,"Unknown"
"7014855",371852,2025-06-25 18:50:26,43.3546447753906,-8.45853424072266,"Unknown"
"7014855",371852,2025-06-25 19:35:59,43.3499984741211,-8.42922306060791,"Unknown"
"7014855",371852,2025-06-25 19:40:30,43.3500175476074,-8.42919445037842,"Unknown"
"7014855",371852,2025-06-25 19:45:34,43.3499794006348,-8.42929458618164,"Unknown"
"7014855",371852,2025-06-25 19:50:36,43.3499984741211,-8.42921257019043,"Unknown"
"7014855",371852,2025-06-25 19:55:36,43.350040435791,-8.42927265167236,"Unknown"
"7014855",371852,2025-06-25 20:00:29,43.3499908447266,-8.42921352386475,"Unknown"
"7014855",371852,2025-06-25 20:05:44,43.3498573303223,-8.42882919311523,"Unknown"
"7014855",371852,2025-06-25 20:10:25,43.3498420715332,-8.42870616912842,"Unknown"
"7014855",371852,2025-06-25 20:15:25,43.3498382568359,-8.42878150939941,"Unknown"
"7014855",371852,2025-06-25 20:20:27,43.3498649597168,-8.42890453338623,"Unknown"
"7014855",371852,2025-06-25 20:25:26,43.3498077392578,-8.42883777618408,"Unknown"
"7014855",371852,2025-06-25 20:30:25,43.3497543334961,-8.42883491516113,"Unknown"
"7014855",371852,2025-06-25 20:35:27,43.3497352600098,-8.42870140075684,"Unknown"
"7014855",371852,2025-06-25 20:40:28,43.3498077392578,-8.42924118041992,"Unknown"
"7014855",371852,2025-06-25 20:45:59,43.3498039245605,-8.42886734008789,"Unknown"
"7014855",371852,2025-06-25 20:50:27,43.3496742248535,-8.42843341827393,"Unknown"
"7014855",371852,2025-06-25 20:55:26,43.3497581481934,-8.42805671691895,"Unknown"
"7014855",371852,2025-06-25 21:00:30,43.3499069213867,-8.4283561706543,"Unknown"
"7014855",371852,2025-06-25 21:05:35,43.3497695922852,-8.42788696289062,"Unknown"
"7014855",371852,2025-06-25 21:10:25,43.3496017456055,-8.42762851715088,"Unknown"
"7014855",371852,2025-06-25 21:15:29,43.3499145507812,-8.42828559875488,"Unknown"
"7014855",371852,2025-06-25 21:20:28,43.3498420715332,-8.42811107635498,"Unknown"
"7014855",371852,2025-06-25 21:25:27,43.350227355957,-8.42488288879395,"Unknown"
"7014855",371852,2025-06-25 21:30:43,43.3518142700195,-8.4241189956665,"Unknown"
"7014855",371852,2025-06-25 21:35:35,43.355411529541,-8.41902637481689,"Unknown"
"7014855",371852,2025-06-25 21:40:25,43.3625106811523,-8.40392971038818,"Unknown"
"7014855",371852,2025-06-25 21:45:25,43.3625106811523,-8.40406513214111,"Unknown"
"7014855",371852,2025-06-25 21:50:28,43.3624382019043,-8.40426635742188,"Unknown"
"7014855",371852,2025-06-25 21:55:40,43.3623657226562,-8.40364837646484,"Unknown"
"7014855",371852,2025-06-25 22:00:37,43.3623352050781,-8.40372085571289,"Unknown"
"7014855",371852,2025-06-25 22:05:25,43.3623695373535,-8.40369987487793,"Unknown"
"7014855",371852,2025-06-25 22:10:25,43.3623809814453,-8.40381717681885,"Unknown"
"7014855",371852,2025-06-25 22:15:27,43.3623466491699,-8.40368843078613,"Unknown"
"7014855",371852,2025-06-25 22:20:28,43.3623886108398,-8.40398120880127,"Unknown"
"7014855",371852,2025-06-25 22:25:37,43.3624000549316,-8.40373039245605,"Unknown"
"7014855",371852,2025-06-25 22:30:37,43.3623962402344,-8.40375232696533,"Unknown"
"7014855",371852,2025-06-25 22:35:37,43.3623695373535,-8.40384960174561,"Unknown"
"7014855",371852,2025-06-25 22:40:38,43.3623657226562,-8.40370082855225,"Unknown"
"7014855",371852,2025-06-25 22:45:44,43.3623962402344,-8.4036865234375,"Unknown"
"7014855",371852,2025-06-25 22:50:24,43.3623733520508,-8.40376281738281,"Unknown"
"7014855",371852,2025-06-25 22:55:30,43.3624000549316,-8.403395652771,"Unknown"
"7014855",371852,2025-06-25 23:00:25,43.362377166748,-8.40370178222656,"Unknown"
"7014855",371852,2025-06-25 23:05:37,43.3623657226562,-8.40367317199707,"Unknown"
"7014855",371852,2025-06-25 23:10:38,43.3624076843262,-8.40369415283203,"Unknown"
"7014855",371852,2025-06-25 23:15:30,43.3623085021973,-8.40357494354248,"Unknown"
"7014855",371852,2025-06-25 23:20:34,43.3624114990234,-8.40365886688232,"Unknown"
"7014855",371852,2025-06-25 23:25:42,43.3638381958008,-8.40226459503174,"Unknown"
"7014855",371852,2025-06-25 23:30:26,43.3639526367188,-8.40239715576172,"Unknown"
"7014855",371852,2025-06-25 23:35:28,43.3639755249023,-8.40241432189941,"Unknown"
"7014855",371852,2025-06-25 23:40:30,43.3639678955078,-8.40212059020996,"Unknown"
"7014855",371852,2025-06-25 23:45:45,43.3639030456543,-8.4024715423584,"Unknown"
"7014855",371852,2025-06-25 23:50:25,43.3641929626465,-8.40261173248291,"Unknown"
"7014855",371852,2025-06-25 23:55:25,43.3640174865723,-8.4025182723999,"Unknown"
"7014855",371852,2025-06-26 00:00:44,43.363956451416,-8.40248966217041,"Unknown"
"7014855",371852,2025-06-26 00:05:27,43.3638954162598,-8.40236949920654,"Unknown"
"7014855",371852,2025-06-26 00:10:25,43.3640823364258,-8.40251445770264,"Unknown"
"7014855",371852,2025-06-26 00:15:24,43.3640327453613,-8.40267372131348,"Unknown"
"7014855",371852,2025-06-26 00:20:29,43.3640289306641,-8.40257549285889,"Unknown"
"7014855",371852,2025-06-26 00:25:32,43.3641700744629,-8.40250396728516,"Unknown"
"7014855",371852,2025-06-26 00:30:44,43.3640785217285,-8.40246963500977,"Unknown"
"7014855",371852,2025-06-26 00:35:24,43.3639793395996,-8.402268409729,"Unknown"
"7014855",371852,2025-06-26 00:40:34,43.3638153076172,-8.40233707427979,"Unknown"
"7014855",371852,2025-06-26 00:45:25,43.3642463684082,-8.40260410308838,"Unknown"
"7014855",371852,2025-06-26 00:50:29,43.3641395568848,-8.40250205993652,"Unknown"
"7014855",371852,2025-06-26 00:55:27,43.3640518188477,-8.40239810943604,"Unknown"
"7014855",371852,2025-06-26 01:00:25,43.3641357421875,-8.40255355834961,"Unknown"
"7014855",371852,2025-06-26 01:05:29,43.3639678955078,-8.40246772766113,"Unknown"
"7014855",371852,2025-06-26 01:10:43,43.3642959594727,-8.40254592895508,"Unknown"
"7014855",371852,2025-06-26 01:15:44,43.364128112793,-8.4025354385376,"Unknown"
"7014855",371852,2025-06-26 01:20:27,43.3640975952148,-8.40250587463379,"Unknown"
"7014855",371852,2025-06-26 01:25:25,43.3639755249023,-8.40246963500977,"Unknown"
"7014855",371852,2025-06-26 01:30:29,43.3642349243164,-8.40263938903809,"Unknown"
"7014855",371852,2025-06-26 01:35:24,43.3642272949219,-8.40256500244141,"Unknown"
"7014855",371852,2025-06-26 01:40:25,43.3637084960938,-8.40188217163086,"Unknown"
"7014855",371852,2025-06-26 01:45:45,43.3639488220215,-8.40236663818359,"Unknown"
"7014855",371852,2025-06-26 01:50:24,43.3641357421875,-8.40248966217041,"Unknown"
"7014855",371852,2025-06-26 01:55:24,43.3637504577637,-8.40216255187988,"Unknown"
"7014855",371852,2025-06-26 02:00:25,43.3637886047363,-8.40224170684814,"Unknown"
"7014855",371852,2025-06-26 02:05:24,43.3639640808105,-8.40239143371582,"Unknown"
"7014855",371852,2025-06-26 02:10:28,43.3640022277832,-8.40249061584473,"Unknown"
"7014855",371852,2025-06-26 02:15:29,43.363883972168,-8.40220165252686,"Unknown"
"7014855",371852,2025-06-26 02:20:32,43.363842010498,-8.4023494720459,"Unknown"
"7014855",371852,2025-06-26 02:25:51,43.3641777038574,-8.40227031707764,"Unknown"
"7014855",371852,2025-06-26 02:30:26,43.3642082214355,-8.40236186981201,"Unknown"
"7014855",371852,2025-06-26 02:35:27,43.3635025024414,-8.40278434753418,"Unknown"
"7014855",371852,2025-06-26 02:40:26,43.3640174865723,-8.40250587463379,"Unknown"
"7014855",371852,2025-06-26 02:45:45,43.363883972168,-8.40251159667969,"Unknown"
"7014855",371852,2025-06-26 02:50:31,43.3651237487793,-8.40194988250732,"Unknown"
"7014855",371852,2025-06-26 02:55:51,43.3642311096191,-8.40238475799561,"Unknown"
"7014855",371852,2025-06-26 03:00:44,43.363956451416,-8.4024543762207,"Unknown"
"7014855",371852,2025-06-26 03:05:27,43.3639869689941,-8.40246295928955,"Unknown"
"7014855",371852,2025-06-26 03:10:37,43.3626480102539,-8.40401744842529,"Unknown"
"7014855",371852,2025-06-26 03:15:26,43.3624229431152,-8.40390396118164,"Unknown"
"7014855",371852,2025-06-26 03:20:25,43.3624382019043,-8.40383815765381,"Unknown"
"7014855",371852,2025-06-26 03:25:27,43.3622131347656,-8.40374565124512,"Unknown"
"7014855",371852,2025-06-26 03:30:45,43.3624687194824,-8.40392684936523,"Unknown"
"7014855",371852,2025-06-26 03:35:30,43.3626823425293,-8.40405178070068,"Unknown"
"7014855",371852,2025-06-26 03:40:44,43.3627319335938,-8.40386390686035,"Unknown"
"7014855",371852,2025-06-26 03:45:39,43.3628044128418,-8.40391826629639,"Unknown"
"7014855",371852,2025-06-26 03:50:27,43.3626441955566,-8.40416717529297,"Unknown"
"7014855",371852,2025-06-26 03:55:37,43.3627777099609,-8.4040412902832,"Unknown"
"7014855",371852,2025-06-26 04:00:28,43.3621063232422,-8.40549468994141,"Unknown"
"7014855",371852,2025-06-26 04:05:37,43.3625068664551,-8.40401363372803,"Unknown"
"7014855",371852,2025-06-26 04:10:28,43.3627586364746,-8.40376949310303,"Unknown"
"7014855",371852,2025-06-26 04:15:37,43.3625755310059,-8.40404319763184,"Unknown"
"7014855",371852,2025-06-26 04:20:37,43.3624610900879,-8.40410614013672,"Unknown"
"7014855",371852,2025-06-26 04:25:37,43.3624992370605,-8.4040412902832,"Unknown"
"7014855",371852,2025-06-26 04:30:45,43.3626365661621,-8.40399169921875,"Unknown"
"7014855",371852,2025-06-26 04:35:26,43.3634757995605,-8.4031925201416,"Unknown"
"7014855",371852,2025-06-26 04:40:37,43.3624649047852,-8.40398597717285,"Unknown"
"7014855",371852,2025-06-26 04:45:27,43.3627014160156,-8.40362358093262,"Unknown"
"7014855",371852,2025-06-26 04:50:38,43.3625831604004,-8.40400218963623,"Unknown"
"7014855",371852,2025-06-26 04:55:44,43.3625946044922,-8.40402603149414,"Unknown"
"7014855",371852,2025-06-26 05:00:59,43.3625831604004,-8.4039888381958,"Unknown"
"7014855",371852,2025-06-26 05:05:24,43.3626327514648,-8.40404891967773,"Unknown"
"7014855",371852,2025-06-26 05:10:24,43.3585624694824,-8.42253017425537,"Unknown"
"7014855",371852,2025-06-26 05:15:24,43.3585472106934,-8.44099617004395,"Unknown"
"7014855",371852,2025-06-26 05:20:34,43.3538780212402,-8.45904159545898,"Unknown"
"7014855",371852,2025-06-26 05:30:24,43.3546867370605,-8.45864200592041,"Unknown"
"7014855",371852,2025-06-26 05:46:18,43.3532409667969,-8.45807456970215,"Unknown"
"7014855",371852,2025-06-26 05:50:24,43.3489189147949,-8.43311595916748,"Unknown"
"7014855",371852,2025-06-26 05:55:26,43.3501892089844,-8.42941856384277,"Unknown"
"7014855",371852,2025-06-26 06:00:37,43.3498077392578,-8.42885112762451,"Unknown"
"7014855",371852,2025-06-26 06:05:30,43.3497886657715,-8.42874908447266,"Unknown"
"7014855",371852,2025-06-26 06:10:27,43.3497314453125,-8.42882537841797,"Unknown"
"7014855",371852,2025-06-26 06:15:25,43.349853515625,-8.42891502380371,"Unknown"
"7014855",371852,2025-06-26 06:20:27,43.3499221801758,-8.42919158935547,"Unknown"
"7014855",371852,2025-06-26 06:25:37,43.3497123718262,-8.42870712280273,"Unknown"
"7014855",371852,2025-06-26 06:30:54,43.3491744995117,-8.43004894256592,"Unknown"
"7014855",371852,2025-06-26 06:35:37,43.3499870300293,-8.42846393585205,"Unknown"
"7014855",371852,2025-06-26 06:40:39,43.3498153686523,-8.42872619628906,"Unknown"
"7014855",371852,2025-06-26 06:45:37,43.3498229980469,-8.42864894866943,"Unknown"
"7014855",371852,2025-06-26 06:50:37,43.3498573303223,-8.42865467071533,"Unknown"
"7014855",371852,2025-06-26 06:55:36,43.349781036377,-8.42885780334473,"Unknown"
"7014855",371852,2025-06-26 07:00:35,43.349781036377,-8.4287281036377,"Unknown"
"7014855",371852,2025-06-26 07:05:36,43.3497772216797,-8.42901992797852,"Unknown"
"7014855",371852,2025-06-26 07:10:59,43.3497848510742,-8.4287805557251,"Unknown"
"7014855",371852,2025-06-26 07:15:24,43.3497886657715,-8.42878532409668,"Unknown"
"7014855",371852,2025-06-26 07:20:25,43.3497505187988,-8.42881488800049,"Unknown"
"7014855",371852,2025-06-26 07:25:25,43.349723815918,-8.42887783050537,"Unknown"
"7014855",371852,2025-06-26 07:30:25,43.3497314453125,-8.42875862121582,"Unknown"
"7014855",371852,2025-06-26 07:35:24,43.3495635986328,-8.43476676940918,"Unknown"
"7014855",371852,2025-06-26 07:40:24,43.3537864685059,-8.44729709625244,"Unknown"
"7014855",371852,2025-06-26 07:45:24,43.3544158935547,-8.45723056793213,"Unknown"
"7014855",371852,2025-06-26 07:50:30,43.3533325195312,-8.46161365509033,"Unknown"
"7014855",371852,2025-06-26 07:55:26,43.354133605957,-8.45870780944824,"Unknown"
"7014855",371852,2025-06-26 08:01:17,43.3545417785645,-8.45853900909424,"Unknown"
"7014855",371852,2025-06-26 08:05:24,43.3491096496582,-8.4522819519043,"Unknown"
"7014855",371852,2025-06-26 08:10:24,43.3502426147461,-8.42962169647217,"Unknown"
"7014855",371852,2025-06-26 08:15:26,43.3496704101562,-8.42872905731201,"Unknown"
"7014855",371852,2025-06-26 08:20:25,43.3496780395508,-8.42877960205078,"Unknown"
"7014855",371852,2025-06-26 08:25:24,43.3496246337891,-8.42874526977539,"Unknown"
"7014855",371852,2025-06-26 08:30:26,43.3497123718262,-8.4288330078125,"Unknown"
"7014855",371852,2025-06-26 08:35:25,43.3497543334961,-8.42877674102783,"Unknown"
"7014855",371852,2025-06-26 08:40:25,43.3496475219727,-8.42877769470215,"Unknown"
"7014855",371852,2025-06-26 08:45:24,43.3497123718262,-8.42880344390869,"Unknown"
"7014855",371852,2025-06-26 08:50:25,43.3497314453125,-8.42879009246826,"Unknown"
"7014855",371852,2025-06-26 08:55:24,43.3497085571289,-8.42885208129883,"Unknown"
"7014855",371852,2025-06-26 09:00:24,43.3496704101562,-8.42878150939941,"Unknown"
"7014855",371852,2025-06-26 09:05:24,43.349781036377,-8.42872333526611,"Unknown"
"7014855",371852,2025-06-26 09:10:24,43.3498497009277,-8.42750072479248,"Unknown"
"7014855",371852,2025-06-26 09:15:24,43.3497085571289,-8.42753124237061,"Unknown"
"7014855",371852,2025-06-26 09:20:25,43.3497047424316,-8.42743873596191,"Unknown"
"7014855",371852,2025-06-26 09:25:25,43.3496208190918,-8.42731475830078,"Unknown"
"7014855",371852,2025-06-26 09:30:25,43.349536895752,-8.42700672149658,"Unknown"
"7014855",371852,2025-06-26 09:35:25,43.3494682312012,-8.42674922943115,"Unknown"
"7014855",371852,2025-06-26 09:40:26,43.3498229980469,-8.42766857147217,"Unknown"
"7014855",371852,2025-06-26 09:45:26,43.3499374389648,-8.42790031433105,"Unknown"
"7014855",371852,2025-06-26 09:50:25,43.3497505187988,-8.42751884460449,"Unknown"
"7014855",371852,2025-06-26 09:55:26,43.3497657775879,-8.42727279663086,"Unknown"
"7014855",371852,2025-06-26 10:00:36,43.3497886657715,-8.4281005859375,"Unknown"
"7014855",371852,2025-06-26 10:05:27,43.3497734069824,-8.42803764343262,"Unknown"
"7014855",371852,2025-06-26 10:10:44,43.3520240783691,-8.44822597503662,"Unknown"
"7014855",371852,2025-06-26 10:15:24,43.3532295227051,-8.46764659881592,"Unknown"
"7014855",371852,2025-06-26 10:20:26,43.3485870361328,-8.50930309295654,"Unknown"
"7014855",371852,2025-06-26 10:25:28,43.3481216430664,-8.52978420257568,"Unknown"
"7014855",371852,2025-06-26 10:30:24,43.3399543762207,-8.56281566619873,"Unknown"
"7014855",371852,2025-06-26 10:35:25,43.3215637207031,-8.59481430053711,"Unknown"
"7014855",371852,2025-06-26 10:40:24,43.3124504089355,-8.6270170211792,"Unknown"
"7014855",371852,2025-06-26 10:45:59,43.2979354858398,-8.66733169555664,"Unknown"
"7014855",371852,2025-06-26 10:50:24,43.2986068725586,-8.70241928100586,"Unknown"
"7014855",371852,2025-06-26 10:55:24,43.3032608032227,-8.74574184417725,"Unknown"
"7014855",371852,2025-06-26 11:00:28,43.3124465942383,-8.77917194366455,"Unknown"
"7014855",371852,2025-06-26 11:05:27,43.3137702941895,-8.77242088317871,"Unknown"
"7014855",371852,2025-06-26 11:10:29,43.3195915222168,-8.79312896728516,"Unknown"
"7014855",371852,2025-06-26 11:15:26,43.3444290161133,-8.82144737243652,"Unknown"
"7014855",371852,2025-06-26 11:20:40,43.3581352233887,-8.83486843109131,"Unknown"
"7014855",371852,2025-06-26 11:25:33,43.3601684570312,-8.8438606262207,"Unknown"
"7014855",371852,2025-06-26 11:30:44,43.3601150512695,-8.84396934509277,"Unknown"
"7014855",371852,2025-06-26 11:35:38,43.360179901123,-8.84390449523926,"Unknown"
"7014855",371852,2025-06-26 11:40:39,43.3601226806641,-8.84400081634521,"Unknown"
"7014855",371852,2025-06-26 11:45:36,43.360237121582,-8.84413814544678,"Unknown"
"7014855",371852,2025-06-26 11:50:44,43.3603134155273,-8.84342670440674,"Unknown"
"7014855",371852,2025-06-26 11:55:27,43.3605079650879,-8.84349155426025,"Unknown"
"7014855",371852,2025-06-26 12:00:59,43.3599166870117,-8.84317684173584,"Unknown"
"7014855",371852,2025-06-26 12:05:25,43.3600578308105,-8.84305000305176,"Unknown"
"7014855",371852,2025-06-26 12:10:24,43.3598747253418,-8.8430700302124,"Unknown"
"7014855",371852,2025-06-26 12:15:24,43.3600311279297,-8.84325981140137,"Unknown"
"7014855",371852,2025-06-26 12:21:05,43.3599586486816,-8.84316253662109,"Unknown"
"7014855",371852,2025-06-26 12:25:25,43.3599052429199,-8.84317588806152,"Unknown"
"7014855",371852,2025-06-26 12:30:27,43.3599243164062,-8.84312343597412,"Unknown"
"7014855",371852,2025-06-26 12:35:25,43.3703079223633,-8.84669780731201,"Unknown"
"7014855",371852,2025-06-26 12:40:25,43.3717956542969,-8.8295373916626,"Unknown"
"7014855",371852,2025-06-26 12:45:26,43.3703155517578,-8.82634735107422,"Unknown"
"7014855",371852,2025-06-26 12:50:28,43.3695602416992,-8.82566070556641,"Unknown"
"7014855",371852,2025-06-26 12:56:05,43.3609580993652,-8.83398723602295,"Unknown"
"7014855",371852,2025-06-26 13:00:25,43.360954284668,-8.83399486541748,"Unknown"
"7014855",371852,2025-06-26 13:05:30,43.3610229492188,-8.83376312255859,"Unknown"
"7014855",371852,2025-06-26 13:11:48,43.3609733581543,-8.83412075042725,"Unknown"
"7014855",371852,2025-06-26 13:16:19,43.360912322998,-8.83414649963379,"Unknown"
"7014855",371852,2025-06-26 13:21:48,43.3609390258789,-8.8339786529541,"Unknown"
"7014855",371852,2025-06-26 13:25:25,43.3617782592773,-8.83946895599365,"Unknown"
"7014855",371852,2025-06-26 13:30:24,43.3600883483887,-8.84302520751953,"Unknown"
"7014855",371852,2025-06-26 13:35:24,43.3598785400391,-8.84317779541016,"Unknown"
"7014855",371852,2025-06-26 13:40:26,43.3605613708496,-8.84422302246094,"Unknown"
"7014855",371852,2025-06-26 13:45:24,43.3599548339844,-8.8432674407959,"Unknown"
"7014855",371852,2025-06-26 13:50:30,43.3599815368652,-8.84321594238281,"Unknown"
"7014855",371852,2025-06-26 13:55:24,43.3599662780762,-8.84317016601562,"Unknown"
"7014855",371852,2025-06-26 14:00:24,43.3599853515625,-8.8432149887085,"Unknown"
"7014855",371852,2025-06-26 14:05:25,43.3599586486816,-8.84321403503418,"Unknown"
"7014855",371852,2025-06-26 14:10:27,43.3599319458008,-8.84315299987793,"Unknown"
"7014855",371852,2025-06-26 14:15:26,43.3600692749023,-8.84322738647461,"Unknown"
"7014855",371852,2025-06-26 14:20:25,43.3600425720215,-8.84321594238281,"Unknown"
"7014855",371852,2025-06-26 14:25:24,43.3600158691406,-8.84323120117188,"Unknown"
"7014855",371852,2025-06-26 14:30:26,43.3599510192871,-8.84326171875,"Unknown"
"7014855",371852,2025-06-26 14:35:25,43.3599700927734,-8.84329795837402,"Unknown"
"7014855",371852,2025-06-26 14:40:25,43.3598213195801,-8.84299087524414,"Unknown"
"7014855",371852,2025-06-26 14:45:24,43.3600120544434,-8.84323692321777,"Unknown"
"7014855",371852,2025-06-26 14:50:26,43.3600997924805,-8.84315395355225,"Unknown"
"7014855",371852,2025-06-26 14:55:24,43.3600463867188,-8.84323215484619,"Unknown"
"7014855",371852,2025-06-26 15:00:27,43.3599510192871,-8.84314441680908,"Unknown"
"7014855",371852,2025-06-26 15:05:26,43.3601264953613,-8.84331512451172,"Unknown"
"7014855",371852,2025-06-26 15:10:29,43.3601951599121,-8.8433666229248,"Unknown"
"7014855",371852,2025-06-26 15:15:28,43.3606605529785,-8.84373092651367,"Unknown"
"7014855",371852,2025-06-26 15:20:44,43.3599319458008,-8.84300327301025,"Unknown"
"7014855",371852,2025-06-26 15:25:24,43.3599891662598,-8.84318161010742,"Unknown"
"7014855",371852,2025-06-26 15:30:25,43.3599624633789,-8.8430871963501,"Unknown"
"7014855",371852,2025-06-26 15:35:26,43.3611221313477,-8.83999061584473,"Unknown"
"7014855",371852,2025-06-26 15:40:36,43.3677978515625,-8.83165645599365,"Unknown"
"7014855",371852,2025-06-26 15:45:30,43.3678092956543,-8.83148765563965,"Unknown"
"7014855",371852,2025-06-26 15:50:30,43.3683204650879,-8.83102798461914,"Unknown"
"7014855",371852,2025-06-26 15:55:44,43.365047454834,-8.8321361541748,"Unknown"
"7014855",371852,2025-06-26 16:00:29,43.3604393005371,-8.84371280670166,"Unknown"
"7014855",371852,2025-06-26 16:05:25,43.3596343994141,-8.84277248382568,"Unknown"
"7014855",371852,2025-06-26 16:10:31,43.3600082397461,-8.84319019317627,"Unknown"
"7014855",371852,2025-06-26 16:15:59,43.3599853515625,-8.84306716918945,"Unknown"
"7014855",371852,2025-06-26 16:20:25,43.359992980957,-8.84309673309326,"Unknown"
"7014855",371852,2025-06-26 16:25:30,43.3603363037109,-8.84328365325928,"Unknown"
"7014855",371852,2025-06-26 16:30:40,43.3599166870117,-8.8431282043457,"Unknown"
"7014855",371852,2025-06-26 16:35:24,43.3599395751953,-8.84310722351074,"Unknown"
"7014855",371852,2025-06-26 16:40:26,43.3599662780762,-8.8430757522583,"Unknown"
"7014855",371852,2025-06-26 16:45:25,43.3599815368652,-8.84311389923096,"Unknown"
"7014855",371852,2025-06-26 16:50:24,43.3598899841309,-8.84308338165283,"Unknown"
"7014855",371852,2025-06-26 16:55:24,43.3598365783691,-8.84299373626709,"Unknown"
"7014855",371852,2025-06-26 17:00:25,43.3598670959473,-8.84309101104736,"Unknown"
"7014855",371852,2025-06-26 17:05:36,43.360050201416,-8.84317016601562,"Unknown"
"7014855",371852,2025-06-26 17:10:35,43.3600120544434,-8.84322452545166,"Unknown"
"7014855",371852,2025-06-26 17:16:35,43.357593536377,-8.84547424316406,"Unknown"
"7014855",371852,2025-06-26 17:20:29,43.3502349853516,-8.83175754547119,"Unknown"
"7014855",371852,2025-06-26 17:25:28,43.3506774902344,-8.83275413513184,"Unknown"
"7014855",371852,2025-06-26 17:30:29,43.3511734008789,-8.83365058898926,"Unknown"
"7014855",371852,2025-06-26 17:35:25,43.3527526855469,-8.82830905914307,"Unknown"
"7014855",371852,2025-06-26 17:40:27,43.3528785705566,-8.82920360565186,"Unknown"
"7014855",371852,2025-06-26 17:45:27,43.3533744812012,-8.82923698425293,"Unknown"
"7014855",371852,2025-06-26 17:50:33,43.3536529541016,-8.82878971099854,"Unknown"
"7014855",371852,2025-06-26 17:55:29,43.3538627624512,-8.82855892181396,"Unknown"
"7014855",371852,2025-06-26 18:00:25,43.3540878295898,-8.82913208007812,"Unknown"
"7014855",371852,2025-06-26 18:05:26,43.3554763793945,-8.83311748504639,"Unknown"
"7014855",371852,2025-06-26 18:10:26,43.3555030822754,-8.83310031890869,"Unknown"
"7014855",371852,2025-06-26 18:15:25,43.3554039001465,-8.83310222625732,"Unknown"
"7014855",371852,2025-06-26 18:20:29,43.3600616455078,-8.84662246704102,"Unknown"
"7014855",371852,2025-06-26 18:25:26,43.3601684570312,-8.84352111816406,"Unknown"
"7014855",371852,2025-06-26 18:30:31,43.3604202270508,-8.84380912780762,"Unknown"
"7014855",371852,2025-06-26 18:35:29,43.3604583740234,-8.84364318847656,"Unknown"
"7014855",371852,2025-06-26 18:40:44,43.3605155944824,-8.84290313720703,"Unknown"
"7014855",371852,2025-06-26 18:45:27,43.359992980957,-8.8434362411499,"Unknown"
"7014855",371852,2025-06-26 18:50:29,43.3597106933594,-8.8426570892334,"Unknown"
"7014855",371852,2025-06-26 18:55:38,43.3602104187012,-8.84324169158936,"Unknown"
"7014855",371852,2025-06-26 19:00:29,43.3596572875977,-8.84259605407715,"Unknown"
"7014855",371852,2025-06-26 19:05:35,43.360179901123,-8.84344959259033,"Unknown"
"7014855",371852,2025-06-26 19:10:28,43.3598098754883,-8.84286880493164,"Unknown"
"7014855",371852,2025-06-26 19:15:42,43.3601379394531,-8.84349060058594,"Unknown"
"7014855",371852,2025-06-26 19:20:27,43.3599586486816,-8.8432502746582,"Unknown"
"7014855",371852,2025-06-26 19:25:28,43.3599052429199,-8.84324550628662,"Unknown"
"7014855",371852,2025-06-26 19:30:37,43.3533744812012,-8.82850646972656,"Unknown"
"7014855",371852,2025-06-26 19:35:35,43.3370056152344,-8.78635025024414,"Unknown"
"7014855",371852,2025-06-26 19:40:33,43.3310775756836,-8.78122425079346,"Unknown"
"7014855",371852,2025-06-26 19:45:59,43.3304443359375,-8.78055477142334,"Unknown"
"7014855",371852,2025-06-26 19:50:29,43.3298530578613,-8.77983951568604,"Unknown"
"7014855",371852,2025-06-26 19:55:33,43.3294334411621,-8.77892684936523,"Unknown"
"7014855",371852,2025-06-26 20:00:26,43.3346519470215,-8.74620151519775,"Unknown"
"7014855",371852,2025-06-26 20:05:29,43.3392524719238,-8.74222373962402,"Unknown"
"7014855",371852,2025-06-26 20:10:41,43.3392944335938,-8.74322128295898,"Unknown"
"7014855",371852,2025-06-26 20:15:36,43.3395767211914,-8.74276256561279,"Unknown"
"7014855",371852,2025-06-26 20:20:31,43.3405265808105,-8.74331855773926,"Unknown"
"7014855",371852,2025-06-26 20:26:05,43.3411178588867,-8.74381923675537,"Unknown"
"7014855",371852,2025-06-26 20:30:27,43.3419189453125,-8.7444953918457,"Unknown"
"7014855",371852,2025-06-26 20:35:25,43.3422241210938,-8.74802207946777,"Unknown"
"7014855",371852,2025-06-26 20:41:05,43.3414878845215,-8.75128173828125,"Unknown"
"7014855",371852,2025-06-26 20:45:25,43.3630752563477,-8.74107074737549,"Unknown"
"7014855",371852,2025-06-26 20:50:26,43.3749771118164,-8.72940540313721,"Unknown"
"7014855",371852,2025-06-26 20:55:27,43.3748397827148,-8.72897529602051,"Unknown"
"7014855",371852,2025-06-26 21:00:26,43.375114440918,-8.7289571762085,"Unknown"
"7014855",371852,2025-06-26 21:05:26,43.3760108947754,-8.72855472564697,"Unknown"
"7014855",371852,2025-06-26 21:10:26,43.3771324157715,-8.7288932800293,"Unknown"
"7014855",371852,2025-06-26 21:15:29,43.3783111572266,-8.72895526885986,"Unknown"
"7014855",371852,2025-06-26 21:20:28,43.3791046142578,-8.72932910919189,"Unknown"
"7014855",371852,2025-06-26 21:25:28,43.3798599243164,-8.72988128662109,"Unknown"
"7014855",371852,2025-06-26 21:30:29,43.3866195678711,-8.7308988571167,"Unknown"
"7014855",371852,2025-06-26 21:35:27,43.3892631530762,-8.73650360107422,"Unknown"
"7014855",371852,2025-06-26 21:40:28,43.3893051147461,-8.73689365386963,"Unknown"
"7014855",371852,2025-06-26 21:45:26,43.3890609741211,-8.73724937438965,"Unknown"
"7014855",371852,2025-06-26 21:50:26,43.3889312744141,-8.73736763000488,"Unknown"
"7014855",371852,2025-06-26 21:55:28,43.3888397216797,-8.73702049255371,"Unknown"
"7014855",371852,2025-06-26 22:00:28,43.388671875,-8.73649883270264,"Unknown"
"7014855",371852,2025-06-26 22:05:27,43.3883209228516,-8.73621368408203,"Unknown"
"7014855",371852,2025-06-26 22:10:30,43.3878784179688,-8.73558330535889,"Unknown"
"7014855",371852,2025-06-26 22:15:28,43.3875770568848,-8.7347993850708,"Unknown"
"7014855",371852,2025-06-26 22:20:27,43.3875312805176,-8.73437404632568,"Unknown"
"7014855",371852,2025-06-26 22:25:28,43.3876991271973,-8.73399925231934,"Unknown"
"7014855",371852,2025-06-26 22:30:27,43.387451171875,-8.73346996307373,"Unknown"
"7014855",371852,2025-06-26 22:35:30,43.3871269226074,-8.73433780670166,"Unknown"
"7014855",371852,2025-06-26 22:40:35,43.3865661621094,-8.73385715484619,"Unknown"
"7014855",371852,2025-06-26 22:45:34,43.3810882568359,-8.72916126251221,"Unknown"
"7014855",371852,2025-06-26 22:50:28,43.380672454834,-8.73028469085693,"Unknown"
"7014855",371852,2025-06-26 22:55:31,43.381217956543,-8.72899436950684,"Unknown"
"7014855",371852,2025-06-26 23:00:27,43.3812217712402,-8.72884082794189,"Unknown"
"7014855",371852,2025-06-26 23:05:29,43.3810768127441,-8.72854900360107,"Unknown"
"7014855",371852,2025-06-26 23:10:30,43.381175994873,-8.72832679748535,"Unknown"
"7014855",371852,2025-06-26 23:15:29,43.3810119628906,-8.72792911529541,"Unknown"
"7014855",371852,2025-06-26 23:20:31,43.3806495666504,-8.72687244415283,"Unknown"
"7014855",371852,2025-06-26 23:25:29,43.3801078796387,-8.72616100311279,"Unknown"
"7014855",371852,2025-06-26 23:30:30,43.3795127868652,-8.72557640075684,"Unknown"
"7014855",371852,2025-06-26 23:35:36,43.3790130615234,-8.72483062744141,"Unknown"
"7014855",371852,2025-06-26 23:40:29,43.3787422180176,-8.72398471832275,"Unknown"
"7014855",371852,2025-06-26 23:45:31,43.3782844543457,-8.7234354019165,"Unknown"
"7014855",371852,2025-06-26 23:50:36,43.378044128418,-8.72338676452637,"Unknown"
"7014855",371852,2025-06-26 23:55:36,43.3773651123047,-8.72327899932861,"Unknown"
"7014855",371852,2025-06-27 00:00:36,43.3765983581543,-8.72287368774414,"Unknown"
"7014855",371852,2025-06-27 00:05:36,43.3758773803711,-8.72227191925049,"Unknown"
"7014855",371852,2025-06-27 00:10:36,43.375560760498,-8.72160911560059,"Unknown"
"7014855",371852,2025-06-27 00:15:36,43.3757171630859,-8.72165870666504,"Unknown"
"7014855",371852,2025-06-27 00:20:36,43.375846862793,-8.72148895263672,"Unknown"
"7014855",371852,2025-06-27 00:25:36,43.3760719299316,-8.72090625762939,"Unknown"
"7014855",371852,2025-06-27 00:30:36,43.3757400512695,-8.71985626220703,"Unknown"
"7014855",371852,2025-06-27 00:35:36,43.365234375,-8.72504901885986,"Unknown"
"7014855",371852,2025-06-27 00:40:28,43.3443183898926,-8.74596786499023,"Unknown"
"7014855",371852,2025-06-27 00:45:33,43.3416213989258,-8.74972724914551,"Unknown"
"7014855",371852,2025-06-27 00:50:35,43.3424339294434,-8.74948024749756,"Unknown"
"7014855",371852,2025-06-27 00:55:41,43.343448638916,-8.74938678741455,"Unknown"
"7014855",371852,2025-06-27 01:00:36,43.3442649841309,-8.74912071228027,"Unknown"
"7014855",371852,2025-06-27 01:05:35,43.345027923584,-8.74893569946289,"Unknown"
"7014855",371852,2025-06-27 01:10:45,43.345832824707,-8.74864959716797,"Unknown"
"7014855",371852,2025-06-27 01:15:28,43.3465156555176,-8.74843502044678,"Unknown"
"7014855",371852,2025-06-27 01:20:31,43.3471488952637,-8.74820709228516,"Unknown"
"7014855",371852,2025-06-27 01:25:28,43.3474388122559,-8.7479419708252,"Unknown"
"7014855",371852,2025-06-27 01:30:26,43.3476600646973,-8.74783039093018,"Unknown"
"7014855",371852,2025-06-27 01:35:28,43.3478202819824,-8.74726009368896,"Unknown"
"7014855",371852,2025-06-27 01:40:27,43.3479766845703,-8.7466869354248,"Unknown"
"7014855",371852,2025-06-27 01:45:45,43.3483238220215,-8.74608516693115,"Unknown"
"7014855",371852,2025-06-27 01:50:26,43.348762512207,-8.74572277069092,"Unknown"
"7014855",371852,2025-06-27 01:55:28,43.3491744995117,-8.74546909332275,"Unknown"
"7014855",371852,2025-06-27 02:00:26,43.3492164611816,-8.74450206756592,"Unknown"
"7014855",371852,2025-06-27 02:05:36,43.3493309020996,-8.74401378631592,"Unknown"
"7014855",371852,2025-06-27 02:10:28,43.3493728637695,-8.74378299713135,"Unknown"
"7014855",371852,2025-06-27 02:15:28,43.3493957519531,-8.74308586120605,"Unknown"
"7014855",371852,2025-06-27 02:20:28,43.3497734069824,-8.74246978759766,"Unknown"
"7014855",371852,2025-06-27 02:25:35,43.3501129150391,-8.74206638336182,"Unknown"
"7014855",371852,2025-06-27 02:30:45,43.3503074645996,-8.74153995513916,"Unknown"
"7014855",371852,2025-06-27 02:35:28,43.3502655029297,-8.74129295349121,"Unknown"
"7014855",371852,2025-06-27 02:40:29,43.3502349853516,-8.741042137146,"Unknown"
"7014855",371852,2025-06-27 02:45:26,43.3506050109863,-8.74026203155518,"Unknown"
"7014855",371852,2025-06-27 02:50:36,43.3507881164551,-8.7397289276123,"Unknown"
"7014855",371852,2025-06-27 02:55:36,43.3508987426758,-8.73930549621582,"Unknown"
"7014855",371852,2025-06-27 03:00:36,43.3509750366211,-8.73883438110352,"Unknown"
"7014855",371852,2025-06-27 03:05:36,43.350643157959,-8.73850440979004,"Unknown"
"7014855",371852,2025-06-27 03:10:30,43.3508529663086,-8.73803806304932,"Unknown"
"7014855",371852,2025-06-27 03:15:44,43.3504867553711,-8.73750877380371,"Unknown"
"7014855",371852,2025-06-27 03:20:29,43.3500862121582,-8.73720932006836,"Unknown"
"7014855",371852,2025-06-27 03:25:28,43.3500900268555,-8.73681449890137,"Unknown"
"7014855",371852,2025-06-27 03:30:28,43.3497161865234,-8.73672008514404,"Unknown"
"7014855",371852,2025-06-27 03:35:27,43.3496742248535,-8.7367696762085,"Unknown"
"7014855",371852,2025-06-27 03:40:27,43.3496131896973,-8.73687362670898,"Unknown"
"7014855",371852,2025-06-27 03:45:44,43.3493804931641,-8.73725128173828,"Unknown"
"7014855",371852,2025-06-27 03:50:35,43.3493347167969,-8.73741436004639,"Unknown"
"7014855",371852,2025-06-27 03:55:36,43.3494110107422,-8.7376537322998,"Unknown"
"7014855",371852,2025-06-27 04:00:36,43.3494338989258,-8.7379322052002,"Unknown"
"7014855",371852,2025-06-27 04:05:36,43.3493309020996,-8.73892021179199,"Unknown"
"7014855",371852,2025-06-27 04:10:36,43.349235534668,-8.73984050750732,"Unknown"
"7014855",371852,2025-06-27 04:15:36,43.3465461730957,-8.7462100982666,"Unknown"
"7014855",371852,2025-06-27 04:20:39,43.3439598083496,-8.75168895721436,"Unknown"
"7014855",371852,2025-06-27 04:25:27,43.3380012512207,-8.75484561920166,"Unknown"
"7014855",371852,2025-06-27 04:30:44,43.312328338623,-8.75292110443115,"Unknown"
"7014855",371852,2025-06-27 04:35:35,43.293399810791,-8.74560928344727,"Unknown"
"7014855",371852,2025-06-27 04:41:05,43.2930030822754,-8.74580192565918,"Unknown"
"7014855",371852,2025-06-27 04:45:26,43.2930335998535,-8.74566650390625,"Unknown"
"7014855",371852,2025-06-27 04:50:28,43.2930717468262,-8.7455358505249,"Unknown"
"7014855",371852,2025-06-27 04:55:34,43.2930374145508,-8.74546527862549,"Unknown"
"7014855",371852,2025-06-27 05:00:25,43.2928848266602,-8.73750114440918,"Unknown"
"7014855",371852,2025-06-27 05:05:25,43.2929382324219,-8.73740386962891,"Unknown"
"7014855",371852,2025-06-27 05:10:26,43.2928771972656,-8.73742294311523,"Unknown"
"7014855",371852,2025-06-27 05:15:36,43.2929153442383,-8.73721885681152,"Unknown"
"7014855",371852,2025-06-27 05:20:36,43.29296875,-8.73720836639404,"Unknown"
"7014855",371852,2025-06-27 05:25:36,43.2929611206055,-8.7371711730957,"Unknown"
"7014855",371852,2025-06-27 05:30:36,43.2930450439453,-8.73715972900391,"Unknown"
"7014855",371852,2025-06-27 05:35:31,43.2930679321289,-8.73718166351318,"Unknown"
"7014855",371852,2025-06-27 05:40:34,43.2930526733398,-8.7371711730957,"Unknown"
"7014855",371852,2025-06-27 05:45:29,43.2932472229004,-8.73732662200928,"Unknown"
"7014855",371852,2025-06-27 05:50:56,43.2932243347168,-8.73746299743652,"Unknown"
"7014855",371852,2025-06-27 05:55:26,43.2932319641113,-8.73759841918945,"Unknown"
"7014855",371852,2025-06-27 06:00:26,43.2932281494141,-8.7375659942627,"Unknown"
"7014855",371852,2025-06-27 06:05:26,43.2931938171387,-8.73752593994141,"Unknown"
"7014855",371852,2025-06-27 06:10:26,43.2931365966797,-8.73756694793701,"Unknown"
"7014855",371852,2025-06-27 06:15:26,43.2924041748047,-8.73622894287109,"Unknown"
"7014855",371852,2025-06-27 06:20:26,43.2933349609375,-8.73760986328125,"Unknown"
"7014855",371852,2025-06-27 06:25:28,43.2933235168457,-8.73741054534912,"Unknown"
"7014855",371852,2025-06-27 06:30:36,43.2931060791016,-8.73748683929443,"Unknown"
"7014855",371852,2025-06-27 06:35:30,43.2932586669922,-8.73803806304932,"Unknown"
"7014855",371852,2025-06-27 06:40:30,43.2934951782227,-8.7387523651123,"Unknown"
"7014855",371852,2025-06-27 06:45:36,43.2932548522949,-8.73752880096436,"Unknown"
"7014855",371852,2025-06-27 06:50:36,43.2932243347168,-8.73754692077637,"Unknown"
"7014855",371852,2025-06-27 06:55:36,43.2932395935059,-8.73752403259277,"Unknown"
"7014855",371852,2025-06-27 07:00:36,43.2931861877441,-8.73749256134033,"Unknown"
"7014855",371852,2025-06-27 07:05:36,43.2932205200195,-8.73755836486816,"Unknown"
"7014855",371852,2025-06-27 07:10:36,43.2929954528809,-8.73764896392822,"Unknown"
"7014855",371852,2025-06-27 07:15:36,43.2929267883301,-8.73762989044189,"Unknown"
"7014855",371852,2025-06-27 07:20:36,43.2929306030273,-8.73764324188232,"Unknown"
"7014855",371852,2025-06-27 07:25:36,43.2929000854492,-8.73765754699707,"Unknown"
"7014855",371852,2025-06-27 07:30:36,43.2929191589355,-8.73757743835449,"Unknown"
"7014855",371852,2025-06-27 07:35:36,43.292896270752,-8.73757839202881,"Unknown"
"7014855",371852,2025-06-27 07:40:28,43.2931365966797,-8.73796081542969,"Unknown"
"7014855",371852,2025-06-27 07:45:26,43.2931900024414,-8.73788928985596,"Unknown"
"7014855",371852,2025-06-27 07:50:28,43.2929000854492,-8.73768520355225,"Unknown"
"7014855",371852,2025-06-27 07:55:36,43.2931442260742,-8.73740768432617,"Unknown"
"7014855",371852,2025-06-27 08:00:26,43.2936210632324,-8.7387638092041,"Unknown"
"7014855",371852,2025-06-27 08:05:26,43.2936019897461,-8.74577522277832,"Unknown"
"7014855",371852,2025-06-27 08:10:26,43.2935218811035,-8.74539375305176,"Unknown"
"7014855",371852,2025-06-27 08:15:26,43.2936210632324,-8.74585819244385,"Unknown"
"7014855",371852,2025-06-27 08:20:27,43.2936210632324,-8.74579906463623,"Unknown"
"7014855",371852,2025-06-27 08:25:30,43.2934837341309,-8.74523544311523,"Unknown"
"7014855",371852,2025-06-27 08:30:36,43.2931900024414,-8.74554061889648,"Unknown"
"7014855",371852,2025-06-27 08:35:36,43.2931327819824,-8.74548149108887,"Unknown"
"7014855",371852,2025-06-27 08:40:36,43.2930030822754,-8.74542236328125,"Unknown"
"7014855",371852,2025-06-27 08:45:36,43.2928123474121,-8.74550724029541,"Unknown"
"7014855",371852,2025-06-27 08:50:38,43.2927436828613,-8.7455358505249,"Unknown"
"7014855",371852,2025-06-27 08:55:40,43.2925033569336,-8.74569797515869,"Unknown"
"7014855",371852,2025-06-27 09:00:40,43.2927131652832,-8.7452278137207,"Unknown"
"7014855",371852,2025-06-27 09:05:36,43.2926025390625,-8.74507999420166,"Unknown"
"7014855",371852,2025-06-27 09:10:36,43.2925987243652,-8.74522495269775,"Unknown"
"7014855",371852,2025-06-27 09:15:36,43.2927627563477,-8.74544715881348,"Unknown"
"7014855",371852,2025-06-27 09:20:36,43.292236328125,-8.74506759643555,"Unknown"
"7014855",371852,2025-06-27 09:25:36,43.2922554016113,-8.74507617950439,"Unknown"
"7014855",371852,2025-06-27 09:30:36,43.2926139831543,-8.74586868286133,"Unknown"
"7014855",371852,2025-06-27 09:35:27,43.2924537658691,-8.74600124359131,"Unknown"
"7014855",371852,2025-06-27 09:40:27,43.2935485839844,-8.74553775787354,"Unknown"
"7014855",371852,2025-06-27 09:45:28,43.2936897277832,-8.74538421630859,"Unknown"
"7014855",371852,2025-06-27 09:50:27,43.2949142456055,-8.74685001373291,"Unknown"
"7014855",371852,2025-06-27 09:55:28,43.2938232421875,-8.74569797515869,"Unknown"
"7014855",371852,2025-06-27 10:00:27,43.2939605712891,-8.74606227874756,"Unknown"
"7014855",371852,2025-06-27 10:05:26,43.2939300537109,-8.74636268615723,"Unknown"
"7014855",371852,2025-06-27 10:10:27,43.2944869995117,-8.74817943572998,"Unknown"
"7014855",371852,2025-06-27 10:15:26,43.2945594787598,-8.7481107711792,"Unknown"
"7014855",371852,2025-06-27 10:20:27,43.2945823669434,-8.74801635742188,"Unknown"
"7014855",371852,2025-06-27 10:25:27,43.2945137023926,-8.74826812744141,"Unknown"
"7014855",371852,2025-06-27 10:30:26,43.2946548461914,-8.74808597564697,"Unknown"
"7014855",371852,2025-06-27 10:35:26,43.2942962646484,-8.74972915649414,"Unknown"
"7014855",371852,2025-06-27 10:40:26,43.2945098876953,-8.74850177764893,"Unknown"
"7014855",371852,2025-06-27 10:45:27,43.2946281433105,-8.74792098999023,"Unknown"
"7014855",371852,2025-06-27 10:50:26,43.2947235107422,-8.74789333343506,"Unknown"
"7014855",371852,2025-06-27 10:55:26,43.2959594726562,-8.74912452697754,"Unknown"
"7014855",371852,2025-06-27 11:00:26,43.2959899902344,-8.74916458129883,"Unknown"
"7014855",371852,2025-06-27 11:05:26,43.2960166931152,-8.74910259246826,"Unknown"
"7014855",371852,2025-06-27 11:10:26,43.2959022521973,-8.74935626983643,"Unknown"
"7014855",371852,2025-06-27 11:15:27,43.2972602844238,-8.75088787078857,"Unknown"
"7014855",371852,2025-06-27 11:20:27,43.2972984313965,-8.75097370147705,"Unknown"
"7014855",371852,2025-06-27 11:25:26,43.2971572875977,-8.75118255615234,"Unknown"
"7014855",371852,2025-06-27 11:30:27,43.2972717285156,-8.75106620788574,"Unknown"
"7014855",371852,2025-06-27 11:35:28,43.2974472045898,-8.75094032287598,"Unknown"
"7014855",371852,2025-06-27 11:40:27,43.2975120544434,-8.75103092193604,"Unknown"
"7014855",371852,2025-06-27 11:45:28,43.2975730895996,-8.75094985961914,"Unknown"
"7014855",371852,2025-06-27 11:50:27,43.2975273132324,-8.75114727020264,"Unknown"
"7014855",371852,2025-06-27 11:55:27,43.2975540161133,-8.75118732452393,"Unknown"
"7014855",371852,2025-06-27 12:00:27,43.2976989746094,-8.75109767913818,"Unknown"
"7014855",371852,2025-06-27 12:05:27,43.2977447509766,-8.75113105773926,"Unknown"
"7014855",371852,2025-06-27 12:10:28,43.2977561950684,-8.75116634368896,"Unknown"
"7014855",371852,2025-06-27 12:15:28,43.2977752685547,-8.75115585327148,"Unknown"
"7014855",371852,2025-06-27 12:20:27,43.2966766357422,-8.75124549865723,"Unknown"
"7014855",371852,2025-06-27 12:25:31,43.2970886230469,-8.75107383728027,"Unknown"
"7014855",371852,2025-06-27 12:30:27,43.2973518371582,-8.75100898742676,"Unknown"
"7014855",371852,2025-06-27 12:35:27,43.2972412109375,-8.75118255615234,"Unknown"
"7014855",371852,2025-06-27 12:40:27,43.2972145080566,-8.7512035369873,"Unknown"
"7014855",371852,2025-06-27 12:45:28,43.2971687316895,-8.75130271911621,"Unknown"
"7014855",371852,2025-06-27 12:50:27,43.2972068786621,-8.75133609771729,"Unknown"
"7014855",371852,2025-06-27 12:55:27,43.297176361084,-8.75134563446045,"Unknown"
"7014855",371852,2025-06-27 13:00:27,43.2972145080566,-8.75130748748779,"Unknown"
"7014855",371852,2025-06-27 13:05:27,43.2972526550293,-8.75134086608887,"Unknown"
"7014855",371852,2025-06-27 13:10:27,43.2972946166992,-8.75137233734131,"Unknown"
"7014855",371852,2025-06-27 13:15:27,43.2973213195801,-8.75145530700684,"Unknown"
"7014855",371852,2025-06-27 13:20:27,43.2972869873047,-8.75141620635986,"Unknown"
"7014855",371852,2025-06-27 13:25:27,43.2973175048828,-8.75135040283203,"Unknown"
"7014855",371852,2025-06-27 13:30:27,43.2973403930664,-8.75147533416748,"Unknown"
"7014855",371852,2025-06-27 13:35:27,43.2975158691406,-8.75235176086426,"Unknown"
"7014855",371852,2025-06-27 13:40:28,43.2975692749023,-8.75233840942383,"Unknown"
"7014855",371852,2025-06-27 13:45:27,43.297534942627,-8.75229072570801,"Unknown"
"7014855",371852,2025-06-27 13:50:28,43.2977638244629,-8.75203037261963,"Unknown"
"7014855",371852,2025-06-27 13:55:28,43.2975692749023,-8.75247955322266,"Unknown"
"7014855",371852,2025-06-27 14:00:28,43.2975692749023,-8.75236892700195,"Unknown"
"7014855",371852,2025-06-27 14:05:28,43.2975997924805,-8.75237560272217,"Unknown"
"7014855",371852,2025-06-27 14:10:28,43.2976226806641,-8.75240325927734,"Unknown"
"7014855",371852,2025-06-27 14:15:31,43.2974548339844,-8.75292110443115,"Unknown"
"7014855",371852,2025-06-27 14:20:30,43.2975959777832,-8.75257015228271,"Unknown"
"7014855",371852,2025-06-27 14:25:29,43.2972373962402,-8.75343704223633,"Unknown"
"7014855",371852,2025-06-27 14:30:31,43.2969169616699,-8.75422096252441,"Unknown"
"7014855",371852,2025-06-27 14:35:28,43.2968711853027,-8.754638671875,"Unknown"
"7014855",371852,2025-06-27 14:40:35,43.2974739074707,-8.75216007232666,"Unknown"
"7014855",371852,2025-06-27 14:45:37,43.2973861694336,-8.7521800994873,"Unknown"
"7014855",371852,2025-06-27 14:50:32,43.2973556518555,-8.75218868255615,"Unknown"
"7014855",371852,2025-06-27 14:55:31,43.2979774475098,-8.74967956542969,"Unknown"
"7014855",371852,2025-06-27 15:00:37,43.2972450256348,-8.75220108032227,"Unknown"
"7014855",371852,2025-06-27 15:05:45,43.2972640991211,-8.75218486785889,"Unknown"
"7014855",371852,2025-06-27 15:10:27,43.2971878051758,-8.75214862823486,"Unknown"
"7014855",371852,2025-06-27 15:15:27,43.2971534729004,-8.75184535980225,"Unknown"
"7014855",371852,2025-06-27 15:20:27,43.2970962524414,-8.75258922576904,"Unknown"
"7014855",371852,2025-06-27 15:25:28,43.2973289489746,-8.75221252441406,"Unknown"
"7014855",371852,2025-06-27 15:30:27,43.2973251342773,-8.75257301330566,"Unknown"
"7014855",371852,2025-06-27 15:35:28,43.2973518371582,-8.75226879119873,"Unknown"
"7014855",371852,2025-06-27 15:40:28,43.2972640991211,-8.75227928161621,"Unknown"
"7014855",371852,2025-06-27 15:45:28,43.2972412109375,-8.7526273727417,"Unknown"
"7014855",371852,2025-06-27 15:50:28,43.2972984313965,-8.75262451171875,"Unknown"
"7014855",371852,2025-06-27 15:55:28,43.2972755432129,-8.75253295898438,"Unknown"
"7014855",371852,2025-06-27 16:00:28,43.297290802002,-8.75252532958984,"Unknown"
"7014855",371852,2025-06-27 16:05:28,43.2974128723145,-8.75242900848389,"Unknown"
"7014855",371852,2025-06-27 16:10:27,43.2972450256348,-8.75223731994629,"Unknown"
"7014855",371852,2025-06-27 16:15:27,43.2972793579102,-8.752197265625,"Unknown"
"7014855",371852,2025-06-27 16:20:28,43.297306060791,-8.75216197967529,"Unknown"
"7014855",371852,2025-06-27 16:25:27,43.2973175048828,-8.75218296051025,"Unknown"
"7014855",371852,2025-06-27 16:30:28,43.2973556518555,-8.75211906433105,"Unknown"
"7014855",371852,2025-06-27 16:35:28,43.2973365783691,-8.75209426879883,"Unknown"
"7014855",371852,2025-06-27 16:40:29,43.2974166870117,-8.75208568572998,"Unknown"
"7014855",371852,2025-06-27 16:45:28,43.2974281311035,-8.75214195251465,"Unknown"
"7014855",371852,2025-06-27 16:50:28,43.2974624633789,-8.75211906433105,"Unknown"
"7014855",371852,2025-06-27 16:55:28,43.2974433898926,-8.75208473205566,"Unknown"
"7014855",371852,2025-06-27 17:00:28,43.2974815368652,-8.75218296051025,"Unknown"
"7014855",371852,2025-06-27 17:05:28,43.2974395751953,-8.75209522247314,"Unknown"
"7014855",371852,2025-06-27 17:10:28,43.2974662780762,-8.75217247009277,"Unknown"
"7014855",371852,2025-06-27 17:15:28,43.2975006103516,-8.75201416015625,"Unknown"
"7014855",371852,2025-06-27 17:20:28,43.2974739074707,-8.7521333694458,"Unknown"
"7014855",371852,2025-06-27 17:25:28,43.2974700927734,-8.75210857391357,"Unknown"
"7014855",371852,2025-06-27 17:30:28,43.2975082397461,-8.75198459625244,"Unknown"
"7014855",371852,2025-06-27 17:35:29,43.2978324890137,-8.75134944915771,"Unknown"
"7014855",371852,2025-06-27 17:40:28,43.2974166870117,-8.7521333694458,"Unknown"
"7014855",371852,2025-06-27 17:45:28,43.2973442077637,-8.75230503082275,"Unknown"
"7014855",371852,2025-06-27 17:50:28,43.2973976135254,-8.75209045410156,"Unknown"
"7014855",371852,2025-06-27 17:55:27,43.2973594665527,-8.75211429595947,"Unknown"
"7014855",371852,2025-06-27 18:00:28,43.2973709106445,-8.7521276473999,"Unknown"
"7014855",371852,2025-06-27 18:05:28,43.2974090576172,-8.75206661224365,"Unknown"
"7014855",371852,2025-06-27 18:10:28,43.2972030639648,-8.74939823150635,"Unknown"
"7014855",371852,2025-06-27 18:15:41,43.2966766357422,-8.7512321472168,"Unknown"
"7014855",371852,2025-06-27 18:20:31,43.2967567443848,-8.75094509124756,"Unknown"
"7014855",371852,2025-06-27 18:25:33,43.296573638916,-8.75120162963867,"Unknown"
"7014855",371852,2025-06-27 18:30:30,43.2967300415039,-8.75091361999512,"Unknown"
"7014855",371852,2025-06-27 18:35:31,43.2966270446777,-8.75120544433594,"Unknown"
"7014855",371852,2025-06-27 18:40:27,43.2966079711914,-8.75137329101562,"Unknown"
"7014855",371852,2025-06-27 18:45:28,43.2967491149902,-8.75148296356201,"Unknown"
"7014855",371852,2025-06-27 18:50:27,43.2972259521484,-8.75154495239258,"Unknown"
"7014855",371852,2025-06-27 18:55:27,43.2970924377441,-8.75164604187012,"Unknown"
"7014855",371852,2025-06-27 19:00:27,43.2973823547363,-8.75150871276855,"Unknown"
"7014855",371852,2025-06-27 19:05:27,43.2969665527344,-8.75181579589844,"Unknown"
"7014855",371852,2025-06-27 19:10:27,43.2970008850098,-8.75177192687988,"Unknown"
"7014855",371852,2025-06-27 19:15:27,43.2971343994141,-8.75160884857178,"Unknown"
"7014855",371852,2025-06-27 19:20:28,43.2971687316895,-8.7514181137085,"Unknown"
"7014855",371852,2025-06-27 19:25:27,43.2971878051758,-8.75141620635986,"Unknown"
"7014855",371852,2025-06-27 19:30:27,43.2973327636719,-8.75165557861328,"Unknown"
"7014855",371852,2025-06-27 19:35:28,43.2971649169922,-8.75155067443848,"Unknown"
"7014855",371852,2025-06-27 19:40:27,43.2969703674316,-8.7514762878418,"Unknown"
"7014855",371852,2025-06-27 19:45:27,43.2972145080566,-8.75137710571289,"Unknown"
"7014855",371852,2025-06-27 19:50:27,43.2971992492676,-8.7513599395752,"Unknown"
"7014855",371852,2025-06-27 19:55:27,43.2972183227539,-8.75130653381348,"Unknown"
"7014855",371852,2025-06-27 20:00:27,43.2972564697266,-8.75132274627686,"Unknown"
"7014855",371852,2025-06-27 20:05:27,43.2972831726074,-8.75130462646484,"Unknown"
"7014855",371852,2025-06-27 20:10:27,43.2971954345703,-8.75128078460693,"Unknown"
"7014855",371852,2025-06-27 20:15:28,43.2973785400391,-8.75128364562988,"Unknown"
"7014855",371852,2025-06-27 20:20:27,43.2972679138184,-8.75122547149658,"Unknown"
"7014855",371852,2025-06-27 20:25:27,43.2973785400391,-8.7512845993042,"Unknown"
"7014855",371852,2025-06-27 20:30:27,43.2971267700195,-8.75121688842773,"Unknown"
"7014855",371852,2025-06-27 20:35:28,43.2973747253418,-8.75116062164307,"Unknown"
"7014855",371852,2025-06-27 20:40:28,43.2974624633789,-8.75153732299805,"Unknown"
"7014855",371852,2025-06-27 20:45:28,43.2976303100586,-8.75173854827881,"Unknown"
"7014855",371852,2025-06-27 20:50:34,43.297492980957,-8.75155830383301,"Unknown"
"7014855",371852,2025-06-27 20:55:27,43.2975883483887,-8.75159454345703,"Unknown"
"7014855",371852,2025-06-27 21:00:28,43.2975387573242,-8.75153160095215,"Unknown"
"7014855",371852,2025-06-27 21:05:27,43.2978668212891,-8.75255107879639,"Unknown"
"7014855",371852,2025-06-27 21:10:28,43.2979202270508,-8.75277900695801,"Unknown"
"7014855",371852,2025-06-27 21:15:28,43.2979469299316,-8.75269031524658,"Unknown"
"7014855",371852,2025-06-27 21:20:27,43.2979621887207,-8.75270938873291,"Unknown"
"7014855",371852,2025-06-27 21:25:27,43.2979583740234,-8.7526798248291,"Unknown"
"7014855",371852,2025-06-27 21:30:30,43.2980995178223,-8.75273418426514,"Unknown"
"7014855",371852,2025-06-27 21:35:29,43.2981452941895,-8.75265884399414,"Unknown"
"7014855",371852,2025-06-27 21:40:27,43.2979927062988,-8.75258541107178,"Unknown"
"7014855",371852,2025-06-27 21:45:27,43.2978897094727,-8.75257778167725,"Unknown"
"7014855",371852,2025-06-27 21:50:27,43.2979393005371,-8.75258255004883,"Unknown"
"7014855",371852,2025-06-27 21:55:28,43.2979011535645,-8.75252151489258,"Unknown"
"7014855",371852,2025-06-27 22:00:29,43.2980270385742,-8.75246238708496,"Unknown"
"7014855",371852,2025-06-27 22:05:27,43.2980613708496,-8.75248432159424,"Unknown"
"7014855",371852,2025-06-27 22:10:27,43.2979278564453,-8.75266265869141,"Unknown"
"7014855",371852,2025-06-27 22:15:27,43.2980766296387,-8.75289440155029,"Unknown"
"7014855",371852,2025-06-27 22:20:27,43.2979583740234,-8.75276947021484,"Unknown"
"7014855",371852,2025-06-27 22:25:27,43.2979393005371,-8.75267219543457,"Unknown"
"7014855",371852,2025-06-27 22:30:27,43.2979545593262,-8.75264167785645,"Unknown"
"7014855",371852,2025-06-27 22:35:27,43.2979850769043,-8.75268363952637,"Unknown"
"7014855",371852,2025-06-27 22:40:27,43.2979545593262,-8.75264358520508,"Unknown"
"7014855",371852,2025-06-27 22:45:27,43.2979698181152,-8.75268268585205,"Unknown"
"7014855",371852,2025-06-27 22:50:29,43.2977180480957,-8.75241947174072,"Unknown"
"7014855",371852,2025-06-27 22:55:28,43.2978172302246,-8.75233173370361,"Unknown"
"7014855",371852,2025-06-27 23:00:30,43.2974090576172,-8.75251293182373,"Unknown"
"7014855",371852,2025-06-27 23:05:28,43.2979011535645,-8.7524356842041,"Unknown"
"7014855",371852,2025-06-27 23:10:29,43.2978324890137,-8.75238513946533,"Unknown"
"7014855",371852,2025-06-27 23:15:28,43.2979469299316,-8.7524938583374,"Unknown"
"7014855",371852,2025-06-27 23:20:28,43.2979125976562,-8.75245380401611,"Unknown"
"7014855",371852,2025-06-27 23:25:28,43.2977867126465,-8.75232124328613,"Unknown"
"7014855",371852,2025-06-27 23:30:29,43.2978477478027,-8.75243091583252,"Unknown"
"7014855",371852,2025-06-27 23:35:28,43.2978782653809,-8.75251483917236,"Unknown"
"7014855",371852,2025-06-27 23:40:31,43.2976417541504,-8.75214385986328,"Unknown"
"7014855",371852,2025-06-27 23:45:27,43.2978363037109,-8.75254249572754,"Unknown"
"7014855",371852,2025-06-27 23:50:28,43.2978477478027,-8.75265693664551,"Unknown"
"7014855",371852,2025-06-27 23:55:44,43.2972793579102,-8.75235939025879,"Unknown"
"7014855",371852,2025-06-28 00:00:27,43.2974548339844,-8.75256538391113,"Unknown"
"7014855",371852,2025-06-28 00:05:27,43.2973861694336,-8.75253677368164,"Unknown"
"7014855",371852,2025-06-28 00:10:27,43.2974166870117,-8.75259208679199,"Unknown"
"7014855",371852,2025-06-28 00:15:27,43.2975807189941,-8.75283432006836,"Unknown"
"7014855",371852,2025-06-28 00:20:27,43.2974586486816,-8.75270175933838,"Unknown"
"7014855",371852,2025-06-28 00:25:27,43.2975425720215,-8.75283050537109,"Unknown"
"7014855",371852,2025-06-28 00:30:27,43.297779083252,-8.75327205657959,"Unknown"
"7014855",371852,2025-06-28 00:35:31,43.2973327636719,-8.75263500213623,"Unknown"
"7014855",371852,2025-06-28 00:40:28,43.2976303100586,-8.75300598144531,"Unknown"
"7014855",371852,2025-06-28 00:45:52,43.297306060791,-8.75263500213623,"Unknown"
"7014855",371852,2025-06-28 00:50:36,43.297534942627,-8.75262546539307,"Unknown"
"7014855",371852,2025-06-28 00:55:42,43.2973976135254,-8.7526216506958,"Unknown"
"7014855",371852,2025-06-28 01:00:27,43.297435760498,-8.75264835357666,"Unknown"
"7014855",371852,2025-06-28 01:05:27,43.2974090576172,-8.7526388168335,"Unknown"
"7014855",371852,2025-06-28 01:10:27,43.2973518371582,-8.75263118743896,"Unknown"
"7014855",371852,2025-06-28 01:15:27,43.2973251342773,-8.7526388168335,"Unknown"
"7014855",371852,2025-06-28 01:20:27,43.29736328125,-8.75258922576904,"Unknown"
"7014855",371852,2025-06-28 01:25:26,43.2974395751953,-8.75262355804443,"Unknown"
"7014855",371852,2025-06-28 01:30:27,43.2975616455078,-8.7526741027832,"Unknown"
"7014855",371852,2025-06-28 01:35:27,43.2974700927734,-8.75253105163574,"Unknown"
"7014855",371852,2025-06-28 01:40:27,43.2970008850098,-8.75276947021484,"Unknown"
"7014855",371852,2025-06-28 01:45:44,43.2975158691406,-8.75264453887939,"Unknown"
"7014855",371852,2025-06-28 01:50:28,43.297306060791,-8.7526330947876,"Unknown"
"7014855",371852,2025-06-28 01:55:27,43.297248840332,-8.75265693664551,"Unknown"
"7014855",371852,2025-06-28 02:00:28,43.297119140625,-8.75264835357666,"Unknown"
"7014855",371852,2025-06-28 02:05:27,43.2972793579102,-8.75249862670898,"Unknown"
"7014855",371852,2025-06-28 02:10:28,43.2973861694336,-8.75264549255371,"Unknown"
"7014855",371852,2025-06-28 02:15:26,43.2973098754883,-8.75252437591553,"Unknown"
"7014855",371852,2025-06-28 02:20:26,43.2975616455078,-8.75249576568604,"Unknown"
"7014855",371852,2025-06-28 02:25:27,43.2974243164062,-8.75259780883789,"Unknown"
"7014855",371852,2025-06-28 02:30:45,43.2973480224609,-8.75258541107178,"Unknown"
"7014855",371852,2025-06-28 02:35:27,43.2973365783691,-8.75257873535156,"Unknown"
"7014855",371852,2025-06-28 02:40:27,43.2971725463867,-8.75259494781494,"Unknown"
"7014855",371852,2025-06-28 02:45:27,43.2971878051758,-8.75250816345215,"Unknown"
"7014855",371852,2025-06-28 02:50:30,43.3041343688965,-8.74846935272217,"Unknown"
"7014855",371852,2025-06-28 02:55:33,43.305004119873,-8.7485933303833,"Unknown"
"7014855",371852,2025-06-28 03:00:27,43.3052711486816,-8.74874496459961,"Unknown"
"7014855",371852,2025-06-28 03:05:30,43.3057289123535,-8.74887466430664,"Unknown"
"7014855",371852,2025-06-28 03:10:30,43.3061065673828,-8.74890995025635,"Unknown"
"7014855",371852,2025-06-28 03:15:46,43.3071937561035,-8.74925518035889,"Unknown"
"7014855",371852,2025-06-28 03:20:36,43.3076667785645,-8.74936389923096,"Unknown"
"7014855",371852,2025-06-28 03:25:37,43.308177947998,-8.74935722351074,"Unknown"
"7014855",371852,2025-06-28 03:30:36,43.3085136413574,-8.74947071075439,"Unknown"
"7014855",371852,2025-06-28 03:35:35,43.3089637756348,-8.74961566925049,"Unknown"
"7014855",371852,2025-06-28 03:40:37,43.309757232666,-8.74948978424072,"Unknown"
"7014855",371852,2025-06-28 03:45:36,43.3106575012207,-8.74916076660156,"Unknown"
"7014855",371852,2025-06-28 03:50:36,43.3108177185059,-8.74961948394775,"Unknown"
"7014855",371852,2025-06-28 03:55:59,43.3112602233887,-8.74972343444824,"Unknown"
"7014855",371852,2025-06-28 04:00:27,43.3118362426758,-8.74959278106689,"Unknown"
"7014855",371852,2025-06-28 04:05:28,43.3121452331543,-8.7495288848877,"Unknown"
"7014855",371852,2025-06-28 04:10:28,43.3124656677246,-8.74964904785156,"Unknown"
"7014855",371852,2025-06-28 04:15:31,43.3129615783691,-8.74940586090088,"Unknown"
"7014855",371852,2025-06-28 04:20:29,43.3133239746094,-8.74933242797852,"Unknown"
"7014855",371852,2025-06-28 04:25:30,43.3137702941895,-8.74941444396973,"Unknown"
"7014855",371852,2025-06-28 04:30:28,43.3141670227051,-8.74947452545166,"Unknown"
"7014855",371852,2025-06-28 04:35:28,43.3146629333496,-8.74947452545166,"Unknown"
"7014855",371852,2025-06-28 04:40:27,43.3149642944336,-8.74947834014893,"Unknown"
"7014855",371852,2025-06-28 04:45:27,43.3153228759766,-8.74939632415771,"Unknown"
"7014855",371852,2025-06-28 04:50:27,43.3155975341797,-8.74922466278076,"Unknown"
"7014855",371852,2025-06-28 04:55:27,43.3155937194824,-8.72911071777344,"Unknown"
"7014855",371852,2025-06-28 05:00:27,43.310676574707,-8.69689655303955,"Unknown"
"7014855",371852,2025-06-28 05:05:27,43.3087882995605,-8.66225337982178,"Unknown"
"7014855",371852,2025-06-28 05:10:27,43.3142356872559,-8.62683391571045,"Unknown"
"7014855",371852,2025-06-28 05:15:27,43.3142242431641,-8.61050415039062,"Unknown"
"7014855",371852,2025-06-28 05:20:27,43.3203048706055,-8.59411716461182,"Unknown"
"7014855",371852,2025-06-28 05:25:29,43.3210945129395,-8.59148597717285,"Unknown"
"7014855",371852,2025-06-28 05:30:28,43.3224601745605,-8.55712699890137,"Unknown"
"7014855",371852,2025-06-28 05:35:27,43.3356246948242,-8.52252864837646,"Unknown"
"7014855",371852,2025-06-28 05:40:29,43.3509635925293,-8.49061012268066,"Unknown"
"7014855",371852,2025-06-28 05:45:43,43.3557777404785,-8.45724201202393,"Unknown"
"7014855",371852,2025-06-28 05:50:42,43.3560066223145,-8.45695781707764,"Unknown"
"7014855",371852,2025-06-28 05:55:36,43.3561592102051,-8.45718955993652,"Unknown"
"7014855",371852,2025-06-28 06:00:36,43.3562049865723,-8.45651626586914,"Unknown"
"7014855",371852,2025-06-28 06:05:33,43.3560218811035,-8.45735645294189,"Unknown"
"7014855",371852,2025-06-28 06:10:33,43.3559913635254,-8.45740795135498,"Unknown"
"7014855",371852,2025-06-28 06:15:27,43.3567161560059,-8.45779323577881,"Unknown"
"7014855",371852,2025-06-28 06:20:30,43.3579063415527,-8.45949554443359,"Unknown"
"7014855",371852,2025-06-28 06:25:36,43.3559989929199,-8.4570255279541,"Unknown"
"7014855",371852,2025-06-28 06:30:33,43.3558311462402,-8.45730686187744,"Unknown"
"7014855",371852,2025-06-28 06:35:40,43.3544883728027,-8.45787620544434,"Unknown"
"7014855",371852,2025-06-28 06:41:40,43.3542404174805,-8.45970726013184,"Unknown"
"7014855",371852,2025-06-28 06:45:45,43.3539276123047,-8.45855808258057,"Unknown"
"7014855",371852,2025-06-28 06:50:46,43.3539886474609,-8.45867538452148,"Unknown"
"7014855",371852,2025-06-28 06:56:09,43.3539962768555,-8.45851707458496,"Unknown"
"7014855",371852,2025-06-28 07:05:42,43.3490753173828,-8.45481967926025,"Unknown"
"7014855",371852,2025-06-28 07:10:55,43.3490447998047,-8.45486927032471,"Unknown"
"7014855",371852,2025-06-28 07:15:36,43.3515319824219,-8.44532108306885,"Unknown"
"7014855",371852,2025-06-28 07:20:36,43.3505058288574,-8.42796802520752,"Unknown"
"7014855",371852,2025-06-28 07:25:28,43.3505058288574,-8.42798137664795,"Unknown"
"7014855",371852,2025-06-28 07:30:36,43.3505821228027,-8.42793273925781,"Unknown"
"7014855",371852,2025-06-28 07:35:28,43.3506050109863,-8.42780685424805,"Unknown"
"7014855",371852,2025-06-28 07:40:36,43.3506202697754,-8.42788982391357,"Unknown"
"7014855",371852,2025-06-28 07:45:30,43.3506050109863,-8.42776298522949,"Unknown"
"7014855",371852,2025-06-28 07:50:31,43.3505821228027,-8.42794704437256,"Unknown"
"7014855",371852,2025-06-28 07:55:42,43.3508567810059,-8.42811012268066,"Unknown"
"7014855",371852,2025-06-28 08:00:28,43.3505249023438,-8.42818260192871,"Unknown"
"7014855",371852,2025-06-28 08:05:27,43.3504409790039,-8.42809963226318,"Unknown"
"7014855",371852,2025-06-28 08:10:27,43.3502883911133,-8.42787456512451,"Unknown"
"7014855",371852,2025-06-28 08:15:28,43.3504409790039,-8.42818260192871,"Unknown"
"7014855",371852,2025-06-28 08:20:37,43.3505096435547,-8.42811393737793,"Unknown"
"7014855",371852,2025-06-28 08:25:27,43.3504371643066,-8.42807197570801,"Unknown"
"7014855",371852,2025-06-28 08:30:27,43.3503265380859,-8.42806529998779,"Unknown"
"7014855",371852,2025-06-28 08:35:27,43.3504791259766,-8.42815589904785,"Unknown"
"7014855",371852,2025-06-28 08:40:29,43.350399017334,-8.42808818817139,"Unknown"
"7014855",371852,2025-06-28 08:45:44,43.3504600524902,-8.42800617218018,"Unknown"
"7014855",371852,2025-06-28 08:50:27,43.350456237793,-8.4281063079834,"Unknown"
"7014855",371852,2025-06-28 08:55:27,43.3505058288574,-8.42804622650146,"Unknown"
"7014855",371852,2025-06-28 09:00:27,43.3504371643066,-8.42805099487305,"Unknown"
"7014855",371852,2025-06-28 09:05:27,43.3504295349121,-8.42803859710693,"Unknown"
"7014855",371852,2025-06-28 09:10:27,43.3504447937012,-8.42801666259766,"Unknown"
"7014855",371852,2025-06-28 09:15:27,43.3504219055176,-8.42799186706543,"Unknown"
"7014855",371852,2025-06-28 09:20:27,43.3505020141602,-8.42802810668945,"Unknown"
"7014855",371852,2025-06-28 09:25:27,43.3504180908203,-8.42810726165771,"Unknown"
"7014855",371852,2025-06-28 09:30:59,43.3504333496094,-8.42796230316162,"Unknown"
"7014855",371852,2025-06-28 09:35:34,43.3504066467285,-8.42815685272217,"Unknown"
"7014855",371852,2025-06-28 09:40:31,43.3502616882324,-8.42832279205322,"Unknown"
"7014855",371852,2025-06-28 09:45:39,43.3502388000488,-8.42844009399414,"Unknown"
"7014855",371852,2025-06-28 09:50:41,43.3503913879395,-8.42828845977783,"Unknown"
"7014855",371852,2025-06-28 09:55:27,43.3511047363281,-8.42824554443359,"Unknown"
"7014855",371852,2025-06-28 10:00:33,43.3504104614258,-8.42825031280518,"Unknown"
"7014855",371852,2025-06-28 10:05:28,43.3503723144531,-8.42824745178223,"Unknown"
"7014855",371852,2025-06-28 10:10:31,43.3504371643066,-8.42827320098877,"Unknown"
"7014855",371852,2025-06-28 10:15:27,43.3505439758301,-8.42828273773193,"Unknown"
"7014855",371852,2025-06-28 10:20:31,43.3504524230957,-8.42818546295166,"Unknown"
"7014855",371852,2025-06-28 10:25:30,43.3503112792969,-8.4285717010498,"Unknown"
"7014855",371852,2025-06-28 10:30:33,43.3504753112793,-8.42813110351562,"Unknown"
"7014855",371852,2025-06-28 10:35:31,43.3504676818848,-8.42820262908936,"Unknown"
"7014855",371852,2025-06-28 10:40:32,43.3503837585449,-8.4282751083374,"Unknown"
"7014855",371852,2025-06-28 10:45:29,43.3504943847656,-8.42819595336914,"Unknown"
"7014855",371852,2025-06-28 10:50:42,43.3504676818848,-8.4281759262085,"Unknown"
"7014855",371852,2025-06-28 10:55:27,43.3505210876465,-8.42822170257568,"Unknown"
"7014855",371852,2025-06-28 11:00:29,43.3504104614258,-8.42815399169922,"Unknown"
"7014855",371852,2025-06-28 11:05:30,43.3505325317383,-8.42811107635498,"Unknown"
"7014855",371852,2025-06-28 11:10:30,43.3502235412598,-8.42860221862793,"Unknown"
"7014855",371852,2025-06-28 11:15:28,43.3505096435547,-8.43530464172363,"Unknown"
"7014855",371852,2025-06-28 11:20:36,43.3535003662109,-8.45280838012695,"Unknown"
"7014855",371852,2025-06-28 11:25:45,43.3543243408203,-8.45881938934326,"Unknown"
"7014855",371852,2025-06-28 11:30:31,43.3546943664551,-8.45860385894775,"Unknown"
"7014855",371852,2025-06-28 11:35:31,43.3540687561035,-8.45847415924072,"Unknown"
"7014855",371852,2025-06-28 11:40:50,43.3530921936035,-8.45840263366699,"Unknown"
"7014855",371852,2025-06-28 11:45:44,43.353630065918,-8.45830345153809,"Unknown"
"7014855",371852,2025-06-28 11:50:44,43.3539085388184,-8.45866680145264,"Unknown"
"7014855",371852,2025-06-28 11:55:44,43.3546829223633,-8.45785903930664,"Unknown"
"7014855",371852,2025-06-28 12:00:45,43.354362487793,-8.45835781097412,"Unknown"
"7014855",371852,2025-06-28 12:05:30,43.3405303955078,-8.45335388183594,"Unknown"
"7014855",371852,2025-06-28 12:10:30,43.340763092041,-8.45341205596924,"Unknown"
"7014855",371852,2025-06-28 12:15:28,43.3503189086914,-8.42819309234619,"Unknown"
"7014855",371852,2025-06-28 12:20:31,43.350227355957,-8.4279899597168,"Unknown"
"7014855",371852,2025-06-28 12:25:35,43.3504104614258,-8.42796325683594,"Unknown"
"7014855",371852,2025-06-28 12:30:30,43.3503646850586,-8.42795467376709,"Unknown"
"7014855",371852,2025-06-28 12:35:34,43.3503532409668,-8.42797470092773,"Unknown"
"7014855",371852,2025-06-28 12:40:29,43.3504447937012,-8.42784309387207,"Unknown"
"7014855",371852,2025-06-28 12:45:38,43.3506317138672,-8.42804718017578,"Unknown"
"7014855",371852,2025-06-28 12:50:37,43.3505439758301,-8.42809772491455,"Unknown"
"7014855",371852,2025-06-28 12:55:38,43.3505477905273,-8.42808437347412,"Unknown"
"7014855",371852,2025-06-28 13:00:46,43.3503456115723,-8.42799663543701,"Unknown"
"7014855",371852,2025-06-28 13:05:35,43.3504409790039,-8.42807197570801,"Unknown"
"7014855",371852,2025-06-28 13:10:36,43.3503227233887,-8.42782783508301,"Unknown"
"7014855",371852,2025-06-28 13:15:35,43.3505249023438,-8.42815780639648,"Unknown"
"7014855",371852,2025-06-28 13:20:40,43.3503303527832,-8.42801475524902,"Unknown"
"7014855",371852,2025-06-28 13:25:29,43.3503074645996,-8.42780590057373,"Unknown"
"7014855",371852,2025-06-28 13:30:35,43.3504180908203,-8.42813396453857,"Unknown"
"7014855",371852,2025-06-28 13:35:33,43.3501777648926,-8.4282398223877,"Unknown"
"7014855",371852,2025-06-28 13:40:30,43.3501014709473,-8.42825984954834,"Unknown"
"7014855",371852,2025-06-28 13:45:44,43.3501281738281,-8.42803001403809,"Unknown"
"7014855",371852,2025-06-28 13:50:40,43.3501434326172,-8.42793846130371,"Unknown"
"7014855",371852,2025-06-28 13:55:39,43.3500366210938,-8.42804145812988,"Unknown"
"7014855",371852,2025-06-28 14:00:36,43.3499641418457,-8.42822551727295,"Unknown"
"7014855",371852,2025-06-28 14:05:30,43.3499908447266,-8.42817115783691,"Unknown"
"7014855",371852,2025-06-28 14:10:39,43.3498687744141,-8.42881870269775,"Unknown"
"7014855",371852,2025-06-28 14:15:41,43.3496551513672,-8.42894077301025,"Unknown"
"7014855",371852,2025-06-28 14:20:44,43.349536895752,-8.42884540557861,"Unknown"
"7014855",371852,2025-06-28 14:25:41,43.3515853881836,-8.45127010345459,"Unknown"
"7014855",371852,2025-06-28 14:30:36,43.3556327819824,-8.45784091949463,"Unknown"
"7014855",371852,2025-06-28 14:35:30,43.3555793762207,-8.4578275680542,"Unknown"
"7014855",371852,2025-06-28 14:40:50,43.3537979125977,-8.45856952667236,"Unknown"
"7014855",371852,2025-06-28 14:46:04,43.3538017272949,-8.45875549316406,"Unknown"
"7014855",371852,2025-06-28 14:50:33,43.3537673950195,-8.45873260498047,"Unknown"
"7014855",371852,2025-06-28 14:55:35,43.3398857116699,-8.45537281036377,"Unknown"
"7014855",371852,2025-06-28 15:00:30,43.340030670166,-8.4547233581543,"Unknown"
"7014855",371852,2025-06-28 15:05:44,43.3397941589355,-8.45498847961426,"Unknown"
"7014855",371852,2025-06-28 15:10:27,43.3411140441895,-8.45235729217529,"Unknown"
"7014855",371852,2025-06-28 15:15:29,43.3496704101562,-8.42776298522949,"Unknown"
"7014855",371852,2025-06-28 15:20:27,43.3493766784668,-8.42862606048584,"Unknown"
"7014855",371852,2025-06-28 15:25:28,43.3495979309082,-8.42787742614746,"Unknown"
"7014855",371852,2025-06-28 15:30:28,43.3492012023926,-8.42759418487549,"Unknown"
"7014855",371852,2025-06-28 15:35:28,43.3491020202637,-8.42771530151367,"Unknown"
"7014855",371852,2025-06-28 15:40:27,43.3490867614746,-8.42773818969727,"Unknown"
"7014855",371852,2025-06-28 15:45:27,43.349063873291,-8.42769050598145,"Unknown"
"7014855",371852,2025-06-28 15:50:27,43.3490257263184,-8.42758083343506,"Unknown"
"7014855",371852,2025-06-28 15:55:27,43.3489837646484,-8.42752075195312,"Unknown"
"7014855",371852,2025-06-28 16:00:27,43.3489379882812,-8.42753505706787,"Unknown"
"7014855",371852,2025-06-28 16:05:27,43.3488883972168,-8.42736339569092,"Unknown"
"7014855",371852,2025-06-28 16:10:27,43.348747253418,-8.42728519439697,"Unknown"
"7014855",371852,2025-06-28 16:15:29,43.3487434387207,-8.42729473114014,"Unknown"
"7014855",371852,2025-06-28 16:20:31,43.3485832214355,-8.42797470092773,"Unknown"
"7014855",371852,2025-06-28 16:25:28,43.3498840332031,-8.42808532714844,"Unknown"
"7014855",371852,2025-06-28 16:30:29,43.3498268127441,-8.42807865142822,"Unknown"
"7014855",371852,2025-06-28 16:35:30,43.3496360778809,-8.4279842376709,"Unknown"
"7014855",371852,2025-06-28 16:40:29,43.3496475219727,-8.42791557312012,"Unknown"
"7014855",371852,2025-06-28 16:45:41,43.3496894836426,-8.42837142944336,"Unknown"
"7014855",371852,2025-06-28 16:50:27,43.349739074707,-8.42852973937988,"Unknown"
"7014855",371852,2025-06-28 16:55:28,43.3496627807617,-8.42841911315918,"Unknown"
"7014855",371852,2025-06-28 17:00:27,43.3497085571289,-8.42856884002686,"Unknown"
"7014855",371852,2025-06-28 17:05:27,43.3496856689453,-8.42854118347168,"Unknown"
"7014855",371852,2025-06-28 17:10:27,43.3497352600098,-8.42858409881592,"Unknown"
"7014855",371852,2025-06-28 17:15:27,43.349666595459,-8.42864418029785,"Unknown"
"7014855",371852,2025-06-28 17:20:29,43.3495979309082,-8.42835140228271,"Unknown"
"7014855",371852,2025-06-28 17:25:27,43.3497161865234,-8.42867946624756,"Unknown"
"7014855",371852,2025-06-28 17:30:27,43.3496360778809,-8.42861270904541,"Unknown"
"7014855",371852,2025-06-28 17:35:27,43.3496170043945,-8.4286527633667,"Unknown"
"7014855",371852,2025-06-28 17:40:28,43.3496894836426,-8.42856597900391,"Unknown"
"7014855",371852,2025-06-28 17:45:41,43.3493881225586,-8.42737770080566,"Unknown"
"7014855",371852,2025-06-28 17:50:31,43.3494453430176,-8.4275541305542,"Unknown"
"7014855",371852,2025-06-28 17:55:27,43.3496704101562,-8.42834091186523,"Unknown"
"7014855",371852,2025-06-28 18:00:28,43.3497886657715,-8.4285945892334,"Unknown"
"7014855",371852,2025-06-28 18:05:28,43.3496971130371,-8.42879581451416,"Unknown"
"7014855",371852,2025-06-28 18:10:29,43.3497848510742,-8.42877292633057,"Unknown"
"7014855",371852,2025-06-28 18:15:29,43.3497543334961,-8.4282693862915,"Unknown"
"7014855",371852,2025-06-28 18:20:28,43.3498458862305,-8.42879009246826,"Unknown"
"7014855",371852,2025-06-28 18:25:37,43.3495445251465,-8.43007469177246,"Unknown"
"7014855",371852,2025-06-28 18:30:34,43.3497924804688,-8.42935848236084,"Unknown"
"7014855",371852,2025-06-28 18:35:36,43.3497543334961,-8.42934799194336,"Unknown"
"7014855",371852,2025-06-28 18:40:28,43.3483543395996,-8.42902660369873,"Unknown"
"7014855",371852,2025-06-28 18:45:41,43.3495330810547,-8.42742252349854,"Unknown"
"7014855",371852,2025-06-28 18:50:28,43.3494834899902,-8.42741298675537,"Unknown"
"7014855",371852,2025-06-28 18:55:30,43.349609375,-8.42741298675537,"Unknown"
"7014855",371852,2025-06-28 19:00:38,43.3496360778809,-8.42735004425049,"Unknown"
"7014855",371852,2025-06-28 19:05:29,43.3498878479004,-8.42707347869873,"Unknown"
"7014855",371852,2025-06-28 19:10:37,43.3497543334961,-8.42728042602539,"Unknown"
"7014855",371852,2025-06-28 19:15:30,43.3494453430176,-8.42769527435303,"Unknown"
"7014855",371852,2025-06-28 19:20:37,43.3497657775879,-8.42730617523193,"Unknown"
"7014855",371852,2025-06-28 19:25:32,43.349739074707,-8.4273738861084,"Unknown"
"7014855",371852,2025-06-28 19:30:36,43.3498077392578,-8.42736148834229,"Unknown"
"7014855",371852,2025-06-28 19:35:36,43.3498191833496,-8.42738151550293,"Unknown"
"7014855",371852,2025-06-28 19:40:32,43.3498611450195,-8.42735862731934,"Unknown"
"7014855",371852,2025-06-28 19:45:31,43.3502197265625,-8.42717266082764,"Unknown"
"7014855",371852,2025-06-28 19:50:44,43.3496589660645,-8.42744827270508,"Unknown"
"7014855",371852,2025-06-28 19:55:31,43.349681854248,-8.42746448516846,"Unknown"
"7014855",371852,2025-06-28 20:00:30,43.3495330810547,-8.42786312103271,"Unknown"
"7014855",371852,2025-06-28 20:05:28,43.3495178222656,-8.42823028564453,"Unknown"
"7014855",371852,2025-06-28 20:10:32,43.3496284484863,-8.42741680145264,"Unknown"
"7014855",371852,2025-06-28 20:15:28,43.3494720458984,-8.42809867858887,"Unknown"
"7014855",371852,2025-06-28 20:20:30,43.3495597839355,-8.4274320602417,"Unknown"
"7014855",371852,2025-06-28 20:25:34,43.3496398925781,-8.42767143249512,"Unknown"
"7014855",371852,2025-06-28 20:30:32,43.3503112792969,-8.42690372467041,"Unknown"
"7014855",371852,2025-06-28 20:35:28,43.3634834289551,-8.40148067474365,"Unknown"
"7014855",371852,2025-06-28 20:40:29,43.3605308532715,-8.40395164489746,"Unknown"
"7014855",371852,2025-06-28 20:45:47,43.3607788085938,-8.40272331237793,"Unknown"
"7014855",371852,2025-06-28 20:50:41,43.3606872558594,-8.40298938751221,"Unknown"
"7014855",371852,2025-06-28 20:55:31,43.3604125976562,-8.40357685089111,"Unknown"
"7014855",371852,2025-06-28 21:00:29,43.3604583740234,-8.40350437164307,"Unknown"
"7014855",371852,2025-06-28 21:05:28,43.3630256652832,-8.39803504943848,"Unknown"
"7014855",371852,2025-06-28 21:10:30,43.3610229492188,-8.39554882049561,"Unknown"
"7014855",371852,2025-06-28 21:15:29,43.3613319396973,-8.39566326141357,"Unknown"
"7014855",371852,2025-06-28 21:20:28,43.3614654541016,-8.39554595947266,"Unknown"
"7014855",371852,2025-06-28 21:25:28,43.3623657226562,-8.39634895324707,"Unknown"
"7014855",371852,2025-06-28 21:30:28,43.3613967895508,-8.39550685882568,"Unknown"
"7014855",371852,2025-06-28 21:35:37,43.3612899780273,-8.3947811126709,"Unknown"
"7014855",371852,2025-06-28 21:40:31,43.361629486084,-8.39533519744873,"Unknown"
"7014855",371852,2025-06-28 21:45:59,43.3614196777344,-8.39542865753174,"Unknown"
"7014855",371852,2025-06-28 21:50:28,43.3615493774414,-8.3954381942749,"Unknown"
"7014855",371852,2025-06-28 21:55:29,43.3614807128906,-8.39524555206299,"Unknown"
"7014855",371852,2025-06-28 22:00:29,43.3613662719727,-8.39526462554932,"Unknown"
"7014855",371852,2025-06-28 22:05:29,43.3612480163574,-8.39545726776123,"Unknown"
"7014855",371852,2025-06-28 22:10:29,43.3614273071289,-8.39547252655029,"Unknown"
"7014855",371852,2025-06-28 22:15:31,43.3613433837891,-8.39536571502686,"Unknown"
"7014855",371852,2025-06-28 22:20:32,43.361442565918,-8.3953742980957,"Unknown"
"7014855",371852,2025-06-28 22:25:29,43.3614807128906,-8.39544296264648,"Unknown"
"7014855",371852,2025-06-28 22:30:28,43.3613624572754,-8.39540672302246,"Unknown"
"7014855",371852,2025-06-28 22:35:29,43.3614311218262,-8.39545631408691,"Unknown"
"7014855",371852,2025-06-28 22:40:28,43.3614501953125,-8.39546966552734,"Unknown"
"7014855",371852,2025-06-28 22:45:27,43.3614807128906,-8.39548110961914,"Unknown"
"7014855",371852,2025-06-28 22:50:29,43.3615684509277,-8.39560604095459,"Unknown"
"7014855",371852,2025-06-28 22:55:29,43.3616142272949,-8.39565658569336,"Unknown"
"7014855",371852,2025-06-28 23:00:28,43.3615684509277,-8.39559173583984,"Unknown"
"7014855",371852,2025-06-28 23:05:31,43.361198425293,-8.39516448974609,"Unknown"
"7014855",371852,2025-06-28 23:10:36,43.3613586425781,-8.39529800415039,"Unknown"
"7014855",371852,2025-06-28 23:15:31,43.3612022399902,-8.39513874053955,"Unknown"
"7014855",371852,2025-06-28 23:20:30,43.3612365722656,-8.39517498016357,"Unknown"
"7014855",371852,2025-06-28 23:25:30,43.3613433837891,-8.39532566070557,"Unknown"
"7014855",371852,2025-06-28 23:30:28,43.3612442016602,-8.39517402648926,"Unknown"
"7014855",371852,2025-06-28 23:35:28,43.3612823486328,-8.39531421661377,"Unknown"
"7014855",371852,2025-06-28 23:40:28,43.361328125,-8.39529037475586,"Unknown"
"7014855",371852,2025-06-28 23:45:28,43.3612823486328,-8.39522457122803,"Unknown"
"7014855",371852,2025-06-28 23:50:28,43.3610877990723,-8.3950834274292,"Unknown"
"7014855",371852,2025-06-28 23:55:34,43.3615226745605,-8.39540576934814,"Unknown"
"7014855",371852,2025-06-29 00:00:28,43.3614349365234,-8.39542007446289,"Unknown"
"7014855",371852,2025-06-29 00:05:29,43.3622894287109,-8.39622211456299,"Unknown"
"7014855",371852,2025-06-29 00:10:37,43.3625831604004,-8.39450836181641,"Unknown"
"7014855",371852,2025-06-29 00:15:36,43.3622665405273,-8.39439010620117,"Unknown"
"7014855",371852,2025-06-29 00:20:45,43.3608665466309,-8.39490795135498,"Unknown"
"7014855",371852,2025-06-29 00:25:28,43.361213684082,-8.39365386962891,"Unknown"
"7014855",371852,2025-06-29 00:30:28,43.3614654541016,-8.39467144012451,"Unknown"
"7014855",371852,2025-06-29 00:35:28,43.361442565918,-8.3952169418335,"Unknown"
"7014855",371852,2025-06-29 00:40:29,43.3613128662109,-8.39496898651123,"Unknown"
"7014855",371852,2025-06-29 00:45:59,43.360912322998,-8.39614772796631,"Unknown"
"7014855",371852,2025-06-29 00:50:28,43.3612937927246,-8.39491844177246,"Unknown"
"7014855",371852,2025-06-29 00:55:28,43.3613777160645,-8.39489936828613,"Unknown"
"7014855",371852,2025-06-29 01:00:28,43.3614082336426,-8.39492416381836,"Unknown"
"7014855",371852,2025-06-29 01:05:28,43.3614044189453,-8.39496898651123,"Unknown"
"7014855",371852,2025-06-29 01:10:28,43.3613166809082,-8.39487552642822,"Unknown"
"7014855",371852,2025-06-29 01:15:28,43.3613510131836,-8.39498710632324,"Unknown"
"7014855",371852,2025-06-29 01:20:28,43.3613243103027,-8.39500045776367,"Unknown"
"7014855",371852,2025-06-29 01:25:28,43.3611946105957,-8.39487934112549,"Unknown"
"7014855",371852,2025-06-29 01:30:28,43.361499786377,-8.39499950408936,"Unknown"
"7014855",371852,2025-06-29 01:35:28,43.3615074157715,-8.39512062072754,"Unknown"
"7014855",371852,2025-06-29 01:40:29,43.3614921569824,-8.3950891494751,"Unknown"
"7014855",371852,2025-06-29 01:45:28,43.3614311218262,-8.39520072937012,"Unknown"
"7014855",371852,2025-06-29 01:50:29,43.361385345459,-8.39513683319092,"Unknown"
"7014855",371852,2025-06-29 01:55:28,43.3613624572754,-8.3951587677002,"Unknown"
"7014855",371852,2025-06-29 02:00:28,43.3612518310547,-8.39501571655273,"Unknown"
"7014855",371852,2025-06-29 02:05:28,43.3612976074219,-8.39493656158447,"Unknown"
"7014855",371852,2025-06-29 02:10:28,43.3613624572754,-8.39500522613525,"Unknown"
"7014855",371852,2025-06-29 02:15:28,43.3613014221191,-8.394944190979,"Unknown"
"7014855",371852,2025-06-29 02:20:28,43.3650512695312,-8.40289688110352,"Unknown"
"7014855",371852,2025-06-29 02:25:30,43.3651161193848,-8.40278625488281,"Unknown"
"7014855",371852,2025-06-29 02:30:35,43.3651084899902,-8.40294647216797,"Unknown"
"7014855",371852,2025-06-29 02:35:32,43.365119934082,-8.40288066864014,"Unknown"
"7014855",371852,2025-06-29 02:40:28,43.365104675293,-8.40283584594727,"Unknown"
"7014855",371852,2025-06-29 02:45:28,43.3652229309082,-8.40310287475586,"Unknown"
"7014855",371852,2025-06-29 02:50:28,43.365364074707,-8.4031229019165,"Unknown"
"7014855",371852,2025-06-29 02:55:28,43.3650779724121,-8.40283012390137,"Unknown"
"7014855",371852,2025-06-29 03:00:34,43.3651466369629,-8.40283393859863,"Unknown"
"7014855",371852,2025-06-29 03:05:29,43.365348815918,-8.40307521820068,"Unknown"
"7014855",371852,2025-06-29 03:10:28,43.3652534484863,-8.40280818939209,"Unknown"
"7014855",371852,2025-06-29 03:15:28,43.3651733398438,-8.40283393859863,"Unknown"
"7014855",371852,2025-06-29 03:20:30,43.3651084899902,-8.40277481079102,"Unknown"
"7014855",371852,2025-06-29 03:25:29,43.3652000427246,-8.40287780761719,"Unknown"
"7014855",371852,2025-06-29 03:30:29,43.365047454834,-8.40318870544434,"Unknown"
"7014855",371852,2025-06-29 03:35:30,43.365795135498,-8.40389633178711,"Unknown"
"7014855",371852,2025-06-29 03:40:28,43.3650741577148,-8.40322494506836,"Unknown"
"7014855",371852,2025-06-29 03:45:28,43.3650245666504,-8.4032154083252,"Unknown"
"7014855",371852,2025-06-29 03:50:28,43.3650779724121,-8.40320587158203,"Unknown"
"7014855",371852,2025-06-29 03:55:30,43.3641242980957,-8.40268516540527,"Unknown"
"7014855",371852,2025-06-29 04:01:05,43.3639717102051,-8.40223693847656,"Unknown"
"7014855",371852,2025-06-29 04:05:27,43.3639259338379,-8.40221214294434,"Unknown"
"7014855",371852,2025-06-29 04:10:31,43.3638343811035,-8.4024019241333,"Unknown"
"7014855",371852,2025-06-29 04:15:30,43.3638877868652,-8.40220928192139,"Unknown"
"7014855",371852,2025-06-29 04:20:28,43.3624572753906,-8.40387058258057,"Unknown"
"7014855",371852,2025-06-29 04:25:30,43.3624687194824,-8.40384864807129,"Unknown"
"7014855",371852,2025-06-29 04:30:28,43.3624572753906,-8.40388965606689,"Unknown"
"7014855",371852,2025-06-29 04:35:28,43.3624534606934,-8.40381240844727,"Unknown"
"7014855",371852,2025-06-29 04:40:28,43.3624038696289,-8.40385437011719,"Unknown"
"7014855",371852,2025-06-29 04:45:27,43.3623466491699,-8.403883934021,"Unknown"
"7014855",371852,2025-06-29 04:50:27,43.3623924255371,-8.40383720397949,"Unknown"
"7014855",371852,2025-06-29 04:55:28,43.3629302978516,-8.40308475494385,"Unknown"
"7014855",371852,2025-06-29 05:00:38,43.3642425537109,-8.40122604370117,"Unknown"
"7014855",371852,2025-06-29 05:05:28,43.3642158508301,-8.40120315551758,"Unknown"
"7014855",371852,2025-06-29 05:10:28,43.3642730712891,-8.40117073059082,"Unknown"
"7014855",371852,2025-06-29 05:15:28,43.3642501831055,-8.40120410919189,"Unknown"
"7014855",371852,2025-06-29 05:20:27,43.3641586303711,-8.40121555328369,"Unknown"
"7014855",371852,2025-06-29 05:25:28,43.3642234802246,-8.40123844146729,"Unknown"
"7014855",371852,2025-06-29 05:30:28,43.3667678833008,-8.4137659072876,"Unknown"
"7014855",371852,2025-06-29 05:35:28,43.3542671203613,-8.44293880462646,"Unknown"
"7014855",371852,2025-06-29 05:40:35,43.3542785644531,-8.45859241485596,"Unknown"
"7014855",371852,2025-06-29 05:45:37,43.353759765625,-8.45830726623535,"Unknown"
"7014855",371852,2025-06-29 05:50:37,43.354076385498,-8.45894241333008,"Unknown"
"7014855",371852,2025-06-29 05:55:40,43.3541450500488,-8.45871925354004,"Unknown"
"7014855",371852,2025-06-29 06:00:44,43.354175567627,-8.45859241485596,"Unknown"
"7014855",371852,2025-06-29 06:05:40,43.3541374206543,-8.45898723602295,"Unknown"
"7014855",371852,2025-06-29 06:10:30,43.3490447998047,-8.45518016815186,"Unknown"
"7014855",371852,2025-06-29 06:15:36,43.3492088317871,-8.45482730865479,"Unknown"
"7014855",371852,2025-06-29 06:20:28,43.3492813110352,-8.45479679107666,"Unknown"
"7014855",371852,2025-06-29 06:25:28,43.3492660522461,-8.45479583740234,"Unknown"
"7014855",371852,2025-06-29 06:30:28,43.3509330749512,-8.44797325134277,"Unknown"
"7014855",371852,2025-06-29 06:35:48,43.3508415222168,-8.43477821350098,"Unknown"
"7014855",371852,2025-06-29 06:40:29,43.3560981750488,-8.45678520202637,"Unknown"
"7014855",371852,2025-06-29 06:45:29,43.3561134338379,-8.45678901672363,"Unknown"
"7014855",371852,2025-06-29 06:50:29,43.3559799194336,-8.45677375793457,"Unknown"
"7014855",371852,2025-06-29 06:55:28,43.3559532165527,-8.45677852630615,"Unknown"
"7014855",371852,2025-06-29 07:00:28,43.3558921813965,-8.45672035217285,"Unknown"
"7014855",371852,2025-06-29 07:05:28,43.3558502197266,-8.45665073394775,"Unknown"
"7014855",371852,2025-06-29 07:10:30,43.3560523986816,-8.45682144165039,"Unknown"
"7014855",371852,2025-06-29 07:15:28,43.3559722900391,-8.45674324035645,"Unknown"
"7014855",371852,2025-06-29 07:20:28,43.3560371398926,-8.45673179626465,"Unknown"
"7014855",371852,2025-06-29 07:25:30,43.3559379577637,-8.45682716369629,"Unknown"
"7014855",371852,2025-06-29 07:30:28,43.3560218811035,-8.45685195922852,"Unknown"
"7014855",371852,2025-06-29 07:35:28,43.3559112548828,-8.45675754547119,"Unknown"
"7014855",371852,2025-06-29 07:40:29,43.3558006286621,-8.45671463012695,"Unknown"
"7014855",371852,2025-06-29 07:45:28,43.3560333251953,-8.45690822601318,"Unknown"
"7014855",371852,2025-06-29 07:50:28,43.3554420471191,-8.45645523071289,"Unknown"
"7014855",371852,2025-06-29 07:55:28,43.3554077148438,-8.45639991760254,"Unknown"
"7014855",371852,2025-06-29 08:00:28,43.3554306030273,-8.45640277862549,"Unknown"
"7014855",371852,2025-06-29 08:05:44,43.3557662963867,-8.45729827880859,"Unknown"
"7014855",371852,2025-06-29 08:10:41,43.3527069091797,-8.45940780639648,"Unknown"
"7014855",371852,2025-06-29 08:15:37,43.3536376953125,-8.45897769927979,"Unknown"
"7014855",371852,2025-06-29 08:20:28,43.3533248901367,-8.45769691467285,"Unknown"
"7014855",371852,2025-06-29 08:25:35,43.3537254333496,-8.45858287811279,"Unknown"
"7014855",371852,2025-06-29 08:30:59,43.3538970947266,-8.45901679992676,"Unknown"
"7014855",371852,2025-06-29 08:35:33,43.3534393310547,-8.45874404907227,"Unknown"
"7014855",371852,2025-06-29 08:40:59,43.353630065918,-8.45832061767578,"Unknown"
"7014855",371852,2025-06-29 08:45:38,43.3537979125977,-8.45880508422852,"Unknown"
"7014855",371852,2025-06-29 08:50:36,43.353946685791,-8.45877742767334,"Unknown"
"7014855",371852,2025-06-29 08:55:37,43.354061126709,-8.4589786529541,"Unknown"
"7014855",371852,2025-06-29 09:00:27,43.3492889404297,-8.45982265472412,"Unknown"
"7014855",371852,2025-06-29 09:05:29,43.3487930297852,-8.45974922180176,"Unknown"
"7014855",371852,2025-06-29 09:10:29,43.3484725952148,-8.48080825805664,"Unknown"
"7014855",371852,2025-06-29 09:15:29,43.3512001037598,-8.51119804382324,"Unknown"
"7014855",371852,2025-06-29 09:20:31,43.3515319824219,-8.51111698150635,"Unknown"
"7014855",371852,2025-06-29 09:25:28,43.351634979248,-8.51101875305176,"Unknown"
"7014855",371852,2025-06-29 09:30:28,43.3514099121094,-8.51105976104736,"Unknown"
"7014855",371852,2025-06-29 09:35:30,43.3524360656738,-8.52348709106445,"Unknown"
"7014855",371852,2025-06-29 09:40:31,43.3528213500977,-8.52329349517822,"Unknown"
"7014855",371852,2025-06-29 09:45:31,43.3529167175293,-8.52328205108643,"Unknown"
"7014855",371852,2025-06-29 09:50:30,43.3523559570312,-8.52344131469727,"Unknown"
"7014855",371852,2025-06-29 09:55:34,43.3529930114746,-8.52316284179688,"Unknown"
"7014855",371852,2025-06-29 10:00:33,43.3556060791016,-8.5484037399292,"Unknown"
"7014855",371852,2025-06-29 10:05:27,43.3487930297852,-8.58533668518066,"Unknown"
"7014855",371852,2025-06-29 10:10:30,43.3431129455566,-8.62707138061523,"Unknown"
"7014855",371852,2025-06-29 10:15:34,43.3367156982422,-8.67008972167969,"Unknown"
"7014855",371852,2025-06-29 10:20:29,43.3397445678711,-8.71166610717773,"Unknown"
"7014855",371852,2025-06-29 10:25:37,43.3399963378906,-8.75585460662842,"Unknown"
"7014855",371852,2025-06-29 10:30:29,43.345531463623,-8.79674243927002,"Unknown"
"7014855",371852,2025-06-29 10:35:29,43.3580665588379,-8.8359842300415,"Unknown"
"7014855",371852,2025-06-29 10:40:44,43.3600807189941,-8.84294509887695,"Unknown"
"7014855",371852,2025-06-29 10:45:36,43.3600616455078,-8.84290981292725,"Unknown"
"7014855",371852,2025-06-29 10:50:28,43.3600845336914,-8.84301376342773,"Unknown"
"7014855",371852,2025-06-29 10:55:29,43.3600425720215,-8.84313201904297,"Unknown"
"7014855",371852,2025-06-29 11:00:28,43.3595237731934,-8.84340572357178,"Unknown"
"7014855",371852,2025-06-29 11:05:31,43.3597793579102,-8.84285354614258,"Unknown"
"7014855",371852,2025-06-29 11:10:34,43.3601989746094,-8.84325122833252,"Unknown"
"7014855",371852,2025-06-29 11:15:28,43.359676361084,-8.8428840637207,"Unknown"
"7014855",371852,2025-06-29 11:20:28,43.3595428466797,-8.84277820587158,"Unknown"
"7014855",371852,2025-06-29 11:25:28,43.3596496582031,-8.84282970428467,"Unknown"
"7014855",371852,2025-06-29 11:30:28,43.359935760498,-8.84287738800049,"Unknown"
"7014855",371852,2025-06-29 11:35:28,43.3598518371582,-8.84274768829346,"Unknown"
"7014855",371852,2025-06-29 11:40:29,43.3597183227539,-8.8428373336792,"Unknown"
"7014855",371852,2025-06-29 11:46:14,43.3596038818359,-8.84289932250977,"Unknown"
"7014855",371852,2025-06-29 11:50:28,43.3596038818359,-8.84293746948242,"Unknown"
"7014855",371852,2025-06-29 11:55:28,43.3596305847168,-8.84282875061035,"Unknown"
"7014855",371852,2025-06-29 12:00:28,43.3574447631836,-8.84426403045654,"Unknown"
"7014855",371852,2025-06-29 12:05:28,43.3357696533203,-8.8449068069458,"Unknown"
"7014855",371852,2025-06-29 12:10:31,43.3321418762207,-8.83600616455078,"Unknown"
"7014855",371852,2025-06-29 12:15:28,43.3074378967285,-8.81595993041992,"Unknown"
"7014855",371852,2025-06-29 12:20:28,43.287296295166,-8.80180263519287,"Unknown"
"7014855",371852,2025-06-29 12:25:29,43.2780723571777,-8.7792501449585,"Unknown"
"7014855",371852,2025-06-29 12:30:28,43.2566184997559,-8.75452899932861,"Unknown"
"7014855",371852,2025-06-29 12:35:29,43.2435836791992,-8.72372627258301,"Unknown"
"7014855",371852,2025-06-29 12:40:30,43.2394142150879,-8.68610095977783,"Unknown"
"7014855",371852,2025-06-29 12:45:29,43.2444458007812,-8.68306255340576,"Unknown"
"7014855",371852,2025-06-29 12:50:28,43.2430191040039,-8.68342304229736,"Unknown"
"7014855",371852,2025-06-29 12:55:29,43.2341346740723,-8.67451858520508,"Unknown"
"7014855",371852,2025-06-29 13:00:30,43.2219581604004,-8.65858364105225,"Unknown"
"7014855",371852,2025-06-29 13:05:28,43.2085723876953,-8.62822532653809,"Unknown"
"7014855",371852,2025-06-29 13:10:29,43.1932144165039,-8.59395027160645,"Unknown"
"7014855",371852,2025-06-29 13:15:29,43.1800346374512,-8.56702518463135,"Unknown"
"7014855",371852,2025-06-29 13:20:29,43.1806640625,-8.56109237670898,"Unknown"
"7014855",371852,2025-06-29 13:25:28,43.1616592407227,-8.5432186126709,"Unknown"
"7014855",371852,2025-06-29 13:30:28,43.1395645141602,-8.50691413879395,"Unknown"
"7014855",371852,2025-06-29 13:35:30,43.1301651000977,-8.473952293396,"Unknown"
"7014855",371852,2025-06-29 13:45:29,43.1297454833984,-8.47160053253174,"Unknown"
"7014855",371852,2025-06-29 13:50:28,43.1218872070312,-8.48790264129639,"Unknown"
"7014855",371852,2025-06-29 13:55:30,43.1003494262695,-8.49802207946777,"Unknown"
"7014855",371852,2025-06-29 14:00:59,43.099910736084,-8.49798965454102,"Unknown"
"7014855",371852,2025-06-29 14:05:29,43.1001167297363,-8.49794864654541,"Unknown"
"7014855",371852,2025-06-29 14:10:31,43.100025177002,-8.49776268005371,"Unknown"
"7014855",371852,2025-06-29 14:15:29,43.0997657775879,-8.49754333496094,"Unknown"
"7014855",371852,2025-06-29 14:20:29,43.099925994873,-8.49718761444092,"Unknown"
"7014855",371852,2025-06-29 14:25:33,43.0996055603027,-8.49680233001709,"Unknown"
"7014855",371852,2025-06-29 14:30:28,43.1046562194824,-8.48880767822266,"Unknown"
"7014855",371852,2025-06-29 14:35:29,43.1295204162598,-8.4720630645752,"Unknown"
"7014855",371852,2025-06-29 14:40:31,43.1297492980957,-8.47175407409668,"Unknown"
"7014855",371852,2025-06-29 14:45:29,43.1296119689941,-8.47203540802002,"Unknown"
"7014855",371852,2025-06-29 14:50:31,43.1298522949219,-8.47182083129883,"Unknown"
"7014855",371852,2025-06-29 14:55:33,43.1310920715332,-8.47293853759766,"Unknown"
"7014855",371852,2025-06-29 15:00:29,43.122444152832,-8.48197078704834,"Unknown"
"7014855",371852,2025-06-29 15:05:29,43.1015739440918,-8.49921703338623,"Unknown"
"7014855",371852,2025-06-29 15:10:33,43.1017456054688,-8.49933242797852,"Unknown"
"7014855",371852,2025-06-29 15:15:36,43.1015167236328,-8.49911022186279,"Unknown"
"7014855",371852,2025-06-29 15:20:33,43.1014633178711,-8.49916076660156,"Unknown"
"7014855",371852,2025-06-29 15:25:29,43.1014823913574,-8.49918937683105,"Unknown"
"7014855",371852,2025-06-29 15:31:29,43.1007919311523,-8.49844074249268,"Unknown"
"7014855",371852,2025-06-29 15:35:28,43.1003036499023,-8.49875736236572,"Unknown"
"7014855",371852,2025-06-29 15:40:28,43.1002998352051,-8.49889659881592,"Unknown"
"7014855",371852,2025-06-29 15:45:28,43.1012992858887,-8.49748992919922,"Unknown"
"7014855",371852,2025-06-29 15:50:29,43.1105995178223,-8.48723983764648,"Unknown"
"7014855",371852,2025-06-29 15:55:44,43.1292266845703,-8.47044086456299,"Unknown"
"7014855",371852,2025-06-29 16:00:28,43.1292343139648,-8.4705982208252,"Unknown"
"7014855",371852,2025-06-29 16:05:37,43.1252365112305,-8.47465324401855,"Unknown"
"7014855",371852,2025-06-29 16:10:28,43.1230125427246,-8.46994781494141,"Unknown"
"7014855",371852,2025-06-29 16:15:28,43.1327476501465,-8.46654987335205,"Unknown"
"7014855",371852,2025-06-29 16:20:29,43.1312942504883,-8.46553039550781,"Unknown"
"7014855",371852,2025-06-29 16:25:29,43.132438659668,-8.46711921691895,"Unknown"
"7014855",371852,2025-06-29 16:30:44,43.1329879760742,-8.46747493743896,"Unknown"
"7014855",371852,2025-06-29 16:35:30,43.1325836181641,-8.46740341186523,"Unknown"
"7014855",371852,2025-06-29 16:40:29,43.1325492858887,-8.46728706359863,"Unknown"
"7014855",371852,2025-06-29 16:45:29,43.1326141357422,-8.46741485595703,"Unknown"
"7014855",371852,2025-06-29 16:50:29,43.1325721740723,-8.46730422973633,"Unknown"
"7014855",371852,2025-06-29 16:55:29,43.1327171325684,-8.46746635437012,"Unknown"
"7014855",371852,2025-06-29 17:00:28,43.1327362060547,-8.46752452850342,"Unknown"
"7014855",371852,2025-06-29 17:05:30,43.1327362060547,-8.46772766113281,"Unknown"
"7014855",371852,2025-06-29 17:10:28,43.132999420166,-8.4672384262085,"Unknown"
"7014855",371852,2025-06-29 17:15:29,43.1301879882812,-8.47175121307373,"Unknown"
"7014855",371852,2025-06-29 17:20:29,43.1325149536133,-8.46928119659424,"Unknown"
"7014855",371852,2025-06-29 17:25:37,43.1324043273926,-8.46875762939453,"Unknown"
"7014855",371852,2025-06-29 17:30:28,43.1323471069336,-8.46872425079346,"Unknown"
"7014855",371852,2025-06-29 17:35:30,43.1325073242188,-8.46854305267334,"Unknown"
"7014855",371852,2025-06-29 17:40:28,43.1326751708984,-8.46850395202637,"Unknown"
"7014855",371852,2025-06-29 17:45:59,43.132438659668,-8.46860790252686,"Unknown"
"7014855",371852,2025-06-29 17:50:27,43.1324615478516,-8.4686107635498,"Unknown"
"7014855",371852,2025-06-29 17:55:28,43.1323509216309,-8.46870422363281,"Unknown"
"7014855",371852,2025-06-29 18:00:27,43.1323432922363,-8.46875858306885,"Unknown"
"7014855",371852,2025-06-29 18:05:28,43.1323776245117,-8.46870517730713,"Unknown"
"7014855",371852,2025-06-29 18:10:28,43.1323318481445,-8.46862983703613,"Unknown"
"7014855",371852,2025-06-29 18:15:28,43.1323318481445,-8.46867370605469,"Unknown"
"7014855",371852,2025-06-29 18:20:28,43.1323318481445,-8.46866321563721,"Unknown"
"7014855",371852,2025-06-29 18:25:28,43.1323547363281,-8.46867179870605,"Unknown"
"7014855",371852,2025-06-29 18:30:28,43.1515312194824,-8.48626327514648,"Unknown"
"7014855",371852,2025-06-29 18:35:28,43.1742744445801,-8.48003578186035,"Unknown"
"7014855",371852,2025-06-29 18:40:27,43.202335357666,-8.46225452423096,"Unknown"
"7014855",371852,2025-06-29 18:45:44,43.2305374145508,-8.45545768737793,"Unknown"
"7014855",371852,2025-06-29 18:50:28,43.2546463012695,-8.43383502960205,"Unknown"
"7014855",371852,2025-06-29 18:55:30,43.2706832885742,-8.44530868530273,"Unknown"
"7014855",371852,2025-06-29 19:00:29,43.2786750793457,-8.46967697143555,"Unknown"
"7014855",371852,2025-06-29 19:05:29,43.2787437438965,-8.50086402893066,"Unknown"
"7014855",371852,2025-06-29 19:10:29,43.279541015625,-8.53730010986328,"Unknown"
"7014855",371852,2025-06-29 19:15:29,43.2832298278809,-8.57713985443115,"Unknown"
"7014855",371852,2025-06-29 19:20:28,43.2817459106445,-8.61838436126709,"Unknown"
"7014855",371852,2025-06-29 19:25:37,43.2879486083984,-8.63160037994385,"Unknown"
"7014855",371852,2025-06-29 19:30:34,43.2928619384766,-8.66590404510498,"Unknown"
"7014855",371852,2025-06-29 19:35:44,43.2927398681641,-8.66578006744385,"Unknown"
"7014855",371852,2025-06-29 19:40:33,43.2929878234863,-8.66571426391602,"Unknown"
"7014855",371852,2025-06-29 19:45:28,43.2929496765137,-8.66581535339355,"Unknown"
"7014855",371852,2025-06-29 19:50:28,43.2985382080078,-8.67803382873535,"Unknown"
"7014855",371852,2025-06-29 19:55:28,43.304012298584,-8.71265316009521,"Unknown"
"7014855",371852,2025-06-29 20:00:28,43.3173675537109,-8.73147773742676,"Unknown"
"7014855",371852,2025-06-29 20:05:29,43.3101234436035,-8.76973056793213,"Unknown"
"7014855",371852,2025-06-29 20:10:28,43.311336517334,-8.7940092086792,"Unknown"
"7014855",371852,2025-06-29 20:15:34,43.3108253479004,-8.79399013519287,"Unknown"
"7014855",371852,2025-06-29 20:20:36,43.3110008239746,-8.79409217834473,"Unknown"
"7014855",371852,2025-06-29 20:25:28,43.3114013671875,-8.79430675506592,"Unknown"
"7014855",371852,2025-06-29 20:31:00,43.3230400085449,-8.80604648590088,"Unknown"
"7014855",371852,2025-06-29 20:35:28,43.3231544494629,-8.80607223510742,"Unknown"
"7014855",371852,2025-06-29 20:40:27,43.3231430053711,-8.80610370635986,"Unknown"
"7014855",371852,2025-06-29 20:46:51,43.3256378173828,-8.8058500289917,"Unknown"
"7014855",371852,2025-06-29 20:50:28,43.3223495483398,-8.81040096282959,"Unknown"
"7014855",371852,2025-06-29 20:55:28,43.3223457336426,-8.81032562255859,"Unknown"
"7014855",371852,2025-06-29 21:00:29,43.3314399719238,-8.81454563140869,"Unknown"
"7014855",371852,2025-06-29 21:05:28,43.3517532348633,-8.83574390411377,"Unknown"
"7014855",371852,2025-06-29 21:10:29,43.3599548339844,-8.84295082092285,"Unknown"
"7014855",371852,2025-06-29 21:15:30,43.3603858947754,-8.84253025054932,"Unknown"
"7014855",371852,2025-06-29 21:20:28,43.3603477478027,-8.84250354766846,"Unknown"
"7014855",371852,2025-06-29 21:25:28,43.3603477478027,-8.84316539764404,"Unknown"
"7014855",371852,2025-06-29 21:30:30,43.3602638244629,-8.84309673309326,"Unknown"
"7014855",371852,2025-06-29 21:35:28,43.3603858947754,-8.84313011169434,"Unknown"
"7014855",371852,2025-06-29 21:40:28,43.3603515625,-8.84315776824951,"Unknown"
"7014855",371852,2025-06-29 21:45:28,43.3603668212891,-8.84302520751953,"Unknown"
"7014855",371852,2025-06-29 21:50:29,43.3603706359863,-8.84294700622559,"Unknown"
"7014855",371852,2025-06-29 21:55:28,43.3604125976562,-8.84297180175781,"Unknown"
"7014855",371852,2025-06-29 22:00:30,43.3603858947754,-8.84311199188232,"Unknown"
"7014855",371852,2025-06-29 22:05:31,43.3602104187012,-8.84320545196533,"Unknown"
"7014855",371852,2025-06-29 22:10:33,43.3601684570312,-8.84322071075439,"Unknown"
"7014855",371852,2025-06-29 22:15:30,43.3605651855469,-8.8433723449707,"Unknown"
"7014855",371852,2025-06-29 22:20:33,43.3602600097656,-8.84318923950195,"Unknown"
"7014855",371852,2025-06-29 22:25:34,43.3603782653809,-8.84319972991943,"Unknown"
"7014855",371852,2025-06-29 22:30:30,43.360767364502,-8.84375476837158,"Unknown"
"7014855",371852,2025-06-29 22:35:33,43.3604202270508,-8.84303283691406,"Unknown"
"7014855",371852,2025-06-29 22:40:30,43.3603324890137,-8.84310054779053,"Unknown"
"7014855",371852,2025-06-29 22:45:34,43.3601036071777,-8.84310436248779,"Unknown"
"7014855",371852,2025-06-29 22:50:33,43.3601837158203,-8.84321308135986,"Unknown"
"7014855",371852,2025-06-29 22:55:28,43.3600616455078,-8.84308528900146,"Unknown"
"7014855",371852,2025-06-29 23:00:28,43.3600196838379,-8.84310245513916,"Unknown"
"7014855",371852,2025-06-29 23:05:28,43.3600959777832,-8.84309577941895,"Unknown"
"7014855",371852,2025-06-29 23:10:29,43.360107421875,-8.84308624267578,"Unknown"
"7014855",371852,2025-06-29 23:15:29,43.3601112365723,-8.84312725067139,"Unknown"
"7014855",371852,2025-06-29 23:20:30,43.360107421875,-8.84309673309326,"Unknown"
"7014855",371852,2025-06-29 23:25:28,43.3601341247559,-8.84302711486816,"Unknown"
"7014855",371852,2025-06-29 23:30:29,43.3600997924805,-8.8430118560791,"Unknown"
"7014855",371852,2025-06-29 23:35:31,43.3600006103516,-8.84334373474121,"Unknown"
"7014855",371852,2025-06-29 23:40:29,43.3601570129395,-8.84303092956543,"Unknown"
"7014855",371852,2025-06-29 23:45:31,43.3600387573242,-8.84306526184082,"Unknown"
"7014855",371852,2025-06-29 23:50:29,43.3600006103516,-8.843092918396,"Unknown"
"7014855",371852,2025-06-29 23:55:33,43.360107421875,-8.84328079223633,"Unknown"
"7014855",371852,2025-06-30 00:00:44,43.3600616455078,-8.84300327301025,"Unknown"
"7014855",371852,2025-06-30 00:05:28,43.360179901123,-8.84306526184082,"Unknown"
"7014855",371852,2025-06-30 00:10:28,43.3601226806641,-8.84298801422119,"Unknown"
"7014855",371852,2025-06-30 00:15:28,43.3602828979492,-8.84319591522217,"Unknown"
"7014855",371852,2025-06-30 00:20:33,43.3602714538574,-8.84364795684814,"Unknown"
"7014855",371852,2025-06-30 00:25:28,43.3603134155273,-8.84342193603516,"Unknown"
"7014855",371852,2025-06-30 00:30:30,43.3601188659668,-8.84390735626221,"Unknown"
"7014855",371852,2025-06-30 00:35:34,43.3602027893066,-8.84303855895996,"Unknown"
"7014855",371852,2025-06-30 00:40:33,43.3599891662598,-8.84309768676758,"Unknown"
"7014855",371852,2025-06-30 00:45:31,43.3604278564453,-8.84270668029785,"Unknown"
"7014855",371852,2025-06-30 00:50:36,43.3606300354004,-8.84273910522461,"Unknown"
"7014855",371852,2025-06-30 00:55:29,43.3604316711426,-8.84257125854492,"Unknown"
"7014855",371852,2025-06-30 01:00:31,43.3601760864258,-8.84295749664307,"Unknown"
"7014855",371852,2025-06-30 01:05:29,43.360237121582,-8.84335899353027,"Unknown"
"7014855",371852,2025-06-30 01:10:28,43.3602714538574,-8.84355735778809,"Unknown"
"7014855",371852,2025-06-30 01:15:29,43.3598136901855,-8.8433723449707,"Unknown"
"7014855",371852,2025-06-30 01:20:31,43.3593902587891,-8.84260272979736,"Unknown"
"7014855",371852,2025-06-30 01:25:29,43.3603324890137,-8.84353923797607,"Unknown"
"7014855",371852,2025-06-30 01:30:29,43.3604278564453,-8.8436393737793,"Unknown"
"7014855",371852,2025-06-30 01:35:33,43.3594779968262,-8.84274196624756,"Unknown"
"7014855",371852,2025-06-30 01:40:35,43.3594627380371,-8.84267425537109,"Unknown"
"7014855",371852,2025-06-30 01:45:29,43.3604621887207,-8.84352016448975,"Unknown"
"7014855",371852,2025-06-30 01:50:38,43.3595504760742,-8.84266471862793,"Unknown"
"7014855",371852,2025-06-30 01:55:29,43.3598365783691,-8.84299945831299,"Unknown"
"7014855",371852,2025-06-30 02:00:35,43.3594055175781,-8.842360496521,"Unknown"
"7014855",371852,2025-06-30 02:05:33,43.359432220459,-8.8424129486084,"Unknown"
"7014855",371852,2025-06-30 02:10:34,43.3595237731934,-8.84243679046631,"Unknown"
"7014855",371852,2025-06-30 02:15:34,43.3595008850098,-8.84245014190674,"Unknown"
"7014855",371852,2025-06-30 02:20:34,43.3595657348633,-8.84250068664551,"Unknown"
"7014855",371852,2025-06-30 02:25:34,43.3595581054688,-8.84257030487061,"Unknown"
"7014855",371852,2025-06-30 02:30:36,43.3596267700195,-8.84249973297119,"Unknown"
"7014855",371852,2025-06-30 02:35:30,43.3600578308105,-8.84288787841797,"Unknown"
"7014855",371852,2025-06-30 02:40:28,43.3600807189941,-8.84292316436768,"Unknown"
"7014855",371852,2025-06-30 02:45:29,43.3600006103516,-8.84284114837646,"Unknown"
"7014855",371852,2025-06-30 02:50:28,43.3600425720215,-8.84292316436768,"Unknown"
"7014855",371852,2025-06-30 02:55:29,43.3597106933594,-8.84252738952637,"Unknown"
"7014855",371852,2025-06-30 03:00:28,43.3600578308105,-8.84283447265625,"Unknown"
"7014855",371852,2025-06-30 03:05:29,43.3600234985352,-8.84284019470215,"Unknown"
"7014855",371852,2025-06-30 03:10:29,43.3600845336914,-8.84287738800049,"Unknown"
"7014855",371852,2025-06-30 03:15:30,43.3589973449707,-8.84420108795166,"Unknown"
"7014855",371852,2025-06-30 03:20:29,43.3602752685547,-8.84284019470215,"Unknown"
"7014855",371852,2025-06-30 03:25:29,43.3599472045898,-8.8425464630127,"Unknown"
"7014855",371852,2025-06-30 03:30:30,43.3619804382324,-8.84432888031006,"Unknown"
"7014855",371852,2025-06-30 03:35:29,43.3600616455078,-8.84294700622559,"Unknown"
"7014855",371852,2025-06-30 03:40:29,43.3602485656738,-8.84326457977295,"Unknown"
"7014855",371852,2025-06-30 03:45:30,43.3601188659668,-8.84316921234131,"Unknown"
"7014855",371852,2025-06-30 03:50:29,43.3598899841309,-8.84307956695557,"Unknown"
"7014855",371852,2025-06-30 03:55:30,43.3602752685547,-8.84332752227783,"Unknown"
"7014855",371852,2025-06-30 04:00:29,43.3597793579102,-8.84328269958496,"Unknown"
"7014855",371852,2025-06-30 04:05:29,43.3597679138184,-8.8432788848877,"Unknown"
"7014855",371852,2025-06-30 04:10:30,43.3596115112305,-8.84361267089844,"Unknown"
"7014855",371852,2025-06-30 04:15:28,43.3595352172852,-8.84346961975098,"Unknown"
"7014855",371852,2025-06-30 04:20:30,43.358528137207,-8.84486103057861,"Unknown"
"7014855",371852,2025-06-30 04:25:29,43.3596649169922,-8.84353637695312,"Unknown"
"7014855",371852,2025-06-30 04:30:33,43.3603706359863,-8.84321594238281,"Unknown"
"7014855",371852,2025-06-30 04:35:31,43.3600158691406,-8.84302616119385,"Unknown"
"7014855",371852,2025-06-30 04:40:31,43.3603782653809,-8.84266662597656,"Unknown"
"7014855",371852,2025-06-30 04:45:33,43.360782623291,-8.84221935272217,"Unknown"
"7014855",371852,2025-06-30 04:50:29,43.360897064209,-8.84189224243164,"Unknown"
"7014855",371852,2025-06-30 04:55:29,43.3607749938965,-8.84220123291016,"Unknown"
"7014855",371852,2025-06-30 05:00:29,43.3607482910156,-8.84224033355713,"Unknown"
"7014855",371852,2025-06-30 05:05:30,43.3606758117676,-8.84262275695801,"Unknown"
"7014855",371852,2025-06-30 05:10:31,43.3604164123535,-8.842209815979,"Unknown"
"7014855",371852,2025-06-30 05:15:34,43.3605155944824,-8.84238433837891,"Unknown"
"7014855",371852,2025-06-30 05:20:30,43.3604164123535,-8.8420877456665,"Unknown"
"7014855",371852,2025-06-30 05:25:38,43.3606948852539,-8.84226322174072,"Unknown"
"7014855",371852,2025-06-30 05:30:37,43.3605880737305,-8.84263515472412,"Unknown"
"7014855",371852,2025-06-30 05:35:33,43.3604125976562,-8.84272384643555,"Unknown"
"7014855",371852,2025-06-30 05:40:30,43.3606414794922,-8.84290885925293,"Unknown"
"7014855",371852,2025-06-30 05:45:36,43.3603591918945,-8.84298515319824,"Unknown"
"7014855",371852,2025-06-30 05:50:33,43.3602752685547,-8.84291744232178,"Unknown"
"7014855",371852,2025-06-30 05:55:33,43.3605918884277,-8.8427095413208,"Unknown"
"7014855",371852,2025-06-30 06:00:36,43.3604202270508,-8.8427562713623,"Unknown"
"7014855",371852,2025-06-30 06:05:37,43.3540229797363,-8.82881927490234,"Unknown"
"7014855",371852,2025-06-30 06:10:30,43.3325157165527,-8.80256843566895,"Unknown"
"7014855",371852,2025-06-30 06:15:37,43.3049278259277,-8.77765655517578,"Unknown"
"7014855",371852,2025-06-30 06:20:36,43.299617767334,-8.76733303070068,"Unknown"
"7014855",371852,2025-06-30 06:25:36,43.2996559143066,-8.76739692687988,"Unknown"
"7014855",371852,2025-06-30 06:30:36,43.299674987793,-8.76746654510498,"Unknown"
"7014855",371852,2025-06-30 06:35:36,43.2996711730957,-8.76702404022217,"Unknown"
"7014855",371852,2025-06-30 06:40:36,43.2996368408203,-8.76701545715332,"Unknown"
"7014855",371852,2025-06-30 06:45:36,43.2995910644531,-8.76705741882324,"Unknown"
"7014855",371852,2025-06-30 06:50:36,43.2996292114258,-8.76691341400146,"Unknown"
"7014855",371852,2025-06-30 06:55:36,43.2996559143066,-8.76687431335449,"Unknown"
"7014855",371852,2025-06-30 07:00:36,43.2995758056641,-8.76712989807129,"Unknown"
"7014855",371852,2025-06-30 07:05:36,43.2995986938477,-8.76680946350098,"Unknown"
"7014855",371852,2025-06-30 07:10:36,43.2995338439941,-8.76733016967773,"Unknown"
"7014855",371852,2025-06-30 07:15:37,43.2995719909668,-8.76739311218262,"Unknown"
"7014855",371852,2025-06-30 07:20:35,43.2995872497559,-8.76739978790283,"Unknown"
"7014855",371852,2025-06-30 07:25:31,43.2995491027832,-8.76743221282959,"Unknown"
"7014855",371852,2025-06-30 07:30:36,43.2995643615723,-8.76747703552246,"Unknown"
"7014855",371852,2025-06-30 07:35:36,43.299560546875,-8.76749420166016,"Unknown"
"7014855",371852,2025-06-30 07:40:36,43.2995491027832,-8.76757717132568,"Unknown"
"7014855",371852,2025-06-30 07:45:46,43.3011627197266,-8.76250076293945,"Unknown"
"7014855",371852,2025-06-30 07:50:37,43.2944679260254,-8.74917316436768,"Unknown"
"7014855",371852,2025-06-30 07:55:31,43.2962875366211,-8.72411155700684,"Unknown"
"7014855",371852,2025-06-30 08:00:30,43.3012847900391,-8.69087409973145,"Unknown"
"7014855",371852,2025-06-30 08:05:28,43.3090782165527,-8.65935516357422,"Unknown"
"7014855",371852,2025-06-30 08:10:30,43.3164405822754,-8.62587356567383,"Unknown"
"7014855",371852,2025-06-30 08:15:29,43.321460723877,-8.59269523620605,"Unknown"
"7014855",371852,2025-06-30 08:20:29,43.3260536193848,-8.55670356750488,"Unknown"
"7014855",371852,2025-06-30 08:25:29,43.3437728881836,-8.52955627441406,"Unknown"
"7014855",371852,2025-06-30 08:30:30,43.3534660339355,-8.50313377380371,"Unknown"
"7014855",371852,2025-06-30 08:35:31,43.3569450378418,-8.46735382080078,"Unknown"
"7014855",371852,2025-06-30 08:40:43,43.353931427002,-8.45888423919678,"Unknown"
"7014855",371852,2025-06-30 08:45:31,43.3540267944336,-8.4584321975708,"Unknown"
"7014855",371852,2025-06-30 08:50:34,43.3540534973145,-8.45879459381104,"Unknown"
"7014855",371852,2025-06-30 08:56:14,43.3541259765625,-8.45890998840332,"Unknown"
"7014855",371852,2025-06-30 09:00:36,43.3541564941406,-8.45905780792236,"Unknown"
"7014855",371852,2025-06-30 09:05:45,43.3541946411133,-8.45909690856934,"Unknown"
"7014855",371852,2025-06-30 09:10:36,43.3541946411133,-8.45895195007324,"Unknown"
"7014855",371852,2025-06-30 09:15:31,43.3541831970215,-8.45888996124268,"Unknown"
"7014855",371852,2025-06-30 09:20:30,43.3541984558105,-8.45889282226562,"Unknown"
"7014855",371852,2025-06-30 09:25:32,43.3544311523438,-8.45924186706543,"Unknown"
"7014855",371852,2025-06-30 09:30:30,43.3542747497559,-8.45918083190918,"Unknown"
"7014855",371852,2025-06-30 09:35:31,43.3492164611816,-8.45546245574951,"Unknown"
"7014855",371852,2025-06-30 09:40:29,43.3526840209961,-8.44786739349365,"Unknown"
"7014855",371852,2025-06-30 09:45:30,43.3513107299805,-8.42734432220459,"Unknown"
"7014855",371852,2025-06-30 09:50:30,43.3513793945312,-8.42729663848877,"Unknown"
"7014855",371852,2025-06-30 09:55:30,43.351245880127,-8.42713737487793,"Unknown"
"7014855",371852,2025-06-30 10:00:30,43.3513526916504,-8.42726707458496,"Unknown"
"7014855",371852,2025-06-30 10:05:31,43.3512763977051,-8.42711067199707,"Unknown"
"7014855",371852,2025-06-30 10:10:31,43.3512878417969,-8.42689037322998,"Unknown"
"7014855",371852,2025-06-30 10:15:30,43.3512382507324,-8.42720508575439,"Unknown"
"7014855",371852,2025-06-30 10:20:30,43.3513336181641,-8.42710590362549,"Unknown"
"7014855",371852,2025-06-30 10:25:35,43.3514862060547,-8.42737865447998,"Unknown"
"7014855",371852,2025-06-30 10:30:30,43.3513565063477,-8.42720413208008,"Unknown"
"7014855",371852,2025-06-30 10:35:30,43.3515892028809,-8.42780685424805,"Unknown"
"7014855",371852,2025-06-30 10:40:30,43.3516235351562,-8.42782115936279,"Unknown"
"7014855",371852,2025-06-30 10:45:36,43.3512992858887,-8.42709541320801,"Unknown"
"7014855",371852,2025-06-30 10:50:30,43.3515129089355,-8.42770099639893,"Unknown"
"7014855",371852,2025-06-30 10:55:35,43.3516387939453,-8.42766857147217,"Unknown"
"7014855",371852,2025-06-30 11:00:30,43.3514938354492,-8.42737102508545,"Unknown"
"7014855",371852,2025-06-30 11:05:30,43.3514442443848,-8.42758846282959,"Unknown"
"7014855",371852,2025-06-30 11:10:35,43.3514785766602,-8.42755031585693,"Unknown"
"7014855",371852,2025-06-30 11:15:30,43.3515014648438,-8.42834854125977,"Unknown"
"7014855",371852,2025-06-30 11:20:32,43.3505172729492,-8.42782211303711,"Unknown"
"7014855",371852,2025-06-30 11:25:37,43.3503341674805,-8.42760181427002,"Unknown"
"7014855",371852,2025-06-30 11:30:37,43.3504180908203,-8.42769241333008,"Unknown"
"7014855",371852,2025-06-30 11:35:36,43.3503608703613,-8.42762279510498,"Unknown"
"7014855",371852,2025-06-30 11:40:34,43.3503837585449,-8.4276704788208,"Unknown"
"7014855",371852,2025-06-30 11:45:32,43.3503265380859,-8.427659034729,"Unknown"
"7014855",371852,2025-06-30 11:50:31,43.3503723144531,-8.42776870727539,"Unknown"
"7014855",371852,2025-06-30 11:55:34,43.3503494262695,-8.4276819229126,"Unknown"
"7014855",371852,2025-06-30 12:00:52,43.350269317627,-8.42752456665039,"Unknown"
"7014855",371852,2025-06-30 12:05:42,43.3499870300293,-8.42754936218262,"Unknown"
"7014855",371852,2025-06-30 12:10:34,43.3516616821289,-8.43520545959473,"Unknown"
"7014855",371852,2025-06-30 12:15:36,43.3569183349609,-8.44610404968262,"Unknown"
"7014855",371852,2025-06-30 12:20:38,43.3541069030762,-8.4583854675293,"Unknown"
"7014855",371852,2025-06-30 12:26:35,43.3541870117188,-8.45876121520996,"Unknown"
"7014855",371852,2025-06-30 12:31:49,43.3537254333496,-8.45894622802734,"Unknown"
"7014855",371852,2025-06-30 12:35:47,43.354061126709,-8.45864582061768,"Unknown"
"7014855",371852,2025-06-30 12:40:29,43.3537216186523,-8.45872974395752,"Unknown"
"7014855",371852,2025-06-30 12:45:29,43.3537406921387,-8.45882034301758,"Unknown"
"7014855",371852,2025-06-30 12:50:35,43.3539962768555,-8.45876312255859,"Unknown"
"7014855",371852,2025-06-30 12:55:29,43.3538246154785,-8.45878791809082,"Unknown"
"7014855",371852,2025-06-30 13:00:29,43.3546447753906,-8.4585657119751,"Unknown"
"7014855",371852,2025-06-30 13:05:31,43.3546562194824,-8.45843505859375,"Unknown"
"7014855",371852,2025-06-30 13:10:28,43.354850769043,-8.45877742767334,"Unknown"
"7014855",371852,2025-06-30 13:15:31,43.3544082641602,-8.45802211761475,"Unknown"
"7014855",371852,2025-06-30 13:20:29,43.3542785644531,-8.45860290527344,"Unknown"
"7014855",371852,2025-06-30 13:25:29,43.3542327880859,-8.45866298675537,"Unknown"
"7014855",371852,2025-06-30 13:30:29,43.3541984558105,-8.45860767364502,"Unknown"
"7014855",371852,2025-06-30 13:35:29,43.354190826416,-8.45866775512695,"Unknown"
"7014855",371852,2025-06-30 13:40:29,43.354190826416,-8.45857048034668,"Unknown"
"7014855",371852,2025-06-30 13:45:29,43.3540306091309,-8.45868301391602,"Unknown"
"7014855",371852,2025-06-30 13:50:29,43.3566513061523,-8.45686435699463,"Unknown"
"7014855",371852,2025-06-30 13:55:32,43.3542060852051,-8.45882701873779,"Unknown"
"7014855",371852,2025-06-30 14:00:30,43.354621887207,-8.45828437805176,"Unknown"
"7014855",371852,2025-06-30 14:05:31,43.3540458679199,-8.45878028869629,"Unknown"
"7014855",371852,2025-06-30 14:10:31,43.3540153503418,-8.45872402191162,"Unknown"
"7014855",371852,2025-06-30 14:15:29,43.3538665771484,-8.45875930786133,"Unknown"
"7014855",371852,2025-06-30 14:20:40,43.3541793823242,-8.45873165130615,"Unknown"
"7014855",371852,2025-06-30 14:25:35,43.3541870117188,-8.45863056182861,"Unknown"
"7014855",371852,2025-06-30 14:30:36,43.3541641235352,-8.45858478546143,"Unknown"
"7014855",371852,2025-06-30 14:35:35,43.3541793823242,-8.45864486694336,"Unknown"
"7014855",371852,2025-06-30 14:40:29,43.3407363891602,-8.45463752746582,"Unknown"
"7014855",371852,2025-06-30 14:45:30,43.3404235839844,-8.45444774627686,"Unknown"
"7014855",371852,2025-06-30 14:50:29,43.3464546203613,-8.440354347229,"Unknown"
"7014855",371852,2025-06-30 14:55:31,43.346435546875,-8.44032764434814,"Unknown"
"7014855",371852,2025-06-30 15:00:32,43.3459625244141,-8.44007778167725,"Unknown"
"7014855",371852,2025-06-30 15:05:34,43.3460884094238,-8.4399299621582,"Unknown"
"7014855",371852,2025-06-30 15:10:29,43.3470001220703,-8.43978595733643,"Unknown"
"7014855",371852,2025-06-30 15:15:30,43.3529472351074,-8.44075584411621,"Unknown"
"7014855",371852,2025-06-30 15:20:41,43.3540115356445,-8.45854663848877,"Unknown"
"7014855",371852,2025-06-30 15:25:29,43.354061126709,-8.45858955383301,"Unknown"
"7014855",371852,2025-06-30 15:30:49,43.3536949157715,-8.45828342437744,"Unknown"
"7014855",371852,2025-06-30 15:35:37,43.3556251525879,-8.45999908447266,"Unknown"
"7014855",371852,2025-06-30 15:40:35,43.3537673950195,-8.45910453796387,"Unknown"
"7014855",371852,2025-06-30 15:45:31,43.3425598144531,-8.45128059387207,"Unknown"
"7014855",371852,2025-06-30 15:50:45,43.3201751708984,-8.45239067077637,"Unknown"
"7014855",371852,2025-06-30 15:55:30,43.3003196716309,-8.46076679229736,"Unknown"
"7014855",371852,2025-06-30 16:00:31,43.2637176513672,-8.46984100341797,"Unknown"
"7014855",371852,2025-06-30 16:05:59,43.2371597290039,-8.47395324707031,"Unknown"
"7014855",371852,2025-06-30 16:10:29,43.2176704406738,-8.46842575073242,"Unknown"
"7014855",371852,2025-06-30 16:15:29,43.1775779724121,-8.47356700897217,"Unknown"
"7014855",371852,2025-06-30 16:20:30,43.1392936706543,-8.47598648071289,"Unknown"
"7014855",371852,2025-06-30 16:25:35,43.1301155090332,-8.4714183807373,"Unknown"
"7014855",371852,2025-06-30 16:30:34,43.1300086975098,-8.47102069854736,"Unknown"
"7014855",371852,2025-06-30 16:36:05,43.1303062438965,-8.47160339355469,"Unknown"
"7014855",371852,2025-06-30 16:40:37,43.1302680969238,-8.47170257568359,"Unknown"
"7014855",371852,2025-06-30 16:45:42,43.1303215026855,-8.47202205657959,"Unknown"
"7014855",371852,2025-06-30 16:50:42,43.130313873291,-8.47184658050537,"Unknown"
"7014855",371852,2025-06-30 16:56:35,43.1301765441895,-8.47203731536865,"Unknown"
"7014855",371852,2025-06-30 17:00:30,43.13037109375,-8.47195053100586,"Unknown"
"7014855",371852,2025-06-30 17:05:30,43.1303215026855,-8.47190570831299,"Unknown"
"7014855",371852,2025-06-30 17:10:29,43.1303787231445,-8.47203540802002,"Unknown"
"7014855",371852,2025-06-30 17:15:29,43.1300010681152,-8.47311401367188,"Unknown"
"7014855",371852,2025-06-30 17:20:29,43.1203842163086,-8.48238277435303,"Unknown"
"7014855",371852,2025-06-30 17:25:29,43.0994186401367,-8.49833297729492,"Unknown"
"7014855",371852,2025-06-30 17:30:29,43.0995559692383,-8.49844551086426,"Unknown"
"7014855",371852,2025-06-30 17:35:29,43.1003761291504,-8.49690818786621,"Unknown"
"7014855",371852,2025-06-30 17:40:29,43.1158027648926,-8.48213386535645,"Unknown"
"7014855",371852,2025-06-30 17:45:29,43.1328353881836,-8.46734619140625,"Unknown"
"7014855",371852,2025-06-30 17:50:31,43.1328239440918,-8.46741008758545,"Unknown"
"7014855",371852,2025-06-30 17:55:29,43.1328277587891,-8.46778774261475,"Unknown"
"7014855",371852,2025-06-30 18:00:31,43.1330680847168,-8.4677848815918,"Unknown"
"7014855",371852,2025-06-30 18:05:42,43.1327362060547,-8.4678258895874,"Unknown"
"7014855",371852,2025-06-30 18:10:30,43.1327247619629,-8.4679069519043,"Unknown"
"7014855",371852,2025-06-30 18:15:32,43.1333923339844,-8.46920204162598,"Unknown"
"7014855",371852,2025-06-30 18:20:32,43.140682220459,-8.46866798400879,"Unknown"
"7014855",371852,2025-06-30 18:25:29,43.1629905700684,-8.46833801269531,"Unknown"
"7014855",371852,2025-06-30 18:30:28,43.1847229003906,-8.454026222229,"Unknown"
"7014855",371852,2025-06-30 18:35:29,43.2058792114258,-8.43565464019775,"Unknown"
"7014855",371852,2025-06-30 18:40:28,43.2197265625,-8.40940284729004,"Unknown"
"7014855",371852,2025-06-30 18:45:39,43.2424736022949,-8.39333438873291,"Unknown"
"7014855",371852,2025-06-30 18:50:29,43.2640762329102,-8.38933181762695,"Unknown"
"7014855",371852,2025-06-30 18:55:31,43.2932434082031,-8.38985443115234,"Unknown"
"7014855",371852,2025-06-30 19:00:30,43.3182640075684,-8.39276504516602,"Unknown"
"7014855",371852,2025-06-30 19:05:35,43.3433609008789,-8.38780498504639,"Unknown"
"7014855",371852,2025-06-30 19:10:37,43.3595848083496,-8.37673377990723,"Unknown"
"7014855",371852,2025-06-30 19:15:44,43.3647346496582,-8.38455677032471,"Unknown"
"7014855",371852,2025-06-30 19:20:30,43.3647918701172,-8.38454914093018,"Unknown"
"7014855",371852,2025-06-30 19:25:29,43.3648262023926,-8.38477802276611,"Unknown"
"7014855",371852,2025-06-30 19:30:34,43.3636474609375,-8.38886260986328,"Unknown"
"7014855",371852,2025-06-30 19:35:29,43.3615951538086,-8.39977264404297,"Unknown"
"7014855",371852,2025-06-30 19:40:37,43.3660774230957,-8.40217018127441,"Unknown"
"7014855",371852,2025-06-30 19:45:32,43.3661918640137,-8.40176677703857,"Unknown"
"7014855",371852,2025-06-30 19:50:35,43.366138458252,-8.40160655975342,"Unknown"
"7014855",371852,2025-06-30 19:55:29,43.3661270141602,-8.40169525146484,"Unknown"
"7014855",371852,2025-06-30 20:00:30,43.3662376403809,-8.40176200866699,"Unknown"
"7014855",371852,2025-06-30 20:05:30,43.3661270141602,-8.40168285369873,"Unknown"
"7014855",371852,2025-06-30 20:10:44,43.366081237793,-8.4016695022583,"Unknown"
"7014855",371852,2025-06-30 20:15:31,43.366081237793,-8.40160274505615,"Unknown"
"7014855",371852,2025-06-30 20:20:30,43.3661422729492,-8.40163898468018,"Unknown"
"7014855",371852,2025-06-30 20:25:32,43.3662033081055,-8.40188598632812,"Unknown"
"7014855",371852,2025-06-30 20:30:47,43.3661766052246,-8.40158653259277,"Unknown"
"7014855",371852,2025-06-30 20:35:52,43.3661994934082,-8.40169906616211,"Unknown"
"7014855",371852,2025-06-30 20:40:43,43.3661956787109,-8.40191459655762,"Unknown"
"7014855",371852,2025-06-30 20:45:30,43.3662948608398,-8.40172958374023,"Unknown"
"7014855",371852,2025-06-30 20:50:30,43.366138458252,-8.40157318115234,"Unknown"
"7014855",371852,2025-06-30 20:55:32,43.3664093017578,-8.40228843688965,"Unknown"
"7014855",371852,2025-06-30 21:00:31,43.3644866943359,-8.40119457244873,"Unknown"
"7014855",371852,2025-06-30 21:05:40,43.3643989562988,-8.40120506286621,"Unknown"
"7014855",371852,2025-06-30 21:10:34,43.3644561767578,-8.40097999572754,"Unknown"
"7014855",371852,2025-06-30 21:15:34,43.3644866943359,-8.40103435516357,"Unknown"
"7014855",371852,2025-06-30 21:20:34,43.3644866943359,-8.40101528167725,"Unknown"
"7014855",371852,2025-06-30 21:25:34,43.3649597167969,-8.39978790283203,"Unknown"
"7014855",371852,2025-06-30 21:30:52,43.3642997741699,-8.40134620666504,"Unknown"
"7014855",371852,2025-06-30 21:35:32,43.3643760681152,-8.40149307250977,"Unknown"
"7014855",371852,2025-06-30 21:40:53,43.3642921447754,-8.40131950378418,"Unknown"
"7014855",371852,2025-06-30 21:45:41,43.3643951416016,-8.40083408355713,"Unknown"
"7014855",371852,2025-06-30 21:50:36,43.3646430969238,-8.40085124969482,"Unknown"
"7014855",371852,2025-06-30 21:55:36,43.364429473877,-8.40094566345215,"Unknown"
"7014855",371852,2025-06-30 22:00:36,43.364616394043,-8.40115737915039,"Unknown"
"7014855",371852,2025-06-30 22:05:33,43.3644981384277,-8.40086841583252,"Unknown"
"7014855",371852,2025-06-30 22:11:05,43.3644676208496,-8.40100383758545,"Unknown"
"7014855",371852,2025-06-30 22:15:28,43.3644142150879,-8.40096855163574,"Unknown"
"7014855",371852,2025-06-30 22:20:28,43.3644599914551,-8.40101051330566,"Unknown"
"7014855",371852,2025-06-30 22:25:28,43.3643989562988,-8.40101528167725,"Unknown"
"7014855",371852,2025-06-30 22:30:28,43.3644027709961,-8.40099143981934,"Unknown"
"7014855",371852,2025-06-30 22:35:28,43.3644218444824,-8.40093612670898,"Unknown"
"7014855",371852,2025-06-30 22:40:28,43.3644523620605,-8.40100383758545,"Unknown"
"7014855",371852,2025-06-30 22:45:28,43.3644065856934,-8.40097236633301,"Unknown"
"7014855",371852,2025-06-30 22:50:29,43.3644676208496,-8.40099620819092,"Unknown"
"7014855",371852,2025-06-30 22:55:29,43.3645057678223,-8.40102386474609,"Unknown"
"7014855",371852,2025-06-30 23:00:29,43.364429473877,-8.40095806121826,"Unknown"
"7014855",371852,2025-06-30 23:05:29,43.3644523620605,-8.40108489990234,"Unknown"
"7014855",371852,2025-06-30 23:10:28,43.3644828796387,-8.40102005004883,"Unknown"
"7014855",371852,2025-06-30 23:15:29,43.364444732666,-8.40101909637451,"Unknown"
"7014855",371852,2025-06-30 23:20:28,43.3644409179688,-8.40099430084229,"Unknown"
"7014855",371852,2025-06-30 23:25:29,43.3644371032715,-8.4009256362915,"Unknown"
"7014855",371852,2025-06-30 23:30:28,43.3643264770508,-8.40095329284668,"Unknown"
"7014855",371852,2025-06-30 23:35:29,43.364429473877,-8.40100002288818,"Unknown"
"7014855",371852,2025-06-30 23:40:30,43.3644409179688,-8.40102005004883,"Unknown"
"7014855",371852,2025-06-30 23:45:29,43.3644142150879,-8.40097141265869,"Unknown"
"7014855",371852,2025-06-30 23:50:33,43.3644561767578,-8.40088558197021,"Unknown"
"7014855",371852,2025-06-30 23:55:33,43.3644599914551,-8.4010705947876,"Unknown"
"7014855",371852,2025-07-01 00:00:29,43.3645248413086,-8.40108013153076,"Unknown"
"7014855",371852,2025-07-01 00:05:33,43.364429473877,-8.40100955963135,"Unknown"
"7014855",371852,2025-07-01 00:10:31,43.3643417358398,-8.40101623535156,"Unknown"
"7014855",371852,2025-07-01 00:15:35,43.364616394043,-8.40108013153076,"Unknown"
"7014855",371852,2025-07-01 00:20:30,43.3644943237305,-8.40120983123779,"Unknown"
"7014855",371852,2025-07-01 00:25:36,43.3642845153809,-8.40118885040283,"Unknown"
"7014855",371852,2025-07-01 00:30:31,43.364501953125,-8.40113544464111,"Unknown"
"7014855",371852,2025-07-01 00:35:31,43.3643646240234,-8.4011402130127,"Unknown"
"7014855",371852,2025-07-01 00:40:29,43.3645095825195,-8.40112113952637,"Unknown"
"7014855",371852,2025-07-01 00:45:35,43.364616394043,-8.40274715423584,"Unknown"
"7014855",371852,2025-07-01 00:50:30,43.3647308349609,-8.40280055999756,"Unknown"
"7014855",371852,2025-07-01 00:55:44,43.3648071289062,-8.4025297164917,"Unknown"
"7014855",371852,2025-07-01 01:00:43,43.3647003173828,-8.40262508392334,"Unknown"
"7014855",371852,2025-07-01 01:05:34,43.3647613525391,-8.40253353118896,"Unknown"
"7014855",371852,2025-07-01 01:10:33,43.3647117614746,-8.40259075164795,"Unknown"
"7014855",371852,2025-07-01 01:15:36,43.3646774291992,-8.40274715423584,"Unknown"
"7014855",371852,2025-07-01 01:20:30,43.3647270202637,-8.40264225006104,"Unknown"
"7014855",371852,2025-07-01 01:25:33,43.3645172119141,-8.40252113342285,"Unknown"
"7014855",371852,2025-07-01 01:30:35,43.3647651672363,-8.40258026123047,"Unknown"
"7014855",371852,2025-07-01 01:35:33,43.3647384643555,-8.40255641937256,"Unknown"
"7014855",371852,2025-07-01 01:40:34,43.364559173584,-8.40252876281738,"Unknown"
"7014855",371852,2025-07-01 01:45:42,43.3645935058594,-8.40256404876709,"Unknown"
"7014855",371852,2025-07-01 01:50:36,43.3645629882812,-8.40251350402832,"Unknown"
"7014855",371852,2025-07-01 01:56:02,43.3647117614746,-8.40261363983154,"Unknown"
"7014855",371852,2025-07-01 02:00:31,43.364860534668,-8.40281009674072,"Unknown"
"7014855",371852,2025-07-01 02:05:30,43.3647689819336,-8.4025993347168,"Unknown"
"7014855",371852,2025-07-01 02:10:29,43.3644714355469,-8.4024486541748,"Unknown"
"7014855",371852,2025-07-01 02:15:34,43.3646087646484,-8.40254974365234,"Unknown"
"7014855",371852,2025-07-01 02:20:29,43.3645210266113,-8.40248680114746,"Unknown"
"7014855",371852,2025-07-01 02:25:34,43.3649826049805,-8.40274333953857,"Unknown"
"7014855",371852,2025-07-01 02:31:05,43.3660545349121,-8.40191268920898,"Unknown"
"7014855",371852,2025-07-01 02:35:29,43.3661842346191,-8.40188217163086,"Unknown"
"7014855",371852,2025-07-01 02:40:28,43.3658180236816,-8.40190601348877,"Unknown"
"7014855",371852,2025-07-01 02:45:28,43.366096496582,-8.40211582183838,"Unknown"
"7014855",371852,2025-07-01 02:50:29,43.3659400939941,-8.40195655822754,"Unknown"
"7014855",371852,2025-07-01 02:55:29,43.3660354614258,-8.40199089050293,"Unknown"
"7014855",371852,2025-07-01 03:00:29,43.3659324645996,-8.40196132659912,"Unknown"
"7014855",371852,2025-07-01 03:05:29,43.3659439086914,-8.40185451507568,"Unknown"
"7014855",371852,2025-07-01 03:10:30,43.3639678955078,-8.40209484100342,"Unknown"
"7014855",371852,2025-07-01 03:15:29,43.3638000488281,-8.40176868438721,"Unknown"
"7014855",371852,2025-07-01 03:20:36,43.3636016845703,-8.40187931060791,"Unknown"
"7014855",371852,2025-07-01 03:25:29,43.3636894226074,-8.40208721160889,"Unknown"
"7014855",371852,2025-07-01 03:30:29,43.3636856079102,-8.40216255187988,"Unknown"
"7014855",371852,2025-07-01 03:35:29,43.364818572998,-8.39706897735596,"Unknown"
"7014855",371852,2025-07-01 03:40:29,43.3669815063477,-8.39612483978271,"Unknown"
"7014855",371852,2025-07-01 03:45:33,43.3668937683105,-8.39605617523193,"Unknown"
"7014855",371852,2025-07-01 03:50:28,43.3669319152832,-8.39616107940674,"Unknown"
"7014855",371852,2025-07-01 03:55:29,43.3669586181641,-8.39616775512695,"Unknown"
"7014855",371852,2025-07-01 04:00:29,43.3669586181641,-8.39615058898926,"Unknown"
"7014855",371852,2025-07-01 04:05:30,43.3670654296875,-8.39608097076416,"Unknown"
"7014855",371852,2025-07-01 04:10:29,43.3669509887695,-8.39616298675537,"Unknown"
"7014855",371852,2025-07-01 04:15:29,43.3669357299805,-8.39616298675537,"Unknown"
"7014855",371852,2025-07-01 04:20:29,43.3669395446777,-8.39616966247559,"Unknown"
"7014855",371852,2025-07-01 04:25:29,43.3669624328613,-8.39613819122314,"Unknown"
"7014855",371852,2025-07-01 04:30:29,43.3669128417969,-8.39620780944824,"Unknown"
"7014855",371852,2025-07-01 04:35:29,43.3668670654297,-8.39609909057617,"Unknown"
"7014855",371852,2025-07-01 04:40:29,43.3626136779785,-8.40820980072021,"Unknown"
"7014855",371852,2025-07-01 04:45:31,43.3721084594727,-8.4447660446167,"Unknown"
"7014855",371852,2025-07-01 04:50:28,43.3696899414062,-8.49088954925537,"Unknown"
"7014855",371852,2025-07-01 04:55:29,43.3583679199219,-8.54283237457275,"Unknown"
"7014855",371852,2025-07-01 05:00:29,43.3696212768555,-8.57454395294189,"Unknown"
"7014855",371852,2025-07-01 05:05:29,43.3801231384277,-8.61448097229004,"Unknown"
"7014855",371852,2025-07-01 05:10:29,43.3924713134766,-8.65582370758057,"Unknown"
"7014855",371852,2025-07-01 05:15:30,43.3948020935059,-8.7022533416748,"Unknown"
"7014855",371852,2025-07-01 05:20:30,43.3896141052246,-8.75198936462402,"Unknown"
"7014855",371852,2025-07-01 05:25:30,43.3680610656738,-8.8031759262085,"Unknown"
"7014855",371852,2025-07-01 05:30:30,43.3614883422852,-8.83907604217529,"Unknown"
"7014855",371852,2025-07-01 05:35:30,43.359992980957,-8.84297466278076,"Unknown"
"7014855",371852,2025-07-01 05:40:35,43.3602180480957,-8.8433141708374,"Unknown"
"7014855",371852,2025-07-01 05:45:35,43.3601570129395,-8.84327030181885,"Unknown"
"7014855",371852,2025-07-01 05:50:42,43.3617820739746,-8.83975410461426,"Unknown"
"7014855",371852,2025-07-01 05:55:36,43.3601264953613,-8.84309101104736,"Unknown"
"7014855",371852,2025-07-01 06:00:30,43.3603210449219,-8.84352207183838,"Unknown"
"7014855",371852,2025-07-01 06:05:34,43.3600692749023,-8.84321784973145,"Unknown"
"7014855",371852,2025-07-01 06:10:44,43.3639869689941,-8.83162021636963,"Unknown"
"7014855",371852,2025-07-01 06:16:05,43.3631553649902,-8.83339977264404,"Unknown"
"7014855",371852,2025-07-01 06:20:36,43.3636894226074,-8.83351039886475,"Unknown"
"7014855",371852,2025-07-01 06:25:33,43.3636474609375,-8.8154411315918,"Unknown"
"7014855",371852,2025-07-01 06:30:33,43.3488807678223,-8.78379917144775,"Unknown"
"7014855",371852,2025-07-01 06:35:34,43.3210945129395,-8.77435302734375,"Unknown"
"7014855",371852,2025-07-01 06:40:40,43.2961235046387,-8.75055694580078,"Unknown"
"7014855",371852,2025-07-01 06:45:33,43.2934379577637,-8.74572086334229,"Unknown"
"7014855",371852,2025-07-01 06:50:33,43.2934226989746,-8.74581241607666,"Unknown"
"7014855",371852,2025-07-01 06:55:54,43.2934799194336,-8.7461404800415,"Unknown"
"7014855",371852,2025-07-01 07:00:30,43.2942543029785,-8.74882221221924,"Unknown"
"7014855",371852,2025-07-01 07:05:36,43.2944450378418,-8.74887466430664,"Unknown"
"7014855",371852,2025-07-01 07:10:44,43.2941360473633,-8.74907398223877,"Unknown"
"7014855",371852,2025-07-01 07:15:29,43.2941436767578,-8.74915313720703,"Unknown"
"7014855",371852,2025-07-01 07:20:29,43.2941970825195,-8.74915790557861,"Unknown"
"7014855",371852,2025-07-01 07:25:30,43.2942924499512,-8.7495641708374,"Unknown"
"7014855",371852,2025-07-01 07:30:29,43.2941207885742,-8.74923706054688,"Unknown"
"7014855",371852,2025-07-01 07:35:31,43.2942008972168,-8.74912929534912,"Unknown"
"7014855",371852,2025-07-01 07:40:29,43.2941818237305,-8.74913883209229,"Unknown"
"7014855",371852,2025-07-01 07:45:45,43.2943267822266,-8.74913692474365,"Unknown"
"7014855",371852,2025-07-01 07:51:05,43.2946815490723,-8.74921607971191,"Unknown"
"7014855",371852,2025-07-01 07:55:30,43.2945938110352,-8.74919891357422,"Unknown"
"7014855",371852,2025-07-01 08:00:29,43.2943534851074,-8.74918651580811,"Unknown"
"7014855",371852,2025-07-01 08:05:30,43.2942352294922,-8.7492036819458,"Unknown"
"7014855",371852,2025-07-01 08:10:31,43.2941017150879,-8.74913787841797,"Unknown"
"7014855",371852,2025-07-01 08:15:31,43.2941398620605,-8.74919986724854,"Unknown"
"7014855",371852,2025-07-01 08:20:54,43.2940521240234,-8.74915218353271,"Unknown"
"7014855",371852,2025-07-01 08:25:45,43.2941474914551,-8.74910640716553,"Unknown"
"7014855",371852,2025-07-01 08:30:29,43.2941284179688,-8.74914073944092,"Unknown"
"7014855",371852,2025-07-01 08:35:29,43.294002532959,-8.74910736083984,"Unknown"
"7014855",371852,2025-07-01 08:40:28,43.2943267822266,-8.74930763244629,"Unknown"
"7014855",371852,2025-07-01 08:45:44,43.2940940856934,-8.74919509887695,"Unknown"
"7014855",371852,2025-07-01 08:50:29,43.2940368652344,-8.74920177459717,"Unknown"
"7014855",371852,2025-07-01 08:55:28,43.2940864562988,-8.74918937683105,"Unknown"
"7014855",371852,2025-07-01 09:00:29,43.2967720031738,-8.75116920471191,"Unknown"
"7014855",371852,2025-07-01 09:05:29,43.2970008850098,-8.7512149810791,"Unknown"
"7014855",371852,2025-07-01 09:10:29,43.2967796325684,-8.75126457214355,"Unknown"
"7014855",371852,2025-07-01 09:15:29,43.2967491149902,-8.75116729736328,"Unknown"
"7014855",371852,2025-07-01 09:20:29,43.2967071533203,-8.75122261047363,"Unknown"
"7014855",371852,2025-07-01 09:25:41,43.2969589233398,-8.75119495391846,"Unknown"
"7014855",371852,2025-07-01 09:30:35,43.2970008850098,-8.75113391876221,"Unknown"
"7014855",371852,2025-07-01 09:35:35,43.2968826293945,-8.75125694274902,"Unknown"
"7014855",371852,2025-07-01 09:40:33,43.2971954345703,-8.75117969512939,"Unknown"
"7014855",371852,2025-07-01 09:45:44,43.2969207763672,-8.75137138366699,"Unknown"
"7014855",371852,2025-07-01 09:50:36,43.2969093322754,-8.75136089324951,"Unknown"
"7014855",371852,2025-07-01 09:55:34,43.2968902587891,-8.75131130218506,"Unknown"
"7014855",371852,2025-07-01 10:00:36,43.2968711853027,-8.7512321472168,"Unknown"
"7014855",371852,2025-07-01 10:05:36,43.296932220459,-8.75120162963867,"Unknown"
"7014855",371852,2025-07-01 10:10:36,43.2968521118164,-8.75126075744629,"Unknown"
"7014855",371852,2025-07-01 10:15:36,43.2966804504395,-8.75142860412598,"Unknown"
"7014855",371852,2025-07-01 10:20:36,43.2973709106445,-8.75248718261719,"Unknown"
"7014855",371852,2025-07-01 10:25:38,43.2973937988281,-8.75247859954834,"Unknown"
"7014855",371852,2025-07-01 10:30:44,43.2973403930664,-8.7525749206543,"Unknown"
"7014855",371852,2025-07-01 10:35:36,43.2973823547363,-8.75265502929688,"Unknown"
"7014855",371852,2025-07-01 10:40:36,43.2973403930664,-8.75265598297119,"Unknown"
"7014855",371852,2025-07-01 10:45:36,43.2972793579102,-8.75266933441162,"Unknown"
"7014855",371852,2025-07-01 10:50:36,43.2973747253418,-8.75269985198975,"Unknown"
"7014855",371852,2025-07-01 10:55:36,43.2971572875977,-8.75266265869141,"Unknown"
"7014855",371852,2025-07-01 11:00:38,43.2972373962402,-8.75253486633301,"Unknown"
"7014855",371852,2025-07-01 11:05:44,43.2973213195801,-8.75264644622803,"Unknown"
"7014855",371852,2025-07-01 11:10:36,43.2972297668457,-8.75262069702148,"Unknown"
"7014855",371852,2025-07-01 11:15:39,43.2969703674316,-8.75298595428467,"Unknown"
"7014855",371852,2025-07-01 11:20:44,43.2971954345703,-8.75268840789795,"Unknown"
"7014855",371852,2025-07-01 11:25:36,43.2972946166992,-8.7525634765625,"Unknown"
"7014855",371852,2025-07-01 11:30:36,43.2971992492676,-8.75275039672852,"Unknown"
"7014855",371852,2025-07-01 11:35:59,43.2973098754883,-8.75259208679199,"Unknown"
"7014855",371852,2025-07-01 11:40:30,43.2974472045898,-8.7525463104248,"Unknown"
"7014855",371852,2025-07-01 11:45:36,43.2969398498535,-8.75271987915039,"Unknown"
"7014855",371852,2025-07-01 11:50:36,43.2968711853027,-8.75278472900391,"Unknown"
"7014855",371852,2025-07-01 11:55:36,43.2968368530273,-8.75281524658203,"Unknown"
"7014855",371852,2025-07-01 12:00:36,43.2962989807129,-8.75293445587158,"Unknown"
"7014855",371852,2025-07-01 12:05:41,43.2959671020508,-8.7532434463501,"Unknown"
"7014855",371852,2025-07-01 12:10:52,43.2920913696289,-8.75487613677979,"Unknown"
"7014855",371852,2025-07-01 12:16:05,43.2973175048828,-8.75261878967285,"Unknown"
"7014855",371852,2025-07-01 12:20:29,43.2972450256348,-8.75269412994385,"Unknown"
"7014855",371852,2025-07-01 12:25:28,43.2972412109375,-8.75274848937988,"Unknown"
"7014855",371852,2025-07-01 12:30:28,43.2972717285156,-8.752685546875,"Unknown"
"7014855",371852,2025-07-01 12:35:28,43.297290802002,-8.75269317626953,"Unknown"
"7014855",371852,2025-07-01 12:40:29,43.2972373962402,-8.75270748138428,"Unknown"
"7014855",371852,2025-07-01 12:45:29,43.2973175048828,-8.75275611877441,"Unknown"
"7014855",371852,2025-07-01 12:50:29,43.2973365783691,-8.7526273727417,"Unknown"
"7014855",371852,2025-07-01 12:55:29,43.2972755432129,-8.75260448455811,"Unknown"
"7014855",371852,2025-07-01 13:00:29,43.2972755432129,-8.75265884399414,"Unknown"
"7014855",371852,2025-07-01 13:05:29,43.2972145080566,-8.75272846221924,"Unknown"
"7014855",371852,2025-07-01 13:10:29,43.2972373962402,-8.75268363952637,"Unknown"
"7014855",371852,2025-07-01 13:15:29,43.2972450256348,-8.75271987915039,"Unknown"
"7014855",371852,2025-07-01 13:20:29,43.2972602844238,-8.75279903411865,"Unknown"
"7014855",371852,2025-07-01 13:25:29,43.2972831726074,-8.75258636474609,"Unknown"
"7014855",371852,2025-07-01 13:30:29,43.2972564697266,-8.75273609161377,"Unknown"
"7014855",371852,2025-07-01 13:35:29,43.2972717285156,-8.75265026092529,"Unknown"
"7014855",371852,2025-07-01 13:40:29,43.2972373962402,-8.75273323059082,"Unknown"
"7014855",371852,2025-07-01 13:45:36,43.2972412109375,-8.75275707244873,"Unknown"
"7014855",371852,2025-07-01 13:50:29,43.2972602844238,-8.75278472900391,"Unknown"
"7014855",371852,2025-07-01 13:55:29,43.2972183227539,-8.75273704528809,"Unknown"
"7014855",371852,2025-07-01 14:00:32,43.2974433898926,-8.75283050537109,"Unknown"
"7014855",371852,2025-07-01 14:05:50,43.2973518371582,-8.75291347503662,"Unknown"
"7014855",371852,2025-07-01 14:10:48,43.297248840332,-8.75274181365967,"Unknown"
"7014855",371852,2025-07-01 14:16:04,43.297061920166,-8.75286197662354,"Unknown"
"7014855",371852,2025-07-01 14:20:28,43.3015785217285,-8.76536273956299,"Unknown"
"7014855",371852,2025-07-01 14:25:28,43.3015174865723,-8.76532077789307,"Unknown"
"7014855",371852,2025-07-01 14:30:28,43.3015594482422,-8.76531791687012,"Unknown"
"7014855",371852,2025-07-01 14:35:29,43.3015403747559,-8.76516437530518,"Unknown"
"7014855",371852,2025-07-01 14:40:28,43.301513671875,-8.76533889770508,"Unknown"
"7014855",371852,2025-07-01 14:45:38,43.3015632629395,-8.76534366607666,"Unknown"
"7014855",371852,2025-07-01 14:50:43,43.3015174865723,-8.76529884338379,"Unknown"
"7014855",371852,2025-07-01 14:55:29,43.301586151123,-8.76534271240234,"Unknown"
"7014855",371852,2025-07-01 15:00:31,43.3015518188477,-8.76532936096191,"Unknown"
"7014855",371852,2025-07-01 15:05:32,43.3015174865723,-8.76529026031494,"Unknown"
"7014855",371852,2025-07-01 15:10:33,43.3015098571777,-8.76538276672363,"Unknown"
"7014855",371852,2025-07-01 15:16:05,43.3015251159668,-8.76535606384277,"Unknown"
"7014855",371852,2025-07-01 15:20:31,43.3015670776367,-8.76532363891602,"Unknown"
"7014855",371852,2025-07-01 15:25:44,43.3014945983887,-8.76533699035645,"Unknown"
"7014855",371852,2025-07-01 15:30:28,43.301570892334,-8.76537418365479,"Unknown"
"7014855",371852,2025-07-01 15:35:29,43.3022994995117,-8.76592350006104,"Unknown"
"7014855",371852,2025-07-01 15:40:29,43.3023262023926,-8.76580905914307,"Unknown"
"7014855",371852,2025-07-01 15:45:38,43.3025207519531,-8.7658576965332,"Unknown"
"7014855",371852,2025-07-01 15:50:29,43.3026580810547,-8.76585483551025,"Unknown"
"7014855",371852,2025-07-01 15:55:30,43.3026313781738,-8.76576805114746,"Unknown"
"7014855",371852,2025-07-01 16:00:35,43.3029251098633,-8.76623344421387,"Unknown"
"7014855",371852,2025-07-01 16:05:29,43.3058967590332,-8.78810119628906,"Unknown"
"7014855",371852,2025-07-01 16:10:33,43.309684753418,-8.79063034057617,"Unknown"
"7014855",371852,2025-07-01 16:15:33,43.309684753418,-8.79061317443848,"Unknown"
"7014855",371852,2025-07-01 16:20:31,43.3096580505371,-8.79055309295654,"Unknown"
"7014855",371852,2025-07-01 16:25:30,43.3096733093262,-8.79060745239258,"Unknown"
"7014855",371852,2025-07-01 16:30:30,43.3097724914551,-8.79079532623291,"Unknown"
"7014855",371852,2025-07-01 16:35:30,43.3095512390137,-8.79038524627686,"Unknown"
"7014855",371852,2025-07-01 16:40:29,43.3097457885742,-8.79067611694336,"Unknown"
"7014855",371852,2025-07-01 16:45:36,43.3096504211426,-8.79060173034668,"Unknown"
"7014855",371852,2025-07-01 16:50:30,43.3098335266113,-8.79087162017822,"Unknown"
"7014855",371852,2025-07-01 16:55:38,43.3097076416016,-8.79156017303467,"Unknown"
"7014855",371852,2025-07-01 17:00:30,43.3194732666016,-8.80574607849121,"Unknown"
"7014855",371852,2025-07-01 17:05:36,43.3193206787109,-8.8054256439209,"Unknown"
"7014855",371852,2025-07-01 17:10:40,43.3196029663086,-8.8060245513916,"Unknown"
"7014855",371852,2025-07-01 17:15:47,43.3194007873535,-8.80576324462891,"Unknown"
"7014855",371852,2025-07-01 17:20:30,43.3192405700684,-8.80531978607178,"Unknown"
"7014855",371852,2025-07-01 17:25:36,43.3191184997559,-8.80522346496582,"Unknown"
"7014855",371852,2025-07-01 17:30:37,43.3194541931152,-8.80593299865723,"Unknown"
"7014855",371852,2025-07-01 17:35:35,43.3240585327148,-8.80653762817383,"Unknown"
"7014855",371852,2025-07-01 17:40:44,43.3193435668945,-8.80561256408691,"Unknown"
"7014855",371852,2025-07-01 17:45:44,43.3194160461426,-8.80565547943115,"Unknown"
"7014855",371852,2025-07-01 17:50:29,43.3194732666016,-8.80562114715576,"Unknown"
"7014855",371852,2025-07-01 17:55:29,43.3205680847168,-8.80545425415039,"Unknown"
"7014855",371852,2025-07-01 18:00:28,43.3205604553223,-8.80551624298096,"Unknown"
"7014855",371852,2025-07-01 18:05:28,43.3205604553223,-8.80544471740723,"Unknown"
"7014855",371852,2025-07-01 18:10:29,43.3205528259277,-8.80535507202148,"Unknown"
"7014855",371852,2025-07-01 18:15:32,43.3205871582031,-8.80546855926514,"Unknown"
"7014855",371852,2025-07-01 18:20:28,43.3206176757812,-8.80555152893066,"Unknown"
"7014855",371852,2025-07-01 18:25:28,43.3206024169922,-8.80552387237549,"Unknown"
"7014855",371852,2025-07-01 18:31:05,43.3205680847168,-8.80547618865967,"Unknown"
"7014855",371852,2025-07-01 18:35:28,43.3206253051758,-8.80555248260498,"Unknown"
"7014855",371852,2025-07-01 18:40:28,43.3205375671387,-8.80567264556885,"Unknown"
"7014855",371852,2025-07-01 18:45:33,43.3233642578125,-8.8060188293457,"Unknown"
"7014855",371852,2025-07-01 18:50:28,43.3233108520508,-8.80596828460693,"Unknown"
"7014855",371852,2025-07-01 18:55:28,43.3233184814453,-8.80603504180908,"Unknown"
"7014855",371852,2025-07-01 19:00:29,43.323371887207,-8.80615711212158,"Unknown"
"7014855",371852,2025-07-01 19:05:29,43.3234024047852,-8.80613327026367,"Unknown"
"7014855",371852,2025-07-01 19:10:29,43.3229751586914,-8.80522060394287,"Unknown"
"7014855",371852,2025-07-01 19:15:36,43.3229103088379,-8.80520915985107,"Unknown"
"7014855",371852,2025-07-01 19:20:36,43.3229293823242,-8.80526351928711,"Unknown"
"7014855",371852,2025-07-01 19:25:31,43.3229522705078,-8.8052921295166,"Unknown"
"7014855",371852,2025-07-01 19:30:32,43.3226203918457,-8.80449390411377,"Unknown"
"7014855",371852,2025-07-01 19:35:35,43.3228988647461,-8.80520057678223,"Unknown"
"7014855",371852,2025-07-01 19:40:31,43.3229293823242,-8.80528450012207,"Unknown"
"7014855",371852,2025-07-01 19:45:30,43.3231430053711,-8.80576324462891,"Unknown"
"7014855",371852,2025-07-01 19:50:30,43.3228340148926,-8.8052339553833,"Unknown"
"7014855",371852,2025-07-01 19:55:31,43.3231430053711,-8.80552577972412,"Unknown"
"7014855",371852,2025-07-01 20:00:36,43.322940826416,-8.80530452728271,"Unknown"
"7014855",371852,2025-07-01 20:05:35,43.3229751586914,-8.80536556243896,"Unknown"
"7014855",371852,2025-07-01 20:10:36,43.322940826416,-8.80530834197998,"Unknown"
"7014855",371852,2025-07-01 20:15:36,43.3230247497559,-8.80549907684326,"Unknown"
"7014855",371852,2025-07-01 20:20:40,43.3229942321777,-8.80541896820068,"Unknown"
"7014855",371852,2025-07-01 20:25:29,43.3227996826172,-8.80481052398682,"Unknown"
"7014855",371852,2025-07-01 20:30:29,43.3228492736816,-8.8048620223999,"Unknown"
"7014855",371852,2025-07-01 20:35:29,43.3227767944336,-8.80473041534424,"Unknown"
"7014855",371852,2025-07-01 20:40:29,43.3227729797363,-8.80474758148193,"Unknown"
"7014855",371852,2025-07-01 20:46:53,43.3176956176758,-8.805100440979,"Unknown"
"7014855",371852,2025-07-01 20:51:53,43.3176612854004,-8.80502700805664,"Unknown"
"7014855",371852,2025-07-01 20:56:53,43.3177223205566,-8.80497074127197,"Unknown"
"7014855",371852,2025-07-01 21:01:53,43.317756652832,-8.80490970611572,"Unknown"
"7014855",371852,2025-07-01 21:06:53,43.3177032470703,-8.80493831634521,"Unknown"
"7014855",371852,2025-07-01 21:11:53,43.3176651000977,-8.80499172210693,"Unknown"
"7014855",371852,2025-07-01 21:16:53,43.3177032470703,-8.80493354797363,"Unknown"
"7014855",371852,2025-07-01 21:21:53,43.3177032470703,-8.80497169494629,"Unknown"
"7014855",371852,2025-07-01 21:26:53,43.3177032470703,-8.80496692657471,"Unknown"
"7014855",371852,2025-07-01 21:31:53,43.3177070617676,-8.80487060546875,"Unknown"
"7014855",371852,2025-07-01 21:36:53,43.3176765441895,-8.8047513961792,"Unknown"
"7014855",371852,2025-07-01 21:41:53,43.3177032470703,-8.80474090576172,"Unknown"
"7014855",371852,2025-07-01 21:46:53,43.3176536560059,-8.80466079711914,"Unknown"
"7014855",371852,2025-07-01 21:51:42,43.3176879882812,-8.80440521240234,"Unknown"
"7014855",371852,2025-07-01 21:56:53,43.3177604675293,-8.80477905273438,"Unknown"
"7014855",371852,2025-07-01 22:01:53,43.3177337646484,-8.804762840271,"Unknown"
"7014855",371852,2025-07-01 22:05:44,43.3177337646484,-8.80473899841309,"Unknown"
"7014855",371852,2025-07-01 22:10:44,43.3177490234375,-8.8047456741333,"Unknown"
"7014855",371852,2025-07-01 22:15:33,43.317798614502,-8.8047456741333,"Unknown"
"7014855",371852,2025-07-01 22:20:33,43.3177108764648,-8.80477333068848,"Unknown"
"7014855",371852,2025-07-01 22:25:37,43.3177642822266,-8.80487632751465,"Unknown"
"7014855",371852,2025-07-01 22:31:53,43.317756652832,-8.80486869812012,"Unknown"
"7014855",371852,2025-07-01 22:36:00,43.3176536560059,-8.80467700958252,"Unknown"
"7014855",371852,2025-07-01 22:41:37,43.3177795410156,-8.80491924285889,"Unknown"
"7014855",371852,2025-07-01 22:45:29,43.3151168823242,-8.80207920074463,"Unknown"
"7014855",371852,2025-07-01 22:50:44,43.3125114440918,-8.79912567138672,"Unknown"
"7014855",371852,2025-07-01 22:55:28,43.312557220459,-8.79925727844238,"Unknown"
"7014855",371852,2025-07-01 23:00:28,43.3125038146973,-8.79904079437256,"Unknown"
"7014855",371852,2025-07-01 23:05:28,43.3125114440918,-8.79907131195068,"Unknown"
"7014855",371852,2025-07-01 23:10:28,43.3125114440918,-8.79919242858887,"Unknown"
"7014855",371852,2025-07-01 23:15:29,43.3125877380371,-8.79918575286865,"Unknown"
"7014855",371852,2025-07-01 23:20:44,43.3125038146973,-8.79911041259766,"Unknown"
"7014855",371852,2025-07-01 23:25:31,43.3125114440918,-8.79930210113525,"Unknown"
"7014855",371852,2025-07-01 23:30:28,43.3124961853027,-8.79925346374512,"Unknown"
"7014855",371852,2025-07-01 23:35:29,43.3126983642578,-8.79623508453369,"Unknown"
"7014855",371852,2025-07-01 23:41:05,43.3127288818359,-8.79615783691406,"Unknown"
"7014855",371852,2025-07-01 23:45:28,43.3127517700195,-8.79612636566162,"Unknown"
"7014855",371852,2025-07-01 23:50:28,43.3127365112305,-8.79615592956543,"Unknown"
"7014855",371852,2025-07-01 23:55:28,43.3127365112305,-8.79616546630859,"Unknown"
"7014855",371852,2025-07-02 00:00:29,43.3127326965332,-8.79614734649658,"Unknown"
"7014855",371852,2025-07-02 00:05:28,43.3127784729004,-8.79618644714355,"Unknown"
"7014855",371852,2025-07-02 00:10:28,43.3127555847168,-8.7961368560791,"Unknown"
"7014855",371852,2025-07-02 00:15:29,43.3127174377441,-8.7960786819458,"Unknown"
"7014855",371852,2025-07-02 00:20:29,43.3126983642578,-8.79616165161133,"Unknown"
"7014855",371852,2025-07-02 00:25:28,43.3128318786621,-8.79609394073486,"Unknown"
"7014855",371852,2025-07-02 00:30:32,43.3128852844238,-8.7962474822998,"Unknown"
"7014855",371852,2025-07-02 00:35:31,43.3128356933594,-8.79662704467773,"Unknown"
"7014855",371852,2025-07-02 00:40:29,43.3128623962402,-8.79631233215332,"Unknown"
"7014855",371852,2025-07-02 00:45:40,43.3129501342773,-8.7960729598999,"Unknown"
"7014855",371852,2025-07-02 00:50:28,43.3129196166992,-8.79609489440918,"Unknown"
"7014855",371852,2025-07-02 00:55:29,43.312801361084,-8.79628276824951,"Unknown"
"7014855",371852,2025-07-02 01:00:29,43.3128623962402,-8.79634189605713,"Unknown"
"7014855",371852,2025-07-02 01:05:29,43.3128929138184,-8.79634380340576,"Unknown"
"7014855",371852,2025-07-02 01:10:30,43.3127861022949,-8.79642391204834,"Unknown"
"7014855",371852,2025-07-02 01:15:29,43.3127098083496,-8.79623222351074,"Unknown"
"7014855",371852,2025-07-02 01:20:29,43.3127021789551,-8.79665279388428,"Unknown"
"7014855",371852,2025-07-02 01:25:29,43.3128051757812,-8.79635906219482,"Unknown"
"7014855",371852,2025-07-02 01:30:29,43.3128089904785,-8.79629039764404,"Unknown"
"7014855",371852,2025-07-02 01:35:29,43.312873840332,-8.7962703704834,"Unknown"
"7014855",371852,2025-07-02 01:40:29,43.312931060791,-8.79623794555664,"Unknown"
"7014855",371852,2025-07-02 01:45:29,43.3128700256348,-8.79621887207031,"Unknown"
"7014855",371852,2025-07-02 01:50:30,43.3129386901855,-8.79623508453369,"Unknown"
"7014855",371852,2025-07-02 01:55:31,43.3129959106445,-8.79616737365723,"Unknown"
"7014855",371852,2025-07-02 02:00:30,43.3129272460938,-8.79617595672607,"Unknown"
"7014855",371852,2025-07-02 02:05:33,43.3131446838379,-8.79634380340576,"Unknown"
"7014855",371852,2025-07-02 02:10:36,43.3130035400391,-8.79622745513916,"Unknown"
"7014855",371852,2025-07-02 02:16:05,43.3127899169922,-8.79601383209229,"Unknown"
"7014855",371852,2025-07-02 02:20:29,43.3128051757812,-8.7960262298584,"Unknown"
"7014855",371852,2025-07-02 02:25:29,43.3127822875977,-8.79600048065186,"Unknown"
"7014855",371852,2025-07-02 02:30:29,43.3128471374512,-8.79606056213379,"Unknown"
"7014855",371852,2025-07-02 02:35:29,43.3127288818359,-8.79592227935791,"Unknown"
"7014855",371852,2025-07-02 02:40:29,43.3127670288086,-8.79599571228027,"Unknown"
"7014855",371852,2025-07-02 02:45:29,43.3129348754883,-8.79611873626709,"Unknown"
"7014855",371852,2025-07-02 02:50:30,43.3128967285156,-8.7961368560791,"Unknown"
"7014855",371852,2025-07-02 02:55:30,43.3128623962402,-8.7960958480835,"Unknown"
"7014855",371852,2025-07-02 03:00:29,43.3129348754883,-8.79621601104736,"Unknown"
"7014855",371852,2025-07-02 03:05:33,43.3128662109375,-8.79606342315674,"Unknown"
"7014855",371852,2025-07-02 03:10:38,43.312931060791,-8.79607200622559,"Unknown"
"7014855",371852,2025-07-02 03:15:38,43.3128471374512,-8.79605102539062,"Unknown"
"7014855",371852,2025-07-02 03:20:44,43.3128967285156,-8.79606342315674,"Unknown"
"7014855",371852,2025-07-02 03:25:29,43.3128776550293,-8.79597187042236,"Unknown"
"7014855",371852,2025-07-02 03:30:30,43.3128967285156,-8.79573345184326,"Unknown"
"7014855",371852,2025-07-02 03:35:29,43.3128318786621,-8.79606914520264,"Unknown"
"7014855",371852,2025-07-02 03:40:29,43.3129005432129,-8.79599952697754,"Unknown"
"7014855",371852,2025-07-02 03:45:44,43.3129005432129,-8.7960786819458,"Unknown"
"7014855",371852,2025-07-02 03:50:29,43.3129844665527,-8.7966833114624,"Unknown"
"7014855",371852,2025-07-02 03:56:05,43.3127670288086,-8.79689884185791,"Unknown"
"7014855",371852,2025-07-02 04:00:28,43.3126678466797,-8.79698944091797,"Unknown"
"7014855",371852,2025-07-02 04:05:28,43.3127136230469,-8.79627227783203,"Unknown"
"7014855",371852,2025-07-02 04:10:28,43.3127326965332,-8.79615020751953,"Unknown"
"7014855",371852,2025-07-02 04:15:28,43.3127174377441,-8.79620552062988,"Unknown"
"7014855",371852,2025-07-02 04:20:28,43.3127593994141,-8.79605674743652,"Unknown"
"7014855",371852,2025-07-02 04:25:28,43.3127250671387,-8.79609394073486,"Unknown"
"7014855",371852,2025-07-02 04:30:28,43.312816619873,-8.79611206054688,"Unknown"
"7014855",371852,2025-07-02 04:35:28,43.3127288818359,-8.79616641998291,"Unknown"
"7014855",371852,2025-07-02 04:40:28,43.3126907348633,-8.79613494873047,"Unknown"
"7014855",371852,2025-07-02 04:45:29,43.3126029968262,-8.79612159729004,"Unknown"
"7014855",371852,2025-07-02 04:50:29,43.3125991821289,-8.79607009887695,"Unknown"
"7014855",371852,2025-07-02 04:55:29,43.3126678466797,-8.79611778259277,"Unknown"
"7014855",371852,2025-07-02 05:00:30,43.3091354370117,-8.79264640808105,"Unknown"
"7014855",371852,2025-07-02 05:05:44,43.3092727661133,-8.79022026062012,"Unknown"
"7014855",371852,2025-07-02 05:10:31,43.3092651367188,-8.79024314880371,"Unknown"
"7014855",371852,2025-07-02 05:15:29,43.3042373657227,-8.78691482543945,"Unknown"
"7014855",371852,2025-07-02 05:20:29,43.3033256530762,-8.78022861480713,"Unknown"
"7014855",371852,2025-07-02 05:25:29,43.3032531738281,-8.78028678894043,"Unknown"
"7014855",371852,2025-07-02 05:30:29,43.303466796875,-8.78049087524414,"Unknown"
"7014855",371852,2025-07-02 05:35:29,43.303409576416,-8.7803316116333,"Unknown"
"7014855",371852,2025-07-02 05:40:30,43.3032608032227,-8.78022003173828,"Unknown"
"7014855",371852,2025-07-02 05:45:44,43.3033752441406,-8.78039836883545,"Unknown"
"7014855",371852,2025-07-02 05:50:29,43.3033485412598,-8.78030967712402,"Unknown"
"7014855",371852,2025-07-02 05:55:30,43.3028907775879,-8.77955913543701,"Unknown"
"7014855",371852,2025-07-02 06:00:30,43.3027534484863,-8.77882480621338,"Unknown"
"7014855",371852,2025-07-02 06:05:30,43.3029098510742,-8.78057765960693,"Unknown"
"7014855",371852,2025-07-02 06:10:30,43.3029670715332,-8.78041458129883,"Unknown"
"7014855",371852,2025-07-02 06:15:29,43.3028755187988,-8.77988433837891,"Unknown"
"7014855",371852,2025-07-02 06:20:29,43.3029289245605,-8.7803373336792,"Unknown"
"7014855",371852,2025-07-02 06:25:30,43.302906036377,-8.77977561950684,"Unknown"
"7014855",371852,2025-07-02 06:30:44,43.3031120300293,-8.7798433303833,"Unknown"
"7014855",371852,2025-07-02 06:35:37,43.3030700683594,-8.77962684631348,"Unknown"
"7014855",371852,2025-07-02 06:40:34,43.3031349182129,-8.77958583831787,"Unknown"
"7014855",371852,2025-07-02 06:45:36,43.3031234741211,-8.77950191497803,"Unknown"
"7014855",371852,2025-07-02 06:50:37,43.303295135498,-8.77913570404053,"Unknown"
"7014855",371852,2025-07-02 06:55:38,43.3033218383789,-8.77770709991455,"Unknown"
"7014855",371852,2025-07-02 07:01:05,43.2997360229492,-8.76828289031982,"Unknown"
"7014855",371852,2025-07-02 07:05:33,43.3000793457031,-8.76852035522461,"Unknown"
"7014855",371852,2025-07-02 07:10:42,43.2998123168945,-8.76812648773193,"Unknown"
"7014855",371852,2025-07-02 07:15:32,43.2998847961426,-8.76845741271973,"Unknown"
"7014855",371852,2025-07-02 07:20:34,43.2998847961426,-8.76830673217773,"Unknown"
"7014855",371852,2025-07-02 07:25:30,43.2985191345215,-8.75753784179688,"Unknown"
"7014855",371852,2025-07-02 07:30:34,43.2927055358887,-8.74654293060303,"Unknown"
"7014855",371852,2025-07-02 07:35:30,43.2926368713379,-8.74648284912109,"Unknown"
"7014855",371852,2025-07-02 07:40:30,43.2925872802734,-8.74646377563477,"Unknown"
"7014855",371852,2025-07-02 07:45:30,43.2927284240723,-8.71660137176514,"Unknown"
"7014855",371852,2025-07-02 07:50:33,43.2876052856445,-8.68383026123047,"Unknown"
"7014855",371852,2025-07-02 07:55:31,43.2965393066406,-8.65795040130615,"Unknown"
"7014855",371852,2025-07-02 08:01:05,43.3075561523438,-8.63206958770752,"Unknown"
"7014855",371852,2025-07-02 08:05:30,43.3161849975586,-8.60888671875,"Unknown"
"7014855",371852,2025-07-02 08:10:29,43.3157691955566,-8.58288669586182,"Unknown"
"7014855",371852,2025-07-02 08:15:29,43.3115730285645,-8.557204246521,"Unknown"
"7014855",371852,2025-07-02 08:20:30,43.3137626647949,-8.53083419799805,"Unknown"
"7014855",371852,2025-07-02 08:25:30,43.3282318115234,-8.51367664337158,"Unknown"
"7014855",371852,2025-07-02 08:30:30,43.3370323181152,-8.50357151031494,"Unknown"
"7014855",371852,2025-07-02 08:35:29,43.346549987793,-8.51243686676025,"Unknown"
"7014855",371852,2025-07-02 08:40:29,43.3559799194336,-8.49741268157959,"Unknown"
"7014855",371852,2025-07-02 08:45:31,43.3521957397461,-8.4752197265625,"Unknown"
"7014855",371852,2025-07-02 08:50:33,43.3574905395508,-8.45524883270264,"Unknown"
"7014855",371852,2025-07-02 08:55:43,43.3546028137207,-8.4584321975708,"Unknown"
"7014855",371852,2025-07-02 09:00:37,43.3545188903809,-8.45839500427246,"Unknown"
"7014855",371852,2025-07-02 09:05:31,43.3547058105469,-8.45900630950928,"Unknown"
"7014855",371852,2025-07-02 09:10:31,43.3555603027344,-8.45823001861572,"Unknown"
"7014855",371852,2025-07-02 09:15:37,43.3544845581055,-8.45829391479492,"Unknown"
"7014855",371852,2025-07-02 09:20:30,43.3543968200684,-8.45774078369141,"Unknown"
"7014855",371852,2025-07-02 09:25:31,43.3546905517578,-8.45840835571289,"Unknown"
"7014855",371852,2025-07-02 09:30:36,43.3546180725098,-8.45828914642334,"Unknown"
"7014855",371852,2025-07-02 09:35:30,43.3546447753906,-8.45793533325195,"Unknown"
"7014855",371852,2025-07-02 09:40:31,43.3549041748047,-8.45842838287354,"Unknown"
"7014855",371852,2025-07-02 09:45:33,43.3568382263184,-8.45693588256836,"Unknown"
"7014855",371852,2025-07-02 09:50:39,43.356559753418,-8.45786190032959,"Unknown"
"7014855",371852,2025-07-02 09:55:36,43.3566055297852,-8.45780658721924,"Unknown"
"7014855",371852,2025-07-02 10:00:43,43.354606628418,-8.45868396759033,"Unknown"
"7014855",371852,2025-07-02 10:05:40,43.351734161377,-8.44814586639404,"Unknown"
"7014855",371852,2025-07-02 10:10:39,43.3383331298828,-8.42951774597168,"Unknown"
"7014855",371852,2025-07-02 10:15:38,43.3258743286133,-8.41463565826416,"Unknown"
"7014855",371852,2025-07-02 10:20:40,43.3044395446777,-8.41105175018311,"Unknown"
"7014855",371852,2025-07-02 10:25:40,43.2632865905762,-8.40318965911865,"Unknown"
"7014855",371852,2025-07-02 10:30:40,43.2337417602539,-8.38206100463867,"Unknown"
"7014855",371852,2025-07-02 10:35:40,43.2084922790527,-8.39860057830811,"Unknown"
"7014855",371852,2025-07-02 10:40:33,43.1925468444824,-8.42176532745361,"Unknown"
"7014855",371852,2025-07-02 10:45:31,43.1806602478027,-8.4220142364502,"Unknown"
"7014855",371852,2025-07-02 10:50:30,43.1584510803223,-8.46159267425537,"Unknown"
"7014855",371852,2025-07-02 10:55:30,43.1301422119141,-8.47200107574463,"Unknown"
"7014855",371852,2025-07-02 11:00:37,43.1299781799316,-8.47208595275879,"Unknown"
"7014855",371852,2025-07-02 11:05:32,43.1302680969238,-8.47200965881348,"Unknown"
"7014855",371852,2025-07-02 11:10:39,43.1302833557129,-8.4719352722168,"Unknown"
"7014855",371852,2025-07-02 11:15:39,43.1303024291992,-8.47209644317627,"Unknown"
"7014855",371852,2025-07-02 11:20:41,43.130241394043,-8.4719409942627,"Unknown"
"7014855",371852,2025-07-02 11:25:40,43.1302528381348,-8.47193241119385,"Unknown"
"7014855",371852,2025-07-02 11:30:30,43.1302642822266,-8.471999168396,"Unknown"
"7014855",371852,2025-07-02 11:35:33,43.1303291320801,-8.47204494476318,"Unknown"
"7014855",371852,2025-07-02 11:40:34,43.1327857971191,-8.46940231323242,"Unknown"
"7014855",371852,2025-07-02 11:45:42,43.1328773498535,-8.46954822540283,"Unknown"
"7014855",371852,2025-07-02 11:50:30,43.1328201293945,-8.46952438354492,"Unknown"
"7014855",371852,2025-07-02 11:55:33,43.1327323913574,-8.46945285797119,"Unknown"
"7014855",371852,2025-07-02 12:01:01,43.1328239440918,-8.46956729888916,"Unknown"
"7014855",371852,2025-07-02 12:05:31,43.1327896118164,-8.46961498260498,"Unknown"
"7014855",371852,2025-07-02 12:10:31,43.1328201293945,-8.46962642669678,"Unknown"
"7014855",371852,2025-07-02 12:15:31,43.1328086853027,-8.4694938659668,"Unknown"
"7014855",371852,2025-07-02 12:20:41,43.1327934265137,-8.46964263916016,"Unknown"
"7014855",371852,2025-07-02 12:25:37,43.1327629089355,-8.46973514556885,"Unknown"
"7014855",371852,2025-07-02 12:30:39,43.1328659057617,-8.46979236602783,"Unknown"
"7014855",371852,2025-07-02 12:35:44,43.1328315734863,-8.46963500976562,"Unknown"
"7014855",371852,2025-07-02 12:41:05,43.1327781677246,-8.46961498260498,"Unknown"
"7014855",371852,2025-07-02 12:45:30,43.1327857971191,-8.46967124938965,"Unknown"
"7014855",371852,2025-07-02 12:50:30,43.1327629089355,-8.46972846984863,"Unknown"
"7014855",371852,2025-07-02 12:55:30,43.1328010559082,-8.46956348419189,"Unknown"
"7014855",371852,2025-07-02 13:00:30,43.1327705383301,-8.4696159362793,"Unknown"
"7014855",371852,2025-07-02 13:05:30,43.1327667236328,-8.46961975097656,"Unknown"
"7014855",371852,2025-07-02 13:10:31,43.1327590942383,-8.46968269348145,"Unknown"
"7014855",371852,2025-07-02 13:15:31,43.1327323913574,-8.46957397460938,"Unknown"
"7014855",371852,2025-07-02 13:20:32,43.1328125,-8.46962261199951,"Unknown"
"7014855",371852,2025-07-02 13:25:33,43.1328277587891,-8.46957206726074,"Unknown"
"7014855",371852,2025-07-02 13:30:31,43.132640838623,-8.46976661682129,"Unknown"
"7014855",371852,2025-07-02 13:35:33,43.132438659668,-8.46974849700928,"Unknown"
"7014855",371852,2025-07-02 13:40:30,43.1325340270996,-8.46979522705078,"Unknown"
"7014855",371852,2025-07-02 13:45:30,43.1327095031738,-8.46982383728027,"Unknown"
"7014855",371852,2025-07-02 13:50:30,43.1327323913574,-8.46981048583984,"Unknown"
"7014855",371852,2025-07-02 13:55:31,43.1327972412109,-8.46976280212402,"Unknown"
"7014855",371852,2025-07-02 14:01:05,43.1327667236328,-8.46978282928467,"Unknown"
"7014855",371852,2025-07-02 14:05:29,43.1328048706055,-8.46981048583984,"Unknown"
"7014855",371852,2025-07-02 14:10:29,43.1327514648438,-8.46977519989014,"Unknown"
"7014855",371852,2025-07-02 14:15:29,43.1327857971191,-8.46982097625732,"Unknown"
"7014855",371852,2025-07-02 14:20:30,43.1328048706055,-8.46978664398193,"Unknown"
"7014855",371852,2025-07-02 14:25:30,43.1327705383301,-8.46975803375244,"Unknown"
"7014855",371852,2025-07-02 14:31:05,43.1302490234375,-8.47107315063477,"Unknown"
"7014855",371852,2025-07-02 14:35:30,43.130542755127,-8.47167301177979,"Unknown"
"7014855",371852,2025-07-02 14:40:29,43.1305046081543,-8.47154808044434,"Unknown"
"7014855",371852,2025-07-02 14:45:30,43.1305351257324,-8.47183704376221,"Unknown"
"7014855",371852,2025-07-02 14:50:29,43.1306800842285,-8.47146606445312,"Unknown"
"7014855",371852,2025-07-02 14:55:29,43.1325035095215,-8.46951103210449,"Unknown"
"7014855",371852,2025-07-02 15:00:32,43.1325798034668,-8.46969699859619,"Unknown"
"7014855",371852,2025-07-02 15:05:29,43.1327133178711,-8.46954727172852,"Unknown"
"7014855",371852,2025-07-02 15:10:31,43.1326866149902,-8.46962642669678,"Unknown"
"7014855",371852,2025-07-02 15:15:32,43.1327095031738,-8.46947956085205,"Unknown"
"7014855",371852,2025-07-02 15:20:33,43.1326484680176,-8.46956825256348,"Unknown"
"7014855",371852,2025-07-02 15:25:31,43.1327323913574,-8.46937084197998,"Unknown"
"7014855",371852,2025-07-02 15:30:31,43.1328468322754,-8.46966361999512,"Unknown"
"7014855",371852,2025-07-02 15:35:39,43.1328201293945,-8.46965312957764,"Unknown"
"7014855",371852,2025-07-02 15:41:01,43.1328430175781,-8.46962070465088,"Unknown"
"7014855",371852,2025-07-02 15:45:30,43.1328620910645,-8.46960639953613,"Unknown"
"7014855",371852,2025-07-02 15:50:31,43.1328659057617,-8.46977043151855,"Unknown"
"7014855",371852,2025-07-02 15:55:29,43.1328392028809,-8.47015857696533,"Unknown"
"7014855",371852,2025-07-02 16:00:29,43.1318626403809,-8.47175121307373,"Unknown"
"7014855",371852,2025-07-02 16:05:29,43.1300811767578,-8.47130680084229,"Unknown"
"7014855",371852,2025-07-02 16:10:29,43.1301002502441,-8.47128677368164,"Unknown"
"7014855",371852,2025-07-02 16:15:29,43.1301383972168,-8.47110748291016,"Unknown"
"7014855",371852,2025-07-02 16:20:29,43.1301422119141,-8.47115039825439,"Unknown"
"7014855",371852,2025-07-02 16:25:29,43.1301498413086,-8.47113513946533,"Unknown"
"7014855",371852,2025-07-02 16:30:29,43.1307182312012,-8.47151660919189,"Unknown"
"7014855",371852,2025-07-02 16:35:29,43.1307678222656,-8.47148513793945,"Unknown"
"7014855",371852,2025-07-02 16:40:29,43.1307220458984,-8.47146224975586,"Unknown"
"7014855",371852,2025-07-02 16:45:30,43.1306533813477,-8.47147846221924,"Unknown"
"7014855",371852,2025-07-02 16:50:29,43.130744934082,-8.47141361236572,"Unknown"
"7014855",371852,2025-07-02 16:55:29,43.1341514587402,-8.47194862365723,"Unknown"
"7014855",371852,2025-07-02 17:00:29,43.134578704834,-8.46951675415039,"Unknown"
"7014855",371852,2025-07-02 17:05:29,43.1345710754395,-8.46983528137207,"Unknown"
"7014855",371852,2025-07-02 17:10:32,43.1345100402832,-8.46969985961914,"Unknown"
"7014855",371852,2025-07-02 17:15:32,43.1345558166504,-8.46974277496338,"Unknown"
"7014855",371852,2025-07-02 17:20:30,43.134521484375,-8.46986484527588,"Unknown"
"7014855",371852,2025-07-02 17:25:42,43.1344871520996,-8.46971797943115,"Unknown"
"7014855",371852,2025-07-02 17:30:29,43.1344757080078,-8.46967887878418,"Unknown"
"7014855",371852,2025-07-02 17:35:29,43.1394195556641,-8.47542381286621,"Unknown"
"7014855",371852,2025-07-02 17:40:29,43.1480331420898,-8.48387908935547,"Unknown"
"7014855",371852,2025-07-02 17:45:29,43.1524696350098,-8.48582744598389,"Unknown"
"7014855",371852,2025-07-02 17:50:29,43.1522598266602,-8.48572540283203,"Unknown"
"7014855",371852,2025-07-02 17:55:29,43.1524276733398,-8.48583126068115,"Unknown"
"7014855",371852,2025-07-02 18:01:06,43.1523361206055,-8.4857063293457,"Unknown"
"7014855",371852,2025-07-02 18:05:29,43.152286529541,-8.4857292175293,"Unknown"
"7014855",371852,2025-07-02 18:10:29,43.1522483825684,-8.48575210571289,"Unknown"
"7014855",371852,2025-07-02 18:15:29,43.152229309082,-8.48575019836426,"Unknown"
"7014855",371852,2025-07-02 18:20:29,43.1522026062012,-8.48571872711182,"Unknown"
"7014855",371852,2025-07-02 18:25:29,43.1522178649902,-8.48578071594238,"Unknown"
"7014855",371852,2025-07-02 18:30:29,43.1522064208984,-8.4857006072998,"Unknown"
"7014855",371852,2025-07-02 18:35:29,43.1522750854492,-8.48567008972168,"Unknown"
"7014855",371852,2025-07-02 18:40:29,43.1523132324219,-8.48570728302002,"Unknown"
"7014855",371852,2025-07-02 18:45:29,43.1523208618164,-8.48572826385498,"Unknown"
"7014855",371852,2025-07-02 18:50:29,43.1523933410645,-8.48567295074463,"Unknown"
"7014855",371852,2025-07-02 18:55:29,43.1522178649902,-8.4857873916626,"Unknown"
"7014855",371852,2025-07-02 19:00:29,43.1523628234863,-8.4856481552124,"Unknown"
"7014855",371852,2025-07-02 19:05:29,43.1522674560547,-8.48563098907471,"Unknown"
"7014855",371852,2025-07-02 19:10:30,43.152229309082,-8.48557662963867,"Unknown"
"7014855",371852,2025-07-02 19:15:29,43.1523933410645,-8.48552513122559,"Unknown"
"7014855",371852,2025-07-02 19:20:30,43.1642036437988,-8.47730731964111,"Unknown"
"7014855",371852,2025-07-02 19:25:29,43.1701278686523,-8.47454166412354,"Unknown"
"7014855",371852,2025-07-02 19:30:29,43.1700859069824,-8.47458171844482,"Unknown"
"7014855",371852,2025-07-02 19:35:31,43.1700553894043,-8.47458267211914,"Unknown"
"7014855",371852,2025-07-02 19:40:35,43.1700706481934,-8.47443962097168,"Unknown"
"7014855",371852,2025-07-02 19:45:31,43.1699333190918,-8.47438621520996,"Unknown"
"7014855",371852,2025-07-02 19:50:40,43.1701812744141,-8.47464179992676,"Unknown"
"7014855",371852,2025-07-02 19:55:30,43.1700172424316,-8.47431468963623,"Unknown"
"7014855",371852,2025-07-02 20:00:30,43.1700592041016,-8.47478294372559,"Unknown"
"7014855",371852,2025-07-02 20:05:30,43.1701202392578,-8.47460269927979,"Unknown"
"7014855",371852,2025-07-02 20:10:30,43.1701316833496,-8.47479343414307,"Unknown"
"7014855",371852,2025-07-02 20:15:43,43.1701049804688,-8.47441291809082,"Unknown"
"7014855",371852,2025-07-02 20:20:30,43.1701202392578,-8.47443866729736,"Unknown"
"7014855",371852,2025-07-02 20:25:30,43.1700553894043,-8.47434902191162,"Unknown"
"7014855",371852,2025-07-02 20:30:30,43.1701354980469,-8.47444534301758,"Unknown"
"7014855",371852,2025-07-02 20:35:30,43.1701240539551,-8.47440624237061,"Unknown"
"7014855",371852,2025-07-02 20:40:31,43.1701927185059,-8.47464179992676,"Unknown"
"7014855",371852,2025-07-02 20:45:44,43.174690246582,-8.47521591186523,"Unknown"
"7014855",371852,2025-07-02 20:50:30,43.1747589111328,-8.47527503967285,"Unknown"
"7014855",371852,2025-07-02 20:55:30,43.1747016906738,-8.47511577606201,"Unknown"
"7014855",371852,2025-07-02 21:00:30,43.1747131347656,-8.47464752197266,"Unknown"
"7014855",371852,2025-07-02 21:05:31,43.1747703552246,-8.47454929351807,"Unknown"
"7014855",371852,2025-07-02 21:10:32,43.1747016906738,-8.47378158569336,"Unknown"
"7014855",371852,2025-07-02 21:15:31,43.1747512817383,-8.47368812561035,"Unknown"
"7014855",371852,2025-07-02 21:20:31,43.1747627258301,-8.4746036529541,"Unknown"
"7014855",371852,2025-07-02 21:25:32,43.1747856140137,-8.47392272949219,"Unknown"
"7014855",371852,2025-07-02 21:30:44,43.1747169494629,-8.4750804901123,"Unknown"
"7014855",371852,2025-07-02 21:35:33,43.1747589111328,-8.47486877441406,"Unknown"
"7014855",371852,2025-07-02 21:40:39,43.1747283935547,-8.4750919342041,"Unknown"
"7014855",371852,2025-07-02 21:45:32,43.1747703552246,-8.47353744506836,"Unknown"
"7014855",371852,2025-07-02 21:50:39,43.1747932434082,-8.47455024719238,"Unknown"
"7014855",371852,2025-07-02 21:55:32,43.1748237609863,-8.46799278259277,"Unknown"
"7014855",371852,2025-07-02 22:00:32,43.1727104187012,-8.44721508026123,"Unknown"
"7014855",371852,2025-07-02 22:05:34,43.1711807250977,-8.43993759155273,"Unknown"
"7014855",371852,2025-07-02 22:10:30,43.1710662841797,-8.43810176849365,"Unknown"
"7014855",371852,2025-07-02 22:15:44,43.1710662841797,-8.44039058685303,"Unknown"
"7014855",371852,2025-07-02 22:20:33,43.1711654663086,-8.43669700622559,"Unknown"
"7014855",371852,2025-07-02 22:25:32,43.1711235046387,-8.43880748748779,"Unknown"
"7014855",371852,2025-07-02 22:30:43,43.1713447570801,-8.44053077697754,"Unknown"
"7014855",371852,2025-07-02 22:35:30,43.1733322143555,-8.43838119506836,"Unknown"
"7014855",371852,2025-07-02 22:40:39,43.1842155456543,-8.43316841125488,"Unknown"
"7014855",371852,2025-07-02 22:45:43,43.1921882629395,-8.41843891143799,"Unknown"
"7014855",371852,2025-07-02 22:50:30,43.1913604736328,-8.41970729827881,"Unknown"
"7014855",371852,2025-07-02 22:55:38,43.1911964416504,-8.41929054260254,"Unknown"
"7014855",371852,2025-07-02 23:00:36,43.1909790039062,-8.41897201538086,"Unknown"
"7014855",371852,2025-07-02 23:05:34,43.190860748291,-8.41863632202148,"Unknown"
"7014855",371852,2025-07-02 23:10:36,43.190788269043,-8.41842174530029,"Unknown"
"7014855",371852,2025-07-02 23:15:45,43.1907653808594,-8.41844749450684,"Unknown"
"7014855",371852,2025-07-02 23:21:05,43.1906204223633,-8.4182825088501,"Unknown"
"7014855",371852,2025-07-02 23:25:29,43.1905937194824,-8.41825866699219,"Unknown"
"7014855",371852,2025-07-02 23:30:29,43.1907119750977,-8.41894912719727,"Unknown"
"7014855",371852,2025-07-02 23:35:29,43.1904220581055,-8.41878795623779,"Unknown"
"7014855",371852,2025-07-02 23:40:29,43.1902694702148,-8.41859436035156,"Unknown"
"7014855",371852,2025-07-02 23:45:30,43.1901435852051,-8.4185266494751,"Unknown"
"7014855",371852,2025-07-02 23:50:30,43.1900329589844,-8.41831970214844,"Unknown"
"7014855",371852,2025-07-02 23:55:31,43.1898422241211,-8.41824245452881,"Unknown"
"7014855",371852,2025-07-03 00:00:29,43.1895904541016,-8.41804790496826,"Unknown"
"7014855",371852,2025-07-03 00:05:29,43.1894836425781,-8.4180736541748,"Unknown"
"7014855",371852,2025-07-03 00:10:29,43.189338684082,-8.41805934906006,"Unknown"
"7014855",371852,2025-07-03 00:15:40,43.1892127990723,-8.41790008544922,"Unknown"
"7014855",371852,2025-07-03 00:20:32,43.1900024414062,-8.41881465911865,"Unknown"
"7014855",371852,2025-07-03 00:25:30,43.1897277832031,-8.41869163513184,"Unknown"
"7014855",371852,2025-07-03 00:30:44,43.1896858215332,-8.41871929168701,"Unknown"
"7014855",371852,2025-07-03 00:35:29,43.1896133422852,-8.41885757446289,"Unknown"
"7014855",371852,2025-07-03 00:40:29,43.1897735595703,-8.41905879974365,"Unknown"
"7014855",371852,2025-07-03 00:45:43,43.1898536682129,-8.4188175201416,"Unknown"
"7014855",371852,2025-07-03 00:50:32,43.1899223327637,-8.41830158233643,"Unknown"
"7014855",371852,2025-07-03 00:55:31,43.189998626709,-8.41844940185547,"Unknown"
"7014855",371852,2025-07-03 01:00:30,43.1898536682129,-8.41903018951416,"Unknown"
"7014855",371852,2025-07-03 01:05:31,43.1902122497559,-8.41935729980469,"Unknown"
"7014855",371852,2025-07-03 01:10:30,43.1899185180664,-8.41898250579834,"Unknown"
"7014855",371852,2025-07-03 01:15:30,43.1894912719727,-8.41836929321289,"Unknown"
"7014855",371852,2025-07-03 01:20:30,43.189884185791,-8.41822910308838,"Unknown"
"7014855",371852,2025-07-03 01:25:29,43.1900596618652,-8.41852569580078,"Unknown"
"7014855",371852,2025-07-03 01:30:32,43.1901817321777,-8.41881656646729,"Unknown"
"7014855",371852,2025-07-03 01:35:29,43.1904373168945,-8.41858863830566,"Unknown"
"7014855",371852,2025-07-03 01:40:39,43.1902084350586,-8.41828918457031,"Unknown"
"7014855",371852,2025-07-03 01:45:31,43.1904067993164,-8.41834545135498,"Unknown"
"7014855",371852,2025-07-03 01:50:34,43.1901779174805,-8.4180269241333,"Unknown"
"7014855",371852,2025-07-03 01:55:33,43.1899185180664,-8.41842937469482,"Unknown"
"7014855",371852,2025-07-03 02:00:32,43.1900901794434,-8.41870784759521,"Unknown"
"7014855",371852,2025-07-03 02:05:47,43.1903953552246,-8.41884231567383,"Unknown"
"7014855",371852,2025-07-03 02:10:42,43.1906585693359,-8.41881847381592,"Unknown"
"7014855",371852,2025-07-03 02:15:29,43.1909141540527,-8.41881084442139,"Unknown"
"7014855",371852,2025-07-03 02:20:29,43.1906394958496,-8.41854095458984,"Unknown"
"7014855",371852,2025-07-03 02:25:29,43.1907539367676,-8.41817855834961,"Unknown"
"7014855",371852,2025-07-03 02:30:29,43.1902160644531,-8.41786766052246,"Unknown"
"7014855",371852,2025-07-03 02:35:30,43.1899299621582,-8.41774272918701,"Unknown"
"7014855",371852,2025-07-03 02:40:29,43.1897964477539,-8.41781711578369,"Unknown"
"7014855",371852,2025-07-03 02:46:14,43.1898803710938,-8.41809940338135,"Unknown"
"7014855",371852,2025-07-03 02:50:29,43.18994140625,-8.41815757751465,"Unknown"
"7014855",371852,2025-07-03 02:55:30,43.1899070739746,-8.41812038421631,"Unknown"
"7014855",371852,2025-07-03 03:00:30,43.1898307800293,-8.41811847686768,"Unknown"
"7014855",371852,2025-07-03 03:05:33,43.1902809143066,-8.41836261749268,"Unknown"
"7014855",371852,2025-07-03 03:10:33,43.1902389526367,-8.41805553436279,"Unknown"
"7014855",371852,2025-07-03 03:15:33,43.1905364990234,-8.41847133636475,"Unknown"
"7014855",371852,2025-07-03 03:20:33,43.1903839111328,-8.41872501373291,"Unknown"
"7014855",371852,2025-07-03 03:25:34,43.1903114318848,-8.41883850097656,"Unknown"
"7014855",371852,2025-07-03 03:31:05,43.1918830871582,-8.42106533050537,"Unknown"
"7014855",371852,2025-07-03 03:35:29,43.1915893554688,-8.42097282409668,"Unknown"
"7014855",371852,2025-07-03 03:40:29,43.1912612915039,-8.42082023620605,"Unknown"
"7014855",371852,2025-07-03 03:45:29,43.1912956237793,-8.42054748535156,"Unknown"
"7014855",371852,2025-07-03 03:50:29,43.1915512084961,-8.42075538635254,"Unknown"
"7014855",371852,2025-07-03 03:55:29,43.1913070678711,-8.42091941833496,"Unknown"
"7014855",371852,2025-07-03 04:00:29,43.1912612915039,-8.42075061798096,"Unknown"
"7014855",371852,2025-07-03 04:05:29,43.1914482116699,-8.42061614990234,"Unknown"
"7014855",371852,2025-07-03 04:10:29,43.1915321350098,-8.4211254119873,"Unknown"
"7014855",371852,2025-07-03 04:15:29,43.1915512084961,-8.42132377624512,"Unknown"
"7014855",371852,2025-07-03 04:20:34,43.1906280517578,-8.4225435256958,"Unknown"
"7014855",371852,2025-07-03 04:25:30,43.1758270263672,-8.44007873535156,"Unknown"
"7014855",371852,2025-07-03 04:30:29,43.1758308410645,-8.44002151489258,"Unknown"
"7014855",371852,2025-07-03 04:35:29,43.1757965087891,-8.43987274169922,"Unknown"
"7014855",371852,2025-07-03 04:40:29,43.1758422851562,-8.43996334075928,"Unknown"
"7014855",371852,2025-07-03 04:45:29,43.1757354736328,-8.44008827209473,"Unknown"
"7014855",371852,2025-07-03 04:50:32,43.1759948730469,-8.44032859802246,"Unknown"
"7014855",371852,2025-07-03 04:55:29,43.1757965087891,-8.44010353088379,"Unknown"
"7014855",371852,2025-07-03 05:00:44,43.1759376525879,-8.44005870819092,"Unknown"
"7014855",371852,2025-07-03 05:05:29,43.1756057739258,-8.43969535827637,"Unknown"
"7014855",371852,2025-07-03 05:10:29,43.1757202148438,-8.4395170211792,"Unknown"
"7014855",371852,2025-07-03 05:15:29,43.175838470459,-8.43941307067871,"Unknown"
"7014855",371852,2025-07-03 05:20:29,43.1757621765137,-8.43937397003174,"Unknown"
"7014855",371852,2025-07-03 05:25:29,43.1756629943848,-8.43942928314209,"Unknown"
"7014855",371852,2025-07-03 05:30:29,43.1757431030273,-8.43948745727539,"Unknown"
"7014855",371852,2025-07-03 05:35:29,43.1758499145508,-8.43949127197266,"Unknown"
"7014855",371852,2025-07-03 05:40:29,43.1759376525879,-8.43966960906982,"Unknown"
"7014855",371852,2025-07-03 05:45:44,43.1758308410645,-8.43954277038574,"Unknown"
"7014855",371852,2025-07-03 05:50:29,43.1759262084961,-8.43967056274414,"Unknown"
"7014855",371852,2025-07-03 05:55:32,43.1757698059082,-8.43916893005371,"Unknown"
"7014855",371852,2025-07-03 06:00:29,43.1716194152832,-8.44580173492432,"Unknown"
"7014855",371852,2025-07-03 06:05:29,43.1717529296875,-8.44639205932617,"Unknown"
"7014855",371852,2025-07-03 06:10:32,43.1719360351562,-8.44713115692139,"Unknown"
"7014855",371852,2025-07-03 06:15:30,43.1717376708984,-8.44644832611084,"Unknown"
"7014855",371852,2025-07-03 06:20:30,43.1718788146973,-8.44675064086914,"Unknown"
"7014855",371852,2025-07-03 06:25:30,43.172061920166,-8.44746589660645,"Unknown"
"7014855",371852,2025-07-03 06:30:44,43.1718101501465,-8.44672966003418,"Unknown"
"7014855",371852,2025-07-03 06:35:29,43.1718254089355,-8.44683837890625,"Unknown"
"7014855",371852,2025-07-03 06:40:29,43.1719207763672,-8.44694900512695,"Unknown"
"7014855",371852,2025-07-03 06:45:29,43.1717872619629,-8.44656467437744,"Unknown"
"7014855",371852,2025-07-03 06:50:37,43.1717643737793,-8.44639205932617,"Unknown"
"7014855",371852,2025-07-03 06:55:30,43.1718673706055,-8.44639587402344,"Unknown"
"7014855",371852,2025-07-03 07:00:33,43.1718254089355,-8.4461727142334,"Unknown"
"7014855",371852,2025-07-03 07:05:37,43.1717910766602,-8.44628620147705,"Unknown"
"7014855",371852,2025-07-03 07:10:30,43.1718559265137,-8.4464807510376,"Unknown"
"7014855",371852,2025-07-03 07:15:45,43.1717643737793,-8.44629096984863,"Unknown"
"7014855",371852,2025-07-03 07:20:30,43.1720352172852,-8.44703006744385,"Unknown"
"7014855",371852,2025-07-03 07:25:30,43.171875,-8.44654273986816,"Unknown"
"7014855",371852,2025-07-03 07:30:30,43.1718597412109,-8.44664764404297,"Unknown"
"7014855",371852,2025-07-03 07:35:30,43.1718597412109,-8.4465160369873,"Unknown"
"7014855",371852,2025-07-03 07:40:30,43.1720199584961,-8.44677925109863,"Unknown"
"7014855",371852,2025-07-03 07:45:44,43.1717948913574,-8.4463357925415,"Unknown"
"7014855",371852,2025-07-03 07:50:30,43.1718673706055,-8.44647693634033,"Unknown"
"7014855",371852,2025-07-03 07:55:30,43.171932220459,-8.44670677185059,"Unknown"
"7014855",371852,2025-07-03 08:00:36,43.1717185974121,-8.4462308883667,"Unknown"
"7014855",371852,2025-07-03 08:05:33,43.1719627380371,-8.44665336608887,"Unknown"
"7014855",371852,2025-07-03 08:10:36,43.1717224121094,-8.44625759124756,"Unknown"
"7014855",371852,2025-07-03 08:15:30,43.171573638916,-8.44600677490234,"Unknown"
"7014855",371852,2025-07-03 08:20:34,43.1717414855957,-8.44626045227051,"Unknown"
"7014855",371852,2025-07-03 08:25:30,43.1716957092285,-8.44621849060059,"Unknown"
"7014855",371852,2025-07-03 08:31:05,43.1715850830078,-8.4462308883667,"Unknown"
"7014855",371852,2025-07-03 08:35:29,43.1716842651367,-8.44618034362793,"Unknown"
"7014855",371852,2025-07-03 08:40:30,43.1716003417969,-8.4461784362793,"Unknown"
"7014855",371852,2025-07-03 08:45:34,43.1715278625488,-8.44615268707275,"Unknown"
"7014855",371852,2025-07-03 08:50:32,43.1712646484375,-8.44586372375488,"Unknown"
"7014855",371852,2025-07-03 08:55:31,43.1724624633789,-8.43951797485352,"Unknown"
"7014855",371852,2025-07-03 09:00:30,43.1726112365723,-8.43996334075928,"Unknown"
"7014855",371852,2025-07-03 09:05:30,43.1726951599121,-8.44035911560059,"Unknown"
"7014855",371852,2025-07-03 09:10:30,43.1727256774902,-8.44004535675049,"Unknown"
"7014855",371852,2025-07-03 09:15:32,43.1720962524414,-8.43896865844727,"Unknown"
"7014855",371852,2025-07-03 09:20:30,43.1726722717285,-8.44009113311768,"Unknown"
"7014855",371852,2025-07-03 09:25:44,43.1726837158203,-8.43994045257568,"Unknown"
"7014855",371852,2025-07-03 09:30:37,43.1727752685547,-8.43996620178223,"Unknown"
"7014855",371852,2025-07-03 09:35:29,43.1726875305176,-8.43991661071777,"Unknown"
"7014855",371852,2025-07-03 09:40:33,43.1727256774902,-8.43997764587402,"Unknown"
"7014855",371852,2025-07-03 09:45:44,43.1727066040039,-8.43992900848389,"Unknown"
"7014855",371852,2025-07-03 09:50:30,43.1726684570312,-8.43993377685547,"Unknown"
"7014855",371852,2025-07-03 09:55:30,43.1726837158203,-8.43985652923584,"Unknown"
"7014855",371852,2025-07-03 10:00:31,43.172721862793,-8.43964099884033,"Unknown"
"7014855",371852,2025-07-03 10:05:30,43.1726951599121,-8.43977451324463,"Unknown"
"7014855",371852,2025-07-03 10:10:30,43.1726417541504,-8.43990421295166,"Unknown"
"7014855",371852,2025-07-03 10:15:31,43.1726989746094,-8.4393835067749,"Unknown"
"7014855",371852,2025-07-03 10:20:33,43.1724433898926,-8.44037628173828,"Unknown"
"7014855",371852,2025-07-03 10:25:39,43.1726493835449,-8.4398021697998,"Unknown"
"7014855",371852,2025-07-03 10:30:43,43.1726493835449,-8.4398136138916,"Unknown"
"7014855",371852,2025-07-03 10:35:39,43.1726303100586,-8.43986511230469,"Unknown"
"7014855",371852,2025-07-03 10:40:38,43.1726341247559,-8.44079875946045,"Unknown"
"7014855",371852,2025-07-03 10:45:45,43.1722946166992,-8.43984222412109,"Unknown"
"7014855",371852,2025-07-03 10:50:31,43.1726379394531,-8.43962574005127,"Unknown"
"7014855",371852,2025-07-03 10:55:33,43.172233581543,-8.43961334228516,"Unknown"
"7014855",371852,2025-07-03 11:00:34,43.1725082397461,-8.43959140777588,"Unknown"
"7014855",371852,2025-07-03 11:05:30,43.1723289489746,-8.43958950042725,"Unknown"
"7014855",371852,2025-07-03 11:10:41,43.1722259521484,-8.4398250579834,"Unknown"
"7014855",371852,2025-07-03 11:16:04,43.1724395751953,-8.43983936309814,"Unknown"
"7014855",371852,2025-07-03 11:20:29,43.1724510192871,-8.43970489501953,"Unknown"
"7014855",371852,2025-07-03 11:25:29,43.1722984313965,-8.43963623046875,"Unknown"
"7014855",371852,2025-07-03 11:30:29,43.1723709106445,-8.43962097167969,"Unknown"
"7014855",371852,2025-07-03 11:35:29,43.1723175048828,-8.43966197967529,"Unknown"
"7014855",371852,2025-07-03 11:40:29,43.1723251342773,-8.43965911865234,"Unknown"
"7014855",371852,2025-07-03 11:45:29,43.1689033508301,-8.44285297393799,"Unknown"
"7014855",371852,2025-07-03 11:50:30,43.1497611999512,-8.46063613891602,"Unknown"
"7014855",371852,2025-07-03 11:55:31,43.1301612854004,-8.47204113006592,"Unknown"
"7014855",371852,2025-07-03 12:00:31,43.1303253173828,-8.47198867797852,"Unknown"
"7014855",371852,2025-07-03 12:05:30,43.130069732666,-8.4720401763916,"Unknown"
"7014855",371852,2025-07-03 12:10:55,43.1301498413086,-8.47195625305176,"Unknown"
"7014855",371852,2025-07-03 12:15:44,43.1302185058594,-8.47195339202881,"Unknown"
"7014855",371852,2025-07-03 12:20:42,43.1302299499512,-8.47185134887695,"Unknown"
"7014855",371852,2025-07-03 12:25:29,43.1323661804199,-8.46942901611328,"Unknown"
"7014855",371852,2025-07-03 12:30:31,43.1322250366211,-8.46960067749023,"Unknown"
"7014855",371852,2025-07-03 12:35:44,43.1322860717773,-8.46947574615479,"Unknown"
"7014855",371852,2025-07-03 12:40:31,43.132251739502,-8.46939945220947,"Unknown"
"7014855",371852,2025-07-03 12:45:30,43.1323051452637,-8.46943092346191,"Unknown"
"7014855",371852,2025-07-03 12:50:30,43.1323394775391,-8.46942520141602,"Unknown"
"7014855",371852,2025-07-03 12:55:32,43.13232421875,-8.46948146820068,"Unknown"
"7014855",371852,2025-07-03 13:00:29,43.1322402954102,-8.4694938659668,"Unknown"
"7014855",371852,2025-07-03 13:05:29,43.1321601867676,-8.46958923339844,"Unknown"
"7014855",371852,2025-07-03 13:10:29,43.132251739502,-8.46953582763672,"Unknown"
"7014855",371852,2025-07-03 13:15:29,43.1321792602539,-8.46953773498535,"Unknown"
"7014855",371852,2025-07-03 13:20:29,43.1322364807129,-8.4697208404541,"Unknown"
"7014855",371852,2025-07-03 13:25:40,43.1324005126953,-8.46969413757324,"Unknown"
"7014855",371852,2025-07-03 13:30:32,43.1323318481445,-8.46962261199951,"Unknown"
"7014855",371852,2025-07-03 13:35:32,43.1323585510254,-8.46971130371094,"Unknown"
"7014855",371852,2025-07-03 13:40:30,43.1323509216309,-8.46973323822021,"Unknown"
"7014855",371852,2025-07-03 13:45:41,43.132396697998,-8.46962928771973,"Unknown"
"7014855",371852,2025-07-03 13:51:05,43.1322784423828,-8.4695405960083,"Unknown"
"7014855",371852,2025-07-03 13:55:30,43.1323280334473,-8.46949005126953,"Unknown"
"7014855",371852,2025-07-03 14:00:30,43.1323013305664,-8.46958065032959,"Unknown"
"7014855",371852,2025-07-03 14:05:29,43.1323165893555,-8.4696102142334,"Unknown"
"7014855",371852,2025-07-03 14:10:29,43.1322288513184,-8.46960639953613,"Unknown"
"7014855",371852,2025-07-03 14:15:29,43.1323165893555,-8.46953773498535,"Unknown"
"7014855",371852,2025-07-03 14:20:29,43.13232421875,-8.46966743469238,"Unknown"
"7014855",371852,2025-07-03 14:25:29,43.1322746276855,-8.46952056884766,"Unknown"
"7014855",371852,2025-07-03 14:30:29,43.1322479248047,-8.46962261199951,"Unknown"
"7014855",371852,2025-07-03 14:35:31,43.1323852539062,-8.46953105926514,"Unknown"
"7014855",371852,2025-07-03 14:40:32,43.1323928833008,-8.46960830688477,"Unknown"
"7014855",371852,2025-07-03 14:45:39,43.1327285766602,-8.46978282928467,"Unknown"
"7014855",371852,2025-07-03 14:50:32,43.1320762634277,-8.46943473815918,"Unknown"
"7014855",371852,2025-07-03 14:55:44,43.1327629089355,-8.4697790145874,"Unknown"
"7014855",371852,2025-07-03 15:00:48,43.1331329345703,-8.47048091888428,"Unknown"
"7014855",371852,2025-07-03 15:05:30,43.1311340332031,-8.47227001190186,"Unknown"
"7014855",371852,2025-07-03 15:10:32,43.1307945251465,-8.47243690490723,"Unknown"
"7014855",371852,2025-07-03 15:15:30,43.1298408508301,-8.47103309631348,"Unknown"
"7014855",371852,2025-07-03 15:20:33,43.1325836181641,-8.46945381164551,"Unknown"
"7014855",371852,2025-07-03 15:25:39,43.1324729919434,-8.46932792663574,"Unknown"
"7014855",371852,2025-07-03 15:30:35,43.1323585510254,-8.46928596496582,"Unknown"
"7014855",371852,2025-07-03 15:35:44,43.132884979248,-8.46979331970215,"Unknown"
"7014855",371852,2025-07-03 15:40:49,43.1333961486816,-8.47075366973877,"Unknown"
"7014855",371852,2025-07-03 15:46:05,43.1326141357422,-8.46932888031006,"Unknown"
"7014855",371852,2025-07-03 15:50:32,43.1326217651367,-8.46922779083252,"Unknown"
"7014855",371852,2025-07-03 15:55:33,43.1326904296875,-8.46913433074951,"Unknown"
"7014855",371852,2025-07-03 16:00:29,43.1325988769531,-8.46937847137451,"Unknown"
"7014855",371852,2025-07-03 16:05:29,43.1325416564941,-8.46944713592529,"Unknown"
"7014855",371852,2025-07-03 16:10:30,43.1325569152832,-8.4696159362793,"Unknown"
"7014855",371852,2025-07-03 16:15:32,43.1339569091797,-8.47042655944824,"Unknown"
"7014855",371852,2025-07-03 16:20:33,43.1502418518066,-8.47431945800781,"Unknown"
"7014855",371852,2025-07-03 16:25:31,43.1656532287598,-8.46393013000488,"Unknown"
"7014855",371852,2025-07-03 16:30:31,43.1764183044434,-8.44407558441162,"Unknown"
"7014855",371852,2025-07-03 16:35:31,43.192325592041,-8.42817115783691,"Unknown"
"7014855",371852,2025-07-03 16:40:30,43.1925201416016,-8.43802642822266,"Unknown"
"7014855",371852,2025-07-03 16:45:29,43.2113990783691,-8.45143508911133,"Unknown"
"7014855",371852,2025-07-03 16:50:29,43.2224578857422,-8.46752071380615,"Unknown"
"7014855",371852,2025-07-03 16:55:34,43.2314491271973,-8.47400760650635,"Unknown"
"7014855",371852,2025-07-03 17:00:30,43.2455711364746,-8.45853233337402,"Unknown"
"7014855",371852,2025-07-03 17:05:30,43.2595481872559,-8.44350433349609,"Unknown"
"7014855",371852,2025-07-03 17:10:31,43.2724800109863,-8.41722202301025,"Unknown"
"7014855",371852,2025-07-03 17:15:30,43.2860298156738,-8.4087381362915,"Unknown"
"7014855",371852,2025-07-03 17:20:31,43.3007202148438,-8.40446186065674,"Unknown"
"7014855",371852,2025-07-03 17:25:36,43.3135948181152,-8.39786338806152,"Unknown"
"7014855",371852,2025-07-03 17:30:29,43.3274192810059,-8.39852333068848,"Unknown"
"7014855",371852,2025-07-03 17:35:29,43.341438293457,-8.39045333862305,"Unknown"
"7014855",371852,2025-07-03 17:40:29,43.3537139892578,-8.38925266265869,"Unknown"
"7014855",371852,2025-07-03 17:45:31,43.3643646240234,-8.39747428894043,"Unknown"
"7014855",371852,2025-07-03 17:50:32,43.3641471862793,-8.40264701843262,"Unknown"
"7014855",371852,2025-07-03 17:55:32,43.3643951416016,-8.40287399291992,"Unknown"
"7014855",371852,2025-07-03 18:01:05,43.3643188476562,-8.40257835388184,"Unknown"
"7014855",371852,2025-07-03 18:05:29,43.3643798828125,-8.40282917022705,"Unknown"
"7014855",371852,2025-07-03 18:10:31,43.3639831542969,-8.40236663818359,"Unknown"
"7014855",371852,2025-07-03 18:15:30,43.3640441894531,-8.40251731872559,"Unknown"
"7014855",371852,2025-07-03 18:20:32,43.3633842468262,-8.40165138244629,"Unknown"
"7014855",371852,2025-07-03 18:25:31,43.3640327453613,-8.40248203277588,"Unknown"
"7014855",371852,2025-07-03 18:30:31,43.3636894226074,-8.40204334259033,"Unknown"
"7014855",371852,2025-07-03 18:35:31,43.3641128540039,-8.40293884277344,"Unknown"
"7014855",371852,2025-07-03 18:40:32,43.3638343811035,-8.40226173400879,"Unknown"
"7014855",371852,2025-07-03 18:45:33,43.3638343811035,-8.4019250869751,"Unknown"
"7014855",371852,2025-07-03 18:50:33,43.3637809753418,-8.40250682830811,"Unknown"
"7014855",371852,2025-07-03 18:55:33,43.3637466430664,-8.4026517868042,"Unknown"
"7014855",371852,2025-07-03 19:00:34,43.3639373779297,-8.40246772766113,"Unknown"
"7014855",371852,2025-07-03 19:05:36,43.3636856079102,-8.40230083465576,"Unknown"
"7014855",371852,2025-07-03 19:10:44,43.36376953125,-8.40255451202393,"Unknown"
"7014855",371852,2025-07-03 19:15:36,43.3637809753418,-8.40250301361084,"Unknown"
"7014855",371852,2025-07-03 19:20:44,43.3638572692871,-8.40249347686768,"Unknown"
"7014855",371852,2025-07-03 19:25:30,43.3641967773438,-8.40232086181641,"Unknown"
"7014855",371852,2025-07-03 19:30:29,43.3640480041504,-8.40251159667969,"Unknown"
"7014855",371852,2025-07-03 19:35:29,43.36376953125,-8.40236377716064,"Unknown"
"7014855",371852,2025-07-03 19:40:30,43.3639602661133,-8.40249633789062,"Unknown"
"7014855",371852,2025-07-03 19:45:44,43.3637886047363,-8.40242385864258,"Unknown"
"7014855",371852,2025-07-03 19:50:36,43.3638153076172,-8.40238380432129,"Unknown"
"7014855",371852,2025-07-03 19:55:47,43.3637847900391,-8.40228366851807,"Unknown"
"7014855",371852,2025-07-03 20:00:44,43.3638877868652,-8.4025764465332,"Unknown"
"7014855",371852,2025-07-03 20:05:39,43.3639450073242,-8.40267848968506,"Unknown"
"7014855",371852,2025-07-03 20:10:39,43.3639144897461,-8.40255165100098,"Unknown"
"7014855",371852,2025-07-03 20:15:38,43.3640403747559,-8.40253257751465,"Unknown"
"7014855",371852,2025-07-03 20:20:39,43.3638572692871,-8.40246200561523,"Unknown"
"7014855",371852,2025-07-03 20:25:54,43.3639144897461,-8.40268516540527,"Unknown"
"7014855",371852,2025-07-03 20:30:39,43.3639335632324,-8.40278339385986,"Unknown"
"7014855",371852,2025-07-03 20:36:04,43.3638229370117,-8.40248107910156,"Unknown"
"7014855",371852,2025-07-03 20:40:30,43.363826751709,-8.40247917175293,"Unknown"
"7014855",371852,2025-07-03 20:45:39,43.3638496398926,-8.4023265838623,"Unknown"
"7014855",371852,2025-07-03 20:50:44,43.3639373779297,-8.40231704711914,"Unknown"
"7014855",371852,2025-07-03 20:55:34,43.3638954162598,-8.40231609344482,"Unknown"
"7014855",371852,2025-07-03 21:00:33,43.3646507263184,-8.40059280395508,"Unknown"
"7014855",371852,2025-07-03 21:05:39,43.3668785095215,-8.39588737487793,"Unknown"
"7014855",371852,2025-07-03 21:10:33,43.3669128417969,-8.39603424072266,"Unknown"
"7014855",371852,2025-07-03 21:16:05,43.3669548034668,-8.39588642120361,"Unknown"
"7014855",371852,2025-07-03 21:20:31,43.3669548034668,-8.39590835571289,"Unknown"
"7014855",371852,2025-07-03 21:25:33,43.3669776916504,-8.39578437805176,"Unknown"
"7014855",371852,2025-07-03 21:30:30,43.3668975830078,-8.39588165283203,"Unknown"
"7014855",371852,2025-07-03 21:35:32,43.366943359375,-8.3958683013916,"Unknown"
"7014855",371852,2025-07-03 21:40:31,43.3669204711914,-8.39584922790527,"Unknown"
"7014855",371852,2025-07-03 21:45:29,43.3669471740723,-8.39574241638184,"Unknown"
"7014855",371852,2025-07-03 21:50:29,43.3669815063477,-8.39589786529541,"Unknown"
"7014855",371852,2025-07-03 21:55:29,43.3669586181641,-8.39586067199707,"Unknown"
"7014855",371852,2025-07-03 22:00:30,43.3669509887695,-8.39577388763428,"Unknown"
"7014855",371852,2025-07-03 22:05:29,43.3669624328613,-8.39579391479492,"Unknown"
"7014855",371852,2025-07-03 22:10:30,43.3669319152832,-8.39594650268555,"Unknown"
"7014855",371852,2025-07-03 22:15:30,43.3632659912109,-8.40296745300293,"Unknown"
"7014855",371852,2025-07-03 22:20:29,43.3631820678711,-8.40412330627441,"Unknown"
"7014855",371852,2025-07-03 22:25:30,43.3631706237793,-8.40414714813232,"Unknown"
"7014855",371852,2025-07-03 22:30:29,43.3631744384766,-8.40419864654541,"Unknown"
"7014855",371852,2025-07-03 22:35:30,43.3632049560547,-8.40411186218262,"Unknown"
"7014855",371852,2025-07-03 22:40:30,43.3632278442383,-8.40413188934326,"Unknown"
"7014855",371852,2025-07-03 22:45:31,43.3633041381836,-8.40423774719238,"Unknown"
"7014855",371852,2025-07-03 22:50:29,43.3632011413574,-8.40416812896729,"Unknown"
"7014855",371852,2025-07-03 22:55:30,43.3631973266602,-8.40426445007324,"Unknown"
"7014855",371852,2025-07-03 23:00:42,43.3632507324219,-8.40428352355957,"Unknown"
"7014855",371852,2025-07-03 23:05:30,43.3631362915039,-8.40437602996826,"Unknown"
"7014855",371852,2025-07-03 23:10:30,43.3631896972656,-8.40431594848633,"Unknown"
"7014855",371852,2025-07-03 23:15:32,43.36328125,-8.40420341491699,"Unknown"
"7014855",371852,2025-07-03 23:20:43,43.3631019592285,-8.40433883666992,"Unknown"
"7014855",371852,2025-07-03 23:25:41,43.3631629943848,-8.40433216094971,"Unknown"
"7014855",371852,2025-07-03 23:30:33,43.3632164001465,-8.40428638458252,"Unknown"
"7014855",371852,2025-07-03 23:35:33,43.3630867004395,-8.40426635742188,"Unknown"
"7014855",371852,2025-07-03 23:40:44,43.3634147644043,-8.40421104431152,"Unknown"
"7014855",371852,2025-07-03 23:45:29,43.3634223937988,-8.40425586700439,"Unknown"
"7014855",371852,2025-07-03 23:50:29,43.363353729248,-8.40425777435303,"Unknown"
"7014855",371852,2025-07-03 23:55:29,43.3634338378906,-8.40425491333008,"Unknown"
"7014855",371852,2025-07-04 00:00:32,43.3623733520508,-8.4042387008667,"Unknown"
"7014855",371852,2025-07-04 00:05:35,43.3631019592285,-8.40436744689941,"Unknown"
"7014855",371852,2025-07-04 00:10:30,43.363452911377,-8.40425682067871,"Unknown"
"7014855",371852,2025-07-04 00:15:32,43.3633804321289,-8.40424919128418,"Unknown"
"7014855",371852,2025-07-04 00:20:32,43.3633003234863,-8.40440559387207,"Unknown"
"7014855",371852,2025-07-04 00:25:48,43.3632125854492,-8.40423774719238,"Unknown"
"7014855",371852,2025-07-04 00:30:36,43.3633193969727,-8.40376281738281,"Unknown"
"7014855",371852,2025-07-04 00:35:35,43.363224029541,-8.40431118011475,"Unknown"
"7014855",371852,2025-07-04 00:40:39,43.363224029541,-8.40444183349609,"Unknown"
"7014855",371852,2025-07-04 00:46:05,43.3632011413574,-8.4042272567749,"Unknown"
"7014855",371852,2025-07-04 00:50:29,43.363224029541,-8.40414524078369,"Unknown"
"7014855",371852,2025-07-04 00:55:30,43.3631706237793,-8.40420341491699,"Unknown"
"7014855",371852,2025-07-04 01:00:29,43.3631019592285,-8.40442848205566,"Unknown"
"7014855",371852,2025-07-04 01:05:30,43.3632278442383,-8.40417194366455,"Unknown"
"7014855",371852,2025-07-04 01:10:29,43.3632164001465,-8.40410995483398,"Unknown"
"7014855",371852,2025-07-04 01:15:32,43.363094329834,-8.40423774719238,"Unknown"
"7014855",371852,2025-07-04 01:20:31,43.3632888793945,-8.40404510498047,"Unknown"
"7014855",371852,2025-07-04 01:25:32,43.3633155822754,-8.40398788452148,"Unknown"
"7014855",371852,2025-07-04 01:30:31,43.3633308410645,-8.40392971038818,"Unknown"
"7014855",371852,2025-07-04 01:35:30,43.3632392883301,-8.40407562255859,"Unknown"
"7014855",371852,2025-07-04 01:40:29,43.3631896972656,-8.40410041809082,"Unknown"
"7014855",371852,2025-07-04 01:45:29,43.3614959716797,-8.40305042266846,"Unknown"
"7014855",371852,2025-07-04 01:50:29,43.3631477355957,-8.40378856658936,"Unknown"
"7014855",371852,2025-07-04 01:55:31,43.3620414733887,-8.40342807769775,"Unknown"
"7014855",371852,2025-07-04 02:00:30,43.3626098632812,-8.40240859985352,"Unknown"
"7014855",371852,2025-07-04 02:05:43,43.3625793457031,-8.40383148193359,"Unknown"
"7014855",371852,2025-07-04 02:10:30,43.3626861572266,-8.40389537811279,"Unknown"
"7014855",371852,2025-07-04 02:15:29,43.3627052307129,-8.4039249420166,"Unknown"
"7014855",371852,2025-07-04 02:20:44,43.3626937866211,-8.40392017364502,"Unknown"
"7014855",371852,2025-07-04 02:25:29,43.3626899719238,-8.40395259857178,"Unknown"
"7014855",371852,2025-07-04 02:30:29,43.3628120422363,-8.40400218963623,"Unknown"
"7014855",371852,2025-07-04 02:35:29,43.3627014160156,-8.40400886535645,"Unknown"
"7014855",371852,2025-07-04 02:40:30,43.362663269043,-8.40392971038818,"Unknown"
"7014855",371852,2025-07-04 02:45:44,43.3627510070801,-8.40407943725586,"Unknown"
"7014855",371852,2025-07-04 02:50:31,43.3627891540527,-8.40417098999023,"Unknown"
"7014855",371852,2025-07-04 02:55:30,43.3626289367676,-8.4040412902832,"Unknown"
"7014855",371852,2025-07-04 03:00:30,43.36279296875,-8.40415096282959,"Unknown"
"7014855",371852,2025-07-04 03:05:31,43.3626594543457,-8.40395355224609,"Unknown"
"7014855",371852,2025-07-04 03:10:35,43.3627281188965,-8.40402317047119,"Unknown"
"7014855",371852,2025-07-04 03:15:35,43.3628921508789,-8.40403270721436,"Unknown"
"7014855",371852,2025-07-04 03:20:30,43.3627166748047,-8.40409278869629,"Unknown"
"7014855",371852,2025-07-04 03:25:29,43.3629570007324,-8.4042854309082,"Unknown"
"7014855",371852,2025-07-04 03:30:44,43.3627052307129,-8.40400123596191,"Unknown"
"7014855",371852,2025-07-04 03:35:29,43.3626098632812,-8.40396785736084,"Unknown"
"7014855",371852,2025-07-04 03:40:29,43.3627853393555,-8.40407276153564,"Unknown"
"7014855",371852,2025-07-04 03:46:02,43.3627014160156,-8.40398597717285,"Unknown"
"7014855",371852,2025-07-04 03:50:29,43.3627586364746,-8.40384101867676,"Unknown"
"7014855",371852,2025-07-04 03:55:29,43.3626708984375,-8.40392589569092,"Unknown"
"7014855",371852,2025-07-04 04:00:29,43.3627586364746,-8.40404605865479,"Unknown"
"7014855",371852,2025-07-04 04:05:31,43.3626556396484,-8.40368843078613,"Unknown"
"7014855",371852,2025-07-04 04:10:29,43.3625984191895,-8.4039888381958,"Unknown"
"7014855",371852,2025-07-04 04:15:29,43.3627510070801,-8.40394496917725,"Unknown"
"7014855",371852,2025-07-04 04:20:29,43.3627395629883,-8.40398120880127,"Unknown"
"7014855",371852,2025-07-04 04:25:30,43.3627815246582,-8.40406227111816,"Unknown"
"7014855",371852,2025-07-04 04:30:30,43.362735748291,-8.40396690368652,"Unknown"
"7014855",371852,2025-07-04 04:35:33,43.3560562133789,-8.41573143005371,"Unknown"
"7014855",371852,2025-07-04 04:40:43,43.350040435791,-8.42812347412109,"Unknown"
"7014855",371852,2025-07-04 04:45:29,43.3514671325684,-8.44800758361816,"Unknown"
"7014855",371852,2025-07-04 04:51:05,43.3539237976074,-8.45837116241455,"Unknown"
"7014855",371852,2025-07-04 04:56:28,43.3539505004883,-8.45894432067871,"Unknown"
"7014855",371852,2025-07-04 05:00:43,43.3539581298828,-8.45877933502197,"Unknown"
"7014855",371852,2025-07-04 05:05:43,43.3541069030762,-8.45873355865479,"Unknown"
"7014855",371852,2025-07-04 05:10:38,43.3539924621582,-8.45907306671143,"Unknown"
"7014855",371852,2025-07-04 05:15:45,43.354076385498,-8.45853996276855,"Unknown"
"7014855",371852,2025-07-04 05:20:45,43.3541831970215,-8.4587869644165,"Unknown"
"7014855",371852,2025-07-04 05:26:27,43.353946685791,-8.45880126953125,"Unknown"
"7014855",371852,2025-07-04 05:35:44,43.3486366271973,-8.45657157897949,"Unknown"
"7014855",371852,2025-07-04 05:40:38,43.3449249267578,-8.45604515075684,"Unknown"
"7014855",371852,2025-07-04 05:46:14,43.3420104980469,-8.45281887054443,"Unknown"
"7014855",371852,2025-07-04 05:50:44,43.3448638916016,-8.44232845306396,"Unknown"
"7014855",371852,2025-07-04 05:55:38,43.3446769714355,-8.44246578216553,"Unknown"
"7014855",371852,2025-07-04 06:00:38,43.3447189331055,-8.44211864471436,"Unknown"
"7014855",371852,2025-07-04 06:05:38,43.3451499938965,-8.44188117980957,"Unknown"
"7014855",371852,2025-07-04 06:10:43,43.3452758789062,-8.44179916381836,"Unknown"
"7014855",371852,2025-07-04 06:15:33,43.3451919555664,-8.44090461730957,"Unknown"
"7014855",371852,2025-07-04 06:20:35,43.3454284667969,-8.44161701202393,"Unknown"
"7014855",371852,2025-07-04 06:25:38,43.3500289916992,-8.42822933197021,"Unknown"
"7014855",371852,2025-07-04 06:30:44,43.3500175476074,-8.42827796936035,"Unknown"
"7014855",371852,2025-07-04 06:35:30,43.3499908447266,-8.4282112121582,"Unknown"
"7014855",371852,2025-07-04 06:40:38,43.3499984741211,-8.42827320098877,"Unknown"
"7014855",371852,2025-07-04 06:45:33,43.350528717041,-8.4297981262207,"Unknown"
"7014855",371852,2025-07-04 06:50:38,43.3499641418457,-8.42831707000732,"Unknown"
"7014855",371852,2025-07-04 06:55:31,43.3481559753418,-8.43197536468506,"Unknown"
"7014855",371852,2025-07-04 07:00:43,43.3481407165527,-8.43674945831299,"Unknown"
"7014855",371852,2025-07-04 07:05:33,43.3481178283691,-8.43676090240479,"Unknown"
"7014855",371852,2025-07-04 07:10:32,43.3482055664062,-8.43668460845947,"Unknown"
"7014855",371852,2025-07-04 07:16:05,43.3554267883301,-8.42938137054443,"Unknown"
"7014855",371852,2025-07-04 07:20:29,43.355396270752,-8.42940616607666,"Unknown"
"7014855",371852,2025-07-04 07:25:29,43.3554611206055,-8.42936038970947,"Unknown"
"7014855",371852,2025-07-04 07:30:29,43.3553733825684,-8.42937660217285,"Unknown"
"7014855",371852,2025-07-04 07:35:29,43.3554344177246,-8.42941379547119,"Unknown"
"7014855",371852,2025-07-04 07:40:29,43.35546875,-8.42935371398926,"Unknown"
"7014855",371852,2025-07-04 07:45:31,43.3548736572266,-8.4297981262207,"Unknown"
"7014855",371852,2025-07-04 07:50:30,43.3553924560547,-8.42949199676514,"Unknown"
"7014855",371852,2025-07-04 07:55:31,43.3528594970703,-8.45236778259277,"Unknown"
"7014855",371852,2025-07-04 08:00:29,43.3540267944336,-8.45846462249756,"Unknown"
"7014855",371852,2025-07-04 08:05:31,43.3432312011719,-8.4602689743042,"Unknown"
"7014855",371852,2025-07-04 08:10:31,43.3233451843262,-8.46462631225586,"Unknown"
"7014855",371852,2025-07-04 08:15:38,43.2893295288086,-8.4615535736084,"Unknown"
"7014855",371852,2025-07-04 08:20:43,43.2707061767578,-8.4634256362915,"Unknown"
"7014855",371852,2025-07-04 08:25:29,43.2486419677734,-8.46186828613281,"Unknown"
"7014855",371852,2025-07-04 08:30:32,43.220874786377,-8.45884418487549,"Unknown"
"7014855",371852,2025-07-04 08:35:31,43.2036437988281,-8.45756149291992,"Unknown"
"7014855",371852,2025-07-04 08:40:31,43.1750679016113,-8.46124172210693,"Unknown"
"7014855",371852,2025-07-04 08:45:44,43.1340484619141,-8.47091674804688,"Unknown"
"7014855",371852,2025-07-04 08:50:32,43.1299819946289,-8.47162055969238,"Unknown"
"7014855",371852,2025-07-04 08:55:30,43.1305351257324,-8.47147941589355,"Unknown"
"7014855",371852,2025-07-04 09:00:31,43.1306114196777,-8.47157096862793,"Unknown"
"7014855",371852,2025-07-04 09:05:32,43.1306343078613,-8.47096920013428,"Unknown"
"7014855",371852,2025-07-04 09:10:30,43.1305923461914,-8.47097873687744,"Unknown"
"7014855",371852,2025-07-04 09:15:34,43.1306648254395,-8.470947265625,"Unknown"
"7014855",371852,2025-07-04 09:20:38,43.1330223083496,-8.47002792358398,"Unknown"
"7014855",371852,2025-07-04 09:25:32,43.1328735351562,-8.47009944915771,"Unknown"
"7014855",371852,2025-07-04 09:30:33,43.1336402893066,-8.46938037872314,"Unknown"
"7014855",371852,2025-07-04 09:35:36,43.1344909667969,-8.4716796875,"Unknown"
"7014855",371852,2025-07-04 09:40:37,43.1343193054199,-8.47163677215576,"Unknown"
"7014855",371852,2025-07-04 09:45:36,43.1343688964844,-8.47172451019287,"Unknown"
"7014855",371852,2025-07-04 09:50:32,43.1333045959473,-8.4729700088501,"Unknown"
"7014855",371852,2025-07-04 09:55:32,43.1333351135254,-8.47215938568115,"Unknown"
"7014855",371852,2025-07-04 10:00:45,43.133056640625,-8.46992492675781,"Unknown"
"7014855",371852,2025-07-04 10:05:39,43.1332015991211,-8.46985721588135,"Unknown"
"7014855",371852,2025-07-04 10:10:43,43.1333656311035,-8.47109127044678,"Unknown"
"7014855",371852,2025-07-04 10:15:37,43.1328926086426,-8.46987533569336,"Unknown"
"7014855",371852,2025-07-04 10:20:42,43.1329689025879,-8.47015762329102,"Unknown"
"7014855",371852,2025-07-04 10:25:39,43.1330299377441,-8.47006130218506,"Unknown"
"7014855",371852,2025-07-04 10:30:39,43.133056640625,-8.46983051300049,"Unknown"
"7014855",371852,2025-07-04 10:35:39,43.132926940918,-8.46981430053711,"Unknown"
"7014855",371852,2025-07-04 10:40:39,43.1329498291016,-8.47031688690186,"Unknown"
"7014855",371852,2025-07-04 10:45:48,43.1330070495605,-8.47027206420898,"Unknown"
"7014855",371852,2025-07-04 10:50:45,43.1328506469727,-8.47029781341553,"Unknown"
"7014855",371852,2025-07-04 10:56:06,43.132926940918,-8.46988677978516,"Unknown"
"7014855",371852,2025-07-04 11:00:31,43.1302528381348,-8.47192192077637,"Unknown"
"7014855",371852,2025-07-04 11:05:33,43.1306304931641,-8.47195339202881,"Unknown"
"7014855",371852,2025-07-04 11:10:34,43.1307067871094,-8.47203826904297,"Unknown"
"7014855",371852,2025-07-04 11:15:33,43.1327285766602,-8.47000694274902,"Unknown"
"7014855",371852,2025-07-04 11:20:34,43.1328125,-8.46983337402344,"Unknown"
"7014855",371852,2025-07-04 11:25:33,43.1328735351562,-8.46987342834473,"Unknown"
"7014855",371852,2025-07-04 11:30:34,43.1328315734863,-8.4699239730835,"Unknown"
"7014855",371852,2025-07-04 11:35:35,43.1329574584961,-8.46961116790771,"Unknown"
"7014855",371852,2025-07-04 11:40:36,43.1328659057617,-8.46957206726074,"Unknown"
"7014855",371852,2025-07-04 11:45:37,43.1329040527344,-8.46954536437988,"Unknown"
"7014855",371852,2025-07-04 11:50:33,43.1328163146973,-8.46966457366943,"Unknown"
"7014855",371852,2025-07-04 11:55:34,43.1329154968262,-8.46948623657227,"Unknown"
"7014855",371852,2025-07-04 12:00:35,43.132942199707,-8.46948337554932,"Unknown"
"7014855",371852,2025-07-04 12:05:52,43.1329536437988,-8.46947479248047,"Unknown"
"7014855",371852,2025-07-04 12:10:43,43.1328201293945,-8.46964931488037,"Unknown"
"7014855",371852,2025-07-04 12:15:43,43.1327819824219,-8.46971988677979,"Unknown"
"7014855",371852,2025-07-04 12:20:34,43.132698059082,-8.46969318389893,"Unknown"
"7014855",371852,2025-07-04 12:25:41,43.1328086853027,-8.46971035003662,"Unknown"
"7014855",371852,2025-07-04 12:30:41,43.1325149536133,-8.46960163116455,"Unknown"
"7014855",371852,2025-07-04 12:35:42,43.1323318481445,-8.46996593475342,"Unknown"
"7014855",371852,2025-07-04 12:41:00,43.1327819824219,-8.46969127655029,"Unknown"
"7014855",371852,2025-07-04 12:45:43,43.1325225830078,-8.46962451934814,"Unknown"
"7014855",371852,2025-07-04 12:50:43,43.1325607299805,-8.46951770782471,"Unknown"
"7014855",371852,2025-07-04 12:55:50,43.1327209472656,-8.4697151184082,"Unknown"
"7014855",371852,2025-07-04 13:00:34,43.1328315734863,-8.46985244750977,"Unknown"
"7014855",371852,2025-07-04 13:05:37,43.132869720459,-8.46984577178955,"Unknown"
"7014855",371852,2025-07-04 13:11:05,43.1328125,-8.4698657989502,"Unknown"
"7014855",371852,2025-07-04 13:15:30,43.132942199707,-8.47003936767578,"Unknown"
"7014855",371852,2025-07-04 13:20:31,43.1326446533203,-8.46977424621582,"Unknown"
"7014855",371852,2025-07-04 13:25:34,43.1327133178711,-8.46973609924316,"Unknown"
"7014855",371852,2025-07-04 13:30:30,43.1326560974121,-8.46965503692627,"Unknown"
"7014855",371852,2025-07-04 13:35:32,43.1326560974121,-8.46971988677979,"Unknown"
"7014855",371852,2025-07-04 13:40:34,43.1327018737793,-8.46963882446289,"Unknown"
"7014855",371852,2025-07-04 13:45:36,43.132682800293,-8.46969985961914,"Unknown"
"7014855",371852,2025-07-04 13:50:32,43.1327362060547,-8.46967601776123,"Unknown"
"7014855",371852,2025-07-04 13:55:31,43.132682800293,-8.46973419189453,"Unknown"
"7014855",371852,2025-07-04 14:00:33,43.1326446533203,-8.4696798324585,"Unknown"
"7014855",371852,2025-07-04 14:05:40,43.1328430175781,-8.4697732925415,"Unknown"
"7014855",371852,2025-07-04 14:10:36,43.1326522827148,-8.46961975097656,"Unknown"
"7014855",371852,2025-07-04 14:15:37,43.1326599121094,-8.46957778930664,"Unknown"
"7014855",371852,2025-07-04 14:20:36,43.1327972412109,-8.4697961807251,"Unknown"
"7014855",371852,2025-07-04 14:25:35,43.1328506469727,-8.46973896026611,"Unknown"
"7014855",371852,2025-07-04 14:31:05,43.132698059082,-8.46969604492188,"Unknown"
"7014855",371852,2025-07-04 14:35:31,43.1327285766602,-8.46971416473389,"Unknown"
"7014855",371852,2025-07-04 14:40:40,43.1326942443848,-8.46968936920166,"Unknown"
"7014855",371852,2025-07-04 14:45:33,43.1325798034668,-8.46946430206299,"Unknown"
"7014855",371852,2025-07-04 14:50:40,43.132755279541,-8.46973514556885,"Unknown"
"7014855",371852,2025-07-04 14:55:37,43.1326942443848,-8.46971225738525,"Unknown"
"7014855",371852,2025-07-04 15:00:39,43.1327323913574,-8.46963405609131,"Unknown"
"7014855",371852,2025-07-04 15:05:38,43.1327629089355,-8.46962833404541,"Unknown"
"7014855",371852,2025-07-04 15:10:38,43.1327209472656,-8.46977519989014,"Unknown"
"7014855",371852,2025-07-04 15:15:37,43.1327056884766,-8.46963119506836,"Unknown"
"7014855",371852,2025-07-04 15:20:36,43.1326942443848,-8.46956920623779,"Unknown"
"7014855",371852,2025-07-04 15:25:42,43.132682800293,-8.46964454650879,"Unknown"
"7014855",371852,2025-07-04 15:30:36,43.1326217651367,-8.46963787078857,"Unknown"
"7014855",371852,2025-07-04 15:35:37,43.1305236816406,-8.47116279602051,"Unknown"
"7014855",371852,2025-07-04 15:40:37,43.1304054260254,-8.4716968536377,"Unknown"
"7014855",371852,2025-07-04 15:45:43,43.1305274963379,-8.47162532806396,"Unknown"
"7014855",371852,2025-07-04 15:50:43,43.1295738220215,-8.47300910949707,"Unknown"
"7014855",371852,2025-07-04 15:55:44,43.1298904418945,-8.47246074676514,"Unknown"
"7014855",371852,2025-07-04 16:00:39,43.1298370361328,-8.47288227081299,"Unknown"
"7014855",371852,2025-07-04 16:05:44,43.1298446655273,-8.47229766845703,"Unknown"
"7014855",371852,2025-07-04 16:10:38,43.129955291748,-8.47231197357178,"Unknown"
"7014855",371852,2025-07-04 16:15:43,43.1298713684082,-8.47248840332031,"Unknown"
"7014855",371852,2025-07-04 16:20:38,43.1298789978027,-8.47222995758057,"Unknown"
"7014855",371852,2025-07-04 16:25:40,43.1298942565918,-8.47239875793457,"Unknown"
"7014855",371852,2025-07-04 16:30:34,43.1297149658203,-8.47264099121094,"Unknown"
"7014855",371852,2025-07-04 16:35:32,43.1299438476562,-8.47243881225586,"Unknown"
"7014855",371852,2025-07-04 16:40:32,43.1300201416016,-8.47225093841553,"Unknown"
"7014855",371852,2025-07-04 16:45:45,43.1299209594727,-8.47241497039795,"Unknown"
"7014855",371852,2025-07-04 16:50:32,43.130298614502,-8.47211360931396,"Unknown"
"7014855",371852,2025-07-04 16:55:34,43.1302604675293,-8.47204208374023,"Unknown"
"7014855",371852,2025-07-04 17:00:36,43.1299514770508,-8.47237014770508,"Unknown"
"7014855",371852,2025-07-04 17:05:37,43.130241394043,-8.47192859649658,"Unknown"
"7014855",371852,2025-07-04 17:10:37,43.1302261352539,-8.47201538085938,"Unknown"
"7014855",371852,2025-07-04 17:15:38,43.1301307678223,-8.47197246551514,"Unknown"
"7014855",371852,2025-07-04 17:20:40,43.1304016113281,-8.47180366516113,"Unknown"
"7014855",371852,2025-07-04 17:25:42,43.129940032959,-8.4719762802124,"Unknown"
"7014855",371852,2025-07-04 17:30:45,43.1305999755859,-8.4716968536377,"Unknown"
"7014855",371852,2025-07-04 17:35:38,43.1305618286133,-8.47190570831299,"Unknown"
"7014855",371852,2025-07-04 17:40:38,43.1304016113281,-8.47215175628662,"Unknown"
"7014855",371852,2025-07-04 17:45:32,43.1289672851562,-8.47745800018311,"Unknown"
"7014855",371852,2025-07-04 17:50:39,43.1023406982422,-8.497633934021,"Unknown"
"7014855",371852,2025-07-04 17:55:31,43.0985336303711,-8.49857902526855,"Unknown"
"7014855",371852,2025-07-04 18:00:30,43.1056823730469,-8.491868019104,"Unknown"
"7014855",371852,2025-07-04 18:05:34,43.1218605041504,-8.48140907287598,"Unknown"
"7014855",371852,2025-07-04 18:10:33,43.1294593811035,-8.4718074798584,"Unknown"
"7014855",371852,2025-07-04 18:16:05,43.1293792724609,-8.47174644470215,"Unknown"
"7014855",371852,2025-07-04 18:20:30,43.1294174194336,-8.47170352935791,"Unknown"
"7014855",371852,2025-07-04 18:25:30,43.1301460266113,-8.47089767456055,"Unknown"
"7014855",371852,2025-07-04 18:30:30,43.1314849853516,-8.47394275665283,"Unknown"
"7014855",371852,2025-07-04 18:35:30,43.1391448974609,-8.47349834442139,"Unknown"
"7014855",371852,2025-07-04 18:40:30,43.1554641723633,-8.47301292419434,"Unknown"
"7014855",371852,2025-07-04 18:45:30,43.1746520996094,-8.46842861175537,"Unknown"
"7014855",371852,2025-07-04 18:50:31,43.1925201416016,-8.44644832611084,"Unknown"
"7014855",371852,2025-07-04 18:55:30,43.2135810852051,-8.44457626342773,"Unknown"
"7014855",371852,2025-07-04 19:00:30,43.2261199951172,-8.46058654785156,"Unknown"
"7014855",371852,2025-07-04 19:05:30,43.2491645812988,-8.45822715759277,"Unknown"
"7014855",371852,2025-07-04 19:10:30,43.2733840942383,-8.45260047912598,"Unknown"
"7014855",371852,2025-07-04 19:15:31,43.2977447509766,-8.4536771774292,"Unknown"
"7014855",371852,2025-07-04 19:20:30,43.3182716369629,-8.43911552429199,"Unknown"
"7014855",371852,2025-07-04 19:25:30,43.3351097106934,-8.41973400115967,"Unknown"
"7014855",371852,2025-07-04 19:30:32,43.3555603027344,-8.40291786193848,"Unknown"
"7014855",371852,2025-07-04 19:35:37,43.363410949707,-8.39484024047852,"Unknown"
"7014855",371852,2025-07-04 19:40:33,43.3635902404785,-8.39358520507812,"Unknown"
"7014855",371852,2025-07-04 19:45:30,43.3640441894531,-8.39477252960205,"Unknown"
"7014855",371852,2025-07-04 19:50:30,43.3640975952148,-8.39492511749268,"Unknown"
"7014855",371852,2025-07-04 19:55:34,43.3640403747559,-8.39486789703369,"Unknown"
"7014855",371852,2025-07-04 20:01:05,43.3641052246094,-8.39489078521729,"Unknown"
"7014855",371852,2025-07-04 20:05:30,43.3640747070312,-8.39486789703369,"Unknown"
"7014855",371852,2025-07-04 20:10:30,43.3640975952148,-8.39491844177246,"Unknown"
"7014855",371852,2025-07-04 20:15:30,43.3640632629395,-8.39488220214844,"Unknown"
"7014855",371852,2025-07-04 20:20:30,43.3642425537109,-8.39473628997803,"Unknown"
"7014855",371852,2025-07-04 20:25:30,43.3641624450684,-8.39478302001953,"Unknown"
"7014855",371852,2025-07-04 20:30:30,43.3641548156738,-8.3947639465332,"Unknown"
"7014855",371852,2025-07-04 20:35:30,43.3642044067383,-8.39480590820312,"Unknown"
"7014855",371852,2025-07-04 20:40:30,43.3670234680176,-8.39608860015869,"Unknown"
"7014855",371852,2025-07-04 20:45:31,43.3669624328613,-8.39608383178711,"Unknown"
"7014855",371852,2025-07-04 20:50:30,43.3669776916504,-8.39606666564941,"Unknown"
"7014855",371852,2025-07-04 20:55:31,43.3669891357422,-8.39606189727783,"Unknown"
"7014855",371852,2025-07-04 21:00:30,43.3670616149902,-8.39605331420898,"Unknown"
"7014855",371852,2025-07-04 21:05:30,43.3669662475586,-8.39602184295654,"Unknown"
"7014855",371852,2025-07-04 21:10:31,43.3669471740723,-8.3960599899292,"Unknown"
"7014855",371852,2025-07-04 21:15:30,43.3669967651367,-8.3961067199707,"Unknown"
"7014855",371852,2025-07-04 21:20:31,43.367015838623,-8.3960542678833,"Unknown"
"7014855",371852,2025-07-04 21:25:30,43.3670539855957,-8.39619159698486,"Unknown"
"7014855",371852,2025-07-04 21:30:30,43.3669929504395,-8.39594268798828,"Unknown"
"7014855",371852,2025-07-04 21:35:30,43.3671035766602,-8.39609718322754,"Unknown"
"7014855",371852,2025-07-04 21:40:30,43.3670997619629,-8.39620780944824,"Unknown"
"7014855",371852,2025-07-04 21:45:30,43.3670310974121,-8.39600849151611,"Unknown"
"7014855",371852,2025-07-04 21:50:30,43.3670349121094,-8.39609718322754,"Unknown"
"7014855",371852,2025-07-04 21:55:30,43.367015838623,-8.39603233337402,"Unknown"
"7014855",371852,2025-07-04 22:00:31,43.3670806884766,-8.39608573913574,"Unknown"
"7014855",371852,2025-07-04 22:05:30,43.3670082092285,-8.39604663848877,"Unknown"
"7014855",371852,2025-07-04 22:10:31,43.367057800293,-8.39610481262207,"Unknown"
"7014855",371852,2025-07-04 22:15:30,43.367000579834,-8.39608478546143,"Unknown"
"7014855",371852,2025-07-04 22:20:38,43.3669891357422,-8.39607429504395,"Unknown"
"7014855",371852,2025-07-04 22:25:30,43.3670501708984,-8.39612007141113,"Unknown"
"7014855",371852,2025-07-04 22:30:31,43.3670349121094,-8.39609050750732,"Unknown"
"7014855",371852,2025-07-04 22:35:31,43.3670616149902,-8.39610767364502,"Unknown"
"7014855",371852,2025-07-04 22:40:31,43.3670043945312,-8.39608287811279,"Unknown"
"7014855",371852,2025-07-04 22:45:30,43.3669891357422,-8.39606094360352,"Unknown"
"7014855",371852,2025-07-04 22:50:31,43.367115020752,-8.39612293243408,"Unknown"
"7014855",371852,2025-07-04 22:55:31,43.3670845031738,-8.39609336853027,"Unknown"
"7014855",371852,2025-07-04 23:00:32,43.367073059082,-8.39610004425049,"Unknown"
"7014855",371852,2025-07-04 23:05:44,43.3669548034668,-8.39609813690186,"Unknown"
"7014855",371852,2025-07-04 23:10:30,43.3670806884766,-8.39608192443848,"Unknown"
"7014855",371852,2025-07-04 23:15:34,43.3676338195801,-8.39565563201904,"Unknown"
"7014855",371852,2025-07-04 23:20:34,43.3669204711914,-8.39599418640137,"Unknown"
"7014855",371852,2025-07-04 23:25:39,43.3673324584961,-8.3958101272583,"Unknown"
"7014855",371852,2025-07-04 23:30:41,43.3669891357422,-8.39602947235107,"Unknown"
"7014855",371852,2025-07-04 23:35:31,43.3672790527344,-8.39599800109863,"Unknown"
"7014855",371852,2025-07-04 23:40:31,43.3669586181641,-8.39610958099365,"Unknown"
"7014855",371852,2025-07-04 23:45:38,43.3668975830078,-8.39608955383301,"Unknown"
"7014855",371852,2025-07-04 23:50:30,43.3669395446777,-8.39605808258057,"Unknown"
"7014855",371852,2025-07-04 23:55:33,43.3669586181641,-8.39608287811279,"Unknown"
"7014855",371852,2025-07-05 00:00:43,43.3669586181641,-8.39612579345703,"Unknown"
"7014855",371852,2025-07-05 00:05:30,43.3670082092285,-8.39608669281006,"Unknown"
"7014855",371852,2025-07-05 00:10:30,43.3670043945312,-8.39608478546143,"Unknown"
"7014855",371852,2025-07-05 00:15:44,43.3669891357422,-8.39607238769531,"Unknown"
"7014855",371852,2025-07-05 00:20:30,43.366828918457,-8.3960132598877,"Unknown"
"7014855",371852,2025-07-05 00:25:30,43.367431640625,-8.39608097076416,"Unknown"
"7014855",371852,2025-07-05 00:30:33,43.3669700622559,-8.39613723754883,"Unknown"
"7014855",371852,2025-07-05 00:35:30,43.3672142028809,-8.39615249633789,"Unknown"
"7014855",371852,2025-07-05 00:40:30,43.3672676086426,-8.39623928070068,"Unknown"
"7014855",371852,2025-07-05 00:46:05,43.3670692443848,-8.3960657119751,"Unknown"
"7014855",371852,2025-07-05 00:50:30,43.3669471740723,-8.39610195159912,"Unknown"
"7014855",371852,2025-07-05 00:55:30,43.3669090270996,-8.39605903625488,"Unknown"
"7014855",371852,2025-07-05 01:00:30,43.3669395446777,-8.39610576629639,"Unknown"
"7014855",371852,2025-07-05 01:05:30,43.3622169494629,-8.4037036895752,"Unknown"
"7014855",371852,2025-07-05 01:10:30,43.3623962402344,-8.40374374389648,"Unknown"
"7014855",371852,2025-07-05 01:15:30,43.3621215820312,-8.40350818634033,"Unknown"
"7014855",371852,2025-07-05 01:20:30,43.3622169494629,-8.40353202819824,"Unknown"
"7014855",371852,2025-07-05 01:25:30,43.362361907959,-8.40372276306152,"Unknown"
"7014855",371852,2025-07-05 01:30:30,43.3623123168945,-8.40364551544189,"Unknown"
"7014855",371852,2025-07-05 01:35:30,43.3623580932617,-8.40365695953369,"Unknown"
"7014855",371852,2025-07-05 01:40:30,43.3622817993164,-8.40360546112061,"Unknown"
"7014855",371852,2025-07-05 01:45:30,43.3623428344727,-8.40363883972168,"Unknown"
"7014855",371852,2025-07-05 01:50:30,43.3623161315918,-8.40363216400146,"Unknown"
"7014855",371852,2025-07-05 01:55:30,43.3622741699219,-8.40359401702881,"Unknown"
"7014855",371852,2025-07-05 02:00:44,43.3623237609863,-8.40359783172607,"Unknown"
"7014855",371852,2025-07-05 02:05:30,43.3623962402344,-8.40365791320801,"Unknown"
"7014855",371852,2025-07-05 02:10:30,43.3623886108398,-8.40360641479492,"Unknown"
"7014855",371852,2025-07-05 02:15:30,43.3624153137207,-8.40364360809326,"Unknown"
"7014855",371852,2025-07-05 02:20:30,43.362377166748,-8.40364646911621,"Unknown"
"7014855",371852,2025-07-05 02:25:30,43.362434387207,-8.40367317199707,"Unknown"
"7014855",371852,2025-07-05 02:30:31,43.3624992370605,-8.40367126464844,"Unknown"
"7014855",371852,2025-07-05 02:35:30,43.3624839782715,-8.40376758575439,"Unknown"
"7014855",371852,2025-07-05 02:40:30,43.3624382019043,-8.40376758575439,"Unknown"
"7014855",371852,2025-07-05 02:45:38,43.3623466491699,-8.40367698669434,"Unknown"
"7014855",371852,2025-07-05 02:50:30,43.3623046875,-8.40361976623535,"Unknown"
"7014855",371852,2025-07-05 02:55:33,43.3623962402344,-8.40360546112061,"Unknown"
"7014855",371852,2025-07-05 03:00:37,43.3625259399414,-8.40397644042969,"Unknown"
"7014855",371852,2025-07-05 03:05:34,43.362621307373,-8.40395450592041,"Unknown"
"7014855",371852,2025-07-05 03:10:43,43.3625411987305,-8.40387439727783,"Unknown"
"7014855",371852,2025-07-05 03:16:01,43.3623695373535,-8.40397262573242,"Unknown"
"7014855",371852,2025-07-05 03:20:42,43.3624687194824,-8.40367221832275,"Unknown"
"7014855",371852,2025-07-05 03:25:30,43.3624610900879,-8.40350532531738,"Unknown"
"7014855",371852,2025-07-05 03:30:31,43.3625068664551,-8.4034481048584,"Unknown"
"7014855",371852,2025-07-05 03:35:30,43.3625183105469,-8.40354156494141,"Unknown"
"7014855",371852,2025-07-05 03:40:36,43.3624229431152,-8.40361022949219,"Unknown"
"7014855",371852,2025-07-05 03:46:05,43.3624610900879,-8.40365123748779,"Unknown"
"7014855",371852,2025-07-05 03:50:30,43.3623962402344,-8.40357303619385,"Unknown"
"7014855",371852,2025-07-05 03:55:32,43.362361907959,-8.40345573425293,"Unknown"
"7014855",371852,2025-07-05 04:00:32,43.3624267578125,-8.40361404418945,"Unknown"
"7014855",371852,2025-07-05 04:05:32,43.3643646240234,-8.40829563140869,"Unknown"
"7014855",371852,2025-07-05 04:10:30,43.3625793457031,-8.40400218963623,"Unknown"
"7014855",371852,2025-07-05 04:15:33,43.3624992370605,-8.40369510650635,"Unknown"
"7014855",371852,2025-07-05 04:20:34,43.3625030517578,-8.40367221832275,"Unknown"
"7014855",371852,2025-07-05 04:25:30,43.3624534606934,-8.40363311767578,"Unknown"
"7014855",371852,2025-07-05 04:30:44,43.3624382019043,-8.40356540679932,"Unknown"
"7014855",371852,2025-07-05 04:35:30,43.3624877929688,-8.40353679656982,"Unknown"
"7014855",371852,2025-07-05 04:40:30,43.3625068664551,-8.40355968475342,"Unknown"
"7014855",371852,2025-07-05 04:45:30,43.3625755310059,-8.40368366241455,"Unknown"
"7014855",371852,2025-07-05 04:50:33,43.3658599853516,-8.40643978118896,"Unknown"
"7014855",371852,2025-07-05 04:55:40,43.3767776489258,-8.42941570281982,"Unknown"
"7014855",371852,2025-07-05 05:00:40,43.3541412353516,-8.4585657119751,"Unknown"
"7014855",371852,2025-07-05 05:06:05,43.3537330627441,-8.45863246917725,"Unknown"
"7014855",371852,2025-07-05 05:10:31,43.3497200012207,-8.45535945892334,"Unknown"
"7014855",371852,2025-07-05 05:15:32,43.3491363525391,-8.45560646057129,"Unknown"
"7014855",371852,2025-07-05 05:20:32,43.3491592407227,-8.45539855957031,"Unknown"
"7014855",371852,2025-07-05 05:25:31,43.349967956543,-8.45533847808838,"Unknown"
"7014855",371852,2025-07-05 05:30:33,43.3540420532227,-8.45849418640137,"Unknown"
"7014855",371852,2025-07-05 05:35:55,43.3537178039551,-8.45894432067871,"Unknown"
"7014855",371852,2025-07-05 05:40:39,43.353645324707,-8.45863819122314,"Unknown"
"7014855",371852,2025-07-05 05:45:39,43.3539047241211,-8.45864200592041,"Unknown"
"7014855",371852,2025-07-05 06:00:41,43.3499526977539,-8.45659065246582,"Unknown"
"7014855",371852,2025-07-05 06:05:49,43.3406791687012,-8.45329856872559,"Unknown"
"7014855",371852,2025-07-05 06:10:42,43.3405227661133,-8.45322704315186,"Unknown"
"7014855",371852,2025-07-05 06:15:39,43.3448104858398,-8.44211292266846,"Unknown"
"7014855",371852,2025-07-05 06:20:39,43.3447608947754,-8.44215106964111,"Unknown"
"7014855",371852,2025-07-05 06:25:39,43.344783782959,-8.44215488433838,"Unknown"
"7014855",371852,2025-07-05 06:35:39,43.3447227478027,-8.44215202331543,"Unknown"
"7014855",371852,2025-07-05 06:40:49,43.3448791503906,-8.44239234924316,"Unknown"
"7014855",371852,2025-07-05 06:45:49,43.3454513549805,-8.44156742095947,"Unknown"
"7014855",371852,2025-07-05 06:50:40,43.3454246520996,-8.44155788421631,"Unknown"
"7014855",371852,2025-07-05 07:01:05,43.3453788757324,-8.44167900085449,"Unknown"
"7014855",371852,2025-07-05 07:05:30,43.3453636169434,-8.44179821014404,"Unknown"
"7014855",371852,2025-07-05 07:10:30,43.3454208374023,-8.441725730896,"Unknown"
"7014855",371852,2025-07-05 07:15:30,43.3454132080078,-8.44175815582275,"Unknown"
"7014855",371852,2025-07-05 07:25:30,43.3454246520996,-8.44172763824463,"Unknown"
"7014855",371852,2025-07-05 07:30:30,43.3454132080078,-8.44185066223145,"Unknown"
"7014855",371852,2025-07-05 07:35:30,43.3453788757324,-8.44181156158447,"Unknown"
"7014855",371852,2025-07-05 07:45:30,43.3452949523926,-8.44170475006104,"Unknown"
"7014855",371852,2025-07-05 07:50:31,43.3448066711426,-8.4418830871582,"Unknown"
"7014855",371852,2025-07-05 07:55:30,43.3451614379883,-8.44167327880859,"Unknown"
"7014855",371852,2025-07-05 08:00:31,43.3454513549805,-8.44172382354736,"Unknown"
"7014855",371852,2025-07-05 08:05:31,43.3457374572754,-8.44058799743652,"Unknown"
"7014855",371852,2025-07-05 08:10:31,43.3454208374023,-8.44162845611572,"Unknown"
"7014855",371852,2025-07-05 08:15:30,43.34521484375,-8.44144916534424,"Unknown"
"7014855",371852,2025-07-05 08:20:31,43.3452987670898,-8.44141006469727,"Unknown"
"7014855",371852,2025-07-05 08:25:31,43.3452415466309,-8.44134140014648,"Unknown"
"7014855",371852,2025-07-05 08:30:31,43.347240447998,-8.44958686828613,"Unknown"
"7014855",371852,2025-07-05 08:35:31,43.354076385498,-8.45733642578125,"Unknown"
"7014855",371852,2025-07-05 08:40:31,43.3571319580078,-8.48643589019775,"Unknown"
"7014855",371852,2025-07-05 08:45:31,43.3485832214355,-8.53483009338379,"Unknown"
"7014855",371852,2025-07-05 08:50:31,43.3221015930176,-8.5890474319458,"Unknown"
"7014855",371852,2025-07-05 08:55:32,43.315185546875,-8.61649608612061,"Unknown"
"7014855",371852,2025-07-05 09:00:31,43.3050804138184,-8.68639945983887,"Unknown"
"7014855",371852,2025-07-05 09:05:33,43.297119140625,-8.74352836608887,"Unknown"
"7014855",371852,2025-07-05 09:10:31,43.3044891357422,-8.78197860717773,"Unknown"
"7014855",371852,2025-07-05 09:15:32,43.3191528320312,-8.80537033081055,"Unknown"
"7014855",371852,2025-07-05 09:20:33,43.3340911865234,-8.82804393768311,"Unknown"
"7014855",371852,2025-07-05 09:25:38,43.3488578796387,-8.84316444396973,"Unknown"
"7014855",371852,2025-07-05 09:30:38,43.3597564697266,-8.84378433227539,"Unknown"
"7014855",371852,2025-07-05 09:35:38,43.3598480224609,-8.84390926361084,"Unknown"
"7014855",371852,2025-07-05 09:40:53,43.3598327636719,-8.84378147125244,"Unknown"
"7014855",371852,2025-07-05 09:45:36,43.3598594665527,-8.84508895874023,"Unknown"
"7014855",371852,2025-07-05 09:50:38,43.3598365783691,-8.84392547607422,"Unknown"
"7014855",371852,2025-07-05 09:55:38,43.3599472045898,-8.84387397766113,"Unknown"
"7014855",371852,2025-07-05 10:00:38,43.3599624633789,-8.84384727478027,"Unknown"
"7014855",371852,2025-07-05 10:05:38,43.3599853515625,-8.84386157989502,"Unknown"
"7014855",371852,2025-07-05 10:10:38,43.3600006103516,-8.84389209747314,"Unknown"
"7014855",371852,2025-07-05 10:15:38,43.3599815368652,-8.84390163421631,"Unknown"
"7014855",371852,2025-07-05 10:20:42,43.3599166870117,-8.84362411499023,"Unknown"
"7014855",371852,2025-07-05 10:25:37,43.3597984313965,-8.84311771392822,"Unknown"
"7014855",371852,2025-07-05 10:30:38,43.3598213195801,-8.84329986572266,"Unknown"
"7014855",371852,2025-07-05 10:35:39,43.3604927062988,-8.8427152633667,"Unknown"
"7014855",371852,2025-07-05 10:40:38,43.3605918884277,-8.84263229370117,"Unknown"
"7014855",371852,2025-07-05 10:46:05,43.3603897094727,-8.8432731628418,"Unknown"
"7014855",371852,2025-07-05 10:50:38,43.3604736328125,-8.84326839447021,"Unknown"
"7014855",371852,2025-07-05 10:55:38,43.3603935241699,-8.84328460693359,"Unknown"
"7014855",371852,2025-07-05 11:00:37,43.3603363037109,-8.84328746795654,"Unknown"
"7014855",371852,2025-07-05 11:05:38,43.3603668212891,-8.84329986572266,"Unknown"
"7014855",371852,2025-07-05 11:10:39,43.360179901123,-8.84356880187988,"Unknown"
"7014855",371852,2025-07-05 11:15:38,43.3602447509766,-8.84360218048096,"Unknown"
"7014855",371852,2025-07-05 11:20:44,43.3604354858398,-8.84375858306885,"Unknown"
"7014855",371852,2025-07-05 11:25:31,43.3604583740234,-8.84372997283936,"Unknown"
"7014855",371852,2025-07-05 11:31:03,43.3600425720215,-8.84310340881348,"Unknown"
"7014855",371852,2025-07-05 11:35:30,43.3632011413574,-8.8512544631958,"Unknown"
"7014855",371852,2025-07-05 11:40:31,43.375545501709,-8.8635196685791,"Unknown"
"7014855",371852,2025-07-05 11:45:30,43.3757705688477,-8.86360454559326,"Unknown"
"7014855",371852,2025-07-05 11:50:31,43.3661117553711,-8.85112953186035,"Unknown"
"7014855",371852,2025-07-05 11:55:31,43.3606719970703,-8.84291362762451,"Unknown"
"7014855",371852,2025-07-05 12:00:30,43.3604736328125,-8.84275150299072,"Unknown"
"7014855",371852,2025-07-05 12:05:32,43.3599967956543,-8.8431396484375,"Unknown"
"7014855",371852,2025-07-05 12:10:33,43.3600959777832,-8.84295272827148,"Unknown"
"7014855",371852,2025-07-05 12:15:31,43.3601150512695,-8.84299755096436,"Unknown"
"7014855",371852,2025-07-05 12:20:32,43.3599128723145,-8.84312534332275,"Unknown"
"7014855",371852,2025-07-05 12:25:31,43.3610038757324,-8.84236240386963,"Unknown"
"7014855",371852,2025-07-05 12:30:38,43.3600158691406,-8.84313869476318,"Unknown"
"7014855",371852,2025-07-05 12:35:41,43.3600044250488,-8.84315299987793,"Unknown"
"7014855",371852,2025-07-05 12:40:32,43.3600654602051,-8.84297847747803,"Unknown"
"7014855",371852,2025-07-05 12:51:41,43.3616752624512,-8.84355068206787,"Unknown"
"7014855",371852,2025-07-05 12:55:39,43.3614959716797,-8.83781814575195,"Unknown"
"7014855",371852,2025-07-05 13:00:33,43.3620185852051,-8.83800315856934,"Unknown"
"7014855",371852,2025-07-05 13:05:36,43.3622016906738,-8.83589172363281,"Unknown"
"7014855",371852,2025-07-05 13:10:40,43.3620872497559,-8.83808326721191,"Unknown"
"7014855",371852,2025-07-05 13:15:30,43.3626670837402,-8.83781719207764,"Unknown"
"7014855",371852,2025-07-05 13:20:35,43.3615608215332,-8.83603954315186,"Unknown"
"7014855",371852,2025-07-05 13:25:35,43.362133026123,-8.83812141418457,"Unknown"
"7014855",371852,2025-07-05 13:30:36,43.3612213134766,-8.83565521240234,"Unknown"
"7014855",371852,2025-07-05 13:35:37,43.3613929748535,-8.83981227874756,"Unknown"
"7014855",371852,2025-07-05 13:40:36,43.3712539672852,-8.85536003112793,"Unknown"
"7014855",371852,2025-07-05 13:46:05,43.3599548339844,-8.84318351745605,"Unknown"
"7014855",371852,2025-07-05 13:50:34,43.3599548339844,-8.84244918823242,"Unknown"
"7014855",371852,2025-07-05 13:55:38,43.359992980957,-8.84322547912598,"Unknown"
"7014855",371852,2025-07-05 14:00:36,43.3601493835449,-8.8449764251709,"Unknown"
"7014855",371852,2025-07-05 14:05:34,43.3599853515625,-8.84326171875,"Unknown"
"7014855",371852,2025-07-05 14:10:35,43.361515045166,-8.84214782714844,"Unknown"
"7014855",371852,2025-07-05 14:15:32,43.3441276550293,-8.83244037628174,"Unknown"
"7014855",371852,2025-07-05 14:20:43,43.3206558227539,-8.8093090057373,"Unknown"
"7014855",371852,2025-07-05 14:25:35,43.3007659912109,-8.78127002716064,"Unknown"
"7014855",371852,2025-07-05 14:30:35,43.2973556518555,-8.74545383453369,"Unknown"
"7014855",371852,2025-07-05 14:35:35,43.3038787841797,-8.70974349975586,"Unknown"
"7014855",371852,2025-07-05 14:40:43,43.303840637207,-8.67776775360107,"Unknown"
"7014855",371852,2025-07-05 14:45:33,43.3078918457031,-8.64492988586426,"Unknown"
"7014855",371852,2025-07-05 14:50:39,43.313159942627,-8.61998462677002,"Unknown"
"7014855",371852,2025-07-05 14:55:39,43.3155174255371,-8.59103679656982,"Unknown"
"7014855",371852,2025-07-05 15:00:38,43.3117294311523,-8.55552101135254,"Unknown"
"7014855",371852,2025-07-05 15:05:38,43.3162155151367,-8.52522373199463,"Unknown"
"7014855",371852,2025-07-05 15:10:38,43.3274116516113,-8.51365661621094,"Unknown"
"7014855",371852,2025-07-05 15:15:47,43.3339920043945,-8.49368190765381,"Unknown"
"7014855",371852,2025-07-05 15:20:41,43.3485260009766,-8.47827529907227,"Unknown"
"7014855",371852,2025-07-05 15:25:31,43.3597640991211,-8.45935916900635,"Unknown"
"7014855",371852,2025-07-05 15:30:38,43.3539924621582,-8.4586820602417,"Unknown"
"7014855",371852,2025-07-05 15:35:38,43.3539733886719,-8.45855236053467,"Unknown"
"7014855",371852,2025-07-05 15:40:44,43.3538551330566,-8.45840644836426,"Unknown"
"7014855",371852,2025-07-05 15:50:42,43.3538932800293,-8.45845031738281,"Unknown"
"7014855",371852,2025-07-05 15:56:31,43.3538665771484,-8.45829963684082,"Unknown"
"7014855",371852,2025-07-05 16:00:40,43.3537559509277,-8.45872211456299,"Unknown"
"7014855",371852,2025-07-05 16:05:42,43.3538589477539,-8.45865345001221,"Unknown"
"7014855",371852,2025-07-05 16:11:05,43.3406791687012,-8.45350742340088,"Unknown"
"7014855",371852,2025-07-05 16:15:38,43.3406372070312,-8.45361614227295,"Unknown"
"7014855",371852,2025-07-05 16:20:33,43.3415031433105,-8.45211887359619,"Unknown"
"7014855",371852,2025-07-05 16:25:36,43.3452072143555,-8.4419116973877,"Unknown"
"7014855",371852,2025-07-05 16:30:32,43.3451271057129,-8.44166469573975,"Unknown"
"7014855",371852,2025-07-05 16:35:39,43.3451995849609,-8.44190788269043,"Unknown"
"7014855",371852,2025-07-05 16:40:31,43.3453674316406,-8.44211673736572,"Unknown"
"7014855",371852,2025-07-05 16:45:44,43.345272064209,-8.44175434112549,"Unknown"
"7014855",371852,2025-07-05 16:50:34,43.3452072143555,-8.44186878204346,"Unknown"
"7014855",371852,2025-07-05 16:55:34,43.3452911376953,-8.44192886352539,"Unknown"
"7014855",371852,2025-07-05 17:00:39,43.3427124023438,-8.43450832366943,"Unknown"
"7014855",371852,2025-07-05 17:06:09,43.3544769287109,-8.40988159179688,"Unknown"
"7014855",371852,2025-07-05 17:10:31,43.3652725219727,-8.40014362335205,"Unknown"
"7014855",371852,2025-07-05 17:15:33,43.3670654296875,-8.39797782897949,"Unknown"
"7014855",371852,2025-07-05 17:20:36,43.3670883178711,-8.39811134338379,"Unknown"
"7014855",371852,2025-07-05 17:25:41,43.3670272827148,-8.3980131149292,"Unknown"
"7014855",371852,2025-07-05 17:30:31,43.3670959472656,-8.39801120758057,"Unknown"
"7014855",371852,2025-07-05 17:35:34,43.366943359375,-8.39792823791504,"Unknown"
"7014855",371852,2025-07-05 17:40:33,43.3671646118164,-8.39808750152588,"Unknown"
"7014855",371852,2025-07-05 17:45:33,43.3670196533203,-8.39786148071289,"Unknown"
"7014855",371852,2025-07-05 17:50:44,43.3668937683105,-8.39797782897949,"Unknown"
"7014855",371852,2025-07-05 17:55:31,43.3668937683105,-8.39811992645264,"Unknown"
"7014855",371852,2025-07-05 18:01:05,43.3669281005859,-8.39807033538818,"Unknown"
"7014855",371852,2025-07-05 18:05:31,43.366828918457,-8.39816188812256,"Unknown"
"7014855",371852,2025-07-05 18:10:31,43.366886138916,-8.39813232421875,"Unknown"
"7014855",371852,2025-07-05 18:15:31,43.366886138916,-8.39814281463623,"Unknown"
"7014855",371852,2025-07-05 18:20:31,43.3669090270996,-8.39809322357178,"Unknown"
"7014855",371852,2025-07-05 18:25:32,43.3668212890625,-8.39824390411377,"Unknown"
"7014855",371852,2025-07-05 18:30:32,43.3669166564941,-8.39809226989746,"Unknown"
"7014855",371852,2025-07-05 18:35:32,43.366886138916,-8.39813423156738,"Unknown"
"7014855",371852,2025-07-05 18:40:32,43.366943359375,-8.3981294631958,"Unknown"
"7014855",371852,2025-07-05 18:45:31,43.3669242858887,-8.39809036254883,"Unknown"
"7014855",371852,2025-07-05 18:50:32,43.367015838623,-8.39806938171387,"Unknown"
"7014855",371852,2025-07-05 18:55:31,43.3669929504395,-8.39805603027344,"Unknown"
"7014855",371852,2025-07-05 19:00:31,43.3669815063477,-8.39799880981445,"Unknown"
"7014855",371852,2025-07-05 19:05:32,43.3670616149902,-8.39804458618164,"Unknown"
"7014855",371852,2025-07-05 19:10:32,43.3670616149902,-8.39797782897949,"Unknown"
"7014855",371852,2025-07-05 19:15:31,43.367000579834,-8.39807033538818,"Unknown"
"7014855",371852,2025-07-05 19:20:32,43.3670997619629,-8.39793014526367,"Unknown"
"7014855",371852,2025-07-05 19:25:32,43.3668746948242,-8.39804267883301,"Unknown"
"7014855",371852,2025-07-05 19:30:33,43.3671188354492,-8.39793491363525,"Unknown"
"7014855",371852,2025-07-05 19:35:33,43.3671188354492,-8.39797973632812,"Unknown"
"7014855",371852,2025-07-05 19:40:33,43.3671607971191,-8.39788913726807,"Unknown"
"7014855",371852,2025-07-05 19:45:31,43.3670196533203,-8.39800262451172,"Unknown"
"7014855",371852,2025-07-05 19:50:31,43.3670539855957,-8.39803504943848,"Unknown"
"7014855",371852,2025-07-05 19:55:31,43.3670349121094,-8.3980016708374,"Unknown"
"7014855",371852,2025-07-05 20:00:31,43.3670616149902,-8.39805507659912,"Unknown"
"7014855",371852,2025-07-05 20:05:31,43.367057800293,-8.3979434967041,"Unknown"
"7014855",371852,2025-07-05 20:10:34,43.3670806884766,-8.39802551269531,"Unknown"
"7014855",371852,2025-07-05 20:15:33,43.3670883178711,-8.39802169799805,"Unknown"
"7014855",371852,2025-07-05 20:20:32,43.3670272827148,-8.39791297912598,"Unknown"
"7014855",371852,2025-07-05 20:25:32,43.3670501708984,-8.39795017242432,"Unknown"
"7014855",371852,2025-07-05 20:30:33,43.3671722412109,-8.39817333221436,"Unknown"
"7014855",371852,2025-07-05 20:35:38,43.3671340942383,-8.39804649353027,"Unknown"
"7014855",371852,2025-07-05 20:40:31,43.3670310974121,-8.39783954620361,"Unknown"
"7014855",371852,2025-07-05 20:45:31,43.3672065734863,-8.39806842803955,"Unknown"
"7014855",371852,2025-07-05 20:50:44,43.3671455383301,-8.39805316925049,"Unknown"
"7014855",371852,2025-07-05 20:55:31,43.367259979248,-8.39815235137939,"Unknown"
"7014855",371852,2025-07-05 21:00:33,43.3672370910645,-8.39814758300781,"Unknown"
"7014855",371852,2025-07-05 21:05:33,43.3672065734863,-8.39803314208984,"Unknown"
"7014855",371852,2025-07-05 21:10:32,43.3669624328613,-8.39772796630859,"Unknown"
"7014855",371852,2025-07-05 21:15:29,43.369197845459,-8.40179920196533,"Unknown"
"7014855",371852,2025-07-05 21:20:31,43.3671112060547,-8.39798164367676,"Unknown"
"7014855",371852,2025-07-05 21:25:31,43.3672103881836,-8.39817905426025,"Unknown"
"7014855",371852,2025-07-05 21:30:41,43.3670082092285,-8.39789581298828,"Unknown"
"7014855",371852,2025-07-05 21:35:39,43.3670654296875,-8.39812183380127,"Unknown"
"7014855",371852,2025-07-05 21:40:39,43.3671340942383,-8.39801216125488,"Unknown"
"7014855",371852,2025-07-05 21:45:31,43.3671188354492,-8.39801216125488,"Unknown"
"7014855",371852,2025-07-05 21:50:31,43.3671455383301,-8.39809989929199,"Unknown"
"7014855",371852,2025-07-05 21:55:33,43.3671226501465,-8.3984260559082,"Unknown"
"7014855",371852,2025-07-05 22:00:32,43.3667259216309,-8.39971351623535,"Unknown"
"7014855",371852,2025-07-05 22:05:38,43.367618560791,-8.39630794525146,"Unknown"
"7014855",371852,2025-07-05 22:10:34,43.367130279541,-8.39746570587158,"Unknown"
"7014855",371852,2025-07-05 22:16:05,43.3671188354492,-8.39801597595215,"Unknown"
"7014855",371852,2025-07-05 22:20:31,43.3670959472656,-8.39795303344727,"Unknown"
"7014855",371852,2025-07-05 22:25:31,43.3670845031738,-8.39800357818604,"Unknown"
"7014855",371852,2025-07-05 22:30:31,43.3671379089355,-8.3978099822998,"Unknown"
"7014855",371852,2025-07-05 22:35:33,43.3670768737793,-8.39795684814453,"Unknown"
"7014855",371852,2025-07-05 22:40:31,43.367115020752,-8.39807605743408,"Unknown"
"7014855",371852,2025-07-05 22:45:31,43.3671073913574,-8.39798450469971,"Unknown"
"7014855",371852,2025-07-05 22:50:31,43.3671188354492,-8.39809226989746,"Unknown"
"7014855",371852,2025-07-05 22:55:44,43.3671417236328,-8.39799213409424,"Unknown"
"7014855",371852,2025-07-05 23:00:31,43.3671875,-8.39809036254883,"Unknown"
"7014855",371852,2025-07-05 23:05:31,43.3671836853027,-8.39839172363281,"Unknown"
"7014855",371852,2025-07-05 23:10:33,43.3671989440918,-8.39822959899902,"Unknown"
"7014855",371852,2025-07-05 23:15:33,43.367130279541,-8.39816474914551,"Unknown"
"7014855",371852,2025-07-05 23:20:32,43.3671226501465,-8.39806175231934,"Unknown"
"7014855",371852,2025-07-05 23:25:34,43.3672523498535,-8.39825820922852,"Unknown"
"7014855",371852,2025-07-05 23:30:33,43.3672142028809,-8.39816379547119,"Unknown"
"7014855",371852,2025-07-05 23:35:32,43.3672676086426,-8.39846706390381,"Unknown"
"7014855",371852,2025-07-05 23:40:33,43.3671836853027,-8.39829730987549,"Unknown"
"7014855",371852,2025-07-05 23:45:40,43.3671455383301,-8.39818859100342,"Unknown"
"7014855",371852,2025-07-05 23:50:31,43.3671264648438,-8.39811134338379,"Unknown"
"7014855",371852,2025-07-05 23:55:31,43.3671379089355,-8.39817142486572,"Unknown"
"7014855",371852,2025-07-06 00:00:31,43.3671569824219,-8.39813804626465,"Unknown"
"7014855",371852,2025-07-06 00:05:32,43.3672027587891,-8.39803886413574,"Unknown"
"7014855",371852,2025-07-06 00:10:31,43.3670883178711,-8.39815425872803,"Unknown"
"7014855",371852,2025-07-06 00:15:31,43.3670845031738,-8.39820384979248,"Unknown"
"7014855",371852,2025-07-06 00:20:31,43.3670082092285,-8.39820384979248,"Unknown"
"7014855",371852,2025-07-06 00:25:31,43.3671379089355,-8.39815616607666,"Unknown"
"7014855",371852,2025-07-06 00:30:42,43.3670425415039,-8.39807891845703,"Unknown"
"7014855",371852,2025-07-06 00:35:31,43.3671035766602,-8.39818859100342,"Unknown"
"7014855",371852,2025-07-06 00:40:32,43.3607139587402,-8.40076446533203,"Unknown"
"7014855",371852,2025-07-06 00:45:33,43.362735748291,-8.4038200378418,"Unknown"
"7014855",371852,2025-07-06 00:50:31,43.3628044128418,-8.40365028381348,"Unknown"
"7014855",371852,2025-07-06 00:55:31,43.3626327514648,-8.40395450592041,"Unknown"
"7014855",371852,2025-07-06 01:00:31,43.3627243041992,-8.40378093719482,"Unknown"
"7014855",371852,2025-07-06 01:05:32,43.3630027770996,-8.403733253479,"Unknown"
"7014855",371852,2025-07-06 01:10:32,43.3630332946777,-8.40392971038818,"Unknown"
"7014855",371852,2025-07-06 01:15:45,43.362850189209,-8.40374660491943,"Unknown"
"7014855",371852,2025-07-06 01:20:31,43.3629379272461,-8.40359592437744,"Unknown"
"7014855",371852,2025-07-06 01:25:31,43.3628768920898,-8.40378570556641,"Unknown"
"7014855",371852,2025-07-06 01:30:31,43.362979888916,-8.40367126464844,"Unknown"
"7014855",371852,2025-07-06 01:35:31,43.3629188537598,-8.40372467041016,"Unknown"
"7014855",371852,2025-07-06 01:40:31,43.3628540039062,-8.40371704101562,"Unknown"
"7014855",371852,2025-07-06 01:45:45,43.3628845214844,-8.40367126464844,"Unknown"
"7014855",371852,2025-07-06 01:50:41,43.3628997802734,-8.40358257293701,"Unknown"
"7014855",371852,2025-07-06 01:55:40,43.3628845214844,-8.40365600585938,"Unknown"
"7014855",371852,2025-07-06 02:00:38,43.3629837036133,-8.40356636047363,"Unknown"
"7014855",371852,2025-07-06 02:05:44,43.3625984191895,-8.40320491790771,"Unknown"
"7014855",371852,2025-07-06 02:10:39,43.3627471923828,-8.40318584442139,"Unknown"
"7014855",371852,2025-07-06 02:15:43,43.3631629943848,-8.40348529815674,"Unknown"
"7014855",371852,2025-07-06 02:20:38,43.3635330200195,-8.40372371673584,"Unknown"
"7014855",371852,2025-07-06 02:25:36,43.3637199401855,-8.40357780456543,"Unknown"
"7014855",371852,2025-07-06 02:31:05,43.3641014099121,-8.40286254882812,"Unknown"
"7014855",371852,2025-07-06 02:35:31,43.3629112243652,-8.40366172790527,"Unknown"
"7014855",371852,2025-07-06 02:40:31,43.3629493713379,-8.40364742279053,"Unknown"
"7014855",371852,2025-07-06 02:45:31,43.3629112243652,-8.40373802185059,"Unknown"
"7014855",371852,2025-07-06 02:50:31,43.3629951477051,-8.40379333496094,"Unknown"
"7014855",371852,2025-07-06 02:55:31,43.3629989624023,-8.40377235412598,"Unknown"
"7014855",371852,2025-07-06 03:00:31,43.3630180358887,-8.40387916564941,"Unknown"
"7014855",371852,2025-07-06 03:05:31,43.3629684448242,-8.40379047393799,"Unknown"
"7014855",371852,2025-07-06 03:10:31,43.3629951477051,-8.40384101867676,"Unknown"
"7014855",371852,2025-07-06 03:15:31,43.3629722595215,-8.40384769439697,"Unknown"
"7014855",371852,2025-07-06 03:20:34,43.3629760742188,-8.40381240844727,"Unknown"
"7014855",371852,2025-07-06 03:25:39,43.3629302978516,-8.40382194519043,"Unknown"
"7014855",371852,2025-07-06 03:30:34,43.3627967834473,-8.40389728546143,"Unknown"
"7014855",371852,2025-07-06 03:35:44,43.3627624511719,-8.40362739562988,"Unknown"
"7014855",371852,2025-07-06 03:40:32,43.3628959655762,-8.40364646911621,"Unknown"
"7014855",371852,2025-07-06 03:45:33,43.3629035949707,-8.40366363525391,"Unknown"
"7014855",371852,2025-07-06 03:50:31,43.3630485534668,-8.40411281585693,"Unknown"
"7014855",371852,2025-07-06 03:55:32,43.3629455566406,-8.40390872955322,"Unknown"
"7014855",371852,2025-07-06 04:00:33,43.3629570007324,-8.40369701385498,"Unknown"
"7014855",371852,2025-07-06 04:05:41,43.3629875183105,-8.40388870239258,"Unknown"
"7014855",371852,2025-07-06 04:10:33,43.3627586364746,-8.40257263183594,"Unknown"
"7014855",371852,2025-07-06 04:15:38,43.3675842285156,-8.4133415222168,"Unknown"
"7014855",371852,2025-07-06 04:20:37,43.3675804138184,-8.41368389129639,"Unknown"
"7014855",371852,2025-07-06 04:25:33,43.3679733276367,-8.41403961181641,"Unknown"
"7014855",371852,2025-07-06 04:30:37,43.3621864318848,-8.42650413513184,"Unknown"
"7014855",371852,2025-07-06 04:35:36,43.354320526123,-8.43165683746338,"Unknown"
"7014855",371852,2025-07-06 04:40:34,43.3538589477539,-8.45817852020264,"Unknown"
"7014855",371852,2025-07-06 04:46:55,43.3536262512207,-8.45887470245361,"Unknown"
"7014855",371852,2025-07-06 04:50:44,43.3539505004883,-8.45852375030518,"Unknown"
"7014855",371852,2025-07-06 07:46:03,43.3486671447754,-8.45658588409424,"Unknown"
"7014855",371852,2025-07-06 07:50:33,43.3487091064453,-8.45663452148438,"Unknown"
"7014855",371852,2025-07-06 07:55:33,43.355281829834,-8.45686817169189,"Unknown"
"7014855",371852,2025-07-06 08:00:38,43.3552398681641,-8.45683479309082,"Unknown"
"7014855",371852,2025-07-06 08:05:40,43.3552093505859,-8.45683193206787,"Unknown"
"7014855",371852,2025-07-06 08:10:36,43.3550872802734,-8.45695877075195,"Unknown"
"7014855",371852,2025-07-06 08:15:37,43.353759765625,-8.45871543884277,"Unknown"
"7014855",371852,2025-07-06 08:25:51,43.3540878295898,-8.45892429351807,"Unknown"
"7014855",371852,2025-07-06 08:30:34,43.3546295166016,-8.45961856842041,"Unknown"
"7014855",371852,2025-07-06 08:35:39,43.353931427002,-8.45881080627441,"Unknown"
"7014855",371852,2025-07-06 08:40:36,43.3546714782715,-8.45796394348145,"Unknown"
"7014855",371852,2025-07-06 08:55:38,43.3419609069824,-8.45269870758057,"Unknown"
"7014855",371852,2025-07-06 09:00:57,43.3407821655273,-8.45524215698242,"Unknown"
"7014855",371852,2025-07-06 09:05:39,43.3397636413574,-8.45528888702393,"Unknown"
"7014855",371852,2025-07-06 09:10:39,43.3452110290527,-8.44169330596924,"Unknown"
"7014855",371852,2025-07-06 09:15:34,43.3451271057129,-8.44167041778564,"Unknown"
"7014855",371852,2025-07-06 09:20:44,43.3451232910156,-8.44140434265137,"Unknown"
"7014855",371852,2025-07-06 09:25:39,43.3451538085938,-8.44174957275391,"Unknown"
"7014855",371852,2025-07-06 09:30:44,43.3454627990723,-8.44200038909912,"Unknown"
"7014855",371852,2025-07-06 09:35:39,43.3453521728516,-8.44171619415283,"Unknown"
"7014855",371852,2025-07-06 09:40:39,43.3454208374023,-8.44185924530029,"Unknown"
"7014855",371852,2025-07-06 09:45:39,43.345386505127,-8.44190883636475,"Unknown"
"7014855",371852,2025-07-06 09:50:39,43.3454360961914,-8.44180679321289,"Unknown"
"7014855",371852,2025-07-06 09:55:41,43.3453216552734,-8.44185543060303,"Unknown"
"7014855",371852,2025-07-06 10:00:32,43.3482513427734,-8.44594955444336,"Unknown"
"7014855",371852,2025-07-06 10:05:37,43.3520965576172,-8.47547626495361,"Unknown"
"7014855",371852,2025-07-06 10:10:32,43.3555221557617,-8.51416110992432,"Unknown"
"7014855",371852,2025-07-06 10:16:14,43.3509140014648,-8.52639484405518,"Unknown"
"7014855",371852,2025-07-06 10:20:32,43.3520126342773,-8.5305004119873,"Unknown"
"7014855",371852,2025-07-06 10:25:43,43.3424835205078,-8.56341171264648,"Unknown"
"7014855",371852,2025-07-06 10:30:31,43.3331909179688,-8.59417819976807,"Unknown"
"7014855",371852,2025-07-06 10:35:32,43.3349151611328,-8.62621212005615,"Unknown"
"7014855",371852,2025-07-06 10:40:32,43.3368034362793,-8.6606912612915,"Unknown"
"7014855",371852,2025-07-06 10:45:38,43.3424072265625,-8.6958703994751,"Unknown"
"7014855",371852,2025-07-06 10:50:35,43.3410568237305,-8.72609710693359,"Unknown"
"7014855",371852,2025-07-06 10:55:37,43.346004486084,-8.75576210021973,"Unknown"
"7014855",371852,2025-07-06 11:00:53,43.3488235473633,-8.78962516784668,"Unknown"
"7014855",371852,2025-07-06 11:05:52,43.3567810058594,-8.8210973739624,"Unknown"
"7014855",371852,2025-07-06 11:10:44,43.3599472045898,-8.84325122833252,"Unknown"
"7014855",371852,2025-07-06 11:15:32,43.3600997924805,-8.84300994873047,"Unknown"
"7014855",371852,2025-07-06 11:20:36,43.3602523803711,-8.84317016601562,"Unknown"
"7014855",371852,2025-07-06 11:25:35,43.3602523803711,-8.84314632415771,"Unknown"
"7014855",371852,2025-07-06 11:30:51,43.3601875305176,-8.84310245513916,"Unknown"
"7014855",371852,2025-07-06 11:35:33,43.3600883483887,-8.84316825866699,"Unknown"
"7014855",371852,2025-07-06 11:40:37,43.3603553771973,-8.84326362609863,"Unknown"
"7014855",371852,2025-07-06 11:45:39,43.3648262023926,-8.8499231338501,"Unknown"
"7014855",371852,2025-07-06 11:50:39,43.3734436035156,-8.85363101959229,"Unknown"
"7014855",371852,2025-07-06 11:55:44,43.3608093261719,-8.84886264801025,"Unknown"
"7014855",371852,2025-07-06 12:00:31,43.3607597351074,-8.84888172149658,"Unknown"
"7014855",371852,2025-07-06 12:05:31,43.3610420227051,-8.84889316558838,"Unknown"
"7014855",371852,2025-07-06 12:10:35,43.3571319580078,-8.8465404510498,"Unknown"
"7014855",371852,2025-07-06 12:16:05,43.3570861816406,-8.84654712677002,"Unknown"
"7014855",371852,2025-07-06 12:20:32,43.3594207763672,-8.8427619934082,"Unknown"
"7014855",371852,2025-07-06 12:25:32,43.3596649169922,-8.84273529052734,"Unknown"
"7014855",371852,2025-07-06 12:30:37,43.3598937988281,-8.84318828582764,"Unknown"
"7014855",371852,2025-07-06 12:35:32,43.3601226806641,-8.84318828582764,"Unknown"
"7014855",371852,2025-07-06 12:40:34,43.3599052429199,-8.84303855895996,"Unknown"
"7014855",371852,2025-07-06 12:45:40,43.3599243164062,-8.84319496154785,"Unknown"
"7014855",371852,2025-07-06 12:50:39,43.3599510192871,-8.84320449829102,"Unknown"
"7014855",371852,2025-07-06 12:56:05,43.3599548339844,-8.84308052062988,"Unknown"
"7014855",371852,2025-07-06 13:00:32,43.360107421875,-8.84302425384521,"Unknown"
"7014855",371852,2025-07-06 13:05:34,43.3599624633789,-8.84303665161133,"Unknown"
"7014855",371852,2025-07-06 13:10:32,43.3687057495117,-8.85859489440918,"Unknown"
"7014855",371852,2025-07-06 13:15:51,43.3604888916016,-8.84880924224854,"Unknown"
"7014855",371852,2025-07-06 13:20:34,43.3599090576172,-8.8477087020874,"Unknown"
"7014855",371852,2025-07-06 13:25:32,43.3599891662598,-8.84756469726562,"Unknown"
"7014855",371852,2025-07-06 13:30:31,43.3599014282227,-8.84776878356934,"Unknown"
"7014855",371852,2025-07-06 13:35:31,43.3599662780762,-8.84771347045898,"Unknown"
"7014855",371852,2025-07-06 13:40:31,43.3602638244629,-8.84437370300293,"Unknown"
"7014855",371852,2025-07-06 13:45:36,43.359676361084,-8.8427038192749,"Unknown"
"7014855",371852,2025-07-06 13:50:38,43.3596878051758,-8.8423376083374,"Unknown"
"7014855",371852,2025-07-06 13:55:38,43.3596229553223,-8.84284782409668,"Unknown"
"7014855",371852,2025-07-06 14:00:34,43.3601112365723,-8.84311676025391,"Unknown"
"7014855",371852,2025-07-06 14:05:32,43.341724395752,-8.8412971496582,"Unknown"
"7014855",371852,2025-07-06 14:10:33,43.3194541931152,-8.83847713470459,"Unknown"
"7014855",371852,2025-07-06 14:15:32,43.3075523376465,-8.81141185760498,"Unknown"
"7014855",371852,2025-07-06 14:20:33,43.3061141967773,-8.77505207061768,"Unknown"
"7014855",371852,2025-07-06 14:25:33,43.3092041015625,-8.72254085540771,"Unknown"
"7014855",371852,2025-07-06 14:30:32,43.3023223876953,-8.67070770263672,"Unknown"
"7014855",371852,2025-07-06 14:35:44,43.3141212463379,-8.62277603149414,"Unknown"
"7014855",371852,2025-07-06 14:40:33,43.32080078125,-8.5708475112915,"Unknown"
"7014855",371852,2025-07-06 14:45:32,43.3329315185547,-8.51777267456055,"Unknown"
"7014855",371852,2025-07-06 14:50:40,43.3516578674316,-8.47951602935791,"Unknown"
"7014855",371852,2025-07-06 14:55:33,43.3537406921387,-8.45875453948975,"Unknown"
"7014855",371852,2025-07-06 15:00:36,43.353816986084,-8.45866680145264,"Unknown"
"7014855",371852,2025-07-06 15:46:49,43.3533973693848,-8.45804405212402,"Unknown"
"7014855",371852,2025-07-06 15:50:44,43.3401260375977,-8.4546480178833,"Unknown"
"7014855",371852,2025-07-06 15:55:31,43.339958190918,-8.45507431030273,"Unknown"
"7014855",371852,2025-07-06 16:00:32,43.3398132324219,-8.45493984222412,"Unknown"
"7014855",371852,2025-07-06 16:05:32,43.3450965881348,-8.44209671020508,"Unknown"
"7014855",371852,2025-07-06 16:10:34,43.3450317382812,-8.4419412612915,"Unknown"
"7014855",371852,2025-07-06 16:15:36,43.3451042175293,-8.44217586517334,"Unknown"
"7014855",371852,2025-07-06 16:20:40,43.3448638916016,-8.44173812866211,"Unknown"
"7014855",371852,2025-07-06 16:25:32,43.3451156616211,-8.44213581085205,"Unknown"
"7014855",371852,2025-07-06 16:30:44,43.3451118469238,-8.44209003448486,"Unknown"
"7014855",371852,2025-07-06 16:35:36,43.3451538085938,-8.44219589233398,"Unknown"
"7014855",371852,2025-07-06 16:40:33,43.345100402832,-8.44215965270996,"Unknown"
"7014855",371852,2025-07-06 16:46:10,43.345142364502,-8.44205665588379,"Unknown"
"7014855",371852,2025-07-06 16:50:33,43.3450508117676,-8.44192504882812,"Unknown"
"7014855",371852,2025-07-06 16:55:39,43.3460960388184,-8.43967723846436,"Unknown"
"7014855",371852,2025-07-06 17:00:31,43.3608245849609,-8.40405082702637,"Unknown"
"7014855",371852,2025-07-06 17:05:38,43.3671035766602,-8.39799308776855,"Unknown"
"7014855",371852,2025-07-06 17:10:34,43.3671913146973,-8.3980188369751,"Unknown"
"7014855",371852,2025-07-06 17:15:37,43.3671188354492,-8.3980598449707,"Unknown"
"7014855",371852,2025-07-06 17:20:36,43.3671531677246,-8.39822769165039,"Unknown"
"7014855",371852,2025-07-06 17:25:33,43.362720489502,-8.40393543243408,"Unknown"
"7014855",371852,2025-07-06 17:30:37,43.3625717163086,-8.40394496917725,"Unknown"
"7014855",371852,2025-07-06 17:35:36,43.362548828125,-8.40373611450195,"Unknown"
"7014855",371852,2025-07-06 17:40:33,43.3627395629883,-8.40402889251709,"Unknown"
"7014855",371852,2025-07-06 17:45:32,43.3627891540527,-8.40410614013672,"Unknown"
"7014855",371852,2025-07-06 17:50:43,43.3625946044922,-8.40383625030518,"Unknown"
"7014855",371852,2025-07-06 17:55:31,43.3625526428223,-8.40390777587891,"Unknown"
"7014855",371852,2025-07-06 18:00:32,43.3625793457031,-8.40392684936523,"Unknown"
"7014855",371852,2025-07-06 18:05:39,43.3626174926758,-8.4037504196167,"Unknown"
"7014855",371852,2025-07-06 18:10:39,43.3626670837402,-8.40352439880371,"Unknown"
"7014855",371852,2025-07-06 18:15:39,43.3626403808594,-8.40365409851074,"Unknown"
"7014855",371852,2025-07-06 18:20:39,43.3626327514648,-8.4036865234375,"Unknown"
"7014855",371852,2025-07-06 18:25:58,43.3623085021973,-8.40410041809082,"Unknown"
"7014855",371852,2025-07-06 18:30:38,43.3626441955566,-8.40371990203857,"Unknown"
"7014855",371852,2025-07-06 18:36:03,43.3627662658691,-8.40384292602539,"Unknown"
"7014855",371852,2025-07-06 18:40:31,43.3627510070801,-8.4038782119751,"Unknown"
"7014855",371852,2025-07-06 18:45:31,43.3627891540527,-8.40387725830078,"Unknown"
"7014855",371852,2025-07-06 18:50:32,43.3627738952637,-8.40387916564941,"Unknown"
"7014855",371852,2025-07-06 18:55:31,43.3627548217773,-8.40390968322754,"Unknown"
"7014855",371852,2025-07-06 19:00:31,43.3627319335938,-8.40386390686035,"Unknown"
"7014855",371852,2025-07-06 19:05:31,43.3627624511719,-8.4038667678833,"Unknown"
"7014855",371852,2025-07-06 19:10:31,43.3627128601074,-8.40395069122314,"Unknown"
"7014855",371852,2025-07-06 19:15:31,43.3627548217773,-8.40387439727783,"Unknown"
"7014855",371852,2025-07-06 19:20:31,43.3627281188965,-8.40376949310303,"Unknown"
"7014855",371852,2025-07-06 19:25:31,43.362735748291,-8.40387630462646,"Unknown"
"7014855",371852,2025-07-06 19:30:31,43.3627700805664,-8.40380573272705,"Unknown"
"7014855",371852,2025-07-06 19:35:31,43.3626174926758,-8.40336322784424,"Unknown"
"7014855",371852,2025-07-06 19:40:32,43.3628578186035,-8.40404605865479,"Unknown"
"7014855",371852,2025-07-06 19:45:32,43.362922668457,-8.40388870239258,"Unknown"
"7014855",371852,2025-07-06 19:50:31,43.3627090454102,-8.40397834777832,"Unknown"
"7014855",371852,2025-07-06 19:55:32,43.3626594543457,-8.40411186218262,"Unknown"
"7014855",371852,2025-07-06 20:00:39,43.3627700805664,-8.40396881103516,"Unknown"
"7014855",371852,2025-07-06 20:05:31,43.3627777099609,-8.40397644042969,"Unknown"
"7014855",371852,2025-07-06 20:10:32,43.3626823425293,-8.4039363861084,"Unknown"
"7014855",371852,2025-07-06 20:15:32,43.3623886108398,-8.40422534942627,"Unknown"
"7014855",371852,2025-07-06 20:20:32,43.3625373840332,-8.40439796447754,"Unknown"
"7014855",371852,2025-07-06 20:25:37,43.3659172058105,-8.40211486816406,"Unknown"
"7014855",371852,2025-07-06 20:30:33,43.366039276123,-8.40187454223633,"Unknown"
"7014855",371852,2025-07-06 20:35:44,43.3661575317383,-8.40188217163086,"Unknown"
"7014855",371852,2025-07-06 20:40:35,43.3654899597168,-8.40078639984131,"Unknown"
"7014855",371852,2025-07-06 20:46:05,43.366039276123,-8.40165138244629,"Unknown"
"7014855",371852,2025-07-06 20:50:40,43.3658866882324,-8.40291690826416,"Unknown"
"7014855",371852,2025-07-06 20:55:36,43.3670921325684,-8.39593887329102,"Unknown"
"7014855",371852,2025-07-06 21:00:31,43.366828918457,-8.39572238922119,"Unknown"
"7014855",371852,2025-07-06 21:05:34,43.3670539855957,-8.39569473266602,"Unknown"
"7014855",371852,2025-07-06 21:11:05,43.3669357299805,-8.39587497711182,"Unknown"
"7014855",371852,2025-07-06 21:15:32,43.3669395446777,-8.39583206176758,"Unknown"
"7014855",371852,2025-07-06 21:20:32,43.3668518066406,-8.39598178863525,"Unknown"
"7014855",371852,2025-07-06 21:25:31,43.3669853210449,-8.39595603942871,"Unknown"
"7014855",371852,2025-07-06 21:30:32,43.3670120239258,-8.39598369598389,"Unknown"
"7014855",371852,2025-07-06 21:35:31,43.3669128417969,-8.39600276947021,"Unknown"
"7014855",371852,2025-07-06 21:40:32,43.3670234680176,-8.39594078063965,"Unknown"
"7014855",371852,2025-07-06 21:45:31,43.3670654296875,-8.39596366882324,"Unknown"
"7014855",371852,2025-07-06 21:50:31,43.3669357299805,-8.39594173431396,"Unknown"
"7014855",371852,2025-07-06 21:55:32,43.3669967651367,-8.39595603942871,"Unknown"
"7014855",371852,2025-07-06 22:00:31,43.367000579834,-8.39593410491943,"Unknown"
"7014855",371852,2025-07-06 22:05:31,43.3670501708984,-8.39603328704834,"Unknown"
"7014855",371852,2025-07-06 22:10:32,43.3669586181641,-8.39593124389648,"Unknown"
"7014855",371852,2025-07-06 22:15:32,43.3668785095215,-8.39590930938721,"Unknown"
"7014855",371852,2025-07-06 22:20:32,43.3671035766602,-8.39608192443848,"Unknown"
"7014855",371852,2025-07-06 22:25:32,43.3669815063477,-8.39596176147461,"Unknown"
"7014855",371852,2025-07-06 22:30:44,43.3669738769531,-8.39595508575439,"Unknown"
"7014855",371852,2025-07-06 22:35:31,43.3669929504395,-8.39596557617188,"Unknown"
"7014855",371852,2025-07-06 22:40:31,43.3669738769531,-8.39601135253906,"Unknown"
"7014855",371852,2025-07-06 22:45:31,43.3669090270996,-8.39589691162109,"Unknown"
"7014855",371852,2025-07-06 22:50:31,43.3670196533203,-8.39601135253906,"Unknown"
"7014855",371852,2025-07-06 22:55:31,43.3670082092285,-8.39595222473145,"Unknown"
"7014855",371852,2025-07-06 23:00:31,43.3669242858887,-8.39587306976318,"Unknown"
"7014855",371852,2025-07-06 23:05:31,43.3670349121094,-8.39605617523193,"Unknown"
"7014855",371852,2025-07-06 23:10:31,43.3670043945312,-8.39596652984619,"Unknown"
"7014855",371852,2025-07-06 23:16:05,43.3669548034668,-8.39592933654785,"Unknown"
"7014855",371852,2025-07-06 23:20:31,43.3668937683105,-8.39585781097412,"Unknown"
"7014855",371852,2025-07-06 23:25:31,43.3669548034668,-8.39587211608887,"Unknown"
"7014855",371852,2025-07-06 23:30:31,43.3669586181641,-8.39593124389648,"Unknown"
"7014855",371852,2025-07-06 23:35:31,43.3669853210449,-8.39595031738281,"Unknown"
"7014855",371852,2025-07-06 23:40:31,43.3670043945312,-8.39592933654785,"Unknown"
"7014855",371852,2025-07-06 23:45:36,43.3669738769531,-8.39591026306152,"Unknown"
"7014855",371852,2025-07-06 23:50:31,43.3669395446777,-8.39589309692383,"Unknown"
"7014855",371852,2025-07-06 23:55:31,43.3670501708984,-8.39594554901123,"Unknown"
"7014855",371852,2025-07-07 00:00:31,43.3670082092285,-8.39592361450195,"Unknown"
"7014855",371852,2025-07-07 00:05:31,43.3670692443848,-8.39593505859375,"Unknown"
"7014855",371852,2025-07-07 00:10:32,43.3670806884766,-8.39593029022217,"Unknown"
"7014855",371852,2025-07-07 00:15:34,43.3670310974121,-8.39591503143311,"Unknown"
"7014855",371852,2025-07-07 00:21:05,43.3669967651367,-8.39591026306152,"Unknown"
"7014855",371852,2025-07-07 00:25:31,43.3669738769531,-8.39595508575439,"Unknown"
"7014855",371852,2025-07-07 00:30:31,43.3669700622559,-8.39591312408447,"Unknown"
"7014855",371852,2025-07-07 00:35:31,43.367000579834,-8.39598369598389,"Unknown"
"7014855",371852,2025-07-07 00:40:31,43.3670272827148,-8.39597415924072,"Unknown"
"7014855",371852,2025-07-07 00:45:32,43.3669738769531,-8.39596748352051,"Unknown"
"7014855",371852,2025-07-07 00:50:32,43.3669738769531,-8.39597225189209,"Unknown"
"7014855",371852,2025-07-07 00:55:31,43.3669776916504,-8.39597511291504,"Unknown"
"7014855",371852,2025-07-07 01:00:31,43.366943359375,-8.39595603942871,"Unknown"
"7014855",371852,2025-07-07 01:05:32,43.3669891357422,-8.39601039886475,"Unknown"
"7014855",371852,2025-07-07 01:10:32,43.3669929504395,-8.39594650268555,"Unknown"
"7014855",371852,2025-07-07 01:15:36,43.3669700622559,-8.39598369598389,"Unknown"
"7014855",371852,2025-07-07 01:20:34,43.3669776916504,-8.39592838287354,"Unknown"
"7014855",371852,2025-07-07 01:25:31,43.3670349121094,-8.39602565765381,"Unknown"
"7014855",371852,2025-07-07 01:30:32,43.3670425415039,-8.3959789276123,"Unknown"
"7014855",371852,2025-07-07 01:35:32,43.3670463562012,-8.39602661132812,"Unknown"
"7014855",371852,2025-07-07 01:40:34,43.3671455383301,-8.39656066894531,"Unknown"
"7014855",371852,2025-07-07 01:45:32,43.3671646118164,-8.39659023284912,"Unknown"
"7014855",371852,2025-07-07 01:50:31,43.3670692443848,-8.39655113220215,"Unknown"
"7014855",371852,2025-07-07 01:55:43,43.3670043945312,-8.39642429351807,"Unknown"
"7014855",371852,2025-07-07 02:00:31,43.367000579834,-8.396484375,"Unknown"
"7014855",371852,2025-07-07 02:05:31,43.3669090270996,-8.39631462097168,"Unknown"
"7014855",371852,2025-07-07 02:10:31,43.3669281005859,-8.39633750915527,"Unknown"
"7014855",371852,2025-07-07 02:15:32,43.3669776916504,-8.39641189575195,"Unknown"
"7014855",371852,2025-07-07 02:20:32,43.3670845031738,-8.39653968811035,"Unknown"
"7014855",371852,2025-07-07 02:25:32,43.3669471740723,-8.3963680267334,"Unknown"
"7014855",371852,2025-07-07 02:30:31,43.3668670654297,-8.39632701873779,"Unknown"
"7014855",371852,2025-07-07 02:35:31,43.3669052124023,-8.3963737487793,"Unknown"
"7014855",371852,2025-07-07 02:40:41,43.366886138916,-8.39612865447998,"Unknown"
"7014855",371852,2025-07-07 02:45:44,43.3670654296875,-8.39646339416504,"Unknown"
"7014855",371852,2025-07-07 02:50:53,43.3671035766602,-8.39647769927979,"Unknown"
"7014855",371852,2025-07-07 02:55:31,43.3669738769531,-8.39648056030273,"Unknown"
"7014855",371852,2025-07-07 03:00:31,43.3670234680176,-8.39649105072021,"Unknown"
"7014855",371852,2025-07-07 03:05:31,43.3670501708984,-8.39649868011475,"Unknown"
"7014855",371852,2025-07-07 03:11:02,43.367073059082,-8.39646816253662,"Unknown"
"7014855",371852,2025-07-07 03:15:32,43.3670234680176,-8.39649677276611,"Unknown"
"7014855",371852,2025-07-07 03:20:31,43.3670043945312,-8.39654350280762,"Unknown"
"7014855",371852,2025-07-07 03:25:31,43.3670310974121,-8.3965482711792,"Unknown"
"7014855",371852,2025-07-07 03:30:31,43.3670463562012,-8.39649868011475,"Unknown"
"7014855",371852,2025-07-07 03:35:37,43.3670349121094,-8.39657211303711,"Unknown"
"7014855",371852,2025-07-07 03:40:32,43.3668975830078,-8.39666080474854,"Unknown"
"7014855",371852,2025-07-07 03:45:35,43.3669891357422,-8.39655590057373,"Unknown"
"7014855",371852,2025-07-07 03:50:41,43.366756439209,-8.39668464660645,"Unknown"
"7014855",371852,2025-07-07 03:55:33,43.3670692443848,-8.39640045166016,"Unknown"
"7014855",371852,2025-07-07 04:00:55,43.3669395446777,-8.3965482711792,"Unknown"
"7014855",371852,2025-07-07 04:05:53,43.3669815063477,-8.39648914337158,"Unknown"
"7014855",371852,2025-07-07 04:10:36,43.3633460998535,-8.40374565124512,"Unknown"
"7014855",371852,2025-07-07 04:15:32,43.3634185791016,-8.40388488769531,"Unknown"
"7014855",371852,2025-07-07 04:20:31,43.3632049560547,-8.40373516082764,"Unknown"
"7014855",371852,2025-07-07 04:25:31,43.3658790588379,-8.40605640411377,"Unknown"
"7014855",371852,2025-07-07 04:30:32,43.3755912780762,-8.42800426483154,"Unknown"
"7014855",371852,2025-07-07 04:35:31,43.3564453125,-8.45847797393799,"Unknown"
"7014855",371852,2025-07-07 04:40:31,43.3580856323242,-8.46097660064697,"Unknown"
"7014855",371852,2025-07-07 04:45:33,43.3539962768555,-8.45844650268555,"Unknown"
"7014855",371852,2025-07-07 04:50:53,43.3538513183594,-8.45869445800781,"Unknown"
"7014855",371852,2025-07-07 05:00:32,43.3537292480469,-8.45862674713135,"Unknown"
"7014855",371852,2025-07-07 05:10:42,43.3537559509277,-8.45853137969971,"Unknown"
"7014855",371852,2025-07-07 05:20:34,43.3548583984375,-8.4584846496582,"Unknown"
"7014855",371852,2025-07-07 05:26:21,43.3537940979004,-8.45861530303955,"Unknown"
"7014855",371852,2025-07-07 05:35:32,43.3494987487793,-8.45528030395508,"Unknown"
"7014855",371852,2025-07-07 05:45:35,43.3395767211914,-8.51110458374023,"Unknown"
"7014855",371852,2025-07-07 05:55:31,43.3293800354004,-8.57704067230225,"Unknown"
"7014855",371852,2025-07-07 06:05:34,43.323616027832,-8.67597007751465,"Unknown"
"7014855",371852,2025-07-07 06:15:37,43.3300476074219,-8.75878429412842,"Unknown"
"7014855",371852,2025-07-07 06:25:42,43.3443260192871,-8.82328796386719,"Unknown"
"7014855",371852,2025-07-07 06:35:47,43.3600921630859,-8.84283638000488,"Unknown"
"7014855",371852,2025-07-07 06:46:05,43.360107421875,-8.8430814743042,"Unknown"
"7014855",371852,2025-07-07 06:55:42,43.3600616455078,-8.84303379058838,"Unknown"
"7014855",371852,2025-07-07 07:05:42,43.361011505127,-8.82271862030029,"Unknown"
"7014855",371852,2025-07-07 07:15:44,43.3619537353516,-8.83777236938477,"Unknown"
"7014855",371852,2025-07-07 07:25:36,43.3600616455078,-8.84302711486816,"Unknown"
"7014855",371852,2025-07-07 07:35:34,43.360050201416,-8.84309673309326,"Unknown"
"7014855",371852,2025-07-07 07:40:39,43.3600616455078,-8.84310531616211,"Unknown"
"7014855",371852,2025-07-07 07:45:37,43.3600616455078,-8.84305191040039,"Unknown"
"7014855",371852,2025-07-07 07:50:40,43.359977722168,-8.84326362609863,"Unknown"
"7014855",371852,2025-07-07 07:55:39,43.3602447509766,-8.84315299987793,"Unknown"
"7014855",371852,2025-07-07 08:06:05,43.3599853515625,-8.8432092666626,"Unknown"
"7014855",371852,2025-07-07 08:10:33,43.359806060791,-8.842942237854,"Unknown"
"7014855",371852,2025-07-07 08:20:39,43.3599510192871,-8.84315299987793,"Unknown"
"7014855",371852,2025-07-07 08:25:33,43.3598785400391,-8.84297657012939,"Unknown"
"7014855",371852,2025-07-07 08:30:34,43.3599815368652,-8.84309196472168,"Unknown"
"7014855",371852,2025-07-07 08:35:34,43.3599891662598,-8.8431396484375,"Unknown"
"7014855",371852,2025-07-07 08:40:33,43.3599891662598,-8.84320831298828,"Unknown"
"7014855",371852,2025-07-07 08:45:33,43.3600540161133,-8.84327220916748,"Unknown"
"7014855",371852,2025-07-07 08:50:36,43.3601112365723,-8.84319114685059,"Unknown"
"7014855",371852,2025-07-07 08:55:35,43.360107421875,-8.84326267242432,"Unknown"
"7014855",371852,2025-07-07 09:00:42,43.3600845336914,-8.84321689605713,"Unknown"
"7014855",371852,2025-07-07 09:05:36,43.3600997924805,-8.84327793121338,"Unknown"
"7014855",371852,2025-07-07 09:10:36,43.3600921630859,-8.84329700469971,"Unknown"
"7014855",371852,2025-07-07 09:15:40,43.3600158691406,-8.84326076507568,"Unknown"
"7014855",371852,2025-07-07 09:20:50,43.3601036071777,-8.84338283538818,"Unknown"
"7014855",371852,2025-07-07 09:25:53,43.3601760864258,-8.84311103820801,"Unknown"
"7014855",371852,2025-07-07 09:30:39,43.3600692749023,-8.84317302703857,"Unknown"
"7014855",371852,2025-07-07 09:35:39,43.3601188659668,-8.84323310852051,"Unknown"
"7014855",371852,2025-07-07 09:40:39,43.3601303100586,-8.8433723449707,"Unknown"
"7014855",371852,2025-07-07 09:45:49,43.360107421875,-8.84340190887451,"Unknown"
"7014855",371852,2025-07-07 09:50:43,43.3600158691406,-8.84337043762207,"Unknown"
"7014855",371852,2025-07-07 09:55:32,43.3601379394531,-8.84305477142334,"Unknown"
"7014855",371852,2025-07-07 10:00:41,43.3599510192871,-8.84318542480469,"Unknown"
"7014855",371852,2025-07-07 10:05:39,43.3602142333984,-8.84365272521973,"Unknown"
"7014855",371852,2025-07-07 10:10:39,43.3600654602051,-8.84335422515869,"Unknown"
"7014855",371852,2025-07-07 10:15:39,43.3602142333984,-8.84315013885498,"Unknown"
"7014855",371852,2025-07-07 10:20:39,43.3601303100586,-8.84318351745605,"Unknown"
"7014855",371852,2025-07-07 10:25:39,43.3600387573242,-8.84305667877197,"Unknown"
"7014855",371852,2025-07-07 10:30:43,43.3601188659668,-8.84331607818604,"Unknown"
"7014855",371852,2025-07-07 10:35:38,43.3597984313965,-8.84311676025391,"Unknown"
"7014855",371852,2025-07-07 10:40:39,43.3599815368652,-8.84321689605713,"Unknown"
"7014855",371852,2025-07-07 10:46:05,43.3600997924805,-8.84306716918945,"Unknown"
"7014855",371852,2025-07-07 10:50:35,43.359992980957,-8.84322357177734,"Unknown"
"7014855",371852,2025-07-07 10:55:33,43.3601150512695,-8.84307193756104,"Unknown"
"7014855",371852,2025-07-07 11:00:33,43.3600845336914,-8.84310245513916,"Unknown"
"7014855",371852,2025-07-07 11:05:35,43.360034942627,-8.84316921234131,"Unknown"
"7014855",371852,2025-07-07 11:10:35,43.3600883483887,-8.84312915802002,"Unknown"
"7014855",371852,2025-07-07 11:15:37,43.3600463867188,-8.8431224822998,"Unknown"
"7014855",371852,2025-07-07 11:20:34,43.3597755432129,-8.84306812286377,"Unknown"
"7014855",371852,2025-07-07 11:25:43,43.3540267944336,-8.84761810302734,"Unknown"
"7014855",371852,2025-07-07 11:30:38,43.3559684753418,-8.84950065612793,"Unknown"
"7014855",371852,2025-07-07 11:35:44,43.3563346862793,-8.84996509552002,"Unknown"
"7014855",371852,2025-07-07 11:40:38,43.3561668395996,-8.85033798217773,"Unknown"
"7014855",371852,2025-07-07 11:46:05,43.358642578125,-8.8470630645752,"Unknown"
"7014855",371852,2025-07-07 11:51:05,43.3590278625488,-8.84652900695801,"Unknown"
"7014855",371852,2025-07-07 11:55:33,43.3589897155762,-8.84654903411865,"Unknown"
"7014855",371852,2025-07-07 12:00:32,43.3589553833008,-8.84652614593506,"Unknown"
"7014855",371852,2025-07-07 12:05:32,43.3603973388672,-8.84290790557861,"Unknown"
"7014855",371852,2025-07-07 12:10:37,43.3601112365723,-8.84317684173584,"Unknown"
"7014855",371852,2025-07-07 12:15:34,43.3598480224609,-8.84330368041992,"Unknown"
"7014855",371852,2025-07-07 12:20:44,43.3600730895996,-8.8431453704834,"Unknown"
"7014855",371852,2025-07-07 12:25:39,43.3601226806641,-8.84328079223633,"Unknown"
"7014855",371852,2025-07-07 12:30:44,43.3600883483887,-8.84319305419922,"Unknown"
"7014855",371852,2025-07-07 12:35:36,43.3600845336914,-8.84317779541016,"Unknown"
"7014855",371852,2025-07-07 12:40:37,43.3600654602051,-8.84316349029541,"Unknown"
"7014855",371852,2025-07-07 12:45:37,43.3600616455078,-8.84319591522217,"Unknown"
"7014855",371852,2025-07-07 12:50:37,43.3600044250488,-8.84311008453369,"Unknown"
"7014855",371852,2025-07-07 12:55:37,43.3601531982422,-8.84327602386475,"Unknown"
"7014855",371852,2025-07-07 13:01:05,43.3600463867188,-8.84317493438721,"Unknown"
"7014855",371852,2025-07-07 13:05:31,43.3605690002441,-8.84384632110596,"Unknown"
"7014855",371852,2025-07-07 13:10:32,43.3391532897949,-8.83159637451172,"Unknown"
"7014855",371852,2025-07-07 13:15:32,43.319465637207,-8.80646705627441,"Unknown"
"7014855",371852,2025-07-07 13:20:32,43.3010215759277,-8.77979469299316,"Unknown"
"7014855",371852,2025-07-07 13:25:44,43.2922554016113,-8.75318145751953,"Unknown"
"7014855",371852,2025-07-07 13:30:32,43.2836647033691,-8.7220573425293,"Unknown"
"7014855",371852,2025-07-07 13:35:31,43.2779998779297,-8.69547939300537,"Unknown"
"7014855",371852,2025-07-07 13:40:31,43.2814826965332,-8.6772575378418,"Unknown"
"7014855",371852,2025-07-07 13:45:33,43.2629852294922,-8.65492343902588,"Unknown"
"7014855",371852,2025-07-07 13:50:31,43.2415046691895,-8.62516689300537,"Unknown"
"7014855",371852,2025-07-07 13:55:32,43.2184982299805,-8.62363624572754,"Unknown"
"7014855",371852,2025-07-07 14:00:32,43.1958427429199,-8.60139846801758,"Unknown"
"7014855",371852,2025-07-07 14:05:35,43.1775283813477,-8.59271430969238,"Unknown"
"7014855",371852,2025-07-07 14:10:31,43.1710929870605,-8.56689167022705,"Unknown"
"7014855",371852,2025-07-07 14:15:35,43.1564865112305,-8.54052257537842,"Unknown"
"7014855",371852,2025-07-07 14:20:43,43.1446342468262,-8.5028715133667,"Unknown"
"7014855",371852,2025-07-07 14:25:34,43.1298599243164,-8.47171592712402,"Unknown"
"7014855",371852,2025-07-07 14:30:32,43.1327247619629,-8.46945285797119,"Unknown"
"7014855",371852,2025-07-07 14:35:36,43.1328926086426,-8.46962356567383,"Unknown"
"7014855",371852,2025-07-07 14:40:33,43.1328048706055,-8.46946048736572,"Unknown"
"7014855",371852,2025-07-07 14:46:05,43.1328926086426,-8.4695930480957,"Unknown"
"7014855",371852,2025-07-07 14:50:33,43.1329574584961,-8.46957111358643,"Unknown"
"7014855",371852,2025-07-07 14:55:35,43.1328964233398,-8.46955966949463,"Unknown"
"7014855",371852,2025-07-07 15:00:31,43.1329612731934,-8.46948623657227,"Unknown"
"7014855",371852,2025-07-07 15:05:32,43.1330146789551,-8.46949005126953,"Unknown"
"7014855",371852,2025-07-07 15:10:32,43.1329498291016,-8.46958351135254,"Unknown"
"7014855",371852,2025-07-07 15:15:31,43.1329803466797,-8.46952247619629,"Unknown"
"7014855",371852,2025-07-07 15:20:32,43.1329307556152,-8.46956062316895,"Unknown"
"7014855",371852,2025-07-07 15:25:31,43.1328811645508,-8.46953964233398,"Unknown"
"7014855",371852,2025-07-07 15:30:31,43.1329383850098,-8.46953678131104,"Unknown"
"7014855",371852,2025-07-07 15:35:31,43.1374397277832,-8.46615028381348,"Unknown"
"7014855",371852,2025-07-07 15:40:32,43.1540222167969,-8.47402858734131,"Unknown"
"7014855",371852,2025-07-07 15:45:32,43.1637344360352,-8.47382354736328,"Unknown"
"7014855",371852,2025-07-07 15:50:31,43.1781768798828,-8.46441459655762,"Unknown"
"7014855",371852,2025-07-07 15:55:33,43.1931037902832,-8.45635604858398,"Unknown"
"7014855",371852,2025-07-07 16:00:44,43.2126235961914,-8.45657920837402,"Unknown"
"7014855",371852,2025-07-07 16:05:32,43.2302856445312,-8.46755504608154,"Unknown"
"7014855",371852,2025-07-07 16:10:38,43.2373733520508,-8.46811771392822,"Unknown"
"7014855",371852,2025-07-07 16:15:37,43.2536659240723,-8.47438430786133,"Unknown"
"7014855",371852,2025-07-07 16:20:36,43.2671890258789,-8.48473358154297,"Unknown"
"7014855",371852,2025-07-07 16:25:39,43.2829475402832,-8.49389553070068,"Unknown"
"7014855",371852,2025-07-07 16:30:38,43.30517578125,-8.49675178527832,"Unknown"
"7014855",371852,2025-07-07 16:35:34,43.323844909668,-8.49693202972412,"Unknown"
"7014855",371852,2025-07-07 16:40:38,43.3237609863281,-8.49677848815918,"Unknown"
"7014855",371852,2025-07-07 16:46:56,43.3229179382324,-8.49438858032227,"Unknown"
"7014855",371852,2025-07-07 16:50:38,43.3223457336426,-8.49547100067139,"Unknown"
"7014855",371852,2025-07-07 16:55:32,43.3220672607422,-8.49516677856445,"Unknown"
"7014855",371852,2025-07-07 17:00:32,43.3220634460449,-8.49503231048584,"Unknown"
"7014855",371852,2025-07-07 17:05:32,43.3220558166504,-8.49499225616455,"Unknown"
"7014855",371852,2025-07-07 17:10:34,43.3225288391113,-8.49518585205078,"Unknown"
"7014855",371852,2025-07-07 17:15:36,43.3225593566895,-8.495285987854,"Unknown"
"7014855",371852,2025-07-07 17:21:05,43.3225708007812,-8.49527835845947,"Unknown"
"7014855",371852,2025-07-07 17:25:32,43.3225898742676,-8.49524974822998,"Unknown"
"7014855",371852,2025-07-07 17:30:32,43.3225784301758,-8.49527645111084,"Unknown"
"7014855",371852,2025-07-07 17:35:33,43.3225250244141,-8.49527740478516,"Unknown"
"7014855",371852,2025-07-07 17:40:32,43.3224487304688,-8.49491786956787,"Unknown"
"7014855",371852,2025-07-07 17:45:32,43.3224182128906,-8.49484729766846,"Unknown"
"7014855",371852,2025-07-07 17:50:34,43.3321418762207,-8.48900508880615,"Unknown"
"7014855",371852,2025-07-07 17:55:33,43.348201751709,-8.47140216827393,"Unknown"
"7014855",371852,2025-07-07 18:00:32,43.3531951904297,-8.45873165130615,"Unknown"
"7014855",371852,2025-07-07 18:05:32,43.3535804748535,-8.45841884613037,"Unknown"
"7014855",371852,2025-07-07 18:10:34,43.3536605834961,-8.45852851867676,"Unknown"
"7014855",371852,2025-07-07 18:15:32,43.3536033630371,-8.4586009979248,"Unknown"
"7014855",371852,2025-07-07 18:20:32,43.3538017272949,-8.45845222473145,"Unknown"
"7014855",371852,2025-07-07 18:25:32,43.3538131713867,-8.45833969116211,"Unknown"
"7014855",371852,2025-07-07 18:30:36,43.3537826538086,-8.45857334136963,"Unknown"
"7014855",371852,2025-07-07 18:35:40,43.353328704834,-8.45844841003418,"Unknown"
"7014855",371852,2025-07-07 18:40:36,43.3534927368164,-8.45854568481445,"Unknown"
"7014855",371852,2025-07-07 18:45:39,43.353946685791,-8.45867443084717,"Unknown"
"7014855",371852,2025-07-07 18:50:32,43.3538284301758,-8.45874881744385,"Unknown"
"7014855",371852,2025-07-07 18:55:38,43.3540267944336,-8.45845317840576,"Unknown"
"7014855",371852,2025-07-07 19:00:34,43.3539848327637,-8.45859241485596,"Unknown"
"7014855",371852,2025-07-07 19:05:39,43.3542213439941,-8.4586877822876,"Unknown"
"7014855",371852,2025-07-07 19:10:33,43.35400390625,-8.45846176147461,"Unknown"
"7014855",371852,2025-07-07 19:15:40,43.3540000915527,-8.45858383178711,"Unknown"
"7014855",371852,2025-07-07 19:20:33,43.353874206543,-8.45827579498291,"Unknown"
"7014855",371852,2025-07-07 19:25:33,43.3537940979004,-8.45839023590088,"Unknown"
"7014855",371852,2025-07-07 19:31:05,43.3538093566895,-8.45841598510742,"Unknown"
"7014855",371852,2025-07-07 19:41:15,43.3542213439941,-8.45899200439453,"Unknown"
"7014855",371852,2025-07-07 19:45:46,43.3542060852051,-8.45864868164062,"Unknown"
"7014855",371852,2025-07-07 19:50:32,43.3496589660645,-8.43196964263916,"Unknown"
"7014855",371852,2025-07-07 19:55:32,43.3598289489746,-8.40765285491943,"Unknown"
"7014855",371852,2025-07-07 20:00:33,43.3657035827637,-8.39538860321045,"Unknown"
"7014855",371852,2025-07-07 20:05:39,43.3669281005859,-8.39655208587646,"Unknown"
"7014855",371852,2025-07-07 20:10:37,43.3669548034668,-8.39651679992676,"Unknown"
"7014855",371852,2025-07-07 20:15:38,43.3669738769531,-8.39651012420654,"Unknown"
"7014855",371852,2025-07-07 20:20:39,43.3669166564941,-8.39658164978027,"Unknown"
"7014855",371852,2025-07-07 20:25:39,43.3668975830078,-8.39651966094971,"Unknown"
"7014855",371852,2025-07-07 20:30:38,43.3669090270996,-8.39650440216064,"Unknown"
"7014855",371852,2025-07-07 20:35:33,43.366325378418,-8.40247440338135,"Unknown"
"7014855",371852,2025-07-07 20:40:39,43.3660926818848,-8.40204620361328,"Unknown"
"7014855",371852,2025-07-07 20:45:39,43.3660011291504,-8.40176105499268,"Unknown"
"7014855",371852,2025-07-07 20:50:39,43.3660011291504,-8.40183448791504,"Unknown"
"7014855",371852,2025-07-07 20:55:40,43.3660926818848,-8.40177536010742,"Unknown"
"7014855",371852,2025-07-07 21:00:36,43.366039276123,-8.40168952941895,"Unknown"
"7014855",371852,2025-07-07 21:05:39,43.366153717041,-8.40182018280029,"Unknown"
"7014855",371852,2025-07-07 21:10:33,43.3669738769531,-8.39643383026123,"Unknown"
"7014855",371852,2025-07-07 21:15:37,43.3670387268066,-8.39652442932129,"Unknown"
"7014855",371852,2025-07-07 21:20:33,43.3670349121094,-8.39663696289062,"Unknown"
"7014855",371852,2025-07-07 21:25:33,43.3670539855957,-8.39657592773438,"Unknown"
"7014855",371852,2025-07-07 21:30:36,43.3670120239258,-8.39652442932129,"Unknown"
"7014855",371852,2025-07-07 21:35:33,43.3671531677246,-8.39644050598145,"Unknown"
"7014855",371852,2025-07-07 21:40:39,43.3667488098145,-8.39621162414551,"Unknown"
"7014855",371852,2025-07-07 21:46:05,43.3669891357422,-8.39654922485352,"Unknown"
"7014855",371852,2025-07-07 21:50:33,43.3669242858887,-8.39653778076172,"Unknown"
"7014855",371852,2025-07-07 21:55:32,43.3669242858887,-8.39652061462402,"Unknown"
"7014855",371852,2025-07-07 22:00:32,43.3669662475586,-8.39647960662842,"Unknown"
"7014855",371852,2025-07-07 22:05:33,43.3669967651367,-8.39644718170166,"Unknown"
"7014855",371852,2025-07-07 22:10:33,43.3670768737793,-8.3965015411377,"Unknown"
"7014855",371852,2025-07-07 22:15:40,43.3669891357422,-8.39572238922119,"Unknown"
"7014855",371852,2025-07-07 22:20:37,43.3669509887695,-8.3958044052124,"Unknown"
"7014855",371852,2025-07-07 22:25:33,43.3670043945312,-8.39577198028564,"Unknown"
"7014855",371852,2025-07-07 22:30:36,43.3650588989258,-8.39313125610352,"Unknown"
"7014855",371852,2025-07-07 22:35:40,43.3670806884766,-8.39579391479492,"Unknown"
"7014855",371852,2025-07-07 22:40:33,43.3669662475586,-8.3957691192627,"Unknown"
"7014855",371852,2025-07-07 22:45:37,43.367130279541,-8.39587211608887,"Unknown"
"7014855",371852,2025-07-07 22:50:37,43.3670959472656,-8.39583301544189,"Unknown"
"7014855",371852,2025-07-07 22:55:36,43.3671188354492,-8.39579582214355,"Unknown"
"7014855",371852,2025-07-07 23:00:38,43.3670082092285,-8.39584159851074,"Unknown"
"7014855",371852,2025-07-07 23:06:03,43.3669624328613,-8.39579772949219,"Unknown"
"7014855",371852,2025-07-07 23:10:32,43.3669891357422,-8.39580154418945,"Unknown"
"7014855",371852,2025-07-07 23:15:32,43.3669700622559,-8.39577865600586,"Unknown"
"7014855",371852,2025-07-07 23:20:33,43.3670387268066,-8.39582633972168,"Unknown"
"7014855",371852,2025-07-07 23:25:32,43.3670883178711,-8.39578819274902,"Unknown"
"7014855",371852,2025-07-07 23:30:32,43.3669471740723,-8.39588451385498,"Unknown"
"7014855",371852,2025-07-07 23:35:33,43.3670883178711,-8.3958797454834,"Unknown"
"7014855",371852,2025-07-07 23:40:33,43.3669776916504,-8.3959436416626,"Unknown"
"7014855",371852,2025-07-07 23:45:33,43.3668670654297,-8.39599227905273,"Unknown"
"7014855",371852,2025-07-07 23:50:33,43.3669357299805,-8.39584350585938,"Unknown"
"7014855",371852,2025-07-07 23:55:41,43.3669662475586,-8.39585208892822,"Unknown"
"7014855",371852,2025-07-08 00:00:36,43.3669090270996,-8.39579296112061,"Unknown"
"7014855",371852,2025-07-08 00:05:42,43.3668060302734,-8.39575004577637,"Unknown"
"7014855",371852,2025-07-08 00:10:43,43.3669624328613,-8.39571380615234,"Unknown"
"7014855",371852,2025-07-08 00:15:40,43.3671112060547,-8.3959846496582,"Unknown"
"7014855",371852,2025-07-08 00:20:39,43.3669357299805,-8.39580059051514,"Unknown"
"7014855",371852,2025-07-08 00:25:43,43.3669395446777,-8.39578437805176,"Unknown"
"7014855",371852,2025-07-08 00:30:34,43.3669548034668,-8.39580821990967,"Unknown"
"7014855",371852,2025-07-08 00:35:36,43.3669242858887,-8.3958683013916,"Unknown"
"7014855",371852,2025-07-08 00:40:38,43.3668823242188,-8.39589214324951,"Unknown"
"7014855",371852,2025-07-08 00:45:50,43.3668899536133,-8.39611530303955,"Unknown"
"7014855",371852,2025-07-08 00:50:42,43.3669281005859,-8.39585208892822,"Unknown"
"7014855",371852,2025-07-08 00:55:36,43.3667793273926,-8.39570617675781,"Unknown"
"7014855",371852,2025-07-08 01:00:38,43.3670043945312,-8.3959379196167,"Unknown"
"7014855",371852,2025-07-08 01:05:39,43.3670616149902,-8.39593696594238,"Unknown"
"7014855",371852,2025-07-08 01:10:39,43.367000579834,-8.39601039886475,"Unknown"
"7014855",371852,2025-07-08 01:15:39,43.3669967651367,-8.39591312408447,"Unknown"
"7014855",371852,2025-07-08 01:20:39,43.3669967651367,-8.39597415924072,"Unknown"
"7014855",371852,2025-07-08 01:25:39,43.3670883178711,-8.3960428237915,"Unknown"
"7014855",371852,2025-07-08 01:30:44,43.3670845031738,-8.39588832855225,"Unknown"
"7014855",371852,2025-07-08 01:35:39,43.3670768737793,-8.39590740203857,"Unknown"
"7014855",371852,2025-07-08 01:40:39,43.3669815063477,-8.39589023590088,"Unknown"
"7014855",371852,2025-07-08 01:46:05,43.367057800293,-8.3958854675293,"Unknown"
"7014855",371852,2025-07-08 01:50:32,43.367000579834,-8.39572525024414,"Unknown"
"7014855",371852,2025-07-08 01:55:33,43.3668212890625,-8.39576244354248,"Unknown"
"7014855",371852,2025-07-08 02:00:32,43.3669891357422,-8.39570331573486,"Unknown"
"7014855",371852,2025-07-08 02:05:32,43.3671913146973,-8.39566898345947,"Unknown"
"7014855",371852,2025-07-08 02:10:33,43.367015838623,-8.39599990844727,"Unknown"
"7014855",371852,2025-07-08 02:15:35,43.3668518066406,-8.39574241638184,"Unknown"
"7014855",371852,2025-07-08 02:20:36,43.3670196533203,-8.39591979980469,"Unknown"
"7014855",371852,2025-07-08 02:25:33,43.367130279541,-8.39605140686035,"Unknown"
"7014855",371852,2025-07-08 02:30:33,43.367301940918,-8.3959493637085,"Unknown"
"7014855",371852,2025-07-08 02:35:34,43.3669853210449,-8.39580059051514,"Unknown"
"7014855",371852,2025-07-08 02:40:33,43.3667945861816,-8.39570045471191,"Unknown"
"7014855",371852,2025-07-08 02:45:41,43.3670120239258,-8.39573764801025,"Unknown"
"7014855",371852,2025-07-08 02:50:34,43.3670692443848,-8.39571380615234,"Unknown"
"7014855",371852,2025-07-08 02:55:36,43.3669013977051,-8.39595508575439,"Unknown"
"7014855",371852,2025-07-08 03:00:33,43.3673896789551,-8.39624500274658,"Unknown"
"7014855",371852,2025-07-08 03:05:34,43.3669166564941,-8.39595603942871,"Unknown"
"7014855",371852,2025-07-08 03:10:33,43.3668441772461,-8.39587116241455,"Unknown"
"7014855",371852,2025-07-08 03:15:40,43.3669013977051,-8.39593124389648,"Unknown"
"7014855",371852,2025-07-08 03:20:34,43.3668403625488,-8.39593410491943,"Unknown"
"7014855",371852,2025-07-08 03:25:40,43.3669815063477,-8.39590644836426,"Unknown"
"7014855",371852,2025-07-08 03:30:44,43.3669738769531,-8.39593505859375,"Unknown"
"7014855",371852,2025-07-08 03:35:41,43.3670196533203,-8.39580917358398,"Unknown"
"7014855",371852,2025-07-08 03:40:36,43.366828918457,-8.39566707611084,"Unknown"
"7014855",371852,2025-07-08 03:45:45,43.3669357299805,-8.39586734771729,"Unknown"
"7014855",371852,2025-07-08 03:50:43,43.3669586181641,-8.39610862731934,"Unknown"
"7014855",371852,2025-07-08 03:55:45,43.3647575378418,-8.40037822723389,"Unknown"
"7014855",371852,2025-07-08 04:01:05,43.3669586181641,-8.3961124420166,"Unknown"
"7014855",371852,2025-07-08 04:05:35,43.3669586181641,-8.39609718322754,"Unknown"
"7014855",371852,2025-07-08 04:10:32,43.3700485229492,-8.40041065216064,"Unknown"
"7014855",371852,2025-07-08 04:15:33,43.3799018859863,-8.43558502197266,"Unknown"
"7014855",371852,2025-07-08 04:20:34,43.3687057495117,-8.50973892211914,"Unknown"
"7014855",371852,2025-07-08 04:25:33,43.3525581359863,-8.57472610473633,"Unknown"
"7014855",371852,2025-07-08 04:30:32,43.3361015319824,-8.63955783843994,"Unknown"
"7014855",371852,2025-07-08 04:35:34,43.3206024169922,-8.71020317077637,"Unknown"
"7014855",371852,2025-07-08 04:40:32,43.3188285827637,-8.77055644989014,"Unknown"
"7014855",371852,2025-07-08 04:45:33,43.3272857666016,-8.81253910064697,"Unknown"
"7014855",371852,2025-07-08 04:50:32,43.3417701721191,-8.83152484893799,"Unknown"
"7014855",371852,2025-07-08 04:55:33,43.3603858947754,-8.84390830993652,"Unknown"
"7014855",371852,2025-07-08 05:00:32,43.360034942627,-8.84287548065186,"Unknown"
"7014855",371852,2025-07-08 05:05:34,43.3600845336914,-8.84292507171631,"Unknown"
"7014855",371852,2025-07-08 05:10:33,43.3601341247559,-8.84296417236328,"Unknown"
"7014855",371852,2025-07-08 05:15:34,43.3600769042969,-8.8429594039917,"Unknown"
"7014855",371852,2025-07-08 05:20:39,43.3600654602051,-8.8431396484375,"Unknown"
"7014855",371852,2025-07-08 05:25:41,43.360034942627,-8.84305667877197,"Unknown"
"7014855",371852,2025-07-08 05:30:42,43.3600463867188,-8.84319591522217,"Unknown"
"7014855",371852,2025-07-08 05:35:41,43.3600616455078,-8.84319305419922,"Unknown"
"7014855",371852,2025-07-08 05:40:44,43.3601379394531,-8.84300804138184,"Unknown"
"7014855",371852,2025-07-08 05:45:44,43.3601417541504,-8.84299850463867,"Unknown"
"7014855",371852,2025-07-08 05:50:39,43.3601379394531,-8.84306812286377,"Unknown"
"7014855",371852,2025-07-08 05:55:39,43.3601608276367,-8.84301948547363,"Unknown"
"7014855",371852,2025-07-08 06:01:05,43.3600273132324,-8.84304714202881,"Unknown"
"7014855",371852,2025-07-08 06:05:33,43.360107421875,-8.84304237365723,"Unknown"
"7014855",371852,2025-07-08 06:10:32,43.3614730834961,-8.84188461303711,"Unknown"
"7014855",371852,2025-07-08 06:15:32,43.3402366638184,-8.83068084716797,"Unknown"
"7014855",371852,2025-07-08 06:20:33,43.3277854919434,-8.82843780517578,"Unknown"
"7014855",371852,2025-07-08 06:25:32,43.3278388977051,-8.8284273147583,"Unknown"
"7014855",371852,2025-07-08 06:30:32,43.3281364440918,-8.82530689239502,"Unknown"
"7014855",371852,2025-07-08 06:35:32,43.322883605957,-8.8184175491333,"Unknown"
"7014855",371852,2025-07-08 06:40:32,43.3229026794434,-8.8184118270874,"Unknown"
"7014855",371852,2025-07-08 06:45:32,43.3229293823242,-8.81833457946777,"Unknown"
"7014855",371852,2025-07-08 06:50:32,43.3229064941406,-8.81832790374756,"Unknown"
"7014855",371852,2025-07-08 06:55:32,43.3228340148926,-8.81842803955078,"Unknown"
"7014855",371852,2025-07-08 07:00:33,43.3229637145996,-8.81824684143066,"Unknown"
"7014855",371852,2025-07-08 07:05:32,43.3227653503418,-8.81842517852783,"Unknown"
"7014855",371852,2025-07-08 07:10:32,43.3228378295898,-8.81842422485352,"Unknown"
"7014855",371852,2025-07-08 07:15:32,43.3228187561035,-8.81843757629395,"Unknown"
"7014855",371852,2025-07-08 07:20:32,43.3228340148926,-8.81841373443604,"Unknown"
"7014855",371852,2025-07-08 07:25:32,43.3229026794434,-8.81838226318359,"Unknown"
"7014855",371852,2025-07-08 07:30:33,43.3229064941406,-8.81837940216064,"Unknown"
"7014855",371852,2025-07-08 07:35:33,43.3228454589844,-8.81838512420654,"Unknown"
"7014855",371852,2025-07-08 07:40:33,43.3228492736816,-8.81839942932129,"Unknown"
"7014855",371852,2025-07-08 07:45:33,43.3234748840332,-8.81513786315918,"Unknown"
"7014855",371852,2025-07-08 07:50:33,43.3408737182617,-8.83109664916992,"Unknown"
"7014855",371852,2025-07-08 07:55:33,43.3466567993164,-8.83418750762939,"Unknown"
"7014855",371852,2025-07-08 08:00:32,43.3602523803711,-8.84222888946533,"Unknown"
"7014855",371852,2025-07-08 08:05:34,43.35986328125,-8.84310436248779,"Unknown"
"7014855",371852,2025-07-08 08:10:36,43.3597946166992,-8.8430233001709,"Unknown"
"7014855",371852,2025-07-08 08:15:33,43.3599548339844,-8.8430061340332,"Unknown"
"7014855",371852,2025-07-08 08:20:33,43.3599243164062,-8.84295845031738,"Unknown"
"7014855",371852,2025-07-08 08:25:33,43.3601417541504,-8.84316444396973,"Unknown"
"7014855",371852,2025-07-08 08:30:38,43.3601150512695,-8.84319305419922,"Unknown"
"7014855",371852,2025-07-08 08:35:33,43.3603630065918,-8.84329795837402,"Unknown"
"7014855",371852,2025-07-08 08:40:33,43.3600540161133,-8.843092918396,"Unknown"
"7014855",371852,2025-07-08 08:45:34,43.360050201416,-8.84319972991943,"Unknown"
"7014855",371852,2025-07-08 08:50:38,43.360179901123,-8.84314155578613,"Unknown"
"7014855",371852,2025-07-08 08:55:34,43.3600540161133,-8.84311962127686,"Unknown"
"7014855",371852,2025-07-08 09:00:37,43.3601036071777,-8.84309673309326,"Unknown"
"7014855",371852,2025-07-08 09:05:34,43.3599967956543,-8.84309101104736,"Unknown"
"7014855",371852,2025-07-08 09:10:34,43.3600120544434,-8.84309387207031,"Unknown"
"7014855",371852,2025-07-08 09:15:34,43.359992980957,-8.84311294555664,"Unknown"
"7014855",371852,2025-07-08 09:20:34,43.3600425720215,-8.8430061340332,"Unknown"
"7014855",371852,2025-07-08 09:25:34,43.3599967956543,-8.84305667877197,"Unknown"
"7014855",371852,2025-07-08 09:30:34,43.3599967956543,-8.84298038482666,"Unknown"
"7014855",371852,2025-07-08 09:35:38,43.3601531982422,-8.84313011169434,"Unknown"
"7014855",371852,2025-07-08 09:40:36,43.3600654602051,-8.84294700622559,"Unknown"
"7014855",371852,2025-07-08 09:45:34,43.3601036071777,-8.84322357177734,"Unknown"
"7014855",371852,2025-07-08 09:50:39,43.3602828979492,-8.84238624572754,"Unknown"
"7014855",371852,2025-07-08 09:55:34,43.3602294921875,-8.84254360198975,"Unknown"
"7014855",371852,2025-07-08 10:00:37,43.3602142333984,-8.84222793579102,"Unknown"
"7014855",371852,2025-07-08 10:05:37,43.3602027893066,-8.84207153320312,"Unknown"
"7014855",371852,2025-07-08 10:10:37,43.3602409362793,-8.84215259552002,"Unknown"
"7014855",371852,2025-07-08 10:15:38,43.3600883483887,-8.84175109863281,"Unknown"
"7014855",371852,2025-07-08 10:20:42,43.3600387573242,-8.84140586853027,"Unknown"
"7014855",371852,2025-07-08 10:25:36,43.3599472045898,-8.84131622314453,"Unknown"
"7014855",371852,2025-07-08 10:30:36,43.3598327636719,-8.84043025970459,"Unknown"
"7014855",371852,2025-07-08 10:35:59,43.3601684570312,-8.84336566925049,"Unknown"
"7014855",371852,2025-07-08 10:40:41,43.3619041442871,-8.84059619903564,"Unknown"
"7014855",371852,2025-07-08 10:45:44,43.3381233215332,-8.82859230041504,"Unknown"
"7014855",371852,2025-07-08 10:50:36,43.317497253418,-8.80414962768555,"Unknown"
"7014855",371852,2025-07-08 10:55:38,43.3006782531738,-8.77922916412354,"Unknown"
"7014855",371852,2025-07-08 11:00:39,43.2953758239746,-8.75159931182861,"Unknown"
"7014855",371852,2025-07-08 11:05:38,43.2933807373047,-8.72256946563721,"Unknown"
"7014855",371852,2025-07-08 11:10:40,43.2886848449707,-8.69619274139404,"Unknown"
"7014855",371852,2025-07-08 11:15:43,43.2860336303711,-8.67276382446289,"Unknown"
"7014855",371852,2025-07-08 11:20:44,43.2923927307129,-8.667405128479,"Unknown"
"7014855",371852,2025-07-08 11:25:39,43.2924003601074,-8.6669979095459,"Unknown"
"7014855",371852,2025-07-08 11:30:46,43.2924690246582,-8.66870784759521,"Unknown"
"7014855",371852,2025-07-08 11:35:39,43.2923469543457,-8.6674633026123,"Unknown"
"7014855",371852,2025-07-08 11:40:44,43.292236328125,-8.6674919128418,"Unknown"
"7014855",371852,2025-07-08 11:45:40,43.2922248840332,-8.6674165725708,"Unknown"
"7014855",371852,2025-07-08 11:51:05,43.3057136535645,-8.64823913574219,"Unknown"
"7014855",371852,2025-07-08 11:55:32,43.3133201599121,-8.62423133850098,"Unknown"
"7014855",371852,2025-07-08 12:00:34,43.3174629211426,-8.59905910491943,"Unknown"
"7014855",371852,2025-07-08 12:05:32,43.3149452209473,-8.57195281982422,"Unknown"
"7014855",371852,2025-07-08 12:10:36,43.3112640380859,-8.54324245452881,"Unknown"
"7014855",371852,2025-07-08 12:15:32,43.319637298584,-8.52435493469238,"Unknown"
"7014855",371852,2025-07-08 12:20:42,43.3351554870605,-8.51052474975586,"Unknown"
"7014855",371852,2025-07-08 12:25:36,43.3381500244141,-8.5065393447876,"Unknown"
"7014855",371852,2025-07-08 12:30:58,43.3548049926758,-8.49899959564209,"Unknown"
"7014855",371852,2025-07-08 12:35:44,43.3532104492188,-8.47943305969238,"Unknown"
"7014855",371852,2025-07-08 12:40:55,43.3542366027832,-8.45804595947266,"Unknown"
"7014855",371852,2025-07-08 12:46:23,43.3540077209473,-8.45846462249756,"Unknown"
"7014855",371852,2025-07-08 12:50:35,43.3544006347656,-8.45882797241211,"Unknown"
"7014855",371852,2025-07-08 12:55:33,43.340518951416,-8.45380973815918,"Unknown"
"7014855",371852,2025-07-08 13:00:33,43.3404998779297,-8.45361614227295,"Unknown"
"7014855",371852,2025-07-08 13:05:33,43.3403472900391,-8.45359516143799,"Unknown"
"7014855",371852,2025-07-08 13:10:33,43.34033203125,-8.45354175567627,"Unknown"
"7014855",371852,2025-07-08 13:15:49,43.3404350280762,-8.45356273651123,"Unknown"
"7014855",371852,2025-07-08 13:20:36,43.3465194702148,-8.4471263885498,"Unknown"
"7014855",371852,2025-07-08 13:25:36,43.3539619445801,-8.43102264404297,"Unknown"
"7014855",371852,2025-07-08 13:31:14,43.3533401489258,-8.42520809173584,"Unknown"
"7014855",371852,2025-07-08 13:35:32,43.3533515930176,-8.42512702941895,"Unknown"
"7014855",371852,2025-07-08 13:40:32,43.3531723022461,-8.4250373840332,"Unknown"
"7014855",371852,2025-07-08 13:45:32,43.3532409667969,-8.42513465881348,"Unknown"
"7014855",371852,2025-07-08 13:50:32,43.3533477783203,-8.42511463165283,"Unknown"
"7014855",371852,2025-07-08 13:55:32,43.3533363342285,-8.4251537322998,"Unknown"
"7014855",371852,2025-07-08 14:00:33,43.3532867431641,-8.42513084411621,"Unknown"
"7014855",371852,2025-07-08 14:05:32,43.3534126281738,-8.42520046234131,"Unknown"
"7014855",371852,2025-07-08 14:10:32,43.3535079956055,-8.42524147033691,"Unknown"
"7014855",371852,2025-07-08 14:15:44,43.3532905578613,-8.42507362365723,"Unknown"
"7014855",371852,2025-07-08 14:20:41,43.3532524108887,-8.42502880096436,"Unknown"
"7014855",371852,2025-07-08 14:25:34,43.3531761169434,-8.42500782012939,"Unknown"
"7014855",371852,2025-07-08 14:30:32,43.3531799316406,-8.42498970031738,"Unknown"
"7014855",371852,2025-07-08 14:35:37,43.3531646728516,-8.42518043518066,"Unknown"
"7014855",371852,2025-07-08 14:40:34,43.3531646728516,-8.42501068115234,"Unknown"
"7014855",371852,2025-07-08 14:46:05,43.3531532287598,-8.42520713806152,"Unknown"
"7014855",371852,2025-07-08 14:50:44,43.3531494140625,-8.42521572113037,"Unknown"
"7014855",371852,2025-07-08 14:55:33,43.3531455993652,-8.42539882659912,"Unknown"
"7014855",371852,2025-07-08 15:00:32,43.3530921936035,-8.42508029937744,"Unknown"
"7014855",371852,2025-07-08 15:05:33,43.3639602661133,-8.40824794769287,"Unknown"
"7014855",371852,2025-07-08 15:10:33,43.3802719116211,-8.43450355529785,"Unknown"
"7014855",371852,2025-07-08 15:15:36,43.3694190979004,-8.48778057098389,"Unknown"
"7014855",371852,2025-07-08 15:20:32,43.3499450683594,-8.52736854553223,"Unknown"
"7014855",371852,2025-07-08 15:25:39,43.3499641418457,-8.52751636505127,"Unknown"
"7014855",371852,2025-07-08 15:30:42,43.3499450683594,-8.52750110626221,"Unknown"
"7014855",371852,2025-07-08 15:35:34,43.3499603271484,-8.52751064300537,"Unknown"
"7014855",371852,2025-07-08 15:40:40,43.3500099182129,-8.5274543762207,"Unknown"
"7014855",371852,2025-07-08 15:46:04,43.349967956543,-8.527419090271,"Unknown"
"7014855",371852,2025-07-08 15:50:35,43.3499984741211,-8.52739906311035,"Unknown"
"7014855",371852,2025-07-08 15:55:33,43.3499336242676,-8.52751636505127,"Unknown"
"7014855",371852,2025-07-08 16:00:34,43.3500022888184,-8.52732849121094,"Unknown"
"7014855",371852,2025-07-08 16:05:36,43.350040435791,-8.52731513977051,"Unknown"
"7014855",371852,2025-07-08 16:10:39,43.3499946594238,-8.52737140655518,"Unknown"
"7014855",371852,2025-07-08 16:15:32,43.349983215332,-8.52755832672119,"Unknown"
"7014855",371852,2025-07-08 16:20:38,43.3499794006348,-8.52743530273438,"Unknown"
"7014855",371852,2025-07-08 16:25:32,43.3500175476074,-8.52731418609619,"Unknown"
"7014855",371852,2025-07-08 16:30:32,43.3500709533691,-8.52733612060547,"Unknown"
"7014855",371852,2025-07-08 16:35:32,43.3500022888184,-8.52731037139893,"Unknown"
"7014855",371852,2025-07-08 16:40:33,43.350040435791,-8.52730369567871,"Unknown"
"7014855",371852,2025-07-08 16:45:32,43.3500518798828,-8.52739238739014,"Unknown"
"7014855",371852,2025-07-08 16:50:41,43.3499794006348,-8.52740001678467,"Unknown"
"7014855",371852,2025-07-08 16:55:34,43.3500175476074,-8.52741718292236,"Unknown"
"7014855",371852,2025-07-08 17:00:34,43.3499565124512,-8.5274715423584,"Unknown"
"7014855",371852,2025-07-08 17:05:33,43.3500709533691,-8.52741718292236,"Unknown"
"7014855",371852,2025-07-08 17:10:33,43.3501167297363,-8.52741718292236,"Unknown"
"7014855",371852,2025-07-08 17:15:33,43.3500785827637,-8.52753162384033,"Unknown"
"7014855",371852,2025-07-08 17:20:36,43.3500213623047,-8.52758884429932,"Unknown"
"7014855",371852,2025-07-08 17:25:35,43.3500061035156,-8.52751445770264,"Unknown"
"7014855",371852,2025-07-08 17:31:05,43.3499603271484,-8.52748584747314,"Unknown"
"7014855",371852,2025-07-08 17:35:32,43.3499069213867,-8.52751541137695,"Unknown"
"7014855",371852,2025-07-08 17:40:33,43.3499298095703,-8.52744674682617,"Unknown"
"7014855",371852,2025-07-08 17:45:32,43.3499603271484,-8.52745151519775,"Unknown"
"7014855",371852,2025-07-08 17:50:32,43.3498725891113,-8.52748394012451,"Unknown"
"7014855",371852,2025-07-08 17:55:32,43.3500022888184,-8.52744102478027,"Unknown"
"7014855",371852,2025-07-08 18:00:32,43.3499641418457,-8.52744197845459,"Unknown"
"7014855",371852,2025-07-08 18:05:32,43.3499221801758,-8.52744007110596,"Unknown"
"7014855",371852,2025-07-08 18:10:32,43.3499374389648,-8.52740669250488,"Unknown"
"7014855",371852,2025-07-08 18:15:33,43.3561210632324,-8.51520156860352,"Unknown"
"7014855",371852,2025-07-08 18:20:32,43.359977722168,-8.48935031890869,"Unknown"
"7014855",371852,2025-07-08 18:25:34,43.3526382446289,-8.47677326202393,"Unknown"
"7014855",371852,2025-07-08 18:30:32,43.3579521179199,-8.45881462097168,"Unknown"
"7014855",371852,2025-07-08 18:35:32,43.3542938232422,-8.45861625671387,"Unknown"
"7014855",371852,2025-07-08 18:40:40,43.3542289733887,-8.4590950012207,"Unknown"
"7014855",371852,2025-07-08 18:45:44,43.3544425964355,-8.45878505706787,"Unknown"
"7014855",371852,2025-07-08 18:50:59,43.3545951843262,-8.4586009979248,"Unknown"
"7014855",371852,2025-07-08 18:55:40,43.3542938232422,-8.45917510986328,"Unknown"
"7014855",371852,2025-07-08 19:00:33,43.3539619445801,-8.45920467376709,"Unknown"
"7014855",371852,2025-07-08 19:05:38,43.3537940979004,-8.45758438110352,"Unknown"
"7014855",371852,2025-07-08 19:10:39,43.355842590332,-8.45801639556885,"Unknown"
"7014855",371852,2025-07-08 19:15:36,43.3543357849121,-8.45855808258057,"Unknown"
"7014855",371852,2025-07-08 19:20:44,43.3544311523438,-8.45911502838135,"Unknown"
"7014855",371852,2025-07-08 19:25:42,43.3541488647461,-8.45855045318604,"Unknown"
"7014855",371852,2025-07-08 19:30:38,43.354549407959,-8.45875358581543,"Unknown"
"7014855",371852,2025-07-08 19:35:33,43.3548202514648,-8.45780467987061,"Unknown"
"7014855",371852,2025-07-08 19:40:33,43.3553428649902,-8.45821475982666,"Unknown"
"7014855",371852,2025-07-08 19:45:44,43.3556022644043,-8.45825958251953,"Unknown"
"7014855",371852,2025-07-08 19:50:33,43.3549957275391,-8.4589204788208,"Unknown"
"7014855",371852,2025-07-08 19:55:34,43.3557662963867,-8.45806503295898,"Unknown"
"7014855",371852,2025-07-08 20:00:39,43.3563766479492,-8.45761871337891,"Unknown"
"7014855",371852,2025-07-08 20:05:33,43.3558769226074,-8.45803356170654,"Unknown"
"7014855",371852,2025-07-08 20:10:44,43.3542861938477,-8.45843505859375,"Unknown"
"7014855",371852,2025-07-08 20:15:39,43.3549385070801,-8.45783615112305,"Unknown"
"7014855",371852,2025-07-08 20:20:37,43.3491897583008,-8.43626594543457,"Unknown"
"7014855",371852,2025-07-08 20:26:35,43.3602638244629,-8.40439701080322,"Unknown"
"7014855",371852,2025-07-08 20:30:33,43.364070892334,-8.39753913879395,"Unknown"
"7014855",371852,2025-07-08 20:35:33,43.3598594665527,-8.39913463592529,"Unknown"
"7014855",371852,2025-07-08 20:40:39,43.3628044128418,-8.39699077606201,"Unknown"
"7014855",371852,2025-07-08 20:45:44,43.3626022338867,-8.39700698852539,"Unknown"
"7014855",371852,2025-07-08 20:50:39,43.3625946044922,-8.39677810668945,"Unknown"
"7014855",371852,2025-07-08 20:55:37,43.3625755310059,-8.39665222167969,"Unknown"
"7014855",371852,2025-07-08 21:01:05,43.3627395629883,-8.39671993255615,"Unknown"
"7014855",371852,2025-07-08 21:05:34,43.3627624511719,-8.39674472808838,"Unknown"
"7014855",371852,2025-07-08 21:10:36,43.3627548217773,-8.39674091339111,"Unknown"
"7014855",371852,2025-07-08 21:15:40,43.3628692626953,-8.39670181274414,"Unknown"
"7014855",371852,2025-07-08 21:20:37,43.3629608154297,-8.39668750762939,"Unknown"
"7014855",371852,2025-07-08 21:25:38,43.3628997802734,-8.39677715301514,"Unknown"
"7014855",371852,2025-07-08 21:30:38,43.362907409668,-8.39666843414307,"Unknown"
"7014855",371852,2025-07-08 21:35:33,43.3628807067871,-8.39669322967529,"Unknown"
"7014855",371852,2025-07-08 21:40:37,43.3629150390625,-8.39676284790039,"Unknown"
"7014855",371852,2025-07-08 21:45:40,43.3630142211914,-8.39674091339111,"Unknown"
"7014855",371852,2025-07-08 21:50:38,43.3629302978516,-8.39666843414307,"Unknown"
"7014855",371852,2025-07-08 21:55:39,43.3629875183105,-8.39672374725342,"Unknown"
"7014855",371852,2025-07-08 22:01:05,43.362907409668,-8.39659976959229,"Unknown"
"7014855",371852,2025-07-08 22:05:33,43.3630256652832,-8.39656543731689,"Unknown"
"7014855",371852,2025-07-08 22:10:32,43.3629608154297,-8.39659690856934,"Unknown"
"7014855",371852,2025-07-08 22:15:32,43.362907409668,-8.39666557312012,"Unknown"
"7014855",371852,2025-07-08 22:20:33,43.3632316589355,-8.3967399597168,"Unknown"
"7014855",371852,2025-07-08 22:25:33,43.363151550293,-8.39662933349609,"Unknown"
"7014855",371852,2025-07-08 22:30:39,43.3639869689941,-8.39357089996338,"Unknown"
"7014855",371852,2025-07-08 22:35:32,43.3629531860352,-8.38525295257568,"Unknown"
"7014855",371852,2025-07-08 22:40:39,43.3669166564941,-8.39567756652832,"Unknown"
"7014855",371852,2025-07-08 22:45:33,43.3668823242188,-8.39569568634033,"Unknown"
"7014855",371852,2025-07-08 22:50:48,43.3669548034668,-8.3957691192627,"Unknown"
"7014855",371852,2025-07-08 22:55:51,43.3669471740723,-8.39578914642334,"Unknown"
"7014855",371852,2025-07-08 23:00:54,43.3669929504395,-8.39605045318604,"Unknown"
"7014855",371852,2025-07-08 23:05:39,43.3671035766602,-8.39603614807129,"Unknown"
"7014855",371852,2025-07-08 23:10:44,43.3636322021484,-8.39453315734863,"Unknown"
"7014855",371852,2025-07-08 23:15:36,43.3633422851562,-8.39479923248291,"Unknown"
"7014855",371852,2025-07-08 23:20:36,43.3628425598145,-8.39631175994873,"Unknown"
"7014855",371852,2025-07-08 23:25:33,43.3606147766113,-8.40316581726074,"Unknown"
"7014855",371852,2025-07-08 23:30:38,43.3604850769043,-8.40291976928711,"Unknown"
"7014855",371852,2025-07-08 23:35:32,43.3605270385742,-8.40279865264893,"Unknown"
"7014855",371852,2025-07-08 23:40:36,43.3604316711426,-8.40277004241943,"Unknown"
"7014855",371852,2025-07-08 23:45:44,43.3604545593262,-8.4027853012085,"Unknown"
"7014855",371852,2025-07-08 23:50:36,43.3603172302246,-8.40277194976807,"Unknown"
"7014855",371852,2025-07-08 23:55:36,43.3604125976562,-8.40268707275391,"Unknown"
"7014855",371852,2025-07-09 00:00:41,43.3605155944824,-8.40271663665771,"Unknown"
"7014855",371852,2025-07-09 00:05:43,43.3603630065918,-8.40242767333984,"Unknown"
"7014855",371852,2025-07-09 00:10:42,43.3604583740234,-8.40256309509277,"Unknown"
"7014855",371852,2025-07-09 00:15:42,43.360424041748,-8.40281105041504,"Unknown"
"7014855",371852,2025-07-09 00:20:57,43.3605499267578,-8.40268707275391,"Unknown"
"7014855",371852,2025-07-09 00:25:36,43.3603515625,-8.40269565582275,"Unknown"
"7014855",371852,2025-07-09 00:30:39,43.360294342041,-8.40278339385986,"Unknown"
"7014855",371852,2025-07-09 00:35:41,43.3603782653809,-8.40274810791016,"Unknown"
"7014855",371852,2025-07-09 00:40:36,43.3592643737793,-8.40174293518066,"Unknown"
"7014855",371852,2025-07-09 00:46:05,43.3600578308105,-8.40257453918457,"Unknown"
"7014855",371852,2025-07-09 00:50:36,43.3593521118164,-8.40224933624268,"Unknown"
"7014855",371852,2025-07-09 00:55:33,43.3590087890625,-8.39752960205078,"Unknown"
"7014855",371852,2025-07-09 01:00:34,43.3589248657227,-8.39755630493164,"Unknown"
"7014855",371852,2025-07-09 01:05:36,43.3601684570312,-8.40260696411133,"Unknown"
"7014855",371852,2025-07-09 01:10:36,43.3602256774902,-8.40252876281738,"Unknown"
"7014855",371852,2025-07-09 01:15:32,43.360050201416,-8.40194702148438,"Unknown"
"7014855",371852,2025-07-09 01:20:32,43.360595703125,-8.40287399291992,"Unknown"
"7014855",371852,2025-07-09 01:25:34,43.3606834411621,-8.40079498291016,"Unknown"
"7014855",371852,2025-07-09 01:30:34,43.3642578125,-8.40091323852539,"Unknown"
"7014855",371852,2025-07-09 01:35:32,43.3669052124023,-8.39551544189453,"Unknown"
"7014855",371852,2025-07-09 01:40:32,43.3669509887695,-8.39555358886719,"Unknown"
"7014855",371852,2025-07-09 01:45:33,43.3608322143555,-8.40306854248047,"Unknown"
"7014855",371852,2025-07-09 01:50:34,43.3609008789062,-8.40313339233398,"Unknown"
"7014855",371852,2025-07-09 01:55:33,43.360912322998,-8.4031457901001,"Unknown"
"7014855",371852,2025-07-09 02:00:33,43.3608589172363,-8.40308666229248,"Unknown"
"7014855",371852,2025-07-09 02:05:33,43.3607978820801,-8.40307331085205,"Unknown"
"7014855",371852,2025-07-09 02:10:37,43.3608283996582,-8.40313911437988,"Unknown"
"7014855",371852,2025-07-09 02:15:33,43.3610420227051,-8.40331363677979,"Unknown"
"7014855",371852,2025-07-09 02:20:34,43.3606300354004,-8.40290069580078,"Unknown"
"7014855",371852,2025-07-09 02:25:36,43.3609924316406,-8.40328216552734,"Unknown"
"7014855",371852,2025-07-09 02:30:39,43.3609237670898,-8.40311717987061,"Unknown"
"7014855",371852,2025-07-09 02:35:43,43.3608436584473,-8.40325927734375,"Unknown"
"7014855",371852,2025-07-09 02:40:33,43.3610076904297,-8.40329265594482,"Unknown"
"7014855",371852,2025-07-09 02:45:39,43.3610305786133,-8.40322685241699,"Unknown"
"7014855",371852,2025-07-09 02:50:37,43.3609962463379,-8.40333461761475,"Unknown"
"7014855",371852,2025-07-09 02:55:38,43.3610992431641,-8.40322017669678,"Unknown"
"7014855",371852,2025-07-09 03:01:05,43.3608932495117,-8.40317726135254,"Unknown"
"7014855",371852,2025-07-09 03:05:33,43.3609008789062,-8.40333461761475,"Unknown"
"7014855",371852,2025-07-09 03:10:40,43.360954284668,-8.40316009521484,"Unknown"
"7014855",371852,2025-07-09 03:15:40,43.3609390258789,-8.40319633483887,"Unknown"
"7014855",371852,2025-07-09 03:20:43,43.3609809875488,-8.40318870544434,"Unknown"
"7014855",371852,2025-07-09 03:25:34,43.3608932495117,-8.40329456329346,"Unknown"
"7014855",371852,2025-07-09 03:30:33,43.3609428405762,-8.40347862243652,"Unknown"
"7014855",371852,2025-07-09 03:35:33,43.3610496520996,-8.40336132049561,"Unknown"
"7014855",371852,2025-07-09 03:40:32,43.3609848022461,-8.40323829650879,"Unknown"
"7014855",371852,2025-07-09 03:45:32,43.361026763916,-8.40346336364746,"Unknown"
"7014855",371852,2025-07-09 03:50:32,43.3610305786133,-8.40329933166504,"Unknown"
"7014855",371852,2025-07-09 03:55:32,43.3610725402832,-8.40341472625732,"Unknown"
"7014855",371852,2025-07-09 04:00:34,43.3609008789062,-8.40311908721924,"Unknown"
"7014855",371852,2025-07-09 04:05:33,43.3609809875488,-8.40303993225098,"Unknown"
"7014855",371852,2025-07-09 04:10:37,43.360912322998,-8.40311813354492,"Unknown"
"7014855",371852,2025-07-09 04:15:34,43.3628578186035,-8.40396404266357,"Unknown"
"7014855",371852,2025-07-09 04:21:05,43.3629112243652,-8.4040412902832,"Unknown"
"7014855",371852,2025-07-09 04:25:32,43.3791923522949,-8.4266471862793,"Unknown"
"7014855",371852,2025-07-09 04:30:33,43.3707008361816,-8.46210193634033,"Unknown"
"7014855",371852,2025-07-09 04:35:32,43.3580665588379,-8.48782634735107,"Unknown"
"7014855",371852,2025-07-09 04:40:33,43.354076385498,-8.51750087738037,"Unknown"
"7014855",371852,2025-07-09 04:45:33,43.3540496826172,-8.51755809783936,"Unknown"
"7014855",371852,2025-07-09 04:50:35,43.3543014526367,-8.51769065856934,"Unknown"
"7014855",371852,2025-07-09 04:55:32,43.3518753051758,-8.54933071136475,"Unknown"
"7014855",371852,2025-07-09 05:00:32,43.3529281616211,-8.60043239593506,"Unknown"
"7014855",371852,2025-07-09 05:05:33,43.3517303466797,-8.64852714538574,"Unknown"
"7014855",371852,2025-07-09 05:10:36,43.3557586669922,-8.69928550720215,"Unknown"
"7014855",371852,2025-07-09 05:15:33,43.3553009033203,-8.75676155090332,"Unknown"
"7014855",371852,2025-07-09 05:20:36,43.3566589355469,-8.81471920013428,"Unknown"
"7014855",371852,2025-07-09 05:25:33,43.3602333068848,-8.84311962127686,"Unknown"
"7014855",371852,2025-07-09 05:30:39,43.3601608276367,-8.84315395355225,"Unknown"
"7014855",371852,2025-07-09 05:35:38,43.360237121582,-8.84321403503418,"Unknown"
"7014855",371852,2025-07-09 05:40:38,43.3599967956543,-8.84335899353027,"Unknown"
"7014855",371852,2025-07-09 05:45:41,43.3602676391602,-8.84313297271729,"Unknown"
"7014855",371852,2025-07-09 05:50:33,43.3604850769043,-8.84293842315674,"Unknown"
"7014855",371852,2025-07-09 05:55:34,43.3599739074707,-8.84318256378174,"Unknown"
"7014855",371852,2025-07-09 06:00:37,43.3601722717285,-8.8429479598999,"Unknown"
"7014855",371852,2025-07-09 06:05:36,43.3599967956543,-8.84309577941895,"Unknown"
"7014855",371852,2025-07-09 06:10:36,43.3598937988281,-8.84322071075439,"Unknown"
"7014855",371852,2025-07-09 06:15:39,43.3602294921875,-8.84271907806396,"Unknown"
"7014855",371852,2025-07-09 06:20:37,43.360294342041,-8.84287738800049,"Unknown"
"7014855",371852,2025-07-09 06:25:39,43.3601150512695,-8.84309577941895,"Unknown"
"7014855",371852,2025-07-09 06:30:44,43.3600959777832,-8.84308433532715,"Unknown"
"7014855",371852,2025-07-09 06:35:38,43.3600997924805,-8.84296321868896,"Unknown"
"7014855",371852,2025-07-09 06:40:37,43.3600463867188,-8.84317970275879,"Unknown"
"7014855",371852,2025-07-09 06:45:41,43.3599395751953,-8.84297657012939,"Unknown"
"7014855",371852,2025-07-09 06:50:32,43.3599014282227,-8.842360496521,"Unknown"
"7014855",371852,2025-07-09 06:55:36,43.3601036071777,-8.84281063079834,"Unknown"
"7014855",371852,2025-07-09 07:00:36,43.3600769042969,-8.84269523620605,"Unknown"
"7014855",371852,2025-07-09 07:05:40,43.360050201416,-8.84273242950439,"Unknown"
"7014855",371852,2025-07-09 07:10:38,43.35986328125,-8.84281539916992,"Unknown"
"7014855",371852,2025-07-09 07:15:38,43.3599739074707,-8.84265327453613,"Unknown"
"7014855",371852,2025-07-09 07:20:38,43.3599510192871,-8.84281921386719,"Unknown"
"7014855",371852,2025-07-09 07:25:38,43.3599128723145,-8.8427095413208,"Unknown"
"7014855",371852,2025-07-09 07:30:38,43.3601608276367,-8.84218978881836,"Unknown"
"7014855",371852,2025-07-09 07:35:38,43.3601379394531,-8.84206581115723,"Unknown"
"7014855",371852,2025-07-09 07:40:36,43.3572425842285,-8.83244514465332,"Unknown"
"7014855",371852,2025-07-09 07:45:44,43.3395385742188,-8.82729911804199,"Unknown"
"7014855",371852,2025-07-09 07:51:05,43.3397483825684,-8.82922172546387,"Unknown"
"7014855",371852,2025-07-09 07:55:36,43.3403778076172,-8.82758903503418,"Unknown"
"7014855",371852,2025-07-09 08:00:44,43.3597869873047,-8.83261394500732,"Unknown"
"7014855",371852,2025-07-09 08:05:40,43.3599967956543,-8.84312343597412,"Unknown"
"7014855",371852,2025-07-09 08:10:33,43.3598251342773,-8.84306621551514,"Unknown"
"7014855",371852,2025-07-09 08:15:33,43.359935760498,-8.84322452545166,"Unknown"
"7014855",371852,2025-07-09 08:20:38,43.3599815368652,-8.84310054779053,"Unknown"
"7014855",371852,2025-07-09 08:25:36,43.3599319458008,-8.84303569793701,"Unknown"
"7014855",371852,2025-07-09 08:30:40,43.359920501709,-8.84289073944092,"Unknown"
"7014855",371852,2025-07-09 08:35:33,43.3598556518555,-8.84308338165283,"Unknown"
"7014855",371852,2025-07-09 08:40:33,43.3597412109375,-8.84320068359375,"Unknown"
"7014855",371852,2025-07-09 08:45:36,43.3598899841309,-8.84311103820801,"Unknown"
"7014855",371852,2025-07-09 08:50:40,43.3598365783691,-8.84322929382324,"Unknown"
"7014855",371852,2025-07-09 08:55:42,43.3599700927734,-8.84303760528564,"Unknown"
"7014855",371852,2025-07-09 09:00:43,43.3600654602051,-8.84314250946045,"Unknown"
"7014855",371852,2025-07-09 09:05:41,43.3600044250488,-8.84315967559814,"Unknown"
"7014855",371852,2025-07-09 09:10:41,43.3599624633789,-8.84330463409424,"Unknown"
"7014855",371852,2025-07-09 09:15:40,43.3599433898926,-8.84328937530518,"Unknown"
"7014855",371852,2025-07-09 09:20:39,43.3599510192871,-8.84335327148438,"Unknown"
"7014855",371852,2025-07-09 09:25:40,43.3599700927734,-8.84349346160889,"Unknown"
"7014855",371852,2025-07-09 09:30:41,43.3600234985352,-8.84313488006592,"Unknown"
"7014855",371852,2025-07-09 09:35:35,43.3600044250488,-8.843092918396,"Unknown"
"7014855",371852,2025-07-09 09:40:39,43.359935760498,-8.84299468994141,"Unknown"
"7014855",371852,2025-07-09 09:45:44,43.3599891662598,-8.84307479858398,"Unknown"
"7014855",371852,2025-07-09 09:50:38,43.3600082397461,-8.84299468994141,"Unknown"
"7014855",371852,2025-07-09 09:55:39,43.3600578308105,-8.84331798553467,"Unknown"
"7014855",371852,2025-07-09 10:01:05,43.360050201416,-8.84311485290527,"Unknown"
"7014855",371852,2025-07-09 10:05:36,43.3601417541504,-8.84289360046387,"Unknown"
"7014855",371852,2025-07-09 10:10:32,43.3601036071777,-8.84313106536865,"Unknown"
"7014855",371852,2025-07-09 10:15:33,43.3600883483887,-8.84296798706055,"Unknown"
"7014855",371852,2025-07-09 10:20:32,43.3600654602051,-8.84304428100586,"Unknown"
"7014855",371852,2025-07-09 10:25:32,43.3600463867188,-8.84309005737305,"Unknown"
"7014855",371852,2025-07-09 10:30:32,43.360034942627,-8.84303283691406,"Unknown"
"7014855",371852,2025-07-09 10:35:33,43.3601112365723,-8.84303188323975,"Unknown"
"7014855",371852,2025-07-09 10:40:33,43.3600463867188,-8.84302997589111,"Unknown"
"7014855",371852,2025-07-09 10:45:36,43.3600120544434,-8.84313869476318,"Unknown"
"7014855",371852,2025-07-09 10:50:35,43.3600845336914,-8.84311866760254,"Unknown"
"7014855",371852,2025-07-09 10:55:33,43.3600845336914,-8.84307670593262,"Unknown"
"7014855",371852,2025-07-09 11:00:32,43.3600578308105,-8.84308815002441,"Unknown"
"7014855",371852,2025-07-09 11:05:33,43.3600387573242,-8.84302997589111,"Unknown"
"7014855",371852,2025-07-09 11:10:33,43.3600387573242,-8.84300518035889,"Unknown"
"7014855",371852,2025-07-09 11:15:33,43.3600845336914,-8.8430118560791,"Unknown"
"7014855",371852,2025-07-09 11:20:33,43.3600807189941,-8.84303951263428,"Unknown"
"7014855",371852,2025-07-09 11:25:32,43.3600196838379,-8.84300422668457,"Unknown"
"7014855",371852,2025-07-09 11:30:33,43.3599700927734,-8.84304809570312,"Unknown"
"7014855",371852,2025-07-09 11:35:36,43.3600730895996,-8.84305381774902,"Unknown"
"7014855",371852,2025-07-09 11:40:32,43.3600463867188,-8.84302997589111,"Unknown"
"7014855",371852,2025-07-09 11:45:34,43.3601608276367,-8.84319877624512,"Unknown"
"7014855",371852,2025-07-09 11:50:33,43.3601264953613,-8.84307670593262,"Unknown"
"7014855",371852,2025-07-09 11:56:05,43.3599586486816,-8.843186378479,"Unknown"
"7014855",371852,2025-07-09 12:00:37,43.359977722168,-8.84322738647461,"Unknown"
"7014855",371852,2025-07-09 12:05:33,43.3599700927734,-8.8431510925293,"Unknown"
"7014855",371852,2025-07-09 12:10:33,43.3726501464844,-8.85408115386963,"Unknown"
"7014855",371852,2025-07-09 12:15:35,43.3723983764648,-8.85535907745361,"Unknown"
"7014855",371852,2025-07-09 12:20:33,43.3688201904297,-8.85231494903564,"Unknown"
"7014855",371852,2025-07-09 12:25:32,43.3612747192383,-8.84799575805664,"Unknown"
"7014855",371852,2025-07-09 12:30:35,43.3614158630371,-8.848069190979,"Unknown"
"7014855",371852,2025-07-09 12:35:40,43.3599700927734,-8.84298896789551,"Unknown"
"7014855",371852,2025-07-09 12:40:32,43.3600730895996,-8.84299564361572,"Unknown"
"7014855",371852,2025-07-09 12:45:32,43.3599281311035,-8.84311580657959,"Unknown"
"7014855",371852,2025-07-09 12:50:33,43.3600540161133,-8.84327507019043,"Unknown"
"7014855",371852,2025-07-09 12:55:36,43.3599586486816,-8.84317684173584,"Unknown"
"7014855",371852,2025-07-09 13:00:32,43.368579864502,-8.83656787872314,"Unknown"
"7014855",371852,2025-07-09 13:05:33,43.3617248535156,-8.83316135406494,"Unknown"
"7014855",371852,2025-07-09 13:10:44,43.3611679077148,-8.83328723907471,"Unknown"
"7014855",371852,2025-07-09 13:15:36,43.3612747192383,-8.83348369598389,"Unknown"
"7014855",371852,2025-07-09 13:20:39,43.3613433837891,-8.83341789245605,"Unknown"
"7014855",371852,2025-07-09 13:25:38,43.3612899780273,-8.83354187011719,"Unknown"
"7014855",371852,2025-07-09 13:31:14,43.3612594604492,-8.83340454101562,"Unknown"
"7014855",371852,2025-07-09 13:36:38,43.3612365722656,-8.83298397064209,"Unknown"
"7014855",371852,2025-07-09 13:41:23,43.3612174987793,-8.83351135253906,"Unknown"
"7014855",371852,2025-07-09 13:45:34,43.3562049865723,-8.83759212493896,"Unknown"
"7014855",371852,2025-07-09 13:50:41,43.3599815368652,-8.84320735931396,"Unknown"
"7014855",371852,2025-07-09 13:55:35,43.3601417541504,-8.84328269958496,"Unknown"
"7014855",371852,2025-07-09 14:00:36,43.3608779907227,-8.84403514862061,"Unknown"
"7014855",371852,2025-07-09 14:05:38,43.3601531982422,-8.84304714202881,"Unknown"
"7014855",371852,2025-07-09 14:10:38,43.3600845336914,-8.84293174743652,"Unknown"
"7014855",371852,2025-07-09 14:15:34,43.3602142333984,-8.84314060211182,"Unknown"
"7014855",371852,2025-07-09 14:20:40,43.360050201416,-8.84295177459717,"Unknown"
"7014855",371852,2025-07-09 14:25:38,43.3600616455078,-8.84298992156982,"Unknown"
"7014855",371852,2025-07-09 14:30:34,43.3600387573242,-8.84293270111084,"Unknown"
"7014855",371852,2025-07-09 14:35:39,43.3600120544434,-8.8430757522583,"Unknown"
"7014855",371852,2025-07-09 14:40:36,43.3602294921875,-8.84323596954346,"Unknown"
"7014855",371852,2025-07-09 14:45:43,43.3600654602051,-8.8430757522583,"Unknown"
"7014855",371852,2025-07-09 14:50:43,43.3600120544434,-8.84305000305176,"Unknown"
"7014855",371852,2025-07-09 14:55:43,43.3600921630859,-8.84306526184082,"Unknown"
"7014855",371852,2025-07-09 15:00:45,43.3600234985352,-8.84300804138184,"Unknown"
"7014855",371852,2025-07-09 15:05:44,43.3584594726562,-8.84470653533936,"Unknown"
"7014855",371852,2025-07-09 15:10:37,43.3568878173828,-8.84788703918457,"Unknown"
"7014855",371852,2025-07-09 15:15:44,43.3568954467773,-8.84653759002686,"Unknown"
"7014855",371852,2025-07-09 15:20:49,43.3573989868164,-8.84635448455811,"Unknown"
"7014855",371852,2025-07-09 15:35:43,43.3601379394531,-8.84865570068359,"Unknown"
"7014855",371852,2025-07-09 15:40:36,43.360523223877,-8.84528923034668,"Unknown"
"7014855",371852,2025-07-09 15:45:41,43.3597259521484,-8.8434362411499,"Unknown"
"7014855",371852,2025-07-09 15:50:35,43.3606185913086,-8.8429651260376,"Unknown"
"7014855",371852,2025-07-09 15:55:44,43.3596725463867,-8.84329319000244,"Unknown"
"7014855",371852,2025-07-09 16:00:42,43.3595886230469,-8.84683609008789,"Unknown"
"7014855",371852,2025-07-09 16:05:40,43.3595771789551,-8.84324073791504,"Unknown"
"7014855",371852,2025-07-09 16:10:42,43.3596076965332,-8.84337043762207,"Unknown"
"7014855",371852,2025-07-09 16:16:06,43.3599319458008,-8.84281921386719,"Unknown"
"7014855",371852,2025-07-09 16:20:34,43.3597564697266,-8.84301090240479,"Unknown"
"7014855",371852,2025-07-09 16:25:34,43.3567123413086,-8.84574508666992,"Unknown"
"7014855",371852,2025-07-09 16:30:33,43.326229095459,-8.84658145904541,"Unknown"
"7014855",371852,2025-07-09 16:35:33,43.3146209716797,-8.85865306854248,"Unknown"
"7014855",371852,2025-07-09 16:40:36,43.3033676147461,-8.87026977539062,"Unknown"
"7014855",371852,2025-07-09 16:45:34,43.3035469055176,-8.87028026580811,"Unknown"
"7014855",371852,2025-07-09 16:50:33,43.3034591674805,-8.87002372741699,"Unknown"
"7014855",371852,2025-07-09 16:55:34,43.3037185668945,-8.87066268920898,"Unknown"
"7014855",371852,2025-07-09 17:00:37,43.3035697937012,-8.87050437927246,"Unknown"
"7014855",371852,2025-07-09 17:05:37,43.3032608032227,-8.86980628967285,"Unknown"
"7014855",371852,2025-07-09 17:10:37,43.3034477233887,-8.86957359313965,"Unknown"
"7014855",371852,2025-07-09 17:15:37,43.3031234741211,-8.86965656280518,"Unknown"
"7014855",371852,2025-07-09 17:20:34,43.3032531738281,-8.86983203887939,"Unknown"
"7014855",371852,2025-07-09 17:25:33,43.3033065795898,-8.86999225616455,"Unknown"
"7014855",371852,2025-07-09 17:30:37,43.2905311584473,-8.86270046234131,"Unknown"
"7014855",371852,2025-07-09 17:35:39,43.2910041809082,-8.86236667633057,"Unknown"
"7014855",371852,2025-07-09 17:40:38,43.2913932800293,-8.86279010772705,"Unknown"
"7014855",371852,2025-07-09 17:45:37,43.2909927368164,-8.86296367645264,"Unknown"
"7014855",371852,2025-07-09 17:50:38,43.2909889221191,-8.8626823425293,"Unknown"
"7014855",371852,2025-07-09 17:55:41,43.2905158996582,-8.86260890960693,"Unknown"
"7014855",371852,2025-07-09 18:01:53,43.2899703979492,-8.86109828948975,"Unknown"
"7014855",371852,2025-07-09 18:06:29,43.2908668518066,-8.86106967926025,"Unknown"
"7014855",371852,2025-07-09 18:10:37,43.2938804626465,-8.86369895935059,"Unknown"
"7014855",371852,2025-07-09 18:15:36,43.2939796447754,-8.86362361907959,"Unknown"
"7014855",371852,2025-07-09 18:20:36,43.2941970825195,-8.86372566223145,"Unknown"
"7014855",371852,2025-07-09 18:25:34,43.2952423095703,-8.86354637145996,"Unknown"
"7014855",371852,2025-07-09 18:30:37,43.322380065918,-8.8519172668457,"Unknown"
"7014855",371852,2025-07-09 18:35:43,43.3514785766602,-8.83981609344482,"Unknown"
"7014855",371852,2025-07-09 18:41:01,43.3605651855469,-8.84807682037354,"Unknown"
"7014855",371852,2025-07-09 18:46:04,43.3601417541504,-8.84299755096436,"Unknown"
"7014855",371852,2025-07-09 18:50:34,43.3601989746094,-8.84310436248779,"Unknown"
"7014855",371852,2025-07-09 18:55:39,43.3568649291992,-8.84561634063721,"Unknown"
"7014855",371852,2025-07-09 19:01:07,43.3380088806152,-8.79114818572998,"Unknown"
"7014855",371852,2025-07-09 19:05:43,43.3166923522949,-8.78066444396973,"Unknown"
"7014855",371852,2025-07-09 19:10:39,43.3106994628906,-8.75519275665283,"Unknown"
"7014855",371852,2025-07-09 19:15:38,43.3229141235352,-8.72106456756592,"Unknown"
"7014855",371852,2025-07-09 19:20:37,43.3348007202148,-8.70837116241455,"Unknown"
"7014855",371852,2025-07-09 19:25:39,43.3358459472656,-8.68689155578613,"Unknown"
"7014855",371852,2025-07-09 19:30:36,43.3290176391602,-8.63130283355713,"Unknown"
"7014855",371852,2025-07-09 19:35:44,43.3353614807129,-8.57803535461426,"Unknown"
"7014855",371852,2025-07-09 19:40:40,43.3484649658203,-8.52982425689697,"Unknown"
"7014855",371852,2025-07-09 19:45:44,43.3484344482422,-8.52988529205322,"Unknown"
"7014855",371852,2025-07-09 19:50:43,43.3483772277832,-8.52990436553955,"Unknown"
"7014855",371852,2025-07-09 19:55:41,43.3484840393066,-8.52990245819092,"Unknown"
"7014855",371852,2025-07-09 20:00:36,43.3565063476562,-8.49939060211182,"Unknown"
"7014855",371852,2025-07-09 20:05:38,43.3604202270508,-8.45851230621338,"Unknown"
"7014855",371852,2025-07-09 20:10:39,43.3566246032715,-8.45736694335938,"Unknown"
"7014855",371852,2025-07-09 20:15:44,43.3560409545898,-8.45719528198242,"Unknown"
"7014855",371852,2025-07-09 20:20:38,43.3567161560059,-8.45744609832764,"Unknown"
"7014855",371852,2025-07-09 20:25:36,43.3515510559082,-8.43986988067627,"Unknown"
"7014855",371852,2025-07-09 20:30:39,43.3600540161133,-8.40395927429199,"Unknown"
"7014855",371852,2025-07-09 20:35:37,43.3627548217773,-8.39659881591797,"Unknown"
"7014855",371852,2025-07-09 20:40:39,43.3627243041992,-8.39662075042725,"Unknown"
"7014855",371852,2025-07-09 20:46:06,43.3626708984375,-8.39667987823486,"Unknown"
"7014855",371852,2025-07-09 20:50:34,43.3599014282227,-8.40115737915039,"Unknown"
"7014855",371852,2025-07-09 20:55:33,43.3606643676758,-8.40249252319336,"Unknown"
"7014855",371852,2025-07-09 21:00:34,43.3603363037109,-8.40250396728516,"Unknown"
"7014855",371852,2025-07-09 21:05:33,43.3603744506836,-8.40254974365234,"Unknown"
"7014855",371852,2025-07-09 21:10:34,43.3603630065918,-8.40248870849609,"Unknown"
"7014855",371852,2025-07-09 21:15:34,43.3606414794922,-8.40258979797363,"Unknown"
"7014855",371852,2025-07-09 21:20:34,43.3576698303223,-8.39149284362793,"Unknown"
"7014855",371852,2025-07-09 21:25:33,43.3595390319824,-8.40083408355713,"Unknown"
"7014855",371852,2025-07-09 21:30:34,43.3602676391602,-8.40281677246094,"Unknown"
"7014855",371852,2025-07-09 21:35:34,43.3602561950684,-8.40284729003906,"Unknown"
"7014855",371852,2025-07-09 21:40:33,43.3603553771973,-8.40283584594727,"Unknown"
"7014855",371852,2025-07-09 21:45:33,43.3632202148438,-8.39465999603271,"Unknown"
"7014855",371852,2025-07-09 21:50:34,43.3631706237793,-8.39463424682617,"Unknown"
"7014855",371852,2025-07-09 21:55:37,43.3633689880371,-8.39473342895508,"Unknown"
"7014855",371852,2025-07-09 22:01:05,43.3631858825684,-8.39415645599365,"Unknown"
"7014855",371852,2025-07-09 22:05:33,43.3632202148438,-8.39416599273682,"Unknown"
"7014855",371852,2025-07-09 22:10:36,43.3613815307617,-8.40164756774902,"Unknown"
"7014855",371852,2025-07-09 22:15:36,43.3627777099609,-8.39675998687744,"Unknown"
"7014855",371852,2025-07-09 22:20:34,43.3627548217773,-8.39673328399658,"Unknown"
"7014855",371852,2025-07-09 22:25:34,43.3627243041992,-8.39673614501953,"Unknown"
"7014855",371852,2025-07-09 22:30:34,43.3627281188965,-8.39673614501953,"Unknown"
"7014855",371852,2025-07-09 22:35:34,43.3628082275391,-8.3967456817627,"Unknown"
"7014855",371852,2025-07-09 22:40:37,43.3627243041992,-8.39673709869385,"Unknown"
"7014855",371852,2025-07-09 22:45:37,43.3627319335938,-8.39669799804688,"Unknown"
"7014855",371852,2025-07-09 22:50:42,43.3632507324219,-8.39519882202148,"Unknown"
"7014855",371852,2025-07-09 22:55:34,43.3632774353027,-8.39505577087402,"Unknown"
"7014855",371852,2025-07-09 23:00:36,43.3632431030273,-8.39514446258545,"Unknown"
"7014855",371852,2025-07-09 23:05:36,43.3598785400391,-8.39816665649414,"Unknown"
"7014855",371852,2025-07-09 23:10:34,43.3603172302246,-8.40282249450684,"Unknown"
"7014855",371852,2025-07-09 23:15:34,43.3597106933594,-8.40130710601807,"Unknown"
"7014855",371852,2025-07-09 23:20:39,43.3604850769043,-8.39691638946533,"Unknown"
"7014855",371852,2025-07-09 23:25:42,43.3631477355957,-8.39506530761719,"Unknown"
"7014855",371852,2025-07-09 23:31:57,43.3628692626953,-8.39237689971924,"Unknown"
"7014855",371852,2025-07-09 23:36:36,43.364501953125,-8.40066432952881,"Unknown"
"7014855",371852,2025-07-09 23:40:45,43.3644790649414,-8.40085983276367,"Unknown"
"7014855",371852,2025-07-09 23:45:37,43.3645248413086,-8.4008903503418,"Unknown"
"7014855",371852,2025-07-09 23:50:39,43.3647041320801,-8.40093040466309,"Unknown"
"7014855",371852,2025-07-09 23:55:34,43.3645782470703,-8.40098762512207,"Unknown"
"7014855",371852,2025-07-10 00:00:39,43.364616394043,-8.40088558197021,"Unknown"
"7014855",371852,2025-07-10 00:05:39,43.3646125793457,-8.40081405639648,"Unknown"
"7014855",371852,2025-07-10 00:10:36,43.3646049499512,-8.40079212188721,"Unknown"
"7014855",371852,2025-07-10 00:15:42,43.3647575378418,-8.40077590942383,"Unknown"
"7014855",371852,2025-07-10 00:20:34,43.3646507263184,-8.40073680877686,"Unknown"
"7014855",371852,2025-07-10 00:25:38,43.3645820617676,-8.40072727203369,"Unknown"
"7014855",371852,2025-07-10 00:30:36,43.364631652832,-8.40075874328613,"Unknown"
"7014855",371852,2025-07-10 00:35:39,43.3644599914551,-8.40085887908936,"Unknown"
"7014855",371852,2025-07-10 00:40:38,43.3617362976074,-8.40518856048584,"Unknown"
"7014855",371852,2025-07-10 00:46:14,43.3619155883789,-8.40555858612061,"Unknown"
"7014855",371852,2025-07-10 00:51:53,43.361743927002,-8.40547370910645,"Unknown"
"7014855",371852,2025-07-10 00:55:35,43.3618392944336,-8.40556240081787,"Unknown"
"7014855",371852,2025-07-10 01:00:33,43.3617515563965,-8.40566921234131,"Unknown"
"7014855",371852,2025-07-10 01:05:33,43.361946105957,-8.40590286254883,"Unknown"
"7014855",371852,2025-07-10 01:10:33,43.3618850708008,-8.40565967559814,"Unknown"
"7014855",371852,2025-07-10 01:15:33,43.3622398376465,-8.40367698669434,"Unknown"
"7014855",371852,2025-07-10 01:20:33,43.3621368408203,-8.40334606170654,"Unknown"
"7014855",371852,2025-07-10 01:25:33,43.3622207641602,-8.40343475341797,"Unknown"
"7014855",371852,2025-07-10 01:30:33,43.3622741699219,-8.40345096588135,"Unknown"
"7014855",371852,2025-07-10 01:35:34,43.362232208252,-8.403564453125,"Unknown"
"7014855",371852,2025-07-10 01:40:33,43.3621597290039,-8.40342235565186,"Unknown"
"7014855",371852,2025-07-10 01:45:33,43.3619956970215,-8.40382099151611,"Unknown"
"7014855",371852,2025-07-10 01:51:05,43.3620872497559,-8.40370845794678,"Unknown"
"7014855",371852,2025-07-10 01:55:33,43.3621292114258,-8.40371417999268,"Unknown"
"7014855",371852,2025-07-10 02:00:33,43.3620719909668,-8.40370845794678,"Unknown"
"7014855",371852,2025-07-10 02:05:33,43.362174987793,-8.40384674072266,"Unknown"
"7014855",371852,2025-07-10 02:10:33,43.3620681762695,-8.40368843078613,"Unknown"
"7014855",371852,2025-07-10 02:15:33,43.3620681762695,-8.40366649627686,"Unknown"
"7014855",371852,2025-07-10 02:20:33,43.3602752685547,-8.40281105041504,"Unknown"
"7014855",371852,2025-07-10 02:25:33,43.3602714538574,-8.40273571014404,"Unknown"
"7014855",371852,2025-07-10 02:30:33,43.3602447509766,-8.40278148651123,"Unknown"
"7014855",371852,2025-07-10 02:35:33,43.3602828979492,-8.40278339385986,"Unknown"
"7014855",371852,2025-07-10 02:40:33,43.3602905273438,-8.40276050567627,"Unknown"
"7014855",371852,2025-07-10 02:45:33,43.3602256774902,-8.40279483795166,"Unknown"
"7014855",371852,2025-07-10 02:50:33,43.3601913452148,-8.40281391143799,"Unknown"
"7014855",371852,2025-07-10 02:55:33,43.360164642334,-8.40282440185547,"Unknown"
"7014855",371852,2025-07-10 03:00:33,43.360221862793,-8.40265655517578,"Unknown"
"7014855",371852,2025-07-10 03:05:37,43.3602561950684,-8.40268230438232,"Unknown"
"7014855",371852,2025-07-10 03:10:33,43.360179901123,-8.40275287628174,"Unknown"
"7014855",371852,2025-07-10 03:15:33,43.3601570129395,-8.40270328521729,"Unknown"
"7014855",371852,2025-07-10 03:20:33,43.3601226806641,-8.40267944335938,"Unknown"
"7014855",371852,2025-07-10 03:25:33,43.3601036071777,-8.40273094177246,"Unknown"
"7014855",371852,2025-07-10 03:30:37,43.3600769042969,-8.40275192260742,"Unknown"
"7014855",371852,2025-07-10 03:35:33,43.3601531982422,-8.40259456634521,"Unknown"
"7014855",371852,2025-07-10 03:40:33,43.3601875305176,-8.40264415740967,"Unknown"
"7014855",371852,2025-07-10 03:45:33,43.3601493835449,-8.40266704559326,"Unknown"
"7014855",371852,2025-07-10 03:50:33,43.3602180480957,-8.4025821685791,"Unknown"
"7014855",371852,2025-07-10 03:55:33,43.3601875305176,-8.40264701843262,"Unknown"
"7014855",371852,2025-07-10 04:00:33,43.3601531982422,-8.40268325805664,"Unknown"
"7014855",371852,2025-07-10 04:05:33,43.3601837158203,-8.4026460647583,"Unknown"
"7014855",371852,2025-07-10 04:10:33,43.3601837158203,-8.40268898010254,"Unknown"
"7014855",371852,2025-07-10 04:15:33,43.3601837158203,-8.40267562866211,"Unknown"
"7014855",371852,2025-07-10 04:20:44,43.3601608276367,-8.4026050567627,"Unknown"
"7014855",371852,2025-07-10 04:25:33,43.3600921630859,-8.40248489379883,"Unknown"
"7014855",371852,2025-07-10 04:30:37,43.3600997924805,-8.40261459350586,"Unknown"
"7014855",371852,2025-07-10 04:35:34,43.3600044250488,-8.40227699279785,"Unknown"
"7014855",371852,2025-07-10 04:40:44,43.3601455688477,-8.40258026123047,"Unknown"
"7014855",371852,2025-07-10 04:45:33,43.3601112365723,-8.40248680114746,"Unknown"
"7014855",371852,2025-07-10 04:50:33,43.3600387573242,-8.40243244171143,"Unknown"
"7014855",371852,2025-07-10 04:55:36,43.3600578308105,-8.40245151519775,"Unknown"
"7014855",371852,2025-07-10 05:00:34,43.3600616455078,-8.40265941619873,"Unknown"
"7014855",371852,2025-07-10 05:05:34,43.3600311279297,-8.40267181396484,"Unknown"
"7014855",371852,2025-07-10 05:10:33,43.359546661377,-8.4031810760498,"Unknown"
"7014855",371852,2025-07-10 05:15:34,43.359920501709,-8.40262413024902,"Unknown"
"7014855",371852,2025-07-10 05:20:34,43.3599433898926,-8.40252685546875,"Unknown"
"7014855",371852,2025-07-10 05:25:36,43.3598747253418,-8.40287399291992,"Unknown"
"7014855",371852,2025-07-10 05:30:45,43.3601531982422,-8.40258407592773,"Unknown"
"7014855",371852,2025-07-10 05:35:33,43.3601570129395,-8.40232563018799,"Unknown"
"7014855",371852,2025-07-10 05:40:36,43.3600158691406,-8.40248870849609,"Unknown"
"7014855",371852,2025-07-10 05:45:38,43.3599548339844,-8.40248775482178,"Unknown"
"7014855",371852,2025-07-10 05:50:34,43.3599433898926,-8.40253353118896,"Unknown"
"7014855",371852,2025-07-10 05:55:36,43.3599853515625,-8.40246391296387,"Unknown"
"7014855",371852,2025-07-10 06:00:36,43.3600769042969,-8.40234375,"Unknown"
"7014855",371852,2025-07-10 06:05:39,43.3599090576172,-8.40269756317139,"Unknown"
"7014855",371852,2025-07-10 06:10:40,43.3599281311035,-8.40262413024902,"Unknown"
"7014855",371852,2025-07-10 06:15:33,43.3599128723145,-8.40286350250244,"Unknown"
"7014855",371852,2025-07-10 06:20:39,43.3599433898926,-8.40265560150146,"Unknown"
"7014855",371852,2025-07-10 06:25:33,43.359935760498,-8.4025936126709,"Unknown"
"7014855",371852,2025-07-10 06:30:39,43.359977722168,-8.40265274047852,"Unknown"
"7014855",371852,2025-07-10 06:35:33,43.3599243164062,-8.40284633636475,"Unknown"
"7014855",371852,2025-07-10 06:40:39,43.3599739074707,-8.40259742736816,"Unknown"
"7014855",371852,2025-07-10 06:45:45,43.359992980957,-8.40260887145996,"Unknown"
"7014855",371852,2025-07-10 06:50:39,43.3599319458008,-8.40224075317383,"Unknown"
"7014855",371852,2025-07-10 06:55:42,43.360034942627,-8.40258884429932,"Unknown"
"7014855",371852,2025-07-10 07:00:39,43.3598175048828,-8.40204524993896,"Unknown"
"7014855",371852,2025-07-10 07:05:39,43.3601417541504,-8.4025182723999,"Unknown"
"7014855",371852,2025-07-10 07:10:43,43.3601608276367,-8.40248107910156,"Unknown"
"7014855",371852,2025-07-10 07:15:40,43.3597412109375,-8.39770889282227,"Unknown"
"7014855",371852,2025-07-10 07:20:40,43.3590927124023,-8.40168952941895,"Unknown"
"7014855",371852,2025-07-10 07:25:44,43.359935760498,-8.39787197113037,"Unknown"
"7014855",371852,2025-07-10 07:30:39,43.359733581543,-8.39773178100586,"Unknown"
"7014855",371852,2025-07-10 07:36:01,43.3593597412109,-8.40214347839355,"Unknown"
"7014855",371852,2025-07-10 07:40:34,43.359790802002,-8.39736461639404,"Unknown"
"7014855",371852,2025-07-10 07:45:36,43.3598251342773,-8.39734649658203,"Unknown"
"7014855",371852,2025-07-10 07:50:37,43.3597869873047,-8.39741706848145,"Unknown"
"7014855",371852,2025-07-10 07:55:36,43.359806060791,-8.39750862121582,"Unknown"
"7014855",371852,2025-07-10 08:00:34,43.3600769042969,-8.39719009399414,"Unknown"
"7014855",371852,2025-07-10 08:05:43,43.3597869873047,-8.39745903015137,"Unknown"
"7014855",371852,2025-07-10 08:10:38,43.3598442077637,-8.39747142791748,"Unknown"
"7014855",371852,2025-07-10 08:15:37,43.3599548339844,-8.39721965789795,"Unknown"
"7014855",371852,2025-07-10 08:20:38,43.359691619873,-8.39740562438965,"Unknown"
"7014855",371852,2025-07-10 08:25:37,43.3595581054688,-8.4014778137207,"Unknown"
"7014855",371852,2025-07-10 08:30:33,43.3599052429199,-8.40259456634521,"Unknown"
"7014855",371852,2025-07-10 08:35:36,43.3600654602051,-8.39870738983154,"Unknown"
"7014855",371852,2025-07-10 08:40:37,43.3614692687988,-8.40186023712158,"Unknown"
"7014855",371852,2025-07-10 08:46:05,43.360164642334,-8.40231704711914,"Unknown"
"7014855",371852,2025-07-10 08:50:36,43.3601341247559,-8.4023609161377,"Unknown"
"7014855",371852,2025-07-10 08:55:37,43.360107421875,-8.40241718292236,"Unknown"
"7014855",371852,2025-07-10 09:00:36,43.3601150512695,-8.4024772644043,"Unknown"
"7014855",371852,2025-07-10 09:05:34,43.360164642334,-8.40243339538574,"Unknown"
"7014855",371852,2025-07-10 09:10:34,43.3602027893066,-8.4024658203125,"Unknown"
"7014855",371852,2025-07-10 09:15:34,43.3621215820312,-8.40511703491211,"Unknown"
"7014855",371852,2025-07-10 09:20:35,43.3655815124512,-8.42416858673096,"Unknown"
"7014855",371852,2025-07-10 09:25:39,43.349250793457,-8.4400749206543,"Unknown"
"7014855",371852,2025-07-10 09:30:37,43.3540115356445,-8.45696830749512,"Unknown"
"7014855",371852,2025-07-10 09:35:34,43.3545875549316,-8.45811653137207,"Unknown"
"7014855",371852,2025-07-10 09:40:37,43.3538208007812,-8.45855712890625,"Unknown"
"7014855",371852,2025-07-10 09:45:34,43.3537864685059,-8.45836067199707,"Unknown"
"7014855",371852,2025-07-10 09:50:39,43.3539962768555,-8.45846652984619,"Unknown"
"7014855",371852,2025-07-10 09:55:45,43.3539390563965,-8.45853996276855,"Unknown"
"7014855",371852,2025-07-10 10:00:49,43.3540191650391,-8.45857810974121,"Unknown"
"7014855",371852,2025-07-10 10:05:35,43.3539123535156,-8.4581470489502,"Unknown"
"7014855",371852,2025-07-10 10:10:37,43.3403129577637,-8.45381546020508,"Unknown"
"7014855",371852,2025-07-10 10:15:34,43.3401107788086,-8.45401573181152,"Unknown"
"7014855",371852,2025-07-10 10:20:38,43.3397789001465,-8.45483684539795,"Unknown"
"7014855",371852,2025-07-10 10:25:34,43.339771270752,-8.45449256896973,"Unknown"
"7014855",371852,2025-07-10 10:30:35,43.3452758789062,-8.4418830871582,"Unknown"
"7014855",371852,2025-07-10 10:35:37,43.3453788757324,-8.4419002532959,"Unknown"
"7014855",371852,2025-07-10 10:40:33,43.3452682495117,-8.44207096099854,"Unknown"
"7014855",371852,2025-07-10 10:45:34,43.3453369140625,-8.44155120849609,"Unknown"
"7014855",371852,2025-07-10 10:50:40,43.3450050354004,-8.44202136993408,"Unknown"
"7014855",371852,2025-07-10 10:55:38,43.3448028564453,-8.44198894500732,"Unknown"
"7014855",371852,2025-07-10 11:00:34,43.3450622558594,-8.4424409866333,"Unknown"
"7014855",371852,2025-07-10 11:05:34,43.3454475402832,-8.44211864471436,"Unknown"
"7014855",371852,2025-07-10 11:10:34,43.3453521728516,-8.44205188751221,"Unknown"
"7014855",371852,2025-07-10 11:15:36,43.3453636169434,-8.44193935394287,"Unknown"
"7014855",371852,2025-07-10 11:20:35,43.3451499938965,-8.44309997558594,"Unknown"
"7014855",371852,2025-07-10 11:25:37,43.3455772399902,-8.44204044342041,"Unknown"
"7014855",371852,2025-07-10 11:30:39,43.345516204834,-8.44210433959961,"Unknown"
"7014855",371852,2025-07-10 11:35:43,43.3449554443359,-8.44217491149902,"Unknown"
"7014855",371852,2025-07-10 11:40:37,43.3451690673828,-8.44203186035156,"Unknown"
"7014855",371852,2025-07-10 11:45:34,43.3450622558594,-8.441969871521,"Unknown"
"7014855",371852,2025-07-10 11:50:40,43.3452377319336,-8.44196796417236,"Unknown"
"7014855",371852,2025-07-10 11:55:34,43.3448028564453,-8.44157218933105,"Unknown"
"7014855",371852,2025-07-10 12:00:37,43.345043182373,-8.44185066223145,"Unknown"
"7014855",371852,2025-07-10 12:05:44,43.3450736999512,-8.44189929962158,"Unknown"
"7014855",371852,2025-07-10 12:10:37,43.3449516296387,-8.44185543060303,"Unknown"
"7014855",371852,2025-07-10 12:15:37,43.3449630737305,-8.44186592102051,"Unknown"
"7014855",371852,2025-07-10 12:21:05,43.3452262878418,-8.44181823730469,"Unknown"
"7014855",371852,2025-07-10 12:25:39,43.3452415466309,-8.44194507598877,"Unknown"
"7014855",371852,2025-07-10 12:30:33,43.3452033996582,-8.44191074371338,"Unknown"
"7014855",371852,2025-07-10 12:35:34,43.3452224731445,-8.44182109832764,"Unknown"
"7014855",371852,2025-07-10 12:40:33,43.3451843261719,-8.44215774536133,"Unknown"
"7014855",371852,2025-07-10 12:45:33,43.3451995849609,-8.44211196899414,"Unknown"
"7014855",371852,2025-07-10 12:50:34,43.3452262878418,-8.44175148010254,"Unknown"
"7014855",371852,2025-07-10 12:55:34,43.3452224731445,-8.44196128845215,"Unknown"
"7014855",371852,2025-07-10 13:00:35,43.3452262878418,-8.44110107421875,"Unknown"
"7014855",371852,2025-07-10 13:05:35,43.3452529907227,-8.44164371490479,"Unknown"
"7014855",371852,2025-07-10 13:10:37,43.3451995849609,-8.44180297851562,"Unknown"
"7014855",371852,2025-07-10 13:16:11,43.3451232910156,-8.44185256958008,"Unknown"
"7014855",371852,2025-07-10 13:20:39,43.3451042175293,-8.44169139862061,"Unknown"
"7014855",371852,2025-07-10 13:25:42,43.3451614379883,-8.44189643859863,"Unknown"
"7014855",371852,2025-07-10 13:30:39,43.3451538085938,-8.44176769256592,"Unknown"
"7014855",371852,2025-07-10 13:35:44,43.3487434387207,-8.45030212402344,"Unknown"
"7014855",371852,2025-07-10 13:40:43,43.351016998291,-8.45312976837158,"Unknown"
"7014855",371852,2025-07-10 13:45:44,43.3545532226562,-8.45868968963623,"Unknown"
"7014855",371852,2025-07-10 13:50:39,43.3545227050781,-8.45880508422852,"Unknown"
"7014855",371852,2025-07-10 13:55:52,43.354549407959,-8.45880031585693,"Unknown"
"7014855",371852,2025-07-10 14:01:05,43.3548622131348,-8.45831298828125,"Unknown"
"7014855",371852,2025-07-10 14:05:35,43.3543853759766,-8.45816230773926,"Unknown"
"7014855",371852,2025-07-10 14:10:43,43.3549499511719,-8.45852851867676,"Unknown"
"7014855",371852,2025-07-10 14:15:45,43.354866027832,-8.45851707458496,"Unknown"
"7014855",371852,2025-07-10 14:20:58,43.354808807373,-8.45875358581543,"Unknown"
"7014855",371852,2025-07-10 14:26:44,43.3540229797363,-8.45870590209961,"Unknown"
"7014855",371852,2025-07-10 14:30:43,43.354076385498,-8.45883464813232,"Unknown"
"7014855",371852,2025-07-10 14:35:40,43.3535995483398,-8.45879077911377,"Unknown"
"7014855",371852,2025-07-10 14:40:39,43.3536338806152,-8.45896244049072,"Unknown"
"7014855",371852,2025-07-10 14:45:42,43.3542098999023,-8.45918655395508,"Unknown"
"7014855",371852,2025-07-10 14:50:42,43.3534126281738,-8.45801734924316,"Unknown"
"7014855",371852,2025-07-10 14:55:35,43.3498916625977,-8.45426082611084,"Unknown"
"7014855",371852,2025-07-10 15:00:38,43.339672088623,-8.45510482788086,"Unknown"
"7014855",371852,2025-07-10 15:05:34,43.3402481079102,-8.45419406890869,"Unknown"
"7014855",371852,2025-07-10 15:10:34,43.3402709960938,-8.45323657989502,"Unknown"
"7014855",371852,2025-07-10 15:15:34,43.3452529907227,-8.44178295135498,"Unknown"
"7014855",371852,2025-07-10 15:20:40,43.3453407287598,-8.44189834594727,"Unknown"
"7014855",371852,2025-07-10 15:25:42,43.3455390930176,-8.44233512878418,"Unknown"
"7014855",371852,2025-07-10 15:31:12,43.3454322814941,-8.44193935394287,"Unknown"
"7014855",371852,2025-07-10 15:35:37,43.3452835083008,-8.44192504882812,"Unknown"
"7014855",371852,2025-07-10 15:40:34,43.3452911376953,-8.44184875488281,"Unknown"
"7014855",371852,2025-07-10 15:45:47,43.3451156616211,-8.44172382354736,"Unknown"
"7014855",371852,2025-07-10 15:50:42,43.3502426147461,-8.44811916351318,"Unknown"
"7014855",371852,2025-07-10 15:55:42,43.3550910949707,-8.45673847198486,"Unknown"
"7014855",371852,2025-07-10 16:00:44,43.3549919128418,-8.45851039886475,"Unknown"
"7014855",371852,2025-07-10 16:10:46,43.3545532226562,-8.4604320526123,"Unknown"
"7014855",371852,2025-07-10 16:16:05,43.3536834716797,-8.45872974395752,"Unknown"
"7014855",371852,2025-07-10 16:20:45,43.354679107666,-8.45926284790039,"Unknown"
"7014855",371852,2025-07-10 16:31:05,43.3539237976074,-8.45871448516846,"Unknown"
"7014855",371852,2025-07-10 16:35:38,43.353946685791,-8.45880317687988,"Unknown"
"7014855",371852,2025-07-10 16:40:39,43.3538627624512,-8.4588508605957,"Unknown"
"7014855",371852,2025-07-10 16:45:38,43.3520431518555,-8.45547199249268,"Unknown"
"7014855",371852,2025-07-10 16:50:35,43.3524856567383,-8.43123817443848,"Unknown"
"7014855",371852,2025-07-10 16:55:34,43.3600578308105,-8.40128040313721,"Unknown"
"7014855",371852,2025-07-10 17:00:35,43.3602333068848,-8.40383529663086,"Unknown"
"7014855",371852,2025-07-10 17:05:40,43.359691619873,-8.40312480926514,"Unknown"
"7014855",371852,2025-07-10 17:10:35,43.3600540161133,-8.40361499786377,"Unknown"
"7014855",371852,2025-07-10 17:15:35,43.360279083252,-8.40377712249756,"Unknown"
"7014855",371852,2025-07-10 17:20:36,43.360179901123,-8.40384101867676,"Unknown"
"7014855",371852,2025-07-10 17:25:36,43.3601913452148,-8.40262508392334,"Unknown"
"7014855",371852,2025-07-10 17:30:36,43.3620567321777,-8.39945793151855,"Unknown"
"7014855",371852,2025-07-10 17:35:40,43.360179901123,-8.40268707275391,"Unknown"
"7014855",371852,2025-07-10 17:40:36,43.3602294921875,-8.40268802642822,"Unknown"
"7014855",371852,2025-07-10 17:45:36,43.3603096008301,-8.40249443054199,"Unknown"
"7014855",371852,2025-07-10 17:50:39,43.3601417541504,-8.40280151367188,"Unknown"
"7014855",371852,2025-07-10 17:55:43,43.3601531982422,-8.40285015106201,"Unknown"
"7014855",371852,2025-07-10 18:00:47,43.3604278564453,-8.40326404571533,"Unknown"
"7014855",371852,2025-07-10 18:05:58,43.3603324890137,-8.40358829498291,"Unknown"
"7014855",371852,2025-07-10 18:10:40,43.3604011535645,-8.40331840515137,"Unknown"
"7014855",371852,2025-07-10 18:15:39,43.3604164123535,-8.40295886993408,"Unknown"
"7014855",371852,2025-07-10 18:20:48,43.3603973388672,-8.40295219421387,"Unknown"
"7014855",371852,2025-07-10 18:25:48,43.3603782653809,-8.40297222137451,"Unknown"
"7014855",371852,2025-07-10 18:30:48,43.3604125976562,-8.40295505523682,"Unknown"
"7014855",371852,2025-07-10 18:35:39,43.3603935241699,-8.40308284759521,"Unknown"
"7014855",371852,2025-07-10 18:40:48,43.3604431152344,-8.40300846099854,"Unknown"
"7014855",371852,2025-07-10 18:45:44,43.3603439331055,-8.40305423736572,"Unknown"
"7014855",371852,2025-07-10 18:50:39,43.3604049682617,-8.40304374694824,"Unknown"
"7014855",371852,2025-07-10 18:55:39,43.3604278564453,-8.40315437316895,"Unknown"
"7014855",371852,2025-07-10 19:00:39,43.3604125976562,-8.40316200256348,"Unknown"
"7014855",371852,2025-07-10 19:05:49,43.3599967956543,-8.39943599700928,"Unknown"
"7014855",371852,2025-07-10 19:10:51,43.3605804443359,-8.40274333953857,"Unknown"
"7014855",371852,2025-07-10 19:15:47,43.3608436584473,-8.40279960632324,"Unknown"
"7014855",371852,2025-07-10 19:21:04,43.3606910705566,-8.40298938751221,"Unknown"
"7014855",371852,2025-07-10 19:25:41,43.3601875305176,-8.4029712677002,"Unknown"
"7014855",371852,2025-07-10 19:31:58,43.3612670898438,-8.40276145935059,"Unknown"
"7014855",371852,2025-07-10 19:36:05,43.3603973388672,-8.40249443054199,"Unknown"
"7014855",371852,2025-07-10 19:40:34,43.3650245666504,-8.40020179748535,"Unknown"
"7014855",371852,2025-07-10 19:45:39,43.3661956787109,-8.40240478515625,"Unknown"
"7014855",371852,2025-07-10 19:50:34,43.366153717041,-8.40215969085693,"Unknown"
"7014855",371852,2025-07-10 19:55:34,43.3660011291504,-8.40221500396729,"Unknown"
"7014855",371852,2025-07-10 20:00:36,43.3659782409668,-8.40178203582764,"Unknown"
"7014855",371852,2025-07-10 20:05:35,43.3660202026367,-8.40172576904297,"Unknown"
"7014855",371852,2025-07-10 20:10:34,43.3661880493164,-8.40176773071289,"Unknown"
"7014855",371852,2025-07-10 20:15:35,43.3659324645996,-8.4016056060791,"Unknown"
"7014855",371852,2025-07-10 20:20:36,43.3661231994629,-8.40185737609863,"Unknown"
"7014855",371852,2025-07-10 20:25:35,43.3661918640137,-8.40184688568115,"Unknown"
"7014855",371852,2025-07-10 20:30:35,43.3661727905273,-8.40186500549316,"Unknown"
"7014855",371852,2025-07-10 20:35:45,43.3662414550781,-8.4020299911499,"Unknown"
"7014855",371852,2025-07-10 20:40:36,43.3601570129395,-8.40268230438232,"Unknown"
"7014855",371852,2025-07-10 20:45:36,43.3603782653809,-8.40275573730469,"Unknown"
"7014855",371852,2025-07-10 20:50:37,43.3603324890137,-8.4027042388916,"Unknown"
"7014855",371852,2025-07-10 20:55:35,43.3603935241699,-8.40268516540527,"Unknown"
"7014855",371852,2025-07-10 21:00:36,43.3601150512695,-8.40271663665771,"Unknown"
"7014855",371852,2025-07-10 21:05:36,43.3601303100586,-8.40279579162598,"Unknown"
"7014855",371852,2025-07-10 21:10:36,43.3601722717285,-8.4027042388916,"Unknown"
"7014855",371852,2025-07-10 21:15:38,43.3601875305176,-8.40271663665771,"Unknown"
"7014855",371852,2025-07-10 21:20:47,43.3602142333984,-8.4027214050293,"Unknown"
"7014855",371852,2025-07-10 21:25:36,43.3602981567383,-8.40270042419434,"Unknown"
"7014855",371852,2025-07-10 21:30:37,43.3602447509766,-8.40279960632324,"Unknown"
"7014855",371852,2025-07-10 21:35:37,43.360179901123,-8.40276718139648,"Unknown"
"7014855",371852,2025-07-10 21:40:37,43.360179901123,-8.40273189544678,"Unknown"
"7014855",371852,2025-07-10 21:45:37,43.3601760864258,-8.40274810791016,"Unknown"
"7014855",371852,2025-07-10 21:50:42,43.3602485656738,-8.4027271270752,"Unknown"
"7014855",371852,2025-07-10 21:55:37,43.3601264953613,-8.40272903442383,"Unknown"
"7014855",371852,2025-07-10 22:00:43,43.3601493835449,-8.40273571014404,"Unknown"
"7014855",371852,2025-07-10 22:06:05,43.3630485534668,-8.40087795257568,"Unknown"
"7014855",371852,2025-07-10 22:10:36,43.3643569946289,-8.39991092681885,"Unknown"
"7014855",371852,2025-07-10 22:15:35,43.3643264770508,-8.39995861053467,"Unknown"
"7014855",371852,2025-07-10 22:20:36,43.3602714538574,-8.40280818939209,"Unknown"
"7014855",371852,2025-07-10 22:25:35,43.3602867126465,-8.40288066864014,"Unknown"
"7014855",371852,2025-07-10 22:30:35,43.3596153259277,-8.40154933929443,"Unknown"
"7014855",371852,2025-07-10 22:35:35,43.3601684570312,-8.40257549285889,"Unknown"
"7014855",371852,2025-07-10 22:40:35,43.3602600097656,-8.40253257751465,"Unknown"
"7014855",371852,2025-07-10 22:45:35,43.360237121582,-8.40265464782715,"Unknown"
"7014855",371852,2025-07-10 22:50:48,43.3600273132324,-8.39790534973145,"Unknown"
"7014855",371852,2025-07-10 22:55:39,43.3598365783691,-8.39810562133789,"Unknown"
"7014855",371852,2025-07-10 23:00:36,43.3596458435059,-8.39818954467773,"Unknown"
"7014855",371852,2025-07-10 23:05:37,43.3598175048828,-8.39809608459473,"Unknown"
"7014855",371852,2025-07-10 23:10:36,43.3598136901855,-8.39818000793457,"Unknown"
"7014855",371852,2025-07-10 23:15:36,43.3601837158203,-8.40266990661621,"Unknown"
"7014855",371852,2025-07-10 23:20:35,43.3602561950684,-8.4028205871582,"Unknown"
"7014855",371852,2025-07-10 23:25:48,43.3601264953613,-8.40256214141846,"Unknown"
"7014855",371852,2025-07-10 23:30:37,43.3601264953613,-8.40233421325684,"Unknown"
"7014855",371852,2025-07-10 23:35:38,43.3602981567383,-8.40274524688721,"Unknown"
"7014855",371852,2025-07-10 23:40:35,43.3601226806641,-8.40255737304688,"Unknown"
"7014855",371852,2025-07-10 23:45:36,43.3640441894531,-8.40023136138916,"Unknown"
"7014855",371852,2025-07-10 23:50:39,43.3639907836914,-8.40036487579346,"Unknown"
"7014855",371852,2025-07-10 23:55:38,43.3639106750488,-8.40023422241211,"Unknown"
"7014855",371852,2025-07-11 00:00:38,43.3640899658203,-8.40044593811035,"Unknown"
"7014855",371852,2025-07-11 00:05:38,43.3642768859863,-8.40058422088623,"Unknown"
"7014855",371852,2025-07-11 00:10:36,43.3635864257812,-8.40018081665039,"Unknown"
"7014855",371852,2025-07-11 00:15:40,43.3636245727539,-8.4002742767334,"Unknown"
"7014855",371852,2025-07-11 00:21:03,43.3637657165527,-8.40027713775635,"Unknown"
"7014855",371852,2025-07-11 00:25:35,43.3639488220215,-8.40013885498047,"Unknown"
"7014855",371852,2025-07-11 00:30:35,43.3639869689941,-8.40019702911377,"Unknown"
"7014855",371852,2025-07-11 00:35:36,43.3639183044434,-8.40039348602295,"Unknown"
"7014855",371852,2025-07-11 00:40:36,43.3638725280762,-8.40025043487549,"Unknown"
"7014855",371852,2025-07-11 00:45:36,43.363883972168,-8.40036869049072,"Unknown"
"7014855",371852,2025-07-11 00:50:35,43.3640251159668,-8.40012264251709,"Unknown"
"7014855",371852,2025-07-11 00:55:35,43.3639183044434,-8.40037631988525,"Unknown"
"7014855",371852,2025-07-11 01:00:37,43.3642883300781,-8.4000997543335,"Unknown"
"7014855",371852,2025-07-11 01:06:13,43.3642501831055,-8.4000940322876,"Unknown"
"7014855",371852,2025-07-11 01:10:35,43.3642959594727,-8.40006828308105,"Unknown"
"7014855",371852,2025-07-11 01:15:35,43.3639488220215,-8.40096664428711,"Unknown"
"7014855",371852,2025-07-11 01:20:37,43.3638916015625,-8.40098285675049,"Unknown"
"7014855",371852,2025-07-11 01:25:36,43.3639717102051,-8.40105152130127,"Unknown"
"7014855",371852,2025-07-11 01:30:37,43.3637771606445,-8.40091323852539,"Unknown"
"7014855",371852,2025-07-11 01:35:38,43.3640098571777,-8.40097808837891,"Unknown"
"7014855",371852,2025-07-11 01:40:37,43.3638076782227,-8.4008846282959,"Unknown"
"7014855",371852,2025-07-11 01:45:38,43.363899230957,-8.40101528167725,"Unknown"
"7014855",371852,2025-07-11 01:50:35,43.363842010498,-8.40090656280518,"Unknown"
"7014855",371852,2025-07-11 01:55:37,43.363826751709,-8.40087890625,"Unknown"
"7014855",371852,2025-07-11 02:00:35,43.363826751709,-8.40096282958984,"Unknown"
"7014855",371852,2025-07-11 02:05:35,43.3641510009766,-8.40116310119629,"Unknown"
"7014855",371852,2025-07-11 02:10:38,43.3641204833984,-8.40118217468262,"Unknown"
"7014855",371852,2025-07-11 02:15:36,43.364143371582,-8.4011402130127,"Unknown"
"7014855",371852,2025-07-11 02:20:38,43.3639335632324,-8.40109157562256,"Unknown"
"7014855",371852,2025-07-11 02:25:40,43.364429473877,-8.40120410919189,"Unknown"
"7014855",371852,2025-07-11 02:30:42,43.3645401000977,-8.40158176422119,"Unknown"
"7014855",371852,2025-07-11 02:35:35,43.3647193908691,-8.40145778656006,"Unknown"
"7014855",371852,2025-07-11 02:40:38,43.3646812438965,-8.40124893188477,"Unknown"
"7014855",371852,2025-07-11 02:45:36,43.3646049499512,-8.40129089355469,"Unknown"
"7014855",371852,2025-07-11 02:50:39,43.3637847900391,-8.40033435821533,"Unknown"
"7014855",371852,2025-07-11 02:55:39,43.3640556335449,-8.40096378326416,"Unknown"
"7014855",371852,2025-07-11 03:00:37,43.3638687133789,-8.4009952545166,"Unknown"
"7014855",371852,2025-07-11 03:05:52,43.3639907836914,-8.40102863311768,"Unknown"
"7014855",371852,2025-07-11 03:10:39,43.3639907836914,-8.40109920501709,"Unknown"
"7014855",371852,2025-07-11 03:15:38,43.3640251159668,-8.40087985992432,"Unknown"
"7014855",371852,2025-07-11 03:20:39,43.363883972168,-8.40106964111328,"Unknown"
"7014855",371852,2025-07-11 03:25:38,43.3639297485352,-8.40103721618652,"Unknown"
"7014855",371852,2025-07-11 03:30:38,43.363956451416,-8.4009838104248,"Unknown"
"7014855",371852,2025-07-11 03:35:38,43.3639907836914,-8.40094089508057,"Unknown"
"7014855",371852,2025-07-11 03:40:36,43.3640594482422,-8.40100193023682,"Unknown"
"7014855",371852,2025-07-11 03:45:37,43.3640556335449,-8.40086936950684,"Unknown"
"7014855",371852,2025-07-11 03:50:39,43.3640365600586,-8.40100288391113,"Unknown"
"7014855",371852,2025-07-11 03:55:37,43.3639450073242,-8.4008207321167,"Unknown"
"7014855",371852,2025-07-11 04:00:36,43.3639907836914,-8.40089702606201,"Unknown"
"7014855",371852,2025-07-11 04:05:37,43.3639755249023,-8.40094089508057,"Unknown"
"7014855",371852,2025-07-11 04:10:39,43.3640251159668,-8.400954246521,"Unknown"
"7014855",371852,2025-07-11 04:15:38,43.3639717102051,-8.40089988708496,"Unknown"
"7014855",371852,2025-07-11 04:20:37,43.363826751709,-8.40081977844238,"Unknown"
"7014855",371852,2025-07-11 04:25:37,43.3640785217285,-8.40112781524658,"Unknown"
"7014855",371852,2025-07-11 04:30:40,43.3636932373047,-8.40041637420654,"Unknown"
"7014855",371852,2025-07-11 04:35:36,43.3643608093262,-8.40047740936279,"Unknown"
"7014855",371852,2025-07-11 04:40:41,43.3644104003906,-8.400390625,"Unknown"
"7014855",371852,2025-07-11 04:45:35,43.3707695007324,-8.4169397354126,"Unknown"
"7014855",371852,2025-07-11 04:50:37,43.3798408508301,-8.44792747497559,"Unknown"
"7014855",371852,2025-07-11 04:55:37,43.375732421875,-8.48330020904541,"Unknown"
"7014855",371852,2025-07-11 05:00:35,43.3592948913574,-8.51207256317139,"Unknown"
"7014855",371852,2025-07-11 05:05:48,43.3517951965332,-8.52536678314209,"Unknown"
"7014855",371852,2025-07-11 05:11:02,43.3519172668457,-8.52513885498047,"Unknown"
"7014855",371852,2025-07-11 05:15:37,43.3516464233398,-8.52465724945068,"Unknown"
"7014855",371852,2025-07-11 05:20:36,43.3487281799316,-8.54148387908936,"Unknown"
"7014855",371852,2025-07-11 05:25:35,43.343391418457,-8.57373046875,"Unknown"
"7014855",371852,2025-07-11 05:30:34,43.3428916931152,-8.60564994812012,"Unknown"
"7014855",371852,2025-07-11 05:35:35,43.3494186401367,-8.63664054870605,"Unknown"
"7014855",371852,2025-07-11 05:40:36,43.3559112548828,-8.66709136962891,"Unknown"
"7014855",371852,2025-07-11 05:45:35,43.3573875427246,-8.69799327850342,"Unknown"
"7014855",371852,2025-07-11 05:50:34,43.3593063354492,-8.73013973236084,"Unknown"
"7014855",371852,2025-07-11 05:55:36,43.3617782592773,-8.76554679870605,"Unknown"
"7014855",371852,2025-07-11 06:00:35,43.3623199462891,-8.8007287979126,"Unknown"
"7014855",371852,2025-07-11 06:05:37,43.3609275817871,-8.83456325531006,"Unknown"
"7014855",371852,2025-07-11 06:10:36,43.3614845275879,-8.84471797943115,"Unknown"
"7014855",371852,2025-07-11 06:15:39,43.3600158691406,-8.84327220916748,"Unknown"
"7014855",371852,2025-07-11 06:20:37,43.3600921630859,-8.84324741363525,"Unknown"
"7014855",371852,2025-07-11 06:25:39,43.3598403930664,-8.84315299987793,"Unknown"
"7014855",371852,2025-07-11 06:30:40,43.3607292175293,-8.84323596954346,"Unknown"
"7014855",371852,2025-07-11 06:35:37,43.360294342041,-8.84312057495117,"Unknown"
"7014855",371852,2025-07-11 06:40:38,43.3596611022949,-8.84340572357178,"Unknown"
"7014855",371852,2025-07-11 06:45:36,43.3599243164062,-8.84335613250732,"Unknown"
"7014855",371852,2025-07-11 06:50:37,43.359733581543,-8.84345626831055,"Unknown"
"7014855",371852,2025-07-11 06:55:37,43.359676361084,-8.84325790405273,"Unknown"
"7014855",371852,2025-07-11 07:00:37,43.3599586486816,-8.84316062927246,"Unknown"
"7014855",371852,2025-07-11 07:05:37,43.3599128723145,-8.84324550628662,"Unknown"
"7014855",371852,2025-07-11 07:10:36,43.359806060791,-8.84327697753906,"Unknown"
"7014855",371852,2025-07-11 07:15:35,43.3596649169922,-8.8432092666626,"Unknown"
"7014855",371852,2025-07-11 07:20:37,43.3596687316895,-8.84308052062988,"Unknown"
"7014855",371852,2025-07-11 07:25:36,43.3597297668457,-8.84312534332275,"Unknown"
"7014855",371852,2025-07-11 07:30:37,43.3595390319824,-8.84307765960693,"Unknown"
"7014855",371852,2025-07-11 07:35:36,43.3597221374512,-8.84304809570312,"Unknown"
"7014855",371852,2025-07-11 07:40:42,43.3596000671387,-8.84296035766602,"Unknown"
"7014855",371852,2025-07-11 07:45:37,43.3597679138184,-8.84311676025391,"Unknown"
"7014855",371852,2025-07-11 07:50:38,43.3595695495605,-8.84299850463867,"Unknown"
"7014855",371852,2025-07-11 07:55:38,43.3600616455078,-8.84307670593262,"Unknown"
"7014855",371852,2025-07-11 08:00:37,43.360034942627,-8.84305191040039,"Unknown"
"7014855",371852,2025-07-11 08:05:39,43.3601570129395,-8.84308815002441,"Unknown"
"7014855",371852,2025-07-11 08:10:45,43.3598175048828,-8.84314250946045,"Unknown"
"7014855",371852,2025-07-11 08:15:43,43.3601226806641,-8.84312915802002,"Unknown"
"7014855",371852,2025-07-11 08:20:41,43.359977722168,-8.84314250946045,"Unknown"
"7014855",371852,2025-07-11 08:25:42,43.3598480224609,-8.84321689605713,"Unknown"
"7014855",371852,2025-07-11 08:30:37,43.3600807189941,-8.84309101104736,"Unknown"
"7014855",371852,2025-07-11 08:35:36,43.3601913452148,-8.84333515167236,"Unknown"
"7014855",371852,2025-07-11 08:40:39,43.3601951599121,-8.84334182739258,"Unknown"
"7014855",371852,2025-07-11 08:45:40,43.3598022460938,-8.84305858612061,"Unknown"
"7014855",371852,2025-07-11 08:50:37,43.3600730895996,-8.84316825866699,"Unknown"
"7014855",371852,2025-07-11 08:55:37,43.3596687316895,-8.84296703338623,"Unknown"
"7014855",371852,2025-07-11 09:00:35,43.3598747253418,-8.84313678741455,"Unknown"
"7014855",371852,2025-07-11 09:05:37,43.3598022460938,-8.84302806854248,"Unknown"
"7014855",371852,2025-07-11 09:10:36,43.3595390319824,-8.8430061340332,"Unknown"
"7014855",371852,2025-07-11 09:15:35,43.3597831726074,-8.84309482574463,"Unknown"
"7014855",371852,2025-07-11 09:20:41,43.3598175048828,-8.84318351745605,"Unknown"
"7014855",371852,2025-07-11 09:25:39,43.3596038818359,-8.84231758117676,"Unknown"
"7014855",371852,2025-07-11 09:30:36,43.3597755432129,-8.8432035446167,"Unknown"
"7014855",371852,2025-07-11 09:35:39,43.3599128723145,-8.84274291992188,"Unknown"
"7014855",371852,2025-07-11 09:40:39,43.360034942627,-8.84280872344971,"Unknown"
"7014855",371852,2025-07-11 09:45:36,43.3600769042969,-8.84235095977783,"Unknown"
"7014855",371852,2025-07-11 09:50:37,43.3599624633789,-8.84238338470459,"Unknown"
"7014855",371852,2025-07-11 09:55:40,43.3598251342773,-8.84303855895996,"Unknown"
"7014855",371852,2025-07-11 10:00:40,43.359806060791,-8.8428783416748,"Unknown"
"7014855",371852,2025-07-11 10:05:37,43.3599281311035,-8.84274005889893,"Unknown"
"7014855",371852,2025-07-11 10:10:38,43.359935760498,-8.84281730651855,"Unknown"
"7014855",371852,2025-07-11 10:15:39,43.3599815368652,-8.84288120269775,"Unknown"
"7014855",371852,2025-07-11 10:20:40,43.3599739074707,-8.84281635284424,"Unknown"
"7014855",371852,2025-07-11 10:25:40,43.3599243164062,-8.84294033050537,"Unknown"
"7014855",371852,2025-07-11 10:30:42,43.3601531982422,-8.84294700622559,"Unknown"
"7014855",371852,2025-07-11 10:35:40,43.3599472045898,-8.84294414520264,"Unknown"
"7014855",371852,2025-07-11 10:40:38,43.3600425720215,-8.84290409088135,"Unknown"
"7014855",371852,2025-07-11 10:45:40,43.3601036071777,-8.84279727935791,"Unknown"
"7014855",371852,2025-07-11 10:50:37,43.359977722168,-8.84332275390625,"Unknown"
"7014855",371852,2025-07-11 10:55:38,43.3598442077637,-8.84307861328125,"Unknown"
"7014855",371852,2025-07-11 11:00:39,43.3599967956543,-8.84299278259277,"Unknown"
"7014855",371852,2025-07-11 11:05:38,43.3600654602051,-8.84276580810547,"Unknown"
"7014855",371852,2025-07-11 11:10:38,43.3600463867188,-8.84277725219727,"Unknown"
"7014855",371852,2025-07-11 11:15:40,43.3600082397461,-8.84300899505615,"Unknown"
"7014855",371852,2025-07-11 11:20:39,43.3600006103516,-8.84290409088135,"Unknown"
"7014855",371852,2025-07-11 11:25:37,43.3600234985352,-8.84314250946045,"Unknown"
"7014855",371852,2025-07-11 11:30:37,43.3670845031738,-8.84984302520752,"Unknown"
"7014855",371852,2025-07-11 11:35:36,43.3801651000977,-8.8734884262085,"Unknown"
"7014855",371852,2025-07-11 11:40:37,43.3692626953125,-8.851731300354,"Unknown"
"7014855",371852,2025-07-11 11:45:36,43.3606185913086,-8.84696006774902,"Unknown"
"7014855",371852,2025-07-11 11:50:37,43.3600234985352,-8.84319305419922,"Unknown"
"7014855",371852,2025-07-11 11:55:37,43.3600769042969,-8.84318923950195,"Unknown"
"7014855",371852,2025-07-11 12:00:37,43.3604850769043,-8.84406566619873,"Unknown"
"7014855",371852,2025-07-11 12:05:38,43.3507766723633,-8.80872249603271,"Unknown"
"7014855",371852,2025-07-11 12:10:38,43.3531379699707,-8.74840831756592,"Unknown"
"7014855",371852,2025-07-11 12:15:37,43.350040435791,-8.69287300109863,"Unknown"
"7014855",371852,2025-07-11 12:20:37,43.3462371826172,-8.64270687103271,"Unknown"
"7014855",371852,2025-07-11 12:25:37,43.3385734558105,-8.59617137908936,"Unknown"
"7014855",371852,2025-07-11 12:30:40,43.3447647094727,-8.54728603363037,"Unknown"
"7014855",371852,2025-07-11 12:35:37,43.3465309143066,-8.53331565856934,"Unknown"
"7014855",371852,2025-07-11 12:40:38,43.3465309143066,-8.53338718414307,"Unknown"
"7014855",371852,2025-07-11 12:45:37,43.3465003967285,-8.53347873687744,"Unknown"
"7014855",371852,2025-07-11 12:50:37,43.346435546875,-8.53353500366211,"Unknown"
"7014855",371852,2025-07-11 12:55:39,43.3563499450684,-8.50930690765381,"Unknown"
"7014855",371852,2025-07-11 13:00:37,43.3581237792969,-8.46552562713623,"Unknown"
"7014855",371852,2025-07-11 13:05:37,43.3546485900879,-8.45833683013916,"Unknown"
"7014855",371852,2025-07-11 13:10:51,43.3541603088379,-8.4588098526001,"Unknown"
"7014855",371852,2025-07-11 13:15:45,43.3539657592773,-8.4589786529541,"Unknown"
"7014855",371852,2025-07-11 13:20:46,43.3540420532227,-8.45881080627441,"Unknown"
"7014855",371852,2025-07-11 13:25:41,43.3543510437012,-8.45879459381104,"Unknown"
"7014855",371852,2025-07-11 13:30:51,43.3539924621582,-8.45878410339355,"Unknown"
"7014855",371852,2025-07-11 13:35:39,43.3551368713379,-8.45873260498047,"Unknown"
"7014855",371852,2025-07-11 13:40:40,43.3546562194824,-8.45822906494141,"Unknown"
"7014855",371852,2025-07-11 13:45:37,43.3545188903809,-8.45843029022217,"Unknown"
"7014855",371852,2025-07-11 13:50:40,43.3547515869141,-8.45843887329102,"Unknown"
"7014855",371852,2025-07-11 13:55:47,43.3538017272949,-8.45850563049316,"Unknown"
"7014855",371852,2025-07-11 14:00:41,43.3537445068359,-8.45870113372803,"Unknown"
"7014855",371852,2025-07-11 14:05:37,43.3547973632812,-8.45837306976318,"Unknown"
"7014855",371852,2025-07-11 14:10:37,43.3549385070801,-8.45814037322998,"Unknown"
"7014855",371852,2025-07-11 14:15:37,43.3527793884277,-8.4517126083374,"Unknown"
"7014855",371852,2025-07-11 14:20:36,43.3453369140625,-8.45140171051025,"Unknown"
"7014855",371852,2025-07-11 14:25:38,43.3400230407715,-8.45491409301758,"Unknown"
"7014855",371852,2025-07-11 14:30:39,43.339729309082,-8.45524120330811,"Unknown"
"7014855",371852,2025-07-11 14:35:37,43.3418464660645,-8.44767379760742,"Unknown"
"7014855",371852,2025-07-11 14:40:37,43.3555030822754,-8.40771198272705,"Unknown"
"7014855",371852,2025-07-11 14:45:37,43.3593254089355,-8.39707660675049,"Unknown"
"7014855",371852,2025-07-11 14:50:37,43.3596992492676,-8.39758491516113,"Unknown"
"7014855",371852,2025-07-11 14:55:37,43.3593521118164,-8.39822864532471,"Unknown"
"7014855",371852,2025-07-11 15:00:37,43.3596572875977,-8.39759826660156,"Unknown"
"7014855",371852,2025-07-11 15:05:37,43.3599014282227,-8.39753246307373,"Unknown"
"7014855",371852,2025-07-11 15:10:38,43.3604736328125,-8.39728927612305,"Unknown"
"7014855",371852,2025-07-11 15:15:37,43.3601188659668,-8.40237808227539,"Unknown"
"7014855",371852,2025-07-11 15:20:37,43.3602333068848,-8.40258693695068,"Unknown"
"7014855",371852,2025-07-11 15:25:37,43.3602180480957,-8.40255832672119,"Unknown"
"7014855",371852,2025-07-11 15:30:37,43.360221862793,-8.40273666381836,"Unknown"
"7014855",371852,2025-07-11 15:35:37,43.360221862793,-8.4028377532959,"Unknown"
"7014855",371852,2025-07-11 15:40:39,43.360179901123,-8.40285110473633,"Unknown"
"7014855",371852,2025-07-11 15:45:40,43.3599166870117,-8.40342044830322,"Unknown"
"7014855",371852,2025-07-11 15:50:38,43.360237121582,-8.40286922454834,"Unknown"
"7014855",371852,2025-07-11 15:55:39,43.3602409362793,-8.40263938903809,"Unknown"
"7014855",371852,2025-07-11 16:00:39,43.359935760498,-8.4033317565918,"Unknown"
"7014855",371852,2025-07-11 16:05:38,43.3599624633789,-8.40321445465088,"Unknown"
"7014855",371852,2025-07-11 16:10:38,43.3600158691406,-8.40288925170898,"Unknown"
"7014855",371852,2025-07-11 16:15:39,43.3599739074707,-8.40305805206299,"Unknown"
"7014855",371852,2025-07-11 16:20:39,43.3600234985352,-8.40296745300293,"Unknown"
"7014855",371852,2025-07-11 16:25:41,43.3544654846191,-8.4016580581665,"Unknown"
"7014855",371852,2025-07-11 16:30:44,43.3600463867188,-8.40285205841064,"Unknown"
"7014855",371852,2025-07-11 16:35:39,43.3601684570312,-8.40265560150146,"Unknown"
"7014855",371852,2025-07-11 16:40:38,43.3645973205566,-8.40041255950928,"Unknown"
"7014855",371852,2025-07-11 16:45:38,43.3644371032715,-8.40001773834229,"Unknown"
"7014855",371852,2025-07-11 16:50:39,43.3643951416016,-8.39997100830078,"Unknown"
"7014855",371852,2025-07-11 16:55:38,43.3644027709961,-8.39995956420898,"Unknown"
"7014855",371852,2025-07-11 17:00:38,43.3646240234375,-8.40036678314209,"Unknown"
"7014855",371852,2025-07-11 17:05:39,43.364574432373,-8.40035343170166,"Unknown"
"7014855",371852,2025-07-11 17:10:38,43.3642196655273,-8.39507675170898,"Unknown"
"7014855",371852,2025-07-11 17:15:39,43.3626708984375,-8.38725662231445,"Unknown"
"7014855",371852,2025-07-11 17:20:40,43.3628959655762,-8.38996315002441,"Unknown"
"7014855",371852,2025-07-11 17:25:38,43.3622817993164,-8.38936614990234,"Unknown"
"7014855",371852,2025-07-11 17:30:38,43.3625411987305,-8.38943481445312,"Unknown"
"7014855",371852,2025-07-11 17:35:38,43.3625411987305,-8.38961982727051,"Unknown"
"7014855",371852,2025-07-11 17:40:38,43.362621307373,-8.38976287841797,"Unknown"
"7014855",371852,2025-07-11 17:45:38,43.3637199401855,-8.38859081268311,"Unknown"
"7014855",371852,2025-07-11 17:50:38,43.3628463745117,-8.39058589935303,"Unknown"
"7014855",371852,2025-07-11 17:55:38,43.3628044128418,-8.39063835144043,"Unknown"
"7014855",371852,2025-07-11 18:00:38,43.3628768920898,-8.39081954956055,"Unknown"
"7014855",371852,2025-07-11 18:05:38,43.3650321960449,-8.39627075195312,"Unknown"
"7014855",371852,2025-07-11 18:10:38,43.3647499084473,-8.40099334716797,"Unknown"
"7014855",371852,2025-07-11 18:15:38,43.3646545410156,-8.40094375610352,"Unknown"
"7014855",371852,2025-07-11 18:20:37,43.3647041320801,-8.40098857879639,"Unknown"
"7014855",371852,2025-07-11 18:25:37,43.3645286560059,-8.40076446533203,"Unknown"
"7014855",371852,2025-07-11 18:30:37,43.3646659851074,-8.40088939666748,"Unknown"
"7014855",371852,2025-07-11 18:35:38,43.364631652832,-8.4009313583374,"Unknown"
"7014855",371852,2025-07-11 18:40:37,43.3647041320801,-8.40087699890137,"Unknown"
"7014855",371852,2025-07-11 18:45:38,43.3645172119141,-8.40047740936279,"Unknown"
"7014855",371852,2025-07-11 18:50:38,43.3646240234375,-8.40083789825439,"Unknown"
"7014855",371852,2025-07-11 18:55:37,43.3606185913086,-8.3977165222168,"Unknown"
"7014855",371852,2025-07-11 19:00:38,43.3602638244629,-8.39771366119385,"Unknown"
"7014855",371852,2025-07-11 19:05:38,43.3602256774902,-8.40275287628174,"Unknown"
"7014855",371852,2025-07-11 19:10:38,43.3581886291504,-8.40063285827637,"Unknown"
"7014855",371852,2025-07-11 19:15:38,43.3601989746094,-8.39779281616211,"Unknown"
"7014855",371852,2025-07-11 19:20:38,43.3602294921875,-8.39763641357422,"Unknown"
"7014855",371852,2025-07-11 19:25:38,43.3603515625,-8.39741325378418,"Unknown"
"7014855",371852,2025-07-11 19:30:41,43.3604354858398,-8.39921474456787,"Unknown"
"7014855",371852,2025-07-11 19:35:39,43.3662300109863,-8.40143775939941,"Unknown"
"7014855",371852,2025-07-11 19:40:38,43.3666839599609,-8.40213584899902,"Unknown"
"7014855",371852,2025-07-11 19:45:38,43.3667488098145,-8.40203666687012,"Unknown"
"7014855",371852,2025-07-11 19:50:41,43.3667182922363,-8.40206336975098,"Unknown"
"7014855",371852,2025-07-11 19:55:38,43.3664970397949,-8.40191745758057,"Unknown"
"7014855",371852,2025-07-11 20:00:43,43.3664207458496,-8.40159702301025,"Unknown"
"7014855",371852,2025-07-11 20:05:38,43.3662986755371,-8.40159225463867,"Unknown"
"7014855",371852,2025-07-11 20:10:38,43.3662147521973,-8.40140628814697,"Unknown"
"7014855",371852,2025-07-11 20:15:38,43.3660926818848,-8.40129280090332,"Unknown"
"7014855",371852,2025-07-11 20:20:41,43.366081237793,-8.40115070343018,"Unknown"
"7014855",371852,2025-07-11 20:25:38,43.366024017334,-8.40149307250977,"Unknown"
"7014855",371852,2025-07-11 20:30:38,43.3660163879395,-8.40104484558105,"Unknown"
"7014855",371852,2025-07-11 20:35:41,43.3662643432617,-8.40118885040283,"Unknown"
"7014855",371852,2025-07-11 20:40:38,43.3606948852539,-8.40225982666016,"Unknown"
"7014855",371852,2025-07-11 20:45:38,43.3606147766113,-8.40198516845703,"Unknown"
"7014855",371852,2025-07-11 20:50:38,43.3606033325195,-8.40238094329834,"Unknown"
"7014855",371852,2025-07-11 20:55:38,43.3606910705566,-8.4018726348877,"Unknown"
"7014855",371852,2025-07-11 21:00:40,43.3611221313477,-8.40206527709961,"Unknown"
"7014855",371852,2025-07-11 21:05:38,43.3606071472168,-8.40195274353027,"Unknown"
"7014855",371852,2025-07-11 21:10:38,43.3606910705566,-8.402268409729,"Unknown"
"7014855",371852,2025-07-11 21:15:39,43.3608055114746,-8.40208721160889,"Unknown"
"7014855",371852,2025-07-11 21:20:38,43.3652839660645,-8.40064716339111,"Unknown"
"7014855",371852,2025-07-11 21:25:38,43.3637390136719,-8.40019416809082,"Unknown"
"7014855",371852,2025-07-11 21:30:38,43.3642501831055,-8.39986801147461,"Unknown"
"7014855",371852,2025-07-11 21:35:39,43.364372253418,-8.39964199066162,"Unknown"
"7014855",371852,2025-07-11 21:40:39,43.3644905090332,-8.40002536773682,"Unknown"
"7014855",371852,2025-07-11 21:45:38,43.363941192627,-8.39991664886475,"Unknown"
"7014855",371852,2025-07-11 21:50:38,43.361156463623,-8.40272045135498,"Unknown"
"7014855",371852,2025-07-11 21:55:39,43.3610229492188,-8.40287017822266,"Unknown"
"7014855",371852,2025-07-11 22:00:39,43.3613128662109,-8.40285968780518,"Unknown"
"7014855",371852,2025-07-11 22:05:38,43.3599700927734,-8.39719772338867,"Unknown"
"7014855",371852,2025-07-11 22:10:38,43.360164642334,-8.3971586227417,"Unknown"
"7014855",371852,2025-07-11 22:15:38,43.360221862793,-8.3972110748291,"Unknown"
"7014855",371852,2025-07-11 22:20:39,43.3602752685547,-8.39723682403564,"Unknown"
"7014855",371852,2025-07-11 22:25:39,43.3602104187012,-8.39728260040283,"Unknown"
"7014855",371852,2025-07-11 22:30:39,43.360179901123,-8.39739227294922,"Unknown"
"7014855",371852,2025-07-11 22:35:41,43.3601837158203,-8.39740467071533,"Unknown"
"7014855",371852,2025-07-11 22:40:39,43.3602104187012,-8.3974437713623,"Unknown"
"7014855",371852,2025-07-11 22:45:38,43.3602294921875,-8.39744186401367,"Unknown"
"7014855",371852,2025-07-11 22:50:38,43.3602600097656,-8.3973913192749,"Unknown"
"7014855",371852,2025-07-11 22:55:37,43.3602409362793,-8.39758110046387,"Unknown"
"7014855",371852,2025-07-11 23:00:38,43.3603057861328,-8.3975715637207,"Unknown"
"7014855",371852,2025-07-11 23:05:39,43.3602905273438,-8.39751529693604,"Unknown"
"7014855",371852,2025-07-11 23:10:38,43.3603286743164,-8.39762496948242,"Unknown"
"7014855",371852,2025-07-11 23:15:39,43.3603286743164,-8.39766693115234,"Unknown"
"7014855",371852,2025-07-11 23:20:38,43.3602104187012,-8.39752674102783,"Unknown"
"7014855",371852,2025-07-11 23:25:38,43.3603630065918,-8.39762592315674,"Unknown"
"7014855",371852,2025-07-11 23:30:38,43.3602638244629,-8.39750862121582,"Unknown"
"7014855",371852,2025-07-11 23:35:39,43.3602676391602,-8.39754772186279,"Unknown"
"7014855",371852,2025-07-11 23:40:38,43.3602333068848,-8.39762020111084,"Unknown"
"7014855",371852,2025-07-11 23:45:40,43.3601341247559,-8.39755821228027,"Unknown"
"7014855",371852,2025-07-11 23:50:38,43.3601341247559,-8.39746379852295,"Unknown"
"7014855",371852,2025-07-11 23:55:40,43.3601570129395,-8.39746856689453,"Unknown"
"7014855",371852,2025-07-12 00:00:37,43.3600997924805,-8.3975887298584,"Unknown"
"7014855",371852,2025-07-12 00:05:48,43.3538131713867,-8.3839054107666,"Unknown"
"7014855",371852,2025-07-12 00:10:37,43.3537712097168,-8.38402557373047,"Unknown"
"7014855",371852,2025-07-12 00:15:38,43.353816986084,-8.38391399383545,"Unknown"
"7014855",371852,2025-07-12 00:20:38,43.3538284301758,-8.38389110565186,"Unknown"
"7014855",371852,2025-07-12 00:25:38,43.3536796569824,-8.38400650024414,"Unknown"
"7014855",371852,2025-07-12 00:30:39,43.3536987304688,-8.38387489318848,"Unknown"
"7014855",371852,2025-07-12 00:35:41,43.3535690307617,-8.38415622711182,"Unknown"
"7014855",371852,2025-07-12 00:40:38,43.3535919189453,-8.38396072387695,"Unknown"
"7014855",371852,2025-07-12 00:45:38,43.353343963623,-8.38383674621582,"Unknown"
"7014855",371852,2025-07-12 00:50:39,43.3532180786133,-8.38374900817871,"Unknown"
"7014855",371852,2025-07-12 00:55:39,43.3534889221191,-8.38370132446289,"Unknown"
"7014855",371852,2025-07-12 01:00:39,43.3536338806152,-8.3839282989502,"Unknown"
"7014855",371852,2025-07-12 01:05:39,43.3535270690918,-8.3837833404541,"Unknown"
"7014855",371852,2025-07-12 01:10:47,43.3535232543945,-8.38376998901367,"Unknown"
"7014855",371852,2025-07-12 01:15:39,43.3534851074219,-8.38368988037109,"Unknown"
"7014855",371852,2025-07-12 01:20:39,43.3537216186523,-8.38379287719727,"Unknown"
"7014855",371852,2025-07-12 01:25:37,43.3537101745605,-8.38386726379395,"Unknown"
"7014855",371852,2025-07-12 01:30:37,43.3538398742676,-8.38389778137207,"Unknown"
"7014855",371852,2025-07-12 01:35:37,43.3537254333496,-8.3838415145874,"Unknown"
"7014855",371852,2025-07-12 01:40:38,43.3537864685059,-8.38376140594482,"Unknown"
"7014855",371852,2025-07-12 01:45:37,43.3538055419922,-8.3838062286377,"Unknown"
"7014855",371852,2025-07-12 01:50:37,43.3537940979004,-8.38382625579834,"Unknown"
"7014855",371852,2025-07-12 01:55:39,43.3539390563965,-8.38404083251953,"Unknown"
"7014855",371852,2025-07-12 02:00:38,43.3536911010742,-8.38381385803223,"Unknown"
"7014855",371852,2025-07-12 02:05:42,43.3539695739746,-8.38401412963867,"Unknown"
"7014855",371852,2025-07-12 02:10:38,43.3539352416992,-8.38390731811523,"Unknown"
"7014855",371852,2025-07-12 02:15:37,43.3540649414062,-8.38368320465088,"Unknown"
"7014855",371852,2025-07-12 02:20:38,43.3539543151855,-8.38394165039062,"Unknown"
"7014855",371852,2025-07-12 02:25:38,43.3539505004883,-8.38394355773926,"Unknown"
"7014855",371852,2025-07-12 02:30:39,43.3539619445801,-8.38395881652832,"Unknown"
"7014855",371852,2025-07-12 02:35:39,43.3539505004883,-8.38386917114258,"Unknown"
"7014855",371852,2025-07-12 02:40:39,43.3539009094238,-8.38392543792725,"Unknown"
"7014855",371852,2025-07-12 02:45:41,43.353946685791,-8.38380718231201,"Unknown"
"7014855",371852,2025-07-12 02:50:41,43.3539161682129,-8.38386154174805,"Unknown"
"7014855",371852,2025-07-12 02:56:05,43.3536415100098,-8.38376903533936,"Unknown"
"7014855",371852,2025-07-12 03:00:38,43.3536415100098,-8.38381385803223,"Unknown"
"7014855",371852,2025-07-12 03:05:37,43.3536224365234,-8.38357639312744,"Unknown"
"7014855",371852,2025-07-12 03:10:37,43.3536338806152,-8.38369846343994,"Unknown"
"7014855",371852,2025-07-12 03:15:37,43.3535995483398,-8.3839635848999,"Unknown"
"7014855",371852,2025-07-12 03:20:37,43.3535804748535,-8.38376617431641,"Unknown"
"7014855",371852,2025-07-12 03:25:41,43.3535499572754,-8.38381099700928,"Unknown"
"7014855",371852,2025-07-12 03:30:38,43.3535690307617,-8.38368320465088,"Unknown"
"7014855",371852,2025-07-12 03:35:37,43.353572845459,-8.38372230529785,"Unknown"
"7014855",371852,2025-07-12 03:40:38,43.3536033630371,-8.38381481170654,"Unknown"
"7014855",371852,2025-07-12 03:45:37,43.3536071777344,-8.38378524780273,"Unknown"
"7014855",371852,2025-07-12 03:50:37,43.3536224365234,-8.38380146026611,"Unknown"
"7014855",371852,2025-07-12 03:55:37,43.353630065918,-8.38387203216553,"Unknown"
"7014855",371852,2025-07-12 04:00:37,43.3535270690918,-8.38379573822021,"Unknown"
"7014855",371852,2025-07-12 04:05:38,43.3535957336426,-8.38392734527588,"Unknown"
"7014855",371852,2025-07-12 04:10:48,43.3534355163574,-8.38359260559082,"Unknown"
"7014855",371852,2025-07-12 04:15:38,43.3536643981934,-8.38380813598633,"Unknown"
"7014855",371852,2025-07-12 04:20:37,43.3536415100098,-8.38381862640381,"Unknown"
"7014855",371852,2025-07-12 04:25:37,43.3535346984863,-8.38381385803223,"Unknown"
"7014855",371852,2025-07-12 04:30:38,43.3532447814941,-8.38352870941162,"Unknown"
"7014855",371852,2025-07-12 04:35:39,43.353214263916,-8.383544921875,"Unknown"
"7014855",371852,2025-07-12 04:40:47,43.3516464233398,-8.38379192352295,"Unknown"
"7014855",371852,2025-07-12 04:45:39,43.3531646728516,-8.38309001922607,"Unknown"
"7014855",371852,2025-07-12 04:50:37,43.3608093261719,-8.39763736724854,"Unknown"
"7014855",371852,2025-07-12 04:55:42,43.3614883422852,-8.40293502807617,"Unknown"
"7014855",371852,2025-07-12 05:00:39,43.3597183227539,-8.39994621276855,"Unknown"
"7014855",371852,2025-07-12 05:06:15,43.3617362976074,-8.39936923980713,"Unknown"
"7014855",371852,2025-07-12 05:10:42,43.3606758117676,-8.40265941619873,"Unknown"
"7014855",371852,2025-07-12 05:15:40,43.3608741760254,-8.40278148651123,"Unknown"
"7014855",371852,2025-07-12 05:20:50,43.3607444763184,-8.4025936126709,"Unknown"
"7014855",371852,2025-07-12 05:25:38,43.3621940612793,-8.40147495269775,"Unknown"
"7014855",371852,2025-07-12 05:31:58,43.3599281311035,-8.40214347839355,"Unknown"
"7014855",371852,2025-07-12 05:35:57,43.359489440918,-8.40191841125488,"Unknown"
"7014855",371852,2025-07-12 05:40:55,43.3595886230469,-8.40187358856201,"Unknown"
"7014855",371852,2025-07-12 05:45:47,43.3607368469238,-8.40235042572021,"Unknown"
"7014855",371852,2025-07-12 05:50:53,43.3602294921875,-8.39979457855225,"Unknown"
"7014855",371852,2025-07-12 05:55:39,43.3668975830078,-8.40454959869385,"Unknown"
"7014855",371852,2025-07-12 06:00:40,43.3719863891602,-8.44321060180664,"Unknown"
"7014855",371852,2025-07-12 06:05:39,43.3562049865723,-8.45785999298096,"Unknown"
"7014855",371852,2025-07-12 06:10:43,43.3549613952637,-8.4584493637085,"Unknown"
"7014855",371852,2025-07-12 06:15:52,43.3546485900879,-8.45859718322754,"Unknown"
"7014855",371852,2025-07-12 06:20:50,43.3546371459961,-8.45871257781982,"Unknown"
"7014855",371852,2025-07-12 06:25:48,43.3545837402344,-8.45880889892578,"Unknown"
"7014855",371852,2025-07-12 06:30:48,43.3540992736816,-8.45879745483398,"Unknown"
"7014855",371852,2025-07-12 06:35:53,43.3548355102539,-8.45839786529541,"Unknown"
"7014855",371852,2025-07-12 06:40:39,43.355899810791,-8.45730590820312,"Unknown"
"7014855",371852,2025-07-12 06:45:38,43.3600006103516,-8.46150970458984,"Unknown"
"7014855",371852,2025-07-12 06:50:40,43.3643341064453,-8.50027370452881,"Unknown"
"7014855",371852,2025-07-12 06:55:38,43.3739280700684,-8.53596782684326,"Unknown"
"7014855",371852,2025-07-12 07:00:39,43.3727798461914,-8.57126235961914,"Unknown"
"7014855",371852,2025-07-12 07:05:48,43.3708572387695,-8.61050510406494,"Unknown"
"7014855",371852,2025-07-12 07:10:37,43.3674850463867,-8.6396598815918,"Unknown"
"7014855",371852,2025-07-12 07:15:38,43.367000579834,-8.67438220977783,"Unknown"
"7014855",371852,2025-07-12 07:20:40,43.367618560791,-8.71283912658691,"Unknown"
"7014855",371852,2025-07-12 07:25:38,43.3634490966797,-8.74431896209717,"Unknown"
"7014855",371852,2025-07-12 07:30:48,43.3597602844238,-8.78147506713867,"Unknown"
"7014855",371852,2025-07-12 07:35:37,43.3606567382812,-8.81180191040039,"Unknown"
"7014855",371852,2025-07-12 07:40:37,43.3627395629883,-8.84083080291748,"Unknown"
"7014855",371852,2025-07-12 07:45:47,43.3601188659668,-8.84299659729004,"Unknown"
"7014855",371852,2025-07-12 07:50:42,43.3602600097656,-8.84290409088135,"Unknown"
"7014855",371852,2025-07-12 07:55:42,43.3601875305176,-8.84285640716553,"Unknown"
"7014855",371852,2025-07-12 08:00:39,43.3605346679688,-8.84247303009033,"Unknown"
"7014855",371852,2025-07-12 08:05:40,43.360652923584,-8.84244823455811,"Unknown"
"7014855",371852,2025-07-12 08:10:43,43.3607406616211,-8.84286308288574,"Unknown"
"7014855",371852,2025-07-12 08:15:55,43.3606986999512,-8.84272766113281,"Unknown"
"7014855",371852,2025-07-12 08:20:41,43.3604965209961,-8.84281635284424,"Unknown"
"7014855",371852,2025-07-12 08:25:38,43.3603286743164,-8.84308433532715,"Unknown"
"7014855",371852,2025-07-12 08:30:46,43.3603248596191,-8.84267425537109,"Unknown"
"7014855",371852,2025-07-12 08:35:38,43.3605842590332,-8.84276390075684,"Unknown"
"7014855",371852,2025-07-12 08:40:39,43.3605194091797,-8.84274768829346,"Unknown"
"7014855",371852,2025-07-12 08:45:42,43.3605918884277,-8.84276390075684,"Unknown"
"7014855",371852,2025-07-12 08:51:01,43.360523223877,-8.84308433532715,"Unknown"
"7014855",371852,2025-07-12 08:55:38,43.3601226806641,-8.84300708770752,"Unknown"
"7014855",371852,2025-07-12 09:00:37,43.3602523803711,-8.84343814849854,"Unknown"
"7014855",371852,2025-07-12 09:05:46,43.360424041748,-8.84316825866699,"Unknown"
"7014855",371852,2025-07-12 09:10:39,43.3602066040039,-8.84349155426025,"Unknown"
"7014855",371852,2025-07-12 09:15:39,43.3601417541504,-8.84354400634766,"Unknown"
"7014855",371852,2025-07-12 09:20:40,43.3602333068848,-8.8433313369751,"Unknown"
"7014855",371852,2025-07-12 09:25:46,43.3600540161133,-8.84306526184082,"Unknown"
"7014855",371852,2025-07-12 09:30:48,43.3600311279297,-8.84318161010742,"Unknown"
"7014855",371852,2025-07-12 09:35:41,43.360179901123,-8.84365463256836,"Unknown"
"7014855",371852,2025-07-12 09:40:48,43.359920501709,-8.84696006774902,"Unknown"
"7014855",371852,2025-07-12 09:45:39,43.3603897094727,-8.84370422363281,"Unknown"
"7014855",371852,2025-07-12 09:50:37,43.360034942627,-8.84620761871338,"Unknown"
"7014855",371852,2025-07-12 09:55:39,43.3372497558594,-8.84398078918457,"Unknown"
"7014855",371852,2025-07-12 10:00:51,43.3119239807129,-8.84701061248779,"Unknown"
"7014855",371852,2025-07-12 10:05:48,43.3118667602539,-8.85243225097656,"Unknown"
"7014855",371852,2025-07-12 10:10:48,43.2926826477051,-8.86182022094727,"Unknown"
"7014855",371852,2025-07-12 10:15:50,43.2951049804688,-8.86221027374268,"Unknown"
"7014855",371852,2025-07-12 10:20:48,43.2979049682617,-8.86250972747803,"Unknown"
"7014855",371852,2025-07-12 10:25:48,43.2978782653809,-8.86254596710205,"Unknown"
"7014855",371852,2025-07-12 10:30:47,43.2981147766113,-8.86236476898193,"Unknown"
"7014855",371852,2025-07-12 10:35:49,43.2978668212891,-8.86230087280273,"Unknown"
"7014855",371852,2025-07-12 10:40:54,43.2977905273438,-8.86229515075684,"Unknown"
"7014855",371852,2025-07-12 10:45:58,43.2982978820801,-8.86250305175781,"Unknown"
"7014855",371852,2025-07-12 10:51:00,43.2983512878418,-8.86255264282227,"Unknown"
"7014855",371852,2025-07-12 10:56:02,43.298210144043,-8.86294746398926,"Unknown"
"7014855",371852,2025-07-12 11:01:05,43.2979736328125,-8.86277389526367,"Unknown"
"7014855",371852,2025-07-12 11:05:38,43.298095703125,-8.86309242248535,"Unknown"
"7014855",371852,2025-07-12 11:10:38,43.2978439331055,-8.86305141448975,"Unknown"
"7014855",371852,2025-07-12 11:15:41,43.2978897094727,-8.86304092407227,"Unknown"
"7014855",371852,2025-07-12 11:20:42,43.2983894348145,-8.86327648162842,"Unknown"
"7014855",371852,2025-07-12 11:25:37,43.2985076904297,-8.86300373077393,"Unknown"
"7014855",371852,2025-07-12 11:30:43,43.2981033325195,-8.86311340332031,"Unknown"
"7014855",371852,2025-07-12 11:35:39,43.298282623291,-8.86349296569824,"Unknown"
"7014855",371852,2025-07-12 11:40:41,43.2981986999512,-8.86296367645264,"Unknown"
"7014855",371852,2025-07-12 11:45:37,43.3041763305664,-8.86055564880371,"Unknown"
"7014855",371852,2025-07-12 11:50:38,43.3176956176758,-8.85619068145752,"Unknown"
"7014855",371852,2025-07-12 11:55:37,43.3413963317871,-8.84620094299316,"Unknown"
"7014855",371852,2025-07-12 12:00:36,43.3599014282227,-8.84636878967285,"Unknown"
"7014855",371852,2025-07-12 12:05:37,43.3599700927734,-8.84306144714355,"Unknown"
"7014855",371852,2025-07-12 12:10:45,43.3599662780762,-8.8431453704834,"Unknown"
"7014855",371852,2025-07-12 12:15:39,43.3601531982422,-8.84309005737305,"Unknown"
"7014855",371852,2025-07-12 12:20:40,43.3600311279297,-8.84329891204834,"Unknown"
"7014855",371852,2025-07-12 12:25:39,43.3599967956543,-8.84317111968994,"Unknown"
"7014855",371852,2025-07-12 12:30:42,43.3600997924805,-8.84306812286377,"Unknown"
"7014855",371852,2025-07-12 12:35:37,43.3599853515625,-8.84308910369873,"Unknown"
"7014855",371852,2025-07-12 12:40:38,43.3599395751953,-8.843186378479,"Unknown"
"7014855",371852,2025-07-12 12:45:41,43.3601150512695,-8.84294128417969,"Unknown"
"7014855",371852,2025-07-12 12:50:45,43.3600578308105,-8.84307193756104,"Unknown"
"7014855",371852,2025-07-12 12:55:40,43.3600463867188,-8.8433837890625,"Unknown"
"7014855",371852,2025-07-12 13:00:41,43.3598403930664,-8.84311771392822,"Unknown"
"7014855",371852,2025-07-12 13:05:39,43.3599510192871,-8.84331035614014,"Unknown"
"7014855",371852,2025-07-12 13:10:45,43.3598480224609,-8.84303760528564,"Unknown"
"7014855",371852,2025-07-12 13:15:41,43.3597717285156,-8.84288024902344,"Unknown"
"7014855",371852,2025-07-12 13:20:42,43.3598823547363,-8.84310913085938,"Unknown"
"7014855",371852,2025-07-12 13:25:43,43.3597755432129,-8.84295272827148,"Unknown"
"7014855",371852,2025-07-12 13:30:54,43.3598518371582,-8.84296703338623,"Unknown"
"7014855",371852,2025-07-12 13:36:03,43.359935760498,-8.8432149887085,"Unknown"
"7014855",371852,2025-07-12 13:40:37,43.360050201416,-8.84320640563965,"Unknown"
"7014855",371852,2025-07-12 13:45:38,43.3599624633789,-8.84322738647461,"Unknown"
"7014855",371852,2025-07-12 13:50:37,43.3600807189941,-8.84333515167236,"Unknown"
"7014855",371852,2025-07-12 13:55:40,43.3600158691406,-8.84346580505371,"Unknown"
"7014855",371852,2025-07-12 14:00:38,43.3509826660156,-8.84235763549805,"Unknown"
"7014855",371852,2025-07-12 14:05:37,43.3319206237793,-8.84632873535156,"Unknown"
"7014855",371852,2025-07-12 14:10:38,43.3191871643066,-8.84642887115479,"Unknown"
"7014855",371852,2025-07-12 14:15:40,43.3168487548828,-8.85789108276367,"Unknown"
"7014855",371852,2025-07-12 14:20:40,43.2981491088867,-8.86249828338623,"Unknown"
"7014855",371852,2025-07-12 14:25:43,43.2981071472168,-8.86261081695557,"Unknown"
"7014855",371852,2025-07-12 14:30:37,43.2984733581543,-8.86277484893799,"Unknown"
"7014855",371852,2025-07-12 14:35:41,43.2989463806152,-8.86206150054932,"Unknown"
"7014855",371852,2025-07-12 14:40:40,43.2935180664062,-8.86275196075439,"Unknown"
"7014855",371852,2025-07-12 14:45:41,43.2924690246582,-8.8622875213623,"Unknown"
"7014855",371852,2025-07-12 14:50:50,43.2924537658691,-8.86224460601807,"Unknown"
"7014855",371852,2025-07-12 14:55:40,43.2934188842773,-8.86198139190674,"Unknown"
"7014855",371852,2025-07-12 15:00:43,43.2924385070801,-8.86220264434814,"Unknown"
"7014855",371852,2025-07-12 15:06:02,43.2956275939941,-8.86330032348633,"Unknown"
"7014855",371852,2025-07-12 15:10:37,43.2962303161621,-8.86390781402588,"Unknown"
"7014855",371852,2025-07-12 15:15:43,43.2984657287598,-8.86267375946045,"Unknown"
"7014855",371852,2025-07-12 15:20:47,43.298454284668,-8.86240482330322,"Unknown"
"7014855",371852,2025-07-12 15:25:43,43.2982902526855,-8.86226272583008,"Unknown"
"7014855",371852,2025-07-12 15:30:39,43.2982940673828,-8.86363124847412,"Unknown"
"7014855",371852,2025-07-12 15:35:40,43.2925186157227,-8.8626184463501,"Unknown"
"7014855",371852,2025-07-12 15:40:38,43.2926940917969,-8.86288356781006,"Unknown"
"7014855",371852,2025-07-12 15:45:41,43.2882537841797,-8.85646724700928,"Unknown"
"7014855",371852,2025-07-12 15:50:45,43.2761077880859,-8.85236549377441,"Unknown"
"7014855",371852,2025-07-12 15:55:42,43.2766304016113,-8.8528995513916,"Unknown"
"7014855",371852,2025-07-12 16:00:51,43.2762870788574,-8.85207939147949,"Unknown"
"7014855",371852,2025-07-12 16:05:38,43.2878837585449,-8.84946918487549,"Unknown"
"7014855",371852,2025-07-12 16:10:39,43.290096282959,-8.82244682312012,"Unknown"
"7014855",371852,2025-07-12 16:15:48,43.3150787353516,-8.77797603607178,"Unknown"
"7014855",371852,2025-07-12 16:20:42,43.300048828125,-8.76500988006592,"Unknown"
"7014855",371852,2025-07-12 16:25:46,43.3101654052734,-8.79126262664795,"Unknown"
"7014855",371852,2025-07-12 16:30:56,43.323127746582,-8.80660247802734,"Unknown"
"7014855",371852,2025-07-12 16:35:53,43.3312606811523,-8.82302951812744,"Unknown"
"7014855",371852,2025-07-12 16:40:39,43.3536987304688,-8.83405208587646,"Unknown"
"7014855",371852,2025-07-12 16:45:59,43.3600120544434,-8.84318351745605,"Unknown"
"7014855",371852,2025-07-12 16:51:09,43.3601341247559,-8.84280586242676,"Unknown"
"7014855",371852,2025-07-12 16:55:39,43.353458404541,-8.84708309173584,"Unknown"
"7014855",371852,2025-07-12 17:01:14,43.3441925048828,-8.84137344360352,"Unknown"
"7014855",371852,2025-07-12 17:05:45,43.3234100341797,-8.8436222076416,"Unknown"
"7014855",371852,2025-07-12 17:10:39,43.3124237060547,-8.851881980896,"Unknown"
"7014855",371852,2025-07-12 17:15:46,43.3246231079102,-8.8484582901001,"Unknown"
"7014855",371852,2025-07-12 17:20:40,43.3158493041992,-8.86331176757812,"Unknown"
"7014855",371852,2025-07-12 17:25:38,43.3083877563477,-8.8691349029541,"Unknown"
"7014855",371852,2025-07-12 17:30:42,43.2981567382812,-8.86283206939697,"Unknown"
"7014855",371852,2025-07-12 17:35:45,43.2982978820801,-8.86258411407471,"Unknown"
"7014855",371852,2025-07-12 17:40:45,43.2975769042969,-8.86145782470703,"Unknown"
"7014855",371852,2025-07-12 17:45:48,43.2974281311035,-8.86250972747803,"Unknown"
"7014855",371852,2025-07-12 17:50:38,43.2947044372559,-8.85870265960693,"Unknown"
"7014855",371852,2025-07-12 17:55:39,43.2972145080566,-8.83852767944336,"Unknown"
"7014855",371852,2025-07-12 18:00:48,43.3191604614258,-8.80552196502686,"Unknown"
"7014855",371852,2025-07-12 18:05:39,43.3230361938477,-8.80503368377686,"Unknown"
"7014855",371852,2025-07-12 18:10:42,43.3198699951172,-8.7827672958374,"Unknown"
"7014855",371852,2025-07-12 18:15:38,43.3112373352051,-8.73051166534424,"Unknown"
"7014855",371852,2025-07-12 18:20:38,43.3074684143066,-8.66778755187988,"Unknown"
"7014855",371852,2025-07-12 18:25:38,43.3143577575684,-8.61159229278564,"Unknown"
"7014855",371852,2025-07-12 18:30:38,43.3268432617188,-8.55484104156494,"Unknown"
"7014855",371852,2025-07-12 18:35:38,43.341381072998,-8.49840259552002,"Unknown"
"7014855",371852,2025-07-12 18:40:43,43.3538780212402,-8.4584846496582,"Unknown"
"7014855",371852,2025-07-12 19:07:00,43.3531303405762,-8.4589900970459,"Unknown"
"7014855",371852,2025-07-12 19:10:48,43.3405151367188,-8.4544095993042,"Unknown"
"7014855",371852,2025-07-12 19:16:09,43.3403205871582,-8.45594215393066,"Unknown"
"7014855",371852,2025-07-12 19:20:39,43.344669342041,-8.44269180297852,"Unknown"
"7014855",371852,2025-07-12 19:25:42,43.3449974060059,-8.44240951538086,"Unknown"
"7014855",371852,2025-07-12 19:30:41,43.3450393676758,-8.44223594665527,"Unknown"
"7014855",371852,2025-07-12 19:35:39,43.3504829406738,-8.42848300933838,"Unknown"
"7014855",371852,2025-07-12 19:40:39,43.3505096435547,-8.42858505249023,"Unknown"
"7014855",371852,2025-07-12 19:45:38,43.3506736755371,-8.4285774230957,"Unknown"
"7014855",371852,2025-07-12 19:50:37,43.3504867553711,-8.42861938476562,"Unknown"
"7014855",371852,2025-07-12 19:55:47,43.3503608703613,-8.42825317382812,"Unknown"
"7014855",371852,2025-07-12 20:00:40,43.3554649353027,-8.41283702850342,"Unknown"
"7014855",371852,2025-07-12 20:05:43,43.3627548217773,-8.39615249633789,"Unknown"
"7014855",371852,2025-07-12 20:10:38,43.3632926940918,-8.3962926864624,"Unknown"
"7014855",371852,2025-07-12 20:15:40,43.3627281188965,-8.39631652832031,"Unknown"
"7014855",371852,2025-07-12 20:20:59,43.3632850646973,-8.39641380310059,"Unknown"
"7014855",371852,2025-07-12 20:25:49,43.3635635375977,-8.39655208587646,"Unknown"
"7014855",371852,2025-07-12 20:30:42,43.3633995056152,-8.39651107788086,"Unknown"
"7014855",371852,2025-07-12 20:36:05,43.3628768920898,-8.39631080627441,"Unknown"
"7014855",371852,2025-07-12 20:40:39,43.3628234863281,-8.39637851715088,"Unknown"
"7014855",371852,2025-07-12 20:45:39,43.3630256652832,-8.396315574646,"Unknown"
"7014855",371852,2025-07-12 20:50:45,43.3631057739258,-8.39654445648193,"Unknown"
"7014855",371852,2025-07-12 20:55:43,43.362922668457,-8.3960657119751,"Unknown"
"7014855",371852,2025-07-12 21:00:37,43.3608894348145,-8.39899730682373,"Unknown"
"7014855",371852,2025-07-12 21:05:41,43.3577575683594,-8.39217948913574,"Unknown"
"7014855",371852,2025-07-12 21:10:48,43.3581352233887,-8.39226150512695,"Unknown"
"7014855",371852,2025-07-12 21:15:48,43.3581428527832,-8.3922176361084,"Unknown"
"7014855",371852,2025-07-12 21:20:39,43.3581504821777,-8.39234924316406,"Unknown"
"7014855",371852,2025-07-12 21:25:48,43.3581047058105,-8.39222240447998,"Unknown"
"7014855",371852,2025-07-12 21:30:38,43.3581581115723,-8.392258644104,"Unknown"
"7014855",371852,2025-07-12 21:35:43,43.3580513000488,-8.39222049713135,"Unknown"
"7014855",371852,2025-07-12 21:40:39,43.3572692871094,-8.39183902740479,"Unknown"
"7014855",371852,2025-07-12 21:45:37,43.3570785522461,-8.39168643951416,"Unknown"
"7014855",371852,2025-07-12 21:50:39,43.356761932373,-8.39146518707275,"Unknown"
"7014855",371852,2025-07-12 21:55:51,43.3581771850586,-8.39270973205566,"Unknown"
"7014855",371852,2025-07-12 22:00:39,43.3576469421387,-8.39264106750488,"Unknown"
"7014855",371852,2025-07-12 22:05:40,43.3568077087402,-8.39125156402588,"Unknown"
"7014855",371852,2025-07-12 22:10:40,43.3568000793457,-8.39123058319092,"Unknown"
"7014855",371852,2025-07-12 22:15:39,43.356876373291,-8.39120674133301,"Unknown"
"7014855",371852,2025-07-12 22:20:45,43.3569107055664,-8.39113998413086,"Unknown"
"7014855",371852,2025-07-12 22:25:41,43.3570709228516,-8.39134502410889,"Unknown"
"7014855",371852,2025-07-12 22:31:05,43.3579177856445,-8.39232540130615,"Unknown"
"7014855",371852,2025-07-12 22:35:37,43.357852935791,-8.39194583892822,"Unknown"
"7014855",371852,2025-07-12 22:40:39,43.3579750061035,-8.39229297637939,"Unknown"
"7014855",371852,2025-07-12 22:45:36,43.3580131530762,-8.39229488372803,"Unknown"
"7014855",371852,2025-07-12 22:50:37,43.3578567504883,-8.39215755462646,"Unknown"
"7014855",371852,2025-07-12 22:55:38,43.3579521179199,-8.39224052429199,"Unknown"
"7014855",371852,2025-07-12 23:00:37,43.3578948974609,-8.39211368560791,"Unknown"
"7014855",371852,2025-07-12 23:05:37,43.3578338623047,-8.39185047149658,"Unknown"
"7014855",371852,2025-07-12 23:10:38,43.3579711914062,-8.39225101470947,"Unknown"
"7014855",371852,2025-07-12 23:15:39,43.3578262329102,-8.39206886291504,"Unknown"
"7014855",371852,2025-07-12 23:20:39,43.3578720092773,-8.39203071594238,"Unknown"
"7014855",371852,2025-07-12 23:25:42,43.3579902648926,-8.392333984375,"Unknown"
"7014855",371852,2025-07-12 23:30:38,43.3580284118652,-8.39235973358154,"Unknown"
"7014855",371852,2025-07-12 23:35:38,43.3580589294434,-8.39216136932373,"Unknown"
"7014855",371852,2025-07-12 23:40:38,43.3579902648926,-8.39224338531494,"Unknown"
"7014855",371852,2025-07-12 23:45:37,43.3580169677734,-8.39223670959473,"Unknown"
"7014855",371852,2025-07-12 23:50:37,43.3580741882324,-8.39224243164062,"Unknown"
"7014855",371852,2025-07-12 23:55:37,43.3579559326172,-8.39225959777832,"Unknown"
"7014855",371852,2025-07-13 00:00:37,43.3578872680664,-8.39221286773682,"Unknown"
"7014855",371852,2025-07-13 00:05:37,43.3579444885254,-8.39218521118164,"Unknown"
"7014855",371852,2025-07-13 00:10:37,43.3579406738281,-8.39223766326904,"Unknown"
"7014855",371852,2025-07-13 00:15:38,43.3579139709473,-8.39213180541992,"Unknown"
"7014855",371852,2025-07-13 00:20:37,43.3578147888184,-8.39205741882324,"Unknown"
"7014855",371852,2025-07-13 00:25:38,43.3578758239746,-8.39208030700684,"Unknown"
"7014855",371852,2025-07-13 00:30:40,43.3576812744141,-8.39222621917725,"Unknown"
"7014855",371852,2025-07-13 00:35:39,43.3579216003418,-8.39211559295654,"Unknown"
"7014855",371852,2025-07-13 00:40:37,43.3579063415527,-8.39211368560791,"Unknown"
"7014855",371852,2025-07-13 00:45:37,43.3578300476074,-8.39212417602539,"Unknown"
"7014855",371852,2025-07-13 00:50:38,43.3605842590332,-8.38913631439209,"Unknown"
"7014855",371852,2025-07-13 00:55:37,43.3606643676758,-8.38898468017578,"Unknown"
"7014855",371852,2025-07-13 01:00:48,43.3606796264648,-8.38890552520752,"Unknown"
"7014855",371852,2025-07-13 01:05:40,43.3607406616211,-8.38881206512451,"Unknown"
"7014855",371852,2025-07-13 01:10:40,43.3606758117676,-8.38893890380859,"Unknown"
"7014855",371852,2025-07-13 01:15:40,43.3607215881348,-8.38889503479004,"Unknown"
"7014855",371852,2025-07-13 01:20:37,43.3607292175293,-8.38889408111572,"Unknown"
"7014855",371852,2025-07-13 01:25:37,43.3606185913086,-8.38900661468506,"Unknown"
"7014855",371852,2025-07-13 01:31:14,43.3612670898438,-8.39076995849609,"Unknown"
"7014855",371852,2025-07-13 01:35:36,43.3609580993652,-8.39081573486328,"Unknown"
"7014855",371852,2025-07-13 01:40:37,43.3612213134766,-8.39064884185791,"Unknown"
"7014855",371852,2025-07-13 01:45:37,43.3612937927246,-8.39053630828857,"Unknown"
"7014855",371852,2025-07-13 01:50:37,43.3613319396973,-8.39080619812012,"Unknown"
"7014855",371852,2025-07-13 01:55:37,43.3610687255859,-8.39055728912354,"Unknown"
"7014855",371852,2025-07-13 02:00:38,43.3614540100098,-8.39070892333984,"Unknown"
"7014855",371852,2025-07-13 02:05:37,43.3615989685059,-8.39087963104248,"Unknown"
"7014855",371852,2025-07-13 02:10:37,43.3615608215332,-8.39084434509277,"Unknown"
"7014855",371852,2025-07-13 02:15:37,43.3616638183594,-8.39098644256592,"Unknown"
"7014855",371852,2025-07-13 02:20:37,43.361629486084,-8.39094161987305,"Unknown"
"7014855",371852,2025-07-13 02:25:38,43.3615989685059,-8.39104747772217,"Unknown"
"7014855",371852,2025-07-13 02:30:38,43.3615951538086,-8.39102935791016,"Unknown"
"7014855",371852,2025-07-13 02:35:39,43.3615226745605,-8.3911247253418,"Unknown"
"7014855",371852,2025-07-13 02:40:43,43.3615493774414,-8.3909158706665,"Unknown"
"7014855",371852,2025-07-13 02:45:38,43.3616523742676,-8.39075469970703,"Unknown"
"7014855",371852,2025-07-13 02:50:41,43.3614768981934,-8.39122104644775,"Unknown"
"7014855",371852,2025-07-13 02:55:37,43.3617248535156,-8.39099884033203,"Unknown"
"7014855",371852,2025-07-13 03:00:37,43.3616256713867,-8.39098358154297,"Unknown"
"7014855",371852,2025-07-13 03:05:37,43.3617324829102,-8.39110851287842,"Unknown"
"7014855",371852,2025-07-13 03:10:39,43.3616104125977,-8.391037940979,"Unknown"
"7014855",371852,2025-07-13 03:15:39,43.3616676330566,-8.39099407196045,"Unknown"
"7014855",371852,2025-07-13 03:20:37,43.3616752624512,-8.39100551605225,"Unknown"
"7014855",371852,2025-07-13 03:25:38,43.3617134094238,-8.39109516143799,"Unknown"
"7014855",371852,2025-07-13 03:30:37,43.3616638183594,-8.39100742340088,"Unknown"
"7014855",371852,2025-07-13 03:35:37,43.3617172241211,-8.39076042175293,"Unknown"
"7014855",371852,2025-07-13 03:41:05,43.3615112304688,-8.39085292816162,"Unknown"
"7014855",371852,2025-07-13 03:45:36,43.3615837097168,-8.39089965820312,"Unknown"
"7014855",371852,2025-07-13 03:50:36,43.3613624572754,-8.3903636932373,"Unknown"
"7014855",371852,2025-07-13 03:55:36,43.3613662719727,-8.39034557342529,"Unknown"
"7014855",371852,2025-07-13 04:00:36,43.3613929748535,-8.39034938812256,"Unknown"
"7014855",371852,2025-07-13 04:05:36,43.3613777160645,-8.39033699035645,"Unknown"
"7014855",371852,2025-07-13 04:10:37,43.3613586425781,-8.39034843444824,"Unknown"
"7014855",371852,2025-07-13 04:15:46,43.3613510131836,-8.39030170440674,"Unknown"
"7014855",371852,2025-07-13 04:20:45,43.3613777160645,-8.39038276672363,"Unknown"
"7014855",371852,2025-07-13 04:25:38,43.3613624572754,-8.39020919799805,"Unknown"
"7014855",371852,2025-07-13 04:30:38,43.3613433837891,-8.39029979705811,"Unknown"
"7014855",371852,2025-07-13 04:35:38,43.3613967895508,-8.39033794403076,"Unknown"
"7014855",371852,2025-07-13 04:40:49,43.3642654418945,-8.4006986618042,"Unknown"
"7014855",371852,2025-07-13 04:45:38,43.3702278137207,-8.42138290405273,"Unknown"
"7014855",371852,2025-07-13 04:50:38,43.3859786987305,-8.45194053649902,"Unknown"
"7014855",371852,2025-07-13 04:55:38,43.3839073181152,-8.48551464080811,"Unknown"
"7014855",371852,2025-07-13 05:00:39,43.3823089599609,-8.51448822021484,"Unknown"
"7014855",371852,2025-07-13 05:05:41,43.3729286193848,-8.54157638549805,"Unknown"
"7014855",371852,2025-07-13 05:10:39,43.3718795776367,-8.5722827911377,"Unknown"
"7014855",371852,2025-07-13 05:15:49,43.3748207092285,-8.60636711120605,"Unknown"
"7014855",371852,2025-07-13 05:20:50,43.3718605041504,-8.63792991638184,"Unknown"
"7014855",371852,2025-07-13 05:25:38,43.3661956787109,-8.66606044769287,"Unknown"
"7014855",371852,2025-07-13 05:31:05,43.3696975708008,-8.70230579376221,"Unknown"
"7014855",371852,2025-07-13 05:35:39,43.3668212890625,-8.73151302337646,"Unknown"
"7014855",371852,2025-07-13 05:40:38,43.3617630004883,-8.76330852508545,"Unknown"
"7014855",371852,2025-07-13 05:45:40,43.3604011535645,-8.7974853515625,"Unknown"
"7014855",371852,2025-07-13 05:50:38,43.3605155944824,-8.82918930053711,"Unknown"
"7014855",371852,2025-07-13 05:55:40,43.3600006103516,-8.84332847595215,"Unknown"
"7014855",371852,2025-07-13 06:00:38,43.3600540161133,-8.84320163726807,"Unknown"
"7014855",371852,2025-07-13 06:05:38,43.3600425720215,-8.84318161010742,"Unknown"
"7014855",371852,2025-07-13 06:10:38,43.3600540161133,-8.84319877624512,"Unknown"
"7014855",371852,2025-07-13 06:15:39,43.3571395874023,-8.84560775756836,"Unknown"
"7014855",371852,2025-07-13 06:20:38,43.3600730895996,-8.84313869476318,"Unknown"
"7014855",371852,2025-07-13 06:25:39,43.3601455688477,-8.84319019317627,"Unknown"
"7014855",371852,2025-07-13 06:31:05,43.3505783081055,-8.84248733520508,"Unknown"
"7014855",371852,2025-07-13 06:35:38,43.3329925537109,-8.84765338897705,"Unknown"
"7014855",371852,2025-07-13 06:40:38,43.3188400268555,-8.84528827667236,"Unknown"
"7014855",371852,2025-07-13 06:45:38,43.3005065917969,-8.86214256286621,"Unknown"
"7014855",371852,2025-07-13 06:50:38,43.295825958252,-8.86341857910156,"Unknown"
"7014855",371852,2025-07-13 06:55:38,43.2958297729492,-8.8632755279541,"Unknown"
"7014855",371852,2025-07-13 07:00:40,43.2957229614258,-8.86345386505127,"Unknown"
"7014855",371852,2025-07-13 07:05:41,43.2924270629883,-8.8616886138916,"Unknown"
"7014855",371852,2025-07-13 07:10:39,43.2824287414551,-8.84339809417725,"Unknown"
"7014855",371852,2025-07-13 07:15:38,43.2649078369141,-8.83006286621094,"Unknown"
"7014855",371852,2025-07-13 07:20:38,43.2519454956055,-8.81916999816895,"Unknown"
"7014855",371852,2025-07-13 07:25:38,43.2542495727539,-8.78533840179443,"Unknown"
"7014855",371852,2025-07-13 07:30:38,43.2584457397461,-8.75527381896973,"Unknown"
"7014855",371852,2025-07-13 07:35:38,43.2478408813477,-8.72641944885254,"Unknown"
"7014855",371852,2025-07-13 07:40:38,43.2327194213867,-8.69350242614746,"Unknown"
"7014855",371852,2025-07-13 07:46:05,43.2290916442871,-8.64933586120605,"Unknown"
"7014855",371852,2025-07-13 07:50:39,43.2316780090332,-8.62527179718018,"Unknown"
"7014855",371852,2025-07-13 07:55:37,43.2220802307129,-8.59350204467773,"Unknown"
"7014855",371852,2025-07-13 08:00:39,43.2035484313965,-8.58278465270996,"Unknown"
"7014855",371852,2025-07-13 08:05:38,43.1832084655762,-8.57339859008789,"Unknown"
"7014855",371852,2025-07-13 08:10:37,43.1833190917969,-8.56986331939697,"Unknown"
"7014855",371852,2025-07-13 08:15:38,43.1700401306152,-8.5475492477417,"Unknown"
"7014855",371852,2025-07-13 08:20:38,43.1547393798828,-8.52158069610596,"Unknown"
"7014855",371852,2025-07-13 08:25:38,43.1354942321777,-8.4934139251709,"Unknown"
"7014855",371852,2025-07-13 08:30:38,43.130786895752,-8.47293090820312,"Unknown"
"7014855",371852,2025-07-13 08:35:41,43.1303825378418,-8.47239589691162,"Unknown"
"7014855",371852,2025-07-13 08:40:39,43.1302223205566,-8.47237873077393,"Unknown"
"7014855",371852,2025-07-13 08:45:39,43.1303176879883,-8.47229480743408,"Unknown"
"7014855",371852,2025-07-13 08:50:40,43.1301155090332,-8.47179222106934,"Unknown"
"7014855",371852,2025-07-13 08:55:39,43.1300315856934,-8.47238540649414,"Unknown"
"7014855",371852,2025-07-13 09:00:40,43.1299743652344,-8.47261333465576,"Unknown"
"7014855",371852,2025-07-13 09:05:39,43.1300430297852,-8.4725284576416,"Unknown"
"7014855",371852,2025-07-13 09:10:39,43.1307220458984,-8.47070503234863,"Unknown"
"7014855",371852,2025-07-13 09:15:40,43.1333160400391,-8.47073459625244,"Unknown"
"7014855",371852,2025-07-13 09:20:44,43.1347465515137,-8.46898078918457,"Unknown"
"7014855",371852,2025-07-13 09:25:38,43.1337547302246,-8.47081565856934,"Unknown"
"7014855",371852,2025-07-13 09:30:38,43.1343803405762,-8.46986961364746,"Unknown"
"7014855",371852,2025-07-13 09:35:48,43.133171081543,-8.47001266479492,"Unknown"
"7014855",371852,2025-07-13 09:40:40,43.1303100585938,-8.47226524353027,"Unknown"
"7014855",371852,2025-07-13 09:45:49,43.1303100585938,-8.4718542098999,"Unknown"
"7014855",371852,2025-07-13 09:50:52,43.1311950683594,-8.47156524658203,"Unknown"
"7014855",371852,2025-07-13 09:55:48,43.1304397583008,-8.47170257568359,"Unknown"
"7014855",371852,2025-07-13 10:00:50,43.1304244995117,-8.47178745269775,"Unknown"
"7014855",371852,2025-07-13 10:06:05,43.1303062438965,-8.47224235534668,"Unknown"
"7014855",371852,2025-07-13 10:10:49,43.1310920715332,-8.47280406951904,"Unknown"
"7014855",371852,2025-07-13 10:15:48,43.1302032470703,-8.47210025787354,"Unknown"
"7014855",371852,2025-07-13 10:20:40,43.1302528381348,-8.47225666046143,"Unknown"
"7014855",371852,2025-07-13 10:25:43,43.1380424499512,-8.48573970794678,"Unknown"
"7014855",371852,2025-07-13 10:30:39,43.1502418518066,-8.49371242523193,"Unknown"
"7014855",371852,2025-07-13 10:35:48,43.1680564880371,-8.50638580322266,"Unknown"
"7014855",371852,2025-07-13 10:40:48,43.1817016601562,-8.53714752197266,"Unknown"
"7014855",371852,2025-07-13 10:45:41,43.1941757202148,-8.56839847564697,"Unknown"
"7014855",371852,2025-07-13 10:50:39,43.2110137939453,-8.59791946411133,"Unknown"
"7014855",371852,2025-07-13 10:55:48,43.2290802001953,-8.6019115447998,"Unknown"
"7014855",371852,2025-07-13 11:00:38,43.2449264526367,-8.62691020965576,"Unknown"
"7014855",371852,2025-07-13 11:05:46,43.2696495056152,-8.65750408172607,"Unknown"
"7014855",371852,2025-07-13 11:10:38,43.2906723022461,-8.70156383514404,"Unknown"
"7014855",371852,2025-07-13 11:15:48,43.3125419616699,-8.7530517578125,"Unknown"
"7014855",371852,2025-07-13 11:20:38,43.3247451782227,-8.76938724517822,"Unknown"
"7014855",371852,2025-07-13 11:26:14,43.326000213623,-8.80221557617188,"Unknown"
"7014855",371852,2025-07-13 11:30:38,43.3362236022949,-8.82009029388428,"Unknown"
"7014855",371852,2025-07-13 11:35:38,43.352611541748,-8.83495140075684,"Unknown"
"7014855",371852,2025-07-13 11:40:57,43.3601188659668,-8.84305191040039,"Unknown"
"7014855",371852,2025-07-13 11:45:41,43.359504699707,-8.84385395050049,"Unknown"
"7014855",371852,2025-07-13 11:50:54,43.3600311279297,-8.84329509735107,"Unknown"
"7014855",371852,2025-07-13 11:56:05,43.3600120544434,-8.84316825866699,"Unknown"
"7014855",371852,2025-07-13 12:00:38,43.359245300293,-8.84399795532227,"Unknown"
"7014855",371852,2025-07-13 12:05:38,43.3599433898926,-8.84326362609863,"Unknown"
"7014855",371852,2025-07-13 12:10:39,43.3604888916016,-8.84344005584717,"Unknown"
"7014855",371852,2025-07-13 12:15:40,43.3594398498535,-8.84437370300293,"Unknown"
"7014855",371852,2025-07-13 12:20:38,43.3600387573242,-8.84317970275879,"Unknown"
"7014855",371852,2025-07-13 12:25:38,43.3600578308105,-8.84321403503418,"Unknown"
"7014855",371852,2025-07-13 12:30:40,43.3600196838379,-8.8430700302124,"Unknown"
"7014855",371852,2025-07-13 12:35:41,43.3591156005859,-8.84334182739258,"Unknown"
"7014855",371852,2025-07-13 12:40:49,43.3598976135254,-8.84325313568115,"Unknown"
"7014855",371852,2025-07-13 12:45:40,43.3599662780762,-8.84326457977295,"Unknown"
"7014855",371852,2025-07-13 12:50:40,43.3564796447754,-8.83917427062988,"Unknown"
"7014855",371852,2025-07-13 12:55:38,43.3330535888672,-8.79440498352051,"Unknown"
"7014855",371852,2025-07-13 13:00:38,43.3206520080566,-8.75381565093994,"Unknown"
"7014855",371852,2025-07-13 13:05:39,43.2926368713379,-8.70671367645264,"Unknown"
"7014855",371852,2025-07-13 13:10:41,43.2920265197754,-8.69761276245117,"Unknown"
"7014855",371852,2025-07-13 13:15:38,43.2924766540527,-8.6990327835083,"Unknown"
"7014855",371852,2025-07-13 13:20:38,43.2924880981445,-8.69884395599365,"Unknown"
"7014855",371852,2025-07-13 13:25:39,43.3062438964844,-8.66868019104004,"Unknown"
"7014855",371852,2025-07-13 13:30:40,43.315559387207,-8.62955188751221,"Unknown"
"7014855",371852,2025-07-13 13:35:38,43.3269882202148,-8.5919361114502,"Unknown"
"7014855",371852,2025-07-13 13:40:41,43.3382873535156,-8.55486583709717,"Unknown"
"7014855",371852,2025-07-13 13:46:05,43.3458366394043,-8.53397274017334,"Unknown"
"7014855",371852,2025-07-13 13:50:40,43.3458709716797,-8.53399085998535,"Unknown"
"7014855",371852,2025-07-13 13:55:42,43.3464126586914,-8.53285217285156,"Unknown"
"7014855",371852,2025-07-13 14:00:39,43.3454170227051,-8.53351497650146,"Unknown"
"7014855",371852,2025-07-13 14:05:40,43.3458976745605,-8.53393459320068,"Unknown"
"7014855",371852,2025-07-13 14:11:05,43.3550872802734,-8.51136493682861,"Unknown"
"7014855",371852,2025-07-13 14:15:38,43.3579711914062,-8.48644733428955,"Unknown"
"7014855",371852,2025-07-13 14:20:42,43.35205078125,-8.47889804840088,"Unknown"
"7014855",371852,2025-07-13 14:25:38,43.3560218811035,-8.47250747680664,"Unknown"
"7014855",371852,2025-07-13 14:30:40,43.3583717346191,-8.45957279205322,"Unknown"
"7014855",371852,2025-07-13 14:35:38,43.3543434143066,-8.45837688446045,"Unknown"
"7014855",371852,2025-07-13 15:10:49,43.3536834716797,-8.45894622802734,"Unknown"
"7014855",371852,2025-07-13 15:15:43,43.3535957336426,-8.45957183837891,"Unknown"
"7014855",371852,2025-07-13 15:22:01,43.3555717468262,-8.45828342437744,"Unknown"
"7014855",371852,2025-07-13 15:41:18,43.3535346984863,-8.45870208740234,"Unknown"
"7014855",371852,2025-07-13 15:45:42,43.3398246765137,-8.45341491699219,"Unknown"
"7014855",371852,2025-07-13 15:50:39,43.3401107788086,-8.45403099060059,"Unknown"
"7014855",371852,2025-07-13 15:55:38,43.342212677002,-8.44857597351074,"Unknown"
"7014855",371852,2025-07-13 16:00:39,43.3450813293457,-8.44228553771973,"Unknown"
"7014855",371852,2025-07-13 16:05:40,43.3450088500977,-8.44210624694824,"Unknown"
"7014855",371852,2025-07-13 16:10:39,43.3448524475098,-8.44262599945068,"Unknown"
"7014855",371852,2025-07-13 16:15:40,43.3449630737305,-8.44253158569336,"Unknown"
"7014855",371852,2025-07-13 16:20:39,43.3450927734375,-8.44219970703125,"Unknown"
"7014855",371852,2025-07-13 16:25:39,43.3451499938965,-8.44239139556885,"Unknown"
"7014855",371852,2025-07-13 16:30:40,43.3451042175293,-8.44228839874268,"Unknown"
"7014855",371852,2025-07-13 16:35:38,43.3505516052246,-8.43815231323242,"Unknown"
"7014855",371852,2025-07-13 16:40:39,43.3543739318848,-8.4548978805542,"Unknown"
"7014855",371852,2025-07-13 16:45:38,43.3564682006836,-8.45804023742676,"Unknown"
"7014855",371852,2025-07-13 16:50:38,43.3564491271973,-8.4580249786377,"Unknown"
"7014855",371852,2025-07-13 16:55:38,43.3563995361328,-8.45798492431641,"Unknown"
"7014855",371852,2025-07-13 17:00:38,43.3563995361328,-8.45806312561035,"Unknown"
"7014855",371852,2025-07-13 17:05:39,43.3563919067383,-8.45800399780273,"Unknown"
"7014855",371852,2025-07-13 17:10:39,43.3564491271973,-8.45799160003662,"Unknown"
"7014855",371852,2025-07-13 17:51:02,43.3540153503418,-8.45858192443848,"Unknown"
"7014855",371852,2025-07-13 17:55:39,43.3541145324707,-8.45863628387451,"Unknown"
"7014855",371852,2025-07-13 18:00:38,43.3471603393555,-8.44962310791016,"Unknown"
"7014855",371852,2025-07-13 18:05:39,43.3527603149414,-8.42911720275879,"Unknown"
"7014855",371852,2025-07-13 18:10:38,43.3641929626465,-8.39637279510498,"Unknown"
"7014855",371852,2025-07-13 18:15:39,43.3674468994141,-8.39816856384277,"Unknown"
"7014855",371852,2025-07-13 18:20:41,43.366813659668,-8.39699077606201,"Unknown"
"7014855",371852,2025-07-13 18:25:39,43.3668060302734,-8.39602565765381,"Unknown"
"7014855",371852,2025-07-13 18:30:38,43.3668670654297,-8.39591789245605,"Unknown"
"7014855",371852,2025-07-13 18:35:41,43.3663749694824,-8.39684295654297,"Unknown"
"7014855",371852,2025-07-13 18:40:42,43.366641998291,-8.39516544342041,"Unknown"
"7014855",371852,2025-07-13 18:45:48,43.3660659790039,-8.39555835723877,"Unknown"
"7014855",371852,2025-07-13 18:50:39,43.3667030334473,-8.39552021026611,"Unknown"
"7014855",371852,2025-07-13 18:55:39,43.3666877746582,-8.39463901519775,"Unknown"
"7014855",371852,2025-07-13 19:00:39,43.3668479919434,-8.39428806304932,"Unknown"
"7014855",371852,2025-07-13 19:05:39,43.3667602539062,-8.39444065093994,"Unknown"
"7014855",371852,2025-07-13 19:10:39,43.3667602539062,-8.39440059661865,"Unknown"
"7014855",371852,2025-07-13 19:15:41,43.3593902587891,-8.39707851409912,"Unknown"
"7014855",371852,2025-07-13 19:20:38,43.3633842468262,-8.41103363037109,"Unknown"
"7014855",371852,2025-07-13 19:25:38,43.3562088012695,-8.42792129516602,"Unknown"
"7014855",371852,2025-07-13 19:30:38,43.3500747680664,-8.44018173217773,"Unknown"
"7014855",371852,2025-07-13 19:35:38,43.3509368896484,-8.45442390441895,"Unknown"
"7014855",371852,2025-07-13 19:56:34,43.3516883850098,-8.454833984375,"Unknown"
"7014855",371852,2025-07-13 20:00:39,43.337963104248,-8.44840240478516,"Unknown"
"7014855",371852,2025-07-13 20:05:43,43.3404541015625,-8.45304584503174,"Unknown"
"7014855",371852,2025-07-13 20:10:40,43.3486938476562,-8.4299783706665,"Unknown"
"7014855",371852,2025-07-13 20:15:38,43.3625183105469,-8.39507675170898,"Unknown"
"7014855",371852,2025-07-13 20:20:39,43.3625869750977,-8.39510250091553,"Unknown"
"7014855",371852,2025-07-13 20:25:39,43.3624496459961,-8.3961820602417,"Unknown"
"7014855",371852,2025-07-13 20:30:39,43.3626441955566,-8.39608192443848,"Unknown"
"7014855",371852,2025-07-13 20:35:38,43.3610420227051,-8.40006446838379,"Unknown"
"7014855",371852,2025-07-13 20:40:40,43.3601226806641,-8.3988561630249,"Unknown"
"7014855",371852,2025-07-13 20:45:40,43.3594169616699,-8.39944553375244,"Unknown"
"7014855",371852,2025-07-13 20:50:38,43.3595962524414,-8.39972686767578,"Unknown"
"7014855",371852,2025-07-13 20:55:38,43.3597373962402,-8.4002571105957,"Unknown"
"7014855",371852,2025-07-13 21:00:38,43.3595390319824,-8.39884567260742,"Unknown"
"7014855",371852,2025-07-13 21:05:39,43.359935760498,-8.3974084854126,"Unknown"
"7014855",371852,2025-07-13 21:10:45,43.3599166870117,-8.39875984191895,"Unknown"
"7014855",371852,2025-07-13 21:15:41,43.3589630126953,-8.39961338043213,"Unknown"
"7014855",371852,2025-07-13 21:20:39,43.3587646484375,-8.39937973022461,"Unknown"
"7014855",371852,2025-07-13 21:25:40,43.3588409423828,-8.39903163909912,"Unknown"
"7014855",371852,2025-07-13 21:30:38,43.3587265014648,-8.39980792999268,"Unknown"
"7014855",371852,2025-07-13 21:35:38,43.3586692810059,-8.39965057373047,"Unknown"
"7014855",371852,2025-07-13 21:40:41,43.358715057373,-8.39958763122559,"Unknown"
"7014855",371852,2025-07-13 21:45:39,43.358715057373,-8.39926147460938,"Unknown"
"7014855",371852,2025-07-13 21:50:38,43.3588790893555,-8.39879035949707,"Unknown"
"7014855",371852,2025-07-13 21:55:39,43.3587036132812,-8.39946937561035,"Unknown"
"7014855",371852,2025-07-13 22:00:41,43.3588714599609,-8.398850440979,"Unknown"
"7014855",371852,2025-07-13 22:05:40,43.3588333129883,-8.39934349060059,"Unknown"
"7014855",371852,2025-07-13 22:10:43,43.358829498291,-8.39849185943604,"Unknown"
"7014855",371852,2025-07-13 22:15:42,43.3589096069336,-8.39857864379883,"Unknown"
"7014855",371852,2025-07-13 22:20:39,43.3589553833008,-8.39822673797607,"Unknown"
"7014855",371852,2025-07-13 22:25:52,43.3591117858887,-8.39798927307129,"Unknown"
"7014855",371852,2025-07-13 22:30:48,43.3591728210449,-8.3982515335083,"Unknown"
"7014855",371852,2025-07-13 22:35:39,43.3587837219238,-8.39810371398926,"Unknown"
"7014855",371852,2025-07-13 22:40:48,43.3591117858887,-8.39833450317383,"Unknown"
"7014855",371852,2025-07-13 22:45:48,43.3591766357422,-8.39792442321777,"Unknown"
"7014855",371852,2025-07-13 22:50:47,43.3590812683105,-8.39788150787354,"Unknown"
"7014855",371852,2025-07-13 22:55:41,43.3588066101074,-8.39807510375977,"Unknown"
"7014855",371852,2025-07-13 23:00:39,43.3650817871094,-8.40077304840088,"Unknown"
"7014855",371852,2025-07-13 23:05:42,43.3665885925293,-8.3966760635376,"Unknown"
"7014855",371852,2025-07-13 23:10:41,43.3666152954102,-8.39646244049072,"Unknown"
"7014855",371852,2025-07-13 23:15:41,43.3669662475586,-8.39633083343506,"Unknown"
"7014855",371852,2025-07-13 23:20:41,43.3669128417969,-8.39646148681641,"Unknown"
"7014855",371852,2025-07-13 23:25:41,43.3670196533203,-8.39627552032471,"Unknown"
"7014855",371852,2025-07-13 23:30:40,43.3670425415039,-8.39639186859131,"Unknown"
"7014855",371852,2025-07-13 23:35:42,43.3669929504395,-8.39639568328857,"Unknown"
"7014855",371852,2025-07-13 23:40:41,43.3669891357422,-8.3964262008667,"Unknown"
"7014855",371852,2025-07-13 23:45:39,43.366943359375,-8.39639282226562,"Unknown"
"7014855",371852,2025-07-13 23:50:40,43.366813659668,-8.39624118804932,"Unknown"
"7014855",371852,2025-07-13 23:55:41,43.3669357299805,-8.39637184143066,"Unknown"
"7014855",371852,2025-07-14 00:00:40,43.3669395446777,-8.39636516571045,"Unknown"
"7014855",371852,2025-07-14 00:05:39,43.3669395446777,-8.39620685577393,"Unknown"
"7014855",371852,2025-07-14 00:10:40,43.3670845031738,-8.39632511138916,"Unknown"
"7014855",371852,2025-07-14 00:15:40,43.3669548034668,-8.39653873443604,"Unknown"
"7014855",371852,2025-07-14 00:20:51,43.3673057556152,-8.39643287658691,"Unknown"
"7014855",371852,2025-07-14 00:25:40,43.3670272827148,-8.39620208740234,"Unknown"
"7014855",371852,2025-07-14 00:30:45,43.3672561645508,-8.39662265777588,"Unknown"
"7014855",371852,2025-07-14 00:35:42,43.3667488098145,-8.39619922637939,"Unknown"
"7014855",371852,2025-07-14 00:40:39,43.3660507202148,-8.40193271636963,"Unknown"
"7014855",371852,2025-07-14 00:45:39,43.3661193847656,-8.40197658538818,"Unknown"
"7014855",371852,2025-07-14 00:50:39,43.3589668273926,-8.39990901947021,"Unknown"
"7014855",371852,2025-07-14 00:55:48,43.359188079834,-8.39999771118164,"Unknown"
"7014855",371852,2025-07-14 01:00:43,43.3590621948242,-8.40002918243408,"Unknown"
"7014855",371852,2025-07-14 01:05:42,43.3589668273926,-8.39980602264404,"Unknown"
"7014855",371852,2025-07-14 01:10:40,43.3590354919434,-8.39989280700684,"Unknown"
"7014855",371852,2025-07-14 01:15:41,43.3590888977051,-8.3999719619751,"Unknown"
"7014855",371852,2025-07-14 01:20:39,43.3590316772461,-8.39984130859375,"Unknown"
"7014855",371852,2025-07-14 01:25:39,43.3590278625488,-8.39985084533691,"Unknown"
"7014855",371852,2025-07-14 01:30:39,43.3589324951172,-8.39972877502441,"Unknown"
"7014855",371852,2025-07-14 01:35:39,43.3587799072266,-8.39950847625732,"Unknown"
"7014855",371852,2025-07-14 01:40:39,43.3591690063477,-8.39998245239258,"Unknown"
"7014855",371852,2025-07-14 01:45:42,43.359130859375,-8.39994239807129,"Unknown"
"7014855",371852,2025-07-14 01:50:40,43.3587951660156,-8.39956092834473,"Unknown"
"7014855",371852,2025-07-14 01:55:39,43.3590316772461,-8.39979457855225,"Unknown"
"7014855",371852,2025-07-14 02:00:40,43.3591384887695,-8.39988708496094,"Unknown"
"7014855",371852,2025-07-14 02:05:41,43.3592567443848,-8.396897315979,"Unknown"
"7014855",371852,2025-07-14 02:10:39,43.3591918945312,-8.39992523193359,"Unknown"
"7014855",371852,2025-07-14 02:15:41,43.3606376647949,-8.4019947052002,"Unknown"
"7014855",371852,2025-07-14 02:20:41,43.3575859069824,-8.39868927001953,"Unknown"
"7014855",371852,2025-07-14 02:25:40,43.3576736450195,-8.39858436584473,"Unknown"
"7014855",371852,2025-07-14 02:30:40,43.3578872680664,-8.39884185791016,"Unknown"
"7014855",371852,2025-07-14 02:35:40,43.3581161499023,-8.39895725250244,"Unknown"
"7014855",371852,2025-07-14 02:40:40,43.357608795166,-8.4050178527832,"Unknown"
"7014855",371852,2025-07-14 02:45:48,43.359432220459,-8.40012645721436,"Unknown"
"7014855",371852,2025-07-14 02:50:47,43.3590621948242,-8.39980411529541,"Unknown"
"7014855",371852,2025-07-14 02:55:48,43.3588180541992,-8.4002685546875,"Unknown"
"7014855",371852,2025-07-14 03:00:40,43.3590049743652,-8.39985370635986,"Unknown"
"7014855",371852,2025-07-14 03:05:42,43.359058380127,-8.39982223510742,"Unknown"
"7014855",371852,2025-07-14 03:10:41,43.359001159668,-8.39982318878174,"Unknown"
"7014855",371852,2025-07-14 03:15:39,43.3591766357422,-8.3997917175293,"Unknown"
"7014855",371852,2025-07-14 03:20:38,43.3591613769531,-8.39979934692383,"Unknown"
"7014855",371852,2025-07-14 03:25:38,43.3591613769531,-8.39982128143311,"Unknown"
"7014855",371852,2025-07-14 03:30:38,43.3591613769531,-8.39986801147461,"Unknown"
"7014855",371852,2025-07-14 03:35:38,43.3592147827148,-8.39985466003418,"Unknown"
"7014855",371852,2025-07-14 03:40:39,43.3591804504395,-8.39985752105713,"Unknown"
"7014855",371852,2025-07-14 03:45:39,43.3591804504395,-8.39982509613037,"Unknown"
"7014855",371852,2025-07-14 03:50:38,43.3592224121094,-8.39985466003418,"Unknown"
"7014855",371852,2025-07-14 03:55:38,43.359245300293,-8.39983749389648,"Unknown"
"7014855",371852,2025-07-14 04:00:39,43.359188079834,-8.39968109130859,"Unknown"
"7014855",371852,2025-07-14 04:05:40,43.3593521118164,-8.39991855621338,"Unknown"
"7014855",371852,2025-07-14 04:10:39,43.3592872619629,-8.39985656738281,"Unknown"
"7014855",371852,2025-07-14 04:15:39,43.3593368530273,-8.39991474151611,"Unknown"
"7014855",371852,2025-07-14 04:20:39,43.3593711853027,-8.39982032775879,"Unknown"
"7014855",371852,2025-07-14 04:25:39,43.3593597412109,-8.39992332458496,"Unknown"
"7014855",371852,2025-07-14 04:30:39,43.3594017028809,-8.39980983734131,"Unknown"
"7014855",371852,2025-07-14 04:35:39,43.3594703674316,-8.39969635009766,"Unknown"
"7014855",371852,2025-07-14 04:40:39,43.3594551086426,-8.39970684051514,"Unknown"
"7014855",371852,2025-07-14 04:45:39,43.3594703674316,-8.39967823028564,"Unknown"
"7014855",371852,2025-07-14 04:50:39,43.3595161437988,-8.39952945709229,"Unknown"
"7014855",371852,2025-07-14 04:55:46,43.3594284057617,-8.39990234375,"Unknown"
"7014855",371852,2025-07-14 05:00:39,43.3596076965332,-8.3997631072998,"Unknown"
"7014855",371852,2025-07-14 05:05:42,43.3594436645508,-8.3997974395752,"Unknown"
"7014855",371852,2025-07-14 05:10:42,43.3595237731934,-8.3997974395752,"Unknown"
"7014855",371852,2025-07-14 05:15:48,43.3598442077637,-8.39969253540039,"Unknown"
"7014855",371852,2025-07-14 05:20:48,43.3558654785156,-8.41396141052246,"Unknown"
"7014855",371852,2025-07-14 05:25:39,43.3513603210449,-8.44193840026855,"Unknown"
"7014855",371852,2025-07-14 05:30:41,43.3520393371582,-8.44920444488525,"Unknown"
"7014855",371852,2025-07-14 05:36:54,43.3545570373535,-8.45819664001465,"Unknown"
"7014855",371852,2025-07-14 05:40:45,43.3545341491699,-8.45823574066162,"Unknown"
"7014855",371852,2025-07-14 05:46:59,43.3540191650391,-8.45848751068115,"Unknown"
"7014855",371852,2025-07-14 05:50:38,43.3531303405762,-8.45786762237549,"Unknown"
"7014855",371852,2025-07-14 05:55:45,43.3540458679199,-8.45815467834473,"Unknown"
"7014855",371852,2025-07-14 06:00:46,43.354133605957,-8.45830154418945,"Unknown"
"7014855",371852,2025-07-14 06:05:43,43.3540802001953,-8.45841979980469,"Unknown"
"7014855",371852,2025-07-14 06:10:41,43.3538627624512,-8.45773124694824,"Unknown"
"7014855",371852,2025-07-14 06:15:42,43.3541145324707,-8.45830535888672,"Unknown"
"7014855",371852,2025-07-14 06:21:01,43.3540916442871,-8.45853805541992,"Unknown"
"7014855",371852,2025-07-14 06:25:55,43.3538856506348,-8.45892715454102,"Unknown"
"7014855",371852,2025-07-14 06:30:56,43.3536415100098,-8.4590015411377,"Unknown"
"7014855",371852,2025-07-14 06:35:55,43.3540878295898,-8.4587574005127,"Unknown"
"7014855",371852,2025-07-14 06:40:51,43.3539047241211,-8.45852279663086,"Unknown"
"7014855",371852,2025-07-14 06:45:43,43.3538589477539,-8.45860385894775,"Unknown"
"7014855",371852,2025-07-14 06:50:38,43.3543090820312,-8.45727443695068,"Unknown"
"7014855",371852,2025-07-14 06:55:39,43.3545532226562,-8.45775890350342,"Unknown"
"7014855",371852,2025-07-14 07:00:38,43.3544692993164,-8.45749092102051,"Unknown"
"7014855",371852,2025-07-14 07:05:40,43.3547668457031,-8.45817089080811,"Unknown"
"7014855",371852,2025-07-14 07:10:50,43.3536376953125,-8.45860481262207,"Unknown"
"7014855",371852,2025-07-14 07:16:35,43.3537101745605,-8.45876884460449,"Unknown"
"7014855",371852,2025-07-14 07:20:50,43.3536376953125,-8.45884895324707,"Unknown"
"7014855",371852,2025-07-14 07:25:38,43.3488883972168,-8.45244979858398,"Unknown"
"7014855",371852,2025-07-14 07:30:40,43.3473663330078,-8.45986747741699,"Unknown"
"7014855",371852,2025-07-14 07:35:38,43.3525848388672,-8.50532150268555,"Unknown"
"7014855",371852,2025-07-14 07:40:38,43.3468132019043,-8.54392433166504,"Unknown"
"7014855",371852,2025-07-14 07:45:38,43.3444557189941,-8.58641338348389,"Unknown"
"7014855",371852,2025-07-14 07:50:39,43.3428153991699,-8.62924194335938,"Unknown"
"7014855",371852,2025-07-14 07:55:38,43.3474197387695,-8.6727991104126,"Unknown"
"7014855",371852,2025-07-14 08:00:38,43.3524017333984,-8.71609210968018,"Unknown"
"7014855",371852,2025-07-14 08:05:38,43.3547782897949,-8.75471687316895,"Unknown"
"7014855",371852,2025-07-14 08:10:41,43.3574867248535,-8.78955268859863,"Unknown"
"7014855",371852,2025-07-14 08:15:38,43.3609657287598,-8.82786178588867,"Unknown"
"7014855",371852,2025-07-14 08:20:41,43.3601951599121,-8.84335517883301,"Unknown"
"7014855",371852,2025-07-14 08:25:40,43.3600463867188,-8.84305381774902,"Unknown"
"7014855",371852,2025-07-14 08:30:42,43.3600807189941,-8.84311294555664,"Unknown"
"7014855",371852,2025-07-14 08:35:42,43.3598709106445,-8.84352207183838,"Unknown"
"7014855",371852,2025-07-14 08:40:39,43.3601531982422,-8.84325695037842,"Unknown"
"7014855",371852,2025-07-14 08:45:39,43.3605651855469,-8.84374904632568,"Unknown"
"7014855",371852,2025-07-14 08:50:49,43.3607482910156,-8.84346866607666,"Unknown"
"7014855",371852,2025-07-14 08:55:48,43.3607902526855,-8.84278774261475,"Unknown"
"7014855",371852,2025-07-14 09:00:39,43.3605308532715,-8.84382057189941,"Unknown"
"7014855",371852,2025-07-14 09:05:45,43.3607215881348,-8.8436336517334,"Unknown"
"7014855",371852,2025-07-14 09:10:41,43.3605499267578,-8.8437385559082,"Unknown"
"7014855",371852,2025-07-14 09:15:40,43.3605155944824,-8.84374141693115,"Unknown"
"7014855",371852,2025-07-14 09:20:50,43.3574180603027,-8.84589767456055,"Unknown"
"7014855",371852,2025-07-14 09:25:39,43.339225769043,-8.82884693145752,"Unknown"
"7014855",371852,2025-07-14 09:30:39,43.3382949829102,-8.82903099060059,"Unknown"
"7014855",371852,2025-07-14 09:35:38,43.3383369445801,-8.82885360717773,"Unknown"
"7014855",371852,2025-07-14 09:40:43,43.3383941650391,-8.82907485961914,"Unknown"
"7014855",371852,2025-07-14 09:45:38,43.338249206543,-8.82890605926514,"Unknown"
"7014855",371852,2025-07-14 09:50:44,43.3388824462891,-8.83030223846436,"Unknown"
"7014855",371852,2025-07-14 09:55:38,43.3320388793945,-8.8299036026001,"Unknown"
"7014855",371852,2025-07-14 10:00:38,43.3222808837891,-8.8451976776123,"Unknown"
"7014855",371852,2025-07-14 10:05:39,43.3080406188965,-8.8552770614624,"Unknown"
"7014855",371852,2025-07-14 10:10:41,43.2930107116699,-8.86429309844971,"Unknown"
"7014855",371852,2025-07-14 10:15:38,43.2949256896973,-8.86386203765869,"Unknown"
"7014855",371852,2025-07-14 10:20:38,43.2925415039062,-8.86222648620605,"Unknown"
"7014855",371852,2025-07-14 10:25:40,43.2987327575684,-8.86330795288086,"Unknown"
"7014855",371852,2025-07-14 10:30:38,43.3066101074219,-8.86087989807129,"Unknown"
"7014855",371852,2025-07-14 10:35:38,43.3256034851074,-8.85928535461426,"Unknown"
"7014855",371852,2025-07-14 10:40:38,43.3258895874023,-8.85176944732666,"Unknown"
"7014855",371852,2025-07-14 10:45:40,43.3259391784668,-8.84903049468994,"Unknown"
"7014855",371852,2025-07-14 10:50:41,43.3270797729492,-8.84957122802734,"Unknown"
"7014855",371852,2025-07-14 10:55:38,43.3540878295898,-8.84440612792969,"Unknown"
"7014855",371852,2025-07-14 11:00:39,43.3611488342285,-8.8486967086792,"Unknown"
"7014855",371852,2025-07-14 11:05:42,43.3608322143555,-8.84315586090088,"Unknown"
"7014855",371852,2025-07-14 11:11:02,43.3601036071777,-8.84271717071533,"Unknown"
"7014855",371852,2025-07-14 11:15:38,43.3604431152344,-8.84293174743652,"Unknown"
"7014855",371852,2025-07-14 11:20:39,43.3599472045898,-8.84276390075684,"Unknown"
"7014855",371852,2025-07-14 11:25:41,43.3598709106445,-8.84306240081787,"Unknown"
"7014855",371852,2025-07-14 11:30:42,43.360221862793,-8.84305953979492,"Unknown"
"7014855",371852,2025-07-14 11:35:42,43.3598861694336,-8.84310150146484,"Unknown"
"7014855",371852,2025-07-14 11:40:39,43.3603134155273,-8.84304809570312,"Unknown"
"7014855",371852,2025-07-14 11:45:40,43.359920501709,-8.84299659729004,"Unknown"
"7014855",371852,2025-07-14 11:50:48,43.3600730895996,-8.84298038482666,"Unknown"
"7014855",371852,2025-07-14 11:55:43,43.3600158691406,-8.84300994873047,"Unknown"
"7014855",371852,2025-07-14 12:00:40,43.3599510192871,-8.84292507171631,"Unknown"
"7014855",371852,2025-07-14 12:05:45,43.3601760864258,-8.84282493591309,"Unknown"
"7014855",371852,2025-07-14 12:10:41,43.3600234985352,-8.84292411804199,"Unknown"
"7014855",371852,2025-07-14 12:15:40,43.3600616455078,-8.84294509887695,"Unknown"
"7014855",371852,2025-07-14 12:20:39,43.3600883483887,-8.84298992156982,"Unknown"
"7014855",371852,2025-07-14 12:25:39,43.3602104187012,-8.8429069519043,"Unknown"
"7014855",371852,2025-07-14 12:30:39,43.360179901123,-8.84316349029541,"Unknown"
"7014855",371852,2025-07-14 12:35:43,43.3601913452148,-8.84298229217529,"Unknown"
"7014855",371852,2025-07-14 12:40:39,43.3602294921875,-8.8432559967041,"Unknown"
"7014855",371852,2025-07-14 12:45:39,43.3533020019531,-8.84536743164062,"Unknown"
"7014855",371852,2025-07-14 12:50:42,43.3569831848145,-8.84682846069336,"Unknown"
"7014855",371852,2025-07-14 12:55:55,43.3570251464844,-8.84676933288574,"Unknown"
"7014855",371852,2025-07-14 13:00:40,43.3571929931641,-8.8469123840332,"Unknown"
"7014855",371852,2025-07-14 13:05:41,43.3570709228516,-8.84688949584961,"Unknown"
"7014855",371852,2025-07-14 13:10:43,43.3569869995117,-8.84670257568359,"Unknown"
"7014855",371852,2025-07-14 13:15:50,43.3568458557129,-8.84674739837646,"Unknown"
"7014855",371852,2025-07-14 13:20:41,43.3570976257324,-8.84691047668457,"Unknown"
"7014855",371852,2025-07-14 13:25:41,43.3570365905762,-8.84682464599609,"Unknown"
"7014855",371852,2025-07-14 13:30:41,43.3573455810547,-8.84698581695557,"Unknown"
"7014855",371852,2025-07-14 13:35:49,43.3555908203125,-8.84655666351318,"Unknown"
"7014855",371852,2025-07-14 13:40:54,43.3548202514648,-8.84614372253418,"Unknown"
"7014855",371852,2025-07-14 13:46:35,43.3567886352539,-8.84679794311523,"Unknown"
"7014855",371852,2025-07-14 13:50:39,43.3568725585938,-8.84671592712402,"Unknown"
"7014855",371852,2025-07-14 13:55:41,43.3568992614746,-8.84677600860596,"Unknown"
"7014855",371852,2025-07-14 14:00:45,43.3584213256836,-8.84674835205078,"Unknown"
"7014855",371852,2025-07-14 14:06:17,43.3610610961914,-8.84854602813721,"Unknown"
"7014855",371852,2025-07-14 14:10:42,43.3594779968262,-8.846510887146,"Unknown"
"7014855",371852,2025-07-14 14:15:43,43.3601226806641,-8.8431224822998,"Unknown"
"7014855",371852,2025-07-14 14:20:40,43.3600959777832,-8.84301280975342,"Unknown"
"7014855",371852,2025-07-14 14:25:39,43.3600006103516,-8.84315776824951,"Unknown"
"7014855",371852,2025-07-14 14:30:41,43.3601226806641,-8.84311866760254,"Unknown"
"7014855",371852,2025-07-14 14:35:43,43.3601341247559,-8.8429708480835,"Unknown"
"7014855",371852,2025-07-14 14:40:41,43.3622589111328,-8.84049320220947,"Unknown"
"7014855",371852,2025-07-14 14:45:41,43.3587226867676,-8.84177017211914,"Unknown"
"7014855",371852,2025-07-14 14:50:41,43.3587532043457,-8.84182262420654,"Unknown"
"7014855",371852,2025-07-14 14:55:39,43.3587226867676,-8.84169483184814,"Unknown"
"7014855",371852,2025-07-14 15:01:05,43.3569831848145,-8.84840679168701,"Unknown"
"7014855",371852,2025-07-14 15:05:38,43.3600883483887,-8.84312915802002,"Unknown"
"7014855",371852,2025-07-14 15:10:39,43.3600692749023,-8.84309482574463,"Unknown"
"7014855",371852,2025-07-14 15:15:40,43.3600234985352,-8.84291934967041,"Unknown"
"7014855",371852,2025-07-14 15:20:43,43.3600387573242,-8.84310626983643,"Unknown"
"7014855",371852,2025-07-14 15:25:42,43.3601951599121,-8.8428201675415,"Unknown"
"7014855",371852,2025-07-14 15:30:41,43.3601951599121,-8.84300994873047,"Unknown"
"7014855",371852,2025-07-14 15:35:39,43.3601379394531,-8.84288501739502,"Unknown"
"7014855",371852,2025-07-14 15:40:39,43.3599510192871,-8.84329319000244,"Unknown"
"7014855",371852,2025-07-14 15:45:40,43.3601913452148,-8.8428897857666,"Unknown"
"7014855",371852,2025-07-14 15:52:03,43.3608474731445,-8.84396648406982,"Unknown"
"7014855",371852,2025-07-14 15:57:03,43.3613624572754,-8.84381580352783,"Unknown"
"7014855",371852,2025-07-14 16:02:03,43.3618774414062,-8.84344005584717,"Unknown"
"7014855",371852,2025-07-14 16:07:03,43.36181640625,-8.84349346160889,"Unknown"
"7014855",371852,2025-07-14 16:11:14,43.3610763549805,-8.84403514862061,"Unknown"
"7014855",371852,2025-07-14 16:17:03,43.360767364502,-8.84403610229492,"Unknown"
"7014855",371852,2025-07-14 16:22:03,43.3607292175293,-8.84418106079102,"Unknown"
"7014855",371852,2025-07-14 16:27:03,43.3607139587402,-8.84413051605225,"Unknown"
"7014855",371852,2025-07-14 16:32:03,43.3608207702637,-8.84415149688721,"Unknown"
"7014855",371852,2025-07-14 16:36:23,43.3607902526855,-8.84406471252441,"Unknown"
"7014855",371852,2025-07-14 16:40:46,43.3607597351074,-8.84413528442383,"Unknown"
"7014855",371852,2025-07-14 16:46:30,43.3610191345215,-8.84415245056152,"Unknown"
"7014855",371852,2025-07-14 16:50:40,43.3606910705566,-8.84569263458252,"Unknown"
"7014855",371852,2025-07-14 16:55:39,43.3597106933594,-8.84661865234375,"Unknown"
"7014855",371852,2025-07-14 17:00:41,43.3598327636719,-8.84274864196777,"Unknown"
"7014855",371852,2025-07-14 17:05:40,43.3599662780762,-8.84310913085938,"Unknown"
"7014855",371852,2025-07-14 17:10:40,43.3598785400391,-8.84349632263184,"Unknown"
"7014855",371852,2025-07-14 17:15:43,43.3599128723145,-8.84334278106689,"Unknown"
"7014855",371852,2025-07-14 17:20:48,43.3601531982422,-8.8435230255127,"Unknown"
"7014855",371852,2025-07-14 17:25:40,43.3600540161133,-8.84355354309082,"Unknown"
"7014855",371852,2025-07-14 17:30:42,43.3597259521484,-8.84364891052246,"Unknown"
"7014855",371852,2025-07-14 17:35:40,43.3598098754883,-8.84328174591064,"Unknown"
"7014855",371852,2025-07-14 17:40:47,43.3597984313965,-8.84323883056641,"Unknown"
"7014855",371852,2025-07-14 17:45:41,43.3598327636719,-8.8430814743042,"Unknown"
"7014855",371852,2025-07-14 17:50:45,43.3598670959473,-8.84337329864502,"Unknown"
"7014855",371852,2025-07-14 17:56:05,43.3601455688477,-8.84305095672607,"Unknown"
"7014855",371852,2025-07-14 18:00:40,43.3599624633789,-8.84323310852051,"Unknown"
"7014855",371852,2025-07-14 18:05:40,43.3600006103516,-8.84324359893799,"Unknown"
"7014855",371852,2025-07-14 18:10:41,43.3600883483887,-8.84308052062988,"Unknown"
"7014855",371852,2025-07-14 18:15:40,43.3600120544434,-8.84287357330322,"Unknown"
"7014855",371852,2025-07-14 18:20:38,43.3600883483887,-8.84300899505615,"Unknown"
"7014855",371852,2025-07-14 18:25:40,43.3600807189941,-8.84314250946045,"Unknown"
"7014855",371852,2025-07-14 18:30:39,43.3600730895996,-8.84299468994141,"Unknown"
"7014855",371852,2025-07-14 18:35:40,43.3601188659668,-8.84302520751953,"Unknown"
"7014855",371852,2025-07-14 18:40:40,43.3600807189941,-8.8430004119873,"Unknown"
"7014855",371852,2025-07-14 18:45:40,43.3600730895996,-8.84300327301025,"Unknown"
"7014855",371852,2025-07-14 18:50:39,43.3599853515625,-8.8431396484375,"Unknown"
"7014855",371852,2025-07-14 18:55:42,43.3725090026855,-8.82392883300781,"Unknown"
"7014855",371852,2025-07-14 19:00:39,43.3723182678223,-8.82341480255127,"Unknown"
"7014855",371852,2025-07-14 19:05:38,43.3657760620117,-8.83096027374268,"Unknown"
"7014855",371852,2025-07-14 19:10:39,43.3613967895508,-8.83379173278809,"Unknown"
"7014855",371852,2025-07-14 19:15:42,43.3615913391113,-8.83377552032471,"Unknown"
"7014855",371852,2025-07-14 19:20:40,43.3623161315918,-8.8329906463623,"Unknown"
"7014855",371852,2025-07-14 19:25:40,43.3708190917969,-8.82456398010254,"Unknown"
"7014855",371852,2025-07-14 19:30:40,43.3712768554688,-8.8204460144043,"Unknown"
"7014855",371852,2025-07-14 19:35:40,43.3711204528809,-8.81978321075439,"Unknown"
"7014855",371852,2025-07-14 19:40:42,43.3712348937988,-8.82079315185547,"Unknown"
"7014855",371852,2025-07-14 19:45:42,43.3613510131836,-8.83348560333252,"Unknown"
"7014855",371852,2025-07-14 19:50:48,43.3612899780273,-8.83344459533691,"Unknown"
"7014855",371852,2025-07-14 19:56:28,43.3612098693848,-8.83347988128662,"Unknown"
"7014855",371852,2025-07-14 20:00:55,43.3612403869629,-8.83353614807129,"Unknown"
"7014855",371852,2025-07-14 20:06:11,43.3613433837891,-8.83338737487793,"Unknown"
"7014855",371852,2025-07-14 20:10:43,43.3612937927246,-8.83351421356201,"Unknown"
"7014855",371852,2025-07-14 20:15:43,43.3614196777344,-8.83363151550293,"Unknown"
"7014855",371852,2025-07-14 20:20:40,43.3678512573242,-8.82181167602539,"Unknown"
"7014855",371852,2025-07-14 20:25:40,43.368579864502,-8.82564067840576,"Unknown"
"7014855",371852,2025-07-14 20:30:41,43.3704032897949,-8.82635974884033,"Unknown"
"7014855",371852,2025-07-14 20:35:39,43.3708038330078,-8.82705116271973,"Unknown"
"7014855",371852,2025-07-14 20:40:41,43.3614692687988,-8.83374691009521,"Unknown"
"7014855",371852,2025-07-14 20:45:49,43.361156463623,-8.83379077911377,"Unknown"
"7014855",371852,2025-07-14 20:50:47,43.3615455627441,-8.83376026153564,"Unknown"
"7014855",371852,2025-07-14 20:55:41,43.3614196777344,-8.83380317687988,"Unknown"
"7014855",371852,2025-07-14 21:00:41,43.3614044189453,-8.83391189575195,"Unknown"
"7014855",371852,2025-07-14 21:05:42,43.3610992431641,-8.83382320404053,"Unknown"
"7014855",371852,2025-07-14 21:10:43,43.3614616394043,-8.83377742767334,"Unknown"
"7014855",371852,2025-07-14 21:15:44,43.3614654541016,-8.83380889892578,"Unknown"
"7014855",371852,2025-07-14 21:21:00,43.3582801818848,-8.84638786315918,"Unknown"
"7014855",371852,2025-07-14 21:25:44,43.3602294921875,-8.84304523468018,"Unknown"
"7014855",371852,2025-07-14 21:30:44,43.3600616455078,-8.84311866760254,"Unknown"
"7014855",371852,2025-07-14 21:35:40,43.3600158691406,-8.84304428100586,"Unknown"
"7014855",371852,2025-07-14 21:40:47,43.3600769042969,-8.84293746948242,"Unknown"
"7014855",371852,2025-07-14 21:45:47,43.3601531982422,-8.8428840637207,"Unknown"
"7014855",371852,2025-07-14 21:50:44,43.3600044250488,-8.84285926818848,"Unknown"
"7014855",371852,2025-07-14 21:55:54,43.3598136901855,-8.84285545349121,"Unknown"
"7014855",371852,2025-07-14 22:00:43,43.3601913452148,-8.84300899505615,"Unknown"
"7014855",371852,2025-07-14 22:05:46,43.3602485656738,-8.84315490722656,"Unknown"
"7014855",371852,2025-07-14 22:10:47,43.3601951599121,-8.84310150146484,"Unknown"
"7014855",371852,2025-07-14 22:15:44,43.3602180480957,-8.84312725067139,"Unknown"
"7014855",371852,2025-07-14 22:20:41,43.3601608276367,-8.84322834014893,"Unknown"
"7014855",371852,2025-07-14 22:25:40,43.3601455688477,-8.84323310852051,"Unknown"
"7014855",371852,2025-07-14 22:31:05,43.360050201416,-8.84298038482666,"Unknown"
"7014855",371852,2025-07-14 22:35:40,43.3600692749023,-8.84298038482666,"Unknown"
"7014855",371852,2025-07-14 22:40:40,43.3600997924805,-8.84292888641357,"Unknown"
"7014855",371852,2025-07-14 22:45:41,43.3601722717285,-8.84287452697754,"Unknown"
"7014855",371852,2025-07-14 22:50:41,43.3600883483887,-8.84305381774902,"Unknown"
"7014855",371852,2025-07-14 22:55:39,43.3601188659668,-8.8430643081665,"Unknown"
"7014855",371852,2025-07-14 23:00:41,43.3600921630859,-8.84303283691406,"Unknown"
"7014855",371852,2025-07-14 23:05:41,43.3600769042969,-8.84302043914795,"Unknown"
"7014855",371852,2025-07-14 23:10:41,43.3600654602051,-8.84294128417969,"Unknown"
"7014855",371852,2025-07-14 23:15:41,43.3601531982422,-8.84307193756104,"Unknown"
"7014855",371852,2025-07-14 23:20:43,43.3601684570312,-8.8431568145752,"Unknown"
"7014855",371852,2025-07-14 23:25:43,43.3600730895996,-8.84299755096436,"Unknown"
"7014855",371852,2025-07-14 23:30:46,43.3599166870117,-8.84294033050537,"Unknown"
"7014855",371852,2025-07-14 23:36:05,43.360034942627,-8.8429536819458,"Unknown"
"7014855",371852,2025-07-14 23:40:42,43.3601760864258,-8.84251976013184,"Unknown"
"7014855",371852,2025-07-14 23:45:42,43.3601226806641,-8.84276676177979,"Unknown"
"7014855",371852,2025-07-14 23:50:40,43.3600959777832,-8.84299659729004,"Unknown"
"7014855",371852,2025-07-14 23:55:41,43.3601760864258,-8.84304714202881,"Unknown"
"7014855",371852,2025-07-15 00:00:41,43.3602409362793,-8.8429536819458,"Unknown"
"7014855",371852,2025-07-15 00:05:41,43.3601226806641,-8.84295749664307,"Unknown"
"7014855",371852,2025-07-15 00:10:47,43.3602485656738,-8.84303951263428,"Unknown"
"7014855",371852,2025-07-15 00:15:43,43.3601684570312,-8.8430290222168,"Unknown"
"7014855",371852,2025-07-15 00:20:43,43.3601913452148,-8.8430118560791,"Unknown"
"7014855",371852,2025-07-15 00:25:42,43.3602828979492,-8.84329605102539,"Unknown"
"7014855",371852,2025-07-15 00:30:44,43.3600997924805,-8.843017578125,"Unknown"
"7014855",371852,2025-07-15 00:35:40,43.3600845336914,-8.84298038482666,"Unknown"
"7014855",371852,2025-07-15 00:40:46,43.3601493835449,-8.84307193756104,"Unknown"
"7014855",371852,2025-07-15 00:45:43,43.3601264953613,-8.84314823150635,"Unknown"
"7014855",371852,2025-07-15 00:50:51,43.360034942627,-8.84294319152832,"Unknown"
"7014855",371852,2025-07-15 00:55:47,43.360034942627,-8.84292507171631,"Unknown"
"7014855",371852,2025-07-15 01:00:43,43.360050201416,-8.84287071228027,"Unknown"
"7014855",371852,2025-07-15 01:05:47,43.3601226806641,-8.84300994873047,"Unknown"
"7014855",371852,2025-07-15 01:10:49,43.3600921630859,-8.84302616119385,"Unknown"
"7014855",371852,2025-07-15 01:15:49,43.3601875305176,-8.84307861328125,"Unknown"
"7014855",371852,2025-07-15 01:20:49,43.360164642334,-8.84314632415771,"Unknown"
"7014855",371852,2025-07-15 01:25:49,43.3602256774902,-8.84319972991943,"Unknown"
"7014855",371852,2025-07-15 01:30:46,43.3604431152344,-8.84338569641113,"Unknown"
"7014855",371852,2025-07-15 01:35:43,43.360538482666,-8.84342670440674,"Unknown"
"7014855",371852,2025-07-15 01:40:41,43.3607444763184,-8.84354972839355,"Unknown"
"7014855",371852,2025-07-15 01:45:43,43.3604393005371,-8.84334468841553,"Unknown"
"7014855",371852,2025-07-15 01:50:41,43.3603630065918,-8.84323024749756,"Unknown"
"7014855",371852,2025-07-15 01:55:41,43.3603591918945,-8.84322071075439,"Unknown"
"7014855",371852,2025-07-15 02:00:44,43.3603591918945,-8.84326648712158,"Unknown"
"7014855",371852,2025-07-15 02:05:41,43.3604164123535,-8.84324169158936,"Unknown"
"7014855",371852,2025-07-15 02:10:40,43.3603820800781,-8.84329032897949,"Unknown"
"7014855",371852,2025-07-15 02:15:40,43.3604850769043,-8.84334278106689,"Unknown"
"7014855",371852,2025-07-15 02:20:40,43.3604011535645,-8.84329032897949,"Unknown"
"7014855",371852,2025-07-15 02:25:41,43.3604278564453,-8.84329414367676,"Unknown"
"7014855",371852,2025-07-15 02:30:41,43.3604927062988,-8.84336948394775,"Unknown"
"7014855",371852,2025-07-15 02:35:43,43.3603630065918,-8.84327411651611,"Unknown"
"7014855",371852,2025-07-15 02:40:39,43.3604011535645,-8.84330463409424,"Unknown"
"7014855",371852,2025-07-15 02:45:41,43.3601913452148,-8.84314155578613,"Unknown"
"7014855",371852,2025-07-15 02:50:41,43.3600311279297,-8.84302997589111,"Unknown"
"7014855",371852,2025-07-15 02:55:42,43.3602638244629,-8.84317302703857,"Unknown"
"7014855",371852,2025-07-15 03:00:54,43.3602981567383,-8.84298515319824,"Unknown"
"7014855",371852,2025-07-15 03:06:02,43.3602104187012,-8.84295558929443,"Unknown"
"7014855",371852,2025-07-15 03:10:49,43.3599700927734,-8.84301376342773,"Unknown"
"7014855",371852,2025-07-15 03:15:41,43.3601341247559,-8.84298896789551,"Unknown"
"7014855",371852,2025-07-15 03:20:42,43.3601875305176,-8.84302139282227,"Unknown"
"7014855",371852,2025-07-15 03:25:44,43.3600578308105,-8.84299468994141,"Unknown"
"7014855",371852,2025-07-15 03:30:40,43.3600692749023,-8.84298324584961,"Unknown"
"7014855",371852,2025-07-15 03:35:41,43.3602561950684,-8.84318542480469,"Unknown"
"7014855",371852,2025-07-15 03:40:41,43.3600425720215,-8.84294128417969,"Unknown"
"7014855",371852,2025-07-15 03:45:42,43.3600387573242,-8.84309577941895,"Unknown"
"7014855",371852,2025-07-15 03:50:41,43.3602828979492,-8.84305286407471,"Unknown"
"7014855",371852,2025-07-15 03:55:42,43.3601531982422,-8.84303379058838,"Unknown"
"7014855",371852,2025-07-15 04:00:43,43.3602714538574,-8.84316349029541,"Unknown"
"7014855",371852,2025-07-15 04:05:44,43.3598289489746,-8.84285354614258,"Unknown"
"7014855",371852,2025-07-15 04:10:42,43.3598022460938,-8.84273338317871,"Unknown"
"7014855",371852,2025-07-15 04:15:41,43.3640060424805,-8.8392276763916,"Unknown"
"7014855",371852,2025-07-15 04:20:43,43.3716049194336,-8.82531356811523,"Unknown"
"7014855",371852,2025-07-15 04:25:43,43.368350982666,-8.82611751556396,"Unknown"
"7014855",371852,2025-07-15 04:31:04,43.3611488342285,-8.83296489715576,"Unknown"
"7014855",371852,2025-07-15 04:35:46,43.3611831665039,-8.83316612243652,"Unknown"
"7014855",371852,2025-07-15 04:40:46,43.3612289428711,-8.83309745788574,"Unknown"
"7014855",371852,2025-07-15 04:45:49,43.3611869812012,-8.83308219909668,"Unknown"
"7014855",371852,2025-07-15 04:50:41,43.3625717163086,-8.83884906768799,"Unknown"
"7014855",371852,2025-07-15 04:55:49,43.3583221435547,-8.84541797637939,"Unknown"
"7014855",371852,2025-07-15 05:00:40,43.3602294921875,-8.84341526031494,"Unknown"
"7014855",371852,2025-07-15 05:05:44,43.3603973388672,-8.84342098236084,"Unknown"
"7014855",371852,2025-07-15 05:10:43,43.3602409362793,-8.84341907501221,"Unknown"
"7014855",371852,2025-07-15 05:15:43,43.3601837158203,-8.84344673156738,"Unknown"
"7014855",371852,2025-07-15 05:20:48,43.3595848083496,-8.84363460540771,"Unknown"
"7014855",371852,2025-07-15 05:25:42,43.3597412109375,-8.84309673309326,"Unknown"
"7014855",371852,2025-07-15 05:30:43,43.3597297668457,-8.84317493438721,"Unknown"
"7014855",371852,2025-07-15 05:35:44,43.360668182373,-8.84372425079346,"Unknown"
"7014855",371852,2025-07-15 05:40:46,43.3603515625,-8.84349632263184,"Unknown"
"7014855",371852,2025-07-15 05:45:42,43.3603553771973,-8.84342098236084,"Unknown"
"7014855",371852,2025-07-15 05:50:41,43.3593139648438,-8.84375286102295,"Unknown"
"7014855",371852,2025-07-15 05:55:48,43.3603134155273,-8.84363651275635,"Unknown"
"7014855",371852,2025-07-15 06:00:43,43.3602981567383,-8.84350776672363,"Unknown"
"7014855",371852,2025-07-15 06:05:40,43.3490180969238,-8.81656837463379,"Unknown"
"7014855",371852,2025-07-15 06:10:43,43.3322868347168,-8.78768825531006,"Unknown"
"7014855",371852,2025-07-15 06:15:47,43.3230438232422,-8.8056583404541,"Unknown"
"7014855",371852,2025-07-15 06:20:43,43.3229103088379,-8.8056640625,"Unknown"
"7014855",371852,2025-07-15 06:25:46,43.3230247497559,-8.80563545227051,"Unknown"
"7014855",371852,2025-07-15 06:30:46,43.3235359191895,-8.80672359466553,"Unknown"
"7014855",371852,2025-07-15 06:35:46,43.3233261108398,-8.80679321289062,"Unknown"
"7014855",371852,2025-07-15 06:40:54,43.3234786987305,-8.80645179748535,"Unknown"
"7014855",371852,2025-07-15 06:45:46,43.3234977722168,-8.80649185180664,"Unknown"
"7014855",371852,2025-07-15 06:50:48,43.3235816955566,-8.80666065216064,"Unknown"
"7014855",371852,2025-07-15 06:55:49,43.3235321044922,-8.80649566650391,"Unknown"
"7014855",371852,2025-07-15 07:00:49,43.3234367370605,-8.80643463134766,"Unknown"
"7014855",371852,2025-07-15 07:05:51,43.3236465454102,-8.80649185180664,"Unknown"
"7014855",371852,2025-07-15 07:10:49,43.3235855102539,-8.80618476867676,"Unknown"
"7014855",371852,2025-07-15 07:16:03,43.3232803344727,-8.80599117279053,"Unknown"
"7014855",371852,2025-07-15 07:20:43,43.3232116699219,-8.80582141876221,"Unknown"
"7014855",371852,2025-07-15 07:25:46,43.3235244750977,-8.80595874786377,"Unknown"
"7014855",371852,2025-07-15 07:30:44,43.3234214782715,-8.80603504180908,"Unknown"
"7014855",371852,2025-07-15 07:36:13,43.3232612609863,-8.80585956573486,"Unknown"
"7014855",371852,2025-07-15 07:40:41,43.3228645324707,-8.80606174468994,"Unknown"
"7014855",371852,2025-07-15 07:45:41,43.3232841491699,-8.80677223205566,"Unknown"
"7014855",371852,2025-07-15 07:50:41,43.3407821655273,-8.82248306274414,"Unknown"
"7014855",371852,2025-07-15 07:55:43,43.3575477600098,-8.84031105041504,"Unknown"
"7014855",371852,2025-07-15 08:00:52,43.3592300415039,-8.8460054397583,"Unknown"
"7014855",371852,2025-07-15 08:05:44,43.3599510192871,-8.84310150146484,"Unknown"
"7014855",371852,2025-07-15 08:10:44,43.3599853515625,-8.84322738647461,"Unknown"
"7014855",371852,2025-07-15 08:15:44,43.3599815368652,-8.84323310852051,"Unknown"
"7014855",371852,2025-07-15 08:20:43,43.359317779541,-8.84299087524414,"Unknown"
"7014855",371852,2025-07-15 08:25:49,43.3599815368652,-8.84260368347168,"Unknown"
"7014855",371852,2025-07-15 08:30:52,43.3600120544434,-8.84257507324219,"Unknown"
"7014855",371852,2025-07-15 08:35:43,43.3596878051758,-8.8428840637207,"Unknown"
"7014855",371852,2025-07-15 08:40:45,43.3598556518555,-8.84272766113281,"Unknown"
"7014855",371852,2025-07-15 08:45:40,43.3494529724121,-8.83582210540771,"Unknown"
"7014855",371852,2025-07-15 08:50:40,43.3271179199219,-8.81293773651123,"Unknown"
"7014855",371852,2025-07-15 08:55:49,43.3232460021973,-8.8055248260498,"Unknown"
"7014855",371852,2025-07-15 09:00:46,43.3232307434082,-8.80550003051758,"Unknown"
"7014855",371852,2025-07-15 09:05:43,43.3234825134277,-8.80544090270996,"Unknown"
"7014855",371852,2025-07-15 09:10:43,43.3232421875,-8.80553436279297,"Unknown"
"7014855",371852,2025-07-15 09:15:42,43.3240585327148,-8.80564975738525,"Unknown"
"7014855",371852,2025-07-15 09:20:53,43.3237113952637,-8.80568313598633,"Unknown"
"7014855",371852,2025-07-15 09:26:04,43.324592590332,-8.80629920959473,"Unknown"
"7014855",371852,2025-07-15 09:31:00,43.3231735229492,-8.80605792999268,"Unknown"
"7014855",371852,2025-07-15 09:36:06,43.3231620788574,-8.80586338043213,"Unknown"
"7014855",371852,2025-07-15 09:40:49,43.3229637145996,-8.8062047958374,"Unknown"
"7014855",371852,2025-07-15 09:45:40,43.3213996887207,-8.80563735961914,"Unknown"
"7014855",371852,2025-07-15 09:50:41,43.3212013244629,-8.80556774139404,"Unknown"
"7014855",371852,2025-07-15 09:55:44,43.3210830688477,-8.80544948577881,"Unknown"
"7014855",371852,2025-07-15 10:00:40,43.3208808898926,-8.80543613433838,"Unknown"
"7014855",371852,2025-07-15 10:05:44,43.320743560791,-8.80535697937012,"Unknown"
"7014855",371852,2025-07-15 10:10:53,43.3208847045898,-8.80543231964111,"Unknown"
"7014855",371852,2025-07-15 10:15:41,43.3205184936523,-8.80527591705322,"Unknown"
"7014855",371852,2025-07-15 10:20:49,43.320873260498,-8.80541133880615,"Unknown"
"7014855",371852,2025-07-15 10:25:49,43.3208045959473,-8.80547332763672,"Unknown"
"7014855",371852,2025-07-15 10:30:44,43.320686340332,-8.80537605285645,"Unknown"
"7014855",371852,2025-07-15 10:36:05,43.3208465576172,-8.80538177490234,"Unknown"
"7014855",371852,2025-07-15 10:40:40,43.3209571838379,-8.80551052093506,"Unknown"
"7014855",371852,2025-07-15 10:45:40,43.3209495544434,-8.80557918548584,"Unknown"
"7014855",371852,2025-07-15 10:50:41,43.3210487365723,-8.80545520782471,"Unknown"
"7014855",371852,2025-07-15 10:55:40,43.320915222168,-8.80552768707275,"Unknown"
"7014855",371852,2025-07-15 11:00:45,43.3205604553223,-8.80556678771973,"Unknown"
"7014855",371852,2025-07-15 11:05:40,43.3299293518066,-8.81674385070801,"Unknown"
"7014855",371852,2025-07-15 11:10:41,43.3553771972656,-8.83824920654297,"Unknown"
"7014855",371852,2025-07-15 11:15:45,43.3594169616699,-8.84347724914551,"Unknown"
"7014855",371852,2025-07-15 11:20:41,43.3596649169922,-8.84329223632812,"Unknown"
"7014855",371852,2025-07-15 11:25:40,43.3596611022949,-8.84323215484619,"Unknown"
"7014855",371852,2025-07-15 11:31:05,43.3601226806641,-8.8430700302124,"Unknown"
"7014855",371852,2025-07-15 11:35:40,43.3599586486816,-8.84285449981689,"Unknown"
"7014855",371852,2025-07-15 11:40:39,43.3599281311035,-8.84284210205078,"Unknown"
"7014855",371852,2025-07-15 11:45:41,43.35986328125,-8.84279251098633,"Unknown"
"7014855",371852,2025-07-15 11:50:40,43.3599243164062,-8.84290981292725,"Unknown"
"7014855",371852,2025-07-15 11:55:40,43.3597869873047,-8.8427677154541,"Unknown"
"7014855",371852,2025-07-15 12:00:40,43.3596382141113,-8.84274005889893,"Unknown"
"7014855",371852,2025-07-15 12:05:40,43.3597412109375,-8.84275054931641,"Unknown"
"7014855",371852,2025-07-15 12:10:41,43.3596229553223,-8.84262752532959,"Unknown"
"7014855",371852,2025-07-15 12:15:41,43.3596878051758,-8.84262752532959,"Unknown"
"7014855",371852,2025-07-15 12:20:41,43.3596878051758,-8.84269905090332,"Unknown"
"7014855",371852,2025-07-15 12:25:41,43.3597145080566,-8.84262371063232,"Unknown"
"7014855",371852,2025-07-15 12:30:46,43.3597984313965,-8.84261989593506,"Unknown"
"7014855",371852,2025-07-15 12:35:42,43.3492431640625,-8.85062980651855,"Unknown"
"7014855",371852,2025-07-15 12:40:42,43.3500328063965,-8.85940265655518,"Unknown"
"7014855",371852,2025-07-15 12:45:40,43.3381118774414,-8.85562324523926,"Unknown"
"7014855",371852,2025-07-15 12:50:41,43.3200607299805,-8.85270214080811,"Unknown"
"7014855",371852,2025-07-15 12:55:48,43.313289642334,-8.85696792602539,"Unknown"
"7014855",371852,2025-07-15 13:00:40,43.3133506774902,-8.85673236846924,"Unknown"
"7014855",371852,2025-07-15 13:05:40,43.317195892334,-8.85675811767578,"Unknown"
"7014855",371852,2025-07-15 13:10:41,43.3206748962402,-8.85205173492432,"Unknown"
"7014855",371852,2025-07-15 13:15:43,43.320613861084,-8.85204982757568,"Unknown"
"7014855",371852,2025-07-15 13:21:05,43.3210906982422,-8.85258483886719,"Unknown"
"7014855",371852,2025-07-15 13:25:40,43.3210372924805,-8.8526439666748,"Unknown"
"7014855",371852,2025-07-15 13:30:40,43.3210525512695,-8.85266017913818,"Unknown"
"7014855",371852,2025-07-15 13:35:39,43.3211631774902,-8.85274791717529,"Unknown"
"7014855",371852,2025-07-15 13:40:43,43.3210296630859,-8.85254573822021,"Unknown"
"7014855",371852,2025-07-15 13:45:41,43.3211936950684,-8.85267925262451,"Unknown"
"7014855",371852,2025-07-15 13:50:39,43.3210411071777,-8.85257625579834,"Unknown"
"7014855",371852,2025-07-15 13:55:40,43.3211784362793,-8.85264873504639,"Unknown"
"7014855",371852,2025-07-15 14:00:39,43.3213882446289,-8.85257244110107,"Unknown"
"7014855",371852,2025-07-15 14:05:39,43.3202705383301,-8.84597778320312,"Unknown"
"7014855",371852,2025-07-15 14:10:41,43.3203315734863,-8.84608745574951,"Unknown"
"7014855",371852,2025-07-15 14:15:43,43.3205909729004,-8.8457088470459,"Unknown"
"7014855",371852,2025-07-15 14:20:39,43.3224678039551,-8.85268497467041,"Unknown"
"7014855",371852,2025-07-15 14:25:40,43.3107757568359,-8.8521728515625,"Unknown"
"7014855",371852,2025-07-15 14:30:41,43.3104858398438,-8.83238887786865,"Unknown"
"7014855",371852,2025-07-15 14:35:40,43.3090133666992,-8.82087421417236,"Unknown"
"7014855",371852,2025-07-15 14:40:41,43.3232040405273,-8.8062744140625,"Unknown"
"7014855",371852,2025-07-15 14:45:42,43.3230018615723,-8.80599308013916,"Unknown"
"7014855",371852,2025-07-15 14:50:45,43.3232765197754,-8.80647087097168,"Unknown"
"7014855",371852,2025-07-15 14:55:46,43.3230857849121,-8.8063497543335,"Unknown"
"7014855",371852,2025-07-15 15:00:44,43.3231506347656,-8.80612659454346,"Unknown"
"7014855",371852,2025-07-15 15:06:05,43.3231010437012,-8.80609607696533,"Unknown"
"7014855",371852,2025-07-15 15:10:46,43.3228416442871,-8.80619812011719,"Unknown"
"7014855",371852,2025-07-15 15:15:43,43.3227386474609,-8.80617713928223,"Unknown"
"7014855",371852,2025-07-15 15:20:42,43.3232612609863,-8.80671882629395,"Unknown"
"7014855",371852,2025-07-15 15:25:41,43.3227806091309,-8.80635261535645,"Unknown"
"7014855",371852,2025-07-15 15:30:47,43.3229560852051,-8.80610847473145,"Unknown"
"7014855",371852,2025-07-15 15:35:41,43.3234825134277,-8.80582904815674,"Unknown"
"7014855",371852,2025-07-15 15:40:49,43.3229827880859,-8.80603790283203,"Unknown"
"7014855",371852,2025-07-15 15:45:41,43.3227348327637,-8.80645275115967,"Unknown"
"7014855",371852,2025-07-15 15:50:48,43.3234481811523,-8.80597591400146,"Unknown"
"7014855",371852,2025-07-15 15:55:48,43.323860168457,-8.8056526184082,"Unknown"
"7014855",371852,2025-07-15 16:00:43,43.3233757019043,-8.80589199066162,"Unknown"
"7014855",371852,2025-07-15 16:05:43,43.3235664367676,-8.80582427978516,"Unknown"
"7014855",371852,2025-07-15 16:10:43,43.3234443664551,-8.80585384368896,"Unknown"
"7014855",371852,2025-07-15 16:15:43,43.3235511779785,-8.80587482452393,"Unknown"
"7014855",371852,2025-07-15 16:20:41,43.3236312866211,-8.80652046203613,"Unknown"
"7014855",371852,2025-07-15 16:25:47,43.3232612609863,-8.80588912963867,"Unknown"
"7014855",371852,2025-07-15 16:30:48,43.3232650756836,-8.80590534210205,"Unknown"
"7014855",371852,2025-07-15 16:35:47,43.324031829834,-8.80661392211914,"Unknown"
"7014855",371852,2025-07-15 16:40:48,43.3234214782715,-8.80601119995117,"Unknown"
"7014855",371852,2025-07-15 16:45:48,43.323429107666,-8.80595874786377,"Unknown"
"7014855",371852,2025-07-15 16:51:05,43.3234977722168,-8.80624294281006,"Unknown"
"7014855",371852,2025-07-15 16:55:40,43.3234252929688,-8.80635738372803,"Unknown"
"7014855",371852,2025-07-15 17:00:41,43.3235130310059,-8.80937767028809,"Unknown"
"7014855",371852,2025-07-15 17:05:40,43.3231430053711,-8.80652236938477,"Unknown"
"7014855",371852,2025-07-15 17:10:48,43.3236312866211,-8.80650424957275,"Unknown"
"7014855",371852,2025-07-15 17:15:43,43.3238716125488,-8.80743217468262,"Unknown"
"7014855",371852,2025-07-15 17:20:51,43.3237419128418,-8.8071870803833,"Unknown"
"7014855",371852,2025-07-15 17:25:45,43.3238945007324,-8.80646133422852,"Unknown"
"7014855",371852,2025-07-15 17:30:45,43.3237457275391,-8.80660152435303,"Unknown"
"7014855",371852,2025-07-15 17:35:41,43.323787689209,-8.80677700042725,"Unknown"
"7014855",371852,2025-07-15 17:40:40,43.3224449157715,-8.80645275115967,"Unknown"
"7014855",371852,2025-07-15 17:45:39,43.3221282958984,-8.80695915222168,"Unknown"
"7014855",371852,2025-07-15 17:50:41,43.3228950500488,-8.80622005462646,"Unknown"
"7014855",371852,2025-07-15 17:57:03,43.3176879882812,-8.80511474609375,"Unknown"
"7014855",371852,2025-07-15 18:01:07,43.3177909851074,-8.80529308319092,"Unknown"
"7014855",371852,2025-07-15 18:06:23,43.3176231384277,-8.80522346496582,"Unknown"
"7014855",371852,2025-07-15 18:10:41,43.3231391906738,-8.80581474304199,"Unknown"
"7014855",371852,2025-07-15 18:15:46,43.3232383728027,-8.80575561523438,"Unknown"
"7014855",371852,2025-07-15 18:20:45,43.3232421875,-8.8057746887207,"Unknown"
"7014855",371852,2025-07-15 18:25:45,43.3231582641602,-8.80584239959717,"Unknown"
"7014855",371852,2025-07-15 18:30:42,43.323070526123,-8.80597400665283,"Unknown"
"7014855",371852,2025-07-15 18:35:48,43.3232002258301,-8.80577754974365,"Unknown"
"7014855",371852,2025-07-15 18:40:43,43.3232002258301,-8.80585289001465,"Unknown"
"7014855",371852,2025-07-15 18:45:43,43.3230934143066,-8.80578327178955,"Unknown"
"7014855",371852,2025-07-15 18:51:29,43.3230094909668,-8.80609512329102,"Unknown"
"7014855",371852,2025-07-15 18:55:41,43.3233299255371,-8.8059778213501,"Unknown"
"7014855",371852,2025-07-15 19:00:41,43.3234214782715,-8.80596923828125,"Unknown"
"7014855",371852,2025-07-15 19:05:52,43.3234176635742,-8.80618381500244,"Unknown"
"7014855",371852,2025-07-15 19:10:42,43.3235092163086,-8.80596828460693,"Unknown"
"7014855",371852,2025-07-15 19:15:41,43.3235054016113,-8.8060359954834,"Unknown"
"7014855",371852,2025-07-15 19:20:48,43.322135925293,-8.77762699127197,"Unknown"
"7014855",371852,2025-07-15 19:25:48,43.3241233825684,-8.74288654327393,"Unknown"
"7014855",371852,2025-07-15 19:30:43,43.3242416381836,-8.74309158325195,"Unknown"
"7014855",371852,2025-07-15 19:35:41,43.3261833190918,-8.76116466522217,"Unknown"
"7014855",371852,2025-07-15 19:40:43,43.3226776123047,-8.80397510528564,"Unknown"
"7014855",371852,2025-07-15 19:45:44,43.3234252929688,-8.80613327026367,"Unknown"
"7014855",371852,2025-07-15 19:50:43,43.3233070373535,-8.80599117279053,"Unknown"
"7014855",371852,2025-07-15 19:55:45,43.3234100341797,-8.80603981018066,"Unknown"
"7014855",371852,2025-07-15 20:00:40,43.3233528137207,-8.805983543396,"Unknown"
"7014855",371852,2025-07-15 20:05:42,43.3232650756836,-8.8060474395752,"Unknown"
"7014855",371852,2025-07-15 20:10:46,43.3237571716309,-8.80616092681885,"Unknown"
"7014855",371852,2025-07-15 20:15:45,43.3236465454102,-8.80601978302002,"Unknown"
"7014855",371852,2025-07-15 20:20:51,43.323070526123,-8.80567455291748,"Unknown"
"7014855",371852,2025-07-15 20:26:23,43.323299407959,-8.80591583251953,"Unknown"
"7014855",371852,2025-07-15 20:30:45,43.3234634399414,-8.80591201782227,"Unknown"
"7014855",371852,2025-07-15 20:35:40,43.3294105529785,-8.79480838775635,"Unknown"
"7014855",371852,2025-07-15 20:40:42,43.3328971862793,-8.78479290008545,"Unknown"
"7014855",371852,2025-07-15 20:46:05,43.3369636535645,-8.78202533721924,"Unknown"
"7014855",371852,2025-07-15 20:50:43,43.336856842041,-8.78188323974609,"Unknown"
"7014855",371852,2025-07-15 20:55:41,43.3331756591797,-8.78541088104248,"Unknown"
"7014855",371852,2025-07-15 21:00:41,43.3442230224609,-8.81907749176025,"Unknown"
"7014855",371852,2025-07-15 21:05:40,43.3611602783203,-8.838547706604,"Unknown"
"7014855",371852,2025-07-15 21:10:40,43.3598709106445,-8.84321594238281,"Unknown"
"7014855",371852,2025-07-15 21:15:40,43.3596458435059,-8.84319019317627,"Unknown"
"7014855",371852,2025-07-15 21:20:42,43.3596954345703,-8.84316444396973,"Unknown"
"7014855",371852,2025-07-15 21:25:40,43.3598899841309,-8.84317493438721,"Unknown"
"7014855",371852,2025-07-15 21:30:40,43.359935760498,-8.84309101104736,"Unknown"
"7014855",371852,2025-07-15 21:35:41,43.3599433898926,-8.84311294555664,"Unknown"
"7014855",371852,2025-07-15 21:40:45,43.359977722168,-8.84311008453369,"Unknown"
"7014855",371852,2025-07-15 21:45:42,43.3583717346191,-8.84305763244629,"Unknown"
"7014855",371852,2025-07-15 21:50:41,43.3600387573242,-8.84312534332275,"Unknown"
"7014855",371852,2025-07-15 21:55:40,43.3600769042969,-8.84301376342773,"Unknown"
"7014855",371852,2025-07-15 22:00:43,43.3600578308105,-8.84302043914795,"Unknown"
"7014855",371852,2025-07-15 22:05:42,43.3601150512695,-8.84311962127686,"Unknown"
"7014855",371852,2025-07-15 22:10:43,43.3600540161133,-8.84300518035889,"Unknown"
"7014855",371852,2025-07-15 22:15:41,43.3600845336914,-8.84298133850098,"Unknown"
"7014855",371852,2025-07-15 22:20:49,43.3599166870117,-8.84305286407471,"Unknown"
"7014855",371852,2025-07-15 22:25:50,43.3601608276367,-8.84296226501465,"Unknown"
"7014855",371852,2025-07-15 22:30:40,43.3602905273438,-8.84306240081787,"Unknown"
"7014855",371852,2025-07-15 22:35:41,43.3600082397461,-8.84297466278076,"Unknown"
"7014855",371852,2025-07-15 22:40:42,43.3602333068848,-8.84304237365723,"Unknown"
"7014855",371852,2025-07-15 22:45:42,43.3602485656738,-8.84303092956543,"Unknown"
"7014855",371852,2025-07-15 22:50:42,43.3601150512695,-8.84297466278076,"Unknown"
"7014855",371852,2025-07-15 22:55:42,43.3601531982422,-8.84297847747803,"Unknown"
"7014855",371852,2025-07-15 23:00:42,43.3600997924805,-8.84298419952393,"Unknown"
"7014855",371852,2025-07-15 23:05:40,43.3583984375,-8.83338832855225,"Unknown"
"7014855",371852,2025-07-15 23:10:41,43.3422203063965,-8.81207084655762,"Unknown"
"7014855",371852,2025-07-15 23:15:41,43.3279304504395,-8.78723335266113,"Unknown"
"7014855",371852,2025-07-15 23:20:46,43.3230819702148,-8.80666255950928,"Unknown"
"7014855",371852,2025-07-15 23:26:05,43.3220443725586,-8.80777072906494,"Unknown"
"7014855",371852,2025-07-15 23:30:48,43.3221206665039,-8.8076343536377,"Unknown"
"7014855",371852,2025-07-15 23:35:52,43.3227958679199,-8.80698204040527,"Unknown"
"7014855",371852,2025-07-15 23:40:48,43.3221702575684,-8.80744171142578,"Unknown"
"7014855",371852,2025-07-15 23:45:48,43.3223342895508,-8.80696582794189,"Unknown"
"7014855",371852,2025-07-15 23:50:48,43.3218765258789,-8.80740547180176,"Unknown"
"7014855",371852,2025-07-15 23:55:46,43.3217277526855,-8.80777454376221,"Unknown"
"7014855",371852,2025-07-16 00:00:49,43.3219261169434,-8.80753326416016,"Unknown"
"7014855",371852,2025-07-16 00:05:49,43.3214797973633,-8.80782890319824,"Unknown"
"7014855",371852,2025-07-16 00:11:02,43.3224754333496,-8.8081226348877,"Unknown"
"7014855",371852,2025-07-16 00:15:50,43.3220291137695,-8.80840015411377,"Unknown"
"7014855",371852,2025-07-16 00:20:43,43.3219985961914,-8.80795001983643,"Unknown"
"7014855",371852,2025-07-16 00:25:44,43.321964263916,-8.80796527862549,"Unknown"
"7014855",371852,2025-07-16 00:30:45,43.322135925293,-8.8079309463501,"Unknown"
"7014855",371852,2025-07-16 00:35:46,43.3218383789062,-8.80643463134766,"Unknown"
"7014855",371852,2025-07-16 00:40:46,43.3221206665039,-8.80777072906494,"Unknown"
"7014855",371852,2025-07-16 00:45:48,43.3217811584473,-8.80775451660156,"Unknown"
"7014855",371852,2025-07-16 00:50:48,43.3219528198242,-8.80761241912842,"Unknown"
"7014855",371852,2025-07-16 00:55:48,43.3220291137695,-8.80755710601807,"Unknown"
"7014855",371852,2025-07-16 01:00:48,43.3220672607422,-8.807541847229,"Unknown"
"7014855",371852,2025-07-16 01:05:46,43.3215637207031,-8.80518341064453,"Unknown"
"7014855",371852,2025-07-16 01:10:48,43.3220405578613,-8.80757808685303,"Unknown"
"7014855",371852,2025-07-16 01:15:48,43.322322845459,-8.80746841430664,"Unknown"
"7014855",371852,2025-07-16 01:20:48,43.3220443725586,-8.80761528015137,"Unknown"
"7014855",371852,2025-07-16 01:25:50,43.3223991394043,-8.80749988555908,"Unknown"
"7014855",371852,2025-07-16 01:30:50,43.3227806091309,-8.80761337280273,"Unknown"
"7014855",371852,2025-07-16 01:36:05,43.3220252990723,-8.80761337280273,"Unknown"
"7014855",371852,2025-07-16 01:40:43,43.3221397399902,-8.80764579772949,"Unknown"
"7014855",371852,2025-07-16 01:45:44,43.3226852416992,-8.80823993682861,"Unknown"
"7014855",371852,2025-07-16 01:52:04,43.3222351074219,-8.80752372741699,"Unknown"
"7014855",371852,2025-07-16 01:55:39,43.322940826416,-8.8069953918457,"Unknown"
"7014855",371852,2025-07-16 02:00:40,43.3231964111328,-8.80631065368652,"Unknown"
"7014855",371852,2025-07-16 02:05:40,43.3436622619629,-8.82389450073242,"Unknown"
"7014855",371852,2025-07-16 02:10:40,43.3610649108887,-8.84447765350342,"Unknown"
"7014855",371852,2025-07-16 02:15:41,43.3603973388672,-8.84332942962646,"Unknown"
"7014855",371852,2025-07-16 02:20:46,43.360408782959,-8.84321784973145,"Unknown"
"7014855",371852,2025-07-16 02:25:41,43.3603897094727,-8.84328365325928,"Unknown"
"7014855",371852,2025-07-16 02:30:41,43.3603477478027,-8.84319019317627,"Unknown"
"7014855",371852,2025-07-16 02:35:42,43.3603210449219,-8.84317016601562,"Unknown"
"7014855",371852,2025-07-16 02:40:42,43.360294342041,-8.84324741363525,"Unknown"
"7014855",371852,2025-07-16 02:45:43,43.3603439331055,-8.84328365325928,"Unknown"
"7014855",371852,2025-07-16 02:50:41,43.3600959777832,-8.84341907501221,"Unknown"
"7014855",371852,2025-07-16 02:55:42,43.3600845336914,-8.84328651428223,"Unknown"
"7014855",371852,2025-07-16 03:00:40,43.3601188659668,-8.84341335296631,"Unknown"
"7014855",371852,2025-07-16 03:05:41,43.3601188659668,-8.84335899353027,"Unknown"
"7014855",371852,2025-07-16 03:10:40,43.3600769042969,-8.84318733215332,"Unknown"
"7014855",371852,2025-07-16 03:15:40,43.3601303100586,-8.84326648712158,"Unknown"
"7014855",371852,2025-07-16 03:20:45,43.3600807189941,-8.84331798553467,"Unknown"
"7014855",371852,2025-07-16 03:25:40,43.3600769042969,-8.8433084487915,"Unknown"
"7014855",371852,2025-07-16 03:30:40,43.3600387573242,-8.8432559967041,"Unknown"
"7014855",371852,2025-07-16 03:35:40,43.3600425720215,-8.84320545196533,"Unknown"
"7014855",371852,2025-07-16 03:40:40,43.3599815368652,-8.84317207336426,"Unknown"
"7014855",371852,2025-07-16 03:45:40,43.3599700927734,-8.84304428100586,"Unknown"
"7014855",371852,2025-07-16 03:50:40,43.359920501709,-8.84298610687256,"Unknown"
"7014855",371852,2025-07-16 03:55:40,43.3598861694336,-8.84292793273926,"Unknown"
"7014855",371852,2025-07-16 04:00:40,43.3601417541504,-8.84339332580566,"Unknown"
"7014855",371852,2025-07-16 04:06:04,43.359992980957,-8.84303569793701,"Unknown"
"7014855",371852,2025-07-16 04:10:39,43.3599815368652,-8.8430290222168,"Unknown"
"7014855",371852,2025-07-16 04:15:39,43.3599853515625,-8.84310054779053,"Unknown"
"7014855",371852,2025-07-16 04:20:46,43.3600807189941,-8.84311008453369,"Unknown"
"7014855",371852,2025-07-16 04:25:41,43.3501319885254,-8.83172988891602,"Unknown"
"7014855",371852,2025-07-16 04:30:41,43.326732635498,-8.80678462982178,"Unknown"
"7014855",371852,2025-07-16 04:35:40,43.3229942321777,-8.80589485168457,"Unknown"
"7014855",371852,2025-07-16 04:40:42,43.3234825134277,-8.80606937408447,"Unknown"
"7014855",371852,2025-07-16 04:45:45,43.3227691650391,-8.8058385848999,"Unknown"
"7014855",371852,2025-07-16 04:50:40,43.3229560852051,-8.80578327178955,"Unknown"
"7014855",371852,2025-07-16 04:55:44,43.3226928710938,-8.80550956726074,"Unknown"
"7014855",371852,2025-07-16 05:00:43,43.3232879638672,-8.80604839324951,"Unknown"
"7014855",371852,2025-07-16 05:05:43,43.3232231140137,-8.80558967590332,"Unknown"
"7014855",371852,2025-07-16 05:10:44,43.3231735229492,-8.80563640594482,"Unknown"
"7014855",371852,2025-07-16 05:15:40,43.322883605957,-8.80656909942627,"Unknown"
"7014855",371852,2025-07-16 05:20:43,43.3223991394043,-8.8029670715332,"Unknown"
"7014855",371852,2025-07-16 05:25:43,43.3230018615723,-8.8049488067627,"Unknown"
"7014855",371852,2025-07-16 05:30:43,43.3228149414062,-8.80490779876709,"Unknown"
"7014855",371852,2025-07-16 05:35:48,43.3230476379395,-8.80508995056152,"Unknown"
"7014855",371852,2025-07-16 05:40:43,43.3229331970215,-8.8049955368042,"Unknown"
"7014855",371852,2025-07-16 05:45:41,43.3234100341797,-8.80551052093506,"Unknown"
"7014855",371852,2025-07-16 05:50:41,43.325080871582,-8.80517959594727,"Unknown"
"7014855",371852,2025-07-16 05:55:41,43.3437767028809,-8.82916736602783,"Unknown"
"7014855",371852,2025-07-16 06:01:05,43.3424873352051,-8.83147430419922,"Unknown"
"7014855",371852,2025-07-16 06:05:39,43.3527946472168,-8.8350944519043,"Unknown"
"7014855",371852,2025-07-16 06:10:40,43.3593482971191,-8.83628845214844,"Unknown"
"7014855",371852,2025-07-16 06:15:39,43.361515045166,-8.83695125579834,"Unknown"
"7014855",371852,2025-07-16 06:20:40,43.360782623291,-8.84570789337158,"Unknown"
"7014855",371852,2025-07-16 06:25:51,43.3612632751465,-8.84389781951904,"Unknown"
"7014855",371852,2025-07-16 06:30:47,43.3585777282715,-8.84564208984375,"Unknown"
"7014855",371852,2025-07-16 06:35:40,43.3592872619629,-8.84545803070068,"Unknown"
"7014855",371852,2025-07-16 06:40:43,43.3601493835449,-8.84307384490967,"Unknown"
"7014855",371852,2025-07-16 06:45:40,43.360050201416,-8.84307479858398,"Unknown"
"7014855",371852,2025-07-16 06:50:41,43.3601188659668,-8.8434009552002,"Unknown"
"7014855",371852,2025-07-16 06:55:41,43.3601150512695,-8.84317016601562,"Unknown"
"7014855",371852,2025-07-16 07:00:41,43.360050201416,-8.84365272521973,"Unknown"
"7014855",371852,2025-07-16 07:05:41,43.3600540161133,-8.84328174591064,"Unknown"
"7014855",371852,2025-07-16 07:10:43,43.3598022460938,-8.84325218200684,"Unknown"
"7014855",371852,2025-07-16 07:15:40,43.3599853515625,-8.84322261810303,"Unknown"
"7014855",371852,2025-07-16 07:20:53,43.3427429199219,-8.8256139755249,"Unknown"
"7014855",371852,2025-07-16 07:25:43,43.323486328125,-8.80615520477295,"Unknown"
"7014855",371852,2025-07-16 07:30:42,43.323055267334,-8.80578804016113,"Unknown"
"7014855",371852,2025-07-16 07:37:04,43.3230514526367,-8.80597400665283,"Unknown"
"7014855",371852,2025-07-16 07:41:35,43.3231201171875,-8.80586910247803,"Unknown"
"7014855",371852,2025-07-16 07:45:45,43.3229904174805,-8.80591678619385,"Unknown"
"7014855",371852,2025-07-16 07:50:46,43.3230171203613,-8.8059663772583,"Unknown"
"7014855",371852,2025-07-16 07:55:45,43.3230781555176,-8.80599594116211,"Unknown"
"7014855",371852,2025-07-16 08:00:41,43.3234481811523,-8.80616283416748,"Unknown"
"7014855",371852,2025-07-16 08:05:42,43.3234939575195,-8.80617713928223,"Unknown"
"7014855",371852,2025-07-16 08:10:42,43.3230094909668,-8.8057222366333,"Unknown"
"7014855",371852,2025-07-16 08:15:42,43.3231468200684,-8.8058614730835,"Unknown"
"7014855",371852,2025-07-16 08:20:43,43.3232231140137,-8.80593967437744,"Unknown"
"7014855",371852,2025-07-16 08:25:46,43.3232421875,-8.80606269836426,"Unknown"
"7014855",371852,2025-07-16 08:30:44,43.3232574462891,-8.80624485015869,"Unknown"
"7014855",371852,2025-07-16 08:35:43,43.3221092224121,-8.80797004699707,"Unknown"
"7014855",371852,2025-07-16 08:40:43,43.3221473693848,-8.80808162689209,"Unknown"
"7014855",371852,2025-07-16 08:45:43,43.3220672607422,-8.80805397033691,"Unknown"
"7014855",371852,2025-07-16 08:50:56,43.3176231384277,-8.80528736114502,"Unknown"
"7014855",371852,2025-07-16 08:56:15,43.3176498413086,-8.80533599853516,"Unknown"
"7014855",371852,2025-07-16 09:00:50,43.3178558349609,-8.80549144744873,"Unknown"
"7014855",371852,2025-07-16 09:06:14,43.317756652832,-8.80530166625977,"Unknown"
"7014855",371852,2025-07-16 09:11:14,43.3177528381348,-8.8052806854248,"Unknown"
"7014855",371852,2025-07-16 09:15:54,43.3176155090332,-8.80509853363037,"Unknown"
"7014855",371852,2025-07-16 09:21:00,43.3179054260254,-8.80574893951416,"Unknown"
"7014855",371852,2025-07-16 09:25:48,43.317756652832,-8.80533218383789,"Unknown"
"7014855",371852,2025-07-16 09:30:43,43.3178329467773,-8.80531406402588,"Unknown"
"7014855",371852,2025-07-16 09:35:46,43.322681427002,-8.80466747283936,"Unknown"
"7014855",371852,2025-07-16 09:40:46,43.3232917785645,-8.80561351776123,"Unknown"
"7014855",371852,2025-07-16 09:45:41,43.32421875,-8.80553913116455,"Unknown"
"7014855",371852,2025-07-16 09:51:23,43.3423004150391,-8.83114814758301,"Unknown"
"7014855",371852,2025-07-16 09:55:40,43.3526382446289,-8.83922576904297,"Unknown"
"7014855",371852,2025-07-16 10:00:50,43.3601493835449,-8.84309005737305,"Unknown"
"7014855",371852,2025-07-16 10:06:01,43.3600616455078,-8.84292030334473,"Unknown"
"7014855",371852,2025-07-16 10:10:40,43.3600654602051,-8.84288883209229,"Unknown"
"7014855",371852,2025-07-16 10:15:42,43.3600845336914,-8.84292221069336,"Unknown"
"7014855",371852,2025-07-16 10:20:39,43.3601036071777,-8.84309196472168,"Unknown"
"7014855",371852,2025-07-16 10:25:48,43.3600158691406,-8.84316921234131,"Unknown"
"7014855",371852,2025-07-16 10:30:39,43.3600730895996,-8.84339904785156,"Unknown"
"7014855",371852,2025-07-16 10:35:42,43.3599510192871,-8.84316539764404,"Unknown"
"7014855",371852,2025-07-16 10:40:43,43.3599090576172,-8.84328651428223,"Unknown"
"7014855",371852,2025-07-16 10:45:41,43.3601188659668,-8.84324169158936,"Unknown"
"7014855",371852,2025-07-16 10:50:45,43.3602256774902,-8.84322452545166,"Unknown"
"7014855",371852,2025-07-16 10:55:40,43.3600959777832,-8.84301090240479,"Unknown"
"7014855",371852,2025-07-16 11:00:41,43.3603324890137,-8.84309959411621,"Unknown"
"7014855",371852,2025-07-16 11:05:41,43.3601684570312,-8.8431453704834,"Unknown"
"7014855",371852,2025-07-16 11:10:40,43.3601875305176,-8.84326648712158,"Unknown"
"7014855",371852,2025-07-16 11:15:42,43.3604393005371,-8.84309196472168,"Unknown"
"7014855",371852,2025-07-16 11:20:42,43.3602142333984,-8.84314823150635,"Unknown"
"7014855",371852,2025-07-16 11:25:49,43.3601264953613,-8.84310722351074,"Unknown"
"7014855",371852,2025-07-16 11:30:43,43.3599052429199,-8.84313774108887,"Unknown"
"7014855",371852,2025-07-16 11:35:57,43.3600234985352,-8.84312915802002,"Unknown"
"7014855",371852,2025-07-16 11:40:45,43.3600845336914,-8.84300327301025,"Unknown"
"7014855",371852,2025-07-16 11:46:01,43.3600273132324,-8.84323310852051,"Unknown"
"7014855",371852,2025-07-16 11:50:40,43.3422393798828,-8.82936477661133,"Unknown"
"7014855",371852,2025-07-16 11:55:41,43.3232727050781,-8.80579662322998,"Unknown"
"7014855",371852,2025-07-16 12:00:40,43.3231506347656,-8.80577850341797,"Unknown"
"7014855",371852,2025-07-16 12:05:42,43.3233375549316,-8.80575656890869,"Unknown"
"7014855",371852,2025-07-16 12:10:42,43.3230934143066,-8.80570125579834,"Unknown"
"7014855",371852,2025-07-16 12:15:42,43.3230514526367,-8.80648040771484,"Unknown"
"7014855",371852,2025-07-16 12:20:49,43.3237686157227,-8.80667591094971,"Unknown"
"7014855",371852,2025-07-16 12:25:51,43.3235969543457,-8.80652618408203,"Unknown"
"7014855",371852,2025-07-16 12:30:42,43.3228721618652,-8.80562973022461,"Unknown"
"7014855",371852,2025-07-16 12:35:42,43.3234596252441,-8.80619812011719,"Unknown"
"7014855",371852,2025-07-16 12:40:42,43.3232727050781,-8.80610275268555,"Unknown"
"7014855",371852,2025-07-16 12:45:42,43.3235473632812,-8.806471824646,"Unknown"
"7014855",371852,2025-07-16 12:50:46,43.3234100341797,-8.80618572235107,"Unknown"
"7014855",371852,2025-07-16 12:55:47,43.323486328125,-8.80645656585693,"Unknown"
"7014855",371852,2025-07-16 13:00:45,43.3231887817383,-8.80694103240967,"Unknown"
"7014855",371852,2025-07-16 13:05:52,43.3239326477051,-8.80758666992188,"Unknown"
"7014855",371852,2025-07-16 13:10:52,43.3232536315918,-8.80604648590088,"Unknown"
"7014855",371852,2025-07-16 13:15:52,43.3231506347656,-8.80579948425293,"Unknown"
"7014855",371852,2025-07-16 13:20:46,43.3238410949707,-8.80655574798584,"Unknown"
"7014855",371852,2025-07-16 13:25:43,43.3235321044922,-8.8064432144165,"Unknown"
"7014855",371852,2025-07-16 13:30:43,43.3235397338867,-8.80644989013672,"Unknown"
"7014855",371852,2025-07-16 13:35:47,43.3237686157227,-8.80656719207764,"Unknown"
"7014855",371852,2025-07-16 13:40:42,43.3391227722168,-8.82052326202393,"Unknown"
"7014855",371852,2025-07-16 13:45:42,43.3566284179688,-8.83433818817139,"Unknown"
"7014855",371852,2025-07-16 13:50:44,43.3600997924805,-8.84312343597412,"Unknown"
"7014855",371852,2025-07-16 13:55:45,43.3601417541504,-8.84308338165283,"Unknown"
"7014855",371852,2025-07-16 14:01:05,43.3600997924805,-8.84302997589111,"Unknown"
"7014855",371852,2025-07-16 14:05:40,43.3600959777832,-8.84306526184082,"Unknown"
"7014855",371852,2025-07-16 14:10:40,43.3600845336914,-8.84308815002441,"Unknown"
"7014855",371852,2025-07-16 14:15:40,43.3600692749023,-8.84300327301025,"Unknown"
"7014855",371852,2025-07-16 14:20:40,43.3600692749023,-8.84306716918945,"Unknown"
"7014855",371852,2025-07-16 14:25:40,43.3600769042969,-8.84303855895996,"Unknown"
"7014855",371852,2025-07-16 14:30:40,43.3599662780762,-8.84318256378174,"Unknown"
"7014855",371852,2025-07-16 14:35:41,43.3599395751953,-8.84320449829102,"Unknown"
"7014855",371852,2025-07-16 14:40:42,43.3600425720215,-8.84310817718506,"Unknown"
"7014855",371852,2025-07-16 14:45:42,43.3599967956543,-8.84304237365723,"Unknown"
"7014855",371852,2025-07-16 14:50:43,43.3600234985352,-8.8430061340332,"Unknown"
"7014855",371852,2025-07-16 14:55:46,43.3600196838379,-8.84303760528564,"Unknown"
"7014855",371852,2025-07-16 15:00:43,43.3600006103516,-8.84306907653809,"Unknown"
"7014855",371852,2025-07-16 15:05:41,43.3600120544434,-8.8430757522583,"Unknown"
"7014855",371852,2025-07-16 15:10:43,43.3599662780762,-8.8432035446167,"Unknown"
"7014855",371852,2025-07-16 15:15:44,43.3598976135254,-8.84326171875,"Unknown"
"7014855",371852,2025-07-16 15:20:53,43.3598823547363,-8.84313583374023,"Unknown"
"7014855",371852,2025-07-16 15:26:05,43.3600044250488,-8.8430814743042,"Unknown"
"7014855",371852,2025-07-16 15:30:41,43.3600387573242,-8.84322738647461,"Unknown"
"7014855",371852,2025-07-16 15:35:41,43.3600044250488,-8.84324264526367,"Unknown"
"7014855",371852,2025-07-16 15:40:41,43.3600044250488,-8.84316635131836,"Unknown"
"7014855",371852,2025-07-16 15:45:40,43.3600120544434,-8.84331893920898,"Unknown"
"7014855",371852,2025-07-16 15:50:41,43.3600769042969,-8.84310817718506,"Unknown"
"7014855",371852,2025-07-16 15:55:41,43.3600463867188,-8.84316349029541,"Unknown"
"7014855",371852,2025-07-16 16:00:41,43.3600769042969,-8.84309577941895,"Unknown"
"7014855",371852,2025-07-16 16:05:44,43.3599967956543,-8.84322166442871,"Unknown"
"7014855",371852,2025-07-16 16:10:42,43.3600654602051,-8.84310150146484,"Unknown"
"7014855",371852,2025-07-16 16:15:44,43.359977722168,-8.84339046478271,"Unknown"
"7014855",371852,2025-07-16 16:20:43,43.3601150512695,-8.84300136566162,"Unknown"
"7014855",371852,2025-07-16 16:25:42,43.3352890014648,-8.85551929473877,"Unknown"
"7014855",371852,2025-07-16 16:30:41,43.3143920898438,-8.85651683807373,"Unknown"
"7014855",371852,2025-07-16 16:35:41,43.313549041748,-8.85769176483154,"Unknown"
"7014855",371852,2025-07-16 16:40:46,43.3162689208984,-8.85731506347656,"Unknown"
"7014855",371852,2025-07-16 16:46:13,43.3194274902344,-8.85605621337891,"Unknown"
"7014855",371852,2025-07-16 16:50:43,43.3198051452637,-8.85657978057861,"Unknown"
"7014855",371852,2025-07-16 16:56:05,43.3195724487305,-8.85635948181152,"Unknown"
"7014855",371852,2025-07-16 17:00:40,43.3196678161621,-8.85664176940918,"Unknown"
"7014855",371852,2025-07-16 17:05:41,43.3198852539062,-8.85651302337646,"Unknown"
"7014855",371852,2025-07-16 17:10:43,43.3202629089355,-8.85576438903809,"Unknown"
"7014855",371852,2025-07-16 17:15:42,43.3151817321777,-8.8287525177002,"Unknown"
"7014855",371852,2025-07-16 17:20:41,43.3211936950684,-8.818434715271,"Unknown"
"7014855",371852,2025-07-16 17:25:43,43.3233871459961,-8.80609130859375,"Unknown"
"7014855",371852,2025-07-16 17:30:44,43.3235282897949,-8.80647373199463,"Unknown"
"7014855",371852,2025-07-16 17:35:43,43.3235549926758,-8.8063440322876,"Unknown"
"7014855",371852,2025-07-16 17:40:49,43.3235359191895,-8.80624485015869,"Unknown"
"7014855",371852,2025-07-16 17:45:46,43.3236465454102,-8.80660247802734,"Unknown"
"7014855",371852,2025-07-16 17:50:41,43.3233795166016,-8.805832862854,"Unknown"
"7014855",371852,2025-07-16 17:55:50,43.3237266540527,-8.80600929260254,"Unknown"
"7014855",371852,2025-07-16 18:00:48,43.3232841491699,-8.80586242675781,"Unknown"
"7014855",371852,2025-07-16 18:05:55,43.3236427307129,-8.80560493469238,"Unknown"
"7014855",371852,2025-07-16 18:10:42,43.3253326416016,-8.81072235107422,"Unknown"
"7014855",371852,2025-07-16 18:15:49,43.3233375549316,-8.80599689483643,"Unknown"
"7014855",371852,2025-07-16 18:20:49,43.323299407959,-8.80602931976318,"Unknown"
"7014855",371852,2025-07-16 18:26:00,43.3233261108398,-8.80618667602539,"Unknown"
"7014855",371852,2025-07-16 18:30:49,43.323299407959,-8.80603694915771,"Unknown"
"7014855",371852,2025-07-16 18:36:05,43.3234100341797,-8.80586433410645,"Unknown"
"7014855",371852,2025-07-16 18:40:42,43.3237953186035,-8.80579566955566,"Unknown"
"7014855",371852,2025-07-16 18:45:47,43.3232879638672,-8.80627536773682,"Unknown"
"7014855",371852,2025-07-16 18:50:42,43.3234977722168,-8.80614376068115,"Unknown"
"7014855",371852,2025-07-16 18:55:42,43.3234710693359,-8.80615234375,"Unknown"
"7014855",371852,2025-07-16 19:00:44,43.3233642578125,-8.80594730377197,"Unknown"
"7014855",371852,2025-07-16 19:05:48,43.3232803344727,-8.80593395233154,"Unknown"
"7014855",371852,2025-07-16 19:10:41,43.3224487304688,-8.80548667907715,"Unknown"
"7014855",371852,2025-07-16 19:15:44,43.3233070373535,-8.80592441558838,"Unknown"
"7014855",371852,2025-07-16 19:20:46,43.3232917785645,-8.80591297149658,"Unknown"
"7014855",371852,2025-07-16 19:25:49,43.3233375549316,-8.8058967590332,"Unknown"
"7014855",371852,2025-07-16 19:30:52,43.3234405517578,-8.80606460571289,"Unknown"
"7014855",371852,2025-07-16 19:35:49,43.3233642578125,-8.80592727661133,"Unknown"
"7014855",371852,2025-07-16 19:42:04,43.3176612854004,-8.80458736419678,"Unknown"
"7014855",371852,2025-07-16 19:47:04,43.3176422119141,-8.80479526519775,"Unknown"
"7014855",371852,2025-07-16 19:52:04,43.3194694519043,-8.8048267364502,"Unknown"
"7014855",371852,2025-07-16 19:55:50,43.322681427002,-8.80410099029541,"Unknown"
"7014855",371852,2025-07-16 20:01:13,43.3225212097168,-8.80410194396973,"Unknown"
"7014855",371852,2025-07-16 20:05:44,43.322811126709,-8.80398654937744,"Unknown"
"7014855",371852,2025-07-16 20:10:46,43.3226547241211,-8.8037109375,"Unknown"
"7014855",371852,2025-07-16 20:15:47,43.3224411010742,-8.80397033691406,"Unknown"
"7014855",371852,2025-07-16 20:20:41,43.3227233886719,-8.80390930175781,"Unknown"
"7014855",371852,2025-07-16 20:25:40,43.3244247436523,-8.80559253692627,"Unknown"
"7014855",371852,2025-07-16 20:30:40,43.3337745666504,-8.81419658660889,"Unknown"
"7014855",371852,2025-07-16 20:35:41,43.3520889282227,-8.83208084106445,"Unknown"
"7014855",371852,2025-07-16 20:40:41,43.3608283996582,-8.83710956573486,"Unknown"
"7014855",371852,2025-07-16 20:45:41,43.3598480224609,-8.84343719482422,"Unknown"
"7014855",371852,2025-07-16 20:50:46,43.3600616455078,-8.84351253509521,"Unknown"
"7014855",371852,2025-07-16 20:55:42,43.350154876709,-8.81459808349609,"Unknown"
"7014855",371852,2025-07-16 21:00:44,43.3396606445312,-8.78969097137451,"Unknown"
"7014855",371852,2025-07-16 21:05:42,43.3333892822266,-8.78185272216797,"Unknown"
"7014855",371852,2025-07-16 21:10:43,43.3204689025879,-8.74131679534912,"Unknown"
"7014855",371852,2025-07-16 21:15:41,43.3174095153809,-8.73797130584717,"Unknown"
"7014855",371852,2025-07-16 21:20:44,43.3101196289062,-8.73867607116699,"Unknown"
"7014855",371852,2025-07-16 21:25:47,43.3158683776855,-8.73855590820312,"Unknown"
"7014855",371852,2025-07-16 21:30:41,43.3153648376465,-8.73876857757568,"Unknown"
"7014855",371852,2025-07-16 21:35:47,43.3148040771484,-8.73885917663574,"Unknown"
"7014855",371852,2025-07-16 21:40:44,43.3143615722656,-8.73921871185303,"Unknown"
"7014855",371852,2025-07-16 21:45:42,43.3218307495117,-8.74953365325928,"Unknown"
"7014855",371852,2025-07-16 21:50:42,43.3222160339355,-8.76854991912842,"Unknown"
"7014855",371852,2025-07-16 21:55:47,43.3214645385742,-8.80646800994873,"Unknown"
"7014855",371852,2025-07-16 22:01:05,43.3219223022461,-8.80767631530762,"Unknown"
"7014855",371852,2025-07-16 22:05:42,43.3219604492188,-8.80835056304932,"Unknown"
"7014855",371852,2025-07-16 22:11:15,43.3218231201172,-8.80774879455566,"Unknown"
"7014855",371852,2025-07-16 22:15:42,43.3217620849609,-8.80773162841797,"Unknown"
"7014855",371852,2025-07-16 22:20:48,43.321533203125,-8.80754470825195,"Unknown"
"7014855",371852,2025-07-16 22:25:50,43.3220825195312,-8.80782127380371,"Unknown"
"7014855",371852,2025-07-16 22:30:46,43.3218955993652,-8.80758285522461,"Unknown"
"7014855",371852,2025-07-16 22:35:44,43.3218116760254,-8.80769443511963,"Unknown"
"7014855",371852,2025-07-16 22:40:46,43.3221015930176,-8.8076810836792,"Unknown"
"7014855",371852,2025-07-16 22:46:35,43.3217010498047,-8.80782604217529,"Unknown"
"7014855",371852,2025-07-16 22:50:40,43.3227119445801,-8.80815124511719,"Unknown"
"7014855",371852,2025-07-16 22:55:50,43.3202857971191,-8.80708599090576,"Unknown"
"7014855",371852,2025-07-16 23:00:44,43.3196029663086,-8.80557250976562,"Unknown"
"7014855",371852,2025-07-16 23:05:56,43.3208808898926,-8.8074312210083,"Unknown"
"7014855",371852,2025-07-16 23:10:51,43.3215484619141,-8.80771732330322,"Unknown"
"7014855",371852,2025-07-16 23:15:48,43.3201942443848,-8.80659294128418,"Unknown"
"7014855",371852,2025-07-16 23:20:51,43.3203353881836,-8.80701923370361,"Unknown"
"7014855",371852,2025-07-16 23:25:52,43.3205451965332,-8.80713176727295,"Unknown"
"7014855",371852,2025-07-16 23:30:54,43.3218040466309,-8.8075008392334,"Unknown"
"7014855",371852,2025-07-16 23:36:01,43.3218040466309,-8.8076286315918,"Unknown"
"7014855",371852,2025-07-16 23:40:41,43.3218650817871,-8.80756378173828,"Unknown"
"7014855",371852,2025-07-16 23:45:40,43.3218803405762,-8.80764102935791,"Unknown"
"7014855",371852,2025-07-16 23:50:43,43.321849822998,-8.80765914916992,"Unknown"
"7014855",371852,2025-07-16 23:55:41,43.3218612670898,-8.80752849578857,"Unknown"
"7014855",371852,2025-07-17 00:00:41,43.321949005127,-8.80758666992188,"Unknown"
"7014855",371852,2025-07-17 00:05:42,43.3219871520996,-8.80755424499512,"Unknown"
"7014855",371852,2025-07-17 00:10:46,43.3218193054199,-8.80760478973389,"Unknown"
"7014855",371852,2025-07-17 00:15:51,43.3218994140625,-8.80770969390869,"Unknown"
"7014855",371852,2025-07-17 00:20:41,43.3218841552734,-8.80757713317871,"Unknown"
"7014855",371852,2025-07-17 00:25:44,43.3217544555664,-8.80742931365967,"Unknown"
"7014855",371852,2025-07-17 00:30:55,43.3217849731445,-8.80759525299072,"Unknown"
"7014855",371852,2025-07-17 00:35:41,43.3216285705566,-8.80738544464111,"Unknown"
"7014855",371852,2025-07-17 00:40:40,43.3219451904297,-8.80778503417969,"Unknown"
"7014855",371852,2025-07-17 00:45:41,43.3218612670898,-8.80765342712402,"Unknown"
"7014855",371852,2025-07-17 00:50:41,43.3218536376953,-8.80756378173828,"Unknown"
"7014855",371852,2025-07-17 00:55:41,43.3218765258789,-8.80746269226074,"Unknown"
"7014855",371852,2025-07-17 01:00:45,43.3217468261719,-8.80760288238525,"Unknown"
"7014855",371852,2025-07-17 01:05:46,43.3216552734375,-8.80750370025635,"Unknown"
"7014855",371852,2025-07-17 01:10:44,43.3217849731445,-8.80765151977539,"Unknown"
"7014855",371852,2025-07-17 01:16:07,43.3218650817871,-8.80777359008789,"Unknown"
"7014855",371852,2025-07-17 01:20:42,43.3217086791992,-8.80756855010986,"Unknown"
"7014855",371852,2025-07-17 01:25:45,43.3218536376953,-8.80777740478516,"Unknown"
"7014855",371852,2025-07-17 01:31:05,43.3219566345215,-8.80785655975342,"Unknown"
"7014855",371852,2025-07-17 01:35:46,43.321891784668,-8.80773162841797,"Unknown"
"7014855",371852,2025-07-17 01:40:41,43.3217658996582,-8.80750274658203,"Unknown"
"7014855",371852,2025-07-17 01:45:42,43.3218193054199,-8.80668163299561,"Unknown"
"7014855",371852,2025-07-17 01:50:45,43.3216438293457,-8.80737209320068,"Unknown"
"7014855",371852,2025-07-17 01:55:46,43.3220863342285,-8.80789279937744,"Unknown"
"7014855",371852,2025-07-17 02:00:45,43.3221893310547,-8.80769348144531,"Unknown"
"7014855",371852,2025-07-17 02:05:49,43.3218002319336,-8.80763053894043,"Unknown"
"7014855",371852,2025-07-17 02:10:46,43.3219032287598,-8.80772972106934,"Unknown"
"7014855",371852,2025-07-17 02:15:45,43.3217124938965,-8.80795764923096,"Unknown"
"7014855",371852,2025-07-17 02:20:44,43.3218383789062,-8.80777645111084,"Unknown"
"7014855",371852,2025-07-17 02:25:42,43.3218688964844,-8.80814361572266,"Unknown"
"7014855",371852,2025-07-17 02:30:41,43.3220138549805,-8.807861328125,"Unknown"
"7014855",371852,2025-07-17 02:35:45,43.3219909667969,-8.80792427062988,"Unknown"
"7014855",371852,2025-07-17 02:40:48,43.3218383789062,-8.80771541595459,"Unknown"
"7014855",371852,2025-07-17 02:45:48,43.3219909667969,-8.80778789520264,"Unknown"
"7014855",371852,2025-07-17 02:50:54,43.321907043457,-8.80771446228027,"Unknown"
"7014855",371852,2025-07-17 02:55:49,43.3217468261719,-8.80768966674805,"Unknown"
"7014855",371852,2025-07-17 03:00:47,43.3218955993652,-8.80779361724854,"Unknown"
"7014855",371852,2025-07-17 03:05:47,43.3219375610352,-8.80780220031738,"Unknown"
"7014855",371852,2025-07-17 03:10:45,43.3219337463379,-8.8078784942627,"Unknown"
"7014855",371852,2025-07-17 03:15:42,43.3220825195312,-8.80844783782959,"Unknown"
"7014855",371852,2025-07-17 03:20:45,43.321704864502,-8.80720710754395,"Unknown"
"7014855",371852,2025-07-17 03:25:48,43.3217964172363,-8.80790138244629,"Unknown"
"7014855",371852,2025-07-17 03:30:45,43.3217887878418,-8.80880928039551,"Unknown"
"7014855",371852,2025-07-17 03:36:20,43.3217124938965,-8.80802726745605,"Unknown"
"7014855",371852,2025-07-17 03:40:43,43.321834564209,-8.80781936645508,"Unknown"
"7014855",371852,2025-07-17 03:45:43,43.3217658996582,-8.80782508850098,"Unknown"
"7014855",371852,2025-07-17 03:50:52,43.3217887878418,-8.80791568756104,"Unknown"
"7014855",371852,2025-07-17 03:55:47,43.3217353820801,-8.80794906616211,"Unknown"
"7014855",371852,2025-07-17 04:01:13,43.32177734375,-8.80773735046387,"Unknown"
"7014855",371852,2025-07-17 04:05:43,43.3217277526855,-8.80791091918945,"Unknown"
"7014855",371852,2025-07-17 04:10:45,43.3218383789062,-8.80785846710205,"Unknown"
"7014855",371852,2025-07-17 04:15:41,43.3215484619141,-8.80794811248779,"Unknown"
"7014855",371852,2025-07-17 04:20:43,43.3218727111816,-8.80784511566162,"Unknown"
"7014855",371852,2025-07-17 04:25:43,43.3217315673828,-8.80788040161133,"Unknown"
"7014855",371852,2025-07-17 04:30:41,43.3218383789062,-8.8078784942627,"Unknown"
"7014855",371852,2025-07-17 04:35:41,43.3218650817871,-8.80783653259277,"Unknown"
"7014855",371852,2025-07-17 04:40:54,43.3218269348145,-8.80786323547363,"Unknown"
"7014855",371852,2025-07-17 04:46:07,43.3230018615723,-8.80593204498291,"Unknown"
"7014855",371852,2025-07-17 04:50:45,43.3230476379395,-8.80599880218506,"Unknown"
"7014855",371852,2025-07-17 04:55:40,43.3230972290039,-8.80600261688232,"Unknown"
"7014855",371852,2025-07-17 05:00:43,43.3230285644531,-8.80598926544189,"Unknown"
"7014855",371852,2025-07-17 05:05:45,43.323055267334,-8.80599403381348,"Unknown"
"7014855",371852,2025-07-17 05:11:11,43.3230895996094,-8.80589866638184,"Unknown"
"7014855",371852,2025-07-17 05:15:40,43.3229789733887,-8.80601119995117,"Unknown"
"7014855",371852,2025-07-17 05:20:43,43.322883605957,-8.80506706237793,"Unknown"
"7014855",371852,2025-07-17 05:25:44,43.3232345581055,-8.80611324310303,"Unknown"
"7014855",371852,2025-07-17 05:30:40,43.3236846923828,-8.8054666519165,"Unknown"
"7014855",371852,2025-07-17 05:35:44,43.3237457275391,-8.80526542663574,"Unknown"
"7014855",371852,2025-07-17 05:40:42,43.3226318359375,-8.80575847625732,"Unknown"
"7014855",371852,2025-07-17 05:46:14,43.3229904174805,-8.80573272705078,"Unknown"
"7014855",371852,2025-07-17 05:50:45,43.323169708252,-8.80581665039062,"Unknown"
"7014855",371852,2025-07-17 05:56:03,43.3224601745605,-8.80753231048584,"Unknown"
"7014855",371852,2025-07-17 06:01:14,43.3222808837891,-8.80772590637207,"Unknown"
"7014855",371852,2025-07-17 06:05:40,43.3227424621582,-8.80506038665771,"Unknown"
"7014855",371852,2025-07-17 06:10:40,43.3292846679688,-8.82575511932373,"Unknown"
"7014855",371852,2025-07-17 06:15:43,43.3456954956055,-8.83922100067139,"Unknown"
"7014855",371852,2025-07-17 06:20:45,43.3598899841309,-8.84307384490967,"Unknown"
"7014855",371852,2025-07-17 06:25:47,43.3599395751953,-8.84315586090088,"Unknown"
"7014855",371852,2025-07-17 06:30:47,43.3602027893066,-8.84303665161133,"Unknown"
"7014855",371852,2025-07-17 06:35:41,43.3501968383789,-8.83627700805664,"Unknown"
"7014855",371852,2025-07-17 06:40:40,43.3270721435547,-8.81683254241943,"Unknown"
"7014855",371852,2025-07-17 06:46:05,43.3230094909668,-8.80605125427246,"Unknown"
"7014855",371852,2025-07-17 06:50:43,43.3233032226562,-8.80594444274902,"Unknown"
"7014855",371852,2025-07-17 06:55:44,43.3234558105469,-8.80619144439697,"Unknown"
"7014855",371852,2025-07-17 07:00:44,43.3227386474609,-8.80555057525635,"Unknown"
"7014855",371852,2025-07-17 07:05:42,43.3228569030762,-8.80618000030518,"Unknown"
"7014855",371852,2025-07-17 07:10:45,43.3232460021973,-8.80593109130859,"Unknown"
"7014855",371852,2025-07-17 07:15:48,43.3234596252441,-8.80619049072266,"Unknown"
"7014855",371852,2025-07-17 07:20:42,43.3231964111328,-8.80571269989014,"Unknown"
"7014855",371852,2025-07-17 07:25:47,43.3232116699219,-8.80507564544678,"Unknown"
"7014855",371852,2025-07-17 07:30:49,43.3220825195312,-8.80569553375244,"Unknown"
"7014855",371852,2025-07-17 07:36:19,43.3218307495117,-8.81807231903076,"Unknown"
"7014855",371852,2025-07-17 07:40:40,43.3357238769531,-8.8285551071167,"Unknown"
"7014855",371852,2025-07-17 07:45:41,43.3467063903809,-8.83793544769287,"Unknown"
"7014855",371852,2025-07-17 07:50:41,43.3597106933594,-8.84224510192871,"Unknown"
"7014855",371852,2025-07-17 07:55:42,43.3599281311035,-8.84181308746338,"Unknown"
"7014855",371852,2025-07-17 08:00:41,43.3598442077637,-8.8420877456665,"Unknown"
"7014855",371852,2025-07-17 08:05:45,43.359806060791,-8.84388637542725,"Unknown"
"7014855",371852,2025-07-17 08:10:45,43.3617897033691,-8.84333610534668,"Unknown"
"7014855",371852,2025-07-17 08:15:42,43.3595695495605,-8.84199047088623,"Unknown"
"7014855",371852,2025-07-17 08:20:46,43.360481262207,-8.84403324127197,"Unknown"
"7014855",371852,2025-07-17 08:25:46,43.3596458435059,-8.84440135955811,"Unknown"
"7014855",371852,2025-07-17 08:30:48,43.3605270385742,-8.84408187866211,"Unknown"
"7014855",371852,2025-07-17 08:35:50,43.360652923584,-8.84402275085449,"Unknown"
"7014855",371852,2025-07-17 08:41:05,43.3618316650391,-8.84350299835205,"Unknown"
"7014855",371852,2025-07-17 08:45:42,43.359790802002,-8.84648323059082,"Unknown"
"7014855",371852,2025-07-17 08:50:46,43.359447479248,-8.8465518951416,"Unknown"
"7014855",371852,2025-07-17 08:55:47,43.3602485656738,-8.8441162109375,"Unknown"
"7014855",371852,2025-07-17 09:00:45,43.3606033325195,-8.84343528747559,"Unknown"
"7014855",371852,2025-07-17 09:05:49,43.361011505127,-8.84347915649414,"Unknown"
"7014855",371852,2025-07-17 09:10:43,43.3601570129395,-8.843918800354,"Unknown"
"7014855",371852,2025-07-17 09:15:48,43.3606262207031,-8.84349060058594,"Unknown"
"7014855",371852,2025-07-17 09:20:51,43.3606491088867,-8.84336090087891,"Unknown"
"7014855",371852,2025-07-17 09:25:56,43.3607177734375,-8.84323024749756,"Unknown"
"7014855",371852,2025-07-17 09:30:48,43.3605499267578,-8.84318828582764,"Unknown"
"7014855",371852,2025-07-17 09:35:50,43.3602180480957,-8.84312343597412,"Unknown"
"7014855",371852,2025-07-17 09:40:48,43.3605804443359,-8.84309673309326,"Unknown"
"7014855",371852,2025-07-17 09:45:48,43.3603439331055,-8.8431510925293,"Unknown"
"7014855",371852,2025-07-17 09:50:45,43.3605155944824,-8.84329509735107,"Unknown"
"7014855",371852,2025-07-17 09:55:51,43.3601570129395,-8.84325981140137,"Unknown"
"7014855",371852,2025-07-17 10:01:05,43.3600654602051,-8.84310245513916,"Unknown"
"7014855",371852,2025-07-17 10:05:42,43.3599967956543,-8.84315013885498,"Unknown"
"7014855",371852,2025-07-17 10:10:42,43.3599967956543,-8.84314155578613,"Unknown"
"7014855",371852,2025-07-17 10:15:42,43.3600845336914,-8.84318256378174,"Unknown"
"7014855",371852,2025-07-17 10:20:42,43.3601036071777,-8.84317302703857,"Unknown"
"7014855",371852,2025-07-17 10:25:42,43.3600540161133,-8.84305477142334,"Unknown"
"7014855",371852,2025-07-17 10:30:42,43.3600692749023,-8.84306240081787,"Unknown"
"7014855",371852,2025-07-17 10:35:43,43.3601989746094,-8.84296035766602,"Unknown"
"7014855",371852,2025-07-17 10:40:43,43.3601188659668,-8.84307765960693,"Unknown"
"7014855",371852,2025-07-17 10:45:42,43.3600196838379,-8.84298801422119,"Unknown"
"7014855",371852,2025-07-17 10:50:41,43.3598785400391,-8.84323692321777,"Unknown"
"7014855",371852,2025-07-17 10:55:45,43.3601913452148,-8.84303188323975,"Unknown"
"7014855",371852,2025-07-17 11:00:41,43.3600082397461,-8.84314918518066,"Unknown"
"7014855",371852,2025-07-17 11:05:42,43.3600769042969,-8.84309673309326,"Unknown"
"7014855",371852,2025-07-17 11:10:42,43.3601493835449,-8.84307289123535,"Unknown"
"7014855",371852,2025-07-17 11:15:43,43.3599052429199,-8.84345054626465,"Unknown"
"7014855",371852,2025-07-17 11:20:46,43.3598022460938,-8.84353542327881,"Unknown"
"7014855",371852,2025-07-17 11:25:44,43.3597679138184,-8.84346199035645,"Unknown"
"7014855",371852,2025-07-17 11:30:46,43.3598136901855,-8.84382438659668,"Unknown"
"7014855",371852,2025-07-17 11:35:51,43.3598175048828,-8.84358882904053,"Unknown"
"7014855",371852,2025-07-17 11:40:45,43.3602523803711,-8.84387493133545,"Unknown"
"7014855",371852,2025-07-17 11:45:43,43.3604965209961,-8.84404373168945,"Unknown"
"7014855",371852,2025-07-17 11:50:43,43.3611869812012,-8.84746074676514,"Unknown"
"7014855",371852,2025-07-17 11:55:42,43.3497772216797,-8.84032917022705,"Unknown"
"7014855",371852,2025-07-17 12:01:05,43.3252449035645,-8.80669784545898,"Unknown"
"7014855",371852,2025-07-17 12:05:40,43.3225898742676,-8.80483341217041,"Unknown"
"7014855",371852,2025-07-17 12:10:43,43.3222808837891,-8.80228614807129,"Unknown"
"7014855",371852,2025-07-17 12:27:30,43.3177299499512,-8.80487060546875,"Unknown"
"7014855",371852,2025-07-17 12:31:23,43.317699432373,-8.80489349365234,"Unknown"
"7014855",371852,2025-07-17 12:37:29,43.3177261352539,-8.8049259185791,"Unknown"
"7014855",371852,2025-07-17 12:42:29,43.3177795410156,-8.80470561981201,"Unknown"
"7014855",371852,2025-07-17 12:47:29,43.3177528381348,-8.80468845367432,"Unknown"
"7014855",371852,2025-07-17 12:52:29,43.3177261352539,-8.80495548248291,"Unknown"
"7014855",371852,2025-07-17 12:57:29,43.3178176879883,-8.80521106719971,"Unknown"
"7014855",371852,2025-07-17 13:02:29,43.3177375793457,-8.80515956878662,"Unknown"
"7014855",371852,2025-07-17 13:06:25,43.3180809020996,-8.80477333068848,"Unknown"
"7014855",371852,2025-07-17 13:11:08,43.3181991577148,-8.80480289459229,"Unknown"
"7014855",371852,2025-07-17 13:16:05,43.318187713623,-8.80491733551025,"Unknown"
"7014855",371852,2025-07-17 13:21:06,43.3181953430176,-8.80477333068848,"Unknown"
"7014855",371852,2025-07-17 13:26:05,43.3182258605957,-8.80481624603271,"Unknown"
"7014855",371852,2025-07-17 13:31:06,43.3181838989258,-8.8047924041748,"Unknown"
"7014855",371852,2025-07-17 13:36:06,43.3181686401367,-8.80474472045898,"Unknown"
"7014855",371852,2025-07-17 13:41:08,43.318229675293,-8.80487632751465,"Unknown"
"7014855",371852,2025-07-17 13:46:43,43.3184242248535,-8.80502986907959,"Unknown"
"7014855",371852,2025-07-17 13:51:05,43.318058013916,-8.80482292175293,"Unknown"
"7014855",371852,2025-07-17 13:56:35,43.3182411193848,-8.80507850646973,"Unknown"
"7014855",371852,2025-07-17 14:01:09,43.3185539245605,-8.80507564544678,"Unknown"
"7014855",371852,2025-07-17 14:06:06,43.3226051330566,-8.80391979217529,"Unknown"
"7014855",371852,2025-07-17 14:11:08,43.3225936889648,-8.80411148071289,"Unknown"
"7014855",371852,2025-07-17 14:16:10,43.3225250244141,-8.80401611328125,"Unknown"
"7014855",371852,2025-07-17 14:21:09,43.3225975036621,-8.80420207977295,"Unknown"
"7014855",371852,2025-07-17 14:26:06,43.322826385498,-8.80431938171387,"Unknown"
"7014855",371852,2025-07-17 14:31:08,43.3227348327637,-8.80427169799805,"Unknown"
"7014855",371852,2025-07-17 14:36:05,43.3228530883789,-8.80438613891602,"Unknown"
"7014855",371852,2025-07-17 14:41:05,43.3227844238281,-8.80434322357178,"Unknown"
"7014855",371852,2025-07-17 14:46:34,43.3225479125977,-8.80381870269775,"Unknown"
"7014855",371852,2025-07-17 14:51:09,43.3228492736816,-8.80436992645264,"Unknown"
"7014855",371852,2025-07-17 14:56:12,43.3236045837402,-8.8060474395752,"Unknown"
"7014855",371852,2025-07-17 15:02:09,43.3234596252441,-8.8060941696167,"Unknown"
"7014855",371852,2025-07-17 15:06:08,43.323356628418,-8.80619716644287,"Unknown"
"7014855",371852,2025-07-17 15:11:06,43.3232612609863,-8.80627346038818,"Unknown"
"7014855",371852,2025-07-17 15:16:09,43.323314666748,-8.80618667602539,"Unknown"
"7014855",371852,2025-07-17 15:21:06,43.3233909606934,-8.80608558654785,"Unknown"
"7014855",371852,2025-07-17 15:26:09,43.322998046875,-8.80659961700439,"Unknown"
"7014855",371852,2025-07-17 15:31:11,43.3232421875,-8.8064432144165,"Unknown"
"7014855",371852,2025-07-17 15:36:09,43.3231925964355,-8.80661487579346,"Unknown"
"7014855",371852,2025-07-17 15:41:07,43.3231353759766,-8.80633735656738,"Unknown"
"7014855",371852,2025-07-17 15:46:07,43.3233032226562,-8.80595684051514,"Unknown"
"7014855",371852,2025-07-17 15:51:08,43.3235054016113,-8.80554580688477,"Unknown"
"7014855",371852,2025-07-17 15:56:10,43.3237915039062,-8.80507850646973,"Unknown"
"7014855",371852,2025-07-17 16:01:18,43.3233680725098,-8.80580425262451,"Unknown"
"7014855",371852,2025-07-17 16:06:19,43.3233757019043,-8.80579662322998,"Unknown"
"7014855",371852,2025-07-17 16:11:18,43.323112487793,-8.80575942993164,"Unknown"
"7014855",371852,2025-07-17 16:16:35,43.3231468200684,-8.80644798278809,"Unknown"
"7014855",371852,2025-07-17 16:21:10,43.3233947753906,-8.80962467193604,"Unknown"
"7014855",371852,2025-07-17 16:26:06,43.3231201171875,-8.80705547332764,"Unknown"
"7014855",371852,2025-07-17 16:31:07,43.323356628418,-8.8064546585083,"Unknown"
"7014855",371852,2025-07-17 16:36:05,43.3232727050781,-8.80658340454102,"Unknown"
"7014855",371852,2025-07-17 16:41:10,43.3234405517578,-8.80678939819336,"Unknown"
"7014855",371852,2025-07-17 16:46:12,43.3236656188965,-8.80711269378662,"Unknown"
"7014855",371852,2025-07-17 16:51:35,43.3234786987305,-8.8062858581543,"Unknown"
"7014855",371852,2025-07-17 16:56:35,43.3235511779785,-8.80630779266357,"Unknown"
"7014855",371852,2025-07-17 17:01:07,43.3235549926758,-8.80630207061768,"Unknown"
"7014855",371852,2025-07-17 17:06:06,43.3237686157227,-8.80617332458496,"Unknown"
"7014855",371852,2025-07-17 17:11:05,43.3237419128418,-8.8062629699707,"Unknown"
"7014855",371852,2025-07-17 17:16:11,43.3235054016113,-8.80640316009521,"Unknown"
"7014855",371852,2025-07-17 17:21:23,43.323070526123,-8.80606937408447,"Unknown"
"7014855",371852,2025-07-17 17:26:06,43.3232841491699,-8.80648517608643,"Unknown"
"7014855",371852,2025-07-17 17:31:09,43.3234748840332,-8.80699920654297,"Unknown"
"7014855",371852,2025-07-17 17:36:06,43.3232269287109,-8.80652618408203,"Unknown"
"7014855",371852,2025-07-17 17:41:08,43.3233909606934,-8.80625820159912,"Unknown"
"7014855",371852,2025-07-17 17:46:07,43.3231735229492,-8.80643177032471,"Unknown"
"7014855",371852,2025-07-17 17:51:06,43.3228530883789,-8.80636119842529,"Unknown"
"7014855",371852,2025-07-17 17:56:06,43.323314666748,-8.8064432144165,"Unknown"
"7014855",371852,2025-07-17 18:01:06,43.322151184082,-8.80793762207031,"Unknown"
"7014855",371852,2025-07-17 18:06:06,43.3246231079102,-8.8103609085083,"Unknown"
"7014855",371852,2025-07-17 18:11:06,43.3392448425293,-8.82960605621338,"Unknown"
"7014855",371852,2025-07-17 18:16:06,43.3587913513184,-8.8461275100708,"Unknown"
"7014855",371852,2025-07-17 18:21:11,43.3598365783691,-8.84331607818604,"Unknown"
"7014855",371852,2025-07-17 18:26:06,43.359748840332,-8.84335899353027,"Unknown"
"7014855",371852,2025-07-17 18:31:08,43.3598937988281,-8.84318161010742,"Unknown"
"7014855",371852,2025-07-17 18:36:10,43.3599166870117,-8.84339904785156,"Unknown"
"7014855",371852,2025-07-17 18:41:16,43.3598251342773,-8.84329700469971,"Unknown"
"7014855",371852,2025-07-17 18:46:07,43.3598098754883,-8.84338855743408,"Unknown"
"7014855",371852,2025-07-17 18:51:15,43.3598899841309,-8.84336853027344,"Unknown"
"7014855",371852,2025-07-17 18:56:16,43.359935760498,-8.84298419952393,"Unknown"
"7014855",371852,2025-07-17 19:01:09,43.3602867126465,-8.84297561645508,"Unknown"
"7014855",371852,2025-07-17 19:06:09,43.3604927062988,-8.84324645996094,"Unknown"
"7014855",371852,2025-07-17 19:11:07,43.3605117797852,-8.84354019165039,"Unknown"
"7014855",371852,2025-07-17 19:16:13,43.360107421875,-8.84340381622314,"Unknown"
"7014855",371852,2025-07-17 19:21:15,43.3601341247559,-8.84342098236084,"Unknown"
"7014855",371852,2025-07-17 19:26:08,43.3600006103516,-8.8432731628418,"Unknown"
"7014855",371852,2025-07-17 19:31:13,43.3600616455078,-8.84342384338379,"Unknown"
"7014855",371852,2025-07-17 19:36:09,43.3594245910645,-8.84264087677002,"Unknown"
"7014855",371852,2025-07-17 19:41:11,43.3594093322754,-8.84236335754395,"Unknown"
"7014855",371852,2025-07-17 19:52:30,43.3607063293457,-8.84416580200195,"Unknown"
"7014855",371852,2025-07-17 19:57:30,43.3606567382812,-8.84421062469482,"Unknown"
"7014855",371852,2025-07-17 20:02:14,43.3607482910156,-8.84417152404785,"Unknown"
"7014855",371852,2025-07-17 20:07:27,43.3611831665039,-8.84422016143799,"Unknown"
"7014855",371852,2025-07-17 20:11:05,43.3609008789062,-8.84563255310059,"Unknown"
"7014855",371852,2025-07-17 20:16:11,43.3571624755859,-8.846116065979,"Unknown"
"7014855",371852,2025-07-17 20:21:08,43.3609085083008,-8.8449068069458,"Unknown"
"7014855",371852,2025-07-17 20:26:08,43.3600730895996,-8.84314441680908,"Unknown"
"7014855",371852,2025-07-17 20:31:06,43.3600730895996,-8.84328269958496,"Unknown"
"7014855",371852,2025-07-17 20:36:07,43.359920501709,-8.84321689605713,"Unknown"
"7014855",371852,2025-07-17 20:41:07,43.3599586486816,-8.84309196472168,"Unknown"
"7014855",371852,2025-07-17 20:46:12,43.3601341247559,-8.84309196472168,"Unknown"
"7014855",371852,2025-07-17 20:51:09,43.3602066040039,-8.8430871963501,"Unknown"
"7014855",371852,2025-07-17 20:56:06,43.3602638244629,-8.84311962127686,"Unknown"
"7014855",371852,2025-07-17 21:01:08,43.3600425720215,-8.84299468994141,"Unknown"
"7014855",371852,2025-07-17 21:06:07,43.3600311279297,-8.84304332733154,"Unknown"
"7014855",371852,2025-07-17 21:11:12,43.3599853515625,-8.84304904937744,"Unknown"
"7014855",371852,2025-07-17 21:16:15,43.3600158691406,-8.84300899505615,"Unknown"
"7014855",371852,2025-07-17 21:21:09,43.3600425720215,-8.84304428100586,"Unknown"
"7014855",371852,2025-07-17 21:26:08,43.3600044250488,-8.84299659729004,"Unknown"
"7014855",371852,2025-07-17 21:31:10,43.3600654602051,-8.84304332733154,"Unknown"
"7014855",371852,2025-07-17 21:36:12,43.3599967956543,-8.84300804138184,"Unknown"
"7014855",371852,2025-07-17 21:41:20,43.3600158691406,-8.84298419952393,"Unknown"
"7014855",371852,2025-07-17 21:46:06,43.3600921630859,-8.84300804138184,"Unknown"
"7014855",371852,2025-07-17 21:51:07,43.3603973388672,-8.84304141998291,"Unknown"
"7014855",371852,2025-07-17 21:56:11,43.3600234985352,-8.84300136566162,"Unknown"
"7014855",371852,2025-07-17 22:01:07,43.3600120544434,-8.84302425384521,"Unknown"
"7014855",371852,2025-07-17 22:06:10,43.3606109619141,-8.84304618835449,"Unknown"
"7014855",371852,2025-07-17 22:11:16,43.3600273132324,-8.8430347442627,"Unknown"
"7014855",371852,2025-07-17 22:16:09,43.3603096008301,-8.84302520751953,"Unknown"
"7014855",371852,2025-07-17 22:21:35,43.3600425720215,-8.84301948547363,"Unknown"
"7014855",371852,2025-07-17 22:26:06,43.3601112365723,-8.84295558929443,"Unknown"
"7014855",371852,2025-07-17 22:31:05,43.3600959777832,-8.84298038482666,"Unknown"
"7014855",371852,2025-07-17 22:36:05,43.3600463867188,-8.84299182891846,"Unknown"
"7014855",371852,2025-07-17 22:41:06,43.3601493835449,-8.84291934967041,"Unknown"
"7014855",371852,2025-07-17 22:46:06,43.3600883483887,-8.84305858612061,"Unknown"
"7014855",371852,2025-07-17 22:51:05,43.3600692749023,-8.84298992156982,"Unknown"
"7014855",371852,2025-07-17 22:56:05,43.3600196838379,-8.84297180175781,"Unknown"
"7014855",371852,2025-07-17 23:01:05,43.3600730895996,-8.84297847747803,"Unknown"
"7014855",371852,2025-07-17 23:06:17,43.3600196838379,-8.84296703338623,"Unknown"
"7014855",371852,2025-07-17 23:11:35,43.3600616455078,-8.84298133850098,"Unknown"
"7014855",371852,2025-07-17 23:16:05,43.3600654602051,-8.84299278259277,"Unknown"
"7014855",371852,2025-07-17 23:21:06,43.3600807189941,-8.8429594039917,"Unknown"
"7014855",371852,2025-07-17 23:26:06,43.3599700927734,-8.84282970428467,"Unknown"
"7014855",371852,2025-07-17 23:31:07,43.3599815368652,-8.84286117553711,"Unknown"
"7014855",371852,2025-07-17 23:36:06,43.3600845336914,-8.84298229217529,"Unknown"
"7014855",371852,2025-07-17 23:41:09,43.3601417541504,-8.84304714202881,"Unknown"
"7014855",371852,2025-07-17 23:46:06,43.3601722717285,-8.84279537200928,"Unknown"
"7014855",371852,2025-07-17 23:51:07,43.3599624633789,-8.8428430557251,"Unknown"
"7014855",371852,2025-07-17 23:56:45,43.3402481079102,-8.8217077255249,"Unknown"
"7014855",371852,2025-07-18 00:01:05,43.3236427307129,-8.80593681335449,"Unknown"
"7014855",371852,2025-07-18 00:06:09,43.3231086730957,-8.8058967590332,"Unknown"
"7014855",371852,2025-07-18 00:11:18,43.3229751586914,-8.805908203125,"Unknown"
"7014855",371852,2025-07-18 00:16:11,43.3230323791504,-8.80629825592041,"Unknown"
"7014855",371852,2025-07-18 00:21:07,43.3219184875488,-8.80762577056885,"Unknown"
"7014855",371852,2025-07-18 00:26:17,43.3220138549805,-8.8076229095459,"Unknown"
"7014855",371852,2025-07-18 00:31:11,43.3221054077148,-8.80777740478516,"Unknown"
"7014855",371852,2025-07-18 00:36:10,43.3222465515137,-8.80801582336426,"Unknown"
"7014855",371852,2025-07-18 00:41:08,43.3222465515137,-8.80686378479004,"Unknown"
"7014855",371852,2025-07-18 00:46:06,43.322093963623,-8.80789661407471,"Unknown"
"7014855",371852,2025-07-18 00:51:10,43.3214225769043,-8.80725765228271,"Unknown"
"7014855",371852,2025-07-18 00:56:35,43.3218154907227,-8.80766296386719,"Unknown"
"7014855",371852,2025-07-18 01:01:07,43.3217658996582,-8.80757427215576,"Unknown"
"7014855",371852,2025-07-18 01:06:07,43.3230857849121,-8.80593776702881,"Unknown"
"7014855",371852,2025-07-18 01:11:09,43.3229675292969,-8.80599498748779,"Unknown"
"7014855",371852,2025-07-18 01:16:18,43.3231048583984,-8.80610847473145,"Unknown"
"7014855",371852,2025-07-18 01:21:07,43.3231048583984,-8.80616855621338,"Unknown"
"7014855",371852,2025-07-18 01:26:35,43.3230209350586,-8.80598926544189,"Unknown"
"7014855",371852,2025-07-18 01:31:09,43.3228530883789,-8.80617237091064,"Unknown"
"7014855",371852,2025-07-18 01:36:09,43.3230171203613,-8.80582618713379,"Unknown"
"7014855",371852,2025-07-18 01:41:08,43.3219604492188,-8.80741786956787,"Unknown"
"7014855",371852,2025-07-18 01:46:06,43.322925567627,-8.80589962005615,"Unknown"
"7014855",371852,2025-07-18 01:51:16,43.3230361938477,-8.80607414245605,"Unknown"
"7014855",371852,2025-07-18 01:56:07,43.3223152160645,-8.80730247497559,"Unknown"
"7014855",371852,2025-07-18 02:01:08,43.3229293823242,-8.80599784851074,"Unknown"
"7014855",371852,2025-07-18 02:06:07,43.3236427307129,-8.80671215057373,"Unknown"
"7014855",371852,2025-07-18 02:11:13,43.3194580078125,-8.80212306976318,"Unknown"
"7014855",371852,2025-07-18 02:16:15,43.323184967041,-8.8064603805542,"Unknown"
"7014855",371852,2025-07-18 02:21:11,43.3228302001953,-8.80611705780029,"Unknown"
"7014855",371852,2025-07-18 02:26:44,43.3219985961914,-8.80779933929443,"Unknown"
"7014855",371852,2025-07-18 02:31:07,43.3218078613281,-8.80837440490723,"Unknown"
"7014855",371852,2025-07-18 02:36:18,43.322151184082,-8.80722999572754,"Unknown"
"7014855",371852,2025-07-18 02:41:07,43.3218460083008,-8.80777263641357,"Unknown"
"7014855",371852,2025-07-18 02:46:18,43.3218765258789,-8.80775165557861,"Unknown"
"7014855",371852,2025-07-18 02:51:13,43.3219528198242,-8.8076343536377,"Unknown"
"7014855",371852,2025-07-18 02:56:18,43.3217964172363,-8.8075647354126,"Unknown"
"7014855",371852,2025-07-18 03:01:18,43.3217353820801,-8.80752182006836,"Unknown"
"7014855",371852,2025-07-18 03:06:19,43.3218803405762,-8.80745410919189,"Unknown"
"7014855",371852,2025-07-18 03:11:19,43.321475982666,-8.80838584899902,"Unknown"
"7014855",371852,2025-07-18 03:16:18,43.3218307495117,-8.80781269073486,"Unknown"
"7014855",371852,2025-07-18 03:21:19,43.3217887878418,-8.80757236480713,"Unknown"
"7014855",371852,2025-07-18 03:26:19,43.3217697143555,-8.80781936645508,"Unknown"
"7014855",371852,2025-07-18 03:31:29,43.3230972290039,-8.80592727661133,"Unknown"
"7014855",371852,2025-07-18 03:36:07,43.321647644043,-8.8069543838501,"Unknown"
"7014855",371852,2025-07-18 03:41:38,43.3230056762695,-8.80583095550537,"Unknown"
"7014855",371852,2025-07-18 03:46:07,43.3219718933105,-8.80786228179932,"Unknown"
"7014855",371852,2025-07-18 03:51:06,43.321647644043,-8.80740737915039,"Unknown"
"7014855",371852,2025-07-18 03:56:06,43.3218116760254,-8.80758285522461,"Unknown"
"7014855",371852,2025-07-18 04:01:05,43.3217353820801,-8.80746269226074,"Unknown"
"7014855",371852,2025-07-18 04:06:08,43.3218307495117,-8.80760097503662,"Unknown"
"7014855",371852,2025-07-18 04:11:07,43.321662902832,-8.8073902130127,"Unknown"
"7014855",371852,2025-07-18 04:16:06,43.321647644043,-8.80717468261719,"Unknown"
"7014855",371852,2025-07-18 04:21:07,43.321907043457,-8.80814838409424,"Unknown"
"7014855",371852,2025-07-18 04:26:07,43.3217582702637,-8.80753326416016,"Unknown"
"7014855",371852,2025-07-18 04:31:12,43.3219146728516,-8.80799102783203,"Unknown"
"7014855",371852,2025-07-18 04:36:06,43.3230667114258,-8.80562973022461,"Unknown"
"7014855",371852,2025-07-18 04:42:06,43.323112487793,-8.80643844604492,"Unknown"
"7014855",371852,2025-07-18 04:46:07,43.3229370117188,-8.80588817596436,"Unknown"
"7014855",371852,2025-07-18 04:51:11,43.3226509094238,-8.80591487884521,"Unknown"
"7014855",371852,2025-07-18 04:56:33,43.3231773376465,-8.80596446990967,"Unknown"
"7014855",371852,2025-07-18 05:01:11,43.3231315612793,-8.80545043945312,"Unknown"
"7014855",371852,2025-07-18 05:06:07,43.3229560852051,-8.80517864227295,"Unknown"
"7014855",371852,2025-07-18 05:11:07,43.3231544494629,-8.80580997467041,"Unknown"
"7014855",371852,2025-07-18 05:16:11,43.3229026794434,-8.80512523651123,"Unknown"
"7014855",371852,2025-07-18 05:21:10,43.3230781555176,-8.8060245513916,"Unknown"
"7014855",371852,2025-07-18 05:26:14,43.322639465332,-8.80518817901611,"Unknown"
"7014855",371852,2025-07-18 05:31:35,43.3231353759766,-8.80611991882324,"Unknown"
"7014855",371852,2025-07-18 05:36:08,43.3234825134277,-8.80670833587646,"Unknown"
"7014855",371852,2025-07-18 05:41:10,43.3232688903809,-8.80651569366455,"Unknown"
"7014855",371852,2025-07-18 05:46:06,43.3234024047852,-8.80624008178711,"Unknown"
"7014855",371852,2025-07-18 05:51:12,43.3232421875,-8.80643177032471,"Unknown"
"7014855",371852,2025-07-18 05:56:23,43.3233337402344,-8.80600261688232,"Unknown"
"7014855",371852,2025-07-18 06:01:50,43.3228034973145,-8.80622482299805,"Unknown"
"7014855",371852,2025-07-18 06:06:07,43.3226623535156,-8.80561637878418,"Unknown"
"7014855",371852,2025-07-18 06:11:07,43.3233489990234,-8.80635547637939,"Unknown"
"7014855",371852,2025-07-18 06:16:10,43.3232307434082,-8.80611610412598,"Unknown"
"7014855",371852,2025-07-18 06:21:11,43.322322845459,-8.80685615539551,"Unknown"
"7014855",371852,2025-07-18 06:26:07,43.3221893310547,-8.80651950836182,"Unknown"
"7014855",371852,2025-07-18 06:31:18,43.3225135803223,-8.80709266662598,"Unknown"
"7014855",371852,2025-07-18 06:36:09,43.3228492736816,-8.80518531799316,"Unknown"
"7014855",371852,2025-07-18 06:41:22,43.3228302001953,-8.80509471893311,"Unknown"
"7014855",371852,2025-07-18 06:47:11,43.3427619934082,-8.82878494262695,"Unknown"
"7014855",371852,2025-07-18 06:51:07,43.3514137268066,-8.83576965332031,"Unknown"
"7014855",371852,2025-07-18 06:56:11,43.3599853515625,-8.84319591522217,"Unknown"
"7014855",371852,2025-07-18 07:01:12,43.3599853515625,-8.84319591522217,"Unknown"
"7014855",371852,2025-07-18 07:06:09,43.3600578308105,-8.84321975708008,"Unknown"
"7014855",371852,2025-07-18 07:11:08,43.3600959777832,-8.84346675872803,"Unknown"
"7014855",371852,2025-07-18 07:16:16,43.3601226806641,-8.84320068359375,"Unknown"
"7014855",371852,2025-07-18 07:21:12,43.3600769042969,-8.84320640563965,"Unknown"
"7014855",371852,2025-07-18 07:26:35,43.3533096313477,-8.83581066131592,"Unknown"
"7014855",371852,2025-07-18 07:31:07,43.3310546875,-8.81583881378174,"Unknown"
"7014855",371852,2025-07-18 07:36:35,43.3233261108398,-8.80628681182861,"Unknown"
"7014855",371852,2025-07-18 07:41:12,43.3234329223633,-8.80630207061768,"Unknown"
"7014855",371852,2025-07-18 07:46:07,43.3230857849121,-8.80607795715332,"Unknown"
"7014855",371852,2025-07-18 07:51:07,43.3230400085449,-8.80589962005615,"Unknown"
"7014855",371852,2025-07-18 07:56:08,43.323070526123,-8.8060417175293,"Unknown"
"7014855",371852,2025-07-18 08:01:13,43.3228797912598,-8.80633640289307,"Unknown"
"7014855",371852,2025-07-18 08:06:09,43.3232383728027,-8.80579948425293,"Unknown"
"7014855",371852,2025-07-18 08:11:07,43.3230895996094,-8.80579376220703,"Unknown"
"7014855",371852,2025-07-18 08:16:19,43.3231391906738,-8.80663013458252,"Unknown"
"7014855",371852,2025-07-18 08:21:32,43.3230895996094,-8.80666160583496,"Unknown"
"7014855",371852,2025-07-18 08:26:11,43.3231239318848,-8.80647277832031,"Unknown"
"7014855",371852,2025-07-18 08:31:12,43.3231086730957,-8.80633544921875,"Unknown"
"7014855",371852,2025-07-18 08:36:06,43.3231315612793,-8.80650997161865,"Unknown"
"7014855",371852,2025-07-18 08:41:07,43.3230323791504,-8.80702114105225,"Unknown"
"7014855",371852,2025-07-18 08:46:13,43.3231163024902,-8.80593776702881,"Unknown"
"7014855",371852,2025-07-18 08:51:08,43.3231048583984,-8.8056697845459,"Unknown"
"7014855",371852,2025-07-18 08:56:09,43.3230743408203,-8.80594253540039,"Unknown"
"7014855",371852,2025-07-18 09:01:13,43.3229904174805,-8.80586624145508,"Unknown"
"7014855",371852,2025-07-18 09:06:09,43.3400535583496,-8.82702445983887,"Unknown"
"7014855",371852,2025-07-18 09:11:19,43.356990814209,-8.84638786315918,"Unknown"
"7014855",371852,2025-07-18 09:16:10,43.3607139587402,-8.8466329574585,"Unknown"
"7014855",371852,2025-07-18 09:21:10,43.3600578308105,-8.84299373626709,"Unknown"
"7014855",371852,2025-07-18 09:26:09,43.3600158691406,-8.84316539764404,"Unknown"
"7014855",371852,2025-07-18 09:31:10,43.3600273132324,-8.8430233001709,"Unknown"
"7014855",371852,2025-07-18 09:36:07,43.3599548339844,-8.84344482421875,"Unknown"
"7014855",371852,2025-07-18 09:41:12,43.3600273132324,-8.84315967559814,"Unknown"
"7014855",371852,2025-07-18 09:46:42,43.360050201416,-8.84313011169434,"Unknown"
"7014855",371852,2025-07-18 09:51:06,43.3599548339844,-8.84325218200684,"Unknown"
"7014855",371852,2025-07-18 09:56:06,43.3599624633789,-8.84324932098389,"Unknown"
"7014855",371852,2025-07-18 10:01:09,43.3601760864258,-8.84313297271729,"Unknown"
"7014855",371852,2025-07-18 10:06:10,43.3601913452148,-8.84299087524414,"Unknown"
"7014855",371852,2025-07-18 10:11:32,43.3600654602051,-8.84305477142334,"Unknown"
"7014855",371852,2025-07-18 10:16:08,43.3601303100586,-8.84309577941895,"Unknown"
"7014855",371852,2025-07-18 10:21:07,43.3600311279297,-8.84307765960693,"Unknown"
"7014855",371852,2025-07-18 10:26:07,43.3600158691406,-8.84301567077637,"Unknown"
"7014855",371852,2025-07-18 10:31:09,43.3603439331055,-8.84302425384521,"Unknown"
"7014855",371852,2025-07-18 10:36:08,43.3600044250488,-8.84295749664307,"Unknown"
"7014855",371852,2025-07-18 10:41:10,43.3599967956543,-8.84305000305176,"Unknown"
"7014855",371852,2025-07-18 10:46:09,43.3600273132324,-8.84298801422119,"Unknown"
"7014855",371852,2025-07-18 10:51:08,43.3601036071777,-8.84293937683105,"Unknown"
"7014855",371852,2025-07-18 10:56:08,43.3601989746094,-8.84307861328125,"Unknown"
"7014855",371852,2025-07-18 11:01:09,43.3600578308105,-8.84314441680908,"Unknown"
"7014855",371852,2025-07-18 11:06:07,43.3600845336914,-8.843092918396,"Unknown"
"7014855",371852,2025-07-18 11:11:11,43.3600883483887,-8.84322929382324,"Unknown"
"7014855",371852,2025-07-18 11:16:35,43.3600845336914,-8.843017578125,"Unknown"
"7014855",371852,2025-07-18 11:21:07,43.360034942627,-8.84301853179932,"Unknown"
"7014855",371852,2025-07-18 11:26:09,43.3600006103516,-8.84329700469971,"Unknown"
"7014855",371852,2025-07-18 11:31:07,43.3599700927734,-8.84317111968994,"Unknown"
"7014855",371852,2025-07-18 11:36:08,43.3597755432129,-8.84311103820801,"Unknown"
"7014855",371852,2025-07-18 11:41:06,43.3646011352539,-8.85239124298096,"Unknown"
"7014855",371852,2025-07-18 11:46:12,43.3767852783203,-8.87032413482666,"Unknown"
"7014855",371852,2025-07-18 11:51:06,43.3755226135254,-8.87040519714355,"Unknown"
"7014855",371852,2025-07-18 11:56:06,43.3642196655273,-8.85284519195557,"Unknown"
"7014855",371852,2025-07-18 12:01:06,43.3443717956543,-8.82998657226562,"Unknown"
"7014855",371852,2025-07-18 12:06:07,43.3278160095215,-8.81211185455322,"Unknown"
"7014855",371852,2025-07-18 12:11:08,43.3228454589844,-8.80513668060303,"Unknown"
"7014855",371852,2025-07-18 12:16:07,43.3228988647461,-8.80523586273193,"Unknown"
"7014855",371852,2025-07-18 12:21:06,43.3233222961426,-8.80685329437256,"Unknown"
"7014855",371852,2025-07-18 12:26:07,43.3233833312988,-8.80624389648438,"Unknown"
"7014855",371852,2025-07-18 12:31:08,43.3230514526367,-8.80558586120605,"Unknown"
"7014855",371852,2025-07-18 12:36:07,43.3231658935547,-8.80553150177002,"Unknown"
"7014855",371852,2025-07-18 12:41:07,43.3228912353516,-8.80598831176758,"Unknown"
"7014855",371852,2025-07-18 12:46:09,43.3115043640137,-8.79880046844482,"Unknown"
"7014855",371852,2025-07-18 12:51:11,43.3048324584961,-8.78784847259521,"Unknown"
"7014855",371852,2025-07-18 12:56:14,43.305591583252,-8.78845500946045,"Unknown"
"7014855",371852,2025-07-18 13:01:09,43.3054733276367,-8.78818988800049,"Unknown"
"7014855",371852,2025-07-18 13:06:07,43.3054275512695,-8.78821182250977,"Unknown"
"7014855",371852,2025-07-18 13:11:08,43.304744720459,-8.78583145141602,"Unknown"
"7014855",371852,2025-07-18 13:16:28,43.3162574768066,-8.80410957336426,"Unknown"
"7014855",371852,2025-07-18 13:21:13,43.3229446411133,-8.80516719818115,"Unknown"
"7014855",371852,2025-07-18 13:26:23,43.3225708007812,-8.80508613586426,"Unknown"
"7014855",371852,2025-07-18 13:31:09,43.3229522705078,-8.80510330200195,"Unknown"
"7014855",371852,2025-07-18 13:37:14,43.3231048583984,-8.80513286590576,"Unknown"
"7014855",371852,2025-07-18 13:41:08,43.3232345581055,-8.80544090270996,"Unknown"
"7014855",371852,2025-07-18 13:46:08,43.3239707946777,-8.80671310424805,"Unknown"
"7014855",371852,2025-07-18 13:51:08,43.323787689209,-8.80676364898682,"Unknown"
"7014855",371852,2025-07-18 13:56:07,43.323673248291,-8.8065299987793,"Unknown"
"7014855",371852,2025-07-18 14:01:35,43.3237113952637,-8.80658626556396,"Unknown"
"7014855",371852,2025-07-18 14:06:06,43.3236274719238,-8.80671310424805,"Unknown"
"7014855",371852,2025-07-18 14:11:06,43.3236427307129,-8.8067455291748,"Unknown"
"7014855",371852,2025-07-18 14:16:07,43.3235855102539,-8.80678462982178,"Unknown"
"7014855",371852,2025-07-18 14:21:06,43.3229904174805,-8.80603790283203,"Unknown"
"7014855",371852,2025-07-18 14:26:06,43.3234329223633,-8.80641078948975,"Unknown"
"7014855",371852,2025-07-18 14:31:09,43.3235702514648,-8.80635356903076,"Unknown"
"7014855",371852,2025-07-18 14:36:09,43.3235282897949,-8.80628681182861,"Unknown"
"7014855",371852,2025-07-18 14:41:43,43.3256034851074,-8.80877208709717,"Unknown"
"7014855",371852,2025-07-18 14:46:08,43.3275947570801,-8.82481575012207,"Unknown"
"7014855",371852,2025-07-18 14:51:06,43.3454895019531,-8.84125328063965,"Unknown"
"7014855",371852,2025-07-18 14:56:08,43.3600158691406,-8.84323024749756,"Unknown"
"7014855",371852,2025-07-18 15:01:06,43.3600082397461,-8.84276676177979,"Unknown"
"7014855",371852,2025-07-18 15:06:35,43.3599891662598,-8.84305763244629,"Unknown"
"7014855",371852,2025-07-18 15:11:10,43.3600807189941,-8.84325122833252,"Unknown"
"7014855",371852,2025-07-18 15:16:09,43.3600769042969,-8.84325122833252,"Unknown"
"7014855",371852,2025-07-18 15:21:06,43.3600997924805,-8.84322357177734,"Unknown"
"7014855",371852,2025-07-18 15:26:11,43.360179901123,-8.84314155578613,"Unknown"
"7014855",371852,2025-07-18 15:31:11,43.3601760864258,-8.84313488006592,"Unknown"
"7014855",371852,2025-07-18 15:36:19,43.3599700927734,-8.84302711486816,"Unknown"
"7014855",371852,2025-07-18 15:41:09,43.3604125976562,-8.84293365478516,"Unknown"
"7014855",371852,2025-07-18 15:46:19,43.360050201416,-8.84319972991943,"Unknown"
"7014855",371852,2025-07-18 15:51:35,43.3600921630859,-8.84302043914795,"Unknown"
"7014855",371852,2025-07-18 15:56:06,43.360050201416,-8.84303092956543,"Unknown"
"7014855",371852,2025-07-18 16:01:10,43.3600196838379,-8.8430290222168,"Unknown"
"7014855",371852,2025-07-18 16:06:08,43.3600196838379,-8.84314155578613,"Unknown"
"7014855",371852,2025-07-18 16:11:06,43.3599891662598,-8.84314823150635,"Unknown"
"7014855",371852,2025-07-18 16:16:06,43.359992980957,-8.84327507019043,"Unknown"
"7014855",371852,2025-07-18 16:21:08,43.3599243164062,-8.84320831298828,"Unknown"
"7014855",371852,2025-07-18 16:26:07,43.3600463867188,-8.84299659729004,"Unknown"
"7014855",371852,2025-07-18 16:31:11,43.360954284668,-8.84394264221191,"Unknown"
"7014855",371852,2025-07-18 16:36:58,43.3605918884277,-8.84429550170898,"Unknown"
"7014855",371852,2025-07-18 16:41:07,43.3607559204102,-8.84917449951172,"Unknown"
"7014855",371852,2025-07-18 16:46:07,43.3606643676758,-8.8445873260498,"Unknown"
"7014855",371852,2025-07-18 16:51:12,43.3599662780762,-8.84322357177734,"Unknown"
"7014855",371852,2025-07-18 16:56:09,43.3601264953613,-8.84347438812256,"Unknown"
"7014855",371852,2025-07-18 17:01:07,43.3599319458008,-8.84311389923096,"Unknown"
"7014855",371852,2025-07-18 17:06:33,43.3600997924805,-8.84302520751953,"Unknown"
"7014855",371852,2025-07-18 17:11:08,43.3601341247559,-8.84302234649658,"Unknown"
"7014855",371852,2025-07-18 17:16:07,43.3600730895996,-8.84303760528564,"Unknown"
"7014855",371852,2025-07-18 17:21:07,43.3601226806641,-8.84305381774902,"Unknown"
"7014855",371852,2025-07-18 17:26:07,43.3600692749023,-8.84305763244629,"Unknown"
"7014855",371852,2025-07-18 17:31:06,43.3603134155273,-8.84371948242188,"Unknown"
"7014855",371852,2025-07-18 17:36:06,43.3256530761719,-8.80859375,"Unknown"
"7014855",371852,2025-07-18 17:41:07,43.3236808776855,-8.80599975585938,"Unknown"
"7014855",371852,2025-07-18 17:46:07,43.3233222961426,-8.80627822875977,"Unknown"
"7014855",371852,2025-07-18 17:51:07,43.3233451843262,-8.80647754669189,"Unknown"
"7014855",371852,2025-07-18 17:56:10,43.3235206604004,-8.80619812011719,"Unknown"
"7014855",371852,2025-07-18 18:01:07,43.3234748840332,-8.8062219619751,"Unknown"
"7014855",371852,2025-07-18 18:06:07,43.3235549926758,-8.80612182617188,"Unknown"
"7014855",371852,2025-07-18 18:11:07,43.3235855102539,-8.80603694915771,"Unknown"
"7014855",371852,2025-07-18 18:16:08,43.3232765197754,-8.80595207214355,"Unknown"
"7014855",371852,2025-07-18 18:21:07,43.3232116699219,-8.80605983734131,"Unknown"
"7014855",371852,2025-07-18 18:26:06,43.3232650756836,-8.8059720993042,"Unknown"
"7014855",371852,2025-07-18 18:31:07,43.3230056762695,-8.80612754821777,"Unknown"
"7014855",371852,2025-07-18 18:36:06,43.3233337402344,-8.80617523193359,"Unknown"
"7014855",371852,2025-07-18 18:41:07,43.323184967041,-8.80606460571289,"Unknown"
"7014855",371852,2025-07-18 18:46:07,43.3230743408203,-8.80605983734131,"Unknown"
"7014855",371852,2025-07-18 18:51:10,43.3230438232422,-8.80620098114014,"Unknown"
"7014855",371852,2025-07-18 18:56:06,43.3226203918457,-8.8071460723877,"Unknown"
"7014855",371852,2025-07-18 19:01:06,43.3234062194824,-8.80625915527344,"Unknown"
"7014855",371852,2025-07-18 19:06:06,43.3234100341797,-8.80624771118164,"Unknown"
"7014855",371852,2025-07-18 19:11:08,43.323356628418,-8.80624008178711,"Unknown"
"7014855",371852,2025-07-18 19:16:07,43.3234367370605,-8.80626392364502,"Unknown"
"7014855",371852,2025-07-18 19:21:06,43.3237419128418,-8.80630111694336,"Unknown"
"7014855",371852,2025-07-18 19:26:11,43.3233184814453,-8.80614948272705,"Unknown"
"7014855",371852,2025-07-18 19:31:08,43.3233070373535,-8.80620861053467,"Unknown"
"7014855",371852,2025-07-18 19:36:17,43.323184967041,-8.80574321746826,"Unknown"
"7014855",371852,2025-07-18 19:41:09,43.3232536315918,-8.80615615844727,"Unknown"
"7014855",371852,2025-07-18 19:46:12,43.323314666748,-8.80621814727783,"Unknown"
"7014855",371852,2025-07-18 19:51:34,43.323299407959,-8.80609035491943,"Unknown"
"7014855",371852,2025-07-18 19:56:07,43.3232460021973,-8.80618572235107,"Unknown"
"7014855",371852,2025-07-18 20:01:35,43.323413848877,-8.80610466003418,"Unknown"
"7014855",371852,2025-07-18 20:06:08,43.322509765625,-8.8021764755249,"Unknown"
"7014855",371852,2025-07-18 20:11:40,43.3237190246582,-8.79611396789551,"Unknown"
"7014855",371852,2025-07-18 20:16:08,43.3230171203613,-8.80529880523682,"Unknown"
"7014855",371852,2025-07-18 20:21:20,43.3230171203613,-8.80584621429443,"Unknown"
"7014855",371852,2025-07-18 20:26:10,43.3230590820312,-8.80581378936768,"Unknown"
"7014855",371852,2025-07-18 20:31:10,43.322624206543,-8.8056116104126,"Unknown"
"7014855",371852,2025-07-18 20:36:10,43.3229675292969,-8.8062629699707,"Unknown"
"7014855",371852,2025-07-18 20:41:08,43.323055267334,-8.80624008178711,"Unknown"
"7014855",371852,2025-07-18 20:46:08,43.3230476379395,-8.80484485626221,"Unknown"
"7014855",371852,2025-07-18 20:51:10,43.3230133056641,-8.80650997161865,"Unknown"
"7014855",371852,2025-07-18 20:56:09,43.3229827880859,-8.80799961090088,"Unknown"
"7014855",371852,2025-07-18 21:01:12,43.3219223022461,-8.8076229095459,"Unknown"
"7014855",371852,2025-07-18 21:06:09,43.3219261169434,-8.80794239044189,"Unknown"
"7014855",371852,2025-07-18 21:11:22,43.3217849731445,-8.80767822265625,"Unknown"
"7014855",371852,2025-07-18 21:16:35,43.3218078613281,-8.80771064758301,"Unknown"
"7014855",371852,2025-07-18 21:21:08,43.3217620849609,-8.80793857574463,"Unknown"
"7014855",371852,2025-07-18 21:26:06,43.3217582702637,-8.80768013000488,"Unknown"
"7014855",371852,2025-07-18 21:31:07,43.3218116760254,-8.80770778656006,"Unknown"
"7014855",371852,2025-07-18 21:36:07,43.3218154907227,-8.80769443511963,"Unknown"
"7014855",371852,2025-07-18 21:41:08,43.3216819763184,-8.80750751495361,"Unknown"
"7014855",371852,2025-07-18 21:46:08,43.3218078613281,-8.80753040313721,"Unknown"
"7014855",371852,2025-07-18 21:51:09,43.3218765258789,-8.8077564239502,"Unknown"
"7014855",371852,2025-07-18 21:56:08,43.3218269348145,-8.8076810836792,"Unknown"
"7014855",371852,2025-07-18 22:01:07,43.3218727111816,-8.80774784088135,"Unknown"
"7014855",371852,2025-07-18 22:06:35,43.3216934204102,-8.80757522583008,"Unknown"
"7014855",371852,2025-07-18 22:11:06,43.3217468261719,-8.8076000213623,"Unknown"
"7014855",371852,2025-07-18 22:16:10,43.3216896057129,-8.80757427215576,"Unknown"
"7014855",371852,2025-07-18 22:21:06,43.3217391967773,-8.80762004852295,"Unknown"
"7014855",371852,2025-07-18 22:26:06,43.3217124938965,-8.80758285522461,"Unknown"
"7014855",371852,2025-07-18 22:31:07,43.3271179199219,-8.79976940155029,"Unknown"
"7014855",371852,2025-07-18 22:36:13,43.329963684082,-8.78738403320312,"Unknown"
"7014855",371852,2025-07-18 22:41:11,43.3303527832031,-8.78848361968994,"Unknown"
"7014855",371852,2025-07-18 22:46:07,43.3228378295898,-8.80157470703125,"Unknown"
"7014855",371852,2025-07-18 22:51:35,43.3218803405762,-8.8077335357666,"Unknown"
"7014855",371852,2025-07-18 22:56:13,43.3218688964844,-8.80776596069336,"Unknown"
"7014855",371852,2025-07-18 23:01:19,43.3216514587402,-8.80786228179932,"Unknown"
"7014855",371852,2025-07-18 23:06:23,43.3218841552734,-8.80766868591309,"Unknown"
"7014855",371852,2025-07-18 23:11:15,43.3218994140625,-8.80767250061035,"Unknown"
"7014855",371852,2025-07-18 23:16:18,43.3218116760254,-8.80778789520264,"Unknown"
"7014855",371852,2025-07-18 23:21:23,43.3215942382812,-8.80753803253174,"Unknown"
"7014855",371852,2025-07-18 23:26:10,43.3222846984863,-8.80525970458984,"Unknown"
"7014855",371852,2025-07-18 23:31:19,43.3219757080078,-8.80764007568359,"Unknown"
"7014855",371852,2025-07-18 23:36:35,43.3218841552734,-8.80758380889893,"Unknown"
"7014855",371852,2025-07-18 23:41:07,43.3219299316406,-8.80758380889893,"Unknown"
"7014855",371852,2025-07-18 23:46:06,43.3219413757324,-8.80766010284424,"Unknown"
"7014855",371852,2025-07-18 23:51:06,43.3218269348145,-8.80771541595459,"Unknown"
"7014855",371852,2025-07-18 23:56:08,43.3218193054199,-8.80777359008789,"Unknown"
"7014855",371852,2025-07-19 00:01:07,43.321849822998,-8.80766487121582,"Unknown"
"7014855",371852,2025-07-19 00:06:07,43.321949005127,-8.80758094787598,"Unknown"
"7014855",371852,2025-07-19 00:11:12,43.3219032287598,-8.80770015716553,"Unknown"
"7014855",371852,2025-07-19 00:16:12,43.3218650817871,-8.8080005645752,"Unknown"
"7014855",371852,2025-07-19 00:21:09,43.3218460083008,-8.80760955810547,"Unknown"
"7014855",371852,2025-07-19 00:26:10,43.322021484375,-8.80771636962891,"Unknown"
"7014855",371852,2025-07-19 00:31:07,43.3219108581543,-8.80774116516113,"Unknown"
"7014855",371852,2025-07-19 00:36:07,43.321891784668,-8.80757713317871,"Unknown"
"7014855",371852,2025-07-19 00:41:09,43.321907043457,-8.80756664276123,"Unknown"
"7014855",371852,2025-07-19 00:46:10,43.3217582702637,-8.80758476257324,"Unknown"
"7014855",371852,2025-07-19 00:51:08,43.3218116760254,-8.80758094787598,"Unknown"
"7014855",371852,2025-07-19 00:56:10,43.3217391967773,-8.80771064758301,"Unknown"
"7014855",371852,2025-07-19 01:01:06,43.3218650817871,-8.80776500701904,"Unknown"
"7014855",371852,2025-07-19 01:06:09,43.32177734375,-8.80757999420166,"Unknown"
"7014855",371852,2025-07-19 01:11:07,43.3217964172363,-8.80767726898193,"Unknown"
"7014855",371852,2025-07-19 01:16:35,43.3218193054199,-8.80775928497314,"Unknown"
"7014855",371852,2025-07-19 01:21:13,43.321849822998,-8.80768013000488,"Unknown"
"7014855",371852,2025-07-19 01:26:21,43.3218116760254,-8.80771541595459,"Unknown"
"7014855",371852,2025-07-19 01:31:07,43.3217163085938,-8.80760955810547,"Unknown"
"7014855",371852,2025-07-19 01:36:10,43.3217811584473,-8.80773735046387,"Unknown"
"7014855",371852,2025-07-19 01:41:07,43.3218688964844,-8.80777549743652,"Unknown"
"7014855",371852,2025-07-19 01:46:11,43.3217506408691,-8.80766868591309,"Unknown"
"7014855",371852,2025-07-19 01:51:09,43.3218536376953,-8.80766582489014,"Unknown"
"7014855",371852,2025-07-19 01:56:18,43.3217468261719,-8.80782413482666,"Unknown"
"7014855",371852,2025-07-19 02:01:45,43.3217658996582,-8.80766582489014,"Unknown"
"7014855",371852,2025-07-19 02:06:06,43.3216781616211,-8.80780982971191,"Unknown"
"7014855",371852,2025-07-19 02:11:08,43.3218765258789,-8.80742168426514,"Unknown"
"7014855",371852,2025-07-19 02:16:10,43.3216285705566,-8.80786323547363,"Unknown"
"7014855",371852,2025-07-19 02:21:08,43.3217582702637,-8.80756187438965,"Unknown"
"7014855",371852,2025-07-19 02:26:07,43.3217239379883,-8.80770015716553,"Unknown"
"7014855",371852,2025-07-19 02:31:07,43.321662902832,-8.80771732330322,"Unknown"
"7014855",371852,2025-07-19 02:36:06,43.3216552734375,-8.80771160125732,"Unknown"
"7014855",371852,2025-07-19 02:41:08,43.3217811584473,-8.8076171875,"Unknown"
"7014855",371852,2025-07-19 02:46:09,43.3214569091797,-8.80741405487061,"Unknown"
"7014855",371852,2025-07-19 02:51:08,43.321662902832,-8.80781269073486,"Unknown"
"7014855",371852,2025-07-19 02:56:07,43.3216896057129,-8.80758666992188,"Unknown"
"7014855",371852,2025-07-19 03:01:06,43.3217010498047,-8.80750846862793,"Unknown"
"7014855",371852,2025-07-19 03:06:07,43.3217239379883,-8.80733776092529,"Unknown"
"7014855",371852,2025-07-19 03:11:08,43.3216171264648,-8.80775833129883,"Unknown"
"7014855",371852,2025-07-19 03:16:07,43.3216590881348,-8.80744171142578,"Unknown"
"7014855",371852,2025-07-19 03:21:08,43.3216133117676,-8.80792903900146,"Unknown"
"7014855",371852,2025-07-19 03:26:10,43.3216705322266,-8.80795097351074,"Unknown"
"7014855",371852,2025-07-19 03:31:13,43.3217010498047,-8.8075704574585,"Unknown"
"7014855",371852,2025-07-19 03:36:06,43.3217277526855,-8.80768394470215,"Unknown"
"7014855",371852,2025-07-19 03:41:11,43.3216819763184,-8.80757141113281,"Unknown"
"7014855",371852,2025-07-19 03:46:07,43.3217239379883,-8.80753231048584,"Unknown"
"7014855",371852,2025-07-19 03:51:06,43.3217010498047,-8.80760192871094,"Unknown"
"7014855",371852,2025-07-19 03:56:35,43.321662902832,-8.80771350860596,"Unknown"
"7014855",371852,2025-07-19 04:01:08,43.321849822998,-8.80756664276123,"Unknown"
"7014855",371852,2025-07-19 04:06:06,43.3216972351074,-8.80764579772949,"Unknown"
"7014855",371852,2025-07-19 04:11:06,43.3217430114746,-8.80776309967041,"Unknown"
"7014855",371852,2025-07-19 04:16:12,43.3216323852539,-8.80758857727051,"Unknown"
"7014855",371852,2025-07-19 04:21:07,43.3230438232422,-8.80793285369873,"Unknown"
"7014855",371852,2025-07-19 04:26:19,43.3228988647461,-8.80602169036865,"Unknown"
"7014855",371852,2025-07-19 04:31:06,43.3230171203613,-8.80599308013916,"Unknown"
"7014855",371852,2025-07-19 04:36:10,43.3237113952637,-8.80800628662109,"Unknown"
"7014855",371852,2025-07-19 04:41:07,43.3219299316406,-8.80770111083984,"Unknown"
"7014855",371852,2025-07-19 04:46:09,43.3219566345215,-8.80771160125732,"Unknown"
"7014855",371852,2025-07-19 04:51:09,43.3218231201172,-8.80780601501465,"Unknown"
"7014855",371852,2025-07-19 04:56:10,43.3219413757324,-8.80780601501465,"Unknown"
"7014855",371852,2025-07-19 05:01:06,43.3235855102539,-8.80637454986572,"Unknown"
"7014855",371852,2025-07-19 05:06:07,43.3400993347168,-8.82444190979004,"Unknown"
"7014855",371852,2025-07-19 05:11:09,43.3570404052734,-8.84570407867432,"Unknown"
"7014855",371852,2025-07-19 05:16:10,43.3599967956543,-8.84324932098389,"Unknown"
"7014855",371852,2025-07-19 05:21:06,43.3598670959473,-8.84332752227783,"Unknown"
"7014855",371852,2025-07-19 05:26:06,43.3599166870117,-8.84334754943848,"Unknown"
"7014855",371852,2025-07-19 05:31:09,43.3598861694336,-8.84312534332275,"Unknown"
"7014855",371852,2025-07-19 05:36:10,43.3599052429199,-8.84323024749756,"Unknown"
"7014855",371852,2025-07-19 05:41:06,43.3600463867188,-8.84324836730957,"Unknown"
"7014855",371852,2025-07-19 05:46:06,43.3599967956543,-8.84321403503418,"Unknown"
"7014855",371852,2025-07-19 05:52:30,43.3606910705566,-8.84430599212646,"Unknown"
"7014855",371852,2025-07-19 06:02:03,43.3605041503906,-8.84449100494385,"Unknown"
"7014855",371852,2025-07-19 06:06:08,43.3602600097656,-8.84445476531982,"Unknown"
"7014855",371852,2025-07-19 06:11:09,43.3599586486816,-8.84322261810303,"Unknown"
"7014855",371852,2025-07-19 06:16:08,43.3598213195801,-8.84301280975342,"Unknown"
"7014855",371852,2025-07-19 06:21:07,43.3599891662598,-8.84337139129639,"Unknown"
"7014855",371852,2025-07-19 06:26:08,43.3598976135254,-8.84308910369873,"Unknown"
"7014855",371852,2025-07-19 06:31:12,43.3596801757812,-8.84281539916992,"Unknown"
"7014855",371852,2025-07-19 06:36:12,43.3598136901855,-8.84268283843994,"Unknown"
"7014855",371852,2025-07-19 06:41:12,43.359935760498,-8.84318256378174,"Unknown"
"7014855",371852,2025-07-19 06:46:26,43.359977722168,-8.84320449829102,"Unknown"
"7014855",371852,2025-07-19 06:51:13,43.3601188659668,-8.84336757659912,"Unknown"
"7014855",371852,2025-07-19 06:56:10,43.3601722717285,-8.84390449523926,"Unknown"
"7014855",371852,2025-07-19 07:01:16,43.3600120544434,-8.84341526031494,"Unknown"
"7014855",371852,2025-07-19 07:06:12,43.3601264953613,-8.84337615966797,"Unknown"
"7014855",371852,2025-07-19 07:11:11,43.3599815368652,-8.84332656860352,"Unknown"
"7014855",371852,2025-07-19 07:16:18,43.359992980957,-8.8432788848877,"Unknown"
"7014855",371852,2025-07-19 07:21:28,43.3600959777832,-8.84318542480469,"Unknown"
"7014855",371852,2025-07-19 07:26:19,43.3600463867188,-8.84315204620361,"Unknown"
"7014855",371852,2025-07-19 07:31:19,43.3601036071777,-8.84315395355225,"Unknown"
"7014855",371852,2025-07-19 07:36:08,43.3601455688477,-8.84314155578613,"Unknown"
"7014855",371852,2025-07-19 07:41:22,43.3601379394531,-8.84315776824951,"Unknown"
"7014855",371852,2025-07-19 07:46:21,43.3600616455078,-8.84323978424072,"Unknown"
"7014855",371852,2025-07-19 07:51:19,43.3600082397461,-8.84334659576416,"Unknown"
"7014855",371852,2025-07-19 07:56:19,43.3600692749023,-8.84309577941895,"Unknown"
"7014855",371852,2025-07-19 08:01:22,43.3597145080566,-8.84640407562256,"Unknown"
"7014855",371852,2025-07-19 08:06:35,43.3391876220703,-8.82953929901123,"Unknown"
"7014855",371852,2025-07-19 08:11:07,43.3255615234375,-8.80898284912109,"Unknown"
"7014855",371852,2025-07-19 08:16:12,43.3230781555176,-8.80610370635986,"Unknown"
"7014855",371852,2025-07-19 08:21:18,43.3236198425293,-8.80642700195312,"Unknown"
"7014855",371852,2025-07-19 08:26:10,43.3235549926758,-8.80660343170166,"Unknown"
"7014855",371852,2025-07-19 08:31:11,43.3235740661621,-8.80650615692139,"Unknown"
"7014855",371852,2025-07-19 08:36:17,43.3232612609863,-8.80600166320801,"Unknown"
"7014855",371852,2025-07-19 08:41:19,43.3231887817383,-8.80654525756836,"Unknown"
"7014855",371852,2025-07-19 08:46:19,43.3232078552246,-8.80657577514648,"Unknown"
"7014855",371852,2025-07-19 08:51:21,43.3230514526367,-8.80630302429199,"Unknown"
"7014855",371852,2025-07-19 08:56:28,43.3231506347656,-8.80660057067871,"Unknown"
"7014855",371852,2025-07-19 09:01:19,43.322940826416,-8.80601787567139,"Unknown"
"7014855",371852,2025-07-19 09:06:20,43.3229064941406,-8.80610466003418,"Unknown"
"7014855",371852,2025-07-19 09:11:19,43.3229179382324,-8.80596351623535,"Unknown"
"7014855",371852,2025-07-19 09:16:19,43.322883605957,-8.80597877502441,"Unknown"
"7014855",371852,2025-07-19 09:21:19,43.3229141235352,-8.80599689483643,"Unknown"
"7014855",371852,2025-07-19 09:26:21,43.3228874206543,-8.80598831176758,"Unknown"
"7014855",371852,2025-07-19 09:31:30,43.3203086853027,-8.80315208435059,"Unknown"
"7014855",371852,2025-07-19 09:36:20,43.314624786377,-8.78340244293213,"Unknown"
"7014855",371852,2025-07-19 09:42:05,43.3004531860352,-8.76999473571777,"Unknown"
"7014855",371852,2025-07-19 09:46:07,43.3039131164551,-8.75506973266602,"Unknown"
"7014855",371852,2025-07-19 09:51:09,43.2949104309082,-8.73095321655273,"Unknown"
"7014855",371852,2025-07-19 09:56:06,43.2940979003906,-8.7064847946167,"Unknown"
"7014855",371852,2025-07-19 10:01:07,43.2962760925293,-8.67943954467773,"Unknown"
"7014855",371852,2025-07-19 10:06:08,43.2854499816895,-8.66762447357178,"Unknown"
"7014855",371852,2025-07-19 10:11:07,43.2758941650391,-8.63962841033936,"Unknown"
"7014855",371852,2025-07-19 10:16:10,43.2604904174805,-8.62398910522461,"Unknown"
"7014855",371852,2025-07-19 10:21:10,43.2439117431641,-8.60357284545898,"Unknown"
"7014855",371852,2025-07-19 10:26:08,43.2284317016602,-8.59124946594238,"Unknown"
"7014855",371852,2025-07-19 10:31:08,43.2126083374023,-8.58713912963867,"Unknown"
"7014855",371852,2025-07-19 10:36:10,43.2047653198242,-8.57894515991211,"Unknown"
"7014855",371852,2025-07-19 10:41:09,43.1923484802246,-8.55794239044189,"Unknown"
"7014855",371852,2025-07-19 10:46:35,43.1751365661621,-8.53464508056641,"Unknown"
"7014855",371852,2025-07-19 10:51:06,43.1584587097168,-8.5205659866333,"Unknown"
"7014855",371852,2025-07-19 10:56:06,43.1394233703613,-8.50377368927002,"Unknown"
"7014855",371852,2025-07-19 11:01:08,43.1301307678223,-8.47201347351074,"Unknown"
"7014855",371852,2025-07-19 11:06:16,43.1301155090332,-8.47206878662109,"Unknown"
"7014855",371852,2025-07-19 11:11:08,43.1295776367188,-8.47209358215332,"Unknown"
"7014855",371852,2025-07-19 11:16:08,43.1303443908691,-8.47192096710205,"Unknown"
"7014855",371852,2025-07-19 11:21:07,43.1301727294922,-8.47209358215332,"Unknown"
"7014855",371852,2025-07-19 11:26:07,43.1293640136719,-8.4698657989502,"Unknown"
"7014855",371852,2025-07-19 11:31:08,43.1293983459473,-8.46993255615234,"Unknown"
"7014855",371852,2025-07-19 11:36:07,43.1294136047363,-8.46995544433594,"Unknown"
"7014855",371852,2025-07-19 11:41:07,43.1294364929199,-8.46988964080811,"Unknown"
"7014855",371852,2025-07-19 11:46:06,43.1282272338867,-8.46966743469238,"Unknown"
"7014855",371852,2025-07-19 11:51:07,43.1305274963379,-8.47174644470215,"Unknown"
"7014855",371852,2025-07-19 11:56:08,43.1330833435059,-8.46959686279297,"Unknown"
"7014855",371852,2025-07-19 12:01:10,43.1336898803711,-8.47064971923828,"Unknown"
"7014855",371852,2025-07-19 12:06:06,43.1336135864258,-8.47074317932129,"Unknown"
"7014855",371852,2025-07-19 12:11:10,43.1304550170898,-8.47165679931641,"Unknown"
"7014855",371852,2025-07-19 12:16:10,43.130443572998,-8.47176551818848,"Unknown"
"7014855",371852,2025-07-19 12:21:08,43.1304054260254,-8.47180271148682,"Unknown"
"7014855",371852,2025-07-19 12:26:13,43.1305122375488,-8.47177410125732,"Unknown"
"7014855",371852,2025-07-19 12:31:44,43.1303482055664,-8.47195053100586,"Unknown"
"7014855",371852,2025-07-19 12:36:18,43.1331062316895,-8.46943187713623,"Unknown"
"7014855",371852,2025-07-19 12:41:44,43.1319465637207,-8.46780109405518,"Unknown"
"7014855",371852,2025-07-19 12:46:08,43.1320838928223,-8.46805191040039,"Unknown"
"7014855",371852,2025-07-19 12:51:17,43.1319160461426,-8.46784210205078,"Unknown"
"7014855",371852,2025-07-19 12:56:11,43.1319580078125,-8.46780681610107,"Unknown"
"7014855",371852,2025-07-19 13:01:15,43.1321334838867,-8.46822261810303,"Unknown"
"7014855",371852,2025-07-19 13:06:18,43.1321868896484,-8.46842861175537,"Unknown"
"7014855",371852,2025-07-19 13:11:11,43.1320610046387,-8.46811103820801,"Unknown"
"7014855",371852,2025-07-19 13:16:43,43.1319046020508,-8.46954441070557,"Unknown"
"7014855",371852,2025-07-19 13:21:11,43.1303176879883,-8.47002029418945,"Unknown"
"7014855",371852,2025-07-19 13:26:12,43.130428314209,-8.47019386291504,"Unknown"
"7014855",371852,2025-07-19 13:31:16,43.1301536560059,-8.47005271911621,"Unknown"
"7014855",371852,2025-07-19 13:36:16,43.1301727294922,-8.47030544281006,"Unknown"
"7014855",371852,2025-07-19 13:41:15,43.1299896240234,-8.46990394592285,"Unknown"
"7014855",371852,2025-07-19 13:46:35,43.1299476623535,-8.46982860565186,"Unknown"
"7014855",371852,2025-07-19 13:51:12,43.1298294067383,-8.46969795227051,"Unknown"
"7014855",371852,2025-07-19 13:56:18,43.1332015991211,-8.47993469238281,"Unknown"
"7014855",371852,2025-07-19 14:01:08,43.1348838806152,-8.50819873809814,"Unknown"
"7014855",371852,2025-07-19 14:06:16,43.1497993469238,-8.54016780853271,"Unknown"
"7014855",371852,2025-07-19 14:11:18,43.1672248840332,-8.57388019561768,"Unknown"
"7014855",371852,2025-07-19 14:16:18,43.1827049255371,-8.60049724578857,"Unknown"
"7014855",371852,2025-07-19 14:21:31,43.21240234375,-8.61597156524658,"Unknown"
"7014855",371852,2025-07-19 14:26:12,43.2471199035645,-8.64544677734375,"Unknown"
"7014855",371852,2025-07-19 14:31:12,43.2523498535156,-8.66470050811768,"Unknown"
"7014855",371852,2025-07-19 14:36:32,43.2879295349121,-8.69365501403809,"Unknown"
"7014855",371852,2025-07-19 14:41:08,43.2997016906738,-8.72180271148682,"Unknown"
"7014855",371852,2025-07-19 14:46:18,43.2938537597656,-8.74573993682861,"Unknown"
"7014855",371852,2025-07-19 14:51:46,43.2938842773438,-8.74563217163086,"Unknown"
"7014855",371852,2025-07-19 14:57:05,43.2940444946289,-8.74552822113037,"Unknown"
"7014855",371852,2025-07-19 15:01:06,43.294864654541,-8.74633884429932,"Unknown"
"7014855",371852,2025-07-19 15:06:06,43.3061103820801,-8.77169799804688,"Unknown"
"7014855",371852,2025-07-19 15:11:06,43.3237838745117,-8.79457092285156,"Unknown"
"7014855",371852,2025-07-19 15:16:07,43.342041015625,-8.82507038116455,"Unknown"
"7014855",371852,2025-07-19 15:21:06,43.3598861694336,-8.84324264526367,"Unknown"
"7014855",371852,2025-07-19 15:26:06,43.3598136901855,-8.84319877624512,"Unknown"
"7014855",371852,2025-07-19 15:31:08,43.3598861694336,-8.84301948547363,"Unknown"
"7014855",371852,2025-07-19 15:36:06,43.3598899841309,-8.84335327148438,"Unknown"
"7014855",371852,2025-07-19 15:41:08,43.3600463867188,-8.84348678588867,"Unknown"
"7014855",371852,2025-07-19 15:46:07,43.3598861694336,-8.8431453704834,"Unknown"
"7014855",371852,2025-07-19 15:51:06,43.3598670959473,-8.84307289123535,"Unknown"
"7014855",371852,2025-07-19 15:56:06,43.3598480224609,-8.84294509887695,"Unknown"
"7014855",371852,2025-07-19 16:01:08,43.3629837036133,-8.83223915100098,"Unknown"
"7014855",371852,2025-07-19 16:06:09,43.3660583496094,-8.82380771636963,"Unknown"
"7014855",371852,2025-07-19 16:11:12,43.362964630127,-8.83472728729248,"Unknown"
"7014855",371852,2025-07-19 16:16:13,43.3600082397461,-8.84302139282227,"Unknown"
"7014855",371852,2025-07-19 16:21:13,43.3598823547363,-8.84284687042236,"Unknown"
"7014855",371852,2025-07-19 16:26:19,43.3599586486816,-8.84284591674805,"Unknown"
"7014855",371852,2025-07-19 16:31:19,43.3599510192871,-8.84295177459717,"Unknown"
"7014855",371852,2025-07-19 16:36:44,43.3601531982422,-8.84306335449219,"Unknown"
"7014855",371852,2025-07-19 16:41:06,43.3599586486816,-8.84323692321777,"Unknown"
"7014855",371852,2025-07-19 16:46:06,43.3600845336914,-8.8432092666626,"Unknown"
"7014855",371852,2025-07-19 16:51:06,43.3600845336914,-8.8431568145752,"Unknown"
"7014855",371852,2025-07-19 16:56:11,43.3601150512695,-8.84327411651611,"Unknown"
"7014855",371852,2025-07-19 17:01:06,43.360034942627,-8.84314632415771,"Unknown"
"7014855",371852,2025-07-19 17:06:06,43.3600196838379,-8.84313583374023,"Unknown"
"7014855",371852,2025-07-19 17:11:06,43.3600273132324,-8.843092918396,"Unknown"
"7014855",371852,2025-07-19 17:16:06,43.3598937988281,-8.84294033050537,"Unknown"
"7014855",371852,2025-07-19 17:21:07,43.3598403930664,-8.84310245513916,"Unknown"
"7014855",371852,2025-07-19 17:26:06,43.3599472045898,-8.84313011169434,"Unknown"
"7014855",371852,2025-07-19 17:31:35,43.359992980957,-8.84321022033691,"Unknown"
"7014855",371852,2025-07-19 17:36:07,43.3599014282227,-8.84317493438721,"Unknown"
"7014855",371852,2025-07-19 17:41:06,43.3598098754883,-8.84330558776855,"Unknown"
"7014855",371852,2025-07-19 17:46:07,43.35986328125,-8.8432559967041,"Unknown"
"7014855",371852,2025-07-19 17:51:07,43.359920501709,-8.84322929382324,"Unknown"
"7014855",371852,2025-07-19 17:56:07,43.3599128723145,-8.84316253662109,"Unknown"
"7014855",371852,2025-07-19 18:01:07,43.3599739074707,-8.8431396484375,"Unknown"
"7014855",371852,2025-07-19 18:06:07,43.3599815368652,-8.84310531616211,"Unknown"
"7014855",371852,2025-07-19 18:11:09,43.3599281311035,-8.84317493438721,"Unknown"
"7014855",371852,2025-07-19 18:16:07,43.3602752685547,-8.84293270111084,"Unknown"
"7014855",371852,2025-07-19 18:21:06,43.362419128418,-8.84613800048828,"Unknown"
"7014855",371852,2025-07-19 18:26:09,43.3639030456543,-8.83891582489014,"Unknown"
"7014855",371852,2025-07-19 18:31:07,43.3643951416016,-8.83754730224609,"Unknown"
"7014855",371852,2025-07-19 18:36:06,43.3614921569824,-8.84476470947266,"Unknown"
"7014855",371852,2025-07-19 18:41:09,43.3616104125977,-8.84226703643799,"Unknown"
"7014855",371852,2025-07-19 18:46:07,43.3600120544434,-8.84305667877197,"Unknown"
"7014855",371852,2025-07-19 18:51:08,43.3599128723145,-8.84297657012939,"Unknown"
"7014855",371852,2025-07-19 18:56:18,43.3599700927734,-8.84306144714355,"Unknown"
"7014855",371852,2025-07-19 19:01:23,43.359977722168,-8.84306907653809,"Unknown"
"7014855",371852,2025-07-19 19:06:20,43.3599700927734,-8.84304904937744,"Unknown"
"7014855",371852,2025-07-19 19:11:06,43.3600845336914,-8.84306812286377,"Unknown"
"7014855",371852,2025-07-19 19:16:12,43.359992980957,-8.84307765960693,"Unknown"
"7014855",371852,2025-07-19 19:21:07,43.3600616455078,-8.84307861328125,"Unknown"
"7014855",371852,2025-07-19 19:26:09,43.3600082397461,-8.8430814743042,"Unknown"
"7014855",371852,2025-07-19 19:31:34,43.3600082397461,-8.84305858612061,"Unknown"
"7014855",371852,2025-07-19 19:36:07,43.359935760498,-8.84307765960693,"Unknown"
"7014855",371852,2025-07-19 19:41:06,43.3600006103516,-8.84307956695557,"Unknown"
"7014855",371852,2025-07-19 19:46:06,43.3599739074707,-8.8430290222168,"Unknown"
"7014855",371852,2025-07-19 19:51:06,43.359992980957,-8.84302139282227,"Unknown"
"7014855",371852,2025-07-19 19:56:06,43.3601341247559,-8.84305953979492,"Unknown"
"7014855",371852,2025-07-19 20:01:16,43.3600463867188,-8.84302043914795,"Unknown"
"7014855",371852,2025-07-19 20:06:12,43.3599853515625,-8.84329700469971,"Unknown"
"7014855",371852,2025-07-19 20:11:08,43.3600387573242,-8.84334850311279,"Unknown"
"7014855",371852,2025-07-19 20:16:07,43.3634948730469,-8.83476066589355,"Unknown"
"7014855",371852,2025-07-19 20:21:09,43.3632621765137,-8.82778167724609,"Unknown"
"7014855",371852,2025-07-19 20:26:10,43.3644599914551,-8.82817363739014,"Unknown"
"7014855",371852,2025-07-19 20:31:09,43.3652954101562,-8.82782936096191,"Unknown"
"7014855",371852,2025-07-19 20:36:06,43.3572883605957,-8.83237457275391,"Unknown"
"7014855",371852,2025-07-19 20:41:06,43.3572463989258,-8.83235931396484,"Unknown"
"7014855",371852,2025-07-19 20:46:08,43.3573188781738,-8.83241748809814,"Unknown"
"7014855",371852,2025-07-19 20:51:06,43.3538627624512,-8.83412456512451,"Unknown"
"7014855",371852,2025-07-19 20:56:31,43.3535308837891,-8.83365917205811,"Unknown"
"7014855",371852,2025-07-19 21:01:06,43.3551445007324,-8.83354187011719,"Unknown"
"7014855",371852,2025-07-19 21:06:06,43.3540992736816,-8.83455181121826,"Unknown"
"7014855",371852,2025-07-19 21:11:06,43.3536262512207,-8.83384799957275,"Unknown"
"7014855",371852,2025-07-19 21:16:07,43.3583641052246,-8.83169937133789,"Unknown"
"7014855",371852,2025-07-19 21:21:07,43.3582344055176,-8.83162498474121,"Unknown"
"7014855",371852,2025-07-19 21:26:07,43.3567810058594,-8.83346271514893,"Unknown"
"7014855",371852,2025-07-19 21:31:06,43.3605995178223,-8.84129047393799,"Unknown"
"7014855",371852,2025-07-19 21:36:10,43.3589897155762,-8.84327697753906,"Unknown"
"7014855",371852,2025-07-19 21:41:08,43.3600692749023,-8.84288597106934,"Unknown"
"7014855",371852,2025-07-19 21:46:08,43.360034942627,-8.84286689758301,"Unknown"
"7014855",371852,2025-07-19 21:51:08,43.360050201416,-8.84299755096436,"Unknown"
"7014855",371852,2025-07-19 21:56:12,43.3603210449219,-8.84350490570068,"Unknown"
"7014855",371852,2025-07-19 22:01:13,43.3600006103516,-8.84306335449219,"Unknown"
"7014855",371852,2025-07-19 22:06:24,43.3600463867188,-8.84305858612061,"Unknown"
"7014855",371852,2025-07-19 22:11:08,43.3600120544434,-8.84304904937744,"Unknown"
"7014855",371852,2025-07-19 22:16:09,43.3599891662598,-8.84313011169434,"Unknown"
"7014855",371852,2025-07-19 22:21:11,43.3600997924805,-8.84316444396973,"Unknown"
"7014855",371852,2025-07-19 22:26:16,43.3600845336914,-8.84315204620361,"Unknown"
"7014855",371852,2025-07-19 22:31:35,43.3600959777832,-8.84300231933594,"Unknown"
"7014855",371852,2025-07-19 22:36:08,43.3599891662598,-8.84286308288574,"Unknown"
"7014855",371852,2025-07-19 22:41:08,43.3600692749023,-8.8431453704834,"Unknown"
"7014855",371852,2025-07-19 22:46:07,43.3601379394531,-8.84308052062988,"Unknown"
"7014855",371852,2025-07-19 22:51:07,43.360221862793,-8.84305000305176,"Unknown"
"7014855",371852,2025-07-19 22:56:08,43.3601264953613,-8.84306812286377,"Unknown"
"7014855",371852,2025-07-19 23:01:13,43.3601303100586,-8.84302043914795,"Unknown"
"7014855",371852,2025-07-19 23:06:12,43.3602256774902,-8.84335136413574,"Unknown"
"7014855",371852,2025-07-19 23:11:18,43.3601303100586,-8.84311008453369,"Unknown"
"7014855",371852,2025-07-19 23:16:13,43.360107421875,-8.84309196472168,"Unknown"
"7014855",371852,2025-07-19 23:21:12,43.3599967956543,-8.84299659729004,"Unknown"
"7014855",371852,2025-07-19 23:26:13,43.3599548339844,-8.84294509887695,"Unknown"
"7014855",371852,2025-07-19 23:31:09,43.3601303100586,-8.843186378479,"Unknown"
"7014855",371852,2025-07-19 23:36:12,43.3601379394531,-8.84312152862549,"Unknown"
"7014855",371852,2025-07-19 23:41:35,43.3599700927734,-8.84306335449219,"Unknown"
"7014855",371852,2025-07-19 23:46:07,43.359977722168,-8.84305095672607,"Unknown"
"7014855",371852,2025-07-19 23:51:08,43.3601112365723,-8.84316349029541,"Unknown"
"7014855",371852,2025-07-19 23:56:09,43.3599090576172,-8.84306907653809,"Unknown"
"7014855",371852,2025-07-20 00:01:09,43.3599815368652,-8.84313774108887,"Unknown"
"7014855",371852,2025-07-20 00:06:13,43.359977722168,-8.84302806854248,"Unknown"
"7014855",371852,2025-07-20 00:11:06,43.3601913452148,-8.84317970275879,"Unknown"
"7014855",371852,2025-07-20 00:16:18,43.3600273132324,-8.843092918396,"Unknown"
"7014855",371852,2025-07-20 00:21:07,43.360034942627,-8.84303569793701,"Unknown"
"7014855",371852,2025-07-20 00:26:35,43.3600387573242,-8.8430757522583,"Unknown"
"7014855",371852,2025-07-20 00:31:06,43.3600807189941,-8.84314155578613,"Unknown"
"7014855",371852,2025-07-20 00:36:06,43.3600311279297,-8.84309387207031,"Unknown"
"7014855",371852,2025-07-20 00:41:07,43.3601150512695,-8.84316539764404,"Unknown"
"7014855",371852,2025-07-20 00:46:06,43.3600540161133,-8.84314823150635,"Unknown"
"7014855",371852,2025-07-20 00:51:08,43.3601303100586,-8.84306621551514,"Unknown"
"7014855",371852,2025-07-20 00:56:08,43.3601608276367,-8.84305095672607,"Unknown"
"7014855",371852,2025-07-20 01:01:10,43.3598251342773,-8.8431453704834,"Unknown"
"7014855",371852,2025-07-20 01:06:18,43.3601036071777,-8.84302234649658,"Unknown"
"7014855",371852,2025-07-20 01:11:10,43.359977722168,-8.84293842315674,"Unknown"
"7014855",371852,2025-07-20 01:16:12,43.3599090576172,-8.84311771392822,"Unknown"
"7014855",371852,2025-07-20 01:21:07,43.3598823547363,-8.84299278259277,"Unknown"
"7014855",371852,2025-07-20 01:26:09,43.3598976135254,-8.84277629852295,"Unknown"
"7014855",371852,2025-07-20 01:31:08,43.35986328125,-8.84297752380371,"Unknown"
"7014855",371852,2025-07-20 01:36:08,43.3599472045898,-8.84294033050537,"Unknown"
"7014855",371852,2025-07-20 01:41:10,43.3599853515625,-8.84284019470215,"Unknown"
"7014855",371852,2025-07-20 01:46:14,43.3613090515137,-8.83373546600342,"Unknown"
"7014855",371852,2025-07-20 01:51:12,43.3600654602051,-8.8429126739502,"Unknown"
"7014855",371852,2025-07-20 01:56:12,43.3600807189941,-8.84306335449219,"Unknown"
"7014855",371852,2025-07-20 02:01:11,43.3600845336914,-8.84303760528564,"Unknown"
"7014855",371852,2025-07-20 02:06:09,43.3600883483887,-8.84300327301025,"Unknown"
"7014855",371852,2025-07-20 02:11:11,43.360107421875,-8.84311580657959,"Unknown"
"7014855",371852,2025-07-20 02:16:09,43.3602066040039,-8.84314441680908,"Unknown"
"7014855",371852,2025-07-20 02:21:36,43.3600425720215,-8.84303855895996,"Unknown"
"7014855",371852,2025-07-20 02:26:20,43.3600654602051,-8.84302520751953,"Unknown"
"7014855",371852,2025-07-20 02:31:12,43.3599891662598,-8.84293937683105,"Unknown"
"7014855",371852,2025-07-20 02:36:24,43.3603706359863,-8.84368133544922,"Unknown"
"7014855",371852,2025-07-20 02:41:12,43.3600959777832,-8.84311676025391,"Unknown"
"7014855",371852,2025-07-20 02:46:17,43.359992980957,-8.84313869476318,"Unknown"
"7014855",371852,2025-07-20 02:51:35,43.3598442077637,-8.84337902069092,"Unknown"
"7014855",371852,2025-07-20 02:56:06,43.3597602844238,-8.84336566925049,"Unknown"
"7014855",371852,2025-07-20 03:01:06,43.3598670959473,-8.84327030181885,"Unknown"
"7014855",371852,2025-07-20 03:06:07,43.3598594665527,-8.84345531463623,"Unknown"
"7014855",371852,2025-07-20 03:11:06,43.35986328125,-8.84341716766357,"Unknown"
"7014855",371852,2025-07-20 03:16:07,43.3598213195801,-8.84338760375977,"Unknown"
"7014855",371852,2025-07-20 03:21:07,43.3598022460938,-8.84340476989746,"Unknown"
"7014855",371852,2025-07-20 03:26:07,43.3598213195801,-8.84335803985596,"Unknown"
"7014855",371852,2025-07-20 03:31:08,43.3598327636719,-8.8434009552002,"Unknown"
"7014855",371852,2025-07-20 03:36:09,43.3597297668457,-8.8433313369751,"Unknown"
"7014855",371852,2025-07-20 03:41:10,43.3598175048828,-8.84346294403076,"Unknown"
"7014855",371852,2025-07-20 03:46:12,43.3598098754883,-8.84298324584961,"Unknown"
"7014855",371852,2025-07-20 03:51:11,43.3598747253418,-8.84310245513916,"Unknown"
"7014855",371852,2025-07-20 03:56:35,43.3600120544434,-8.84306240081787,"Unknown"
"7014855",371852,2025-07-20 04:01:09,43.3599739074707,-8.84298896789551,"Unknown"
"7014855",371852,2025-07-20 04:06:10,43.3600006103516,-8.84304809570312,"Unknown"
"7014855",371852,2025-07-20 04:11:11,43.3599510192871,-8.84274005889893,"Unknown"
"7014855",371852,2025-07-20 04:16:18,43.360034942627,-8.84317016601562,"Unknown"
"7014855",371852,2025-07-20 04:21:13,43.359977722168,-8.84306526184082,"Unknown"
"7014855",371852,2025-07-20 04:26:07,43.3600006103516,-8.84272384643555,"Unknown"
"7014855",371852,2025-07-20 04:31:33,43.3599815368652,-8.8430233001709,"Unknown"
"7014855",371852,2025-07-20 04:36:40,43.3652000427246,-8.84634399414062,"Unknown"
"7014855",371852,2025-07-20 04:41:45,43.3647918701172,-8.8384895324707,"Unknown"
"7014855",371852,2025-07-20 04:46:10,43.3672981262207,-8.83351516723633,"Unknown"
"7014855",371852,2025-07-20 04:51:08,43.3672485351562,-8.83284759521484,"Unknown"
"7014855",371852,2025-07-20 04:56:18,43.3600578308105,-8.84311676025391,"Unknown"
"7014855",371852,2025-07-20 05:01:18,43.3600234985352,-8.84337139129639,"Unknown"
"7014855",371852,2025-07-20 05:06:18,43.3600578308105,-8.84308910369873,"Unknown"
"7014855",371852,2025-07-20 05:11:18,43.3599014282227,-8.84317398071289,"Unknown"
"7014855",371852,2025-07-20 05:16:18,43.3478507995605,-8.83242607116699,"Unknown"
"7014855",371852,2025-07-20 05:21:19,43.3293609619141,-8.81999683380127,"Unknown"
"7014855",371852,2025-07-20 05:26:22,43.3230400085449,-8.80622863769531,"Unknown"
"7014855",371852,2025-07-20 05:31:18,43.323558807373,-8.80478572845459,"Unknown"
"7014855",371852,2025-07-20 05:36:20,43.3230056762695,-8.80616092681885,"Unknown"
"7014855",371852,2025-07-20 05:41:20,43.3228874206543,-8.80575370788574,"Unknown"
"7014855",371852,2025-07-20 05:46:35,43.323055267334,-8.80602073669434,"Unknown"
"7014855",371852,2025-07-20 05:51:07,43.3230209350586,-8.80599784851074,"Unknown"
"7014855",371852,2025-07-20 05:56:07,43.3230056762695,-8.80618572235107,"Unknown"
"7014855",371852,2025-07-20 06:01:06,43.3463401794434,-8.8264799118042,"Unknown"
"7014855",371852,2025-07-20 06:06:11,43.3468475341797,-8.8322811126709,"Unknown"
"7014855",371852,2025-07-20 06:11:06,43.349479675293,-8.83337306976318,"Unknown"
"7014855",371852,2025-07-20 06:16:10,43.3623275756836,-8.83693885803223,"Unknown"
"7014855",371852,2025-07-20 06:21:09,43.3599891662598,-8.84298419952393,"Unknown"
"7014855",371852,2025-07-20 06:26:09,43.3599967956543,-8.84314060211182,"Unknown"
"7014855",371852,2025-07-20 06:31:10,43.3599395751953,-8.84297370910645,"Unknown"
"7014855",371852,2025-07-20 06:36:08,43.3599662780762,-8.84302806854248,"Unknown"
"7014855",371852,2025-07-20 06:41:09,43.3599166870117,-8.84270000457764,"Unknown"
"7014855",371852,2025-07-20 06:46:24,43.3599014282227,-8.84295082092285,"Unknown"
"7014855",371852,2025-07-20 06:51:08,43.3600234985352,-8.84284400939941,"Unknown"
"7014855",371852,2025-07-20 06:56:13,43.3598213195801,-8.84278583526611,"Unknown"
"7014855",371852,2025-07-20 07:01:09,43.3558158874512,-8.84708786010742,"Unknown"
"7014855",371852,2025-07-20 07:06:08,43.351634979248,-8.85300159454346,"Unknown"
"7014855",371852,2025-07-20 07:12:31,43.3577079772949,-8.84557342529297,"Unknown"
"7014855",371852,2025-07-20 07:16:19,43.3577919006348,-8.84564304351807,"Unknown"
"7014855",371852,2025-07-20 07:22:30,43.3577575683594,-8.84561443328857,"Unknown"
"7014855",371852,2025-07-20 07:26:08,43.3585205078125,-8.8436918258667,"Unknown"
"7014855",371852,2025-07-20 07:31:13,43.3597145080566,-8.84337043762207,"Unknown"
"7014855",371852,2025-07-20 07:36:10,43.360050201416,-8.84354591369629,"Unknown"
"7014855",371852,2025-07-20 07:41:07,43.35986328125,-8.84268760681152,"Unknown"
"7014855",371852,2025-07-20 07:46:09,43.3599815368652,-8.84308433532715,"Unknown"
"7014855",371852,2025-07-20 07:51:11,43.3599815368652,-8.84309387207031,"Unknown"
"7014855",371852,2025-07-20 07:56:34,43.349235534668,-8.83053874969482,"Unknown"
"7014855",371852,2025-07-20 08:01:08,43.3497047424316,-8.83569812774658,"Unknown"
"7014855",371852,2025-07-20 08:06:08,43.3487777709961,-8.83140182495117,"Unknown"
"7014855",371852,2025-07-20 08:11:07,43.3451042175293,-8.83304119110107,"Unknown"
"7014855",371852,2025-07-20 08:16:09,43.340259552002,-8.82936763763428,"Unknown"
"7014855",371852,2025-07-20 08:21:09,43.3401718139648,-8.82933330535889,"Unknown"
"7014855",371852,2025-07-20 08:26:09,43.3402481079102,-8.82940006256104,"Unknown"
"7014855",371852,2025-07-20 08:31:09,43.340217590332,-8.82932472229004,"Unknown"
"7014855",371852,2025-07-20 08:36:12,43.3402214050293,-8.82934665679932,"Unknown"
"7014855",371852,2025-07-20 08:41:10,43.3402557373047,-8.82931900024414,"Unknown"
"7014855",371852,2025-07-20 08:46:09,43.3402214050293,-8.82932949066162,"Unknown"
"7014855",371852,2025-07-20 08:51:13,43.3403968811035,-8.82931709289551,"Unknown"
"7014855",371852,2025-07-20 08:56:08,43.3402099609375,-8.82921028137207,"Unknown"
"7014855",371852,2025-07-20 09:01:08,43.3402099609375,-8.82921314239502,"Unknown"
"7014855",371852,2025-07-20 09:06:08,43.3401756286621,-8.82915019989014,"Unknown"
"7014855",371852,2025-07-20 09:11:10,43.3401184082031,-8.82920837402344,"Unknown"
"7014855",371852,2025-07-20 09:16:11,43.3372116088867,-8.82839870452881,"Unknown"
"7014855",371852,2025-07-20 09:21:13,43.3235969543457,-8.80795192718506,"Unknown"
"7014855",371852,2025-07-20 09:26:09,43.322509765625,-8.80240631103516,"Unknown"
"7014855",371852,2025-07-20 09:31:09,43.3221855163574,-8.80244255065918,"Unknown"
"7014855",371852,2025-07-20 09:36:10,43.3221168518066,-8.80235576629639,"Unknown"
"7014855",371852,2025-07-20 09:41:14,43.3223838806152,-8.80267333984375,"Unknown"
"7014855",371852,2025-07-20 09:46:23,43.3222312927246,-8.80272197723389,"Unknown"
"7014855",371852,2025-07-20 09:51:23,43.3222846984863,-8.80290603637695,"Unknown"
"7014855",371852,2025-07-20 09:56:44,43.3220558166504,-8.80271339416504,"Unknown"
"7014855",371852,2025-07-20 10:01:07,43.3220291137695,-8.80261611938477,"Unknown"
"7014855",371852,2025-07-20 10:06:09,43.3218193054199,-8.80269336700439,"Unknown"
"7014855",371852,2025-07-20 10:11:12,43.3219795227051,-8.80278873443604,"Unknown"
"7014855",371852,2025-07-20 10:16:10,43.3219604492188,-8.80267906188965,"Unknown"
"7014855",371852,2025-07-20 10:21:07,43.3224639892578,-8.80570411682129,"Unknown"
"7014855",371852,2025-07-20 10:26:08,43.3228225708008,-8.80599308013916,"Unknown"
"7014855",371852,2025-07-20 10:31:08,43.3170280456543,-8.79246997833252,"Unknown"
"7014855",371852,2025-07-20 10:36:07,43.305850982666,-8.74602794647217,"Unknown"
"7014855",371852,2025-07-20 10:41:09,43.3006057739258,-8.73701572418213,"Unknown"
"7014855",371852,2025-07-20 10:46:10,43.3003616333008,-8.73563671112061,"Unknown"
"7014855",371852,2025-07-20 10:51:16,43.3000373840332,-8.73418426513672,"Unknown"
"7014855",371852,2025-07-20 10:57:25,43.2942543029785,-8.74448013305664,"Unknown"
"7014855",371852,2025-07-20 11:01:26,43.3022155761719,-8.76457405090332,"Unknown"
"7014855",371852,2025-07-20 11:06:16,43.3088340759277,-8.7899112701416,"Unknown"
"7014855",371852,2025-07-20 11:11:11,43.3231773376465,-8.81214046478271,"Unknown"
"7014855",371852,2025-07-20 11:16:12,43.338020324707,-8.82267475128174,"Unknown"
"7014855",371852,2025-07-20 11:21:11,43.3513298034668,-8.83098125457764,"Unknown"
"7014855",371852,2025-07-20 11:26:12,43.3601493835449,-8.843017578125,"Unknown"
"7014855",371852,2025-07-20 11:31:08,43.3600273132324,-8.84304809570312,"Unknown"
"7014855",371852,2025-07-20 11:36:08,43.3599243164062,-8.84304237365723,"Unknown"
"7014855",371852,2025-07-20 11:41:10,43.3598556518555,-8.84305477142334,"Unknown"
"7014855",371852,2025-07-20 11:46:09,43.3596649169922,-8.84309101104736,"Unknown"
"7014855",371852,2025-07-20 11:51:10,43.3596839904785,-8.84321117401123,"Unknown"
"7014855",371852,2025-07-20 11:56:12,43.3598136901855,-8.8431510925293,"Unknown"
"7014855",371852,2025-07-20 12:01:20,43.3599815368652,-8.84310531616211,"Unknown"
"7014855",371852,2025-07-20 12:06:09,43.3595848083496,-8.84273815155029,"Unknown"
"7014855",371852,2025-07-20 12:11:21,43.3599319458008,-8.84302997589111,"Unknown"
"7014855",371852,2025-07-20 12:16:31,43.359977722168,-8.84307193756104,"Unknown"
"7014855",371852,2025-07-20 12:21:08,43.359920501709,-8.84320259094238,"Unknown"
"7014855",371852,2025-07-20 12:26:21,43.3580932617188,-8.84520626068115,"Unknown"
"7014855",371852,2025-07-20 12:31:21,43.342830657959,-8.82204818725586,"Unknown"
"7014855",371852,2025-07-20 12:36:43,43.3219146728516,-8.80238342285156,"Unknown"
"7014855",371852,2025-07-20 12:41:26,43.3223876953125,-8.80305099487305,"Unknown"
"7014855",371852,2025-07-20 12:46:20,43.3223457336426,-8.80306720733643,"Unknown"
"7014855",371852,2025-07-20 12:51:44,43.3222846984863,-8.80293941497803,"Unknown"
"7014855",371852,2025-07-20 12:56:22,43.322093963623,-8.80294418334961,"Unknown"
"7014855",371852,2025-07-20 13:01:21,43.3162040710449,-8.78598403930664,"Unknown"
"7014855",371852,2025-07-20 13:06:20,43.3080406188965,-8.74132442474365,"Unknown"
"7014855",371852,2025-07-20 13:11:24,43.2931900024414,-8.6995210647583,"Unknown"
"7014855",371852,2025-07-20 13:16:22,43.2814064025879,-8.66669368743896,"Unknown"
"7014855",371852,2025-07-20 13:21:23,43.2747039794922,-8.64675045013428,"Unknown"
"7014855",371852,2025-07-20 13:26:21,43.2513542175293,-8.62766265869141,"Unknown"
"7014855",371852,2025-07-20 13:31:20,43.2299766540527,-8.60786533355713,"Unknown"
"7014855",371852,2025-07-20 13:36:21,43.2136039733887,-8.5954704284668,"Unknown"
"7014855",371852,2025-07-20 13:41:23,43.194221496582,-8.58573436737061,"Unknown"
"7014855",371852,2025-07-20 13:46:44,43.1961441040039,-8.57898235321045,"Unknown"
"7014855",371852,2025-07-20 13:51:21,43.1755905151367,-8.55670642852783,"Unknown"
"7014855",371852,2025-07-20 13:56:20,43.1617546081543,-8.52954578399658,"Unknown"
"7014855",371852,2025-07-20 14:01:19,43.1392936706543,-8.49701118469238,"Unknown"
"7014855",371852,2025-07-20 14:06:23,43.1301383972168,-8.47214126586914,"Unknown"
"7014855",371852,2025-07-20 14:11:23,43.1300239562988,-8.47190570831299,"Unknown"
"7014855",371852,2025-07-20 14:16:23,43.1301383972168,-8.47203063964844,"Unknown"
"7014855",371852,2025-07-20 14:21:24,43.1300277709961,-8.47179508209229,"Unknown"
"7014855",371852,2025-07-20 14:26:24,43.1299934387207,-8.47179317474365,"Unknown"
"7014855",371852,2025-07-20 14:31:57,43.1333923339844,-8.46976757049561,"Unknown"
"7014855",371852,2025-07-20 14:36:25,43.1333694458008,-8.46969127655029,"Unknown"
"7014855",371852,2025-07-20 14:41:28,43.1333351135254,-8.46965599060059,"Unknown"
"7014855",371852,2025-07-20 14:46:53,43.1333694458008,-8.46969604492188,"Unknown"
"7014855",371852,2025-07-20 14:51:20,43.1333694458008,-8.46969127655029,"Unknown"
"7014855",371852,2025-07-20 14:56:24,43.1333808898926,-8.46977710723877,"Unknown"
"7014855",371852,2025-07-20 15:01:22,43.1303901672363,-8.47166442871094,"Unknown"
"7014855",371852,2025-07-20 15:06:23,43.1300621032715,-8.47222518920898,"Unknown"
"7014855",371852,2025-07-20 15:11:20,43.1301383972168,-8.47253513336182,"Unknown"
"7014855",371852,2025-07-20 15:16:22,43.1301651000977,-8.47230052947998,"Unknown"
"7014855",371852,2025-07-20 15:21:26,43.1303939819336,-8.47187900543213,"Unknown"
"7014855",371852,2025-07-20 15:26:24,43.1333808898926,-8.47000217437744,"Unknown"
"7014855",371852,2025-07-20 15:31:26,43.1336517333984,-8.47003269195557,"Unknown"
"7014855",371852,2025-07-20 15:36:24,43.1451072692871,-8.4665641784668,"Unknown"
"7014855",371852,2025-07-20 15:41:23,43.1537284851074,-8.48892116546631,"Unknown"
"7014855",371852,2025-07-20 15:46:32,43.1522026062012,-8.51086235046387,"Unknown"
"7014855",371852,2025-07-20 15:51:25,43.1595687866211,-8.53271389007568,"Unknown"
"7014855",371852,2025-07-20 15:56:32,43.1596374511719,-8.55882835388184,"Unknown"
"7014855",371852,2025-07-20 16:01:23,43.1654319763184,-8.58740043640137,"Unknown"
"7014855",371852,2025-07-20 16:06:48,43.1838607788086,-8.61121845245361,"Unknown"
"7014855",371852,2025-07-20 16:11:23,43.2059669494629,-8.62324714660645,"Unknown"
"7014855",371852,2025-07-20 16:16:20,43.2298545837402,-8.64304828643799,"Unknown"
"7014855",371852,2025-07-20 16:21:51,43.2397956848145,-8.65883636474609,"Unknown"
"7014855",371852,2025-07-20 16:26:23,43.267219543457,-8.66219902038574,"Unknown"
"7014855",371852,2025-07-20 16:31:20,43.2878913879395,-8.68734264373779,"Unknown"
"7014855",371852,2025-07-20 16:36:20,43.2929344177246,-8.71013641357422,"Unknown"
"7014855",371852,2025-07-20 16:41:20,43.297061920166,-8.74038124084473,"Unknown"
"7014855",371852,2025-07-20 16:46:21,43.2997245788574,-8.74706554412842,"Unknown"
"7014855",371852,2025-07-20 16:51:25,43.3017807006836,-8.76949405670166,"Unknown"
"7014855",371852,2025-07-20 16:56:24,43.3135604858398,-8.79550647735596,"Unknown"
"7014855",371852,2025-07-20 17:01:22,43.3226776123047,-8.80194664001465,"Unknown"
"7014855",371852,2025-07-20 17:06:22,43.3236656188965,-8.80606174468994,"Unknown"
"7014855",371852,2025-07-20 17:11:22,43.3406524658203,-8.82353401184082,"Unknown"
"7014855",371852,2025-07-20 17:17:44,43.3602409362793,-8.84558582305908,"Unknown"
"7014855",371852,2025-07-20 17:21:44,43.3600578308105,-8.84298229217529,"Unknown"
"7014855",371852,2025-07-20 17:26:36,43.3600540161133,-8.84309864044189,"Unknown"
"7014855",371852,2025-07-20 17:31:25,43.3599433898926,-8.84291076660156,"Unknown"
"7014855",371852,2025-07-20 17:36:23,43.3599548339844,-8.84295845031738,"Unknown"
"7014855",371852,2025-07-20 17:41:26,43.3601264953613,-8.84337615966797,"Unknown"
"7014855",371852,2025-07-20 17:46:44,43.3599967956543,-8.84305381774902,"Unknown"
"7014855",371852,2025-07-20 17:51:22,43.3599014282227,-8.84307193756104,"Unknown"
"7014855",371852,2025-07-20 17:56:20,43.3599739074707,-8.84314918518066,"Unknown"
"7014855",371852,2025-07-20 18:01:20,43.3599624633789,-8.84320163726807,"Unknown"
"7014855",371852,2025-07-20 18:06:21,43.3598594665527,-8.84292316436768,"Unknown"
"7014855",371852,2025-07-20 18:11:23,43.3599815368652,-8.84333324432373,"Unknown"
"7014855",371852,2025-07-20 18:16:21,43.3599510192871,-8.84304618835449,"Unknown"
"7014855",371852,2025-07-20 18:21:24,43.3628883361816,-8.83656883239746,"Unknown"
"7014855",371852,2025-07-20 18:26:23,43.3654022216797,-8.83060741424561,"Unknown"
"7014855",371852,2025-07-20 18:32:06,43.3692016601562,-8.82978057861328,"Unknown"
"7014855",371852,2025-07-20 18:36:20,43.3664779663086,-8.83205604553223,"Unknown"
"7014855",371852,2025-07-20 18:41:20,43.359790802002,-8.84286403656006,"Unknown"
"7014855",371852,2025-07-20 18:46:22,43.3598709106445,-8.84279918670654,"Unknown"
"7014855",371852,2025-07-20 18:51:22,43.3595657348633,-8.84294986724854,"Unknown"
"7014855",371852,2025-07-20 18:56:21,43.3599014282227,-8.84293937683105,"Unknown"
"7014855",371852,2025-07-20 19:01:20,43.3599853515625,-8.84325981140137,"Unknown"
"7014855",371852,2025-07-20 19:06:25,43.3599433898926,-8.84324073791504,"Unknown"
"7014855",371852,2025-07-20 19:11:25,43.3600921630859,-8.84353733062744,"Unknown"
"7014855",371852,2025-07-20 19:16:26,43.3599319458008,-8.84314823150635,"Unknown"
"7014855",371852,2025-07-20 19:21:20,43.3599548339844,-8.8431921005249,"Unknown"
"7014855",371852,2025-07-20 19:26:23,43.3600044250488,-8.84305667877197,"Unknown"
"7014855",371852,2025-07-20 19:31:20,43.3665313720703,-8.8297061920166,"Unknown"
"7014855",371852,2025-07-20 19:36:29,43.363582611084,-8.83479404449463,"Unknown"
"7014855",371852,2025-07-20 19:41:22,43.3605003356934,-8.82067966461182,"Unknown"
"7014855",371852,2025-07-20 19:46:53,43.3614120483398,-8.83400630950928,"Unknown"
"7014855",371852,2025-07-20 19:51:23,43.3614692687988,-8.8337459564209,"Unknown"
"7014855",371852,2025-07-20 19:56:24,43.3614082336426,-8.84078979492188,"Unknown"
"7014855",371852,2025-07-20 20:01:53,43.3601036071777,-8.84309387207031,"Unknown"
"7014855",371852,2025-07-20 20:06:21,43.3600120544434,-8.84309577941895,"Unknown"
"7014855",371852,2025-07-20 20:11:20,43.3598670959473,-8.84331893920898,"Unknown"
"7014855",371852,2025-07-20 20:16:20,43.3598518371582,-8.8433313369751,"Unknown"
"7014855",371852,2025-07-20 20:21:21,43.3599166870117,-8.84329986572266,"Unknown"
"7014855",371852,2025-07-20 20:26:20,43.359920501709,-8.84321403503418,"Unknown"
"7014855",371852,2025-07-20 20:31:20,43.359920501709,-8.84317302703857,"Unknown"
"7014855",371852,2025-07-20 20:36:20,43.3598976135254,-8.84309577941895,"Unknown"
"7014855",371852,2025-07-20 20:41:20,43.3598937988281,-8.8431510925293,"Unknown"
"7014855",371852,2025-07-20 20:46:21,43.3600044250488,-8.84312915802002,"Unknown"
"7014855",371852,2025-07-20 20:51:20,43.3599586486816,-8.84305858612061,"Unknown"
"7014855",371852,2025-07-20 20:56:21,43.360034942627,-8.84303855895996,"Unknown"
"7014855",371852,2025-07-20 21:01:21,43.360034942627,-8.84299278259277,"Unknown"
"7014855",371852,2025-07-20 21:06:21,43.360034942627,-8.84298992156982,"Unknown"
"7014855",371852,2025-07-20 21:11:21,43.3598976135254,-8.84309196472168,"Unknown"
"7014855",371852,2025-07-20 21:16:22,43.3600158691406,-8.84303188323975,"Unknown"
"7014855",371852,2025-07-20 21:21:33,43.3600578308105,-8.84307479858398,"Unknown"
"7014855",371852,2025-07-20 21:26:20,43.3600654602051,-8.84311389923096,"Unknown"
"7014855",371852,2025-07-20 21:31:20,43.3600807189941,-8.84311580657959,"Unknown"
"7014855",371852,2025-07-20 21:36:20,43.3600196838379,-8.84301662445068,"Unknown"
"7014855",371852,2025-07-20 21:41:24,43.3601264953613,-8.84305572509766,"Unknown"
"7014855",371852,2025-07-20 21:46:24,43.3600845336914,-8.84308052062988,"Unknown"
"7014855",371852,2025-07-20 21:51:20,43.3600730895996,-8.84311580657959,"Unknown"
"7014855",371852,2025-07-20 21:56:21,43.3600387573242,-8.84319686889648,"Unknown"
"7014855",371852,2025-07-20 22:01:34,43.3600997924805,-8.84319305419922,"Unknown"
"7014855",371852,2025-07-20 22:06:24,43.3600425720215,-8.84312629699707,"Unknown"
"7014855",371852,2025-07-20 22:11:25,43.3599014282227,-8.84307956695557,"Unknown"
"7014855",371852,2025-07-20 22:16:25,43.3599243164062,-8.84304714202881,"Unknown"
"7014855",371852,2025-07-20 22:21:20,43.3599662780762,-8.84309864044189,"Unknown"
"7014855",371852,2025-07-20 22:26:34,43.3598976135254,-8.84302043914795,"Unknown"
"7014855",371852,2025-07-20 22:31:24,43.3599548339844,-8.84304332733154,"Unknown"
"7014855",371852,2025-07-20 22:36:30,43.3598556518555,-8.84299564361572,"Unknown"
"7014855",371852,2025-07-20 22:41:41,43.3599548339844,-8.84309005737305,"Unknown"
"7014855",371852,2025-07-20 22:46:22,43.3599815368652,-8.84308910369873,"Unknown"
"7014855",371852,2025-07-20 22:51:24,43.360164642334,-8.84313488006592,"Unknown"
"7014855",371852,2025-07-20 22:56:35,43.3601112365723,-8.84327793121338,"Unknown"
"7014855",371852,2025-07-20 23:01:44,43.3600959777832,-8.84312152862549,"Unknown"
"7014855",371852,2025-07-20 23:06:20,43.3602066040039,-8.84325313568115,"Unknown"
"7014855",371852,2025-07-20 23:11:21,43.3600273132324,-8.8431396484375,"Unknown"
"7014855",371852,2025-07-20 23:16:20,43.3599967956543,-8.84307479858398,"Unknown"
"7014855",371852,2025-07-20 23:21:21,43.3600273132324,-8.84316253662109,"Unknown"
"7014855",371852,2025-07-20 23:26:20,43.3601150512695,-8.84298324584961,"Unknown"
"7014855",371852,2025-07-20 23:31:29,43.360107421875,-8.84295463562012,"Unknown"
"7014855",371852,2025-07-20 23:36:22,43.3600807189941,-8.84316730499268,"Unknown"
"7014855",371852,2025-07-20 23:41:27,43.3604507446289,-8.84290981292725,"Unknown"
"7014855",371852,2025-07-20 23:46:45,43.3601837158203,-8.84332942962646,"Unknown"
"7014855",371852,2025-07-20 23:51:21,43.359935760498,-8.84287738800049,"Unknown"
"7014855",371852,2025-07-20 23:56:23,43.3598175048828,-8.84277153015137,"Unknown"
"7014855",371852,2025-07-21 00:01:21,43.3599739074707,-8.84293174743652,"Unknown"
"7014855",371852,2025-07-21 00:06:25,43.3601150512695,-8.84317970275879,"Unknown"
"7014855",371852,2025-07-21 00:11:25,43.3600311279297,-8.84312534332275,"Unknown"
"7014855",371852,2025-07-21 00:16:21,43.3601875305176,-8.84323215484619,"Unknown"
"7014855",371852,2025-07-21 00:21:21,43.3600692749023,-8.84304809570312,"Unknown"
"7014855",371852,2025-07-21 00:26:21,43.3600196838379,-8.84305095672607,"Unknown"
"7014855",371852,2025-07-21 00:31:45,43.3601608276367,-8.84309387207031,"Unknown"
"7014855",371852,2025-07-21 00:36:21,43.3606643676758,-8.84255504608154,"Unknown"
"7014855",371852,2025-07-21 00:41:21,43.3598556518555,-8.84318447113037,"Unknown"
"7014855",371852,2025-07-21 00:46:24,43.3600425720215,-8.84302520751953,"Unknown"
"7014855",371852,2025-07-21 00:51:29,43.3600425720215,-8.84312057495117,"Unknown"
"7014855",371852,2025-07-21 00:56:24,43.3600463867188,-8.84307861328125,"Unknown"
"7014855",371852,2025-07-21 01:01:30,43.3600845336914,-8.84313011169434,"Unknown"
"7014855",371852,2025-07-21 01:06:22,43.360050201416,-8.84317779541016,"Unknown"
"7014855",371852,2025-07-21 01:11:30,43.3600311279297,-8.84323215484619,"Unknown"
"7014855",371852,2025-07-21 01:16:45,43.3600959777832,-8.84306716918945,"Unknown"
"7014855",371852,2025-07-21 01:21:23,43.3619232177734,-8.84008407592773,"Unknown"
"7014855",371852,2025-07-21 01:26:25,43.3600654602051,-8.84314918518066,"Unknown"
"7014855",371852,2025-07-21 01:31:44,43.3600311279297,-8.84301662445068,"Unknown"
"7014855",371852,2025-07-21 01:36:20,43.3598442077637,-8.84346294403076,"Unknown"
"7014855",371852,2025-07-21 01:41:25,43.3600692749023,-8.84297752380371,"Unknown"
"7014855",371852,2025-07-21 01:46:21,43.3598327636719,-8.84347820281982,"Unknown"
"7014855",371852,2025-07-21 01:51:23,43.3597259521484,-8.84365081787109,"Unknown"
"7014855",371852,2025-07-21 01:56:23,43.3595008850098,-8.84414577484131,"Unknown"
"7014855",371852,2025-07-21 02:01:34,43.3599739074707,-8.84293556213379,"Unknown"
"7014855",371852,2025-07-21 02:06:28,43.3600959777832,-8.84276962280273,"Unknown"
"7014855",371852,2025-07-21 02:11:25,43.3600921630859,-8.84284973144531,"Unknown"
"7014855",371852,2025-07-21 02:16:45,43.3600311279297,-8.84299850463867,"Unknown"
"7014855",371852,2025-07-21 02:21:29,43.3599739074707,-8.84311389923096,"Unknown"
"7014855",371852,2025-07-21 02:26:25,43.3601303100586,-8.84304714202881,"Unknown"
"7014855",371852,2025-07-21 02:31:27,43.3600463867188,-8.8430871963501,"Unknown"
"7014855",371852,2025-07-21 02:36:22,43.359935760498,-8.84343719482422,"Unknown"
"7014855",371852,2025-07-21 02:41:30,43.3600311279297,-8.84311866760254,"Unknown"
"7014855",371852,2025-07-21 02:46:45,43.3600120544434,-8.84306621551514,"Unknown"
"7014855",371852,2025-07-21 02:51:28,43.360050201416,-8.84298610687256,"Unknown"
"7014855",371852,2025-07-21 02:56:24,43.3600425720215,-8.84298896789551,"Unknown"
"7014855",371852,2025-07-21 03:01:24,43.3600959777832,-8.8431282043457,"Unknown"
"7014855",371852,2025-07-21 03:06:28,43.3599166870117,-8.84304618835449,"Unknown"
"7014855",371852,2025-07-21 03:11:28,43.3598976135254,-8.84302234649658,"Unknown"
"7014855",371852,2025-07-21 03:16:41,43.3599128723145,-8.8432445526123,"Unknown"
"7014855",371852,2025-07-21 03:21:53,43.3600578308105,-8.8430233001709,"Unknown"
"7014855",371852,2025-07-21 03:26:20,43.3600273132324,-8.84304428100586,"Unknown"
"7014855",371852,2025-07-21 03:31:20,43.3600654602051,-8.84305095672607,"Unknown"
"7014855",371852,2025-07-21 03:36:21,43.3600540161133,-8.84298229217529,"Unknown"
"7014855",371852,2025-07-21 03:41:23,43.359992980957,-8.84304141998291,"Unknown"
"7014855",371852,2025-07-21 03:46:32,43.3600196838379,-8.84299278259277,"Unknown"
"7014855",371852,2025-07-21 03:51:44,43.3600234985352,-8.84306621551514,"Unknown"
"7014855",371852,2025-07-21 03:56:22,43.360050201416,-8.843092918396,"Unknown"
"7014855",371852,2025-07-21 04:01:21,43.359977722168,-8.84293842315674,"Unknown"
"7014855",371852,2025-07-21 04:06:32,43.3600082397461,-8.84305953979492,"Unknown"
"7014855",371852,2025-07-21 04:11:34,43.3680305480957,-8.84148788452148,"Unknown"
"7014855",371852,2025-07-21 04:17:04,43.3941535949707,-8.84971523284912,"Unknown"
"7014855",371852,2025-07-21 04:21:21,43.4135971069336,-8.86791229248047,"Unknown"
"7014855",371852,2025-07-21 04:26:20,43.4390869140625,-8.87517929077148,"Unknown"
"7014855",371852,2025-07-21 04:31:21,43.4366836547852,-8.89238262176514,"Unknown"
"7014855",371852,2025-07-21 04:36:22,43.4494667053223,-8.90924644470215,"Unknown"
"7014855",371852,2025-07-21 04:41:20,43.4487800598145,-8.92607021331787,"Unknown"
"7014855",371852,2025-07-21 04:46:53,43.4418411254883,-8.94196128845215,"Unknown"
"7014855",371852,2025-07-21 04:51:22,43.4408531188965,-8.95939922332764,"Unknown"
"7014855",371852,2025-07-21 04:56:27,43.4277839660645,-8.95831489562988,"Unknown"
"7014855",371852,2025-07-21 05:01:30,43.4107818603516,-8.9298677444458,"Unknown"
"7014855",371852,2025-07-21 05:06:53,43.3912506103516,-8.90161609649658,"Unknown"
"7014855",371852,2025-07-21 05:11:24,43.3759841918945,-8.88340663909912,"Unknown"
"7014855",371852,2025-07-21 05:16:21,43.3614387512207,-8.85160446166992,"Unknown"
"7014855",371852,2025-07-21 05:21:24,43.3604049682617,-8.84287071228027,"Unknown"
"7014855",371852,2025-07-21 05:26:21,43.3635673522949,-8.83739852905273,"Unknown"
"7014855",371852,2025-07-21 05:31:20,43.3524971008301,-8.82620811462402,"Unknown"
"7014855",371852,2025-07-21 05:36:21,43.3405456542969,-8.82909774780273,"Unknown"
"7014855",371852,2025-07-21 05:41:27,43.340576171875,-8.82909202575684,"Unknown"
"7014855",371852,2025-07-21 05:46:27,43.3405151367188,-8.82902908325195,"Unknown"
"7014855",371852,2025-07-21 05:51:22,43.3374290466309,-8.82635593414307,"Unknown"
"7014855",371852,2025-07-21 05:57:13,43.3366737365723,-8.8278284072876,"Unknown"
"7014855",371852,2025-07-21 06:01:24,43.3366241455078,-8.82778549194336,"Unknown"
"7014855",371852,2025-07-21 06:06:21,43.3345108032227,-8.82603454589844,"Unknown"
"7014855",371852,2025-07-21 06:11:23,43.3229026794434,-8.80601119995117,"Unknown"
"7014855",371852,2025-07-21 06:16:38,43.3222618103027,-8.80723190307617,"Unknown"
"7014855",371852,2025-07-21 06:21:22,43.3222999572754,-8.80288219451904,"Unknown"
"7014855",371852,2025-07-21 06:26:21,43.3224906921387,-8.80334091186523,"Unknown"
"7014855",371852,2025-07-21 06:31:30,43.322338104248,-8.8049430847168,"Unknown"
"7014855",371852,2025-07-21 06:36:29,43.3226509094238,-8.80464839935303,"Unknown"
"7014855",371852,2025-07-21 06:41:20,43.3223457336426,-8.80298328399658,"Unknown"
"7014855",371852,2025-07-21 06:47:23,43.3230171203613,-8.80595016479492,"Unknown"
"7014855",371852,2025-07-21 06:51:40,43.3229942321777,-8.80595970153809,"Unknown"
"7014855",371852,2025-07-21 06:56:20,43.3229446411133,-8.80592632293701,"Unknown"
"7014855",371852,2025-07-21 07:01:28,43.323070526123,-8.8060131072998,"Unknown"
"7014855",371852,2025-07-21 07:06:21,43.3144187927246,-8.80059909820557,"Unknown"
"7014855",371852,2025-07-21 07:11:21,43.3100738525391,-8.79081916809082,"Unknown"
"7014855",371852,2025-07-21 07:16:29,43.3056335449219,-8.78852462768555,"Unknown"
"7014855",371852,2025-07-21 07:21:22,43.3054618835449,-8.78842449188232,"Unknown"
"7014855",371852,2025-07-21 07:26:22,43.3054618835449,-8.78832626342773,"Unknown"
"7014855",371852,2025-07-21 07:31:25,43.3054428100586,-8.78826141357422,"Unknown"
"7014855",371852,2025-07-21 07:36:24,43.3055801391602,-8.7881555557251,"Unknown"
"7014855",371852,2025-07-21 07:41:23,43.3225898742676,-8.80452537536621,"Unknown"
"7014855",371852,2025-07-21 07:46:53,43.3226585388184,-8.80434417724609,"Unknown"
"7014855",371852,2025-07-21 07:51:24,43.3226089477539,-8.80450248718262,"Unknown"
"7014855",371852,2025-07-21 07:56:20,43.3225631713867,-8.80454730987549,"Unknown"
"7014855",371852,2025-07-21 08:01:20,43.3225860595703,-8.80440616607666,"Unknown"
"7014855",371852,2025-07-21 08:06:20,43.3223495483398,-8.80329036712646,"Unknown"
"7014855",371852,2025-07-21 08:11:23,43.3225212097168,-8.80373954772949,"Unknown"
"7014855",371852,2025-07-21 08:16:20,43.3225059509277,-8.80383491516113,"Unknown"
"7014855",371852,2025-07-21 08:21:44,43.3225173950195,-8.80374908447266,"Unknown"
"7014855",371852,2025-07-21 08:26:25,43.3221054077148,-8.7987642288208,"Unknown"
"7014855",371852,2025-07-21 08:31:23,43.3098793029785,-8.76095390319824,"Unknown"
"7014855",371852,2025-07-21 08:37:35,43.299877166748,-8.75940132141113,"Unknown"
"7014855",371852,2025-07-21 08:41:20,43.3021011352539,-8.77848148345947,"Unknown"
"7014855",371852,2025-07-21 08:46:20,43.3167533874512,-8.79721164703369,"Unknown"
"7014855",371852,2025-07-21 08:51:27,43.32275390625,-8.80483436584473,"Unknown"
"7014855",371852,2025-07-21 08:56:21,43.3227386474609,-8.80469703674316,"Unknown"
"7014855",371852,2025-07-21 09:01:44,43.3227653503418,-8.80474090576172,"Unknown"
"7014855",371852,2025-07-21 09:06:30,43.3211975097656,-8.78766822814941,"Unknown"
"7014855",371852,2025-07-21 09:11:20,43.3096961975098,-8.7628002166748,"Unknown"
"7014855",371852,2025-07-21 09:16:48,43.2935791015625,-8.74795627593994,"Unknown"
"7014855",371852,2025-07-21 09:21:41,43.2946281433105,-8.73713397979736,"Unknown"
"7014855",371852,2025-07-21 09:26:25,43.2968788146973,-8.71238422393799,"Unknown"
"7014855",371852,2025-07-21 09:31:20,43.2866172790527,-8.66981220245361,"Unknown"
"7014855",371852,2025-07-21 09:36:22,43.2806701660156,-8.64400386810303,"Unknown"
"7014855",371852,2025-07-21 09:41:23,43.2596282958984,-8.62329292297363,"Unknown"
"7014855",371852,2025-07-21 09:46:53,43.251823425293,-8.60367393493652,"Unknown"
"7014855",371852,2025-07-21 09:51:20,43.2459869384766,-8.5986795425415,"Unknown"
"7014855",371852,2025-07-21 09:56:23,43.2208099365234,-8.58034992218018,"Unknown"
"7014855",371852,2025-07-21 10:01:20,43.1919059753418,-8.56690502166748,"Unknown"
"7014855",371852,2025-07-21 10:06:23,43.1776123046875,-8.54949474334717,"Unknown"
"7014855",371852,2025-07-21 10:11:23,43.1509742736816,-8.51219940185547,"Unknown"
"7014855",371852,2025-07-21 10:16:27,43.1306381225586,-8.47140312194824,"Unknown"
"7014855",371852,2025-07-21 10:21:22,43.1301765441895,-8.47237682342529,"Unknown"
"7014855",371852,2025-07-21 10:26:24,43.1303291320801,-8.47208499908447,"Unknown"
"7014855",371852,2025-07-21 10:31:27,43.1303100585938,-8.47186374664307,"Unknown"
"7014855",371852,2025-07-21 10:36:25,43.130443572998,-8.47171783447266,"Unknown"
"7014855",371852,2025-07-21 10:41:41,43.1307334899902,-8.47159576416016,"Unknown"
"7014855",371852,2025-07-21 10:46:22,43.132511138916,-8.46988010406494,"Unknown"
"7014855",371852,2025-07-21 10:52:35,43.1333274841309,-8.47005462646484,"Unknown"
"7014855",371852,2025-07-21 10:56:22,43.1335220336914,-8.47008514404297,"Unknown"
"7014855",371852,2025-07-21 11:01:27,43.133243560791,-8.470046043396,"Unknown"
"7014855",371852,2025-07-21 11:06:21,43.1331901550293,-8.470046043396,"Unknown"
"7014855",371852,2025-07-21 11:11:30,43.1332321166992,-8.47005558013916,"Unknown"
"7014855",371852,2025-07-21 11:16:25,43.1330299377441,-8.47018814086914,"Unknown"
"7014855",371852,2025-07-21 11:21:24,43.1328773498535,-8.47017765045166,"Unknown"
"7014855",371852,2025-07-21 11:26:25,43.1334342956543,-8.47003650665283,"Unknown"
"7014855",371852,2025-07-21 11:31:23,43.1332054138184,-8.47007369995117,"Unknown"
"7014855",371852,2025-07-21 11:36:23,43.1332130432129,-8.46993350982666,"Unknown"
"7014855",371852,2025-07-21 11:41:21,43.1331748962402,-8.46989440917969,"Unknown"
"7014855",371852,2025-07-21 11:46:32,43.1331481933594,-8.47009563446045,"Unknown"
"7014855",371852,2025-07-21 11:51:24,43.1332511901855,-8.47002410888672,"Unknown"
"7014855",371852,2025-07-21 11:56:25,43.133056640625,-8.46995067596436,"Unknown"
"7014855",371852,2025-07-21 12:01:50,43.1334609985352,-8.46994209289551,"Unknown"
"7014855",371852,2025-07-21 12:06:31,43.1333084106445,-8.47010898590088,"Unknown"
"7014855",371852,2025-07-21 12:11:23,43.1322212219238,-8.46955680847168,"Unknown"
"7014855",371852,2025-07-21 12:16:25,43.1322326660156,-8.46944522857666,"Unknown"
"7014855",371852,2025-07-21 12:21:22,43.1321792602539,-8.46937465667725,"Unknown"
"7014855",371852,2025-07-21 12:26:23,43.1304893493652,-8.47202968597412,"Unknown"
"7014855",371852,2025-07-21 12:31:25,43.1303405761719,-8.47202205657959,"Unknown"
"7014855",371852,2025-07-21 12:36:52,43.1307067871094,-8.47207069396973,"Unknown"
"7014855",371852,2025-07-21 12:41:30,43.1306648254395,-8.47202587127686,"Unknown"
"7014855",371852,2025-07-21 12:47:20,43.1305122375488,-8.47182273864746,"Unknown"
"7014855",371852,2025-07-21 12:51:23,43.1303367614746,-8.47176837921143,"Unknown"
"7014855",371852,2025-07-21 12:56:29,43.1303443908691,-8.47198867797852,"Unknown"
"7014855",371852,2025-07-21 13:01:53,43.1332168579102,-8.46976280212402,"Unknown"
"7014855",371852,2025-07-21 13:06:34,43.1331939697266,-8.46979141235352,"Unknown"
"7014855",371852,2025-07-21 13:11:37,43.1334991455078,-8.46992874145508,"Unknown"
"7014855",371852,2025-07-21 13:16:21,43.1340255737305,-8.4705286026001,"Unknown"
"7014855",371852,2025-07-21 13:21:22,43.1337127685547,-8.47032737731934,"Unknown"
"7014855",371852,2025-07-21 13:26:25,43.1342353820801,-8.47068309783936,"Unknown"
"7014855",371852,2025-07-21 13:31:20,43.1334037780762,-8.47024536132812,"Unknown"
"7014855",371852,2025-07-21 13:36:23,43.1431846618652,-8.47659683227539,"Unknown"
"7014855",371852,2025-07-21 13:41:22,43.1527938842773,-8.4884557723999,"Unknown"
"7014855",371852,2025-07-21 13:46:44,43.1654472351074,-8.52413940429688,"Unknown"
"7014855",371852,2025-07-21 13:51:21,43.1715431213379,-8.54577445983887,"Unknown"
"7014855",371852,2025-07-21 13:56:20,43.188060760498,-8.57285976409912,"Unknown"
"7014855",371852,2025-07-21 14:01:20,43.1939506530762,-8.57968997955322,"Unknown"
"7014855",371852,2025-07-21 14:06:23,43.2140312194824,-8.60958099365234,"Unknown"
"7014855",371852,2025-07-21 14:11:21,43.2326507568359,-8.63450622558594,"Unknown"
"7014855",371852,2025-07-21 14:16:28,43.2495613098145,-8.65959930419922,"Unknown"
"7014855",371852,2025-07-21 14:21:42,43.2686653137207,-8.68941974639893,"Unknown"
"7014855",371852,2025-07-21 14:26:21,43.2880058288574,-8.72307968139648,"Unknown"
"7014855",371852,2025-07-21 14:31:30,43.2996025085449,-8.75129222869873,"Unknown"
"7014855",371852,2025-07-21 14:36:53,43.3034782409668,-8.78916168212891,"Unknown"
"7014855",371852,2025-07-21 14:41:20,43.3217353820801,-8.80850887298584,"Unknown"
"7014855",371852,2025-07-21 14:47:13,43.3422966003418,-8.83294200897217,"Unknown"
"7014855",371852,2025-07-21 14:51:20,43.3539352416992,-8.84279441833496,"Unknown"
"7014855",371852,2025-07-21 14:56:20,43.3600616455078,-8.84325790405273,"Unknown"
"7014855",371852,2025-07-21 15:01:25,43.3600311279297,-8.84330177307129,"Unknown"
"7014855",371852,2025-07-21 15:07:35,43.3607864379883,-8.84422016143799,"Unknown"
"7014855",371852,2025-07-21 15:11:28,43.3607177734375,-8.84378433227539,"Unknown"
"7014855",371852,2025-07-21 15:16:28,43.3608665466309,-8.84418487548828,"Unknown"
"7014855",371852,2025-07-21 15:21:20,43.359935760498,-8.84328842163086,"Unknown"
"7014855",371852,2025-07-21 15:26:21,43.360034942627,-8.84304809570312,"Unknown"
"7014855",371852,2025-07-21 15:31:20,43.360034942627,-8.84335803985596,"Unknown"
"7014855",371852,2025-07-21 15:36:21,43.3600769042969,-8.84306907653809,"Unknown"
"7014855",371852,2025-07-21 15:41:21,43.3600234985352,-8.84308242797852,"Unknown"
"7014855",371852,2025-07-21 15:46:23,43.360050201416,-8.84310722351074,"Unknown"
"7014855",371852,2025-07-21 15:51:20,43.3600654602051,-8.843337059021,"Unknown"
"7014855",371852,2025-07-21 15:56:23,43.3638534545898,-8.8366756439209,"Unknown"
"7014855",371852,2025-07-21 16:01:20,43.3600769042969,-8.84450531005859,"Unknown"
"7014855",371852,2025-07-21 16:06:25,43.360164642334,-8.84329795837402,"Unknown"
"7014855",371852,2025-07-21 16:11:24,43.3601303100586,-8.84328651428223,"Unknown"
"7014855",371852,2025-07-21 16:16:20,43.3601455688477,-8.84332370758057,"Unknown"
"7014855",371852,2025-07-21 16:21:25,43.3601417541504,-8.84312915802002,"Unknown"
"7014855",371852,2025-07-21 16:26:22,43.3601493835449,-8.84333992004395,"Unknown"
"7014855",371852,2025-07-21 16:31:21,43.3600959777832,-8.84345722198486,"Unknown"
"7014855",371852,2025-07-21 16:36:40,43.3602447509766,-8.8432731628418,"Unknown"
"7014855",371852,2025-07-21 16:41:22,43.3601531982422,-8.8435001373291,"Unknown"
"7014855",371852,2025-07-21 16:46:23,43.360237121582,-8.84346389770508,"Unknown"
"7014855",371852,2025-07-21 16:51:23,43.3602676391602,-8.84337425231934,"Unknown"
"7014855",371852,2025-07-21 16:56:22,43.3602256774902,-8.84347438812256,"Unknown"
"7014855",371852,2025-07-21 17:01:22,43.360164642334,-8.84319591522217,"Unknown"
"7014855",371852,2025-07-21 17:06:25,43.3598899841309,-8.84279441833496,"Unknown"
"7014855",371852,2025-07-21 17:11:53,43.3600196838379,-8.84305000305176,"Unknown"
"7014855",371852,2025-07-21 17:16:27,43.3599586486816,-8.8429069519043,"Unknown"
"7014855",371852,2025-07-21 17:21:22,43.3498001098633,-8.83469581604004,"Unknown"
"7014855",371852,2025-07-21 17:26:23,43.3312683105469,-8.81658935546875,"Unknown"
"7014855",371852,2025-07-21 17:31:21,43.3237609863281,-8.80694198608398,"Unknown"
"7014855",371852,2025-07-21 17:36:22,43.3231391906738,-8.80556488037109,"Unknown"
"7014855",371852,2025-07-21 17:41:22,43.3233528137207,-8.80592155456543,"Unknown"
"7014855",371852,2025-07-21 17:46:23,43.3232688903809,-8.80596828460693,"Unknown"
"7014855",371852,2025-07-21 17:51:25,43.3233795166016,-8.80620288848877,"Unknown"
"7014855",371852,2025-07-21 17:56:21,43.3233108520508,-8.80587100982666,"Unknown"
"7014855",371852,2025-07-21 18:01:21,43.3233451843262,-8.80600929260254,"Unknown"
"7014855",371852,2025-07-21 18:06:22,43.3228874206543,-8.8065824508667,"Unknown"
"7014855",371852,2025-07-21 18:11:22,43.3234024047852,-8.80624103546143,"Unknown"
"7014855",371852,2025-07-21 18:16:23,43.3229751586914,-8.80600261688232,"Unknown"
"7014855",371852,2025-07-21 18:21:27,43.3226280212402,-8.80441570281982,"Unknown"
"7014855",371852,2025-07-21 18:26:44,43.3230361938477,-8.8063268661499,"Unknown"
"7014855",371852,2025-07-21 18:32:23,43.3231086730957,-8.80541896820068,"Unknown"
"7014855",371852,2025-07-21 18:36:22,43.3231239318848,-8.80548763275146,"Unknown"
"7014855",371852,2025-07-21 18:41:21,43.3233528137207,-8.80618572235107,"Unknown"
"7014855",371852,2025-07-21 18:47:45,43.3234176635742,-8.80689811706543,"Unknown"
"7014855",371852,2025-07-21 18:51:27,43.3234405517578,-8.80698108673096,"Unknown"
"7014855",371852,2025-07-21 18:56:24,43.3234825134277,-8.80610370635986,"Unknown"
"7014855",371852,2025-07-21 19:01:44,43.3235473632812,-8.80637836456299,"Unknown"
"7014855",371852,2025-07-21 19:06:24,43.3177833557129,-8.79135799407959,"Unknown"
"7014855",371852,2025-07-21 19:12:45,43.3169059753418,-8.79173278808594,"Unknown"
"7014855",371852,2025-07-21 19:17:45,43.3176345825195,-8.80487632751465,"Unknown"
"7014855",371852,2025-07-21 19:22:45,43.3225135803223,-8.80487155914307,"Unknown"
"7014855",371852,2025-07-21 19:26:29,43.3228454589844,-8.80512714385986,"Unknown"
"7014855",371852,2025-07-21 19:31:28,43.3229217529297,-8.80531311035156,"Unknown"
"7014855",371852,2025-07-21 19:36:28,43.3229141235352,-8.80526638031006,"Unknown"
"7014855",371852,2025-07-21 19:41:44,43.3229484558105,-8.80540466308594,"Unknown"
"7014855",371852,2025-07-21 19:47:05,43.3229560852051,-8.80534648895264,"Unknown"
"7014855",371852,2025-07-21 19:51:20,43.3230438232422,-8.80542373657227,"Unknown"
"7014855",371852,2025-07-21 19:56:21,43.3230018615723,-8.80541706085205,"Unknown"
"7014855",371852,2025-07-21 20:01:21,43.322452545166,-8.80434131622314,"Unknown"
"7014855",371852,2025-07-21 20:06:20,43.3228416442871,-8.80506038665771,"Unknown"
"7014855",371852,2025-07-21 20:11:20,43.3228302001953,-8.8050594329834,"Unknown"
"7014855",371852,2025-07-21 20:16:20,43.323112487793,-8.8065013885498,"Unknown"
"7014855",371852,2025-07-21 20:21:22,43.343994140625,-8.78986072540283,"Unknown"
"7014855",371852,2025-07-21 20:26:20,43.351505279541,-8.7411937713623,"Unknown"
"7014855",371852,2025-07-21 20:31:21,43.3502655029297,-8.73945426940918,"Unknown"
"7014855",371852,2025-07-21 20:36:21,43.3570785522461,-8.7357006072998,"Unknown"
"7014855",371852,2025-07-21 20:41:23,43.3581962585449,-8.73901176452637,"Unknown"
"7014855",371852,2025-07-21 20:46:29,43.358325958252,-8.73682880401611,"Unknown"
"7014855",371852,2025-07-21 20:51:22,43.3538017272949,-8.74398803710938,"Unknown"
"7014855",371852,2025-07-21 20:56:23,43.3565406799316,-8.73869895935059,"Unknown"
"7014855",371852,2025-07-21 21:01:21,43.3569831848145,-8.73931503295898,"Unknown"
"7014855",371852,2025-07-21 21:06:23,43.3525810241699,-8.74576187133789,"Unknown"
"7014855",371852,2025-07-21 21:11:28,43.3525657653809,-8.74556541442871,"Unknown"
"7014855",371852,2025-07-21 21:16:44,43.3526840209961,-8.7451868057251,"Unknown"
"7014855",371852,2025-07-21 21:21:57,43.3526725769043,-8.74482154846191,"Unknown"
"7014855",371852,2025-07-21 21:26:20,43.3525924682617,-8.74471759796143,"Unknown"
"7014855",371852,2025-07-21 21:31:20,43.3526306152344,-8.74460697174072,"Unknown"
"7014855",371852,2025-07-21 21:36:20,43.352783203125,-8.74468421936035,"Unknown"
"7014855",371852,2025-07-21 21:41:21,43.3530082702637,-8.7446756362915,"Unknown"
"7014855",371852,2025-07-21 21:46:22,43.3533020019531,-8.7446813583374,"Unknown"
"7014855",371852,2025-07-21 21:51:21,43.3537216186523,-8.74489116668701,"Unknown"
"7014855",371852,2025-07-21 21:56:24,43.3541870117188,-8.74508285522461,"Unknown"
"7014855",371852,2025-07-21 22:01:24,43.3545417785645,-8.74529075622559,"Unknown"
"7014855",371852,2025-07-21 22:06:24,43.3550987243652,-8.74574565887451,"Unknown"
"7014855",371852,2025-07-21 22:11:23,43.3552627563477,-8.7457332611084,"Unknown"
"7014855",371852,2025-07-21 22:16:24,43.3557472229004,-8.74591732025146,"Unknown"
"7014855",371852,2025-07-21 22:21:23,43.3542137145996,-8.74717044830322,"Unknown"
"7014855",371852,2025-07-21 22:26:24,43.3545875549316,-8.7476110458374,"Unknown"
"7014855",371852,2025-07-21 22:31:35,43.3549346923828,-8.74789333343506,"Unknown"
"7014855",371852,2025-07-21 22:36:27,43.3552932739258,-8.74787902832031,"Unknown"
"7014855",371852,2025-07-21 22:41:30,43.3558082580566,-8.74811744689941,"Unknown"
"7014855",371852,2025-07-21 22:46:22,43.3562469482422,-8.74824810028076,"Unknown"
"7014855",371852,2025-07-21 22:51:24,43.3567428588867,-8.74844741821289,"Unknown"
"7014855",371852,2025-07-21 22:56:38,43.3572769165039,-8.74878787994385,"Unknown"
"7014855",371852,2025-07-21 23:01:34,43.3582382202148,-8.74908828735352,"Unknown"
"7014855",371852,2025-07-21 23:06:41,43.3591041564941,-8.74928283691406,"Unknown"
"7014855",371852,2025-07-21 23:11:20,43.3601303100586,-8.7491397857666,"Unknown"
"7014855",371852,2025-07-21 23:16:24,43.3613510131836,-8.74930858612061,"Unknown"
"7014855",371852,2025-07-21 23:21:27,43.3620185852051,-8.74970149993896,"Unknown"
"7014855",371852,2025-07-21 23:26:23,43.3625030517578,-8.74964332580566,"Unknown"
"7014855",371852,2025-07-21 23:31:24,43.3634605407715,-8.74979114532471,"Unknown"
"7014855",371852,2025-07-21 23:37:03,43.3646354675293,-8.74992084503174,"Unknown"
"7014855",371852,2025-07-21 23:41:28,43.3630714416504,-8.7511568069458,"Unknown"
"7014855",371852,2025-07-21 23:46:46,43.3639755249023,-8.75168514251709,"Unknown"
"7014855",371852,2025-07-21 23:51:21,43.3606147766113,-8.75675201416016,"Unknown"
"7014855",371852,2025-07-21 23:56:33,43.3595314025879,-8.76042556762695,"Unknown"
"7014855",371852,2025-07-22 00:01:20,43.3557777404785,-8.76322078704834,"Unknown"
"7014855",371852,2025-07-22 00:06:21,43.3562164306641,-8.76332473754883,"Unknown"
"7014855",371852,2025-07-22 00:11:23,43.3565826416016,-8.7633056640625,"Unknown"
"7014855",371852,2025-07-22 00:16:22,43.3571128845215,-8.76297664642334,"Unknown"
"7014855",371852,2025-07-22 00:21:22,43.357494354248,-8.76282978057861,"Unknown"
"7014855",371852,2025-07-22 00:26:23,43.3578796386719,-8.76271629333496,"Unknown"
"7014855",371852,2025-07-22 00:31:44,43.3583030700684,-8.76262378692627,"Unknown"
"7014855",371852,2025-07-22 00:36:20,43.3585662841797,-8.76266574859619,"Unknown"
"7014855",371852,2025-07-22 00:41:20,43.3581581115723,-8.76215171813965,"Unknown"
"7014855",371852,2025-07-22 00:46:20,43.3587303161621,-8.76240539550781,"Unknown"
"7014855",371852,2025-07-22 00:51:21,43.3589096069336,-8.76220321655273,"Unknown"
"7014855",371852,2025-07-22 00:56:22,43.3589744567871,-8.76212978363037,"Unknown"
"7014855",371852,2025-07-22 01:01:20,43.3596458435059,-8.76242733001709,"Unknown"
"7014855",371852,2025-07-22 01:06:20,43.3601455688477,-8.76230621337891,"Unknown"
"7014855",371852,2025-07-22 01:11:20,43.3603630065918,-8.7624340057373,"Unknown"
"7014855",371852,2025-07-22 01:16:44,43.3605308532715,-8.76266193389893,"Unknown"
"7014855",371852,2025-07-22 01:21:23,43.361083984375,-8.76285839080811,"Unknown"
"7014855",371852,2025-07-22 01:26:21,43.3614387512207,-8.76295471191406,"Unknown"
"7014855",371852,2025-07-22 01:31:23,43.3611755371094,-8.76296615600586,"Unknown"
"7014855",371852,2025-07-22 01:36:22,43.3614044189453,-8.76287364959717,"Unknown"
"7014855",371852,2025-07-22 01:41:30,43.3617401123047,-8.76292705535889,"Unknown"
"7014855",371852,2025-07-22 01:46:44,43.362003326416,-8.76307678222656,"Unknown"
"7014855",371852,2025-07-22 01:51:22,43.3621292114258,-8.7633171081543,"Unknown"
"7014855",371852,2025-07-22 01:56:22,43.3623008728027,-8.76350975036621,"Unknown"
"7014855",371852,2025-07-22 02:01:23,43.3623390197754,-8.76366329193115,"Unknown"
"7014855",371852,2025-07-22 02:06:23,43.3624801635742,-8.76369667053223,"Unknown"
"7014855",371852,2025-07-22 02:11:21,43.362548828125,-8.76358222961426,"Unknown"
"7014855",371852,2025-07-22 02:16:24,43.3627471923828,-8.76391792297363,"Unknown"
"7014855",371852,2025-07-22 02:21:23,43.3624649047852,-8.76392555236816,"Unknown"
"7014855",371852,2025-07-22 02:26:30,43.362621307373,-8.7641134262085,"Unknown"
"7014855",371852,2025-07-22 02:31:57,43.3623313903809,-8.7641077041626,"Unknown"
"7014855",371852,2025-07-22 02:36:53,43.362133026123,-8.76407623291016,"Unknown"
"7014855",371852,2025-07-22 02:41:28,43.3614273071289,-8.76528835296631,"Unknown"
"7014855",371852,2025-07-22 02:46:24,43.3622627258301,-8.76318168640137,"Unknown"
"7014855",371852,2025-07-22 02:51:30,43.3616905212402,-8.76394653320312,"Unknown"
"7014855",371852,2025-07-22 02:56:30,43.3619155883789,-8.76393985748291,"Unknown"
"7014855",371852,2025-07-22 03:01:27,43.3620109558105,-8.76374626159668,"Unknown"
"7014855",371852,2025-07-22 03:06:25,43.3619918823242,-8.76372528076172,"Unknown"
"7014855",371852,2025-07-22 03:11:28,43.361988067627,-8.76397514343262,"Unknown"
"7014855",371852,2025-07-22 03:16:31,43.3620491027832,-8.76412296295166,"Unknown"
"7014855",371852,2025-07-22 03:21:33,43.3620185852051,-8.76422214508057,"Unknown"
"7014855",371852,2025-07-22 03:26:53,43.3620986938477,-8.76420307159424,"Unknown"
"7014855",371852,2025-07-22 03:31:21,43.3619842529297,-8.76416492462158,"Unknown"
"7014855",371852,2025-07-22 03:36:22,43.3618927001953,-8.76395988464355,"Unknown"
"7014855",371852,2025-07-22 03:41:22,43.3617515563965,-8.76406097412109,"Unknown"
"7014855",371852,2025-07-22 03:46:24,43.3615264892578,-8.76413440704346,"Unknown"
"7014855",371852,2025-07-22 03:51:25,43.3611145019531,-8.76388359069824,"Unknown"
"7014855",371852,2025-07-22 03:56:29,43.3605041503906,-8.76376342773438,"Unknown"
"7014855",371852,2025-07-22 04:01:25,43.3601608276367,-8.76363182067871,"Unknown"
"7014855",371852,2025-07-22 04:06:27,43.3597526550293,-8.76383209228516,"Unknown"
"7014855",371852,2025-07-22 04:11:43,43.3594627380371,-8.76405811309814,"Unknown"
"7014855",371852,2025-07-22 04:16:20,43.3593063354492,-8.76414680480957,"Unknown"
"7014855",371852,2025-07-22 04:21:22,43.3489799499512,-8.77825736999512,"Unknown"
"7014855",371852,2025-07-22 04:26:25,43.332893371582,-8.79624176025391,"Unknown"
"7014855",371852,2025-07-22 04:31:27,43.3229293823242,-8.80605411529541,"Unknown"
"7014855",371852,2025-07-22 04:36:20,43.322940826416,-8.80598831176758,"Unknown"
"7014855",371852,2025-07-22 04:41:21,43.3228759765625,-8.80609607696533,"Unknown"
"7014855",371852,2025-07-22 04:46:53,43.3230094909668,-8.80596446990967,"Unknown"
"7014855",371852,2025-07-22 04:51:25,43.3224067687988,-8.80493927001953,"Unknown"
"7014855",371852,2025-07-22 04:56:21,43.3230590820312,-8.80561351776123,"Unknown"
"7014855",371852,2025-07-22 05:01:23,43.3230781555176,-8.80550670623779,"Unknown"
"7014855",371852,2025-07-22 05:06:23,43.3227729797363,-8.8044319152832,"Unknown"
"7014855",371852,2025-07-22 05:11:20,43.3230895996094,-8.80595207214355,"Unknown"
"7014855",371852,2025-07-22 05:16:24,43.3231201171875,-8.80599403381348,"Unknown"
"7014855",371852,2025-07-22 05:21:20,43.3223648071289,-8.80362892150879,"Unknown"
"7014855",371852,2025-07-22 05:26:29,43.3229446411133,-8.80607318878174,"Unknown"
"7014855",371852,2025-07-22 05:31:32,43.3228797912598,-8.80596733093262,"Unknown"
"7014855",371852,2025-07-22 05:36:58,43.3229751586914,-8.80614376068115,"Unknown"
"7014855",371852,2025-07-22 05:41:20,43.3235549926758,-8.80691623687744,"Unknown"
"7014855",371852,2025-07-22 05:46:21,43.3231582641602,-8.80615901947021,"Unknown"
"7014855",371852,2025-07-22 05:51:20,43.3234825134277,-8.80604934692383,"Unknown"
"7014855",371852,2025-07-22 05:56:44,43.3232154846191,-8.80605030059814,"Unknown"
"7014855",371852,2025-07-22 06:01:22,43.3233184814453,-8.80600261688232,"Unknown"
"7014855",371852,2025-07-22 06:06:40,43.3234748840332,-8.80744647979736,"Unknown"
"7014855",371852,2025-07-22 06:11:22,43.3231964111328,-8.80634593963623,"Unknown"
"7014855",371852,2025-07-22 06:16:20,43.3255767822266,-8.81013965606689,"Unknown"
"7014855",371852,2025-07-22 06:21:21,43.3555145263672,-8.83573722839355,"Unknown"
"7014855",371852,2025-07-22 06:26:25,43.3587265014648,-8.84285831451416,"Unknown"
"7014855",371852,2025-07-22 06:31:22,43.3557205200195,-8.84416007995605,"Unknown"
"7014855",371852,2025-07-22 06:36:23,43.3385353088379,-8.82876682281494,"Unknown"
"7014855",371852,2025-07-22 06:41:21,43.3228874206543,-8.80528163909912,"Unknown"
"7014855",371852,2025-07-22 06:46:22,43.323299407959,-8.80592250823975,"Unknown"
"7014855",371852,2025-07-22 06:51:28,43.3237152099609,-8.80722332000732,"Unknown"
"7014855",371852,2025-07-22 06:56:20,43.3230400085449,-8.80599117279053,"Unknown"
"7014855",371852,2025-07-22 07:01:22,43.3230628967285,-8.80640411376953,"Unknown"
"7014855",371852,2025-07-22 07:06:52,43.3232154846191,-8.80651092529297,"Unknown"
"7014855",371852,2025-07-22 07:11:25,43.3222808837891,-8.79917907714844,"Unknown"
"7014855",371852,2025-07-22 07:16:21,43.3227615356445,-8.80482482910156,"Unknown"
"7014855",371852,2025-07-22 07:21:27,43.3228912353516,-8.80490779876709,"Unknown"
"7014855",371852,2025-07-22 07:26:21,43.3449287414551,-8.83097267150879,"Unknown"
"7014855",371852,2025-07-22 07:31:22,43.3601188659668,-8.8432149887085,"Unknown"
"7014855",371852,2025-07-22 07:36:21,43.3603210449219,-8.84355354309082,"Unknown"
"7014855",371852,2025-07-22 07:41:29,43.3599433898926,-8.84325981140137,"Unknown"
"7014855",371852,2025-07-22 07:46:22,43.360279083252,-8.84300994873047,"Unknown"
"7014855",371852,2025-07-22 07:51:43,43.3599510192871,-8.84318923950195,"Unknown"
"7014855",371852,2025-07-22 07:56:24,43.360279083252,-8.84303760528564,"Unknown"
"7014855",371852,2025-07-22 08:01:23,43.3602447509766,-8.84341049194336,"Unknown"
"7014855",371852,2025-07-22 08:06:33,43.3601150512695,-8.84316062927246,"Unknown"
"7014855",371852,2025-07-22 08:11:20,43.360050201416,-8.84303760528564,"Unknown"
"7014855",371852,2025-07-22 08:16:31,43.3600769042969,-8.84293651580811,"Unknown"
"7014855",371852,2025-07-22 08:21:44,43.3601531982422,-8.84313583374023,"Unknown"
"7014855",371852,2025-07-22 08:26:21,43.3600578308105,-8.84321022033691,"Unknown"
"7014855",371852,2025-07-22 08:31:26,43.3601417541504,-8.84296607971191,"Unknown"
"7014855",371852,2025-07-22 08:36:21,43.3600921630859,-8.84305763244629,"Unknown"
"7014855",371852,2025-07-22 08:41:26,43.3600540161133,-8.84329605102539,"Unknown"
"7014855",371852,2025-07-22 08:46:44,43.3600616455078,-8.84352588653564,"Unknown"
"7014855",371852,2025-07-22 08:51:24,43.3598670959473,-8.84296131134033,"Unknown"
"7014855",371852,2025-07-22 08:56:31,43.3600769042969,-8.84431648254395,"Unknown"
"7014855",371852,2025-07-22 09:01:38,43.3600387573242,-8.84362697601318,"Unknown"
"7014855",371852,2025-07-22 09:06:29,43.3600158691406,-8.84353828430176,"Unknown"
"7014855",371852,2025-07-22 09:11:34,43.3601455688477,-8.84415054321289,"Unknown"
"7014855",371852,2025-07-22 09:16:28,43.3601875305176,-8.84415817260742,"Unknown"
"7014855",371852,2025-07-22 09:21:24,43.3599548339844,-8.84324073791504,"Unknown"
"7014855",371852,2025-07-22 09:26:40,43.3598899841309,-8.84360980987549,"Unknown"
"7014855",371852,2025-07-22 09:31:31,43.3602027893066,-8.84292316436768,"Unknown"
"7014855",371852,2025-07-22 09:36:28,43.3599166870117,-8.84316253662109,"Unknown"
"7014855",371852,2025-07-22 09:41:36,43.3603057861328,-8.84292888641357,"Unknown"
"7014855",371852,2025-07-22 09:46:53,43.3598937988281,-8.8428897857666,"Unknown"
"7014855",371852,2025-07-22 09:51:23,43.3599853515625,-8.84274578094482,"Unknown"
"7014855",371852,2025-07-22 09:56:23,43.3600921630859,-8.84235763549805,"Unknown"
"7014855",371852,2025-07-22 10:01:33,43.3599586486816,-8.84293556213379,"Unknown"
"7014855",371852,2025-07-22 10:06:42,43.3600196838379,-8.84327602386475,"Unknown"
"7014855",371852,2025-07-22 10:11:28,43.3600997924805,-8.84330940246582,"Unknown"
"7014855",371852,2025-07-22 10:16:23,43.3600044250488,-8.84255981445312,"Unknown"
"7014855",371852,2025-07-22 10:21:26,43.3600883483887,-8.84290599822998,"Unknown"
"7014855",371852,2025-07-22 10:26:22,43.3599510192871,-8.84305286407471,"Unknown"
"7014855",371852,2025-07-22 10:31:28,43.3601837158203,-8.84311580657959,"Unknown"
"7014855",371852,2025-07-22 10:36:21,43.3596076965332,-8.84294700622559,"Unknown"
"7014855",371852,2025-07-22 10:41:21,43.359317779541,-8.84512424468994,"Unknown"
"7014855",371852,2025-07-22 10:46:44,43.3600730895996,-8.84289360046387,"Unknown"
"7014855",371852,2025-07-22 10:51:23,43.3600234985352,-8.84303951263428,"Unknown"
"7014855",371852,2025-07-22 10:56:24,43.3598175048828,-8.8438663482666,"Unknown"
"7014855",371852,2025-07-22 11:01:31,43.3599510192871,-8.84302616119385,"Unknown"
"7014855",371852,2025-07-22 11:06:31,43.3600578308105,-8.8431568145752,"Unknown"
"7014855",371852,2025-07-22 11:11:26,43.3447456359863,-8.82777690887451,"Unknown"
"7014855",371852,2025-07-22 11:16:31,43.3290061950684,-8.80984973907471,"Unknown"
"7014855",371852,2025-07-22 11:21:34,43.3229484558105,-8.80514621734619,"Unknown"
"7014855",371852,2025-07-22 11:26:31,43.3232154846191,-8.80559635162354,"Unknown"
"7014855",371852,2025-07-22 11:31:53,43.3227767944336,-8.80477905273438,"Unknown"
"7014855",371852,2025-07-22 11:36:44,43.3230247497559,-8.80583190917969,"Unknown"
"7014855",371852,2025-07-22 11:41:44,43.3173332214355,-8.77978801727295,"Unknown"
"7014855",371852,2025-07-22 11:46:22,43.3060302734375,-8.74121570587158,"Unknown"
"7014855",371852,2025-07-22 11:51:22,43.2933578491211,-8.74549293518066,"Unknown"
"7014855",371852,2025-07-22 11:56:22,43.2929801940918,-8.7456579208374,"Unknown"
"7014855",371852,2025-07-22 12:01:26,43.292106628418,-8.74812412261963,"Unknown"
"7014855",371852,2025-07-22 12:06:25,43.299633026123,-8.75896167755127,"Unknown"
"7014855",371852,2025-07-22 12:11:25,43.3083763122559,-8.78937911987305,"Unknown"
"7014855",371852,2025-07-22 12:16:30,43.316967010498,-8.79750919342041,"Unknown"
"7014855",371852,2025-07-22 12:21:22,43.3227806091309,-8.8016939163208,"Unknown"
"7014855",371852,2025-07-22 12:26:28,43.3226928710938,-8.80472469329834,"Unknown"
"7014855",371852,2025-07-22 12:31:53,43.32275390625,-8.80461978912354,"Unknown"
"7014855",371852,2025-07-22 12:36:24,43.3226928710938,-8.80451583862305,"Unknown"
"7014855",371852,2025-07-22 12:41:23,43.3228034973145,-8.80474185943604,"Unknown"
"7014855",371852,2025-07-22 12:46:21,43.3231925964355,-8.80581474304199,"Unknown"
"7014855",371852,2025-07-22 12:51:22,43.3237838745117,-8.79713249206543,"Unknown"
"7014855",371852,2025-07-22 12:56:21,43.3230895996094,-8.80635738372803,"Unknown"
"7014855",371852,2025-07-22 13:01:23,43.3232612609863,-8.8066577911377,"Unknown"
"7014855",371852,2025-07-22 13:06:22,43.3229866027832,-8.80547618865967,"Unknown"
"7014855",371852,2025-07-22 13:11:22,43.3235473632812,-8.80625438690186,"Unknown"
"7014855",371852,2025-07-22 13:16:22,43.3236198425293,-8.80702209472656,"Unknown"
"7014855",371852,2025-07-22 13:21:21,43.318473815918,-8.79029178619385,"Unknown"
"7014855",371852,2025-07-22 13:26:37,43.3072891235352,-8.76819896697998,"Unknown"
"7014855",371852,2025-07-22 13:32:03,43.2929382324219,-8.74026966094971,"Unknown"
"7014855",371852,2025-07-22 13:36:21,43.2886772155762,-8.70535659790039,"Unknown"
"7014855",371852,2025-07-22 13:41:26,43.2915573120117,-8.67441368103027,"Unknown"
"7014855",371852,2025-07-22 13:46:25,43.2880477905273,-8.65788173675537,"Unknown"
"7014855",371852,2025-07-22 13:51:23,43.2689628601074,-8.6338529586792,"Unknown"
"7014855",371852,2025-07-22 13:56:23,43.2539482116699,-8.61509037017822,"Unknown"
"7014855",371852,2025-07-22 14:01:33,43.2258491516113,-8.59011459350586,"Unknown"
"7014855",371852,2025-07-22 14:06:30,43.2069702148438,-8.56830310821533,"Unknown"
"7014855",371852,2025-07-22 14:11:33,43.1824111938477,-8.52988052368164,"Unknown"
"7014855",371852,2025-07-22 14:16:32,43.1507377624512,-8.50064849853516,"Unknown"
"7014855",371852,2025-07-22 14:21:31,43.1314430236816,-8.47159385681152,"Unknown"
"7014855",371852,2025-07-22 14:26:45,43.1304244995117,-8.47179317474365,"Unknown"
"7014855",371852,2025-07-22 14:31:29,43.1305618286133,-8.47186946868896,"Unknown"
"7014855",371852,2025-07-22 14:36:24,43.1303482055664,-8.47201442718506,"Unknown"
"7014855",371852,2025-07-22 14:41:31,43.1304512023926,-8.47174739837646,"Unknown"
"7014855",371852,2025-07-22 14:46:45,43.1304244995117,-8.47200679779053,"Unknown"
"7014855",371852,2025-07-22 14:51:25,43.1338157653809,-8.47137832641602,"Unknown"
"7014855",371852,2025-07-22 14:56:31,43.1327743530273,-8.47029113769531,"Unknown"
"7014855",371852,2025-07-22 15:01:36,43.1331939697266,-8.47040176391602,"Unknown"
"7014855",371852,2025-07-22 15:06:29,43.1327781677246,-8.47029876708984,"Unknown"
"7014855",371852,2025-07-22 15:11:31,43.1327209472656,-8.47012042999268,"Unknown"
"7014855",371852,2025-07-22 15:16:31,43.1328392028809,-8.47010612487793,"Unknown"
"7014855",371852,2025-07-22 15:21:40,43.1327056884766,-8.47009754180908,"Unknown"
"7014855",371852,2025-07-22 15:26:24,43.1327972412109,-8.47012805938721,"Unknown"
"7014855",371852,2025-07-22 15:31:53,43.1329193115234,-8.47015190124512,"Unknown"
"7014855",371852,2025-07-22 15:36:21,43.1327629089355,-8.47052669525146,"Unknown"
"7014855",371852,2025-07-22 15:41:21,43.1328430175781,-8.47025108337402,"Unknown"
"7014855",371852,2025-07-22 15:46:24,43.1328353881836,-8.47036170959473,"Unknown"
"7014855",371852,2025-07-22 15:51:23,43.1387977600098,-8.47745132446289,"Unknown"
"7014855",371852,2025-07-22 15:56:21,43.1618728637695,-8.47684383392334,"Unknown"
"7014855",371852,2025-07-22 16:01:22,43.1748809814453,-8.49634552001953,"Unknown"
"7014855",371852,2025-07-22 16:06:22,43.1930351257324,-8.50299644470215,"Unknown"
"7014855",371852,2025-07-22 16:11:24,43.2060585021973,-8.51378154754639,"Unknown"
"7014855",371852,2025-07-22 16:16:23,43.2257080078125,-8.52951526641846,"Unknown"
"7014855",371852,2025-07-22 16:21:24,43.2397804260254,-8.56096649169922,"Unknown"
"7014855",371852,2025-07-22 16:26:22,43.2431221008301,-8.5796947479248,"Unknown"
"7014855",371852,2025-07-22 16:31:24,43.2495994567871,-8.60639095306396,"Unknown"
"7014855",371852,2025-07-22 16:36:44,43.2641487121582,-8.63411140441895,"Unknown"
"7014855",371852,2025-07-22 16:41:21,43.2737846374512,-8.65966796875,"Unknown"
"7014855",371852,2025-07-22 16:46:29,43.2849006652832,-8.68930625915527,"Unknown"
"7014855",371852,2025-07-22 16:51:24,43.291934967041,-8.69773483276367,"Unknown"
"7014855",371852,2025-07-22 16:56:21,43.2883262634277,-8.70200729370117,"Unknown"
"7014855",371852,2025-07-22 17:01:21,43.2928123474121,-8.73183917999268,"Unknown"
"7014855",371852,2025-07-22 17:06:21,43.2961006164551,-8.75424766540527,"Unknown"
"7014855",371852,2025-07-22 17:11:22,43.3045196533203,-8.78512859344482,"Unknown"
"7014855",371852,2025-07-22 17:16:21,43.3229942321777,-8.81074333190918,"Unknown"
"7014855",371852,2025-07-22 17:21:22,43.3400344848633,-8.82508087158203,"Unknown"
"7014855",371852,2025-07-22 17:26:21,43.3570289611816,-8.84097099304199,"Unknown"
"7014855",371852,2025-07-22 17:31:53,43.3600654602051,-8.84365653991699,"Unknown"
"7014855",371852,2025-07-22 17:36:23,43.3600769042969,-8.84353160858154,"Unknown"
"7014855",371852,2025-07-22 17:41:24,43.3601951599121,-8.84355449676514,"Unknown"
"7014855",371852,2025-07-22 17:46:23,43.3603706359863,-8.8439416885376,"Unknown"
"7014855",371852,2025-07-22 17:51:21,43.3600616455078,-8.84331130981445,"Unknown"
"7014855",371852,2025-07-22 17:56:21,43.3599052429199,-8.84322643280029,"Unknown"
"7014855",371852,2025-07-22 18:01:22,43.3600273132324,-8.84340190887451,"Unknown"
"7014855",371852,2025-07-22 18:06:29,43.3599128723145,-8.84322738647461,"Unknown"
"7014855",371852,2025-07-22 18:11:29,43.3600769042969,-8.84330177307129,"Unknown"
"7014855",371852,2025-07-22 18:16:25,43.3600196838379,-8.84318256378174,"Unknown"
"7014855",371852,2025-07-22 18:21:26,43.3600463867188,-8.84331130981445,"Unknown"
"7014855",371852,2025-07-22 18:26:44,43.359920501709,-8.84312629699707,"Unknown"
"7014855",371852,2025-07-22 18:31:28,43.3599128723145,-8.84305381774902,"Unknown"
"7014855",371852,2025-07-22 18:36:26,43.3598861694336,-8.84312725067139,"Unknown"
"7014855",371852,2025-07-22 18:41:26,43.3600158691406,-8.84306716918945,"Unknown"
"7014855",371852,2025-07-22 18:46:44,43.3599700927734,-8.84310150146484,"Unknown"
"7014855",371852,2025-07-22 18:51:25,43.3600196838379,-8.84292221069336,"Unknown"
"7014855",371852,2025-07-22 18:56:29,43.3599510192871,-8.84311294555664,"Unknown"
"7014855",371852,2025-07-22 19:01:37,43.3599472045898,-8.8430757522583,"Unknown"
"7014855",371852,2025-07-22 19:06:24,43.359977722168,-8.84330272674561,"Unknown"
"7014855",371852,2025-07-22 19:11:24,43.3599548339844,-8.84323978424072,"Unknown"
"7014855",371852,2025-07-22 19:16:25,43.3600234985352,-8.84300422668457,"Unknown"
"7014855",371852,2025-07-22 19:21:23,43.3612937927246,-8.80750274658203,"Unknown"
"7014855",371852,2025-07-22 19:26:44,43.3626480102539,-8.79564666748047,"Unknown"
"7014855",371852,2025-07-22 19:31:25,43.3620262145996,-8.79566097259521,"Unknown"
"7014855",371852,2025-07-22 19:36:52,43.3615989685059,-8.79732036590576,"Unknown"
"7014855",371852,2025-07-22 19:41:22,43.3612403869629,-8.79878330230713,"Unknown"
"7014855",371852,2025-07-22 19:46:22,43.3609046936035,-8.80017375946045,"Unknown"
"7014855",371852,2025-07-22 19:51:23,43.3581085205078,-8.80258750915527,"Unknown"
"7014855",371852,2025-07-22 19:56:22,43.3421745300293,-8.78121471405029,"Unknown"
"7014855",371852,2025-07-22 20:02:39,43.3240356445312,-8.7995719909668,"Unknown"
"7014855",371852,2025-07-22 20:06:25,43.3224983215332,-8.80368232727051,"Unknown"
"7014855",371852,2025-07-22 20:11:23,43.3224945068359,-8.80382823944092,"Unknown"
"7014855",371852,2025-07-22 20:16:23,43.3225479125977,-8.80378818511963,"Unknown"
"7014855",371852,2025-07-22 20:21:44,43.3225746154785,-8.80385780334473,"Unknown"
"7014855",371852,2025-07-22 20:26:22,43.325325012207,-8.7936315536499,"Unknown"
"7014855",371852,2025-07-22 20:31:22,43.3251419067383,-8.79256153106689,"Unknown"
"7014855",371852,2025-07-22 20:36:23,43.3250961303711,-8.7915563583374,"Unknown"
"7014855",371852,2025-07-22 20:41:26,43.3250350952148,-8.79050827026367,"Unknown"
"7014855",371852,2025-07-22 20:46:26,43.3249778747559,-8.78972625732422,"Unknown"
"7014855",371852,2025-07-22 20:51:26,43.3248291015625,-8.78941059112549,"Unknown"
"7014855",371852,2025-07-22 20:56:28,43.3244476318359,-8.78918647766113,"Unknown"
"7014855",371852,2025-07-22 21:01:48,43.3241920471191,-8.7892427444458,"Unknown"
"7014855",371852,2025-07-22 21:06:53,43.3241996765137,-8.7879638671875,"Unknown"
"7014855",371852,2025-07-22 21:11:23,43.3239936828613,-8.7872838973999,"Unknown"
"7014855",371852,2025-07-22 21:16:25,43.3240242004395,-8.785888671875,"Unknown"
"7014855",371852,2025-07-22 21:21:30,43.3236618041992,-8.78614616394043,"Unknown"
"7014855",371852,2025-07-22 21:26:21,43.3234519958496,-8.7855339050293,"Unknown"
"7014855",371852,2025-07-22 21:31:23,43.3232269287109,-8.78500270843506,"Unknown"
"7014855",371852,2025-07-22 21:36:44,43.3230056762695,-8.78450584411621,"Unknown"
"7014855",371852,2025-07-22 21:41:24,43.3230094909668,-8.78404712677002,"Unknown"
"7014855",371852,2025-07-22 21:46:24,43.3229179382324,-8.78383159637451,"Unknown"
"7014855",371852,2025-07-22 21:51:21,43.3227310180664,-8.78318214416504,"Unknown"
"7014855",371852,2025-07-22 21:56:23,43.3226585388184,-8.78284454345703,"Unknown"
"7014855",371852,2025-07-22 22:01:23,43.322696685791,-8.78227710723877,"Unknown"
"7014855",371852,2025-07-22 22:06:23,43.3224220275879,-8.7819185256958,"Unknown"
"7014855",371852,2025-07-22 22:11:44,43.3220138549805,-8.78170394897461,"Unknown"
"7014855",371852,2025-07-22 22:16:21,43.3216514587402,-8.78156566619873,"Unknown"
"7014855",371852,2025-07-22 22:21:22,43.3222694396973,-8.7861270904541,"Unknown"
"7014855",371852,2025-07-22 22:26:23,43.3221969604492,-8.7859354019165,"Unknown"
"7014855",371852,2025-07-22 22:31:22,43.3221778869629,-8.78573799133301,"Unknown"
"7014855",371852,2025-07-22 22:36:23,43.3218879699707,-8.78521156311035,"Unknown"
"7014855",371852,2025-07-22 22:41:22,43.3218460083008,-8.78493976593018,"Unknown"
"7014855",371852,2025-07-22 22:46:45,43.3215980529785,-8.78464126586914,"Unknown"
"7014855",371852,2025-07-22 22:51:21,43.3215065002441,-8.78437995910645,"Unknown"
"7014855",371852,2025-07-22 22:56:21,43.3214073181152,-8.78427314758301,"Unknown"
"7014855",371852,2025-07-22 23:01:23,43.322883605957,-8.8049840927124,"Unknown"
"7014855",371852,2025-07-22 23:06:21,43.3220443725586,-8.80767154693604,"Unknown"
"7014855",371852,2025-07-22 23:11:27,43.3220596313477,-8.80760383605957,"Unknown"
"7014855",371852,2025-07-22 23:16:24,43.3220443725586,-8.80755233764648,"Unknown"
"7014855",371852,2025-07-22 23:21:25,43.3219833374023,-8.80758094787598,"Unknown"
"7014855",371852,2025-07-22 23:26:24,43.3220977783203,-8.80764007568359,"Unknown"
"7014855",371852,2025-07-22 23:31:53,43.3218765258789,-8.8079252243042,"Unknown"
"7014855",371852,2025-07-22 23:36:22,43.3220252990723,-8.80787754058838,"Unknown"
"7014855",371852,2025-07-22 23:41:29,43.3220024108887,-8.8078556060791,"Unknown"
"7014855",371852,2025-07-22 23:46:22,43.3221130371094,-8.80803966522217,"Unknown"
"7014855",371852,2025-07-22 23:51:22,43.3221282958984,-8.80761051177979,"Unknown"
"7014855",371852,2025-07-22 23:56:24,43.3220596313477,-8.80777740478516,"Unknown"
"7014855",371852,2025-07-23 00:01:31,43.3222312927246,-8.8079195022583,"Unknown"
"7014855",371852,2025-07-23 00:06:46,43.3218231201172,-8.80776119232178,"Unknown"
"7014855",371852,2025-07-23 00:11:32,43.3224143981934,-8.80818176269531,"Unknown"
"7014855",371852,2025-07-23 00:16:53,43.3218803405762,-8.8078556060791,"Unknown"
"7014855",371852,2025-07-23 00:21:21,43.3219184875488,-8.80773544311523,"Unknown"
"7014855",371852,2025-07-23 00:26:21,43.321964263916,-8.80773735046387,"Unknown"
"7014855",371852,2025-07-23 00:31:21,43.3218803405762,-8.80788516998291,"Unknown"
"7014855",371852,2025-07-23 00:36:24,43.3219032287598,-8.80787563323975,"Unknown"
"7014855",371852,2025-07-23 00:41:21,43.3232345581055,-8.80653095245361,"Unknown"
"7014855",371852,2025-07-23 00:46:28,43.3236427307129,-8.80640411376953,"Unknown"
"7014855",371852,2025-07-23 00:51:21,43.3219680786133,-8.80777072906494,"Unknown"
"7014855",371852,2025-07-23 00:56:21,43.3218612670898,-8.80771446228027,"Unknown"
"7014855",371852,2025-07-23 01:01:25,43.3218154907227,-8.80774211883545,"Unknown"
"7014855",371852,2025-07-23 01:06:27,43.3220100402832,-8.8078727722168,"Unknown"
"7014855",371852,2025-07-23 01:11:25,43.3218536376953,-8.80784034729004,"Unknown"
"7014855",371852,2025-07-23 01:16:53,43.3216972351074,-8.80772304534912,"Unknown"
"7014855",371852,2025-07-23 01:21:25,43.3227806091309,-8.79981708526611,"Unknown"
"7014855",371852,2025-07-23 01:26:28,43.3221015930176,-8.80764389038086,"Unknown"
"7014855",371852,2025-07-23 01:31:27,43.321907043457,-8.80786228179932,"Unknown"
"7014855",371852,2025-07-23 01:36:25,43.3217010498047,-8.80771160125732,"Unknown"
"7014855",371852,2025-07-23 01:41:29,43.321849822998,-8.80783748626709,"Unknown"
"7014855",371852,2025-07-23 01:46:30,43.321590423584,-8.80804920196533,"Unknown"
"7014855",371852,2025-07-23 01:51:30,43.3219413757324,-8.80797481536865,"Unknown"
"7014855",371852,2025-07-23 01:56:44,43.3221435546875,-8.80797576904297,"Unknown"
"7014855",371852,2025-07-23 02:01:25,43.3217010498047,-8.8078727722168,"Unknown"
"7014855",371852,2025-07-23 02:06:23,43.3221282958984,-8.80766010284424,"Unknown"
"7014855",371852,2025-07-23 02:11:22,43.3223037719727,-8.80782127380371,"Unknown"
"7014855",371852,2025-07-23 02:16:34,43.3223152160645,-8.80816555023193,"Unknown"
"7014855",371852,2025-07-23 02:21:30,43.3226127624512,-8.80825614929199,"Unknown"
"7014855",371852,2025-07-23 02:26:27,43.322509765625,-8.8080940246582,"Unknown"
"7014855",371852,2025-07-23 02:31:24,43.3222846984863,-8.80823993682861,"Unknown"
"7014855",371852,2025-07-23 02:36:24,43.3223533630371,-8.80849933624268,"Unknown"
"7014855",371852,2025-07-23 02:41:44,43.3219337463379,-8.8074254989624,"Unknown"
"7014855",371852,2025-07-23 02:46:24,43.3223648071289,-8.80644035339355,"Unknown"
"7014855",371852,2025-07-23 02:51:24,43.3218002319336,-8.80761623382568,"Unknown"
"7014855",371852,2025-07-23 02:56:32,43.3218231201172,-8.80799102783203,"Unknown"
"7014855",371852,2025-07-23 03:01:23,43.3218955993652,-8.8073263168335,"Unknown"
"7014855",371852,2025-07-23 03:06:27,43.3219261169434,-8.80761814117432,"Unknown"
"7014855",371852,2025-07-23 03:11:24,43.3218650817871,-8.80809688568115,"Unknown"
"7014855",371852,2025-07-23 03:16:21,43.3218116760254,-8.80787181854248,"Unknown"
"7014855",371852,2025-07-23 03:21:23,43.3216590881348,-8.80713844299316,"Unknown"
"7014855",371852,2025-07-23 03:26:31,43.3224029541016,-8.80915069580078,"Unknown"
"7014855",371852,2025-07-23 03:32:35,43.3218574523926,-8.80791187286377,"Unknown"
"7014855",371852,2025-07-23 03:36:22,43.3219375610352,-8.80783843994141,"Unknown"
"7014855",371852,2025-07-23 03:41:43,43.3218688964844,-8.80774974822998,"Unknown"
"7014855",371852,2025-07-23 03:46:22,43.3220100402832,-8.80796337127686,"Unknown"
"7014855",371852,2025-07-23 03:51:22,43.322021484375,-8.80815982818604,"Unknown"
"7014855",371852,2025-07-23 03:56:29,43.3217582702637,-8.80785751342773,"Unknown"
"7014855",371852,2025-07-23 04:01:23,43.320915222168,-8.80689430236816,"Unknown"
"7014855",371852,2025-07-23 04:06:27,43.3224868774414,-8.80861282348633,"Unknown"
"7014855",371852,2025-07-23 04:11:28,43.3238143920898,-8.80755424499512,"Unknown"
"7014855",371852,2025-07-23 04:16:25,43.3234977722168,-8.80633926391602,"Unknown"
"7014855",371852,2025-07-23 04:21:37,43.3235206604004,-8.80637264251709,"Unknown"
"7014855",371852,2025-07-23 04:26:26,43.3233528137207,-8.80632400512695,"Unknown"
"7014855",371852,2025-07-23 04:31:59,43.3232727050781,-8.80648612976074,"Unknown"
"7014855",371852,2025-07-23 04:36:22,43.3238677978516,-8.80716705322266,"Unknown"
"7014855",371852,2025-07-23 04:41:21,43.323616027832,-8.80695724487305,"Unknown"
"7014855",371852,2025-07-23 04:46:22,43.3235740661621,-8.80701446533203,"Unknown"
"7014855",371852,2025-07-23 04:51:27,43.3236465454102,-8.80637836456299,"Unknown"
"7014855",371852,2025-07-23 04:56:24,43.3236122131348,-8.80629730224609,"Unknown"
"7014855",371852,2025-07-23 05:01:22,43.323917388916,-8.80680847167969,"Unknown"
"7014855",371852,2025-07-23 05:06:27,43.3236846923828,-8.807053565979,"Unknown"
"7014855",371852,2025-07-23 05:11:21,43.3234977722168,-8.80642890930176,"Unknown"
"7014855",371852,2025-07-23 05:16:24,43.3234672546387,-8.80627822875977,"Unknown"
"7014855",371852,2025-07-23 05:21:28,43.3234252929688,-8.80630874633789,"Unknown"
"7014855",371852,2025-07-23 05:26:33,43.3237457275391,-8.80702781677246,"Unknown"
"7014855",371852,2025-07-23 05:31:24,43.3235626220703,-8.80706119537354,"Unknown"
"7014855",371852,2025-07-23 05:36:25,43.3234710693359,-8.80700969696045,"Unknown"
"7014855",371852,2025-07-23 05:41:25,43.3235244750977,-8.80700302124023,"Unknown"
"7014855",371852,2025-07-23 05:46:59,43.3236808776855,-8.80679893493652,"Unknown"
"7014855",371852,2025-07-23 05:51:21,43.323902130127,-8.80730724334717,"Unknown"
"7014855",371852,2025-07-23 05:56:25,43.3228759765625,-8.80532932281494,"Unknown"
"7014855",371852,2025-07-23 06:01:21,43.3237533569336,-8.80619525909424,"Unknown"
"7014855",371852,2025-07-23 06:06:21,43.323600769043,-8.80623626708984,"Unknown"
"7014855",371852,2025-07-23 06:11:23,43.3238487243652,-8.80705070495605,"Unknown"
"7014855",371852,2025-07-23 06:16:23,43.3225593566895,-8.80429077148438,"Unknown"
"7014855",371852,2025-07-23 06:21:24,43.3221702575684,-8.80248832702637,"Unknown"
"7014855",371852,2025-07-23 06:26:22,43.3235855102539,-8.80743503570557,"Unknown"
"7014855",371852,2025-07-23 06:31:22,43.3233375549316,-8.80613231658936,"Unknown"
"7014855",371852,2025-07-23 06:36:22,43.3132667541504,-8.78523349761963,"Unknown"
"7014855",371852,2025-07-23 06:41:22,43.3060493469238,-8.75983810424805,"Unknown"
"7014855",371852,2025-07-23 06:46:24,43.3062477111816,-8.75968837738037,"Unknown"
"7014855",371852,2025-07-23 06:51:29,43.29345703125,-8.74591159820557,"Unknown"
"7014855",371852,2025-07-23 06:56:46,43.2931251525879,-8.7460298538208,"Unknown"
"7014855",371852,2025-07-23 07:01:23,43.2929420471191,-8.74628925323486,"Unknown"
"7014855",371852,2025-07-23 07:06:30,43.2937698364258,-8.74498081207275,"Unknown"
"7014855",371852,2025-07-23 07:11:25,43.2938117980957,-8.74499130249023,"Unknown"
"7014855",371852,2025-07-23 07:16:31,43.2937126159668,-8.74491119384766,"Unknown"
"7014855",371852,2025-07-23 07:21:25,43.2995109558105,-8.75765228271484,"Unknown"
"7014855",371852,2025-07-23 07:26:25,43.309268951416,-8.77658748626709,"Unknown"
"7014855",371852,2025-07-23 07:31:38,43.3175354003906,-8.80516815185547,"Unknown"
"7014855",371852,2025-07-23 07:36:28,43.3305130004883,-8.82534313201904,"Unknown"
"7014855",371852,2025-07-23 07:41:24,43.346809387207,-8.84056663513184,"Unknown"
"7014855",371852,2025-07-23 07:47:01,43.3600082397461,-8.84317779541016,"Unknown"
"7014855",371852,2025-07-23 07:51:24,43.3600234985352,-8.84323120117188,"Unknown"
"7014855",371852,2025-07-23 07:56:22,43.3599624633789,-8.84338569641113,"Unknown"
"7014855",371852,2025-07-23 08:01:23,43.3599815368652,-8.84342002868652,"Unknown"
"7014855",371852,2025-07-23 08:06:22,43.3599624633789,-8.84336090087891,"Unknown"
"7014855",371852,2025-07-23 08:11:22,43.3600540161133,-8.84324836730957,"Unknown"
"7014855",371852,2025-07-23 08:16:23,43.3600120544434,-8.84342956542969,"Unknown"
"7014855",371852,2025-07-23 08:21:23,43.3600006103516,-8.84338569641113,"Unknown"
"7014855",371852,2025-07-23 08:26:24,43.3600158691406,-8.84333992004395,"Unknown"
"7014855",371852,2025-07-23 08:31:21,43.3600234985352,-8.84324645996094,"Unknown"
"7014855",371852,2025-07-23 08:36:29,43.3600006103516,-8.84347057342529,"Unknown"
"7014855",371852,2025-07-23 08:41:28,43.3600311279297,-8.84343814849854,"Unknown"
"7014855",371852,2025-07-23 08:46:23,43.360050201416,-8.84339046478271,"Unknown"
"7014855",371852,2025-07-23 08:51:29,43.3600616455078,-8.84362506866455,"Unknown"
"7014855",371852,2025-07-23 08:56:22,43.3600196838379,-8.84335136413574,"Unknown"
"7014855",371852,2025-07-23 09:01:22,43.3600959777832,-8.84347820281982,"Unknown"
"7014855",371852,2025-07-23 09:06:24,43.3600921630859,-8.84352874755859,"Unknown"
"7014855",371852,2025-07-23 09:11:39,43.3600540161133,-8.84357070922852,"Unknown"
"7014855",371852,2025-07-23 09:16:39,43.3602294921875,-8.84321689605713,"Unknown"
"7014855",371852,2025-07-23 09:21:37,43.3601226806641,-8.84375286102295,"Unknown"
"7014855",371852,2025-07-23 09:26:34,43.360221862793,-8.84390163421631,"Unknown"
"7014855",371852,2025-07-23 09:31:59,43.3601493835449,-8.84380722045898,"Unknown"
"7014855",371852,2025-07-23 09:36:23,43.3603210449219,-8.8439998626709,"Unknown"
"7014855",371852,2025-07-23 09:41:25,43.360221862793,-8.84379291534424,"Unknown"
"7014855",371852,2025-07-23 09:46:23,43.3602981567383,-8.84359264373779,"Unknown"
"7014855",371852,2025-07-23 09:51:27,43.3602828979492,-8.8439884185791,"Unknown"
"7014855",371852,2025-07-23 09:56:23,43.3603706359863,-8.84393501281738,"Unknown"
"7014855",371852,2025-07-23 10:01:44,43.3599967956543,-8.84313201904297,"Unknown"
"7014855",371852,2025-07-23 10:06:27,43.3600578308105,-8.84312629699707,"Unknown"
"7014855",371852,2025-07-23 10:11:30,43.3598861694336,-8.84299945831299,"Unknown"
"7014855",371852,2025-07-23 10:16:27,43.3600120544434,-8.84313106536865,"Unknown"
"7014855",371852,2025-07-23 10:21:24,43.3598098754883,-8.84297657012939,"Unknown"
"7014855",371852,2025-07-23 10:26:29,43.3600311279297,-8.84323120117188,"Unknown"
"7014855",371852,2025-07-23 10:31:27,43.360034942627,-8.84287738800049,"Unknown"
"7014855",371852,2025-07-23 10:36:30,43.3600006103516,-8.84352397918701,"Unknown"
"7014855",371852,2025-07-23 10:41:31,43.3600540161133,-8.8430643081665,"Unknown"
"7014855",371852,2025-07-23 10:46:53,43.3600540161133,-8.84305763244629,"Unknown"
"7014855",371852,2025-07-23 10:51:22,43.3600120544434,-8.84304618835449,"Unknown"
"7014855",371852,2025-07-23 10:56:25,43.3601036071777,-8.84304237365723,"Unknown"
"7014855",371852,2025-07-23 11:01:33,43.3600158691406,-8.84312057495117,"Unknown"
"7014855",371852,2025-07-23 11:06:23,43.3603935241699,-8.84494304656982,"Unknown"
"7014855",371852,2025-07-23 11:11:21,43.3621597290039,-8.84647560119629,"Unknown"
"7014855",371852,2025-07-23 11:16:21,43.3599472045898,-8.84319591522217,"Unknown"
"7014855",371852,2025-07-23 11:21:23,43.3599090576172,-8.84306621551514,"Unknown"
"7014855",371852,2025-07-23 11:26:22,43.3598823547363,-8.84311771392822,"Unknown"
"7014855",371852,2025-07-23 11:31:27,43.3600006103516,-8.8430700302124,"Unknown"
"7014855",371852,2025-07-23 11:36:37,43.3599700927734,-8.84310913085938,"Unknown"
"7014855",371852,2025-07-23 11:41:21,43.3599967956543,-8.84311008453369,"Unknown"
"7014855",371852,2025-07-23 11:46:21,43.3600120544434,-8.84314441680908,"Unknown"
"7014855",371852,2025-07-23 11:51:21,43.3599472045898,-8.84317588806152,"Unknown"
"7014855",371852,2025-07-23 11:56:22,43.3600425720215,-8.8430700302124,"Unknown"
"7014855",371852,2025-07-23 12:01:22,43.3599548339844,-8.84315967559814,"Unknown"
"7014855",371852,2025-07-23 12:06:21,43.3600196838379,-8.84331893920898,"Unknown"
"7014855",371852,2025-07-23 12:11:22,43.3600234985352,-8.84314250946045,"Unknown"
"7014855",371852,2025-07-23 12:16:23,43.3600616455078,-8.84307956695557,"Unknown"
"7014855",371852,2025-07-23 12:21:25,43.3599891662598,-8.84327793121338,"Unknown"
"7014855",371852,2025-07-23 12:26:39,43.3600120544434,-8.84308338165283,"Unknown"
"7014855",371852,2025-07-23 12:31:44,43.3600196838379,-8.84307384490967,"Unknown"
"7014855",371852,2025-07-23 12:36:21,43.360034942627,-8.84316158294678,"Unknown"
"7014855",371852,2025-07-23 12:41:22,43.3600959777832,-8.84336376190186,"Unknown"
"7014855",371852,2025-07-23 12:46:21,43.3601570129395,-8.84320259094238,"Unknown"
"7014855",371852,2025-07-23 12:51:21,43.3518524169922,-8.8361644744873,"Unknown"
"7014855",371852,2025-07-23 12:56:22,43.3604545593262,-8.84664058685303,"Unknown"
"7014855",371852,2025-07-23 13:01:27,43.3447799682617,-8.81527042388916,"Unknown"
"7014855",371852,2025-07-23 13:06:24,43.330738067627,-8.79031372070312,"Unknown"
"7014855",371852,2025-07-23 13:11:33,43.3221435546875,-8.80305004119873,"Unknown"
"7014855",371852,2025-07-23 13:17:08,43.3228797912598,-8.80495548248291,"Unknown"
"7014855",371852,2025-07-23 13:21:21,43.3228874206543,-8.80597400665283,"Unknown"
"7014855",371852,2025-07-23 13:26:37,43.3228874206543,-8.8069543838501,"Unknown"
"7014855",371852,2025-07-23 13:31:21,43.3233909606934,-8.8084020614624,"Unknown"
"7014855",371852,2025-07-23 13:36:39,43.3227767944336,-8.80676078796387,"Unknown"
"7014855",371852,2025-07-23 13:41:37,43.3237380981445,-8.80729389190674,"Unknown"
"7014855",371852,2025-07-23 13:46:31,43.3242607116699,-8.80859279632568,"Unknown"
"7014855",371852,2025-07-23 13:51:30,43.3229484558105,-8.80757236480713,"Unknown"
"7014855",371852,2025-07-23 13:56:30,43.3235511779785,-8.80690002441406,"Unknown"
"7014855",371852,2025-07-23 14:01:53,43.3233451843262,-8.80707263946533,"Unknown"
"7014855",371852,2025-07-23 14:06:30,43.3234062194824,-8.80710983276367,"Unknown"
"7014855",371852,2025-07-23 14:11:30,43.3254547119141,-8.80684757232666,"Unknown"
"7014855",371852,2025-07-23 14:16:30,43.3230514526367,-8.80636501312256,"Unknown"
"7014855",371852,2025-07-23 14:21:30,43.3162498474121,-8.80267333984375,"Unknown"
"7014855",371852,2025-07-23 14:26:45,43.3020973205566,-8.78140926361084,"Unknown"
"7014855",371852,2025-07-23 14:31:23,43.2953605651855,-8.75705528259277,"Unknown"
"7014855",371852,2025-07-23 14:36:23,43.293643951416,-8.72520637512207,"Unknown"
"7014855",371852,2025-07-23 14:41:22,43.284423828125,-8.69048118591309,"Unknown"
"7014855",371852,2025-07-23 14:47:20,43.272102355957,-8.66861629486084,"Unknown"
"7014855",371852,2025-07-23 14:51:22,43.2551193237305,-8.64834308624268,"Unknown"
"7014855",371852,2025-07-23 14:56:29,43.2337875366211,-8.63313579559326,"Unknown"
"7014855",371852,2025-07-23 15:01:29,43.2221031188965,-8.62651252746582,"Unknown"
"7014855",371852,2025-07-23 15:06:23,43.1931686401367,-8.59649181365967,"Unknown"
"7014855",371852,2025-07-23 15:11:30,43.1778106689453,-8.5728816986084,"Unknown"
"7014855",371852,2025-07-23 15:16:27,43.1612243652344,-8.55001640319824,"Unknown"
"7014855",371852,2025-07-23 15:21:43,43.1415405273438,-8.50473308563232,"Unknown"
"7014855",371852,2025-07-23 15:26:28,43.1301460266113,-8.47207164764404,"Unknown"
"7014855",371852,2025-07-23 15:31:25,43.131031036377,-8.47252941131592,"Unknown"
"7014855",371852,2025-07-23 15:36:25,43.1300582885742,-8.47224521636963,"Unknown"
"7014855",371852,2025-07-23 15:41:30,43.1299514770508,-8.47214126586914,"Unknown"
"7014855",371852,2025-07-23 15:47:15,43.1325263977051,-8.46981811523438,"Unknown"
"7014855",371852,2025-07-23 15:51:27,43.1325912475586,-8.46987915039062,"Unknown"
"7014855",371852,2025-07-23 15:56:57,43.1327590942383,-8.46996688842773,"Unknown"
"7014855",371852,2025-07-23 16:01:23,43.1327209472656,-8.46994304656982,"Unknown"
"7014855",371852,2025-07-23 16:06:23,43.132682800293,-8.46990585327148,"Unknown"
"7014855",371852,2025-07-23 16:11:28,43.1326599121094,-8.46991062164307,"Unknown"
"7014855",371852,2025-07-23 16:16:21,43.1325187683105,-8.46987438201904,"Unknown"
"7014855",371852,2025-07-23 16:21:21,43.1326332092285,-8.46996974945068,"Unknown"
"7014855",371852,2025-07-23 16:26:21,43.1327056884766,-8.46996116638184,"Unknown"
"7014855",371852,2025-07-23 16:31:24,43.1327018737793,-8.47005462646484,"Unknown"
"7014855",371852,2025-07-23 16:36:25,43.1326789855957,-8.46993446350098,"Unknown"
"7014855",371852,2025-07-23 16:41:21,43.1327819824219,-8.47002601623535,"Unknown"
"7014855",371852,2025-07-23 16:46:23,43.1302299499512,-8.47233867645264,"Unknown"
"7014855",371852,2025-07-23 16:51:23,43.1299476623535,-8.47214412689209,"Unknown"
"7014855",371852,2025-07-23 16:56:23,43.1389770507812,-8.48579692840576,"Unknown"
"7014855",371852,2025-07-23 17:01:24,43.1420974731445,-8.51626682281494,"Unknown"
"7014855",371852,2025-07-23 17:06:27,43.1493721008301,-8.54774856567383,"Unknown"
"7014855",371852,2025-07-23 17:11:23,43.1629524230957,-8.57062530517578,"Unknown"
"7014855",371852,2025-07-23 17:16:31,43.1774864196777,-8.57940578460693,"Unknown"
"7014855",371852,2025-07-23 17:21:23,43.1938819885254,-8.60413074493408,"Unknown"
"7014855",371852,2025-07-23 17:26:30,43.2085494995117,-8.62484645843506,"Unknown"
"7014855",371852,2025-07-23 17:31:24,43.2192153930664,-8.62786102294922,"Unknown"
"7014855",371852,2025-07-23 17:36:30,43.2348327636719,-8.64496803283691,"Unknown"
"7014855",371852,2025-07-23 17:41:23,43.2571868896484,-8.6585111618042,"Unknown"
"7014855",371852,2025-07-23 17:46:31,43.2759323120117,-8.67331695556641,"Unknown"
"7014855",371852,2025-07-23 17:51:43,43.2883071899414,-8.70678043365479,"Unknown"
"7014855",371852,2025-07-23 17:56:22,43.293098449707,-8.74263191223145,"Unknown"
"7014855",371852,2025-07-23 18:01:22,43.3021202087402,-8.77594470977783,"Unknown"
"7014855",371852,2025-07-23 18:06:27,43.3156242370605,-8.80416297912598,"Unknown"
"7014855",371852,2025-07-23 18:11:53,43.3360404968262,-8.82898616790771,"Unknown"
"7014855",371852,2025-07-23 18:16:21,43.3520812988281,-8.84483814239502,"Unknown"
"7014855",371852,2025-07-23 18:21:23,43.3601875305176,-8.84329509735107,"Unknown"
"7014855",371852,2025-07-23 18:26:22,43.360034942627,-8.84339904785156,"Unknown"
"7014855",371852,2025-07-23 18:31:25,43.3601684570312,-8.84297275543213,"Unknown"
"7014855",371852,2025-07-23 18:36:23,43.3603057861328,-8.8430347442627,"Unknown"
"7014855",371852,2025-07-23 18:41:24,43.3602027893066,-8.84322834014893,"Unknown"
"7014855",371852,2025-07-23 18:46:21,43.360179901123,-8.84337139129639,"Unknown"
"7014855",371852,2025-07-23 18:56:23,43.3602523803711,-8.84689140319824,"Unknown"
"7014855",371852,2025-07-23 19:01:23,43.3599243164062,-8.84306621551514,"Unknown"
"7014855",371852,2025-07-23 19:06:29,43.3599624633789,-8.84312534332275,"Unknown"
"7014855",371852,2025-07-23 19:11:23,43.3599433898926,-8.84326362609863,"Unknown"
"7014855",371852,2025-07-23 19:16:22,43.3600158691406,-8.84325790405273,"Unknown"
"7014855",371852,2025-07-23 19:21:34,43.3600730895996,-8.84291076660156,"Unknown"
"7014855",371852,2025-07-23 19:26:44,43.3600769042969,-8.84304332733154,"Unknown"
"7014855",371852,2025-07-23 19:31:23,43.3600082397461,-8.84266662597656,"Unknown"
"7014855",371852,2025-07-23 19:36:24,43.3601684570312,-8.84303569793701,"Unknown"
"7014855",371852,2025-07-23 19:41:25,43.3600158691406,-8.84313774108887,"Unknown"
"7014855",371852,2025-07-23 19:46:44,43.3601303100586,-8.84326362609863,"Unknown"
"7014855",371852,2025-07-23 19:51:27,43.3601264953613,-8.84329891204834,"Unknown"
"7014855",371852,2025-07-23 19:56:32,43.3602867126465,-8.84379100799561,"Unknown"
"7014855",371852,2025-07-23 20:01:59,43.3600158691406,-8.84324169158936,"Unknown"
"7014855",371852,2025-07-23 20:06:22,43.3600196838379,-8.84315586090088,"Unknown"
"7014855",371852,2025-07-23 20:11:22,43.3600540161133,-8.84325790405273,"Unknown"
"7014855",371852,2025-07-23 20:16:22,43.3600463867188,-8.84311008453369,"Unknown"
"7014855",371852,2025-07-23 20:21:22,43.359992980957,-8.84323978424072,"Unknown"
"7014855",371852,2025-07-23 20:26:21,43.3619155883789,-8.83816814422607,"Unknown"
"7014855",371852,2025-07-23 20:31:22,43.3599662780762,-8.84316635131836,"Unknown"
"7014855",371852,2025-07-23 20:36:23,43.3599662780762,-8.84294033050537,"Unknown"
"7014855",371852,2025-07-23 20:41:22,43.3600921630859,-8.84302711486816,"Unknown"
"7014855",371852,2025-07-23 20:46:22,43.3601150512695,-8.8431224822998,"Unknown"
"7014855",371852,2025-07-23 20:51:22,43.3599128723145,-8.84291839599609,"Unknown"
"7014855",371852,2025-07-23 20:56:24,43.3600082397461,-8.84311580657959,"Unknown"
"7014855",371852,2025-07-23 21:01:22,43.3600196838379,-8.84303188323975,"Unknown"
"7014855",371852,2025-07-23 21:06:23,43.3600921630859,-8.84319114685059,"Unknown"
"7014855",371852,2025-07-23 21:11:22,43.3600769042969,-8.84321117401123,"Unknown"
"7014855",371852,2025-07-23 21:16:25,43.3599700927734,-8.84305000305176,"Unknown"
"7014855",371852,2025-07-23 21:21:22,43.3600654602051,-8.84300231933594,"Unknown"
"7014855",371852,2025-07-23 21:26:22,43.3600540161133,-8.84304046630859,"Unknown"
"7014855",371852,2025-07-23 21:31:21,43.3600578308105,-8.84301567077637,"Unknown"
"7014855",371852,2025-07-23 21:36:22,43.360050201416,-8.8430004119873,"Unknown"
"7014855",371852,2025-07-23 21:41:21,43.3600616455078,-8.84301376342773,"Unknown"
"7014855",371852,2025-07-23 21:46:22,43.3600807189941,-8.84305191040039,"Unknown"
"7014855",371852,2025-07-23 21:51:22,43.3600807189941,-8.84300994873047,"Unknown"
"7014855",371852,2025-07-23 21:56:21,43.3600616455078,-8.84305953979492,"Unknown"
"7014855",371852,2025-07-23 22:01:29,43.3599815368652,-8.84301471710205,"Unknown"
"7014855",371852,2025-07-23 22:06:25,43.3600311279297,-8.84302806854248,"Unknown"
"7014855",371852,2025-07-23 22:11:22,43.3600959777832,-8.8430871963501,"Unknown"
"7014855",371852,2025-07-23 22:16:25,43.3599586486816,-8.84305858612061,"Unknown"
"7014855",371852,2025-07-23 22:21:37,43.3600120544434,-8.84304714202881,"Unknown"
"7014855",371852,2025-07-23 22:26:31,43.3600807189941,-8.84309959411621,"Unknown"
"7014855",371852,2025-07-23 22:31:35,43.3600807189941,-8.84318923950195,"Unknown"
"7014855",371852,2025-07-23 22:36:35,43.3600540161133,-8.84314060211182,"Unknown"
"7014855",371852,2025-07-23 22:41:35,43.3600234985352,-8.84314918518066,"Unknown"
"7014855",371852,2025-07-23 22:46:34,43.3599319458008,-8.84304618835449,"Unknown"
"7014855",371852,2025-07-23 22:51:35,43.3599853515625,-8.84309577941895,"Unknown"
"7014855",371852,2025-07-23 22:56:44,43.3600883483887,-8.84300994873047,"Unknown"
"7014855",371852,2025-07-23 23:01:51,43.3598709106445,-8.84333896636963,"Unknown"
"7014855",371852,2025-07-23 23:06:41,43.3600692749023,-8.84293651580811,"Unknown"
"7014855",371852,2025-07-23 23:11:24,43.3599815368652,-8.84295177459717,"Unknown"
"7014855",371852,2025-07-23 23:16:25,43.3598442077637,-8.84248352050781,"Unknown"
"7014855",371852,2025-07-23 23:21:27,43.3599739074707,-8.84298229217529,"Unknown"
"7014855",371852,2025-07-23 23:26:31,43.3600311279297,-8.84307289123535,"Unknown"
"7014855",371852,2025-07-23 23:31:22,43.3600730895996,-8.84306526184082,"Unknown"
"7014855",371852,2025-07-23 23:36:27,43.3602294921875,-8.84307479858398,"Unknown"
"7014855",371852,2025-07-23 23:41:30,43.3600120544434,-8.84296607971191,"Unknown"
"7014855",371852,2025-07-23 23:46:44,43.3600273132324,-8.84296226501465,"Unknown"
"7014855",371852,2025-07-23 23:51:27,43.3600387573242,-8.84302139282227,"Unknown"
"7014855",371852,2025-07-23 23:56:24,43.3600997924805,-8.84305477142334,"Unknown"
"7014855",371852,2025-07-24 00:02:05,43.3600463867188,-8.8430643081665,"Unknown"
"7014855",371852,2025-07-24 00:06:25,43.3600845336914,-8.84302043914795,"Unknown"
"7014855",371852,2025-07-24 00:11:24,43.3600769042969,-8.8430118560791,"Unknown"
"7014855",371852,2025-07-24 00:16:44,43.3602104187012,-8.84302616119385,"Unknown"
"7014855",371852,2025-07-24 00:21:30,43.3601684570312,-8.84300518035889,"Unknown"
"7014855",371852,2025-07-24 00:26:22,43.3601684570312,-8.8430233001709,"Unknown"
"7014855",371852,2025-07-24 00:31:25,43.3601570129395,-8.84304428100586,"Unknown"
"7014855",371852,2025-07-24 00:36:25,43.3600616455078,-8.8430700302124,"Unknown"
"7014855",371852,2025-07-24 00:41:24,43.360050201416,-8.84298706054688,"Unknown"
"7014855",371852,2025-07-24 00:46:44,43.3601112365723,-8.84301376342773,"Unknown"
"7014855",371852,2025-07-24 00:51:23,43.3600158691406,-8.84290599822998,"Unknown"
"7014855",371852,2025-07-24 00:56:24,43.3600425720215,-8.84288883209229,"Unknown"
"7014855",371852,2025-07-24 01:01:24,43.3602409362793,-8.84311866760254,"Unknown"
"7014855",371852,2025-07-24 01:06:24,43.3599853515625,-8.84285640716553,"Unknown"
"7014855",371852,2025-07-24 01:11:28,43.3600959777832,-8.84311199188232,"Unknown"
"7014855",371852,2025-07-24 01:16:24,43.3601875305176,-8.84306907653809,"Unknown"
"7014855",371852,2025-07-24 01:21:25,43.3601913452148,-8.84299087524414,"Unknown"
"7014855",371852,2025-07-24 01:26:24,43.3603744506836,-8.84309387207031,"Unknown"
"7014855",371852,2025-07-24 01:31:49,43.3600845336914,-8.84295463562012,"Unknown"
"7014855",371852,2025-07-24 01:36:22,43.3599548339844,-8.84284210205078,"Unknown"
"7014855",371852,2025-07-24 01:41:24,43.360050201416,-8.84284400939941,"Unknown"
"7014855",371852,2025-07-24 01:46:25,43.3601150512695,-8.84292507171631,"Unknown"
"7014855",371852,2025-07-24 01:51:28,43.3600921630859,-8.84290313720703,"Unknown"
"7014855",371852,2025-07-24 01:56:43,43.3601531982422,-8.84277534484863,"Unknown"
"7014855",371852,2025-07-24 02:01:30,43.3601913452148,-8.84274101257324,"Unknown"
"7014855",371852,2025-07-24 02:06:30,43.3603172302246,-8.84276580810547,"Unknown"
"7014855",371852,2025-07-24 02:11:30,43.3602523803711,-8.84270477294922,"Unknown"
"7014855",371852,2025-07-24 02:16:35,43.3603668212891,-8.84268856048584,"Unknown"
"7014855",371852,2025-07-24 02:21:35,43.3602828979492,-8.84270572662354,"Unknown"
"7014855",371852,2025-07-24 02:26:53,43.3607902526855,-8.84243106842041,"Unknown"
"7014855",371852,2025-07-24 02:31:50,43.3601303100586,-8.84312725067139,"Unknown"
"7014855",371852,2025-07-24 02:36:25,43.3603782653809,-8.84302425384521,"Unknown"
"7014855",371852,2025-07-24 02:41:25,43.3603439331055,-8.84287548065186,"Unknown"
"7014855",371852,2025-07-24 02:46:59,43.3600730895996,-8.84302043914795,"Unknown"
"7014855",371852,2025-07-24 02:51:24,43.3600769042969,-8.84280109405518,"Unknown"
"7014855",371852,2025-07-24 02:56:21,43.3600997924805,-8.84281253814697,"Unknown"
"7014855",371852,2025-07-24 03:01:24,43.3599739074707,-8.84297370910645,"Unknown"
"7014855",371852,2025-07-24 03:06:21,43.3600730895996,-8.84277439117432,"Unknown"
"7014855",371852,2025-07-24 03:11:23,43.3600540161133,-8.84282779693604,"Unknown"
"7014855",371852,2025-07-24 03:16:24,43.3588714599609,-8.84404754638672,"Unknown"
"7014855",371852,2025-07-24 03:21:28,43.3599700927734,-8.84312438964844,"Unknown"
"7014855",371852,2025-07-24 03:26:25,43.3593254089355,-8.84360694885254,"Unknown"
"7014855",371852,2025-07-24 03:31:30,43.360050201416,-8.84311008453369,"Unknown"
"7014855",371852,2025-07-24 03:36:22,43.3599662780762,-8.84318256378174,"Unknown"
"7014855",371852,2025-07-24 03:41:30,43.3601036071777,-8.84301090240479,"Unknown"
"7014855",371852,2025-07-24 03:46:22,43.3599967956543,-8.84310150146484,"Unknown"
"7014855",371852,2025-07-24 03:51:23,43.3610382080078,-8.84249591827393,"Unknown"
"7014855",371852,2025-07-24 03:56:30,43.360034942627,-8.84297752380371,"Unknown"
"7014855",371852,2025-07-24 04:01:43,43.3600883483887,-8.84308910369873,"Unknown"
"7014855",371852,2025-07-24 04:06:21,43.3601150512695,-8.84309101104736,"Unknown"
"7014855",371852,2025-07-24 04:11:22,43.3603019714355,-8.84330081939697,"Unknown"
"7014855",371852,2025-07-24 04:16:27,43.359992980957,-8.84312152862549,"Unknown"
"7014855",371852,2025-07-24 04:21:22,43.3601036071777,-8.84297943115234,"Unknown"
"7014855",371852,2025-07-24 04:26:24,43.3601226806641,-8.84326267242432,"Unknown"
"7014855",371852,2025-07-24 04:31:23,43.3512916564941,-8.83186912536621,"Unknown"
"7014855",371852,2025-07-24 04:36:23,43.3288917541504,-8.82251453399658,"Unknown"
"7014855",371852,2025-07-24 04:41:30,43.3238639831543,-8.80708980560303,"Unknown"
"7014855",371852,2025-07-24 04:46:44,43.3236465454102,-8.80593490600586,"Unknown"
"7014855",371852,2025-07-24 04:51:24,43.3233032226562,-8.8056116104126,"Unknown"
"7014855",371852,2025-07-24 04:56:30,43.3231582641602,-8.80522346496582,"Unknown"
"7014855",371852,2025-07-24 05:01:23,43.317756652832,-8.80327129364014,"Unknown"
"7014855",371852,2025-07-24 05:06:40,43.3014106750488,-8.77974510192871,"Unknown"
"7014855",371852,2025-07-24 05:11:21,43.2985382080078,-8.75792598724365,"Unknown"
"7014855",371852,2025-07-24 05:16:24,43.2940902709961,-8.72028064727783,"Unknown"
"7014855",371852,2025-07-24 05:21:30,43.2910804748535,-8.69923114776611,"Unknown"
"7014855",371852,2025-07-24 05:26:22,43.2919082641602,-8.69776916503906,"Unknown"
"7014855",371852,2025-07-24 05:31:27,43.2889709472656,-8.69253253936768,"Unknown"
"7014855",371852,2025-07-24 05:36:30,43.2709579467773,-8.66681385040283,"Unknown"
"7014855",371852,2025-07-24 05:41:27,43.2580337524414,-8.63430404663086,"Unknown"
"7014855",371852,2025-07-24 05:46:58,43.2635231018066,-8.61547088623047,"Unknown"
"7014855",371852,2025-07-24 05:51:44,43.239818572998,-8.601881980896,"Unknown"
"7014855",371852,2025-07-24 05:56:25,43.2296371459961,-8.58389091491699,"Unknown"
"7014855",371852,2025-07-24 06:01:27,43.2176971435547,-8.56803035736084,"Unknown"
"7014855",371852,2025-07-24 06:06:24,43.2107467651367,-8.55385684967041,"Unknown"
"7014855",371852,2025-07-24 06:11:29,43.193920135498,-8.52315902709961,"Unknown"
"7014855",371852,2025-07-24 06:16:22,43.1651039123535,-8.49453735351562,"Unknown"
"7014855",371852,2025-07-24 06:21:25,43.1302757263184,-8.47173595428467,"Unknown"
"7014855",371852,2025-07-24 06:26:36,43.1303215026855,-8.47170257568359,"Unknown"
"7014855",371852,2025-07-24 06:31:30,43.1303901672363,-8.47086429595947,"Unknown"
"7014855",371852,2025-07-24 06:36:30,43.1295127868652,-8.47176265716553,"Unknown"
"7014855",371852,2025-07-24 06:41:33,43.1294593811035,-8.47230243682861,"Unknown"
"7014855",371852,2025-07-24 06:47:46,43.1302032470703,-8.47186470031738,"Unknown"
"7014855",371852,2025-07-24 06:52:46,43.1302680969238,-8.47189998626709,"Unknown"
"7014855",371852,2025-07-24 06:56:44,43.1303253173828,-8.47181034088135,"Unknown"
"7014855",371852,2025-07-24 07:01:22,43.1326217651367,-8.47036361694336,"Unknown"
"7014855",371852,2025-07-24 07:06:25,43.132884979248,-8.46993732452393,"Unknown"
"7014855",371852,2025-07-24 07:11:22,43.1330833435059,-8.47007083892822,"Unknown"
"7014855",371852,2025-07-24 07:16:22,43.1330757141113,-8.47006607055664,"Unknown"
"7014855",371852,2025-07-24 07:21:22,43.1331558227539,-8.47005176544189,"Unknown"
"7014855",371852,2025-07-24 07:26:22,43.1333236694336,-8.47089672088623,"Unknown"
"7014855",371852,2025-07-24 07:31:22,43.132942199707,-8.47027397155762,"Unknown"
"7014855",371852,2025-07-24 07:36:22,43.1329460144043,-8.47030162811279,"Unknown"
"7014855",371852,2025-07-24 07:41:25,43.133228302002,-8.46991062164307,"Unknown"
"7014855",371852,2025-07-24 07:46:28,43.1328964233398,-8.47011280059814,"Unknown"
"7014855",371852,2025-07-24 07:51:23,43.1332626342773,-8.47061157226562,"Unknown"
"7014855",371852,2025-07-24 07:56:23,43.1331977844238,-8.47088527679443,"Unknown"
"7014855",371852,2025-07-24 08:01:22,43.1300163269043,-8.47244644165039,"Unknown"
"7014855",371852,2025-07-24 08:06:23,43.1302070617676,-8.47265529632568,"Unknown"
"7014855",371852,2025-07-24 08:11:22,43.129997253418,-8.47260570526123,"Unknown"
"7014855",371852,2025-07-24 08:16:23,43.1301918029785,-8.47247409820557,"Unknown"
"7014855",371852,2025-07-24 08:21:22,43.1302337646484,-8.47284603118896,"Unknown"
"7014855",371852,2025-07-24 08:26:23,43.1301727294922,-8.47212505340576,"Unknown"
"7014855",371852,2025-07-24 08:31:23,43.1305274963379,-8.4708137512207,"Unknown"
"7014855",371852,2025-07-24 08:36:24,43.1304168701172,-8.47203731536865,"Unknown"
"7014855",371852,2025-07-24 08:41:25,43.1303100585938,-8.47192478179932,"Unknown"
"7014855",371852,2025-07-24 08:46:22,43.1371078491211,-8.47815704345703,"Unknown"
"7014855",371852,2025-07-24 08:51:24,43.1444816589355,-8.50619220733643,"Unknown"
"7014855",371852,2025-07-24 08:56:23,43.1584663391113,-8.54493045806885,"Unknown"
"7014855",371852,2025-07-24 09:01:23,43.1725387573242,-8.57200622558594,"Unknown"
"7014855",371852,2025-07-24 09:06:23,43.1873435974121,-8.59225368499756,"Unknown"
"7014855",371852,2025-07-24 09:11:23,43.2067489624023,-8.60206413269043,"Unknown"
"7014855",371852,2025-07-24 09:16:24,43.2238388061523,-8.62504577636719,"Unknown"
"7014855",371852,2025-07-24 09:21:24,43.2431182861328,-8.64481639862061,"Unknown"
"7014855",371852,2025-07-24 09:26:24,43.2643051147461,-8.65978908538818,"Unknown"
"7014855",371852,2025-07-24 09:31:23,43.2819900512695,-8.68173694610596,"Unknown"
"7014855",371852,2025-07-24 09:36:23,43.2949409484863,-8.7308521270752,"Unknown"
"7014855",371852,2025-07-24 09:41:23,43.302360534668,-8.76672077178955,"Unknown"
"7014855",371852,2025-07-24 09:46:22,43.3183670043945,-8.80578231811523,"Unknown"
"7014855",371852,2025-07-24 09:51:22,43.3389358520508,-8.83063983917236,"Unknown"
"7014855",371852,2025-07-24 09:56:23,43.3613967895508,-8.84809303283691,"Unknown"
"7014855",371852,2025-07-24 10:01:24,43.3602676391602,-8.84291648864746,"Unknown"
"7014855",371852,2025-07-24 10:06:23,43.3603172302246,-8.84279251098633,"Unknown"
"7014855",371852,2025-07-24 10:11:24,43.3602638244629,-8.84289455413818,"Unknown"
"7014855",371852,2025-07-24 10:16:23,43.3601760864258,-8.84297943115234,"Unknown"
"7014855",371852,2025-07-24 10:21:24,43.3603210449219,-8.84293842315674,"Unknown"
"7014855",371852,2025-07-24 10:26:23,43.3602523803711,-8.84289169311523,"Unknown"
"7014855",371852,2025-07-24 10:31:24,43.360221862793,-8.84291839599609,"Unknown"
"7014855",371852,2025-07-24 10:36:24,43.360221862793,-8.84298324584961,"Unknown"
"7014855",371852,2025-07-24 10:41:24,43.3482246398926,-8.85420513153076,"Unknown"
"7014855",371852,2025-07-24 10:46:23,43.3320236206055,-8.85592842102051,"Unknown"
"7014855",371852,2025-07-24 10:51:23,43.3289260864258,-8.86465644836426,"Unknown"
"7014855",371852,2025-07-24 10:56:23,43.3269538879395,-8.86882209777832,"Unknown"
"7014855",371852,2025-07-24 11:01:24,43.3269653320312,-8.86892032623291,"Unknown"
"7014855",371852,2025-07-24 11:06:23,43.317211151123,-8.85748481750488,"Unknown"
"7014855",371852,2025-07-24 11:11:23,43.3324394226074,-8.84560680389404,"Unknown"
"7014855",371852,2025-07-24 11:16:23,43.3422660827637,-8.83241176605225,"Unknown"
"7014855",371852,2025-07-24 11:21:23,43.3235282897949,-8.80579090118408,"Unknown"
"7014855",371852,2025-07-24 11:26:23,43.3237457275391,-8.80611610412598,"Unknown"
"7014855",371852,2025-07-24 11:31:23,43.3237571716309,-8.80617427825928,"Unknown"
"7014855",371852,2025-07-24 11:36:24,43.3236656188965,-8.8062105178833,"Unknown"
"7014855",371852,2025-07-24 11:41:23,43.3237380981445,-8.80615711212158,"Unknown"
"7014855",371852,2025-07-24 11:46:23,43.318416595459,-8.80539798736572,"Unknown"
"7014855",371852,2025-07-24 11:51:24,43.3057403564453,-8.78784656524658,"Unknown"
"7014855",371852,2025-07-24 11:56:23,43.3161659240723,-8.80354499816895,"Unknown"
"7014855",371852,2025-07-24 12:01:30,43.3117828369141,-8.7990837097168,"Unknown"
"7014855",371852,2025-07-24 12:06:28,43.3009223937988,-8.7785177230835,"Unknown"
"7014855",371852,2025-07-24 12:11:24,43.2960662841797,-8.75364208221436,"Unknown"
"7014855",371852,2025-07-24 12:16:24,43.2939834594727,-8.72270679473877,"Unknown"
"7014855",371852,2025-07-24 12:22:59,43.2870597839355,-8.68576526641846,"Unknown"
"7014855",371852,2025-07-24 12:26:29,43.2758331298828,-8.67096614837646,"Unknown"
"7014855",371852,2025-07-24 12:31:25,43.2546730041504,-8.64647483825684,"Unknown"
"7014855",371852,2025-07-24 12:36:25,43.2297554016113,-8.63937473297119,"Unknown"
"7014855",371852,2025-07-24 12:41:22,43.2137718200684,-8.62060165405273,"Unknown"
"7014855",371852,2025-07-24 12:46:22,43.2081756591797,-8.58933544158936,"Unknown"
"7014855",371852,2025-07-24 12:51:22,43.2079200744629,-8.57809162139893,"Unknown"
"7014855",371852,2025-07-24 12:56:23,43.1925735473633,-8.54525661468506,"Unknown"
"7014855",371852,2025-07-24 13:01:29,43.1772689819336,-8.52039051055908,"Unknown"
"7014855",371852,2025-07-24 13:06:22,43.1543579101562,-8.49370670318604,"Unknown"
"7014855",371852,2025-07-24 13:11:34,43.1302528381348,-8.47212600708008,"Unknown"
"7014855",371852,2025-07-24 13:16:44,43.1301956176758,-8.47210216522217,"Unknown"
"7014855",371852,2025-07-24 13:21:32,43.1302452087402,-8.47199726104736,"Unknown"
"7014855",371852,2025-07-24 13:26:25,43.1300735473633,-8.47222232818604,"Unknown"
"7014855",371852,2025-07-24 13:31:26,43.1302604675293,-8.47206974029541,"Unknown"
"7014855",371852,2025-07-24 13:36:30,43.1303100585938,-8.47171401977539,"Unknown"
"7014855",371852,2025-07-24 13:41:26,43.1303215026855,-8.47180461883545,"Unknown"
"7014855",371852,2025-07-24 13:46:48,43.1322631835938,-8.46960830688477,"Unknown"
"7014855",371852,2025-07-24 13:52:05,43.1333961486816,-8.47002696990967,"Unknown"
"7014855",371852,2025-07-24 13:56:23,43.1335906982422,-8.47017288208008,"Unknown"
"7014855",371852,2025-07-24 14:01:25,43.1335182189941,-8.47025108337402,"Unknown"
"7014855",371852,2025-07-24 14:06:28,43.1332664489746,-8.47001934051514,"Unknown"
"7014855",371852,2025-07-24 14:12:05,43.133358001709,-8.47001361846924,"Unknown"
"7014855",371852,2025-07-24 14:16:25,43.1334228515625,-8.4701509475708,"Unknown"
"7014855",371852,2025-07-24 14:21:24,43.1333503723145,-8.47008037567139,"Unknown"
"7014855",371852,2025-07-24 14:26:22,43.1351623535156,-8.4700231552124,"Unknown"
"7014855",371852,2025-07-24 14:31:23,43.136157989502,-8.47950839996338,"Unknown"
"7014855",371852,2025-07-24 14:36:22,43.1462593078613,-8.50863552093506,"Unknown"
"7014855",371852,2025-07-24 14:41:22,43.1561088562012,-8.52852058410645,"Unknown"
"7014855",371852,2025-07-24 14:46:22,43.1741523742676,-8.54942417144775,"Unknown"
"7014855",371852,2025-07-24 14:51:22,43.1867446899414,-8.57505893707275,"Unknown"
"7014855",371852,2025-07-24 14:56:23,43.2009086608887,-8.59404468536377,"Unknown"
"7014855",371852,2025-07-24 15:01:24,43.2173118591309,-8.61745071411133,"Unknown"
"7014855",371852,2025-07-24 15:06:23,43.2330017089844,-8.63838291168213,"Unknown"
"7014855",371852,2025-07-24 15:11:23,43.2515983581543,-8.65150833129883,"Unknown"
"7014855",371852,2025-07-24 15:16:22,43.2718238830566,-8.66220474243164,"Unknown"
"7014855",371852,2025-07-24 15:21:26,43.2870864868164,-8.69797039031982,"Unknown"
"7014855",371852,2025-07-24 15:26:44,43.293529510498,-8.73802852630615,"Unknown"
"7014855",371852,2025-07-24 15:31:22,43.3014717102051,-8.7785816192627,"Unknown"
"7014855",371852,2025-07-24 15:36:23,43.317138671875,-8.80453395843506,"Unknown"
"7014855",371852,2025-07-24 15:41:24,43.3349189758301,-8.82961273193359,"Unknown"
"7014855",371852,2025-07-24 15:47:44,43.3606986999512,-8.84743309020996,"Unknown"
"7014855",371852,2025-07-24 15:51:24,43.3602142333984,-8.84313488006592,"Unknown"
"7014855",371852,2025-07-24 15:56:27,43.3602333068848,-8.8432559967041,"Unknown"
"7014855",371852,2025-07-24 16:01:25,43.3440933227539,-8.83297634124756,"Unknown"
"7014855",371852,2025-07-24 16:06:25,43.3225555419922,-8.81001853942871,"Unknown"
"7014855",371852,2025-07-24 16:11:26,43.3237152099609,-8.80766010284424,"Unknown"
"7014855",371852,2025-07-24 16:16:29,43.3108024597168,-8.79478645324707,"Unknown"
"7014855",371852,2025-07-24 16:21:26,43.3027572631836,-8.78007030487061,"Unknown"
"7014855",371852,2025-07-24 16:26:27,43.302303314209,-8.78146553039551,"Unknown"
"7014855",371852,2025-07-24 16:31:44,43.2996635437012,-8.76027297973633,"Unknown"
"7014855",371852,2025-07-24 16:36:24,43.2970314025879,-8.75210189819336,"Unknown"
"7014855",371852,2025-07-24 16:41:24,43.3025588989258,-8.77569770812988,"Unknown"
"7014855",371852,2025-07-24 16:46:37,43.3054466247559,-8.78824138641357,"Unknown"
"7014855",371852,2025-07-24 16:51:26,43.3054733276367,-8.78814125061035,"Unknown"
"7014855",371852,2025-07-24 16:56:28,43.3144874572754,-8.80301952362061,"Unknown"
"7014855",371852,2025-07-24 17:01:29,43.3234519958496,-8.80628967285156,"Unknown"
"7014855",371852,2025-07-24 17:06:37,43.3235054016113,-8.80619716644287,"Unknown"
"7014855",371852,2025-07-24 17:11:59,43.323558807373,-8.80634498596191,"Unknown"
"7014855",371852,2025-07-24 17:16:26,43.3235511779785,-8.80634498596191,"Unknown"
"7014855",371852,2025-07-24 17:21:29,43.3064117431641,-8.78701686859131,"Unknown"
"7014855",371852,2025-07-24 17:26:24,43.3035507202148,-8.77169799804688,"Unknown"
"7014855",371852,2025-07-24 17:31:37,43.3014831542969,-8.76453971862793,"Unknown"
"7014855",371852,2025-07-24 17:36:37,43.2930145263672,-8.73556327819824,"Unknown"
"7014855",371852,2025-07-24 17:41:27,43.2901229858398,-8.70627593994141,"Unknown"
"7014855",371852,2025-07-24 17:46:57,43.2793960571289,-8.67451763153076,"Unknown"
"7014855",371852,2025-07-24 17:51:28,43.2679710388184,-8.64384269714355,"Unknown"
"7014855",371852,2025-07-24 17:56:24,43.2431755065918,-8.61295509338379,"Unknown"
"7014855",371852,2025-07-24 18:01:24,43.231861114502,-8.58938121795654,"Unknown"
"7014855",371852,2025-07-24 18:06:24,43.2038383483887,-8.5807056427002,"Unknown"
"7014855",371852,2025-07-24 18:11:26,43.1830101013184,-8.55490016937256,"Unknown"
"7014855",371852,2025-07-24 18:16:25,43.1587371826172,-8.52827835083008,"Unknown"
"7014855",371852,2025-07-24 18:21:26,43.1344413757324,-8.48390674591064,"Unknown"
"7014855",371852,2025-07-24 18:26:23,43.1304779052734,-8.47170066833496,"Unknown"
"7014855",371852,2025-07-24 18:31:23,43.1304740905762,-8.47175788879395,"Unknown"
"7014855",371852,2025-07-24 18:36:26,43.1304779052734,-8.47178649902344,"Unknown"
"7014855",371852,2025-07-24 18:41:25,43.130485534668,-8.4718713760376,"Unknown"
"7014855",371852,2025-07-24 18:46:25,43.130542755127,-8.47163200378418,"Unknown"
"7014855",371852,2025-07-24 18:51:25,43.1404724121094,-8.49472904205322,"Unknown"
"7014855",371852,2025-07-24 18:56:24,43.1531639099121,-8.51523971557617,"Unknown"
"7014855",371852,2025-07-24 19:01:23,43.1687889099121,-8.54208183288574,"Unknown"
"7014855",371852,2025-07-24 19:06:23,43.1862335205078,-8.56356811523438,"Unknown"
"7014855",371852,2025-07-24 19:11:23,43.2086868286133,-8.58765888214111,"Unknown"
"7014855",371852,2025-07-24 19:16:23,43.2258987426758,-8.61684894561768,"Unknown"
"7014855",371852,2025-07-24 19:21:23,43.2459907531738,-8.63104629516602,"Unknown"
"7014855",371852,2025-07-24 19:26:23,43.2652206420898,-8.63961410522461,"Unknown"
"7014855",371852,2025-07-24 19:31:24,43.281436920166,-8.66315746307373,"Unknown"
"7014855",371852,2025-07-24 19:36:24,43.2882652282715,-8.71267127990723,"Unknown"
"7014855",371852,2025-07-24 19:41:24,43.2957801818848,-8.74932765960693,"Unknown"
"7014855",371852,2025-07-24 19:46:24,43.3057899475098,-8.78767013549805,"Unknown"
"7014855",371852,2025-07-24 19:51:24,43.3243217468262,-8.81606388092041,"Unknown"
"7014855",371852,2025-07-24 19:56:25,43.3425674438477,-8.83178329467773,"Unknown"
"7014855",371852,2025-07-24 20:01:26,43.3595504760742,-8.84275817871094,"Unknown"
"7014855",371852,2025-07-24 20:06:27,43.3596572875977,-8.84207248687744,"Unknown"
"7014855",371852,2025-07-24 20:11:26,43.359977722168,-8.84279632568359,"Unknown"
"7014855",371852,2025-07-24 20:16:36,43.3599548339844,-8.84313106536865,"Unknown"
"7014855",371852,2025-07-24 20:21:42,43.3600082397461,-8.8431282043457,"Unknown"
"7014855",371852,2025-07-24 20:26:42,43.3600120544434,-8.84305191040039,"Unknown"
"7014855",371852,2025-07-24 20:31:34,43.360034942627,-8.84296131134033,"Unknown"
"7014855",371852,2025-07-24 20:37:47,43.3612022399902,-8.84360122680664,"Unknown"
"7014855",371852,2025-07-24 20:41:34,43.3599014282227,-8.84288024902344,"Unknown"
"7014855",371852,2025-07-24 20:46:44,43.3600921630859,-8.84297657012939,"Unknown"
"7014855",371852,2025-07-24 20:51:25,43.3601188659668,-8.8433666229248,"Unknown"
"7014855",371852,2025-07-24 20:56:30,43.3641357421875,-8.84674549102783,"Unknown"
"7014855",371852,2025-07-24 21:01:29,43.3615112304688,-8.84297847747803,"Unknown"
"7014855",371852,2025-07-24 21:06:34,43.3599624633789,-8.84306812286377,"Unknown"
"7014855",371852,2025-07-24 21:11:37,43.3599967956543,-8.84316825866699,"Unknown"
"7014855",371852,2025-07-24 21:16:37,43.3605079650879,-8.84372520446777,"Unknown"
"7014855",371852,2025-07-24 21:21:36,43.3603019714355,-8.84342670440674,"Unknown"
"7014855",371852,2025-07-24 21:26:37,43.3595542907715,-8.84261417388916,"Unknown"
"7014855",371852,2025-07-24 21:32:00,43.359977722168,-8.84323596954346,"Unknown"
"7014855",371852,2025-07-24 21:36:25,43.3600196838379,-8.84314918518066,"Unknown"
"7014855",371852,2025-07-24 21:41:26,43.3600425720215,-8.84328365325928,"Unknown"
"7014855",371852,2025-07-24 21:46:31,43.3602142333984,-8.84351539611816,"Unknown"
"7014855",371852,2025-07-24 21:52:05,43.3598861694336,-8.84296894073486,"Unknown"
"7014855",371852,2025-07-24 21:56:24,43.3600273132324,-8.84288692474365,"Unknown"
"7014855",371852,2025-07-24 22:01:24,43.3599700927734,-8.84288311004639,"Unknown"
"7014855",371852,2025-07-24 22:06:25,43.3599700927734,-8.84287071228027,"Unknown"
"7014855",371852,2025-07-24 22:11:23,43.3599967956543,-8.8428430557251,"Unknown"
"7014855",371852,2025-07-24 22:16:25,43.3600769042969,-8.8428316116333,"Unknown"
"7014855",371852,2025-07-24 22:21:24,43.3600425720215,-8.84286117553711,"Unknown"
"7014855",371852,2025-07-24 22:26:24,43.360034942627,-8.84285926818848,"Unknown"
"7014855",371852,2025-07-24 22:31:24,43.3600654602051,-8.84290218353271,"Unknown"
"7014855",371852,2025-07-24 22:36:24,43.360034942627,-8.84295558929443,"Unknown"
"7014855",371852,2025-07-24 22:41:27,43.360050201416,-8.84297847747803,"Unknown"
"7014855",371852,2025-07-24 22:46:24,43.3601684570312,-8.84297275543213,"Unknown"
"7014855",371852,2025-07-24 22:51:25,43.3600311279297,-8.8430118560791,"Unknown"
"7014855",371852,2025-07-24 22:56:28,43.3601379394531,-8.84297275543213,"Unknown"
"7014855",371852,2025-07-24 23:01:27,43.3600997924805,-8.84298324584961,"Unknown"
"7014855",371852,2025-07-24 23:06:25,43.3600845336914,-8.84298419952393,"Unknown"
"7014855",371852,2025-07-24 23:11:28,43.360179901123,-8.84298133850098,"Unknown"
"7014855",371852,2025-07-24 23:16:27,43.3601608276367,-8.84301090240479,"Unknown"
"7014855",371852,2025-07-24 23:21:25,43.3600692749023,-8.84297561645508,"Unknown"
"7014855",371852,2025-07-24 23:26:29,43.3601264953613,-8.84303951263428,"Unknown"
"7014855",371852,2025-07-24 23:31:31,43.3601226806641,-8.84299182891846,"Unknown"
"7014855",371852,2025-07-24 23:36:30,43.3603096008301,-8.84301662445068,"Unknown"
"7014855",371852,2025-07-24 23:41:26,43.3600730895996,-8.84296607971191,"Unknown"
"7014855",371852,2025-07-24 23:46:27,43.3600692749023,-8.84292030334473,"Unknown"
"7014855",371852,2025-07-24 23:51:26,43.3600883483887,-8.84296989440918,"Unknown"
"7014855",371852,2025-07-24 23:56:23,43.3601417541504,-8.8430233001709,"Unknown"
"7014855",371852,2025-07-25 00:01:30,43.3601112365723,-8.84297561645508,"Unknown"
"7014855",371852,2025-07-25 00:06:27,43.3603744506836,-8.84323215484619,"Unknown"
"7014855",371852,2025-07-25 00:11:27,43.3599891662598,-8.84292507171631,"Unknown"
"7014855",371852,2025-07-25 00:16:26,43.360050201416,-8.84293937683105,"Unknown"
"7014855",371852,2025-07-25 00:21:25,43.3600120544434,-8.84295463562012,"Unknown"
"7014855",371852,2025-07-25 00:26:26,43.3602333068848,-8.84315872192383,"Unknown"
"7014855",371852,2025-07-25 00:31:36,43.3601989746094,-8.84307861328125,"Unknown"
"7014855",371852,2025-07-25 00:36:34,43.3600883483887,-8.84300518035889,"Unknown"
"7014855",371852,2025-07-25 00:41:45,43.3601112365723,-8.84300708770752,"Unknown"
"7014855",371852,2025-07-25 00:46:29,43.3598136901855,-8.84296321868896,"Unknown"
"7014855",371852,2025-07-25 00:51:29,43.3601036071777,-8.84299850463867,"Unknown"
"7014855",371852,2025-07-25 00:56:28,43.359977722168,-8.84296894073486,"Unknown"
"7014855",371852,2025-07-25 01:01:27,43.3598518371582,-8.84294986724854,"Unknown"
"7014855",371852,2025-07-25 01:06:25,43.3598403930664,-8.84287548065186,"Unknown"
"7014855",371852,2025-07-25 01:11:27,43.3598861694336,-8.84290790557861,"Unknown"
"7014855",371852,2025-07-25 01:16:27,43.3598327636719,-8.84293270111084,"Unknown"
"7014855",371852,2025-07-25 01:21:35,43.3599548339844,-8.84301376342773,"Unknown"
"7014855",371852,2025-07-25 01:26:29,43.359676361084,-8.84359264373779,"Unknown"
"7014855",371852,2025-07-25 01:31:44,43.3600196838379,-8.84307098388672,"Unknown"
"7014855",371852,2025-07-25 01:36:36,43.3600006103516,-8.84303379058838,"Unknown"
"7014855",371852,2025-07-25 01:41:27,43.3600959777832,-8.84320545196533,"Unknown"
"7014855",371852,2025-07-25 01:46:36,43.3600158691406,-8.84304332733154,"Unknown"
"7014855",371852,2025-07-25 01:51:37,43.3600006103516,-8.84308052062988,"Unknown"
"7014855",371852,2025-07-25 01:56:29,43.3603286743164,-8.84365367889404,"Unknown"
"7014855",371852,2025-07-25 02:01:36,43.3600082397461,-8.84305286407471,"Unknown"
"7014855",371852,2025-07-25 02:06:35,43.3600959777832,-8.84297466278076,"Unknown"
"7014855",371852,2025-07-25 02:11:35,43.3598937988281,-8.84261512756348,"Unknown"
"7014855",371852,2025-07-25 02:16:45,43.3599700927734,-8.84299659729004,"Unknown"
"7014855",371852,2025-07-25 02:21:35,43.3601226806641,-8.84287166595459,"Unknown"
"7014855",371852,2025-07-25 02:26:37,43.3603057861328,-8.84285640716553,"Unknown"
"7014855",371852,2025-07-25 02:31:35,43.3605270385742,-8.84284019470215,"Unknown"
"7014855",371852,2025-07-25 02:36:35,43.3602485656738,-8.842848777771,"Unknown"
"7014855",371852,2025-07-25 02:41:35,43.360050201416,-8.84293079376221,"Unknown"
"7014855",371852,2025-07-25 02:46:45,43.3601684570312,-8.84248733520508,"Unknown"
"7014855",371852,2025-07-25 02:51:36,43.3601341247559,-8.84259510040283,"Unknown"
"7014855",371852,2025-07-25 02:56:36,43.3602294921875,-8.84249687194824,"Unknown"
"7014855",371852,2025-07-25 03:01:36,43.3601188659668,-8.84258937835693,"Unknown"
"7014855",371852,2025-07-25 03:06:25,43.3601303100586,-8.84248352050781,"Unknown"
"7014855",371852,2025-07-25 03:11:36,43.3601303100586,-8.84245204925537,"Unknown"
"7014855",371852,2025-07-25 03:16:36,43.3601036071777,-8.84268665313721,"Unknown"
"7014855",371852,2025-07-25 03:21:36,43.3601837158203,-8.84240245819092,"Unknown"
"7014855",371852,2025-07-25 03:26:35,43.3601264953613,-8.84334278106689,"Unknown"
"7014855",371852,2025-07-25 03:31:44,43.3601036071777,-8.84304809570312,"Unknown"
"7014855",371852,2025-07-25 03:36:40,43.3600692749023,-8.84305477142334,"Unknown"
"7014855",371852,2025-07-25 03:41:59,43.3600463867188,-8.84299468994141,"Unknown"
"7014855",371852,2025-07-25 03:46:24,43.3600463867188,-8.84302711486816,"Unknown"
"7014855",371852,2025-07-25 03:51:24,43.3600883483887,-8.84301662445068,"Unknown"
"7014855",371852,2025-07-25 03:56:24,43.3601341247559,-8.84300994873047,"Unknown"
"7014855",371852,2025-07-25 04:01:25,43.3600234985352,-8.84312343597412,"Unknown"
"7014855",371852,2025-07-25 04:06:27,43.3603057861328,-8.84298133850098,"Unknown"
"7014855",371852,2025-07-25 04:11:29,43.3602714538574,-8.84298419952393,"Unknown"
"7014855",371852,2025-07-25 04:16:24,43.3601684570312,-8.84310245513916,"Unknown"
"7014855",371852,2025-07-25 04:21:25,43.3602867126465,-8.84299373626709,"Unknown"
"7014855",371852,2025-07-25 04:26:26,43.360279083252,-8.84299468994141,"Unknown"
"7014855",371852,2025-07-25 04:31:25,43.3603515625,-8.84295749664307,"Unknown"
"7014855",371852,2025-07-25 04:36:36,43.3600273132324,-8.84310245513916,"Unknown"
"7014855",371852,2025-07-25 04:41:25,43.3602676391602,-8.84297561645508,"Unknown"
"7014855",371852,2025-07-25 04:46:25,43.3602027893066,-8.84302043914795,"Unknown"
"7014855",371852,2025-07-25 04:51:27,43.3602256774902,-8.84296035766602,"Unknown"
"7014855",371852,2025-07-25 04:56:25,43.3601531982422,-8.84301567077637,"Unknown"
"7014855",371852,2025-07-25 05:01:25,43.3601722717285,-8.84296321868896,"Unknown"
"7014855",371852,2025-07-25 05:06:29,43.3601531982422,-8.84311866760254,"Unknown"
"7014855",371852,2025-07-25 05:11:26,43.3601608276367,-8.84300708770752,"Unknown"
"7014855",371852,2025-07-25 05:16:26,43.3602485656738,-8.84287166595459,"Unknown"
"7014855",371852,2025-07-25 05:21:26,43.3525581359863,-8.83240985870361,"Unknown"
"7014855",371852,2025-07-25 05:26:26,43.3247413635254,-8.81674766540527,"Unknown"
"7014855",371852,2025-07-25 05:31:42,43.3237037658691,-8.80774593353271,"Unknown"
"7014855",371852,2025-07-25 05:36:24,43.3121337890625,-8.79965972900391,"Unknown"
"7014855",371852,2025-07-25 05:41:24,43.2997741699219,-8.77385520935059,"Unknown"
"7014855",371852,2025-07-25 05:46:24,43.2944107055664,-8.74880790710449,"Unknown"
"7014855",371852,2025-07-25 05:51:24,43.2932319641113,-8.71771717071533,"Unknown"
"7014855",371852,2025-07-25 05:56:24,43.2932624816895,-8.69099140167236,"Unknown"
"7014855",371852,2025-07-25 06:01:25,43.2971572875977,-8.66757297515869,"Unknown"
"7014855",371852,2025-07-25 06:06:24,43.2971229553223,-8.66750335693359,"Unknown"
"7014855",371852,2025-07-25 06:11:25,43.2970581054688,-8.66738033294678,"Unknown"
"7014855",371852,2025-07-25 06:16:24,43.2810821533203,-8.64684009552002,"Unknown"
"7014855",371852,2025-07-25 06:21:24,43.2608337402344,-8.61647319793701,"Unknown"
"7014855",371852,2025-07-25 06:26:24,43.2366218566895,-8.58874416351318,"Unknown"
"7014855",371852,2025-07-25 06:31:25,43.2138900756836,-8.56792449951172,"Unknown"
"7014855",371852,2025-07-25 06:36:25,43.1938514709473,-8.54138660430908,"Unknown"
"7014855",371852,2025-07-25 06:41:25,43.176887512207,-8.52163505554199,"Unknown"
"7014855",371852,2025-07-25 06:46:25,43.1481819152832,-8.48655223846436,"Unknown"
"7014855",371852,2025-07-25 06:51:33,43.130184173584,-8.47190093994141,"Unknown"
"7014855",371852,2025-07-25 06:56:27,43.1302299499512,-8.4715518951416,"Unknown"
"7014855",371852,2025-07-25 07:01:25,43.1302490234375,-8.47163105010986,"Unknown"
"7014855",371852,2025-07-25 07:06:27,43.1303024291992,-8.47161388397217,"Unknown"
"7014855",371852,2025-07-25 07:11:28,43.1304130554199,-8.47151184082031,"Unknown"
"7014855",371852,2025-07-25 07:16:27,43.1305656433105,-8.47168064117432,"Unknown"
"7014855",371852,2025-07-25 07:21:36,43.1330299377441,-8.46983814239502,"Unknown"
"7014855",371852,2025-07-25 07:26:36,43.1334228515625,-8.46971797943115,"Unknown"
"7014855",371852,2025-07-25 07:31:29,43.1332511901855,-8.46971797943115,"Unknown"
"7014855",371852,2025-07-25 07:36:25,43.1334075927734,-8.46969032287598,"Unknown"
"7014855",371852,2025-07-25 07:41:25,43.1372222900391,-8.4734992980957,"Unknown"
"7014855",371852,2025-07-25 07:46:25,43.1438980102539,-8.50288772583008,"Unknown"
"7014855",371852,2025-07-25 07:51:24,43.1615447998047,-8.53791046142578,"Unknown"
"7014855",371852,2025-07-25 07:56:25,43.1783599853516,-8.56193256378174,"Unknown"
"7014855",371852,2025-07-25 08:01:25,43.2005271911621,-8.58495140075684,"Unknown"
"7014855",371852,2025-07-25 08:06:36,43.2179756164551,-8.62252712249756,"Unknown"
"7014855",371852,2025-07-25 08:11:26,43.233283996582,-8.64405250549316,"Unknown"
"7014855",371852,2025-07-25 08:16:27,43.253345489502,-8.65796852111816,"Unknown"
"7014855",371852,2025-07-25 08:21:27,43.2745590209961,-8.66530895233154,"Unknown"
"7014855",371852,2025-07-25 08:26:28,43.2918243408203,-8.70792007446289,"Unknown"
"7014855",371852,2025-07-25 08:31:25,43.2943000793457,-8.74662303924561,"Unknown"
"7014855",371852,2025-07-25 08:36:27,43.3010139465332,-8.77692985534668,"Unknown"
"7014855",371852,2025-07-25 08:41:26,43.3207206726074,-8.80727672576904,"Unknown"
"7014855",371852,2025-07-25 08:46:25,43.3416519165039,-8.83220100402832,"Unknown"
"7014855",371852,2025-07-25 08:51:27,43.360179901123,-8.8428840637207,"Unknown"
"7014855",371852,2025-07-25 08:56:30,43.3601455688477,-8.84278869628906,"Unknown"
"7014855",371852,2025-07-25 09:01:36,43.3599967956543,-8.84289360046387,"Unknown"
"7014855",371852,2025-07-25 09:06:33,43.3601837158203,-8.84267807006836,"Unknown"
"7014855",371852,2025-07-25 09:11:36,43.3600311279297,-8.84269332885742,"Unknown"
"7014855",371852,2025-07-25 09:16:36,43.359977722168,-8.84286022186279,"Unknown"
"7014855",371852,2025-07-25 09:21:36,43.3599548339844,-8.84284782409668,"Unknown"
"7014855",371852,2025-07-25 09:26:36,43.3600807189941,-8.84280395507812,"Unknown"
"7014855",371852,2025-07-25 09:31:28,43.3602294921875,-8.84261131286621,"Unknown"
"7014855",371852,2025-07-25 09:36:36,43.3601379394531,-8.84286308288574,"Unknown"
"7014855",371852,2025-07-25 09:41:36,43.3601570129395,-8.84280586242676,"Unknown"
"7014855",371852,2025-07-25 09:46:26,43.3602905273438,-8.84255123138428,"Unknown"
"7014855",371852,2025-07-25 09:51:24,43.3555946350098,-8.83313846588135,"Unknown"
"7014855",371852,2025-07-25 09:56:24,43.3275146484375,-8.81867790222168,"Unknown"
"7014855",371852,2025-07-25 10:02:15,43.3179626464844,-8.80423259735107,"Unknown"
"7014855",371852,2025-07-25 10:06:35,43.3175468444824,-8.8037052154541,"Unknown"
"7014855",371852,2025-07-25 10:12:47,43.3180656433105,-8.80377578735352,"Unknown"
"7014855",371852,2025-07-25 10:16:24,43.3181266784668,-8.80423927307129,"Unknown"
"7014855",371852,2025-07-25 10:21:29,43.318187713623,-8.8041877746582,"Unknown"
"7014855",371852,2025-07-25 10:26:31,43.3184127807617,-8.80385780334473,"Unknown"
"7014855",371852,2025-07-25 10:31:28,43.3188323974609,-8.80294799804688,"Unknown"
"7014855",371852,2025-07-25 10:36:28,43.3181343078613,-8.80454349517822,"Unknown"
"7014855",371852,2025-07-25 10:41:29,43.3181381225586,-8.8045539855957,"Unknown"
"7014855",371852,2025-07-25 10:46:26,43.3181953430176,-8.80445957183838,"Unknown"
"7014855",371852,2025-07-25 10:51:34,43.3183288574219,-8.80399036407471,"Unknown"
"7014855",371852,2025-07-25 10:56:25,43.3091468811035,-8.79069423675537,"Unknown"
"7014855",371852,2025-07-25 11:01:25,43.2994499206543,-8.76517677307129,"Unknown"
"7014855",371852,2025-07-25 11:06:25,43.2923240661621,-8.73547554016113,"Unknown"
"7014855",371852,2025-07-25 11:11:24,43.2860107421875,-8.70583343505859,"Unknown"
"7014855",371852,2025-07-25 11:16:24,43.2815322875977,-8.67860984802246,"Unknown"
"7014855",371852,2025-07-25 11:21:24,43.2711715698242,-8.64589023590088,"Unknown"
"7014855",371852,2025-07-25 11:26:24,43.262035369873,-8.62209796905518,"Unknown"
"7014855",371852,2025-07-25 11:31:24,43.2375373840332,-8.61412334442139,"Unknown"
"7014855",371852,2025-07-25 11:36:24,43.2168006896973,-8.57534217834473,"Unknown"
"7014855",371852,2025-07-25 11:41:25,43.2057762145996,-8.57046413421631,"Unknown"
"7014855",371852,2025-07-25 11:46:24,43.1972770690918,-8.54218864440918,"Unknown"
"7014855",371852,2025-07-25 11:51:24,43.181453704834,-8.52843379974365,"Unknown"
"7014855",371852,2025-07-25 11:56:24,43.165958404541,-8.50721549987793,"Unknown"
"7014855",371852,2025-07-25 12:01:24,43.1466598510742,-8.4879264831543,"Unknown"
"7014855",371852,2025-07-25 12:06:25,43.1303176879883,-8.47166442871094,"Unknown"
"7014855",371852,2025-07-25 12:11:25,43.1313819885254,-8.47026252746582,"Unknown"
"7014855",371852,2025-07-25 12:16:26,43.1336097717285,-8.46959972381592,"Unknown"
"7014855",371852,2025-07-25 12:21:27,43.1336097717285,-8.46971321105957,"Unknown"
"7014855",371852,2025-07-25 12:26:25,43.1335678100586,-8.4695987701416,"Unknown"
"7014855",371852,2025-07-25 12:31:26,43.1335487365723,-8.46961212158203,"Unknown"
"7014855",371852,2025-07-25 12:36:25,43.1336631774902,-8.46953678131104,"Unknown"
"7014855",371852,2025-07-25 12:41:26,43.1335945129395,-8.46946716308594,"Unknown"
"7014855",371852,2025-07-25 12:46:27,43.1337013244629,-8.46946239471436,"Unknown"
"7014855",371852,2025-07-25 12:51:25,43.133659362793,-8.4694356918335,"Unknown"
"7014855",371852,2025-07-25 12:56:26,43.1336212158203,-8.46938705444336,"Unknown"
"7014855",371852,2025-07-25 13:01:26,43.133674621582,-8.46977138519287,"Unknown"
"7014855",371852,2025-07-25 13:06:25,43.1310577392578,-8.47172355651855,"Unknown"
"7014855",371852,2025-07-25 13:11:27,43.1309661865234,-8.47185802459717,"Unknown"
"7014855",371852,2025-07-25 13:16:25,43.1311111450195,-8.47137451171875,"Unknown"
"7014855",371852,2025-07-25 13:21:28,43.1330223083496,-8.46980857849121,"Unknown"
"7014855",371852,2025-07-25 13:26:25,43.133129119873,-8.46982574462891,"Unknown"
"7014855",371852,2025-07-25 13:31:25,43.1331520080566,-8.46977138519287,"Unknown"
"7014855",371852,2025-07-25 13:36:25,43.1331939697266,-8.46972274780273,"Unknown"
"7014855",371852,2025-07-25 13:41:25,43.1333847045898,-8.46950244903564,"Unknown"
"7014855",371852,2025-07-25 13:46:25,43.1332588195801,-8.46971797943115,"Unknown"
"7014855",371852,2025-07-25 13:51:26,43.1336860656738,-8.46963024139404,"Unknown"
"7014855",371852,2025-07-25 13:56:25,43.1332359313965,-8.46984672546387,"Unknown"
"7014855",371852,2025-07-25 14:01:25,43.1332511901855,-8.4697151184082,"Unknown"
"7014855",371852,2025-07-25 14:06:24,43.1333198547363,-8.4697093963623,"Unknown"
"7014855",371852,2025-07-25 14:11:24,43.1332969665527,-8.46965312957764,"Unknown"
"7014855",371852,2025-07-25 14:16:28,43.1333618164062,-8.46969509124756,"Unknown"
"7014855",371852,2025-07-25 14:21:27,43.1332359313965,-8.4697790145874,"Unknown"
"7014855",371852,2025-07-25 14:26:29,43.1333808898926,-8.46965503692627,"Unknown"
"7014855",371852,2025-07-25 14:31:28,43.1334533691406,-8.46968173980713,"Unknown"
"7014855",371852,2025-07-25 14:36:25,43.1333312988281,-8.46972179412842,"Unknown"
"7014855",371852,2025-07-25 14:41:33,43.1333236694336,-8.46972179412842,"Unknown"
"7014855",371852,2025-07-25 14:46:26,43.1333122253418,-8.46987533569336,"Unknown"
"7014855",371852,2025-07-25 14:51:27,43.1330451965332,-8.46990966796875,"Unknown"
"7014855",371852,2025-07-25 14:56:25,43.1330795288086,-8.46989345550537,"Unknown"
"7014855",371852,2025-07-25 15:01:27,43.1333084106445,-8.46992206573486,"Unknown"
"7014855",371852,2025-07-25 15:06:25,43.1333236694336,-8.46975708007812,"Unknown"
"7014855",371852,2025-07-25 15:11:27,43.1334381103516,-8.46980857849121,"Unknown"
"7014855",371852,2025-07-25 15:16:29,43.133472442627,-8.46981048583984,"Unknown"
"7014855",371852,2025-07-25 15:21:28,43.1330184936523,-8.46903896331787,"Unknown"
"7014855",371852,2025-07-25 15:26:26,43.1334075927734,-8.46982002258301,"Unknown"
"7014855",371852,2025-07-25 15:31:25,43.1332206726074,-8.46954250335693,"Unknown"
"7014855",371852,2025-07-25 15:36:25,43.1334381103516,-8.46976852416992,"Unknown"
"7014855",371852,2025-07-25 15:41:26,43.1332550048828,-8.46953678131104,"Unknown"
"7014855",371852,2025-07-25 15:46:25,43.1332092285156,-8.4695405960083,"Unknown"
"7014855",371852,2025-07-25 15:51:28,43.1308288574219,-8.47168731689453,"Unknown"
"7014855",371852,2025-07-25 15:56:26,43.1307029724121,-8.47154331207275,"Unknown"
"7014855",371852,2025-07-25 16:01:26,43.1302909851074,-8.47202587127686,"Unknown"
"7014855",371852,2025-07-25 16:06:28,43.1302795410156,-8.47111892700195,"Unknown"
"7014855",371852,2025-07-25 16:11:36,43.1304626464844,-8.47128105163574,"Unknown"
"7014855",371852,2025-07-25 16:16:27,43.1302909851074,-8.47111511230469,"Unknown"
"7014855",371852,2025-07-25 16:21:26,43.1304054260254,-8.47205257415771,"Unknown"
"7014855",371852,2025-07-25 16:26:27,43.1305885314941,-8.47192764282227,"Unknown"
"7014855",371852,2025-07-25 16:31:29,43.1306838989258,-8.47221565246582,"Unknown"
"7014855",371852,2025-07-25 16:36:27,43.1308746337891,-8.47237777709961,"Unknown"
"7014855",371852,2025-07-25 16:41:26,43.1308403015137,-8.47229957580566,"Unknown"
"7014855",371852,2025-07-25 16:46:28,43.1309204101562,-8.47226428985596,"Unknown"
"7014855",371852,2025-07-25 16:51:25,43.1309280395508,-8.47218132019043,"Unknown"
"7014855",371852,2025-07-25 16:56:25,43.1332130432129,-8.46978187561035,"Unknown"
"7014855",371852,2025-07-25 17:01:25,43.1348762512207,-8.47214508056641,"Unknown"
"7014855",371852,2025-07-25 17:06:25,43.1449851989746,-8.49211502075195,"Unknown"
"7014855",371852,2025-07-25 17:11:25,43.1608238220215,-8.50893115997314,"Unknown"
"7014855",371852,2025-07-25 17:16:25,43.1739501953125,-8.53090572357178,"Unknown"
"7014855",371852,2025-07-25 17:21:24,43.1895332336426,-8.54676532745361,"Unknown"
"7014855",371852,2025-07-25 17:26:27,43.1968803405762,-8.57416248321533,"Unknown"
"7014855",371852,2025-07-25 17:31:25,43.2177352905273,-8.59076118469238,"Unknown"
"7014855",371852,2025-07-25 17:36:26,43.2258567810059,-8.62063980102539,"Unknown"
"7014855",371852,2025-07-25 17:41:25,43.2437324523926,-8.64267730712891,"Unknown"
"7014855",371852,2025-07-25 17:46:25,43.2637939453125,-8.65714931488037,"Unknown"
"7014855",371852,2025-07-25 17:51:25,43.2818756103516,-8.67904853820801,"Unknown"
"7014855",371852,2025-07-25 17:56:26,43.2927055358887,-8.72344017028809,"Unknown"
"7014855",371852,2025-07-25 18:01:25,43.3007469177246,-8.76358699798584,"Unknown"
"7014855",371852,2025-07-25 18:06:25,43.3132972717285,-8.80214309692383,"Unknown"
"7014855",371852,2025-07-25 18:11:25,43.3290519714355,-8.82669830322266,"Unknown"
"7014855",371852,2025-07-25 18:16:25,43.348388671875,-8.8395824432373,"Unknown"
"7014855",371852,2025-07-25 18:21:26,43.3596611022949,-8.84356689453125,"Unknown"
"7014855",371852,2025-07-25 18:26:25,43.3610191345215,-8.84116077423096,"Unknown"
"7014855",371852,2025-07-25 18:32:42,43.3616142272949,-8.84493446350098,"Unknown"
"7014855",371852,2025-07-25 18:36:24,43.3620758056641,-8.84618663787842,"Unknown"
"7014855",371852,2025-07-25 18:41:25,43.3594169616699,-8.84386730194092,"Unknown"
"7014855",371852,2025-07-25 18:46:26,43.3591957092285,-8.84313583374023,"Unknown"
"7014855",371852,2025-07-25 18:51:25,43.3591194152832,-8.84301567077637,"Unknown"
"7014855",371852,2025-07-25 18:56:25,43.3596534729004,-8.84291458129883,"Unknown"
"7014855",371852,2025-07-25 19:01:27,43.3591995239258,-8.84234237670898,"Unknown"
"7014855",371852,2025-07-25 19:06:26,43.3590660095215,-8.8424825668335,"Unknown"
"7014855",371852,2025-07-25 19:11:26,43.3594284057617,-8.84300518035889,"Unknown"
"7014855",371852,2025-07-25 19:16:27,43.3597869873047,-8.84302139282227,"Unknown"
"7014855",371852,2025-07-25 19:21:24,43.3600273132324,-8.84310626983643,"Unknown"
"7014855",371852,2025-07-25 19:26:28,43.3601303100586,-8.84313678741455,"Unknown"
"7014855",371852,2025-07-25 19:31:26,43.3603057861328,-8.8431510925293,"Unknown"
"7014855",371852,2025-07-25 19:36:26,43.3600196838379,-8.84320259094238,"Unknown"
"7014855",371852,2025-07-25 19:41:24,43.360050201416,-8.84289264678955,"Unknown"
"7014855",371852,2025-07-25 19:46:24,43.3601264953613,-8.84300422668457,"Unknown"
"7014855",371852,2025-07-25 19:51:25,43.3602981567383,-8.84259986877441,"Unknown"
"7014855",371852,2025-07-25 19:56:25,43.3601722717285,-8.8429536819458,"Unknown"
"7014855",371852,2025-07-25 20:01:24,43.3601226806641,-8.84282875061035,"Unknown"
"7014855",371852,2025-07-25 20:06:25,43.3601455688477,-8.84284782409668,"Unknown"
"7014855",371852,2025-07-25 20:11:24,43.3601379394531,-8.84278583526611,"Unknown"
"7014855",371852,2025-07-25 20:16:25,43.3602180480957,-8.84287261962891,"Unknown"
"7014855",371852,2025-07-25 20:21:27,43.3602066040039,-8.84298229217529,"Unknown"
"7014855",371852,2025-07-25 20:26:24,43.3604431152344,-8.84314727783203,"Unknown"
"7014855",371852,2025-07-25 20:31:25,43.3603515625,-8.84296607971191,"Unknown"
"7014855",371852,2025-07-25 20:36:24,43.3602676391602,-8.84291458129883,"Unknown"
"7014855",371852,2025-07-25 20:41:25,43.3603210449219,-8.84289073944092,"Unknown"
"7014855",371852,2025-07-25 20:46:24,43.360221862793,-8.84283542633057,"Unknown"
"7014855",371852,2025-07-25 20:51:25,43.3603553771973,-8.8429012298584,"Unknown"
"7014855",371852,2025-07-25 20:56:24,43.3603744506836,-8.8429594039917,"Unknown"
"7014855",371852,2025-07-25 21:01:29,43.3603553771973,-8.84305095672607,"Unknown"
"7014855",371852,2025-07-25 21:06:24,43.3604202270508,-8.84300231933594,"Unknown"
"7014855",371852,2025-07-25 21:11:24,43.3604202270508,-8.84300327301025,"Unknown"
"7014855",371852,2025-07-25 21:16:24,43.3603973388672,-8.84300804138184,"Unknown"
"7014855",371852,2025-07-25 21:21:24,43.3604698181152,-8.84300518035889,"Unknown"
"7014855",371852,2025-07-25 21:26:24,43.3603858947754,-8.84303951263428,"Unknown"
"7014855",371852,2025-07-25 21:31:24,43.3602256774902,-8.84294700622559,"Unknown"
"7014855",371852,2025-07-25 21:36:24,43.3602714538574,-8.84297657012939,"Unknown"
"7014855",371852,2025-07-25 21:41:24,43.360294342041,-8.84306716918945,"Unknown"
"7014855",371852,2025-07-25 21:46:24,43.360279083252,-8.84319305419922,"Unknown"
"7014855",371852,2025-07-25 21:51:24,43.3603668212891,-8.84327602386475,"Unknown"
"7014855",371852,2025-07-25 21:56:24,43.3603630065918,-8.84320259094238,"Unknown"
"7014855",371852,2025-07-25 22:01:25,43.3603439331055,-8.8433723449707,"Unknown"
"7014855",371852,2025-07-25 22:06:24,43.3604469299316,-8.84336853027344,"Unknown"
"7014855",371852,2025-07-25 22:11:24,43.3604354858398,-8.84341335296631,"Unknown"
"7014855",371852,2025-07-25 22:16:25,43.3603477478027,-8.8430118560791,"Unknown"
"7014855",371852,2025-07-25 22:21:25,43.3608818054199,-8.84475898742676,"Unknown"
"7014855",371852,2025-07-25 22:26:27,43.3604431152344,-8.84313011169434,"Unknown"
"7014855",371852,2025-07-25 22:31:28,43.3606452941895,-8.84342098236084,"Unknown"
"7014855",371852,2025-07-25 22:36:24,43.3604507446289,-8.84311485290527,"Unknown"
"7014855",371852,2025-07-25 22:41:24,43.360668182373,-8.84325695037842,"Unknown"
"7014855",371852,2025-07-25 22:46:26,43.3608245849609,-8.84294414520264,"Unknown"
"7014855",371852,2025-07-25 22:51:27,43.3611869812012,-8.84284496307373,"Unknown"
"7014855",371852,2025-07-25 22:56:29,43.3611488342285,-8.8431339263916,"Unknown"
"7014855",371852,2025-07-25 23:01:25,43.3609275817871,-8.84311294555664,"Unknown"
"7014855",371852,2025-07-25 23:06:25,43.3607368469238,-8.84304428100586,"Unknown"
"7014855",371852,2025-07-25 23:11:28,43.3601264953613,-8.84252166748047,"Unknown"
"7014855",371852,2025-07-25 23:16:26,43.3601303100586,-8.84259700775146,"Unknown"
"7014855",371852,2025-07-25 23:21:28,43.3601341247559,-8.84238147735596,"Unknown"
"7014855",371852,2025-07-25 23:26:26,43.3600654602051,-8.84253597259521,"Unknown"
"7014855",371852,2025-07-25 23:31:26,43.3611259460449,-8.84451675415039,"Unknown"
"7014855",371852,2025-07-25 23:36:26,43.3597564697266,-8.84242343902588,"Unknown"
"7014855",371852,2025-07-25 23:41:26,43.3604545593262,-8.8435115814209,"Unknown"
"7014855",371852,2025-07-25 23:46:26,43.3604545593262,-8.84316730499268,"Unknown"
"7014855",371852,2025-07-25 23:51:28,43.3614234924316,-8.84476375579834,"Unknown"
"7014855",371852,2025-07-25 23:56:26,43.3612747192383,-8.84452342987061,"Unknown"
"7014855",371852,2025-07-26 00:01:27,43.3613815307617,-8.84444808959961,"Unknown"
"7014855",371852,2025-07-26 00:06:27,43.3613014221191,-8.84438610076904,"Unknown"
"7014855",371852,2025-07-26 00:11:26,43.3613204956055,-8.8443717956543,"Unknown"
"7014855",371852,2025-07-26 00:16:27,43.3612937927246,-8.8442907333374,"Unknown"
"7014855",371852,2025-07-26 00:21:27,43.3613128662109,-8.84425258636475,"Unknown"
"7014855",371852,2025-07-26 00:26:30,43.3612632751465,-8.84417915344238,"Unknown"
"7014855",371852,2025-07-26 00:31:34,43.3599433898926,-8.84292888641357,"Unknown"
"7014855",371852,2025-07-26 00:36:36,43.3599700927734,-8.8428840637207,"Unknown"
"7014855",371852,2025-07-26 00:41:30,43.3612632751465,-8.84407997131348,"Unknown"
"7014855",371852,2025-07-26 00:46:35,43.3600959777832,-8.84296989440918,"Unknown"
"7014855",371852,2025-07-26 00:51:28,43.3615379333496,-8.84427070617676,"Unknown"
"7014855",371852,2025-07-26 00:56:37,43.3601608276367,-8.84297561645508,"Unknown"
"7014855",371852,2025-07-26 01:01:37,43.3602294921875,-8.84296703338623,"Unknown"
"7014855",371852,2025-07-26 01:06:37,43.3601913452148,-8.84302234649658,"Unknown"
"7014855",371852,2025-07-26 01:11:37,43.3602180480957,-8.84299850463867,"Unknown"
"7014855",371852,2025-07-26 01:16:29,43.3603096008301,-8.84310245513916,"Unknown"
"7014855",371852,2025-07-26 01:21:28,43.360481262207,-8.84323215484619,"Unknown"
"7014855",371852,2025-07-26 01:26:32,43.3603057861328,-8.84309482574463,"Unknown"
"7014855",371852,2025-07-26 01:31:30,43.3598518371582,-8.84265995025635,"Unknown"
"7014855",371852,2025-07-26 01:36:34,43.3602333068848,-8.8429479598999,"Unknown"
"7014855",371852,2025-07-26 01:41:27,43.3596954345703,-8.84251594543457,"Unknown"
"7014855",371852,2025-07-26 01:46:38,43.360221862793,-8.84297180175781,"Unknown"
"7014855",371852,2025-07-26 01:51:37,43.3602294921875,-8.84301280975342,"Unknown"
"7014855",371852,2025-07-26 01:56:37,43.3601760864258,-8.84292030334473,"Unknown"
"7014855",371852,2025-07-26 02:01:31,43.3595962524414,-8.84209823608398,"Unknown"
"7014855",371852,2025-07-26 02:06:29,43.3592834472656,-8.84216785430908,"Unknown"
"7014855",371852,2025-07-26 02:11:37,43.3599853515625,-8.84274864196777,"Unknown"
"7014855",371852,2025-07-26 02:16:37,43.3600425720215,-8.84269428253174,"Unknown"
"7014855",371852,2025-07-26 02:21:37,43.359992980957,-8.8427267074585,"Unknown"
"7014855",371852,2025-07-26 02:26:28,43.3598327636719,-8.84273624420166,"Unknown"
"7014855",371852,2025-07-26 02:31:27,43.3598327636719,-8.84270191192627,"Unknown"
"7014855",371852,2025-07-26 02:36:26,43.3598403930664,-8.84270095825195,"Unknown"
"7014855",371852,2025-07-26 02:41:28,43.3598899841309,-8.84274291992188,"Unknown"
"7014855",371852,2025-07-26 02:46:30,43.3598556518555,-8.84266948699951,"Unknown"
"7014855",371852,2025-07-26 02:51:29,43.3598976135254,-8.84272193908691,"Unknown"
"7014855",371852,2025-07-26 02:56:30,43.3598785400391,-8.84278011322021,"Unknown"
"7014855",371852,2025-07-26 03:01:32,43.3598327636719,-8.84297943115234,"Unknown"
"7014855",371852,2025-07-26 03:06:37,43.3597259521484,-8.8429069519043,"Unknown"
"7014855",371852,2025-07-26 03:11:30,43.3598556518555,-8.84243679046631,"Unknown"
"7014855",371852,2025-07-26 03:16:30,43.3597259521484,-8.84287738800049,"Unknown"
"7014855",371852,2025-07-26 03:21:37,43.3597946166992,-8.84283351898193,"Unknown"
"7014855",371852,2025-07-26 03:26:32,43.3596801757812,-8.8428430557251,"Unknown"
"7014855",371852,2025-07-26 03:31:28,43.3596992492676,-8.84314346313477,"Unknown"
"7014855",371852,2025-07-26 03:36:25,43.3597984313965,-8.84306621551514,"Unknown"
"7014855",371852,2025-07-26 03:41:25,43.3597946166992,-8.84308528900146,"Unknown"
"7014855",371852,2025-07-26 03:46:26,43.3593139648438,-8.84340381622314,"Unknown"
"7014855",371852,2025-07-26 03:51:27,43.3596649169922,-8.84322452545166,"Unknown"
"7014855",371852,2025-07-26 03:56:27,43.3596839904785,-8.84322261810303,"Unknown"
"7014855",371852,2025-07-26 04:01:37,43.3596992492676,-8.84321975708008,"Unknown"
"7014855",371852,2025-07-26 04:06:37,43.3597145080566,-8.8431510925293,"Unknown"
"7014855",371852,2025-07-26 04:11:37,43.3601531982422,-8.84330081939697,"Unknown"
"7014855",371852,2025-07-26 04:16:37,43.3602180480957,-8.84325218200684,"Unknown"
"7014855",371852,2025-07-26 04:21:36,43.360279083252,-8.8431978225708,"Unknown"
"7014855",371852,2025-07-26 04:26:39,43.360523223877,-8.84327507019043,"Unknown"
"7014855",371852,2025-07-26 04:32:31,43.3396453857422,-8.8268518447876,"Unknown"
"7014855",371852,2025-07-26 04:36:37,43.3235321044922,-8.8062572479248,"Unknown"
"7014855",371852,2025-07-26 04:41:37,43.3233375549316,-8.80614757537842,"Unknown"
"7014855",371852,2025-07-26 04:46:37,43.3232879638672,-8.80606365203857,"Unknown"
"7014855",371852,2025-07-26 04:51:29,43.3234481811523,-8.80594921112061,"Unknown"
"7014855",371852,2025-07-26 04:56:37,43.3226776123047,-8.80485153198242,"Unknown"
"7014855",371852,2025-07-26 05:01:37,43.3228874206543,-8.80491924285889,"Unknown"
"7014855",371852,2025-07-26 05:06:37,43.3241691589355,-8.80565643310547,"Unknown"
"7014855",371852,2025-07-26 05:11:27,43.3198471069336,-8.80339813232422,"Unknown"
"7014855",371852,2025-07-26 05:16:44,43.303581237793,-8.78507423400879,"Unknown"
"7014855",371852,2025-07-26 05:21:25,43.3013496398926,-8.76349067687988,"Unknown"
"7014855",371852,2025-07-26 05:26:26,43.2927398681641,-8.7456169128418,"Unknown"
"7014855",371852,2025-07-26 05:31:31,43.2906684875488,-8.7408971786499,"Unknown"
"7014855",371852,2025-07-26 05:36:28,43.2930908203125,-8.74577331542969,"Unknown"
"7014855",371852,2025-07-26 05:41:25,43.294807434082,-8.74847316741943,"Unknown"
"7014855",371852,2025-07-26 05:46:44,43.2951126098633,-8.74934101104736,"Unknown"
"7014855",371852,2025-07-26 05:51:31,43.2946166992188,-8.74874496459961,"Unknown"
"7014855",371852,2025-07-26 05:56:26,43.2951927185059,-8.74910259246826,"Unknown"
"7014855",371852,2025-07-26 06:01:46,43.2956466674805,-8.74905872344971,"Unknown"
"7014855",371852,2025-07-26 06:06:38,43.2961158752441,-8.75134754180908,"Unknown"
"7014855",371852,2025-07-26 06:11:30,43.3101501464844,-8.75880336761475,"Unknown"
"7014855",371852,2025-07-26 06:16:35,43.2963752746582,-8.74932193756104,"Unknown"
"7014855",371852,2025-07-26 06:21:32,43.2950096130371,-8.7488842010498,"Unknown"
"7014855",371852,2025-07-26 06:26:37,43.2956237792969,-8.74990177154541,"Unknown"
"7014855",371852,2025-07-26 06:31:30,43.2964706420898,-8.74371242523193,"Unknown"
"7014855",371852,2025-07-26 06:36:28,43.2934532165527,-8.73754501342773,"Unknown"
"7014855",371852,2025-07-26 06:41:30,43.2933464050293,-8.73707008361816,"Unknown"
"7014855",371852,2025-07-26 06:46:44,43.2901153564453,-8.70782566070557,"Unknown"
"7014855",371852,2025-07-26 06:51:37,43.2819442749023,-8.68298816680908,"Unknown"
"7014855",371852,2025-07-26 06:56:26,43.2678756713867,-8.65463352203369,"Unknown"
"7014855",371852,2025-07-26 07:01:26,43.2420959472656,-8.6278772354126,"Unknown"
"7014855",371852,2025-07-26 07:06:26,43.2161750793457,-8.60519027709961,"Unknown"
"7014855",371852,2025-07-26 07:11:25,43.1992111206055,-8.58133506774902,"Unknown"
"7014855",371852,2025-07-26 07:16:26,43.1825370788574,-8.5614652633667,"Unknown"
"7014855",371852,2025-07-26 07:21:26,43.1589431762695,-8.53858089447021,"Unknown"
"7014855",371852,2025-07-26 07:26:27,43.1424369812012,-8.50761413574219,"Unknown"
"7014855",371852,2025-07-26 07:31:44,43.1304817199707,-8.4720344543457,"Unknown"
"7014855",371852,2025-07-26 07:36:29,43.130241394043,-8.47180843353271,"Unknown"
"7014855",371852,2025-07-26 07:41:28,43.1304092407227,-8.47187805175781,"Unknown"
"7014855",371852,2025-07-26 07:46:37,43.1303634643555,-8.47194766998291,"Unknown"
"7014855",371852,2025-07-26 07:51:29,43.130500793457,-8.47194480895996,"Unknown"
"7014855",371852,2025-07-26 07:56:31,43.1307411193848,-8.47226715087891,"Unknown"
"7014855",371852,2025-07-26 08:01:38,43.1303787231445,-8.47182369232178,"Unknown"
"7014855",371852,2025-07-26 08:06:43,43.1305351257324,-8.47196388244629,"Unknown"
"7014855",371852,2025-07-26 08:11:32,43.1332473754883,-8.47004795074463,"Unknown"
"7014855",371852,2025-07-26 08:16:44,43.1332740783691,-8.47009754180908,"Unknown"
"7014855",371852,2025-07-26 08:21:25,43.1333160400391,-8.47003364562988,"Unknown"
"7014855",371852,2025-07-26 08:26:25,43.13330078125,-8.47005653381348,"Unknown"
"7014855",371852,2025-07-26 08:31:25,43.1330947875977,-8.46998119354248,"Unknown"
"7014855",371852,2025-07-26 08:36:25,43.1333122253418,-8.47011470794678,"Unknown"
"7014855",371852,2025-07-26 08:41:25,43.1334190368652,-8.47012615203857,"Unknown"
"7014855",371852,2025-07-26 08:48:49,43.1333274841309,-8.46984672546387,"Unknown"
"7014855",371852,2025-07-26 08:58:34,43.1333198547363,-8.4702091217041,"Unknown"
"7014855",371852,2025-07-26 09:03:32,43.1334495544434,-8.47020530700684,"Unknown"
"7014855",371852,2025-07-26 09:08:44,43.1332969665527,-8.47018146514893,"Unknown"
"7014855",371852,2025-07-26 09:09:49,43.1332626342773,-8.47020244598389,"Unknown"
"7014855",371852,2025-07-26 09:18:42,43.133228302002,-8.47013664245605,"Unknown"
"7014855",371852,2025-07-26 09:19:42,43.1330757141113,-8.47021675109863,"Unknown"
"7014855",371852,2025-07-26 09:24:39,43.1332473754883,-8.47011089324951,"Unknown"
"7014855",371852,2025-07-26 09:32:48,43.1333656311035,-8.47008037567139,"Unknown"
"7014855",371852,2025-07-26 09:36:25,43.1332206726074,-8.47027206420898,"Unknown"
"7014855",371852,2025-07-26 09:42:01,43.1332359313965,-8.47024154663086,"Unknown"
"7014855",371852,2025-07-26 09:46:40,43.1331825256348,-8.47024726867676,"Unknown"
"7014855",371852,2025-07-26 09:52:02,43.1332817077637,-8.47015380859375,"Unknown"
"7014855",371852,2025-07-26 09:56:45,43.133373260498,-8.46999740600586,"Unknown"
"7014855",371852,2025-07-26 10:01:47,43.1331214904785,-8.47030925750732,"Unknown"
"7014855",371852,2025-07-26 10:06:44,43.1333465576172,-8.46994876861572,"Unknown"
"7014855",371852,2025-07-26 10:11:42,43.1335029602051,-8.46999835968018,"Unknown"
"7014855",371852,2025-07-26 10:16:42,43.1334114074707,-8.47009181976318,"Unknown"
"7014855",371852,2025-07-26 10:21:42,43.1332550048828,-8.47018718719482,"Unknown"
"7014855",371852,2025-07-26 10:26:42,43.1333503723145,-8.470139503479,"Unknown"
"7014855",371852,2025-07-26 10:31:41,43.1333503723145,-8.47012996673584,"Unknown"
"7014855",371852,2025-07-26 10:36:42,43.1304969787598,-8.47200584411621,"Unknown"
"7014855",371852,2025-07-26 10:41:41,43.1304512023926,-8.47192668914795,"Unknown"
"7014855",371852,2025-07-26 10:46:43,43.1304664611816,-8.47194862365723,"Unknown"
"7014855",371852,2025-07-26 10:51:43,43.1310501098633,-8.47173404693604,"Unknown"
"7014855",371852,2025-07-26 10:56:53,43.1307067871094,-8.47185230255127,"Unknown"
"7014855",371852,2025-07-26 11:01:43,43.1307678222656,-8.47182273864746,"Unknown"
"7014855",371852,2025-07-26 11:06:41,43.1307067871094,-8.47187423706055,"Unknown"
"7014855",371852,2025-07-26 11:11:43,43.1306190490723,-8.47180652618408,"Unknown"
"7014855",371852,2025-07-26 11:16:42,43.1306915283203,-8.47186279296875,"Unknown"
"7014855",371852,2025-07-26 11:21:46,43.1306114196777,-8.47185707092285,"Unknown"
"7014855",371852,2025-07-26 11:26:45,43.1329307556152,-8.4700345993042,"Unknown"
"7014855",371852,2025-07-26 11:31:57,43.1323661804199,-8.47023296356201,"Unknown"
"7014855",371852,2025-07-26 11:36:48,43.1309623718262,-8.4703254699707,"Unknown"
"7014855",371852,2025-07-26 11:41:55,43.1322174072266,-8.46995544433594,"Unknown"
"7014855",371852,2025-07-26 11:46:47,43.132251739502,-8.47024726867676,"Unknown"
"7014855",371852,2025-07-26 11:52:15,43.1327934265137,-8.47001075744629,"Unknown"
"7014855",371852,2025-07-26 11:56:40,43.1326904296875,-8.47013664245605,"Unknown"
"7014855",371852,2025-07-26 12:01:41,43.1327781677246,-8.47021102905273,"Unknown"
"7014855",371852,2025-07-26 12:06:41,43.1331748962402,-8.47037124633789,"Unknown"
"7014855",371852,2025-07-26 12:11:41,43.1331367492676,-8.4704065322876,"Unknown"
"7014855",371852,2025-07-26 12:16:44,43.1330413818359,-8.47037124633789,"Unknown"
"7014855",371852,2025-07-26 12:21:46,43.1329803466797,-8.47052955627441,"Unknown"
"7014855",371852,2025-07-26 12:28:53,43.1332588195801,-8.47025299072266,"Unknown"
"7014855",371852,2025-07-26 12:33:52,43.1330528259277,-8.47024536132812,"Unknown"
"7014855",371852,2025-07-26 12:38:55,43.1331520080566,-8.4702091217041,"Unknown"
"7014855",371852,2025-07-26 12:44:00,43.1332778930664,-8.47052001953125,"Unknown"
"7014855",371852,2025-07-26 12:49:02,43.1331062316895,-8.47032451629639,"Unknown"
"7014855",371852,2025-07-26 12:53:39,43.1330986022949,-8.47041797637939,"Unknown"
"7014855",371852,2025-07-26 12:58:33,43.1331100463867,-8.47029685974121,"Unknown"
"7014855",371852,2025-07-26 13:03:36,43.1330146789551,-8.47005367279053,"Unknown"
"7014855",371852,2025-07-26 13:08:38,43.1329650878906,-8.47023487091064,"Unknown"
"7014855",371852,2025-07-26 13:13:34,43.1331481933594,-8.47018623352051,"Unknown"
"7014855",371852,2025-07-26 13:18:33,43.1331253051758,-8.47013473510742,"Unknown"
"7014855",371852,2025-07-26 13:23:38,43.1330718994141,-8.4702844619751,"Unknown"
"7014855",371852,2025-07-26 13:28:36,43.1304321289062,-8.47163200378418,"Unknown"
"7014855",371852,2025-07-26 13:33:38,43.1306953430176,-8.47172355651855,"Unknown"
"7014855",371852,2025-07-26 13:38:38,43.1306991577148,-8.47196006774902,"Unknown"
"7014855",371852,2025-07-26 13:43:36,43.1307144165039,-8.47166919708252,"Unknown"
"7014855",371852,2025-07-26 13:48:33,43.1308174133301,-8.47185802459717,"Unknown"
"7014855",371852,2025-07-26 13:53:39,43.1307716369629,-8.47173118591309,"Unknown"
"7014855",371852,2025-07-26 13:58:38,43.1308517456055,-8.47163200378418,"Unknown"
"7014855",371852,2025-07-26 14:03:36,43.1304931640625,-8.47196483612061,"Unknown"
"7014855",371852,2025-07-26 14:08:36,43.1300506591797,-8.47232341766357,"Unknown"
"7014855",371852,2025-07-26 14:13:38,43.1333999633789,-8.47031021118164,"Unknown"
"7014855",371852,2025-07-26 14:18:38,43.1332092285156,-8.47008037567139,"Unknown"
"7014855",371852,2025-07-26 14:23:40,43.1332092285156,-8.47066879272461,"Unknown"
"7014855",371852,2025-07-26 14:28:34,43.1333503723145,-8.47006607055664,"Unknown"
"7014855",371852,2025-07-26 14:33:35,43.1332092285156,-8.46987247467041,"Unknown"
"7014855",371852,2025-07-26 14:38:39,43.1333961486816,-8.46998500823975,"Unknown"
"7014855",371852,2025-07-26 14:43:40,43.1334075927734,-8.47000217437744,"Unknown"
"7014855",371852,2025-07-26 14:48:39,43.1332702636719,-8.4700984954834,"Unknown"
"7014855",371852,2025-07-26 14:53:39,43.1332931518555,-8.46988677978516,"Unknown"
"7014855",371852,2025-07-26 14:58:39,43.1333847045898,-8.4696626663208,"Unknown"
"7014855",371852,2025-07-26 15:03:42,43.1332473754883,-8.46976470947266,"Unknown"
"7014855",371852,2025-07-26 15:08:42,43.1381416320801,-8.46964073181152,"Unknown"
"7014855",371852,2025-07-26 15:13:42,43.1421165466309,-8.485915184021,"Unknown"
"7014855",371852,2025-07-26 15:18:39,43.1482772827148,-8.51108741760254,"Unknown"
"7014855",371852,2025-07-26 15:23:39,43.1538124084473,-8.52618503570557,"Unknown"
"7014855",371852,2025-07-26 15:28:39,43.1706123352051,-8.54601097106934,"Unknown"
"7014855",371852,2025-07-26 15:33:42,43.1837844848633,-8.56572723388672,"Unknown"
"7014855",371852,2025-07-26 15:38:44,43.1990928649902,-8.59135150909424,"Unknown"
"7014855",371852,2025-07-26 15:43:36,43.2159423828125,-8.61841487884521,"Unknown"
"7014855",371852,2025-07-26 15:48:39,43.2337341308594,-8.64064502716064,"Unknown"
"7014855",371852,2025-07-26 15:53:39,43.2557487487793,-8.65461826324463,"Unknown"
"7014855",371852,2025-07-26 15:58:43,43.2772331237793,-8.67074203491211,"Unknown"
"7014855",371852,2025-07-26 16:03:40,43.2880706787109,-8.71036338806152,"Unknown"
"7014855",371852,2025-07-26 16:08:36,43.2952651977539,-8.75161457061768,"Unknown"
"7014855",371852,2025-07-26 16:13:36,43.3068084716797,-8.78976535797119,"Unknown"
"7014855",371852,2025-07-26 16:18:37,43.3248672485352,-8.8187837600708,"Unknown"
"7014855",371852,2025-07-26 16:23:34,43.3433685302734,-8.8379020690918,"Unknown"
"7014855",371852,2025-07-26 16:28:39,43.3603286743164,-8.84367084503174,"Unknown"
"7014855",371852,2025-07-26 16:33:38,43.3602409362793,-8.84373760223389,"Unknown"
"7014855",371852,2025-07-26 16:38:43,43.3603210449219,-8.84373950958252,"Unknown"
"7014855",371852,2025-07-26 16:43:47,43.360408782959,-8.84343910217285,"Unknown"
"7014855",371852,2025-07-26 16:48:39,43.3605079650879,-8.84347629547119,"Unknown"
"7014855",371852,2025-07-26 16:53:39,43.3605422973633,-8.84339332580566,"Unknown"
"7014855",371852,2025-07-26 16:58:42,43.360424041748,-8.84345054626465,"Unknown"
"7014855",371852,2025-07-26 17:03:39,43.360424041748,-8.84418392181396,"Unknown"
"7014855",371852,2025-07-26 17:08:40,43.3602981567383,-8.84357452392578,"Unknown"
"7014855",371852,2025-07-26 17:13:42,43.3603477478027,-8.8435001373291,"Unknown"
"7014855",371852,2025-07-26 17:18:42,43.3604049682617,-8.84341144561768,"Unknown"
"7014855",371852,2025-07-26 17:23:42,43.3601913452148,-8.84358978271484,"Unknown"
"7014855",371852,2025-07-26 17:28:39,43.3602981567383,-8.84350204467773,"Unknown"
"7014855",371852,2025-07-26 17:33:44,43.3602828979492,-8.84365749359131,"Unknown"
"7014855",371852,2025-07-26 17:38:42,43.360107421875,-8.84369945526123,"Unknown"
"7014855",371852,2025-07-26 17:43:39,43.3602447509766,-8.84368705749512,"Unknown"
"7014855",371852,2025-07-26 17:48:44,43.3601226806641,-8.84373950958252,"Unknown"
"7014855",371852,2025-07-26 17:53:42,43.3601036071777,-8.84344959259033,"Unknown"
"7014855",371852,2025-07-26 17:58:38,43.3601989746094,-8.84365177154541,"Unknown"
"7014855",371852,2025-07-26 18:03:38,43.3601760864258,-8.84369087219238,"Unknown"
"7014855",371852,2025-07-26 18:08:38,43.3600845336914,-8.84368228912354,"Unknown"
"7014855",371852,2025-07-26 18:13:38,43.360179901123,-8.84356307983398,"Unknown"
"7014855",371852,2025-07-26 18:18:44,43.3602180480957,-8.84332752227783,"Unknown"
"7014855",371852,2025-07-26 18:23:38,43.3602752685547,-8.84342575073242,"Unknown"
"7014855",371852,2025-07-26 18:28:38,43.3604011535645,-8.84332370758057,"Unknown"
"7014855",371852,2025-07-26 18:33:40,43.3603553771973,-8.84336471557617,"Unknown"
"7014855",371852,2025-07-26 18:38:40,43.3603248596191,-8.84340667724609,"Unknown"
"7014855",371852,2025-07-26 18:43:39,43.3603324890137,-8.84360599517822,"Unknown"
"7014855",371852,2025-07-26 18:49:35,43.360912322998,-8.84549808502197,"Unknown"
"7014855",371852,2025-07-26 18:53:34,43.3370246887207,-8.86403274536133,"Unknown"
"7014855",371852,2025-07-26 18:58:36,43.3174514770508,-8.85977077484131,"Unknown"
"7014855",371852,2025-07-26 19:03:39,43.3174133300781,-8.86013031005859,"Unknown"
"7014855",371852,2025-07-26 19:08:34,43.3139801025391,-8.85669422149658,"Unknown"
"7014855",371852,2025-07-26 19:13:39,43.3194046020508,-8.85031795501709,"Unknown"
"7014855",371852,2025-07-26 19:18:35,43.3413124084473,-8.84537124633789,"Unknown"
"7014855",371852,2025-07-26 19:23:34,43.3502235412598,-8.84294033050537,"Unknown"
"7014855",371852,2025-07-26 19:28:34,43.3599662780762,-8.84321689605713,"Unknown"
"7014855",371852,2025-07-26 19:33:34,43.3599243164062,-8.84312725067139,"Unknown"
"7014855",371852,2025-07-26 19:38:34,43.3599853515625,-8.84316349029541,"Unknown"
"7014855",371852,2025-07-26 19:43:36,43.3600234985352,-8.84326457977295,"Unknown"
"7014855",371852,2025-07-26 19:48:36,43.3599853515625,-8.84314823150635,"Unknown"
"7014855",371852,2025-07-26 19:53:34,43.3600273132324,-8.84322166442871,"Unknown"
"7014855",371852,2025-07-26 19:58:34,43.3600196838379,-8.84304141998291,"Unknown"
"7014855",371852,2025-07-26 20:03:35,43.3601188659668,-8.8432674407959,"Unknown"
"7014855",371852,2025-07-26 20:08:36,43.3599700927734,-8.84322261810303,"Unknown"
"7014855",371852,2025-07-26 20:13:34,43.3607330322266,-8.8423023223877,"Unknown"
"7014855",371852,2025-07-26 20:18:37,43.3598670959473,-8.84323692321777,"Unknown"
"7014855",371852,2025-07-26 20:23:36,43.3600578308105,-8.84327697753906,"Unknown"
"7014855",371852,2025-07-26 20:28:34,43.359992980957,-8.84324550628662,"Unknown"
"7014855",371852,2025-07-26 20:33:36,43.3599052429199,-8.84318733215332,"Unknown"
"7014855",371852,2025-07-26 20:38:39,43.3600158691406,-8.84312057495117,"Unknown"
"7014855",371852,2025-07-26 20:43:36,43.3600730895996,-8.84309005737305,"Unknown"
"7014855",371852,2025-07-26 20:48:36,43.3599967956543,-8.84283542633057,"Unknown"
"7014855",371852,2025-07-26 20:53:36,43.3598976135254,-8.84290885925293,"Unknown"
"7014855",371852,2025-07-26 20:58:34,43.3600845336914,-8.84312915802002,"Unknown"
"7014855",371852,2025-07-26 21:03:34,43.3600158691406,-8.84285449981689,"Unknown"
"7014855",371852,2025-07-26 21:08:34,43.3600769042969,-8.84284782409668,"Unknown"
"7014855",371852,2025-07-26 21:13:36,43.3599624633789,-8.84287548065186,"Unknown"
"7014855",371852,2025-07-26 21:18:38,43.3599662780762,-8.84282493591309,"Unknown"
"7014855",371852,2025-07-26 21:23:37,43.3600425720215,-8.84285926818848,"Unknown"
"7014855",371852,2025-07-26 21:28:39,43.3600540161133,-8.84276390075684,"Unknown"
"7014855",371852,2025-07-26 21:33:37,43.3601036071777,-8.84261131286621,"Unknown"
"7014855",371852,2025-07-26 21:38:39,43.3600769042969,-8.84267616271973,"Unknown"
"7014855",371852,2025-07-26 21:43:39,43.3600540161133,-8.84269714355469,"Unknown"
"7014855",371852,2025-07-26 21:48:39,43.3600273132324,-8.84282302856445,"Unknown"
"7014855",371852,2025-07-26 21:53:37,43.3600540161133,-8.84280300140381,"Unknown"
"7014855",371852,2025-07-26 21:58:39,43.360034942627,-8.84278297424316,"Unknown"
"7014855",371852,2025-07-26 22:03:34,43.3601150512695,-8.84288215637207,"Unknown"
"7014855",371852,2025-07-26 22:08:34,43.3600387573242,-8.8427677154541,"Unknown"
"7014855",371852,2025-07-26 22:13:34,43.360034942627,-8.8428955078125,"Unknown"
"7014855",371852,2025-07-26 22:18:39,43.360050201416,-8.84283065795898,"Unknown"
"7014855",371852,2025-07-26 22:23:39,43.3600692749023,-8.84279727935791,"Unknown"
"7014855",371852,2025-07-26 22:28:37,43.3600807189941,-8.84279823303223,"Unknown"
"7014855",371852,2025-07-26 22:33:37,43.3600540161133,-8.84292507171631,"Unknown"
"7014855",371852,2025-07-26 22:38:37,43.3600273132324,-8.84293746948242,"Unknown"
"7014855",371852,2025-07-26 22:43:38,43.3599967956543,-8.84293270111084,"Unknown"
"7014855",371852,2025-07-26 22:48:38,43.3602256774902,-8.84306621551514,"Unknown"
"7014855",371852,2025-07-26 22:53:39,43.3598480224609,-8.84290313720703,"Unknown"
"7014855",371852,2025-07-26 22:58:36,43.3600273132324,-8.84289169311523,"Unknown"
"7014855",371852,2025-07-26 23:03:39,43.359977722168,-8.84292984008789,"Unknown"
"7014855",371852,2025-07-26 23:08:36,43.3600196838379,-8.84284496307373,"Unknown"
"7014855",371852,2025-07-26 23:13:38,43.359748840332,-8.8428316116333,"Unknown"
"7014855",371852,2025-07-26 23:18:40,43.360034942627,-8.84286212921143,"Unknown"
"7014855",371852,2025-07-26 23:23:34,43.3600540161133,-8.84295177459717,"Unknown"
"7014855",371852,2025-07-26 23:28:34,43.3601303100586,-8.84263229370117,"Unknown"
"7014855",371852,2025-07-26 23:33:34,43.3602638244629,-8.84252834320068,"Unknown"
"7014855",371852,2025-07-26 23:38:36,43.3600997924805,-8.84271812438965,"Unknown"
"7014855",371852,2025-07-26 23:43:36,43.3601379394531,-8.84269618988037,"Unknown"
"7014855",371852,2025-07-26 23:48:39,43.359992980957,-8.84268283843994,"Unknown"
"7014855",371852,2025-07-26 23:53:39,43.3599967956543,-8.84265899658203,"Unknown"
"7014855",371852,2025-07-26 23:58:39,43.359935760498,-8.84261703491211,"Unknown"
"7014855",371852,2025-07-27 00:03:38,43.3600425720215,-8.84267902374268,"Unknown"
"7014855",371852,2025-07-27 00:08:39,43.3600234985352,-8.84274387359619,"Unknown"
"7014855",371852,2025-07-27 00:13:38,43.3599853515625,-8.84276103973389,"Unknown"
"7014855",371852,2025-07-27 00:18:39,43.3598518371582,-8.84290885925293,"Unknown"
"7014855",371852,2025-07-27 00:26:39,43.3598594665527,-8.8425121307373,"Unknown"
"7014855",371852,2025-07-27 00:31:39,43.3598556518555,-8.84257221221924,"Unknown"
"7014855",371852,2025-07-27 00:36:39,43.359806060791,-8.84253978729248,"Unknown"
"7014855",371852,2025-07-27 00:41:42,43.3598480224609,-8.8425874710083,"Unknown"
"7014855",371852,2025-07-27 00:46:39,43.3598403930664,-8.84254741668701,"Unknown"
"7014855",371852,2025-07-27 00:51:41,43.3598785400391,-8.84255886077881,"Unknown"
"7014855",371852,2025-07-27 00:56:44,43.359977722168,-8.84287548065186,"Unknown"
"7014855",371852,2025-07-27 01:01:38,43.3600082397461,-8.84293746948242,"Unknown"
"7014855",371852,2025-07-27 01:06:38,43.3600006103516,-8.84289264678955,"Unknown"
"7014855",371852,2025-07-27 01:11:38,43.3600883483887,-8.84287548065186,"Unknown"
"7014855",371852,2025-07-27 01:16:38,43.3601493835449,-8.84266948699951,"Unknown"
"7014855",371852,2025-07-27 01:21:38,43.3601837158203,-8.84266376495361,"Unknown"
"7014855",371852,2025-07-27 01:26:39,43.3602333068848,-8.84265041351318,"Unknown"
"7014855",371852,2025-07-27 01:31:38,43.3603286743164,-8.84250354766846,"Unknown"
"7014855",371852,2025-07-27 01:36:38,43.3600578308105,-8.84250926971436,"Unknown"
"7014855",371852,2025-07-27 01:41:39,43.3600311279297,-8.84234237670898,"Unknown"
"7014855",371852,2025-07-27 01:46:40,43.3602752685547,-8.83524131774902,"Unknown"
"7014855",371852,2025-07-27 01:51:39,43.3597679138184,-8.843430519104,"Unknown"
"7014855",371852,2025-07-27 01:56:39,43.3597869873047,-8.84297561645508,"Unknown"
"7014855",371852,2025-07-27 02:01:39,43.3597450256348,-8.84337139129639,"Unknown"
"7014855",371852,2025-07-27 02:06:43,43.3599662780762,-8.84232425689697,"Unknown"
"7014855",371852,2025-07-27 02:12:05,43.3599128723145,-8.84300422668457,"Unknown"
"7014855",371852,2025-07-27 02:16:33,43.3601188659668,-8.84297847747803,"Unknown"
"7014855",371852,2025-07-27 02:21:33,43.3599815368652,-8.84309101104736,"Unknown"
"7014855",371852,2025-07-27 02:26:34,43.3601112365723,-8.84292888641357,"Unknown"
"7014855",371852,2025-07-27 02:31:33,43.360107421875,-8.84303283691406,"Unknown"
"7014855",371852,2025-07-27 02:36:34,43.3600234985352,-8.84312057495117,"Unknown"
"7014855",371852,2025-07-27 02:41:35,43.360107421875,-8.84300994873047,"Unknown"
"7014855",371852,2025-07-27 02:46:34,43.3599891662598,-8.84308815002441,"Unknown"
"7014855",371852,2025-07-27 02:51:35,43.3600120544434,-8.84304809570312,"Unknown"
"7014855",371852,2025-07-27 02:56:34,43.3599739074707,-8.84317111968994,"Unknown"
"7014855",371852,2025-07-27 03:01:34,43.3600692749023,-8.84311199188232,"Unknown"
"7014855",371852,2025-07-27 03:06:36,43.3600387573242,-8.8429594039917,"Unknown"
"7014855",371852,2025-07-27 03:11:36,43.3600387573242,-8.84328746795654,"Unknown"
"7014855",371852,2025-07-27 03:16:34,43.3600540161133,-8.84303569793701,"Unknown"
"7014855",371852,2025-07-27 03:21:34,43.3600120544434,-8.84322261810303,"Unknown"
"7014855",371852,2025-07-27 03:26:36,43.360164642334,-8.84311008453369,"Unknown"
"7014855",371852,2025-07-27 03:31:36,43.3600158691406,-8.84320449829102,"Unknown"
"7014855",371852,2025-07-27 03:36:36,43.3600311279297,-8.84322929382324,"Unknown"
"7014855",371852,2025-07-27 03:41:36,43.3600387573242,-8.84314441680908,"Unknown"
"7014855",371852,2025-07-27 03:46:34,43.3600578308105,-8.84311199188232,"Unknown"
"7014855",371852,2025-07-27 03:51:35,43.3600540161133,-8.84315776824951,"Unknown"
"7014855",371852,2025-07-27 03:56:34,43.3601837158203,-8.84323787689209,"Unknown"
"7014855",371852,2025-07-27 04:01:35,43.3600158691406,-8.84315967559814,"Unknown"
"7014855",371852,2025-07-27 04:06:36,43.3600807189941,-8.84310722351074,"Unknown"
"7014855",371852,2025-07-27 04:11:39,43.3600158691406,-8.84316158294678,"Unknown"
"7014855",371852,2025-07-27 04:16:34,43.3600273132324,-8.84304428100586,"Unknown"
"7014855",371852,2025-07-27 04:21:36,43.3600921630859,-8.84309768676758,"Unknown"
"7014855",371852,2025-07-27 04:26:35,43.360221862793,-8.84326171875,"Unknown"
"7014855",371852,2025-07-27 04:31:39,43.360107421875,-8.84311866760254,"Unknown"
"7014855",371852,2025-07-27 04:36:36,43.3637542724609,-8.8325366973877,"Unknown"
"7014855",371852,2025-07-27 04:41:35,43.3785591125488,-8.82499122619629,"Unknown"
"7014855",371852,2025-07-27 04:46:34,43.3999252319336,-8.82781887054443,"Unknown"
"7014855",371852,2025-07-27 04:51:37,43.3779525756836,-8.80709648132324,"Unknown"
"7014855",371852,2025-07-27 04:56:36,43.3542098999023,-8.80189800262451,"Unknown"
"7014855",371852,2025-07-27 05:01:44,43.3365364074707,-8.80628871917725,"Unknown"
"7014855",371852,2025-07-27 05:06:36,43.3228607177734,-8.80506420135498,"Unknown"
"7014855",371852,2025-07-27 05:11:36,43.3226776123047,-8.80534076690674,"Unknown"
"7014855",371852,2025-07-27 05:16:36,43.3227653503418,-8.80519962310791,"Unknown"
"7014855",371852,2025-07-27 05:21:37,43.3223304748535,-8.80439567565918,"Unknown"
"7014855",371852,2025-07-27 05:26:37,43.3234481811523,-8.80630970001221,"Unknown"
"7014855",371852,2025-07-27 05:31:38,43.3235130310059,-8.80591869354248,"Unknown"
"7014855",371852,2025-07-27 05:36:38,43.3236465454102,-8.80597686767578,"Unknown"
"7014855",371852,2025-07-27 05:41:36,43.3235397338867,-8.80627918243408,"Unknown"
"7014855",371852,2025-07-27 05:47:05,43.3235778808594,-8.80636882781982,"Unknown"
"7014855",371852,2025-07-27 05:51:37,43.3235282897949,-8.80647373199463,"Unknown"
"7014855",371852,2025-07-27 05:56:42,43.3235702514648,-8.80655670166016,"Unknown"
"7014855",371852,2025-07-27 06:01:36,43.3236808776855,-8.80661773681641,"Unknown"
"7014855",371852,2025-07-27 06:06:35,43.3236122131348,-8.80645656585693,"Unknown"
"7014855",371852,2025-07-27 06:11:35,43.3235168457031,-8.8064022064209,"Unknown"
"7014855",371852,2025-07-27 06:16:35,43.3234786987305,-8.80641937255859,"Unknown"
"7014855",371852,2025-07-27 06:21:35,43.3236236572266,-8.80641937255859,"Unknown"
"7014855",371852,2025-07-27 06:26:35,43.3236274719238,-8.80640983581543,"Unknown"
"7014855",371852,2025-07-27 06:31:33,43.3230514526367,-8.80617809295654,"Unknown"
"7014855",371852,2025-07-27 06:36:35,43.3229637145996,-8.80618858337402,"Unknown"
"7014855",371852,2025-07-27 06:41:35,43.3229331970215,-8.80609130859375,"Unknown"
"7014855",371852,2025-07-27 06:46:35,43.3228530883789,-8.806077003479,"Unknown"
"7014855",371852,2025-07-27 06:51:35,43.3228912353516,-8.80606460571289,"Unknown"
"7014855",371852,2025-07-27 06:56:36,43.3228340148926,-8.80607128143311,"Unknown"
"7014855",371852,2025-07-27 07:02:05,43.3229103088379,-8.80598735809326,"Unknown"
"7014855",371852,2025-07-27 07:06:35,43.3228492736816,-8.80598545074463,"Unknown"
"7014855",371852,2025-07-27 07:11:37,43.3227424621582,-8.80602169036865,"Unknown"
"7014855",371852,2025-07-27 07:16:38,43.3229331970215,-8.80594158172607,"Unknown"
"7014855",371852,2025-07-27 07:21:35,43.3226623535156,-8.80596733093262,"Unknown"
"7014855",371852,2025-07-27 07:26:36,43.3228187561035,-8.80598831176758,"Unknown"
"7014855",371852,2025-07-27 07:31:34,43.322826385498,-8.80598735809326,"Unknown"
"7014855",371852,2025-07-27 07:36:36,43.3230743408203,-8.80607128143311,"Unknown"
"7014855",371852,2025-07-27 07:41:35,43.3229331970215,-8.80615520477295,"Unknown"
"7014855",371852,2025-07-27 07:46:35,43.3229522705078,-8.80615615844727,"Unknown"
"7014855",371852,2025-07-27 07:51:35,43.322925567627,-8.80613327026367,"Unknown"
"7014855",371852,2025-07-27 07:56:36,43.3236236572266,-8.80790615081787,"Unknown"
"7014855",371852,2025-07-27 08:01:35,43.3108825683594,-8.79435634613037,"Unknown"
"7014855",371852,2025-07-27 08:06:36,43.3049468994141,-8.78740978240967,"Unknown"
"7014855",371852,2025-07-27 08:11:35,43.3067474365234,-8.77160263061523,"Unknown"
"7014855",371852,2025-07-27 08:16:36,43.2996826171875,-8.76827144622803,"Unknown"
"7014855",371852,2025-07-27 08:21:36,43.2963104248047,-8.75091075897217,"Unknown"
"7014855",371852,2025-07-27 08:26:37,43.2933349609375,-8.74581813812256,"Unknown"
"7014855",371852,2025-07-27 08:31:35,43.2932891845703,-8.7459545135498,"Unknown"
"7014855",371852,2025-07-27 08:36:36,43.2932167053223,-8.74580192565918,"Unknown"
"7014855",371852,2025-07-27 08:41:35,43.3007926940918,-8.77262306213379,"Unknown"
"7014855",371852,2025-07-27 08:46:38,43.3032531738281,-8.77959537506104,"Unknown"
"7014855",371852,2025-07-27 08:51:35,43.3032875061035,-8.77958965301514,"Unknown"
"7014855",371852,2025-07-27 08:56:38,43.3033142089844,-8.77949333190918,"Unknown"
"7014855",371852,2025-07-27 09:01:36,43.3040657043457,-8.78013706207275,"Unknown"
"7014855",371852,2025-07-27 09:06:35,43.304012298584,-8.78013801574707,"Unknown"
"7014855",371852,2025-07-27 09:11:35,43.3042373657227,-8.7801456451416,"Unknown"
"7014855",371852,2025-07-27 09:16:40,43.3041076660156,-8.78012752532959,"Unknown"
"7014855",371852,2025-07-27 09:21:36,43.3039588928223,-8.77990245819092,"Unknown"
"7014855",371852,2025-07-27 09:26:43,43.3040542602539,-8.7801513671875,"Unknown"
"7014855",371852,2025-07-27 09:31:37,43.3057136535645,-8.77909851074219,"Unknown"
"7014855",371852,2025-07-27 09:36:34,43.3176116943359,-8.79615879058838,"Unknown"
"7014855",371852,2025-07-27 09:41:40,43.3229560852051,-8.80198383331299,"Unknown"
"7014855",371852,2025-07-27 09:47:05,43.3178329467773,-8.8037633895874,"Unknown"
"7014855",371852,2025-07-27 09:51:35,43.3173751831055,-8.80395984649658,"Unknown"
"7014855",371852,2025-07-27 09:56:35,43.3174476623535,-8.80377388000488,"Unknown"
"7014855",371852,2025-07-27 10:01:35,43.3173027038574,-8.80387210845947,"Unknown"
"7014855",371852,2025-07-27 10:06:35,43.317268371582,-8.80391597747803,"Unknown"
"7014855",371852,2025-07-27 10:11:35,43.3174438476562,-8.80383968353271,"Unknown"
"7014855",371852,2025-07-27 10:16:35,43.317211151123,-8.80383682250977,"Unknown"
"7014855",371852,2025-07-27 10:21:34,43.3173294067383,-8.80365371704102,"Unknown"
"7014855",371852,2025-07-27 10:27:13,43.3173027038574,-8.8039379119873,"Unknown"
"7014855",371852,2025-07-27 10:31:36,43.3172836303711,-8.80404663085938,"Unknown"
"7014855",371852,2025-07-27 10:36:42,43.3171119689941,-8.80399513244629,"Unknown"
"7014855",371852,2025-07-27 10:41:48,43.3170051574707,-8.80394840240479,"Unknown"
"7014855",371852,2025-07-27 10:47:15,43.317195892334,-8.80394458770752,"Unknown"
"7014855",371852,2025-07-27 10:52:58,43.3171768188477,-8.80393123626709,"Unknown"
"7014855",371852,2025-07-27 10:57:22,43.3172302246094,-8.80391788482666,"Unknown"
"7014855",371852,2025-07-27 11:01:37,43.3174057006836,-8.80399513244629,"Unknown"
"7014855",371852,2025-07-27 11:06:35,43.3173217773438,-8.80403327941895,"Unknown"
"7014855",371852,2025-07-27 11:11:36,43.3172416687012,-8.80422687530518,"Unknown"
"7014855",371852,2025-07-27 11:16:36,43.3175773620605,-8.80392742156982,"Unknown"
"7014855",371852,2025-07-27 11:21:35,43.3173675537109,-8.8042573928833,"Unknown"
"7014855",371852,2025-07-27 11:26:35,43.3175048828125,-8.80406856536865,"Unknown"
"7014855",371852,2025-07-27 11:31:36,43.3174743652344,-8.80403423309326,"Unknown"
"7014855",371852,2025-07-27 11:36:37,43.317268371582,-8.80438613891602,"Unknown"
"7014855",371852,2025-07-27 11:41:38,43.3176345825195,-8.80378818511963,"Unknown"
"7014855",371852,2025-07-27 11:46:36,43.3174247741699,-8.80388736724854,"Unknown"
"7014855",371852,2025-07-27 11:51:37,43.3173484802246,-8.80384540557861,"Unknown"
"7014855",371852,2025-07-27 11:56:35,43.3171195983887,-8.80360126495361,"Unknown"
"7014855",371852,2025-07-27 12:01:35,43.317325592041,-8.80403614044189,"Unknown"
"7014855",371852,2025-07-27 12:06:38,43.3170700073242,-8.80402755737305,"Unknown"
"7014855",371852,2025-07-27 12:11:36,43.3173484802246,-8.80397891998291,"Unknown"
"7014855",371852,2025-07-27 12:16:36,43.3170700073242,-8.8038387298584,"Unknown"
"7014855",371852,2025-07-27 12:21:36,43.3172912597656,-8.80397987365723,"Unknown"
"7014855",371852,2025-07-27 12:37:28,43.3175506591797,-8.80399990081787,"Unknown"
"7014855",371852,2025-07-27 12:42:28,43.3175659179688,-8.80378532409668,"Unknown"
"7014855",371852,2025-07-27 12:47:26,43.3179359436035,-8.80277633666992,"Unknown"
"7014855",371852,2025-07-27 12:52:44,43.3175621032715,-8.80392646789551,"Unknown"
"7014855",371852,2025-07-27 12:57:35,43.3176383972168,-8.80380821228027,"Unknown"
"7014855",371852,2025-07-27 13:02:30,43.317569732666,-8.80450344085693,"Unknown"
"7014855",371852,2025-07-27 13:07:26,43.3171272277832,-8.80426216125488,"Unknown"
"7014855",371852,2025-07-27 13:12:29,43.3164710998535,-8.80441856384277,"Unknown"
"7014855",371852,2025-07-27 13:17:39,43.3162651062012,-8.80375671386719,"Unknown"
"7014855",371852,2025-07-27 13:22:32,43.3161239624023,-8.80383968353271,"Unknown"
"7014855",371852,2025-07-27 13:27:30,43.3175430297852,-8.80397415161133,"Unknown"
"7014855",371852,2025-07-27 13:32:30,43.3175621032715,-8.80405139923096,"Unknown"
"7014855",371852,2025-07-27 13:37:37,43.3176345825195,-8.80395603179932,"Unknown"
"7014855",371852,2025-07-27 13:42:36,43.3176383972168,-8.80394554138184,"Unknown"
"7014855",371852,2025-07-27 13:47:31,43.320972442627,-8.80959606170654,"Unknown"
"7014855",371852,2025-07-27 13:52:28,43.313289642334,-8.82752990722656,"Unknown"
"7014855",371852,2025-07-27 13:57:24,43.2925224304199,-8.82932090759277,"Unknown"
"7014855",371852,2025-07-27 14:02:23,43.2799797058105,-8.8115119934082,"Unknown"
"7014855",371852,2025-07-27 14:08:34,43.2673568725586,-8.78779315948486,"Unknown"
"7014855",371852,2025-07-27 14:12:28,43.2672080993652,-8.78766632080078,"Unknown"
"7014855",371852,2025-07-27 14:17:31,43.2672080993652,-8.7877197265625,"Unknown"
"7014855",371852,2025-07-27 14:22:36,43.2672882080078,-8.78754138946533,"Unknown"
"7014855",371852,2025-07-27 14:27:25,43.2665100097656,-8.78552150726318,"Unknown"
"7014855",371852,2025-07-27 14:32:24,43.2678375244141,-8.783371925354,"Unknown"
"7014855",371852,2025-07-27 14:37:28,43.2673606872559,-8.7877950668335,"Unknown"
"7014855",371852,2025-07-27 14:42:30,43.2673416137695,-8.7873706817627,"Unknown"
"7014855",371852,2025-07-27 14:47:28,43.2675971984863,-8.78808498382568,"Unknown"
"7014855",371852,2025-07-27 14:52:27,43.2673072814941,-8.78749561309814,"Unknown"
"7014855",371852,2025-07-27 14:57:30,43.2670249938965,-8.78649711608887,"Unknown"
"7014855",371852,2025-07-27 15:02:23,43.267391204834,-8.7870454788208,"Unknown"
"7014855",371852,2025-07-27 15:07:24,43.2679634094238,-8.77872467041016,"Unknown"
"7014855",371852,2025-07-27 15:12:22,43.2667083740234,-8.78027057647705,"Unknown"
"7014855",371852,2025-07-27 15:17:25,43.2658500671387,-8.79554176330566,"Unknown"
"7014855",371852,2025-07-27 15:22:23,43.2674369812012,-8.8106861114502,"Unknown"
"7014855",371852,2025-07-27 15:27:24,43.280143737793,-8.81274127960205,"Unknown"
"7014855",371852,2025-07-27 15:32:23,43.2769203186035,-8.83868312835693,"Unknown"
"7014855",371852,2025-07-27 15:37:24,43.2775001525879,-8.85459518432617,"Unknown"
"7014855",371852,2025-07-27 15:42:23,43.2924842834473,-8.86144828796387,"Unknown"
"7014855",371852,2025-07-27 15:47:23,43.3105125427246,-8.85882186889648,"Unknown"
"7014855",371852,2025-07-27 15:52:23,43.3290367126465,-8.8479642868042,"Unknown"
"7014855",371852,2025-07-27 15:57:33,43.3571586608887,-8.84619808197021,"Unknown"
"7014855",371852,2025-07-27 16:02:29,43.3604583740234,-8.84364318847656,"Unknown"
"7014855",371852,2025-07-27 16:07:25,43.3602447509766,-8.84348011016846,"Unknown"
"7014855",371852,2025-07-27 16:12:23,43.3594055175781,-8.84252643585205,"Unknown"
"7014855",371852,2025-07-27 16:17:25,43.3602409362793,-8.843505859375,"Unknown"
"7014855",371852,2025-07-27 16:22:24,43.3603858947754,-8.84337711334229,"Unknown"
"7014855",371852,2025-07-27 16:27:24,43.3605194091797,-8.84357452392578,"Unknown"
"7014855",371852,2025-07-27 16:32:23,43.3606224060059,-8.84332180023193,"Unknown"
"7014855",371852,2025-07-27 16:37:23,43.3606491088867,-8.84331512451172,"Unknown"
"7014855",371852,2025-07-27 16:42:24,43.3606872558594,-8.84330654144287,"Unknown"
"7014855",371852,2025-07-27 16:47:24,43.3606185913086,-8.84336376190186,"Unknown"
"7014855",371852,2025-07-27 16:52:23,43.3584098815918,-8.83794212341309,"Unknown"
"7014855",371852,2025-07-27 16:57:43,43.3592567443848,-8.84446144104004,"Unknown"
"7014855",371852,2025-07-27 17:02:27,43.3598289489746,-8.84371471405029,"Unknown"
"7014855",371852,2025-07-27 17:07:24,43.3596000671387,-8.84391498565674,"Unknown"
"7014855",371852,2025-07-27 17:12:23,43.3600311279297,-8.8436393737793,"Unknown"
"7014855",371852,2025-07-27 17:17:31,43.359733581543,-8.84335994720459,"Unknown"
"7014855",371852,2025-07-27 17:22:25,43.3601722717285,-8.84325122833252,"Unknown"
"7014855",371852,2025-07-27 17:27:28,43.3601570129395,-8.84314823150635,"Unknown"
"7014855",371852,2025-07-27 17:32:28,43.3599853515625,-8.84314346313477,"Unknown"
"7014855",371852,2025-07-27 17:37:24,43.3605651855469,-8.84325695037842,"Unknown"
"7014855",371852,2025-07-27 17:42:28,43.3601913452148,-8.8434591293335,"Unknown"
"7014855",371852,2025-07-27 17:48:46,43.3604888916016,-8.84513378143311,"Unknown"
"7014855",371852,2025-07-27 17:52:23,43.3600883483887,-8.84481239318848,"Unknown"
"7014855",371852,2025-07-27 17:57:24,43.3601455688477,-8.84333229064941,"Unknown"
"7014855",371852,2025-07-27 18:02:26,43.3601493835449,-8.84331798553467,"Unknown"
"7014855",371852,2025-07-27 18:07:28,43.360595703125,-8.84319019317627,"Unknown"
"7014855",371852,2025-07-27 18:12:23,43.3599052429199,-8.84342575073242,"Unknown"
"7014855",371852,2025-07-27 18:17:25,43.359935760498,-8.8432674407959,"Unknown"
"7014855",371852,2025-07-27 18:22:28,43.3597106933594,-8.84345626831055,"Unknown"
"7014855",371852,2025-07-27 18:27:23,43.3603057861328,-8.84322643280029,"Unknown"
"7014855",371852,2025-07-27 18:32:24,43.3598442077637,-8.84358215332031,"Unknown"
"7014855",371852,2025-07-27 18:37:23,43.3595275878906,-8.84350109100342,"Unknown"
"7014855",371852,2025-07-27 18:42:25,43.3607597351074,-8.84353065490723,"Unknown"
"7014855",371852,2025-07-27 18:47:23,43.3595275878906,-8.83984375,"Unknown"
"7014855",371852,2025-07-27 18:52:59,43.3599472045898,-8.84319972991943,"Unknown"
"7014855",371852,2025-07-27 18:57:27,43.3597259521484,-8.84233856201172,"Unknown"
"7014855",371852,2025-07-27 19:02:23,43.3615379333496,-8.84802436828613,"Unknown"
"7014855",371852,2025-07-27 19:07:23,43.3489723205566,-8.84671306610107,"Unknown"
"7014855",371852,2025-07-27 19:12:22,43.3418617248535,-8.84152984619141,"Unknown"
"7014855",371852,2025-07-27 19:17:24,43.3599624633789,-8.84321594238281,"Unknown"
"7014855",371852,2025-07-27 19:22:23,43.3599739074707,-8.84321308135986,"Unknown"
"7014855",371852,2025-07-27 19:27:26,43.3600120544434,-8.84325218200684,"Unknown"
"7014855",371852,2025-07-27 19:32:23,43.3598861694336,-8.84299755096436,"Unknown"
"7014855",371852,2025-07-27 19:37:23,43.3599662780762,-8.84285449981689,"Unknown"
"7014855",371852,2025-07-27 19:42:23,43.3599090576172,-8.84319972991943,"Unknown"
"7014855",371852,2025-07-27 19:47:41,43.3599433898926,-8.84318733215332,"Unknown"
"7014855",371852,2025-07-27 19:52:23,43.3599815368652,-8.84321689605713,"Unknown"
"7014855",371852,2025-07-27 19:57:23,43.3599891662598,-8.84320640563965,"Unknown"
"7014855",371852,2025-07-27 20:02:24,43.3599739074707,-8.84318256378174,"Unknown"
"7014855",371852,2025-07-27 20:07:23,43.359992980957,-8.84305477142334,"Unknown"
"7014855",371852,2025-07-27 20:12:24,43.3600044250488,-8.84328842163086,"Unknown"
"7014855",371852,2025-07-27 20:17:25,43.3600730895996,-8.84302139282227,"Unknown"
"7014855",371852,2025-07-27 20:22:25,43.3601837158203,-8.84317493438721,"Unknown"
"7014855",371852,2025-07-27 20:27:23,43.3601875305176,-8.84299755096436,"Unknown"
"7014855",371852,2025-07-27 20:32:26,43.360179901123,-8.84277248382568,"Unknown"
"7014855",371852,2025-07-27 20:37:23,43.3602066040039,-8.84296989440918,"Unknown"
"7014855",371852,2025-07-27 20:42:23,43.3602561950684,-8.84303092956543,"Unknown"
"7014855",371852,2025-07-27 20:47:24,43.3602409362793,-8.84272575378418,"Unknown"
"7014855",371852,2025-07-27 20:52:23,43.3602142333984,-8.84300518035889,"Unknown"
"7014855",371852,2025-07-27 20:57:25,43.3601989746094,-8.84273338317871,"Unknown"
"7014855",371852,2025-07-27 21:02:24,43.3602104187012,-8.84288311004639,"Unknown"
"7014855",371852,2025-07-27 21:07:24,43.3603706359863,-8.84327697753906,"Unknown"
"7014855",371852,2025-07-27 21:12:23,43.3602600097656,-8.84312438964844,"Unknown"
"7014855",371852,2025-07-27 21:17:24,43.360294342041,-8.84319686889648,"Unknown"
"7014855",371852,2025-07-27 21:22:24,43.3603553771973,-8.84324264526367,"Unknown"
"7014855",371852,2025-07-27 21:27:24,43.3604736328125,-8.84333896636963,"Unknown"
"7014855",371852,2025-07-27 21:32:24,43.3603363037109,-8.84318923950195,"Unknown"
"7014855",371852,2025-07-27 21:37:24,43.3603096008301,-8.84327697753906,"Unknown"
"7014855",371852,2025-07-27 21:42:24,43.3603210449219,-8.84351825714111,"Unknown"
"7014855",371852,2025-07-27 21:47:28,43.3601264953613,-8.84306240081787,"Unknown"
"7014855",371852,2025-07-27 21:52:25,43.3600959777832,-8.84310531616211,"Unknown"
"7014855",371852,2025-07-27 21:57:31,43.3600845336914,-8.84305286407471,"Unknown"
"7014855",371852,2025-07-27 22:02:29,43.3602638244629,-8.84327983856201,"Unknown"
"7014855",371852,2025-07-27 22:07:26,43.3605155944824,-8.84324741363525,"Unknown"
"7014855",371852,2025-07-27 22:12:26,43.3605651855469,-8.84328365325928,"Unknown"
"7014855",371852,2025-07-27 22:17:29,43.3602104187012,-8.84309101104736,"Unknown"
"7014855",371852,2025-07-27 22:22:29,43.3601989746094,-8.84306621551514,"Unknown"
"7014855",371852,2025-07-27 22:27:27,43.3601608276367,-8.84297752380371,"Unknown"
"7014855",371852,2025-07-27 22:32:29,43.3604469299316,-8.84311962127686,"Unknown"
"7014855",371852,2025-07-27 22:37:28,43.3601951599121,-8.84294891357422,"Unknown"
"7014855",371852,2025-07-27 22:42:26,43.3601875305176,-8.84300327301025,"Unknown"
"7014855",371852,2025-07-27 22:47:36,43.3599739074707,-8.84288501739502,"Unknown"
"7014855",371852,2025-07-27 22:52:26,43.3600692749023,-8.8428783416748,"Unknown"
"7014855",371852,2025-07-27 22:57:27,43.35986328125,-8.84285259246826,"Unknown"
"7014855",371852,2025-07-27 23:02:35,43.3600311279297,-8.8428316116333,"Unknown"
"7014855",371852,2025-07-27 23:07:27,43.3598861694336,-8.84280967712402,"Unknown"
"7014855",371852,2025-07-27 23:12:30,43.3592338562012,-8.84332275390625,"Unknown"
"7014855",371852,2025-07-27 23:17:23,43.3595237731934,-8.84294509887695,"Unknown"
"7014855",371852,2025-07-27 23:22:25,43.3597984313965,-8.84308052062988,"Unknown"
"7014855",371852,2025-07-27 23:27:25,43.3599090576172,-8.84304809570312,"Unknown"
"7014855",371852,2025-07-27 23:32:30,43.3600273132324,-8.84304904937744,"Unknown"
"7014855",371852,2025-07-27 23:37:23,43.359748840332,-8.84282684326172,"Unknown"
"7014855",371852,2025-07-27 23:42:23,43.3597183227539,-8.84277153015137,"Unknown"
"7014855",371852,2025-07-27 23:47:26,43.3598442077637,-8.84277820587158,"Unknown"
"7014855",371852,2025-07-27 23:52:36,43.3605537414551,-8.84286308288574,"Unknown"
"7014855",371852,2025-07-27 23:57:36,43.3604965209961,-8.84296703338623,"Unknown"
"7014855",371852,2025-07-28 00:02:35,43.3603210449219,-8.84327125549316,"Unknown"
"7014855",371852,2025-07-28 00:07:33,43.3603172302246,-8.84334182739258,"Unknown"
"7014855",371852,2025-07-28 00:12:37,43.3604774475098,-8.84331703186035,"Unknown"
"7014855",371852,2025-07-28 00:17:37,43.3604507446289,-8.84335231781006,"Unknown"
"7014855",371852,2025-07-28 00:22:36,43.3605651855469,-8.843337059021,"Unknown"
"7014855",371852,2025-07-28 00:27:43,43.3602676391602,-8.84270286560059,"Unknown"
"7014855",371852,2025-07-28 00:32:26,43.3601188659668,-8.84270191192627,"Unknown"
"7014855",371852,2025-07-28 00:37:28,43.3601951599121,-8.84244060516357,"Unknown"
"7014855",371852,2025-07-28 00:42:26,43.3606147766113,-8.84339046478271,"Unknown"
"7014855",371852,2025-07-28 00:47:26,43.3606071472168,-8.84330463409424,"Unknown"
"7014855",371852,2025-07-28 00:52:45,43.3599128723145,-8.84368801116943,"Unknown"
"7014855",371852,2025-07-28 00:57:24,43.3598899841309,-8.84371376037598,"Unknown"
"7014855",371852,2025-07-28 01:02:26,43.3594207763672,-8.84428119659424,"Unknown"
"7014855",371852,2025-07-28 01:07:28,43.3599090576172,-8.84368515014648,"Unknown"
"7014855",371852,2025-07-28 01:12:23,43.3604354858398,-8.84324741363525,"Unknown"
"7014855",371852,2025-07-28 01:17:25,43.3601303100586,-8.843430519104,"Unknown"
"7014855",371852,2025-07-28 01:22:28,43.3602561950684,-8.84354496002197,"Unknown"
"7014855",371852,2025-07-28 01:27:25,43.3602867126465,-8.84353828430176,"Unknown"
"7014855",371852,2025-07-28 01:32:24,43.360237121582,-8.84341430664062,"Unknown"
"7014855",371852,2025-07-28 01:37:27,43.3601951599121,-8.84327793121338,"Unknown"
"7014855",371852,2025-07-28 01:42:23,43.3598022460938,-8.84379959106445,"Unknown"
"7014855",371852,2025-07-28 01:47:27,43.3597564697266,-8.84396648406982,"Unknown"
"7014855",371852,2025-07-28 01:52:41,43.3600769042969,-8.84344387054443,"Unknown"
"7014855",371852,2025-07-28 01:57:23,43.3599243164062,-8.84325885772705,"Unknown"
"7014855",371852,2025-07-28 02:02:26,43.3601837158203,-8.84318351745605,"Unknown"
"7014855",371852,2025-07-28 02:07:24,43.360179901123,-8.84323024749756,"Unknown"
"7014855",371852,2025-07-28 02:12:29,43.3601722717285,-8.84305572509766,"Unknown"
"7014855",371852,2025-07-28 02:17:30,43.3601760864258,-8.84306621551514,"Unknown"
"7014855",371852,2025-07-28 02:22:24,43.3601760864258,-8.84293937683105,"Unknown"
"7014855",371852,2025-07-28 02:27:23,43.3602142333984,-8.84309864044189,"Unknown"
"7014855",371852,2025-07-28 02:32:23,43.3601150512695,-8.84287166595459,"Unknown"
"7014855",371852,2025-07-28 02:37:23,43.3601760864258,-8.84274578094482,"Unknown"
"7014855",371852,2025-07-28 02:42:23,43.3600616455078,-8.84299659729004,"Unknown"
"7014855",371852,2025-07-28 02:47:23,43.3599472045898,-8.84301280975342,"Unknown"
"7014855",371852,2025-07-28 02:52:23,43.3599090576172,-8.84301376342773,"Unknown"
"7014855",371852,2025-07-28 02:57:23,43.3600273132324,-8.84288024902344,"Unknown"
"7014855",371852,2025-07-28 03:02:23,43.3601760864258,-8.84264755249023,"Unknown"
"7014855",371852,2025-07-28 03:07:24,43.3597412109375,-8.84279346466064,"Unknown"
"7014855",371852,2025-07-28 03:12:23,43.359748840332,-8.84271812438965,"Unknown"
"7014855",371852,2025-07-28 03:17:23,43.3597831726074,-8.84275054931641,"Unknown"
"7014855",371852,2025-07-28 03:22:25,43.3597183227539,-8.8426685333252,"Unknown"
"7014855",371852,2025-07-28 03:27:23,43.3597297668457,-8.84267711639404,"Unknown"
"7014855",371852,2025-07-28 03:32:24,43.359561920166,-8.84237575531006,"Unknown"
"7014855",371852,2025-07-28 03:37:25,43.3599739074707,-8.84284782409668,"Unknown"
"7014855",371852,2025-07-28 03:42:24,43.3595771789551,-8.84227275848389,"Unknown"
"7014855",371852,2025-07-28 03:47:24,43.3594589233398,-8.84197616577148,"Unknown"
"7014855",371852,2025-07-28 03:52:24,43.3595733642578,-8.84200477600098,"Unknown"
"7014855",371852,2025-07-28 03:57:23,43.3597869873047,-8.84210872650146,"Unknown"
"7014855",371852,2025-07-28 04:02:24,43.3607597351074,-8.84313201904297,"Unknown"
"7014855",371852,2025-07-28 04:07:25,43.360595703125,-8.84295272827148,"Unknown"
"7014855",371852,2025-07-28 04:12:29,43.3607559204102,-8.84311103820801,"Unknown"
"7014855",371852,2025-07-28 04:17:24,43.3607711791992,-8.84309959411621,"Unknown"
"7014855",371852,2025-07-28 04:22:23,43.3607482910156,-8.84309482574463,"Unknown"
"7014855",371852,2025-07-28 04:27:23,43.3607368469238,-8.84308624267578,"Unknown"
"7014855",371852,2025-07-28 04:32:24,43.3607025146484,-8.84309196472168,"Unknown"
"7014855",371852,2025-07-28 04:37:24,43.3606910705566,-8.84307193756104,"Unknown"
"7014855",371852,2025-07-28 04:42:24,43.3607215881348,-8.84309005737305,"Unknown"
"7014855",371852,2025-07-28 04:47:24,43.3607978820801,-8.84296607971191,"Unknown"
"7014855",371852,2025-07-28 04:52:27,43.3605766296387,-8.84308052062988,"Unknown"
"7014855",371852,2025-07-28 04:57:24,43.3515892028809,-8.8328742980957,"Unknown"
"7014855",371852,2025-07-28 05:02:27,43.3513221740723,-8.83491611480713,"Unknown"
"7014855",371852,2025-07-28 05:07:27,43.3508758544922,-8.83355808258057,"Unknown"
"7014855",371852,2025-07-28 05:12:25,43.3499336242676,-8.82975578308105,"Unknown"
"7014855",371852,2025-07-28 05:17:24,43.3503341674805,-8.83002853393555,"Unknown"
"7014855",371852,2025-07-28 05:22:24,43.3508834838867,-8.82882404327393,"Unknown"
"7014855",371852,2025-07-28 05:27:24,43.356575012207,-8.84171485900879,"Unknown"
"7014855",371852,2025-07-28 05:32:25,43.3610687255859,-8.84764862060547,"Unknown"
"7014855",371852,2025-07-28 05:37:25,43.3603324890137,-8.84292316436768,"Unknown"
"7014855",371852,2025-07-28 05:42:24,43.3604393005371,-8.84313488006592,"Unknown"
"7014855",371852,2025-07-28 05:47:28,43.3600883483887,-8.83687686920166,"Unknown"
"7014855",371852,2025-07-28 05:52:32,43.3330116271973,-8.82367706298828,"Unknown"
"7014855",371852,2025-07-28 05:57:26,43.3152694702148,-8.80083751678467,"Unknown"
"7014855",371852,2025-07-28 06:02:44,43.3055992126465,-8.788405418396,"Unknown"
"7014855",371852,2025-07-28 06:07:36,43.3049354553223,-8.78873062133789,"Unknown"
"7014855",371852,2025-07-28 06:12:30,43.30517578125,-8.788498878479,"Unknown"
"7014855",371852,2025-07-28 06:17:59,43.3054008483887,-8.78835868835449,"Unknown"
"7014855",371852,2025-07-28 06:22:25,43.3055572509766,-8.78823375701904,"Unknown"
"7014855",371852,2025-07-28 06:27:24,43.3052024841309,-8.78669166564941,"Unknown"
"7014855",371852,2025-07-28 06:32:28,43.304801940918,-8.78709125518799,"Unknown"
"7014855",371852,2025-07-28 06:37:30,43.3050956726074,-8.78657913208008,"Unknown"
"7014855",371852,2025-07-28 06:42:23,43.3051338195801,-8.78650188446045,"Unknown"
"7014855",371852,2025-07-28 06:47:24,43.3038864135742,-8.78196811676025,"Unknown"
"7014855",371852,2025-07-28 06:52:27,43.2773971557617,-8.79282474517822,"Unknown"
"7014855",371852,2025-07-28 06:57:24,43.2674026489258,-8.78765487670898,"Unknown"
"7014855",371852,2025-07-28 07:02:30,43.2675857543945,-8.78792190551758,"Unknown"
"7014855",371852,2025-07-28 07:07:26,43.2674751281738,-8.7876091003418,"Unknown"
"7014855",371852,2025-07-28 07:12:50,43.2680168151855,-8.78857707977295,"Unknown"
"7014855",371852,2025-07-28 07:17:27,43.2673530578613,-8.78827476501465,"Unknown"
"7014855",371852,2025-07-28 07:22:24,43.2674255371094,-8.78793239593506,"Unknown"
"7014855",371852,2025-07-28 07:27:24,43.2676696777344,-8.78876876831055,"Unknown"
"7014855",371852,2025-07-28 07:32:30,43.2678565979004,-8.78805351257324,"Unknown"
"7014855",371852,2025-07-28 07:37:23,43.2685737609863,-8.78383445739746,"Unknown"
"7014855",371852,2025-07-28 07:42:24,43.2685813903809,-8.784010887146,"Unknown"
"7014855",371852,2025-07-28 07:47:25,43.2688980102539,-8.78346347808838,"Unknown"
"7014855",371852,2025-07-28 07:52:28,43.2689590454102,-8.78579998016357,"Unknown"
"7014855",371852,2025-07-28 07:57:28,43.2682571411133,-8.7795467376709,"Unknown"
"7014855",371852,2025-07-28 08:02:29,43.265697479248,-8.76928615570068,"Unknown"
"7014855",371852,2025-07-28 08:07:27,43.2657737731934,-8.76898765563965,"Unknown"
"7014855",371852,2025-07-28 08:12:23,43.2769088745117,-8.76083946228027,"Unknown"
"7014855",371852,2025-07-28 08:17:25,43.2929077148438,-8.73620128631592,"Unknown"
"7014855",371852,2025-07-28 08:22:23,43.3021583557129,-8.71107292175293,"Unknown"
"7014855",371852,2025-07-28 08:27:27,43.320873260498,-8.70418548583984,"Unknown"
"7014855",371852,2025-07-28 08:32:27,43.3265914916992,-8.69234085083008,"Unknown"
"7014855",371852,2025-07-28 08:37:28,43.3269729614258,-8.69384384155273,"Unknown"
"7014855",371852,2025-07-28 08:42:23,43.3341674804688,-8.72502136230469,"Unknown"
"7014855",371852,2025-07-28 08:47:28,43.3434257507324,-8.77467823028564,"Unknown"
"7014855",371852,2025-07-28 08:52:23,43.3540306091309,-8.82284927368164,"Unknown"
"7014855",371852,2025-07-28 08:57:24,43.3604583740234,-8.84259796142578,"Unknown"
"7014855",371852,2025-07-28 09:02:24,43.3614730834961,-8.8405876159668,"Unknown"
"7014855",371852,2025-07-28 09:07:27,43.3455390930176,-8.84404754638672,"Unknown"
"7014855",371852,2025-07-28 09:12:30,43.3449516296387,-8.84461498260498,"Unknown"
"7014855",371852,2025-07-28 09:17:23,43.3507499694824,-8.84581851959229,"Unknown"
"7014855",371852,2025-07-28 09:22:23,43.3603057861328,-8.84366512298584,"Unknown"
"7014855",371852,2025-07-28 09:27:24,43.3602561950684,-8.8436336517334,"Unknown"
"7014855",371852,2025-07-28 09:32:24,43.3595123291016,-8.84533596038818,"Unknown"
"7014855",371852,2025-07-28 09:37:25,43.3606948852539,-8.84204483032227,"Unknown"
"7014855",371852,2025-07-28 09:42:23,43.3621253967285,-8.83926582336426,"Unknown"
"7014855",371852,2025-07-28 09:47:23,43.3332862854004,-8.85646820068359,"Unknown"
"7014855",371852,2025-07-28 09:52:23,43.3141021728516,-8.85739231109619,"Unknown"
"7014855",371852,2025-07-28 09:57:24,43.2995986938477,-8.84944438934326,"Unknown"
"7014855",371852,2025-07-28 10:02:23,43.2821884155273,-8.83212661743164,"Unknown"
"7014855",371852,2025-07-28 10:07:23,43.2749786376953,-8.81177520751953,"Unknown"
"7014855",371852,2025-07-28 10:12:24,43.2672729492188,-8.787917137146,"Unknown"
"7014855",371852,2025-07-28 10:17:25,43.2672920227051,-8.78802871704102,"Unknown"
"7014855",371852,2025-07-28 10:22:25,43.2674255371094,-8.78767013549805,"Unknown"
"7014855",371852,2025-07-28 10:27:28,43.2671775817871,-8.78804874420166,"Unknown"
"7014855",371852,2025-07-28 10:32:25,43.2671737670898,-8.78804779052734,"Unknown"
"7014855",371852,2025-07-28 10:37:23,43.2683982849121,-8.78756332397461,"Unknown"
"7014855",371852,2025-07-28 10:42:23,43.2678298950195,-8.7870979309082,"Unknown"
"7014855",371852,2025-07-28 10:47:23,43.2675476074219,-8.78745269775391,"Unknown"
"7014855",371852,2025-07-28 10:52:23,43.266471862793,-8.77598571777344,"Unknown"
"7014855",371852,2025-07-28 10:57:24,43.2677612304688,-8.78864860534668,"Unknown"
"7014855",371852,2025-07-28 11:02:23,43.2645874023438,-8.7689094543457,"Unknown"
"7014855",371852,2025-07-28 11:07:24,43.2564353942871,-8.75409412384033,"Unknown"
"7014855",371852,2025-07-28 11:12:24,43.2413139343262,-8.74757671356201,"Unknown"
"7014855",371852,2025-07-28 11:17:24,43.2360000610352,-8.73715496063232,"Unknown"
"7014855",371852,2025-07-28 11:22:24,43.2277450561523,-8.71582126617432,"Unknown"
"7014855",371852,2025-07-28 11:27:24,43.2103309631348,-8.68495845794678,"Unknown"
"7014855",371852,2025-07-28 11:32:25,43.1998138427734,-8.65542984008789,"Unknown"
"7014855",371852,2025-07-28 11:37:23,43.1906242370605,-8.62577056884766,"Unknown"
"7014855",371852,2025-07-28 11:42:24,43.1888275146484,-8.59379005432129,"Unknown"
"7014855",371852,2025-07-28 11:47:24,43.1822547912598,-8.5608081817627,"Unknown"
"7014855",371852,2025-07-28 11:52:23,43.1603775024414,-8.5389232635498,"Unknown"
"7014855",371852,2025-07-28 11:57:24,43.1473083496094,-8.50602531433105,"Unknown"
"7014855",371852,2025-07-28 12:02:25,43.1308059692383,-8.47182941436768,"Unknown"
"7014855",371852,2025-07-28 12:07:23,43.1309432983398,-8.47180938720703,"Unknown"
"7014855",371852,2025-07-28 12:12:23,43.1305274963379,-8.4721212387085,"Unknown"
"7014855",371852,2025-07-28 12:17:24,43.130428314209,-8.47204875946045,"Unknown"
"7014855",371852,2025-07-28 12:22:30,43.1299285888672,-8.47196960449219,"Unknown"
"7014855",371852,2025-07-28 12:27:31,43.1329727172852,-8.47037887573242,"Unknown"
"7014855",371852,2025-07-28 12:32:30,43.1326599121094,-8.47022438049316,"Unknown"
"7014855",371852,2025-07-28 12:37:59,43.1335945129395,-8.47062206268311,"Unknown"
"7014855",371852,2025-07-28 12:42:22,43.1333808898926,-8.47057819366455,"Unknown"
"7014855",371852,2025-07-28 12:47:23,43.1334571838379,-8.47058868408203,"Unknown"
"7014855",371852,2025-07-28 12:52:23,43.1330528259277,-8.4705696105957,"Unknown"
"7014855",371852,2025-07-28 12:57:23,43.1301879882812,-8.4719705581665,"Unknown"
"7014855",371852,2025-07-28 13:02:23,43.1304779052734,-8.4719934463501,"Unknown"
"7014855",371852,2025-07-28 13:07:25,43.1308403015137,-8.47200489044189,"Unknown"
"7014855",371852,2025-07-28 13:12:30,43.133358001709,-8.4698657989502,"Unknown"
"7014855",371852,2025-07-28 13:17:30,43.1333923339844,-8.46952819824219,"Unknown"
"7014855",371852,2025-07-28 13:22:29,43.1343269348145,-8.47022438049316,"Unknown"
"7014855",371852,2025-07-28 13:27:27,43.1340675354004,-8.47032928466797,"Unknown"
"7014855",371852,2025-07-28 13:32:35,43.1441192626953,-8.47657680511475,"Unknown"
"7014855",371852,2025-07-28 13:37:23,43.1570320129395,-8.50101375579834,"Unknown"
"7014855",371852,2025-07-28 13:42:24,43.1688041687012,-8.5209789276123,"Unknown"
"7014855",371852,2025-07-28 13:47:25,43.1876029968262,-8.53618621826172,"Unknown"
"7014855",371852,2025-07-28 13:52:23,43.1955108642578,-8.55922508239746,"Unknown"
"7014855",371852,2025-07-28 13:57:24,43.2138328552246,-8.5733642578125,"Unknown"
"7014855",371852,2025-07-28 14:02:24,43.2213973999023,-8.6037483215332,"Unknown"
"7014855",371852,2025-07-28 14:07:27,43.2336959838867,-8.62475204467773,"Unknown"
"7014855",371852,2025-07-28 14:12:44,43.2472801208496,-8.62073516845703,"Unknown"
"7014855",371852,2025-07-28 14:17:23,43.2568702697754,-8.63316440582275,"Unknown"
"7014855",371852,2025-07-28 14:22:23,43.2732467651367,-8.64686679840088,"Unknown"
"7014855",371852,2025-07-28 14:27:26,43.2831382751465,-8.68218612670898,"Unknown"
"7014855",371852,2025-07-28 14:32:23,43.2930221557617,-8.72329616546631,"Unknown"
"7014855",371852,2025-07-28 14:37:24,43.299674987793,-8.75957298278809,"Unknown"
"7014855",371852,2025-07-28 14:42:24,43.3106880187988,-8.79718399047852,"Unknown"
"7014855",371852,2025-07-28 14:47:44,43.3285980224609,-8.82345008850098,"Unknown"
"7014855",371852,2025-07-28 14:52:23,43.343318939209,-8.83489227294922,"Unknown"
"7014855",371852,2025-07-28 14:57:29,43.3598861694336,-8.84521293640137,"Unknown"
"7014855",371852,2025-07-28 15:02:25,43.359977722168,-8.84311962127686,"Unknown"
"7014855",371852,2025-07-28 15:07:27,43.3600158691406,-8.84309673309326,"Unknown"
"7014855",371852,2025-07-28 15:17:44,43.3616752624512,-8.84365653991699,"Unknown"
"7014855",371852,2025-07-28 15:22:36,43.3595390319824,-8.84338283538818,"Unknown"
"7014855",371852,2025-07-28 15:27:26,43.3599891662598,-8.84307098388672,"Unknown"
"7014855",371852,2025-07-28 15:32:37,43.3608856201172,-8.84507369995117,"Unknown"
"7014855",371852,2025-07-28 15:37:44,43.3601493835449,-8.84325981140137,"Unknown"
"7014855",371852,2025-07-28 15:42:23,43.360179901123,-8.84296703338623,"Unknown"
"7014855",371852,2025-07-28 15:47:23,43.360237121582,-8.84353923797607,"Unknown"
"7014855",371852,2025-07-28 15:52:26,43.3601417541504,-8.84331703186035,"Unknown"
"7014855",371852,2025-07-28 15:57:24,43.3602828979492,-8.84363651275635,"Unknown"
"7014855",371852,2025-07-28 16:02:28,43.3601150512695,-8.84336757659912,"Unknown"
"7014855",371852,2025-07-28 16:07:24,43.3600196838379,-8.84303855895996,"Unknown"
"7014855",371852,2025-07-28 16:12:26,43.3641967773438,-8.83834838867188,"Unknown"
"7014855",371852,2025-07-28 16:17:24,43.3612251281738,-8.83184719085693,"Unknown"
"7014855",371852,2025-07-28 16:22:36,43.3409881591797,-8.83233737945557,"Unknown"
"7014855",371852,2025-07-28 16:27:36,43.3173484802246,-8.80997371673584,"Unknown"
"7014855",371852,2025-07-28 16:33:23,43.2757911682129,-8.79155921936035,"Unknown"
"7014855",371852,2025-07-28 16:37:31,43.2678413391113,-8.78347015380859,"Unknown"
"7014855",371852,2025-07-28 16:43:14,43.2626876831055,-8.75906467437744,"Unknown"
"7014855",371852,2025-07-28 16:47:24,43.2476692199707,-8.746901512146,"Unknown"
"7014855",371852,2025-07-28 16:52:24,43.2518424987793,-8.74882125854492,"Unknown"
"7014855",371852,2025-07-28 16:57:39,43.2549743652344,-8.75656795501709,"Unknown"
"7014855",371852,2025-07-28 17:02:24,43.2562217712402,-8.75535488128662,"Unknown"
"7014855",371852,2025-07-28 17:07:27,43.2545738220215,-8.75657558441162,"Unknown"
"7014855",371852,2025-07-28 17:12:59,43.2551155090332,-8.75622749328613,"Unknown"
"7014855",371852,2025-07-28 17:17:24,43.255184173584,-8.75615501403809,"Unknown"
"7014855",371852,2025-07-28 17:22:22,43.2591857910156,-8.75723743438721,"Unknown"
"7014855",371852,2025-07-28 17:27:23,43.2684364318848,-8.77800273895264,"Unknown"
"7014855",371852,2025-07-28 17:32:24,43.2691955566406,-8.77692699432373,"Unknown"
"7014855",371852,2025-07-28 17:37:24,43.2848625183105,-8.77042770385742,"Unknown"
"7014855",371852,2025-07-28 17:42:24,43.2982864379883,-8.75897216796875,"Unknown"
"7014855",371852,2025-07-28 17:47:24,43.296085357666,-8.75167560577393,"Unknown"
"7014855",371852,2025-07-28 17:52:24,43.2975044250488,-8.7562837600708,"Unknown"
"7014855",371852,2025-07-28 17:57:24,43.2925186157227,-8.73116302490234,"Unknown"
"7014855",371852,2025-07-28 18:02:24,43.2894058227539,-8.70640563964844,"Unknown"
"7014855",371852,2025-07-28 18:07:24,43.2832565307617,-8.68216419219971,"Unknown"
"7014855",371852,2025-07-28 18:12:23,43.2810592651367,-8.65538787841797,"Unknown"
"7014855",371852,2025-07-28 18:17:24,43.2834053039551,-8.63411331176758,"Unknown"
"7014855",371852,2025-07-28 18:22:24,43.2953872680664,-8.63157844543457,"Unknown"
"7014855",371852,2025-07-28 18:27:26,43.3123245239258,-8.62427234649658,"Unknown"
"7014855",371852,2025-07-28 18:32:27,43.3169059753418,-8.60251235961914,"Unknown"
"7014855",371852,2025-07-28 18:37:27,43.3152923583984,-8.5772180557251,"Unknown"
"7014855",371852,2025-07-28 18:42:37,43.3115692138672,-8.54699611663818,"Unknown"
"7014855",371852,2025-07-28 18:47:36,43.3205642700195,-8.52506065368652,"Unknown"
"7014855",371852,2025-07-28 18:52:38,43.336784362793,-8.51243782043457,"Unknown"
"7014855",371852,2025-07-28 18:57:25,43.3475227355957,-8.50673675537109,"Unknown"
"7014855",371852,2025-07-28 19:02:42,43.3601036071777,-8.49121189117432,"Unknown"
"7014855",371852,2025-07-28 19:07:25,43.3581047058105,-8.46704483032227,"Unknown"
"7014855",371852,2025-07-28 19:12:26,43.3543968200684,-8.45834636688232,"Unknown"
"7014855",371852,2025-07-28 19:17:32,43.3535652160645,-8.45900249481201,"Unknown"
"7014855",371852,2025-07-28 19:22:41,43.3534851074219,-8.45859146118164,"Unknown"
"7014855",371852,2025-07-28 19:37:26,43.3426551818848,-8.45407581329346,"Unknown"
"7014855",371852,2025-07-28 19:42:25,43.344799041748,-8.43882942199707,"Unknown"
"7014855",371852,2025-07-28 19:47:27,43.3567733764648,-8.41582584381104,"Unknown"
"7014855",371852,2025-07-28 19:52:28,43.3595886230469,-8.39944362640381,"Unknown"
"7014855",371852,2025-07-28 19:57:29,43.3628692626953,-8.40462493896484,"Unknown"
"7014855",371852,2025-07-28 20:02:38,43.3594589233398,-8.40087413787842,"Unknown"
"7014855",371852,2025-07-28 20:07:48,43.3598594665527,-8.39761161804199,"Unknown"
"7014855",371852,2025-07-28 20:12:31,43.3597793579102,-8.3975133895874,"Unknown"
"7014855",371852,2025-07-28 20:17:30,43.3595924377441,-8.3974142074585,"Unknown"
"7014855",371852,2025-07-28 20:22:31,43.3599014282227,-8.39735889434814,"Unknown"
"7014855",371852,2025-07-28 20:27:44,43.3598518371582,-8.39757633209229,"Unknown"
"7014855",371852,2025-07-28 20:32:41,43.359806060791,-8.39761257171631,"Unknown"
"7014855",371852,2025-07-28 20:37:33,43.3597602844238,-8.3974609375,"Unknown"
"7014855",371852,2025-07-28 20:42:59,43.3598327636719,-8.39748764038086,"Unknown"
"7014855",371852,2025-07-28 20:47:31,43.3598861694336,-8.39742279052734,"Unknown"
"7014855",371852,2025-07-28 20:52:28,43.3595390319824,-8.3974781036377,"Unknown"
"7014855",371852,2025-07-28 20:57:26,43.3598594665527,-8.39743041992188,"Unknown"
"7014855",371852,2025-07-28 21:02:24,43.3599281311035,-8.40214443206787,"Unknown"
"7014855",371852,2025-07-28 21:07:24,43.3600616455078,-8.40271472930908,"Unknown"
"7014855",371852,2025-07-28 21:12:24,43.3602447509766,-8.40274047851562,"Unknown"
"7014855",371852,2025-07-28 21:17:24,43.3602561950684,-8.40277671813965,"Unknown"
"7014855",371852,2025-07-28 21:22:24,43.3602447509766,-8.40278148651123,"Unknown"
"7014855",371852,2025-07-28 21:27:24,43.3602104187012,-8.40284252166748,"Unknown"
"7014855",371852,2025-07-28 21:32:25,43.3597259521484,-8.40038776397705,"Unknown"
"7014855",371852,2025-07-28 21:37:45,43.359748840332,-8.3974142074585,"Unknown"
"7014855",371852,2025-07-28 21:42:25,43.3597946166992,-8.39741802215576,"Unknown"
"7014855",371852,2025-07-28 21:47:24,43.3598709106445,-8.39748096466064,"Unknown"
"7014855",371852,2025-07-28 21:52:24,43.3599700927734,-8.40252304077148,"Unknown"
"7014855",371852,2025-07-28 21:57:24,43.3591346740723,-8.39964199066162,"Unknown"
"7014855",371852,2025-07-28 22:02:28,43.3599853515625,-8.39732933044434,"Unknown"
"7014855",371852,2025-07-28 22:07:27,43.359733581543,-8.39730453491211,"Unknown"
"7014855",371852,2025-07-28 22:12:27,43.3595924377441,-8.40099239349365,"Unknown"
"7014855",371852,2025-07-28 22:17:59,43.3603744506836,-8.40295791625977,"Unknown"
"7014855",371852,2025-07-28 22:22:24,43.3604583740234,-8.40294742584229,"Unknown"
"7014855",371852,2025-07-28 22:27:24,43.3605194091797,-8.40294933319092,"Unknown"
"7014855",371852,2025-07-28 22:32:23,43.3604278564453,-8.40292358398438,"Unknown"
"7014855",371852,2025-07-28 22:37:24,43.3603935241699,-8.40297698974609,"Unknown"
"7014855",371852,2025-07-28 22:42:25,43.3605079650879,-8.40262317657471,"Unknown"
"7014855",371852,2025-07-28 22:47:26,43.360523223877,-8.40284824371338,"Unknown"
"7014855",371852,2025-07-28 22:52:37,43.3603553771973,-8.4029016494751,"Unknown"
"7014855",371852,2025-07-28 22:57:26,43.3606605529785,-8.40309143066406,"Unknown"
"7014855",371852,2025-07-28 23:02:31,43.3604965209961,-8.40289974212646,"Unknown"
"7014855",371852,2025-07-28 23:07:38,43.3603248596191,-8.40210914611816,"Unknown"
"7014855",371852,2025-07-28 23:12:24,43.3602523803711,-8.40293407440186,"Unknown"
"7014855",371852,2025-07-28 23:17:35,43.3601493835449,-8.40262889862061,"Unknown"
"7014855",371852,2025-07-28 23:22:24,43.3601570129395,-8.4022741317749,"Unknown"
"7014855",371852,2025-07-28 23:27:27,43.3601226806641,-8.40220832824707,"Unknown"
"7014855",371852,2025-07-28 23:32:32,43.3602066040039,-8.4024543762207,"Unknown"
"7014855",371852,2025-07-28 23:37:30,43.3604583740234,-8.40270137786865,"Unknown"
"7014855",371852,2025-07-28 23:42:32,43.3602485656738,-8.40239143371582,"Unknown"
"7014855",371852,2025-07-28 23:47:30,43.3604545593262,-8.40249443054199,"Unknown"
"7014855",371852,2025-07-28 23:52:30,43.3603363037109,-8.40254306793213,"Unknown"
"7014855",371852,2025-07-28 23:57:31,43.3605117797852,-8.40340518951416,"Unknown"
"7014855",371852,2025-07-29 00:02:28,43.3604736328125,-8.40304374694824,"Unknown"
"7014855",371852,2025-07-29 00:07:34,43.3602714538574,-8.40265560150146,"Unknown"
"7014855",371852,2025-07-29 00:12:29,43.3606338500977,-8.40306949615479,"Unknown"
"7014855",371852,2025-07-29 00:17:44,43.3604736328125,-8.40287780761719,"Unknown"
"7014855",371852,2025-07-29 00:22:24,43.359676361084,-8.40018081665039,"Unknown"
"7014855",371852,2025-07-29 00:27:24,43.3596229553223,-8.39916133880615,"Unknown"
"7014855",371852,2025-07-29 00:32:26,43.3603706359863,-8.40275478363037,"Unknown"
"7014855",371852,2025-07-29 00:37:24,43.3604774475098,-8.4028263092041,"Unknown"
"7014855",371852,2025-07-29 00:42:24,43.3603973388672,-8.4028434753418,"Unknown"
"7014855",371852,2025-07-29 00:47:34,43.3598480224609,-8.40075206756592,"Unknown"
"7014855",371852,2025-07-29 00:52:40,43.3594551086426,-8.40161991119385,"Unknown"
"7014855",371852,2025-07-29 00:57:36,43.3597297668457,-8.40180587768555,"Unknown"
"7014855",371852,2025-07-29 01:02:36,43.3597640991211,-8.40185737609863,"Unknown"
"7014855",371852,2025-07-29 01:07:37,43.359977722168,-8.40216732025146,"Unknown"
"7014855",371852,2025-07-29 01:12:37,43.3596229553223,-8.40177249908447,"Unknown"
"7014855",371852,2025-07-29 01:17:39,43.3597259521484,-8.39777088165283,"Unknown"
"7014855",371852,2025-07-29 01:22:37,43.3596496582031,-8.40217781066895,"Unknown"
"7014855",371852,2025-07-29 01:27:39,43.3598747253418,-8.39742660522461,"Unknown"
"7014855",371852,2025-07-29 01:32:41,43.3598709106445,-8.39737415313721,"Unknown"
"7014855",371852,2025-07-29 01:37:28,43.3607788085938,-8.40222072601318,"Unknown"
"7014855",371852,2025-07-29 01:43:44,43.3597526550293,-8.39809894561768,"Unknown"
"7014855",371852,2025-07-29 01:47:26,43.3596076965332,-8.39827728271484,"Unknown"
"7014855",371852,2025-07-29 01:52:25,43.3596611022949,-8.39852333068848,"Unknown"
"7014855",371852,2025-07-29 01:57:40,43.3597679138184,-8.39812564849854,"Unknown"
"7014855",371852,2025-07-29 02:02:24,43.3600044250488,-8.39824104309082,"Unknown"
"7014855",371852,2025-07-29 02:07:34,43.3597068786621,-8.39771556854248,"Unknown"
"7014855",371852,2025-07-29 02:12:29,43.360179901123,-8.39815616607666,"Unknown"
"7014855",371852,2025-07-29 02:17:30,43.3638687133789,-8.4025936126709,"Unknown"
"7014855",371852,2025-07-29 02:22:26,43.3596343994141,-8.39943218231201,"Unknown"
"7014855",371852,2025-07-29 02:27:27,43.3592376708984,-8.39842891693115,"Unknown"
"7014855",371852,2025-07-29 02:32:29,43.3605575561523,-8.40300464630127,"Unknown"
"7014855",371852,2025-07-29 02:37:44,43.3601226806641,-8.40261840820312,"Unknown"
"7014855",371852,2025-07-29 02:42:25,43.3602676391602,-8.40246868133545,"Unknown"
"7014855",371852,2025-07-29 02:47:25,43.3601150512695,-8.402419090271,"Unknown"
"7014855",371852,2025-07-29 02:52:29,43.3601684570312,-8.4026050567627,"Unknown"
"7014855",371852,2025-07-29 02:57:31,43.3602256774902,-8.40260887145996,"Unknown"
"7014855",371852,2025-07-29 03:02:29,43.360408782959,-8.40274524688721,"Unknown"
"7014855",371852,2025-07-29 03:07:32,43.3600997924805,-8.40268230438232,"Unknown"
"7014855",371852,2025-07-29 03:12:44,43.360294342041,-8.40276336669922,"Unknown"
"7014855",371852,2025-07-29 03:17:30,43.3604583740234,-8.40305137634277,"Unknown"
"7014855",371852,2025-07-29 03:22:40,43.3601303100586,-8.402756690979,"Unknown"
"7014855",371852,2025-07-29 03:27:29,43.3604278564453,-8.40253448486328,"Unknown"
"7014855",371852,2025-07-29 03:32:44,43.3602409362793,-8.40272521972656,"Unknown"
"7014855",371852,2025-07-29 03:37:59,43.360279083252,-8.4028491973877,"Unknown"
"7014855",371852,2025-07-29 03:42:26,43.3603477478027,-8.40287017822266,"Unknown"
"7014855",371852,2025-07-29 03:47:25,43.360782623291,-8.40322113037109,"Unknown"
"7014855",371852,2025-07-29 03:52:25,43.3603210449219,-8.4027681350708,"Unknown"
"7014855",371852,2025-07-29 03:57:24,43.3601722717285,-8.4027624130249,"Unknown"
"7014855",371852,2025-07-29 04:02:24,43.3602676391602,-8.40275573730469,"Unknown"
"7014855",371852,2025-07-29 04:07:24,43.3602104187012,-8.40277099609375,"Unknown"
"7014855",371852,2025-07-29 04:12:23,43.360221862793,-8.40280532836914,"Unknown"
"7014855",371852,2025-07-29 04:17:24,43.3601989746094,-8.4027156829834,"Unknown"
"7014855",371852,2025-07-29 04:22:23,43.3601875305176,-8.40272521972656,"Unknown"
"7014855",371852,2025-07-29 04:27:24,43.360237121582,-8.40276622772217,"Unknown"
"7014855",371852,2025-07-29 04:32:23,43.3602256774902,-8.40273475646973,"Unknown"
"7014855",371852,2025-07-29 04:37:24,43.3601608276367,-8.40271759033203,"Unknown"
"7014855",371852,2025-07-29 04:42:24,43.3601760864258,-8.40281105041504,"Unknown"
"7014855",371852,2025-07-29 04:47:23,43.3708724975586,-8.41759586334229,"Unknown"
"7014855",371852,2025-07-29 04:52:25,43.3829765319824,-8.45700263977051,"Unknown"
"7014855",371852,2025-07-29 04:57:24,43.3790702819824,-8.51298332214355,"Unknown"
"7014855",371852,2025-07-29 05:02:23,43.369758605957,-8.56550598144531,"Unknown"
"7014855",371852,2025-07-29 05:07:23,43.3608322143555,-8.62452793121338,"Unknown"
"7014855",371852,2025-07-29 05:12:23,43.3543014526367,-8.68566799163818,"Unknown"
"7014855",371852,2025-07-29 05:17:24,43.3557739257812,-8.74107360839844,"Unknown"
"7014855",371852,2025-07-29 05:22:23,43.3568382263184,-8.79789066314697,"Unknown"
"7014855",371852,2025-07-29 05:27:27,43.3598556518555,-8.84308338165283,"Unknown"
"7014855",371852,2025-07-29 05:32:26,43.359245300293,-8.84269428253174,"Unknown"
"7014855",371852,2025-07-29 05:37:27,43.3600654602051,-8.84319686889648,"Unknown"
"7014855",371852,2025-07-29 05:42:27,43.35986328125,-8.8429479598999,"Unknown"
"7014855",371852,2025-07-29 05:47:26,43.3599853515625,-8.84289836883545,"Unknown"
"7014855",371852,2025-07-29 05:52:37,43.3599739074707,-8.84306812286377,"Unknown"
"7014855",371852,2025-07-29 05:57:24,43.3600578308105,-8.84322738647461,"Unknown"
"7014855",371852,2025-07-29 06:02:25,43.3599662780762,-8.84275531768799,"Unknown"
"7014855",371852,2025-07-29 06:07:25,43.3598861694336,-8.84299564361572,"Unknown"
"7014855",371852,2025-07-29 06:12:24,43.3599510192871,-8.84274959564209,"Unknown"
"7014855",371852,2025-07-29 06:17:32,43.3601684570312,-8.84294319152832,"Unknown"
"7014855",371852,2025-07-29 06:22:34,43.3600158691406,-8.84308052062988,"Unknown"
"7014855",371852,2025-07-29 06:27:28,43.3598213195801,-8.84277725219727,"Unknown"
"7014855",371852,2025-07-29 06:32:37,43.3600845336914,-8.84293270111084,"Unknown"
"7014855",371852,2025-07-29 06:37:59,43.3599128723145,-8.84316253662109,"Unknown"
"7014855",371852,2025-07-29 06:42:26,43.359992980957,-8.8429012298584,"Unknown"
"7014855",371852,2025-07-29 06:47:28,43.3548240661621,-8.83303451538086,"Unknown"
"7014855",371852,2025-07-29 06:52:25,43.3425750732422,-8.83271312713623,"Unknown"
"7014855",371852,2025-07-29 06:57:24,43.3223915100098,-8.81435871124268,"Unknown"
"7014855",371852,2025-07-29 07:02:26,43.3167343139648,-8.80494022369385,"Unknown"
"7014855",371852,2025-07-29 07:07:38,43.3013000488281,-8.77960300445557,"Unknown"
"7014855",371852,2025-07-29 07:12:27,43.3081588745117,-8.78569316864014,"Unknown"
"7014855",371852,2025-07-29 07:17:26,43.312873840332,-8.79979419708252,"Unknown"
"7014855",371852,2025-07-29 07:22:34,43.3237495422363,-8.80736923217773,"Unknown"
"7014855",371852,2025-07-29 07:27:30,43.323600769043,-8.8063907623291,"Unknown"
"7014855",371852,2025-07-29 07:32:37,43.3236351013184,-8.80644512176514,"Unknown"
"7014855",371852,2025-07-29 07:37:39,43.3256034851074,-8.80670261383057,"Unknown"
"7014855",371852,2025-07-29 07:42:36,43.3226280212402,-8.81479358673096,"Unknown"
"7014855",371852,2025-07-29 07:47:40,43.342170715332,-8.83283138275146,"Unknown"
"7014855",371852,2025-07-29 07:52:40,43.358757019043,-8.83197498321533,"Unknown"
"7014855",371852,2025-07-29 07:57:27,43.3600120544434,-8.84310245513916,"Unknown"
"7014855",371852,2025-07-29 08:02:59,43.3599853515625,-8.8431282043457,"Unknown"
"7014855",371852,2025-07-29 08:07:24,43.3599472045898,-8.84334373474121,"Unknown"
"7014855",371852,2025-07-29 08:12:24,43.3599395751953,-8.84348964691162,"Unknown"
"7014855",371852,2025-07-29 08:17:25,43.3599319458008,-8.8435230255127,"Unknown"
"7014855",371852,2025-07-29 08:22:24,43.3599510192871,-8.84336566925049,"Unknown"
"7014855",371852,2025-07-29 08:32:25,43.3599510192871,-8.84345436096191,"Unknown"
"7014855",371852,2025-07-29 08:37:36,43.3599548339844,-8.84322261810303,"Unknown"
"7014855",371852,2025-07-29 08:42:26,43.3600921630859,-8.84284591674805,"Unknown"
"7014855",371852,2025-07-29 08:47:34,43.3637580871582,-8.84427833557129,"Unknown"
"7014855",371852,2025-07-29 08:52:27,43.3633232116699,-8.84457874298096,"Unknown"
"7014855",371852,2025-07-29 08:58:41,43.3608856201172,-8.84174060821533,"Unknown"
"7014855",371852,2025-07-29 09:02:36,43.3600006103516,-8.8431339263916,"Unknown"
"7014855",371852,2025-07-29 09:07:23,43.3600692749023,-8.84300804138184,"Unknown"
"7014855",371852,2025-07-29 09:12:23,43.360034942627,-8.84307098388672,"Unknown"
"7014855",371852,2025-07-29 09:17:24,43.3601379394531,-8.84300422668457,"Unknown"
"7014855",371852,2025-07-29 09:22:24,43.3600959777832,-8.84300708770752,"Unknown"
"7014855",371852,2025-07-29 09:27:25,43.3600463867188,-8.84311866760254,"Unknown"
"7014855",371852,2025-07-29 09:32:24,43.3600959777832,-8.8432445526123,"Unknown"
"7014855",371852,2025-07-29 09:37:26,43.3601722717285,-8.8430700302124,"Unknown"
"7014855",371852,2025-07-29 09:42:27,43.3600463867188,-8.84309577941895,"Unknown"
"7014855",371852,2025-07-29 09:47:30,43.3603057861328,-8.84300899505615,"Unknown"
"7014855",371852,2025-07-29 09:52:25,43.3603096008301,-8.84295845031738,"Unknown"
"7014855",371852,2025-07-29 09:57:33,43.3601531982422,-8.84298133850098,"Unknown"
"7014855",371852,2025-07-29 10:02:29,43.3600883483887,-8.84305381774902,"Unknown"
"7014855",371852,2025-07-29 10:07:44,43.3600463867188,-8.84316444396973,"Unknown"
"7014855",371852,2025-07-29 10:12:24,43.3598937988281,-8.84324741363525,"Unknown"
"7014855",371852,2025-07-29 10:17:27,43.3601036071777,-8.84316349029541,"Unknown"
"7014855",371852,2025-07-29 10:22:28,43.3601379394531,-8.84317970275879,"Unknown"
"7014855",371852,2025-07-29 10:27:41,43.3600387573242,-8.84317684173584,"Unknown"
"7014855",371852,2025-07-29 10:32:27,43.3604354858398,-8.8431568145752,"Unknown"
"7014855",371852,2025-07-29 10:37:43,43.3600959777832,-8.84303283691406,"Unknown"
"7014855",371852,2025-07-29 10:42:26,43.3600273132324,-8.84297657012939,"Unknown"
"7014855",371852,2025-07-29 10:47:27,43.3601608276367,-8.84300804138184,"Unknown"
"7014855",371852,2025-07-29 10:52:27,43.3600654602051,-8.84312438964844,"Unknown"
"7014855",371852,2025-07-29 10:57:26,43.3600006103516,-8.84311866760254,"Unknown"
"7014855",371852,2025-07-29 11:02:26,43.3599853515625,-8.84326839447021,"Unknown"
"7014855",371852,2025-07-29 11:07:25,43.359992980957,-8.84317207336426,"Unknown"
"7014855",371852,2025-07-29 11:12:26,43.360050201416,-8.84312152862549,"Unknown"
"7014855",371852,2025-07-29 11:17:27,43.3600273132324,-8.84341239929199,"Unknown"
"7014855",371852,2025-07-29 11:22:28,43.3599510192871,-8.84315204620361,"Unknown"
"7014855",371852,2025-07-29 11:27:26,43.360034942627,-8.84309673309326,"Unknown"
"7014855",371852,2025-07-29 11:32:59,43.3599472045898,-8.84301567077637,"Unknown"
"7014855",371852,2025-07-29 11:37:23,43.3599662780762,-8.8430700302124,"Unknown"
"7014855",371852,2025-07-29 11:42:26,43.3599433898926,-8.84323215484619,"Unknown"
"7014855",371852,2025-07-29 11:47:28,43.3600769042969,-8.84326934814453,"Unknown"
"7014855",371852,2025-07-29 11:52:25,43.3600234985352,-8.84309864044189,"Unknown"
"7014855",371852,2025-07-29 11:57:25,43.3599433898926,-8.84316444396973,"Unknown"
"7014855",371852,2025-07-29 12:02:36,43.3599281311035,-8.84322166442871,"Unknown"
"7014855",371852,2025-07-29 12:07:36,43.359935760498,-8.84325790405273,"Unknown"
"7014855",371852,2025-07-29 12:12:28,43.3594017028809,-8.84239196777344,"Unknown"
"7014855",371852,2025-07-29 12:17:26,43.3404006958008,-8.83104610443115,"Unknown"
"7014855",371852,2025-07-29 12:22:24,43.319694519043,-8.80658912658691,"Unknown"
"7014855",371852,2025-07-29 12:27:25,43.3013534545898,-8.7800931930542,"Unknown"
"7014855",371852,2025-07-29 12:32:27,43.2992706298828,-8.76201057434082,"Unknown"
"7014855",371852,2025-07-29 12:38:05,43.293270111084,-8.7286376953125,"Unknown"
"7014855",371852,2025-07-29 12:42:25,43.2883415222168,-8.69829177856445,"Unknown"
"7014855",371852,2025-07-29 12:47:24,43.2815551757812,-8.67676448822021,"Unknown"
"7014855",371852,2025-07-29 12:52:24,43.2821884155273,-8.6484375,"Unknown"
"7014855",371852,2025-07-29 12:57:24,43.2955207824707,-8.62976360321045,"Unknown"
"7014855",371852,2025-07-29 13:02:24,43.3121719360352,-8.6246280670166,"Unknown"
"7014855",371852,2025-07-29 13:07:24,43.3180313110352,-8.59731674194336,"Unknown"
"7014855",371852,2025-07-29 13:12:24,43.3130989074707,-8.56749629974365,"Unknown"
"7014855",371852,2025-07-29 13:17:24,43.3150367736816,-8.54098224639893,"Unknown"
"7014855",371852,2025-07-29 13:22:25,43.3230628967285,-8.51973915100098,"Unknown"
"7014855",371852,2025-07-29 13:27:24,43.3302841186523,-8.49927616119385,"Unknown"
"7014855",371852,2025-07-29 13:32:24,43.3435707092285,-8.50286293029785,"Unknown"
"7014855",371852,2025-07-29 13:37:24,43.3527717590332,-8.48412609100342,"Unknown"
"7014855",371852,2025-07-29 13:42:24,43.3596038818359,-8.46114635467529,"Unknown"
"7014855",371852,2025-07-29 13:47:25,43.355037689209,-8.45821571350098,"Unknown"
"7014855",371852,2025-07-29 13:52:24,43.3549499511719,-8.45829486846924,"Unknown"
"7014855",371852,2025-07-29 13:57:24,43.3551025390625,-8.4579906463623,"Unknown"
"7014855",371852,2025-07-29 14:02:26,43.3549003601074,-8.45809459686279,"Unknown"
"7014855",371852,2025-07-29 14:07:36,43.3551788330078,-8.45789337158203,"Unknown"
"7014855",371852,2025-07-29 14:12:37,43.3552207946777,-8.45800495147705,"Unknown"
"7014855",371852,2025-07-29 14:17:29,43.3553810119629,-8.45815467834473,"Unknown"
"7014855",371852,2025-07-29 14:22:38,43.355110168457,-8.45797443389893,"Unknown"
"7014855",371852,2025-07-29 14:27:38,43.3551063537598,-8.45797538757324,"Unknown"
"7014855",371852,2025-07-29 14:32:44,43.3542709350586,-8.45835494995117,"Unknown"
"7014855",371852,2025-07-29 14:37:36,43.3551483154297,-8.45812129974365,"Unknown"
"7014855",371852,2025-07-29 14:42:36,43.3552360534668,-8.45826816558838,"Unknown"
"7014855",371852,2025-07-29 14:47:44,43.3551368713379,-8.45807361602783,"Unknown"
"7014855",371852,2025-07-29 14:52:24,43.3545112609863,-8.45866680145264,"Unknown"
"7014855",371852,2025-07-29 14:57:26,43.3539657592773,-8.45844745635986,"Unknown"
"7014855",371852,2025-07-29 15:02:27,43.3539695739746,-8.45839500427246,"Unknown"
"7014855",371852,2025-07-29 15:07:27,43.3542594909668,-8.45813369750977,"Unknown"
"7014855",371852,2025-07-29 15:12:26,43.3549766540527,-8.45844078063965,"Unknown"
"7014855",371852,2025-07-29 15:17:23,43.3539085388184,-8.45854377746582,"Unknown"
"7014855",371852,2025-07-29 15:22:25,43.3540954589844,-8.4583740234375,"Unknown"
"7014855",371852,2025-07-29 15:27:24,43.3518829345703,-8.44789886474609,"Unknown"
"7014855",371852,2025-07-29 15:32:37,43.3616523742676,-8.41853523254395,"Unknown"
"7014855",371852,2025-07-29 15:37:46,43.3600845336914,-8.3975658416748,"Unknown"
"7014855",371852,2025-07-29 15:42:23,43.3603134155273,-8.39734172821045,"Unknown"
"7014855",371852,2025-07-29 15:48:05,43.360294342041,-8.39888477325439,"Unknown"
"7014855",371852,2025-07-29 15:52:25,43.3603439331055,-8.39748001098633,"Unknown"
"7014855",371852,2025-07-29 15:57:26,43.3602333068848,-8.39751148223877,"Unknown"
"7014855",371852,2025-07-29 16:02:27,43.3602523803711,-8.39752960205078,"Unknown"
"7014855",371852,2025-07-29 16:07:40,43.35986328125,-8.39742851257324,"Unknown"
"7014855",371852,2025-07-29 16:12:36,43.360221862793,-8.39927387237549,"Unknown"
"7014855",371852,2025-07-29 16:17:24,43.347526550293,-8.41924285888672,"Unknown"
"7014855",371852,2025-07-29 16:22:43,43.3389701843262,-8.43047046661377,"Unknown"
"7014855",371852,2025-07-29 16:27:24,43.3392143249512,-8.43036365509033,"Unknown"
"7014855",371852,2025-07-29 16:32:24,43.3421630859375,-8.4245662689209,"Unknown"
"7014855",371852,2025-07-29 16:37:26,43.3566131591797,-8.41483974456787,"Unknown"
"7014855",371852,2025-07-29 16:42:30,43.3584251403809,-8.40080833435059,"Unknown"
"7014855",371852,2025-07-29 16:47:45,43.3591270446777,-8.40045166015625,"Unknown"
"7014855",371852,2025-07-29 16:52:36,43.3592910766602,-8.40020084381104,"Unknown"
"7014855",371852,2025-07-29 16:57:41,43.3591766357422,-8.40004730224609,"Unknown"
"7014855",371852,2025-07-29 17:02:43,43.3591918945312,-8.40053844451904,"Unknown"
"7014855",371852,2025-07-29 17:07:43,43.3590621948242,-8.400559425354,"Unknown"
"7014855",371852,2025-07-29 17:12:24,43.3595771789551,-8.39986991882324,"Unknown"
"7014855",371852,2025-07-29 17:17:24,43.3596229553223,-8.39932346343994,"Unknown"
"7014855",371852,2025-07-29 17:22:37,43.3597831726074,-8.39870452880859,"Unknown"
"7014855",371852,2025-07-29 17:27:47,43.3598823547363,-8.39964008331299,"Unknown"
"7014855",371852,2025-07-29 17:32:36,43.3591957092285,-8.40005874633789,"Unknown"
"7014855",371852,2025-07-29 17:37:38,43.3590278625488,-8.39969158172607,"Unknown"
"7014855",371852,2025-07-29 17:42:36,43.358829498291,-8.40042781829834,"Unknown"
"7014855",371852,2025-07-29 17:47:59,43.3596458435059,-8.40155410766602,"Unknown"
"7014855",371852,2025-07-29 17:52:28,43.3576469421387,-8.39799118041992,"Unknown"
"7014855",371852,2025-07-29 17:57:25,43.3602180480957,-8.4027795791626,"Unknown"
"7014855",371852,2025-07-29 18:03:23,43.3594436645508,-8.40112781524658,"Unknown"
"7014855",371852,2025-07-29 18:07:39,43.3594856262207,-8.40115833282471,"Unknown"
"7014855",371852,2025-07-29 18:12:24,43.3596229553223,-8.40200233459473,"Unknown"
"7014855",371852,2025-07-29 18:17:23,43.3595848083496,-8.40157222747803,"Unknown"
"7014855",371852,2025-07-29 18:22:23,43.3603210449219,-8.40242195129395,"Unknown"
"7014855",371852,2025-07-29 18:27:24,43.3597869873047,-8.40048217773438,"Unknown"
"7014855",371852,2025-07-29 18:32:24,43.3597869873047,-8.40202331542969,"Unknown"
"7014855",371852,2025-07-29 18:37:41,43.3596954345703,-8.40090084075928,"Unknown"
"7014855",371852,2025-07-29 18:43:35,43.3598594665527,-8.4015064239502,"Unknown"
"7014855",371852,2025-07-29 18:47:24,43.3598937988281,-8.40231513977051,"Unknown"
"7014855",371852,2025-07-29 18:52:28,43.3602447509766,-8.40292739868164,"Unknown"
"7014855",371852,2025-07-29 18:57:26,43.359790802002,-8.40014553070068,"Unknown"
"7014855",371852,2025-07-29 19:02:23,43.359935760498,-8.40223789215088,"Unknown"
"7014855",371852,2025-07-29 19:07:24,43.3598442077637,-8.4009428024292,"Unknown"
"7014855",371852,2025-07-29 19:13:32,43.3597946166992,-8.39832878112793,"Unknown"
"7014855",371852,2025-07-29 19:17:30,43.3596687316895,-8.39925289154053,"Unknown"
"7014855",371852,2025-07-29 19:22:24,43.3599128723145,-8.40074634552002,"Unknown"
"7014855",371852,2025-07-29 19:27:24,43.3607711791992,-8.40028953552246,"Unknown"
"7014855",371852,2025-07-29 19:32:25,43.3612098693848,-8.40055274963379,"Unknown"
"7014855",371852,2025-07-29 19:37:25,43.3599395751953,-8.39760398864746,"Unknown"
"7014855",371852,2025-07-29 19:42:25,43.3599853515625,-8.39741897583008,"Unknown"
"7014855",371852,2025-07-29 19:47:25,43.3600234985352,-8.39754104614258,"Unknown"
"7014855",371852,2025-07-29 19:52:24,43.3600845336914,-8.39748668670654,"Unknown"
"7014855",371852,2025-07-29 19:57:24,43.3599662780762,-8.39733600616455,"Unknown"
"7014855",371852,2025-07-29 20:02:36,43.3598556518555,-8.39743804931641,"Unknown"
"7014855",371852,2025-07-29 20:07:25,43.3597602844238,-8.39743041992188,"Unknown"
"7014855",371852,2025-07-29 20:12:36,43.359920501709,-8.39739513397217,"Unknown"
"7014855",371852,2025-07-29 20:17:35,43.3686981201172,-8.41508960723877,"Unknown"
"7014855",371852,2025-07-29 20:22:36,43.3796310424805,-8.43520259857178,"Unknown"
"7014855",371852,2025-07-29 20:27:36,43.3737030029297,-8.49714469909668,"Unknown"
"7014855",371852,2025-07-29 20:32:28,43.3614654541016,-8.55593490600586,"Unknown"
"7014855",371852,2025-07-29 20:37:38,43.3524475097656,-8.61716079711914,"Unknown"
"7014855",371852,2025-07-29 20:42:36,43.3465614318848,-8.6770076751709,"Unknown"
"7014855",371852,2025-07-29 20:47:39,43.3454322814941,-8.73426723480225,"Unknown"
"7014855",371852,2025-07-29 20:52:40,43.3521575927734,-8.78495025634766,"Unknown"
"7014855",371852,2025-07-29 20:57:24,43.3588943481445,-8.83228302001953,"Unknown"
"7014855",371852,2025-07-29 21:02:27,43.3598442077637,-8.84311103820801,"Unknown"
"7014855",371852,2025-07-29 21:07:33,43.3600769042969,-8.84304141998291,"Unknown"
"7014855",371852,2025-07-29 21:12:45,43.3600044250488,-8.84318828582764,"Unknown"
"7014855",371852,2025-07-29 21:17:28,43.3600540161133,-8.84320640563965,"Unknown"
"7014855",371852,2025-07-29 21:22:27,43.360107421875,-8.84321117401123,"Unknown"
"7014855",371852,2025-07-29 21:27:37,43.3600311279297,-8.84309577941895,"Unknown"
"7014855",371852,2025-07-29 21:32:30,43.3601455688477,-8.84315204620361,"Unknown"
"7014855",371852,2025-07-29 21:37:35,43.3600654602051,-8.84307289123535,"Unknown"
"7014855",371852,2025-07-29 21:42:39,43.360050201416,-8.84304141998291,"Unknown"
"7014855",371852,2025-07-29 21:47:41,43.3600540161133,-8.84308052062988,"Unknown"
"7014855",371852,2025-07-29 21:52:29,43.360179901123,-8.84342002868652,"Unknown"
"7014855",371852,2025-07-29 21:57:49,43.3600997924805,-8.8430290222168,"Unknown"
"7014855",371852,2025-07-29 22:02:37,43.360034942627,-8.84302806854248,"Unknown"
"7014855",371852,2025-07-29 22:07:38,43.3597221374512,-8.84304714202881,"Unknown"
"7014855",371852,2025-07-29 22:12:59,43.3600807189941,-8.8430814743042,"Unknown"
"7014855",371852,2025-07-29 22:17:30,43.3600997924805,-8.84307670593262,"Unknown"
"7014855",371852,2025-07-29 22:22:25,43.3599967956543,-8.84314632415771,"Unknown"
"7014855",371852,2025-07-29 22:27:26,43.3600158691406,-8.84298419952393,"Unknown"
"7014855",371852,2025-07-29 22:32:33,43.3600845336914,-8.84307861328125,"Unknown"
"7014855",371852,2025-07-29 22:37:36,43.3601722717285,-8.84308815002441,"Unknown"
"7014855",371852,2025-07-29 22:42:36,43.3600425720215,-8.84309768676758,"Unknown"
"7014855",371852,2025-07-29 22:47:44,43.3595809936523,-8.84246444702148,"Unknown"
"7014855",371852,2025-07-29 22:52:45,43.3594207763672,-8.84275913238525,"Unknown"
"7014855",371852,2025-07-29 22:57:36,43.3598251342773,-8.84289455413818,"Unknown"
"7014855",371852,2025-07-29 23:02:36,43.3598518371582,-8.84294509887695,"Unknown"
"7014855",371852,2025-07-29 23:07:59,43.3600730895996,-8.84302139282227,"Unknown"
"7014855",371852,2025-07-29 23:12:27,43.3600654602051,-8.84303379058838,"Unknown"
"7014855",371852,2025-07-29 23:17:31,43.3600845336914,-8.84298324584961,"Unknown"
"7014855",371852,2025-07-29 23:22:27,43.360107421875,-8.84298324584961,"Unknown"
"7014855",371852,2025-07-29 23:27:26,43.3601760864258,-8.84293460845947,"Unknown"
"7014855",371852,2025-07-29 23:32:25,43.360107421875,-8.84303665161133,"Unknown"
"7014855",371852,2025-07-29 23:37:30,43.3600807189941,-8.84303569793701,"Unknown"
"7014855",371852,2025-07-29 23:42:37,43.3600196838379,-8.84310436248779,"Unknown"
"7014855",371852,2025-07-29 23:47:29,43.3600196838379,-8.84315967559814,"Unknown"
"7014855",371852,2025-07-29 23:52:36,43.3600921630859,-8.84309101104736,"Unknown"
"7014855",371852,2025-07-29 23:57:28,43.3600463867188,-8.84302616119385,"Unknown"
"7014855",371852,2025-07-30 00:02:33,43.3600234985352,-8.84299182891846,"Unknown"
"7014855",371852,2025-07-30 00:07:39,43.3604164123535,-8.84243106842041,"Unknown"
"7014855",371852,2025-07-30 00:12:37,43.359992980957,-8.84301853179932,"Unknown"
"7014855",371852,2025-07-30 00:17:37,43.3599891662598,-8.84314155578613,"Unknown"
"7014855",371852,2025-07-30 00:22:30,43.3602180480957,-8.8425235748291,"Unknown"
"7014855",371852,2025-07-30 00:27:37,43.3598823547363,-8.8430700302124,"Unknown"
"7014855",371852,2025-07-30 00:32:29,43.3598899841309,-8.84297275543213,"Unknown"
"7014855",371852,2025-07-30 00:37:37,43.3601226806641,-8.84321975708008,"Unknown"
"7014855",371852,2025-07-30 00:42:36,43.3599891662598,-8.84314632415771,"Unknown"
"7014855",371852,2025-07-30 00:47:38,43.3600044250488,-8.84317874908447,"Unknown"
"7014855",371852,2025-07-30 00:52:30,43.360107421875,-8.84350681304932,"Unknown"
"7014855",371852,2025-07-30 00:57:57,43.3600959777832,-8.84308433532715,"Unknown"
"7014855",371852,2025-07-30 01:02:24,43.3600540161133,-8.84305763244629,"Unknown"
"7014855",371852,2025-07-30 01:07:25,43.3601036071777,-8.84304332733154,"Unknown"
"7014855",371852,2025-07-30 01:12:24,43.359992980957,-8.8431339263916,"Unknown"
"7014855",371852,2025-07-30 01:17:24,43.3601570129395,-8.84299945831299,"Unknown"
"7014855",371852,2025-07-30 01:22:24,43.3600921630859,-8.843017578125,"Unknown"
"7014855",371852,2025-07-30 01:27:24,43.3601608276367,-8.84297943115234,"Unknown"
"7014855",371852,2025-07-30 01:32:24,43.3601188659668,-8.84298229217529,"Unknown"
"7014855",371852,2025-07-30 01:37:27,43.3601379394531,-8.84294128417969,"Unknown"
"7014855",371852,2025-07-30 01:42:28,43.360050201416,-8.84310817718506,"Unknown"
"7014855",371852,2025-07-30 01:47:28,43.3601608276367,-8.84286785125732,"Unknown"
"7014855",371852,2025-07-30 01:52:24,43.3602447509766,-8.84302139282227,"Unknown"
"7014855",371852,2025-07-30 01:57:27,43.3600730895996,-8.84296417236328,"Unknown"
"7014855",371852,2025-07-30 02:02:26,43.3599586486816,-8.84317779541016,"Unknown"
"7014855",371852,2025-07-30 02:07:26,43.3601150512695,-8.84303379058838,"Unknown"
"7014855",371852,2025-07-30 02:12:24,43.360034942627,-8.84305858612061,"Unknown"
"7014855",371852,2025-07-30 02:17:25,43.3601150512695,-8.84306240081787,"Unknown"
"7014855",371852,2025-07-30 02:22:26,43.3600997924805,-8.8430347442627,"Unknown"
"7014855",371852,2025-07-30 02:27:24,43.360050201416,-8.8431282043457,"Unknown"
"7014855",371852,2025-07-30 02:32:31,43.360034942627,-8.84295749664307,"Unknown"
"7014855",371852,2025-07-30 02:37:30,43.3600311279297,-8.84303379058838,"Unknown"
"7014855",371852,2025-07-30 02:42:27,43.3600082397461,-8.8430347442627,"Unknown"
"7014855",371852,2025-07-30 02:47:27,43.3600196838379,-8.84310817718506,"Unknown"
"7014855",371852,2025-07-30 02:52:52,43.3600234985352,-8.84296703338623,"Unknown"
"7014855",371852,2025-07-30 02:57:35,43.3600654602051,-8.84309673309326,"Unknown"
"7014855",371852,2025-07-30 03:02:31,43.3601188659668,-8.84301948547363,"Unknown"
"7014855",371852,2025-07-30 03:07:34,43.3600730895996,-8.84308242797852,"Unknown"
"7014855",371852,2025-07-30 03:12:28,43.3600196838379,-8.84312629699707,"Unknown"
"7014855",371852,2025-07-30 03:17:34,43.3599967956543,-8.84292984008789,"Unknown"
"7014855",371852,2025-07-30 03:22:29,43.3600616455078,-8.84321594238281,"Unknown"
"7014855",371852,2025-07-30 03:27:30,43.3600578308105,-8.84315395355225,"Unknown"
"7014855",371852,2025-07-30 03:32:40,43.3601188659668,-8.8430757522583,"Unknown"
"7014855",371852,2025-07-30 03:37:26,43.3600616455078,-8.84319019317627,"Unknown"
"7014855",371852,2025-07-30 03:42:26,43.3601722717285,-8.84311008453369,"Unknown"
"7014855",371852,2025-07-30 03:47:38,43.3600311279297,-8.84293746948242,"Unknown"
"7014855",371852,2025-07-30 03:52:26,43.3602561950684,-8.84332752227783,"Unknown"
"7014855",371852,2025-07-30 03:57:26,43.3601913452148,-8.84345531463623,"Unknown"
"7014855",371852,2025-07-30 04:02:59,43.3600769042969,-8.84294986724854,"Unknown"
"7014855",371852,2025-07-30 04:07:24,43.3601303100586,-8.84296894073486,"Unknown"
"7014855",371852,2025-07-30 04:12:23,43.3600273132324,-8.84297561645508,"Unknown"
"7014855",371852,2025-07-30 04:17:24,43.3600730895996,-8.84300708770752,"Unknown"
"7014855",371852,2025-07-30 04:22:23,43.3601417541504,-8.84299564361572,"Unknown"
"7014855",371852,2025-07-30 04:27:23,43.3599853515625,-8.84314155578613,"Unknown"
"7014855",371852,2025-07-30 04:32:24,43.3600845336914,-8.8431224822998,"Unknown"
"7014855",371852,2025-07-30 04:37:26,43.3599395751953,-8.84316921234131,"Unknown"
"7014855",371852,2025-07-30 04:42:26,43.3598709106445,-8.84310531616211,"Unknown"
"7014855",371852,2025-07-30 04:47:31,43.360164642334,-8.84295558929443,"Unknown"
"7014855",371852,2025-07-30 04:52:27,43.3601150512695,-8.84311008453369,"Unknown"
"7014855",371852,2025-07-30 04:57:43,43.3600425720215,-8.84311103820801,"Unknown"
"7014855",371852,2025-07-30 05:02:27,43.3603782653809,-8.84322071075439,"Unknown"
"7014855",371852,2025-07-30 05:07:30,43.3600387573242,-8.84312152862549,"Unknown"
"7014855",371852,2025-07-30 05:12:28,43.3599166870117,-8.84310150146484,"Unknown"
"7014855",371852,2025-07-30 05:17:29,43.3600997924805,-8.84338283538818,"Unknown"
"7014855",371852,2025-07-30 05:22:29,43.3599395751953,-8.84315490722656,"Unknown"
"7014855",371852,2025-07-30 05:27:38,43.3492431640625,-8.83431434631348,"Unknown"
"7014855",371852,2025-07-30 05:32:26,43.3260726928711,-8.8184757232666,"Unknown"
"7014855",371852,2025-07-30 05:37:39,43.323314666748,-8.80655384063721,"Unknown"
"7014855",371852,2025-07-30 05:42:27,43.3234443664551,-8.80646228790283,"Unknown"
"7014855",371852,2025-07-30 05:48:05,43.3235206604004,-8.80634117126465,"Unknown"
"7014855",371852,2025-07-30 05:52:25,43.3235473632812,-8.80632495880127,"Unknown"
"7014855",371852,2025-07-30 05:57:27,43.3234596252441,-8.80584526062012,"Unknown"
"7014855",371852,2025-07-30 06:02:24,43.3231201171875,-8.80558204650879,"Unknown"
"7014855",371852,2025-07-30 06:07:27,43.3236198425293,-8.80658721923828,"Unknown"
"7014855",371852,2025-07-30 06:12:25,43.3235931396484,-8.80677795410156,"Unknown"
"7014855",371852,2025-07-30 06:17:24,43.3236274719238,-8.80665493011475,"Unknown"
"7014855",371852,2025-07-30 06:22:27,43.3236961364746,-8.80661487579346,"Unknown"
"7014855",371852,2025-07-30 06:27:24,43.3232421875,-8.80480861663818,"Unknown"
"7014855",371852,2025-07-30 06:32:24,43.3224258422852,-8.80289840698242,"Unknown"
"7014855",371852,2025-07-30 06:37:27,43.3235778808594,-8.80635452270508,"Unknown"
"7014855",371852,2025-07-30 06:42:27,43.3236961364746,-8.80639457702637,"Unknown"
"7014855",371852,2025-07-30 06:47:24,43.3230781555176,-8.80532646179199,"Unknown"
"7014855",371852,2025-07-30 06:52:24,43.3229675292969,-8.80581760406494,"Unknown"
"7014855",371852,2025-07-30 06:57:24,43.3229026794434,-8.80579853057861,"Unknown"
"7014855",371852,2025-07-30 07:02:26,43.3229827880859,-8.80599308013916,"Unknown"
"7014855",371852,2025-07-30 07:07:27,43.3228721618652,-8.80573081970215,"Unknown"
"7014855",371852,2025-07-30 07:12:27,43.3228378295898,-8.8053731918335,"Unknown"
"7014855",371852,2025-07-30 07:17:28,43.3234367370605,-8.80604457855225,"Unknown"
"7014855",371852,2025-07-30 07:22:26,43.3235549926758,-8.80668830871582,"Unknown"
"7014855",371852,2025-07-30 07:27:43,43.323616027832,-8.80653285980225,"Unknown"
"7014855",371852,2025-07-30 07:32:25,43.3237190246582,-8.80659961700439,"Unknown"
"7014855",371852,2025-07-30 07:37:26,43.3237495422363,-8.80779552459717,"Unknown"
"7014855",371852,2025-07-30 07:42:43,43.3237266540527,-8.80727195739746,"Unknown"
"7014855",371852,2025-07-30 07:47:56,43.3239288330078,-8.80686473846436,"Unknown"
"7014855",371852,2025-07-30 07:52:27,43.3240928649902,-8.80722141265869,"Unknown"
"7014855",371852,2025-07-30 07:57:28,43.3239669799805,-8.80698871612549,"Unknown"
"7014855",371852,2025-07-30 08:02:23,43.3238067626953,-8.80661964416504,"Unknown"
"7014855",371852,2025-07-30 08:07:26,43.3238754272461,-8.80682468414307,"Unknown"
"7014855",371852,2025-07-30 08:12:25,43.3237915039062,-8.80661869049072,"Unknown"
"7014855",371852,2025-07-30 08:17:31,43.3240203857422,-8.807373046875,"Unknown"
"7014855",371852,2025-07-30 08:22:25,43.3239440917969,-8.80868530273438,"Unknown"
"7014855",371852,2025-07-30 08:27:59,43.3377418518066,-8.83029556274414,"Unknown"
"7014855",371852,2025-07-30 08:32:25,43.3340606689453,-8.8555154800415,"Unknown"
"7014855",371852,2025-07-30 08:37:24,43.3453712463379,-8.84505653381348,"Unknown"
"7014855",371852,2025-07-30 08:42:25,43.3609275817871,-8.84713935852051,"Unknown"
"7014855",371852,2025-07-30 08:47:34,43.3599586486816,-8.84319686889648,"Unknown"
"7014855",371852,2025-07-30 08:53:21,43.3490371704102,-8.83694076538086,"Unknown"
"7014855",371852,2025-07-30 08:57:25,43.3449363708496,-8.82664680480957,"Unknown"
"7014855",371852,2025-07-30 09:02:27,43.3367118835449,-8.8113842010498,"Unknown"
"7014855",371852,2025-07-30 09:07:43,43.3174057006836,-8.80413722991943,"Unknown"
"7014855",371852,2025-07-30 09:12:26,43.3018341064453,-8.78011703491211,"Unknown"
"7014855",371852,2025-07-30 09:17:26,43.2973785400391,-8.75625801086426,"Unknown"
"7014855",371852,2025-07-30 09:22:25,43.2950630187988,-8.72735214233398,"Unknown"
"7014855",371852,2025-07-30 09:27:24,43.2895050048828,-8.70768070220947,"Unknown"
"7014855",371852,2025-07-30 09:32:25,43.2821464538574,-8.68346881866455,"Unknown"
"7014855",371852,2025-07-30 09:37:26,43.2783203125,-8.66063976287842,"Unknown"
"7014855",371852,2025-07-30 09:42:29,43.2942886352539,-8.64625358581543,"Unknown"
"7014855",371852,2025-07-30 09:47:45,43.3080024719238,-8.63488006591797,"Unknown"
"7014855",371852,2025-07-30 09:52:24,43.3158874511719,-8.62032413482666,"Unknown"
"7014855",371852,2025-07-30 09:57:24,43.3290824890137,-8.63020324707031,"Unknown"
"7014855",371852,2025-07-30 10:03:48,43.3279418945312,-8.62362194061279,"Unknown"
"7014855",371852,2025-07-30 10:08:48,43.3291091918945,-8.63061714172363,"Unknown"
"7014855",371852,2025-07-30 10:12:59,43.3153533935547,-8.61459541320801,"Unknown"
"7014855",371852,2025-07-30 10:17:23,43.3199272155762,-8.59394931793213,"Unknown"
"7014855",371852,2025-07-30 10:22:25,43.3307800292969,-8.59647464752197,"Unknown"
"7014855",371852,2025-07-30 10:27:23,43.3284797668457,-8.58246898651123,"Unknown"
"7014855",371852,2025-07-30 10:32:23,43.3141899108887,-8.56667327880859,"Unknown"
"7014855",371852,2025-07-30 10:37:23,43.3151321411133,-8.5708122253418,"Unknown"
"7014855",371852,2025-07-30 10:42:23,43.3112907409668,-8.54375171661377,"Unknown"
"7014855",371852,2025-07-30 10:47:23,43.320686340332,-8.52645778656006,"Unknown"
"7014855",371852,2025-07-30 10:52:23,43.3286323547363,-8.50704383850098,"Unknown"
"7014855",371852,2025-07-30 10:57:23,43.3356094360352,-8.50956916809082,"Unknown"
"7014855",371852,2025-07-30 11:02:24,43.3442649841309,-8.50241661071777,"Unknown"
"7014855",371852,2025-07-30 11:07:23,43.3561401367188,-8.49940872192383,"Unknown"
"7014855",371852,2025-07-30 11:12:25,43.3523979187012,-8.47803115844727,"Unknown"
"7014855",371852,2025-07-30 11:17:24,43.3522529602051,-8.47751235961914,"Unknown"
"7014855",371852,2025-07-30 11:22:23,43.3523330688477,-8.47765731811523,"Unknown"
"7014855",371852,2025-07-30 11:27:23,43.3523216247559,-8.47769260406494,"Unknown"
"7014855",371852,2025-07-30 11:32:24,43.3586959838867,-8.46597099304199,"Unknown"
"7014855",371852,2025-07-30 11:37:24,43.3715400695801,-8.44834423065186,"Unknown"
"7014855",371852,2025-07-30 11:42:25,43.3765068054199,-8.42831134796143,"Unknown"
"7014855",371852,2025-07-30 11:47:24,43.3604927062988,-8.39785957336426,"Unknown"
"7014855",371852,2025-07-30 11:52:24,43.3597717285156,-8.40124607086182,"Unknown"
"7014855",371852,2025-07-30 11:57:26,43.3597068786621,-8.39999866485596,"Unknown"
"7014855",371852,2025-07-30 12:02:25,43.3596382141113,-8.39968681335449,"Unknown"
"7014855",371852,2025-07-30 12:07:23,43.3599166870117,-8.40203666687012,"Unknown"
"7014855",371852,2025-07-30 12:12:27,43.3597640991211,-8.40194320678711,"Unknown"
"7014855",371852,2025-07-30 12:17:30,43.3598709106445,-8.4002628326416,"Unknown"
"7014855",371852,2025-07-30 12:22:26,43.3598442077637,-8.39941501617432,"Unknown"
"7014855",371852,2025-07-30 12:27:25,43.3599967956543,-8.3996410369873,"Unknown"
"7014855",371852,2025-07-30 12:32:30,43.359073638916,-8.40045547485352,"Unknown"
"7014855",371852,2025-07-30 12:37:41,43.3589210510254,-8.40044498443604,"Unknown"
"7014855",371852,2025-07-30 12:42:27,43.3589401245117,-8.40043449401855,"Unknown"
"7014855",371852,2025-07-30 12:47:27,43.3589782714844,-8.40048980712891,"Unknown"
"7014855",371852,2025-07-30 12:52:30,43.3592987060547,-8.40078353881836,"Unknown"
"7014855",371852,2025-07-30 12:57:35,43.3584899902344,-8.40014743804932,"Unknown"
"7014855",371852,2025-07-30 13:02:42,43.3590087890625,-8.40039539337158,"Unknown"
"7014855",371852,2025-07-30 13:07:25,43.3591537475586,-8.40068340301514,"Unknown"
"7014855",371852,2025-07-30 13:12:24,43.3682899475098,-8.41018486022949,"Unknown"
"7014855",371852,2025-07-30 13:17:25,43.3792686462402,-8.44188022613525,"Unknown"
"7014855",371852,2025-07-30 13:22:24,43.3562240600586,-8.50735950469971,"Unknown"
"7014855",371852,2025-07-30 13:27:33,43.3414916992188,-8.56884384155273,"Unknown"
"7014855",371852,2025-07-30 13:32:24,43.3322944641113,-8.62078094482422,"Unknown"
"7014855",371852,2025-07-30 13:37:24,43.3288726806641,-8.67228698730469,"Unknown"
"7014855",371852,2025-07-30 13:42:24,43.3320922851562,-8.71768379211426,"Unknown"
"7014855",371852,2025-07-30 13:53:49,43.3500442504883,-8.81317806243896,"Unknown"
"7014855",371852,2025-07-30 13:57:43,43.3586235046387,-8.8317928314209,"Unknown"
"7014855",371852,2025-07-30 14:02:26,43.359935760498,-8.84291553497314,"Unknown"
"7014855",371852,2025-07-30 14:08:49,43.3608512878418,-8.84373188018799,"Unknown"
"7014855",371852,2025-07-30 14:12:27,43.3624267578125,-8.84474086761475,"Unknown"
"7014855",371852,2025-07-30 14:17:26,43.3627128601074,-8.84549140930176,"Unknown"
"7014855",371852,2025-07-30 14:22:27,43.3604545593262,-8.84387969970703,"Unknown"
"7014855",371852,2025-07-30 14:27:28,43.3599739074707,-8.84308433532715,"Unknown"
"7014855",371852,2025-07-30 14:32:28,43.359920501709,-8.843017578125,"Unknown"
"7014855",371852,2025-07-30 14:37:26,43.3600006103516,-8.84315776824951,"Unknown"
"7014855",371852,2025-07-30 14:42:36,43.3599128723145,-8.84293365478516,"Unknown"
"7014855",371852,2025-07-30 14:47:44,43.3599662780762,-8.84314632415771,"Unknown"
"7014855",371852,2025-07-30 14:52:26,43.3600654602051,-8.84323978424072,"Unknown"
"7014855",371852,2025-07-30 14:57:28,43.3614807128906,-8.84383678436279,"Unknown"
"7014855",371852,2025-07-30 15:02:29,43.3197288513184,-8.85939979553223,"Unknown"
"7014855",371852,2025-07-30 15:07:38,43.3155326843262,-8.86187362670898,"Unknown"
"7014855",371852,2025-07-30 15:12:29,43.3189582824707,-8.84297657012939,"Unknown"
"7014855",371852,2025-07-30 15:17:37,43.3154296875,-8.83387851715088,"Unknown"
"7014855",371852,2025-07-30 15:22:31,43.3221435546875,-8.81332015991211,"Unknown"
"7014855",371852,2025-07-30 15:27:40,43.3025817871094,-8.78254222869873,"Unknown"
"7014855",371852,2025-07-30 15:32:28,43.299388885498,-8.76119613647461,"Unknown"
"7014855",371852,2025-07-30 15:37:30,43.293025970459,-8.72753620147705,"Unknown"
"7014855",371852,2025-07-30 15:42:29,43.287841796875,-8.69473171234131,"Unknown"
"7014855",371852,2025-07-30 15:47:48,43.2742729187012,-8.66202735900879,"Unknown"
"7014855",371852,2025-07-30 15:53:03,43.2705955505371,-8.62304496765137,"Unknown"
"7014855",371852,2025-07-30 15:57:29,43.2862739562988,-8.62489128112793,"Unknown"
"7014855",371852,2025-07-30 16:02:26,43.3062477111816,-8.62478256225586,"Unknown"
"7014855",371852,2025-07-30 16:07:29,43.3172607421875,-8.60377979278564,"Unknown"
"7014855",371852,2025-07-30 16:12:34,43.3154106140137,-8.57417869567871,"Unknown"
"7014855",371852,2025-07-30 16:17:29,43.3111724853516,-8.54344654083252,"Unknown"
"7014855",371852,2025-07-30 16:22:26,43.3185729980469,-8.51895523071289,"Unknown"
"7014855",371852,2025-07-30 16:27:32,43.3239479064941,-8.4966287612915,"Unknown"
"7014855",371852,2025-07-30 16:32:44,43.3240242004395,-8.49643039703369,"Unknown"
"7014855",371852,2025-07-30 16:37:37,43.3245544433594,-8.49413776397705,"Unknown"
"7014855",371852,2025-07-30 16:42:30,43.336051940918,-8.48968315124512,"Unknown"
"7014855",371852,2025-07-30 16:47:35,43.3519325256348,-8.47809505462646,"Unknown"
"7014855",371852,2025-07-30 16:52:28,43.3570594787598,-8.45687484741211,"Unknown"
"7014855",371852,2025-07-30 16:57:59,43.356876373291,-8.42751026153564,"Unknown"
"7014855",371852,2025-07-30 17:02:30,43.3595352172852,-8.40124034881592,"Unknown"
"7014855",371852,2025-07-30 17:07:37,43.3598098754883,-8.39744472503662,"Unknown"
"7014855",371852,2025-07-30 17:12:59,43.3598556518555,-8.39745044708252,"Unknown"
"7014855",371852,2025-07-30 17:17:26,43.3597183227539,-8.39962959289551,"Unknown"
"7014855",371852,2025-07-30 17:22:26,43.3598899841309,-8.39741611480713,"Unknown"
"7014855",371852,2025-07-30 17:27:26,43.3597373962402,-8.40058326721191,"Unknown"
"7014855",371852,2025-07-30 17:32:26,43.3596305847168,-8.40067577362061,"Unknown"
"7014855",371852,2025-07-30 17:37:27,43.3597526550293,-8.40001678466797,"Unknown"
"7014855",371852,2025-07-30 17:42:29,43.3598251342773,-8.4019136428833,"Unknown"
"7014855",371852,2025-07-30 17:47:26,43.3595886230469,-8.40036582946777,"Unknown"
"7014855",371852,2025-07-30 17:52:27,43.3597373962402,-8.40028381347656,"Unknown"
"7014855",371852,2025-07-30 17:57:29,43.3596153259277,-8.40034198760986,"Unknown"
"7014855",371852,2025-07-30 18:02:28,43.3596992492676,-8.40043258666992,"Unknown"
"7014855",371852,2025-07-30 18:07:29,43.3597259521484,-8.40034675598145,"Unknown"
"7014855",371852,2025-07-30 18:12:28,43.3596038818359,-8.40028858184814,"Unknown"
"7014855",371852,2025-07-30 18:17:28,43.3597602844238,-8.39746761322021,"Unknown"
"7014855",371852,2025-07-30 18:22:27,43.3597412109375,-8.3996467590332,"Unknown"
"7014855",371852,2025-07-30 18:27:30,43.3598747253418,-8.39965629577637,"Unknown"
"7014855",371852,2025-07-30 18:32:27,43.3596801757812,-8.39945220947266,"Unknown"
"7014855",371852,2025-07-30 18:37:30,43.3597221374512,-8.39860534667969,"Unknown"
"7014855",371852,2025-07-30 18:42:32,43.3605766296387,-8.39742183685303,"Unknown"
"7014855",371852,2025-07-30 18:47:26,43.359806060791,-8.39990043640137,"Unknown"
"7014855",371852,2025-07-30 18:52:30,43.3596878051758,-8.40009784698486,"Unknown"
"7014855",371852,2025-07-30 18:57:32,43.3598899841309,-8.40220165252686,"Unknown"
"7014855",371852,2025-07-30 19:02:45,43.3584938049316,-8.40152835845947,"Unknown"
"7014855",371852,2025-07-30 19:07:27,43.3605690002441,-8.40259647369385,"Unknown"
"7014855",371852,2025-07-30 19:12:32,43.3605079650879,-8.39745235443115,"Unknown"
"7014855",371852,2025-07-30 19:17:27,43.3609199523926,-8.40260410308838,"Unknown"
"7014855",371852,2025-07-30 19:22:44,43.3590965270996,-8.4002799987793,"Unknown"
"7014855",371852,2025-07-30 19:27:29,43.3591232299805,-8.40036964416504,"Unknown"
"7014855",371852,2025-07-30 19:32:31,43.3590850830078,-8.40025901794434,"Unknown"
"7014855",371852,2025-07-30 19:37:36,43.3590927124023,-8.40018939971924,"Unknown"
"7014855",371852,2025-07-30 19:42:34,43.3591117858887,-8.40017318725586,"Unknown"
"7014855",371852,2025-07-30 19:47:44,43.3590774536133,-8.40009498596191,"Unknown"
"7014855",371852,2025-07-30 19:52:31,43.359130859375,-8.40033054351807,"Unknown"
"7014855",371852,2025-07-30 19:57:59,43.359001159668,-8.40013885498047,"Unknown"
"7014855",371852,2025-07-30 20:02:26,43.3589744567871,-8.40008544921875,"Unknown"
"7014855",371852,2025-07-30 20:07:26,43.3589668273926,-8.40005874633789,"Unknown"
"7014855",371852,2025-07-30 20:12:27,43.3590240478516,-8.40013313293457,"Unknown"
"7014855",371852,2025-07-30 20:17:29,43.3589935302734,-8.40009593963623,"Unknown"
"7014855",371852,2025-07-30 20:22:27,43.3589935302734,-8.40008926391602,"Unknown"
"7014855",371852,2025-07-30 20:27:29,43.3589515686035,-8.4000358581543,"Unknown"
"7014855",371852,2025-07-30 20:32:29,43.3589172363281,-8.40007209777832,"Unknown"
"7014855",371852,2025-07-30 20:37:37,43.3589363098145,-8.40005111694336,"Unknown"
"7014855",371852,2025-07-30 20:42:30,43.359001159668,-8.40009212493896,"Unknown"
"7014855",371852,2025-07-30 20:47:29,43.3589477539062,-8.40004253387451,"Unknown"
"7014855",371852,2025-07-30 20:52:30,43.3589820861816,-8.40010261535645,"Unknown"
"7014855",371852,2025-07-30 20:57:27,43.3589477539062,-8.40008640289307,"Unknown"
"7014855",371852,2025-07-30 21:02:28,43.359001159668,-8.40015316009521,"Unknown"
"7014855",371852,2025-07-30 21:07:30,43.359073638916,-8.39986991882324,"Unknown"
"7014855",371852,2025-07-30 21:12:30,43.3598442077637,-8.39735507965088,"Unknown"
"7014855",371852,2025-07-30 21:17:26,43.3601684570312,-8.40293216705322,"Unknown"
"7014855",371852,2025-07-30 21:22:30,43.3601264953613,-8.40288352966309,"Unknown"
"7014855",371852,2025-07-30 21:27:29,43.3601264953613,-8.40292263031006,"Unknown"
"7014855",371852,2025-07-30 21:32:30,43.3602638244629,-8.403000831604,"Unknown"
"7014855",371852,2025-07-30 21:37:30,43.3592758178711,-8.40237236022949,"Unknown"
"7014855",371852,2025-07-30 21:42:31,43.3590126037598,-8.40206432342529,"Unknown"
"7014855",371852,2025-07-30 21:47:37,43.3591003417969,-8.4009428024292,"Unknown"
"7014855",371852,2025-07-30 21:52:40,43.3590202331543,-8.40084171295166,"Unknown"
"7014855",371852,2025-07-30 21:57:28,43.3590698242188,-8.40069103240967,"Unknown"
"7014855",371852,2025-07-30 22:02:31,43.3590049743652,-8.40069961547852,"Unknown"
"7014855",371852,2025-07-30 22:07:29,43.3590850830078,-8.40079021453857,"Unknown"
"7014855",371852,2025-07-30 22:12:36,43.3591537475586,-8.40079021453857,"Unknown"
"7014855",371852,2025-07-30 22:17:37,43.3590660095215,-8.40076923370361,"Unknown"
"7014855",371852,2025-07-30 22:22:37,43.3593215942383,-8.40055179595947,"Unknown"
"7014855",371852,2025-07-30 22:27:37,43.359203338623,-8.40066337585449,"Unknown"
"7014855",371852,2025-07-30 22:32:37,43.3574562072754,-8.39914608001709,"Unknown"
"7014855",371852,2025-07-30 22:37:40,43.3591690063477,-8.40095901489258,"Unknown"
"7014855",371852,2025-07-30 22:42:34,43.3581428527832,-8.39904880523682,"Unknown"
"7014855",371852,2025-07-30 22:47:43,43.3590316772461,-8.40064239501953,"Unknown"
"7014855",371852,2025-07-30 22:52:31,43.3588790893555,-8.40075778961182,"Unknown"
"7014855",371852,2025-07-30 22:57:36,43.3591041564941,-8.40093803405762,"Unknown"
"7014855",371852,2025-07-30 23:02:35,43.3586654663086,-8.40078449249268,"Unknown"
"7014855",371852,2025-07-30 23:07:31,43.3589935302734,-8.40072536468506,"Unknown"
"7014855",371852,2025-07-30 23:12:37,43.3588943481445,-8.40067577362061,"Unknown"
"7014855",371852,2025-07-30 23:17:31,43.3592681884766,-8.40036773681641,"Unknown"
"7014855",371852,2025-07-30 23:22:37,43.3591423034668,-8.40081310272217,"Unknown"
"7014855",371852,2025-07-30 23:27:37,43.3590698242188,-8.40076065063477,"Unknown"
"7014855",371852,2025-07-30 23:32:45,43.359016418457,-8.40072822570801,"Unknown"
"7014855",371852,2025-07-30 23:37:29,43.3589820861816,-8.40071296691895,"Unknown"
"7014855",371852,2025-07-30 23:42:29,43.3593063354492,-8.40054321289062,"Unknown"
"7014855",371852,2025-07-30 23:47:40,43.3590698242188,-8.40071678161621,"Unknown"
"7014855",371852,2025-07-30 23:52:37,43.3588714599609,-8.40098285675049,"Unknown"
"7014855",371852,2025-07-30 23:57:49,43.3589019775391,-8.40057945251465,"Unknown"
"7014855",371852,2025-07-31 00:03:00,43.359546661377,-8.40110778808594,"Unknown"
"7014855",371852,2025-07-31 00:07:31,43.3600730895996,-8.40253162384033,"Unknown"
"7014855",371852,2025-07-31 00:12:27,43.3601188659668,-8.40265846252441,"Unknown"
"7014855",371852,2025-07-31 00:17:44,43.3599662780762,-8.40259742736816,"Unknown"
"7014855",371852,2025-07-31 00:22:59,43.360034942627,-8.4026050567627,"Unknown"
"7014855",371852,2025-07-31 00:27:26,43.3599700927734,-8.40263271331787,"Unknown"
"7014855",371852,2025-07-31 00:32:28,43.3601036071777,-8.40273189544678,"Unknown"
"7014855",371852,2025-07-31 00:37:28,43.360107421875,-8.40273761749268,"Unknown"
"7014855",371852,2025-07-31 00:42:30,43.360034942627,-8.40265464782715,"Unknown"
"7014855",371852,2025-07-31 00:47:44,43.3601188659668,-8.40272235870361,"Unknown"
"7014855",371852,2025-07-31 00:52:30,43.3600730895996,-8.40274143218994,"Unknown"
"7014855",371852,2025-07-31 00:57:26,43.3600654602051,-8.40056324005127,"Unknown"
"7014855",371852,2025-07-31 01:02:37,43.3601684570312,-8.40253067016602,"Unknown"
"7014855",371852,2025-07-31 01:07:29,43.3600006103516,-8.40256118774414,"Unknown"
"7014855",371852,2025-07-31 01:12:36,43.360164642334,-8.4024600982666,"Unknown"
"7014855",371852,2025-07-31 01:17:37,43.3601989746094,-8.40250587463379,"Unknown"
"7014855",371852,2025-07-31 01:22:37,43.360424041748,-8.4024772644043,"Unknown"
"7014855",371852,2025-07-31 01:27:32,43.3602294921875,-8.40260028839111,"Unknown"
"7014855",371852,2025-07-31 01:32:44,43.3596229553223,-8.40109443664551,"Unknown"
"7014855",371852,2025-07-31 01:37:29,43.3596382141113,-8.40107727050781,"Unknown"
"7014855",371852,2025-07-31 01:42:30,43.3596267700195,-8.40082263946533,"Unknown"
"7014855",371852,2025-07-31 01:47:37,43.3601760864258,-8.40265846252441,"Unknown"
"7014855",371852,2025-07-31 01:52:35,43.3599662780762,-8.40268421173096,"Unknown"
"7014855",371852,2025-07-31 01:57:37,43.3601341247559,-8.40266609191895,"Unknown"
"7014855",371852,2025-07-31 02:02:31,43.360107421875,-8.4027853012085,"Unknown"
"7014855",371852,2025-07-31 02:07:27,43.3596382141113,-8.40002918243408,"Unknown"
"7014855",371852,2025-07-31 02:12:32,43.3602600097656,-8.40279960632324,"Unknown"
"7014855",371852,2025-07-31 02:17:45,43.3601112365723,-8.40266132354736,"Unknown"
"7014855",371852,2025-07-31 02:22:31,43.3602600097656,-8.4028491973877,"Unknown"
"7014855",371852,2025-07-31 02:27:26,43.3602066040039,-8.40280246734619,"Unknown"
"7014855",371852,2025-07-31 02:32:47,43.3604736328125,-8.40282917022705,"Unknown"
"7014855",371852,2025-07-31 02:37:37,43.3602905273438,-8.40282821655273,"Unknown"
"7014855",371852,2025-07-31 02:42:34,43.3603019714355,-8.40291213989258,"Unknown"
"7014855",371852,2025-07-31 02:47:29,43.3603630065918,-8.40258979797363,"Unknown"
"7014855",371852,2025-07-31 02:53:05,43.3605041503906,-8.40290641784668,"Unknown"
"7014855",371852,2025-07-31 02:57:31,43.3606452941895,-8.40330505371094,"Unknown"
"7014855",371852,2025-07-31 03:02:36,43.3604621887207,-8.40291213989258,"Unknown"
"7014855",371852,2025-07-31 03:07:37,43.3604621887207,-8.40293979644775,"Unknown"
"7014855",371852,2025-07-31 03:12:29,43.359748840332,-8.39945316314697,"Unknown"
"7014855",371852,2025-07-31 03:17:37,43.3596305847168,-8.40046119689941,"Unknown"
"7014855",371852,2025-07-31 03:22:26,43.3595924377441,-8.39947605133057,"Unknown"
"7014855",371852,2025-07-31 03:27:37,43.3595542907715,-8.39994049072266,"Unknown"
"7014855",371852,2025-07-31 03:32:27,43.3643341064453,-8.39363956451416,"Unknown"
"7014855",371852,2025-07-31 03:37:37,43.3603057861328,-8.3808479309082,"Unknown"
"7014855",371852,2025-07-31 03:42:29,43.3534393310547,-8.38270282745361,"Unknown"
"7014855",371852,2025-07-31 03:47:31,43.3535232543945,-8.38279819488525,"Unknown"
"7014855",371852,2025-07-31 03:52:34,43.3536682128906,-8.38288497924805,"Unknown"
"7014855",371852,2025-07-31 03:57:36,43.3536529541016,-8.38291931152344,"Unknown"
"7014855",371852,2025-07-31 04:02:39,43.3597526550293,-8.39968204498291,"Unknown"
"7014855",371852,2025-07-31 04:07:31,43.3600692749023,-8.39883804321289,"Unknown"
"7014855",371852,2025-07-31 04:12:45,43.3597373962402,-8.40059185028076,"Unknown"
"7014855",371852,2025-07-31 04:18:05,43.3596839904785,-8.40167617797852,"Unknown"
"7014855",371852,2025-07-31 04:22:26,43.3597259521484,-8.40087890625,"Unknown"
"7014855",371852,2025-07-31 04:27:27,43.3597412109375,-8.39997863769531,"Unknown"
"7014855",371852,2025-07-31 04:32:29,43.3597259521484,-8.39922428131104,"Unknown"
"7014855",371852,2025-07-31 04:37:27,43.3596572875977,-8.40165519714355,"Unknown"
"7014855",371852,2025-07-31 04:42:29,43.3598136901855,-8.40020370483398,"Unknown"
"7014855",371852,2025-07-31 04:47:30,43.3598251342773,-8.39924240112305,"Unknown"
"7014855",371852,2025-07-31 04:53:50,43.3599090576172,-8.40008544921875,"Unknown"
"7014855",371852,2025-07-31 04:57:28,43.3605461120605,-8.39735794067383,"Unknown"
"7014855",371852,2025-07-31 05:02:27,43.3605537414551,-8.39736270904541,"Unknown"
"7014855",371852,2025-07-31 05:07:26,43.3597526550293,-8.39928150177002,"Unknown"
"7014855",371852,2025-07-31 05:12:26,43.3597526550293,-8.39930820465088,"Unknown"
"7014855",371852,2025-07-31 05:17:27,43.360595703125,-8.39733028411865,"Unknown"
"7014855",371852,2025-07-31 05:22:27,43.360710144043,-8.39743423461914,"Unknown"
"7014855",371852,2025-07-31 05:27:29,43.359920501709,-8.39785099029541,"Unknown"
"7014855",371852,2025-07-31 05:32:26,43.3600120544434,-8.3974027633667,"Unknown"
"7014855",371852,2025-07-31 05:37:29,43.359806060791,-8.40094089508057,"Unknown"
"7014855",371852,2025-07-31 05:42:29,43.3598747253418,-8.39759349822998,"Unknown"
"7014855",371852,2025-07-31 05:47:27,43.3597755432129,-8.40082359313965,"Unknown"
"7014855",371852,2025-07-31 05:52:27,43.3581123352051,-8.40334224700928,"Unknown"
"7014855",371852,2025-07-31 05:57:26,43.3606872558594,-8.39740467071533,"Unknown"
"7014855",371852,2025-07-31 06:02:28,43.3599815368652,-8.3974781036377,"Unknown"
"7014855",371852,2025-07-31 06:07:26,43.3599624633789,-8.39741706848145,"Unknown"
"7014855",371852,2025-07-31 06:12:27,43.3679466247559,-8.41200542449951,"Unknown"
"7014855",371852,2025-07-31 06:17:26,43.3800964355469,-8.44186973571777,"Unknown"
"7014855",371852,2025-07-31 06:22:27,43.3612899780273,-8.50636863708496,"Unknown"
"7014855",371852,2025-07-31 06:27:28,43.3428840637207,-8.56370067596436,"Unknown"
"7014855",371852,2025-07-31 06:32:29,43.3235969543457,-8.62698078155518,"Unknown"
"7014855",371852,2025-07-31 06:37:28,43.3249168395996,-8.67754459381104,"Unknown"
"7014855",371852,2025-07-31 06:42:27,43.3328666687012,-8.72095108032227,"Unknown"
"7014855",371852,2025-07-31 06:47:27,43.3413429260254,-8.76338958740234,"Unknown"
"7014855",371852,2025-07-31 06:52:27,43.3491630554199,-8.80757522583008,"Unknown"
"7014855",371852,2025-07-31 06:57:48,43.3611831665039,-8.83770942687988,"Unknown"
"7014855",371852,2025-07-31 07:02:36,43.3600234985352,-8.84299182891846,"Unknown"
"7014855",371852,2025-07-31 07:17:31,43.3601951599121,-8.84334087371826,"Unknown"
"7014855",371852,2025-07-31 07:22:35,43.3601036071777,-8.84319877624512,"Unknown"
"7014855",371852,2025-07-31 07:27:30,43.3601684570312,-8.84364604949951,"Unknown"
"7014855",371852,2025-07-31 07:32:30,43.3600883483887,-8.84318542480469,"Unknown"
"7014855",371852,2025-07-31 07:37:45,43.3600883483887,-8.84306144714355,"Unknown"
"7014855",371852,2025-07-31 07:42:38,43.3601608276367,-8.84313583374023,"Unknown"
"7014855",371852,2025-07-31 07:47:36,43.3602600097656,-8.84299278259277,"Unknown"
"7014855",371852,2025-07-31 07:52:36,43.3600807189941,-8.84312915802002,"Unknown"
"7014855",371852,2025-07-31 07:57:37,43.3605422973633,-8.83450126647949,"Unknown"
"7014855",371852,2025-07-31 08:02:52,43.3282279968262,-8.8204402923584,"Unknown"
"7014855",371852,2025-07-31 08:07:45,43.3228416442871,-8.8082799911499,"Unknown"
"7014855",371852,2025-07-31 08:12:29,43.3151168823242,-8.8024787902832,"Unknown"
"7014855",371852,2025-07-31 08:17:35,43.3006210327148,-8.77844047546387,"Unknown"
"7014855",371852,2025-07-31 08:22:27,43.2956771850586,-8.75528526306152,"Unknown"
"7014855",371852,2025-07-31 08:27:28,43.2943267822266,-8.72246360778809,"Unknown"
"7014855",371852,2025-07-31 08:32:33,43.2898368835449,-8.69343280792236,"Unknown"
"7014855",371852,2025-07-31 08:37:29,43.2962875366211,-8.66731452941895,"Unknown"
"7014855",371852,2025-07-31 08:42:30,43.2974700927734,-8.66690444946289,"Unknown"
"7014855",371852,2025-07-31 08:47:59,43.3063888549805,-8.64486026763916,"Unknown"
"7014855",371852,2025-07-31 08:52:33,43.3135566711426,-8.61922645568848,"Unknown"
"7014855",371852,2025-07-31 08:57:28,43.3206634521484,-8.59180927276611,"Unknown"
"7014855",371852,2025-07-31 09:02:28,43.3122825622559,-8.56156635284424,"Unknown"
"7014855",371852,2025-07-31 09:07:26,43.315372467041,-8.53103256225586,"Unknown"
"7014855",371852,2025-07-31 09:12:27,43.3328170776367,-8.51362800598145,"Unknown"
"7014855",371852,2025-07-31 09:17:26,43.3489990234375,-8.50604152679443,"Unknown"
"7014855",371852,2025-07-31 09:22:36,43.3595237731934,-8.48897075653076,"Unknown"
"7014855",371852,2025-07-31 09:27:26,43.3599700927734,-8.46324920654297,"Unknown"
"7014855",371852,2025-07-31 09:32:26,43.3707122802734,-8.44535255432129,"Unknown"
"7014855",371852,2025-07-31 09:37:27,43.368350982666,-8.41274452209473,"Unknown"
"7014855",371852,2025-07-31 09:42:26,43.3596420288086,-8.40161514282227,"Unknown"
"7014855",371852,2025-07-31 09:47:26,43.3605117797852,-8.39735412597656,"Unknown"
"7014855",371852,2025-07-31 09:52:30,43.3593788146973,-8.40131855010986,"Unknown"
"7014855",371852,2025-07-31 09:57:34,43.3597679138184,-8.3996524810791,"Unknown"
"7014855",371852,2025-07-31 10:02:26,43.3599548339844,-8.39755344390869,"Unknown"
"7014855",371852,2025-07-31 10:07:33,43.3606262207031,-8.39722061157227,"Unknown"
"7014855",371852,2025-07-31 10:12:28,43.3601112365723,-8.40037631988525,"Unknown"
"7014855",371852,2025-07-31 10:17:44,43.3604507446289,-8.39731502532959,"Unknown"
"7014855",371852,2025-07-31 10:22:27,43.3599090576172,-8.39742279052734,"Unknown"
"7014855",371852,2025-07-31 10:27:30,43.3597602844238,-8.39801120758057,"Unknown"
"7014855",371852,2025-07-31 10:32:31,43.3596038818359,-8.39783191680908,"Unknown"
"7014855",371852,2025-07-31 10:37:28,43.359806060791,-8.3974666595459,"Unknown"
"7014855",371852,2025-07-31 10:42:27,43.3596611022949,-8.39920997619629,"Unknown"
"7014855",371852,2025-07-31 10:47:44,43.359806060791,-8.39746189117432,"Unknown"
"7014855",371852,2025-07-31 10:52:29,43.3600082397461,-8.39739799499512,"Unknown"
"7014855",371852,2025-07-31 10:57:34,43.3600692749023,-8.3976469039917,"Unknown"
"7014855",371852,2025-07-31 11:02:30,43.3591995239258,-8.39977645874023,"Unknown"
"7014855",371852,2025-07-31 11:07:33,43.3590049743652,-8.3999490737915,"Unknown"
"7014855",371852,2025-07-31 11:12:31,43.3591995239258,-8.40032482147217,"Unknown"
"7014855",371852,2025-07-31 11:17:30,43.3591194152832,-8.39980983734131,"Unknown"
"7014855",371852,2025-07-31 11:22:35,43.3590240478516,-8.39978885650635,"Unknown"
"7014855",371852,2025-07-31 11:27:29,43.3591346740723,-8.39990425109863,"Unknown"
"7014855",371852,2025-07-31 11:32:45,43.3591499328613,-8.40008163452148,"Unknown"
"7014855",371852,2025-07-31 11:37:31,43.359001159668,-8.3999662399292,"Unknown"
"7014855",371852,2025-07-31 11:42:30,43.3592720031738,-8.40014171600342,"Unknown"
"7014855",371852,2025-07-31 11:47:36,43.3589477539062,-8.39993190765381,"Unknown"
"7014855",371852,2025-07-31 11:52:36,43.3590545654297,-8.39995384216309,"Unknown"
"7014855",371852,2025-07-31 11:57:44,43.3591003417969,-8.40004348754883,"Unknown"
"7014855",371852,2025-07-31 12:02:34,43.3590202331543,-8.40005207061768,"Unknown"
"7014855",371852,2025-07-31 12:07:30,43.3598175048828,-8.40080547332764,"Unknown"
"7014855",371852,2025-07-31 12:12:38,43.3586387634277,-8.40335273742676,"Unknown"
"7014855",371852,2025-07-31 12:17:29,43.3427886962891,-8.43539333343506,"Unknown"
"7014855",371852,2025-07-31 12:22:44,43.3403129577637,-8.45341682434082,"Unknown"
"7014855",371852,2025-07-31 12:27:26,43.3406600952148,-8.4540901184082,"Unknown"
"7014855",371852,2025-07-31 12:32:31,43.3405838012695,-8.45370483398438,"Unknown"
"7014855",371852,2025-07-31 12:37:28,43.3404083251953,-8.45402145385742,"Unknown"
"7014855",371852,2025-07-31 12:42:26,43.3437042236328,-8.44641304016113,"Unknown"
"7014855",371852,2025-07-31 12:47:45,43.3465042114258,-8.42130470275879,"Unknown"
"7014855",371852,2025-07-31 12:52:27,43.3586006164551,-8.40011501312256,"Unknown"
"7014855",371852,2025-07-31 12:57:30,43.3589363098145,-8.4004955291748,"Unknown"
"7014855",371852,2025-07-31 13:02:36,43.3589324951172,-8.40047550201416,"Unknown"
"7014855",371852,2025-07-31 13:07:36,43.3589477539062,-8.4003210067749,"Unknown"
"7014855",371852,2025-07-31 13:12:44,43.3588562011719,-8.40040588378906,"Unknown"
"7014855",371852,2025-07-31 13:17:44,43.3589744567871,-8.40022277832031,"Unknown"
"7014855",371852,2025-07-31 13:22:31,43.3589897155762,-8.400221824646,"Unknown"
"7014855",371852,2025-07-31 13:27:29,43.3587226867676,-8.40027046203613,"Unknown"
"7014855",371852,2025-07-31 13:32:37,43.3590087890625,-8.40055370330811,"Unknown"
"7014855",371852,2025-07-31 13:37:36,43.3586387634277,-8.40142726898193,"Unknown"
"7014855",371852,2025-07-31 13:42:36,43.358715057373,-8.40129375457764,"Unknown"
"7014855",371852,2025-07-31 13:47:59,43.3590393066406,-8.40033531188965,"Unknown"
"7014855",371852,2025-07-31 13:52:31,43.3590087890625,-8.40029335021973,"Unknown"
"7014855",371852,2025-07-31 13:57:30,43.358829498291,-8.40011501312256,"Unknown"
"7014855",371852,2025-07-31 14:02:28,43.3588562011719,-8.40003776550293,"Unknown"
"7014855",371852,2025-07-31 14:07:44,43.3589973449707,-8.4001989364624,"Unknown"
"7014855",371852,2025-07-31 14:12:33,43.3590126037598,-8.40025043487549,"Unknown"
"7014855",371852,2025-07-31 14:17:44,43.3589706420898,-8.40017890930176,"Unknown"
"7014855",371852,2025-07-31 14:22:27,43.3589859008789,-8.40035057067871,"Unknown"
"7014855",371852,2025-07-31 14:27:26,43.3590354919434,-8.40028858184814,"Unknown"
"7014855",371852,2025-07-31 14:32:27,43.3589248657227,-8.39999294281006,"Unknown"
"7014855",371852,2025-07-31 14:37:30,43.3590278625488,-8.40011405944824,"Unknown"
"7014855",371852,2025-07-31 14:42:26,43.3589935302734,-8.40002632141113,"Unknown"
"7014855",371852,2025-07-31 14:47:44,43.3590888977051,-8.40027618408203,"Unknown"
"7014855",371852,2025-07-31 14:52:26,43.3589935302734,-8.40020179748535,"Unknown"
"7014855",371852,2025-07-31 14:57:26,43.3591651916504,-8.4001350402832,"Unknown"
"7014855",371852,2025-07-31 15:02:26,43.3590888977051,-8.4003210067749,"Unknown"
"7014855",371852,2025-07-31 15:07:28,43.3590393066406,-8.40015506744385,"Unknown"
"7014855",371852,2025-07-31 15:12:29,43.3591041564941,-8.40026950836182,"Unknown"
"7014855",371852,2025-07-31 15:17:44,43.359920501709,-8.39794445037842,"Unknown"
"7014855",371852,2025-07-31 15:22:27,43.3598518371582,-8.39817714691162,"Unknown"
"7014855",371852,2025-07-31 15:27:30,43.3598213195801,-8.39734077453613,"Unknown"
"7014855",371852,2025-07-31 15:32:27,43.3593215942383,-8.40053272247314,"Unknown"
"7014855",371852,2025-07-31 15:37:29,43.3597869873047,-8.39811515808105,"Unknown"
"7014855",371852,2025-07-31 15:42:29,43.3598937988281,-8.3972282409668,"Unknown"
"7014855",371852,2025-07-31 15:47:59,43.3601684570312,-8.39754772186279,"Unknown"
"7014855",371852,2025-07-31 15:52:35,43.3601036071777,-8.3977518081665,"Unknown"
"7014855",371852,2025-07-31 15:57:44,43.3601112365723,-8.39770030975342,"Unknown"
"7014855",371852,2025-07-31 16:02:29,43.3600616455078,-8.39763355255127,"Unknown"
"7014855",371852,2025-07-31 16:07:26,43.3602294921875,-8.39786911010742,"Unknown"
"7014855",371852,2025-07-31 16:12:58,43.3599739074707,-8.39749622344971,"Unknown"
"7014855",371852,2025-07-31 16:17:29,43.3599662780762,-8.39754104614258,"Unknown"
"7014855",371852,2025-07-31 16:22:26,43.360034942627,-8.3975772857666,"Unknown"
"7014855",371852,2025-07-31 16:27:28,43.3598747253418,-8.39738178253174,"Unknown"
"7014855",371852,2025-07-31 16:32:27,43.3597030639648,-8.39710330963135,"Unknown"
"7014855",371852,2025-07-31 16:37:36,43.3597946166992,-8.3974781036377,"Unknown"
"7014855",371852,2025-07-31 16:42:34,43.3597831726074,-8.3973503112793,"Unknown"
"7014855",371852,2025-07-31 16:47:34,43.3598022460938,-8.39733123779297,"Unknown"
"7014855",371852,2025-07-31 16:52:36,43.3598365783691,-8.39741802215576,"Unknown"
"7014855",371852,2025-07-31 16:57:44,43.3598136901855,-8.39737606048584,"Unknown"
"7014855",371852,2025-07-31 17:02:29,43.3598327636719,-8.39727401733398,"Unknown"
"7014855",371852,2025-07-31 17:07:28,43.3598594665527,-8.39746284484863,"Unknown"
"7014855",371852,2025-07-31 17:12:34,43.3598594665527,-8.39743804931641,"Unknown"
"7014855",371852,2025-07-31 17:17:38,43.3598365783691,-8.39737319946289,"Unknown"
"7014855",371852,2025-07-31 17:22:30,43.35986328125,-8.39776515960693,"Unknown"
"7014855",371852,2025-07-31 17:27:55,43.360050201416,-8.39729309082031,"Unknown"
"7014855",371852,2025-07-31 17:32:26,43.3600196838379,-8.39733219146729,"Unknown"
"7014855",371852,2025-07-31 17:37:27,43.359977722168,-8.39732360839844,"Unknown"
"7014855",371852,2025-07-31 17:42:26,43.3599586486816,-8.39732074737549,"Unknown"
"7014855",371852,2025-07-31 17:47:27,43.3599739074707,-8.3973560333252,"Unknown"
"7014855",371852,2025-07-31 17:52:27,43.3599243164062,-8.39743709564209,"Unknown"
"7014855",371852,2025-07-31 17:57:27,43.3599433898926,-8.39739990234375,"Unknown"
"7014855",371852,2025-07-31 18:02:27,43.3599510192871,-8.39724922180176,"Unknown"
"7014855",371852,2025-07-31 18:07:27,43.3599128723145,-8.39730834960938,"Unknown"
"7014855",371852,2025-07-31 18:12:26,43.3598403930664,-8.39813327789307,"Unknown"
"7014855",371852,2025-07-31 18:17:28,43.3599700927734,-8.39737701416016,"Unknown"
"7014855",371852,2025-07-31 18:22:28,43.3589782714844,-8.40051555633545,"Unknown"
"7014855",371852,2025-07-31 18:27:30,43.3589859008789,-8.40034294128418,"Unknown"
"7014855",371852,2025-07-31 18:32:28,43.3589859008789,-8.40045738220215,"Unknown"
"7014855",371852,2025-07-31 18:37:36,43.3589324951172,-8.40041065216064,"Unknown"
"7014855",371852,2025-07-31 18:42:28,43.3588333129883,-8.40026569366455,"Unknown"
"7014855",371852,2025-07-31 18:47:30,43.3589973449707,-8.40044498443604,"Unknown"
"7014855",371852,2025-07-31 18:52:36,43.3588943481445,-8.400315284729,"Unknown"
"7014855",371852,2025-07-31 18:57:30,43.3589134216309,-8.40040969848633,"Unknown"
"7014855",371852,2025-07-31 19:02:36,43.3588638305664,-8.4003324508667,"Unknown"
"7014855",371852,2025-07-31 19:07:36,43.3589134216309,-8.40039730072021,"Unknown"
"7014855",371852,2025-07-31 19:12:37,43.3588638305664,-8.40040874481201,"Unknown"
"7014855",371852,2025-07-31 19:17:34,43.3588333129883,-8.40027236938477,"Unknown"
"7014855",371852,2025-07-31 19:22:34,43.3588829040527,-8.40033149719238,"Unknown"
"7014855",371852,2025-07-31 19:27:38,43.3588638305664,-8.400559425354,"Unknown"
"7014855",371852,2025-07-31 19:32:28,43.3588218688965,-8.40023899078369,"Unknown"
"7014855",371852,2025-07-31 19:37:36,43.3589973449707,-8.40041065216064,"Unknown"
"7014855",371852,2025-07-31 19:42:44,43.359016418457,-8.40047645568848,"Unknown"
"7014855",371852,2025-07-31 19:47:27,43.359504699707,-8.4012975692749,"Unknown"
"7014855",371852,2025-07-31 19:52:28,43.35986328125,-8.399827003479,"Unknown"
"7014855",371852,2025-07-31 19:57:42,43.3596801757812,-8.40177154541016,"Unknown"
"7014855",371852,2025-07-31 20:02:33,43.3601531982422,-8.40265083312988,"Unknown"
"7014855",371852,2025-07-31 20:07:29,43.3594284057617,-8.40118503570557,"Unknown"
"7014855",371852,2025-07-31 20:12:36,43.3601531982422,-8.40265560150146,"Unknown"
"7014855",371852,2025-07-31 20:17:36,43.3603019714355,-8.40163993835449,"Unknown"
"7014855",371852,2025-07-31 20:22:59,43.3601264953613,-8.40263080596924,"Unknown"
"7014855",371852,2025-07-31 20:27:26,43.3599624633789,-8.40250492095947,"Unknown"
"7014855",371852,2025-07-31 20:32:31,43.3600273132324,-8.40255928039551,"Unknown"
"7014855",371852,2025-07-31 20:37:29,43.3598556518555,-8.40230560302734,"Unknown"
"7014855",371852,2025-07-31 20:42:26,43.3598556518555,-8.39878368377686,"Unknown"
"7014855",371852,2025-07-31 20:47:29,43.3600692749023,-8.40278339385986,"Unknown"
"7014855",371852,2025-07-31 20:52:28,43.3598556518555,-8.40234470367432,"Unknown"
"7014855",371852,2025-07-31 20:57:29,43.3595085144043,-8.40194702148438,"Unknown"
"7014855",371852,2025-07-31 21:02:28,43.3598556518555,-8.40255260467529,"Unknown"
"7014855",371852,2025-07-31 21:07:28,43.3601303100586,-8.40247821807861,"Unknown"
"7014855",371852,2025-07-31 21:12:29,43.3600006103516,-8.4025707244873,"Unknown"
"7014855",371852,2025-07-31 21:17:30,43.3598022460938,-8.4022045135498,"Unknown"
"7014855",371852,2025-07-31 21:22:38,43.3600234985352,-8.4027681350708,"Unknown"
"7014855",371852,2025-07-31 21:27:36,43.3601150512695,-8.40272521972656,"Unknown"
"7014855",371852,2025-07-31 21:32:36,43.3601226806641,-8.40259265899658,"Unknown"
"7014855",371852,2025-07-31 21:37:36,43.3599967956543,-8.40275859832764,"Unknown"
"7014855",371852,2025-07-31 21:42:36,43.3601760864258,-8.4027156829834,"Unknown"
"7014855",371852,2025-07-31 21:47:37,43.3600578308105,-8.40276050567627,"Unknown"
"7014855",371852,2025-07-31 21:52:36,43.3597602844238,-8.40270614624023,"Unknown"
"7014855",371852,2025-07-31 21:57:36,43.360107421875,-8.40268325805664,"Unknown"
"7014855",371852,2025-07-31 22:02:59,43.3600921630859,-8.40268611907959,"Unknown"
"7014855",371852,2025-07-31 22:07:26,43.3602142333984,-8.39965438842773,"Unknown"
"7014855",371852,2025-07-31 22:12:31,43.3602294921875,-8.40266418457031,"Unknown"
"7014855",371852,2025-07-31 22:17:27,43.359317779541,-8.40151309967041,"Unknown"
"7014855",371852,2025-07-31 22:22:36,43.359748840332,-8.40114593505859,"Unknown"
"7014855",371852,2025-07-31 22:27:33,43.3601226806641,-8.40188217163086,"Unknown"
"7014855",371852,2025-07-31 22:32:33,43.3604736328125,-8.4027156829834,"Unknown"
"7014855",371852,2025-07-31 22:37:44,43.3602676391602,-8.40273475646973,"Unknown"
"7014855",371852,2025-07-31 22:42:29,43.3602714538574,-8.40268707275391,"Unknown"
"7014855",371852,2025-07-31 22:47:26,43.3602256774902,-8.40280818939209,"Unknown"
"7014855",371852,2025-07-31 22:52:29,43.3602333068848,-8.40276527404785,"Unknown"
"7014855",371852,2025-07-31 22:57:31,43.3602142333984,-8.40256690979004,"Unknown"
"7014855",371852,2025-07-31 23:02:34,43.3601455688477,-8.40275478363037,"Unknown"
"7014855",371852,2025-07-31 23:07:36,43.3600845336914,-8.40292835235596,"Unknown"
"7014855",371852,2025-07-31 23:12:26,43.3598899841309,-8.401442527771,"Unknown"
"7014855",371852,2025-07-31 23:17:27,43.3593711853027,-8.39939498901367,"Unknown"
"7014855",371852,2025-07-31 23:22:33,43.3598747253418,-8.40201187133789,"Unknown"
"7014855",371852,2025-07-31 23:27:27,43.359992980957,-8.40223121643066,"Unknown"
"7014855",371852,2025-07-31 23:32:45,43.3601760864258,-8.40240669250488,"Unknown"
"7014855",371852,2025-07-31 23:37:26,43.3600540161133,-8.40242385864258,"Unknown"
"7014855",371852,2025-07-31 23:42:36,43.360221862793,-8.40249443054199,"Unknown"
"7014855",371852,2025-07-31 23:47:26,43.3597755432129,-8.40166473388672,"Unknown"
"7014855",371852,2025-07-31 23:52:26,43.3603515625,-8.39947128295898,"Unknown"
"7014855",371852,2025-07-31 23:57:33,43.3602447509766,-8.40256500244141,"Unknown"
"7014855",371852,2025-08-01 00:02:26,43.3601989746094,-8.40268135070801,"Unknown"
"7014855",371852,2025-08-01 00:07:26,43.3602600097656,-8.40262794494629,"Unknown"
"7014855",371852,2025-08-01 00:12:26,43.3601837158203,-8.40273952484131,"Unknown"
"7014855",371852,2025-08-01 00:17:36,43.3601684570312,-8.4026460647583,"Unknown"
"7014855",371852,2025-08-01 00:22:36,43.3603019714355,-8.40268230438232,"Unknown"
"7014855",371852,2025-08-01 00:27:36,43.3601875305176,-8.40281105041504,"Unknown"
"7014855",371852,2025-08-01 00:32:45,43.3601264953613,-8.40269660949707,"Unknown"
"7014855",371852,2025-08-01 00:37:36,43.3602561950684,-8.40257930755615,"Unknown"
"7014855",371852,2025-08-01 00:42:44,43.3602256774902,-8.40266132354736,"Unknown"
"7014855",371852,2025-08-01 00:47:31,43.360725402832,-8.4036693572998,"Unknown"
"7014855",371852,2025-08-01 00:52:37,43.3604774475098,-8.40212059020996,"Unknown"
"7014855",371852,2025-08-01 00:57:59,43.3602066040039,-8.40248584747314,"Unknown"
"7014855",371852,2025-08-01 01:02:35,43.3602333068848,-8.40281200408936,"Unknown"
"7014855",371852,2025-08-01 01:07:31,43.3600158691406,-8.4028205871582,"Unknown"
"7014855",371852,2025-08-01 01:12:31,43.3602447509766,-8.40277671813965,"Unknown"
"7014855",371852,2025-08-01 01:17:31,43.360279083252,-8.40270519256592,"Unknown"
"7014855",371852,2025-08-01 01:22:34,43.3602752685547,-8.40273761749268,"Unknown"
"7014855",371852,2025-08-01 01:27:31,43.3603057861328,-8.40276050567627,"Unknown"
"7014855",371852,2025-08-01 01:33:00,43.3597259521484,-8.40018463134766,"Unknown"
"7014855",371852,2025-08-01 01:37:29,43.3602447509766,-8.40261745452881,"Unknown"
"7014855",371852,2025-08-01 01:42:57,43.3601951599121,-8.40266609191895,"Unknown"
"7014855",371852,2025-08-01 01:47:26,43.3602561950684,-8.40265560150146,"Unknown"
"7014855",371852,2025-08-01 01:52:26,43.3601760864258,-8.40273666381836,"Unknown"
"7014855",371852,2025-08-01 01:57:27,43.3601417541504,-8.40258979797363,"Unknown"
"7014855",371852,2025-08-01 02:02:30,43.3601913452148,-8.40262413024902,"Unknown"
"7014855",371852,2025-08-01 02:07:26,43.3601951599121,-8.40260124206543,"Unknown"
"7014855",371852,2025-08-01 02:12:28,43.3603019714355,-8.40277576446533,"Unknown"
"7014855",371852,2025-08-01 02:17:31,43.3601837158203,-8.40255260467529,"Unknown"
"7014855",371852,2025-08-01 02:22:28,43.3602409362793,-8.40271472930908,"Unknown"
"7014855",371852,2025-08-01 02:27:29,43.3602638244629,-8.40275287628174,"Unknown"
"7014855",371852,2025-08-01 02:32:26,43.3596801757812,-8.39803218841553,"Unknown"
"7014855",371852,2025-08-01 02:37:26,43.3597106933594,-8.39812278747559,"Unknown"
"7014855",371852,2025-08-01 02:42:26,43.3601760864258,-8.4024600982666,"Unknown"
"7014855",371852,2025-08-01 02:47:26,43.359806060791,-8.39815521240234,"Unknown"
"7014855",371852,2025-08-01 02:52:28,43.3599090576172,-8.39764022827148,"Unknown"
"7014855",371852,2025-08-01 02:57:26,43.359748840332,-8.40181827545166,"Unknown"
"7014855",371852,2025-08-01 03:02:44,43.3596153259277,-8.40055370330811,"Unknown"
"7014855",371852,2025-08-01 03:07:26,43.3599891662598,-8.40243434906006,"Unknown"
"7014855",371852,2025-08-01 03:12:26,43.3603248596191,-8.40281963348389,"Unknown"
"7014855",371852,2025-08-01 03:17:26,43.3597068786621,-8.39973545074463,"Unknown"
"7014855",371852,2025-08-01 03:22:28,43.3595275878906,-8.40065765380859,"Unknown"
"7014855",371852,2025-08-01 03:27:29,43.3615913391113,-8.40484619140625,"Unknown"
"7014855",371852,2025-08-01 03:32:29,43.3587837219238,-8.40019035339355,"Unknown"
"7014855",371852,2025-08-01 03:37:36,43.3588752746582,-8.40017223358154,"Unknown"
"7014855",371852,2025-08-01 03:42:35,43.3588981628418,-8.40029144287109,"Unknown"
"7014855",371852,2025-08-01 03:47:59,43.3589515686035,-8.40034484863281,"Unknown"
"7014855",371852,2025-08-01 03:52:27,43.3589744567871,-8.40017127990723,"Unknown"
"7014855",371852,2025-08-01 03:57:28,43.3589057922363,-8.40024852752686,"Unknown"
"7014855",371852,2025-08-01 04:02:59,43.3590888977051,-8.40042495727539,"Unknown"
"7014855",371852,2025-08-01 04:07:26,43.3590316772461,-8.40039157867432,"Unknown"
"7014855",371852,2025-08-01 04:12:26,43.3591995239258,-8.40033531188965,"Unknown"
"7014855",371852,2025-08-01 04:17:26,43.3589782714844,-8.40034484863281,"Unknown"
"7014855",371852,2025-08-01 04:22:27,43.3591003417969,-8.40035915374756,"Unknown"
"7014855",371852,2025-08-01 04:27:27,43.3591232299805,-8.4004020690918,"Unknown"
"7014855",371852,2025-08-01 04:32:26,43.3591613769531,-8.40035820007324,"Unknown"
"7014855",371852,2025-08-01 04:37:26,43.3590888977051,-8.40049076080322,"Unknown"
"7014855",371852,2025-08-01 04:42:36,43.3591346740723,-8.40023994445801,"Unknown"
"7014855",371852,2025-08-01 04:47:46,43.3591842651367,-8.40030097961426,"Unknown"
"7014855",371852,2025-08-01 04:52:36,43.3591117858887,-8.40032482147217,"Unknown"
"7014855",371852,2025-08-01 04:57:37,43.3597717285156,-8.39997673034668,"Unknown"
"7014855",371852,2025-08-01 05:02:37,43.3600082397461,-8.3974552154541,"Unknown"
"7014855",371852,2025-08-01 05:07:36,43.3599243164062,-8.39711666107178,"Unknown"
"7014855",371852,2025-08-01 05:12:40,43.359676361084,-8.40151977539062,"Unknown"
"7014855",371852,2025-08-01 05:17:38,43.3592071533203,-8.40052223205566,"Unknown"
"7014855",371852,2025-08-01 05:22:43,43.3681983947754,-8.41017055511475,"Unknown"
"7014855",371852,2025-08-01 05:27:26,43.3785285949707,-8.43434619903564,"Unknown"
"7014855",371852,2025-08-01 05:32:31,43.3671684265137,-8.4978551864624,"Unknown"
"7014855",371852,2025-08-01 05:37:29,43.3594169616699,-8.55651664733887,"Unknown"
"7014855",371852,2025-08-01 05:42:33,43.3467674255371,-8.61160182952881,"Unknown"
"7014855",371852,2025-08-01 05:48:51,43.3421821594238,-8.67737579345703,"Unknown"
"7014855",371852,2025-08-01 05:52:36,43.3448524475098,-8.71345615386963,"Unknown"
"7014855",371852,2025-08-01 05:57:36,43.347957611084,-8.76251411437988,"Unknown"
"7014855",371852,2025-08-01 06:02:37,43.3520698547363,-8.8082103729248,"Unknown"
"7014855",371852,2025-08-01 06:07:45,43.3616943359375,-8.83914375305176,"Unknown"
"7014855",371852,2025-08-01 06:12:30,43.3599586486816,-8.84311389923096,"Unknown"
"7014855",371852,2025-08-01 06:17:38,43.3599891662598,-8.84314727783203,"Unknown"
"7014855",371852,2025-08-01 06:22:44,43.3598365783691,-8.84317588806152,"Unknown"
"7014855",371852,2025-08-01 06:27:36,43.3599472045898,-8.84315395355225,"Unknown"
"7014855",371852,2025-08-01 06:32:33,43.360034942627,-8.84302520751953,"Unknown"
"7014855",371852,2025-08-01 06:37:31,43.3600578308105,-8.8431339263916,"Unknown"
"7014855",371852,2025-08-01 06:42:30,43.3607368469238,-8.84474945068359,"Unknown"
"7014855",371852,2025-08-01 07:03:48,43.3633155822754,-8.84355354309082,"Unknown"
"7014855",371852,2025-08-01 07:07:30,43.360164642334,-8.84335803985596,"Unknown"
"7014855",371852,2025-08-01 07:12:31,43.3602523803711,-8.84313106536865,"Unknown"
"7014855",371852,2025-08-01 07:17:28,43.3605194091797,-8.84336090087891,"Unknown"
"7014855",371852,2025-08-01 07:22:34,43.3598594665527,-8.8431224822998,"Unknown"
"7014855",371852,2025-08-01 07:27:33,43.3602714538574,-8.84299564361572,"Unknown"
"7014855",371852,2025-08-01 07:32:28,43.361156463623,-8.84223747253418,"Unknown"
"7014855",371852,2025-08-01 07:37:31,43.3601989746094,-8.84315299987793,"Unknown"
"7014855",371852,2025-08-01 07:42:31,43.360294342041,-8.84302997589111,"Unknown"
"7014855",371852,2025-08-01 07:47:44,43.360237121582,-8.84304714202881,"Unknown"
"7014855",371852,2025-08-01 07:52:27,43.3603591918945,-8.84302425384521,"Unknown"
"7014855",371852,2025-08-01 07:57:28,43.3600120544434,-8.84299373626709,"Unknown"
"7014855",371852,2025-08-01 08:02:29,43.3602180480957,-8.84285545349121,"Unknown"
"7014855",371852,2025-08-01 08:07:28,43.3603019714355,-8.84377384185791,"Unknown"
"7014855",371852,2025-08-01 08:12:28,43.3602561950684,-8.84273624420166,"Unknown"
"7014855",371852,2025-08-01 08:17:29,43.3602714538574,-8.84272861480713,"Unknown"
"7014855",371852,2025-08-01 08:22:31,43.3600616455078,-8.84322643280029,"Unknown"
"7014855",371852,2025-08-01 08:27:51,43.3601379394531,-8.84283065795898,"Unknown"
"7014855",371852,2025-08-01 08:32:59,43.3600769042969,-8.84290409088135,"Unknown"
"7014855",371852,2025-08-01 08:37:26,43.3600845336914,-8.84278202056885,"Unknown"
"7014855",371852,2025-08-01 08:42:27,43.3600196838379,-8.84292697906494,"Unknown"
"7014855",371852,2025-08-01 08:47:30,43.3600654602051,-8.84298515319824,"Unknown"
"7014855",371852,2025-08-01 08:52:29,43.3600006103516,-8.84317398071289,"Unknown"
"7014855",371852,2025-08-01 08:57:27,43.3601036071777,-8.84292411804199,"Unknown"
"7014855",371852,2025-08-01 09:02:26,43.3445625305176,-8.83884143829346,"Unknown"
"7014855",371852,2025-08-01 09:07:26,43.3233604431152,-8.81728363037109,"Unknown"
"7014855",371852,2025-08-01 09:12:28,43.3238372802734,-8.8064546585083,"Unknown"
"7014855",371852,2025-08-01 09:17:29,43.3231010437012,-8.80620574951172,"Unknown"
"7014855",371852,2025-08-01 09:22:27,43.3230628967285,-8.80620002746582,"Unknown"
"7014855",371852,2025-08-01 09:27:26,43.322566986084,-8.80548000335693,"Unknown"
"7014855",371852,2025-08-01 09:32:34,43.3229217529297,-8.80504703521729,"Unknown"
"7014855",371852,2025-08-01 09:37:28,43.3236122131348,-8.80628108978271,"Unknown"
"7014855",371852,2025-08-01 09:42:30,43.323429107666,-8.80638217926025,"Unknown"
"7014855",371852,2025-08-01 09:47:27,43.3236541748047,-8.80620670318604,"Unknown"
"7014855",371852,2025-08-01 09:52:29,43.3235626220703,-8.80625247955322,"Unknown"
"7014855",371852,2025-08-01 09:57:30,43.3236083984375,-8.80619430541992,"Unknown"
"7014855",371852,2025-08-01 10:02:29,43.323429107666,-8.80631160736084,"Unknown"
"7014855",371852,2025-08-01 10:07:27,43.3235626220703,-8.80623531341553,"Unknown"
"7014855",371852,2025-08-01 10:12:42,43.3236846923828,-8.80617427825928,"Unknown"
"7014855",371852,2025-08-01 10:17:28,43.3236885070801,-8.806227684021,"Unknown"
"7014855",371852,2025-08-01 10:22:29,43.3236618041992,-8.80616188049316,"Unknown"
"7014855",371852,2025-08-01 10:27:30,43.3236389160156,-8.80623817443848,"Unknown"
"7014855",371852,2025-08-01 10:32:29,43.3236541748047,-8.80613327026367,"Unknown"
"7014855",371852,2025-08-01 10:37:27,43.321159362793,-8.80204772949219,"Unknown"
"7014855",371852,2025-08-01 10:42:29,43.3083648681641,-8.78980827331543,"Unknown"
"7014855",371852,2025-08-01 10:47:44,43.2952194213867,-8.80304908752441,"Unknown"
"7014855",371852,2025-08-01 10:52:28,43.290225982666,-8.80166625976562,"Unknown"
"7014855",371852,2025-08-01 10:57:28,43.2696342468262,-8.78530406951904,"Unknown"
"7014855",371852,2025-08-01 11:02:29,43.2683029174805,-8.77781581878662,"Unknown"
"7014855",371852,2025-08-01 11:07:30,43.2790336608887,-8.76926136016846,"Unknown"
"7014855",371852,2025-08-01 11:12:27,43.2865753173828,-8.76833152770996,"Unknown"
"7014855",371852,2025-08-01 11:17:41,43.2962608337402,-8.7551326751709,"Unknown"
"7014855",371852,2025-08-01 11:22:29,43.294246673584,-8.7299747467041,"Unknown"
"7014855",371852,2025-08-01 11:27:33,43.2887954711914,-8.70676708221436,"Unknown"
"7014855",371852,2025-08-01 11:32:27,43.2887954711914,-8.68195915222168,"Unknown"
"7014855",371852,2025-08-01 11:37:28,43.2967910766602,-8.66667366027832,"Unknown"
"7014855",371852,2025-08-01 11:42:28,43.2970275878906,-8.66666793823242,"Unknown"
"7014855",371852,2025-08-01 11:47:44,43.296947479248,-8.66665077209473,"Unknown"
"7014855",371852,2025-08-01 11:52:36,43.2986946105957,-8.66521263122559,"Unknown"
"7014855",371852,2025-08-01 11:57:36,43.3063888549805,-8.64480400085449,"Unknown"
"7014855",371852,2025-08-01 12:02:36,43.3154602050781,-8.62213802337646,"Unknown"
"7014855",371852,2025-08-01 12:07:44,43.3199119567871,-8.593505859375,"Unknown"
"7014855",371852,2025-08-01 12:12:27,43.312614440918,-8.56618785858154,"Unknown"
"7014855",371852,2025-08-01 12:17:36,43.3158950805664,-8.53845977783203,"Unknown"
"7014855",371852,2025-08-01 12:22:30,43.3239250183105,-8.52051162719727,"Unknown"
"7014855",371852,2025-08-01 12:27:28,43.3360404968262,-8.51071166992188,"Unknown"
"7014855",371852,2025-08-01 12:32:37,43.3466758728027,-8.53054809570312,"Unknown"
"7014855",371852,2025-08-01 12:37:37,43.3559303283691,-8.50601387023926,"Unknown"
"7014855",371852,2025-08-01 12:42:36,43.352409362793,-8.4776668548584,"Unknown"
"7014855",371852,2025-08-01 12:48:13,43.3669204711914,-8.45611572265625,"Unknown"
"7014855",371852,2025-08-01 12:53:28,43.3736839294434,-8.42818069458008,"Unknown"
"7014855",371852,2025-08-01 12:57:29,43.3590431213379,-8.39872169494629,"Unknown"
"7014855",371852,2025-08-01 13:02:27,43.3587951660156,-8.39822387695312,"Unknown"
"7014855",371852,2025-08-01 13:07:28,43.3587112426758,-8.39727973937988,"Unknown"
"7014855",371852,2025-08-01 13:13:14,43.3608512878418,-8.40124130249023,"Unknown"
"7014855",371852,2025-08-01 13:17:34,43.3607864379883,-8.40120983123779,"Unknown"
"7014855",371852,2025-08-01 13:22:44,43.3603096008301,-8.40083980560303,"Unknown"
"7014855",371852,2025-08-01 13:27:29,43.3601455688477,-8.40269470214844,"Unknown"
"7014855",371852,2025-08-01 13:32:43,43.3596343994141,-8.39963817596436,"Unknown"
"7014855",371852,2025-08-01 13:37:27,43.3598213195801,-8.3978328704834,"Unknown"
"7014855",371852,2025-08-01 13:42:43,43.3593139648438,-8.40103149414062,"Unknown"
"7014855",371852,2025-08-01 13:47:30,43.3596229553223,-8.39827156066895,"Unknown"
"7014855",371852,2025-08-01 13:52:57,43.359561920166,-8.39854907989502,"Unknown"
"7014855",371852,2025-08-01 13:57:37,43.3598213195801,-8.40005207061768,"Unknown"
"7014855",371852,2025-08-01 14:02:29,43.3601341247559,-8.39787292480469,"Unknown"
"7014855",371852,2025-08-01 14:07:37,43.3598594665527,-8.39734649658203,"Unknown"
"7014855",371852,2025-08-01 14:12:38,43.3597602844238,-8.39775943756104,"Unknown"
"7014855",371852,2025-08-01 14:17:27,43.3596115112305,-8.40085124969482,"Unknown"
"7014855",371852,2025-08-01 14:22:37,43.3598937988281,-8.39793014526367,"Unknown"
"7014855",371852,2025-08-01 14:28:20,43.3599510192871,-8.39734935760498,"Unknown"
"7014855",371852,2025-08-01 14:33:51,43.3597831726074,-8.39954090118408,"Unknown"
"7014855",371852,2025-08-01 14:38:51,43.3596839904785,-8.40022945404053,"Unknown"
"7014855",371852,2025-08-01 14:42:44,43.359790802002,-8.39741134643555,"Unknown"
"7014855",371852,2025-08-01 14:47:29,43.3597183227539,-8.39722537994385,"Unknown"
"7014855",371852,2025-08-01 14:52:27,43.359748840332,-8.39731979370117,"Unknown"
"7014855",371852,2025-08-01 14:57:29,43.3597183227539,-8.39740562438965,"Unknown"
"7014855",371852,2025-08-01 15:02:31,43.3599090576172,-8.39761829376221,"Unknown"
"7014855",371852,2025-08-01 15:07:30,43.359992980957,-8.39776706695557,"Unknown"
"7014855",371852,2025-08-01 15:12:34,43.3604354858398,-8.39860916137695,"Unknown"
"7014855",371852,2025-08-01 15:17:41,43.3680572509766,-8.41086483001709,"Unknown"
"7014855",371852,2025-08-01 15:22:29,43.3836669921875,-8.44248390197754,"Unknown"
"7014855",371852,2025-08-01 15:27:30,43.3557815551758,-8.49557495117188,"Unknown"
"7014855",371852,2025-08-01 15:32:38,43.3546714782715,-8.51988792419434,"Unknown"
"7014855",371852,2025-08-01 15:37:45,43.3544578552246,-8.51906681060791,"Unknown"
"7014855",371852,2025-08-01 15:42:30,43.3544769287109,-8.51916122436523,"Unknown"
"7014855",371852,2025-08-01 15:47:44,43.3544578552246,-8.51907348632812,"Unknown"
"7014855",371852,2025-08-01 15:52:29,43.3545188903809,-8.51929378509521,"Unknown"
"7014855",371852,2025-08-01 15:57:27,43.3545112609863,-8.51920223236084,"Unknown"
"7014855",371852,2025-08-01 16:02:29,43.3545341491699,-8.5192174911499,"Unknown"
"7014855",371852,2025-08-01 16:07:29,43.3544578552246,-8.51900672912598,"Unknown"
"7014855",371852,2025-08-01 16:12:37,43.3544464111328,-8.51908016204834,"Unknown"
"7014855",371852,2025-08-01 16:17:44,43.3544960021973,-8.51905059814453,"Unknown"
"7014855",371852,2025-08-01 16:22:30,43.3544692993164,-8.51904296875,"Unknown"
"7014855",371852,2025-08-01 16:27:57,43.3543853759766,-8.51912307739258,"Unknown"
"7014855",371852,2025-08-01 16:32:28,43.3544425964355,-8.51910781860352,"Unknown"
"7014855",371852,2025-08-01 16:37:28,43.3544654846191,-8.51908779144287,"Unknown"
"7014855",371852,2025-08-01 16:42:28,43.3544845581055,-8.51909255981445,"Unknown"
"7014855",371852,2025-08-01 16:47:27,43.3544311523438,-8.51915645599365,"Unknown"
"7014855",371852,2025-08-01 16:52:29,43.3544578552246,-8.51909446716309,"Unknown"
"7014855",371852,2025-08-01 16:57:28,43.3544235229492,-8.51912307739258,"Unknown"
"7014855",371852,2025-08-01 17:02:28,43.3502807617188,-8.52752494812012,"Unknown"
"7014855",371852,2025-08-01 17:07:28,43.3362312316895,-8.58157634735107,"Unknown"
"7014855",371852,2025-08-01 17:12:27,43.314640045166,-8.61279010772705,"Unknown"
"7014855",371852,2025-08-01 17:17:27,43.3097076416016,-8.63249111175537,"Unknown"
"7014855",371852,2025-08-01 17:22:29,43.3096466064453,-8.63245487213135,"Unknown"
"7014855",371852,2025-08-01 17:27:28,43.3098678588867,-8.63252639770508,"Unknown"
"7014855",371852,2025-08-01 17:32:28,43.3058204650879,-8.64104175567627,"Unknown"
"7014855",371852,2025-08-01 17:37:28,43.2907447814941,-8.70126819610596,"Unknown"
"7014855",371852,2025-08-01 17:42:29,43.2940368652344,-8.73964023590088,"Unknown"
"7014855",371852,2025-08-01 17:47:27,43.3041152954102,-8.78303337097168,"Unknown"
"7014855",371852,2025-08-01 17:52:27,43.3226737976074,-8.81426906585693,"Unknown"
"7014855",371852,2025-08-01 17:57:27,43.3413047790527,-8.83162212371826,"Unknown"
"7014855",371852,2025-08-01 18:02:27,43.360969543457,-8.8451566696167,"Unknown"
"7014855",371852,2025-08-01 18:07:30,43.3600273132324,-8.84294509887695,"Unknown"
"7014855",371852,2025-08-01 18:13:51,43.3608360290527,-8.84412860870361,"Unknown"
"7014855",371852,2025-08-01 18:18:10,43.3607444763184,-8.84418678283691,"Unknown"
"7014855",371852,2025-08-01 18:22:49,43.3604698181152,-8.84410667419434,"Unknown"
"7014855",371852,2025-08-01 18:28:25,43.3616790771484,-8.84316349029541,"Unknown"
"7014855",371852,2025-08-01 18:32:28,43.3609237670898,-8.84397602081299,"Unknown"
"7014855",371852,2025-08-01 18:37:29,43.3599815368652,-8.84300899505615,"Unknown"
"7014855",371852,2025-08-01 18:42:32,43.3600692749023,-8.8430347442627,"Unknown"
"7014855",371852,2025-08-01 18:47:29,43.3600654602051,-8.84306049346924,"Unknown"
"7014855",371852,2025-08-01 18:52:31,43.3598976135254,-8.84297180175781,"Unknown"
"7014855",371852,2025-08-01 18:57:35,43.3599967956543,-8.84299373626709,"Unknown"
"7014855",371852,2025-08-01 19:02:29,43.3600425720215,-8.84304332733154,"Unknown"
"7014855",371852,2025-08-01 19:07:30,43.359619140625,-8.8424768447876,"Unknown"
"7014855",371852,2025-08-01 19:12:32,43.3600082397461,-8.84296894073486,"Unknown"
"7014855",371852,2025-08-01 19:17:29,43.3598022460938,-8.8430004119873,"Unknown"
"7014855",371852,2025-08-01 19:22:28,43.3602294921875,-8.84352684020996,"Unknown"
"7014855",371852,2025-08-01 19:27:36,43.3600845336914,-8.84299373626709,"Unknown"
"7014855",371852,2025-08-01 19:32:28,43.359935760498,-8.84372711181641,"Unknown"
"7014855",371852,2025-08-01 19:37:29,43.3599891662598,-8.84298896789551,"Unknown"
"7014855",371852,2025-08-01 19:42:29,43.3599662780762,-8.84300231933594,"Unknown"
"7014855",371852,2025-08-01 19:47:29,43.359935760498,-8.84298324584961,"Unknown"
"7014855",371852,2025-08-01 19:52:29,43.360164642334,-8.8430814743042,"Unknown"
"7014855",371852,2025-08-01 19:57:30,43.3600273132324,-8.84274673461914,"Unknown"
"7014855",371852,2025-08-01 20:02:31,43.359977722168,-8.84305763244629,"Unknown"
"7014855",371852,2025-08-01 20:07:28,43.3601036071777,-8.84291839599609,"Unknown"
"7014855",371852,2025-08-01 20:12:30,43.360050201416,-8.84303283691406,"Unknown"
"7014855",371852,2025-08-01 20:17:29,43.3600425720215,-8.84305381774902,"Unknown"
"7014855",371852,2025-08-01 20:22:29,43.3600883483887,-8.84298610687256,"Unknown"
"7014855",371852,2025-08-01 20:27:44,43.3600921630859,-8.84302806854248,"Unknown"
"7014855",371852,2025-08-01 20:32:28,43.3600082397461,-8.84298515319824,"Unknown"
"7014855",371852,2025-08-01 20:37:28,43.3600540161133,-8.84294128417969,"Unknown"
"7014855",371852,2025-08-01 20:42:34,43.3600425720215,-8.84305095672607,"Unknown"
"7014855",371852,2025-08-01 20:47:44,43.3600044250488,-8.84304237365723,"Unknown"
"7014855",371852,2025-08-01 20:52:32,43.3600883483887,-8.84293365478516,"Unknown"
"7014855",371852,2025-08-01 20:57:29,43.3600425720215,-8.84305572509766,"Unknown"
"7014855",371852,2025-08-01 21:02:30,43.3600692749023,-8.84309959411621,"Unknown"
"7014855",371852,2025-08-01 21:08:04,43.3600730895996,-8.84299564361572,"Unknown"
"7014855",371852,2025-08-01 21:12:29,43.3600730895996,-8.84296703338623,"Unknown"
"7014855",371852,2025-08-01 21:17:44,43.3600730895996,-8.84297466278076,"Unknown"
"7014855",371852,2025-08-01 21:22:27,43.3600387573242,-8.84297847747803,"Unknown"
"7014855",371852,2025-08-01 21:27:27,43.3600311279297,-8.84295749664307,"Unknown"
"7014855",371852,2025-08-01 21:32:27,43.3601341247559,-8.8428897857666,"Unknown"
"7014855",371852,2025-08-01 21:37:27,43.3600540161133,-8.8430290222168,"Unknown"
"7014855",371852,2025-08-01 21:42:27,43.3601951599121,-8.84289455413818,"Unknown"
"7014855",371852,2025-08-01 21:47:29,43.3601150512695,-8.84295845031738,"Unknown"
"7014855",371852,2025-08-01 21:52:31,43.3601417541504,-8.84285068511963,"Unknown"
"7014855",371852,2025-08-01 21:57:32,43.3601036071777,-8.84292697906494,"Unknown"
"7014855",371852,2025-08-01 22:02:44,43.3600883483887,-8.84298229217529,"Unknown"
"7014855",371852,2025-08-01 22:07:29,43.3600807189941,-8.84288311004639,"Unknown"
"7014855",371852,2025-08-01 22:12:29,43.3601264953613,-8.84304332733154,"Unknown"
"7014855",371852,2025-08-01 22:17:30,43.3601226806641,-8.84294319152832,"Unknown"
"7014855",371852,2025-08-01 22:22:31,43.3601379394531,-8.84295749664307,"Unknown"
"7014855",371852,2025-08-01 22:27:30,43.3601303100586,-8.84303855895996,"Unknown"
"7014855",371852,2025-08-01 22:32:31,43.3600616455078,-8.8428201675415,"Unknown"
"7014855",371852,2025-08-01 22:37:29,43.3599510192871,-8.84288120269775,"Unknown"
"7014855",371852,2025-08-01 22:42:34,43.3600997924805,-8.84288311004639,"Unknown"
"7014855",371852,2025-08-01 22:47:44,43.3601722717285,-8.84302616119385,"Unknown"
"7014855",371852,2025-08-01 22:52:28,43.3601226806641,-8.84294891357422,"Unknown"
"7014855",371852,2025-08-01 22:57:27,43.3598327636719,-8.84317779541016,"Unknown"
"7014855",371852,2025-08-01 23:02:30,43.3600425720215,-8.84307479858398,"Unknown"
"7014855",371852,2025-08-01 23:07:28,43.3601722717285,-8.84302139282227,"Unknown"
"7014855",371852,2025-08-01 23:12:27,43.3602409362793,-8.84305000305176,"Unknown"
"7014855",371852,2025-08-01 23:17:35,43.3601226806641,-8.84312438964844,"Unknown"
"7014855",371852,2025-08-01 23:22:30,43.3601036071777,-8.84312629699707,"Unknown"
"7014855",371852,2025-08-01 23:27:34,43.3600273132324,-8.8431282043457,"Unknown"
"7014855",371852,2025-08-01 23:33:05,43.3600845336914,-8.84301853179932,"Unknown"
"7014855",371852,2025-08-01 23:37:27,43.3600921630859,-8.84293270111084,"Unknown"
"7014855",371852,2025-08-01 23:42:29,43.3601112365723,-8.84302425384521,"Unknown"
"7014855",371852,2025-08-01 23:47:28,43.3600883483887,-8.84302806854248,"Unknown"
"7014855",371852,2025-08-01 23:52:27,43.360107421875,-8.84298229217529,"Unknown"
"7014855",371852,2025-08-01 23:57:27,43.3601036071777,-8.84306716918945,"Unknown"
"7014855",371852,2025-08-02 00:02:27,43.3601112365723,-8.84305095672607,"Unknown"
"7014855",371852,2025-08-02 00:07:28,43.3600616455078,-8.84301090240479,"Unknown"
"7014855",371852,2025-08-02 00:12:27,43.3601570129395,-8.84300994873047,"Unknown"
"7014855",371852,2025-08-02 00:17:27,43.3601493835449,-8.84300804138184,"Unknown"
"7014855",371852,2025-08-02 00:22:28,43.3600463867188,-8.84302806854248,"Unknown"
"7014855",371852,2025-08-02 00:27:31,43.3601875305176,-8.8430871963501,"Unknown"
"7014855",371852,2025-08-02 00:32:29,43.3600616455078,-8.84294700622559,"Unknown"
"7014855",371852,2025-08-02 00:37:30,43.3603935241699,-8.84319972991943,"Unknown"
"7014855",371852,2025-08-02 00:42:29,43.3599815368652,-8.84290981292725,"Unknown"
"7014855",371852,2025-08-02 00:47:30,43.360107421875,-8.84298515319824,"Unknown"
"7014855",371852,2025-08-02 00:52:29,43.3600616455078,-8.84291934967041,"Unknown"
"7014855",371852,2025-08-02 00:57:32,43.3600311279297,-8.84286212921143,"Unknown"
"7014855",371852,2025-08-02 01:02:37,43.3601112365723,-8.84293270111084,"Unknown"
"7014855",371852,2025-08-02 01:07:29,43.3600845336914,-8.84296607971191,"Unknown"
"7014855",371852,2025-08-02 01:12:29,43.3600425720215,-8.84286975860596,"Unknown"
"7014855",371852,2025-08-02 01:17:30,43.3599510192871,-8.84276008605957,"Unknown"
"7014855",371852,2025-08-02 01:22:32,43.3601226806641,-8.84296798706055,"Unknown"
"7014855",371852,2025-08-02 01:27:28,43.3601303100586,-8.84286403656006,"Unknown"
"7014855",371852,2025-08-02 01:32:32,43.3601264953613,-8.84296035766602,"Unknown"
"7014855",371852,2025-08-02 01:37:42,43.3601379394531,-8.84304237365723,"Unknown"
"7014855",371852,2025-08-02 01:42:28,43.3600730895996,-8.84308052062988,"Unknown"
"7014855",371852,2025-08-02 01:47:27,43.3601226806641,-8.84294700622559,"Unknown"
"7014855",371852,2025-08-02 01:52:31,43.3598251342773,-8.84247970581055,"Unknown"
"7014855",371852,2025-08-02 01:57:28,43.3601341247559,-8.84340381622314,"Unknown"
"7014855",371852,2025-08-02 02:02:31,43.3602409362793,-8.84334945678711,"Unknown"
"7014855",371852,2025-08-02 02:07:44,43.3600730895996,-8.84299945831299,"Unknown"
"7014855",371852,2025-08-02 02:12:32,43.3602638244629,-8.84274673461914,"Unknown"
"7014855",371852,2025-08-02 02:17:28,43.3600158691406,-8.84309959411621,"Unknown"
"7014855",371852,2025-08-02 02:22:30,43.3601036071777,-8.84301376342773,"Unknown"
"7014855",371852,2025-08-02 02:27:30,43.3601379394531,-8.84307193756104,"Unknown"
"7014855",371852,2025-08-02 02:32:29,43.3600883483887,-8.84304332733154,"Unknown"
"7014855",371852,2025-08-02 02:37:29,43.3601264953613,-8.843017578125,"Unknown"
"7014855",371852,2025-08-02 02:42:39,43.3600578308105,-8.84297561645508,"Unknown"
"7014855",371852,2025-08-02 02:47:59,43.3600769042969,-8.84292697906494,"Unknown"
"7014855",371852,2025-08-02 02:52:28,43.3600921630859,-8.84292793273926,"Unknown"
"7014855",371852,2025-08-02 02:57:27,43.3601379394531,-8.84300136566162,"Unknown"
"7014855",371852,2025-08-02 03:02:27,43.3601264953613,-8.84280490875244,"Unknown"
"7014855",371852,2025-08-02 03:07:27,43.3602027893066,-8.84298610687256,"Unknown"
"7014855",371852,2025-08-02 03:12:27,43.3601684570312,-8.84306812286377,"Unknown"
"7014855",371852,2025-08-02 03:17:27,43.3601989746094,-8.84300136566162,"Unknown"
"7014855",371852,2025-08-02 03:22:27,43.3600769042969,-8.84304046630859,"Unknown"
"7014855",371852,2025-08-02 03:27:27,43.3600616455078,-8.84294891357422,"Unknown"
"7014855",371852,2025-08-02 03:32:29,43.3601951599121,-8.84320259094238,"Unknown"
"7014855",371852,2025-08-02 03:37:37,43.3601226806641,-8.8430290222168,"Unknown"
"7014855",371852,2025-08-02 03:42:37,43.3601150512695,-8.84295272827148,"Unknown"
"7014855",371852,2025-08-02 03:47:37,43.3600845336914,-8.84297943115234,"Unknown"
"7014855",371852,2025-08-02 03:52:40,43.360050201416,-8.84290790557861,"Unknown"
"7014855",371852,2025-08-02 03:57:28,43.3596611022949,-8.84264087677002,"Unknown"
"7014855",371852,2025-08-02 04:02:36,43.3599433898926,-8.84287929534912,"Unknown"
"7014855",371852,2025-08-02 04:07:31,43.3599662780762,-8.84293556213379,"Unknown"
"7014855",371852,2025-08-02 04:12:31,43.3599090576172,-8.84287261962891,"Unknown"
"7014855",371852,2025-08-02 04:17:59,43.359992980957,-8.84294986724854,"Unknown"
"7014855",371852,2025-08-02 04:22:27,43.3600654602051,-8.8430233001709,"Unknown"
"7014855",371852,2025-08-02 04:27:27,43.3600196838379,-8.84303665161133,"Unknown"
"7014855",371852,2025-08-02 04:32:31,43.3600120544434,-8.84298229217529,"Unknown"
"7014855",371852,2025-08-02 04:37:27,43.3619117736816,-8.84074401855469,"Unknown"
"7014855",371852,2025-08-02 04:42:28,43.3599853515625,-8.83257293701172,"Unknown"
"7014855",371852,2025-08-02 04:48:51,43.3390846252441,-8.82184219360352,"Unknown"
"7014855",371852,2025-08-02 04:53:05,43.3232154846191,-8.8056173324585,"Unknown"
"7014855",371852,2025-08-02 04:57:29,43.3109092712402,-8.79540538787842,"Unknown"
"7014855",371852,2025-08-02 05:02:29,43.3003349304199,-8.76977348327637,"Unknown"
"7014855",371852,2025-08-02 05:07:27,43.2939796447754,-8.74721336364746,"Unknown"
"7014855",371852,2025-08-02 05:12:29,43.2939033508301,-8.74620151519775,"Unknown"
"7014855",371852,2025-08-02 05:17:28,43.2959938049316,-8.7495174407959,"Unknown"
"7014855",371852,2025-08-02 05:22:28,43.2969055175781,-8.7462100982666,"Unknown"
"7014855",371852,2025-08-02 05:27:37,43.2935256958008,-8.73581981658936,"Unknown"
"7014855",371852,2025-08-02 05:32:27,43.2928314208984,-8.7088623046875,"Unknown"
"7014855",371852,2025-08-02 05:37:28,43.2964744567871,-8.68055152893066,"Unknown"
"7014855",371852,2025-08-02 05:42:28,43.3047142028809,-8.65207958221436,"Unknown"
"7014855",371852,2025-08-02 05:47:27,43.3151741027832,-8.62427520751953,"Unknown"
"7014855",371852,2025-08-02 05:52:28,43.319263458252,-8.59543418884277,"Unknown"
"7014855",371852,2025-08-02 05:57:28,43.3175926208496,-8.56351757049561,"Unknown"
"7014855",371852,2025-08-02 06:02:28,43.3282241821289,-8.53802967071533,"Unknown"
"7014855",371852,2025-08-02 06:07:29,43.3392372131348,-8.51623630523682,"Unknown"
"7014855",371852,2025-08-02 06:12:28,43.352481842041,-8.50430679321289,"Unknown"
"7014855",371852,2025-08-02 06:17:28,43.3581161499023,-8.48497009277344,"Unknown"
"7014855",371852,2025-08-02 06:22:30,43.3523712158203,-8.48105144500732,"Unknown"
"7014855",371852,2025-08-02 06:27:29,43.352367401123,-8.48107433319092,"Unknown"
"7014855",371852,2025-08-02 06:32:28,43.3524894714355,-8.48094367980957,"Unknown"
"7014855",371852,2025-08-02 06:37:28,43.3575668334961,-8.46669483184814,"Unknown"
"7014855",371852,2025-08-02 06:42:28,43.3559837341309,-8.43013286590576,"Unknown"
"7014855",371852,2025-08-02 06:47:28,43.3597145080566,-8.40056991577148,"Unknown"
"7014855",371852,2025-08-02 06:52:45,43.3601570129395,-8.40015316009521,"Unknown"
"7014855",371852,2025-08-02 06:57:31,43.3600921630859,-8.40006351470947,"Unknown"
"7014855",371852,2025-08-02 07:02:39,43.3594932556152,-8.39756774902344,"Unknown"
"7014855",371852,2025-08-02 07:07:28,43.3596611022949,-8.39724063873291,"Unknown"
"7014855",371852,2025-08-02 07:12:34,43.3597030639648,-8.3974666595459,"Unknown"
"7014855",371852,2025-08-02 07:17:28,43.359790802002,-8.39745712280273,"Unknown"
"7014855",371852,2025-08-02 07:22:30,43.3598899841309,-8.39757061004639,"Unknown"
"7014855",371852,2025-08-02 07:27:27,43.3597183227539,-8.40239524841309,"Unknown"
"7014855",371852,2025-08-02 07:32:38,43.3615989685059,-8.40540027618408,"Unknown"
"7014855",371852,2025-08-02 07:37:39,43.363224029541,-8.40526008605957,"Unknown"
"7014855",371852,2025-08-02 07:42:38,43.3629150390625,-8.4053201675415,"Unknown"
"7014855",371852,2025-08-02 07:47:59,43.3587646484375,-8.40139579772949,"Unknown"
"7014855",371852,2025-08-02 07:52:36,43.3595504760742,-8.3981876373291,"Unknown"
"7014855",371852,2025-08-02 07:57:36,43.3595352172852,-8.39772415161133,"Unknown"
"7014855",371852,2025-08-02 08:02:45,43.3598594665527,-8.3975887298584,"Unknown"
"7014855",371852,2025-08-02 08:07:36,43.3603858947754,-8.40685749053955,"Unknown"
"7014855",371852,2025-08-02 08:12:36,43.3779449462891,-8.43322563171387,"Unknown"
"7014855",371852,2025-08-02 08:17:29,43.3544006347656,-8.45779609680176,"Unknown"
"7014855",371852,2025-08-02 08:22:28,43.3543586730957,-8.45843124389648,"Unknown"
"7014855",371852,2025-08-02 08:27:31,43.3563194274902,-8.45868396759033,"Unknown"
"7014855",371852,2025-08-02 08:32:34,43.3564033508301,-8.45719528198242,"Unknown"
"7014855",371852,2025-08-02 08:37:31,43.3565139770508,-8.45737648010254,"Unknown"
"7014855",371852,2025-08-02 08:42:33,43.3565635681152,-8.45746040344238,"Unknown"
"7014855",371852,2025-08-02 08:48:31,43.3530120849609,-8.48089027404785,"Unknown"
"7014855",371852,2025-08-02 08:52:29,43.3529243469238,-8.48054790496826,"Unknown"
"7014855",371852,2025-08-02 08:57:28,43.3530540466309,-8.48035526275635,"Unknown"
"7014855",371852,2025-08-02 09:02:28,43.3530044555664,-8.48042774200439,"Unknown"
"7014855",371852,2025-08-02 09:07:29,43.353084564209,-8.48106575012207,"Unknown"
"7014855",371852,2025-08-02 09:12:29,43.3525772094727,-8.47841167449951,"Unknown"
"7014855",371852,2025-08-02 09:17:28,43.3607978820801,-8.46118259429932,"Unknown"
"7014855",371852,2025-08-02 09:22:30,43.3562889099121,-8.45680141448975,"Unknown"
"7014855",371852,2025-08-02 09:27:29,43.3563079833984,-8.4568338394165,"Unknown"
"7014855",371852,2025-08-02 09:32:28,43.3526458740234,-8.44914722442627,"Unknown"
"7014855",371852,2025-08-02 09:37:29,43.3349266052246,-8.43656730651855,"Unknown"
"7014855",371852,2025-08-02 09:42:28,43.3111267089844,-8.44022750854492,"Unknown"
"7014855",371852,2025-08-02 09:47:35,43.2903518676758,-8.4508695602417,"Unknown"
"7014855",371852,2025-08-02 09:52:30,43.2704010009766,-8.46481037139893,"Unknown"
"7014855",371852,2025-08-02 09:57:34,43.2292823791504,-8.47218990325928,"Unknown"
"7014855",371852,2025-08-02 10:03:13,43.1970481872559,-8.46652507781982,"Unknown"
"7014855",371852,2025-08-02 10:07:30,43.1785202026367,-8.47537612915039,"Unknown"
"7014855",371852,2025-08-02 10:12:34,43.1307258605957,-8.47212505340576,"Unknown"
"7014855",371852,2025-08-02 10:17:28,43.1299781799316,-8.47175884246826,"Unknown"
"7014855",371852,2025-08-02 10:22:29,43.1301307678223,-8.47159767150879,"Unknown"
"7014855",371852,2025-08-02 10:27:28,43.1302108764648,-8.47145080566406,"Unknown"
"7014855",371852,2025-08-02 10:32:29,43.1302375793457,-8.47131824493408,"Unknown"
"7014855",371852,2025-08-02 10:37:30,43.1302947998047,-8.4713077545166,"Unknown"
"7014855",371852,2025-08-02 10:42:29,43.1304206848145,-8.47175312042236,"Unknown"
"7014855",371852,2025-08-02 10:47:28,43.130298614502,-8.47146511077881,"Unknown"
"7014855",371852,2025-08-02 10:52:30,43.1332054138184,-8.47024059295654,"Unknown"
"7014855",371852,2025-08-02 10:57:33,43.1328811645508,-8.47025108337402,"Unknown"
"7014855",371852,2025-08-02 11:02:42,43.1330413818359,-8.47019481658936,"Unknown"
"7014855",371852,2025-08-02 11:07:28,43.1287994384766,-8.47542953491211,"Unknown"
"7014855",371852,2025-08-02 11:12:29,43.1038360595703,-8.49551773071289,"Unknown"
"7014855",371852,2025-08-02 11:17:28,43.099063873291,-8.50645351409912,"Unknown"
"7014855",371852,2025-08-02 11:22:28,43.107551574707,-8.52262210845947,"Unknown"
"7014855",371852,2025-08-02 11:27:36,43.1094207763672,-8.54081439971924,"Unknown"
"7014855",371852,2025-08-02 11:32:28,43.1213455200195,-8.55894947052002,"Unknown"
"7014855",371852,2025-08-02 11:37:37,43.150089263916,-8.57276916503906,"Unknown"
"7014855",371852,2025-08-02 11:42:28,43.1579208374023,-8.58525466918945,"Unknown"
"7014855",371852,2025-08-02 11:47:28,43.1764945983887,-8.59849452972412,"Unknown"
"7014855",371852,2025-08-02 11:52:28,43.1935615539551,-8.61446857452393,"Unknown"
"7014855",371852,2025-08-02 11:57:29,43.202564239502,-8.65927791595459,"Unknown"
"7014855",371852,2025-08-02 12:02:36,43.2132835388184,-8.6890926361084,"Unknown"
"7014855",371852,2025-08-02 12:07:39,43.2312393188477,-8.69969272613525,"Unknown"
"7014855",371852,2025-08-02 12:12:52,43.2467842102051,-8.72812747955322,"Unknown"
"7014855",371852,2025-08-02 12:17:59,43.2623291015625,-8.76209831237793,"Unknown"
"7014855",371852,2025-08-02 12:22:27,43.268310546875,-8.78817272186279,"Unknown"
"7014855",371852,2025-08-02 12:27:28,43.2845764160156,-8.79741764068604,"Unknown"
"7014855",371852,2025-08-02 12:32:28,43.3035011291504,-8.78918075561523,"Unknown"
"7014855",371852,2025-08-02 12:37:27,43.3212699890137,-8.80768775939941,"Unknown"
"7014855",371852,2025-08-02 12:42:29,43.3378601074219,-8.82940864562988,"Unknown"
"7014855",371852,2025-08-02 12:47:27,43.3400688171387,-8.82954025268555,"Unknown"
"7014855",371852,2025-08-02 12:52:33,43.3607902526855,-8.84764671325684,"Unknown"
"7014855",371852,2025-08-02 12:57:44,43.3599395751953,-8.84305000305176,"Unknown"
"7014855",371852,2025-08-02 13:02:31,43.3607635498047,-8.84577178955078,"Unknown"
"7014855",371852,2025-08-02 13:07:31,43.3520965576172,-8.83122444152832,"Unknown"
"7014855",371852,2025-08-02 13:12:40,43.3460693359375,-8.84069061279297,"Unknown"
"7014855",371852,2025-08-02 13:17:59,43.3459091186523,-8.84252262115479,"Unknown"
"7014855",371852,2025-08-02 13:22:27,43.3451118469238,-8.84354496002197,"Unknown"
"7014855",371852,2025-08-02 13:27:36,43.3442230224609,-8.8420352935791,"Unknown"
"7014855",371852,2025-08-02 13:32:27,43.3406219482422,-8.82989311218262,"Unknown"
"7014855",371852,2025-08-02 13:37:36,43.3404273986816,-8.82966709136963,"Unknown"
"7014855",371852,2025-08-02 13:42:27,43.3432807922363,-8.82752418518066,"Unknown"
"7014855",371852,2025-08-02 13:47:44,43.3405151367188,-8.82918167114258,"Unknown"
"7014855",371852,2025-08-02 13:52:36,43.3405456542969,-8.82938098907471,"Unknown"
"7014855",371852,2025-08-02 13:57:36,43.3405418395996,-8.8292875289917,"Unknown"
"7014855",371852,2025-08-02 14:02:36,43.340518951416,-8.82951927185059,"Unknown"
"7014855",371852,2025-08-02 14:07:37,43.3405532836914,-8.82950305938721,"Unknown"
"7014855",371852,2025-08-02 14:12:39,43.3405456542969,-8.82957649230957,"Unknown"
"7014855",371852,2025-08-02 14:17:41,43.3405494689941,-8.82956886291504,"Unknown"
"7014855",371852,2025-08-02 14:22:42,43.340633392334,-8.83003807067871,"Unknown"
"7014855",371852,2025-08-02 14:27:36,43.3197631835938,-8.82226848602295,"Unknown"
"7014855",371852,2025-08-02 14:32:59,43.3105888366699,-8.79390621185303,"Unknown"
"7014855",371852,2025-08-02 14:37:29,43.3054695129395,-8.78820037841797,"Unknown"
"7014855",371852,2025-08-02 14:42:27,43.3044738769531,-8.78573226928711,"Unknown"
"7014855",371852,2025-08-02 14:47:27,43.3049545288086,-8.78645706176758,"Unknown"
"7014855",371852,2025-08-02 14:52:28,43.3091506958008,-8.78948783874512,"Unknown"
"7014855",371852,2025-08-02 14:57:27,43.3096580505371,-8.79072666168213,"Unknown"
"7014855",371852,2025-08-02 15:02:27,43.3019599914551,-8.7785005569458,"Unknown"
"7014855",371852,2025-08-02 15:07:28,43.2986602783203,-8.75736141204834,"Unknown"
"7014855",371852,2025-08-02 15:12:28,43.2954902648926,-8.72590351104736,"Unknown"
"7014855",371852,2025-08-02 15:17:28,43.2899360656738,-8.6998987197876,"Unknown"
"7014855",371852,2025-08-02 15:22:28,43.2874221801758,-8.67232036590576,"Unknown"
"7014855",371852,2025-08-02 15:27:28,43.2929916381836,-8.66546249389648,"Unknown"
"7014855",371852,2025-08-02 15:32:28,43.3033981323242,-8.65284442901611,"Unknown"
"7014855",371852,2025-08-02 15:37:28,43.3107833862305,-8.63299369812012,"Unknown"
"7014855",371852,2025-08-02 15:42:28,43.3164596557617,-8.60741233825684,"Unknown"
"7014855",371852,2025-08-02 15:47:28,43.317211151123,-8.58098316192627,"Unknown"
"7014855",371852,2025-08-02 15:52:29,43.3110847473145,-8.55564498901367,"Unknown"
"7014855",371852,2025-08-02 15:57:29,43.3137626647949,-8.53287601470947,"Unknown"
"7014855",371852,2025-08-02 16:02:28,43.3277549743652,-8.51603507995605,"Unknown"
"7014855",371852,2025-08-02 16:07:29,43.3342895507812,-8.50009536743164,"Unknown"
"7014855",371852,2025-08-02 16:12:29,43.3502540588379,-8.48842239379883,"Unknown"
"7014855",371852,2025-08-02 16:17:30,43.3582992553711,-8.4668025970459,"Unknown"
"7014855",371852,2025-08-02 16:22:30,43.3580360412598,-8.45546722412109,"Unknown"
"7014855",371852,2025-08-02 16:27:29,43.3480606079102,-8.44524955749512,"Unknown"
"7014855",371852,2025-08-02 16:32:31,43.3551216125488,-8.4232816696167,"Unknown"
"7014855",371852,2025-08-02 16:37:28,43.3535194396973,-8.39344310760498,"Unknown"
"7014855",371852,2025-08-02 16:42:30,43.3596534729004,-8.40200901031494,"Unknown"
"7014855",371852,2025-08-02 16:47:38,43.3597412109375,-8.39749526977539,"Unknown"
"7014855",371852,2025-08-02 16:52:30,43.3596954345703,-8.3973331451416,"Unknown"
"7014855",371852,2025-08-02 16:57:31,43.3596687316895,-8.39727210998535,"Unknown"
"7014855",371852,2025-08-02 17:02:28,43.3602409362793,-8.40389823913574,"Unknown"
"7014855",371852,2025-08-02 17:07:29,43.3766784667969,-8.42722225189209,"Unknown"
"7014855",371852,2025-08-02 17:12:32,43.3563919067383,-8.45710945129395,"Unknown"
"7014855",371852,2025-08-02 17:17:34,43.3561248779297,-8.4568977355957,"Unknown"
"7014855",371852,2025-08-02 17:22:31,43.3570442199707,-8.45767593383789,"Unknown"
"7014855",371852,2025-08-02 17:27:36,43.3587303161621,-8.45606136322021,"Unknown"
"7014855",371852,2025-08-02 17:32:34,43.3399429321289,-8.44653606414795,"Unknown"
"7014855",371852,2025-08-02 17:37:59,43.3069763183594,-8.45613479614258,"Unknown"
"7014855",371852,2025-08-02 17:42:29,43.2863655090332,-8.44769954681396,"Unknown"
"7014855",371852,2025-08-02 17:47:30,43.2768020629883,-8.44048500061035,"Unknown"
"7014855",371852,2025-08-02 17:52:36,43.245735168457,-8.43541622161865,"Unknown"
"7014855",371852,2025-08-02 17:57:30,43.203125,-8.45143127441406,"Unknown"
"7014855",371852,2025-08-02 18:02:30,43.1626281738281,-8.46006488800049,"Unknown"
"7014855",371852,2025-08-02 18:07:29,43.1302032470703,-8.47182369232178,"Unknown"
"7014855",371852,2025-08-02 18:12:33,43.1301918029785,-8.47180271148682,"Unknown"
"7014855",371852,2025-08-02 18:17:30,43.1302146911621,-8.47167587280273,"Unknown"
"7014855",371852,2025-08-02 18:22:30,43.1301536560059,-8.47147750854492,"Unknown"
"7014855",371852,2025-08-02 18:27:29,43.1302108764648,-8.47171401977539,"Unknown"
"7014855",371852,2025-08-02 18:32:35,43.1301918029785,-8.47169494628906,"Unknown"
"7014855",371852,2025-08-02 18:37:35,43.1303176879883,-8.47172260284424,"Unknown"
"7014855",371852,2025-08-02 18:43:05,43.130313873291,-8.47166728973389,"Unknown"
"7014855",371852,2025-08-02 18:47:42,43.141414642334,-8.4674129486084,"Unknown"
"7014855",371852,2025-08-02 18:52:28,43.1612854003906,-8.46653461456299,"Unknown"
"7014855",371852,2025-08-02 18:57:31,43.1806488037109,-8.4584493637085,"Unknown"
"7014855",371852,2025-08-02 19:02:30,43.2001075744629,-8.46446895599365,"Unknown"
"7014855",371852,2025-08-02 19:07:28,43.2213096618652,-8.46627807617188,"Unknown"
"7014855",371852,2025-08-02 19:12:31,43.2411270141602,-8.46903610229492,"Unknown"
"7014855",371852,2025-08-02 19:17:31,43.2535858154297,-8.4720287322998,"Unknown"
"7014855",371852,2025-08-02 19:22:31,43.2757759094238,-8.47848415374756,"Unknown"
"7014855",371852,2025-08-02 19:27:32,43.2998085021973,-8.49715805053711,"Unknown"
"7014855",371852,2025-08-02 19:33:05,43.3184394836426,-8.50557136535645,"Unknown"
"7014855",371852,2025-08-02 19:37:28,43.3184127807617,-8.50572776794434,"Unknown"
"7014855",371852,2025-08-02 19:42:29,43.3184242248535,-8.50569152832031,"Unknown"
"7014855",371852,2025-08-02 19:47:28,43.3183937072754,-8.50568294525146,"Unknown"
"7014855",371852,2025-08-02 19:52:28,43.3184280395508,-8.50546836853027,"Unknown"
"7014855",371852,2025-08-02 19:57:28,43.3184661865234,-8.50553607940674,"Unknown"
"7014855",371852,2025-08-02 20:02:29,43.3184547424316,-8.50555610656738,"Unknown"
"7014855",371852,2025-08-02 20:07:28,43.3184356689453,-8.50548934936523,"Unknown"
"7014855",371852,2025-08-02 20:12:29,43.3184509277344,-8.50551509857178,"Unknown"
"7014855",371852,2025-08-02 20:17:28,43.3186454772949,-8.50587368011475,"Unknown"
"7014855",371852,2025-08-02 20:22:30,43.3186645507812,-8.50580215454102,"Unknown"
"7014855",371852,2025-08-02 20:27:28,43.3333511352539,-8.51455879211426,"Unknown"
"7014855",371852,2025-08-02 20:32:29,43.3475074768066,-8.53067588806152,"Unknown"
"7014855",371852,2025-08-02 20:37:29,43.3475685119629,-8.53064823150635,"Unknown"
"7014855",371852,2025-08-02 20:42:29,43.3479232788086,-8.53022003173828,"Unknown"
"7014855",371852,2025-08-02 20:47:31,43.3479232788086,-8.53028774261475,"Unknown"
"7014855",371852,2025-08-02 20:52:29,43.3479080200195,-8.5302619934082,"Unknown"
"7014855",371852,2025-08-02 20:57:32,43.3479118347168,-8.53024482727051,"Unknown"
"7014855",371852,2025-08-02 21:02:28,43.3493843078613,-8.52861595153809,"Unknown"
"7014855",371852,2025-08-02 21:07:34,43.3497848510742,-8.52818393707275,"Unknown"
"7014855",371852,2025-08-02 21:12:38,43.3498115539551,-8.52820491790771,"Unknown"
"7014855",371852,2025-08-02 21:17:44,43.3498001098633,-8.5282096862793,"Unknown"
"7014855",371852,2025-08-02 21:22:34,43.349796295166,-8.52817249298096,"Unknown"
"7014855",371852,2025-08-02 21:28:02,43.3498153686523,-8.52818489074707,"Unknown"
"7014855",371852,2025-08-02 21:32:29,43.3517303466797,-8.52542495727539,"Unknown"
"7014855",371852,2025-08-02 21:37:28,43.3517379760742,-8.52531147003174,"Unknown"
"7014855",371852,2025-08-02 21:42:30,43.3517036437988,-8.52536487579346,"Unknown"
"7014855",371852,2025-08-02 21:47:29,43.3516998291016,-8.52511215209961,"Unknown"
"7014855",371852,2025-08-02 21:52:29,43.3518218994141,-8.52541351318359,"Unknown"
"7014855",371852,2025-08-02 21:57:29,43.3519744873047,-8.5250883102417,"Unknown"
"7014855",371852,2025-08-02 22:02:44,43.3519630432129,-8.52530574798584,"Unknown"
"7014855",371852,2025-08-02 22:07:29,43.3519859313965,-8.52520942687988,"Unknown"
"7014855",371852,2025-08-02 22:12:31,43.3523902893066,-8.52563285827637,"Unknown"
"7014855",371852,2025-08-02 22:17:34,43.3521308898926,-8.52489280700684,"Unknown"
"7014855",371852,2025-08-02 22:22:40,43.3521194458008,-8.52496242523193,"Unknown"
"7014855",371852,2025-08-02 22:27:31,43.3520278930664,-8.52501678466797,"Unknown"
"7014855",371852,2025-08-02 22:32:32,43.3518981933594,-8.52539539337158,"Unknown"
"7014855",371852,2025-08-02 22:37:29,43.3520469665527,-8.52468681335449,"Unknown"
"7014855",371852,2025-08-02 22:42:31,43.3520584106445,-8.52512550354004,"Unknown"
"7014855",371852,2025-08-02 22:47:42,43.3521766662598,-8.52514743804932,"Unknown"
"7014855",371852,2025-08-02 22:52:37,43.3526382446289,-8.52480125427246,"Unknown"
"7014855",371852,2025-08-02 22:58:08,43.3523902893066,-8.52483654022217,"Unknown"
"7014855",371852,2025-08-02 23:02:44,43.3522987365723,-8.52463817596436,"Unknown"
"7014855",371852,2025-08-02 23:07:39,43.3523025512695,-8.5247163772583,"Unknown"
"7014855",371852,2025-08-02 23:12:40,43.3522872924805,-8.52468395233154,"Unknown"
"7014855",371852,2025-08-02 23:17:30,43.3518714904785,-8.52426433563232,"Unknown"
"7014855",371852,2025-08-02 23:22:37,43.3521995544434,-8.52432346343994,"Unknown"
"7014855",371852,2025-08-02 23:27:33,43.3518829345703,-8.52433586120605,"Unknown"
"7014855",371852,2025-08-02 23:32:39,43.3522834777832,-8.52458667755127,"Unknown"
"7014855",371852,2025-08-02 23:37:35,43.3522605895996,-8.52456855773926,"Unknown"
"7014855",371852,2025-08-02 23:42:41,43.3522300720215,-8.52458095550537,"Unknown"
"7014855",371852,2025-08-02 23:47:39,43.352294921875,-8.52458190917969,"Unknown"
"7014855",371852,2025-08-02 23:52:36,43.3523330688477,-8.52459144592285,"Unknown"
"7014855",371852,2025-08-02 23:57:36,43.3523292541504,-8.52448081970215,"Unknown"
"7014855",371852,2025-08-03 00:03:05,43.3523864746094,-8.52469444274902,"Unknown"
"7014855",371852,2025-08-03 00:07:28,43.3526992797852,-8.52437877655029,"Unknown"
"7014855",371852,2025-08-03 00:12:28,43.3525886535645,-8.52435398101807,"Unknown"
"7014855",371852,2025-08-03 00:17:28,43.3531379699707,-8.52338027954102,"Unknown"
"7014855",371852,2025-08-03 00:22:30,43.3539199829102,-8.52162265777588,"Unknown"
"7014855",371852,2025-08-03 00:27:30,43.3539772033691,-8.52145195007324,"Unknown"
"7014855",371852,2025-08-03 00:32:33,43.3538932800293,-8.52141380310059,"Unknown"
"7014855",371852,2025-08-03 00:37:31,43.3539848327637,-8.52133655548096,"Unknown"
"7014855",371852,2025-08-03 00:42:33,43.3539390563965,-8.52145862579346,"Unknown"
"7014855",371852,2025-08-03 00:47:30,43.3543891906738,-8.52170944213867,"Unknown"
"7014855",371852,2025-08-03 00:52:44,43.3538513183594,-8.52147197723389,"Unknown"
"7014855",371852,2025-08-03 00:57:31,43.3539428710938,-8.52153205871582,"Unknown"
"7014855",371852,2025-08-03 01:02:36,43.3537712097168,-8.52148151397705,"Unknown"
"7014855",371852,2025-08-03 01:07:44,43.3538551330566,-8.52148246765137,"Unknown"
"7014855",371852,2025-08-03 01:12:38,43.3537750244141,-8.52147197723389,"Unknown"
"7014855",371852,2025-08-03 01:17:38,43.3539962768555,-8.52135181427002,"Unknown"
"7014855",371852,2025-08-03 01:22:42,43.3540077209473,-8.52114963531494,"Unknown"
"7014855",371852,2025-08-03 01:27:29,43.3539657592773,-8.52120780944824,"Unknown"
"7014855",371852,2025-08-03 01:32:34,43.3540725708008,-8.52075862884521,"Unknown"
"7014855",371852,2025-08-03 01:37:28,43.3541679382324,-8.52064609527588,"Unknown"
"7014855",371852,2025-08-03 01:42:31,43.3540267944336,-8.5206937789917,"Unknown"
"7014855",371852,2025-08-03 01:47:44,43.3541488647461,-8.52062225341797,"Unknown"
"7014855",371852,2025-08-03 01:52:46,43.3541221618652,-8.52059650421143,"Unknown"
"7014855",371852,2025-08-03 01:57:36,43.3541069030762,-8.52034091949463,"Unknown"
"7014855",371852,2025-08-03 02:02:39,43.3544082641602,-8.5195894241333,"Unknown"
"7014855",371852,2025-08-03 02:08:05,43.3544845581055,-8.51973724365234,"Unknown"
"7014855",371852,2025-08-03 02:12:29,43.3545074462891,-8.51977634429932,"Unknown"
"7014855",371852,2025-08-03 02:17:28,43.3544921875,-8.51984977722168,"Unknown"
"7014855",371852,2025-08-03 02:22:29,43.3544998168945,-8.51970386505127,"Unknown"
"7014855",371852,2025-08-03 02:27:29,43.3545684814453,-8.51971435546875,"Unknown"
"7014855",371852,2025-08-03 02:32:28,43.3546028137207,-8.5197639465332,"Unknown"
"7014855",371852,2025-08-03 02:37:29,43.354434967041,-8.51962375640869,"Unknown"
"7014855",371852,2025-08-03 02:42:31,43.3544387817383,-8.51975345611572,"Unknown"
"7014855",371852,2025-08-03 02:47:31,43.3544998168945,-8.51968002319336,"Unknown"
"7014855",371852,2025-08-03 02:52:30,43.3545150756836,-8.51961135864258,"Unknown"
"7014855",371852,2025-08-03 02:57:31,43.3544807434082,-8.51958179473877,"Unknown"
"7014855",371852,2025-08-03 03:02:39,43.3545074462891,-8.51950168609619,"Unknown"
"7014855",371852,2025-08-03 03:07:31,43.3545379638672,-8.51961898803711,"Unknown"
"7014855",371852,2025-08-03 03:12:31,43.3545150756836,-8.51962661743164,"Unknown"
"7014855",371852,2025-08-03 03:17:30,43.354549407959,-8.51967906951904,"Unknown"
"7014855",371852,2025-08-03 03:22:29,43.3546142578125,-8.51979637145996,"Unknown"
"7014855",371852,2025-08-03 03:27:33,43.3547401428223,-8.51993179321289,"Unknown"
"7014855",371852,2025-08-03 03:32:39,43.3545150756836,-8.51965141296387,"Unknown"
"7014855",371852,2025-08-03 03:37:36,43.3544883728027,-8.5195951461792,"Unknown"
"7014855",371852,2025-08-03 03:42:31,43.3545417785645,-8.51970481872559,"Unknown"
"7014855",371852,2025-08-03 03:47:39,43.3550605773926,-8.5182580947876,"Unknown"
"7014855",371852,2025-08-03 03:52:59,43.3550834655762,-8.51830101013184,"Unknown"
"7014855",371852,2025-08-03 03:57:36,43.3552093505859,-8.51809120178223,"Unknown"
"7014855",371852,2025-08-03 04:03:53,43.3553085327148,-8.51804733276367,"Unknown"
"7014855",371852,2025-08-03 04:07:44,43.3552551269531,-8.51803970336914,"Unknown"
"7014855",371852,2025-08-03 04:12:31,43.3552436828613,-8.5178337097168,"Unknown"
"7014855",371852,2025-08-03 04:18:05,43.3545761108398,-8.51883792877197,"Unknown"
"7014855",371852,2025-08-03 04:22:31,43.354679107666,-8.51910018920898,"Unknown"
"7014855",371852,2025-08-03 04:27:43,43.3551063537598,-8.51824378967285,"Unknown"
"7014855",371852,2025-08-03 04:32:31,43.3549880981445,-8.51757526397705,"Unknown"
"7014855",371852,2025-08-03 04:37:31,43.3550109863281,-8.51798152923584,"Unknown"
"7014855",371852,2025-08-03 04:42:37,43.3551406860352,-8.51821231842041,"Unknown"
"7014855",371852,2025-08-03 04:47:44,43.3551216125488,-8.51824855804443,"Unknown"
"7014855",371852,2025-08-03 04:52:29,43.3548393249512,-8.51723098754883,"Unknown"
"7014855",371852,2025-08-03 04:57:29,43.3551216125488,-8.51842212677002,"Unknown"
"7014855",371852,2025-08-03 05:02:33,43.355152130127,-8.51783084869385,"Unknown"
"7014855",371852,2025-08-03 05:07:30,43.3551902770996,-8.51765155792236,"Unknown"
"7014855",371852,2025-08-03 05:12:37,43.3551292419434,-8.51812553405762,"Unknown"
"7014855",371852,2025-08-03 05:17:33,43.3550491333008,-8.5177173614502,"Unknown"
"7014855",371852,2025-08-03 05:22:39,43.3552742004395,-8.51788997650146,"Unknown"
"7014855",371852,2025-08-03 05:27:39,43.3552627563477,-8.51793956756592,"Unknown"
"7014855",371852,2025-08-03 05:32:43,43.3566932678223,-8.49817848205566,"Unknown"
"7014855",371852,2025-08-03 05:37:47,43.3589935302734,-8.48713207244873,"Unknown"
"7014855",371852,2025-08-03 05:42:36,43.3523712158203,-8.48053073883057,"Unknown"
"7014855",371852,2025-08-03 05:47:35,43.3514366149902,-8.47935199737549,"Unknown"
"7014855",371852,2025-08-03 05:52:30,43.3527450561523,-8.48034381866455,"Unknown"
"7014855",371852,2025-08-03 05:57:29,43.3522033691406,-8.4807186126709,"Unknown"
"7014855",371852,2025-08-03 06:02:31,43.3526649475098,-8.48044013977051,"Unknown"
"7014855",371852,2025-08-03 06:07:39,43.3533897399902,-8.47990226745605,"Unknown"
"7014855",371852,2025-08-03 06:12:44,43.3523788452148,-8.4791202545166,"Unknown"
"7014855",371852,2025-08-03 06:17:32,43.3522720336914,-8.47896003723145,"Unknown"
"7014855",371852,2025-08-03 06:22:38,43.3525390625,-8.48052883148193,"Unknown"
"7014855",371852,2025-08-03 06:27:29,43.352725982666,-8.48091316223145,"Unknown"
"7014855",371852,2025-08-03 06:32:30,43.3528518676758,-8.48046493530273,"Unknown"
"7014855",371852,2025-08-03 06:37:39,43.3521041870117,-8.4806547164917,"Unknown"
"7014855",371852,2025-08-03 06:42:29,43.3524208068848,-8.48018169403076,"Unknown"
"7014855",371852,2025-08-03 06:47:40,43.3577766418457,-8.45823860168457,"Unknown"
"7014855",371852,2025-08-03 06:52:35,43.3562202453613,-8.45702457427979,"Unknown"
"7014855",371852,2025-08-03 06:57:35,43.3540306091309,-8.45837211608887,"Unknown"
"7014855",371852,2025-08-03 07:02:34,43.3541946411133,-8.45841312408447,"Unknown"
"7014855",371852,2025-08-03 07:07:39,43.3542022705078,-8.45864486694336,"Unknown"
"7014855",371852,2025-08-03 07:12:36,43.354175567627,-8.45850276947021,"Unknown"
"7014855",371852,2025-08-03 07:17:30,43.3544883728027,-8.4586181640625,"Unknown"
"7014855",371852,2025-08-03 07:22:43,43.3539619445801,-8.45867156982422,"Unknown"
"7014855",371852,2025-08-03 07:27:33,43.3547019958496,-8.45787143707275,"Unknown"
"7014855",371852,2025-08-03 07:32:31,43.3545455932617,-8.45867443084717,"Unknown"
"7014855",371852,2025-08-03 07:37:32,43.3597755432129,-8.4628438949585,"Unknown"
"7014855",371852,2025-08-03 07:42:42,43.3573455810547,-8.50371170043945,"Unknown"
"7014855",371852,2025-08-03 07:47:44,43.3550262451172,-8.51835536956787,"Unknown"
"7014855",371852,2025-08-03 07:52:44,43.3548774719238,-8.51854419708252,"Unknown"
"7014855",371852,2025-08-03 07:57:32,43.3548469543457,-8.51850700378418,"Unknown"
"7014855",371852,2025-08-03 08:02:31,43.3547439575195,-8.51020050048828,"Unknown"
"7014855",371852,2025-08-03 08:07:29,43.3483505249023,-8.52889060974121,"Unknown"
"7014855",371852,2025-08-03 08:12:31,43.333423614502,-8.56990623474121,"Unknown"
"7014855",371852,2025-08-03 08:17:30,43.3197059631348,-8.61139583587646,"Unknown"
"7014855",371852,2025-08-03 08:22:35,43.3146095275879,-8.64449310302734,"Unknown"
"7014855",371852,2025-08-03 08:27:35,43.3251075744629,-8.69116020202637,"Unknown"
"7014855",371852,2025-08-03 08:33:29,43.3155784606934,-8.72368717193604,"Unknown"
"7014855",371852,2025-08-03 08:38:30,43.304370880127,-8.76524829864502,"Unknown"
"7014855",371852,2025-08-03 08:42:37,43.2976837158203,-8.78379917144775,"Unknown"
"7014855",371852,2025-08-03 08:47:44,43.2722396850586,-8.78677177429199,"Unknown"
"7014855",371852,2025-08-03 08:52:39,43.280387878418,-8.80261993408203,"Unknown"
"7014855",371852,2025-08-03 08:57:40,43.2894515991211,-8.80518436431885,"Unknown"
"7014855",371852,2025-08-03 09:02:29,43.3031044006348,-8.79347229003906,"Unknown"
"7014855",371852,2025-08-03 09:07:33,43.3152389526367,-8.80314826965332,"Unknown"
"7014855",371852,2025-08-03 09:12:31,43.3289909362793,-8.82865428924561,"Unknown"
"7014855",371852,2025-08-03 09:17:28,43.3478240966797,-8.8391695022583,"Unknown"
"7014855",371852,2025-08-03 09:23:29,43.3598403930664,-8.84299945831299,"Unknown"
"7014855",371852,2025-08-03 09:28:18,43.3610458374023,-8.84433555603027,"Unknown"
"7014855",371852,2025-08-03 09:33:02,43.3424758911133,-8.83436679840088,"Unknown"
"7014855",371852,2025-08-03 09:37:28,43.3220291137695,-8.81453704833984,"Unknown"
"7014855",371852,2025-08-03 09:42:28,43.3085899353027,-8.7896032333374,"Unknown"
"7014855",371852,2025-08-03 09:47:28,43.2999572753906,-8.76609706878662,"Unknown"
"7014855",371852,2025-08-03 09:52:29,43.2924919128418,-8.73837852478027,"Unknown"
"7014855",371852,2025-08-03 09:57:30,43.2975921630859,-8.7268705368042,"Unknown"
"7014855",371852,2025-08-03 10:02:29,43.2963027954102,-8.72603511810303,"Unknown"
"7014855",371852,2025-08-03 10:07:28,43.2896385192871,-8.71179676055908,"Unknown"
"7014855",371852,2025-08-03 10:12:28,43.2821426391602,-8.67867183685303,"Unknown"
"7014855",371852,2025-08-03 10:17:35,43.2647399902344,-8.65126132965088,"Unknown"
"7014855",371852,2025-08-03 10:22:28,43.2419853210449,-8.61767768859863,"Unknown"
"7014855",371852,2025-08-03 10:27:28,43.2274055480957,-8.60230350494385,"Unknown"
"7014855",371852,2025-08-03 10:32:29,43.2153358459473,-8.58382129669189,"Unknown"
"7014855",371852,2025-08-03 10:37:31,43.2046012878418,-8.57401657104492,"Unknown"
"7014855",371852,2025-08-03 10:42:34,43.1900024414062,-8.56823539733887,"Unknown"
"7014855",371852,2025-08-03 10:47:29,43.1709289550781,-8.55089378356934,"Unknown"
"7014855",371852,2025-08-03 10:52:29,43.1509780883789,-8.53213310241699,"Unknown"
"7014855",371852,2025-08-03 10:57:31,43.1313438415527,-8.50568675994873,"Unknown"
"7014855",371852,2025-08-03 11:02:31,43.1300621032715,-8.47851181030273,"Unknown"
"7014855",371852,2025-08-03 11:08:43,43.1302070617676,-8.47144889831543,"Unknown"
"7014855",371852,2025-08-03 11:12:28,43.1302947998047,-8.47137641906738,"Unknown"
"7014855",371852,2025-08-03 11:17:28,43.1302795410156,-8.47146511077881,"Unknown"
"7014855",371852,2025-08-03 11:22:32,43.1301345825195,-8.47129249572754,"Unknown"
"7014855",371852,2025-08-03 11:27:31,43.1302185058594,-8.47134113311768,"Unknown"
"7014855",371852,2025-08-03 11:32:28,43.1302528381348,-8.47136688232422,"Unknown"
"7014855",371852,2025-08-03 11:37:33,43.1302299499512,-8.47139930725098,"Unknown"
"7014855",371852,2025-08-03 11:42:30,43.1302337646484,-8.47135543823242,"Unknown"
"7014855",371852,2025-08-03 11:47:32,43.1302375793457,-8.47137641906738,"Unknown"
"7014855",371852,2025-08-03 11:52:30,43.1301765441895,-8.47117614746094,"Unknown"
"7014855",371852,2025-08-03 11:57:33,43.1301116943359,-8.47330188751221,"Unknown"
"7014855",371852,2025-08-03 12:02:37,43.1304244995117,-8.47342872619629,"Unknown"
"7014855",371852,2025-08-03 12:07:29,43.1303443908691,-8.47339820861816,"Unknown"
"7014855",371852,2025-08-03 12:12:29,43.129955291748,-8.4743013381958,"Unknown"
"7014855",371852,2025-08-03 12:17:44,43.1297874450684,-8.4740686416626,"Unknown"
"7014855",371852,2025-08-03 12:23:05,43.1299362182617,-8.47276878356934,"Unknown"
"7014855",371852,2025-08-03 12:27:37,43.1299095153809,-8.47280025482178,"Unknown"
"7014855",371852,2025-08-03 12:32:32,43.1295852661133,-8.47237873077393,"Unknown"
"7014855",371852,2025-08-03 12:37:38,43.1299285888672,-8.47275543212891,"Unknown"
"7014855",371852,2025-08-03 12:42:42,43.129825592041,-8.47283458709717,"Unknown"
"7014855",371852,2025-08-03 12:48:06,43.1299018859863,-8.47281742095947,"Unknown"
"7014855",371852,2025-08-03 12:52:41,43.1299018859863,-8.47281074523926,"Unknown"
"7014855",371852,2025-08-03 12:57:36,43.1299285888672,-8.47280883789062,"Unknown"
"7014855",371852,2025-08-03 13:02:34,43.129940032959,-8.47276782989502,"Unknown"
"7014855",371852,2025-08-03 13:07:39,43.1299095153809,-8.47278022766113,"Unknown"
"7014855",371852,2025-08-03 13:12:38,43.129940032959,-8.47275161743164,"Unknown"
"7014855",371852,2025-08-03 13:17:32,43.1298217773438,-8.47279739379883,"Unknown"
"7014855",371852,2025-08-03 13:22:33,43.1301803588867,-8.47256278991699,"Unknown"
"7014855",371852,2025-08-03 13:27:33,43.1297340393066,-8.4730396270752,"Unknown"
"7014855",371852,2025-08-03 13:32:36,43.1298599243164,-8.47286510467529,"Unknown"
"7014855",371852,2025-08-03 13:37:37,43.1298637390137,-8.47284984588623,"Unknown"
"7014855",371852,2025-08-03 13:42:38,43.1299858093262,-8.47272872924805,"Unknown"
"7014855",371852,2025-08-03 13:47:37,43.1299171447754,-8.4728307723999,"Unknown"
"7014855",371852,2025-08-03 13:52:31,43.1299362182617,-8.47275829315186,"Unknown"
"7014855",371852,2025-08-03 13:57:44,43.1300048828125,-8.47271251678467,"Unknown"
"7014855",371852,2025-08-03 14:03:14,43.1298294067383,-8.47280311584473,"Unknown"
"7014855",371852,2025-08-03 14:07:31,43.1302146911621,-8.47171306610107,"Unknown"
"7014855",371852,2025-08-03 14:12:39,43.1302299499512,-8.471755027771,"Unknown"
"7014855",371852,2025-08-03 14:17:33,43.1304817199707,-8.47162055969238,"Unknown"
"7014855",371852,2025-08-03 14:22:50,43.1301116943359,-8.47159004211426,"Unknown"
"7014855",371852,2025-08-03 14:27:41,43.1302452087402,-8.47180080413818,"Unknown"
"7014855",371852,2025-08-03 14:32:31,43.1302871704102,-8.47168064117432,"Unknown"
"7014855",371852,2025-08-03 14:37:29,43.1224632263184,-8.48388767242432,"Unknown"
"7014855",371852,2025-08-03 14:42:30,43.0993614196777,-8.4987325668335,"Unknown"
"7014855",371852,2025-08-03 14:47:44,43.100414276123,-8.49996089935303,"Unknown"
"7014855",371852,2025-08-03 14:52:30,43.101806640625,-8.50077629089355,"Unknown"
"7014855",371852,2025-08-03 14:57:32,43.1031341552734,-8.50983905792236,"Unknown"
"7014855",371852,2025-08-03 15:02:29,43.1189575195312,-8.51003074645996,"Unknown"
"7014855",371852,2025-08-03 15:07:29,43.1241149902344,-8.49894046783447,"Unknown"
"7014855",371852,2025-08-03 15:12:30,43.1377487182617,-8.52172470092773,"Unknown"
"7014855",371852,2025-08-03 15:17:32,43.1495780944824,-8.53894233703613,"Unknown"
"7014855",371852,2025-08-03 15:22:34,43.1613311767578,-8.56028842926025,"Unknown"
"7014855",371852,2025-08-03 15:27:30,43.1914024353027,-8.59645175933838,"Unknown"
"7014855",371852,2025-08-03 15:32:39,43.2097549438477,-8.62923526763916,"Unknown"
"7014855",371852,2025-08-03 15:37:29,43.2291641235352,-8.65626335144043,"Unknown"
"7014855",371852,2025-08-03 15:42:39,43.2469635009766,-8.6799488067627,"Unknown"
"7014855",371852,2025-08-03 15:47:44,43.2669143676758,-8.6764497756958,"Unknown"
"7014855",371852,2025-08-03 15:52:29,43.2892303466797,-8.69520473480225,"Unknown"
"7014855",371852,2025-08-03 15:57:29,43.3041343688965,-8.73315811157227,"Unknown"
"7014855",371852,2025-08-03 16:02:29,43.3249664306641,-8.77742195129395,"Unknown"
"7014855",371852,2025-08-03 16:07:29,43.3438987731934,-8.81828117370605,"Unknown"
"7014855",371852,2025-08-03 16:12:31,43.3558197021484,-8.83752918243408,"Unknown"
"7014855",371852,2025-08-03 16:17:33,43.3599700927734,-8.843092918396,"Unknown"
"7014855",371852,2025-08-03 16:22:46,43.360408782959,-8.84431838989258,"Unknown"
"7014855",371852,2025-08-03 16:28:53,43.3605651855469,-8.8441219329834,"Unknown"
"7014855",371852,2025-08-03 16:33:29,43.3605537414551,-8.84418201446533,"Unknown"
"7014855",371852,2025-08-03 16:37:31,43.3591995239258,-8.84147644042969,"Unknown"
"7014855",371852,2025-08-03 16:42:32,43.3602676391602,-8.84365081787109,"Unknown"
"7014855",371852,2025-08-03 16:47:30,43.3600463867188,-8.84309387207031,"Unknown"
"7014855",371852,2025-08-03 16:52:30,43.3488159179688,-8.83122062683105,"Unknown"
"7014855",371852,2025-08-03 16:57:31,43.3295783996582,-8.81862545013428,"Unknown"
"7014855",371852,2025-08-03 17:02:29,43.3107795715332,-8.7997579574585,"Unknown"
"7014855",371852,2025-08-03 17:07:31,43.2846374511719,-8.79729843139648,"Unknown"
"7014855",371852,2025-08-03 17:12:32,43.2676086425781,-8.78493022918701,"Unknown"
"7014855",371852,2025-08-03 17:17:36,43.2636451721191,-8.76871967315674,"Unknown"
"7014855",371852,2025-08-03 17:22:30,43.2717323303223,-8.76001644134521,"Unknown"
"7014855",371852,2025-08-03 17:27:32,43.2880821228027,-8.74380397796631,"Unknown"
"7014855",371852,2025-08-03 17:32:41,43.2956466674805,-8.73072910308838,"Unknown"
"7014855",371852,2025-08-03 17:37:32,43.2957382202148,-8.73091316223145,"Unknown"
"7014855",371852,2025-08-03 17:42:31,43.2979278564453,-8.72687244415283,"Unknown"
"7014855",371852,2025-08-03 17:47:30,43.2990875244141,-8.72273540496826,"Unknown"
"7014855",371852,2025-08-03 17:52:31,43.3045082092285,-8.68838596343994,"Unknown"
"7014855",371852,2025-08-03 17:57:30,43.3081283569336,-8.64981079101562,"Unknown"
"7014855",371852,2025-08-03 18:02:33,43.3152236938477,-8.62337970733643,"Unknown"
"7014855",371852,2025-08-03 18:07:37,43.3208694458008,-8.59312915802002,"Unknown"
"7014855",371852,2025-08-03 18:12:32,43.328010559082,-8.55905628204346,"Unknown"
"7014855",371852,2025-08-03 18:17:31,43.3357696533203,-8.53184700012207,"Unknown"
"7014855",371852,2025-08-03 18:22:45,43.349178314209,-8.53020191192627,"Unknown"
"7014855",371852,2025-08-03 18:27:33,43.3555908203125,-8.50584602355957,"Unknown"
"7014855",371852,2025-08-03 18:32:29,43.3551826477051,-8.47809600830078,"Unknown"
"7014855",371852,2025-08-03 18:37:29,43.3584861755371,-8.45743083953857,"Unknown"
"7014855",371852,2025-08-03 18:42:34,43.3554916381836,-8.45694923400879,"Unknown"
"7014855",371852,2025-08-03 18:58:35,43.353271484375,-8.45882034301758,"Unknown"
"7014855",371852,2025-08-03 19:02:55,43.3532981872559,-8.45896625518799,"Unknown"
"7014855",371852,2025-08-03 19:08:09,43.3533477783203,-8.45901298522949,"Unknown"
"7014855",371852,2025-08-03 19:13:20,43.3535079956055,-8.45889472961426,"Unknown"
"7014855",371852,2025-08-03 19:17:45,43.353458404541,-8.45887470245361,"Unknown"
"7014855",371852,2025-08-03 19:22:50,43.3535652160645,-8.45889854431152,"Unknown"
"7014855",371852,2025-08-03 19:37:50,43.3541030883789,-8.45872116088867,"Unknown"
"7014855",371852,2025-08-03 19:42:45,43.3541603088379,-8.45883655548096,"Unknown"
"7014855",371852,2025-08-03 19:47:30,43.3476943969727,-8.45436668395996,"Unknown"
"7014855",371852,2025-08-03 19:52:43,43.3406410217285,-8.45324230194092,"Unknown"
"7014855",371852,2025-08-03 19:57:30,43.3449859619141,-8.44216728210449,"Unknown"
"7014855",371852,2025-08-03 20:02:38,43.3449783325195,-8.44218349456787,"Unknown"
"7014855",371852,2025-08-03 20:07:30,43.348258972168,-8.43117427825928,"Unknown"
"7014855",371852,2025-08-03 20:12:39,43.3581504821777,-8.40297317504883,"Unknown"
"7014855",371852,2025-08-03 20:17:31,43.3589363098145,-8.39937973022461,"Unknown"
"7014855",371852,2025-08-03 20:23:05,43.3589744567871,-8.39995956420898,"Unknown"
"7014855",371852,2025-08-03 20:27:29,43.3589134216309,-8.40010261535645,"Unknown"
"7014855",371852,2025-08-03 20:32:32,43.3589820861816,-8.39994049072266,"Unknown"
"7014855",371852,2025-08-03 20:37:30,43.3589744567871,-8.399977684021,"Unknown"
"7014855",371852,2025-08-03 20:42:36,43.3589248657227,-8.40004825592041,"Unknown"
"7014855",371852,2025-08-03 20:47:44,43.3589324951172,-8.40006732940674,"Unknown"
"7014855",371852,2025-08-03 20:52:33,43.3590507507324,-8.39994621276855,"Unknown"
"7014855",371852,2025-08-03 20:57:33,43.3590774536133,-8.39986133575439,"Unknown"
"7014855",371852,2025-08-03 21:02:37,43.3588638305664,-8.40012550354004,"Unknown"
"7014855",371852,2025-08-03 21:07:44,43.3588218688965,-8.40014171600342,"Unknown"
"7014855",371852,2025-08-03 21:12:30,43.3589973449707,-8.40009593963623,"Unknown"
"7014855",371852,2025-08-03 21:17:29,43.359016418457,-8.39994812011719,"Unknown"
"7014855",371852,2025-08-03 21:22:29,43.3589172363281,-8.39999485015869,"Unknown"
"7014855",371852,2025-08-03 21:27:31,43.3590049743652,-8.40005207061768,"Unknown"
"7014855",371852,2025-08-03 21:32:30,43.3588752746582,-8.39995193481445,"Unknown"
"7014855",371852,2025-08-03 21:37:34,43.3589706420898,-8.39990711212158,"Unknown"
"7014855",371852,2025-08-03 21:42:32,43.3591423034668,-8.39991855621338,"Unknown"
"7014855",371852,2025-08-03 21:47:33,43.3588905334473,-8.39971256256104,"Unknown"
"7014855",371852,2025-08-03 21:52:44,43.3588905334473,-8.39992427825928,"Unknown"
"7014855",371852,2025-08-03 21:57:39,43.3594589233398,-8.39970016479492,"Unknown"
"7014855",371852,2025-08-03 22:02:30,43.3593254089355,-8.39998054504395,"Unknown"
"7014855",371852,2025-08-03 22:07:39,43.3587684631348,-8.39988994598389,"Unknown"
"7014855",371852,2025-08-03 22:12:32,43.3590545654297,-8.39994049072266,"Unknown"
"7014855",371852,2025-08-03 22:17:39,43.3589096069336,-8.39990711212158,"Unknown"
"7014855",371852,2025-08-03 22:22:39,43.3588485717773,-8.39999771118164,"Unknown"
"7014855",371852,2025-08-03 22:27:43,43.3590202331543,-8.39984035491943,"Unknown"
"7014855",371852,2025-08-03 22:32:41,43.3589630126953,-8.39978885650635,"Unknown"
"7014855",371852,2025-08-03 22:37:31,43.3590202331543,-8.39956188201904,"Unknown"
"7014855",371852,2025-08-03 22:42:34,43.3590545654297,-8.39986228942871,"Unknown"
"7014855",371852,2025-08-03 22:47:41,43.3589248657227,-8.39978218078613,"Unknown"
"7014855",371852,2025-08-03 22:52:38,43.3589706420898,-8.39989376068115,"Unknown"
"7014855",371852,2025-08-03 22:57:36,43.3589668273926,-8.39970874786377,"Unknown"
"7014855",371852,2025-08-03 23:02:40,43.3589973449707,-8.39975738525391,"Unknown"
"7014855",371852,2025-08-03 23:07:36,43.3592109680176,-8.3997631072998,"Unknown"
"7014855",371852,2025-08-03 23:12:32,43.3589859008789,-8.39984893798828,"Unknown"
"7014855",371852,2025-08-03 23:17:36,43.359188079834,-8.39988422393799,"Unknown"
"7014855",371852,2025-08-03 23:22:36,43.3593521118164,-8.39993381500244,"Unknown"
"7014855",371852,2025-08-03 23:27:37,43.3593215942383,-8.3999605178833,"Unknown"
"7014855",371852,2025-08-03 23:33:05,43.3590774536133,-8.39977741241455,"Unknown"
"7014855",371852,2025-08-03 23:37:29,43.3588218688965,-8.39951324462891,"Unknown"
"7014855",371852,2025-08-03 23:42:29,43.3588066101074,-8.39955043792725,"Unknown"
"7014855",371852,2025-08-03 23:47:30,43.359073638916,-8.39984130859375,"Unknown"
"7014855",371852,2025-08-03 23:52:33,43.3591651916504,-8.39999485015869,"Unknown"
"7014855",371852,2025-08-03 23:57:37,43.3590660095215,-8.39982318878174,"Unknown"
"7014855",371852,2025-08-04 00:02:44,43.3590469360352,-8.39980220794678,"Unknown"
"7014855",371852,2025-08-04 00:07:29,43.3590660095215,-8.39985656738281,"Unknown"
"7014855",371852,2025-08-04 00:12:31,43.3590507507324,-8.39981937408447,"Unknown"
"7014855",371852,2025-08-04 00:17:31,43.3590698242188,-8.39986515045166,"Unknown"
"7014855",371852,2025-08-04 00:22:31,43.3590621948242,-8.39994049072266,"Unknown"
"7014855",371852,2025-08-04 00:27:33,43.3589935302734,-8.39973640441895,"Unknown"
"7014855",371852,2025-08-04 00:32:32,43.3588714599609,-8.39966201782227,"Unknown"
"7014855",371852,2025-08-04 00:37:32,43.359073638916,-8.39990425109863,"Unknown"
"7014855",371852,2025-08-04 00:42:32,43.3591575622559,-8.39995002746582,"Unknown"
"7014855",371852,2025-08-04 00:47:44,43.3590278625488,-8.39975833892822,"Unknown"
"7014855",371852,2025-08-04 00:52:30,43.3591003417969,-8.39990425109863,"Unknown"
"7014855",371852,2025-08-04 00:57:30,43.3590621948242,-8.39993095397949,"Unknown"
"7014855",371852,2025-08-04 01:02:30,43.3590812683105,-8.39990711212158,"Unknown"
"7014855",371852,2025-08-04 01:07:37,43.3590698242188,-8.39987659454346,"Unknown"
"7014855",371852,2025-08-04 01:12:46,43.3591232299805,-8.39990997314453,"Unknown"
"7014855",371852,2025-08-04 01:18:05,43.3590774536133,-8.39986133575439,"Unknown"
"7014855",371852,2025-08-04 01:22:30,43.3589706420898,-8.39993286132812,"Unknown"
"7014855",371852,2025-08-04 01:27:30,43.3589324951172,-8.39999008178711,"Unknown"
"7014855",371852,2025-08-04 01:32:29,43.3589782714844,-8.39988994598389,"Unknown"
"7014855",371852,2025-08-04 01:37:30,43.359016418457,-8.39990234375,"Unknown"
"7014855",371852,2025-08-04 01:42:30,43.3589553833008,-8.39994812011719,"Unknown"
"7014855",371852,2025-08-04 01:47:30,43.3590049743652,-8.3998556137085,"Unknown"
"7014855",371852,2025-08-04 01:52:29,43.3589363098145,-8.39996910095215,"Unknown"
"7014855",371852,2025-08-04 01:57:30,43.3590354919434,-8.39994049072266,"Unknown"
"7014855",371852,2025-08-04 02:02:30,43.3590850830078,-8.39992904663086,"Unknown"
"7014855",371852,2025-08-04 02:07:31,43.3590431213379,-8.39997005462646,"Unknown"
"7014855",371852,2025-08-04 02:12:30,43.3590202331543,-8.39993762969971,"Unknown"
"7014855",371852,2025-08-04 02:17:34,43.3590087890625,-8.39998722076416,"Unknown"
"7014855",371852,2025-08-04 02:22:30,43.3591041564941,-8.3999547958374,"Unknown"
"7014855",371852,2025-08-04 02:27:32,43.3589477539062,-8.39985847473145,"Unknown"
"7014855",371852,2025-08-04 02:32:31,43.3590126037598,-8.39982414245605,"Unknown"
"7014855",371852,2025-08-04 02:37:32,43.3590469360352,-8.40008163452148,"Unknown"
"7014855",371852,2025-08-04 02:42:33,43.3589973449707,-8.40009021759033,"Unknown"
"7014855",371852,2025-08-04 02:47:32,43.3591003417969,-8.40026092529297,"Unknown"
"7014855",371852,2025-08-04 02:52:33,43.3591918945312,-8.40024852752686,"Unknown"
"7014855",371852,2025-08-04 02:57:33,43.3590049743652,-8.40009880065918,"Unknown"
"7014855",371852,2025-08-04 03:02:37,43.3587989807129,-8.4000244140625,"Unknown"
"7014855",371852,2025-08-04 03:07:33,43.3589553833008,-8.40007019042969,"Unknown"
"7014855",371852,2025-08-04 03:12:44,43.3591461181641,-8.40016269683838,"Unknown"
"7014855",371852,2025-08-04 03:17:32,43.3589820861816,-8.40017604827881,"Unknown"
"7014855",371852,2025-08-04 03:22:37,43.3590507507324,-8.40010833740234,"Unknown"
"7014855",371852,2025-08-04 03:27:39,43.3589744567871,-8.40019226074219,"Unknown"
"7014855",371852,2025-08-04 03:32:44,43.3590240478516,-8.40022850036621,"Unknown"
"7014855",371852,2025-08-04 03:37:32,43.3591957092285,-8.40054035186768,"Unknown"
"7014855",371852,2025-08-04 03:42:32,43.35888671875,-8.39992809295654,"Unknown"
"7014855",371852,2025-08-04 03:47:32,43.3587951660156,-8.39984512329102,"Unknown"
"7014855",371852,2025-08-04 03:52:31,43.3589248657227,-8.39867305755615,"Unknown"
"7014855",371852,2025-08-04 03:57:32,43.3589820861816,-8.39791107177734,"Unknown"
"7014855",371852,2025-08-04 04:02:39,43.3590316772461,-8.39879417419434,"Unknown"
"7014855",371852,2025-08-04 04:07:34,43.3590621948242,-8.39892673492432,"Unknown"
"7014855",371852,2025-08-04 04:12:37,43.3592834472656,-8.39977741241455,"Unknown"
"7014855",371852,2025-08-04 04:17:44,43.359073638916,-8.3989086151123,"Unknown"
"7014855",371852,2025-08-04 04:22:36,43.3589248657227,-8.39863586425781,"Unknown"
"7014855",371852,2025-08-04 04:27:37,43.3590202331543,-8.39863967895508,"Unknown"
"7014855",371852,2025-08-04 04:32:34,43.3591041564941,-8.39905452728271,"Unknown"
"7014855",371852,2025-08-04 04:37:41,43.3590812683105,-8.39892959594727,"Unknown"
"7014855",371852,2025-08-04 04:42:39,43.3591270446777,-8.39889812469482,"Unknown"
"7014855",371852,2025-08-04 04:47:34,43.3590545654297,-8.39888858795166,"Unknown"
"7014855",371852,2025-08-04 04:52:33,43.3591842651367,-8.39896488189697,"Unknown"
"7014855",371852,2025-08-04 04:57:37,43.3590850830078,-8.3989086151123,"Unknown"
"7014855",371852,2025-08-04 05:02:32,43.3591003417969,-8.39892578125,"Unknown"
"7014855",371852,2025-08-04 05:07:33,43.3603324890137,-8.4042329788208,"Unknown"
"7014855",371852,2025-08-04 05:12:34,43.3597145080566,-8.40264320373535,"Unknown"
"7014855",371852,2025-08-04 05:17:34,43.360164642334,-8.40236186981201,"Unknown"
"7014855",371852,2025-08-04 05:22:38,43.3598556518555,-8.40245819091797,"Unknown"
"7014855",371852,2025-08-04 05:27:34,43.3601417541504,-8.40265464782715,"Unknown"
"7014855",371852,2025-08-04 05:38:04,43.3593826293945,-8.39750385284424,"Unknown"
"7014855",371852,2025-08-04 05:42:33,43.3598747253418,-8.39909362792969,"Unknown"
"7014855",371852,2025-08-04 05:47:47,43.3597259521484,-8.39887428283691,"Unknown"
"7014855",371852,2025-08-04 05:52:34,43.359691619873,-8.39867973327637,"Unknown"
"7014855",371852,2025-08-04 05:57:34,43.3596153259277,-8.39848041534424,"Unknown"
"7014855",371852,2025-08-04 06:02:39,43.3596000671387,-8.39852809906006,"Unknown"
"7014855",371852,2025-08-04 06:07:34,43.3594512939453,-8.3983736038208,"Unknown"
"7014855",371852,2025-08-04 06:12:32,43.3629417419434,-8.410888671875,"Unknown"
"7014855",371852,2025-08-04 06:17:31,43.3643341064453,-8.42688179016113,"Unknown"
"7014855",371852,2025-08-04 06:22:32,43.3664054870605,-8.4263334274292,"Unknown"
"7014855",371852,2025-08-04 06:27:40,43.3642425537109,-8.42674922943115,"Unknown"
"7014855",371852,2025-08-04 06:32:30,43.3636474609375,-8.42728614807129,"Unknown"
"7014855",371852,2025-08-04 06:37:39,43.3641510009766,-8.42680072784424,"Unknown"
"7014855",371852,2025-08-04 06:42:37,43.3686218261719,-8.43954086303711,"Unknown"
"7014855",371852,2025-08-04 06:57:45,43.3535079956055,-8.45917892456055,"Unknown"
"7014855",371852,2025-08-04 07:03:44,43.3541259765625,-8.45920848846436,"Unknown"
"7014855",371852,2025-08-04 07:12:54,43.3542518615723,-8.45928192138672,"Unknown"
"7014855",371852,2025-08-04 07:17:33,43.3541069030762,-8.4591064453125,"Unknown"
"7014855",371852,2025-08-04 07:22:35,43.3541412353516,-8.45913124084473,"Unknown"
"7014855",371852,2025-08-04 07:28:04,43.3541069030762,-8.45912551879883,"Unknown"
"7014855",371852,2025-08-04 07:33:05,43.3550262451172,-8.45815277099609,"Unknown"
"7014855",371852,2025-08-04 07:37:37,43.3544921875,-8.45839309692383,"Unknown"
"7014855",371852,2025-08-04 07:42:33,43.3544616699219,-8.45874404907227,"Unknown"
"7014855",371852,2025-08-04 07:47:32,43.3404960632324,-8.45370197296143,"Unknown"
"7014855",371852,2025-08-04 07:52:31,43.3400459289551,-8.4594202041626,"Unknown"
"7014855",371852,2025-08-04 07:57:30,43.3534889221191,-8.4787015914917,"Unknown"
"7014855",371852,2025-08-04 08:02:30,43.3554840087891,-8.51815605163574,"Unknown"
"7014855",371852,2025-08-04 08:07:46,43.3525543212891,-8.55631256103516,"Unknown"
"7014855",371852,2025-08-04 08:12:31,43.3589668273926,-8.58255958557129,"Unknown"
"7014855",371852,2025-08-04 08:17:34,43.3538436889648,-8.61608219146729,"Unknown"
"7014855",371852,2025-08-04 08:22:48,43.3475036621094,-8.65146636962891,"Unknown"
"7014855",371852,2025-08-04 08:27:29,43.3465423583984,-8.68722057342529,"Unknown"
"7014855",371852,2025-08-04 08:32:29,43.3508644104004,-8.722900390625,"Unknown"
"7014855",371852,2025-08-04 08:37:29,43.3538818359375,-8.76264953613281,"Unknown"
"7014855",371852,2025-08-04 08:42:30,43.3566093444824,-8.8121166229248,"Unknown"
"7014855",371852,2025-08-04 08:47:44,43.3600616455078,-8.84310054779053,"Unknown"
"7014855",371852,2025-08-04 08:52:36,43.3602333068848,-8.84325790405273,"Unknown"
"7014855",371852,2025-08-04 08:57:39,43.3600578308105,-8.84314727783203,"Unknown"
"7014855",371852,2025-08-04 09:02:39,43.3605194091797,-8.84372901916504,"Unknown"
"7014855",371852,2025-08-04 09:07:42,43.3604736328125,-8.84367370605469,"Unknown"
"7014855",371852,2025-08-04 09:12:39,43.3603172302246,-8.84353733062744,"Unknown"
"7014855",371852,2025-08-04 09:17:41,43.3602600097656,-8.84326457977295,"Unknown"
"7014855",371852,2025-08-04 09:23:05,43.3600807189941,-8.84299850463867,"Unknown"
"7014855",371852,2025-08-04 09:27:29,43.3601303100586,-8.84296798706055,"Unknown"
"7014855",371852,2025-08-04 09:32:30,43.3600158691406,-8.8430061340332,"Unknown"
"7014855",371852,2025-08-04 09:37:30,43.3599395751953,-8.84306335449219,"Unknown"
"7014855",371852,2025-08-04 09:42:29,43.3599624633789,-8.84311294555664,"Unknown"
"7014855",371852,2025-08-04 09:47:30,43.3599967956543,-8.84303092956543,"Unknown"
"7014855",371852,2025-08-04 09:52:30,43.3599624633789,-8.84303188323975,"Unknown"
"7014855",371852,2025-08-04 09:57:29,43.3600463867188,-8.84313774108887,"Unknown"
"7014855",371852,2025-08-04 10:03:53,43.3612480163574,-8.84395313262939,"Unknown"
"7014855",371852,2025-08-04 10:07:29,43.3564529418945,-8.8461275100708,"Unknown"
"7014855",371852,2025-08-04 10:12:29,43.3404922485352,-8.85460758209229,"Unknown"
"7014855",371852,2025-08-04 10:17:29,43.3376007080078,-8.85326862335205,"Unknown"
"7014855",371852,2025-08-04 10:22:30,43.3189926147461,-8.8463888168335,"Unknown"
"7014855",371852,2025-08-04 10:27:29,43.3084564208984,-8.82173633575439,"Unknown"
"7014855",371852,2025-08-04 10:32:30,43.2940292358398,-8.8068323135376,"Unknown"
"7014855",371852,2025-08-04 10:37:30,43.2732353210449,-8.7847957611084,"Unknown"
"7014855",371852,2025-08-04 10:42:30,43.2665061950684,-8.77456378936768,"Unknown"
"7014855",371852,2025-08-04 10:47:29,43.2714347839355,-8.75765800476074,"Unknown"
"7014855",371852,2025-08-04 10:52:44,43.293514251709,-8.73400783538818,"Unknown"
"7014855",371852,2025-08-04 10:57:31,43.2979469299316,-8.72768402099609,"Unknown"
"7014855",371852,2025-08-04 11:02:32,43.2980270385742,-8.72754669189453,"Unknown"
"7014855",371852,2025-08-04 11:07:31,43.2980842590332,-8.7274169921875,"Unknown"
"7014855",371852,2025-08-04 11:12:31,43.2981376647949,-8.7274694442749,"Unknown"
"7014855",371852,2025-08-04 11:17:30,43.2984161376953,-8.72744274139404,"Unknown"
"7014855",371852,2025-08-04 11:22:33,43.2873878479004,-8.68372249603271,"Unknown"
"7014855",371852,2025-08-04 11:27:36,43.2772178649902,-8.65115165710449,"Unknown"
"7014855",371852,2025-08-04 11:32:29,43.2586441040039,-8.61986637115479,"Unknown"
"7014855",371852,2025-08-04 11:37:31,43.23876953125,-8.60060405731201,"Unknown"
"7014855",371852,2025-08-04 11:42:31,43.2184753417969,-8.57208442687988,"Unknown"
"7014855",371852,2025-08-04 11:47:31,43.2108688354492,-8.57246780395508,"Unknown"
"7014855",371852,2025-08-04 11:52:30,43.1936340332031,-8.55387496948242,"Unknown"
"7014855",371852,2025-08-04 11:57:33,43.174243927002,-8.54968643188477,"Unknown"
"7014855",371852,2025-08-04 12:02:39,43.153148651123,-8.51944541931152,"Unknown"
"7014855",371852,2025-08-04 12:07:56,43.1357536315918,-8.4917516708374,"Unknown"
"7014855",371852,2025-08-04 12:12:34,43.1297836303711,-8.47131824493408,"Unknown"
"7014855",371852,2025-08-04 12:18:06,43.1298751831055,-8.47179412841797,"Unknown"
"7014855",371852,2025-08-04 12:22:51,43.1300468444824,-8.47183132171631,"Unknown"
"7014855",371852,2025-08-04 12:27:39,43.1303901672363,-8.47192001342773,"Unknown"
"7014855",371852,2025-08-04 12:32:47,43.1300888061523,-8.47130584716797,"Unknown"
"7014855",371852,2025-08-04 12:38:01,43.1302146911621,-8.47172451019287,"Unknown"
"7014855",371852,2025-08-04 12:42:32,43.1301383972168,-8.47153186798096,"Unknown"
"7014855",371852,2025-08-04 12:47:45,43.1302642822266,-8.47169494628906,"Unknown"
"7014855",371852,2025-08-04 12:52:32,43.1302642822266,-8.47191905975342,"Unknown"
"7014855",371852,2025-08-04 12:57:45,43.1300621032715,-8.47349166870117,"Unknown"
"7014855",371852,2025-08-04 13:02:36,43.1301651000977,-8.4735107421875,"Unknown"
"7014855",371852,2025-08-04 13:07:34,43.1299819946289,-8.47318363189697,"Unknown"
"7014855",371852,2025-08-04 13:12:39,43.1303634643555,-8.47381973266602,"Unknown"
"7014855",371852,2025-08-04 13:17:45,43.1302070617676,-8.47365379333496,"Unknown"
"7014855",371852,2025-08-04 13:23:05,43.130184173584,-8.4735279083252,"Unknown"
"7014855",371852,2025-08-04 13:27:37,43.130199432373,-8.47358417510986,"Unknown"
"7014855",371852,2025-08-04 13:32:32,43.1302947998047,-8.47332954406738,"Unknown"
"7014855",371852,2025-08-04 13:37:38,43.1302146911621,-8.47355842590332,"Unknown"
"7014855",371852,2025-08-04 13:42:33,43.130256652832,-8.4734354019165,"Unknown"
"7014855",371852,2025-08-04 13:47:34,43.1303215026855,-8.47362422943115,"Unknown"
"7014855",371852,2025-08-04 13:52:35,43.1303367614746,-8.47346782684326,"Unknown"
"7014855",371852,2025-08-04 13:57:44,43.1302452087402,-8.47363471984863,"Unknown"
"7014855",371852,2025-08-04 14:02:44,43.1303215026855,-8.47337532043457,"Unknown"
"7014855",371852,2025-08-04 14:07:33,43.1300048828125,-8.47393321990967,"Unknown"
"7014855",371852,2025-08-04 14:12:40,43.1301078796387,-8.47367286682129,"Unknown"
"7014855",371852,2025-08-04 14:17:50,43.1301803588867,-8.4735860824585,"Unknown"
"7014855",371852,2025-08-04 14:22:34,43.1300659179688,-8.47372817993164,"Unknown"
"7014855",371852,2025-08-04 14:27:35,43.1302947998047,-8.47337818145752,"Unknown"
"7014855",371852,2025-08-04 14:32:29,43.130256652832,-8.47351741790771,"Unknown"
"7014855",371852,2025-08-04 14:37:44,43.1300506591797,-8.47362041473389,"Unknown"
"7014855",371852,2025-08-04 14:42:36,43.1301078796387,-8.47350883483887,"Unknown"
"7014855",371852,2025-08-04 14:47:44,43.1299438476562,-8.47318840026855,"Unknown"
"7014855",371852,2025-08-04 14:52:35,43.1305961608887,-8.47330474853516,"Unknown"
"7014855",371852,2025-08-04 14:58:05,43.1303443908691,-8.47356033325195,"Unknown"
"7014855",371852,2025-08-04 15:02:32,43.1303062438965,-8.47356128692627,"Unknown"
"7014855",371852,2025-08-04 15:07:30,43.130313873291,-8.47357749938965,"Unknown"
"7014855",371852,2025-08-04 15:12:33,43.1302642822266,-8.47343826293945,"Unknown"
"7014855",371852,2025-08-04 15:17:30,43.1302604675293,-8.47338008880615,"Unknown"
"7014855",371852,2025-08-04 15:22:30,43.1302604675293,-8.47268962860107,"Unknown"
"7014855",371852,2025-08-04 15:27:36,43.1302032470703,-8.4735164642334,"Unknown"
"7014855",371852,2025-08-04 15:32:41,43.1302909851074,-8.47337245941162,"Unknown"
"7014855",371852,2025-08-04 15:37:40,43.1305389404297,-8.47349834442139,"Unknown"
"7014855",371852,2025-08-04 15:42:30,43.1301765441895,-8.47340679168701,"Unknown"
"7014855",371852,2025-08-04 15:47:33,43.1303100585938,-8.47341537475586,"Unknown"
"7014855",371852,2025-08-04 15:52:36,43.1303939819336,-8.47347259521484,"Unknown"
"7014855",371852,2025-08-04 15:57:37,43.1304359436035,-8.47345066070557,"Unknown"
"7014855",371852,2025-08-04 16:02:36,43.1304130554199,-8.47342586517334,"Unknown"
"7014855",371852,2025-08-04 16:07:39,43.1304740905762,-8.47350883483887,"Unknown"
"7014855",371852,2025-08-04 16:12:33,43.1303520202637,-8.4734001159668,"Unknown"
"7014855",371852,2025-08-04 16:17:34,43.1304321289062,-8.4734411239624,"Unknown"
"7014855",371852,2025-08-04 16:22:34,43.1304512023926,-8.47354698181152,"Unknown"
"7014855",371852,2025-08-04 16:27:39,43.1301498413086,-8.47331809997559,"Unknown"
"7014855",371852,2025-08-04 16:32:44,43.1305656433105,-8.47361278533936,"Unknown"
"7014855",371852,2025-08-04 16:37:36,43.1303863525391,-8.47353267669678,"Unknown"
"7014855",371852,2025-08-04 16:42:44,43.13037109375,-8.47342586517334,"Unknown"
"7014855",371852,2025-08-04 16:47:31,43.1322822570801,-8.47390365600586,"Unknown"
"7014855",371852,2025-08-04 16:52:31,43.1348075866699,-8.47400188446045,"Unknown"
"7014855",371852,2025-08-04 16:57:36,43.134391784668,-8.47370147705078,"Unknown"
"7014855",371852,2025-08-04 17:02:36,43.1346092224121,-8.47390460968018,"Unknown"
"7014855",371852,2025-08-04 17:07:31,43.1430168151855,-8.47953414916992,"Unknown"
"7014855",371852,2025-08-04 17:12:32,43.1656379699707,-8.48441219329834,"Unknown"
"7014855",371852,2025-08-04 17:17:31,43.188606262207,-8.48262405395508,"Unknown"
"7014855",371852,2025-08-04 17:22:32,43.2081451416016,-8.47237873077393,"Unknown"
"7014855",371852,2025-08-04 17:27:39,43.2355117797852,-8.46371841430664,"Unknown"
"7014855",371852,2025-08-04 17:32:45,43.2610015869141,-8.45818519592285,"Unknown"
"7014855",371852,2025-08-04 17:37:30,43.2844200134277,-8.45462322235107,"Unknown"
"7014855",371852,2025-08-04 17:42:32,43.3036193847656,-8.463210105896,"Unknown"
"7014855",371852,2025-08-04 17:47:33,43.3219413757324,-8.46469879150391,"Unknown"
"7014855",371852,2025-08-04 17:52:37,43.3297882080078,-8.43199157714844,"Unknown"
"7014855",371852,2025-08-04 17:57:37,43.3383178710938,-8.41015911102295,"Unknown"
"7014855",371852,2025-08-04 18:02:44,43.3481063842773,-8.40739059448242,"Unknown"
"7014855",371852,2025-08-04 18:07:44,43.3482360839844,-8.40757465362549,"Unknown"
"7014855",371852,2025-08-04 18:12:39,43.3481292724609,-8.40737724304199,"Unknown"
"7014855",371852,2025-08-04 18:17:39,43.3481216430664,-8.40745258331299,"Unknown"
"7014855",371852,2025-08-04 18:22:36,43.3482894897461,-8.40684700012207,"Unknown"
"7014855",371852,2025-08-04 18:27:33,43.3481903076172,-8.40660095214844,"Unknown"
"7014855",371852,2025-08-04 18:33:05,43.3497734069824,-8.40634059906006,"Unknown"
"7014855",371852,2025-08-04 18:37:36,43.3500022888184,-8.40615653991699,"Unknown"
"7014855",371852,2025-08-04 18:42:44,43.349666595459,-8.40611362457275,"Unknown"
"7014855",371852,2025-08-04 18:47:48,43.3498115539551,-8.40652561187744,"Unknown"
"7014855",371852,2025-08-04 18:53:01,43.3590049743652,-8.39999580383301,"Unknown"
"7014855",371852,2025-08-04 18:57:30,43.359001159668,-8.39999008178711,"Unknown"
"7014855",371852,2025-08-04 19:02:30,43.358959197998,-8.39988803863525,"Unknown"
"7014855",371852,2025-08-04 19:07:31,43.3589744567871,-8.39988803863525,"Unknown"
"7014855",371852,2025-08-04 19:12:34,43.3589744567871,-8.3998441696167,"Unknown"
"7014855",371852,2025-08-04 19:17:33,43.3589324951172,-8.39986419677734,"Unknown"
"7014855",371852,2025-08-04 19:22:31,43.3589897155762,-8.39986419677734,"Unknown"
"7014855",371852,2025-08-04 19:27:32,43.358959197998,-8.39978694915771,"Unknown"
"7014855",371852,2025-08-04 19:32:31,43.3588676452637,-8.40007019042969,"Unknown"
"7014855",371852,2025-08-04 19:37:31,43.3590888977051,-8.39995193481445,"Unknown"
"7014855",371852,2025-08-04 19:42:31,43.3589096069336,-8.39986896514893,"Unknown"
"7014855",371852,2025-08-04 19:47:32,43.3589019775391,-8.39986038208008,"Unknown"
"7014855",371852,2025-08-04 19:52:30,43.3590888977051,-8.39981365203857,"Unknown"
"7014855",371852,2025-08-04 19:57:32,43.3591423034668,-8.39979553222656,"Unknown"
"7014855",371852,2025-08-04 20:02:33,43.359016418457,-8.39982318878174,"Unknown"
"7014855",371852,2025-08-04 20:07:37,43.3590202331543,-8.40005683898926,"Unknown"
"7014855",371852,2025-08-04 20:12:31,43.3589973449707,-8.4000244140625,"Unknown"
"7014855",371852,2025-08-04 20:17:30,43.3589134216309,-8.39998435974121,"Unknown"
"7014855",371852,2025-08-04 20:22:32,43.3590316772461,-8.40005397796631,"Unknown"
"7014855",371852,2025-08-04 20:27:31,43.3590393066406,-8.40002155303955,"Unknown"
"7014855",371852,2025-08-04 20:32:31,43.3590126037598,-8.40006160736084,"Unknown"
"7014855",371852,2025-08-04 20:37:32,43.3589668273926,-8.39999008178711,"Unknown"
"7014855",371852,2025-08-04 20:42:33,43.3590202331543,-8.40030956268311,"Unknown"
"7014855",371852,2025-08-04 20:47:40,43.3589935302734,-8.39998435974121,"Unknown"
"7014855",371852,2025-08-04 20:52:31,43.3589477539062,-8.39981269836426,"Unknown"
"7014855",371852,2025-08-04 20:57:31,43.3590316772461,-8.39981555938721,"Unknown"
"7014855",371852,2025-08-04 21:02:31,43.3589897155762,-8.399827003479,"Unknown"
"7014855",371852,2025-08-04 21:07:31,43.3590202331543,-8.39974975585938,"Unknown"
"7014855",371852,2025-08-04 21:12:31,43.3588943481445,-8.39967346191406,"Unknown"
"7014855",371852,2025-08-04 21:17:31,43.3589630126953,-8.39981937408447,"Unknown"
"7014855",371852,2025-08-04 21:22:31,43.3589210510254,-8.3997106552124,"Unknown"
"7014855",371852,2025-08-04 21:27:31,43.3591499328613,-8.3998556137085,"Unknown"
"7014855",371852,2025-08-04 21:32:30,43.3590049743652,-8.39979457855225,"Unknown"
"7014855",371852,2025-08-04 21:37:31,43.3583374023438,-8.40091800689697,"Unknown"
"7014855",371852,2025-08-04 21:42:38,43.3591117858887,-8.39984893798828,"Unknown"
"7014855",371852,2025-08-04 21:47:41,43.3590545654297,-8.39982223510742,"Unknown"
"7014855",371852,2025-08-04 21:52:39,43.3591461181641,-8.39990520477295,"Unknown"
"7014855",371852,2025-08-04 21:57:40,43.3592567443848,-8.39994049072266,"Unknown"
"7014855",371852,2025-08-04 22:02:34,43.3591003417969,-8.39988613128662,"Unknown"
"7014855",371852,2025-08-04 22:07:38,43.3589401245117,-8.40039443969727,"Unknown"
"7014855",371852,2025-08-04 22:12:40,43.3591232299805,-8.39986419677734,"Unknown"
"7014855",371852,2025-08-04 22:17:31,43.3591728210449,-8.39984512329102,"Unknown"
"7014855",371852,2025-08-04 22:22:34,43.3591384887695,-8.39999580383301,"Unknown"
"7014855",371852,2025-08-04 22:27:36,43.3591461181641,-8.39995288848877,"Unknown"
"7014855",371852,2025-08-04 22:32:32,43.3592948913574,-8.40002250671387,"Unknown"
"7014855",371852,2025-08-04 22:37:33,43.359130859375,-8.39992809295654,"Unknown"
"7014855",371852,2025-08-04 22:42:34,43.3593254089355,-8.40013027191162,"Unknown"
"7014855",371852,2025-08-04 22:48:05,43.3589515686035,-8.40001392364502,"Unknown"
"7014855",371852,2025-08-04 22:52:34,43.3589782714844,-8.40005970001221,"Unknown"
"7014855",371852,2025-08-04 22:57:33,43.358959197998,-8.40001773834229,"Unknown"
"7014855",371852,2025-08-04 23:02:34,43.3589782714844,-8.40012550354004,"Unknown"
"7014855",371852,2025-08-04 23:07:32,43.3588485717773,-8.39992427825928,"Unknown"
"7014855",371852,2025-08-04 23:12:31,43.3591079711914,-8.39984607696533,"Unknown"
"7014855",371852,2025-08-04 23:17:30,43.3590660095215,-8.39983558654785,"Unknown"
"7014855",371852,2025-08-04 23:22:30,43.3591194152832,-8.39984035491943,"Unknown"
"7014855",371852,2025-08-04 23:27:30,43.3591346740723,-8.39995670318604,"Unknown"
"7014855",371852,2025-08-04 23:32:43,43.3598594665527,-8.39867305755615,"Unknown"
"7014855",371852,2025-08-04 23:37:30,43.3591842651367,-8.39907360076904,"Unknown"
"7014855",371852,2025-08-04 23:42:47,43.3592147827148,-8.39901638031006,"Unknown"
"7014855",371852,2025-08-04 23:47:37,43.3591842651367,-8.39913654327393,"Unknown"
"7014855",371852,2025-08-04 23:52:30,43.3592491149902,-8.39906311035156,"Unknown"
"7014855",371852,2025-08-04 23:57:36,43.3591842651367,-8.39917469024658,"Unknown"
"7014855",371852,2025-08-05 00:02:39,43.3589973449707,-8.3993616104126,"Unknown"
"7014855",371852,2025-08-05 00:07:39,43.3597793579102,-8.398512840271,"Unknown"
"7014855",371852,2025-08-05 00:12:44,43.3590850830078,-8.39917755126953,"Unknown"
"7014855",371852,2025-08-05 00:17:36,43.3591041564941,-8.39919853210449,"Unknown"
"7014855",371852,2025-08-05 00:22:32,43.3591499328613,-8.39920139312744,"Unknown"
"7014855",371852,2025-08-05 00:27:33,43.3591690063477,-8.39942646026611,"Unknown"
"7014855",371852,2025-08-05 00:32:39,43.3590888977051,-8.39897537231445,"Unknown"
"7014855",371852,2025-08-05 00:37:44,43.3591156005859,-8.39914131164551,"Unknown"
"7014855",371852,2025-08-05 00:42:33,43.3592414855957,-8.39906311035156,"Unknown"
"7014855",371852,2025-08-05 00:47:39,43.3590850830078,-8.39906597137451,"Unknown"
"7014855",371852,2025-08-05 00:52:36,43.3590965270996,-8.39926528930664,"Unknown"
"7014855",371852,2025-08-05 00:57:37,43.3591003417969,-8.39924812316895,"Unknown"
"7014855",371852,2025-08-05 01:02:44,43.3591766357422,-8.39905452728271,"Unknown"
"7014855",371852,2025-08-05 01:07:47,43.3590354919434,-8.39908981323242,"Unknown"
"7014855",371852,2025-08-05 01:12:36,43.3590354919434,-8.3989200592041,"Unknown"
"7014855",371852,2025-08-05 01:17:39,43.3589172363281,-8.39867210388184,"Unknown"
"7014855",371852,2025-08-05 01:23:05,43.3591499328613,-8.39930152893066,"Unknown"
"7014855",371852,2025-08-05 01:27:36,43.3591194152832,-8.39909362792969,"Unknown"
"7014855",371852,2025-08-05 01:32:32,43.3591423034668,-8.3990535736084,"Unknown"
"7014855",371852,2025-08-05 01:37:33,43.3591728210449,-8.39914417266846,"Unknown"
"7014855",371852,2025-08-05 01:42:31,43.3591270446777,-8.39937686920166,"Unknown"
"7014855",371852,2025-08-05 01:47:44,43.3601036071777,-8.40285491943359,"Unknown"
"7014855",371852,2025-08-05 01:52:34,43.3602523803711,-8.4030237197876,"Unknown"
"7014855",371852,2025-08-05 01:57:36,43.3601493835449,-8.40281772613525,"Unknown"
"7014855",371852,2025-08-05 02:02:34,43.3600387573242,-8.40262222290039,"Unknown"
"7014855",371852,2025-08-05 02:07:42,43.3603210449219,-8.40326499938965,"Unknown"
"7014855",371852,2025-08-05 02:12:41,43.3601379394531,-8.40282440185547,"Unknown"
"7014855",371852,2025-08-05 02:17:31,43.3599853515625,-8.40251159667969,"Unknown"
"7014855",371852,2025-08-05 02:22:33,43.3601837158203,-8.4029369354248,"Unknown"
"7014855",371852,2025-08-05 02:27:30,43.3602256774902,-8.40300273895264,"Unknown"
"7014855",371852,2025-08-05 02:32:30,43.3602294921875,-8.4029483795166,"Unknown"
"7014855",371852,2025-08-05 02:37:33,43.3603019714355,-8.40304756164551,"Unknown"
"7014855",371852,2025-08-05 02:42:43,43.360107421875,-8.40283393859863,"Unknown"
"7014855",371852,2025-08-05 02:47:43,43.3602409362793,-8.40297603607178,"Unknown"
"7014855",371852,2025-08-05 02:53:05,43.360107421875,-8.4027156829834,"Unknown"
"7014855",371852,2025-08-05 02:57:30,43.3600311279297,-8.40270709991455,"Unknown"
"7014855",371852,2025-08-05 03:02:30,43.3599891662598,-8.40276622772217,"Unknown"
"7014855",371852,2025-08-05 03:07:30,43.3600120544434,-8.40274906158447,"Unknown"
"7014855",371852,2025-08-05 03:12:30,43.3601341247559,-8.40277194976807,"Unknown"
"7014855",371852,2025-08-05 03:17:31,43.3602600097656,-8.40270233154297,"Unknown"
"7014855",371852,2025-08-05 03:22:31,43.360107421875,-8.40261745452881,"Unknown"
"7014855",371852,2025-08-05 03:27:31,43.3601760864258,-8.4027099609375,"Unknown"
"7014855",371852,2025-08-05 03:32:30,43.3601837158203,-8.40275859832764,"Unknown"
"7014855",371852,2025-08-05 03:37:30,43.3601570129395,-8.40274620056152,"Unknown"
"7014855",371852,2025-08-05 03:42:34,43.359016418457,-8.39913654327393,"Unknown"
"7014855",371852,2025-08-05 03:47:33,43.3591079711914,-8.3990535736084,"Unknown"
"7014855",371852,2025-08-05 03:52:34,43.3590240478516,-8.39903354644775,"Unknown"
"7014855",371852,2025-08-05 03:57:34,43.3590812683105,-8.39907360076904,"Unknown"
"7014855",371852,2025-08-05 04:02:33,43.3591232299805,-8.39913749694824,"Unknown"
"7014855",371852,2025-08-05 04:07:33,43.3591232299805,-8.39899730682373,"Unknown"
"7014855",371852,2025-08-05 04:12:38,43.3590774536133,-8.39914798736572,"Unknown"
"7014855",371852,2025-08-05 04:17:36,43.359260559082,-8.39900588989258,"Unknown"
"7014855",371852,2025-08-05 04:22:31,43.3591804504395,-8.39902973175049,"Unknown"
"7014855",371852,2025-08-05 04:27:33,43.3590774536133,-8.39898014068604,"Unknown"
"7014855",371852,2025-08-05 04:32:38,43.3597373962402,-8.39863300323486,"Unknown"
"7014855",371852,2025-08-05 04:37:41,43.3601684570312,-8.40262317657471,"Unknown"
"7014855",371852,2025-08-05 04:42:33,43.3596725463867,-8.40246868133545,"Unknown"
"7014855",371852,2025-08-05 04:47:39,43.3601722717285,-8.40255546569824,"Unknown"
"7014855",371852,2025-08-05 04:52:33,43.3601417541504,-8.40094757080078,"Unknown"
"7014855",371852,2025-08-05 04:57:36,43.359920501709,-8.4018611907959,"Unknown"
"7014855",371852,2025-08-05 05:02:33,43.3601913452148,-8.39701747894287,"Unknown"
"7014855",371852,2025-08-05 05:07:34,43.3598365783691,-8.39752292633057,"Unknown"
"7014855",371852,2025-08-05 05:12:43,43.3598442077637,-8.39737892150879,"Unknown"
"7014855",371852,2025-08-05 05:17:32,43.3598480224609,-8.39739418029785,"Unknown"
"7014855",371852,2025-08-05 05:22:30,43.3598213195801,-8.4000997543335,"Unknown"
"7014855",371852,2025-08-05 05:27:44,43.3603553771973,-8.39767646789551,"Unknown"
"7014855",371852,2025-08-05 05:32:30,43.3602142333984,-8.39766311645508,"Unknown"
"7014855",371852,2025-08-05 05:37:39,43.3600807189941,-8.39765644073486,"Unknown"
"7014855",371852,2025-08-05 05:42:40,43.3602905273438,-8.39757537841797,"Unknown"
"7014855",371852,2025-08-05 05:48:05,43.3602142333984,-8.39730072021484,"Unknown"
"7014855",371852,2025-08-05 05:52:30,43.3598213195801,-8.39736366271973,"Unknown"
"7014855",371852,2025-08-05 05:57:31,43.359920501709,-8.39805698394775,"Unknown"
"7014855",371852,2025-08-05 06:02:31,43.3596725463867,-8.39756774902344,"Unknown"
"7014855",371852,2025-08-05 06:07:33,43.3596572875977,-8.39764213562012,"Unknown"
"7014855",371852,2025-08-05 06:12:31,43.3597183227539,-8.397629737854,"Unknown"
"7014855",371852,2025-08-05 06:17:33,43.3595733642578,-8.39764785766602,"Unknown"
"7014855",371852,2025-08-05 06:22:33,43.3597259521484,-8.39758110046387,"Unknown"
"7014855",371852,2025-08-05 06:27:33,43.359733581543,-8.39755249023438,"Unknown"
"7014855",371852,2025-08-05 06:32:40,43.3598556518555,-8.39758396148682,"Unknown"
"7014855",371852,2025-08-05 06:37:32,43.3595237731934,-8.39753150939941,"Unknown"
"7014855",371852,2025-08-05 06:42:31,43.3632278442383,-8.40639114379883,"Unknown"
"7014855",371852,2025-08-05 06:47:31,43.3803443908691,-8.43614196777344,"Unknown"
"7014855",371852,2025-08-05 06:52:31,43.3708610534668,-8.48535537719727,"Unknown"
"7014855",371852,2025-08-05 06:57:39,43.369197845459,-8.53976058959961,"Unknown"
"7014855",371852,2025-08-05 07:02:32,43.3592758178711,-8.60148906707764,"Unknown"
"7014855",371852,2025-08-05 07:07:38,43.3488883972168,-8.67260360717773,"Unknown"
"7014855",371852,2025-08-05 07:12:33,43.35107421875,-8.73125839233398,"Unknown"
"7014855",371852,2025-08-05 07:17:31,43.3540534973145,-8.79590225219727,"Unknown"
"7014855",371852,2025-08-05 07:22:40,43.3601837158203,-8.84312915802002,"Unknown"
"7014855",371852,2025-08-05 07:27:31,43.3600959777832,-8.84311199188232,"Unknown"
"7014855",371852,2025-08-05 07:33:05,43.3600387573242,-8.84309387207031,"Unknown"
"7014855",371852,2025-08-05 07:37:34,43.359992980957,-8.84329319000244,"Unknown"
"7014855",371852,2025-08-05 07:42:34,43.3601036071777,-8.8431510925293,"Unknown"
"7014855",371852,2025-08-05 07:47:32,43.3600616455078,-8.84289264678955,"Unknown"
"7014855",371852,2025-08-05 07:52:31,43.3600883483887,-8.8428373336792,"Unknown"
"7014855",371852,2025-08-05 07:57:31,43.3600616455078,-8.84292316436768,"Unknown"
"7014855",371852,2025-08-05 08:02:31,43.3601226806641,-8.84282207489014,"Unknown"
"7014855",371852,2025-08-05 08:08:05,43.3600616455078,-8.84304523468018,"Unknown"
"7014855",371852,2025-08-05 08:12:34,43.3600997924805,-8.84308052062988,"Unknown"
"7014855",371852,2025-08-05 08:17:31,43.3601226806641,-8.84299373626709,"Unknown"
"7014855",371852,2025-08-05 08:22:34,43.3601150512695,-8.84314155578613,"Unknown"
"7014855",371852,2025-08-05 08:27:44,43.3601417541504,-8.84304618835449,"Unknown"
"7014855",371852,2025-08-05 08:33:54,43.3609466552734,-8.84410190582275,"Unknown"
"7014855",371852,2025-08-05 08:37:43,43.3607635498047,-8.84403800964355,"Unknown"
"7014855",371852,2025-08-05 08:43:54,43.3608894348145,-8.84396648406982,"Unknown"
"7014855",371852,2025-08-05 08:48:54,43.360969543457,-8.84403324127197,"Unknown"
"7014855",371852,2025-08-05 08:53:54,43.3608245849609,-8.84382724761963,"Unknown"
"7014855",371852,2025-08-05 08:57:39,43.3602104187012,-8.84322071075439,"Unknown"
"7014855",371852,2025-08-05 09:02:38,43.3602142333984,-8.84311771392822,"Unknown"
"7014855",371852,2025-08-05 09:07:33,43.3601188659668,-8.84294033050537,"Unknown"
"7014855",371852,2025-08-05 09:12:38,43.3599472045898,-8.84301376342773,"Unknown"
"7014855",371852,2025-08-05 09:17:39,43.3599052429199,-8.84298038482666,"Unknown"
"7014855",371852,2025-08-05 09:22:36,43.3602981567383,-8.8428201675415,"Unknown"
"7014855",371852,2025-08-05 09:27:39,43.3599891662598,-8.84274387359619,"Unknown"
"7014855",371852,2025-08-05 09:32:43,43.3597602844238,-8.84276008605957,"Unknown"
"7014855",371852,2025-08-05 09:37:33,43.3599967956543,-8.84272861480713,"Unknown"
"7014855",371852,2025-08-05 09:42:39,43.3598136901855,-8.84285068511963,"Unknown"
"7014855",371852,2025-08-05 09:47:42,43.3600883483887,-8.84272575378418,"Unknown"
"7014855",371852,2025-08-05 09:52:39,43.3601112365723,-8.84275722503662,"Unknown"
"7014855",371852,2025-08-05 09:57:58,43.3600044250488,-8.84276008605957,"Unknown"
"7014855",371852,2025-08-05 10:03:05,43.3600120544434,-8.84316062927246,"Unknown"
"7014855",371852,2025-08-05 10:07:30,43.3600425720215,-8.84304523468018,"Unknown"
"7014855",371852,2025-08-05 10:12:31,43.3600578308105,-8.84307956695557,"Unknown"
"7014855",371852,2025-08-05 10:17:30,43.3600540161133,-8.84302616119385,"Unknown"
"7014855",371852,2025-08-05 10:22:34,43.3599967956543,-8.8431396484375,"Unknown"
"7014855",371852,2025-08-05 10:27:30,43.3600273132324,-8.8430347442627,"Unknown"
"7014855",371852,2025-08-05 10:32:30,43.3600196838379,-8.84305572509766,"Unknown"
"7014855",371852,2025-08-05 10:37:31,43.360034942627,-8.84303855895996,"Unknown"
"7014855",371852,2025-08-05 10:42:30,43.3600387573242,-8.8430061340332,"Unknown"
"7014855",371852,2025-08-05 10:47:30,43.3599586486816,-8.84304428100586,"Unknown"
"7014855",371852,2025-08-05 10:52:30,43.3600006103516,-8.84305858612061,"Unknown"
"7014855",371852,2025-08-05 10:57:30,43.3600158691406,-8.84303665161133,"Unknown"
"7014855",371852,2025-08-05 11:02:30,43.3600006103516,-8.84313869476318,"Unknown"
"7014855",371852,2025-08-05 11:07:33,43.3600120544434,-8.84303665161133,"Unknown"
"7014855",371852,2025-08-05 11:12:34,43.3599014282227,-8.84300231933594,"Unknown"
"7014855",371852,2025-08-05 11:17:35,43.3599624633789,-8.84304523468018,"Unknown"
"7014855",371852,2025-08-05 11:22:33,43.3600044250488,-8.84307193756104,"Unknown"
"7014855",371852,2025-08-05 11:27:32,43.359935760498,-8.84317111968994,"Unknown"
"7014855",371852,2025-08-05 11:32:44,43.3535995483398,-8.83213329315186,"Unknown"
"7014855",371852,2025-08-05 11:37:33,43.3227119445801,-8.81371116638184,"Unknown"
"7014855",371852,2025-08-05 11:42:30,43.3032073974609,-8.78283214569092,"Unknown"
"7014855",371852,2025-08-05 11:47:32,43.2983779907227,-8.75693798065186,"Unknown"
"7014855",371852,2025-08-05 11:52:33,43.2951545715332,-8.72744941711426,"Unknown"
"7014855",371852,2025-08-05 11:57:36,43.291446685791,-8.70136165618896,"Unknown"
"7014855",371852,2025-08-05 12:03:05,43.2915382385254,-8.69677257537842,"Unknown"
"7014855",371852,2025-08-05 12:07:31,43.291633605957,-8.69678211212158,"Unknown"
"7014855",371852,2025-08-05 12:12:33,43.2919273376465,-8.69638442993164,"Unknown"
"7014855",371852,2025-08-05 12:17:30,43.291820526123,-8.69630241394043,"Unknown"
"7014855",371852,2025-08-05 12:22:31,43.2910385131836,-8.69424247741699,"Unknown"
"7014855",371852,2025-08-05 12:27:31,43.2856903076172,-8.66804313659668,"Unknown"
"7014855",371852,2025-08-05 12:32:30,43.2852554321289,-8.64528751373291,"Unknown"
"7014855",371852,2025-08-05 12:37:30,43.3041305541992,-8.64720153808594,"Unknown"
"7014855",371852,2025-08-05 12:42:31,43.3128814697266,-8.63018321990967,"Unknown"
"7014855",371852,2025-08-05 12:47:31,43.316593170166,-8.60935497283936,"Unknown"
"7014855",371852,2025-08-05 12:53:05,43.3212280273438,-8.59132766723633,"Unknown"
"7014855",371852,2025-08-05 12:57:32,43.3212928771973,-8.59132289886475,"Unknown"
"7014855",371852,2025-08-05 13:02:31,43.3212242126465,-8.59142684936523,"Unknown"
"7014855",371852,2025-08-05 13:07:34,43.3213500976562,-8.59126758575439,"Unknown"
"7014855",371852,2025-08-05 13:12:31,43.321117401123,-8.59149742126465,"Unknown"
"7014855",371852,2025-08-05 13:17:42,43.3211822509766,-8.59139919281006,"Unknown"
"7014855",371852,2025-08-05 13:22:31,43.3211936950684,-8.5914249420166,"Unknown"
"7014855",371852,2025-08-05 13:27:31,43.3211479187012,-8.59140872955322,"Unknown"
"7014855",371852,2025-08-05 13:32:34,43.3211822509766,-8.59136199951172,"Unknown"
"7014855",371852,2025-08-05 13:37:33,43.321231842041,-8.59134674072266,"Unknown"
"7014855",371852,2025-08-05 13:42:31,43.3213233947754,-8.59122848510742,"Unknown"
"7014855",371852,2025-08-05 13:47:33,43.3212547302246,-8.59131145477295,"Unknown"
"7014855",371852,2025-08-05 13:52:31,43.321231842041,-8.59132862091064,"Unknown"
"7014855",371852,2025-08-05 13:57:30,43.321159362793,-8.59138107299805,"Unknown"
"7014855",371852,2025-08-05 14:02:44,43.3211402893066,-8.59125328063965,"Unknown"
"7014855",371852,2025-08-05 14:07:37,43.3213729858398,-8.59161567687988,"Unknown"
"7014855",371852,2025-08-05 14:13:02,43.3211326599121,-8.5911979675293,"Unknown"
"7014855",371852,2025-08-05 14:17:37,43.3212585449219,-8.59135627746582,"Unknown"
"7014855",371852,2025-08-05 14:22:38,43.3213043212891,-8.59143447875977,"Unknown"
"7014855",371852,2025-08-05 14:27:37,43.3212394714355,-8.591233253479,"Unknown"
"7014855",371852,2025-08-05 14:32:30,43.3209533691406,-8.59128952026367,"Unknown"
"7014855",371852,2025-08-05 14:37:31,43.313102722168,-8.56319427490234,"Unknown"
"7014855",371852,2025-08-05 14:42:30,43.3133811950684,-8.54041576385498,"Unknown"
"7014855",371852,2025-08-05 14:47:30,43.3209915161133,-8.51860809326172,"Unknown"
"7014855",371852,2025-08-05 14:52:30,43.3247871398926,-8.49609565734863,"Unknown"
"7014855",371852,2025-08-05 14:57:30,43.3247833251953,-8.49592113494873,"Unknown"
"7014855",371852,2025-08-05 15:02:31,43.3251953125,-8.49617099761963,"Unknown"
"7014855",371852,2025-08-05 15:07:31,43.325008392334,-8.49567604064941,"Unknown"
"7014855",371852,2025-08-05 15:12:31,43.3273468017578,-8.49870491027832,"Unknown"
"7014855",371852,2025-08-05 15:17:30,43.3419227600098,-8.5036792755127,"Unknown"
"7014855",371852,2025-08-05 15:22:37,43.3426284790039,-8.50341987609863,"Unknown"
"7014855",371852,2025-08-05 15:27:44,43.3432083129883,-8.50310039520264,"Unknown"
"7014855",371852,2025-08-05 15:32:31,43.3528366088867,-8.48608016967773,"Unknown"
"7014855",371852,2025-08-05 15:37:44,43.3600387573242,-8.46295261383057,"Unknown"
"7014855",371852,2025-08-05 15:42:31,43.3551139831543,-8.45820617675781,"Unknown"
"7014855",371852,2025-08-05 15:47:31,43.3544921875,-8.45890426635742,"Unknown"
"7014855",371852,2025-08-05 15:52:34,43.3546905517578,-8.45905113220215,"Unknown"
"7014855",371852,2025-08-05 15:57:38,43.3540916442871,-8.45897674560547,"Unknown"
"7014855",371852,2025-08-05 16:03:09,43.352409362793,-8.45573329925537,"Unknown"
"7014855",371852,2025-08-05 16:08:23,43.3535995483398,-8.45787048339844,"Unknown"
"7014855",371852,2025-08-05 16:12:39,43.3536834716797,-8.45807456970215,"Unknown"
"7014855",371852,2025-08-05 16:17:36,43.3542213439941,-8.45706462860107,"Unknown"
"7014855",371852,2025-08-05 16:22:37,43.3549995422363,-8.45823955535889,"Unknown"
"7014855",371852,2025-08-05 16:27:39,43.3568420410156,-8.45748138427734,"Unknown"
"7014855",371852,2025-08-05 16:33:35,43.3551025390625,-8.45814323425293,"Unknown"
"7014855",371852,2025-08-05 16:37:31,43.3554649353027,-8.45802593231201,"Unknown"
"7014855",371852,2025-08-05 16:42:39,43.3549346923828,-8.45806312561035,"Unknown"
"7014855",371852,2025-08-05 16:47:38,43.3550109863281,-8.45820045471191,"Unknown"
"7014855",371852,2025-08-05 16:52:37,43.3548698425293,-8.45809078216553,"Unknown"
"7014855",371852,2025-08-05 16:57:39,43.3549919128418,-8.45803928375244,"Unknown"
"7014855",371852,2025-08-05 17:02:34,43.3552169799805,-8.45791149139404,"Unknown"
"7014855",371852,2025-08-05 17:07:34,43.3564529418945,-8.45767784118652,"Unknown"
"7014855",371852,2025-08-05 17:12:40,43.3550758361816,-8.45834827423096,"Unknown"
"7014855",371852,2025-08-05 17:17:44,43.3563194274902,-8.45715141296387,"Unknown"
"7014855",371852,2025-08-05 17:22:40,43.3560371398926,-8.45672416687012,"Unknown"
"7014855",371852,2025-08-05 17:27:39,43.3560905456543,-8.45707607269287,"Unknown"
"7014855",371852,2025-08-05 17:32:33,43.3560981750488,-8.45704746246338,"Unknown"
"7014855",371852,2025-08-05 17:37:34,43.3561553955078,-8.45690441131592,"Unknown"
"7014855",371852,2025-08-05 17:42:36,43.3563079833984,-8.45701217651367,"Unknown"
"7014855",371852,2025-08-05 17:47:44,43.3561172485352,-8.45682430267334,"Unknown"
"7014855",371852,2025-08-05 17:52:37,43.3550758361816,-8.45818519592285,"Unknown"
"7014855",371852,2025-08-05 17:58:25,43.3520240783691,-8.4399585723877,"Unknown"
"7014855",371852,2025-08-05 18:02:33,43.3619918823242,-8.42000389099121,"Unknown"
"7014855",371852,2025-08-05 18:07:32,43.3600845336914,-8.40119743347168,"Unknown"
"7014855",371852,2025-08-05 18:12:35,43.3644180297852,-8.39520072937012,"Unknown"
"7014855",371852,2025-08-05 18:17:39,43.364086151123,-8.39492893218994,"Unknown"
"7014855",371852,2025-08-05 18:22:34,43.3696517944336,-8.38676834106445,"Unknown"
"7014855",371852,2025-08-05 18:27:33,43.3677711486816,-8.38167667388916,"Unknown"
"7014855",371852,2025-08-05 18:32:39,43.3665161132812,-8.37804698944092,"Unknown"
"7014855",371852,2025-08-05 18:37:39,43.3679122924805,-8.38203144073486,"Unknown"
"7014855",371852,2025-08-05 18:42:39,43.3667526245117,-8.37896919250488,"Unknown"
"7014855",371852,2025-08-05 18:48:55,43.3595924377441,-8.40052795410156,"Unknown"
"7014855",371852,2025-08-05 18:52:37,43.3597106933594,-8.40017795562744,"Unknown"
"7014855",371852,2025-08-05 18:58:01,43.3610382080078,-8.40266704559326,"Unknown"
"7014855",371852,2025-08-05 19:03:54,43.3597221374512,-8.40131568908691,"Unknown"
"7014855",371852,2025-08-05 19:07:30,43.3596382141113,-8.40105724334717,"Unknown"
"7014855",371852,2025-08-05 19:12:33,43.3600692749023,-8.40268802642822,"Unknown"
"7014855",371852,2025-08-05 19:17:30,43.3601226806641,-8.40300464630127,"Unknown"
"7014855",371852,2025-08-05 19:22:33,43.359992980957,-8.40282440185547,"Unknown"
"7014855",371852,2025-08-05 19:27:44,43.3600387573242,-8.40288162231445,"Unknown"
"7014855",371852,2025-08-05 19:32:30,43.3598709106445,-8.4030237197876,"Unknown"
"7014855",371852,2025-08-05 19:37:34,43.3600769042969,-8.40286254882812,"Unknown"
"7014855",371852,2025-08-05 19:42:30,43.3660507202148,-8.40299987792969,"Unknown"
"7014855",371852,2025-08-05 19:47:45,43.3659820556641,-8.40235233306885,"Unknown"
"7014855",371852,2025-08-05 19:52:36,43.3659591674805,-8.40232753753662,"Unknown"
"7014855",371852,2025-08-05 19:57:33,43.3659324645996,-8.40187454223633,"Unknown"
"7014855",371852,2025-08-05 20:02:39,43.3658447265625,-8.40185737609863,"Unknown"
"7014855",371852,2025-08-05 20:07:35,43.3657417297363,-8.40137386322021,"Unknown"
"7014855",371852,2025-08-05 20:13:05,43.3626861572266,-8.39674854278564,"Unknown"
"7014855",371852,2025-08-05 20:17:30,43.3626823425293,-8.39686965942383,"Unknown"
"7014855",371852,2025-08-05 20:22:30,43.3626403808594,-8.39691257476807,"Unknown"
"7014855",371852,2025-08-05 20:27:30,43.3626556396484,-8.39674854278564,"Unknown"
"7014855",371852,2025-08-05 20:32:30,43.3626556396484,-8.39681625366211,"Unknown"
"7014855",371852,2025-08-05 20:37:30,43.3626747131348,-8.39674854278564,"Unknown"
"7014855",371852,2025-08-05 20:42:31,43.3626403808594,-8.39682579040527,"Unknown"
"7014855",371852,2025-08-05 20:47:31,43.3626480102539,-8.39682865142822,"Unknown"
"7014855",371852,2025-08-05 20:52:30,43.3626708984375,-8.39684295654297,"Unknown"
"7014855",371852,2025-08-05 20:57:31,43.3629608154297,-8.39665508270264,"Unknown"
"7014855",371852,2025-08-05 21:02:30,43.3600883483887,-8.40285396575928,"Unknown"
"7014855",371852,2025-08-05 21:07:31,43.3601455688477,-8.40269947052002,"Unknown"
"7014855",371852,2025-08-05 21:12:31,43.3598899841309,-8.4024715423584,"Unknown"
"7014855",371852,2025-08-05 21:17:31,43.3601531982422,-8.40287494659424,"Unknown"
"7014855",371852,2025-08-05 21:22:31,43.3600769042969,-8.40287685394287,"Unknown"
"7014855",371852,2025-08-05 21:27:31,43.3603096008301,-8.40289974212646,"Unknown"
"7014855",371852,2025-08-05 21:32:30,43.3601570129395,-8.40287971496582,"Unknown"
"7014855",371852,2025-08-05 21:37:32,43.3603363037109,-8.40302753448486,"Unknown"
"7014855",371852,2025-08-05 21:42:30,43.3603744506836,-8.40271282196045,"Unknown"
"7014855",371852,2025-08-05 21:47:33,43.3599281311035,-8.40310192108154,"Unknown"
"7014855",371852,2025-08-05 21:52:30,43.3603172302246,-8.40281867980957,"Unknown"
"7014855",371852,2025-08-05 21:57:42,43.360221862793,-8.40279293060303,"Unknown"
"7014855",371852,2025-08-05 22:03:15,43.3590431213379,-8.39986991882324,"Unknown"
"7014855",371852,2025-08-05 22:07:31,43.3591728210449,-8.39984512329102,"Unknown"
"7014855",371852,2025-08-05 22:12:30,43.3598899841309,-8.39873886108398,"Unknown"
"7014855",371852,2025-08-05 22:17:31,43.3600692749023,-8.40257835388184,"Unknown"
"7014855",371852,2025-08-05 22:22:33,43.3601264953613,-8.40283203125,"Unknown"
"7014855",371852,2025-08-05 22:27:31,43.3602294921875,-8.40273857116699,"Unknown"
"7014855",371852,2025-08-05 22:32:31,43.3608360290527,-8.4025239944458,"Unknown"
"7014855",371852,2025-08-05 22:37:30,43.3590087890625,-8.40024375915527,"Unknown"
"7014855",371852,2025-08-05 22:42:31,43.359058380127,-8.40032196044922,"Unknown"
"7014855",371852,2025-08-05 22:47:44,43.3590698242188,-8.40023326873779,"Unknown"
"7014855",371852,2025-08-05 22:52:33,43.359302520752,-8.400315284729,"Unknown"
"7014855",371852,2025-08-05 22:57:34,43.3590660095215,-8.40018177032471,"Unknown"
"7014855",371852,2025-08-05 23:02:38,43.3590927124023,-8.40031147003174,"Unknown"
"7014855",371852,2025-08-05 23:07:36,43.3590698242188,-8.40027332305908,"Unknown"
"7014855",371852,2025-08-05 23:12:32,43.3591766357422,-8.40028762817383,"Unknown"
"7014855",371852,2025-08-05 23:17:33,43.3591384887695,-8.40016269683838,"Unknown"
"7014855",371852,2025-08-05 23:22:37,43.3590927124023,-8.40021228790283,"Unknown"
"7014855",371852,2025-08-05 23:27:36,43.3590698242188,-8.40025043487549,"Unknown"
"7014855",371852,2025-08-05 23:32:41,43.3591232299805,-8.40014743804932,"Unknown"
"7014855",371852,2025-08-05 23:37:36,43.3589248657227,-8.40010738372803,"Unknown"
"7014855",371852,2025-08-05 23:42:31,43.3591117858887,-8.40012741088867,"Unknown"
"7014855",371852,2025-08-05 23:47:36,43.3591270446777,-8.40017890930176,"Unknown"
"7014855",371852,2025-08-05 23:52:43,43.3590965270996,-8.40014934539795,"Unknown"
"7014855",371852,2025-08-05 23:57:32,43.3603858947754,-8.40291500091553,"Unknown"
"7014855",371852,2025-08-06 00:02:36,43.3601341247559,-8.40265274047852,"Unknown"
"7014855",371852,2025-08-06 00:07:39,43.3600807189941,-8.40260028839111,"Unknown"
"7014855",371852,2025-08-06 00:12:41,43.3601684570312,-8.40267181396484,"Unknown"
"7014855",371852,2025-08-06 00:17:33,43.3602333068848,-8.40267467498779,"Unknown"
"7014855",371852,2025-08-06 00:22:33,43.3602142333984,-8.40263557434082,"Unknown"
"7014855",371852,2025-08-06 00:27:36,43.3602142333984,-8.40291500091553,"Unknown"
"7014855",371852,2025-08-06 00:32:36,43.3601570129395,-8.40285491943359,"Unknown"
"7014855",371852,2025-08-06 00:37:33,43.3601684570312,-8.40274906158447,"Unknown"
"7014855",371852,2025-08-06 00:42:31,43.3596992492676,-8.39821434020996,"Unknown"
"7014855",371852,2025-08-06 00:47:45,43.3600120544434,-8.40266227722168,"Unknown"
"7014855",371852,2025-08-06 00:52:31,43.3599090576172,-8.40271472930908,"Unknown"
"7014855",371852,2025-08-06 00:57:36,43.359977722168,-8.40281105041504,"Unknown"
"7014855",371852,2025-08-06 01:02:31,43.3595924377441,-8.40031147003174,"Unknown"
"7014855",371852,2025-08-06 01:07:37,43.3600692749023,-8.40262222290039,"Unknown"
"7014855",371852,2025-08-06 01:13:05,43.3600158691406,-8.40263271331787,"Unknown"
"7014855",371852,2025-08-06 01:17:30,43.3598518371582,-8.4027853012085,"Unknown"
"7014855",371852,2025-08-06 01:22:30,43.3599281311035,-8.40268325805664,"Unknown"
"7014855",371852,2025-08-06 01:27:30,43.3600234985352,-8.40260410308838,"Unknown"
"7014855",371852,2025-08-06 01:32:32,43.3600845336914,-8.40242576599121,"Unknown"
"7014855",371852,2025-08-06 01:37:36,43.3601760864258,-8.40242671966553,"Unknown"
"7014855",371852,2025-08-06 01:42:30,43.3599853515625,-8.402587890625,"Unknown"
"7014855",371852,2025-08-06 01:47:31,43.3601303100586,-8.40230464935303,"Unknown"
"7014855",371852,2025-08-06 01:52:34,43.3602523803711,-8.40234470367432,"Unknown"
"7014855",371852,2025-08-06 01:57:33,43.360408782959,-8.40186023712158,"Unknown"
"7014855",371852,2025-08-06 02:02:44,43.3601303100586,-8.40248107910156,"Unknown"
"7014855",371852,2025-08-06 02:07:36,43.3604736328125,-8.40173721313477,"Unknown"
"7014855",371852,2025-08-06 02:12:39,43.3604888916016,-8.40285682678223,"Unknown"
"7014855",371852,2025-08-06 02:17:45,43.3605537414551,-8.40282726287842,"Unknown"
"7014855",371852,2025-08-06 02:22:36,43.3605346679688,-8.40298271179199,"Unknown"
"7014855",371852,2025-08-06 02:27:36,43.3605041503906,-8.40285205841064,"Unknown"
"7014855",371852,2025-08-06 02:32:30,43.3595809936523,-8.40157508850098,"Unknown"
"7014855",371852,2025-08-06 02:37:31,43.3598899841309,-8.40258979797363,"Unknown"
"7014855",371852,2025-08-06 02:42:33,43.3599281311035,-8.39794635772705,"Unknown"
"7014855",371852,2025-08-06 02:48:05,43.3601303100586,-8.40251064300537,"Unknown"
"7014855",371852,2025-08-06 02:52:30,43.3600692749023,-8.40238475799561,"Unknown"
"7014855",371852,2025-08-06 02:57:33,43.3597869873047,-8.40248203277588,"Unknown"
"7014855",371852,2025-08-06 03:03:12,43.3600425720215,-8.40259170532227,"Unknown"
"7014855",371852,2025-08-06 03:07:30,43.3571624755859,-8.40117168426514,"Unknown"
"7014855",371852,2025-08-06 03:12:30,43.3600578308105,-8.40198612213135,"Unknown"
"7014855",371852,2025-08-06 03:17:37,43.3603096008301,-8.40257263183594,"Unknown"
"7014855",371852,2025-08-06 03:22:32,43.3602066040039,-8.40250873565674,"Unknown"
"7014855",371852,2025-08-06 03:27:31,43.3605041503906,-8.40232181549072,"Unknown"
"7014855",371852,2025-08-06 03:32:30,43.360107421875,-8.40254688262939,"Unknown"
"7014855",371852,2025-08-06 03:37:30,43.360294342041,-8.40235900878906,"Unknown"
"7014855",371852,2025-08-06 03:42:30,43.3589935302734,-8.4001350402832,"Unknown"
"7014855",371852,2025-08-06 03:47:30,43.3590316772461,-8.4001293182373,"Unknown"
"7014855",371852,2025-08-06 03:52:31,43.3591156005859,-8.40012264251709,"Unknown"
"7014855",371852,2025-08-06 03:57:31,43.3591194152832,-8.40002059936523,"Unknown"
"7014855",371852,2025-08-06 04:02:39,43.3589630126953,-8.40003204345703,"Unknown"
"7014855",371852,2025-08-06 04:07:36,43.3589248657227,-8.40007591247559,"Unknown"
"7014855",371852,2025-08-06 04:12:43,43.3590850830078,-8.40001392364502,"Unknown"
"7014855",371852,2025-08-06 04:17:32,43.3590850830078,-8.40006923675537,"Unknown"
"7014855",371852,2025-08-06 04:22:30,43.3590545654297,-8.40000057220459,"Unknown"
"7014855",371852,2025-08-06 04:27:30,43.3592529296875,-8.40025043487549,"Unknown"
"7014855",371852,2025-08-06 04:32:31,43.3591537475586,-8.40011692047119,"Unknown"
"7014855",371852,2025-08-06 04:37:31,43.3589553833008,-8.39996910095215,"Unknown"
"7014855",371852,2025-08-06 04:42:36,43.3589706420898,-8.39995384216309,"Unknown"
"7014855",371852,2025-08-06 04:47:34,43.3591804504395,-8.40033912658691,"Unknown"
"7014855",371852,2025-08-06 04:52:36,43.3590469360352,-8.40017509460449,"Unknown"
"7014855",371852,2025-08-06 04:57:36,43.3589973449707,-8.39991283416748,"Unknown"
"7014855",371852,2025-08-06 05:02:44,43.3590240478516,-8.40001106262207,"Unknown"
"7014855",371852,2025-08-06 05:07:33,43.3589477539062,-8.39979839324951,"Unknown"
"7014855",371852,2025-08-06 05:12:31,43.3703880310059,-8.4170036315918,"Unknown"
"7014855",371852,2025-08-06 05:17:31,43.379581451416,-8.46097087860107,"Unknown"
"7014855",371852,2025-08-06 05:22:33,43.3658676147461,-8.52708911895752,"Unknown"
"7014855",371852,2025-08-06 05:27:36,43.3426246643066,-8.58564281463623,"Unknown"
"7014855",371852,2025-08-06 05:32:34,43.3254280090332,-8.64527606964111,"Unknown"
"7014855",371852,2025-08-06 05:37:34,43.3229103088379,-8.69705963134766,"Unknown"
"7014855",371852,2025-08-06 05:48:03,43.3148498535156,-8.80248546600342,"Unknown"
"7014855",371852,2025-08-06 05:52:30,43.331127166748,-8.82794761657715,"Unknown"
"7014855",371852,2025-08-06 05:57:30,43.3512191772461,-8.83722496032715,"Unknown"
"7014855",371852,2025-08-06 06:02:31,43.3600463867188,-8.8430643081665,"Unknown"
"7014855",371852,2025-08-06 06:07:32,43.360034942627,-8.84304428100586,"Unknown"
"7014855",371852,2025-08-06 06:12:30,43.360164642334,-8.84321975708008,"Unknown"
"7014855",371852,2025-08-06 06:17:30,43.3600082397461,-8.84292793273926,"Unknown"
"7014855",371852,2025-08-06 06:22:31,43.3600730895996,-8.84298229217529,"Unknown"
"7014855",371852,2025-08-06 06:27:31,43.360107421875,-8.84296798706055,"Unknown"
"7014855",371852,2025-08-06 06:32:34,43.3600387573242,-8.84297657012939,"Unknown"
"7014855",371852,2025-08-06 06:37:31,43.3600692749023,-8.84301567077637,"Unknown"
"7014855",371852,2025-08-06 06:42:32,43.3601837158203,-8.84316635131836,"Unknown"
"7014855",371852,2025-08-06 06:47:33,43.359992980957,-8.84317970275879,"Unknown"
"7014855",371852,2025-08-06 06:52:33,43.3601341247559,-8.84320163726807,"Unknown"
"7014855",371852,2025-08-06 06:57:34,43.3600845336914,-8.84306526184082,"Unknown"
"7014855",371852,2025-08-06 07:02:33,43.3601150512695,-8.84330463409424,"Unknown"
"7014855",371852,2025-08-06 07:07:34,43.3600234985352,-8.84314823150635,"Unknown"
"7014855",371852,2025-08-06 07:12:31,43.359992980957,-8.8434591293335,"Unknown"
"7014855",371852,2025-08-06 07:17:32,43.3599700927734,-8.84279251098633,"Unknown"
"7014855",371852,2025-08-06 07:22:39,43.3600463867188,-8.84309196472168,"Unknown"
"7014855",371852,2025-08-06 07:27:39,43.3621978759766,-8.84261035919189,"Unknown"
"7014855",371852,2025-08-06 07:32:39,43.3614768981934,-8.84370803833008,"Unknown"
"7014855",371852,2025-08-06 07:37:39,43.3614654541016,-8.8435525894165,"Unknown"
"7014855",371852,2025-08-06 07:42:36,43.3614768981934,-8.843674659729,"Unknown"
"7014855",371852,2025-08-06 07:47:34,43.3618125915527,-8.84199714660645,"Unknown"
"7014855",371852,2025-08-06 07:52:39,43.3600234985352,-8.84319305419922,"Unknown"
"7014855",371852,2025-08-06 07:57:36,43.3600006103516,-8.84319305419922,"Unknown"
"7014855",371852,2025-08-06 08:02:36,43.3600044250488,-8.84319591522217,"Unknown"
"7014855",371852,2025-08-06 08:07:38,43.3599433898926,-8.84337711334229,"Unknown"
"7014855",371852,2025-08-06 08:12:33,43.3600082397461,-8.84273433685303,"Unknown"
"7014855",371852,2025-08-06 08:17:37,43.3601951599121,-8.84297275543213,"Unknown"
"7014855",371852,2025-08-06 08:22:37,43.3599853515625,-8.84298229217529,"Unknown"
"7014855",371852,2025-08-06 08:28:05,43.3601150512695,-8.84308815002441,"Unknown"
"7014855",371852,2025-08-06 08:32:31,43.3601303100586,-8.84299468994141,"Unknown"
"7014855",371852,2025-08-06 08:37:37,43.3600692749023,-8.84311389923096,"Unknown"
"7014855",371852,2025-08-06 08:42:38,43.3601379394531,-8.84309768676758,"Unknown"
"7014855",371852,2025-08-06 08:47:44,43.3600845336914,-8.84312915802002,"Unknown"
"7014855",371852,2025-08-06 08:52:37,43.3600921630859,-8.84327125549316,"Unknown"
"7014855",371852,2025-08-06 08:57:34,43.3600311279297,-8.84327220916748,"Unknown"
"7014855",371852,2025-08-06 09:02:36,43.3601837158203,-8.84303665161133,"Unknown"
"7014855",371852,2025-08-06 09:07:43,43.3601760864258,-8.84293079376221,"Unknown"
"7014855",371852,2025-08-06 09:12:36,43.3600044250488,-8.84310913085938,"Unknown"
"7014855",371852,2025-08-06 09:17:32,43.3599853515625,-8.84319496154785,"Unknown"
"7014855",371852,2025-08-06 09:22:37,43.3600120544434,-8.84324359893799,"Unknown"
"7014855",371852,2025-08-06 09:27:35,43.3599624633789,-8.8431921005249,"Unknown"
"7014855",371852,2025-08-06 09:32:38,43.3601684570312,-8.84311580657959,"Unknown"
"7014855",371852,2025-08-06 09:37:36,43.3600769042969,-8.84250831604004,"Unknown"
"7014855",371852,2025-08-06 09:42:37,43.3600463867188,-8.84302616119385,"Unknown"
"7014855",371852,2025-08-06 09:48:04,43.360107421875,-8.8430061340332,"Unknown"
"7014855",371852,2025-08-06 09:52:33,43.3599548339844,-8.84309577941895,"Unknown"
"7014855",371852,2025-08-06 09:57:34,43.3601837158203,-8.84322738647461,"Unknown"
"7014855",371852,2025-08-06 10:02:40,43.3600158691406,-8.84308910369873,"Unknown"
"7014855",371852,2025-08-06 10:07:32,43.3600997924805,-8.84301948547363,"Unknown"
"7014855",371852,2025-08-06 10:12:32,43.3601570129395,-8.84322643280029,"Unknown"
"7014855",371852,2025-08-06 10:17:35,43.3599815368652,-8.84304046630859,"Unknown"
"7014855",371852,2025-08-06 10:22:36,43.3600463867188,-8.84309196472168,"Unknown"
"7014855",371852,2025-08-06 10:27:33,43.3600654602051,-8.843092918396,"Unknown"
"7014855",371852,2025-08-06 10:32:33,43.3599662780762,-8.84295749664307,"Unknown"
"7014855",371852,2025-08-06 10:37:32,43.3601303100586,-8.843186378479,"Unknown"
"7014855",371852,2025-08-06 10:42:30,43.35986328125,-8.84311294555664,"Unknown"
"7014855",371852,2025-08-06 10:47:55,43.3599395751953,-8.84319305419922,"Unknown"
"7014855",371852,2025-08-06 10:52:33,43.3599967956543,-8.84306621551514,"Unknown"
"7014855",371852,2025-08-06 10:57:38,43.3600120544434,-8.84305858612061,"Unknown"
"7014855",371852,2025-08-06 11:03:19,43.3608283996582,-8.84416389465332,"Unknown"
"7014855",371852,2025-08-06 11:07:36,43.3608665466309,-8.84412860870361,"Unknown"
"7014855",371852,2025-08-06 11:12:54,43.3609962463379,-8.84422969818115,"Unknown"
"7014855",371852,2025-08-06 11:17:30,43.3603439331055,-8.8453426361084,"Unknown"
"7014855",371852,2025-08-06 11:22:31,43.3599891662598,-8.84324645996094,"Unknown"
"7014855",371852,2025-08-06 11:27:35,43.359935760498,-8.84321117401123,"Unknown"
"7014855",371852,2025-08-06 11:32:33,43.3599700927734,-8.84306716918945,"Unknown"
"7014855",371852,2025-08-06 11:37:31,43.3599967956543,-8.84314632415771,"Unknown"
"7014855",371852,2025-08-06 11:42:31,43.3599052429199,-8.84302139282227,"Unknown"
"7014855",371852,2025-08-06 11:47:38,43.3599586486816,-8.84310817718506,"Unknown"
"7014855",371852,2025-08-06 11:52:32,43.3603553771973,-8.84345531463623,"Unknown"
"7014855",371852,2025-08-06 11:57:44,43.3598594665527,-8.84317970275879,"Unknown"
"7014855",371852,2025-08-06 12:02:31,43.3599815368652,-8.84297275543213,"Unknown"
"7014855",371852,2025-08-06 12:07:35,43.3599014282227,-8.84286594390869,"Unknown"
"7014855",371852,2025-08-06 12:12:42,43.3599319458008,-8.84293937683105,"Unknown"
"7014855",371852,2025-08-06 12:17:33,43.3600158691406,-8.84301662445068,"Unknown"
"7014855",371852,2025-08-06 12:22:35,43.3600234985352,-8.84300422668457,"Unknown"
"7014855",371852,2025-08-06 12:27:32,43.3600959777832,-8.84300231933594,"Unknown"
"7014855",371852,2025-08-06 12:32:41,43.360107421875,-8.84306144714355,"Unknown"
"7014855",371852,2025-08-06 12:37:30,43.3601951599121,-8.84310436248779,"Unknown"
"7014855",371852,2025-08-06 12:42:32,43.3593902587891,-8.84248638153076,"Unknown"
"7014855",371852,2025-08-06 12:47:35,43.3600692749023,-8.8428897857666,"Unknown"
"7014855",371852,2025-08-06 12:52:33,43.3601188659668,-8.84304714202881,"Unknown"
"7014855",371852,2025-08-06 12:57:36,43.360164642334,-8.84296798706055,"Unknown"
"7014855",371852,2025-08-06 13:02:35,43.3601341247559,-8.84297752380371,"Unknown"
"7014855",371852,2025-08-06 13:07:35,43.3600921630859,-8.84293365478516,"Unknown"
"7014855",371852,2025-08-06 13:12:35,43.3603248596191,-8.84287643432617,"Unknown"
"7014855",371852,2025-08-06 13:17:36,43.3602104187012,-8.84285926818848,"Unknown"
"7014855",371852,2025-08-06 13:22:32,43.3603820800781,-8.8433952331543,"Unknown"
"7014855",371852,2025-08-06 13:27:39,43.3601036071777,-8.84294891357422,"Unknown"
"7014855",371852,2025-08-06 13:32:45,43.3600692749023,-8.84303283691406,"Unknown"
"7014855",371852,2025-08-06 13:37:39,43.3600463867188,-8.84310626983643,"Unknown"
"7014855",371852,2025-08-06 13:42:49,43.3600196838379,-8.84326267242432,"Unknown"
"7014855",371852,2025-08-06 13:47:40,43.3600273132324,-8.84311771392822,"Unknown"
"7014855",371852,2025-08-06 13:52:39,43.3601264953613,-8.84342575073242,"Unknown"
"7014855",371852,2025-08-06 13:57:41,43.3598976135254,-8.84298610687256,"Unknown"
"7014855",371852,2025-08-06 14:02:40,43.3600273132324,-8.84299659729004,"Unknown"
"7014855",371852,2025-08-06 14:07:37,43.3552589416504,-8.83655548095703,"Unknown"
"7014855",371852,2025-08-06 14:12:40,43.3450736999512,-8.84090518951416,"Unknown"
"7014855",371852,2025-08-06 14:17:34,43.3450469970703,-8.84060764312744,"Unknown"
"7014855",371852,2025-08-06 14:22:34,43.3450202941895,-8.84091186523438,"Unknown"
"7014855",371852,2025-08-06 14:27:36,43.3450889587402,-8.84094429016113,"Unknown"
"7014855",371852,2025-08-06 14:32:38,43.344165802002,-8.83355236053467,"Unknown"
"7014855",371852,2025-08-06 14:37:34,43.3216896057129,-8.80788803100586,"Unknown"
"7014855",371852,2025-08-06 14:42:45,43.3054351806641,-8.78804302215576,"Unknown"
"7014855",371852,2025-08-06 14:48:55,43.3054275512695,-8.78806495666504,"Unknown"
"7014855",371852,2025-08-06 14:53:05,43.3054008483887,-8.78804492950439,"Unknown"
"7014855",371852,2025-08-06 14:57:32,43.3053092956543,-8.78835010528564,"Unknown"
"7014855",371852,2025-08-06 15:02:31,43.3045196533203,-8.7789363861084,"Unknown"
"7014855",371852,2025-08-06 15:07:32,43.3065986633301,-8.73079395294189,"Unknown"
"7014855",371852,2025-08-06 15:12:33,43.3148040771484,-8.68207263946533,"Unknown"
"7014855",371852,2025-08-06 15:17:34,43.317626953125,-8.63248252868652,"Unknown"
"7014855",371852,2025-08-06 15:22:38,43.3212471008301,-8.59224891662598,"Unknown"
"7014855",371852,2025-08-06 15:27:31,43.3211784362793,-8.59242057800293,"Unknown"
"7014855",371852,2025-08-06 15:32:33,43.3212814331055,-8.59199905395508,"Unknown"
"7014855",371852,2025-08-06 15:37:36,43.3213043212891,-8.59205341339111,"Unknown"
"7014855",371852,2025-08-06 15:42:32,43.3213310241699,-8.59230422973633,"Unknown"
"7014855",371852,2025-08-06 15:48:05,43.3211936950684,-8.59234237670898,"Unknown"
"7014855",371852,2025-08-06 15:52:32,43.3211097717285,-8.59225368499756,"Unknown"
"7014855",371852,2025-08-06 15:57:34,43.3212623596191,-8.59238815307617,"Unknown"
"7014855",371852,2025-08-06 16:02:33,43.3329696655273,-8.54601860046387,"Unknown"
"7014855",371852,2025-08-06 16:07:33,43.353630065918,-8.51155471801758,"Unknown"
"7014855",371852,2025-08-06 16:12:33,43.3573722839355,-8.48221969604492,"Unknown"
"7014855",371852,2025-08-06 16:17:36,43.3516006469727,-8.47710514068604,"Unknown"
"7014855",371852,2025-08-06 16:22:38,43.3517799377441,-8.47788619995117,"Unknown"
"7014855",371852,2025-08-06 16:27:33,43.3518371582031,-8.47813987731934,"Unknown"
"7014855",371852,2025-08-06 16:32:39,43.354923248291,-8.45778465270996,"Unknown"
"7014855",371852,2025-08-06 16:37:53,43.3541946411133,-8.45894527435303,"Unknown"
"7014855",371852,2025-08-06 16:43:11,43.3538627624512,-8.45889759063721,"Unknown"
"7014855",371852,2025-08-06 16:47:51,43.353874206543,-8.45873641967773,"Unknown"
"7014855",371852,2025-08-06 16:52:37,43.353645324707,-8.45880699157715,"Unknown"
"7014855",371852,2025-08-06 16:58:06,43.3538055419922,-8.45868110656738,"Unknown"
"7014855",371852,2025-08-06 17:02:33,43.3538589477539,-8.45868301391602,"Unknown"
"7014855",371852,2025-08-06 17:07:34,43.3548965454102,-8.45865821838379,"Unknown"
"7014855",371852,2025-08-06 17:12:32,43.3544883728027,-8.45845794677734,"Unknown"
"7014855",371852,2025-08-06 17:17:37,43.3542861938477,-8.45883750915527,"Unknown"
"7014855",371852,2025-08-06 17:22:34,43.3544616699219,-8.45889568328857,"Unknown"
"7014855",371852,2025-08-06 17:27:36,43.3542060852051,-8.45879459381104,"Unknown"
"7014855",371852,2025-08-06 17:32:34,43.3542213439941,-8.4585132598877,"Unknown"
"7014855",371852,2025-08-06 17:37:33,43.3543167114258,-8.45872497558594,"Unknown"
"7014855",371852,2025-08-06 17:42:37,43.3541679382324,-8.45885276794434,"Unknown"
"7014855",371852,2025-08-06 17:47:32,43.3548622131348,-8.45742893218994,"Unknown"
"7014855",371852,2025-08-06 17:52:42,43.3542671203613,-8.45888710021973,"Unknown"
"7014855",371852,2025-08-06 17:57:36,43.3542671203613,-8.45871734619141,"Unknown"
"7014855",371852,2025-08-06 18:02:31,43.3542976379395,-8.45877075195312,"Unknown"
"7014855",371852,2025-08-06 18:07:36,43.3545112609863,-8.45902824401855,"Unknown"
"7014855",371852,2025-08-06 18:13:11,43.3539505004883,-8.45889854431152,"Unknown"
"7014855",371852,2025-08-06 18:17:39,43.3542137145996,-8.45913696289062,"Unknown"
"7014855",371852,2025-08-06 18:22:34,43.3400077819824,-8.45394134521484,"Unknown"
"7014855",371852,2025-08-06 18:27:33,43.3398208618164,-8.45417594909668,"Unknown"
"7014855",371852,2025-08-06 18:32:40,43.3449783325195,-8.43169689178467,"Unknown"
"7014855",371852,2025-08-06 18:37:36,43.3481216430664,-8.40758991241455,"Unknown"
"7014855",371852,2025-08-06 18:42:35,43.3476142883301,-8.40664196014404,"Unknown"
"7014855",371852,2025-08-06 18:47:31,43.3545875549316,-8.40145301818848,"Unknown"
"7014855",371852,2025-08-06 18:52:40,43.3590278625488,-8.40037631988525,"Unknown"
"7014855",371852,2025-08-06 18:57:41,43.3590087890625,-8.40048885345459,"Unknown"
"7014855",371852,2025-08-06 19:02:43,43.359016418457,-8.40042209625244,"Unknown"
"7014855",371852,2025-08-06 19:07:40,43.3590393066406,-8.40044116973877,"Unknown"
"7014855",371852,2025-08-06 19:12:39,43.3588790893555,-8.4003963470459,"Unknown"
"7014855",371852,2025-08-06 19:17:34,43.3589859008789,-8.40030193328857,"Unknown"
"7014855",371852,2025-08-06 19:22:39,43.3590507507324,-8.40027332305908,"Unknown"
"7014855",371852,2025-08-06 19:27:37,43.3591537475586,-8.40045642852783,"Unknown"
"7014855",371852,2025-08-06 19:32:44,43.3590316772461,-8.40062141418457,"Unknown"
"7014855",371852,2025-08-06 19:37:36,43.359016418457,-8.40056991577148,"Unknown"
"7014855",371852,2025-08-06 19:42:35,43.359977722168,-8.4024715423584,"Unknown"
"7014855",371852,2025-08-06 19:47:47,43.3600997924805,-8.40273094177246,"Unknown"
"7014855",371852,2025-08-06 19:52:37,43.3601684570312,-8.40224933624268,"Unknown"
"7014855",371852,2025-08-06 19:57:37,43.3611106872559,-8.40251064300537,"Unknown"
"7014855",371852,2025-08-06 20:02:39,43.3612022399902,-8.40283298492432,"Unknown"
"7014855",371852,2025-08-06 20:07:40,43.3604469299316,-8.40232944488525,"Unknown"
"7014855",371852,2025-08-06 20:12:48,43.3603591918945,-8.4022912979126,"Unknown"
"7014855",371852,2025-08-06 20:17:44,43.3603210449219,-8.40243911743164,"Unknown"
"7014855",371852,2025-08-06 20:22:39,43.360237121582,-8.40244102478027,"Unknown"
"7014855",371852,2025-08-06 20:27:39,43.3604393005371,-8.40247917175293,"Unknown"
"7014855",371852,2025-08-06 20:32:44,43.3601951599121,-8.4025936126709,"Unknown"
"7014855",371852,2025-08-06 20:37:39,43.3603401184082,-8.40247249603271,"Unknown"
"7014855",371852,2025-08-06 20:42:39,43.3602828979492,-8.40255260467529,"Unknown"
"7014855",371852,2025-08-06 20:47:39,43.3601913452148,-8.40241241455078,"Unknown"
"7014855",371852,2025-08-06 20:52:39,43.3602485656738,-8.40251922607422,"Unknown"
"7014855",371852,2025-08-06 20:57:45,43.3603782653809,-8.40255451202393,"Unknown"
"7014855",371852,2025-08-06 21:02:33,43.360279083252,-8.40267372131348,"Unknown"
"7014855",371852,2025-08-06 21:07:42,43.3603248596191,-8.40270233154297,"Unknown"
"7014855",371852,2025-08-06 21:12:38,43.3603172302246,-8.40248584747314,"Unknown"
"7014855",371852,2025-08-06 21:17:34,43.3603553771973,-8.40252113342285,"Unknown"
"7014855",371852,2025-08-06 21:22:34,43.3603630065918,-8.40259552001953,"Unknown"
"7014855",371852,2025-08-06 21:27:39,43.3603553771973,-8.40265274047852,"Unknown"
"7014855",371852,2025-08-06 21:32:50,43.3603973388672,-8.402663230896,"Unknown"
"7014855",371852,2025-08-06 21:37:44,43.3603973388672,-8.40253829956055,"Unknown"
"7014855",371852,2025-08-06 21:42:38,43.3590240478516,-8.40066146850586,"Unknown"
"7014855",371852,2025-08-06 21:48:05,43.3590698242188,-8.40067768096924,"Unknown"
"7014855",371852,2025-08-06 21:52:31,43.3590545654297,-8.40070056915283,"Unknown"
"7014855",371852,2025-08-06 21:57:32,43.3590698242188,-8.4005298614502,"Unknown"
"7014855",371852,2025-08-06 22:02:37,43.3591537475586,-8.400634765625,"Unknown"
"7014855",371852,2025-08-06 22:07:31,43.360179901123,-8.40280246734619,"Unknown"
"7014855",371852,2025-08-06 22:12:34,43.3600158691406,-8.40255546569824,"Unknown"
"7014855",371852,2025-08-06 22:17:33,43.3601875305176,-8.4028902053833,"Unknown"
"7014855",371852,2025-08-06 22:22:37,43.3608741760254,-8.40259265899658,"Unknown"
"7014855",371852,2025-08-06 22:27:34,43.3602447509766,-8.40247917175293,"Unknown"
"7014855",371852,2025-08-06 22:32:32,43.3600234985352,-8.40224075317383,"Unknown"
"7014855",371852,2025-08-06 22:37:38,43.3602256774902,-8.40154552459717,"Unknown"
"7014855",371852,2025-08-06 22:42:32,43.3602485656738,-8.4028787612915,"Unknown"
"7014855",371852,2025-08-06 22:47:39,43.3590469360352,-8.40078639984131,"Unknown"
"7014855",371852,2025-08-06 22:52:34,43.3589897155762,-8.40084838867188,"Unknown"
"7014855",371852,2025-08-06 22:57:59,43.359073638916,-8.40082168579102,"Unknown"
"7014855",371852,2025-08-06 23:02:39,43.3590049743652,-8.40083503723145,"Unknown"
"7014855",371852,2025-08-06 23:07:36,43.3591117858887,-8.40070819854736,"Unknown"
"7014855",371852,2025-08-06 23:12:40,43.3590049743652,-8.40078353881836,"Unknown"
"7014855",371852,2025-08-06 23:17:34,43.358959197998,-8.40084075927734,"Unknown"
"7014855",371852,2025-08-06 23:22:36,43.3603935241699,-8.40235424041748,"Unknown"
"7014855",371852,2025-08-06 23:27:33,43.3604507446289,-8.40249538421631,"Unknown"
"7014855",371852,2025-08-06 23:32:35,43.3602180480957,-8.40219306945801,"Unknown"
"7014855",371852,2025-08-06 23:37:34,43.3603820800781,-8.40198230743408,"Unknown"
"7014855",371852,2025-08-06 23:42:40,43.3599662780762,-8.40224552154541,"Unknown"
"7014855",371852,2025-08-06 23:48:23,43.360107421875,-8.40220165252686,"Unknown"
"7014855",371852,2025-08-06 23:52:44,43.3591270446777,-8.40033340454102,"Unknown"
"7014855",371852,2025-08-06 23:57:36,43.3589324951172,-8.40023517608643,"Unknown"
"7014855",371852,2025-08-07 00:02:36,43.3589363098145,-8.40036678314209,"Unknown"
"7014855",371852,2025-08-07 00:07:48,43.3588485717773,-8.40029716491699,"Unknown"
"7014855",371852,2025-08-07 00:12:41,43.3588409423828,-8.40038871765137,"Unknown"
"7014855",371852,2025-08-07 00:17:41,43.3594017028809,-8.40050983428955,"Unknown"
"7014855",371852,2025-08-07 00:22:42,43.3591346740723,-8.40036773681641,"Unknown"
"7014855",371852,2025-08-07 00:27:37,43.3590850830078,-8.40031433105469,"Unknown"
"7014855",371852,2025-08-07 00:32:38,43.3591003417969,-8.40038394927979,"Unknown"
"7014855",371852,2025-08-07 00:37:32,43.3591346740723,-8.40035724639893,"Unknown"
"7014855",371852,2025-08-07 00:42:37,43.3590240478516,-8.40019989013672,"Unknown"
"7014855",371852,2025-08-07 00:48:05,43.3591575622559,-8.40068340301514,"Unknown"
"7014855",371852,2025-08-07 00:52:34,43.3591995239258,-8.40078353881836,"Unknown"
"7014855",371852,2025-08-07 00:57:32,43.359375,-8.40064716339111,"Unknown"
"7014855",371852,2025-08-07 01:02:36,43.3592948913574,-8.40106010437012,"Unknown"
"7014855",371852,2025-08-07 01:07:37,43.3592109680176,-8.40098476409912,"Unknown"
"7014855",371852,2025-08-07 01:12:43,43.3590202331543,-8.40032386779785,"Unknown"
"7014855",371852,2025-08-07 01:17:32,43.3601684570312,-8.40279293060303,"Unknown"
"7014855",371852,2025-08-07 01:23:05,43.3601303100586,-8.40266418457031,"Unknown"
"7014855",371852,2025-08-07 01:27:31,43.3601341247559,-8.40263557434082,"Unknown"
"7014855",371852,2025-08-07 01:32:31,43.3600959777832,-8.4024658203125,"Unknown"
"7014855",371852,2025-08-07 01:37:31,43.3602294921875,-8.40237522125244,"Unknown"
"7014855",371852,2025-08-07 01:42:33,43.3601493835449,-8.40235900878906,"Unknown"
"7014855",371852,2025-08-07 01:47:32,43.3600959777832,-8.40246105194092,"Unknown"
"7014855",371852,2025-08-07 01:52:31,43.3604049682617,-8.40254592895508,"Unknown"
"7014855",371852,2025-08-07 01:57:31,43.360466003418,-8.40250682830811,"Unknown"
"7014855",371852,2025-08-07 02:02:37,43.3606605529785,-8.40252208709717,"Unknown"
"7014855",371852,2025-08-07 02:07:34,43.3603401184082,-8.4022970199585,"Unknown"
"7014855",371852,2025-08-07 02:12:41,43.3603210449219,-8.40251350402832,"Unknown"
"7014855",371852,2025-08-07 02:17:31,43.3599090576172,-8.40208148956299,"Unknown"
"7014855",371852,2025-08-07 02:22:33,43.3597564697266,-8.40019226074219,"Unknown"
"7014855",371852,2025-08-07 02:27:39,43.3590850830078,-8.40028858184814,"Unknown"
"7014855",371852,2025-08-07 02:32:36,43.3590087890625,-8.40030193328857,"Unknown"
"7014855",371852,2025-08-07 02:37:40,43.3590850830078,-8.39870071411133,"Unknown"
"7014855",371852,2025-08-07 02:42:34,43.3591194152832,-8.39865207672119,"Unknown"
"7014855",371852,2025-08-07 02:47:44,43.3590965270996,-8.39867210388184,"Unknown"
"7014855",371852,2025-08-07 02:52:36,43.3589668273926,-8.39852046966553,"Unknown"
"7014855",371852,2025-08-07 02:57:38,43.359073638916,-8.39858913421631,"Unknown"
"7014855",371852,2025-08-07 03:02:42,43.3597297668457,-8.39780139923096,"Unknown"
"7014855",371852,2025-08-07 03:07:39,43.3596611022949,-8.39777755737305,"Unknown"
"7014855",371852,2025-08-07 03:12:36,43.3605079650879,-8.39781856536865,"Unknown"
"7014855",371852,2025-08-07 03:18:31,43.3599548339844,-8.39856147766113,"Unknown"
"7014855",371852,2025-08-07 03:22:36,43.3598976135254,-8.39852428436279,"Unknown"
"7014855",371852,2025-08-07 03:27:40,43.359432220459,-8.3988618850708,"Unknown"
"7014855",371852,2025-08-07 03:32:36,43.3595886230469,-8.39771556854248,"Unknown"
"7014855",371852,2025-08-07 03:43:02,43.3595657348633,-8.39839649200439,"Unknown"
"7014855",371852,2025-08-07 03:47:55,43.3591423034668,-8.39823246002197,"Unknown"
"7014855",371852,2025-08-07 03:52:40,43.3599472045898,-8.39835166931152,"Unknown"
"7014855",371852,2025-08-07 03:57:33,43.3600311279297,-8.39870834350586,"Unknown"
"7014855",371852,2025-08-07 04:02:41,43.3613433837891,-8.39664936065674,"Unknown"
"7014855",371852,2025-08-07 04:07:39,43.3597145080566,-8.39881229400635,"Unknown"
"7014855",371852,2025-08-07 04:12:39,43.3590660095215,-8.40009117126465,"Unknown"
"7014855",371852,2025-08-07 04:17:39,43.3590660095215,-8.40006446838379,"Unknown"
"7014855",371852,2025-08-07 04:22:39,43.3590927124023,-8.40006160736084,"Unknown"
"7014855",371852,2025-08-07 04:27:40,43.3590812683105,-8.40011310577393,"Unknown"
"7014855",371852,2025-08-07 04:32:37,43.3589706420898,-8.40012741088867,"Unknown"
"7014855",371852,2025-08-07 04:37:34,43.3596115112305,-8.39808940887451,"Unknown"
"7014855",371852,2025-08-07 04:43:14,43.3597640991211,-8.39764881134033,"Unknown"
"7014855",371852,2025-08-07 04:47:44,43.3590393066406,-8.40037536621094,"Unknown"
"7014855",371852,2025-08-07 04:52:34,43.3589363098145,-8.4003324508667,"Unknown"
"7014855",371852,2025-08-07 04:57:37,43.3589782714844,-8.4003210067749,"Unknown"
"7014855",371852,2025-08-07 05:02:39,43.3597373962402,-8.40421962738037,"Unknown"
"7014855",371852,2025-08-07 05:07:36,43.3598899841309,-8.3985538482666,"Unknown"
"7014855",371852,2025-08-07 05:12:38,43.3598213195801,-8.39837455749512,"Unknown"
"7014855",371852,2025-08-07 05:17:51,43.3598861694336,-8.39776992797852,"Unknown"
"7014855",371852,2025-08-07 05:22:44,43.3597602844238,-8.39784526824951,"Unknown"
"7014855",371852,2025-08-07 05:28:33,43.3596992492676,-8.39788246154785,"Unknown"
"7014855",371852,2025-08-07 05:33:53,43.3597679138184,-8.39779949188232,"Unknown"
"7014855",371852,2025-08-07 05:37:40,43.3598175048828,-8.39752006530762,"Unknown"
"7014855",371852,2025-08-07 05:42:36,43.3596305847168,-8.39780139923096,"Unknown"
"7014855",371852,2025-08-07 05:48:05,43.3596649169922,-8.39760780334473,"Unknown"
"7014855",371852,2025-08-07 05:52:37,43.3592720031738,-8.39780521392822,"Unknown"
"7014855",371852,2025-08-07 05:57:32,43.360668182373,-8.40270328521729,"Unknown"
"7014855",371852,2025-08-07 06:02:38,43.3598251342773,-8.40230464935303,"Unknown"
"7014855",371852,2025-08-07 06:07:39,43.3600234985352,-8.40234851837158,"Unknown"
"7014855",371852,2025-08-07 06:12:40,43.3596801757812,-8.3979549407959,"Unknown"
"7014855",371852,2025-08-07 06:17:37,43.3594932556152,-8.40165328979492,"Unknown"
"7014855",371852,2025-08-07 06:22:36,43.3595809936523,-8.40168857574463,"Unknown"
"7014855",371852,2025-08-07 06:27:44,43.3596115112305,-8.40166664123535,"Unknown"
"7014855",371852,2025-08-07 06:32:31,43.3597068786621,-8.40122318267822,"Unknown"
"7014855",371852,2025-08-07 06:37:44,43.3597564697266,-8.40138816833496,"Unknown"
"7014855",371852,2025-08-07 06:42:38,43.3597412109375,-8.40143585205078,"Unknown"
"7014855",371852,2025-08-07 06:47:40,43.3596649169922,-8.39846420288086,"Unknown"
"7014855",371852,2025-08-07 06:52:33,43.3599624633789,-8.39746475219727,"Unknown"
"7014855",371852,2025-08-07 06:57:37,43.3597297668457,-8.39795207977295,"Unknown"
"7014855",371852,2025-08-07 07:02:40,43.3597602844238,-8.39805793762207,"Unknown"
"7014855",371852,2025-08-07 07:07:31,43.360050201416,-8.39752101898193,"Unknown"
"7014855",371852,2025-08-07 07:12:37,43.3596496582031,-8.39792346954346,"Unknown"
"7014855",371852,2025-08-07 07:17:34,43.3598442077637,-8.39778995513916,"Unknown"
"7014855",371852,2025-08-07 07:22:44,43.3598480224609,-8.39810276031494,"Unknown"
"7014855",371852,2025-08-07 07:27:33,43.3607215881348,-8.4024658203125,"Unknown"
"7014855",371852,2025-08-07 07:32:42,43.3603973388672,-8.40267658233643,"Unknown"
"7014855",371852,2025-08-07 07:37:41,43.3606262207031,-8.40273189544678,"Unknown"
"7014855",371852,2025-08-07 07:42:35,43.3605651855469,-8.40280532836914,"Unknown"
"7014855",371852,2025-08-07 07:48:05,43.3616065979004,-8.40134334564209,"Unknown"
"7014855",371852,2025-08-07 07:52:39,43.3597640991211,-8.39926815032959,"Unknown"
"7014855",371852,2025-08-07 07:57:31,43.3612022399902,-8.40129280090332,"Unknown"
"7014855",371852,2025-08-07 08:02:39,43.3662376403809,-8.40222549438477,"Unknown"
"7014855",371852,2025-08-07 08:07:33,43.3645210266113,-8.39988994598389,"Unknown"
"7014855",371852,2025-08-07 08:12:39,43.364444732666,-8.40019226074219,"Unknown"
"7014855",371852,2025-08-07 08:17:31,43.3645057678223,-8.40007019042969,"Unknown"
"7014855",371852,2025-08-07 08:22:44,43.364429473877,-8.39999198913574,"Unknown"
"7014855",371852,2025-08-07 08:27:36,43.3644866943359,-8.39992809295654,"Unknown"
"7014855",371852,2025-08-07 08:32:34,43.364372253418,-8.40007019042969,"Unknown"
"7014855",371852,2025-08-07 08:37:36,43.3642845153809,-8.39994621276855,"Unknown"
"7014855",371852,2025-08-07 08:42:36,43.3642539978027,-8.39996719360352,"Unknown"
"7014855",371852,2025-08-07 08:47:56,43.3644714355469,-8.40002059936523,"Unknown"
"7014855",371852,2025-08-07 08:52:39,43.3645172119141,-8.39987850189209,"Unknown"
"7014855",371852,2025-08-07 08:57:44,43.3642349243164,-8.40024185180664,"Unknown"
"7014855",371852,2025-08-07 09:02:34,43.364387512207,-8.39996528625488,"Unknown"
"7014855",371852,2025-08-07 09:07:36,43.3645629882812,-8.39972019195557,"Unknown"
"7014855",371852,2025-08-07 09:12:38,43.3643341064453,-8.39996528625488,"Unknown"
"7014855",371852,2025-08-07 09:17:39,43.3645820617676,-8.39989757537842,"Unknown"
"7014855",371852,2025-08-07 09:22:39,43.3645286560059,-8.39998435974121,"Unknown"
"7014855",371852,2025-08-07 09:27:39,43.3646240234375,-8.39986419677734,"Unknown"
"7014855",371852,2025-08-07 09:32:44,43.364501953125,-8.40002346038818,"Unknown"
"7014855",371852,2025-08-07 09:37:37,43.3645668029785,-8.39994716644287,"Unknown"
"7014855",371852,2025-08-07 09:42:40,43.3645477294922,-8.39991092681885,"Unknown"
"7014855",371852,2025-08-07 09:47:36,43.3645973205566,-8.40001010894775,"Unknown"
"7014855",371852,2025-08-07 09:52:32,43.376293182373,-8.42354774475098,"Unknown"
"7014855",371852,2025-08-07 09:57:39,43.3820991516113,-8.45966148376465,"Unknown"
"7014855",371852,2025-08-07 10:02:34,43.3714294433594,-8.49503803253174,"Unknown"
"7014855",371852,2025-08-07 10:07:40,43.3561744689941,-8.51400756835938,"Unknown"
"7014855",371852,2025-08-07 10:12:39,43.3564834594727,-8.51418018341064,"Unknown"
"7014855",371852,2025-08-07 10:17:41,43.3563804626465,-8.51414585113525,"Unknown"
"7014855",371852,2025-08-07 10:22:41,43.3562927246094,-8.51413726806641,"Unknown"
"7014855",371852,2025-08-07 10:27:32,43.3562622070312,-8.5150842666626,"Unknown"
"7014855",371852,2025-08-07 10:32:32,43.3496208190918,-8.55245780944824,"Unknown"
"7014855",371852,2025-08-07 10:38:19,43.3488235473633,-8.59563159942627,"Unknown"
"7014855",371852,2025-08-07 10:43:13,43.341007232666,-8.63407516479492,"Unknown"
"7014855",371852,2025-08-07 10:48:05,43.3430442810059,-8.67754459381104,"Unknown"
"7014855",371852,2025-08-07 10:52:31,43.3456573486328,-8.7182788848877,"Unknown"
"7014855",371852,2025-08-07 10:57:33,43.3481140136719,-8.76761150360107,"Unknown"
"7014855",371852,2025-08-07 11:02:32,43.354679107666,-8.81536865234375,"Unknown"
"7014855",371852,2025-08-07 11:08:11,43.3618354797363,-8.84327983856201,"Unknown"
"7014855",371852,2025-08-07 11:12:39,43.3599395751953,-8.84383296966553,"Unknown"
"7014855",371852,2025-08-07 11:17:36,43.3600654602051,-8.84336185455322,"Unknown"
"7014855",371852,2025-08-07 11:22:39,43.3600654602051,-8.84329891204834,"Unknown"
"7014855",371852,2025-08-07 11:27:39,43.3598022460938,-8.84365081787109,"Unknown"
"7014855",371852,2025-08-07 11:32:43,43.359977722168,-8.8435115814209,"Unknown"
"7014855",371852,2025-08-07 11:37:39,43.3600387573242,-8.84352684020996,"Unknown"
"7014855",371852,2025-08-07 11:42:40,43.3598098754883,-8.8427848815918,"Unknown"
"7014855",371852,2025-08-07 11:47:40,43.3598136901855,-8.84364128112793,"Unknown"
"7014855",371852,2025-08-07 11:52:37,43.3601608276367,-8.8423376083374,"Unknown"
"7014855",371852,2025-08-07 11:57:34,43.3600311279297,-8.842453956604,"Unknown"
"7014855",371852,2025-08-07 12:02:36,43.3600578308105,-8.84253120422363,"Unknown"
"7014855",371852,2025-08-07 12:07:32,43.3604431152344,-8.84436702728271,"Unknown"
"7014855",371852,2025-08-07 12:12:39,43.3601188659668,-8.84290218353271,"Unknown"
"7014855",371852,2025-08-07 12:17:31,43.3601875305176,-8.84312152862549,"Unknown"
"7014855",371852,2025-08-07 12:23:35,43.3600654602051,-8.84307193756104,"Unknown"
"7014855",371852,2025-08-07 12:28:05,43.3600921630859,-8.84308052062988,"Unknown"
"7014855",371852,2025-08-07 12:32:31,43.3601150512695,-8.84305095672607,"Unknown"
"7014855",371852,2025-08-07 12:37:31,43.3600769042969,-8.84301662445068,"Unknown"
"7014855",371852,2025-08-07 12:42:32,43.3600959777832,-8.84317111968994,"Unknown"
"7014855",371852,2025-08-07 12:47:44,43.3602066040039,-8.84305286407471,"Unknown"
"7014855",371852,2025-08-07 12:52:34,43.3601608276367,-8.84304714202881,"Unknown"
"7014855",371852,2025-08-07 12:57:34,43.3599624633789,-8.84308242797852,"Unknown"
"7014855",371852,2025-08-07 13:02:36,43.3600425720215,-8.84329509735107,"Unknown"
"7014855",371852,2025-08-07 13:07:33,43.3600044250488,-8.84352397918701,"Unknown"
"7014855",371852,2025-08-07 13:12:32,43.3601875305176,-8.84299850463867,"Unknown"
"7014855",371852,2025-08-07 13:17:34,43.3600997924805,-8.84312152862549,"Unknown"
"7014855",371852,2025-08-07 13:22:37,43.3600540161133,-8.84306049346924,"Unknown"
"7014855",371852,2025-08-07 13:28:25,43.3611488342285,-8.84428119659424,"Unknown"
"7014855",371852,2025-08-07 13:32:40,43.361011505127,-8.84424114227295,"Unknown"
"7014855",371852,2025-08-07 13:37:39,43.36083984375,-8.84419918060303,"Unknown"
"7014855",371852,2025-08-07 13:42:41,43.3610038757324,-8.84424686431885,"Unknown"
"7014855",371852,2025-08-07 13:47:42,43.3610382080078,-8.84424018859863,"Unknown"
"7014855",371852,2025-08-07 13:53:03,43.3607521057129,-8.84412670135498,"Unknown"
"7014855",371852,2025-08-07 13:57:43,43.3612747192383,-8.84425354003906,"Unknown"
"7014855",371852,2025-08-07 14:02:37,43.3600234985352,-8.84313869476318,"Unknown"
"7014855",371852,2025-08-07 14:07:32,43.360164642334,-8.84345531463623,"Unknown"
"7014855",371852,2025-08-07 14:12:38,43.3600425720215,-8.84310340881348,"Unknown"
"7014855",371852,2025-08-07 14:17:38,43.3601036071777,-8.84329414367676,"Unknown"
"7014855",371852,2025-08-07 14:22:37,43.3600807189941,-8.84329986572266,"Unknown"
"7014855",371852,2025-08-07 14:27:34,43.3601303100586,-8.84315967559814,"Unknown"
"7014855",371852,2025-08-07 14:32:46,43.3601875305176,-8.8430347442627,"Unknown"
"7014855",371852,2025-08-07 14:37:45,43.3600387573242,-8.84312057495117,"Unknown"
"7014855",371852,2025-08-07 14:42:36,43.3600921630859,-8.84307670593262,"Unknown"
"7014855",371852,2025-08-07 14:47:36,43.3601379394531,-8.84302139282227,"Unknown"
"7014855",371852,2025-08-07 14:52:34,43.3601188659668,-8.84312152862549,"Unknown"
"7014855",371852,2025-08-07 14:58:12,43.3601455688477,-8.84312629699707,"Unknown"
"7014855",371852,2025-08-07 15:02:33,43.3602867126465,-8.84333896636963,"Unknown"
"7014855",371852,2025-08-07 15:07:39,43.3600044250488,-8.84311771392822,"Unknown"
"7014855",371852,2025-08-07 15:12:33,43.3601112365723,-8.8430118560791,"Unknown"
"7014855",371852,2025-08-07 15:17:39,43.3601531982422,-8.84315586090088,"Unknown"
"7014855",371852,2025-08-07 15:22:44,43.3600006103516,-8.84292602539062,"Unknown"
"7014855",371852,2025-08-07 15:27:38,43.3598709106445,-8.8427848815918,"Unknown"
"7014855",371852,2025-08-07 15:32:34,43.3598937988281,-8.84289646148682,"Unknown"
"7014855",371852,2025-08-07 15:37:38,43.3599166870117,-8.84281730651855,"Unknown"
"7014855",371852,2025-08-07 15:42:38,43.3581733703613,-8.83969783782959,"Unknown"
"7014855",371852,2025-08-07 15:47:44,43.3305816650391,-8.83114242553711,"Unknown"
"7014855",371852,2025-08-07 15:52:41,43.3115310668945,-8.84894561767578,"Unknown"
"7014855",371852,2025-08-07 15:57:34,43.3094902038574,-8.81976509094238,"Unknown"
"7014855",371852,2025-08-07 16:02:34,43.3083724975586,-8.79285049438477,"Unknown"
"7014855",371852,2025-08-07 16:07:44,43.3057975769043,-8.78803730010986,"Unknown"
"7014855",371852,2025-08-07 16:12:41,43.3058700561523,-8.7882604598999,"Unknown"
"7014855",371852,2025-08-07 16:17:32,43.3059005737305,-8.78820133209229,"Unknown"
"7014855",371852,2025-08-07 16:22:40,43.305835723877,-8.78803443908691,"Unknown"
"7014855",371852,2025-08-07 16:27:43,43.3057975769043,-8.7880687713623,"Unknown"
"7014855",371852,2025-08-07 16:32:33,43.3060684204102,-8.78809833526611,"Unknown"
"7014855",371852,2025-08-07 16:37:42,43.305980682373,-8.78819751739502,"Unknown"
"7014855",371852,2025-08-07 16:42:47,43.3062362670898,-8.78778648376465,"Unknown"
"7014855",371852,2025-08-07 16:48:35,43.3058090209961,-8.78835201263428,"Unknown"
"7014855",371852,2025-08-07 16:52:41,43.3058395385742,-8.78844928741455,"Unknown"
"7014855",371852,2025-08-07 16:57:49,43.3059692382812,-8.78835868835449,"Unknown"
"7014855",371852,2025-08-07 17:02:48,43.3059692382812,-8.78835010528564,"Unknown"
"7014855",371852,2025-08-07 17:07:36,43.3038940429688,-8.78054141998291,"Unknown"
"7014855",371852,2025-08-07 17:12:36,43.2953186035156,-8.74770069122314,"Unknown"
"7014855",371852,2025-08-07 17:17:32,43.2923851013184,-8.71126270294189,"Unknown"
"7014855",371852,2025-08-07 17:22:34,43.3016204833984,-8.67258930206299,"Unknown"
"7014855",371852,2025-08-07 17:27:32,43.3098945617676,-8.63286685943604,"Unknown"
"7014855",371852,2025-08-07 17:32:44,43.3190956115723,-8.59741973876953,"Unknown"
"7014855",371852,2025-08-07 17:37:44,43.3212547302246,-8.59224414825439,"Unknown"
"7014855",371852,2025-08-07 17:42:40,43.3211555480957,-8.59239959716797,"Unknown"
"7014855",371852,2025-08-07 17:47:40,43.3212394714355,-8.59237194061279,"Unknown"
"7014855",371852,2025-08-07 17:52:51,43.3212890625,-8.59234142303467,"Unknown"
"7014855",371852,2025-08-07 17:58:05,43.3212051391602,-8.59235858917236,"Unknown"
"7014855",371852,2025-08-07 18:02:36,43.3212013244629,-8.59242153167725,"Unknown"
"7014855",371852,2025-08-07 18:07:39,43.3212089538574,-8.59236907958984,"Unknown"
"7014855",371852,2025-08-07 18:12:39,43.3212280273438,-8.59239673614502,"Unknown"
"7014855",371852,2025-08-07 18:17:41,43.3211860656738,-8.59235000610352,"Unknown"
"7014855",371852,2025-08-07 18:22:32,43.3212356567383,-8.59266948699951,"Unknown"
"7014855",371852,2025-08-07 18:27:39,43.3211402893066,-8.59232425689697,"Unknown"
"7014855",371852,2025-08-07 18:32:39,43.321231842041,-8.59227466583252,"Unknown"
"7014855",371852,2025-08-07 18:37:37,43.3227844238281,-8.57991504669189,"Unknown"
"7014855",371852,2025-08-07 18:43:55,43.323802947998,-8.56777286529541,"Unknown"
"7014855",371852,2025-08-07 18:48:55,43.335018157959,-8.54294300079346,"Unknown"
"7014855",371852,2025-08-07 18:52:44,43.3462257385254,-8.53248500823975,"Unknown"
"7014855",371852,2025-08-07 18:57:40,43.3462181091309,-8.53254508972168,"Unknown"
"7014855",371852,2025-08-07 19:02:37,43.3483543395996,-8.52971267700195,"Unknown"
"7014855",371852,2025-08-07 19:07:37,43.3483047485352,-8.52968692779541,"Unknown"
"7014855",371852,2025-08-07 19:12:36,43.3483009338379,-8.52974891662598,"Unknown"
"7014855",371852,2025-08-07 19:17:40,43.3482780456543,-8.52971839904785,"Unknown"
"7014855",371852,2025-08-07 19:22:37,43.3483810424805,-8.52961444854736,"Unknown"
"7014855",371852,2025-08-07 19:27:31,43.3483428955078,-8.52978515625,"Unknown"
"7014855",371852,2025-08-07 19:32:37,43.3483734130859,-8.52970695495605,"Unknown"
"7014855",371852,2025-08-07 19:37:42,43.3481636047363,-8.52978992462158,"Unknown"
"7014855",371852,2025-08-07 19:42:32,43.3482131958008,-8.5298433303833,"Unknown"
"7014855",371852,2025-08-07 19:47:31,43.3482398986816,-8.52979373931885,"Unknown"
"7014855",371852,2025-08-07 19:52:42,43.3483428955078,-8.5297212600708,"Unknown"
"7014855",371852,2025-08-07 19:57:32,43.348331451416,-8.52974224090576,"Unknown"
"7014855",371852,2025-08-07 20:02:31,43.3482627868652,-8.52979469299316,"Unknown"
"7014855",371852,2025-08-07 20:07:48,43.3481826782227,-8.52980422973633,"Unknown"
"7014855",371852,2025-08-07 20:12:35,43.3483276367188,-8.52983570098877,"Unknown"
"7014855",371852,2025-08-07 20:17:35,43.3483238220215,-8.52977466583252,"Unknown"
"7014855",371852,2025-08-07 20:22:38,43.3493728637695,-8.52826976776123,"Unknown"
"7014855",371852,2025-08-07 20:27:37,43.3496284484863,-8.52794647216797,"Unknown"
"7014855",371852,2025-08-07 20:32:31,43.3493957519531,-8.52832221984863,"Unknown"
"7014855",371852,2025-08-07 20:37:32,43.349422454834,-8.52835178375244,"Unknown"
"7014855",371852,2025-08-07 20:42:39,43.3493995666504,-8.5281925201416,"Unknown"
"7014855",371852,2025-08-07 20:47:42,43.3495635986328,-8.52831077575684,"Unknown"
"7014855",371852,2025-08-07 20:52:38,43.3495712280273,-8.52835845947266,"Unknown"
"7014855",371852,2025-08-07 20:57:42,43.3494491577148,-8.52825832366943,"Unknown"
"7014855",371852,2025-08-07 21:02:38,43.3494415283203,-8.52807426452637,"Unknown"
"7014855",371852,2025-08-07 21:07:39,43.3494338989258,-8.52819156646729,"Unknown"
"7014855",371852,2025-08-07 21:12:35,43.3493995666504,-8.52826881408691,"Unknown"
"7014855",371852,2025-08-07 21:17:35,43.3494644165039,-8.52824020385742,"Unknown"
"7014855",371852,2025-08-07 21:22:32,43.3494186401367,-8.52829170227051,"Unknown"
"7014855",371852,2025-08-07 21:27:39,43.3492660522461,-8.52826023101807,"Unknown"
"7014855",371852,2025-08-07 21:32:43,43.3497467041016,-8.52868556976318,"Unknown"
"7014855",371852,2025-08-07 21:37:42,43.3497924804688,-8.52876758575439,"Unknown"
"7014855",371852,2025-08-07 21:42:42,43.3490333557129,-8.52895450592041,"Unknown"
"7014855",371852,2025-08-07 21:47:42,43.3494529724121,-8.52829360961914,"Unknown"
"7014855",371852,2025-08-07 21:53:04,43.3493270874023,-8.52823352813721,"Unknown"
"7014855",371852,2025-08-07 21:57:33,43.3495483398438,-8.50859451293945,"Unknown"
"7014855",371852,2025-08-07 22:02:37,43.3575096130371,-8.48905754089355,"Unknown"
"7014855",371852,2025-08-07 22:07:32,43.3586540222168,-8.46771812438965,"Unknown"
"7014855",371852,2025-08-07 22:12:37,43.357608795166,-8.44350147247314,"Unknown"
"7014855",371852,2025-08-07 22:17:38,43.3583145141602,-8.4099702835083,"Unknown"
"7014855",371852,2025-08-07 22:22:33,43.3589057922363,-8.40014839172363,"Unknown"
"7014855",371852,2025-08-07 22:27:33,43.3590431213379,-8.40019130706787,"Unknown"
"7014855",371852,2025-08-07 22:32:33,43.3590927124023,-8.40013980865479,"Unknown"
"7014855",371852,2025-08-07 22:37:37,43.3590660095215,-8.40013980865479,"Unknown"
"7014855",371852,2025-08-07 22:42:35,43.3589935302734,-8.40015029907227,"Unknown"
"7014855",371852,2025-08-07 22:47:35,43.3589744567871,-8.40015506744385,"Unknown"
"7014855",371852,2025-08-07 22:52:35,43.3590927124023,-8.40017890930176,"Unknown"
"7014855",371852,2025-08-07 22:57:34,43.3590888977051,-8.40015506744385,"Unknown"
"7014855",371852,2025-08-07 23:02:32,43.359058380127,-8.40015316009521,"Unknown"
"7014855",371852,2025-08-07 23:07:32,43.3590774536133,-8.4001636505127,"Unknown"
"7014855",371852,2025-08-07 23:12:33,43.359058380127,-8.40019130706787,"Unknown"
"7014855",371852,2025-08-07 23:17:33,43.3590888977051,-8.40008163452148,"Unknown"
"7014855",371852,2025-08-07 23:22:38,43.3589515686035,-8.39993095397949,"Unknown"
"7014855",371852,2025-08-07 23:27:38,43.3588638305664,-8.39987850189209,"Unknown"
"7014855",371852,2025-08-07 23:32:38,43.3589515686035,-8.40003204345703,"Unknown"
"7014855",371852,2025-08-07 23:37:44,43.3589019775391,-8.39988803863525,"Unknown"
"7014855",371852,2025-08-07 23:42:38,43.3590278625488,-8.40008640289307,"Unknown"
"7014855",371852,2025-08-07 23:47:38,43.3592376708984,-8.40042591094971,"Unknown"
"7014855",371852,2025-08-07 23:52:44,43.3590660095215,-8.40025520324707,"Unknown"
"7014855",371852,2025-08-07 23:57:38,43.3590393066406,-8.40024185180664,"Unknown"
"7014855",371852,2025-08-08 00:02:37,43.3588829040527,-8.40004730224609,"Unknown"
"7014855",371852,2025-08-08 00:07:39,43.3589286804199,-8.40017604827881,"Unknown"
"7014855",371852,2025-08-08 00:12:37,43.3590049743652,-8.40018749237061,"Unknown"
"7014855",371852,2025-08-08 00:17:39,43.358959197998,-8.40020656585693,"Unknown"
"7014855",371852,2025-08-08 00:22:39,43.3591041564941,-8.40038204193115,"Unknown"
"7014855",371852,2025-08-08 00:27:42,43.3590927124023,-8.4004602432251,"Unknown"
"7014855",371852,2025-08-08 00:32:43,43.3589820861816,-8.40027332305908,"Unknown"
"7014855",371852,2025-08-08 00:37:36,43.3591537475586,-8.40036106109619,"Unknown"
"7014855",371852,2025-08-08 00:42:33,43.3589973449707,-8.40033054351807,"Unknown"
"7014855",371852,2025-08-08 00:47:37,43.3590469360352,-8.40025329589844,"Unknown"
"7014855",371852,2025-08-08 00:52:37,43.3590087890625,-8.40018653869629,"Unknown"
"7014855",371852,2025-08-08 00:58:02,43.3588218688965,-8.40030288696289,"Unknown"
"7014855",371852,2025-08-08 01:02:33,43.3588981628418,-8.40027141571045,"Unknown"
"7014855",371852,2025-08-08 01:07:33,43.3588523864746,-8.40039443969727,"Unknown"
"7014855",371852,2025-08-08 01:12:33,43.3589935302734,-8.40018081665039,"Unknown"
"7014855",371852,2025-08-08 01:17:33,43.3589096069336,-8.40037631988525,"Unknown"
"7014855",371852,2025-08-08 01:22:32,43.3587799072266,-8.4005298614502,"Unknown"
"7014855",371852,2025-08-08 01:27:31,43.3587303161621,-8.40049266815186,"Unknown"
"7014855",371852,2025-08-08 01:32:32,43.3586959838867,-8.40044498443604,"Unknown"
"7014855",371852,2025-08-08 01:37:31,43.3588485717773,-8.40039920806885,"Unknown"
"7014855",371852,2025-08-08 01:42:31,43.3599395751953,-8.40262889862061,"Unknown"
"7014855",371852,2025-08-08 01:47:33,43.3599967956543,-8.40267753601074,"Unknown"
"7014855",371852,2025-08-08 01:52:33,43.3600730895996,-8.40273284912109,"Unknown"
"7014855",371852,2025-08-08 01:57:32,43.3601341247559,-8.40279197692871,"Unknown"
"7014855",371852,2025-08-08 02:03:53,43.3600044250488,-8.40230178833008,"Unknown"
"7014855",371852,2025-08-08 02:07:31,43.3598785400391,-8.40237045288086,"Unknown"
"7014855",371852,2025-08-08 02:12:36,43.3600120544434,-8.40241718292236,"Unknown"
"7014855",371852,2025-08-08 02:17:33,43.3595542907715,-8.39768314361572,"Unknown"
"7014855",371852,2025-08-08 02:23:03,43.3598785400391,-8.39817905426025,"Unknown"
"7014855",371852,2025-08-08 02:27:33,43.3597679138184,-8.39795112609863,"Unknown"
"7014855",371852,2025-08-08 02:32:37,43.3598175048828,-8.39752769470215,"Unknown"
"7014855",371852,2025-08-08 02:37:33,43.3597412109375,-8.39853858947754,"Unknown"
"7014855",371852,2025-08-08 02:42:46,43.3599319458008,-8.39808082580566,"Unknown"
"7014855",371852,2025-08-08 02:47:54,43.3596229553223,-8.39820766448975,"Unknown"
"7014855",371852,2025-08-08 02:52:34,43.3597373962402,-8.39796733856201,"Unknown"
"7014855",371852,2025-08-08 02:58:55,43.3597183227539,-8.39767646789551,"Unknown"
"7014855",371852,2025-08-08 03:02:36,43.3600807189941,-8.39822959899902,"Unknown"
"7014855",371852,2025-08-08 03:07:33,43.359691619873,-8.39822578430176,"Unknown"
"7014855",371852,2025-08-08 03:12:34,43.359447479248,-8.39798355102539,"Unknown"
"7014855",371852,2025-08-08 03:17:32,43.3598098754883,-8.39806365966797,"Unknown"
"7014855",371852,2025-08-08 03:23:43,43.3596954345703,-8.3984260559082,"Unknown"
"7014855",371852,2025-08-08 03:27:34,43.3599700927734,-8.39818954467773,"Unknown"
"7014855",371852,2025-08-08 03:32:38,43.3593978881836,-8.39775657653809,"Unknown"
"7014855",371852,2025-08-08 03:37:38,43.359920501709,-8.39805793762207,"Unknown"
"7014855",371852,2025-08-08 03:42:35,43.3597068786621,-8.39798927307129,"Unknown"
"7014855",371852,2025-08-08 03:47:36,43.3601531982422,-8.39878845214844,"Unknown"
"7014855",371852,2025-08-08 03:52:34,43.3596687316895,-8.39790916442871,"Unknown"
"7014855",371852,2025-08-08 03:57:32,43.3597564697266,-8.39858627319336,"Unknown"
"7014855",371852,2025-08-08 04:02:32,43.3591041564941,-8.40019702911377,"Unknown"
"7014855",371852,2025-08-08 04:07:32,43.3591270446777,-8.40019798278809,"Unknown"
"7014855",371852,2025-08-08 04:12:32,43.3590965270996,-8.40035343170166,"Unknown"
"7014855",371852,2025-08-08 04:17:32,43.3590278625488,-8.40041065216064,"Unknown"
"7014855",371852,2025-08-08 04:22:32,43.3590126037598,-8.40038776397705,"Unknown"
"7014855",371852,2025-08-08 04:27:32,43.3590850830078,-8.40043830871582,"Unknown"
"7014855",371852,2025-08-08 04:32:32,43.3591957092285,-8.40037059783936,"Unknown"
"7014855",371852,2025-08-08 04:37:32,43.3590469360352,-8.40042686462402,"Unknown"
"7014855",371852,2025-08-08 04:42:32,43.3591270446777,-8.40052795410156,"Unknown"
"7014855",371852,2025-08-08 04:47:32,43.3591194152832,-8.40046501159668,"Unknown"
"7014855",371852,2025-08-08 04:52:32,43.3591423034668,-8.40044212341309,"Unknown"
"7014855",371852,2025-08-08 04:57:42,43.359203338623,-8.40050029754639,"Unknown"
"7014855",371852,2025-08-08 05:02:37,43.3591613769531,-8.40065479278564,"Unknown"
"7014855",371852,2025-08-08 05:07:32,43.3591270446777,-8.40045642852783,"Unknown"
"7014855",371852,2025-08-08 05:12:42,43.3588523864746,-8.39964199066162,"Unknown"
"7014855",371852,2025-08-08 05:17:35,43.3591079711914,-8.40062618255615,"Unknown"
"7014855",371852,2025-08-08 05:22:38,43.3591461181641,-8.40065479278564,"Unknown"
"7014855",371852,2025-08-08 05:27:33,43.3590850830078,-8.40054988861084,"Unknown"
"7014855",371852,2025-08-08 05:32:38,43.3591384887695,-8.40056896209717,"Unknown"
"7014855",371852,2025-08-08 05:37:36,43.3591575622559,-8.40063762664795,"Unknown"
"7014855",371852,2025-08-08 05:42:36,43.3591156005859,-8.40051937103271,"Unknown"
"7014855",371852,2025-08-08 05:47:39,43.3591575622559,-8.40071105957031,"Unknown"
"7014855",371852,2025-08-08 05:52:37,43.3590507507324,-8.40061950683594,"Unknown"
"7014855",371852,2025-08-08 05:57:42,43.3589935302734,-8.40048027038574,"Unknown"
"7014855",371852,2025-08-08 06:02:32,43.3590049743652,-8.40082931518555,"Unknown"
"7014855",371852,2025-08-08 06:07:32,43.3590507507324,-8.40070247650146,"Unknown"
"7014855",371852,2025-08-08 06:12:38,43.3590278625488,-8.40067005157471,"Unknown"
"7014855",371852,2025-08-08 06:17:34,43.3590507507324,-8.40091133117676,"Unknown"
"7014855",371852,2025-08-08 06:22:34,43.3589630126953,-8.40091037750244,"Unknown"
"7014855",371852,2025-08-08 06:27:38,43.3589057922363,-8.40084552764893,"Unknown"
"7014855",371852,2025-08-08 06:32:37,43.3589248657227,-8.40087509155273,"Unknown"
"7014855",371852,2025-08-08 06:37:37,43.3589706420898,-8.40099239349365,"Unknown"
"7014855",371852,2025-08-08 06:42:34,43.3590507507324,-8.40098667144775,"Unknown"
"7014855",371852,2025-08-08 06:47:39,43.3594360351562,-8.40129089355469,"Unknown"
"7014855",371852,2025-08-08 06:52:44,43.3591766357422,-8.40105247497559,"Unknown"
"7014855",371852,2025-08-08 06:57:39,43.3591766357422,-8.40107250213623,"Unknown"
"7014855",371852,2025-08-08 07:02:39,43.3589210510254,-8.40087890625,"Unknown"
"7014855",371852,2025-08-08 07:07:41,43.358814239502,-8.40073394775391,"Unknown"
"7014855",371852,2025-08-08 07:12:36,43.3588218688965,-8.40072441101074,"Unknown"
"7014855",371852,2025-08-08 07:17:36,43.3587226867676,-8.40079689025879,"Unknown"
"7014855",371852,2025-08-08 07:22:36,43.358757019043,-8.40070724487305,"Unknown"
"7014855",371852,2025-08-08 07:27:34,43.3588676452637,-8.40084743499756,"Unknown"
"7014855",371852,2025-08-08 07:32:40,43.3587112426758,-8.40073299407959,"Unknown"
"7014855",371852,2025-08-08 07:37:38,43.3598022460938,-8.39742469787598,"Unknown"
"7014855",371852,2025-08-08 07:42:39,43.3597412109375,-8.39784622192383,"Unknown"
"7014855",371852,2025-08-08 07:48:06,43.3595161437988,-8.39818286895752,"Unknown"
"7014855",371852,2025-08-08 07:52:34,43.3593635559082,-8.39834022521973,"Unknown"
"7014855",371852,2025-08-08 07:57:40,43.3595428466797,-8.39832496643066,"Unknown"
"7014855",371852,2025-08-08 08:02:39,43.3596534729004,-8.39836692810059,"Unknown"
"7014855",371852,2025-08-08 08:07:40,43.3594551086426,-8.39773845672607,"Unknown"
"7014855",371852,2025-08-08 08:12:50,43.3585815429688,-8.39838695526123,"Unknown"
"7014855",371852,2025-08-08 08:17:40,43.359748840332,-8.39776992797852,"Unknown"
"7014855",371852,2025-08-08 08:22:42,43.3599052429199,-8.39779758453369,"Unknown"
"7014855",371852,2025-08-08 08:27:43,43.3599014282227,-8.39812564849854,"Unknown"
"7014855",371852,2025-08-08 08:32:41,43.359806060791,-8.398118019104,"Unknown"
"7014855",371852,2025-08-08 08:37:45,43.3599433898926,-8.39808464050293,"Unknown"
"7014855",371852,2025-08-08 08:42:36,43.35986328125,-8.39788055419922,"Unknown"
"7014855",371852,2025-08-08 08:47:40,43.3599662780762,-8.39795112609863,"Unknown"
"7014855",371852,2025-08-08 08:52:39,43.3598861694336,-8.39812278747559,"Unknown"
"7014855",371852,2025-08-08 08:57:42,43.3598365783691,-8.39811134338379,"Unknown"
"7014855",371852,2025-08-08 09:02:41,43.359920501709,-8.39803028106689,"Unknown"
"7014855",371852,2025-08-08 09:07:37,43.3597831726074,-8.39844036102295,"Unknown"
"7014855",371852,2025-08-08 09:12:40,43.3596534729004,-8.39809131622314,"Unknown"
"7014855",371852,2025-08-08 09:17:33,43.3599128723145,-8.39746570587158,"Unknown"
"7014855",371852,2025-08-08 09:22:39,43.3599052429199,-8.3973274230957,"Unknown"
"7014855",371852,2025-08-08 09:27:33,43.3600082397461,-8.39749431610107,"Unknown"
"7014855",371852,2025-08-08 09:32:37,43.3596458435059,-8.39728736877441,"Unknown"
"7014855",371852,2025-08-08 09:37:37,43.3594970703125,-8.39730358123779,"Unknown"
"7014855",371852,2025-08-08 09:42:34,43.3595581054688,-8.39728450775146,"Unknown"
"7014855",371852,2025-08-08 09:47:38,43.3596382141113,-8.39785289764404,"Unknown"
"7014855",371852,2025-08-08 09:52:36,43.3597640991211,-8.39980602264404,"Unknown"
"7014855",371852,2025-08-08 09:57:33,43.3599739074707,-8.39744663238525,"Unknown"
"7014855",371852,2025-08-08 10:02:34,43.3597755432129,-8.39734554290771,"Unknown"
"7014855",371852,2025-08-08 10:07:39,43.3596954345703,-8.39720249176025,"Unknown"
"7014855",371852,2025-08-08 10:12:34,43.3597755432129,-8.39742755889893,"Unknown"
"7014855",371852,2025-08-08 10:17:35,43.3599319458008,-8.39757823944092,"Unknown"
"7014855",371852,2025-08-08 10:22:41,43.3597259521484,-8.39729118347168,"Unknown"
"7014855",371852,2025-08-08 10:27:34,43.3596267700195,-8.39724636077881,"Unknown"
"7014855",371852,2025-08-08 10:32:38,43.3597259521484,-8.39729785919189,"Unknown"
"7014855",371852,2025-08-08 10:37:33,43.3600158691406,-8.39750862121582,"Unknown"
"7014855",371852,2025-08-08 10:42:36,43.3598175048828,-8.39686393737793,"Unknown"
"7014855",371852,2025-08-08 10:47:34,43.3599052429199,-8.39703464508057,"Unknown"
"7014855",371852,2025-08-08 10:52:35,43.3598251342773,-8.39680671691895,"Unknown"
"7014855",371852,2025-08-08 10:57:38,43.3596878051758,-8.39705753326416,"Unknown"
"7014855",371852,2025-08-08 11:02:39,43.3600578308105,-8.39702701568604,"Unknown"
"7014855",371852,2025-08-08 11:07:39,43.3596115112305,-8.39796161651611,"Unknown"
"7014855",371852,2025-08-08 11:12:38,43.359748840332,-8.39787006378174,"Unknown"
"7014855",371852,2025-08-08 11:17:47,43.3597602844238,-8.39871215820312,"Unknown"
"7014855",371852,2025-08-08 11:22:38,43.3595428466797,-8.39782524108887,"Unknown"
"7014855",371852,2025-08-08 11:27:44,43.3595275878906,-8.39771938323975,"Unknown"
"7014855",371852,2025-08-08 11:32:39,43.3596420288086,-8.39785766601562,"Unknown"
"7014855",371852,2025-08-08 11:37:43,43.3594665527344,-8.39802265167236,"Unknown"
"7014855",371852,2025-08-08 11:42:37,43.3596725463867,-8.39784622192383,"Unknown"
"7014855",371852,2025-08-08 11:47:38,43.3596572875977,-8.39828777313232,"Unknown"
"7014855",371852,2025-08-08 11:52:39,43.3595542907715,-8.39829540252686,"Unknown"
"7014855",371852,2025-08-08 11:57:37,43.3596839904785,-8.3974027633667,"Unknown"
"7014855",371852,2025-08-08 12:02:41,43.3596458435059,-8.39833545684814,"Unknown"
"7014855",371852,2025-08-08 12:07:37,43.3597183227539,-8.39826488494873,"Unknown"
"7014855",371852,2025-08-08 12:12:56,43.3596725463867,-8.39840888977051,"Unknown"
"7014855",371852,2025-08-08 12:17:38,43.359561920166,-8.39935207366943,"Unknown"
"7014855",371852,2025-08-08 12:22:43,43.3595314025879,-8.39942169189453,"Unknown"
"7014855",371852,2025-08-08 12:27:38,43.3596076965332,-8.39941501617432,"Unknown"
"7014855",371852,2025-08-08 12:32:38,43.3596992492676,-8.39944553375244,"Unknown"
"7014855",371852,2025-08-08 12:37:38,43.3596534729004,-8.39950275421143,"Unknown"
"7014855",371852,2025-08-08 12:42:36,43.3597221374512,-8.39940738677979,"Unknown"
"7014855",371852,2025-08-08 12:47:34,43.3596229553223,-8.39973258972168,"Unknown"
"7014855",371852,2025-08-08 12:52:35,43.359691619873,-8.4003267288208,"Unknown"
"7014855",371852,2025-08-08 12:58:13,43.3599090576172,-8.40037155151367,"Unknown"
"7014855",371852,2025-08-08 13:02:46,43.359790802002,-8.40021228790283,"Unknown"
"7014855",371852,2025-08-08 13:07:36,43.3596954345703,-8.39999198913574,"Unknown"
"7014855",371852,2025-08-08 13:12:36,43.3600463867188,-8.40050315856934,"Unknown"
"7014855",371852,2025-08-08 13:17:37,43.3601226806641,-8.4006290435791,"Unknown"
"7014855",371852,2025-08-08 13:22:37,43.359676361084,-8.40007972717285,"Unknown"
"7014855",371852,2025-08-08 13:27:38,43.3597106933594,-8.40001773834229,"Unknown"
"7014855",371852,2025-08-08 13:33:02,43.3598365783691,-8.40052223205566,"Unknown"
"7014855",371852,2025-08-08 13:37:37,43.3593826293945,-8.40069675445557,"Unknown"
"7014855",371852,2025-08-08 13:42:33,43.3621063232422,-8.42106533050537,"Unknown"
"7014855",371852,2025-08-08 13:47:40,43.3517837524414,-8.43972682952881,"Unknown"
"7014855",371852,2025-08-08 13:52:33,43.3552169799805,-8.4587984085083,"Unknown"
"7014855",371852,2025-08-08 13:57:37,43.3548965454102,-8.45858573913574,"Unknown"
"7014855",371852,2025-08-08 14:02:33,43.3552017211914,-8.45804882049561,"Unknown"
"7014855",371852,2025-08-08 14:07:33,43.3551177978516,-8.45791625976562,"Unknown"
"7014855",371852,2025-08-08 14:12:34,43.3552436828613,-8.45799160003662,"Unknown"
"7014855",371852,2025-08-08 14:17:33,43.3551826477051,-8.45800495147705,"Unknown"
"7014855",371852,2025-08-08 14:22:33,43.3551788330078,-8.45796394348145,"Unknown"
"7014855",371852,2025-08-08 14:27:33,43.3551292419434,-8.45813083648682,"Unknown"
"7014855",371852,2025-08-08 14:32:35,43.3547744750977,-8.45728015899658,"Unknown"
"7014855",371852,2025-08-08 14:37:40,43.3553199768066,-8.45829010009766,"Unknown"
"7014855",371852,2025-08-08 14:42:39,43.3548355102539,-8.45694160461426,"Unknown"
"7014855",371852,2025-08-08 14:47:34,43.356388092041,-8.45718383789062,"Unknown"
"7014855",371852,2025-08-08 14:52:38,43.3563842773438,-8.45659923553467,"Unknown"
"7014855",371852,2025-08-08 14:57:43,43.3565101623535,-8.4571418762207,"Unknown"
"7014855",371852,2025-08-08 15:02:37,43.3567428588867,-8.45742511749268,"Unknown"
"7014855",371852,2025-08-08 15:07:34,43.3566398620605,-8.45718669891357,"Unknown"
"7014855",371852,2025-08-08 15:12:33,43.355396270752,-8.47177696228027,"Unknown"
"7014855",371852,2025-08-08 15:17:48,43.3526153564453,-8.47765159606934,"Unknown"
"7014855",371852,2025-08-08 15:22:45,43.3523368835449,-8.47758007049561,"Unknown"
"7014855",371852,2025-08-08 15:27:33,43.3551216125488,-8.45195007324219,"Unknown"
"7014855",371852,2025-08-08 15:32:33,43.3413314819336,-8.43538856506348,"Unknown"
"7014855",371852,2025-08-08 15:37:34,43.3338432312012,-8.44062328338623,"Unknown"
"7014855",371852,2025-08-08 15:42:37,43.3406600952148,-8.45432472229004,"Unknown"
"7014855",371852,2025-08-08 15:47:35,43.3409309387207,-8.45424461364746,"Unknown"
"7014855",371852,2025-08-08 15:52:35,43.3469123840332,-8.4512939453125,"Unknown"
"7014855",371852,2025-08-08 15:57:36,43.3566436767578,-8.45711612701416,"Unknown"
"7014855",371852,2025-08-08 16:02:34,43.3566246032715,-8.45727157592773,"Unknown"
"7014855",371852,2025-08-08 16:07:35,43.355770111084,-8.45761871337891,"Unknown"
"7014855",371852,2025-08-08 16:12:34,43.3566703796387,-8.45708847045898,"Unknown"
"7014855",371852,2025-08-08 16:17:37,43.3566131591797,-8.45703983306885,"Unknown"
"7014855",371852,2025-08-08 16:22:40,43.3567008972168,-8.45694351196289,"Unknown"
"7014855",371852,2025-08-08 16:27:37,43.356143951416,-8.45692253112793,"Unknown"
"7014855",371852,2025-08-08 16:32:40,43.3558006286621,-8.45701217651367,"Unknown"
"7014855",371852,2025-08-08 16:37:33,43.3598976135254,-8.45625877380371,"Unknown"
"7014855",371852,2025-08-08 16:42:36,43.3546333312988,-8.45754528045654,"Unknown"
"7014855",371852,2025-08-08 16:47:33,43.3555717468262,-8.45796489715576,"Unknown"
"7014855",371852,2025-08-08 16:52:34,43.3557586669922,-8.45801734924316,"Unknown"
"7014855",371852,2025-08-08 16:57:34,43.3558616638184,-8.45791244506836,"Unknown"
"7014855",371852,2025-08-08 17:02:34,43.3561058044434,-8.45766925811768,"Unknown"
"7014855",371852,2025-08-08 17:07:34,43.3567848205566,-8.45687484741211,"Unknown"
"7014855",371852,2025-08-08 17:12:33,43.3564643859863,-8.45655632019043,"Unknown"
"7014855",371852,2025-08-08 17:17:47,43.3541297912598,-8.45914840698242,"Unknown"
"7014855",371852,2025-08-08 17:22:33,43.3549270629883,-8.45803165435791,"Unknown"
"7014855",371852,2025-08-08 17:27:34,43.3527679443359,-8.45987892150879,"Unknown"
"7014855",371852,2025-08-08 17:32:34,43.3551292419434,-8.45835971832275,"Unknown"
"7014855",371852,2025-08-08 17:37:34,43.3549842834473,-8.45826053619385,"Unknown"
"7014855",371852,2025-08-08 17:42:34,43.355094909668,-8.45827007293701,"Unknown"
"7014855",371852,2025-08-08 17:47:34,43.356029510498,-8.45723152160645,"Unknown"
"7014855",371852,2025-08-08 17:52:35,43.3565139770508,-8.45698642730713,"Unknown"
"7014855",371852,2025-08-08 17:57:35,43.3564872741699,-8.45688915252686,"Unknown"
"7014855",371852,2025-08-08 18:02:39,43.3563232421875,-8.45709419250488,"Unknown"
"7014855",371852,2025-08-08 18:07:42,43.356330871582,-8.45708274841309,"Unknown"
"7014855",371852,2025-08-08 18:12:38,43.3561210632324,-8.45733642578125,"Unknown"
"7014855",371852,2025-08-08 18:17:39,43.356071472168,-8.45743751525879,"Unknown"
"7014855",371852,2025-08-08 18:22:38,43.3563575744629,-8.45712852478027,"Unknown"
"7014855",371852,2025-08-08 18:27:39,43.356861114502,-8.45703983306885,"Unknown"
"7014855",371852,2025-08-08 18:32:33,43.3684310913086,-8.45646667480469,"Unknown"
"7014855",371852,2025-08-08 18:37:36,43.3714408874512,-8.45314788818359,"Unknown"
"7014855",371852,2025-08-08 18:42:42,43.3703498840332,-8.45329666137695,"Unknown"
"7014855",371852,2025-08-08 18:47:36,43.3715972900391,-8.45302581787109,"Unknown"
"7014855",371852,2025-08-08 18:52:39,43.3717346191406,-8.45241069793701,"Unknown"
"7014855",371852,2025-08-08 18:57:42,43.3717803955078,-8.45221900939941,"Unknown"
"7014855",371852,2025-08-08 19:02:34,43.3737373352051,-8.45239734649658,"Unknown"
"7014855",371852,2025-08-08 19:07:41,43.3720855712891,-8.45208835601807,"Unknown"
"7014855",371852,2025-08-08 19:12:39,43.3721389770508,-8.45198345184326,"Unknown"
"7014855",371852,2025-08-08 19:17:33,43.3784408569336,-8.44495391845703,"Unknown"
"7014855",371852,2025-08-08 19:22:34,43.3699989318848,-8.41633319854736,"Unknown"
"7014855",371852,2025-08-08 19:27:39,43.3631896972656,-8.39665699005127,"Unknown"
"7014855",371852,2025-08-08 19:32:34,43.363224029541,-8.39661502838135,"Unknown"
"7014855",371852,2025-08-08 19:37:34,43.363151550293,-8.39652252197266,"Unknown"
"7014855",371852,2025-08-08 19:42:39,43.3632316589355,-8.39663124084473,"Unknown"
"7014855",371852,2025-08-08 19:47:36,43.3632659912109,-8.39671611785889,"Unknown"
"7014855",371852,2025-08-08 19:52:37,43.3632545471191,-8.39677619934082,"Unknown"
"7014855",371852,2025-08-08 19:57:36,43.3631477355957,-8.39677619934082,"Unknown"
"7014855",371852,2025-08-08 20:02:40,43.3632850646973,-8.39693355560303,"Unknown"
"7014855",371852,2025-08-08 20:07:35,43.3633804321289,-8.39681148529053,"Unknown"
"7014855",371852,2025-08-08 20:12:37,43.363395690918,-8.39699840545654,"Unknown"
"7014855",371852,2025-08-08 20:17:40,43.3634223937988,-8.39699077606201,"Unknown"
"7014855",371852,2025-08-08 20:22:38,43.3633728027344,-8.39695930480957,"Unknown"
"7014855",371852,2025-08-08 20:27:39,43.3634414672852,-8.39724922180176,"Unknown"
"7014855",371852,2025-08-08 20:33:01,43.3631591796875,-8.39660263061523,"Unknown"
"7014855",371852,2025-08-08 20:37:33,43.3630638122559,-8.39668083190918,"Unknown"
"7014855",371852,2025-08-08 20:42:34,43.3630676269531,-8.39667129516602,"Unknown"
"7014855",371852,2025-08-08 20:47:36,43.3630828857422,-8.39669513702393,"Unknown"
"7014855",371852,2025-08-08 20:52:39,43.3593635559082,-8.39999580383301,"Unknown"
"7014855",371852,2025-08-08 20:57:37,43.3591423034668,-8.39990711212158,"Unknown"
"7014855",371852,2025-08-08 21:02:37,43.3589935302734,-8.39979076385498,"Unknown"
"7014855",371852,2025-08-08 21:07:34,43.3590812683105,-8.39984130859375,"Unknown"
"7014855",371852,2025-08-08 21:12:33,43.3592910766602,-8.39992809295654,"Unknown"
"7014855",371852,2025-08-08 21:17:33,43.3590087890625,-8.39984035491943,"Unknown"
"7014855",371852,2025-08-08 21:22:33,43.3591194152832,-8.39991760253906,"Unknown"
"7014855",371852,2025-08-08 21:27:37,43.3590965270996,-8.39982986450195,"Unknown"
"7014855",371852,2025-08-08 21:32:36,43.3587303161621,-8.39952182769775,"Unknown"
"7014855",371852,2025-08-08 21:37:37,43.3592758178711,-8.39869403839111,"Unknown"
"7014855",371852,2025-08-08 21:42:39,43.3592872619629,-8.39877510070801,"Unknown"
"7014855",371852,2025-08-08 21:47:32,43.3592910766602,-8.39878273010254,"Unknown"
"7014855",371852,2025-08-08 21:52:34,43.3592300415039,-8.39871788024902,"Unknown"
"7014855",371852,2025-08-08 21:57:34,43.3591575622559,-8.39868354797363,"Unknown"
"7014855",371852,2025-08-08 22:02:34,43.3591728210449,-8.39876174926758,"Unknown"
"7014855",371852,2025-08-08 22:07:34,43.3591766357422,-8.39822483062744,"Unknown"
"7014855",371852,2025-08-08 22:12:34,43.3591461181641,-8.39829921722412,"Unknown"
"7014855",371852,2025-08-08 22:17:34,43.3590698242188,-8.39823341369629,"Unknown"
"7014855",371852,2025-08-08 22:22:36,43.3590202331543,-8.39825630187988,"Unknown"
"7014855",371852,2025-08-08 22:27:36,43.3591117858887,-8.39826774597168,"Unknown"
"7014855",371852,2025-08-08 22:32:36,43.3590393066406,-8.39969158172607,"Unknown"
"7014855",371852,2025-08-08 22:37:36,43.3589630126953,-8.39995193481445,"Unknown"
"7014855",371852,2025-08-08 22:42:33,43.3589820861816,-8.39970016479492,"Unknown"
"7014855",371852,2025-08-08 22:47:33,43.3589096069336,-8.39995861053467,"Unknown"
"7014855",371852,2025-08-08 22:52:39,43.3587341308594,-8.40003967285156,"Unknown"
"7014855",371852,2025-08-08 22:57:44,43.3587379455566,-8.39998435974121,"Unknown"
"7014855",371852,2025-08-08 23:02:34,43.3589668273926,-8.40019226074219,"Unknown"
"7014855",371852,2025-08-08 23:07:34,43.3593368530273,-8.40024280548096,"Unknown"
"7014855",371852,2025-08-08 23:12:33,43.359317779541,-8.40019130706787,"Unknown"
"7014855",371852,2025-08-08 23:17:34,43.3590812683105,-8.40023612976074,"Unknown"
"7014855",371852,2025-08-08 23:22:33,43.3592491149902,-8.40034198760986,"Unknown"
"7014855",371852,2025-08-08 23:27:33,43.3603019714355,-8.40125274658203,"Unknown"
"7014855",371852,2025-08-08 23:32:34,43.3596115112305,-8.40031814575195,"Unknown"
"7014855",371852,2025-08-08 23:37:39,43.3594627380371,-8.40017509460449,"Unknown"
"7014855",371852,2025-08-08 23:42:39,43.359375,-8.40016841888428,"Unknown"
"7014855",371852,2025-08-08 23:47:44,43.3596229553223,-8.40024471282959,"Unknown"
"7014855",371852,2025-08-08 23:52:43,43.3595314025879,-8.40022850036621,"Unknown"
"7014855",371852,2025-08-08 23:57:40,43.3590774536133,-8.40019798278809,"Unknown"
"7014855",371852,2025-08-09 00:02:39,43.3599662780762,-8.39998340606689,"Unknown"
"7014855",371852,2025-08-09 00:07:40,43.3597946166992,-8.40022945404053,"Unknown"
"7014855",371852,2025-08-09 00:12:34,43.3596343994141,-8.40015316009521,"Unknown"
"7014855",371852,2025-08-09 00:17:39,43.3598289489746,-8.40017604827881,"Unknown"
"7014855",371852,2025-08-09 00:22:38,43.3593406677246,-8.40019416809082,"Unknown"
"7014855",371852,2025-08-09 00:27:38,43.3588714599609,-8.40035724639893,"Unknown"
"7014855",371852,2025-08-09 00:32:37,43.3586349487305,-8.40043640136719,"Unknown"
"7014855",371852,2025-08-09 00:37:41,43.3591194152832,-8.40019989013672,"Unknown"
"7014855",371852,2025-08-09 00:42:37,43.3587608337402,-8.40012836456299,"Unknown"
"7014855",371852,2025-08-09 00:47:34,43.3586120605469,-8.40061378479004,"Unknown"
"7014855",371852,2025-08-09 00:52:37,43.3591804504395,-8.40037441253662,"Unknown"
"7014855",371852,2025-08-09 00:57:37,43.3589782714844,-8.40048122406006,"Unknown"
"7014855",371852,2025-08-09 01:02:36,43.358959197998,-8.40049457550049,"Unknown"
"7014855",371852,2025-08-09 01:07:39,43.358757019043,-8.40049839019775,"Unknown"
"7014855",371852,2025-08-09 01:12:36,43.3585929870605,-8.39997577667236,"Unknown"
"7014855",371852,2025-08-09 01:17:46,43.3586349487305,-8.39980792999268,"Unknown"
"7014855",371852,2025-08-09 01:22:42,43.3587341308594,-8.39956665039062,"Unknown"
"7014855",371852,2025-08-09 01:27:39,43.3587913513184,-8.39953804016113,"Unknown"
"7014855",371852,2025-08-09 01:32:40,43.3588027954102,-8.39924144744873,"Unknown"
"7014855",371852,2025-08-09 01:37:39,43.3588638305664,-8.39920806884766,"Unknown"
"7014855",371852,2025-08-09 01:42:33,43.3591461181641,-8.3986701965332,"Unknown"
"7014855",371852,2025-08-09 01:47:37,43.3590698242188,-8.39877510070801,"Unknown"
"7014855",371852,2025-08-09 01:52:40,43.3591537475586,-8.39876270294189,"Unknown"
"7014855",371852,2025-08-09 01:57:38,43.3590812683105,-8.39899826049805,"Unknown"
"7014855",371852,2025-08-09 02:02:39,43.3590965270996,-8.39899635314941,"Unknown"
"7014855",371852,2025-08-09 02:07:34,43.3591041564941,-8.39905834197998,"Unknown"
"7014855",371852,2025-08-09 02:12:34,43.3590965270996,-8.39914321899414,"Unknown"
"7014855",371852,2025-08-09 02:17:38,43.3591270446777,-8.39910125732422,"Unknown"
"7014855",371852,2025-08-09 02:22:38,43.3591270446777,-8.39911270141602,"Unknown"
"7014855",371852,2025-08-09 02:27:37,43.3591346740723,-8.3991584777832,"Unknown"
"7014855",371852,2025-08-09 02:32:39,43.3592071533203,-8.39912605285645,"Unknown"
"7014855",371852,2025-08-09 02:37:39,43.3592376708984,-8.39909934997559,"Unknown"
"7014855",371852,2025-08-09 02:42:39,43.3591346740723,-8.39961624145508,"Unknown"
"7014855",371852,2025-08-09 02:47:35,43.3594779968262,-8.39956855773926,"Unknown"
"7014855",371852,2025-08-09 02:52:34,43.3595237731934,-8.39967727661133,"Unknown"
"7014855",371852,2025-08-09 02:57:37,43.3592491149902,-8.3993558883667,"Unknown"
"7014855",371852,2025-08-09 03:02:36,43.3586387634277,-8.39862155914307,"Unknown"
"7014855",371852,2025-08-09 03:07:33,43.3595695495605,-8.39934158325195,"Unknown"
"7014855",371852,2025-08-09 03:12:33,43.3595924377441,-8.39933776855469,"Unknown"
"7014855",371852,2025-08-09 03:17:34,43.3599166870117,-8.39964962005615,"Unknown"
"7014855",371852,2025-08-09 03:22:34,43.359977722168,-8.39958572387695,"Unknown"
"7014855",371852,2025-08-09 03:27:35,43.3599395751953,-8.39960384368896,"Unknown"
"7014855",371852,2025-08-09 03:32:35,43.3599090576172,-8.39993000030518,"Unknown"
"7014855",371852,2025-08-09 03:37:34,43.3598518371582,-8.39972496032715,"Unknown"
"7014855",371852,2025-08-09 03:42:39,43.3598022460938,-8.39980411529541,"Unknown"
"7014855",371852,2025-08-09 03:47:34,43.3597831726074,-8.39991092681885,"Unknown"
"7014855",371852,2025-08-09 03:52:33,43.3599319458008,-8.40001201629639,"Unknown"
"7014855",371852,2025-08-09 03:57:33,43.3598251342773,-8.40020275115967,"Unknown"
"7014855",371852,2025-08-09 04:02:35,43.3596687316895,-8.40067481994629,"Unknown"
"7014855",371852,2025-08-09 04:07:37,43.359691619873,-8.40031623840332,"Unknown"
"7014855",371852,2025-08-09 04:12:39,43.3596305847168,-8.40030574798584,"Unknown"
"7014855",371852,2025-08-09 04:17:43,43.3596496582031,-8.4002799987793,"Unknown"
"7014855",371852,2025-08-09 04:22:34,43.3596382141113,-8.40035343170166,"Unknown"
"7014855",371852,2025-08-09 04:27:38,43.3595428466797,-8.40039443969727,"Unknown"
"7014855",371852,2025-08-09 04:32:39,43.3595695495605,-8.40030097961426,"Unknown"
"7014855",371852,2025-08-09 04:37:36,43.3595733642578,-8.40019130706787,"Unknown"
"7014855",371852,2025-08-09 04:42:37,43.3593864440918,-8.40022945404053,"Unknown"
"7014855",371852,2025-08-09 04:47:33,43.359432220459,-8.40042877197266,"Unknown"
"7014855",371852,2025-08-09 04:52:34,43.3595504760742,-8.40028762817383,"Unknown"
"7014855",371852,2025-08-09 04:57:34,43.3595085144043,-8.40042114257812,"Unknown"
"7014855",371852,2025-08-09 05:02:37,43.3593711853027,-8.40028381347656,"Unknown"
"7014855",371852,2025-08-09 05:07:34,43.359317779541,-8.4002685546875,"Unknown"
"7014855",371852,2025-08-09 05:12:36,43.3593902587891,-8.40034103393555,"Unknown"
"7014855",371852,2025-08-09 05:17:36,43.3593826293945,-8.40041542053223,"Unknown"
"7014855",371852,2025-08-09 05:22:34,43.3594207763672,-8.4003267288208,"Unknown"
"7014855",371852,2025-08-09 05:27:37,43.3594436645508,-8.40041923522949,"Unknown"
"7014855",371852,2025-08-09 05:32:35,43.3595657348633,-8.40039348602295,"Unknown"
"7014855",371852,2025-08-09 05:37:37,43.3590927124023,-8.40051078796387,"Unknown"
"7014855",371852,2025-08-09 05:42:39,43.3592414855957,-8.40048217773438,"Unknown"
"7014855",371852,2025-08-09 05:47:39,43.3593482971191,-8.40047264099121,"Unknown"
"7014855",371852,2025-08-09 05:52:39,43.3593597412109,-8.40058898925781,"Unknown"
"7014855",371852,2025-08-09 05:57:42,43.3594284057617,-8.40050601959229,"Unknown"
"7014855",371852,2025-08-09 06:02:39,43.3593711853027,-8.40049362182617,"Unknown"
"7014855",371852,2025-08-09 06:07:40,43.3592529296875,-8.40039443969727,"Unknown"
"7014855",371852,2025-08-09 06:12:34,43.3591728210449,-8.40025329589844,"Unknown"
"7014855",371852,2025-08-09 06:17:49,43.3591575622559,-8.39996147155762,"Unknown"
"7014855",371852,2025-08-09 06:22:33,43.3592338562012,-8.40034484863281,"Unknown"
"7014855",371852,2025-08-09 06:27:37,43.3591613769531,-8.40006828308105,"Unknown"
"7014855",371852,2025-08-09 06:32:42,43.359447479248,-8.40072345733643,"Unknown"
"7014855",371852,2025-08-09 06:37:42,43.3592109680176,-8.40065956115723,"Unknown"
"7014855",371852,2025-08-09 06:42:39,43.359130859375,-8.40071773529053,"Unknown"
"7014855",371852,2025-08-09 06:47:37,43.3593101501465,-8.40053653717041,"Unknown"
"7014855",371852,2025-08-09 06:52:38,43.359016418457,-8.39988613128662,"Unknown"
"7014855",371852,2025-08-09 06:57:40,43.3593101501465,-8.39978694915771,"Unknown"
"7014855",371852,2025-08-09 07:02:39,43.3588790893555,-8.40006160736084,"Unknown"
"7014855",371852,2025-08-09 07:07:39,43.3583450317383,-8.39910888671875,"Unknown"
"7014855",371852,2025-08-09 07:12:42,43.3589973449707,-8.40006828308105,"Unknown"
"7014855",371852,2025-08-09 07:17:40,43.3597755432129,-8.40006542205811,"Unknown"
"7014855",371852,2025-08-09 07:22:40,43.3590240478516,-8.40009307861328,"Unknown"
"7014855",371852,2025-08-09 07:27:39,43.3590049743652,-8.40022087097168,"Unknown"
"7014855",371852,2025-08-09 07:32:34,43.3590660095215,-8.40012645721436,"Unknown"
"7014855",371852,2025-08-09 07:37:36,43.359016418457,-8.39996528625488,"Unknown"
"7014855",371852,2025-08-09 07:42:39,43.3592910766602,-8.39996719360352,"Unknown"
"7014855",371852,2025-08-09 07:47:40,43.360782623291,-8.40459060668945,"Unknown"
"7014855",371852,2025-08-09 07:52:39,43.3750190734863,-8.42019081115723,"Unknown"
"7014855",371852,2025-08-09 07:57:39,43.3826789855957,-8.44594764709473,"Unknown"
"7014855",371852,2025-08-09 08:02:43,43.3826751708984,-8.44603729248047,"Unknown"
"7014855",371852,2025-08-09 08:07:39,43.3826141357422,-8.44595813751221,"Unknown"
"7014855",371852,2025-08-09 08:12:40,43.382495880127,-8.44612979888916,"Unknown"
"7014855",371852,2025-08-09 08:17:39,43.3823776245117,-8.44608879089355,"Unknown"
"7014855",371852,2025-08-09 08:22:34,43.3824996948242,-8.44610214233398,"Unknown"
"7014855",371852,2025-08-09 08:27:34,43.382152557373,-8.44653415679932,"Unknown"
"7014855",371852,2025-08-09 08:32:39,43.3818550109863,-8.44700241088867,"Unknown"
"7014855",371852,2025-08-09 08:37:39,43.3817901611328,-8.44710540771484,"Unknown"
"7014855",371852,2025-08-09 08:42:39,43.3818283081055,-8.44687175750732,"Unknown"
"7014855",371852,2025-08-09 08:47:39,43.3815689086914,-8.44737911224365,"Unknown"
"7014855",371852,2025-08-09 08:52:44,43.382511138916,-8.44847106933594,"Unknown"
"7014855",371852,2025-08-09 08:57:49,43.3814735412598,-8.44792938232422,"Unknown"
"7014855",371852,2025-08-09 09:02:42,43.3812599182129,-8.44840908050537,"Unknown"
"7014855",371852,2025-08-09 09:07:44,43.3812675476074,-8.44830799102783,"Unknown"
"7014855",371852,2025-08-09 09:12:51,43.3818321228027,-8.44704723358154,"Unknown"
"7014855",371852,2025-08-09 09:17:42,43.3827247619629,-8.44528770446777,"Unknown"
"7014855",371852,2025-08-09 09:22:41,43.3825607299805,-8.44685173034668,"Unknown"
"7014855",371852,2025-08-09 09:27:42,43.3827667236328,-8.44755935668945,"Unknown"
"7014855",371852,2025-08-09 09:32:39,43.3824996948242,-8.44641399383545,"Unknown"
"7014855",371852,2025-08-09 09:37:37,43.3823394775391,-8.4461555480957,"Unknown"
"7014855",371852,2025-08-09 09:42:38,43.382266998291,-8.44619941711426,"Unknown"
"7014855",371852,2025-08-09 09:47:36,43.3823394775391,-8.44601154327393,"Unknown"
"7014855",371852,2025-08-09 09:52:34,43.3823432922363,-8.44600582122803,"Unknown"
"7014855",371852,2025-08-09 09:57:34,43.3823585510254,-8.44601535797119,"Unknown"
"7014855",371852,2025-08-09 10:02:34,43.3823318481445,-8.44607543945312,"Unknown"
"7014855",371852,2025-08-09 10:07:34,43.3823471069336,-8.44600772857666,"Unknown"
"7014855",371852,2025-08-09 10:12:34,43.3822898864746,-8.44609260559082,"Unknown"
"7014855",371852,2025-08-09 10:17:34,43.3822860717773,-8.44614315032959,"Unknown"
"7014855",371852,2025-08-09 10:22:34,43.3823699951172,-8.44597434997559,"Unknown"
"7014855",371852,2025-08-09 10:27:34,43.3823776245117,-8.44596767425537,"Unknown"
"7014855",371852,2025-08-09 10:32:37,43.3824005126953,-8.44589805603027,"Unknown"
"7014855",371852,2025-08-09 10:37:34,43.3824501037598,-8.44579219818115,"Unknown"
"7014855",371852,2025-08-09 10:42:42,43.3824501037598,-8.4458703994751,"Unknown"
"7014855",371852,2025-08-09 10:47:39,43.3824653625488,-8.44579219818115,"Unknown"
"7014855",371852,2025-08-09 10:52:39,43.3824005126953,-8.44583606719971,"Unknown"
"7014855",371852,2025-08-09 10:57:39,43.3823928833008,-8.44585227966309,"Unknown"
"7014855",371852,2025-08-09 11:02:41,43.3823204040527,-8.44593334197998,"Unknown"
"7014855",371852,2025-08-09 11:07:41,43.3822746276855,-8.4460506439209,"Unknown"
"7014855",371852,2025-08-09 11:12:39,43.3822631835938,-8.44611930847168,"Unknown"
"7014855",371852,2025-08-09 11:17:41,43.3822288513184,-8.44618320465088,"Unknown"
"7014855",371852,2025-08-09 11:22:41,43.3822937011719,-8.44613838195801,"Unknown"
"7014855",371852,2025-08-09 11:27:38,43.3822860717773,-8.44589614868164,"Unknown"
"7014855",371852,2025-08-09 11:32:38,43.3823013305664,-8.44594860076904,"Unknown"
"7014855",371852,2025-08-09 11:37:37,43.3823089599609,-8.44599914550781,"Unknown"
"7014855",371852,2025-08-09 11:42:36,43.3822288513184,-8.44610404968262,"Unknown"
"7014855",371852,2025-08-09 11:47:37,43.3820724487305,-8.44620418548584,"Unknown"
"7014855",371852,2025-08-09 11:52:36,43.3822135925293,-8.44592761993408,"Unknown"
"7014855",371852,2025-08-09 11:57:36,43.3823127746582,-8.44596290588379,"Unknown"
"7014855",371852,2025-08-09 12:02:37,43.3820037841797,-8.44600009918213,"Unknown"
"7014855",371852,2025-08-09 12:07:36,43.3820533752441,-8.44613170623779,"Unknown"
"7014855",371852,2025-08-09 12:12:37,43.3818969726562,-8.4457893371582,"Unknown"
"7014855",371852,2025-08-09 12:17:37,43.3819885253906,-8.44592666625977,"Unknown"
"7014855",371852,2025-08-09 12:22:37,43.3818893432617,-8.44571971893311,"Unknown"
"7014855",371852,2025-08-09 12:27:38,43.3819122314453,-8.44574069976807,"Unknown"
"7014855",371852,2025-08-09 12:32:35,43.3818054199219,-8.44536209106445,"Unknown"
"7014855",371852,2025-08-09 12:37:47,43.3833961486816,-8.44570541381836,"Unknown"
"7014855",371852,2025-08-09 12:42:39,43.3787155151367,-8.44498443603516,"Unknown"
"7014855",371852,2025-08-09 12:47:40,43.3703079223633,-8.45193481445312,"Unknown"
"7014855",371852,2025-08-09 12:53:06,43.3708381652832,-8.45261669158936,"Unknown"
"7014855",371852,2025-08-09 12:57:33,43.3708839416504,-8.45251369476318,"Unknown"
"7014855",371852,2025-08-09 13:02:36,43.3708915710449,-8.4525089263916,"Unknown"
"7014855",371852,2025-08-09 13:07:38,43.3707847595215,-8.45254993438721,"Unknown"
"7014855",371852,2025-08-09 13:12:35,43.3710899353027,-8.45293045043945,"Unknown"
"7014855",371852,2025-08-09 13:17:38,43.370735168457,-8.45223808288574,"Unknown"
"7014855",371852,2025-08-09 13:22:36,43.3707160949707,-8.45225715637207,"Unknown"
"7014855",371852,2025-08-09 13:27:51,43.3705215454102,-8.45229625701904,"Unknown"
"7014855",371852,2025-08-09 13:32:38,43.37060546875,-8.45223331451416,"Unknown"
"7014855",371852,2025-08-09 13:37:38,43.370662689209,-8.45230770111084,"Unknown"
"7014855",371852,2025-08-09 13:43:35,43.3705444335938,-8.4522705078125,"Unknown"
"7014855",371852,2025-08-09 13:47:39,43.3705596923828,-8.4522008895874,"Unknown"
"7014855",371852,2025-08-09 13:52:37,43.3705406188965,-8.45221138000488,"Unknown"
"7014855",371852,2025-08-09 13:57:37,43.3705520629883,-8.45221328735352,"Unknown"
"7014855",371852,2025-08-09 14:02:39,43.3704833984375,-8.45219135284424,"Unknown"
"7014855",371852,2025-08-09 14:08:13,43.3707084655762,-8.45214653015137,"Unknown"
"7014855",371852,2025-08-09 14:12:44,43.370777130127,-8.45203399658203,"Unknown"
"7014855",371852,2025-08-09 14:17:37,43.370735168457,-8.45205211639404,"Unknown"
"7014855",371852,2025-08-09 14:22:33,43.3710174560547,-8.45199680328369,"Unknown"
"7014855",371852,2025-08-09 14:27:34,43.3710670471191,-8.45182991027832,"Unknown"
"7014855",371852,2025-08-09 14:32:33,43.3710632324219,-8.45208358764648,"Unknown"
"7014855",371852,2025-08-09 14:37:37,43.3710327148438,-8.45196342468262,"Unknown"
"7014855",371852,2025-08-09 14:42:35,43.3710517883301,-8.45203399658203,"Unknown"
"7014855",371852,2025-08-09 14:47:35,43.3710403442383,-8.45191383361816,"Unknown"
"7014855",371852,2025-08-09 14:52:41,43.3710517883301,-8.45197486877441,"Unknown"
"7014855",371852,2025-08-09 14:57:43,43.370849609375,-8.45232105255127,"Unknown"
"7014855",371852,2025-08-09 15:02:37,43.3708763122559,-8.4522066116333,"Unknown"
"7014855",371852,2025-08-09 15:07:36,43.3708457946777,-8.45213890075684,"Unknown"
"7014855",371852,2025-08-09 15:12:35,43.3708610534668,-8.45215702056885,"Unknown"
"7014855",371852,2025-08-09 15:17:34,43.3709030151367,-8.4521427154541,"Unknown"
"7014855",371852,2025-08-09 15:22:40,43.3709297180176,-8.45237350463867,"Unknown"
"7014855",371852,2025-08-09 15:27:38,43.3711700439453,-8.45213508605957,"Unknown"
"7014855",371852,2025-08-09 15:32:34,43.3711891174316,-8.45209884643555,"Unknown"
"7014855",371852,2025-08-09 15:37:36,43.3722152709961,-8.45273017883301,"Unknown"
"7014855",371852,2025-08-09 15:42:48,43.3710060119629,-8.45240306854248,"Unknown"
"7014855",371852,2025-08-09 15:47:41,43.3712844848633,-8.45198249816895,"Unknown"
"7014855",371852,2025-08-09 15:53:05,43.3713073730469,-8.4527063369751,"Unknown"
"7014855",371852,2025-08-09 15:57:44,43.3712539672852,-8.45218658447266,"Unknown"
"7014855",371852,2025-08-09 16:03:19,43.370922088623,-8.4524974822998,"Unknown"
"7014855",371852,2025-08-09 16:08:02,43.3711128234863,-8.45238399505615,"Unknown"
"7014855",371852,2025-08-09 16:13:14,43.371265411377,-8.45224666595459,"Unknown"
"7014855",371852,2025-08-09 16:17:39,43.3712425231934,-8.45226860046387,"Unknown"
"7014855",371852,2025-08-09 16:22:36,43.3712348937988,-8.45213985443115,"Unknown"
"7014855",371852,2025-08-09 16:27:39,43.3712730407715,-8.45217895507812,"Unknown"
"7014855",371852,2025-08-09 16:32:36,43.3712577819824,-8.45216655731201,"Unknown"
"7014855",371852,2025-08-09 16:37:34,43.3709678649902,-8.45247077941895,"Unknown"
"7014855",371852,2025-08-09 16:42:37,43.3710632324219,-8.45237731933594,"Unknown"
"7014855",371852,2025-08-09 16:47:34,43.3652458190918,-8.46015930175781,"Unknown"
"7014855",371852,2025-08-09 16:53:26,43.3544235229492,-8.45816993713379,"Unknown"
"7014855",371852,2025-08-09 16:57:36,43.3565368652344,-8.45813083648682,"Unknown"
"7014855",371852,2025-08-09 17:02:34,43.3569183349609,-8.45696258544922,"Unknown"
"7014855",371852,2025-08-09 17:07:36,43.3572769165039,-8.45848178863525,"Unknown"
"7014855",371852,2025-08-09 17:12:34,43.3637619018555,-8.45967960357666,"Unknown"
"7014855",371852,2025-08-09 17:17:35,43.37060546875,-8.45761013031006,"Unknown"
"7014855",371852,2025-08-09 17:22:35,43.3708724975586,-8.4523754119873,"Unknown"
"7014855",371852,2025-08-09 17:27:37,43.3708076477051,-8.45236015319824,"Unknown"
"7014855",371852,2025-08-09 17:32:36,43.370849609375,-8.452392578125,"Unknown"
"7014855",371852,2025-08-09 17:37:36,43.3716087341309,-8.45242118835449,"Unknown"
"7014855",371852,2025-08-09 17:42:40,43.371208190918,-8.45241546630859,"Unknown"
"7014855",371852,2025-08-09 17:47:39,43.3695831298828,-8.45438098907471,"Unknown"
"7014855",371852,2025-08-09 17:52:42,43.3571014404297,-8.45726203918457,"Unknown"
"7014855",371852,2025-08-09 17:57:42,43.3569602966309,-8.45734882354736,"Unknown"
"7014855",371852,2025-08-09 18:02:37,43.3554573059082,-8.45674514770508,"Unknown"
"7014855",371852,2025-08-09 18:07:37,43.3564376831055,-8.45733451843262,"Unknown"
"7014855",371852,2025-08-09 18:12:56,43.3564453125,-8.45692825317383,"Unknown"
"7014855",371852,2025-08-09 18:17:42,43.3546752929688,-8.45847129821777,"Unknown"
"7014855",371852,2025-08-09 18:22:34,43.3546371459961,-8.45889949798584,"Unknown"
"7014855",371852,2025-08-09 18:27:35,43.3546981811523,-8.45892524719238,"Unknown"
"7014855",371852,2025-08-09 18:32:36,43.3563842773438,-8.4575719833374,"Unknown"
"7014855",371852,2025-08-09 18:37:48,43.3560905456543,-8.45636081695557,"Unknown"
"7014855",371852,2025-08-09 18:42:40,43.3567352294922,-8.45731449127197,"Unknown"
"7014855",371852,2025-08-09 18:47:36,43.3565406799316,-8.45772933959961,"Unknown"
"7014855",371852,2025-08-09 18:52:35,43.3541259765625,-8.45831394195557,"Unknown"
"7014855",371852,2025-08-09 18:57:34,43.3549652099609,-8.45896816253662,"Unknown"
"7014855",371852,2025-08-09 19:02:34,43.3568267822266,-8.45847225189209,"Unknown"
"7014855",371852,2025-08-09 19:07:34,43.3697052001953,-8.45517539978027,"Unknown"
"7014855",371852,2025-08-09 19:12:35,43.3825569152832,-8.43517780303955,"Unknown"
"7014855",371852,2025-08-09 19:17:37,43.3797798156738,-8.43288803100586,"Unknown"
"7014855",371852,2025-08-09 19:22:34,43.3796577453613,-8.43271923065186,"Unknown"
"7014855",371852,2025-08-09 19:27:35,43.3796768188477,-8.43262577056885,"Unknown"
"7014855",371852,2025-08-09 19:32:37,43.3796157836914,-8.43264961242676,"Unknown"
"7014855",371852,2025-08-09 19:37:38,43.3798065185547,-8.4326171875,"Unknown"
"7014855",371852,2025-08-09 19:42:38,43.3796195983887,-8.4326343536377,"Unknown"
"7014855",371852,2025-08-09 19:47:34,43.3754081726074,-8.42174625396729,"Unknown"
"7014855",371852,2025-08-09 19:52:34,43.3662185668945,-8.4018611907959,"Unknown"
"7014855",371852,2025-08-09 19:57:36,43.3659744262695,-8.40179634094238,"Unknown"
"7014855",371852,2025-08-09 20:02:38,43.3661689758301,-8.40169239044189,"Unknown"
"7014855",371852,2025-08-09 20:07:36,43.3629608154297,-8.39640045166016,"Unknown"
"7014855",371852,2025-08-09 20:12:37,43.3630256652832,-8.39640045166016,"Unknown"
"7014855",371852,2025-08-09 20:17:35,43.3630104064941,-8.39643287658691,"Unknown"
"7014855",371852,2025-08-09 20:22:43,43.3630027770996,-8.3964376449585,"Unknown"
"7014855",371852,2025-08-09 20:27:38,43.3629837036133,-8.39648532867432,"Unknown"
"7014855",371852,2025-08-09 20:32:36,43.3630447387695,-8.3964958190918,"Unknown"
"7014855",371852,2025-08-09 20:37:36,43.3630599975586,-8.39659690856934,"Unknown"
"7014855",371852,2025-08-09 20:42:36,43.3632125854492,-8.39656257629395,"Unknown"
"7014855",371852,2025-08-09 20:47:41,43.3631324768066,-8.39656734466553,"Unknown"
"7014855",371852,2025-08-09 20:52:35,43.3631019592285,-8.39663600921631,"Unknown"
"7014855",371852,2025-08-09 20:57:35,43.3629684448242,-8.39656639099121,"Unknown"
"7014855",371852,2025-08-09 21:02:36,43.3631401062012,-8.39678955078125,"Unknown"
"7014855",371852,2025-08-09 21:07:37,43.3628807067871,-8.3969898223877,"Unknown"
"7014855",371852,2025-08-09 21:12:44,43.3628616333008,-8.39696025848389,"Unknown"
"7014855",371852,2025-08-09 21:17:37,43.3628921508789,-8.39698123931885,"Unknown"
"7014855",371852,2025-08-09 21:22:39,43.3635330200195,-8.39678573608398,"Unknown"
"7014855",371852,2025-08-09 21:27:35,43.3632583618164,-8.396728515625,"Unknown"
"7014855",371852,2025-08-09 21:32:40,43.3632316589355,-8.39682006835938,"Unknown"
"7014855",371852,2025-08-09 21:37:36,43.3633079528809,-8.39664936065674,"Unknown"
"7014855",371852,2025-08-09 21:42:38,43.3631324768066,-8.39671516418457,"Unknown"
"7014855",371852,2025-08-09 21:47:41,43.3631057739258,-8.396803855896,"Unknown"
"7014855",371852,2025-08-09 21:52:36,43.3633728027344,-8.39620304107666,"Unknown"
"7014855",371852,2025-08-09 21:57:42,43.3633117675781,-8.39693355560303,"Unknown"
"7014855",371852,2025-08-09 22:02:40,43.3633575439453,-8.39674472808838,"Unknown"
"7014855",371852,2025-08-09 22:07:41,43.3631362915039,-8.39678382873535,"Unknown"
"7014855",371852,2025-08-09 22:12:40,43.3635940551758,-8.39614391326904,"Unknown"
"7014855",371852,2025-08-09 22:17:40,43.3631858825684,-8.39704990386963,"Unknown"
"7014855",371852,2025-08-09 22:22:39,43.3630828857422,-8.39749431610107,"Unknown"
"7014855",371852,2025-08-09 22:27:40,43.3632164001465,-8.39713096618652,"Unknown"
"7014855",371852,2025-08-09 22:32:39,43.3634872436523,-8.39626884460449,"Unknown"
"7014855",371852,2025-08-09 22:37:41,43.3632164001465,-8.39638328552246,"Unknown"
"7014855",371852,2025-08-09 22:42:40,43.3633613586426,-8.39617252349854,"Unknown"
"7014855",371852,2025-08-09 22:47:41,43.3632202148438,-8.39681434631348,"Unknown"
"7014855",371852,2025-08-09 22:52:41,43.3632583618164,-8.39686584472656,"Unknown"
"7014855",371852,2025-08-09 22:57:45,43.3630142211914,-8.39668464660645,"Unknown"
"7014855",371852,2025-08-09 23:02:39,43.3630485534668,-8.39652633666992,"Unknown"
"7014855",371852,2025-08-09 23:07:37,43.3633041381836,-8.39626121520996,"Unknown"
"7014855",371852,2025-08-09 23:12:39,43.3634300231934,-8.39570999145508,"Unknown"
"7014855",371852,2025-08-09 23:17:39,43.3633270263672,-8.39630031585693,"Unknown"
"7014855",371852,2025-08-09 23:22:40,43.363166809082,-8.39691925048828,"Unknown"
"7014855",371852,2025-08-09 23:27:38,43.3632316589355,-8.39630508422852,"Unknown"
"7014855",371852,2025-08-09 23:32:40,43.3630332946777,-8.39683055877686,"Unknown"
"7014855",371852,2025-08-09 23:37:42,43.3632736206055,-8.39637470245361,"Unknown"
"7014855",371852,2025-08-09 23:42:42,43.3628730773926,-8.39694690704346,"Unknown"
"7014855",371852,2025-08-09 23:47:43,43.3629035949707,-8.39671325683594,"Unknown"
"7014855",371852,2025-08-09 23:52:44,43.3628921508789,-8.39667415618896,"Unknown"
"7014855",371852,2025-08-09 23:57:50,43.3629188537598,-8.39682197570801,"Unknown"
"7014855",371852,2025-08-10 00:02:47,43.3628425598145,-8.39692211151123,"Unknown"
"7014855",371852,2025-08-10 00:07:44,43.3630142211914,-8.39680862426758,"Unknown"
"7014855",371852,2025-08-10 00:12:46,43.3625869750977,-8.39710903167725,"Unknown"
"7014855",371852,2025-08-10 00:18:05,43.3627471923828,-8.39689159393311,"Unknown"
"7014855",371852,2025-08-10 00:22:37,43.3628730773926,-8.39682388305664,"Unknown"
"7014855",371852,2025-08-10 00:27:34,43.3590316772461,-8.40112400054932,"Unknown"
"7014855",371852,2025-08-10 00:32:44,43.3591232299805,-8.40038967132568,"Unknown"
"7014855",371852,2025-08-10 00:37:48,43.3592910766602,-8.40013122558594,"Unknown"
"7014855",371852,2025-08-10 00:42:41,43.3592720031738,-8.40018939971924,"Unknown"
"7014855",371852,2025-08-10 00:47:42,43.3592758178711,-8.40018081665039,"Unknown"
"7014855",371852,2025-08-10 00:52:41,43.3591766357422,-8.40017795562744,"Unknown"
"7014855",371852,2025-08-10 00:57:41,43.359188079834,-8.40017127990723,"Unknown"
"7014855",371852,2025-08-10 01:02:47,43.3592796325684,-8.40028953552246,"Unknown"
"7014855",371852,2025-08-10 01:07:42,43.359375,-8.4002103805542,"Unknown"
"7014855",371852,2025-08-10 01:12:45,43.3590774536133,-8.40029430389404,"Unknown"
"7014855",371852,2025-08-10 01:17:45,43.3590698242188,-8.40032482147217,"Unknown"
"7014855",371852,2025-08-10 01:22:47,43.3591499328613,-8.40022563934326,"Unknown"
"7014855",371852,2025-08-10 01:28:05,43.3590240478516,-8.40023231506348,"Unknown"
"7014855",371852,2025-08-10 01:32:34,43.3591384887695,-8.39893627166748,"Unknown"
"7014855",371852,2025-08-10 01:37:35,43.3591003417969,-8.39924335479736,"Unknown"
"7014855",371852,2025-08-10 01:42:34,43.3590431213379,-8.39915943145752,"Unknown"
"7014855",371852,2025-08-10 01:47:36,43.3590812683105,-8.39912700653076,"Unknown"
"7014855",371852,2025-08-10 01:52:36,43.3591270446777,-8.39914989471436,"Unknown"
"7014855",371852,2025-08-10 01:57:36,43.3590545654297,-8.39912700653076,"Unknown"
"7014855",371852,2025-08-10 02:02:34,43.3590278625488,-8.39912033081055,"Unknown"
"7014855",371852,2025-08-10 02:07:36,43.3591423034668,-8.39910793304443,"Unknown"
"7014855",371852,2025-08-10 02:12:36,43.3591041564941,-8.39922523498535,"Unknown"
"7014855",371852,2025-08-10 02:17:39,43.358959197998,-8.39949893951416,"Unknown"
"7014855",371852,2025-08-10 02:22:35,43.3591690063477,-8.39923477172852,"Unknown"
"7014855",371852,2025-08-10 02:27:36,43.3591270446777,-8.39928436279297,"Unknown"
"7014855",371852,2025-08-10 02:32:34,43.3591423034668,-8.39921855926514,"Unknown"
"7014855",371852,2025-08-10 02:37:35,43.3590774536133,-8.39926624298096,"Unknown"
"7014855",371852,2025-08-10 02:42:37,43.3590888977051,-8.39934158325195,"Unknown"
"7014855",371852,2025-08-10 02:47:34,43.3590965270996,-8.39945507049561,"Unknown"
"7014855",371852,2025-08-10 02:52:37,43.3591194152832,-8.39944839477539,"Unknown"
"7014855",371852,2025-08-10 02:57:39,43.3591461181641,-8.39942932128906,"Unknown"
"7014855",371852,2025-08-10 03:02:36,43.359317779541,-8.39949226379395,"Unknown"
"7014855",371852,2025-08-10 03:07:41,43.3598442077637,-8.40064239501953,"Unknown"
"7014855",371852,2025-08-10 03:12:51,43.3593635559082,-8.39972114562988,"Unknown"
"7014855",371852,2025-08-10 03:17:38,43.3597564697266,-8.4005708694458,"Unknown"
"7014855",371852,2025-08-10 03:22:39,43.359676361084,-8.40060234069824,"Unknown"
"7014855",371852,2025-08-10 03:27:42,43.3597030639648,-8.40101337432861,"Unknown"
"7014855",371852,2025-08-10 03:32:37,43.3591651916504,-8.39947509765625,"Unknown"
"7014855",371852,2025-08-10 03:37:39,43.3595237731934,-8.40053558349609,"Unknown"
"7014855",371852,2025-08-10 03:42:39,43.3593711853027,-8.40046215057373,"Unknown"
"7014855",371852,2025-08-10 03:47:40,43.3595581054688,-8.4006175994873,"Unknown"
"7014855",371852,2025-08-10 03:52:39,43.3594360351562,-8.40052318572998,"Unknown"
"7014855",371852,2025-08-10 03:57:36,43.3595504760742,-8.40060997009277,"Unknown"
"7014855",371852,2025-08-10 04:03:05,43.359130859375,-8.39945793151855,"Unknown"
"7014855",371852,2025-08-10 04:07:34,43.3591194152832,-8.39924335479736,"Unknown"
"7014855",371852,2025-08-10 04:12:33,43.3591270446777,-8.39927673339844,"Unknown"
"7014855",371852,2025-08-10 04:17:34,43.3591232299805,-8.39916038513184,"Unknown"
"7014855",371852,2025-08-10 04:22:35,43.3591270446777,-8.39912796020508,"Unknown"
"7014855",371852,2025-08-10 04:27:34,43.3591461181641,-8.3991870880127,"Unknown"
"7014855",371852,2025-08-10 04:32:34,43.3591766357422,-8.3992977142334,"Unknown"
"7014855",371852,2025-08-10 04:37:37,43.3591728210449,-8.39926338195801,"Unknown"
"7014855",371852,2025-08-10 04:42:37,43.359058380127,-8.39927864074707,"Unknown"
"7014855",371852,2025-08-10 04:47:34,43.3590202331543,-8.39926433563232,"Unknown"
"7014855",371852,2025-08-10 04:52:33,43.3590431213379,-8.39934730529785,"Unknown"
"7014855",371852,2025-08-10 04:57:36,43.3592262268066,-8.39937496185303,"Unknown"
"7014855",371852,2025-08-10 05:02:36,43.3590049743652,-8.39928817749023,"Unknown"
"7014855",371852,2025-08-10 05:07:39,43.3593254089355,-8.39911651611328,"Unknown"
"7014855",371852,2025-08-10 05:12:37,43.3592300415039,-8.39923095703125,"Unknown"
"7014855",371852,2025-08-10 05:17:34,43.3591461181641,-8.39934921264648,"Unknown"
"7014855",371852,2025-08-10 05:22:36,43.363151550293,-8.40619087219238,"Unknown"
"7014855",371852,2025-08-10 05:27:36,43.3630676269531,-8.40622997283936,"Unknown"
"7014855",371852,2025-08-10 05:32:34,43.3680114746094,-8.41439247131348,"Unknown"
"7014855",371852,2025-08-10 05:37:38,43.3681564331055,-8.42061710357666,"Unknown"
"7014855",371852,2025-08-10 05:42:36,43.3691024780273,-8.42054748535156,"Unknown"
"7014855",371852,2025-08-10 05:47:37,43.3686408996582,-8.43458938598633,"Unknown"
"7014855",371852,2025-08-10 05:52:43,43.360050201416,-8.45709800720215,"Unknown"
"7014855",371852,2025-08-10 05:57:35,43.3560943603516,-8.45700931549072,"Unknown"
"7014855",371852,2025-08-10 06:02:34,43.3560485839844,-8.4569730758667,"Unknown"
"7014855",371852,2025-08-10 06:07:36,43.3555068969727,-8.45678520202637,"Unknown"
"7014855",371852,2025-08-10 06:12:36,43.3539924621582,-8.4573917388916,"Unknown"
"7014855",371852,2025-08-10 06:17:44,43.3545570373535,-8.4576301574707,"Unknown"
"7014855",371852,2025-08-10 06:22:37,43.3543663024902,-8.45746326446533,"Unknown"
"7014855",371852,2025-08-10 06:27:44,43.3553924560547,-8.45680809020996,"Unknown"
"7014855",371852,2025-08-10 06:32:38,43.3543930053711,-8.45849609375,"Unknown"
"7014855",371852,2025-08-10 06:37:37,43.3544044494629,-8.45851802825928,"Unknown"
"7014855",371852,2025-08-10 06:42:39,43.354175567627,-8.45820140838623,"Unknown"
"7014855",371852,2025-08-10 06:47:44,43.3544082641602,-8.45826148986816,"Unknown"
"7014855",371852,2025-08-10 06:52:35,43.3545799255371,-8.45805168151855,"Unknown"
"7014855",371852,2025-08-10 06:57:36,43.354362487793,-8.45843601226807,"Unknown"
"7014855",371852,2025-08-10 07:02:40,43.3544044494629,-8.45834541320801,"Unknown"
"7014855",371852,2025-08-10 07:07:34,43.3562469482422,-8.4570369720459,"Unknown"
"7014855",371852,2025-08-10 07:12:36,43.3560333251953,-8.45701217651367,"Unknown"
"7014855",371852,2025-08-10 07:17:37,43.356128692627,-8.45698642730713,"Unknown"
"7014855",371852,2025-08-10 07:22:38,43.3555526733398,-8.45687103271484,"Unknown"
"7014855",371852,2025-08-10 07:27:44,43.3563957214355,-8.45723438262939,"Unknown"
"7014855",371852,2025-08-10 07:32:47,43.3563652038574,-8.45706653594971,"Unknown"
"7014855",371852,2025-08-10 07:37:46,43.3562202453613,-8.45641136169434,"Unknown"
"7014855",371852,2025-08-10 07:42:44,43.3564567565918,-8.45700645446777,"Unknown"
"7014855",371852,2025-08-10 07:47:35,43.3539695739746,-8.45741176605225,"Unknown"
"7014855",371852,2025-08-10 07:52:44,43.3542976379395,-8.4583215713501,"Unknown"
"7014855",371852,2025-08-10 07:57:34,43.3526000976562,-8.45544242858887,"Unknown"
"7014855",371852,2025-08-10 08:02:44,43.3565788269043,-8.45686149597168,"Unknown"
"7014855",371852,2025-08-10 08:08:29,43.3708686828613,-8.45247077941895,"Unknown"
"7014855",371852,2025-08-10 08:12:34,43.3708839416504,-8.45244598388672,"Unknown"
"7014855",371852,2025-08-10 08:17:37,43.3708801269531,-8.45248031616211,"Unknown"
"7014855",371852,2025-08-10 08:22:36,43.3709945678711,-8.4525728225708,"Unknown"
"7014855",371852,2025-08-10 08:27:38,43.3709602355957,-8.45252990722656,"Unknown"
"7014855",371852,2025-08-10 08:32:39,43.3709373474121,-8.45259094238281,"Unknown"
"7014855",371852,2025-08-10 08:37:39,43.3710556030273,-8.45248603820801,"Unknown"
"7014855",371852,2025-08-10 08:42:39,43.3709030151367,-8.45257949829102,"Unknown"
"7014855",371852,2025-08-10 08:47:40,43.3709945678711,-8.45254707336426,"Unknown"
"7014855",371852,2025-08-10 08:52:40,43.3712310791016,-8.45251750946045,"Unknown"
"7014855",371852,2025-08-10 08:57:39,43.3707580566406,-8.45248889923096,"Unknown"
"7014855",371852,2025-08-10 09:02:39,43.3706665039062,-8.45253467559814,"Unknown"
"7014855",371852,2025-08-10 09:08:05,43.3709907531738,-8.45260429382324,"Unknown"
"7014855",371852,2025-08-10 09:12:36,43.3710556030273,-8.45258808135986,"Unknown"
"7014855",371852,2025-08-10 09:17:34,43.3710403442383,-8.45265769958496,"Unknown"
"7014855",371852,2025-08-10 09:22:34,43.37109375,-8.45263385772705,"Unknown"
"7014855",371852,2025-08-10 09:27:40,43.3705215454102,-8.4529275894165,"Unknown"
"7014855",371852,2025-08-10 09:32:40,43.3704452514648,-8.45282649993896,"Unknown"
"7014855",371852,2025-08-10 09:37:41,43.3703193664551,-8.45385265350342,"Unknown"
"7014855",371852,2025-08-10 09:42:39,43.3750343322754,-8.44830131530762,"Unknown"
"7014855",371852,2025-08-10 09:47:35,43.3748512268066,-8.44810485839844,"Unknown"
"7014855",371852,2025-08-10 09:52:39,43.3749732971191,-8.44827842712402,"Unknown"
"7014855",371852,2025-08-10 09:57:39,43.3749160766602,-8.44841194152832,"Unknown"
"7014855",371852,2025-08-10 10:02:36,43.375072479248,-8.448073387146,"Unknown"
"7014855",371852,2025-08-10 10:07:39,43.3748970031738,-8.44802284240723,"Unknown"
"7014855",371852,2025-08-10 10:12:36,43.3748626708984,-8.44804859161377,"Unknown"
"7014855",371852,2025-08-10 10:17:34,43.3765640258789,-8.45031547546387,"Unknown"
"7014855",371852,2025-08-10 10:22:42,43.376708984375,-8.45082378387451,"Unknown"
"7014855",371852,2025-08-10 10:27:41,43.376636505127,-8.45056629180908,"Unknown"
"7014855",371852,2025-08-10 10:32:37,43.3746185302734,-8.44810104370117,"Unknown"
"7014855",371852,2025-08-10 10:37:41,43.3746566772461,-8.44800186157227,"Unknown"
"7014855",371852,2025-08-10 10:42:39,43.3744735717773,-8.44791793823242,"Unknown"
"7014855",371852,2025-08-10 10:47:41,43.3745994567871,-8.44796085357666,"Unknown"
"7014855",371852,2025-08-10 10:52:39,43.3747634887695,-8.44796752929688,"Unknown"
"7014855",371852,2025-08-10 10:57:35,43.3750915527344,-8.44905281066895,"Unknown"
"7014855",371852,2025-08-10 11:02:43,43.3770217895508,-8.45136070251465,"Unknown"
"7014855",371852,2025-08-10 11:08:02,43.3772163391113,-8.45152759552002,"Unknown"
"7014855",371852,2025-08-10 11:12:42,43.3773460388184,-8.45159816741943,"Unknown"
"7014855",371852,2025-08-10 11:17:42,43.3774147033691,-8.45155143737793,"Unknown"
"7014855",371852,2025-08-10 11:22:39,43.3773002624512,-8.45156097412109,"Unknown"
"7014855",371852,2025-08-10 11:27:39,43.377513885498,-8.45146465301514,"Unknown"
"7014855",371852,2025-08-10 11:32:40,43.3774681091309,-8.45151424407959,"Unknown"
"7014855",371852,2025-08-10 11:37:40,43.3772773742676,-8.45152187347412,"Unknown"
"7014855",371852,2025-08-10 11:42:40,43.3767509460449,-8.451735496521,"Unknown"
"7014855",371852,2025-08-10 11:47:38,43.377010345459,-8.45161533355713,"Unknown"
"7014855",371852,2025-08-10 11:52:38,43.3769264221191,-8.45165061950684,"Unknown"
"7014855",371852,2025-08-10 11:57:35,43.3767547607422,-8.45280361175537,"Unknown"
"7014855",371852,2025-08-10 12:02:40,43.3773231506348,-8.45230865478516,"Unknown"
"7014855",371852,2025-08-10 12:08:14,43.3756980895996,-8.45237636566162,"Unknown"
"7014855",371852,2025-08-10 12:12:36,43.3703231811523,-8.45233058929443,"Unknown"
"7014855",371852,2025-08-10 12:17:41,43.3702278137207,-8.45232105255127,"Unknown"
"7014855",371852,2025-08-10 12:22:34,43.3702163696289,-8.45244026184082,"Unknown"
"7014855",371852,2025-08-10 12:27:38,43.3702087402344,-8.45247840881348,"Unknown"
"7014855",371852,2025-08-10 12:32:36,43.3700332641602,-8.45246601104736,"Unknown"
"7014855",371852,2025-08-10 12:37:36,43.3703346252441,-8.4524393081665,"Unknown"
"7014855",371852,2025-08-10 12:42:37,43.3703231811523,-8.4525032043457,"Unknown"
"7014855",371852,2025-08-10 12:47:41,43.3704109191895,-8.45254325866699,"Unknown"
"7014855",371852,2025-08-10 12:52:51,43.3706207275391,-8.45259571075439,"Unknown"
"7014855",371852,2025-08-10 12:57:39,43.3709449768066,-8.45273208618164,"Unknown"
"7014855",371852,2025-08-10 13:02:39,43.3709716796875,-8.45281982421875,"Unknown"
"7014855",371852,2025-08-10 13:07:41,43.3709373474121,-8.45289325714111,"Unknown"
"7014855",371852,2025-08-10 13:12:40,43.3709144592285,-8.45288276672363,"Unknown"
"7014855",371852,2025-08-10 13:17:41,43.3712882995605,-8.45248317718506,"Unknown"
"7014855",371852,2025-08-10 13:22:37,43.3606834411621,-8.46345138549805,"Unknown"
"7014855",371852,2025-08-10 13:27:40,43.3606071472168,-8.46340656280518,"Unknown"
"7014855",371852,2025-08-10 13:32:36,43.3606643676758,-8.46351432800293,"Unknown"
"7014855",371852,2025-08-10 13:37:34,43.3607368469238,-8.46333694458008,"Unknown"
"7014855",371852,2025-08-10 13:42:41,43.3606948852539,-8.46347141265869,"Unknown"
"7014855",371852,2025-08-10 13:47:36,43.3606719970703,-8.46322536468506,"Unknown"
"7014855",371852,2025-08-10 13:52:36,43.360668182373,-8.46332931518555,"Unknown"
"7014855",371852,2025-08-10 13:57:38,43.3606605529785,-8.46333408355713,"Unknown"
"7014855",371852,2025-08-10 14:02:37,43.3605422973633,-8.463698387146,"Unknown"
"7014855",371852,2025-08-10 14:07:36,43.3605308532715,-8.46352863311768,"Unknown"
"7014855",371852,2025-08-10 14:12:39,43.3602523803711,-8.46367645263672,"Unknown"
"7014855",371852,2025-08-10 14:17:36,43.3601112365723,-8.46440124511719,"Unknown"
"7014855",371852,2025-08-10 14:22:39,43.3585815429688,-8.46709156036377,"Unknown"
"7014855",371852,2025-08-10 14:28:05,43.3584671020508,-8.46712398529053,"Unknown"
"7014855",371852,2025-08-10 14:32:34,43.3583030700684,-8.46699810028076,"Unknown"
"7014855",371852,2025-08-10 14:37:34,43.3581771850586,-8.46746730804443,"Unknown"
"7014855",371852,2025-08-10 14:42:37,43.3581848144531,-8.46701240539551,"Unknown"
"7014855",371852,2025-08-10 14:47:38,43.3580360412598,-8.4669942855835,"Unknown"
"7014855",371852,2025-08-10 14:52:36,43.357982635498,-8.46744632720947,"Unknown"
"7014855",371852,2025-08-10 14:57:36,43.3578948974609,-8.46781253814697,"Unknown"
"7014855",371852,2025-08-10 15:03:02,43.3572998046875,-8.46714401245117,"Unknown"
"7014855",371852,2025-08-10 15:07:39,43.3578758239746,-8.46711254119873,"Unknown"
"7014855",371852,2025-08-10 15:12:36,43.3580627441406,-8.46757888793945,"Unknown"
"7014855",371852,2025-08-10 15:18:14,43.3579139709473,-8.46729278564453,"Unknown"
"7014855",371852,2025-08-10 15:23:14,43.3580169677734,-8.4671106338501,"Unknown"
"7014855",371852,2025-08-10 15:27:36,43.3579368591309,-8.46712112426758,"Unknown"
"7014855",371852,2025-08-10 15:32:43,43.3579025268555,-8.46731090545654,"Unknown"
"7014855",371852,2025-08-10 15:37:41,43.3578453063965,-8.46708297729492,"Unknown"
"7014855",371852,2025-08-10 15:42:36,43.3576545715332,-8.46674060821533,"Unknown"
"7014855",371852,2025-08-10 15:47:36,43.357593536377,-8.46698188781738,"Unknown"
"7014855",371852,2025-08-10 15:52:36,43.3575782775879,-8.46694278717041,"Unknown"
"7014855",371852,2025-08-10 15:57:37,43.3574180603027,-8.46700859069824,"Unknown"
"7014855",371852,2025-08-10 16:02:36,43.3574409484863,-8.46731662750244,"Unknown"
"7014855",371852,2025-08-10 16:07:36,43.3594703674316,-8.46567726135254,"Unknown"
"7014855",371852,2025-08-10 16:12:34,43.3595199584961,-8.46558475494385,"Unknown"
"7014855",371852,2025-08-10 16:17:34,43.3597717285156,-8.46518325805664,"Unknown"
"7014855",371852,2025-08-10 16:22:36,43.3597946166992,-8.46526145935059,"Unknown"
"7014855",371852,2025-08-10 16:27:34,43.3601684570312,-8.46435070037842,"Unknown"
"7014855",371852,2025-08-10 16:32:36,43.3602867126465,-8.46345710754395,"Unknown"
"7014855",371852,2025-08-10 16:37:35,43.3607940673828,-8.46306324005127,"Unknown"
"7014855",371852,2025-08-10 16:42:36,43.3605308532715,-8.46312236785889,"Unknown"
"7014855",371852,2025-08-10 16:47:39,43.360481262207,-8.46330070495605,"Unknown"
"7014855",371852,2025-08-10 16:52:35,43.3604965209961,-8.46329784393311,"Unknown"
"7014855",371852,2025-08-10 16:57:35,43.3604698181152,-8.46339511871338,"Unknown"
"7014855",371852,2025-08-10 17:02:36,43.3604927062988,-8.46352100372314,"Unknown"
"7014855",371852,2025-08-10 17:07:37,43.3604202270508,-8.46341991424561,"Unknown"
"7014855",371852,2025-08-10 17:12:36,43.3603324890137,-8.4634370803833,"Unknown"
"7014855",371852,2025-08-10 17:17:35,43.3603935241699,-8.46340370178223,"Unknown"
"7014855",371852,2025-08-10 17:22:35,43.360424041748,-8.46341609954834,"Unknown"
"7014855",371852,2025-08-10 17:27:35,43.3603897094727,-8.46352195739746,"Unknown"
"7014855",371852,2025-08-10 17:32:41,43.3604125976562,-8.46385097503662,"Unknown"
"7014855",371852,2025-08-10 17:37:36,43.3600997924805,-8.46335220336914,"Unknown"
"7014855",371852,2025-08-10 17:42:37,43.3601570129395,-8.4635009765625,"Unknown"
"7014855",371852,2025-08-10 17:47:35,43.3600730895996,-8.46325492858887,"Unknown"
"7014855",371852,2025-08-10 17:52:35,43.3600883483887,-8.46332550048828,"Unknown"
"7014855",371852,2025-08-10 17:57:37,43.3602714538574,-8.46337223052979,"Unknown"
"7014855",371852,2025-08-10 18:02:44,43.360279083252,-8.46327781677246,"Unknown"
"7014855",371852,2025-08-10 18:07:37,43.3603820800781,-8.46335887908936,"Unknown"
"7014855",371852,2025-08-10 18:12:39,43.3604965209961,-8.46344566345215,"Unknown"
"7014855",371852,2025-08-10 18:17:35,43.3602714538574,-8.46332359313965,"Unknown"
"7014855",371852,2025-08-10 18:22:35,43.3605728149414,-8.46343326568604,"Unknown"
"7014855",371852,2025-08-10 18:27:36,43.3603897094727,-8.46333789825439,"Unknown"
"7014855",371852,2025-08-10 18:32:35,43.360595703125,-8.45670223236084,"Unknown"
"7014855",371852,2025-08-10 18:37:36,43.3553161621094,-8.4567813873291,"Unknown"
"7014855",371852,2025-08-10 18:42:37,43.3549766540527,-8.4578275680542,"Unknown"
"7014855",371852,2025-08-10 18:47:39,43.3545379638672,-8.45783424377441,"Unknown"
"7014855",371852,2025-08-10 18:52:34,43.3566970825195,-8.45688915252686,"Unknown"
"7014855",371852,2025-08-10 18:57:36,43.3548393249512,-8.45782375335693,"Unknown"
"7014855",371852,2025-08-10 19:02:36,43.354663848877,-8.45871829986572,"Unknown"
"7014855",371852,2025-08-10 19:07:41,43.3569831848145,-8.45555782318115,"Unknown"
"7014855",371852,2025-08-10 19:12:41,43.3568954467773,-8.45609283447266,"Unknown"
"7014855",371852,2025-08-10 19:17:42,43.3566818237305,-8.4567289352417,"Unknown"
"7014855",371852,2025-08-10 19:22:56,43.3569831848145,-8.45564842224121,"Unknown"
"7014855",371852,2025-08-10 19:27:43,43.3566932678223,-8.45672416687012,"Unknown"
"7014855",371852,2025-08-10 19:33:00,43.3565788269043,-8.45688343048096,"Unknown"
"7014855",371852,2025-08-10 19:37:41,43.3568534851074,-8.45674324035645,"Unknown"
"7014855",371852,2025-08-10 19:42:39,43.3518562316895,-8.42992877960205,"Unknown"
"7014855",371852,2025-08-10 19:48:35,43.366283416748,-8.40183162689209,"Unknown"
"7014855",371852,2025-08-10 19:52:35,43.3660469055176,-8.40200042724609,"Unknown"
"7014855",371852,2025-08-10 19:57:35,43.3663330078125,-8.4019660949707,"Unknown"
"7014855",371852,2025-08-10 20:02:33,43.3661766052246,-8.40170383453369,"Unknown"
"7014855",371852,2025-08-10 20:07:36,43.3660087585449,-8.40178966522217,"Unknown"
"7014855",371852,2025-08-10 20:12:33,43.366039276123,-8.40174388885498,"Unknown"
"7014855",371852,2025-08-10 20:17:35,43.3634643554688,-8.39556884765625,"Unknown"
"7014855",371852,2025-08-10 20:22:35,43.3635368347168,-8.39565944671631,"Unknown"
"7014855",371852,2025-08-10 20:27:36,43.3633842468262,-8.395583152771,"Unknown"
"7014855",371852,2025-08-10 20:32:37,43.3634796142578,-8.39558601379395,"Unknown"
"7014855",371852,2025-08-10 20:37:34,43.3632125854492,-8.39528369903564,"Unknown"
"7014855",371852,2025-08-10 20:42:38,43.363094329834,-8.3953104019165,"Unknown"
"7014855",371852,2025-08-10 20:47:35,43.363109588623,-8.39537239074707,"Unknown"
"7014855",371852,2025-08-10 20:52:39,43.3629035949707,-8.39548873901367,"Unknown"
"7014855",371852,2025-08-10 20:57:38,43.3631210327148,-8.39552021026611,"Unknown"
"7014855",371852,2025-08-10 21:02:33,43.3632278442383,-8.39553642272949,"Unknown"
"7014855",371852,2025-08-10 21:07:43,43.362922668457,-8.39558410644531,"Unknown"
"7014855",371852,2025-08-10 21:12:35,43.3629531860352,-8.39533805847168,"Unknown"
"7014855",371852,2025-08-10 21:17:38,43.3630294799805,-8.39550685882568,"Unknown"
"7014855",371852,2025-08-10 21:22:38,43.362979888916,-8.39546585083008,"Unknown"
"7014855",371852,2025-08-10 21:27:38,43.3627433776855,-8.3953104019165,"Unknown"
"7014855",371852,2025-08-10 21:32:39,43.3631286621094,-8.39526462554932,"Unknown"
"7014855",371852,2025-08-10 21:37:39,43.3631744384766,-8.39503383636475,"Unknown"
"7014855",371852,2025-08-10 21:42:39,43.3629379272461,-8.39533233642578,"Unknown"
"7014855",371852,2025-08-10 21:47:36,43.3630561828613,-8.39540195465088,"Unknown"
"7014855",371852,2025-08-10 21:52:38,43.3630104064941,-8.39535903930664,"Unknown"
"7014855",371852,2025-08-10 21:57:35,43.3613166809082,-8.39795684814453,"Unknown"
"7014855",371852,2025-08-10 22:02:37,43.3589096069336,-8.39876651763916,"Unknown"
"7014855",371852,2025-08-10 22:07:39,43.3589668273926,-8.39883327484131,"Unknown"
"7014855",371852,2025-08-10 22:12:41,43.359016418457,-8.39902973175049,"Unknown"
"7014855",371852,2025-08-10 22:17:40,43.359058380127,-8.39913940429688,"Unknown"
"7014855",371852,2025-08-10 22:22:37,43.3590507507324,-8.39908027648926,"Unknown"
"7014855",371852,2025-08-10 22:27:36,43.3590354919434,-8.39905452728271,"Unknown"
"7014855",371852,2025-08-10 22:32:37,43.3590469360352,-8.39908313751221,"Unknown"
"7014855",371852,2025-08-10 22:37:36,43.3590698242188,-8.3990592956543,"Unknown"
"7014855",371852,2025-08-10 22:42:39,43.3591003417969,-8.39893627166748,"Unknown"
"7014855",371852,2025-08-10 22:47:40,43.3592529296875,-8.39902305603027,"Unknown"
"7014855",371852,2025-08-10 22:52:56,43.3591079711914,-8.39884090423584,"Unknown"
"7014855",371852,2025-08-10 22:57:38,43.3592109680176,-8.39886379241943,"Unknown"
"7014855",371852,2025-08-10 23:02:39,43.3589096069336,-8.39926910400391,"Unknown"
"7014855",371852,2025-08-10 23:08:05,43.3589630126953,-8.39912891387939,"Unknown"
"7014855",371852,2025-08-10 23:12:35,43.3590812683105,-8.39850234985352,"Unknown"
"7014855",371852,2025-08-10 23:17:35,43.3590507507324,-8.39875507354736,"Unknown"
"7014855",371852,2025-08-10 23:22:35,43.359073638916,-8.3986988067627,"Unknown"
"7014855",371852,2025-08-10 23:27:39,43.3590469360352,-8.39915657043457,"Unknown"
"7014855",371852,2025-08-10 23:32:35,43.3588943481445,-8.39912509918213,"Unknown"
"7014855",371852,2025-08-10 23:37:35,43.3589859008789,-8.39921760559082,"Unknown"
"7014855",371852,2025-08-10 23:42:37,43.3588600158691,-8.39897918701172,"Unknown"
"7014855",371852,2025-08-10 23:47:36,43.3588714599609,-8.39896488189697,"Unknown"
"7014855",371852,2025-08-10 23:52:37,43.3590698242188,-8.39912986755371,"Unknown"
"7014855",371852,2025-08-10 23:57:37,43.3592491149902,-8.39936637878418,"Unknown"
"7014855",371852,2025-08-11 00:02:35,43.3592834472656,-8.39943313598633,"Unknown"
"7014855",371852,2025-08-11 00:07:36,43.3591423034668,-8.39914035797119,"Unknown"
"7014855",371852,2025-08-11 00:12:36,43.3591575622559,-8.39910888671875,"Unknown"
"7014855",371852,2025-08-11 00:17:35,43.3608894348145,-8.39860343933105,"Unknown"
"7014855",371852,2025-08-11 00:22:35,43.3633346557617,-8.39581680297852,"Unknown"
"7014855",371852,2025-08-11 00:27:36,43.3631134033203,-8.39567089080811,"Unknown"
"7014855",371852,2025-08-11 00:32:34,43.3632965087891,-8.3957347869873,"Unknown"
"7014855",371852,2025-08-11 00:37:36,43.3632431030273,-8.395583152771,"Unknown"
"7014855",371852,2025-08-11 00:42:35,43.3631324768066,-8.39574718475342,"Unknown"
"7014855",371852,2025-08-11 00:47:36,43.3631439208984,-8.39534568786621,"Unknown"
"7014855",371852,2025-08-11 00:52:37,43.3631324768066,-8.39504623413086,"Unknown"
"7014855",371852,2025-08-11 00:57:39,43.3631439208984,-8.39527797698975,"Unknown"
"7014855",371852,2025-08-11 01:02:35,43.363037109375,-8.39517974853516,"Unknown"
"7014855",371852,2025-08-11 01:07:34,43.3631477355957,-8.3954963684082,"Unknown"
"7014855",371852,2025-08-11 01:12:37,43.3631744384766,-8.39521789550781,"Unknown"
"7014855",371852,2025-08-11 01:17:36,43.3630599975586,-8.39521503448486,"Unknown"
"7014855",371852,2025-08-11 01:22:35,43.3629417419434,-8.39524078369141,"Unknown"
"7014855",371852,2025-08-11 01:27:37,43.3631401062012,-8.39515113830566,"Unknown"
"7014855",371852,2025-08-11 01:32:34,43.3632431030273,-8.39551162719727,"Unknown"
"7014855",371852,2025-08-11 01:37:34,43.3632621765137,-8.39553070068359,"Unknown"
"7014855",371852,2025-08-11 01:42:34,43.3631057739258,-8.39520454406738,"Unknown"
"7014855",371852,2025-08-11 01:47:35,43.3632392883301,-8.39581966400146,"Unknown"
"7014855",371852,2025-08-11 01:52:40,43.3631553649902,-8.3955135345459,"Unknown"
"7014855",371852,2025-08-11 01:57:36,43.3630409240723,-8.39537906646729,"Unknown"
"7014855",371852,2025-08-11 02:02:35,43.3592147827148,-8.39894676208496,"Unknown"
"7014855",371852,2025-08-11 02:07:34,43.3593635559082,-8.39934062957764,"Unknown"
"7014855",371852,2025-08-11 02:12:35,43.3594703674316,-8.39932537078857,"Unknown"
"7014855",371852,2025-08-11 02:17:34,43.3595314025879,-8.39942836761475,"Unknown"
"7014855",371852,2025-08-11 02:22:34,43.3593139648438,-8.39931392669678,"Unknown"
"7014855",371852,2025-08-11 02:27:35,43.3594589233398,-8.39927673339844,"Unknown"
"7014855",371852,2025-08-11 02:32:36,43.3594398498535,-8.39928150177002,"Unknown"
"7014855",371852,2025-08-11 02:37:34,43.3594169616699,-8.39940452575684,"Unknown"
"7014855",371852,2025-08-11 02:42:38,43.3593597412109,-8.39940071105957,"Unknown"
"7014855",371852,2025-08-11 02:47:38,43.3590202331543,-8.39901447296143,"Unknown"
"7014855",371852,2025-08-11 02:52:38,43.3591690063477,-8.39966297149658,"Unknown"
"7014855",371852,2025-08-11 02:57:39,43.3591499328613,-8.39930057525635,"Unknown"
"7014855",371852,2025-08-11 03:02:38,43.3593482971191,-8.39943695068359,"Unknown"
"7014855",371852,2025-08-11 03:07:35,43.3592910766602,-8.39943313598633,"Unknown"
"7014855",371852,2025-08-11 03:12:36,43.3595542907715,-8.3992919921875,"Unknown"
"7014855",371852,2025-08-11 03:17:36,43.359619140625,-8.39927005767822,"Unknown"
"7014855",371852,2025-08-11 03:22:38,43.3595848083496,-8.39941596984863,"Unknown"
"7014855",371852,2025-08-11 03:27:36,43.3592338562012,-8.39950561523438,"Unknown"
"7014855",371852,2025-08-11 03:32:37,43.3591461181641,-8.39948177337646,"Unknown"
"7014855",371852,2025-08-11 03:37:36,43.3589630126953,-8.39935970306396,"Unknown"
"7014855",371852,2025-08-11 03:42:38,43.3592109680176,-8.39914512634277,"Unknown"
"7014855",371852,2025-08-11 03:47:36,43.3590812683105,-8.39943218231201,"Unknown"
"7014855",371852,2025-08-11 03:52:36,43.3589935302734,-8.39929389953613,"Unknown"
"7014855",371852,2025-08-11 03:57:40,43.359260559082,-8.3993558883667,"Unknown"
"7014855",371852,2025-08-11 04:02:34,43.358943939209,-8.39962482452393,"Unknown"
"7014855",371852,2025-08-11 04:07:34,43.3587532043457,-8.39972591400146,"Unknown"
"7014855",371852,2025-08-11 04:12:36,43.359317779541,-8.39926052093506,"Unknown"
"7014855",371852,2025-08-11 04:17:38,43.3593826293945,-8.3991870880127,"Unknown"
"7014855",371852,2025-08-11 04:22:38,43.3595275878906,-8.39912414550781,"Unknown"
"7014855",371852,2025-08-11 04:27:39,43.3594017028809,-8.39918994903564,"Unknown"
"7014855",371852,2025-08-11 04:32:37,43.3592948913574,-8.39925479888916,"Unknown"
"7014855",371852,2025-08-11 04:37:39,43.3593673706055,-8.39933300018311,"Unknown"
"7014855",371852,2025-08-11 04:42:37,43.3595123291016,-8.39965724945068,"Unknown"
"7014855",371852,2025-08-11 04:47:36,43.3594360351562,-8.39939308166504,"Unknown"
"7014855",371852,2025-08-11 04:52:36,43.3595123291016,-8.39951038360596,"Unknown"
"7014855",371852,2025-08-11 04:57:37,43.3594856262207,-8.39934539794922,"Unknown"
"7014855",371852,2025-08-11 05:02:37,43.3603324890137,-8.40262222290039,"Unknown"
"7014855",371852,2025-08-11 05:07:35,43.3600730895996,-8.40278720855713,"Unknown"
"7014855",371852,2025-08-11 05:12:38,43.3603858947754,-8.40271377563477,"Unknown"
"7014855",371852,2025-08-11 05:17:36,43.3682327270508,-8.41253089904785,"Unknown"
"7014855",371852,2025-08-11 05:22:36,43.3814659118652,-8.43513584136963,"Unknown"
"7014855",371852,2025-08-11 05:27:37,43.3816680908203,-8.44690227508545,"Unknown"
"7014855",371852,2025-08-11 05:32:36,43.3815422058105,-8.44686985015869,"Unknown"
"7014855",371852,2025-08-11 05:37:39,43.381778717041,-8.44694709777832,"Unknown"
"7014855",371852,2025-08-11 05:42:40,43.3815803527832,-8.44684314727783,"Unknown"
"7014855",371852,2025-08-11 05:47:39,43.3817138671875,-8.44692230224609,"Unknown"
"7014855",371852,2025-08-11 05:52:39,43.3816070556641,-8.4469690322876,"Unknown"
"7014855",371852,2025-08-11 05:57:37,43.360912322998,-8.46206188201904,"Unknown"
"7014855",371852,2025-08-11 06:02:38,43.3548927307129,-8.45765113830566,"Unknown"
"7014855",371852,2025-08-11 06:07:47,43.3550186157227,-8.45891666412354,"Unknown"
"7014855",371852,2025-08-11 06:13:58,43.3548622131348,-8.45919418334961,"Unknown"
"7014855",371852,2025-08-11 06:17:43,43.3542594909668,-8.45876121520996,"Unknown"
"7014855",371852,2025-08-11 06:22:41,43.3543395996094,-8.45874786376953,"Unknown"
"7014855",371852,2025-08-11 06:28:58,43.3550872802734,-8.45927047729492,"Unknown"
"7014855",371852,2025-08-11 06:32:40,43.3560752868652,-8.45722675323486,"Unknown"
"7014855",371852,2025-08-11 06:37:36,43.3555946350098,-8.45672607421875,"Unknown"
"7014855",371852,2025-08-11 06:42:36,43.3563117980957,-8.4571533203125,"Unknown"
"7014855",371852,2025-08-11 06:47:35,43.3555450439453,-8.45712184906006,"Unknown"
"7014855",371852,2025-08-11 06:52:39,43.3559646606445,-8.45696830749512,"Unknown"
"7014855",371852,2025-08-11 06:57:36,43.3559761047363,-8.45684623718262,"Unknown"
"7014855",371852,2025-08-11 07:02:36,43.3558807373047,-8.45690155029297,"Unknown"
"7014855",371852,2025-08-11 07:07:35,43.3559455871582,-8.45701313018799,"Unknown"
"7014855",371852,2025-08-11 07:12:37,43.3561401367188,-8.45687866210938,"Unknown"
"7014855",371852,2025-08-11 07:17:37,43.3562545776367,-8.45697402954102,"Unknown"
"7014855",371852,2025-08-11 07:22:38,43.3562545776367,-8.4570426940918,"Unknown"
"7014855",371852,2025-08-11 07:27:36,43.3561820983887,-8.45695018768311,"Unknown"
"7014855",371852,2025-08-11 07:32:38,43.3563423156738,-8.45667934417725,"Unknown"
"7014855",371852,2025-08-11 07:37:36,43.3563957214355,-8.45666980743408,"Unknown"
"7014855",371852,2025-08-11 07:42:37,43.3565406799316,-8.45680046081543,"Unknown"
"7014855",371852,2025-08-11 07:47:38,43.3566703796387,-8.45695400238037,"Unknown"
"7014855",371852,2025-08-11 07:52:39,43.3563957214355,-8.45701599121094,"Unknown"
"7014855",371852,2025-08-11 07:57:39,43.3563499450684,-8.45701122283936,"Unknown"
"7014855",371852,2025-08-11 08:02:38,43.356330871582,-8.45682811737061,"Unknown"
"7014855",371852,2025-08-11 08:07:39,43.3563461303711,-8.45694732666016,"Unknown"
"7014855",371852,2025-08-11 08:12:38,43.3564300537109,-8.45682525634766,"Unknown"
"7014855",371852,2025-08-11 08:17:36,43.3579864501953,-8.46937847137451,"Unknown"
"7014855",371852,2025-08-11 08:22:36,43.3524703979492,-8.47776508331299,"Unknown"
"7014855",371852,2025-08-11 08:27:38,43.3523750305176,-8.47756099700928,"Unknown"
"7014855",371852,2025-08-11 08:32:35,43.3524589538574,-8.47774887084961,"Unknown"
"7014855",371852,2025-08-11 08:37:36,43.3526878356934,-8.47771644592285,"Unknown"
"7014855",371852,2025-08-11 08:42:36,43.3526916503906,-8.47739696502686,"Unknown"
"7014855",371852,2025-08-11 08:47:35,43.3524856567383,-8.47776317596436,"Unknown"
"7014855",371852,2025-08-11 08:52:36,43.3532180786133,-8.47687911987305,"Unknown"
"7014855",371852,2025-08-11 08:57:36,43.3533363342285,-8.4771614074707,"Unknown"
"7014855",371852,2025-08-11 09:02:37,43.3531341552734,-8.4771671295166,"Unknown"
"7014855",371852,2025-08-11 09:07:37,43.3533515930176,-8.47704696655273,"Unknown"
"7014855",371852,2025-08-11 09:12:36,43.3534355163574,-8.4773006439209,"Unknown"
"7014855",371852,2025-08-11 09:17:36,43.3532409667969,-8.47703647613525,"Unknown"
"7014855",371852,2025-08-11 09:22:36,43.3532333374023,-8.47692775726318,"Unknown"
"7014855",371852,2025-08-11 09:27:36,43.3529243469238,-8.47710609436035,"Unknown"
"7014855",371852,2025-08-11 09:32:35,43.3533897399902,-8.47707748413086,"Unknown"
"7014855",371852,2025-08-11 09:37:36,43.3530082702637,-8.47703266143799,"Unknown"
"7014855",371852,2025-08-11 09:42:37,43.3529968261719,-8.47704696655273,"Unknown"
"7014855",371852,2025-08-11 09:47:39,43.3530387878418,-8.47695636749268,"Unknown"
"7014855",371852,2025-08-11 09:52:36,43.3558616638184,-8.48574256896973,"Unknown"
"7014855",371852,2025-08-11 09:57:35,43.3584327697754,-8.48569774627686,"Unknown"
"7014855",371852,2025-08-11 10:02:37,43.3584251403809,-8.48583030700684,"Unknown"
"7014855",371852,2025-08-11 10:07:35,43.3562049865723,-8.51063442230225,"Unknown"
"7014855",371852,2025-08-11 10:12:35,43.3560905456543,-8.51047611236572,"Unknown"
"7014855",371852,2025-08-11 10:17:35,43.3560829162598,-8.51047134399414,"Unknown"
"7014855",371852,2025-08-11 10:22:36,43.3561210632324,-8.51049327850342,"Unknown"
"7014855",371852,2025-08-11 10:27:36,43.3560333251953,-8.51040744781494,"Unknown"
"7014855",371852,2025-08-11 10:32:36,43.3560791015625,-8.51038455963135,"Unknown"
"7014855",371852,2025-08-11 10:37:41,43.3563194274902,-8.51033020019531,"Unknown"
"7014855",371852,2025-08-11 10:42:38,43.3564300537109,-8.51054286956787,"Unknown"
"7014855",371852,2025-08-11 10:47:41,43.3563385009766,-8.51037693023682,"Unknown"
"7014855",371852,2025-08-11 10:52:45,43.3561782836914,-8.51048183441162,"Unknown"
"7014855",371852,2025-08-11 10:57:44,43.3562965393066,-8.51056861877441,"Unknown"
"7014855",371852,2025-08-11 11:02:42,43.3561553955078,-8.51059627532959,"Unknown"
"7014855",371852,2025-08-11 11:07:41,43.3559150695801,-8.5105562210083,"Unknown"
"7014855",371852,2025-08-11 11:12:35,43.3559913635254,-8.51084995269775,"Unknown"
"7014855",371852,2025-08-11 11:17:35,43.3559608459473,-8.51113891601562,"Unknown"
"7014855",371852,2025-08-11 11:22:36,43.3557243347168,-8.51337623596191,"Unknown"
"7014855",371852,2025-08-11 11:27:38,43.3546981811523,-8.51766681671143,"Unknown"
"7014855",371852,2025-08-11 11:32:40,43.3546409606934,-8.51772785186768,"Unknown"
"7014855",371852,2025-08-11 11:37:37,43.3545608520508,-8.51765155792236,"Unknown"
"7014855",371852,2025-08-11 11:42:39,43.3546371459961,-8.51776027679443,"Unknown"
"7014855",371852,2025-08-11 11:47:35,43.3515586853027,-8.52406883239746,"Unknown"
"7014855",371852,2025-08-11 11:52:37,43.3516502380371,-8.52454376220703,"Unknown"
"7014855",371852,2025-08-11 11:57:37,43.3517608642578,-8.5245246887207,"Unknown"
"7014855",371852,2025-08-11 12:02:37,43.3520545959473,-8.52443885803223,"Unknown"
"7014855",371852,2025-08-11 12:07:38,43.3521041870117,-8.52449512481689,"Unknown"
"7014855",371852,2025-08-11 12:12:38,43.3520660400391,-8.52445125579834,"Unknown"
"7014855",371852,2025-08-11 12:17:37,43.3520431518555,-8.52437400817871,"Unknown"
"7014855",371852,2025-08-11 12:22:39,43.3520240783691,-8.52460193634033,"Unknown"
"7014855",371852,2025-08-11 12:27:54,43.3519554138184,-8.52452087402344,"Unknown"
"7014855",371852,2025-08-11 12:32:54,43.3523483276367,-8.52418994903564,"Unknown"
"7014855",371852,2025-08-11 12:37:55,43.3521842956543,-8.52425003051758,"Unknown"
"7014855",371852,2025-08-11 12:42:54,43.3520584106445,-8.52463912963867,"Unknown"
"7014855",371852,2025-08-11 12:47:55,43.3520584106445,-8.52466201782227,"Unknown"
"7014855",371852,2025-08-11 12:52:57,43.3519554138184,-8.52443695068359,"Unknown"
"7014855",371852,2025-08-11 12:57:55,43.3519134521484,-8.52458477020264,"Unknown"
"7014855",371852,2025-08-11 13:02:55,43.3521003723145,-8.52451038360596,"Unknown"
"7014855",371852,2025-08-11 13:07:55,43.3521156311035,-8.52451038360596,"Unknown"
"7014855",371852,2025-08-11 13:12:54,43.3520660400391,-8.52488040924072,"Unknown"
"7014855",371852,2025-08-11 13:17:57,43.3521995544434,-8.52484798431396,"Unknown"
"7014855",371852,2025-08-11 13:22:54,43.352222442627,-8.5248441696167,"Unknown"
"7014855",371852,2025-08-11 13:27:56,43.352165222168,-8.52479362487793,"Unknown"
"7014855",371852,2025-08-11 13:32:55,43.3521766662598,-8.52489852905273,"Unknown"
"7014855",371852,2025-08-11 13:37:55,43.3521499633789,-8.52492904663086,"Unknown"
"7014855",371852,2025-08-11 13:42:57,43.352165222168,-8.52493858337402,"Unknown"
"7014855",371852,2025-08-11 13:47:55,43.3521919250488,-8.52498912811279,"Unknown"
"7014855",371852,2025-08-11 13:52:56,43.3522720336914,-8.52498722076416,"Unknown"
"7014855",371852,2025-08-11 13:57:55,43.3521728515625,-8.52506446838379,"Unknown"
"7014855",371852,2025-08-11 14:02:55,43.3521308898926,-8.52503967285156,"Unknown"
"7014855",371852,2025-08-11 14:07:55,43.3521499633789,-8.5250825881958,"Unknown"
"7014855",371852,2025-08-11 14:12:55,43.3521003723145,-8.52505302429199,"Unknown"
"7014855",371852,2025-08-11 14:17:56,43.3521919250488,-8.52486801147461,"Unknown"
"7014855",371852,2025-08-11 14:22:55,43.3521270751953,-8.52507209777832,"Unknown"
"7014855",371852,2025-08-11 14:27:55,43.3521499633789,-8.52497959136963,"Unknown"
"7014855",371852,2025-08-11 14:32:55,43.3523941040039,-8.52424240112305,"Unknown"
"7014855",371852,2025-08-11 14:37:56,43.3521194458008,-8.52486801147461,"Unknown"
"7014855",371852,2025-08-11 14:42:55,43.3521347045898,-8.52475261688232,"Unknown"
"7014855",371852,2025-08-11 14:47:58,43.3520355224609,-8.52476692199707,"Unknown"
"7014855",371852,2025-08-11 14:52:54,43.3523445129395,-8.52521991729736,"Unknown"
"7014855",371852,2025-08-11 14:57:54,43.3522644042969,-8.52514839172363,"Unknown"
"7014855",371852,2025-08-11 15:02:56,43.3522529602051,-8.52522945404053,"Unknown"
"7014855",371852,2025-08-11 15:07:55,43.3521614074707,-8.52496337890625,"Unknown"
"7014855",371852,2025-08-11 15:12:57,43.3522911071777,-8.52512645721436,"Unknown"
"7014855",371852,2025-08-11 15:17:54,43.3523445129395,-8.52514934539795,"Unknown"
"7014855",371852,2025-08-11 15:22:55,43.3520088195801,-8.52470111846924,"Unknown"
"7014855",371852,2025-08-11 15:27:58,43.3520278930664,-8.52484703063965,"Unknown"
"7014855",371852,2025-08-11 15:32:55,43.352180480957,-8.52486801147461,"Unknown"
"7014855",371852,2025-08-11 15:37:57,43.3521614074707,-8.52487277984619,"Unknown"
"7014855",371852,2025-08-11 15:42:55,43.3515930175781,-8.52495956420898,"Unknown"
"7014855",371852,2025-08-11 15:47:54,43.3521995544434,-8.52498626708984,"Unknown"
"7014855",371852,2025-08-11 15:52:54,43.3521423339844,-8.52491283416748,"Unknown"
"7014855",371852,2025-08-11 15:57:55,43.3521995544434,-8.52490139007568,"Unknown"
"7014855",371852,2025-08-11 16:02:55,43.3522071838379,-8.52491474151611,"Unknown"
"7014855",371852,2025-08-11 16:07:58,43.3523139953613,-8.52500438690186,"Unknown"
"7014855",371852,2025-08-11 16:12:55,43.3523216247559,-8.5249605178833,"Unknown"
"7014855",371852,2025-08-11 16:17:56,43.3525199890137,-8.5249662399292,"Unknown"
"7014855",371852,2025-08-11 16:22:55,43.3506088256836,-8.52632236480713,"Unknown"
"7014855",371852,2025-08-11 16:27:57,43.3524780273438,-8.52472305297852,"Unknown"
"7014855",371852,2025-08-11 16:32:55,43.3511238098145,-8.52585411071777,"Unknown"
"7014855",371852,2025-08-11 16:37:57,43.3509788513184,-8.52584457397461,"Unknown"
"7014855",371852,2025-08-11 16:42:57,43.3520774841309,-8.52461051940918,"Unknown"
"7014855",371852,2025-08-11 16:47:57,43.3520240783691,-8.52450752258301,"Unknown"
"7014855",371852,2025-08-11 16:52:55,43.3519134521484,-8.52476024627686,"Unknown"
"7014855",371852,2025-08-11 16:57:55,43.3514595031738,-8.5254955291748,"Unknown"
"7014855",371852,2025-08-11 17:02:59,43.3522148132324,-8.52439117431641,"Unknown"
"7014855",371852,2025-08-11 17:07:55,43.3523178100586,-8.52448654174805,"Unknown"
"7014855",371852,2025-08-11 17:12:55,43.3540458679199,-8.51435089111328,"Unknown"
"7014855",371852,2025-08-11 17:17:56,43.3622970581055,-8.48998737335205,"Unknown"
"7014855",371852,2025-08-11 17:22:55,43.3523445129395,-8.47772979736328,"Unknown"
"7014855",371852,2025-08-11 17:28:01,43.3523139953613,-8.47756576538086,"Unknown"
"7014855",371852,2025-08-11 17:32:57,43.3525085449219,-8.47815704345703,"Unknown"
"7014855",371852,2025-08-11 17:37:59,43.3525543212891,-8.47787570953369,"Unknown"
"7014855",371852,2025-08-11 17:42:56,43.3524742126465,-8.47781181335449,"Unknown"
"7014855",371852,2025-08-11 17:47:58,43.3526268005371,-8.47771167755127,"Unknown"
"7014855",371852,2025-08-11 17:53:44,43.3522148132324,-8.47787761688232,"Unknown"
"7014855",371852,2025-08-11 17:57:58,43.3523483276367,-8.47755432128906,"Unknown"
"7014855",371852,2025-08-11 18:03:04,43.3529090881348,-8.47497272491455,"Unknown"
"7014855",371852,2025-08-11 18:08:06,43.3532829284668,-8.47492694854736,"Unknown"
"7014855",371852,2025-08-11 18:12:58,43.3533363342285,-8.47487735748291,"Unknown"
"7014855",371852,2025-08-11 18:18:00,43.3540649414062,-8.47494316101074,"Unknown"
"7014855",371852,2025-08-11 18:22:55,43.3539085388184,-8.47508716583252,"Unknown"
"7014855",371852,2025-08-11 18:27:56,43.3539581298828,-8.47518444061279,"Unknown"
"7014855",371852,2025-08-11 18:32:57,43.3537940979004,-8.47514820098877,"Unknown"
"7014855",371852,2025-08-11 18:37:57,43.3536987304688,-8.47511577606201,"Unknown"
"7014855",371852,2025-08-11 18:42:58,43.3531951904297,-8.47510623931885,"Unknown"
"7014855",371852,2025-08-11 18:47:55,43.3729858398438,-8.44990921020508,"Unknown"
"7014855",371852,2025-08-11 18:52:54,43.3722839355469,-8.41456699371338,"Unknown"
"7014855",371852,2025-08-11 18:57:56,43.3678894042969,-8.39903736114502,"Unknown"
"7014855",371852,2025-08-11 19:02:55,43.3677558898926,-8.399001121521,"Unknown"
"7014855",371852,2025-08-11 19:07:55,43.3676795959473,-8.39891910552979,"Unknown"
"7014855",371852,2025-08-11 19:12:55,43.3676605224609,-8.39892768859863,"Unknown"
"7014855",371852,2025-08-11 19:17:55,43.3677864074707,-8.39907360076904,"Unknown"
"7014855",371852,2025-08-11 19:22:54,43.36767578125,-8.39898681640625,"Unknown"
"7014855",371852,2025-08-11 19:27:54,43.3676528930664,-8.39896202087402,"Unknown"
"7014855",371852,2025-08-11 19:32:54,43.3677101135254,-8.39895629882812,"Unknown"
"7014855",371852,2025-08-11 19:37:54,43.3677520751953,-8.39895820617676,"Unknown"
"7014855",371852,2025-08-11 19:42:54,43.3677711486816,-8.39895534515381,"Unknown"
"7014855",371852,2025-08-11 19:47:54,43.3677558898926,-8.39895153045654,"Unknown"
"7014855",371852,2025-08-11 19:52:54,43.3677520751953,-8.39892959594727,"Unknown"
"7014855",371852,2025-08-11 19:57:54,43.3677787780762,-8.39894866943359,"Unknown"
"7014855",371852,2025-08-11 20:02:57,43.3677673339844,-8.39890193939209,"Unknown"
"7014855",371852,2025-08-11 20:07:54,43.3677673339844,-8.39933395385742,"Unknown"
"7014855",371852,2025-08-11 20:12:54,43.3678741455078,-8.39944648742676,"Unknown"
"7014855",371852,2025-08-11 20:17:55,43.3659439086914,-8.40135955810547,"Unknown"
"7014855",371852,2025-08-11 20:22:55,43.3661613464355,-8.40195274353027,"Unknown"
"7014855",371852,2025-08-11 20:27:56,43.3662796020508,-8.40194129943848,"Unknown"
"7014855",371852,2025-08-11 20:33:02,43.3664627075195,-8.40205097198486,"Unknown"
"7014855",371852,2025-08-11 20:37:57,43.3665237426758,-8.4021053314209,"Unknown"
"7014855",371852,2025-08-11 20:42:55,43.3640594482422,-8.39841651916504,"Unknown"
"7014855",371852,2025-08-11 20:48:00,43.3632469177246,-8.39637660980225,"Unknown"
"7014855",371852,2025-08-11 20:52:57,43.3633193969727,-8.39649868011475,"Unknown"
"7014855",371852,2025-08-11 20:58:00,43.3632888793945,-8.39628601074219,"Unknown"
"7014855",371852,2025-08-11 21:02:58,43.3632583618164,-8.39637470245361,"Unknown"
"7014855",371852,2025-08-11 21:07:59,43.3596229553223,-8.39875316619873,"Unknown"
"7014855",371852,2025-08-11 21:12:56,43.3590545654297,-8.39886379241943,"Unknown"
"7014855",371852,2025-08-11 21:17:57,43.3599662780762,-8.40021800994873,"Unknown"
"7014855",371852,2025-08-11 21:22:59,43.3592758178711,-8.39915561676025,"Unknown"
"7014855",371852,2025-08-11 21:27:58,43.359375,-8.39920139312744,"Unknown"
"7014855",371852,2025-08-11 21:32:57,43.3590927124023,-8.39907455444336,"Unknown"
"7014855",371852,2025-08-11 21:37:59,43.3613586425781,-8.39731311798096,"Unknown"
"7014855",371852,2025-08-11 21:43:06,43.3629875183105,-8.39559173583984,"Unknown"
"7014855",371852,2025-08-11 21:47:55,43.3633232116699,-8.39573383331299,"Unknown"
"7014855",371852,2025-08-11 21:52:57,43.3634452819824,-8.39579677581787,"Unknown"
"7014855",371852,2025-08-11 21:58:01,43.3627090454102,-8.39556407928467,"Unknown"
"7014855",371852,2025-08-11 22:02:59,43.3620529174805,-8.39524841308594,"Unknown"
"7014855",371852,2025-08-11 22:08:06,43.3632316589355,-8.3958215713501,"Unknown"
"7014855",371852,2025-08-11 22:13:13,43.3635025024414,-8.39624214172363,"Unknown"
"7014855",371852,2025-08-11 22:18:10,43.3633880615234,-8.39600563049316,"Unknown"
"7014855",371852,2025-08-11 22:23:00,43.3633728027344,-8.39544582366943,"Unknown"
"7014855",371852,2025-08-11 22:28:06,43.3630332946777,-8.39588642120361,"Unknown"
"7014855",371852,2025-08-11 22:32:57,43.3627624511719,-8.39563751220703,"Unknown"
"7014855",371852,2025-08-11 22:38:07,43.3636817932129,-8.39644622802734,"Unknown"
"7014855",371852,2025-08-11 22:42:54,43.3631248474121,-8.39569091796875,"Unknown"
"7014855",371852,2025-08-11 22:48:10,43.363941192627,-8.39643478393555,"Unknown"
"7014855",371852,2025-08-11 22:52:55,43.3634872436523,-8.39615249633789,"Unknown"
"7014855",371852,2025-08-11 22:57:55,43.3628883361816,-8.3954439163208,"Unknown"
"7014855",371852,2025-08-11 23:02:59,43.3633766174316,-8.39610195159912,"Unknown"
"7014855",371852,2025-08-11 23:08:05,43.3639259338379,-8.3961124420166,"Unknown"
"7014855",371852,2025-08-11 23:13:01,43.3637161254883,-8.39659404754639,"Unknown"
"7014855",371852,2025-08-11 23:18:00,43.3639030456543,-8.39660739898682,"Unknown"
"7014855",371852,2025-08-11 23:23:00,43.3641128540039,-8.39677810668945,"Unknown"
"7014855",371852,2025-08-11 23:27:58,43.3625297546387,-8.3960428237915,"Unknown"
"7014855",371852,2025-08-11 23:33:00,43.3606948852539,-8.40294551849365,"Unknown"
"7014855",371852,2025-08-11 23:38:00,43.360897064209,-8.40302753448486,"Unknown"
"7014855",371852,2025-08-11 23:42:54,43.3603363037109,-8.40270328521729,"Unknown"
"7014855",371852,2025-08-11 23:48:13,43.3602905273438,-8.40257740020752,"Unknown"
"7014855",371852,2025-08-11 23:53:17,43.3601760864258,-8.40302753448486,"Unknown"
"7014855",371852,2025-08-11 23:58:07,43.3602752685547,-8.40266036987305,"Unknown"
"7014855",371852,2025-08-12 00:03:23,43.3601989746094,-8.40291690826416,"Unknown"
"7014855",371852,2025-08-12 00:08:29,43.3604049682617,-8.40266227722168,"Unknown"
"7014855",371852,2025-08-12 00:13:06,43.3601913452148,-8.40277004241943,"Unknown"
"7014855",371852,2025-08-12 00:18:14,43.3606719970703,-8.40214061737061,"Unknown"
"7014855",371852,2025-08-12 00:22:58,43.3644065856934,-8.39988803863525,"Unknown"
"7014855",371852,2025-08-12 00:27:57,43.3649520874023,-8.39828205108643,"Unknown"
"7014855",371852,2025-08-12 00:32:59,43.3633041381836,-8.40152931213379,"Unknown"
"7014855",371852,2025-08-12 00:37:54,43.3643493652344,-8.39940643310547,"Unknown"
"7014855",371852,2025-08-12 00:43:09,43.3634147644043,-8.40032291412354,"Unknown"
"7014855",371852,2025-08-12 00:47:54,43.3633346557617,-8.40036201477051,"Unknown"
"7014855",371852,2025-08-12 00:52:59,43.363395690918,-8.39999389648438,"Unknown"
"7014855",371852,2025-08-12 00:58:14,43.3640556335449,-8.39916896820068,"Unknown"
"7014855",371852,2025-08-12 01:02:55,43.3639106750488,-8.39941215515137,"Unknown"
"7014855",371852,2025-08-12 01:07:55,43.3637924194336,-8.3996000289917,"Unknown"
"7014855",371852,2025-08-12 01:12:54,43.3634223937988,-8.39969635009766,"Unknown"
"7014855",371852,2025-08-12 01:17:54,43.3632202148438,-8.39973068237305,"Unknown"
"7014855",371852,2025-08-12 01:23:07,43.3634033203125,-8.39961338043213,"Unknown"
"7014855",371852,2025-08-12 01:28:10,43.3642654418945,-8.39890766143799,"Unknown"
"7014855",371852,2025-08-12 01:32:55,43.3643035888672,-8.39879322052002,"Unknown"
"7014855",371852,2025-08-12 01:37:54,43.364330291748,-8.39877986907959,"Unknown"
"7014855",371852,2025-08-12 01:42:55,43.3642463684082,-8.39881896972656,"Unknown"
"7014855",371852,2025-08-12 01:47:58,43.3647193908691,-8.39858818054199,"Unknown"
"7014855",371852,2025-08-12 01:53:06,43.3640975952148,-8.39899253845215,"Unknown"
"7014855",371852,2025-08-12 01:57:56,43.3638153076172,-8.39906215667725,"Unknown"
"7014855",371852,2025-08-12 02:03:29,43.3644104003906,-8.39912128448486,"Unknown"
"7014855",371852,2025-08-12 02:07:56,43.3644332885742,-8.39914512634277,"Unknown"
"7014855",371852,2025-08-12 02:12:55,43.3646392822266,-8.39944934844971,"Unknown"
"7014855",371852,2025-08-12 02:17:54,43.3643531799316,-8.39899349212646,"Unknown"
"7014855",371852,2025-08-12 02:22:56,43.3643188476562,-8.39888000488281,"Unknown"
"7014855",371852,2025-08-12 02:27:59,43.3643569946289,-8.39896678924561,"Unknown"
"7014855",371852,2025-08-12 02:33:00,43.3642730712891,-8.39881801605225,"Unknown"
"7014855",371852,2025-08-12 02:38:03,43.3645935058594,-8.39933681488037,"Unknown"
"7014855",371852,2025-08-12 02:42:56,43.3644180297852,-8.39901828765869,"Unknown"
"7014855",371852,2025-08-12 02:48:05,43.3644371032715,-8.39917755126953,"Unknown"
"7014855",371852,2025-08-12 02:53:07,43.364574432373,-8.39893913269043,"Unknown"
"7014855",371852,2025-08-12 02:58:01,43.365650177002,-8.4006519317627,"Unknown"
"7014855",371852,2025-08-12 03:02:56,43.3639450073242,-8.39737892150879,"Unknown"
"7014855",371852,2025-08-12 03:07:55,43.3635520935059,-8.39746189117432,"Unknown"
"7014855",371852,2025-08-12 03:12:58,43.3634414672852,-8.39735984802246,"Unknown"
"7014855",371852,2025-08-12 03:17:57,43.3635940551758,-8.39744663238525,"Unknown"
"7014855",371852,2025-08-12 03:22:58,43.3634490966797,-8.39731979370117,"Unknown"
"7014855",371852,2025-08-12 03:27:57,43.3635139465332,-8.39743423461914,"Unknown"
"7014855",371852,2025-08-12 03:33:18,43.3610725402832,-8.39932823181152,"Unknown"
"7014855",371852,2025-08-12 03:37:55,43.3634071350098,-8.39895439147949,"Unknown"
"7014855",371852,2025-08-12 03:43:14,43.3646850585938,-8.39952564239502,"Unknown"
"7014855",371852,2025-08-12 03:48:15,43.3651123046875,-8.39730453491211,"Unknown"
"7014855",371852,2025-08-12 03:52:58,43.3650283813477,-8.39871025085449,"Unknown"
"7014855",371852,2025-08-12 03:58:05,43.3646812438965,-8.39968395233154,"Unknown"
"7014855",371852,2025-08-12 04:02:57,43.3650856018066,-8.3986988067627,"Unknown"
"7014855",371852,2025-08-12 04:08:00,43.365550994873,-8.39867782592773,"Unknown"
"7014855",371852,2025-08-12 04:12:58,43.3659477233887,-8.39898872375488,"Unknown"
"7014855",371852,2025-08-12 04:17:59,43.3658142089844,-8.39909839630127,"Unknown"
"7014855",371852,2025-08-12 04:23:11,43.3649940490723,-8.39919948577881,"Unknown"
"7014855",371852,2025-08-12 04:27:55,43.3650856018066,-8.39925956726074,"Unknown"
"7014855",371852,2025-08-12 04:32:56,43.365608215332,-8.39910697937012,"Unknown"
"7014855",371852,2025-08-12 04:37:54,43.3655662536621,-8.39905452728271,"Unknown"
"7014855",371852,2025-08-12 04:43:09,43.3654670715332,-8.39895534515381,"Unknown"
"7014855",371852,2025-08-12 04:48:14,43.3654708862305,-8.39907455444336,"Unknown"
"7014855",371852,2025-08-12 04:52:55,43.3652191162109,-8.39853096008301,"Unknown"
"7014855",371852,2025-08-12 04:57:54,43.3653144836426,-8.39901065826416,"Unknown"
"7014855",371852,2025-08-12 05:02:58,43.3650741577148,-8.39889907836914,"Unknown"
"7014855",371852,2025-08-12 05:07:55,43.3647155761719,-8.39854431152344,"Unknown"
"7014855",371852,2025-08-12 05:12:59,43.364559173584,-8.39858245849609,"Unknown"
"7014855",371852,2025-08-12 05:18:03,43.3644027709961,-8.39892578125,"Unknown"
"7014855",371852,2025-08-12 05:22:59,43.3642997741699,-8.39868545532227,"Unknown"
"7014855",371852,2025-08-12 05:27:56,43.364616394043,-8.39924812316895,"Unknown"
"7014855",371852,2025-08-12 05:32:56,43.3648109436035,-8.39954090118408,"Unknown"
"7014855",371852,2025-08-12 05:37:59,43.3663482666016,-8.40205955505371,"Unknown"
"7014855",371852,2025-08-12 05:42:54,43.366382598877,-8.40198040008545,"Unknown"
"7014855",371852,2025-08-12 05:47:58,43.3654174804688,-8.4018440246582,"Unknown"
"7014855",371852,2025-08-12 05:53:04,43.3667030334473,-8.40156745910645,"Unknown"
"7014855",371852,2025-08-12 05:58:03,43.3652420043945,-8.40033054351807,"Unknown"
"7014855",371852,2025-08-12 06:03:44,43.3641471862793,-8.39465999603271,"Unknown"
"7014855",371852,2025-08-12 06:07:58,43.3619499206543,-8.38967418670654,"Unknown"
"7014855",371852,2025-08-12 06:13:00,43.3620567321777,-8.38980484008789,"Unknown"
"7014855",371852,2025-08-12 06:17:56,43.3619804382324,-8.38968658447266,"Unknown"
"7014855",371852,2025-08-12 06:22:58,43.3616828918457,-8.38980484008789,"Unknown"
"7014855",371852,2025-08-12 06:28:05,43.3622245788574,-8.38967227935791,"Unknown"
"7014855",371852,2025-08-12 06:33:06,43.3635482788086,-8.39455890655518,"Unknown"
"7014855",371852,2025-08-12 06:37:56,43.3601112365723,-8.39726829528809,"Unknown"
"7014855",371852,2025-08-12 06:42:56,43.3597450256348,-8.39738464355469,"Unknown"
"7014855",371852,2025-08-12 06:48:14,43.3597640991211,-8.39800930023193,"Unknown"
"7014855",371852,2025-08-12 06:52:58,43.3596801757812,-8.39794826507568,"Unknown"
"7014855",371852,2025-08-12 06:57:58,43.3594589233398,-8.39784240722656,"Unknown"
"7014855",371852,2025-08-12 07:03:06,43.3599128723145,-8.39772319793701,"Unknown"
"7014855",371852,2025-08-12 07:07:59,43.3588066101074,-8.39882755279541,"Unknown"
"7014855",371852,2025-08-12 07:12:58,43.3604431152344,-8.40239429473877,"Unknown"
"7014855",371852,2025-08-12 07:18:00,43.3599586486816,-8.40223598480225,"Unknown"
"7014855",371852,2025-08-12 07:22:58,43.3604354858398,-8.40247440338135,"Unknown"
"7014855",371852,2025-08-12 07:27:54,43.3598251342773,-8.40000343322754,"Unknown"
"7014855",371852,2025-08-12 07:32:55,43.3599395751953,-8.39703750610352,"Unknown"
"7014855",371852,2025-08-12 07:38:07,43.3595542907715,-8.40079021453857,"Unknown"
"7014855",371852,2025-08-12 07:43:04,43.3603668212891,-8.40269184112549,"Unknown"
"7014855",371852,2025-08-12 07:48:19,43.3606605529785,-8.40272617340088,"Unknown"
"7014855",371852,2025-08-12 07:53:25,43.3607940673828,-8.40274238586426,"Unknown"
"7014855",371852,2025-08-12 07:57:59,43.3608016967773,-8.40247821807861,"Unknown"
"7014855",371852,2025-08-12 08:02:55,43.3606910705566,-8.40245056152344,"Unknown"
"7014855",371852,2025-08-12 08:07:56,43.3607025146484,-8.40229415893555,"Unknown"
"7014855",371852,2025-08-12 08:12:57,43.3607177734375,-8.40229225158691,"Unknown"
"7014855",371852,2025-08-12 08:17:59,43.3607521057129,-8.40223217010498,"Unknown"
"7014855",371852,2025-08-12 08:23:04,43.3606834411621,-8.40263366699219,"Unknown"
"7014855",371852,2025-08-12 08:28:00,43.360652923584,-8.40216827392578,"Unknown"
"7014855",371852,2025-08-12 08:33:00,43.3606605529785,-8.40236186981201,"Unknown"
"7014855",371852,2025-08-12 08:38:01,43.3608665466309,-8.40290069580078,"Unknown"
"7014855",371852,2025-08-12 08:43:14,43.360767364502,-8.40275192260742,"Unknown"
"7014855",371852,2025-08-12 08:47:54,43.3607406616211,-8.40227317810059,"Unknown"
"7014855",371852,2025-08-12 08:52:55,43.3608627319336,-8.40279006958008,"Unknown"
"7014855",371852,2025-08-12 08:57:56,43.3603401184082,-8.4021635055542,"Unknown"
"7014855",371852,2025-08-12 09:03:11,43.3609085083008,-8.40285778045654,"Unknown"
"7014855",371852,2025-08-12 09:07:54,43.3607368469238,-8.40264320373535,"Unknown"
"7014855",371852,2025-08-12 09:13:02,43.3605804443359,-8.40294551849365,"Unknown"
"7014855",371852,2025-08-12 09:17:58,43.3597106933594,-8.40321731567383,"Unknown"
"7014855",371852,2025-08-12 09:23:01,43.3606262207031,-8.40262413024902,"Unknown"
"7014855",371852,2025-08-12 09:28:08,43.359447479248,-8.40262317657471,"Unknown"
"7014855",371852,2025-08-12 09:32:55,43.3596000671387,-8.40318202972412,"Unknown"
"7014855",371852,2025-08-12 09:38:10,43.3606147766113,-8.4022331237793,"Unknown"
"7014855",371852,2025-08-12 09:43:03,43.3612213134766,-8.40201568603516,"Unknown"
"7014855",371852,2025-08-12 09:48:06,43.360523223877,-8.40212821960449,"Unknown"
"7014855",371852,2025-08-12 09:53:03,43.3609886169434,-8.40184020996094,"Unknown"
"7014855",371852,2025-08-12 09:58:03,43.3607368469238,-8.40200424194336,"Unknown"
"7014855",371852,2025-08-12 10:03:14,43.3603172302246,-8.40243911743164,"Unknown"
"7014855",371852,2025-08-12 10:08:04,43.360279083252,-8.40242671966553,"Unknown"
"7014855",371852,2025-08-12 10:13:07,43.3603019714355,-8.40245819091797,"Unknown"
"7014855",371852,2025-08-12 10:18:26,43.3605499267578,-8.40295696258545,"Unknown"
"7014855",371852,2025-08-12 10:22:53,43.3605995178223,-8.40295791625977,"Unknown"
"7014855",371852,2025-08-12 10:27:53,43.3606834411621,-8.4028148651123,"Unknown"
"7014855",371852,2025-08-12 10:32:53,43.3605728149414,-8.40290355682373,"Unknown"
"7014855",371852,2025-08-12 10:37:54,43.3596954345703,-8.39817237854004,"Unknown"
"7014855",371852,2025-08-12 10:42:54,43.3591156005859,-8.39902305603027,"Unknown"
"7014855",371852,2025-08-12 10:47:54,43.359001159668,-8.39914512634277,"Unknown"
"7014855",371852,2025-08-12 10:52:54,43.3589859008789,-8.399245262146,"Unknown"
"7014855",371852,2025-08-12 10:57:53,43.3590545654297,-8.39914226531982,"Unknown"
"7014855",371852,2025-08-12 11:02:54,43.3588638305664,-8.39918994903564,"Unknown"
"7014855",371852,2025-08-12 11:07:54,43.3646430969238,-8.400315284729,"Unknown"
"7014855",371852,2025-08-12 11:12:55,43.3658409118652,-8.4018726348877,"Unknown"
"7014855",371852,2025-08-12 11:17:57,43.3659133911133,-8.40216827392578,"Unknown"
"7014855",371852,2025-08-12 11:22:55,43.3598213195801,-8.39738845825195,"Unknown"
"7014855",371852,2025-08-12 11:27:56,43.3597526550293,-8.39749717712402,"Unknown"
"7014855",371852,2025-08-12 11:32:54,43.3597412109375,-8.39745903015137,"Unknown"
"7014855",371852,2025-08-12 11:37:55,43.3597793579102,-8.39741611480713,"Unknown"
"7014855",371852,2025-08-12 11:42:55,43.3597450256348,-8.39745426177979,"Unknown"
"7014855",371852,2025-08-12 11:47:54,43.3597984313965,-8.39745235443115,"Unknown"
"7014855",371852,2025-08-12 11:52:55,43.3597106933594,-8.3973913192749,"Unknown"
"7014855",371852,2025-08-12 11:57:55,43.359806060791,-8.39738941192627,"Unknown"
"7014855",371852,2025-08-12 12:02:55,43.3599090576172,-8.39747428894043,"Unknown"
"7014855",371852,2025-08-12 12:07:57,43.359920501709,-8.3975658416748,"Unknown"
"7014855",371852,2025-08-12 12:12:58,43.3597717285156,-8.39775085449219,"Unknown"
"7014855",371852,2025-08-12 12:18:14,43.3598289489746,-8.39743423461914,"Unknown"
"7014855",371852,2025-08-12 12:22:54,43.3598098754883,-8.39745235443115,"Unknown"
"7014855",371852,2025-08-12 12:27:57,43.359992980957,-8.39740085601807,"Unknown"
"7014855",371852,2025-08-12 12:32:57,43.3597183227539,-8.39705467224121,"Unknown"
"7014855",371852,2025-08-12 12:37:54,43.3599052429199,-8.39765930175781,"Unknown"
"7014855",371852,2025-08-12 12:42:55,43.3598213195801,-8.39742851257324,"Unknown"
"7014855",371852,2025-08-12 12:48:06,43.359432220459,-8.39694976806641,"Unknown"
"7014855",371852,2025-08-12 12:53:04,43.3592834472656,-8.39655590057373,"Unknown"
"7014855",371852,2025-08-12 12:58:17,43.3595123291016,-8.39703845977783,"Unknown"
"7014855",371852,2025-08-12 13:02:59,43.3599510192871,-8.39765930175781,"Unknown"
"7014855",371852,2025-08-12 13:08:14,43.3597297668457,-8.39727115631104,"Unknown"
"7014855",371852,2025-08-12 13:12:55,43.3596076965332,-8.39729499816895,"Unknown"
"7014855",371852,2025-08-12 13:18:01,43.3597412109375,-8.39735889434814,"Unknown"
"7014855",371852,2025-08-12 13:22:54,43.3595962524414,-8.39786052703857,"Unknown"
"7014855",371852,2025-08-12 13:27:55,43.3595809936523,-8.39713573455811,"Unknown"
"7014855",371852,2025-08-12 13:33:06,43.3591041564941,-8.39864349365234,"Unknown"
"7014855",371852,2025-08-12 13:37:58,43.3587532043457,-8.39805793762207,"Unknown"
"7014855",371852,2025-08-12 13:43:01,43.3591194152832,-8.39871120452881,"Unknown"
"7014855",371852,2025-08-12 13:48:10,43.3588714599609,-8.3969898223877,"Unknown"
"7014855",371852,2025-08-12 13:53:00,43.3602447509766,-8.39820384979248,"Unknown"
"7014855",371852,2025-08-12 13:58:11,43.360237121582,-8.39819622039795,"Unknown"
"7014855",371852,2025-08-12 14:03:06,43.3602180480957,-8.39807033538818,"Unknown"
"7014855",371852,2025-08-12 14:08:06,43.3602142333984,-8.39806842803955,"Unknown"
"7014855",371852,2025-08-12 14:13:16,43.3601760864258,-8.39788627624512,"Unknown"
"7014855",371852,2025-08-12 14:18:00,43.3601837158203,-8.39786148071289,"Unknown"
"7014855",371852,2025-08-12 14:22:57,43.3598556518555,-8.39743804931641,"Unknown"
"7014855",371852,2025-08-12 14:28:12,43.3595428466797,-8.39690017700195,"Unknown"
"7014855",371852,2025-08-12 14:32:55,43.3599090576172,-8.39742088317871,"Unknown"
"7014855",371852,2025-08-12 14:37:57,43.3598937988281,-8.39750576019287,"Unknown"
"7014855",371852,2025-08-12 14:43:03,43.3590431213379,-8.39839458465576,"Unknown"
"7014855",371852,2025-08-12 14:48:59,43.359992980957,-8.39779758453369,"Unknown"
"7014855",371852,2025-08-12 14:52:56,43.3600883483887,-8.3978214263916,"Unknown"
"7014855",371852,2025-08-12 14:57:58,43.3600082397461,-8.39796257019043,"Unknown"
"7014855",371852,2025-08-12 15:03:01,43.3600463867188,-8.39806938171387,"Unknown"
"7014855",371852,2025-08-12 15:08:00,43.3600273132324,-8.3982458114624,"Unknown"
"7014855",371852,2025-08-12 15:13:00,43.345630645752,-8.41783237457275,"Unknown"
"7014855",371852,2025-08-12 15:17:58,43.350154876709,-8.42776870727539,"Unknown"
"7014855",371852,2025-08-12 15:22:58,43.3502731323242,-8.42781257629395,"Unknown"
"7014855",371852,2025-08-12 15:28:12,43.3500671386719,-8.42771816253662,"Unknown"
"7014855",371852,2025-08-12 15:32:57,43.3501625061035,-8.42713260650635,"Unknown"
"7014855",371852,2025-08-12 15:37:58,43.3492126464844,-8.42969799041748,"Unknown"
"7014855",371852,2025-08-12 15:42:56,43.3441390991211,-8.43693065643311,"Unknown"
"7014855",371852,2025-08-12 15:48:06,43.3413734436035,-8.45432758331299,"Unknown"
"7014855",371852,2025-08-12 15:53:00,43.3411483764648,-8.45445156097412,"Unknown"
"7014855",371852,2025-08-12 15:58:20,43.3402137756348,-8.45481300354004,"Unknown"
"7014855",371852,2025-08-12 16:02:59,43.3475303649902,-8.43919658660889,"Unknown"
"7014855",371852,2025-08-12 16:07:58,43.352180480957,-8.42763900756836,"Unknown"
"7014855",371852,2025-08-12 16:12:58,43.352466583252,-8.427659034729,"Unknown"
"7014855",371852,2025-08-12 16:18:04,43.3527793884277,-8.42734336853027,"Unknown"
"7014855",371852,2025-08-12 16:23:12,43.352710723877,-8.42739200592041,"Unknown"
"7014855",371852,2025-08-12 16:27:58,43.3529014587402,-8.42701530456543,"Unknown"
"7014855",371852,2025-08-12 16:32:58,43.3525886535645,-8.42747020721436,"Unknown"
"7014855",371852,2025-08-12 16:38:01,43.3511047363281,-8.43500137329102,"Unknown"
"7014855",371852,2025-08-12 16:43:00,43.3614234924316,-8.40568542480469,"Unknown"
"7014855",371852,2025-08-12 16:48:14,43.364372253418,-8.40082168579102,"Unknown"
"7014855",371852,2025-08-12 16:52:57,43.3646812438965,-8.4006872177124,"Unknown"
"7014855",371852,2025-08-12 16:58:00,43.3642692565918,-8.40083503723145,"Unknown"
"7014855",371852,2025-08-12 17:03:04,43.3643264770508,-8.40121936798096,"Unknown"
"7014855",371852,2025-08-12 17:08:16,43.3644409179688,-8.40078544616699,"Unknown"
"7014855",371852,2025-08-12 17:13:29,43.364429473877,-8.40106010437012,"Unknown"
"7014855",371852,2025-08-12 17:17:55,43.3645172119141,-8.40094947814941,"Unknown"
"7014855",371852,2025-08-12 17:22:55,43.3644332885742,-8.4010009765625,"Unknown"
"7014855",371852,2025-08-12 17:27:54,43.3644180297852,-8.40105533599854,"Unknown"
"7014855",371852,2025-08-12 17:32:56,43.3674812316895,-8.39920902252197,"Unknown"
"7014855",371852,2025-08-12 17:37:55,43.367603302002,-8.39939594268799,"Unknown"
"7014855",371852,2025-08-12 17:42:54,43.3675727844238,-8.39937782287598,"Unknown"
"7014855",371852,2025-08-12 17:47:55,43.3675308227539,-8.39935398101807,"Unknown"
"7014855",371852,2025-08-12 17:52:55,43.3675956726074,-8.39942932128906,"Unknown"
"7014855",371852,2025-08-12 17:57:55,43.3676147460938,-8.3994083404541,"Unknown"
"7014855",371852,2025-08-12 18:02:56,43.3676452636719,-8.39947986602783,"Unknown"
"7014855",371852,2025-08-12 18:07:55,43.3676414489746,-8.39946842193604,"Unknown"
"7014855",371852,2025-08-12 18:12:56,43.3676452636719,-8.39943027496338,"Unknown"
"7014855",371852,2025-08-12 18:17:55,43.3676681518555,-8.39949989318848,"Unknown"
"7014855",371852,2025-08-12 18:22:56,43.3676109313965,-8.39943504333496,"Unknown"
"7014855",371852,2025-08-12 18:27:56,43.3676910400391,-8.39949798583984,"Unknown"
"7014855",371852,2025-08-12 18:32:59,43.3677253723145,-8.39952087402344,"Unknown"
"7014855",371852,2025-08-12 18:37:55,43.3676605224609,-8.39953994750977,"Unknown"
"7014855",371852,2025-08-12 18:42:56,43.3676223754883,-8.39945697784424,"Unknown"
"7014855",371852,2025-08-12 18:47:56,43.3676795959473,-8.39946269989014,"Unknown"
"7014855",371852,2025-08-12 18:52:55,43.3676948547363,-8.39943981170654,"Unknown"
"7014855",371852,2025-08-12 18:57:56,43.3676948547363,-8.39945602416992,"Unknown"
"7014855",371852,2025-08-12 19:02:58,43.3676986694336,-8.39933013916016,"Unknown"
"7014855",371852,2025-08-12 19:07:58,43.3677406311035,-8.39942169189453,"Unknown"
"7014855",371852,2025-08-12 19:12:58,43.3676948547363,-8.3994722366333,"Unknown"
"7014855",371852,2025-08-12 19:17:57,43.3677787780762,-8.39936447143555,"Unknown"
"7014855",371852,2025-08-12 19:22:57,43.367790222168,-8.39932823181152,"Unknown"
"7014855",371852,2025-08-12 19:27:55,43.3677024841309,-8.39924621582031,"Unknown"
"7014855",371852,2025-08-12 19:32:56,43.3676681518555,-8.39942264556885,"Unknown"
"7014855",371852,2025-08-12 19:37:56,43.3676490783691,-8.39939594268799,"Unknown"
"7014855",371852,2025-08-12 19:42:56,43.3675880432129,-8.39945316314697,"Unknown"
"7014855",371852,2025-08-12 19:47:56,43.3676719665527,-8.3994312286377,"Unknown"
"7014855",371852,2025-08-12 19:52:56,43.3675003051758,-8.39938545227051,"Unknown"
"7014855",371852,2025-08-12 19:57:57,43.3677253723145,-8.39935970306396,"Unknown"
"7014855",371852,2025-08-12 20:03:00,43.3676986694336,-8.39936828613281,"Unknown"
"7014855",371852,2025-08-12 20:07:57,43.3677215576172,-8.39946174621582,"Unknown"
"7014855",371852,2025-08-12 20:12:58,43.3590621948242,-8.3990421295166,"Unknown"
"7014855",371852,2025-08-12 20:17:57,43.359073638916,-8.39898204803467,"Unknown"
"7014855",371852,2025-08-12 20:22:58,43.3591117858887,-8.39897727966309,"Unknown"
"7014855",371852,2025-08-12 20:27:56,43.3591461181641,-8.39900588989258,"Unknown"
"7014855",371852,2025-08-12 20:32:58,43.3591766357422,-8.39898681640625,"Unknown"
"7014855",371852,2025-08-12 20:38:00,43.359130859375,-8.39890480041504,"Unknown"
"7014855",371852,2025-08-12 20:42:59,43.3591804504395,-8.39890003204346,"Unknown"
"7014855",371852,2025-08-12 20:48:00,43.3590049743652,-8.39888668060303,"Unknown"
"7014855",371852,2025-08-12 20:53:14,43.3591384887695,-8.39906692504883,"Unknown"
"7014855",371852,2025-08-12 20:58:01,43.3592147827148,-8.39922714233398,"Unknown"
"7014855",371852,2025-08-12 21:02:58,43.3590927124023,-8.39963817596436,"Unknown"
"7014855",371852,2025-08-12 21:08:02,43.3592300415039,-8.39982318878174,"Unknown"
"7014855",371852,2025-08-12 21:12:58,43.3591117858887,-8.39907741546631,"Unknown"
"7014855",371852,2025-08-12 21:18:09,43.3605918884277,-8.39788055419922,"Unknown"
"7014855",371852,2025-08-12 21:23:02,43.3592185974121,-8.39946174621582,"Unknown"
"7014855",371852,2025-08-12 21:28:08,43.3591499328613,-8.39908027648926,"Unknown"
"7014855",371852,2025-08-12 21:33:07,43.3607597351074,-8.39865875244141,"Unknown"
"7014855",371852,2025-08-12 21:38:15,43.3603134155273,-8.39841938018799,"Unknown"
"7014855",371852,2025-08-12 21:43:14,43.361499786377,-8.40355110168457,"Unknown"
"7014855",371852,2025-08-12 21:47:56,43.3613090515137,-8.4036340713501,"Unknown"
"7014855",371852,2025-08-12 21:52:57,43.3605995178223,-8.40246772766113,"Unknown"
"7014855",371852,2025-08-12 21:58:14,43.3604888916016,-8.40264797210693,"Unknown"
"7014855",371852,2025-08-12 22:02:58,43.3601379394531,-8.40223979949951,"Unknown"
"7014855",371852,2025-08-12 22:08:01,43.3599739074707,-8.40192222595215,"Unknown"
"7014855",371852,2025-08-12 22:12:58,43.3603019714355,-8.39634990692139,"Unknown"
"7014855",371852,2025-08-12 22:18:05,43.3602142333984,-8.40257167816162,"Unknown"
"7014855",371852,2025-08-12 22:23:02,43.3603096008301,-8.40258884429932,"Unknown"
"7014855",371852,2025-08-12 22:27:58,43.359733581543,-8.399489402771,"Unknown"
"7014855",371852,2025-08-12 22:33:29,43.3601226806641,-8.40234851837158,"Unknown"
"7014855",371852,2025-08-12 22:37:55,43.3598022460938,-8.40222835540771,"Unknown"
"7014855",371852,2025-08-12 22:42:58,43.3603401184082,-8.40259170532227,"Unknown"
"7014855",371852,2025-08-12 22:47:56,43.3595771789551,-8.39979267120361,"Unknown"
"7014855",371852,2025-08-12 22:53:06,43.3589401245117,-8.39908218383789,"Unknown"
"7014855",371852,2025-08-12 22:58:13,43.3589019775391,-8.39895439147949,"Unknown"
"7014855",371852,2025-08-12 23:03:01,43.3590431213379,-8.39909267425537,"Unknown"
"7014855",371852,2025-08-12 23:07:57,43.3589706420898,-8.39904022216797,"Unknown"
"7014855",371852,2025-08-12 23:12:57,43.3592987060547,-8.39928436279297,"Unknown"
"7014855",371852,2025-08-12 23:17:57,43.3592414855957,-8.39926910400391,"Unknown"
"7014855",371852,2025-08-12 23:23:01,43.3590087890625,-8.39908027648926,"Unknown"
"7014855",371852,2025-08-12 23:28:14,43.3590965270996,-8.39908218383789,"Unknown"
"7014855",371852,2025-08-12 23:32:57,43.3592071533203,-8.39925003051758,"Unknown"
"7014855",371852,2025-08-12 23:37:55,43.3590202331543,-8.39907073974609,"Unknown"
"7014855",371852,2025-08-12 23:42:54,43.3605346679688,-8.39748287200928,"Unknown"
"7014855",371852,2025-08-12 23:48:07,43.3642768859863,-8.39493370056152,"Unknown"
"7014855",371852,2025-08-12 23:53:14,43.3596611022949,-8.39971828460693,"Unknown"
"7014855",371852,2025-08-12 23:57:56,43.3596343994141,-8.39966773986816,"Unknown"
"7014855",371852,2025-08-13 00:02:55,43.3596076965332,-8.39970016479492,"Unknown"
"7014855",371852,2025-08-13 00:07:56,43.3596649169922,-8.39981174468994,"Unknown"
"7014855",371852,2025-08-13 00:13:06,43.3592796325684,-8.39961814880371,"Unknown"
"7014855",371852,2025-08-13 00:17:56,43.3597221374512,-8.39960765838623,"Unknown"
"7014855",371852,2025-08-13 00:22:56,43.3605537414551,-8.40267372131348,"Unknown"
"7014855",371852,2025-08-13 00:28:04,43.3607444763184,-8.4024486541748,"Unknown"
"7014855",371852,2025-08-13 00:33:00,43.3608093261719,-8.40287971496582,"Unknown"
"7014855",371852,2025-08-13 00:38:29,43.3605346679688,-8.40257263183594,"Unknown"
"7014855",371852,2025-08-13 00:42:55,43.3620529174805,-8.39781379699707,"Unknown"
"7014855",371852,2025-08-13 00:47:55,43.3634033203125,-8.39484405517578,"Unknown"
"7014855",371852,2025-08-13 00:52:56,43.3633003234863,-8.39519500732422,"Unknown"
"7014855",371852,2025-08-13 00:57:55,43.3598785400391,-8.39754962921143,"Unknown"
"7014855",371852,2025-08-13 01:02:55,43.3600540161133,-8.40250492095947,"Unknown"
"7014855",371852,2025-08-13 01:07:56,43.3601951599121,-8.40235042572021,"Unknown"
"7014855",371852,2025-08-13 01:12:55,43.3601150512695,-8.40247917175293,"Unknown"
"7014855",371852,2025-08-13 01:17:55,43.3600463867188,-8.40242576599121,"Unknown"
"7014855",371852,2025-08-13 01:22:55,43.3603096008301,-8.40258979797363,"Unknown"
"7014855",371852,2025-08-13 01:27:55,43.360237121582,-8.40257167816162,"Unknown"
"7014855",371852,2025-08-13 01:32:56,43.3599433898926,-8.4022855758667,"Unknown"
"7014855",371852,2025-08-13 01:38:01,43.3599510192871,-8.39762878417969,"Unknown"
"7014855",371852,2025-08-13 01:42:56,43.3598976135254,-8.39760303497314,"Unknown"
"7014855",371852,2025-08-13 01:47:55,43.359920501709,-8.39752769470215,"Unknown"
"7014855",371852,2025-08-13 01:52:54,43.3597602844238,-8.39826011657715,"Unknown"
"7014855",371852,2025-08-13 01:57:59,43.3600654602051,-8.40260696411133,"Unknown"
"7014855",371852,2025-08-13 02:02:55,43.3597297668457,-8.40041351318359,"Unknown"
"7014855",371852,2025-08-13 02:08:29,43.3601112365723,-8.40243053436279,"Unknown"
"7014855",371852,2025-08-13 02:12:56,43.360164642334,-8.40251922607422,"Unknown"
"7014855",371852,2025-08-13 02:17:55,43.3601036071777,-8.40252494812012,"Unknown"
"7014855",371852,2025-08-13 02:22:55,43.3600997924805,-8.40258026123047,"Unknown"
"7014855",371852,2025-08-13 02:28:01,43.3597831726074,-8.40199661254883,"Unknown"
"7014855",371852,2025-08-13 02:32:56,43.3595962524414,-8.40172386169434,"Unknown"
"7014855",371852,2025-08-13 02:37:55,43.359676361084,-8.39718532562256,"Unknown"
"7014855",371852,2025-08-13 02:42:55,43.3597831726074,-8.39750289916992,"Unknown"
"7014855",371852,2025-08-13 02:48:07,43.3598823547363,-8.3979549407959,"Unknown"
"7014855",371852,2025-08-13 02:52:56,43.3597412109375,-8.39843654632568,"Unknown"
"7014855",371852,2025-08-13 02:57:55,43.3596458435059,-8.4030065536499,"Unknown"
"7014855",371852,2025-08-13 03:02:59,43.3601303100586,-8.40253067016602,"Unknown"
"7014855",371852,2025-08-13 03:07:55,43.3604354858398,-8.40207195281982,"Unknown"
"7014855",371852,2025-08-13 03:12:57,43.3598670959473,-8.40182685852051,"Unknown"
"7014855",371852,2025-08-13 03:17:56,43.3603477478027,-8.40262126922607,"Unknown"
"7014855",371852,2025-08-13 03:22:56,43.3600959777832,-8.40249824523926,"Unknown"
"7014855",371852,2025-08-13 03:27:59,43.3600082397461,-8.40235996246338,"Unknown"
"7014855",371852,2025-08-13 03:32:56,43.3600769042969,-8.40237712860107,"Unknown"
"7014855",371852,2025-08-13 03:37:57,43.3601913452148,-8.40241050720215,"Unknown"
"7014855",371852,2025-08-13 03:42:59,43.3601112365723,-8.40254592895508,"Unknown"
"7014855",371852,2025-08-13 03:48:02,43.3602523803711,-8.40257549285889,"Unknown"
"7014855",371852,2025-08-13 03:52:58,43.3592376708984,-8.39934921264648,"Unknown"
"7014855",371852,2025-08-13 03:58:09,43.3591232299805,-8.39916038513184,"Unknown"
"7014855",371852,2025-08-13 04:02:58,43.3591384887695,-8.39916324615479,"Unknown"
"7014855",371852,2025-08-13 04:08:14,43.3591232299805,-8.39908790588379,"Unknown"
"7014855",371852,2025-08-13 04:12:57,43.3591156005859,-8.3991117477417,"Unknown"
"7014855",371852,2025-08-13 04:17:58,43.3591079711914,-8.39898490905762,"Unknown"
"7014855",371852,2025-08-13 04:22:56,43.3590927124023,-8.39884662628174,"Unknown"
"7014855",371852,2025-08-13 04:27:58,43.3591270446777,-8.39913845062256,"Unknown"
"7014855",371852,2025-08-13 04:32:57,43.3591270446777,-8.39911460876465,"Unknown"
"7014855",371852,2025-08-13 04:37:56,43.3603134155273,-8.40309619903564,"Unknown"
"7014855",371852,2025-08-13 04:43:00,43.3600883483887,-8.40231800079346,"Unknown"
"7014855",371852,2025-08-13 04:48:14,43.3601417541504,-8.40269184112549,"Unknown"
"7014855",371852,2025-08-13 04:52:56,43.3601531982422,-8.40271949768066,"Unknown"
"7014855",371852,2025-08-13 04:58:01,43.3590621948242,-8.40112686157227,"Unknown"
"7014855",371852,2025-08-13 05:03:14,43.3601455688477,-8.40263748168945,"Unknown"
"7014855",371852,2025-08-13 05:08:00,43.3601036071777,-8.40257453918457,"Unknown"
"7014855",371852,2025-08-13 05:12:59,43.3601341247559,-8.40251636505127,"Unknown"
"7014855",371852,2025-08-13 05:17:59,43.3601570129395,-8.40255928039551,"Unknown"
"7014855",371852,2025-08-13 05:23:02,43.3599319458008,-8.40255165100098,"Unknown"
"7014855",371852,2025-08-13 05:28:08,43.3597793579102,-8.39752388000488,"Unknown"
"7014855",371852,2025-08-13 05:33:02,43.3601760864258,-8.39765357971191,"Unknown"
"7014855",371852,2025-08-13 05:38:00,43.3598289489746,-8.39745140075684,"Unknown"
"7014855",371852,2025-08-13 05:43:07,43.3598022460938,-8.39810848236084,"Unknown"
"7014855",371852,2025-08-13 05:48:41,43.3597106933594,-8.39844226837158,"Unknown"
"7014855",371852,2025-08-13 05:53:00,43.3597106933594,-8.39879894256592,"Unknown"
"7014855",371852,2025-08-13 05:58:04,43.3597259521484,-8.39744567871094,"Unknown"
"7014855",371852,2025-08-13 06:03:01,43.3596649169922,-8.40129280090332,"Unknown"
"7014855",371852,2025-08-13 06:07:59,43.3596992492676,-8.39700603485107,"Unknown"
"7014855",371852,2025-08-13 06:13:05,43.3596000671387,-8.39751052856445,"Unknown"
"7014855",371852,2025-08-13 06:18:01,43.3596458435059,-8.39823627471924,"Unknown"
"7014855",371852,2025-08-13 06:23:04,43.3595008850098,-8.39756488800049,"Unknown"
"7014855",371852,2025-08-13 06:28:28,43.3591918945312,-8.39894580841064,"Unknown"
"7014855",371852,2025-08-13 06:33:05,43.3593368530273,-8.4010124206543,"Unknown"
"7014855",371852,2025-08-13 06:38:07,43.3594932556152,-8.39711284637451,"Unknown"
"7014855",371852,2025-08-13 06:43:05,43.3599700927734,-8.4019832611084,"Unknown"
"7014855",371852,2025-08-13 06:48:23,43.3602142333984,-8.40201759338379,"Unknown"
"7014855",371852,2025-08-13 06:53:45,43.3598976135254,-8.40194129943848,"Unknown"
"7014855",371852,2025-08-13 06:58:27,43.359317779541,-8.40096759796143,"Unknown"
"7014855",371852,2025-08-13 07:02:56,43.3592643737793,-8.40141010284424,"Unknown"
"7014855",371852,2025-08-13 07:07:56,43.3599014282227,-8.39699840545654,"Unknown"
"7014855",371852,2025-08-13 07:13:01,43.3597145080566,-8.39705467224121,"Unknown"
"7014855",371852,2025-08-13 07:17:55,43.3591728210449,-8.40155124664307,"Unknown"
"7014855",371852,2025-08-13 07:22:56,43.3610229492188,-8.40012168884277,"Unknown"
"7014855",371852,2025-08-13 07:27:56,43.360034942627,-8.40195369720459,"Unknown"
"7014855",371852,2025-08-13 07:32:56,43.3606719970703,-8.40227222442627,"Unknown"
"7014855",371852,2025-08-13 07:37:57,43.3604927062988,-8.4024076461792,"Unknown"
"7014855",371852,2025-08-13 07:42:58,43.3608322143555,-8.40177059173584,"Unknown"
"7014855",371852,2025-08-13 07:48:26,43.3605728149414,-8.4022741317749,"Unknown"
"7014855",371852,2025-08-13 07:52:55,43.3600082397461,-8.4018611907959,"Unknown"
"7014855",371852,2025-08-13 07:58:32,43.3602600097656,-8.40243816375732,"Unknown"
"7014855",371852,2025-08-13 08:03:03,43.3601722717285,-8.40244770050049,"Unknown"
"7014855",371852,2025-08-13 08:07:57,43.3595924377441,-8.4014778137207,"Unknown"
"7014855",371852,2025-08-13 08:13:01,43.3596305847168,-8.40133953094482,"Unknown"
"7014855",371852,2025-08-13 08:18:04,43.3597068786621,-8.40190696716309,"Unknown"
"7014855",371852,2025-08-13 08:23:00,43.359676361084,-8.40178489685059,"Unknown"
"7014855",371852,2025-08-13 08:27:56,43.359489440918,-8.40190124511719,"Unknown"
"7014855",371852,2025-08-13 08:32:56,43.3598136901855,-8.40201377868652,"Unknown"
"7014855",371852,2025-08-13 08:37:55,43.3597259521484,-8.40122413635254,"Unknown"
"7014855",371852,2025-08-13 08:43:03,43.3596839904785,-8.40211200714111,"Unknown"
"7014855",371852,2025-08-13 08:47:58,43.3598861694336,-8.40243721008301,"Unknown"
"7014855",371852,2025-08-13 08:52:55,43.3603515625,-8.4026985168457,"Unknown"
"7014855",371852,2025-08-13 08:58:07,43.3598365783691,-8.39812755584717,"Unknown"
"7014855",371852,2025-08-13 09:02:55,43.3680534362793,-8.39807605743408,"Unknown"
"7014855",371852,2025-08-13 09:08:14,43.3677635192871,-8.3986988067627,"Unknown"
"7014855",371852,2025-08-13 09:12:55,43.3676681518555,-8.39883804321289,"Unknown"
"7014855",371852,2025-08-13 09:17:55,43.3677520751953,-8.39894390106201,"Unknown"
"7014855",371852,2025-08-13 09:22:55,43.3677177429199,-8.39894866943359,"Unknown"
"7014855",371852,2025-08-13 09:28:14,43.3675231933594,-8.39898681640625,"Unknown"
"7014855",371852,2025-08-13 09:32:55,43.3678283691406,-8.3988618850708,"Unknown"
"7014855",371852,2025-08-13 09:37:55,43.3675193786621,-8.39894962310791,"Unknown"
"7014855",371852,2025-08-13 09:42:55,43.3677291870117,-8.39897346496582,"Unknown"
"7014855",371852,2025-08-13 09:47:55,43.3678092956543,-8.39891624450684,"Unknown"
"7014855",371852,2025-08-13 09:53:44,43.3660202026367,-8.40174865722656,"Unknown"
"7014855",371852,2025-08-13 09:57:57,43.3658447265625,-8.4016695022583,"Unknown"
"7014855",371852,2025-08-13 10:03:12,43.3644905090332,-8.39907550811768,"Unknown"
"7014855",371852,2025-08-13 10:07:57,43.3645095825195,-8.39901828765869,"Unknown"
"7014855",371852,2025-08-13 10:12:58,43.3640365600586,-8.39822959899902,"Unknown"
"7014855",371852,2025-08-13 10:17:57,43.3646202087402,-8.3988094329834,"Unknown"
"7014855",371852,2025-08-13 10:22:56,43.3656768798828,-8.40159320831299,"Unknown"
"7014855",371852,2025-08-13 10:27:56,43.3659439086914,-8.40182590484619,"Unknown"
"7014855",371852,2025-08-13 10:32:57,43.3643493652344,-8.40027809143066,"Unknown"
"7014855",371852,2025-08-13 10:38:11,43.3641662597656,-8.40056324005127,"Unknown"
"7014855",371852,2025-08-13 10:43:12,43.3642883300781,-8.40052127838135,"Unknown"
"7014855",371852,2025-08-13 10:47:59,43.3636817932129,-8.3937873840332,"Unknown"
"7014855",371852,2025-08-13 10:53:56,43.3604164123535,-8.39868354797363,"Unknown"
"7014855",371852,2025-08-13 10:58:10,43.359432220459,-8.39930152893066,"Unknown"
"7014855",371852,2025-08-13 11:03:03,43.3596076965332,-8.39947605133057,"Unknown"
"7014855",371852,2025-08-13 11:08:29,43.3595657348633,-8.39945983886719,"Unknown"
"7014855",371852,2025-08-13 11:12:56,43.3595809936523,-8.3996000289917,"Unknown"
"7014855",371852,2025-08-13 11:17:57,43.3596115112305,-8.39941501617432,"Unknown"
"7014855",371852,2025-08-13 11:22:58,43.3596229553223,-8.39945220947266,"Unknown"
"7014855",371852,2025-08-13 11:27:56,43.3596572875977,-8.40023040771484,"Unknown"
"7014855",371852,2025-08-13 11:32:58,43.3596038818359,-8.39925193786621,"Unknown"
"7014855",371852,2025-08-13 11:38:01,43.3595848083496,-8.39932060241699,"Unknown"
"7014855",371852,2025-08-13 11:43:01,43.359561920166,-8.39929103851318,"Unknown"
"7014855",371852,2025-08-13 11:47:57,43.3597793579102,-8.39945888519287,"Unknown"
"7014855",371852,2025-08-13 11:52:56,43.3589630126953,-8.39969539642334,"Unknown"
"7014855",371852,2025-08-13 11:57:58,43.3591346740723,-8.39967250823975,"Unknown"
"7014855",371852,2025-08-13 12:03:13,43.3590850830078,-8.39994525909424,"Unknown"
"7014855",371852,2025-08-13 12:07:57,43.3588600158691,-8.39660167694092,"Unknown"
"7014855",371852,2025-08-13 12:13:04,43.3589973449707,-8.39815711975098,"Unknown"
"7014855",371852,2025-08-13 12:17:56,43.3591918945312,-8.39848232269287,"Unknown"
"7014855",371852,2025-08-13 12:23:28,43.359447479248,-8.40324211120605,"Unknown"
"7014855",371852,2025-08-13 12:27:57,43.3658103942871,-8.42245292663574,"Unknown"
"7014855",371852,2025-08-13 12:32:55,43.3664169311523,-8.43460464477539,"Unknown"
"7014855",371852,2025-08-13 12:37:59,43.3717880249023,-8.4542179107666,"Unknown"
"7014855",371852,2025-08-13 12:43:08,43.3709335327148,-8.45252895355225,"Unknown"
"7014855",371852,2025-08-13 12:48:32,43.3708534240723,-8.45249176025391,"Unknown"
"7014855",371852,2025-08-13 12:52:57,43.3704795837402,-8.45255279541016,"Unknown"
"7014855",371852,2025-08-13 12:57:58,43.3708839416504,-8.45275211334229,"Unknown"
"7014855",371852,2025-08-13 13:02:59,43.3709754943848,-8.45296287536621,"Unknown"
"7014855",371852,2025-08-13 13:07:56,43.3705444335938,-8.45273303985596,"Unknown"
"7014855",371852,2025-08-13 13:12:57,43.3707847595215,-8.45278644561768,"Unknown"
"7014855",371852,2025-08-13 13:17:57,43.3706932067871,-8.45254898071289,"Unknown"
"7014855",371852,2025-08-13 13:22:55,43.3707733154297,-8.45256519317627,"Unknown"
"7014855",371852,2025-08-13 13:27:55,43.3707008361816,-8.45272827148438,"Unknown"
"7014855",371852,2025-08-13 13:32:57,43.3706703186035,-8.45254135131836,"Unknown"
"7014855",371852,2025-08-13 13:37:57,43.3708305358887,-8.45263957977295,"Unknown"
"7014855",371852,2025-08-13 13:42:57,43.3706588745117,-8.4525728225708,"Unknown"
"7014855",371852,2025-08-13 13:48:00,43.3707237243652,-8.45258617401123,"Unknown"
"7014855",371852,2025-08-13 13:53:04,43.3706092834473,-8.45265769958496,"Unknown"
"7014855",371852,2025-08-13 13:57:59,43.370677947998,-8.4525671005249,"Unknown"
"7014855",371852,2025-08-13 14:03:03,43.3707389831543,-8.45261669158936,"Unknown"
"7014855",371852,2025-08-13 14:08:01,43.3702278137207,-8.45299053192139,"Unknown"
"7014855",371852,2025-08-13 14:13:01,43.370719909668,-8.45271015167236,"Unknown"
"7014855",371852,2025-08-13 14:18:01,43.3708076477051,-8.45267772674561,"Unknown"
"7014855",371852,2025-08-13 14:23:05,43.3707962036133,-8.45272159576416,"Unknown"
"7014855",371852,2025-08-13 14:27:59,43.3705863952637,-8.45272159576416,"Unknown"
"7014855",371852,2025-08-13 14:33:04,43.3707580566406,-8.45262718200684,"Unknown"
"7014855",371852,2025-08-13 14:38:04,43.3706245422363,-8.45267677307129,"Unknown"
"7014855",371852,2025-08-13 14:43:06,43.3707008361816,-8.45269680023193,"Unknown"
"7014855",371852,2025-08-13 14:48:06,43.3706588745117,-8.4526309967041,"Unknown"
"7014855",371852,2025-08-13 14:53:06,43.37060546875,-8.45265960693359,"Unknown"
"7014855",371852,2025-08-13 14:58:07,43.3706893920898,-8.45265674591064,"Unknown"
"7014855",371852,2025-08-13 15:03:06,43.3706283569336,-8.45264434814453,"Unknown"
"7014855",371852,2025-08-13 15:08:06,43.3705291748047,-8.45255756378174,"Unknown"
"7014855",371852,2025-08-13 15:13:09,43.3706474304199,-8.45246410369873,"Unknown"
"7014855",371852,2025-08-13 15:18:06,43.3706855773926,-8.45266246795654,"Unknown"
"7014855",371852,2025-08-13 15:23:14,43.3706665039062,-8.45266723632812,"Unknown"
"7014855",371852,2025-08-13 15:28:08,43.3696022033691,-8.45361804962158,"Unknown"
"7014855",371852,2025-08-13 15:33:09,43.3706817626953,-8.45282077789307,"Unknown"
"7014855",371852,2025-08-13 15:38:06,43.3704872131348,-8.45351028442383,"Unknown"
"7014855",371852,2025-08-13 15:43:05,43.3701934814453,-8.45348167419434,"Unknown"
"7014855",371852,2025-08-13 15:48:35,43.3603248596191,-8.45998954772949,"Unknown"
"7014855",371852,2025-08-13 15:52:59,43.3561859130859,-8.45657253265381,"Unknown"
"7014855",371852,2025-08-13 15:58:07,43.3564567565918,-8.45711898803711,"Unknown"
"7014855",371852,2025-08-13 16:03:13,43.3564033508301,-8.4570369720459,"Unknown"
"7014855",371852,2025-08-13 16:08:11,43.3543243408203,-8.4580135345459,"Unknown"
"7014855",371852,2025-08-13 16:13:01,43.3543968200684,-8.45835590362549,"Unknown"
"7014855",371852,2025-08-13 16:18:16,43.3545913696289,-8.45841503143311,"Unknown"
"7014855",371852,2025-08-13 16:23:42,43.3543663024902,-8.45865535736084,"Unknown"
"7014855",371852,2025-08-13 16:28:00,43.3544998168945,-8.4584903717041,"Unknown"
"7014855",371852,2025-08-13 16:32:58,43.3541069030762,-8.4589672088623,"Unknown"
"7014855",371852,2025-08-13 16:38:15,43.3540306091309,-8.45882320404053,"Unknown"
"7014855",371852,2025-08-13 16:44:18,43.3549575805664,-8.45788383483887,"Unknown"
"7014855",371852,2025-08-13 16:48:07,43.3539123535156,-8.45898628234863,"Unknown"
"7014855",371852,2025-08-13 16:53:16,43.3543968200684,-8.45836067199707,"Unknown"
"7014855",371852,2025-08-13 16:58:00,43.3542633056641,-8.45851230621338,"Unknown"
"7014855",371852,2025-08-13 17:03:01,43.3546180725098,-8.45855712890625,"Unknown"
"7014855",371852,2025-08-13 17:07:57,43.3569602966309,-8.45744514465332,"Unknown"
"7014855",371852,2025-08-13 17:13:00,43.3565063476562,-8.45705413818359,"Unknown"
"7014855",371852,2025-08-13 17:17:56,43.3562049865723,-8.45699119567871,"Unknown"
"7014855",371852,2025-08-13 17:22:55,43.3560600280762,-8.45710754394531,"Unknown"
"7014855",371852,2025-08-13 17:27:57,43.356315612793,-8.45711231231689,"Unknown"
"7014855",371852,2025-08-13 17:33:01,43.3566703796387,-8.45710277557373,"Unknown"
"7014855",371852,2025-08-13 17:37:55,43.3555374145508,-8.4578914642334,"Unknown"
"7014855",371852,2025-08-13 17:43:08,43.3548469543457,-8.45853233337402,"Unknown"
"7014855",371852,2025-08-13 17:48:14,43.3551063537598,-8.45854759216309,"Unknown"
"7014855",371852,2025-08-13 17:52:57,43.3545722961426,-8.45902252197266,"Unknown"
"7014855",371852,2025-08-13 17:57:55,43.3546295166016,-8.45858097076416,"Unknown"
"7014855",371852,2025-08-13 18:03:00,43.3545875549316,-8.45863723754883,"Unknown"
"7014855",371852,2025-08-13 18:08:06,43.354606628418,-8.45872783660889,"Unknown"
"7014855",371852,2025-08-13 18:13:29,43.3542327880859,-8.45841789245605,"Unknown"
"7014855",371852,2025-08-13 18:17:57,43.3698959350586,-8.45465278625488,"Unknown"
"7014855",371852,2025-08-13 18:22:54,43.371036529541,-8.45302867889404,"Unknown"
"7014855",371852,2025-08-13 18:27:54,43.3774719238281,-8.43182373046875,"Unknown"
"7014855",371852,2025-08-13 18:32:56,43.3687438964844,-8.41962814331055,"Unknown"
"7014855",371852,2025-08-13 18:38:06,43.3690071105957,-8.41988277435303,"Unknown"
"7014855",371852,2025-08-13 18:42:57,43.3690795898438,-8.41975879669189,"Unknown"
"7014855",371852,2025-08-13 18:48:14,43.369441986084,-8.41502571105957,"Unknown"
"7014855",371852,2025-08-13 18:52:54,43.3675308227539,-8.39927864074707,"Unknown"
"7014855",371852,2025-08-13 18:57:55,43.3674392700195,-8.39919281005859,"Unknown"
"7014855",371852,2025-08-13 19:02:56,43.3675918579102,-8.39938640594482,"Unknown"
"7014855",371852,2025-08-13 19:07:57,43.3679275512695,-8.40001106262207,"Unknown"
"7014855",371852,2025-08-13 19:12:55,43.3676528930664,-8.39953804016113,"Unknown"
"7014855",371852,2025-08-13 19:17:59,43.3678283691406,-8.40002059936523,"Unknown"
"7014855",371852,2025-08-13 19:22:55,43.367748260498,-8.39991664886475,"Unknown"
"7014855",371852,2025-08-13 19:27:59,43.3673439025879,-8.39991474151611,"Unknown"
"7014855",371852,2025-08-13 19:33:04,43.3673439025879,-8.3997220993042,"Unknown"
"7014855",371852,2025-08-13 19:37:59,43.3675270080566,-8.4004487991333,"Unknown"
"7014855",371852,2025-08-13 19:43:03,43.3675804138184,-8.39851379394531,"Unknown"
"7014855",371852,2025-08-13 19:48:06,43.3675498962402,-8.39916229248047,"Unknown"
"7014855",371852,2025-08-13 19:53:07,43.3675880432129,-8.39840888977051,"Unknown"
"7014855",371852,2025-08-13 19:58:09,43.3675537109375,-8.39895343780518,"Unknown"
"7014855",371852,2025-08-13 20:03:15,43.3676872253418,-8.39784908294678,"Unknown"
"7014855",371852,2025-08-13 20:08:10,43.3675842285156,-8.39842414855957,"Unknown"
"7014855",371852,2025-08-13 20:13:07,43.3675575256348,-8.39906978607178,"Unknown"
"7014855",371852,2025-08-13 20:18:12,43.367561340332,-8.39896011352539,"Unknown"
"7014855",371852,2025-08-13 20:23:27,43.3593521118164,-8.39851951599121,"Unknown"
"7014855",371852,2025-08-13 20:27:59,43.3598098754883,-8.39709091186523,"Unknown"
"7014855",371852,2025-08-13 20:33:06,43.3599586486816,-8.40234375,"Unknown"
"7014855",371852,2025-08-13 20:38:00,43.3592071533203,-8.39970397949219,"Unknown"
"7014855",371852,2025-08-13 20:43:08,43.3591117858887,-8.39898777008057,"Unknown"
"7014855",371852,2025-08-13 20:48:16,43.3598403930664,-8.40218639373779,"Unknown"
"7014855",371852,2025-08-13 20:53:15,43.360221862793,-8.40271186828613,"Unknown"
"7014855",371852,2025-08-13 20:57:54,43.3602104187012,-8.40260696411133,"Unknown"
"7014855",371852,2025-08-13 21:02:57,43.3603057861328,-8.40272903442383,"Unknown"
"7014855",371852,2025-08-13 21:08:01,43.3603897094727,-8.40287971496582,"Unknown"
"7014855",371852,2025-08-13 21:13:06,43.3603630065918,-8.40267086029053,"Unknown"
"7014855",371852,2025-08-13 21:18:06,43.3605880737305,-8.40293121337891,"Unknown"
"7014855",371852,2025-08-13 21:23:06,43.3604049682617,-8.40286254882812,"Unknown"
"7014855",371852,2025-08-13 21:28:15,43.3603401184082,-8.40282249450684,"Unknown"
"7014855",371852,2025-08-13 21:32:54,43.3604621887207,-8.40291023254395,"Unknown"
"7014855",371852,2025-08-13 21:37:55,43.3603286743164,-8.40279102325439,"Unknown"
"7014855",371852,2025-08-13 21:42:58,43.3604278564453,-8.40284061431885,"Unknown"
"7014855",371852,2025-08-13 21:48:15,43.3604621887207,-8.40276718139648,"Unknown"
"7014855",371852,2025-08-13 21:53:03,43.3605651855469,-8.40285301208496,"Unknown"
"7014855",371852,2025-08-13 21:58:01,43.360538482666,-8.40292739868164,"Unknown"
"7014855",371852,2025-08-13 22:03:09,43.3603096008301,-8.40283489227295,"Unknown"
"7014855",371852,2025-08-13 22:07:58,43.3592071533203,-8.402587890625,"Unknown"
"7014855",371852,2025-08-13 22:12:57,43.359733581543,-8.40228843688965,"Unknown"
"7014855",371852,2025-08-13 22:17:59,43.3611145019531,-8.40376758575439,"Unknown"
"7014855",371852,2025-08-13 22:23:06,43.3601188659668,-8.40285110473633,"Unknown"
"7014855",371852,2025-08-13 22:28:06,43.3602828979492,-8.40277862548828,"Unknown"
"7014855",371852,2025-08-13 22:33:06,43.3602294921875,-8.40282917022705,"Unknown"
"7014855",371852,2025-08-13 22:38:06,43.3603401184082,-8.40281772613525,"Unknown"
"7014855",371852,2025-08-13 22:43:06,43.3605117797852,-8.4029655456543,"Unknown"
"7014855",371852,2025-08-13 22:48:21,43.3603134155273,-8.40269470214844,"Unknown"
"7014855",371852,2025-08-13 22:53:19,43.3601875305176,-8.4026927947998,"Unknown"
"7014855",371852,2025-08-13 22:58:29,43.3601837158203,-8.40265941619873,"Unknown"
"7014855",371852,2025-08-13 23:02:57,43.3600540161133,-8.40271186828613,"Unknown"
"7014855",371852,2025-08-13 23:08:06,43.3600883483887,-8.40256977081299,"Unknown"
"7014855",371852,2025-08-13 23:12:59,43.3600654602051,-8.40261936187744,"Unknown"
"7014855",371852,2025-08-13 23:18:06,43.3601913452148,-8.40265560150146,"Unknown"
"7014855",371852,2025-08-13 23:23:31,43.3602256774902,-8.4027099609375,"Unknown"
"7014855",371852,2025-08-13 23:27:58,43.3601570129395,-8.40261936187744,"Unknown"
"7014855",371852,2025-08-13 23:33:04,43.3601264953613,-8.40276718139648,"Unknown"
"7014855",371852,2025-08-13 23:37:56,43.3602142333984,-8.40278244018555,"Unknown"
"7014855",371852,2025-08-13 23:42:58,43.3603515625,-8.40264892578125,"Unknown"
"7014855",371852,2025-08-13 23:48:06,43.3590965270996,-8.39885807037354,"Unknown"
"7014855",371852,2025-08-13 23:52:58,43.3587951660156,-8.3986120223999,"Unknown"
"7014855",371852,2025-08-13 23:57:56,43.3590278625488,-8.39878177642822,"Unknown"
"7014855",371852,2025-08-14 00:03:00,43.359260559082,-8.39903926849365,"Unknown"
"7014855",371852,2025-08-14 00:08:06,43.3589897155762,-8.39881896972656,"Unknown"
"7014855",371852,2025-08-14 00:12:56,43.3593559265137,-8.39906692504883,"Unknown"
"7014855",371852,2025-08-14 00:17:57,43.3592491149902,-8.39906120300293,"Unknown"
"7014855",371852,2025-08-14 00:22:56,43.3591613769531,-8.39898490905762,"Unknown"
"7014855",371852,2025-08-14 00:27:55,43.3591995239258,-8.39900016784668,"Unknown"
"7014855",371852,2025-08-14 00:32:55,43.3591156005859,-8.39892292022705,"Unknown"
"7014855",371852,2025-08-14 00:37:58,43.3591651916504,-8.39898300170898,"Unknown"
"7014855",371852,2025-08-14 00:43:12,43.359073638916,-8.39881134033203,"Unknown"
"7014855",371852,2025-08-14 00:47:55,43.359073638916,-8.39944362640381,"Unknown"
"7014855",371852,2025-08-14 00:52:58,43.3591384887695,-8.39886856079102,"Unknown"
"7014855",371852,2025-08-14 00:57:57,43.3590278625488,-8.39863204956055,"Unknown"
"7014855",371852,2025-08-14 01:02:55,43.3590240478516,-8.39872360229492,"Unknown"
"7014855",371852,2025-08-14 01:07:54,43.3590354919434,-8.39885807037354,"Unknown"
"7014855",371852,2025-08-14 01:12:54,43.3590698242188,-8.39881134033203,"Unknown"
"7014855",371852,2025-08-14 01:17:54,43.3590965270996,-8.3987979888916,"Unknown"
"7014855",371852,2025-08-14 01:22:55,43.3592071533203,-8.39917659759521,"Unknown"
"7014855",371852,2025-08-14 01:27:55,43.3589630126953,-8.3984203338623,"Unknown"
"7014855",371852,2025-08-14 01:33:14,43.3589668273926,-8.39860057830811,"Unknown"
"7014855",371852,2025-08-14 01:37:55,43.3591804504395,-8.39906406402588,"Unknown"
"7014855",371852,2025-08-14 01:43:09,43.3595085144043,-8.39945793151855,"Unknown"
"7014855",371852,2025-08-14 01:47:58,43.359375,-8.39937305450439,"Unknown"
"7014855",371852,2025-08-14 01:53:35,43.3590621948242,-8.39880847930908,"Unknown"
"7014855",371852,2025-08-14 01:57:55,43.3590431213379,-8.39874839782715,"Unknown"
"7014855",371852,2025-08-14 02:02:55,43.359001159668,-8.39878749847412,"Unknown"
"7014855",371852,2025-08-14 02:07:55,43.3591041564941,-8.39881801605225,"Unknown"
"7014855",371852,2025-08-14 02:12:57,43.3590621948242,-8.39884662628174,"Unknown"
"7014855",371852,2025-08-14 02:17:55,43.3590774536133,-8.39885807037354,"Unknown"
"7014855",371852,2025-08-14 02:22:54,43.3590621948242,-8.3987922668457,"Unknown"
"7014855",371852,2025-08-14 02:27:55,43.359058380127,-8.3988037109375,"Unknown"
"7014855",371852,2025-08-14 02:32:54,43.3591041564941,-8.39877319335938,"Unknown"
"7014855",371852,2025-08-14 02:37:54,43.3590965270996,-8.3987455368042,"Unknown"
"7014855",371852,2025-08-14 02:42:54,43.3590927124023,-8.39899063110352,"Unknown"
"7014855",371852,2025-08-14 02:47:57,43.3590278625488,-8.39919185638428,"Unknown"
"7014855",371852,2025-08-14 02:53:06,43.3590850830078,-8.39919471740723,"Unknown"
"7014855",371852,2025-08-14 02:57:57,43.3590812683105,-8.39908981323242,"Unknown"
"7014855",371852,2025-08-14 03:02:58,43.3591079711914,-8.39910125732422,"Unknown"
"7014855",371852,2025-08-14 03:07:58,43.359058380127,-8.39905738830566,"Unknown"
"7014855",371852,2025-08-14 03:12:59,43.3590774536133,-8.39902973175049,"Unknown"
"7014855",371852,2025-08-14 03:18:14,43.3590278625488,-8.39905452728271,"Unknown"
"7014855",371852,2025-08-14 03:22:58,43.3590240478516,-8.39906883239746,"Unknown"
"7014855",371852,2025-08-14 03:27:55,43.359001159668,-8.39901161193848,"Unknown"
"7014855",371852,2025-08-14 03:32:55,43.3590545654297,-8.39891624450684,"Unknown"
"7014855",371852,2025-08-14 03:37:55,43.3590431213379,-8.39882564544678,"Unknown"
"7014855",371852,2025-08-14 03:42:55,43.3591156005859,-8.39896869659424,"Unknown"
"7014855",371852,2025-08-14 03:47:59,43.3591270446777,-8.3989429473877,"Unknown"
"7014855",371852,2025-08-14 03:53:01,43.3590316772461,-8.39886569976807,"Unknown"
"7014855",371852,2025-08-14 03:58:14,43.3591117858887,-8.39889430999756,"Unknown"
"7014855",371852,2025-08-14 04:02:54,43.3589897155762,-8.39901828765869,"Unknown"
"7014855",371852,2025-08-14 04:08:14,43.3590888977051,-8.39903831481934,"Unknown"
"7014855",371852,2025-08-14 04:13:04,43.359073638916,-8.39904689788818,"Unknown"
"7014855",371852,2025-08-14 04:18:06,43.3590393066406,-8.39910411834717,"Unknown"
"7014855",371852,2025-08-14 04:23:05,43.359058380127,-8.39889621734619,"Unknown"
"7014855",371852,2025-08-14 04:28:06,43.3590774536133,-8.39905643463135,"Unknown"
"7014855",371852,2025-08-14 04:33:05,43.3591041564941,-8.39891719818115,"Unknown"
"7014855",371852,2025-08-14 04:38:01,43.3579521179199,-8.40215492248535,"Unknown"
"7014855",371852,2025-08-14 04:43:06,43.3590507507324,-8.39907836914062,"Unknown"
"7014855",371852,2025-08-14 04:48:14,43.3590621948242,-8.39914989471436,"Unknown"
"7014855",371852,2025-08-14 04:53:00,43.3593406677246,-8.39934730529785,"Unknown"
"7014855",371852,2025-08-14 04:57:58,43.3601455688477,-8.40238189697266,"Unknown"
"7014855",371852,2025-08-14 05:03:06,43.3602142333984,-8.40267944335938,"Unknown"
"7014855",371852,2025-08-14 05:08:01,43.359992980957,-8.40249729156494,"Unknown"
"7014855",371852,2025-08-14 05:13:00,43.3598823547363,-8.4026575088501,"Unknown"
"7014855",371852,2025-08-14 05:18:03,43.3596420288086,-8.40257835388184,"Unknown"
"7014855",371852,2025-08-14 05:23:09,43.359977722168,-8.4031982421875,"Unknown"
"7014855",371852,2025-08-14 05:28:00,43.3599281311035,-8.40276050567627,"Unknown"
"7014855",371852,2025-08-14 05:33:01,43.3599052429199,-8.40289974212646,"Unknown"
"7014855",371852,2025-08-14 05:38:10,43.3599548339844,-8.40280055999756,"Unknown"
"7014855",371852,2025-08-14 05:43:14,43.3595733642578,-8.4018087387085,"Unknown"
"7014855",371852,2025-08-14 05:48:00,43.3597068786621,-8.39986705780029,"Unknown"
"7014855",371852,2025-08-14 05:52:59,43.3597640991211,-8.40097808837891,"Unknown"
"7014855",371852,2025-08-14 05:57:58,43.3594093322754,-8.40159034729004,"Unknown"
"7014855",371852,2025-08-14 06:03:06,43.3601150512695,-8.4028263092041,"Unknown"
"7014855",371852,2025-08-14 06:08:03,43.360481262207,-8.4031810760498,"Unknown"
"7014855",371852,2025-08-14 06:13:30,43.3603897094727,-8.39796543121338,"Unknown"
"7014855",371852,2025-08-14 06:18:04,43.359790802002,-8.40017509460449,"Unknown"
"7014855",371852,2025-08-14 06:22:59,43.3612480163574,-8.40269374847412,"Unknown"
"7014855",371852,2025-08-14 06:28:29,43.3611450195312,-8.40306663513184,"Unknown"
"7014855",371852,2025-08-14 06:32:57,43.3611640930176,-8.4032564163208,"Unknown"
"7014855",371852,2025-08-14 06:38:00,43.3610916137695,-8.403151512146,"Unknown"
"7014855",371852,2025-08-14 06:42:56,43.3611755371094,-8.40326595306396,"Unknown"
"7014855",371852,2025-08-14 06:47:54,43.3611755371094,-8.40321159362793,"Unknown"
"7014855",371852,2025-08-14 06:53:14,43.3611831665039,-8.40316200256348,"Unknown"
"7014855",371852,2025-08-14 06:57:54,43.3610305786133,-8.40313529968262,"Unknown"
"7014855",371852,2025-08-14 07:02:55,43.3610725402832,-8.40330028533936,"Unknown"
"7014855",371852,2025-08-14 07:08:00,43.3610992431641,-8.40322971343994,"Unknown"
"7014855",371852,2025-08-14 07:13:00,43.3611793518066,-8.40318965911865,"Unknown"
"7014855",371852,2025-08-14 07:18:35,43.3611679077148,-8.40317249298096,"Unknown"
"7014855",371852,2025-08-14 07:22:55,43.361213684082,-8.4032678604126,"Unknown"
"7014855",371852,2025-08-14 07:27:55,43.3611450195312,-8.4031400680542,"Unknown"
"7014855",371852,2025-08-14 07:32:55,43.3611679077148,-8.40317821502686,"Unknown"
"7014855",371852,2025-08-14 07:37:54,43.361213684082,-8.40324401855469,"Unknown"
"7014855",371852,2025-08-14 07:42:55,43.3611450195312,-8.40306854248047,"Unknown"
"7014855",371852,2025-08-14 07:47:56,43.3611755371094,-8.40335655212402,"Unknown"
"7014855",371852,2025-08-14 07:52:56,43.3611907958984,-8.40327262878418,"Unknown"
"7014855",371852,2025-08-14 07:57:55,43.3611335754395,-8.40305423736572,"Unknown"
"7014855",371852,2025-08-14 08:03:03,43.3611679077148,-8.40314102172852,"Unknown"
"7014855",371852,2025-08-14 08:07:58,43.3611373901367,-8.40310096740723,"Unknown"
"7014855",371852,2025-08-14 08:12:57,43.3611640930176,-8.40321826934814,"Unknown"
"7014855",371852,2025-08-14 08:18:06,43.3611679077148,-8.40317821502686,"Unknown"
"7014855",371852,2025-08-14 08:22:58,43.3613052368164,-8.40397167205811,"Unknown"
"7014855",371852,2025-08-14 08:28:07,43.3611068725586,-8.40297508239746,"Unknown"
"7014855",371852,2025-08-14 08:33:14,43.3612747192383,-8.40316390991211,"Unknown"
"7014855",371852,2025-08-14 08:38:06,43.360725402832,-8.40384960174561,"Unknown"
"7014855",371852,2025-08-14 08:42:59,43.359130859375,-8.39944458007812,"Unknown"
"7014855",371852,2025-08-14 08:47:58,43.3590965270996,-8.39919376373291,"Unknown"
"7014855",371852,2025-08-14 08:53:05,43.3592414855957,-8.399169921875,"Unknown"
"7014855",371852,2025-08-14 08:57:59,43.3590621948242,-8.39927101135254,"Unknown"
"7014855",371852,2025-08-14 09:03:03,43.359073638916,-8.39951229095459,"Unknown"
"7014855",371852,2025-08-14 09:08:03,43.359073638916,-8.39967632293701,"Unknown"
"7014855",371852,2025-08-14 09:13:25,43.3589782714844,-8.39911365509033,"Unknown"
"7014855",371852,2025-08-14 09:17:59,43.3591766357422,-8.39903354644775,"Unknown"
"7014855",371852,2025-08-14 09:22:59,43.3591995239258,-8.3990535736084,"Unknown"
"7014855",371852,2025-08-14 09:27:57,43.3589973449707,-8.39905548095703,"Unknown"
"7014855",371852,2025-08-14 09:33:14,43.3590469360352,-8.39915180206299,"Unknown"
"7014855",371852,2025-08-14 09:38:03,43.3589057922363,-8.39911556243896,"Unknown"
"7014855",371852,2025-08-14 09:42:58,43.3593406677246,-8.39923858642578,"Unknown"
"7014855",371852,2025-08-14 09:47:55,43.359188079834,-8.39926624298096,"Unknown"
"7014855",371852,2025-08-14 09:52:56,43.3590469360352,-8.39925193786621,"Unknown"
"7014855",371852,2025-08-14 09:57:57,43.3593139648438,-8.39881706237793,"Unknown"
"7014855",371852,2025-08-14 10:03:01,43.3589668273926,-8.39897537231445,"Unknown"
"7014855",371852,2025-08-14 10:08:02,43.359001159668,-8.39914798736572,"Unknown"
"7014855",371852,2025-08-14 10:13:03,43.3590126037598,-8.39920902252197,"Unknown"
"7014855",371852,2025-08-14 10:18:04,43.359016418457,-8.39916515350342,"Unknown"
"7014855",371852,2025-08-14 10:23:08,43.3587646484375,-8.39911460876465,"Unknown"
"7014855",371852,2025-08-14 10:28:22,43.3599967956543,-8.39851856231689,"Unknown"
"7014855",371852,2025-08-14 10:33:08,43.3596076965332,-8.39970684051514,"Unknown"
"7014855",371852,2025-08-14 10:37:56,43.3596153259277,-8.40043830871582,"Unknown"
"7014855",371852,2025-08-14 10:43:04,43.3647346496582,-8.40482807159424,"Unknown"
"7014855",371852,2025-08-14 10:48:20,43.3647308349609,-8.40462493896484,"Unknown"
"7014855",371852,2025-08-14 10:53:04,43.3650703430176,-8.4048023223877,"Unknown"
"7014855",371852,2025-08-14 10:58:00,43.3648300170898,-8.40464687347412,"Unknown"
"7014855",371852,2025-08-14 11:03:00,43.3645172119141,-8.4044303894043,"Unknown"
"7014855",371852,2025-08-14 11:08:35,43.3647117614746,-8.40446376800537,"Unknown"
"7014855",371852,2025-08-14 11:13:02,43.3648262023926,-8.40418243408203,"Unknown"
"7014855",371852,2025-08-14 11:17:59,43.3648223876953,-8.40486145019531,"Unknown"
"7014855",371852,2025-08-14 11:23:06,43.3646850585938,-8.40463924407959,"Unknown"
"7014855",371852,2025-08-14 11:27:56,43.3648567199707,-8.40307426452637,"Unknown"
"7014855",371852,2025-08-14 11:33:04,43.3656997680664,-8.40195369720459,"Unknown"
"7014855",371852,2025-08-14 11:38:00,43.3655700683594,-8.4013729095459,"Unknown"
"7014855",371852,2025-08-14 11:42:59,43.3651161193848,-8.40048694610596,"Unknown"
"7014855",371852,2025-08-14 11:48:01,43.3650016784668,-8.40028285980225,"Unknown"
"7014855",371852,2025-08-14 11:53:42,43.3644332885742,-8.40011882781982,"Unknown"
"7014855",371852,2025-08-14 11:58:00,43.364429473877,-8.40050315856934,"Unknown"
"7014855",371852,2025-08-14 12:02:58,43.3624267578125,-8.39692497253418,"Unknown"
"7014855",371852,2025-08-14 12:07:57,43.359691619873,-8.39881324768066,"Unknown"
"7014855",371852,2025-08-14 12:13:02,43.360221862793,-8.39684772491455,"Unknown"
"7014855",371852,2025-08-14 12:18:05,43.3601760864258,-8.39687156677246,"Unknown"
"7014855",371852,2025-08-14 12:22:56,43.3598289489746,-8.39733219146729,"Unknown"
"7014855",371852,2025-08-14 12:28:02,43.3600387573242,-8.39748382568359,"Unknown"
"7014855",371852,2025-08-14 12:33:14,43.3599433898926,-8.39746761322021,"Unknown"
"7014855",371852,2025-08-14 12:38:29,43.3598480224609,-8.39755344390869,"Unknown"
"7014855",371852,2025-08-14 12:43:33,43.360107421875,-8.39745807647705,"Unknown"
"7014855",371852,2025-08-14 12:48:57,43.3600616455078,-8.39752864837646,"Unknown"
"7014855",371852,2025-08-14 12:53:13,43.360107421875,-8.3974027633667,"Unknown"
"7014855",371852,2025-08-14 12:58:15,43.3602828979492,-8.39741134643555,"Unknown"
"7014855",371852,2025-08-14 13:02:55,43.3598251342773,-8.39746189117432,"Unknown"
"7014855",371852,2025-08-14 13:07:56,43.3599243164062,-8.39744853973389,"Unknown"
"7014855",371852,2025-08-14 13:12:57,43.3598365783691,-8.39751815795898,"Unknown"
"7014855",371852,2025-08-14 13:17:56,43.3598480224609,-8.39737033843994,"Unknown"
"7014855",371852,2025-08-14 13:23:00,43.3598136901855,-8.39738655090332,"Unknown"
"7014855",371852,2025-08-14 13:27:59,43.3598136901855,-8.39749908447266,"Unknown"
"7014855",371852,2025-08-14 13:32:58,43.3598251342773,-8.3973503112793,"Unknown"
"7014855",371852,2025-08-14 13:37:59,43.3602066040039,-8.39751052856445,"Unknown"
"7014855",371852,2025-08-14 13:42:58,43.3600540161133,-8.39748764038086,"Unknown"
"7014855",371852,2025-08-14 13:47:56,43.3601188659668,-8.39760208129883,"Unknown"
"7014855",371852,2025-08-14 13:53:08,43.3601684570312,-8.39751243591309,"Unknown"
"7014855",371852,2025-08-14 13:58:02,43.360294342041,-8.39720249176025,"Unknown"
"7014855",371852,2025-08-14 14:02:57,43.3601226806641,-8.39740562438965,"Unknown"
"7014855",371852,2025-08-14 14:07:58,43.360164642334,-8.39740657806396,"Unknown"
"7014855",371852,2025-08-14 14:12:59,43.3603096008301,-8.39762687683105,"Unknown"
"7014855",371852,2025-08-14 14:18:01,43.360164642334,-8.39765071868896,"Unknown"
"7014855",371852,2025-08-14 14:23:02,43.3599662780762,-8.39749622344971,"Unknown"
"7014855",371852,2025-08-14 14:28:14,43.3597869873047,-8.39830780029297,"Unknown"
"7014855",371852,2025-08-14 14:33:02,43.3624382019043,-8.40921020507812,"Unknown"
"7014855",371852,2025-08-14 14:38:01,43.3597030639648,-8.40039920806885,"Unknown"
"7014855",371852,2025-08-14 14:43:02,43.3597640991211,-8.39783763885498,"Unknown"
"7014855",371852,2025-08-14 14:48:14,43.3598670959473,-8.40051651000977,"Unknown"
"7014855",371852,2025-08-14 14:52:59,43.3596611022949,-8.4008264541626,"Unknown"
"7014855",371852,2025-08-14 14:57:59,43.3598785400391,-8.40075874328613,"Unknown"
"7014855",371852,2025-08-14 15:03:03,43.359619140625,-8.40092945098877,"Unknown"
"7014855",371852,2025-08-14 15:07:56,43.359748840332,-8.39733409881592,"Unknown"
"7014855",371852,2025-08-14 15:12:58,43.3597145080566,-8.40056228637695,"Unknown"
"7014855",371852,2025-08-14 15:19:19,43.359489440918,-8.40081977844238,"Unknown"
"7014855",371852,2025-08-14 15:23:24,43.3596801757812,-8.40106296539307,"Unknown"
"7014855",371852,2025-08-14 15:28:39,43.3595352172852,-8.40074062347412,"Unknown"
"7014855",371852,2025-08-14 15:33:14,43.3594551086426,-8.40087223052979,"Unknown"
"7014855",371852,2025-08-14 15:38:10,43.3596267700195,-8.40070056915283,"Unknown"
"7014855",371852,2025-08-14 15:43:05,43.3594970703125,-8.40109729766846,"Unknown"
"7014855",371852,2025-08-14 15:48:00,43.3595314025879,-8.39721870422363,"Unknown"
"7014855",371852,2025-08-14 15:53:04,43.3619613647461,-8.39905166625977,"Unknown"
"7014855",371852,2025-08-14 15:57:56,43.3640060424805,-8.40098857879639,"Unknown"
"7014855",371852,2025-08-14 16:03:01,43.3638458251953,-8.40003681182861,"Unknown"
"7014855",371852,2025-08-14 16:08:08,43.363826751709,-8.40004444122314,"Unknown"
"7014855",371852,2025-08-14 16:13:10,43.363883972168,-8.40010166168213,"Unknown"
"7014855",371852,2025-08-14 16:18:01,43.363883972168,-8.4001989364624,"Unknown"
"7014855",371852,2025-08-14 16:23:10,43.3637962341309,-8.40060710906982,"Unknown"
"7014855",371852,2025-08-14 16:27:58,43.3638153076172,-8.40064525604248,"Unknown"
"7014855",371852,2025-08-14 16:33:45,43.3638343811035,-8.40099811553955,"Unknown"
"7014855",371852,2025-08-14 16:37:59,43.3638229370117,-8.40081310272217,"Unknown"
"7014855",371852,2025-08-14 16:43:11,43.3638305664062,-8.40102100372314,"Unknown"
"7014855",371852,2025-08-14 16:48:00,43.3638381958008,-8.40105056762695,"Unknown"
"7014855",371852,2025-08-14 16:53:01,43.3638877868652,-8.40082168579102,"Unknown"
"7014855",371852,2025-08-14 16:58:12,43.3638114929199,-8.40099143981934,"Unknown"
"7014855",371852,2025-08-14 17:03:12,43.363826751709,-8.40087223052979,"Unknown"
"7014855",371852,2025-08-14 17:07:56,43.3638801574707,-8.40094184875488,"Unknown"
"7014855",371852,2025-08-14 17:13:05,43.3638381958008,-8.40087032318115,"Unknown"
"7014855",371852,2025-08-14 17:18:00,43.3641014099121,-8.40074062347412,"Unknown"
"7014855",371852,2025-08-14 17:23:01,43.3637886047363,-8.40034484863281,"Unknown"
"7014855",371852,2025-08-14 17:28:53,43.3637466430664,-8.4001636505127,"Unknown"
"7014855",371852,2025-08-14 17:33:14,43.3640213012695,-8.40066528320312,"Unknown"
"7014855",371852,2025-08-14 17:37:55,43.3638458251953,-8.40047073364258,"Unknown"
"7014855",371852,2025-08-14 17:43:13,43.3638076782227,-8.40032196044922,"Unknown"
"7014855",371852,2025-08-14 17:47:57,43.3637619018555,-8.40010166168213,"Unknown"
"7014855",371852,2025-08-14 17:53:01,43.3638305664062,-8.40032482147217,"Unknown"
"7014855",371852,2025-08-14 17:58:01,43.3638229370117,-8.40029048919678,"Unknown"
"7014855",371852,2025-08-14 18:03:00,43.3639030456543,-8.40047550201416,"Unknown"
"7014855",371852,2025-08-14 18:08:06,43.363883972168,-8.40047740936279,"Unknown"
"7014855",371852,2025-08-14 18:13:01,43.3637809753418,-8.4001407623291,"Unknown"
"7014855",371852,2025-08-14 18:18:04,43.3632545471191,-8.39862442016602,"Unknown"
"7014855",371852,2025-08-14 18:23:21,43.363842010498,-8.40025615692139,"Unknown"
"7014855",371852,2025-08-14 18:28:16,43.3639030456543,-8.40040302276611,"Unknown"
"7014855",371852,2025-08-14 18:32:58,43.3638496398926,-8.40026187896729,"Unknown"
"7014855",371852,2025-08-14 18:38:06,43.3638114929199,-8.40020370483398,"Unknown"
"7014855",371852,2025-08-14 18:43:06,43.363842010498,-8.40018939971924,"Unknown"
"7014855",371852,2025-08-14 18:48:15,43.3638191223145,-8.40023994445801,"Unknown"
"7014855",371852,2025-08-14 18:53:06,43.3638954162598,-8.40020275115967,"Unknown"
"7014855",371852,2025-08-14 18:58:06,43.3638610839844,-8.40013790130615,"Unknown"
"7014855",371852,2025-08-14 19:03:08,43.3638954162598,-8.40016841888428,"Unknown"
"7014855",371852,2025-08-14 19:08:18,43.3663368225098,-8.39498805999756,"Unknown"
"7014855",371852,2025-08-14 19:13:29,43.3638648986816,-8.40020561218262,"Unknown"
"7014855",371852,2025-08-14 19:17:57,43.3638038635254,-8.40025806427002,"Unknown"
"7014855",371852,2025-08-14 19:22:55,43.3638801574707,-8.40020847320557,"Unknown"
"7014855",371852,2025-08-14 19:27:56,43.3641166687012,-8.40002250671387,"Unknown"
"7014855",371852,2025-08-14 19:32:56,43.3638000488281,-8.40016174316406,"Unknown"
"7014855",371852,2025-08-14 19:37:57,43.3639907836914,-8.40020084381104,"Unknown"
"7014855",371852,2025-08-14 19:43:00,43.3639030456543,-8.40017986297607,"Unknown"
"7014855",371852,2025-08-14 19:48:00,43.3639068603516,-8.40019226074219,"Unknown"
"7014855",371852,2025-08-14 19:53:33,43.363899230957,-8.40014171600342,"Unknown"
"7014855",371852,2025-08-14 19:57:56,43.3639373779297,-8.40027523040771,"Unknown"
"7014855",371852,2025-08-14 20:02:58,43.3639297485352,-8.40017509460449,"Unknown"
"7014855",371852,2025-08-14 20:07:59,43.3638877868652,-8.40018177032471,"Unknown"
"7014855",371852,2025-08-14 20:12:56,43.3639259338379,-8.40025997161865,"Unknown"
"7014855",371852,2025-08-14 20:18:03,43.3639259338379,-8.40030860900879,"Unknown"
"7014855",371852,2025-08-14 20:23:14,43.3639183044434,-8.40019607543945,"Unknown"
"7014855",371852,2025-08-14 20:27:59,43.3639488220215,-8.40012741088867,"Unknown"
"7014855",371852,2025-08-14 20:32:55,43.3639488220215,-8.39980506896973,"Unknown"
"7014855",371852,2025-08-14 20:38:05,43.3638725280762,-8.3998966217041,"Unknown"
"7014855",371852,2025-08-14 20:42:55,43.3639793395996,-8.39973449707031,"Unknown"
"7014855",371852,2025-08-14 20:47:55,43.3639831542969,-8.39995765686035,"Unknown"
"7014855",371852,2025-08-14 20:52:56,43.3640060424805,-8.39953994750977,"Unknown"
"7014855",371852,2025-08-14 20:57:55,43.3639793395996,-8.39967250823975,"Unknown"
"7014855",371852,2025-08-14 21:02:55,43.3639831542969,-8.39974594116211,"Unknown"
"7014855",371852,2025-08-14 21:08:00,43.3638381958008,-8.39978408813477,"Unknown"
"7014855",371852,2025-08-14 21:13:13,43.3639221191406,-8.39981842041016,"Unknown"
"7014855",371852,2025-08-14 21:17:57,43.3639640808105,-8.39974308013916,"Unknown"
"7014855",371852,2025-08-14 21:22:58,43.3640060424805,-8.39980030059814,"Unknown"
"7014855",371852,2025-08-14 21:27:55,43.3638725280762,-8.39959049224854,"Unknown"
"7014855",371852,2025-08-14 21:33:14,43.363826751709,-8.39967918395996,"Unknown"
"7014855",371852,2025-08-14 21:37:56,43.3639183044434,-8.39969158172607,"Unknown"
"7014855",371852,2025-08-14 21:42:56,43.3638534545898,-8.39980411529541,"Unknown"
"7014855",371852,2025-08-14 21:48:00,43.3639183044434,-8.39953517913818,"Unknown"
"7014855",371852,2025-08-14 21:52:59,43.3638153076172,-8.39967155456543,"Unknown"
"7014855",371852,2025-08-14 21:57:57,43.364086151123,-8.39951801300049,"Unknown"
"7014855",371852,2025-08-14 22:03:04,43.3640060424805,-8.39949131011963,"Unknown"
"7014855",371852,2025-08-14 22:07:59,43.3639984130859,-8.39942646026611,"Unknown"
"7014855",371852,2025-08-14 22:12:59,43.3639640808105,-8.39941215515137,"Unknown"
"7014855",371852,2025-08-14 22:17:59,43.3639335632324,-8.39946842193604,"Unknown"
"7014855",371852,2025-08-14 22:23:10,43.3640785217285,-8.39948558807373,"Unknown"
"7014855",371852,2025-08-14 22:28:04,43.3639144897461,-8.39951324462891,"Unknown"
"7014855",371852,2025-08-14 22:33:14,43.364086151123,-8.39957904815674,"Unknown"
"7014855",371852,2025-08-14 22:37:57,43.3638610839844,-8.39952945709229,"Unknown"
"7014855",371852,2025-08-14 22:42:56,43.3645248413086,-8.39990997314453,"Unknown"
"7014855",371852,2025-08-14 22:47:58,43.3638191223145,-8.39945507049561,"Unknown"
"7014855",371852,2025-08-14 22:52:59,43.3636245727539,-8.39930820465088,"Unknown"
"7014855",371852,2025-08-14 22:58:04,43.3640060424805,-8.39956569671631,"Unknown"
"7014855",371852,2025-08-14 23:03:14,43.3640251159668,-8.3995532989502,"Unknown"
"7014855",371852,2025-08-14 23:07:55,43.3639602661133,-8.39948844909668,"Unknown"
"7014855",371852,2025-08-14 23:13:14,43.364013671875,-8.39956760406494,"Unknown"
"7014855",371852,2025-08-14 23:18:09,43.3638229370117,-8.39944458007812,"Unknown"
"7014855",371852,2025-08-14 23:23:00,43.3640289306641,-8.39950180053711,"Unknown"
"7014855",371852,2025-08-14 23:28:00,43.3638725280762,-8.39954948425293,"Unknown"
"7014855",371852,2025-08-14 23:32:57,43.3641510009766,-8.39950656890869,"Unknown"
"7014855",371852,2025-08-14 23:37:59,43.3641166687012,-8.39944839477539,"Unknown"
"7014855",371852,2025-08-14 23:43:04,43.3640556335449,-8.40000534057617,"Unknown"
"7014855",371852,2025-08-14 23:48:29,43.3640518188477,-8.39947032928467,"Unknown"
"7014855",371852,2025-08-14 23:53:10,43.3640213012695,-8.39946746826172,"Unknown"
"7014855",371852,2025-08-14 23:57:56,43.3642768859863,-8.39988803863525,"Unknown"
"7014855",371852,2025-08-15 00:03:12,43.3643989562988,-8.39962768554688,"Unknown"
"7014855",371852,2025-08-15 00:08:18,43.3642272949219,-8.39949512481689,"Unknown"
"7014855",371852,2025-08-15 00:12:59,43.3638076782227,-8.3997106552124,"Unknown"
"7014855",371852,2025-08-15 00:18:03,43.3638954162598,-8.39944076538086,"Unknown"
"7014855",371852,2025-08-15 00:23:27,43.3640060424805,-8.39946174621582,"Unknown"
"7014855",371852,2025-08-15 00:27:57,43.3642158508301,-8.39967632293701,"Unknown"
"7014855",371852,2025-08-15 00:33:04,43.3643264770508,-8.39943027496338,"Unknown"
"7014855",371852,2025-08-15 00:38:35,43.3640022277832,-8.39970874786377,"Unknown"
"7014855",371852,2025-08-15 00:42:56,43.3639373779297,-8.39961338043213,"Unknown"
"7014855",371852,2025-08-15 00:47:55,43.3639869689941,-8.39968967437744,"Unknown"
"7014855",371852,2025-08-15 00:52:59,43.3641662597656,-8.40045356750488,"Unknown"
"7014855",371852,2025-08-15 00:58:04,43.3638877868652,-8.40012645721436,"Unknown"
"7014855",371852,2025-08-15 01:02:59,43.3637847900391,-8.40005493164062,"Unknown"
"7014855",371852,2025-08-15 01:08:06,43.363899230957,-8.40015602111816,"Unknown"
"7014855",371852,2025-08-15 01:12:59,43.3640480041504,-8.40007305145264,"Unknown"
"7014855",371852,2025-08-15 01:18:00,43.3640632629395,-8.39995861053467,"Unknown"
"7014855",371852,2025-08-15 01:23:00,43.3644065856934,-8.40052795410156,"Unknown"
"7014855",371852,2025-08-15 01:28:06,43.363956451416,-8.39995861053467,"Unknown"
"7014855",371852,2025-08-15 01:33:00,43.3641014099121,-8.39998912811279,"Unknown"
"7014855",371852,2025-08-15 01:38:00,43.3641319274902,-8.39980888366699,"Unknown"
"7014855",371852,2025-08-15 01:42:58,43.3640747070312,-8.3997917175293,"Unknown"
"7014855",371852,2025-08-15 01:48:14,43.3640518188477,-8.39983177185059,"Unknown"
"7014855",371852,2025-08-15 01:53:00,43.364086151123,-8.39974784851074,"Unknown"
"7014855",371852,2025-08-15 01:57:58,43.3642272949219,-8.39994144439697,"Unknown"
"7014855",371852,2025-08-15 02:02:59,43.364070892334,-8.39993476867676,"Unknown"
"7014855",371852,2025-08-15 02:07:56,43.3641128540039,-8.39964294433594,"Unknown"
"7014855",371852,2025-08-15 02:13:01,43.364070892334,-8.39953994750977,"Unknown"
"7014855",371852,2025-08-15 02:18:00,43.3638000488281,-8.39907932281494,"Unknown"
"7014855",371852,2025-08-15 02:23:05,43.3640899658203,-8.39959621429443,"Unknown"
"7014855",371852,2025-08-15 02:27:58,43.3642692565918,-8.39977836608887,"Unknown"
"7014855",371852,2025-08-15 02:33:06,43.3641128540039,-8.39947700500488,"Unknown"
"7014855",371852,2025-08-15 02:37:56,43.3640823364258,-8.39945983886719,"Unknown"
"7014855",371852,2025-08-15 02:42:58,43.3641586303711,-8.39958000183105,"Unknown"
"7014855",371852,2025-08-15 02:47:56,43.3643569946289,-8.40010261535645,"Unknown"
"7014855",371852,2025-08-15 02:53:03,43.3642082214355,-8.39999008178711,"Unknown"
"7014855",371852,2025-08-15 02:58:11,43.3641586303711,-8.39951801300049,"Unknown"
"7014855",371852,2025-08-15 03:03:08,43.3641929626465,-8.39975166320801,"Unknown"
"7014855",371852,2025-08-15 03:08:29,43.3641204833984,-8.39944934844971,"Unknown"
"7014855",371852,2025-08-15 03:13:03,43.3643798828125,-8.39944458007812,"Unknown"
"7014855",371852,2025-08-15 03:17:58,43.3644523620605,-8.39945507049561,"Unknown"
"7014855",371852,2025-08-15 03:23:01,43.3641624450684,-8.39947891235352,"Unknown"
"7014855",371852,2025-08-15 03:27:56,43.3639373779297,-8.39945983886719,"Unknown"
"7014855",371852,2025-08-15 03:33:06,43.3640174865723,-8.39953994750977,"Unknown"
"7014855",371852,2025-08-15 03:37:59,43.3640403747559,-8.39945793151855,"Unknown"
"7014855",371852,2025-08-15 03:43:06,43.3640098571777,-8.39947891235352,"Unknown"
"7014855",371852,2025-08-15 03:47:59,43.3637008666992,-8.39939975738525,"Unknown"
"7014855",371852,2025-08-15 03:53:07,43.3646697998047,-8.39942169189453,"Unknown"
"7014855",371852,2025-08-15 03:58:06,43.3646545410156,-8.3993673324585,"Unknown"
"7014855",371852,2025-08-15 04:03:29,43.3640480041504,-8.39940357208252,"Unknown"
"7014855",371852,2025-08-15 04:07:55,43.3646011352539,-8.39957237243652,"Unknown"
"7014855",371852,2025-08-15 04:12:57,43.3643493652344,-8.39944648742676,"Unknown"
"7014855",371852,2025-08-15 04:18:00,43.3638610839844,-8.4004020690918,"Unknown"
"7014855",371852,2025-08-15 04:22:56,43.3638725280762,-8.39987182617188,"Unknown"
"7014855",371852,2025-08-15 04:27:56,43.3639869689941,-8.39966106414795,"Unknown"
"7014855",371852,2025-08-15 04:32:59,43.364013671875,-8.3994026184082,"Unknown"
"7014855",371852,2025-08-15 04:37:58,43.3640022277832,-8.39941024780273,"Unknown"
"7014855",371852,2025-08-15 04:42:58,43.3638801574707,-8.39946746826172,"Unknown"
"7014855",371852,2025-08-15 04:47:57,43.3640441894531,-8.39917278289795,"Unknown"
"7014855",371852,2025-08-15 04:52:56,43.3640480041504,-8.39955139160156,"Unknown"
"7014855",371852,2025-08-15 04:57:56,43.363956451416,-8.39950370788574,"Unknown"
"7014855",371852,2025-08-15 05:02:56,43.3639755249023,-8.39955711364746,"Unknown"
"7014855",371852,2025-08-15 05:07:59,43.3600158691406,-8.39730644226074,"Unknown"
"7014855",371852,2025-08-15 05:12:57,43.359992980957,-8.39731693267822,"Unknown"
"7014855",371852,2025-08-15 05:17:57,43.3600578308105,-8.39739227294922,"Unknown"
"7014855",371852,2025-08-15 05:22:59,43.3599624633789,-8.39731502532959,"Unknown"
"7014855",371852,2025-08-15 05:27:56,43.3599624633789,-8.39719772338867,"Unknown"
"7014855",371852,2025-08-15 05:33:04,43.3602638244629,-8.40292930603027,"Unknown"
"7014855",371852,2025-08-15 05:38:08,43.3604736328125,-8.40280532836914,"Unknown"
"7014855",371852,2025-08-15 05:43:10,43.3603897094727,-8.40260410308838,"Unknown"
"7014855",371852,2025-08-15 05:48:01,43.3602256774902,-8.40272903442383,"Unknown"
"7014855",371852,2025-08-15 05:52:56,43.3606605529785,-8.40319633483887,"Unknown"
"7014855",371852,2025-08-15 05:58:00,43.3603553771973,-8.40299987792969,"Unknown"
"7014855",371852,2025-08-15 06:03:14,43.3602256774902,-8.40279102325439,"Unknown"
"7014855",371852,2025-08-15 06:08:05,43.3601531982422,-8.40241622924805,"Unknown"
"7014855",371852,2025-08-15 06:13:01,43.3603744506836,-8.40296363830566,"Unknown"
"7014855",371852,2025-08-15 06:18:05,43.3605499267578,-8.40272903442383,"Unknown"
"7014855",371852,2025-08-15 06:22:57,43.3603401184082,-8.40262985229492,"Unknown"
"7014855",371852,2025-08-15 06:28:01,43.3600044250488,-8.39749717712402,"Unknown"
"7014855",371852,2025-08-15 06:33:14,43.359935760498,-8.39745712280273,"Unknown"
"7014855",371852,2025-08-15 06:37:59,43.3598327636719,-8.39744663238525,"Unknown"
"7014855",371852,2025-08-15 06:43:00,43.3600082397461,-8.39727687835693,"Unknown"
"7014855",371852,2025-08-15 06:47:57,43.3600769042969,-8.39782238006592,"Unknown"
"7014855",371852,2025-08-15 06:53:03,43.3598403930664,-8.39795684814453,"Unknown"
"7014855",371852,2025-08-15 06:58:04,43.3598518371582,-8.39814853668213,"Unknown"
"7014855",371852,2025-08-15 07:03:08,43.3606338500977,-8.39800357818604,"Unknown"
"7014855",371852,2025-08-15 07:08:07,43.3597640991211,-8.39908409118652,"Unknown"
"7014855",371852,2025-08-15 07:13:15,43.3596496582031,-8.39988327026367,"Unknown"
"7014855",371852,2025-08-15 07:18:08,43.3600769042969,-8.39778709411621,"Unknown"
"7014855",371852,2025-08-15 07:23:03,43.3600769042969,-8.3974609375,"Unknown"
"7014855",371852,2025-08-15 07:28:13,43.3606910705566,-8.39743995666504,"Unknown"
"7014855",371852,2025-08-15 07:33:35,43.3597450256348,-8.39800548553467,"Unknown"
"7014855",371852,2025-08-15 07:38:00,43.3597259521484,-8.39894580841064,"Unknown"
"7014855",371852,2025-08-15 07:42:57,43.3596649169922,-8.39881610870361,"Unknown"
"7014855",371852,2025-08-15 07:48:03,43.3597373962402,-8.39890480041504,"Unknown"
"7014855",371852,2025-08-15 07:52:58,43.3596687316895,-8.3994140625,"Unknown"
"7014855",371852,2025-08-15 07:57:58,43.3587493896484,-8.40046501159668,"Unknown"
"7014855",371852,2025-08-15 08:02:56,43.3589668273926,-8.40041351318359,"Unknown"
"7014855",371852,2025-08-15 08:07:59,43.3592071533203,-8.40027618408203,"Unknown"
"7014855",371852,2025-08-15 08:13:06,43.3591728210449,-8.40042781829834,"Unknown"
"7014855",371852,2025-08-15 08:18:05,43.3590393066406,-8.40035533905029,"Unknown"
"7014855",371852,2025-08-15 08:23:01,43.3593826293945,-8.40052509307861,"Unknown"
"7014855",371852,2025-08-15 08:27:59,43.3589973449707,-8.40052700042725,"Unknown"
"7014855",371852,2025-08-15 08:33:06,43.3590240478516,-8.4005241394043,"Unknown"
"7014855",371852,2025-08-15 08:38:06,43.3594665527344,-8.40058040618896,"Unknown"
"7014855",371852,2025-08-15 08:43:23,43.360481262207,-8.397385597229,"Unknown"
"7014855",371852,2025-08-15 08:47:57,43.3597221374512,-8.39848518371582,"Unknown"
"7014855",371852,2025-08-15 08:52:56,43.359691619873,-8.39863300323486,"Unknown"
"7014855",371852,2025-08-15 08:58:11,43.3595237731934,-8.40148830413818,"Unknown"
"7014855",371852,2025-08-15 09:02:59,43.3601570129395,-8.40234184265137,"Unknown"
"7014855",371852,2025-08-15 09:09:18,43.3601875305176,-8.40242290496826,"Unknown"
"7014855",371852,2025-08-15 09:12:59,43.3600769042969,-8.40234375,"Unknown"
"7014855",371852,2025-08-15 09:18:01,43.3604049682617,-8.40240097045898,"Unknown"
"7014855",371852,2025-08-15 09:23:00,43.3601760864258,-8.40259170532227,"Unknown"
"7014855",371852,2025-08-15 09:28:03,43.3604927062988,-8.40266227722168,"Unknown"
"7014855",371852,2025-08-15 09:32:59,43.3602600097656,-8.40248107910156,"Unknown"
"7014855",371852,2025-08-15 09:38:01,43.3602676391602,-8.4026575088501,"Unknown"
"7014855",371852,2025-08-15 09:43:01,43.3604545593262,-8.40266990661621,"Unknown"
"7014855",371852,2025-08-15 09:49:05,43.3640022277832,-8.40468788146973,"Unknown"
"7014855",371852,2025-08-15 09:52:57,43.3656463623047,-8.40320587158203,"Unknown"
"7014855",371852,2025-08-15 09:57:58,43.3650207519531,-8.40349292755127,"Unknown"
"7014855",371852,2025-08-15 10:02:59,43.3655662536621,-8.40328311920166,"Unknown"
"7014855",371852,2025-08-15 10:08:03,43.3657035827637,-8.403395652771,"Unknown"
"7014855",371852,2025-08-15 10:12:58,43.3656387329102,-8.40324783325195,"Unknown"
"7014855",371852,2025-08-15 10:17:57,43.3656387329102,-8.40333366394043,"Unknown"
"7014855",371852,2025-08-15 10:22:58,43.3658332824707,-8.40320587158203,"Unknown"
"7014855",371852,2025-08-15 10:28:03,43.3657341003418,-8.40329742431641,"Unknown"
"7014855",371852,2025-08-15 10:32:58,43.3682136535645,-8.39889144897461,"Unknown"
"7014855",371852,2025-08-15 10:37:56,43.3683395385742,-8.39876747131348,"Unknown"
"7014855",371852,2025-08-15 10:43:00,43.3682632446289,-8.39883136749268,"Unknown"
"7014855",371852,2025-08-15 10:48:00,43.3684577941895,-8.39882659912109,"Unknown"
"7014855",371852,2025-08-15 10:52:59,43.3682861328125,-8.39893627166748,"Unknown"
"7014855",371852,2025-08-15 10:57:56,43.3683090209961,-8.39900970458984,"Unknown"
"7014855",371852,2025-08-15 11:02:58,43.3682327270508,-8.39890766143799,"Unknown"
"7014855",371852,2025-08-15 11:07:59,43.3680953979492,-8.39872455596924,"Unknown"
"7014855",371852,2025-08-15 11:13:00,43.3680763244629,-8.39880084991455,"Unknown"
"7014855",371852,2025-08-15 11:18:00,43.3681983947754,-8.39882850646973,"Unknown"
"7014855",371852,2025-08-15 11:23:03,43.368465423584,-8.3989143371582,"Unknown"
"7014855",371852,2025-08-15 11:28:01,43.3684310913086,-8.39899158477783,"Unknown"
"7014855",371852,2025-08-15 11:33:00,43.3680572509766,-8.39884662628174,"Unknown"
"7014855",371852,2025-08-15 11:38:04,43.3683700561523,-8.3991641998291,"Unknown"
"7014855",371852,2025-08-15 11:43:06,43.368465423584,-8.39940071105957,"Unknown"
"7014855",371852,2025-08-15 11:48:12,43.3684043884277,-8.39923572540283,"Unknown"
"7014855",371852,2025-08-15 11:52:55,43.3683853149414,-8.39938354492188,"Unknown"
"7014855",371852,2025-08-15 11:57:57,43.3685607910156,-8.39951324462891,"Unknown"
"7014855",371852,2025-08-15 12:03:29,43.3683280944824,-8.39900779724121,"Unknown"
"7014855",371852,2025-08-15 12:07:55,43.3682861328125,-8.39895725250244,"Unknown"
"7014855",371852,2025-08-15 12:12:55,43.3682594299316,-8.39896488189697,"Unknown"
"7014855",371852,2025-08-15 12:17:55,43.368278503418,-8.39898777008057,"Unknown"
"7014855",371852,2025-08-15 12:22:55,43.368293762207,-8.39899635314941,"Unknown"
"7014855",371852,2025-08-15 12:27:56,43.3683280944824,-8.39897632598877,"Unknown"
"7014855",371852,2025-08-15 12:33:27,43.3682975769043,-8.39899253845215,"Unknown"
"7014855",371852,2025-08-15 12:37:55,43.3682098388672,-8.39915561676025,"Unknown"
"7014855",371852,2025-08-15 12:42:56,43.368293762207,-8.39900016784668,"Unknown"
"7014855",371852,2025-08-15 12:47:57,43.3684425354004,-8.39882850646973,"Unknown"
"7014855",371852,2025-08-15 12:52:57,43.368335723877,-8.39901638031006,"Unknown"
"7014855",371852,2025-08-15 12:57:59,43.3683090209961,-8.3991060256958,"Unknown"
"7014855",371852,2025-08-15 13:03:08,43.3683738708496,-8.39899921417236,"Unknown"
"7014855",371852,2025-08-15 13:07:57,43.3685455322266,-8.39874935150146,"Unknown"
"7014855",371852,2025-08-15 13:12:56,43.3683128356934,-8.39901256561279,"Unknown"
"7014855",371852,2025-08-15 13:17:56,43.3683395385742,-8.39903926849365,"Unknown"
"7014855",371852,2025-08-15 13:22:58,43.3682479858398,-8.39909839630127,"Unknown"
"7014855",371852,2025-08-15 13:27:58,43.368408203125,-8.39890289306641,"Unknown"
"7014855",371852,2025-08-15 13:33:03,43.368335723877,-8.39907360076904,"Unknown"
"7014855",371852,2025-08-15 13:37:57,43.3684158325195,-8.3989782333374,"Unknown"
"7014855",371852,2025-08-15 13:42:58,43.3682174682617,-8.39912223815918,"Unknown"
"7014855",371852,2025-08-15 13:47:59,43.3684349060059,-8.39892864227295,"Unknown"
"7014855",371852,2025-08-15 13:53:04,43.3682632446289,-8.39908123016357,"Unknown"
"7014855",371852,2025-08-15 13:57:58,43.3680992126465,-8.39894485473633,"Unknown"
"7014855",371852,2025-08-15 14:03:14,43.3683052062988,-8.39900970458984,"Unknown"
"7014855",371852,2025-08-15 14:07:59,43.3681945800781,-8.39898777008057,"Unknown"
"7014855",371852,2025-08-15 14:12:59,43.3682403564453,-8.39907360076904,"Unknown"
"7014855",371852,2025-08-15 14:17:59,43.3684501647949,-8.39867401123047,"Unknown"
"7014855",371852,2025-08-15 14:23:05,43.3681297302246,-8.39905452728271,"Unknown"
"7014855",371852,2025-08-15 14:28:01,43.3697547912598,-8.39911556243896,"Unknown"
"7014855",371852,2025-08-15 14:33:14,43.3677444458008,-8.40040016174316,"Unknown"
"7014855",371852,2025-08-15 14:38:00,43.3676681518555,-8.4002046585083,"Unknown"
"7014855",371852,2025-08-15 14:43:04,43.3676223754883,-8.40005970001221,"Unknown"
"7014855",371852,2025-08-15 14:47:56,43.3677139282227,-8.40008068084717,"Unknown"
"7014855",371852,2025-08-15 14:52:55,43.3676605224609,-8.40021514892578,"Unknown"
"7014855",371852,2025-08-15 14:57:55,43.3677215576172,-8.40013027191162,"Unknown"
"7014855",371852,2025-08-15 15:02:56,43.3676948547363,-8.4000997543335,"Unknown"
"7014855",371852,2025-08-15 15:07:56,43.3675842285156,-8.40002727508545,"Unknown"
"7014855",371852,2025-08-15 15:12:56,43.3676414489746,-8.40041828155518,"Unknown"
"7014855",371852,2025-08-15 15:17:56,43.3676300048828,-8.40060043334961,"Unknown"
"7014855",371852,2025-08-15 15:22:56,43.367561340332,-8.40045261383057,"Unknown"
"7014855",371852,2025-08-15 15:27:57,43.3676109313965,-8.4005708694458,"Unknown"
"7014855",371852,2025-08-15 15:33:29,43.367561340332,-8.40052318572998,"Unknown"
"7014855",371852,2025-08-15 15:37:56,43.3675994873047,-8.40045166015625,"Unknown"
"7014855",371852,2025-08-15 15:42:55,43.3675804138184,-8.40057468414307,"Unknown"
"7014855",371852,2025-08-15 15:47:56,43.3675918579102,-8.40048313140869,"Unknown"
"7014855",371852,2025-08-15 15:52:55,43.3676376342773,-8.40056133270264,"Unknown"
"7014855",371852,2025-08-15 15:57:56,43.3677253723145,-8.40076637268066,"Unknown"
"7014855",371852,2025-08-15 16:02:59,43.3675804138184,-8.40068912506104,"Unknown"
"7014855",371852,2025-08-15 16:07:57,43.3743782043457,-8.42284870147705,"Unknown"
"7014855",371852,2025-08-15 16:12:55,43.3721580505371,-8.45147514343262,"Unknown"
"7014855",371852,2025-08-15 16:18:00,43.3575401306152,-8.46884536743164,"Unknown"
"7014855",371852,2025-08-15 16:22:59,43.3575477600098,-8.46893405914307,"Unknown"
"7014855",371852,2025-08-15 16:27:56,43.3577919006348,-8.47040843963623,"Unknown"
"7014855",371852,2025-08-15 16:33:08,43.3565292358398,-8.45745849609375,"Unknown"
"7014855",371852,2025-08-15 16:38:07,43.3563385009766,-8.45726108551025,"Unknown"
"7014855",371852,2025-08-15 16:42:56,43.3551979064941,-8.45777416229248,"Unknown"
"7014855",371852,2025-08-15 16:47:59,43.3550758361816,-8.45796203613281,"Unknown"
"7014855",371852,2025-08-15 16:52:57,43.3550910949707,-8.45794677734375,"Unknown"
"7014855",371852,2025-08-15 16:57:58,43.3544845581055,-8.45831871032715,"Unknown"
"7014855",371852,2025-08-15 17:02:56,43.3543128967285,-8.45839786529541,"Unknown"
"7014855",371852,2025-08-15 17:07:56,43.3542594909668,-8.45832633972168,"Unknown"
"7014855",371852,2025-08-15 17:13:08,43.3542823791504,-8.45866012573242,"Unknown"
"7014855",371852,2025-08-15 17:18:00,43.354175567627,-8.45852470397949,"Unknown"
"7014855",371852,2025-08-15 17:23:00,43.354190826416,-8.45847797393799,"Unknown"
"7014855",371852,2025-08-15 17:27:58,43.3537521362305,-8.45841217041016,"Unknown"
"7014855",371852,2025-08-15 17:32:59,43.354305267334,-8.45839405059814,"Unknown"
"7014855",371852,2025-08-15 17:37:57,43.3541793823242,-8.45848083496094,"Unknown"
"7014855",371852,2025-08-15 17:42:58,43.3542022705078,-8.45829963684082,"Unknown"
"7014855",371852,2025-08-15 17:48:29,43.3549118041992,-8.45785427093506,"Unknown"
"7014855",371852,2025-08-15 17:52:56,43.3544578552246,-8.4575252532959,"Unknown"
"7014855",371852,2025-08-15 17:58:53,43.3540954589844,-8.45886421203613,"Unknown"
"7014855",371852,2025-08-15 18:04:20,43.3542709350586,-8.45863151550293,"Unknown"
"7014855",371852,2025-08-15 18:13:53,43.3541297912598,-8.45887470245361,"Unknown"
"7014855",371852,2025-08-15 18:18:01,43.3540802001953,-8.45887756347656,"Unknown"
"7014855",371852,2025-08-15 18:22:59,43.3545722961426,-8.45798683166504,"Unknown"
"7014855",371852,2025-08-15 18:28:08,43.3544387817383,-8.45874118804932,"Unknown"
"7014855",371852,2025-08-15 18:33:08,43.3543281555176,-8.45878601074219,"Unknown"
"7014855",371852,2025-08-15 18:38:01,43.3559379577637,-8.45670795440674,"Unknown"
"7014855",371852,2025-08-15 18:43:00,43.3560371398926,-8.45709133148193,"Unknown"
"7014855",371852,2025-08-15 18:48:14,43.3560791015625,-8.45707225799561,"Unknown"
"7014855",371852,2025-08-15 18:53:07,43.3560447692871,-8.4570779800415,"Unknown"
"7014855",371852,2025-08-15 18:58:10,43.3601455688477,-8.45950889587402,"Unknown"
"7014855",371852,2025-08-15 19:03:00,43.3711853027344,-8.45239162445068,"Unknown"
"7014855",371852,2025-08-15 19:07:59,43.3709945678711,-8.45259666442871,"Unknown"
"7014855",371852,2025-08-15 19:12:59,43.3709907531738,-8.45255088806152,"Unknown"
"7014855",371852,2025-08-15 19:17:58,43.3710823059082,-8.45263195037842,"Unknown"
"7014855",371852,2025-08-15 19:22:58,43.3734664916992,-8.44982719421387,"Unknown"
"7014855",371852,2025-08-15 19:27:59,43.3778839111328,-8.42413520812988,"Unknown"
"7014855",371852,2025-08-15 19:32:59,43.3678436279297,-8.39959812164307,"Unknown"
"7014855",371852,2025-08-15 19:38:00,43.3677635192871,-8.39970874786377,"Unknown"
"7014855",371852,2025-08-15 19:43:06,43.3676338195801,-8.39942073822021,"Unknown"
"7014855",371852,2025-08-15 19:48:14,43.3676528930664,-8.39942646026611,"Unknown"
"7014855",371852,2025-08-15 19:52:58,43.3676986694336,-8.39939785003662,"Unknown"
"7014855",371852,2025-08-15 19:57:58,43.367618560791,-8.39939212799072,"Unknown"
"7014855",371852,2025-08-15 20:03:08,43.3672981262207,-8.39993762969971,"Unknown"
"7014855",371852,2025-08-15 20:08:04,43.3675956726074,-8.39955043792725,"Unknown"
"7014855",371852,2025-08-15 20:13:07,43.3677101135254,-8.39945030212402,"Unknown"
"7014855",371852,2025-08-15 20:17:58,43.3675765991211,-8.39951419830322,"Unknown"
"7014855",371852,2025-08-15 20:23:05,43.3644943237305,-8.40059757232666,"Unknown"
"7014855",371852,2025-08-15 20:28:15,43.3644714355469,-8.4004430770874,"Unknown"
"7014855",371852,2025-08-15 20:33:00,43.3643531799316,-8.40036869049072,"Unknown"
"7014855",371852,2025-08-15 20:37:57,43.3644180297852,-8.40038204193115,"Unknown"
"7014855",371852,2025-08-15 20:42:59,43.3643455505371,-8.40056133270264,"Unknown"
"7014855",371852,2025-08-15 20:48:15,43.3644142150879,-8.40031623840332,"Unknown"
"7014855",371852,2025-08-15 20:52:57,43.3643112182617,-8.40032482147217,"Unknown"
"7014855",371852,2025-08-15 20:57:56,43.3644180297852,-8.40024280548096,"Unknown"
"7014855",371852,2025-08-15 21:02:59,43.3644104003906,-8.4003381729126,"Unknown"
"7014855",371852,2025-08-15 21:08:05,43.3645401000977,-8.40008068084717,"Unknown"
"7014855",371852,2025-08-15 21:12:59,43.3646278381348,-8.40045070648193,"Unknown"
"7014855",371852,2025-08-15 21:18:14,43.364860534668,-8.40071678161621,"Unknown"
"7014855",371852,2025-08-15 21:23:09,43.3643913269043,-8.40048599243164,"Unknown"
"7014855",371852,2025-08-15 21:28:08,43.3645248413086,-8.39536094665527,"Unknown"
"7014855",371852,2025-08-15 21:33:08,43.3592071533203,-8.39837837219238,"Unknown"
"7014855",371852,2025-08-15 21:38:04,43.353889465332,-8.38238620758057,"Unknown"
"7014855",371852,2025-08-15 21:43:29,43.3537101745605,-8.38232517242432,"Unknown"
"7014855",371852,2025-08-15 21:48:15,43.3537368774414,-8.38223648071289,"Unknown"
"7014855",371852,2025-08-15 21:53:04,43.353759765625,-8.38221549987793,"Unknown"
"7014855",371852,2025-08-15 21:57:57,43.3589935302734,-8.37776660919189,"Unknown"
"7014855",371852,2025-08-15 22:02:56,43.3590888977051,-8.39855003356934,"Unknown"
"7014855",371852,2025-08-15 22:08:07,43.3590545654297,-8.3987283706665,"Unknown"
"7014855",371852,2025-08-15 22:13:05,43.3590660095215,-8.39879512786865,"Unknown"
"7014855",371852,2025-08-15 22:18:02,43.3590965270996,-8.39874935150146,"Unknown"
"7014855",371852,2025-08-15 22:23:05,43.3591384887695,-8.39876556396484,"Unknown"
"7014855",371852,2025-08-15 22:28:04,43.3591041564941,-8.39874076843262,"Unknown"
"7014855",371852,2025-08-15 22:33:15,43.3591804504395,-8.39869594573975,"Unknown"
"7014855",371852,2025-08-15 22:37:56,43.359058380127,-8.39851760864258,"Unknown"
"7014855",371852,2025-08-15 22:42:58,43.359245300293,-8.39853954315186,"Unknown"
"7014855",371852,2025-08-15 22:47:56,43.3589706420898,-8.39859485626221,"Unknown"
"7014855",371852,2025-08-15 22:53:01,43.3591117858887,-8.39861488342285,"Unknown"
"7014855",371852,2025-08-15 22:58:06,43.3589134216309,-8.39865684509277,"Unknown"
"7014855",371852,2025-08-15 23:03:05,43.3592643737793,-8.3986291885376,"Unknown"
"7014855",371852,2025-08-15 23:08:08,43.3597450256348,-8.39864158630371,"Unknown"
"7014855",371852,2025-08-15 23:12:59,43.3597450256348,-8.39873695373535,"Unknown"
"7014855",371852,2025-08-15 23:18:05,43.3592224121094,-8.39838886260986,"Unknown"
"7014855",371852,2025-08-15 23:23:21,43.3589134216309,-8.39825439453125,"Unknown"
"7014855",371852,2025-08-15 23:28:04,43.359447479248,-8.39842700958252,"Unknown"
"7014855",371852,2025-08-15 23:34:20,43.3590431213379,-8.39834403991699,"Unknown"
"7014855",371852,2025-08-15 23:38:44,43.3591194152832,-8.39842224121094,"Unknown"
"7014855",371852,2025-08-15 23:42:59,43.3591575622559,-8.3983850479126,"Unknown"
"7014855",371852,2025-08-15 23:48:02,43.3590507507324,-8.39856433868408,"Unknown"
"7014855",371852,2025-08-15 23:53:13,43.3590240478516,-8.39835548400879,"Unknown"
"7014855",371852,2025-08-15 23:58:02,43.3591957092285,-8.39830684661865,"Unknown"
"7014855",371852,2025-08-16 00:02:56,43.3590126037598,-8.39850902557373,"Unknown"
"7014855",371852,2025-08-16 00:07:57,43.358959197998,-8.39853763580322,"Unknown"
"7014855",371852,2025-08-16 00:12:59,43.3590774536133,-8.39823436737061,"Unknown"
"7014855",371852,2025-08-16 00:18:07,43.3590888977051,-8.39839839935303,"Unknown"
"7014855",371852,2025-08-16 00:22:57,43.3589973449707,-8.39871978759766,"Unknown"
"7014855",371852,2025-08-16 00:28:02,43.3590202331543,-8.39847946166992,"Unknown"
"7014855",371852,2025-08-16 00:33:14,43.359073638916,-8.39832210540771,"Unknown"
"7014855",371852,2025-08-16 00:38:02,43.3591728210449,-8.39876651763916,"Unknown"
"7014855",371852,2025-08-16 00:43:04,43.359260559082,-8.39861965179443,"Unknown"
"7014855",371852,2025-08-16 00:48:08,43.3592834472656,-8.3987979888916,"Unknown"
"7014855",371852,2025-08-16 00:53:14,43.3591270446777,-8.39846897125244,"Unknown"
"7014855",371852,2025-08-16 00:58:02,43.3592758178711,-8.39881801605225,"Unknown"
"7014855",371852,2025-08-16 01:03:00,43.3591995239258,-8.39871597290039,"Unknown"
"7014855",371852,2025-08-16 01:08:04,43.3590698242188,-8.39834785461426,"Unknown"
"7014855",371852,2025-08-16 01:13:00,43.3591117858887,-8.39828395843506,"Unknown"
"7014855",371852,2025-08-16 01:18:00,43.3594360351562,-8.39820003509521,"Unknown"
"7014855",371852,2025-08-16 01:23:00,43.3593902587891,-8.39815998077393,"Unknown"
"7014855",371852,2025-08-16 01:28:04,43.3590087890625,-8.39842128753662,"Unknown"
"7014855",371852,2025-08-16 01:33:07,43.3590126037598,-8.39844036102295,"Unknown"
"7014855",371852,2025-08-16 01:38:08,43.359375,-8.39846897125244,"Unknown"
"7014855",371852,2025-08-16 01:43:04,43.3590240478516,-8.39858818054199,"Unknown"
"7014855",371852,2025-08-16 01:48:29,43.3589973449707,-8.39848136901855,"Unknown"
"7014855",371852,2025-08-16 01:52:58,43.3589401245117,-8.39848041534424,"Unknown"
"7014855",371852,2025-08-16 01:58:01,43.3589019775391,-8.39844131469727,"Unknown"
"7014855",371852,2025-08-16 02:03:15,43.3590469360352,-8.39838981628418,"Unknown"
"7014855",371852,2025-08-16 02:08:28,43.3590660095215,-8.39838790893555,"Unknown"
"7014855",371852,2025-08-16 02:13:01,43.359001159668,-8.39839649200439,"Unknown"
"7014855",371852,2025-08-16 02:18:04,43.3590812683105,-8.39833641052246,"Unknown"
"7014855",371852,2025-08-16 02:23:07,43.359058380127,-8.39838409423828,"Unknown"
"7014855",371852,2025-08-16 02:27:59,43.3586349487305,-8.39841842651367,"Unknown"
"7014855",371852,2025-08-16 02:33:27,43.3590850830078,-8.39850902557373,"Unknown"
"7014855",371852,2025-08-16 02:38:07,43.3589782714844,-8.39849472045898,"Unknown"
"7014855",371852,2025-08-16 02:43:14,43.3590621948242,-8.39839458465576,"Unknown"
"7014855",371852,2025-08-16 02:48:01,43.3590545654297,-8.39828968048096,"Unknown"
"7014855",371852,2025-08-16 02:53:01,43.3590431213379,-8.39836120605469,"Unknown"
"7014855",371852,2025-08-16 02:58:04,43.3590431213379,-8.39836597442627,"Unknown"
"7014855",371852,2025-08-16 03:03:02,43.3590812683105,-8.39838695526123,"Unknown"
"7014855",371852,2025-08-16 03:08:07,43.3590087890625,-8.39838981628418,"Unknown"
"7014855",371852,2025-08-16 03:13:02,43.3591384887695,-8.39832973480225,"Unknown"
"7014855",371852,2025-08-16 03:18:05,43.359302520752,-8.398193359375,"Unknown"
"7014855",371852,2025-08-16 03:23:29,43.3590812683105,-8.39831638336182,"Unknown"
"7014855",371852,2025-08-16 03:27:56,43.3590927124023,-8.39817237854004,"Unknown"
"7014855",371852,2025-08-16 03:33:02,43.3591041564941,-8.39829635620117,"Unknown"
"7014855",371852,2025-08-16 03:38:02,43.3591766357422,-8.39835739135742,"Unknown"
"7014855",371852,2025-08-16 03:43:00,43.3592338562012,-8.39831638336182,"Unknown"
"7014855",371852,2025-08-16 03:48:06,43.3591232299805,-8.3982515335083,"Unknown"
"7014855",371852,2025-08-16 03:53:08,43.3592414855957,-8.39822101593018,"Unknown"
"7014855",371852,2025-08-16 03:58:16,43.3591995239258,-8.39827442169189,"Unknown"
"7014855",371852,2025-08-16 04:03:11,43.3591575622559,-8.39810276031494,"Unknown"
"7014855",371852,2025-08-16 04:08:02,43.3592147827148,-8.39818668365479,"Unknown"
"7014855",371852,2025-08-16 04:12:59,43.3591690063477,-8.39830493927002,"Unknown"
"7014855",371852,2025-08-16 04:18:00,43.3591690063477,-8.39827442169189,"Unknown"
"7014855",371852,2025-08-16 04:22:58,43.3591423034668,-8.39829730987549,"Unknown"
"7014855",371852,2025-08-16 04:27:58,43.3591690063477,-8.3983097076416,"Unknown"
"7014855",371852,2025-08-16 04:32:58,43.3591079711914,-8.39820194244385,"Unknown"
"7014855",371852,2025-08-16 04:37:57,43.3590850830078,-8.39823722839355,"Unknown"
"7014855",371852,2025-08-16 04:42:58,43.3594207763672,-8.39853572845459,"Unknown"
"7014855",371852,2025-08-16 04:48:07,43.3590126037598,-8.39823532104492,"Unknown"
"7014855",371852,2025-08-16 04:52:57,43.3589782714844,-8.39822769165039,"Unknown"
"7014855",371852,2025-08-16 04:57:58,43.3591156005859,-8.39821243286133,"Unknown"
"7014855",371852,2025-08-16 05:02:57,43.3590087890625,-8.39824485778809,"Unknown"
"7014855",371852,2025-08-16 05:07:59,43.359073638916,-8.39833164215088,"Unknown"
"7014855",371852,2025-08-16 05:13:01,43.3590354919434,-8.39848613739014,"Unknown"
"7014855",371852,2025-08-16 05:18:00,43.3590087890625,-8.39890480041504,"Unknown"
"7014855",371852,2025-08-16 05:23:15,43.3590850830078,-8.39897918701172,"Unknown"
"7014855",371852,2025-08-16 05:27:59,43.3591003417969,-8.39901542663574,"Unknown"
"7014855",371852,2025-08-16 05:32:57,43.3590698242188,-8.39895248413086,"Unknown"
"7014855",371852,2025-08-16 05:38:05,43.3599853515625,-8.40263080596924,"Unknown"
"7014855",371852,2025-08-16 05:42:58,43.3600845336914,-8.40302658081055,"Unknown"
"7014855",371852,2025-08-16 05:48:14,43.360034942627,-8.40255260467529,"Unknown"
"7014855",371852,2025-08-16 05:53:12,43.3600959777832,-8.40274906158447,"Unknown"
"7014855",371852,2025-08-16 05:57:56,43.3597640991211,-8.40266418457031,"Unknown"
"7014855",371852,2025-08-16 06:03:00,43.3654479980469,-8.42003440856934,"Unknown"
"7014855",371852,2025-08-16 06:07:58,43.3692207336426,-8.43538856506348,"Unknown"
"7014855",371852,2025-08-16 06:13:00,43.3564720153809,-8.45717620849609,"Unknown"
"7014855",371852,2025-08-16 06:18:05,43.3564529418945,-8.45718955993652,"Unknown"
"7014855",371852,2025-08-16 06:23:11,43.3565101623535,-8.4570837020874,"Unknown"
"7014855",371852,2025-08-16 06:28:01,43.3565940856934,-8.45700740814209,"Unknown"
"7014855",371852,2025-08-16 06:33:02,43.3566055297852,-8.45715618133545,"Unknown"
"7014855",371852,2025-08-16 06:38:07,43.3566093444824,-8.45705318450928,"Unknown"
"7014855",371852,2025-08-16 06:43:31,43.353588104248,-8.45885181427002,"Unknown"
"7014855",371852,2025-08-16 06:49:20,43.3541297912598,-8.4588565826416,"Unknown"
"7014855",371852,2025-08-16 06:53:59,43.3539276123047,-8.45881652832031,"Unknown"
"7014855",371852,2025-08-16 06:57:58,43.354076385498,-8.45862865447998,"Unknown"
"7014855",371852,2025-08-16 07:03:07,43.3540687561035,-8.45860862731934,"Unknown"
"7014855",371852,2025-08-16 07:07:57,43.3540573120117,-8.45858955383301,"Unknown"
"7014855",371852,2025-08-16 07:12:59,43.3539505004883,-8.45849990844727,"Unknown"
"7014855",371852,2025-08-16 07:17:56,43.3540267944336,-8.45881652832031,"Unknown"
"7014855",371852,2025-08-16 07:22:58,43.3540534973145,-8.45850086212158,"Unknown"
"7014855",371852,2025-08-16 07:27:57,43.3541564941406,-8.45881175994873,"Unknown"
"7014855",371852,2025-08-16 07:33:04,43.354248046875,-8.4583158493042,"Unknown"
"7014855",371852,2025-08-16 07:38:05,43.3542900085449,-8.45845699310303,"Unknown"
"7014855",371852,2025-08-16 07:43:04,43.3541984558105,-8.45841026306152,"Unknown"
"7014855",371852,2025-08-16 07:48:14,43.3543357849121,-8.45834541320801,"Unknown"
"7014855",371852,2025-08-16 07:52:58,43.3543434143066,-8.45839309692383,"Unknown"
"7014855",371852,2025-08-16 07:57:56,43.3543739318848,-8.45874881744385,"Unknown"
"7014855",371852,2025-08-16 08:02:57,43.3543510437012,-8.45842170715332,"Unknown"
"7014855",371852,2025-08-16 08:08:02,43.3542709350586,-8.45834922790527,"Unknown"
"7014855",371852,2025-08-16 08:13:04,43.3545417785645,-8.45827102661133,"Unknown"
"7014855",371852,2025-08-16 08:18:07,43.3544464111328,-8.45838832855225,"Unknown"
"7014855",371852,2025-08-16 08:23:07,43.3545341491699,-8.45823669433594,"Unknown"
"7014855",371852,2025-08-16 08:28:08,43.3544044494629,-8.45827007293701,"Unknown"
"7014855",371852,2025-08-16 08:33:14,43.3543319702148,-8.45823383331299,"Unknown"
"7014855",371852,2025-08-16 08:37:58,43.3536720275879,-8.45903301239014,"Unknown"
"7014855",371852,2025-08-16 08:43:14,43.3543395996094,-8.4583158493042,"Unknown"
"7014855",371852,2025-08-16 08:47:57,43.3543243408203,-8.45810222625732,"Unknown"
"7014855",371852,2025-08-16 08:52:56,43.3587074279785,-8.46546077728271,"Unknown"
"7014855",371852,2025-08-16 08:58:04,43.3536834716797,-8.47495651245117,"Unknown"
"7014855",371852,2025-08-16 09:03:06,43.3530235290527,-8.47509956359863,"Unknown"
"7014855",371852,2025-08-16 09:08:12,43.3530654907227,-8.47508239746094,"Unknown"
"7014855",371852,2025-08-16 09:12:58,43.3530311584473,-8.47497177124023,"Unknown"
"7014855",371852,2025-08-16 09:18:01,43.3531341552734,-8.47504138946533,"Unknown"
"7014855",371852,2025-08-16 09:23:08,43.3531494140625,-8.47498512268066,"Unknown"
"7014855",371852,2025-08-16 09:28:04,43.3530082702637,-8.47538375854492,"Unknown"
"7014855",371852,2025-08-16 09:34:20,43.3529167175293,-8.47488403320312,"Unknown"
"7014855",371852,2025-08-16 09:38:29,43.3528480529785,-8.47501564025879,"Unknown"
"7014855",371852,2025-08-16 09:43:14,43.3535842895508,-8.47477722167969,"Unknown"
"7014855",371852,2025-08-16 09:48:04,43.353385925293,-8.4746732711792,"Unknown"
"7014855",371852,2025-08-16 09:53:07,43.353271484375,-8.47477531433105,"Unknown"
"7014855",371852,2025-08-16 09:58:07,43.3534774780273,-8.47476291656494,"Unknown"
"7014855",371852,2025-08-16 10:03:04,43.3534774780273,-8.4746675491333,"Unknown"
"7014855",371852,2025-08-16 10:07:57,43.3536109924316,-8.47491264343262,"Unknown"
"7014855",371852,2025-08-16 10:13:04,43.3536720275879,-8.47484683990479,"Unknown"
"7014855",371852,2025-08-16 10:18:12,43.3532218933105,-8.4742431640625,"Unknown"
"7014855",371852,2025-08-16 10:23:11,43.3537521362305,-8.47496509552002,"Unknown"
"7014855",371852,2025-08-16 10:28:10,43.3538398742676,-8.47517204284668,"Unknown"
"7014855",371852,2025-08-16 10:33:04,43.3536911010742,-8.47488498687744,"Unknown"
"7014855",371852,2025-08-16 10:38:25,43.3536911010742,-8.47489643096924,"Unknown"
"7014855",371852,2025-08-16 10:43:17,43.3537445068359,-8.47793960571289,"Unknown"
"7014855",371852,2025-08-16 10:48:00,43.3535003662109,-8.47469711303711,"Unknown"
"7014855",371852,2025-08-16 10:52:57,43.3538475036621,-8.47491455078125,"Unknown"
"7014855",371852,2025-08-16 10:58:15,43.3521919250488,-8.47786331176758,"Unknown"
"7014855",371852,2025-08-16 11:03:33,43.3520774841309,-8.47792816162109,"Unknown"
"7014855",371852,2025-08-16 11:08:15,43.351921081543,-8.47796821594238,"Unknown"
"7014855",371852,2025-08-16 11:13:34,43.3520202636719,-8.47806549072266,"Unknown"
"7014855",371852,2025-08-16 11:18:00,43.352108001709,-8.47801208496094,"Unknown"
"7014855",371852,2025-08-16 11:23:04,43.352912902832,-8.47700691223145,"Unknown"
"7014855",371852,2025-08-16 11:27:59,43.3528518676758,-8.47689247131348,"Unknown"
"7014855",371852,2025-08-16 11:33:00,43.3529586791992,-8.47708511352539,"Unknown"
"7014855",371852,2025-08-16 11:38:00,43.3530693054199,-8.47726154327393,"Unknown"
"7014855",371852,2025-08-16 11:43:01,43.3528861999512,-8.47699356079102,"Unknown"
"7014855",371852,2025-08-16 11:48:01,43.3528900146484,-8.47701835632324,"Unknown"
"7014855",371852,2025-08-16 11:54:20,43.3530158996582,-8.47681617736816,"Unknown"
"7014855",371852,2025-08-16 11:58:01,43.3531608581543,-8.47663879394531,"Unknown"
"7014855",371852,2025-08-16 12:03:06,43.3531646728516,-8.47669887542725,"Unknown"
"7014855",371852,2025-08-16 12:08:05,43.3529014587402,-8.47674083709717,"Unknown"
"7014855",371852,2025-08-16 12:13:00,43.35302734375,-8.47678279876709,"Unknown"
"7014855",371852,2025-08-16 12:18:03,43.3528861999512,-8.47667503356934,"Unknown"
"7014855",371852,2025-08-16 12:23:01,43.3531379699707,-8.47663116455078,"Unknown"
"7014855",371852,2025-08-16 12:28:04,43.3530654907227,-8.47673225402832,"Unknown"
"7014855",371852,2025-08-16 12:33:00,43.3531036376953,-8.47679805755615,"Unknown"
"7014855",371852,2025-08-16 12:38:05,43.3530921936035,-8.47661590576172,"Unknown"
"7014855",371852,2025-08-16 12:43:44,43.3529434204102,-8.47682476043701,"Unknown"
"7014855",371852,2025-08-16 12:48:08,43.3528900146484,-8.47679424285889,"Unknown"
"7014855",371852,2025-08-16 12:53:06,43.3529739379883,-8.47684001922607,"Unknown"
"7014855",371852,2025-08-16 12:58:01,43.3529472351074,-8.47683048248291,"Unknown"
"7014855",371852,2025-08-16 13:03:01,43.3529663085938,-8.47682476043701,"Unknown"
"7014855",371852,2025-08-16 13:08:01,43.3529243469238,-8.47680187225342,"Unknown"
"7014855",371852,2025-08-16 13:13:03,43.352897644043,-8.47669219970703,"Unknown"
"7014855",371852,2025-08-16 13:18:05,43.3528747558594,-8.47671127319336,"Unknown"
"7014855",371852,2025-08-16 13:22:57,43.3531074523926,-8.47687911987305,"Unknown"
"7014855",371852,2025-08-16 13:27:58,43.353099822998,-8.4769983291626,"Unknown"
"7014855",371852,2025-08-16 13:33:03,43.3529891967773,-8.47677993774414,"Unknown"
"7014855",371852,2025-08-16 13:37:58,43.352954864502,-8.47686576843262,"Unknown"
"7014855",371852,2025-08-16 13:43:25,43.3531303405762,-8.4767370223999,"Unknown"
"7014855",371852,2025-08-16 13:47:58,43.3531265258789,-8.47695255279541,"Unknown"
"7014855",371852,2025-08-16 13:53:01,43.3530311584473,-8.47695732116699,"Unknown"
"7014855",371852,2025-08-16 13:57:59,43.3532257080078,-8.47572326660156,"Unknown"
"7014855",371852,2025-08-16 14:02:58,43.3529357910156,-8.47617244720459,"Unknown"
"7014855",371852,2025-08-16 14:07:59,43.3533248901367,-8.47580051422119,"Unknown"
"7014855",371852,2025-08-16 14:12:58,43.3529281616211,-8.47615337371826,"Unknown"
"7014855",371852,2025-08-16 14:17:59,43.3534240722656,-8.47583484649658,"Unknown"
"7014855",371852,2025-08-16 14:22:58,43.3533477783203,-8.47563171386719,"Unknown"
"7014855",371852,2025-08-16 14:27:58,43.3532333374023,-8.47563552856445,"Unknown"
"7014855",371852,2025-08-16 14:32:57,43.3528747558594,-8.47543430328369,"Unknown"
"7014855",371852,2025-08-16 14:37:58,43.3528175354004,-8.47581672668457,"Unknown"
"7014855",371852,2025-08-16 14:42:59,43.3527793884277,-8.4753475189209,"Unknown"
"7014855",371852,2025-08-16 14:48:02,43.352912902832,-8.47551441192627,"Unknown"
"7014855",371852,2025-08-16 14:53:05,43.352954864502,-8.47548389434814,"Unknown"
"7014855",371852,2025-08-16 14:58:05,43.3529472351074,-8.47550678253174,"Unknown"
"7014855",371852,2025-08-16 15:03:00,43.3528671264648,-8.47554111480713,"Unknown"
"7014855",371852,2025-08-16 15:08:01,43.3530578613281,-8.47547340393066,"Unknown"
"7014855",371852,2025-08-16 15:13:05,43.3531455993652,-8.4755859375,"Unknown"
"7014855",371852,2025-08-16 15:18:00,43.352912902832,-8.47489738464355,"Unknown"
"7014855",371852,2025-08-16 15:23:03,43.3530731201172,-8.4753303527832,"Unknown"
"7014855",371852,2025-08-16 15:28:06,43.353458404541,-8.47457313537598,"Unknown"
"7014855",371852,2025-08-16 15:32:58,43.353199005127,-8.47406196594238,"Unknown"
"7014855",371852,2025-08-16 15:37:59,43.3535270690918,-8.47426223754883,"Unknown"
"7014855",371852,2025-08-16 15:43:06,43.3541870117188,-8.47451114654541,"Unknown"
"7014855",371852,2025-08-16 15:48:06,43.3537826538086,-8.47446250915527,"Unknown"
"7014855",371852,2025-08-16 15:53:00,43.3539505004883,-8.47269439697266,"Unknown"
"7014855",371852,2025-08-16 15:58:00,43.3541870117188,-8.47416305541992,"Unknown"
"7014855",371852,2025-08-16 16:02:59,43.3539390563965,-8.47445583343506,"Unknown"
"7014855",371852,2025-08-16 16:07:57,43.3539390563965,-8.47431373596191,"Unknown"
"7014855",371852,2025-08-16 16:12:58,43.3539276123047,-8.47436428070068,"Unknown"
"7014855",371852,2025-08-16 16:17:57,43.3542022705078,-8.47445011138916,"Unknown"
"7014855",371852,2025-08-16 16:22:57,43.357795715332,-8.468581199646,"Unknown"
"7014855",371852,2025-08-16 16:27:58,43.3577690124512,-8.46861839294434,"Unknown"
"7014855",371852,2025-08-16 16:32:57,43.3578643798828,-8.46853923797607,"Unknown"
"7014855",371852,2025-08-16 16:37:57,43.357982635498,-8.468430519104,"Unknown"
"7014855",371852,2025-08-16 16:42:57,43.3578453063965,-8.46856880187988,"Unknown"
"7014855",371852,2025-08-16 16:47:57,43.3577117919922,-8.46871852874756,"Unknown"
"7014855",371852,2025-08-16 16:52:58,43.3572807312012,-8.46904945373535,"Unknown"
"7014855",371852,2025-08-16 16:57:58,43.3578491210938,-8.46880531311035,"Unknown"
"7014855",371852,2025-08-16 17:03:00,43.3576774597168,-8.46862125396729,"Unknown"
"7014855",371852,2025-08-16 17:07:58,43.3579292297363,-8.46879577636719,"Unknown"
"7014855",371852,2025-08-16 17:12:58,43.357852935791,-8.46888828277588,"Unknown"
"7014855",371852,2025-08-16 17:17:58,43.3579177856445,-8.4688777923584,"Unknown"
"7014855",371852,2025-08-16 17:22:59,43.3579292297363,-8.46891593933105,"Unknown"
"7014855",371852,2025-08-16 17:28:00,43.3580780029297,-8.46920490264893,"Unknown"
"7014855",371852,2025-08-16 17:33:01,43.360034942627,-8.45912170410156,"Unknown"
"7014855",371852,2025-08-16 17:37:57,43.3559875488281,-8.4551887512207,"Unknown"
"7014855",371852,2025-08-16 17:42:59,43.3540420532227,-8.4566593170166,"Unknown"
"7014855",371852,2025-08-16 17:47:58,43.3544921875,-8.45725345611572,"Unknown"
"7014855",371852,2025-08-16 17:52:57,43.3538818359375,-8.45812702178955,"Unknown"
"7014855",371852,2025-08-16 17:58:00,43.3536148071289,-8.45861053466797,"Unknown"
"7014855",371852,2025-08-16 18:03:04,43.3536605834961,-8.45861911773682,"Unknown"
"7014855",371852,2025-08-16 18:08:03,43.3546752929688,-8.45731067657471,"Unknown"
"7014855",371852,2025-08-16 18:13:01,43.3541717529297,-8.45637893676758,"Unknown"
"7014855",371852,2025-08-16 18:17:58,43.3545379638672,-8.45682430267334,"Unknown"
"7014855",371852,2025-08-16 18:23:00,43.3545951843262,-8.45676612854004,"Unknown"
"7014855",371852,2025-08-16 18:27:58,43.3559684753418,-8.45647525787354,"Unknown"
"7014855",371852,2025-08-16 18:32:58,43.3566207885742,-8.45758152008057,"Unknown"
"7014855",371852,2025-08-16 18:37:57,43.3563957214355,-8.45718955993652,"Unknown"
"7014855",371852,2025-08-16 18:42:57,43.356330871582,-8.45658874511719,"Unknown"
"7014855",371852,2025-08-16 18:47:58,43.3564758300781,-8.45657730102539,"Unknown"
"7014855",371852,2025-08-16 18:52:58,43.3565216064453,-8.4570837020874,"Unknown"
"7014855",371852,2025-08-16 18:57:57,43.3565139770508,-8.45662021636963,"Unknown"
"7014855",371852,2025-08-16 19:02:57,43.3566284179688,-8.45670986175537,"Unknown"
"7014855",371852,2025-08-16 19:07:57,43.3567161560059,-8.45666694641113,"Unknown"
"7014855",371852,2025-08-16 19:12:59,43.3565292358398,-8.45681190490723,"Unknown"
"7014855",371852,2025-08-16 19:18:00,43.356861114502,-8.45778656005859,"Unknown"
"7014855",371852,2025-08-16 19:23:01,43.3570213317871,-8.45719432830811,"Unknown"
"7014855",371852,2025-08-16 19:27:57,43.357551574707,-8.45633983612061,"Unknown"
"7014855",371852,2025-08-16 19:32:57,43.3500289916992,-8.43172359466553,"Unknown"
"7014855",371852,2025-08-16 19:38:00,43.364429473877,-8.39924335479736,"Unknown"
"7014855",371852,2025-08-16 19:42:57,43.3644638061523,-8.39934062957764,"Unknown"
"7014855",371852,2025-08-16 19:48:00,43.3644485473633,-8.39937496185303,"Unknown"
"7014855",371852,2025-08-16 19:53:07,43.3644027709961,-8.39932060241699,"Unknown"
"7014855",371852,2025-08-16 19:58:07,43.3644943237305,-8.39957714080811,"Unknown"
"7014855",371852,2025-08-16 20:03:07,43.3646125793457,-8.39973640441895,"Unknown"
"7014855",371852,2025-08-16 20:08:07,43.3650131225586,-8.40024471282959,"Unknown"
"7014855",371852,2025-08-16 20:13:05,43.3650588989258,-8.40031051635742,"Unknown"
"7014855",371852,2025-08-16 20:18:04,43.3648643493652,-8.4007043838501,"Unknown"
"7014855",371852,2025-08-16 20:23:14,43.3644142150879,-8.40013027191162,"Unknown"
"7014855",371852,2025-08-16 20:28:01,43.3642387390137,-8.39986133575439,"Unknown"
"7014855",371852,2025-08-16 20:33:06,43.3643035888672,-8.3998441696167,"Unknown"
"7014855",371852,2025-08-16 20:37:59,43.3638153076172,-8.39869022369385,"Unknown"
"7014855",371852,2025-08-16 20:42:58,43.3643913269043,-8.39956283569336,"Unknown"
"7014855",371852,2025-08-16 20:48:05,43.3630104064941,-8.39927673339844,"Unknown"
"7014855",371852,2025-08-16 20:53:06,43.363224029541,-8.39923286437988,"Unknown"
"7014855",371852,2025-08-16 20:58:06,43.3633499145508,-8.39942359924316,"Unknown"
"7014855",371852,2025-08-16 21:03:01,43.3633041381836,-8.39932727813721,"Unknown"
"7014855",371852,2025-08-16 21:08:06,43.3636360168457,-8.39848041534424,"Unknown"
"7014855",371852,2025-08-16 21:13:06,43.3634300231934,-8.39910507202148,"Unknown"
"7014855",371852,2025-08-16 21:18:03,43.3630218505859,-8.39876079559326,"Unknown"
"7014855",371852,2025-08-16 21:23:01,43.364070892334,-8.39827632904053,"Unknown"
"7014855",371852,2025-08-16 21:28:05,43.363582611084,-8.39836883544922,"Unknown"
"7014855",371852,2025-08-16 21:33:01,43.3637161254883,-8.39852046966553,"Unknown"
"7014855",371852,2025-08-16 21:38:00,43.3645896911621,-8.39944934844971,"Unknown"
"7014855",371852,2025-08-16 21:42:58,43.3638534545898,-8.39951515197754,"Unknown"
"7014855",371852,2025-08-16 21:48:04,43.3640174865723,-8.39904117584229,"Unknown"
"7014855",371852,2025-08-16 21:53:05,43.3638305664062,-8.39929389953613,"Unknown"
"7014855",371852,2025-08-16 21:58:03,43.3638229370117,-8.39889240264893,"Unknown"
"7014855",371852,2025-08-16 22:03:12,43.363941192627,-8.39940643310547,"Unknown"
"7014855",371852,2025-08-16 22:07:58,43.3640518188477,-8.39926242828369,"Unknown"
"7014855",371852,2025-08-16 22:13:01,43.3637237548828,-8.39968013763428,"Unknown"
"7014855",371852,2025-08-16 22:17:58,43.363697052002,-8.399489402771,"Unknown"
"7014855",371852,2025-08-16 22:23:03,43.3634300231934,-8.39940738677979,"Unknown"
"7014855",371852,2025-08-16 22:27:59,43.3637275695801,-8.39970874786377,"Unknown"
"7014855",371852,2025-08-16 22:33:00,43.3640441894531,-8.39926433563232,"Unknown"
"7014855",371852,2025-08-16 22:38:03,43.3636627197266,-8.39960956573486,"Unknown"
"7014855",371852,2025-08-16 22:43:00,43.3636894226074,-8.39951705932617,"Unknown"
"7014855",371852,2025-08-16 22:47:59,43.3639183044434,-8.39967727661133,"Unknown"
"7014855",371852,2025-08-16 22:53:07,43.3638343811035,-8.40041923522949,"Unknown"
"7014855",371852,2025-08-16 22:58:14,43.3641242980957,-8.40053653717041,"Unknown"
"7014855",371852,2025-08-16 23:03:06,43.3661689758301,-8.40356254577637,"Unknown"
"7014855",371852,2025-08-16 23:08:04,43.3655052185059,-8.40356731414795,"Unknown"
"7014855",371852,2025-08-16 23:13:04,43.3645133972168,-8.40062618255615,"Unknown"
"7014855",371852,2025-08-16 23:18:06,43.3645706176758,-8.40079402923584,"Unknown"
"7014855",371852,2025-08-16 23:23:07,43.3644943237305,-8.40083312988281,"Unknown"
"7014855",371852,2025-08-16 23:28:03,43.3644714355469,-8.40084934234619,"Unknown"
"7014855",371852,2025-08-16 23:33:03,43.3640289306641,-8.3998441696167,"Unknown"
"7014855",371852,2025-08-16 23:38:06,43.3640365600586,-8.39986991882324,"Unknown"
"7014855",371852,2025-08-16 23:43:06,43.3640747070312,-8.40021419525146,"Unknown"
"7014855",371852,2025-08-16 23:48:03,43.365234375,-8.40099334716797,"Unknown"
"7014855",371852,2025-08-16 23:53:01,43.3649215698242,-8.39988899230957,"Unknown"
"7014855",371852,2025-08-16 23:57:57,43.3648948669434,-8.39963531494141,"Unknown"
"7014855",371852,2025-08-17 00:03:04,43.3648452758789,-8.39947700500488,"Unknown"
"7014855",371852,2025-08-17 00:08:04,43.3647956848145,-8.3992748260498,"Unknown"
"7014855",371852,2025-08-17 00:13:01,43.3647384643555,-8.39961338043213,"Unknown"
"7014855",371852,2025-08-17 00:18:05,43.3647537231445,-8.39964485168457,"Unknown"
"7014855",371852,2025-08-17 00:23:05,43.3647308349609,-8.39966773986816,"Unknown"
"7014855",371852,2025-08-17 00:27:59,43.3644371032715,-8.39993476867676,"Unknown"
"7014855",371852,2025-08-17 00:33:06,43.3647422790527,-8.39950942993164,"Unknown"
"7014855",371852,2025-08-17 00:37:57,43.3645896911621,-8.39978504180908,"Unknown"
"7014855",371852,2025-08-17 00:43:00,43.3645858764648,-8.39966487884521,"Unknown"
"7014855",371852,2025-08-17 00:48:06,43.3646659851074,-8.39954471588135,"Unknown"
"7014855",371852,2025-08-17 00:52:57,43.3646392822266,-8.39944076538086,"Unknown"
"7014855",371852,2025-08-17 00:58:06,43.3645896911621,-8.39954853057861,"Unknown"
"7014855",371852,2025-08-17 01:02:58,43.3646202087402,-8.39952564239502,"Unknown"
"7014855",371852,2025-08-17 01:07:58,43.3645057678223,-8.39956474304199,"Unknown"
"7014855",371852,2025-08-17 01:13:05,43.3644561767578,-8.39955520629883,"Unknown"
"7014855",371852,2025-08-17 01:17:59,43.3646125793457,-8.39962577819824,"Unknown"
"7014855",371852,2025-08-17 01:23:01,43.3645782470703,-8.39963912963867,"Unknown"
"7014855",371852,2025-08-17 01:28:06,43.3646278381348,-8.39963245391846,"Unknown"
"7014855",371852,2025-08-17 01:33:00,43.3639335632324,-8.40001583099365,"Unknown"
"7014855",371852,2025-08-17 01:38:01,43.3636817932129,-8.39969539642334,"Unknown"
"7014855",371852,2025-08-17 01:43:11,43.3638076782227,-8.39971542358398,"Unknown"
"7014855",371852,2025-08-17 01:48:11,43.3645248413086,-8.39941120147705,"Unknown"
"7014855",371852,2025-08-17 01:52:57,43.3643455505371,-8.39971351623535,"Unknown"
"7014855",371852,2025-08-17 01:57:58,43.3646965026855,-8.39938640594482,"Unknown"
"7014855",371852,2025-08-17 02:02:57,43.3645935058594,-8.39945888519287,"Unknown"
"7014855",371852,2025-08-17 02:07:58,43.3645133972168,-8.39937591552734,"Unknown"
"7014855",371852,2025-08-17 02:13:11,43.3645057678223,-8.39951324462891,"Unknown"
"7014855",371852,2025-08-17 02:18:00,43.364673614502,-8.39900016784668,"Unknown"
"7014855",371852,2025-08-17 02:22:59,43.3647232055664,-8.39956474304199,"Unknown"
"7014855",371852,2025-08-17 02:28:01,43.3642997741699,-8.39934062957764,"Unknown"
"7014855",371852,2025-08-17 02:32:57,43.3648071289062,-8.39937686920166,"Unknown"
"7014855",371852,2025-08-17 02:38:03,43.3644371032715,-8.39908981323242,"Unknown"
"7014855",371852,2025-08-17 02:43:00,43.3626823425293,-8.4000883102417,"Unknown"
"7014855",371852,2025-08-17 02:48:01,43.3653907775879,-8.39930248260498,"Unknown"
"7014855",371852,2025-08-17 02:53:05,43.3653602600098,-8.39931297302246,"Unknown"
"7014855",371852,2025-08-17 02:57:59,43.3655319213867,-8.3992223739624,"Unknown"
"7014855",371852,2025-08-17 03:03:07,43.3652038574219,-8.3993558883667,"Unknown"
"7014855",371852,2025-08-17 03:07:59,43.3639717102051,-8.4000301361084,"Unknown"
"7014855",371852,2025-08-17 03:13:00,43.3647689819336,-8.39900207519531,"Unknown"
"7014855",371852,2025-08-17 03:18:06,43.3651809692383,-8.39873027801514,"Unknown"
"7014855",371852,2025-08-17 03:22:57,43.3642539978027,-8.3995532989502,"Unknown"
"7014855",371852,2025-08-17 03:28:00,43.3644866943359,-8.39949893951416,"Unknown"
"7014855",371852,2025-08-17 03:33:00,43.3644027709961,-8.39964485168457,"Unknown"
"7014855",371852,2025-08-17 03:37:57,43.3641204833984,-8.39960861206055,"Unknown"
"7014855",371852,2025-08-17 03:42:57,43.3643798828125,-8.39929866790771,"Unknown"
"7014855",371852,2025-08-17 03:48:00,43.3639602661133,-8.39968967437744,"Unknown"
"7014855",371852,2025-08-17 03:52:57,43.3642539978027,-8.3992805480957,"Unknown"
"7014855",371852,2025-08-17 03:58:06,43.3641967773438,-8.4005069732666,"Unknown"
"7014855",371852,2025-08-17 04:03:00,43.3644714355469,-8.3987512588501,"Unknown"
"7014855",371852,2025-08-17 04:07:58,43.3647041320801,-8.3992166519165,"Unknown"
"7014855",371852,2025-08-17 04:13:00,43.3647041320801,-8.39750194549561,"Unknown"
"7014855",371852,2025-08-17 04:17:59,43.3643379211426,-8.39856338500977,"Unknown"
"7014855",371852,2025-08-17 04:22:58,43.3665924072266,-8.39959526062012,"Unknown"
"7014855",371852,2025-08-17 04:28:01,43.3646583557129,-8.3992805480957,"Unknown"
"7014855",371852,2025-08-17 04:32:59,43.3644599914551,-8.39847850799561,"Unknown"
"7014855",371852,2025-08-17 04:37:58,43.3644332885742,-8.39837551116943,"Unknown"
"7014855",371852,2025-08-17 04:42:58,43.3644828796387,-8.3983736038208,"Unknown"
"7014855",371852,2025-08-17 04:47:58,43.3646354675293,-8.39847183227539,"Unknown"
"7014855",371852,2025-08-17 04:52:58,43.364128112793,-8.39889621734619,"Unknown"
"7014855",371852,2025-08-17 04:58:03,43.3643226623535,-8.39966773986816,"Unknown"
"7014855",371852,2025-08-17 05:02:57,43.3644065856934,-8.39975452423096,"Unknown"
"7014855",371852,2025-08-17 05:07:57,43.3647308349609,-8.399094581604,"Unknown"
"7014855",371852,2025-08-17 05:12:58,43.3632392883301,-8.3986234664917,"Unknown"
"7014855",371852,2025-08-17 05:17:57,43.36474609375,-8.39884376525879,"Unknown"
"7014855",371852,2025-08-17 05:22:57,43.3646926879883,-8.3989839553833,"Unknown"
"7014855",371852,2025-08-17 05:27:57,43.3647384643555,-8.39889621734619,"Unknown"
"7014855",371852,2025-08-17 05:32:57,43.3648147583008,-8.39888954162598,"Unknown"
"7014855",371852,2025-08-17 05:37:59,43.3647232055664,-8.39890384674072,"Unknown"
"7014855",371852,2025-08-17 05:42:57,43.3648414611816,-8.3989782333374,"Unknown"
"7014855",371852,2025-08-17 05:47:57,43.3647727966309,-8.39898777008057,"Unknown"
"7014855",371852,2025-08-17 05:52:57,43.3646697998047,-8.39904499053955,"Unknown"
"7014855",371852,2025-08-17 05:57:57,43.3653450012207,-8.400221824646,"Unknown"
"7014855",371852,2025-08-17 06:03:14,43.3659820556641,-8.40215015411377,"Unknown"
"7014855",371852,2025-08-17 06:08:02,43.3659057617188,-8.40224647521973,"Unknown"
"7014855",371852,2025-08-17 06:13:04,43.3662147521973,-8.40202522277832,"Unknown"
"7014855",371852,2025-08-17 06:17:59,43.3657608032227,-8.40209007263184,"Unknown"
"7014855",371852,2025-08-17 06:22:59,43.3657112121582,-8.40222835540771,"Unknown"
"7014855",371852,2025-08-17 06:28:03,43.3642501831055,-8.39951610565186,"Unknown"
"7014855",371852,2025-08-17 06:33:00,43.3645973205566,-8.39933776855469,"Unknown"
"7014855",371852,2025-08-17 06:38:07,43.364143371582,-8.39954662322998,"Unknown"
"7014855",371852,2025-08-17 06:43:10,43.3640060424805,-8.39947128295898,"Unknown"
"7014855",371852,2025-08-17 06:48:29,43.3644905090332,-8.39954662322998,"Unknown"
"7014855",371852,2025-08-17 06:52:57,43.3643760681152,-8.39964294433594,"Unknown"
"7014855",371852,2025-08-17 06:58:04,43.3642501831055,-8.3994607925415,"Unknown"
"7014855",371852,2025-08-17 07:02:57,43.3643608093262,-8.39933681488037,"Unknown"
"7014855",371852,2025-08-17 07:07:57,43.3642539978027,-8.39931583404541,"Unknown"
"7014855",371852,2025-08-17 07:12:58,43.3638687133789,-8.39975070953369,"Unknown"
"7014855",371852,2025-08-17 07:17:57,43.3644065856934,-8.39966678619385,"Unknown"
"7014855",371852,2025-08-17 07:22:58,43.3643417358398,-8.39972686767578,"Unknown"
"7014855",371852,2025-08-17 07:27:57,43.3643913269043,-8.39940166473389,"Unknown"
"7014855",371852,2025-08-17 07:33:00,43.3669967651367,-8.4047212600708,"Unknown"
"7014855",371852,2025-08-17 07:38:03,43.3671646118164,-8.40483474731445,"Unknown"
"7014855",371852,2025-08-17 07:42:57,43.3699569702148,-8.4125862121582,"Unknown"
"7014855",371852,2025-08-17 07:48:14,43.3690528869629,-8.41702938079834,"Unknown"
"7014855",371852,2025-08-17 07:53:03,43.3689613342285,-8.41708850860596,"Unknown"
"7014855",371852,2025-08-17 07:57:57,43.3735847473145,-8.42959594726562,"Unknown"
"7014855",371852,2025-08-17 08:02:57,43.3738822937012,-8.42986106872559,"Unknown"
"7014855",371852,2025-08-17 08:07:59,43.374885559082,-8.42684841156006,"Unknown"
"7014855",371852,2025-08-17 08:13:03,43.3747711181641,-8.42682075500488,"Unknown"
"7014855",371852,2025-08-17 08:17:58,43.3749656677246,-8.42708492279053,"Unknown"
"7014855",371852,2025-08-17 08:23:01,43.3748664855957,-8.42709445953369,"Unknown"
"7014855",371852,2025-08-17 08:27:57,43.3801002502441,-8.44498157501221,"Unknown"
"7014855",371852,2025-08-17 08:32:57,43.3636589050293,-8.46286773681641,"Unknown"
"7014855",371852,2025-08-17 08:37:58,43.3575210571289,-8.46906757354736,"Unknown"
"7014855",371852,2025-08-17 08:43:01,43.3576202392578,-8.46894073486328,"Unknown"
"7014855",371852,2025-08-17 08:48:10,43.3576736450195,-8.46898365020752,"Unknown"
"7014855",371852,2025-08-17 08:53:01,43.3573226928711,-8.46897125244141,"Unknown"
"7014855",371852,2025-08-17 08:58:02,43.3576736450195,-8.46894836425781,"Unknown"
"7014855",371852,2025-08-17 09:03:07,43.3573799133301,-8.46905136108398,"Unknown"
"7014855",371852,2025-08-17 09:08:01,43.3582534790039,-8.46828842163086,"Unknown"
"7014855",371852,2025-08-17 09:13:01,43.3580780029297,-8.46833801269531,"Unknown"
"7014855",371852,2025-08-17 09:18:08,43.3534660339355,-8.45889759063721,"Unknown"
"7014855",371852,2025-08-17 09:23:31,43.353630065918,-8.45884895324707,"Unknown"
"7014855",371852,2025-08-17 09:28:40,43.3536109924316,-8.45902061462402,"Unknown"
"7014855",371852,2025-08-17 09:33:11,43.3538970947266,-8.45889759063721,"Unknown"
"7014855",371852,2025-08-17 09:38:08,43.3537406921387,-8.45858001708984,"Unknown"
"7014855",371852,2025-08-17 09:43:19,43.3538856506348,-8.45899200439453,"Unknown"
"7014855",371852,2025-08-17 09:48:11,43.3536415100098,-8.45868968963623,"Unknown"
"7014855",371852,2025-08-17 09:52:58,43.3557510375977,-8.45695304870605,"Unknown"
"7014855",371852,2025-08-17 09:57:58,43.3558082580566,-8.45695495605469,"Unknown"
"7014855",371852,2025-08-17 10:02:58,43.3565368652344,-8.45686817169189,"Unknown"
"7014855",371852,2025-08-17 10:07:57,43.3557891845703,-8.45616817474365,"Unknown"
"7014855",371852,2025-08-17 10:12:59,43.3563995361328,-8.45702171325684,"Unknown"
"7014855",371852,2025-08-17 10:17:59,43.3563385009766,-8.45691394805908,"Unknown"
"7014855",371852,2025-08-17 10:22:59,43.3564109802246,-8.45719337463379,"Unknown"
"7014855",371852,2025-08-17 10:27:59,43.3563804626465,-8.45710945129395,"Unknown"
"7014855",371852,2025-08-17 10:32:59,43.3563995361328,-8.45702648162842,"Unknown"
"7014855",371852,2025-08-17 10:37:58,43.3563919067383,-8.4570837020874,"Unknown"
"7014855",371852,2025-08-17 10:42:58,43.3563499450684,-8.4571418762207,"Unknown"
"7014855",371852,2025-08-17 10:47:59,43.356388092041,-8.45700931549072,"Unknown"
"7014855",371852,2025-08-17 10:52:58,43.3562889099121,-8.45701599121094,"Unknown"
"7014855",371852,2025-08-17 10:57:58,43.3563690185547,-8.45701503753662,"Unknown"
"7014855",371852,2025-08-17 11:02:58,43.3563003540039,-8.45699501037598,"Unknown"
"7014855",371852,2025-08-17 11:07:58,43.3565254211426,-8.45704078674316,"Unknown"
"7014855",371852,2025-08-17 11:12:58,43.3562812805176,-8.45708465576172,"Unknown"
"7014855",371852,2025-08-17 11:17:58,43.3566207885742,-8.45713710784912,"Unknown"
"7014855",371852,2025-08-17 11:22:58,43.3565292358398,-8.45718860626221,"Unknown"
"7014855",371852,2025-08-17 11:27:59,43.3566093444824,-8.45718002319336,"Unknown"
"7014855",371852,2025-08-17 11:32:59,43.3566627502441,-8.45712375640869,"Unknown"
"7014855",371852,2025-08-17 11:37:59,43.356575012207,-8.4570837020874,"Unknown"
"7014855",371852,2025-08-17 11:42:59,43.3566398620605,-8.45711708068848,"Unknown"
"7014855",371852,2025-08-17 11:47:59,43.3566093444824,-8.45704460144043,"Unknown"
"7014855",371852,2025-08-17 11:52:59,43.3565139770508,-8.45730590820312,"Unknown"
"7014855",371852,2025-08-17 11:58:08,43.3580017089844,-8.46886253356934,"Unknown"
"7014855",371852,2025-08-17 12:03:01,43.3577499389648,-8.46896362304688,"Unknown"
"7014855",371852,2025-08-17 12:08:14,43.3577270507812,-8.46903610229492,"Unknown"
"7014855",371852,2025-08-17 12:13:00,43.3578872680664,-8.46895027160645,"Unknown"
"7014855",371852,2025-08-17 12:18:00,43.3578147888184,-8.46885871887207,"Unknown"
"7014855",371852,2025-08-17 12:22:58,43.3578681945801,-8.46880340576172,"Unknown"
"7014855",371852,2025-08-17 12:28:05,43.3578987121582,-8.46875095367432,"Unknown"
"7014855",371852,2025-08-17 12:33:00,43.3578033447266,-8.46887302398682,"Unknown"
"7014855",371852,2025-08-17 12:38:02,43.3578720092773,-8.46880054473877,"Unknown"
"7014855",371852,2025-08-17 12:43:01,43.3578605651855,-8.46883106231689,"Unknown"
"7014855",371852,2025-08-17 12:48:05,43.3578948974609,-8.46883869171143,"Unknown"
"7014855",371852,2025-08-17 12:53:00,43.3577308654785,-8.46904277801514,"Unknown"
"7014855",371852,2025-08-17 12:58:04,43.3576354980469,-8.46888065338135,"Unknown"
"7014855",371852,2025-08-17 13:03:00,43.357536315918,-8.46911525726318,"Unknown"
"7014855",371852,2025-08-17 13:08:00,43.3578300476074,-8.46888160705566,"Unknown"
"7014855",371852,2025-08-17 13:13:00,43.3581047058105,-8.46856307983398,"Unknown"
"7014855",371852,2025-08-17 13:17:59,43.3577575683594,-8.46889019012451,"Unknown"
"7014855",371852,2025-08-17 13:22:59,43.3577461242676,-8.46891784667969,"Unknown"
"7014855",371852,2025-08-17 13:27:59,43.3576164245605,-8.46912860870361,"Unknown"
"7014855",371852,2025-08-17 13:32:59,43.3577270507812,-8.46892166137695,"Unknown"
"7014855",371852,2025-08-17 13:38:00,43.3577842712402,-8.46885871887207,"Unknown"
"7014855",371852,2025-08-17 13:43:00,43.3583602905273,-8.46899318695068,"Unknown"
"7014855",371852,2025-08-17 13:48:08,43.3574829101562,-8.46889114379883,"Unknown"
"7014855",371852,2025-08-17 13:53:01,43.3576431274414,-8.46885204315186,"Unknown"
"7014855",371852,2025-08-17 13:58:02,43.357551574707,-8.46890926361084,"Unknown"
"7014855",371852,2025-08-17 14:03:04,43.3574256896973,-8.46871280670166,"Unknown"
"7014855",371852,2025-08-17 14:08:01,43.3576316833496,-8.46875762939453,"Unknown"
"7014855",371852,2025-08-17 14:13:11,43.3576240539551,-8.46875953674316,"Unknown"
"7014855",371852,2025-08-17 14:18:04,43.357494354248,-8.4684419631958,"Unknown"
"7014855",371852,2025-08-17 14:23:07,43.3577461242676,-8.46887111663818,"Unknown"
"7014855",371852,2025-08-17 14:28:07,43.3575248718262,-8.46858215332031,"Unknown"
"7014855",371852,2025-08-17 14:33:15,43.3576469421387,-8.46875286102295,"Unknown"
"7014855",371852,2025-08-17 14:38:14,43.3575134277344,-8.46861839294434,"Unknown"
"7014855",371852,2025-08-17 14:42:58,43.3574829101562,-8.46848773956299,"Unknown"
"7014855",371852,2025-08-17 14:47:58,43.3576431274414,-8.46870136260986,"Unknown"
"7014855",371852,2025-08-17 14:53:00,43.3578147888184,-8.46889686584473,"Unknown"
"7014855",371852,2025-08-17 14:58:07,43.3576202392578,-8.46866512298584,"Unknown"
"7014855",371852,2025-08-17 15:03:09,43.3574600219727,-8.46828937530518,"Unknown"
"7014855",371852,2025-08-17 15:08:14,43.3578453063965,-8.4685640335083,"Unknown"
"7014855",371852,2025-08-17 15:13:03,43.3577651977539,-8.46848583221436,"Unknown"
"7014855",371852,2025-08-17 15:18:29,43.3579139709473,-8.46886348724365,"Unknown"
"7014855",371852,2025-08-17 15:23:05,43.3577880859375,-8.46855354309082,"Unknown"
"7014855",371852,2025-08-17 15:28:01,43.3578338623047,-8.46862888336182,"Unknown"
"7014855",371852,2025-08-17 15:33:08,43.3577613830566,-8.46878623962402,"Unknown"
"7014855",371852,2025-08-17 15:37:58,43.3576545715332,-8.46848583221436,"Unknown"
"7014855",371852,2025-08-17 15:43:35,43.3577156066895,-8.46869659423828,"Unknown"
"7014855",371852,2025-08-17 15:47:58,43.3580436706543,-8.46877098083496,"Unknown"
"7014855",371852,2025-08-17 15:52:57,43.3580055236816,-8.46878433227539,"Unknown"
"7014855",371852,2025-08-17 15:57:58,43.3579444885254,-8.46899318695068,"Unknown"
"7014855",371852,2025-08-17 16:03:00,43.3580360412598,-8.46885299682617,"Unknown"
"7014855",371852,2025-08-17 16:07:58,43.358039855957,-8.46883583068848,"Unknown"
"7014855",371852,2025-08-17 16:12:59,43.358097076416,-8.4689826965332,"Unknown"
"7014855",371852,2025-08-17 16:17:58,43.3579940795898,-8.46891403198242,"Unknown"
"7014855",371852,2025-08-17 16:22:58,43.3579177856445,-8.46896076202393,"Unknown"
"7014855",371852,2025-08-17 16:27:57,43.3579864501953,-8.4688606262207,"Unknown"
"7014855",371852,2025-08-17 16:32:58,43.3579788208008,-8.46893215179443,"Unknown"
"7014855",371852,2025-08-17 16:37:58,43.3579292297363,-8.46899795532227,"Unknown"
"7014855",371852,2025-08-17 16:43:05,43.35791015625,-8.46894931793213,"Unknown"
"7014855",371852,2025-08-17 16:48:05,43.3579864501953,-8.46895885467529,"Unknown"
"7014855",371852,2025-08-17 16:52:57,43.3579597473145,-8.4689302444458,"Unknown"
"7014855",371852,2025-08-17 16:57:58,43.3580055236816,-8.46899032592773,"Unknown"
"7014855",371852,2025-08-17 17:03:05,43.3579521179199,-8.46892929077148,"Unknown"
"7014855",371852,2025-08-17 17:07:58,43.3579025268555,-8.46888446807861,"Unknown"
"7014855",371852,2025-08-17 17:12:58,43.3580169677734,-8.46882057189941,"Unknown"
"7014855",371852,2025-08-17 17:17:58,43.3579711914062,-8.46894264221191,"Unknown"
"7014855",371852,2025-08-17 17:22:58,43.3579216003418,-8.46895313262939,"Unknown"
"7014855",371852,2025-08-17 17:27:59,43.3578758239746,-8.46886920928955,"Unknown"
"7014855",371852,2025-08-17 17:33:00,43.3578491210938,-8.46887302398682,"Unknown"
"7014855",371852,2025-08-17 17:38:00,43.3579559326172,-8.46890258789062,"Unknown"
"7014855",371852,2025-08-17 17:43:00,43.3576049804688,-8.46882724761963,"Unknown"
"7014855",371852,2025-08-17 17:48:00,43.357837677002,-8.46888828277588,"Unknown"
"7014855",371852,2025-08-17 17:53:00,43.3579139709473,-8.46895980834961,"Unknown"
"7014855",371852,2025-08-17 17:57:59,43.3574104309082,-8.46852779388428,"Unknown"
"7014855",371852,2025-08-17 18:03:00,43.3578567504883,-8.46898555755615,"Unknown"
"7014855",371852,2025-08-17 18:07:59,43.3600463867188,-8.46172523498535,"Unknown"
"7014855",371852,2025-08-17 18:12:59,43.3567428588867,-8.45782375335693,"Unknown"
"7014855",371852,2025-08-17 18:17:59,43.3567008972168,-8.45768451690674,"Unknown"
"7014855",371852,2025-08-17 18:22:59,43.3566703796387,-8.45730304718018,"Unknown"
"7014855",371852,2025-08-17 18:28:07,43.3545684814453,-8.45934581756592,"Unknown"
"7014855",371852,2025-08-17 18:33:17,43.3544845581055,-8.45887088775635,"Unknown"
"7014855",371852,2025-08-17 18:38:18,43.3544235229492,-8.45908164978027,"Unknown"
"7014855",371852,2025-08-17 18:43:06,43.3547210693359,-8.45888423919678,"Unknown"
"7014855",371852,2025-08-17 18:48:28,43.3544120788574,-8.45903778076172,"Unknown"
"7014855",371852,2025-08-17 18:53:57,43.3542366027832,-8.45879650115967,"Unknown"
"7014855",371852,2025-08-17 19:03:50,43.3541526794434,-8.45872783660889,"Unknown"
"7014855",371852,2025-08-17 19:09:10,43.3545379638672,-8.45828342437744,"Unknown"
"7014855",371852,2025-08-17 19:13:44,43.3542785644531,-8.45858669281006,"Unknown"
"7014855",371852,2025-08-17 19:18:39,43.3540802001953,-8.45858097076416,"Unknown"
"7014855",371852,2025-08-17 19:22:59,43.3496894836426,-8.43604564666748,"Unknown"
"7014855",371852,2025-08-17 19:27:58,43.3646202087402,-8.39982318878174,"Unknown"
"7014855",371852,2025-08-17 19:33:14,43.364315032959,-8.4001350402832,"Unknown"
"7014855",371852,2025-08-17 19:38:00,43.3640670776367,-8.40029335021973,"Unknown"
"7014855",371852,2025-08-17 19:42:58,43.3640937805176,-8.40033340454102,"Unknown"
"7014855",371852,2025-08-17 19:48:01,43.3642654418945,-8.39997959136963,"Unknown"
"7014855",371852,2025-08-17 19:53:01,43.3643035888672,-8.40002155303955,"Unknown"
"7014855",371852,2025-08-17 19:57:58,43.3643608093262,-8.39996147155762,"Unknown"
"7014855",371852,2025-08-17 20:03:06,43.364128112793,-8.40023136138916,"Unknown"
"7014855",371852,2025-08-17 20:08:10,43.3640289306641,-8.39960289001465,"Unknown"
"7014855",371852,2025-08-17 20:13:04,43.3643341064453,-8.39999866485596,"Unknown"
"7014855",371852,2025-08-17 20:18:06,43.3644256591797,-8.40001583099365,"Unknown"
"7014855",371852,2025-08-17 20:23:03,43.3642425537109,-8.40003108978271,"Unknown"
"7014855",371852,2025-08-17 20:28:04,43.3643455505371,-8.40003681182861,"Unknown"
"7014855",371852,2025-08-17 20:33:00,43.3641815185547,-8.39979648590088,"Unknown"
"7014855",371852,2025-08-17 20:38:05,43.364574432373,-8.40044021606445,"Unknown"
"7014855",371852,2025-08-17 20:43:29,43.3643341064453,-8.3999490737915,"Unknown"
"7014855",371852,2025-08-17 20:47:58,43.3644523620605,-8.40003204345703,"Unknown"
"7014855",371852,2025-08-17 20:52:59,43.3644065856934,-8.40003967285156,"Unknown"
"7014855",371852,2025-08-17 20:58:03,43.3643379211426,-8.4005651473999,"Unknown"
"7014855",371852,2025-08-17 21:03:01,43.3643646240234,-8.40042972564697,"Unknown"
"7014855",371852,2025-08-17 21:08:01,43.3644256591797,-8.40050506591797,"Unknown"
"7014855",371852,2025-08-17 21:13:00,43.3648567199707,-8.40156364440918,"Unknown"
"7014855",371852,2025-08-17 21:18:35,43.3644065856934,-8.3999490737915,"Unknown"
"7014855",371852,2025-08-17 21:22:58,43.3643608093262,-8.3999490737915,"Unknown"
"7014855",371852,2025-08-17 21:27:57,43.3643684387207,-8.39994239807129,"Unknown"
"7014855",371852,2025-08-17 21:32:57,43.3643760681152,-8.39995288848877,"Unknown"
"7014855",371852,2025-08-17 21:37:58,43.3643455505371,-8.39986133575439,"Unknown"
"7014855",371852,2025-08-17 21:42:58,43.3643684387207,-8.39988803863525,"Unknown"
"7014855",371852,2025-08-17 21:48:00,43.3642196655273,-8.40008068084717,"Unknown"
"7014855",371852,2025-08-17 21:52:59,43.364315032959,-8.39994621276855,"Unknown"
"7014855",371852,2025-08-17 21:58:06,43.3643531799316,-8.39989852905273,"Unknown"
"7014855",371852,2025-08-17 22:03:00,43.3643951416016,-8.39976596832275,"Unknown"
"7014855",371852,2025-08-17 22:07:59,43.3643913269043,-8.3998441696167,"Unknown"
"7014855",371852,2025-08-17 22:12:57,43.364387512207,-8.39975166320801,"Unknown"
"7014855",371852,2025-08-17 22:17:57,43.3643417358398,-8.39971256256104,"Unknown"
"7014855",371852,2025-08-17 22:22:57,43.3643493652344,-8.39984607696533,"Unknown"
"7014855",371852,2025-08-17 22:28:05,43.3642807006836,-8.3999137878418,"Unknown"
"7014855",371852,2025-08-17 22:32:59,43.3643646240234,-8.39983558654785,"Unknown"
"7014855",371852,2025-08-17 22:38:06,43.3643074035645,-8.39974975585938,"Unknown"
"7014855",371852,2025-08-17 22:43:06,43.3643913269043,-8.399733543396,"Unknown"
"7014855",371852,2025-08-17 22:47:58,43.3643226623535,-8.39974403381348,"Unknown"
"7014855",371852,2025-08-17 22:53:06,43.3642501831055,-8.40016078948975,"Unknown"
"7014855",371852,2025-08-17 22:57:57,43.3642616271973,-8.4001350402832,"Unknown"
"7014855",371852,2025-08-17 23:02:57,43.364200592041,-8.40004825592041,"Unknown"
"7014855",371852,2025-08-17 23:08:00,43.3642082214355,-8.40007972717285,"Unknown"
"7014855",371852,2025-08-17 23:12:59,43.3642654418945,-8.40009880065918,"Unknown"
"7014855",371852,2025-08-17 23:17:58,43.3643531799316,-8.40011978149414,"Unknown"
"7014855",371852,2025-08-17 23:22:59,43.3642501831055,-8.40006446838379,"Unknown"
"7014855",371852,2025-08-17 23:28:01,43.3642616271973,-8.40001678466797,"Unknown"
"7014855",371852,2025-08-17 23:33:14,43.3643417358398,-8.40009212493896,"Unknown"
"7014855",371852,2025-08-17 23:38:09,43.364372253418,-8.39992523193359,"Unknown"
"7014855",371852,2025-08-17 23:42:58,43.3642616271973,-8.40004920959473,"Unknown"
"7014855",371852,2025-08-17 23:48:01,43.3643035888672,-8.40021514892578,"Unknown"
"7014855",371852,2025-08-17 23:52:58,43.3643646240234,-8.40010929107666,"Unknown"
"7014855",371852,2025-08-17 23:57:58,43.3643379211426,-8.40003395080566,"Unknown"
"7014855",371852,2025-08-18 00:02:58,43.3642539978027,-8.3999547958374,"Unknown"
"7014855",371852,2025-08-18 00:08:04,43.3642654418945,-8.40012645721436,"Unknown"
"7014855",371852,2025-08-18 00:13:04,43.3642921447754,-8.39999866485596,"Unknown"
"7014855",371852,2025-08-18 00:18:01,43.3643074035645,-8.40024471282959,"Unknown"
"7014855",371852,2025-08-18 00:23:00,43.3642349243164,-8.40009880065918,"Unknown"
"7014855",371852,2025-08-18 00:28:04,43.3643493652344,-8.39996719360352,"Unknown"
"7014855",371852,2025-08-18 00:33:01,43.3643836975098,-8.39993381500244,"Unknown"
"7014855",371852,2025-08-18 00:38:03,43.3643798828125,-8.40007781982422,"Unknown"
"7014855",371852,2025-08-18 00:42:58,43.3643264770508,-8.39997482299805,"Unknown"
"7014855",371852,2025-08-18 00:48:06,43.3643836975098,-8.400146484375,"Unknown"
"7014855",371852,2025-08-18 00:53:06,43.3643646240234,-8.40013217926025,"Unknown"
"7014855",371852,2025-08-18 00:58:01,43.3643188476562,-8.40012550354004,"Unknown"
"7014855",371852,2025-08-18 01:03:05,43.3649444580078,-8.4007625579834,"Unknown"
"7014855",371852,2025-08-18 01:08:04,43.364315032959,-8.40008544921875,"Unknown"
"7014855",371852,2025-08-18 01:13:09,43.3644790649414,-8.40020084381104,"Unknown"
"7014855",371852,2025-08-18 01:18:07,43.3644828796387,-8.40014743804932,"Unknown"
"7014855",371852,2025-08-18 01:23:09,43.3644104003906,-8.40006732940674,"Unknown"
"7014855",371852,2025-08-18 01:28:05,43.3643684387207,-8.40002632141113,"Unknown"
"7014855",371852,2025-08-18 01:33:11,43.3644714355469,-8.40017795562744,"Unknown"
"7014855",371852,2025-08-18 01:38:06,43.3644676208496,-8.40012168884277,"Unknown"
"7014855",371852,2025-08-18 01:43:00,43.3643379211426,-8.39975643157959,"Unknown"
"7014855",371852,2025-08-18 01:47:59,43.3643455505371,-8.39986610412598,"Unknown"
"7014855",371852,2025-08-18 01:53:03,43.3644142150879,-8.39985656738281,"Unknown"
"7014855",371852,2025-08-18 01:58:00,43.3643417358398,-8.40016937255859,"Unknown"
"7014855",371852,2025-08-18 02:03:00,43.3641357421875,-8.39988613128662,"Unknown"
"7014855",371852,2025-08-18 02:07:59,43.3641471862793,-8.39992332458496,"Unknown"
"7014855",371852,2025-08-18 02:12:59,43.3641242980957,-8.3998556137085,"Unknown"
"7014855",371852,2025-08-18 02:18:03,43.3640975952148,-8.39983558654785,"Unknown"
"7014855",371852,2025-08-18 02:23:07,43.3640670776367,-8.3999490737915,"Unknown"
"7014855",371852,2025-08-18 02:28:04,43.3641738891602,-8.39961814880371,"Unknown"
"7014855",371852,2025-08-18 02:32:59,43.3642654418945,-8.40011119842529,"Unknown"
"7014855",371852,2025-08-18 02:38:03,43.3644256591797,-8.40029335021973,"Unknown"
"7014855",371852,2025-08-18 02:43:06,43.3642807006836,-8.40023326873779,"Unknown"
"7014855",371852,2025-08-18 02:48:00,43.3643684387207,-8.39966583251953,"Unknown"
"7014855",371852,2025-08-18 02:53:14,43.364429473877,-8.39993476867676,"Unknown"
"7014855",371852,2025-08-18 02:57:58,43.3643493652344,-8.39988136291504,"Unknown"
"7014855",371852,2025-08-18 03:03:29,43.3643760681152,-8.39992427825928,"Unknown"
"7014855",371852,2025-08-18 03:07:57,43.3643989562988,-8.40003395080566,"Unknown"
"7014855",371852,2025-08-18 03:12:58,43.3644485473633,-8.40002155303955,"Unknown"
"7014855",371852,2025-08-18 03:17:58,43.3644981384277,-8.39993190765381,"Unknown"
"7014855",371852,2025-08-18 03:22:58,43.3644523620605,-8.39999580383301,"Unknown"
"7014855",371852,2025-08-18 03:27:59,43.3644409179688,-8.39995193481445,"Unknown"
"7014855",371852,2025-08-18 03:32:58,43.3644409179688,-8.40005493164062,"Unknown"
"7014855",371852,2025-08-18 03:37:58,43.3644638061523,-8.40001964569092,"Unknown"
"7014855",371852,2025-08-18 03:42:58,43.3643836975098,-8.40008068084717,"Unknown"
"7014855",371852,2025-08-18 03:47:58,43.3643188476562,-8.39995861053467,"Unknown"
"7014855",371852,2025-08-18 03:52:59,43.3642196655273,-8.39993572235107,"Unknown"
"7014855",371852,2025-08-18 03:57:59,43.3643188476562,-8.39998722076416,"Unknown"
"7014855",371852,2025-08-18 04:02:59,43.3644943237305,-8.39991855621338,"Unknown"
"7014855",371852,2025-08-18 04:07:59,43.3643035888672,-8.40012264251709,"Unknown"
"7014855",371852,2025-08-18 04:12:58,43.3645362854004,-8.39993858337402,"Unknown"
"7014855",371852,2025-08-18 04:17:58,43.3645515441895,-8.3999195098877,"Unknown"
"7014855",371852,2025-08-18 04:22:58,43.3644981384277,-8.40000915527344,"Unknown"
"7014855",371852,2025-08-18 04:27:59,43.3644256591797,-8.39999675750732,"Unknown"
"7014855",371852,2025-08-18 04:32:59,43.3644409179688,-8.40001678466797,"Unknown"
"7014855",371852,2025-08-18 04:37:59,43.3644485473633,-8.39997577667236,"Unknown"
"7014855",371852,2025-08-18 04:42:59,43.3644523620605,-8.39998245239258,"Unknown"
"7014855",371852,2025-08-18 04:47:58,43.3644485473633,-8.39998054504395,"Unknown"
"7014855",371852,2025-08-18 04:52:59,43.3643531799316,-8.39993762969971,"Unknown"
"7014855",371852,2025-08-18 04:57:59,43.3643951416016,-8.39991855621338,"Unknown"
"7014855",371852,2025-08-18 05:02:59,43.3642959594727,-8.39990997314453,"Unknown"
"7014855",371852,2025-08-18 05:07:59,43.3644142150879,-8.39984512329102,"Unknown"
"7014855",371852,2025-08-18 05:12:58,43.36181640625,-8.40354442596436,"Unknown"
"7014855",371852,2025-08-18 05:17:58,43.361759185791,-8.40347290039062,"Unknown"
"7014855",371852,2025-08-18 05:22:59,43.3617057800293,-8.40325260162354,"Unknown"
"7014855",371852,2025-08-18 05:27:59,43.3617401123047,-8.4034481048584,"Unknown"
"7014855",371852,2025-08-18 05:32:58,43.3617172241211,-8.40335845947266,"Unknown"
"7014855",371852,2025-08-18 05:37:59,43.3618202209473,-8.40335941314697,"Unknown"
"7014855",371852,2025-08-18 05:42:58,43.3571014404297,-8.41025638580322,"Unknown"
"7014855",371852,2025-08-18 05:47:58,43.3582649230957,-8.41992282867432,"Unknown"
"7014855",371852,2025-08-18 05:52:59,43.3571357727051,-8.45540428161621,"Unknown"
"7014855",371852,2025-08-18 05:58:03,43.356372833252,-8.45719718933105,"Unknown"
"7014855",371852,2025-08-18 06:03:01,43.3564414978027,-8.45700740814209,"Unknown"
"7014855",371852,2025-08-18 06:07:59,43.3563346862793,-8.45677280426025,"Unknown"
"7014855",371852,2025-08-18 06:13:01,43.3564720153809,-8.45721340179443,"Unknown"
"7014855",371852,2025-08-18 06:17:58,43.356388092041,-8.45712089538574,"Unknown"
"7014855",371852,2025-08-18 06:23:04,43.3541564941406,-8.45777225494385,"Unknown"
"7014855",371852,2025-08-18 06:27:58,43.3548011779785,-8.45785713195801,"Unknown"
"7014855",371852,2025-08-18 06:33:06,43.3542175292969,-8.45842552185059,"Unknown"
"7014855",371852,2025-08-18 06:38:00,43.3542556762695,-8.45791339874268,"Unknown"
"7014855",371852,2025-08-18 06:43:00,43.3541221618652,-8.45840072631836,"Unknown"
"7014855",371852,2025-08-18 06:48:03,43.3542022705078,-8.45806121826172,"Unknown"
"7014855",371852,2025-08-18 06:52:59,43.3547515869141,-8.45794200897217,"Unknown"
"7014855",371852,2025-08-18 06:57:59,43.3562431335449,-8.45680618286133,"Unknown"
"7014855",371852,2025-08-18 07:03:11,43.3567504882812,-8.45647430419922,"Unknown"
"7014855",371852,2025-08-18 07:07:58,43.3564147949219,-8.45663070678711,"Unknown"
"7014855",371852,2025-08-18 07:12:58,43.3566131591797,-8.45660400390625,"Unknown"
"7014855",371852,2025-08-18 07:17:58,43.3563842773438,-8.4566593170166,"Unknown"
"7014855",371852,2025-08-18 07:22:58,43.356201171875,-8.45674228668213,"Unknown"
"7014855",371852,2025-08-18 07:28:00,43.3555564880371,-8.45648765563965,"Unknown"
"7014855",371852,2025-08-18 07:33:04,43.3570365905762,-8.45564842224121,"Unknown"
"7014855",371852,2025-08-18 07:38:06,43.3577270507812,-8.45671653747559,"Unknown"
"7014855",371852,2025-08-18 07:42:59,43.3561134338379,-8.45650959014893,"Unknown"
"7014855",371852,2025-08-18 07:48:00,43.3559761047363,-8.45639228820801,"Unknown"
"7014855",371852,2025-08-18 07:53:03,43.3567352294922,-8.45654964447021,"Unknown"
"7014855",371852,2025-08-18 07:58:06,43.3568382263184,-8.45684242248535,"Unknown"
"7014855",371852,2025-08-18 08:03:06,43.3569946289062,-8.45686435699463,"Unknown"
"7014855",371852,2025-08-18 08:08:06,43.3566780090332,-8.45690059661865,"Unknown"
"7014855",371852,2025-08-18 08:13:06,43.3564910888672,-8.45694351196289,"Unknown"
"7014855",371852,2025-08-18 08:18:00,43.3567199707031,-8.456955909729,"Unknown"
"7014855",371852,2025-08-18 08:23:01,43.3565940856934,-8.45707225799561,"Unknown"
"7014855",371852,2025-08-18 08:28:04,43.3569717407227,-8.45718383789062,"Unknown"
"7014855",371852,2025-08-18 08:33:04,43.3568725585938,-8.45728302001953,"Unknown"
"7014855",371852,2025-08-18 08:38:05,43.3563995361328,-8.45728492736816,"Unknown"
"7014855",371852,2025-08-18 08:43:06,43.3564834594727,-8.45694351196289,"Unknown"
"7014855",371852,2025-08-18 08:48:03,43.3563270568848,-8.45740509033203,"Unknown"
"7014855",371852,2025-08-18 08:53:03,43.3561935424805,-8.4575834274292,"Unknown"
"7014855",371852,2025-08-18 08:58:04,43.3562316894531,-8.4571361541748,"Unknown"
"7014855",371852,2025-08-18 09:03:07,43.3526992797852,-8.478102684021,"Unknown"
"7014855",371852,2025-08-18 09:08:13,43.3525276184082,-8.47784328460693,"Unknown"
"7014855",371852,2025-08-18 09:13:29,43.3522567749023,-8.47789096832275,"Unknown"
"7014855",371852,2025-08-18 09:18:00,43.3523559570312,-8.47793483734131,"Unknown"
"7014855",371852,2025-08-18 09:23:01,43.3523139953613,-8.47788047790527,"Unknown"
"7014855",371852,2025-08-18 09:29:05,43.352108001709,-8.47754001617432,"Unknown"
"7014855",371852,2025-08-18 09:33:00,43.3521270751953,-8.47754573822021,"Unknown"
"7014855",371852,2025-08-18 09:38:01,43.3518524169922,-8.47815322875977,"Unknown"
"7014855",371852,2025-08-18 09:43:10,43.3520088195801,-8.4778938293457,"Unknown"
"7014855",371852,2025-08-18 09:48:00,43.3520812988281,-8.47792911529541,"Unknown"
"7014855",371852,2025-08-18 09:53:00,43.3521194458008,-8.47784996032715,"Unknown"
"7014855",371852,2025-08-18 09:58:04,43.3530502319336,-8.47784614562988,"Unknown"
"7014855",371852,2025-08-18 10:02:58,43.3543968200684,-8.47432136535645,"Unknown"
"7014855",371852,2025-08-18 10:08:06,43.3542785644531,-8.47428894042969,"Unknown"
"7014855",371852,2025-08-18 10:13:10,43.3542861938477,-8.4743480682373,"Unknown"
"7014855",371852,2025-08-18 10:18:09,43.3542861938477,-8.47433853149414,"Unknown"
"7014855",371852,2025-08-18 10:23:03,43.3543319702148,-8.47433662414551,"Unknown"
"7014855",371852,2025-08-18 10:28:10,43.3542175292969,-8.47445106506348,"Unknown"
"7014855",371852,2025-08-18 10:33:08,43.3543319702148,-8.47434329986572,"Unknown"
"7014855",371852,2025-08-18 10:38:10,43.3545036315918,-8.47424411773682,"Unknown"
"7014855",371852,2025-08-18 10:43:15,43.354320526123,-8.4744348526001,"Unknown"
"7014855",371852,2025-08-18 10:48:14,43.3542785644531,-8.47434234619141,"Unknown"
"7014855",371852,2025-08-18 10:53:13,43.3544311523438,-8.47446918487549,"Unknown"
"7014855",371852,2025-08-18 10:58:24,43.3543281555176,-8.47440910339355,"Unknown"
"7014855",371852,2025-08-18 11:03:09,43.3547439575195,-8.47509956359863,"Unknown"
"7014855",371852,2025-08-18 11:08:06,43.3546524047852,-8.47481727600098,"Unknown"
"7014855",371852,2025-08-18 11:13:09,43.3554573059082,-8.47556209564209,"Unknown"
"7014855",371852,2025-08-18 11:18:27,43.3543434143066,-8.4741735458374,"Unknown"
"7014855",371852,2025-08-18 11:23:06,43.3543395996094,-8.47419452667236,"Unknown"
"7014855",371852,2025-08-18 11:28:07,43.3543243408203,-8.47424221038818,"Unknown"
"7014855",371852,2025-08-18 11:33:09,43.3542671203613,-8.47395706176758,"Unknown"
"7014855",371852,2025-08-18 11:38:07,43.3540878295898,-8.47374725341797,"Unknown"
"7014855",371852,2025-08-18 11:43:08,43.3543663024902,-8.47431468963623,"Unknown"
"7014855",371852,2025-08-18 11:48:53,43.3543395996094,-8.47436618804932,"Unknown"
"7014855",371852,2025-08-18 11:52:58,43.3541717529297,-8.47429275512695,"Unknown"
"7014855",371852,2025-08-18 11:58:06,43.3542289733887,-8.47432613372803,"Unknown"
"7014855",371852,2025-08-18 12:03:06,43.3543014526367,-8.47431468963623,"Unknown"
"7014855",371852,2025-08-18 12:08:01,43.3543586730957,-8.47448921203613,"Unknown"
"7014855",371852,2025-08-18 12:13:03,43.3542747497559,-8.47445011138916,"Unknown"
"7014855",371852,2025-08-18 12:18:06,43.3542098999023,-8.47459506988525,"Unknown"
"7014855",371852,2025-08-18 12:23:06,43.3544044494629,-8.47429370880127,"Unknown"
"7014855",371852,2025-08-18 12:28:06,43.354564666748,-8.47422790527344,"Unknown"
"7014855",371852,2025-08-18 12:33:07,43.3547592163086,-8.47390651702881,"Unknown"
"7014855",371852,2025-08-18 12:38:06,43.354850769043,-8.47401714324951,"Unknown"
"7014855",371852,2025-08-18 12:43:14,43.3543891906738,-8.4741792678833,"Unknown"
"7014855",371852,2025-08-18 12:48:00,43.3542442321777,-8.47451972961426,"Unknown"
"7014855",371852,2025-08-18 12:53:00,43.3548049926758,-8.47382068634033,"Unknown"
"7014855",371852,2025-08-18 12:58:01,43.3546714782715,-8.47407150268555,"Unknown"
"7014855",371852,2025-08-18 13:02:58,43.3547973632812,-8.47402095794678,"Unknown"
"7014855",371852,2025-08-18 13:07:58,43.3546028137207,-8.47428417205811,"Unknown"
"7014855",371852,2025-08-18 13:12:59,43.3547210693359,-8.47389793395996,"Unknown"
"7014855",371852,2025-08-18 13:18:01,43.3539810180664,-8.47460556030273,"Unknown"
"7014855",371852,2025-08-18 13:23:00,43.3541374206543,-8.47438430786133,"Unknown"
"7014855",371852,2025-08-18 13:27:59,43.354419708252,-8.47484397888184,"Unknown"
"7014855",371852,2025-08-18 13:33:01,43.354377746582,-8.47452068328857,"Unknown"
"7014855",371852,2025-08-18 13:38:01,43.353931427002,-8.47432422637939,"Unknown"
"7014855",371852,2025-08-18 13:43:01,43.3543930053711,-8.47424125671387,"Unknown"
"7014855",371852,2025-08-18 13:48:00,43.3544273376465,-8.47429943084717,"Unknown"
"7014855",371852,2025-08-18 13:53:01,43.3543128967285,-8.47469139099121,"Unknown"
"7014855",371852,2025-08-18 13:57:59,43.354305267334,-8.4746036529541,"Unknown"
"7014855",371852,2025-08-18 14:03:01,43.354305267334,-8.47457981109619,"Unknown"
"7014855",371852,2025-08-18 14:08:00,43.3544578552246,-8.47478580474854,"Unknown"
"7014855",371852,2025-08-18 14:13:00,43.3545532226562,-8.47460460662842,"Unknown"
"7014855",371852,2025-08-18 14:18:00,43.3544731140137,-8.4743709564209,"Unknown"
"7014855",371852,2025-08-18 14:23:02,43.3544540405273,-8.47464942932129,"Unknown"
"7014855",371852,2025-08-18 14:28:00,43.3544425964355,-8.47474670410156,"Unknown"
"7014855",371852,2025-08-18 14:33:02,43.3544311523438,-8.47482395172119,"Unknown"
"7014855",371852,2025-08-18 14:38:04,43.3541603088379,-8.47463893890381,"Unknown"
"7014855",371852,2025-08-18 14:43:11,43.3542366027832,-8.47465896606445,"Unknown"
"7014855",371852,2025-08-18 14:47:59,43.3541259765625,-8.47482204437256,"Unknown"
"7014855",371852,2025-08-18 14:53:02,43.3543090820312,-8.47468280792236,"Unknown"
"7014855",371852,2025-08-18 14:58:00,43.3543128967285,-8.47467708587646,"Unknown"
"7014855",371852,2025-08-18 15:03:05,43.3543472290039,-8.47450733184814,"Unknown"
"7014855",371852,2025-08-18 15:08:01,43.3541984558105,-8.47476482391357,"Unknown"
"7014855",371852,2025-08-18 15:13:02,43.3543968200684,-8.47446632385254,"Unknown"
"7014855",371852,2025-08-18 15:18:04,43.3541069030762,-8.47434043884277,"Unknown"
"7014855",371852,2025-08-18 15:23:04,43.3546104431152,-8.4747838973999,"Unknown"
"7014855",371852,2025-08-18 15:28:04,43.3545379638672,-8.47478485107422,"Unknown"
"7014855",371852,2025-08-18 15:33:08,43.3579788208008,-8.4685640335083,"Unknown"
"7014855",371852,2025-08-18 15:38:07,43.3580093383789,-8.46851921081543,"Unknown"
"7014855",371852,2025-08-18 15:43:00,43.358325958252,-8.46848297119141,"Unknown"
"7014855",371852,2025-08-18 15:48:00,43.3581848144531,-8.46921539306641,"Unknown"
"7014855",371852,2025-08-18 15:53:05,43.3583793640137,-8.46905899047852,"Unknown"
"7014855",371852,2025-08-18 15:58:02,43.3582153320312,-8.46922492980957,"Unknown"
"7014855",371852,2025-08-18 16:03:03,43.3582572937012,-8.46943378448486,"Unknown"
"7014855",371852,2025-08-18 16:08:02,43.3577842712402,-8.4698543548584,"Unknown"
"7014855",371852,2025-08-18 16:13:02,43.3582992553711,-8.46952247619629,"Unknown"
"7014855",371852,2025-08-18 16:18:05,43.3583831787109,-8.46967601776123,"Unknown"
"7014855",371852,2025-08-18 16:23:00,43.3578300476074,-8.46981716156006,"Unknown"
"7014855",371852,2025-08-18 16:28:04,43.3583335876465,-8.46960353851318,"Unknown"
"7014855",371852,2025-08-18 16:33:00,43.3581275939941,-8.46984386444092,"Unknown"
"7014855",371852,2025-08-18 16:38:01,43.358039855957,-8.46981620788574,"Unknown"
"7014855",371852,2025-08-18 16:43:00,43.3581008911133,-8.46984195709229,"Unknown"
"7014855",371852,2025-08-18 16:48:00,43.3580780029297,-8.46975898742676,"Unknown"
"7014855",371852,2025-08-18 16:53:00,43.358081817627,-8.4698371887207,"Unknown"
"7014855",371852,2025-08-18 16:58:00,43.3581161499023,-8.46982479095459,"Unknown"
"7014855",371852,2025-08-18 17:03:00,43.3581275939941,-8.46983051300049,"Unknown"
"7014855",371852,2025-08-18 17:08:00,43.3580932617188,-8.46979999542236,"Unknown"
"7014855",371852,2025-08-18 17:13:02,43.3580665588379,-8.46979808807373,"Unknown"
"7014855",371852,2025-08-18 17:18:02,43.3601493835449,-8.46207141876221,"Unknown"
"7014855",371852,2025-08-18 17:23:00,43.3545799255371,-8.47208118438721,"Unknown"
"7014855",371852,2025-08-18 17:28:00,43.3560104370117,-8.45648288726807,"Unknown"
"7014855",371852,2025-08-18 17:33:01,43.3562393188477,-8.45668888092041,"Unknown"
"7014855",371852,2025-08-18 17:38:09,43.3542175292969,-8.45844459533691,"Unknown"
"7014855",371852,2025-08-18 17:43:26,43.3541984558105,-8.45848751068115,"Unknown"
"7014855",371852,2025-08-18 17:48:37,43.3546714782715,-8.45814800262451,"Unknown"
"7014855",371852,2025-08-18 17:53:04,43.3545341491699,-8.45777606964111,"Unknown"
"7014855",371852,2025-08-18 17:59:05,43.3548164367676,-8.45823097229004,"Unknown"
"7014855",371852,2025-08-18 18:03:00,43.357494354248,-8.45568370819092,"Unknown"
"7014855",371852,2025-08-18 18:08:00,43.3565406799316,-8.45687389373779,"Unknown"
"7014855",371852,2025-08-18 18:13:00,43.3566093444824,-8.45672512054443,"Unknown"
"7014855",371852,2025-08-18 18:18:04,43.3566093444824,-8.45685386657715,"Unknown"
"7014855",371852,2025-08-18 18:23:01,43.3566932678223,-8.45712089538574,"Unknown"
"7014855",371852,2025-08-18 18:28:00,43.3564300537109,-8.45683193206787,"Unknown"
"7014855",371852,2025-08-18 18:32:59,43.3565216064453,-8.45678043365479,"Unknown"
"7014855",371852,2025-08-18 18:38:00,43.3563842773438,-8.45683193206787,"Unknown"
"7014855",371852,2025-08-18 18:42:59,43.3565521240234,-8.45683002471924,"Unknown"
"7014855",371852,2025-08-18 18:48:00,43.3562393188477,-8.45680046081543,"Unknown"
"7014855",371852,2025-08-18 18:53:03,43.3562774658203,-8.4570255279541,"Unknown"
"7014855",371852,2025-08-18 18:58:01,43.356258392334,-8.45709419250488,"Unknown"
"7014855",371852,2025-08-18 19:03:01,43.3568458557129,-8.45638561248779,"Unknown"
"7014855",371852,2025-08-18 19:07:59,43.354850769043,-8.45777225494385,"Unknown"
"7014855",371852,2025-08-18 19:13:00,43.3557319641113,-8.4477481842041,"Unknown"
"7014855",371852,2025-08-18 19:18:00,43.3465957641602,-8.43702697753906,"Unknown"
"7014855",371852,2025-08-18 19:23:00,43.3543891906738,-8.40040588378906,"Unknown"
"7014855",371852,2025-08-18 19:28:05,43.3589973449707,-8.39844131469727,"Unknown"
"7014855",371852,2025-08-18 19:33:01,43.3582763671875,-8.39861488342285,"Unknown"
"7014855",371852,2025-08-18 19:38:14,43.3589477539062,-8.39904975891113,"Unknown"
"7014855",371852,2025-08-18 19:43:00,43.3603668212891,-8.39754676818848,"Unknown"
"7014855",371852,2025-08-18 19:48:04,43.3598556518555,-8.39723110198975,"Unknown"
"7014855",371852,2025-08-18 19:53:07,43.3597564697266,-8.39743423461914,"Unknown"
"7014855",371852,2025-08-18 19:58:21,43.3598098754883,-8.39742660522461,"Unknown"
"7014855",371852,2025-08-18 20:03:00,43.3591270446777,-8.39907646179199,"Unknown"
"7014855",371852,2025-08-18 20:08:07,43.3591232299805,-8.3991527557373,"Unknown"
"7014855",371852,2025-08-18 20:13:05,43.3589630126953,-8.39902687072754,"Unknown"
"7014855",371852,2025-08-18 20:18:03,43.3590927124023,-8.39904022216797,"Unknown"
"7014855",371852,2025-08-18 20:23:04,43.359058380127,-8.39907169342041,"Unknown"
"7014855",371852,2025-08-18 20:28:02,43.3589935302734,-8.39909553527832,"Unknown"
"7014855",371852,2025-08-18 20:33:35,43.3589744567871,-8.39911270141602,"Unknown"
"7014855",371852,2025-08-18 20:38:09,43.3588790893555,-8.39905071258545,"Unknown"
"7014855",371852,2025-08-18 20:43:35,43.3591842651367,-8.39926242828369,"Unknown"
"7014855",371852,2025-08-18 20:47:59,43.3592529296875,-8.39916229248047,"Unknown"
"7014855",371852,2025-08-18 20:52:59,43.3593254089355,-8.39925003051758,"Unknown"
"7014855",371852,2025-08-18 20:58:00,43.3592643737793,-8.39914512634277,"Unknown"
"7014855",371852,2025-08-18 21:03:01,43.3590431213379,-8.39900302886963,"Unknown"
"7014855",371852,2025-08-18 21:08:04,43.3591766357422,-8.39905071258545,"Unknown"
"7014855",371852,2025-08-18 21:12:59,43.3590240478516,-8.39941215515137,"Unknown"
"7014855",371852,2025-08-18 21:18:00,43.3591461181641,-8.39929580688477,"Unknown"
"7014855",371852,2025-08-18 21:22:59,43.359245300293,-8.39902591705322,"Unknown"
"7014855",371852,2025-08-18 21:27:59,43.359188079834,-8.39913463592529,"Unknown"
"7014855",371852,2025-08-18 21:33:22,43.3594436645508,-8.39890289306641,"Unknown"
"7014855",371852,2025-08-18 21:37:59,43.3594245910645,-8.39893913269043,"Unknown"
"7014855",371852,2025-08-18 21:43:00,43.3591804504395,-8.39909744262695,"Unknown"
"7014855",371852,2025-08-18 21:48:02,43.359245300293,-8.39942455291748,"Unknown"
"7014855",371852,2025-08-18 21:53:01,43.3593864440918,-8.39901733398438,"Unknown"
"7014855",371852,2025-08-18 21:58:09,43.3595123291016,-8.39893817901611,"Unknown"
"7014855",371852,2025-08-18 22:03:01,43.3590660095215,-8.3993673324585,"Unknown"
"7014855",371852,2025-08-18 22:08:04,43.359302520752,-8.39900302886963,"Unknown"
"7014855",371852,2025-08-18 22:13:04,43.3594779968262,-8.39915561676025,"Unknown"
"7014855",371852,2025-08-18 22:18:01,43.3593139648438,-8.39912509918213,"Unknown"
"7014855",371852,2025-08-18 22:22:59,43.359245300293,-8.39915180206299,"Unknown"
"7014855",371852,2025-08-18 22:28:00,43.3593254089355,-8.39919567108154,"Unknown"
"7014855",371852,2025-08-18 22:33:01,43.3593330383301,-8.3990306854248,"Unknown"
"7014855",371852,2025-08-18 22:38:14,43.3591957092285,-8.39907932281494,"Unknown"
"7014855",371852,2025-08-18 22:43:29,43.3591957092285,-8.39908695220947,"Unknown"
"7014855",371852,2025-08-18 22:47:59,43.3591499328613,-8.39917087554932,"Unknown"
"7014855",371852,2025-08-18 22:52:59,43.3591995239258,-8.39921188354492,"Unknown"
"7014855",371852,2025-08-18 22:58:00,43.3590393066406,-8.39910411834717,"Unknown"
"7014855",371852,2025-08-18 23:03:00,43.3593215942383,-8.39916896820068,"Unknown"
"7014855",371852,2025-08-18 23:08:01,43.3594284057617,-8.39930629730225,"Unknown"
"7014855",371852,2025-08-18 23:13:04,43.3591766357422,-8.39903259277344,"Unknown"
"7014855",371852,2025-08-18 23:18:02,43.3592224121094,-8.39913749694824,"Unknown"
"7014855",371852,2025-08-18 23:23:00,43.3592529296875,-8.39913463592529,"Unknown"
"7014855",371852,2025-08-18 23:28:02,43.3592796325684,-8.39920997619629,"Unknown"
"7014855",371852,2025-08-18 23:33:00,43.3591918945312,-8.39906883239746,"Unknown"
"7014855",371852,2025-08-18 23:38:00,43.3592834472656,-8.3991641998291,"Unknown"
"7014855",371852,2025-08-18 23:43:00,43.359058380127,-8.39901924133301,"Unknown"
"7014855",371852,2025-08-18 23:47:59,43.3591995239258,-8.39907169342041,"Unknown"
"7014855",371852,2025-08-18 23:52:59,43.3591690063477,-8.39907169342041,"Unknown"
"7014855",371852,2025-08-18 23:57:59,43.3591613769531,-8.39909267425537,"Unknown"
"7014855",371852,2025-08-19 00:02:59,43.3591346740723,-8.39904880523682,"Unknown"
"7014855",371852,2025-08-19 00:07:59,43.3592720031738,-8.39924335479736,"Unknown"
"7014855",371852,2025-08-19 00:13:07,43.3594245910645,-8.39934921264648,"Unknown"
"7014855",371852,2025-08-19 00:18:35,43.3592414855957,-8.3991174697876,"Unknown"
"7014855",371852,2025-08-19 00:22:58,43.3590393066406,-8.39912414550781,"Unknown"
"7014855",371852,2025-08-19 00:27:58,43.3590049743652,-8.39913368225098,"Unknown"
"7014855",371852,2025-08-19 00:32:59,43.3590812683105,-8.39904975891113,"Unknown"
"7014855",371852,2025-08-19 00:38:00,43.3591156005859,-8.39909839630127,"Unknown"
"7014855",371852,2025-08-19 00:43:01,43.3591728210449,-8.39907741546631,"Unknown"
"7014855",371852,2025-08-19 00:48:00,43.3589553833008,-8.39906215667725,"Unknown"
"7014855",371852,2025-08-19 00:53:00,43.359001159668,-8.39909362792969,"Unknown"
"7014855",371852,2025-08-19 00:58:00,43.3590621948242,-8.39900970458984,"Unknown"
"7014855",371852,2025-08-19 01:03:00,43.3591423034668,-8.39900779724121,"Unknown"
"7014855",371852,2025-08-19 01:08:00,43.3591346740723,-8.39900207519531,"Unknown"
"7014855",371852,2025-08-19 01:13:00,43.359260559082,-8.39911270141602,"Unknown"
"7014855",371852,2025-08-19 01:18:01,43.3593444824219,-8.39911842346191,"Unknown"
"7014855",371852,2025-08-19 01:22:59,43.3593826293945,-8.39921855926514,"Unknown"
"7014855",371852,2025-08-19 01:28:00,43.3594131469727,-8.39948654174805,"Unknown"
"7014855",371852,2025-08-19 01:33:00,43.3591995239258,-8.39920425415039,"Unknown"
"7014855",371852,2025-08-19 01:38:00,43.3591995239258,-8.39898204803467,"Unknown"
"7014855",371852,2025-08-19 01:42:59,43.3591804504395,-8.39897346496582,"Unknown"
"7014855",371852,2025-08-19 01:47:59,43.3592071533203,-8.39895248413086,"Unknown"
"7014855",371852,2025-08-19 01:53:00,43.3591232299805,-8.39881896972656,"Unknown"
"7014855",371852,2025-08-19 01:58:05,43.3590621948242,-8.39893531799316,"Unknown"
"7014855",371852,2025-08-19 02:03:04,43.3592338562012,-8.39883613586426,"Unknown"
"7014855",371852,2025-08-19 02:07:59,43.3593254089355,-8.39899635314941,"Unknown"
"7014855",371852,2025-08-19 02:13:00,43.359317779541,-8.39908218383789,"Unknown"
"7014855",371852,2025-08-19 02:18:01,43.3594627380371,-8.39920997619629,"Unknown"
"7014855",371852,2025-08-19 02:23:05,43.3590850830078,-8.39894390106201,"Unknown"
"7014855",371852,2025-08-19 02:28:07,43.359058380127,-8.39923191070557,"Unknown"
"7014855",371852,2025-08-19 02:33:01,43.3593978881836,-8.39894676208496,"Unknown"
"7014855",371852,2025-08-19 02:38:06,43.3592414855957,-8.39928245544434,"Unknown"
"7014855",371852,2025-08-19 02:43:05,43.3587608337402,-8.39955520629883,"Unknown"
"7014855",371852,2025-08-19 02:48:06,43.3588600158691,-8.39937591552734,"Unknown"
"7014855",371852,2025-08-19 02:53:03,43.3590698242188,-8.39902210235596,"Unknown"
"7014855",371852,2025-08-19 02:58:00,43.3589515686035,-8.39937591552734,"Unknown"
"7014855",371852,2025-08-19 03:02:59,43.3590660095215,-8.39908409118652,"Unknown"
"7014855",371852,2025-08-19 03:08:04,43.359203338623,-8.39961624145508,"Unknown"
"7014855",371852,2025-08-19 03:13:01,43.3591384887695,-8.39938735961914,"Unknown"
"7014855",371852,2025-08-19 03:18:04,43.3592300415039,-8.39981460571289,"Unknown"
"7014855",371852,2025-08-19 03:23:14,43.3591156005859,-8.39963912963867,"Unknown"
"7014855",371852,2025-08-19 03:28:01,43.3592720031738,-8.3997163772583,"Unknown"
"7014855",371852,2025-08-19 03:33:06,43.3593063354492,-8.3999490737915,"Unknown"
"7014855",371852,2025-08-19 03:38:04,43.3593063354492,-8.3993034362793,"Unknown"
"7014855",371852,2025-08-19 03:43:07,43.3592643737793,-8.39920520782471,"Unknown"
"7014855",371852,2025-08-19 03:48:35,43.3592529296875,-8.39883422851562,"Unknown"
"7014855",371852,2025-08-19 03:52:58,43.3591499328613,-8.39887809753418,"Unknown"
"7014855",371852,2025-08-19 03:57:58,43.3590774536133,-8.39881992340088,"Unknown"
"7014855",371852,2025-08-19 04:02:58,43.3591499328613,-8.39891815185547,"Unknown"
"7014855",371852,2025-08-19 04:07:58,43.3591651916504,-8.39895057678223,"Unknown"
"7014855",371852,2025-08-19 04:12:58,43.3591117858887,-8.39881134033203,"Unknown"
"7014855",371852,2025-08-19 04:17:59,43.3592338562012,-8.39885997772217,"Unknown"
"7014855",371852,2025-08-19 04:22:58,43.359203338623,-8.39912891387939,"Unknown"
"7014855",371852,2025-08-19 04:28:01,43.3592834472656,-8.39939212799072,"Unknown"
"7014855",371852,2025-08-19 04:32:59,43.3591918945312,-8.39917278289795,"Unknown"
"7014855",371852,2025-08-19 04:38:02,43.3592720031738,-8.39894104003906,"Unknown"
"7014855",371852,2025-08-19 04:42:59,43.3592529296875,-8.39912796020508,"Unknown"
"7014855",371852,2025-08-19 04:48:03,43.3592185974121,-8.39945316314697,"Unknown"
"7014855",371852,2025-08-19 04:53:09,43.3591804504395,-8.39944934844971,"Unknown"
"7014855",371852,2025-08-19 04:58:03,43.3591804504395,-8.39938354492188,"Unknown"
"7014855",371852,2025-08-19 05:03:05,43.3591728210449,-8.39906311035156,"Unknown"
"7014855",371852,2025-08-19 05:08:04,43.3592147827148,-8.39948749542236,"Unknown"
"7014855",371852,2025-08-19 05:13:01,43.3592262268066,-8.39956951141357,"Unknown"
"7014855",371852,2025-08-19 05:18:05,43.3591690063477,-8.39955043792725,"Unknown"
"7014855",371852,2025-08-19 05:23:03,43.3592185974121,-8.39998912811279,"Unknown"
"7014855",371852,2025-08-19 05:28:06,43.3591537475586,-8.39895534515381,"Unknown"
"7014855",371852,2025-08-19 05:33:04,43.3591499328613,-8.39889812469482,"Unknown"
"7014855",371852,2025-08-19 05:38:04,43.3592491149902,-8.39864826202393,"Unknown"
"7014855",371852,2025-08-19 05:43:04,43.3598022460938,-8.4008617401123,"Unknown"
"7014855",371852,2025-08-19 05:48:09,43.3596076965332,-8.40065765380859,"Unknown"
"7014855",371852,2025-08-19 05:53:05,43.359790802002,-8.40011405944824,"Unknown"
"7014855",371852,2025-08-19 05:58:10,43.3597640991211,-8.39844131469727,"Unknown"
"7014855",371852,2025-08-19 06:02:59,43.3598098754883,-8.39809703826904,"Unknown"
"7014855",371852,2025-08-19 06:08:03,43.3596687316895,-8.39973735809326,"Unknown"
"7014855",371852,2025-08-19 06:13:03,43.3599853515625,-8.39969730377197,"Unknown"
"7014855",371852,2025-08-19 06:18:02,43.3609466552734,-8.40051078796387,"Unknown"
"7014855",371852,2025-08-19 06:23:04,43.3637657165527,-8.39997386932373,"Unknown"
"7014855",371852,2025-08-19 06:28:03,43.3642616271973,-8.39930534362793,"Unknown"
"7014855",371852,2025-08-19 06:33:06,43.3648338317871,-8.40060710906982,"Unknown"
"7014855",371852,2025-08-19 06:38:06,43.3647918701172,-8.40001678466797,"Unknown"
"7014855",371852,2025-08-19 06:43:07,43.3647956848145,-8.40025329589844,"Unknown"
"7014855",371852,2025-08-19 06:48:29,43.3645172119141,-8.4007511138916,"Unknown"
"7014855",371852,2025-08-19 06:53:04,43.3643417358398,-8.40064430236816,"Unknown"
"7014855",371852,2025-08-19 06:58:03,43.3641662597656,-8.40062236785889,"Unknown"
"7014855",371852,2025-08-19 07:03:14,43.3644790649414,-8.40075492858887,"Unknown"
"7014855",371852,2025-08-19 07:08:01,43.3647727966309,-8.4007511138916,"Unknown"
"7014855",371852,2025-08-19 07:13:00,43.3643646240234,-8.40063095092773,"Unknown"
"7014855",371852,2025-08-19 07:18:00,43.3641548156738,-8.40053462982178,"Unknown"
"7014855",371852,2025-08-19 07:22:59,43.3639030456543,-8.40020275115967,"Unknown"
"7014855",371852,2025-08-19 07:28:01,43.3644332885742,-8.40058612823486,"Unknown"
"7014855",371852,2025-08-19 07:32:59,43.3642883300781,-8.40045356750488,"Unknown"
"7014855",371852,2025-08-19 07:38:03,43.3645210266113,-8.40061378479004,"Unknown"
"7014855",371852,2025-08-19 07:43:03,43.3646659851074,-8.40059947967529,"Unknown"
"7014855",371852,2025-08-19 07:48:06,43.3644638061523,-8.40091419219971,"Unknown"
"7014855",371852,2025-08-19 07:53:06,43.3644676208496,-8.400954246521,"Unknown"
"7014855",371852,2025-08-19 07:58:06,43.3644561767578,-8.40092754364014,"Unknown"
"7014855",371852,2025-08-19 08:03:14,43.3644409179688,-8.40097427368164,"Unknown"
"7014855",371852,2025-08-19 08:08:06,43.3644943237305,-8.4010591506958,"Unknown"
"7014855",371852,2025-08-19 08:13:13,43.3643684387207,-8.40110397338867,"Unknown"
"7014855",371852,2025-08-19 08:18:05,43.3643646240234,-8.40112113952637,"Unknown"
"7014855",371852,2025-08-19 08:23:05,43.3643531799316,-8.40127277374268,"Unknown"
"7014855",371852,2025-08-19 08:28:03,43.3644104003906,-8.40113544464111,"Unknown"
"7014855",371852,2025-08-19 08:33:01,43.364372253418,-8.40136337280273,"Unknown"
"7014855",371852,2025-08-19 08:38:01,43.3646240234375,-8.40038776397705,"Unknown"
"7014855",371852,2025-08-19 08:43:01,43.3643226623535,-8.40114688873291,"Unknown"
"7014855",371852,2025-08-19 08:48:35,43.3643608093262,-8.40115833282471,"Unknown"
"7014855",371852,2025-08-19 08:52:59,43.3647804260254,-8.40120792388916,"Unknown"
"7014855",371852,2025-08-19 08:58:03,43.3644142150879,-8.40114498138428,"Unknown"
"7014855",371852,2025-08-19 09:02:59,43.3642921447754,-8.401123046875,"Unknown"
"7014855",371852,2025-08-19 09:08:11,43.3642807006836,-8.401123046875,"Unknown"
"7014855",371852,2025-08-19 09:13:12,43.3644714355469,-8.40106964111328,"Unknown"
"7014855",371852,2025-08-19 09:17:59,43.3646392822266,-8.40122604370117,"Unknown"
"7014855",371852,2025-08-19 09:23:05,43.3645057678223,-8.40115642547607,"Unknown"
"7014855",371852,2025-08-19 09:28:00,43.3642539978027,-8.40103912353516,"Unknown"
"7014855",371852,2025-08-19 09:33:01,43.3645858764648,-8.40165710449219,"Unknown"
"7014855",371852,2025-08-19 09:38:04,43.3643112182617,-8.40104198455811,"Unknown"
"7014855",371852,2025-08-19 09:43:05,43.3642272949219,-8.40110492706299,"Unknown"
"7014855",371852,2025-08-19 09:48:03,43.3642539978027,-8.40101146697998,"Unknown"
"7014855",371852,2025-08-19 09:53:00,43.3641204833984,-8.40122604370117,"Unknown"
"7014855",371852,2025-08-19 09:58:00,43.359790802002,-8.39735794067383,"Unknown"
"7014855",371852,2025-08-19 10:02:59,43.359806060791,-8.39736747741699,"Unknown"
"7014855",371852,2025-08-19 10:07:59,43.3598022460938,-8.3972110748291,"Unknown"
"7014855",371852,2025-08-19 10:13:00,43.3599548339844,-8.39752388000488,"Unknown"
"7014855",371852,2025-08-19 10:17:59,43.3598403930664,-8.397536277771,"Unknown"
"7014855",371852,2025-08-19 10:23:00,43.3598747253418,-8.39748859405518,"Unknown"
"7014855",371852,2025-08-19 10:28:05,43.3597030639648,-8.39740657806396,"Unknown"
"7014855",371852,2025-08-19 10:33:10,43.3599128723145,-8.39760303497314,"Unknown"
"7014855",371852,2025-08-19 10:38:17,43.3596649169922,-8.39732551574707,"Unknown"
"7014855",371852,2025-08-19 10:43:29,43.3597564697266,-8.39741516113281,"Unknown"
"7014855",371852,2025-08-19 10:48:03,43.359748840332,-8.39733505249023,"Unknown"
"7014855",371852,2025-08-19 10:53:05,43.3597183227539,-8.39744663238525,"Unknown"
"7014855",371852,2025-08-19 10:58:03,43.3597793579102,-8.39729022979736,"Unknown"
"7014855",371852,2025-08-19 11:02:59,43.3598327636719,-8.39743900299072,"Unknown"
"7014855",371852,2025-08-19 11:07:59,43.3599319458008,-8.39747714996338,"Unknown"
"7014855",371852,2025-08-19 11:13:00,43.3597259521484,-8.39738941192627,"Unknown"
"7014855",371852,2025-08-19 11:18:04,43.3598327636719,-8.39728736877441,"Unknown"
"7014855",371852,2025-08-19 11:22:59,43.3598098754883,-8.39749431610107,"Unknown"
"7014855",371852,2025-08-19 11:28:00,43.3598403930664,-8.39749145507812,"Unknown"
"7014855",371852,2025-08-19 11:33:03,43.3597068786621,-8.3973274230957,"Unknown"
"7014855",371852,2025-08-19 11:38:00,43.3597373962402,-8.39733791351318,"Unknown"
"7014855",371852,2025-08-19 11:43:00,43.3598175048828,-8.39747047424316,"Unknown"
"7014855",371852,2025-08-19 11:48:06,43.359748840332,-8.39738845825195,"Unknown"
"7014855",371852,2025-08-19 11:53:04,43.3597831726074,-8.39737606048584,"Unknown"
"7014855",371852,2025-08-19 11:58:04,43.3599586486816,-8.39734077453613,"Unknown"
"7014855",371852,2025-08-19 12:03:07,43.3598709106445,-8.39735126495361,"Unknown"
"7014855",371852,2025-08-19 12:08:20,43.3598785400391,-8.39724922180176,"Unknown"
"7014855",371852,2025-08-19 12:13:10,43.3597450256348,-8.39733791351318,"Unknown"
"7014855",371852,2025-08-19 12:18:00,43.3597221374512,-8.39739418029785,"Unknown"
"7014855",371852,2025-08-19 12:22:59,43.3597831726074,-8.39744281768799,"Unknown"
"7014855",371852,2025-08-19 12:27:59,43.3595657348633,-8.39746284484863,"Unknown"
"7014855",371852,2025-08-19 12:33:00,43.359790802002,-8.3974437713623,"Unknown"
"7014855",371852,2025-08-19 12:37:59,43.3600730895996,-8.3973913192749,"Unknown"
"7014855",371852,2025-08-19 12:43:02,43.3598747253418,-8.39743232727051,"Unknown"
"7014855",371852,2025-08-19 12:48:14,43.3598976135254,-8.39730834960938,"Unknown"
"7014855",371852,2025-08-19 12:53:04,43.3598403930664,-8.39722728729248,"Unknown"
"7014855",371852,2025-08-19 12:58:03,43.3597106933594,-8.39742946624756,"Unknown"
"7014855",371852,2025-08-19 13:03:06,43.359806060791,-8.39733600616455,"Unknown"
"7014855",371852,2025-08-19 13:08:06,43.3597831726074,-8.39731025695801,"Unknown"
"7014855",371852,2025-08-19 13:13:09,43.3599548339844,-8.39730930328369,"Unknown"
"7014855",371852,2025-08-19 13:18:06,43.3597984313965,-8.39740657806396,"Unknown"
"7014855",371852,2025-08-19 13:23:06,43.3597984313965,-8.39675426483154,"Unknown"
"7014855",371852,2025-08-19 13:28:09,43.3599052429199,-8.3974494934082,"Unknown"
"7014855",371852,2025-08-19 13:33:05,43.359920501709,-8.39736938476562,"Unknown"
"7014855",371852,2025-08-19 13:38:09,43.3597717285156,-8.39745712280273,"Unknown"
"7014855",371852,2025-08-19 13:43:00,43.3592491149902,-8.39814376831055,"Unknown"
"7014855",371852,2025-08-19 13:48:14,43.3590049743652,-8.39836406707764,"Unknown"
"7014855",371852,2025-08-19 13:53:04,43.3589134216309,-8.39835643768311,"Unknown"
"7014855",371852,2025-08-19 13:58:06,43.3590850830078,-8.39808654785156,"Unknown"
"7014855",371852,2025-08-19 14:03:05,43.3591423034668,-8.39782619476318,"Unknown"
"7014855",371852,2025-08-19 14:08:11,43.3590812683105,-8.39789390563965,"Unknown"
"7014855",371852,2025-08-19 14:13:06,43.3590660095215,-8.3981990814209,"Unknown"
"7014855",371852,2025-08-19 14:17:59,43.3590202331543,-8.39860057830811,"Unknown"
"7014855",371852,2025-08-19 14:23:05,43.3592643737793,-8.39825630187988,"Unknown"
"7014855",371852,2025-08-19 14:27:59,43.3591537475586,-8.39854145050049,"Unknown"
"7014855",371852,2025-08-19 14:33:14,43.358154296875,-8.39804840087891,"Unknown"
"7014855",371852,2025-08-19 14:38:00,43.3589515686035,-8.39787864685059,"Unknown"
"7014855",371852,2025-08-19 14:43:07,43.3590927124023,-8.39902019500732,"Unknown"
"7014855",371852,2025-08-19 14:48:17,43.3601303100586,-8.39967823028564,"Unknown"
"7014855",371852,2025-08-19 14:53:14,43.3596649169922,-8.39935684204102,"Unknown"
"7014855",371852,2025-08-19 14:58:09,43.3597030639648,-8.39934062957764,"Unknown"
"7014855",371852,2025-08-19 15:03:07,43.3597373962402,-8.39932918548584,"Unknown"
"7014855",371852,2025-08-19 15:08:09,43.3591613769531,-8.39964771270752,"Unknown"
"7014855",371852,2025-08-19 15:13:06,43.3589744567871,-8.40029239654541,"Unknown"
"7014855",371852,2025-08-19 15:18:10,43.3589286804199,-8.40031051635742,"Unknown"
"7014855",371852,2025-08-19 15:23:10,43.3591156005859,-8.40001201629639,"Unknown"
"7014855",371852,2025-08-19 15:28:09,43.359188079834,-8.40007400512695,"Unknown"
"7014855",371852,2025-08-19 15:33:07,43.3593063354492,-8.4003210067749,"Unknown"
"7014855",371852,2025-08-19 15:38:33,43.3591041564941,-8.40029525756836,"Unknown"
"7014855",371852,2025-08-19 15:42:59,43.3590927124023,-8.40027236938477,"Unknown"
"7014855",371852,2025-08-19 15:47:59,43.3592643737793,-8.40015029907227,"Unknown"
"7014855",371852,2025-08-19 15:52:59,43.3593215942383,-8.40008449554443,"Unknown"
"7014855",371852,2025-08-19 15:57:59,43.3593139648438,-8.40010833740234,"Unknown"
"7014855",371852,2025-08-19 16:02:59,43.3590393066406,-8.40018367767334,"Unknown"
"7014855",371852,2025-08-19 16:07:59,43.3592071533203,-8.40003395080566,"Unknown"
"7014855",371852,2025-08-19 16:12:59,43.3591041564941,-8.40013313293457,"Unknown"
"7014855",371852,2025-08-19 16:18:00,43.3590621948242,-8.40020561218262,"Unknown"
"7014855",371852,2025-08-19 16:23:01,43.359016418457,-8.40026473999023,"Unknown"
"7014855",371852,2025-08-19 16:28:00,43.3593482971191,-8.4000186920166,"Unknown"
"7014855",371852,2025-08-19 16:33:00,43.3592147827148,-8.40008544921875,"Unknown"
"7014855",371852,2025-08-19 16:37:59,43.358943939209,-8.40028285980225,"Unknown"
"7014855",371852,2025-08-19 16:43:00,43.3590278625488,-8.40013790130615,"Unknown"
"7014855",371852,2025-08-19 16:48:01,43.3590354919434,-8.40017318725586,"Unknown"
"7014855",371852,2025-08-19 16:53:00,43.3589134216309,-8.40023803710938,"Unknown"
"7014855",371852,2025-08-19 16:58:00,43.3589897155762,-8.40025901794434,"Unknown"
"7014855",371852,2025-08-19 17:03:01,43.3590431213379,-8.40022563934326,"Unknown"
"7014855",371852,2025-08-19 17:08:01,43.359001159668,-8.40024662017822,"Unknown"
"7014855",371852,2025-08-19 17:12:59,43.3589897155762,-8.4002513885498,"Unknown"
"7014855",371852,2025-08-19 17:18:02,43.3590393066406,-8.40015697479248,"Unknown"
"7014855",371852,2025-08-19 17:23:04,43.3589401245117,-8.40015602111816,"Unknown"
"7014855",371852,2025-08-19 17:28:01,43.3589973449707,-8.400146484375,"Unknown"
"7014855",371852,2025-08-19 17:32:59,43.3591003417969,-8.4001579284668,"Unknown"
"7014855",371852,2025-08-19 17:37:59,43.3590812683105,-8.40014362335205,"Unknown"
"7014855",371852,2025-08-19 17:42:59,43.3591346740723,-8.400146484375,"Unknown"
"7014855",371852,2025-08-19 17:47:59,43.3591041564941,-8.40014934539795,"Unknown"
"7014855",371852,2025-08-19 17:53:00,43.3591117858887,-8.40023326873779,"Unknown"
"7014855",371852,2025-08-19 17:58:01,43.3590927124023,-8.39999485015869,"Unknown"
"7014855",371852,2025-08-19 18:02:59,43.3591957092285,-8.40008544921875,"Unknown"
"7014855",371852,2025-08-19 18:08:00,43.3592872619629,-8.400465965271,"Unknown"
"7014855",371852,2025-08-19 18:13:00,43.3590431213379,-8.39980983734131,"Unknown"
"7014855",371852,2025-08-19 18:18:00,43.3591156005859,-8.40033149719238,"Unknown"
"7014855",371852,2025-08-19 18:23:04,43.3591117858887,-8.40030002593994,"Unknown"
"7014855",371852,2025-08-19 18:28:03,43.3591194152832,-8.39998531341553,"Unknown"
"7014855",371852,2025-08-19 18:33:05,43.3591003417969,-8.40004444122314,"Unknown"
"7014855",371852,2025-08-19 18:38:06,43.3590698242188,-8.40001106262207,"Unknown"
"7014855",371852,2025-08-19 18:43:27,43.3590812683105,-8.39997100830078,"Unknown"
"7014855",371852,2025-08-19 18:48:27,43.3591537475586,-8.39992809295654,"Unknown"
"7014855",371852,2025-08-19 18:53:05,43.3591384887695,-8.39985275268555,"Unknown"
"7014855",371852,2025-08-19 18:58:33,43.3591194152832,-8.40010452270508,"Unknown"
"7014855",371852,2025-08-19 19:03:00,43.3591270446777,-8.39965915679932,"Unknown"
"7014855",371852,2025-08-19 19:08:00,43.3590660095215,-8.39996910095215,"Unknown"
"7014855",371852,2025-08-19 19:13:10,43.359073638916,-8.4000883102417,"Unknown"
"7014855",371852,2025-08-19 19:18:03,43.3590812683105,-8.39939785003662,"Unknown"
"7014855",371852,2025-08-19 19:23:01,43.3591461181641,-8.39923858642578,"Unknown"
"7014855",371852,2025-08-19 19:28:06,43.3591728210449,-8.39964294433594,"Unknown"
"7014855",371852,2025-08-19 19:33:04,43.3589668273926,-8.40003108978271,"Unknown"
"7014855",371852,2025-08-19 19:38:02,43.3589286804199,-8.39969062805176,"Unknown"
"7014855",371852,2025-08-19 19:43:08,43.3586273193359,-8.39989757537842,"Unknown"
"7014855",371852,2025-08-19 19:48:07,43.3591575622559,-8.4000072479248,"Unknown"
"7014855",371852,2025-08-19 19:53:08,43.3590888977051,-8.40002155303955,"Unknown"
"7014855",371852,2025-08-19 19:58:09,43.3593711853027,-8.39990425109863,"Unknown"
"7014855",371852,2025-08-19 20:03:15,43.3587036132812,-8.40007877349854,"Unknown"
"7014855",371852,2025-08-19 20:08:07,43.3592948913574,-8.39999294281006,"Unknown"
"7014855",371852,2025-08-19 20:13:08,43.3593902587891,-8.39898300170898,"Unknown"
"7014855",371852,2025-08-19 20:18:06,43.359748840332,-8.39919471740723,"Unknown"
"7014855",371852,2025-08-19 20:23:14,43.3591613769531,-8.39881420135498,"Unknown"
"7014855",371852,2025-08-19 20:28:06,43.3591651916504,-8.39897441864014,"Unknown"
"7014855",371852,2025-08-19 20:33:08,43.3588218688965,-8.39848327636719,"Unknown"
"7014855",371852,2025-08-19 20:38:07,43.3596382141113,-8.39866161346436,"Unknown"
"7014855",371852,2025-08-19 20:43:07,43.3593711853027,-8.39856910705566,"Unknown"
"7014855",371852,2025-08-19 20:48:14,43.3595581054688,-8.39898109436035,"Unknown"
"7014855",371852,2025-08-19 20:53:14,43.3592147827148,-8.39853000640869,"Unknown"
"7014855",371852,2025-08-19 20:58:04,43.359203338623,-8.3986759185791,"Unknown"
"7014855",371852,2025-08-19 21:03:04,43.3592338562012,-8.39849948883057,"Unknown"
"7014855",371852,2025-08-19 21:08:03,43.3593444824219,-8.39849185943604,"Unknown"
"7014855",371852,2025-08-19 21:13:08,43.3590507507324,-8.39848327636719,"Unknown"
"7014855",371852,2025-08-19 21:18:09,43.3590545654297,-8.39861011505127,"Unknown"
"7014855",371852,2025-08-19 21:23:00,43.3589973449707,-8.39858341217041,"Unknown"
"7014855",371852,2025-08-19 21:28:04,43.3589477539062,-8.39857769012451,"Unknown"
"7014855",371852,2025-08-19 21:33:08,43.3590927124023,-8.39863872528076,"Unknown"
"7014855",371852,2025-08-19 21:38:08,43.3592147827148,-8.39929866790771,"Unknown"
"7014855",371852,2025-08-19 21:43:06,43.3591499328613,-8.3992805480957,"Unknown"
"7014855",371852,2025-08-19 21:48:26,43.3591423034668,-8.39937400817871,"Unknown"
"7014855",371852,2025-08-19 21:53:00,43.3592224121094,-8.39927864074707,"Unknown"
"7014855",371852,2025-08-19 21:58:04,43.3591461181641,-8.39914608001709,"Unknown"
"7014855",371852,2025-08-19 22:03:09,43.3590469360352,-8.39920902252197,"Unknown"
"7014855",371852,2025-08-19 22:08:09,43.3591461181641,-8.39926815032959,"Unknown"
"7014855",371852,2025-08-19 22:13:09,43.3592147827148,-8.3994312286377,"Unknown"
"7014855",371852,2025-08-19 22:18:09,43.3591613769531,-8.39883804321289,"Unknown"
"7014855",371852,2025-08-19 22:23:11,43.3590812683105,-8.39887619018555,"Unknown"
"7014855",371852,2025-08-19 22:28:01,43.3591232299805,-8.39887714385986,"Unknown"
"7014855",371852,2025-08-19 22:33:02,43.3590507507324,-8.39882564544678,"Unknown"
"7014855",371852,2025-08-19 22:38:06,43.3590850830078,-8.39869403839111,"Unknown"
"7014855",371852,2025-08-19 22:43:03,43.3588485717773,-8.39902973175049,"Unknown"
"7014855",371852,2025-08-19 22:48:35,43.3590126037598,-8.39902210235596,"Unknown"
"7014855",371852,2025-08-19 22:52:59,43.359001159668,-8.39901638031006,"Unknown"
"7014855",371852,2025-08-19 22:58:00,43.359058380127,-8.39902400970459,"Unknown"
"7014855",371852,2025-08-19 23:03:03,43.359546661377,-8.39938068389893,"Unknown"
"7014855",371852,2025-08-19 23:08:06,43.3598670959473,-8.40241432189941,"Unknown"
"7014855",371852,2025-08-19 23:13:01,43.3589706420898,-8.39932918548584,"Unknown"
"7014855",371852,2025-08-19 23:18:08,43.3589286804199,-8.39908409118652,"Unknown"
"7014855",371852,2025-08-19 23:23:10,43.3591003417969,-8.39906787872314,"Unknown"
"7014855",371852,2025-08-19 23:28:00,43.3590888977051,-8.39899730682373,"Unknown"
"7014855",371852,2025-08-19 23:33:01,43.3592376708984,-8.39908695220947,"Unknown"
"7014855",371852,2025-08-19 23:38:02,43.3589744567871,-8.39943027496338,"Unknown"
"7014855",371852,2025-08-19 23:43:02,43.3589706420898,-8.39904117584229,"Unknown"
"7014855",371852,2025-08-19 23:48:07,43.359188079834,-8.39919090270996,"Unknown"
"7014855",371852,2025-08-19 23:53:09,43.3590965270996,-8.39926433563232,"Unknown"
"7014855",371852,2025-08-19 23:58:06,43.3589782714844,-8.3992223739624,"Unknown"
"7014855",371852,2025-08-20 00:03:13,43.3591156005859,-8.39924430847168,"Unknown"
"7014855",371852,2025-08-20 00:08:09,43.359058380127,-8.39927196502686,"Unknown"
"7014855",371852,2025-08-20 00:13:09,43.3590927124023,-8.39918518066406,"Unknown"
"7014855",371852,2025-08-20 00:18:06,43.3590888977051,-8.39919567108154,"Unknown"
"7014855",371852,2025-08-20 00:23:15,43.3591423034668,-8.39914798736572,"Unknown"
"7014855",371852,2025-08-20 00:28:09,43.3590240478516,-8.39905643463135,"Unknown"
"7014855",371852,2025-08-20 00:33:04,43.3590393066406,-8.39901542663574,"Unknown"
"7014855",371852,2025-08-20 00:38:02,43.3590774536133,-8.39921855926514,"Unknown"
"7014855",371852,2025-08-20 00:43:09,43.3591270446777,-8.39911651611328,"Unknown"
"7014855",371852,2025-08-20 00:48:14,43.3591079711914,-8.39920139312744,"Unknown"
"7014855",371852,2025-08-20 00:53:35,43.3591613769531,-8.39918613433838,"Unknown"
"7014855",371852,2025-08-20 00:57:58,43.3591270446777,-8.39919471740723,"Unknown"
"7014855",371852,2025-08-20 01:02:58,43.3592147827148,-8.39916801452637,"Unknown"
"7014855",371852,2025-08-20 01:07:58,43.3591995239258,-8.39917659759521,"Unknown"
"7014855",371852,2025-08-20 01:12:58,43.359203338623,-8.3992395401001,"Unknown"
"7014855",371852,2025-08-20 01:18:00,43.3591346740723,-8.39910697937012,"Unknown"
"7014855",371852,2025-08-20 01:23:03,43.3591918945312,-8.399169921875,"Unknown"
"7014855",371852,2025-08-20 01:28:01,43.3588829040527,-8.39852046966553,"Unknown"
"7014855",371852,2025-08-20 01:33:03,43.358959197998,-8.39893817901611,"Unknown"
"7014855",371852,2025-08-20 01:38:00,43.3589782714844,-8.3991756439209,"Unknown"
"7014855",371852,2025-08-20 01:43:04,43.3589744567871,-8.3988790512085,"Unknown"
"7014855",371852,2025-08-20 01:48:14,43.3590431213379,-8.39911270141602,"Unknown"
"7014855",371852,2025-08-20 01:53:01,43.3590316772461,-8.39914131164551,"Unknown"
"7014855",371852,2025-08-20 01:58:01,43.3590431213379,-8.39918041229248,"Unknown"
"7014855",371852,2025-08-20 02:03:00,43.3590316772461,-8.39910888671875,"Unknown"
"7014855",371852,2025-08-20 02:08:01,43.3590431213379,-8.39917850494385,"Unknown"
"7014855",371852,2025-08-20 02:13:00,43.3590393066406,-8.39896583557129,"Unknown"
"7014855",371852,2025-08-20 02:17:59,43.359001159668,-8.39889907836914,"Unknown"
"7014855",371852,2025-08-20 02:23:02,43.3591384887695,-8.39922523498535,"Unknown"
"7014855",371852,2025-08-20 02:28:02,43.358959197998,-8.39886856079102,"Unknown"
"7014855",371852,2025-08-20 02:33:05,43.359130859375,-8.39923191070557,"Unknown"
"7014855",371852,2025-08-20 02:38:00,43.3589744567871,-8.39914512634277,"Unknown"
"7014855",371852,2025-08-20 02:43:09,43.3589363098145,-8.39890384674072,"Unknown"
"7014855",371852,2025-08-20 02:48:35,43.3590698242188,-8.39905071258545,"Unknown"
"7014855",371852,2025-08-20 02:52:59,43.3591766357422,-8.39894676208496,"Unknown"
"7014855",371852,2025-08-20 02:58:03,43.3592262268066,-8.39901733398438,"Unknown"
"7014855",371852,2025-08-20 03:03:02,43.3592109680176,-8.39898681640625,"Unknown"
"7014855",371852,2025-08-20 03:08:01,43.3591766357422,-8.39901351928711,"Unknown"
"7014855",371852,2025-08-20 03:12:59,43.3591957092285,-8.39901828765869,"Unknown"
"7014855",371852,2025-08-20 03:18:00,43.359188079834,-8.39910221099854,"Unknown"
"7014855",371852,2025-08-20 03:22:58,43.3591346740723,-8.3991527557373,"Unknown"
"7014855",371852,2025-08-20 03:27:59,43.3591651916504,-8.39915561676025,"Unknown"
"7014855",371852,2025-08-20 03:33:00,43.3591766357422,-8.39916133880615,"Unknown"
"7014855",371852,2025-08-20 03:37:58,43.3591461181641,-8.39929294586182,"Unknown"
"7014855",371852,2025-08-20 03:42:59,43.3591384887695,-8.39926338195801,"Unknown"
"7014855",371852,2025-08-20 03:48:02,43.3591766357422,-8.39896202087402,"Unknown"
"7014855",371852,2025-08-20 03:53:01,43.3591461181641,-8.39919281005859,"Unknown"
"7014855",371852,2025-08-20 03:57:59,43.3590621948242,-8.39924716949463,"Unknown"
"7014855",371852,2025-08-20 04:02:59,43.3592147827148,-8.39896297454834,"Unknown"
"7014855",371852,2025-08-20 04:07:58,43.3591575622559,-8.3989782333374,"Unknown"
"7014855",371852,2025-08-20 04:12:59,43.359188079834,-8.39895153045654,"Unknown"
"7014855",371852,2025-08-20 04:17:59,43.3591117858887,-8.39972114562988,"Unknown"
"7014855",371852,2025-08-20 04:23:01,43.3590888977051,-8.39983177185059,"Unknown"
"7014855",371852,2025-08-20 04:28:00,43.3591041564941,-8.39902400970459,"Unknown"
"7014855",371852,2025-08-20 04:32:59,43.3590850830078,-8.39912986755371,"Unknown"
"7014855",371852,2025-08-20 04:38:02,43.3590965270996,-8.39900779724121,"Unknown"
"7014855",371852,2025-08-20 04:43:05,43.359130859375,-8.39911556243896,"Unknown"
"7014855",371852,2025-08-20 04:48:01,43.3590965270996,-8.39903926849365,"Unknown"
"7014855",371852,2025-08-20 04:53:00,43.3590774536133,-8.39910411834717,"Unknown"
"7014855",371852,2025-08-20 04:58:01,43.3591461181641,-8.39903354644775,"Unknown"
"7014855",371852,2025-08-20 05:03:08,43.3591575622559,-8.39913845062256,"Unknown"
"7014855",371852,2025-08-20 05:08:14,43.3591918945312,-8.39920997619629,"Unknown"
"7014855",371852,2025-08-20 05:12:59,43.3591270446777,-8.39917850494385,"Unknown"
"7014855",371852,2025-08-20 05:18:00,43.3592071533203,-8.39921188354492,"Unknown"
"7014855",371852,2025-08-20 05:23:05,43.3596305847168,-8.40011692047119,"Unknown"
"7014855",371852,2025-08-20 05:28:03,43.359733581543,-8.40016269683838,"Unknown"
"7014855",371852,2025-08-20 05:33:01,43.3596954345703,-8.40005207061768,"Unknown"
"7014855",371852,2025-08-20 05:38:01,43.3598213195801,-8.39900588989258,"Unknown"
"7014855",371852,2025-08-20 05:43:02,43.3597373962402,-8.39888477325439,"Unknown"
"7014855",371852,2025-08-20 05:48:11,43.3597259521484,-8.40046882629395,"Unknown"
"7014855",371852,2025-08-20 05:53:08,43.3599243164062,-8.39885330200195,"Unknown"
"7014855",371852,2025-08-20 05:58:35,43.3597068786621,-8.39998817443848,"Unknown"
"7014855",371852,2025-08-20 06:02:59,43.3596878051758,-8.40015602111816,"Unknown"
"7014855",371852,2025-08-20 06:07:58,43.3597602844238,-8.39993190765381,"Unknown"
"7014855",371852,2025-08-20 06:13:09,43.3598709106445,-8.39942073822021,"Unknown"
"7014855",371852,2025-08-20 06:18:08,43.3600158691406,-8.4023904800415,"Unknown"
"7014855",371852,2025-08-20 06:23:00,43.3624305725098,-8.40389156341553,"Unknown"
"7014855",371852,2025-08-20 06:27:58,43.3624458312988,-8.40398502349854,"Unknown"
"7014855",371852,2025-08-20 06:32:59,43.3625564575195,-8.40384101867676,"Unknown"
"7014855",371852,2025-08-20 06:38:01,43.359733581543,-8.39859771728516,"Unknown"
"7014855",371852,2025-08-20 06:43:03,43.3598136901855,-8.39827823638916,"Unknown"
"7014855",371852,2025-08-20 06:48:07,43.3597183227539,-8.39858818054199,"Unknown"
"7014855",371852,2025-08-20 06:53:10,43.359691619873,-8.39889812469482,"Unknown"
"7014855",371852,2025-08-20 06:58:06,43.3596305847168,-8.40075588226318,"Unknown"
"7014855",371852,2025-08-20 07:03:14,43.3596382141113,-8.40078639984131,"Unknown"
"7014855",371852,2025-08-20 07:08:08,43.359619140625,-8.40074729919434,"Unknown"
"7014855",371852,2025-08-20 07:13:12,43.3596992492676,-8.40067195892334,"Unknown"
"7014855",371852,2025-08-20 07:18:08,43.360466003418,-8.39800071716309,"Unknown"
"7014855",371852,2025-08-20 07:23:14,43.360107421875,-8.39780616760254,"Unknown"
"7014855",371852,2025-08-20 07:28:05,43.3601989746094,-8.39720916748047,"Unknown"
"7014855",371852,2025-08-20 07:33:04,43.3602905273438,-8.39720344543457,"Unknown"
"7014855",371852,2025-08-20 07:38:06,43.3598861694336,-8.39781188964844,"Unknown"
"7014855",371852,2025-08-20 07:43:00,43.3601036071777,-8.39701747894287,"Unknown"
"7014855",371852,2025-08-20 07:48:30,43.3603286743164,-8.39825820922852,"Unknown"
"7014855",371852,2025-08-20 07:53:44,43.359733581543,-8.39808464050293,"Unknown"
"7014855",371852,2025-08-20 07:58:06,43.3597259521484,-8.3998327255249,"Unknown"
"7014855",371852,2025-08-20 08:03:06,43.3597602844238,-8.3998384475708,"Unknown"
"7014855",371852,2025-08-20 08:08:26,43.3596839904785,-8.39912986755371,"Unknown"
"7014855",371852,2025-08-20 08:13:31,43.359691619873,-8.39912509918213,"Unknown"
"7014855",371852,2025-08-20 08:18:06,43.3599815368652,-8.39893245697021,"Unknown"
"7014855",371852,2025-08-20 08:23:08,43.3601570129395,-8.39864158630371,"Unknown"
"7014855",371852,2025-08-20 08:28:11,43.3595428466797,-8.39796733856201,"Unknown"
"7014855",371852,2025-08-20 08:32:59,43.3612442016602,-8.40245532989502,"Unknown"
"7014855",371852,2025-08-20 08:38:03,43.3683319091797,-8.40890026092529,"Unknown"
"7014855",371852,2025-08-20 08:42:59,43.3779945373535,-8.42565727233887,"Unknown"
"7014855",371852,2025-08-20 08:48:35,43.3775367736816,-8.42777729034424,"Unknown"
"7014855",371852,2025-08-20 08:53:02,43.3823585510254,-8.43683910369873,"Unknown"
"7014855",371852,2025-08-20 08:58:06,43.3828010559082,-8.43684387207031,"Unknown"
"7014855",371852,2025-08-20 09:03:08,43.3826522827148,-8.43688488006592,"Unknown"
"7014855",371852,2025-08-20 09:08:08,43.3822860717773,-8.43702507019043,"Unknown"
"7014855",371852,2025-08-20 09:13:08,43.3822288513184,-8.43702220916748,"Unknown"
"7014855",371852,2025-08-20 09:18:05,43.3824005126953,-8.4370288848877,"Unknown"
"7014855",371852,2025-08-20 09:23:05,43.3822364807129,-8.43699932098389,"Unknown"
"7014855",371852,2025-08-20 09:28:05,43.3722343444824,-8.45012187957764,"Unknown"
"7014855",371852,2025-08-20 09:33:13,43.3563499450684,-8.45785140991211,"Unknown"
"7014855",371852,2025-08-20 09:38:03,43.3563766479492,-8.45786476135254,"Unknown"
"7014855",371852,2025-08-20 09:43:01,43.3559226989746,-8.45835876464844,"Unknown"
"7014855",371852,2025-08-20 09:48:02,43.3561210632324,-8.45847415924072,"Unknown"
"7014855",371852,2025-08-20 09:53:06,43.3544616699219,-8.45894432067871,"Unknown"
"7014855",371852,2025-08-20 09:58:07,43.3544387817383,-8.45878982543945,"Unknown"
"7014855",371852,2025-08-20 10:03:13,43.3542251586914,-8.45809268951416,"Unknown"
"7014855",371852,2025-08-20 10:08:11,43.3542671203613,-8.45816898345947,"Unknown"
"7014855",371852,2025-08-20 10:13:27,43.3552207946777,-8.45899200439453,"Unknown"
"7014855",371852,2025-08-20 10:18:12,43.3549385070801,-8.45734214782715,"Unknown"
"7014855",371852,2025-08-20 10:23:07,43.3554000854492,-8.4580192565918,"Unknown"
"7014855",371852,2025-08-20 10:28:03,43.3553085327148,-8.45718669891357,"Unknown"
"7014855",371852,2025-08-20 10:33:14,43.3552703857422,-8.45710849761963,"Unknown"
"7014855",371852,2025-08-20 10:38:34,43.3532524108887,-8.47458934783936,"Unknown"
"7014855",371852,2025-08-20 10:43:05,43.3539733886719,-8.4741792678833,"Unknown"
"7014855",371852,2025-08-20 10:48:11,43.354362487793,-8.47452831268311,"Unknown"
"7014855",371852,2025-08-20 10:53:08,43.3536033630371,-8.47361183166504,"Unknown"
"7014855",371852,2025-08-20 10:58:09,43.3543128967285,-8.47469806671143,"Unknown"
"7014855",371852,2025-08-20 11:03:17,43.3544311523438,-8.47479629516602,"Unknown"
"7014855",371852,2025-08-20 11:08:32,43.3539695739746,-8.47381782531738,"Unknown"
"7014855",371852,2025-08-20 11:12:59,43.3546752929688,-8.47498226165771,"Unknown"
"7014855",371852,2025-08-20 11:18:02,43.3550987243652,-8.47537326812744,"Unknown"
"7014855",371852,2025-08-20 11:23:15,43.3541603088379,-8.47360229492188,"Unknown"
"7014855",371852,2025-08-20 11:28:21,43.3547477722168,-8.47346115112305,"Unknown"
"7014855",371852,2025-08-20 11:33:13,43.3552856445312,-8.47357082366943,"Unknown"
"7014855",371852,2025-08-20 11:38:12,43.3529777526855,-8.47321891784668,"Unknown"
"7014855",371852,2025-08-20 11:43:44,43.3550910949707,-8.47306537628174,"Unknown"
"7014855",371852,2025-08-20 11:48:32,43.3524742126465,-8.47793579101562,"Unknown"
"7014855",371852,2025-08-20 11:53:10,43.3523063659668,-8.47776412963867,"Unknown"
"7014855",371852,2025-08-20 11:58:38,43.3539428710938,-8.47466468811035,"Unknown"
"7014855",371852,2025-08-20 12:03:05,43.3540534973145,-8.4745044708252,"Unknown"
"7014855",371852,2025-08-20 12:08:05,43.3541679382324,-8.47454452514648,"Unknown"
"7014855",371852,2025-08-20 12:13:06,43.3540725708008,-8.47451877593994,"Unknown"
"7014855",371852,2025-08-20 12:18:07,43.3540077209473,-8.47459888458252,"Unknown"
"7014855",371852,2025-08-20 12:23:07,43.3540534973145,-8.47472763061523,"Unknown"
"7014855",371852,2025-08-20 12:28:04,43.3539962768555,-8.47462463378906,"Unknown"
"7014855",371852,2025-08-20 12:33:03,43.3539924621582,-8.47456932067871,"Unknown"
"7014855",371852,2025-08-20 12:38:04,43.3540153503418,-8.4747200012207,"Unknown"
"7014855",371852,2025-08-20 12:43:08,43.3540115356445,-8.4747838973999,"Unknown"
"7014855",371852,2025-08-20 12:48:08,43.3538398742676,-8.47462177276611,"Unknown"
"7014855",371852,2025-08-20 12:53:08,43.353931427002,-8.47464179992676,"Unknown"
"7014855",371852,2025-08-20 12:58:02,43.3541107177734,-8.47456550598145,"Unknown"
"7014855",371852,2025-08-20 13:03:02,43.3539886474609,-8.47465419769287,"Unknown"
"7014855",371852,2025-08-20 13:08:03,43.3538627624512,-8.47460460662842,"Unknown"
"7014855",371852,2025-08-20 13:13:02,43.3540000915527,-8.47459888458252,"Unknown"
"7014855",371852,2025-08-20 13:18:01,43.3539276123047,-8.47438907623291,"Unknown"
"7014855",371852,2025-08-20 13:23:09,43.3518676757812,-8.47783279418945,"Unknown"
"7014855",371852,2025-08-20 13:28:23,43.3521118164062,-8.47782802581787,"Unknown"
"7014855",371852,2025-08-20 13:33:03,43.3546371459961,-8.47379493713379,"Unknown"
"7014855",371852,2025-08-20 13:38:07,43.3548316955566,-8.47395992279053,"Unknown"
"7014855",371852,2025-08-20 13:43:04,43.3548965454102,-8.47390651702881,"Unknown"
"7014855",371852,2025-08-20 13:48:06,43.3549461364746,-8.47402477264404,"Unknown"
"7014855",371852,2025-08-20 13:53:12,43.3545341491699,-8.47370910644531,"Unknown"
"7014855",371852,2025-08-20 13:57:59,43.3544731140137,-8.47366428375244,"Unknown"
"7014855",371852,2025-08-20 14:03:04,43.3543281555176,-8.47357940673828,"Unknown"
"7014855",371852,2025-08-20 14:08:09,43.35498046875,-8.47424507141113,"Unknown"
"7014855",371852,2025-08-20 14:13:09,43.3545989990234,-8.47398376464844,"Unknown"
"7014855",371852,2025-08-20 14:18:12,43.3545455932617,-8.47373199462891,"Unknown"
"7014855",371852,2025-08-20 14:22:59,43.3561134338379,-8.47177696228027,"Unknown"
"7014855",371852,2025-08-20 14:28:01,43.3565254211426,-8.45694446563721,"Unknown"
"7014855",371852,2025-08-20 14:33:01,43.3565216064453,-8.45705699920654,"Unknown"
"7014855",371852,2025-08-20 14:38:03,43.3564758300781,-8.45705318450928,"Unknown"
"7014855",371852,2025-08-20 14:43:06,43.356559753418,-8.45696353912354,"Unknown"
"7014855",371852,2025-08-20 14:48:14,43.3565940856934,-8.45689868927002,"Unknown"
"7014855",371852,2025-08-20 14:53:01,43.3565711975098,-8.45701313018799,"Unknown"
"7014855",371852,2025-08-20 14:58:01,43.3565406799316,-8.45701789855957,"Unknown"
"7014855",371852,2025-08-20 15:03:02,43.356517791748,-8.45722579956055,"Unknown"
"7014855",371852,2025-08-20 15:08:00,43.356388092041,-8.45693111419678,"Unknown"
"7014855",371852,2025-08-20 15:13:03,43.356502532959,-8.45735836029053,"Unknown"
"7014855",371852,2025-08-20 15:18:09,43.3549766540527,-8.45841503143311,"Unknown"
"7014855",371852,2025-08-20 15:23:35,43.3545417785645,-8.45812702178955,"Unknown"
"7014855",371852,2025-08-20 15:28:00,43.3548011779785,-8.45800399780273,"Unknown"
"7014855",371852,2025-08-20 15:33:00,43.3493423461914,-8.45390701293945,"Unknown"
"7014855",371852,2025-08-20 15:38:09,43.3400650024414,-8.4544038772583,"Unknown"
"7014855",371852,2025-08-20 15:43:01,43.3456268310547,-8.44905090332031,"Unknown"
"7014855",371852,2025-08-20 15:48:02,43.3507690429688,-8.43169689178467,"Unknown"
"7014855",371852,2025-08-20 15:53:04,43.3523864746094,-8.42758178710938,"Unknown"
"7014855",371852,2025-08-20 15:58:02,43.3527030944824,-8.42747402191162,"Unknown"
"7014855",371852,2025-08-20 16:03:14,43.3523445129395,-8.42762184143066,"Unknown"
"7014855",371852,2025-08-20 16:08:04,43.3524284362793,-8.42756748199463,"Unknown"
"7014855",371852,2025-08-20 16:13:02,43.3523864746094,-8.42777824401855,"Unknown"
"7014855",371852,2025-08-20 16:18:02,43.3521270751953,-8.42785739898682,"Unknown"
"7014855",371852,2025-08-20 16:22:59,43.352725982666,-8.42730522155762,"Unknown"
"7014855",371852,2025-08-20 16:28:06,43.3523330688477,-8.42769432067871,"Unknown"
"7014855",371852,2025-08-20 16:33:00,43.3523178100586,-8.42776012420654,"Unknown"
"7014855",371852,2025-08-20 16:38:00,43.3522415161133,-8.42762184143066,"Unknown"
"7014855",371852,2025-08-20 16:43:04,43.3523826599121,-8.42775630950928,"Unknown"
"7014855",371852,2025-08-20 16:48:14,43.3523178100586,-8.42773532867432,"Unknown"
"7014855",371852,2025-08-20 16:53:01,43.3523406982422,-8.42780590057373,"Unknown"
"7014855",371852,2025-08-20 16:58:10,43.3523826599121,-8.42773151397705,"Unknown"
"7014855",371852,2025-08-20 17:03:01,43.3523750305176,-8.4277286529541,"Unknown"
"7014855",371852,2025-08-20 17:08:15,43.3524780273438,-8.42778301239014,"Unknown"
"7014855",371852,2025-08-20 17:13:12,43.3523597717285,-8.42776966094971,"Unknown"
"7014855",371852,2025-08-20 17:18:13,43.3523216247559,-8.4276180267334,"Unknown"
"7014855",371852,2025-08-20 17:23:08,43.3522872924805,-8.42759990692139,"Unknown"
"7014855",371852,2025-08-20 17:28:11,43.3525199890137,-8.42776679992676,"Unknown"
"7014855",371852,2025-08-20 17:33:13,43.3523750305176,-8.4276704788208,"Unknown"
"7014855",371852,2025-08-20 17:38:00,43.3522529602051,-8.4278678894043,"Unknown"
"7014855",371852,2025-08-20 17:43:03,43.3524208068848,-8.42745685577393,"Unknown"
"7014855",371852,2025-08-20 17:49:14,43.3567543029785,-8.41941165924072,"Unknown"
"7014855",371852,2025-08-20 17:53:19,43.3596992492676,-8.39733123779297,"Unknown"
"7014855",371852,2025-08-20 17:58:07,43.3597068786621,-8.39728927612305,"Unknown"
"7014855",371852,2025-08-20 18:03:09,43.3596649169922,-8.39735984802246,"Unknown"
"7014855",371852,2025-08-20 18:08:13,43.3597106933594,-8.3973274230957,"Unknown"
"7014855",371852,2025-08-20 18:13:09,43.3597297668457,-8.39729976654053,"Unknown"
"7014855",371852,2025-08-20 18:18:04,43.3598213195801,-8.39892292022705,"Unknown"
"7014855",371852,2025-08-20 18:23:09,43.3598022460938,-8.39788436889648,"Unknown"
"7014855",371852,2025-08-20 18:28:09,43.3598175048828,-8.39734268188477,"Unknown"
"7014855",371852,2025-08-20 18:33:09,43.359806060791,-8.39739894866943,"Unknown"
"7014855",371852,2025-08-20 18:38:09,43.3598480224609,-8.39761734008789,"Unknown"
"7014855",371852,2025-08-20 18:43:35,43.3597602844238,-8.39732646942139,"Unknown"
"7014855",371852,2025-08-20 18:48:09,43.3591842651367,-8.40134525299072,"Unknown"
"7014855",371852,2025-08-20 18:53:00,43.3599967956543,-8.40256690979004,"Unknown"
"7014855",371852,2025-08-20 18:57:59,43.3611297607422,-8.40274143218994,"Unknown"
"7014855",371852,2025-08-20 19:03:14,43.3618354797363,-8.40000915527344,"Unknown"
"7014855",371852,2025-08-20 19:08:03,43.358528137207,-8.40089988708496,"Unknown"
"7014855",371852,2025-08-20 19:13:10,43.3596305847168,-8.40197086334229,"Unknown"
"7014855",371852,2025-08-20 19:18:14,43.3594551086426,-8.39794254302979,"Unknown"
"7014855",371852,2025-08-20 19:23:06,43.3595352172852,-8.40124702453613,"Unknown"
"7014855",371852,2025-08-20 19:28:09,43.3604011535645,-8.40248012542725,"Unknown"
"7014855",371852,2025-08-20 19:33:09,43.3603134155273,-8.40232753753662,"Unknown"
"7014855",371852,2025-08-20 19:38:13,43.3646774291992,-8.40160083770752,"Unknown"
"7014855",371852,2025-08-20 19:43:09,43.3660316467285,-8.40218544006348,"Unknown"
"7014855",371852,2025-08-20 19:48:10,43.3660354614258,-8.40234375,"Unknown"
"7014855",371852,2025-08-20 19:53:09,43.3662033081055,-8.40277576446533,"Unknown"
"7014855",371852,2025-08-20 19:58:14,43.3645706176758,-8.39947032928467,"Unknown"
"7014855",371852,2025-08-20 20:03:06,43.3645439147949,-8.39919757843018,"Unknown"
"7014855",371852,2025-08-20 20:08:10,43.3645477294922,-8.39898586273193,"Unknown"
"7014855",371852,2025-08-20 20:13:06,43.3647613525391,-8.3989839553833,"Unknown"
"7014855",371852,2025-08-20 20:18:06,43.3632659912109,-8.39513397216797,"Unknown"
"7014855",371852,2025-08-20 20:23:14,43.3632011413574,-8.39523887634277,"Unknown"
"7014855",371852,2025-08-20 20:27:59,43.3632164001465,-8.39503192901611,"Unknown"
"7014855",371852,2025-08-20 20:33:06,43.363094329834,-8.39505195617676,"Unknown"
"7014855",371852,2025-08-20 20:38:00,43.3629684448242,-8.39485168457031,"Unknown"
"7014855",371852,2025-08-20 20:43:07,43.3631477355957,-8.39502429962158,"Unknown"
"7014855",371852,2025-08-20 20:48:45,43.3632125854492,-8.39492225646973,"Unknown"
"7014855",371852,2025-08-20 20:53:15,43.3630485534668,-8.39512157440186,"Unknown"
"7014855",371852,2025-08-20 20:58:06,43.3632774353027,-8.39506721496582,"Unknown"
"7014855",371852,2025-08-20 21:03:12,43.3631324768066,-8.39492130279541,"Unknown"
"7014855",371852,2025-08-20 21:08:07,43.363208770752,-8.39498138427734,"Unknown"
"7014855",371852,2025-08-20 21:13:07,43.3634338378906,-8.39519023895264,"Unknown"
"7014855",371852,2025-08-20 21:18:12,43.3631591796875,-8.39525032043457,"Unknown"
"7014855",371852,2025-08-20 21:23:00,43.3631706237793,-8.39505577087402,"Unknown"
"7014855",371852,2025-08-20 21:28:03,43.3630790710449,-8.39496803283691,"Unknown"
"7014855",371852,2025-08-20 21:33:02,43.3633003234863,-8.39525032043457,"Unknown"
"7014855",371852,2025-08-20 21:38:04,43.363037109375,-8.39546966552734,"Unknown"
"7014855",371852,2025-08-20 21:42:59,43.3630599975586,-8.39518070220947,"Unknown"
"7014855",371852,2025-08-20 21:48:35,43.3630027770996,-8.39542007446289,"Unknown"
"7014855",371852,2025-08-20 21:52:59,43.3630104064941,-8.39522457122803,"Unknown"
"7014855",371852,2025-08-20 21:58:02,43.364372253418,-8.38200378417969,"Unknown"
"7014855",371852,2025-08-20 22:02:59,43.3724708557129,-8.37205505371094,"Unknown"
"7014855",371852,2025-08-20 22:08:00,43.3886947631836,-8.37344646453857,"Unknown"
"7014855",371852,2025-08-20 22:12:59,43.3902130126953,-8.38058471679688,"Unknown"
"7014855",371852,2025-08-20 22:17:59,43.3639984130859,-8.39086532592773,"Unknown"
"7014855",371852,2025-08-20 22:23:08,43.3591041564941,-8.39879989624023,"Unknown"
"7014855",371852,2025-08-20 22:28:04,43.3591156005859,-8.39877605438232,"Unknown"
"7014855",371852,2025-08-20 22:33:01,43.3591041564941,-8.39883422851562,"Unknown"
"7014855",371852,2025-08-20 22:38:02,43.3591156005859,-8.39871692657471,"Unknown"
"7014855",371852,2025-08-20 22:43:03,43.359188079834,-8.39888477325439,"Unknown"
"7014855",371852,2025-08-20 22:48:10,43.3591499328613,-8.39878749847412,"Unknown"
"7014855",371852,2025-08-20 22:53:01,43.3591194152832,-8.39881134033203,"Unknown"
"7014855",371852,2025-08-20 22:58:01,43.3589973449707,-8.39882755279541,"Unknown"
"7014855",371852,2025-08-20 23:03:03,43.3591461181641,-8.39875793457031,"Unknown"
"7014855",371852,2025-08-20 23:08:04,43.3591995239258,-8.39868545532227,"Unknown"
"7014855",371852,2025-08-20 23:13:03,43.3591728210449,-8.39851379394531,"Unknown"
"7014855",371852,2025-08-20 23:18:04,43.3591651916504,-8.39867782592773,"Unknown"
"7014855",371852,2025-08-20 23:23:09,43.3592720031738,-8.39876270294189,"Unknown"
"7014855",371852,2025-08-20 23:28:09,43.3592109680176,-8.39865493774414,"Unknown"
"7014855",371852,2025-08-20 23:33:00,43.359302520752,-8.39881038665771,"Unknown"
"7014855",371852,2025-08-20 23:38:02,43.3587951660156,-8.39946556091309,"Unknown"
"7014855",371852,2025-08-20 23:43:02,43.3590049743652,-8.39923095703125,"Unknown"
"7014855",371852,2025-08-20 23:48:14,43.3593406677246,-8.39866065979004,"Unknown"
"7014855",371852,2025-08-20 23:53:01,43.359245300293,-8.39907836914062,"Unknown"
"7014855",371852,2025-08-20 23:58:12,43.3591003417969,-8.3986701965332,"Unknown"
"7014855",371852,2025-08-21 00:03:09,43.358959197998,-8.39879322052002,"Unknown"
"7014855",371852,2025-08-21 00:08:04,43.3589630126953,-8.39883136749268,"Unknown"
"7014855",371852,2025-08-21 00:13:18,43.3589973449707,-8.39876937866211,"Unknown"
"7014855",371852,2025-08-21 00:18:06,43.3591346740723,-8.39861488342285,"Unknown"
"7014855",371852,2025-08-21 00:23:09,43.3590927124023,-8.39825344085693,"Unknown"
"7014855",371852,2025-08-21 00:28:08,43.3590812683105,-8.39856338500977,"Unknown"
"7014855",371852,2025-08-21 00:33:10,43.3589782714844,-8.39882755279541,"Unknown"
"7014855",371852,2025-08-21 00:38:35,43.3590774536133,-8.39875030517578,"Unknown"
"7014855",371852,2025-08-21 00:43:01,43.359073638916,-8.39886856079102,"Unknown"
"7014855",371852,2025-08-21 00:47:59,43.3598175048828,-8.39789009094238,"Unknown"
"7014855",371852,2025-08-21 00:53:00,43.3596878051758,-8.39796543121338,"Unknown"
"7014855",371852,2025-08-21 00:58:07,43.3597640991211,-8.39791870117188,"Unknown"
"7014855",371852,2025-08-21 01:03:03,43.3601112365723,-8.40284442901611,"Unknown"
"7014855",371852,2025-08-21 01:08:14,43.3591384887695,-8.39874076843262,"Unknown"
"7014855",371852,2025-08-21 01:13:00,43.3593482971191,-8.39899635314941,"Unknown"
"7014855",371852,2025-08-21 01:18:00,43.3602867126465,-8.40258312225342,"Unknown"
"7014855",371852,2025-08-21 01:23:07,43.3598403930664,-8.40398025512695,"Unknown"
"7014855",371852,2025-08-21 01:28:00,43.3618392944336,-8.40616798400879,"Unknown"
"7014855",371852,2025-08-21 01:33:06,43.3596267700195,-8.40230369567871,"Unknown"
"7014855",371852,2025-08-21 01:38:03,43.3600463867188,-8.40177345275879,"Unknown"
"7014855",371852,2025-08-21 01:43:06,43.3601531982422,-8.40168380737305,"Unknown"
"7014855",371852,2025-08-21 01:48:14,43.3603744506836,-8.40271949768066,"Unknown"
"7014855",371852,2025-08-21 01:53:00,43.3602867126465,-8.40227603912354,"Unknown"
"7014855",371852,2025-08-21 01:58:13,43.3604125976562,-8.40248107910156,"Unknown"
"7014855",371852,2025-08-21 02:03:10,43.3604202270508,-8.40242195129395,"Unknown"
"7014855",371852,2025-08-21 02:07:59,43.360523223877,-8.40270519256592,"Unknown"
"7014855",371852,2025-08-21 02:13:23,43.3602485656738,-8.40244674682617,"Unknown"
"7014855",371852,2025-08-21 02:18:04,43.3609962463379,-8.40305805206299,"Unknown"
"7014855",371852,2025-08-21 02:23:01,43.3608818054199,-8.40299320220947,"Unknown"
"7014855",371852,2025-08-21 02:28:07,43.3611030578613,-8.40317821502686,"Unknown"
"7014855",371852,2025-08-21 02:33:03,43.3613052368164,-8.40434455871582,"Unknown"
"7014855",371852,2025-08-21 02:38:09,43.3611907958984,-8.4033031463623,"Unknown"
"7014855",371852,2025-08-21 02:43:03,43.3606491088867,-8.40120410919189,"Unknown"
"7014855",371852,2025-08-21 02:48:35,43.3607788085938,-8.40294933319092,"Unknown"
"7014855",371852,2025-08-21 02:52:59,43.3607635498047,-8.40294933319092,"Unknown"
"7014855",371852,2025-08-21 02:58:00,43.3606376647949,-8.40286922454834,"Unknown"
"7014855",371852,2025-08-21 03:02:59,43.3603286743164,-8.40265369415283,"Unknown"
"7014855",371852,2025-08-21 03:07:59,43.3602142333984,-8.40253925323486,"Unknown"
"7014855",371852,2025-08-21 03:13:01,43.3601570129395,-8.40259456634521,"Unknown"
"7014855",371852,2025-08-21 03:18:00,43.3602104187012,-8.40256023406982,"Unknown"
"7014855",371852,2025-08-21 03:22:59,43.3602447509766,-8.40253162384033,"Unknown"
"7014855",371852,2025-08-21 03:28:00,43.3604316711426,-8.40234661102295,"Unknown"
"7014855",371852,2025-08-21 03:33:04,43.3602066040039,-8.40250587463379,"Unknown"
"7014855",371852,2025-08-21 03:38:00,43.360237121582,-8.40259075164795,"Unknown"
"7014855",371852,2025-08-21 03:42:59,43.3600540161133,-8.4021577835083,"Unknown"
"7014855",371852,2025-08-21 03:48:00,43.3600921630859,-8.40256881713867,"Unknown"
"7014855",371852,2025-08-21 03:53:00,43.3600807189941,-8.40253067016602,"Unknown"
"7014855",371852,2025-08-21 03:58:13,43.3598098754883,-8.40237426757812,"Unknown"
"7014855",371852,2025-08-21 04:03:13,43.359546661377,-8.40167140960693,"Unknown"
"7014855",371852,2025-08-21 04:07:59,43.3596305847168,-8.40154457092285,"Unknown"
"7014855",371852,2025-08-21 04:12:59,43.3599548339844,-8.40244579315186,"Unknown"
"7014855",371852,2025-08-21 04:18:00,43.3600006103516,-8.40245628356934,"Unknown"
"7014855",371852,2025-08-21 04:22:59,43.3596496582031,-8.39989757537842,"Unknown"
"7014855",371852,2025-08-21 04:28:00,43.3600196838379,-8.40247344970703,"Unknown"
"7014855",371852,2025-08-21 04:33:02,43.3609428405762,-8.4026985168457,"Unknown"
"7014855",371852,2025-08-21 04:38:09,43.3607482910156,-8.40279006958008,"Unknown"
"7014855",371852,2025-08-21 04:42:59,43.3608703613281,-8.40279579162598,"Unknown"
"7014855",371852,2025-08-21 04:48:03,43.3608703613281,-8.40278053283691,"Unknown"
"7014855",371852,2025-08-21 04:53:03,43.3607330322266,-8.4027853012085,"Unknown"
"7014855",371852,2025-08-21 04:58:03,43.3607521057129,-8.4028491973877,"Unknown"
"7014855",371852,2025-08-21 05:03:04,43.36083984375,-8.40286445617676,"Unknown"
"7014855",371852,2025-08-21 05:08:04,43.3608055114746,-8.40282154083252,"Unknown"
"7014855",371852,2025-08-21 05:13:04,43.3607368469238,-8.40288734436035,"Unknown"
"7014855",371852,2025-08-21 05:18:02,43.360782623291,-8.40286064147949,"Unknown"
"7014855",371852,2025-08-21 05:23:14,43.3608131408691,-8.40281963348389,"Unknown"
"7014855",371852,2025-08-21 05:28:00,43.3608627319336,-8.40296840667725,"Unknown"
"7014855",371852,2025-08-21 05:32:59,43.3607482910156,-8.40294456481934,"Unknown"
"7014855",371852,2025-08-21 05:38:00,43.3606758117676,-8.40282249450684,"Unknown"
"7014855",371852,2025-08-21 05:42:59,43.3607368469238,-8.40283679962158,"Unknown"
"7014855",371852,2025-08-21 05:48:14,43.3608093261719,-8.40285396575928,"Unknown"
"7014855",371852,2025-08-21 05:53:03,43.3607864379883,-8.4029655456543,"Unknown"
"7014855",371852,2025-08-21 05:57:59,43.360782623291,-8.40285491943359,"Unknown"
"7014855",371852,2025-08-21 06:02:59,43.3607139587402,-8.40273189544678,"Unknown"
"7014855",371852,2025-08-21 06:08:03,43.3607940673828,-8.40290641784668,"Unknown"
"7014855",371852,2025-08-21 06:13:06,43.3608551025391,-8.40262222290039,"Unknown"
"7014855",371852,2025-08-21 06:18:12,43.3610076904297,-8.40283298492432,"Unknown"
"7014855",371852,2025-08-21 06:23:02,43.361011505127,-8.40273189544678,"Unknown"
"7014855",371852,2025-08-21 06:28:06,43.3608741760254,-8.40284156799316,"Unknown"
"7014855",371852,2025-08-21 06:33:04,43.3609962463379,-8.40286731719971,"Unknown"
"7014855",371852,2025-08-21 06:38:08,43.3611526489258,-8.40302085876465,"Unknown"
"7014855",371852,2025-08-21 06:43:01,43.3608703613281,-8.40295696258545,"Unknown"
"7014855",371852,2025-08-21 06:48:35,43.3607139587402,-8.40274810791016,"Unknown"
"7014855",371852,2025-08-21 06:53:04,43.3602409362793,-8.40253067016602,"Unknown"
"7014855",371852,2025-08-21 06:58:00,43.3602561950684,-8.40276145935059,"Unknown"
"7014855",371852,2025-08-21 07:03:02,43.3607330322266,-8.40230464935303,"Unknown"
"7014855",371852,2025-08-21 07:08:00,43.3603591918945,-8.40241432189941,"Unknown"
"7014855",371852,2025-08-21 07:13:04,43.3603286743164,-8.40254211425781,"Unknown"
"7014855",371852,2025-08-21 07:18:09,43.3603363037109,-8.40253448486328,"Unknown"
"7014855",371852,2025-08-21 07:23:01,43.3604049682617,-8.40248489379883,"Unknown"
"7014855",371852,2025-08-21 07:28:05,43.3602485656738,-8.40260219573975,"Unknown"
"7014855",371852,2025-08-21 07:33:01,43.3601112365723,-8.40258312225342,"Unknown"
"7014855",371852,2025-08-21 07:38:01,43.3601455688477,-8.40273952484131,"Unknown"
"7014855",371852,2025-08-21 07:43:03,43.360279083252,-8.40263080596924,"Unknown"
"7014855",371852,2025-08-21 07:48:14,43.3602714538574,-8.4026050567627,"Unknown"
"7014855",371852,2025-08-21 07:53:04,43.3604354858398,-8.40277099609375,"Unknown"
"7014855",371852,2025-08-21 07:58:02,43.3602905273438,-8.40262699127197,"Unknown"
"7014855",371852,2025-08-21 08:03:10,43.3610992431641,-8.40305328369141,"Unknown"
"7014855",371852,2025-08-21 08:08:12,43.3610572814941,-8.40313625335693,"Unknown"
"7014855",371852,2025-08-21 08:13:09,43.3610038757324,-8.40330600738525,"Unknown"
"7014855",371852,2025-08-21 08:17:59,43.3610954284668,-8.403076171875,"Unknown"
"7014855",371852,2025-08-21 08:22:59,43.3609428405762,-8.40299320220947,"Unknown"
"7014855",371852,2025-08-21 08:27:59,43.3609809875488,-8.40300559997559,"Unknown"
"7014855",371852,2025-08-21 08:32:59,43.3610534667969,-8.40279197692871,"Unknown"
"7014855",371852,2025-08-21 08:38:00,43.3610420227051,-8.40305328369141,"Unknown"
"7014855",371852,2025-08-21 08:42:59,43.3611145019531,-8.40309810638428,"Unknown"
"7014855",371852,2025-08-21 08:48:14,43.3607406616211,-8.40285682678223,"Unknown"
"7014855",371852,2025-08-21 08:53:30,43.3606033325195,-8.40276718139648,"Unknown"
"7014855",371852,2025-08-21 08:58:04,43.3586921691895,-8.39829730987549,"Unknown"
"7014855",371852,2025-08-21 09:03:33,43.3591384887695,-8.3983154296875,"Unknown"
"7014855",371852,2025-08-21 09:08:02,43.3593254089355,-8.39855194091797,"Unknown"
"7014855",371852,2025-08-21 09:13:01,43.3592491149902,-8.3986234664917,"Unknown"
"7014855",371852,2025-08-21 09:18:00,43.3593521118164,-8.3985652923584,"Unknown"
"7014855",371852,2025-08-21 09:23:10,43.3591194152832,-8.39993381500244,"Unknown"
"7014855",371852,2025-08-21 09:28:02,43.359016418457,-8.39995002746582,"Unknown"
"7014855",371852,2025-08-21 09:32:59,43.3590354919434,-8.39999961853027,"Unknown"
"7014855",371852,2025-08-21 09:38:01,43.3590393066406,-8.39996910095215,"Unknown"
"7014855",371852,2025-08-21 09:43:00,43.3590774536133,-8.4000072479248,"Unknown"
"7014855",371852,2025-08-21 09:48:06,43.359733581543,-8.39912986755371,"Unknown"
"7014855",371852,2025-08-21 09:53:17,43.3595314025879,-8.39937210083008,"Unknown"
"7014855",371852,2025-08-21 09:58:07,43.3596954345703,-8.39955139160156,"Unknown"
"7014855",371852,2025-08-21 10:03:22,43.3597106933594,-8.39944839477539,"Unknown"
"7014855",371852,2025-08-21 10:08:04,43.3597640991211,-8.40009021759033,"Unknown"
"7014855",371852,2025-08-21 10:13:10,43.3596534729004,-8.39998340606689,"Unknown"
"7014855",371852,2025-08-21 10:18:13,43.3599624633789,-8.40229034423828,"Unknown"
"7014855",371852,2025-08-21 10:23:02,43.359561920166,-8.40082931518555,"Unknown"
"7014855",371852,2025-08-21 10:28:13,43.359676361084,-8.40074920654297,"Unknown"
"7014855",371852,2025-08-21 10:33:45,43.3603553771973,-8.39768600463867,"Unknown"
"7014855",371852,2025-08-21 10:38:00,43.3597831726074,-8.39992237091064,"Unknown"
"7014855",371852,2025-08-21 10:43:04,43.3597297668457,-8.40111064910889,"Unknown"
"7014855",371852,2025-08-21 10:48:44,43.359561920166,-8.40120410919189,"Unknown"
"7014855",371852,2025-08-21 10:53:01,43.3596496582031,-8.39970588684082,"Unknown"
"7014855",371852,2025-08-21 10:58:02,43.3596649169922,-8.4019250869751,"Unknown"
"7014855",371852,2025-08-21 11:02:59,43.3596420288086,-8.40116024017334,"Unknown"
"7014855",371852,2025-08-21 11:08:03,43.359561920166,-8.40156841278076,"Unknown"
"7014855",371852,2025-08-21 11:13:08,43.3596496582031,-8.40076065063477,"Unknown"
"7014855",371852,2025-08-21 11:18:02,43.3597793579102,-8.39737606048584,"Unknown"
"7014855",371852,2025-08-21 11:23:14,43.3591728210449,-8.39817142486572,"Unknown"
"7014855",371852,2025-08-21 11:28:01,43.3590545654297,-8.39829254150391,"Unknown"
"7014855",371852,2025-08-21 11:33:04,43.3590087890625,-8.39877700805664,"Unknown"
"7014855",371852,2025-08-21 11:38:11,43.3591194152832,-8.39833641052246,"Unknown"
"7014855",371852,2025-08-21 11:43:03,43.3590354919434,-8.39804649353027,"Unknown"
"7014855",371852,2025-08-21 11:48:12,43.3590469360352,-8.39846897125244,"Unknown"
"7014855",371852,2025-08-21 11:53:02,43.359317779541,-8.39839458465576,"Unknown"
"7014855",371852,2025-08-21 11:57:59,43.3589630126953,-8.39845085144043,"Unknown"
"7014855",371852,2025-08-21 12:02:59,43.3589248657227,-8.39850521087646,"Unknown"
"7014855",371852,2025-08-21 12:08:01,43.3590126037598,-8.39849948883057,"Unknown"
"7014855",371852,2025-08-21 12:13:02,43.3589935302734,-8.39841842651367,"Unknown"
"7014855",371852,2025-08-21 12:18:06,43.3593559265137,-8.39842224121094,"Unknown"
"7014855",371852,2025-08-21 12:24:05,43.359188079834,-8.39852237701416,"Unknown"
"7014855",371852,2025-08-21 12:27:59,43.3592224121094,-8.39843082427979,"Unknown"
"7014855",371852,2025-08-21 12:32:59,43.359188079834,-8.39850425720215,"Unknown"
"7014855",371852,2025-08-21 12:38:16,43.3592071533203,-8.39850902557373,"Unknown"
"7014855",371852,2025-08-21 12:43:14,43.3591804504395,-8.39842700958252,"Unknown"
"7014855",371852,2025-08-21 12:47:59,43.3589134216309,-8.39870262145996,"Unknown"
"7014855",371852,2025-08-21 12:52:59,43.3590774536133,-8.39872932434082,"Unknown"
"7014855",371852,2025-08-21 12:58:09,43.3585357666016,-8.40320682525635,"Unknown"
"7014855",371852,2025-08-21 13:03:11,43.3592872619629,-8.40303611755371,"Unknown"
"7014855",371852,2025-08-21 13:08:02,43.3594131469727,-8.40282917022705,"Unknown"
"7014855",371852,2025-08-21 13:14:23,43.360279083252,-8.40248012542725,"Unknown"
"7014855",371852,2025-08-21 13:18:59,43.3602905273438,-8.40243148803711,"Unknown"
"7014855",371852,2025-08-21 13:23:00,43.3624267578125,-8.40062522888184,"Unknown"
"7014855",371852,2025-08-21 13:28:01,43.3629493713379,-8.40073299407959,"Unknown"
"7014855",371852,2025-08-21 13:33:00,43.3628540039062,-8.4014310836792,"Unknown"
"7014855",371852,2025-08-21 13:38:08,43.359935760498,-8.39746856689453,"Unknown"
"7014855",371852,2025-08-21 13:42:59,43.359203338623,-8.39985466003418,"Unknown"
"7014855",371852,2025-08-21 13:48:34,43.3591232299805,-8.39976024627686,"Unknown"
"7014855",371852,2025-08-21 13:52:59,43.3591499328613,-8.39989471435547,"Unknown"
"7014855",371852,2025-08-21 13:58:08,43.3591499328613,-8.39992332458496,"Unknown"
"7014855",371852,2025-08-21 14:03:02,43.3590888977051,-8.39990329742432,"Unknown"
"7014855",371852,2025-08-21 14:07:59,43.3590965270996,-8.39986515045166,"Unknown"
"7014855",371852,2025-08-21 14:13:01,43.3591156005859,-8.39989471435547,"Unknown"
"7014855",371852,2025-08-21 14:18:00,43.3591537475586,-8.39998531341553,"Unknown"
"7014855",371852,2025-08-21 14:23:00,43.3591613769531,-8.39992618560791,"Unknown"
"7014855",371852,2025-08-21 14:28:00,43.3591117858887,-8.39987754821777,"Unknown"
"7014855",371852,2025-08-21 14:32:59,43.359130859375,-8.39997005462646,"Unknown"
"7014855",371852,2025-08-21 14:38:01,43.3590621948242,-8.39978981018066,"Unknown"
"7014855",371852,2025-08-21 14:43:03,43.3591842651367,-8.39995384216309,"Unknown"
"7014855",371852,2025-08-21 14:48:02,43.3591613769531,-8.40009784698486,"Unknown"
"7014855",371852,2025-08-21 14:53:00,43.3590888977051,-8.39993190765381,"Unknown"
"7014855",371852,2025-08-21 14:58:00,43.359130859375,-8.40002918243408,"Unknown"
"7014855",371852,2025-08-21 15:03:03,43.3591461181641,-8.40012264251709,"Unknown"
"7014855",371852,2025-08-21 15:08:13,43.3591766357422,-8.39993095397949,"Unknown"
"7014855",371852,2025-08-21 15:12:59,43.3591651916504,-8.40009593963623,"Unknown"
"7014855",371852,2025-08-21 15:18:06,43.3590965270996,-8.4000072479248,"Unknown"
"7014855",371852,2025-08-21 15:23:03,43.3591079711914,-8.39992046356201,"Unknown"
"7014855",371852,2025-08-21 15:28:02,43.3591461181641,-8.40009593963623,"Unknown"
"7014855",371852,2025-08-21 15:33:02,43.3589897155762,-8.3997745513916,"Unknown"
"7014855",371852,2025-08-21 15:38:01,43.3589553833008,-8.39993381500244,"Unknown"
"7014855",371852,2025-08-21 15:43:10,43.3590240478516,-8.39992904663086,"Unknown"
"7014855",371852,2025-08-21 15:48:00,43.3591079711914,-8.40023803710938,"Unknown"
"7014855",371852,2025-08-21 15:53:02,43.3589897155762,-8.40012073516846,"Unknown"
"7014855",371852,2025-08-21 15:58:04,43.3590698242188,-8.4000186920166,"Unknown"
"7014855",371852,2025-08-21 16:03:03,43.3590660095215,-8.40010643005371,"Unknown"
"7014855",371852,2025-08-21 16:07:59,43.3589859008789,-8.39999485015869,"Unknown"
"7014855",371852,2025-08-21 16:13:03,43.3589477539062,-8.40000915527344,"Unknown"
"7014855",371852,2025-08-21 16:18:03,43.3590431213379,-8.40011310577393,"Unknown"
"7014855",371852,2025-08-21 16:23:07,43.3589820861816,-8.39995861053467,"Unknown"
"7014855",371852,2025-08-21 16:28:00,43.3590278625488,-8.39999580383301,"Unknown"
"7014855",371852,2025-08-21 16:33:35,43.3590698242188,-8.39997673034668,"Unknown"
"7014855",371852,2025-08-21 16:37:59,43.3590545654297,-8.40002727508545,"Unknown"
"7014855",371852,2025-08-21 16:42:59,43.3591194152832,-8.39992809295654,"Unknown"
"7014855",371852,2025-08-21 16:47:59,43.3591194152832,-8.39991855621338,"Unknown"
"7014855",371852,2025-08-21 16:53:00,43.3591232299805,-8.39997291564941,"Unknown"
"7014855",371852,2025-08-21 16:57:59,43.3591499328613,-8.39999198913574,"Unknown"
"7014855",371852,2025-08-21 17:02:59,43.3591957092285,-8.40007400512695,"Unknown"
"7014855",371852,2025-08-21 17:08:01,43.358943939209,-8.39992427825928,"Unknown"
"7014855",371852,2025-08-21 17:13:00,43.3591346740723,-8.39999961853027,"Unknown"
"7014855",371852,2025-08-21 17:18:01,43.3486251831055,-8.40734577178955,"Unknown"
"7014855",371852,2025-08-21 17:23:00,43.3445701599121,-8.41371917724609,"Unknown"
"7014855",371852,2025-08-21 17:28:01,43.3481674194336,-8.40738964080811,"Unknown"
"7014855",371852,2025-08-21 17:33:02,43.3527984619141,-8.4056978225708,"Unknown"
"7014855",371852,2025-08-21 17:38:03,43.359058380127,-8.39906787872314,"Unknown"
"7014855",371852,2025-08-21 17:43:00,43.3590507507324,-8.39902591705322,"Unknown"
"7014855",371852,2025-08-21 17:47:59,43.3591003417969,-8.39906406402588,"Unknown"
"7014855",371852,2025-08-21 17:53:03,43.3590354919434,-8.39897632598877,"Unknown"
"7014855",371852,2025-08-21 17:58:01,43.3590965270996,-8.39904117584229,"Unknown"
"7014855",371852,2025-08-21 18:03:02,43.3590812683105,-8.39914989471436,"Unknown"
"7014855",371852,2025-08-21 18:08:01,43.3591651916504,-8.39927577972412,"Unknown"
"7014855",371852,2025-08-21 18:13:00,43.3642272949219,-8.40157890319824,"Unknown"
"7014855",371852,2025-08-21 18:18:01,43.3659858703613,-8.40180397033691,"Unknown"
"7014855",371852,2025-08-21 18:23:01,43.3660278320312,-8.40194988250732,"Unknown"
"7014855",371852,2025-08-21 18:28:01,43.3659362792969,-8.40185546875,"Unknown"
"7014855",371852,2025-08-21 18:33:01,43.3632926940918,-8.39546966552734,"Unknown"
"7014855",371852,2025-08-21 18:38:02,43.3627662658691,-8.40383052825928,"Unknown"
"7014855",371852,2025-08-21 18:43:08,43.3627471923828,-8.40398788452148,"Unknown"
"7014855",371852,2025-08-21 18:48:03,43.3627700805664,-8.40373420715332,"Unknown"
"7014855",371852,2025-08-21 18:53:02,43.3628463745117,-8.40377616882324,"Unknown"
"7014855",371852,2025-08-21 18:58:01,43.3641891479492,-8.39591026306152,"Unknown"
"7014855",371852,2025-08-21 19:03:12,43.3658142089844,-8.40224552154541,"Unknown"
"7014855",371852,2025-08-21 19:08:09,43.365837097168,-8.40207386016846,"Unknown"
"7014855",371852,2025-08-21 19:13:13,43.3633918762207,-8.4023380279541,"Unknown"
"7014855",371852,2025-08-21 19:18:09,43.3625602722168,-8.40390110015869,"Unknown"
"7014855",371852,2025-08-21 19:23:09,43.3625450134277,-8.40389156341553,"Unknown"
"7014855",371852,2025-08-21 19:28:09,43.3625373840332,-8.40386199951172,"Unknown"
"7014855",371852,2025-08-21 19:33:09,43.3625755310059,-8.40387535095215,"Unknown"
"7014855",371852,2025-08-21 19:38:08,43.3625068664551,-8.40371704101562,"Unknown"
"7014855",371852,2025-08-21 19:43:12,43.3625869750977,-8.40372371673584,"Unknown"
"7014855",371852,2025-08-21 19:48:09,43.3627014160156,-8.40376567840576,"Unknown"
"7014855",371852,2025-08-21 19:53:35,43.362621307373,-8.40361881256104,"Unknown"
"7014855",371852,2025-08-21 19:57:59,43.3625640869141,-8.40346717834473,"Unknown"
"7014855",371852,2025-08-21 20:03:00,43.3625602722168,-8.4036169052124,"Unknown"
"7014855",371852,2025-08-21 20:08:00,43.3625907897949,-8.40346240997314,"Unknown"
"7014855",371852,2025-08-21 20:12:59,43.3625526428223,-8.403489112854,"Unknown"
"7014855",371852,2025-08-21 20:18:01,43.3626480102539,-8.40348148345947,"Unknown"
"7014855",371852,2025-08-21 20:23:01,43.3626098632812,-8.40355491638184,"Unknown"
"7014855",371852,2025-08-21 20:28:00,43.362621307373,-8.40351486206055,"Unknown"
"7014855",371852,2025-08-21 20:33:05,43.3627319335938,-8.40364456176758,"Unknown"
"7014855",371852,2025-08-21 20:38:13,43.3631973266602,-8.40320491790771,"Unknown"
"7014855",371852,2025-08-21 20:43:02,43.3626174926758,-8.40353488922119,"Unknown"
"7014855",371852,2025-08-21 20:48:14,43.3618659973145,-8.40302467346191,"Unknown"
"7014855",371852,2025-08-21 20:53:15,43.3621253967285,-8.40329265594482,"Unknown"
"7014855",371852,2025-08-21 20:58:02,43.3619956970215,-8.40296649932861,"Unknown"
"7014855",371852,2025-08-21 21:03:03,43.362491607666,-8.40348243713379,"Unknown"
"7014855",371852,2025-08-21 21:08:02,43.3621864318848,-8.40356063842773,"Unknown"
"7014855",371852,2025-08-21 21:13:05,43.3622398376465,-8.4038143157959,"Unknown"
"7014855",371852,2025-08-21 21:18:12,43.3627510070801,-8.40373611450195,"Unknown"
"7014855",371852,2025-08-21 21:23:03,43.3626594543457,-8.40374565124512,"Unknown"
"7014855",371852,2025-08-21 21:28:00,43.3625755310059,-8.40369033813477,"Unknown"
"7014855",371852,2025-08-21 21:32:59,43.3625793457031,-8.40371513366699,"Unknown"
"7014855",371852,2025-08-21 21:38:02,43.3625907897949,-8.40373039245605,"Unknown"
"7014855",371852,2025-08-21 21:43:00,43.3626136779785,-8.40352058410645,"Unknown"
"7014855",371852,2025-08-21 21:48:14,43.362678527832,-8.40371417999268,"Unknown"
"7014855",371852,2025-08-21 21:53:03,43.3628997802734,-8.40387725830078,"Unknown"
"7014855",371852,2025-08-21 21:58:05,43.3627777099609,-8.40371608734131,"Unknown"
"7014855",371852,2025-08-21 22:03:14,43.3627052307129,-8.40363693237305,"Unknown"
"7014855",371852,2025-08-21 22:08:05,43.3626861572266,-8.40356349945068,"Unknown"
"7014855",371852,2025-08-21 22:13:03,43.3626594543457,-8.40366554260254,"Unknown"
"7014855",371852,2025-08-21 22:18:08,43.3627395629883,-8.40362453460693,"Unknown"
"7014855",371852,2025-08-21 22:23:05,43.362190246582,-8.40381813049316,"Unknown"
"7014855",371852,2025-08-21 22:28:09,43.3620643615723,-8.40414333343506,"Unknown"
"7014855",371852,2025-08-21 22:33:08,43.3621635437012,-8.40382480621338,"Unknown"
"7014855",371852,2025-08-21 22:38:06,43.3621292114258,-8.40399646759033,"Unknown"
"7014855",371852,2025-08-21 22:43:00,43.3621292114258,-8.40399074554443,"Unknown"
"7014855",371852,2025-08-21 22:48:35,43.362190246582,-8.40382671356201,"Unknown"
"7014855",371852,2025-08-21 22:53:00,43.3622932434082,-8.40380477905273,"Unknown"
"7014855",371852,2025-08-21 22:58:02,43.3620986938477,-8.40372085571289,"Unknown"
"7014855",371852,2025-08-21 23:03:00,43.3619499206543,-8.4035758972168,"Unknown"
"7014855",371852,2025-08-21 23:08:02,43.3620452880859,-8.40359973907471,"Unknown"
"7014855",371852,2025-08-21 23:13:12,43.3622512817383,-8.40404510498047,"Unknown"
"7014855",371852,2025-08-21 23:18:00,43.3619117736816,-8.40438270568848,"Unknown"
"7014855",371852,2025-08-21 23:23:00,43.3621292114258,-8.40390872955322,"Unknown"
"7014855",371852,2025-08-21 23:27:59,43.3621406555176,-8.40403270721436,"Unknown"
"7014855",371852,2025-08-21 23:33:07,43.3621368408203,-8.40400981903076,"Unknown"
"7014855",371852,2025-08-21 23:38:00,43.3621711730957,-8.40387344360352,"Unknown"
"7014855",371852,2025-08-21 23:42:59,43.3622131347656,-8.40380382537842,"Unknown"
"7014855",371852,2025-08-21 23:48:08,43.3621406555176,-8.40367698669434,"Unknown"
"7014855",371852,2025-08-21 23:53:08,43.3621826171875,-8.40368270874023,"Unknown"
"7014855",371852,2025-08-21 23:58:08,43.3621711730957,-8.4037618637085,"Unknown"
"7014855",371852,2025-08-22 00:03:08,43.3623085021973,-8.40380573272705,"Unknown"
"7014855",371852,2025-08-22 00:08:06,43.3620796203613,-8.40386486053467,"Unknown"
"7014855",371852,2025-08-22 00:13:14,43.3622093200684,-8.40378379821777,"Unknown"
"7014855",371852,2025-08-22 00:18:02,43.363109588623,-8.40210914611816,"Unknown"
"7014855",371852,2025-08-22 00:23:08,43.3620223999023,-8.40383720397949,"Unknown"
"7014855",371852,2025-08-22 00:28:07,43.3620338439941,-8.40383815765381,"Unknown"
"7014855",371852,2025-08-22 00:33:08,43.3620796203613,-8.40367794036865,"Unknown"
"7014855",371852,2025-08-22 00:38:00,43.3622283935547,-8.40354061126709,"Unknown"
"7014855",371852,2025-08-22 00:43:03,43.3621444702148,-8.40361499786377,"Unknown"
"7014855",371852,2025-08-22 00:48:14,43.3621788024902,-8.40363883972168,"Unknown"
"7014855",371852,2025-08-22 00:53:01,43.3621101379395,-8.40375423431396,"Unknown"
"7014855",371852,2025-08-22 00:58:00,43.3623275756836,-8.4033088684082,"Unknown"
"7014855",371852,2025-08-22 01:03:05,43.3622283935547,-8.4037504196167,"Unknown"
"7014855",371852,2025-08-22 01:08:03,43.3623046875,-8.40358352661133,"Unknown"
"7014855",371852,2025-08-22 01:13:05,43.3623352050781,-8.40366840362549,"Unknown"
"7014855",371852,2025-08-22 01:18:12,43.3622283935547,-8.40367412567139,"Unknown"
"7014855",371852,2025-08-22 01:23:09,43.3622055053711,-8.40365791320801,"Unknown"
"7014855",371852,2025-08-22 01:28:01,43.3619613647461,-8.40384292602539,"Unknown"
"7014855",371852,2025-08-22 01:33:01,43.3622817993164,-8.40359210968018,"Unknown"
"7014855",371852,2025-08-22 01:38:01,43.3619995117188,-8.40381145477295,"Unknown"
"7014855",371852,2025-08-22 01:43:03,43.3621673583984,-8.40364456176758,"Unknown"
"7014855",371852,2025-08-22 01:48:08,43.3622817993164,-8.40361499786377,"Unknown"
"7014855",371852,2025-08-22 01:53:08,43.3622741699219,-8.40358257293701,"Unknown"
"7014855",371852,2025-08-22 01:58:08,43.3621788024902,-8.40358734130859,"Unknown"
"7014855",371852,2025-08-22 02:03:11,43.3621520996094,-8.40371417999268,"Unknown"
"7014855",371852,2025-08-22 02:08:17,43.3616027832031,-8.40408897399902,"Unknown"
"7014855",371852,2025-08-22 02:13:35,43.3622894287109,-8.40387916564941,"Unknown"
"7014855",371852,2025-08-22 02:18:00,43.3621826171875,-8.40355777740479,"Unknown"
"7014855",371852,2025-08-22 02:23:00,43.3622055053711,-8.4035530090332,"Unknown"
"7014855",371852,2025-08-22 02:28:01,43.3623161315918,-8.40372180938721,"Unknown"
"7014855",371852,2025-08-22 02:33:00,43.3625679016113,-8.40401744842529,"Unknown"
"7014855",371852,2025-08-22 02:38:03,43.3625030517578,-8.40387916564941,"Unknown"
"7014855",371852,2025-08-22 02:43:01,43.3623008728027,-8.40328788757324,"Unknown"
"7014855",371852,2025-08-22 02:48:01,43.3623313903809,-8.40340995788574,"Unknown"
"7014855",371852,2025-08-22 02:53:01,43.3624496459961,-8.40376472473145,"Unknown"
"7014855",371852,2025-08-22 02:58:00,43.3624496459961,-8.40367603302002,"Unknown"
"7014855",371852,2025-08-22 03:03:01,43.3624114990234,-8.40370559692383,"Unknown"
"7014855",371852,2025-08-22 03:08:02,43.3624534606934,-8.40369033813477,"Unknown"
"7014855",371852,2025-08-22 03:13:00,43.3624229431152,-8.40370082855225,"Unknown"
"7014855",371852,2025-08-22 03:18:00,43.3624038696289,-8.40364074707031,"Unknown"
"7014855",371852,2025-08-22 03:23:03,43.3623809814453,-8.40373706817627,"Unknown"
"7014855",371852,2025-08-22 03:28:05,43.3625259399414,-8.403564453125,"Unknown"
"7014855",371852,2025-08-22 03:33:01,43.3623237609863,-8.40377426147461,"Unknown"
"7014855",371852,2025-08-22 03:38:01,43.3623542785645,-8.40381240844727,"Unknown"
"7014855",371852,2025-08-22 03:43:02,43.3624267578125,-8.40371990203857,"Unknown"
"7014855",371852,2025-08-22 03:48:02,43.3625106811523,-8.40352821350098,"Unknown"
"7014855",371852,2025-08-22 03:53:05,43.3624114990234,-8.40372371673584,"Unknown"
"7014855",371852,2025-08-22 03:58:01,43.3624572753906,-8.40365505218506,"Unknown"
"7014855",371852,2025-08-22 04:03:02,43.3623809814453,-8.4037389755249,"Unknown"
"7014855",371852,2025-08-22 04:08:01,43.3623924255371,-8.40373802185059,"Unknown"
"7014855",371852,2025-08-22 04:13:05,43.3623962402344,-8.40366172790527,"Unknown"
"7014855",371852,2025-08-22 04:18:05,43.3623733520508,-8.40371894836426,"Unknown"
"7014855",371852,2025-08-22 04:23:01,43.3623809814453,-8.40366363525391,"Unknown"
"7014855",371852,2025-08-22 04:28:01,43.3624000549316,-8.40369033813477,"Unknown"
"7014855",371852,2025-08-22 04:33:00,43.3624267578125,-8.40370655059814,"Unknown"
"7014855",371852,2025-08-22 04:38:00,43.3624610900879,-8.40361309051514,"Unknown"
"7014855",371852,2025-08-22 04:43:02,43.3623886108398,-8.40375328063965,"Unknown"
"7014855",371852,2025-08-22 04:48:01,43.3624229431152,-8.40369033813477,"Unknown"
"7014855",371852,2025-08-22 04:53:03,43.3623809814453,-8.40370559692383,"Unknown"
"7014855",371852,2025-08-22 04:58:01,43.3623428344727,-8.40369415283203,"Unknown"
"7014855",371852,2025-08-22 05:03:01,43.3623847961426,-8.40372753143311,"Unknown"
"7014855",371852,2025-08-22 05:08:02,43.3623695373535,-8.40374374389648,"Unknown"
"7014855",371852,2025-08-22 05:13:00,43.3623924255371,-8.40377616882324,"Unknown"
"7014855",371852,2025-08-22 05:18:08,43.3623504638672,-8.40373134613037,"Unknown"
"7014855",371852,2025-08-22 05:23:07,43.3619346618652,-8.40329265594482,"Unknown"
"7014855",371852,2025-08-22 05:28:06,43.3595924377441,-8.3996057510376,"Unknown"
"7014855",371852,2025-08-22 05:33:03,43.3597106933594,-8.39752960205078,"Unknown"
"7014855",371852,2025-08-22 05:38:00,43.3595123291016,-8.39963531494141,"Unknown"
"7014855",371852,2025-08-22 05:43:03,43.3594818115234,-8.39841079711914,"Unknown"
"7014855",371852,2025-08-22 05:48:05,43.3595352172852,-8.39931678771973,"Unknown"
"7014855",371852,2025-08-22 05:53:03,43.3595237731934,-8.39946174621582,"Unknown"
"7014855",371852,2025-08-22 05:58:00,43.3595008850098,-8.39941120147705,"Unknown"
"7014855",371852,2025-08-22 06:03:08,43.3594970703125,-8.39950370788574,"Unknown"
"7014855",371852,2025-08-22 06:08:42,43.3607978820801,-8.40274143218994,"Unknown"
"7014855",371852,2025-08-22 06:13:08,43.3604049682617,-8.40280818939209,"Unknown"
"7014855",371852,2025-08-22 06:18:20,43.3598709106445,-8.40226554870605,"Unknown"
"7014855",371852,2025-08-22 06:23:05,43.3603668212891,-8.40245819091797,"Unknown"
"7014855",371852,2025-08-22 06:28:08,43.3603439331055,-8.40293025970459,"Unknown"
"7014855",371852,2025-08-22 06:33:06,43.3603401184082,-8.40299415588379,"Unknown"
"7014855",371852,2025-08-22 06:38:11,43.3604774475098,-8.40300750732422,"Unknown"
"7014855",371852,2025-08-22 06:43:08,43.3604774475098,-8.40310382843018,"Unknown"
"7014855",371852,2025-08-22 06:48:02,43.3600158691406,-8.40210151672363,"Unknown"
"7014855",371852,2025-08-22 06:53:02,43.3611946105957,-8.40331649780273,"Unknown"
"7014855",371852,2025-08-22 06:58:02,43.3610343933105,-8.40320014953613,"Unknown"
"7014855",371852,2025-08-22 07:03:04,43.3612670898438,-8.40314102172852,"Unknown"
"7014855",371852,2025-08-22 07:08:04,43.3611068725586,-8.40318775177002,"Unknown"
"7014855",371852,2025-08-22 07:13:05,43.3612098693848,-8.40311622619629,"Unknown"
"7014855",371852,2025-08-22 07:18:02,43.3613815307617,-8.40287303924561,"Unknown"
"7014855",371852,2025-08-22 07:23:03,43.3614234924316,-8.40289783477783,"Unknown"
"7014855",371852,2025-08-22 07:28:06,43.3618812561035,-8.40299606323242,"Unknown"
"7014855",371852,2025-08-22 07:33:35,43.360897064209,-8.40314960479736,"Unknown"
"7014855",371852,2025-08-22 07:38:01,43.3617477416992,-8.40346717834473,"Unknown"
"7014855",371852,2025-08-22 07:43:03,43.3617172241211,-8.40350246429443,"Unknown"
"7014855",371852,2025-08-22 07:47:59,43.3614959716797,-8.40353679656982,"Unknown"
"7014855",371852,2025-08-22 07:53:01,43.3615608215332,-8.40343856811523,"Unknown"
"7014855",371852,2025-08-22 07:58:00,43.3616905212402,-8.40355014801025,"Unknown"
"7014855",371852,2025-08-22 08:03:00,43.3620300292969,-8.40369987487793,"Unknown"
"7014855",371852,2025-08-22 08:08:00,43.361930847168,-8.40370273590088,"Unknown"
"7014855",371852,2025-08-22 08:13:00,43.3620147705078,-8.40370655059814,"Unknown"
"7014855",371852,2025-08-22 08:18:02,43.3619728088379,-8.40370750427246,"Unknown"
"7014855",371852,2025-08-22 08:23:03,43.3600654602051,-8.40337562561035,"Unknown"
"7014855",371852,2025-08-22 08:28:01,43.3618240356445,-8.403564453125,"Unknown"
"7014855",371852,2025-08-22 08:33:02,43.3597030639648,-8.40053558349609,"Unknown"
"7014855",371852,2025-08-22 08:38:01,43.3594284057617,-8.400315284729,"Unknown"
"7014855",371852,2025-08-22 08:43:02,43.359546661377,-8.39748954772949,"Unknown"
"7014855",371852,2025-08-22 08:48:02,43.3596801757812,-8.39744567871094,"Unknown"
"7014855",371852,2025-08-22 08:53:01,43.3595275878906,-8.40137100219727,"Unknown"
"7014855",371852,2025-08-22 08:58:01,43.3595581054688,-8.39989376068115,"Unknown"
"7014855",371852,2025-08-22 09:03:05,43.3562698364258,-8.3998441696167,"Unknown"
"7014855",371852,2025-08-22 09:08:03,43.3592681884766,-8.39904880523682,"Unknown"
"7014855",371852,2025-08-22 09:13:01,43.3598518371582,-8.40269660949707,"Unknown"
"7014855",371852,2025-08-22 09:18:02,43.3596801757812,-8.4012975692749,"Unknown"
"7014855",371852,2025-08-22 09:23:02,43.3596611022949,-8.39758205413818,"Unknown"
"7014855",371852,2025-08-22 09:28:01,43.3596534729004,-8.40076065063477,"Unknown"
"7014855",371852,2025-08-22 09:33:01,43.3596649169922,-8.40097713470459,"Unknown"
"7014855",371852,2025-08-22 09:38:05,43.3588523864746,-8.39962577819824,"Unknown"
"7014855",371852,2025-08-22 09:43:01,43.3597259521484,-8.3996524810791,"Unknown"
"7014855",371852,2025-08-22 09:48:02,43.3596649169922,-8.39947128295898,"Unknown"
"7014855",371852,2025-08-22 09:53:01,43.3596458435059,-8.40016269683838,"Unknown"
"7014855",371852,2025-08-22 09:58:01,43.3590126037598,-8.39999103546143,"Unknown"
"7014855",371852,2025-08-22 10:03:01,43.3593978881836,-8.39980316162109,"Unknown"
"7014855",371852,2025-08-22 10:08:01,43.3596153259277,-8.40004062652588,"Unknown"
"7014855",371852,2025-08-22 10:13:01,43.359733581543,-8.40002822875977,"Unknown"
"7014855",371852,2025-08-22 10:18:02,43.3596878051758,-8.39991283416748,"Unknown"
"7014855",371852,2025-08-22 10:23:02,43.3597259521484,-8.39991569519043,"Unknown"
"7014855",371852,2025-08-22 10:28:02,43.3596153259277,-8.39993953704834,"Unknown"
"7014855",371852,2025-08-22 10:33:01,43.3597259521484,-8.4000415802002,"Unknown"
"7014855",371852,2025-08-22 10:38:01,43.3596992492676,-8.40026092529297,"Unknown"
"7014855",371852,2025-08-22 10:43:01,43.3597717285156,-8.40079975128174,"Unknown"
"7014855",371852,2025-08-22 10:48:01,43.3596572875977,-8.40198135375977,"Unknown"
"7014855",371852,2025-08-22 10:53:01,43.3596725463867,-8.40098762512207,"Unknown"
"7014855",371852,2025-08-22 10:58:02,43.3592414855957,-8.39989376068115,"Unknown"
"7014855",371852,2025-08-22 11:03:11,43.359920501709,-8.40118217468262,"Unknown"
"7014855",371852,2025-08-22 11:08:09,43.3596343994141,-8.40050506591797,"Unknown"
"7014855",371852,2025-08-22 11:13:06,43.3597145080566,-8.4004430770874,"Unknown"
"7014855",371852,2025-08-22 11:18:04,43.3596229553223,-8.40027236938477,"Unknown"
"7014855",371852,2025-08-22 11:23:09,43.3596038818359,-8.40042018890381,"Unknown"
"7014855",371852,2025-08-22 11:28:04,43.3597259521484,-8.40047454833984,"Unknown"
"7014855",371852,2025-08-22 11:33:04,43.3595504760742,-8.40083694458008,"Unknown"
"7014855",371852,2025-08-22 11:38:03,43.3596878051758,-8.40056419372559,"Unknown"
"7014855",371852,2025-08-22 11:43:06,43.3595809936523,-8.40043926239014,"Unknown"
"7014855",371852,2025-08-22 11:48:04,43.3595886230469,-8.40083599090576,"Unknown"
"7014855",371852,2025-08-22 11:53:06,43.3596954345703,-8.40050983428955,"Unknown"
"7014855",371852,2025-08-22 11:58:06,43.3597717285156,-8.40044689178467,"Unknown"
"7014855",371852,2025-08-22 12:03:08,43.3597106933594,-8.40042877197266,"Unknown"
"7014855",371852,2025-08-22 12:08:03,43.3598480224609,-8.40060043334961,"Unknown"
"7014855",371852,2025-08-22 12:13:04,43.3598785400391,-8.40034770965576,"Unknown"
"7014855",371852,2025-08-22 12:18:06,43.3598518371582,-8.40028953552246,"Unknown"
"7014855",371852,2025-08-22 12:23:09,43.3598594665527,-8.40036487579346,"Unknown"
"7014855",371852,2025-08-22 12:28:09,43.3598518371582,-8.40059757232666,"Unknown"
"7014855",371852,2025-08-22 12:33:03,43.3603210449219,-8.39985179901123,"Unknown"
"7014855",371852,2025-08-22 12:38:03,43.3593521118164,-8.40095233917236,"Unknown"
"7014855",371852,2025-08-22 12:43:06,43.3600006103516,-8.40030670166016,"Unknown"
"7014855",371852,2025-08-22 12:48:03,43.3597450256348,-8.40069198608398,"Unknown"
"7014855",371852,2025-08-22 12:53:02,43.3596878051758,-8.40072631835938,"Unknown"
"7014855",371852,2025-08-22 12:58:02,43.3593406677246,-8.39909648895264,"Unknown"
"7014855",371852,2025-08-22 13:03:02,43.3598175048828,-8.39786338806152,"Unknown"
"7014855",371852,2025-08-22 13:08:01,43.3630485534668,-8.40345287322998,"Unknown"
"7014855",371852,2025-08-22 13:13:03,43.3637962341309,-8.40309619903564,"Unknown"
"7014855",371852,2025-08-22 13:18:02,43.363842010498,-8.40326309204102,"Unknown"
"7014855",371852,2025-08-22 13:23:06,43.3638954162598,-8.40321063995361,"Unknown"
"7014855",371852,2025-08-22 13:28:03,43.3639068603516,-8.40337371826172,"Unknown"
"7014855",371852,2025-08-22 13:33:03,43.363842010498,-8.40332508087158,"Unknown"
"7014855",371852,2025-08-22 13:38:03,43.3639526367188,-8.40331363677979,"Unknown"
"7014855",371852,2025-08-22 13:43:03,43.3638496398926,-8.40335083007812,"Unknown"
"7014855",371852,2025-08-22 13:48:04,43.3638954162598,-8.40344142913818,"Unknown"
"7014855",371852,2025-08-22 13:53:04,43.3638191223145,-8.403395652771,"Unknown"
"7014855",371852,2025-08-22 13:58:06,43.3638572692871,-8.4033784866333,"Unknown"
"7014855",371852,2025-08-22 14:03:06,43.3644256591797,-8.40381622314453,"Unknown"
"7014855",371852,2025-08-22 14:08:06,43.3643074035645,-8.40367889404297,"Unknown"
"7014855",371852,2025-08-22 14:13:06,43.3642539978027,-8.40358734130859,"Unknown"
"7014855",371852,2025-08-22 14:18:04,43.3641586303711,-8.4035120010376,"Unknown"
"7014855",371852,2025-08-22 14:23:05,43.363468170166,-8.4044713973999,"Unknown"
"7014855",371852,2025-08-22 14:28:06,43.3640899658203,-8.40336894989014,"Unknown"
"7014855",371852,2025-08-22 14:33:06,43.3639984130859,-8.40339851379395,"Unknown"
"7014855",371852,2025-08-22 14:38:01,43.3637962341309,-8.40367412567139,"Unknown"
"7014855",371852,2025-08-22 14:43:06,43.3641738891602,-8.40359020233154,"Unknown"
"7014855",371852,2025-08-22 14:48:04,43.3641738891602,-8.40358924865723,"Unknown"
"7014855",371852,2025-08-22 14:53:08,43.3642272949219,-8.40362930297852,"Unknown"
"7014855",371852,2025-08-22 14:58:01,43.3641166687012,-8.4035472869873,"Unknown"
"7014855",371852,2025-08-22 15:03:02,43.3641166687012,-8.40359306335449,"Unknown"
"7014855",371852,2025-08-22 15:08:02,43.364185333252,-8.40356063842773,"Unknown"
"7014855",371852,2025-08-22 15:13:02,43.3637924194336,-8.4036340713501,"Unknown"
"7014855",371852,2025-08-22 15:18:01,43.3667221069336,-8.39852237701416,"Unknown"
"7014855",371852,2025-08-22 15:23:02,43.3674163818359,-8.39801597595215,"Unknown"
"7014855",371852,2025-08-22 15:28:02,43.3674659729004,-8.39805030822754,"Unknown"
"7014855",371852,2025-08-22 15:33:02,43.3674774169922,-8.39804649353027,"Unknown"
"7014855",371852,2025-08-22 15:38:02,43.3674659729004,-8.39804840087891,"Unknown"
"7014855",371852,2025-08-22 15:43:01,43.3662643432617,-8.39863300323486,"Unknown"
"7014855",371852,2025-08-22 15:48:02,43.3675765991211,-8.39765548706055,"Unknown"
"7014855",371852,2025-08-22 15:53:01,43.3673133850098,-8.39733123779297,"Unknown"
"7014855",371852,2025-08-22 15:58:06,43.3674087524414,-8.39786338806152,"Unknown"
"7014855",371852,2025-08-22 16:03:06,43.3674278259277,-8.39789867401123,"Unknown"
"7014855",371852,2025-08-22 16:08:07,43.3674774169922,-8.39798355102539,"Unknown"
"7014855",371852,2025-08-22 16:13:07,43.367504119873,-8.39803504943848,"Unknown"
"7014855",371852,2025-08-22 16:18:06,43.3674659729004,-8.3980598449707,"Unknown"
"7014855",371852,2025-08-22 16:23:02,43.367317199707,-8.39781093597412,"Unknown"
"7014855",371852,2025-08-22 16:28:03,43.3673477172852,-8.39766883850098,"Unknown"
"7014855",371852,2025-08-22 16:33:03,43.3674812316895,-8.39805507659912,"Unknown"
"7014855",371852,2025-08-22 16:38:03,43.366397857666,-8.40175819396973,"Unknown"
"7014855",371852,2025-08-22 16:43:03,43.3662033081055,-8.40189266204834,"Unknown"
"7014855",371852,2025-08-22 16:48:03,43.3665084838867,-8.40084171295166,"Unknown"
"7014855",371852,2025-08-22 16:53:03,43.3665466308594,-8.4005823135376,"Unknown"
"7014855",371852,2025-08-22 16:58:03,43.3675804138184,-8.39749240875244,"Unknown"
"7014855",371852,2025-08-22 17:03:03,43.3661766052246,-8.39625453948975,"Unknown"
"7014855",371852,2025-08-22 17:08:08,43.3672752380371,-8.39705085754395,"Unknown"
"7014855",371852,2025-08-22 17:13:06,43.3672714233398,-8.39709854125977,"Unknown"
"7014855",371852,2025-08-22 17:18:02,43.3675346374512,-8.39718055725098,"Unknown"
"7014855",371852,2025-08-22 17:23:03,43.3675270080566,-8.3972053527832,"Unknown"
"7014855",371852,2025-08-22 17:28:04,43.3673896789551,-8.39725875854492,"Unknown"
"7014855",371852,2025-08-22 17:33:04,43.3675575256348,-8.39755630493164,"Unknown"
"7014855",371852,2025-08-22 17:38:06,43.3675956726074,-8.39766120910645,"Unknown"
"7014855",371852,2025-08-22 17:43:02,43.3672332763672,-8.39729309082031,"Unknown"
"7014855",371852,2025-08-22 17:48:07,43.3675498962402,-8.39762306213379,"Unknown"
"7014855",371852,2025-08-22 17:53:03,43.3672294616699,-8.39732456207275,"Unknown"
"7014855",371852,2025-08-22 17:58:02,43.3676834106445,-8.39790344238281,"Unknown"
"7014855",371852,2025-08-22 18:03:03,43.3671531677246,-8.39739608764648,"Unknown"
"7014855",371852,2025-08-22 18:08:03,43.3671264648438,-8.39737129211426,"Unknown"
"7014855",371852,2025-08-22 18:13:03,43.3671493530273,-8.3973331451416,"Unknown"
"7014855",371852,2025-08-22 18:18:03,43.3671684265137,-8.39733982086182,"Unknown"
"7014855",371852,2025-08-22 18:23:03,43.3672370910645,-8.39728355407715,"Unknown"
"7014855",371852,2025-08-22 18:28:03,43.3671760559082,-8.39729499816895,"Unknown"
"7014855",371852,2025-08-22 18:33:02,43.3674850463867,-8.39743709564209,"Unknown"
"7014855",371852,2025-08-22 18:38:02,43.3670959472656,-8.39614868164062,"Unknown"
"7014855",371852,2025-08-22 18:43:03,43.3659820556641,-8.40191650390625,"Unknown"
"7014855",371852,2025-08-22 18:48:03,43.3659248352051,-8.40182399749756,"Unknown"
"7014855",371852,2025-08-22 18:53:03,43.3664131164551,-8.40202045440674,"Unknown"
"7014855",371852,2025-08-22 18:58:04,43.366283416748,-8.40200042724609,"Unknown"
"7014855",371852,2025-08-22 19:03:04,43.3661880493164,-8.40179538726807,"Unknown"
"7014855",371852,2025-08-22 19:08:04,43.3661880493164,-8.40216827392578,"Unknown"
"7014855",371852,2025-08-22 19:13:02,43.3660049438477,-8.4019603729248,"Unknown"
"7014855",371852,2025-08-22 19:18:03,43.3659820556641,-8.40165138244629,"Unknown"
"7014855",371852,2025-08-22 19:23:03,43.3659973144531,-8.40156650543213,"Unknown"
"7014855",371852,2025-08-22 19:28:02,43.3659439086914,-8.40175533294678,"Unknown"
"7014855",371852,2025-08-22 19:33:04,43.3647727966309,-8.39898204803467,"Unknown"
"7014855",371852,2025-08-22 19:38:03,43.3626518249512,-8.3988676071167,"Unknown"
"7014855",371852,2025-08-22 19:43:04,43.3599548339844,-8.39744472503662,"Unknown"
"7014855",371852,2025-08-22 19:48:03,43.359920501709,-8.39729595184326,"Unknown"
"7014855",371852,2025-08-22 19:53:02,43.3599090576172,-8.39727878570557,"Unknown"
"7014855",371852,2025-08-22 19:58:04,43.3598937988281,-8.39749145507812,"Unknown"
"7014855",371852,2025-08-22 20:03:03,43.3599128723145,-8.39736366271973,"Unknown"
"7014855",371852,2025-08-22 20:08:04,43.3600196838379,-8.39734649658203,"Unknown"
"7014855",371852,2025-08-22 20:13:04,43.3599967956543,-8.39726638793945,"Unknown"
"7014855",371852,2025-08-22 20:18:03,43.3600997924805,-8.39737033843994,"Unknown"
"7014855",371852,2025-08-22 20:23:03,43.3600921630859,-8.3973503112793,"Unknown"
"7014855",371852,2025-08-22 20:28:06,43.3600769042969,-8.39748096466064,"Unknown"
"7014855",371852,2025-08-22 20:33:06,43.3601722717285,-8.39746952056885,"Unknown"
"7014855",371852,2025-08-22 20:38:04,43.3600463867188,-8.39741039276123,"Unknown"
"7014855",371852,2025-08-22 20:43:07,43.3601417541504,-8.39739799499512,"Unknown"
"7014855",371852,2025-08-22 20:48:03,43.3600730895996,-8.39712810516357,"Unknown"
"7014855",371852,2025-08-22 20:53:10,43.3600196838379,-8.39709758758545,"Unknown"
"7014855",371852,2025-08-22 20:58:07,43.3597793579102,-8.39724349975586,"Unknown"
"7014855",371852,2025-08-22 21:03:06,43.3598747253418,-8.39714336395264,"Unknown"
"7014855",371852,2025-08-22 21:08:04,43.359806060791,-8.39717483520508,"Unknown"
"7014855",371852,2025-08-22 21:13:09,43.3599433898926,-8.39724826812744,"Unknown"
"7014855",371852,2025-08-22 21:18:02,43.3591232299805,-8.39866924285889,"Unknown"
"7014855",371852,2025-08-22 21:23:06,43.3590354919434,-8.39879894256592,"Unknown"
"7014855",371852,2025-08-22 21:28:07,43.3590812683105,-8.39869785308838,"Unknown"
"7014855",371852,2025-08-22 21:33:04,43.3591537475586,-8.39853572845459,"Unknown"
"7014855",371852,2025-08-22 21:38:04,43.3591499328613,-8.39841938018799,"Unknown"
"7014855",371852,2025-08-22 21:43:08,43.3591575622559,-8.39850425720215,"Unknown"
"7014855",371852,2025-08-22 21:48:09,43.3590431213379,-8.39836311340332,"Unknown"
"7014855",371852,2025-08-22 21:53:06,43.3590354919434,-8.39781284332275,"Unknown"
"7014855",371852,2025-08-22 21:58:11,43.359245300293,-8.39823818206787,"Unknown"
"7014855",371852,2025-08-22 22:03:06,43.3589210510254,-8.398268699646,"Unknown"
"7014855",371852,2025-08-22 22:08:06,43.3591918945312,-8.39795875549316,"Unknown"
"7014855",371852,2025-08-22 22:13:06,43.3591194152832,-8.39802265167236,"Unknown"
"7014855",371852,2025-08-22 22:18:07,43.3589515686035,-8.39839267730713,"Unknown"
"7014855",371852,2025-08-22 22:23:02,43.3588790893555,-8.39844799041748,"Unknown"
"7014855",371852,2025-08-22 22:28:03,43.3594207763672,-8.39756488800049,"Unknown"
"7014855",371852,2025-08-22 22:33:04,43.3588180541992,-8.3979434967041,"Unknown"
"7014855",371852,2025-08-22 22:38:04,43.3588790893555,-8.39823150634766,"Unknown"
"7014855",371852,2025-08-22 22:43:03,43.3595237731934,-8.397705078125,"Unknown"
"7014855",371852,2025-08-22 22:48:08,43.3588981628418,-8.39790821075439,"Unknown"
"7014855",371852,2025-08-22 22:53:09,43.3589935302734,-8.39793968200684,"Unknown"
"7014855",371852,2025-08-22 22:58:06,43.3593597412109,-8.39792060852051,"Unknown"
"7014855",371852,2025-08-22 23:03:03,43.3592796325684,-8.39844799041748,"Unknown"
"7014855",371852,2025-08-22 23:08:04,43.3590507507324,-8.39799499511719,"Unknown"
"7014855",371852,2025-08-22 23:13:03,43.3589096069336,-8.39908599853516,"Unknown"
"7014855",371852,2025-08-22 23:18:05,43.358943939209,-8.39906215667725,"Unknown"
"7014855",371852,2025-08-22 23:23:05,43.3588638305664,-8.3990592956543,"Unknown"
"7014855",371852,2025-08-22 23:28:06,43.359016418457,-8.39898300170898,"Unknown"
"7014855",371852,2025-08-22 23:33:07,43.3595085144043,-8.39820861816406,"Unknown"
"7014855",371852,2025-08-22 23:38:07,43.3594207763672,-8.39825534820557,"Unknown"
"7014855",371852,2025-08-22 23:43:09,43.3594512939453,-8.39820766448975,"Unknown"
"7014855",371852,2025-08-22 23:48:04,43.3594932556152,-8.39823532104492,"Unknown"
"7014855",371852,2025-08-22 23:53:03,43.3627014160156,-8.39437770843506,"Unknown"
"7014855",371852,2025-08-22 23:58:02,43.3604011535645,-8.39679145812988,"Unknown"
"7014855",371852,2025-08-23 00:03:04,43.3596496582031,-8.39823055267334,"Unknown"
"7014855",371852,2025-08-23 00:08:03,43.3599128723145,-8.39796924591064,"Unknown"
"7014855",371852,2025-08-23 00:13:03,43.3597259521484,-8.39818382263184,"Unknown"
"7014855",371852,2025-08-23 00:18:03,43.3596611022949,-8.39821338653564,"Unknown"
"7014855",371852,2025-08-23 00:23:04,43.3595314025879,-8.39845848083496,"Unknown"
"7014855",371852,2025-08-23 00:28:03,43.3596534729004,-8.39781761169434,"Unknown"
"7014855",371852,2025-08-23 00:33:04,43.3594169616699,-8.39854145050049,"Unknown"
"7014855",371852,2025-08-23 00:38:08,43.359302520752,-8.39848136901855,"Unknown"
"7014855",371852,2025-08-23 00:43:04,43.3592262268066,-8.39850997924805,"Unknown"
"7014855",371852,2025-08-23 00:48:10,43.3591918945312,-8.39858722686768,"Unknown"
"7014855",371852,2025-08-23 00:53:07,43.3590507507324,-8.39859771728516,"Unknown"
"7014855",371852,2025-08-23 00:58:02,43.3592071533203,-8.39859485626221,"Unknown"
"7014855",371852,2025-08-23 01:03:02,43.3591346740723,-8.3985481262207,"Unknown"
"7014855",371852,2025-08-23 01:08:02,43.3591156005859,-8.39852905273438,"Unknown"
"7014855",371852,2025-08-23 01:13:03,43.3591079711914,-8.3985071182251,"Unknown"
"7014855",371852,2025-08-23 01:18:04,43.3591613769531,-8.39851856231689,"Unknown"
"7014855",371852,2025-08-23 01:23:04,43.3594360351562,-8.39889717102051,"Unknown"
"7014855",371852,2025-08-23 01:28:03,43.3592758178711,-8.39857864379883,"Unknown"
"7014855",371852,2025-08-23 01:33:06,43.3594284057617,-8.39874172210693,"Unknown"
"7014855",371852,2025-08-23 01:38:03,43.3595275878906,-8.3989782333374,"Unknown"
"7014855",371852,2025-08-23 01:43:03,43.3596305847168,-8.39916229248047,"Unknown"
"7014855",371852,2025-08-23 01:48:04,43.3595695495605,-8.3989372253418,"Unknown"
"7014855",371852,2025-08-23 01:53:03,43.3596878051758,-8.39923191070557,"Unknown"
"7014855",371852,2025-08-23 01:58:08,43.3593788146973,-8.39900493621826,"Unknown"
"7014855",371852,2025-08-23 02:03:03,43.359619140625,-8.39902782440186,"Unknown"
"7014855",371852,2025-08-23 02:08:08,43.3592910766602,-8.39895057678223,"Unknown"
"7014855",371852,2025-08-23 02:13:03,43.3597946166992,-8.39931392669678,"Unknown"
"7014855",371852,2025-08-23 02:18:04,43.3596839904785,-8.39913940429688,"Unknown"
"7014855",371852,2025-08-23 02:23:05,43.3601684570312,-8.39927577972412,"Unknown"
"7014855",371852,2025-08-23 02:28:03,43.3597068786621,-8.3992977142334,"Unknown"
"7014855",371852,2025-08-23 02:33:04,43.3596725463867,-8.39908313751221,"Unknown"
"7014855",371852,2025-08-23 02:38:06,43.3596725463867,-8.39906120300293,"Unknown"
"7014855",371852,2025-08-23 02:43:06,43.3596839904785,-8.39899730682373,"Unknown"
"7014855",371852,2025-08-23 02:48:04,43.3596534729004,-8.39895248413086,"Unknown"
"7014855",371852,2025-08-23 02:53:03,43.3593864440918,-8.39806079864502,"Unknown"
"7014855",371852,2025-08-23 02:58:02,43.3594970703125,-8.39827156066895,"Unknown"
"7014855",371852,2025-08-23 03:03:04,43.3596496582031,-8.39829730987549,"Unknown"
"7014855",371852,2025-08-23 03:08:04,43.3597869873047,-8.39835929870605,"Unknown"
"7014855",371852,2025-08-23 03:13:03,43.3595123291016,-8.3983154296875,"Unknown"
"7014855",371852,2025-08-23 03:18:06,43.3595733642578,-8.39829254150391,"Unknown"
"7014855",371852,2025-08-23 03:23:03,43.3594360351562,-8.39815616607666,"Unknown"
"7014855",371852,2025-08-23 03:28:06,43.3591651916504,-8.39705276489258,"Unknown"
"7014855",371852,2025-08-23 03:33:07,43.3592758178711,-8.39722537994385,"Unknown"
"7014855",371852,2025-08-23 03:38:06,43.3594551086426,-8.39811420440674,"Unknown"
"7014855",371852,2025-08-23 03:43:09,43.3593101501465,-8.39814281463623,"Unknown"
"7014855",371852,2025-08-23 03:48:03,43.3602447509766,-8.39812278747559,"Unknown"
"7014855",371852,2025-08-23 03:53:03,43.3599243164062,-8.39856052398682,"Unknown"
"7014855",371852,2025-08-23 03:58:03,43.3597450256348,-8.39872646331787,"Unknown"
"7014855",371852,2025-08-23 04:03:04,43.3597869873047,-8.39847278594971,"Unknown"
"7014855",371852,2025-08-23 04:08:10,43.3596687316895,-8.39804649353027,"Unknown"
"7014855",371852,2025-08-23 04:13:02,43.359447479248,-8.39790439605713,"Unknown"
"7014855",371852,2025-08-23 04:18:02,43.3596076965332,-8.39812469482422,"Unknown"
"7014855",371852,2025-08-23 04:23:09,43.3596687316895,-8.39802837371826,"Unknown"
"7014855",371852,2025-08-23 04:28:04,43.3597373962402,-8.39813709259033,"Unknown"
"7014855",371852,2025-08-23 04:33:04,43.3597030639648,-8.39789295196533,"Unknown"
"7014855",371852,2025-08-23 04:38:08,43.3596839904785,-8.39794158935547,"Unknown"
"7014855",371852,2025-08-23 04:43:06,43.3596649169922,-8.39797210693359,"Unknown"
"7014855",371852,2025-08-23 04:48:07,43.3596954345703,-8.3978910446167,"Unknown"
"7014855",371852,2025-08-23 04:53:09,43.3595733642578,-8.3979549407959,"Unknown"
"7014855",371852,2025-08-23 04:58:09,43.3595848083496,-8.39798927307129,"Unknown"
"7014855",371852,2025-08-23 05:03:11,43.3594932556152,-8.39796829223633,"Unknown"
"7014855",371852,2025-08-23 05:08:04,43.3596305847168,-8.39807224273682,"Unknown"
"7014855",371852,2025-08-23 05:13:04,43.3593788146973,-8.39795875549316,"Unknown"
"7014855",371852,2025-08-23 05:18:03,43.3592109680176,-8.39793491363525,"Unknown"
"7014855",371852,2025-08-23 05:23:07,43.3594665527344,-8.39802551269531,"Unknown"
"7014855",371852,2025-08-23 05:28:06,43.3591728210449,-8.39786720275879,"Unknown"
"7014855",371852,2025-08-23 05:33:08,43.3595657348633,-8.3980712890625,"Unknown"
"7014855",371852,2025-08-23 05:38:09,43.3595771789551,-8.39813899993896,"Unknown"
"7014855",371852,2025-08-23 05:43:09,43.3595504760742,-8.39809417724609,"Unknown"
"7014855",371852,2025-08-23 05:48:06,43.3595581054688,-8.39813232421875,"Unknown"
"7014855",371852,2025-08-23 05:53:07,43.3595504760742,-8.39813041687012,"Unknown"
"7014855",371852,2025-08-23 05:58:07,43.3595504760742,-8.39817047119141,"Unknown"
"7014855",371852,2025-08-23 06:03:03,43.3596801757812,-8.39834785461426,"Unknown"
"7014855",371852,2025-08-23 06:08:06,43.3596801757812,-8.39851093292236,"Unknown"
"7014855",371852,2025-08-23 06:13:06,43.3597755432129,-8.39861392974854,"Unknown"
"7014855",371852,2025-08-23 06:18:04,43.3597106933594,-8.39856815338135,"Unknown"
"7014855",371852,2025-08-23 06:23:06,43.3596687316895,-8.39859008789062,"Unknown"
"7014855",371852,2025-08-23 06:28:07,43.359676361084,-8.39854717254639,"Unknown"
"7014855",371852,2025-08-23 06:33:13,43.3598213195801,-8.39872264862061,"Unknown"
"7014855",371852,2025-08-23 06:38:06,43.3597679138184,-8.3987283706665,"Unknown"
"7014855",371852,2025-08-23 06:43:04,43.3597450256348,-8.39877796173096,"Unknown"
"7014855",371852,2025-08-23 06:48:06,43.3596954345703,-8.39881038665771,"Unknown"
"7014855",371852,2025-08-23 06:53:08,43.3596229553223,-8.39878082275391,"Unknown"
"7014855",371852,2025-08-23 06:58:06,43.3593635559082,-8.39793491363525,"Unknown"
"7014855",371852,2025-08-23 07:03:06,43.3593978881836,-8.3983678817749,"Unknown"
"7014855",371852,2025-08-23 07:08:04,43.3596305847168,-8.39888000488281,"Unknown"
"7014855",371852,2025-08-23 07:13:04,43.3592529296875,-8.39804840087891,"Unknown"
"7014855",371852,2025-08-23 07:18:06,43.359432220459,-8.39881610870361,"Unknown"
"7014855",371852,2025-08-23 07:23:06,43.3593215942383,-8.39861488342285,"Unknown"
"7014855",371852,2025-08-23 07:28:03,43.3593597412109,-8.3977108001709,"Unknown"
"7014855",371852,2025-08-23 07:33:02,43.3596305847168,-8.39846611022949,"Unknown"
"7014855",371852,2025-08-23 07:38:08,43.3595771789551,-8.39876556396484,"Unknown"
"7014855",371852,2025-08-23 07:43:06,43.3595581054688,-8.39873218536377,"Unknown"
"7014855",371852,2025-08-23 07:48:09,43.3597221374512,-8.39888572692871,"Unknown"
"7014855",371852,2025-08-23 07:53:04,43.3597373962402,-8.39885520935059,"Unknown"
"7014855",371852,2025-08-23 07:58:03,43.3598518371582,-8.39864253997803,"Unknown"
"7014855",371852,2025-08-23 08:03:06,43.3598022460938,-8.39865684509277,"Unknown"
"7014855",371852,2025-08-23 08:08:12,43.3597640991211,-8.39869403839111,"Unknown"
"7014855",371852,2025-08-23 08:13:06,43.3599319458008,-8.39868259429932,"Unknown"
"7014855",371852,2025-08-23 08:18:06,43.3597145080566,-8.39874172210693,"Unknown"
"7014855",371852,2025-08-23 08:23:04,43.3597717285156,-8.39875316619873,"Unknown"
"7014855",371852,2025-08-23 08:28:09,43.359748840332,-8.3987455368042,"Unknown"
"7014855",371852,2025-08-23 08:33:03,43.3598098754883,-8.39883136749268,"Unknown"
"7014855",371852,2025-08-23 08:38:04,43.3601875305176,-8.39881801605225,"Unknown"
"7014855",371852,2025-08-23 08:43:07,43.3604393005371,-8.39875984191895,"Unknown"
"7014855",371852,2025-08-23 08:48:14,43.3592529296875,-8.39904689788818,"Unknown"
"7014855",371852,2025-08-23 08:53:02,43.3593406677246,-8.39906978607178,"Unknown"
"7014855",371852,2025-08-23 08:58:02,43.3591575622559,-8.39917278289795,"Unknown"
"7014855",371852,2025-08-23 09:03:09,43.3590698242188,-8.3991813659668,"Unknown"
"7014855",371852,2025-08-23 09:08:02,43.3591842651367,-8.39923477172852,"Unknown"
"7014855",371852,2025-08-23 09:13:03,43.3590927124023,-8.39937019348145,"Unknown"
"7014855",371852,2025-08-23 09:18:02,43.3590660095215,-8.399338722229,"Unknown"
"7014855",371852,2025-08-23 09:23:06,43.3589820861816,-8.39930057525635,"Unknown"
"7014855",371852,2025-08-23 09:28:03,43.3589973449707,-8.39940071105957,"Unknown"
"7014855",371852,2025-08-23 09:33:03,43.3591537475586,-8.39939308166504,"Unknown"
"7014855",371852,2025-08-23 09:38:02,43.3590354919434,-8.39948654174805,"Unknown"
"7014855",371852,2025-08-23 09:43:02,43.3590202331543,-8.39940738677979,"Unknown"
"7014855",371852,2025-08-23 09:48:03,43.3591079711914,-8.39940452575684,"Unknown"
"7014855",371852,2025-08-23 09:53:02,43.3591499328613,-8.39946174621582,"Unknown"
"7014855",371852,2025-08-23 09:58:06,43.3591003417969,-8.39939403533936,"Unknown"
"7014855",371852,2025-08-23 10:03:04,43.3591003417969,-8.39935874938965,"Unknown"
"7014855",371852,2025-08-23 10:08:13,43.3589553833008,-8.3991870880127,"Unknown"
"7014855",371852,2025-08-23 10:13:03,43.3588104248047,-8.39863204956055,"Unknown"
"7014855",371852,2025-08-23 10:18:02,43.3580474853516,-8.39815425872803,"Unknown"
"7014855",371852,2025-08-23 10:23:09,43.3591499328613,-8.39924430847168,"Unknown"
"7014855",371852,2025-08-23 10:28:03,43.3592643737793,-8.39919376373291,"Unknown"
"7014855",371852,2025-08-23 10:33:06,43.3591384887695,-8.39928722381592,"Unknown"
"7014855",371852,2025-08-23 10:38:02,43.3592224121094,-8.39939498901367,"Unknown"
"7014855",371852,2025-08-23 10:43:02,43.3591003417969,-8.39927101135254,"Unknown"
"7014855",371852,2025-08-23 10:48:12,43.3591041564941,-8.39928436279297,"Unknown"
"7014855",371852,2025-08-23 10:53:02,43.3591728210449,-8.39944458007812,"Unknown"
"7014855",371852,2025-08-23 10:58:10,43.3590698242188,-8.3992280960083,"Unknown"
"7014855",371852,2025-08-23 11:03:02,43.359001159668,-8.39951705932617,"Unknown"
"7014855",371852,2025-08-23 11:08:03,43.358570098877,-8.39997577667236,"Unknown"
"7014855",371852,2025-08-23 11:13:02,43.3590698242188,-8.39935302734375,"Unknown"
"7014855",371852,2025-08-23 11:18:04,43.3590774536133,-8.39919471740723,"Unknown"
"7014855",371852,2025-08-23 11:23:06,43.3592185974121,-8.39926528930664,"Unknown"
"7014855",371852,2025-08-23 11:28:04,43.3591918945312,-8.39929866790771,"Unknown"
"7014855",371852,2025-08-23 11:33:05,43.3591003417969,-8.39917659759521,"Unknown"
"7014855",371852,2025-08-23 11:38:05,43.359188079834,-8.39925956726074,"Unknown"
"7014855",371852,2025-08-23 11:43:08,43.359203338623,-8.39936923980713,"Unknown"
"7014855",371852,2025-08-23 11:48:12,43.3591651916504,-8.39925765991211,"Unknown"
"7014855",371852,2025-08-23 11:53:07,43.3591423034668,-8.39907455444336,"Unknown"
"7014855",371852,2025-08-23 11:58:08,43.3590850830078,-8.39922332763672,"Unknown"
"7014855",371852,2025-08-23 12:03:08,43.3591003417969,-8.39912509918213,"Unknown"
"7014855",371852,2025-08-23 12:08:08,43.3590621948242,-8.39920043945312,"Unknown"
"7014855",371852,2025-08-23 12:13:08,43.3591384887695,-8.39912986755371,"Unknown"
"7014855",371852,2025-08-23 12:18:08,43.3590393066406,-8.39918231964111,"Unknown"
"7014855",371852,2025-08-23 12:23:08,43.3590927124023,-8.39927005767822,"Unknown"
"7014855",371852,2025-08-23 12:28:08,43.3591117858887,-8.39922904968262,"Unknown"
"7014855",371852,2025-08-23 12:33:09,43.3589973449707,-8.399169921875,"Unknown"
"7014855",371852,2025-08-23 12:38:08,43.3591232299805,-8.39924812316895,"Unknown"
"7014855",371852,2025-08-23 12:43:09,43.3591270446777,-8.39936542510986,"Unknown"
"7014855",371852,2025-08-23 12:48:14,43.3590126037598,-8.399169921875,"Unknown"
"7014855",371852,2025-08-23 12:53:08,43.3589553833008,-8.39909267425537,"Unknown"
"7014855",371852,2025-08-23 12:58:08,43.3589057922363,-8.39899158477783,"Unknown"
"7014855",371852,2025-08-23 13:03:08,43.3589324951172,-8.39902973175049,"Unknown"
"7014855",371852,2025-08-23 13:08:07,43.3589782714844,-8.39911556243896,"Unknown"
"7014855",371852,2025-08-23 13:13:08,43.3589019775391,-8.39893341064453,"Unknown"
"7014855",371852,2025-08-23 13:18:08,43.3588943481445,-8.39897441864014,"Unknown"
"7014855",371852,2025-08-23 13:23:08,43.3588485717773,-8.39897537231445,"Unknown"
"7014855",371852,2025-08-23 13:28:06,43.3588714599609,-8.3989896774292,"Unknown"
"7014855",371852,2025-08-23 13:33:08,43.3587303161621,-8.39903259277344,"Unknown"
"7014855",371852,2025-08-23 13:38:14,43.3589859008789,-8.39910221099854,"Unknown"
"7014855",371852,2025-08-23 13:43:07,43.3588447570801,-8.3991231918335,"Unknown"
"7014855",371852,2025-08-23 13:48:08,43.3590049743652,-8.39907932281494,"Unknown"
"7014855",371852,2025-08-23 13:53:10,43.3589973449707,-8.39908313751221,"Unknown"
"7014855",371852,2025-08-23 13:58:08,43.3589248657227,-8.39908313751221,"Unknown"
"7014855",371852,2025-08-23 14:03:10,43.3590240478516,-8.39904499053955,"Unknown"
"7014855",371852,2025-08-23 14:08:08,43.3590126037598,-8.39909172058105,"Unknown"
"7014855",371852,2025-08-23 14:13:10,43.359203338623,-8.39927101135254,"Unknown"
"7014855",371852,2025-08-23 14:18:08,43.3589057922363,-8.39913463592529,"Unknown"
"7014855",371852,2025-08-23 14:23:17,43.3588943481445,-8.39906597137451,"Unknown"
"7014855",371852,2025-08-23 14:28:30,43.3598289489746,-8.39972591400146,"Unknown"
"7014855",371852,2025-08-23 14:33:33,43.359203338623,-8.39929580688477,"Unknown"
"7014855",371852,2025-08-23 14:38:03,43.3591003417969,-8.39928436279297,"Unknown"
"7014855",371852,2025-08-23 14:43:03,43.3590812683105,-8.39932060241699,"Unknown"
"7014855",371852,2025-08-23 14:48:06,43.3590431213379,-8.39929485321045,"Unknown"
"7014855",371852,2025-08-23 14:53:03,43.3590469360352,-8.39929580688477,"Unknown"
"7014855",371852,2025-08-23 14:58:06,43.3590545654297,-8.39931774139404,"Unknown"
"7014855",371852,2025-08-23 15:03:03,43.3589706420898,-8.39930629730225,"Unknown"
"7014855",371852,2025-08-23 15:08:03,43.3589324951172,-8.3993444442749,"Unknown"
"7014855",371852,2025-08-23 15:13:03,43.3590126037598,-8.3994026184082,"Unknown"
"7014855",371852,2025-08-23 15:18:04,43.358585357666,-8.39806175231934,"Unknown"
"7014855",371852,2025-08-23 15:23:06,43.3589744567871,-8.39924240112305,"Unknown"
"7014855",371852,2025-08-23 15:28:03,43.3589401245117,-8.39930629730225,"Unknown"
"7014855",371852,2025-08-23 15:33:03,43.3589401245117,-8.3992338180542,"Unknown"
"7014855",371852,2025-08-23 15:38:03,43.3589553833008,-8.39926624298096,"Unknown"
"7014855",371852,2025-08-23 15:43:03,43.3589210510254,-8.39926910400391,"Unknown"
"7014855",371852,2025-08-23 15:48:02,43.3588600158691,-8.39894580841064,"Unknown"
"7014855",371852,2025-08-23 15:53:03,43.3589630126953,-8.39922046661377,"Unknown"
"7014855",371852,2025-08-23 15:58:07,43.3589897155762,-8.39918613433838,"Unknown"
"7014855",371852,2025-08-23 16:03:03,43.3589706420898,-8.39918041229248,"Unknown"
"7014855",371852,2025-08-23 16:08:02,43.3589706420898,-8.39934730529785,"Unknown"
"7014855",371852,2025-08-23 16:13:02,43.359001159668,-8.39921855926514,"Unknown"
"7014855",371852,2025-08-23 16:18:03,43.359001159668,-8.3991641998291,"Unknown"
"7014855",371852,2025-08-23 16:23:02,43.358943939209,-8.39923763275146,"Unknown"
"7014855",371852,2025-08-23 16:28:02,43.3589782714844,-8.3991584777832,"Unknown"
"7014855",371852,2025-08-23 16:33:02,43.358959197998,-8.39916706085205,"Unknown"
"7014855",371852,2025-08-23 16:38:02,43.3589363098145,-8.39916610717773,"Unknown"
"7014855",371852,2025-08-23 16:43:02,43.3588523864746,-8.39912509918213,"Unknown"
"7014855",371852,2025-08-23 16:48:05,43.3589706420898,-8.39922142028809,"Unknown"
"7014855",371852,2025-08-23 16:53:02,43.3590393066406,-8.39910411834717,"Unknown"
"7014855",371852,2025-08-23 16:58:02,43.359016418457,-8.39910316467285,"Unknown"
"7014855",371852,2025-08-23 17:03:02,43.359130859375,-8.39924812316895,"Unknown"
"7014855",371852,2025-08-23 17:08:02,43.3591537475586,-8.39924335479736,"Unknown"
"7014855",371852,2025-08-23 17:13:02,43.3591499328613,-8.3992395401001,"Unknown"
"7014855",371852,2025-08-23 17:18:02,43.3591728210449,-8.39921951293945,"Unknown"
"7014855",371852,2025-08-23 17:23:02,43.3592109680176,-8.39929580688477,"Unknown"
"7014855",371852,2025-08-23 17:28:02,43.3593101501465,-8.39931964874268,"Unknown"
"7014855",371852,2025-08-23 17:33:02,43.3594017028809,-8.39925861358643,"Unknown"
"7014855",371852,2025-08-23 17:38:02,43.3593902587891,-8.39938259124756,"Unknown"
"7014855",371852,2025-08-23 17:43:02,43.3593864440918,-8.39938926696777,"Unknown"
"7014855",371852,2025-08-23 17:48:02,43.3594665527344,-8.39950466156006,"Unknown"
"7014855",371852,2025-08-23 17:53:02,43.3595237731934,-8.39947891235352,"Unknown"
"7014855",371852,2025-08-23 17:58:02,43.3595314025879,-8.3994836807251,"Unknown"
"7014855",371852,2025-08-23 18:03:05,43.3591575622559,-8.39928913116455,"Unknown"
"7014855",371852,2025-08-23 18:08:08,43.3591690063477,-8.39926338195801,"Unknown"
"7014855",371852,2025-08-23 18:13:07,43.359748840332,-8.39916515350342,"Unknown"
"7014855",371852,2025-08-23 18:18:14,43.3597145080566,-8.39919185638428,"Unknown"
"7014855",371852,2025-08-23 18:23:03,43.3597145080566,-8.39907646179199,"Unknown"
"7014855",371852,2025-08-23 18:28:08,43.3597259521484,-8.39917278289795,"Unknown"
"7014855",371852,2025-08-23 18:33:08,43.3596839904785,-8.39923286437988,"Unknown"
"7014855",371852,2025-08-23 18:38:08,43.3597221374512,-8.39922523498535,"Unknown"
"7014855",371852,2025-08-23 18:43:08,43.3597221374512,-8.39921760559082,"Unknown"
"7014855",371852,2025-08-23 18:48:14,43.3596000671387,-8.39909076690674,"Unknown"
"7014855",371852,2025-08-23 18:53:06,43.3596382141113,-8.39902496337891,"Unknown"
"7014855",371852,2025-08-23 18:58:08,43.3596382141113,-8.39907836914062,"Unknown"
"7014855",371852,2025-08-23 19:03:05,43.359561920166,-8.39901065826416,"Unknown"
"7014855",371852,2025-08-23 19:08:07,43.3597640991211,-8.39921760559082,"Unknown"
"7014855",371852,2025-08-23 19:13:05,43.3591232299805,-8.39866542816162,"Unknown"
"7014855",371852,2025-08-23 19:18:07,43.359733581543,-8.39926338195801,"Unknown"
"7014855",371852,2025-08-23 19:23:06,43.3595771789551,-8.39905166625977,"Unknown"
"7014855",371852,2025-08-23 19:28:08,43.3595848083496,-8.3991870880127,"Unknown"
"7014855",371852,2025-08-23 19:33:10,43.3596420288086,-8.39925861358643,"Unknown"
"7014855",371852,2025-08-23 19:38:03,43.3595962524414,-8.39893913269043,"Unknown"
"7014855",371852,2025-08-23 19:43:04,43.3595428466797,-8.39916706085205,"Unknown"
"7014855",371852,2025-08-23 19:48:04,43.3596420288086,-8.39920806884766,"Unknown"
"7014855",371852,2025-08-23 19:53:07,43.3595924377441,-8.39922142028809,"Unknown"
"7014855",371852,2025-08-23 19:58:02,43.3596954345703,-8.39922904968262,"Unknown"
"7014855",371852,2025-08-23 20:03:06,43.3596229553223,-8.39924621582031,"Unknown"
"7014855",371852,2025-08-23 20:08:08,43.359619140625,-8.39919281005859,"Unknown"
"7014855",371852,2025-08-23 20:13:09,43.3596496582031,-8.39925956726074,"Unknown"
"7014855",371852,2025-08-23 20:18:08,43.3595314025879,-8.39913272857666,"Unknown"
"7014855",371852,2025-08-23 20:23:02,43.3595848083496,-8.39931011199951,"Unknown"
"7014855",371852,2025-08-23 20:28:02,43.3595275878906,-8.39926910400391,"Unknown"
"7014855",371852,2025-08-23 20:33:14,43.359489440918,-8.39916229248047,"Unknown"
"7014855",371852,2025-08-23 20:38:07,43.3595695495605,-8.39914703369141,"Unknown"
"7014855",371852,2025-08-23 20:43:03,43.3593559265137,-8.39874362945557,"Unknown"
"7014855",371852,2025-08-23 20:48:04,43.3594856262207,-8.39903545379639,"Unknown"
"7014855",371852,2025-08-23 20:53:03,43.3594207763672,-8.39894485473633,"Unknown"
"7014855",371852,2025-08-23 20:58:03,43.359260559082,-8.39882183074951,"Unknown"
"7014855",371852,2025-08-23 21:03:04,43.3596076965332,-8.39927864074707,"Unknown"
"7014855",371852,2025-08-23 21:08:03,43.3594589233398,-8.39892196655273,"Unknown"
"7014855",371852,2025-08-23 21:13:06,43.3596534729004,-8.39909553527832,"Unknown"
"7014855",371852,2025-08-23 21:18:03,43.359317779541,-8.39885807037354,"Unknown"
"7014855",371852,2025-08-23 21:23:07,43.3596420288086,-8.39914321899414,"Unknown"
"7014855",371852,2025-08-23 21:28:07,43.3593826293945,-8.39889240264893,"Unknown"
"7014855",371852,2025-08-23 21:33:35,43.3596649169922,-8.39926910400391,"Unknown"
"7014855",371852,2025-08-23 21:38:02,43.3596878051758,-8.39917755126953,"Unknown"
"7014855",371852,2025-08-23 21:43:03,43.3595542907715,-8.39916324615479,"Unknown"
"7014855",371852,2025-08-23 21:48:02,43.3596839904785,-8.39918327331543,"Unknown"
"7014855",371852,2025-08-23 21:53:02,43.3597068786621,-8.39927768707275,"Unknown"
"7014855",371852,2025-08-23 21:58:03,43.359733581543,-8.39915561676025,"Unknown"
"7014855",371852,2025-08-23 22:03:02,43.3596954345703,-8.39926242828369,"Unknown"
"7014855",371852,2025-08-23 22:08:02,43.3596725463867,-8.39927291870117,"Unknown"
"7014855",371852,2025-08-23 22:13:02,43.3596954345703,-8.39922523498535,"Unknown"
"7014855",371852,2025-08-23 22:18:02,43.3597221374512,-8.39933300018311,"Unknown"
"7014855",371852,2025-08-23 22:23:02,43.3596420288086,-8.399169921875,"Unknown"
"7014855",371852,2025-08-23 22:28:03,43.3596611022949,-8.39916515350342,"Unknown"
"7014855",371852,2025-08-23 22:33:03,43.3596534729004,-8.39918231964111,"Unknown"
"7014855",371852,2025-08-23 22:38:03,43.3597030639648,-8.39921951293945,"Unknown"
"7014855",371852,2025-08-23 22:43:03,43.3596839904785,-8.39919567108154,"Unknown"
"7014855",371852,2025-08-23 22:48:03,43.3596839904785,-8.39920902252197,"Unknown"
"7014855",371852,2025-08-23 22:53:03,43.3596687316895,-8.39921188354492,"Unknown"
"7014855",371852,2025-08-23 22:58:03,43.3596801757812,-8.39932250976562,"Unknown"
"7014855",371852,2025-08-23 23:03:03,43.3597450256348,-8.39924621582031,"Unknown"
"7014855",371852,2025-08-23 23:08:03,43.3597946166992,-8.39929008483887,"Unknown"
"7014855",371852,2025-08-23 23:13:03,43.3598289489746,-8.39932632446289,"Unknown"
"7014855",371852,2025-08-23 23:18:03,43.3596611022949,-8.39916038513184,"Unknown"
"7014855",371852,2025-08-23 23:23:03,43.3597297668457,-8.39924907684326,"Unknown"
"7014855",371852,2025-08-23 23:28:08,43.3600959777832,-8.39955997467041,"Unknown"
"7014855",371852,2025-08-23 23:33:03,43.3597373962402,-8.39924812316895,"Unknown"
"7014855",371852,2025-08-23 23:38:04,43.3598327636719,-8.39933967590332,"Unknown"
"7014855",371852,2025-08-23 23:43:03,43.3597259521484,-8.39924621582031,"Unknown"
"7014855",371852,2025-08-23 23:48:03,43.3597297668457,-8.39923572540283,"Unknown"
"7014855",371852,2025-08-23 23:53:03,43.3595962524414,-8.39917659759521,"Unknown"
"7014855",371852,2025-08-23 23:58:03,43.3597679138184,-8.39935684204102,"Unknown"
"7014855",371852,2025-08-24 00:03:04,43.3597030639648,-8.39924907684326,"Unknown"
"7014855",371852,2025-08-24 00:08:06,43.359790802002,-8.39931201934814,"Unknown"
"7014855",371852,2025-08-24 00:13:03,43.3598251342773,-8.39947891235352,"Unknown"
"7014855",371852,2025-08-24 00:18:09,43.3596839904785,-8.39937210083008,"Unknown"
"7014855",371852,2025-08-24 00:23:09,43.359733581543,-8.39937591552734,"Unknown"
"7014855",371852,2025-08-24 00:28:03,43.3596611022949,-8.39933776855469,"Unknown"
"7014855",371852,2025-08-24 00:33:09,43.3597755432129,-8.39947891235352,"Unknown"
"7014855",371852,2025-08-24 00:38:09,43.359733581543,-8.39953136444092,"Unknown"
"7014855",371852,2025-08-24 00:43:09,43.3598022460938,-8.39961433410645,"Unknown"
"7014855",371852,2025-08-24 00:48:09,43.359806060791,-8.3996639251709,"Unknown"
"7014855",371852,2025-08-24 00:53:09,43.3597412109375,-8.3994083404541,"Unknown"
"7014855",371852,2025-08-24 00:58:10,43.3597564697266,-8.39931106567383,"Unknown"
"7014855",371852,2025-08-24 01:03:03,43.3596458435059,-8.39923095703125,"Unknown"
"7014855",371852,2025-08-24 01:08:04,43.3596878051758,-8.3993501663208,"Unknown"
"7014855",371852,2025-08-24 01:13:04,43.3597755432129,-8.39943695068359,"Unknown"
"7014855",371852,2025-08-24 01:18:04,43.3597602844238,-8.39944171905518,"Unknown"
"7014855",371852,2025-08-24 01:23:04,43.3596992492676,-8.39947414398193,"Unknown"
"7014855",371852,2025-08-24 01:28:04,43.3597679138184,-8.39950275421143,"Unknown"
"7014855",371852,2025-08-24 01:33:04,43.3596839904785,-8.39952850341797,"Unknown"
"7014855",371852,2025-08-24 01:38:07,43.3596954345703,-8.39931392669678,"Unknown"
"7014855",371852,2025-08-24 01:43:08,43.3596878051758,-8.39949989318848,"Unknown"
"7014855",371852,2025-08-24 01:48:14,43.3595085144043,-8.39950084686279,"Unknown"
"7014855",371852,2025-08-24 01:53:09,43.359489440918,-8.39945316314697,"Unknown"
"7014855",371852,2025-08-24 01:58:07,43.3595848083496,-8.39925575256348,"Unknown"
"7014855",371852,2025-08-24 02:03:35,43.359619140625,-8.39922428131104,"Unknown"
"7014855",371852,2025-08-24 02:08:02,43.3596076965332,-8.39920997619629,"Unknown"
"7014855",371852,2025-08-24 02:13:02,43.3596153259277,-8.39918518066406,"Unknown"
"7014855",371852,2025-08-24 02:18:02,43.3596878051758,-8.3992166519165,"Unknown"
"7014855",371852,2025-08-24 02:23:02,43.3596878051758,-8.39920997619629,"Unknown"
"7014855",371852,2025-08-24 02:28:02,43.3596305847168,-8.39919376373291,"Unknown"
"7014855",371852,2025-08-24 02:33:02,43.3597373962402,-8.39923477172852,"Unknown"
"7014855",371852,2025-08-24 02:38:02,43.3596687316895,-8.39919757843018,"Unknown"
"7014855",371852,2025-08-24 02:43:03,43.3596343994141,-8.3991870880127,"Unknown"
"7014855",371852,2025-08-24 02:48:03,43.3596267700195,-8.39965057373047,"Unknown"
"7014855",371852,2025-08-24 02:53:03,43.359676361084,-8.39961338043213,"Unknown"
"7014855",371852,2025-08-24 02:58:03,43.3596878051758,-8.39961910247803,"Unknown"
"7014855",371852,2025-08-24 03:03:02,43.3596305847168,-8.40000629425049,"Unknown"
"7014855",371852,2025-08-24 03:08:03,43.359691619873,-8.40002918243408,"Unknown"
"7014855",371852,2025-08-24 03:13:03,43.3596649169922,-8.40000534057617,"Unknown"
"7014855",371852,2025-08-24 03:18:03,43.3596382141113,-8.40005111694336,"Unknown"
"7014855",371852,2025-08-24 03:23:03,43.3596343994141,-8.40004634857178,"Unknown"
"7014855",371852,2025-08-24 03:28:03,43.3596267700195,-8.39986038208008,"Unknown"
"7014855",371852,2025-08-24 03:33:03,43.3596458435059,-8.40001392364502,"Unknown"
"7014855",371852,2025-08-24 03:38:03,43.3596420288086,-8.40002822875977,"Unknown"
"7014855",371852,2025-08-24 03:43:03,43.3596687316895,-8.40003299713135,"Unknown"
"7014855",371852,2025-08-24 03:48:03,43.3596725463867,-8.40005111694336,"Unknown"
"7014855",371852,2025-08-24 03:53:03,43.3595199584961,-8.3999195098877,"Unknown"
"7014855",371852,2025-08-24 03:58:03,43.3596382141113,-8.40005874633789,"Unknown"
"7014855",371852,2025-08-24 04:03:07,43.3596458435059,-8.4000301361084,"Unknown"
"7014855",371852,2025-08-24 04:08:06,43.3596267700195,-8.40003299713135,"Unknown"
"7014855",371852,2025-08-24 04:13:06,43.3596305847168,-8.40006542205811,"Unknown"
"7014855",371852,2025-08-24 04:18:03,43.359561920166,-8.39998626708984,"Unknown"
"7014855",371852,2025-08-24 04:23:08,43.3596305847168,-8.40003108978271,"Unknown"
"7014855",371852,2025-08-24 04:28:03,43.3596420288086,-8.40003967285156,"Unknown"
"7014855",371852,2025-08-24 04:33:03,43.3596420288086,-8.40015983581543,"Unknown"
"7014855",371852,2025-08-24 04:38:06,43.359561920166,-8.40012550354004,"Unknown"
"7014855",371852,2025-08-24 04:43:03,43.3596878051758,-8.40019702911377,"Unknown"
"7014855",371852,2025-08-24 04:48:03,43.3596496582031,-8.39995765686035,"Unknown"
"7014855",371852,2025-08-24 04:53:09,43.3596572875977,-8.40023326873779,"Unknown"
"7014855",371852,2025-08-24 04:58:03,43.3597412109375,-8.40030765533447,"Unknown"
"7014855",371852,2025-08-24 05:03:03,43.3597030639648,-8.40026664733887,"Unknown"
"7014855",371852,2025-08-24 05:08:03,43.3596153259277,-8.40031719207764,"Unknown"
"7014855",371852,2025-08-24 05:13:04,43.3596343994141,-8.40031909942627,"Unknown"
"7014855",371852,2025-08-24 05:18:03,43.3598442077637,-8.40019226074219,"Unknown"
"7014855",371852,2025-08-24 05:23:03,43.3598670959473,-8.40023517608643,"Unknown"
"7014855",371852,2025-08-24 05:28:03,43.3598098754883,-8.40023612976074,"Unknown"
"7014855",371852,2025-08-24 05:33:03,43.3598365783691,-8.40022563934326,"Unknown"
"7014855",371852,2025-08-24 05:38:03,43.3596572875977,-8.4000415802002,"Unknown"
"7014855",371852,2025-08-24 05:43:10,43.3594665527344,-8.4000825881958,"Unknown"
"7014855",371852,2025-08-24 05:48:03,43.3593902587891,-8.40000534057617,"Unknown"
"7014855",371852,2025-08-24 05:53:09,43.3596611022949,-8.40025234222412,"Unknown"
"7014855",371852,2025-08-24 05:58:07,43.3596420288086,-8.40016460418701,"Unknown"
"7014855",371852,2025-08-24 06:03:06,43.3596801757812,-8.4000415802002,"Unknown"
"7014855",371852,2025-08-24 06:08:03,43.3594436645508,-8.40010833740234,"Unknown"
"7014855",371852,2025-08-24 06:13:06,43.3596725463867,-8.40005970001221,"Unknown"
"7014855",371852,2025-08-24 06:18:08,43.359691619873,-8.40000534057617,"Unknown"
"7014855",371852,2025-08-24 06:23:11,43.3596725463867,-8.40007400512695,"Unknown"
"7014855",371852,2025-08-24 06:28:03,43.3596267700195,-8.40025329589844,"Unknown"
"7014855",371852,2025-08-24 06:33:03,43.3596954345703,-8.40018272399902,"Unknown"
"7014855",371852,2025-08-24 06:38:03,43.3598976135254,-8.4002685546875,"Unknown"
"7014855",371852,2025-08-24 06:43:03,43.3598365783691,-8.40022563934326,"Unknown"
"7014855",371852,2025-08-24 06:48:08,43.3597793579102,-8.39994144439697,"Unknown"
"7014855",371852,2025-08-24 06:53:10,43.3597259521484,-8.40006351470947,"Unknown"
"7014855",371852,2025-08-24 06:58:02,43.3596115112305,-8.40015888214111,"Unknown"
"7014855",371852,2025-08-24 07:03:03,43.3596954345703,-8.40014743804932,"Unknown"
"7014855",371852,2025-08-24 07:08:03,43.3596343994141,-8.4001407623291,"Unknown"
"7014855",371852,2025-08-24 07:13:03,43.359676361084,-8.40011596679688,"Unknown"
"7014855",371852,2025-08-24 07:18:03,43.3597602844238,-8.40008163452148,"Unknown"
"7014855",371852,2025-08-24 07:23:03,43.3596572875977,-8.40013885498047,"Unknown"
"7014855",371852,2025-08-24 07:28:03,43.3596382141113,-8.40012359619141,"Unknown"
"7014855",371852,2025-08-24 07:33:03,43.3596076965332,-8.4001407623291,"Unknown"
"7014855",371852,2025-08-24 07:38:03,43.359733581543,-8.40008926391602,"Unknown"
"7014855",371852,2025-08-24 07:43:03,43.3596725463867,-8.40011119842529,"Unknown"
"7014855",371852,2025-08-24 07:48:12,43.3596267700195,-8.40007877349854,"Unknown"
"7014855",371852,2025-08-24 07:53:03,43.3597030639648,-8.39999008178711,"Unknown"
"7014855",371852,2025-08-24 07:58:03,43.3596801757812,-8.40004539489746,"Unknown"
"7014855",371852,2025-08-24 08:03:03,43.3596458435059,-8.4001293182373,"Unknown"
"7014855",371852,2025-08-24 08:08:03,43.3596687316895,-8.40005493164062,"Unknown"
"7014855",371852,2025-08-24 08:13:03,43.3599243164062,-8.39954948425293,"Unknown"
"7014855",371852,2025-08-24 08:18:03,43.3597640991211,-8.39969730377197,"Unknown"
"7014855",371852,2025-08-24 08:23:03,43.3593254089355,-8.39993286132812,"Unknown"
"7014855",371852,2025-08-24 08:28:03,43.3595771789551,-8.3999195098877,"Unknown"
"7014855",371852,2025-08-24 08:33:08,43.3598136901855,-8.39970588684082,"Unknown"
"7014855",371852,2025-08-24 08:38:09,43.3596115112305,-8.40023422241211,"Unknown"
"7014855",371852,2025-08-24 08:43:03,43.3597068786621,-8.40020847320557,"Unknown"
"7014855",371852,2025-08-24 08:48:14,43.3594818115234,-8.40039443969727,"Unknown"
"7014855",371852,2025-08-24 08:53:04,43.3595504760742,-8.40027236938477,"Unknown"
"7014855",371852,2025-08-24 08:58:07,43.3597602844238,-8.40010166168213,"Unknown"
"7014855",371852,2025-08-24 09:03:08,43.359561920166,-8.40021991729736,"Unknown"
"7014855",371852,2025-08-24 09:08:03,43.359561920166,-8.40034198760986,"Unknown"
"7014855",371852,2025-08-24 09:13:08,43.3595504760742,-8.40031337738037,"Unknown"
"7014855",371852,2025-08-24 09:18:26,43.3591651916504,-8.40083408355713,"Unknown"
"7014855",371852,2025-08-24 09:23:06,43.3594779968262,-8.40036106109619,"Unknown"
"7014855",371852,2025-08-24 09:28:12,43.3597106933594,-8.39993858337402,"Unknown"
"7014855",371852,2025-08-24 09:33:14,43.3596649169922,-8.40003108978271,"Unknown"
"7014855",371852,2025-08-24 09:38:08,43.3596496582031,-8.40011024475098,"Unknown"
"7014855",371852,2025-08-24 09:43:31,43.3596305847168,-8.40011024475098,"Unknown"
"7014855",371852,2025-08-24 09:48:02,43.3595886230469,-8.40015697479248,"Unknown"
"7014855",371852,2025-08-24 09:53:02,43.3596382141113,-8.40007781982422,"Unknown"
"7014855",371852,2025-08-24 09:58:02,43.3596458435059,-8.40012359619141,"Unknown"
"7014855",371852,2025-08-24 10:03:02,43.3596687316895,-8.40005970001221,"Unknown"
"7014855",371852,2025-08-24 10:08:02,43.3596725463867,-8.40016460418701,"Unknown"
"7014855",371852,2025-08-24 10:13:02,43.3596420288086,-8.40012073516846,"Unknown"
"7014855",371852,2025-08-24 10:18:02,43.3596801757812,-8.40009307861328,"Unknown"
"7014855",371852,2025-08-24 10:23:02,43.3596801757812,-8.40012550354004,"Unknown"
"7014855",371852,2025-08-24 10:28:02,43.3596649169922,-8.40014934539795,"Unknown"
"7014855",371852,2025-08-24 10:33:03,43.3596534729004,-8.40006446838379,"Unknown"
"7014855",371852,2025-08-24 10:38:03,43.3596038818359,-8.40006446838379,"Unknown"
"7014855",371852,2025-08-24 10:43:03,43.3596611022949,-8.40015506744385,"Unknown"
"7014855",371852,2025-08-24 10:48:03,43.359619140625,-8.40011978149414,"Unknown"
"7014855",371852,2025-08-24 10:53:05,43.3533515930176,-8.39611339569092,"Unknown"
"7014855",371852,2025-08-24 10:58:09,43.3595199584961,-8.40062999725342,"Unknown"
"7014855",371852,2025-08-24 11:03:02,43.3595161437988,-8.40061187744141,"Unknown"
"7014855",371852,2025-08-24 11:08:19,43.3586235046387,-8.40039157867432,"Unknown"
"7014855",371852,2025-08-24 11:13:13,43.3587036132812,-8.40041065216064,"Unknown"
"7014855",371852,2025-08-24 11:18:12,43.3593330383301,-8.39998435974121,"Unknown"
"7014855",371852,2025-08-24 11:23:11,43.3582000732422,-8.40021800994873,"Unknown"
"7014855",371852,2025-08-24 11:29:25,43.358772277832,-8.40111637115479,"Unknown"
"7014855",371852,2025-08-24 11:33:16,43.3595809936523,-8.40000247955322,"Unknown"
"7014855",371852,2025-08-24 11:38:48,43.3591156005859,-8.40034675598145,"Unknown"
"7014855",371852,2025-08-24 11:43:03,43.3588523864746,-8.39995574951172,"Unknown"
"7014855",371852,2025-08-24 11:48:16,43.3592948913574,-8.39918899536133,"Unknown"
"7014855",371852,2025-08-24 11:53:16,43.3593788146973,-8.39927005767822,"Unknown"
"7014855",371852,2025-08-24 11:58:07,43.3594856262207,-8.39937019348145,"Unknown"
"7014855",371852,2025-08-24 12:03:11,43.3594703674316,-8.39926052093506,"Unknown"
"7014855",371852,2025-08-24 12:08:07,43.3595085144043,-8.39929485321045,"Unknown"
"7014855",371852,2025-08-24 12:13:05,43.3596611022949,-8.39924430847168,"Unknown"
"7014855",371852,2025-08-24 12:18:07,43.3596878051758,-8.39932155609131,"Unknown"
"7014855",371852,2025-08-24 12:23:04,43.359432220459,-8.39970874786377,"Unknown"
"7014855",371852,2025-08-24 12:28:03,43.3594398498535,-8.39962768554688,"Unknown"
"7014855",371852,2025-08-24 12:33:03,43.3595199584961,-8.39959144592285,"Unknown"
"7014855",371852,2025-08-24 12:38:03,43.3594970703125,-8.39957046508789,"Unknown"
"7014855",371852,2025-08-24 12:43:03,43.3593521118164,-8.3997106552124,"Unknown"
"7014855",371852,2025-08-24 12:48:03,43.3590812683105,-8.3997917175293,"Unknown"
"7014855",371852,2025-08-24 12:53:03,43.359245300293,-8.39962673187256,"Unknown"
"7014855",371852,2025-08-24 12:58:03,43.3597030639648,-8.4000883102417,"Unknown"
"7014855",371852,2025-08-24 13:03:03,43.3596801757812,-8.40009117126465,"Unknown"
"7014855",371852,2025-08-24 13:08:04,43.359546661377,-8.40020751953125,"Unknown"
"7014855",371852,2025-08-24 13:13:03,43.3596420288086,-8.40014362335205,"Unknown"
"7014855",371852,2025-08-24 13:18:03,43.3597145080566,-8.40025806427002,"Unknown"
"7014855",371852,2025-08-24 13:23:03,43.3596496582031,-8.40017795562744,"Unknown"
"7014855",371852,2025-08-24 13:28:03,43.359504699707,-8.40011119842529,"Unknown"
"7014855",371852,2025-08-24 13:33:03,43.359489440918,-8.40009117126465,"Unknown"
"7014855",371852,2025-08-24 13:38:04,43.3597297668457,-8.40023136138916,"Unknown"
"7014855",371852,2025-08-24 13:43:03,43.3596038818359,-8.40008735656738,"Unknown"
"7014855",371852,2025-08-24 13:48:06,43.3596954345703,-8.40025806427002,"Unknown"
"7014855",371852,2025-08-24 13:53:06,43.3596649169922,-8.40026569366455,"Unknown"
"7014855",371852,2025-08-24 13:58:06,43.3596267700195,-8.40027046203613,"Unknown"
"7014855",371852,2025-08-24 14:03:03,43.359058380127,-8.39968109130859,"Unknown"
"7014855",371852,2025-08-24 14:08:35,43.3597183227539,-8.40027332305908,"Unknown"
"7014855",371852,2025-08-24 14:13:02,43.3598289489746,-8.40040874481201,"Unknown"
"7014855",371852,2025-08-24 14:18:04,43.3584976196289,-8.40194416046143,"Unknown"
"7014855",371852,2025-08-24 14:23:03,43.355598449707,-8.40244960784912,"Unknown"
"7014855",371852,2025-08-24 14:28:03,43.3556175231934,-8.40250396728516,"Unknown"
"7014855",371852,2025-08-24 14:33:03,43.35546875,-8.40235710144043,"Unknown"
"7014855",371852,2025-08-24 14:38:04,43.3555946350098,-8.40231609344482,"Unknown"
"7014855",371852,2025-08-24 14:43:07,43.355541229248,-8.40251922607422,"Unknown"
"7014855",371852,2025-08-24 14:48:14,43.3481559753418,-8.40746974945068,"Unknown"
"7014855",371852,2025-08-24 14:53:11,43.3481750488281,-8.40771865844727,"Unknown"
"7014855",371852,2025-08-24 14:58:05,43.3482284545898,-8.40771293640137,"Unknown"
"7014855",371852,2025-08-24 15:03:11,43.3481636047363,-8.40757179260254,"Unknown"
"7014855",371852,2025-08-24 15:08:03,43.3481407165527,-8.40791988372803,"Unknown"
"7014855",371852,2025-08-24 15:13:11,43.3551406860352,-8.40444183349609,"Unknown"
"7014855",371852,2025-08-24 15:18:09,43.3550148010254,-8.40500640869141,"Unknown"
"7014855",371852,2025-08-24 15:23:03,43.3551406860352,-8.40444946289062,"Unknown"
"7014855",371852,2025-08-24 15:28:04,43.3587684631348,-8.40485572814941,"Unknown"
"7014855",371852,2025-08-24 15:33:03,43.3587493896484,-8.40516757965088,"Unknown"
"7014855",371852,2025-08-24 15:38:03,43.3622817993164,-8.40467071533203,"Unknown"
"7014855",371852,2025-08-24 15:43:04,43.3624458312988,-8.40417861938477,"Unknown"
"7014855",371852,2025-08-24 15:48:14,43.3626098632812,-8.40400791168213,"Unknown"
"7014855",371852,2025-08-24 15:53:03,43.3626174926758,-8.40413379669189,"Unknown"
"7014855",371852,2025-08-24 15:58:04,43.3626365661621,-8.40399742126465,"Unknown"
"7014855",371852,2025-08-24 16:03:06,43.3625907897949,-8.40450096130371,"Unknown"
"7014855",371852,2025-08-24 16:08:07,43.3625907897949,-8.40442562103271,"Unknown"
"7014855",371852,2025-08-24 16:13:04,43.3625679016113,-8.40445327758789,"Unknown"
"7014855",371852,2025-08-24 16:18:04,43.3625259399414,-8.40398693084717,"Unknown"
"7014855",371852,2025-08-24 16:23:04,43.3625640869141,-8.40422821044922,"Unknown"
"7014855",371852,2025-08-24 16:28:10,43.3626174926758,-8.40407180786133,"Unknown"
"7014855",371852,2025-08-24 16:33:06,43.3624649047852,-8.40347385406494,"Unknown"
"7014855",371852,2025-08-24 16:38:07,43.3625564575195,-8.40397357940674,"Unknown"
"7014855",371852,2025-08-24 16:43:10,43.3625869750977,-8.4042911529541,"Unknown"
"7014855",371852,2025-08-24 16:48:14,43.3625831604004,-8.40359687805176,"Unknown"
"7014855",371852,2025-08-24 16:53:09,43.3624534606934,-8.40336894989014,"Unknown"
"7014855",371852,2025-08-24 16:58:04,43.3624305725098,-8.40364646911621,"Unknown"
"7014855",371852,2025-08-24 17:03:07,43.3624572753906,-8.40368175506592,"Unknown"
"7014855",371852,2025-08-24 17:08:06,43.3625221252441,-8.40376949310303,"Unknown"
"7014855",371852,2025-08-24 17:13:07,43.3624572753906,-8.40328693389893,"Unknown"
"7014855",371852,2025-08-24 17:18:07,43.3623695373535,-8.40375328063965,"Unknown"
"7014855",371852,2025-08-24 17:23:06,43.3628158569336,-8.40423583984375,"Unknown"
"7014855",371852,2025-08-24 17:28:08,43.3627738952637,-8.40424156188965,"Unknown"
"7014855",371852,2025-08-24 17:33:07,43.3623962402344,-8.40375232696533,"Unknown"
"7014855",371852,2025-08-24 17:38:09,43.3624496459961,-8.40347576141357,"Unknown"
"7014855",371852,2025-08-24 17:43:35,43.3624725341797,-8.40379905700684,"Unknown"
"7014855",371852,2025-08-24 17:48:06,43.3624534606934,-8.40364074707031,"Unknown"
"7014855",371852,2025-08-24 17:53:06,43.3627471923828,-8.40400409698486,"Unknown"
"7014855",371852,2025-08-24 17:58:08,43.3624534606934,-8.40374183654785,"Unknown"
"7014855",371852,2025-08-24 18:03:07,43.3624496459961,-8.40372657775879,"Unknown"
"7014855",371852,2025-08-24 18:08:06,43.3624801635742,-8.40364265441895,"Unknown"
"7014855",371852,2025-08-24 18:13:06,43.3623466491699,-8.40371322631836,"Unknown"
"7014855",371852,2025-08-24 18:18:05,43.3623504638672,-8.40374565124512,"Unknown"
"7014855",371852,2025-08-24 18:23:07,43.3624153137207,-8.40375232696533,"Unknown"
"7014855",371852,2025-08-24 18:28:06,43.3623275756836,-8.40370941162109,"Unknown"
"7014855",371852,2025-08-24 18:33:05,43.3623199462891,-8.40369033813477,"Unknown"
"7014855",371852,2025-08-24 18:38:05,43.3624305725098,-8.40373134613037,"Unknown"
"7014855",371852,2025-08-24 18:43:05,43.3623466491699,-8.40374374389648,"Unknown"
"7014855",371852,2025-08-24 18:48:05,43.3624000549316,-8.40372848510742,"Unknown"
"7014855",371852,2025-08-24 18:53:05,43.362621307373,-8.40350437164307,"Unknown"
"7014855",371852,2025-08-24 18:58:06,43.3626976013184,-8.40368843078613,"Unknown"
"7014855",371852,2025-08-24 19:03:07,43.362663269043,-8.40365791320801,"Unknown"
"7014855",371852,2025-08-24 19:08:07,43.3627624511719,-8.4035758972168,"Unknown"
"7014855",371852,2025-08-24 19:13:06,43.3626403808594,-8.4035177230835,"Unknown"
"7014855",371852,2025-08-24 19:18:06,43.3627319335938,-8.40359306335449,"Unknown"
"7014855",371852,2025-08-24 19:23:05,43.3627624511719,-8.40360164642334,"Unknown"
"7014855",371852,2025-08-24 19:28:05,43.3626899719238,-8.40360546112061,"Unknown"
"7014855",371852,2025-08-24 19:33:08,43.3627967834473,-8.40361022949219,"Unknown"
"7014855",371852,2025-08-24 19:38:09,43.3628730773926,-8.4036693572998,"Unknown"
"7014855",371852,2025-08-24 19:43:09,43.3626976013184,-8.40368938446045,"Unknown"
"7014855",371852,2025-08-24 19:48:09,43.3627662658691,-8.40366840362549,"Unknown"
"7014855",371852,2025-08-24 19:53:09,43.3626747131348,-8.40367412567139,"Unknown"
"7014855",371852,2025-08-24 19:58:09,43.3626670837402,-8.40384101867676,"Unknown"
"7014855",371852,2025-08-24 20:03:08,43.3628044128418,-8.40382194519043,"Unknown"
"7014855",371852,2025-08-24 20:08:09,43.3628768920898,-8.40386962890625,"Unknown"
"7014855",371852,2025-08-24 20:13:08,43.3629455566406,-8.40392303466797,"Unknown"
"7014855",371852,2025-08-24 20:18:11,43.3628845214844,-8.4039134979248,"Unknown"
"7014855",371852,2025-08-24 20:23:10,43.3629264831543,-8.40390396118164,"Unknown"
"7014855",371852,2025-08-24 20:28:10,43.3628768920898,-8.40393543243408,"Unknown"
"7014855",371852,2025-08-24 20:33:09,43.3629531860352,-8.40400218963623,"Unknown"
"7014855",371852,2025-08-24 20:38:12,43.3628730773926,-8.40402412414551,"Unknown"
"7014855",371852,2025-08-24 20:43:05,43.3627548217773,-8.40380573272705,"Unknown"
"7014855",371852,2025-08-24 20:48:09,43.3628234863281,-8.40391540527344,"Unknown"
"7014855",371852,2025-08-24 20:53:09,43.3627967834473,-8.40383911132812,"Unknown"
"7014855",371852,2025-08-24 20:58:09,43.3628730773926,-8.40396308898926,"Unknown"
"7014855",371852,2025-08-24 21:03:09,43.3627815246582,-8.40393733978271,"Unknown"
"7014855",371852,2025-08-24 21:08:08,43.3628349304199,-8.40391254425049,"Unknown"
"7014855",371852,2025-08-24 21:13:08,43.3628425598145,-8.40392303466797,"Unknown"
"7014855",371852,2025-08-24 21:18:07,43.3628273010254,-8.40389251708984,"Unknown"
"7014855",371852,2025-08-24 21:23:07,43.3627777099609,-8.40398025512695,"Unknown"
"7014855",371852,2025-08-24 21:28:06,43.3627281188965,-8.40396881103516,"Unknown"
"7014855",371852,2025-08-24 21:33:07,43.3628845214844,-8.40372467041016,"Unknown"
"7014855",371852,2025-08-24 21:38:14,43.3629417419434,-8.40359783172607,"Unknown"
"7014855",371852,2025-08-24 21:43:10,43.3629608154297,-8.40369510650635,"Unknown"
"7014855",371852,2025-08-24 21:48:10,43.3627243041992,-8.40375995635986,"Unknown"
"7014855",371852,2025-08-24 21:53:35,43.3632507324219,-8.40345096588135,"Unknown"
"7014855",371852,2025-08-24 21:58:15,43.362850189209,-8.40349960327148,"Unknown"
"7014855",371852,2025-08-24 22:03:35,43.3627319335938,-8.40360832214355,"Unknown"
"7014855",371852,2025-08-24 22:08:04,43.362735748291,-8.40361976623535,"Unknown"
"7014855",371852,2025-08-24 22:13:04,43.362720489502,-8.40366077423096,"Unknown"
"7014855",371852,2025-08-24 22:18:05,43.3627510070801,-8.4036226272583,"Unknown"
"7014855",371852,2025-08-24 22:23:06,43.3628311157227,-8.40370464324951,"Unknown"
"7014855",371852,2025-08-24 22:28:11,43.3626480102539,-8.40367984771729,"Unknown"
"7014855",371852,2025-08-24 22:33:06,43.3626556396484,-8.40367698669434,"Unknown"
"7014855",371852,2025-08-24 22:38:06,43.3626594543457,-8.40367412567139,"Unknown"
"7014855",371852,2025-08-24 22:43:07,43.3627548217773,-8.40367317199707,"Unknown"
"7014855",371852,2025-08-24 22:48:06,43.3626670837402,-8.40368270874023,"Unknown"
"7014855",371852,2025-08-24 22:53:06,43.3625946044922,-8.40369892120361,"Unknown"
"7014855",371852,2025-08-24 22:58:09,43.3628768920898,-8.40369033813477,"Unknown"
"7014855",371852,2025-08-24 23:03:09,43.3629417419434,-8.40383434295654,"Unknown"
"7014855",371852,2025-08-24 23:08:05,43.3627700805664,-8.40362071990967,"Unknown"
"7014855",371852,2025-08-24 23:13:06,43.3628730773926,-8.40380954742432,"Unknown"
"7014855",371852,2025-08-24 23:18:06,43.3628196716309,-8.40366840362549,"Unknown"
"7014855",371852,2025-08-24 23:23:08,43.3628044128418,-8.40377521514893,"Unknown"
"7014855",371852,2025-08-24 23:28:06,43.3627166748047,-8.40357780456543,"Unknown"
"7014855",371852,2025-08-24 23:33:05,43.3608779907227,-8.40314102172852,"Unknown"
"7014855",371852,2025-08-24 23:38:11,43.3623046875,-8.40372085571289,"Unknown"
"7014855",371852,2025-08-24 23:43:09,43.3619956970215,-8.40321159362793,"Unknown"
"7014855",371852,2025-08-24 23:48:10,43.3621635437012,-8.40314483642578,"Unknown"
"7014855",371852,2025-08-24 23:53:12,43.3623008728027,-8.40379619598389,"Unknown"
"7014855",371852,2025-08-24 23:58:29,43.3621063232422,-8.40344905853271,"Unknown"
"7014855",371852,2025-08-25 00:03:35,43.3620376586914,-8.40360069274902,"Unknown"
"7014855",371852,2025-08-25 00:08:06,43.361988067627,-8.40352535247803,"Unknown"
"7014855",371852,2025-08-25 00:13:05,43.3619766235352,-8.4035587310791,"Unknown"
"7014855",371852,2025-08-25 00:18:07,43.3620414733887,-8.40348148345947,"Unknown"
"7014855",371852,2025-08-25 00:23:05,43.3620109558105,-8.4035177230835,"Unknown"
"7014855",371852,2025-08-25 00:28:05,43.361946105957,-8.40356731414795,"Unknown"
"7014855",371852,2025-08-25 00:33:06,43.3619613647461,-8.40352725982666,"Unknown"
"7014855",371852,2025-08-25 00:38:06,43.3618927001953,-8.40360164642334,"Unknown"
"7014855",371852,2025-08-25 00:43:06,43.3620834350586,-8.40359210968018,"Unknown"
"7014855",371852,2025-08-25 00:48:06,43.3621826171875,-8.4036922454834,"Unknown"
"7014855",371852,2025-08-25 00:53:06,43.3620834350586,-8.40363121032715,"Unknown"
"7014855",371852,2025-08-25 00:58:04,43.3620758056641,-8.40358924865723,"Unknown"
"7014855",371852,2025-08-25 01:03:04,43.3618545532227,-8.40348148345947,"Unknown"
"7014855",371852,2025-08-25 01:08:05,43.3618698120117,-8.40352630615234,"Unknown"
"7014855",371852,2025-08-25 01:13:04,43.3621826171875,-8.40335273742676,"Unknown"
"7014855",371852,2025-08-25 01:18:04,43.3620262145996,-8.40343570709229,"Unknown"
"7014855",371852,2025-08-25 01:23:05,43.3621025085449,-8.40341663360596,"Unknown"
"7014855",371852,2025-08-25 01:28:07,43.3620758056641,-8.40364551544189,"Unknown"
"7014855",371852,2025-08-25 01:33:06,43.3618583679199,-8.40345191955566,"Unknown"
"7014855",371852,2025-08-25 01:38:06,43.3619613647461,-8.403733253479,"Unknown"
"7014855",371852,2025-08-25 01:43:09,43.3619918823242,-8.4035472869873,"Unknown"
"7014855",371852,2025-08-25 01:48:05,43.3618049621582,-8.40322399139404,"Unknown"
"7014855",371852,2025-08-25 01:53:06,43.3619956970215,-8.40352153778076,"Unknown"
"7014855",371852,2025-08-25 01:58:05,43.3618087768555,-8.40322589874268,"Unknown"
"7014855",371852,2025-08-25 02:03:05,43.362060546875,-8.40339946746826,"Unknown"
"7014855",371852,2025-08-25 02:08:06,43.3621025085449,-8.40351581573486,"Unknown"
"7014855",371852,2025-08-25 02:13:05,43.3621292114258,-8.40344047546387,"Unknown"
"7014855",371852,2025-08-25 02:18:06,43.3621597290039,-8.40350532531738,"Unknown"
"7014855",371852,2025-08-25 02:23:06,43.3622169494629,-8.40353488922119,"Unknown"
"7014855",371852,2025-08-25 02:28:06,43.3622016906738,-8.40352344512939,"Unknown"
"7014855",371852,2025-08-25 02:33:06,43.3620376586914,-8.40350818634033,"Unknown"
"7014855",371852,2025-08-25 02:38:06,43.362117767334,-8.40314388275146,"Unknown"
"7014855",371852,2025-08-25 02:43:07,43.3620910644531,-8.40329170227051,"Unknown"
"7014855",371852,2025-08-25 02:48:09,43.3620834350586,-8.40319156646729,"Unknown"
"7014855",371852,2025-08-25 02:53:06,43.3620719909668,-8.40347576141357,"Unknown"
"7014855",371852,2025-08-25 02:58:06,43.3620834350586,-8.4034538269043,"Unknown"
"7014855",371852,2025-08-25 03:03:06,43.362133026123,-8.40336894989014,"Unknown"
"7014855",371852,2025-08-25 03:08:06,43.3620986938477,-8.40333271026611,"Unknown"
"7014855",371852,2025-08-25 03:13:05,43.3620872497559,-8.40336036682129,"Unknown"
"7014855",371852,2025-08-25 03:18:06,43.3621253967285,-8.40328788757324,"Unknown"
"7014855",371852,2025-08-25 03:23:06,43.3620986938477,-8.40324211120605,"Unknown"
"7014855",371852,2025-08-25 03:28:07,43.3621597290039,-8.40328884124756,"Unknown"
"7014855",371852,2025-08-25 03:33:07,43.3621139526367,-8.40328407287598,"Unknown"
"7014855",371852,2025-08-25 03:38:07,43.3622055053711,-8.40314292907715,"Unknown"
"7014855",371852,2025-08-25 03:43:06,43.3620643615723,-8.4035472869873,"Unknown"
"7014855",371852,2025-08-25 03:48:07,43.3621292114258,-8.40342330932617,"Unknown"
"7014855",371852,2025-08-25 03:53:06,43.3618583679199,-8.40360832214355,"Unknown"
"7014855",371852,2025-08-25 03:58:06,43.3623161315918,-8.40337181091309,"Unknown"
"7014855",371852,2025-08-25 04:03:09,43.3620910644531,-8.40346622467041,"Unknown"
"7014855",371852,2025-08-25 04:08:08,43.3620719909668,-8.40330505371094,"Unknown"
"7014855",371852,2025-08-25 04:13:07,43.3620376586914,-8.4033727645874,"Unknown"
"7014855",371852,2025-08-25 04:18:06,43.3619575500488,-8.40349006652832,"Unknown"
"7014855",371852,2025-08-25 04:23:06,43.362003326416,-8.4035005569458,"Unknown"
"7014855",371852,2025-08-25 04:28:07,43.3620986938477,-8.40326499938965,"Unknown"
"7014855",371852,2025-08-25 04:33:07,43.3622741699219,-8.40314483642578,"Unknown"
"7014855",371852,2025-08-25 04:38:06,43.3620491027832,-8.40338039398193,"Unknown"
"7014855",371852,2025-08-25 04:43:06,43.3620796203613,-8.40334415435791,"Unknown"
"7014855",371852,2025-08-25 04:48:35,43.3621788024902,-8.40339374542236,"Unknown"
"7014855",371852,2025-08-25 04:53:04,43.3620910644531,-8.40342807769775,"Unknown"
"7014855",371852,2025-08-25 04:58:04,43.362060546875,-8.40342140197754,"Unknown"
"7014855",371852,2025-08-25 05:03:04,43.3619995117188,-8.4034481048584,"Unknown"
"7014855",371852,2025-08-25 05:08:06,43.362003326416,-8.40346240997314,"Unknown"
"7014855",371852,2025-08-25 05:13:07,43.3623085021973,-8.40340900421143,"Unknown"
"7014855",371852,2025-08-25 05:18:07,43.3624153137207,-8.40337562561035,"Unknown"
"7014855",371852,2025-08-25 05:23:05,43.3621063232422,-8.40347671508789,"Unknown"
"7014855",371852,2025-08-25 05:28:06,43.3623123168945,-8.40334415435791,"Unknown"
"7014855",371852,2025-08-25 05:33:07,43.3620758056641,-8.40349006652832,"Unknown"
"7014855",371852,2025-08-25 05:38:06,43.3621139526367,-8.40349578857422,"Unknown"
"7014855",371852,2025-08-25 05:43:08,43.3623542785645,-8.40369319915771,"Unknown"
"7014855",371852,2025-08-25 05:48:06,43.3623085021973,-8.40367889404297,"Unknown"
"7014855",371852,2025-08-25 05:53:06,43.3622932434082,-8.40355491638184,"Unknown"
"7014855",371852,2025-08-25 05:58:06,43.3559799194336,-8.40598392486572,"Unknown"
"7014855",371852,2025-08-25 06:03:06,43.3572769165039,-8.40713214874268,"Unknown"
"7014855",371852,2025-08-25 06:08:05,43.3553276062012,-8.41320133209229,"Unknown"
"7014855",371852,2025-08-25 06:13:08,43.3549270629883,-8.42327499389648,"Unknown"
"7014855",371852,2025-08-25 06:18:06,43.3520202636719,-8.43370056152344,"Unknown"
"7014855",371852,2025-08-25 06:23:09,43.3520736694336,-8.43359279632568,"Unknown"
"7014855",371852,2025-08-25 06:28:05,43.3564376831055,-8.45692348480225,"Unknown"
"7014855",371852,2025-08-25 06:33:06,43.3567008972168,-8.45694446563721,"Unknown"
"7014855",371852,2025-08-25 06:38:08,43.3565979003906,-8.45698738098145,"Unknown"
"7014855",371852,2025-08-25 06:43:18,43.3565406799316,-8.45692825317383,"Unknown"
"7014855",371852,2025-08-25 06:48:05,43.3547439575195,-8.45817375183105,"Unknown"
"7014855",371852,2025-08-25 06:53:44,43.3541831970215,-8.45881462097168,"Unknown"
"7014855",371852,2025-08-25 06:58:10,43.3547973632812,-8.45840358734131,"Unknown"
"7014855",371852,2025-08-25 07:03:11,43.3545417785645,-8.4583911895752,"Unknown"
"7014855",371852,2025-08-25 07:08:08,43.3565826416016,-8.45721340179443,"Unknown"
"7014855",371852,2025-08-25 07:13:11,43.3562355041504,-8.45697784423828,"Unknown"
"7014855",371852,2025-08-25 07:18:09,43.3561935424805,-8.45700359344482,"Unknown"
"7014855",371852,2025-08-25 07:23:10,43.3563537597656,-8.45703315734863,"Unknown"
"7014855",371852,2025-08-25 07:28:16,43.356315612793,-8.45712757110596,"Unknown"
"7014855",371852,2025-08-25 07:33:08,43.3563461303711,-8.45695400238037,"Unknown"
"7014855",371852,2025-08-25 07:38:12,43.3562698364258,-8.45703792572021,"Unknown"
"7014855",371852,2025-08-25 07:43:09,43.3561515808105,-8.45694255828857,"Unknown"
"7014855",371852,2025-08-25 07:48:07,43.3561477661133,-8.45734310150146,"Unknown"
"7014855",371852,2025-08-25 07:53:08,43.356071472168,-8.45687294006348,"Unknown"
"7014855",371852,2025-08-25 07:58:06,43.3561134338379,-8.45686340332031,"Unknown"
"7014855",371852,2025-08-25 08:03:06,43.356029510498,-8.45695686340332,"Unknown"
"7014855",371852,2025-08-25 08:08:12,43.3561668395996,-8.45707607269287,"Unknown"
"7014855",371852,2025-08-25 08:13:22,43.3539581298828,-8.45851707458496,"Unknown"
"7014855",371852,2025-08-25 08:18:24,43.3540573120117,-8.4586763381958,"Unknown"
"7014855",371852,2025-08-25 08:23:18,43.3541259765625,-8.45867538452148,"Unknown"
"7014855",371852,2025-08-25 08:29:29,43.3540153503418,-8.45867919921875,"Unknown"
"7014855",371852,2025-08-25 08:33:06,43.3564796447754,-8.45696067810059,"Unknown"
"7014855",371852,2025-08-25 08:38:06,43.3568305969238,-8.45711708068848,"Unknown"
"7014855",371852,2025-08-25 08:43:08,43.3567314147949,-8.45715141296387,"Unknown"
"7014855",371852,2025-08-25 08:48:06,43.3564987182617,-8.45711803436279,"Unknown"
"7014855",371852,2025-08-25 08:53:05,43.3564796447754,-8.45715522766113,"Unknown"
"7014855",371852,2025-08-25 08:58:06,43.3564109802246,-8.45715522766113,"Unknown"
"7014855",371852,2025-08-25 09:03:05,43.3565521240234,-8.45705890655518,"Unknown"
"7014855",371852,2025-08-25 09:08:05,43.3565521240234,-8.45698070526123,"Unknown"
"7014855",371852,2025-08-25 09:13:06,43.3568153381348,-8.45717334747314,"Unknown"
"7014855",371852,2025-08-25 09:18:08,43.3569221496582,-8.45723915100098,"Unknown"
"7014855",371852,2025-08-25 09:23:08,43.357006072998,-8.45696830749512,"Unknown"
"7014855",371852,2025-08-25 09:28:08,43.3569793701172,-8.45723247528076,"Unknown"
"7014855",371852,2025-08-25 09:33:05,43.3546524047852,-8.45834732055664,"Unknown"
"7014855",371852,2025-08-25 09:38:44,43.3543167114258,-8.45900249481201,"Unknown"
"7014855",371852,2025-08-25 09:43:32,43.3542518615723,-8.45902729034424,"Unknown"
"7014855",371852,2025-08-25 09:48:43,43.354419708252,-8.45878887176514,"Unknown"
"7014855",371852,2025-08-25 09:53:12,43.3539733886719,-8.4597225189209,"Unknown"
"7014855",371852,2025-08-25 09:58:16,43.3544654846191,-8.4594841003418,"Unknown"
"7014855",371852,2025-08-25 10:03:10,43.354564666748,-8.45931053161621,"Unknown"
"7014855",371852,2025-08-25 10:08:07,43.3564987182617,-8.45629978179932,"Unknown"
"7014855",371852,2025-08-25 10:13:09,43.3558654785156,-8.45849609375,"Unknown"
"7014855",371852,2025-08-25 10:18:07,43.3564071655273,-8.45719432830811,"Unknown"
"7014855",371852,2025-08-25 10:23:08,43.3559761047363,-8.45778942108154,"Unknown"
"7014855",371852,2025-08-25 10:28:12,43.3568534851074,-8.457350730896,"Unknown"
"7014855",371852,2025-08-25 10:33:20,43.3565788269043,-8.45763206481934,"Unknown"
"7014855",371852,2025-08-25 10:38:10,43.356575012207,-8.45756912231445,"Unknown"
"7014855",371852,2025-08-25 10:43:06,43.3567276000977,-8.45706272125244,"Unknown"
"7014855",371852,2025-08-25 10:48:12,43.3566246032715,-8.45749759674072,"Unknown"
"7014855",371852,2025-08-25 10:53:09,43.3566551208496,-8.45723628997803,"Unknown"
"7014855",371852,2025-08-25 10:58:09,43.3566017150879,-8.45765113830566,"Unknown"
"7014855",371852,2025-08-25 11:03:08,43.356575012207,-8.45718479156494,"Unknown"
"7014855",371852,2025-08-25 11:08:07,43.3564682006836,-8.45725154876709,"Unknown"
"7014855",371852,2025-08-25 11:13:19,43.3564987182617,-8.45720291137695,"Unknown"
"7014855",371852,2025-08-25 11:18:08,43.3550758361816,-8.45761299133301,"Unknown"
"7014855",371852,2025-08-25 11:23:10,43.3556327819824,-8.45760250091553,"Unknown"
"7014855",371852,2025-08-25 11:28:15,43.3563270568848,-8.45724487304688,"Unknown"
"7014855",371852,2025-08-25 11:33:23,43.3570098876953,-8.4571647644043,"Unknown"
"7014855",371852,2025-08-25 11:38:15,43.3568077087402,-8.4566707611084,"Unknown"
"7014855",371852,2025-08-25 11:43:11,43.3567848205566,-8.45697689056396,"Unknown"
"7014855",371852,2025-08-25 11:48:40,43.3537139892578,-8.45928955078125,"Unknown"
"7014855",371852,2025-08-25 11:53:08,43.3594703674316,-8.46110916137695,"Unknown"
"7014855",371852,2025-08-25 11:58:19,43.3584136962891,-8.46877098083496,"Unknown"
"7014855",371852,2025-08-25 12:03:08,43.3579902648926,-8.4687328338623,"Unknown"
"7014855",371852,2025-08-25 12:08:08,43.3580207824707,-8.46878147125244,"Unknown"
"7014855",371852,2025-08-25 12:13:12,43.3579025268555,-8.46892166137695,"Unknown"
"7014855",371852,2025-08-25 12:18:10,43.3581581115723,-8.46868133544922,"Unknown"
"7014855",371852,2025-08-25 12:23:08,43.3581466674805,-8.46890354156494,"Unknown"
"7014855",371852,2025-08-25 12:28:27,43.3582420349121,-8.46883869171143,"Unknown"
"7014855",371852,2025-08-25 12:33:26,43.3580665588379,-8.46889972686768,"Unknown"
"7014855",371852,2025-08-25 12:38:26,43.3584861755371,-8.46967506408691,"Unknown"
"7014855",371852,2025-08-25 12:43:28,43.3580894470215,-8.46862602233887,"Unknown"
"7014855",371852,2025-08-25 12:48:25,43.3580169677734,-8.46875858306885,"Unknown"
"7014855",371852,2025-08-25 12:53:55,43.3579902648926,-8.46859073638916,"Unknown"
"7014855",371852,2025-08-25 12:58:33,43.3582038879395,-8.46852397918701,"Unknown"
"7014855",371852,2025-08-25 13:03:24,43.3578720092773,-8.46881008148193,"Unknown"
"7014855",371852,2025-08-25 13:08:26,43.3579406738281,-8.46887493133545,"Unknown"
"7014855",371852,2025-08-25 13:13:33,43.3579444885254,-8.46848011016846,"Unknown"
"7014855",371852,2025-08-25 13:18:26,43.3575668334961,-8.46851634979248,"Unknown"
"7014855",371852,2025-08-25 13:23:26,43.3578872680664,-8.46891403198242,"Unknown"
"7014855",371852,2025-08-25 13:28:26,43.3578643798828,-8.46875858306885,"Unknown"
"7014855",371852,2025-08-25 13:33:26,43.3582954406738,-8.468994140625,"Unknown"
"7014855",371852,2025-08-25 13:38:43,43.3576812744141,-8.46845245361328,"Unknown"
"7014855",371852,2025-08-25 13:43:27,43.3580932617188,-8.468186378479,"Unknown"
"7014855",371852,2025-08-25 13:49:01,43.3574676513672,-8.46871376037598,"Unknown"
"7014855",371852,2025-08-25 13:53:29,43.357349395752,-8.46829223632812,"Unknown"
"7014855",371852,2025-08-25 13:58:32,43.3580932617188,-8.46843147277832,"Unknown"
"7014855",371852,2025-08-25 14:03:37,43.3581390380859,-8.4684534072876,"Unknown"
"7014855",371852,2025-08-25 14:09:19,43.3579177856445,-8.46886825561523,"Unknown"
"7014855",371852,2025-08-25 14:13:39,43.357551574707,-8.46868419647217,"Unknown"
"7014855",371852,2025-08-25 14:18:41,43.3574256896973,-8.46858310699463,"Unknown"
"7014855",371852,2025-08-25 14:23:53,43.3575973510742,-8.4686164855957,"Unknown"
"7014855",371852,2025-08-25 14:28:29,43.3580284118652,-8.4695987701416,"Unknown"
"7014855",371852,2025-08-25 14:33:38,43.3580017089844,-8.46930980682373,"Unknown"
"7014855",371852,2025-08-25 14:38:37,43.3579025268555,-8.46913814544678,"Unknown"
"7014855",371852,2025-08-25 14:43:39,43.3578720092773,-8.46916389465332,"Unknown"
"7014855",371852,2025-08-25 14:48:44,43.3581314086914,-8.46931457519531,"Unknown"
"7014855",371852,2025-08-25 14:53:39,43.3577346801758,-8.46917819976807,"Unknown"
"7014855",371852,2025-08-25 14:58:37,43.3578987121582,-8.4691858291626,"Unknown"
"7014855",371852,2025-08-25 15:03:42,43.357837677002,-8.46931457519531,"Unknown"
"7014855",371852,2025-08-25 15:08:37,43.3579139709473,-8.46936702728271,"Unknown"
"7014855",371852,2025-08-25 15:13:25,43.3576927185059,-8.46932315826416,"Unknown"
"7014855",371852,2025-08-25 15:18:37,43.3579216003418,-8.4691915512085,"Unknown"
"7014855",371852,2025-08-25 15:23:41,43.3578147888184,-8.46929454803467,"Unknown"
"7014855",371852,2025-08-25 15:28:38,43.358154296875,-8.46717929840088,"Unknown"
"7014855",371852,2025-08-25 15:34:42,43.3579978942871,-8.46717548370361,"Unknown"
"7014855",371852,2025-08-25 15:39:48,43.3579902648926,-8.4671745300293,"Unknown"
"7014855",371852,2025-08-25 15:44:31,43.3579483032227,-8.46718215942383,"Unknown"
"7014855",371852,2025-08-25 15:48:26,43.3581848144531,-8.46717929840088,"Unknown"
"7014855",371852,2025-08-25 15:53:26,43.3579597473145,-8.46715259552002,"Unknown"
"7014855",371852,2025-08-25 15:58:35,43.3579940795898,-8.46724700927734,"Unknown"
"7014855",371852,2025-08-25 16:03:28,43.3579330444336,-8.46725940704346,"Unknown"
"7014855",371852,2025-08-25 16:08:30,43.3579025268555,-8.46724796295166,"Unknown"
"7014855",371852,2025-08-25 16:13:28,43.3580055236816,-8.46716117858887,"Unknown"
"7014855",371852,2025-08-25 16:18:35,43.3580169677734,-8.46716785430908,"Unknown"
"7014855",371852,2025-08-25 16:23:35,43.3581733703613,-8.46715068817139,"Unknown"
"7014855",371852,2025-08-25 16:28:25,43.3602905273438,-8.45611095428467,"Unknown"
"7014855",371852,2025-08-25 16:33:27,43.3569297790527,-8.45571899414062,"Unknown"
"7014855",371852,2025-08-25 16:38:28,43.3562889099121,-8.45676708221436,"Unknown"
"7014855",371852,2025-08-25 16:43:30,43.3570938110352,-8.45633602142334,"Unknown"
"7014855",371852,2025-08-25 16:48:27,43.356559753418,-8.45707130432129,"Unknown"
"7014855",371852,2025-08-25 16:53:26,43.356761932373,-8.45715618133545,"Unknown"
"7014855",371852,2025-08-25 16:58:27,43.3563423156738,-8.45706653594971,"Unknown"
"7014855",371852,2025-08-25 17:03:24,43.3565139770508,-8.45713901519775,"Unknown"
"7014855",371852,2025-08-25 17:08:28,43.3564949035645,-8.45707702636719,"Unknown"
"7014855",371852,2025-08-25 17:13:25,43.3565101623535,-8.45699405670166,"Unknown"
"7014855",371852,2025-08-25 17:18:30,43.3563232421875,-8.45709419250488,"Unknown"
"7014855",371852,2025-08-25 17:23:27,43.3564376831055,-8.45710754394531,"Unknown"
"7014855",371852,2025-08-25 17:28:26,43.3567962646484,-8.45692253112793,"Unknown"
"7014855",371852,2025-08-25 17:33:26,43.3565711975098,-8.45700931549072,"Unknown"
"7014855",371852,2025-08-25 17:38:27,43.3567123413086,-8.45718669891357,"Unknown"
"7014855",371852,2025-08-25 17:43:28,43.3564147949219,-8.45695304870605,"Unknown"
"7014855",371852,2025-08-25 17:48:31,43.3564224243164,-8.45707607269287,"Unknown"
"7014855",371852,2025-08-25 17:53:28,43.3561363220215,-8.45702362060547,"Unknown"
"7014855",371852,2025-08-25 17:58:25,43.354320526123,-8.45843696594238,"Unknown"
"7014855",371852,2025-08-25 18:03:59,43.3547859191895,-8.45850563049316,"Unknown"
"7014855",371852,2025-08-25 18:08:41,43.3542861938477,-8.45871067047119,"Unknown"
"7014855",371852,2025-08-25 18:13:25,43.3546104431152,-8.45843315124512,"Unknown"
"7014855",371852,2025-08-25 18:18:25,43.3564300537109,-8.45693492889404,"Unknown"
"7014855",371852,2025-08-25 18:23:27,43.3564682006836,-8.45684242248535,"Unknown"
"7014855",371852,2025-08-25 18:28:28,43.3564109802246,-8.45694160461426,"Unknown"
"7014855",371852,2025-08-25 18:33:25,43.3563613891602,-8.45814895629883,"Unknown"
"7014855",371852,2025-08-25 18:38:25,43.3565788269043,-8.45797920227051,"Unknown"
"7014855",371852,2025-08-25 18:43:25,43.3584365844727,-8.45746803283691,"Unknown"
"7014855",371852,2025-08-25 18:48:25,43.356330871582,-8.45742130279541,"Unknown"
"7014855",371852,2025-08-25 18:53:26,43.3571701049805,-8.45747470855713,"Unknown"
"7014855",371852,2025-08-25 18:58:29,43.3570365905762,-8.45744323730469,"Unknown"
"7014855",371852,2025-08-25 19:03:34,43.3560638427734,-8.4570951461792,"Unknown"
"7014855",371852,2025-08-25 19:08:27,43.3563919067383,-8.45689868927002,"Unknown"
"7014855",371852,2025-08-25 19:13:26,43.3500213623047,-8.43645858764648,"Unknown"
"7014855",371852,2025-08-25 19:18:38,43.3555793762207,-8.42128562927246,"Unknown"
"7014855",371852,2025-08-25 19:23:31,43.3557586669922,-8.42116355895996,"Unknown"
"7014855",371852,2025-08-25 19:28:28,43.3628082275391,-8.40360641479492,"Unknown"
"7014855",371852,2025-08-25 19:33:25,43.3628730773926,-8.40366172790527,"Unknown"
"7014855",371852,2025-08-25 19:38:30,43.3630828857422,-8.4039945602417,"Unknown"
"7014855",371852,2025-08-25 19:43:26,43.3625907897949,-8.40350818634033,"Unknown"
"7014855",371852,2025-08-25 19:48:28,43.3626823425293,-8.40368747711182,"Unknown"
"7014855",371852,2025-08-25 19:53:26,43.3624725341797,-8.40346622467041,"Unknown"
"7014855",371852,2025-08-25 19:58:40,43.3625068664551,-8.40376472473145,"Unknown"
"7014855",371852,2025-08-25 20:03:30,43.3623542785645,-8.40376377105713,"Unknown"
"7014855",371852,2025-08-25 20:08:43,43.362419128418,-8.40342903137207,"Unknown"
"7014855",371852,2025-08-25 20:13:37,43.3624954223633,-8.40345668792725,"Unknown"
"7014855",371852,2025-08-25 20:18:35,43.3623542785645,-8.40344429016113,"Unknown"
"7014855",371852,2025-08-25 20:23:26,43.3623542785645,-8.40340518951416,"Unknown"
"7014855",371852,2025-08-25 20:28:32,43.3623046875,-8.4033670425415,"Unknown"
"7014855",371852,2025-08-25 20:33:32,43.3619575500488,-8.40315628051758,"Unknown"
"7014855",371852,2025-08-25 20:38:25,43.3621444702148,-8.40351867675781,"Unknown"
"7014855",371852,2025-08-25 20:43:36,43.3620262145996,-8.40347480773926,"Unknown"
"7014855",371852,2025-08-25 20:48:43,43.3621292114258,-8.40343761444092,"Unknown"
"7014855",371852,2025-08-25 20:53:25,43.3619079589844,-8.40337085723877,"Unknown"
"7014855",371852,2025-08-25 20:58:25,43.3620109558105,-8.40338230133057,"Unknown"
"7014855",371852,2025-08-25 21:03:26,43.3622055053711,-8.40354633331299,"Unknown"
"7014855",371852,2025-08-25 21:08:29,43.3640670776367,-8.40054512023926,"Unknown"
"7014855",371852,2025-08-25 21:13:28,43.3635864257812,-8.40063571929932,"Unknown"
"7014855",371852,2025-08-25 21:18:35,43.3641967773438,-8.40030860900879,"Unknown"
"7014855",371852,2025-08-25 21:23:30,43.3639335632324,-8.40048217773438,"Unknown"
"7014855",371852,2025-08-25 21:28:31,43.3640403747559,-8.4005069732666,"Unknown"
"7014855",371852,2025-08-25 21:33:30,43.3639144897461,-8.4002046585083,"Unknown"
"7014855",371852,2025-08-25 21:38:31,43.364070892334,-8.40041923522949,"Unknown"
"7014855",371852,2025-08-25 21:43:51,43.3641815185547,-8.40066242218018,"Unknown"
"7014855",371852,2025-08-25 21:48:44,43.3641929626465,-8.40067863464355,"Unknown"
"7014855",371852,2025-08-25 21:53:34,43.3643455505371,-8.40072822570801,"Unknown"
"7014855",371852,2025-08-25 21:58:28,43.3644065856934,-8.40133285522461,"Unknown"
"7014855",371852,2025-08-25 22:03:28,43.3642387390137,-8.40156936645508,"Unknown"
"7014855",371852,2025-08-25 22:08:26,43.3643226623535,-8.40148639678955,"Unknown"
"7014855",371852,2025-08-25 22:13:28,43.364387512207,-8.40156078338623,"Unknown"
"7014855",371852,2025-08-25 22:18:28,43.3644752502441,-8.40155601501465,"Unknown"
"7014855",371852,2025-08-25 22:23:31,43.3642463684082,-8.40177536010742,"Unknown"
"7014855",371852,2025-08-25 22:28:28,43.3644523620605,-8.40151977539062,"Unknown"
"7014855",371852,2025-08-25 22:33:39,43.3643493652344,-8.40173625946045,"Unknown"
"7014855",371852,2025-08-25 22:38:38,43.3642959594727,-8.40179824829102,"Unknown"
"7014855",371852,2025-08-25 22:43:38,43.3643531799316,-8.40182876586914,"Unknown"
"7014855",371852,2025-08-25 22:49:44,43.3627243041992,-8.40370750427246,"Unknown"
"7014855",371852,2025-08-25 22:53:32,43.3642463684082,-8.40157699584961,"Unknown"
"7014855",371852,2025-08-25 22:58:38,43.3641738891602,-8.40168762207031,"Unknown"
"7014855",371852,2025-08-25 23:03:38,43.3640098571777,-8.40221786499023,"Unknown"
"7014855",371852,2025-08-25 23:08:38,43.3642578125,-8.40144443511963,"Unknown"
"7014855",371852,2025-08-25 23:13:42,43.3641242980957,-8.40159225463867,"Unknown"
"7014855",371852,2025-08-25 23:18:30,43.3639488220215,-8.40168190002441,"Unknown"
"7014855",371852,2025-08-25 23:23:39,43.3604164123535,-8.4024486541748,"Unknown"
"7014855",371852,2025-08-25 23:28:36,43.3609313964844,-8.4026403427124,"Unknown"
"7014855",371852,2025-08-25 23:33:37,43.3607444763184,-8.40291213989258,"Unknown"
"7014855",371852,2025-08-25 23:38:32,43.3605728149414,-8.40293502807617,"Unknown"
"7014855",371852,2025-08-25 23:43:35,43.3605613708496,-8.40275478363037,"Unknown"
"7014855",371852,2025-08-25 23:48:59,43.3607330322266,-8.40268707275391,"Unknown"
"7014855",371852,2025-08-25 23:53:26,43.3607330322266,-8.4028491973877,"Unknown"
"7014855",371852,2025-08-25 23:58:28,43.3608016967773,-8.40270900726318,"Unknown"
"7014855",371852,2025-08-26 00:03:26,43.360725402832,-8.40272903442383,"Unknown"
"7014855",371852,2025-08-26 00:08:25,43.3608360290527,-8.40266418457031,"Unknown"
"7014855",371852,2025-08-26 00:13:26,43.3607215881348,-8.40281295776367,"Unknown"
"7014855",371852,2025-08-26 00:18:25,43.3607902526855,-8.40268898010254,"Unknown"
"7014855",371852,2025-08-26 00:23:25,43.3608093261719,-8.40274620056152,"Unknown"
"7014855",371852,2025-08-26 00:28:26,43.3607940673828,-8.40270805358887,"Unknown"
"7014855",371852,2025-08-26 00:33:26,43.3607902526855,-8.402663230896,"Unknown"
"7014855",371852,2025-08-26 00:38:25,43.360767364502,-8.40272331237793,"Unknown"
"7014855",371852,2025-08-26 00:43:25,43.3608207702637,-8.40268611907959,"Unknown"
"7014855",371852,2025-08-26 00:48:25,43.3608169555664,-8.40275478363037,"Unknown"
"7014855",371852,2025-08-26 00:53:25,43.3606262207031,-8.40266513824463,"Unknown"
"7014855",371852,2025-08-26 00:58:25,43.3607063293457,-8.40276336669922,"Unknown"
"7014855",371852,2025-08-26 01:03:25,43.3607902526855,-8.40266704559326,"Unknown"
"7014855",371852,2025-08-26 01:08:26,43.3607711791992,-8.40268707275391,"Unknown"
"7014855",371852,2025-08-26 01:13:26,43.3607025146484,-8.40263557434082,"Unknown"
"7014855",371852,2025-08-26 01:18:25,43.3607215881348,-8.40263080596924,"Unknown"
"7014855",371852,2025-08-26 01:23:26,43.3607559204102,-8.40264320373535,"Unknown"
"7014855",371852,2025-08-26 01:28:26,43.3607788085938,-8.40275001525879,"Unknown"
"7014855",371852,2025-08-26 01:33:30,43.3604278564453,-8.4027214050293,"Unknown"
"7014855",371852,2025-08-26 01:38:28,43.3606262207031,-8.40263748168945,"Unknown"
"7014855",371852,2025-08-26 01:43:29,43.3599014282227,-8.40245819091797,"Unknown"
"7014855",371852,2025-08-26 01:48:29,43.3605422973633,-8.40264225006104,"Unknown"
"7014855",371852,2025-08-26 01:53:28,43.3604354858398,-8.40260219573975,"Unknown"
"7014855",371852,2025-08-26 01:58:26,43.3606338500977,-8.40275478363037,"Unknown"
"7014855",371852,2025-08-26 02:03:26,43.3606414794922,-8.40268421173096,"Unknown"
"7014855",371852,2025-08-26 02:08:28,43.3628311157227,-8.40883255004883,"Unknown"
"7014855",371852,2025-08-26 02:13:31,43.3608436584473,-8.40293025970459,"Unknown"
"7014855",371852,2025-08-26 02:18:26,43.360969543457,-8.40317058563232,"Unknown"
"7014855",371852,2025-08-26 02:23:38,43.3608741760254,-8.40279006958008,"Unknown"
"7014855",371852,2025-08-26 02:28:29,43.3609275817871,-8.4027738571167,"Unknown"
"7014855",371852,2025-08-26 02:33:27,43.3609085083008,-8.40297794342041,"Unknown"
"7014855",371852,2025-08-26 02:38:30,43.3612976074219,-8.40322685241699,"Unknown"
"7014855",371852,2025-08-26 02:43:30,43.3612785339355,-8.40334987640381,"Unknown"
"7014855",371852,2025-08-26 02:48:41,43.361255645752,-8.40328502655029,"Unknown"
"7014855",371852,2025-08-26 02:53:27,43.3612060546875,-8.40307521820068,"Unknown"
"7014855",371852,2025-08-26 02:58:28,43.361255645752,-8.40301513671875,"Unknown"
"7014855",371852,2025-08-26 03:03:28,43.3612022399902,-8.40262413024902,"Unknown"
"7014855",371852,2025-08-26 03:08:30,43.3612289428711,-8.40283489227295,"Unknown"
"7014855",371852,2025-08-26 03:13:40,43.361328125,-8.40321254730225,"Unknown"
"7014855",371852,2025-08-26 03:18:42,43.3613128662109,-8.40300464630127,"Unknown"
"7014855",371852,2025-08-26 03:23:45,43.3613395690918,-8.40295124053955,"Unknown"
"7014855",371852,2025-08-26 03:28:30,43.3613319396973,-8.40286445617676,"Unknown"
"7014855",371852,2025-08-26 03:33:37,43.3614883422852,-8.40365982055664,"Unknown"
"7014855",371852,2025-08-26 03:38:31,43.3612976074219,-8.40286827087402,"Unknown"
"7014855",371852,2025-08-26 03:43:39,43.3613624572754,-8.40296840667725,"Unknown"
"7014855",371852,2025-08-26 03:48:59,43.361270904541,-8.40310382843018,"Unknown"
"7014855",371852,2025-08-26 03:53:25,43.361213684082,-8.40312194824219,"Unknown"
"7014855",371852,2025-08-26 03:58:24,43.3611259460449,-8.40316677093506,"Unknown"
"7014855",371852,2025-08-26 04:03:25,43.3610992431641,-8.40311145782471,"Unknown"
"7014855",371852,2025-08-26 04:08:25,43.361083984375,-8.40314483642578,"Unknown"
"7014855",371852,2025-08-26 04:13:25,43.3610725402832,-8.40311813354492,"Unknown"
"7014855",371852,2025-08-26 04:18:25,43.3610954284668,-8.4030818939209,"Unknown"
"7014855",371852,2025-08-26 04:23:25,43.3610763549805,-8.40310001373291,"Unknown"
"7014855",371852,2025-08-26 04:28:24,43.3610458374023,-8.40309715270996,"Unknown"
"7014855",371852,2025-08-26 04:33:24,43.3610801696777,-8.40314197540283,"Unknown"
"7014855",371852,2025-08-26 04:38:26,43.3611106872559,-8.40319538116455,"Unknown"
"7014855",371852,2025-08-26 04:43:24,43.3624000549316,-8.40375804901123,"Unknown"
"7014855",371852,2025-08-26 04:48:30,43.3624420166016,-8.40373706817627,"Unknown"
"7014855",371852,2025-08-26 04:53:30,43.3624305725098,-8.4039363861084,"Unknown"
"7014855",371852,2025-08-26 04:58:26,43.3623962402344,-8.403733253479,"Unknown"
"7014855",371852,2025-08-26 05:03:28,43.3623924255371,-8.40376949310303,"Unknown"
"7014855",371852,2025-08-26 05:08:40,43.3625221252441,-8.40367221832275,"Unknown"
"7014855",371852,2025-08-26 05:13:25,43.3625640869141,-8.40399169921875,"Unknown"
"7014855",371852,2025-08-26 05:18:29,43.3630142211914,-8.40453815460205,"Unknown"
"7014855",371852,2025-08-26 05:23:26,43.3628273010254,-8.40413570404053,"Unknown"
"7014855",371852,2025-08-26 05:28:29,43.3624305725098,-8.40380954742432,"Unknown"
"7014855",371852,2025-08-26 05:33:27,43.3625144958496,-8.40392112731934,"Unknown"
"7014855",371852,2025-08-26 05:38:29,43.3608856201172,-8.40306758880615,"Unknown"
"7014855",371852,2025-08-26 05:43:51,43.3606109619141,-8.40280151367188,"Unknown"
"7014855",371852,2025-08-26 05:48:27,43.3606262207031,-8.40229320526123,"Unknown"
"7014855",371852,2025-08-26 05:53:26,43.3606338500977,-8.40270042419434,"Unknown"
"7014855",371852,2025-08-26 05:58:25,43.3605041503906,-8.40331268310547,"Unknown"
"7014855",371852,2025-08-26 06:03:43,43.3602905273438,-8.40256595611572,"Unknown"
"7014855",371852,2025-08-26 06:08:31,43.3611717224121,-8.40252113342285,"Unknown"
"7014855",371852,2025-08-26 06:13:27,43.3615684509277,-8.40298175811768,"Unknown"
"7014855",371852,2025-08-26 06:18:30,43.3615875244141,-8.40304565429688,"Unknown"
"7014855",371852,2025-08-26 06:23:39,43.3614501953125,-8.40294361114502,"Unknown"
"7014855",371852,2025-08-26 06:28:29,43.3616371154785,-8.40341377258301,"Unknown"
"7014855",371852,2025-08-26 06:33:44,43.3613700866699,-8.40313339233398,"Unknown"
"7014855",371852,2025-08-26 06:38:27,43.3595809936523,-8.4038724899292,"Unknown"
"7014855",371852,2025-08-26 06:43:34,43.361442565918,-8.40295314788818,"Unknown"
"7014855",371852,2025-08-26 06:48:29,43.3589286804199,-8.40254306793213,"Unknown"
"7014855",371852,2025-08-26 06:53:28,43.3614044189453,-8.40316390991211,"Unknown"
"7014855",371852,2025-08-26 06:58:41,43.3610153198242,-8.40277767181396,"Unknown"
"7014855",371852,2025-08-26 07:03:29,43.3610954284668,-8.40275573730469,"Unknown"
"7014855",371852,2025-08-26 07:08:29,43.3610916137695,-8.4028205871582,"Unknown"
"7014855",371852,2025-08-26 07:13:40,43.3616943359375,-8.40265941619873,"Unknown"
"7014855",371852,2025-08-26 07:18:30,43.3612022399902,-8.40282535552979,"Unknown"
"7014855",371852,2025-08-26 07:23:55,43.361385345459,-8.40262126922607,"Unknown"
"7014855",371852,2025-08-26 07:28:37,43.3612823486328,-8.40265464782715,"Unknown"
"7014855",371852,2025-08-26 07:33:43,43.3607940673828,-8.40334510803223,"Unknown"
"7014855",371852,2025-08-26 07:38:41,43.361270904541,-8.40267562866211,"Unknown"
"7014855",371852,2025-08-26 07:43:41,43.3614921569824,-8.40275382995605,"Unknown"
"7014855",371852,2025-08-26 07:48:43,43.3615570068359,-8.40270042419434,"Unknown"
"7014855",371852,2025-08-26 07:53:56,43.3614311218262,-8.40312767028809,"Unknown"
"7014855",371852,2025-08-26 07:58:25,43.365550994873,-8.4022274017334,"Unknown"
"7014855",371852,2025-08-26 08:03:29,43.3657264709473,-8.40207386016846,"Unknown"
"7014855",371852,2025-08-26 08:08:25,43.3656730651855,-8.40228843688965,"Unknown"
"7014855",371852,2025-08-26 08:13:29,43.3657264709473,-8.40224933624268,"Unknown"
"7014855",371852,2025-08-26 08:18:28,43.3655891418457,-8.40132522583008,"Unknown"
"7014855",371852,2025-08-26 08:23:25,43.3628005981445,-8.40353584289551,"Unknown"
"7014855",371852,2025-08-26 08:28:36,43.3634719848633,-8.40302562713623,"Unknown"
"7014855",371852,2025-08-26 08:33:40,43.3626327514648,-8.40365982055664,"Unknown"
"7014855",371852,2025-08-26 08:38:36,43.3625946044922,-8.40365123748779,"Unknown"
"7014855",371852,2025-08-26 08:43:40,43.3620719909668,-8.40403747558594,"Unknown"
"7014855",371852,2025-08-26 08:48:40,43.3623504638672,-8.40387344360352,"Unknown"
"7014855",371852,2025-08-26 08:53:27,43.3624954223633,-8.40353679656982,"Unknown"
"7014855",371852,2025-08-26 08:58:43,43.3626174926758,-8.40391254425049,"Unknown"
"7014855",371852,2025-08-26 09:03:25,43.3627166748047,-8.40353965759277,"Unknown"
"7014855",371852,2025-08-26 09:08:35,43.3625106811523,-8.40390014648438,"Unknown"
"7014855",371852,2025-08-26 09:13:34,43.3625564575195,-8.40388202667236,"Unknown"
"7014855",371852,2025-08-26 09:18:30,43.362865447998,-8.40463352203369,"Unknown"
"7014855",371852,2025-08-26 09:23:40,43.3624000549316,-8.40383720397949,"Unknown"
"7014855",371852,2025-08-26 09:28:59,43.3626289367676,-8.40394115447998,"Unknown"
"7014855",371852,2025-08-26 09:33:25,43.3626441955566,-8.40400695800781,"Unknown"
"7014855",371852,2025-08-26 09:38:25,43.3625602722168,-8.40396785736084,"Unknown"
"7014855",371852,2025-08-26 09:43:25,43.3625450134277,-8.40402507781982,"Unknown"
"7014855",371852,2025-08-26 09:48:24,43.3625869750977,-8.40399837493896,"Unknown"
"7014855",371852,2025-08-26 09:53:25,43.3625602722168,-8.40406322479248,"Unknown"
"7014855",371852,2025-08-26 09:58:27,43.3625259399414,-8.40400981903076,"Unknown"
"7014855",371852,2025-08-26 10:03:27,43.3625564575195,-8.403977394104,"Unknown"
"7014855",371852,2025-08-26 10:08:26,43.3625373840332,-8.40400695800781,"Unknown"
"7014855",371852,2025-08-26 10:13:34,43.3625144958496,-8.40391635894775,"Unknown"
"7014855",371852,2025-08-26 10:18:31,43.3625526428223,-8.40391063690186,"Unknown"
"7014855",371852,2025-08-26 10:23:30,43.362117767334,-8.40609264373779,"Unknown"
"7014855",371852,2025-08-26 10:28:25,43.362377166748,-8.40375518798828,"Unknown"
"7014855",371852,2025-08-26 10:33:26,43.3625373840332,-8.40392684936523,"Unknown"
"7014855",371852,2025-08-26 10:38:25,43.3625259399414,-8.40403842926025,"Unknown"
"7014855",371852,2025-08-26 10:43:44,43.3625183105469,-8.40400218963623,"Unknown"
"7014855",371852,2025-08-26 10:48:34,43.3624992370605,-8.40397644042969,"Unknown"
"7014855",371852,2025-08-26 10:53:34,43.3625297546387,-8.40389347076416,"Unknown"
"7014855",371852,2025-08-26 10:58:26,43.3625221252441,-8.40395259857178,"Unknown"
"7014855",371852,2025-08-26 11:03:44,43.3624839782715,-8.40386009216309,"Unknown"
"7014855",371852,2025-08-26 11:08:34,43.3624458312988,-8.40386581420898,"Unknown"
"7014855",371852,2025-08-26 11:13:27,43.3596305847168,-8.40198612213135,"Unknown"
"7014855",371852,2025-08-26 11:18:34,43.3600997924805,-8.40228462219238,"Unknown"
"7014855",371852,2025-08-26 11:23:34,43.3596343994141,-8.40129947662354,"Unknown"
"7014855",371852,2025-08-26 11:28:35,43.3602905273438,-8.40240001678467,"Unknown"
"7014855",371852,2025-08-26 11:33:47,43.3603324890137,-8.40322017669678,"Unknown"
"7014855",371852,2025-08-26 11:38:43,43.3593673706055,-8.40437602996826,"Unknown"
"7014855",371852,2025-08-26 11:43:29,43.3603973388672,-8.40255928039551,"Unknown"
"7014855",371852,2025-08-26 11:48:28,43.3601837158203,-8.40209293365479,"Unknown"
"7014855",371852,2025-08-26 11:53:25,43.3603744506836,-8.40262985229492,"Unknown"
"7014855",371852,2025-08-26 11:58:38,43.3603477478027,-8.40216255187988,"Unknown"
"7014855",371852,2025-08-26 12:03:59,43.3603591918945,-8.4026575088501,"Unknown"
"7014855",371852,2025-08-26 12:08:27,43.3604431152344,-8.40242385864258,"Unknown"
"7014855",371852,2025-08-26 12:13:26,43.3603439331055,-8.40256977081299,"Unknown"
"7014855",371852,2025-08-26 12:18:24,43.360523223877,-8.40268707275391,"Unknown"
"7014855",371852,2025-08-26 12:23:33,43.3607330322266,-8.40263748168945,"Unknown"
"7014855",371852,2025-08-26 12:28:27,43.3612174987793,-8.4029541015625,"Unknown"
"7014855",371852,2025-08-26 12:33:28,43.3610992431641,-8.40286159515381,"Unknown"
"7014855",371852,2025-08-26 12:38:31,43.3612060546875,-8.4029655456543,"Unknown"
"7014855",371852,2025-08-26 12:43:26,43.3610649108887,-8.40296268463135,"Unknown"
"7014855",371852,2025-08-26 12:48:27,43.3611145019531,-8.40301418304443,"Unknown"
"7014855",371852,2025-08-26 12:53:26,43.360969543457,-8.40271472930908,"Unknown"
"7014855",371852,2025-08-26 12:58:25,43.3611488342285,-8.40287017822266,"Unknown"
"7014855",371852,2025-08-26 13:03:25,43.3611373901367,-8.40292453765869,"Unknown"
"7014855",371852,2025-08-26 13:08:27,43.3611488342285,-8.40287971496582,"Unknown"
"7014855",371852,2025-08-26 13:13:27,43.361213684082,-8.40288829803467,"Unknown"
"7014855",371852,2025-08-26 13:18:28,43.3611183166504,-8.40278911590576,"Unknown"
"7014855",371852,2025-08-26 13:23:27,43.3609848022461,-8.40261077880859,"Unknown"
"7014855",371852,2025-08-26 13:28:34,43.361328125,-8.40296173095703,"Unknown"
"7014855",371852,2025-08-26 13:34:19,43.3612403869629,-8.40293788909912,"Unknown"
"7014855",371852,2025-08-26 13:38:46,43.3613433837891,-8.40329647064209,"Unknown"
"7014855",371852,2025-08-26 13:43:49,43.3613090515137,-8.40330982208252,"Unknown"
"7014855",371852,2025-08-26 13:48:26,43.3614616394043,-8.40323448181152,"Unknown"
"7014855",371852,2025-08-26 13:53:36,43.3614730834961,-8.40341758728027,"Unknown"
"7014855",371852,2025-08-26 13:58:38,43.3613624572754,-8.40303325653076,"Unknown"
"7014855",371852,2025-08-26 14:03:26,43.3615913391113,-8.40312671661377,"Unknown"
"7014855",371852,2025-08-26 14:08:29,43.3614158630371,-8.40345287322998,"Unknown"
"7014855",371852,2025-08-26 14:13:31,43.3613052368164,-8.40333461761475,"Unknown"
"7014855",371852,2025-08-26 14:18:28,43.3614311218262,-8.40340900421143,"Unknown"
"7014855",371852,2025-08-26 14:23:27,43.3614311218262,-8.40339088439941,"Unknown"
"7014855",371852,2025-08-26 14:28:28,43.3614540100098,-8.4031343460083,"Unknown"
"7014855",371852,2025-08-26 14:33:45,43.3614730834961,-8.40316009521484,"Unknown"
"7014855",371852,2025-08-26 14:38:57,43.3614654541016,-8.40316295623779,"Unknown"
"7014855",371852,2025-08-26 14:43:29,43.3619003295898,-8.40321445465088,"Unknown"
"7014855",371852,2025-08-26 14:48:31,43.3624649047852,-8.40354251861572,"Unknown"
"7014855",371852,2025-08-26 14:53:27,43.3622398376465,-8.40323066711426,"Unknown"
"7014855",371852,2025-08-26 14:59:48,43.3624572753906,-8.403639793396,"Unknown"
"7014855",371852,2025-08-26 15:04:48,43.3624496459961,-8.40375423431396,"Unknown"
"7014855",371852,2025-08-26 15:09:48,43.3624496459961,-8.40369510650635,"Unknown"
"7014855",371852,2025-08-26 15:14:35,43.362419128418,-8.40371036529541,"Unknown"
"7014855",371852,2025-08-26 15:18:28,43.3623886108398,-8.40372276306152,"Unknown"
"7014855",371852,2025-08-26 15:23:24,43.3623657226562,-8.40392017364502,"Unknown"
"7014855",371852,2025-08-26 15:28:24,43.3623275756836,-8.40369129180908,"Unknown"
"7014855",371852,2025-08-26 15:33:44,43.3627738952637,-8.40392780303955,"Unknown"
"7014855",371852,2025-08-26 15:38:25,43.3627967834473,-8.40392875671387,"Unknown"
"7014855",371852,2025-08-26 15:43:25,43.3637046813965,-8.40401363372803,"Unknown"
"7014855",371852,2025-08-26 15:48:26,43.3637313842773,-8.40429973602295,"Unknown"
"7014855",371852,2025-08-26 15:53:24,43.3638305664062,-8.40428256988525,"Unknown"
"7014855",371852,2025-08-26 15:58:24,43.3628845214844,-8.40401744842529,"Unknown"
"7014855",371852,2025-08-26 16:03:24,43.3628921508789,-8.40391445159912,"Unknown"
"7014855",371852,2025-08-26 16:08:24,43.3629188537598,-8.40409469604492,"Unknown"
"7014855",371852,2025-08-26 16:13:33,43.3628730773926,-8.4039831161499,"Unknown"
"7014855",371852,2025-08-26 16:18:27,43.3618965148926,-8.40329074859619,"Unknown"
"7014855",371852,2025-08-26 16:23:27,43.3621025085449,-8.40390682220459,"Unknown"
"7014855",371852,2025-08-26 16:28:31,43.3622016906738,-8.40374088287354,"Unknown"
"7014855",371852,2025-08-26 16:33:29,43.3622932434082,-8.4036865234375,"Unknown"
"7014855",371852,2025-08-26 16:38:25,43.3622398376465,-8.40357780456543,"Unknown"
"7014855",371852,2025-08-26 16:43:28,43.3623390197754,-8.40367984771729,"Unknown"
"7014855",371852,2025-08-26 16:48:26,43.3623352050781,-8.40365982055664,"Unknown"
"7014855",371852,2025-08-26 16:53:27,43.3623466491699,-8.40365886688232,"Unknown"
"7014855",371852,2025-08-26 16:58:28,43.3622703552246,-8.40357780456543,"Unknown"
"7014855",371852,2025-08-26 17:03:30,43.362377166748,-8.40368366241455,"Unknown"
"7014855",371852,2025-08-26 17:08:26,43.3622817993164,-8.40364551544189,"Unknown"
"7014855",371852,2025-08-26 17:13:28,43.3622932434082,-8.40359306335449,"Unknown"
"7014855",371852,2025-08-26 17:18:36,43.3624725341797,-8.40379428863525,"Unknown"
"7014855",371852,2025-08-26 17:23:27,43.3624534606934,-8.40396213531494,"Unknown"
"7014855",371852,2025-08-26 17:28:27,43.3624153137207,-8.40371227264404,"Unknown"
"7014855",371852,2025-08-26 17:33:27,43.3622131347656,-8.40382862091064,"Unknown"
"7014855",371852,2025-08-26 17:38:28,43.3620719909668,-8.40364265441895,"Unknown"
"7014855",371852,2025-08-26 17:43:30,43.3619766235352,-8.4035120010376,"Unknown"
"7014855",371852,2025-08-26 17:48:28,43.3619995117188,-8.40325164794922,"Unknown"
"7014855",371852,2025-08-26 17:53:31,43.3624382019043,-8.40424919128418,"Unknown"
"7014855",371852,2025-08-26 17:58:37,43.362476348877,-8.40427780151367,"Unknown"
"7014855",371852,2025-08-26 18:03:59,43.3619651794434,-8.403639793396,"Unknown"
"7014855",371852,2025-08-26 18:08:28,43.3620719909668,-8.4037971496582,"Unknown"
"7014855",371852,2025-08-26 18:13:25,43.3620758056641,-8.40342807769775,"Unknown"
"7014855",371852,2025-08-26 18:18:26,43.3622169494629,-8.4033784866333,"Unknown"
"7014855",371852,2025-08-26 18:23:28,43.3620834350586,-8.40340709686279,"Unknown"
"7014855",371852,2025-08-26 18:28:26,43.362117767334,-8.40344715118408,"Unknown"
"7014855",371852,2025-08-26 18:33:25,43.3620147705078,-8.40348052978516,"Unknown"
"7014855",371852,2025-08-26 18:38:27,43.3618469238281,-8.40355205535889,"Unknown"
"7014855",371852,2025-08-26 18:43:25,43.3620147705078,-8.40341854095459,"Unknown"
"7014855",371852,2025-08-26 18:48:26,43.362117767334,-8.40342140197754,"Unknown"
"7014855",371852,2025-08-26 18:53:26,43.3617477416992,-8.4035472869873,"Unknown"
"7014855",371852,2025-08-26 18:58:27,43.3618316650391,-8.40352535247803,"Unknown"
"7014855",371852,2025-08-26 19:03:26,43.3620414733887,-8.40340042114258,"Unknown"
"7014855",371852,2025-08-26 19:08:26,43.3614845275879,-8.40358924865723,"Unknown"
"7014855",371852,2025-08-26 19:13:26,43.36181640625,-8.40347290039062,"Unknown"
"7014855",371852,2025-08-26 19:18:26,43.362133026123,-8.40342617034912,"Unknown"
"7014855",371852,2025-08-26 19:23:26,43.3620529174805,-8.40351009368896,"Unknown"
"7014855",371852,2025-08-26 19:28:25,43.3620376586914,-8.40351009368896,"Unknown"
"7014855",371852,2025-08-26 19:33:26,43.3620223999023,-8.40331172943115,"Unknown"
"7014855",371852,2025-08-26 19:38:44,43.3620948791504,-8.40356063842773,"Unknown"
"7014855",371852,2025-08-26 19:43:26,43.3622016906738,-8.40356731414795,"Unknown"
"7014855",371852,2025-08-26 19:48:25,43.3622283935547,-8.40366268157959,"Unknown"
"7014855",371852,2025-08-26 19:53:25,43.3620910644531,-8.4036750793457,"Unknown"
"7014855",371852,2025-08-26 19:58:26,43.3622550964355,-8.40365505218506,"Unknown"
"7014855",371852,2025-08-26 20:03:26,43.3622436523438,-8.40357685089111,"Unknown"
"7014855",371852,2025-08-26 20:08:28,43.3622894287109,-8.40384101867676,"Unknown"
"7014855",371852,2025-08-26 20:13:30,43.3614921569824,-8.40571308135986,"Unknown"
"7014855",371852,2025-08-26 20:18:45,43.3626289367676,-8.40380954742432,"Unknown"
"7014855",371852,2025-08-26 20:23:34,43.3627738952637,-8.4038200378418,"Unknown"
"7014855",371852,2025-08-26 20:28:28,43.3629913330078,-8.40372467041016,"Unknown"
"7014855",371852,2025-08-26 20:33:44,43.3626289367676,-8.40386962890625,"Unknown"
"7014855",371852,2025-08-26 20:38:26,43.3624305725098,-8.40371322631836,"Unknown"
"7014855",371852,2025-08-26 20:43:26,43.3624725341797,-8.40393733978271,"Unknown"
"7014855",371852,2025-08-26 20:48:26,43.3625335693359,-8.40393733978271,"Unknown"
"7014855",371852,2025-08-26 20:53:25,43.3623657226562,-8.40367889404297,"Unknown"
"7014855",371852,2025-08-26 20:58:59,43.362247467041,-8.40349292755127,"Unknown"
"7014855",371852,2025-08-26 21:03:25,43.3621597290039,-8.40343284606934,"Unknown"
"7014855",371852,2025-08-26 21:08:24,43.3622283935547,-8.40344619750977,"Unknown"
"7014855",371852,2025-08-26 21:13:25,43.3622016906738,-8.40351295471191,"Unknown"
"7014855",371852,2025-08-26 21:18:25,43.3622283935547,-8.4035758972168,"Unknown"
"7014855",371852,2025-08-26 21:23:24,43.3622207641602,-8.40349388122559,"Unknown"
"7014855",371852,2025-08-26 21:28:24,43.3622360229492,-8.40350914001465,"Unknown"
"7014855",371852,2025-08-26 21:33:24,43.3622589111328,-8.40342712402344,"Unknown"
"7014855",371852,2025-08-26 21:38:25,43.3622589111328,-8.40341663360596,"Unknown"
"7014855",371852,2025-08-26 21:43:25,43.3622398376465,-8.40349578857422,"Unknown"
"7014855",371852,2025-08-26 21:48:24,43.3622550964355,-8.40348625183105,"Unknown"
"7014855",371852,2025-08-26 21:53:25,43.3622817993164,-8.40350914001465,"Unknown"
"7014855",371852,2025-08-26 21:58:24,43.3622436523438,-8.40357398986816,"Unknown"
"7014855",371852,2025-08-26 22:03:27,43.3622627258301,-8.4035120010376,"Unknown"
"7014855",371852,2025-08-26 22:08:26,43.3622283935547,-8.4035062789917,"Unknown"
"7014855",371852,2025-08-26 22:13:24,43.3623580932617,-8.40359973907471,"Unknown"
"7014855",371852,2025-08-26 22:18:25,43.3622970581055,-8.40350532531738,"Unknown"
"7014855",371852,2025-08-26 22:23:27,43.362247467041,-8.40347480773926,"Unknown"
"7014855",371852,2025-08-26 22:28:24,43.3623237609863,-8.40342330932617,"Unknown"
"7014855",371852,2025-08-26 22:33:25,43.3624000549316,-8.40360355377197,"Unknown"
"7014855",371852,2025-08-26 22:38:44,43.3622627258301,-8.40352725982666,"Unknown"
"7014855",371852,2025-08-26 22:43:26,43.3621978759766,-8.40376281738281,"Unknown"
"7014855",371852,2025-08-26 22:48:27,43.3623199462891,-8.40374183654785,"Unknown"
"7014855",371852,2025-08-26 22:53:30,43.362190246582,-8.40358924865723,"Unknown"
"7014855",371852,2025-08-26 22:59:05,43.3623199462891,-8.403733253479,"Unknown"
"7014855",371852,2025-08-26 23:03:27,43.3623046875,-8.40261077880859,"Unknown"
"7014855",371852,2025-08-26 23:08:25,43.3622398376465,-8.40333366394043,"Unknown"
"7014855",371852,2025-08-26 23:13:28,43.3620223999023,-8.40365982055664,"Unknown"
"7014855",371852,2025-08-26 23:18:34,43.3620223999023,-8.40371990203857,"Unknown"
"7014855",371852,2025-08-26 23:23:28,43.362060546875,-8.40313148498535,"Unknown"
"7014855",371852,2025-08-26 23:28:24,43.3619956970215,-8.40331745147705,"Unknown"
"7014855",371852,2025-08-26 23:33:36,43.3624839782715,-8.4026460647583,"Unknown"
"7014855",371852,2025-08-26 23:38:37,43.361988067627,-8.40343952178955,"Unknown"
"7014855",371852,2025-08-26 23:43:37,43.3585014343262,-8.3967170715332,"Unknown"
"7014855",371852,2025-08-26 23:48:43,43.3618698120117,-8.40346717834473,"Unknown"
"7014855",371852,2025-08-26 23:53:29,43.3618583679199,-8.40352153778076,"Unknown"
"7014855",371852,2025-08-26 23:58:36,43.3618278503418,-8.40333366394043,"Unknown"
"7014855",371852,2025-08-27 00:03:29,43.3617401123047,-8.40318775177002,"Unknown"
"7014855",371852,2025-08-27 00:08:29,43.3619613647461,-8.40358066558838,"Unknown"
"7014855",371852,2025-08-27 00:13:30,43.3618507385254,-8.40335369110107,"Unknown"
"7014855",371852,2025-08-27 00:18:29,43.3624305725098,-8.40449333190918,"Unknown"
"7014855",371852,2025-08-27 00:23:50,43.361946105957,-8.40323257446289,"Unknown"
"7014855",371852,2025-08-27 00:28:29,43.3619232177734,-8.40322208404541,"Unknown"
"7014855",371852,2025-08-27 00:33:37,43.3622627258301,-8.40331554412842,"Unknown"
"7014855",371852,2025-08-27 00:38:46,43.3623428344727,-8.40333843231201,"Unknown"
"7014855",371852,2025-08-27 00:43:26,43.3615913391113,-8.40465450286865,"Unknown"
"7014855",371852,2025-08-27 00:48:27,43.3621864318848,-8.403151512146,"Unknown"
"7014855",371852,2025-08-27 00:53:30,43.3618850708008,-8.40320014953613,"Unknown"
"7014855",371852,2025-08-27 00:58:37,43.3618621826172,-8.40333652496338,"Unknown"
"7014855",371852,2025-08-27 01:03:59,43.3618927001953,-8.40327453613281,"Unknown"
"7014855",371852,2025-08-27 01:08:24,43.3618812561035,-8.40328121185303,"Unknown"
"7014855",371852,2025-08-27 01:13:25,43.3618316650391,-8.40324592590332,"Unknown"
"7014855",371852,2025-08-27 01:18:26,43.3616142272949,-8.40274524688721,"Unknown"
"7014855",371852,2025-08-27 01:23:29,43.3617553710938,-8.40307807922363,"Unknown"
"7014855",371852,2025-08-27 01:28:33,43.3617973327637,-8.40322113037109,"Unknown"
"7014855",371852,2025-08-27 01:33:28,43.3618087768555,-8.40316200256348,"Unknown"
"7014855",371852,2025-08-27 01:38:30,43.3618202209473,-8.40321731567383,"Unknown"
"7014855",371852,2025-08-27 01:43:36,43.3618469238281,-8.40328216552734,"Unknown"
"7014855",371852,2025-08-27 01:48:25,43.3617706298828,-8.40347003936768,"Unknown"
"7014855",371852,2025-08-27 01:53:25,43.3618316650391,-8.40341377258301,"Unknown"
"7014855",371852,2025-08-27 01:58:31,43.3618049621582,-8.40334129333496,"Unknown"
"7014855",371852,2025-08-27 02:03:37,43.3619842529297,-8.4032621383667,"Unknown"
"7014855",371852,2025-08-27 02:09:08,43.3619041442871,-8.40323448181152,"Unknown"
"7014855",371852,2025-08-27 02:13:44,43.3619651794434,-8.40324211120605,"Unknown"
"7014855",371852,2025-08-27 02:18:29,43.3619728088379,-8.40325832366943,"Unknown"
"7014855",371852,2025-08-27 02:23:27,43.3619422912598,-8.40342426300049,"Unknown"
"7014855",371852,2025-08-27 02:28:30,43.3618278503418,-8.40394973754883,"Unknown"
"7014855",371852,2025-08-27 02:33:33,43.3620109558105,-8.40325736999512,"Unknown"
"7014855",371852,2025-08-27 02:38:36,43.3619537353516,-8.40294647216797,"Unknown"
"7014855",371852,2025-08-27 02:43:31,43.3618125915527,-8.40311717987061,"Unknown"
"7014855",371852,2025-08-27 02:48:31,43.3619422912598,-8.403000831604,"Unknown"
"7014855",371852,2025-08-27 02:53:28,43.3619995117188,-8.40303230285645,"Unknown"
"7014855",371852,2025-08-27 02:58:28,43.3619613647461,-8.40300273895264,"Unknown"
"7014855",371852,2025-08-27 03:03:44,43.3620719909668,-8.40304279327393,"Unknown"
"7014855",371852,2025-08-27 03:08:36,43.3621788024902,-8.40291213989258,"Unknown"
"7014855",371852,2025-08-27 03:13:44,43.3623046875,-8.40299701690674,"Unknown"
"7014855",371852,2025-08-27 03:18:59,43.3624572753906,-8.40324687957764,"Unknown"
"7014855",371852,2025-08-27 03:23:28,43.3632316589355,-8.40303039550781,"Unknown"
"7014855",371852,2025-08-27 03:28:37,43.3617172241211,-8.40341854095459,"Unknown"
"7014855",371852,2025-08-27 03:33:30,43.3617897033691,-8.40315818786621,"Unknown"
"7014855",371852,2025-08-27 03:38:28,43.3619270324707,-8.40338897705078,"Unknown"
"7014855",371852,2025-08-27 03:43:44,43.3620376586914,-8.40336608886719,"Unknown"
"7014855",371852,2025-08-27 03:48:30,43.3620872497559,-8.40329647064209,"Unknown"
"7014855",371852,2025-08-27 03:53:34,43.3619117736816,-8.40328693389893,"Unknown"
"7014855",371852,2025-08-27 03:59:49,43.3620719909668,-8.40333938598633,"Unknown"
"7014855",371852,2025-08-27 04:04:04,43.361988067627,-8.40338230133057,"Unknown"
"7014855",371852,2025-08-27 04:08:25,43.3620109558105,-8.40333652496338,"Unknown"
"7014855",371852,2025-08-27 04:13:26,43.3619995117188,-8.40341377258301,"Unknown"
"7014855",371852,2025-08-27 04:18:28,43.3620758056641,-8.40340709686279,"Unknown"
"7014855",371852,2025-08-27 04:23:26,43.3618431091309,-8.40339374542236,"Unknown"
"7014855",371852,2025-08-27 04:28:26,43.361888885498,-8.40338706970215,"Unknown"
"7014855",371852,2025-08-27 04:33:25,43.3618583679199,-8.40339851379395,"Unknown"
"7014855",371852,2025-08-27 04:38:41,43.3618507385254,-8.40354442596436,"Unknown"
"7014855",371852,2025-08-27 04:43:26,43.3619155883789,-8.40337753295898,"Unknown"
"7014855",371852,2025-08-27 04:48:26,43.3619003295898,-8.40355587005615,"Unknown"
"7014855",371852,2025-08-27 04:54:49,43.3618965148926,-8.40349006652832,"Unknown"
"7014855",371852,2025-08-27 04:59:29,43.3618545532227,-8.40343475341797,"Unknown"
"7014855",371852,2025-08-27 05:03:45,43.3618431091309,-8.40338706970215,"Unknown"
"7014855",371852,2025-08-27 05:08:27,43.3618927001953,-8.40372657775879,"Unknown"
"7014855",371852,2025-08-27 05:13:24,43.3618469238281,-8.40356922149658,"Unknown"
"7014855",371852,2025-08-27 05:18:26,43.3617630004883,-8.40372753143311,"Unknown"
"7014855",371852,2025-08-27 05:23:33,43.3619728088379,-8.40343475341797,"Unknown"
"7014855",371852,2025-08-27 05:28:26,43.3619499206543,-8.40355205535889,"Unknown"
"7014855",371852,2025-08-27 05:33:24,43.3620300292969,-8.4034366607666,"Unknown"
"7014855",371852,2025-08-27 05:38:26,43.3619995117188,-8.40331745147705,"Unknown"
"7014855",371852,2025-08-27 05:43:25,43.3619575500488,-8.4033203125,"Unknown"
"7014855",371852,2025-08-27 05:48:55,43.3620223999023,-8.40342712402344,"Unknown"
"7014855",371852,2025-08-27 05:53:24,43.3619918823242,-8.40370941162109,"Unknown"
"7014855",371852,2025-08-27 05:58:42,43.3618545532227,-8.40341758728027,"Unknown"
"7014855",371852,2025-08-27 06:03:24,43.3618354797363,-8.40328407287598,"Unknown"
"7014855",371852,2025-08-27 06:08:28,43.3617820739746,-8.40327167510986,"Unknown"
"7014855",371852,2025-08-27 06:13:24,43.3622436523438,-8.40337944030762,"Unknown"
"7014855",371852,2025-08-27 06:18:25,43.3621063232422,-8.40330982208252,"Unknown"
"7014855",371852,2025-08-27 06:23:26,43.3620338439941,-8.40332412719727,"Unknown"
"7014855",371852,2025-08-27 06:28:25,43.3618698120117,-8.40320777893066,"Unknown"
"7014855",371852,2025-08-27 06:33:25,43.3618927001953,-8.40336036682129,"Unknown"
"7014855",371852,2025-08-27 06:38:25,43.3618774414062,-8.40328693389893,"Unknown"
"7014855",371852,2025-08-27 06:43:25,43.361701965332,-8.40323162078857,"Unknown"
"7014855",371852,2025-08-27 06:48:33,43.3619041442871,-8.40340614318848,"Unknown"
"7014855",371852,2025-08-27 06:53:31,43.3619041442871,-8.40320873260498,"Unknown"
"7014855",371852,2025-08-27 06:59:12,43.3619728088379,-8.40360355377197,"Unknown"
"7014855",371852,2025-08-27 07:03:27,43.3618583679199,-8.40278053283691,"Unknown"
"7014855",371852,2025-08-27 07:08:35,43.3619232177734,-8.40358829498291,"Unknown"
"7014855",371852,2025-08-27 07:13:28,43.3618354797363,-8.40332221984863,"Unknown"
"7014855",371852,2025-08-27 07:18:36,43.361873626709,-8.40309715270996,"Unknown"
"7014855",371852,2025-08-27 07:28:48,43.3618850708008,-8.40328693389893,"Unknown"
"7014855",371852,2025-08-27 07:34:49,43.361888885498,-8.40335083007812,"Unknown"
"7014855",371852,2025-08-27 07:39:49,43.3618812561035,-8.40314102172852,"Unknown"
"7014855",371852,2025-08-27 07:44:49,43.3619003295898,-8.40334415435791,"Unknown"
"7014855",371852,2025-08-27 07:48:36,43.3618659973145,-8.40316295623779,"Unknown"
"7014855",371852,2025-08-27 07:53:38,43.3619041442871,-8.40353775024414,"Unknown"
"7014855",371852,2025-08-27 07:58:36,43.3619232177734,-8.40329360961914,"Unknown"
"7014855",371852,2025-08-27 08:03:48,43.3618431091309,-8.40324020385742,"Unknown"
"7014855",371852,2025-08-27 08:08:36,43.3618659973145,-8.40332889556885,"Unknown"
"7014855",371852,2025-08-27 08:14:49,43.361888885498,-8.40331745147705,"Unknown"
"7014855",371852,2025-08-27 08:18:44,43.3618392944336,-8.40327644348145,"Unknown"
"7014855",371852,2025-08-27 08:24:49,43.3619117736816,-8.40331363677979,"Unknown"
"7014855",371852,2025-08-27 08:29:49,43.361930847168,-8.40324974060059,"Unknown"
"7014855",371852,2025-08-27 08:34:49,43.3620071411133,-8.40326690673828,"Unknown"
"7014855",371852,2025-08-27 08:39:03,43.3619537353516,-8.40322017669678,"Unknown"
"7014855",371852,2025-08-27 08:49:49,43.3619155883789,-8.40351581573486,"Unknown"
"7014855",371852,2025-08-27 08:54:49,43.3619537353516,-8.40348434448242,"Unknown"
"7014855",371852,2025-08-27 09:04:49,43.3620567321777,-8.40341854095459,"Unknown"
"7014855",371852,2025-08-27 09:14:49,43.361946105957,-8.40352916717529,"Unknown"
"7014855",371852,2025-08-27 09:24:49,43.3619651794434,-8.40338230133057,"Unknown"
"7014855",371852,2025-08-27 09:34:49,43.3619270324707,-8.40356254577637,"Unknown"
"7014855",371852,2025-08-27 09:44:49,43.3619613647461,-8.40344333648682,"Unknown"
"7014855",371852,2025-08-27 09:54:17,43.3619537353516,-8.4035472869873,"Unknown"
"7014855",371852,2025-08-27 10:04:15,43.3619766235352,-8.40381336212158,"Unknown"
"7014855",371852,2025-08-27 10:14:49,43.3619804382324,-8.40370750427246,"Unknown"
"7014855",371852,2025-08-27 10:24:49,43.3619804382324,-8.40337753295898,"Unknown"
"7014855",371852,2025-08-27 10:34:49,43.3620071411133,-8.4030590057373,"Unknown"
"7014855",371852,2025-08-27 10:43:25,43.3621864318848,-8.4035472869873,"Unknown"
"7014855",371852,2025-08-27 10:54:29,43.3621635437012,-8.40358638763428,"Unknown"
"7014855",371852,2025-08-27 11:03:26,43.362190246582,-8.40369892120361,"Unknown"
"7014855",371852,2025-08-27 11:14:49,43.3643455505371,-8.40041065216064,"Unknown"
"7014855",371852,2025-08-27 11:23:33,43.3621711730957,-8.40364933013916,"Unknown"
"7014855",371852,2025-08-27 11:33:34,43.3620796203613,-8.40380954742432,"Unknown"
"7014855",371852,2025-08-27 11:43:26,43.3621406555176,-8.40367221832275,"Unknown"
"7014855",371852,2025-08-27 11:53:39,43.3598022460938,-8.39021778106689,"Unknown"
"7014855",371852,2025-08-27 12:03:43,43.362133026123,-8.40340709686279,"Unknown"
"7014855",371852,2025-08-27 12:13:38,43.3622283935547,-8.40331268310547,"Unknown"
"7014855",371852,2025-08-27 12:23:45,43.3622589111328,-8.40317916870117,"Unknown"
"7014855",371852,2025-08-27 12:33:57,43.3621520996094,-8.40342426300049,"Unknown"
"7014855",371852,2025-08-27 12:44:49,43.3621597290039,-8.40349102020264,"Unknown"
"7014855",371852,2025-08-27 12:54:49,43.3621139526367,-8.40361213684082,"Unknown"
"7014855",371852,2025-08-27 13:03:35,43.3621826171875,-8.40358448028564,"Unknown"
"7014855",371852,2025-08-27 13:14:49,43.3621253967285,-8.40377807617188,"Unknown"
"7014855",371852,2025-08-27 13:24:49,43.3621788024902,-8.40345573425293,"Unknown"
"7014855",371852,2025-08-27 13:34:49,43.3622207641602,-8.40364265441895,"Unknown"
"7014855",371852,2025-08-27 13:44:49,43.3622093200684,-8.40357685089111,"Unknown"
"7014855",371852,2025-08-27 13:54:49,43.3622512817383,-8.40336132049561,"Unknown"
"7014855",371852,2025-08-27 14:04:49,43.3622970581055,-8.40355110168457,"Unknown"
"7014855",371852,2025-08-27 14:14:49,43.3621788024902,-8.40356731414795,"Unknown"
"7014855",371852,2025-08-27 14:24:49,43.362174987793,-8.40368938446045,"Unknown"
"7014855",371852,2025-08-27 14:34:37,43.3621826171875,-8.40363121032715,"Unknown"
"7014855",371852,2025-08-27 14:44:49,43.362174987793,-8.40351963043213,"Unknown"
"7014855",371852,2025-08-27 14:54:49,43.3621788024902,-8.40331268310547,"Unknown"
"7014855",371852,2025-08-27 15:04:10,43.3621520996094,-8.40332221984863,"Unknown"
"7014855",371852,2025-08-27 15:14:26,43.3621559143066,-8.40380764007568,"Unknown"
"7014855",371852,2025-08-27 15:23:28,43.3623085021973,-8.40315055847168,"Unknown"
"7014855",371852,2025-08-27 15:33:30,43.3622131347656,-8.4035062789917,"Unknown"
"7014855",371852,2025-08-27 15:43:49,43.3621215820312,-8.4038553237915,"Unknown"
"7014855",371852,2025-08-27 15:54:49,43.3621711730957,-8.40367221832275,"Unknown"
"7014855",371852,2025-08-27 16:04:49,43.362190246582,-8.40411853790283,"Unknown"
"7014855",371852,2025-08-27 16:14:20,43.3621063232422,-8.40413475036621,"Unknown"
"7014855",371852,2025-08-27 16:24:49,43.362190246582,-8.40366077423096,"Unknown"
"7014855",371852,2025-08-27 16:34:49,43.3622512817383,-8.40328788757324,"Unknown"
"7014855",371852,2025-08-27 16:43:34,43.3621826171875,-8.40341472625732,"Unknown"
"7014855",371852,2025-08-27 16:53:29,43.3621063232422,-8.40357398986816,"Unknown"
"7014855",371852,2025-08-27 17:03:44,43.362247467041,-8.40314483642578,"Unknown"
"7014855",371852,2025-08-27 17:14:49,43.3621864318848,-8.40364742279053,"Unknown"
"7014855",371852,2025-08-27 17:24:49,43.3621788024902,-8.40363025665283,"Unknown"
"7014855",371852,2025-08-27 17:34:12,43.3622169494629,-8.40339946746826,"Unknown"
"7014855",371852,2025-08-27 17:43:26,43.3621940612793,-8.40322875976562,"Unknown"
"7014855",371852,2025-08-27 17:53:29,43.3621559143066,-8.40349006652832,"Unknown"
"7014855",371852,2025-08-27 18:03:27,43.3622283935547,-8.40311241149902,"Unknown"
"7014855",371852,2025-08-27 18:13:36,43.3620491027832,-8.40342903137207,"Unknown"
"7014855",371852,2025-08-27 18:23:27,43.3620529174805,-8.40365505218506,"Unknown"
"7014855",371852,2025-08-27 18:33:35,43.3620834350586,-8.40353202819824,"Unknown"
"7014855",371852,2025-08-27 18:43:59,43.3619041442871,-8.40330791473389,"Unknown"
"7014855",371852,2025-08-27 18:53:44,43.361946105957,-8.40331363677979,"Unknown"
"7014855",371852,2025-08-27 19:03:26,43.3645248413086,-8.40192317962646,"Unknown"
"7014855",371852,2025-08-27 19:13:26,43.3644638061523,-8.40198516845703,"Unknown"
"7014855",371852,2025-08-27 19:23:26,43.3645095825195,-8.40196895599365,"Unknown"
"7014855",371852,2025-08-27 19:33:27,43.3645057678223,-8.40200519561768,"Unknown"
"7014855",371852,2025-08-27 19:43:37,43.3646049499512,-8.40201473236084,"Unknown"
"7014855",371852,2025-08-27 19:53:44,43.3645286560059,-8.40199756622314,"Unknown"
"7014855",371852,2025-08-27 20:03:39,43.364387512207,-8.40073585510254,"Unknown"
"7014855",371852,2025-08-27 20:13:26,43.3643913269043,-8.40083503723145,"Unknown"
"7014855",371852,2025-08-27 20:23:26,43.3642921447754,-8.40080451965332,"Unknown"
"7014855",371852,2025-08-27 20:33:43,43.3644714355469,-8.40102958679199,"Unknown"
"7014855",371852,2025-08-27 20:43:26,43.3644752502441,-8.40104675292969,"Unknown"
"7014855",371852,2025-08-27 20:53:26,43.3644332885742,-8.40097713470459,"Unknown"
"7014855",371852,2025-08-27 21:03:29,43.3645706176758,-8.40104007720947,"Unknown"
"7014855",371852,2025-08-27 21:13:26,43.3646469116211,-8.40085220336914,"Unknown"
"7014855",371852,2025-08-27 21:23:26,43.3644332885742,-8.40092754364014,"Unknown"
"7014855",371852,2025-08-27 21:33:45,43.3645973205566,-8.40098571777344,"Unknown"
"7014855",371852,2025-08-27 21:43:37,43.3644371032715,-8.40103435516357,"Unknown"
"7014855",371852,2025-08-27 21:53:32,43.364688873291,-8.40118312835693,"Unknown"
"7014855",371852,2025-08-27 22:03:41,43.3645172119141,-8.40105056762695,"Unknown"
"7014855",371852,2025-08-27 22:13:26,43.3645095825195,-8.40072441101074,"Unknown"
"7014855",371852,2025-08-27 22:23:29,43.3647918701172,-8.39926528930664,"Unknown"
"7014855",371852,2025-08-27 22:33:55,43.3641777038574,-8.40102386474609,"Unknown"
"7014855",371852,2025-08-27 22:43:25,43.3641204833984,-8.40125179290771,"Unknown"
"7014855",371852,2025-08-27 22:53:27,43.3643493652344,-8.40141773223877,"Unknown"
"7014855",371852,2025-08-27 23:03:28,43.3642654418945,-8.40145301818848,"Unknown"
"7014855",371852,2025-08-27 23:13:27,43.3641052246094,-8.40204811096191,"Unknown"
"7014855",371852,2025-08-27 23:23:27,43.3591690063477,-8.39847755432129,"Unknown"
"7014855",371852,2025-08-27 23:33:26,43.3591423034668,-8.39857769012451,"Unknown"
"7014855",371852,2025-08-27 23:43:37,43.3591384887695,-8.39864253997803,"Unknown"
"7014855",371852,2025-08-27 23:53:44,43.3596572875977,-8.39840984344482,"Unknown"
"7014855",371852,2025-08-28 00:03:25,43.3597869873047,-8.39812469482422,"Unknown"
"7014855",371852,2025-08-28 00:13:30,43.3598785400391,-8.3983039855957,"Unknown"
"7014855",371852,2025-08-28 00:23:27,43.3598289489746,-8.398193359375,"Unknown"
"7014855",371852,2025-08-28 00:33:31,43.3597946166992,-8.39840888977051,"Unknown"
"7014855",371852,2025-08-28 00:43:37,43.3599281311035,-8.39802360534668,"Unknown"
"7014855",371852,2025-08-28 00:53:44,43.3595733642578,-8.3984956741333,"Unknown"
"7014855",371852,2025-08-28 01:03:30,43.3589286804199,-8.39849472045898,"Unknown"
"7014855",371852,2025-08-28 01:13:37,43.3596572875977,-8.39847469329834,"Unknown"
"7014855",371852,2025-08-28 01:23:36,43.3596153259277,-8.39853382110596,"Unknown"
"7014855",371852,2025-08-28 01:33:35,43.3591270446777,-8.39917755126953,"Unknown"
"7014855",371852,2025-08-28 01:43:38,43.3596305847168,-8.39859676361084,"Unknown"
"7014855",371852,2025-08-28 01:53:45,43.3595161437988,-8.39843559265137,"Unknown"
"7014855",371852,2025-08-28 02:03:36,43.3596305847168,-8.3984260559082,"Unknown"
"7014855",371852,2025-08-28 02:13:45,43.3596954345703,-8.39856147766113,"Unknown"
"7014855",371852,2025-08-28 02:23:30,43.3598899841309,-8.39852142333984,"Unknown"
"7014855",371852,2025-08-28 02:33:36,43.3606796264648,-8.39956760406494,"Unknown"
"7014855",371852,2025-08-28 02:43:54,43.3600616455078,-8.39908313751221,"Unknown"
"7014855",371852,2025-08-28 02:53:45,43.3595962524414,-8.3984546661377,"Unknown"
"7014855",371852,2025-08-28 03:03:36,43.3603363037109,-8.40285301208496,"Unknown"
"7014855",371852,2025-08-28 03:13:34,43.3600769042969,-8.40276050567627,"Unknown"
"7014855",371852,2025-08-28 03:23:36,43.3641471862793,-8.40075016021729,"Unknown"
"7014855",371852,2025-08-28 03:33:45,43.364185333252,-8.40077877044678,"Unknown"
"7014855",371852,2025-08-28 03:43:36,43.3642311096191,-8.40091037750244,"Unknown"
"7014855",371852,2025-08-28 03:53:36,43.3641777038574,-8.40069961547852,"Unknown"
"7014855",371852,2025-08-28 04:03:58,43.3641471862793,-8.40067577362061,"Unknown"
"7014855",371852,2025-08-28 04:13:25,43.3644180297852,-8.40128231048584,"Unknown"
"7014855",371852,2025-08-28 04:23:28,43.3643341064453,-8.40088081359863,"Unknown"
"7014855",371852,2025-08-28 04:33:45,43.3642196655273,-8.40073680877686,"Unknown"
"7014855",371852,2025-08-28 04:43:30,43.3648376464844,-8.40135860443115,"Unknown"
"7014855",371852,2025-08-28 04:53:37,43.3642959594727,-8.4007682800293,"Unknown"
"7014855",371852,2025-08-28 05:03:45,43.3639297485352,-8.40061855316162,"Unknown"
"7014855",371852,2025-08-28 05:13:33,43.3643035888672,-8.40071487426758,"Unknown"
"7014855",371852,2025-08-28 05:23:33,43.3642234802246,-8.40072345733643,"Unknown"
"7014855",371852,2025-08-28 05:33:44,43.3643455505371,-8.40081691741943,"Unknown"
"7014855",371852,2025-08-28 05:43:31,43.3638954162598,-8.40156650543213,"Unknown"
"7014855",371852,2025-08-28 05:53:36,43.3632469177246,-8.40172672271729,"Unknown"
"7014855",371852,2025-08-28 06:03:37,43.3594970703125,-8.40020179748535,"Unknown"
"7014855",371852,2025-08-28 06:13:34,43.3597183227539,-8.40020751953125,"Unknown"
"7014855",371852,2025-08-28 06:23:54,43.3594284057617,-8.40000247955322,"Unknown"
"7014855",371852,2025-08-28 06:54:05,43.3605041503906,-8.40328407287598,"Unknown"
"7014855",371852,2025-08-28 07:03:26,43.360595703125,-8.40319347381592,"Unknown"
"7014855",371852,2025-08-28 07:13:26,43.3605728149414,-8.40341472625732,"Unknown"
"7014855",371852,2025-08-28 07:23:26,43.3606224060059,-8.40350341796875,"Unknown"
"7014855",371852,2025-08-28 07:33:26,43.3605575561523,-8.40337753295898,"Unknown"
"7014855",371852,2025-08-28 07:43:27,43.360595703125,-8.40316104888916,"Unknown"
"7014855",371852,2025-08-28 07:53:27,43.3602180480957,-8.40283966064453,"Unknown"
"7014855",371852,2025-08-28 08:03:30,43.3605308532715,-8.40330696105957,"Unknown"
"7014855",371852,2025-08-28 08:13:51,43.3604202270508,-8.40329360961914,"Unknown"
"7014855",371852,2025-08-28 08:23:28,43.3607330322266,-8.40310096740723,"Unknown"
"7014855",371852,2025-08-28 08:33:44,43.3605194091797,-8.40314865112305,"Unknown"
"7014855",371852,2025-08-28 08:43:36,43.3605537414551,-8.40293788909912,"Unknown"
"7014855",371852,2025-08-28 08:53:44,43.3605995178223,-8.40300464630127,"Unknown"
"7014855",371852,2025-08-28 09:03:29,43.3606224060059,-8.40287494659424,"Unknown"
"7014855",371852,2025-08-28 09:13:36,43.3605918884277,-8.40309619903564,"Unknown"
"7014855",371852,2025-08-28 09:23:31,43.3605117797852,-8.40320777893066,"Unknown"
"7014855",371852,2025-08-28 09:33:37,43.3604927062988,-8.40298748016357,"Unknown"
"7014855",371852,2025-08-28 09:43:36,43.3605651855469,-8.40290927886963,"Unknown"
"7014855",371852,2025-08-28 09:54:05,43.3604049682617,-8.40305995941162,"Unknown"
"7014855",371852,2025-08-28 10:03:44,43.3605041503906,-8.40324306488037,"Unknown"
"7014855",371852,2025-08-28 10:13:36,43.3604469299316,-8.4032564163208,"Unknown"
"7014855",371852,2025-08-28 10:23:36,43.3605842590332,-8.4031867980957,"Unknown"
"7014855",371852,2025-08-28 10:33:37,43.363941192627,-8.40152549743652,"Unknown"
"7014855",371852,2025-08-28 10:43:55,43.3638496398926,-8.4017972946167,"Unknown"
"7014855",371852,2025-08-28 10:53:44,43.3639373779297,-8.40172100067139,"Unknown"
"7014855",371852,2025-08-28 11:03:38,43.3599090576172,-8.39999580383301,"Unknown"
"7014855",371852,2025-08-28 11:13:28,43.3607521057129,-8.40029907226562,"Unknown"
"7014855",371852,2025-08-28 11:23:33,43.3596992492676,-8.40027236938477,"Unknown"
"7014855",371852,2025-08-28 11:33:36,43.3596076965332,-8.40003776550293,"Unknown"
"7014855",371852,2025-08-28 11:43:44,43.359619140625,-8.40013313293457,"Unknown"
"7014855",371852,2025-08-28 11:53:44,43.3602828979492,-8.39722442626953,"Unknown"
"7014855",371852,2025-08-28 12:03:44,43.359546661377,-8.39915943145752,"Unknown"
"7014855",371852,2025-08-28 12:14:13,43.3593139648438,-8.40091323852539,"Unknown"
"7014855",371852,2025-08-28 12:23:36,43.3615951538086,-8.39933013916016,"Unknown"
"7014855",371852,2025-08-28 12:33:45,43.3594703674316,-8.4000358581543,"Unknown"
"7014855",371852,2025-08-28 12:43:37,43.3595886230469,-8.39996528625488,"Unknown"
"7014855",371852,2025-08-28 12:53:45,43.3597297668457,-8.40074062347412,"Unknown"
"7014855",371852,2025-08-28 13:03:30,43.3596115112305,-8.40064144134521,"Unknown"
"7014855",371852,2025-08-28 13:13:31,43.3596687316895,-8.40073394775391,"Unknown"
"7014855",371852,2025-08-28 13:23:27,43.359748840332,-8.40055084228516,"Unknown"
"7014855",371852,2025-08-28 13:33:30,43.3596153259277,-8.40088558197021,"Unknown"
"7014855",371852,2025-08-28 13:43:26,43.3597640991211,-8.39741897583008,"Unknown"
"7014855",371852,2025-08-28 13:53:45,43.3597679138184,-8.39935398101807,"Unknown"
"7014855",371852,2025-08-28 14:03:35,43.3595733642578,-8.39972114562988,"Unknown"
"7014855",371852,2025-08-28 14:13:44,43.359676361084,-8.39917945861816,"Unknown"
"7014855",371852,2025-08-28 14:23:36,43.3598747253418,-8.39922046661377,"Unknown"
"7014855",371852,2025-08-28 14:33:38,43.3596649169922,-8.39920234680176,"Unknown"
"7014855",371852,2025-08-28 14:38:26,43.3600959777832,-8.39846229553223,"Unknown"
"7014855",371852,2025-08-28 14:43:30,43.3601913452148,-8.39844989776611,"Unknown"
"7014855",371852,2025-08-28 14:48:59,43.359691619873,-8.39913272857666,"Unknown"
"7014855",371852,2025-08-28 14:53:25,43.3596534729004,-8.39927005767822,"Unknown"
"7014855",371852,2025-08-28 15:03:36,43.3598289489746,-8.39894199371338,"Unknown"
"7014855",371852,2025-08-28 15:13:29,43.3597640991211,-8.39891910552979,"Unknown"
"7014855",371852,2025-08-28 15:23:45,43.3596458435059,-8.39921092987061,"Unknown"
"7014855",371852,2025-08-28 15:28:28,43.3595161437988,-8.39929866790771,"Unknown"
"7014855",371852,2025-08-28 15:33:29,43.3602752685547,-8.39855289459229,"Unknown"
"7014855",371852,2025-08-28 15:43:36,43.3596649169922,-8.39914989471436,"Unknown"
"7014855",371852,2025-08-28 15:53:40,43.3596572875977,-8.3993091583252,"Unknown"
"7014855",371852,2025-08-28 15:58:27,43.359733581543,-8.39902114868164,"Unknown"
"7014855",371852,2025-08-28 16:08:29,43.3596115112305,-8.39926147460938,"Unknown"
"7014855",371852,2025-08-28 16:13:28,43.3593864440918,-8.39932727813721,"Unknown"
"7014855",371852,2025-08-28 16:18:27,43.359619140625,-8.3992395401001,"Unknown"
"7014855",371852,2025-08-28 16:23:26,43.3596343994141,-8.39920139312744,"Unknown"
"7014855",371852,2025-08-28 16:28:30,43.359561920166,-8.39930820465088,"Unknown"
"7014855",371852,2025-08-28 16:33:29,43.3594436645508,-8.39926433563232,"Unknown"
"7014855",371852,2025-08-28 16:38:31,43.3596611022949,-8.39923858642578,"Unknown"
"7014855",371852,2025-08-28 16:43:36,43.3596878051758,-8.3991527557373,"Unknown"
"7014855",371852,2025-08-28 16:48:45,43.3598442077637,-8.39963912963867,"Unknown"
"7014855",371852,2025-08-28 16:53:32,43.3598136901855,-8.39915561676025,"Unknown"
"7014855",371852,2025-08-28 16:58:34,43.3600769042969,-8.39927387237549,"Unknown"
"7014855",371852,2025-08-28 17:03:34,43.3602256774902,-8.39924430847168,"Unknown"
"7014855",371852,2025-08-28 17:08:31,43.3598327636719,-8.399169921875,"Unknown"
"7014855",371852,2025-08-28 17:13:34,43.3597564697266,-8.39925956726074,"Unknown"
"7014855",371852,2025-08-28 17:18:43,43.363899230957,-8.40082550048828,"Unknown"
"7014855",371852,2025-08-28 17:23:35,43.3638763427734,-8.40151786804199,"Unknown"
"7014855",371852,2025-08-28 17:33:36,43.365047454834,-8.40014934539795,"Unknown"
"7014855",371852,2025-08-28 17:38:42,43.3637771606445,-8.40212059020996,"Unknown"
"7014855",371852,2025-08-28 17:43:59,43.3645820617676,-8.40179824829102,"Unknown"
"7014855",371852,2025-08-28 17:48:40,43.3647041320801,-8.40119457244873,"Unknown"
"7014855",371852,2025-08-28 17:58:36,43.3645706176758,-8.40111446380615,"Unknown"
"7014855",371852,2025-08-28 18:08:38,43.3645782470703,-8.40112972259521,"Unknown"
"7014855",371852,2025-08-28 18:18:38,43.3635025024414,-8.40193748474121,"Unknown"
"7014855",371852,2025-08-28 18:29:05,43.3638610839844,-8.40148162841797,"Unknown"
"7014855",371852,2025-08-28 18:38:31,43.3641319274902,-8.40109443664551,"Unknown"
"7014855",371852,2025-08-28 18:48:30,43.3640327453613,-8.40119171142578,"Unknown"
"7014855",371852,2025-08-28 18:58:38,43.3637161254883,-8.40162754058838,"Unknown"
"7014855",371852,2025-08-28 19:08:30,43.3638687133789,-8.4013090133667,"Unknown"
"7014855",371852,2025-08-28 19:18:26,43.3638763427734,-8.40120220184326,"Unknown"
"7014855",371852,2025-08-28 19:28:35,43.3637008666992,-8.40156173706055,"Unknown"
"7014855",371852,2025-08-28 19:38:44,43.3637161254883,-8.40156745910645,"Unknown"
"7014855",371852,2025-08-28 19:48:28,43.3638000488281,-8.40064239501953,"Unknown"
"7014855",371852,2025-08-28 19:59:14,43.3598709106445,-8.39824199676514,"Unknown"
"7014855",371852,2025-08-28 20:08:29,43.359806060791,-8.39799499511719,"Unknown"
"7014855",371852,2025-08-28 20:18:30,43.3575401306152,-8.40242195129395,"Unknown"
"7014855",371852,2025-08-28 20:28:31,43.3597793579102,-8.39825248718262,"Unknown"
"7014855",371852,2025-08-28 20:38:41,43.3597679138184,-8.39831352233887,"Unknown"
"7014855",371852,2025-08-28 20:48:34,43.3602294921875,-8.39898872375488,"Unknown"
"7014855",371852,2025-08-28 20:58:34,43.3600540161133,-8.39826965332031,"Unknown"
"7014855",371852,2025-08-28 21:08:38,43.3596572875977,-8.39824962615967,"Unknown"
"7014855",371852,2025-08-28 21:18:39,43.3597106933594,-8.39827346801758,"Unknown"
"7014855",371852,2025-08-28 21:29:04,43.3597297668457,-8.39829635620117,"Unknown"
"7014855",371852,2025-08-28 21:38:26,43.3596115112305,-8.39823818206787,"Unknown"
"7014855",371852,2025-08-28 21:49:24,43.3597564697266,-8.39832305908203,"Unknown"
"7014855",371852,2025-08-28 21:58:25,43.3595352172852,-8.39834594726562,"Unknown"
"7014855",371852,2025-08-28 22:08:27,43.3598175048828,-8.39841651916504,"Unknown"
"7014855",371852,2025-08-28 22:19:05,43.359733581543,-8.39833736419678,"Unknown"
"7014855",371852,2025-08-28 22:28:28,43.3594360351562,-8.3981466293335,"Unknown"
"7014855",371852,2025-08-28 22:38:27,43.3591995239258,-8.39782905578613,"Unknown"
"7014855",371852,2025-08-28 22:48:27,43.3595962524414,-8.39826107025146,"Unknown"
"7014855",371852,2025-08-28 22:58:27,43.3595733642578,-8.39820003509521,"Unknown"
"7014855",371852,2025-08-28 23:08:29,43.3596992492676,-8.39813041687012,"Unknown"
"7014855",371852,2025-08-28 23:18:28,43.3596687316895,-8.39825344085693,"Unknown"
"7014855",371852,2025-08-28 23:28:39,43.3648567199707,-8.40088176727295,"Unknown"
"7014855",371852,2025-08-28 23:38:44,43.364185333252,-8.40095329284668,"Unknown"
"7014855",371852,2025-08-28 23:48:44,43.3638000488281,-8.40269184112549,"Unknown"
"7014855",371852,2025-08-28 23:58:26,43.3625831604004,-8.4010648727417,"Unknown"
"7014855",371852,2025-08-29 00:08:40,43.3596725463867,-8.40004539489746,"Unknown"
"7014855",371852,2025-08-29 00:18:31,43.3595199584961,-8.39998435974121,"Unknown"
"7014855",371852,2025-08-29 00:28:26,43.3596801757812,-8.40000534057617,"Unknown"
"7014855",371852,2025-08-29 00:38:33,43.3596878051758,-8.39999389648438,"Unknown"
"7014855",371852,2025-08-29 00:48:59,43.3595008850098,-8.40020275115967,"Unknown"
"7014855",371852,2025-08-29 00:58:29,43.3595504760742,-8.39983177185059,"Unknown"
"7014855",371852,2025-08-29 01:08:26,43.3595733642578,-8.39987182617188,"Unknown"
"7014855",371852,2025-08-29 01:18:26,43.3595886230469,-8.39996528625488,"Unknown"
"7014855",371852,2025-08-29 01:28:27,43.3596115112305,-8.39992237091064,"Unknown"
"7014855",371852,2025-08-29 01:38:27,43.3595809936523,-8.39993000030518,"Unknown"
"7014855",371852,2025-08-29 01:48:44,43.3596038818359,-8.39992046356201,"Unknown"
"7014855",371852,2025-08-29 01:58:33,43.3596038818359,-8.39989471435547,"Unknown"
"7014855",371852,2025-08-29 02:08:44,43.3596038818359,-8.39999675750732,"Unknown"
"7014855",371852,2025-08-29 02:18:36,43.3596343994141,-8.40030479431152,"Unknown"
"7014855",371852,2025-08-29 02:28:36,43.3596343994141,-8.39976787567139,"Unknown"
"7014855",371852,2025-08-29 02:38:36,43.3596343994141,-8.39970111846924,"Unknown"
"7014855",371852,2025-08-29 02:49:05,43.3596534729004,-8.39995670318604,"Unknown"
"7014855",371852,2025-08-29 02:58:25,43.3596343994141,-8.3999137878418,"Unknown"
"7014855",371852,2025-08-29 03:08:29,43.3596649169922,-8.39995002746582,"Unknown"
"7014855",371852,2025-08-29 03:18:30,43.3596534729004,-8.39995193481445,"Unknown"
"7014855",371852,2025-08-29 03:28:27,43.3597106933594,-8.40012264251709,"Unknown"
"7014855",371852,2025-08-29 03:38:36,43.3598022460938,-8.4005880355835,"Unknown"
"7014855",371852,2025-08-29 03:48:30,43.359676361084,-8.40007877349854,"Unknown"
"7014855",371852,2025-08-29 03:58:29,43.3596534729004,-8.3999195098877,"Unknown"
"7014855",371852,2025-08-29 04:08:44,43.3596534729004,-8.39999485015869,"Unknown"
"7014855",371852,2025-08-29 04:18:28,43.3596420288086,-8.40003871917725,"Unknown"
"7014855",371852,2025-08-29 04:28:36,43.359748840332,-8.40006923675537,"Unknown"
"7014855",371852,2025-08-29 04:38:36,43.3596611022949,-8.40002059936523,"Unknown"
"7014855",371852,2025-08-29 04:48:44,43.3596878051758,-8.40004634857178,"Unknown"
"7014855",371852,2025-08-29 04:58:45,43.3596687316895,-8.40002822875977,"Unknown"
"7014855",371852,2025-08-29 05:08:29,43.3596305847168,-8.3999490737915,"Unknown"
"7014855",371852,2025-08-29 05:18:33,43.359676361084,-8.40006351470947,"Unknown"
"7014855",371852,2025-08-29 05:28:44,43.3595314025879,-8.40003204345703,"Unknown"
"7014855",371852,2025-08-29 05:38:49,43.3594017028809,-8.40017509460449,"Unknown"
"7014855",371852,2025-08-29 05:48:33,43.3595085144043,-8.40009117126465,"Unknown"
"7014855",371852,2025-08-29 05:58:31,43.3590087890625,-8.40037536621094,"Unknown"
"7014855",371852,2025-08-29 06:08:29,43.3595275878906,-8.40073204040527,"Unknown"
"7014855",371852,2025-08-29 06:18:36,43.3595390319824,-8.40070629119873,"Unknown"
"7014855",371852,2025-08-29 06:28:43,43.3592300415039,-8.40025424957275,"Unknown"
"7014855",371852,2025-08-29 06:39:05,43.3596115112305,-8.40004444122314,"Unknown"
"7014855",371852,2025-08-29 06:48:44,43.3596382141113,-8.40006256103516,"Unknown"
"7014855",371852,2025-08-29 06:58:28,43.3595924377441,-8.39995288848877,"Unknown"
"7014855",371852,2025-08-29 07:08:26,43.3596000671387,-8.40071487426758,"Unknown"
"7014855",371852,2025-08-29 07:18:40,43.3600845336914,-8.4006986618042,"Unknown"
"7014855",371852,2025-08-29 07:28:36,43.3595352172852,-8.40039157867432,"Unknown"
"7014855",371852,2025-08-29 07:38:26,43.3599128723145,-8.40066719055176,"Unknown"
"7014855",371852,2025-08-29 07:48:59,43.3596649169922,-8.40048885345459,"Unknown"
"7014855",371852,2025-08-29 07:58:47,43.3596382141113,-8.40054607391357,"Unknown"
"7014855",371852,2025-08-29 08:08:31,43.3597068786621,-8.40058326721191,"Unknown"
"7014855",371852,2025-08-29 08:19:00,43.3594627380371,-8.40066146850586,"Unknown"
"7014855",371852,2025-08-29 08:28:59,43.3595581054688,-8.40058326721191,"Unknown"
"7014855",371852,2025-08-29 08:38:41,43.3592414855957,-8.40063190460205,"Unknown"
"7014855",371852,2025-08-29 08:49:04,43.3591690063477,-8.40075206756592,"Unknown"
"7014855",371852,2025-08-29 08:58:28,43.3588409423828,-8.40082359313965,"Unknown"
"7014855",371852,2025-08-29 09:08:28,43.3592567443848,-8.40090942382812,"Unknown"
"7014855",371852,2025-08-29 09:18:27,43.359245300293,-8.40080738067627,"Unknown"
"7014855",371852,2025-08-29 09:28:26,43.3593444824219,-8.40059471130371,"Unknown"
"7014855",371852,2025-08-29 09:38:27,43.3593635559082,-8.4007625579834,"Unknown"
"7014855",371852,2025-08-29 09:48:25,43.3592834472656,-8.40062236785889,"Unknown"
"7014855",371852,2025-08-29 09:58:27,43.3595237731934,-8.4006986618042,"Unknown"
"7014855",371852,2025-08-29 10:08:30,43.3595809936523,-8.40070056915283,"Unknown"
"7014855",371852,2025-08-29 10:18:30,43.3599853515625,-8.40098571777344,"Unknown"
"7014855",371852,2025-08-29 10:28:29,43.3596420288086,-8.4006986618042,"Unknown"
"7014855",371852,2025-08-29 10:38:28,43.3596153259277,-8.4008150100708,"Unknown"
"7014855",371852,2025-08-29 10:48:42,43.3592948913574,-8.40079689025879,"Unknown"
"7014855",371852,2025-08-29 10:58:27,43.3594169616699,-8.400803565979,"Unknown"
"7014855",371852,2025-08-29 11:08:30,43.3592109680176,-8.40010070800781,"Unknown"
"7014855",371852,2025-08-29 11:18:36,43.3574867248535,-8.39933395385742,"Unknown"
"7014855",371852,2025-08-29 11:28:27,43.3594360351562,-8.39993858337402,"Unknown"
"7014855",371852,2025-08-29 11:38:36,43.3589210510254,-8.39952564239502,"Unknown"
"7014855",371852,2025-08-29 11:48:30,43.3589744567871,-8.39961814880371,"Unknown"
"7014855",371852,2025-08-29 11:58:45,43.3590850830078,-8.39950370788574,"Unknown"
"7014855",371852,2025-08-29 12:08:36,43.3590965270996,-8.39969730377197,"Unknown"
"7014855",371852,2025-08-29 12:18:37,43.3589363098145,-8.39933776855469,"Unknown"
"7014855",371852,2025-08-29 12:28:37,43.3572463989258,-8.40230560302734,"Unknown"
"7014855",371852,2025-08-29 12:38:37,43.3487548828125,-8.41077995300293,"Unknown"
"7014855",371852,2025-08-29 12:48:45,43.3486976623535,-8.41052913665771,"Unknown"
"7014855",371852,2025-08-29 12:58:27,43.3474235534668,-8.42855167388916,"Unknown"
"7014855",371852,2025-08-29 13:08:29,43.3510627746582,-8.43048858642578,"Unknown"
"7014855",371852,2025-08-29 13:18:30,43.351131439209,-8.43048477172852,"Unknown"
"7014855",371852,2025-08-29 13:28:27,43.3482818603516,-8.43276977539062,"Unknown"
"7014855",371852,2025-08-29 13:38:27,43.3577919006348,-8.45858764648438,"Unknown"
"7014855",371852,2025-08-29 13:49:05,43.3707084655762,-8.45753479003906,"Unknown"
"7014855",371852,2025-08-29 13:58:34,43.3707580566406,-8.45753383636475,"Unknown"
"7014855",371852,2025-08-29 14:09:14,43.3707695007324,-8.45769309997559,"Unknown"
"7014855",371852,2025-08-29 14:18:29,43.3526306152344,-8.47759342193604,"Unknown"
"7014855",371852,2025-08-29 14:28:29,43.3523406982422,-8.47786998748779,"Unknown"
"7014855",371852,2025-08-29 14:38:32,43.352409362793,-8.47751426696777,"Unknown"
"7014855",371852,2025-08-29 14:48:59,43.3521728515625,-8.47795391082764,"Unknown"
"7014855",371852,2025-08-29 14:58:28,43.3520774841309,-8.47803211212158,"Unknown"
"7014855",371852,2025-08-29 15:08:27,43.3521919250488,-8.4779691696167,"Unknown"
"7014855",371852,2025-08-29 15:18:32,43.352180480957,-8.47774410247803,"Unknown"
"7014855",371852,2025-08-29 15:28:28,43.3521308898926,-8.47794437408447,"Unknown"
"7014855",371852,2025-08-29 15:38:30,43.3521575927734,-8.47769641876221,"Unknown"
"7014855",371852,2025-08-29 15:48:44,43.3520545959473,-8.47769546508789,"Unknown"
"7014855",371852,2025-08-29 15:59:19,43.357063293457,-8.46450614929199,"Unknown"
"7014855",371852,2025-08-29 16:08:26,43.3541641235352,-8.45857429504395,"Unknown"
"7014855",371852,2025-08-29 16:18:30,43.3539810180664,-8.45790767669678,"Unknown"
"7014855",371852,2025-08-29 16:28:59,43.3539810180664,-8.45848655700684,"Unknown"
"7014855",371852,2025-08-29 16:38:27,43.3541526794434,-8.45849418640137,"Unknown"
"7014855",371852,2025-08-29 16:48:36,43.3540992736816,-8.45861434936523,"Unknown"
"7014855",371852,2025-08-29 16:58:37,43.3537826538086,-8.45869731903076,"Unknown"
"7014855",371852,2025-08-29 17:08:27,43.3538589477539,-8.45820236206055,"Unknown"
"7014855",371852,2025-08-29 17:18:30,43.3539733886719,-8.45854568481445,"Unknown"
"7014855",371852,2025-08-29 17:28:29,43.3545722961426,-8.45867443084717,"Unknown"
"7014855",371852,2025-08-29 17:38:29,43.3537063598633,-8.45863056182861,"Unknown"
"7014855",371852,2025-08-29 17:48:37,43.3563804626465,-8.45698165893555,"Unknown"
"7014855",371852,2025-08-29 17:58:27,43.3559837341309,-8.45655155181885,"Unknown"
"7014855",371852,2025-08-29 18:08:27,43.3558464050293,-8.45674896240234,"Unknown"
"7014855",371852,2025-08-29 18:18:27,43.3558616638184,-8.45675659179688,"Unknown"
"7014855",371852,2025-08-29 18:28:27,43.3557548522949,-8.45675182342529,"Unknown"
"7014855",371852,2025-08-29 18:38:27,43.353687286377,-8.4496603012085,"Unknown"
"7014855",371852,2025-08-29 18:48:28,43.3593368530273,-8.3990592956543,"Unknown"
"7014855",371852,2025-08-29 18:58:27,43.3594932556152,-8.39944458007812,"Unknown"
"7014855",371852,2025-08-29 19:08:28,43.3596076965332,-8.39938926696777,"Unknown"
"7014855",371852,2025-08-29 19:18:30,43.3596038818359,-8.39938163757324,"Unknown"
"7014855",371852,2025-08-29 19:28:29,43.3597755432129,-8.39946556091309,"Unknown"
"7014855",371852,2025-08-29 19:38:28,43.3596496582031,-8.39939117431641,"Unknown"
"7014855",371852,2025-08-29 19:48:30,43.3594779968262,-8.39946556091309,"Unknown"
"7014855",371852,2025-08-29 19:58:28,43.3595771789551,-8.39956188201904,"Unknown"
"7014855",371852,2025-08-29 20:08:29,43.3595848083496,-8.39965438842773,"Unknown"
"7014855",371852,2025-08-29 20:18:29,43.3595924377441,-8.39962196350098,"Unknown"
"7014855",371852,2025-08-29 20:28:30,43.3591613769531,-8.39916896820068,"Unknown"
"7014855",371852,2025-08-29 20:38:31,43.3595428466797,-8.39954948425293,"Unknown"
"7014855",371852,2025-08-29 20:48:30,43.3597640991211,-8.39958190917969,"Unknown"
"7014855",371852,2025-08-29 20:58:31,43.359561920166,-8.39963722229004,"Unknown"
"7014855",371852,2025-08-29 21:08:30,43.359546661377,-8.3996753692627,"Unknown"
"7014855",371852,2025-08-29 21:18:28,43.3597946166992,-8.39989280700684,"Unknown"
"7014855",371852,2025-08-29 21:28:31,43.3597297668457,-8.39987373352051,"Unknown"
"7014855",371852,2025-08-29 21:38:28,43.3598136901855,-8.40000057220459,"Unknown"
"7014855",371852,2025-08-29 21:48:30,43.3598403930664,-8.39996719360352,"Unknown"
"7014855",371852,2025-08-29 21:58:29,43.3599891662598,-8.40018367767334,"Unknown"
"7014855",371852,2025-08-29 22:08:32,43.3598937988281,-8.39993286132812,"Unknown"
"7014855",371852,2025-08-29 22:18:29,43.3599853515625,-8.40011119842529,"Unknown"
"7014855",371852,2025-08-29 22:28:29,43.360107421875,-8.40023708343506,"Unknown"
"7014855",371852,2025-08-29 22:38:28,43.360179901123,-8.40033149719238,"Unknown"
"7014855",371852,2025-08-29 22:48:29,43.3598976135254,-8.39998626708984,"Unknown"
"7014855",371852,2025-08-29 22:58:27,43.3608169555664,-8.39884757995605,"Unknown"
"7014855",371852,2025-08-29 23:08:28,43.3598403930664,-8.3999662399292,"Unknown"
"7014855",371852,2025-08-29 23:18:37,43.359977722168,-8.39979648590088,"Unknown"
"7014855",371852,2025-08-29 23:28:28,43.3596420288086,-8.40007305145264,"Unknown"
"7014855",371852,2025-08-29 23:38:28,43.3590774536133,-8.40074062347412,"Unknown"
"7014855",371852,2025-08-29 23:48:29,43.3594398498535,-8.400390625,"Unknown"
"7014855",371852,2025-08-29 23:58:28,43.3594779968262,-8.40044116973877,"Unknown"
"7014855",371852,2025-08-30 00:08:28,43.3595428466797,-8.40034103393555,"Unknown"
"7014855",371852,2025-08-30 00:18:29,43.3595886230469,-8.40018272399902,"Unknown"
"7014855",371852,2025-08-30 00:28:27,43.3597030639648,-8.400146484375,"Unknown"
"7014855",371852,2025-08-30 00:38:27,43.3597221374512,-8.40013885498047,"Unknown"
"7014855",371852,2025-08-30 00:48:28,43.359733581543,-8.40006160736084,"Unknown"
"7014855",371852,2025-08-30 00:58:29,43.3597526550293,-8.40005207061768,"Unknown"
"7014855",371852,2025-08-30 01:08:28,43.3596115112305,-8.40010070800781,"Unknown"
"7014855",371852,2025-08-30 01:18:28,43.3598442077637,-8.40010356903076,"Unknown"
"7014855",371852,2025-08-30 01:28:28,43.3597793579102,-8.39999389648438,"Unknown"
"7014855",371852,2025-08-30 01:38:28,43.3597602844238,-8.40001678466797,"Unknown"
"7014855",371852,2025-08-30 01:48:27,43.3597717285156,-8.39998340606689,"Unknown"
"7014855",371852,2025-08-30 01:58:27,43.3598403930664,-8.39994239807129,"Unknown"
"7014855",371852,2025-08-30 02:08:28,43.3597869873047,-8.39991188049316,"Unknown"
"7014855",371852,2025-08-30 02:18:28,43.3597602844238,-8.39984703063965,"Unknown"
"7014855",371852,2025-08-30 02:28:27,43.3598213195801,-8.39980220794678,"Unknown"
"7014855",371852,2025-08-30 02:38:28,43.359806060791,-8.39977550506592,"Unknown"
"7014855",371852,2025-08-30 02:48:28,43.3597450256348,-8.39977264404297,"Unknown"
"7014855",371852,2025-08-30 02:58:28,43.3597946166992,-8.39981174468994,"Unknown"
"7014855",371852,2025-08-30 03:08:27,43.3598403930664,-8.39986038208008,"Unknown"
"7014855",371852,2025-08-30 03:18:27,43.3597564697266,-8.399827003479,"Unknown"
"7014855",371852,2025-08-30 03:28:27,43.3597259521484,-8.39962100982666,"Unknown"
"7014855",371852,2025-08-30 03:38:27,43.3597373962402,-8.39964866638184,"Unknown"
"7014855",371852,2025-08-30 03:48:28,43.3597831726074,-8.39962005615234,"Unknown"
"7014855",371852,2025-08-30 03:58:28,43.359733581543,-8.39959239959717,"Unknown"
"7014855",371852,2025-08-30 04:08:30,43.359748840332,-8.39960193634033,"Unknown"
"7014855",371852,2025-08-30 04:18:40,43.3594741821289,-8.39972305297852,"Unknown"
"7014855",371852,2025-08-30 04:28:31,43.3605270385742,-8.39981555938721,"Unknown"
"7014855",371852,2025-08-30 04:38:30,43.3601150512695,-8.39985370635986,"Unknown"
"7014855",371852,2025-08-30 04:48:29,43.3605270385742,-8.40025234222412,"Unknown"
"7014855",371852,2025-08-30 04:58:39,43.3599014282227,-8.39979267120361,"Unknown"
"7014855",371852,2025-08-30 05:08:31,43.3597831726074,-8.39929294586182,"Unknown"
"7014855",371852,2025-08-30 05:18:29,43.359546661377,-8.39795970916748,"Unknown"
"7014855",371852,2025-08-30 05:28:29,43.3595581054688,-8.3978443145752,"Unknown"
"7014855",371852,2025-08-30 05:38:28,43.3595733642578,-8.39785861968994,"Unknown"
"7014855",371852,2025-08-30 05:48:28,43.3595809936523,-8.39773941040039,"Unknown"
"7014855",371852,2025-08-30 05:58:27,43.3596496582031,-8.39772987365723,"Unknown"
"7014855",371852,2025-08-30 06:08:31,43.3597450256348,-8.39755821228027,"Unknown"
"7014855",371852,2025-08-30 06:18:28,43.3596649169922,-8.3976583480835,"Unknown"
"7014855",371852,2025-08-30 06:28:29,43.359733581543,-8.39763641357422,"Unknown"
"7014855",371852,2025-08-30 06:38:30,43.359790802002,-8.39753723144531,"Unknown"
"7014855",371852,2025-08-30 06:48:30,43.3597526550293,-8.39758968353271,"Unknown"
"7014855",371852,2025-08-30 06:58:29,43.3593597412109,-8.39762210845947,"Unknown"
"7014855",371852,2025-08-30 07:08:28,43.359203338623,-8.39749050140381,"Unknown"
"7014855",371852,2025-08-30 07:18:41,43.3596611022949,-8.39773750305176,"Unknown"
"7014855",371852,2025-08-30 07:28:26,43.3596611022949,-8.39779663085938,"Unknown"
"7014855",371852,2025-08-30 07:38:27,43.3596115112305,-8.39775562286377,"Unknown"
"7014855",371852,2025-08-30 07:48:29,43.360050201416,-8.39791202545166,"Unknown"
"7014855",371852,2025-08-30 07:58:29,43.3598785400391,-8.39796924591064,"Unknown"
"7014855",371852,2025-08-30 08:08:28,43.3588371276855,-8.39783954620361,"Unknown"
"7014855",371852,2025-08-30 08:18:28,43.3599967956543,-8.39782047271729,"Unknown"
"7014855",371852,2025-08-30 08:28:28,43.3599700927734,-8.39783477783203,"Unknown"
"7014855",371852,2025-08-30 08:38:28,43.3598899841309,-8.39817047119141,"Unknown"
"7014855",371852,2025-08-30 08:48:30,43.359790802002,-8.39849853515625,"Unknown"
"7014855",371852,2025-08-30 08:58:29,43.3596343994141,-8.3987979888916,"Unknown"
"7014855",371852,2025-08-30 09:08:31,43.3598785400391,-8.39813709259033,"Unknown"
"7014855",371852,2025-08-30 09:18:27,43.3596572875977,-8.39875602722168,"Unknown"
"7014855",371852,2025-08-30 09:28:29,43.3597145080566,-8.39851760864258,"Unknown"
"7014855",371852,2025-08-30 09:38:28,43.3597297668457,-8.39857196807861,"Unknown"
"7014855",371852,2025-08-30 09:48:30,43.3598365783691,-8.39851379394531,"Unknown"
"7014855",371852,2025-08-30 09:58:28,43.3599128723145,-8.39846992492676,"Unknown"
"7014855",371852,2025-08-30 10:08:28,43.3599586486816,-8.39848136901855,"Unknown"
"7014855",371852,2025-08-30 10:18:30,43.3596305847168,-8.39842224121094,"Unknown"
"7014855",371852,2025-08-30 10:28:27,43.3596725463867,-8.39838886260986,"Unknown"
"7014855",371852,2025-08-30 10:38:34,43.359790802002,-8.39819526672363,"Unknown"
"7014855",371852,2025-08-30 10:48:34,43.359748840332,-8.39817047119141,"Unknown"
"7014855",371852,2025-08-30 10:58:36,43.3598365783691,-8.39817333221436,"Unknown"
"7014855",371852,2025-08-30 11:08:36,43.3598709106445,-8.39815711975098,"Unknown"
"7014855",371852,2025-08-30 11:18:34,43.3597793579102,-8.39817237854004,"Unknown"
"7014855",371852,2025-08-30 11:28:34,43.3597640991211,-8.39813709259033,"Unknown"
"7014855",371852,2025-08-30 11:38:30,43.3597946166992,-8.3983097076416,"Unknown"
"7014855",371852,2025-08-30 11:48:28,43.3596878051758,-8.3982515335083,"Unknown"
"7014855",371852,2025-08-30 11:58:34,43.3598251342773,-8.39809989929199,"Unknown"
"7014855",371852,2025-08-30 12:08:28,43.3597183227539,-8.39815807342529,"Unknown"
"7014855",371852,2025-08-30 12:18:29,43.3596611022949,-8.3981819152832,"Unknown"
"7014855",371852,2025-08-30 12:28:28,43.3596496582031,-8.39825057983398,"Unknown"
"7014855",371852,2025-08-30 12:38:28,43.3596725463867,-8.39830589294434,"Unknown"
"7014855",371852,2025-08-30 12:48:30,43.3596115112305,-8.39827060699463,"Unknown"
"7014855",371852,2025-08-30 12:58:28,43.3595809936523,-8.39839267730713,"Unknown"
"7014855",371852,2025-08-30 13:08:29,43.3591499328613,-8.39911842346191,"Unknown"
"7014855",371852,2025-08-30 13:18:35,43.360279083252,-8.40228176116943,"Unknown"
"7014855",371852,2025-08-30 13:28:29,43.3601493835449,-8.40192222595215,"Unknown"
"7014855",371852,2025-08-30 13:38:31,43.3596343994141,-8.40156364440918,"Unknown"
"7014855",371852,2025-08-30 13:48:40,43.3594169616699,-8.40096473693848,"Unknown"
"7014855",371852,2025-08-30 13:58:36,43.3593788146973,-8.40137004852295,"Unknown"
"7014855",371852,2025-08-30 14:08:30,43.3590698242188,-8.40099048614502,"Unknown"
"7014855",371852,2025-08-30 14:18:28,43.3596115112305,-8.4010066986084,"Unknown"
"7014855",371852,2025-08-30 14:28:27,43.3606796264648,-8.40242576599121,"Unknown"
"7014855",371852,2025-08-30 14:38:27,43.3605499267578,-8.40251636505127,"Unknown"
"7014855",371852,2025-08-30 14:48:33,43.3608436584473,-8.40224456787109,"Unknown"
"7014855",371852,2025-08-30 14:58:28,43.3608245849609,-8.40221881866455,"Unknown"
"7014855",371852,2025-08-30 15:08:28,43.3607521057129,-8.4023494720459,"Unknown"
"7014855",371852,2025-08-30 15:18:28,43.3607368469238,-8.40237426757812,"Unknown"
"7014855",371852,2025-08-30 15:28:29,43.3606948852539,-8.40237998962402,"Unknown"
"7014855",371852,2025-08-30 15:38:30,43.3606758117676,-8.4024772644043,"Unknown"
"7014855",371852,2025-08-30 15:48:27,43.3607177734375,-8.40255165100098,"Unknown"
"7014855",371852,2025-08-30 15:58:28,43.3606719970703,-8.40251159667969,"Unknown"
"7014855",371852,2025-08-30 16:08:28,43.360725402832,-8.40260124206543,"Unknown"
"7014855",371852,2025-08-30 16:18:27,43.3606300354004,-8.40254020690918,"Unknown"
"7014855",371852,2025-08-30 16:28:28,43.3604888916016,-8.40248394012451,"Unknown"
"7014855",371852,2025-08-30 16:38:31,43.3606071472168,-8.40258979797363,"Unknown"
"7014855",371852,2025-08-30 16:43:29,43.3606033325195,-8.40277767181396,"Unknown"
"7014855",371852,2025-08-30 16:53:31,43.3633880615234,-8.41117668151855,"Unknown"
"7014855",371852,2025-08-30 17:03:30,43.3590621948242,-8.41386699676514,"Unknown"
"7014855",371852,2025-08-30 17:08:27,43.3580627441406,-8.42040729522705,"Unknown"
"7014855",371852,2025-08-30 17:18:27,43.3621635437012,-8.45173645019531,"Unknown"
"7014855",371852,2025-08-30 17:28:29,43.3565902709961,-8.456467628479,"Unknown"
"7014855",371852,2025-08-30 17:38:42,43.3536491394043,-8.45823669433594,"Unknown"
"7014855",371852,2025-08-30 17:48:29,43.3542137145996,-8.45785331726074,"Unknown"
"7014855",371852,2025-08-30 17:58:37,43.354362487793,-8.45812606811523,"Unknown"
"7014855",371852,2025-08-30 18:03:43,43.3542900085449,-8.45820808410645,"Unknown"
"7014855",371852,2025-08-30 18:13:29,43.3548622131348,-8.45816707611084,"Unknown"
"7014855",371852,2025-08-30 18:23:36,43.3558082580566,-8.45673179626465,"Unknown"
"7014855",371852,2025-08-30 18:33:31,43.3555564880371,-8.45677089691162,"Unknown"
"7014855",371852,2025-08-30 18:43:36,43.3556327819824,-8.45692443847656,"Unknown"
"7014855",371852,2025-08-30 18:53:44,43.3553314208984,-8.45652770996094,"Unknown"
"7014855",371852,2025-08-30 19:03:55,43.3550224304199,-8.41934585571289,"Unknown"
"7014855",371852,2025-08-30 19:13:28,43.3530311584473,-8.41774082183838,"Unknown"
"7014855",371852,2025-08-30 19:23:41,43.352912902832,-8.41760158538818,"Unknown"
"7014855",371852,2025-08-30 19:33:26,43.35302734375,-8.41775703430176,"Unknown"
"7014855",371852,2025-08-30 19:43:26,43.3530349731445,-8.4177417755127,"Unknown"
"7014855",371852,2025-08-30 19:53:44,43.3530960083008,-8.41757202148438,"Unknown"
"7014855",371852,2025-08-30 20:03:35,43.3527870178223,-8.41775035858154,"Unknown"
"7014855",371852,2025-08-30 20:13:30,43.3529510498047,-8.41762924194336,"Unknown"
"7014855",371852,2025-08-30 20:23:41,43.3528861999512,-8.41767024993896,"Unknown"
"7014855",371852,2025-08-30 20:33:26,43.3528747558594,-8.41767597198486,"Unknown"
"7014855",371852,2025-08-30 20:43:26,43.3528251647949,-8.41769599914551,"Unknown"
"7014855",371852,2025-08-30 20:53:44,43.3529357910156,-8.41782569885254,"Unknown"
"7014855",371852,2025-08-30 21:03:26,43.3529472351074,-8.4177942276001,"Unknown"
"7014855",371852,2025-08-30 21:13:26,43.3530731201172,-8.41784954071045,"Unknown"
"7014855",371852,2025-08-30 21:23:26,43.353157043457,-8.41771697998047,"Unknown"
"7014855",371852,2025-08-30 21:33:26,43.3529815673828,-8.41784191131592,"Unknown"
"7014855",371852,2025-08-30 21:43:27,43.3529357910156,-8.41789054870605,"Unknown"
"7014855",371852,2025-08-30 21:53:44,43.3530082702637,-8.41779804229736,"Unknown"
"7014855",371852,2025-08-30 22:03:27,43.3530235290527,-8.41790199279785,"Unknown"
"7014855",371852,2025-08-30 22:13:27,43.3530502319336,-8.41792964935303,"Unknown"
"7014855",371852,2025-08-30 22:23:27,43.3530349731445,-8.41788864135742,"Unknown"
"7014855",371852,2025-08-30 22:33:26,43.3531684875488,-8.4179515838623,"Unknown"
"7014855",371852,2025-08-30 22:43:28,43.3532104492188,-8.41792869567871,"Unknown"
"7014855",371852,2025-08-30 22:53:44,43.3531913757324,-8.41775894165039,"Unknown"
"7014855",371852,2025-08-30 23:03:39,43.3530158996582,-8.41721725463867,"Unknown"
"7014855",371852,2025-08-30 23:13:44,43.3530006408691,-8.41772651672363,"Unknown"
"7014855",371852,2025-08-30 23:23:27,43.3531265258789,-8.41786193847656,"Unknown"
"7014855",371852,2025-08-30 23:33:27,43.3529090881348,-8.41776180267334,"Unknown"
"7014855",371852,2025-08-30 23:43:27,43.3528442382812,-8.41830730438232,"Unknown"
"7014855",371852,2025-08-30 23:53:44,43.3531150817871,-8.41766929626465,"Unknown"
"7014855",371852,2025-08-31 00:03:26,43.352855682373,-8.41803646087646,"Unknown"
"7014855",371852,2025-08-31 00:13:27,43.352897644043,-8.41773796081543,"Unknown"
"7014855",371852,2025-08-31 00:23:38,43.3528900146484,-8.41794395446777,"Unknown"
"7014855",371852,2025-08-31 00:33:31,43.3526802062988,-8.41797256469727,"Unknown"
"7014855",371852,2025-08-31 00:43:27,43.3527488708496,-8.41823959350586,"Unknown"
"7014855",371852,2025-08-31 00:53:44,43.3529396057129,-8.41781902313232,"Unknown"
"7014855",371852,2025-08-31 01:03:26,43.3530197143555,-8.41579818725586,"Unknown"
"7014855",371852,2025-08-31 01:13:30,43.3529357910156,-8.41628551483154,"Unknown"
"7014855",371852,2025-08-31 01:23:28,43.3530082702637,-8.41739654541016,"Unknown"
"7014855",371852,2025-08-31 01:33:34,43.3529052734375,-8.41773509979248,"Unknown"
"7014855",371852,2025-08-31 01:43:29,43.352710723877,-8.41501712799072,"Unknown"
"7014855",371852,2025-08-31 01:53:45,43.3529281616211,-8.41754722595215,"Unknown"
"7014855",371852,2025-08-31 02:03:33,43.3528518676758,-8.41743850708008,"Unknown"
"7014855",371852,2025-08-31 02:13:42,43.3528594970703,-8.41801452636719,"Unknown"
"7014855",371852,2025-08-31 02:23:40,43.3529853820801,-8.41774940490723,"Unknown"
"7014855",371852,2025-08-31 02:33:36,43.3529891967773,-8.41706371307373,"Unknown"
"7014855",371852,2025-08-31 02:43:33,43.3529472351074,-8.41764354705811,"Unknown"
"7014855",371852,2025-08-31 02:53:44,43.3529243469238,-8.41776752471924,"Unknown"
"7014855",371852,2025-08-31 03:03:27,43.3529357910156,-8.41805171966553,"Unknown"
"7014855",371852,2025-08-31 03:13:43,43.3529357910156,-8.41792297363281,"Unknown"
"7014855",371852,2025-08-31 03:23:27,43.3531074523926,-8.41809272766113,"Unknown"
"7014855",371852,2025-08-31 03:33:27,43.3528518676758,-8.41809463500977,"Unknown"
"7014855",371852,2025-08-31 03:43:34,43.3527679443359,-8.41808223724365,"Unknown"
"7014855",371852,2025-08-31 03:53:52,43.3534126281738,-8.41738319396973,"Unknown"
"7014855",371852,2025-08-31 04:03:44,43.3529319763184,-8.41783618927002,"Unknown"
"7014855",371852,2025-08-31 04:13:31,43.3527183532715,-8.41771507263184,"Unknown"
"7014855",371852,2025-08-31 04:23:31,43.3530502319336,-8.41824722290039,"Unknown"
"7014855",371852,2025-08-31 04:33:34,43.352783203125,-8.41792011260986,"Unknown"
"7014855",371852,2025-08-31 04:43:27,43.3528785705566,-8.41803359985352,"Unknown"
"7014855",371852,2025-08-31 04:53:44,43.3528099060059,-8.41778469085693,"Unknown"
"7014855",371852,2025-08-31 05:03:26,43.3528251647949,-8.41792583465576,"Unknown"
"7014855",371852,2025-08-31 05:13:27,43.3528213500977,-8.41763973236084,"Unknown"
"7014855",371852,2025-08-31 05:23:30,43.35302734375,-8.4178352355957,"Unknown"
"7014855",371852,2025-08-31 05:33:30,43.3528480529785,-8.41768741607666,"Unknown"
"7014855",371852,2025-08-31 05:43:27,43.3527145385742,-8.42787551879883,"Unknown"
"7014855",371852,2025-08-31 05:53:44,43.352970123291,-8.42819023132324,"Unknown"
"7014855",371852,2025-08-31 06:03:36,43.3527069091797,-8.43410110473633,"Unknown"
"7014855",371852,2025-08-31 06:13:31,43.3526573181152,-8.43414497375488,"Unknown"
"7014855",371852,2025-08-31 06:23:27,43.3498306274414,-8.45085620880127,"Unknown"
"7014855",371852,2025-08-31 06:33:29,43.3545455932617,-8.45856189727783,"Unknown"
"7014855",371852,2025-08-31 06:44:01,43.3539772033691,-8.45838260650635,"Unknown"
"7014855",371852,2025-08-31 07:03:44,43.3544845581055,-8.45825481414795,"Unknown"
"7014855",371852,2025-08-31 07:13:26,43.3544273376465,-8.45809745788574,"Unknown"
"7014855",371852,2025-08-31 07:23:34,43.3544044494629,-8.45806789398193,"Unknown"
"7014855",371852,2025-08-31 07:33:26,43.3537216186523,-8.4576358795166,"Unknown"
"7014855",371852,2025-08-31 07:43:29,43.3537216186523,-8.45826625823975,"Unknown"
"7014855",371852,2025-08-31 07:54:24,43.3540229797363,-8.45842838287354,"Unknown"
"7014855",371852,2025-08-31 08:04:05,43.3549118041992,-8.45837497711182,"Unknown"
"7014855",371852,2025-08-31 08:13:27,43.3549003601074,-8.4583158493042,"Unknown"
"7014855",371852,2025-08-31 08:23:26,43.3548851013184,-8.45824813842773,"Unknown"
"7014855",371852,2025-08-31 08:33:26,43.3543663024902,-8.45853424072266,"Unknown"
"7014855",371852,2025-08-31 08:43:41,43.3539123535156,-8.45873641967773,"Unknown"
"7014855",371852,2025-08-31 08:53:28,43.3544158935547,-8.45772266387939,"Unknown"
"7014855",371852,2025-08-31 09:03:27,43.354808807373,-8.45711708068848,"Unknown"
"7014855",371852,2025-08-31 09:13:26,43.3549041748047,-8.45714855194092,"Unknown"
"7014855",371852,2025-08-31 09:23:26,43.3550643920898,-8.456955909729,"Unknown"
"7014855",371852,2025-08-31 09:33:27,43.3548851013184,-8.4570837020874,"Unknown"
"7014855",371852,2025-08-31 09:43:28,43.3548698425293,-8.45709323883057,"Unknown"
"7014855",371852,2025-08-31 09:53:28,43.3548812866211,-8.45708084106445,"Unknown"
"7014855",371852,2025-08-31 10:03:27,43.3549308776855,-8.45708084106445,"Unknown"
"7014855",371852,2025-08-31 10:13:28,43.3549461364746,-8.45711898803711,"Unknown"
"7014855",371852,2025-08-31 10:23:30,43.3548812866211,-8.45696067810059,"Unknown"
"7014855",371852,2025-08-31 10:33:27,43.3552780151367,-8.45726299285889,"Unknown"
"7014855",371852,2025-08-31 10:43:26,43.3554573059082,-8.45736312866211,"Unknown"
"7014855",371852,2025-08-31 10:53:39,43.3554229736328,-8.45706844329834,"Unknown"
"7014855",371852,2025-08-31 11:03:27,43.3551139831543,-8.45682239532471,"Unknown"
"7014855",371852,2025-08-31 11:13:44,43.3521842956543,-8.47785663604736,"Unknown"
"7014855",371852,2025-08-31 11:23:37,43.3523292541504,-8.47793865203857,"Unknown"
"7014855",371852,2025-08-31 11:33:44,43.3523406982422,-8.47785663604736,"Unknown"
"7014855",371852,2025-08-31 11:43:27,43.3525886535645,-8.47806072235107,"Unknown"
"7014855",371852,2025-08-31 11:53:30,43.3522491455078,-8.47785758972168,"Unknown"
"7014855",371852,2025-08-31 11:58:35,43.3519096374512,-8.47763156890869,"Unknown"
"7014855",371852,2025-08-31 12:03:32,43.3521461486816,-8.47788524627686,"Unknown"
"7014855",371852,2025-08-31 12:08:35,43.3521919250488,-8.47813606262207,"Unknown"
"7014855",371852,2025-08-31 12:13:29,43.3521461486816,-8.47780513763428,"Unknown"
"7014855",371852,2025-08-31 12:18:44,43.3522796630859,-8.47791862487793,"Unknown"
"7014855",371852,2025-08-31 12:23:30,43.352222442627,-8.47806453704834,"Unknown"
"7014855",371852,2025-08-31 12:28:28,43.3521957397461,-8.47772407531738,"Unknown"
"7014855",371852,2025-08-31 12:33:31,43.3522148132324,-8.47828674316406,"Unknown"
"7014855",371852,2025-08-31 12:38:29,43.3521766662598,-8.47795486450195,"Unknown"
"7014855",371852,2025-08-31 12:43:33,43.352222442627,-8.47800350189209,"Unknown"
"7014855",371852,2025-08-31 12:48:59,43.3522338867188,-8.47796440124512,"Unknown"
"7014855",371852,2025-08-31 12:53:27,43.3522567749023,-8.47792530059814,"Unknown"
"7014855",371852,2025-08-31 12:58:27,43.3522872924805,-8.47797966003418,"Unknown"
"7014855",371852,2025-08-31 13:03:27,43.3523483276367,-8.47794055938721,"Unknown"
"7014855",371852,2025-08-31 13:08:27,43.3532829284668,-8.47029113769531,"Unknown"
"7014855",371852,2025-08-31 13:13:26,43.3557510375977,-8.45781707763672,"Unknown"
"7014855",371852,2025-08-31 13:18:27,43.3556518554688,-8.45783805847168,"Unknown"
"7014855",371852,2025-08-31 13:23:29,43.355655670166,-8.45791912078857,"Unknown"
"7014855",371852,2025-08-31 13:28:28,43.3556594848633,-8.45780086517334,"Unknown"
"7014855",371852,2025-08-31 13:33:28,43.3557548522949,-8.45786571502686,"Unknown"
"7014855",371852,2025-08-31 13:38:28,43.3557815551758,-8.45797252655029,"Unknown"
"7014855",371852,2025-08-31 13:43:28,43.3555526733398,-8.45795249938965,"Unknown"
"7014855",371852,2025-08-31 13:48:28,43.3557968139648,-8.45796680450439,"Unknown"
"7014855",371852,2025-08-31 13:53:28,43.3556442260742,-8.45776748657227,"Unknown"
"7014855",371852,2025-08-31 13:58:28,43.3555717468262,-8.45778274536133,"Unknown"
"7014855",371852,2025-08-31 14:03:34,43.3542442321777,-8.45850944519043,"Unknown"
"7014855",371852,2025-08-31 14:09:05,43.3537940979004,-8.45907211303711,"Unknown"
"7014855",371852,2025-08-31 14:14:36,43.3539123535156,-8.45901966094971,"Unknown"
"7014855",371852,2025-08-31 14:18:36,43.3538513183594,-8.45880889892578,"Unknown"
"7014855",371852,2025-08-31 14:23:32,43.3553276062012,-8.46080493927002,"Unknown"
"7014855",371852,2025-08-31 14:29:25,43.354118347168,-8.45848369598389,"Unknown"
"7014855",371852,2025-08-31 14:33:30,43.354923248291,-8.4570894241333,"Unknown"
"7014855",371852,2025-08-31 14:38:31,43.3546905517578,-8.4569263458252,"Unknown"
"7014855",371852,2025-08-31 14:43:29,43.3555107116699,-8.45779800415039,"Unknown"
"7014855",371852,2025-08-31 14:48:31,43.3555755615234,-8.45835399627686,"Unknown"
"7014855",371852,2025-08-31 14:53:28,43.3554039001465,-8.45783519744873,"Unknown"
"7014855",371852,2025-08-31 14:58:28,43.3554840087891,-8.4578161239624,"Unknown"
"7014855",371852,2025-08-31 15:03:29,43.3554534912109,-8.4577579498291,"Unknown"
"7014855",371852,2025-08-31 15:08:29,43.3556671142578,-8.45846652984619,"Unknown"
"7014855",371852,2025-08-31 15:13:31,43.3554954528809,-8.45780563354492,"Unknown"
"7014855",371852,2025-08-31 15:18:34,43.35546875,-8.45795822143555,"Unknown"
"7014855",371852,2025-08-31 15:23:32,43.3555107116699,-8.45791816711426,"Unknown"
"7014855",371852,2025-08-31 15:28:29,43.3555297851562,-8.4585428237915,"Unknown"
"7014855",371852,2025-08-31 15:33:34,43.3551406860352,-8.45785999298096,"Unknown"
"7014855",371852,2025-08-31 15:38:28,43.3553199768066,-8.45788764953613,"Unknown"
"7014855",371852,2025-08-31 15:43:31,43.3553123474121,-8.45768451690674,"Unknown"
"7014855",371852,2025-08-31 15:48:28,43.3552742004395,-8.45758819580078,"Unknown"
"7014855",371852,2025-08-31 15:53:29,43.355396270752,-8.45789051055908,"Unknown"
"7014855",371852,2025-08-31 15:58:28,43.3551864624023,-8.45749855041504,"Unknown"
"7014855",371852,2025-08-31 16:03:28,43.3553352355957,-8.4577808380127,"Unknown"
"7014855",371852,2025-08-31 16:08:28,43.3554420471191,-8.45803642272949,"Unknown"
"7014855",371852,2025-08-31 16:13:28,43.3552513122559,-8.45769119262695,"Unknown"
"7014855",371852,2025-08-31 16:18:32,43.3553810119629,-8.45788288116455,"Unknown"
"7014855",371852,2025-08-31 16:23:29,43.3538589477539,-8.45807838439941,"Unknown"
"7014855",371852,2025-08-31 16:28:30,43.353588104248,-8.45749759674072,"Unknown"
"7014855",371852,2025-08-31 16:33:40,43.3539009094238,-8.45918941497803,"Unknown"
"7014855",371852,2025-08-31 16:39:43,43.3538932800293,-8.45908355712891,"Unknown"
"7014855",371852,2025-08-31 16:43:28,43.3559036254883,-8.45662403106689,"Unknown"
"7014855",371852,2025-08-31 16:48:37,43.3564949035645,-8.45728969573975,"Unknown"
"7014855",371852,2025-08-31 16:53:28,43.3549690246582,-8.45649337768555,"Unknown"
"7014855",371852,2025-08-31 16:58:37,43.3556900024414,-8.45733547210693,"Unknown"
"7014855",371852,2025-08-31 17:03:28,43.3557281494141,-8.45736980438232,"Unknown"
"7014855",371852,2025-08-31 17:08:59,43.3555564880371,-8.45726108551025,"Unknown"
"7014855",371852,2025-08-31 17:13:29,43.3555755615234,-8.45738220214844,"Unknown"
"7014855",371852,2025-08-31 17:18:28,43.3551445007324,-8.45727157592773,"Unknown"
"7014855",371852,2025-08-31 17:23:28,43.3551177978516,-8.45726680755615,"Unknown"
"7014855",371852,2025-08-31 17:28:28,43.3551902770996,-8.45715522766113,"Unknown"
"7014855",371852,2025-08-31 17:33:28,43.3553657531738,-8.45725536346436,"Unknown"
"7014855",371852,2025-08-31 17:38:28,43.3553810119629,-8.45726013183594,"Unknown"
"7014855",371852,2025-08-31 17:43:28,43.3553161621094,-8.45722198486328,"Unknown"
"7014855",371852,2025-08-31 17:48:29,43.3552398681641,-8.4571008682251,"Unknown"
"7014855",371852,2025-08-31 17:53:29,43.3550872802734,-8.457200050354,"Unknown"
"7014855",371852,2025-08-31 17:58:28,43.3551330566406,-8.45732021331787,"Unknown"
"7014855",371852,2025-08-31 18:03:44,43.3551368713379,-8.45718955993652,"Unknown"
"7014855",371852,2025-08-31 18:08:28,43.3551979064941,-8.45722675323486,"Unknown"
"7014855",371852,2025-08-31 18:13:27,43.3540878295898,-8.45885276794434,"Unknown"
"7014855",371852,2025-08-31 18:18:28,43.3542518615723,-8.45845794677734,"Unknown"
"7014855",371852,2025-08-31 18:23:27,43.3562240600586,-8.45701217651367,"Unknown"
"7014855",371852,2025-08-31 18:28:28,43.3562507629395,-8.45694255828857,"Unknown"
"7014855",371852,2025-08-31 18:33:27,43.3561897277832,-8.45704460144043,"Unknown"
"7014855",371852,2025-08-31 18:38:29,43.3562812805176,-8.45696258544922,"Unknown"
"7014855",371852,2025-08-31 18:43:28,43.3562850952148,-8.45688056945801,"Unknown"
"7014855",371852,2025-08-31 18:48:29,43.3554916381836,-8.4569673538208,"Unknown"
"7014855",371852,2025-08-31 18:53:30,43.3562126159668,-8.45694923400879,"Unknown"
"7014855",371852,2025-08-31 18:58:28,43.3494033813477,-8.45023441314697,"Unknown"
"7014855",371852,2025-08-31 19:03:28,43.3500938415527,-8.42728996276855,"Unknown"
"7014855",371852,2025-08-31 19:08:37,43.349983215332,-8.42733573913574,"Unknown"
"7014855",371852,2025-08-31 19:13:28,43.3507919311523,-8.42758750915527,"Unknown"
"7014855",371852,2025-08-31 19:18:31,43.350513458252,-8.4275598526001,"Unknown"
"7014855",371852,2025-08-31 19:23:29,43.3506774902344,-8.42767238616943,"Unknown"
"7014855",371852,2025-08-31 19:28:29,43.3506965637207,-8.42777633666992,"Unknown"
"7014855",371852,2025-08-31 19:33:28,43.3509750366211,-8.42776298522949,"Unknown"
"7014855",371852,2025-08-31 19:38:29,43.353214263916,-8.41751670837402,"Unknown"
"7014855",371852,2025-08-31 19:43:32,43.3530464172363,-8.41724872589111,"Unknown"
"7014855",371852,2025-08-31 19:48:40,43.3530349731445,-8.41714286804199,"Unknown"
"7014855",371852,2025-08-31 19:53:28,43.3530158996582,-8.41704750061035,"Unknown"
"7014855",371852,2025-08-31 19:58:28,43.3530235290527,-8.41713523864746,"Unknown"
"7014855",371852,2025-08-31 20:03:28,43.3528938293457,-8.41738605499268,"Unknown"
"7014855",371852,2025-08-31 20:08:28,43.3528442382812,-8.41730499267578,"Unknown"
"7014855",371852,2025-08-31 20:13:30,43.3529853820801,-8.41736888885498,"Unknown"
"7014855",371852,2025-08-31 20:18:28,43.352855682373,-8.41729545593262,"Unknown"
"7014855",371852,2025-08-31 20:23:28,43.352897644043,-8.41739845275879,"Unknown"
"7014855",371852,2025-08-31 20:28:28,43.3530387878418,-8.41746711730957,"Unknown"
"7014855",371852,2025-08-31 20:33:29,43.3528213500977,-8.41729736328125,"Unknown"
"7014855",371852,2025-08-31 20:38:59,43.3529014587402,-8.41734504699707,"Unknown"
"7014855",371852,2025-08-31 20:43:28,43.3529357910156,-8.41738986968994,"Unknown"
"7014855",371852,2025-08-31 20:48:27,43.3529243469238,-8.41733264923096,"Unknown"
"7014855",371852,2025-08-31 20:58:28,43.3531799316406,-8.41677284240723,"Unknown"
"7014855",371852,2025-08-31 21:03:28,43.3530349731445,-8.41701221466064,"Unknown"
"7014855",371852,2025-08-31 21:08:28,43.3530235290527,-8.41701507568359,"Unknown"
"7014855",371852,2025-08-31 21:18:28,43.3529968261719,-8.41725635528564,"Unknown"
"7014855",371852,2025-08-31 21:28:27,43.3494834899902,-8.41835308074951,"Unknown"
"7014855",371852,2025-08-31 21:33:28,43.3502464294434,-8.42434501647949,"Unknown"
"7014855",371852,2025-08-31 21:43:28,43.3505859375,-8.42397880554199,"Unknown"
"7014855",371852,2025-08-31 21:48:27,43.3512916564941,-8.42292308807373,"Unknown"
"7014855",371852,2025-08-31 21:53:37,43.3506469726562,-8.4257698059082,"Unknown"
"7014855",371852,2025-08-31 22:03:59,43.3502540588379,-8.42470073699951,"Unknown"
"7014855",371852,2025-08-31 22:13:27,43.3502731323242,-8.42478370666504,"Unknown"
"7014855",371852,2025-08-31 22:23:37,43.3501167297363,-8.4247522354126,"Unknown"
"7014855",371852,2025-08-31 22:33:29,43.3502006530762,-8.42477416992188,"Unknown"
"7014855",371852,2025-08-31 22:43:31,43.35009765625,-8.42475318908691,"Unknown"
"7014855",371852,2025-08-31 22:54:04,43.3502464294434,-8.42477416992188,"Unknown"
"7014855",371852,2025-08-31 22:58:28,43.3499221801758,-8.4253454208374,"Unknown"
"7014855",371852,2025-08-31 23:08:30,43.3501129150391,-8.42459011077881,"Unknown"
"7014855",371852,2025-08-31 23:18:30,43.3505630493164,-8.42404556274414,"Unknown"
"7014855",371852,2025-08-31 23:28:28,43.3527984619141,-8.42225170135498,"Unknown"
"7014855",371852,2025-08-31 23:39:05,43.3591423034668,-8.39904022216797,"Unknown"
"7014855",371852,2025-08-31 23:48:31,43.3591117858887,-8.39917278289795,"Unknown"
"7014855",371852,2025-08-31 23:58:28,43.359203338623,-8.39901638031006,"Unknown"
"7014855",371852,2025-09-01 00:08:31,43.359245300293,-8.39895248413086,"Unknown"
"7014855",371852,2025-09-01 00:18:31,43.359073638916,-8.39901924133301,"Unknown"
"7014855",371852,2025-09-01 00:28:28,43.3594055175781,-8.39897441864014,"Unknown"
"7014855",371852,2025-09-01 00:38:44,43.3590927124023,-8.39908885955811,"Unknown"
"7014855",371852,2025-09-01 00:48:59,43.3590621948242,-8.39907264709473,"Unknown"
"7014855",371852,2025-09-01 00:58:28,43.3593788146973,-8.39911270141602,"Unknown"
"7014855",371852,2025-09-01 01:08:28,43.359302520752,-8.39903354644775,"Unknown"
"7014855",371852,2025-09-01 01:18:35,43.3590621948242,-8.39912891387939,"Unknown"
"7014855",371852,2025-09-01 01:28:31,43.3591918945312,-8.39912509918213,"Unknown"
"7014855",371852,2025-09-01 01:38:44,43.362491607666,-8.4036808013916,"Unknown"
"7014855",371852,2025-09-01 01:48:31,43.3622856140137,-8.40340709686279,"Unknown"
"7014855",371852,2025-09-01 01:58:30,43.3621635437012,-8.40351390838623,"Unknown"
"7014855",371852,2025-09-01 02:08:29,43.3625907897949,-8.40423774719238,"Unknown"
"7014855",371852,2025-09-01 02:18:31,43.3622703552246,-8.40337753295898,"Unknown"
"7014855",371852,2025-09-01 02:28:34,43.3627166748047,-8.40308952331543,"Unknown"
"7014855",371852,2025-09-01 02:38:59,43.3624229431152,-8.40327262878418,"Unknown"
"7014855",371852,2025-09-01 02:48:27,43.3622703552246,-8.40347194671631,"Unknown"
"7014855",371852,2025-09-01 02:58:29,43.3621826171875,-8.40338516235352,"Unknown"
"7014855",371852,2025-09-01 03:08:27,43.3622131347656,-8.40349197387695,"Unknown"
"7014855",371852,2025-09-01 03:18:28,43.3624076843262,-8.40343284606934,"Unknown"
"7014855",371852,2025-09-01 03:28:28,43.3622093200684,-8.40356636047363,"Unknown"
"7014855",371852,2025-09-01 03:38:27,43.3621940612793,-8.4034423828125,"Unknown"
"7014855",371852,2025-09-01 03:48:28,43.3621635437012,-8.40349006652832,"Unknown"
"7014855",371852,2025-09-01 03:58:28,43.3620948791504,-8.40351104736328,"Unknown"
"7014855",371852,2025-09-01 04:08:28,43.361988067627,-8.40338802337646,"Unknown"
"7014855",371852,2025-09-01 04:18:28,43.3621520996094,-8.40346145629883,"Unknown"
"7014855",371852,2025-09-01 04:28:29,43.3621559143066,-8.40347003936768,"Unknown"
"7014855",371852,2025-09-01 04:38:30,43.3621406555176,-8.40340423583984,"Unknown"
"7014855",371852,2025-09-01 04:48:41,43.3620986938477,-8.40355014801025,"Unknown"
"7014855",371852,2025-09-01 04:58:28,43.3620872497559,-8.4036340713501,"Unknown"
"7014855",371852,2025-09-01 05:08:28,43.3620567321777,-8.40355968475342,"Unknown"
"7014855",371852,2025-09-01 05:18:29,43.3620834350586,-8.40367794036865,"Unknown"
"7014855",371852,2025-09-01 05:28:29,43.3621215820312,-8.40453720092773,"Unknown"
"7014855",371852,2025-09-01 05:38:28,43.362117767334,-8.40366744995117,"Unknown"
"7014855",371852,2025-09-01 05:48:29,43.3621864318848,-8.40538311004639,"Unknown"
"7014855",371852,2025-09-01 05:58:44,43.3621215820312,-8.40346431732178,"Unknown"
"7014855",371852,2025-09-01 06:08:28,43.3620986938477,-8.40364456176758,"Unknown"
"7014855",371852,2025-09-01 06:18:28,43.3621940612793,-8.40353107452393,"Unknown"
"7014855",371852,2025-09-01 06:28:28,43.3620948791504,-8.40360450744629,"Unknown"
"7014855",371852,2025-09-01 06:38:30,43.3623542785645,-8.40380477905273,"Unknown"
"7014855",371852,2025-09-01 06:48:59,43.3622589111328,-8.40352439880371,"Unknown"
"7014855",371852,2025-09-01 06:58:28,43.3623123168945,-8.40357494354248,"Unknown"
"7014855",371852,2025-09-01 07:08:29,43.3623580932617,-8.40361213684082,"Unknown"
"7014855",371852,2025-09-01 07:18:28,43.3643074035645,-8.40161514282227,"Unknown"
"7014855",371852,2025-09-01 07:28:28,43.3643341064453,-8.40161418914795,"Unknown"
"7014855",371852,2025-09-01 07:38:31,43.3643112182617,-8.40152835845947,"Unknown"
"7014855",371852,2025-09-01 07:48:28,43.364330291748,-8.40148258209229,"Unknown"
"7014855",371852,2025-09-01 07:58:28,43.3643836975098,-8.40148162841797,"Unknown"
"7014855",371852,2025-09-01 08:08:28,43.3643341064453,-8.40147018432617,"Unknown"
"7014855",371852,2025-09-01 08:18:30,43.3644371032715,-8.40152931213379,"Unknown"
"7014855",371852,2025-09-01 08:28:30,43.364559173584,-8.40156650543213,"Unknown"
"7014855",371852,2025-09-01 08:38:28,43.3642539978027,-8.40176296234131,"Unknown"
"7014855",371852,2025-09-01 08:48:28,43.3644981384277,-8.40145587921143,"Unknown"
"7014855",371852,2025-09-01 08:58:29,43.3645401000977,-8.40155792236328,"Unknown"
"7014855",371852,2025-09-01 09:08:30,43.3644523620605,-8.40155506134033,"Unknown"
"7014855",371852,2025-09-01 09:18:30,43.3639373779297,-8.40203189849854,"Unknown"
"7014855",371852,2025-09-01 09:28:29,43.3643798828125,-8.40174961090088,"Unknown"
"7014855",371852,2025-09-01 09:33:28,43.3642578125,-8.401780128479,"Unknown"
"7014855",371852,2025-09-01 09:38:28,43.364387512207,-8.40173053741455,"Unknown"
"7014855",371852,2025-09-01 09:43:30,43.3644218444824,-8.40181255340576,"Unknown"
"7014855",371852,2025-09-01 09:48:28,43.3645210266113,-8.40175724029541,"Unknown"
"7014855",371852,2025-09-01 09:53:28,43.364429473877,-8.40170383453369,"Unknown"
"7014855",371852,2025-09-01 09:58:29,43.3644866943359,-8.40176582336426,"Unknown"
"7014855",371852,2025-09-01 10:03:28,43.3644790649414,-8.40175914764404,"Unknown"
"7014855",371852,2025-09-01 10:08:28,43.3644714355469,-8.40170669555664,"Unknown"
"7014855",371852,2025-09-01 10:13:28,43.3644485473633,-8.40167617797852,"Unknown"
"7014855",371852,2025-09-01 10:18:30,43.3645973205566,-8.40178966522217,"Unknown"
"7014855",371852,2025-09-01 10:23:29,43.3643417358398,-8.40173435211182,"Unknown"
"7014855",371852,2025-09-01 10:28:30,43.3645057678223,-8.40192985534668,"Unknown"
"7014855",371852,2025-09-01 10:33:29,43.3645172119141,-8.40182304382324,"Unknown"
"7014855",371852,2025-09-01 10:38:28,43.3645095825195,-8.40178775787354,"Unknown"
"7014855",371852,2025-09-01 10:43:29,43.3644981384277,-8.40181350708008,"Unknown"
"7014855",371852,2025-09-01 10:48:31,43.3643226623535,-8.40156078338623,"Unknown"
"7014855",371852,2025-09-01 10:53:44,43.3642730712891,-8.4016809463501,"Unknown"
"7014855",371852,2025-09-01 10:58:28,43.3640098571777,-8.40189170837402,"Unknown"
"7014855",371852,2025-09-01 11:03:30,43.3642692565918,-8.40170097351074,"Unknown"
"7014855",371852,2025-09-01 11:08:28,43.3643989562988,-8.40166091918945,"Unknown"
"7014855",371852,2025-09-01 11:13:29,43.3642730712891,-8.40157318115234,"Unknown"
"7014855",371852,2025-09-01 11:18:30,43.3645439147949,-8.40187168121338,"Unknown"
"7014855",371852,2025-09-01 11:23:28,43.3646965026855,-8.40199089050293,"Unknown"
"7014855",371852,2025-09-01 11:28:30,43.3644256591797,-8.40172863006592,"Unknown"
"7014855",371852,2025-09-01 11:33:45,43.3643493652344,-8.40163040161133,"Unknown"
"7014855",371852,2025-09-01 11:38:40,43.3647270202637,-8.40174007415771,"Unknown"
"7014855",371852,2025-09-01 11:43:30,43.3645286560059,-8.40166568756104,"Unknown"
"7014855",371852,2025-09-01 11:48:59,43.3645286560059,-8.40161991119385,"Unknown"
"7014855",371852,2025-09-01 11:53:36,43.3644752502441,-8.40165138244629,"Unknown"
"7014855",371852,2025-09-01 11:58:37,43.3644790649414,-8.40165328979492,"Unknown"
"7014855",371852,2025-09-01 12:03:35,43.3644371032715,-8.40154075622559,"Unknown"
"7014855",371852,2025-09-01 12:08:27,43.3644561767578,-8.40164566040039,"Unknown"
"7014855",371852,2025-09-01 12:13:28,43.3644104003906,-8.40147018432617,"Unknown"
"7014855",371852,2025-09-01 12:18:27,43.3644485473633,-8.40151786804199,"Unknown"
"7014855",371852,2025-09-01 12:23:27,43.3644828796387,-8.40146255493164,"Unknown"
"7014855",371852,2025-09-01 12:28:27,43.3644981384277,-8.40147590637207,"Unknown"
"7014855",371852,2025-09-01 12:33:28,43.3644943237305,-8.40145874023438,"Unknown"
"7014855",371852,2025-09-01 12:38:29,43.3644409179688,-8.40144729614258,"Unknown"
"7014855",371852,2025-09-01 12:43:31,43.3646545410156,-8.40124797821045,"Unknown"
"7014855",371852,2025-09-01 12:48:34,43.3645820617676,-8.40134620666504,"Unknown"
"7014855",371852,2025-09-01 12:53:28,43.3646392822266,-8.40120697021484,"Unknown"
"7014855",371852,2025-09-01 12:58:29,43.3645439147949,-8.40154933929443,"Unknown"
"7014855",371852,2025-09-01 13:03:29,43.3645896911621,-8.40134906768799,"Unknown"
"7014855",371852,2025-09-01 13:08:28,43.3646011352539,-8.40132427215576,"Unknown"
"7014855",371852,2025-09-01 13:13:28,43.3647308349609,-8.40128993988037,"Unknown"
"7014855",371852,2025-09-01 13:18:34,43.364631652832,-8.40134048461914,"Unknown"
"7014855",371852,2025-09-01 13:23:59,43.364501953125,-8.40124607086182,"Unknown"
"7014855",371852,2025-09-01 13:28:27,43.3644866943359,-8.4014892578125,"Unknown"
"7014855",371852,2025-09-01 13:33:29,43.3644523620605,-8.40142631530762,"Unknown"
"7014855",371852,2025-09-01 13:38:27,43.3645477294922,-8.40146541595459,"Unknown"
"7014855",371852,2025-09-01 13:43:28,43.3643646240234,-8.40151405334473,"Unknown"
"7014855",371852,2025-09-01 13:48:34,43.3644371032715,-8.40167617797852,"Unknown"
"7014855",371852,2025-09-01 13:53:35,43.3644409179688,-8.40163803100586,"Unknown"
"7014855",371852,2025-09-01 13:58:31,43.3643646240234,-8.4015998840332,"Unknown"
"7014855",371852,2025-09-01 14:03:30,43.364574432373,-8.40172863006592,"Unknown"
"7014855",371852,2025-09-01 14:08:28,43.3639259338379,-8.40106868743896,"Unknown"
"7014855",371852,2025-09-01 14:13:33,43.3645401000977,-8.40179061889648,"Unknown"
"7014855",371852,2025-09-01 14:18:31,43.3646583557129,-8.40164375305176,"Unknown"
"7014855",371852,2025-09-01 14:23:31,43.3645935058594,-8.40164947509766,"Unknown"
"7014855",371852,2025-09-01 14:28:31,43.3645668029785,-8.40177631378174,"Unknown"
"7014855",371852,2025-09-01 14:33:28,43.3645401000977,-8.40164947509766,"Unknown"
"7014855",371852,2025-09-01 14:38:30,43.3645706176758,-8.40156841278076,"Unknown"
"7014855",371852,2025-09-01 14:43:29,43.3645286560059,-8.40173721313477,"Unknown"
"7014855",371852,2025-09-01 14:48:31,43.364616394043,-8.40159511566162,"Unknown"
"7014855",371852,2025-09-01 14:53:31,43.3645858764648,-8.40158081054688,"Unknown"
"7014855",371852,2025-09-01 14:58:29,43.3644905090332,-8.40170192718506,"Unknown"
"7014855",371852,2025-09-01 15:03:28,43.3643951416016,-8.40175247192383,"Unknown"
"7014855",371852,2025-09-01 15:08:28,43.364372253418,-8.4017276763916,"Unknown"
"7014855",371852,2025-09-01 15:13:28,43.3643264770508,-8.40183734893799,"Unknown"
"7014855",371852,2025-09-01 15:18:28,43.3644981384277,-8.40164375305176,"Unknown"
"7014855",371852,2025-09-01 15:23:28,43.3643646240234,-8.40173721313477,"Unknown"
"7014855",371852,2025-09-01 15:28:29,43.3643798828125,-8.40170288085938,"Unknown"
"7014855",371852,2025-09-01 15:33:28,43.3644218444824,-8.40164089202881,"Unknown"
"7014855",371852,2025-09-01 15:38:28,43.3644790649414,-8.40156745910645,"Unknown"
"7014855",371852,2025-09-01 15:43:29,43.3643417358398,-8.40152835845947,"Unknown"
"7014855",371852,2025-09-01 15:48:30,43.3644714355469,-8.40175914764404,"Unknown"
"7014855",371852,2025-09-01 15:53:29,43.3643989562988,-8.40154647827148,"Unknown"
"7014855",371852,2025-09-01 15:58:29,43.364429473877,-8.40170097351074,"Unknown"
"7014855",371852,2025-09-01 16:03:30,43.364688873291,-8.40164661407471,"Unknown"
"7014855",371852,2025-09-01 16:08:31,43.3647155761719,-8.40164089202881,"Unknown"
"7014855",371852,2025-09-01 16:13:29,43.3647575378418,-8.40172958374023,"Unknown"
"7014855",371852,2025-09-01 16:18:30,43.3647384643555,-8.40179920196533,"Unknown"
"7014855",371852,2025-09-01 16:23:30,43.3647842407227,-8.40186500549316,"Unknown"
"7014855",371852,2025-09-01 16:28:31,43.3647842407227,-8.40162467956543,"Unknown"
"7014855",371852,2025-09-01 16:33:30,43.364574432373,-8.40145206451416,"Unknown"
"7014855",371852,2025-09-01 16:38:31,43.3647766113281,-8.40193748474121,"Unknown"
"7014855",371852,2025-09-01 16:43:30,43.3651657104492,-8.40247821807861,"Unknown"
"7014855",371852,2025-09-01 16:48:34,43.3646278381348,-8.40181922912598,"Unknown"
"7014855",371852,2025-09-01 16:53:30,43.3647155761719,-8.40197372436523,"Unknown"
"7014855",371852,2025-09-01 16:58:31,43.3647270202637,-8.40196132659912,"Unknown"
"7014855",371852,2025-09-01 17:03:28,43.3644981384277,-8.40132141113281,"Unknown"
"7014855",371852,2025-09-01 17:08:29,43.3644027709961,-8.40123558044434,"Unknown"
"7014855",371852,2025-09-01 17:13:29,43.3647155761719,-8.40202808380127,"Unknown"
"7014855",371852,2025-09-01 17:18:29,43.3646812438965,-8.40202713012695,"Unknown"
"7014855",371852,2025-09-01 17:23:29,43.364444732666,-8.40140628814697,"Unknown"
"7014855",371852,2025-09-01 17:28:33,43.3643264770508,-8.40141296386719,"Unknown"
"7014855",371852,2025-09-01 17:33:31,43.3644485473633,-8.40121269226074,"Unknown"
"7014855",371852,2025-09-01 17:38:28,43.3645248413086,-8.40139198303223,"Unknown"
"7014855",371852,2025-09-01 17:43:33,43.3644828796387,-8.40124607086182,"Unknown"
"7014855",371852,2025-09-01 17:48:30,43.3644714355469,-8.40147972106934,"Unknown"
"7014855",371852,2025-09-01 17:53:29,43.3645210266113,-8.40142631530762,"Unknown"
"7014855",371852,2025-09-01 17:58:29,43.3644790649414,-8.4014253616333,"Unknown"
"7014855",371852,2025-09-01 18:03:29,43.3644943237305,-8.40142059326172,"Unknown"
"7014855",371852,2025-09-01 18:08:29,43.3645362854004,-8.40141296386719,"Unknown"
"7014855",371852,2025-09-01 18:13:29,43.3645439147949,-8.40137481689453,"Unknown"
"7014855",371852,2025-09-01 18:18:29,43.3645515441895,-8.40142250061035,"Unknown"
"7014855",371852,2025-09-01 18:23:29,43.3645896911621,-8.40144824981689,"Unknown"
"7014855",371852,2025-09-01 18:28:29,43.3645668029785,-8.40145969390869,"Unknown"
"7014855",371852,2025-09-01 18:33:29,43.3645973205566,-8.40146255493164,"Unknown"
"7014855",371852,2025-09-01 18:38:29,43.3642044067383,-8.40051937103271,"Unknown"
"7014855",371852,2025-09-01 18:43:29,43.364086151123,-8.40067481994629,"Unknown"
"7014855",371852,2025-09-01 18:48:30,43.364086151123,-8.40001583099365,"Unknown"
"7014855",371852,2025-09-01 18:53:36,43.3641014099121,-8.40001964569092,"Unknown"
"7014855",371852,2025-09-01 18:58:36,43.3641166687012,-8.40009689331055,"Unknown"
"7014855",371852,2025-09-01 19:03:36,43.3641357421875,-8.40006446838379,"Unknown"
"7014855",371852,2025-09-01 19:08:36,43.364143371582,-8.40020656585693,"Unknown"
"7014855",371852,2025-09-01 19:13:31,43.3641357421875,-8.40029335021973,"Unknown"
"7014855",371852,2025-09-01 19:18:44,43.364128112793,-8.40027141571045,"Unknown"
"7014855",371852,2025-09-01 19:23:36,43.3639373779297,-8.40142917633057,"Unknown"
"7014855",371852,2025-09-01 19:28:36,43.3641662597656,-8.40133571624756,"Unknown"
"7014855",371852,2025-09-01 19:33:36,43.3627052307129,-8.4036283493042,"Unknown"
"7014855",371852,2025-09-01 19:38:30,43.3627090454102,-8.40356731414795,"Unknown"
"7014855",371852,2025-09-01 19:43:31,43.3626861572266,-8.40360832214355,"Unknown"
"7014855",371852,2025-09-01 19:48:44,43.3626556396484,-8.40368270874023,"Unknown"
"7014855",371852,2025-09-01 19:53:28,43.3624877929688,-8.40359020233154,"Unknown"
"7014855",371852,2025-09-01 19:58:35,43.3624076843262,-8.40327262878418,"Unknown"
"7014855",371852,2025-09-01 20:03:28,43.3624305725098,-8.40370559692383,"Unknown"
"7014855",371852,2025-09-01 20:08:29,43.3625564575195,-8.40320301055908,"Unknown"
"7014855",371852,2025-09-01 20:13:33,43.3624610900879,-8.40367412567139,"Unknown"
"7014855",371852,2025-09-01 20:18:35,43.3624992370605,-8.40372943878174,"Unknown"
"7014855",371852,2025-09-01 20:23:35,43.3624572753906,-8.40366268157959,"Unknown"
"7014855",371852,2025-09-01 20:28:36,43.3625602722168,-8.40330791473389,"Unknown"
"7014855",371852,2025-09-01 20:33:36,43.3623352050781,-8.40374183654785,"Unknown"
"7014855",371852,2025-09-01 20:38:39,43.362361907959,-8.40372848510742,"Unknown"
"7014855",371852,2025-09-01 20:43:36,43.362419128418,-8.40348339080811,"Unknown"
"7014855",371852,2025-09-01 20:48:45,43.3624114990234,-8.40357971191406,"Unknown"
"7014855",371852,2025-09-01 20:53:34,43.3607864379883,-8.4030818939209,"Unknown"
"7014855",371852,2025-09-01 20:58:30,43.3607597351074,-8.40297031402588,"Unknown"
"7014855",371852,2025-09-01 21:03:44,43.3607025146484,-8.40304374694824,"Unknown"
"7014855",371852,2025-09-01 21:08:29,43.360782623291,-8.4030647277832,"Unknown"
"7014855",371852,2025-09-01 21:13:36,43.3630447387695,-8.39598083496094,"Unknown"
"7014855",371852,2025-09-01 21:18:35,43.363224029541,-8.39595794677734,"Unknown"
"7014855",371852,2025-09-01 21:23:39,43.3632354736328,-8.3960132598877,"Unknown"
"7014855",371852,2025-09-01 21:28:39,43.3633232116699,-8.39584636688232,"Unknown"
"7014855",371852,2025-09-01 21:33:31,43.3632698059082,-8.39605045318604,"Unknown"
"7014855",371852,2025-09-01 21:38:39,43.3633117675781,-8.39609527587891,"Unknown"
"7014855",371852,2025-09-01 21:43:36,43.3633193969727,-8.39595699310303,"Unknown"
"7014855",371852,2025-09-01 21:49:05,43.3631820678711,-8.39633464813232,"Unknown"
"7014855",371852,2025-09-01 21:53:28,43.3621101379395,-8.39560699462891,"Unknown"
"7014855",371852,2025-09-01 21:58:29,43.3634376525879,-8.39662265777588,"Unknown"
"7014855",371852,2025-09-01 22:03:34,43.3630485534668,-8.39635372161865,"Unknown"
"7014855",371852,2025-09-01 22:08:28,43.3631629943848,-8.39649868011475,"Unknown"
"7014855",371852,2025-09-01 22:13:28,43.3631324768066,-8.39652347564697,"Unknown"
"7014855",371852,2025-09-01 22:18:36,43.3629722595215,-8.39640331268311,"Unknown"
"7014855",371852,2025-09-01 22:23:28,43.3629722595215,-8.39639949798584,"Unknown"
"7014855",371852,2025-09-01 22:28:36,43.3629570007324,-8.39639472961426,"Unknown"
"7014855",371852,2025-09-01 22:33:30,43.3629760742188,-8.39647006988525,"Unknown"
"7014855",371852,2025-09-01 22:38:34,43.3629379272461,-8.39636325836182,"Unknown"
"7014855",371852,2025-09-01 22:43:29,43.3629608154297,-8.39637756347656,"Unknown"
"7014855",371852,2025-09-01 22:48:28,43.3629722595215,-8.39635276794434,"Unknown"
"7014855",371852,2025-09-01 22:53:28,43.362979888916,-8.3963508605957,"Unknown"
"7014855",371852,2025-09-01 22:58:28,43.3628997802734,-8.39638614654541,"Unknown"
"7014855",371852,2025-09-01 23:03:29,43.3628540039062,-8.39638328552246,"Unknown"
"7014855",371852,2025-09-01 23:08:28,43.3629302978516,-8.39637088775635,"Unknown"
"7014855",371852,2025-09-01 23:13:33,43.3628005981445,-8.39639854431152,"Unknown"
"7014855",371852,2025-09-01 23:18:35,43.3625564575195,-8.39644527435303,"Unknown"
"7014855",371852,2025-09-01 23:23:36,43.362922668457,-8.39635276794434,"Unknown"
"7014855",371852,2025-09-01 23:28:36,43.3626518249512,-8.39643859863281,"Unknown"
"7014855",371852,2025-09-01 23:33:36,43.3626976013184,-8.39643955230713,"Unknown"
"7014855",371852,2025-09-01 23:38:31,43.362735748291,-8.3964729309082,"Unknown"
"7014855",371852,2025-09-01 23:43:34,43.3627090454102,-8.39643001556396,"Unknown"
"7014855",371852,2025-09-01 23:48:30,43.3625717163086,-8.39632701873779,"Unknown"
"7014855",371852,2025-09-01 23:53:29,43.3628349304199,-8.39622116088867,"Unknown"
"7014855",371852,2025-09-01 23:58:33,43.362907409668,-8.39636325836182,"Unknown"
"7014855",371852,2025-09-02 00:03:37,43.3629608154297,-8.39620494842529,"Unknown"
"7014855",371852,2025-09-02 00:08:36,43.3628387451172,-8.39619827270508,"Unknown"
"7014855",371852,2025-09-02 00:13:38,43.3627853393555,-8.39627742767334,"Unknown"
"7014855",371852,2025-09-02 00:18:57,43.3627777099609,-8.39656829833984,"Unknown"
"7014855",371852,2025-09-02 00:23:28,43.3627433776855,-8.39659404754639,"Unknown"
"7014855",371852,2025-09-02 00:28:35,43.3626670837402,-8.39652061462402,"Unknown"
"7014855",371852,2025-09-02 00:33:28,43.3600616455078,-8.40273571014404,"Unknown"
"7014855",371852,2025-09-02 00:38:34,43.3601837158203,-8.4026927947998,"Unknown"
"7014855",371852,2025-09-02 00:43:30,43.3604278564453,-8.40298557281494,"Unknown"
"7014855",371852,2025-09-02 00:49:01,43.3601875305176,-8.40279483795166,"Unknown"
"7014855",371852,2025-09-02 00:53:27,43.3601684570312,-8.40270137786865,"Unknown"
"7014855",371852,2025-09-02 00:58:27,43.3601417541504,-8.40274715423584,"Unknown"
"7014855",371852,2025-09-02 01:03:27,43.3601036071777,-8.40260314941406,"Unknown"
"7014855",371852,2025-09-02 01:08:27,43.3600234985352,-8.40250301361084,"Unknown"
"7014855",371852,2025-09-02 01:13:27,43.360221862793,-8.40245914459229,"Unknown"
"7014855",371852,2025-09-02 01:18:28,43.360221862793,-8.40269947052002,"Unknown"
"7014855",371852,2025-09-02 01:23:28,43.3602485656738,-8.40269756317139,"Unknown"
"7014855",371852,2025-09-02 01:28:28,43.3603248596191,-8.40268325805664,"Unknown"
"7014855",371852,2025-09-02 01:33:28,43.3603019714355,-8.40255069732666,"Unknown"
"7014855",371852,2025-09-02 01:38:28,43.3600616455078,-8.40258884429932,"Unknown"
"7014855",371852,2025-09-02 01:43:29,43.3603630065918,-8.40260601043701,"Unknown"
"7014855",371852,2025-09-02 01:48:29,43.3608093261719,-8.40250396728516,"Unknown"
"7014855",371852,2025-09-02 01:53:28,43.3605918884277,-8.40260982513428,"Unknown"
"7014855",371852,2025-09-02 01:58:28,43.3604774475098,-8.40250301361084,"Unknown"
"7014855",371852,2025-09-02 02:03:29,43.3606758117676,-8.40240573883057,"Unknown"
"7014855",371852,2025-09-02 02:08:29,43.3606986999512,-8.40238189697266,"Unknown"
"7014855",371852,2025-09-02 02:13:29,43.3606719970703,-8.40243434906006,"Unknown"
"7014855",371852,2025-09-02 02:18:30,43.3605308532715,-8.40246200561523,"Unknown"
"7014855",371852,2025-09-02 02:23:28,43.3605651855469,-8.40238475799561,"Unknown"
"7014855",371852,2025-09-02 02:28:28,43.3602905273438,-8.40244579315186,"Unknown"
"7014855",371852,2025-09-02 02:33:29,43.3604278564453,-8.40230846405029,"Unknown"
"7014855",371852,2025-09-02 02:38:29,43.3604583740234,-8.40232753753662,"Unknown"
"7014855",371852,2025-09-02 02:43:29,43.3603973388672,-8.4022912979126,"Unknown"
"7014855",371852,2025-09-02 02:48:30,43.3603019714355,-8.40239906311035,"Unknown"
"7014855",371852,2025-09-02 02:53:30,43.3603134155273,-8.40233898162842,"Unknown"
"7014855",371852,2025-09-02 02:58:31,43.3605155944824,-8.40206050872803,"Unknown"
"7014855",371852,2025-09-02 03:03:28,43.3603324890137,-8.40221786499023,"Unknown"
"7014855",371852,2025-09-02 03:08:28,43.3604316711426,-8.40211963653564,"Unknown"
"7014855",371852,2025-09-02 03:13:30,43.3603553771973,-8.40208911895752,"Unknown"
"7014855",371852,2025-09-02 03:18:28,43.3603134155273,-8.40211582183838,"Unknown"
"7014855",371852,2025-09-02 03:23:28,43.3603439331055,-8.40220069885254,"Unknown"
"7014855",371852,2025-09-02 03:28:28,43.3602485656738,-8.40203380584717,"Unknown"
"7014855",371852,2025-09-02 03:33:28,43.3602905273438,-8.40203952789307,"Unknown"
"7014855",371852,2025-09-02 03:38:29,43.3602256774902,-8.40189266204834,"Unknown"
"7014855",371852,2025-09-02 03:43:28,43.3602485656738,-8.40189933776855,"Unknown"
"7014855",371852,2025-09-02 03:48:28,43.360221862793,-8.401930809021,"Unknown"
"7014855",371852,2025-09-02 03:53:29,43.3600463867188,-8.40143966674805,"Unknown"
"7014855",371852,2025-09-02 03:58:31,43.3600997924805,-8.40178203582764,"Unknown"
"7014855",371852,2025-09-02 04:03:42,43.3603248596191,-8.40259170532227,"Unknown"
"7014855",371852,2025-09-02 04:08:30,43.3603248596191,-8.40254688262939,"Unknown"
"7014855",371852,2025-09-02 04:13:31,43.3603172302246,-8.40260696411133,"Unknown"
"7014855",371852,2025-09-02 04:18:30,43.3602905273438,-8.40288734436035,"Unknown"
"7014855",371852,2025-09-02 04:23:30,43.3601036071777,-8.40285587310791,"Unknown"
"7014855",371852,2025-09-02 04:28:30,43.3602828979492,-8.40317821502686,"Unknown"
"7014855",371852,2025-09-02 04:33:28,43.3601417541504,-8.40271949768066,"Unknown"
"7014855",371852,2025-09-02 04:38:28,43.3600540161133,-8.40280914306641,"Unknown"
"7014855",371852,2025-09-02 04:43:28,43.3602027893066,-8.40285491943359,"Unknown"
"7014855",371852,2025-09-02 04:48:44,43.3601837158203,-8.4028434753418,"Unknown"
"7014855",371852,2025-09-02 04:53:30,43.3602294921875,-8.40279865264893,"Unknown"
"7014855",371852,2025-09-02 04:58:28,43.3600578308105,-8.40290260314941,"Unknown"
"7014855",371852,2025-09-02 05:03:28,43.3601608276367,-8.40276908874512,"Unknown"
"7014855",371852,2025-09-02 05:08:28,43.3601570129395,-8.40285110473633,"Unknown"
"7014855",371852,2025-09-02 05:13:31,43.3600921630859,-8.40275955200195,"Unknown"
"7014855",371852,2025-09-02 05:18:33,43.3601112365723,-8.40283584594727,"Unknown"
"7014855",371852,2025-09-02 05:23:28,43.3600997924805,-8.40280342102051,"Unknown"
"7014855",371852,2025-09-02 05:28:31,43.3600692749023,-8.40277576446533,"Unknown"
"7014855",371852,2025-09-02 05:33:33,43.3601989746094,-8.402756690979,"Unknown"
"7014855",371852,2025-09-02 05:38:29,43.3601989746094,-8.40279769897461,"Unknown"
"7014855",371852,2025-09-02 05:43:34,43.359977722168,-8.40281963348389,"Unknown"
"7014855",371852,2025-09-02 05:48:44,43.3599586486816,-8.4028205871582,"Unknown"
"7014855",371852,2025-09-02 05:53:28,43.3600273132324,-8.40273475646973,"Unknown"
"7014855",371852,2025-09-02 05:58:28,43.3599243164062,-8.4026460647583,"Unknown"
"7014855",371852,2025-09-02 06:03:33,43.3636474609375,-8.40530872344971,"Unknown"
"7014855",371852,2025-09-02 06:08:28,43.3714065551758,-8.42083549499512,"Unknown"
"7014855",371852,2025-09-02 06:13:28,43.3736228942871,-8.44491767883301,"Unknown"
"7014855",371852,2025-09-02 06:18:28,43.3649444580078,-8.4584436416626,"Unknown"
"7014855",371852,2025-09-02 06:23:27,43.3580169677734,-8.47267436981201,"Unknown"
"7014855",371852,2025-09-02 06:28:28,43.3537826538086,-8.4762659072876,"Unknown"
"7014855",371852,2025-09-02 06:33:28,43.352222442627,-8.47768402099609,"Unknown"
"7014855",371852,2025-09-02 06:38:33,43.3523216247559,-8.47782135009766,"Unknown"
"7014855",371852,2025-09-02 06:43:29,43.3526878356934,-8.47780132293701,"Unknown"
"7014855",371852,2025-09-02 06:48:59,43.3523559570312,-8.4775915145874,"Unknown"
"7014855",371852,2025-09-02 06:53:36,43.3523979187012,-8.47776985168457,"Unknown"
"7014855",371852,2025-09-02 06:58:29,43.3520278930664,-8.47797203063965,"Unknown"
"7014855",371852,2025-09-02 07:03:37,43.3528060913086,-8.47744846343994,"Unknown"
"7014855",371852,2025-09-02 07:08:36,43.3522720336914,-8.47777938842773,"Unknown"
"7014855",371852,2025-09-02 07:13:38,43.351375579834,-8.47683620452881,"Unknown"
"7014855",371852,2025-09-02 07:18:41,43.3521308898926,-8.47762203216553,"Unknown"
"7014855",371852,2025-09-02 07:23:28,43.3543701171875,-8.473557472229,"Unknown"
"7014855",371852,2025-09-02 07:28:27,43.3530654907227,-8.47586727142334,"Unknown"
"7014855",371852,2025-09-02 07:33:36,43.3522071838379,-8.47793102264404,"Unknown"
"7014855",371852,2025-09-02 07:38:36,43.3521690368652,-8.47791481018066,"Unknown"
"7014855",371852,2025-09-02 07:43:35,43.3520736694336,-8.47817516326904,"Unknown"
"7014855",371852,2025-09-02 07:48:59,43.3522529602051,-8.47775554656982,"Unknown"
"7014855",371852,2025-09-02 07:53:44,43.3519325256348,-8.47802925109863,"Unknown"
"7014855",371852,2025-09-02 07:58:37,43.3521728515625,-8.47804641723633,"Unknown"
"7014855",371852,2025-09-02 08:03:30,43.3519020080566,-8.47797393798828,"Unknown"
"7014855",371852,2025-09-02 08:08:44,43.3523902893066,-8.47809600830078,"Unknown"
"7014855",371852,2025-09-02 08:13:34,43.3524322509766,-8.477952003479,"Unknown"
"7014855",371852,2025-09-02 08:18:29,43.3522758483887,-8.47847843170166,"Unknown"
"7014855",371852,2025-09-02 08:23:33,43.3525772094727,-8.47783660888672,"Unknown"
"7014855",371852,2025-09-02 08:28:31,43.3525161743164,-8.47812080383301,"Unknown"
"7014855",371852,2025-09-02 08:33:36,43.3524055480957,-8.47820854187012,"Unknown"
"7014855",371852,2025-09-02 08:38:31,43.3522911071777,-8.4782018661499,"Unknown"
"7014855",371852,2025-09-02 08:43:34,43.3522186279297,-8.47810745239258,"Unknown"
"7014855",371852,2025-09-02 08:48:56,43.3525848388672,-8.47813987731934,"Unknown"
"7014855",371852,2025-09-02 08:53:35,43.3525009155273,-8.47824668884277,"Unknown"
"7014855",371852,2025-09-02 08:58:35,43.3525619506836,-8.47810459136963,"Unknown"
"7014855",371852,2025-09-02 09:03:33,43.3525810241699,-8.47817325592041,"Unknown"
"7014855",371852,2025-09-02 09:08:33,43.3525924682617,-8.47817134857178,"Unknown"
"7014855",371852,2025-09-02 09:13:47,43.3526611328125,-8.47833061218262,"Unknown"
"7014855",371852,2025-09-02 09:18:30,43.3525810241699,-8.47834587097168,"Unknown"
"7014855",371852,2025-09-02 09:23:44,43.3525009155273,-8.47810745239258,"Unknown"
"7014855",371852,2025-09-02 09:28:28,43.3526916503906,-8.4785737991333,"Unknown"
"7014855",371852,2025-09-02 09:33:29,43.3526382446289,-8.47851848602295,"Unknown"
"7014855",371852,2025-09-02 09:38:44,43.3523368835449,-8.47814178466797,"Unknown"
"7014855",371852,2025-09-02 09:43:35,43.3521728515625,-8.47803592681885,"Unknown"
"7014855",371852,2025-09-02 09:48:36,43.3521041870117,-8.47797870635986,"Unknown"
"7014855",371852,2025-09-02 09:53:35,43.3524856567383,-8.47822284698486,"Unknown"
"7014855",371852,2025-09-02 09:58:48,43.3526229858398,-8.47825050354004,"Unknown"
"7014855",371852,2025-09-02 10:04:05,43.3525505065918,-8.47825241088867,"Unknown"
"7014855",371852,2025-09-02 10:08:29,43.3532524108887,-8.47884845733643,"Unknown"
"7014855",371852,2025-09-02 10:13:36,43.3524627685547,-8.47824573516846,"Unknown"
"7014855",371852,2025-09-02 10:18:34,43.3522529602051,-8.47813415527344,"Unknown"
"7014855",371852,2025-09-02 10:23:29,43.3526420593262,-8.47848033905029,"Unknown"
"7014855",371852,2025-09-02 10:28:29,43.3522338867188,-8.47794723510742,"Unknown"
"7014855",371852,2025-09-02 10:33:30,43.3525123596191,-8.47818470001221,"Unknown"
"7014855",371852,2025-09-02 10:38:37,43.3523712158203,-8.47805118560791,"Unknown"
"7014855",371852,2025-09-02 10:43:29,43.3581504821777,-8.46147727966309,"Unknown"
"7014855",371852,2025-09-02 10:48:32,43.3545608520508,-8.45825672149658,"Unknown"
"7014855",371852,2025-09-02 10:53:31,43.353946685791,-8.45875644683838,"Unknown"
"7014855",371852,2025-09-02 10:58:32,43.3544692993164,-8.45842742919922,"Unknown"
"7014855",371852,2025-09-02 11:03:35,43.3540496826172,-8.45877838134766,"Unknown"
"7014855",371852,2025-09-02 11:08:39,43.3539237976074,-8.45875549316406,"Unknown"
"7014855",371852,2025-09-02 11:13:29,43.3540458679199,-8.45904350280762,"Unknown"
"7014855",371852,2025-09-02 11:18:37,43.3541374206543,-8.45860195159912,"Unknown"
"7014855",371852,2025-09-02 11:23:32,43.3547859191895,-8.45909118652344,"Unknown"
"7014855",371852,2025-09-02 11:28:29,43.3548240661621,-8.45773410797119,"Unknown"
"7014855",371852,2025-09-02 11:33:37,43.3548545837402,-8.45780563354492,"Unknown"
"7014855",371852,2025-09-02 11:38:37,43.3549728393555,-8.4578218460083,"Unknown"
"7014855",371852,2025-09-02 11:43:43,43.354076385498,-8.45861434936523,"Unknown"
"7014855",371852,2025-09-02 11:49:24,43.3537788391113,-8.4580020904541,"Unknown"
"7014855",371852,2025-09-02 11:54:05,43.3545913696289,-8.45818996429443,"Unknown"
"7014855",371852,2025-09-02 11:58:37,43.3551826477051,-8.45810317993164,"Unknown"
"7014855",371852,2025-09-02 12:03:38,43.355167388916,-8.45800018310547,"Unknown"
"7014855",371852,2025-09-02 12:08:37,43.3551406860352,-8.45794582366943,"Unknown"
"7014855",371852,2025-09-02 12:13:37,43.3550872802734,-8.45798969268799,"Unknown"
"7014855",371852,2025-09-02 12:18:35,43.3550033569336,-8.45787334442139,"Unknown"
"7014855",371852,2025-09-02 12:23:36,43.3550033569336,-8.4578161239624,"Unknown"
"7014855",371852,2025-09-02 12:28:40,43.351978302002,-8.45355319976807,"Unknown"
"7014855",371852,2025-09-02 12:33:36,43.3558387756348,-8.45720863342285,"Unknown"
"7014855",371852,2025-09-02 12:38:31,43.3555030822754,-8.45737171173096,"Unknown"
"7014855",371852,2025-09-02 12:43:31,43.3555335998535,-8.45704936981201,"Unknown"
"7014855",371852,2025-09-02 12:48:37,43.3557929992676,-8.45669746398926,"Unknown"
"7014855",371852,2025-09-02 12:53:43,43.3563003540039,-8.4570255279541,"Unknown"
"7014855",371852,2025-09-02 12:58:29,43.3563117980957,-8.45693683624268,"Unknown"
"7014855",371852,2025-09-02 13:03:29,43.3550834655762,-8.45698070526123,"Unknown"
"7014855",371852,2025-09-02 13:08:37,43.354434967041,-8.45870208740234,"Unknown"
"7014855",371852,2025-09-02 13:13:29,43.3547973632812,-8.45852947235107,"Unknown"
"7014855",371852,2025-09-02 13:18:32,43.3547096252441,-8.45873069763184,"Unknown"
"7014855",371852,2025-09-02 13:23:35,43.3546371459961,-8.45888614654541,"Unknown"
"7014855",371852,2025-09-02 13:28:35,43.3552780151367,-8.45834827423096,"Unknown"
"7014855",371852,2025-09-02 13:33:39,43.3545761108398,-8.45864486694336,"Unknown"
"7014855",371852,2025-09-02 13:38:32,43.3549499511719,-8.4586820602417,"Unknown"
"7014855",371852,2025-09-02 13:43:31,43.3548278808594,-8.45820045471191,"Unknown"
"7014855",371852,2025-09-02 13:48:44,43.3548736572266,-8.45827007293701,"Unknown"
"7014855",371852,2025-09-02 13:53:39,43.3540306091309,-8.45822811126709,"Unknown"
"7014855",371852,2025-09-02 13:58:37,43.3545913696289,-8.45820617675781,"Unknown"
"7014855",371852,2025-09-02 14:03:32,43.3537330627441,-8.4583854675293,"Unknown"
"7014855",371852,2025-09-02 14:08:37,43.3546600341797,-8.45699787139893,"Unknown"
"7014855",371852,2025-09-02 14:13:34,43.3548431396484,-8.45693206787109,"Unknown"
"7014855",371852,2025-09-02 14:18:29,43.3551406860352,-8.4568338394165,"Unknown"
"7014855",371852,2025-09-02 14:23:29,43.3551177978516,-8.45719909667969,"Unknown"
"7014855",371852,2025-09-02 14:28:32,43.3565902709961,-8.45696449279785,"Unknown"
"7014855",371852,2025-09-02 14:33:44,43.3564758300781,-8.45694255828857,"Unknown"
"7014855",371852,2025-09-02 14:38:35,43.3564338684082,-8.45684242248535,"Unknown"
"7014855",371852,2025-09-02 14:43:31,43.356517791748,-8.45703411102295,"Unknown"
"7014855",371852,2025-09-02 14:48:29,43.3566284179688,-8.457200050354,"Unknown"
"7014855",371852,2025-09-02 14:53:29,43.35693359375,-8.45668506622314,"Unknown"
"7014855",371852,2025-09-02 14:58:37,43.3566474914551,-8.45725440979004,"Unknown"
"7014855",371852,2025-09-02 15:03:38,43.3560791015625,-8.4566650390625,"Unknown"
"7014855",371852,2025-09-02 15:08:35,43.3561515808105,-8.45693969726562,"Unknown"
"7014855",371852,2025-09-02 15:13:44,43.3564071655273,-8.45703792572021,"Unknown"
"7014855",371852,2025-09-02 15:18:38,43.3542671203613,-8.45868968963623,"Unknown"
"7014855",371852,2025-09-02 15:23:29,43.3549308776855,-8.45831489562988,"Unknown"
"7014855",371852,2025-09-02 15:28:29,43.355052947998,-8.45823097229004,"Unknown"
"7014855",371852,2025-09-02 15:33:34,43.35498046875,-8.45841026306152,"Unknown"
"7014855",371852,2025-09-02 15:38:36,43.3550834655762,-8.45843124389648,"Unknown"
"7014855",371852,2025-09-02 15:43:29,43.3554954528809,-8.45795345306396,"Unknown"
"7014855",371852,2025-09-02 15:48:45,43.3531723022461,-8.45448780059814,"Unknown"
"7014855",371852,2025-09-02 15:53:36,43.3563766479492,-8.45685005187988,"Unknown"
"7014855",371852,2025-09-02 15:58:37,43.3564414978027,-8.45673656463623,"Unknown"
"7014855",371852,2025-09-02 16:03:37,43.3564453125,-8.45677757263184,"Unknown"
"7014855",371852,2025-09-02 16:08:43,43.3562316894531,-8.45730590820312,"Unknown"
"7014855",371852,2025-09-02 16:13:39,43.3572158813477,-8.45675754547119,"Unknown"
"7014855",371852,2025-09-02 16:18:59,43.3563079833984,-8.45709991455078,"Unknown"
"7014855",371852,2025-09-02 16:23:29,43.3561096191406,-8.45670318603516,"Unknown"
"7014855",371852,2025-09-02 16:28:39,43.3565139770508,-8.45674514770508,"Unknown"
"7014855",371852,2025-09-02 16:33:33,43.3565788269043,-8.45570850372314,"Unknown"
"7014855",371852,2025-09-02 16:38:29,43.3554382324219,-8.45677375793457,"Unknown"
"7014855",371852,2025-09-02 16:43:28,43.3554763793945,-8.45712280273438,"Unknown"
"7014855",371852,2025-09-02 16:48:31,43.355598449707,-8.45517253875732,"Unknown"
"7014855",371852,2025-09-02 16:53:31,43.3550796508789,-8.45827770233154,"Unknown"
"7014855",371852,2025-09-02 16:58:42,43.3550720214844,-8.4578971862793,"Unknown"
"7014855",371852,2025-09-02 17:03:31,43.3550872802734,-8.45830631256104,"Unknown"
"7014855",371852,2025-09-02 17:08:32,43.3553581237793,-8.45779323577881,"Unknown"
"7014855",371852,2025-09-02 17:13:32,43.3550109863281,-8.45786476135254,"Unknown"
"7014855",371852,2025-09-02 17:18:28,43.3549880981445,-8.45759582519531,"Unknown"
"7014855",371852,2025-09-02 17:23:29,43.3554000854492,-8.4580249786377,"Unknown"
"7014855",371852,2025-09-02 17:28:31,43.3547172546387,-8.45885276794434,"Unknown"
"7014855",371852,2025-09-02 17:33:30,43.3544120788574,-8.45875549316406,"Unknown"
"7014855",371852,2025-09-02 17:38:29,43.3543853759766,-8.45853042602539,"Unknown"
"7014855",371852,2025-09-02 17:43:30,43.3563499450684,-8.45711994171143,"Unknown"
"7014855",371852,2025-09-02 17:48:29,43.356258392334,-8.45705223083496,"Unknown"
"7014855",371852,2025-09-02 17:53:29,43.3562240600586,-8.45688629150391,"Unknown"
"7014855",371852,2025-09-02 17:58:30,43.3562622070312,-8.45699882507324,"Unknown"
"7014855",371852,2025-09-02 18:03:30,43.3562545776367,-8.45693492889404,"Unknown"
"7014855",371852,2025-09-02 18:08:31,43.3562316894531,-8.45696258544922,"Unknown"
"7014855",371852,2025-09-02 18:13:29,43.3563575744629,-8.45703029632568,"Unknown"
"7014855",371852,2025-09-02 18:18:29,43.356315612793,-8.4570484161377,"Unknown"
"7014855",371852,2025-09-02 18:23:43,43.3555030822754,-8.45703220367432,"Unknown"
"7014855",371852,2025-09-02 18:28:29,43.3554573059082,-8.45696258544922,"Unknown"
"7014855",371852,2025-09-02 18:33:29,43.3552284240723,-8.45732688903809,"Unknown"
"7014855",371852,2025-09-02 18:38:32,43.3553276062012,-8.45944404602051,"Unknown"
"7014855",371852,2025-09-02 18:43:36,43.354248046875,-8.45877170562744,"Unknown"
"7014855",371852,2025-09-02 18:48:37,43.3558120727539,-8.45709133148193,"Unknown"
"7014855",371852,2025-09-02 18:53:52,43.3566474914551,-8.45753479003906,"Unknown"
"7014855",371852,2025-09-02 18:58:44,43.3563232421875,-8.45784950256348,"Unknown"
"7014855",371852,2025-09-02 19:03:39,43.3557815551758,-8.45737934112549,"Unknown"
"7014855",371852,2025-09-02 19:08:33,43.3535003662109,-8.45660495758057,"Unknown"
"7014855",371852,2025-09-02 19:13:42,43.3505058288574,-8.42736625671387,"Unknown"
"7014855",371852,2025-09-02 19:18:31,43.3501281738281,-8.42736053466797,"Unknown"
"7014855",371852,2025-09-02 19:23:29,43.3501205444336,-8.42741012573242,"Unknown"
"7014855",371852,2025-09-02 19:28:29,43.3499908447266,-8.42730236053467,"Unknown"
"7014855",371852,2025-09-02 19:33:29,43.35009765625,-8.42739486694336,"Unknown"
"7014855",371852,2025-09-02 19:38:29,43.3533592224121,-8.41775131225586,"Unknown"
"7014855",371852,2025-09-02 19:43:28,43.3532562255859,-8.4176664352417,"Unknown"
"7014855",371852,2025-09-02 19:48:44,43.352897644043,-8.4173698425293,"Unknown"
"7014855",371852,2025-09-02 19:53:31,43.3524475097656,-8.41682624816895,"Unknown"
"7014855",371852,2025-09-02 19:58:38,43.3529510498047,-8.41736316680908,"Unknown"
"7014855",371852,2025-09-02 20:03:38,43.3529396057129,-8.41740226745605,"Unknown"
"7014855",371852,2025-09-02 20:08:44,43.3530349731445,-8.41773223876953,"Unknown"
"7014855",371852,2025-09-02 20:13:32,43.3529396057129,-8.41746997833252,"Unknown"
"7014855",371852,2025-09-02 20:18:29,43.3529243469238,-8.41768646240234,"Unknown"
"7014855",371852,2025-09-02 20:23:28,43.3530731201172,-8.41769886016846,"Unknown"
"7014855",371852,2025-09-02 20:28:29,43.3528480529785,-8.41768741607666,"Unknown"
"7014855",371852,2025-09-02 20:33:31,43.352783203125,-8.41750335693359,"Unknown"
"7014855",371852,2025-09-02 20:38:38,43.3530311584473,-8.4175968170166,"Unknown"
"7014855",371852,2025-09-02 20:43:29,43.3532867431641,-8.4178409576416,"Unknown"
"7014855",371852,2025-09-02 20:48:45,43.3532371520996,-8.41792964935303,"Unknown"
"7014855",371852,2025-09-02 20:53:38,43.3532257080078,-8.41793441772461,"Unknown"
"7014855",371852,2025-09-02 20:58:38,43.3523101806641,-8.41944885253906,"Unknown"
"7014855",371852,2025-09-02 21:03:44,43.3532791137695,-8.41770362854004,"Unknown"
"7014855",371852,2025-09-02 21:08:29,43.3531684875488,-8.41781902313232,"Unknown"
"7014855",371852,2025-09-02 21:13:29,43.3527412414551,-8.41805076599121,"Unknown"
"7014855",371852,2025-09-02 21:18:35,43.3534927368164,-8.41765308380127,"Unknown"
"7014855",371852,2025-09-02 21:23:31,43.3529090881348,-8.41799640655518,"Unknown"
"7014855",371852,2025-09-02 21:28:39,43.3533897399902,-8.41774940490723,"Unknown"
"7014855",371852,2025-09-02 21:33:34,43.3535537719727,-8.41771697998047,"Unknown"
"7014855",371852,2025-09-02 21:38:37,43.3524475097656,-8.41773891448975,"Unknown"
"7014855",371852,2025-09-02 21:43:33,43.353401184082,-8.41763687133789,"Unknown"
"7014855",371852,2025-09-02 21:48:45,43.3539695739746,-8.41753005981445,"Unknown"
"7014855",371852,2025-09-02 21:53:41,43.3530616760254,-8.41781330108643,"Unknown"
"7014855",371852,2025-09-02 21:58:31,43.3530693054199,-8.41784954071045,"Unknown"
"7014855",371852,2025-09-02 22:03:29,43.3528518676758,-8.41817569732666,"Unknown"
"7014855",371852,2025-09-02 22:08:50,43.3529434204102,-8.41786861419678,"Unknown"
"7014855",371852,2025-09-02 22:13:36,43.3530616760254,-8.41776371002197,"Unknown"
"7014855",371852,2025-09-02 22:18:30,43.352783203125,-8.41837120056152,"Unknown"
"7014855",371852,2025-09-02 22:23:31,43.353199005127,-8.41775512695312,"Unknown"
"7014855",371852,2025-09-02 22:28:33,43.3530540466309,-8.41783714294434,"Unknown"
"7014855",371852,2025-09-02 22:33:30,43.3527755737305,-8.41828536987305,"Unknown"
"7014855",371852,2025-09-02 22:38:39,43.3527374267578,-8.41806602478027,"Unknown"
"7014855",371852,2025-09-02 22:43:34,43.3528366088867,-8.41793441772461,"Unknown"
"7014855",371852,2025-09-02 22:49:05,43.3531761169434,-8.41777801513672,"Unknown"
"7014855",371852,2025-09-02 22:53:28,43.353214263916,-8.41747570037842,"Unknown"
"7014855",371852,2025-09-02 22:58:29,43.3532676696777,-8.41763973236084,"Unknown"
"7014855",371852,2025-09-02 23:03:29,43.3530502319336,-8.41758346557617,"Unknown"
"7014855",371852,2025-09-02 23:08:28,43.3531112670898,-8.41754245758057,"Unknown"
"7014855",371852,2025-09-02 23:13:29,43.3529891967773,-8.41775417327881,"Unknown"
"7014855",371852,2025-09-02 23:18:29,43.3531303405762,-8.4175968170166,"Unknown"
"7014855",371852,2025-09-02 23:23:29,43.3530769348145,-8.41750526428223,"Unknown"
"7014855",371852,2025-09-02 23:28:29,43.3530731201172,-8.41761589050293,"Unknown"
"7014855",371852,2025-09-02 23:33:29,43.353099822998,-8.41754150390625,"Unknown"
"7014855",371852,2025-09-02 23:38:29,43.3530502319336,-8.41796970367432,"Unknown"
"7014855",371852,2025-09-02 23:43:29,43.3530464172363,-8.41812324523926,"Unknown"
"7014855",371852,2025-09-02 23:48:29,43.3530731201172,-8.41793155670166,"Unknown"
"7014855",371852,2025-09-02 23:53:29,43.3531074523926,-8.41796684265137,"Unknown"
"7014855",371852,2025-09-02 23:58:28,43.3530883789062,-8.41787624359131,"Unknown"
"7014855",371852,2025-09-03 00:03:30,43.353084564209,-8.41791343688965,"Unknown"
"7014855",371852,2025-09-03 00:08:31,43.3529777526855,-8.41768264770508,"Unknown"
"7014855",371852,2025-09-03 00:13:31,43.3530769348145,-8.4177827835083,"Unknown"
"7014855",371852,2025-09-03 00:18:28,43.3531036376953,-8.41789436340332,"Unknown"
"7014855",371852,2025-09-03 00:23:30,43.3531532287598,-8.41790962219238,"Unknown"
"7014855",371852,2025-09-03 00:28:34,43.3529586791992,-8.41772651672363,"Unknown"
"7014855",371852,2025-09-03 00:38:35,43.3529357910156,-8.41773986816406,"Unknown"
"7014855",371852,2025-09-03 00:43:30,43.3529357910156,-8.41772079467773,"Unknown"
"7014855",371852,2025-09-03 00:48:31,43.3529624938965,-8.4177131652832,"Unknown"
"7014855",371852,2025-09-03 00:58:35,43.3529930114746,-8.41771984100342,"Unknown"
"7014855",371852,2025-09-03 01:03:33,43.3530349731445,-8.41773700714111,"Unknown"
"7014855",371852,2025-09-03 01:08:30,43.3530464172363,-8.41779518127441,"Unknown"
"7014855",371852,2025-09-03 01:13:59,43.3529853820801,-8.41771602630615,"Unknown"
"7014855",371852,2025-09-03 01:18:31,43.3529739379883,-8.41776466369629,"Unknown"
"7014855",371852,2025-09-03 01:28:34,43.3529510498047,-8.41762542724609,"Unknown"
"7014855",371852,2025-09-03 01:38:30,43.3530807495117,-8.4177417755127,"Unknown"
"7014855",371852,2025-09-03 01:48:30,43.3530387878418,-8.41748046875,"Unknown"
"7014855",371852,2025-09-03 01:58:44,43.3529891967773,-8.41743469238281,"Unknown"
"7014855",371852,2025-09-03 02:08:45,43.3530921936035,-8.41786479949951,"Unknown"
"7014855",371852,2025-09-03 02:18:29,43.3531379699707,-8.41799926757812,"Unknown"
"7014855",371852,2025-09-03 02:28:36,43.3530578613281,-8.41778755187988,"Unknown"
"7014855",371852,2025-09-03 02:38:31,43.3531532287598,-8.41782474517822,"Unknown"
"7014855",371852,2025-09-03 02:48:44,43.3530616760254,-8.41781616210938,"Unknown"
"7014855",371852,2025-09-03 02:58:37,43.3531265258789,-8.4178581237793,"Unknown"
"7014855",371852,2025-09-03 03:08:36,43.3530502319336,-8.41754722595215,"Unknown"
"7014855",371852,2025-09-03 03:18:44,43.3530540466309,-8.41767501831055,"Unknown"
"7014855",371852,2025-09-03 03:28:29,43.3531875610352,-8.41767120361328,"Unknown"
"7014855",371852,2025-09-03 03:38:33,43.3530807495117,-8.41756343841553,"Unknown"
"7014855",371852,2025-09-03 03:48:59,43.3529396057129,-8.41746425628662,"Unknown"
"7014855",371852,2025-09-03 03:58:35,43.3528633117676,-8.41753005981445,"Unknown"
"7014855",371852,2025-09-03 04:09:05,43.3529930114746,-8.41786193847656,"Unknown"
"7014855",371852,2025-09-03 04:18:29,43.3529930114746,-8.41772174835205,"Unknown"
"7014855",371852,2025-09-03 04:28:29,43.3529624938965,-8.41781330108643,"Unknown"
"7014855",371852,2025-09-03 04:38:28,43.352668762207,-8.41780090332031,"Unknown"
"7014855",371852,2025-09-03 04:48:28,43.3527221679688,-8.41760063171387,"Unknown"
"7014855",371852,2025-09-03 04:58:28,43.3526382446289,-8.41756534576416,"Unknown"
"7014855",371852,2025-09-03 05:08:28,43.3526496887207,-8.41783714294434,"Unknown"
"7014855",371852,2025-09-03 05:18:33,43.3525886535645,-8.41765403747559,"Unknown"
"7014855",371852,2025-09-03 05:28:33,43.3526725769043,-8.4179801940918,"Unknown"
"7014855",371852,2025-09-03 05:38:31,43.352596282959,-8.41801452636719,"Unknown"
"7014855",371852,2025-09-03 05:48:35,43.3526000976562,-8.41783428192139,"Unknown"
"7014855",371852,2025-09-03 05:58:30,43.3526268005371,-8.41782569885254,"Unknown"
"7014855",371852,2025-09-03 06:08:34,43.3526458740234,-8.41760635375977,"Unknown"
"7014855",371852,2025-09-03 06:18:33,43.3498229980469,-8.42757129669189,"Unknown"
"7014855",371852,2025-09-03 06:28:34,43.3497924804688,-8.42749309539795,"Unknown"
"7014855",371852,2025-09-03 06:38:36,43.3497695922852,-8.4271125793457,"Unknown"
"7014855",371852,2025-09-03 06:49:05,43.3499145507812,-8.42773056030273,"Unknown"
"7014855",371852,2025-09-03 06:58:28,43.3497123718262,-8.42749977111816,"Unknown"
"7014855",371852,2025-09-03 07:08:32,43.3493385314941,-8.42971801757812,"Unknown"
"7014855",371852,2025-09-03 07:18:28,43.3552703857422,-8.45785808563232,"Unknown"
"7014855",371852,2025-09-03 07:28:29,43.3552894592285,-8.45784664154053,"Unknown"
"7014855",371852,2025-09-03 07:38:34,43.3541069030762,-8.45851898193359,"Unknown"
"7014855",371852,2025-09-03 07:48:28,43.3536643981934,-8.45872020721436,"Unknown"
"7014855",371852,2025-09-03 07:58:29,43.353702545166,-8.45863437652588,"Unknown"
"7014855",371852,2025-09-03 08:08:28,43.3550071716309,-8.45778560638428,"Unknown"
"7014855",371852,2025-09-03 08:18:28,43.3549690246582,-8.45782947540283,"Unknown"
"7014855",371852,2025-09-03 08:28:28,43.3549766540527,-8.45780658721924,"Unknown"
"7014855",371852,2025-09-03 08:38:44,43.3555641174316,-8.4579439163208,"Unknown"
"7014855",371852,2025-09-03 08:48:33,43.3553428649902,-8.45800304412842,"Unknown"
"7014855",371852,2025-09-03 08:53:33,43.355354309082,-8.45796775817871,"Unknown"
"7014855",371852,2025-09-03 08:58:28,43.3553695678711,-8.45798397064209,"Unknown"
"7014855",371852,2025-09-03 09:03:36,43.3553123474121,-8.4580078125,"Unknown"
"7014855",371852,2025-09-03 09:08:28,43.3553161621094,-8.45797824859619,"Unknown"
"7014855",371852,2025-09-03 09:13:28,43.3554229736328,-8.45787715911865,"Unknown"
"7014855",371852,2025-09-03 09:18:28,43.355297088623,-8.45802021026611,"Unknown"
"7014855",371852,2025-09-03 09:23:29,43.3553504943848,-8.45788764953613,"Unknown"
"7014855",371852,2025-09-03 09:28:28,43.3552436828613,-8.45796585083008,"Unknown"
"7014855",371852,2025-09-03 09:33:28,43.3548965454102,-8.45828819274902,"Unknown"
"7014855",371852,2025-09-03 09:38:30,43.3544731140137,-8.45835494995117,"Unknown"
"7014855",371852,2025-09-03 09:43:29,43.3544006347656,-8.45834445953369,"Unknown"
"7014855",371852,2025-09-03 09:48:28,43.3544044494629,-8.45833301544189,"Unknown"
"7014855",371852,2025-09-03 09:53:28,43.354305267334,-8.45810604095459,"Unknown"
"7014855",371852,2025-09-03 09:58:53,43.354076385498,-8.4588041305542,"Unknown"
"7014855",371852,2025-09-03 10:03:44,43.3545112609863,-8.45891571044922,"Unknown"
"7014855",371852,2025-09-03 10:08:31,43.3544960021973,-8.45892810821533,"Unknown"
"7014855",371852,2025-09-03 10:13:29,43.35546875,-8.45854759216309,"Unknown"
"7014855",371852,2025-09-03 10:19:04,43.3536605834961,-8.45851421356201,"Unknown"
"7014855",371852,2025-09-03 10:23:37,43.3544807434082,-8.45883178710938,"Unknown"
"7014855",371852,2025-09-03 10:28:29,43.3548583984375,-8.4580545425415,"Unknown"
"7014855",371852,2025-09-03 10:33:33,43.3549156188965,-8.45812320709229,"Unknown"
"7014855",371852,2025-09-03 10:38:33,43.3549575805664,-8.45806980133057,"Unknown"
"7014855",371852,2025-09-03 10:43:36,43.3549575805664,-8.45807266235352,"Unknown"
"7014855",371852,2025-09-03 10:48:36,43.3549842834473,-8.45809841156006,"Unknown"
"7014855",371852,2025-09-03 10:54:02,43.3549880981445,-8.4580545425415,"Unknown"
"7014855",371852,2025-09-03 10:58:28,43.3550720214844,-8.4579439163208,"Unknown"
"7014855",371852,2025-09-03 11:03:29,43.35498046875,-8.45804500579834,"Unknown"
"7014855",371852,2025-09-03 11:08:28,43.3550148010254,-8.4581127166748,"Unknown"
"7014855",371852,2025-09-03 11:13:28,43.3551635742188,-8.45787715911865,"Unknown"
"7014855",371852,2025-09-03 11:18:29,43.3550224304199,-8.45802021026611,"Unknown"
"7014855",371852,2025-09-03 11:23:33,43.3546409606934,-8.45823287963867,"Unknown"
"7014855",371852,2025-09-03 11:28:28,43.3550338745117,-8.45791721343994,"Unknown"
"7014855",371852,2025-09-03 11:33:33,43.3549041748047,-8.45804882049561,"Unknown"
"7014855",371852,2025-09-03 11:38:34,43.35498046875,-8.45787239074707,"Unknown"
"7014855",371852,2025-09-03 11:43:30,43.3547058105469,-8.45823287963867,"Unknown"
"7014855",371852,2025-09-03 11:48:46,43.3541526794434,-8.45885562896729,"Unknown"
"7014855",371852,2025-09-03 11:53:41,43.3542785644531,-8.4587459564209,"Unknown"
"7014855",371852,2025-09-03 11:58:29,43.3549346923828,-8.45693778991699,"Unknown"
"7014855",371852,2025-09-03 12:03:44,43.3562049865723,-8.45697212219238,"Unknown"
"7014855",371852,2025-09-03 12:08:28,43.3561401367188,-8.45692157745361,"Unknown"
"7014855",371852,2025-09-03 12:13:29,43.3562278747559,-8.45685386657715,"Unknown"
"7014855",371852,2025-09-03 12:18:29,43.3562545776367,-8.45705127716064,"Unknown"
"7014855",371852,2025-09-03 12:23:29,43.3562278747559,-8.45714473724365,"Unknown"
"7014855",371852,2025-09-03 12:28:29,43.3563575744629,-8.45673561096191,"Unknown"
"7014855",371852,2025-09-03 12:33:29,43.3560638427734,-8.45716857910156,"Unknown"
"7014855",371852,2025-09-03 12:38:29,43.3559875488281,-8.45724391937256,"Unknown"
"7014855",371852,2025-09-03 12:43:30,43.356143951416,-8.45699787139893,"Unknown"
"7014855",371852,2025-09-03 12:48:29,43.3562126159668,-8.45703125,"Unknown"
"7014855",371852,2025-09-03 12:53:29,43.356201171875,-8.45707988739014,"Unknown"
"7014855",371852,2025-09-03 12:58:29,43.3562507629395,-8.45716953277588,"Unknown"
"7014855",371852,2025-09-03 13:03:31,43.3563652038574,-8.45711326599121,"Unknown"
"7014855",371852,2025-09-03 13:08:31,43.3561363220215,-8.45727443695068,"Unknown"
"7014855",371852,2025-09-03 13:13:33,43.3562278747559,-8.45691776275635,"Unknown"
"7014855",371852,2025-09-03 13:18:29,43.3560676574707,-8.45721912384033,"Unknown"
"7014855",371852,2025-09-03 13:23:35,43.3561592102051,-8.45693397521973,"Unknown"
"7014855",371852,2025-09-03 13:28:31,43.356258392334,-8.45725059509277,"Unknown"
"7014855",371852,2025-09-03 13:33:29,43.3565559387207,-8.45769786834717,"Unknown"
"7014855",371852,2025-09-03 13:38:29,43.3563232421875,-8.45704364776611,"Unknown"
"7014855",371852,2025-09-03 13:43:29,43.3560676574707,-8.4570369720459,"Unknown"
"7014855",371852,2025-09-03 13:48:44,43.3553314208984,-8.45747375488281,"Unknown"
"7014855",371852,2025-09-03 13:53:30,43.3553237915039,-8.45740985870361,"Unknown"
"7014855",371852,2025-09-03 13:58:29,43.3551254272461,-8.45708465576172,"Unknown"
"7014855",371852,2025-09-03 14:03:36,43.3552894592285,-8.4574089050293,"Unknown"
"7014855",371852,2025-09-03 14:08:30,43.3552169799805,-8.45725727081299,"Unknown"
"7014855",371852,2025-09-03 14:13:33,43.3559379577637,-8.45620346069336,"Unknown"
"7014855",371852,2025-09-03 14:18:37,43.3561248779297,-8.45802783966064,"Unknown"
"7014855",371852,2025-09-03 14:23:34,43.3561134338379,-8.45802211761475,"Unknown"
"7014855",371852,2025-09-03 14:28:35,43.3561248779297,-8.45800304412842,"Unknown"
"7014855",371852,2025-09-03 14:33:36,43.3560676574707,-8.45792007446289,"Unknown"
"7014855",371852,2025-09-03 14:38:35,43.3562164306641,-8.45826625823975,"Unknown"
"7014855",371852,2025-09-03 14:43:36,43.3561935424805,-8.45828247070312,"Unknown"
"7014855",371852,2025-09-03 14:48:45,43.3560676574707,-8.45796585083008,"Unknown"
"7014855",371852,2025-09-03 14:53:29,43.3559303283691,-8.45778751373291,"Unknown"
"7014855",371852,2025-09-03 14:58:33,43.3561897277832,-8.4577693939209,"Unknown"
"7014855",371852,2025-09-03 15:03:45,43.3560943603516,-8.4577579498291,"Unknown"
"7014855",371852,2025-09-03 15:08:28,43.3561744689941,-8.45774936676025,"Unknown"
"7014855",371852,2025-09-03 15:13:28,43.3560028076172,-8.45788860321045,"Unknown"
"7014855",371852,2025-09-03 15:18:28,43.3561096191406,-8.45781230926514,"Unknown"
"7014855",371852,2025-09-03 15:23:28,43.3560562133789,-8.45790767669678,"Unknown"
"7014855",371852,2025-09-03 15:28:28,43.3560447692871,-8.45799827575684,"Unknown"
"7014855",371852,2025-09-03 15:33:28,43.3560333251953,-8.45793533325195,"Unknown"
"7014855",371852,2025-09-03 15:38:28,43.3560256958008,-8.45827293395996,"Unknown"
"7014855",371852,2025-09-03 15:43:29,43.3560905456543,-8.45810985565186,"Unknown"
"7014855",371852,2025-09-03 15:49:36,43.3533592224121,-8.45865631103516,"Unknown"
"7014855",371852,2025-09-03 15:53:29,43.3542175292969,-8.45781421661377,"Unknown"
"7014855",371852,2025-09-03 15:58:31,43.3554039001465,-8.45744132995605,"Unknown"
"7014855",371852,2025-09-03 16:03:44,43.3549537658691,-8.45715713500977,"Unknown"
"7014855",371852,2025-09-03 16:08:36,43.3549041748047,-8.45705890655518,"Unknown"
"7014855",371852,2025-09-03 16:13:30,43.3541030883789,-8.45921039581299,"Unknown"
"7014855",371852,2025-09-03 16:28:35,43.3550148010254,-8.45683002471924,"Unknown"
"7014855",371852,2025-09-03 16:33:39,43.356029510498,-8.45792388916016,"Unknown"
"7014855",371852,2025-09-03 16:38:36,43.3560371398926,-8.45776653289795,"Unknown"
"7014855",371852,2025-09-03 16:43:37,43.3560829162598,-8.4573392868042,"Unknown"
"7014855",371852,2025-09-03 16:48:59,43.3560409545898,-8.4578332901001,"Unknown"
"7014855",371852,2025-09-03 16:53:30,43.3560791015625,-8.45824527740479,"Unknown"
"7014855",371852,2025-09-03 16:58:36,43.3560638427734,-8.4578218460083,"Unknown"
"7014855",371852,2025-09-03 17:03:29,43.3559913635254,-8.4586820602417,"Unknown"
"7014855",371852,2025-09-03 17:08:28,43.3559532165527,-8.45788669586182,"Unknown"
"7014855",371852,2025-09-03 17:13:28,43.3559799194336,-8.45727252960205,"Unknown"
"7014855",371852,2025-09-03 17:18:28,43.3557929992676,-8.45655345916748,"Unknown"
"7014855",371852,2025-09-03 17:23:28,43.3558464050293,-8.45719242095947,"Unknown"
"7014855",371852,2025-09-03 17:28:28,43.3557319641113,-8.45672607421875,"Unknown"
"7014855",371852,2025-09-03 17:33:30,43.3567161560059,-8.45721817016602,"Unknown"
"7014855",371852,2025-09-03 17:38:28,43.3551635742188,-8.45816421508789,"Unknown"
"7014855",371852,2025-09-03 17:43:29,43.354564666748,-8.45819473266602,"Unknown"
"7014855",371852,2025-09-03 17:48:35,43.354377746582,-8.45848274230957,"Unknown"
"7014855",371852,2025-09-03 17:53:50,43.3543319702148,-8.45850372314453,"Unknown"
"7014855",371852,2025-09-03 17:58:45,43.3542366027832,-8.45824337005615,"Unknown"
"7014855",371852,2025-09-03 18:03:36,43.3546447753906,-8.45875644683838,"Unknown"
"7014855",371852,2025-09-03 18:08:30,43.3542518615723,-8.45841503143311,"Unknown"
"7014855",371852,2025-09-03 18:13:29,43.3548126220703,-8.4570369720459,"Unknown"
"7014855",371852,2025-09-03 18:18:44,43.3548927307129,-8.45701217651367,"Unknown"
"7014855",371852,2025-09-03 18:23:33,43.3550148010254,-8.45722103118896,"Unknown"
"7014855",371852,2025-09-03 18:28:31,43.3538513183594,-8.45858669281006,"Unknown"
"7014855",371852,2025-09-03 18:33:28,43.3503570556641,-8.42880058288574,"Unknown"
"7014855",371852,2025-09-03 18:38:28,43.349967956543,-8.42726802825928,"Unknown"
"7014855",371852,2025-09-03 18:43:30,43.3498420715332,-8.42727947235107,"Unknown"
"7014855",371852,2025-09-03 18:48:41,43.3498802185059,-8.42722129821777,"Unknown"
"7014855",371852,2025-09-03 18:53:29,43.350154876709,-8.42735385894775,"Unknown"
"7014855",371852,2025-09-03 18:58:29,43.3497276306152,-8.42731285095215,"Unknown"
"7014855",371852,2025-09-03 19:03:28,43.3525352478027,-8.42761993408203,"Unknown"
"7014855",371852,2025-09-03 19:08:40,43.3523559570312,-8.42752075195312,"Unknown"
"7014855",371852,2025-09-03 19:13:28,43.3525199890137,-8.42761611938477,"Unknown"
"7014855",371852,2025-09-03 19:18:28,43.3523368835449,-8.42752456665039,"Unknown"
"7014855",371852,2025-09-03 19:23:28,43.3520355224609,-8.4262866973877,"Unknown"
"7014855",371852,2025-09-03 19:28:28,43.3520469665527,-8.42625617980957,"Unknown"
"7014855",371852,2025-09-03 19:33:28,43.3520736694336,-8.42628479003906,"Unknown"
"7014855",371852,2025-09-03 19:38:28,43.35205078125,-8.42625045776367,"Unknown"
"7014855",371852,2025-09-03 19:43:28,43.3520431518555,-8.4263162612915,"Unknown"
"7014855",371852,2025-09-03 19:48:44,43.3520469665527,-8.42626476287842,"Unknown"
"7014855",371852,2025-09-03 19:53:28,43.3520698547363,-8.42633533477783,"Unknown"
"7014855",371852,2025-09-03 19:58:28,43.3520317077637,-8.42629241943359,"Unknown"
"7014855",371852,2025-09-03 20:03:28,43.3520660400391,-8.42631912231445,"Unknown"
"7014855",371852,2025-09-03 20:08:28,43.3521575927734,-8.42634868621826,"Unknown"
"7014855",371852,2025-09-03 20:13:28,43.3520202636719,-8.42636108398438,"Unknown"
"7014855",371852,2025-09-03 20:18:37,43.3520889282227,-8.42630577087402,"Unknown"
"7014855",371852,2025-09-03 20:23:32,43.3530120849609,-8.42628002166748,"Unknown"
"7014855",371852,2025-09-03 20:28:32,43.3525161743164,-8.4263916015625,"Unknown"
"7014855",371852,2025-09-03 20:33:28,43.3522567749023,-8.42644309997559,"Unknown"
"7014855",371852,2025-09-03 20:38:31,43.3520927429199,-8.42635440826416,"Unknown"
"7014855",371852,2025-09-03 20:43:33,43.3520545959473,-8.42630004882812,"Unknown"
"7014855",371852,2025-09-03 20:48:50,43.3519248962402,-8.42624378204346,"Unknown"
"7014855",371852,2025-09-03 20:53:34,43.3519287109375,-8.42623138427734,"Unknown"
"7014855",371852,2025-09-03 20:58:59,43.3518180847168,-8.42631149291992,"Unknown"
"7014855",371852,2025-09-03 21:04:05,43.3519325256348,-8.42622661590576,"Unknown"
"7014855",371852,2025-09-03 21:08:29,43.3519973754883,-8.42617130279541,"Unknown"
"7014855",371852,2025-09-03 21:13:29,43.3519973754883,-8.42615795135498,"Unknown"
"7014855",371852,2025-09-03 21:18:29,43.3519897460938,-8.42620754241943,"Unknown"
"7014855",371852,2025-09-03 21:23:28,43.3519668579102,-8.42614078521729,"Unknown"
"7014855",371852,2025-09-03 21:28:29,43.3520050048828,-8.42615032196045,"Unknown"
"7014855",371852,2025-09-03 21:33:29,43.3519821166992,-8.42612266540527,"Unknown"
"7014855",371852,2025-09-03 21:38:28,43.3519859313965,-8.42615127563477,"Unknown"
"7014855",371852,2025-09-03 21:43:29,43.3519554138184,-8.42614459991455,"Unknown"
"7014855",371852,2025-09-03 21:48:28,43.3519897460938,-8.42613410949707,"Unknown"
"7014855",371852,2025-09-03 21:53:28,43.3519630432129,-8.42620277404785,"Unknown"
"7014855",371852,2025-09-03 21:58:28,43.3519668579102,-8.42617130279541,"Unknown"
"7014855",371852,2025-09-03 22:03:28,43.3519439697266,-8.42615222930908,"Unknown"
"7014855",371852,2025-09-03 22:08:28,43.3519554138184,-8.42614841461182,"Unknown"
"7014855",371852,2025-09-03 22:13:28,43.351921081543,-8.42614078521729,"Unknown"
"7014855",371852,2025-09-03 22:18:28,43.3519401550293,-8.42615222930908,"Unknown"
"7014855",371852,2025-09-03 22:23:28,43.3518829345703,-8.42611789703369,"Unknown"
"7014855",371852,2025-09-03 22:28:28,43.3520355224609,-8.42621994018555,"Unknown"
"7014855",371852,2025-09-03 22:33:29,43.3518409729004,-8.42606735229492,"Unknown"
"7014855",371852,2025-09-03 22:38:33,43.351978302002,-8.42615127563477,"Unknown"
"7014855",371852,2025-09-03 22:43:29,43.3517684936523,-8.42594623565674,"Unknown"
"7014855",371852,2025-09-03 22:48:34,43.3519439697266,-8.42620468139648,"Unknown"
"7014855",371852,2025-09-03 22:53:29,43.3518295288086,-8.4259204864502,"Unknown"
"7014855",371852,2025-09-03 22:58:28,43.3519096374512,-8.42599773406982,"Unknown"
"7014855",371852,2025-09-03 23:03:42,43.3519821166992,-8.42622089385986,"Unknown"
"7014855",371852,2025-09-03 23:08:29,43.3519592285156,-8.42610549926758,"Unknown"
"7014855",371852,2025-09-03 23:13:28,43.351978302002,-8.42625427246094,"Unknown"
"7014855",371852,2025-09-03 23:18:28,43.3519706726074,-8.42615509033203,"Unknown"
"7014855",371852,2025-09-03 23:23:28,43.351921081543,-8.42606353759766,"Unknown"
"7014855",371852,2025-09-03 23:28:29,43.3520393371582,-8.42642498016357,"Unknown"
"7014855",371852,2025-09-03 23:38:28,43.3520164489746,-8.42622184753418,"Unknown"
"7014855",371852,2025-09-03 23:43:28,43.3520202636719,-8.42640113830566,"Unknown"
"7014855",371852,2025-09-03 23:53:36,43.3521118164062,-8.42673015594482,"Unknown"
"7014855",371852,2025-09-03 23:58:31,43.3526496887207,-8.42760944366455,"Unknown"
"7014855",371852,2025-09-04 00:08:44,43.3519439697266,-8.42617893218994,"Unknown"
"7014855",371852,2025-09-04 00:13:30,43.3520050048828,-8.42625522613525,"Unknown"
"7014855",371852,2025-09-04 00:18:31,43.351978302002,-8.42618846893311,"Unknown"
"7014855",371852,2025-09-04 00:28:33,43.3520088195801,-8.42603492736816,"Unknown"
"7014855",371852,2025-09-04 00:38:36,43.3518257141113,-8.42594909667969,"Unknown"
"7014855",371852,2025-09-04 00:49:05,43.351993560791,-8.42613410949707,"Unknown"
"7014855",371852,2025-09-04 00:58:28,43.3519477844238,-8.42610359191895,"Unknown"
"7014855",371852,2025-09-04 01:08:28,43.3520011901855,-8.42620372772217,"Unknown"
"7014855",371852,2025-09-04 01:18:28,43.3520050048828,-8.42617893218994,"Unknown"
"7014855",371852,2025-09-04 01:28:28,43.3520240783691,-8.42613887786865,"Unknown"
"7014855",371852,2025-09-04 01:38:28,43.351978302002,-8.42620372772217,"Unknown"
"7014855",371852,2025-09-04 01:48:28,43.3521347045898,-8.42610549926758,"Unknown"
"7014855",371852,2025-09-04 01:58:28,43.35205078125,-8.4261360168457,"Unknown"
"7014855",371852,2025-09-04 02:08:28,43.3520240783691,-8.42615509033203,"Unknown"
"7014855",371852,2025-09-04 02:18:28,43.3520355224609,-8.42610263824463,"Unknown"
"7014855",371852,2025-09-04 02:28:34,43.3520660400391,-8.42600631713867,"Unknown"
"7014855",371852,2025-09-04 02:38:29,43.3519744873047,-8.42604732513428,"Unknown"
"7014855",371852,2025-09-04 02:48:31,43.3519706726074,-8.4260139465332,"Unknown"
"7014855",371852,2025-09-04 02:58:28,43.3520050048828,-8.42584800720215,"Unknown"
"7014855",371852,2025-09-04 03:08:44,43.3519859313965,-8.42616176605225,"Unknown"
"7014855",371852,2025-09-04 03:18:28,43.3520202636719,-8.42644119262695,"Unknown"
"7014855",371852,2025-09-04 03:28:31,43.3519592285156,-8.42633247375488,"Unknown"
"7014855",371852,2025-09-04 03:38:29,43.3520431518555,-8.426438331604,"Unknown"
"7014855",371852,2025-09-04 03:48:44,43.351993560791,-8.426194190979,"Unknown"
"7014855",371852,2025-09-04 03:58:28,43.3521041870117,-8.42644596099854,"Unknown"
"7014855",371852,2025-09-04 04:08:28,43.3520469665527,-8.42625331878662,"Unknown"
"7014855",371852,2025-09-04 04:18:28,43.3520469665527,-8.42627716064453,"Unknown"
"7014855",371852,2025-09-04 04:28:28,43.3520622253418,-8.42616081237793,"Unknown"
"7014855",371852,2025-09-04 04:38:29,43.3519515991211,-8.42594909667969,"Unknown"
"7014855",371852,2025-09-04 04:48:45,43.3519477844238,-8.42590808868408,"Unknown"
"7014855",371852,2025-09-04 04:58:31,43.35205078125,-8.42629528045654,"Unknown"
"7014855",371852,2025-09-04 05:08:30,43.35205078125,-8.42610836029053,"Unknown"
"7014855",371852,2025-09-04 05:18:30,43.3520889282227,-8.42623519897461,"Unknown"
"7014855",371852,2025-09-04 05:28:37,43.3522605895996,-8.42575168609619,"Unknown"
"7014855",371852,2025-09-04 05:38:39,43.3521423339844,-8.42596054077148,"Unknown"
"7014855",371852,2025-09-04 05:48:59,43.3520126342773,-8.42612266540527,"Unknown"
"7014855",371852,2025-09-04 05:58:37,43.3519325256348,-8.42614555358887,"Unknown"
"7014855",371852,2025-09-04 06:09:05,43.3520202636719,-8.42616367340088,"Unknown"
"7014855",371852,2025-09-04 06:18:29,43.3519973754883,-8.42627906799316,"Unknown"
"7014855",371852,2025-09-04 06:28:29,43.3519859313965,-8.42629146575928,"Unknown"
"7014855",371852,2025-09-04 06:38:29,43.3519897460938,-8.42625522613525,"Unknown"
"7014855",371852,2025-09-04 06:48:29,43.3520355224609,-8.42616367340088,"Unknown"
"7014855",371852,2025-09-04 06:58:29,43.3520584106445,-8.42615032196045,"Unknown"
"7014855",371852,2025-09-04 07:08:29,43.3520393371582,-8.42619514465332,"Unknown"
"7014855",371852,2025-09-04 07:18:29,43.3519973754883,-8.42615604400635,"Unknown"
"7014855",371852,2025-09-04 07:28:36,43.3520469665527,-8.42611503601074,"Unknown"
"7014855",371852,2025-09-04 07:38:30,43.352165222168,-8.42617321014404,"Unknown"
"7014855",371852,2025-09-04 07:48:30,43.352108001709,-8.42611026763916,"Unknown"
"7014855",371852,2025-09-04 07:58:44,43.3519897460938,-8.42617034912109,"Unknown"
"7014855",371852,2025-09-04 08:08:29,43.351936340332,-8.4262056350708,"Unknown"
"7014855",371852,2025-09-04 08:18:30,43.3521308898926,-8.42609882354736,"Unknown"
"7014855",371852,2025-09-04 08:28:31,43.3517074584961,-8.42622470855713,"Unknown"
"7014855",371852,2025-09-04 08:38:29,43.3517990112305,-8.4261302947998,"Unknown"
"7014855",371852,2025-09-04 08:48:30,43.3520011901855,-8.42621898651123,"Unknown"
"7014855",371852,2025-09-04 08:58:29,43.3519401550293,-8.42616367340088,"Unknown"
"7014855",371852,2025-09-04 09:08:43,43.3519172668457,-8.42616748809814,"Unknown"
"7014855",371852,2025-09-04 09:18:29,43.3519172668457,-8.42615795135498,"Unknown"
"7014855",371852,2025-09-04 09:28:31,43.351879119873,-8.4262170791626,"Unknown"
"7014855",371852,2025-09-04 09:38:39,43.3518333435059,-8.42607402801514,"Unknown"
"7014855",371852,2025-09-04 09:48:41,43.3519973754883,-8.42618465423584,"Unknown"
"7014855",371852,2025-09-04 09:58:32,43.3526458740234,-8.4266939163208,"Unknown"
"7014855",371852,2025-09-04 10:08:39,43.3517570495605,-8.42643547058105,"Unknown"
"7014855",371852,2025-09-04 10:18:37,43.3519401550293,-8.42618179321289,"Unknown"
"7014855",371852,2025-09-04 10:28:32,43.3521041870117,-8.42618656158447,"Unknown"
"7014855",371852,2025-09-04 10:38:33,43.3520660400391,-8.42638301849365,"Unknown"
"7014855",371852,2025-09-04 10:48:54,43.352108001709,-8.42645931243896,"Unknown"
"7014855",371852,2025-09-04 10:58:32,43.3520622253418,-8.42622184753418,"Unknown"
"7014855",371852,2025-09-04 11:08:39,43.3520278930664,-8.4260082244873,"Unknown"
"7014855",371852,2025-09-04 11:19:23,43.3520927429199,-8.42602252960205,"Unknown"
"7014855",371852,2025-09-04 11:28:29,43.3520050048828,-8.42619132995605,"Unknown"
"7014855",371852,2025-09-04 11:38:29,43.351936340332,-8.42617130279541,"Unknown"
"7014855",371852,2025-09-04 11:48:29,43.3520469665527,-8.42614936828613,"Unknown"
"7014855",371852,2025-09-04 11:58:29,43.3519706726074,-8.42615127563477,"Unknown"
"7014855",371852,2025-09-04 12:08:29,43.3520278930664,-8.42606830596924,"Unknown"
"7014855",371852,2025-09-04 12:18:29,43.3519859313965,-8.42613792419434,"Unknown"
"7014855",371852,2025-09-04 12:29:05,43.3519973754883,-8.42621040344238,"Unknown"
"7014855",371852,2025-09-04 12:38:29,43.3519973754883,-8.42623901367188,"Unknown"
"7014855",371852,2025-09-04 12:48:29,43.3520240783691,-8.42623519897461,"Unknown"
"7014855",371852,2025-09-04 12:58:29,43.3520164489746,-8.42617702484131,"Unknown"
"7014855",371852,2025-09-04 13:08:29,43.35205078125,-8.42615413665771,"Unknown"
"7014855",371852,2025-09-04 13:18:29,43.3520736694336,-8.42622184753418,"Unknown"
"7014855",371852,2025-09-04 13:28:29,43.3520889282227,-8.42622470855713,"Unknown"
"7014855",371852,2025-09-04 13:38:29,43.352165222168,-8.42641830444336,"Unknown"
"7014855",371852,2025-09-04 13:48:31,43.3520965576172,-8.42634105682373,"Unknown"
"7014855",371852,2025-09-04 13:58:31,43.3526725769043,-8.42730712890625,"Unknown"
"7014855",371852,2025-09-04 14:08:38,43.3519744873047,-8.4262113571167,"Unknown"
"7014855",371852,2025-09-04 14:18:32,43.3518409729004,-8.42595767974854,"Unknown"
"7014855",371852,2025-09-04 14:28:30,43.3518295288086,-8.42595672607422,"Unknown"
"7014855",371852,2025-09-04 14:38:31,43.3516845703125,-8.42553901672363,"Unknown"
"7014855",371852,2025-09-04 14:48:31,43.3517799377441,-8.42571926116943,"Unknown"
"7014855",371852,2025-09-04 14:58:44,43.3519744873047,-8.42629623413086,"Unknown"
"7014855",371852,2025-09-04 15:08:39,43.3519668579102,-8.42613983154297,"Unknown"
"7014855",371852,2025-09-04 15:18:38,43.3519477844238,-8.42617988586426,"Unknown"
"7014855",371852,2025-09-04 15:28:39,43.3518714904785,-8.42594909667969,"Unknown"
"7014855",371852,2025-09-04 15:38:39,43.3520317077637,-8.42637348175049,"Unknown"
"7014855",371852,2025-09-04 15:49:05,43.351978302002,-8.42619514465332,"Unknown"
"7014855",371852,2025-09-04 15:58:29,43.3520011901855,-8.42620944976807,"Unknown"
"7014855",371852,2025-09-04 16:08:29,43.3519325256348,-8.42621803283691,"Unknown"
"7014855",371852,2025-09-04 16:18:29,43.3520393371582,-8.42624187469482,"Unknown"
"7014855",371852,2025-09-04 16:28:30,43.3521003723145,-8.426194190979,"Unknown"
"7014855",371852,2025-09-04 16:38:30,43.3520660400391,-8.4262523651123,"Unknown"
"7014855",371852,2025-09-04 16:48:29,43.3521041870117,-8.42642879486084,"Unknown"
"7014855",371852,2025-09-04 16:58:30,43.3520584106445,-8.42629814147949,"Unknown"
"7014855",371852,2025-09-04 17:08:29,43.3519668579102,-8.42624282836914,"Unknown"
"7014855",371852,2025-09-04 17:18:29,43.3521041870117,-8.42638111114502,"Unknown"
"7014855",371852,2025-09-04 17:28:29,43.3521270751953,-8.42642879486084,"Unknown"
"7014855",371852,2025-09-04 17:38:34,43.3519096374512,-8.42618083953857,"Unknown"
"7014855",371852,2025-09-04 17:48:29,43.3518333435059,-8.42609310150146,"Unknown"
"7014855",371852,2025-09-04 17:58:29,43.3518295288086,-8.42606639862061,"Unknown"
"7014855",371852,2025-09-04 18:08:31,43.351921081543,-8.42615604400635,"Unknown"
"7014855",371852,2025-09-04 18:18:36,43.3519325256348,-8.42618846893311,"Unknown"
"7014855",371852,2025-09-04 18:28:36,43.3519515991211,-8.42620086669922,"Unknown"
"7014855",371852,2025-09-04 18:38:44,43.351936340332,-8.42619514465332,"Unknown"
"7014855",371852,2025-09-04 18:48:30,43.3520355224609,-8.42619895935059,"Unknown"
"7014855",371852,2025-09-04 18:58:30,43.3519706726074,-8.42625331878662,"Unknown"
"7014855",371852,2025-09-04 19:08:30,43.3520278930664,-8.42625999450684,"Unknown"
"7014855",371852,2025-09-04 19:18:30,43.3520545959473,-8.42631721496582,"Unknown"
"7014855",371852,2025-09-04 19:28:31,43.3523178100586,-8.42657852172852,"Unknown"
"7014855",371852,2025-09-04 19:38:45,43.351936340332,-8.42608165740967,"Unknown"
"7014855",371852,2025-09-04 19:48:30,43.3515434265137,-8.42561721801758,"Unknown"
"7014855",371852,2025-09-04 19:58:30,43.3520278930664,-8.426194190979,"Unknown"
"7014855",371852,2025-09-04 20:08:30,43.3520202636719,-8.42618465423584,"Unknown"
"7014855",371852,2025-09-04 20:18:30,43.3520927429199,-8.42619514465332,"Unknown"
"7014855",371852,2025-09-04 20:28:30,43.3519706726074,-8.42619228363037,"Unknown"
"7014855",371852,2025-09-04 20:38:45,43.3519706726074,-8.42617130279541,"Unknown"
"7014855",371852,2025-09-04 20:48:39,43.3517990112305,-8.42613410949707,"Unknown"
"7014855",371852,2025-09-04 20:58:38,43.352237701416,-8.42614555358887,"Unknown"
"7014855",371852,2025-09-04 21:08:38,43.3521728515625,-8.4260082244873,"Unknown"
"7014855",371852,2025-09-04 21:18:39,43.3520774841309,-8.42601680755615,"Unknown"
"7014855",371852,2025-09-04 21:28:39,43.3520278930664,-8.42605113983154,"Unknown"
"7014855",371852,2025-09-04 21:38:44,43.3521308898926,-8.42613124847412,"Unknown"
"7014855",371852,2025-09-04 21:48:38,43.3519096374512,-8.42623996734619,"Unknown"
"7014855",371852,2025-09-04 21:58:41,43.3521194458008,-8.42604064941406,"Unknown"
"7014855",371852,2025-09-04 22:08:36,43.3520774841309,-8.42615413665771,"Unknown"
"7014855",371852,2025-09-04 22:18:33,43.3533401489258,-8.42460346221924,"Unknown"
"7014855",371852,2025-09-04 22:28:33,43.3527755737305,-8.42519760131836,"Unknown"
"7014855",371852,2025-09-04 22:38:38,43.3522682189941,-8.4261360168457,"Unknown"
"7014855",371852,2025-09-04 22:48:45,43.3522300720215,-8.42577743530273,"Unknown"
"7014855",371852,2025-09-04 22:58:39,43.3522186279297,-8.42604732513428,"Unknown"
"7014855",371852,2025-09-04 23:08:44,43.3521499633789,-8.4258451461792,"Unknown"
"7014855",371852,2025-09-04 23:18:33,43.3524131774902,-8.42482948303223,"Unknown"
"7014855",371852,2025-09-04 23:28:34,43.3522033691406,-8.4255952835083,"Unknown"
"7014855",371852,2025-09-04 23:38:37,43.351993560791,-8.42601585388184,"Unknown"
"7014855",371852,2025-09-04 23:48:46,43.3521919250488,-8.42537689208984,"Unknown"
"7014855",371852,2025-09-04 23:58:37,43.3523139953613,-8.42544078826904,"Unknown"
"7014855",371852,2025-09-05 00:08:37,43.351921081543,-8.42555809020996,"Unknown"
"7014855",371852,2025-09-05 00:18:34,43.3519287109375,-8.42601776123047,"Unknown"
"7014855",371852,2025-09-05 00:28:30,43.3520202636719,-8.42547416687012,"Unknown"
"7014855",371852,2025-09-05 00:38:30,43.3518905639648,-8.42618560791016,"Unknown"
"7014855",371852,2025-09-05 00:49:05,43.3519020080566,-8.42609405517578,"Unknown"
"7014855",371852,2025-09-05 00:58:29,43.3520126342773,-8.42616081237793,"Unknown"
"7014855",371852,2025-09-05 01:08:29,43.352108001709,-8.42617225646973,"Unknown"
"7014855",371852,2025-09-05 01:18:29,43.3520050048828,-8.42612838745117,"Unknown"
"7014855",371852,2025-09-05 01:28:29,43.3520011901855,-8.4262056350708,"Unknown"
"7014855",371852,2025-09-05 01:38:29,43.3519859313965,-8.42616844177246,"Unknown"
"7014855",371852,2025-09-05 01:48:29,43.3520088195801,-8.4262056350708,"Unknown"
"7014855",371852,2025-09-05 01:58:29,43.3520164489746,-8.42618370056152,"Unknown"
"7014855",371852,2025-09-05 02:08:30,43.3520011901855,-8.42615222930908,"Unknown"
"7014855",371852,2025-09-05 02:18:29,43.3520126342773,-8.42617797851562,"Unknown"
"7014855",371852,2025-09-05 02:28:30,43.3520011901855,-8.4260835647583,"Unknown"
"7014855",371852,2025-09-05 02:38:30,43.351978302002,-8.4260892868042,"Unknown"
"7014855",371852,2025-09-05 02:48:31,43.3519439697266,-8.42592334747314,"Unknown"
"7014855",371852,2025-09-05 02:58:31,43.352108001709,-8.42622852325439,"Unknown"
"7014855",371852,2025-09-05 03:08:31,43.3520088195801,-8.42607879638672,"Unknown"
"7014855",371852,2025-09-05 03:18:31,43.351993560791,-8.42617416381836,"Unknown"
"7014855",371852,2025-09-05 03:28:31,43.3519477844238,-8.42600631713867,"Unknown"
"7014855",371852,2025-09-05 03:38:40,43.3519744873047,-8.42616844177246,"Unknown"
"7014855",371852,2025-09-05 03:48:30,43.3520011901855,-8.42611026763916,"Unknown"
"7014855",371852,2025-09-05 03:58:30,43.3519897460938,-8.42616271972656,"Unknown"
"7014855",371852,2025-09-05 04:08:31,43.3520812988281,-8.42614364624023,"Unknown"
"7014855",371852,2025-09-05 04:18:32,43.3521194458008,-8.42626571655273,"Unknown"
"7014855",371852,2025-09-05 04:28:33,43.3521041870117,-8.42623233795166,"Unknown"
"7014855",371852,2025-09-05 04:38:40,43.3517951965332,-8.42627716064453,"Unknown"
"7014855",371852,2025-09-05 04:49:05,43.3519973754883,-8.42622566223145,"Unknown"
"7014855",371852,2025-09-05 04:58:29,43.3519554138184,-8.42631530761719,"Unknown"
"7014855",371852,2025-09-05 05:08:29,43.3520240783691,-8.42621231079102,"Unknown"
"7014855",371852,2025-09-05 05:18:29,43.3520202636719,-8.42626953125,"Unknown"
"7014855",371852,2025-09-05 05:28:29,43.3520011901855,-8.42626285552979,"Unknown"
"7014855",371852,2025-09-05 05:38:30,43.3520088195801,-8.42649364471436,"Unknown"
"7014855",371852,2025-09-05 05:48:44,43.3519744873047,-8.42624187469482,"Unknown"
"7014855",371852,2025-09-05 05:58:29,43.3519515991211,-8.42632102966309,"Unknown"
"7014855",371852,2025-09-05 06:08:30,43.3519401550293,-8.4262866973877,"Unknown"
"7014855",371852,2025-09-05 06:18:29,43.3520164489746,-8.42615604400635,"Unknown"
"7014855",371852,2025-09-05 06:28:30,43.351993560791,-8.42618274688721,"Unknown"
"7014855",371852,2025-09-05 06:38:30,43.3519477844238,-8.4262170791626,"Unknown"
"7014855",371852,2025-09-05 06:48:30,43.352222442627,-8.42653656005859,"Unknown"
"7014855",371852,2025-09-05 06:58:29,43.3520126342773,-8.42645645141602,"Unknown"
"7014855",371852,2025-09-05 07:08:29,43.3521423339844,-8.42652034759521,"Unknown"
"7014855",371852,2025-09-05 07:18:29,43.3518714904785,-8.42643928527832,"Unknown"
"7014855",371852,2025-09-05 07:28:31,43.3523445129395,-8.42651748657227,"Unknown"
"7014855",371852,2025-09-05 07:38:30,43.3520317077637,-8.42617034912109,"Unknown"
"7014855",371852,2025-09-05 07:48:31,43.3519020080566,-8.42616176605225,"Unknown"
"7014855",371852,2025-09-05 07:58:34,43.351936340332,-8.42609214782715,"Unknown"
"7014855",371852,2025-09-05 08:08:36,43.3515090942383,-8.42617034912109,"Unknown"
"7014855",371852,2025-09-05 08:18:39,43.3517074584961,-8.42594146728516,"Unknown"
"7014855",371852,2025-09-05 08:28:37,43.3517303466797,-8.42584896087646,"Unknown"
"7014855",371852,2025-09-05 08:38:42,43.3517837524414,-8.42589092254639,"Unknown"
"7014855",371852,2025-09-05 08:48:37,43.3517684936523,-8.42598152160645,"Unknown"
"7014855",371852,2025-09-05 08:58:37,43.3518714904785,-8.42595863342285,"Unknown"
"7014855",371852,2025-09-05 09:08:38,43.351978302002,-8.42591762542725,"Unknown"
"7014855",371852,2025-09-05 09:18:36,43.3521919250488,-8.42585468292236,"Unknown"
"7014855",371852,2025-09-05 09:28:37,43.3522644042969,-8.42580127716064,"Unknown"
"7014855",371852,2025-09-05 09:38:44,43.3520889282227,-8.42591094970703,"Unknown"
"7014855",371852,2025-09-05 09:48:30,43.3520698547363,-8.42569732666016,"Unknown"
"7014855",371852,2025-09-05 09:58:30,43.3520164489746,-8.42579364776611,"Unknown"
"7014855",371852,2025-09-05 10:08:31,43.3521461486816,-8.42556381225586,"Unknown"
"7014855",371852,2025-09-05 10:19:05,43.3519477844238,-8.4261646270752,"Unknown"
"7014855",371852,2025-09-05 10:28:29,43.3518943786621,-8.42621231079102,"Unknown"
"7014855",371852,2025-09-05 10:38:29,43.3519439697266,-8.42622947692871,"Unknown"
"7014855",371852,2025-09-05 10:48:29,43.3519897460938,-8.42615509033203,"Unknown"
"7014855",371852,2025-09-05 10:58:30,43.3520545959473,-8.42612266540527,"Unknown"
"7014855",371852,2025-09-05 11:08:30,43.3521118164062,-8.42618846893311,"Unknown"
"7014855",371852,2025-09-05 11:18:30,43.351978302002,-8.42617988586426,"Unknown"
"7014855",371852,2025-09-05 11:28:30,43.3521118164062,-8.42610740661621,"Unknown"
"7014855",371852,2025-09-05 11:38:31,43.3521270751953,-8.42607021331787,"Unknown"
"7014855",371852,2025-09-05 11:48:31,43.3521270751953,-8.42622852325439,"Unknown"
"7014855",371852,2025-09-05 11:58:31,43.3521308898926,-8.42622470855713,"Unknown"
"7014855",371852,2025-09-05 12:08:31,43.3521461486816,-8.42620086669922,"Unknown"
"7014855",371852,2025-09-05 12:18:31,43.352165222168,-8.42627239227295,"Unknown"
"7014855",371852,2025-09-05 12:28:31,43.3522453308105,-8.42623710632324,"Unknown"
"7014855",371852,2025-09-05 12:38:31,43.3521270751953,-8.42635917663574,"Unknown"
"7014855",371852,2025-09-05 12:48:31,43.3521881103516,-8.42632007598877,"Unknown"
"7014855",371852,2025-09-05 12:58:31,43.3521728515625,-8.42638778686523,"Unknown"
"7014855",371852,2025-09-05 13:08:31,43.3521614074707,-8.42633152008057,"Unknown"
"7014855",371852,2025-09-05 13:18:31,43.3520622253418,-8.42636299133301,"Unknown"
"7014855",371852,2025-09-05 13:28:31,43.3520774841309,-8.42633628845215,"Unknown"
"7014855",371852,2025-09-05 13:38:31,43.3521003723145,-8.42633056640625,"Unknown"
"7014855",371852,2025-09-05 13:48:31,43.3520240783691,-8.42654514312744,"Unknown"
"7014855",371852,2025-09-05 13:58:31,43.3520851135254,-8.42642211914062,"Unknown"
"7014855",371852,2025-09-05 14:08:31,43.3520622253418,-8.42639541625977,"Unknown"
"7014855",371852,2025-09-05 14:18:31,43.3520011901855,-8.42635250091553,"Unknown"
"7014855",371852,2025-09-05 14:28:31,43.3521156311035,-8.42634391784668,"Unknown"
"7014855",371852,2025-09-05 14:38:31,43.3522262573242,-8.42631053924561,"Unknown"
"7014855",371852,2025-09-05 14:48:31,43.3523139953613,-8.42608165740967,"Unknown"
"7014855",371852,2025-09-05 14:58:31,43.3522911071777,-8.4260721206665,"Unknown"
"7014855",371852,2025-09-05 15:08:31,43.3523025512695,-8.42607879638672,"Unknown"
"7014855",371852,2025-09-05 15:18:31,43.3522415161133,-8.4260368347168,"Unknown"
"7014855",371852,2025-09-05 15:28:31,43.352237701416,-8.42607879638672,"Unknown"
"7014855",371852,2025-09-05 15:38:31,43.3521194458008,-8.42613124847412,"Unknown"
"7014855",371852,2025-09-05 15:48:32,43.3519287109375,-8.42605400085449,"Unknown"
"7014855",371852,2025-09-05 15:58:31,43.3520278930664,-8.42630481719971,"Unknown"
"7014855",371852,2025-09-05 16:08:33,43.3520050048828,-8.42619895935059,"Unknown"
"7014855",371852,2025-09-05 16:18:32,43.3518562316895,-8.42595958709717,"Unknown"
"7014855",371852,2025-09-05 16:28:32,43.3519554138184,-8.42607879638672,"Unknown"
"7014855",371852,2025-09-05 16:38:32,43.3516082763672,-8.42572784423828,"Unknown"
"7014855",371852,2025-09-05 16:48:33,43.3519439697266,-8.42581939697266,"Unknown"
"7014855",371852,2025-09-05 16:58:32,43.3519058227539,-8.425950050354,"Unknown"
"7014855",371852,2025-09-05 17:08:32,43.3520240783691,-8.42597103118896,"Unknown"
"7014855",371852,2025-09-05 17:18:32,43.3526992797852,-8.42551326751709,"Unknown"
"7014855",371852,2025-09-05 17:28:32,43.3524475097656,-8.42567920684814,"Unknown"
"7014855",371852,2025-09-05 17:38:33,43.3521194458008,-8.42581272125244,"Unknown"
"7014855",371852,2025-09-05 17:48:32,43.3522987365723,-8.42581844329834,"Unknown"
"7014855",371852,2025-09-05 17:58:32,43.3522491455078,-8.4258337020874,"Unknown"
"7014855",371852,2025-09-05 18:08:33,43.3518447875977,-8.42586898803711,"Unknown"
"7014855",371852,2025-09-05 18:18:33,43.3522071838379,-8.42589569091797,"Unknown"
"7014855",371852,2025-09-05 18:28:32,43.3539733886719,-8.42606925964355,"Unknown"
"7014855",371852,2025-09-05 18:38:34,43.3521537780762,-8.42605400085449,"Unknown"
"7014855",371852,2025-09-05 18:48:33,43.3520126342773,-8.42605018615723,"Unknown"
"7014855",371852,2025-09-05 18:58:39,43.3522682189941,-8.42629528045654,"Unknown"
"7014855",371852,2025-09-05 19:08:39,43.3522453308105,-8.42633152008057,"Unknown"
"7014855",371852,2025-09-05 19:18:39,43.3522567749023,-8.42645454406738,"Unknown"
"7014855",371852,2025-09-05 19:28:38,43.3520965576172,-8.4260082244873,"Unknown"
"7014855",371852,2025-09-05 19:38:40,43.3521003723145,-8.42581844329834,"Unknown"
"7014855",371852,2025-09-05 19:48:34,43.351993560791,-8.42594337463379,"Unknown"
"7014855",371852,2025-09-05 19:58:32,43.3517417907715,-8.42575073242188,"Unknown"
"7014855",371852,2025-09-05 20:08:36,43.3520164489746,-8.42569828033447,"Unknown"
"7014855",371852,2025-09-05 20:18:31,43.3517456054688,-8.42582225799561,"Unknown"
"7014855",371852,2025-09-05 20:28:32,43.351734161377,-8.42582035064697,"Unknown"
"7014855",371852,2025-09-05 20:38:45,43.351936340332,-8.42603206634521,"Unknown"
"7014855",371852,2025-09-05 20:48:32,43.3525543212891,-8.4258337020874,"Unknown"
"7014855",371852,2025-09-05 20:58:31,43.3524475097656,-8.42586135864258,"Unknown"
"7014855",371852,2025-09-05 21:08:30,43.3524169921875,-8.42589855194092,"Unknown"
"7014855",371852,2025-09-05 21:18:31,43.352367401123,-8.425950050354,"Unknown"
"7014855",371852,2025-09-05 21:28:32,43.3524589538574,-8.42604160308838,"Unknown"
"7014855",371852,2025-09-05 21:38:39,43.352180480957,-8.42619132995605,"Unknown"
"7014855",371852,2025-09-05 21:48:43,43.352222442627,-8.42610740661621,"Unknown"
"7014855",371852,2025-09-05 21:58:31,43.351978302002,-8.42620754241943,"Unknown"
"7014855",371852,2025-09-05 22:08:31,43.3519287109375,-8.42705535888672,"Unknown"
"7014855",371852,2025-09-05 22:18:31,43.3518943786621,-8.42713260650635,"Unknown"
"7014855",371852,2025-09-05 22:28:31,43.3519630432129,-8.42723846435547,"Unknown"
"7014855",371852,2025-09-05 22:38:31,43.3521194458008,-8.42694473266602,"Unknown"
"7014855",371852,2025-09-05 22:48:39,43.3526802062988,-8.42604541778564,"Unknown"
"7014855",371852,2025-09-05 22:58:45,43.3521614074707,-8.42653942108154,"Unknown"
"7014855",371852,2025-09-05 23:08:31,43.3520545959473,-8.42692470550537,"Unknown"
"7014855",371852,2025-09-05 23:18:31,43.3521270751953,-8.42679977416992,"Unknown"
"7014855",371852,2025-09-05 23:28:31,43.3520774841309,-8.42677402496338,"Unknown"
"7014855",371852,2025-09-05 23:38:31,43.3521003723145,-8.42670345306396,"Unknown"
"7014855",371852,2025-09-05 23:48:39,43.3518142700195,-8.42731380462646,"Unknown"
"7014855",371852,2025-09-05 23:58:39,43.3518867492676,-8.42690849304199,"Unknown"
"7014855",371852,2025-09-06 00:08:33,43.3525047302246,-8.42605209350586,"Unknown"
"7014855",371852,2025-09-06 00:18:34,43.3517646789551,-8.42622566223145,"Unknown"
"7014855",371852,2025-09-06 00:28:34,43.3516883850098,-8.42636489868164,"Unknown"
"7014855",371852,2025-09-06 00:38:34,43.3516654968262,-8.42631912231445,"Unknown"
"7014855",371852,2025-09-06 00:48:31,43.3534698486328,-8.42628192901611,"Unknown"
"7014855",371852,2025-09-06 00:58:31,43.3532676696777,-8.42628192901611,"Unknown"
"7014855",371852,2025-09-06 01:08:31,43.3529014587402,-8.42618274688721,"Unknown"
"7014855",371852,2025-09-06 01:18:31,43.3527526855469,-8.42616939544678,"Unknown"
"7014855",371852,2025-09-06 01:28:31,43.3526992797852,-8.42618370056152,"Unknown"
"7014855",371852,2025-09-06 01:38:31,43.3526763916016,-8.42615509033203,"Unknown"
"7014855",371852,2025-09-06 01:48:31,43.3526992797852,-8.42614841461182,"Unknown"
"7014855",371852,2025-09-06 01:58:31,43.3526611328125,-8.42615604400635,"Unknown"
"7014855",371852,2025-09-06 02:08:32,43.3523941040039,-8.42613983154297,"Unknown"
"7014855",371852,2025-09-06 02:18:36,43.3519630432129,-8.42603397369385,"Unknown"
"7014855",371852,2025-09-06 02:28:32,43.3518562316895,-8.42587757110596,"Unknown"
"7014855",371852,2025-09-06 02:38:32,43.3519096374512,-8.42571544647217,"Unknown"
"7014855",371852,2025-09-06 02:48:32,43.3519134521484,-8.42564010620117,"Unknown"
"7014855",371852,2025-09-06 02:58:31,43.3518486022949,-8.42535972595215,"Unknown"
"7014855",371852,2025-09-06 03:08:33,43.3515930175781,-8.42461109161377,"Unknown"
"7014855",371852,2025-09-06 03:18:33,43.3515968322754,-8.42423439025879,"Unknown"
"7014855",371852,2025-09-06 03:28:32,43.3515319824219,-8.42353534698486,"Unknown"
"7014855",371852,2025-09-06 03:38:33,43.3520660400391,-8.42537498474121,"Unknown"
"7014855",371852,2025-09-06 03:48:33,43.3519859313965,-8.42630386352539,"Unknown"
"7014855",371852,2025-09-06 03:58:32,43.3520812988281,-8.42609405517578,"Unknown"
"7014855",371852,2025-09-06 04:08:33,43.3522834777832,-8.42577648162842,"Unknown"
"7014855",371852,2025-09-06 04:18:33,43.3524017333984,-8.42576885223389,"Unknown"
"7014855",371852,2025-09-06 04:28:33,43.3508453369141,-8.42797946929932,"Unknown"
"7014855",371852,2025-09-06 04:38:37,43.3521156311035,-8.42630290985107,"Unknown"
"7014855",371852,2025-09-06 04:48:36,43.3520965576172,-8.4262752532959,"Unknown"
"7014855",371852,2025-09-06 04:58:34,43.3518257141113,-8.42642116546631,"Unknown"
"7014855",371852,2025-09-06 05:08:39,43.3518867492676,-8.42635917663574,"Unknown"
"7014855",371852,2025-09-06 05:18:33,43.3522987365723,-8.42565727233887,"Unknown"
"7014855",371852,2025-09-06 05:28:33,43.3521423339844,-8.42594242095947,"Unknown"
"7014855",371852,2025-09-06 05:38:33,43.3515167236328,-8.42637634277344,"Unknown"
"7014855",371852,2025-09-06 05:48:34,43.3515434265137,-8.42639350891113,"Unknown"
"7014855",371852,2025-09-06 05:58:33,43.3515815734863,-8.42600154876709,"Unknown"
"7014855",371852,2025-09-06 06:08:33,43.3516502380371,-8.42574882507324,"Unknown"
"7014855",371852,2025-09-06 06:18:32,43.3516387939453,-8.42575550079346,"Unknown"
"7014855",371852,2025-09-06 06:28:32,43.3516311645508,-8.42569446563721,"Unknown"
"7014855",371852,2025-09-06 06:38:33,43.3517036437988,-8.42563533782959,"Unknown"
"7014855",371852,2025-09-06 06:48:31,43.3516273498535,-8.42538833618164,"Unknown"
"7014855",371852,2025-09-06 06:58:32,43.3516235351562,-8.42541408538818,"Unknown"
"7014855",371852,2025-09-06 07:08:33,43.3517379760742,-8.42581558227539,"Unknown"
"7014855",371852,2025-09-06 07:18:34,43.3516883850098,-8.42573738098145,"Unknown"
"7014855",371852,2025-09-06 07:28:33,43.3520126342773,-8.4260082244873,"Unknown"
"7014855",371852,2025-09-06 07:38:35,43.3530158996582,-8.42672824859619,"Unknown"
"7014855",371852,2025-09-06 07:48:33,43.3520126342773,-8.42525005340576,"Unknown"
"7014855",371852,2025-09-06 07:58:33,43.3521003723145,-8.42514419555664,"Unknown"
"7014855",371852,2025-09-06 08:08:33,43.351978302002,-8.42556858062744,"Unknown"
"7014855",371852,2025-09-06 08:18:34,43.3519668579102,-8.42574024200439,"Unknown"
"7014855",371852,2025-09-06 08:28:32,43.3519554138184,-8.42595195770264,"Unknown"
"7014855",371852,2025-09-06 08:38:32,43.3516960144043,-8.42615795135498,"Unknown"
"7014855",371852,2025-09-06 08:48:32,43.3516693115234,-8.426194190979,"Unknown"
"7014855",371852,2025-09-06 08:58:32,43.3516426086426,-8.42622566223145,"Unknown"
"7014855",371852,2025-09-06 09:08:33,43.3516006469727,-8.42620182037354,"Unknown"
"7014855",371852,2025-09-06 09:18:32,43.3516578674316,-8.42623138427734,"Unknown"
"7014855",371852,2025-09-06 09:28:33,43.351676940918,-8.42629528045654,"Unknown"
"7014855",371852,2025-09-06 09:38:33,43.3518333435059,-8.42644309997559,"Unknown"
"7014855",371852,2025-09-06 09:48:33,43.351734161377,-8.42662906646729,"Unknown"
"7014855",371852,2025-09-06 09:58:34,43.3517265319824,-8.42596912384033,"Unknown"
"7014855",371852,2025-09-06 10:08:34,43.3510818481445,-8.42633819580078,"Unknown"
"7014855",371852,2025-09-06 10:18:35,43.3514595031738,-8.42607116699219,"Unknown"
"7014855",371852,2025-09-06 10:28:44,43.351863861084,-8.42636489868164,"Unknown"
"7014855",371852,2025-09-06 10:38:30,43.3520050048828,-8.42647743225098,"Unknown"
"7014855",371852,2025-09-06 10:48:44,43.3518943786621,-8.42641639709473,"Unknown"
"7014855",371852,2025-09-06 10:58:33,43.3519134521484,-8.42609405517578,"Unknown"
"7014855",371852,2025-09-06 11:08:31,43.3524169921875,-8.4274206161499,"Unknown"
"7014855",371852,2025-09-06 11:18:31,43.3522453308105,-8.42715263366699,"Unknown"
"7014855",371852,2025-09-06 11:28:31,43.3517875671387,-8.42735767364502,"Unknown"
"7014855",371852,2025-09-06 11:38:31,43.3521461486816,-8.42684364318848,"Unknown"
"7014855",371852,2025-09-06 11:48:38,43.3525733947754,-8.42620086669922,"Unknown"
"7014855",371852,2025-09-06 11:58:38,43.3526344299316,-8.42610836029053,"Unknown"
"7014855",371852,2025-09-06 12:08:43,43.3523826599121,-8.42608547210693,"Unknown"
"7014855",371852,2025-09-06 12:18:30,43.351921081543,-8.42626667022705,"Unknown"
"7014855",371852,2025-09-06 12:28:30,43.3520393371582,-8.42622470855713,"Unknown"
"7014855",371852,2025-09-06 12:38:31,43.3521499633789,-8.42614936828613,"Unknown"
"7014855",371852,2025-09-06 12:48:44,43.3521156311035,-8.42611598968506,"Unknown"
"7014855",371852,2025-09-06 12:58:31,43.3521308898926,-8.42613697052002,"Unknown"
"7014855",371852,2025-09-06 13:08:30,43.3521499633789,-8.42610454559326,"Unknown"
"7014855",371852,2025-09-06 13:18:30,43.3520126342773,-8.42620849609375,"Unknown"
"7014855",371852,2025-09-06 13:28:31,43.3519325256348,-8.42618942260742,"Unknown"
"7014855",371852,2025-09-06 13:38:31,43.3520927429199,-8.42617034912109,"Unknown"
"7014855",371852,2025-09-06 13:48:44,43.3519668579102,-8.42619895935059,"Unknown"
"7014855",371852,2025-09-06 13:58:30,43.3520469665527,-8.42615032196045,"Unknown"
"7014855",371852,2025-09-06 14:08:31,43.351921081543,-8.42618751525879,"Unknown"
"7014855",371852,2025-09-06 14:18:30,43.3520164489746,-8.42622852325439,"Unknown"
"7014855",371852,2025-09-06 14:28:30,43.3520393371582,-8.42612743377686,"Unknown"
"7014855",371852,2025-09-06 14:38:31,43.351978302002,-8.4262809753418,"Unknown"
"7014855",371852,2025-09-06 14:48:44,43.3519668579102,-8.42618656158447,"Unknown"
"7014855",371852,2025-09-06 14:58:31,43.3520355224609,-8.42623043060303,"Unknown"
"7014855",371852,2025-09-06 15:08:30,43.3519592285156,-8.42621803283691,"Unknown"
"7014855",371852,2025-09-06 15:18:31,43.3518943786621,-8.4261646270752,"Unknown"
"7014855",371852,2025-09-06 15:28:31,43.3520393371582,-8.42621326446533,"Unknown"
"7014855",371852,2025-09-06 15:38:31,43.3520698547363,-8.42602062225342,"Unknown"
"7014855",371852,2025-09-06 15:48:44,43.351921081543,-8.42607879638672,"Unknown"
"7014855",371852,2025-09-06 15:58:31,43.3513298034668,-8.42882251739502,"Unknown"
"7014855",371852,2025-09-06 16:08:32,43.3518981933594,-8.42634201049805,"Unknown"
"7014855",371852,2025-09-06 16:18:31,43.3519096374512,-8.4263162612915,"Unknown"
"7014855",371852,2025-09-06 16:28:36,43.3517990112305,-8.42682456970215,"Unknown"
"7014855",371852,2025-09-06 16:38:32,43.3517990112305,-8.42678737640381,"Unknown"
"7014855",371852,2025-09-06 16:48:44,43.351936340332,-8.42622089385986,"Unknown"
"7014855",371852,2025-09-06 16:58:30,43.351921081543,-8.42686939239502,"Unknown"
"7014855",371852,2025-09-06 17:08:30,43.3519821166992,-8.42705059051514,"Unknown"
"7014855",371852,2025-09-06 17:18:31,43.3520469665527,-8.42703247070312,"Unknown"
"7014855",371852,2025-09-06 17:28:31,43.3519439697266,-8.42639923095703,"Unknown"
"7014855",371852,2025-09-06 17:38:32,43.3519477844238,-8.42636108398438,"Unknown"
"7014855",371852,2025-09-06 17:48:44,43.3526802062988,-8.42676544189453,"Unknown"
"7014855",371852,2025-09-06 17:58:32,43.3523559570312,-8.4261531829834,"Unknown"
"7014855",371852,2025-09-06 18:08:34,43.3531532287598,-8.42639827728271,"Unknown"
"7014855",371852,2025-09-06 18:18:37,43.3526611328125,-8.42681789398193,"Unknown"
"7014855",371852,2025-09-06 18:28:42,43.3519973754883,-8.42623615264893,"Unknown"
"7014855",371852,2025-09-06 18:38:31,43.3520812988281,-8.42639255523682,"Unknown"
"7014855",371852,2025-09-06 18:48:44,43.3520584106445,-8.42630100250244,"Unknown"
"7014855",371852,2025-09-06 18:58:31,43.3520355224609,-8.4262523651123,"Unknown"
"7014855",371852,2025-09-06 19:08:31,43.3519668579102,-8.42612934112549,"Unknown"
"7014855",371852,2025-09-06 19:18:31,43.3519859313965,-8.4261589050293,"Unknown"
"7014855",371852,2025-09-06 19:28:32,43.3520164489746,-8.42624855041504,"Unknown"
"7014855",371852,2025-09-06 19:38:31,43.3520622253418,-8.42618656158447,"Unknown"
"7014855",371852,2025-09-06 19:48:44,43.3520584106445,-8.42603778839111,"Unknown"
"7014855",371852,2025-09-06 19:58:32,43.351806640625,-8.42605686187744,"Unknown"
"7014855",371852,2025-09-06 20:08:32,43.352123260498,-8.4262523651123,"Unknown"
"7014855",371852,2025-09-06 20:18:33,43.3524284362793,-8.42678642272949,"Unknown"
"7014855",371852,2025-09-06 20:28:32,43.351390838623,-8.42543029785156,"Unknown"
"7014855",371852,2025-09-06 20:38:31,43.3517189025879,-8.4257984161377,"Unknown"
"7014855",371852,2025-09-06 20:48:44,43.3518829345703,-8.42606067657471,"Unknown"
"7014855",371852,2025-09-06 20:58:32,43.3517112731934,-8.42583751678467,"Unknown"
"7014855",371852,2025-09-06 21:08:31,43.3518829345703,-8.42605972290039,"Unknown"
"7014855",371852,2025-09-06 21:18:31,43.351863861084,-8.42602729797363,"Unknown"
"7014855",371852,2025-09-06 21:28:31,43.3518562316895,-8.42604541778564,"Unknown"
"7014855",371852,2025-09-06 21:38:32,43.3518753051758,-8.42609596252441,"Unknown"
"7014855",371852,2025-09-06 21:49:05,43.3519744873047,-8.42618751525879,"Unknown"
"7014855",371852,2025-09-06 21:58:31,43.3520431518555,-8.42606925964355,"Unknown"
"7014855",371852,2025-09-06 22:08:31,43.3520851135254,-8.42607498168945,"Unknown"
"7014855",371852,2025-09-06 22:18:39,43.3520584106445,-8.42615127563477,"Unknown"
"7014855",371852,2025-09-06 22:28:33,43.3520812988281,-8.42593955993652,"Unknown"
"7014855",371852,2025-09-06 22:38:39,43.3521347045898,-8.42591094970703,"Unknown"
"7014855",371852,2025-09-06 22:48:44,43.3519248962402,-8.42616844177246,"Unknown"
"7014855",371852,2025-09-06 22:58:32,43.3519477844238,-8.4261302947998,"Unknown"
"7014855",371852,2025-09-06 23:08:32,43.351936340332,-8.42617130279541,"Unknown"
"7014855",371852,2025-09-06 23:18:31,43.3519821166992,-8.42614078521729,"Unknown"
"7014855",371852,2025-09-06 23:28:31,43.3519821166992,-8.42608261108398,"Unknown"
"7014855",371852,2025-09-06 23:38:32,43.3520126342773,-8.42611026763916,"Unknown"
"7014855",371852,2025-09-06 23:48:37,43.3517417907715,-8.42643165588379,"Unknown"
"7014855",371852,2025-09-06 23:58:40,43.3518867492676,-8.4261360168457,"Unknown"
"7014855",371852,2025-09-07 00:08:31,43.351993560791,-8.42607498168945,"Unknown"
"7014855",371852,2025-09-07 00:18:32,43.3519096374512,-8.42587184906006,"Unknown"
"7014855",371852,2025-09-07 00:28:31,43.3519287109375,-8.42571830749512,"Unknown"
"7014855",371852,2025-09-07 00:38:32,43.3520011901855,-8.42603015899658,"Unknown"
"7014855",371852,2025-09-07 00:48:46,43.3519630432129,-8.42598724365234,"Unknown"
"7014855",371852,2025-09-07 00:58:37,43.3518867492676,-8.42588043212891,"Unknown"
"7014855",371852,2025-09-07 01:08:34,43.3523101806641,-8.42667484283447,"Unknown"
"7014855",371852,2025-09-07 01:19:01,43.3520812988281,-8.4261360168457,"Unknown"
"7014855",371852,2025-09-07 01:28:31,43.3520965576172,-8.42612838745117,"Unknown"
"7014855",371852,2025-09-07 01:38:31,43.3519859313965,-8.42616271972656,"Unknown"
"7014855",371852,2025-09-07 01:48:32,43.3521194458008,-8.42607879638672,"Unknown"
"7014855",371852,2025-09-07 01:58:32,43.3520240783691,-8.42611694335938,"Unknown"
"7014855",371852,2025-09-07 02:08:32,43.3518981933594,-8.42615699768066,"Unknown"
"7014855",371852,2025-09-07 02:18:32,43.3519973754883,-8.42615127563477,"Unknown"
"7014855",371852,2025-09-07 02:28:32,43.3519668579102,-8.42615699768066,"Unknown"
"7014855",371852,2025-09-07 02:38:44,43.3519897460938,-8.42616844177246,"Unknown"
"7014855",371852,2025-09-07 02:48:31,43.3519477844238,-8.42618083953857,"Unknown"
"7014855",371852,2025-09-07 02:58:31,43.3520050048828,-8.42614364624023,"Unknown"
"7014855",371852,2025-09-07 03:08:31,43.3520050048828,-8.42614078521729,"Unknown"
"7014855",371852,2025-09-07 03:18:31,43.3520355224609,-8.42618751525879,"Unknown"
"7014855",371852,2025-09-07 03:28:32,43.3520469665527,-8.42622089385986,"Unknown"
"7014855",371852,2025-09-07 03:38:32,43.3520431518555,-8.42610359191895,"Unknown"
"7014855",371852,2025-09-07 03:48:32,43.3520393371582,-8.42616367340088,"Unknown"
"7014855",371852,2025-09-07 03:58:44,43.3518447875977,-8.42627429962158,"Unknown"
"7014855",371852,2025-09-07 04:08:31,43.3519439697266,-8.42622089385986,"Unknown"
"7014855",371852,2025-09-07 04:18:31,43.3520927429199,-8.42673587799072,"Unknown"
"7014855",371852,2025-09-07 04:28:31,43.3520317077637,-8.42646884918213,"Unknown"
"7014855",371852,2025-09-07 04:38:31,43.3519058227539,-8.42624568939209,"Unknown"
"7014855",371852,2025-09-07 04:48:42,43.3519973754883,-8.42621326446533,"Unknown"
"7014855",371852,2025-09-07 04:58:31,43.3519668579102,-8.42621231079102,"Unknown"
"7014855",371852,2025-09-07 05:08:39,43.3517646789551,-8.426100730896,"Unknown"
"7014855",371852,2025-09-07 05:18:32,43.3520355224609,-8.42633056640625,"Unknown"
"7014855",371852,2025-09-07 05:28:33,43.3520355224609,-8.42622470855713,"Unknown"
"7014855",371852,2025-09-07 05:38:33,43.3520889282227,-8.42630863189697,"Unknown"
"7014855",371852,2025-09-07 05:48:44,43.3520050048828,-8.42620944976807,"Unknown"
"7014855",371852,2025-09-07 05:58:32,43.3519248962402,-8.42611408233643,"Unknown"
"7014855",371852,2025-09-07 06:08:34,43.351978302002,-8.42614936828613,"Unknown"
"7014855",371852,2025-09-07 06:18:34,43.3518905639648,-8.42555904388428,"Unknown"
"7014855",371852,2025-09-07 06:28:33,43.3517875671387,-8.42592906951904,"Unknown"
"7014855",371852,2025-09-07 06:38:40,43.3520050048828,-8.42590713500977,"Unknown"
"7014855",371852,2025-09-07 06:48:33,43.3518447875977,-8.4266471862793,"Unknown"
"7014855",371852,2025-09-07 06:58:44,43.3520812988281,-8.42611122131348,"Unknown"
"7014855",371852,2025-09-07 07:08:32,43.3518714904785,-8.42703437805176,"Unknown"
"7014855",371852,2025-09-07 07:18:32,43.3518409729004,-8.42677211761475,"Unknown"
"7014855",371852,2025-09-07 07:28:39,43.3519248962402,-8.42625904083252,"Unknown"
"7014855",371852,2025-09-07 07:38:39,43.3520050048828,-8.42621231079102,"Unknown"
"7014855",371852,2025-09-07 07:49:05,43.3519401550293,-8.42621231079102,"Unknown"
"7014855",371852,2025-09-07 07:58:32,43.3519401550293,-8.42614269256592,"Unknown"
"7014855",371852,2025-09-07 08:08:31,43.3519859313965,-8.42616367340088,"Unknown"
"7014855",371852,2025-09-07 08:18:32,43.3519401550293,-8.42620086669922,"Unknown"
"7014855",371852,2025-09-07 08:28:32,43.3520126342773,-8.42619323730469,"Unknown"
"7014855",371852,2025-09-07 08:38:31,43.351978302002,-8.42621898651123,"Unknown"
"7014855",371852,2025-09-07 08:48:32,43.3519401550293,-8.42619800567627,"Unknown"
"7014855",371852,2025-09-07 08:58:32,43.351936340332,-8.42624664306641,"Unknown"
"7014855",371852,2025-09-07 09:08:32,43.3519287109375,-8.42622947692871,"Unknown"
"7014855",371852,2025-09-07 09:18:32,43.3519401550293,-8.42621421813965,"Unknown"
"7014855",371852,2025-09-07 09:28:32,43.351978302002,-8.42621612548828,"Unknown"
"7014855",371852,2025-09-07 09:38:32,43.3519897460938,-8.42621994018555,"Unknown"
"7014855",371852,2025-09-07 09:48:32,43.351993560791,-8.42624473571777,"Unknown"
"7014855",371852,2025-09-07 09:58:32,43.351879119873,-8.42618751525879,"Unknown"
"7014855",371852,2025-09-07 10:08:32,43.351936340332,-8.42613887786865,"Unknown"
"7014855",371852,2025-09-07 10:18:36,43.3518981933594,-8.42600631713867,"Unknown"
"7014855",371852,2025-09-07 10:28:34,43.351863861084,-8.42612838745117,"Unknown"
"7014855",371852,2025-09-07 10:38:34,43.3520088195801,-8.42631053924561,"Unknown"
"7014855",371852,2025-09-07 10:48:34,43.3520317077637,-8.4263391494751,"Unknown"
"7014855",371852,2025-09-07 10:58:34,43.35205078125,-8.42641735076904,"Unknown"
"7014855",371852,2025-09-07 11:08:36,43.3519706726074,-8.42627906799316,"Unknown"
"7014855",371852,2025-09-07 11:18:44,43.3519706726074,-8.42623519897461,"Unknown"
"7014855",371852,2025-09-07 11:28:32,43.3520164489746,-8.42619132995605,"Unknown"
"7014855",371852,2025-09-07 11:38:32,43.3518371582031,-8.42599105834961,"Unknown"
"7014855",371852,2025-09-07 11:48:42,43.3519401550293,-8.42618846893311,"Unknown"
"7014855",371852,2025-09-07 11:58:32,43.3519096374512,-8.42593002319336,"Unknown"
"7014855",371852,2025-09-07 12:08:32,43.3520469665527,-8.42611598968506,"Unknown"
"7014855",371852,2025-09-07 12:18:31,43.3520584106445,-8.42616271972656,"Unknown"
"7014855",371852,2025-09-07 12:28:32,43.3520622253418,-8.42610931396484,"Unknown"
"7014855",371852,2025-09-07 12:38:31,43.3520851135254,-8.42614459991455,"Unknown"
"7014855",371852,2025-09-07 12:49:05,43.3519592285156,-8.42618274688721,"Unknown"
"7014855",371852,2025-09-07 12:58:31,43.3520393371582,-8.42615795135498,"Unknown"
"7014855",371852,2025-09-07 13:08:31,43.3520431518555,-8.42620944976807,"Unknown"
"7014855",371852,2025-09-07 13:18:31,43.3519897460938,-8.42620658874512,"Unknown"
"7014855",371852,2025-09-07 13:28:31,43.3520202636719,-8.42619037628174,"Unknown"
"7014855",371852,2025-09-07 13:38:31,43.3520469665527,-8.42624282836914,"Unknown"
"7014855",371852,2025-09-07 13:48:32,43.3520469665527,-8.42671966552734,"Unknown"
"7014855",371852,2025-09-07 13:58:32,43.3520355224609,-8.42651176452637,"Unknown"
"7014855",371852,2025-09-07 14:08:32,43.3525199890137,-8.42797565460205,"Unknown"
"7014855",371852,2025-09-07 14:18:33,43.3520660400391,-8.42604923248291,"Unknown"
"7014855",371852,2025-09-07 14:28:32,43.3520355224609,-8.42598724365234,"Unknown"
"7014855",371852,2025-09-07 14:38:32,43.3520355224609,-8.42593193054199,"Unknown"
"7014855",371852,2025-09-07 14:48:32,43.3520050048828,-8.42599964141846,"Unknown"
"7014855",371852,2025-09-07 14:58:32,43.3519515991211,-8.42603206634521,"Unknown"
"7014855",371852,2025-09-07 15:08:32,43.3517799377441,-8.42599201202393,"Unknown"
"7014855",371852,2025-09-07 15:18:32,43.3518218994141,-8.4262580871582,"Unknown"
"7014855",371852,2025-09-07 15:28:32,43.3517837524414,-8.42611503601074,"Unknown"
"7014855",371852,2025-09-07 15:38:32,43.3519554138184,-8.42603302001953,"Unknown"
"7014855",371852,2025-09-07 15:48:32,43.3517265319824,-8.42608451843262,"Unknown"
"7014855",371852,2025-09-07 15:58:32,43.3516273498535,-8.42594242095947,"Unknown"
"7014855",371852,2025-09-07 16:08:32,43.3516159057617,-8.42598342895508,"Unknown"
"7014855",371852,2025-09-07 16:18:32,43.351619720459,-8.42605972290039,"Unknown"
"7014855",371852,2025-09-07 16:28:32,43.3514213562012,-8.42607498168945,"Unknown"
"7014855",371852,2025-09-07 16:38:32,43.3514404296875,-8.42609024047852,"Unknown"
"7014855",371852,2025-09-07 16:48:34,43.3513793945312,-8.42573738098145,"Unknown"
"7014855",371852,2025-09-07 16:58:33,43.3529396057129,-8.4249324798584,"Unknown"
"7014855",371852,2025-09-07 17:08:32,43.3523063659668,-8.42518329620361,"Unknown"
"7014855",371852,2025-09-07 17:18:33,43.3524780273438,-8.42550945281982,"Unknown"
"7014855",371852,2025-09-07 17:28:33,43.3523101806641,-8.42553806304932,"Unknown"
"7014855",371852,2025-09-07 17:38:32,43.3522415161133,-8.42564010620117,"Unknown"
"7014855",371852,2025-09-07 17:48:33,43.3521842956543,-8.42570877075195,"Unknown"
"7014855",371852,2025-09-07 17:58:33,43.3521919250488,-8.42575454711914,"Unknown"
"7014855",371852,2025-09-07 18:08:33,43.3520774841309,-8.4258451461792,"Unknown"
"7014855",371852,2025-09-07 18:18:33,43.3521614074707,-8.42587471008301,"Unknown"
"7014855",371852,2025-09-07 18:28:33,43.3520698547363,-8.42591571807861,"Unknown"
"7014855",371852,2025-09-07 18:38:34,43.3518981933594,-8.42588138580322,"Unknown"
"7014855",371852,2025-09-07 18:48:37,43.3518943786621,-8.4258975982666,"Unknown"
"7014855",371852,2025-09-07 18:58:39,43.3519401550293,-8.42593860626221,"Unknown"
"7014855",371852,2025-09-07 19:08:39,43.3520011901855,-8.42601299285889,"Unknown"
"7014855",371852,2025-09-07 19:18:34,43.3522529602051,-8.42626571655273,"Unknown"
"7014855",371852,2025-09-07 19:28:39,43.3537445068359,-8.42733764648438,"Unknown"
"7014855",371852,2025-09-07 19:38:41,43.3522911071777,-8.42642974853516,"Unknown"
"7014855",371852,2025-09-07 19:48:34,43.3525314331055,-8.42643547058105,"Unknown"
"7014855",371852,2025-09-07 19:58:33,43.3522491455078,-8.42635536193848,"Unknown"
"7014855",371852,2025-09-07 20:08:34,43.3519172668457,-8.42643737792969,"Unknown"
"7014855",371852,2025-09-07 20:18:33,43.3520927429199,-8.42616939544678,"Unknown"
"7014855",371852,2025-09-07 20:28:32,43.3522186279297,-8.42593765258789,"Unknown"
"7014855",371852,2025-09-07 20:39:05,43.3519554138184,-8.4262113571167,"Unknown"
"7014855",371852,2025-09-07 20:48:31,43.3520088195801,-8.42615985870361,"Unknown"
"7014855",371852,2025-09-07 20:58:31,43.3520088195801,-8.42614364624023,"Unknown"
"7014855",371852,2025-09-07 21:08:31,43.3519668579102,-8.42620468139648,"Unknown"
"7014855",371852,2025-09-07 21:18:31,43.3519859313965,-8.42619800567627,"Unknown"
"7014855",371852,2025-09-07 21:28:31,43.3520202636719,-8.42619705200195,"Unknown"
"7014855",371852,2025-09-07 21:38:32,43.3519134521484,-8.42613887786865,"Unknown"
"7014855",371852,2025-09-07 21:48:32,43.3519554138184,-8.4261474609375,"Unknown"
"7014855",371852,2025-09-07 21:58:32,43.3518905639648,-8.42611789703369,"Unknown"
"7014855",371852,2025-09-07 22:08:32,43.3518218994141,-8.42605304718018,"Unknown"
"7014855",371852,2025-09-07 22:18:32,43.3516044616699,-8.42587375640869,"Unknown"
"7014855",371852,2025-09-07 22:28:32,43.3512573242188,-8.42550086975098,"Unknown"
"7014855",371852,2025-09-07 22:38:33,43.3518981933594,-8.42623138427734,"Unknown"
"7014855",371852,2025-09-07 22:48:32,43.3520851135254,-8.42632961273193,"Unknown"
"7014855",371852,2025-09-07 22:58:32,43.3520774841309,-8.42630863189697,"Unknown"
"7014855",371852,2025-09-07 23:08:32,43.3520660400391,-8.4262638092041,"Unknown"
"7014855",371852,2025-09-07 23:18:32,43.3520927429199,-8.42621898651123,"Unknown"
"7014855",371852,2025-09-07 23:28:32,43.3520889282227,-8.42605113983154,"Unknown"
"7014855",371852,2025-09-07 23:38:32,43.3519859313965,-8.4261417388916,"Unknown"
"7014855",371852,2025-09-07 23:48:32,43.3520050048828,-8.42623901367188,"Unknown"
"7014855",371852,2025-09-07 23:58:32,43.3519287109375,-8.42619037628174,"Unknown"
"7014855",371852,2025-09-08 00:08:32,43.3518867492676,-8.42611408233643,"Unknown"
"7014855",371852,2025-09-08 00:18:32,43.3519859313965,-8.42624855041504,"Unknown"
"7014855",371852,2025-09-08 00:28:32,43.3520393371582,-8.42633724212646,"Unknown"
"7014855",371852,2025-09-08 00:38:32,43.3519096374512,-8.42609024047852,"Unknown"
"7014855",371852,2025-09-08 00:48:32,43.3522682189941,-8.42640686035156,"Unknown"
"7014855",371852,2025-09-08 00:58:32,43.3522491455078,-8.42633056640625,"Unknown"
"7014855",371852,2025-09-08 01:08:36,43.3523063659668,-8.42629623413086,"Unknown"
"7014855",371852,2025-09-08 01:18:32,43.3523445129395,-8.42625904083252,"Unknown"
"7014855",371852,2025-09-08 01:28:32,43.3523712158203,-8.4261417388916,"Unknown"
"7014855",371852,2025-09-08 01:38:32,43.3522300720215,-8.4260950088501,"Unknown"
"7014855",371852,2025-09-08 01:48:32,43.3524398803711,-8.42617607116699,"Unknown"
"7014855",371852,2025-09-08 01:58:32,43.3524627685547,-8.4261417388916,"Unknown"
"7014855",371852,2025-09-08 02:08:32,43.3523864746094,-8.42604160308838,"Unknown"
"7014855",371852,2025-09-08 02:18:32,43.3524780273438,-8.42600631713867,"Unknown"
"7014855",371852,2025-09-08 02:28:32,43.3524932861328,-8.42596435546875,"Unknown"
"7014855",371852,2025-09-08 02:38:32,43.3525390625,-8.42596054077148,"Unknown"
"7014855",371852,2025-09-08 02:48:32,43.352596282959,-8.42593955993652,"Unknown"
"7014855",371852,2025-09-08 02:58:32,43.3525505065918,-8.42601013183594,"Unknown"
"7014855",371852,2025-09-08 03:08:32,43.3523979187012,-8.42604446411133,"Unknown"
"7014855",371852,2025-09-08 03:18:32,43.3524513244629,-8.4260721206665,"Unknown"
"7014855",371852,2025-09-08 03:28:32,43.3526153564453,-8.42617797851562,"Unknown"
"7014855",371852,2025-09-08 03:39:05,43.3520393371582,-8.42613315582275,"Unknown"
"7014855",371852,2025-09-08 03:48:31,43.3519554138184,-8.42623424530029,"Unknown"
"7014855",371852,2025-09-08 03:58:31,43.3519630432129,-8.42619705200195,"Unknown"
"7014855",371852,2025-09-08 04:08:31,43.3519096374512,-8.4262228012085,"Unknown"
"7014855",371852,2025-09-08 04:18:31,43.3520355224609,-8.42637252807617,"Unknown"
"7014855",371852,2025-09-08 04:28:31,43.3519287109375,-8.42622375488281,"Unknown"
"7014855",371852,2025-09-08 04:38:31,43.3519744873047,-8.42624664306641,"Unknown"
"7014855",371852,2025-09-08 04:48:32,43.3520164489746,-8.42630100250244,"Unknown"
"7014855",371852,2025-09-08 04:58:32,43.3520126342773,-8.42731666564941,"Unknown"
"7014855",371852,2025-09-08 05:08:35,43.3519325256348,-8.42618465423584,"Unknown"
"7014855",371852,2025-09-08 05:18:32,43.3519897460938,-8.42589855194092,"Unknown"
"7014855",371852,2025-09-08 05:28:32,43.3519821166992,-8.4260311126709,"Unknown"
"7014855",371852,2025-09-08 05:38:32,43.351993560791,-8.42590999603271,"Unknown"
"7014855",371852,2025-09-08 05:48:32,43.3519897460938,-8.42590999603271,"Unknown"
"7014855",371852,2025-09-08 05:58:32,43.3520088195801,-8.42613315582275,"Unknown"
"7014855",371852,2025-09-08 06:08:32,43.3520355224609,-8.42589378356934,"Unknown"
"7014855",371852,2025-09-08 06:18:33,43.3520469665527,-8.42605018615723,"Unknown"
"7014855",371852,2025-09-08 06:28:32,43.3520545959473,-8.4259090423584,"Unknown"
"7014855",371852,2025-09-08 06:38:32,43.3520164489746,-8.42587852478027,"Unknown"
"7014855",371852,2025-09-08 06:48:32,43.35205078125,-8.42614364624023,"Unknown"
"7014855",371852,2025-09-08 06:58:33,43.3520622253418,-8.42612266540527,"Unknown"
"7014855",371852,2025-09-08 07:08:32,43.3521690368652,-8.42606830596924,"Unknown"
"7014855",371852,2025-09-08 07:18:37,43.3520698547363,-8.42618751525879,"Unknown"
"7014855",371852,2025-09-08 07:28:32,43.351936340332,-8.4263916015625,"Unknown"
"7014855",371852,2025-09-08 07:38:33,43.3520202636719,-8.42622375488281,"Unknown"
"7014855",371852,2025-09-08 07:48:32,43.3518447875977,-8.42646789550781,"Unknown"
"7014855",371852,2025-09-08 07:58:34,43.3520278930664,-8.42629432678223,"Unknown"
"7014855",371852,2025-09-08 08:08:34,43.35205078125,-8.42601299285889,"Unknown"
"7014855",371852,2025-09-08 08:18:34,43.3520431518555,-8.42608642578125,"Unknown"
"7014855",371852,2025-09-08 08:28:34,43.3519859313965,-8.42621326446533,"Unknown"
"7014855",371852,2025-09-08 08:38:34,43.3519401550293,-8.42612457275391,"Unknown"
"7014855",371852,2025-09-08 08:48:34,43.3519515991211,-8.42611598968506,"Unknown"
"7014855",371852,2025-09-08 08:58:36,43.3519668579102,-8.42611598968506,"Unknown"
"7014855",371852,2025-09-08 09:08:34,43.35205078125,-8.42635822296143,"Unknown"
"7014855",371852,2025-09-08 09:18:34,43.3519706726074,-8.4261417388916,"Unknown"
"7014855",371852,2025-09-08 09:28:34,43.3520431518555,-8.42629718780518,"Unknown"
"7014855",371852,2025-09-08 09:38:34,43.3520164489746,-8.42616844177246,"Unknown"
"7014855",371852,2025-09-08 09:48:34,43.351978302002,-8.42618751525879,"Unknown"
"7014855",371852,2025-09-08 09:58:34,43.3519744873047,-8.42616176605225,"Unknown"
"7014855",371852,2025-09-08 10:08:34,43.3517684936523,-8.42596244812012,"Unknown"
"7014855",371852,2025-09-08 10:18:34,43.3517570495605,-8.42591953277588,"Unknown"
"7014855",371852,2025-09-08 10:28:37,43.3518371582031,-8.42595481872559,"Unknown"
"7014855",371852,2025-09-08 10:38:40,43.351806640625,-8.42597389221191,"Unknown"
"7014855",371852,2025-09-08 10:48:33,43.3520393371582,-8.42611122131348,"Unknown"
"7014855",371852,2025-09-08 10:58:33,43.3520393371582,-8.42607021331787,"Unknown"
"7014855",371852,2025-09-08 11:08:33,43.3520393371582,-8.42617702484131,"Unknown"
"7014855",371852,2025-09-08 11:18:33,43.3521118164062,-8.42642211914062,"Unknown"
"7014855",371852,2025-09-08 11:28:33,43.352108001709,-8.42629909515381,"Unknown"
"7014855",371852,2025-09-08 11:38:34,43.3518562316895,-8.42599582672119,"Unknown"
"7014855",371852,2025-09-08 11:48:38,43.3521270751953,-8.42630100250244,"Unknown"
"7014855",371852,2025-09-08 11:58:34,43.3521499633789,-8.42640590667725,"Unknown"
"7014855",371852,2025-09-08 12:08:39,43.3517570495605,-8.42661476135254,"Unknown"
"7014855",371852,2025-09-08 12:18:39,43.3521728515625,-8.42628479003906,"Unknown"
"7014855",371852,2025-09-08 12:28:38,43.3521919250488,-8.42642307281494,"Unknown"
"7014855",371852,2025-09-08 12:38:39,43.3520812988281,-8.42642688751221,"Unknown"
"7014855",371852,2025-09-08 12:48:41,43.3519134521484,-8.42618656158447,"Unknown"
"7014855",371852,2025-09-08 12:58:33,43.3519477844238,-8.42614078521729,"Unknown"
"7014855",371852,2025-09-08 13:08:32,43.351936340332,-8.42609977722168,"Unknown"
"7014855",371852,2025-09-08 13:18:32,43.3519172668457,-8.42617511749268,"Unknown"
"7014855",371852,2025-09-08 13:28:33,43.3520278930664,-8.42633247375488,"Unknown"
"7014855",371852,2025-09-08 13:38:33,43.351863861084,-8.42632389068604,"Unknown"
"7014855",371852,2025-09-08 13:48:44,43.3518753051758,-8.4261646270752,"Unknown"
"7014855",371852,2025-09-08 13:58:33,43.3519096374512,-8.42614459991455,"Unknown"
"7014855",371852,2025-09-08 14:08:33,43.3519325256348,-8.42642688751221,"Unknown"
"7014855",371852,2025-09-08 14:18:34,43.3520812988281,-8.42626857757568,"Unknown"
"7014855",371852,2025-09-08 14:28:33,43.3527641296387,-8.42549800872803,"Unknown"
"7014855",371852,2025-09-08 14:38:33,43.3521385192871,-8.42624473571777,"Unknown"
"7014855",371852,2025-09-08 14:48:44,43.3523712158203,-8.42591094970703,"Unknown"
"7014855",371852,2025-09-08 14:58:34,43.3523788452148,-8.42580032348633,"Unknown"
"7014855",371852,2025-09-08 15:08:33,43.3522300720215,-8.4260196685791,"Unknown"
"7014855",371852,2025-09-08 15:18:43,43.3519821166992,-8.42616367340088,"Unknown"
"7014855",371852,2025-09-08 15:28:32,43.3519859313965,-8.42620468139648,"Unknown"
"7014855",371852,2025-09-08 15:38:33,43.3520469665527,-8.42604827880859,"Unknown"
"7014855",371852,2025-09-08 15:48:45,43.3520088195801,-8.42597961425781,"Unknown"
"7014855",371852,2025-09-08 15:58:33,43.3520202636719,-8.42538738250732,"Unknown"
"7014855",371852,2025-09-08 16:08:33,43.3520240783691,-8.42520332336426,"Unknown"
"7014855",371852,2025-09-08 16:18:39,43.351921081543,-8.425461769104,"Unknown"
"7014855",371852,2025-09-08 16:28:33,43.3523559570312,-8.42635631561279,"Unknown"
"7014855",371852,2025-09-08 16:38:37,43.3524627685547,-8.42811870574951,"Unknown"
"7014855",371852,2025-09-08 16:48:45,43.3523216247559,-8.42685031890869,"Unknown"
"7014855",371852,2025-09-08 16:58:41,43.352237701416,-8.4267406463623,"Unknown"
"7014855",371852,2025-09-08 17:08:46,43.3518104553223,-8.43154335021973,"Unknown"
"7014855",371852,2025-09-08 17:18:41,43.3520011901855,-8.43019580841064,"Unknown"
"7014855",371852,2025-09-08 17:28:37,43.3520889282227,-8.4289608001709,"Unknown"
"7014855",371852,2025-09-08 17:38:36,43.3521957397461,-8.42858028411865,"Unknown"
"7014855",371852,2025-09-08 17:48:40,43.3525276184082,-8.42920970916748,"Unknown"
"7014855",371852,2025-09-08 17:58:37,43.3519706726074,-8.42505741119385,"Unknown"
"7014855",371852,2025-09-08 18:08:39,43.3519096374512,-8.42594909667969,"Unknown"
"7014855",371852,2025-09-08 18:18:39,43.3519172668457,-8.42589950561523,"Unknown"
"7014855",371852,2025-09-08 18:28:39,43.3519096374512,-8.42618656158447,"Unknown"
"7014855",371852,2025-09-08 18:38:41,43.351921081543,-8.4260721206665,"Unknown"
"7014855",371852,2025-09-08 18:48:33,43.351921081543,-8.42621040344238,"Unknown"
"7014855",371852,2025-09-08 18:58:39,43.3519401550293,-8.42613124847412,"Unknown"
"7014855",371852,2025-09-08 19:08:38,43.3518905639648,-8.42617797851562,"Unknown"
"7014855",371852,2025-09-08 19:18:39,43.3518333435059,-8.42641639709473,"Unknown"
"7014855",371852,2025-09-08 19:28:39,43.3518981933594,-8.42642402648926,"Unknown"
"7014855",371852,2025-09-08 19:39:05,43.3519897460938,-8.42618083953857,"Unknown"
"7014855",371852,2025-09-08 19:48:32,43.3521003723145,-8.42620372772217,"Unknown"
"7014855",371852,2025-09-08 19:58:33,43.3520660400391,-8.42615127563477,"Unknown"
"7014855",371852,2025-09-08 20:08:33,43.3520355224609,-8.42621326446533,"Unknown"
"7014855",371852,2025-09-08 20:18:33,43.351879119873,-8.42611312866211,"Unknown"
"7014855",371852,2025-09-08 20:28:33,43.3517990112305,-8.42608261108398,"Unknown"
"7014855",371852,2025-09-08 20:38:33,43.35205078125,-8.42620658874512,"Unknown"
"7014855",371852,2025-09-08 20:48:33,43.3520889282227,-8.4262228012085,"Unknown"
"7014855",371852,2025-09-08 20:58:33,43.3520355224609,-8.42621231079102,"Unknown"
"7014855",371852,2025-09-08 21:08:33,43.3520584106445,-8.42623043060303,"Unknown"
"7014855",371852,2025-09-08 21:18:33,43.3520698547363,-8.42624759674072,"Unknown"
"7014855",371852,2025-09-08 21:28:34,43.3520240783691,-8.42623043060303,"Unknown"
"7014855",371852,2025-09-08 21:38:39,43.3520202636719,-8.42621803283691,"Unknown"
"7014855",371852,2025-09-08 21:48:34,43.3520469665527,-8.42621898651123,"Unknown"
"7014855",371852,2025-09-08 21:58:33,43.3519172668457,-8.42611408233643,"Unknown"
"7014855",371852,2025-09-08 22:08:39,43.3521308898926,-8.42631435394287,"Unknown"
"7014855",371852,2025-09-08 22:18:46,43.3522529602051,-8.42644309997559,"Unknown"
"7014855",371852,2025-09-08 22:28:34,43.3520011901855,-8.42620086669922,"Unknown"
"7014855",371852,2025-09-08 22:38:41,43.3519897460938,-8.42652606964111,"Unknown"
"7014855",371852,2025-09-08 22:48:39,43.3518371582031,-8.42623901367188,"Unknown"
"7014855",371852,2025-09-08 22:58:43,43.3520126342773,-8.42627334594727,"Unknown"
"7014855",371852,2025-09-08 23:08:33,43.3521461486816,-8.42619323730469,"Unknown"
"7014855",371852,2025-09-08 23:18:34,43.3521041870117,-8.42636775970459,"Unknown"
"7014855",371852,2025-09-08 23:28:37,43.3520393371582,-8.42645931243896,"Unknown"
"7014855",371852,2025-09-08 23:38:44,43.3521842956543,-8.42637538909912,"Unknown"
"7014855",371852,2025-09-08 23:48:39,43.3519134521484,-8.42649745941162,"Unknown"
"7014855",371852,2025-09-08 23:58:39,43.3518600463867,-8.42661380767822,"Unknown"
"7014855",371852,2025-09-09 00:09:02,43.3519744873047,-8.42615985870361,"Unknown"
"7014855",371852,2025-09-09 00:18:32,43.3519859313965,-8.42613124847412,"Unknown"
"7014855",371852,2025-09-09 00:28:32,43.3520011901855,-8.42615222930908,"Unknown"
"7014855",371852,2025-09-09 00:38:33,43.3520202636719,-8.42610454559326,"Unknown"
"7014855",371852,2025-09-09 00:48:36,43.3519248962402,-8.42613697052002,"Unknown"
"7014855",371852,2025-09-09 01:18:33,43.3520011901855,-8.42601585388184,"Unknown"
"7014855",371852,2025-09-09 01:48:34,43.351936340332,-8.42629337310791,"Unknown"
"7014855",371852,2025-09-09 02:18:34,43.3519897460938,-8.42615413665771,"Unknown"
"7014855",371852,2025-09-09 02:48:33,43.3519630432129,-8.42616844177246,"Unknown"
"7014855",371852,2025-09-09 03:18:44,43.351978302002,-8.42613124847412,"Unknown"
"7014855",371852,2025-09-09 03:48:58,43.3520126342773,-8.42621326446533,"Unknown"
"7014855",371852,2025-09-09 04:18:44,43.3520851135254,-8.42625617980957,"Unknown"
"7014855",371852,2025-09-09 04:48:44,43.3519515991211,-8.42607498168945,"Unknown"
"7014855",371852,2025-09-09 05:18:36,43.351978302002,-8.42619228363037,"Unknown"
"7014855",371852,2025-09-09 05:48:44,43.3518943786621,-8.42629623413086,"Unknown"
"7014855",371852,2025-09-09 06:18:39,43.3517951965332,-8.42671680450439,"Unknown"
"7014855",371852,2025-09-09 06:48:45,43.3518753051758,-8.42647933959961,"Unknown"
"7014855",371852,2025-09-09 07:18:38,43.3518295288086,-8.42626094818115,"Unknown"
"7014855",371852,2025-09-09 07:48:44,43.3519096374512,-8.42612266540527,"Unknown"
"7014855",371852,2025-09-09 08:18:46,43.3519401550293,-8.42623424530029,"Unknown"
"7014855",371852,2025-09-09 08:48:50,43.3527641296387,-8.42609596252441,"Unknown"
"7014855",371852,2025-09-09 09:18:38,43.3521194458008,-8.42608547210693,"Unknown"
"7014855",371852,2025-09-09 09:48:53,43.3517456054688,-8.42572975158691,"Unknown"
"7014855",371852,2025-09-09 10:19:05,43.3519821166992,-8.42619323730469,"Unknown"
"7014855",371852,2025-09-09 10:48:32,43.3520050048828,-8.42611598968506,"Unknown"
"7014855",371852,2025-09-09 11:18:32,43.3519554138184,-8.42613983154297,"Unknown"
"7014855",371852,2025-09-09 11:48:33,43.351978302002,-8.42616271972656,"Unknown"
"7014855",371852,2025-09-09 12:18:33,43.3519897460938,-8.42616653442383,"Unknown"
"7014855",371852,2025-09-09 12:48:38,43.3518943786621,-8.42608261108398,"Unknown"
"7014855",371852,2025-09-09 13:18:38,43.3522033691406,-8.42647838592529,"Unknown"
"7014855",371852,2025-09-09 13:48:33,43.3520393371582,-8.42645168304443,"Unknown"
"7014855",371852,2025-09-09 14:18:44,43.3521041870117,-8.42624855041504,"Unknown"
"7014855",371852,2025-09-09 14:48:59,43.3520736694336,-8.42619609832764,"Unknown"
"7014855",371852,2025-09-09 15:18:44,43.3520774841309,-8.42616653442383,"Unknown"
"7014855",371852,2025-09-09 15:49:05,43.3519744873047,-8.4261999130249,"Unknown"
"7014855",371852,2025-09-09 16:18:33,43.3519668579102,-8.42614841461182,"Unknown"
"7014855",371852,2025-09-09 16:48:33,43.3519744873047,-8.42625331878662,"Unknown"
"7014855",371852,2025-09-09 17:18:33,43.3519706726074,-8.42624664306641,"Unknown"
"7014855",371852,2025-09-09 17:49:05,43.3519630432129,-8.42617893218994,"Unknown"
"7014855",371852,2025-09-09 18:18:33,43.3520240783691,-8.42621231079102,"Unknown"
"7014855",371852,2025-09-09 18:48:33,43.351978302002,-8.42615222930908,"Unknown"
"7014855",371852,2025-09-09 19:18:38,43.3519821166992,-8.4261531829834,"Unknown"
"7014855",371852,2025-09-09 19:48:41,43.3519630432129,-8.42609024047852,"Unknown"
"7014855",371852,2025-09-09 20:18:50,43.3520698547363,-8.42625904083252,"Unknown"
"7014855",371852,2025-09-09 20:49:05,43.3519859313965,-8.42617321014404,"Unknown"
"7014855",371852,2025-09-09 21:18:33,43.3520164489746,-8.42617607116699,"Unknown"
"7014855",371852,2025-09-09 21:48:33,43.3519897460938,-8.42614459991455,"Unknown"
"7014855",371852,2025-09-09 22:18:41,43.3519248962402,-8.42618370056152,"Unknown"
"7014855",371852,2025-09-09 22:48:40,43.3520088195801,-8.42618942260742,"Unknown"
"7014855",371852,2025-09-09 23:18:39,43.3519668579102,-8.42618942260742,"Unknown"
"7014855",371852,2025-09-09 23:48:44,43.3519706726074,-8.42620849609375,"Unknown"
"7014855",371852,2025-09-10 00:18:33,43.3520469665527,-8.42630863189697,"Unknown"
"7014855",371852,2025-09-10 00:48:45,43.3520278930664,-8.42614364624023,"Unknown"
"7014855",371852,2025-09-10 01:19:04,43.3520240783691,-8.42613410949707,"Unknown"
"7014855",371852,2025-09-10 01:48:33,43.3520622253418,-8.42611885070801,"Unknown"
"7014855",371852,2025-09-10 02:18:33,43.3518714904785,-8.42611503601074,"Unknown"
"7014855",371852,2025-09-10 02:48:38,43.3519897460938,-8.4260835647583,"Unknown"
"7014855",371852,2025-09-10 03:18:45,43.3519096374512,-8.42609691619873,"Unknown"
"7014855",371852,2025-09-10 03:48:44,43.3518562316895,-8.42615222930908,"Unknown"
"7014855",371852,2025-09-10 04:18:42,43.3519515991211,-8.42624378204346,"Unknown"
"7014855",371852,2025-09-10 04:49:05,43.3519554138184,-8.42621898651123,"Unknown"
"7014855",371852,2025-09-10 05:18:34,43.351978302002,-8.4261531829834,"Unknown"
"7014855",371852,2025-09-10 05:48:34,43.3519859313965,-8.42618274688721,"Unknown"
"7014855",371852,2025-09-10 06:18:33,43.3518981933594,-8.42625045776367,"Unknown"
"7014855",371852,2025-09-10 06:48:44,43.3519668579102,-8.4261474609375,"Unknown"
"7014855",371852,2025-09-10 07:18:33,43.3518829345703,-8.42619228363037,"Unknown"
"7014855",371852,2025-09-10 07:48:44,43.3520584106445,-8.42607021331787,"Unknown"
"7014855",371852,2025-09-10 08:18:34,43.3520698547363,-8.42611217498779,"Unknown"
"7014855",371852,2025-09-10 08:48:45,43.3515892028809,-8.42588233947754,"Unknown"
"7014855",371852,2025-09-10 09:18:39,43.3517684936523,-8.42596626281738,"Unknown"
"7014855",371852,2025-09-10 09:48:51,43.3515930175781,-8.42568969726562,"Unknown"
"7014855",371852,2025-09-10 10:19:05,43.3519248962402,-8.42623805999756,"Unknown"
"7014855",371852,2025-09-10 10:48:34,43.351978302002,-8.4261531829834,"Unknown"
"7014855",371852,2025-09-10 11:18:34,43.3519515991211,-8.42621040344238,"Unknown"
"7014855",371852,2025-09-10 11:48:33,43.3519630432129,-8.42615604400635,"Unknown"
"7014855",371852,2025-09-10 12:18:33,43.3519859313965,-8.42613792419434,"Unknown"
"7014855",371852,2025-09-10 12:48:36,43.3520660400391,-8.42629146575928,"Unknown"
"7014855",371852,2025-09-10 13:18:38,43.3522186279297,-8.42655086517334,"Unknown"
"7014855",371852,2025-09-10 13:48:45,43.3521041870117,-8.42625331878662,"Unknown"
"7014855",371852,2025-09-10 14:18:34,43.3520736694336,-8.42632675170898,"Unknown"
"7014855",371852,2025-09-10 14:48:45,43.3519401550293,-8.42612457275391,"Unknown"
"7014855",371852,2025-09-10 15:19:05,43.3519630432129,-8.42627334594727,"Unknown"
"7014855",371852,2025-09-10 15:48:33,43.3519515991211,-8.42615699768066,"Unknown"
"7014855",371852,2025-09-10 16:18:35,43.3518905639648,-8.42609977722168,"Unknown"
"7014855",371852,2025-09-10 16:48:34,43.3521194458008,-8.42486953735352,"Unknown"
"7014855",371852,2025-09-10 17:18:34,43.3519630432129,-8.42573928833008,"Unknown"
"7014855",371852,2025-09-10 17:48:34,43.3519897460938,-8.42617416381836,"Unknown"
"7014855",371852,2025-09-10 18:18:43,43.3519630432129,-8.42615127563477,"Unknown"
"7014855",371852,2025-09-10 18:49:05,43.3519821166992,-8.42616271972656,"Unknown"
"7014855",371852,2025-09-10 19:18:33,43.3520660400391,-8.42619132995605,"Unknown"
"7014855",371852,2025-09-10 19:48:37,43.3520851135254,-8.42610549926758,"Unknown"
"7014855",371852,2025-09-10 20:18:34,43.3520126342773,-8.42613410949707,"Unknown"
"7014855",371852,2025-09-10 20:48:34,43.3519477844238,-8.4261589050293,"Unknown"
"7014855",371852,2025-09-10 21:18:33,43.352123260498,-8.42625904083252,"Unknown"
"7014855",371852,2025-09-10 21:48:45,43.3520126342773,-8.42623329162598,"Unknown"
"7014855",371852,2025-09-10 22:18:34,43.3518447875977,-8.42615413665771,"Unknown"
"7014855",371852,2025-09-10 22:49:05,43.3519439697266,-8.4262113571167,"Unknown"
"7014855",371852,2025-09-10 23:18:33,43.3519401550293,-8.42618179321289,"Unknown"
"7014855",371852,2025-09-10 23:48:33,43.3519515991211,-8.42617321014404,"Unknown"
"7014855",371852,2025-09-11 00:18:34,43.3519477844238,-8.42620754241943,"Unknown"
"7014855",371852,2025-09-11 00:48:44,43.3519744873047,-8.42618751525879,"Unknown"
"7014855",371852,2025-09-11 01:18:34,43.3520088195801,-8.42619228363037,"Unknown"
"7014855",371852,2025-09-11 01:48:44,43.3521385192871,-8.42679595947266,"Unknown"
"7014855",371852,2025-09-11 02:18:44,43.3520355224609,-8.42655563354492,"Unknown"
"7014855",371852,2025-09-11 02:48:44,43.3519630432129,-8.42635154724121,"Unknown"
"7014855",371852,2025-09-11 03:18:36,43.351863861084,-8.42620277404785,"Unknown"
"7014855",371852,2025-09-11 03:48:44,43.351863861084,-8.42605400085449,"Unknown"
"7014855",371852,2025-09-11 04:18:36,43.3520393371582,-8.42619132995605,"Unknown"
"7014855",371852,2025-09-11 04:48:45,43.3520965576172,-8.42621803283691,"Unknown"
"7014855",371852,2025-09-11 05:18:35,43.3520660400391,-8.42628479003906,"Unknown"
"7014855",371852,2025-09-11 05:49:05,43.3519973754883,-8.42619705200195,"Unknown"
"7014855",371852,2025-09-11 06:18:33,43.3520202636719,-8.42613697052002,"Unknown"
"7014855",371852,2025-09-11 06:48:33,43.3519897460938,-8.42619228363037,"Unknown"
"7014855",371852,2025-09-11 07:18:34,43.352123260498,-8.42615795135498,"Unknown"
"7014855",371852,2025-09-11 07:48:35,43.3518753051758,-8.42621326446533,"Unknown"
"7014855",371852,2025-09-11 08:18:44,43.3519439697266,-8.42621326446533,"Unknown"
"7014855",371852,2025-09-11 08:48:44,43.351978302002,-8.4263219833374,"Unknown"
"7014855",371852,2025-09-11 09:18:44,43.3517951965332,-8.42620849609375,"Unknown"
"7014855",371852,2025-09-11 09:49:05,43.3519439697266,-8.42620277404785,"Unknown"
"7014855",371852,2025-09-11 10:18:33,43.3519668579102,-8.42614269256592,"Unknown"
"7014855",371852,2025-09-11 10:48:33,43.3519515991211,-8.42619132995605,"Unknown"
"7014855",371852,2025-09-11 11:18:33,43.3519515991211,-8.42622375488281,"Unknown"
"7014855",371852,2025-09-11 11:48:33,43.351978302002,-8.42621803283691,"Unknown"
"7014855",371852,2025-09-11 12:18:34,43.3519439697266,-8.42615032196045,"Unknown"
"7014855",371852,2025-09-11 12:48:42,43.3519248962402,-8.42617988586426,"Unknown"
"7014855",371852,2025-09-11 13:19:01,43.3518753051758,-8.42629051208496,"Unknown"
"7014855",371852,2025-09-11 13:48:34,43.3520164489746,-8.42624282836914,"Unknown"
"7014855",371852,2025-09-11 14:19:05,43.3519248962402,-8.4262170791626,"Unknown"
"7014855",371852,2025-09-11 14:48:34,43.3519325256348,-8.42620182037354,"Unknown"
"7014855",371852,2025-09-11 15:18:34,43.3519248962402,-8.42619800567627,"Unknown"
"7014855",371852,2025-09-11 15:48:34,43.3520317077637,-8.42625999450684,"Unknown"
"7014855",371852,2025-09-11 16:18:42,43.351993560791,-8.42621994018555,"Unknown"
"7014855",371852,2025-09-11 16:49:05,43.3520240783691,-8.42612457275391,"Unknown"
"7014855",371852,2025-09-11 17:18:36,43.3518905639648,-8.42619228363037,"Unknown"
"7014855",371852,2025-09-11 17:48:34,43.3519439697266,-8.42620182037354,"Unknown"
"7014855",371852,2025-09-11 18:18:36,43.3519515991211,-8.4261474609375,"Unknown"
"7014855",371852,2025-09-11 18:48:44,43.3510551452637,-8.4271764755249,"Unknown"
"7014855",371852,2025-09-11 19:18:44,43.3520851135254,-8.42625999450684,"Unknown"
"7014855",371852,2025-09-11 19:48:45,43.3519325256348,-8.42617893218994,"Unknown"
"7014855",371852,2025-09-11 20:19:05,43.3519592285156,-8.42617797851562,"Unknown"
"7014855",371852,2025-09-11 20:48:34,43.3519630432129,-8.42617321014404,"Unknown"
"7014855",371852,2025-09-11 21:18:34,43.3520050048828,-8.42618656158447,"Unknown"
"7014855",371852,2025-09-11 21:49:05,43.3519821166992,-8.42619609832764,"Unknown"
"7014855",371852,2025-09-11 22:18:34,43.3520088195801,-8.42619895935059,"Unknown"
"7014855",371852,2025-09-11 22:48:34,43.3519554138184,-8.42608070373535,"Unknown"
"7014855",371852,2025-09-11 23:18:34,43.3520011901855,-8.42628002166748,"Unknown"
"7014855",371852,2025-09-11 23:48:34,43.3519477844238,-8.42617607116699,"Unknown"
"7014855",371852,2025-09-12 00:18:44,43.3519172668457,-8.42611312866211,"Unknown"
"7014855",371852,2025-09-12 00:49:05,43.3519668579102,-8.42615127563477,"Unknown"
"7014855",371852,2025-09-12 01:18:34,43.3521461486816,-8.42621231079102,"Unknown"
"7014855",371852,2025-09-12 01:48:36,43.3521347045898,-8.42617225646973,"Unknown"
"7014855",371852,2025-09-12 02:18:44,43.3520545959473,-8.42617416381836,"Unknown"
"7014855",371852,2025-09-12 02:49:02,43.3520011901855,-8.4261531829834,"Unknown"
"7014855",371852,2025-09-12 03:18:35,43.3519554138184,-8.4261646270752,"Unknown"
"7014855",371852,2025-09-12 03:48:36,43.3519020080566,-8.42619228363037,"Unknown"
"7014855",371852,2025-09-12 04:18:39,43.3519554138184,-8.42624092102051,"Unknown"
"7014855",371852,2025-09-12 04:49:05,43.3520050048828,-8.42617988586426,"Unknown"
"7014855",371852,2025-09-12 05:18:34,43.3519897460938,-8.42619132995605,"Unknown"
"7014855",371852,2025-09-12 05:48:34,43.3519973754883,-8.42620754241943,"Unknown"
"7014855",371852,2025-09-12 06:18:34,43.3519859313965,-8.42631816864014,"Unknown"
"7014855",371852,2025-09-12 06:48:34,43.3520851135254,-8.42613792419434,"Unknown"
"7014855",371852,2025-09-12 07:18:35,43.3523216247559,-8.42600154876709,"Unknown"
"7014855",371852,2025-09-12 07:49:05,43.3519744873047,-8.42614936828613,"Unknown"
"7014855",371852,2025-09-12 08:18:34,43.3518753051758,-8.4262580871582,"Unknown"
"7014855",371852,2025-09-12 08:48:34,43.351993560791,-8.42620658874512,"Unknown"
"7014855",371852,2025-09-12 09:18:42,43.3520355224609,-8.4262170791626,"Unknown"
"7014855",371852,2025-09-12 09:48:35,43.3515281677246,-8.42595291137695,"Unknown"
"7014855",371852,2025-09-12 10:19:05,43.3519821166992,-8.42620944976807,"Unknown"
"7014855",371852,2025-09-12 10:48:35,43.3520202636719,-8.42617702484131,"Unknown"
"7014855",371852,2025-09-12 11:19:05,43.3519973754883,-8.42619705200195,"Unknown"
"7014855",371852,2025-09-12 11:48:34,43.3519859313965,-8.42623901367188,"Unknown"
"7014855",371852,2025-09-12 12:18:34,43.3520355224609,-8.42621898651123,"Unknown"
"7014855",371852,2025-09-12 12:48:34,43.3520317077637,-8.42620658874512,"Unknown"
"7014855",371852,2025-09-12 13:18:35,43.3522338867188,-8.42656135559082,"Unknown"
"7014855",371852,2025-09-12 13:49:05,43.3520011901855,-8.42617225646973,"Unknown"
"7014855",371852,2025-09-12 14:18:34,43.3519477844238,-8.426194190979,"Unknown"
"7014855",371852,2025-09-12 14:48:34,43.3519859313965,-8.42616271972656,"Unknown"
"7014855",371852,2025-09-12 15:18:34,43.3518829345703,-8.42624187469482,"Unknown"
"7014855",371852,2025-09-12 15:48:34,43.3519401550293,-8.42619228363037,"Unknown"
"7014855",371852,2025-09-12 16:19:05,43.3519897460938,-8.42617797851562,"Unknown"
"7014855",371852,2025-09-12 16:48:34,43.3520011901855,-8.42612838745117,"Unknown"
"7014855",371852,2025-09-12 17:18:34,43.3519515991211,-8.42611789703369,"Unknown"
"7014855",371852,2025-09-12 17:48:36,43.3519744873047,-8.42613410949707,"Unknown"
"7014855",371852,2025-09-12 18:19:05,43.3519515991211,-8.42618656158447,"Unknown"
"7014855",371852,2025-09-12 18:48:34,43.3519554138184,-8.42612743377686,"Unknown"
"7014855",371852,2025-09-12 19:18:34,43.3520317077637,-8.42617416381836,"Unknown"
"7014855",371852,2025-09-12 19:48:40,43.3521156311035,-8.42611122131348,"Unknown"
"7014855",371852,2025-09-12 20:18:35,43.3519859313965,-8.42615985870361,"Unknown"
"7014855",371852,2025-09-12 20:48:35,43.352180480957,-8.42649269104004,"Unknown"
"7014855",371852,2025-09-12 21:18:36,43.3520393371582,-8.42625045776367,"Unknown"
"7014855",371852,2025-09-12 21:49:05,43.3519668579102,-8.42618179321289,"Unknown"
"7014855",371852,2025-09-12 22:18:35,43.3519706726074,-8.4261302947998,"Unknown"
"7014855",371852,2025-09-12 22:48:35,43.3519592285156,-8.42610168457031,"Unknown"
"7014855",371852,2025-09-12 23:18:35,43.3519401550293,-8.42598247528076,"Unknown"
"7014855",371852,2025-09-12 23:48:34,43.3519706726074,-8.42597579956055,"Unknown"
"7014855",371852,2025-09-13 00:19:05,43.3519134521484,-8.42614459991455,"Unknown"
"7014855",371852,2025-09-13 00:48:42,43.3519744873047,-8.42611980438232,"Unknown"
"7014855",371852,2025-09-13 01:18:44,43.3519515991211,-8.42607116699219,"Unknown"
"7014855",371852,2025-09-13 01:49:05,43.351993560791,-8.42615795135498,"Unknown"
"7014855",371852,2025-09-13 02:18:35,43.3517761230469,-8.42634010314941,"Unknown"
"7014855",371852,2025-09-13 02:48:34,43.3519401550293,-8.42619323730469,"Unknown"
"7014855",371852,2025-09-13 03:18:35,43.3518753051758,-8.42618942260742,"Unknown"
"7014855",371852,2025-09-13 03:48:36,43.3517532348633,-8.42611789703369,"Unknown"
"7014855",371852,2025-09-13 04:19:05,43.3520088195801,-8.42620277404785,"Unknown"
"7014855",371852,2025-09-13 04:48:35,43.3519554138184,-8.42630290985107,"Unknown"
"7014855",371852,2025-09-13 05:18:38,43.351993560791,-8.42627906799316,"Unknown"
"7014855",371852,2025-09-13 05:48:37,43.3521728515625,-8.42596244812012,"Unknown"
"7014855",371852,2025-09-13 06:19:05,43.3520584106445,-8.4260835647583,"Unknown"
"7014855",371852,2025-09-13 06:48:35,43.3519287109375,-8.42618942260742,"Unknown"
"7014855",371852,2025-09-13 07:18:37,43.352222442627,-8.42616653442383,"Unknown"
"7014855",371852,2025-09-13 07:48:37,43.3522186279297,-8.42603874206543,"Unknown"
"7014855",371852,2025-09-13 08:19:04,43.3519325256348,-8.42620182037354,"Unknown"
"7014855",371852,2025-09-13 08:48:35,43.351993560791,-8.4262170791626,"Unknown"
"7014855",371852,2025-09-13 09:18:35,43.3519706726074,-8.42620372772217,"Unknown"
"7014855",371852,2025-09-13 09:48:37,43.3515853881836,-8.42590808868408,"Unknown"
"7014855",371852,2025-09-13 10:19:05,43.3519477844238,-8.42619895935059,"Unknown"
"7014855",371852,2025-09-13 10:48:35,43.3519592285156,-8.42620658874512,"Unknown"
"7014855",371852,2025-09-13 11:18:35,43.352123260498,-8.42600536346436,"Unknown"
"7014855",371852,2025-09-13 11:48:35,43.3520393371582,-8.42635345458984,"Unknown"
"7014855",371852,2025-09-13 12:18:35,43.3519134521484,-8.42613697052002,"Unknown"
"7014855",371852,2025-09-13 12:49:05,43.3520011901855,-8.42619132995605,"Unknown"
"7014855",371852,2025-09-13 13:18:35,43.3520011901855,-8.42621803283691,"Unknown"
"7014855",371852,2025-09-13 13:48:35,43.351978302002,-8.42619705200195,"Unknown"
"7014855",371852,2025-09-13 14:18:35,43.3519592285156,-8.42616176605225,"Unknown"
"7014855",371852,2025-09-13 14:48:35,43.3519134521484,-8.42614364624023,"Unknown"
"7014855",371852,2025-09-13 15:19:05,43.3519287109375,-8.42617797851562,"Unknown"
"7014855",371852,2025-09-13 15:48:35,43.3519821166992,-8.42620372772217,"Unknown"
"7014855",371852,2025-09-13 16:18:37,43.3520088195801,-8.42624473571777,"Unknown"
"7014855",371852,2025-09-13 16:48:36,43.3520202636719,-8.42622566223145,"Unknown"
"7014855",371852,2025-09-13 17:18:35,43.3518447875977,-8.42874050140381,"Unknown"
"7014855",371852,2025-09-13 17:49:05,43.3519554138184,-8.42616271972656,"Unknown"
"7014855",371852,2025-09-13 18:18:35,43.3519897460938,-8.42614650726318,"Unknown"
"7014855",371852,2025-09-13 18:48:35,43.3519554138184,-8.42620086669922,"Unknown"
"7014855",371852,2025-09-13 19:18:47,43.3519248962402,-8.42622184753418,"Unknown"
"7014855",371852,2025-09-13 19:49:15,43.351993560791,-8.42613887786865,"Unknown"
"7014855",371852,2025-09-13 20:18:36,43.3519973754883,-8.42619132995605,"Unknown"
"7014855",371852,2025-09-13 20:49:05,43.3519668579102,-8.42616844177246,"Unknown"
"7014855",371852,2025-09-13 21:18:35,43.3520278930664,-8.42622375488281,"Unknown"
"7014855",371852,2025-09-13 21:48:48,43.3519821166992,-8.42617893218994,"Unknown"
"7014855",371852,2025-09-13 22:18:43,43.3520240783691,-8.42618083953857,"Unknown"
"7014855",371852,2025-09-13 22:49:05,43.3519744873047,-8.42615795135498,"Unknown"
"7014855",371852,2025-09-13 23:18:35,43.3519401550293,-8.42618942260742,"Unknown"
"7014855",371852,2025-09-13 23:48:35,43.3519172668457,-8.4261360168457,"Unknown"
"7014855",371852,2025-09-14 00:18:39,43.3518676757812,-8.426100730896,"Unknown"
"7014855",371852,2025-09-14 00:49:05,43.352180480957,-8.4263801574707,"Unknown"
"7014855",371852,2025-09-14 01:18:38,43.3514862060547,-8.42425060272217,"Unknown"
"7014855",371852,2025-09-14 01:49:05,43.3521499633789,-8.42629909515381,"Unknown"
"7014855",371852,2025-09-14 02:18:35,43.3519630432129,-8.42616558074951,"Unknown"
"7014855",371852,2025-09-14 02:48:35,43.3519821166992,-8.42622470855713,"Unknown"
"7014855",371852,2025-09-14 03:18:35,43.3520240783691,-8.4261999130249,"Unknown"
"7014855",371852,2025-09-14 03:48:35,43.3517799377441,-8.426025390625,"Unknown"
"7014855",371852,2025-09-14 04:19:05,43.3520088195801,-8.42620182037354,"Unknown"
"7014855",371852,2025-09-14 04:48:36,43.3519897460938,-8.42602348327637,"Unknown"
"7014855",371852,2025-09-14 05:18:35,43.3521194458008,-8.42599010467529,"Unknown"
"7014855",371852,2025-09-14 05:48:37,43.3522262573242,-8.42591381072998,"Unknown"
"7014855",371852,2025-09-14 06:19:05,43.3519859313965,-8.4262056350708,"Unknown"
"7014855",371852,2025-09-14 06:48:35,43.351978302002,-8.42623996734619,"Unknown"
"7014855",371852,2025-09-14 07:18:35,43.3520622253418,-8.42610454559326,"Unknown"
"7014855",371852,2025-09-14 07:48:35,43.3519706726074,-8.42611026763916,"Unknown"
"7014855",371852,2025-09-14 08:18:35,43.3519515991211,-8.42622375488281,"Unknown"
"7014855",371852,2025-09-14 08:48:35,43.3519744873047,-8.42620372772217,"Unknown"
"7014855",371852,2025-09-14 09:18:36,43.3520011901855,-8.42623710632324,"Unknown"
"7014855",371852,2025-09-14 09:49:05,43.3519401550293,-8.4261531829834,"Unknown"
"7014855",371852,2025-09-14 10:18:36,43.3520355224609,-8.42629051208496,"Unknown"
"7014855",371852,2025-09-14 10:48:48,43.3520088195801,-8.42624950408936,"Unknown"
"7014855",371852,2025-09-14 11:18:48,43.3519973754883,-8.42622852325439,"Unknown"
"7014855",371852,2025-09-14 11:48:48,43.3520050048828,-8.42629814147949,"Unknown"
"7014855",371852,2025-09-14 12:19:05,43.3519973754883,-8.4262170791626,"Unknown"
"7014855",371852,2025-09-14 12:48:35,43.3520812988281,-8.42629909515381,"Unknown"
"7014855",371852,2025-09-14 13:18:35,43.3520965576172,-8.42643260955811,"Unknown"
"7014855",371852,2025-09-14 13:48:49,43.3520355224609,-8.42624187469482,"Unknown"
"7014855",371852,2025-09-14 14:19:05,43.3519439697266,-8.42622756958008,"Unknown"
"7014855",371852,2025-09-14 14:48:35,43.3519325256348,-8.42612361907959,"Unknown"
"7014855",371852,2025-09-14 15:18:35,43.3519134521484,-8.42618465423584,"Unknown"
"7014855",371852,2025-09-14 15:48:35,43.3520774841309,-8.42627334594727,"Unknown"
"7014855",371852,2025-09-14 16:18:36,43.3519477844238,-8.42621231079102,"Unknown"
"7014855",371852,2025-09-14 16:48:36,43.351993560791,-8.42624187469482,"Unknown"
"7014855",371852,2025-09-14 17:19:05,43.351936340332,-8.42614078521729,"Unknown"
"7014855",371852,2025-09-14 17:48:35,43.3519668579102,-8.42619705200195,"Unknown"
"7014855",371852,2025-09-14 18:18:35,43.3519515991211,-8.42619323730469,"Unknown"
"7014855",371852,2025-09-14 18:48:35,43.3519325256348,-8.42618083953857,"Unknown"
"7014855",371852,2025-09-14 19:18:43,43.3519859313965,-8.42617702484131,"Unknown"
"7014855",371852,2025-09-14 19:49:05,43.3519859313965,-8.42614555358887,"Unknown"
"7014855",371852,2025-09-14 20:18:35,43.351978302002,-8.42616748809814,"Unknown"
"7014855",371852,2025-09-14 20:48:35,43.351978302002,-8.42620372772217,"Unknown"
"7014855",371852,2025-09-14 21:19:05,43.3519630432129,-8.42618942260742,"Unknown"
"7014855",371852,2025-09-14 21:48:35,43.3520393371582,-8.42626762390137,"Unknown"
"7014855",371852,2025-09-14 22:18:37,43.3521766662598,-8.42641258239746,"Unknown"
"7014855",371852,2025-09-14 22:48:49,43.3520965576172,-8.42593097686768,"Unknown"
"7014855",371852,2025-09-14 23:19:05,43.3519248962402,-8.42621994018555,"Unknown"
"7014855",371852,2025-09-14 23:48:35,43.3519859313965,-8.42600059509277,"Unknown"
"7014855",371852,2025-09-15 00:19:05,43.3519668579102,-8.42616271972656,"Unknown"
"7014855",371852,2025-09-15 00:49:05,43.351978302002,-8.42615127563477,"Unknown"
"7014855",371852,2025-09-15 01:18:39,43.3520317077637,-8.42616558074951,"Unknown"
"7014855",371852,2025-09-15 01:49:05,43.351993560791,-8.42617034912109,"Unknown"
"7014855",371852,2025-09-15 02:18:35,43.3519096374512,-8.42619132995605,"Unknown"
"7014855",371852,2025-09-15 02:48:36,43.3519058227539,-8.42625141143799,"Unknown"
"7014855",371852,2025-09-15 03:19:05,43.3519515991211,-8.42620086669922,"Unknown"
"7014855",371852,2025-09-15 03:48:36,43.3519973754883,-8.4262809753418,"Unknown"
"7014855",371852,2025-09-15 04:18:38,43.3520545959473,-8.42632007598877,"Unknown"
"7014855",371852,2025-09-15 04:48:50,43.3520355224609,-8.42628479003906,"Unknown"
"7014855",371852,2025-09-15 05:18:54,43.3520736694336,-8.426513671875,"Unknown"
"7014855",371852,2025-09-15 05:49:05,43.3520317077637,-8.42622375488281,"Unknown"
"7014855",371852,2025-09-15 06:18:36,43.3520774841309,-8.42629432678223,"Unknown"
"7014855",371852,2025-09-15 06:49:05,43.3519439697266,-8.4262228012085,"Unknown"
"7014855",371852,2025-09-15 07:18:36,43.3517570495605,-8.42614555358887,"Unknown"
"7014855",371852,2025-09-15 07:48:36,43.3518981933594,-8.42615222930908,"Unknown"
"7014855",371852,2025-09-15 08:18:44,43.3519554138184,-8.42622566223145,"Unknown"
"7014855",371852,2025-09-15 08:49:05,43.3519706726074,-8.42618465423584,"Unknown"
"7014855",371852,2025-09-15 09:18:36,43.3519592285156,-8.42615413665771,"Unknown"
"7014855",371852,2025-09-15 09:48:36,43.3518600463867,-8.4260835647583,"Unknown"
"7014855",371852,2025-09-15 10:19:05,43.3519630432129,-8.42617607116699,"Unknown"
"7014855",371852,2025-09-15 10:48:36,43.3519020080566,-8.42601585388184,"Unknown"
"7014855",371852,2025-09-15 11:18:36,43.3520278930664,-8.42617797851562,"Unknown"
"7014855",371852,2025-09-15 11:48:36,43.351993560791,-8.42616939544678,"Unknown"
"7014855",371852,2025-09-15 12:19:05,43.3520622253418,-8.42623996734619,"Unknown"
"7014855",371852,2025-09-15 12:48:36,43.3520278930664,-8.42624378204346,"Unknown"
"7014855",371852,2025-09-15 13:18:37,43.3520050048828,-8.42623519897461,"Unknown"
"7014855",371852,2025-09-15 13:48:37,43.3519668579102,-8.42618751525879,"Unknown"
"7014855",371852,2025-09-15 14:18:37,43.3520050048828,-8.42612552642822,"Unknown"
"7014855",371852,2025-09-15 14:48:37,43.351993560791,-8.42654800415039,"Unknown"
"7014855",371852,2025-09-15 15:19:05,43.351921081543,-8.42613410949707,"Unknown"
"7014855",371852,2025-09-15 15:48:36,43.3520812988281,-8.42627239227295,"Unknown"
"7014855",371852,2025-09-15 16:18:39,43.3523635864258,-8.42719745635986,"Unknown"
"7014855",371852,2025-09-15 16:49:05,43.3519096374512,-8.42620754241943,"Unknown"
"7014855",371852,2025-09-15 17:18:36,43.3519134521484,-8.42619228363037,"Unknown"
"7014855",371852,2025-09-15 17:48:49,43.3519477844238,-8.42617702484131,"Unknown"
"7014855",371852,2025-09-15 18:19:05,43.3519592285156,-8.42611980438232,"Unknown"
"7014855",371852,2025-09-15 18:48:36,43.3519668579102,-8.4261417388916,"Unknown"
"7014855",371852,2025-09-15 19:18:41,43.3519630432129,-8.42633152008057,"Unknown"
"7014855",371852,2025-09-15 19:48:57,43.3522987365723,-8.42624759674072,"Unknown"
"7014855",371852,2025-09-15 20:19:05,43.3519439697266,-8.42609596252441,"Unknown"
"7014855",371852,2025-09-15 20:48:36,43.3519897460938,-8.42621326446533,"Unknown"
"7014855",371852,2025-09-15 21:19:05,43.3519973754883,-8.42619609832764,"Unknown"
"7014855",371852,2025-09-15 21:48:36,43.3519859313965,-8.42619228363037,"Unknown"
"7014855",371852,2025-09-15 22:18:38,43.3519973754883,-8.42606735229492,"Unknown"
"7014855",371852,2025-09-15 22:49:05,43.3519744873047,-8.42612457275391,"Unknown"
"7014855",371852,2025-09-15 23:18:36,43.3519592285156,-8.42619132995605,"Unknown"
"7014855",371852,2025-09-15 23:48:36,43.3519554138184,-8.42606163024902,"Unknown"
"7014855",371852,2025-09-16 00:19:14,43.3519706726074,-8.42618942260742,"Unknown"
"7014855",371852,2025-09-16 00:49:05,43.3519554138184,-8.42617416381836,"Unknown"
"7014855",371852,2025-09-16 01:18:37,43.3520584106445,-8.42610836029053,"Unknown"
"7014855",371852,2025-09-16 01:48:36,43.3520393371582,-8.42615604400635,"Unknown"
"7014855",371852,2025-09-16 02:19:05,43.3520355224609,-8.42612743377686,"Unknown"
"7014855",371852,2025-09-16 02:48:36,43.3519897460938,-8.42611312866211,"Unknown"
"7014855",371852,2025-09-16 03:19:03,43.3519630432129,-8.42617416381836,"Unknown"
"7014855",371852,2025-09-16 03:48:36,43.3519592285156,-8.42621803283691,"Unknown"
"7014855",371852,2025-09-16 04:18:36,43.35205078125,-8.42620182037354,"Unknown"
"7014855",371852,2025-09-16 04:48:37,43.3523330688477,-8.42618370056152,"Unknown"
"7014855",371852,2025-09-16 05:18:36,43.3521575927734,-8.4262580871582,"Unknown"
"7014855",371852,2025-09-16 05:48:49,43.3520965576172,-8.42609786987305,"Unknown"
"7014855",371852,2025-09-16 06:19:05,43.3519744873047,-8.42618560791016,"Unknown"
"7014855",371852,2025-09-16 06:48:37,43.351993560791,-8.42621040344238,"Unknown"
"7014855",371852,2025-09-16 07:18:38,43.3518524169922,-8.42627334594727,"Unknown"
"7014855",371852,2025-09-16 07:48:46,43.3519096374512,-8.42624378204346,"Unknown"
"7014855",371852,2025-09-16 08:19:06,43.3519592285156,-8.42618370056152,"Unknown"
"7014855",371852,2025-09-16 08:48:37,43.3519477844238,-8.42620372772217,"Unknown"
"7014855",371852,2025-09-16 09:18:37,43.3519325256348,-8.42614936828613,"Unknown"
"7014855",371852,2025-09-16 09:49:03,43.3518981933594,-8.42603015899658,"Unknown"
"7014855",371852,2025-09-16 10:18:40,43.3520164489746,-8.42623996734619,"Unknown"
"7014855",371852,2025-09-16 10:49:02,43.3519897460938,-8.42617511749268,"Unknown"
"7014855",371852,2025-09-16 11:18:37,43.3519897460938,-8.42616176605225,"Unknown"
"7014855",371852,2025-09-16 11:48:37,43.3520011901855,-8.42618370056152,"Unknown"
"7014855",371852,2025-09-16 12:18:37,43.3520240783691,-8.42619132995605,"Unknown"
"7014855",371852,2025-09-16 12:49:05,43.3519897460938,-8.42619895935059,"Unknown"
"7014855",371852,2025-09-16 13:18:37,43.3520126342773,-8.42616653442383,"Unknown"
"7014855",371852,2025-09-16 13:48:37,43.3519630432129,-8.42615985870361,"Unknown"
"7014855",371852,2025-09-16 14:18:37,43.351921081543,-8.42635440826416,"Unknown"
"7014855",371852,2025-09-16 14:48:41,43.3519668579102,-8.42628288269043,"Unknown"
"7014855",371852,2025-09-16 15:19:05,43.3519401550293,-8.4261360168457,"Unknown"
"7014855",371852,2025-09-16 15:48:37,43.3520240783691,-8.42624092102051,"Unknown"
"7014855",371852,2025-09-16 16:18:37,43.351993560791,-8.42623424530029,"Unknown"
"7014855",371852,2025-09-16 16:48:41,43.3518714904785,-8.42645263671875,"Unknown"
"7014855",371852,2025-09-16 17:19:05,43.3519592285156,-8.42614555358887,"Unknown"
"7014855",371852,2025-09-16 17:48:37,43.3518943786621,-8.42609214782715,"Unknown"
"7014855",371852,2025-09-16 18:19:05,43.3518562316895,-8.42603015899658,"Unknown"
"7014855",371852,2025-09-16 18:48:37,43.3519897460938,-8.42616271972656,"Unknown"
"7014855",371852,2025-09-16 19:18:49,43.3520851135254,-8.42610263824463,"Unknown"
"7014855",371852,2025-09-16 19:49:05,43.3519668579102,-8.42613697052002,"Unknown"
"7014855",371852,2025-09-16 20:18:37,43.3519515991211,-8.42612648010254,"Unknown"
"7014855",371852,2025-09-16 20:48:37,43.3519821166992,-8.42615127563477,"Unknown"
"7014855",371852,2025-09-16 21:18:37,43.3519706726074,-8.42616271972656,"Unknown"
"7014855",371852,2025-09-16 21:48:37,43.3517913818359,-8.42603015899658,"Unknown"
"7014855",371852,2025-09-16 22:19:05,43.3519439697266,-8.42612552642822,"Unknown"
"7014855",371852,2025-09-16 22:48:37,43.3519897460938,-8.42615699768066,"Unknown"
"7014855",371852,2025-09-16 23:18:37,43.3520011901855,-8.42594528198242,"Unknown"
"7014855",371852,2025-09-16 23:49:05,43.3518447875977,-8.42609882354736,"Unknown"
"7014855",371852,2025-09-17 00:19:05,43.3519897460938,-8.42623043060303,"Unknown"
"7014855",371852,2025-09-17 00:48:37,43.3520164489746,-8.42621231079102,"Unknown"
"7014855",371852,2025-09-17 01:18:38,43.3520050048828,-8.42612648010254,"Unknown"
"7014855",371852,2025-09-17 01:48:37,43.3519973754883,-8.42612361907959,"Unknown"
"7014855",371852,2025-09-17 02:18:37,43.3520393371582,-8.42612552642822,"Unknown"
"7014855",371852,2025-09-17 02:49:05,43.3519401550293,-8.42618083953857,"Unknown"
"7014855",371852,2025-09-17 03:18:38,43.352222442627,-8.42640018463135,"Unknown"
"7014855",371852,2025-09-17 03:48:37,43.3519897460938,-8.42638206481934,"Unknown"
"7014855",371852,2025-09-17 04:18:39,43.3519554138184,-8.42670154571533,"Unknown"
"7014855",371852,2025-09-17 04:48:48,43.3519744873047,-8.42620182037354,"Unknown"
"7014855",371852,2025-09-17 05:18:40,43.3519096374512,-8.42523574829102,"Unknown"
"7014855",371852,2025-09-17 05:49:05,43.351936340332,-8.42618179321289,"Unknown"
"7014855",371852,2025-09-17 06:18:37,43.3519020080566,-8.42618942260742,"Unknown"
"7014855",371852,2025-09-17 06:48:38,43.3520126342773,-8.42624950408936,"Unknown"
"7014855",371852,2025-09-17 07:19:05,43.3519744873047,-8.42620086669922,"Unknown"
"7014855",371852,2025-09-17 07:48:37,43.3520126342773,-8.4262170791626,"Unknown"
"7014855",371852,2025-09-17 08:19:05,43.351993560791,-8.42623519897461,"Unknown"
"7014855",371852,2025-09-17 08:48:37,43.351936340332,-8.42620849609375,"Unknown"
"7014855",371852,2025-09-17 09:18:37,43.3519592285156,-8.4261999130249,"Unknown"
"7014855",371852,2025-09-17 09:49:04,43.351978302002,-8.42620944976807,"Unknown"
"7014855",371852,2025-09-17 10:18:40,43.3519172668457,-8.42611885070801,"Unknown"
"7014855",371852,2025-09-17 10:49:05,43.3520202636719,-8.42597103118896,"Unknown"
"7014855",371852,2025-09-17 11:18:38,43.3520851135254,-8.42634201049805,"Unknown"
"7014855",371852,2025-09-17 11:48:38,43.3520545959473,-8.42613887786865,"Unknown"
"7014855",371852,2025-09-17 12:19:05,43.351993560791,-8.42622566223145,"Unknown"
"7014855",371852,2025-09-17 12:48:38,43.3519630432129,-8.4262228012085,"Unknown"
"7014855",371852,2025-09-17 13:18:38,43.3519020080566,-8.42618751525879,"Unknown"
"7014855",371852,2025-09-17 13:48:38,43.3519096374512,-8.42616271972656,"Unknown"
"7014855",371852,2025-09-17 14:18:49,43.3519058227539,-8.42604637145996,"Unknown"
"7014855",371852,2025-09-17 14:49:05,43.3519630432129,-8.42614936828613,"Unknown"
"7014855",371852,2025-09-17 15:18:38,43.3519058227539,-8.42606353759766,"Unknown"
"7014855",371852,2025-09-17 15:48:38,43.3519630432129,-8.42617797851562,"Unknown"
"7014855",371852,2025-09-17 16:18:39,43.3519058227539,-8.42618179321289,"Unknown"
"7014855",371852,2025-09-17 16:48:41,43.3519248962402,-8.42647838592529,"Unknown"
"7014855",371852,2025-09-17 17:19:05,43.3519401550293,-8.42612743377686,"Unknown"
"7014855",371852,2025-09-17 17:48:38,43.351921081543,-8.42613124847412,"Unknown"
"7014855",371852,2025-09-17 18:18:40,43.351993560791,-8.42617607116699,"Unknown"
"7014855",371852,2025-09-17 18:48:59,43.3519859313965,-8.42618465423584,"Unknown"
"7014855",371852,2025-09-17 19:19:05,43.3519515991211,-8.42612743377686,"Unknown"
"7014855",371852,2025-09-17 19:48:38,43.3519172668457,-8.42610549926758,"Unknown"
"7014855",371852,2025-09-17 20:18:38,43.3518524169922,-8.42608833312988,"Unknown"
"7014855",371852,2025-09-17 20:49:05,43.351936340332,-8.4261302947998,"Unknown"
"7014855",371852,2025-09-17 22:49:05,43.3519554138184,-8.42617416381836,"Unknown"
"7014855",371852,2025-09-18 00:49:14,43.3520011901855,-8.42610549926758,"Unknown"
"7014855",371852,2025-09-18 02:49:05,43.3520050048828,-8.42620944976807,"Unknown"
"7014855",371852,2025-09-18 04:48:40,43.3519630432129,-8.42536354064941,"Unknown"
"7014855",371852,2025-09-18 06:49:05,43.3519630432129,-8.42620468139648,"Unknown"
"7014855",371852,2025-09-18 08:49:05,43.3519477844238,-8.42617321014404,"Unknown"
"7014855",371852,2025-09-18 10:48:38,43.351978302002,-8.42618465423584,"Unknown"
"7014855",371852,2025-09-18 12:49:06,43.351993560791,-8.42622566223145,"Unknown"
"7014855",371852,2025-09-18 14:48:40,43.3521194458008,-8.42687511444092,"Unknown"
"7014855",371852,2025-09-18 16:49:05,43.3519325256348,-8.42615699768066,"Unknown"
"7014855",371852,2025-09-18 18:49:05,43.3520088195801,-8.42612743377686,"Unknown"
"7014855",371852,2025-09-18 20:49:05,43.3519668579102,-8.42621231079102,"Unknown"
"7014855",371852,2025-09-18 22:48:48,43.351993560791,-8.42623901367188,"Unknown"
"7014855",371852,2025-09-19 00:49:05,43.3520088195801,-8.42615699768066,"Unknown"
"7014855",371852,2025-09-19 02:48:41,43.3520088195801,-8.42620182037354,"Unknown"
"7014855",371852,2025-09-19 04:48:43,43.351921081543,-8.42589092254639,"Unknown"
"7014855",371852,2025-09-19 06:48:58,43.3518676757812,-8.42609405517578,"Unknown"
"7014855",371852,2025-09-19 08:48:42,43.3520164489746,-8.42620944976807,"Unknown"
"7014855",371852,2025-09-19 10:49:05,43.3521041870117,-8.42617511749268,"Unknown"
"7014855",371852,2025-09-19 12:48:40,43.3522300720215,-8.42651748657227,"Unknown"
"7014855",371852,2025-09-19 14:48:43,43.3521766662598,-8.42643928527832,"Unknown"
"7014855",371852,2025-09-19 16:48:42,43.3522796630859,-8.42594146728516,"Unknown"
"7014855",371852,2025-09-19 18:48:44,43.3518562316895,-8.42639064788818,"Unknown"
"7014855",371852,2025-09-19 20:48:43,43.3519859313965,-8.42635154724121,"Unknown"
"7014855",371852,2025-09-19 22:48:43,43.3521385192871,-8.42643928527832,"Unknown"
"7014855",371852,2025-09-20 00:48:42,43.3523483276367,-8.42616653442383,"Unknown"
"7014855",371852,2025-09-20 02:48:51,43.3523025512695,-8.42585182189941,"Unknown"
"7014855",371852,2025-09-20 04:48:46,43.3521347045898,-8.42546367645264,"Unknown"
"7014855",371852,2025-09-20 06:48:54,43.3516006469727,-8.42542839050293,"Unknown"
"7014855",371852,2025-09-20 08:48:48,43.350513458252,-8.42980480194092,"Unknown"
"7014855",371852,2025-09-20 10:48:43,43.3524513244629,-8.42576789855957,"Unknown"
"7014855",371852,2025-09-20 12:48:42,43.3521003723145,-8.42632293701172,"Unknown"
"7014855",371852,2025-09-20 14:49:04,43.3521423339844,-8.42617321014404,"Unknown"
"7014855",371852,2025-09-20 16:48:41,43.3518829345703,-8.42674160003662,"Unknown"
"7014855",371852,2025-09-20 18:49:06,43.3519172668457,-8.42619037628174,"Unknown"
"7014855",371852,2025-09-20 20:49:04,43.3519973754883,-8.4261646270752,"Unknown"
"7014855",371852,2025-09-20 22:48:48,43.3520545959473,-8.42642688751221,"Unknown"
"7014855",371852,2025-09-21 00:49:05,43.3520126342773,-8.42613792419434,"Unknown"
"7014855",371852,2025-09-21 02:48:40,43.3520050048828,-8.42618560791016,"Unknown"
"7014855",371852,2025-09-21 04:48:44,43.3520050048828,-8.42605209350586,"Unknown"
"7014855",371852,2025-09-21 06:49:05,43.3519554138184,-8.42617034912109,"Unknown"
"7014855",371852,2025-09-21 08:48:41,43.3520011901855,-8.42624282836914,"Unknown"
"7014855",371852,2025-09-21 10:48:49,43.3518218994141,-8.42624282836914,"Unknown"
"7014855",371852,2025-09-21 12:48:44,43.3520317077637,-8.42680931091309,"Unknown"
"7014855",371852,2025-09-21 14:48:44,43.3519706726074,-8.42633533477783,"Unknown"
"7014855",371852,2025-09-21 16:48:43,43.3521728515625,-8.42622947692871,"Unknown"
"7014855",371852,2025-09-21 18:49:05,43.3520126342773,-8.42614555358887,"Unknown"
"7014855",371852,2025-09-21 20:48:44,43.3520164489746,-8.42638874053955,"Unknown"
"7014855",371852,2025-09-21 22:48:53,43.351936340332,-8.42621994018555,"Unknown"
"7014855",371852,2025-09-22 00:49:05,43.3520011901855,-8.42612075805664,"Unknown"
"7014855",371852,2025-09-22 02:48:42,43.3520202636719,-8.42622756958008,"Unknown"
"7014855",371852,2025-09-22 04:48:42,43.3520736694336,-8.42591953277588,"Unknown"
"7014855",371852,2025-09-22 06:49:05,43.351936340332,-8.42617797851562,"Unknown"
"7014855",371852,2025-09-22 08:48:41,43.3518981933594,-8.42617416381836,"Unknown"
"7014855",371852,2025-09-22 10:49:05,43.3519973754883,-8.42623329162598,"Unknown"
"7014855",371852,2025-09-22 12:48:42,43.3519515991211,-8.42628765106201,"Unknown"
"7014855",371852,2025-09-22 14:49:01,43.3519401550293,-8.42615604400635,"Unknown"
"7014855",371852,2025-09-22 16:49:05,43.3519287109375,-8.42617797851562,"Unknown"
"7014855",371852,2025-09-22 18:49:05,43.351978302002,-8.42611789703369,"Unknown"
"7014855",371852,2025-09-22 20:49:05,43.3519668579102,-8.42615699768066,"Unknown"
"7014855",371852,2025-09-22 22:49:05,43.3519439697266,-8.42616653442383,"Unknown"
"7014855",371852,2025-09-23 00:48:54,43.3519668579102,-8.42611598968506,"Unknown"
"7014855",371852,2025-09-23 02:49:05,43.3520126342773,-8.42621612548828,"Unknown"
"7014855",371852,2025-09-23 04:48:44,43.3520202636719,-8.42612266540527,"Unknown"
"7014855",371852,2025-09-23 06:49:05,43.3519592285156,-8.42620468139648,"Unknown"
"7014855",371852,2025-09-23 08:48:44,43.3519096374512,-8.42615509033203,"Unknown"
"7014855",371852,2025-09-23 10:49:06,43.3519744873047,-8.42620372772217,"Unknown"
"7014855",371852,2025-09-23 12:48:46,43.351993560791,-8.4262866973877,"Unknown"
"7014855",371852,2025-09-23 14:49:05,43.3519821166992,-8.42624378204346,"Unknown"
"7014855",371852,2025-09-23 16:49:06,43.3520011901855,-8.42613506317139,"Unknown"
"7014855",371852,2025-09-23 18:49:05,43.3520126342773,-8.42611980438232,"Unknown"
"7014855",371852,2025-09-23 20:49:05,43.3521690368652,-8.42640018463135,"Unknown"
"7014855",371852,2025-09-23 22:49:05,43.3518753051758,-8.42619037628174,"Unknown"
"7014855",371852,2025-09-24 00:48:54,43.3519859313965,-8.4261999130249,"Unknown"
"7014855",371852,2025-09-24 02:49:05,43.3522300720215,-8.42609405517578,"Unknown"
"7014855",371852,2025-09-24 04:49:05,43.3519897460938,-8.42617416381836,"Unknown"
"7014855",371852,2025-09-24 06:49:05,43.351879119873,-8.4261589050293,"Unknown"
"7014855",371852,2025-09-24 08:49:05,43.3519554138184,-8.42622375488281,"Unknown"
"7014855",371852,2025-09-24 10:49:14,43.3519325256348,-8.4261417388916,"Unknown"
"7014855",371852,2025-09-24 12:49:14,43.3518981933594,-8.42617607116699,"Unknown"
"7014855",371852,2025-09-24 14:49:15,43.3520164489746,-8.42610359191895,"Unknown"
"7014855",371852,2025-09-24 16:49:09,43.3519973754883,-8.42615222930908,"Unknown"
"7014855",371852,2025-09-24 18:49:15,43.3519630432129,-8.42611789703369,"Unknown"
"7014855",371852,2025-09-24 20:49:05,43.3520584106445,-8.42613220214844,"Unknown"
"7014855",371852,2025-09-24 22:49:14,43.3520126342773,-8.42612361907959,"Unknown"
"7014855",371852,2025-09-25 00:49:14,43.3519287109375,-8.42614555358887,"Unknown"
"7014855",371852,2025-09-25 02:49:05,43.3520202636719,-8.42621040344238,"Unknown"
"7014855",371852,2025-09-25 04:49:05,43.3519859313965,-8.42618942260742,"Unknown"
"7014855",371852,2025-09-25 06:49:05,43.3519630432129,-8.4261646270752,"Unknown"
"7014855",371852,2025-09-25 08:49:05,43.3519592285156,-8.42619609832764,"Unknown"
"7014855",371852,2025-09-25 10:49:15,43.351978302002,-8.42623138427734,"Unknown"
"7014855",371852,2025-09-25 12:49:14,43.3519592285156,-8.4261999130249,"Unknown"
"7014855",371852,2025-09-25 14:49:14,43.3519859313965,-8.42615985870361,"Unknown"
"7014855",371852,2025-09-25 16:49:05,43.351993560791,-8.42621517181396,"Unknown"
"7014855",371852,2025-09-25 18:49:15,43.3520355224609,-8.42612457275391,"Unknown"
"7014855",371852,2025-09-25 20:49:15,43.3520202636719,-8.42612838745117,"Unknown"
"7014855",371852,2025-09-25 22:49:14,43.3519325256348,-8.42618846893311,"Unknown"
"7014855",371852,2025-09-26 00:49:05,43.3520011901855,-8.42618179321289,"Unknown"
"7014855",371852,2025-09-26 02:49:14,43.3519668579102,-8.42621517181396,"Unknown"
"7014855",371852,2025-09-26 04:49:05,43.3520202636719,-8.42618751525879,"Unknown"
"7014855",371852,2025-09-26 06:49:05,43.3519592285156,-8.42615699768066,"Unknown"
"7014855",371852,2025-09-26 08:48:45,43.3519897460938,-8.42618846893311,"Unknown"
"7014855",371852,2025-09-26 10:49:14,43.351993560791,-8.42621517181396,"Unknown"
"7014855",371852,2025-09-26 12:49:14,43.3519706726074,-8.42618179321289,"Unknown"
"7014855",371852,2025-09-26 14:49:14,43.3519134521484,-8.42611885070801,"Unknown"
"7014855",371852,2025-09-26 16:49:05,43.3520698547363,-8.42619514465332,"Unknown"
"7014855",371852,2025-09-26 18:49:11,43.351993560791,-8.4261999130249,"Unknown"
"7014855",371852,2025-09-26 20:49:15,43.3519401550293,-8.42617893218994,"Unknown"
"7014855",371852,2025-09-26 22:49:15,43.3520202636719,-8.42619800567627,"Unknown"
"7014855",371852,2025-09-27 00:49:15,43.3519668579102,-8.4261360168457,"Unknown"
"7014855",371852,2025-09-27 02:49:15,43.3519515991211,-8.42617511749268,"Unknown"
"7014855",371852,2025-09-27 04:49:15,43.35205078125,-8.42618942260742,"Unknown"
"7014855",371852,2025-09-27 06:49:14,43.351978302002,-8.42616176605225,"Unknown"
"7014855",371852,2025-09-27 08:49:14,43.3519668579102,-8.4261589050293,"Unknown"
"7014855",371852,2025-09-27 10:49:15,43.3520011901855,-8.42616939544678,"Unknown"
"7014855",371852,2025-09-27 12:49:15,43.3519706726074,-8.4261999130249,"Unknown"
"7014855",371852,2025-09-27 14:49:05,43.3520126342773,-8.42617511749268,"Unknown"
"7014855",371852,2025-09-27 16:49:15,43.3520317077637,-8.42623901367188,"Unknown"
"7014855",371852,2025-09-27 18:49:15,43.3517036437988,-8.42593574523926,"Unknown"
"7014855",371852,2025-09-27 20:49:15,43.3520851135254,-8.42630767822266,"Unknown"
"7014855",371852,2025-09-27 22:48:53,43.3518257141113,-8.42618751525879,"Unknown"
"7014855",371852,2025-09-28 00:48:48,43.352409362793,-8.42622375488281,"Unknown"
"7014855",371852,2025-09-28 02:48:53,43.3522872924805,-8.42609596252441,"Unknown"
"7014855",371852,2025-09-28 04:49:13,43.3521041870117,-8.42606830596924,"Unknown"
"7014855",371852,2025-09-28 06:48:48,43.3523826599121,-8.42578506469727,"Unknown"
"7014855",371852,2025-09-28 08:48:58,43.352725982666,-8.42672729492188,"Unknown"
"7014855",371852,2025-09-28 10:49:15,43.3520202636719,-8.42615222930908,"Unknown"
"7014855",371852,2025-09-28 12:49:14,43.3520278930664,-8.4262228012085,"Unknown"
"7014855",371852,2025-09-28 14:48:49,43.3517837524414,-8.425705909729,"Unknown"
"7014855",371852,2025-09-28 16:49:01,43.3520393371582,-8.42615985870361,"Unknown"
"7014855",371852,2025-09-28 18:49:15,43.3520278930664,-8.4262170791626,"Unknown"
"7014855",371852,2025-09-28 20:49:15,43.3520088195801,-8.42619037628174,"Unknown"
"7014855",371852,2025-09-28 22:49:14,43.3519439697266,-8.4260139465332,"Unknown"
"7014855",371852,2025-09-29 00:49:14,43.3518142700195,-8.42595958709717,"Unknown"
"7014855",371852,2025-09-29 02:49:14,43.352165222168,-8.42631816864014,"Unknown"
"7014855",371852,2025-09-29 04:49:23,43.3519401550293,-8.42618751525879,"Unknown"
"7014855",371852,2025-09-29 06:48:50,43.3518714904785,-8.42626285552979,"Unknown"
"7014855",371852,2025-09-29 08:49:23,43.3519668579102,-8.42622184753418,"Unknown"
"7014855",371852,2025-09-29 10:49:00,43.3520164489746,-8.42637825012207,"Unknown"
"7014855",371852,2025-09-29 12:49:23,43.351978302002,-8.42629337310791,"Unknown"
"7014855",371852,2025-09-29 14:48:50,43.3522300720215,-8.42666244506836,"Unknown"
"7014855",371852,2025-09-29 16:48:53,43.3521308898926,-8.42566394805908,"Unknown"
"7014855",371852,2025-09-29 18:49:15,43.3519554138184,-8.42603206634521,"Unknown"
"7014855",371852,2025-09-29 20:49:15,43.3520126342773,-8.4261646270752,"Unknown"
"7014855",371852,2025-09-29 22:49:14,43.3519248962402,-8.42609310150146,"Unknown"
"7014855",371852,2025-09-30 00:49:14,43.351936340332,-8.42598438262939,"Unknown"
"7014855",371852,2025-09-30 02:49:14,43.3519630432129,-8.42621803283691,"Unknown"
"7014855",371852,2025-09-30 04:49:23,43.3519706726074,-8.42611980438232,"Unknown"
"7014855",371852,2025-09-30 06:48:50,43.3523902893066,-8.4253978729248,"Unknown"
"7014855",371852,2025-09-30 08:48:49,43.3520545959473,-8.42633438110352,"Unknown"
"7014855",371852,2025-09-30 10:49:00,43.351993560791,-8.42621231079102,"Unknown"
"7014855",371852,2025-09-30 12:49:15,43.3520431518555,-8.42618656158447,"Unknown"
"7014855",371852,2025-09-30 14:49:14,43.3518524169922,-8.42615127563477,"Unknown"
"7014855",371852,2025-09-30 16:49:23,43.3519554138184,-8.42618560791016,"Unknown"
"7014855",371852,2025-09-30 18:49:14,43.3520317077637,-8.42618465423584,"Unknown"
"7014855",371852,2025-09-30 20:49:15,43.351936340332,-8.42628383636475,"Unknown"
"7014855",371852,2025-09-30 22:49:15,43.3519821166992,-8.4261417388916,"Unknown"
"7014855",371852,2025-10-01 00:49:23,43.351978302002,-8.42621231079102,"Unknown"
"7014855",371852,2025-10-01 02:48:50,43.3519821166992,-8.42633152008057,"Unknown"
"7014855",371852,2025-10-01 04:49:12,43.3520927429199,-8.42597007751465,"Unknown"
"7014855",371852,2025-10-01 06:49:22,43.3519973754883,-8.42617893218994,"Unknown"
"7014855",371852,2025-10-01 08:48:51,43.3520584106445,-8.42629051208496,"Unknown"
"7014855",371852,2025-10-01 10:49:14,43.35205078125,-8.42625045776367,"Unknown"
"7014855",371852,2025-10-01 12:49:23,43.3520050048828,-8.42620277404785,"Unknown"
"7014855",371852,2025-10-01 14:48:50,43.3520660400391,-8.42623424530029,"Unknown"
"7014855",371852,2025-10-01 16:49:14,43.3520431518555,-8.42615127563477,"Unknown"
"7014855",371852,2025-10-01 18:49:14,43.3518714904785,-8.42617893218994,"Unknown"
"7014855",371852,2025-10-01 20:49:14,43.3520240783691,-8.42610263824463,"Unknown"
"7014855",371852,2025-10-01 22:49:23,43.3520011901855,-8.42613792419434,"Unknown"
"7014855",371852,2025-10-02 00:48:53,43.3520164489746,-8.42599773406982,"Unknown"
"7014855",371852,2025-10-02 02:49:11,43.3519859313965,-8.42614459991455,"Unknown"
"7014855",371852,2025-10-02 04:49:15,43.3520355224609,-8.42627429962158,"Unknown"
"7014855",371852,2025-10-02 06:49:15,43.3518905639648,-8.42625617980957,"Unknown"
"7014855",371852,2025-10-02 08:49:15,43.3519897460938,-8.42612457275391,"Unknown"
"7014855",371852,2025-10-02 10:49:15,43.3518104553223,-8.4260082244873,"Unknown"
"7014855",371852,2025-10-02 12:49:16,43.3519401550293,-8.42623424530029,"Unknown"
"7014855",371852,2025-10-02 14:49:15,43.3520278930664,-8.42618083953857,"Unknown"
"7014855",371852,2025-10-02 16:49:15,43.3519668579102,-8.42609596252441,"Unknown"
"7014855",371852,2025-10-02 18:49:15,43.3519630432129,-8.42607498168945,"Unknown"
"7014855",371852,2025-10-02 20:49:15,43.3520240783691,-8.42626953125,"Unknown"
"7014855",371852,2025-10-02 22:49:29,43.3519401550293,-8.42603015899658,"Unknown"
"7014855",371852,2025-10-03 00:49:15,43.351993560791,-8.42601013183594,"Unknown"
"7014855",371852,2025-10-03 02:49:15,43.3519897460938,-8.42624759674072,"Unknown"
"7014855",371852,2025-10-03 04:49:15,43.3519287109375,-8.42611026763916,"Unknown"
"7014855",371852,2025-10-03 06:49:15,43.3520088195801,-8.42610931396484,"Unknown"
"7014855",371852,2025-10-03 08:49:15,43.3520927429199,-8.42628383636475,"Unknown"
"7014855",371852,2025-10-03 10:49:15,43.3518524169922,-8.42622947692871,"Unknown"
"7014855",371852,2025-10-03 12:49:15,43.3520011901855,-8.42619323730469,"Unknown"
"7014855",371852,2025-10-03 14:49:15,43.3519515991211,-8.42618179321289,"Unknown"
"7014855",371852,2025-10-03 16:49:23,43.3519897460938,-8.4262113571167,"Unknown"
"7014855",371852,2025-10-03 18:49:15,43.3521041870117,-8.4260835647583,"Unknown"
"7014855",371852,2025-10-03 20:49:15,43.3520240783691,-8.42668628692627,"Unknown"
"7014855",371852,2025-10-03 22:49:14,43.3518409729004,-8.42664241790771,"Unknown"
"7014855",371852,2025-10-04 00:49:23,43.3522109985352,-8.42634677886963,"Unknown"
"7014855",371852,2025-10-04 02:49:20,43.3521728515625,-8.42611122131348,"Unknown"
"7014855",371852,2025-10-04 04:49:05,43.3521041870117,-8.42643165588379,"Unknown"
"7014855",371852,2025-10-04 06:49:01,43.3518142700195,-8.4262580871582,"Unknown"
"7014855",371852,2025-10-04 08:49:18,43.345588684082,-8.41523933410645,"Unknown"
"7014855",371852,2025-10-04 10:49:22,43.3519554138184,-8.42617702484131,"Unknown"
"7014855",371852,2025-10-04 12:49:15,43.351692199707,-8.42616176605225,"Unknown"
"7014855",371852,2025-10-04 14:49:02,43.3519096374512,-8.42591190338135,"Unknown"
"7014855",371852,2025-10-04 16:49:13,43.3520240783691,-8.42618179321289,"Unknown"
"7014855",371852,2025-10-04 17:18:51,43.3523368835449,-8.42629814147949,"Unknown"
"7014855",371852,2025-10-04 17:49:15,43.3520202636719,-8.42619609832764,"Unknown"
"7014855",371852,2025-10-04 18:18:53,43.3520660400391,-8.42619800567627,"Unknown"
"7014855",371852,2025-10-04 18:49:13,43.3520202636719,-8.42625331878662,"Unknown"
"7014855",371852,2025-10-04 19:18:59,43.3573837280273,-8.43004035949707,"Unknown"
"7014855",371852,2025-10-04 19:49:20,43.3518905639648,-8.42625427246094,"Unknown"
"7014855",371852,2025-10-04 20:19:56,43.351936340332,-8.42611026763916,"Unknown"
"7014855",371852,2025-10-04 20:48:51,43.35205078125,-8.42618179321289,"Unknown"
"7014855",371852,2025-10-04 21:18:52,43.3519744873047,-8.42622756958008,"Unknown"
"7014855",371852,2025-10-04 21:48:52,43.3519172668457,-8.4260368347168,"Unknown"
"7014855",371852,2025-10-04 22:18:52,43.3518905639648,-8.4260139465332,"Unknown"
"7014855",371852,2025-10-04 22:48:52,43.3517913818359,-8.4257230758667,"Unknown"
"7014855",371852,2025-10-04 23:18:58,43.35205078125,-8.42634868621826,"Unknown"
"7014855",371852,2025-10-04 23:49:07,43.3520050048828,-8.42566776275635,"Unknown"
"7014855",371852,2025-10-05 00:18:53,43.3520050048828,-8.42623233795166,"Unknown"
"7014855",371852,2025-10-05 00:49:31,43.3499717712402,-8.42319202423096,"Unknown"
"7014855",371852,2025-10-05 01:18:54,43.351375579834,-8.42391586303711,"Unknown"
"7014855",371852,2025-10-05 01:49:16,43.3519058227539,-8.42605018615723,"Unknown"
"7014855",371852,2025-10-05 03:49:16,43.3519630432129,-8.42608070373535,"Unknown"
"7014855",371852,2025-10-05 05:48:54,43.3519515991211,-8.42629909515381,"Unknown"
"7014855",371852,2025-10-05 07:48:59,43.3518218994141,-8.42609882354736,"Unknown"
"7014855",371852,2025-10-05 09:49:23,43.3520164489746,-8.42617225646973,"Unknown"
"7014855",371852,2025-10-05 11:49:13,43.3520622253418,-8.4260835647583,"Unknown"
"7014855",371852,2025-10-05 13:49:15,43.3521041870117,-8.42591762542725,"Unknown"
"7014855",371852,2025-10-05 14:19:25,43.3532409667969,-8.4114818572998,"Unknown"
"7014855",371852,2025-10-05 14:49:14,43.3518409729004,-8.42620372772217,"Unknown"
"7014855",371852,2025-10-05 15:18:59,43.35009765625,-8.41318035125732,"Unknown"
"7014855",371852,2025-10-05 15:49:13,43.3525695800781,-8.4258279800415,"Unknown"
"7014855",371852,2025-10-05 16:18:55,43.3527030944824,-8.4210376739502,"Unknown"
"7014855",371852,2025-10-05 16:49:11,43.3516883850098,-8.42602443695068,"Unknown"
"7014855",371852,2025-10-05 17:19:03,43.3446617126465,-8.42166233062744,"Unknown"
"7014855",371852,2025-10-05 17:48:58,43.3512496948242,-8.42565727233887,"Unknown"
"7014855",371852,2025-10-05 18:19:24,43.3520278930664,-8.42613315582275,"Unknown"
"7014855",371852,2025-10-05 18:48:52,43.352180480957,-8.42631340026855,"Unknown"
"7014855",371852,2025-10-05 19:18:52,43.3522491455078,-8.42635250091553,"Unknown"
"7014855",371852,2025-10-05 19:48:52,43.353443145752,-8.42750263214111,"Unknown"
"7014855",371852,2025-10-05 20:18:52,43.3521347045898,-8.4263334274292,"Unknown"
"7014855",371852,2025-10-05 20:48:52,43.3521347045898,-8.42623710632324,"Unknown"
"7014855",371852,2025-10-05 21:18:53,43.3521728515625,-8.42616367340088,"Unknown"
"7014855",371852,2025-10-05 21:48:53,43.352108001709,-8.42616176605225,"Unknown"
"7014855",371852,2025-10-05 22:18:56,43.3520050048828,-8.42622661590576,"Unknown"
"7014855",371852,2025-10-05 22:48:56,43.3520317077637,-8.42610359191895,"Unknown"
"7014855",371852,2025-10-05 23:19:00,43.3521614074707,-8.42613315582275,"Unknown"
"7014855",371852,2025-10-05 23:49:24,43.3520126342773,-8.42613506317139,"Unknown"
"7014855",371852,2025-10-06 00:18:57,43.3520240783691,-8.43002128601074,"Unknown"
"7014855",371852,2025-10-06 00:48:59,43.3520660400391,-8.4270601272583,"Unknown"
"7014855",371852,2025-10-06 01:19:00,43.3521270751953,-8.42695140838623,"Unknown"
"7014855",371852,2025-10-06 01:49:24,43.3519897460938,-8.42620372772217,"Unknown"
"7014855",371852,2025-10-06 02:19:00,43.3518753051758,-8.42612838745117,"Unknown"
"7014855",371852,2025-10-06 02:48:53,43.3519897460938,-8.42616748809814,"Unknown"
"7014855",371852,2025-10-06 03:19:11,43.3519897460938,-8.42623043060303,"Unknown"
"7014855",371852,2025-10-06 03:48:58,43.3520698547363,-8.42553520202637,"Unknown"
"7014855",371852,2025-10-06 04:18:58,43.3519668579102,-8.42626667022705,"Unknown"
"7014855",371852,2025-10-06 04:49:19,43.3519592285156,-8.4259204864502,"Unknown"
"7014855",371852,2025-10-06 05:19:14,43.3530883789062,-8.42006874084473,"Unknown"
"7014855",371852,2025-10-06 07:19:30,43.3519897460938,-8.42619705200195,"Unknown"
"7014855",371852,2025-10-06 09:18:56,43.3521575927734,-8.42631244659424,"Unknown"
"7014855",371852,2025-10-06 11:19:29,43.3521957397461,-8.42610549926758,"Unknown"
"7014855",371852,2025-10-06 11:48:59,43.3517684936523,-8.42635250091553,"Unknown"
"7014855",371852,2025-10-06 12:18:55,43.3520164489746,-8.42611694335938,"Unknown"
"7014855",371852,2025-10-06 12:49:06,43.3520202636719,-8.42607975006104,"Unknown"
"7014855",371852,2025-10-06 13:18:57,43.3518333435059,-8.42616939544678,"Unknown"
"7014855",371852,2025-10-06 13:48:55,43.3518333435059,-8.42607593536377,"Unknown"
"7014855",371852,2025-10-06 14:18:55,43.3519058227539,-8.42611122131348,"Unknown"
"7014855",371852,2025-10-06 14:48:55,43.3515510559082,-8.42610931396484,"Unknown"
"7014855",371852,2025-10-06 15:18:56,43.3510437011719,-8.42636489868164,"Unknown"
"7014855",371852,2025-10-06 15:48:56,43.351261138916,-8.4260892868042,"Unknown"
"7014855",371852,2025-10-06 16:18:57,43.3522071838379,-8.4257698059082,"Unknown"
"7014855",371852,2025-10-06 16:48:57,43.3521919250488,-8.42589569091797,"Unknown"
"7014855",371852,2025-10-06 17:18:57,43.3520851135254,-8.42611503601074,"Unknown"
"7014855",371852,2025-10-06 17:48:59,43.3520164489746,-8.42625713348389,"Unknown"
"7014855",371852,2025-10-06 18:19:07,43.3521881103516,-8.42627334594727,"Unknown"
"7014855",371852,2025-10-06 18:49:15,43.3499450683594,-8.42654132843018,"Unknown"
"7014855",371852,2025-10-06 19:19:07,43.3520126342773,-8.42615413665771,"Unknown"
"7014855",371852,2025-10-06 19:49:24,43.3520355224609,-8.42616081237793,"Unknown"
"7014855",371852,2025-10-06 20:18:54,43.3522720336914,-8.41824722290039,"Unknown"
"7014855",371852,2025-10-06 20:48:53,43.3518943786621,-8.42660713195801,"Unknown"
"7014855",371852,2025-10-06 21:18:53,43.3520011901855,-8.42636775970459,"Unknown"
"7014855",371852,2025-10-06 21:48:54,43.3518714904785,-8.42624092102051,"Unknown"
"7014855",371852,2025-10-06 22:18:55,43.3518600463867,-8.4263391494751,"Unknown"
"7014855",371852,2025-10-06 22:48:55,43.3519020080566,-8.42623901367188,"Unknown"
"7014855",371852,2025-10-06 23:18:55,43.3529777526855,-8.42624759674072,"Unknown"
"7014855",371852,2025-10-06 23:48:56,43.3524322509766,-8.4257345199585,"Unknown"
"7014855",371852,2025-10-07 00:19:04,43.3525810241699,-8.42552661895752,"Unknown"
"7014855",371852,2025-10-07 00:48:55,43.3525123596191,-8.42579078674316,"Unknown"
"7014855",371852,2025-10-07 01:18:55,43.3524856567383,-8.42605590820312,"Unknown"
"7014855",371852,2025-10-07 01:48:55,43.3522834777832,-8.42599010467529,"Unknown"
"7014855",371852,2025-10-07 02:18:55,43.3522758483887,-8.42613315582275,"Unknown"
"7014855",371852,2025-10-07 02:49:04,43.3523979187012,-8.42449283599854,"Unknown"
"7014855",371852,2025-10-07 03:19:15,43.352108001709,-8.42580509185791,"Unknown"
"7014855",371852,2025-10-07 03:49:13,43.3522071838379,-8.42565536499023,"Unknown"
"7014855",371852,2025-10-07 04:18:57,43.3475799560547,-8.4274320602417,"Unknown"
"7014855",371852,2025-10-07 04:49:15,43.3520774841309,-8.42601680755615,"Unknown"
"7014855",371852,2025-10-07 05:18:59,43.3540115356445,-8.42127323150635,"Unknown"
"7014855",371852,2025-10-07 05:48:56,43.3520660400391,-8.42603588104248,"Unknown"
"7014855",371852,2025-10-07 06:18:57,43.3520774841309,-8.42601013183594,"Unknown"
"7014855",371852,2025-10-07 06:49:08,43.3522262573242,-8.4259672164917,"Unknown"
"7014855",371852,2025-10-07 07:18:57,43.3522644042969,-8.42609882354736,"Unknown"
"7014855",371852,2025-10-07 07:49:28,43.3519554138184,-8.42617797851562,"Unknown"
"7014855",371852,2025-10-07 08:18:53,43.3519859313965,-8.426194190979,"Unknown"
"7014855",371852,2025-10-07 08:48:53,43.3520126342773,-8.42613124847412,"Unknown"
"7014855",371852,2025-10-07 09:18:53,43.3519821166992,-8.4262056350708,"Unknown"
"7014855",371852,2025-10-07 09:48:53,43.3520622253418,-8.42614555358887,"Unknown"
"7014855",371852,2025-10-07 10:18:54,43.3520698547363,-8.42627811431885,"Unknown"
"7014855",371852,2025-10-07 10:48:54,43.352123260498,-8.42644786834717,"Unknown"
"7014855",371852,2025-10-07 11:18:54,43.3520278930664,-8.42641067504883,"Unknown"
"7014855",371852,2025-10-07 11:48:55,43.3519744873047,-8.42637634277344,"Unknown"
"7014855",371852,2025-10-07 12:18:58,43.3521041870117,-8.42627048492432,"Unknown"
"7014855",371852,2025-10-07 12:49:12,43.3525772094727,-8.42591381072998,"Unknown"
"7014855",371852,2025-10-07 13:18:54,43.3522872924805,-8.42611312866211,"Unknown"
"7014855",371852,2025-10-07 13:49:17,43.3522720336914,-8.42602920532227,"Unknown"
"7014855",371852,2025-10-07 14:19:11,43.3520965576172,-8.42623424530029,"Unknown"
"7014855",371852,2025-10-07 14:48:58,43.3516159057617,-8.4260368347168,"Unknown"
"7014855",371852,2025-10-07 15:18:56,43.3516044616699,-8.4260892868042,"Unknown"
"7014855",371852,2025-10-07 15:48:56,43.3518981933594,-8.42600917816162,"Unknown"
"7014855",371852,2025-10-07 16:18:56,43.3523063659668,-8.42578315734863,"Unknown"
"7014855",371852,2025-10-07 16:49:30,43.351978302002,-8.42618751525879,"Unknown"
"7014855",371852,2025-10-07 17:18:55,43.3519821166992,-8.42607879638672,"Unknown"
"7014855",371852,2025-10-07 17:48:57,43.3521499633789,-8.42617702484131,"Unknown"
"7014855",371852,2025-10-07 18:18:56,43.3520812988281,-8.42622566223145,"Unknown"
"7014855",371852,2025-10-07 18:48:56,43.3520736694336,-8.42630577087402,"Unknown"
"7014855",371852,2025-10-07 19:18:56,43.3521385192871,-8.42629337310791,"Unknown"
"7014855",371852,2025-10-07 19:49:23,43.3523445129395,-8.4264440536499,"Unknown"
"7014855",371852,2025-10-07 20:19:28,43.3519897460938,-8.4261417388916,"Unknown"
"7014855",371852,2025-10-07 20:48:56,43.3519630432129,-8.42608547210693,"Unknown"
"7014855",371852,2025-10-07 21:18:56,43.3519020080566,-8.42621994018555,"Unknown"
"7014855",371852,2025-10-07 21:48:56,43.351936340332,-8.42612648010254,"Unknown"
"7014855",371852,2025-10-07 22:18:56,43.3519439697266,-8.42614841461182,"Unknown"
"7014855",371852,2025-10-07 22:48:56,43.3519821166992,-8.42617893218994,"Unknown"
"7014855",371852,2025-10-07 23:18:56,43.3521118164062,-8.42634582519531,"Unknown"
"7014855",371852,2025-10-07 23:49:15,43.3521385192871,-8.42661285400391,"Unknown"
"7014855",371852,2025-10-08 00:18:59,43.351318359375,-8.41918563842773,"Unknown"
"7014855",371852,2025-10-08 00:48:57,43.3520431518555,-8.42617511749268,"Unknown"
"7014855",371852,2025-10-08 01:19:01,43.3519134521484,-8.42615509033203,"Unknown"
"7014855",371852,2025-10-08 01:49:15,43.3518180847168,-8.4264087677002,"Unknown"
"7014855",371852,2025-10-08 02:18:57,43.3518371582031,-8.42635917663574,"Unknown"
"7014855",371852,2025-10-08 02:49:01,43.3517074584961,-8.42638778686523,"Unknown"
"7014855",371852,2025-10-08 03:19:03,43.3521728515625,-8.42647171020508,"Unknown"
"7014855",371852,2025-10-08 03:49:00,43.3514404296875,-8.42605972290039,"Unknown"
"7014855",371852,2025-10-08 04:19:13,43.3518295288086,-8.42621040344238,"Unknown"
"7014855",371852,2025-10-08 04:49:30,43.3519859313965,-8.42618370056152,"Unknown"
"7014855",371852,2025-10-08 05:18:56,43.3519668579102,-8.42618179321289,"Unknown"
"7014855",371852,2025-10-08 05:48:57,43.3519554138184,-8.42616748809814,"Unknown"
"7014855",371852,2025-10-08 06:18:57,43.3519058227539,-8.426194190979,"Unknown"
"7014855",371852,2025-10-08 06:48:57,43.351863861084,-8.42618656158447,"Unknown"
"7014855",371852,2025-10-08 07:19:05,43.3518829345703,-8.42612934112549,"Unknown"
"7014855",371852,2025-10-08 07:48:57,43.3521308898926,-8.4263391494751,"Unknown"
"7014855",371852,2025-10-08 08:19:02,43.35205078125,-8.4262638092041,"Unknown"
"7014855",371852,2025-10-08 08:48:59,43.3517608642578,-8.4259147644043,"Unknown"
"7014855",371852,2025-10-08 09:19:00,43.3519592285156,-8.42610645294189,"Unknown"
"7014855",371852,2025-10-08 09:49:15,43.3525733947754,-8.42690849304199,"Unknown"
"7014855",371852,2025-10-08 10:19:08,43.3520469665527,-8.42612838745117,"Unknown"
"7014855",371852,2025-10-08 10:49:26,43.3288154602051,-8.4271240234375,"Unknown"
"7014855",371852,2025-10-08 11:18:55,43.3518676757812,-8.42590618133545,"Unknown"
"7014855",371852,2025-10-08 11:48:54,43.351921081543,-8.42622947692871,"Unknown"
"7014855",371852,2025-10-08 12:18:55,43.3519325256348,-8.42608165740967,"Unknown"
"7014855",371852,2025-10-08 12:48:55,43.3519554138184,-8.4260139465332,"Unknown"
"7014855",371852,2025-10-08 13:18:55,43.3519554138184,-8.42610263824463,"Unknown"
"7014855",371852,2025-10-08 13:48:56,43.3519439697266,-8.42609977722168,"Unknown"
"7014855",371852,2025-10-08 14:18:55,43.3519973754883,-8.42617988586426,"Unknown"
"7014855",371852,2025-10-08 14:48:55,43.351921081543,-8.42569351196289,"Unknown"
"7014855",371852,2025-10-08 15:19:29,43.3519592285156,-8.42617988586426,"Unknown"
"7014855",371852,2025-10-08 15:48:56,43.3519248962402,-8.4261646270752,"Unknown"
"7014855",371852,2025-10-08 16:18:56,43.3519287109375,-8.42611598968506,"Unknown"
"7014855",371852,2025-10-08 16:48:56,43.3519020080566,-8.42612838745117,"Unknown"
"7014855",371852,2025-10-08 17:18:57,43.3519134521484,-8.4261360168457,"Unknown"
"7014855",371852,2025-10-08 17:48:58,43.3519325256348,-8.42619895935059,"Unknown"
"7014855",371852,2025-10-08 18:19:30,43.3520050048828,-8.42618083953857,"Unknown"
"7014855",371852,2025-10-08 18:48:57,43.3519287109375,-8.42609214782715,"Unknown"
"7014855",371852,2025-10-08 19:18:57,43.3520050048828,-8.42618846893311,"Unknown"
"7014855",371852,2025-10-08 19:48:57,43.3523750305176,-8.42673110961914,"Unknown"
"7014855",371852,2025-10-08 20:19:13,43.3519973754883,-8.42614936828613,"Unknown"
"7014855",371852,2025-10-08 20:48:58,43.3518486022949,-8.42612361907959,"Unknown"
"7014855",371852,2025-10-08 21:19:19,43.3518104553223,-8.4272403717041,"Unknown"
"7014855",371852,2025-10-08 21:49:09,43.3519821166992,-8.42622184753418,"Unknown"
"7014855",371852,2025-10-08 22:19:00,43.3522262573242,-8.42295074462891,"Unknown"
"7014855",371852,2025-10-08 22:48:58,43.3522186279297,-8.42627906799316,"Unknown"
"7014855",371852,2025-10-08 23:19:15,43.3520393371582,-8.42642784118652,"Unknown"
"7014855",371852,2025-10-08 23:48:59,43.3524169921875,-8.42603206634521,"Unknown"
"7014855",371852,2025-10-09 00:19:33,43.3519897460938,-8.4261417388916,"Unknown"
"7014855",371852,2025-10-09 00:48:56,43.3519821166992,-8.42619705200195,"Unknown"
"7014855",371852,2025-10-09 01:18:58,43.3521194458008,-8.42659091949463,"Unknown"
"7014855",371852,2025-10-09 01:49:00,43.3520278930664,-8.42621231079102,"Unknown"
"7014855",371852,2025-10-09 02:18:59,43.3519401550293,-8.42619323730469,"Unknown"
"7014855",371852,2025-10-09 02:49:00,43.3523254394531,-8.42622375488281,"Unknown"
"7014855",371852,2025-10-09 03:18:58,43.3522834777832,-8.42621421813965,"Unknown"
"7014855",371852,2025-10-09 03:48:58,43.352294921875,-8.42629909515381,"Unknown"
"7014855",371852,2025-10-09 04:19:04,43.3516807556152,-8.42636203765869,"Unknown"
"7014855",371852,2025-10-09 04:49:00,43.3523712158203,-8.42595958709717,"Unknown"
"7014855",371852,2025-10-09 05:19:01,43.3520774841309,-8.42624855041504,"Unknown"
"7014855",371852,2025-10-09 05:49:16,43.3509483337402,-8.42643451690674,"Unknown"
"7014855",371852,2025-10-09 06:19:15,43.3510780334473,-8.42434978485107,"Unknown"
"7014855",371852,2025-10-09 06:49:28,43.3516883850098,-8.42594051361084,"Unknown"
"7014855",371852,2025-10-09 07:18:55,43.3516273498535,-8.42586231231689,"Unknown"
"7014855",371852,2025-10-09 07:48:55,43.351921081543,-8.42613220214844,"Unknown"
"7014855",371852,2025-10-09 08:19:15,43.3520278930664,-8.42618179321289,"Unknown"
"7014855",371852,2025-10-09 08:49:13,43.3520774841309,-8.42621040344238,"Unknown"
"7014855",371852,2025-10-09 09:18:57,43.3546485900879,-8.43249130249023,"Unknown"
"7014855",371852,2025-10-09 09:49:05,43.351863861084,-8.42632961273193,"Unknown"
"7014855",371852,2025-10-09 10:19:15,43.351993560791,-8.4261646270752,"Unknown"
"7014855",371852,2025-10-09 10:49:01,43.3522911071777,-8.4257116317749,"Unknown"
"7014855",371852,2025-10-09 11:18:58,43.3519439697266,-8.426682472229,"Unknown"
"7014855",371852,2025-10-09 11:49:00,43.3518180847168,-8.42702579498291,"Unknown"
"7014855",371852,2025-10-09 12:19:06,43.3520584106445,-8.42712688446045,"Unknown"
"7014855",371852,2025-10-09 12:49:00,43.351993560791,-8.42614650726318,"Unknown"
"7014855",371852,2025-10-09 13:19:00,43.3516426086426,-8.42607498168945,"Unknown"
"7014855",371852,2025-10-09 13:49:02,43.3519096374512,-8.42614078521729,"Unknown"
"7014855",371852,2025-10-09 14:19:30,43.3528137207031,-8.42590141296387,"Unknown"
"7014855",371852,2025-10-09 14:48:57,43.3521766662598,-8.42634296417236,"Unknown"
"7014855",371852,2025-10-09 15:18:56,43.351749420166,-8.42782306671143,"Unknown"
"7014855",371852,2025-10-09 15:49:07,43.3520355224609,-8.42571258544922,"Unknown"
"7014855",371852,2025-10-09 16:19:19,43.3520927429199,-8.42648792266846,"Unknown"
"7014855",371852,2025-10-09 16:49:33,43.351978302002,-8.4260950088501,"Unknown"
"7014855",371852,2025-10-09 17:18:59,43.3555374145508,-8.42343235015869,"Unknown"
"7014855",371852,2025-10-09 17:48:56,43.3521461486816,-8.42596530914307,"Unknown"
"7014855",371852,2025-10-09 18:19:06,43.3521118164062,-8.42626667022705,"Unknown"
"7014855",371852,2025-10-09 18:49:06,43.3520393371582,-8.42621612548828,"Unknown"
"7014855",371852,2025-10-09 19:19:06,43.3522491455078,-8.4263973236084,"Unknown"
"7014855",371852,2025-10-09 19:49:15,43.3520736694336,-8.42615985870361,"Unknown"
"7014855",371852,2025-10-09 20:19:05,43.351879119873,-8.42609691619873,"Unknown"
"7014855",371852,2025-10-09 20:49:38,43.3518714904785,-8.42602729797363,"Unknown"
"7014855",371852,2025-10-09 21:19:07,43.3519706726074,-8.42618942260742,"Unknown"
"7014855",371852,2025-10-09 21:48:58,43.3519859313965,-8.42619323730469,"Unknown"
"7014855",371852,2025-10-09 22:18:58,43.3520202636719,-8.42622184753418,"Unknown"
"7014855",371852,2025-10-09 22:48:57,43.351936340332,-8.42616367340088,"Unknown"
"7014855",371852,2025-10-09 23:19:16,43.3520851135254,-8.42629623413086,"Unknown"
"7014855",371852,2025-10-09 23:49:13,43.3519248962402,-8.42607879638672,"Unknown"
"7014855",371852,2025-10-10 00:48:43,43.3520393371582,-8.42616271972656,"Unknown"
"7014855",371852,2025-10-10 01:18:43,43.3520088195801,-8.42612838745117,"Unknown"
"7014855",371852,2025-10-10 01:48:43,43.3521766662598,-8.42610931396484,"Unknown"
"7014855",371852,2025-10-10 02:18:57,43.3527641296387,-8.42650127410889,"Unknown"
"7014855",371852,2025-10-10 02:49:24,43.3518371582031,-8.4266242980957,"Unknown"
"7014855",371852,2025-10-10 03:19:36,43.351978302002,-8.42621421813965,"Unknown"
"7014855",371852,2025-10-10 03:48:56,43.3519973754883,-8.4261589050293,"Unknown"
"7014855",371852,2025-10-10 04:18:56,43.3519592285156,-8.42621803283691,"Unknown"
"7014855",371852,2025-10-10 04:48:56,43.3519134521484,-8.42591953277588,"Unknown"
"7014855",371852,2025-10-10 05:18:58,43.3518943786621,-8.42601108551025,"Unknown"
"7014855",371852,2025-10-10 05:49:14,43.3519325256348,-8.42619228363037,"Unknown"
"7014855",371852,2025-10-10 06:18:56,43.3518600463867,-8.42631435394287,"Unknown"
"7014855",371852,2025-10-10 06:49:14,43.3519325256348,-8.42618083953857,"Unknown"
"7014855",371852,2025-10-10 07:18:56,43.3519706726074,-8.42630767822266,"Unknown"
"7014855",371852,2025-10-10 07:49:15,43.3520278930664,-8.42611503601074,"Unknown"
"7014855",371852,2025-10-10 08:18:58,43.3517303466797,-8.42512607574463,"Unknown"
"7014855",371852,2025-10-10 08:49:15,43.351978302002,-8.42614364624023,"Unknown"
"7014855",371852,2025-10-10 09:19:01,43.3519592285156,-8.42600917816162,"Unknown"
"7014855",371852,2025-10-10 09:49:15,43.3519592285156,-8.42612743377686,"Unknown"
"7014855",371852,2025-10-10 10:18:56,43.352180480957,-8.42637634277344,"Unknown"
"7014855",371852,2025-10-10 10:49:15,43.3518753051758,-8.42608165740967,"Unknown"
"7014855",371852,2025-10-10 11:19:00,43.3520851135254,-8.42628479003906,"Unknown"
"7014855",371852,2025-10-10 11:49:15,43.3519248962402,-8.42621612548828,"Unknown"
"7014855",371852,2025-10-10 12:19:06,43.3519477844238,-8.42631530761719,"Unknown"
"7014855",371852,2025-10-10 12:49:29,43.3519287109375,-8.42618942260742,"Unknown"
"7014855",371852,2025-10-10 13:18:56,43.3519630432129,-8.42623043060303,"Unknown"
"7014855",371852,2025-10-10 13:49:14,43.3520202636719,-8.42618656158447,"Unknown"
"7014855",371852,2025-10-10 14:18:56,43.3520431518555,-8.42641639709473,"Unknown"
"7014855",371852,2025-10-10 14:49:06,43.352123260498,-8.42598247528076,"Unknown"
"7014855",371852,2025-10-10 15:19:06,43.3520584106445,-8.42592716217041,"Unknown"
"7014855",371852,2025-10-10 15:49:15,43.3519630432129,-8.4260139465332,"Unknown"
"7014855",371852,2025-10-10 16:18:56,43.3519821166992,-8.42622375488281,"Unknown"
"7014855",371852,2025-10-10 16:49:15,43.3519554138184,-8.42624092102051,"Unknown"
"7014855",371852,2025-10-10 17:18:56,43.3518257141113,-8.42611312866211,"Unknown"
"7014855",371852,2025-10-10 17:49:15,43.3519859313965,-8.42619132995605,"Unknown"
"7014855",371852,2025-10-10 18:18:59,43.3518981933594,-8.42602634429932,"Unknown"
"7014855",371852,2025-10-10 18:49:15,43.35205078125,-8.4262170791626,"Unknown"
"7014855",371852,2025-10-10 19:18:57,43.3520660400391,-8.42628288269043,"Unknown"
"7014855",371852,2025-10-10 19:49:15,43.3520889282227,-8.42619132995605,"Unknown"
"7014855",371852,2025-10-10 20:19:19,43.3520355224609,-8.42614841461182,"Unknown"
"7014855",371852,2025-10-10 20:48:55,43.3520660400391,-8.42623329162598,"Unknown"
"7014855",371852,2025-10-10 21:18:43,43.3519096374512,-8.42605781555176,"Unknown"
"7014855",371852,2025-10-10 21:48:43,43.3519172668457,-8.42612838745117,"Unknown"
"7014855",371852,2025-10-10 22:18:43,43.3519020080566,-8.42609786987305,"Unknown"
"7014855",371852,2025-10-10 22:48:44,43.3522148132324,-8.4266242980957,"Unknown"
"7014855",371852,2025-10-10 23:18:44,43.3518943786621,-8.42662334442139,"Unknown"
"7014855",371852,2025-10-10 23:48:51,43.3518295288086,-8.42664909362793,"Unknown"
"7014855",371852,2025-10-11 00:19:15,43.35205078125,-8.42633533477783,"Unknown"
"7014855",371852,2025-10-11 00:48:43,43.3519744873047,-8.4262056350708,"Unknown"
"7014855",371852,2025-10-11 01:18:43,43.3520126342773,-8.42617607116699,"Unknown"
"7014855",371852,2025-10-11 01:48:43,43.3521270751953,-8.42629623413086,"Unknown"
"7014855",371852,2025-10-11 02:18:45,43.3519248962402,-8.42617893218994,"Unknown"
"7014855",371852,2025-10-11 02:48:44,43.3519592285156,-8.42633438110352,"Unknown"
"7014855",371852,2025-10-11 03:18:44,43.3519325256348,-8.42630958557129,"Unknown"
"7014855",371852,2025-10-11 03:48:45,43.351993560791,-8.42613506317139,"Unknown"
"7014855",371852,2025-10-11 04:18:44,43.3521881103516,-8.42604637145996,"Unknown"
"7014855",371852,2025-10-11 04:48:44,43.3526077270508,-8.4258918762207,"Unknown"
"7014855",371852,2025-10-11 05:18:44,43.3519897460938,-8.42612934112549,"Unknown"
"7014855",371852,2025-10-11 05:48:45,43.3517684936523,-8.42587852478027,"Unknown"
"7014855",371852,2025-10-11 06:19:02,43.3519058227539,-8.42569541931152,"Unknown"
"7014855",371852,2025-10-11 06:49:42,43.3519554138184,-8.42615985870361,"Unknown"
"7014855",371852,2025-10-11 07:19:33,43.3518981933594,-8.4261531829834,"Unknown"
"7014855",371852,2025-10-11 07:49:11,43.351993560791,-8.42620944976807,"Unknown"
"7014855",371852,2025-10-11 08:19:14,43.351978302002,-8.42623519897461,"Unknown"
"7014855",371852,2025-10-11 08:49:23,43.3521461486816,-8.42620849609375,"Unknown"
"7014855",371852,2025-10-11 09:19:19,43.3521194458008,-8.42620754241943,"Unknown"
"7014855",371852,2025-10-11 09:49:15,43.351448059082,-8.42483043670654,"Unknown"
"7014855",371852,2025-10-11 10:19:00,43.351692199707,-8.42615985870361,"Unknown"
"7014855",371852,2025-10-11 10:48:52,43.3520431518555,-8.4263858795166,"Unknown"
"7014855",371852,2025-10-11 11:19:24,43.3519744873047,-8.42622756958008,"Unknown"
"7014855",371852,2025-10-11 11:50:02,43.3524284362793,-8.42469596862793,"Unknown"
"7014855",371852,2025-10-11 12:19:04,43.3505821228027,-8.42296981811523,"Unknown"
"7014855",371852,2025-10-11 12:48:44,43.3521461486816,-8.42605209350586,"Unknown"
"7014855",371852,2025-10-11 13:18:44,43.3521842956543,-8.42627334594727,"Unknown"
"7014855",371852,2025-10-11 13:48:44,43.3522186279297,-8.42627620697021,"Unknown"
"7014855",371852,2025-10-11 14:18:44,43.3520011901855,-8.42617797851562,"Unknown"
"7014855",371852,2025-10-11 14:48:44,43.3520431518555,-8.42609691619873,"Unknown"
"7014855",371852,2025-10-11 15:18:44,43.3520889282227,-8.42615032196045,"Unknown"
"7014855",371852,2025-10-11 15:48:52,43.3517723083496,-8.42593288421631,"Unknown"
"7014855",371852,2025-10-11 16:18:44,43.3527717590332,-8.42629623413086,"Unknown"
"7014855",371852,2025-10-11 16:48:45,43.3519058227539,-8.42589282989502,"Unknown"
"7014855",371852,2025-10-11 17:18:44,43.3516273498535,-8.42632675170898,"Unknown"
"7014855",371852,2025-10-11 17:49:31,43.3499984741211,-8.42649173736572,"Unknown"
"7014855",371852,2025-10-11 18:48:38,43.351993560791,-8.42612743377686,"Unknown"
"7014855",371852,2025-10-11 18:49:35,43.3494415283203,-8.42389106750488,"Unknown"
"7014855",371852,2025-10-11 19:18:37,43.3520088195801,-8.42612266540527,"Unknown"
"7014855",371852,2025-10-11 19:48:37,43.3519554138184,-8.42616653442383,"Unknown"
"7014855",371852,2025-10-11 20:18:37,43.3520317077637,-8.42624759674072,"Unknown"
"7014855",371852,2025-10-11 20:48:37,43.3519744873047,-8.42615985870361,"Unknown"
"7014855",371852,2025-10-11 21:18:37,43.3520202636719,-8.42637729644775,"Unknown"
"7014855",371852,2025-10-11 21:48:37,43.3519058227539,-8.42608165740967,"Unknown"
"7014855",371852,2025-10-11 22:18:37,43.3520088195801,-8.42630386352539,"Unknown"
"7014855",371852,2025-10-11 22:48:38,43.3520851135254,-8.42636299133301,"Unknown"
"7014855",371852,2025-10-11 23:18:45,43.3520698547363,-8.42621326446533,"Unknown"
"7014855",371852,2025-10-11 23:48:47,43.3521003723145,-8.42604351043701,"Unknown"
"7014855",371852,2025-10-12 00:18:42,43.3521118164062,-8.42594909667969,"Unknown"
"7014855",371852,2025-10-12 00:48:46,43.3523712158203,-8.42615413665771,"Unknown"
"7014855",371852,2025-10-12 01:18:38,43.3535003662109,-8.42611312866211,"Unknown"
"7014855",371852,2025-10-12 01:48:38,43.3526954650879,-8.42620086669922,"Unknown"
"7014855",371852,2025-10-12 02:18:38,43.3518600463867,-8.42598724365234,"Unknown"
"7014855",371852,2025-10-12 02:48:38,43.3518257141113,-8.42592239379883,"Unknown"
"7014855",371852,2025-10-12 03:18:38,43.3519325256348,-8.42579936981201,"Unknown"
"7014855",371852,2025-10-12 03:48:37,43.3520545959473,-8.42588901519775,"Unknown"
"7014855",371852,2025-10-12 04:18:39,43.3522491455078,-8.42592239379883,"Unknown"
"7014855",371852,2025-10-12 04:48:38,43.352180480957,-8.42605400085449,"Unknown"
"7014855",371852,2025-10-12 05:18:38,43.3521041870117,-8.42611312866211,"Unknown"
"7014855",371852,2025-10-12 05:48:38,43.3520393371582,-8.42612266540527,"Unknown"
"7014855",371852,2025-10-12 06:18:38,43.351921081543,-8.42627429962158,"Unknown"
"7014855",371852,2025-10-12 06:48:39,43.3519401550293,-8.42618846893311,"Unknown"
"7014855",371852,2025-10-12 07:18:38,43.3521728515625,-8.42630290985107,"Unknown"
"7014855",371852,2025-10-12 07:48:39,43.3520889282227,-8.42609310150146,"Unknown"
"7014855",371852,2025-10-12 08:18:38,43.3522300720215,-8.42630577087402,"Unknown"
"7014855",371852,2025-10-12 08:48:38,43.3521919250488,-8.42621612548828,"Unknown"
"7014855",371852,2025-10-12 09:18:38,43.3520126342773,-8.42590713500977,"Unknown"
"7014855",371852,2025-10-12 09:48:39,43.3520965576172,-8.42608070373535,"Unknown"
"7014855",371852,2025-10-12 10:18:38,43.3520812988281,-8.42604923248291,"Unknown"
"7014855",371852,2025-10-12 10:48:39,43.3520774841309,-8.42604541778564,"Unknown"
"7014855",371852,2025-10-12 11:18:39,43.3522071838379,-8.42589282989502,"Unknown"
"7014855",371852,2025-10-12 11:48:46,43.3515625,-8.42636585235596,"Unknown"
"7014855",371852,2025-10-12 12:18:46,43.3515434265137,-8.42622947692871,"Unknown"
"7014855",371852,2025-10-12 12:48:44,43.3517074584961,-8.42615509033203,"Unknown"
"7014855",371852,2025-10-12 13:18:45,43.3518295288086,-8.42608737945557,"Unknown"
"7014855",371852,2025-10-12 13:48:45,43.3518829345703,-8.42600154876709,"Unknown"
"7014855",371852,2025-10-12 14:18:38,43.3520927429199,-8.42626571655273,"Unknown"
"7014855",371852,2025-10-12 14:48:38,43.3524208068848,-8.42667007446289,"Unknown"
"7014855",371852,2025-10-12 15:18:43,43.35205078125,-8.42647743225098,"Unknown"
"7014855",371852,2025-10-12 15:48:39,43.3514938354492,-8.42593765258789,"Unknown"
"7014855",371852,2025-10-12 16:18:39,43.3515167236328,-8.42559814453125,"Unknown"
"7014855",371852,2025-10-12 16:48:39,43.3513031005859,-8.42528820037842,"Unknown"
"7014855",371852,2025-10-12 17:18:38,43.351863861084,-8.42605876922607,"Unknown"
"7014855",371852,2025-10-12 17:49:35,43.3517646789551,-8.42612171173096,"Unknown"
"7014855",371852,2025-10-12 18:18:52,43.3517189025879,-8.42624187469482,"Unknown"
"7014855",371852,2025-10-12 18:48:38,43.3520355224609,-8.4262056350708,"Unknown"
"7014855",371852,2025-10-12 19:18:40,43.3519859313965,-8.42628002166748,"Unknown"
"7014855",371852,2025-10-12 19:48:39,43.3529586791992,-8.42733573913574,"Unknown"
"7014855",371852,2025-10-12 20:18:46,43.3522453308105,-8.42652702331543,"Unknown"
"7014855",371852,2025-10-12 20:49:31,43.3522796630859,-8.42621326446533,"Unknown"
"7014855",371852,2025-10-12 21:19:58,43.3520584106445,-8.42621231079102,"Unknown"
"7014855",371852,2025-10-12 21:49:21,43.3518333435059,-8.42574119567871,"Unknown"
"7014855",371852,2025-10-12 22:19:25,43.3519706726074,-8.42644309997559,"Unknown"
"7014855",371852,2025-10-12 22:49:04,43.351978302002,-8.42627429962158,"Unknown"
"7014855",371852,2025-10-12 23:19:14,43.3519744873047,-8.42616748809814,"Unknown"
"7014855",371852,2025-10-12 23:48:38,43.3519706726074,-8.42615509033203,"Unknown"
"7014855",371852,2025-10-13 00:18:37,43.3520050048828,-8.42615985870361,"Unknown"
"7014855",371852,2025-10-13 00:48:38,43.3520011901855,-8.42618179321289,"Unknown"
"7014855",371852,2025-10-13 01:18:38,43.3520469665527,-8.42617321014404,"Unknown"
"7014855",371852,2025-10-13 01:48:38,43.3519744873047,-8.42617607116699,"Unknown"
"7014855",371852,2025-10-13 02:18:39,43.3521041870117,-8.42607975006104,"Unknown"
"7014855",371852,2025-10-13 02:48:44,43.3519973754883,-8.42662811279297,"Unknown"
"7014855",371852,2025-10-13 03:18:40,43.3520736694336,-8.42590427398682,"Unknown"
"7014855",371852,2025-10-13 03:48:50,43.3535499572754,-8.41659927368164,"Unknown"
"7014855",371852,2025-10-13 04:18:58,43.3520355224609,-8.42603969573975,"Unknown"
"7014855",371852,2025-10-13 04:49:22,43.3664360046387,-8.44234371185303,"Unknown"
"7014855",371852,2025-10-13 05:48:58,43.3519401550293,-8.42618370056152,"Unknown"
"7014855",371852,2025-10-13 06:18:58,43.3519096374512,-8.42624759674072,"Unknown"
"7014855",371852,2025-10-13 06:48:58,43.3520278930664,-8.42626285552979,"Unknown"
"7014855",371852,2025-10-13 07:18:58,43.3520317077637,-8.42625713348389,"Unknown"
"7014855",371852,2025-10-13 07:49:00,43.3521156311035,-8.42633628845215,"Unknown"
"7014855",371852,2025-10-13 08:18:59,43.3518524169922,-8.42610168457031,"Unknown"
"7014855",371852,2025-10-13 08:49:00,43.3520278930664,-8.4262638092041,"Unknown"
"7014855",371852,2025-10-13 09:19:15,43.3522415161133,-8.42618560791016,"Unknown"
"7014855",371852,2025-10-13 09:49:16,43.351863861084,-8.4257926940918,"Unknown"
"7014855",371852,2025-10-13 10:19:09,43.3492660522461,-8.42442035675049,"Unknown"
"7014855",371852,2025-10-13 10:49:13,43.3513412475586,-8.42621231079102,"Unknown"
"7014855",371852,2025-10-13 11:19:05,43.3518676757812,-8.42606163024902,"Unknown"
"7014855",371852,2025-10-13 11:49:15,43.3519706726074,-8.42629337310791,"Unknown"
"7014855",371852,2025-10-13 12:20:12,43.3541870117188,-8.42627048492432,"Unknown"
"7014855",371852,2025-10-13 12:49:01,43.3521041870117,-8.4260835647583,"Unknown"
"7014855",371852,2025-10-13 13:19:01,43.3519477844238,-8.42623615264893,"Unknown"
"7014855",371852,2025-10-13 13:49:01,43.3520050048828,-8.42619895935059,"Unknown"
"7014855",371852,2025-10-13 14:19:01,43.3520469665527,-8.42558097839355,"Unknown"
"7014855",371852,2025-10-13 14:49:01,43.3519668579102,-8.42601490020752,"Unknown"
"7014855",371852,2025-10-13 15:19:01,43.3520431518555,-8.42598152160645,"Unknown"
"7014855",371852,2025-10-13 15:49:01,43.3520011901855,-8.42606353759766,"Unknown"
"7014855",371852,2025-10-13 16:19:03,43.3518295288086,-8.42609596252441,"Unknown"
"7014855",371852,2025-10-13 16:49:05,43.3517303466797,-8.42616081237793,"Unknown"
"7014855",371852,2025-10-13 17:19:14,43.3519592285156,-8.42622470855713,"Unknown"
"7014855",371852,2025-10-13 17:49:08,43.3519592285156,-8.42608165740967,"Unknown"
"7014855",371852,2025-10-13 18:19:09,43.3520355224609,-8.42587947845459,"Unknown"
"7014855",371852,2025-10-13 18:49:05,43.3518028259277,-8.4259204864502,"Unknown"
"7014855",371852,2025-10-13 19:19:05,43.3516426086426,-8.4258975982666,"Unknown"
"7014855",371852,2025-10-13 19:49:02,43.3513679504395,-8.42718410491943,"Unknown"
"7014855",371852,2025-10-13 20:19:15,43.351993560791,-8.42626094818115,"Unknown"
"7014855",371852,2025-10-13 20:49:36,43.351993560791,-8.4261589050293,"Unknown"
"7014855",371852,2025-10-13 21:19:00,43.3519058227539,-8.42616271972656,"Unknown"
"7014855",371852,2025-10-13 21:49:00,43.3519248962402,-8.42621898651123,"Unknown"
"7014855",371852,2025-10-13 22:19:00,43.3519554138184,-8.42619514465332,"Unknown"
"7014855",371852,2025-10-13 22:49:00,43.3520812988281,-8.42629718780518,"Unknown"
"7014855",371852,2025-10-13 23:19:00,43.3519439697266,-8.42616176605225,"Unknown"
"7014855",371852,2025-10-13 23:49:00,43.3520393371582,-8.4260082244873,"Unknown"
"7014855",371852,2025-10-14 00:19:00,43.3521842956543,-8.42594623565674,"Unknown"
"7014855",371852,2025-10-14 00:49:01,43.3522911071777,-8.42603302001953,"Unknown"
"7014855",371852,2025-10-14 01:19:14,43.3524513244629,-8.42620182037354,"Unknown"
"7014855",371852,2025-10-14 01:49:01,43.3522644042969,-8.42618656158447,"Unknown"
"7014855",371852,2025-10-14 02:19:14,43.3520431518555,-8.42629241943359,"Unknown"
"7014855",371852,2025-10-14 02:49:14,43.3521461486816,-8.42635631561279,"Unknown"
"7014855",371852,2025-10-14 03:19:01,43.3522262573242,-8.42618179321289,"Unknown"
"7014855",371852,2025-10-14 03:49:15,43.3520431518555,-8.42616558074951,"Unknown"
"7014855",371852,2025-10-14 04:19:00,43.3520889282227,-8.4260778427124,"Unknown"
"7014855",371852,2025-10-14 04:49:14,43.3518562316895,-8.4262113571167,"Unknown"
"7014855",371852,2025-10-14 05:19:02,43.3517761230469,-8.42627334594727,"Unknown"
"7014855",371852,2025-10-14 05:49:18,43.3518943786621,-8.42616271972656,"Unknown"
"7014855",371852,2025-10-14 06:19:15,43.3523750305176,-8.42535877227783,"Unknown"
"7014855",371852,2025-10-14 06:49:35,43.3519668579102,-8.42620086669922,"Unknown"
"7014855",371852,2025-10-14 07:19:00,43.3519592285156,-8.42622375488281,"Unknown"
"7014855",371852,2025-10-14 07:49:00,43.3521842956543,-8.42634773254395,"Unknown"
"7014855",371852,2025-10-14 08:19:00,43.3520545959473,-8.42629337310791,"Unknown"
"7014855",371852,2025-10-14 08:49:14,43.3520278930664,-8.42622470855713,"Unknown"
"7014855",371852,2025-10-14 09:19:00,43.3520164489746,-8.42621612548828,"Unknown"
"7014855",371852,2025-10-14 09:49:00,43.3519325256348,-8.42611598968506,"Unknown"
"7014855",371852,2025-10-14 10:19:14,43.351936340332,-8.4260892868042,"Unknown"
"7014855",371852,2025-10-14 10:49:14,43.351879119873,-8.426194190979,"Unknown"
"7014855",371852,2025-10-14 11:19:14,43.3519325256348,-8.42615032196045,"Unknown"
"7014855",371852,2025-10-14 11:49:14,43.3519668579102,-8.42621803283691,"Unknown"
"7014855",371852,2025-10-14 12:19:00,43.352352142334,-8.42604637145996,"Unknown"
"7014855",371852,2025-10-14 12:49:14,43.3519973754883,-8.42616271972656,"Unknown"
"7014855",371852,2025-10-14 13:19:35,43.3519744873047,-8.42619037628174,"Unknown"
"7014855",371852,2025-10-14 13:49:00,43.3519668579102,-8.42615985870361,"Unknown"
"7014855",371852,2025-10-14 14:19:00,43.3521270751953,-8.42657279968262,"Unknown"
"7014855",371852,2025-10-14 14:49:00,43.3519630432129,-8.4262580871582,"Unknown"
"7014855",371852,2025-10-14 15:18:59,43.351921081543,-8.42617797851562,"Unknown"
"7014855",371852,2025-10-14 15:48:59,43.3520278930664,-8.42625045776367,"Unknown"
"7014855",371852,2025-10-14 16:19:14,43.3519592285156,-8.42619705200195,"Unknown"
"7014855",371852,2025-10-14 16:49:14,43.3519477844238,-8.42612552642822,"Unknown"
"7014855",371852,2025-10-14 17:19:03,43.3519058227539,-8.42616653442383,"Unknown"
"7014855",371852,2025-10-14 17:49:14,43.3519706726074,-8.42618942260742,"Unknown"
"7014855",371852,2025-10-14 18:19:00,43.3519287109375,-8.42617702484131,"Unknown"
"7014855",371852,2025-10-14 18:49:15,43.3520469665527,-8.42619037628174,"Unknown"
"7014855",371852,2025-10-14 19:19:01,43.3520584106445,-8.4261474609375,"Unknown"
"7014855",371852,2025-10-14 19:49:15,43.3519401550293,-8.42626667022705,"Unknown"
"7014855",371852,2025-10-14 20:19:16,43.3524131774902,-8.42502307891846,"Unknown"
"7014855",371852,2025-10-14 20:49:32,43.3519515991211,-8.42614936828613,"Unknown"
"7014855",371852,2025-10-14 21:19:01,43.3519096374512,-8.42620372772217,"Unknown"
"7014855",371852,2025-10-14 21:49:01,43.3519477844238,-8.42617321014404,"Unknown"
"7014855",371852,2025-10-14 22:19:01,43.3520088195801,-8.42622470855713,"Unknown"
"7014855",371852,2025-10-14 22:49:01,43.3520812988281,-8.42634963989258,"Unknown"
"7014855",371852,2025-10-14 23:19:03,43.3520927429199,-8.42646312713623,"Unknown"
"7014855",371852,2025-10-14 23:49:13,43.3519973754883,-8.42612171173096,"Unknown"
"7014855",371852,2025-10-15 00:19:01,43.3520469665527,-8.4260778427124,"Unknown"
"7014855",371852,2025-10-15 00:49:10,43.3519401550293,-8.42607021331787,"Unknown"
"7014855",371852,2025-10-15 01:19:01,43.35205078125,-8.42634010314941,"Unknown"
"7014855",371852,2025-10-15 01:49:14,43.3520240783691,-8.42617797851562,"Unknown"
"7014855",371852,2025-10-15 02:19:09,43.3520545959473,-8.42615413665771,"Unknown"
"7014855",371852,2025-10-15 02:49:15,43.3520317077637,-8.4261360168457,"Unknown"
"7014855",371852,2025-10-15 03:19:01,43.3517761230469,-8.4260892868042,"Unknown"
"7014855",371852,2025-10-15 03:49:35,43.3519897460938,-8.42619228363037,"Unknown"
"7014855",371852,2025-10-15 04:19:00,43.3520317077637,-8.42614841461182,"Unknown"
"7014855",371852,2025-10-15 04:49:00,43.3520622253418,-8.4261531829834,"Unknown"
"7014855",371852,2025-10-15 05:19:07,43.3520812988281,-8.42613410949707,"Unknown"
"7014855",371852,2025-10-15 05:49:01,43.3518753051758,-8.42613506317139,"Unknown"
"7014855",371852,2025-10-15 06:19:01,43.3519325256348,-8.42604351043701,"Unknown"
"7014855",371852,2025-10-15 06:49:14,43.3520317077637,-8.42619132995605,"Unknown"
"7014855",371852,2025-10-15 07:19:01,43.3521537780762,-8.42618083953857,"Unknown"
"7014855",371852,2025-10-15 07:49:15,43.3519897460938,-8.42621231079102,"Unknown"
"7014855",371852,2025-10-15 08:19:01,43.3517074584961,-8.42588329315186,"Unknown"
"7014855",371852,2025-10-15 08:49:15,43.3518753051758,-8.4260425567627,"Unknown"
"7014855",371852,2025-10-15 09:19:09,43.3520584106445,-8.42739582061768,"Unknown"
"7014855",371852,2025-10-15 09:49:15,43.3519287109375,-8.42619895935059,"Unknown"
"7014855",371852,2025-10-15 10:19:00,43.3519477844238,-8.42621517181396,"Unknown"
"7014855",371852,2025-10-15 10:49:15,43.3519477844238,-8.4261474609375,"Unknown"
"7014855",371852,2025-10-15 11:19:11,43.3519668579102,-8.4261589050293,"Unknown"
"7014855",371852,2025-10-15 11:49:28,43.3520240783691,-8.42631053924561,"Unknown"
"7014855",371852,2025-10-15 12:19:04,43.3527069091797,-8.42560577392578,"Unknown"
"7014855",371852,2025-10-15 12:49:15,43.3521690368652,-8.42609596252441,"Unknown"
"7014855",371852,2025-10-15 13:19:35,43.3520050048828,-8.42621803283691,"Unknown"
"7014855",371852,2025-10-15 13:49:00,43.3520584106445,-8.42626190185547,"Unknown"
"7014855",371852,2025-10-15 14:19:00,43.3521461486816,-8.42670631408691,"Unknown"
"7014855",371852,2025-10-15 14:49:00,43.3519401550293,-8.42618656158447,"Unknown"
"7014855",371852,2025-10-15 15:19:00,43.3519592285156,-8.42621517181396,"Unknown"
"7014855",371852,2025-10-15 15:49:13,43.3519630432129,-8.42619609832764,"Unknown"
"7014855",371852,2025-10-15 16:19:00,43.3517265319824,-8.42606830596924,"Unknown"
"7014855",371852,2025-10-15 16:49:15,43.3519668579102,-8.4263391494751,"Unknown"
"7014855",371852,2025-10-15 17:19:07,43.3521003723145,-8.42613220214844,"Unknown"
"7014855",371852,2025-10-15 17:49:15,43.3520050048828,-8.42610549926758,"Unknown"
"7014855",371852,2025-10-15 18:19:03,43.351921081543,-8.42605972290039,"Unknown"
"7014855",371852,2025-10-15 18:49:15,43.351978302002,-8.42615699768066,"Unknown"
"7014855",371852,2025-10-15 19:19:35,43.3520050048828,-8.42617702484131,"Unknown"
"7014855",371852,2025-10-15 19:49:00,43.3519325256348,-8.42623710632324,"Unknown"
"7014855",371852,2025-10-15 20:19:00,43.3519821166992,-8.42611312866211,"Unknown"
"7014855",371852,2025-10-15 20:49:00,43.3519325256348,-8.42598342895508,"Unknown"
"7014855",371852,2025-10-15 21:19:00,43.3519287109375,-8.42607593536377,"Unknown"
"7014855",371852,2025-10-15 21:49:14,43.3519706726074,-8.42614650726318,"Unknown"
"7014855",371852,2025-10-15 22:19:00,43.3519172668457,-8.4259786605835,"Unknown"
"7014855",371852,2025-10-15 22:49:35,43.3520164489746,-8.42613887786865,"Unknown"
"7014855",371852,2025-10-15 23:19:00,43.351978302002,-8.42631149291992,"Unknown"
"7014855",371852,2025-10-15 23:49:00,43.3520088195801,-8.42609214782715,"Unknown"
"7014855",371852,2025-10-16 00:19:00,43.3520126342773,-8.42608642578125,"Unknown"
"7014855",371852,2025-10-16 00:49:00,43.3519630432129,-8.42619514465332,"Unknown"
"7014855",371852,2025-10-16 01:19:00,43.3520126342773,-8.4262638092041,"Unknown"
"7014855",371852,2025-10-16 01:49:14,43.3519248962402,-8.42616271972656,"Unknown"
"7014855",371852,2025-10-16 02:19:01,43.3519439697266,-8.42612075805664,"Unknown"
"7014855",371852,2025-10-16 02:49:15,43.3519744873047,-8.42614459991455,"Unknown"
"7014855",371852,2025-10-16 03:19:06,43.3520126342773,-8.42617130279541,"Unknown"
"7014855",371852,2025-10-16 03:49:35,43.3519897460938,-8.42618942260742,"Unknown"
"7014855",371852,2025-10-16 04:19:01,43.3520698547363,-8.42617607116699,"Unknown"
"7014855",371852,2025-10-16 04:49:14,43.3519973754883,-8.42616653442383,"Unknown"
"7014855",371852,2025-10-16 05:19:02,43.3521041870117,-8.42608261108398,"Unknown"
"7014855",371852,2025-10-16 05:49:01,43.3518257141113,-8.42624282836914,"Unknown"
"7014855",371852,2025-10-16 06:19:14,43.3517951965332,-8.42607498168945,"Unknown"
"7014855",371852,2025-10-16 06:49:14,43.3519439697266,-8.42617416381836,"Unknown"
"7014855",371852,2025-10-16 07:19:11,43.3518981933594,-8.42618083953857,"Unknown"
"7014855",371852,2025-10-16 07:49:15,43.3519248962402,-8.42622756958008,"Unknown"
"7014855",371852,2025-10-16 08:19:09,43.3519248962402,-8.4262523651123,"Unknown"
"7014855",371852,2025-10-16 08:49:34,43.3519554138184,-8.42619800567627,"Unknown"
"7014855",371852,2025-10-16 09:19:01,43.3519134521484,-8.42614078521729,"Unknown"
"7014855",371852,2025-10-16 09:49:01,43.351734161377,-8.42609786987305,"Unknown"
"7014855",371852,2025-10-16 10:19:01,43.35205078125,-8.42626953125,"Unknown"
"7014855",371852,2025-10-16 10:49:01,43.3520851135254,-8.42633724212646,"Unknown"
"7014855",371852,2025-10-16 11:19:13,43.3519821166992,-8.42617988586426,"Unknown"
"7014855",371852,2025-10-16 11:49:14,43.3520088195801,-8.42621040344238,"Unknown"
"7014855",371852,2025-10-16 12:19:01,43.3520584106445,-8.42621040344238,"Unknown"
"7014855",371852,2025-10-16 12:49:35,43.3519821166992,-8.42619037628174,"Unknown"
"7014855",371852,2025-10-16 13:19:01,43.3518753051758,-8.42612934112549,"Unknown"
"7014855",371852,2025-10-16 13:49:01,43.351993560791,-8.42618751525879,"Unknown"
"7014855",371852,2025-10-16 14:19:01,43.3519973754883,-8.42628002166748,"Unknown"
"7014855",371852,2025-10-16 14:49:01,43.3519515991211,-8.42620468139648,"Unknown"
"7014855",371852,2025-10-16 15:19:01,43.3519973754883,-8.42626285552979,"Unknown"
"7014855",371852,2025-10-16 15:49:01,43.351993560791,-8.42618942260742,"Unknown"
"7014855",371852,2025-10-16 16:19:14,43.3520164489746,-8.42615413665771,"Unknown"
"7014855",371852,2025-10-16 16:49:15,43.3520622253418,-8.42615985870361,"Unknown"
"7014855",371852,2025-10-16 17:19:01,43.3520889282227,-8.42625617980957,"Unknown"
"7014855",371852,2025-10-16 17:49:15,43.3520317077637,-8.42618846893311,"Unknown"
"7014855",371852,2025-10-16 18:19:01,43.3520011901855,-8.42620944976807,"Unknown"
"7014855",371852,2025-10-16 18:49:15,43.3519821166992,-8.42617607116699,"Unknown"
"7014855",371852,2025-10-16 19:19:09,43.3521461486816,-8.42626762390137,"Unknown"
"7014855",371852,2025-10-16 19:49:14,43.351936340332,-8.42624950408936,"Unknown"
"7014855",371852,2025-10-16 20:19:16,43.3519897460938,-8.42616367340088,"Unknown"
"7014855",371852,2025-10-16 20:49:16,43.3520774841309,-8.42605590820312,"Unknown"
"7014855",371852,2025-10-16 21:19:08,43.3558921813965,-8.40853309631348,"Unknown"
"7014855",371852,2025-10-16 21:49:16,43.35205078125,-8.42602252960205,"Unknown"
"7014855",371852,2025-10-16 22:19:36,43.3523368835449,-8.4225435256958,"Unknown"
"7014855",371852,2025-10-16 22:49:14,43.351993560791,-8.4260950088501,"Unknown"
"7014855",371852,2025-10-16 23:19:02,43.3520622253418,-8.42602634429932,"Unknown"
"7014855",371852,2025-10-16 23:49:34,43.3520698547363,-8.42619037628174,"Unknown"
"7014855",371852,2025-10-17 00:19:01,43.3513793945312,-8.42689800262451,"Unknown"
"7014855",371852,2025-10-17 00:49:00,43.3519439697266,-8.42617034912109,"Unknown"
"7014855",371852,2025-10-17 01:19:00,43.351806640625,-8.42599105834961,"Unknown"
"7014855",371852,2025-10-17 01:49:01,43.3520317077637,-8.42624282836914,"Unknown"
"7014855",371852,2025-10-17 02:19:03,43.3520278930664,-8.42558479309082,"Unknown"
"7014855",371852,2025-10-17 02:49:02,43.3519515991211,-8.42560291290283,"Unknown"
"7014855",371852,2025-10-17 03:19:01,43.3519134521484,-8.42560195922852,"Unknown"
"7014855",371852,2025-10-17 03:49:37,43.3520011901855,-8.42617130279541,"Unknown"
"7014855",371852,2025-10-17 04:19:03,43.3519477844238,-8.42606639862061,"Unknown"
"7014855",371852,2025-10-17 04:49:03,43.3520011901855,-8.42604923248291,"Unknown"
"7014855",371852,2025-10-17 05:19:03,43.3517112731934,-8.4261360168457,"Unknown"
"7014855",371852,2025-10-17 05:49:04,43.3518333435059,-8.42613315582275,"Unknown"
"7014855",371852,2025-10-17 06:19:04,43.3519401550293,-8.42618846893311,"Unknown"
"7014855",371852,2025-10-17 06:49:27,43.3520050048828,-8.42645072937012,"Unknown"
"7014855",371852,2025-10-17 07:19:06,43.3484649658203,-8.42223930358887,"Unknown"
"7014855",371852,2025-10-17 07:49:16,43.3518104553223,-8.42609882354736,"Unknown"
"7014855",371852,2025-10-17 08:19:11,43.351863861084,-8.42615795135498,"Unknown"
"7014855",371852,2025-10-17 08:49:14,43.3519744873047,-8.42614269256592,"Unknown"
"7014855",371852,2025-10-17 09:19:02,43.3519248962402,-8.42627716064453,"Unknown"
"7014855",371852,2025-10-17 09:49:15,43.3520050048828,-8.42618465423584,"Unknown"
"7014855",371852,2025-10-17 10:19:14,43.3519020080566,-8.42620658874512,"Unknown"
"7014855",371852,2025-10-17 10:49:02,43.351936340332,-8.42655658721924,"Unknown"
"7014855",371852,2025-10-17 11:19:11,43.3518714904785,-8.42626190185547,"Unknown"
"7014855",371852,2025-10-17 11:49:09,43.3518600463867,-8.42625999450684,"Unknown"
"7014855",371852,2025-10-17 12:19:12,43.3518829345703,-8.42626762390137,"Unknown"
"7014855",371852,2025-10-17 12:49:02,43.3519134521484,-8.4263162612915,"Unknown"
"7014855",371852,2025-10-17 13:19:02,43.3519592285156,-8.42621231079102,"Unknown"
"7014855",371852,2025-10-17 13:49:03,43.3519058227539,-8.42619514465332,"Unknown"
"7014855",371852,2025-10-17 14:19:02,43.3519821166992,-8.42604541778564,"Unknown"
"7014855",371852,2025-10-17 14:49:04,43.3522644042969,-8.41665840148926,"Unknown"
"7014855",371852,2025-10-17 15:19:04,43.3483009338379,-8.42237949371338,"Unknown"
"7014855",371852,2025-10-17 15:49:07,43.3518905639648,-8.42609024047852,"Unknown"
"7014855",371852,2025-10-17 16:19:07,43.3519744873047,-8.42593097686768,"Unknown"
"7014855",371852,2025-10-17 16:49:15,43.3518676757812,-8.42610454559326,"Unknown"
"7014855",371852,2025-10-17 17:19:13,43.351921081543,-8.42620086669922,"Unknown"
"7014855",371852,2025-10-17 17:49:16,43.3519096374512,-8.42618560791016,"Unknown"
"7014855",371852,2025-10-17 18:19:03,43.3519706726074,-8.42616558074951,"Unknown"
"7014855",371852,2025-10-17 18:49:11,43.3520126342773,-8.42605972290039,"Unknown"
"7014855",371852,2025-10-17 19:19:09,43.3519821166992,-8.4260892868042,"Unknown"
"7014855",371852,2025-10-17 19:49:12,43.352294921875,-8.42617511749268,"Unknown"
"7014855",371852,2025-10-17 20:19:04,43.3479690551758,-8.43308067321777,"Unknown"
"7014855",371852,2025-10-17 20:49:07,43.348274230957,-8.43290042877197,"Unknown"
"7014855",371852,2025-10-17 21:19:06,43.353759765625,-8.42309761047363,"Unknown"
"7014855",371852,2025-10-17 21:49:06,43.3501167297363,-8.42469787597656,"Unknown"
"7014855",371852,2025-10-17 22:19:03,43.3526153564453,-8.42619514465332,"Unknown"
"7014855",371852,2025-10-17 22:49:06,43.3391265869141,-8.42825317382812,"Unknown"
"7014855",371852,2025-10-17 23:19:03,43.3524398803711,-8.42609882354736,"Unknown"
"7014855",371852,2025-10-17 23:49:03,43.3523979187012,-8.42617130279541,"Unknown"
"7014855",371852,2025-10-18 00:19:03,43.3519058227539,-8.4263973236084,"Unknown"
"7014855",371852,2025-10-18 00:49:05,43.3517684936523,-8.42625141143799,"Unknown"
"7014855",371852,2025-10-18 01:19:05,43.3520355224609,-8.42622661590576,"Unknown"
"7014855",371852,2025-10-18 01:49:02,43.3520889282227,-8.42626285552979,"Unknown"
"7014855",371852,2025-10-18 02:19:03,43.3521728515625,-8.42648315429688,"Unknown"
"7014855",371852,2025-10-18 02:49:03,43.3521156311035,-8.42628479003906,"Unknown"
"7014855",371852,2025-10-18 03:19:02,43.3521041870117,-8.42610549926758,"Unknown"
"7014855",371852,2025-10-18 03:49:03,43.3520698547363,-8.42602443695068,"Unknown"
"7014855",371852,2025-10-18 04:19:13,43.352165222168,-8.42622852325439,"Unknown"
"7014855",371852,2025-10-18 04:49:07,43.3523979187012,-8.42637729644775,"Unknown"
"7014855",371852,2025-10-18 05:19:46,43.3519554138184,-8.42612934112549,"Unknown"
"7014855",371852,2025-10-18 05:49:15,43.3521041870117,-8.42649078369141,"Unknown"
"7014855",371852,2025-10-18 06:19:19,43.3570442199707,-8.43285846710205,"Unknown"
"7014855",371852,2025-10-18 06:49:13,43.3519515991211,-8.42612457275391,"Unknown"
"7014855",371852,2025-10-18 07:19:11,43.3531379699707,-8.42731857299805,"Unknown"
"7014855",371852,2025-10-18 07:49:18,43.3527984619141,-8.42695426940918,"Unknown"
"7014855",371852,2025-10-18 08:19:41,43.3520126342773,-8.42620372772217,"Unknown"
"7014855",371852,2025-10-18 08:49:35,43.3519821166992,-8.426194190979,"Unknown"
"7014855",371852,2025-10-18 09:19:02,43.3520240783691,-8.42617702484131,"Unknown"
"7014855",371852,2025-10-18 09:49:02,43.3519973754883,-8.4261302947998,"Unknown"
"7014855",371852,2025-10-18 09:59:02,43.3520736694336,-8.42624187469482,"Unknown"
"7014855",371852,2025-10-18 10:09:01,43.3520622253418,-8.42628383636475,"Unknown"
"7014855",371852,2025-10-18 10:19:02,43.3519821166992,-8.42625427246094,"Unknown"
"7014855",371852,2025-10-18 10:29:02,43.3521575927734,-8.426344871521,"Unknown"
"7014855",371852,2025-10-18 10:39:02,43.3522109985352,-8.42648601531982,"Unknown"
"7014855",371852,2025-10-18 10:49:02,43.3520889282227,-8.42634296417236,"Unknown"
"7014855",371852,2025-10-18 10:59:03,43.3519897460938,-8.42631149291992,"Unknown"
"7014855",371852,2025-10-18 11:09:03,43.3519592285156,-8.42617797851562,"Unknown"
"7014855",371852,2025-10-18 11:19:14,43.3519668579102,-8.42615604400635,"Unknown"
"7014855",371852,2025-10-18 11:29:03,43.3519515991211,-8.42613124847412,"Unknown"
"7014855",371852,2025-10-18 11:39:03,43.3518829345703,-8.4259614944458,"Unknown"
"7014855",371852,2025-10-18 11:49:14,43.3519554138184,-8.4261474609375,"Unknown"
"7014855",371852,2025-10-18 11:59:02,43.3519515991211,-8.42602348327637,"Unknown"
"7014855",371852,2025-10-18 12:09:10,43.3518981933594,-8.42596626281738,"Unknown"
"7014855",371852,2025-10-18 12:19:06,43.3519630432129,-8.42597389221191,"Unknown"
"7014855",371852,2025-10-18 12:29:02,43.3519477844238,-8.42619132995605,"Unknown"
"7014855",371852,2025-10-18 12:39:02,43.351993560791,-8.42635250091553,"Unknown"
"7014855",371852,2025-10-18 12:49:14,43.3519630432129,-8.42609310150146,"Unknown"
"7014855",371852,2025-10-18 12:59:03,43.3519668579102,-8.42632389068604,"Unknown"
"7014855",371852,2025-10-18 13:09:04,43.3519477844238,-8.42594718933105,"Unknown"
"7014855",371852,2025-10-18 13:19:03,43.351978302002,-8.42636871337891,"Unknown"
"7014855",371852,2025-10-18 13:29:06,43.351978302002,-8.4263219833374,"Unknown"
"7014855",371852,2025-10-18 13:39:14,43.351921081543,-8.42598152160645,"Unknown"
"7014855",371852,2025-10-18 13:49:35,43.351993560791,-8.42614841461182,"Unknown"
"7014855",371852,2025-10-18 13:59:03,43.3520355224609,-8.4262056350708,"Unknown"
"7014855",371852,2025-10-18 14:09:03,43.3519744873047,-8.42619323730469,"Unknown"
"7014855",371852,2025-10-18 14:19:03,43.3519630432129,-8.42613124847412,"Unknown"
"7014855",371852,2025-10-18 14:29:03,43.3520240783691,-8.4260950088501,"Unknown"
"7014855",371852,2025-10-18 14:39:03,43.3519668579102,-8.42609214782715,"Unknown"
"7014855",371852,2025-10-18 14:49:03,43.3519325256348,-8.42611885070801,"Unknown"
"7014855",371852,2025-10-18 14:59:03,43.3519477844238,-8.42617607116699,"Unknown"
"7014855",371852,2025-10-18 15:09:03,43.3519325256348,-8.42621421813965,"Unknown"
"7014855",371852,2025-10-18 15:19:03,43.3519401550293,-8.42613792419434,"Unknown"
"7014855",371852,2025-10-18 15:29:03,43.3519821166992,-8.4261302947998,"Unknown"
"7014855",371852,2025-10-18 15:39:03,43.3519744873047,-8.42612171173096,"Unknown"
"7014855",371852,2025-10-18 15:49:07,43.3510208129883,-8.42591571807861,"Unknown"
"7014855",371852,2025-10-18 15:59:06,43.3530197143555,-8.42652416229248,"Unknown"
"7014855",371852,2025-10-18 16:09:04,43.3523406982422,-8.42632389068604,"Unknown"
"7014855",371852,2025-10-18 16:19:08,43.3520355224609,-8.42614936828613,"Unknown"
"7014855",371852,2025-10-18 16:29:21,43.3520202636719,-8.42623519897461,"Unknown"
"7014855",371852,2025-10-18 16:39:15,43.3520698547363,-8.42623615264893,"Unknown"
"7014855",371852,2025-10-18 16:49:08,43.3521003723145,-8.42622852325439,"Unknown"
"7014855",371852,2025-10-18 16:59:11,43.3520050048828,-8.42618083953857,"Unknown"
"7014855",371852,2025-10-18 17:09:04,43.3520431518555,-8.42615032196045,"Unknown"
"7014855",371852,2025-10-18 17:19:07,43.3520965576172,-8.42618942260742,"Unknown"
"7014855",371852,2025-10-18 17:29:10,43.3519706726074,-8.42612838745117,"Unknown"
"7014855",371852,2025-10-18 17:39:07,43.3520317077637,-8.42610836029053,"Unknown"
"7014855",371852,2025-10-18 17:49:15,43.3519744873047,-8.42611980438232,"Unknown"
"7014855",371852,2025-10-18 17:59:08,43.3518028259277,-8.42615127563477,"Unknown"
"7014855",371852,2025-10-18 18:09:18,43.3518905639648,-8.42614364624023,"Unknown"
"7014855",371852,2025-10-18 18:19:14,43.3520355224609,-8.42623329162598,"Unknown"
"7014855",371852,2025-10-18 18:29:06,43.3520812988281,-8.42630195617676,"Unknown"
"7014855",371852,2025-10-18 18:39:06,43.3520927429199,-8.42628765106201,"Unknown"
"7014855",371852,2025-10-18 18:49:35,43.3519897460938,-8.42618560791016,"Unknown"
"7014855",371852,2025-10-18 18:59:03,43.3519821166992,-8.42613220214844,"Unknown"
"7014855",371852,2025-10-18 19:09:03,43.3519554138184,-8.42611694335938,"Unknown"
"7014855",371852,2025-10-18 19:19:03,43.3518486022949,-8.4260082244873,"Unknown"
"7014855",371852,2025-10-18 19:29:04,43.3521766662598,-8.42637920379639,"Unknown"
"7014855",371852,2025-10-18 19:39:04,43.3519744873047,-8.42613315582275,"Unknown"
"7014855",371852,2025-10-18 19:49:05,43.3521499633789,-8.4269380569458,"Unknown"
"7014855",371852,2025-10-18 19:59:04,43.3519897460938,-8.42612361907959,"Unknown"
"7014855",371852,2025-10-18 20:09:04,43.3520240783691,-8.42607688903809,"Unknown"
"7014855",371852,2025-10-18 20:19:04,43.3519744873047,-8.42623424530029,"Unknown"
"7014855",371852,2025-10-18 20:29:05,43.3520202636719,-8.42634773254395,"Unknown"
"7014855",371852,2025-10-18 20:39:05,43.351978302002,-8.42617321014404,"Unknown"
"7014855",371852,2025-10-18 20:49:04,43.3519821166992,-8.42616653442383,"Unknown"
"7014855",371852,2025-10-18 20:59:04,43.3519439697266,-8.42620086669922,"Unknown"
"7014855",371852,2025-10-18 21:09:04,43.3519706726074,-8.42615032196045,"Unknown"
"7014855",371852,2025-10-18 21:19:05,43.3519897460938,-8.42617416381836,"Unknown"
"7014855",371852,2025-10-18 21:29:05,43.351978302002,-8.42614936828613,"Unknown"
"7014855",371852,2025-10-18 21:39:12,43.3520393371582,-8.42627143859863,"Unknown"
"7014855",371852,2025-10-18 21:49:08,43.3519668579102,-8.42609596252441,"Unknown"
"7014855",371852,2025-10-18 21:59:08,43.35205078125,-8.42617225646973,"Unknown"
"7014855",371852,2025-10-18 22:09:14,43.3520126342773,-8.42611789703369,"Unknown"
"7014855",371852,2025-10-18 22:19:09,43.3519973754883,-8.42609596252441,"Unknown"
"7014855",371852,2025-10-18 22:29:09,43.3520622253418,-8.4260721206665,"Unknown"
"7014855",371852,2025-10-18 22:39:35,43.3520431518555,-8.42615127563477,"Unknown"
"7014855",371852,2025-10-18 22:49:03,43.3520317077637,-8.42612648010254,"Unknown"
"7014855",371852,2025-10-18 22:59:03,43.3520317077637,-8.42612838745117,"Unknown"
"7014855",371852,2025-10-18 23:09:03,43.351993560791,-8.42614078521729,"Unknown"
"7014855",371852,2025-10-18 23:19:03,43.3520126342773,-8.42611312866211,"Unknown"
"7014855",371852,2025-10-18 23:29:03,43.3520240783691,-8.42615604400635,"Unknown"
"7014855",371852,2025-10-18 23:39:03,43.351993560791,-8.4261302947998,"Unknown"
"7014855",371852,2025-10-18 23:49:03,43.3520278930664,-8.42601585388184,"Unknown"
"7014855",371852,2025-10-18 23:59:04,43.3519897460938,-8.42597579956055,"Unknown"
"7014855",371852,2025-10-19 00:09:04,43.3519897460938,-8.4261646270752,"Unknown"
"7014855",371852,2025-10-19 00:19:04,43.3520355224609,-8.42618656158447,"Unknown"
"7014855",371852,2025-10-19 00:29:04,43.3520431518555,-8.42619323730469,"Unknown"
"7014855",371852,2025-10-19 00:39:04,43.3520431518555,-8.42625713348389,"Unknown"
"7014855",371852,2025-10-19 00:49:04,43.3520393371582,-8.42623043060303,"Unknown"
"7014855",371852,2025-10-19 00:59:04,43.351978302002,-8.42623519897461,"Unknown"
"7014855",371852,2025-10-19 01:09:04,43.3520126342773,-8.42625141143799,"Unknown"
"7014855",371852,2025-10-19 01:19:04,43.3519973754883,-8.42619228363037,"Unknown"
"7014855",371852,2025-10-19 01:29:04,43.3519706726074,-8.42630004882812,"Unknown"
"7014855",371852,2025-10-19 01:39:04,43.3519706726074,-8.4262809753418,"Unknown"
"7014855",371852,2025-10-19 01:49:04,43.351936340332,-8.42632484436035,"Unknown"
"7014855",371852,2025-10-19 01:59:04,43.3520164489746,-8.42623043060303,"Unknown"
"7014855",371852,2025-10-19 02:09:04,43.3520088195801,-8.42620086669922,"Unknown"
"7014855",371852,2025-10-19 02:19:05,43.3518714904785,-8.42630767822266,"Unknown"
"7014855",371852,2025-10-19 02:29:05,43.3518486022949,-8.42616081237793,"Unknown"
"7014855",371852,2025-10-19 02:39:06,43.3518905639648,-8.42621231079102,"Unknown"
"7014855",371852,2025-10-19 02:49:06,43.351879119873,-8.42617416381836,"Unknown"
"7014855",371852,2025-10-19 02:59:06,43.3519020080566,-8.42612934112549,"Unknown"
"7014855",371852,2025-10-19 03:09:06,43.3518867492676,-8.42611408233643,"Unknown"
"7014855",371852,2025-10-19 03:19:10,43.3520851135254,-8.42619514465332,"Unknown"
"7014855",371852,2025-10-19 03:29:18,43.3521614074707,-8.42622852325439,"Unknown"
"7014855",371852,2025-10-19 03:39:06,43.3522911071777,-8.42635154724121,"Unknown"
"7014855",371852,2025-10-19 03:49:35,43.3520088195801,-8.42616558074951,"Unknown"
"7014855",371852,2025-10-19 03:59:03,43.3519744873047,-8.42621231079102,"Unknown"
"7014855",371852,2025-10-19 04:09:03,43.3519973754883,-8.42618083953857,"Unknown"
"7014855",371852,2025-10-19 04:19:03,43.3520393371582,-8.42610836029053,"Unknown"
"7014855",371852,2025-10-19 04:29:03,43.3519744873047,-8.42616558074951,"Unknown"
"7014855",371852,2025-10-19 04:39:03,43.3520050048828,-8.42618846893311,"Unknown"
"7014855",371852,2025-10-19 04:49:03,43.3519325256348,-8.42617034912109,"Unknown"
"7014855",371852,2025-10-19 04:59:04,43.3519859313965,-8.42613506317139,"Unknown"
"7014855",371852,2025-10-19 05:09:04,43.3519630432129,-8.42617511749268,"Unknown"
"7014855",371852,2025-10-19 05:19:04,43.3519973754883,-8.42614459991455,"Unknown"
"7014855",371852,2025-10-19 05:29:03,43.351978302002,-8.42611694335938,"Unknown"
"7014855",371852,2025-10-19 05:39:04,43.3519630432129,-8.42619037628174,"Unknown"
"7014855",371852,2025-10-19 05:49:04,43.3519134521484,-8.42611122131348,"Unknown"
"7014855",371852,2025-10-19 05:59:04,43.3520088195801,-8.42617416381836,"Unknown"
"7014855",371852,2025-10-19 06:09:04,43.3520317077637,-8.42620944976807,"Unknown"
"7014855",371852,2025-10-19 06:19:04,43.3519020080566,-8.4261531829834,"Unknown"
"7014855",371852,2025-10-19 06:29:04,43.3519134521484,-8.42597770690918,"Unknown"
"7014855",371852,2025-10-19 06:39:04,43.3519248962402,-8.42603397369385,"Unknown"
"7014855",371852,2025-10-19 06:49:06,43.3519325256348,-8.42603397369385,"Unknown"
"7014855",371852,2025-10-19 06:59:05,43.3520088195801,-8.42623615264893,"Unknown"
"7014855",371852,2025-10-19 07:09:07,43.3519096374512,-8.42592334747314,"Unknown"
"7014855",371852,2025-10-19 07:19:06,43.3520774841309,-8.4262523651123,"Unknown"
"7014855",371852,2025-10-19 07:29:12,43.3517265319824,-8.42610454559326,"Unknown"
"7014855",371852,2025-10-19 07:39:05,43.3520278930664,-8.42627429962158,"Unknown"
"7014855",371852,2025-10-19 07:49:09,43.3518333435059,-8.42611312866211,"Unknown"
"7014855",371852,2025-10-19 07:59:06,43.3520164489746,-8.42599010467529,"Unknown"
"7014855",371852,2025-10-19 08:09:05,43.3521118164062,-8.42613124847412,"Unknown"
"7014855",371852,2025-10-19 08:19:05,43.3520622253418,-8.42617988586426,"Unknown"
"7014855",371852,2025-10-19 08:29:05,43.3520698547363,-8.42613887786865,"Unknown"
"7014855",371852,2025-10-19 08:39:05,43.3520240783691,-8.42631530761719,"Unknown"
"7014855",371852,2025-10-19 08:49:05,43.3519973754883,-8.42634105682373,"Unknown"
"7014855",371852,2025-10-19 08:59:05,43.3519897460938,-8.42632102966309,"Unknown"
"7014855",371852,2025-10-19 09:09:05,43.3519706726074,-8.42630672454834,"Unknown"
"7014855",371852,2025-10-19 09:19:05,43.3519821166992,-8.42633247375488,"Unknown"
"7014855",371852,2025-10-19 09:29:05,43.351921081543,-8.42627143859863,"Unknown"
"7014855",371852,2025-10-19 09:39:05,43.3520278930664,-8.42632675170898,"Unknown"
"7014855",371852,2025-10-19 09:49:05,43.3520355224609,-8.42642021179199,"Unknown"
"7014855",371852,2025-10-19 09:59:05,43.3518714904785,-8.42627048492432,"Unknown"
"7014855",371852,2025-10-19 10:09:05,43.3520355224609,-8.42640781402588,"Unknown"
"7014855",371852,2025-10-19 10:19:05,43.3519439697266,-8.42629241943359,"Unknown"
"7014855",371852,2025-10-19 10:29:05,43.3519630432129,-8.42625617980957,"Unknown"
"7014855",371852,2025-10-19 10:39:05,43.3519325256348,-8.4262752532959,"Unknown"
"7014855",371852,2025-10-19 10:49:06,43.3517074584961,-8.42592144012451,"Unknown"
"7014855",371852,2025-10-19 10:59:07,43.351921081543,-8.42624568939209,"Unknown"
"7014855",371852,2025-10-19 11:09:06,43.3518943786621,-8.42624855041504,"Unknown"
"7014855",371852,2025-10-19 11:19:12,43.3520278930664,-8.42612171173096,"Unknown"
"7014855",371852,2025-10-19 11:29:04,43.3539161682129,-8.43304347991943,"Unknown"
"7014855",371852,2025-10-19 11:39:13,43.3520545959473,-8.42617893218994,"Unknown"
"7014855",371852,2025-10-19 11:49:14,43.3519859313965,-8.42643547058105,"Unknown"
"7014855",371852,2025-10-19 11:59:18,43.3517227172852,-8.43184661865234,"Unknown"
"7014855",371852,2025-10-19 12:09:06,43.3519668579102,-8.42614364624023,"Unknown"
"7014855",371852,2025-10-19 12:19:15,43.3534965515137,-8.43084716796875,"Unknown"
"7014855",371852,2025-10-19 12:29:14,43.3519630432129,-8.42604637145996,"Unknown"
"7014855",371852,2025-10-19 12:39:09,43.3521690368652,-8.42626190185547,"Unknown"
"7014855",371852,2025-10-19 12:49:10,43.3520355224609,-8.42607402801514,"Unknown"
"7014855",371852,2025-10-19 12:59:10,43.3559379577637,-8.43257999420166,"Unknown"
"7014855",371852,2025-10-19 13:09:17,43.3552894592285,-8.4338550567627,"Unknown"
"7014855",371852,2025-10-19 13:19:34,43.3519630432129,-8.4262056350708,"Unknown"
"7014855",371852,2025-10-19 13:29:03,43.3520469665527,-8.42619228363037,"Unknown"
"7014855",371852,2025-10-19 13:39:03,43.3519897460938,-8.4262228012085,"Unknown"
"7014855",371852,2025-10-19 13:49:03,43.3519821166992,-8.42615127563477,"Unknown"
"7014855",371852,2025-10-19 13:59:06,43.3519248962402,-8.42620277404785,"Unknown"
"7014855",371852,2025-10-19 14:09:04,43.3517875671387,-8.42620849609375,"Unknown"
"7014855",371852,2025-10-19 14:19:07,43.3518676757812,-8.42624378204346,"Unknown"
"7014855",371852,2025-10-19 14:29:07,43.3518447875977,-8.42625141143799,"Unknown"
"7014855",371852,2025-10-19 14:39:08,43.3518943786621,-8.42622470855713,"Unknown"
"7014855",371852,2025-10-19 14:49:09,43.3518753051758,-8.42627811431885,"Unknown"
"7014855",371852,2025-10-19 14:59:04,43.3518714904785,-8.42625141143799,"Unknown"
"7014855",371852,2025-10-19 15:09:04,43.3518676757812,-8.42617130279541,"Unknown"
"7014855",371852,2025-10-19 15:19:06,43.351879119873,-8.4261360168457,"Unknown"
"7014855",371852,2025-10-19 15:29:04,43.3519058227539,-8.42617607116699,"Unknown"
"7014855",371852,2025-10-19 15:39:04,43.351863861084,-8.42607879638672,"Unknown"
"7014855",371852,2025-10-19 15:49:05,43.351863861084,-8.42605781555176,"Unknown"
"7014855",371852,2025-10-19 15:59:04,43.3519554138184,-8.42614936828613,"Unknown"
"7014855",371852,2025-10-19 16:09:04,43.3519096374512,-8.42604446411133,"Unknown"
"7014855",371852,2025-10-19 16:19:13,43.3519172668457,-8.4260311126709,"Unknown"
"7014855",371852,2025-10-19 16:29:13,43.351936340332,-8.42594242095947,"Unknown"
"7014855",371852,2025-10-19 16:39:09,43.3520317077637,-8.42592811584473,"Unknown"
"7014855",371852,2025-10-19 16:49:04,43.352123260498,-8.42593193054199,"Unknown"
"7014855",371852,2025-10-19 16:59:05,43.3555793762207,-8.41986274719238,"Unknown"
"7014855",371852,2025-10-19 17:09:10,43.3520240783691,-8.42613506317139,"Unknown"
"7014855",371852,2025-10-19 17:19:06,43.3541870117188,-8.42295169830322,"Unknown"
"7014855",371852,2025-10-19 17:29:05,43.3520393371582,-8.42610931396484,"Unknown"
"7014855",371852,2025-10-19 17:39:06,43.3519554138184,-8.42624187469482,"Unknown"
"7014855",371852,2025-10-19 17:49:05,43.3518981933594,-8.42625045776367,"Unknown"
"7014855",371852,2025-10-19 17:59:05,43.3518867492676,-8.42625331878662,"Unknown"
"7014855",371852,2025-10-19 18:09:05,43.3519477844238,-8.42620468139648,"Unknown"
"7014855",371852,2025-10-19 18:19:05,43.3519325256348,-8.4262638092041,"Unknown"
"7014855",371852,2025-10-19 18:29:05,43.3518028259277,-8.42616367340088,"Unknown"
"7014855",371852,2025-10-19 18:39:06,43.3541717529297,-8.4267635345459,"Unknown"
"7014855",371852,2025-10-19 18:49:35,43.3520278930664,-8.42610549926758,"Unknown"
"7014855",371852,2025-10-19 18:59:03,43.3519973754883,-8.42617416381836,"Unknown"
"7014855",371852,2025-10-19 19:09:03,43.3519134521484,-8.42618656158447,"Unknown"
"7014855",371852,2025-10-19 19:19:03,43.3519668579102,-8.42618465423584,"Unknown"
"7014855",371852,2025-10-19 19:29:05,43.3519439697266,-8.42618179321289,"Unknown"
"7014855",371852,2025-10-19 19:39:12,43.3522644042969,-8.42541122436523,"Unknown"
"7014855",371852,2025-10-19 19:49:05,43.3519897460938,-8.42620372772217,"Unknown"
"7014855",371852,2025-10-19 19:59:05,43.3520660400391,-8.4262809753418,"Unknown"
"7014855",371852,2025-10-19 20:09:12,43.3520011901855,-8.42617511749268,"Unknown"
"7014855",371852,2025-10-19 20:19:13,43.3520202636719,-8.42614459991455,"Unknown"
"7014855",371852,2025-10-19 20:29:05,43.3519020080566,-8.42622184753418,"Unknown"
"7014855",371852,2025-10-19 20:39:07,43.3519821166992,-8.42624282836914,"Unknown"
"7014855",371852,2025-10-19 20:49:07,43.3517150878906,-8.42477416992188,"Unknown"
"7014855",371852,2025-10-19 20:59:12,43.3514137268066,-8.42429637908936,"Unknown"
"7014855",371852,2025-10-19 21:09:07,43.3511810302734,-8.4238395690918,"Unknown"
"7014855",371852,2025-10-19 21:19:08,43.3371849060059,-8.40325355529785,"Unknown"
"7014855",371852,2025-10-19 21:29:17,43.3667602539062,-8.4061918258667,"Unknown"
"7014855",371852,2025-10-19 21:39:07,43.3504295349121,-8.42300033569336,"Unknown"
"7014855",371852,2025-10-19 21:49:05,43.3513793945312,-8.42451667785645,"Unknown"
"7014855",371852,2025-10-19 21:59:35,43.3519668579102,-8.42616271972656,"Unknown"
"7014855",371852,2025-10-19 22:09:03,43.3520965576172,-8.42632579803467,"Unknown"
"7014855",371852,2025-10-19 22:19:04,43.3520622253418,-8.42627334594727,"Unknown"
"7014855",371852,2025-10-19 22:29:04,43.3521385192871,-8.42636871337891,"Unknown"
"7014855",371852,2025-10-19 22:39:05,43.3484878540039,-8.41948890686035,"Unknown"
"7014855",371852,2025-10-19 22:49:05,43.350772857666,-8.41808223724365,"Unknown"
"7014855",371852,2025-10-19 22:59:06,43.3508529663086,-8.41731739044189,"Unknown"
"7014855",371852,2025-10-19 23:09:07,43.3505363464355,-8.41647529602051,"Unknown"
"7014855",371852,2025-10-19 23:19:12,43.351879119873,-8.42611980438232,"Unknown"
"7014855",371852,2025-10-19 23:29:17,43.3519058227539,-8.4262056350708,"Unknown"
"7014855",371852,2025-10-19 23:39:11,43.351879119873,-8.42621898651123,"Unknown"
"7014855",371852,2025-10-19 23:49:09,43.3518867492676,-8.42621803283691,"Unknown"
"7014855",371852,2025-10-19 23:59:13,43.3519058227539,-8.42626190185547,"Unknown"
"7014855",371852,2025-10-20 00:09:14,43.3520088195801,-8.4262809753418,"Unknown"
"7014855",371852,2025-10-20 00:19:09,43.3519592285156,-8.42631816864014,"Unknown"
"7014855",371852,2025-10-20 00:29:10,43.3520889282227,-8.42631053924561,"Unknown"
"7014855",371852,2025-10-20 00:39:10,43.3519744873047,-8.42624473571777,"Unknown"
"7014855",371852,2025-10-20 00:49:15,43.3514556884766,-8.42629909515381,"Unknown"
"7014855",371852,2025-10-20 00:59:22,43.3566131591797,-8.42238426208496,"Unknown"
"7014855",371852,2025-10-20 01:09:11,43.3614807128906,-8.42835140228271,"Unknown"
"7014855",371852,2025-10-20 01:19:14,43.3573379516602,-8.4247522354126,"Unknown"
"7014855",371852,2025-10-20 01:29:10,43.3520584106445,-8.42627143859863,"Unknown"
"7014855",371852,2025-10-20 01:39:28,43.3520622253418,-8.42632865905762,"Unknown"
"7014855",371852,2025-10-20 01:49:08,43.3519897460938,-8.42622756958008,"Unknown"
"7014855",371852,2025-10-20 01:59:10,43.3519439697266,-8.42656421661377,"Unknown"
"7014855",371852,2025-10-20 02:09:07,43.351993560791,-8.42614364624023,"Unknown"
"7014855",371852,2025-10-20 02:19:06,43.3519668579102,-8.42620086669922,"Unknown"
"7014855",371852,2025-10-20 02:29:06,43.3520126342773,-8.42623996734619,"Unknown"
"7014855",371852,2025-10-20 02:39:07,43.3520278930664,-8.4260950088501,"Unknown"
"7014855",371852,2025-10-20 02:49:09,43.3520660400391,-8.42609310150146,"Unknown"
"7014855",371852,2025-10-20 02:59:06,43.3507041931152,-8.43125438690186,"Unknown"
"7014855",371852,2025-10-20 03:09:07,43.3520851135254,-8.42608165740967,"Unknown"
"7014855",371852,2025-10-20 03:19:07,43.3521041870117,-8.42610263824463,"Unknown"
"7014855",371852,2025-10-20 03:29:07,43.3521003723145,-8.42608547210693,"Unknown"
"7014855",371852,2025-10-20 03:39:06,43.3520965576172,-8.42604923248291,"Unknown"
"7014855",371852,2025-10-20 03:49:07,43.3521003723145,-8.42610263824463,"Unknown"
"7014855",371852,2025-10-20 03:59:07,43.352108001709,-8.42612648010254,"Unknown"
"7014855",371852,2025-10-20 04:09:07,43.3521881103516,-8.42609786987305,"Unknown"
"7014855",371852,2025-10-20 04:19:06,43.3523597717285,-8.42636585235596,"Unknown"
"7014855",371852,2025-10-20 04:29:06,43.3525581359863,-8.42595100402832,"Unknown"
"7014855",371852,2025-10-20 04:39:06,43.3515548706055,-8.4264440536499,"Unknown"
"7014855",371852,2025-10-20 04:49:07,43.3523445129395,-8.42564487457275,"Unknown"
"7014855",371852,2025-10-20 04:59:06,43.3518142700195,-8.42602443695068,"Unknown"
"7014855",371852,2025-10-20 05:09:06,43.3513259887695,-8.42584419250488,"Unknown"
"7014855",371852,2025-10-20 05:19:06,43.3514175415039,-8.42583084106445,"Unknown"
"7014855",371852,2025-10-20 05:29:06,43.3519592285156,-8.42614555358887,"Unknown"
"7014855",371852,2025-10-20 05:39:07,43.3516616821289,-8.42617988586426,"Unknown"
"7014855",371852,2025-10-20 05:49:12,43.3516578674316,-8.42597770690918,"Unknown"
"7014855",371852,2025-10-20 05:59:10,43.3515853881836,-8.42595195770264,"Unknown"
"7014855",371852,2025-10-20 06:09:06,43.3516807556152,-8.42603397369385,"Unknown"
"7014855",371852,2025-10-20 06:19:10,43.3517227172852,-8.42596435546875,"Unknown"
"7014855",371852,2025-10-20 06:29:06,43.3518714904785,-8.42618751525879,"Unknown"
"7014855",371852,2025-10-20 06:39:13,43.3518371582031,-8.42607021331787,"Unknown"
"7014855",371852,2025-10-20 06:49:14,43.3518714904785,-8.42610549926758,"Unknown"
"7014855",371852,2025-10-20 06:59:07,43.3518753051758,-8.42604160308838,"Unknown"
"7014855",371852,2025-10-20 07:09:14,43.351676940918,-8.42586421966553,"Unknown"
"7014855",371852,2025-10-20 07:19:17,43.3516807556152,-8.42594051361084,"Unknown"
"7014855",371852,2025-10-20 07:29:17,43.3514785766602,-8.42670249938965,"Unknown"
"7014855",371852,2025-10-20 07:39:12,43.3517189025879,-8.4257869720459,"Unknown"
"7014855",371852,2025-10-20 07:49:14,43.3518409729004,-8.42587757110596,"Unknown"
"7014855",371852,2025-10-20 07:59:20,43.351978302002,-8.42581748962402,"Unknown"
"7014855",371852,2025-10-20 08:09:20,43.3519401550293,-8.42578506469727,"Unknown"
"7014855",371852,2025-10-20 08:19:20,43.3519134521484,-8.42578887939453,"Unknown"
"7014855",371852,2025-10-20 08:29:22,43.3518486022949,-8.42583084106445,"Unknown"
"7014855",371852,2025-10-20 08:39:27,43.3517951965332,-8.42588520050049,"Unknown"
"7014855",371852,2025-10-20 08:49:34,43.3518829345703,-8.42610549926758,"Unknown"
"7014855",371852,2025-10-20 08:59:05,43.3519744873047,-8.42621231079102,"Unknown"
"7014855",371852,2025-10-20 09:09:05,43.351978302002,-8.42618083953857,"Unknown"
"7014855",371852,2025-10-20 09:19:05,43.3519592285156,-8.42629241943359,"Unknown"
"7014855",371852,2025-10-20 09:29:05,43.3519630432129,-8.42622947692871,"Unknown"
"7014855",371852,2025-10-20 09:39:05,43.3519859313965,-8.42622756958008,"Unknown"
"7014855",371852,2025-10-20 09:49:05,43.3520088195801,-8.42624282836914,"Unknown"
"7014855",371852,2025-10-20 09:59:05,43.3519592285156,-8.42631244659424,"Unknown"
"7014855",371852,2025-10-20 10:09:05,43.3519477844238,-8.42636775970459,"Unknown"
"7014855",371852,2025-10-20 10:19:05,43.3519973754883,-8.42644119262695,"Unknown"
"7014855",371852,2025-10-20 10:29:05,43.3519821166992,-8.42641830444336,"Unknown"
"7014855",371852,2025-10-20 10:39:06,43.3520126342773,-8.42647266387939,"Unknown"
"7014855",371852,2025-10-20 10:49:06,43.351993560791,-8.42627239227295,"Unknown"
"7014855",371852,2025-10-20 10:59:06,43.3519515991211,-8.42620849609375,"Unknown"
"7014855",371852,2025-10-20 11:09:10,43.3520011901855,-8.42613410949707,"Unknown"
"7014855",371852,2025-10-20 11:19:06,43.3520011901855,-8.42614078521729,"Unknown"
"7014855",371852,2025-10-20 11:29:06,43.3519821166992,-8.42610454559326,"Unknown"
"7014855",371852,2025-10-20 11:39:06,43.3519515991211,-8.42609596252441,"Unknown"
"7014855",371852,2025-10-20 11:49:06,43.3519401550293,-8.42601585388184,"Unknown"
"7014855",371852,2025-10-20 11:59:06,43.3519515991211,-8.42607688903809,"Unknown"
"7014855",371852,2025-10-20 12:09:06,43.3519058227539,-8.42603492736816,"Unknown"
"7014855",371852,2025-10-20 12:19:06,43.351936340332,-8.42613506317139,"Unknown"
"7014855",371852,2025-10-20 12:29:06,43.3518829345703,-8.42621231079102,"Unknown"
"7014855",371852,2025-10-20 12:39:06,43.3518524169922,-8.42615795135498,"Unknown"
"7014855",371852,2025-10-20 12:49:06,43.3519058227539,-8.42615032196045,"Unknown"
"7014855",371852,2025-10-20 12:59:06,43.3518714904785,-8.42613792419434,"Unknown"
"7014855",371852,2025-10-20 13:09:05,43.3518600463867,-8.42605495452881,"Unknown"
"7014855",371852,2025-10-20 13:19:06,43.3520126342773,-8.42612075805664,"Unknown"
"7014855",371852,2025-10-20 13:29:06,43.3520965576172,-8.42625331878662,"Unknown"
"7014855",371852,2025-10-20 13:39:06,43.3520774841309,-8.42621040344238,"Unknown"
"7014855",371852,2025-10-20 13:49:14,43.3521003723145,-8.42664432525635,"Unknown"
"7014855",371852,2025-10-20 13:59:09,43.3518943786621,-8.42613887786865,"Unknown"
"7014855",371852,2025-10-20 14:09:09,43.3520088195801,-8.42646026611328,"Unknown"
"7014855",371852,2025-10-20 14:19:09,43.3519630432129,-8.42642974853516,"Unknown"
"7014855",371852,2025-10-20 14:29:09,43.3519706726074,-8.42652130126953,"Unknown"
"7014855",371852,2025-10-20 14:39:11,43.3519554138184,-8.42649555206299,"Unknown"
"7014855",371852,2025-10-20 14:49:35,43.3519706726074,-8.42617607116699,"Unknown"
"7014855",371852,2025-10-20 14:59:06,43.3518943786621,-8.42611885070801,"Unknown"
"7014855",371852,2025-10-20 15:09:05,43.3519134521484,-8.42615795135498,"Unknown"
"7014855",371852,2025-10-20 15:19:05,43.3518905639648,-8.42614555358887,"Unknown"
"7014855",371852,2025-10-20 15:29:06,43.3519172668457,-8.42618370056152,"Unknown"
"7014855",371852,2025-10-20 15:39:05,43.3518905639648,-8.42610549926758,"Unknown"
"7014855",371852,2025-10-20 15:49:05,43.3519096374512,-8.42603492736816,"Unknown"
"7014855",371852,2025-10-20 15:59:05,43.3519287109375,-8.42618274688721,"Unknown"
"7014855",371852,2025-10-20 16:09:05,43.351806640625,-8.4260778427124,"Unknown"
"7014855",371852,2025-10-20 16:19:06,43.3518486022949,-8.42638492584229,"Unknown"
"7014855",371852,2025-10-20 16:29:05,43.3521728515625,-8.42635154724121,"Unknown"
"7014855",371852,2025-10-20 16:39:05,43.3520469665527,-8.42627906799316,"Unknown"
"7014855",371852,2025-10-20 16:49:06,43.3520202636719,-8.42621612548828,"Unknown"
"7014855",371852,2025-10-20 16:59:06,43.3520126342773,-8.42621231079102,"Unknown"
"7014855",371852,2025-10-20 17:09:06,43.351993560791,-8.42618560791016,"Unknown"
"7014855",371852,2025-10-20 17:19:06,43.3520050048828,-8.42621612548828,"Unknown"
"7014855",371852,2025-10-20 17:29:09,43.351936340332,-8.42583084106445,"Unknown"
"7014855",371852,2025-10-20 17:39:10,43.3520469665527,-8.4262866973877,"Unknown"
"7014855",371852,2025-10-20 17:49:09,43.3520622253418,-8.42619609832764,"Unknown"
"7014855",371852,2025-10-20 17:59:07,43.3520698547363,-8.42630290985107,"Unknown"
"7014855",371852,2025-10-20 18:09:11,43.3521423339844,-8.42626094818115,"Unknown"
"7014855",371852,2025-10-20 18:19:10,43.3521461486816,-8.42624282836914,"Unknown"
"7014855",371852,2025-10-20 18:29:11,43.3521919250488,-8.4262523651123,"Unknown"
"7014855",371852,2025-10-20 18:39:12,43.3523254394531,-8.4262523651123,"Unknown"
"7014855",371852,2025-10-20 18:49:06,43.3523941040039,-8.42651653289795,"Unknown"
"7014855",371852,2025-10-20 18:59:06,43.3523254394531,-8.42645359039307,"Unknown"
"7014855",371852,2025-10-20 19:09:07,43.3523750305176,-8.4262866973877,"Unknown"
"7014855",371852,2025-10-20 19:19:13,43.3523750305176,-8.42625999450684,"Unknown"
"7014855",371852,2025-10-20 19:29:07,43.3521575927734,-8.42639446258545,"Unknown"
"7014855",371852,2025-10-20 19:39:06,43.3518676757812,-8.42684268951416,"Unknown"
"7014855",371852,2025-10-20 19:49:07,43.352123260498,-8.42635059356689,"Unknown"
"7014855",371852,2025-10-20 19:59:06,43.3516159057617,-8.4271125793457,"Unknown"
"7014855",371852,2025-10-20 20:09:09,43.3521881103516,-8.42636775970459,"Unknown"
"7014855",371852,2025-10-20 20:19:06,43.3522491455078,-8.42631530761719,"Unknown"
"7014855",371852,2025-10-20 20:29:06,43.3523368835449,-8.42621898651123,"Unknown"
"7014855",371852,2025-10-20 20:39:06,43.3522758483887,-8.42625331878662,"Unknown"
"7014855",371852,2025-10-20 20:49:06,43.3521919250488,-8.42626953125,"Unknown"
"7014855",371852,2025-10-20 20:59:06,43.3522109985352,-8.42623805999756,"Unknown"
"7014855",371852,2025-10-20 21:09:06,43.3521957397461,-8.42629718780518,"Unknown"
"7014855",371852,2025-10-20 21:19:06,43.3521766662598,-8.42624187469482,"Unknown"
"7014855",371852,2025-10-20 21:29:06,43.352123260498,-8.42618560791016,"Unknown"
"7014855",371852,2025-10-20 21:39:06,43.3521881103516,-8.42630481719971,"Unknown"
"7014855",371852,2025-10-20 21:49:07,43.3520240783691,-8.42601299285889,"Unknown"
"7014855",371852,2025-10-20 21:59:09,43.3519668579102,-8.42586803436279,"Unknown"
"7014855",371852,2025-10-20 22:09:10,43.3520812988281,-8.42572212219238,"Unknown"
"7014855",371852,2025-10-20 22:19:07,43.3520545959473,-8.42585945129395,"Unknown"
"7014855",371852,2025-10-20 22:29:07,43.3520736694336,-8.42593193054199,"Unknown"
"7014855",371852,2025-10-20 22:39:07,43.3521156311035,-8.42610359191895,"Unknown"
"7014855",371852,2025-10-20 22:49:09,43.352367401123,-8.425705909729,"Unknown"
"7014855",371852,2025-10-20 22:59:06,43.3523902893066,-8.42598152160645,"Unknown"
"7014855",371852,2025-10-20 23:09:06,43.352294921875,-8.42593288421631,"Unknown"
"7014855",371852,2025-10-20 23:19:06,43.3522338867188,-8.42591190338135,"Unknown"
"7014855",371852,2025-10-20 23:29:06,43.3523101806641,-8.42586994171143,"Unknown"
"7014855",371852,2025-10-20 23:39:06,43.3523025512695,-8.42588424682617,"Unknown"
"7014855",371852,2025-10-20 23:49:06,43.3523902893066,-8.4260368347168,"Unknown"
"7014855",371852,2025-10-20 23:59:06,43.3522453308105,-8.42591571807861,"Unknown"
"7014855",371852,2025-10-21 00:09:06,43.3522682189941,-8.4259614944458,"Unknown"
"7014855",371852,2025-10-21 00:19:06,43.3522567749023,-8.42583274841309,"Unknown"
"7014855",371852,2025-10-21 00:29:07,43.3522148132324,-8.42599868774414,"Unknown"
"7014855",371852,2025-10-21 00:39:09,43.3518371582031,-8.42581462860107,"Unknown"
"7014855",371852,2025-10-21 00:49:07,43.3512344360352,-8.42555522918701,"Unknown"
"7014855",371852,2025-10-21 00:59:10,43.3518905639648,-8.42584609985352,"Unknown"
"7014855",371852,2025-10-21 01:09:07,43.3520851135254,-8.42518997192383,"Unknown"
"7014855",371852,2025-10-21 01:19:07,43.3527793884277,-8.42643260955811,"Unknown"
"7014855",371852,2025-10-21 01:29:07,43.3527183532715,-8.42642498016357,"Unknown"
"7014855",371852,2025-10-21 01:39:13,43.3527526855469,-8.42626667022705,"Unknown"
"7014855",371852,2025-10-21 01:49:11,43.3526573181152,-8.42609024047852,"Unknown"
"7014855",371852,2025-10-21 01:59:11,43.3526000976562,-8.42611694335938,"Unknown"
"7014855",371852,2025-10-21 02:09:12,43.3523788452148,-8.42608070373535,"Unknown"
"7014855",371852,2025-10-21 02:19:33,43.3521766662598,-8.42626571655273,"Unknown"
"7014855",371852,2025-10-21 02:29:04,43.3520317077637,-8.42625141143799,"Unknown"
"7014855",371852,2025-10-21 02:39:04,43.3520202636719,-8.4262580871582,"Unknown"
"7014855",371852,2025-10-21 02:49:06,43.3520164489746,-8.42622375488281,"Unknown"
"7014855",371852,2025-10-21 02:59:04,43.3520584106445,-8.42612457275391,"Unknown"
"7014855",371852,2025-10-21 03:09:04,43.351993560791,-8.42621040344238,"Unknown"
"7014855",371852,2025-10-21 03:19:04,43.3520584106445,-8.42617225646973,"Unknown"
"7014855",371852,2025-10-21 03:29:06,43.3520088195801,-8.42624950408936,"Unknown"
"7014855",371852,2025-10-21 03:39:05,43.3519287109375,-8.42616367340088,"Unknown"
"7014855",371852,2025-10-21 03:49:05,43.3520164489746,-8.4262056350708,"Unknown"
"7014855",371852,2025-10-21 03:59:05,43.3520393371582,-8.42617321014404,"Unknown"
"7014855",371852,2025-10-21 04:09:05,43.3519592285156,-8.42619132995605,"Unknown"
"7014855",371852,2025-10-21 04:19:05,43.3518218994141,-8.42618846893311,"Unknown"
"7014855",371852,2025-10-21 04:29:05,43.3519058227539,-8.42619132995605,"Unknown"
"7014855",371852,2025-10-21 04:39:05,43.3520355224609,-8.42619895935059,"Unknown"
"7014855",371852,2025-10-21 04:49:08,43.3516883850098,-8.42628860473633,"Unknown"
"7014855",371852,2025-10-21 04:59:05,43.3519401550293,-8.42612552642822,"Unknown"
"7014855",371852,2025-10-21 05:09:35,43.3519020080566,-8.42613410949707,"Unknown"
"7014855",371852,2025-10-21 05:19:04,43.351978302002,-8.42617225646973,"Unknown"
"7014855",371852,2025-10-21 05:29:04,43.3519706726074,-8.42625045776367,"Unknown"
"7014855",371852,2025-10-21 05:39:04,43.3519859313965,-8.42623329162598,"Unknown"
"7014855",371852,2025-10-21 05:49:04,43.3519439697266,-8.42622852325439,"Unknown"
"7014855",371852,2025-10-21 05:59:04,43.3519439697266,-8.42624187469482,"Unknown"
"7014855",371852,2025-10-21 06:09:04,43.3519897460938,-8.42620658874512,"Unknown"
"7014855",371852,2025-10-21 06:19:04,43.3519668579102,-8.42625904083252,"Unknown"
"7014855",371852,2025-10-21 06:29:05,43.3519859313965,-8.42624568939209,"Unknown"
"7014855",371852,2025-10-21 06:39:05,43.3519592285156,-8.42624568939209,"Unknown"
"7014855",371852,2025-10-21 06:49:04,43.3519744873047,-8.42622756958008,"Unknown"
"7014855",371852,2025-10-21 06:59:05,43.3520050048828,-8.42622184753418,"Unknown"
"7014855",371852,2025-10-21 07:09:05,43.351978302002,-8.42623710632324,"Unknown"
"7014855",371852,2025-10-21 07:19:12,43.3520126342773,-8.42626190185547,"Unknown"
"7014855",371852,2025-10-21 07:29:06,43.3520469665527,-8.42629432678223,"Unknown"
"7014855",371852,2025-10-21 07:39:05,43.3520050048828,-8.42624282836914,"Unknown"
"7014855",371852,2025-10-21 07:49:18,43.3520240783691,-8.42630386352539,"Unknown"
"7014855",371852,2025-10-21 07:59:06,43.3520660400391,-8.42630958557129,"Unknown"
"7014855",371852,2025-10-21 08:09:05,43.3520584106445,-8.42626571655273,"Unknown"
"7014855",371852,2025-10-21 08:19:05,43.3520660400391,-8.42625999450684,"Unknown"
"7014855",371852,2025-10-21 08:29:05,43.3520469665527,-8.42634296417236,"Unknown"
"7014855",371852,2025-10-21 08:39:05,43.3520622253418,-8.42636775970459,"Unknown"
"7014855",371852,2025-10-21 08:49:05,43.352123260498,-8.42622375488281,"Unknown"
"7014855",371852,2025-10-21 08:59:06,43.3520545959473,-8.42631149291992,"Unknown"
"7014855",371852,2025-10-21 09:09:06,43.3520851135254,-8.42622375488281,"Unknown"
"7014855",371852,2025-10-21 09:19:06,43.3520736694336,-8.4262523651123,"Unknown"
"7014855",371852,2025-10-21 09:29:06,43.3521118164062,-8.42610836029053,"Unknown"
"7014855",371852,2025-10-21 09:39:07,43.3520660400391,-8.4260835647583,"Unknown"
"7014855",371852,2025-10-21 09:49:07,43.3520774841309,-8.42607593536377,"Unknown"
"7014855",371852,2025-10-21 09:59:07,43.3520355224609,-8.42611503601074,"Unknown"
"7014855",371852,2025-10-21 10:09:06,43.351993560791,-8.42588806152344,"Unknown"
"7014855",371852,2025-10-21 10:19:07,43.3520317077637,-8.426194190979,"Unknown"
"7014855",371852,2025-10-21 10:29:09,43.3520927429199,-8.42613697052002,"Unknown"
"7014855",371852,2025-10-21 10:39:09,43.3520660400391,-8.42612171173096,"Unknown"
"7014855",371852,2025-10-21 10:49:07,43.3521499633789,-8.42610454559326,"Unknown"
"7014855",371852,2025-10-21 10:59:09,43.3521499633789,-8.42609214782715,"Unknown"
"7014855",371852,2025-10-21 11:09:08,43.3520812988281,-8.42602634429932,"Unknown"
"7014855",371852,2025-10-21 11:19:06,43.3521308898926,-8.42595386505127,"Unknown"
"7014855",371852,2025-10-21 11:29:06,43.3521308898926,-8.42607402801514,"Unknown"
"7014855",371852,2025-10-21 11:39:06,43.3521308898926,-8.42608737945557,"Unknown"
"7014855",371852,2025-10-21 11:49:06,43.3521041870117,-8.42599487304688,"Unknown"
"7014855",371852,2025-10-21 11:59:06,43.3520393371582,-8.42616748809814,"Unknown"
"7014855",371852,2025-10-21 12:09:08,43.3518600463867,-8.42611980438232,"Unknown"
"7014855",371852,2025-10-21 12:19:07,43.3518867492676,-8.42602157592773,"Unknown"
"7014855",371852,2025-10-21 12:29:07,43.3518905639648,-8.42597770690918,"Unknown"
"7014855",371852,2025-10-21 12:39:06,43.352222442627,-8.42625617980957,"Unknown"
"7014855",371852,2025-10-21 12:49:07,43.351879119873,-8.42607402801514,"Unknown"
"7014855",371852,2025-10-21 12:59:06,43.3522109985352,-8.42635536193848,"Unknown"
"7014855",371852,2025-10-21 13:09:06,43.3521881103516,-8.42617893218994,"Unknown"
"7014855",371852,2025-10-21 13:14:06,43.3519973754883,-8.42604160308838,"Unknown"
"7014855",371852,2025-10-21 13:19:05,43.3518104553223,-8.42589092254639,"Unknown"
"7014855",371852,2025-10-21 13:24:06,43.3520355224609,-8.42604732513428,"Unknown"
"7014855",371852,2025-10-21 13:29:06,43.35205078125,-8.42604351043701,"Unknown"
"7014855",371852,2025-10-21 13:39:06,43.351921081543,-8.42612934112549,"Unknown"
"7014855",371852,2025-10-21 13:44:06,43.3518905639648,-8.42609024047852,"Unknown"
"7014855",371852,2025-10-21 13:49:06,43.3519248962402,-8.42623615264893,"Unknown"
"7014855",371852,2025-10-21 13:54:06,43.3519630432129,-8.42609977722168,"Unknown"
"7014855",371852,2025-10-21 13:59:06,43.3519096374512,-8.42612648010254,"Unknown"
"7014855",371852,2025-10-21 14:04:06,43.351863861084,-8.42606353759766,"Unknown"
"7014855",371852,2025-10-21 14:09:06,43.3518867492676,-8.42596244812012,"Unknown"
"7014855",371852,2025-10-21 14:14:06,43.3518753051758,-8.4261302947998,"Unknown"
"7014855",371852,2025-10-21 14:19:06,43.3518600463867,-8.42602920532227,"Unknown"
"7014855",371852,2025-10-21 14:24:06,43.351879119873,-8.42606163024902,"Unknown"
"7014855",371852,2025-10-21 14:29:06,43.3519134521484,-8.42598915100098,"Unknown"
"7014855",371852,2025-10-21 14:34:06,43.3519248962402,-8.42602634429932,"Unknown"
"7014855",371852,2025-10-21 14:39:06,43.3519668579102,-8.42600536346436,"Unknown"
"7014855",371852,2025-10-21 14:44:06,43.3519172668457,-8.42605686187744,"Unknown"
"7014855",371852,2025-10-21 14:49:05,43.3519515991211,-8.42598628997803,"Unknown"
"7014855",371852,2025-10-21 14:54:35,43.3519287109375,-8.42604923248291,"Unknown"
"7014855",371852,2025-10-21 14:59:04,43.3519477844238,-8.42616367340088,"Unknown"
"7014855",371852,2025-10-21 15:04:05,43.3519630432129,-8.42616367340088,"Unknown"
"7014855",371852,2025-10-21 15:09:05,43.3519592285156,-8.42616271972656,"Unknown"
"7014855",371852,2025-10-21 15:14:05,43.3519668579102,-8.42620944976807,"Unknown"
"7014855",371852,2025-10-21 15:19:05,43.3520431518555,-8.42628479003906,"Unknown"
"7014855",371852,2025-10-21 15:24:05,43.3520317077637,-8.42626762390137,"Unknown"
"7014855",371852,2025-10-21 15:29:05,43.3520393371582,-8.4262580871582,"Unknown"
"7014855",371852,2025-10-21 15:34:05,43.3520278930664,-8.42626094818115,"Unknown"
"7014855",371852,2025-10-21 15:39:05,43.3520736694336,-8.42626571655273,"Unknown"
"7014855",371852,2025-10-21 15:44:05,43.3520393371582,-8.42624187469482,"Unknown"
"7014855",371852,2025-10-21 15:49:05,43.352108001709,-8.42628860473633,"Unknown"
"7014855",371852,2025-10-21 15:54:05,43.3520774841309,-8.42630863189697,"Unknown"
"7014855",371852,2025-10-21 15:59:05,43.3520698547363,-8.4262752532959,"Unknown"
"7014855",371852,2025-10-21 16:04:05,43.3520774841309,-8.42630290985107,"Unknown"
"7014855",371852,2025-10-21 16:09:05,43.3520965576172,-8.42624950408936,"Unknown"
"7014855",371852,2025-10-21 16:14:05,43.3520317077637,-8.42631721496582,"Unknown"
"7014855",371852,2025-10-21 16:19:05,43.352123260498,-8.42633438110352,"Unknown"
"7014855",371852,2025-10-21 16:24:05,43.3521575927734,-8.42628955841064,"Unknown"
"7014855",371852,2025-10-21 16:29:05,43.352165222168,-8.42634296417236,"Unknown"
"7014855",371852,2025-10-21 16:34:05,43.3520927429199,-8.42631721496582,"Unknown"
"7014855",371852,2025-10-21 16:39:05,43.3520889282227,-8.4262638092041,"Unknown"
"7014855",371852,2025-10-21 16:44:05,43.3521194458008,-8.42623710632324,"Unknown"
"7014855",371852,2025-10-21 16:49:05,43.3519973754883,-8.42618465423584,"Unknown"
"7014855",371852,2025-10-21 16:54:05,43.3519134521484,-8.4261474609375,"Unknown"
"7014855",371852,2025-10-21 16:59:05,43.3519897460938,-8.42618560791016,"Unknown"
"7014855",371852,2025-10-21 17:04:05,43.3521537780762,-8.42618656158447,"Unknown"
"7014855",371852,2025-10-21 17:09:06,43.3521919250488,-8.4262170791626,"Unknown"
"7014855",371852,2025-10-21 17:14:07,43.3519134521484,-8.42608737945557,"Unknown"
"7014855",371852,2025-10-21 17:19:35,43.3519744873047,-8.42613410949707,"Unknown"
"7014855",371852,2025-10-21 17:24:04,43.3519859313965,-8.42614841461182,"Unknown"
"7014855",371852,2025-10-21 17:29:04,43.3519744873047,-8.42619228363037,"Unknown"
"7014855",371852,2025-10-21 17:34:04,43.3520164489746,-8.42614555358887,"Unknown"
"7014855",371852,2025-10-21 17:39:05,43.3519897460938,-8.42616176605225,"Unknown"
"7014855",371852,2025-10-21 17:44:05,43.3518867492676,-8.4261360168457,"Unknown"
"7014855",371852,2025-10-21 17:49:05,43.3519859313965,-8.4261360168457,"Unknown"
"7014855",371852,2025-10-21 17:54:05,43.3519706726074,-8.42616558074951,"Unknown"
"7014855",371852,2025-10-21 17:59:05,43.3519897460938,-8.42621040344238,"Unknown"
"7014855",371852,2025-10-21 18:04:05,43.3519821166992,-8.42620754241943,"Unknown"
"7014855",371852,2025-10-21 18:09:05,43.3519439697266,-8.42622661590576,"Unknown"
"7014855",371852,2025-10-21 18:14:05,43.3519630432129,-8.42620658874512,"Unknown"
"7014855",371852,2025-10-21 18:19:05,43.351993560791,-8.42617416381836,"Unknown"
"7014855",371852,2025-10-21 18:24:05,43.3519554138184,-8.42619037628174,"Unknown"
"7014855",371852,2025-10-21 18:29:05,43.3519515991211,-8.42621898651123,"Unknown"
"7014855",371852,2025-10-21 18:34:05,43.3519630432129,-8.42624092102051,"Unknown"
"7014855",371852,2025-10-21 18:39:05,43.3519439697266,-8.4262580871582,"Unknown"
"7014855",371852,2025-10-21 18:44:05,43.3520126342773,-8.42625713348389,"Unknown"
"7014855",371852,2025-10-21 18:49:05,43.3519401550293,-8.42622375488281,"Unknown"
"7014855",371852,2025-10-21 18:54:05,43.3518829345703,-8.42622947692871,"Unknown"
"7014855",371852,2025-10-21 18:59:05,43.3519096374512,-8.42621231079102,"Unknown"
"7014855",371852,2025-10-21 19:04:05,43.3518524169922,-8.42612266540527,"Unknown"
"7014855",371852,2025-10-21 19:09:05,43.3518028259277,-8.42609405517578,"Unknown"
"7014855",371852,2025-10-21 19:14:06,43.3520851135254,-8.42634963989258,"Unknown"
"7014855",371852,2025-10-21 19:19:06,43.3517951965332,-8.42606830596924,"Unknown"
"7014855",371852,2025-10-21 19:24:09,43.3518753051758,-8.42610740661621,"Unknown"
"7014855",371852,2025-10-21 19:29:06,43.3519134521484,-8.42615509033203,"Unknown"
"7014855",371852,2025-10-21 19:34:05,43.3519744873047,-8.42630863189697,"Unknown"
"7014855",371852,2025-10-21 19:39:12,43.3518981933594,-8.42606639862061,"Unknown"
"7014855",371852,2025-10-21 19:44:07,43.3519058227539,-8.42604827880859,"Unknown"
"7014855",371852,2025-10-21 19:49:05,43.3522300720215,-8.42708969116211,"Unknown"
"7014855",371852,2025-10-21 19:54:06,43.3518905639648,-8.42600917816162,"Unknown"
"7014855",371852,2025-10-21 19:59:06,43.3519248962402,-8.42591190338135,"Unknown"
"7014855",371852,2025-10-21 20:04:07,43.3518676757812,-8.42597198486328,"Unknown"
"7014855",371852,2025-10-21 20:09:12,43.3519630432129,-8.42613983154297,"Unknown"
"7014855",371852,2025-10-21 20:14:07,43.3519096374512,-8.42593002319336,"Unknown"
"7014855",371852,2025-10-21 20:19:07,43.3519630432129,-8.42598915100098,"Unknown"
"7014855",371852,2025-10-21 20:29:07,43.3518867492676,-8.42595291137695,"Unknown"
"7014855",371852,2025-10-21 20:34:08,43.3519287109375,-8.42606163024902,"Unknown"
"7014855",371852,2025-10-21 20:44:35,43.3519248962402,-8.42622661590576,"Unknown"
"7014855",371852,2025-10-21 20:49:06,43.351921081543,-8.42623233795166,"Unknown"
"7014855",371852,2025-10-21 20:54:06,43.3518981933594,-8.42632293701172,"Unknown"
"7014855",371852,2025-10-21 21:04:05,43.3519554138184,-8.42621803283691,"Unknown"
"7014855",371852,2025-10-21 21:14:05,43.3519744873047,-8.42625522613525,"Unknown"
"7014855",371852,2025-10-21 21:19:06,43.3519592285156,-8.42623233795166,"Unknown"
"7014855",371852,2025-10-21 21:29:06,43.3519477844238,-8.42616844177246,"Unknown"
"7014855",371852,2025-10-21 21:34:05,43.3519287109375,-8.42620658874512,"Unknown"
"7014855",371852,2025-10-21 21:44:05,43.3520851135254,-8.42623233795166,"Unknown"
"7014855",371852,2025-10-21 21:54:05,43.352180480957,-8.42634582519531,"Unknown"
"7014855",371852,2025-10-21 22:04:05,43.3520278930664,-8.42617511749268,"Unknown"
"7014855",371852,2025-10-21 22:14:06,43.3521461486816,-8.4264087677002,"Unknown"
"7014855",371852,2025-10-21 22:19:06,43.3520469665527,-8.42629623413086,"Unknown"
"7014855",371852,2025-10-21 22:29:06,43.3520126342773,-8.42631053924561,"Unknown"
"7014855",371852,2025-10-21 22:39:07,43.3520240783691,-8.4262523651123,"Unknown"
"7014855",371852,2025-10-21 22:44:09,43.3520851135254,-8.42636966705322,"Unknown"
"7014855",371852,2025-10-21 22:54:07,43.3520584106445,-8.42625904083252,"Unknown"
"7014855",371852,2025-10-21 23:04:19,43.3520393371582,-8.42607307434082,"Unknown"
"7014855",371852,2025-10-21 23:14:06,43.3520622253418,-8.42602825164795,"Unknown"
"7014855",371852,2025-10-21 23:24:06,43.3520660400391,-8.42592525482178,"Unknown"
"7014855",371852,2025-10-21 23:34:06,43.3519859313965,-8.42613697052002,"Unknown"
"7014855",371852,2025-10-21 23:44:06,43.3521156311035,-8.42584323883057,"Unknown"
"7014855",371852,2025-10-21 23:54:35,43.3520584106445,-8.4261999130249,"Unknown"
"7014855",371852,2025-10-22 00:04:05,43.3519859313965,-8.42622375488281,"Unknown"
"7014855",371852,2025-10-22 00:14:05,43.3519554138184,-8.42618274688721,"Unknown"
"7014855",371852,2025-10-22 00:24:05,43.3519821166992,-8.42629909515381,"Unknown"
"7014855",371852,2025-10-22 00:34:05,43.3519020080566,-8.42625331878662,"Unknown"
"7014855",371852,2025-10-22 00:44:05,43.3518562316895,-8.42615509033203,"Unknown"
"7014855",371852,2025-10-22 00:54:06,43.3520011901855,-8.42635250091553,"Unknown"
"7014855",371852,2025-10-22 01:04:06,43.3521003723145,-8.42633438110352,"Unknown"
"7014855",371852,2025-10-22 01:14:06,43.3520393371582,-8.42633438110352,"Unknown"
"7014855",371852,2025-10-22 01:24:06,43.3518676757812,-8.42637062072754,"Unknown"
"7014855",371852,2025-10-22 01:34:06,43.3521347045898,-8.42660903930664,"Unknown"
"7014855",371852,2025-10-22 01:44:06,43.3520851135254,-8.42662906646729,"Unknown"
"7014855",371852,2025-10-22 01:54:06,43.3520889282227,-8.42647647857666,"Unknown"
"7014855",371852,2025-10-22 02:04:07,43.352180480957,-8.42521572113037,"Unknown"
"7014855",371852,2025-10-22 02:14:11,43.3520431518555,-8.42556285858154,"Unknown"
"7014855",371852,2025-10-22 02:24:35,43.3519973754883,-8.42601871490479,"Unknown"
"7014855",371852,2025-10-22 02:34:06,43.3520126342773,-8.42620849609375,"Unknown"
"7014855",371852,2025-10-22 02:44:05,43.3519134521484,-8.42636680603027,"Unknown"
"7014855",371852,2025-10-22 02:54:05,43.3519515991211,-8.4263219833374,"Unknown"
"7014855",371852,2025-10-22 03:04:06,43.3519706726074,-8.42625904083252,"Unknown"
"7014855",371852,2025-10-22 03:14:06,43.3519668579102,-8.42650413513184,"Unknown"
"7014855",371852,2025-10-22 03:24:05,43.3519706726074,-8.42653560638428,"Unknown"
"7014855",371852,2025-10-22 03:34:06,43.3520050048828,-8.42635250091553,"Unknown"
"7014855",371852,2025-10-22 03:44:06,43.3520050048828,-8.42641925811768,"Unknown"
"7014855",371852,2025-10-22 03:54:06,43.3520317077637,-8.42630577087402,"Unknown"
"7014855",371852,2025-10-22 04:04:06,43.3520698547363,-8.42622661590576,"Unknown"
"7014855",371852,2025-10-22 04:14:06,43.3519630432129,-8.42627811431885,"Unknown"
"7014855",371852,2025-10-22 04:24:06,43.3519668579102,-8.42622375488281,"Unknown"
"7014855",371852,2025-10-22 04:34:06,43.3521003723145,-8.42620658874512,"Unknown"
"7014855",371852,2025-10-22 04:44:06,43.3521690368652,-8.42610740661621,"Unknown"
"7014855",371852,2025-10-22 04:54:06,43.3521041870117,-8.42612266540527,"Unknown"
"7014855",371852,2025-10-22 05:04:06,43.3521118164062,-8.42610740661621,"Unknown"
"7014855",371852,2025-10-22 05:14:06,43.3521118164062,-8.42607402801514,"Unknown"
"7014855",371852,2025-10-22 05:24:06,43.3520355224609,-8.42616558074951,"Unknown"
"7014855",371852,2025-10-22 05:34:06,43.3519744873047,-8.42618560791016,"Unknown"
"7014855",371852,2025-10-22 05:44:06,43.3518981933594,-8.42611789703369,"Unknown"
"7014855",371852,2025-10-22 05:54:06,43.3518943786621,-8.42606353759766,"Unknown"
"7014855",371852,2025-10-22 06:04:06,43.351879119873,-8.4260425567627,"Unknown"
"7014855",371852,2025-10-22 06:14:06,43.3517684936523,-8.42599487304688,"Unknown"
"7014855",371852,2025-10-22 06:24:06,43.3518218994141,-8.42600154876709,"Unknown"
"7014855",371852,2025-10-22 06:34:06,43.3517646789551,-8.42596912384033,"Unknown"
"7014855",371852,2025-10-22 06:44:06,43.3516502380371,-8.42588901519775,"Unknown"
"7014855",371852,2025-10-22 06:54:24,43.3512573242188,-8.42550659179688,"Unknown"
"7014855",371852,2025-10-22 07:04:10,43.3512687683105,-8.42543697357178,"Unknown"
"7014855",371852,2025-10-22 07:14:12,43.3520545959473,-8.42602443695068,"Unknown"
"7014855",371852,2025-10-22 07:24:11,43.3524971008301,-8.42640495300293,"Unknown"
"7014855",371852,2025-10-22 07:34:10,43.3523483276367,-8.42630004882812,"Unknown"
"7014855",371852,2025-10-22 07:44:11,43.3524284362793,-8.42650413513184,"Unknown"
"7014855",371852,2025-10-22 07:54:12,43.3523025512695,-8.42619705200195,"Unknown"
"7014855",371852,2025-10-22 08:04:10,43.3522453308105,-8.42625141143799,"Unknown"
"7014855",371852,2025-10-22 08:14:35,43.3521575927734,-8.4260425567627,"Unknown"
"7014855",371852,2025-10-22 08:24:06,43.3519973754883,-8.4262056350708,"Unknown"
"7014855",371852,2025-10-22 08:34:05,43.3519668579102,-8.42621421813965,"Unknown"
"7014855",371852,2025-10-22 08:44:05,43.3520126342773,-8.42626190185547,"Unknown"
"7014855",371852,2025-10-22 08:54:06,43.3520202636719,-8.42622756958008,"Unknown"
"7014855",371852,2025-10-22 09:04:06,43.3520355224609,-8.42624092102051,"Unknown"
"7014855",371852,2025-10-22 09:14:05,43.3520355224609,-8.42616367340088,"Unknown"
"7014855",371852,2025-10-22 09:24:06,43.3520317077637,-8.42623043060303,"Unknown"
"7014855",371852,2025-10-22 09:29:06,43.3520126342773,-8.42626094818115,"Unknown"
"7014855",371852,2025-10-22 09:39:06,43.3520431518555,-8.4261999130249,"Unknown"
"7014855",371852,2025-10-22 09:49:06,43.35205078125,-8.42627429962158,"Unknown"
"7014855",371852,2025-10-22 09:54:06,43.3520660400391,-8.42625713348389,"Unknown"
"7014855",371852,2025-10-22 09:59:06,43.3519859313965,-8.42628860473633,"Unknown"
"7014855",371852,2025-10-22 10:04:06,43.3520317077637,-8.42628955841064,"Unknown"
"7014855",371852,2025-10-22 10:09:06,43.3520698547363,-8.42634773254395,"Unknown"
"7014855",371852,2025-10-22 10:14:06,43.3519096374512,-8.42610836029053,"Unknown"
"7014855",371852,2025-10-22 10:19:06,43.3522033691406,-8.42649936676025,"Unknown"
"7014855",371852,2025-10-22 10:24:06,43.352222442627,-8.42648410797119,"Unknown"
"7014855",371852,2025-10-22 10:29:06,43.3522109985352,-8.42659091949463,"Unknown"
"7014855",371852,2025-10-22 10:34:06,43.3522338867188,-8.42661476135254,"Unknown"
"7014855",371852,2025-10-22 10:39:08,43.3522033691406,-8.4266300201416,"Unknown"
"7014855",371852,2025-10-22 10:44:08,43.3520889282227,-8.42644786834717,"Unknown"
"7014855",371852,2025-10-22 10:49:09,43.3518295288086,-8.42601585388184,"Unknown"
"7014855",371852,2025-10-22 10:54:08,43.3516502380371,-8.42566299438477,"Unknown"
"7014855",371852,2025-10-22 10:59:08,43.3517532348633,-8.42579078674316,"Unknown"
"7014855",371852,2025-10-22 11:04:09,43.3516616821289,-8.42564487457275,"Unknown"
"7014855",371852,2025-10-22 11:09:07,43.3518180847168,-8.42591857910156,"Unknown"
"7014855",371852,2025-10-22 11:14:06,43.3518295288086,-8.4258451461792,"Unknown"
"7014855",371852,2025-10-22 11:19:06,43.351863861084,-8.42599105834961,"Unknown"
"7014855",371852,2025-10-22 11:24:06,43.351863861084,-8.42586326599121,"Unknown"
"7014855",371852,2025-10-22 11:29:06,43.3518600463867,-8.4259614944458,"Unknown"
"7014855",371852,2025-10-22 11:34:06,43.351879119873,-8.42589092254639,"Unknown"
"7014855",371852,2025-10-22 11:39:35,43.3519668579102,-8.42627620697021,"Unknown"
"7014855",371852,2025-10-22 11:44:05,43.351936340332,-8.4262638092041,"Unknown"
"7014855",371852,2025-10-22 11:49:05,43.3520431518555,-8.4261646270752,"Unknown"
"7014855",371852,2025-10-22 11:54:05,43.3520202636719,-8.42621231079102,"Unknown"
"7014855",371852,2025-10-22 11:59:06,43.3520202636719,-8.42619800567627,"Unknown"
"7014855",371852,2025-10-22 12:04:05,43.3519477844238,-8.42625617980957,"Unknown"
"7014855",371852,2025-10-22 12:09:06,43.3519897460938,-8.42621803283691,"Unknown"
"7014855",371852,2025-10-22 12:14:06,43.3519477844238,-8.42625045776367,"Unknown"
"7014855",371852,2025-10-22 12:19:06,43.3519477844238,-8.42625522613525,"Unknown"
"7014855",371852,2025-10-22 12:24:05,43.3519668579102,-8.42623424530029,"Unknown"
"7014855",371852,2025-10-22 12:29:05,43.3519630432129,-8.42627716064453,"Unknown"
"7014855",371852,2025-10-22 12:34:06,43.3520050048828,-8.42619514465332,"Unknown"
"7014855",371852,2025-10-22 12:39:06,43.3519897460938,-8.42630386352539,"Unknown"
"7014855",371852,2025-10-22 12:44:06,43.3520278930664,-8.42620849609375,"Unknown"
"7014855",371852,2025-10-22 12:49:06,43.3520355224609,-8.42625427246094,"Unknown"
"7014855",371852,2025-10-22 12:54:05,43.3519172668457,-8.42626857757568,"Unknown"
"7014855",371852,2025-10-22 12:59:06,43.3519897460938,-8.42623043060303,"Unknown"
"7014855",371852,2025-10-22 13:04:06,43.3519973754883,-8.42620468139648,"Unknown"
"7014855",371852,2025-10-22 13:09:06,43.3520278930664,-8.42625999450684,"Unknown"
"7014855",371852,2025-10-22 13:14:06,43.3520050048828,-8.42626476287842,"Unknown"
"7014855",371852,2025-10-22 13:19:06,43.3520393371582,-8.42631530761719,"Unknown"
"7014855",371852,2025-10-22 13:24:07,43.351978302002,-8.42621898651123,"Unknown"
"7014855",371852,2025-10-22 13:29:18,43.3520088195801,-8.42620086669922,"Unknown"
"7014855",371852,2025-10-22 13:34:07,43.3519248962402,-8.4260721206665,"Unknown"
"7014855",371852,2025-10-22 13:39:08,43.351993560791,-8.4262228012085,"Unknown"
"7014855",371852,2025-10-22 13:44:07,43.35205078125,-8.42632293701172,"Unknown"
"7014855",371852,2025-10-22 13:49:08,43.351993560791,-8.42637634277344,"Unknown"
"7014855",371852,2025-10-22 13:54:07,43.3519401550293,-8.42587375640869,"Unknown"
"7014855",371852,2025-10-22 13:59:07,43.3519477844238,-8.42577171325684,"Unknown"
"7014855",371852,2025-10-22 14:04:09,43.3519325256348,-8.42599868774414,"Unknown"
"7014855",371852,2025-10-22 14:09:11,43.3519439697266,-8.42513465881348,"Unknown"
"7014855",371852,2025-10-22 14:14:09,43.3519287109375,-8.42543983459473,"Unknown"
"7014855",371852,2025-10-22 14:19:09,43.3520736694336,-8.42534732818604,"Unknown"
"7014855",371852,2025-10-22 14:24:14,43.3519248962402,-8.426100730896,"Unknown"
"7014855",371852,2025-10-22 14:29:11,43.3520660400391,-8.42538356781006,"Unknown"
"7014855",371852,2025-10-22 14:34:11,43.3520812988281,-8.42526912689209,"Unknown"
"7014855",371852,2025-10-22 14:39:17,43.3518905639648,-8.42586898803711,"Unknown"
"7014855",371852,2025-10-22 14:44:35,43.3519897460938,-8.42617225646973,"Unknown"
"7014855",371852,2025-10-22 14:49:05,43.3519401550293,-8.42619895935059,"Unknown"
"7014855",371852,2025-10-22 14:54:06,43.3519515991211,-8.42618560791016,"Unknown"
"7014855",371852,2025-10-22 14:59:05,43.3519325256348,-8.42619132995605,"Unknown"
"7014855",371852,2025-10-22 15:04:05,43.3519744873047,-8.42619323730469,"Unknown"
"7014855",371852,2025-10-22 15:09:05,43.351936340332,-8.42614555358887,"Unknown"
"7014855",371852,2025-10-22 15:14:05,43.351978302002,-8.42621040344238,"Unknown"
"7014855",371852,2025-10-22 15:19:06,43.3519973754883,-8.42617607116699,"Unknown"
"7014855",371852,2025-10-22 15:24:06,43.3520011901855,-8.42618846893311,"Unknown"
"7014855",371852,2025-10-22 15:29:06,43.3519744873047,-8.4261417388916,"Unknown"
"7014855",371852,2025-10-22 15:34:05,43.3519134521484,-8.42612743377686,"Unknown"
"7014855",371852,2025-10-22 15:39:06,43.351978302002,-8.42613697052002,"Unknown"
"7014855",371852,2025-10-22 15:44:06,43.3520011901855,-8.42610549926758,"Unknown"
"7014855",371852,2025-10-22 15:49:05,43.3519401550293,-8.4261302947998,"Unknown"
"7014855",371852,2025-10-22 15:54:05,43.3520011901855,-8.42626285552979,"Unknown"
"7014855",371852,2025-10-22 15:59:05,43.3520393371582,-8.42627334594727,"Unknown"
"7014855",371852,2025-10-22 16:04:05,43.3519821166992,-8.42618465423584,"Unknown"
"7014855",371852,2025-10-22 16:09:06,43.3520317077637,-8.42622184753418,"Unknown"
"7014855",371852,2025-10-22 16:14:05,43.3520240783691,-8.42620182037354,"Unknown"
"7014855",371852,2025-10-22 16:19:06,43.3520278930664,-8.42612457275391,"Unknown"
"7014855",371852,2025-10-22 16:24:06,43.3520736694336,-8.42622184753418,"Unknown"
"7014855",371852,2025-10-22 16:29:06,43.3520965576172,-8.42617225646973,"Unknown"
"7014855",371852,2025-10-22 16:34:06,43.3520317077637,-8.42614555358887,"Unknown"
"7014855",371852,2025-10-22 16:39:06,43.3521194458008,-8.42617607116699,"Unknown"
"7014855",371852,2025-10-22 16:44:06,43.3520545959473,-8.42616367340088,"Unknown"
"7014855",371852,2025-10-22 16:49:06,43.3519897460938,-8.42619132995605,"Unknown"
"7014855",371852,2025-10-22 16:54:06,43.3520698547363,-8.42621421813965,"Unknown"
"7014855",371852,2025-10-22 16:59:06,43.3521041870117,-8.42615222930908,"Unknown"
"7014855",371852,2025-10-22 17:04:06,43.3520469665527,-8.4262228012085,"Unknown"
"7014855",371852,2025-10-22 17:09:07,43.352108001709,-8.42606735229492,"Unknown"
"7014855",371852,2025-10-22 17:14:07,43.3519401550293,-8.42606735229492,"Unknown"
"7014855",371852,2025-10-22 17:19:06,43.3520545959473,-8.42599201202393,"Unknown"
"7014855",371852,2025-10-22 17:24:09,43.3520011901855,-8.42638778686523,"Unknown"
"7014855",371852,2025-10-22 17:29:35,43.3519897460938,-8.42617034912109,"Unknown"
"7014855",371852,2025-10-22 17:34:05,43.3519744873047,-8.42621421813965,"Unknown"
"7014855",371852,2025-10-22 17:39:05,43.3519821166992,-8.42621517181396,"Unknown"
"7014855",371852,2025-10-22 17:44:05,43.3520278930664,-8.42619705200195,"Unknown"
"7014855",371852,2025-10-22 17:49:05,43.3519630432129,-8.42627906799316,"Unknown"
"7014855",371852,2025-10-22 17:54:05,43.3519821166992,-8.42618656158447,"Unknown"
"7014855",371852,2025-10-22 17:59:05,43.3519706726074,-8.4262113571167,"Unknown"
"7014855",371852,2025-10-22 18:04:05,43.351993560791,-8.42621612548828,"Unknown"
"7014855",371852,2025-10-22 18:09:05,43.3519630432129,-8.42620944976807,"Unknown"
"7014855",371852,2025-10-22 18:14:05,43.3520240783691,-8.42620658874512,"Unknown"
"7014855",371852,2025-10-22 18:19:05,43.3519401550293,-8.42622184753418,"Unknown"
"7014855",371852,2025-10-22 18:24:05,43.3520126342773,-8.42618370056152,"Unknown"
"7014855",371852,2025-10-22 18:29:05,43.3520317077637,-8.42624378204346,"Unknown"
"7014855",371852,2025-10-22 18:34:05,43.3520545959473,-8.42624282836914,"Unknown"
"7014855",371852,2025-10-22 18:39:05,43.3519859313965,-8.42622852325439,"Unknown"
"7014855",371852,2025-10-22 18:44:05,43.3520469665527,-8.42620277404785,"Unknown"
"7014855",371852,2025-10-22 18:49:05,43.3521194458008,-8.42630195617676,"Unknown"
"7014855",371852,2025-10-22 18:54:07,43.3520278930664,-8.42622947692871,"Unknown"
"7014855",371852,2025-10-22 18:59:06,43.3518295288086,-8.42607593536377,"Unknown"
"7014855",371852,2025-10-22 19:04:06,43.3518409729004,-8.42605972290039,"Unknown"
"7014855",371852,2025-10-22 19:09:06,43.3519592285156,-8.42607975006104,"Unknown"
"7014855",371852,2025-10-22 19:14:07,43.3518714904785,-8.42600917816162,"Unknown"
"7014855",371852,2025-10-22 19:19:09,43.3521461486816,-8.42627143859863,"Unknown"
"7014855",371852,2025-10-22 19:24:12,43.3517112731934,-8.42589664459229,"Unknown"
"7014855",371852,2025-10-22 19:29:06,43.351634979248,-8.42573356628418,"Unknown"
"7014855",371852,2025-10-22 19:34:06,43.3518676757812,-8.42596530914307,"Unknown"
"7014855",371852,2025-10-22 19:39:09,43.3518371582031,-8.42588901519775,"Unknown"
"7014855",371852,2025-10-22 19:44:06,43.3518905639648,-8.42596626281738,"Unknown"
"7014855",371852,2025-10-22 19:49:06,43.3518753051758,-8.4258918762207,"Unknown"
"7014855",371852,2025-10-22 19:54:07,43.351921081543,-8.42602825164795,"Unknown"
"7014855",371852,2025-10-22 19:59:18,43.351993560791,-8.42628574371338,"Unknown"
"7014855",371852,2025-10-22 20:04:18,43.3515625,-8.42542743682861,"Unknown"
"7014855",371852,2025-10-22 20:09:18,43.3519973754883,-8.42612075805664,"Unknown"
"7014855",371852,2025-10-22 20:14:19,43.3519515991211,-8.42611408233643,"Unknown"
"7014855",371852,2025-10-22 20:19:19,43.3519515991211,-8.4260721206665,"Unknown"
"7014855",371852,2025-10-22 20:24:18,43.3519706726074,-8.42597961425781,"Unknown"
"7014855",371852,2025-10-22 20:29:16,43.3519706726074,-8.42605781555176,"Unknown"
"7014855",371852,2025-10-22 20:34:18,43.3519477844238,-8.42604446411133,"Unknown"
"7014855",371852,2025-10-22 20:39:21,43.3519325256348,-8.42603778839111,"Unknown"
"7014855",371852,2025-10-22 20:44:21,43.3519439697266,-8.42606163024902,"Unknown"
"7014855",371852,2025-10-22 20:49:32,43.3519859313965,-8.42621326446533,"Unknown"
"7014855",371852,2025-10-22 20:54:05,43.3520851135254,-8.42619514465332,"Unknown"
"7014855",371852,2025-10-22 20:59:06,43.3520469665527,-8.42621040344238,"Unknown"
"7014855",371852,2025-10-22 21:04:05,43.3520355224609,-8.42626857757568,"Unknown"
"7014855",371852,2025-10-22 21:09:05,43.3521423339844,-8.42625713348389,"Unknown"
"7014855",371852,2025-10-22 21:14:06,43.3521156311035,-8.42631149291992,"Unknown"
"7014855",371852,2025-10-22 21:19:06,43.3520011901855,-8.42616653442383,"Unknown"
"7014855",371852,2025-10-22 21:24:06,43.3520278930664,-8.42623043060303,"Unknown"
"7014855",371852,2025-10-22 21:29:06,43.351993560791,-8.42619895935059,"Unknown"
"7014855",371852,2025-10-22 21:34:08,43.3520240783691,-8.42641735076904,"Unknown"
"7014855",371852,2025-10-22 21:39:07,43.3521003723145,-8.42648887634277,"Unknown"
"7014855",371852,2025-10-22 21:44:07,43.3520278930664,-8.42618370056152,"Unknown"
"7014855",371852,2025-10-22 21:49:08,43.3521003723145,-8.42633819580078,"Unknown"
"7014855",371852,2025-10-22 21:54:12,43.3520660400391,-8.42623901367188,"Unknown"
"7014855",371852,2025-10-22 21:59:15,43.351978302002,-8.42614364624023,"Unknown"
"7014855",371852,2025-10-22 22:04:35,43.3520355224609,-8.4262228012085,"Unknown"
"7014855",371852,2025-10-22 22:09:05,43.3520355224609,-8.42619228363037,"Unknown"
"7014855",371852,2025-10-22 22:14:05,43.3520317077637,-8.4262228012085,"Unknown"
"7014855",371852,2025-10-22 22:19:05,43.351993560791,-8.4262113571167,"Unknown"
"7014855",371852,2025-10-22 22:24:05,43.3520355224609,-8.42623329162598,"Unknown"
"7014855",371852,2025-10-22 22:29:05,43.3520736694336,-8.42621231079102,"Unknown"
"7014855",371852,2025-10-22 22:34:06,43.3519706726074,-8.42629432678223,"Unknown"
"7014855",371852,2025-10-22 22:39:06,43.3520011901855,-8.42620468139648,"Unknown"
"7014855",371852,2025-10-22 22:44:06,43.3520126342773,-8.42620086669922,"Unknown"
"7014855",371852,2025-10-22 22:49:06,43.3520240783691,-8.42622661590576,"Unknown"
"7014855",371852,2025-10-22 22:54:06,43.3519668579102,-8.42623138427734,"Unknown"
"7014855",371852,2025-10-22 22:59:06,43.3520545959473,-8.42620468139648,"Unknown"
"7014855",371852,2025-10-22 23:04:06,43.3520851135254,-8.42619323730469,"Unknown"
"7014855",371852,2025-10-22 23:09:06,43.351993560791,-8.42623710632324,"Unknown"
"7014855",371852,2025-10-22 23:14:06,43.3520393371582,-8.42627716064453,"Unknown"
"7014855",371852,2025-10-22 23:19:06,43.3519630432129,-8.42626857757568,"Unknown"
"7014855",371852,2025-10-22 23:24:06,43.3520050048828,-8.42626667022705,"Unknown"
"7014855",371852,2025-10-22 23:29:06,43.3519477844238,-8.42627620697021,"Unknown"
"7014855",371852,2025-10-22 23:34:06,43.3519592285156,-8.42631053924561,"Unknown"
"7014855",371852,2025-10-22 23:39:06,43.3519859313965,-8.42634963989258,"Unknown"
"7014855",371852,2025-10-22 23:44:06,43.3520011901855,-8.42629528045654,"Unknown"
"7014855",371852,2025-10-22 23:49:06,43.3519821166992,-8.42632579803467,"Unknown"
"7014855",371852,2025-10-22 23:54:06,43.3519668579102,-8.4262113571167,"Unknown"
"7014855",371852,2025-10-22 23:59:06,43.3519973754883,-8.42635917663574,"Unknown"
"7014855",371852,2025-10-23 00:04:06,43.3520317077637,-8.426438331604,"Unknown"
"7014855",371852,2025-10-23 00:09:06,43.351993560791,-8.42644023895264,"Unknown"
"7014855",371852,2025-10-23 00:14:06,43.3520164489746,-8.42640686035156,"Unknown"
"7014855",371852,2025-10-23 00:19:06,43.3520278930664,-8.42649936676025,"Unknown"
"7014855",371852,2025-10-23 00:24:06,43.3519058227539,-8.42670917510986,"Unknown"
"7014855",371852,2025-10-23 00:29:07,43.3520278930664,-8.42629241943359,"Unknown"
"7014855",371852,2025-10-23 00:34:07,43.3519821166992,-8.42606067657471,"Unknown"
"7014855",371852,2025-10-23 00:39:07,43.351993560791,-8.42601203918457,"Unknown"
"7014855",371852,2025-10-23 00:44:07,43.3520851135254,-8.42618179321289,"Unknown"
"7014855",371852,2025-10-23 00:49:09,43.3519134521484,-8.42611408233643,"Unknown"
"7014855",371852,2025-10-23 00:54:12,43.351879119873,-8.42601776123047,"Unknown"
"7014855",371852,2025-10-23 00:59:12,43.3520278930664,-8.42629909515381,"Unknown"
"7014855",371852,2025-10-23 01:04:35,43.3519821166992,-8.42624092102051,"Unknown"
"7014855",371852,2025-10-23 01:09:05,43.3521003723145,-8.42639541625977,"Unknown"
"7014855",371852,2025-10-23 01:14:05,43.3519020080566,-8.42620372772217,"Unknown"
"7014855",371852,2025-10-23 01:19:06,43.3519515991211,-8.42631149291992,"Unknown"
"7014855",371852,2025-10-23 01:24:06,43.3519630432129,-8.42642879486084,"Unknown"
"7014855",371852,2025-10-23 01:29:06,43.3519592285156,-8.42621612548828,"Unknown"
"7014855",371852,2025-10-23 01:34:06,43.3520050048828,-8.42632865905762,"Unknown"
"7014855",371852,2025-10-23 01:39:06,43.3520164489746,-8.42636108398438,"Unknown"
"7014855",371852,2025-10-23 01:44:07,43.3521461486816,-8.42629337310791,"Unknown"
"7014855",371852,2025-10-23 01:49:07,43.3519401550293,-8.42611694335938,"Unknown"
"7014855",371852,2025-10-23 01:54:11,43.352180480957,-8.426833152771,"Unknown"
"7014855",371852,2025-10-23 01:59:09,43.3521499633789,-8.42701625823975,"Unknown"
"7014855",371852,2025-10-23 02:04:18,43.3521003723145,-8.42622661590576,"Unknown"
"7014855",371852,2025-10-23 02:09:18,43.3520774841309,-8.42625999450684,"Unknown"
"7014855",371852,2025-10-23 02:14:10,43.3520927429199,-8.4239673614502,"Unknown"
"7014855",371852,2025-10-23 02:19:18,43.35205078125,-8.42616081237793,"Unknown"
"7014855",371852,2025-10-23 02:24:08,43.3520812988281,-8.42736625671387,"Unknown"
"7014855",371852,2025-10-23 02:29:18,43.3520393371582,-8.42618942260742,"Unknown"
"7014855",371852,2025-10-23 02:34:07,43.35205078125,-8.42625617980957,"Unknown"
"7014855",371852,2025-10-23 02:39:18,43.3520164489746,-8.42611026763916,"Unknown"
"7014855",371852,2025-10-23 02:44:06,43.3520431518555,-8.42636108398438,"Unknown"
"7014855",371852,2025-10-23 02:49:15,43.3520278930664,-8.4262056350708,"Unknown"
"7014855",371852,2025-10-23 02:54:15,43.3520393371582,-8.42617416381836,"Unknown"
"7014855",371852,2025-10-23 02:59:11,43.3520164489746,-8.42613792419434,"Unknown"
"7014855",371852,2025-10-23 03:04:20,43.3518486022949,-8.42625427246094,"Unknown"
"7014855",371852,2025-10-23 03:09:10,43.351993560791,-8.42632293701172,"Unknown"
"7014855",371852,2025-10-23 03:14:17,43.3518333435059,-8.42616367340088,"Unknown"
"7014855",371852,2025-10-23 03:19:11,43.3520355224609,-8.42617893218994,"Unknown"
"7014855",371852,2025-10-23 03:24:10,43.3520889282227,-8.42632675170898,"Unknown"
"7014855",371852,2025-10-23 03:29:11,43.3520851135254,-8.42644119262695,"Unknown"
"7014855",371852,2025-10-23 03:34:12,43.3521041870117,-8.42653846740723,"Unknown"
"7014855",371852,2025-10-23 03:39:11,43.352108001709,-8.42646598815918,"Unknown"
"7014855",371852,2025-10-23 03:44:31,43.3520469665527,-8.42615795135498,"Unknown"
"7014855",371852,2025-10-23 03:49:05,43.3520317077637,-8.42621326446533,"Unknown"
"7014855",371852,2025-10-23 03:54:05,43.3520278930664,-8.4261417388916,"Unknown"
"7014855",371852,2025-10-23 03:59:05,43.3519706726074,-8.42613124847412,"Unknown"
"7014855",371852,2025-10-23 04:04:06,43.3520469665527,-8.42611312866211,"Unknown"
"7014855",371852,2025-10-23 04:09:05,43.351993560791,-8.42620754241943,"Unknown"
"7014855",371852,2025-10-23 04:14:05,43.3520240783691,-8.42616844177246,"Unknown"
"7014855",371852,2025-10-23 04:19:05,43.3519973754883,-8.42618274688721,"Unknown"
"7014855",371852,2025-10-23 04:24:06,43.3519821166992,-8.42619895935059,"Unknown"
"7014855",371852,2025-10-23 04:29:06,43.3520050048828,-8.42618656158447,"Unknown"
"7014855",371852,2025-10-23 04:34:05,43.3520355224609,-8.42619800567627,"Unknown"
"7014855",371852,2025-10-23 04:39:05,43.3520164489746,-8.42625522613525,"Unknown"
"7014855",371852,2025-10-23 04:44:06,43.3520317077637,-8.42621612548828,"Unknown"
"7014855",371852,2025-10-23 04:49:05,43.3519592285156,-8.42624473571777,"Unknown"
"7014855",371852,2025-10-23 04:54:06,43.3519668579102,-8.42622089385986,"Unknown"
"7014855",371852,2025-10-23 04:59:06,43.3519515991211,-8.42625045776367,"Unknown"
"7014855",371852,2025-10-23 05:04:06,43.3519515991211,-8.42625141143799,"Unknown"
"7014855",371852,2025-10-23 05:09:06,43.351993560791,-8.42622089385986,"Unknown"
"7014855",371852,2025-10-23 05:14:06,43.3519897460938,-8.42621898651123,"Unknown"
"7014855",371852,2025-10-23 05:19:06,43.3519287109375,-8.42625522613525,"Unknown"
"7014855",371852,2025-10-23 05:24:06,43.3520011901855,-8.42625904083252,"Unknown"
"7014855",371852,2025-10-23 05:29:06,43.3519287109375,-8.42624187469482,"Unknown"
"7014855",371852,2025-10-23 05:34:06,43.3520431518555,-8.42627239227295,"Unknown"
"7014855",371852,2025-10-23 05:39:06,43.3520317077637,-8.42626857757568,"Unknown"
"7014855",371852,2025-10-23 05:44:06,43.3519515991211,-8.42627620697021,"Unknown"
"7014855",371852,2025-10-23 05:49:06,43.3519554138184,-8.42628288269043,"Unknown"
"7014855",371852,2025-10-23 05:54:06,43.351921081543,-8.42617416381836,"Unknown"
"7014855",371852,2025-10-23 05:59:06,43.3518180847168,-8.42613983154297,"Unknown"
"7014855",371852,2025-10-23 06:04:06,43.3520927429199,-8.42640781402588,"Unknown"
"7014855",371852,2025-10-23 06:09:06,43.3520431518555,-8.42638492584229,"Unknown"
"7014855",371852,2025-10-23 06:14:08,43.3519706726074,-8.4263334274292,"Unknown"
"7014855",371852,2025-10-23 06:19:07,43.3520660400391,-8.42641067504883,"Unknown"
"7014855",371852,2025-10-23 06:24:08,43.3520240783691,-8.4262523651123,"Unknown"
"7014855",371852,2025-10-23 06:29:07,43.3520927429199,-8.42629241943359,"Unknown"
"7014855",371852,2025-10-23 06:34:08,43.3519401550293,-8.42620468139648,"Unknown"
"7014855",371852,2025-10-23 06:39:09,43.3520698547363,-8.42629909515381,"Unknown"
"7014855",371852,2025-10-23 06:44:11,43.3519554138184,-8.42620658874512,"Unknown"
"7014855",371852,2025-10-23 06:49:12,43.352123260498,-8.42624568939209,"Unknown"
"7014855",371852,2025-10-23 06:54:35,43.3519630432129,-8.42618942260742,"Unknown"
"7014855",371852,2025-10-23 06:59:05,43.351993560791,-8.4261474609375,"Unknown"
"7014855",371852,2025-10-23 07:04:06,43.3519668579102,-8.42610645294189,"Unknown"
"7014855",371852,2025-10-23 07:09:06,43.3519897460938,-8.42615509033203,"Unknown"
"7014855",371852,2025-10-23 07:14:05,43.3519515991211,-8.4261417388916,"Unknown"
"7014855",371852,2025-10-23 07:19:05,43.3519668579102,-8.42614459991455,"Unknown"
"7014855",371852,2025-10-23 07:24:05,43.3520660400391,-8.42618751525879,"Unknown"
"7014855",371852,2025-10-23 07:29:06,43.3520736694336,-8.42617893218994,"Unknown"
"7014855",371852,2025-10-23 07:34:06,43.3521041870117,-8.42628383636475,"Unknown"
"7014855",371852,2025-10-23 07:39:06,43.3522453308105,-8.42646789550781,"Unknown"
"7014855",371852,2025-10-23 07:44:07,43.352165222168,-8.4263219833374,"Unknown"
"7014855",371852,2025-10-23 07:49:08,43.3520431518555,-8.42620086669922,"Unknown"
"7014855",371852,2025-10-23 07:54:09,43.3520660400391,-8.42630100250244,"Unknown"
"7014855",371852,2025-10-23 07:59:09,43.3520202636719,-8.42628765106201,"Unknown"
"7014855",371852,2025-10-23 08:04:35,43.3519668579102,-8.426194190979,"Unknown"
"7014855",371852,2025-10-23 08:09:05,43.3519706726074,-8.42627334594727,"Unknown"
"7014855",371852,2025-10-23 08:14:05,43.3519859313965,-8.42619323730469,"Unknown"
"7014855",371852,2025-10-23 08:19:05,43.351993560791,-8.42622089385986,"Unknown"
"7014855",371852,2025-10-23 08:24:05,43.3520240783691,-8.42625427246094,"Unknown"
"7014855",371852,2025-10-23 08:29:05,43.3520736694336,-8.42616748809814,"Unknown"
"7014855",371852,2025-10-23 08:34:06,43.3521041870117,-8.42640781402588,"Unknown"
"7014855",371852,2025-10-23 08:39:06,43.3519668579102,-8.42622756958008,"Unknown"
"7014855",371852,2025-10-23 08:44:07,43.3519134521484,-8.42587184906006,"Unknown"
"7014855",371852,2025-10-23 08:49:08,43.3520278930664,-8.42623710632324,"Unknown"
"7014855",371852,2025-10-23 08:54:06,43.3520088195801,-8.4262809753418,"Unknown"
"7014855",371852,2025-10-23 08:59:05,43.3519401550293,-8.42627429962158,"Unknown"
"7014855",371852,2025-10-23 09:04:05,43.3519973754883,-8.42624759674072,"Unknown"
"7014855",371852,2025-10-23 09:09:18,43.3520393371582,-8.42638969421387,"Unknown"
"7014855",371852,2025-10-23 09:14:06,43.3520240783691,-8.42620468139648,"Unknown"
"7014855",371852,2025-10-23 09:19:06,43.3520202636719,-8.42625904083252,"Unknown"
"7014855",371852,2025-10-23 09:24:06,43.3519592285156,-8.42623329162598,"Unknown"
"7014855",371852,2025-10-23 09:29:06,43.3520011901855,-8.4262580871582,"Unknown"
"7014855",371852,2025-10-23 09:34:06,43.3521003723145,-8.42641353607178,"Unknown"
"7014855",371852,2025-10-23 09:39:10,43.351734161377,-8.42609310150146,"Unknown"
"7014855",371852,2025-10-23 09:44:35,43.3520088195801,-8.4262523651123,"Unknown"
"7014855",371852,2025-10-23 09:49:06,43.3519630432129,-8.42628288269043,"Unknown"
"7014855",371852,2025-10-23 09:54:05,43.35205078125,-8.42634773254395,"Unknown"
"7014855",371852,2025-10-23 09:59:28,43.3519821166992,-8.42626953125,"Unknown"
"7014855",371852,2025-10-23 10:04:11,43.3520927429199,-8.42634010314941,"Unknown"
"7014855",371852,2025-10-23 10:09:05,43.3521957397461,-8.42649841308594,"Unknown"
"7014855",371852,2025-10-23 10:14:06,43.3521919250488,-8.4264030456543,"Unknown"
"7014855",371852,2025-10-23 10:19:08,43.3520622253418,-8.42635631561279,"Unknown"
"7014855",371852,2025-10-23 10:24:11,43.3522186279297,-8.4265079498291,"Unknown"
"7014855",371852,2025-10-23 10:29:08,43.3524398803711,-8.42666530609131,"Unknown"
"7014855",371852,2025-10-23 10:34:07,43.3522033691406,-8.42650127410889,"Unknown"
"7014855",371852,2025-10-23 10:39:10,43.352165222168,-8.42642974853516,"Unknown"
"7014855",371852,2025-10-23 10:44:07,43.3521461486816,-8.4263391494751,"Unknown"
"7014855",371852,2025-10-23 10:49:07,43.3520164489746,-8.42629051208496,"Unknown"
"7014855",371852,2025-10-23 10:54:34,43.3519401550293,-8.42622089385986,"Unknown"
"7014855",371852,2025-10-23 10:59:06,43.3519058227539,-8.42620182037354,"Unknown"
"7014855",371852,2025-10-23 11:04:05,43.3518905639648,-8.4261646270752,"Unknown"
"7014855",371852,2025-10-23 11:09:06,43.3519287109375,-8.42630004882812,"Unknown"
"7014855",371852,2025-10-23 11:14:06,43.3519058227539,-8.4262866973877,"Unknown"
"7014855",371852,2025-10-23 11:19:06,43.351921081543,-8.42626094818115,"Unknown"
"7014855",371852,2025-10-23 11:24:05,43.3520851135254,-8.42613792419434,"Unknown"
"7014855",371852,2025-10-23 11:29:06,43.3522644042969,-8.42612075805664,"Unknown"
"7014855",371852,2025-10-23 11:34:06,43.3518867492676,-8.4263277053833,"Unknown"
"7014855",371852,2025-10-23 11:39:08,43.3521423339844,-8.42603397369385,"Unknown"
"7014855",371852,2025-10-23 11:44:06,43.3519248962402,-8.4262228012085,"Unknown"
"7014855",371852,2025-10-23 11:49:08,43.3519020080566,-8.42608070373535,"Unknown"
"7014855",371852,2025-10-23 11:54:08,43.3520812988281,-8.42610359191895,"Unknown"
"7014855",371852,2025-10-23 11:59:05,43.3519477844238,-8.42624568939209,"Unknown"
"7014855",371852,2025-10-23 12:04:08,43.3519515991211,-8.42625141143799,"Unknown"
"7014855",371852,2025-10-23 12:09:11,43.3519706726074,-8.42628860473633,"Unknown"
"7014855",371852,2025-10-23 12:14:07,43.3519897460938,-8.42623615264893,"Unknown"
"7014855",371852,2025-10-23 12:19:08,43.3517913818359,-8.42593574523926,"Unknown"
"7014855",371852,2025-10-23 12:24:07,43.3519172668457,-8.42615413665771,"Unknown"
"7014855",371852,2025-10-23 12:29:06,43.351879119873,-8.42604064941406,"Unknown"
"7014855",371852,2025-10-23 12:34:05,43.3518981933594,-8.42611312866211,"Unknown"
"7014855",371852,2025-10-23 12:39:06,43.3519706726074,-8.42622375488281,"Unknown"
"7014855",371852,2025-10-23 12:44:07,43.352165222168,-8.4265022277832,"Unknown"
"7014855",371852,2025-10-23 12:49:08,43.351936340332,-8.42598915100098,"Unknown"
"7014855",371852,2025-10-23 12:54:25,43.351806640625,-8.42582321166992,"Unknown"
"7014855",371852,2025-10-23 12:59:11,43.3521156311035,-8.4264087677002,"Unknown"
"7014855",371852,2025-10-23 13:04:35,43.3520011901855,-8.42619132995605,"Unknown"
"7014855",371852,2025-10-23 13:09:18,43.3519096374512,-8.42615985870361,"Unknown"
"7014855",371852,2025-10-23 13:14:09,43.35205078125,-8.4261360168457,"Unknown"
"7014855",371852,2025-10-23 13:19:07,43.3518218994141,-8.42618370056152,"Unknown"
"7014855",371852,2025-10-23 13:24:10,43.3519630432129,-8.42612743377686,"Unknown"
"7014855",371852,2025-10-23 13:29:08,43.3520088195801,-8.42621231079102,"Unknown"
"7014855",371852,2025-10-23 13:34:08,43.3518905639648,-8.42621517181396,"Unknown"
"7014855",371852,2025-10-23 13:39:08,43.3516807556152,-8.42637729644775,"Unknown"
"7014855",371852,2025-10-23 13:44:10,43.351978302002,-8.42611694335938,"Unknown"
"7014855",371852,2025-10-23 13:49:35,43.351921081543,-8.42626953125,"Unknown"
"7014855",371852,2025-10-23 13:54:05,43.3519248962402,-8.42623233795166,"Unknown"
"7014855",371852,2025-10-23 13:59:06,43.3519477844238,-8.42619895935059,"Unknown"
"7014855",371852,2025-10-23 14:04:06,43.3518905639648,-8.42617416381836,"Unknown"
"7014855",371852,2025-10-23 14:09:05,43.3519439697266,-8.42622756958008,"Unknown"
"7014855",371852,2025-10-23 14:14:06,43.3518524169922,-8.42624664306641,"Unknown"
"7014855",371852,2025-10-23 14:19:05,43.3518524169922,-8.42620086669922,"Unknown"
"7014855",371852,2025-10-23 14:24:06,43.351863861084,-8.42618083953857,"Unknown"
"7014855",371852,2025-10-23 14:29:06,43.3519439697266,-8.42620944976807,"Unknown"
"7014855",371852,2025-10-23 14:34:07,43.3519172668457,-8.42620277404785,"Unknown"
"7014855",371852,2025-10-23 14:39:08,43.3519134521484,-8.42623329162598,"Unknown"
"7014855",371852,2025-10-23 14:44:06,43.3520317077637,-8.42625713348389,"Unknown"
"7014855",371852,2025-10-23 14:49:08,43.3519554138184,-8.42620372772217,"Unknown"
"7014855",371852,2025-10-23 14:54:06,43.3520011901855,-8.42625999450684,"Unknown"
"7014855",371852,2025-10-23 14:59:07,43.3520011901855,-8.42622470855713,"Unknown"
"7014855",371852,2025-10-23 15:04:09,43.3521347045898,-8.42624187469482,"Unknown"
"7014855",371852,2025-10-23 15:09:18,43.3519058227539,-8.42621612548828,"Unknown"
"7014855",371852,2025-10-23 15:14:07,43.3518753051758,-8.42611217498779,"Unknown"
"7014855",371852,2025-10-23 15:19:06,43.3520584106445,-8.42627811431885,"Unknown"
"7014855",371852,2025-10-23 15:24:06,43.3521041870117,-8.42632102966309,"Unknown"
"7014855",371852,2025-10-23 15:29:08,43.3518333435059,-8.42614364624023,"Unknown"
"7014855",371852,2025-10-23 15:34:11,43.3518753051758,-8.42617511749268,"Unknown"
"7014855",371852,2025-10-23 15:39:09,43.3519096374512,-8.42612743377686,"Unknown"
"7014855",371852,2025-10-23 15:44:09,43.3515739440918,-8.42608833312988,"Unknown"
"7014855",371852,2025-10-23 15:49:09,43.3516693115234,-8.42598152160645,"Unknown"
"7014855",371852,2025-10-23 15:54:08,43.3518676757812,-8.42610359191895,"Unknown"
"7014855",371852,2025-10-23 15:59:09,43.3517074584961,-8.42596340179443,"Unknown"
"7014855",371852,2025-10-23 16:04:35,43.3520050048828,-8.42619323730469,"Unknown"
"7014855",371852,2025-10-23 16:09:05,43.3520240783691,-8.42623519897461,"Unknown"
"7014855",371852,2025-10-23 16:14:05,43.3519744873047,-8.42622947692871,"Unknown"
"7014855",371852,2025-10-23 16:19:05,43.3520698547363,-8.42626476287842,"Unknown"
"7014855",371852,2025-10-23 16:24:06,43.3520164489746,-8.42612075805664,"Unknown"
"7014855",371852,2025-10-23 16:29:06,43.3520660400391,-8.42621803283691,"Unknown"
"7014855",371852,2025-10-23 16:34:08,43.3519515991211,-8.42619037628174,"Unknown"
"7014855",371852,2025-10-23 16:39:10,43.3519859313965,-8.42626476287842,"Unknown"
"7014855",371852,2025-10-23 16:44:07,43.3520622253418,-8.42632961273193,"Unknown"
"7014855",371852,2025-10-23 16:49:11,43.351921081543,-8.42620849609375,"Unknown"
"7014855",371852,2025-10-23 16:54:09,43.3521423339844,-8.42621994018555,"Unknown"
"7014855",371852,2025-10-23 16:59:06,43.3520317077637,-8.42619705200195,"Unknown"
"7014855",371852,2025-10-23 17:04:20,43.3521118164062,-8.426100730896,"Unknown"
"7014855",371852,2025-10-23 17:09:07,43.3522911071777,-8.42631912231445,"Unknown"
"7014855",371852,2025-10-23 17:14:08,43.3522529602051,-8.4262228012085,"Unknown"
"7014855",371852,2025-10-23 17:19:15,43.3524742126465,-8.42629146575928,"Unknown"
"7014855",371852,2025-10-23 17:24:18,43.352165222168,-8.42617130279541,"Unknown"
"7014855",371852,2025-10-23 17:29:10,43.3520240783691,-8.42629623413086,"Unknown"
"7014855",371852,2025-10-23 17:34:12,43.3524513244629,-8.42690849304199,"Unknown"
"7014855",371852,2025-10-23 17:39:19,43.3521766662598,-8.42627334594727,"Unknown"
"7014855",371852,2025-10-23 17:44:17,43.3520812988281,-8.42625522613525,"Unknown"
"7014855",371852,2025-10-23 17:49:19,43.3521995544434,-8.42630863189697,"Unknown"
"7014855",371852,2025-10-23 17:54:19,43.3521957397461,-8.42635536193848,"Unknown"
"7014855",371852,2025-10-23 17:59:19,43.3522262573242,-8.42642116546631,"Unknown"
"7014855",371852,2025-10-23 18:04:36,43.3519744873047,-8.4261531829834,"Unknown"
"7014855",371852,2025-10-23 18:09:06,43.3520088195801,-8.4261417388916,"Unknown"
"7014855",371852,2025-10-23 18:14:06,43.35205078125,-8.42620658874512,"Unknown"
"7014855",371852,2025-10-23 18:19:06,43.3520050048828,-8.42617225646973,"Unknown"
"7014855",371852,2025-10-23 18:24:06,43.3519859313965,-8.42618274688721,"Unknown"
"7014855",371852,2025-10-23 18:29:07,43.3520011901855,-8.42615604400635,"Unknown"
"7014855",371852,2025-10-23 18:34:06,43.3520393371582,-8.42622566223145,"Unknown"
"7014855",371852,2025-10-23 18:39:06,43.3520584106445,-8.42616748809814,"Unknown"
"7014855",371852,2025-10-23 18:44:07,43.3518486022949,-8.42609977722168,"Unknown"
"7014855",371852,2025-10-23 18:49:07,43.3521575927734,-8.42634868621826,"Unknown"
"7014855",371852,2025-10-23 18:54:07,43.351879119873,-8.42613315582275,"Unknown"
"7014855",371852,2025-10-23 18:59:06,43.3519668579102,-8.42619323730469,"Unknown"
"7014855",371852,2025-10-23 19:04:07,43.3520011901855,-8.42623615264893,"Unknown"
"7014855",371852,2025-10-23 19:09:08,43.3517723083496,-8.426025390625,"Unknown"
"7014855",371852,2025-10-23 19:14:11,43.3521270751953,-8.42625141143799,"Unknown"
"7014855",371852,2025-10-23 19:19:09,43.3517150878906,-8.42599868774414,"Unknown"
"7014855",371852,2025-10-23 19:24:09,43.351634979248,-8.42588043212891,"Unknown"
"7014855",371852,2025-10-23 19:29:09,43.3516998291016,-8.42597484588623,"Unknown"
"7014855",371852,2025-10-23 19:34:09,43.3522186279297,-8.42637538909912,"Unknown"
"7014855",371852,2025-10-23 19:39:12,43.3520240783691,-8.42638206481934,"Unknown"
"7014855",371852,2025-10-23 19:44:10,43.3517837524414,-8.42609977722168,"Unknown"
"7014855",371852,2025-10-23 19:49:19,43.3519287109375,-8.4262809753418,"Unknown"
"7014855",371852,2025-10-23 19:54:18,43.35205078125,-8.42612838745117,"Unknown"
"7014855",371852,2025-10-23 19:59:19,43.3518867492676,-8.42566394805908,"Unknown"
"7014855",371852,2025-10-23 20:04:21,43.351978302002,-8.42606925964355,"Unknown"
"7014855",371852,2025-10-23 20:09:12,43.3518028259277,-8.42578887939453,"Unknown"
"7014855",371852,2025-10-23 20:14:13,43.3518562316895,-8.42572784423828,"Unknown"
"7014855",371852,2025-10-23 20:19:22,43.3519325256348,-8.42610454559326,"Unknown"
"7014855",371852,2025-10-23 20:24:25,43.3520393371582,-8.42621326446533,"Unknown"
"7014855",371852,2025-10-23 20:29:11,43.3518753051758,-8.42576503753662,"Unknown"
"7014855",371852,2025-10-23 20:34:11,43.3519439697266,-8.4258394241333,"Unknown"
"7014855",371852,2025-10-23 20:39:11,43.3518753051758,-8.42596340179443,"Unknown"
"7014855",371852,2025-10-23 20:44:13,43.351993560791,-8.42592430114746,"Unknown"
"7014855",371852,2025-10-23 20:49:11,43.3519439697266,-8.42600250244141,"Unknown"
"7014855",371852,2025-10-23 20:54:11,43.3519821166992,-8.4260368347168,"Unknown"
"7014855",371852,2025-10-23 20:59:12,43.3519248962402,-8.42602252960205,"Unknown"
"7014855",371852,2025-10-23 21:04:13,43.351993560791,-8.42611408233643,"Unknown"
"7014855",371852,2025-10-23 21:09:31,43.3519744873047,-8.42619132995605,"Unknown"
"7014855",371852,2025-10-23 21:14:07,43.3519630432129,-8.42614936828613,"Unknown"
"7014855",371852,2025-10-23 21:19:07,43.3520202636719,-8.42610263824463,"Unknown"
"7014855",371852,2025-10-23 21:24:07,43.3519592285156,-8.42618751525879,"Unknown"
"7014855",371852,2025-10-23 21:29:07,43.3519477844238,-8.42619323730469,"Unknown"
"7014855",371852,2025-10-23 21:34:07,43.351921081543,-8.42613124847412,"Unknown"
"7014855",371852,2025-10-23 21:39:07,43.351993560791,-8.42618274688721,"Unknown"
"7014855",371852,2025-10-23 21:44:06,43.351993560791,-8.42618370056152,"Unknown"
"7014855",371852,2025-10-23 21:49:06,43.3519439697266,-8.4261360168457,"Unknown"
"7014855",371852,2025-10-23 21:54:07,43.3518486022949,-8.42607593536377,"Unknown"
"7014855",371852,2025-10-23 21:59:06,43.3519058227539,-8.42613506317139,"Unknown"
"7014855",371852,2025-10-23 22:04:06,43.3520202636719,-8.42613792419434,"Unknown"
"7014855",371852,2025-10-23 22:09:06,43.3518905639648,-8.42617988586426,"Unknown"
"7014855",371852,2025-10-23 22:14:12,43.3519706726074,-8.42616844177246,"Unknown"
"7014855",371852,2025-10-23 22:19:07,43.3520278930664,-8.42627811431885,"Unknown"
"7014855",371852,2025-10-23 22:24:07,43.3519172668457,-8.42621040344238,"Unknown"
"7014855",371852,2025-10-23 22:29:11,43.3520278930664,-8.42621994018555,"Unknown"
"7014855",371852,2025-10-23 22:34:24,43.3518257141113,-8.42628288269043,"Unknown"
"7014855",371852,2025-10-23 22:39:10,43.3518142700195,-8.42610836029053,"Unknown"
"7014855",371852,2025-10-23 22:44:10,43.3518676757812,-8.42617416381836,"Unknown"
"7014855",371852,2025-10-23 22:49:08,43.3517684936523,-8.4262113571167,"Unknown"
"7014855",371852,2025-10-23 22:54:08,43.3518981933594,-8.42619514465332,"Unknown"
"7014855",371852,2025-10-23 22:59:08,43.3516540527344,-8.42622089385986,"Unknown"
"7014855",371852,2025-10-23 23:04:10,43.3517532348633,-8.42560291290283,"Unknown"
"7014855",371852,2025-10-23 23:09:07,43.3515586853027,-8.4262170791626,"Unknown"
"7014855",371852,2025-10-23 23:14:07,43.3520202636719,-8.42640781402588,"Unknown"
"7014855",371852,2025-10-23 23:19:35,43.3518142700195,-8.42613983154297,"Unknown"
"7014855",371852,2025-10-23 23:24:06,43.3519248962402,-8.4262228012085,"Unknown"
"7014855",371852,2025-10-23 23:29:06,43.3519859313965,-8.42623710632324,"Unknown"
"7014855",371852,2025-10-23 23:34:14,43.3518409729004,-8.42607116699219,"Unknown"
"7014855",371852,2025-10-23 23:39:06,43.351993560791,-8.42620658874512,"Unknown"
"7014855",371852,2025-10-23 23:44:07,43.3519096374512,-8.4260311126709,"Unknown"
"7014855",371852,2025-10-23 23:49:06,43.3519248962402,-8.42603302001953,"Unknown"
"7014855",371852,2025-10-23 23:54:06,43.3519325256348,-8.42626094818115,"Unknown"
"7014855",371852,2025-10-23 23:59:06,43.3519706726074,-8.42618274688721,"Unknown"
"7014855",371852,2025-10-24 00:04:06,43.3519096374512,-8.42607021331787,"Unknown"
"7014855",371852,2025-10-24 00:09:07,43.3518447875977,-8.42590713500977,"Unknown"
"7014855",371852,2025-10-24 00:14:07,43.3518905639648,-8.42599868774414,"Unknown"
"7014855",371852,2025-10-24 00:19:07,43.3520011901855,-8.42634201049805,"Unknown"
"7014855",371852,2025-10-24 00:24:08,43.3520431518555,-8.42639350891113,"Unknown"
"7014855",371852,2025-10-24 00:29:17,43.3520164489746,-8.42617321014404,"Unknown"
"7014855",371852,2025-10-24 00:34:16,43.3520660400391,-8.4261417388916,"Unknown"
"7014855",371852,2025-10-24 00:39:12,43.3521194458008,-8.42655849456787,"Unknown"
"7014855",371852,2025-10-24 00:44:12,43.3524131774902,-8.42729377746582,"Unknown"
"7014855",371852,2025-10-24 00:49:19,43.3520431518555,-8.42637729644775,"Unknown"
"7014855",371852,2025-10-24 00:54:16,43.3520584106445,-8.42616939544678,"Unknown"
"7014855",371852,2025-10-24 00:59:18,43.3520698547363,-8.42642593383789,"Unknown"
"7014855",371852,2025-10-24 01:04:24,43.3520278930664,-8.42641067504883,"Unknown"
"7014855",371852,2025-10-24 01:09:13,43.3520240783691,-8.42627716064453,"Unknown"
"7014855",371852,2025-10-24 01:14:16,43.3520202636719,-8.42609405517578,"Unknown"
"7014855",371852,2025-10-24 01:19:10,43.3523025512695,-8.42695140838623,"Unknown"
"7014855",371852,2025-10-24 01:24:11,43.3522605895996,-8.42691707611084,"Unknown"
"7014855",371852,2025-10-24 01:29:35,43.3520317077637,-8.42633247375488,"Unknown"
"7014855",371852,2025-10-24 01:34:07,43.3522186279297,-8.42706775665283,"Unknown"
"7014855",371852,2025-10-24 01:39:07,43.3519554138184,-8.42634105682373,"Unknown"
"7014855",371852,2025-10-24 01:44:07,43.3519134521484,-8.42622947692871,"Unknown"
"7014855",371852,2025-10-24 01:49:09,43.3520011901855,-8.42623138427734,"Unknown"
"7014855",371852,2025-10-24 01:54:09,43.3520126342773,-8.42624568939209,"Unknown"
"7014855",371852,2025-10-24 01:59:16,43.3520774841309,-8.42624378204346,"Unknown"
"7014855",371852,2025-10-24 02:04:44,43.3519325256348,-8.42627143859863,"Unknown"
"7014855",371852,2025-10-24 02:09:07,43.3519668579102,-8.42618656158447,"Unknown"
"7014855",371852,2025-10-24 02:14:09,43.3517990112305,-8.42638397216797,"Unknown"
"7014855",371852,2025-10-24 02:19:08,43.3520278930664,-8.42629146575928,"Unknown"
"7014855",371852,2025-10-24 02:24:11,43.3523139953613,-8.42633247375488,"Unknown"
"7014855",371852,2025-10-24 02:29:08,43.3519554138184,-8.42629241943359,"Unknown"
"7014855",371852,2025-10-24 02:34:09,43.3520393371582,-8.42642784118652,"Unknown"
"7014855",371852,2025-10-24 02:39:12,43.3520736694336,-8.42628765106201,"Unknown"
"7014855",371852,2025-10-24 02:44:11,43.3524475097656,-8.42618751525879,"Unknown"
"7014855",371852,2025-10-24 02:49:35,43.3519744873047,-8.42626667022705,"Unknown"
"7014855",371852,2025-10-24 02:54:07,43.3520050048828,-8.42621803283691,"Unknown"
"7014855",371852,2025-10-24 02:59:07,43.3520317077637,-8.42622375488281,"Unknown"
"7014855",371852,2025-10-24 03:04:06,43.3522453308105,-8.42640018463135,"Unknown"
"7014855",371852,2025-10-24 03:09:08,43.3520126342773,-8.42624282836914,"Unknown"
"7014855",371852,2025-10-24 03:14:08,43.3519554138184,-8.42616939544678,"Unknown"
"7014855",371852,2025-10-24 03:19:09,43.3520393371582,-8.4262809753418,"Unknown"
"7014855",371852,2025-10-24 03:24:07,43.3521308898926,-8.42642211914062,"Unknown"
"7014855",371852,2025-10-24 03:29:08,43.3521575927734,-8.42631053924561,"Unknown"
"7014855",371852,2025-10-24 03:34:07,43.3521003723145,-8.42630767822266,"Unknown"
"7014855",371852,2025-10-24 03:39:10,43.352180480957,-8.42634391784668,"Unknown"
"7014855",371852,2025-10-24 03:44:07,43.3523445129395,-8.42641639709473,"Unknown"
"7014855",371852,2025-10-24 03:49:13,43.3521537780762,-8.42628479003906,"Unknown"
"7014855",371852,2025-10-24 03:54:09,43.3522033691406,-8.42637825012207,"Unknown"
"7014855",371852,2025-10-24 03:59:08,43.3520965576172,-8.42636775970459,"Unknown"
"7014855",371852,2025-10-24 04:04:08,43.3520278930664,-8.42638969421387,"Unknown"
"7014855",371852,2025-10-24 04:09:06,43.3518676757812,-8.42644500732422,"Unknown"
"7014855",371852,2025-10-24 04:14:07,43.3521156311035,-8.4263858795166,"Unknown"
"7014855",371852,2025-10-24 04:19:08,43.3520202636719,-8.4262809753418,"Unknown"
"7014855",371852,2025-10-24 04:24:18,43.3521957397461,-8.42642021179199,"Unknown"
"7014855",371852,2025-10-24 04:29:09,43.3520355224609,-8.42635822296143,"Unknown"
"7014855",371852,2025-10-24 04:34:11,43.3522109985352,-8.42638969421387,"Unknown"
"7014855",371852,2025-10-24 04:39:18,43.352367401123,-8.42639636993408,"Unknown"
"7014855",371852,2025-10-24 04:44:09,43.3519554138184,-8.42623615264893,"Unknown"
"7014855",371852,2025-10-24 04:49:08,43.351921081543,-8.42635154724121,"Unknown"
"7014855",371852,2025-10-24 04:54:08,43.3519172668457,-8.42627716064453,"Unknown"
"7014855",371852,2025-10-24 04:59:08,43.3520431518555,-8.42629051208496,"Unknown"
"7014855",371852,2025-10-24 05:04:34,43.3521041870117,-8.42617130279541,"Unknown"
"7014855",371852,2025-10-24 05:09:07,43.3520469665527,-8.42622566223145,"Unknown"
"7014855",371852,2025-10-24 05:14:07,43.3519172668457,-8.42610549926758,"Unknown"
"7014855",371852,2025-10-24 05:19:07,43.3518486022949,-8.42604541778564,"Unknown"
"7014855",371852,2025-10-24 05:24:06,43.3520774841309,-8.42618751525879,"Unknown"
"7014855",371852,2025-10-24 05:29:06,43.3519401550293,-8.42618465423584,"Unknown"
"7014855",371852,2025-10-24 05:34:07,43.351936340332,-8.42613124847412,"Unknown"
"7014855",371852,2025-10-24 05:39:06,43.3519248962402,-8.42623138427734,"Unknown"
"7014855",371852,2025-10-24 05:44:07,43.3520393371582,-8.42625522613525,"Unknown"
"7014855",371852,2025-10-24 05:49:07,43.3519401550293,-8.42612552642822,"Unknown"
"7014855",371852,2025-10-24 05:54:08,43.3520088195801,-8.42627906799316,"Unknown"
"7014855",371852,2025-10-24 05:59:06,43.3519592285156,-8.42623710632324,"Unknown"
"7014855",371852,2025-10-24 06:04:34,43.3519706726074,-8.4262170791626,"Unknown"
"7014855",371852,2025-10-24 06:09:06,43.3520011901855,-8.42627334594727,"Unknown"
"7014855",371852,2025-10-24 06:14:07,43.3519821166992,-8.42620944976807,"Unknown"
"7014855",371852,2025-10-24 06:19:06,43.3519554138184,-8.42620944976807,"Unknown"
"7014855",371852,2025-10-24 06:24:06,43.3520202636719,-8.42617893218994,"Unknown"
"7014855",371852,2025-10-24 06:29:07,43.3519630432129,-8.42615699768066,"Unknown"
"7014855",371852,2025-10-24 06:34:06,43.3520622253418,-8.42638397216797,"Unknown"
"7014855",371852,2025-10-24 06:39:06,43.351921081543,-8.42619323730469,"Unknown"
"7014855",371852,2025-10-24 06:44:07,43.351863861084,-8.42622470855713,"Unknown"
"7014855",371852,2025-10-24 06:49:06,43.3519592285156,-8.42624092102051,"Unknown"
"7014855",371852,2025-10-24 06:54:06,43.3520355224609,-8.42626857757568,"Unknown"
"7014855",371852,2025-10-24 06:59:06,43.3520088195801,-8.4262752532959,"Unknown"
"7014855",371852,2025-10-24 07:04:06,43.3522262573242,-8.42650985717773,"Unknown"
"7014855",371852,2025-10-24 07:09:09,43.3530921936035,-8.42734527587891,"Unknown"
"7014855",371852,2025-10-24 07:14:31,43.3519630432129,-8.4261589050293,"Unknown"
"7014855",371852,2025-10-24 07:19:06,43.3519439697266,-8.42609786987305,"Unknown"
"7014855",371852,2025-10-24 07:24:07,43.3518295288086,-8.42607116699219,"Unknown"
"7014855",371852,2025-10-24 07:29:06,43.3517990112305,-8.42596054077148,"Unknown"
"7014855",371852,2025-10-24 07:34:06,43.3519325256348,-8.4260835647583,"Unknown"
"7014855",371852,2025-10-24 07:39:07,43.3518371582031,-8.4259786605835,"Unknown"
"7014855",371852,2025-10-24 07:44:07,43.3518753051758,-8.42611122131348,"Unknown"
"7014855",371852,2025-10-24 07:49:09,43.3519706726074,-8.42624187469482,"Unknown"
"7014855",371852,2025-10-24 07:54:07,43.351806640625,-8.42642593383789,"Unknown"
"7014855",371852,2025-10-24 07:59:07,43.3519515991211,-8.42618942260742,"Unknown"
"7014855",371852,2025-10-24 08:04:10,43.3527755737305,-8.42759799957275,"Unknown"
"7014855",371852,2025-10-24 08:09:09,43.3519248962402,-8.42620658874512,"Unknown"
"7014855",371852,2025-10-24 08:14:15,43.3520011901855,-8.42627143859863,"Unknown"
"7014855",371852,2025-10-24 08:19:12,43.3517074584961,-8.4255256652832,"Unknown"
"7014855",371852,2025-10-24 08:24:18,43.3519897460938,-8.42623615264893,"Unknown"
"7014855",371852,2025-10-24 08:29:18,43.3520050048828,-8.42624092102051,"Unknown"
"7014855",371852,2025-10-24 08:34:18,43.351993560791,-8.42624568939209,"Unknown"
"7014855",371852,2025-10-24 08:39:18,43.351978302002,-8.42628955841064,"Unknown"
"7014855",371852,2025-10-24 08:44:18,43.3519973754883,-8.4262170791626,"Unknown"
"7014855",371852,2025-10-24 08:49:18,43.3520011901855,-8.4261999130249,"Unknown"
"7014855",371852,2025-10-24 08:54:18,43.3520355224609,-8.42627429962158,"Unknown"
"7014855",371852,2025-10-24 08:59:19,43.3520088195801,-8.42628955841064,"Unknown"
"7014855",371852,2025-10-24 09:04:19,43.351978302002,-8.42626571655273,"Unknown"
"7014855",371852,2025-10-24 09:09:19,43.3520050048828,-8.42621326446533,"Unknown"
"7014855",371852,2025-10-24 09:14:19,43.3520126342773,-8.42619323730469,"Unknown"
"7014855",371852,2025-10-24 09:19:19,43.3520126342773,-8.42623805999756,"Unknown"
"7014855",371852,2025-10-24 09:24:19,43.3519821166992,-8.4261999130249,"Unknown"
"7014855",371852,2025-10-24 09:29:19,43.3519897460938,-8.42623233795166,"Unknown"
"7014855",371852,2025-10-24 09:34:19,43.3520278930664,-8.4263744354248,"Unknown"
"7014855",371852,2025-10-24 09:39:19,43.3520278930664,-8.42632961273193,"Unknown"
"7014855",371852,2025-10-24 09:44:23,43.3519744873047,-8.42635726928711,"Unknown"
"7014855",371852,2025-10-24 09:49:19,43.351978302002,-8.42627334594727,"Unknown"
"7014855",371852,2025-10-24 09:54:21,43.3519020080566,-8.42630290985107,"Unknown"
"7014855",371852,2025-10-24 09:59:21,43.3520240783691,-8.42630004882812,"Unknown"
"7014855",371852,2025-10-24 10:04:35,43.3520584106445,-8.42632579803467,"Unknown"
"7014855",371852,2025-10-24 10:09:07,43.3523445129395,-8.42653369903564,"Unknown"
"7014855",371852,2025-10-24 10:14:09,43.3524513244629,-8.42674541473389,"Unknown"
"7014855",371852,2025-10-24 10:19:11,43.351978302002,-8.42618370056152,"Unknown"
"7014855",371852,2025-10-24 10:24:08,43.3522338867188,-8.4264612197876,"Unknown"
"7014855",371852,2025-10-24 10:29:06,43.3522300720215,-8.42647933959961,"Unknown"
"7014855",371852,2025-10-24 10:34:07,43.3519401550293,-8.42619323730469,"Unknown"
"7014855",371852,2025-10-24 10:39:07,43.3519706726074,-8.4263162612915,"Unknown"
"7014855",371852,2025-10-24 10:44:42,43.351978302002,-8.42631721496582,"Unknown"
"7014855",371852,2025-10-24 10:49:06,43.3520812988281,-8.42646598815918,"Unknown"
"7014855",371852,2025-10-24 10:54:06,43.3519821166992,-8.42627906799316,"Unknown"
"7014855",371852,2025-10-24 10:59:07,43.3519592285156,-8.42622184753418,"Unknown"
"7014855",371852,2025-10-24 11:04:10,43.3516998291016,-8.42576503753662,"Unknown"
"7014855",371852,2025-10-24 11:09:12,43.3520393371582,-8.42652320861816,"Unknown"
"7014855",371852,2025-10-24 11:14:12,43.3519439697266,-8.42639350891113,"Unknown"
"7014855",371852,2025-10-24 11:19:10,43.3520088195801,-8.42645835876465,"Unknown"
"7014855",371852,2025-10-24 11:24:12,43.3519515991211,-8.42631530761719,"Unknown"
"7014855",371852,2025-10-24 11:29:10,43.3519515991211,-8.42616081237793,"Unknown"
"7014855",371852,2025-10-24 11:34:35,43.3519592285156,-8.42620468139648,"Unknown"
"7014855",371852,2025-10-24 11:39:06,43.351978302002,-8.42620277404785,"Unknown"
"7014855",371852,2025-10-24 11:44:07,43.3519401550293,-8.42623805999756,"Unknown"
"7014855",371852,2025-10-24 11:49:06,43.3520431518555,-8.42630863189697,"Unknown"
"7014855",371852,2025-10-24 11:54:07,43.3520088195801,-8.42621994018555,"Unknown"
"7014855",371852,2025-10-24 11:59:06,43.3519859313965,-8.42626857757568,"Unknown"
"7014855",371852,2025-10-24 12:04:06,43.3519439697266,-8.42653274536133,"Unknown"
"7014855",371852,2025-10-24 12:09:08,43.351993560791,-8.42628765106201,"Unknown"
"7014855",371852,2025-10-24 12:14:06,43.3519515991211,-8.42600727081299,"Unknown"
"7014855",371852,2025-10-24 12:19:06,43.3519020080566,-8.42613697052002,"Unknown"
"7014855",371852,2025-10-24 12:24:11,43.352123260498,-8.42621326446533,"Unknown"
"7014855",371852,2025-10-24 12:29:13,43.3519515991211,-8.42616176605225,"Unknown"
"7014855",371852,2025-10-24 12:34:06,43.3519325256348,-8.42630386352539,"Unknown"
"7014855",371852,2025-10-24 12:39:18,43.3519477844238,-8.42623043060303,"Unknown"
"7014855",371852,2025-10-24 12:44:07,43.3516616821289,-8.42562961578369,"Unknown"
"7014855",371852,2025-10-24 12:49:18,43.3519630432129,-8.42617988586426,"Unknown"
"7014855",371852,2025-10-24 12:54:09,43.3522148132324,-8.42652320861816,"Unknown"
"7014855",371852,2025-10-24 12:59:18,43.3519592285156,-8.42618656158447,"Unknown"
"7014855",371852,2025-10-24 13:04:18,43.3519630432129,-8.4261646270752,"Unknown"
"7014855",371852,2025-10-24 13:09:18,43.3519439697266,-8.4261417388916,"Unknown"
"7014855",371852,2025-10-24 13:14:18,43.3520011901855,-8.42611694335938,"Unknown"
"7014855",371852,2025-10-24 13:19:11,43.3518028259277,-8.42578887939453,"Unknown"
"7014855",371852,2025-10-24 13:24:18,43.3519592285156,-8.4260721206665,"Unknown"
"7014855",371852,2025-10-24 13:29:08,43.3515129089355,-8.4253396987915,"Unknown"
"7014855",371852,2025-10-24 13:34:18,43.3519744873047,-8.42613887786865,"Unknown"
"7014855",371852,2025-10-24 13:39:09,43.3519020080566,-8.42591190338135,"Unknown"
"7014855",371852,2025-10-24 13:44:34,43.3519554138184,-8.42623138427734,"Unknown"
"7014855",371852,2025-10-24 13:49:06,43.3519668579102,-8.42623329162598,"Unknown"
"7014855",371852,2025-10-24 13:54:07,43.3519554138184,-8.42621326446533,"Unknown"
"7014855",371852,2025-10-24 13:59:07,43.3519439697266,-8.42619228363037,"Unknown"
"7014855",371852,2025-10-24 14:04:07,43.3519515991211,-8.42620372772217,"Unknown"
"7014855",371852,2025-10-24 14:09:06,43.3519401550293,-8.42624378204346,"Unknown"
"7014855",371852,2025-10-24 14:14:06,43.351978302002,-8.42621612548828,"Unknown"
"7014855",371852,2025-10-24 14:19:06,43.3519630432129,-8.42623519897461,"Unknown"
"7014855",371852,2025-10-24 14:24:06,43.3519706726074,-8.42624568939209,"Unknown"
"7014855",371852,2025-10-24 14:29:07,43.3520202636719,-8.42617034912109,"Unknown"
"7014855",371852,2025-10-24 14:34:07,43.3518867492676,-8.4261589050293,"Unknown"
"7014855",371852,2025-10-24 14:39:07,43.3519515991211,-8.42619705200195,"Unknown"
"7014855",371852,2025-10-24 14:44:07,43.3519668579102,-8.42622470855713,"Unknown"
"7014855",371852,2025-10-24 14:49:06,43.3519554138184,-8.42620849609375,"Unknown"
"7014855",371852,2025-10-24 14:54:06,43.3519592285156,-8.42622661590576,"Unknown"
"7014855",371852,2025-10-24 14:59:09,43.3520317077637,-8.42615699768066,"Unknown"
"7014855",371852,2025-10-24 15:04:06,43.351993560791,-8.42619895935059,"Unknown"
"7014855",371852,2025-10-24 15:09:07,43.3519058227539,-8.42619037628174,"Unknown"
"7014855",371852,2025-10-24 15:14:06,43.3519287109375,-8.42617607116699,"Unknown"
"7014855",371852,2025-10-24 15:19:06,43.3519058227539,-8.42611694335938,"Unknown"
"7014855",371852,2025-10-24 15:24:15,43.3519897460938,-8.42622375488281,"Unknown"
"7014855",371852,2025-10-24 15:29:15,43.3521347045898,-8.42635917663574,"Unknown"
"7014855",371852,2025-10-24 15:34:15,43.3519172668457,-8.42611885070801,"Unknown"
"7014855",371852,2025-10-24 15:39:16,43.3519439697266,-8.42613983154297,"Unknown"
"7014855",371852,2025-10-24 15:44:11,43.3522491455078,-8.42632961273193,"Unknown"
"7014855",371852,2025-10-24 15:49:09,43.3525924682617,-8.42651557922363,"Unknown"
"7014855",371852,2025-10-24 15:54:08,43.3526268005371,-8.42654037475586,"Unknown"
"7014855",371852,2025-10-24 15:59:08,43.3530616760254,-8.42683887481689,"Unknown"
"7014855",371852,2025-10-24 16:04:35,43.3520317077637,-8.42624187469482,"Unknown"
"7014855",371852,2025-10-24 16:09:06,43.3521118164062,-8.42630100250244,"Unknown"
"7014855",371852,2025-10-24 16:14:06,43.3521118164062,-8.42629337310791,"Unknown"
"7014855",371852,2025-10-24 16:19:07,43.3521499633789,-8.42628574371338,"Unknown"
"7014855",371852,2025-10-24 16:24:09,43.3520088195801,-8.42619800567627,"Unknown"
"7014855",371852,2025-10-24 16:29:09,43.3521995544434,-8.42624187469482,"Unknown"
"7014855",371852,2025-10-24 16:34:11,43.3520698547363,-8.42623519897461,"Unknown"
"7014855",371852,2025-10-24 16:39:08,43.3520698547363,-8.42624282836914,"Unknown"
"7014855",371852,2025-10-24 16:44:09,43.3521347045898,-8.42628192901611,"Unknown"
"7014855",371852,2025-10-24 16:49:09,43.3520660400391,-8.42618656158447,"Unknown"
"7014855",371852,2025-10-24 16:54:06,43.3520927429199,-8.42627429962158,"Unknown"
"7014855",371852,2025-10-24 16:59:07,43.3522109985352,-8.4259557723999,"Unknown"
"7014855",371852,2025-10-24 17:04:13,43.3518981933594,-8.42615604400635,"Unknown"
"7014855",371852,2025-10-24 17:09:16,43.3523445129395,-8.42616748809814,"Unknown"
"7014855",371852,2025-10-24 17:14:32,43.3520011901855,-8.42621898651123,"Unknown"
"7014855",371852,2025-10-24 17:19:06,43.3520202636719,-8.42624092102051,"Unknown"
"7014855",371852,2025-10-24 17:24:06,43.3519592285156,-8.42612648010254,"Unknown"
"7014855",371852,2025-10-24 17:29:07,43.3520050048828,-8.42616367340088,"Unknown"
"7014855",371852,2025-10-24 17:34:07,43.3520278930664,-8.42619895935059,"Unknown"
"7014855",371852,2025-10-24 17:39:06,43.3520622253418,-8.42617607116699,"Unknown"
"7014855",371852,2025-10-24 17:44:06,43.3519859313965,-8.42621803283691,"Unknown"
"7014855",371852,2025-10-24 17:49:06,43.3520469665527,-8.4261589050293,"Unknown"
"7014855",371852,2025-10-24 17:54:06,43.3520088195801,-8.42620277404785,"Unknown"
"7014855",371852,2025-10-24 17:59:07,43.3519821166992,-8.42617988586426,"Unknown"
"7014855",371852,2025-10-24 18:04:06,43.3520545959473,-8.42622756958008,"Unknown"
"7014855",371852,2025-10-24 18:09:06,43.351993560791,-8.42616271972656,"Unknown"
"7014855",371852,2025-10-24 18:14:09,43.3518218994141,-8.42600727081299,"Unknown"
"7014855",371852,2025-10-24 18:19:07,43.3519744873047,-8.42616367340088,"Unknown"
"7014855",371852,2025-10-24 18:24:34,43.3519477844238,-8.42612552642822,"Unknown"
"7014855",371852,2025-10-24 18:29:06,43.3519859313965,-8.42617130279541,"Unknown"
"7014855",371852,2025-10-24 18:34:06,43.3521118164062,-8.42627620697021,"Unknown"
"7014855",371852,2025-10-24 18:39:06,43.351879119873,-8.42611312866211,"Unknown"
"7014855",371852,2025-10-24 18:44:06,43.3519706726074,-8.42613124847412,"Unknown"
"7014855",371852,2025-10-24 18:49:06,43.35205078125,-8.42628288269043,"Unknown"
"7014855",371852,2025-10-24 18:54:07,43.3521766662598,-8.4263744354248,"Unknown"
"7014855",371852,2025-10-24 18:59:07,43.3519630432129,-8.42620658874512,"Unknown"
"7014855",371852,2025-10-24 19:04:06,43.35205078125,-8.42624282836914,"Unknown"
"7014855",371852,2025-10-24 19:09:07,43.3519515991211,-8.42616653442383,"Unknown"
"7014855",371852,2025-10-24 19:14:08,43.3521347045898,-8.42622184753418,"Unknown"
"7014855",371852,2025-10-24 19:19:07,43.3518142700195,-8.42607498168945,"Unknown"
"7014855",371852,2025-10-24 19:24:08,43.3518600463867,-8.42602348327637,"Unknown"
"7014855",371852,2025-10-24 19:29:07,43.3515548706055,-8.42580127716064,"Unknown"
"7014855",371852,2025-10-24 19:34:07,43.3519554138184,-8.42622566223145,"Unknown"
"7014855",371852,2025-10-24 19:39:10,43.3517799377441,-8.42604923248291,"Unknown"
"7014855",371852,2025-10-24 19:44:21,43.3519058227539,-8.4262228012085,"Unknown"
"7014855",371852,2025-10-24 19:49:09,43.3519134521484,-8.42617607116699,"Unknown"
"7014855",371852,2025-10-24 19:54:18,43.3519287109375,-8.42615604400635,"Unknown"
"7014855",371852,2025-10-24 19:59:07,43.3520736694336,-8.42640113830566,"Unknown"
"7014855",371852,2025-10-24 20:04:18,43.3520088195801,-8.42609786987305,"Unknown"
"7014855",371852,2025-10-24 20:09:18,43.3518218994141,-8.42617034912109,"Unknown"
"7014855",371852,2025-10-24 20:14:07,43.3519058227539,-8.42607975006104,"Unknown"
"7014855",371852,2025-10-24 20:19:18,43.3519401550293,-8.42607879638672,"Unknown"
"7014855",371852,2025-10-24 20:24:20,43.3519325256348,-8.42588043212891,"Unknown"
"7014855",371852,2025-10-24 20:29:19,43.3518600463867,-8.42582130432129,"Unknown"
"7014855",371852,2025-10-24 20:34:13,43.3519020080566,-8.42605972290039,"Unknown"
"7014855",371852,2025-10-24 20:39:34,43.3519248962402,-8.42617034912109,"Unknown"
"7014855",371852,2025-10-24 20:44:06,43.3519973754883,-8.42620182037354,"Unknown"
"7014855",371852,2025-10-24 20:49:06,43.3519706726074,-8.42620658874512,"Unknown"
"7014855",371852,2025-10-24 20:54:07,43.3519973754883,-8.42612552642822,"Unknown"
"7014855",371852,2025-10-24 20:59:07,43.3520240783691,-8.42606735229492,"Unknown"
"7014855",371852,2025-10-24 21:04:06,43.3520393371582,-8.42621612548828,"Unknown"
"7014855",371852,2025-10-24 21:09:07,43.3520355224609,-8.4263219833374,"Unknown"
"7014855",371852,2025-10-24 21:14:08,43.3520317077637,-8.42623996734619,"Unknown"
"7014855",371852,2025-10-24 21:19:08,43.3520011901855,-8.42613697052002,"Unknown"
"7014855",371852,2025-10-24 21:24:06,43.351993560791,-8.42619609832764,"Unknown"
"7014855",371852,2025-10-24 21:29:07,43.3519897460938,-8.42618846893311,"Unknown"
"7014855",371852,2025-10-24 21:34:07,43.3520088195801,-8.42618942260742,"Unknown"
"7014855",371852,2025-10-24 21:39:08,43.3519744873047,-8.4262113571167,"Unknown"
"7014855",371852,2025-10-24 21:44:07,43.3520240783691,-8.42628765106201,"Unknown"
"7014855",371852,2025-10-24 21:49:07,43.3522262573242,-8.4264965057373,"Unknown"
"7014855",371852,2025-10-24 21:54:08,43.3519744873047,-8.42625617980957,"Unknown"
"7014855",371852,2025-10-24 21:59:08,43.3521041870117,-8.42629337310791,"Unknown"
"7014855",371852,2025-10-24 22:04:08,43.3519668579102,-8.42621994018555,"Unknown"
"7014855",371852,2025-10-24 22:09:08,43.3518981933594,-8.42615127563477,"Unknown"
"7014855",371852,2025-10-24 22:14:08,43.3520164489746,-8.426194190979,"Unknown"
"7014855",371852,2025-10-24 22:19:08,43.3520202636719,-8.42618370056152,"Unknown"
"7014855",371852,2025-10-24 22:24:10,43.3520088195801,-8.42622566223145,"Unknown"
"7014855",371852,2025-10-24 22:29:11,43.3519439697266,-8.42607116699219,"Unknown"
"7014855",371852,2025-10-24 22:34:09,43.3519821166992,-8.42618656158447,"Unknown"
"7014855",371852,2025-10-24 22:39:09,43.35205078125,-8.42618083953857,"Unknown"
"7014855",371852,2025-10-24 22:44:09,43.3519515991211,-8.426194190979,"Unknown"
"7014855",371852,2025-10-24 22:49:09,43.3519821166992,-8.42627239227295,"Unknown"
"7014855",371852,2025-10-24 22:54:08,43.3519439697266,-8.4262170791626,"Unknown"
"7014855",371852,2025-10-24 22:59:10,43.3519744873047,-8.42623043060303,"Unknown"
"7014855",371852,2025-10-24 23:04:09,43.3520088195801,-8.42623233795166,"Unknown"
"7014855",371852,2025-10-24 23:09:11,43.3518714904785,-8.42605113983154,"Unknown"
"7014855",371852,2025-10-24 23:14:08,43.3518714904785,-8.42591381072998,"Unknown"
"7014855",371852,2025-10-24 23:19:09,43.3519554138184,-8.42608165740967,"Unknown"
"7014855",371852,2025-10-24 23:24:09,43.351863861084,-8.42600154876709,"Unknown"
"7014855",371852,2025-10-24 23:29:09,43.3519058227539,-8.42597198486328,"Unknown"
"7014855",371852,2025-10-24 23:34:08,43.3519325256348,-8.4254846572876,"Unknown"
"7014855",371852,2025-10-24 23:39:35,43.3519592285156,-8.42615985870361,"Unknown"
"7014855",371852,2025-10-24 23:44:07,43.3519134521484,-8.42627429962158,"Unknown"
"7014855",371852,2025-10-24 23:49:07,43.3519439697266,-8.42617893218994,"Unknown"
"7014855",371852,2025-10-24 23:54:07,43.3519706726074,-8.42627429962158,"Unknown"
"7014855",371852,2025-10-24 23:59:07,43.3519897460938,-8.42627048492432,"Unknown"
"7014855",371852,2025-10-25 00:04:07,43.3519477844238,-8.42617130279541,"Unknown"
"7014855",371852,2025-10-25 00:09:07,43.3519287109375,-8.42622566223145,"Unknown"
"7014855",371852,2025-10-25 00:19:07,43.3519096374512,-8.42620468139648,"Unknown"
"7014855",371852,2025-10-25 00:29:07,43.3520164489746,-8.42627811431885,"Unknown"
"7014855",371852,2025-10-25 00:39:07,43.3519592285156,-8.42609882354736,"Unknown"
"7014855",371852,2025-10-25 00:49:08,43.3520164489746,-8.4262809753418,"Unknown"
"7014855",371852,2025-10-25 00:59:09,43.3518142700195,-8.42589092254639,"Unknown"
"7014855",371852,2025-10-25 01:09:09,43.352108001709,-8.42655849456787,"Unknown"
"7014855",371852,2025-10-25 01:19:10,43.3521118164062,-8.42652702331543,"Unknown"
"7014855",371852,2025-10-25 01:29:10,43.3519897460938,-8.42630100250244,"Unknown"
"7014855",371852,2025-10-25 01:39:17,43.3520164489746,-8.42621421813965,"Unknown"
"7014855",371852,2025-10-25 01:49:35,43.3520011901855,-8.42627716064453,"Unknown"
"7014855",371852,2025-10-25 01:59:08,43.352180480957,-8.42606258392334,"Unknown"
"7014855",371852,2025-10-25 02:09:08,43.3519325256348,-8.4262866973877,"Unknown"
"7014855",371852,2025-10-25 02:19:10,43.352108001709,-8.4261589050293,"Unknown"
"7014855",371852,2025-10-25 02:29:12,43.3518524169922,-8.42623138427734,"Unknown"
"7014855",371852,2025-10-25 02:39:09,43.3520011901855,-8.42625904083252,"Unknown"
"7014855",371852,2025-10-25 02:49:09,43.3519744873047,-8.42614078521729,"Unknown"
"7014855",371852,2025-10-25 02:59:11,43.3520126342773,-8.42612361907959,"Unknown"
"7014855",371852,2025-10-25 03:09:11,43.3519172668457,-8.42601585388184,"Unknown"
"7014855",371852,2025-10-25 03:19:11,43.3515892028809,-8.42581272125244,"Unknown"
"7014855",371852,2025-10-25 03:29:12,43.3516426086426,-8.4258918762207,"Unknown"
"7014855",371852,2025-10-25 03:39:35,43.3520088195801,-8.42622184753418,"Unknown"
"7014855",371852,2025-10-25 03:49:08,43.3519744873047,-8.42617321014404,"Unknown"
"7014855",371852,2025-10-25 03:59:08,43.3519554138184,-8.4262809753418,"Unknown"
"7014855",371852,2025-10-25 04:09:08,43.3519897460938,-8.42628383636475,"Unknown"
"7014855",371852,2025-10-25 04:19:07,43.3520088195801,-8.426100730896,"Unknown"
"7014855",371852,2025-10-25 04:29:08,43.3520011901855,-8.42611312866211,"Unknown"
"7014855",371852,2025-10-25 04:39:12,43.3520736694336,-8.42602825164795,"Unknown"
"7014855",371852,2025-10-25 04:49:10,43.3521308898926,-8.42580413818359,"Unknown"
"7014855",371852,2025-10-25 04:59:13,43.3519744873047,-8.42616939544678,"Unknown"
"7014855",371852,2025-10-25 05:09:19,43.3517570495605,-8.42637157440186,"Unknown"
"7014855",371852,2025-10-25 05:19:35,43.3520622253418,-8.42626953125,"Unknown"
"7014855",371852,2025-10-25 05:29:08,43.3519821166992,-8.4261417388916,"Unknown"
"7014855",371852,2025-10-25 05:39:07,43.3519706726074,-8.42618942260742,"Unknown"
"7014855",371852,2025-10-25 05:49:07,43.351993560791,-8.42626762390137,"Unknown"
"7014855",371852,2025-10-25 05:59:07,43.3520164489746,-8.42625999450684,"Unknown"
"7014855",371852,2025-10-25 06:09:35,43.3519744873047,-8.42621326446533,"Unknown"
"7014855",371852,2025-10-25 06:19:07,43.3519744873047,-8.42623996734619,"Unknown"
"7014855",371852,2025-10-25 06:29:07,43.3519821166992,-8.42635917663574,"Unknown"
"7014855",371852,2025-10-25 06:39:07,43.3519592285156,-8.42629051208496,"Unknown"
"7014855",371852,2025-10-25 06:49:07,43.3520088195801,-8.4262752532959,"Unknown"
"7014855",371852,2025-10-25 06:59:09,43.3518600463867,-8.4263973236084,"Unknown"
"7014855",371852,2025-10-25 07:09:15,43.3520622253418,-8.42629432678223,"Unknown"
"7014855",371852,2025-10-25 07:19:17,43.3520698547363,-8.42630386352539,"Unknown"
"7014855",371852,2025-10-25 07:29:10,43.352180480957,-8.42640686035156,"Unknown"
"7014855",371852,2025-10-25 07:39:11,43.3520545959473,-8.42630386352539,"Unknown"
"7014855",371852,2025-10-25 07:49:15,43.3519172668457,-8.42612838745117,"Unknown"
"7014855",371852,2025-10-25 07:59:11,43.3519554138184,-8.42617225646973,"Unknown"
"7014855",371852,2025-10-25 08:09:35,43.3520050048828,-8.42628192901611,"Unknown"
"7014855",371852,2025-10-25 08:19:08,43.3520927429199,-8.42608833312988,"Unknown"
"7014855",371852,2025-10-25 08:29:08,43.3520126342773,-8.4262523651123,"Unknown"
"7014855",371852,2025-10-25 08:39:09,43.3519973754883,-8.42617988586426,"Unknown"
"7014855",371852,2025-10-25 08:49:07,43.3519821166992,-8.42623519897461,"Unknown"
"7014855",371852,2025-10-25 08:59:07,43.351921081543,-8.42629528045654,"Unknown"
"7014855",371852,2025-10-25 09:09:07,43.3519477844238,-8.42627239227295,"Unknown"
"7014855",371852,2025-10-25 09:19:08,43.3520545959473,-8.42614078521729,"Unknown"
"7014855",371852,2025-10-25 09:29:07,43.3519515991211,-8.42610931396484,"Unknown"
"7014855",371852,2025-10-25 09:39:09,43.3520698547363,-8.42632007598877,"Unknown"
"7014855",371852,2025-10-25 09:49:10,43.3520126342773,-8.42612648010254,"Unknown"
"7014855",371852,2025-10-25 09:59:08,43.3522720336914,-8.42641925811768,"Unknown"
"7014855",371852,2025-10-25 10:09:09,43.3525047302246,-8.42673683166504,"Unknown"
"7014855",371852,2025-10-25 10:19:09,43.3523368835449,-8.42660713195801,"Unknown"
"7014855",371852,2025-10-25 10:29:12,43.3512001037598,-8.42496299743652,"Unknown"
"7014855",371852,2025-10-25 10:39:35,43.3519554138184,-8.42623996734619,"Unknown"
"7014855",371852,2025-10-25 10:49:10,43.3517379760742,-8.42579460144043,"Unknown"
"7014855",371852,2025-10-25 10:59:09,43.3518333435059,-8.42590808868408,"Unknown"
"7014855",371852,2025-10-25 11:04:09,43.3520088195801,-8.42655086517334,"Unknown"
"7014855",371852,2025-10-25 11:09:09,43.3520164489746,-8.4265251159668,"Unknown"
"7014855",371852,2025-10-25 11:14:10,43.3520812988281,-8.42677116394043,"Unknown"
"7014855",371852,2025-10-25 11:19:11,43.3517913818359,-8.42578506469727,"Unknown"
"7014855",371852,2025-10-25 11:24:13,43.3518981933594,-8.42621803283691,"Unknown"
"7014855",371852,2025-10-25 11:29:11,43.3523101806641,-8.42765426635742,"Unknown"
"7014855",371852,2025-10-25 11:34:12,43.3519973754883,-8.42645740509033,"Unknown"
"7014855",371852,2025-10-25 11:39:10,43.3515129089355,-8.4246940612793,"Unknown"
"7014855",371852,2025-10-25 11:44:13,43.3519744873047,-8.4263219833374,"Unknown"
"7014855",371852,2025-10-25 11:49:09,43.3520584106445,-8.4266357421875,"Unknown"
"7014855",371852,2025-10-25 11:54:08,43.3521461486816,-8.42670440673828,"Unknown"
"7014855",371852,2025-10-25 11:59:08,43.3519325256348,-8.42617988586426,"Unknown"
"7014855",371852,2025-10-25 12:04:10,43.3521194458008,-8.42692375183105,"Unknown"
"7014855",371852,2025-10-25 12:09:12,43.3519096374512,-8.42585945129395,"Unknown"
"7014855",371852,2025-10-25 12:14:09,43.3518180847168,-8.42592334747314,"Unknown"
"7014855",371852,2025-10-25 12:19:08,43.3519897460938,-8.42636013031006,"Unknown"
"7014855",371852,2025-10-25 12:24:08,43.3520622253418,-8.42647838592529,"Unknown"
"7014855",371852,2025-10-25 12:29:09,43.3519744873047,-8.42622756958008,"Unknown"
"7014855",371852,2025-10-25 12:34:09,43.3521003723145,-8.4266529083252,"Unknown"
"7014855",371852,2025-10-25 12:39:09,43.3521385192871,-8.42644500732422,"Unknown"
"7014855",371852,2025-10-25 12:44:09,43.3520965576172,-8.4264554977417,"Unknown"
"7014855",371852,2025-10-25 12:49:10,43.3521881103516,-8.42653656005859,"Unknown"
"7014855",371852,2025-10-25 12:54:10,43.3521728515625,-8.42649745941162,"Unknown"
"7014855",371852,2025-10-25 12:59:11,43.3523254394531,-8.42661952972412,"Unknown"
"7014855",371852,2025-10-25 13:04:12,43.3522987365723,-8.42655849456787,"Unknown"
"7014855",371852,2025-10-25 13:09:35,43.3520088195801,-8.42618656158447,"Unknown"
"7014855",371852,2025-10-25 13:14:08,43.3519630432129,-8.42617130279541,"Unknown"
"7014855",371852,2025-10-25 13:19:08,43.3517379760742,-8.42570495605469,"Unknown"
"7014855",371852,2025-10-25 13:24:10,43.3521041870117,-8.42644882202148,"Unknown"
"7014855",371852,2025-10-25 13:29:09,43.3522148132324,-8.42657661437988,"Unknown"
"7014855",371852,2025-10-25 13:34:11,43.3517684936523,-8.42615222930908,"Unknown"
"7014855",371852,2025-10-25 13:39:08,43.3519744873047,-8.42639923095703,"Unknown"
"7014855",371852,2025-10-25 13:44:07,43.3520088195801,-8.42640209197998,"Unknown"
"7014855",371852,2025-10-25 13:49:08,43.3518981933594,-8.42643451690674,"Unknown"
"7014855",371852,2025-10-25 13:54:07,43.3519630432129,-8.42624568939209,"Unknown"
"7014855",371852,2025-10-25 13:59:08,43.3517608642578,-8.4262113571167,"Unknown"
"7014855",371852,2025-10-25 14:04:07,43.3519401550293,-8.42637157440186,"Unknown"
"7014855",371852,2025-10-25 14:09:07,43.3519134521484,-8.42624473571777,"Unknown"
"7014855",371852,2025-10-25 14:14:07,43.3519592285156,-8.42612266540527,"Unknown"
"7014855",371852,2025-10-25 14:19:08,43.3519134521484,-8.4261531829834,"Unknown"
"7014855",371852,2025-10-25 14:24:07,43.3519897460938,-8.42622375488281,"Unknown"
"7014855",371852,2025-10-25 14:29:09,43.3520355224609,-8.42636394500732,"Unknown"
"7014855",371852,2025-10-25 14:34:07,43.3520202636719,-8.4262580871582,"Unknown"
"7014855",371852,2025-10-25 14:39:07,43.351978302002,-8.42622375488281,"Unknown"
"7014855",371852,2025-10-25 14:44:07,43.351993560791,-8.42626094818115,"Unknown"
"7014855",371852,2025-10-25 14:49:08,43.3519325256348,-8.42620182037354,"Unknown"
"7014855",371852,2025-10-25 14:54:09,43.3520660400391,-8.42625904083252,"Unknown"
"7014855",371852,2025-10-25 14:59:08,43.3519058227539,-8.42616748809814,"Unknown"
"7014855",371852,2025-10-25 15:04:09,43.3522071838379,-8.42638778686523,"Unknown"
"7014855",371852,2025-10-25 15:09:09,43.3520011901855,-8.42623901367188,"Unknown"
"7014855",371852,2025-10-25 15:14:20,43.3520660400391,-8.42628765106201,"Unknown"
"7014855",371852,2025-10-25 15:19:21,43.3520431518555,-8.42623901367188,"Unknown"
"7014855",371852,2025-10-25 15:24:19,43.3521347045898,-8.42627429962158,"Unknown"
"7014855",371852,2025-10-25 15:29:21,43.3520927429199,-8.42622661590576,"Unknown"
"7014855",371852,2025-10-25 15:34:21,43.3521041870117,-8.42634677886963,"Unknown"
"7014855",371852,2025-10-25 15:39:21,43.3521041870117,-8.42629814147949,"Unknown"
"7014855",371852,2025-10-25 15:44:35,43.3520317077637,-8.42626476287842,"Unknown"
"7014855",371852,2025-10-25 15:49:07,43.3519515991211,-8.42610740661621,"Unknown"
"7014855",371852,2025-10-25 15:54:07,43.3520584106445,-8.42628860473633,"Unknown"
"7014855",371852,2025-10-25 15:59:07,43.3520889282227,-8.42628860473633,"Unknown"
"7014855",371852,2025-10-25 16:04:35,43.3520889282227,-8.42627048492432,"Unknown"
"7014855",371852,2025-10-25 16:09:07,43.3519592285156,-8.42605972290039,"Unknown"
"7014855",371852,2025-10-25 16:14:07,43.3520317077637,-8.42616271972656,"Unknown"
"7014855",371852,2025-10-25 16:19:11,43.351993560791,-8.4260368347168,"Unknown"
"7014855",371852,2025-10-25 16:24:22,43.352123260498,-8.42626190185547,"Unknown"
"7014855",371852,2025-10-25 16:29:22,43.3524932861328,-8.42598724365234,"Unknown"
"7014855",371852,2025-10-25 16:34:19,43.3520431518555,-8.42623615264893,"Unknown"
"7014855",371852,2025-10-25 16:39:19,43.3520126342773,-8.42631149291992,"Unknown"
"7014855",371852,2025-10-25 16:44:24,43.3520774841309,-8.42625141143799,"Unknown"
"7014855",371852,2025-10-25 16:49:22,43.3523902893066,-8.42617130279541,"Unknown"
"7014855",371852,2025-10-25 16:54:35,43.3520355224609,-8.42623805999756,"Unknown"
"7014855",371852,2025-10-25 16:59:08,43.3519897460938,-8.4261360168457,"Unknown"
"7014855",371852,2025-10-25 17:04:07,43.3521041870117,-8.42609596252441,"Unknown"
"7014855",371852,2025-10-25 17:09:09,43.3520774841309,-8.42622375488281,"Unknown"
"7014855",371852,2025-10-25 17:14:07,43.3518753051758,-8.42619895935059,"Unknown"
"7014855",371852,2025-10-25 17:19:07,43.3519401550293,-8.42632675170898,"Unknown"
"7014855",371852,2025-10-25 17:24:08,43.3519897460938,-8.42622756958008,"Unknown"
"7014855",371852,2025-10-25 17:29:07,43.3519897460938,-8.42620086669922,"Unknown"
"7014855",371852,2025-10-25 17:34:08,43.3520622253418,-8.42615127563477,"Unknown"
"7014855",371852,2025-10-25 17:39:07,43.3518905639648,-8.42626667022705,"Unknown"
"7014855",371852,2025-10-25 17:44:07,43.3520126342773,-8.42611122131348,"Unknown"
"7014855",371852,2025-10-25 17:49:08,43.3519248962402,-8.42608642578125,"Unknown"
"7014855",371852,2025-10-25 17:54:10,43.3520278930664,-8.42605495452881,"Unknown"
"7014855",371852,2025-10-25 17:59:09,43.3519592285156,-8.4261474609375,"Unknown"
"7014855",371852,2025-10-25 18:04:18,43.3520088195801,-8.4261999130249,"Unknown"
"7014855",371852,2025-10-25 18:09:07,43.35205078125,-8.42605400085449,"Unknown"
"7014855",371852,2025-10-25 18:14:18,43.3519706726074,-8.4262056350708,"Unknown"
"7014855",371852,2025-10-25 18:19:35,43.3519821166992,-8.42615699768066,"Unknown"
"7014855",371852,2025-10-25 18:24:08,43.3520355224609,-8.42614459991455,"Unknown"
"7014855",371852,2025-10-25 18:29:08,43.3520355224609,-8.42607975006104,"Unknown"
"7014855",371852,2025-10-25 18:34:08,43.3520698547363,-8.42636680603027,"Unknown"
"7014855",371852,2025-10-25 18:39:08,43.3519973754883,-8.42614555358887,"Unknown"
"7014855",371852,2025-10-25 18:44:17,43.3521156311035,-8.42618942260742,"Unknown"
"7014855",371852,2025-10-25 18:49:10,43.3518257141113,-8.4253454208374,"Unknown"
"7014855",371852,2025-10-25 18:54:09,43.3519439697266,-8.42595195770264,"Unknown"
"7014855",371852,2025-10-25 18:59:10,43.352165222168,-8.42610836029053,"Unknown"
"7014855",371852,2025-10-25 19:04:08,43.3520889282227,-8.42581558227539,"Unknown"
"7014855",371852,2025-10-25 19:09:08,43.3519477844238,-8.42628479003906,"Unknown"
"7014855",371852,2025-10-25 19:14:08,43.351879119873,-8.42569828033447,"Unknown"
"7014855",371852,2025-10-25 19:19:09,43.3521270751953,-8.42587184906006,"Unknown"
"7014855",371852,2025-10-25 19:24:10,43.3518867492676,-8.42624950408936,"Unknown"
"7014855",371852,2025-10-25 19:29:15,43.3518180847168,-8.42619609832764,"Unknown"
"7014855",371852,2025-10-25 19:34:35,43.3518218994141,-8.42611694335938,"Unknown"
"7014855",371852,2025-10-25 19:39:08,43.3519859313965,-8.42624855041504,"Unknown"
"7014855",371852,2025-10-25 19:44:10,43.3519325256348,-8.42583465576172,"Unknown"
"7014855",371852,2025-10-25 19:49:10,43.3519401550293,-8.42617988586426,"Unknown"
"7014855",371852,2025-10-25 19:54:09,43.3519134521484,-8.42600345611572,"Unknown"
"7014855",371852,2025-10-25 19:59:09,43.3517456054688,-8.42642593383789,"Unknown"
"7014855",371852,2025-10-25 20:04:10,43.3518218994141,-8.42630195617676,"Unknown"
"7014855",371852,2025-10-25 20:09:09,43.3518753051758,-8.42615413665771,"Unknown"
"7014855",371852,2025-10-25 20:14:10,43.3518218994141,-8.42571067810059,"Unknown"
"7014855",371852,2025-10-25 20:19:08,43.3518028259277,-8.42598247528076,"Unknown"
"7014855",371852,2025-10-25 20:24:11,43.3518257141113,-8.42615222930908,"Unknown"
"7014855",371852,2025-10-25 20:29:10,43.351879119873,-8.42617702484131,"Unknown"
"7014855",371852,2025-10-25 20:34:08,43.3519744873047,-8.42624473571777,"Unknown"
"7014855",371852,2025-10-25 20:39:07,43.3517761230469,-8.42611026763916,"Unknown"
"7014855",371852,2025-10-25 20:44:08,43.351863861084,-8.42613792419434,"Unknown"
"7014855",371852,2025-10-25 20:49:08,43.3519401550293,-8.42613410949707,"Unknown"
"7014855",371852,2025-10-25 20:54:08,43.3518714904785,-8.4260368347168,"Unknown"
"7014855",371852,2025-10-25 20:59:07,43.3517951965332,-8.42627239227295,"Unknown"
"7014855",371852,2025-10-25 21:04:07,43.3518905639648,-8.42606353759766,"Unknown"
"7014855",371852,2025-10-25 21:09:07,43.3519058227539,-8.42607879638672,"Unknown"
"7014855",371852,2025-10-25 21:14:08,43.3521461486816,-8.42622184753418,"Unknown"
"7014855",371852,2025-10-25 21:19:08,43.351993560791,-8.42610263824463,"Unknown"
"7014855",371852,2025-10-25 21:29:10,43.3517761230469,-8.42598152160645,"Unknown"
"7014855",371852,2025-10-25 21:34:10,43.351921081543,-8.42605400085449,"Unknown"
"7014855",371852,2025-10-25 21:39:08,43.3518180847168,-8.42597675323486,"Unknown"
"7014855",371852,2025-10-25 21:44:09,43.3517875671387,-8.42597484588623,"Unknown"
"7014855",371852,2025-10-25 21:49:11,43.3522911071777,-8.42648029327393,"Unknown"
"7014855",371852,2025-10-25 21:54:11,43.3520927429199,-8.42616939544678,"Unknown"
"7014855",371852,2025-10-25 22:04:35,43.3519172668457,-8.42613983154297,"Unknown"
"7014855",371852,2025-10-25 22:09:07,43.3519477844238,-8.42609214782715,"Unknown"
"7014855",371852,2025-10-25 22:19:08,43.35205078125,-8.42615222930908,"Unknown"
"7014855",371852,2025-10-25 22:29:07,43.3520469665527,-8.42615509033203,"Unknown"
"7014855",371852,2025-10-25 22:39:07,43.3520164489746,-8.42623043060303,"Unknown"
"7014855",371852,2025-10-25 22:49:07,43.3520278930664,-8.42612171173096,"Unknown"
"7014855",371852,2025-10-25 22:59:07,43.3519668579102,-8.42620372772217,"Unknown"
"7014855",371852,2025-10-25 23:09:08,43.35205078125,-8.42604351043701,"Unknown"
"7014855",371852,2025-10-25 23:19:07,43.352108001709,-8.42610740661621,"Unknown"
"7014855",371852,2025-10-25 23:29:08,43.3520050048828,-8.4261302947998,"Unknown"
"7014855",371852,2025-10-25 23:39:07,43.3519630432129,-8.4260425567627,"Unknown"
"7014855",371852,2025-10-25 23:49:09,43.351863861084,-8.42604446411133,"Unknown"
"7014855",371852,2025-10-25 23:59:11,43.3518486022949,-8.42538642883301,"Unknown"
"7014855",371852,2025-10-26 00:09:35,43.3519401550293,-8.42620468139648,"Unknown"
"7014855",371852,2025-10-26 00:19:07,43.3519439697266,-8.4261646270752,"Unknown"
"7014855",371852,2025-10-26 00:29:07,43.3519592285156,-8.42622089385986,"Unknown"
"7014855",371852,2025-10-26 00:39:07,43.3519859313965,-8.42622184753418,"Unknown"
"7014855",371852,2025-10-26 00:49:07,43.351993560791,-8.42625331878662,"Unknown"
"7014855",371852,2025-10-26 00:59:09,43.3519897460938,-8.42623996734619,"Unknown"
"7014855",371852,2025-10-26 01:09:08,43.3519592285156,-8.42631721496582,"Unknown"
"7014855",371852,2025-10-26 01:19:09,43.3520278930664,-8.42621421813965,"Unknown"
"7014855",371852,2025-10-26 01:29:10,43.3518180847168,-8.42636680603027,"Unknown"
"7014855",371852,2025-10-26 01:39:10,43.3525047302246,-8.42606449127197,"Unknown"
"7014855",371852,2025-10-26 01:49:34,43.3520011901855,-8.42626285552979,"Unknown"
"7014855",371852,2025-10-26 01:59:09,43.351993560791,-8.42631053924561,"Unknown"
"7014855",371852,2025-10-26 02:09:09,43.3519515991211,-8.42612743377686,"Unknown"
"7014855",371852,2025-10-26 02:19:11,43.3518676757812,-8.42622089385986,"Unknown"
"7014855",371852,2025-10-26 02:29:08,43.3519744873047,-8.42619514465332,"Unknown"
"7014855",371852,2025-10-26 02:39:09,43.3520660400391,-8.4261999130249,"Unknown"
"7014855",371852,2025-10-26 02:49:09,43.3518714904785,-8.42612648010254,"Unknown"
"7014855",371852,2025-10-26 02:59:09,43.3522682189941,-8.42638301849365,"Unknown"
"7014855",371852,2025-10-26 03:09:10,43.3521118164062,-8.42625045776367,"Unknown"
"7014855",371852,2025-10-26 03:19:11,43.3520812988281,-8.42628479003906,"Unknown"
"7014855",371852,2025-10-26 03:29:35,43.3519477844238,-8.42620277404785,"Unknown"
"7014855",371852,2025-10-26 03:39:08,43.3519477844238,-8.42625904083252,"Unknown"
"7014855",371852,2025-10-26 03:49:09,43.3519439697266,-8.42621040344238,"Unknown"
"7014855",371852,2025-10-26 03:59:08,43.3519821166992,-8.42630004882812,"Unknown"
"7014855",371852,2025-10-26 04:09:08,43.351936340332,-8.42629432678223,"Unknown"
"7014855",371852,2025-10-26 04:19:08,43.351993560791,-8.42625141143799,"Unknown"
"7014855",371852,2025-10-26 04:29:09,43.3519248962402,-8.42614555358887,"Unknown"
"7014855",371852,2025-10-26 04:39:08,43.3520126342773,-8.42618656158447,"Unknown"
"7014855",371852,2025-10-26 04:49:08,43.3519859313965,-8.42623805999756,"Unknown"
"7014855",371852,2025-10-26 04:59:10,43.3522148132324,-8.42597007751465,"Unknown"
"7014855",371852,2025-10-26 05:09:13,43.3519630432129,-8.42630386352539,"Unknown"
"7014855",371852,2025-10-26 05:19:35,43.3519401550293,-8.42617988586426,"Unknown"
"7014855",371852,2025-10-26 05:29:08,43.3520088195801,-8.42614459991455,"Unknown"
"7014855",371852,2025-10-26 05:39:08,43.3520011901855,-8.42619037628174,"Unknown"
"7014855",371852,2025-10-26 05:49:08,43.3520698547363,-8.42624282836914,"Unknown"
"7014855",371852,2025-10-26 05:59:08,43.3520317077637,-8.42624187469482,"Unknown"
"7014855",371852,2025-10-26 06:09:35,43.3520050048828,-8.42620944976807,"Unknown"
"7014855",371852,2025-10-26 06:19:09,43.3519744873047,-8.42615127563477,"Unknown"
"7014855",371852,2025-10-26 06:29:09,43.351993560791,-8.42623996734619,"Unknown"
"7014855",371852,2025-10-26 06:39:09,43.3519401550293,-8.42619705200195,"Unknown"
"7014855",371852,2025-10-26 06:49:09,43.3518676757812,-8.42616748809814,"Unknown"
"7014855",371852,2025-10-26 06:59:13,43.3521728515625,-8.42631149291992,"Unknown"
"7014855",371852,2025-10-26 07:09:35,43.3520011901855,-8.42624092102051,"Unknown"
"7014855",371852,2025-10-26 07:19:09,43.3519706726074,-8.42626094818115,"Unknown"
"7014855",371852,2025-10-26 07:29:09,43.3520774841309,-8.42634296417236,"Unknown"
"7014855",371852,2025-10-26 07:39:10,43.3520011901855,-8.4265022277832,"Unknown"
"7014855",371852,2025-10-26 07:49:10,43.351806640625,-8.42629909515381,"Unknown"
"7014855",371852,2025-10-26 07:59:10,43.3520469665527,-8.42616081237793,"Unknown"
"7014855",371852,2025-10-26 08:09:34,43.3520164489746,-8.42625904083252,"Unknown"
"7014855",371852,2025-10-26 08:19:18,43.3520202636719,-8.42621803283691,"Unknown"
"7014855",371852,2025-10-26 08:29:15,43.3520126342773,-8.42616367340088,"Unknown"
"7014855",371852,2025-10-26 08:39:13,43.3520011901855,-8.4262866973877,"Unknown"
"7014855",371852,2025-10-26 08:49:09,43.3520355224609,-8.42627620697021,"Unknown"
"7014855",371852,2025-10-26 08:59:12,43.3521499633789,-8.42649364471436,"Unknown"
"7014855",371852,2025-10-26 09:09:09,43.3521842956543,-8.42619037628174,"Unknown"
"7014855",371852,2025-10-26 09:19:09,43.3521156311035,-8.42639923095703,"Unknown"
"7014855",371852,2025-10-26 09:29:09,43.3519973754883,-8.4263334274292,"Unknown"
"7014855",371852,2025-10-26 09:39:16,43.3519477844238,-8.42611217498779,"Unknown"
"7014855",371852,2025-10-26 09:49:15,43.3519859313965,-8.42608737945557,"Unknown"
"7014855",371852,2025-10-26 09:59:18,43.3520317077637,-8.42614650726318,"Unknown"
"7014855",371852,2025-10-26 10:09:35,43.3520431518555,-8.42631435394287,"Unknown"
"7014855",371852,2025-10-26 10:19:09,43.3518905639648,-8.42626190185547,"Unknown"
"7014855",371852,2025-10-26 10:29:10,43.3518180847168,-8.42622852325439,"Unknown"
"7014855",371852,2025-10-26 10:34:10,43.3514823913574,-8.4258279800415,"Unknown"
"7014855",371852,2025-10-26 10:39:12,43.3521537780762,-8.4264554977417,"Unknown"
"7014855",371852,2025-10-26 10:44:18,43.3518867492676,-8.4261531829834,"Unknown"
"7014855",371852,2025-10-26 10:49:18,43.351863861084,-8.42622375488281,"Unknown"
"7014855",371852,2025-10-26 10:54:10,43.352237701416,-8.42668628692627,"Unknown"
"7014855",371852,2025-10-26 10:59:18,43.3518524169922,-8.42625713348389,"Unknown"
"7014855",371852,2025-10-26 11:04:18,43.3520660400391,-8.42633056640625,"Unknown"
"7014855",371852,2025-10-26 11:09:18,43.3518218994141,-8.42630386352539,"Unknown"
"7014855",371852,2025-10-26 11:14:18,43.3518905639648,-8.42641448974609,"Unknown"
"7014855",371852,2025-10-26 11:19:18,43.3518295288086,-8.42612457275391,"Unknown"
"7014855",371852,2025-10-26 11:24:19,43.3519973754883,-8.42661666870117,"Unknown"
"7014855",371852,2025-10-26 11:29:20,43.3519287109375,-8.42651748657227,"Unknown"
"7014855",371852,2025-10-26 11:34:19,43.3520393371582,-8.42607498168945,"Unknown"
"7014855",371852,2025-10-26 11:39:34,43.3519744873047,-8.42624092102051,"Unknown"
"7014855",371852,2025-10-26 11:44:09,43.3520431518555,-8.42622566223145,"Unknown"
"7014855",371852,2025-10-26 11:49:08,43.3519668579102,-8.42615509033203,"Unknown"
"7014855",371852,2025-10-26 11:54:09,43.3519515991211,-8.4262638092041,"Unknown"
"7014855",371852,2025-10-26 11:59:09,43.3518905639648,-8.42621040344238,"Unknown"
"7014855",371852,2025-10-26 12:04:08,43.3519096374512,-8.42613410949707,"Unknown"
"7014855",371852,2025-10-26 12:09:08,43.351921081543,-8.4261646270752,"Unknown"
"7014855",371852,2025-10-26 12:14:08,43.3520050048828,-8.42625904083252,"Unknown"
"7014855",371852,2025-10-26 12:19:08,43.3519172668457,-8.42616367340088,"Unknown"
"7014855",371852,2025-10-26 12:24:08,43.3519248962402,-8.42620754241943,"Unknown"
"7014855",371852,2025-10-26 12:29:08,43.3519630432129,-8.42621040344238,"Unknown"
"7014855",371852,2025-10-26 12:34:09,43.3520011901855,-8.42624759674072,"Unknown"
"7014855",371852,2025-10-26 12:39:08,43.351993560791,-8.42618083953857,"Unknown"
"7014855",371852,2025-10-26 12:44:08,43.3518333435059,-8.42621994018555,"Unknown"
"7014855",371852,2025-10-26 12:49:09,43.351936340332,-8.4262523651123,"Unknown"
"7014855",371852,2025-10-26 12:54:08,43.3518218994141,-8.42614364624023,"Unknown"
"7014855",371852,2025-10-26 12:59:08,43.3519668579102,-8.42623043060303,"Unknown"
"7014855",371852,2025-10-26 13:04:08,43.3518829345703,-8.42618370056152,"Unknown"
"7014855",371852,2025-10-26 13:09:08,43.3519248962402,-8.42628574371338,"Unknown"
"7014855",371852,2025-10-26 13:14:08,43.3518600463867,-8.42614269256592,"Unknown"
"7014855",371852,2025-10-26 13:19:15,43.351993560791,-8.42623424530029,"Unknown"
"7014855",371852,2025-10-26 13:24:09,43.3520812988281,-8.42631435394287,"Unknown"
"7014855",371852,2025-10-26 13:29:09,43.3519477844238,-8.42620182037354,"Unknown"
"7014855",371852,2025-10-26 13:34:31,43.3519859313965,-8.42614555358887,"Unknown"
"7014855",371852,2025-10-26 13:39:08,43.3520202636719,-8.42630958557129,"Unknown"
"7014855",371852,2025-10-26 13:44:09,43.3520851135254,-8.4260778427124,"Unknown"
"7014855",371852,2025-10-26 13:49:08,43.3519554138184,-8.42618751525879,"Unknown"
"7014855",371852,2025-10-26 13:54:08,43.3517646789551,-8.42622089385986,"Unknown"
"7014855",371852,2025-10-26 13:59:08,43.3518981933594,-8.42617225646973,"Unknown"
"7014855",371852,2025-10-26 14:04:08,43.3520011901855,-8.42607975006104,"Unknown"
"7014855",371852,2025-10-26 14:09:08,43.3519668579102,-8.4262228012085,"Unknown"
"7014855",371852,2025-10-26 14:14:10,43.3520011901855,-8.42610549926758,"Unknown"
"7014855",371852,2025-10-26 14:19:08,43.3519859313965,-8.42607593536377,"Unknown"
"7014855",371852,2025-10-26 14:24:10,43.3519554138184,-8.42636394500732,"Unknown"
"7014855",371852,2025-10-26 14:29:08,43.3519668579102,-8.42634677886963,"Unknown"
"7014855",371852,2025-10-26 14:34:10,43.3520011901855,-8.42626094818115,"Unknown"
"7014855",371852,2025-10-26 14:39:13,43.3519859313965,-8.42635536193848,"Unknown"
"7014855",371852,2025-10-26 14:44:17,43.3519554138184,-8.42612361907959,"Unknown"
"7014855",371852,2025-10-26 14:49:35,43.3520011901855,-8.42620658874512,"Unknown"
"7014855",371852,2025-10-26 14:54:08,43.3519592285156,-8.42617130279541,"Unknown"
"7014855",371852,2025-10-26 14:59:08,43.3519706726074,-8.42615985870361,"Unknown"
"7014855",371852,2025-10-26 15:04:08,43.3520164489746,-8.42625617980957,"Unknown"
"7014855",371852,2025-10-26 15:09:08,43.3519630432129,-8.42619895935059,"Unknown"
"7014855",371852,2025-10-26 15:14:08,43.3519744873047,-8.42617225646973,"Unknown"
"7014855",371852,2025-10-26 15:19:08,43.3519592285156,-8.42612457275391,"Unknown"
"7014855",371852,2025-10-26 15:24:08,43.351806640625,-8.42601871490479,"Unknown"
"7014855",371852,2025-10-26 15:29:08,43.3519897460938,-8.42618942260742,"Unknown"
"7014855",371852,2025-10-26 15:34:08,43.3519134521484,-8.42612934112549,"Unknown"
"7014855",371852,2025-10-26 15:39:10,43.3519020080566,-8.42612361907959,"Unknown"
"7014855",371852,2025-10-26 15:44:08,43.351993560791,-8.42618560791016,"Unknown"
"7014855",371852,2025-10-26 15:49:08,43.3519706726074,-8.42617416381836,"Unknown"
"7014855",371852,2025-10-26 15:54:08,43.3519821166992,-8.42615032196045,"Unknown"
"7014855",371852,2025-10-26 15:59:08,43.3519134521484,-8.42610931396484,"Unknown"
"7014855",371852,2025-10-26 16:04:43,43.3519821166992,-8.42617416381836,"Unknown"
"7014855",371852,2025-10-26 16:09:08,43.3519515991211,-8.42615509033203,"Unknown"
"7014855",371852,2025-10-26 16:14:08,43.3519325256348,-8.42615413665771,"Unknown"
"7014855",371852,2025-10-26 16:19:08,43.351879119873,-8.42606544494629,"Unknown"
"7014855",371852,2025-10-26 16:24:11,43.35205078125,-8.42609405517578,"Unknown"
"7014855",371852,2025-10-26 16:29:09,43.3519821166992,-8.42621421813965,"Unknown"
"7014855",371852,2025-10-26 16:34:09,43.352165222168,-8.42642593383789,"Unknown"
"7014855",371852,2025-10-26 16:39:12,43.3522148132324,-8.42642784118652,"Unknown"
"7014855",371852,2025-10-26 16:44:34,43.3520202636719,-8.4262056350708,"Unknown"
"7014855",371852,2025-10-26 16:49:08,43.3519554138184,-8.42614459991455,"Unknown"
"7014855",371852,2025-10-26 16:54:08,43.3520088195801,-8.42620182037354,"Unknown"
"7014855",371852,2025-10-26 16:59:08,43.3519744873047,-8.42612934112549,"Unknown"
"7014855",371852,2025-10-26 17:04:08,43.3519592285156,-8.4261417388916,"Unknown"
"7014855",371852,2025-10-26 17:09:08,43.3519897460938,-8.42618465423584,"Unknown"
"7014855",371852,2025-10-26 17:14:08,43.3519706726074,-8.42615509033203,"Unknown"
"7014855",371852,2025-10-26 17:24:08,43.3519859313965,-8.42618751525879,"Unknown"
"7014855",371852,2025-10-26 17:29:08,43.3519592285156,-8.4261360168457,"Unknown"
"7014855",371852,2025-10-26 17:39:08,43.3519401550293,-8.42623996734619,"Unknown"
"7014855",371852,2025-10-26 17:49:08,43.3519439697266,-8.42620754241943,"Unknown"
"7014855",371852,2025-10-26 17:59:08,43.3520011901855,-8.42619323730469,"Unknown"
"7014855",371852,2025-10-26 18:09:08,43.3519744873047,-8.42617225646973,"Unknown"
"7014855",371852,2025-10-26 18:19:08,43.3518753051758,-8.42611122131348,"Unknown"
"7014855",371852,2025-10-26 18:29:35,43.3519744873047,-8.42616748809814,"Unknown"
"7014855",371852,2025-10-26 18:39:08,43.3518981933594,-8.42611217498779,"Unknown"
"7014855",371852,2025-10-26 18:49:17,43.3520240783691,-8.42622852325439,"Unknown"
"7014855",371852,2025-10-26 18:59:11,43.3521423339844,-8.42641735076904,"Unknown"
"7014855",371852,2025-10-26 19:09:12,43.3512344360352,-8.42506790161133,"Unknown"
"7014855",371852,2025-10-26 19:19:10,43.3521156311035,-8.42642211914062,"Unknown"
"7014855",371852,2025-10-26 19:29:10,43.3520774841309,-8.42628479003906,"Unknown"
"7014855",371852,2025-10-26 19:39:35,43.3519287109375,-8.42616748809814,"Unknown"
"7014855",371852,2025-10-26 19:49:11,43.3519515991211,-8.42632579803467,"Unknown"
"7014855",371852,2025-10-26 19:59:13,43.3519630432129,-8.42607021331787,"Unknown"
"7014855",371852,2025-10-26 20:09:12,43.3518562316895,-8.42580890655518,"Unknown"
"7014855",371852,2025-10-26 20:19:08,43.3519248962402,-8.42613506317139,"Unknown"
"7014855",371852,2025-10-26 20:29:10,43.3518714904785,-8.42609977722168,"Unknown"
"7014855",371852,2025-10-26 20:39:08,43.351978302002,-8.4261302947998,"Unknown"
"7014855",371852,2025-10-26 20:49:08,43.3519020080566,-8.42601490020752,"Unknown"
"7014855",371852,2025-10-26 20:59:08,43.3520469665527,-8.42616367340088,"Unknown"
"7014855",371852,2025-10-26 21:09:08,43.3520622253418,-8.42619705200195,"Unknown"
"7014855",371852,2025-10-26 21:19:10,43.3520736694336,-8.42617130279541,"Unknown"
"7014855",371852,2025-10-26 21:29:11,43.352108001709,-8.42618846893311,"Unknown"
"7014855",371852,2025-10-26 21:39:18,43.351978302002,-8.42610359191895,"Unknown"
"7014855",371852,2025-10-26 21:49:35,43.3519706726074,-8.42612838745117,"Unknown"
"7014855",371852,2025-10-26 21:59:18,43.3520545959473,-8.42619132995605,"Unknown"
"7014855",371852,2025-10-26 22:09:19,43.3517799377441,-8.42613506317139,"Unknown"
"7014855",371852,2025-10-26 22:19:19,43.3518409729004,-8.42611503601074,"Unknown"
"7014855",371852,2025-10-26 22:29:35,43.3519668579102,-8.42619609832764,"Unknown"
"7014855",371852,2025-10-26 22:39:17,43.3520393371582,-8.42617321014404,"Unknown"
"7014855",371852,2025-10-26 22:49:17,43.3519096374512,-8.42615222930908,"Unknown"
"7014855",371852,2025-10-26 22:59:35,43.3519859313965,-8.42620086669922,"Unknown"
"7014855",371852,2025-10-26 23:09:10,43.351993560791,-8.42614078521729,"Unknown"
"7014855",371852,2025-10-26 23:19:09,43.3520050048828,-8.42598819732666,"Unknown"
"7014855",371852,2025-10-26 23:29:09,43.3520774841309,-8.42602920532227,"Unknown"
"7014855",371852,2025-10-26 23:39:09,43.3519020080566,-8.42617797851562,"Unknown"
"7014855",371852,2025-10-26 23:49:11,43.351863861084,-8.42605686187744,"Unknown"
"7014855",371852,2025-10-26 23:59:11,43.3519744873047,-8.42618370056152,"Unknown"
"7014855",371852,2025-10-27 00:09:35,43.3519248962402,-8.42620468139648,"Unknown"
"7014855",371852,2025-10-27 00:19:10,43.3519744873047,-8.42617893218994,"Unknown"
"7014855",371852,2025-10-27 00:29:09,43.3520164489746,-8.42618751525879,"Unknown"
"7014855",371852,2025-10-27 00:39:09,43.3519668579102,-8.4262113571167,"Unknown"
"7014855",371852,2025-10-27 00:49:10,43.351978302002,-8.42618560791016,"Unknown"
"7014855",371852,2025-10-27 00:59:10,43.3518829345703,-8.42616558074951,"Unknown"
"7014855",371852,2025-10-27 01:09:10,43.3518714904785,-8.42628765106201,"Unknown"
"7014855",371852,2025-10-27 01:19:10,43.351734161377,-8.42670154571533,"Unknown"
"7014855",371852,2025-10-27 01:29:13,43.3517799377441,-8.42653751373291,"Unknown"
"7014855",371852,2025-10-27 01:39:16,43.3520469665527,-8.42614650726318,"Unknown"
"7014855",371852,2025-10-27 01:49:35,43.3519973754883,-8.42627334594727,"Unknown"
"7014855",371852,2025-10-27 01:59:19,43.3520698547363,-8.42615222930908,"Unknown"
"7014855",371852,2025-10-27 02:09:19,43.3520355224609,-8.42628955841064,"Unknown"
"7014855",371852,2025-10-27 02:19:14,43.3521614074707,-8.42620277404785,"Unknown"
"7014855",371852,2025-10-27 02:29:11,43.3521690368652,-8.42692947387695,"Unknown"
"7014855",371852,2025-10-27 02:39:17,43.3520164489746,-8.42626762390137,"Unknown"
"7014855",371852,2025-10-27 02:49:32,43.3520278930664,-8.426194190979,"Unknown"
"7014855",371852,2025-10-27 02:59:17,43.3521385192871,-8.42609786987305,"Unknown"
"7014855",371852,2025-10-27 03:09:19,43.351921081543,-8.42641258239746,"Unknown"
"7014855",371852,2025-10-27 03:19:35,43.3520050048828,-8.42621612548828,"Unknown"
"7014855",371852,2025-10-27 03:29:10,43.3519668579102,-8.42625617980957,"Unknown"
"7014855",371852,2025-10-27 03:39:11,43.3519821166992,-8.42626094818115,"Unknown"
"7014855",371852,2025-10-27 03:49:10,43.3519096374512,-8.42629718780518,"Unknown"
"7014855",371852,2025-10-27 03:59:10,43.3520584106445,-8.42607975006104,"Unknown"
"7014855",371852,2025-10-27 04:09:11,43.3521728515625,-8.42599773406982,"Unknown"
"7014855",371852,2025-10-27 04:19:10,43.3517303466797,-8.4264087677002,"Unknown"
"7014855",371852,2025-10-27 04:29:15,43.3521041870117,-8.42608547210693,"Unknown"
"7014855",371852,2025-10-27 04:39:18,43.352180480957,-8.42583465576172,"Unknown"
"7014855",371852,2025-10-27 04:49:18,43.351936340332,-8.42623996734619,"Unknown"
"7014855",371852,2025-10-27 04:59:35,43.3519744873047,-8.42617797851562,"Unknown"
"7014855",371852,2025-10-27 05:09:10,43.3519592285156,-8.42617321014404,"Unknown"
"7014855",371852,2025-10-27 05:19:10,43.3519248962402,-8.42622470855713,"Unknown"
"7014855",371852,2025-10-27 05:29:10,43.3519172668457,-8.42610931396484,"Unknown"
"7014855",371852,2025-10-27 05:39:09,43.351993560791,-8.42614364624023,"Unknown"
"7014855",371852,2025-10-27 05:49:09,43.351936340332,-8.42621803283691,"Unknown"
"7014855",371852,2025-10-27 05:59:10,43.3520164489746,-8.42603397369385,"Unknown"
"7014855",371852,2025-10-27 06:09:10,43.3520202636719,-8.42610263824463,"Unknown"
"7014855",371852,2025-10-27 06:19:16,43.3518981933594,-8.42615032196045,"Unknown"
"7014855",371852,2025-10-27 06:29:19,43.3518753051758,-8.42612838745117,"Unknown"
"7014855",371852,2025-10-27 06:39:18,43.3519477844238,-8.42617988586426,"Unknown"
"7014855",371852,2025-10-27 06:49:35,43.351978302002,-8.42627048492432,"Unknown"
"7014855",371852,2025-10-27 06:59:12,43.3518028259277,-8.42611980438232,"Unknown"
"7014855",371852,2025-10-27 07:09:09,43.3519554138184,-8.42615795135498,"Unknown"
"7014855",371852,2025-10-27 07:19:10,43.3520393371582,-8.42619037628174,"Unknown"
"7014855",371852,2025-10-27 07:29:10,43.351863861084,-8.426100730896,"Unknown"
"7014855",371852,2025-10-27 07:39:11,43.3519859313965,-8.4262113571167,"Unknown"
"7014855",371852,2025-10-27 07:49:11,43.3517112731934,-8.42595481872559,"Unknown"
"7014855",371852,2025-10-27 07:59:13,43.3520164489746,-8.42623043060303,"Unknown"
"7014855",371852,2025-10-27 08:09:18,43.3518486022949,-8.42625713348389,"Unknown"
"7014855",371852,2025-10-27 08:19:18,43.3520240783691,-8.42620277404785,"Unknown"
"7014855",371852,2025-10-27 08:29:19,43.3519744873047,-8.42623138427734,"Unknown"
"7014855",371852,2025-10-27 08:39:18,43.3520126342773,-8.42608547210693,"Unknown"
"7014855",371852,2025-10-27 08:49:19,43.3520889282227,-8.4262580871582,"Unknown"
"7014855",371852,2025-10-27 08:59:18,43.3519134521484,-8.42607021331787,"Unknown"
"7014855",371852,2025-10-27 09:09:34,43.3519668579102,-8.42622566223145,"Unknown"
"7014855",371852,2025-10-27 09:19:10,43.351936340332,-8.42611885070801,"Unknown"
"7014855",371852,2025-10-27 09:29:10,43.3518409729004,-8.42597579956055,"Unknown"
"7014855",371852,2025-10-27 09:39:09,43.3520927429199,-8.42629337310791,"Unknown"
"7014855",371852,2025-10-27 09:49:10,43.3520011901855,-8.42615795135498,"Unknown"
"7014855",371852,2025-10-27 09:59:11,43.3518867492676,-8.42592144012451,"Unknown"
"7014855",371852,2025-10-27 10:09:35,43.3519439697266,-8.42626762390137,"Unknown"
"7014855",371852,2025-10-27 10:19:10,43.351978302002,-8.42622089385986,"Unknown"
"7014855",371852,2025-10-27 10:29:10,43.3520126342773,-8.4263162612915,"Unknown"
"7014855",371852,2025-10-27 10:39:16,43.3520088195801,-8.42610454559326,"Unknown"
"7014855",371852,2025-10-27 10:49:11,43.3520393371582,-8.42631530761719,"Unknown"
"7014855",371852,2025-10-27 10:59:13,43.351921081543,-8.42626190185547,"Unknown"
"7014855",371852,2025-10-27 11:09:18,43.3518562316895,-8.42625904083252,"Unknown"
"7014855",371852,2025-10-27 11:19:18,43.3519515991211,-8.4262523651123,"Unknown"
"7014855",371852,2025-10-27 11:29:18,43.3519287109375,-8.42620277404785,"Unknown"
"7014855",371852,2025-10-27 11:39:18,43.3518104553223,-8.42626667022705,"Unknown"
"7014855",371852,2025-10-27 11:49:15,43.351448059082,-8.42529678344727,"Unknown"
"7014855",371852,2025-10-27 11:59:17,43.3519744873047,-8.42619132995605,"Unknown"
"7014855",371852,2025-10-27 12:09:18,43.3519325256348,-8.42623519897461,"Unknown"
"7014855",371852,2025-10-27 12:19:18,43.3519630432129,-8.42615985870361,"Unknown"
"7014855",371852,2025-10-27 12:29:24,43.3519325256348,-8.42609214782715,"Unknown"
"7014855",371852,2025-10-27 12:39:24,43.3518981933594,-8.42608737945557,"Unknown"
"7014855",371852,2025-10-27 12:49:35,43.3519706726074,-8.4261999130249,"Unknown"
"7014855",371852,2025-10-27 12:59:10,43.3517799377441,-8.42603397369385,"Unknown"
"7014855",371852,2025-10-27 13:09:09,43.3521156311035,-8.42661952972412,"Unknown"
"7014855",371852,2025-10-27 13:19:11,43.3518867492676,-8.42620372772217,"Unknown"
"7014855",371852,2025-10-27 13:29:15,43.3520278930664,-8.4261417388916,"Unknown"
"7014855",371852,2025-10-27 13:39:10,43.3518867492676,-8.42624378204346,"Unknown"
"7014855",371852,2025-10-27 13:49:10,43.3519897460938,-8.42617225646973,"Unknown"
"7014855",371852,2025-10-27 13:59:10,43.3519859313965,-8.42614650726318,"Unknown"
"7014855",371852,2025-10-27 14:09:10,43.3519248962402,-8.42624092102051,"Unknown"
"7014855",371852,2025-10-27 14:19:11,43.3519554138184,-8.42619132995605,"Unknown"
"7014855",371852,2025-10-27 14:29:11,43.3521614074707,-8.42624855041504,"Unknown"
"7014855",371852,2025-10-27 14:39:11,43.3520622253418,-8.42615699768066,"Unknown"
"7014855",371852,2025-10-27 14:49:11,43.3519973754883,-8.42612171173096,"Unknown"
"7014855",371852,2025-10-27 14:59:12,43.351879119873,-8.42601871490479,"Unknown"
"7014855",371852,2025-10-27 15:09:10,43.3520355224609,-8.42625045776367,"Unknown"
"7014855",371852,2025-10-27 15:19:11,43.3518981933594,-8.42605113983154,"Unknown"
"7014855",371852,2025-10-27 15:29:11,43.3519439697266,-8.42599773406982,"Unknown"
"7014855",371852,2025-10-27 15:39:11,43.3518180847168,-8.42591762542725,"Unknown"
"7014855",371852,2025-10-27 15:49:11,43.3518905639648,-8.4259557723999,"Unknown"
"7014855",371852,2025-10-27 15:59:13,43.3518486022949,-8.4259033203125,"Unknown"
"7014855",371852,2025-10-27 16:09:11,43.3520278930664,-8.426100730896,"Unknown"
"7014855",371852,2025-10-27 16:19:15,43.3518447875977,-8.42604637145996,"Unknown"
"7014855",371852,2025-10-27 16:29:12,43.351936340332,-8.42606925964355,"Unknown"
"7014855",371852,2025-10-27 16:39:11,43.3518562316895,-8.42598628997803,"Unknown"
"7014855",371852,2025-10-27 16:49:16,43.3519515991211,-8.42606925964355,"Unknown"
"7014855",371852,2025-10-27 16:59:13,43.3520469665527,-8.42599487304688,"Unknown"
"7014855",371852,2025-10-27 17:09:12,43.3521919250488,-8.42636489868164,"Unknown"
"7014855",371852,2025-10-27 17:19:13,43.351863861084,-8.42599201202393,"Unknown"
"7014855",371852,2025-10-27 17:29:12,43.3518714904785,-8.42624378204346,"Unknown"
"7014855",371852,2025-10-27 17:39:14,43.3517951965332,-8.42596817016602,"Unknown"
"7014855",371852,2025-10-27 17:49:15,43.3517150878906,-8.42630767822266,"Unknown"
"7014855",371852,2025-10-27 17:59:19,43.351676940918,-8.42556285858154,"Unknown"
"7014855",371852,2025-10-27 18:09:23,43.3517417907715,-8.42566204071045,"Unknown"
"7014855",371852,2025-10-27 18:19:19,43.3517303466797,-8.42567253112793,"Unknown"
"7014855",371852,2025-10-27 18:29:11,43.3521957397461,-8.42617988586426,"Unknown"
"7014855",371852,2025-10-27 18:39:14,43.3518180847168,-8.42606258392334,"Unknown"
"7014855",371852,2025-10-27 18:49:12,43.352180480957,-8.42623329162598,"Unknown"
"7014855",371852,2025-10-27 18:59:12,43.3520851135254,-8.42621326446533,"Unknown"
"7014855",371852,2025-10-27 19:09:13,43.3519248962402,-8.42621517181396,"Unknown"
"7014855",371852,2025-10-27 19:19:13,43.3519248962402,-8.42626094818115,"Unknown"
"7014855",371852,2025-10-27 19:29:13,43.351936340332,-8.42625522613525,"Unknown"
"7014855",371852,2025-10-27 19:39:20,43.3521614074707,-8.42593288421631,"Unknown"
"7014855",371852,2025-10-27 19:49:13,43.35205078125,-8.425950050354,"Unknown"
"7014855",371852,2025-10-27 19:59:13,43.3521614074707,-8.42598819732666,"Unknown"
"7014855",371852,2025-10-27 20:09:11,43.3518486022949,-8.42604064941406,"Unknown"
"7014855",371852,2025-10-27 20:19:11,43.3518981933594,-8.42609786987305,"Unknown"
"7014855",371852,2025-10-27 20:29:11,43.3518218994141,-8.42604064941406,"Unknown"
"7014855",371852,2025-10-27 20:39:11,43.3518600463867,-8.42605876922607,"Unknown"
"7014855",371852,2025-10-27 20:49:11,43.3519172668457,-8.42610836029053,"Unknown"
"7014855",371852,2025-10-27 20:59:11,43.3519973754883,-8.42617321014404,"Unknown"
"7014855",371852,2025-10-27 21:09:11,43.3518218994141,-8.42604351043701,"Unknown"
"7014855",371852,2025-10-27 21:19:13,43.3519744873047,-8.42613410949707,"Unknown"
"7014855",371852,2025-10-27 21:29:14,43.3519439697266,-8.42618751525879,"Unknown"
"7014855",371852,2025-10-27 21:39:12,43.352367401123,-8.42624855041504,"Unknown"
"7014855",371852,2025-10-27 21:49:12,43.3523559570312,-8.42619228363037,"Unknown"
"7014855",371852,2025-10-27 21:59:13,43.3523445129395,-8.42621803283691,"Unknown"
"7014855",371852,2025-10-27 22:09:13,43.3519515991211,-8.42618274688721,"Unknown"
"7014855",371852,2025-10-27 22:19:14,43.3518257141113,-8.42625522613525,"Unknown"
"7014855",371852,2025-10-27 22:29:12,43.3519020080566,-8.42617893218994,"Unknown"
"7014855",371852,2025-10-27 22:39:13,43.3518753051758,-8.42626953125,"Unknown"
"7014855",371852,2025-10-27 22:49:12,43.3519439697266,-8.42625522613525,"Unknown"
"7014855",371852,2025-10-27 22:59:13,43.3519515991211,-8.42595291137695,"Unknown"
"7014855",371852,2025-10-27 23:09:12,43.3520011901855,-8.42607307434082,"Unknown"
"7014855",371852,2025-10-27 23:19:12,43.3519439697266,-8.42618846893311,"Unknown"
"7014855",371852,2025-10-27 23:29:12,43.3519172668457,-8.42614936828613,"Unknown"
"7014855",371852,2025-10-27 23:39:12,43.3519477844238,-8.42597103118896,"Unknown"
"7014855",371852,2025-10-27 23:49:12,43.3519325256348,-8.42593669891357,"Unknown"
"7014855",371852,2025-10-27 23:59:12,43.3520278930664,-8.42611408233643,"Unknown"
"7014855",371852,2025-10-28 00:09:12,43.3520164489746,-8.4260311126709,"Unknown"
"7014855",371852,2025-10-28 00:19:12,43.3520278930664,-8.42616844177246,"Unknown"
"7014855",371852,2025-10-28 00:29:12,43.3520812988281,-8.42617034912109,"Unknown"
"7014855",371852,2025-10-28 00:39:12,43.3520278930664,-8.42624568939209,"Unknown"
"7014855",371852,2025-10-28 00:49:12,43.3520050048828,-8.42624855041504,"Unknown"
"7014855",371852,2025-10-28 00:59:12,43.3519821166992,-8.42615509033203,"Unknown"
"7014855",371852,2025-10-28 01:09:12,43.351921081543,-8.42633724212646,"Unknown"
"7014855",371852,2025-10-28 01:19:12,43.3520584106445,-8.42616748809814,"Unknown"
"7014855",371852,2025-10-28 01:29:12,43.3520050048828,-8.42630863189697,"Unknown"
"7014855",371852,2025-10-28 01:39:12,43.3520431518555,-8.42618656158447,"Unknown"
"7014855",371852,2025-10-28 01:49:12,43.3521461486816,-8.42628765106201,"Unknown"
"7014855",371852,2025-10-28 01:59:12,43.3519706726074,-8.42636966705322,"Unknown"
"7014855",371852,2025-10-28 02:09:12,43.3518257141113,-8.42620754241943,"Unknown"
"7014855",371852,2025-10-28 02:19:11,43.3519706726074,-8.42604827880859,"Unknown"
"7014855",371852,2025-10-28 02:29:12,43.3519973754883,-8.42590427398682,"Unknown"
"7014855",371852,2025-10-28 02:39:12,43.3519554138184,-8.42590999603271,"Unknown"
"7014855",371852,2025-10-28 02:49:12,43.3520698547363,-8.42590618133545,"Unknown"
"7014855",371852,2025-10-28 02:59:12,43.3521347045898,-8.42608642578125,"Unknown"
"7014855",371852,2025-10-28 03:09:12,43.3524742126465,-8.42606163024902,"Unknown"
"7014855",371852,2025-10-28 03:19:12,43.3523025512695,-8.42614269256592,"Unknown"
"7014855",371852,2025-10-28 03:29:12,43.3522796630859,-8.42604923248291,"Unknown"
"7014855",371852,2025-10-28 03:39:12,43.3523292541504,-8.42609405517578,"Unknown"
"7014855",371852,2025-10-28 03:49:13,43.3522453308105,-8.42617893218994,"Unknown"
"7014855",371852,2025-10-28 03:59:15,43.3522682189941,-8.42611503601074,"Unknown"
"7014855",371852,2025-10-28 04:09:13,43.3521308898926,-8.42625617980957,"Unknown"
"7014855",371852,2025-10-28 04:19:15,43.3521461486816,-8.42629718780518,"Unknown"
"7014855",371852,2025-10-28 04:29:13,43.3519134521484,-8.42616939544678,"Unknown"
"7014855",371852,2025-10-28 04:39:12,43.3520469665527,-8.42636013031006,"Unknown"
"7014855",371852,2025-10-28 04:49:13,43.3519668579102,-8.42629909515381,"Unknown"
"7014855",371852,2025-10-28 04:59:14,43.351993560791,-8.42617988586426,"Unknown"
"7014855",371852,2025-10-28 05:09:15,43.3519859313965,-8.4260950088501,"Unknown"
"7014855",371852,2025-10-28 05:19:14,43.3520622253418,-8.42623329162598,"Unknown"
"7014855",371852,2025-10-28 05:29:15,43.3520698547363,-8.42617225646973,"Unknown"
"7014855",371852,2025-10-28 05:39:12,43.3519744873047,-8.4264965057373,"Unknown"
"7014855",371852,2025-10-28 05:49:12,43.3519515991211,-8.4262752532959,"Unknown"
"7014855",371852,2025-10-28 05:59:12,43.3519439697266,-8.42630958557129,"Unknown"
"7014855",371852,2025-10-28 06:09:12,43.3519401550293,-8.42636775970459,"Unknown"
"7014855",371852,2025-10-28 06:19:11,43.3521041870117,-8.4261646270752,"Unknown"
"7014855",371852,2025-10-28 06:29:11,43.3520469665527,-8.42635059356689,"Unknown"
"7014855",371852,2025-10-28 06:39:12,43.3521003723145,-8.4262752532959,"Unknown"
"7014855",371852,2025-10-28 06:49:12,43.3522453308105,-8.42648315429688,"Unknown"
"7014855",371852,2025-10-28 06:59:12,43.3521842956543,-8.42636680603027,"Unknown"
"7014855",371852,2025-10-28 07:09:12,43.352424621582,-8.42659950256348,"Unknown"
"7014855",371852,2025-10-28 07:19:12,43.3522262573242,-8.42642021179199,"Unknown"
"7014855",371852,2025-10-28 07:29:12,43.352180480957,-8.42636871337891,"Unknown"
"7014855",371852,2025-10-28 07:39:12,43.3522071838379,-8.42643547058105,"Unknown"
"7014855",371852,2025-10-28 07:49:14,43.3521957397461,-8.42629146575928,"Unknown"
"7014855",371852,2025-10-28 07:59:14,43.352180480957,-8.4263162612915,"Unknown"
"7014855",371852,2025-10-28 08:09:12,43.3521614074707,-8.42636775970459,"Unknown"
"7014855",371852,2025-10-28 08:19:11,43.3522338867188,-8.42618179321289,"Unknown"
"7014855",371852,2025-10-28 08:29:12,43.3522453308105,-8.4261589050293,"Unknown"
"7014855",371852,2025-10-28 08:39:12,43.352165222168,-8.42625904083252,"Unknown"
"7014855",371852,2025-10-28 08:49:12,43.3521919250488,-8.42620944976807,"Unknown"
"7014855",371852,2025-10-28 08:59:12,43.3521919250488,-8.42614555358887,"Unknown"
"7014855",371852,2025-10-28 09:09:12,43.3521385192871,-8.42612457275391,"Unknown"
"7014855",371852,2025-10-28 09:19:12,43.3521766662598,-8.42630195617676,"Unknown"
"7014855",371852,2025-10-28 09:29:12,43.352108001709,-8.42651844024658,"Unknown"
"7014855",371852,2025-10-28 09:39:13,43.3521499633789,-8.42601776123047,"Unknown"
"7014855",371852,2025-10-28 09:49:23,43.3521690368652,-8.4260425567627,"Unknown"
"7014855",371852,2025-10-28 09:59:15,43.3522453308105,-8.42570114135742,"Unknown"
"7014855",371852,2025-10-28 10:09:15,43.3524208068848,-8.42578983306885,"Unknown"
"7014855",371852,2025-10-28 10:19:12,43.3525848388672,-8.42686080932617,"Unknown"
"7014855",371852,2025-10-28 10:29:12,43.3522300720215,-8.42624282836914,"Unknown"
"7014855",371852,2025-10-28 10:39:15,43.3521728515625,-8.42605304718018,"Unknown"
"7014855",371852,2025-10-28 10:49:13,43.3524971008301,-8.42582702636719,"Unknown"
"7014855",371852,2025-10-28 10:59:14,43.3521575927734,-8.42622852325439,"Unknown"
"7014855",371852,2025-10-28 11:09:12,43.3522109985352,-8.42620658874512,"Unknown"
"7014855",371852,2025-10-28 11:19:13,43.3523712158203,-8.42592906951904,"Unknown"
"7014855",371852,2025-10-28 11:29:12,43.352165222168,-8.42645931243896,"Unknown"
"7014855",371852,2025-10-28 11:39:14,43.3521614074707,-8.42581462860107,"Unknown"
"7014855",371852,2025-10-28 11:49:12,43.3520698547363,-8.42595672607422,"Unknown"
"7014855",371852,2025-10-28 11:59:12,43.3520851135254,-8.42600154876709,"Unknown"
"7014855",371852,2025-10-28 12:09:12,43.3521270751953,-8.42610168457031,"Unknown"
"7014855",371852,2025-10-28 12:19:12,43.3520622253418,-8.42605876922607,"Unknown"
"7014855",371852,2025-10-28 12:29:12,43.3522720336914,-8.42638206481934,"Unknown"
"7014855",371852,2025-10-28 12:39:13,43.3520584106445,-8.42600536346436,"Unknown"
"7014855",371852,2025-10-28 12:49:12,43.3520812988281,-8.42604732513428,"Unknown"
"7014855",371852,2025-10-28 12:59:13,43.352180480957,-8.42610836029053,"Unknown"
"7014855",371852,2025-10-28 13:09:13,43.3520240783691,-8.42616558074951,"Unknown"
"7014855",371852,2025-10-28 13:19:15,43.3523635864258,-8.42584419250488,"Unknown"
"7014855",371852,2025-10-28 13:29:13,43.3522338867188,-8.42597770690918,"Unknown"
"7014855",371852,2025-10-28 13:39:15,43.352165222168,-8.42602157592773,"Unknown"
"7014855",371852,2025-10-28 13:49:16,43.3522911071777,-8.42605400085449,"Unknown"
"7014855",371852,2025-10-28 13:59:13,43.352237701416,-8.42605495452881,"Unknown"
"7014855",371852,2025-10-28 14:09:17,43.352294921875,-8.42603397369385,"Unknown"
"7014855",371852,2025-10-28 14:19:20,43.3518409729004,-8.42588806152344,"Unknown"
"7014855",371852,2025-10-28 14:29:30,43.3516387939453,-8.42606639862061,"Unknown"
"7014855",371852,2025-10-28 14:39:17,43.3521003723145,-8.4259090423584,"Unknown"
"7014855",371852,2025-10-28 14:49:34,43.3519287109375,-8.42616271972656,"Unknown"
"7014855",371852,2025-10-28 14:59:11,43.3520011901855,-8.42615127563477,"Unknown"
"7014855",371852,2025-10-28 15:09:11,43.3519897460938,-8.42617797851562,"Unknown"
"7014855",371852,2025-10-28 15:19:11,43.3520164489746,-8.42622375488281,"Unknown"
"7014855",371852,2025-10-28 15:29:11,43.3519554138184,-8.42621421813965,"Unknown"
"7014855",371852,2025-10-28 15:39:11,43.3519706726074,-8.42617607116699,"Unknown"
"7014855",371852,2025-10-28 15:49:11,43.3519630432129,-8.42616271972656,"Unknown"
"7014855",371852,2025-10-28 15:59:12,43.3520622253418,-8.42622947692871,"Unknown"
"7014855",371852,2025-10-28 16:09:12,43.3521499633789,-8.4262523651123,"Unknown"
"7014855",371852,2025-10-28 16:19:14,43.3521308898926,-8.42638111114502,"Unknown"
"7014855",371852,2025-10-28 16:29:15,43.3521461486816,-8.42640495300293,"Unknown"
"7014855",371852,2025-10-28 16:39:14,43.3522987365723,-8.42613887786865,"Unknown"
"7014855",371852,2025-10-28 16:49:16,43.3530158996582,-8.42684745788574,"Unknown"
"7014855",371852,2025-10-28 16:59:35,43.3520164489746,-8.42592716217041,"Unknown"
"7014855",371852,2025-10-28 17:09:12,43.3520812988281,-8.42633628845215,"Unknown"
"7014855",371852,2025-10-28 17:19:13,43.3520088195801,-8.42638111114502,"Unknown"
"7014855",371852,2025-10-28 17:29:13,43.3518905639648,-8.42595958709717,"Unknown"
"7014855",371852,2025-10-28 17:39:13,43.3520736694336,-8.42634868621826,"Unknown"
"7014855",371852,2025-10-28 17:49:15,43.3521385192871,-8.42637825012207,"Unknown"
"7014855",371852,2025-10-28 17:59:28,43.3518028259277,-8.42601680755615,"Unknown"
"7014855",371852,2025-10-28 18:09:15,43.3544502258301,-8.42845916748047,"Unknown"
"7014855",371852,2025-10-28 18:19:35,43.3520126342773,-8.4261999130249,"Unknown"
"7014855",371852,2025-10-28 18:29:11,43.3520050048828,-8.42621517181396,"Unknown"
"7014855",371852,2025-10-28 18:39:12,43.351993560791,-8.42611885070801,"Unknown"
"7014855",371852,2025-10-28 18:49:12,43.351978302002,-8.42619228363037,"Unknown"
"7014855",371852,2025-10-28 18:59:12,43.3518943786621,-8.42624473571777,"Unknown"
"7014855",371852,2025-10-28 19:09:12,43.3520240783691,-8.42602062225342,"Unknown"
"7014855",371852,2025-10-28 19:19:12,43.3520050048828,-8.42602729797363,"Unknown"
"7014855",371852,2025-10-28 19:29:14,43.3520240783691,-8.4258861541748,"Unknown"
"7014855",371852,2025-10-28 19:39:13,43.351863861084,-8.4264965057373,"Unknown"
"7014855",371852,2025-10-28 19:49:12,43.3519439697266,-8.42606353759766,"Unknown"
"7014855",371852,2025-10-28 19:59:13,43.3519706726074,-8.42591571807861,"Unknown"
"7014855",371852,2025-10-28 20:09:12,43.3519287109375,-8.42611217498779,"Unknown"
"7014855",371852,2025-10-28 20:19:12,43.3519706726074,-8.42613983154297,"Unknown"
"7014855",371852,2025-10-28 20:29:12,43.3519401550293,-8.42608547210693,"Unknown"
"7014855",371852,2025-10-28 20:39:12,43.3519401550293,-8.42611408233643,"Unknown"
"7014855",371852,2025-10-28 20:49:12,43.35205078125,-8.42648029327393,"Unknown"
"7014855",371852,2025-10-28 20:59:13,43.3520469665527,-8.42636108398438,"Unknown"
"7014855",371852,2025-10-28 21:09:13,43.3516693115234,-8.42561721801758,"Unknown"
"7014855",371852,2025-10-28 21:19:16,43.351993560791,-8.42622470855713,"Unknown"
"7014855",371852,2025-10-28 21:29:16,43.3513031005859,-8.42548942565918,"Unknown"
"7014855",371852,2025-10-28 21:39:14,43.3520965576172,-8.42637348175049,"Unknown"
"7014855",371852,2025-10-28 21:49:14,43.3521957397461,-8.42651748657227,"Unknown"
"7014855",371852,2025-10-28 21:59:15,43.3520851135254,-8.42636585235596,"Unknown"
"7014855",371852,2025-10-28 22:09:17,43.3519172668457,-8.42604637145996,"Unknown"
"7014855",371852,2025-10-28 22:19:15,43.3519973754883,-8.42617511749268,"Unknown"
"7014855",371852,2025-10-28 22:29:16,43.3520889282227,-8.42626285552979,"Unknown"
"7014855",371852,2025-10-28 22:39:35,43.3520050048828,-8.42619323730469,"Unknown"
"7014855",371852,2025-10-28 22:49:12,43.3519973754883,-8.42612743377686,"Unknown"
"7014855",371852,2025-10-28 22:59:12,43.3519439697266,-8.42628002166748,"Unknown"
"7014855",371852,2025-10-28 23:09:12,43.3519897460938,-8.42604827880859,"Unknown"
"7014855",371852,2025-10-28 23:19:12,43.3520011901855,-8.42608833312988,"Unknown"
"7014855",371852,2025-10-28 23:29:11,43.3519554138184,-8.42601108551025,"Unknown"
"7014855",371852,2025-10-28 23:39:11,43.3519248962402,-8.4260778427124,"Unknown"
"7014855",371852,2025-10-28 23:49:11,43.3519477844238,-8.4260835647583,"Unknown"
"7014855",371852,2025-10-28 23:59:12,43.3518981933594,-8.4259786605835,"Unknown"
"7014855",371852,2025-10-29 00:09:14,43.3520545959473,-8.42605495452881,"Unknown"
"7014855",371852,2025-10-29 00:19:12,43.3519668579102,-8.42598152160645,"Unknown"
"7014855",371852,2025-10-29 00:29:14,43.3518295288086,-8.42567825317383,"Unknown"
"7014855",371852,2025-10-29 00:39:14,43.351749420166,-8.42641639709473,"Unknown"
"7014855",371852,2025-10-29 00:49:13,43.3517303466797,-8.42644500732422,"Unknown"
"7014855",371852,2025-10-29 00:59:12,43.351749420166,-8.42570114135742,"Unknown"
"7014855",371852,2025-10-29 01:09:14,43.351936340332,-8.42624664306641,"Unknown"
"7014855",371852,2025-10-29 01:19:14,43.3519859313965,-8.42637157440186,"Unknown"
"7014855",371852,2025-10-29 01:29:14,43.3524284362793,-8.42644119262695,"Unknown"
"7014855",371852,2025-10-29 01:39:35,43.3519744873047,-8.42626762390137,"Unknown"
"7014855",371852,2025-10-29 01:49:13,43.3520011901855,-8.42636775970459,"Unknown"
"7014855",371852,2025-10-29 01:59:12,43.3520202636719,-8.4261589050293,"Unknown"
"7014855",371852,2025-10-29 02:09:13,43.3521995544434,-8.42609024047852,"Unknown"
"7014855",371852,2025-10-29 02:19:12,43.3520355224609,-8.42612457275391,"Unknown"
"7014855",371852,2025-10-29 02:29:12,43.3520698547363,-8.42621421813965,"Unknown"
"7014855",371852,2025-10-29 02:39:12,43.3519592285156,-8.42620849609375,"Unknown"
"7014855",371852,2025-10-29 02:49:14,43.3520584106445,-8.42631149291992,"Unknown"
"7014855",371852,2025-10-29 02:59:14,43.3520126342773,-8.42612266540527,"Unknown"
"7014855",371852,2025-10-29 03:09:13,43.3520431518555,-8.42628002166748,"Unknown"
"7014855",371852,2025-10-29 03:19:14,43.3520812988281,-8.42629337310791,"Unknown"
"7014855",371852,2025-10-29 03:29:27,43.3520202636719,-8.42622184753418,"Unknown"
"7014855",371852,2025-10-29 03:39:13,43.3520317077637,-8.42630386352539,"Unknown"
"7014855",371852,2025-10-29 03:49:32,43.3519973754883,-8.42623615264893,"Unknown"
"7014855",371852,2025-10-29 03:59:13,43.3520050048828,-8.42618846893311,"Unknown"
"7014855",371852,2025-10-29 04:09:11,43.3519554138184,-8.42620277404785,"Unknown"
"7014855",371852,2025-10-29 04:19:11,43.3519630432129,-8.42621898651123,"Unknown"
"7014855",371852,2025-10-29 04:29:12,43.3519821166992,-8.42620754241943,"Unknown"
"7014855",371852,2025-10-29 04:39:11,43.351978302002,-8.42619705200195,"Unknown"
"7014855",371852,2025-10-29 04:49:13,43.351993560791,-8.42617034912109,"Unknown"
"7014855",371852,2025-10-29 04:59:13,43.3519439697266,-8.42621231079102,"Unknown"
"7014855",371852,2025-10-29 05:09:11,43.351863861084,-8.42628002166748,"Unknown"
"7014855",371852,2025-10-29 05:19:12,43.3519134521484,-8.42622852325439,"Unknown"
"7014855",371852,2025-10-29 05:29:12,43.3519515991211,-8.4262170791626,"Unknown"
"7014855",371852,2025-10-29 05:39:12,43.3519744873047,-8.42621231079102,"Unknown"
"7014855",371852,2025-10-29 05:49:13,43.3517837524414,-8.42612838745117,"Unknown"
"7014855",371852,2025-10-29 05:59:12,43.3519439697266,-8.42622184753418,"Unknown"
"7014855",371852,2025-10-29 06:09:12,43.3519439697266,-8.42614269256592,"Unknown"
"7014855",371852,2025-10-29 06:19:12,43.351936340332,-8.42624092102051,"Unknown"
"7014855",371852,2025-10-29 06:29:12,43.3519630432129,-8.4262170791626,"Unknown"
"7014855",371852,2025-10-29 06:39:13,43.3519821166992,-8.42629528045654,"Unknown"
"7014855",371852,2025-10-29 06:49:13,43.3520164489746,-8.42624568939209,"Unknown"
"7014855",371852,2025-10-29 06:59:14,43.3520622253418,-8.42634010314941,"Unknown"
"7014855",371852,2025-10-29 07:09:13,43.351993560791,-8.42631053924561,"Unknown"
"7014855",371852,2025-10-29 07:19:13,43.3520278930664,-8.4262752532959,"Unknown"
"7014855",371852,2025-10-29 07:29:14,43.3520355224609,-8.42625427246094,"Unknown"
"7014855",371852,2025-10-29 07:39:13,43.3520011901855,-8.42635440826416,"Unknown"
"7014855",371852,2025-10-29 07:49:12,43.3519973754883,-8.426344871521,"Unknown"
"7014855",371852,2025-10-29 07:59:15,43.3520164489746,-8.42631149291992,"Unknown"
"7014855",371852,2025-10-29 08:09:16,43.3516502380371,-8.42630481719971,"Unknown"
"7014855",371852,2025-10-29 08:19:14,43.352108001709,-8.42613697052002,"Unknown"
"7014855",371852,2025-10-29 08:29:16,43.3521537780762,-8.4262809753418,"Unknown"
"7014855",371852,2025-10-29 08:39:19,43.3519821166992,-8.42642116546631,"Unknown"
"7014855",371852,2025-10-29 08:49:22,43.3520851135254,-8.42634105682373,"Unknown"
"7014855",371852,2025-10-29 08:59:16,43.3521919250488,-8.4261531829834,"Unknown"
"7014855",371852,2025-10-29 09:09:16,43.3522071838379,-8.42639446258545,"Unknown"
"7014855",371852,2025-10-29 09:19:22,43.3520202636719,-8.42619705200195,"Unknown"
"7014855",371852,2025-10-29 09:29:14,43.3521995544434,-8.4262866973877,"Unknown"
"7014855",371852,2025-10-29 09:39:24,43.3520469665527,-8.42614841461182,"Unknown"
"7014855",371852,2025-10-29 09:49:16,43.3520889282227,-8.42629432678223,"Unknown"
"7014855",371852,2025-10-29 09:59:28,43.3520545959473,-8.42634677886963,"Unknown"
"7014855",371852,2025-10-29 10:09:14,43.3521461486816,-8.42632293701172,"Unknown"
"7014855",371852,2025-10-29 10:19:22,43.3521041870117,-8.42633152008057,"Unknown"
"7014855",371852,2025-10-29 10:29:24,43.3522644042969,-8.42622184753418,"Unknown"
"7014855",371852,2025-10-29 10:39:17,43.3521118164062,-8.42624092102051,"Unknown"
"7014855",371852,2025-10-29 10:49:35,43.3520736694336,-8.426194190979,"Unknown"
"7014855",371852,2025-10-29 10:59:11,43.3519554138184,-8.42616271972656,"Unknown"
"7014855",371852,2025-10-29 11:09:12,43.3519859313965,-8.42618846893311,"Unknown"
"7014855",371852,2025-10-29 11:19:12,43.3520202636719,-8.42629051208496,"Unknown"
"7014855",371852,2025-10-29 11:29:12,43.3519401550293,-8.42609691619873,"Unknown"
"7014855",371852,2025-10-29 11:39:12,43.351993560791,-8.42609405517578,"Unknown"
"7014855",371852,2025-10-29 11:49:13,43.3519439697266,-8.42617607116699,"Unknown"
"7014855",371852,2025-10-29 11:59:13,43.3519401550293,-8.42615127563477,"Unknown"
"7014855",371852,2025-10-29 12:09:13,43.3519744873047,-8.4262170791626,"Unknown"
"7014855",371852,2025-10-29 12:19:12,43.3519706726074,-8.42623233795166,"Unknown"
"7014855",371852,2025-10-29 12:29:12,43.351978302002,-8.42621994018555,"Unknown"
"7014855",371852,2025-10-29 12:39:13,43.3519744873047,-8.42617988586426,"Unknown"
"7014855",371852,2025-10-29 12:49:12,43.3519668579102,-8.42620277404785,"Unknown"
"7014855",371852,2025-10-29 12:59:13,43.3519477844238,-8.42620182037354,"Unknown"
"7014855",371852,2025-10-29 13:09:12,43.3520126342773,-8.42622852325439,"Unknown"
"7014855",371852,2025-10-29 13:19:13,43.3520050048828,-8.42611408233643,"Unknown"
"7014855",371852,2025-10-29 13:29:12,43.3520202636719,-8.42614364624023,"Unknown"
"7014855",371852,2025-10-29 13:39:13,43.3520774841309,-8.4261360168457,"Unknown"
"7014855",371852,2025-10-29 13:49:12,43.3520050048828,-8.42614364624023,"Unknown"
"7014855",371852,2025-10-29 13:59:12,43.3520469665527,-8.4260892868042,"Unknown"
"7014855",371852,2025-10-29 14:09:12,43.3520622253418,-8.42607307434082,"Unknown"
"7014855",371852,2025-10-29 14:19:12,43.3520355224609,-8.42611408233643,"Unknown"
"7014855",371852,2025-10-29 14:29:12,43.351978302002,-8.4260721206665,"Unknown"
"7014855",371852,2025-10-29 14:39:12,43.3518447875977,-8.42605400085449,"Unknown"
"7014855",371852,2025-10-29 14:49:35,43.3519630432129,-8.42609119415283,"Unknown"
"7014855",371852,2025-10-29 14:59:11,43.3519592285156,-8.42619132995605,"Unknown"
"7014855",371852,2025-10-29 15:09:11,43.3519401550293,-8.42616939544678,"Unknown"
"7014855",371852,2025-10-29 15:19:11,43.3519287109375,-8.4261360168457,"Unknown"
"7014855",371852,2025-10-29 15:29:11,43.3518981933594,-8.42613983154297,"Unknown"
"7014855",371852,2025-10-29 15:39:11,43.3519630432129,-8.42616081237793,"Unknown"
"7014855",371852,2025-10-29 15:49:12,43.3520317077637,-8.42621612548828,"Unknown"
"7014855",371852,2025-10-29 15:59:12,43.3520469665527,-8.42623043060303,"Unknown"
"7014855",371852,2025-10-29 16:09:12,43.3520965576172,-8.42617511749268,"Unknown"
"7014855",371852,2025-10-29 16:19:12,43.3520126342773,-8.42621231079102,"Unknown"
"7014855",371852,2025-10-29 16:29:12,43.3519859313965,-8.42619895935059,"Unknown"
"7014855",371852,2025-10-29 16:39:12,43.3519859313965,-8.42616176605225,"Unknown"
"7014855",371852,2025-10-29 16:49:12,43.3519821166992,-8.42618370056152,"Unknown"
"7014855",371852,2025-10-29 16:59:12,43.3519287109375,-8.42613697052002,"Unknown"
"7014855",371852,2025-10-29 17:09:12,43.3519515991211,-8.42618560791016,"Unknown"
"7014855",371852,2025-10-29 17:19:12,43.3519515991211,-8.42621803283691,"Unknown"
"7014855",371852,2025-10-29 17:29:12,43.3520126342773,-8.42621326446533,"Unknown"
"7014855",371852,2025-10-29 17:39:12,43.3519897460938,-8.42616939544678,"Unknown"
"7014855",371852,2025-10-29 17:49:12,43.351879119873,-8.42613983154297,"Unknown"
"7014855",371852,2025-10-29 17:59:12,43.3518257141113,-8.4260721206665,"Unknown"
"7014855",371852,2025-10-29 18:09:13,43.3517684936523,-8.42597007751465,"Unknown"
"7014855",371852,2025-10-29 18:19:12,43.3515777587891,-8.42574214935303,"Unknown"
"7014855",371852,2025-10-29 18:29:12,43.3515777587891,-8.42557239532471,"Unknown"
"7014855",371852,2025-10-29 18:39:12,43.3514938354492,-8.42533683776855,"Unknown"
"7014855",371852,2025-10-29 18:49:12,43.3521728515625,-8.42598438262939,"Unknown"
"7014855",371852,2025-10-29 18:59:13,43.3521003723145,-8.42581939697266,"Unknown"
"7014855",371852,2025-10-29 19:09:12,43.3523406982422,-8.42612552642822,"Unknown"
"7014855",371852,2025-10-29 19:19:13,43.3527679443359,-8.42681407928467,"Unknown"
"7014855",371852,2025-10-29 19:29:13,43.3524513244629,-8.42634201049805,"Unknown"
"7014855",371852,2025-10-29 19:39:13,43.3523063659668,-8.42609119415283,"Unknown"
"7014855",371852,2025-10-29 19:49:12,43.3522109985352,-8.4262056350708,"Unknown"
"7014855",371852,2025-10-29 19:59:12,43.3519630432129,-8.42561340332031,"Unknown"
"7014855",371852,2025-10-29 20:09:12,43.3519592285156,-8.42576122283936,"Unknown"
"7014855",371852,2025-10-29 20:19:12,43.3519172668457,-8.42568492889404,"Unknown"
"7014855",371852,2025-10-29 20:29:35,43.351993560791,-8.4261999130249,"Unknown"
"7014855",371852,2025-10-29 20:39:11,43.3518943786621,-8.42613792419434,"Unknown"
"7014855",371852,2025-10-29 20:49:11,43.3520126342773,-8.42623710632324,"Unknown"
"7014855",371852,2025-10-29 20:59:11,43.3519744873047,-8.42615604400635,"Unknown"
"7014855",371852,2025-10-29 21:09:11,43.3519325256348,-8.4261999130249,"Unknown"
"7014855",371852,2025-10-29 21:19:11,43.3520278930664,-8.42627239227295,"Unknown"
"7014855",371852,2025-10-29 21:29:12,43.3520431518555,-8.42626571655273,"Unknown"
"7014855",371852,2025-10-29 21:39:12,43.3521575927734,-8.42643356323242,"Unknown"
"7014855",371852,2025-10-29 21:49:12,43.3520698547363,-8.42638969421387,"Unknown"
"7014855",371852,2025-10-29 21:59:13,43.3520393371582,-8.42625331878662,"Unknown"
"7014855",371852,2025-10-29 22:09:13,43.3519897460938,-8.42617988586426,"Unknown"
"7014855",371852,2025-10-29 22:19:13,43.3519821166992,-8.42615699768066,"Unknown"
"7014855",371852,2025-10-29 22:29:13,43.351993560791,-8.42633247375488,"Unknown"
"7014855",371852,2025-10-29 22:39:13,43.3520050048828,-8.42629814147949,"Unknown"
"7014855",371852,2025-10-29 22:49:13,43.3519554138184,-8.4263162612915,"Unknown"
"7014855",371852,2025-10-29 22:59:13,43.3519744873047,-8.42620086669922,"Unknown"
"7014855",371852,2025-10-29 23:09:13,43.3517951965332,-8.42584896087646,"Unknown"
"7014855",371852,2025-10-29 23:19:13,43.3520278930664,-8.42628860473633,"Unknown"
"7014855",371852,2025-10-29 23:29:13,43.3520050048828,-8.4262638092041,"Unknown"
"7014855",371852,2025-10-29 23:39:13,43.3520469665527,-8.42653846740723,"Unknown"
"7014855",371852,2025-10-29 23:49:13,43.3521118164062,-8.42639923095703,"Unknown"
"7014855",371852,2025-10-29 23:59:13,43.352409362793,-8.42662239074707,"Unknown"
"7014855",371852,2025-10-30 00:09:13,43.3522071838379,-8.42628955841064,"Unknown"
"7014855",371852,2025-10-30 00:19:13,43.352294921875,-8.42634296417236,"Unknown"
"7014855",371852,2025-10-30 00:29:14,43.3523025512695,-8.4263973236084,"Unknown"
"7014855",371852,2025-10-30 00:39:14,43.3523788452148,-8.42634582519531,"Unknown"
"7014855",371852,2025-10-30 00:49:13,43.352180480957,-8.42638397216797,"Unknown"
"7014855",371852,2025-10-30 00:59:13,43.3517684936523,-8.42602634429932,"Unknown"
"7014855",371852,2025-10-30 01:09:13,43.3517684936523,-8.42552471160889,"Unknown"
"7014855",371852,2025-10-30 01:19:14,43.351863861084,-8.42526149749756,"Unknown"
"7014855",371852,2025-10-30 01:29:13,43.3520698547363,-8.42482566833496,"Unknown"
"7014855",371852,2025-10-30 01:39:13,43.3522148132324,-8.42440319061279,"Unknown"
"7014855",371852,2025-10-30 01:49:14,43.3522758483887,-8.42450523376465,"Unknown"
"7014855",371852,2025-10-30 01:59:14,43.3522262573242,-8.42482566833496,"Unknown"
"7014855",371852,2025-10-30 02:09:14,43.3521118164062,-8.42520999908447,"Unknown"
"7014855",371852,2025-10-30 02:19:14,43.3520317077637,-8.42545795440674,"Unknown"
"7014855",371852,2025-10-30 02:29:13,43.3519630432129,-8.42566680908203,"Unknown"
"7014855",371852,2025-10-30 02:39:14,43.3520278930664,-8.42581653594971,"Unknown"
"7014855",371852,2025-10-30 02:49:14,43.3520431518555,-8.42604923248291,"Unknown"
"7014855",371852,2025-10-30 02:59:14,43.3520736694336,-8.42628574371338,"Unknown"
"7014855",371852,2025-10-30 03:09:14,43.3521842956543,-8.42637825012207,"Unknown"
"7014855",371852,2025-10-30 03:19:14,43.3522415161133,-8.42635726928711,"Unknown"
"7014855",371852,2025-10-30 03:29:14,43.3523216247559,-8.42636203765869,"Unknown"
"7014855",371852,2025-10-30 03:39:14,43.3525123596191,-8.42635345458984,"Unknown"
"7014855",371852,2025-10-30 03:49:35,43.351978302002,-8.42615985870361,"Unknown"
"7014855",371852,2025-10-30 03:59:13,43.3520126342773,-8.42620277404785,"Unknown"
"7014855",371852,2025-10-30 04:09:13,43.351993560791,-8.42616271972656,"Unknown"
"7014855",371852,2025-10-30 04:19:13,43.3519859313965,-8.42622756958008,"Unknown"
"7014855",371852,2025-10-30 04:29:12,43.3519554138184,-8.42622375488281,"Unknown"
"7014855",371852,2025-10-30 04:39:13,43.3519630432129,-8.42621898651123,"Unknown"
"7014855",371852,2025-10-30 04:49:13,43.3519630432129,-8.42622947692871,"Unknown"
"7014855",371852,2025-10-30 04:59:13,43.3519515991211,-8.42628192901611,"Unknown"
"7014855",371852,2025-10-30 05:09:13,43.3519554138184,-8.42625999450684,"Unknown"
"7014855",371852,2025-10-30 05:19:13,43.3519554138184,-8.42619705200195,"Unknown"
"7014855",371852,2025-10-30 05:29:13,43.3519821166992,-8.42619800567627,"Unknown"
"7014855",371852,2025-10-30 05:39:13,43.351936340332,-8.42626476287842,"Unknown"
"7014855",371852,2025-10-30 05:49:12,43.351978302002,-8.42627143859863,"Unknown"
"7014855",371852,2025-10-30 05:59:13,43.3519134521484,-8.42620372772217,"Unknown"
"7014855",371852,2025-10-30 06:09:12,43.3520126342773,-8.42627429962158,"Unknown"
"7014855",371852,2025-10-30 06:19:13,43.3519668579102,-8.42626762390137,"Unknown"
"7014855",371852,2025-10-30 06:29:12,43.3519554138184,-8.42622375488281,"Unknown"
"7014855",371852,2025-10-30 06:39:13,43.351936340332,-8.42622947692871,"Unknown"
"7014855",371852,2025-10-30 06:49:13,43.3519172668457,-8.42622089385986,"Unknown"
"7014855",371852,2025-10-30 06:59:13,43.3519668579102,-8.42631721496582,"Unknown"
"7014855",371852,2025-10-30 07:09:13,43.3519668579102,-8.42629623413086,"Unknown"
"7014855",371852,2025-10-30 07:19:13,43.3519630432129,-8.42624282836914,"Unknown"
"7014855",371852,2025-10-30 07:29:13,43.351936340332,-8.4263219833374,"Unknown"
"7014855",371852,2025-10-30 07:39:15,43.3518981933594,-8.42629337310791,"Unknown"
"7014855",371852,2025-10-30 07:49:15,43.3518981933594,-8.42629909515381,"Unknown"
"7014855",371852,2025-10-30 07:59:35,43.3519058227539,-8.42628479003906,"Unknown"
"7014855",371852,2025-10-30 08:09:13,43.3520736694336,-8.4260368347168,"Unknown"
"7014855",371852,2025-10-30 08:19:13,43.3520088195801,-8.42620182037354,"Unknown"
"7014855",371852,2025-10-30 08:29:13,43.3520011901855,-8.42617607116699,"Unknown"
"7014855",371852,2025-10-30 08:39:13,43.3518943786621,-8.42634582519531,"Unknown"
"7014855",371852,2025-10-30 08:49:13,43.3519897460938,-8.42624855041504,"Unknown"
"7014855",371852,2025-10-30 08:59:13,43.351978302002,-8.42616367340088,"Unknown"
"7014855",371852,2025-10-30 09:09:13,43.3520317077637,-8.42621803283691,"Unknown"
"7014855",371852,2025-10-30 09:19:13,43.351978302002,-8.4262523651123,"Unknown"
"7014855",371852,2025-10-30 09:29:12,43.3519744873047,-8.42619895935059,"Unknown"
"7014855",371852,2025-10-30 09:39:13,43.3520240783691,-8.42627334594727,"Unknown"
"7014855",371852,2025-10-30 09:49:13,43.351993560791,-8.42620658874512,"Unknown"
"7014855",371852,2025-10-30 09:59:12,43.3520240783691,-8.42632293701172,"Unknown"
"7014855",371852,2025-10-30 10:09:13,43.3519706726074,-8.42623996734619,"Unknown"
"7014855",371852,2025-10-30 10:19:13,43.3519592285156,-8.42616176605225,"Unknown"
"7014855",371852,2025-10-30 10:29:13,43.3519897460938,-8.42617511749268,"Unknown"
"7014855",371852,2025-10-30 10:39:13,43.3520240783691,-8.42634391784668,"Unknown"
"7014855",371852,2025-10-30 10:49:13,43.3520469665527,-8.42637348175049,"Unknown"
"7014855",371852,2025-10-30 10:59:13,43.3519706726074,-8.4264030456543,"Unknown"
"7014855",371852,2025-10-30 11:09:13,43.3520240783691,-8.42638206481934,"Unknown"
"7014855",371852,2025-10-30 11:19:13,43.3520545959473,-8.42634677886963,"Unknown"
"7014855",371852,2025-10-30 11:29:13,43.3520355224609,-8.4262752532959,"Unknown"
"7014855",371852,2025-10-30 11:39:13,43.3520660400391,-8.42629432678223,"Unknown"
"7014855",371852,2025-10-30 11:49:13,43.352108001709,-8.42627334594727,"Unknown"
"7014855",371852,2025-10-30 11:59:13,43.3521461486816,-8.42624950408936,"Unknown"
"7014855",371852,2025-10-30 12:09:23,43.351749420166,-8.42625713348389,"Unknown"
"7014855",371852,2025-10-30 12:19:15,43.3520622253418,-8.42632579803467,"Unknown"
"7014855",371852,2025-10-30 12:29:35,43.3519973754883,-8.42624568939209,"Unknown"
"7014855",371852,2025-10-30 12:39:12,43.3520622253418,-8.42628288269043,"Unknown"
"7014855",371852,2025-10-30 12:49:12,43.3521003723145,-8.426344871521,"Unknown"
"7014855",371852,2025-10-30 12:59:13,43.352180480957,-8.42650413513184,"Unknown"
"7014855",371852,2025-10-30 13:09:15,43.3520927429199,-8.42650508880615,"Unknown"
"7014855",371852,2025-10-30 13:19:13,43.3519401550293,-8.42605400085449,"Unknown"
"7014855",371852,2025-10-30 13:29:24,43.3520393371582,-8.4262228012085,"Unknown"
"7014855",371852,2025-10-30 13:39:12,43.3519744873047,-8.42597484588623,"Unknown"
"7014855",371852,2025-10-30 13:49:13,43.3519515991211,-8.42628383636475,"Unknown"
"7014855",371852,2025-10-30 13:59:12,43.3520202636719,-8.42613410949707,"Unknown"
"7014855",371852,2025-10-30 14:09:12,43.3519897460938,-8.42615604400635,"Unknown"
"7014855",371852,2025-10-30 14:19:25,43.3519515991211,-8.42627906799316,"Unknown"
"7014855",371852,2025-10-30 14:29:35,43.3519859313965,-8.42617511749268,"Unknown"
"7014855",371852,2025-10-30 14:34:12,43.3520164489746,-8.42617416381836,"Unknown"
"7014855",371852,2025-10-30 14:44:12,43.3519897460938,-8.42618465423584,"Unknown"
"7014855",371852,2025-10-30 14:49:12,43.3520202636719,-8.42618656158447,"Unknown"
"7014855",371852,2025-10-30 14:54:12,43.351993560791,-8.42620849609375,"Unknown"
"7014855",371852,2025-10-30 14:59:12,43.3519859313965,-8.42614841461182,"Unknown"
"7014855",371852,2025-10-30 15:04:11,43.3520050048828,-8.42621994018555,"Unknown"
"7014855",371852,2025-10-30 15:09:12,43.3520088195801,-8.4261474609375,"Unknown"
"7014855",371852,2025-10-30 15:14:11,43.3520202636719,-8.42615699768066,"Unknown"
"7014855",371852,2025-10-30 15:19:11,43.3519706726074,-8.42623805999756,"Unknown"
"7014855",371852,2025-10-30 15:24:11,43.35205078125,-8.42618846893311,"Unknown"
"7014855",371852,2025-10-30 15:29:11,43.3520164489746,-8.42619609832764,"Unknown"
"7014855",371852,2025-10-30 15:34:12,43.3521614074707,-8.42617702484131,"Unknown"
"7014855",371852,2025-10-30 15:39:12,43.3522071838379,-8.42611503601074,"Unknown"
"7014855",371852,2025-10-30 15:44:12,43.3519401550293,-8.42617225646973,"Unknown"
"7014855",371852,2025-10-30 15:49:12,43.3516654968262,-8.4268102645874,"Unknown"
"7014855",371852,2025-10-30 15:54:13,43.351749420166,-8.42647361755371,"Unknown"
"7014855",371852,2025-10-30 15:59:13,43.3518104553223,-8.42618751525879,"Unknown"
"7014855",371852,2025-10-30 16:04:32,43.3519172668457,-8.42621803283691,"Unknown"
"7014855",371852,2025-10-30 16:09:41,43.3519401550293,-8.42615795135498,"Unknown"
"7014855",371852,2025-10-30 16:14:12,43.3519477844238,-8.42618560791016,"Unknown"
"7014855",371852,2025-10-30 16:19:12,43.3519554138184,-8.42618942260742,"Unknown"
"7014855",371852,2025-10-30 16:24:12,43.3519744873047,-8.42618942260742,"Unknown"
"7014855",371852,2025-10-30 16:29:12,43.3519744873047,-8.42617702484131,"Unknown"
"7014855",371852,2025-10-30 16:34:12,43.3519897460938,-8.42620277404785,"Unknown"
"7014855",371852,2025-10-30 16:39:12,43.3520011901855,-8.42616176605225,"Unknown"
"7014855",371852,2025-10-30 16:44:12,43.3519973754883,-8.42623329162598,"Unknown"
"7014855",371852,2025-10-30 16:49:12,43.351993560791,-8.42615985870361,"Unknown"
"7014855",371852,2025-10-30 16:54:35,43.3519668579102,-8.42619323730469,"Unknown"
"7014855",371852,2025-10-30 16:59:12,43.351993560791,-8.42612361907959,"Unknown"
"7014855",371852,2025-10-30 17:04:12,43.3520164489746,-8.4261360168457,"Unknown"
"7014855",371852,2025-10-30 17:09:12,43.3519821166992,-8.4261646270752,"Unknown"
"7014855",371852,2025-10-30 17:14:12,43.3519630432129,-8.4261646270752,"Unknown"
"7014855",371852,2025-10-30 17:19:12,43.3519897460938,-8.42619037628174,"Unknown"
"7014855",371852,2025-10-30 17:24:12,43.3520393371582,-8.42619800567627,"Unknown"
"7014855",371852,2025-10-30 17:29:12,43.3520202636719,-8.42615604400635,"Unknown"
"7014855",371852,2025-10-30 17:34:12,43.3519973754883,-8.42617702484131,"Unknown"
"7014855",371852,2025-10-30 17:39:12,43.351993560791,-8.42614936828613,"Unknown"
"7014855",371852,2025-10-30 17:44:12,43.3520812988281,-8.42622661590576,"Unknown"
"7014855",371852,2025-10-30 17:49:12,43.35205078125,-8.42623043060303,"Unknown"
"7014855",371852,2025-10-30 17:54:12,43.3520278930664,-8.42619323730469,"Unknown"
"7014855",371852,2025-10-30 17:59:43,43.3520011901855,-8.42612743377686,"Unknown"
"7014855",371852,2025-10-30 18:04:12,43.3520278930664,-8.42617416381836,"Unknown"
"7014855",371852,2025-10-30 18:09:12,43.3520622253418,-8.42619323730469,"Unknown"
"7014855",371852,2025-10-30 18:14:12,43.3520050048828,-8.42615509033203,"Unknown"
"7014855",371852,2025-10-30 18:19:12,43.3520278930664,-8.42619132995605,"Unknown"
"7014855",371852,2025-10-30 18:24:12,43.3520812988281,-8.42624568939209,"Unknown"
"7014855",371852,2025-10-30 18:29:12,43.3520851135254,-8.42630100250244,"Unknown"
"7014855",371852,2025-10-30 18:34:12,43.3520355224609,-8.42616081237793,"Unknown"
"7014855",371852,2025-10-30 18:39:12,43.3520965576172,-8.42630386352539,"Unknown"
"7014855",371852,2025-10-30 18:44:12,43.3520927429199,-8.42634105682373,"Unknown"
"7014855",371852,2025-10-30 18:49:25,43.3522529602051,-8.42666625976562,"Unknown"
"7014855",371852,2025-10-30 18:54:25,43.3519554138184,-8.42615699768066,"Unknown"
"7014855",371852,2025-10-30 19:04:25,43.3519706726074,-8.42614841461182,"Unknown"
"7014855",371852,2025-10-30 19:09:31,43.3519859313965,-8.42619514465332,"Unknown"
"7014855",371852,2025-10-30 19:14:12,43.3519821166992,-8.42615127563477,"Unknown"
"7014855",371852,2025-10-30 19:24:12,43.3520164489746,-8.42621612548828,"Unknown"
"7014855",371852,2025-10-30 19:34:12,43.3519515991211,-8.42623329162598,"Unknown"
"7014855",371852,2025-10-30 19:44:13,43.3519821166992,-8.42618751525879,"Unknown"
"7014855",371852,2025-10-30 19:54:12,43.3519706726074,-8.42620372772217,"Unknown"
"7014855",371852,2025-10-30 20:04:12,43.3519744873047,-8.42619323730469,"Unknown"
"7014855",371852,2025-10-30 20:14:12,43.3519630432129,-8.42624092102051,"Unknown"
"7014855",371852,2025-10-30 20:24:12,43.3519401550293,-8.42619514465332,"Unknown"
"7014855",371852,2025-10-30 20:34:13,43.3520240783691,-8.42623519897461,"Unknown"
"7014855",371852,2025-10-30 20:39:12,43.3520126342773,-8.42618846893311,"Unknown"
"7014855",371852,2025-10-30 20:49:12,43.35205078125,-8.42621040344238,"Unknown"
"7014855",371852,2025-10-30 20:59:13,43.3518753051758,-8.42610836029053,"Unknown"
"7014855",371852,2025-10-30 21:09:13,43.3520202636719,-8.4262170791626,"Unknown"
"7014855",371852,2025-10-30 21:19:14,43.3520050048828,-8.42626190185547,"Unknown"
"7014855",371852,2025-10-30 21:29:14,43.3520927429199,-8.42635917663574,"Unknown"
"7014855",371852,2025-10-30 21:39:14,43.3519630432129,-8.42619037628174,"Unknown"
"7014855",371852,2025-10-30 21:49:24,43.3517684936523,-8.42580032348633,"Unknown"
"7014855",371852,2025-10-30 21:59:24,43.3519554138184,-8.42592525482178,"Unknown"
"7014855",371852,2025-10-30 22:09:24,43.3520469665527,-8.42582225799561,"Unknown"
"7014855",371852,2025-10-30 22:19:33,43.352123260498,-8.4261531829834,"Unknown"
"7014855",371852,2025-10-30 22:29:12,43.3520660400391,-8.42610168457031,"Unknown"
"7014855",371852,2025-10-30 22:39:12,43.3519897460938,-8.42622566223145,"Unknown"
"7014855",371852,2025-10-30 22:49:12,43.3519515991211,-8.42623424530029,"Unknown"
"7014855",371852,2025-10-30 22:59:12,43.3520202636719,-8.42616558074951,"Unknown"
"7014855",371852,2025-10-30 23:09:12,43.3520202636719,-8.4262523651123,"Unknown"
"7014855",371852,2025-10-30 23:19:12,43.3520050048828,-8.42612743377686,"Unknown"
"7014855",371852,2025-10-30 23:29:12,43.351993560791,-8.4262056350708,"Unknown"
"7014855",371852,2025-10-30 23:39:12,43.3520545959473,-8.42613792419434,"Unknown"
"7014855",371852,2025-10-30 23:49:12,43.3520545959473,-8.42639255523682,"Unknown"
"7014855",371852,2025-10-30 23:59:12,43.3520050048828,-8.4261646270752,"Unknown"
"7014855",371852,2025-10-31 00:09:13,43.3520088195801,-8.42634868621826,"Unknown"
"7014855",371852,2025-10-31 00:19:13,43.3519859313965,-8.42623519897461,"Unknown"
"7014855",371852,2025-10-31 00:29:12,43.3520088195801,-8.42640590667725,"Unknown"
"7014855",371852,2025-10-31 00:39:13,43.3519859313965,-8.42624759674072,"Unknown"
"7014855",371852,2025-10-31 00:49:13,43.3518867492676,-8.42618274688721,"Unknown"
"7014855",371852,2025-10-31 00:59:13,43.3519554138184,-8.42619037628174,"Unknown"
"7014855",371852,2025-10-31 01:09:13,43.3519744873047,-8.4261999130249,"Unknown"
"7014855",371852,2025-10-31 01:19:13,43.3519706726074,-8.42616271972656,"Unknown"
"7014855",371852,2025-10-31 01:29:13,43.351978302002,-8.42621898651123,"Unknown"
"7014855",371852,2025-10-31 01:39:13,43.351993560791,-8.42620277404785,"Unknown"
"7014855",371852,2025-10-31 01:49:13,43.3520050048828,-8.42618846893311,"Unknown"
"7014855",371852,2025-10-31 01:59:14,43.3519973754883,-8.42613506317139,"Unknown"
"7014855",371852,2025-10-31 02:09:15,43.3519897460938,-8.42615222930908,"Unknown"
"7014855",371852,2025-10-31 02:19:14,43.3520469665527,-8.42630195617676,"Unknown"
"7014855",371852,2025-10-31 02:29:15,43.3519706726074,-8.42617225646973,"Unknown"
"7014855",371852,2025-10-31 02:39:15,43.3520240783691,-8.42617511749268,"Unknown"
"7014855",371852,2025-10-31 02:49:16,43.3521385192871,-8.42613220214844,"Unknown"
"7014855",371852,2025-10-31 02:59:15,43.3520584106445,-8.42624473571777,"Unknown"
"7014855",371852,2025-10-31 03:09:25,43.3520278930664,-8.426194190979,"Unknown"
"7014855",371852,2025-10-31 03:19:25,43.352123260498,-8.42622947692871,"Unknown"
"7014855",371852,2025-10-31 03:29:20,43.35205078125,-8.42625522613525,"Unknown"
"7014855",371852,2025-10-31 03:39:16,43.3520431518555,-8.42630004882812,"Unknown"
"7014855",371852,2025-10-31 03:49:16,43.3520812988281,-8.42626094818115,"Unknown"
"7014855",371852,2025-10-31 03:59:31,43.3519325256348,-8.42620944976807,"Unknown"
"7014855",371852,2025-10-31 04:09:14,43.3520240783691,-8.42625427246094,"Unknown"
"7014855",371852,2025-10-31 04:19:13,43.3519592285156,-8.42622756958008,"Unknown"
"7014855",371852,2025-10-31 04:29:14,43.351921081543,-8.42619037628174,"Unknown"
"7014855",371852,2025-10-31 04:39:14,43.3519668579102,-8.42616271972656,"Unknown"
"7014855",371852,2025-10-31 04:49:14,43.3519287109375,-8.42625427246094,"Unknown"
"7014855",371852,2025-10-31 04:59:13,43.3519401550293,-8.42620849609375,"Unknown"
"7014855",371852,2025-10-31 05:09:14,43.3518981933594,-8.42623805999756,"Unknown"
"7014855",371852,2025-10-31 05:19:14,43.3519821166992,-8.42624378204346,"Unknown"
"7014855",371852,2025-10-31 05:29:13,43.3514976501465,-8.42581081390381,"Unknown"
"7014855",371852,2025-10-31 05:39:14,43.3517379760742,-8.42593765258789,"Unknown"
"7014855",371852,2025-10-31 05:49:14,43.351749420166,-8.42599201202393,"Unknown"
"7014855",371852,2025-10-31 05:59:14,43.3517379760742,-8.42592716217041,"Unknown"
"7014855",371852,2025-10-31 06:09:14,43.351806640625,-8.42598247528076,"Unknown"
"7014855",371852,2025-10-31 06:19:14,43.3518104553223,-8.42605113983154,"Unknown"
"7014855",371852,2025-10-31 06:29:14,43.351863861084,-8.42613315582275,"Unknown"
"7014855",371852,2025-10-31 06:39:15,43.3518829345703,-8.42620372772217,"Unknown"
"7014855",371852,2025-10-31 06:49:14,43.351936340332,-8.4262752532959,"Unknown"
"7014855",371852,2025-10-31 06:59:14,43.3518676757812,-8.42622470855713,"Unknown"
"7014855",371852,2025-10-31 07:09:16,43.3519325256348,-8.42624568939209,"Unknown"
"7014855",371852,2025-10-31 07:19:18,43.3518257141113,-8.42608165740967,"Unknown"
"7014855",371852,2025-10-31 07:29:25,43.351936340332,-8.42592525482178,"Unknown"
"7014855",371852,2025-10-31 07:39:26,43.3520393371582,-8.42613792419434,"Unknown"
"7014855",371852,2025-10-31 07:49:44,43.3519630432129,-8.42633628845215,"Unknown"
"7014855",371852,2025-10-31 07:59:15,43.3520965576172,-8.42625427246094,"Unknown"
"7014855",371852,2025-10-31 08:09:19,43.351936340332,-8.42622375488281,"Unknown"
"7014855",371852,2025-10-31 08:19:18,43.3520317077637,-8.42636299133301,"Unknown"
"7014855",371852,2025-10-31 08:29:17,43.3520736694336,-8.42631149291992,"Unknown"
"7014855",371852,2025-10-31 08:39:23,43.3520126342773,-8.42622947692871,"Unknown"
"7014855",371852,2025-10-31 08:49:22,43.3518943786621,-8.4261589050293,"Unknown"
"7014855",371852,2025-10-31 08:59:24,43.3518447875977,-8.4261474609375,"Unknown"
"7014855",371852,2025-10-31 09:09:19,43.352108001709,-8.42625904083252,"Unknown"
"7014855",371852,2025-10-31 09:19:17,43.3519668579102,-8.42632675170898,"Unknown"
"7014855",371852,2025-10-31 09:29:14,43.3519668579102,-8.42632961273193,"Unknown"
"7014855",371852,2025-10-31 09:39:15,43.3520317077637,-8.42636775970459,"Unknown"
"7014855",371852,2025-10-31 09:49:15,43.3519401550293,-8.42635726928711,"Unknown"
"7014855",371852,2025-10-31 09:59:14,43.3520774841309,-8.42634105682373,"Unknown"
"7014855",371852,2025-10-31 10:09:14,43.3520431518555,-8.42623329162598,"Unknown"
"7014855",371852,2025-10-31 10:14:15,43.3520774841309,-8.42619323730469,"Unknown"
"7014855",371852,2025-10-31 10:19:15,43.3520812988281,-8.42629623413086,"Unknown"
"7014855",371852,2025-10-31 10:24:16,43.3521194458008,-8.42620182037354,"Unknown"
"7014855",371852,2025-10-31 10:29:16,43.3520927429199,-8.42624282836914,"Unknown"
"7014855",371852,2025-10-31 10:34:16,43.3520088195801,-8.42610836029053,"Unknown"
"7014855",371852,2025-10-31 10:39:18,43.3519592285156,-8.42617988586426,"Unknown"
"7014855",371852,2025-10-31 10:44:19,43.3527412414551,-8.42675876617432,"Unknown"
"7014855",371852,2025-10-31 10:49:20,43.3524131774902,-8.42658138275146,"Unknown"
"7014855",371852,2025-10-31 10:54:17,43.3520965576172,-8.42634582519531,"Unknown"
"7014855",371852,2025-10-31 10:59:18,43.3520545959473,-8.42635250091553,"Unknown"
"7014855",371852,2025-10-31 11:04:18,43.3521003723145,-8.42637538909912,"Unknown"
"7014855",371852,2025-10-31 11:09:17,43.352123260498,-8.42635250091553,"Unknown"
"7014855",371852,2025-10-31 11:14:15,43.3520126342773,-8.42636489868164,"Unknown"
"7014855",371852,2025-10-31 11:19:14,43.3521003723145,-8.42636203765869,"Unknown"
"7014855",371852,2025-10-31 11:24:14,43.3520774841309,-8.42634677886963,"Unknown"
"7014855",371852,2025-10-31 11:29:15,43.352123260498,-8.42634582519531,"Unknown"
"7014855",371852,2025-10-31 11:34:14,43.3520774841309,-8.42630004882812,"Unknown"
"7014855",371852,2025-10-31 11:39:14,43.3520812988281,-8.42629146575928,"Unknown"
"7014855",371852,2025-10-31 11:44:15,43.352108001709,-8.42632675170898,"Unknown"
"7014855",371852,2025-10-31 11:49:15,43.3521308898926,-8.4260892868042,"Unknown"
"7014855",371852,2025-10-31 11:54:17,43.3521728515625,-8.42608451843262,"Unknown"
"7014855",371852,2025-10-31 11:59:16,43.3520202636719,-8.42619228363037,"Unknown"
"7014855",371852,2025-10-31 12:04:14,43.3521385192871,-8.42628288269043,"Unknown"
"7014855",371852,2025-10-31 12:09:14,43.351863861084,-8.42612075805664,"Unknown"
"7014855",371852,2025-10-31 12:14:14,43.3519973754883,-8.4262228012085,"Unknown"
"7014855",371852,2025-10-31 12:19:17,43.3519058227539,-8.42613410949707,"Unknown"
"7014855",371852,2025-10-31 12:24:14,43.3520240783691,-8.42634963989258,"Unknown"
"7014855",371852,2025-10-31 12:29:14,43.3521423339844,-8.42637634277344,"Unknown"
"7014855",371852,2025-10-31 12:34:14,43.3520965576172,-8.42632389068604,"Unknown"
"7014855",371852,2025-10-31 12:39:14,43.3521003723145,-8.42624664306641,"Unknown"
"7014855",371852,2025-10-31 12:44:14,43.3520851135254,-8.42633628845215,"Unknown"
"7014855",371852,2025-10-31 12:49:14,43.3521041870117,-8.42631530761719,"Unknown"
"7014855",371852,2025-10-31 12:54:14,43.3521156311035,-8.426344871521,"Unknown"
"7014855",371852,2025-10-31 12:59:14,43.3520927429199,-8.42630195617676,"Unknown"
"7014855",371852,2025-10-31 13:04:14,43.3521270751953,-8.42631053924561,"Unknown"
"7014855",371852,2025-10-31 13:09:14,43.352165222168,-8.42640590667725,"Unknown"
"7014855",371852,2025-10-31 13:14:14,43.3520126342773,-8.42629432678223,"Unknown"
"7014855",371852,2025-10-31 13:19:14,43.3521270751953,-8.42632102966309,"Unknown"
"7014855",371852,2025-10-31 13:24:15,43.3520431518555,-8.42636966705322,"Unknown"
"7014855",371852,2025-10-31 13:29:17,43.3522262573242,-8.42634868621826,"Unknown"
"7014855",371852,2025-10-31 13:34:16,43.352180480957,-8.42626953125,"Unknown"
"7014855",371852,2025-10-31 13:39:17,43.351676940918,-8.42619037628174,"Unknown"
"7014855",371852,2025-10-31 13:44:18,43.3517799377441,-8.42627143859863,"Unknown"
"7014855",371852,2025-10-31 13:49:22,43.3520584106445,-8.42626094818115,"Unknown"
"7014855",371852,2025-10-31 13:54:17,43.3516426086426,-8.42607879638672,"Unknown"
"7014855",371852,2025-10-31 13:59:18,43.3521728515625,-8.42619800567627,"Unknown"
"7014855",371852,2025-10-31 14:04:17,43.3521919250488,-8.42627334594727,"Unknown"
"7014855",371852,2025-10-31 14:09:17,43.3520050048828,-8.42619228363037,"Unknown"
"7014855",371852,2025-10-31 14:14:17,43.3518142700195,-8.42603778839111,"Unknown"
"7014855",371852,2025-10-31 14:19:22,43.3520736694336,-8.426194190979,"Unknown"
"7014855",371852,2025-10-31 14:24:17,43.3519020080566,-8.42601013183594,"Unknown"
"7014855",371852,2025-10-31 14:29:18,43.3519248962402,-8.42600154876709,"Unknown"
"7014855",371852,2025-10-31 14:34:18,43.3520355224609,-8.4261302947998,"Unknown"
"7014855",371852,2025-10-31 14:39:17,43.3521003723145,-8.42612552642822,"Unknown"
"7014855",371852,2025-10-31 14:44:17,43.3519554138184,-8.42606258392334,"Unknown"
"7014855",371852,2025-10-31 14:49:17,43.3519515991211,-8.42598533630371,"Unknown"
"7014855",371852,2025-10-31 14:54:16,43.3521041870117,-8.42616271972656,"Unknown"
"7014855",371852,2025-10-31 14:59:18,43.3516426086426,-8.4255428314209,"Unknown"
"7014855",371852,2025-10-31 15:04:17,43.3516731262207,-8.42568969726562,"Unknown"
"7014855",371852,2025-10-31 15:09:16,43.3518371582031,-8.42634868621826,"Unknown"
"7014855",371852,2025-10-31 15:14:16,43.3517951965332,-8.42616081237793,"Unknown"
"7014855",371852,2025-10-31 15:19:15,43.3518333435059,-8.42634201049805,"Unknown"
"7014855",371852,2025-10-31 15:24:17,43.3518104553223,-8.42638778686523,"Unknown"
"7014855",371852,2025-10-31 15:29:17,43.3517150878906,-8.42630958557129,"Unknown"
"7014855",371852,2025-10-31 15:34:18,43.351619720459,-8.42629909515381,"Unknown"
"7014855",371852,2025-10-31 15:39:15,43.3516082763672,-8.42628383636475,"Unknown"
"7014855",371852,2025-10-31 15:44:18,43.3515548706055,-8.42640399932861,"Unknown"
"7014855",371852,2025-10-31 15:49:17,43.3515663146973,-8.42643260955811,"Unknown"
"7014855",371852,2025-10-31 15:54:15,43.3515548706055,-8.42642307281494,"Unknown"
"7014855",371852,2025-10-31 15:59:16,43.3515319824219,-8.42636775970459,"Unknown"
"7014855",371852,2025-10-31 16:04:17,43.3515319824219,-8.4263858795166,"Unknown"
"7014855",371852,2025-10-31 16:09:15,43.3516540527344,-8.42635631561279,"Unknown"
"7014855",371852,2025-10-31 16:14:15,43.3517265319824,-8.42603015899658,"Unknown"
"7014855",371852,2025-10-31 16:19:15,43.3517417907715,-8.42609119415283,"Unknown"
"7014855",371852,2025-10-31 16:24:15,43.351806640625,-8.42600727081299,"Unknown"
"7014855",371852,2025-10-31 16:29:16,43.351921081543,-8.42590427398682,"Unknown"
"7014855",371852,2025-10-31 16:34:17,43.351692199707,-8.4259729385376,"Unknown"
"7014855",371852,2025-10-31 16:39:44,43.3520164489746,-8.42608165740967,"Unknown"
"7014855",371852,2025-10-31 16:44:13,43.3521270751953,-8.42606639862061,"Unknown"
"7014855",371852,2025-10-31 16:49:13,43.3519630432129,-8.42616271972656,"Unknown"
"7014855",371852,2025-10-31 16:54:14,43.3519630432129,-8.42605590820312,"Unknown"
"7014855",371852,2025-10-31 16:59:13,43.3520317077637,-8.42613983154297,"Unknown"
"7014855",371852,2025-10-31 17:04:13,43.3519630432129,-8.42609119415283,"Unknown"
"7014855",371852,2025-10-31 17:09:14,43.3519630432129,-8.42605686187744,"Unknown"
"7014855",371852,2025-10-31 17:14:14,43.351978302002,-8.4260892868042,"Unknown"
"7014855",371852,2025-10-31 17:19:14,43.3520050048828,-8.42608451843262,"Unknown"
"7014855",371852,2025-10-31 17:24:14,43.3520202636719,-8.42610549926758,"Unknown"
"7014855",371852,2025-10-31 17:29:14,43.3520126342773,-8.42608833312988,"Unknown"
"7014855",371852,2025-10-31 17:34:14,43.3518714904785,-8.42599391937256,"Unknown"
"7014855",371852,2025-10-31 17:39:14,43.3519515991211,-8.42617797851562,"Unknown"
"7014855",371852,2025-10-31 17:44:14,43.3517913818359,-8.42598724365234,"Unknown"
"7014855",371852,2025-10-31 17:49:14,43.3518676757812,-8.42600345611572,"Unknown"
"7014855",371852,2025-10-31 17:54:15,43.3518486022949,-8.42611885070801,"Unknown"
"7014855",371852,2025-10-31 17:59:17,43.3518676757812,-8.42609977722168,"Unknown"
"7014855",371852,2025-10-31 18:04:16,43.3515701293945,-8.42593288421631,"Unknown"
"7014855",371852,2025-10-31 18:09:16,43.3517684936523,-8.4260425567627,"Unknown"
"7014855",371852,2025-10-31 18:14:15,43.3516845703125,-8.42595195770264,"Unknown"
"7014855",371852,2025-10-31 18:19:16,43.3519744873047,-8.42615032196045,"Unknown"
"7014855",371852,2025-10-31 18:24:16,43.3516960144043,-8.4258918762207,"Unknown"
"7014855",371852,2025-10-31 18:29:16,43.3521041870117,-8.42622470855713,"Unknown"
"7014855",371852,2025-10-31 18:34:22,43.3518714904785,-8.42602729797363,"Unknown"
"7014855",371852,2025-10-31 18:39:16,43.351676940918,-8.42590808868408,"Unknown"
"7014855",371852,2025-10-31 18:44:19,43.3519325256348,-8.42606639862061,"Unknown"
"7014855",371852,2025-10-31 18:49:15,43.3517379760742,-8.42595100402832,"Unknown"
"7014855",371852,2025-10-31 18:54:16,43.3519706726074,-8.42612361907959,"Unknown"
"7014855",371852,2025-10-31 18:59:16,43.3519744873047,-8.42612648010254,"Unknown"
"7014855",371852,2025-10-31 19:04:15,43.3521347045898,-8.4262170791626,"Unknown"
"7014855",371852,2025-10-31 19:09:17,43.3521423339844,-8.42621040344238,"Unknown"
"7014855",371852,2025-10-31 19:14:18,43.3522644042969,-8.42620754241943,"Unknown"
"7014855",371852,2025-10-31 19:19:17,43.3521842956543,-8.42613792419434,"Unknown"
"7014855",371852,2025-10-31 19:24:17,43.3522109985352,-8.42616081237793,"Unknown"
"7014855",371852,2025-10-31 19:29:16,43.3521270751953,-8.42643356323242,"Unknown"
"7014855",371852,2025-10-31 19:34:17,43.3523559570312,-8.42621040344238,"Unknown"
"7014855",371852,2025-10-31 19:39:16,43.3521690368652,-8.42639255523682,"Unknown"
"7014855",371852,2025-10-31 19:44:15,43.3522109985352,-8.42640972137451,"Unknown"
"7014855",371852,2025-10-31 19:49:15,43.351993560791,-8.42632007598877,"Unknown"
"7014855",371852,2025-10-31 19:54:15,43.352123260498,-8.42636585235596,"Unknown"
"7014855",371852,2025-10-31 19:59:15,43.3521690368652,-8.42647266387939,"Unknown"
"7014855",371852,2025-10-31 20:04:15,43.3520660400391,-8.426438331604,"Unknown"
"7014855",371852,2025-10-31 20:09:16,43.3519477844238,-8.42628002166748,"Unknown"
"7014855",371852,2025-10-31 20:14:15,43.3520545959473,-8.42651176452637,"Unknown"
"7014855",371852,2025-10-31 20:19:15,43.3520164489746,-8.42642211914062,"Unknown"
"7014855",371852,2025-10-31 20:24:15,43.3519706726074,-8.42645454406738,"Unknown"
"7014855",371852,2025-10-31 20:29:15,43.3519058227539,-8.42641162872314,"Unknown"
"7014855",371852,2025-10-31 20:34:14,43.3519554138184,-8.42641067504883,"Unknown"
"7014855",371852,2025-10-31 20:39:14,43.3519859313965,-8.42647838592529,"Unknown"
"7014855",371852,2025-10-31 20:44:14,43.3520202636719,-8.42648601531982,"Unknown"
"7014855",371852,2025-10-31 20:49:15,43.3520698547363,-8.42646789550781,"Unknown"
"7014855",371852,2025-10-31 20:54:15,43.3520278930664,-8.42647743225098,"Unknown"
"7014855",371852,2025-10-31 20:59:15,43.351993560791,-8.4265079498291,"Unknown"
"7014855",371852,2025-10-31 21:04:14,43.3520317077637,-8.42645168304443,"Unknown"
"7014855",371852,2025-10-31 21:09:15,43.3521041870117,-8.42646312713623,"Unknown"
"7014855",371852,2025-10-31 21:14:15,43.3520545959473,-8.42641448974609,"Unknown"
"7014855",371852,2025-10-31 21:19:15,43.3520965576172,-8.42640113830566,"Unknown"
"7014855",371852,2025-10-31 21:24:15,43.3520660400391,-8.42639255523682,"Unknown"
"7014855",371852,2025-10-31 21:29:15,43.3521041870117,-8.42638111114502,"Unknown"
"7014855",371852,2025-10-31 21:34:15,43.3520622253418,-8.42636108398438,"Unknown"
"7014855",371852,2025-10-31 21:39:15,43.3521614074707,-8.4263858795166,"Unknown"
"7014855",371852,2025-10-31 21:44:14,43.3521156311035,-8.4263916015625,"Unknown"
"7014855",371852,2025-10-31 21:49:14,43.3521575927734,-8.42639350891113,"Unknown"
"7014855",371852,2025-10-31 21:54:15,43.3521347045898,-8.42634868621826,"Unknown"
"7014855",371852,2025-10-31 21:59:14,43.3521919250488,-8.42632007598877,"Unknown"
"7014855",371852,2025-10-31 22:04:14,43.3522033691406,-8.42631340026855,"Unknown"
"7014855",371852,2025-10-31 22:09:14,43.3521881103516,-8.42634582519531,"Unknown"
"7014855",371852,2025-10-31 22:14:15,43.3521614074707,-8.42628288269043,"Unknown"
"7014855",371852,2025-10-31 22:19:14,43.3521995544434,-8.42637538909912,"Unknown"
"7014855",371852,2025-10-31 22:24:14,43.3522415161133,-8.42636680603027,"Unknown"
"7014855",371852,2025-10-31 22:29:14,43.352222442627,-8.42630577087402,"Unknown"
"7014855",371852,2025-10-31 22:34:14,43.3522987365723,-8.42639350891113,"Unknown"
"7014855",371852,2025-10-31 22:39:14,43.3521728515625,-8.42636394500732,"Unknown"
"7014855",371852,2025-10-31 22:44:15,43.3523902893066,-8.42637062072754,"Unknown"
"7014855",371852,2025-10-31 22:49:15,43.3525085449219,-8.42637634277344,"Unknown"
"7014855",371852,2025-10-31 22:54:14,43.3524856567383,-8.42633056640625,"Unknown"
"7014855",371852,2025-10-31 22:59:15,43.3524627685547,-8.4263858795166,"Unknown"
"7014855",371852,2025-10-31 23:04:15,43.3524360656738,-8.42638397216797,"Unknown"
"7014855",371852,2025-10-31 23:09:15,43.3527069091797,-8.42642307281494,"Unknown"
"7014855",371852,2025-10-31 23:14:14,43.3522300720215,-8.42640113830566,"Unknown"
"7014855",371852,2025-10-31 23:19:15,43.3525733947754,-8.42642116546631,"Unknown"
"7014855",371852,2025-10-31 23:24:15,43.3522300720215,-8.42643070220947,"Unknown"
"7014855",371852,2025-10-31 23:29:15,43.3524284362793,-8.42652893066406,"Unknown"
"7014855",371852,2025-10-31 23:34:15,43.3524742126465,-8.42644500732422,"Unknown"
"7014855",371852,2025-10-31 23:39:16,43.3523750305176,-8.42654991149902,"Unknown"
"7014855",371852,2025-10-31 23:44:15,43.3524360656738,-8.42666053771973,"Unknown"
"7014855",371852,2025-10-31 23:49:16,43.3523788452148,-8.426513671875,"Unknown"
"7014855",371852,2025-10-31 23:54:16,43.3524284362793,-8.42673683166504,"Unknown"
"7014855",371852,2025-10-31 23:59:16,43.3523178100586,-8.42662048339844,"Unknown"
"7014855",371852,2025-11-01 00:04:34,43.3522758483887,-8.4266300201416,"Unknown"
"7014855",371852,2025-11-01 00:09:14,43.3519668579102,-8.42647933959961,"Unknown"
"7014855",371852,2025-11-01 00:14:16,43.3520240783691,-8.42658233642578,"Unknown"
"7014855",371852,2025-11-01 00:19:14,43.3520431518555,-8.42658615112305,"Unknown"
"7014855",371852,2025-11-01 00:24:14,43.3520050048828,-8.426589012146,"Unknown"
"7014855",371852,2025-11-01 00:29:14,43.3519439697266,-8.4266185760498,"Unknown"
"7014855",371852,2025-11-01 00:34:16,43.35205078125,-8.42664527893066,"Unknown"
"7014855",371852,2025-11-01 00:39:16,43.3521499633789,-8.42656326293945,"Unknown"
"7014855",371852,2025-11-01 00:44:14,43.3520088195801,-8.4265718460083,"Unknown"
"7014855",371852,2025-11-01 00:49:14,43.3519897460938,-8.42655277252197,"Unknown"
"7014855",371852,2025-11-01 00:54:15,43.352180480957,-8.4265775680542,"Unknown"
"7014855",371852,2025-11-01 00:59:15,43.3521385192871,-8.42653942108154,"Unknown"
"7014855",371852,2025-11-01 01:04:14,43.3521499633789,-8.42653274536133,"Unknown"
"7014855",371852,2025-11-01 01:09:15,43.3521270751953,-8.42654705047607,"Unknown"
"7014855",371852,2025-11-01 01:14:15,43.3521347045898,-8.42659187316895,"Unknown"
"7014855",371852,2025-11-01 01:19:14,43.3521919250488,-8.42658996582031,"Unknown"
"7014855",371852,2025-11-01 01:24:14,43.3521423339844,-8.4265661239624,"Unknown"
"7014855",371852,2025-11-01 01:29:15,43.3521118164062,-8.42662906646729,"Unknown"
"7014855",371852,2025-11-01 01:34:15,43.3521614074707,-8.42657947540283,"Unknown"
"7014855",371852,2025-11-01 01:39:15,43.3521614074707,-8.4266529083252,"Unknown"
"7014855",371852,2025-11-01 01:44:15,43.3521881103516,-8.42657375335693,"Unknown"
"7014855",371852,2025-11-01 01:49:15,43.3522186279297,-8.42672538757324,"Unknown"
"7014855",371852,2025-11-01 01:54:15,43.3521766662598,-8.42669010162354,"Unknown"
"7014855",371852,2025-11-01 01:59:15,43.3520622253418,-8.42649364471436,"Unknown"
"7014855",371852,2025-11-01 02:04:15,43.3522720336914,-8.42667484283447,"Unknown"
"7014855",371852,2025-11-01 02:09:16,43.3521194458008,-8.4266939163208,"Unknown"
"7014855",371852,2025-11-01 02:14:17,43.3521842956543,-8.42667484283447,"Unknown"
"7014855",371852,2025-11-01 02:19:17,43.3522491455078,-8.42679405212402,"Unknown"
"7014855",371852,2025-11-01 02:24:17,43.3522720336914,-8.42690467834473,"Unknown"
"7014855",371852,2025-11-01 02:29:17,43.3522758483887,-8.42676830291748,"Unknown"
"7014855",371852,2025-11-01 02:34:24,43.3521041870117,-8.42645931243896,"Unknown"
"7014855",371852,2025-11-01 02:39:18,43.3520851135254,-8.42630767822266,"Unknown"
"7014855",371852,2025-11-01 02:44:18,43.3520622253418,-8.42643928527832,"Unknown"
"7014855",371852,2025-11-01 02:49:24,43.3520660400391,-8.4263334274292,"Unknown"
"7014855",371852,2025-11-01 02:54:16,43.3522262573242,-8.42599391937256,"Unknown"
"7014855",371852,2025-11-01 02:59:23,43.3520736694336,-8.426194190979,"Unknown"
"7014855",371852,2025-11-01 03:04:15,43.3521347045898,-8.42610645294189,"Unknown"
"7014855",371852,2025-11-01 03:09:23,43.3520736694336,-8.42615604400635,"Unknown"
"7014855",371852,2025-11-01 03:14:14,43.3520545959473,-8.42612648010254,"Unknown"
"7014855",371852,2025-11-01 03:19:24,43.3520011901855,-8.42613220214844,"Unknown"
"7014855",371852,2025-11-01 03:24:17,43.352108001709,-8.42613410949707,"Unknown"
"7014855",371852,2025-11-01 03:29:21,43.3520240783691,-8.42600250244141,"Unknown"
"7014855",371852,2025-11-01 03:34:22,43.3519630432129,-8.42601585388184,"Unknown"
"7014855",371852,2025-11-01 03:39:15,43.351863861084,-8.42599391937256,"Unknown"
"7014855",371852,2025-11-01 03:44:19,43.3519821166992,-8.42599201202393,"Unknown"
"7014855",371852,2025-11-01 03:49:17,43.3520736694336,-8.42625999450684,"Unknown"
"7014855",371852,2025-11-01 03:54:16,43.3520393371582,-8.42612075805664,"Unknown"
"7014855",371852,2025-11-01 03:59:15,43.351921081543,-8.42613410949707,"Unknown"
"7014855",371852,2025-11-01 04:04:15,43.3519973754883,-8.4260950088501,"Unknown"
"7014855",371852,2025-11-01 04:09:15,43.3521499633789,-8.42605876922607,"Unknown"
"7014855",371852,2025-11-01 04:14:16,43.3521041870117,-8.42617416381836,"Unknown"
"7014855",371852,2025-11-01 04:19:23,43.3520469665527,-8.42593097686768,"Unknown"
"7014855",371852,2025-11-01 04:24:15,43.3520278930664,-8.42614555358887,"Unknown"
"7014855",371852,2025-11-01 04:29:15,43.3520545959473,-8.42621803283691,"Unknown"
"7014855",371852,2025-11-01 04:34:20,43.3520736694336,-8.42578983306885,"Unknown"
"7014855",371852,2025-11-01 04:39:17,43.3520927429199,-8.42626094818115,"Unknown"
"7014855",371852,2025-11-01 04:44:15,43.3520812988281,-8.42624664306641,"Unknown"
"7014855",371852,2025-11-01 04:49:14,43.35205078125,-8.42622375488281,"Unknown"
"7014855",371852,2025-11-01 04:54:15,43.3520927429199,-8.42614555358887,"Unknown"
"7014855",371852,2025-11-01 04:59:16,43.3519744873047,-8.42612743377686,"Unknown"
"7014855",371852,2025-11-01 05:04:16,43.3520355224609,-8.42622089385986,"Unknown"
"7014855",371852,2025-11-01 05:09:16,43.3520050048828,-8.42625331878662,"Unknown"
"7014855",371852,2025-11-01 05:14:17,43.3520088195801,-8.42649936676025,"Unknown"
"7014855",371852,2025-11-01 05:19:17,43.35205078125,-8.42623424530029,"Unknown"
"7014855",371852,2025-11-01 05:24:18,43.3520965576172,-8.42614650726318,"Unknown"
"7014855",371852,2025-11-01 05:29:34,43.3520202636719,-8.42597103118896,"Unknown"
"7014855",371852,2025-11-01 05:34:14,43.3520317077637,-8.42601871490479,"Unknown"
"7014855",371852,2025-11-01 05:39:16,43.351936340332,-8.42447853088379,"Unknown"
"7014855",371852,2025-11-01 05:44:18,43.351749420166,-8.42268085479736,"Unknown"
"7014855",371852,2025-11-01 05:49:24,43.3520774841309,-8.42604351043701,"Unknown"
"7014855",371852,2025-11-01 05:54:16,43.3522415161133,-8.42826080322266,"Unknown"
"7014855",371852,2025-11-01 05:59:15,43.3521919250488,-8.42698574066162,"Unknown"
"7014855",371852,2025-11-01 06:04:15,43.3521690368652,-8.42688941955566,"Unknown"
"7014855",371852,2025-11-01 06:09:15,43.3521347045898,-8.42708206176758,"Unknown"
"7014855",371852,2025-11-01 06:14:14,43.3521156311035,-8.42682456970215,"Unknown"
"7014855",371852,2025-11-01 06:19:15,43.352123260498,-8.42665481567383,"Unknown"
"7014855",371852,2025-11-01 06:24:15,43.3520851135254,-8.42646408081055,"Unknown"
"7014855",371852,2025-11-01 06:29:21,43.3520126342773,-8.42599487304688,"Unknown"
"7014855",371852,2025-11-01 06:34:14,43.3520965576172,-8.42682933807373,"Unknown"
"7014855",371852,2025-11-01 06:39:15,43.3519515991211,-8.42677021026611,"Unknown"
"7014855",371852,2025-11-01 06:44:15,43.3518829345703,-8.42693710327148,"Unknown"
"7014855",371852,2025-11-01 06:49:15,43.3518028259277,-8.42719459533691,"Unknown"
"7014855",371852,2025-11-01 06:54:15,43.3518257141113,-8.42726707458496,"Unknown"
"7014855",371852,2025-11-01 06:59:17,43.3518371582031,-8.42734050750732,"Unknown"
"7014855",371852,2025-11-01 07:04:24,43.3522872924805,-8.42580318450928,"Unknown"
"7014855",371852,2025-11-01 07:09:15,43.3520889282227,-8.42602443695068,"Unknown"
"7014855",371852,2025-11-01 07:14:21,43.3520889282227,-8.42592430114746,"Unknown"
"7014855",371852,2025-11-01 07:19:16,43.3519248962402,-8.42640686035156,"Unknown"
"7014855",371852,2025-11-01 07:24:24,43.3520736694336,-8.42595195770264,"Unknown"
"7014855",371852,2025-11-01 07:29:22,43.3520660400391,-8.42591857910156,"Unknown"
"7014855",371852,2025-11-01 07:34:19,43.3530006408691,-8.4218692779541,"Unknown"
"7014855",371852,2025-11-01 07:39:41,43.3518486022949,-8.42627429962158,"Unknown"
"7014855",371852,2025-11-01 07:44:14,43.3520393371582,-8.42616176605225,"Unknown"
"7014855",371852,2025-11-01 07:49:13,43.352123260498,-8.4263391494751,"Unknown"
"7014855",371852,2025-11-01 07:54:14,43.3520355224609,-8.42613506317139,"Unknown"
"7014855",371852,2025-11-01 07:59:14,43.3517761230469,-8.4261417388916,"Unknown"
"7014855",371852,2025-11-01 08:04:14,43.3520011901855,-8.42618751525879,"Unknown"
"7014855",371852,2025-11-01 08:09:16,43.3519706726074,-8.42603778839111,"Unknown"
"7014855",371852,2025-11-01 08:14:17,43.3520622253418,-8.42612552642822,"Unknown"
"7014855",371852,2025-11-01 08:19:15,43.3520622253418,-8.42612361907959,"Unknown"
"7014855",371852,2025-11-01 08:24:16,43.3521537780762,-8.42617416381836,"Unknown"
"7014855",371852,2025-11-01 08:29:18,43.3516235351562,-8.42574310302734,"Unknown"
"7014855",371852,2025-11-01 08:34:24,43.3521766662598,-8.42617607116699,"Unknown"
"7014855",371852,2025-11-01 08:39:25,43.3522186279297,-8.42620468139648,"Unknown"
"7014855",371852,2025-11-01 08:44:24,43.3521308898926,-8.42620944976807,"Unknown"
"7014855",371852,2025-11-01 08:49:24,43.352180480957,-8.42616271972656,"Unknown"
"7014855",371852,2025-11-01 08:54:24,43.3521842956543,-8.42618083953857,"Unknown"
"7014855",371852,2025-11-01 08:59:24,43.3520469665527,-8.4261360168457,"Unknown"
"7014855",371852,2025-11-01 09:04:24,43.3520851135254,-8.426100730896,"Unknown"
"7014855",371852,2025-11-01 09:09:24,43.3520851135254,-8.42609310150146,"Unknown"
"7014855",371852,2025-11-01 09:14:23,43.3519973754883,-8.42601108551025,"Unknown"
"7014855",371852,2025-11-01 09:19:24,43.3519973754883,-8.42603778839111,"Unknown"
"7014855",371852,2025-11-01 09:24:24,43.3520736694336,-8.42602062225342,"Unknown"
"7014855",371852,2025-11-01 09:29:24,43.3520774841309,-8.42603874206543,"Unknown"
"7014855",371852,2025-11-01 09:34:24,43.3522186279297,-8.42619323730469,"Unknown"
"7014855",371852,2025-11-01 09:39:24,43.3520469665527,-8.42594718933105,"Unknown"
"7014855",371852,2025-11-01 09:44:24,43.3519973754883,-8.42587947845459,"Unknown"
"7014855",371852,2025-11-01 09:49:24,43.3520011901855,-8.42592525482178,"Unknown"
"7014855",371852,2025-11-01 09:54:25,43.3519897460938,-8.42589855194092,"Unknown"
"7014855",371852,2025-11-01 09:59:25,43.3519058227539,-8.4258337020874,"Unknown"
"7014855",371852,2025-11-01 10:04:33,43.3519172668457,-8.42620372772217,"Unknown"
"7014855",371852,2025-11-01 10:09:17,43.3519096374512,-8.42621231079102,"Unknown"
"7014855",371852,2025-11-01 10:14:23,43.3518943786621,-8.42626571655273,"Unknown"
"7014855",371852,2025-11-01 10:19:18,43.3517799377441,-8.4262113571167,"Unknown"
"7014855",371852,2025-11-01 10:24:22,43.3518676757812,-8.42622566223145,"Unknown"
"7014855",371852,2025-11-01 10:29:21,43.3517761230469,-8.42609405517578,"Unknown"
"7014855",371852,2025-11-01 10:34:42,43.3518867492676,-8.42622566223145,"Unknown"
"7014855",371852,2025-11-01 10:39:14,43.3519058227539,-8.42631816864014,"Unknown"
"7014855",371852,2025-11-01 10:44:14,43.351936340332,-8.42606067657471,"Unknown"
"7014855",371852,2025-11-01 10:49:15,43.3519554138184,-8.42622089385986,"Unknown"
"7014855",371852,2025-11-01 10:54:14,43.3519554138184,-8.4261417388916,"Unknown"
"7014855",371852,2025-11-01 10:59:14,43.3518905639648,-8.42637538909912,"Unknown"
"7014855",371852,2025-11-01 11:04:14,43.3519248962402,-8.42608642578125,"Unknown"
"7014855",371852,2025-11-01 11:09:15,43.3518257141113,-8.42622375488281,"Unknown"
"7014855",371852,2025-11-01 11:14:15,43.3518867492676,-8.42615604400635,"Unknown"
"7014855",371852,2025-11-01 11:19:18,43.351863861084,-8.4262752532959,"Unknown"
"7014855",371852,2025-11-01 11:24:19,43.3518714904785,-8.4260835647583,"Unknown"
"7014855",371852,2025-11-01 11:29:18,43.3519401550293,-8.42607975006104,"Unknown"
"7014855",371852,2025-11-01 11:34:33,43.351921081543,-8.42620372772217,"Unknown"
"7014855",371852,2025-11-01 11:39:13,43.3519515991211,-8.42627334594727,"Unknown"
"7014855",371852,2025-11-01 11:44:13,43.3519439697266,-8.42620086669922,"Unknown"
"7014855",371852,2025-11-01 11:49:14,43.3519554138184,-8.42615699768066,"Unknown"
"7014855",371852,2025-11-01 11:54:13,43.3519859313965,-8.42623329162598,"Unknown"
"7014855",371852,2025-11-01 11:59:13,43.3520011901855,-8.42619895935059,"Unknown"
"7014855",371852,2025-11-01 12:04:14,43.3519821166992,-8.4262523651123,"Unknown"
"7014855",371852,2025-11-01 12:09:14,43.351993560791,-8.4262170791626,"Unknown"
"7014855",371852,2025-11-01 12:14:14,43.3519821166992,-8.42623329162598,"Unknown"
"7014855",371852,2025-11-01 12:19:13,43.3519287109375,-8.42613983154297,"Unknown"
"7014855",371852,2025-11-01 12:24:14,43.3519477844238,-8.42620658874512,"Unknown"
"7014855",371852,2025-11-01 12:29:14,43.3520126342773,-8.42619705200195,"Unknown"
"7014855",371852,2025-11-01 12:34:14,43.3520622253418,-8.42631435394287,"Unknown"
"7014855",371852,2025-11-01 12:39:14,43.352180480957,-8.42644882202148,"Unknown"
"7014855",371852,2025-11-01 12:44:14,43.3520660400391,-8.42622089385986,"Unknown"
"7014855",371852,2025-11-01 12:49:14,43.3519668579102,-8.42617797851562,"Unknown"
"7014855",371852,2025-11-01 12:54:14,43.3519477844238,-8.42615795135498,"Unknown"
"7014855",371852,2025-11-01 12:59:14,43.3519706726074,-8.42615604400635,"Unknown"
"7014855",371852,2025-11-01 13:04:14,43.3520050048828,-8.42612075805664,"Unknown"
"7014855",371852,2025-11-01 13:09:14,43.3520202636719,-8.42612934112549,"Unknown"
"7014855",371852,2025-11-01 13:14:14,43.3519630432129,-8.4261360168457,"Unknown"
"7014855",371852,2025-11-01 13:19:14,43.3519515991211,-8.42627143859863,"Unknown"
"7014855",371852,2025-11-01 13:24:15,43.3519973754883,-8.42609214782715,"Unknown"
"7014855",371852,2025-11-01 13:29:15,43.3520011901855,-8.42604064941406,"Unknown"
"7014855",371852,2025-11-01 13:34:16,43.3519248962402,-8.42537403106689,"Unknown"
"7014855",371852,2025-11-01 13:39:16,43.3519897460938,-8.42596054077148,"Unknown"
"7014855",371852,2025-11-01 13:44:16,43.3518829345703,-8.42626667022705,"Unknown"
"7014855",371852,2025-11-01 13:49:18,43.3520355224609,-8.42553997039795,"Unknown"
"7014855",371852,2025-11-01 13:54:16,43.351921081543,-8.4260082244873,"Unknown"
"7014855",371852,2025-11-01 13:59:16,43.3519248962402,-8.42613410949707,"Unknown"
"7014855",371852,2025-11-01 14:04:15,43.3519134521484,-8.42626571655273,"Unknown"
"7014855",371852,2025-11-01 14:09:16,43.3518409729004,-8.42606830596924,"Unknown"
"7014855",371852,2025-11-01 14:14:16,43.3517951965332,-8.42617416381836,"Unknown"
"7014855",371852,2025-11-01 14:19:16,43.3519058227539,-8.42625331878662,"Unknown"
"7014855",371852,2025-11-01 14:24:28,43.3520469665527,-8.42611598968506,"Unknown"
"7014855",371852,2025-11-01 14:29:16,43.3519172668457,-8.42617511749268,"Unknown"
"7014855",371852,2025-11-01 14:34:17,43.3518753051758,-8.4260721206665,"Unknown"
"7014855",371852,2025-11-01 14:39:18,43.3518447875977,-8.42598628997803,"Unknown"
"7014855",371852,2025-11-01 14:44:18,43.3517265319824,-8.42600250244141,"Unknown"
"7014855",371852,2025-11-01 14:49:23,43.3518600463867,-8.42612743377686,"Unknown"
"7014855",371852,2025-11-01 14:54:18,43.3515472412109,-8.42625331878662,"Unknown"
"7014855",371852,2025-11-01 14:59:17,43.3509292602539,-8.42639636993408,"Unknown"
"7014855",371852,2025-11-01 15:04:19,43.3515777587891,-8.4263219833374,"Unknown"
"7014855",371852,2025-11-01 15:09:36,43.3517379760742,-8.42655181884766,"Unknown"
"7014855",371852,2025-11-01 15:14:16,43.3516845703125,-8.42690944671631,"Unknown"
"7014855",371852,2025-11-01 15:19:17,43.3519668579102,-8.42617988586426,"Unknown"
"7014855",371852,2025-11-01 15:24:16,43.3521270751953,-8.42610931396484,"Unknown"
"7014855",371852,2025-11-01 15:29:16,43.3521385192871,-8.42621612548828,"Unknown"
"7014855",371852,2025-11-01 15:34:16,43.3522300720215,-8.42603874206543,"Unknown"
"7014855",371852,2025-11-01 15:39:17,43.3521842956543,-8.42602443695068,"Unknown"
"7014855",371852,2025-11-01 15:44:21,43.3519477844238,-8.42622852325439,"Unknown"
"7014855",371852,2025-11-01 15:49:24,43.3519172668457,-8.42635345458984,"Unknown"
"7014855",371852,2025-11-01 15:54:24,43.351936340332,-8.42617034912109,"Unknown"
"7014855",371852,2025-11-01 15:59:17,43.3520469665527,-8.42618942260742,"Unknown"
"7014855",371852,2025-11-01 16:04:16,43.3524627685547,-8.42618083953857,"Unknown"
"7014855",371852,2025-11-01 16:09:18,43.3519859313965,-8.4261999130249,"Unknown"
"7014855",371852,2025-11-01 16:14:16,43.3519248962402,-8.42622375488281,"Unknown"
"7014855",371852,2025-11-01 16:19:16,43.3519897460938,-8.42619705200195,"Unknown"
"7014855",371852,2025-11-01 16:24:16,43.351978302002,-8.42620372772217,"Unknown"
"7014855",371852,2025-11-01 16:29:16,43.351921081543,-8.42614936828613,"Unknown"
"7014855",371852,2025-11-01 16:34:17,43.3518486022949,-8.42615699768066,"Unknown"
"7014855",371852,2025-11-01 16:39:16,43.3520393371582,-8.42611312866211,"Unknown"
"7014855",371852,2025-11-01 16:44:16,43.3520622253418,-8.4261531829834,"Unknown"
"7014855",371852,2025-11-01 16:49:16,43.3520202636719,-8.42616367340088,"Unknown"
"7014855",371852,2025-11-01 16:54:16,43.3520126342773,-8.42620086669922,"Unknown"
"7014855",371852,2025-11-01 16:59:16,43.3520393371582,-8.42628765106201,"Unknown"
"7014855",371852,2025-11-01 17:04:16,43.3520431518555,-8.42623519897461,"Unknown"
"7014855",371852,2025-11-01 17:09:16,43.3519821166992,-8.42618560791016,"Unknown"
"7014855",371852,2025-11-01 17:14:16,43.3520622253418,-8.42616176605225,"Unknown"
"7014855",371852,2025-11-01 17:19:16,43.3520698547363,-8.42620658874512,"Unknown"
"7014855",371852,2025-11-01 17:24:16,43.3520660400391,-8.42617893218994,"Unknown"
"7014855",371852,2025-11-01 17:29:17,43.3520660400391,-8.42617034912109,"Unknown"
"7014855",371852,2025-11-01 17:34:17,43.3521041870117,-8.42619132995605,"Unknown"
"7014855",371852,2025-11-01 17:39:18,43.3521728515625,-8.42625617980957,"Unknown"
"7014855",371852,2025-11-01 17:44:20,43.3524055480957,-8.42658710479736,"Unknown"
"7014855",371852,2025-11-01 17:49:19,43.3519744873047,-8.42610931396484,"Unknown"
"7014855",371852,2025-11-01 17:54:32,43.3520965576172,-8.42633152008057,"Unknown"
"7014855",371852,2025-11-01 17:59:26,43.3519706726074,-8.4263277053833,"Unknown"
"7014855",371852,2025-11-01 18:04:18,43.351490020752,-8.42585277557373,"Unknown"
"7014855",371852,2025-11-01 18:09:25,43.3519554138184,-8.42620658874512,"Unknown"
"7014855",371852,2025-11-01 18:14:16,43.3519744873047,-8.42626476287842,"Unknown"
"7014855",371852,2025-11-01 18:19:19,43.3520851135254,-8.42623615264893,"Unknown"
"7014855",371852,2025-11-01 18:24:18,43.3521957397461,-8.42630863189697,"Unknown"
"7014855",371852,2025-11-01 18:29:18,43.3521385192871,-8.42629051208496,"Unknown"
"7014855",371852,2025-11-01 18:34:16,43.3523139953613,-8.42641735076904,"Unknown"
"7014855",371852,2025-11-01 18:39:17,43.3521385192871,-8.42628765106201,"Unknown"
"7014855",371852,2025-11-01 18:44:17,43.351879119873,-8.42611312866211,"Unknown"
"7014855",371852,2025-11-01 18:49:17,43.3517951965332,-8.42604732513428,"Unknown"
"7014855",371852,2025-11-01 18:54:20,43.3518600463867,-8.42606449127197,"Unknown"
"7014855",371852,2025-11-01 18:59:25,43.3519248962402,-8.42616844177246,"Unknown"
"7014855",371852,2025-11-01 19:04:24,43.3518676757812,-8.42610454559326,"Unknown"
"7014855",371852,2025-11-01 19:09:35,43.3518905639648,-8.42620372772217,"Unknown"
"7014855",371852,2025-11-01 19:14:15,43.3520126342773,-8.42625617980957,"Unknown"
"7014855",371852,2025-11-01 19:19:19,43.3518829345703,-8.42620849609375,"Unknown"
"7014855",371852,2025-11-01 19:24:20,43.3519592285156,-8.42616081237793,"Unknown"
"7014855",371852,2025-11-01 19:29:15,43.3519897460938,-8.42627906799316,"Unknown"
"7014855",371852,2025-11-01 19:34:16,43.3518409729004,-8.42566967010498,"Unknown"
"7014855",371852,2025-11-01 19:39:17,43.3517723083496,-8.4257345199585,"Unknown"
"7014855",371852,2025-11-01 19:44:18,43.3517799377441,-8.42552185058594,"Unknown"
"7014855",371852,2025-11-01 19:49:26,43.351921081543,-8.42612266540527,"Unknown"
"7014855",371852,2025-11-01 19:54:16,43.351936340332,-8.42612171173096,"Unknown"
"7014855",371852,2025-11-01 19:59:16,43.351978302002,-8.42611694335938,"Unknown"
"7014855",371852,2025-11-01 20:04:16,43.3518981933594,-8.42603778839111,"Unknown"
"7014855",371852,2025-11-01 20:09:16,43.3519325256348,-8.4260425567627,"Unknown"
"7014855",371852,2025-11-01 20:14:16,43.3519744873047,-8.42619132995605,"Unknown"
"7014855",371852,2025-11-01 20:19:16,43.3521690368652,-8.42680931091309,"Unknown"
"7014855",371852,2025-11-01 20:24:16,43.3520393371582,-8.4264965057373,"Unknown"
"7014855",371852,2025-11-01 20:29:16,43.3520774841309,-8.4265604019165,"Unknown"
"7014855",371852,2025-11-01 20:34:16,43.3520431518555,-8.42647075653076,"Unknown"
"7014855",371852,2025-11-01 20:39:17,43.3521194458008,-8.42653274536133,"Unknown"
"7014855",371852,2025-11-01 20:44:16,43.352123260498,-8.42659759521484,"Unknown"
"7014855",371852,2025-11-01 20:49:16,43.3521270751953,-8.42652702331543,"Unknown"
"7014855",371852,2025-11-01 20:54:16,43.3520355224609,-8.4265308380127,"Unknown"
"7014855",371852,2025-11-01 20:59:16,43.3521156311035,-8.42658233642578,"Unknown"
"7014855",371852,2025-11-01 21:04:16,43.3521347045898,-8.42654323577881,"Unknown"
"7014855",371852,2025-11-01 21:09:16,43.3522415161133,-8.42667770385742,"Unknown"
"7014855",371852,2025-11-01 21:14:16,43.3522529602051,-8.42665958404541,"Unknown"
"7014855",371852,2025-11-01 21:19:16,43.3522720336914,-8.42676734924316,"Unknown"
"7014855",371852,2025-11-01 21:24:16,43.3522796630859,-8.42667102813721,"Unknown"
"7014855",371852,2025-11-01 21:29:17,43.3524360656738,-8.42692947387695,"Unknown"
"7014855",371852,2025-11-01 21:34:18,43.3526573181152,-8.42714500427246,"Unknown"
"7014855",371852,2025-11-01 21:39:32,43.3526153564453,-8.4269380569458,"Unknown"
"7014855",371852,2025-11-01 21:44:23,43.352725982666,-8.42695617675781,"Unknown"
"7014855",371852,2025-11-01 21:49:22,43.3527030944824,-8.42694664001465,"Unknown"
"7014855",371852,2025-11-01 21:54:22,43.3524742126465,-8.42685890197754,"Unknown"
"7014855",371852,2025-11-01 21:59:22,43.3525505065918,-8.42693901062012,"Unknown"
"7014855",371852,2025-11-01 22:04:20,43.3525390625,-8.42700481414795,"Unknown"
"7014855",371852,2025-11-01 22:09:20,43.3524856567383,-8.42706489562988,"Unknown"
"7014855",371852,2025-11-01 22:14:20,43.3525047302246,-8.42696380615234,"Unknown"
"7014855",371852,2025-11-01 22:19:22,43.3523941040039,-8.42688655853271,"Unknown"
"7014855",371852,2025-11-01 22:24:22,43.352481842041,-8.42702293395996,"Unknown"
"7014855",371852,2025-11-01 22:29:24,43.3524589538574,-8.42696094512939,"Unknown"
"7014855",371852,2025-11-01 22:34:33,43.3521575927734,-8.42634010314941,"Unknown"
"7014855",371852,2025-11-01 22:39:16,43.3522491455078,-8.42624282836914,"Unknown"
"7014855",371852,2025-11-01 22:44:16,43.3527450561523,-8.42626762390137,"Unknown"
"7014855",371852,2025-11-01 22:49:15,43.3522033691406,-8.42628860473633,"Unknown"
"7014855",371852,2025-11-01 22:54:17,43.3523101806641,-8.42625617980957,"Unknown"
"7014855",371852,2025-11-01 22:59:17,43.3525199890137,-8.42633724212646,"Unknown"
"7014855",371852,2025-11-01 23:04:17,43.3523864746094,-8.42638206481934,"Unknown"
"7014855",371852,2025-11-01 23:09:19,43.3525161743164,-8.42636203765869,"Unknown"
"7014855",371852,2025-11-01 23:14:19,43.3523750305176,-8.42632675170898,"Unknown"
"7014855",371852,2025-11-01 23:19:20,43.3521270751953,-8.42642784118652,"Unknown"
"7014855",371852,2025-11-01 23:24:17,43.3523330688477,-8.42635631561279,"Unknown"
"7014855",371852,2025-11-01 23:29:19,43.3521347045898,-8.42637062072754,"Unknown"
"7014855",371852,2025-11-01 23:34:18,43.3522644042969,-8.42635726928711,"Unknown"
"7014855",371852,2025-11-01 23:39:18,43.3521003723145,-8.42641735076904,"Unknown"
"7014855",371852,2025-11-01 23:44:19,43.3527946472168,-8.42638301849365,"Unknown"
"7014855",371852,2025-11-01 23:49:18,43.3531799316406,-8.4265661239624,"Unknown"
"7014855",371852,2025-11-01 23:54:28,43.3524360656738,-8.42640686035156,"Unknown"
"7014855",371852,2025-11-01 23:59:16,43.3525161743164,-8.42642021179199,"Unknown"
"7014855",371852,2025-11-02 00:04:17,43.3526306152344,-8.42656135559082,"Unknown"
"7014855",371852,2025-11-02 00:09:17,43.3523368835449,-8.42607021331787,"Unknown"
"7014855",371852,2025-11-02 00:14:17,43.3522911071777,-8.42622852325439,"Unknown"
"7014855",371852,2025-11-02 00:19:16,43.3521690368652,-8.42607975006104,"Unknown"
"7014855",371852,2025-11-02 00:24:16,43.3523979187012,-8.42620468139648,"Unknown"
"7014855",371852,2025-11-02 00:29:16,43.352123260498,-8.42616176605225,"Unknown"
"7014855",371852,2025-11-02 00:34:16,43.3521385192871,-8.42613983154297,"Unknown"
"7014855",371852,2025-11-02 00:39:16,43.3522148132324,-8.42618083953857,"Unknown"
"7014855",371852,2025-11-02 00:44:16,43.3520469665527,-8.42618179321289,"Unknown"
"7014855",371852,2025-11-02 00:49:16,43.3519058227539,-8.42613887786865,"Unknown"
"7014855",371852,2025-11-02 00:54:16,43.3519668579102,-8.42615795135498,"Unknown"
"7014855",371852,2025-11-02 00:59:16,43.3520469665527,-8.4261474609375,"Unknown"
"7014855",371852,2025-11-02 01:04:16,43.3520584106445,-8.42615509033203,"Unknown"
"7014855",371852,2025-11-02 01:09:17,43.3520431518555,-8.42611217498779,"Unknown"
"7014855",371852,2025-11-02 01:14:16,43.351978302002,-8.42610454559326,"Unknown"
"7014855",371852,2025-11-02 01:19:17,43.3520050048828,-8.42611408233643,"Unknown"
"7014855",371852,2025-11-02 01:24:16,43.351936340332,-8.42602348327637,"Unknown"
"7014855",371852,2025-11-02 01:29:16,43.351993560791,-8.42601299285889,"Unknown"
"7014855",371852,2025-11-02 01:34:16,43.3520278930664,-8.425950050354,"Unknown"
"7014855",371852,2025-11-02 01:39:16,43.351978302002,-8.42600440979004,"Unknown"
"7014855",371852,2025-11-02 01:44:16,43.3520202636719,-8.42602062225342,"Unknown"
"7014855",371852,2025-11-02 01:49:16,43.3519744873047,-8.42601490020752,"Unknown"
"7014855",371852,2025-11-02 01:54:16,43.3518714904785,-8.42587280273438,"Unknown"
"7014855",371852,2025-11-02 01:59:16,43.3520278930664,-8.42589855194092,"Unknown"
"7014855",371852,2025-11-02 02:04:17,43.3519325256348,-8.4259090423584,"Unknown"
"7014855",371852,2025-11-02 02:09:16,43.3518981933594,-8.42586421966553,"Unknown"
"7014855",371852,2025-11-02 02:14:17,43.3519859313965,-8.42589092254639,"Unknown"
"7014855",371852,2025-11-02 02:19:17,43.3519134521484,-8.42599296569824,"Unknown"
"7014855",371852,2025-11-02 02:24:19,43.3519439697266,-8.42610836029053,"Unknown"
"7014855",371852,2025-11-02 02:29:44,43.3520431518555,-8.42625141143799,"Unknown"
"7014855",371852,2025-11-02 02:34:16,43.3519172668457,-8.42598628997803,"Unknown"
"7014855",371852,2025-11-02 02:39:16,43.3520774841309,-8.42583656311035,"Unknown"
"7014855",371852,2025-11-02 02:44:17,43.3521194458008,-8.42623424530029,"Unknown"
"7014855",371852,2025-11-02 02:49:17,43.3520317077637,-8.42607879638672,"Unknown"
"7014855",371852,2025-11-02 02:54:17,43.3521614074707,-8.42625141143799,"Unknown"
"7014855",371852,2025-11-02 02:59:17,43.3521842956543,-8.42620372772217,"Unknown"
"7014855",371852,2025-11-02 03:04:18,43.352352142334,-8.42609214782715,"Unknown"
"7014855",371852,2025-11-02 03:09:35,43.3520317077637,-8.42616939544678,"Unknown"
"7014855",371852,2025-11-02 03:14:16,43.3519668579102,-8.42618942260742,"Unknown"
"7014855",371852,2025-11-02 03:19:16,43.3520317077637,-8.42628765106201,"Unknown"
"7014855",371852,2025-11-02 03:24:16,43.3518981933594,-8.42626857757568,"Unknown"
"7014855",371852,2025-11-02 03:29:16,43.3520050048828,-8.42627716064453,"Unknown"
"7014855",371852,2025-11-02 03:34:16,43.3520050048828,-8.42620944976807,"Unknown"
"7014855",371852,2025-11-02 03:39:16,43.3521842956543,-8.42597675323486,"Unknown"
"7014855",371852,2025-11-02 03:44:18,43.3526763916016,-8.42652225494385,"Unknown"
"7014855",371852,2025-11-02 03:49:19,43.3519287109375,-8.42623138427734,"Unknown"
"7014855",371852,2025-11-02 03:54:16,43.3519287109375,-8.42624187469482,"Unknown"
"7014855",371852,2025-11-02 03:59:16,43.3519668579102,-8.42623138427734,"Unknown"
"7014855",371852,2025-11-02 04:04:22,43.351936340332,-8.42620277404785,"Unknown"
"7014855",371852,2025-11-02 04:09:24,43.3519325256348,-8.4262113571167,"Unknown"
"7014855",371852,2025-11-02 04:14:24,43.3519134521484,-8.42621803283691,"Unknown"
"7014855",371852,2025-11-02 04:19:24,43.3519020080566,-8.42618370056152,"Unknown"
"7014855",371852,2025-11-02 04:24:24,43.3517990112305,-8.42617702484131,"Unknown"
"7014855",371852,2025-11-02 04:29:17,43.3516807556152,-8.42641448974609,"Unknown"
"7014855",371852,2025-11-02 04:34:24,43.3518714904785,-8.4262752532959,"Unknown"
"7014855",371852,2025-11-02 04:39:29,43.3517303466797,-8.42635917663574,"Unknown"
"7014855",371852,2025-11-02 04:44:36,43.3519592285156,-8.42621231079102,"Unknown"
"7014855",371852,2025-11-02 04:49:24,43.351993560791,-8.42620182037354,"Unknown"
"7014855",371852,2025-11-02 04:54:24,43.3519859313965,-8.42628479003906,"Unknown"
"7014855",371852,2025-11-02 04:59:24,43.3519287109375,-8.42616367340088,"Unknown"
"7014855",371852,2025-11-02 05:04:15,43.3519134521484,-8.42639064788818,"Unknown"
"7014855",371852,2025-11-02 05:09:15,43.3519020080566,-8.42626667022705,"Unknown"
"7014855",371852,2025-11-02 05:14:21,43.3519668579102,-8.4262809753418,"Unknown"
"7014855",371852,2025-11-02 05:19:15,43.3519439697266,-8.42623329162598,"Unknown"
"7014855",371852,2025-11-02 05:24:20,43.3519439697266,-8.42626476287842,"Unknown"
"7014855",371852,2025-11-02 05:29:16,43.3519668579102,-8.42630386352539,"Unknown"
"7014855",371852,2025-11-02 05:34:16,43.3519058227539,-8.42620372772217,"Unknown"
"7014855",371852,2025-11-02 05:39:15,43.3520088195801,-8.42623043060303,"Unknown"
"7014855",371852,2025-11-02 05:44:15,43.3519821166992,-8.42627620697021,"Unknown"
"7014855",371852,2025-11-02 05:49:16,43.3517608642578,-8.42597961425781,"Unknown"
"7014855",371852,2025-11-02 05:54:16,43.3519592285156,-8.42622661590576,"Unknown"
"7014855",371852,2025-11-02 05:59:16,43.3519821166992,-8.42633247375488,"Unknown"
"7014855",371852,2025-11-02 06:04:17,43.3519172668457,-8.42615032196045,"Unknown"
"7014855",371852,2025-11-02 06:09:16,43.3517799377441,-8.42598247528076,"Unknown"
"7014855",371852,2025-11-02 06:14:16,43.3518333435059,-8.42596626281738,"Unknown"
"7014855",371852,2025-11-02 06:19:15,43.3519020080566,-8.42605590820312,"Unknown"
"7014855",371852,2025-11-02 06:24:16,43.3519248962402,-8.42619228363037,"Unknown"
"7014855",371852,2025-11-02 06:29:16,43.3519859313965,-8.42637920379639,"Unknown"
"7014855",371852,2025-11-02 06:34:16,43.351921081543,-8.42618179321289,"Unknown"
"7014855",371852,2025-11-02 06:39:16,43.3519248962402,-8.42622566223145,"Unknown"
"7014855",371852,2025-11-02 06:44:17,43.3518600463867,-8.42619037628174,"Unknown"
"7014855",371852,2025-11-02 06:49:16,43.3519630432129,-8.42624282836914,"Unknown"
"7014855",371852,2025-11-02 06:54:16,43.3518524169922,-8.42608070373535,"Unknown"
"7014855",371852,2025-11-02 06:59:17,43.3518905639648,-8.42620754241943,"Unknown"
"7014855",371852,2025-11-02 07:04:17,43.3518753051758,-8.42612743377686,"Unknown"
"7014855",371852,2025-11-02 07:09:17,43.3518333435059,-8.42611408233643,"Unknown"
"7014855",371852,2025-11-02 07:14:24,43.3519439697266,-8.42591953277588,"Unknown"
"7014855",371852,2025-11-02 07:19:21,43.3519172668457,-8.42598342895508,"Unknown"
"7014855",371852,2025-11-02 07:24:18,43.3518218994141,-8.42619323730469,"Unknown"
"7014855",371852,2025-11-02 07:29:18,43.3519096374512,-8.4260950088501,"Unknown"
"7014855",371852,2025-11-02 07:34:17,43.3520698547363,-8.42595672607422,"Unknown"
"7014855",371852,2025-11-02 07:39:17,43.3518829345703,-8.42625904083252,"Unknown"
"7014855",371852,2025-11-02 07:44:17,43.3517684936523,-8.42635917663574,"Unknown"
"7014855",371852,2025-11-02 07:49:16,43.3518943786621,-8.42615032196045,"Unknown"
"7014855",371852,2025-11-02 07:54:18,43.3518943786621,-8.42619228363037,"Unknown"
"7014855",371852,2025-11-02 07:59:18,43.3518676757812,-8.42629146575928,"Unknown"
"7014855",371852,2025-11-02 08:04:24,43.3518295288086,-8.42599391937256,"Unknown"
"7014855",371852,2025-11-02 08:09:19,43.3518981933594,-8.42610931396484,"Unknown"
"7014855",371852,2025-11-02 08:14:17,43.3518333435059,-8.42615795135498,"Unknown"
"7014855",371852,2025-11-02 08:19:17,43.3518409729004,-8.42638778686523,"Unknown"
"7014855",371852,2025-11-02 08:24:21,43.3518333435059,-8.4260950088501,"Unknown"
"7014855",371852,2025-11-02 08:29:18,43.351879119873,-8.42623519897461,"Unknown"
"7014855",371852,2025-11-02 08:34:17,43.3518829345703,-8.4262866973877,"Unknown"
"7014855",371852,2025-11-02 08:39:18,43.3517875671387,-8.42614555358887,"Unknown"
"7014855",371852,2025-11-02 08:44:17,43.3519706726074,-8.42627048492432,"Unknown"
"7014855",371852,2025-11-02 08:49:17,43.3517723083496,-8.426100730896,"Unknown"
"7014855",371852,2025-11-02 08:54:17,43.3518447875977,-8.42621040344238,"Unknown"
"7014855",371852,2025-11-02 08:59:18,43.3518218994141,-8.42610359191895,"Unknown"
"7014855",371852,2025-11-02 09:04:18,43.3518295288086,-8.42654514312744,"Unknown"
"7014855",371852,2025-11-02 09:09:18,43.3518142700195,-8.4261474609375,"Unknown"
"7014855",371852,2025-11-02 09:14:17,43.351749420166,-8.42606258392334,"Unknown"
"7014855",371852,2025-11-02 09:19:35,43.3518981933594,-8.42630004882812,"Unknown"
"7014855",371852,2025-11-02 09:24:16,43.3518676757812,-8.42641162872314,"Unknown"
"7014855",371852,2025-11-02 09:29:16,43.3518905639648,-8.42644596099854,"Unknown"
"7014855",371852,2025-11-02 09:34:16,43.351936340332,-8.42637729644775,"Unknown"
"7014855",371852,2025-11-02 09:39:16,43.3519515991211,-8.42634868621826,"Unknown"
"7014855",371852,2025-11-02 09:44:16,43.3519401550293,-8.42635917663574,"Unknown"
"7014855",371852,2025-11-02 09:49:16,43.3518867492676,-8.42636585235596,"Unknown"
"7014855",371852,2025-11-02 09:54:16,43.3519020080566,-8.42632579803467,"Unknown"
"7014855",371852,2025-11-02 09:59:16,43.351863861084,-8.42644309997559,"Unknown"
"7014855",371852,2025-11-02 10:04:17,43.3519554138184,-8.42637729644775,"Unknown"
"7014855",371852,2025-11-02 10:09:18,43.3517913818359,-8.42631244659424,"Unknown"
"7014855",371852,2025-11-02 10:14:16,43.3518829345703,-8.42631721496582,"Unknown"
"7014855",371852,2025-11-02 10:19:16,43.3518676757812,-8.42627429962158,"Unknown"
"7014855",371852,2025-11-02 10:24:16,43.3519058227539,-8.42627334594727,"Unknown"
"7014855",371852,2025-11-02 10:29:35,43.3519630432129,-8.42626094818115,"Unknown"
"7014855",371852,2025-11-02 10:34:15,43.3519134521484,-8.42619514465332,"Unknown"
"7014855",371852,2025-11-02 10:39:15,43.3519515991211,-8.42614650726318,"Unknown"
"7014855",371852,2025-11-02 10:44:15,43.3519515991211,-8.42618179321289,"Unknown"
"7014855",371852,2025-11-02 10:49:15,43.3519248962402,-8.42617416381836,"Unknown"
"7014855",371852,2025-11-02 10:54:15,43.3519172668457,-8.42607116699219,"Unknown"
"7014855",371852,2025-11-02 10:59:16,43.351978302002,-8.42617225646973,"Unknown"
"7014855",371852,2025-11-02 11:04:17,43.3519554138184,-8.42624378204346,"Unknown"
"7014855",371852,2025-11-02 11:09:16,43.3520126342773,-8.42638492584229,"Unknown"
"7014855",371852,2025-11-02 11:14:16,43.3519859313965,-8.42637634277344,"Unknown"
"7014855",371852,2025-11-02 11:19:16,43.3519439697266,-8.42623615264893,"Unknown"
"7014855",371852,2025-11-02 11:24:16,43.351936340332,-8.42610549926758,"Unknown"
"7014855",371852,2025-11-02 11:29:16,43.3520202636719,-8.42656421661377,"Unknown"
"7014855",371852,2025-11-02 11:34:16,43.3519172668457,-8.42625999450684,"Unknown"
"7014855",371852,2025-11-02 11:39:16,43.3518333435059,-8.42578029632568,"Unknown"
"7014855",371852,2025-11-02 11:44:17,43.3519325256348,-8.4261417388916,"Unknown"
"7014855",371852,2025-11-02 11:49:16,43.3518486022949,-8.42576599121094,"Unknown"
"7014855",371852,2025-11-02 11:54:16,43.3519058227539,-8.42596817016602,"Unknown"
"7014855",371852,2025-11-02 11:59:16,43.3518943786621,-8.42597484588623,"Unknown"
"7014855",371852,2025-11-02 12:04:16,43.351936340332,-8.42614364624023,"Unknown"
"7014855",371852,2025-11-02 12:09:16,43.3518753051758,-8.42585372924805,"Unknown"
"7014855",371852,2025-11-02 12:14:21,43.3519134521484,-8.42615795135498,"Unknown"
"7014855",371852,2025-11-02 12:19:18,43.3541793823242,-8.43269729614258,"Unknown"
"7014855",371852,2025-11-02 12:24:21,43.3520088195801,-8.42619895935059,"Unknown"
"7014855",371852,2025-11-02 12:29:18,43.3534851074219,-8.43210506439209,"Unknown"
"7014855",371852,2025-11-02 12:34:17,43.3539009094238,-8.43290710449219,"Unknown"
"7014855",371852,2025-11-02 12:39:17,43.3535499572754,-8.43311595916748,"Unknown"
"7014855",371852,2025-11-02 12:44:25,43.3539123535156,-8.43497753143311,"Unknown"
"7014855",371852,2025-11-02 12:49:25,43.3531684875488,-8.43459606170654,"Unknown"
"7014855",371852,2025-11-02 12:54:25,43.3521156311035,-8.42641258239746,"Unknown"
"7014855",371852,2025-11-02 12:59:25,43.3520240783691,-8.42626094818115,"Unknown"
"7014855",371852,2025-11-02 13:04:22,43.3549766540527,-8.43441200256348,"Unknown"
"7014855",371852,2025-11-02 13:09:19,43.3526268005371,-8.43338012695312,"Unknown"
"7014855",371852,2025-11-02 13:14:23,43.3519096374512,-8.42605495452881,"Unknown"
"7014855",371852,2025-11-02 13:19:17,43.3519973754883,-8.42622756958008,"Unknown"
"7014855",371852,2025-11-02 13:24:16,43.3520812988281,-8.4263391494751,"Unknown"
"7014855",371852,2025-11-02 13:29:16,43.3520011901855,-8.42617797851562,"Unknown"
"7014855",371852,2025-11-02 13:34:15,43.3512725830078,-8.43823909759521,"Unknown"
"7014855",371852,2025-11-02 13:39:17,43.3519744873047,-8.42609882354736,"Unknown"
"7014855",371852,2025-11-02 13:44:21,43.351863861084,-8.42598533630371,"Unknown"
"7014855",371852,2025-11-02 13:49:17,43.3517875671387,-8.42578315734863,"Unknown"
"7014855",371852,2025-11-02 13:54:16,43.3518981933594,-8.42611885070801,"Unknown"
"7014855",371852,2025-11-02 13:59:16,43.3514633178711,-8.43684959411621,"Unknown"
"7014855",371852,2025-11-02 14:04:25,43.3519439697266,-8.42617893218994,"Unknown"
"7014855",371852,2025-11-02 14:09:16,43.3518600463867,-8.43595409393311,"Unknown"
"7014855",371852,2025-11-02 14:14:24,43.3518257141113,-8.42606163024902,"Unknown"
"7014855",371852,2025-11-02 14:19:25,43.351863861084,-8.42602062225342,"Unknown"
"7014855",371852,2025-11-02 14:24:43,43.3519554138184,-8.42607879638672,"Unknown"
"7014855",371852,2025-11-02 14:29:16,43.35205078125,-8.42612648010254,"Unknown"
"7014855",371852,2025-11-02 14:34:15,43.3519821166992,-8.42612743377686,"Unknown"
"7014855",371852,2025-11-02 14:39:17,43.3518943786621,-8.4261417388916,"Unknown"
"7014855",371852,2025-11-02 14:44:17,43.352222442627,-8.43200874328613,"Unknown"
"7014855",371852,2025-11-02 14:49:19,43.3484725952148,-8.42997455596924,"Unknown"
"7014855",371852,2025-11-02 14:54:25,43.3447265625,-8.42708015441895,"Unknown"
"7014855",371852,2025-11-02 14:59:24,43.3513336181641,-8.42570209503174,"Unknown"
"7014855",371852,2025-11-02 15:04:32,43.3519439697266,-8.42535495758057,"Unknown"
"7014855",371852,2025-11-02 15:09:23,43.3519096374512,-8.42609024047852,"Unknown"
"7014855",371852,2025-11-02 15:14:16,43.351993560791,-8.42616367340088,"Unknown"
"7014855",371852,2025-11-02 15:19:16,43.3519172668457,-8.42612934112549,"Unknown"
"7014855",371852,2025-11-02 15:24:17,43.3518714904785,-8.42592716217041,"Unknown"
"7014855",371852,2025-11-02 15:29:17,43.351806640625,-8.42622947692871,"Unknown"
"7014855",371852,2025-11-02 15:34:17,43.3519020080566,-8.42616558074951,"Unknown"
"7014855",371852,2025-11-02 15:39:17,43.3519172668457,-8.42622375488281,"Unknown"
"7014855",371852,2025-11-02 15:44:16,43.3519515991211,-8.42630958557129,"Unknown"
"7014855",371852,2025-11-02 15:49:53,43.3519515991211,-8.42624664306641,"Unknown"
"7014855",371852,2025-11-02 15:54:15,43.3519706726074,-8.42623519897461,"Unknown"
"7014855",371852,2025-11-02 15:59:15,43.3519973754883,-8.42612743377686,"Unknown"
"7014855",371852,2025-11-02 16:04:15,43.3520050048828,-8.42618179321289,"Unknown"
"7014855",371852,2025-11-02 16:09:15,43.3519554138184,-8.42617130279541,"Unknown"
"7014855",371852,2025-11-02 16:14:15,43.3519706726074,-8.4261474609375,"Unknown"
"7014855",371852,2025-11-02 16:19:15,43.3519439697266,-8.42615699768066,"Unknown"
"7014855",371852,2025-11-02 16:24:15,43.3519897460938,-8.42615413665771,"Unknown"
"7014855",371852,2025-11-02 16:29:15,43.3519477844238,-8.4261360168457,"Unknown"
"7014855",371852,2025-11-02 16:34:15,43.3520202636719,-8.42618465423584,"Unknown"
"7014855",371852,2025-11-02 16:39:15,43.3520278930664,-8.42623329162598,"Unknown"
"7014855",371852,2025-11-02 16:44:16,43.3520278930664,-8.42623615264893,"Unknown"
"7014855",371852,2025-11-02 16:49:16,43.3520355224609,-8.42620182037354,"Unknown"
"7014855",371852,2025-11-02 16:54:16,43.3519554138184,-8.42622756958008,"Unknown"
"7014855",371852,2025-11-02 16:59:16,43.3519706726074,-8.42618942260742,"Unknown"
"7014855",371852,2025-11-02 17:04:16,43.3519592285156,-8.42617130279541,"Unknown"
"7014855",371852,2025-11-02 17:09:16,43.3520317077637,-8.42617702484131,"Unknown"
"7014855",371852,2025-11-02 17:14:16,43.351993560791,-8.42622566223145,"Unknown"
"7014855",371852,2025-11-02 17:19:15,43.3519744873047,-8.42620468139648,"Unknown"
"7014855",371852,2025-11-02 17:24:16,43.3519973754883,-8.42617607116699,"Unknown"
"7014855",371852,2025-11-02 17:29:16,43.3519287109375,-8.42624282836914,"Unknown"
"7014855",371852,2025-11-02 17:34:17,43.3519134521484,-8.42613983154297,"Unknown"
"7014855",371852,2025-11-02 17:39:16,43.3519668579102,-8.42617893218994,"Unknown"
"7014855",371852,2025-11-02 17:44:18,43.3519325256348,-8.42607021331787,"Unknown"
"7014855",371852,2025-11-02 17:49:16,43.3518447875977,-8.42606830596924,"Unknown"
"7014855",371852,2025-11-02 17:54:18,43.3519134521484,-8.4262113571167,"Unknown"
"7014855",371852,2025-11-02 17:59:16,43.3518867492676,-8.42622566223145,"Unknown"
"7014855",371852,2025-11-02 18:04:16,43.3518562316895,-8.42610263824463,"Unknown"
"7014855",371852,2025-11-02 18:09:16,43.3517951965332,-8.42609596252441,"Unknown"
"7014855",371852,2025-11-02 18:14:16,43.3518142700195,-8.42606163024902,"Unknown"
"7014855",371852,2025-11-02 18:19:16,43.3519554138184,-8.42618560791016,"Unknown"
"7014855",371852,2025-11-02 18:24:16,43.3519897460938,-8.42621326446533,"Unknown"
"7014855",371852,2025-11-02 18:29:16,43.3519668579102,-8.42621231079102,"Unknown"
"7014855",371852,2025-11-02 18:34:16,43.3519744873047,-8.42621994018555,"Unknown"
"7014855",371852,2025-11-02 18:39:22,43.3519515991211,-8.42622947692871,"Unknown"
"7014855",371852,2025-11-02 18:44:17,43.3518371582031,-8.4261302947998,"Unknown"
"7014855",371852,2025-11-02 18:49:21,43.3519172668457,-8.42620277404785,"Unknown"
"7014855",371852,2025-11-02 18:54:17,43.3520202636719,-8.42637348175049,"Unknown"
"7014855",371852,2025-11-02 18:59:19,43.3509712219238,-8.42526817321777,"Unknown"
"7014855",371852,2025-11-02 19:04:22,43.3523139953613,-8.42652130126953,"Unknown"
"7014855",371852,2025-11-02 19:09:17,43.3516235351562,-8.42607307434082,"Unknown"
"7014855",371852,2025-11-02 19:14:22,43.3518676757812,-8.42685127258301,"Unknown"
"7014855",371852,2025-11-02 19:19:24,43.3520317077637,-8.42668151855469,"Unknown"
"7014855",371852,2025-11-02 19:24:24,43.3520469665527,-8.4267520904541,"Unknown"
"7014855",371852,2025-11-02 19:29:27,43.3521041870117,-8.42685890197754,"Unknown"
"7014855",371852,2025-11-02 19:34:21,43.352108001709,-8.42722511291504,"Unknown"
"7014855",371852,2025-11-02 19:39:24,43.3522605895996,-8.42695426940918,"Unknown"
"7014855",371852,2025-11-02 19:44:27,43.352237701416,-8.42691135406494,"Unknown"
"7014855",371852,2025-11-02 19:49:19,43.3446235656738,-8.4059009552002,"Unknown"
"7014855",371852,2025-11-02 19:54:22,43.3522682189941,-8.42605781555176,"Unknown"
"7014855",371852,2025-11-02 19:59:20,43.3422546386719,-8.40802383422852,"Unknown"
"7014855",371852,2025-11-02 20:04:19,43.3420944213867,-8.4074878692627,"Unknown"
"7014855",371852,2025-11-02 20:09:22,43.3509254455566,-8.42134857177734,"Unknown"
"7014855",371852,2025-11-02 20:14:22,43.3509788513184,-8.4198169708252,"Unknown"
"7014855",371852,2025-11-02 20:19:26,43.3452186584473,-8.38870525360107,"Unknown"
"7014855",371852,2025-11-02 20:24:22,43.3501739501953,-8.41875457763672,"Unknown"
"7014855",371852,2025-11-02 20:29:52,43.3520088195801,-8.42621898651123,"Unknown"
"7014855",371852,2025-11-02 20:34:15,43.3519592285156,-8.42622947692871,"Unknown"
"7014855",371852,2025-11-02 20:39:15,43.3519744873047,-8.4262580871582,"Unknown"
"7014855",371852,2025-11-02 20:44:15,43.3520088195801,-8.42624092102051,"Unknown"
"7014855",371852,2025-11-02 20:49:16,43.3519668579102,-8.42622947692871,"Unknown"
"7014855",371852,2025-11-02 20:54:15,43.3519477844238,-8.4262113571167,"Unknown"
"7014855",371852,2025-11-02 20:59:15,43.3519401550293,-8.42628288269043,"Unknown"
"7014855",371852,2025-11-02 21:04:15,43.3520011901855,-8.42622947692871,"Unknown"
"7014855",371852,2025-11-02 21:09:15,43.3519897460938,-8.4262638092041,"Unknown"
"7014855",371852,2025-11-02 21:14:15,43.3520126342773,-8.42624092102051,"Unknown"
"7014855",371852,2025-11-02 21:19:15,43.3519477844238,-8.42623805999756,"Unknown"
"7014855",371852,2025-11-02 21:24:15,43.3520050048828,-8.42618751525879,"Unknown"
"7014855",371852,2025-11-02 21:29:16,43.3520011901855,-8.42626857757568,"Unknown"
"7014855",371852,2025-11-02 21:34:16,43.3520622253418,-8.42625713348389,"Unknown"
"7014855",371852,2025-11-02 21:39:15,43.3519897460938,-8.42622089385986,"Unknown"
"7014855",371852,2025-11-02 21:44:15,43.3520584106445,-8.42626476287842,"Unknown"
"7014855",371852,2025-11-02 21:49:16,43.3521194458008,-8.42620277404785,"Unknown"
"7014855",371852,2025-11-02 21:54:15,43.3520469665527,-8.42625522613525,"Unknown"
"7014855",371852,2025-11-02 21:59:16,43.3520889282227,-8.42636299133301,"Unknown"
"7014855",371852,2025-11-02 22:04:15,43.3520240783691,-8.4262809753418,"Unknown"
"7014855",371852,2025-11-02 22:09:16,43.3520660400391,-8.42630290985107,"Unknown"
"7014855",371852,2025-11-02 22:14:15,43.3521118164062,-8.42629909515381,"Unknown"
"7014855",371852,2025-11-02 22:19:19,43.3419990539551,-8.42796993255615,"Unknown"
"7014855",371852,2025-11-02 22:24:16,43.3522796630859,-8.4257869720459,"Unknown"
"7014855",371852,2025-11-02 22:29:22,43.3473739624023,-8.43221473693848,"Unknown"
"7014855",371852,2025-11-02 22:34:17,43.3521385192871,-8.42585182189941,"Unknown"
"7014855",371852,2025-11-02 22:39:16,43.3521766662598,-8.4257698059082,"Unknown"
"7014855",371852,2025-11-02 22:44:17,43.3522491455078,-8.42566871643066,"Unknown"
"7014855",371852,2025-11-02 22:49:17,43.3521003723145,-8.42584419250488,"Unknown"
"7014855",371852,2025-11-02 22:54:19,43.3541259765625,-8.43636226654053,"Unknown"
"7014855",371852,2025-11-02 22:59:36,43.3488311767578,-8.43788433074951,"Unknown"
"7014855",371852,2025-11-02 23:04:19,43.3503227233887,-8.43740653991699,"Unknown"
"7014855",371852,2025-11-02 23:09:21,43.3520355224609,-8.42655467987061,"Unknown"
"7014855",371852,2025-11-02 23:14:26,43.3520698547363,-8.4266300201416,"Unknown"
"7014855",371852,2025-11-02 23:19:18,43.3520545959473,-8.42629623413086,"Unknown"
"7014855",371852,2025-11-02 23:24:16,43.3520622253418,-8.4263744354248,"Unknown"
"7014855",371852,2025-11-02 23:29:17,43.3521118164062,-8.42628288269043,"Unknown"
"7014855",371852,2025-11-02 23:34:17,43.351993560791,-8.4262580871582,"Unknown"
"7014855",371852,2025-11-02 23:39:18,43.3520698547363,-8.42636680603027,"Unknown"
"7014855",371852,2025-11-02 23:44:18,43.3520088195801,-8.42631721496582,"Unknown"
"7014855",371852,2025-11-02 23:49:18,43.351879119873,-8.4260835647583,"Unknown"
"7014855",371852,2025-11-02 23:54:18,43.3519248962402,-8.42601680755615,"Unknown"
"7014855",371852,2025-11-02 23:59:23,43.3519287109375,-8.42595863342285,"Unknown"
"7014855",371852,2025-11-03 00:04:18,43.354248046875,-8.44124317169189,"Unknown"
"7014855",371852,2025-11-03 00:09:23,43.3520126342773,-8.42613792419434,"Unknown"
"7014855",371852,2025-11-03 00:14:18,43.3520088195801,-8.42617702484131,"Unknown"
"7014855",371852,2025-11-03 00:19:19,43.3520317077637,-8.42616653442383,"Unknown"
"7014855",371852,2025-11-03 00:24:17,43.3520355224609,-8.42623996734619,"Unknown"
"7014855",371852,2025-11-03 00:29:32,43.3520317077637,-8.42603588104248,"Unknown"
"7014855",371852,2025-11-03 00:34:22,43.3519630432129,-8.42606258392334,"Unknown"
"7014855",371852,2025-11-03 00:39:18,43.351978302002,-8.42601776123047,"Unknown"
"7014855",371852,2025-11-03 00:44:24,43.3519058227539,-8.4261589050293,"Unknown"
"7014855",371852,2025-11-03 00:49:19,43.3521270751953,-8.43981266021729,"Unknown"
"7014855",371852,2025-11-03 00:54:19,43.3521308898926,-8.43993759155273,"Unknown"
"7014855",371852,2025-11-03 00:59:33,43.3518218994141,-8.42618751525879,"Unknown"
"7014855",371852,2025-11-03 01:04:27,43.3519248962402,-8.42621231079102,"Unknown"
"7014855",371852,2025-11-03 01:09:27,43.351879119873,-8.42615509033203,"Unknown"
"7014855",371852,2025-11-03 01:14:24,43.3519821166992,-8.42613220214844,"Unknown"
"7014855",371852,2025-11-03 01:19:26,43.3519401550293,-8.42614269256592,"Unknown"
"7014855",371852,2025-11-03 01:24:26,43.3519096374512,-8.42609310150146,"Unknown"
"7014855",371852,2025-11-03 01:29:36,43.3519325256348,-8.42612934112549,"Unknown"
"7014855",371852,2025-11-03 01:34:28,43.3519287109375,-8.4261417388916,"Unknown"
"7014855",371852,2025-11-03 01:39:17,43.3540840148926,-8.42768096923828,"Unknown"
"7014855",371852,2025-11-03 01:44:24,43.3519134521484,-8.42617893218994,"Unknown"
"7014855",371852,2025-11-03 01:49:27,43.3519554138184,-8.42615509033203,"Unknown"
"7014855",371852,2025-11-03 01:54:24,43.3519744873047,-8.42612361907959,"Unknown"
"7014855",371852,2025-11-03 01:59:24,43.3519668579102,-8.42614650726318,"Unknown"
"7014855",371852,2025-11-03 02:04:40,43.3542213439941,-8.42173385620117,"Unknown"
"7014855",371852,2025-11-03 02:09:33,43.338695526123,-8.3961763381958,"Unknown"
"7014855",371852,2025-11-03 02:14:30,43.3535194396973,-8.41529941558838,"Unknown"
"7014855",371852,2025-11-03 02:19:28,43.3433380126953,-8.40470886230469,"Unknown"
"7014855",371852,2025-11-03 02:24:26,43.3519821166992,-8.42623233795166,"Unknown"
"7014855",371852,2025-11-03 02:29:24,43.3520317077637,-8.42621421813965,"Unknown"
"7014855",371852,2025-11-03 02:34:25,43.3520164489746,-8.42623996734619,"Unknown"
"7014855",371852,2025-11-03 02:39:16,43.352108001709,-8.42635059356689,"Unknown"
"7014855",371852,2025-11-03 02:44:24,43.3520698547363,-8.42620849609375,"Unknown"
"7014855",371852,2025-11-03 02:49:21,43.3521041870117,-8.42622089385986,"Unknown"
"7014855",371852,2025-11-03 02:54:23,43.3521156311035,-8.42624092102051,"Unknown"
"7014855",371852,2025-11-03 02:59:25,43.352108001709,-8.42627716064453,"Unknown"
"7014855",371852,2025-11-03 03:04:23,43.3521347045898,-8.42627239227295,"Unknown"
"7014855",371852,2025-11-03 03:09:24,43.3521308898926,-8.4262056350708,"Unknown"
"7014855",371852,2025-11-03 03:14:27,43.352165222168,-8.42617225646973,"Unknown"
"7014855",371852,2025-11-03 03:19:30,43.3521194458008,-8.42626953125,"Unknown"
"7014855",371852,2025-11-03 03:24:53,43.3520393371582,-8.42615795135498,"Unknown"
"7014855",371852,2025-11-03 03:29:17,43.3520660400391,-8.42626571655273,"Unknown"
"7014855",371852,2025-11-03 03:34:17,43.3520622253418,-8.42618942260742,"Unknown"
"7014855",371852,2025-11-03 03:39:17,43.3521728515625,-8.42618942260742,"Unknown"
"7014855",371852,2025-11-03 03:44:17,43.3520126342773,-8.42619037628174,"Unknown"
"7014855",371852,2025-11-03 03:49:17,43.3519477844238,-8.42619705200195,"Unknown"
"7014855",371852,2025-11-03 03:54:17,43.3520393371582,-8.42616176605225,"Unknown"
"7014855",371852,2025-11-03 03:59:17,43.3519744873047,-8.42615222930908,"Unknown"
"7014855",371852,2025-11-03 04:04:17,43.3519592285156,-8.4262056350708,"Unknown"
"7014855",371852,2025-11-03 04:09:17,43.3519248962402,-8.42626667022705,"Unknown"
"7014855",371852,2025-11-03 04:14:18,43.3519134521484,-8.42624473571777,"Unknown"
"7014855",371852,2025-11-03 04:19:17,43.3518905639648,-8.42626285552979,"Unknown"
"7014855",371852,2025-11-03 04:24:17,43.351921081543,-8.42625713348389,"Unknown"
"7014855",371852,2025-11-03 04:29:17,43.351921081543,-8.42623329162598,"Unknown"
"7014855",371852,2025-11-03 04:34:17,43.3519287109375,-8.4262866973877,"Unknown"
"7014855",371852,2025-11-03 04:39:17,43.351936340332,-8.42628765106201,"Unknown"
"7014855",371852,2025-11-03 04:44:17,43.3518981933594,-8.42637538909912,"Unknown"
"7014855",371852,2025-11-03 04:49:17,43.3518600463867,-8.42630767822266,"Unknown"
"7014855",371852,2025-11-03 04:54:17,43.3519096374512,-8.42633438110352,"Unknown"
"7014855",371852,2025-11-03 04:59:17,43.3519020080566,-8.42628288269043,"Unknown"
"7014855",371852,2025-11-03 05:04:17,43.3518371582031,-8.42631912231445,"Unknown"
"7014855",371852,2025-11-03 05:09:17,43.3518562316895,-8.42611598968506,"Unknown"
"7014855",371852,2025-11-03 05:14:17,43.3518562316895,-8.42611598968506,"Unknown"
"7014855",371852,2025-11-03 05:19:19,43.3518562316895,-8.42621421813965,"Unknown"
"7014855",371852,2025-11-03 05:24:18,43.351806640625,-8.42619609832764,"Unknown"
"7014855",371852,2025-11-03 05:29:19,43.3515510559082,-8.42601490020752,"Unknown"
"7014855",371852,2025-11-03 05:34:20,43.3519592285156,-8.4261474609375,"Unknown"
"7014855",371852,2025-11-03 05:39:20,43.3519248962402,-8.42612266540527,"Unknown"
"7014855",371852,2025-11-03 05:44:18,43.351619720459,-8.42587375640869,"Unknown"
"7014855",371852,2025-11-03 05:49:20,43.3518981933594,-8.42614841461182,"Unknown"
"7014855",371852,2025-11-03 05:54:18,43.3520202636719,-8.42627334594727,"Unknown"
"7014855",371852,2025-11-03 05:59:17,43.3520088195801,-8.42632675170898,"Unknown"
"7014855",371852,2025-11-03 06:04:18,43.3520736694336,-8.42636203765869,"Unknown"
"7014855",371852,2025-11-03 06:09:17,43.3521842956543,-8.42652988433838,"Unknown"
"7014855",371852,2025-11-03 06:14:17,43.3522453308105,-8.42648601531982,"Unknown"
"7014855",371852,2025-11-03 06:19:17,43.3522834777832,-8.42647743225098,"Unknown"
"7014855",371852,2025-11-03 06:24:19,43.3523292541504,-8.42645835876465,"Unknown"
"7014855",371852,2025-11-03 06:29:17,43.3524475097656,-8.42663669586182,"Unknown"
"7014855",371852,2025-11-03 06:34:18,43.3523750305176,-8.42666053771973,"Unknown"
"7014855",371852,2025-11-03 06:39:18,43.3524627685547,-8.42666339874268,"Unknown"
"7014855",371852,2025-11-03 06:44:19,43.3523025512695,-8.42622756958008,"Unknown"
"7014855",371852,2025-11-03 06:49:19,43.3524589538574,-8.42652988433838,"Unknown"
"7014855",371852,2025-11-03 06:54:21,43.352596282959,-8.42678260803223,"Unknown"
"7014855",371852,2025-11-03 06:59:18,43.3519821166992,-8.42617511749268,"Unknown"
"7014855",371852,2025-11-03 07:04:18,43.3524208068848,-8.42662239074707,"Unknown"
"7014855",371852,2025-11-03 07:09:18,43.352409362793,-8.42664051055908,"Unknown"
"7014855",371852,2025-11-03 07:14:24,43.3524932861328,-8.42609119415283,"Unknown"
"7014855",371852,2025-11-03 07:19:25,43.3524971008301,-8.42614936828613,"Unknown"
"7014855",371852,2025-11-03 07:24:23,43.3525772094727,-8.42613124847412,"Unknown"
"7014855",371852,2025-11-03 07:29:22,43.3525123596191,-8.42610168457031,"Unknown"
"7014855",371852,2025-11-03 07:34:23,43.3524627685547,-8.42611980438232,"Unknown"
"7014855",371852,2025-11-03 07:39:25,43.3526878356934,-8.42616653442383,"Unknown"
"7014855",371852,2025-11-03 07:44:22,43.3521347045898,-8.42610359191895,"Unknown"
"7014855",371852,2025-11-03 07:49:24,43.351448059082,-8.42598438262939,"Unknown"
"7014855",371852,2025-11-03 07:54:22,43.3520812988281,-8.42611980438232,"Unknown"
"7014855",371852,2025-11-03 07:59:22,43.3520851135254,-8.42612361907959,"Unknown"
"7014855",371852,2025-11-03 08:04:24,43.35205078125,-8.42610645294189,"Unknown"
"7014855",371852,2025-11-03 08:09:24,43.3520622253418,-8.42611885070801,"Unknown"
"7014855",371852,2025-11-03 08:14:23,43.3520622253418,-8.42618942260742,"Unknown"
"7014855",371852,2025-11-03 08:19:24,43.3520698547363,-8.42620277404785,"Unknown"
"7014855",371852,2025-11-03 08:24:24,43.3520774841309,-8.42617797851562,"Unknown"
"7014855",371852,2025-11-03 08:29:24,43.3521156311035,-8.42619705200195,"Unknown"
"7014855",371852,2025-11-03 08:34:24,43.3521995544434,-8.42623424530029,"Unknown"
"7014855",371852,2025-11-03 08:39:24,43.3521614074707,-8.42622852325439,"Unknown"
"7014855",371852,2025-11-03 08:44:24,43.3522109985352,-8.42625522613525,"Unknown"
"7014855",371852,2025-11-03 08:49:24,43.3522453308105,-8.42625999450684,"Unknown"
"7014855",371852,2025-11-03 08:54:24,43.3522453308105,-8.42623996734619,"Unknown"
"7014855",371852,2025-11-03 08:59:24,43.3522109985352,-8.42624855041504,"Unknown"
"7014855",371852,2025-11-03 09:04:25,43.3522338867188,-8.42624950408936,"Unknown"
"7014855",371852,2025-11-03 09:09:18,43.3518905639648,-8.42476654052734,"Unknown"
"7014855",371852,2025-11-03 09:14:21,43.3521461486816,-8.42618846893311,"Unknown"
"7014855",371852,2025-11-03 09:19:18,43.3521308898926,-8.42617416381836,"Unknown"
"7014855",371852,2025-11-03 09:24:19,43.3521766662598,-8.42605590820312,"Unknown"
"7014855",371852,2025-11-03 09:29:19,43.3521385192871,-8.42606163024902,"Unknown"
"7014855",371852,2025-11-03 09:34:18,43.3523368835449,-8.42560768127441,"Unknown"
"7014855",371852,2025-11-03 09:39:19,43.3522529602051,-8.42593574523926,"Unknown"
"7014855",371852,2025-11-03 09:44:18,43.3525199890137,-8.42526912689209,"Unknown"
"7014855",371852,2025-11-03 09:49:21,43.3522148132324,-8.42587089538574,"Unknown"
"7014855",371852,2025-11-03 09:54:18,43.3522605895996,-8.4258975982666,"Unknown"
"7014855",371852,2025-11-03 09:59:18,43.3520927429199,-8.42608165740967,"Unknown"
"7014855",371852,2025-11-03 10:04:24,43.3518295288086,-8.42634963989258,"Unknown"
"7014855",371852,2025-11-03 10:09:22,43.3518524169922,-8.42627143859863,"Unknown"
"7014855",371852,2025-11-03 10:14:24,43.3518142700195,-8.4262752532959,"Unknown"
"7014855",371852,2025-11-03 10:19:24,43.351863861084,-8.42613792419434,"Unknown"
"7014855",371852,2025-11-03 10:24:24,43.3521156311035,-8.42657852172852,"Unknown"
"7014855",371852,2025-11-03 10:29:24,43.3515739440918,-8.42611789703369,"Unknown"
"7014855",371852,2025-11-03 10:34:24,43.351676940918,-8.42625045776367,"Unknown"
"7014855",371852,2025-11-03 10:39:25,43.3535614013672,-8.42902660369873,"Unknown"
"7014855",371852,2025-11-03 10:44:24,43.3518295288086,-8.42643737792969,"Unknown"
"7014855",371852,2025-11-03 10:49:25,43.3519058227539,-8.42656707763672,"Unknown"
"7014855",371852,2025-11-03 10:54:24,43.3517303466797,-8.42625141143799,"Unknown"
"7014855",371852,2025-11-03 10:59:24,43.3518180847168,-8.42647457122803,"Unknown"
"7014855",371852,2025-11-03 11:04:32,43.3518676757812,-8.42636013031006,"Unknown"
"7014855",371852,2025-11-03 11:09:18,43.3518142700195,-8.42637157440186,"Unknown"
"7014855",371852,2025-11-03 11:14:19,43.3517761230469,-8.42638874053955,"Unknown"
"7014855",371852,2025-11-03 11:19:19,43.3519134521484,-8.4263391494751,"Unknown"
"7014855",371852,2025-11-03 11:24:18,43.3517303466797,-8.4263801574707,"Unknown"
"7014855",371852,2025-11-03 11:29:17,43.3517837524414,-8.4263334274292,"Unknown"
"7014855",371852,2025-11-03 11:34:19,43.3519477844238,-8.42622566223145,"Unknown"
"7014855",371852,2025-11-03 11:39:18,43.3517799377441,-8.4262580871582,"Unknown"
"7014855",371852,2025-11-03 11:44:17,43.3519058227539,-8.426194190979,"Unknown"
"7014855",371852,2025-11-03 11:49:19,43.3519630432129,-8.42617130279541,"Unknown"
"7014855",371852,2025-11-03 11:54:21,43.3520050048828,-8.42623233795166,"Unknown"
"7014855",371852,2025-11-03 11:59:21,43.3519134521484,-8.42610836029053,"Unknown"
"7014855",371852,2025-11-03 12:04:19,43.3519287109375,-8.42615413665771,"Unknown"
"7014855",371852,2025-11-03 12:09:19,43.3519897460938,-8.42609786987305,"Unknown"
"7014855",371852,2025-11-03 12:14:19,43.3519477844238,-8.42605018615723,"Unknown"
"7014855",371852,2025-11-03 12:19:19,43.35205078125,-8.42617321014404,"Unknown"
"7014855",371852,2025-11-03 12:24:19,43.3519134521484,-8.42591857910156,"Unknown"
"7014855",371852,2025-11-03 12:29:18,43.3520240783691,-8.42612361907959,"Unknown"
"7014855",371852,2025-11-03 12:34:19,43.3520660400391,-8.42616939544678,"Unknown"
"7014855",371852,2025-11-03 12:39:44,43.3520584106445,-8.42625522613525,"Unknown"
"7014855",371852,2025-11-03 12:44:17,43.3520698547363,-8.42621326446533,"Unknown"
"7014855",371852,2025-11-03 12:49:17,43.3520889282227,-8.42626476287842,"Unknown"
"7014855",371852,2025-11-03 12:54:17,43.3520202636719,-8.4262113571167,"Unknown"
"7014855",371852,2025-11-03 12:59:19,43.3520927429199,-8.42624187469482,"Unknown"
"7014855",371852,2025-11-03 13:04:18,43.3520011901855,-8.42617893218994,"Unknown"
"7014855",371852,2025-11-03 13:09:17,43.3520431518555,-8.42628955841064,"Unknown"
"7014855",371852,2025-11-03 13:14:18,43.3520889282227,-8.42621898651123,"Unknown"
"7014855",371852,2025-11-03 13:19:20,43.3519821166992,-8.42628479003906,"Unknown"
"7014855",371852,2025-11-03 13:24:21,43.3521194458008,-8.42644500732422,"Unknown"
"7014855",371852,2025-11-03 13:29:20,43.3520317077637,-8.42649173736572,"Unknown"
"7014855",371852,2025-11-03 13:34:36,43.352222442627,-8.42669200897217,"Unknown"
"7014855",371852,2025-11-03 13:39:33,43.3521041870117,-8.42615509033203,"Unknown"
"7014855",371852,2025-11-03 13:44:44,43.3517951965332,-8.42618656158447,"Unknown"
"7014855",371852,2025-11-03 13:49:33,43.3518142700195,-8.42618942260742,"Unknown"
"7014855",371852,2025-11-03 13:54:21,43.3517532348633,-8.42619609832764,"Unknown"
"7014855",371852,2025-11-03 13:59:44,43.3518257141113,-8.42621326446533,"Unknown"
"7014855",371852,2025-11-03 14:04:19,43.3518409729004,-8.42625427246094,"Unknown"
"7014855",371852,2025-11-03 14:09:31,43.3518295288086,-8.42625617980957,"Unknown"
"7014855",371852,2025-11-03 14:14:22,43.3517570495605,-8.42654228210449,"Unknown"
"7014855",371852,2025-11-03 14:19:27,43.3520355224609,-8.42779350280762,"Unknown"
"7014855",371852,2025-11-03 14:24:24,43.3516235351562,-8.42226028442383,"Unknown"
"7014855",371852,2025-11-03 14:29:27,43.3517303466797,-8.42627811431885,"Unknown"
"7014855",371852,2025-11-03 14:34:53,43.3521270751953,-8.42639446258545,"Unknown"
"7014855",371852,2025-11-03 14:39:17,43.3520164489746,-8.42629814147949,"Unknown"
"7014855",371852,2025-11-03 14:44:17,43.35205078125,-8.42630481719971,"Unknown"
"7014855",371852,2025-11-03 14:49:17,43.3516273498535,-8.42531967163086,"Unknown"
"7014855",371852,2025-11-03 14:54:19,43.3521118164062,-8.4263916015625,"Unknown"
"7014855",371852,2025-11-03 14:59:21,43.3520278930664,-8.42623138427734,"Unknown"
"7014855",371852,2025-11-03 15:04:17,43.3517723083496,-8.42611789703369,"Unknown"
"7014855",371852,2025-11-03 15:09:17,43.3519020080566,-8.42611312866211,"Unknown"
"7014855",371852,2025-11-03 15:14:19,43.3518943786621,-8.4261589050293,"Unknown"
"7014855",371852,2025-11-03 15:19:17,43.3520660400391,-8.42624282836914,"Unknown"
"7014855",371852,2025-11-03 15:24:19,43.3520927429199,-8.42630195617676,"Unknown"
"7014855",371852,2025-11-03 15:29:17,43.3519897460938,-8.42621040344238,"Unknown"
"7014855",371852,2025-11-03 15:34:23,43.3520965576172,-8.4262638092041,"Unknown"
"7014855",371852,2025-11-03 15:39:44,43.3520851135254,-8.42624855041504,"Unknown"
"7014855",371852,2025-11-03 15:44:17,43.3517036437988,-8.42625045776367,"Unknown"
"7014855",371852,2025-11-03 15:49:19,43.3523826599121,-8.42629718780518,"Unknown"
"7014855",371852,2025-11-03 15:54:17,43.3523635864258,-8.42629337310791,"Unknown"
"7014855",371852,2025-11-03 15:59:17,43.3525314331055,-8.42624855041504,"Unknown"
"7014855",371852,2025-11-03 16:04:17,43.3519897460938,-8.42615985870361,"Unknown"
"7014855",371852,2025-11-03 16:09:19,43.3522148132324,-8.426194190979,"Unknown"
"7014855",371852,2025-11-03 16:14:21,43.3520698547363,-8.42626762390137,"Unknown"
"7014855",371852,2025-11-03 16:19:24,43.3521118164062,-8.42623138427734,"Unknown"
"7014855",371852,2025-11-03 16:24:21,43.3519706726074,-8.42620182037354,"Unknown"
"7014855",371852,2025-11-03 16:29:23,43.3519439697266,-8.42632007598877,"Unknown"
"7014855",371852,2025-11-03 16:34:45,43.3519897460938,-8.42613410949707,"Unknown"
"7014855",371852,2025-11-03 16:39:21,43.3520278930664,-8.42611312866211,"Unknown"
"7014855",371852,2025-11-03 16:44:19,43.3520774841309,-8.42611503601074,"Unknown"
"7014855",371852,2025-11-03 16:49:29,43.3521881103516,-8.42603015899658,"Unknown"
"7014855",371852,2025-11-03 16:54:23,43.3530693054199,-8.42574882507324,"Unknown"
"7014855",371852,2025-11-03 16:59:24,43.3521347045898,-8.42596912384033,"Unknown"
"7014855",371852,2025-11-03 17:04:17,43.3521995544434,-8.42623901367188,"Unknown"
"7014855",371852,2025-11-03 17:09:24,43.3521423339844,-8.42619514465332,"Unknown"
"7014855",371852,2025-11-03 17:14:34,43.3519973754883,-8.42632293701172,"Unknown"
"7014855",371852,2025-11-03 17:19:19,43.35205078125,-8.42626285552979,"Unknown"
"7014855",371852,2025-11-03 17:24:17,43.3523025512695,-8.42632675170898,"Unknown"
"7014855",371852,2025-11-03 17:29:24,43.3520278930664,-8.42599582672119,"Unknown"
"7014855",371852,2025-11-03 17:34:24,43.3519477844238,-8.42609882354736,"Unknown"
"7014855",371852,2025-11-03 17:39:24,43.3517951965332,-8.42629623413086,"Unknown"
"7014855",371852,2025-11-03 17:44:43,43.351921081543,-8.42623424530029,"Unknown"
"7014855",371852,2025-11-03 17:49:25,43.3519439697266,-8.42631435394287,"Unknown"
"7014855",371852,2025-11-03 17:54:24,43.3519134521484,-8.42628860473633,"Unknown"
"7014855",371852,2025-11-03 17:59:27,43.3518257141113,-8.42626285552979,"Unknown"
"7014855",371852,2025-11-03 18:04:25,43.3518218994141,-8.42630290985107,"Unknown"
"7014855",371852,2025-11-03 18:09:24,43.3517227172852,-8.42650127410889,"Unknown"
"7014855",371852,2025-11-03 18:14:25,43.351749420166,-8.42626285552979,"Unknown"
"7014855",371852,2025-11-03 18:19:25,43.3518218994141,-8.42632102966309,"Unknown"
"7014855",371852,2025-11-03 18:24:25,43.3516578674316,-8.4260892868042,"Unknown"
"7014855",371852,2025-11-03 18:29:26,43.3517532348633,-8.42640590667725,"Unknown"
"7014855",371852,2025-11-03 18:34:53,43.351993560791,-8.42621326446533,"Unknown"
"7014855",371852,2025-11-03 18:39:17,43.3519554138184,-8.42619895935059,"Unknown"
"7014855",371852,2025-11-03 18:44:17,43.3519592285156,-8.42616081237793,"Unknown"
"7014855",371852,2025-11-03 18:49:17,43.3517723083496,-8.42600727081299,"Unknown"
"7014855",371852,2025-11-03 18:54:16,43.3520088195801,-8.42630100250244,"Unknown"
"7014855",371852,2025-11-03 18:59:17,43.351978302002,-8.42618942260742,"Unknown"
"7014855",371852,2025-11-03 19:04:16,43.3520469665527,-8.42622947692871,"Unknown"
"7014855",371852,2025-11-03 19:09:17,43.351993560791,-8.4262580871582,"Unknown"
"7014855",371852,2025-11-03 19:14:19,43.3519134521484,-8.42610836029053,"Unknown"
"7014855",371852,2025-11-03 19:19:17,43.3518371582031,-8.4258451461792,"Unknown"
"7014855",371852,2025-11-03 19:24:17,43.3519706726074,-8.4261302947998,"Unknown"
"7014855",371852,2025-11-03 19:29:21,43.3519515991211,-8.42628002166748,"Unknown"
"7014855",371852,2025-11-03 19:34:18,43.3520164489746,-8.42626857757568,"Unknown"
"7014855",371852,2025-11-03 19:39:17,43.3520317077637,-8.42628192901611,"Unknown"
"7014855",371852,2025-11-03 19:44:17,43.3520431518555,-8.42637157440186,"Unknown"
"7014855",371852,2025-11-03 19:49:18,43.3519744873047,-8.4263916015625,"Unknown"
"7014855",371852,2025-11-03 19:54:17,43.3519668579102,-8.42634201049805,"Unknown"
"7014855",371852,2025-11-03 19:59:17,43.351993560791,-8.42636489868164,"Unknown"
"7014855",371852,2025-11-03 20:04:17,43.3520011901855,-8.4263391494751,"Unknown"
"7014855",371852,2025-11-03 20:09:19,43.3520088195801,-8.42622756958008,"Unknown"
"7014855",371852,2025-11-03 20:14:17,43.35205078125,-8.42636966705322,"Unknown"
"7014855",371852,2025-11-03 20:19:17,43.351993560791,-8.42635345458984,"Unknown"
"7014855",371852,2025-11-03 20:24:17,43.3519325256348,-8.42619228363037,"Unknown"
"7014855",371852,2025-11-03 20:29:17,43.3519058227539,-8.42600440979004,"Unknown"
"7014855",371852,2025-11-03 20:34:18,43.3519821166992,-8.42590236663818,"Unknown"
"7014855",371852,2025-11-03 20:39:22,43.352123260498,-8.426513671875,"Unknown"
"7014855",371852,2025-11-03 20:44:17,43.3519096374512,-8.42613792419434,"Unknown"
"7014855",371852,2025-11-03 20:49:17,43.3518676757812,-8.42604541778564,"Unknown"
"7014855",371852,2025-11-03 20:54:17,43.3517074584961,-8.42586803436279,"Unknown"
"7014855",371852,2025-11-03 20:59:18,43.3516082763672,-8.42573928833008,"Unknown"
"7014855",371852,2025-11-03 21:04:43,43.3519744873047,-8.42622756958008,"Unknown"
"7014855",371852,2025-11-03 21:09:17,43.3520317077637,-8.4262523651123,"Unknown"
"7014855",371852,2025-11-03 21:14:17,43.3519630432129,-8.42623805999756,"Unknown"
"7014855",371852,2025-11-03 21:19:22,43.3520050048828,-8.42621898651123,"Unknown"
"7014855",371852,2025-11-03 21:24:25,43.3519973754883,-8.42618179321289,"Unknown"
"7014855",371852,2025-11-03 21:29:25,43.3523101806641,-8.42606163024902,"Unknown"
"7014855",371852,2025-11-03 21:34:25,43.3517723083496,-8.4262752532959,"Unknown"
"7014855",371852,2025-11-03 21:39:25,43.3519287109375,-8.42615985870361,"Unknown"
"7014855",371852,2025-11-03 21:44:17,43.3520469665527,-8.42636680603027,"Unknown"
"7014855",371852,2025-11-03 21:49:45,43.3520240783691,-8.42635536193848,"Unknown"
"7014855",371852,2025-11-03 21:54:17,43.3520126342773,-8.42620372772217,"Unknown"
"7014855",371852,2025-11-03 21:59:25,43.3519554138184,-8.42623901367188,"Unknown"
"7014855",371852,2025-11-03 22:04:23,43.3520240783691,-8.42633056640625,"Unknown"
"7014855",371852,2025-11-03 22:09:25,43.351993560791,-8.4263391494751,"Unknown"
"7014855",371852,2025-11-03 22:14:49,43.3519592285156,-8.42633438110352,"Unknown"
"7014855",371852,2025-11-03 22:19:16,43.3519325256348,-8.42629051208496,"Unknown"
"7014855",371852,2025-11-03 22:24:16,43.3520088195801,-8.42623424530029,"Unknown"
"7014855",371852,2025-11-03 22:29:16,43.351978302002,-8.4262809753418,"Unknown"
"7014855",371852,2025-11-03 22:34:16,43.3519668579102,-8.42626285552979,"Unknown"
"7014855",371852,2025-11-03 22:39:16,43.3520050048828,-8.42623424530029,"Unknown"
"7014855",371852,2025-11-03 22:44:17,43.3523178100586,-8.42617034912109,"Unknown"
"7014855",371852,2025-11-03 22:49:17,43.3519172668457,-8.42624855041504,"Unknown"
"7014855",371852,2025-11-03 22:54:18,43.3520202636719,-8.42632865905762,"Unknown"
"7014855",371852,2025-11-03 22:59:18,43.3518867492676,-8.42630290985107,"Unknown"
"7014855",371852,2025-11-03 23:04:18,43.3519401550293,-8.42632007598877,"Unknown"
"7014855",371852,2025-11-03 23:09:18,43.3523445129395,-8.42624092102051,"Unknown"
"7014855",371852,2025-11-03 23:14:18,43.3519859313965,-8.42638683319092,"Unknown"
"7014855",371852,2025-11-03 23:19:17,43.3519096374512,-8.42636489868164,"Unknown"
"7014855",371852,2025-11-03 23:24:17,43.3519439697266,-8.42644119262695,"Unknown"
"7014855",371852,2025-11-03 23:29:21,43.3519668579102,-8.42635059356689,"Unknown"
"7014855",371852,2025-11-03 23:34:17,43.3519630432129,-8.426438331604,"Unknown"
"7014855",371852,2025-11-03 23:39:18,43.3519706726074,-8.4264612197876,"Unknown"
"7014855",371852,2025-11-03 23:44:19,43.3518981933594,-8.42642402648926,"Unknown"
"7014855",371852,2025-11-03 23:49:19,43.3519439697266,-8.4262809753418,"Unknown"
"7014855",371852,2025-11-03 23:54:17,43.351993560791,-8.42636299133301,"Unknown"
"7014855",371852,2025-11-03 23:59:17,43.3520698547363,-8.42658805847168,"Unknown"
"7014855",371852,2025-11-04 00:04:17,43.3520660400391,-8.42647552490234,"Unknown"
"7014855",371852,2025-11-04 00:09:17,43.3520278930664,-8.42644500732422,"Unknown"
"7014855",371852,2025-11-04 00:14:17,43.3519630432129,-8.42647171020508,"Unknown"
"7014855",371852,2025-11-04 00:19:17,43.352165222168,-8.42646980285645,"Unknown"
"7014855",371852,2025-11-04 00:24:17,43.3521919250488,-8.42638397216797,"Unknown"
"7014855",371852,2025-11-04 00:29:17,43.3520393371582,-8.42645454406738,"Unknown"
"7014855",371852,2025-11-04 00:34:18,43.3519554138184,-8.42640399932861,"Unknown"
"7014855",371852,2025-11-04 00:39:17,43.3520812988281,-8.42644500732422,"Unknown"
"7014855",371852,2025-11-04 00:44:17,43.3521919250488,-8.42640113830566,"Unknown"
"7014855",371852,2025-11-04 00:49:17,43.352237701416,-8.4263391494751,"Unknown"
"7014855",371852,2025-11-04 00:54:17,43.3520736694336,-8.42648410797119,"Unknown"
"7014855",371852,2025-11-04 00:59:17,43.3521423339844,-8.42640209197998,"Unknown"
"7014855",371852,2025-11-04 01:04:19,43.3518104553223,-8.42667388916016,"Unknown"
"7014855",371852,2025-11-04 01:09:17,43.3519248962402,-8.42656326293945,"Unknown"
"7014855",371852,2025-11-04 01:14:18,43.351993560791,-8.42624855041504,"Unknown"
"7014855",371852,2025-11-04 01:19:19,43.3518447875977,-8.42646217346191,"Unknown"
"7014855",371852,2025-11-04 01:24:21,43.3518981933594,-8.42642879486084,"Unknown"
"7014855",371852,2025-11-04 01:29:22,43.3518524169922,-8.42644500732422,"Unknown"
"7014855",371852,2025-11-04 01:34:22,43.3518371582031,-8.42643165588379,"Unknown"
"7014855",371852,2025-11-04 01:39:23,43.3519248962402,-8.42621231079102,"Unknown"
"7014855",371852,2025-11-04 01:44:23,43.3518447875977,-8.42635536193848,"Unknown"
"7014855",371852,2025-11-04 01:49:30,43.3518829345703,-8.42619705200195,"Unknown"
"7014855",371852,2025-11-04 01:54:24,43.3519630432129,-8.42623996734619,"Unknown"
"7014855",371852,2025-11-04 01:59:23,43.3519477844238,-8.42637920379639,"Unknown"
"7014855",371852,2025-11-04 02:04:26,43.3519859313965,-8.42616367340088,"Unknown"
"7014855",371852,2025-11-04 02:09:44,43.3519973754883,-8.42629146575928,"Unknown"
"7014855",371852,2025-11-04 02:14:17,43.3523750305176,-8.42672443389893,"Unknown"
"7014855",371852,2025-11-04 02:19:24,43.3519592285156,-8.42632293701172,"Unknown"
"7014855",371852,2025-11-04 02:24:17,43.351634979248,-8.42548274993896,"Unknown"
"7014855",371852,2025-11-04 02:29:19,43.3519668579102,-8.42623043060303,"Unknown"
"7014855",371852,2025-11-04 02:34:19,43.351749420166,-8.4263801574707,"Unknown"
"7014855",371852,2025-11-04 02:39:24,43.3518524169922,-8.42634296417236,"Unknown"
"7014855",371852,2025-11-04 02:44:24,43.3518600463867,-8.42643547058105,"Unknown"
"7014855",371852,2025-11-04 02:49:44,43.3519020080566,-8.42631244659424,"Unknown"
"7014855",371852,2025-11-04 02:54:24,43.3519020080566,-8.42626094818115,"Unknown"
"7014855",371852,2025-11-04 02:59:25,43.3518295288086,-8.42645263671875,"Unknown"
"7014855",371852,2025-11-04 03:04:25,43.3518104553223,-8.42642688751221,"Unknown"
"7014855",371852,2025-11-04 03:09:23,43.3517723083496,-8.42655467987061,"Unknown"
"7014855",371852,2025-11-04 03:14:26,43.3518371582031,-8.42625045776367,"Unknown"
"7014855",371852,2025-11-04 03:19:24,43.3519172668457,-8.42607498168945,"Unknown"
"7014855",371852,2025-11-04 03:24:27,43.3518486022949,-8.42618560791016,"Unknown"
"7014855",371852,2025-11-04 03:29:26,43.3519248962402,-8.42618751525879,"Unknown"
"7014855",371852,2025-11-04 03:34:43,43.3517951965332,-8.42617607116699,"Unknown"
"7014855",371852,2025-11-04 03:39:24,43.3518371582031,-8.42567348480225,"Unknown"
"7014855",371852,2025-11-04 03:44:27,43.3517379760742,-8.42572116851807,"Unknown"
"7014855",371852,2025-11-04 03:49:48,43.3522529602051,-8.42616653442383,"Unknown"
"7014855",371852,2025-11-04 03:54:24,43.352294921875,-8.42613410949707,"Unknown"
"7014855",371852,2025-11-04 03:59:22,43.3519287109375,-8.42614364624023,"Unknown"
"7014855",371852,2025-11-04 04:04:35,43.3519859313965,-8.4261360168457,"Unknown"
"7014855",371852,2025-11-04 04:09:40,43.3520355224609,-8.42611408233643,"Unknown"
"7014855",371852,2025-11-04 04:14:21,43.3519248962402,-8.42635059356689,"Unknown"
"7014855",371852,2025-11-04 04:19:21,43.3520431518555,-8.42619609832764,"Unknown"
"7014855",371852,2025-11-04 04:24:17,43.3520774841309,-8.42607688903809,"Unknown"
"7014855",371852,2025-11-04 04:29:23,43.3520622253418,-8.42580986022949,"Unknown"
"7014855",371852,2025-11-04 04:34:24,43.3518829345703,-8.42656421661377,"Unknown"
"7014855",371852,2025-11-04 04:39:32,43.3519630432129,-8.42675113677979,"Unknown"
"7014855",371852,2025-11-04 04:44:22,43.3520622253418,-8.42561435699463,"Unknown"
"7014855",371852,2025-11-04 04:49:47,43.35205078125,-8.42536640167236,"Unknown"
"7014855",371852,2025-11-04 04:54:44,43.3519744873047,-8.42642879486084,"Unknown"
"7014855",371852,2025-11-04 04:59:53,43.3519859313965,-8.42640781402588,"Unknown"
"7014855",371852,2025-11-04 05:04:16,43.3520011901855,-8.4263973236084,"Unknown"
"7014855",371852,2025-11-04 05:09:16,43.3520812988281,-8.42647361755371,"Unknown"
"7014855",371852,2025-11-04 05:14:18,43.351993560791,-8.42638206481934,"Unknown"
"7014855",371852,2025-11-04 05:19:17,43.3519859313965,-8.42649555206299,"Unknown"
"7014855",371852,2025-11-04 05:24:19,43.3519821166992,-8.42630100250244,"Unknown"
"7014855",371852,2025-11-04 05:29:24,43.351993560791,-8.42645454406738,"Unknown"
"7014855",371852,2025-11-04 05:34:21,43.3519821166992,-8.42641544342041,"Unknown"
"7014855",371852,2025-11-04 05:39:19,43.3519973754883,-8.42629146575928,"Unknown"
"7014855",371852,2025-11-04 05:44:31,43.351978302002,-8.42618465423584,"Unknown"
"7014855",371852,2025-11-04 05:49:24,43.3519973754883,-8.42609596252441,"Unknown"
"7014855",371852,2025-11-04 05:54:24,43.3519134521484,-8.42622566223145,"Unknown"
"7014855",371852,2025-11-04 05:59:18,43.3518333435059,-8.42616271972656,"Unknown"
"7014855",371852,2025-11-04 06:04:24,43.3518981933594,-8.42606735229492,"Unknown"
"7014855",371852,2025-11-04 06:09:44,43.3517723083496,-8.42556190490723,"Unknown"
"7014855",371852,2025-11-04 06:14:17,43.3519477844238,-8.42639350891113,"Unknown"
"7014855",371852,2025-11-04 06:19:19,43.3519477844238,-8.42612648010254,"Unknown"
"7014855",371852,2025-11-04 06:24:29,43.3520736694336,-8.42589378356934,"Unknown"
"7014855",371852,2025-11-04 06:29:25,43.3521194458008,-8.42597198486328,"Unknown"
"7014855",371852,2025-11-04 06:34:45,43.35205078125,-8.42592430114746,"Unknown"
"7014855",371852,2025-11-04 06:39:25,43.3520851135254,-8.42590141296387,"Unknown"
"7014855",371852,2025-11-04 06:44:27,43.3520164489746,-8.42587471008301,"Unknown"
"7014855",371852,2025-11-04 06:49:26,43.3519859313965,-8.42555618286133,"Unknown"
"7014855",371852,2025-11-04 06:54:25,43.3520126342773,-8.42566585540771,"Unknown"
"7014855",371852,2025-11-04 06:59:25,43.3520889282227,-8.42604923248291,"Unknown"
"7014855",371852,2025-11-04 07:04:23,43.3520011901855,-8.42611789703369,"Unknown"
"7014855",371852,2025-11-04 07:09:21,43.3521766662598,-8.42617416381836,"Unknown"
"7014855",371852,2025-11-04 07:14:21,43.3521156311035,-8.42623519897461,"Unknown"
"7014855",371852,2025-11-04 07:19:24,43.35205078125,-8.42621803283691,"Unknown"
"7014855",371852,2025-11-04 07:24:53,43.3519439697266,-8.42631721496582,"Unknown"
"7014855",371852,2025-11-04 07:29:17,43.3518295288086,-8.42659378051758,"Unknown"
"7014855",371852,2025-11-04 07:34:17,43.3518714904785,-8.42639827728271,"Unknown"
"7014855",371852,2025-11-04 07:39:18,43.3520126342773,-8.4261531829834,"Unknown"
"7014855",371852,2025-11-04 07:44:19,43.3520050048828,-8.42616653442383,"Unknown"
"7014855",371852,2025-11-04 07:49:20,43.3520240783691,-8.4262752532959,"Unknown"
"7014855",371852,2025-11-04 07:54:18,43.3519821166992,-8.42627811431885,"Unknown"
"7014855",371852,2025-11-04 07:59:22,43.3519515991211,-8.42624759674072,"Unknown"
"7014855",371852,2025-11-04 08:04:18,43.351921081543,-8.42634773254395,"Unknown"
"7014855",371852,2025-11-04 08:09:18,43.351936340332,-8.42635440826416,"Unknown"
"7014855",371852,2025-11-04 08:14:22,43.3519439697266,-8.42643547058105,"Unknown"
"7014855",371852,2025-11-04 08:19:20,43.3520050048828,-8.42643642425537,"Unknown"
"7014855",371852,2025-11-04 08:24:19,43.3519020080566,-8.42651462554932,"Unknown"
"7014855",371852,2025-11-04 08:29:19,43.3519859313965,-8.42643356323242,"Unknown"
"7014855",371852,2025-11-04 08:34:19,43.35205078125,-8.42643260955811,"Unknown"
"7014855",371852,2025-11-04 08:39:19,43.3519325256348,-8.42645168304443,"Unknown"
"7014855",371852,2025-11-04 08:44:20,43.3519668579102,-8.4264087677002,"Unknown"
"7014855",371852,2025-11-04 08:49:26,43.3519515991211,-8.42638683319092,"Unknown"
"7014855",371852,2025-11-04 08:54:19,43.3519973754883,-8.42631435394287,"Unknown"
"7014855",371852,2025-11-04 08:59:21,43.3518333435059,-8.42622947692871,"Unknown"
"7014855",371852,2025-11-04 09:04:18,43.3519248962402,-8.42624664306641,"Unknown"
"7014855",371852,2025-11-04 09:09:19,43.3519325256348,-8.42634582519531,"Unknown"
"7014855",371852,2025-11-04 09:14:18,43.3520431518555,-8.42634010314941,"Unknown"
"7014855",371852,2025-11-04 09:19:18,43.3519859313965,-8.42636394500732,"Unknown"
"7014855",371852,2025-11-04 09:24:18,43.3520393371582,-8.42632961273193,"Unknown"
"7014855",371852,2025-11-04 09:29:18,43.3520126342773,-8.42636299133301,"Unknown"
"7014855",371852,2025-11-04 09:34:20,43.3518867492676,-8.42623805999756,"Unknown"
"7014855",371852,2025-11-04 09:39:26,43.3520469665527,-8.42636108398438,"Unknown"
"7014855",371852,2025-11-04 09:44:21,43.3513145446777,-8.42563343048096,"Unknown"
"7014855",371852,2025-11-04 09:49:23,43.3518562316895,-8.42617034912109,"Unknown"
"7014855",371852,2025-11-04 09:54:20,43.3520278930664,-8.42637825012207,"Unknown"
"7014855",371852,2025-11-04 09:59:20,43.3517227172852,-8.42607688903809,"Unknown"
"7014855",371852,2025-11-04 10:04:23,43.3520240783691,-8.42660427093506,"Unknown"
"7014855",371852,2025-11-04 10:09:22,43.3519630432129,-8.4265718460083,"Unknown"
"7014855",371852,2025-11-04 10:14:42,43.3517761230469,-8.42621040344238,"Unknown"
"7014855",371852,2025-11-04 10:19:18,43.3521347045898,-8.42669010162354,"Unknown"
"7014855",371852,2025-11-04 10:24:18,43.3519592285156,-8.42651653289795,"Unknown"
"7014855",371852,2025-11-04 10:29:18,43.3520240783691,-8.42616176605225,"Unknown"
"7014855",371852,2025-11-04 10:34:19,43.3520317077637,-8.42626857757568,"Unknown"
"7014855",371852,2025-11-04 10:39:20,43.3519744873047,-8.42630672454834,"Unknown"
"7014855",371852,2025-11-04 10:44:19,43.3520431518555,-8.42629718780518,"Unknown"
"7014855",371852,2025-11-04 10:49:44,43.3520240783691,-8.42637062072754,"Unknown"
"7014855",371852,2025-11-04 10:54:18,43.3520851135254,-8.42623138427734,"Unknown"
"7014855",371852,2025-11-04 10:59:18,43.35205078125,-8.42624950408936,"Unknown"
"7014855",371852,2025-11-04 11:04:18,43.3519248962402,-8.42655277252197,"Unknown"
"7014855",371852,2025-11-04 11:09:18,43.3519706726074,-8.42673492431641,"Unknown"
"7014855",371852,2025-11-04 11:14:19,43.3517112731934,-8.4268913269043,"Unknown"
"7014855",371852,2025-11-04 11:19:21,43.3521347045898,-8.42686748504639,"Unknown"
"7014855",371852,2025-11-04 11:24:22,43.3519668579102,-8.42615795135498,"Unknown"
"7014855",371852,2025-11-04 11:29:23,43.3519439697266,-8.42617511749268,"Unknown"
"7014855",371852,2025-11-04 11:34:21,43.3518905639648,-8.42629337310791,"Unknown"
"7014855",371852,2025-11-04 11:39:29,43.3519859313965,-8.42603302001953,"Unknown"
"7014855",371852,2025-11-04 11:44:21,43.3519096374512,-8.42624664306641,"Unknown"
"7014855",371852,2025-11-04 11:49:44,43.3519248962402,-8.42700004577637,"Unknown"
"7014855",371852,2025-11-04 11:54:32,43.3518867492676,-8.42629623413086,"Unknown"
"7014855",371852,2025-11-04 11:59:19,43.3520240783691,-8.42702198028564,"Unknown"
"7014855",371852,2025-11-04 12:04:38,43.3518981933594,-8.42720603942871,"Unknown"
"7014855",371852,2025-11-04 12:09:43,43.3520393371582,-8.42614269256592,"Unknown"
"7014855",371852,2025-11-04 12:14:37,43.35205078125,-8.426025390625,"Unknown"
"7014855",371852,2025-11-04 12:19:25,43.3520088195801,-8.42596626281738,"Unknown"
"7014855",371852,2025-11-04 12:24:25,43.351993560791,-8.4262113571167,"Unknown"
"7014855",371852,2025-11-04 12:29:25,43.3519439697266,-8.42576885223389,"Unknown"
"7014855",371852,2025-11-04 12:34:28,43.3519973754883,-8.42588806152344,"Unknown"
"7014855",371852,2025-11-04 12:39:26,43.351936340332,-8.42593193054199,"Unknown"
"7014855",371852,2025-11-04 12:44:28,43.3519134521484,-8.4258394241333,"Unknown"
"7014855",371852,2025-11-04 12:49:53,43.3519897460938,-8.42619228363037,"Unknown"
"7014855",371852,2025-11-04 12:54:17,43.3520088195801,-8.42623901367188,"Unknown"
"7014855",371852,2025-11-04 12:59:17,43.3518753051758,-8.42621326446533,"Unknown"
"7014855",371852,2025-11-04 13:04:17,43.3519477844238,-8.42618179321289,"Unknown"
"7014855",371852,2025-11-04 13:09:17,43.3518753051758,-8.4262056350708,"Unknown"
"7014855",371852,2025-11-04 13:14:18,43.3519515991211,-8.42621326446533,"Unknown"
"7014855",371852,2025-11-04 13:19:17,43.351921081543,-8.4261999130249,"Unknown"
"7014855",371852,2025-11-04 13:24:17,43.3519668579102,-8.42617416381836,"Unknown"
"7014855",371852,2025-11-04 13:29:17,43.3519401550293,-8.42618560791016,"Unknown"
"7014855",371852,2025-11-04 13:34:17,43.351978302002,-8.42616367340088,"Unknown"
"7014855",371852,2025-11-04 13:39:17,43.3519096374512,-8.4261589050293,"Unknown"
"7014855",371852,2025-11-04 13:44:18,43.3519554138184,-8.42613315582275,"Unknown"
"7014855",371852,2025-11-04 13:49:18,43.3519592285156,-8.42609977722168,"Unknown"
"7014855",371852,2025-11-04 13:54:18,43.3519515991211,-8.42613887786865,"Unknown"
"7014855",371852,2025-11-04 13:59:18,43.3519706726074,-8.42616844177246,"Unknown"
"7014855",371852,2025-11-04 14:04:19,43.3519821166992,-8.42622756958008,"Unknown"
"7014855",371852,2025-11-04 14:09:18,43.351921081543,-8.42612552642822,"Unknown"
"7014855",371852,2025-11-04 14:14:18,43.351978302002,-8.42625045776367,"Unknown"
"7014855",371852,2025-11-04 14:19:18,43.351993560791,-8.42621803283691,"Unknown"
"7014855",371852,2025-11-04 14:24:17,43.3520202636719,-8.42614364624023,"Unknown"
"7014855",371852,2025-11-04 14:29:17,43.3519630432129,-8.42624664306641,"Unknown"
"7014855",371852,2025-11-04 14:34:17,43.3519897460938,-8.42623615264893,"Unknown"
"7014855",371852,2025-11-04 14:39:18,43.3519401550293,-8.42617034912109,"Unknown"
"7014855",371852,2025-11-04 14:44:17,43.3519515991211,-8.42618370056152,"Unknown"
"7014855",371852,2025-11-04 14:49:20,43.3519554138184,-8.42624092102051,"Unknown"
"7014855",371852,2025-11-04 14:54:21,43.3518981933594,-8.42613315582275,"Unknown"
"7014855",371852,2025-11-04 14:59:18,43.3517913818359,-8.42617225646973,"Unknown"
"7014855",371852,2025-11-04 15:04:18,43.3518333435059,-8.426100730896,"Unknown"
"7014855",371852,2025-11-04 15:09:18,43.351879119873,-8.42618560791016,"Unknown"
"7014855",371852,2025-11-04 15:14:19,43.3519287109375,-8.42621040344238,"Unknown"
"7014855",371852,2025-11-04 15:19:19,43.3517837524414,-8.42601108551025,"Unknown"
"7014855",371852,2025-11-04 15:24:20,43.3516044616699,-8.42626476287842,"Unknown"
"7014855",371852,2025-11-04 15:29:27,43.3515510559082,-8.42627620697021,"Unknown"
"7014855",371852,2025-11-04 15:34:26,43.3517799377441,-8.42623996734619,"Unknown"
"7014855",371852,2025-11-04 15:39:44,43.3521156311035,-8.42629432678223,"Unknown"
"7014855",371852,2025-11-04 15:44:23,43.3520164489746,-8.42537784576416,"Unknown"
"7014855",371852,2025-11-04 15:49:18,43.3522300720215,-8.42636775970459,"Unknown"
"7014855",371852,2025-11-04 15:54:31,43.3519325256348,-8.42621326446533,"Unknown"
"7014855",371852,2025-11-04 15:59:26,43.3519554138184,-8.42613220214844,"Unknown"
"7014855",371852,2025-11-04 16:04:19,43.3518981933594,-8.42625999450684,"Unknown"
"7014855",371852,2025-11-04 16:09:18,43.3520317077637,-8.42609977722168,"Unknown"
"7014855",371852,2025-11-04 16:14:19,43.3519630432129,-8.42620754241943,"Unknown"
"7014855",371852,2025-11-04 16:19:18,43.3519973754883,-8.42607975006104,"Unknown"
"7014855",371852,2025-11-04 16:24:21,43.3520622253418,-8.42596435546875,"Unknown"
"7014855",371852,2025-11-04 16:29:31,43.3520011901855,-8.42610931396484,"Unknown"
"7014855",371852,2025-11-04 16:34:53,43.3519592285156,-8.42615032196045,"Unknown"
"7014855",371852,2025-11-04 16:39:17,43.3518753051758,-8.42620372772217,"Unknown"
"7014855",371852,2025-11-04 16:44:17,43.3520278930664,-8.42610836029053,"Unknown"
"7014855",371852,2025-11-04 16:49:17,43.3519554138184,-8.42621421813965,"Unknown"
"7014855",371852,2025-11-04 16:54:17,43.351921081543,-8.42619514465332,"Unknown"
"7014855",371852,2025-11-04 16:59:17,43.3520164489746,-8.42630958557129,"Unknown"
"7014855",371852,2025-11-04 17:04:17,43.351921081543,-8.42608451843262,"Unknown"
"7014855",371852,2025-11-04 17:09:19,43.3518333435059,-8.4262523651123,"Unknown"
"7014855",371852,2025-11-04 17:14:19,43.351993560791,-8.42630767822266,"Unknown"
"7014855",371852,2025-11-04 17:19:18,43.3519706726074,-8.42622947692871,"Unknown"
"7014855",371852,2025-11-04 17:24:18,43.3518867492676,-8.42612934112549,"Unknown"
"7014855",371852,2025-11-04 17:29:19,43.3519744873047,-8.42633152008057,"Unknown"
"7014855",371852,2025-11-04 17:34:19,43.3519058227539,-8.42617797851562,"Unknown"
"7014855",371852,2025-11-04 17:39:20,43.3520240783691,-8.42625522613525,"Unknown"
"7014855",371852,2025-11-04 17:44:22,43.3518409729004,-8.42614269256592,"Unknown"
"7014855",371852,2025-11-04 17:49:21,43.3519401550293,-8.42622756958008,"Unknown"
"7014855",371852,2025-11-04 17:54:18,43.3519859313965,-8.42630195617676,"Unknown"
"7014855",371852,2025-11-04 17:59:40,43.3517761230469,-8.4259729385376,"Unknown"
"7014855",371852,2025-11-04 18:04:18,43.3517990112305,-8.42606735229492,"Unknown"
"7014855",371852,2025-11-04 18:09:17,43.3518447875977,-8.42605781555176,"Unknown"
"7014855",371852,2025-11-04 18:14:18,43.3515663146973,-8.42576599121094,"Unknown"
"7014855",371852,2025-11-04 18:19:18,43.3518905639648,-8.426100730896,"Unknown"
"7014855",371852,2025-11-04 18:24:19,43.35107421875,-8.42518329620361,"Unknown"
"7014855",371852,2025-11-04 18:29:21,43.3493423461914,-8.42291355133057,"Unknown"
"7014855",371852,2025-11-04 18:34:18,43.3498229980469,-8.42377758026123,"Unknown"
"7014855",371852,2025-11-04 18:39:20,43.3521575927734,-8.42645454406738,"Unknown"
"7014855",371852,2025-11-04 18:44:22,43.3518600463867,-8.42615127563477,"Unknown"
"7014855",371852,2025-11-04 18:49:44,43.3519554138184,-8.42618370056152,"Unknown"
"7014855",371852,2025-11-04 18:54:17,43.351993560791,-8.42620658874512,"Unknown"
"7014855",371852,2025-11-04 18:59:18,43.3520088195801,-8.42624950408936,"Unknown"
"7014855",371852,2025-11-04 19:04:17,43.3519020080566,-8.42634010314941,"Unknown"
"7014855",371852,2025-11-04 19:09:22,43.3516998291016,-8.42684268951416,"Unknown"
"7014855",371852,2025-11-04 19:14:20,43.3524131774902,-8.42571449279785,"Unknown"
"7014855",371852,2025-11-04 19:19:31,43.3520126342773,-8.42633152008057,"Unknown"
"7014855",371852,2025-11-04 19:24:25,43.3520278930664,-8.42625045776367,"Unknown"
"7014855",371852,2025-11-04 19:29:22,43.3521156311035,-8.42557144165039,"Unknown"
"7014855",371852,2025-11-04 19:34:28,43.3519554138184,-8.42624855041504,"Unknown"
"7014855",371852,2025-11-04 19:39:28,43.3517990112305,-8.42599201202393,"Unknown"
"7014855",371852,2025-11-04 19:44:24,43.3518180847168,-8.42618942260742,"Unknown"
"7014855",371852,2025-11-04 19:49:53,43.3520050048828,-8.42623233795166,"Unknown"
"7014855",371852,2025-11-04 19:54:17,43.3519554138184,-8.42619228363037,"Unknown"
"7014855",371852,2025-11-04 19:59:18,43.3517570495605,-8.42594623565674,"Unknown"
"7014855",371852,2025-11-04 20:04:17,43.3519134521484,-8.4260950088501,"Unknown"
"7014855",371852,2025-11-04 20:09:17,43.3520164489746,-8.42621803283691,"Unknown"
"7014855",371852,2025-11-04 20:14:18,43.3521194458008,-8.42638874053955,"Unknown"
"7014855",371852,2025-11-04 20:19:17,43.3519897460938,-8.42612743377686,"Unknown"
"7014855",371852,2025-11-04 20:24:18,43.3520736694336,-8.42611885070801,"Unknown"
"7014855",371852,2025-11-04 20:29:17,43.351993560791,-8.42604923248291,"Unknown"
"7014855",371852,2025-11-04 20:34:18,43.3520393371582,-8.42616558074951,"Unknown"
"7014855",371852,2025-11-04 20:39:18,43.3520431518555,-8.42609405517578,"Unknown"
"7014855",371852,2025-11-04 20:44:18,43.3520202636719,-8.42618179321289,"Unknown"
"7014855",371852,2025-11-04 20:49:19,43.3520469665527,-8.42615413665771,"Unknown"
"7014855",371852,2025-11-04 20:54:20,43.35205078125,-8.42608451843262,"Unknown"
"7014855",371852,2025-11-04 20:59:20,43.3520774841309,-8.42609405517578,"Unknown"
"7014855",371852,2025-11-04 21:04:20,43.3520545959473,-8.42604351043701,"Unknown"
"7014855",371852,2025-11-04 21:09:44,43.3519401550293,-8.42614555358887,"Unknown"
"7014855",371852,2025-11-04 21:14:30,43.3519325256348,-8.42617511749268,"Unknown"
"7014855",371852,2025-11-04 21:19:21,43.3519592285156,-8.4261589050293,"Unknown"
"7014855",371852,2025-11-04 21:24:19,43.3521499633789,-8.42601776123047,"Unknown"
"7014855",371852,2025-11-04 21:29:29,43.3519439697266,-8.42616558074951,"Unknown"
"7014855",371852,2025-11-04 21:34:22,43.3562507629395,-8.42575931549072,"Unknown"
"7014855",371852,2025-11-04 21:39:53,43.3519477844238,-8.42619323730469,"Unknown"
"7014855",371852,2025-11-04 21:44:17,43.3519172668457,-8.42618274688721,"Unknown"
"7014855",371852,2025-11-04 21:49:17,43.3519325256348,-8.42618370056152,"Unknown"
"7014855",371852,2025-11-04 21:54:17,43.3519020080566,-8.42618846893311,"Unknown"
"7014855",371852,2025-11-04 21:59:17,43.351936340332,-8.42617034912109,"Unknown"
"7014855",371852,2025-11-04 22:04:17,43.3519325256348,-8.42617797851562,"Unknown"
"7014855",371852,2025-11-04 22:09:17,43.3520774841309,-8.42610168457031,"Unknown"
"7014855",371852,2025-11-04 22:14:17,43.3520088195801,-8.42615222930908,"Unknown"
"7014855",371852,2025-11-04 22:19:17,43.3519821166992,-8.42612457275391,"Unknown"
"7014855",371852,2025-11-04 22:24:17,43.3518676757812,-8.42610645294189,"Unknown"
"7014855",371852,2025-11-04 22:29:18,43.3519592285156,-8.42607688903809,"Unknown"
"7014855",371852,2025-11-04 22:34:17,43.3518905639648,-8.42623901367188,"Unknown"
"7014855",371852,2025-11-04 22:39:18,43.3519325256348,-8.42605400085449,"Unknown"
"7014855",371852,2025-11-04 22:44:18,43.3520126342773,-8.42592334747314,"Unknown"
"7014855",371852,2025-11-04 22:49:18,43.3519744873047,-8.42620754241943,"Unknown"
"7014855",371852,2025-11-04 22:54:19,43.3519592285156,-8.42560863494873,"Unknown"
"7014855",371852,2025-11-04 22:59:44,43.3520584106445,-8.42634391784668,"Unknown"
"7014855",371852,2025-11-04 23:04:17,43.3519287109375,-8.42623233795166,"Unknown"
"7014855",371852,2025-11-04 23:09:17,43.3518562316895,-8.42638397216797,"Unknown"
"7014855",371852,2025-11-04 23:14:17,43.3520545959473,-8.42614936828613,"Unknown"
"7014855",371852,2025-11-04 23:19:17,43.3520393371582,-8.42610263824463,"Unknown"
"7014855",371852,2025-11-04 23:24:17,43.3520088195801,-8.42624378204346,"Unknown"
"7014855",371852,2025-11-04 23:29:17,43.3519401550293,-8.42624282836914,"Unknown"
"7014855",371852,2025-11-04 23:34:17,43.3518905639648,-8.42628955841064,"Unknown"
"7014855",371852,2025-11-04 23:39:17,43.3519859313965,-8.42619323730469,"Unknown"
"7014855",371852,2025-11-04 23:44:17,43.3518943786621,-8.42625999450684,"Unknown"
"7014855",371852,2025-11-04 23:49:44,43.3519821166992,-8.42620277404785,"Unknown"
"7014855",371852,2025-11-04 23:54:17,43.3520126342773,-8.42623043060303,"Unknown"
"7014855",371852,2025-11-04 23:59:17,43.3519515991211,-8.42607021331787,"Unknown"
"7014855",371852,2025-11-05 00:04:19,43.3519554138184,-8.42622470855713,"Unknown"
"7014855",371852,2025-11-05 00:09:19,43.3519439697266,-8.4262580871582,"Unknown"
"7014855",371852,2025-11-05 00:14:18,43.3519058227539,-8.42608833312988,"Unknown"
"7014855",371852,2025-11-05 00:19:25,43.3517150878906,-8.4259729385376,"Unknown"
"7014855",371852,2025-11-05 00:24:23,43.3519401550293,-8.42622470855713,"Unknown"
"7014855",371852,2025-11-05 00:29:18,43.351863861084,-8.42609882354736,"Unknown"
"7014855",371852,2025-11-05 00:34:19,43.3519020080566,-8.42617797851562,"Unknown"
"7014855",371852,2025-11-05 00:39:53,43.3521614074707,-8.42655658721924,"Unknown"
"7014855",371852,2025-11-05 00:44:21,43.3524398803711,-8.42701816558838,"Unknown"
"7014855",371852,2025-11-05 00:49:25,43.3520240783691,-8.42641067504883,"Unknown"
"7014855",371852,2025-11-05 00:54:24,43.3512802124023,-8.42523288726807,"Unknown"
"7014855",371852,2025-11-05 00:59:24,43.3519058227539,-8.42629623413086,"Unknown"
"7014855",371852,2025-11-05 01:04:18,43.3519477844238,-8.42631912231445,"Unknown"
"7014855",371852,2025-11-05 01:09:19,43.3519630432129,-8.42634010314941,"Unknown"
"7014855",371852,2025-11-05 01:14:18,43.3515625,-8.42647075653076,"Unknown"
"7014855",371852,2025-11-05 01:19:21,43.351619720459,-8.42648315429688,"Unknown"
"7014855",371852,2025-11-05 01:24:28,43.3518104553223,-8.42625427246094,"Unknown"
"7014855",371852,2025-11-05 01:29:18,43.3517227172852,-8.42622756958008,"Unknown"
"7014855",371852,2025-11-05 01:34:44,43.3518943786621,-8.42624378204346,"Unknown"
"7014855",371852,2025-11-05 01:39:17,43.351921081543,-8.42618942260742,"Unknown"
"7014855",371852,2025-11-05 01:44:23,43.3520698547363,-8.42618560791016,"Unknown"
"7014855",371852,2025-11-05 01:49:38,43.3519477844238,-8.42621040344238,"Unknown"
"7014855",371852,2025-11-05 01:54:18,43.3517913818359,-8.42613410949707,"Unknown"
"7014855",371852,2025-11-05 01:59:34,43.351936340332,-8.42628860473633,"Unknown"
"7014855",371852,2025-11-05 02:04:40,43.352352142334,-8.42651271820068,"Unknown"
"7014855",371852,2025-11-05 02:09:52,43.3520240783691,-8.42617893218994,"Unknown"
"7014855",371852,2025-11-05 02:14:21,43.3519554138184,-8.42621898651123,"Unknown"
"7014855",371852,2025-11-05 02:19:23,43.3520278930664,-8.42613887786865,"Unknown"
"7014855",371852,2025-11-05 02:24:19,43.3518867492676,-8.4263858795166,"Unknown"
"7014855",371852,2025-11-05 02:29:23,43.3527755737305,-8.42301845550537,"Unknown"
"7014855",371852,2025-11-05 02:34:27,43.3519630432129,-8.42614650726318,"Unknown"
"7014855",371852,2025-11-05 02:39:18,43.3521270751953,-8.42602252960205,"Unknown"
"7014855",371852,2025-11-05 02:44:21,43.3520164489746,-8.42612075805664,"Unknown"
"7014855",371852,2025-11-05 02:49:23,43.3520317077637,-8.42595291137695,"Unknown"
"7014855",371852,2025-11-05 02:54:31,43.3519248962402,-8.42609119415283,"Unknown"
"7014855",371852,2025-11-05 02:59:21,43.3517913818359,-8.42678070068359,"Unknown"
"7014855",371852,2025-11-05 03:04:21,43.3518714904785,-8.42639827728271,"Unknown"
"7014855",371852,2025-11-05 03:09:22,43.3521003723145,-8.4261360168457,"Unknown"
"7014855",371852,2025-11-05 03:14:19,43.3519058227539,-8.42616748809814,"Unknown"
"7014855",371852,2025-11-05 03:19:20,43.3519554138184,-8.42616844177246,"Unknown"
"7014855",371852,2025-11-05 03:24:45,43.3517532348633,-8.42591381072998,"Unknown"
"7014855",371852,2025-11-05 03:29:21,43.3519897460938,-8.42610931396484,"Unknown"
"7014855",371852,2025-11-05 03:34:32,43.3520278930664,-8.42601871490479,"Unknown"
"7014855",371852,2025-11-05 03:39:23,43.3521575927734,-8.42613124847412,"Unknown"
"7014855",371852,2025-11-05 03:44:22,43.3520050048828,-8.42612171173096,"Unknown"
"7014855",371852,2025-11-05 03:49:47,43.3522605895996,-8.4261589050293,"Unknown"
"7014855",371852,2025-11-05 03:54:20,43.351921081543,-8.42620372772217,"Unknown"
"7014855",371852,2025-11-05 03:59:23,43.3523254394531,-8.42621803283691,"Unknown"
"7014855",371852,2025-11-05 04:04:20,43.3517417907715,-8.42662525177002,"Unknown"
"7014855",371852,2025-11-05 04:09:22,43.3516693115234,-8.42644023895264,"Unknown"
"7014855",371852,2025-11-05 04:14:28,43.3522109985352,-8.42587280273438,"Unknown"
"7014855",371852,2025-11-05 04:19:51,43.3520011901855,-8.42616367340088,"Unknown"
"7014855",371852,2025-11-05 04:24:29,43.3519477844238,-8.42634010314941,"Unknown"
"7014855",371852,2025-11-05 04:29:30,43.3519096374512,-8.42632484436035,"Unknown"
"7014855",371852,2025-11-05 04:34:21,43.3517761230469,-8.42634868621826,"Unknown"
"7014855",371852,2025-11-05 04:39:25,43.3518981933594,-8.42622947692871,"Unknown"
"7014855",371852,2025-11-05 04:44:42,43.351993560791,-8.42587375640869,"Unknown"
"7014855",371852,2025-11-05 04:49:25,43.3520545959473,-8.42558097839355,"Unknown"
"7014855",371852,2025-11-05 04:54:50,43.3520126342773,-8.42587661743164,"Unknown"
"7014855",371852,2025-11-05 04:59:19,43.3516159057617,-8.42913436889648,"Unknown"
"7014855",371852,2025-11-05 05:04:30,43.3519897460938,-8.42621421813965,"Unknown"
"7014855",371852,2025-11-05 05:09:19,43.3519706726074,-8.42636108398438,"Unknown"
"7014855",371852,2025-11-05 05:14:27,43.3520050048828,-8.42625331878662,"Unknown"
"7014855",371852,2025-11-05 05:19:19,43.3519973754883,-8.42574214935303,"Unknown"
"7014855",371852,2025-11-05 05:24:30,43.3519821166992,-8.42619609832764,"Unknown"
"7014855",371852,2025-11-05 05:29:21,43.3520660400391,-8.42709255218506,"Unknown"
"7014855",371852,2025-11-05 05:34:30,43.3519401550293,-8.42618465423584,"Unknown"
"7014855",371852,2025-11-05 05:39:20,43.3519287109375,-8.42593669891357,"Unknown"
"7014855",371852,2025-11-05 05:44:30,43.3520050048828,-8.42621421813965,"Unknown"
"7014855",371852,2025-11-05 05:49:31,43.3520126342773,-8.42623901367188,"Unknown"
"7014855",371852,2025-11-05 05:54:30,43.3519706726074,-8.42623615264893,"Unknown"
"7014855",371852,2025-11-05 05:59:33,43.3519973754883,-8.42629051208496,"Unknown"
"7014855",371852,2025-11-05 06:04:33,43.3520355224609,-8.4262752532959,"Unknown"
"7014855",371852,2025-11-05 06:09:31,43.3519592285156,-8.42627048492432,"Unknown"
"7014855",371852,2025-11-05 06:14:31,43.3519515991211,-8.42629051208496,"Unknown"
"7014855",371852,2025-11-05 06:19:49,43.3519554138184,-8.42626667022705,"Unknown"
"7014855",371852,2025-11-05 06:24:22,43.3530960083008,-8.42733573913574,"Unknown"
"7014855",371852,2025-11-05 06:29:31,43.3518676757812,-8.42610645294189,"Unknown"
"7014855",371852,2025-11-05 06:34:33,43.3518829345703,-8.42616653442383,"Unknown"
"7014855",371852,2025-11-05 06:39:32,43.3516807556152,-8.42595481872559,"Unknown"
"7014855",371852,2025-11-05 06:44:30,43.3516578674316,-8.42593765258789,"Unknown"
"7014855",371852,2025-11-05 06:49:38,43.3511428833008,-8.42550849914551,"Unknown"
"7014855",371852,2025-11-05 06:54:53,43.3519058227539,-8.42612075805664,"Unknown"
"7014855",371852,2025-11-05 06:59:19,43.3519477844238,-8.42622375488281,"Unknown"
"7014855",371852,2025-11-05 07:04:18,43.3519401550293,-8.42620086669922,"Unknown"
"7014855",371852,2025-11-05 07:09:45,43.3519515991211,-8.42632865905762,"Unknown"
"7014855",371852,2025-11-05 07:14:23,43.3518905639648,-8.42643356323242,"Unknown"
"7014855",371852,2025-11-05 07:19:20,43.3519744873047,-8.42603969573975,"Unknown"
"7014855",371852,2025-11-05 07:24:21,43.3520126342773,-8.42654132843018,"Unknown"
"7014855",371852,2025-11-05 07:29:21,43.3520927429199,-8.42605018615723,"Unknown"
"7014855",371852,2025-11-05 07:34:30,43.3519554138184,-8.42632102966309,"Unknown"
"7014855",371852,2025-11-05 07:39:22,43.3520164489746,-8.4265718460083,"Unknown"
"7014855",371852,2025-11-05 07:44:30,43.351993560791,-8.42647171020508,"Unknown"
"7014855",371852,2025-11-05 07:49:53,43.3519439697266,-8.42628955841064,"Unknown"
"7014855",371852,2025-11-05 07:54:17,43.351879119873,-8.42622661590576,"Unknown"
"7014855",371852,2025-11-05 07:59:17,43.351863861084,-8.42612648010254,"Unknown"
"7014855",371852,2025-11-05 08:04:17,43.3518180847168,-8.42619132995605,"Unknown"
"7014855",371852,2025-11-05 08:09:18,43.3518676757812,-8.42622470855713,"Unknown"
"7014855",371852,2025-11-05 08:14:17,43.351806640625,-8.42619037628174,"Unknown"
"7014855",371852,2025-11-05 08:19:18,43.3519554138184,-8.42615032196045,"Unknown"
"7014855",371852,2025-11-05 08:24:17,43.3513221740723,-8.42528629302979,"Unknown"
"7014855",371852,2025-11-05 08:29:18,43.3520431518555,-8.42624187469482,"Unknown"
"7014855",371852,2025-11-05 08:34:19,43.3516082763672,-8.42593669891357,"Unknown"
"7014855",371852,2025-11-05 08:39:22,43.3515510559082,-8.42575359344482,"Unknown"
"7014855",371852,2025-11-05 08:44:17,43.3521423339844,-8.42640209197998,"Unknown"
"7014855",371852,2025-11-05 08:49:44,43.3519744873047,-8.42627048492432,"Unknown"
"7014855",371852,2025-11-05 08:54:17,43.3520011901855,-8.42629337310791,"Unknown"
"7014855",371852,2025-11-05 08:59:17,43.3519630432129,-8.4263219833374,"Unknown"
"7014855",371852,2025-11-05 09:04:17,43.3520126342773,-8.42635822296143,"Unknown"
"7014855",371852,2025-11-05 09:09:17,43.3520393371582,-8.42631816864014,"Unknown"
"7014855",371852,2025-11-05 09:14:17,43.3520698547363,-8.42648792266846,"Unknown"
"7014855",371852,2025-11-05 09:19:18,43.3520584106445,-8.42634582519531,"Unknown"
"7014855",371852,2025-11-05 09:24:17,43.3521156311035,-8.4265661239624,"Unknown"
"7014855",371852,2025-11-05 09:29:18,43.3521614074707,-8.42658424377441,"Unknown"
"7014855",371852,2025-11-05 09:34:18,43.3521308898926,-8.42645835876465,"Unknown"
"7014855",371852,2025-11-05 09:39:17,43.3522872924805,-8.42665767669678,"Unknown"
"7014855",371852,2025-11-05 09:44:18,43.352108001709,-8.42645740509033,"Unknown"
"7014855",371852,2025-11-05 09:49:44,43.3521308898926,-8.42651271820068,"Unknown"
"7014855",371852,2025-11-05 09:54:17,43.3519706726074,-8.42629814147949,"Unknown"
"7014855",371852,2025-11-05 09:59:29,43.3520851135254,-8.42611312866211,"Unknown"
"7014855",371852,2025-11-05 10:04:32,43.3521003723145,-8.426100730896,"Unknown"
"7014855",371852,2025-11-05 10:09:31,43.3521614074707,-8.42611026763916,"Unknown"
"7014855",371852,2025-11-05 10:14:23,43.3514671325684,-8.42610454559326,"Unknown"
"7014855",371852,2025-11-05 10:19:20,43.3520317077637,-8.42625045776367,"Unknown"
"7014855",371852,2025-11-05 10:24:35,43.3517761230469,-8.42635345458984,"Unknown"
"7014855",371852,2025-11-05 10:29:45,43.3536567687988,-8.42728805541992,"Unknown"
"7014855",371852,2025-11-05 10:34:05,43.3494186401367,-8.42475128173828,"Unknown"
"7014855",371852,2025-11-05 10:39:04,43.3459358215332,-8.42084312438965,"Unknown"
"7014855",371852,2025-11-05 10:44:04,43.3438682556152,-8.41780281066895,"Unknown"
"7014855",371852,2025-11-05 10:49:58,43.3518371582031,-8.42619800567627,"Unknown"
"7014855",371852,2025-11-05 10:54:24,43.3518028259277,-8.42623710632324,"Unknown"
"7014855",371852,2025-11-05 10:59:55,43.3516693115234,-8.42617034912109,"Unknown"
"7014855",371852,2025-11-05 11:04:21,43.3519058227539,-8.42618751525879,"Unknown"
"7014855",371852,2025-11-05 11:09:17,43.3520736694336,-8.42630004882812,"Unknown"
"7014855",371852,2025-11-05 11:14:17,43.3519287109375,-8.42623424530029,"Unknown"
"7014855",371852,2025-11-05 11:19:04,43.3519897460938,-8.42630004882812,"Unknown"
"7014855",371852,2025-11-05 11:24:04,43.3518943786621,-8.42636871337891,"Unknown"
"7014855",371852,2025-11-05 11:29:16,43.3518753051758,-8.42621898651123,"Unknown"
"7014855",371852,2025-11-05 11:34:04,43.3519477844238,-8.42619228363037,"Unknown"
"7014855",371852,2025-11-05 11:40:26,43.3519134521484,-8.42616081237793,"Unknown"
"7014855",371852,2025-11-05 11:44:44,43.3519859313965,-8.42624664306641,"Unknown"
"7014855",371852,2025-11-05 11:49:45,43.3518676757812,-8.42613792419434,"Unknown"
"7014855",371852,2025-11-05 11:54:45,43.3518981933594,-8.42626190185547,"Unknown"
"7014855",371852,2025-11-05 11:59:44,43.351863861084,-8.42613697052002,"Unknown"
"7014855",371852,2025-11-05 12:04:32,43.3519401550293,-8.4260835647583,"Unknown"
"7014855",371852,2025-11-05 12:09:32,43.3520088195801,-8.4263744354248,"Unknown"
"7014855",371852,2025-11-05 12:14:32,43.3520584106445,-8.42639064788818,"Unknown"
"7014855",371852,2025-11-05 12:19:32,43.352352142334,-8.42694854736328,"Unknown"
"7014855",371852,2025-11-05 12:24:32,43.3520431518555,-8.42636585235596,"Unknown"
"7014855",371852,2025-11-05 12:29:32,43.3518257141113,-8.42587471008301,"Unknown"
"7014855",371852,2025-11-05 12:34:36,43.3515510559082,-8.42532062530518,"Unknown"
"7014855",371852,2025-11-05 12:39:44,43.351978302002,-8.42617607116699,"Unknown"
"7014855",371852,2025-11-05 12:44:32,43.3519821166992,-8.42620086669922,"Unknown"
"7014855",371852,2025-11-05 12:49:32,43.3518180847168,-8.42567253112793,"Unknown"
"7014855",371852,2025-11-05 12:54:33,43.3520126342773,-8.42636966705322,"Unknown"
"7014855",371852,2025-11-05 12:59:32,43.3519554138184,-8.42605304718018,"Unknown"
"7014855",371852,2025-11-05 13:04:33,43.351936340332,-8.42613983154297,"Unknown"
"7014855",371852,2025-11-05 13:09:32,43.3520240783691,-8.42604160308838,"Unknown"
"7014855",371852,2025-11-05 13:14:33,43.3519821166992,-8.42596340179443,"Unknown"
"7014855",371852,2025-11-05 13:19:35,43.3520164489746,-8.42596054077148,"Unknown"
"7014855",371852,2025-11-05 13:24:44,43.3519401550293,-8.42628288269043,"Unknown"
"7014855",371852,2025-11-05 13:29:44,43.3519248962402,-8.42638969421387,"Unknown"
"7014855",371852,2025-11-05 13:34:44,43.3519325256348,-8.4262809753418,"Unknown"
"7014855",371852,2025-11-05 13:39:44,43.3520202636719,-8.42597961425781,"Unknown"
"7014855",371852,2025-11-05 13:45:01,43.3520050048828,-8.42599582672119,"Unknown"
"7014855",371852,2025-11-05 13:50:06,43.3520011901855,-8.42615985870361,"Unknown"
"7014855",371852,2025-11-05 13:54:17,43.351993560791,-8.42620658874512,"Unknown"
"7014855",371852,2025-11-05 13:59:17,43.3519973754883,-8.42610454559326,"Unknown"
"7014855",371852,2025-11-05 14:04:17,43.3519744873047,-8.42606163024902,"Unknown"
"7014855",371852,2025-11-05 14:09:17,43.351936340332,-8.42613506317139,"Unknown"
"7014855",371852,2025-11-05 14:14:17,43.3519744873047,-8.42609310150146,"Unknown"
"7014855",371852,2025-11-05 14:19:18,43.3519706726074,-8.42618656158447,"Unknown"
"7014855",371852,2025-11-05 14:24:17,43.3520088195801,-8.42622089385986,"Unknown"
"7014855",371852,2025-11-05 14:29:19,43.3520088195801,-8.42606639862061,"Unknown"
"7014855",371852,2025-11-05 14:34:21,43.3519668579102,-8.42598724365234,"Unknown"
"7014855",371852,2025-11-05 14:39:18,43.3520011901855,-8.42611312866211,"Unknown"
"7014855",371852,2025-11-05 14:44:20,43.3520088195801,-8.42621994018555,"Unknown"
"7014855",371852,2025-11-05 14:50:14,43.3520698547363,-8.42624282836914,"Unknown"
"7014855",371852,2025-11-05 14:54:17,43.3520278930664,-8.4262809753418,"Unknown"
"7014855",371852,2025-11-05 14:59:17,43.3520011901855,-8.42620372772217,"Unknown"
"7014855",371852,2025-11-05 15:04:18,43.3520736694336,-8.42630290985107,"Unknown"
"7014855",371852,2025-11-05 15:09:19,43.3520965576172,-8.42635631561279,"Unknown"
"7014855",371852,2025-11-05 15:14:18,43.3521308898926,-8.42629528045654,"Unknown"
"7014855",371852,2025-11-05 15:19:17,43.35205078125,-8.42625045776367,"Unknown"
"7014855",371852,2025-11-05 15:24:17,43.3520278930664,-8.42625617980957,"Unknown"
"7014855",371852,2025-11-05 15:29:17,43.3520965576172,-8.42634010314941,"Unknown"
"7014855",371852,2025-11-05 15:34:17,43.3520660400391,-8.42634391784668,"Unknown"
"7014855",371852,2025-11-05 15:39:18,43.3520812988281,-8.42630386352539,"Unknown"
"7014855",371852,2025-11-05 15:44:18,43.3520317077637,-8.42663383483887,"Unknown"
"7014855",371852,2025-11-05 15:49:25,43.3519668579102,-8.42608165740967,"Unknown"
"7014855",371852,2025-11-05 15:54:23,43.3519439697266,-8.42663478851318,"Unknown"
"7014855",371852,2025-11-05 15:59:25,43.3520126342773,-8.42605113983154,"Unknown"
"7014855",371852,2025-11-05 16:04:30,43.3511047363281,-8.42505264282227,"Unknown"
"7014855",371852,2025-11-05 16:09:44,43.3521308898926,-8.42616939544678,"Unknown"
"7014855",371852,2025-11-05 16:14:18,43.3521003723145,-8.42613887786865,"Unknown"
"7014855",371852,2025-11-05 16:19:18,43.352123260498,-8.42619895935059,"Unknown"
"7014855",371852,2025-11-05 16:24:17,43.3521881103516,-8.42610549926758,"Unknown"
"7014855",371852,2025-11-05 16:29:17,43.3520431518555,-8.42612838745117,"Unknown"
"7014855",371852,2025-11-05 16:34:20,43.3520393371582,-8.42626285552979,"Unknown"
"7014855",371852,2025-11-05 16:39:17,43.3520622253418,-8.4263334274292,"Unknown"
"7014855",371852,2025-11-05 16:44:18,43.3520851135254,-8.42621040344238,"Unknown"
"7014855",371852,2025-11-05 16:49:44,43.3520889282227,-8.42625904083252,"Unknown"
"7014855",371852,2025-11-05 16:54:44,43.3520736694336,-8.42621517181396,"Unknown"
"7014855",371852,2025-11-05 16:59:22,43.3519401550293,-8.42673397064209,"Unknown"
"7014855",371852,2025-11-05 17:04:20,43.3520202636719,-8.42645359039307,"Unknown"
"7014855",371852,2025-11-05 17:09:20,43.3518981933594,-8.42651462554932,"Unknown"
"7014855",371852,2025-11-05 17:14:23,43.3519668579102,-8.42639541625977,"Unknown"
"7014855",371852,2025-11-05 17:19:22,43.3521766662598,-8.42630767822266,"Unknown"
"7014855",371852,2025-11-05 17:24:44,43.3521385192871,-8.42630863189697,"Unknown"
"7014855",371852,2025-11-05 17:29:17,43.3522644042969,-8.42614459991455,"Unknown"
"7014855",371852,2025-11-05 17:34:17,43.3520622253418,-8.42625999450684,"Unknown"
"7014855",371852,2025-11-05 17:39:18,43.3522033691406,-8.42638874053955,"Unknown"
"7014855",371852,2025-11-05 17:44:18,43.3522491455078,-8.42634963989258,"Unknown"
"7014855",371852,2025-11-05 17:49:59,43.3519515991211,-8.42631053924561,"Unknown"
"7014855",371852,2025-11-05 17:54:17,43.3518753051758,-8.42636966705322,"Unknown"
"7014855",371852,2025-11-05 17:59:18,43.3519058227539,-8.42618274688721,"Unknown"
"7014855",371852,2025-11-05 18:04:18,43.3517990112305,-8.42611026763916,"Unknown"
"7014855",371852,2025-11-05 18:09:17,43.3518676757812,-8.42609405517578,"Unknown"
"7014855",371852,2025-11-05 18:14:17,43.3518524169922,-8.42577743530273,"Unknown"
"7014855",371852,2025-11-05 18:19:18,43.3517608642578,-8.42596054077148,"Unknown"
"7014855",371852,2025-11-05 18:24:17,43.3518104553223,-8.42573356628418,"Unknown"
"7014855",371852,2025-11-05 18:29:17,43.3518676757812,-8.42621612548828,"Unknown"
"7014855",371852,2025-11-05 18:34:17,43.3519020080566,-8.42609214782715,"Unknown"
"7014855",371852,2025-11-05 18:39:18,43.3519592285156,-8.42591571807861,"Unknown"
"7014855",371852,2025-11-05 18:44:17,43.351863861084,-8.42604732513428,"Unknown"
"7014855",371852,2025-11-05 18:49:44,43.3519439697266,-8.42626857757568,"Unknown"
"7014855",371852,2025-11-05 18:54:18,43.3519821166992,-8.42623329162598,"Unknown"
"7014855",371852,2025-11-05 18:59:17,43.3519897460938,-8.42631530761719,"Unknown"
"7014855",371852,2025-11-05 19:04:18,43.3518981933594,-8.4261360168457,"Unknown"
"7014855",371852,2025-11-05 19:09:18,43.352123260498,-8.42643356323242,"Unknown"
"7014855",371852,2025-11-05 19:14:20,43.352123260498,-8.42645835876465,"Unknown"
"7014855",371852,2025-11-05 19:19:18,43.3520584106445,-8.42626190185547,"Unknown"
"7014855",371852,2025-11-05 19:24:19,43.3520698547363,-8.42652702331543,"Unknown"
"7014855",371852,2025-11-05 19:29:18,43.3519020080566,-8.4263219833374,"Unknown"
"7014855",371852,2025-11-05 19:34:20,43.3519554138184,-8.42620468139648,"Unknown"
"7014855",371852,2025-11-05 19:39:19,43.3519592285156,-8.42627334594727,"Unknown"
"7014855",371852,2025-11-05 19:44:19,43.3519439697266,-8.42624282836914,"Unknown"
"7014855",371852,2025-11-05 19:49:44,43.3520355224609,-8.42630100250244,"Unknown"
"7014855",371852,2025-11-05 19:54:19,43.3520431518555,-8.42630767822266,"Unknown"
"7014855",371852,2025-11-05 19:59:18,43.3520050048828,-8.42638111114502,"Unknown"
"7014855",371852,2025-11-05 20:04:21,43.3519477844238,-8.42619514465332,"Unknown"
"7014855",371852,2025-11-05 20:09:18,43.3519859313965,-8.42625141143799,"Unknown"
"7014855",371852,2025-11-05 20:14:18,43.3519630432129,-8.42628765106201,"Unknown"
"7014855",371852,2025-11-05 20:19:18,43.3519973754883,-8.42631721496582,"Unknown"
"7014855",371852,2025-11-05 20:24:18,43.3520431518555,-8.42634201049805,"Unknown"
"7014855",371852,2025-11-05 20:29:17,43.3520622253418,-8.42642021179199,"Unknown"
"7014855",371852,2025-11-05 20:34:17,43.35205078125,-8.42633724212646,"Unknown"
"7014855",371852,2025-11-05 20:39:18,43.3520317077637,-8.42642498016357,"Unknown"
"7014855",371852,2025-11-05 20:44:19,43.3520355224609,-8.42605876922607,"Unknown"
"7014855",371852,2025-11-05 20:49:44,43.3520088195801,-8.42630863189697,"Unknown"
"7014855",371852,2025-11-05 20:54:18,43.3520660400391,-8.42632293701172,"Unknown"
"7014855",371852,2025-11-05 20:59:18,43.3521194458008,-8.4263391494751,"Unknown"
"7014855",371852,2025-11-05 21:04:18,43.3520317077637,-8.42630577087402,"Unknown"
"7014855",371852,2025-11-05 21:09:18,43.3518829345703,-8.42632102966309,"Unknown"
"7014855",371852,2025-11-05 21:14:19,43.3519592285156,-8.42629432678223,"Unknown"
"7014855",371852,2025-11-05 21:19:18,43.3521766662598,-8.42639541625977,"Unknown"
"7014855",371852,2025-11-05 21:24:24,43.3521575927734,-8.42639255523682,"Unknown"
"7014855",371852,2025-11-05 21:29:21,43.3522415161133,-8.4264965057373,"Unknown"
"7014855",371852,2025-11-05 21:34:18,43.3519592285156,-8.42620754241943,"Unknown"
"7014855",371852,2025-11-05 21:39:29,43.3522033691406,-8.42638397216797,"Unknown"
"7014855",371852,2025-11-05 21:44:18,43.3525543212891,-8.42667579650879,"Unknown"
"7014855",371852,2025-11-05 21:49:44,43.3522567749023,-8.42660808563232,"Unknown"
"7014855",371852,2025-11-05 21:54:31,43.3523559570312,-8.42671775817871,"Unknown"
"7014855",371852,2025-11-05 21:59:31,43.3526573181152,-8.42705154418945,"Unknown"
"7014855",371852,2025-11-05 22:04:35,43.3533706665039,-8.42794227600098,"Unknown"
"7014855",371852,2025-11-05 22:09:47,43.3514518737793,-8.42561340332031,"Unknown"
"7014855",371852,2025-11-05 22:14:53,43.3519973754883,-8.42621517181396,"Unknown"
"7014855",371852,2025-11-05 22:19:17,43.3519592285156,-8.42623996734619,"Unknown"
"7014855",371852,2025-11-05 22:24:17,43.3518714904785,-8.42631244659424,"Unknown"
"7014855",371852,2025-11-05 22:29:17,43.3518981933594,-8.42628288269043,"Unknown"
"7014855",371852,2025-11-05 22:34:18,43.3519554138184,-8.42619609832764,"Unknown"
"7014855",371852,2025-11-05 22:39:18,43.351921081543,-8.42622947692871,"Unknown"
"7014855",371852,2025-11-05 22:44:18,43.351921081543,-8.42619228363037,"Unknown"
"7014855",371852,2025-11-05 22:49:18,43.3519821166992,-8.42627716064453,"Unknown"
"7014855",371852,2025-11-05 22:54:18,43.3520545959473,-8.42623805999756,"Unknown"
"7014855",371852,2025-11-05 22:59:18,43.3519287109375,-8.42627239227295,"Unknown"
"7014855",371852,2025-11-05 23:04:18,43.3519859313965,-8.42625427246094,"Unknown"
"7014855",371852,2025-11-05 23:09:19,43.3519554138184,-8.42625331878662,"Unknown"
"7014855",371852,2025-11-05 23:14:19,43.3519439697266,-8.42610931396484,"Unknown"
"7014855",371852,2025-11-05 23:19:21,43.3518753051758,-8.42623901367188,"Unknown"
"7014855",371852,2025-11-05 23:24:38,43.3519477844238,-8.42631244659424,"Unknown"
"7014855",371852,2025-11-05 23:29:21,43.3519592285156,-8.42631530761719,"Unknown"
"7014855",371852,2025-11-05 23:34:19,43.3519744873047,-8.4263744354248,"Unknown"
"7014855",371852,2025-11-05 23:39:20,43.3519401550293,-8.42631816864014,"Unknown"
"7014855",371852,2025-11-05 23:44:19,43.3520164489746,-8.42627906799316,"Unknown"
"7014855",371852,2025-11-05 23:49:18,43.3520164489746,-8.42637157440186,"Unknown"
"7014855",371852,2025-11-05 23:54:18,43.3519859313965,-8.42633724212646,"Unknown"
"7014855",371852,2025-11-05 23:59:18,43.3519630432129,-8.42629241943359,"Unknown"
"7014855",371852,2025-11-06 00:04:18,43.3520698547363,-8.42644214630127,"Unknown"
"7014855",371852,2025-11-06 00:09:20,43.3521728515625,-8.42653179168701,"Unknown"
"7014855",371852,2025-11-06 00:14:22,43.3521842956543,-8.42667484283447,"Unknown"
"7014855",371852,2025-11-06 00:19:21,43.3516159057617,-8.42552185058594,"Unknown"
"7014855",371852,2025-11-06 00:24:20,43.3511238098145,-8.42442893981934,"Unknown"
"7014855",371852,2025-11-06 00:29:31,43.3519477844238,-8.42621994018555,"Unknown"
"7014855",371852,2025-11-06 00:34:21,43.3520202636719,-8.42641353607178,"Unknown"
"7014855",371852,2025-11-06 00:39:19,43.3519668579102,-8.42636966705322,"Unknown"
"7014855",371852,2025-11-06 00:44:19,43.3520011901855,-8.42632293701172,"Unknown"
"7014855",371852,2025-11-06 00:49:19,43.3519897460938,-8.426344871521,"Unknown"
"7014855",371852,2025-11-06 00:54:20,43.351921081543,-8.42627716064453,"Unknown"
"7014855",371852,2025-11-06 00:59:20,43.3519706726074,-8.42623138427734,"Unknown"
"7014855",371852,2025-11-06 01:04:21,43.3519744873047,-8.42630195617676,"Unknown"
"7014855",371852,2025-11-06 01:09:45,43.3520698547363,-8.42574310302734,"Unknown"
"7014855",371852,2025-11-06 01:14:31,43.3519630432129,-8.42631435394287,"Unknown"
"7014855",371852,2025-11-06 01:19:31,43.3519897460938,-8.42627429962158,"Unknown"
"7014855",371852,2025-11-06 01:24:18,43.3520622253418,-8.42615509033203,"Unknown"
"7014855",371852,2025-11-06 01:29:18,43.3519172668457,-8.42636108398438,"Unknown"
"7014855",371852,2025-11-06 01:34:28,43.3518943786621,-8.42637729644775,"Unknown"
"7014855",371852,2025-11-06 01:39:28,43.3519706726074,-8.42633438110352,"Unknown"
"7014855",371852,2025-11-06 01:44:21,43.3519821166992,-8.42610168457031,"Unknown"
"7014855",371852,2025-11-06 01:49:31,43.3519897460938,-8.4262809753418,"Unknown"
"7014855",371852,2025-11-06 01:54:31,43.3520545959473,-8.42611980438232,"Unknown"
"7014855",371852,2025-11-06 01:59:31,43.3519821166992,-8.42648506164551,"Unknown"
"7014855",371852,2025-11-06 02:04:31,43.3520240783691,-8.42625141143799,"Unknown"
"7014855",371852,2025-11-06 02:09:31,43.35205078125,-8.42634296417236,"Unknown"
"7014855",371852,2025-11-06 02:14:44,43.3520278930664,-8.42621326446533,"Unknown"
"7014855",371852,2025-11-06 02:19:53,43.3520278930664,-8.42618179321289,"Unknown"
"7014855",371852,2025-11-06 02:25:11,43.3519172668457,-8.42622852325439,"Unknown"
"7014855",371852,2025-11-06 02:29:19,43.3521194458008,-8.42630672454834,"Unknown"
"7014855",371852,2025-11-06 02:34:22,43.3519325256348,-8.42617702484131,"Unknown"
"7014855",371852,2025-11-06 02:39:22,43.3520011901855,-8.42615985870361,"Unknown"
"7014855",371852,2025-11-06 02:44:22,43.3521385192871,-8.42622089385986,"Unknown"
"7014855",371852,2025-11-06 02:49:44,43.3520355224609,-8.42623805999756,"Unknown"
"7014855",371852,2025-11-06 02:54:19,43.3520355224609,-8.42650985717773,"Unknown"
"7014855",371852,2025-11-06 02:59:23,43.3519515991211,-8.42647743225098,"Unknown"
"7014855",371852,2025-11-06 03:04:22,43.3516616821289,-8.4268627166748,"Unknown"
"7014855",371852,2025-11-06 03:09:21,43.3517265319824,-8.42679595947266,"Unknown"
"7014855",371852,2025-11-06 03:14:20,43.351734161377,-8.42615222930908,"Unknown"
"7014855",371852,2025-11-06 03:19:23,43.3519744873047,-8.42620849609375,"Unknown"
"7014855",371852,2025-11-06 03:24:31,43.3515510559082,-8.42625331878662,"Unknown"
"7014855",371852,2025-11-06 03:29:23,43.3516578674316,-8.42629909515381,"Unknown"
"7014855",371852,2025-11-06 03:34:22,43.3517990112305,-8.42633247375488,"Unknown"
"7014855",371852,2025-11-06 03:39:20,43.3514556884766,-8.42617225646973,"Unknown"
"7014855",371852,2025-11-06 03:44:20,43.3512306213379,-8.42632389068604,"Unknown"
"7014855",371852,2025-11-06 03:49:20,43.351692199707,-8.42652893066406,"Unknown"
"7014855",371852,2025-11-06 03:54:19,43.351734161377,-8.42645263671875,"Unknown"
"7014855",371852,2025-11-06 03:59:20,43.351676940918,-8.42639541625977,"Unknown"
"7014855",371852,2025-11-06 04:04:19,43.3520050048828,-8.42621326446533,"Unknown"
"7014855",371852,2025-11-06 04:09:19,43.3518943786621,-8.42619037628174,"Unknown"
"7014855",371852,2025-11-06 04:14:19,43.3519744873047,-8.42619323730469,"Unknown"
"7014855",371852,2025-11-06 04:19:19,43.3520126342773,-8.42632007598877,"Unknown"
"7014855",371852,2025-11-06 04:24:19,43.3519172668457,-8.42628288269043,"Unknown"
"7014855",371852,2025-11-06 04:29:19,43.3518486022949,-8.42618179321289,"Unknown"
"7014855",371852,2025-11-06 04:34:22,43.3517265319824,-8.42608833312988,"Unknown"
"7014855",371852,2025-11-06 04:39:19,43.3517913818359,-8.42619132995605,"Unknown"
"7014855",371852,2025-11-06 04:44:22,43.351936340332,-8.42616081237793,"Unknown"
"7014855",371852,2025-11-06 04:49:28,43.3520011901855,-8.42619514465332,"Unknown"
"7014855",371852,2025-11-06 04:54:24,43.3530464172363,-8.42684650421143,"Unknown"
"7014855",371852,2025-11-06 04:59:23,43.3525657653809,-8.42662143707275,"Unknown"
"7014855",371852,2025-11-06 05:04:21,43.3528480529785,-8.42685222625732,"Unknown"
"7014855",371852,2025-11-06 05:09:21,43.352668762207,-8.42667770385742,"Unknown"
"7014855",371852,2025-11-06 05:14:24,43.3523178100586,-8.42647552490234,"Unknown"
"7014855",371852,2025-11-06 05:19:44,43.3519096374512,-8.42631435394287,"Unknown"
"7014855",371852,2025-11-06 05:24:26,43.3518371582031,-8.42620944976807,"Unknown"
"7014855",371852,2025-11-06 05:29:21,43.3521270751953,-8.42655372619629,"Unknown"
"7014855",371852,2025-11-06 05:34:28,43.3521194458008,-8.42580413818359,"Unknown"
"7014855",371852,2025-11-06 05:39:25,43.3520545959473,-8.42658805847168,"Unknown"
"7014855",371852,2025-11-06 05:49:31,43.3519096374512,-8.42599773406982,"Unknown"
"7014855",371852,2025-11-06 05:54:31,43.3519630432129,-8.42622661590576,"Unknown"
"7014855",371852,2025-11-06 05:59:31,43.3518295288086,-8.42632579803467,"Unknown"
"7014855",371852,2025-11-06 06:04:31,43.3518218994141,-8.42622566223145,"Unknown"
"7014855",371852,2025-11-06 06:14:44,43.351879119873,-8.42616844177246,"Unknown"
"7014855",371852,2025-11-06 06:19:21,43.3519515991211,-8.42607975006104,"Unknown"
"7014855",371852,2025-11-06 06:24:29,43.3519020080566,-8.42617034912109,"Unknown"
"7014855",371852,2025-11-06 06:34:23,43.3520545959473,-8.42625331878662,"Unknown"
"7014855",371852,2025-11-06 06:44:22,43.3520545959473,-8.42619705200195,"Unknown"
"7014855",371852,2025-11-06 06:54:45,43.3521881103516,-8.4265079498291,"Unknown"
"7014855",371852,2025-11-06 07:04:30,43.3520889282227,-8.42636775970459,"Unknown"
"7014855",371852,2025-11-06 07:14:30,43.3520431518555,-8.42627620697021,"Unknown"
"7014855",371852,2025-11-06 07:24:30,43.3519706726074,-8.42647457122803,"Unknown"
"7014855",371852,2025-11-06 07:34:29,43.3521041870117,-8.42632293701172,"Unknown"
"7014855",371852,2025-11-06 07:44:29,43.3521041870117,-8.42629909515381,"Unknown"
"7014855",371852,2025-11-06 07:54:45,43.351993560791,-8.42629814147949,"Unknown"
"7014855",371852,2025-11-06 08:04:30,43.3520050048828,-8.42629146575928,"Unknown"
"7014855",371852,2025-11-06 08:14:30,43.3520393371582,-8.42628479003906,"Unknown"
"7014855",371852,2025-11-06 08:24:30,43.3519897460938,-8.42630481719971,"Unknown"
"7014855",371852,2025-11-06 08:34:32,43.3519744873047,-8.42634582519531,"Unknown"
"7014855",371852,2025-11-06 08:44:32,43.3520469665527,-8.42635345458984,"Unknown"
"7014855",371852,2025-11-06 08:54:45,43.351993560791,-8.42622470855713,"Unknown"
"7014855",371852,2025-11-06 09:04:31,43.3520240783691,-8.42624855041504,"Unknown"
"7014855",371852,2025-11-06 09:14:30,43.3517990112305,-8.42627048492432,"Unknown"
"7014855",371852,2025-11-06 09:24:53,43.3520812988281,-8.42620658874512,"Unknown"
"7014855",371852,2025-11-06 09:29:18,43.3521537780762,-8.4261531829834,"Unknown"
"7014855",371852,2025-11-06 09:39:20,43.3519439697266,-8.42625713348389,"Unknown"
"7014855",371852,2025-11-06 09:49:21,43.3523063659668,-8.42593288421631,"Unknown"
"7014855",371852,2025-11-06 09:54:21,43.3522300720215,-8.42604732513428,"Unknown"
"7014855",371852,2025-11-06 09:59:21,43.3520393371582,-8.42610836029053,"Unknown"
"7014855",371852,2025-11-06 10:04:21,43.3523101806641,-8.42593097686768,"Unknown"
"7014855",371852,2025-11-06 10:09:21,43.3520622253418,-8.4260950088501,"Unknown"
"7014855",371852,2025-11-06 10:14:23,43.3522109985352,-8.42601108551025,"Unknown"
"7014855",371852,2025-11-06 10:19:20,43.3519897460938,-8.42615795135498,"Unknown"
"7014855",371852,2025-11-06 10:24:23,43.3521194458008,-8.42600917816162,"Unknown"
"7014855",371852,2025-11-06 10:29:20,43.3520011901855,-8.42605400085449,"Unknown"
"7014855",371852,2025-11-06 10:34:20,43.3520164489746,-8.42606449127197,"Unknown"
"7014855",371852,2025-11-06 10:39:19,43.3520050048828,-8.42607307434082,"Unknown"
"7014855",371852,2025-11-06 10:44:19,43.3520050048828,-8.42607402801514,"Unknown"
"7014855",371852,2025-11-06 10:49:20,43.3519592285156,-8.42606067657471,"Unknown"
"7014855",371852,2025-11-06 10:54:19,43.3519706726074,-8.42608261108398,"Unknown"
"7014855",371852,2025-11-06 10:59:20,43.3519401550293,-8.42611312866211,"Unknown"
"7014855",371852,2025-11-06 11:04:20,43.3519134521484,-8.42606449127197,"Unknown"
"7014855",371852,2025-11-06 11:09:20,43.3519248962402,-8.42608642578125,"Unknown"
"7014855",371852,2025-11-06 11:14:20,43.3519592285156,-8.42612743377686,"Unknown"
"7014855",371852,2025-11-06 11:19:20,43.3519325256348,-8.42597579956055,"Unknown"
"7014855",371852,2025-11-06 11:24:20,43.3520431518555,-8.42617130279541,"Unknown"
"7014855",371852,2025-11-06 11:29:19,43.3519248962402,-8.42617797851562,"Unknown"
"7014855",371852,2025-11-06 11:34:20,43.3519477844238,-8.42620754241943,"Unknown"
"7014855",371852,2025-11-06 11:39:19,43.3519248962402,-8.42615985870361,"Unknown"
"7014855",371852,2025-11-06 11:44:20,43.351978302002,-8.42613315582275,"Unknown"
"7014855",371852,2025-11-06 11:49:20,43.3519058227539,-8.42611789703369,"Unknown"
"7014855",371852,2025-11-06 11:54:20,43.3519287109375,-8.4261474609375,"Unknown"
"7014855",371852,2025-11-06 11:59:19,43.3519096374512,-8.42624950408936,"Unknown"
"7014855",371852,2025-11-06 12:04:22,43.3519668579102,-8.42628288269043,"Unknown"
"7014855",371852,2025-11-06 12:09:19,43.3519592285156,-8.42623615264893,"Unknown"
"7014855",371852,2025-11-06 12:14:20,43.3519859313965,-8.42624568939209,"Unknown"
"7014855",371852,2025-11-06 12:19:20,43.3519554138184,-8.42628955841064,"Unknown"
"7014855",371852,2025-11-06 12:24:21,43.3519821166992,-8.42629814147949,"Unknown"
"7014855",371852,2025-11-06 12:29:19,43.3518295288086,-8.42600154876709,"Unknown"
"7014855",371852,2025-11-06 12:34:19,43.3518447875977,-8.42620086669922,"Unknown"
"7014855",371852,2025-11-06 12:39:19,43.351863861084,-8.42611217498779,"Unknown"
"7014855",371852,2025-11-06 12:44:20,43.3517532348633,-8.42607879638672,"Unknown"
"7014855",371852,2025-11-06 12:49:19,43.3517456054688,-8.42608547210693,"Unknown"
"7014855",371852,2025-11-06 12:54:19,43.3517456054688,-8.42605686187744,"Unknown"
"7014855",371852,2025-11-06 12:59:19,43.3517265319824,-8.42603302001953,"Unknown"
"7014855",371852,2025-11-06 13:04:19,43.3517189025879,-8.42603206634521,"Unknown"
"7014855",371852,2025-11-06 13:09:19,43.3517532348633,-8.42607021331787,"Unknown"
"7014855",371852,2025-11-06 13:14:19,43.3517723083496,-8.42606735229492,"Unknown"
"7014855",371852,2025-11-06 13:19:19,43.3518295288086,-8.42598724365234,"Unknown"
"7014855",371852,2025-11-06 13:24:20,43.3521003723145,-8.42593955993652,"Unknown"
"7014855",371852,2025-11-06 13:29:20,43.3519172668457,-8.42592716217041,"Unknown"
"7014855",371852,2025-11-06 13:34:21,43.3518829345703,-8.42591953277588,"Unknown"
"7014855",371852,2025-11-06 13:39:23,43.3518753051758,-8.42583084106445,"Unknown"
"7014855",371852,2025-11-06 13:44:20,43.3519592285156,-8.42596530914307,"Unknown"
"7014855",371852,2025-11-06 13:49:24,43.3519172668457,-8.4258918762207,"Unknown"
"7014855",371852,2025-11-06 13:54:20,43.3519248962402,-8.42593574523926,"Unknown"
"7014855",371852,2025-11-06 13:59:20,43.3519515991211,-8.42586326599121,"Unknown"
"7014855",371852,2025-11-06 14:04:21,43.3519172668457,-8.42580032348633,"Unknown"
"7014855",371852,2025-11-06 14:09:21,43.3519325256348,-8.42587566375732,"Unknown"
"7014855",371852,2025-11-06 14:14:21,43.3519592285156,-8.42587947845459,"Unknown"
"7014855",371852,2025-11-06 14:19:20,43.3519325256348,-8.42577648162842,"Unknown"
"7014855",371852,2025-11-06 14:24:20,43.3518753051758,-8.42581558227539,"Unknown"
"7014855",371852,2025-11-06 14:29:22,43.3519020080566,-8.42579460144043,"Unknown"
"7014855",371852,2025-11-06 14:34:21,43.3519134521484,-8.42542839050293,"Unknown"
"7014855",371852,2025-11-06 14:39:20,43.3520545959473,-8.42605018615723,"Unknown"
"7014855",371852,2025-11-06 14:44:20,43.3521347045898,-8.42604827880859,"Unknown"
"7014855",371852,2025-11-06 14:49:19,43.3520240783691,-8.42604160308838,"Unknown"
"7014855",371852,2025-11-06 14:54:19,43.3520202636719,-8.42609024047852,"Unknown"
"7014855",371852,2025-11-06 14:59:20,43.3522071838379,-8.42608165740967,"Unknown"
"7014855",371852,2025-11-06 15:04:20,43.3520240783691,-8.42607307434082,"Unknown"
"7014855",371852,2025-11-06 15:09:20,43.3520431518555,-8.42618465423584,"Unknown"
"7014855",371852,2025-11-06 15:14:20,43.3519515991211,-8.42606449127197,"Unknown"
"7014855",371852,2025-11-06 15:19:20,43.3519706726074,-8.42603969573975,"Unknown"
"7014855",371852,2025-11-06 15:24:20,43.3518981933594,-8.42609405517578,"Unknown"
"7014855",371852,2025-11-06 15:29:20,43.351936340332,-8.42606353759766,"Unknown"
"7014855",371852,2025-11-06 15:34:20,43.3519058227539,-8.42605018615723,"Unknown"
"7014855",371852,2025-11-06 15:39:20,43.351879119873,-8.42603397369385,"Unknown"
"7014855",371852,2025-11-06 15:44:20,43.3518371582031,-8.42609977722168,"Unknown"
"7014855",371852,2025-11-06 15:49:20,43.3517608642578,-8.4260950088501,"Unknown"
"7014855",371852,2025-11-06 15:54:20,43.3518218994141,-8.42605304718018,"Unknown"
"7014855",371852,2025-11-06 15:59:20,43.3517684936523,-8.42608451843262,"Unknown"
"7014855",371852,2025-11-06 16:04:20,43.3518180847168,-8.42609596252441,"Unknown"
"7014855",371852,2025-11-06 16:09:20,43.3518333435059,-8.42602252960205,"Unknown"
"7014855",371852,2025-11-06 16:14:20,43.3517913818359,-8.42599773406982,"Unknown"
"7014855",371852,2025-11-06 16:19:20,43.3518714904785,-8.42598915100098,"Unknown"
"7014855",371852,2025-11-06 16:24:19,43.3518981933594,-8.426025390625,"Unknown"
"7014855",371852,2025-11-06 16:29:20,43.3519058227539,-8.42611217498779,"Unknown"
"7014855",371852,2025-11-06 16:34:20,43.3519515991211,-8.42606830596924,"Unknown"
"7014855",371852,2025-11-06 16:39:19,43.3519172668457,-8.42610263824463,"Unknown"
"7014855",371852,2025-11-06 16:44:19,43.3519401550293,-8.42604637145996,"Unknown"
"7014855",371852,2025-11-06 16:49:19,43.3519515991211,-8.42606449127197,"Unknown"
"7014855",371852,2025-11-06 16:54:19,43.3518905639648,-8.42604827880859,"Unknown"
"7014855",371852,2025-11-06 16:59:19,43.351936340332,-8.42608642578125,"Unknown"
"7014855",371852,2025-11-06 17:04:20,43.3518409729004,-8.42603206634521,"Unknown"
"7014855",371852,2025-11-06 17:09:19,43.3518714904785,-8.42605590820312,"Unknown"
"7014855",371852,2025-11-06 17:14:19,43.3518257141113,-8.42601013183594,"Unknown"
"7014855",371852,2025-11-06 17:19:19,43.351879119873,-8.42601203918457,"Unknown"
"7014855",371852,2025-11-06 17:24:19,43.3519973754883,-8.42599868774414,"Unknown"
"7014855",371852,2025-11-06 17:29:20,43.3520050048828,-8.42606735229492,"Unknown"
"7014855",371852,2025-11-06 17:34:20,43.3520431518555,-8.42616081237793,"Unknown"
"7014855",371852,2025-11-06 17:39:19,43.3521385192871,-8.42622852325439,"Unknown"
"7014855",371852,2025-11-06 17:44:19,43.352222442627,-8.42632484436035,"Unknown"
"7014855",371852,2025-11-06 17:49:19,43.3522300720215,-8.4262866973877,"Unknown"
"7014855",371852,2025-11-06 17:54:19,43.352180480957,-8.42634868621826,"Unknown"
"7014855",371852,2025-11-06 17:59:19,43.3521690368652,-8.42624950408936,"Unknown"
"7014855",371852,2025-11-06 18:04:20,43.3521881103516,-8.42633724212646,"Unknown"
"7014855",371852,2025-11-06 18:09:19,43.3521423339844,-8.42631435394287,"Unknown"
"7014855",371852,2025-11-06 18:14:20,43.3521537780762,-8.42626094818115,"Unknown"
"7014855",371852,2025-11-06 18:19:20,43.3521194458008,-8.42628860473633,"Unknown"
"7014855",371852,2025-11-06 18:24:20,43.3520812988281,-8.42626953125,"Unknown"
"7014855",371852,2025-11-06 18:29:20,43.3520698547363,-8.42630481719971,"Unknown"
"7014855",371852,2025-11-06 18:34:20,43.3520202636719,-8.42626571655273,"Unknown"
"7014855",371852,2025-11-06 18:39:22,43.3520622253418,-8.42622184753418,"Unknown"
"7014855",371852,2025-11-06 18:44:20,43.352123260498,-8.42622089385986,"Unknown"
"7014855",371852,2025-11-06 18:49:20,43.351879119873,-8.42605304718018,"Unknown"
"7014855",371852,2025-11-06 18:54:22,43.3519859313965,-8.42638111114502,"Unknown"
"7014855",371852,2025-11-06 18:59:24,43.3520088195801,-8.42614650726318,"Unknown"
"7014855",371852,2025-11-06 19:04:23,43.3520431518555,-8.42633628845215,"Unknown"
"7014855",371852,2025-11-06 19:09:22,43.3519821166992,-8.42671871185303,"Unknown"
"7014855",371852,2025-11-06 19:14:20,43.3520126342773,-8.42663764953613,"Unknown"
"7014855",371852,2025-11-06 19:19:21,43.3519515991211,-8.42661380767822,"Unknown"
"7014855",371852,2025-11-06 19:24:20,43.3519325256348,-8.42662143707275,"Unknown"
"7014855",371852,2025-11-06 19:29:20,43.3517951965332,-8.42644214630127,"Unknown"
"7014855",371852,2025-11-06 19:34:20,43.3519515991211,-8.426589012146,"Unknown"
"7014855",371852,2025-11-06 19:39:20,43.3520622253418,-8.42667293548584,"Unknown"
"7014855",371852,2025-11-06 19:44:20,43.3518562316895,-8.42646980285645,"Unknown"
"7014855",371852,2025-11-06 19:49:20,43.3518180847168,-8.42650604248047,"Unknown"
"7014855",371852,2025-11-06 19:54:21,43.3518753051758,-8.42654800415039,"Unknown"
"7014855",371852,2025-11-06 19:59:20,43.3518524169922,-8.42643165588379,"Unknown"
"7014855",371852,2025-11-06 20:04:20,43.3519248962402,-8.42653465270996,"Unknown"
"7014855",371852,2025-11-06 20:09:20,43.3521194458008,-8.42680358886719,"Unknown"
"7014855",371852,2025-11-06 20:14:20,43.3519630432129,-8.42632579803467,"Unknown"
"7014855",371852,2025-11-06 20:19:20,43.3519515991211,-8.4263277053833,"Unknown"
"7014855",371852,2025-11-06 20:24:20,43.3520278930664,-8.42644691467285,"Unknown"
"7014855",371852,2025-11-06 20:29:20,43.3519020080566,-8.42631721496582,"Unknown"
"7014855",371852,2025-11-06 20:34:20,43.3518257141113,-8.42627811431885,"Unknown"
"7014855",371852,2025-11-06 20:39:20,43.3519477844238,-8.42631435394287,"Unknown"
"7014855",371852,2025-11-06 20:44:21,43.3517875671387,-8.42608833312988,"Unknown"
"7014855",371852,2025-11-06 20:49:25,43.3516845703125,-8.42596054077148,"Unknown"
"7014855",371852,2025-11-06 20:54:23,43.3517799377441,-8.42600631713867,"Unknown"
"7014855",371852,2025-11-06 20:59:23,43.351676940918,-8.42587471008301,"Unknown"
"7014855",371852,2025-11-06 21:04:25,43.3519821166992,-8.42618656158447,"Unknown"
"7014855",371852,2025-11-06 21:09:30,43.3519172668457,-8.42608165740967,"Unknown"
"7014855",371852,2025-11-06 21:14:27,43.3519630432129,-8.42609405517578,"Unknown"
"7014855",371852,2025-11-06 21:19:25,43.351993560791,-8.42604732513428,"Unknown"
"7014855",371852,2025-11-06 21:24:23,43.3520126342773,-8.42609119415283,"Unknown"
"7014855",371852,2025-11-06 21:29:21,43.3520431518555,-8.42602443695068,"Unknown"
"7014855",371852,2025-11-06 21:34:20,43.3520050048828,-8.42600440979004,"Unknown"
"7014855",371852,2025-11-06 21:39:20,43.3520584106445,-8.42599105834961,"Unknown"
"7014855",371852,2025-11-06 21:44:20,43.3520278930664,-8.42600250244141,"Unknown"
"7014855",371852,2025-11-06 21:49:20,43.3518829345703,-8.42594146728516,"Unknown"
"7014855",371852,2025-11-06 21:54:19,43.3519477844238,-8.426194190979,"Unknown"
"7014855",371852,2025-11-06 21:59:20,43.3519668579102,-8.42609310150146,"Unknown"
"7014855",371852,2025-11-06 22:04:20,43.3524055480957,-8.42639923095703,"Unknown"
"7014855",371852,2025-11-06 22:09:21,43.352367401123,-8.4263801574707,"Unknown"
"7014855",371852,2025-11-06 22:14:20,43.3520927429199,-8.42631435394287,"Unknown"
"7014855",371852,2025-11-06 22:19:21,43.3523750305176,-8.42640113830566,"Unknown"
"7014855",371852,2025-11-06 22:24:20,43.3525123596191,-8.42644882202148,"Unknown"
"7014855",371852,2025-11-06 22:29:20,43.3524627685547,-8.42646217346191,"Unknown"
"7014855",371852,2025-11-06 22:34:20,43.3525810241699,-8.4264612197876,"Unknown"
"7014855",371852,2025-11-06 22:39:21,43.3526878356934,-8.42658615112305,"Unknown"
"7014855",371852,2025-11-06 22:44:21,43.3528938293457,-8.42667770385742,"Unknown"
"7014855",371852,2025-11-06 22:49:21,43.3527412414551,-8.42662239074707,"Unknown"
"7014855",371852,2025-11-06 22:54:21,43.3528709411621,-8.42671203613281,"Unknown"
"7014855",371852,2025-11-06 22:59:20,43.3528671264648,-8.42672538757324,"Unknown"
"7014855",371852,2025-11-06 23:04:22,43.3529167175293,-8.42680358886719,"Unknown"
"7014855",371852,2025-11-06 23:09:21,43.3528060913086,-8.42676067352295,"Unknown"
"7014855",371852,2025-11-06 23:14:22,43.3528900146484,-8.42696666717529,"Unknown"
"7014855",371852,2025-11-06 23:19:23,43.3528709411621,-8.42696475982666,"Unknown"
"7014855",371852,2025-11-06 23:24:24,43.3528671264648,-8.42703247070312,"Unknown"
"7014855",371852,2025-11-06 23:29:21,43.3528213500977,-8.4270076751709,"Unknown"
"7014855",371852,2025-11-06 23:34:22,43.3528327941895,-8.42707252502441,"Unknown"
"7014855",371852,2025-11-06 23:39:20,43.3528289794922,-8.42714691162109,"Unknown"
"7014855",371852,2025-11-06 23:44:21,43.3528137207031,-8.42724227905273,"Unknown"
"7014855",371852,2025-11-06 23:49:20,43.3524780273438,-8.4263973236084,"Unknown"
"7014855",371852,2025-11-06 23:54:20,43.3523941040039,-8.42637538909912,"Unknown"
"7014855",371852,2025-11-06 23:59:20,43.3523216247559,-8.42632293701172,"Unknown"
"7014855",371852,2025-11-07 00:04:21,43.3523063659668,-8.42620182037354,"Unknown"
"7014855",371852,2025-11-07 00:09:21,43.3522720336914,-8.42635726928711,"Unknown"
"7014855",371852,2025-11-07 00:14:19,43.3521537780762,-8.42625999450684,"Unknown"
"7014855",371852,2025-11-07 00:19:21,43.3521423339844,-8.42636871337891,"Unknown"
"7014855",371852,2025-11-07 00:24:21,43.3521156311035,-8.42633628845215,"Unknown"
"7014855",371852,2025-11-07 00:29:21,43.351993560791,-8.4262523651123,"Unknown"
"7014855",371852,2025-11-07 00:34:21,43.3520164489746,-8.42643451690674,"Unknown"
"7014855",371852,2025-11-07 00:39:21,43.3519897460938,-8.42635822296143,"Unknown"
"7014855",371852,2025-11-07 00:44:30,43.3518409729004,-8.42615127563477,"Unknown"
"7014855",371852,2025-11-07 00:49:23,43.3517913818359,-8.4262638092041,"Unknown"
"7014855",371852,2025-11-07 00:54:21,43.3517532348633,-8.4262580871582,"Unknown"
"7014855",371852,2025-11-07 00:59:21,43.3510856628418,-8.42631435394287,"Unknown"
"7014855",371852,2025-11-07 01:04:22,43.3511695861816,-8.42624568939209,"Unknown"
"7014855",371852,2025-11-07 01:09:21,43.3514099121094,-8.42622852325439,"Unknown"
"7014855",371852,2025-11-07 01:14:45,43.3519096374512,-8.4261417388916,"Unknown"
"7014855",371852,2025-11-07 01:19:20,43.3517875671387,-8.42612552642822,"Unknown"
"7014855",371852,2025-11-07 01:24:19,43.3516426086426,-8.42604064941406,"Unknown"
"7014855",371852,2025-11-07 01:29:19,43.351676940918,-8.42606830596924,"Unknown"
"7014855",371852,2025-11-07 01:34:19,43.3514213562012,-8.42586421966553,"Unknown"
"7014855",371852,2025-11-07 01:39:19,43.3514137268066,-8.42588043212891,"Unknown"
"7014855",371852,2025-11-07 01:44:19,43.3515968322754,-8.42599773406982,"Unknown"
"7014855",371852,2025-11-07 01:49:53,43.3518753051758,-8.42614364624023,"Unknown"
"7014855",371852,2025-11-07 01:54:19,43.3519592285156,-8.42618083953857,"Unknown"
"7014855",371852,2025-11-07 01:59:20,43.3520393371582,-8.42634010314941,"Unknown"
"7014855",371852,2025-11-07 02:04:20,43.3519287109375,-8.42617797851562,"Unknown"
"7014855",371852,2025-11-07 02:09:30,43.351978302002,-8.42628383636475,"Unknown"
"7014855",371852,2025-11-07 02:14:21,43.3516120910645,-8.42545413970947,"Unknown"
"7014855",371852,2025-11-07 02:19:20,43.351879119873,-8.42585563659668,"Unknown"
"7014855",371852,2025-11-07 02:24:44,43.3524513244629,-8.4260950088501,"Unknown"
"7014855",371852,2025-11-07 02:29:35,43.3524475097656,-8.42612743377686,"Unknown"
"7014855",371852,2025-11-07 02:34:21,43.3523216247559,-8.42611598968506,"Unknown"
"7014855",371852,2025-11-07 02:39:21,43.3522300720215,-8.42612075805664,"Unknown"
"7014855",371852,2025-11-07 02:44:20,43.351936340332,-8.42589473724365,"Unknown"
"7014855",371852,2025-11-07 02:49:20,43.352123260498,-8.42583847045898,"Unknown"
"7014855",371852,2025-11-07 02:54:20,43.3519897460938,-8.42595863342285,"Unknown"
"7014855",371852,2025-11-07 02:59:22,43.3520088195801,-8.42601490020752,"Unknown"
"7014855",371852,2025-11-07 03:04:21,43.3518867492676,-8.42608165740967,"Unknown"
"7014855",371852,2025-11-07 03:09:22,43.3518295288086,-8.42609691619873,"Unknown"
"7014855",371852,2025-11-07 03:14:19,43.3516883850098,-8.42613697052002,"Unknown"
"7014855",371852,2025-11-07 03:19:21,43.3513984680176,-8.42608547210693,"Unknown"
"7014855",371852,2025-11-07 03:24:22,43.3514251708984,-8.42608547210693,"Unknown"
"7014855",371852,2025-11-07 03:29:20,43.3517875671387,-8.42616367340088,"Unknown"
"7014855",371852,2025-11-07 03:34:20,43.3518905639648,-8.42614269256592,"Unknown"
"7014855",371852,2025-11-07 03:39:21,43.3520545959473,-8.42625141143799,"Unknown"
"7014855",371852,2025-11-07 03:44:19,43.3519096374512,-8.42624282836914,"Unknown"
"7014855",371852,2025-11-07 03:49:19,43.3519821166992,-8.42621421813965,"Unknown"
"7014855",371852,2025-11-07 03:54:19,43.3520011901855,-8.42623138427734,"Unknown"
"7014855",371852,2025-11-07 03:59:19,43.3519897460938,-8.42624759674072,"Unknown"
"7014855",371852,2025-11-07 04:04:19,43.3520774841309,-8.42622184753418,"Unknown"
"7014855",371852,2025-11-07 04:09:23,43.3516998291016,-8.42615509033203,"Unknown"
"7014855",371852,2025-11-07 04:14:24,43.3515396118164,-8.4261360168457,"Unknown"
"7014855",371852,2025-11-07 04:19:44,43.3517379760742,-8.42622566223145,"Unknown"
"7014855",371852,2025-11-07 04:24:20,43.3520584106445,-8.42639064788818,"Unknown"
"7014855",371852,2025-11-07 04:29:22,43.3520469665527,-8.4263334274292,"Unknown"
"7014855",371852,2025-11-07 04:34:22,43.3519592285156,-8.42633533477783,"Unknown"
"7014855",371852,2025-11-07 04:39:24,43.3519821166992,-8.42633724212646,"Unknown"
"7014855",371852,2025-11-07 04:44:48,43.3519477844238,-8.42625331878662,"Unknown"
"7014855",371852,2025-11-07 04:49:41,43.3520431518555,-8.42625045776367,"Unknown"
"7014855",371852,2025-11-07 04:54:26,43.347770690918,-8.4234733581543,"Unknown"
"7014855",371852,2025-11-07 04:59:25,43.3523941040039,-8.42630290985107,"Unknown"
"7014855",371852,2025-11-07 05:04:21,43.3519973754883,-8.42630672454834,"Unknown"
"7014855",371852,2025-11-07 05:09:24,43.3520126342773,-8.42621803283691,"Unknown"
"7014855",371852,2025-11-07 05:14:43,43.3513603210449,-8.42645645141602,"Unknown"
"7014855",371852,2025-11-07 05:19:30,43.3517417907715,-8.42619514465332,"Unknown"
"7014855",371852,2025-11-07 05:24:30,43.3516807556152,-8.42627143859863,"Unknown"
"7014855",371852,2025-11-07 05:29:29,43.3515701293945,-8.42605876922607,"Unknown"
"7014855",371852,2025-11-07 05:34:30,43.3521270751953,-8.4262809753418,"Unknown"
"7014855",371852,2025-11-07 05:39:24,43.3520545959473,-8.42634773254395,"Unknown"
"7014855",371852,2025-11-07 05:44:25,43.3519020080566,-8.42615509033203,"Unknown"
"7014855",371852,2025-11-07 05:49:29,43.352123260498,-8.42606163024902,"Unknown"
"7014855",371852,2025-11-07 05:54:29,43.3518257141113,-8.42629241943359,"Unknown"
"7014855",371852,2025-11-07 05:59:31,43.3519058227539,-8.42629051208496,"Unknown"
"7014855",371852,2025-11-07 06:04:43,43.3518905639648,-8.42610836029053,"Unknown"
"7014855",371852,2025-11-07 06:09:27,43.3518676757812,-8.42625141143799,"Unknown"
"7014855",371852,2025-11-07 06:14:30,43.3518714904785,-8.42619705200195,"Unknown"
"7014855",371852,2025-11-07 06:19:30,43.3518753051758,-8.42620658874512,"Unknown"
"7014855",371852,2025-11-07 06:24:31,43.3517913818359,-8.42609596252441,"Unknown"
"7014855",371852,2025-11-07 06:29:31,43.3516120910645,-8.42602062225342,"Unknown"
"7014855",371852,2025-11-07 06:34:31,43.351448059082,-8.42584800720215,"Unknown"
"7014855",371852,2025-11-07 06:39:37,43.3495788574219,-8.42438316345215,"Unknown"
"7014855",371852,2025-11-07 06:44:31,43.3507843017578,-8.42527961730957,"Unknown"
"7014855",371852,2025-11-07 06:49:44,43.3513488769531,-8.42571258544922,"Unknown"
"7014855",371852,2025-11-07 06:54:41,43.3572082519531,-8.42560577392578,"Unknown"
"7014855",371852,2025-11-07 06:59:24,43.3521041870117,-8.42603969573975,"Unknown"
"7014855",371852,2025-11-07 07:04:24,43.352123260498,-8.42598819732666,"Unknown"
"7014855",371852,2025-11-07 07:09:19,43.3518676757812,-8.42603874206543,"Unknown"
"7014855",371852,2025-11-07 07:14:25,43.3525505065918,-8.42564010620117,"Unknown"
"7014855",371852,2025-11-07 07:19:29,43.3520050048828,-8.42625999450684,"Unknown"
"7014855",371852,2025-11-07 07:24:29,43.3520660400391,-8.4260950088501,"Unknown"
"7014855",371852,2025-11-07 07:29:29,43.352108001709,-8.42599868774414,"Unknown"
"7014855",371852,2025-11-07 07:34:31,43.3521423339844,-8.42587375640869,"Unknown"
"7014855",371852,2025-11-07 07:39:30,43.3521041870117,-8.42593097686768,"Unknown"
"7014855",371852,2025-11-07 07:44:33,43.3520050048828,-8.4262228012085,"Unknown"
"7014855",371852,2025-11-07 07:49:44,43.3519439697266,-8.4261589050293,"Unknown"
"7014855",371852,2025-11-07 07:54:23,43.3520851135254,-8.42613697052002,"Unknown"
"7014855",371852,2025-11-07 07:59:23,43.352912902832,-8.42591285705566,"Unknown"
"7014855",371852,2025-11-07 08:04:25,43.3516807556152,-8.42621231079102,"Unknown"
"7014855",371852,2025-11-07 08:09:22,43.3524169921875,-8.42624282836914,"Unknown"
"7014855",371852,2025-11-07 08:14:22,43.3524055480957,-8.42623901367188,"Unknown"
"7014855",371852,2025-11-07 08:19:24,43.3531951904297,-8.42630004882812,"Unknown"
"7014855",371852,2025-11-07 08:24:21,43.3525695800781,-8.42628955841064,"Unknown"
"7014855",371852,2025-11-07 08:29:21,43.3525810241699,-8.42641544342041,"Unknown"
"7014855",371852,2025-11-07 08:34:24,43.3535919189453,-8.42673778533936,"Unknown"
"7014855",371852,2025-11-07 08:39:23,43.3522148132324,-8.42636966705322,"Unknown"
"7014855",371852,2025-11-07 08:44:41,43.3515663146973,-8.4233980178833,"Unknown"
"7014855",371852,2025-11-07 08:49:21,43.351879119873,-8.42612552642822,"Unknown"
"7014855",371852,2025-11-07 08:54:20,43.3518714904785,-8.42612075805664,"Unknown"
"7014855",371852,2025-11-07 08:59:20,43.3519592285156,-8.42620468139648,"Unknown"
"7014855",371852,2025-11-07 09:04:20,43.3519248962402,-8.42606258392334,"Unknown"
"7014855",371852,2025-11-07 09:09:20,43.351863861084,-8.42626571655273,"Unknown"
"7014855",371852,2025-11-07 09:14:20,43.3519248962402,-8.42618751525879,"Unknown"
"7014855",371852,2025-11-07 09:19:25,43.3518981933594,-8.42614841461182,"Unknown"
"7014855",371852,2025-11-07 09:24:20,43.3518257141113,-8.42643165588379,"Unknown"
"7014855",371852,2025-11-07 09:29:20,43.3519897460938,-8.4262228012085,"Unknown"
"7014855",371852,2025-11-07 09:34:21,43.3521156311035,-8.42619323730469,"Unknown"
"7014855",371852,2025-11-07 09:39:21,43.351879119873,-8.42617893218994,"Unknown"
"7014855",371852,2025-11-07 09:44:23,43.3522262573242,-8.42589569091797,"Unknown"
"7014855",371852,2025-11-07 09:49:22,43.3532066345215,-8.42541217803955,"Unknown"
"7014855",371852,2025-11-07 09:54:22,43.3530082702637,-8.42553806304932,"Unknown"
"7014855",371852,2025-11-07 09:59:21,43.3528633117676,-8.42555809020996,"Unknown"
"7014855",371852,2025-11-07 10:04:22,43.3533630371094,-8.42529773712158,"Unknown"
"7014855",371852,2025-11-07 10:09:23,43.3535652160645,-8.4251651763916,"Unknown"
"7014855",371852,2025-11-07 10:14:29,43.3514709472656,-8.42640686035156,"Unknown"
"7014855",371852,2025-11-07 10:19:24,43.3524398803711,-8.42583656311035,"Unknown"
"7014855",371852,2025-11-07 10:24:29,43.3514289855957,-8.42629528045654,"Unknown"
"7014855",371852,2025-11-07 10:29:24,43.3526458740234,-8.42577457427979,"Unknown"
"7014855",371852,2025-11-07 10:34:35,43.3512916564941,-8.42598342895508,"Unknown"
"7014855",371852,2025-11-07 10:39:37,43.3514022827148,-8.4261999130249,"Unknown"
"7014855",371852,2025-11-07 10:44:44,43.3519592285156,-8.42640018463135,"Unknown"
"7014855",371852,2025-11-07 10:49:20,43.3519172668457,-8.42637157440186,"Unknown"
"7014855",371852,2025-11-07 10:54:20,43.3519439697266,-8.42630958557129,"Unknown"
"7014855",371852,2025-11-07 10:59:20,43.3519287109375,-8.42651271820068,"Unknown"
"7014855",371852,2025-11-07 11:04:20,43.351978302002,-8.42647743225098,"Unknown"
"7014855",371852,2025-11-07 11:09:23,43.3519439697266,-8.42644309997559,"Unknown"
"7014855",371852,2025-11-07 11:14:22,43.3521118164062,-8.42655754089355,"Unknown"
"7014855",371852,2025-11-07 11:19:21,43.351634979248,-8.42612075805664,"Unknown"
"7014855",371852,2025-11-07 11:24:20,43.3519134521484,-8.42623519897461,"Unknown"
"7014855",371852,2025-11-07 11:29:21,43.3523292541504,-8.42694187164307,"Unknown"
"7014855",371852,2025-11-07 11:34:44,43.3519325256348,-8.42642021179199,"Unknown"
"7014855",371852,2025-11-07 11:39:20,43.352108001709,-8.42648601531982,"Unknown"
"7014855",371852,2025-11-07 11:44:20,43.3519477844238,-8.42627239227295,"Unknown"
"7014855",371852,2025-11-07 11:49:20,43.3520889282227,-8.42636871337891,"Unknown"
"7014855",371852,2025-11-07 11:54:20,43.3519668579102,-8.42625141143799,"Unknown"
"7014855",371852,2025-11-07 11:59:20,43.3520202636719,-8.42632675170898,"Unknown"
"7014855",371852,2025-11-07 12:04:20,43.3520469665527,-8.42636775970459,"Unknown"
"7014855",371852,2025-11-07 12:09:21,43.351978302002,-8.42628192901611,"Unknown"
"7014855",371852,2025-11-07 12:14:21,43.3517761230469,-8.42586612701416,"Unknown"
"7014855",371852,2025-11-07 12:19:22,43.3519821166992,-8.4260950088501,"Unknown"
"7014855",371852,2025-11-07 12:24:20,43.3520889282227,-8.42627048492432,"Unknown"
"7014855",371852,2025-11-07 12:29:20,43.3520240783691,-8.4263858795166,"Unknown"
"7014855",371852,2025-11-07 12:34:22,43.351936340332,-8.42600631713867,"Unknown"
"7014855",371852,2025-11-07 12:39:23,43.351921081543,-8.42596626281738,"Unknown"
"7014855",371852,2025-11-07 12:44:28,43.3520278930664,-8.4263334274292,"Unknown"
"7014855",371852,2025-11-07 12:49:36,43.3521194458008,-8.42642402648926,"Unknown"
"7014855",371852,2025-11-07 12:54:25,43.3519744873047,-8.42604351043701,"Unknown"
"7014855",371852,2025-11-07 12:59:25,43.3520317077637,-8.4260196685791,"Unknown"
"7014855",371852,2025-11-07 13:04:32,43.352165222168,-8.42641162872314,"Unknown"
"7014855",371852,2025-11-07 13:09:44,43.3521614074707,-8.42657089233398,"Unknown"
"7014855",371852,2025-11-07 13:14:24,43.3522453308105,-8.42717838287354,"Unknown"
"7014855",371852,2025-11-07 13:19:24,43.3519630432129,-8.42652606964111,"Unknown"
"7014855",371852,2025-11-07 13:24:23,43.3521194458008,-8.42629432678223,"Unknown"
"7014855",371852,2025-11-07 13:29:24,43.3520889282227,-8.42652416229248,"Unknown"
"7014855",371852,2025-11-07 13:34:25,43.3520317077637,-8.42616558074951,"Unknown"
"7014855",371852,2025-11-07 13:39:24,43.3520355224609,-8.42675876617432,"Unknown"
"7014855",371852,2025-11-07 13:44:33,43.351936340332,-8.42593860626221,"Unknown"
"7014855",371852,2025-11-07 13:49:44,43.3519744873047,-8.42594242095947,"Unknown"
"7014855",371852,2025-11-07 13:54:23,43.3519706726074,-8.42586517333984,"Unknown"
"7014855",371852,2025-11-07 13:59:23,43.3517723083496,-8.42569351196289,"Unknown"
"7014855",371852,2025-11-07 14:04:24,43.3520011901855,-8.42615222930908,"Unknown"
"7014855",371852,2025-11-07 14:09:43,43.3519058227539,-8.42559719085693,"Unknown"
"7014855",371852,2025-11-07 14:14:24,43.3519592285156,-8.42639636993408,"Unknown"
"7014855",371852,2025-11-07 14:19:24,43.3519096374512,-8.42598915100098,"Unknown"
"7014855",371852,2025-11-07 14:24:26,43.3518524169922,-8.42561626434326,"Unknown"
"7014855",371852,2025-11-07 14:29:49,43.3519859313965,-8.42625331878662,"Unknown"
"7014855",371852,2025-11-07 14:34:19,43.3519744873047,-8.42623901367188,"Unknown"
"7014855",371852,2025-11-07 14:39:19,43.3520240783691,-8.42631435394287,"Unknown"
"7014855",371852,2025-11-07 14:44:19,43.3520164489746,-8.42628479003906,"Unknown"
"7014855",371852,2025-11-07 14:49:20,43.3520812988281,-8.42630577087402,"Unknown"
"7014855",371852,2025-11-07 14:54:19,43.3520088195801,-8.42626476287842,"Unknown"
"7014855",371852,2025-11-07 14:59:20,43.3520240783691,-8.42626476287842,"Unknown"
"7014855",371852,2025-11-07 15:04:20,43.3519630432129,-8.42613887786865,"Unknown"
"7014855",371852,2025-11-07 15:09:20,43.3520431518555,-8.4263334274292,"Unknown"
"7014855",371852,2025-11-07 15:14:20,43.3520774841309,-8.42629718780518,"Unknown"
"7014855",371852,2025-11-07 15:19:19,43.3520622253418,-8.42625999450684,"Unknown"
"7014855",371852,2025-11-07 15:24:20,43.3521003723145,-8.4261646270752,"Unknown"
"7014855",371852,2025-11-07 15:29:22,43.3521194458008,-8.42645454406738,"Unknown"
"7014855",371852,2025-11-07 15:34:22,43.3520431518555,-8.42625331878662,"Unknown"
"7014855",371852,2025-11-07 15:39:23,43.3519248962402,-8.4269323348999,"Unknown"
"7014855",371852,2025-11-07 15:44:25,43.3519287109375,-8.42625617980957,"Unknown"
"7014855",371852,2025-11-07 15:49:26,43.351936340332,-8.42623901367188,"Unknown"
"7014855",371852,2025-11-07 15:54:20,43.3519248962402,-8.42615985870361,"Unknown"
"7014855",371852,2025-11-07 15:59:21,43.3519973754883,-8.42616176605225,"Unknown"
"7014855",371852,2025-11-07 16:04:20,43.3519706726074,-8.42618656158447,"Unknown"
"7014855",371852,2025-11-07 16:09:29,43.3519744873047,-8.42613410949707,"Unknown"
"7014855",371852,2025-11-07 16:14:21,43.3520050048828,-8.42614459991455,"Unknown"
"7014855",371852,2025-11-07 16:19:20,43.3519554138184,-8.42613887786865,"Unknown"
"7014855",371852,2025-11-07 16:24:20,43.3519592285156,-8.42623233795166,"Unknown"
"7014855",371852,2025-11-07 16:29:20,43.3519897460938,-8.42618656158447,"Unknown"
"7014855",371852,2025-11-07 16:34:22,43.3519592285156,-8.42623901367188,"Unknown"
"7014855",371852,2025-11-07 16:39:20,43.3519973754883,-8.42618751525879,"Unknown"
"7014855",371852,2025-11-07 16:44:20,43.3519058227539,-8.42620658874512,"Unknown"
"7014855",371852,2025-11-07 16:49:20,43.3519592285156,-8.42614841461182,"Unknown"
"7014855",371852,2025-11-07 16:54:20,43.3520050048828,-8.42611789703369,"Unknown"
"7014855",371852,2025-11-07 16:59:20,43.3520164489746,-8.42630767822266,"Unknown"
"7014855",371852,2025-11-07 17:04:20,43.3519630432129,-8.42611026763916,"Unknown"
"7014855",371852,2025-11-07 17:09:22,43.3520202636719,-8.42619609832764,"Unknown"
"7014855",371852,2025-11-07 17:14:25,43.3520393371582,-8.42619800567627,"Unknown"
"7014855",371852,2025-11-07 17:19:26,43.3521766662598,-8.42636108398438,"Unknown"
"7014855",371852,2025-11-07 17:24:26,43.3522872924805,-8.42652797698975,"Unknown"
"7014855",371852,2025-11-07 17:29:25,43.3524398803711,-8.4265661239624,"Unknown"
"7014855",371852,2025-11-07 17:34:44,43.3520736694336,-8.42628383636475,"Unknown"
"7014855",371852,2025-11-07 17:39:20,43.3522720336914,-8.4263858795166,"Unknown"
"7014855",371852,2025-11-07 17:44:20,43.3517303466797,-8.4258279800415,"Unknown"
"7014855",371852,2025-11-07 17:49:20,43.3521385192871,-8.42635917663574,"Unknown"
"7014855",371852,2025-11-07 17:54:20,43.3521575927734,-8.42620277404785,"Unknown"
"7014855",371852,2025-11-07 17:59:23,43.3520545959473,-8.42608737945557,"Unknown"
"7014855",371852,2025-11-07 18:04:20,43.3521614074707,-8.42620944976807,"Unknown"
"7014855",371852,2025-11-07 18:09:20,43.3521881103516,-8.4261999130249,"Unknown"
"7014855",371852,2025-11-07 18:14:23,43.3523101806641,-8.42636299133301,"Unknown"
"7014855",371852,2025-11-07 18:19:20,43.3522872924805,-8.42636299133301,"Unknown"
"7014855",371852,2025-11-07 18:24:23,43.3521003723145,-8.42611980438232,"Unknown"
"7014855",371852,2025-11-07 18:29:22,43.3526077270508,-8.42658805847168,"Unknown"
"7014855",371852,2025-11-07 18:34:44,43.3520393371582,-8.42578315734863,"Unknown"
"7014855",371852,2025-11-07 18:39:20,43.3520317077637,-8.42605400085449,"Unknown"
"7014855",371852,2025-11-07 18:44:43,43.3519897460938,-8.42617321014404,"Unknown"
"7014855",371852,2025-11-07 18:49:20,43.3523101806641,-8.42587566375732,"Unknown"
"7014855",371852,2025-11-07 18:54:23,43.3522033691406,-8.42601490020752,"Unknown"
"7014855",371852,2025-11-07 18:59:20,43.3526420593262,-8.42532157897949,"Unknown"
"7014855",371852,2025-11-07 19:04:24,43.3519668579102,-8.42602443695068,"Unknown"
"7014855",371852,2025-11-07 19:09:23,43.3520927429199,-8.42622375488281,"Unknown"
"7014855",371852,2025-11-07 19:14:24,43.3521156311035,-8.4264612197876,"Unknown"
"7014855",371852,2025-11-07 19:19:24,43.351375579834,-8.42559909820557,"Unknown"
"7014855",371852,2025-11-07 19:24:21,43.3516845703125,-8.42593002319336,"Unknown"
"7014855",371852,2025-11-07 19:29:23,43.3515510559082,-8.42550086975098,"Unknown"
"7014855",371852,2025-11-07 19:34:44,43.3519134521484,-8.42622947692871,"Unknown"
"7014855",371852,2025-11-07 19:39:22,43.3519859313965,-8.42646884918213,"Unknown"
"7014855",371852,2025-11-07 19:44:20,43.351993560791,-8.42650985717773,"Unknown"
"7014855",371852,2025-11-07 19:49:21,43.3517646789551,-8.42616748809814,"Unknown"
"7014855",371852,2025-11-07 19:54:20,43.351993560791,-8.42625999450684,"Unknown"
"7014855",371852,2025-11-07 19:59:21,43.3517875671387,-8.42621231079102,"Unknown"
"7014855",371852,2025-11-07 20:04:21,43.3518714904785,-8.42642402648926,"Unknown"
"7014855",371852,2025-11-07 20:09:21,43.3519287109375,-8.42618083953857,"Unknown"
"7014855",371852,2025-11-07 20:14:21,43.3519172668457,-8.42619609832764,"Unknown"
"7014855",371852,2025-11-07 20:19:24,43.3518867492676,-8.42623424530029,"Unknown"
"7014855",371852,2025-11-07 20:24:21,43.3519020080566,-8.42620277404785,"Unknown"
"7014855",371852,2025-11-07 20:29:22,43.3519248962402,-8.42624473571777,"Unknown"
"7014855",371852,2025-11-07 20:34:53,43.3520011901855,-8.42628955841064,"Unknown"
"7014855",371852,2025-11-07 20:39:19,43.3520164489746,-8.42629337310791,"Unknown"
"7014855",371852,2025-11-07 20:44:20,43.3520050048828,-8.42623996734619,"Unknown"
"7014855",371852,2025-11-07 20:49:19,43.3520431518555,-8.42628383636475,"Unknown"
"7014855",371852,2025-11-07 20:54:20,43.3520278930664,-8.42626762390137,"Unknown"
"7014855",371852,2025-11-07 20:59:21,43.3519973754883,-8.4262228012085,"Unknown"
"7014855",371852,2025-11-07 21:04:20,43.3520393371582,-8.42625904083252,"Unknown"
"7014855",371852,2025-11-07 21:09:20,43.3519821166992,-8.42626571655273,"Unknown"
"7014855",371852,2025-11-07 21:14:21,43.351993560791,-8.42631149291992,"Unknown"
"7014855",371852,2025-11-07 21:19:20,43.3520355224609,-8.42634773254395,"Unknown"
"7014855",371852,2025-11-07 21:24:20,43.3520011901855,-8.42634296417236,"Unknown"
"7014855",371852,2025-11-07 21:29:20,43.3519859313965,-8.42633056640625,"Unknown"
"7014855",371852,2025-11-07 21:34:21,43.3519897460938,-8.42631530761719,"Unknown"
"7014855",371852,2025-11-07 21:39:20,43.3520278930664,-8.42631435394287,"Unknown"
"7014855",371852,2025-11-07 21:44:20,43.3519859313965,-8.42629432678223,"Unknown"
"7014855",371852,2025-11-07 21:49:21,43.3519744873047,-8.42630004882812,"Unknown"
"7014855",371852,2025-11-07 21:54:21,43.3520164489746,-8.426344871521,"Unknown"
"7014855",371852,2025-11-07 21:59:21,43.3519821166992,-8.42630863189697,"Unknown"
"7014855",371852,2025-11-07 22:04:21,43.3520431518555,-8.42632961273193,"Unknown"
"7014855",371852,2025-11-07 22:09:21,43.3520202636719,-8.42626476287842,"Unknown"
"7014855",371852,2025-11-07 22:14:20,43.3519706726074,-8.42633724212646,"Unknown"
"7014855",371852,2025-11-07 22:19:20,43.3519706726074,-8.42628288269043,"Unknown"
"7014855",371852,2025-11-07 22:24:21,43.3519554138184,-8.42621231079102,"Unknown"
"7014855",371852,2025-11-07 22:29:21,43.3519020080566,-8.42621898651123,"Unknown"
"7014855",371852,2025-11-07 22:34:21,43.3519287109375,-8.42622947692871,"Unknown"
"7014855",371852,2025-11-07 22:39:21,43.351936340332,-8.42622184753418,"Unknown"
"7014855",371852,2025-11-07 22:44:21,43.3519821166992,-8.42619895935059,"Unknown"
"7014855",371852,2025-11-07 22:49:20,43.3518867492676,-8.42603778839111,"Unknown"
"7014855",371852,2025-11-07 22:54:21,43.3519134521484,-8.42603397369385,"Unknown"
"7014855",371852,2025-11-07 22:59:22,43.352108001709,-8.42621421813965,"Unknown"
"7014855",371852,2025-11-07 23:04:22,43.351978302002,-8.42617416381836,"Unknown"
"7014855",371852,2025-11-07 23:09:24,43.3520736694336,-8.42623329162598,"Unknown"
"7014855",371852,2025-11-07 23:14:24,43.3525924682617,-8.42755508422852,"Unknown"
"7014855",371852,2025-11-07 23:19:24,43.3526344299316,-8.42777538299561,"Unknown"
"7014855",371852,2025-11-07 23:24:23,43.3525772094727,-8.4276294708252,"Unknown"
"7014855",371852,2025-11-07 23:29:21,43.3519973754883,-8.42607975006104,"Unknown"
"7014855",371852,2025-11-07 23:34:22,43.3520660400391,-8.42628002166748,"Unknown"
"7014855",371852,2025-11-07 23:39:20,43.3520927429199,-8.42633819580078,"Unknown"
"7014855",371852,2025-11-07 23:44:20,43.3520889282227,-8.42620277404785,"Unknown"
"7014855",371852,2025-11-07 23:49:20,43.3520622253418,-8.42622470855713,"Unknown"
"7014855",371852,2025-11-07 23:54:20,43.3520469665527,-8.42617988586426,"Unknown"
"7014855",371852,2025-11-07 23:59:21,43.3521156311035,-8.42627620697021,"Unknown"
"7014855",371852,2025-11-08 00:04:20,43.3521461486816,-8.42630577087402,"Unknown"
"7014855",371852,2025-11-08 00:09:20,43.3521003723145,-8.42623710632324,"Unknown"
"7014855",371852,2025-11-08 00:14:20,43.3519897460938,-8.42622184753418,"Unknown"
"7014855",371852,2025-11-08 00:19:20,43.3520050048828,-8.42624855041504,"Unknown"
"7014855",371852,2025-11-08 00:24:20,43.3518943786621,-8.42635345458984,"Unknown"
"7014855",371852,2025-11-08 00:29:20,43.3520393371582,-8.42624187469482,"Unknown"
"7014855",371852,2025-11-08 00:34:20,43.3518714904785,-8.42634105682373,"Unknown"
"7014855",371852,2025-11-08 00:39:30,43.3520660400391,-8.42637157440186,"Unknown"
"7014855",371852,2025-11-08 00:44:23,43.3522453308105,-8.42622852325439,"Unknown"
"7014855",371852,2025-11-08 00:49:23,43.3520774841309,-8.4262638092041,"Unknown"
"7014855",371852,2025-11-08 00:54:23,43.3522338867188,-8.42613506317139,"Unknown"
"7014855",371852,2025-11-08 00:59:25,43.3521995544434,-8.42604351043701,"Unknown"
"7014855",371852,2025-11-08 01:04:24,43.3517303466797,-8.42564010620117,"Unknown"
"7014855",371852,2025-11-08 01:09:27,43.3522491455078,-8.42607593536377,"Unknown"
"7014855",371852,2025-11-08 01:14:28,43.3521118164062,-8.42598247528076,"Unknown"
"7014855",371852,2025-11-08 01:19:28,43.3523063659668,-8.42609977722168,"Unknown"
"7014855",371852,2025-11-08 01:24:29,43.3521156311035,-8.42599773406982,"Unknown"
"7014855",371852,2025-11-08 01:29:28,43.3522071838379,-8.42597579956055,"Unknown"
"7014855",371852,2025-11-08 01:34:28,43.3521423339844,-8.42598628997803,"Unknown"
"7014855",371852,2025-11-08 01:39:28,43.3521766662598,-8.42602157592773,"Unknown"
"7014855",371852,2025-11-08 01:44:30,43.3521347045898,-8.42603492736816,"Unknown"
"7014855",371852,2025-11-08 01:49:30,43.3521347045898,-8.42600345611572,"Unknown"
"7014855",371852,2025-11-08 01:54:33,43.3520889282227,-8.42597484588623,"Unknown"
"7014855",371852,2025-11-08 01:59:25,43.3521041870117,-8.42599773406982,"Unknown"
"7014855",371852,2025-11-08 02:04:30,43.3520126342773,-8.42594623565674,"Unknown"
"7014855",371852,2025-11-08 02:09:30,43.3520622253418,-8.42592239379883,"Unknown"
"7014855",371852,2025-11-08 02:14:24,43.3525695800781,-8.42718887329102,"Unknown"
"7014855",371852,2025-11-08 02:19:50,43.351978302002,-8.4262580871582,"Unknown"
"7014855",371852,2025-11-08 02:24:29,43.3519325256348,-8.42623996734619,"Unknown"
"7014855",371852,2025-11-08 02:29:21,43.35205078125,-8.42518138885498,"Unknown"
"7014855",371852,2025-11-08 02:34:30,43.3519515991211,-8.42620658874512,"Unknown"
"7014855",371852,2025-11-08 02:39:21,43.3518981933594,-8.42642593383789,"Unknown"
"7014855",371852,2025-11-08 02:44:28,43.3518714904785,-8.42623043060303,"Unknown"
"7014855",371852,2025-11-08 02:49:22,43.3519096374512,-8.42620754241943,"Unknown"
"7014855",371852,2025-11-08 02:54:27,43.3520927429199,-8.42613410949707,"Unknown"
"7014855",371852,2025-11-08 02:59:27,43.3517570495605,-8.42632961273193,"Unknown"
"7014855",371852,2025-11-08 03:04:22,43.3517303466797,-8.4263391494751,"Unknown"
"7014855",371852,2025-11-08 03:09:21,43.3518409729004,-8.42593002319336,"Unknown"
"7014855",371852,2025-11-08 03:14:30,43.3517723083496,-8.42630290985107,"Unknown"
"7014855",371852,2025-11-08 03:19:21,43.3518218994141,-8.42633056640625,"Unknown"
"7014855",371852,2025-11-08 03:24:53,43.3518905639648,-8.42622089385986,"Unknown"
"7014855",371852,2025-11-08 03:29:20,43.3519821166992,-8.42617607116699,"Unknown"
"7014855",371852,2025-11-08 03:34:20,43.3518867492676,-8.42617034912109,"Unknown"
"7014855",371852,2025-11-08 03:39:19,43.3519592285156,-8.42618656158447,"Unknown"
"7014855",371852,2025-11-08 03:44:19,43.3520355224609,-8.4262056350708,"Unknown"
"7014855",371852,2025-11-08 03:49:19,43.3518753051758,-8.42622089385986,"Unknown"
"7014855",371852,2025-11-08 03:54:19,43.35205078125,-8.42616653442383,"Unknown"
"7014855",371852,2025-11-08 03:59:19,43.351921081543,-8.42622947692871,"Unknown"
"7014855",371852,2025-11-08 04:04:20,43.3519821166992,-8.42616081237793,"Unknown"
"7014855",371852,2025-11-08 04:09:20,43.3518333435059,-8.426194190979,"Unknown"
"7014855",371852,2025-11-08 04:14:20,43.3519592285156,-8.42621898651123,"Unknown"
"7014855",371852,2025-11-08 04:19:20,43.3519592285156,-8.42626476287842,"Unknown"
"7014855",371852,2025-11-08 04:24:20,43.3518829345703,-8.4262228012085,"Unknown"
"7014855",371852,2025-11-08 04:29:21,43.3517379760742,-8.42611122131348,"Unknown"
"7014855",371852,2025-11-08 04:34:21,43.3519592285156,-8.42622375488281,"Unknown"
"7014855",371852,2025-11-08 04:39:25,43.3519439697266,-8.42629051208496,"Unknown"
"7014855",371852,2025-11-08 04:44:27,43.3519477844238,-8.42619323730469,"Unknown"
"7014855",371852,2025-11-08 04:49:22,43.3522911071777,-8.42642879486084,"Unknown"
"7014855",371852,2025-11-08 04:54:22,43.3527565002441,-8.42677974700928,"Unknown"
"7014855",371852,2025-11-08 04:59:23,43.3520851135254,-8.4263162612915,"Unknown"
"7014855",371852,2025-11-08 05:04:22,43.3520851135254,-8.42629432678223,"Unknown"
"7014855",371852,2025-11-08 05:09:30,43.3522300720215,-8.42581844329834,"Unknown"
"7014855",371852,2025-11-08 05:14:25,43.3520584106445,-8.42604637145996,"Unknown"
"7014855",371852,2025-11-08 05:19:30,43.3519248962402,-8.4265079498291,"Unknown"
"7014855",371852,2025-11-08 05:24:30,43.3519439697266,-8.42632102966309,"Unknown"
"7014855",371852,2025-11-08 05:29:22,43.3521881103516,-8.42623519897461,"Unknown"
"7014855",371852,2025-11-08 05:34:25,43.3519821166992,-8.42651462554932,"Unknown"
"7014855",371852,2025-11-08 05:39:36,43.351978302002,-8.42614841461182,"Unknown"
"7014855",371852,2025-11-08 05:44:30,43.3518295288086,-8.42649269104004,"Unknown"
"7014855",371852,2025-11-08 05:49:40,43.3520622253418,-8.42621040344238,"Unknown"
"7014855",371852,2025-11-08 05:54:21,43.3517532348633,-8.42597484588623,"Unknown"
"7014855",371852,2025-11-08 05:59:21,43.3519439697266,-8.42620849609375,"Unknown"
"7014855",371852,2025-11-08 06:04:20,43.3518409729004,-8.42606639862061,"Unknown"
"7014855",371852,2025-11-08 06:09:22,43.3519477844238,-8.42617511749268,"Unknown"
"7014855",371852,2025-11-08 06:14:22,43.3519058227539,-8.42647075653076,"Unknown"
"7014855",371852,2025-11-08 06:19:23,43.3514366149902,-8.4261474609375,"Unknown"
"7014855",371852,2025-11-08 06:24:24,43.3514747619629,-8.42617034912109,"Unknown"
"7014855",371852,2025-11-08 06:29:23,43.3495788574219,-8.42523670196533,"Unknown"
"7014855",371852,2025-11-08 06:34:23,43.3518905639648,-8.42617893218994,"Unknown"
"7014855",371852,2025-11-08 06:39:24,43.3517723083496,-8.42621326446533,"Unknown"
"7014855",371852,2025-11-08 06:44:25,43.3522453308105,-8.42635917663574,"Unknown"
"7014855",371852,2025-11-08 06:49:44,43.3519554138184,-8.42612934112549,"Unknown"
"7014855",371852,2025-11-08 06:54:23,43.3518218994141,-8.4261417388916,"Unknown"
"7014855",371852,2025-11-08 06:59:23,43.3517532348633,-8.42622375488281,"Unknown"
"7014855",371852,2025-11-08 07:04:24,43.351734161377,-8.42606925964355,"Unknown"
"7014855",371852,2025-11-08 07:09:30,43.3511352539062,-8.42578220367432,"Unknown"
"7014855",371852,2025-11-08 07:14:30,43.3514518737793,-8.42588424682617,"Unknown"
"7014855",371852,2025-11-08 07:19:30,43.3515281677246,-8.42593955993652,"Unknown"
"7014855",371852,2025-11-08 07:24:36,43.3518943786621,-8.42615795135498,"Unknown"
"7014855",371852,2025-11-08 07:29:42,43.3519401550293,-8.42614364624023,"Unknown"
"7014855",371852,2025-11-08 07:34:22,43.351936340332,-8.42633152008057,"Unknown"
"7014855",371852,2025-11-08 07:39:24,43.351676940918,-8.42509841918945,"Unknown"
"7014855",371852,2025-11-08 07:44:59,43.3519554138184,-8.42624092102051,"Unknown"
"7014855",371852,2025-11-08 07:49:19,43.3518676757812,-8.42621803283691,"Unknown"
"7014855",371852,2025-11-08 07:54:19,43.3519515991211,-8.42632675170898,"Unknown"
"7014855",371852,2025-11-08 07:59:19,43.3519973754883,-8.42618942260742,"Unknown"
"7014855",371852,2025-11-08 08:04:19,43.3517646789551,-8.42627429962158,"Unknown"
"7014855",371852,2025-11-08 08:09:19,43.3518981933594,-8.42622852325439,"Unknown"
"7014855",371852,2025-11-08 08:14:20,43.3519096374512,-8.4263162612915,"Unknown"
"7014855",371852,2025-11-08 08:19:20,43.3519325256348,-8.42621231079102,"Unknown"
"7014855",371852,2025-11-08 08:24:21,43.3519020080566,-8.42620372772217,"Unknown"
"7014855",371852,2025-11-08 08:29:21,43.3518753051758,-8.42624950408936,"Unknown"
"7014855",371852,2025-11-08 08:34:23,43.3517646789551,-8.42610645294189,"Unknown"
"7014855",371852,2025-11-08 08:39:23,43.3521194458008,-8.42636871337891,"Unknown"
"7014855",371852,2025-11-08 08:44:26,43.3518905639648,-8.4262056350708,"Unknown"
"7014855",371852,2025-11-08 08:49:24,43.3519897460938,-8.42634296417236,"Unknown"
"7014855",371852,2025-11-08 08:54:31,43.3520126342773,-8.42619895935059,"Unknown"
"7014855",371852,2025-11-08 08:59:23,43.3520698547363,-8.42631816864014,"Unknown"
"7014855",371852,2025-11-08 09:04:24,43.3519134521484,-8.42617511749268,"Unknown"
"7014855",371852,2025-11-08 09:09:21,43.3519744873047,-8.42625713348389,"Unknown"
"7014855",371852,2025-11-08 09:14:20,43.3521194458008,-8.42641735076904,"Unknown"
"7014855",371852,2025-11-08 09:19:21,43.351993560791,-8.42629146575928,"Unknown"
"7014855",371852,2025-11-08 09:24:21,43.3520393371582,-8.42635726928711,"Unknown"
"7014855",371852,2025-11-08 09:29:21,43.3520431518555,-8.42629241943359,"Unknown"
"7014855",371852,2025-11-08 09:34:21,43.351978302002,-8.42624664306641,"Unknown"
"7014855",371852,2025-11-08 09:39:21,43.351978302002,-8.42619800567627,"Unknown"
"7014855",371852,2025-11-08 09:44:44,43.3521118164062,-8.4264554977417,"Unknown"
"7014855",371852,2025-11-08 09:49:21,43.3520126342773,-8.42626094818115,"Unknown"
"7014855",371852,2025-11-08 09:54:22,43.3520622253418,-8.42634773254395,"Unknown"
"7014855",371852,2025-11-08 09:59:21,43.3519859313965,-8.42631721496582,"Unknown"
"7014855",371852,2025-11-08 10:04:23,43.3520393371582,-8.42623710632324,"Unknown"
"7014855",371852,2025-11-08 10:09:21,43.3520812988281,-8.4262638092041,"Unknown"
"7014855",371852,2025-11-08 10:14:22,43.3520431518555,-8.42636489868164,"Unknown"
"7014855",371852,2025-11-08 10:19:21,43.3520240783691,-8.42636203765869,"Unknown"
"7014855",371852,2025-11-08 10:24:22,43.3519897460938,-8.42632579803467,"Unknown"
"7014855",371852,2025-11-08 10:29:21,43.3520050048828,-8.42640113830566,"Unknown"
"7014855",371852,2025-11-08 10:34:22,43.3519554138184,-8.42639923095703,"Unknown"
"7014855",371852,2025-11-08 10:39:25,43.3519248962402,-8.42626285552979,"Unknown"
"7014855",371852,2025-11-08 10:44:22,43.3519020080566,-8.42639350891113,"Unknown"
"7014855",371852,2025-11-08 10:49:21,43.351921081543,-8.42639446258545,"Unknown"
"7014855",371852,2025-11-08 10:54:21,43.3518753051758,-8.42639446258545,"Unknown"
"7014855",371852,2025-11-08 10:59:22,43.3518981933594,-8.42634963989258,"Unknown"
"7014855",371852,2025-11-08 11:04:22,43.3519401550293,-8.42633152008057,"Unknown"
"7014855",371852,2025-11-08 11:09:21,43.351993560791,-8.42634773254395,"Unknown"
"7014855",371852,2025-11-08 11:14:23,43.3519668579102,-8.4262228012085,"Unknown"
"7014855",371852,2025-11-08 11:19:24,43.3518218994141,-8.42623043060303,"Unknown"
"7014855",371852,2025-11-08 11:24:25,43.3519020080566,-8.42634201049805,"Unknown"
"7014855",371852,2025-11-08 11:29:44,43.3519172668457,-8.42624950408936,"Unknown"
"7014855",371852,2025-11-08 11:34:21,43.3518257141113,-8.4262170791626,"Unknown"
"7014855",371852,2025-11-08 11:39:21,43.3519020080566,-8.42626571655273,"Unknown"
"7014855",371852,2025-11-08 11:44:21,43.3519439697266,-8.42637825012207,"Unknown"
"7014855",371852,2025-11-08 11:49:44,43.3519592285156,-8.4262523651123,"Unknown"
"7014855",371852,2025-11-08 11:54:44,43.3519439697266,-8.42620372772217,"Unknown"
"7014855",371852,2025-11-08 11:59:39,43.3519096374512,-8.42618942260742,"Unknown"
"7014855",371852,2025-11-08 12:04:33,43.3519821166992,-8.42602920532227,"Unknown"
"7014855",371852,2025-11-08 12:09:22,43.3521270751953,-8.42604064941406,"Unknown"
"7014855",371852,2025-11-08 12:14:22,43.3522682189941,-8.42599487304688,"Unknown"
"7014855",371852,2025-11-08 12:19:22,43.3522109985352,-8.42602920532227,"Unknown"
"7014855",371852,2025-11-08 12:24:22,43.3525810241699,-8.42599773406982,"Unknown"
"7014855",371852,2025-11-08 12:29:53,43.3520393371582,-8.42611408233643,"Unknown"
"7014855",371852,2025-11-08 12:34:20,43.3520011901855,-8.42608070373535,"Unknown"
"7014855",371852,2025-11-08 12:39:20,43.3521881103516,-8.42606258392334,"Unknown"
"7014855",371852,2025-11-08 12:44:20,43.3520431518555,-8.42603969573975,"Unknown"
"7014855",371852,2025-11-08 12:49:21,43.3520240783691,-8.42610454559326,"Unknown"
"7014855",371852,2025-11-08 12:54:20,43.3520011901855,-8.42611026763916,"Unknown"
"7014855",371852,2025-11-08 12:59:21,43.3521575927734,-8.42604637145996,"Unknown"
"7014855",371852,2025-11-08 13:04:21,43.3520851135254,-8.42606163024902,"Unknown"
"7014855",371852,2025-11-08 13:09:23,43.3521194458008,-8.42599868774414,"Unknown"
"7014855",371852,2025-11-08 13:14:22,43.3520965576172,-8.42602634429932,"Unknown"
"7014855",371852,2025-11-08 13:19:23,43.3520622253418,-8.42599391937256,"Unknown"
"7014855",371852,2025-11-08 13:24:21,43.3520011901855,-8.42590618133545,"Unknown"
"7014855",371852,2025-11-08 13:29:22,43.3521461486816,-8.42602729797363,"Unknown"
"7014855",371852,2025-11-08 13:34:23,43.3519325256348,-8.42630767822266,"Unknown"
"7014855",371852,2025-11-08 13:39:23,43.3520164489746,-8.42611408233643,"Unknown"
"7014855",371852,2025-11-08 13:44:24,43.3518447875977,-8.42613887786865,"Unknown"
"7014855",371852,2025-11-08 13:49:23,43.352108001709,-8.4262638092041,"Unknown"
"7014855",371852,2025-11-08 13:54:24,43.3518371582031,-8.42628479003906,"Unknown"
"7014855",371852,2025-11-08 13:59:26,43.3519706726074,-8.42624187469482,"Unknown"
"7014855",371852,2025-11-08 14:04:20,43.3520050048828,-8.42615127563477,"Unknown"
"7014855",371852,2025-11-08 14:09:21,43.3519744873047,-8.42623901367188,"Unknown"
"7014855",371852,2025-11-08 14:14:24,43.3519859313965,-8.42620372772217,"Unknown"
"7014855",371852,2025-11-08 14:19:22,43.3520050048828,-8.42621898651123,"Unknown"
"7014855",371852,2025-11-08 14:24:28,43.3519515991211,-8.42615795135498,"Unknown"
"7014855",371852,2025-11-08 14:29:22,43.3520774841309,-8.42624187469482,"Unknown"
"7014855",371852,2025-11-08 14:34:22,43.3520774841309,-8.42621898651123,"Unknown"
"7014855",371852,2025-11-08 14:39:26,43.3518142700195,-8.42605018615723,"Unknown"
"7014855",371852,2025-11-08 14:44:21,43.3518180847168,-8.42604637145996,"Unknown"
"7014855",371852,2025-11-08 14:49:21,43.3520355224609,-8.42619705200195,"Unknown"
"7014855",371852,2025-11-08 14:54:31,43.351879119873,-8.42611312866211,"Unknown"
"7014855",371852,2025-11-08 14:59:21,43.3523330688477,-8.4262866973877,"Unknown"
"7014855",371852,2025-11-08 15:04:28,43.3516044616699,-8.42630863189697,"Unknown"
"7014855",371852,2025-11-08 15:09:26,43.3514785766602,-8.42646789550781,"Unknown"
"7014855",371852,2025-11-08 15:14:26,43.3515319824219,-8.426438331604,"Unknown"
"7014855",371852,2025-11-08 15:19:44,43.3519439697266,-8.42611980438232,"Unknown"
"7014855",371852,2025-11-08 15:24:20,43.3519630432129,-8.42616176605225,"Unknown"
"7014855",371852,2025-11-08 15:29:21,43.3519401550293,-8.42617225646973,"Unknown"
"7014855",371852,2025-11-08 15:34:21,43.351993560791,-8.42620372772217,"Unknown"
"7014855",371852,2025-11-08 15:39:22,43.3515853881836,-8.42621994018555,"Unknown"
"7014855",371852,2025-11-08 15:44:26,43.3515548706055,-8.42624855041504,"Unknown"
"7014855",371852,2025-11-08 15:49:32,43.3512573242188,-8.4262170791626,"Unknown"
"7014855",371852,2025-11-08 15:54:31,43.3517951965332,-8.42616653442383,"Unknown"
"7014855",371852,2025-11-08 15:59:31,43.3517990112305,-8.42609691619873,"Unknown"
"7014855",371852,2025-11-08 16:04:35,43.3516883850098,-8.42610168457031,"Unknown"
"7014855",371852,2025-11-08 16:09:45,43.3519897460938,-8.42600440979004,"Unknown"
"7014855",371852,2025-11-08 16:14:23,43.3517570495605,-8.42618370056152,"Unknown"
"7014855",371852,2025-11-08 16:19:21,43.3518714904785,-8.42613410949707,"Unknown"
"7014855",371852,2025-11-08 16:24:22,43.3521041870117,-8.42609310150146,"Unknown"
"7014855",371852,2025-11-08 16:29:22,43.3517799377441,-8.42606639862061,"Unknown"
"7014855",371852,2025-11-08 16:34:21,43.3516960144043,-8.42646408081055,"Unknown"
"7014855",371852,2025-11-08 16:39:21,43.3519287109375,-8.42596244812012,"Unknown"
"7014855",371852,2025-11-08 16:44:23,43.3519096374512,-8.42602634429932,"Unknown"
"7014855",371852,2025-11-08 16:49:44,43.3518943786621,-8.42584419250488,"Unknown"
"7014855",371852,2025-11-08 16:54:21,43.3517646789551,-8.42630100250244,"Unknown"
"7014855",371852,2025-11-08 16:59:21,43.3519020080566,-8.42581367492676,"Unknown"
"7014855",371852,2025-11-08 17:04:21,43.3519554138184,-8.42591285705566,"Unknown"
"7014855",371852,2025-11-08 17:09:21,43.3518333435059,-8.42591857910156,"Unknown"
"7014855",371852,2025-11-08 17:14:21,43.351921081543,-8.42584228515625,"Unknown"
"7014855",371852,2025-11-08 17:19:22,43.3519134521484,-8.42595672607422,"Unknown"
"7014855",371852,2025-11-08 17:24:22,43.3518371582031,-8.42583084106445,"Unknown"
"7014855",371852,2025-11-08 17:29:22,43.3520317077637,-8.42595195770264,"Unknown"
"7014855",371852,2025-11-08 17:34:22,43.3518829345703,-8.4259204864502,"Unknown"
"7014855",371852,2025-11-08 17:39:25,43.3526992797852,-8.42679309844971,"Unknown"
"7014855",371852,2025-11-08 17:44:22,43.35205078125,-8.42614078521729,"Unknown"
"7014855",371852,2025-11-08 17:49:23,43.35205078125,-8.42607879638672,"Unknown"
"7014855",371852,2025-11-08 17:54:22,43.3520431518555,-8.42612171173096,"Unknown"
"7014855",371852,2025-11-08 17:59:22,43.3520584106445,-8.42613410949707,"Unknown"
"7014855",371852,2025-11-08 18:04:22,43.3520050048828,-8.42615795135498,"Unknown"
"7014855",371852,2025-11-08 18:09:22,43.3520698547363,-8.42623424530029,"Unknown"
"7014855",371852,2025-11-08 18:14:22,43.3520393371582,-8.42625904083252,"Unknown"
"7014855",371852,2025-11-08 18:19:23,43.3519821166992,-8.42622661590576,"Unknown"
"7014855",371852,2025-11-08 18:24:32,43.3519325256348,-8.42652416229248,"Unknown"
"7014855",371852,2025-11-08 18:29:32,43.3519020080566,-8.42640686035156,"Unknown"
"7014855",371852,2025-11-08 18:34:31,43.3518905639648,-8.42654132843018,"Unknown"
"7014855",371852,2025-11-08 18:39:24,43.3520965576172,-8.42635345458984,"Unknown"
"7014855",371852,2025-11-08 18:44:34,43.3519096374512,-8.42645263671875,"Unknown"
"7014855",371852,2025-11-08 18:49:45,43.3519973754883,-8.42625045776367,"Unknown"
"7014855",371852,2025-11-08 18:54:21,43.3519897460938,-8.42633152008057,"Unknown"
"7014855",371852,2025-11-08 18:59:21,43.3517303466797,-8.42668437957764,"Unknown"
"7014855",371852,2025-11-08 19:04:23,43.3517150878906,-8.42678642272949,"Unknown"
"7014855",371852,2025-11-08 19:09:21,43.3514060974121,-8.42695331573486,"Unknown"
"7014855",371852,2025-11-08 19:14:22,43.3516426086426,-8.42656993865967,"Unknown"
"7014855",371852,2025-11-08 19:19:23,43.3518981933594,-8.42643165588379,"Unknown"
"7014855",371852,2025-11-08 19:24:26,43.3514289855957,-8.42688369750977,"Unknown"
"7014855",371852,2025-11-08 19:29:25,43.3515892028809,-8.42681694030762,"Unknown"
"7014855",371852,2025-11-08 19:34:24,43.3511238098145,-8.42696762084961,"Unknown"
"7014855",371852,2025-11-08 19:39:24,43.3504333496094,-8.42744159698486,"Unknown"
"7014855",371852,2025-11-08 19:44:28,43.3510856628418,-8.42645931243896,"Unknown"
"7014855",371852,2025-11-08 19:49:34,43.3519287109375,-8.42658615112305,"Unknown"
"7014855",371852,2025-11-08 19:54:24,43.3520393371582,-8.426833152771,"Unknown"
"7014855",371852,2025-11-08 19:59:24,43.3526763916016,-8.42590522766113,"Unknown"
"7014855",371852,2025-11-08 20:04:23,43.3526954650879,-8.42599487304688,"Unknown"
"7014855",371852,2025-11-08 20:09:53,43.3518714904785,-8.42641735076904,"Unknown"
"7014855",371852,2025-11-08 20:14:20,43.3519897460938,-8.42624568939209,"Unknown"
"7014855",371852,2025-11-08 20:19:20,43.3518524169922,-8.42630386352539,"Unknown"
"7014855",371852,2025-11-08 20:24:20,43.3519020080566,-8.42629051208496,"Unknown"
"7014855",371852,2025-11-08 20:29:20,43.3518867492676,-8.42628002166748,"Unknown"
"7014855",371852,2025-11-08 20:34:20,43.3519821166992,-8.42619895935059,"Unknown"
"7014855",371852,2025-11-08 20:39:20,43.3519668579102,-8.4262170791626,"Unknown"
"7014855",371852,2025-11-08 20:44:20,43.3519287109375,-8.42618942260742,"Unknown"
"7014855",371852,2025-11-08 20:49:20,43.3519172668457,-8.42619895935059,"Unknown"
"7014855",371852,2025-11-08 20:54:20,43.3519172668457,-8.426194190979,"Unknown"
"7014855",371852,2025-11-08 20:59:20,43.3519134521484,-8.42622852325439,"Unknown"
"7014855",371852,2025-11-08 21:04:23,43.3519477844238,-8.42619514465332,"Unknown"
"7014855",371852,2025-11-08 21:09:22,43.3519096374512,-8.42616939544678,"Unknown"
"7014855",371852,2025-11-08 21:14:21,43.3518981933594,-8.4261646270752,"Unknown"
"7014855",371852,2025-11-08 21:19:21,43.351936340332,-8.42618465423584,"Unknown"
"7014855",371852,2025-11-08 21:24:21,43.3519172668457,-8.42622852325439,"Unknown"
"7014855",371852,2025-11-08 21:29:21,43.3519172668457,-8.42615413665771,"Unknown"
"7014855",371852,2025-11-08 21:34:21,43.3519248962402,-8.42617607116699,"Unknown"
"7014855",371852,2025-11-08 21:39:21,43.351921081543,-8.42605876922607,"Unknown"
"7014855",371852,2025-11-08 21:44:21,43.3519096374512,-8.42609119415283,"Unknown"
"7014855",371852,2025-11-08 21:49:23,43.3519630432129,-8.42610740661621,"Unknown"
"7014855",371852,2025-11-08 21:54:21,43.3514022827148,-8.4258861541748,"Unknown"
"7014855",371852,2025-11-08 21:59:23,43.3519897460938,-8.4260892868042,"Unknown"
"7014855",371852,2025-11-08 22:04:21,43.3521461486816,-8.42624950408936,"Unknown"
"7014855",371852,2025-11-08 22:09:21,43.3520812988281,-8.426100730896,"Unknown"
"7014855",371852,2025-11-08 22:14:30,43.3520393371582,-8.42609119415283,"Unknown"
"7014855",371852,2025-11-08 22:19:33,43.3520812988281,-8.42612743377686,"Unknown"
"7014855",371852,2025-11-08 22:24:25,43.3520622253418,-8.42612361907959,"Unknown"
"7014855",371852,2025-11-08 22:29:41,43.3519020080566,-8.42599105834961,"Unknown"
"7014855",371852,2025-11-08 22:34:24,43.3519973754883,-8.42621612548828,"Unknown"
"7014855",371852,2025-11-08 22:39:21,43.3519020080566,-8.4260835647583,"Unknown"
"7014855",371852,2025-11-08 22:44:27,43.3517875671387,-8.42585563659668,"Unknown"
"7014855",371852,2025-11-08 22:49:24,43.351993560791,-8.42613887786865,"Unknown"
"7014855",371852,2025-11-08 22:54:22,43.3519859313965,-8.4261302947998,"Unknown"
"7014855",371852,2025-11-08 22:59:24,43.3516426086426,-8.42549800872803,"Unknown"
"7014855",371852,2025-11-08 23:04:25,43.3519058227539,-8.42597198486328,"Unknown"
"7014855",371852,2025-11-08 23:09:22,43.3520202636719,-8.4260425567627,"Unknown"
"7014855",371852,2025-11-08 23:14:22,43.3520126342773,-8.42630290985107,"Unknown"
"7014855",371852,2025-11-08 23:19:28,43.3520317077637,-8.42615604400635,"Unknown"
"7014855",371852,2025-11-08 23:24:24,43.351978302002,-8.42624950408936,"Unknown"
"7014855",371852,2025-11-08 23:29:24,43.3520164489746,-8.42622566223145,"Unknown"
"7014855",371852,2025-11-08 23:34:23,43.3520126342773,-8.42623615264893,"Unknown"
"7014855",371852,2025-11-08 23:39:21,43.3520469665527,-8.42621421813965,"Unknown"
"7014855",371852,2025-11-08 23:44:22,43.3520240783691,-8.42621898651123,"Unknown"
"7014855",371852,2025-11-08 23:49:22,43.3520393371582,-8.42617321014404,"Unknown"
"7014855",371852,2025-11-08 23:54:22,43.3520011901855,-8.42620468139648,"Unknown"
"7014855",371852,2025-11-08 23:59:24,43.3520126342773,-8.42620182037354,"Unknown"
"7014855",371852,2025-11-09 00:04:22,43.351993560791,-8.42625331878662,"Unknown"
"7014855",371852,2025-11-09 00:09:23,43.3519248962402,-8.42624378204346,"Unknown"
"7014855",371852,2025-11-09 00:14:22,43.3518676757812,-8.4261999130249,"Unknown"
"7014855",371852,2025-11-09 00:19:23,43.3519554138184,-8.42622184753418,"Unknown"
"7014855",371852,2025-11-09 00:24:23,43.3517456054688,-8.4261999130249,"Unknown"
"7014855",371852,2025-11-09 00:29:30,43.3517532348633,-8.42622375488281,"Unknown"
"7014855",371852,2025-11-09 00:34:25,43.3518371582031,-8.42607688903809,"Unknown"
"7014855",371852,2025-11-09 00:39:25,43.3516883850098,-8.42621326446533,"Unknown"
"7014855",371852,2025-11-09 00:44:24,43.3516082763672,-8.4261531829834,"Unknown"
"7014855",371852,2025-11-09 00:49:29,43.3518142700195,-8.42593479156494,"Unknown"
"7014855",371852,2025-11-09 00:54:28,43.3520202636719,-8.42595863342285,"Unknown"
"7014855",371852,2025-11-09 00:59:24,43.3516807556152,-8.42582702636719,"Unknown"
"7014855",371852,2025-11-09 01:04:33,43.3518257141113,-8.4259729385376,"Unknown"
"7014855",371852,2025-11-09 01:09:31,43.3517303466797,-8.42594051361084,"Unknown"
"7014855",371852,2025-11-09 01:14:28,43.35205078125,-8.42598152160645,"Unknown"
"7014855",371852,2025-11-09 01:19:25,43.3514137268066,-8.42589950561523,"Unknown"
"7014855",371852,2025-11-09 01:24:30,43.3518142700195,-8.42587089538574,"Unknown"
"7014855",371852,2025-11-09 01:29:25,43.3524131774902,-8.42593860626221,"Unknown"
"7014855",371852,2025-11-09 01:34:29,43.3526954650879,-8.42598724365234,"Unknown"
"7014855",371852,2025-11-09 01:39:29,43.3525085449219,-8.42595100402832,"Unknown"
"7014855",371852,2025-11-09 01:44:40,43.3532409667969,-8.42611408233643,"Unknown"
"7014855",371852,2025-11-09 01:49:25,43.3526916503906,-8.42588138580322,"Unknown"
"7014855",371852,2025-11-09 01:54:53,43.3520431518555,-8.42616081237793,"Unknown"
"7014855",371852,2025-11-09 01:59:20,43.3520278930664,-8.42638397216797,"Unknown"
"7014855",371852,2025-11-09 02:04:21,43.3519515991211,-8.42601776123047,"Unknown"
"7014855",371852,2025-11-09 02:09:22,43.3519592285156,-8.42612648010254,"Unknown"
"7014855",371852,2025-11-09 02:14:22,43.351879119873,-8.42627811431885,"Unknown"
"7014855",371852,2025-11-09 02:19:21,43.3520545959473,-8.42608070373535,"Unknown"
"7014855",371852,2025-11-09 02:24:21,43.3518486022949,-8.42607021331787,"Unknown"
"7014855",371852,2025-11-09 02:29:30,43.3520584106445,-8.42617607116699,"Unknown"
"7014855",371852,2025-11-09 02:34:21,43.3520431518555,-8.42611217498779,"Unknown"
"7014855",371852,2025-11-09 02:39:21,43.3520584106445,-8.42634391784668,"Unknown"
"7014855",371852,2025-11-09 02:44:22,43.3520011901855,-8.42633152008057,"Unknown"
"7014855",371852,2025-11-09 02:49:22,43.351993560791,-8.42624950408936,"Unknown"
"7014855",371852,2025-11-09 02:54:21,43.3519134521484,-8.42626190185547,"Unknown"
"7014855",371852,2025-11-09 02:59:22,43.3518867492676,-8.42626762390137,"Unknown"
"7014855",371852,2025-11-09 03:04:21,43.3519668579102,-8.42630004882812,"Unknown"
"7014855",371852,2025-11-09 03:09:25,43.3518371582031,-8.42624378204346,"Unknown"
"7014855",371852,2025-11-09 03:14:21,43.3518943786621,-8.42624759674072,"Unknown"
"7014855",371852,2025-11-09 03:19:21,43.3519973754883,-8.42627334594727,"Unknown"
"7014855",371852,2025-11-09 03:24:21,43.3520660400391,-8.42628383636475,"Unknown"
"7014855",371852,2025-11-09 03:29:21,43.3520431518555,-8.4263277053833,"Unknown"
"7014855",371852,2025-11-09 03:34:21,43.35205078125,-8.42627906799316,"Unknown"
"7014855",371852,2025-11-09 03:39:21,43.3521041870117,-8.42628479003906,"Unknown"
"7014855",371852,2025-11-09 03:44:21,43.3520698547363,-8.42623901367188,"Unknown"
"7014855",371852,2025-11-09 03:49:21,43.3518257141113,-8.42623329162598,"Unknown"
"7014855",371852,2025-11-09 03:54:21,43.3520851135254,-8.42625617980957,"Unknown"
"7014855",371852,2025-11-09 03:59:21,43.3520202636719,-8.42635059356689,"Unknown"
"7014855",371852,2025-11-09 04:04:21,43.3520889282227,-8.42617797851562,"Unknown"
"7014855",371852,2025-11-09 04:09:21,43.3520965576172,-8.42627620697021,"Unknown"
"7014855",371852,2025-11-09 04:14:21,43.3521423339844,-8.42618751525879,"Unknown"
"7014855",371852,2025-11-09 04:19:21,43.3521423339844,-8.42632293701172,"Unknown"
"7014855",371852,2025-11-09 04:24:21,43.35205078125,-8.42617034912109,"Unknown"
"7014855",371852,2025-11-09 04:29:21,43.3521118164062,-8.42624759674072,"Unknown"
"7014855",371852,2025-11-09 04:34:21,43.3521575927734,-8.42632961273193,"Unknown"
"7014855",371852,2025-11-09 04:39:21,43.3521347045898,-8.42636585235596,"Unknown"
"7014855",371852,2025-11-09 04:44:24,43.3521156311035,-8.42628383636475,"Unknown"
"7014855",371852,2025-11-09 04:49:24,43.3521995544434,-8.4263801574707,"Unknown"
"7014855",371852,2025-11-09 04:54:23,43.3521156311035,-8.42638206481934,"Unknown"
"7014855",371852,2025-11-09 04:59:25,43.3520622253418,-8.42653560638428,"Unknown"
"7014855",371852,2025-11-09 05:04:27,43.3518562316895,-8.42585754394531,"Unknown"
"7014855",371852,2025-11-09 05:09:25,43.3517570495605,-8.42593574523926,"Unknown"
"7014855",371852,2025-11-09 05:14:25,43.3519287109375,-8.42640018463135,"Unknown"
"7014855",371852,2025-11-09 05:19:24,43.3520355224609,-8.42618560791016,"Unknown"
"7014855",371852,2025-11-09 05:24:22,43.3520431518555,-8.42623043060303,"Unknown"
"7014855",371852,2025-11-09 05:29:23,43.3520774841309,-8.42631435394287,"Unknown"
"7014855",371852,2025-11-09 05:34:21,43.351993560791,-8.42622756958008,"Unknown"
"7014855",371852,2025-11-09 05:39:22,43.351978302002,-8.42619037628174,"Unknown"
"7014855",371852,2025-11-09 05:44:21,43.3519020080566,-8.42611598968506,"Unknown"
"7014855",371852,2025-11-09 05:49:21,43.3518562316895,-8.42640209197998,"Unknown"
"7014855",371852,2025-11-09 05:54:21,43.3519134521484,-8.42624664306641,"Unknown"
"7014855",371852,2025-11-09 05:59:21,43.3519821166992,-8.42620468139648,"Unknown"
"7014855",371852,2025-11-09 06:04:23,43.3519554138184,-8.42631244659424,"Unknown"
"7014855",371852,2025-11-09 06:09:22,43.3519515991211,-8.42626190185547,"Unknown"
"7014855",371852,2025-11-09 06:14:22,43.3513565063477,-8.42578220367432,"Unknown"
"7014855",371852,2025-11-09 06:19:25,43.3519134521484,-8.42623424530029,"Unknown"
"7014855",371852,2025-11-09 06:24:24,43.351978302002,-8.42623519897461,"Unknown"
"7014855",371852,2025-11-09 06:29:24,43.3519515991211,-8.42626476287842,"Unknown"
"7014855",371852,2025-11-09 06:34:25,43.3519439697266,-8.4262580871582,"Unknown"
"7014855",371852,2025-11-09 06:39:27,43.3519401550293,-8.42629146575928,"Unknown"
"7014855",371852,2025-11-09 06:44:24,43.3510894775391,-8.42751121520996,"Unknown"
"7014855",371852,2025-11-09 06:49:28,43.3519973754883,-8.42621326446533,"Unknown"
"7014855",371852,2025-11-09 06:54:36,43.3520736694336,-8.42616748809814,"Unknown"
"7014855",371852,2025-11-09 06:59:59,43.3520660400391,-8.42629623413086,"Unknown"
"7014855",371852,2025-11-09 07:04:21,43.3519973754883,-8.42625141143799,"Unknown"
"7014855",371852,2025-11-09 07:09:21,43.3519554138184,-8.42621326446533,"Unknown"
"7014855",371852,2025-11-09 07:14:21,43.3520050048828,-8.42625999450684,"Unknown"
"7014855",371852,2025-11-09 07:19:22,43.3520050048828,-8.42612075805664,"Unknown"
"7014855",371852,2025-11-09 07:24:21,43.3521308898926,-8.42628192901611,"Unknown"
"7014855",371852,2025-11-09 07:29:23,43.351993560791,-8.42621994018555,"Unknown"
"7014855",371852,2025-11-09 07:34:22,43.3521156311035,-8.42613315582275,"Unknown"
"7014855",371852,2025-11-09 07:39:21,43.3520355224609,-8.42610168457031,"Unknown"
"7014855",371852,2025-11-09 07:44:22,43.3519287109375,-8.42608833312988,"Unknown"
"7014855",371852,2025-11-09 07:49:21,43.3520965576172,-8.42636585235596,"Unknown"
"7014855",371852,2025-11-09 07:54:27,43.3520965576172,-8.42647171020508,"Unknown"
"7014855",371852,2025-11-09 07:59:25,43.3520622253418,-8.42638206481934,"Unknown"
"7014855",371852,2025-11-09 08:04:30,43.3521003723145,-8.42626953125,"Unknown"
"7014855",371852,2025-11-09 08:09:44,43.3519515991211,-8.42624759674072,"Unknown"
"7014855",371852,2025-11-09 08:14:21,43.3521461486816,-8.42618751525879,"Unknown"
"7014855",371852,2025-11-09 08:19:21,43.3521003723145,-8.42621231079102,"Unknown"
"7014855",371852,2025-11-09 08:24:21,43.3520355224609,-8.42628479003906,"Unknown"
"7014855",371852,2025-11-09 08:29:24,43.3520698547363,-8.42623710632324,"Unknown"
"7014855",371852,2025-11-09 08:34:21,43.3519973754883,-8.42628288269043,"Unknown"
"7014855",371852,2025-11-09 08:39:21,43.3520889282227,-8.42626667022705,"Unknown"
"7014855",371852,2025-11-09 08:44:21,43.3520851135254,-8.42625141143799,"Unknown"
"7014855",371852,2025-11-09 08:49:27,43.3521385192871,-8.42634391784668,"Unknown"
"7014855",371852,2025-11-09 08:54:21,43.3520660400391,-8.4263277053833,"Unknown"
"7014855",371852,2025-11-09 08:59:23,43.3521347045898,-8.42638874053955,"Unknown"
"7014855",371852,2025-11-09 09:04:23,43.3521690368652,-8.4263744354248,"Unknown"
"7014855",371852,2025-11-09 09:09:22,43.3521537780762,-8.42644786834717,"Unknown"
"7014855",371852,2025-11-09 09:14:21,43.3521766662598,-8.42644596099854,"Unknown"
"7014855",371852,2025-11-09 09:19:21,43.352165222168,-8.42641925811768,"Unknown"
"7014855",371852,2025-11-09 09:24:24,43.3522415161133,-8.42648315429688,"Unknown"
"7014855",371852,2025-11-09 09:29:23,43.3522567749023,-8.42654037475586,"Unknown"
"7014855",371852,2025-11-09 09:34:21,43.3521690368652,-8.4263858795166,"Unknown"
"7014855",371852,2025-11-09 09:39:25,43.3523445129395,-8.42681503295898,"Unknown"
"7014855",371852,2025-11-09 09:44:22,43.3524589538574,-8.4270486831665,"Unknown"
"7014855",371852,2025-11-09 09:49:27,43.3523254394531,-8.42672061920166,"Unknown"
"7014855",371852,2025-11-09 09:54:24,43.3521156311035,-8.42620754241943,"Unknown"
"7014855",371852,2025-11-09 09:59:27,43.3523864746094,-8.42692852020264,"Unknown"
"7014855",371852,2025-11-09 10:04:27,43.3523635864258,-8.42686367034912,"Unknown"
"7014855",371852,2025-11-09 10:09:36,43.3523941040039,-8.42697429656982,"Unknown"
"7014855",371852,2025-11-09 10:14:27,43.3523941040039,-8.42700481414795,"Unknown"
"7014855",371852,2025-11-09 10:19:24,43.351921081543,-8.42587280273438,"Unknown"
"7014855",371852,2025-11-09 10:24:27,43.3525276184082,-8.4272632598877,"Unknown"
"7014855",371852,2025-11-09 10:29:29,43.3521842956543,-8.42707920074463,"Unknown"
"7014855",371852,2025-11-09 10:34:40,43.3519592285156,-8.42671680450439,"Unknown"
"7014855",371852,2025-11-09 10:39:21,43.3518905639648,-8.42653274536133,"Unknown"
"7014855",371852,2025-11-09 10:44:22,43.3525047302246,-8.42489051818848,"Unknown"
"7014855",371852,2025-11-09 10:49:21,43.3520965576172,-8.42600917816162,"Unknown"
"7014855",371852,2025-11-09 10:54:21,43.3521575927734,-8.42625141143799,"Unknown"
"7014855",371852,2025-11-09 10:59:22,43.3519172668457,-8.42656135559082,"Unknown"
"7014855",371852,2025-11-09 11:04:22,43.352123260498,-8.426438331604,"Unknown"
"7014855",371852,2025-11-09 11:09:23,43.3510704040527,-8.42560958862305,"Unknown"
"7014855",371852,2025-11-09 11:14:22,43.3520050048828,-8.42648983001709,"Unknown"
"7014855",371852,2025-11-09 11:19:24,43.3519248962402,-8.42608070373535,"Unknown"
"7014855",371852,2025-11-09 11:24:24,43.3518486022949,-8.42603874206543,"Unknown"
"7014855",371852,2025-11-09 11:29:24,43.3518486022949,-8.42640018463135,"Unknown"
"7014855",371852,2025-11-09 11:34:31,43.3518981933594,-8.42615413665771,"Unknown"
"7014855",371852,2025-11-09 11:39:41,43.3519706726074,-8.42620849609375,"Unknown"
"7014855",371852,2025-11-09 11:44:21,43.351978302002,-8.42630004882812,"Unknown"
"7014855",371852,2025-11-09 11:49:21,43.3518981933594,-8.42583751678467,"Unknown"
"7014855",371852,2025-11-09 11:54:21,43.3519477844238,-8.42598152160645,"Unknown"
"7014855",371852,2025-11-09 11:59:21,43.3519859313965,-8.42619895935059,"Unknown"
"7014855",371852,2025-11-09 12:04:23,43.3517913818359,-8.42627620697021,"Unknown"
"7014855",371852,2025-11-09 12:09:22,43.3518676757812,-8.42625045776367,"Unknown"
"7014855",371852,2025-11-09 12:14:22,43.3518867492676,-8.42636013031006,"Unknown"
"7014855",371852,2025-11-09 12:19:21,43.3519058227539,-8.42657089233398,"Unknown"
"7014855",371852,2025-11-09 12:24:22,43.3519630432129,-8.42642974853516,"Unknown"
"7014855",371852,2025-11-09 12:29:24,43.3517761230469,-8.42666339874268,"Unknown"
"7014855",371852,2025-11-09 12:34:45,43.3522720336914,-8.42677211761475,"Unknown"
"7014855",371852,2025-11-09 12:39:30,43.3523292541504,-8.42665576934814,"Unknown"
"7014855",371852,2025-11-09 12:44:27,43.3523101806641,-8.42669105529785,"Unknown"
"7014855",371852,2025-11-09 12:49:22,43.3527145385742,-8.42690277099609,"Unknown"
"7014855",371852,2025-11-09 12:54:22,43.3524894714355,-8.42675971984863,"Unknown"
"7014855",371852,2025-11-09 12:59:25,43.3523826599121,-8.4265718460083,"Unknown"
"7014855",371852,2025-11-09 13:04:24,43.3521308898926,-8.42693328857422,"Unknown"
"7014855",371852,2025-11-09 13:09:29,43.3523063659668,-8.42663192749023,"Unknown"
"7014855",371852,2025-11-09 13:14:24,43.352237701416,-8.42696380615234,"Unknown"
"7014855",371852,2025-11-09 13:19:30,43.352237701416,-8.42677211761475,"Unknown"
"7014855",371852,2025-11-09 13:24:26,43.3521003723145,-8.42641258239746,"Unknown"
"7014855",371852,2025-11-09 13:29:26,43.352108001709,-8.42634963989258,"Unknown"
"7014855",371852,2025-11-09 13:34:59,43.3521003723145,-8.42626762390137,"Unknown"
"7014855",371852,2025-11-09 13:39:21,43.3519973754883,-8.42619323730469,"Unknown"
"7014855",371852,2025-11-09 13:44:21,43.3519973754883,-8.42628955841064,"Unknown"
"7014855",371852,2025-11-09 13:49:21,43.3520240783691,-8.42627048492432,"Unknown"
"7014855",371852,2025-11-09 13:54:21,43.3519897460938,-8.42622566223145,"Unknown"
"7014855",371852,2025-11-09 13:59:21,43.3519973754883,-8.42632675170898,"Unknown"
"7014855",371852,2025-11-09 14:04:21,43.3519554138184,-8.42609119415283,"Unknown"
"7014855",371852,2025-11-09 14:09:23,43.3518180847168,-8.42603492736816,"Unknown"
"7014855",371852,2025-11-09 14:14:22,43.3519592285156,-8.42627620697021,"Unknown"
"7014855",371852,2025-11-09 14:19:22,43.3518943786621,-8.42605400085449,"Unknown"
"7014855",371852,2025-11-09 14:24:22,43.3519058227539,-8.42603206634521,"Unknown"
"7014855",371852,2025-11-09 14:29:23,43.3519477844238,-8.42622566223145,"Unknown"
"7014855",371852,2025-11-09 14:34:31,43.3519554138184,-8.42620086669922,"Unknown"
"7014855",371852,2025-11-09 14:39:22,43.3517303466797,-8.42568111419678,"Unknown"
"7014855",371852,2025-11-09 14:44:25,43.3517913818359,-8.42576503753662,"Unknown"
"7014855",371852,2025-11-09 14:49:31,43.3519515991211,-8.42613983154297,"Unknown"
"7014855",371852,2025-11-09 14:54:22,43.3520584106445,-8.42650604248047,"Unknown"
"7014855",371852,2025-11-09 14:59:31,43.3519821166992,-8.4263162612915,"Unknown"
"7014855",371852,2025-11-09 15:04:22,43.3520240783691,-8.42618274688721,"Unknown"
"7014855",371852,2025-11-09 15:09:31,43.3520202636719,-8.42621898651123,"Unknown"
"7014855",371852,2025-11-09 15:14:22,43.3520393371582,-8.42622947692871,"Unknown"
"7014855",371852,2025-11-09 15:19:31,43.3520736694336,-8.42624187469482,"Unknown"
"7014855",371852,2025-11-09 15:24:24,43.3519821166992,-8.42642688751221,"Unknown"
"7014855",371852,2025-11-09 15:29:29,43.3519096374512,-8.42619323730469,"Unknown"
"7014855",371852,2025-11-09 15:34:44,43.3519630432129,-8.42605876922607,"Unknown"
"7014855",371852,2025-11-09 15:39:22,43.3520660400391,-8.42602252960205,"Unknown"
"7014855",371852,2025-11-09 15:44:22,43.3520698547363,-8.42600536346436,"Unknown"
"7014855",371852,2025-11-09 15:49:22,43.3519515991211,-8.42605590820312,"Unknown"
"7014855",371852,2025-11-09 15:54:22,43.3519172668457,-8.42605781555176,"Unknown"
"7014855",371852,2025-11-09 15:59:22,43.351921081543,-8.42603588104248,"Unknown"
"7014855",371852,2025-11-09 16:04:22,43.3520202636719,-8.42601299285889,"Unknown"
"7014855",371852,2025-11-09 16:09:22,43.3521385192871,-8.42598915100098,"Unknown"
"7014855",371852,2025-11-09 16:14:22,43.3512687683105,-8.42613220214844,"Unknown"
"7014855",371852,2025-11-09 16:19:23,43.3517036437988,-8.42631530761719,"Unknown"
"7014855",371852,2025-11-09 16:24:23,43.3525772094727,-8.42686176300049,"Unknown"
"7014855",371852,2025-11-09 16:29:25,43.3523368835449,-8.42640018463135,"Unknown"
"7014855",371852,2025-11-09 16:34:44,43.3520202636719,-8.42600250244141,"Unknown"
"7014855",371852,2025-11-09 16:39:29,43.3519477844238,-8.42563056945801,"Unknown"
"7014855",371852,2025-11-09 16:44:23,43.3517227172852,-8.42512798309326,"Unknown"
"7014855",371852,2025-11-09 16:49:23,43.3519821166992,-8.42563152313232,"Unknown"
"7014855",371852,2025-11-09 16:54:22,43.3520698547363,-8.42555236816406,"Unknown"
"7014855",371852,2025-11-09 16:59:22,43.351936340332,-8.42587852478027,"Unknown"
"7014855",371852,2025-11-09 17:04:22,43.3520965576172,-8.42523288726807,"Unknown"
"7014855",371852,2025-11-09 17:09:23,43.3521614074707,-8.4254322052002,"Unknown"
"7014855",371852,2025-11-09 17:14:30,43.3519134521484,-8.42554092407227,"Unknown"
"7014855",371852,2025-11-09 17:19:32,43.3520660400391,-8.42486476898193,"Unknown"
"7014855",371852,2025-11-09 17:24:37,43.3532371520996,-8.42554759979248,"Unknown"
"7014855",371852,2025-11-09 17:29:34,43.3519859313965,-8.42560005187988,"Unknown"
"7014855",371852,2025-11-09 17:34:44,43.3521614074707,-8.42608833312988,"Unknown"
"7014855",371852,2025-11-09 17:39:33,43.3521270751953,-8.42614269256592,"Unknown"
"7014855",371852,2025-11-09 17:44:32,43.3524589538574,-8.42699909210205,"Unknown"
"7014855",371852,2025-11-09 17:49:31,43.352294921875,-8.42654037475586,"Unknown"
"7014855",371852,2025-11-09 17:54:37,43.3521385192871,-8.42615222930908,"Unknown"
"7014855",371852,2025-11-09 17:59:37,43.3521118164062,-8.42615985870361,"Unknown"
"7014855",371852,2025-11-09 18:04:54,43.3520126342773,-8.42617034912109,"Unknown"
"7014855",371852,2025-11-09 18:09:22,43.3519592285156,-8.426194190979,"Unknown"
"7014855",371852,2025-11-09 18:14:22,43.3520126342773,-8.42607498168945,"Unknown"
"7014855",371852,2025-11-09 18:19:21,43.3520774841309,-8.42607879638672,"Unknown"
"7014855",371852,2025-11-09 18:24:22,43.3519897460938,-8.42622566223145,"Unknown"
"7014855",371852,2025-11-09 18:29:22,43.3520126342773,-8.42597961425781,"Unknown"
"7014855",371852,2025-11-09 18:34:23,43.3519515991211,-8.426194190979,"Unknown"
"7014855",371852,2025-11-09 18:39:22,43.3519554138184,-8.42611503601074,"Unknown"
"7014855",371852,2025-11-09 18:44:23,43.3519897460938,-8.42606544494629,"Unknown"
"7014855",371852,2025-11-09 18:49:43,43.3520774841309,-8.42613220214844,"Unknown"
"7014855",371852,2025-11-09 18:54:24,43.3518180847168,-8.42622947692871,"Unknown"
"7014855",371852,2025-11-09 18:59:25,43.351879119873,-8.42633438110352,"Unknown"
"7014855",371852,2025-11-09 19:04:22,43.3520812988281,-8.42612648010254,"Unknown"
"7014855",371852,2025-11-09 19:09:23,43.3522300720215,-8.42595672607422,"Unknown"
"7014855",371852,2025-11-09 19:14:24,43.3524513244629,-8.4257984161377,"Unknown"
"7014855",371852,2025-11-09 19:19:23,43.3518867492676,-8.42630481719971,"Unknown"
"7014855",371852,2025-11-09 19:24:23,43.3521156311035,-8.42615699768066,"Unknown"
"7014855",371852,2025-11-09 19:29:25,43.3517417907715,-8.42630386352539,"Unknown"
"7014855",371852,2025-11-09 19:34:22,43.3513526916504,-8.4265718460083,"Unknown"
"7014855",371852,2025-11-09 19:39:25,43.3517227172852,-8.42642116546631,"Unknown"
"7014855",371852,2025-11-09 19:44:25,43.3511581420898,-8.42654228210449,"Unknown"
"7014855",371852,2025-11-09 19:49:47,43.3521614074707,-8.42634677886963,"Unknown"
"7014855",371852,2025-11-09 19:54:31,43.3520240783691,-8.42618179321289,"Unknown"
"7014855",371852,2025-11-09 19:59:28,43.3519554138184,-8.42636299133301,"Unknown"
"7014855",371852,2025-11-09 20:04:31,43.3519020080566,-8.42646980285645,"Unknown"
"7014855",371852,2025-11-09 20:09:31,43.3519248962402,-8.42627716064453,"Unknown"
"7014855",371852,2025-11-09 20:14:29,43.3518905639648,-8.42618465423584,"Unknown"
"7014855",371852,2025-11-09 20:19:24,43.3522415161133,-8.42613887786865,"Unknown"
"7014855",371852,2025-11-09 20:24:34,43.3521194458008,-8.42652416229248,"Unknown"
"7014855",371852,2025-11-09 20:29:24,43.3518218994141,-8.42636013031006,"Unknown"
"7014855",371852,2025-11-09 20:34:41,43.3520164489746,-8.42627620697021,"Unknown"
"7014855",371852,2025-11-09 20:39:24,43.3519477844238,-8.42617893218994,"Unknown"
"7014855",371852,2025-11-09 20:44:25,43.3520278930664,-8.42632865905762,"Unknown"
"7014855",371852,2025-11-09 20:49:26,43.3519401550293,-8.42618083953857,"Unknown"
"7014855",371852,2025-11-09 20:54:24,43.3521537780762,-8.4263858795166,"Unknown"
"7014855",371852,2025-11-09 20:59:29,43.3520050048828,-8.42621326446533,"Unknown"
"7014855",371852,2025-11-09 21:04:26,43.3519096374512,-8.42611885070801,"Unknown"
"7014855",371852,2025-11-09 21:09:28,43.3520355224609,-8.42632389068604,"Unknown"
"7014855",371852,2025-11-09 21:14:29,43.3519439697266,-8.42611694335938,"Unknown"
"7014855",371852,2025-11-09 21:19:53,43.3520011901855,-8.42619705200195,"Unknown"
"7014855",371852,2025-11-09 21:24:21,43.3520126342773,-8.42623710632324,"Unknown"
"7014855",371852,2025-11-09 21:29:21,43.3520202636719,-8.42618942260742,"Unknown"
"7014855",371852,2025-11-09 21:34:21,43.3519973754883,-8.42622566223145,"Unknown"
"7014855",371852,2025-11-09 21:39:21,43.3519439697266,-8.42622184753418,"Unknown"
"7014855",371852,2025-11-09 21:44:21,43.3519325256348,-8.42623996734619,"Unknown"
"7014855",371852,2025-11-09 21:49:22,43.3519287109375,-8.4262228012085,"Unknown"
"7014855",371852,2025-11-09 21:54:22,43.3518142700195,-8.4262523651123,"Unknown"
"7014855",371852,2025-11-09 21:59:26,43.3519668579102,-8.42614936828613,"Unknown"
"7014855",371852,2025-11-09 22:04:24,43.3518676757812,-8.42622184753418,"Unknown"
"7014855",371852,2025-11-09 22:09:25,43.3518180847168,-8.42620372772217,"Unknown"
"7014855",371852,2025-11-09 22:14:26,43.3519477844238,-8.42617607116699,"Unknown"
"7014855",371852,2025-11-09 22:19:26,43.3519668579102,-8.42619323730469,"Unknown"
"7014855",371852,2025-11-09 22:24:24,43.351879119873,-8.42613315582275,"Unknown"
"7014855",371852,2025-11-09 22:29:43,43.3520622253418,-8.4262228012085,"Unknown"
"7014855",371852,2025-11-09 22:34:21,43.3519477844238,-8.42627429962158,"Unknown"
"7014855",371852,2025-11-09 22:39:23,43.3517646789551,-8.42666053771973,"Unknown"
"7014855",371852,2025-11-09 22:44:23,43.3519668579102,-8.42633247375488,"Unknown"
"7014855",371852,2025-11-09 22:49:28,43.3518905639648,-8.42592430114746,"Unknown"
"7014855",371852,2025-11-09 22:54:25,43.3518180847168,-8.42596817016602,"Unknown"
"7014855",371852,2025-11-09 22:59:44,43.3518028259277,-8.42555713653564,"Unknown"
"7014855",371852,2025-11-09 23:04:27,43.3517379760742,-8.4251651763916,"Unknown"
"7014855",371852,2025-11-09 23:09:30,43.3517532348633,-8.42520809173584,"Unknown"
"7014855",371852,2025-11-09 23:14:27,43.3520469665527,-8.42608165740967,"Unknown"
"7014855",371852,2025-11-09 23:19:27,43.3515396118164,-8.42420673370361,"Unknown"
"7014855",371852,2025-11-09 23:24:29,43.3518714904785,-8.42602920532227,"Unknown"
"7014855",371852,2025-11-09 23:29:27,43.3519859313965,-8.42613887786865,"Unknown"
"7014855",371852,2025-11-09 23:34:23,43.3519515991211,-8.42595195770264,"Unknown"
"7014855",371852,2025-11-09 23:39:24,43.3519401550293,-8.42595481872559,"Unknown"
"7014855",371852,2025-11-09 23:44:25,43.351993560791,-8.426438331604,"Unknown"
"7014855",371852,2025-11-09 23:49:24,43.3518981933594,-8.42615985870361,"Unknown"
"7014855",371852,2025-11-09 23:54:27,43.3519706726074,-8.42642593383789,"Unknown"
"7014855",371852,2025-11-09 23:59:40,43.3519592285156,-8.42624950408936,"Unknown"
"7014855",371852,2025-11-10 00:04:27,43.3518180847168,-8.42564296722412,"Unknown"
"7014855",371852,2025-11-10 00:09:24,43.3518104553223,-8.42584609985352,"Unknown"
"7014855",371852,2025-11-10 00:14:27,43.3517990112305,-8.4257755279541,"Unknown"
"7014855",371852,2025-11-10 00:19:30,43.3518562316895,-8.42603302001953,"Unknown"
"7014855",371852,2025-11-10 00:24:30,43.351978302002,-8.42610168457031,"Unknown"
"7014855",371852,2025-11-10 00:29:30,43.3517951965332,-8.42592239379883,"Unknown"
"7014855",371852,2025-11-10 00:34:30,43.351676940918,-8.42587566375732,"Unknown"
"7014855",371852,2025-11-10 00:39:24,43.351879119873,-8.42615985870361,"Unknown"
"7014855",371852,2025-11-10 00:44:30,43.3518829345703,-8.4259614944458,"Unknown"
"7014855",371852,2025-11-10 00:49:52,43.3520355224609,-8.4261302947998,"Unknown"
"7014855",371852,2025-11-10 00:54:23,43.3520660400391,-8.4260778427124,"Unknown"
"7014855",371852,2025-11-10 00:59:23,43.3520584106445,-8.42623138427734,"Unknown"
"7014855",371852,2025-11-10 01:04:23,43.3520660400391,-8.42619895935059,"Unknown"
"7014855",371852,2025-11-10 01:09:24,43.3521308898926,-8.4261646270752,"Unknown"
"7014855",371852,2025-11-10 01:14:23,43.3520965576172,-8.42621517181396,"Unknown"
"7014855",371852,2025-11-10 01:19:23,43.3521881103516,-8.42621612548828,"Unknown"
"7014855",371852,2025-11-10 01:24:23,43.3521156311035,-8.42613124847412,"Unknown"
"7014855",371852,2025-11-10 01:29:23,43.3521385192871,-8.42622089385986,"Unknown"
"7014855",371852,2025-11-10 01:34:27,43.3521575927734,-8.42625713348389,"Unknown"
"7014855",371852,2025-11-10 01:39:29,43.3521881103516,-8.42633533477783,"Unknown"
"7014855",371852,2025-11-10 01:44:27,43.3521728515625,-8.42628288269043,"Unknown"
"7014855",371852,2025-11-10 01:49:28,43.3522300720215,-8.42643451690674,"Unknown"
"7014855",371852,2025-11-10 01:54:24,43.3520431518555,-8.42622756958008,"Unknown"
"7014855",371852,2025-11-10 01:59:41,43.3521270751953,-8.42609119415283,"Unknown"
"7014855",371852,2025-11-10 02:04:31,43.3521194458008,-8.42624664306641,"Unknown"
"7014855",371852,2025-11-10 02:09:30,43.3521194458008,-8.42626190185547,"Unknown"
"7014855",371852,2025-11-10 02:14:30,43.3521347045898,-8.42638206481934,"Unknown"
"7014855",371852,2025-11-10 02:19:23,43.3520278930664,-8.42648601531982,"Unknown"
"7014855",371852,2025-11-10 02:24:30,43.3521156311035,-8.4262523651123,"Unknown"
"7014855",371852,2025-11-10 02:29:24,43.3520812988281,-8.42636299133301,"Unknown"
"7014855",371852,2025-11-10 02:34:29,43.3521118164062,-8.42648029327393,"Unknown"
"7014855",371852,2025-11-10 02:39:30,43.3520660400391,-8.4262170791626,"Unknown"
"7014855",371852,2025-11-10 02:44:23,43.3520965576172,-8.42630195617676,"Unknown"
"7014855",371852,2025-11-10 02:49:44,43.3520927429199,-8.426100730896,"Unknown"
"7014855",371852,2025-11-10 02:54:22,43.3520278930664,-8.42612552642822,"Unknown"
"7014855",371852,2025-11-10 02:59:22,43.3520622253418,-8.42582511901855,"Unknown"
"7014855",371852,2025-11-10 03:04:23,43.3532562255859,-8.42645645141602,"Unknown"
"7014855",371852,2025-11-10 03:09:30,43.3520202636719,-8.42588138580322,"Unknown"
"7014855",371852,2025-11-10 03:14:28,43.3519897460938,-8.42600727081299,"Unknown"
"7014855",371852,2025-11-10 03:19:25,43.3518753051758,-8.4260778427124,"Unknown"
"7014855",371852,2025-11-10 03:24:23,43.351879119873,-8.42582702636719,"Unknown"
"7014855",371852,2025-11-10 03:29:27,43.3518257141113,-8.42561340332031,"Unknown"
"7014855",371852,2025-11-10 03:34:23,43.3518753051758,-8.4257698059082,"Unknown"
"7014855",371852,2025-11-10 03:39:24,43.3518905639648,-8.42613697052002,"Unknown"
"7014855",371852,2025-11-10 03:44:30,43.3522338867188,-8.42575836181641,"Unknown"
"7014855",371852,2025-11-10 03:49:37,43.3519287109375,-8.42546653747559,"Unknown"
"7014855",371852,2025-11-10 03:54:40,43.351863861084,-8.42609786987305,"Unknown"
"7014855",371852,2025-11-10 03:59:24,43.3518257141113,-8.42636775970459,"Unknown"
"7014855",371852,2025-11-10 04:04:27,43.3519058227539,-8.42581081390381,"Unknown"
"7014855",371852,2025-11-10 04:09:27,43.351921081543,-8.42573165893555,"Unknown"
"7014855",371852,2025-11-10 04:14:28,43.3519821166992,-8.42586994171143,"Unknown"
"7014855",371852,2025-11-10 04:19:25,43.3520660400391,-8.42535305023193,"Unknown"
"7014855",371852,2025-11-10 04:24:26,43.3520355224609,-8.42515754699707,"Unknown"
"7014855",371852,2025-11-10 04:29:26,43.3520088195801,-8.42519569396973,"Unknown"
"7014855",371852,2025-11-10 04:34:24,43.352108001709,-8.42449188232422,"Unknown"
"7014855",371852,2025-11-10 04:39:24,43.3520812988281,-8.42458820343018,"Unknown"
"7014855",371852,2025-11-10 04:44:31,43.3520011901855,-8.4260368347168,"Unknown"
"7014855",371852,2025-11-10 04:49:45,43.3520050048828,-8.42580986022949,"Unknown"
"7014855",371852,2025-11-10 04:54:31,43.3522148132324,-8.42631244659424,"Unknown"
"7014855",371852,2025-11-10 04:59:31,43.3523483276367,-8.42633247375488,"Unknown"
"7014855",371852,2025-11-10 05:04:31,43.3524627685547,-8.42644786834717,"Unknown"
"7014855",371852,2025-11-10 05:09:32,43.3526840209961,-8.42654895782471,"Unknown"
"7014855",371852,2025-11-10 05:14:24,43.3525199890137,-8.42622566223145,"Unknown"
"7014855",371852,2025-11-10 05:19:44,43.3523025512695,-8.42578411102295,"Unknown"
"7014855",371852,2025-11-10 05:24:30,43.3521385192871,-8.42550277709961,"Unknown"
"7014855",371852,2025-11-10 05:29:30,43.3522529602051,-8.42548084259033,"Unknown"
"7014855",371852,2025-11-10 05:34:29,43.3521347045898,-8.42537975311279,"Unknown"
"7014855",371852,2025-11-10 05:39:29,43.3522644042969,-8.42576503753662,"Unknown"
"7014855",371852,2025-11-10 05:44:28,43.3523063659668,-8.42598152160645,"Unknown"
"7014855",371852,2025-11-10 05:49:43,43.3528442382812,-8.42699241638184,"Unknown"
"7014855",371852,2025-11-10 05:54:23,43.3528518676758,-8.42688083648682,"Unknown"
"7014855",371852,2025-11-10 05:59:25,43.3525161743164,-8.42677402496338,"Unknown"
"7014855",371852,2025-11-10 06:04:24,43.3521881103516,-8.42632389068604,"Unknown"
"7014855",371852,2025-11-10 06:09:23,43.3522720336914,-8.4263801574707,"Unknown"
"7014855",371852,2025-11-10 06:14:23,43.3522033691406,-8.4262580871582,"Unknown"
"7014855",371852,2025-11-10 06:19:23,43.3522071838379,-8.42638778686523,"Unknown"
"7014855",371852,2025-11-10 06:24:25,43.3522033691406,-8.42651748657227,"Unknown"
"7014855",371852,2025-11-10 06:29:25,43.3519325256348,-8.42523860931396,"Unknown"
"7014855",371852,2025-11-10 06:34:29,43.3520851135254,-8.42598056793213,"Unknown"
"7014855",371852,2025-11-10 06:39:27,43.3520164489746,-8.42578029632568,"Unknown"
"7014855",371852,2025-11-10 06:44:28,43.3521003723145,-8.42583751678467,"Unknown"
"7014855",371852,2025-11-10 06:49:44,43.3519744873047,-8.42591381072998,"Unknown"
"7014855",371852,2025-11-10 06:54:25,43.3520050048828,-8.42640018463135,"Unknown"
"7014855",371852,2025-11-10 06:59:29,43.3520812988281,-8.42653560638428,"Unknown"
"7014855",371852,2025-11-10 07:04:25,43.3520660400391,-8.42638778686523,"Unknown"
"7014855",371852,2025-11-10 07:09:25,43.3520088195801,-8.42623138427734,"Unknown"
"7014855",371852,2025-11-10 07:14:29,43.3519477844238,-8.42623996734619,"Unknown"
"7014855",371852,2025-11-10 07:19:30,43.3520698547363,-8.42631149291992,"Unknown"
"7014855",371852,2025-11-10 07:24:23,43.3520469665527,-8.42620086669922,"Unknown"
"7014855",371852,2025-11-10 07:29:23,43.3519592285156,-8.42613506317139,"Unknown"
"7014855",371852,2025-11-10 07:34:27,43.3520889282227,-8.42630577087402,"Unknown"
"7014855",371852,2025-11-10 07:39:32,43.3522453308105,-8.42675685882568,"Unknown"
"7014855",371852,2025-11-10 07:44:32,43.3522644042969,-8.42661762237549,"Unknown"
"7014855",371852,2025-11-10 07:49:45,43.3517990112305,-8.42599296569824,"Unknown"
"7014855",371852,2025-11-10 07:54:25,43.3521041870117,-8.42630195617676,"Unknown"
"7014855",371852,2025-11-10 07:59:23,43.3516654968262,-8.42579364776611,"Unknown"
"7014855",371852,2025-11-10 08:04:25,43.3520812988281,-8.42639636993408,"Unknown"
"7014855",371852,2025-11-10 08:09:30,43.3520431518555,-8.42620182037354,"Unknown"
"7014855",371852,2025-11-10 08:14:29,43.3520698547363,-8.426438331604,"Unknown"
"7014855",371852,2025-11-10 08:19:30,43.3520050048828,-8.42549991607666,"Unknown"
"7014855",371852,2025-11-10 08:24:41,43.35205078125,-8.42535877227783,"Unknown"
"7014855",371852,2025-11-10 08:29:25,43.3520164489746,-8.4262638092041,"Unknown"
"7014855",371852,2025-11-10 08:34:53,43.351993560791,-8.42625713348389,"Unknown"
"7014855",371852,2025-11-10 08:39:21,43.3518371582031,-8.42644882202148,"Unknown"
"7014855",371852,2025-11-10 08:44:22,43.351993560791,-8.42622375488281,"Unknown"
"7014855",371852,2025-11-10 08:49:53,43.3519973754883,-8.42623519897461,"Unknown"
"7014855",371852,2025-11-10 08:54:21,43.3521499633789,-8.42626857757568,"Unknown"
"7014855",371852,2025-11-10 08:59:21,43.3519973754883,-8.42618179321289,"Unknown"
"7014855",371852,2025-11-10 09:04:21,43.3521690368652,-8.42618083953857,"Unknown"
"7014855",371852,2025-11-10 09:09:21,43.3520622253418,-8.42622375488281,"Unknown"
"7014855",371852,2025-11-10 09:14:21,43.3520851135254,-8.4262752532959,"Unknown"
"7014855",371852,2025-11-10 09:19:21,43.3520927429199,-8.42630577087402,"Unknown"
"7014855",371852,2025-11-10 09:24:22,43.3520355224609,-8.42647838592529,"Unknown"
"7014855",371852,2025-11-10 09:29:21,43.3518943786621,-8.4257640838623,"Unknown"
"7014855",371852,2025-11-10 09:34:23,43.3521156311035,-8.42611122131348,"Unknown"
"7014855",371852,2025-11-10 09:39:23,43.352222442627,-8.4266996383667,"Unknown"
"7014855",371852,2025-11-10 09:44:23,43.3523292541504,-8.42699909210205,"Unknown"
"7014855",371852,2025-11-10 09:49:44,43.3519554138184,-8.42607021331787,"Unknown"
"7014855",371852,2025-11-10 09:54:22,43.3520355224609,-8.42560577392578,"Unknown"
"7014855",371852,2025-11-10 09:59:22,43.3520774841309,-8.42580509185791,"Unknown"
"7014855",371852,2025-11-10 10:04:22,43.3519973754883,-8.42605113983154,"Unknown"
"7014855",371852,2025-11-10 10:09:21,43.3520088195801,-8.42587757110596,"Unknown"
"7014855",371852,2025-11-10 10:14:23,43.3521919250488,-8.42680358886719,"Unknown"
"7014855",371852,2025-11-10 10:19:25,43.3518867492676,-8.42592525482178,"Unknown"
"7014855",371852,2025-11-10 10:24:24,43.3520698547363,-8.42628574371338,"Unknown"
"7014855",371852,2025-11-10 10:29:24,43.3520088195801,-8.4263858795166,"Unknown"
"7014855",371852,2025-11-10 10:34:27,43.3518562316895,-8.42599773406982,"Unknown"
"7014855",371852,2025-11-10 10:39:24,43.3518524169922,-8.42530727386475,"Unknown"
"7014855",371852,2025-11-10 10:44:23,43.351993560791,-8.42574882507324,"Unknown"
"7014855",371852,2025-11-10 10:49:34,43.351921081543,-8.42600536346436,"Unknown"
"7014855",371852,2025-11-10 10:54:39,43.3521385192871,-8.4264497756958,"Unknown"
"7014855",371852,2025-11-10 10:59:23,43.3519821166992,-8.42631053924561,"Unknown"
"7014855",371852,2025-11-10 11:04:43,43.3519973754883,-8.42615795135498,"Unknown"
"7014855",371852,2025-11-10 11:09:34,43.3522682189941,-8.42587566375732,"Unknown"
"7014855",371852,2025-11-10 11:14:31,43.3526000976562,-8.425705909729,"Unknown"
"7014855",371852,2025-11-10 11:19:35,43.3520202636719,-8.4262170791626,"Unknown"
"7014855",371852,2025-11-10 11:24:32,43.351936340332,-8.42616176605225,"Unknown"
"7014855",371852,2025-11-10 11:29:29,43.3519020080566,-8.42630481719971,"Unknown"
"7014855",371852,2025-11-10 11:34:32,43.3517684936523,-8.42661571502686,"Unknown"
"7014855",371852,2025-11-10 11:39:40,43.3516540527344,-8.42674541473389,"Unknown"
"7014855",371852,2025-11-10 11:44:29,43.3520050048828,-8.42615985870361,"Unknown"
"7014855",371852,2025-11-10 11:49:30,43.3518142700195,-8.42642211914062,"Unknown"
"7014855",371852,2025-11-10 11:54:28,43.351879119873,-8.42639923095703,"Unknown"
"7014855",371852,2025-11-10 11:59:30,43.3520545959473,-8.42632675170898,"Unknown"
"7014855",371852,2025-11-10 12:04:23,43.351692199707,-8.425950050354,"Unknown"
"7014855",371852,2025-11-10 12:09:30,43.3517723083496,-8.42644596099854,"Unknown"
"7014855",371852,2025-11-10 12:14:39,43.351749420166,-8.4262228012085,"Unknown"
"7014855",371852,2025-11-10 12:19:53,43.3520317077637,-8.42626285552979,"Unknown"
"7014855",371852,2025-11-10 12:24:59,43.3520088195801,-8.42624568939209,"Unknown"
"7014855",371852,2025-11-10 12:29:21,43.3520240783691,-8.4262228012085,"Unknown"
"7014855",371852,2025-11-10 12:34:21,43.3519554138184,-8.42623519897461,"Unknown"
"7014855",371852,2025-11-10 12:39:21,43.3519897460938,-8.42625427246094,"Unknown"
"7014855",371852,2025-11-10 12:44:21,43.3519172668457,-8.42625617980957,"Unknown"
"7014855",371852,2025-11-10 12:49:21,43.3518333435059,-8.42626190185547,"Unknown"
"7014855",371852,2025-11-10 12:54:21,43.3518981933594,-8.42618274688721,"Unknown"
"7014855",371852,2025-11-10 12:59:21,43.3518867492676,-8.42622184753418,"Unknown"
"7014855",371852,2025-11-10 13:04:21,43.351936340332,-8.42621517181396,"Unknown"
"7014855",371852,2025-11-10 13:09:22,43.3518867492676,-8.42643642425537,"Unknown"
"7014855",371852,2025-11-10 13:14:21,43.3518295288086,-8.4263858795166,"Unknown"
"7014855",371852,2025-11-10 13:19:21,43.3518753051758,-8.42637538909912,"Unknown"
"7014855",371852,2025-11-10 13:24:21,43.3518142700195,-8.4264087677002,"Unknown"
"7014855",371852,2025-11-10 13:29:21,43.3518676757812,-8.42645072937012,"Unknown"
"7014855",371852,2025-11-10 13:34:21,43.3518257141113,-8.42631244659424,"Unknown"
"7014855",371852,2025-11-10 13:39:21,43.3518981933594,-8.42638206481934,"Unknown"
"7014855",371852,2025-11-10 13:44:22,43.3518905639648,-8.42632389068604,"Unknown"
"7014855",371852,2025-11-10 13:49:22,43.3518142700195,-8.42627334594727,"Unknown"
"7014855",371852,2025-11-10 13:54:21,43.3519248962402,-8.4262638092041,"Unknown"
"7014855",371852,2025-11-10 13:59:21,43.3519477844238,-8.42636775970459,"Unknown"
"7014855",371852,2025-11-10 14:04:22,43.3518943786621,-8.42621994018555,"Unknown"
"7014855",371852,2025-11-10 14:09:22,43.3518104553223,-8.42613410949707,"Unknown"
"7014855",371852,2025-11-10 14:14:21,43.3519439697266,-8.42619323730469,"Unknown"
"7014855",371852,2025-11-10 14:19:21,43.3518104553223,-8.42611217498779,"Unknown"
"7014855",371852,2025-11-10 14:24:21,43.3519897460938,-8.42627811431885,"Unknown"
"7014855",371852,2025-11-10 14:29:23,43.3525772094727,-8.42631912231445,"Unknown"
"7014855",371852,2025-11-10 14:34:28,43.3519287109375,-8.42621612548828,"Unknown"
"7014855",371852,2025-11-10 14:39:22,43.3519401550293,-8.42619514465332,"Unknown"
"7014855",371852,2025-11-10 14:44:22,43.3522262573242,-8.42628383636475,"Unknown"
"7014855",371852,2025-11-10 14:49:21,43.3524055480957,-8.42646789550781,"Unknown"
"7014855",371852,2025-11-10 14:54:22,43.3523559570312,-8.42637634277344,"Unknown"
"7014855",371852,2025-11-10 14:59:23,43.352237701416,-8.42633724212646,"Unknown"
"7014855",371852,2025-11-10 15:04:23,43.352367401123,-8.42645740509033,"Unknown"
"7014855",371852,2025-11-10 15:09:22,43.3523101806641,-8.42648601531982,"Unknown"
"7014855",371852,2025-11-10 15:14:23,43.3523559570312,-8.42662525177002,"Unknown"
"7014855",371852,2025-11-10 15:19:39,43.3520584106445,-8.42521476745605,"Unknown"
"7014855",371852,2025-11-10 15:24:44,43.3520393371582,-8.42617797851562,"Unknown"
"7014855",371852,2025-11-10 15:29:29,43.351806640625,-8.42617034912109,"Unknown"
"7014855",371852,2025-11-10 15:34:36,43.3489265441895,-8.4337272644043,"Unknown"
"7014855",371852,2025-11-10 15:39:32,43.3510246276855,-8.42645263671875,"Unknown"
"7014855",371852,2025-11-10 15:44:30,43.3519897460938,-8.42620086669922,"Unknown"
"7014855",371852,2025-11-10 15:49:53,43.3519058227539,-8.42623043060303,"Unknown"
"7014855",371852,2025-11-10 15:54:32,43.3520469665527,-8.42612552642822,"Unknown"
"7014855",371852,2025-11-10 15:59:31,43.351676940918,-8.42634391784668,"Unknown"
"7014855",371852,2025-11-10 16:04:33,43.352912902832,-8.42549133300781,"Unknown"
"7014855",371852,2025-11-10 16:09:23,43.3497505187988,-8.42904567718506,"Unknown"
"7014855",371852,2025-11-10 16:14:30,43.3478813171387,-8.42925453186035,"Unknown"
"7014855",371852,2025-11-10 16:19:31,43.3495254516602,-8.42773056030273,"Unknown"
"7014855",371852,2025-11-10 16:24:30,43.3496170043945,-8.42744827270508,"Unknown"
"7014855",371852,2025-11-10 16:29:30,43.3500442504883,-8.42711639404297,"Unknown"
"7014855",371852,2025-11-10 16:34:30,43.3503341674805,-8.42671298980713,"Unknown"
"7014855",371852,2025-11-10 16:39:30,43.3504867553711,-8.4264440536499,"Unknown"
"7014855",371852,2025-11-10 16:44:31,43.3505210876465,-8.42639446258545,"Unknown"
"7014855",371852,2025-11-10 16:49:53,43.3520202636719,-8.42618179321289,"Unknown"
"7014855",371852,2025-11-10 16:54:29,43.351505279541,-8.42455577850342,"Unknown"
"7014855",371852,2025-11-10 16:59:30,43.349681854248,-8.42088603973389,"Unknown"
"7014855",371852,2025-11-10 17:04:30,43.351921081543,-8.42636013031006,"Unknown"
"7014855",371852,2025-11-10 17:09:33,43.3553924560547,-8.43150329589844,"Unknown"
"7014855",371852,2025-11-10 17:14:56,43.3519592285156,-8.42629337310791,"Unknown"
"7014855",371852,2025-11-10 17:19:22,43.3519020080566,-8.42626190185547,"Unknown"
"7014855",371852,2025-11-10 17:24:21,43.3518905639648,-8.42611503601074,"Unknown"
"7014855",371852,2025-11-10 17:29:21,43.3520050048828,-8.42618083953857,"Unknown"
"7014855",371852,2025-11-10 17:34:22,43.3518867492676,-8.426100730896,"Unknown"
"7014855",371852,2025-11-10 17:39:21,43.3518447875977,-8.42616558074951,"Unknown"
"7014855",371852,2025-11-10 17:44:22,43.3518829345703,-8.42608165740967,"Unknown"
"7014855",371852,2025-11-10 17:49:22,43.3519897460938,-8.42618656158447,"Unknown"
"7014855",371852,2025-11-10 17:54:22,43.3518409729004,-8.42602443695068,"Unknown"
"7014855",371852,2025-11-10 17:59:22,43.3519439697266,-8.42611980438232,"Unknown"
"7014855",371852,2025-11-10 18:04:24,43.3517684936523,-8.42598628997803,"Unknown"
"7014855",371852,2025-11-10 18:09:22,43.3518409729004,-8.426100730896,"Unknown"
"7014855",371852,2025-11-10 18:14:23,43.3518257141113,-8.42604064941406,"Unknown"
"7014855",371852,2025-11-10 18:19:23,43.3521957397461,-8.42634296417236,"Unknown"
"7014855",371852,2025-11-10 18:24:23,43.3520164489746,-8.42622661590576,"Unknown"
"7014855",371852,2025-11-10 18:29:24,43.3521575927734,-8.42633056640625,"Unknown"
"7014855",371852,2025-11-10 18:34:32,43.3520851135254,-8.42625522613525,"Unknown"
"7014855",371852,2025-11-10 18:39:24,43.3518409729004,-8.42613315582275,"Unknown"
"7014855",371852,2025-11-10 18:44:42,43.3519630432129,-8.42611885070801,"Unknown"
"7014855",371852,2025-11-10 18:49:23,43.3520050048828,-8.42603015899658,"Unknown"
"7014855",371852,2025-11-10 18:54:27,43.3519706726074,-8.42609786987305,"Unknown"
"7014855",371852,2025-11-10 18:59:28,43.3519554138184,-8.42617416381836,"Unknown"
"7014855",371852,2025-11-10 19:04:30,43.3519554138184,-8.42621898651123,"Unknown"
"7014855",371852,2025-11-10 19:09:25,43.351978302002,-8.42613220214844,"Unknown"
"7014855",371852,2025-11-10 19:14:24,43.3519859313965,-8.42628002166748,"Unknown"
"7014855",371852,2025-11-10 19:19:30,43.3518905639648,-8.4259729385376,"Unknown"
"7014855",371852,2025-11-10 19:24:31,43.351879119873,-8.42596244812012,"Unknown"
"7014855",371852,2025-11-10 19:29:45,43.3519668579102,-8.42614841461182,"Unknown"
"7014855",371852,2025-11-10 19:34:28,43.351879119873,-8.42594814300537,"Unknown"
"7014855",371852,2025-11-10 19:39:28,43.3518676757812,-8.42605113983154,"Unknown"
"7014855",371852,2025-11-10 19:44:40,43.351978302002,-8.42617797851562,"Unknown"
"7014855",371852,2025-11-10 19:49:29,43.3519897460938,-8.42624092102051,"Unknown"
"7014855",371852,2025-11-10 19:54:52,43.3519897460938,-8.42620468139648,"Unknown"
"7014855",371852,2025-11-10 19:59:25,43.3520393371582,-8.42629909515381,"Unknown"
"7014855",371852,2025-11-10 20:04:27,43.3520584106445,-8.42631435394287,"Unknown"
"7014855",371852,2025-11-10 20:09:25,43.3521957397461,-8.42662525177002,"Unknown"
"7014855",371852,2025-11-10 20:14:30,43.3517608642578,-8.4256706237793,"Unknown"
"7014855",371852,2025-11-10 20:19:25,43.3519172668457,-8.42601871490479,"Unknown"
"7014855",371852,2025-11-10 20:24:30,43.3518943786621,-8.42607975006104,"Unknown"
"7014855",371852,2025-11-10 20:29:38,43.3518028259277,-8.42579364776611,"Unknown"
"7014855",371852,2025-11-10 20:34:27,43.3520278930664,-8.42627429962158,"Unknown"
"7014855",371852,2025-11-10 20:39:40,43.3518867492676,-8.42607116699219,"Unknown"
"7014855",371852,2025-11-10 20:44:30,43.3520126342773,-8.42618274688721,"Unknown"
"7014855",371852,2025-11-10 20:49:31,43.3517875671387,-8.42558765411377,"Unknown"
"7014855",371852,2025-11-10 20:54:58,43.3520240783691,-8.42618465423584,"Unknown"
"7014855",371852,2025-11-10 20:59:24,43.3521385192871,-8.42593097686768,"Unknown"
"7014855",371852,2025-11-10 21:04:59,43.3521461486816,-8.42645931243896,"Unknown"
"7014855",371852,2025-11-10 21:09:30,43.3520698547363,-8.42630386352539,"Unknown"
"7014855",371852,2025-11-10 21:14:21,43.3523101806641,-8.42624473571777,"Unknown"
"7014855",371852,2025-11-10 21:19:27,43.3520050048828,-8.42623424530029,"Unknown"
"7014855",371852,2025-11-10 21:24:22,43.3520774841309,-8.42632865905762,"Unknown"
"7014855",371852,2025-11-10 21:29:27,43.3519554138184,-8.42616081237793,"Unknown"
"7014855",371852,2025-11-10 21:34:22,43.3516960144043,-8.42605590820312,"Unknown"
"7014855",371852,2025-11-10 21:39:30,43.3520050048828,-8.42622852325439,"Unknown"
"7014855",371852,2025-11-10 21:44:24,43.3509216308594,-8.42568492889404,"Unknown"
"7014855",371852,2025-11-10 21:49:44,43.3519401550293,-8.42620944976807,"Unknown"
"7014855",371852,2025-11-10 21:54:22,43.3519706726074,-8.42618656158447,"Unknown"
"7014855",371852,2025-11-10 21:59:22,43.3519020080566,-8.42624568939209,"Unknown"
"7014855",371852,2025-11-10 22:04:27,43.3518829345703,-8.42601776123047,"Unknown"
"7014855",371852,2025-11-10 22:09:22,43.3513145446777,-8.42527961730957,"Unknown"
"7014855",371852,2025-11-10 22:14:27,43.3521347045898,-8.42617511749268,"Unknown"
"7014855",371852,2025-11-10 22:19:24,43.352481842041,-8.4268741607666,"Unknown"
"7014855",371852,2025-11-10 22:24:28,43.3523902893066,-8.42705631256104,"Unknown"
"7014855",371852,2025-11-10 22:29:29,43.352222442627,-8.42661285400391,"Unknown"
"7014855",371852,2025-11-10 22:34:32,43.3523826599121,-8.42681694030762,"Unknown"
"7014855",371852,2025-11-10 22:39:32,43.3520050048828,-8.42589092254639,"Unknown"
"7014855",371852,2025-11-10 22:44:32,43.351676940918,-8.42550277709961,"Unknown"
"7014855",371852,2025-11-10 22:49:53,43.3519744873047,-8.42627048492432,"Unknown"
"7014855",371852,2025-11-10 22:54:24,43.3520202636719,-8.4262113571167,"Unknown"
"7014855",371852,2025-11-10 22:59:22,43.3521308898926,-8.42646789550781,"Unknown"
"7014855",371852,2025-11-10 23:04:22,43.351978302002,-8.42632484436035,"Unknown"
"7014855",371852,2025-11-10 23:09:22,43.3519515991211,-8.42627811431885,"Unknown"
"7014855",371852,2025-11-10 23:14:23,43.3520202636719,-8.42627811431885,"Unknown"
"7014855",371852,2025-11-10 23:19:26,43.3519668579102,-8.42638874053955,"Unknown"
"7014855",371852,2025-11-10 23:24:23,43.3519592285156,-8.42621994018555,"Unknown"
"7014855",371852,2025-11-10 23:29:23,43.3519973754883,-8.42630386352539,"Unknown"
"7014855",371852,2025-11-10 23:34:26,43.3519973754883,-8.42626190185547,"Unknown"
"7014855",371852,2025-11-10 23:39:26,43.3519172668457,-8.42607498168945,"Unknown"
"7014855",371852,2025-11-10 23:44:24,43.3520164489746,-8.42639541625977,"Unknown"
"7014855",371852,2025-11-10 23:49:44,43.3519973754883,-8.42629623413086,"Unknown"
"7014855",371852,2025-11-10 23:54:28,43.3520050048828,-8.42632961273193,"Unknown"
"7014855",371852,2025-11-10 23:59:23,43.3517875671387,-8.4260892868042,"Unknown"
"7014855",371852,2025-11-11 00:04:23,43.3518524169922,-8.42606449127197,"Unknown"
"7014855",371852,2025-11-11 00:09:23,43.3519401550293,-8.42633438110352,"Unknown"
"7014855",371852,2025-11-11 00:14:59,43.3518371582031,-8.42607402801514,"Unknown"
"7014855",371852,2025-11-11 00:19:22,43.3519477844238,-8.42626667022705,"Unknown"
"7014855",371852,2025-11-11 00:24:23,43.3519897460938,-8.4262056350708,"Unknown"
"7014855",371852,2025-11-11 00:29:22,43.3519744873047,-8.42623424530029,"Unknown"
"7014855",371852,2025-11-11 00:34:22,43.3520240783691,-8.42630100250244,"Unknown"
"7014855",371852,2025-11-11 00:39:22,43.3520812988281,-8.42628955841064,"Unknown"
"7014855",371852,2025-11-11 00:44:23,43.3520736694336,-8.42626762390137,"Unknown"
"7014855",371852,2025-11-11 00:49:31,43.3519668579102,-8.42619228363037,"Unknown"
"7014855",371852,2025-11-11 00:54:23,43.3519630432129,-8.42624282836914,"Unknown"
"7014855",371852,2025-11-11 00:59:31,43.3519172668457,-8.42613124847412,"Unknown"
"7014855",371852,2025-11-11 01:04:24,43.3516311645508,-8.42611598968506,"Unknown"
"7014855",371852,2025-11-11 01:09:31,43.3519592285156,-8.42619705200195,"Unknown"
"7014855",371852,2025-11-11 01:14:24,43.3519058227539,-8.42618083953857,"Unknown"
"7014855",371852,2025-11-11 01:19:31,43.3520469665527,-8.42626762390137,"Unknown"
"7014855",371852,2025-11-11 01:24:23,43.3521041870117,-8.42636489868164,"Unknown"
"7014855",371852,2025-11-11 01:29:44,43.3519630432129,-8.42617225646973,"Unknown"
"7014855",371852,2025-11-11 01:34:23,43.3518486022949,-8.42621326446533,"Unknown"
"7014855",371852,2025-11-11 01:39:23,43.3518943786621,-8.42612552642822,"Unknown"
"7014855",371852,2025-11-11 01:44:23,43.351879119873,-8.42616367340088,"Unknown"
"7014855",371852,2025-11-11 01:49:44,43.3519515991211,-8.42613315582275,"Unknown"
"7014855",371852,2025-11-11 01:54:24,43.3519439697266,-8.42607593536377,"Unknown"
"7014855",371852,2025-11-11 01:59:30,43.3518714904785,-8.4261302947998,"Unknown"
"7014855",371852,2025-11-11 02:04:24,43.3518676757812,-8.4264554977417,"Unknown"
"7014855",371852,2025-11-11 02:09:24,43.3517951965332,-8.42642688751221,"Unknown"
"7014855",371852,2025-11-11 02:14:23,43.3518943786621,-8.4262580871582,"Unknown"
"7014855",371852,2025-11-11 02:19:23,43.3518600463867,-8.4263916015625,"Unknown"
"7014855",371852,2025-11-11 02:24:23,43.3519058227539,-8.42630577087402,"Unknown"
"7014855",371852,2025-11-11 02:29:23,43.3518218994141,-8.4262580871582,"Unknown"
"7014855",371852,2025-11-11 02:34:23,43.3519554138184,-8.42611598968506,"Unknown"
"7014855",371852,2025-11-11 02:39:23,43.3517990112305,-8.42651557922363,"Unknown"
"7014855",371852,2025-11-11 02:44:28,43.3518867492676,-8.42633724212646,"Unknown"
"7014855",371852,2025-11-11 02:49:44,43.3519515991211,-8.42613697052002,"Unknown"
"7014855",371852,2025-11-11 02:54:22,43.3520088195801,-8.42603492736816,"Unknown"
"7014855",371852,2025-11-11 02:59:25,43.3518714904785,-8.42623615264893,"Unknown"
"7014855",371852,2025-11-11 03:04:28,43.3520126342773,-8.42616271972656,"Unknown"
"7014855",371852,2025-11-11 03:09:28,43.3518981933594,-8.42625904083252,"Unknown"
"7014855",371852,2025-11-11 03:14:25,43.352237701416,-8.42635059356689,"Unknown"
"7014855",371852,2025-11-11 03:19:24,43.3518562316895,-8.4262523651123,"Unknown"
"7014855",371852,2025-11-11 03:24:31,43.3519592285156,-8.42626190185547,"Unknown"
"7014855",371852,2025-11-11 03:29:23,43.3517189025879,-8.42670059204102,"Unknown"
"7014855",371852,2025-11-11 03:34:23,43.3517417907715,-8.42643260955811,"Unknown"
"7014855",371852,2025-11-11 03:39:23,43.3517532348633,-8.42677021026611,"Unknown"
"7014855",371852,2025-11-11 03:44:23,43.3516044616699,-8.42718315124512,"Unknown"
"7014855",371852,2025-11-11 03:49:59,43.3519630432129,-8.42622566223145,"Unknown"
"7014855",371852,2025-11-11 03:54:22,43.3519706726074,-8.42621517181396,"Unknown"
"7014855",371852,2025-11-11 03:59:22,43.3519325256348,-8.42620944976807,"Unknown"
"7014855",371852,2025-11-11 04:04:22,43.3519744873047,-8.42620658874512,"Unknown"
"7014855",371852,2025-11-11 04:09:22,43.3519477844238,-8.42632961273193,"Unknown"
"7014855",371852,2025-11-11 04:14:23,43.352123260498,-8.42608261108398,"Unknown"
"7014855",371852,2025-11-11 04:19:23,43.3519058227539,-8.42636013031006,"Unknown"
"7014855",371852,2025-11-11 04:24:22,43.3519554138184,-8.42622566223145,"Unknown"
"7014855",371852,2025-11-11 04:29:22,43.3519706726074,-8.42604827880859,"Unknown"
"7014855",371852,2025-11-11 04:34:24,43.3519134521484,-8.42643070220947,"Unknown"
"7014855",371852,2025-11-11 04:39:23,43.3520278930664,-8.42624950408936,"Unknown"
"7014855",371852,2025-11-11 04:44:23,43.3520240783691,-8.42629909515381,"Unknown"
"7014855",371852,2025-11-11 04:49:23,43.3519477844238,-8.42617893218994,"Unknown"
"7014855",371852,2025-11-11 04:54:24,43.3520011901855,-8.42630767822266,"Unknown"
"7014855",371852,2025-11-11 04:59:44,43.3519668579102,-8.42628383636475,"Unknown"
"7014855",371852,2025-11-11 05:04:22,43.3520011901855,-8.4261999130249,"Unknown"
"7014855",371852,2025-11-11 05:09:24,43.3519897460938,-8.42623043060303,"Unknown"
"7014855",371852,2025-11-11 05:14:24,43.3520317077637,-8.42620658874512,"Unknown"
"7014855",371852,2025-11-11 05:19:24,43.3518524169922,-8.4261417388916,"Unknown"
"7014855",371852,2025-11-11 05:24:24,43.3517723083496,-8.4261417388916,"Unknown"
"7014855",371852,2025-11-11 05:29:25,43.351978302002,-8.4263219833374,"Unknown"
"7014855",371852,2025-11-11 05:34:32,43.3519744873047,-8.4262866973877,"Unknown"
"7014855",371852,2025-11-11 05:39:30,43.3520355224609,-8.42628765106201,"Unknown"
"7014855",371852,2025-11-11 05:44:35,43.3520355224609,-8.42631340026855,"Unknown"
"7014855",371852,2025-11-11 05:49:33,43.351936340332,-8.42625999450684,"Unknown"
"7014855",371852,2025-11-11 05:54:32,43.3519058227539,-8.42620182037354,"Unknown"
"7014855",371852,2025-11-11 05:59:44,43.3519821166992,-8.42622566223145,"Unknown"
"7014855",371852,2025-11-11 06:04:24,43.3520584106445,-8.42632293701172,"Unknown"
"7014855",371852,2025-11-11 06:09:31,43.351936340332,-8.42619609832764,"Unknown"
"7014855",371852,2025-11-11 06:14:31,43.3519287109375,-8.42618846893311,"Unknown"
"7014855",371852,2025-11-11 06:19:31,43.3519668579102,-8.42624950408936,"Unknown"
"7014855",371852,2025-11-11 06:24:31,43.3519821166992,-8.4263162612915,"Unknown"
"7014855",371852,2025-11-11 06:29:31,43.3519096374512,-8.42625713348389,"Unknown"
"7014855",371852,2025-11-11 06:34:31,43.3520545959473,-8.42643165588379,"Unknown"
"7014855",371852,2025-11-11 06:39:31,43.3518905639648,-8.42614364624023,"Unknown"
"7014855",371852,2025-11-11 06:44:30,43.3518829345703,-8.42597198486328,"Unknown"
"7014855",371852,2025-11-11 06:49:59,43.3520126342773,-8.42629241943359,"Unknown"
"7014855",371852,2025-11-11 06:54:44,43.3520317077637,-8.42632961273193,"Unknown"
"7014855",371852,2025-11-11 06:59:23,43.3518981933594,-8.4262752532959,"Unknown"
"7014855",371852,2025-11-11 07:04:23,43.3519325256348,-8.42627334594727,"Unknown"
"7014855",371852,2025-11-11 07:09:51,43.3519744873047,-8.42628479003906,"Unknown"
"7014855",371852,2025-11-11 07:14:50,43.3511123657227,-8.42697715759277,"Unknown"
"7014855",371852,2025-11-11 07:19:30,43.3513412475586,-8.4267406463623,"Unknown"
"7014855",371852,2025-11-11 07:24:30,43.3519554138184,-8.42623424530029,"Unknown"
"7014855",371852,2025-11-11 07:29:31,43.3524703979492,-8.42574501037598,"Unknown"
"7014855",371852,2025-11-11 07:34:42,43.3530120849609,-8.42549228668213,"Unknown"
"7014855",371852,2025-11-11 07:39:39,43.3526420593262,-8.42575645446777,"Unknown"
"7014855",371852,2025-11-11 07:45:05,43.3520050048828,-8.42621326446533,"Unknown"
"7014855",371852,2025-11-11 07:49:22,43.352108001709,-8.42612361907959,"Unknown"
"7014855",371852,2025-11-11 07:54:22,43.3519706726074,-8.42622947692871,"Unknown"
"7014855",371852,2025-11-11 07:59:24,43.3518867492676,-8.42622947692871,"Unknown"
"7014855",371852,2025-11-11 08:04:22,43.3520889282227,-8.42607402801514,"Unknown"
"7014855",371852,2025-11-11 08:09:23,43.3519248962402,-8.4261646270752,"Unknown"
"7014855",371852,2025-11-11 08:14:59,43.351936340332,-8.42621326446533,"Unknown"
"7014855",371852,2025-11-11 08:19:22,43.3518981933594,-8.42584896087646,"Unknown"
"7014855",371852,2025-11-11 08:24:23,43.3518981933594,-8.42619800567627,"Unknown"
"7014855",371852,2025-11-11 08:29:23,43.3518714904785,-8.4260950088501,"Unknown"
"7014855",371852,2025-11-11 08:34:23,43.351734161377,-8.42551040649414,"Unknown"
"7014855",371852,2025-11-11 08:39:24,43.3514862060547,-8.42497253417969,"Unknown"
"7014855",371852,2025-11-11 08:44:28,43.3521347045898,-8.42621040344238,"Unknown"
"7014855",371852,2025-11-11 08:49:44,43.3519744873047,-8.42624664306641,"Unknown"
"7014855",371852,2025-11-11 08:54:23,43.3520317077637,-8.42633724212646,"Unknown"
"7014855",371852,2025-11-11 08:59:23,43.3521118164062,-8.42653179168701,"Unknown"
"7014855",371852,2025-11-11 09:04:27,43.3519668579102,-8.42618846893311,"Unknown"
"7014855",371852,2025-11-11 09:09:23,43.3519821166992,-8.42628860473633,"Unknown"
"7014855",371852,2025-11-11 09:14:22,43.3520278930664,-8.42605018615723,"Unknown"
"7014855",371852,2025-11-11 09:19:23,43.3520088195801,-8.42628288269043,"Unknown"
"7014855",371852,2025-11-11 09:24:23,43.3519325256348,-8.42639636993408,"Unknown"
"7014855",371852,2025-11-11 09:29:23,43.351936340332,-8.42615222930908,"Unknown"
"7014855",371852,2025-11-11 09:34:25,43.351993560791,-8.42619132995605,"Unknown"
"7014855",371852,2025-11-11 09:39:23,43.3519668579102,-8.42617130279541,"Unknown"
"7014855",371852,2025-11-11 09:44:23,43.35205078125,-8.42635822296143,"Unknown"
"7014855",371852,2025-11-11 09:49:24,43.3520011901855,-8.42635345458984,"Unknown"
"7014855",371852,2025-11-11 09:54:24,43.3515319824219,-8.42543506622314,"Unknown"
"7014855",371852,2025-11-11 09:59:25,43.3518524169922,-8.42631053924561,"Unknown"
"7014855",371852,2025-11-11 10:04:24,43.3521728515625,-8.42653942108154,"Unknown"
"7014855",371852,2025-11-11 10:09:24,43.3521614074707,-8.42630386352539,"Unknown"
"7014855",371852,2025-11-11 10:14:25,43.3519515991211,-8.42632579803467,"Unknown"
"7014855",371852,2025-11-11 10:19:27,43.3519706726074,-8.42621231079102,"Unknown"
"7014855",371852,2025-11-11 10:24:27,43.3519973754883,-8.42618751525879,"Unknown"
"7014855",371852,2025-11-11 10:29:28,43.3519706726074,-8.42624282836914,"Unknown"
"7014855",371852,2025-11-11 10:34:29,43.3518943786621,-8.42590522766113,"Unknown"
"7014855",371852,2025-11-11 10:39:41,43.351936340332,-8.42613697052002,"Unknown"
"7014855",371852,2025-11-11 10:44:23,43.3518981933594,-8.42590427398682,"Unknown"
"7014855",371852,2025-11-11 10:49:24,43.3511505126953,-8.42477321624756,"Unknown"
"7014855",371852,2025-11-11 10:54:29,43.3516159057617,-8.42562294006348,"Unknown"
"7014855",371852,2025-11-11 10:59:30,43.351921081543,-8.42618942260742,"Unknown"
"7014855",371852,2025-11-11 11:04:28,43.3523406982422,-8.42670440673828,"Unknown"
"7014855",371852,2025-11-11 11:09:29,43.3522872924805,-8.42646312713623,"Unknown"
"7014855",371852,2025-11-11 11:14:28,43.3522186279297,-8.42634773254395,"Unknown"
"7014855",371852,2025-11-11 11:19:28,43.3521766662598,-8.42636775970459,"Unknown"
"7014855",371852,2025-11-11 11:24:23,43.3520927429199,-8.42673969268799,"Unknown"
"7014855",371852,2025-11-11 11:29:28,43.3520774841309,-8.42632389068604,"Unknown"
"7014855",371852,2025-11-11 11:34:44,43.3518943786621,-8.42625522613525,"Unknown"
"7014855",371852,2025-11-11 11:39:27,43.3519325256348,-8.42627429962158,"Unknown"
"7014855",371852,2025-11-11 11:44:32,43.3519325256348,-8.42646789550781,"Unknown"
"7014855",371852,2025-11-11 11:49:44,43.3520011901855,-8.42635345458984,"Unknown"
"7014855",371852,2025-11-11 11:54:44,43.3521003723145,-8.42633724212646,"Unknown"
"7014855",371852,2025-11-11 11:59:29,43.3519096374512,-8.42593574523926,"Unknown"
"7014855",371852,2025-11-11 12:04:30,43.3520545959473,-8.42610931396484,"Unknown"
"7014855",371852,2025-11-11 12:09:46,43.3520278930664,-8.42612743377686,"Unknown"
"7014855",371852,2025-11-11 12:14:28,43.3521385192871,-8.42627239227295,"Unknown"
"7014855",371852,2025-11-11 12:19:30,43.3520698547363,-8.42609977722168,"Unknown"
"7014855",371852,2025-11-11 12:24:31,43.3521842956543,-8.42636299133301,"Unknown"
"7014855",371852,2025-11-11 12:29:28,43.3521156311035,-8.42628860473633,"Unknown"
"7014855",371852,2025-11-11 12:34:30,43.3520050048828,-8.4262113571167,"Unknown"
"7014855",371852,2025-11-11 12:39:30,43.3522262573242,-8.42737770080566,"Unknown"
"7014855",371852,2025-11-11 12:44:48,43.3519020080566,-8.42612648010254,"Unknown"
"7014855",371852,2025-11-11 12:50:00,43.3519821166992,-8.4262752532959,"Unknown"
"7014855",371852,2025-11-11 12:54:22,43.3518486022949,-8.42618465423584,"Unknown"
"7014855",371852,2025-11-11 12:59:23,43.3518409729004,-8.42599391937256,"Unknown"
"7014855",371852,2025-11-11 13:04:27,43.3519897460938,-8.42625141143799,"Unknown"
"7014855",371852,2025-11-11 13:09:27,43.3519172668457,-8.42617034912109,"Unknown"
"7014855",371852,2025-11-11 13:14:23,43.3519515991211,-8.42630481719971,"Unknown"
"7014855",371852,2025-11-11 13:19:23,43.3518981933594,-8.42625045776367,"Unknown"
"7014855",371852,2025-11-11 13:24:23,43.3519592285156,-8.42621898651123,"Unknown"
"7014855",371852,2025-11-11 13:29:23,43.3519058227539,-8.42596530914307,"Unknown"
"7014855",371852,2025-11-11 13:34:22,43.3518371582031,-8.42579364776611,"Unknown"
"7014855",371852,2025-11-11 13:39:23,43.3519096374512,-8.42616558074951,"Unknown"
"7014855",371852,2025-11-11 13:44:22,43.3519401550293,-8.42611312866211,"Unknown"
"7014855",371852,2025-11-11 13:49:44,43.3519325256348,-8.42613506317139,"Unknown"
"7014855",371852,2025-11-11 13:54:22,43.3520050048828,-8.42620086669922,"Unknown"
"7014855",371852,2025-11-11 13:59:23,43.3520088195801,-8.42608070373535,"Unknown"
"7014855",371852,2025-11-11 14:04:23,43.3519859313965,-8.42633438110352,"Unknown"
"7014855",371852,2025-11-11 14:10:05,43.3519706726074,-8.4261999130249,"Unknown"
"7014855",371852,2025-11-11 14:14:23,43.3520393371582,-8.42619132995605,"Unknown"
"7014855",371852,2025-11-11 14:19:23,43.351921081543,-8.42615413665771,"Unknown"
"7014855",371852,2025-11-11 14:24:23,43.3520011901855,-8.42623138427734,"Unknown"
"7014855",371852,2025-11-11 14:29:23,43.3520164489746,-8.42628574371338,"Unknown"
"7014855",371852,2025-11-11 14:34:23,43.3520011901855,-8.42623615264893,"Unknown"
"7014855",371852,2025-11-11 14:39:23,43.3518829345703,-8.42611503601074,"Unknown"
"7014855",371852,2025-11-11 14:44:23,43.3519515991211,-8.426194190979,"Unknown"
"7014855",371852,2025-11-11 14:49:32,43.3519859313965,-8.42617988586426,"Unknown"
"7014855",371852,2025-11-11 14:54:32,43.3519668579102,-8.42614936828613,"Unknown"
"7014855",371852,2025-11-11 14:59:33,43.3520355224609,-8.42620849609375,"Unknown"
"7014855",371852,2025-11-11 15:04:33,43.3520851135254,-8.4262866973877,"Unknown"
"7014855",371852,2025-11-11 15:09:38,43.3520927429199,-8.42632102966309,"Unknown"
"7014855",371852,2025-11-11 15:15:05,43.3520278930664,-8.42620372772217,"Unknown"
"7014855",371852,2025-11-11 15:19:22,43.3520011901855,-8.42621421813965,"Unknown"
"7014855",371852,2025-11-11 15:24:22,43.351993560791,-8.42616558074951,"Unknown"
"7014855",371852,2025-11-11 15:29:22,43.351993560791,-8.42618370056152,"Unknown"
"7014855",371852,2025-11-11 15:34:22,43.3519630432129,-8.42618274688721,"Unknown"
"7014855",371852,2025-11-11 15:39:22,43.3519477844238,-8.4261360168457,"Unknown"
"7014855",371852,2025-11-11 15:44:23,43.3519744873047,-8.42614269256592,"Unknown"
"7014855",371852,2025-11-11 15:49:22,43.3520202636719,-8.4261302947998,"Unknown"
"7014855",371852,2025-11-11 15:54:22,43.3519706726074,-8.4262523651123,"Unknown"
"7014855",371852,2025-11-11 15:59:24,43.3519515991211,-8.42605876922607,"Unknown"
"7014855",371852,2025-11-11 16:04:22,43.3519859313965,-8.42607688903809,"Unknown"
"7014855",371852,2025-11-11 16:09:22,43.3519325256348,-8.42615413665771,"Unknown"
"7014855",371852,2025-11-11 16:14:22,43.3520164489746,-8.42607307434082,"Unknown"
"7014855",371852,2025-11-11 16:19:22,43.3519859313965,-8.42626285552979,"Unknown"
"7014855",371852,2025-11-11 16:24:22,43.3519477844238,-8.42624378204346,"Unknown"
"7014855",371852,2025-11-11 16:29:24,43.3519630432129,-8.42634963989258,"Unknown"
"7014855",371852,2025-11-11 16:34:23,43.3519744873047,-8.42629909515381,"Unknown"
"7014855",371852,2025-11-11 16:39:22,43.3519592285156,-8.42618942260742,"Unknown"
"7014855",371852,2025-11-11 16:44:23,43.3519401550293,-8.42612838745117,"Unknown"
"7014855",371852,2025-11-11 16:49:22,43.3519554138184,-8.42618846893311,"Unknown"
"7014855",371852,2025-11-11 16:54:22,43.3520088195801,-8.42616748809814,"Unknown"
"7014855",371852,2025-11-11 16:59:23,43.3520240783691,-8.42622184753418,"Unknown"
"7014855",371852,2025-11-11 17:04:25,43.3521347045898,-8.42626857757568,"Unknown"
"7014855",371852,2025-11-11 17:09:28,43.3519897460938,-8.42620849609375,"Unknown"
"7014855",371852,2025-11-11 17:14:25,43.3522682189941,-8.42632293701172,"Unknown"
"7014855",371852,2025-11-11 17:19:53,43.351993560791,-8.42609119415283,"Unknown"
"7014855",371852,2025-11-11 17:24:27,43.3519592285156,-8.42610263824463,"Unknown"
"7014855",371852,2025-11-11 17:29:43,43.3519668579102,-8.42609310150146,"Unknown"
"7014855",371852,2025-11-11 17:34:24,43.3520469665527,-8.42623901367188,"Unknown"
"7014855",371852,2025-11-11 17:39:24,43.3521308898926,-8.42630100250244,"Unknown"
"7014855",371852,2025-11-11 17:44:23,43.3521537780762,-8.42622852325439,"Unknown"
"7014855",371852,2025-11-11 17:50:05,43.3520164489746,-8.42618846893311,"Unknown"
"7014855",371852,2025-11-11 17:54:22,43.3519897460938,-8.42616844177246,"Unknown"
"7014855",371852,2025-11-11 17:59:23,43.3520355224609,-8.42624378204346,"Unknown"
"7014855",371852,2025-11-11 18:04:22,43.3519554138184,-8.42620277404785,"Unknown"
"7014855",371852,2025-11-11 18:09:22,43.351921081543,-8.42617893218994,"Unknown"
"7014855",371852,2025-11-11 18:14:23,43.3519515991211,-8.4262228012085,"Unknown"
"7014855",371852,2025-11-11 18:19:22,43.3519439697266,-8.42618751525879,"Unknown"
"7014855",371852,2025-11-11 18:24:22,43.3519897460938,-8.4262523651123,"Unknown"
"7014855",371852,2025-11-11 18:29:23,43.3519477844238,-8.42621803283691,"Unknown"
"7014855",371852,2025-11-11 18:34:23,43.3519592285156,-8.42620944976807,"Unknown"
"7014855",371852,2025-11-11 18:39:25,43.3519821166992,-8.42623043060303,"Unknown"
"7014855",371852,2025-11-11 18:44:25,43.3520431518555,-8.42628383636475,"Unknown"
"7014855",371852,2025-11-11 18:49:25,43.3519744873047,-8.42618274688721,"Unknown"
"7014855",371852,2025-11-11 18:54:24,43.3518028259277,-8.42615795135498,"Unknown"
"7014855",371852,2025-11-11 18:59:25,43.3519096374512,-8.426025390625,"Unknown"
"7014855",371852,2025-11-11 19:04:27,43.3520965576172,-8.42606067657471,"Unknown"
"7014855",371852,2025-11-11 19:09:27,43.351978302002,-8.42622089385986,"Unknown"
"7014855",371852,2025-11-11 19:14:24,43.3519515991211,-8.42608165740967,"Unknown"
"7014855",371852,2025-11-11 19:19:29,43.3517761230469,-8.42605495452881,"Unknown"
"7014855",371852,2025-11-11 19:24:24,43.3520431518555,-8.4263162612915,"Unknown"
"7014855",371852,2025-11-11 19:29:24,43.3518753051758,-8.42585372924805,"Unknown"
"7014855",371852,2025-11-11 19:34:27,43.3519630432129,-8.42635822296143,"Unknown"
"7014855",371852,2025-11-11 19:39:23,43.3521995544434,-8.42642879486084,"Unknown"
"7014855",371852,2025-11-11 19:44:22,43.3518714904785,-8.42627716064453,"Unknown"
"7014855",371852,2025-11-11 19:49:22,43.3518562316895,-8.42590141296387,"Unknown"
"7014855",371852,2025-11-11 19:54:24,43.3520164489746,-8.42618179321289,"Unknown"
"7014855",371852,2025-11-11 19:59:24,43.3520355224609,-8.42598533630371,"Unknown"
"7014855",371852,2025-11-11 20:04:45,43.351978302002,-8.42626667022705,"Unknown"
"7014855",371852,2025-11-11 20:09:25,43.3519821166992,-8.42617416381836,"Unknown"
"7014855",371852,2025-11-11 20:14:23,43.352180480957,-8.42615413665771,"Unknown"
"7014855",371852,2025-11-11 20:19:24,43.3514976501465,-8.42595195770264,"Unknown"
"7014855",371852,2025-11-11 20:24:23,43.3519020080566,-8.42601013183594,"Unknown"
"7014855",371852,2025-11-11 20:29:23,43.3518600463867,-8.42604923248291,"Unknown"
"7014855",371852,2025-11-11 20:34:23,43.3514060974121,-8.42600345611572,"Unknown"
"7014855",371852,2025-11-11 20:39:24,43.3524208068848,-8.42662715911865,"Unknown"
"7014855",371852,2025-11-11 20:44:28,43.351921081543,-8.42624759674072,"Unknown"
"7014855",371852,2025-11-11 20:49:45,43.3521118164062,-8.42635440826416,"Unknown"
"7014855",371852,2025-11-11 20:54:30,43.3520584106445,-8.42629718780518,"Unknown"
"7014855",371852,2025-11-11 20:59:32,43.3521003723145,-8.42630863189697,"Unknown"
"7014855",371852,2025-11-11 21:04:59,43.3521957397461,-8.42630767822266,"Unknown"
"7014855",371852,2025-11-11 21:09:22,43.3520927429199,-8.42623805999756,"Unknown"
"7014855",371852,2025-11-11 21:14:22,43.3521842956543,-8.42629241943359,"Unknown"
"7014855",371852,2025-11-11 21:19:22,43.352180480957,-8.42645359039307,"Unknown"
"7014855",371852,2025-11-11 21:24:22,43.3522300720215,-8.42638492584229,"Unknown"
"7014855",371852,2025-11-11 21:29:22,43.3521041870117,-8.42642498016357,"Unknown"
"7014855",371852,2025-11-11 21:34:22,43.3521041870117,-8.42642593383789,"Unknown"
"7014855",371852,2025-11-11 21:39:22,43.352222442627,-8.42647266387939,"Unknown"
"7014855",371852,2025-11-11 21:44:22,43.3521385192871,-8.42644691467285,"Unknown"
"7014855",371852,2025-11-11 21:49:30,43.35205078125,-8.42616748809814,"Unknown"
"7014855",371852,2025-11-11 21:54:42,43.3520469665527,-8.426100730896,"Unknown"
"7014855",371852,2025-11-11 21:59:25,43.3521842956543,-8.42713165283203,"Unknown"
"7014855",371852,2025-11-11 22:04:31,43.3521194458008,-8.42682552337646,"Unknown"
"7014855",371852,2025-11-11 22:09:31,43.3519477844238,-8.4262228012085,"Unknown"
"7014855",371852,2025-11-11 22:14:24,43.3520202636719,-8.42644596099854,"Unknown"
"7014855",371852,2025-11-11 22:19:23,43.3519401550293,-8.42638206481934,"Unknown"
"7014855",371852,2025-11-11 22:24:25,43.3520698547363,-8.42645454406738,"Unknown"
"7014855",371852,2025-11-11 22:29:24,43.3520545959473,-8.42627906799316,"Unknown"
"7014855",371852,2025-11-11 22:34:30,43.3520278930664,-8.42629528045654,"Unknown"
"7014855",371852,2025-11-11 22:39:27,43.3520164489746,-8.42636585235596,"Unknown"
"7014855",371852,2025-11-11 22:44:28,43.3520088195801,-8.42656517028809,"Unknown"
"7014855",371852,2025-11-11 22:49:44,43.3519897460938,-8.42621326446533,"Unknown"
"7014855",371852,2025-11-11 22:54:22,43.3520088195801,-8.42624950408936,"Unknown"
"7014855",371852,2025-11-11 22:59:22,43.3520393371582,-8.42619037628174,"Unknown"
"7014855",371852,2025-11-11 23:04:22,43.3520317077637,-8.42628860473633,"Unknown"
"7014855",371852,2025-11-11 23:09:22,43.3520278930664,-8.42622947692871,"Unknown"
"7014855",371852,2025-11-11 23:14:23,43.3519325256348,-8.42616271972656,"Unknown"
"7014855",371852,2025-11-11 23:19:27,43.3520431518555,-8.42644023895264,"Unknown"
"7014855",371852,2025-11-11 23:24:23,43.3520889282227,-8.42660236358643,"Unknown"
"7014855",371852,2025-11-11 23:29:23,43.3520164489746,-8.42633438110352,"Unknown"
"7014855",371852,2025-11-11 23:34:22,43.3520164489746,-8.42638397216797,"Unknown"
"7014855",371852,2025-11-11 23:39:24,43.3519287109375,-8.42620372772217,"Unknown"
"7014855",371852,2025-11-11 23:44:25,43.3521041870117,-8.42658233642578,"Unknown"
"7014855",371852,2025-11-11 23:49:44,43.3519554138184,-8.42625617980957,"Unknown"
"7014855",371852,2025-11-11 23:54:23,43.35205078125,-8.42642116546631,"Unknown"
"7014855",371852,2025-11-11 23:59:24,43.3518676757812,-8.4263219833374,"Unknown"
"7014855",371852,2025-11-12 00:04:24,43.3520317077637,-8.42644119262695,"Unknown"
"7014855",371852,2025-11-12 00:09:25,43.3518867492676,-8.42619132995605,"Unknown"
"7014855",371852,2025-11-12 00:14:24,43.35205078125,-8.42641353607178,"Unknown"
"7014855",371852,2025-11-12 00:19:25,43.3519630432129,-8.42626285552979,"Unknown"
"7014855",371852,2025-11-12 00:24:24,43.3521461486816,-8.42648506164551,"Unknown"
"7014855",371852,2025-11-12 00:29:29,43.3519172668457,-8.42602062225342,"Unknown"
"7014855",371852,2025-11-12 00:34:44,43.3518943786621,-8.4262056350708,"Unknown"
"7014855",371852,2025-11-12 00:39:43,43.3520278930664,-8.42612075805664,"Unknown"
"7014855",371852,2025-11-12 00:44:32,43.3520851135254,-8.42589855194092,"Unknown"
"7014855",371852,2025-11-12 00:49:44,43.3520660400391,-8.42606067657471,"Unknown"
"7014855",371852,2025-11-12 00:54:23,43.351806640625,-8.42635536193848,"Unknown"
"7014855",371852,2025-11-12 00:59:23,43.3514175415039,-8.42678070068359,"Unknown"
"7014855",371852,2025-11-12 01:04:30,43.351921081543,-8.42630004882812,"Unknown"
"7014855",371852,2025-11-12 01:09:30,43.3521995544434,-8.42613697052002,"Unknown"
"7014855",371852,2025-11-12 01:14:31,43.3521194458008,-8.42618370056152,"Unknown"
"7014855",371852,2025-11-12 01:19:27,43.3520469665527,-8.42624759674072,"Unknown"
"7014855",371852,2025-11-12 01:24:27,43.3521041870117,-8.42622375488281,"Unknown"
"7014855",371852,2025-11-12 01:29:27,43.3519172668457,-8.42629051208496,"Unknown"
"7014855",371852,2025-11-12 01:34:43,43.3518333435059,-8.42632579803467,"Unknown"
"7014855",371852,2025-11-12 01:39:24,43.3515014648438,-8.42624092102051,"Unknown"
"7014855",371852,2025-11-12 01:44:27,43.3523750305176,-8.42597103118896,"Unknown"
"7014855",371852,2025-11-12 01:49:30,43.3517837524414,-8.42634296417236,"Unknown"
"7014855",371852,2025-11-12 01:54:53,43.3513069152832,-8.42626953125,"Unknown"
"7014855",371852,2025-11-12 01:59:24,43.3513412475586,-8.426194190979,"Unknown"
"7014855",371852,2025-11-12 02:04:27,43.3516807556152,-8.42620086669922,"Unknown"
"7014855",371852,2025-11-12 02:09:27,43.351734161377,-8.42625713348389,"Unknown"
"7014855",371852,2025-11-12 02:14:27,43.3517951965332,-8.42622470855713,"Unknown"
"7014855",371852,2025-11-12 02:19:27,43.3517990112305,-8.42626094818115,"Unknown"
"7014855",371852,2025-11-12 02:24:58,43.3519821166992,-8.42605686187744,"Unknown"
"7014855",371852,2025-11-12 02:29:27,43.3519172668457,-8.42621803283691,"Unknown"
"7014855",371852,2025-11-12 02:34:23,43.3518829345703,-8.42632579803467,"Unknown"
"7014855",371852,2025-11-12 02:39:23,43.3519973754883,-8.42637062072754,"Unknown"
"7014855",371852,2025-11-12 02:44:23,43.3518333435059,-8.4262523651123,"Unknown"
"7014855",371852,2025-11-12 02:49:22,43.3517761230469,-8.42633724212646,"Unknown"
"7014855",371852,2025-11-12 02:54:23,43.3517189025879,-8.42624855041504,"Unknown"
"7014855",371852,2025-11-12 03:00:05,43.3520278930664,-8.42617321014404,"Unknown"
"7014855",371852,2025-11-12 03:04:22,43.3525047302246,-8.42627906799316,"Unknown"
"7014855",371852,2025-11-12 03:09:22,43.35205078125,-8.42623138427734,"Unknown"
"7014855",371852,2025-11-12 03:14:22,43.3519477844238,-8.42625904083252,"Unknown"
"7014855",371852,2025-11-12 03:19:23,43.3519515991211,-8.42619514465332,"Unknown"
"7014855",371852,2025-11-12 03:24:22,43.351921081543,-8.42621994018555,"Unknown"
"7014855",371852,2025-11-12 03:29:22,43.3520088195801,-8.42623329162598,"Unknown"
"7014855",371852,2025-11-12 03:34:25,43.3519630432129,-8.42621994018555,"Unknown"
"7014855",371852,2025-11-12 03:39:22,43.3519706726074,-8.42616939544678,"Unknown"
"7014855",371852,2025-11-12 03:44:36,43.3519973754883,-8.42615795135498,"Unknown"
"7014855",371852,2025-11-12 03:49:44,43.3520088195801,-8.42611885070801,"Unknown"
"7014855",371852,2025-11-12 03:54:22,43.351978302002,-8.42606639862061,"Unknown"
"7014855",371852,2025-11-12 03:59:27,43.3519973754883,-8.4260950088501,"Unknown"
"7014855",371852,2025-11-12 04:04:28,43.3519248962402,-8.42618274688721,"Unknown"
"7014855",371852,2025-11-12 04:09:28,43.3519630432129,-8.42607116699219,"Unknown"
"7014855",371852,2025-11-12 04:14:31,43.3519058227539,-8.42633056640625,"Unknown"
"7014855",371852,2025-11-12 04:19:32,43.3520011901855,-8.42614364624023,"Unknown"
"7014855",371852,2025-11-12 04:24:29,43.3519630432129,-8.42601108551025,"Unknown"
"7014855",371852,2025-11-12 04:29:29,43.3519821166992,-8.42615413665771,"Unknown"
"7014855",371852,2025-11-12 04:34:29,43.3519706726074,-8.42617511749268,"Unknown"
"7014855",371852,2025-11-12 04:39:30,43.3519706726074,-8.42611503601074,"Unknown"
"7014855",371852,2025-11-12 04:44:30,43.3520278930664,-8.42602157592773,"Unknown"
"7014855",371852,2025-11-12 04:50:05,43.351921081543,-8.42626190185547,"Unknown"
"7014855",371852,2025-11-12 04:54:28,43.3520164489746,-8.42617607116699,"Unknown"
"7014855",371852,2025-11-12 04:59:23,43.3519439697266,-8.42623996734619,"Unknown"
"7014855",371852,2025-11-12 05:04:30,43.3519592285156,-8.42619323730469,"Unknown"
"7014855",371852,2025-11-12 05:09:25,43.3519668579102,-8.42620182037354,"Unknown"
"7014855",371852,2025-11-12 05:14:30,43.3520011901855,-8.42621517181396,"Unknown"
"7014855",371852,2025-11-12 05:19:30,43.3519821166992,-8.42621421813965,"Unknown"
"7014855",371852,2025-11-12 05:24:28,43.3519973754883,-8.4261999130249,"Unknown"
"7014855",371852,2025-11-12 05:29:25,43.351993560791,-8.42618274688721,"Unknown"
"7014855",371852,2025-11-12 05:34:23,43.3520317077637,-8.42660808563232,"Unknown"
"7014855",371852,2025-11-12 05:39:45,43.3520812988281,-8.42634773254395,"Unknown"
"7014855",371852,2025-11-12 05:44:23,43.3521537780762,-8.42670822143555,"Unknown"
"7014855",371852,2025-11-12 05:50:05,43.3520011901855,-8.4262523651123,"Unknown"
"7014855",371852,2025-11-12 05:54:22,43.3520278930664,-8.42632389068604,"Unknown"
"7014855",371852,2025-11-12 05:59:22,43.3520660400391,-8.42628383636475,"Unknown"
"7014855",371852,2025-11-12 06:04:22,43.3520164489746,-8.42623043060303,"Unknown"
"7014855",371852,2025-11-12 06:09:22,43.3520011901855,-8.42619800567627,"Unknown"
"7014855",371852,2025-11-12 06:14:23,43.3519859313965,-8.42624855041504,"Unknown"
"7014855",371852,2025-11-12 06:19:22,43.3520774841309,-8.42633628845215,"Unknown"
"7014855",371852,2025-11-12 06:24:23,43.3519859313965,-8.42627048492432,"Unknown"
"7014855",371852,2025-11-12 06:29:22,43.3519630432129,-8.42624664306641,"Unknown"
"7014855",371852,2025-11-12 06:34:23,43.3519325256348,-8.42636775970459,"Unknown"
"7014855",371852,2025-11-12 06:39:25,43.3519744873047,-8.42625522613525,"Unknown"
"7014855",371852,2025-11-12 06:44:24,43.3520164489746,-8.42629623413086,"Unknown"
"7014855",371852,2025-11-12 06:49:41,43.3520240783691,-8.42622947692871,"Unknown"
"7014855",371852,2025-11-12 06:54:24,43.3519325256348,-8.42641067504883,"Unknown"
"7014855",371852,2025-11-12 06:59:23,43.351921081543,-8.4262056350708,"Unknown"
"7014855",371852,2025-11-12 07:04:27,43.3517684936523,-8.42619514465332,"Unknown"
"7014855",371852,2025-11-12 07:09:24,43.3518371582031,-8.42587757110596,"Unknown"
"7014855",371852,2025-11-12 07:14:30,43.3519897460938,-8.4262809753418,"Unknown"
"7014855",371852,2025-11-12 07:19:34,43.3518104553223,-8.42623233795166,"Unknown"
"7014855",371852,2025-11-12 07:24:30,43.3520164489746,-8.42628383636475,"Unknown"
"7014855",371852,2025-11-12 07:29:32,43.3515892028809,-8.42538928985596,"Unknown"
"7014855",371852,2025-11-12 07:34:29,43.3521881103516,-8.42643260955811,"Unknown"
"7014855",371852,2025-11-12 07:39:26,43.3518905639648,-8.42601203918457,"Unknown"
"7014855",371852,2025-11-12 07:44:26,43.3520698547363,-8.42623424530029,"Unknown"
"7014855",371852,2025-11-12 07:49:46,43.351692199707,-8.42558670043945,"Unknown"
"7014855",371852,2025-11-12 07:54:23,43.3518524169922,-8.42625045776367,"Unknown"
"7014855",371852,2025-11-12 07:59:25,43.3518333435059,-8.42577838897705,"Unknown"
"7014855",371852,2025-11-12 08:04:24,43.3516044616699,-8.4253101348877,"Unknown"
"7014855",371852,2025-11-12 08:09:24,43.3522300720215,-8.42669868469238,"Unknown"
"7014855",371852,2025-11-12 08:14:30,43.351978302002,-8.42615413665771,"Unknown"
"7014855",371852,2025-11-12 08:19:25,43.3519973754883,-8.42630386352539,"Unknown"
"7014855",371852,2025-11-12 08:24:25,43.3520088195801,-8.42623329162598,"Unknown"
"7014855",371852,2025-11-12 08:29:25,43.3519554138184,-8.42630863189697,"Unknown"
"7014855",371852,2025-11-12 08:34:28,43.3520240783691,-8.42633819580078,"Unknown"
"7014855",371852,2025-11-12 08:39:28,43.351993560791,-8.42636775970459,"Unknown"
"7014855",371852,2025-11-12 08:44:28,43.3520431518555,-8.42637920379639,"Unknown"
"7014855",371852,2025-11-12 08:49:44,43.3518829345703,-8.42623901367188,"Unknown"
"7014855",371852,2025-11-12 08:54:22,43.3518600463867,-8.42608833312988,"Unknown"
"7014855",371852,2025-11-12 08:59:22,43.3519134521484,-8.42623901367188,"Unknown"
"7014855",371852,2025-11-12 09:04:23,43.3519248962402,-8.42621231079102,"Unknown"
"7014855",371852,2025-11-12 09:09:27,43.3518981933594,-8.42620658874512,"Unknown"
"7014855",371852,2025-11-12 09:14:27,43.3518142700195,-8.42611598968506,"Unknown"
"7014855",371852,2025-11-12 09:19:30,43.3518981933594,-8.42619132995605,"Unknown"
"7014855",371852,2025-11-12 09:24:34,43.3515586853027,-8.42610931396484,"Unknown"
"7014855",371852,2025-11-12 09:29:44,43.3522148132324,-8.42653369903564,"Unknown"
"7014855",371852,2025-11-12 09:34:55,43.3522033691406,-8.42614269256592,"Unknown"
"7014855",371852,2025-11-12 09:39:22,43.352165222168,-8.42601776123047,"Unknown"
"7014855",371852,2025-11-12 09:44:24,43.3521537780762,-8.4261531829834,"Unknown"
"7014855",371852,2025-11-12 09:49:24,43.3520545959473,-8.42626285552979,"Unknown"
"7014855",371852,2025-11-12 09:54:23,43.3522186279297,-8.42590427398682,"Unknown"
"7014855",371852,2025-11-12 09:59:23,43.3519401550293,-8.42634391784668,"Unknown"
"7014855",371852,2025-11-12 10:04:23,43.3520927429199,-8.42612361907959,"Unknown"
"7014855",371852,2025-11-12 10:09:24,43.3520202636719,-8.42654514312744,"Unknown"
"7014855",371852,2025-11-12 10:14:23,43.3520088195801,-8.42608833312988,"Unknown"
"7014855",371852,2025-11-12 10:19:30,43.3519592285156,-8.42594623565674,"Unknown"
"7014855",371852,2025-11-12 10:24:24,43.3520164489746,-8.42619514465332,"Unknown"
"7014855",371852,2025-11-12 10:29:32,43.3519439697266,-8.42612361907959,"Unknown"
"7014855",371852,2025-11-12 10:34:44,43.3520088195801,-8.42626190185547,"Unknown"
"7014855",371852,2025-11-12 10:39:24,43.3520927429199,-8.4263277053833,"Unknown"
"7014855",371852,2025-11-12 10:44:29,43.3520202636719,-8.42623043060303,"Unknown"
"7014855",371852,2025-11-12 10:49:25,43.3520202636719,-8.42629909515381,"Unknown"
"7014855",371852,2025-11-12 10:54:24,43.3520851135254,-8.42621517181396,"Unknown"
"7014855",371852,2025-11-12 10:59:28,43.3520088195801,-8.42642307281494,"Unknown"
"7014855",371852,2025-11-12 11:04:25,43.3519630432129,-8.42622566223145,"Unknown"
"7014855",371852,2025-11-12 11:09:25,43.3520584106445,-8.42644596099854,"Unknown"
"7014855",371852,2025-11-12 11:14:28,43.35205078125,-8.42640209197998,"Unknown"
"7014855",371852,2025-11-12 11:19:28,43.3520660400391,-8.42621517181396,"Unknown"
"7014855",371852,2025-11-12 11:24:24,43.3520660400391,-8.42643737792969,"Unknown"
"7014855",371852,2025-11-12 11:29:25,43.3520164489746,-8.4261646270752,"Unknown"
"7014855",371852,2025-11-12 11:34:58,43.3520011901855,-8.42617511749268,"Unknown"
"7014855",371852,2025-11-12 11:39:23,43.3519592285156,-8.42622375488281,"Unknown"
"7014855",371852,2025-11-12 11:44:23,43.3520851135254,-8.4262580871582,"Unknown"
"7014855",371852,2025-11-12 11:49:23,43.3521347045898,-8.42625141143799,"Unknown"
"7014855",371852,2025-11-12 11:54:58,43.3520088195801,-8.4262228012085,"Unknown"
"7014855",371852,2025-11-12 11:59:23,43.3521194458008,-8.42639636993408,"Unknown"
"7014855",371852,2025-11-12 12:04:23,43.3519554138184,-8.42611885070801,"Unknown"
"7014855",371852,2025-11-12 12:09:23,43.3520240783691,-8.42618942260742,"Unknown"
"7014855",371852,2025-11-12 12:14:23,43.3520202636719,-8.42629241943359,"Unknown"
"7014855",371852,2025-11-12 12:19:23,43.3520965576172,-8.42637825012207,"Unknown"
"7014855",371852,2025-11-12 12:24:24,43.3520202636719,-8.42627811431885,"Unknown"
"7014855",371852,2025-11-12 12:29:28,43.3520584106445,-8.42625045776367,"Unknown"
"7014855",371852,2025-11-12 12:34:24,43.3520355224609,-8.42631912231445,"Unknown"
"7014855",371852,2025-11-12 12:39:27,43.3519515991211,-8.42605781555176,"Unknown"
"7014855",371852,2025-11-12 12:44:25,43.3521537780762,-8.42667007446289,"Unknown"
"7014855",371852,2025-11-12 12:49:29,43.3519668579102,-8.42627334594727,"Unknown"
"7014855",371852,2025-11-12 12:54:44,43.3521728515625,-8.42623233795166,"Unknown"
"7014855",371852,2025-11-12 12:59:30,43.3517417907715,-8.42621803283691,"Unknown"
"7014855",371852,2025-11-12 13:04:46,43.3520164489746,-8.42614650726318,"Unknown"
"7014855",371852,2025-11-12 13:09:36,43.352481842041,-8.42622852325439,"Unknown"
"7014855",371852,2025-11-12 13:14:43,43.3517112731934,-8.4262113571167,"Unknown"
"7014855",371852,2025-11-12 13:19:29,43.351879119873,-8.42633056640625,"Unknown"
"7014855",371852,2025-11-12 13:24:27,43.3515586853027,-8.4263219833374,"Unknown"
"7014855",371852,2025-11-12 13:29:40,43.3513946533203,-8.42621517181396,"Unknown"
"7014855",371852,2025-11-12 13:34:48,43.351375579834,-8.42627906799316,"Unknown"
"7014855",371852,2025-11-12 13:39:40,43.3515586853027,-8.42623138427734,"Unknown"
"7014855",371852,2025-11-12 13:49:40,43.3517227172852,-8.42628288269043,"Unknown"
"7014855",371852,2025-11-12 13:59:46,43.3516082763672,-8.42620944976807,"Unknown"
"7014855",371852,2025-11-12 14:09:59,43.3519859313965,-8.42619037628174,"Unknown"
"7014855",371852,2025-11-12 14:19:57,43.3519973754883,-8.42622089385986,"Unknown"
"7014855",371852,2025-11-12 14:29:23,43.3520278930664,-8.42621803283691,"Unknown"
"7014855",371852,2025-11-12 14:39:24,43.3518753051758,-8.42607975006104,"Unknown"
"7014855",371852,2025-11-12 14:49:59,43.351993560791,-8.42617130279541,"Unknown"
"7014855",371852,2025-11-12 14:54:23,43.3519859313965,-8.42618179321289,"Unknown"
"7014855",371852,2025-11-12 14:59:23,43.3520126342773,-8.42621517181396,"Unknown"
"7014855",371852,2025-11-12 15:09:57,43.3519821166992,-8.42617034912109,"Unknown"
"7014855",371852,2025-11-12 15:14:28,43.3519401550293,-8.4263334274292,"Unknown"
"7014855",371852,2025-11-12 15:19:28,43.3519515991211,-8.42627239227295,"Unknown"
"7014855",371852,2025-11-12 15:24:25,43.3519325256348,-8.4262809753418,"Unknown"
"7014855",371852,2025-11-12 15:29:27,43.3519439697266,-8.42627906799316,"Unknown"
"7014855",371852,2025-11-12 15:34:29,43.3519515991211,-8.4262228012085,"Unknown"
"7014855",371852,2025-11-12 15:44:59,43.3519020080566,-8.42619323730469,"Unknown"
"7014855",371852,2025-11-12 15:49:30,43.3518218994141,-8.42622184753418,"Unknown"
"7014855",371852,2025-11-12 15:59:34,43.3519744873047,-8.42621231079102,"Unknown"
"7014855",371852,2025-11-12 16:09:59,43.3519020080566,-8.42635822296143,"Unknown"
"7014855",371852,2025-11-12 16:20:05,43.3519706726074,-8.42620277404785,"Unknown"
"7014855",371852,2025-11-12 16:29:24,43.3519668579102,-8.4261302947998,"Unknown"
"7014855",371852,2025-11-12 16:39:24,43.3519744873047,-8.42616653442383,"Unknown"
"7014855",371852,2025-11-12 16:49:23,43.3518905639648,-8.42605876922607,"Unknown"
"7014855",371852,2025-11-12 16:59:24,43.3520050048828,-8.426194190979,"Unknown"
"7014855",371852,2025-11-12 17:09:26,43.3519401550293,-8.42613410949707,"Unknown"
"7014855",371852,2025-11-12 17:19:36,43.3519287109375,-8.42626190185547,"Unknown"
"7014855",371852,2025-11-12 17:29:24,43.3520393371582,-8.42632293701172,"Unknown"
"7014855",371852,2025-11-12 17:39:23,43.3519401550293,-8.42610168457031,"Unknown"
"7014855",371852,2025-11-12 17:49:24,43.3520431518555,-8.42622184753418,"Unknown"
"7014855",371852,2025-11-12 17:59:23,43.3517532348633,-8.42598819732666,"Unknown"
"7014855",371852,2025-11-12 18:09:27,43.3519248962402,-8.4261302947998,"Unknown"
"7014855",371852,2025-11-12 18:19:39,43.351978302002,-8.42618942260742,"Unknown"
"7014855",371852,2025-11-12 18:29:44,43.3520011901855,-8.42618370056152,"Unknown"
"7014855",371852,2025-11-12 18:39:25,43.3519096374512,-8.42654895782471,"Unknown"
"7014855",371852,2025-11-12 18:49:45,43.3519821166992,-8.4262809753418,"Unknown"
"7014855",371852,2025-11-12 18:59:42,43.3519325256348,-8.42633628845215,"Unknown"
"7014855",371852,2025-11-12 19:09:27,43.3519897460938,-8.42632961273193,"Unknown"
"7014855",371852,2025-11-12 19:19:30,43.3520011901855,-8.42641448974609,"Unknown"
"7014855",371852,2025-11-12 19:29:25,43.351978302002,-8.426344871521,"Unknown"
"7014855",371852,2025-11-12 19:39:26,43.351936340332,-8.42626094818115,"Unknown"
"7014855",371852,2025-11-12 19:49:45,43.3519897460938,-8.42622566223145,"Unknown"
"7014855",371852,2025-11-12 19:59:30,43.3519020080566,-8.42608451843262,"Unknown"
"7014855",371852,2025-11-12 20:10:05,43.3519554138184,-8.42622470855713,"Unknown"
"7014855",371852,2025-11-12 20:19:23,43.3520011901855,-8.42618942260742,"Unknown"
"7014855",371852,2025-11-12 20:29:23,43.3520469665527,-8.42613887786865,"Unknown"
"7014855",371852,2025-11-12 20:39:24,43.3519515991211,-8.4262580871582,"Unknown"
"7014855",371852,2025-11-12 20:49:26,43.3520431518555,-8.42626667022705,"Unknown"
"7014855",371852,2025-11-12 20:59:44,43.3520545959473,-8.42621040344238,"Unknown"
"7014855",371852,2025-11-12 21:09:23,43.3519897460938,-8.4262228012085,"Unknown"
"7014855",371852,2025-11-12 21:19:29,43.3520469665527,-8.42611694335938,"Unknown"
"7014855",371852,2025-11-12 21:29:26,43.351993560791,-8.42611980438232,"Unknown"
"7014855",371852,2025-11-12 21:39:30,43.3520355224609,-8.42611694335938,"Unknown"
"7014855",371852,2025-11-12 21:49:44,43.3520393371582,-8.42626762390137,"Unknown"
"7014855",371852,2025-11-12 21:59:23,43.3520698547363,-8.42608261108398,"Unknown"
"7014855",371852,2025-11-12 22:09:23,43.3519668579102,-8.42625999450684,"Unknown"
"7014855",371852,2025-11-12 22:19:25,43.3519897460938,-8.42618846893311,"Unknown"
"7014855",371852,2025-11-12 22:29:23,43.3521003723145,-8.42642211914062,"Unknown"
"7014855",371852,2025-11-12 22:39:35,43.351993560791,-8.42635726928711,"Unknown"
"7014855",371852,2025-11-12 22:49:44,43.3521156311035,-8.42625999450684,"Unknown"
"7014855",371852,2025-11-12 22:59:36,43.3519706726074,-8.42622470855713,"Unknown"
"7014855",371852,2025-11-12 23:09:36,43.3519287109375,-8.4261302947998,"Unknown"
"7014855",371852,2025-11-12 23:19:36,43.351993560791,-8.42621898651123,"Unknown"
"7014855",371852,2025-11-12 23:29:30,43.3519859313965,-8.42630386352539,"Unknown"
"7014855",371852,2025-11-12 23:39:29,43.351993560791,-8.42629146575928,"Unknown"
"7014855",371852,2025-11-12 23:49:45,43.351879119873,-8.42617702484131,"Unknown"
"7014855",371852,2025-11-12 23:59:24,43.3519134521484,-8.42619705200195,"Unknown"
"7014855",371852,2025-11-13 00:09:25,43.3519172668457,-8.42593097686768,"Unknown"
"7014855",371852,2025-11-13 00:19:27,43.3517532348633,-8.4261360168457,"Unknown"
"7014855",371852,2025-11-13 00:29:44,43.3519515991211,-8.42628955841064,"Unknown"
"7014855",371852,2025-11-13 00:39:38,43.3519248962402,-8.42629718780518,"Unknown"
"7014855",371852,2025-11-13 00:49:46,43.3518829345703,-8.4262170791626,"Unknown"
"7014855",371852,2025-11-13 00:59:59,43.3519859313965,-8.42624282836914,"Unknown"
"7014855",371852,2025-11-13 01:09:23,43.3518943786621,-8.42617702484131,"Unknown"
"7014855",371852,2025-11-13 01:19:23,43.351921081543,-8.4262580871582,"Unknown"
"7014855",371852,2025-11-13 01:30:05,43.3519897460938,-8.42619228363037,"Unknown"
"7014855",371852,2025-11-13 01:39:33,43.3520164489746,-8.4262170791626,"Unknown"
"7014855",371852,2025-11-13 01:49:29,43.3519096374512,-8.42615985870361,"Unknown"
"7014855",371852,2025-11-13 02:00:35,43.3520126342773,-8.42610931396484,"Unknown"
"7014855",371852,2025-11-13 02:09:25,43.3519897460938,-8.42638492584229,"Unknown"
"7014855",371852,2025-11-13 02:19:25,43.3520088195801,-8.42621898651123,"Unknown"
"7014855",371852,2025-11-13 02:29:44,43.351993560791,-8.42612838745117,"Unknown"
"7014855",371852,2025-11-13 02:39:23,43.3519287109375,-8.42630195617676,"Unknown"
"7014855",371852,2025-11-13 02:50:05,43.3519020080566,-8.42618179321289,"Unknown"
"7014855",371852,2025-11-13 02:59:25,43.3519554138184,-8.42625522613525,"Unknown"
"7014855",371852,2025-11-13 03:09:24,43.3519592285156,-8.42622470855713,"Unknown"
"7014855",371852,2025-11-13 03:19:23,43.351993560791,-8.42612838745117,"Unknown"
"7014855",371852,2025-11-13 03:29:23,43.3520202636719,-8.42635917663574,"Unknown"
"7014855",371852,2025-11-13 03:39:24,43.3520050048828,-8.42617225646973,"Unknown"
"7014855",371852,2025-11-13 03:49:24,43.3519439697266,-8.4262056350708,"Unknown"
"7014855",371852,2025-11-13 03:59:24,43.351993560791,-8.42623519897461,"Unknown"
"7014855",371852,2025-11-13 04:09:26,43.351863861084,-8.42632579803467,"Unknown"
"7014855",371852,2025-11-13 04:20:03,43.3519821166992,-8.42624378204346,"Unknown"
"7014855",371852,2025-11-13 04:29:23,43.3519515991211,-8.42609024047852,"Unknown"
"7014855",371852,2025-11-13 04:39:23,43.3519897460938,-8.42612457275391,"Unknown"
"7014855",371852,2025-11-13 04:49:26,43.3519630432129,-8.42629337310791,"Unknown"
"7014855",371852,2025-11-13 04:59:25,43.3519821166992,-8.42627048492432,"Unknown"
"7014855",371852,2025-11-13 05:09:26,43.3519020080566,-8.42600917816162,"Unknown"
"7014855",371852,2025-11-13 05:19:28,43.3520317077637,-8.426344871521,"Unknown"
"7014855",371852,2025-11-13 05:29:29,43.3519058227539,-8.4261302947998,"Unknown"
"7014855",371852,2025-11-13 05:39:28,43.3532981872559,-8.4273624420166,"Unknown"
"7014855",371852,2025-11-13 05:49:44,43.352237701416,-8.42643928527832,"Unknown"
"7014855",371852,2025-11-13 05:59:38,43.3520469665527,-8.42637920379639,"Unknown"
"7014855",371852,2025-11-13 06:09:25,43.3520812988281,-8.4263391494751,"Unknown"
"7014855",371852,2025-11-13 06:19:37,43.3519706726074,-8.42622566223145,"Unknown"
"7014855",371852,2025-11-13 06:29:36,43.3520469665527,-8.4263277053833,"Unknown"
"7014855",371852,2025-11-13 06:39:27,43.3520278930664,-8.4263162612915,"Unknown"
"7014855",371852,2025-11-13 06:49:44,43.3519668579102,-8.42624950408936,"Unknown"
"7014855",371852,2025-11-13 06:59:59,43.3519248962402,-8.42620277404785,"Unknown"
"7014855",371852,2025-11-13 07:09:23,43.3519630432129,-8.42616844177246,"Unknown"
"7014855",371852,2025-11-13 07:19:23,43.3519630432129,-8.42632102966309,"Unknown"
"7014855",371852,2025-11-13 07:29:44,43.3519248962402,-8.42621040344238,"Unknown"
"7014855",371852,2025-11-13 07:39:23,43.351936340332,-8.42615127563477,"Unknown"
"7014855",371852,2025-11-13 07:49:44,43.3518714904785,-8.42599391937256,"Unknown"
"7014855",371852,2025-11-13 07:59:30,43.3520698547363,-8.42667293548584,"Unknown"
"7014855",371852,2025-11-13 08:09:24,43.3519859313965,-8.42626190185547,"Unknown"
"7014855",371852,2025-11-13 08:19:24,43.3519020080566,-8.42618560791016,"Unknown"
"7014855",371852,2025-11-13 08:29:25,43.3518943786621,-8.42630958557129,"Unknown"
"7014855",371852,2025-11-13 08:39:26,43.3520202636719,-8.42621898651123,"Unknown"
"7014855",371852,2025-11-13 08:50:00,43.3520088195801,-8.42626762390137,"Unknown"
"7014855",371852,2025-11-13 08:59:23,43.351993560791,-8.42628192901611,"Unknown"
"7014855",371852,2025-11-13 09:09:24,43.3519325256348,-8.42614459991455,"Unknown"
"7014855",371852,2025-11-13 09:19:24,43.3520202636719,-8.42618274688721,"Unknown"
"7014855",371852,2025-11-13 09:29:23,43.3519630432129,-8.4261589050293,"Unknown"
"7014855",371852,2025-11-13 09:39:23,43.3519630432129,-8.42609786987305,"Unknown"
"7014855",371852,2025-11-13 09:49:24,43.3519897460938,-8.4262170791626,"Unknown"
"7014855",371852,2025-11-13 09:59:24,43.3519439697266,-8.42620182037354,"Unknown"
"7014855",371852,2025-11-13 10:09:24,43.3520164489746,-8.42611217498779,"Unknown"
"7014855",371852,2025-11-13 10:19:44,43.35205078125,-8.42632102966309,"Unknown"
"7014855",371852,2025-11-13 10:29:26,43.3520660400391,-8.42675018310547,"Unknown"
"7014855",371852,2025-11-13 10:39:59,43.3519821166992,-8.42626667022705,"Unknown"
"7014855",371852,2025-11-13 10:49:23,43.3517761230469,-8.4263801574707,"Unknown"
"7014855",371852,2025-11-13 10:59:24,43.3519592285156,-8.42623233795166,"Unknown"
"7014855",371852,2025-11-13 11:09:24,43.3519477844238,-8.42623043060303,"Unknown"
"7014855",371852,2025-11-13 11:19:23,43.3518943786621,-8.42617321014404,"Unknown"
"7014855",371852,2025-11-13 11:29:23,43.3519859313965,-8.42622470855713,"Unknown"
"7014855",371852,2025-11-13 11:39:24,43.3520431518555,-8.42622852325439,"Unknown"
"7014855",371852,2025-11-13 11:50:05,43.3520240783691,-8.42626285552979,"Unknown"
"7014855",371852,2025-11-13 11:59:23,43.3519668579102,-8.42615032196045,"Unknown"
"7014855",371852,2025-11-13 12:09:23,43.3520317077637,-8.42632865905762,"Unknown"
"7014855",371852,2025-11-13 12:19:25,43.3519859313965,-8.42619228363037,"Unknown"
"7014855",371852,2025-11-13 12:29:59,43.3519859313965,-8.42627620697021,"Unknown"
"7014855",371852,2025-11-13 12:39:23,43.3521575927734,-8.42587471008301,"Unknown"
"7014855",371852,2025-11-13 12:49:44,43.3519020080566,-8.42677021026611,"Unknown"
"7014855",371852,2025-11-13 12:59:40,43.351936340332,-8.42633819580078,"Unknown"
"7014855",371852,2025-11-13 13:09:24,43.3519248962402,-8.42599105834961,"Unknown"
"7014855",371852,2025-11-13 13:19:24,43.3519287109375,-8.42609119415283,"Unknown"
"7014855",371852,2025-11-13 13:29:28,43.3520355224609,-8.42607402801514,"Unknown"
"7014855",371852,2025-11-13 13:39:25,43.3521728515625,-8.42633628845215,"Unknown"
"7014855",371852,2025-11-13 13:49:44,43.3520431518555,-8.42626094818115,"Unknown"
"7014855",371852,2025-11-13 13:59:25,43.3520774841309,-8.42612838745117,"Unknown"
"7014855",371852,2025-11-13 14:10:04,43.3520431518555,-8.42629241943359,"Unknown"
"7014855",371852,2025-11-13 14:19:23,43.3519821166992,-8.42618274688721,"Unknown"
"7014855",371852,2025-11-13 14:29:24,43.3519515991211,-8.42615222930908,"Unknown"
"7014855",371852,2025-11-13 14:39:24,43.3519630432129,-8.42616081237793,"Unknown"
"7014855",371852,2025-11-13 14:49:23,43.3522338867188,-8.42649936676025,"Unknown"
"7014855",371852,2025-11-13 14:59:24,43.352222442627,-8.42646503448486,"Unknown"
"7014855",371852,2025-11-13 15:09:36,43.3521270751953,-8.42609214782715,"Unknown"
"7014855",371852,2025-11-13 15:19:59,43.3519325256348,-8.42623329162598,"Unknown"
"7014855",371852,2025-11-13 15:29:27,43.3519020080566,-8.42623138427734,"Unknown"
"7014855",371852,2025-11-13 15:39:36,43.3518409729004,-8.42622947692871,"Unknown"
"7014855",371852,2025-11-13 15:49:35,43.3518257141113,-8.42624759674072,"Unknown"
"7014855",371852,2025-11-13 15:59:44,43.3520011901855,-8.42614459991455,"Unknown"
"7014855",371852,2025-11-13 16:09:24,43.3521461486816,-8.42633438110352,"Unknown"
"7014855",371852,2025-11-13 16:19:25,43.3526039123535,-8.42586898803711,"Unknown"
"7014855",371852,2025-11-13 16:29:26,43.3530502319336,-8.42608261108398,"Unknown"
"7014855",371852,2025-11-13 16:39:26,43.3527221679688,-8.4262580871582,"Unknown"
"7014855",371852,2025-11-13 16:49:44,43.3519287109375,-8.42625617980957,"Unknown"
"7014855",371852,2025-11-13 16:59:27,43.3518867492676,-8.42632961273193,"Unknown"
"7014855",371852,2025-11-13 17:09:25,43.3520774841309,-8.4264612197876,"Unknown"
"7014855",371852,2025-11-13 17:19:59,43.3519744873047,-8.4262752532959,"Unknown"
"7014855",371852,2025-11-13 17:29:24,43.3520050048828,-8.42624092102051,"Unknown"
"7014855",371852,2025-11-13 17:39:24,43.3517417907715,-8.42591762542725,"Unknown"
"7014855",371852,2025-11-13 17:49:44,43.351978302002,-8.42619800567627,"Unknown"
"7014855",371852,2025-11-13 17:59:29,43.3520011901855,-8.42635726928711,"Unknown"
"7014855",371852,2025-11-13 18:09:43,43.3519668579102,-8.42620849609375,"Unknown"
"7014855",371852,2025-11-13 18:19:26,43.3519744873047,-8.42615509033203,"Unknown"
"7014855",371852,2025-11-13 18:29:28,43.3519439697266,-8.42612457275391,"Unknown"
"7014855",371852,2025-11-13 18:39:29,43.3520660400391,-8.42590427398682,"Unknown"
"7014855",371852,2025-11-13 18:49:45,43.3519439697266,-8.42638492584229,"Unknown"
"7014855",371852,2025-11-13 18:59:34,43.3519172668457,-8.42669868469238,"Unknown"
"7014855",371852,2025-11-13 19:09:26,43.3521194458008,-8.42669010162354,"Unknown"
"7014855",371852,2025-11-13 19:19:26,43.3520126342773,-8.42623138427734,"Unknown"
"7014855",371852,2025-11-13 19:29:36,43.3518981933594,-8.42678546905518,"Unknown"
"7014855",371852,2025-11-13 19:39:40,43.351978302002,-8.42621231079102,"Unknown"
"7014855",371852,2025-11-13 19:49:24,43.3519630432129,-8.42628860473633,"Unknown"
"7014855",371852,2025-11-13 19:59:25,43.3519592285156,-8.42626190185547,"Unknown"
"7014855",371852,2025-11-13 20:09:27,43.351978302002,-8.42631721496582,"Unknown"
"7014855",371852,2025-11-13 20:19:30,43.3519859313965,-8.42622566223145,"Unknown"
"7014855",371852,2025-11-13 20:29:29,43.3519477844238,-8.42632961273193,"Unknown"
"7014855",371852,2025-11-13 20:39:45,43.3520774841309,-8.42628002166748,"Unknown"
"7014855",371852,2025-11-13 20:49:31,43.3524513244629,-8.42630577087402,"Unknown"
"7014855",371852,2025-11-13 20:59:37,43.352222442627,-8.42642021179199,"Unknown"
"7014855",371852,2025-11-13 21:09:37,43.3524017333984,-8.42668914794922,"Unknown"
"7014855",371852,2025-11-13 21:19:45,43.3523635864258,-8.42665195465088,"Unknown"
"7014855",371852,2025-11-13 21:29:37,43.3522567749023,-8.42648029327393,"Unknown"
"7014855",371852,2025-11-13 21:39:52,43.3517723083496,-8.42485332489014,"Unknown"
"7014855",371852,2025-11-13 21:49:38,43.3517456054688,-8.42391586303711,"Unknown"
"7014855",371852,2025-11-13 21:59:41,43.3522186279297,-8.42610359191895,"Unknown"
"7014855",371852,2025-11-13 22:09:31,43.3521118164062,-8.42666053771973,"Unknown"
"7014855",371852,2025-11-13 22:19:30,43.3521766662598,-8.4263973236084,"Unknown"
"7014855",371852,2025-11-13 22:29:37,43.3522300720215,-8.42623519897461,"Unknown"
"7014855",371852,2025-11-13 22:39:37,43.3518142700195,-8.42583751678467,"Unknown"
"7014855",371852,2025-11-13 22:49:59,43.3519821166992,-8.4262228012085,"Unknown"
"7014855",371852,2025-11-13 22:59:26,43.3514938354492,-8.4267578125,"Unknown"
"7014855",371852,2025-11-13 23:09:25,43.3521385192871,-8.42610359191895,"Unknown"
"7014855",371852,2025-11-13 23:19:25,43.3520355224609,-8.42618846893311,"Unknown"
"7014855",371852,2025-11-13 23:29:25,43.351993560791,-8.42632865905762,"Unknown"
"7014855",371852,2025-11-13 23:39:32,43.3520545959473,-8.42628002166748,"Unknown"
"7014855",371852,2025-11-13 23:49:26,43.3519973754883,-8.4261417388916,"Unknown"
"7014855",371852,2025-11-13 23:59:43,43.3520202636719,-8.42606067657471,"Unknown"
"7014855",371852,2025-11-14 00:09:26,43.3519973754883,-8.42602348327637,"Unknown"
"7014855",371852,2025-11-14 00:19:26,43.3520278930664,-8.42610931396484,"Unknown"
"7014855",371852,2025-11-14 00:29:37,43.3520469665527,-8.42600154876709,"Unknown"
"7014855",371852,2025-11-14 00:39:25,43.3520126342773,-8.4261531829834,"Unknown"
"7014855",371852,2025-11-14 00:49:28,43.3520431518555,-8.42615413665771,"Unknown"
"7014855",371852,2025-11-14 00:59:27,43.3519821166992,-8.42617702484131,"Unknown"
"7014855",371852,2025-11-14 01:09:30,43.3520393371582,-8.42610836029053,"Unknown"
"7014855",371852,2025-11-14 01:19:27,43.3520355224609,-8.42626762390137,"Unknown"
"7014855",371852,2025-11-14 01:29:31,43.3520202636719,-8.42620658874512,"Unknown"
"7014855",371852,2025-11-14 01:39:37,43.3519897460938,-8.42613315582275,"Unknown"
"7014855",371852,2025-11-14 01:49:37,43.3519058227539,-8.42574596405029,"Unknown"
"7014855",371852,2025-11-14 01:59:36,43.35205078125,-8.42599105834961,"Unknown"
"7014855",371852,2025-11-14 02:10:00,43.3519744873047,-8.42616748809814,"Unknown"
"7014855",371852,2025-11-14 02:19:25,43.3520393371582,-8.42617130279541,"Unknown"
"7014855",371852,2025-11-14 02:29:31,43.3518905639648,-8.42622089385986,"Unknown"
"7014855",371852,2025-11-14 02:39:29,43.3518333435059,-8.42621898651123,"Unknown"
"7014855",371852,2025-11-14 02:49:28,43.3524932861328,-8.4261360168457,"Unknown"
"7014855",371852,2025-11-14 02:59:28,43.3528251647949,-8.42619609832764,"Unknown"
"7014855",371852,2025-11-14 03:09:29,43.3523178100586,-8.42611122131348,"Unknown"
"7014855",371852,2025-11-14 03:19:30,43.3521614074707,-8.4261302947998,"Unknown"
"7014855",371852,2025-11-14 03:29:30,43.3522148132324,-8.42618083953857,"Unknown"
"7014855",371852,2025-11-14 03:39:34,43.3519592285156,-8.42606449127197,"Unknown"
"7014855",371852,2025-11-14 03:49:36,43.351921081543,-8.4260721206665,"Unknown"
"7014855",371852,2025-11-14 03:59:35,43.3519897460938,-8.42605304718018,"Unknown"
"7014855",371852,2025-11-14 04:09:36,43.3519172668457,-8.426025390625,"Unknown"
"7014855",371852,2025-11-14 04:19:35,43.3521003723145,-8.42596340179443,"Unknown"
"7014855",371852,2025-11-14 04:29:59,43.3519744873047,-8.42622375488281,"Unknown"
"7014855",371852,2025-11-14 04:39:25,43.3519630432129,-8.42615509033203,"Unknown"
"7014855",371852,2025-11-14 04:49:25,43.3519477844238,-8.42617702484131,"Unknown"
"7014855",371852,2025-11-14 04:59:27,43.351993560791,-8.42629814147949,"Unknown"
"7014855",371852,2025-11-14 05:09:29,43.3519554138184,-8.42626762390137,"Unknown"
"7014855",371852,2025-11-14 05:19:28,43.3519630432129,-8.42655467987061,"Unknown"
"7014855",371852,2025-11-14 05:29:29,43.3518218994141,-8.42607116699219,"Unknown"
"7014855",371852,2025-11-14 05:39:36,43.3520355224609,-8.42601108551025,"Unknown"
"7014855",371852,2025-11-14 05:49:36,43.3517608642578,-8.42607116699219,"Unknown"
"7014855",371852,2025-11-14 05:59:36,43.351749420166,-8.4260311126709,"Unknown"
"7014855",371852,2025-11-14 06:09:36,43.3516120910645,-8.42593669891357,"Unknown"
"7014855",371852,2025-11-14 06:19:44,43.3518600463867,-8.42608165740967,"Unknown"
"7014855",371852,2025-11-14 06:29:38,43.3520011901855,-8.42623138427734,"Unknown"
"7014855",371852,2025-11-14 06:39:37,43.3520584106445,-8.42632293701172,"Unknown"
"7014855",371852,2025-11-14 06:49:36,43.3522109985352,-8.42650413513184,"Unknown"
"7014855",371852,2025-11-14 06:59:45,43.3519515991211,-8.42618179321289,"Unknown"
"7014855",371852,2025-11-14 07:09:35,43.351921081543,-8.42621421813965,"Unknown"
"7014855",371852,2025-11-14 07:19:30,43.3519630432129,-8.42629814147949,"Unknown"
"7014855",371852,2025-11-14 07:29:30,43.3519172668457,-8.42627048492432,"Unknown"
"7014855",371852,2025-11-14 07:39:29,43.3521461486816,-8.42622947692871,"Unknown"
"7014855",371852,2025-11-14 07:49:45,43.3519515991211,-8.42627334594727,"Unknown"
"7014855",371852,2025-11-14 07:59:43,43.352165222168,-8.42608737945557,"Unknown"
"7014855",371852,2025-11-14 08:09:25,43.3520698547363,-8.42619705200195,"Unknown"
"7014855",371852,2025-11-14 08:19:28,43.3519744873047,-8.42637729644775,"Unknown"
"7014855",371852,2025-11-14 08:29:27,43.3519554138184,-8.42635917663574,"Unknown"
"7014855",371852,2025-11-14 08:39:26,43.351921081543,-8.4263219833374,"Unknown"
"7014855",371852,2025-11-14 08:49:45,43.3522148132324,-8.4264087677002,"Unknown"
"7014855",371852,2025-11-14 08:59:26,43.3521690368652,-8.42629718780518,"Unknown"
"7014855",371852,2025-11-14 09:09:26,43.3520889282227,-8.42626190185547,"Unknown"
"7014855",371852,2025-11-14 09:19:28,43.3517036437988,-8.42650699615479,"Unknown"
"7014855",371852,2025-11-14 09:29:29,43.3517761230469,-8.42660236358643,"Unknown"
"7014855",371852,2025-11-14 09:39:35,43.3517951965332,-8.42644500732422,"Unknown"
"7014855",371852,2025-11-14 09:49:37,43.3520050048828,-8.42636108398438,"Unknown"
"7014855",371852,2025-11-14 09:59:37,43.3512763977051,-8.42649078369141,"Unknown"
"7014855",371852,2025-11-14 10:09:28,43.3517456054688,-8.42643165588379,"Unknown"
"7014855",371852,2025-11-14 10:19:27,43.351863861084,-8.42635345458984,"Unknown"
"7014855",371852,2025-11-14 10:29:26,43.3516883850098,-8.42632389068604,"Unknown"
"7014855",371852,2025-11-14 10:39:26,43.3516616821289,-8.42630481719971,"Unknown"
"7014855",371852,2025-11-14 10:49:27,43.3516540527344,-8.42625045776367,"Unknown"
"7014855",371852,2025-11-14 10:59:27,43.3517417907715,-8.42616748809814,"Unknown"
"7014855",371852,2025-11-14 11:09:29,43.3517227172852,-8.42627239227295,"Unknown"
"7014855",371852,2025-11-14 11:19:33,43.3515625,-8.42611408233643,"Unknown"
"7014855",371852,2025-11-14 11:29:42,43.3516540527344,-8.42603015899658,"Unknown"
"7014855",371852,2025-11-14 11:39:27,43.3519515991211,-8.42545795440674,"Unknown"
"7014855",371852,2025-11-14 11:49:28,43.3523368835449,-8.425856590271,"Unknown"
"7014855",371852,2025-11-14 11:59:28,43.352367401123,-8.42459392547607,"Unknown"
"7014855",371852,2025-11-14 12:09:28,43.3524894714355,-8.42593765258789,"Unknown"
"7014855",371852,2025-11-14 12:19:28,43.3524932861328,-8.42592239379883,"Unknown"
"7014855",371852,2025-11-14 12:24:25,43.3523254394531,-8.42593479156494,"Unknown"
"7014855",371852,2025-11-14 12:29:26,43.3523368835449,-8.42598628997803,"Unknown"
"7014855",371852,2025-11-14 12:39:26,43.3522644042969,-8.42598915100098,"Unknown"
"7014855",371852,2025-11-14 12:44:26,43.3521842956543,-8.42603588104248,"Unknown"
"7014855",371852,2025-11-14 12:49:25,43.3521842956543,-8.42598533630371,"Unknown"
"7014855",371852,2025-11-14 12:54:25,43.3521614074707,-8.4260368347168,"Unknown"
"7014855",371852,2025-11-14 13:04:26,43.352165222168,-8.42595958709717,"Unknown"
"7014855",371852,2025-11-14 13:09:26,43.3522071838379,-8.42591857910156,"Unknown"
"7014855",371852,2025-11-14 13:14:28,43.352180480957,-8.42597579956055,"Unknown"
"7014855",371852,2025-11-14 13:19:26,43.3521423339844,-8.42597770690918,"Unknown"
"7014855",371852,2025-11-14 13:24:26,43.3520851135254,-8.42592716217041,"Unknown"
"7014855",371852,2025-11-14 13:29:26,43.352123260498,-8.42604351043701,"Unknown"
"7014855",371852,2025-11-14 13:34:27,43.3521003723145,-8.42609977722168,"Unknown"
"7014855",371852,2025-11-14 13:39:26,43.3520965576172,-8.42612171173096,"Unknown"
"7014855",371852,2025-11-14 13:44:26,43.3521423339844,-8.42591094970703,"Unknown"
"7014855",371852,2025-11-14 13:49:27,43.3521728515625,-8.42601585388184,"Unknown"
"7014855",371852,2025-11-14 13:54:27,43.3522262573242,-8.42620944976807,"Unknown"
"7014855",371852,2025-11-14 13:59:29,43.3527336120605,-8.42656993865967,"Unknown"
"7014855",371852,2025-11-14 14:04:33,43.3519058227539,-8.42607021331787,"Unknown"
"7014855",371852,2025-11-14 14:09:26,43.3518562316895,-8.42594242095947,"Unknown"
"7014855",371852,2025-11-14 14:14:26,43.3519248962402,-8.42602348327637,"Unknown"
"7014855",371852,2025-11-14 14:19:26,43.3519630432129,-8.42598819732666,"Unknown"
"7014855",371852,2025-11-14 14:24:26,43.35205078125,-8.42608070373535,"Unknown"
"7014855",371852,2025-11-14 14:29:27,43.3519821166992,-8.42606544494629,"Unknown"
"7014855",371852,2025-11-14 14:34:26,43.351993560791,-8.42609119415283,"Unknown"
"7014855",371852,2025-11-14 14:39:26,43.3520317077637,-8.4261589050293,"Unknown"
"7014855",371852,2025-11-14 14:44:26,43.3520202636719,-8.42611503601074,"Unknown"
"7014855",371852,2025-11-14 14:49:27,43.3520431518555,-8.42611598968506,"Unknown"
"7014855",371852,2025-11-14 14:54:28,43.3520088195801,-8.42614459991455,"Unknown"
"7014855",371852,2025-11-14 14:59:26,43.3520240783691,-8.42615032196045,"Unknown"
"7014855",371852,2025-11-14 15:04:26,43.351978302002,-8.42625045776367,"Unknown"
"7014855",371852,2025-11-14 15:09:26,43.3519859313965,-8.42612457275391,"Unknown"
"7014855",371852,2025-11-14 15:14:26,43.3519020080566,-8.42630004882812,"Unknown"
"7014855",371852,2025-11-14 15:19:26,43.3519439697266,-8.42623996734619,"Unknown"
"7014855",371852,2025-11-14 15:24:26,43.3519515991211,-8.42617797851562,"Unknown"
"7014855",371852,2025-11-14 15:29:36,43.351921081543,-8.42622661590576,"Unknown"
"7014855",371852,2025-11-14 15:34:26,43.3519287109375,-8.42619705200195,"Unknown"
"7014855",371852,2025-11-14 15:39:29,43.3519096374512,-8.42623710632324,"Unknown"
"7014855",371852,2025-11-14 15:44:26,43.3520240783691,-8.42620849609375,"Unknown"
"7014855",371852,2025-11-14 15:49:27,43.3519554138184,-8.42616367340088,"Unknown"
"7014855",371852,2025-11-14 15:54:26,43.3519706726074,-8.42618942260742,"Unknown"
"7014855",371852,2025-11-14 15:59:27,43.3519439697266,-8.42622470855713,"Unknown"
"7014855",371852,2025-11-14 16:04:25,43.3519287109375,-8.42617702484131,"Unknown"
"7014855",371852,2025-11-14 16:09:26,43.3519554138184,-8.42624378204346,"Unknown"
"7014855",371852,2025-11-14 16:14:28,43.3520278930664,-8.42619895935059,"Unknown"
"7014855",371852,2025-11-14 16:19:25,43.3519859313965,-8.42622089385986,"Unknown"
"7014855",371852,2025-11-14 16:24:25,43.3518714904785,-8.42625999450684,"Unknown"
"7014855",371852,2025-11-14 16:29:26,43.3519630432129,-8.42618083953857,"Unknown"
"7014855",371852,2025-11-14 16:34:25,43.3519859313965,-8.42615699768066,"Unknown"
"7014855",371852,2025-11-14 16:39:26,43.3520622253418,-8.42621421813965,"Unknown"
"7014855",371852,2025-11-14 16:44:26,43.3520164489746,-8.42625331878662,"Unknown"
"7014855",371852,2025-11-14 16:49:26,43.35205078125,-8.42617321014404,"Unknown"
"7014855",371852,2025-11-14 16:54:27,43.3520011901855,-8.42613506317139,"Unknown"
"7014855",371852,2025-11-14 16:59:27,43.3519897460938,-8.42603969573975,"Unknown"
"7014855",371852,2025-11-14 17:04:26,43.3519172668457,-8.42595481872559,"Unknown"
"7014855",371852,2025-11-14 17:09:25,43.3517265319824,-8.42606163024902,"Unknown"
"7014855",371852,2025-11-14 17:14:27,43.3519134521484,-8.4260139465332,"Unknown"
"7014855",371852,2025-11-14 17:19:26,43.3517723083496,-8.42598152160645,"Unknown"
"7014855",371852,2025-11-14 17:24:26,43.3516082763672,-8.42579174041748,"Unknown"
"7014855",371852,2025-11-14 17:29:25,43.3516235351562,-8.42570114135742,"Unknown"
"7014855",371852,2025-11-14 17:34:27,43.351448059082,-8.42539882659912,"Unknown"
"7014855",371852,2025-11-14 17:39:29,43.3515243530273,-8.42539882659912,"Unknown"
"7014855",371852,2025-11-14 17:44:33,43.3519973754883,-8.42601203918457,"Unknown"
"7014855",371852,2025-11-14 17:49:33,43.3519554138184,-8.42591857910156,"Unknown"
"7014855",371852,2025-11-14 17:54:26,43.3518295288086,-8.42588138580322,"Unknown"
"7014855",371852,2025-11-14 17:59:36,43.3519325256348,-8.42597389221191,"Unknown"
"7014855",371852,2025-11-14 18:04:36,43.3519515991211,-8.42601776123047,"Unknown"
"7014855",371852,2025-11-14 18:09:28,43.3520355224609,-8.4260950088501,"Unknown"
"7014855",371852,2025-11-14 18:14:36,43.3519477844238,-8.42602157592773,"Unknown"
"7014855",371852,2025-11-14 18:19:28,43.3518180847168,-8.42584228515625,"Unknown"
"7014855",371852,2025-11-14 18:24:36,43.3519668579102,-8.42606449127197,"Unknown"
"7014855",371852,2025-11-14 18:29:36,43.3520088195801,-8.4260892868042,"Unknown"
"7014855",371852,2025-11-14 18:34:36,43.3519859313965,-8.42598533630371,"Unknown"
"7014855",371852,2025-11-14 18:39:36,43.3519439697266,-8.42606163024902,"Unknown"
"7014855",371852,2025-11-14 18:44:44,43.3520088195801,-8.42617988586426,"Unknown"
"7014855",371852,2025-11-14 18:49:26,43.3519287109375,-8.42580699920654,"Unknown"
"7014855",371852,2025-11-14 18:54:26,43.3519058227539,-8.42589282989502,"Unknown"
"7014855",371852,2025-11-14 18:59:26,43.3520164489746,-8.42604923248291,"Unknown"
"7014855",371852,2025-11-14 19:04:26,43.3520317077637,-8.42621231079102,"Unknown"
"7014855",371852,2025-11-14 19:09:28,43.3521499633789,-8.42638397216797,"Unknown"
"7014855",371852,2025-11-14 19:14:27,43.3517303466797,-8.42543125152588,"Unknown"
"7014855",371852,2025-11-14 19:19:26,43.3518867492676,-8.42602825164795,"Unknown"
"7014855",371852,2025-11-14 19:24:26,43.3520355224609,-8.42612838745117,"Unknown"
"7014855",371852,2025-11-14 19:29:27,43.3520469665527,-8.42617130279541,"Unknown"
"7014855",371852,2025-11-14 19:34:36,43.3521385192871,-8.42630100250244,"Unknown"
"7014855",371852,2025-11-14 19:39:36,43.3520965576172,-8.42619895935059,"Unknown"
"7014855",371852,2025-11-14 19:44:33,43.3521041870117,-8.42627620697021,"Unknown"
"7014855",371852,2025-11-14 19:49:36,43.3520622253418,-8.42617321014404,"Unknown"
"7014855",371852,2025-11-14 19:54:36,43.3521347045898,-8.42625045776367,"Unknown"
"7014855",371852,2025-11-14 19:59:41,43.3519515991211,-8.42603874206543,"Unknown"
"7014855",371852,2025-11-14 20:04:39,43.3520240783691,-8.42618179321289,"Unknown"
"7014855",371852,2025-11-14 20:09:37,43.3519859313965,-8.42611789703369,"Unknown"
"7014855",371852,2025-11-14 20:14:37,43.3520431518555,-8.42627334594727,"Unknown"
"7014855",371852,2025-11-14 20:19:35,43.3519172668457,-8.42601585388184,"Unknown"
"7014855",371852,2025-11-14 20:24:44,43.3518295288086,-8.42606735229492,"Unknown"
"7014855",371852,2025-11-14 20:29:26,43.3518257141113,-8.42602252960205,"Unknown"
"7014855",371852,2025-11-14 20:34:26,43.351993560791,-8.42618751525879,"Unknown"
"7014855",371852,2025-11-14 20:39:26,43.3519325256348,-8.4262809753418,"Unknown"
"7014855",371852,2025-11-14 20:44:25,43.3521308898926,-8.42629051208496,"Unknown"
"7014855",371852,2025-11-14 20:49:59,43.3520278930664,-8.42623615264893,"Unknown"
"7014855",371852,2025-11-14 20:54:24,43.3521118164062,-8.42618751525879,"Unknown"
"7014855",371852,2025-11-14 20:59:24,43.3521118164062,-8.42618846893311,"Unknown"
"7014855",371852,2025-11-14 21:04:24,43.3520545959473,-8.42619609832764,"Unknown"
"7014855",371852,2025-11-14 21:09:25,43.3520736694336,-8.42624282836914,"Unknown"
"7014855",371852,2025-11-14 21:14:24,43.3522148132324,-8.42614555358887,"Unknown"
"7014855",371852,2025-11-14 21:19:25,43.3521575927734,-8.4261302947998,"Unknown"
"7014855",371852,2025-11-14 21:24:24,43.352108001709,-8.4261360168457,"Unknown"
"7014855",371852,2025-11-14 21:29:26,43.3521270751953,-8.42617130279541,"Unknown"
"7014855",371852,2025-11-14 21:34:24,43.3521118164062,-8.42612552642822,"Unknown"
"7014855",371852,2025-11-14 21:39:25,43.3521575927734,-8.42608165740967,"Unknown"
"7014855",371852,2025-11-14 21:44:25,43.3521881103516,-8.42608547210693,"Unknown"
"7014855",371852,2025-11-14 21:54:29,43.3524055480957,-8.42599105834961,"Unknown"
"7014855",371852,2025-11-14 21:59:26,43.351921081543,-8.42610359191895,"Unknown"
"7014855",371852,2025-11-14 22:04:24,43.3519821166992,-8.42605018615723,"Unknown"
"7014855",371852,2025-11-14 22:09:25,43.3520126342773,-8.42619037628174,"Unknown"
"7014855",371852,2025-11-14 22:14:26,43.3519668579102,-8.42611980438232,"Unknown"
"7014855",371852,2025-11-14 22:19:25,43.3520011901855,-8.4260950088501,"Unknown"
"7014855",371852,2025-11-14 22:24:26,43.3519401550293,-8.42612743377686,"Unknown"
"7014855",371852,2025-11-14 22:29:26,43.3519668579102,-8.42604923248291,"Unknown"
"7014855",371852,2025-11-14 22:39:25,43.3519859313965,-8.42597961425781,"Unknown"
"7014855",371852,2025-11-14 22:44:25,43.3519859313965,-8.42602157592773,"Unknown"
"7014855",371852,2025-11-14 22:54:26,43.3520050048828,-8.42611885070801,"Unknown"
"7014855",371852,2025-11-14 23:04:26,43.3519744873047,-8.42603302001953,"Unknown"
"7014855",371852,2025-11-14 23:14:27,43.3520584106445,-8.42606258392334,"Unknown"
"7014855",371852,2025-11-14 23:19:25,43.3520584106445,-8.42599868774414,"Unknown"
"7014855",371852,2025-11-14 23:29:26,43.3521766662598,-8.42602729797363,"Unknown"
"7014855",371852,2025-11-14 23:39:30,43.3521041870117,-8.42578983306885,"Unknown"
"7014855",371852,2025-11-14 23:49:29,43.3520698547363,-8.42592144012451,"Unknown"
"7014855",371852,2025-11-14 23:59:26,43.3519172668457,-8.42619037628174,"Unknown"
"7014855",371852,2025-11-15 00:04:27,43.3519477844238,-8.42620468139648,"Unknown"
"7014855",371852,2025-11-15 00:14:27,43.3519973754883,-8.42636108398438,"Unknown"
"7014855",371852,2025-11-15 00:24:27,43.3518562316895,-8.42608261108398,"Unknown"
"7014855",371852,2025-11-15 00:34:27,43.3519630432129,-8.4263162612915,"Unknown"
"7014855",371852,2025-11-15 00:44:27,43.3518486022949,-8.42600059509277,"Unknown"
"7014855",371852,2025-11-15 00:54:27,43.3518257141113,-8.42584991455078,"Unknown"
"7014855",371852,2025-11-15 01:04:27,43.3518524169922,-8.42588520050049,"Unknown"
"7014855",371852,2025-11-15 01:14:27,43.3518905639648,-8.42586517333984,"Unknown"
"7014855",371852,2025-11-15 01:24:29,43.3519248962402,-8.42577838897705,"Unknown"
"7014855",371852,2025-11-15 01:34:30,43.3519706726074,-8.42585182189941,"Unknown"
"7014855",371852,2025-11-15 01:44:37,43.3520126342773,-8.42589473724365,"Unknown"
"7014855",371852,2025-11-15 01:54:31,43.352180480957,-8.42592906951904,"Unknown"
"7014855",371852,2025-11-15 02:04:34,43.3520927429199,-8.42590618133545,"Unknown"
"7014855",371852,2025-11-15 02:14:29,43.3522300720215,-8.42612552642822,"Unknown"
"7014855",371852,2025-11-15 02:24:32,43.3523559570312,-8.42590236663818,"Unknown"
"7014855",371852,2025-11-15 02:34:29,43.3523826599121,-8.42587471008301,"Unknown"
"7014855",371852,2025-11-15 02:44:28,43.3522262573242,-8.42601108551025,"Unknown"
"7014855",371852,2025-11-15 02:54:30,43.3520660400391,-8.42623996734619,"Unknown"
"7014855",371852,2025-11-15 03:04:29,43.3520469665527,-8.42619037628174,"Unknown"
"7014855",371852,2025-11-15 03:14:29,43.3520736694336,-8.42636585235596,"Unknown"
"7014855",371852,2025-11-15 03:24:27,43.3519515991211,-8.4262752532959,"Unknown"
"7014855",371852,2025-11-15 03:34:27,43.351879119873,-8.42630672454834,"Unknown"
"7014855",371852,2025-11-15 03:44:29,43.3519630432129,-8.42624950408936,"Unknown"
"7014855",371852,2025-11-15 03:54:27,43.3517837524414,-8.42619514465332,"Unknown"
"7014855",371852,2025-11-15 04:04:27,43.3517456054688,-8.4260835647583,"Unknown"
"7014855",371852,2025-11-15 04:14:29,43.3517875671387,-8.42615795135498,"Unknown"
"7014855",371852,2025-11-15 04:24:31,43.3517112731934,-8.42591667175293,"Unknown"
"7014855",371852,2025-11-15 04:34:31,43.3516387939453,-8.42588520050049,"Unknown"
"7014855",371852,2025-11-15 04:44:32,43.3517189025879,-8.42602443695068,"Unknown"
"7014855",371852,2025-11-15 04:54:32,43.3517456054688,-8.42608737945557,"Unknown"
"7014855",371852,2025-11-15 05:04:34,43.3517189025879,-8.42595672607422,"Unknown"
"7014855",371852,2025-11-15 05:14:33,43.351692199707,-8.42609691619873,"Unknown"
"7014855",371852,2025-11-15 05:24:36,43.3516082763672,-8.42578125,"Unknown"
"7014855",371852,2025-11-15 05:34:39,43.351749420166,-8.4259090423584,"Unknown"
"7014855",371852,2025-11-15 05:44:46,43.3522567749023,-8.42624568939209,"Unknown"
"7014855",371852,2025-11-15 05:54:34,43.3522262573242,-8.42619800567627,"Unknown"
"7014855",371852,2025-11-15 06:04:34,43.3520774841309,-8.42601776123047,"Unknown"
"7014855",371852,2025-11-15 06:14:43,43.3522644042969,-8.42622089385986,"Unknown"
"7014855",371852,2025-11-15 06:24:31,43.3521957397461,-8.42617130279541,"Unknown"
"7014855",371852,2025-11-15 06:34:37,43.3523597717285,-8.42638301849365,"Unknown"
"7014855",371852,2025-11-15 06:44:45,43.3519897460938,-8.42582702636719,"Unknown"
"7014855",371852,2025-11-15 06:54:37,43.3520622253418,-8.42624759674072,"Unknown"
"7014855",371852,2025-11-15 07:04:45,43.3520240783691,-8.4262113571167,"Unknown"
"7014855",371852,2025-11-15 07:14:29,43.3518486022949,-8.42625522613525,"Unknown"
"7014855",371852,2025-11-15 07:24:27,43.3519401550293,-8.42622375488281,"Unknown"
"7014855",371852,2025-11-15 07:34:34,43.3520050048828,-8.4262170791626,"Unknown"
"7014855",371852,2025-11-15 07:44:37,43.3520469665527,-8.42630290985107,"Unknown"
"7014855",371852,2025-11-15 07:54:59,43.3519897460938,-8.42617893218994,"Unknown"
"7014855",371852,2025-11-15 08:04:28,43.3521347045898,-8.42623233795166,"Unknown"
"7014855",371852,2025-11-15 08:14:26,43.3520126342773,-8.42622184753418,"Unknown"
"7014855",371852,2025-11-15 08:24:28,43.3521690368652,-8.42639923095703,"Unknown"
"7014855",371852,2025-11-15 08:34:28,43.3520317077637,-8.42632675170898,"Unknown"
"7014855",371852,2025-11-15 08:44:34,43.3518867492676,-8.4265251159668,"Unknown"
"7014855",371852,2025-11-15 08:54:30,43.3519706726074,-8.42639064788818,"Unknown"
"7014855",371852,2025-11-15 09:04:29,43.3521957397461,-8.42621803283691,"Unknown"
"7014855",371852,2025-11-15 09:14:29,43.3519401550293,-8.42638111114502,"Unknown"
"7014855",371852,2025-11-15 09:24:40,43.3520164489746,-8.4261531829834,"Unknown"
"7014855",371852,2025-11-15 09:34:29,43.3522109985352,-8.42649078369141,"Unknown"
"7014855",371852,2025-11-15 09:44:29,43.3521156311035,-8.42609405517578,"Unknown"
"7014855",371852,2025-11-15 09:54:29,43.3518829345703,-8.42630672454834,"Unknown"
"7014855",371852,2025-11-15 09:59:33,43.3518600463867,-8.4265079498291,"Unknown"
"7014855",371852,2025-11-15 10:04:41,43.3519973754883,-8.42600536346436,"Unknown"
"7014855",371852,2025-11-15 10:09:26,43.3520050048828,-8.42600536346436,"Unknown"
"7014855",371852,2025-11-15 10:14:26,43.3520469665527,-8.42610740661621,"Unknown"
"7014855",371852,2025-11-15 10:19:26,43.3520469665527,-8.42595195770264,"Unknown"
"7014855",371852,2025-11-15 10:24:26,43.35205078125,-8.42587566375732,"Unknown"
"7014855",371852,2025-11-15 10:29:28,43.3519630432129,-8.42646789550781,"Unknown"
"7014855",371852,2025-11-15 10:34:35,43.3519821166992,-8.42613220214844,"Unknown"
"7014855",371852,2025-11-15 10:39:30,43.3518905639648,-8.42598056793213,"Unknown"
"7014855",371852,2025-11-15 10:44:30,43.3518867492676,-8.4262638092041,"Unknown"
"7014855",371852,2025-11-15 10:49:41,43.3519439697266,-8.42603397369385,"Unknown"
"7014855",371852,2025-11-15 10:54:36,43.3518829345703,-8.42613220214844,"Unknown"
"7014855",371852,2025-11-15 10:59:37,43.3516082763672,-8.42636775970459,"Unknown"
"7014855",371852,2025-11-15 11:04:36,43.351863861084,-8.42598915100098,"Unknown"
"7014855",371852,2025-11-15 11:09:35,43.3516273498535,-8.42632102966309,"Unknown"
"7014855",371852,2025-11-15 11:14:40,43.351978302002,-8.4258861541748,"Unknown"
"7014855",371852,2025-11-15 11:19:27,43.3520965576172,-8.4261589050293,"Unknown"
"7014855",371852,2025-11-15 11:24:27,43.3521499633789,-8.4259090423584,"Unknown"
"7014855",371852,2025-11-15 11:29:27,43.3520812988281,-8.42589855194092,"Unknown"
"7014855",371852,2025-11-15 11:34:28,43.3520317077637,-8.42592430114746,"Unknown"
"7014855",371852,2025-11-15 11:39:29,43.352108001709,-8.4263858795166,"Unknown"
"7014855",371852,2025-11-15 11:44:36,43.3519744873047,-8.42592716217041,"Unknown"
"7014855",371852,2025-11-15 11:49:34,43.3519630432129,-8.4259557723999,"Unknown"
"7014855",371852,2025-11-15 11:54:40,43.3519897460938,-8.42594909667969,"Unknown"
"7014855",371852,2025-11-15 11:59:27,43.351921081543,-8.42611122131348,"Unknown"
"7014855",371852,2025-11-15 12:04:26,43.351978302002,-8.42610263824463,"Unknown"
"7014855",371852,2025-11-15 12:09:26,43.3519554138184,-8.42609596252441,"Unknown"
"7014855",371852,2025-11-15 12:14:36,43.3518409729004,-8.42623138427734,"Unknown"
"7014855",371852,2025-11-15 12:19:26,43.3519401550293,-8.42612457275391,"Unknown"
"7014855",371852,2025-11-15 12:24:26,43.351863861084,-8.42611503601074,"Unknown"
"7014855",371852,2025-11-15 12:29:27,43.3518295288086,-8.4261589050293,"Unknown"
"7014855",371852,2025-11-15 12:34:27,43.3521194458008,-8.42596817016602,"Unknown"
"7014855",371852,2025-11-15 12:39:29,43.351936340332,-8.42610359191895,"Unknown"
"7014855",371852,2025-11-15 12:44:29,43.3518486022949,-8.42623329162598,"Unknown"
"7014855",371852,2025-11-15 12:49:36,43.3520736694336,-8.42608070373535,"Unknown"
"7014855",371852,2025-11-15 12:54:35,43.3521461486816,-8.42604827880859,"Unknown"
"7014855",371852,2025-11-15 12:59:46,43.3521308898926,-8.42604160308838,"Unknown"
"7014855",371852,2025-11-15 13:04:45,43.3521156311035,-8.42611980438232,"Unknown"
"7014855",371852,2025-11-15 13:09:59,43.3520278930664,-8.42617797851562,"Unknown"
"7014855",371852,2025-11-15 13:14:25,43.351978302002,-8.42620754241943,"Unknown"
"7014855",371852,2025-11-15 13:19:25,43.3519477844238,-8.42612171173096,"Unknown"
"7014855",371852,2025-11-15 13:24:25,43.3519248962402,-8.42614936828613,"Unknown"
"7014855",371852,2025-11-15 13:29:25,43.351993560791,-8.42620182037354,"Unknown"
"7014855",371852,2025-11-15 13:34:25,43.3519821166992,-8.42614841461182,"Unknown"
"7014855",371852,2025-11-15 13:39:26,43.3519439697266,-8.42611312866211,"Unknown"
"7014855",371852,2025-11-15 13:44:26,43.3519592285156,-8.426194190979,"Unknown"
"7014855",371852,2025-11-15 13:49:25,43.3519973754883,-8.42618560791016,"Unknown"
"7014855",371852,2025-11-15 13:54:26,43.3520431518555,-8.4262809753418,"Unknown"
"7014855",371852,2025-11-15 13:59:25,43.3518714904785,-8.42595767974854,"Unknown"
"7014855",371852,2025-11-15 14:04:26,43.3519744873047,-8.42618370056152,"Unknown"
"7014855",371852,2025-11-15 14:09:26,43.3519973754883,-8.42623710632324,"Unknown"
"7014855",371852,2025-11-15 14:14:26,43.3519325256348,-8.42618751525879,"Unknown"
"7014855",371852,2025-11-15 14:19:26,43.3519859313965,-8.42623996734619,"Unknown"
"7014855",371852,2025-11-15 14:24:27,43.3519325256348,-8.42614269256592,"Unknown"
"7014855",371852,2025-11-15 14:29:26,43.3519744873047,-8.42621040344238,"Unknown"
"7014855",371852,2025-11-15 14:34:26,43.3519554138184,-8.42612075805664,"Unknown"
"7014855",371852,2025-11-15 14:39:26,43.3520164489746,-8.42620658874512,"Unknown"
"7014855",371852,2025-11-15 14:44:26,43.3520469665527,-8.42615413665771,"Unknown"
"7014855",371852,2025-11-15 14:49:26,43.3519706726074,-8.42616367340088,"Unknown"
"7014855",371852,2025-11-15 14:54:26,43.3520736694336,-8.42621994018555,"Unknown"
"7014855",371852,2025-11-15 14:59:26,43.3519744873047,-8.42620277404785,"Unknown"
"7014855",371852,2025-11-15 15:04:28,43.3535118103027,-8.42624473571777,"Unknown"
"7014855",371852,2025-11-15 15:09:27,43.3518409729004,-8.42625713348389,"Unknown"
"7014855",371852,2025-11-15 15:14:27,43.3518867492676,-8.42626953125,"Unknown"
"7014855",371852,2025-11-15 15:19:28,43.3518600463867,-8.42631912231445,"Unknown"
"7014855",371852,2025-11-15 15:24:27,43.3529205322266,-8.42619037628174,"Unknown"
"7014855",371852,2025-11-15 15:29:27,43.3526573181152,-8.42616939544678,"Unknown"
"7014855",371852,2025-11-15 15:34:27,43.3523254394531,-8.42623519897461,"Unknown"
"7014855",371852,2025-11-15 15:39:27,43.3525924682617,-8.42617034912109,"Unknown"
"7014855",371852,2025-11-15 15:44:44,43.3520088195801,-8.42610549926758,"Unknown"
"7014855",371852,2025-11-15 15:49:26,43.3521156311035,-8.42597675323486,"Unknown"
"7014855",371852,2025-11-15 15:54:26,43.3520660400391,-8.42603874206543,"Unknown"
"7014855",371852,2025-11-15 15:59:26,43.3520698547363,-8.42602252960205,"Unknown"
"7014855",371852,2025-11-15 16:04:26,43.3521003723145,-8.42596817016602,"Unknown"
"7014855",371852,2025-11-15 16:09:26,43.3521385192871,-8.42577075958252,"Unknown"
"7014855",371852,2025-11-15 16:14:26,43.3520927429199,-8.42596244812012,"Unknown"
"7014855",371852,2025-11-15 16:19:26,43.352123260498,-8.42594432830811,"Unknown"
"7014855",371852,2025-11-15 16:24:27,43.3521499633789,-8.42576313018799,"Unknown"
"7014855",371852,2025-11-15 16:29:26,43.3521347045898,-8.42595767974854,"Unknown"
"7014855",371852,2025-11-15 16:34:28,43.3518333435059,-8.42601871490479,"Unknown"
"7014855",371852,2025-11-15 16:39:30,43.3518447875977,-8.42593097686768,"Unknown"
"7014855",371852,2025-11-15 16:44:33,43.3521194458008,-8.42601585388184,"Unknown"
"7014855",371852,2025-11-15 16:49:33,43.3520584106445,-8.42610359191895,"Unknown"
"7014855",371852,2025-11-15 16:54:36,43.351936340332,-8.42599964141846,"Unknown"
"7014855",371852,2025-11-15 16:59:29,43.3525505065918,-8.42639350891113,"Unknown"
"7014855",371852,2025-11-15 17:04:36,43.3521156311035,-8.42613315582275,"Unknown"
"7014855",371852,2025-11-15 17:09:37,43.3518562316895,-8.42605209350586,"Unknown"
"7014855",371852,2025-11-15 17:14:37,43.3517608642578,-8.42603874206543,"Unknown"
"7014855",371852,2025-11-15 17:19:43,43.3519706726074,-8.42617225646973,"Unknown"
"7014855",371852,2025-11-15 17:24:29,43.3522567749023,-8.42595672607422,"Unknown"
"7014855",371852,2025-11-15 17:29:30,43.3522415161133,-8.42566680908203,"Unknown"
"7014855",371852,2025-11-15 17:34:27,43.3521728515625,-8.42591190338135,"Unknown"
"7014855",371852,2025-11-15 17:39:35,43.3490257263184,-8.42690658569336,"Unknown"
"7014855",371852,2025-11-15 17:44:29,43.3520698547363,-8.42642784118652,"Unknown"
"7014855",371852,2025-11-15 17:49:47,43.3518218994141,-8.42625522613525,"Unknown"
"7014855",371852,2025-11-15 17:54:27,43.3515853881836,-8.42623233795166,"Unknown"
"7014855",371852,2025-11-15 17:59:47,43.3515777587891,-8.42633819580078,"Unknown"
"7014855",371852,2025-11-15 18:04:29,43.3516883850098,-8.4263973236084,"Unknown"
"7014855",371852,2025-11-15 18:09:44,43.3519477844238,-8.4263858795166,"Unknown"
"7014855",371852,2025-11-15 18:14:27,43.352222442627,-8.42637729644775,"Unknown"
"7014855",371852,2025-11-15 18:19:27,43.3522071838379,-8.42593669891357,"Unknown"
"7014855",371852,2025-11-15 18:24:28,43.3520927429199,-8.42620658874512,"Unknown"
"7014855",371852,2025-11-15 18:29:27,43.3522796630859,-8.42626762390137,"Unknown"
"7014855",371852,2025-11-15 18:34:28,43.3524551391602,-8.42606067657471,"Unknown"
"7014855",371852,2025-11-15 18:39:28,43.3518829345703,-8.42640209197998,"Unknown"
"7014855",371852,2025-11-15 18:44:29,43.3520927429199,-8.42631721496582,"Unknown"
"7014855",371852,2025-11-15 18:49:27,43.3524131774902,-8.42650508880615,"Unknown"
"7014855",371852,2025-11-15 18:54:28,43.3522720336914,-8.42647171020508,"Unknown"
"7014855",371852,2025-11-15 18:59:27,43.3522872924805,-8.42650127410889,"Unknown"
"7014855",371852,2025-11-15 19:04:33,43.3520317077637,-8.42619323730469,"Unknown"
"7014855",371852,2025-11-15 19:09:27,43.3519248962402,-8.42606449127197,"Unknown"
"7014855",371852,2025-11-15 19:14:28,43.3521041870117,-8.42630004882812,"Unknown"
"7014855",371852,2025-11-15 19:19:29,43.3523445129395,-8.42663860321045,"Unknown"
"7014855",371852,2025-11-15 19:24:29,43.3521919250488,-8.42675304412842,"Unknown"
"7014855",371852,2025-11-15 19:29:27,43.352108001709,-8.42643642425537,"Unknown"
"7014855",371852,2025-11-15 19:34:27,43.3520965576172,-8.42641448974609,"Unknown"
"7014855",371852,2025-11-15 19:39:27,43.3520774841309,-8.42644309997559,"Unknown"
"7014855",371852,2025-11-15 19:44:28,43.3521041870117,-8.42644309997559,"Unknown"
"7014855",371852,2025-11-15 19:49:28,43.3520927429199,-8.42645740509033,"Unknown"
"7014855",371852,2025-11-15 19:54:28,43.3519973754883,-8.42649745941162,"Unknown"
"7014855",371852,2025-11-15 19:59:27,43.351936340332,-8.4265251159668,"Unknown"
"7014855",371852,2025-11-15 20:04:29,43.3521423339844,-8.42638397216797,"Unknown"
"7014855",371852,2025-11-15 20:09:30,43.3520927429199,-8.42701148986816,"Unknown"
"7014855",371852,2025-11-15 20:14:36,43.3520202636719,-8.42665004730225,"Unknown"
"7014855",371852,2025-11-15 20:19:31,43.3519477844238,-8.42654991149902,"Unknown"
"7014855",371852,2025-11-15 20:24:35,43.3520469665527,-8.42662334442139,"Unknown"
"7014855",371852,2025-11-15 20:29:36,43.3518257141113,-8.4264554977417,"Unknown"
"7014855",371852,2025-11-15 20:34:36,43.3519287109375,-8.42652130126953,"Unknown"
"7014855",371852,2025-11-15 20:39:27,43.3519248962402,-8.42640399932861,"Unknown"
"7014855",371852,2025-11-15 20:44:36,43.3518981933594,-8.42640495300293,"Unknown"
"7014855",371852,2025-11-15 20:49:28,43.3518981933594,-8.42639255523682,"Unknown"
"7014855",371852,2025-11-15 20:54:36,43.3519439697266,-8.42637538909912,"Unknown"
"7014855",371852,2025-11-15 20:59:27,43.3520469665527,-8.42633247375488,"Unknown"
"7014855",371852,2025-11-15 21:04:36,43.3519859313965,-8.42631053924561,"Unknown"
"7014855",371852,2025-11-15 21:09:27,43.3519744873047,-8.42625713348389,"Unknown"
"7014855",371852,2025-11-15 21:14:36,43.3521041870117,-8.42625045776367,"Unknown"
"7014855",371852,2025-11-15 21:19:36,43.3521308898926,-8.42620182037354,"Unknown"
"7014855",371852,2025-11-15 21:24:36,43.3521499633789,-8.42617130279541,"Unknown"
"7014855",371852,2025-11-15 21:29:34,43.3521995544434,-8.4261589050293,"Unknown"
"7014855",371852,2025-11-15 21:34:34,43.3522300720215,-8.42604827880859,"Unknown"
"7014855",371852,2025-11-15 21:39:56,43.3522300720215,-8.4261417388916,"Unknown"
"7014855",371852,2025-11-15 21:44:26,43.3520050048828,-8.42638206481934,"Unknown"
"7014855",371852,2025-11-15 21:49:26,43.352123260498,-8.42622089385986,"Unknown"
"7014855",371852,2025-11-15 21:54:25,43.3521270751953,-8.42625904083252,"Unknown"
"7014855",371852,2025-11-15 21:59:25,43.3520660400391,-8.42635917663574,"Unknown"
"7014855",371852,2025-11-15 22:04:28,43.3521499633789,-8.42634963989258,"Unknown"
"7014855",371852,2025-11-15 22:09:26,43.352123260498,-8.42623233795166,"Unknown"
"7014855",371852,2025-11-15 22:14:25,43.3521690368652,-8.42628479003906,"Unknown"
"7014855",371852,2025-11-15 22:19:25,43.3519744873047,-8.42627048492432,"Unknown"
"7014855",371852,2025-11-15 22:24:27,43.3520240783691,-8.42630481719971,"Unknown"
"7014855",371852,2025-11-15 22:29:27,43.3520126342773,-8.42624187469482,"Unknown"
"7014855",371852,2025-11-15 22:34:25,43.3520164489746,-8.42625617980957,"Unknown"
"7014855",371852,2025-11-15 22:39:26,43.3520202636719,-8.42626762390137,"Unknown"
"7014855",371852,2025-11-15 22:44:27,43.3519287109375,-8.42626190185547,"Unknown"
"7014855",371852,2025-11-15 22:49:33,43.3519706726074,-8.42634773254395,"Unknown"
"7014855",371852,2025-11-15 22:54:28,43.3520126342773,-8.42634105682373,"Unknown"
"7014855",371852,2025-11-15 22:59:26,43.351993560791,-8.4262809753418,"Unknown"
"7014855",371852,2025-11-15 23:04:44,43.3520393371582,-8.42623901367188,"Unknown"
"7014855",371852,2025-11-15 23:09:26,43.3519134521484,-8.42623329162598,"Unknown"
"7014855",371852,2025-11-15 23:14:26,43.3519515991211,-8.42630958557129,"Unknown"
"7014855",371852,2025-11-15 23:19:26,43.3519134521484,-8.42626667022705,"Unknown"
"7014855",371852,2025-11-15 23:24:26,43.3517227172852,-8.42612075805664,"Unknown"
"7014855",371852,2025-11-15 23:29:27,43.3519859313965,-8.42634391784668,"Unknown"
"7014855",371852,2025-11-15 23:34:26,43.3518943786621,-8.4262809753418,"Unknown"
"7014855",371852,2025-11-15 23:39:26,43.3518867492676,-8.42627143859863,"Unknown"
"7014855",371852,2025-11-15 23:44:26,43.3518142700195,-8.42608261108398,"Unknown"
"7014855",371852,2025-11-15 23:49:27,43.35205078125,-8.42637252807617,"Unknown"
"7014855",371852,2025-11-15 23:54:40,43.3520126342773,-8.42624473571777,"Unknown"
"7014855",371852,2025-11-15 23:59:36,43.3520240783691,-8.42593002319336,"Unknown"
"7014855",371852,2025-11-16 00:04:31,43.3520011901855,-8.42625713348389,"Unknown"
"7014855",371852,2025-11-16 00:09:29,43.3520660400391,-8.42594337463379,"Unknown"
"7014855",371852,2025-11-16 00:14:33,43.352123260498,-8.42576122283936,"Unknown"
"7014855",371852,2025-11-16 00:19:29,43.3520774841309,-8.4257640838623,"Unknown"
"7014855",371852,2025-11-16 00:24:29,43.35205078125,-8.42587089538574,"Unknown"
"7014855",371852,2025-11-16 00:29:29,43.352108001709,-8.42572402954102,"Unknown"
"7014855",371852,2025-11-16 00:34:29,43.3520355224609,-8.42578792572021,"Unknown"
"7014855",371852,2025-11-16 00:39:29,43.3520202636719,-8.42611026763916,"Unknown"
"7014855",371852,2025-11-16 00:44:29,43.35205078125,-8.42594909667969,"Unknown"
"7014855",371852,2025-11-16 00:49:57,43.3520431518555,-8.42618560791016,"Unknown"
"7014855",371852,2025-11-16 00:54:25,43.3520202636719,-8.4261474609375,"Unknown"
"7014855",371852,2025-11-16 00:59:25,43.3520164489746,-8.42625141143799,"Unknown"
"7014855",371852,2025-11-16 01:04:25,43.3520584106445,-8.42614650726318,"Unknown"
"7014855",371852,2025-11-16 01:09:25,43.351993560791,-8.42621803283691,"Unknown"
"7014855",371852,2025-11-16 01:14:27,43.3520164489746,-8.42632293701172,"Unknown"
"7014855",371852,2025-11-16 01:19:28,43.3520774841309,-8.42638301849365,"Unknown"
"7014855",371852,2025-11-16 01:24:36,43.3520011901855,-8.42625141143799,"Unknown"
"7014855",371852,2025-11-16 01:29:29,43.3520393371582,-8.42652606964111,"Unknown"
"7014855",371852,2025-11-16 01:34:36,43.3519630432129,-8.42611980438232,"Unknown"
"7014855",371852,2025-11-16 01:39:35,43.35205078125,-8.42613983154297,"Unknown"
"7014855",371852,2025-11-16 01:44:59,43.3520240783691,-8.42616653442383,"Unknown"
"7014855",371852,2025-11-16 01:49:29,43.3521423339844,-8.42539501190186,"Unknown"
"7014855",371852,2025-11-16 01:54:33,43.3520431518555,-8.42629623413086,"Unknown"
"7014855",371852,2025-11-16 01:59:27,43.3520469665527,-8.42654037475586,"Unknown"
"7014855",371852,2025-11-16 02:04:31,43.3520011901855,-8.42628192901611,"Unknown"
"7014855",371852,2025-11-16 02:09:29,43.3518676757812,-8.4271879196167,"Unknown"
"7014855",371852,2025-11-16 02:14:30,43.3518486022949,-8.42680835723877,"Unknown"
"7014855",371852,2025-11-16 02:19:28,43.3520355224609,-8.42689323425293,"Unknown"
"7014855",371852,2025-11-16 02:24:28,43.3523139953613,-8.42696094512939,"Unknown"
"7014855",371852,2025-11-16 02:29:27,43.3525009155273,-8.42675495147705,"Unknown"
"7014855",371852,2025-11-16 02:34:27,43.3522567749023,-8.42648983001709,"Unknown"
"7014855",371852,2025-11-16 02:39:29,43.3525428771973,-8.42614269256592,"Unknown"
"7014855",371852,2025-11-16 02:44:52,43.352783203125,-8.42622470855713,"Unknown"
"7014855",371852,2025-11-16 02:49:48,43.3516120910645,-8.42631435394287,"Unknown"
"7014855",371852,2025-11-16 02:54:31,43.3509941101074,-8.42635536193848,"Unknown"
"7014855",371852,2025-11-16 02:59:28,43.3512649536133,-8.42645072937012,"Unknown"
"7014855",371852,2025-11-16 03:04:28,43.3513641357422,-8.4264087677002,"Unknown"
"7014855",371852,2025-11-16 03:09:26,43.3518028259277,-8.42634582519531,"Unknown"
"7014855",371852,2025-11-16 03:14:30,43.3519668579102,-8.42629241943359,"Unknown"
"7014855",371852,2025-11-16 03:19:27,43.3515434265137,-8.42631149291992,"Unknown"
"7014855",371852,2025-11-16 03:24:26,43.3518295288086,-8.42625713348389,"Unknown"
"7014855",371852,2025-11-16 03:29:26,43.3518905639648,-8.42630004882812,"Unknown"
"7014855",371852,2025-11-16 03:34:27,43.3519248962402,-8.42619228363037,"Unknown"
"7014855",371852,2025-11-16 03:39:26,43.3519630432129,-8.42629146575928,"Unknown"
"7014855",371852,2025-11-16 03:44:26,43.3519439697266,-8.4262228012085,"Unknown"
"7014855",371852,2025-11-16 03:49:26,43.3519554138184,-8.42624950408936,"Unknown"
"7014855",371852,2025-11-16 03:54:26,43.3519134521484,-8.42621326446533,"Unknown"
"7014855",371852,2025-11-16 03:59:26,43.351978302002,-8.42617607116699,"Unknown"
"7014855",371852,2025-11-16 04:04:26,43.3520050048828,-8.42616176605225,"Unknown"
"7014855",371852,2025-11-16 04:09:28,43.3521041870117,-8.42642974853516,"Unknown"
"7014855",371852,2025-11-16 04:14:29,43.3524856567383,-8.4271354675293,"Unknown"
"7014855",371852,2025-11-16 04:19:28,43.3522720336914,-8.42680168151855,"Unknown"
"7014855",371852,2025-11-16 04:24:27,43.3522071838379,-8.42662239074707,"Unknown"
"7014855",371852,2025-11-16 04:29:26,43.3521308898926,-8.42650413513184,"Unknown"
"7014855",371852,2025-11-16 04:34:28,43.352424621582,-8.42691802978516,"Unknown"
"7014855",371852,2025-11-16 04:39:28,43.3520812988281,-8.42629528045654,"Unknown"
"7014855",371852,2025-11-16 04:44:28,43.3521118164062,-8.42639255523682,"Unknown"
"7014855",371852,2025-11-16 04:49:29,43.3524513244629,-8.42679119110107,"Unknown"
"7014855",371852,2025-11-16 04:54:28,43.3520736694336,-8.42636680603027,"Unknown"
"7014855",371852,2025-11-16 04:59:34,43.3520050048828,-8.42588996887207,"Unknown"
"7014855",371852,2025-11-16 05:04:37,43.351936340332,-8.42610836029053,"Unknown"
"7014855",371852,2025-11-16 05:09:30,43.3520469665527,-8.42635250091553,"Unknown"
"7014855",371852,2025-11-16 05:14:37,43.3518104553223,-8.42605686187744,"Unknown"
"7014855",371852,2025-11-16 05:19:37,43.3517112731934,-8.42612266540527,"Unknown"
"7014855",371852,2025-11-16 05:24:38,43.3518905639648,-8.42595291137695,"Unknown"
"7014855",371852,2025-11-16 05:29:37,43.351734161377,-8.42625617980957,"Unknown"
"7014855",371852,2025-11-16 05:34:39,43.3518371582031,-8.42611408233643,"Unknown"
"7014855",371852,2025-11-16 05:39:38,43.3517646789551,-8.42610359191895,"Unknown"
"7014855",371852,2025-11-16 05:44:37,43.3517646789551,-8.42593955993652,"Unknown"
"7014855",371852,2025-11-16 05:49:41,43.351879119873,-8.42612552642822,"Unknown"
"7014855",371852,2025-11-16 05:54:32,43.3518257141113,-8.42611122131348,"Unknown"
"7014855",371852,2025-11-16 05:59:31,43.3522796630859,-8.42635822296143,"Unknown"
"7014855",371852,2025-11-16 06:04:31,43.3518676757812,-8.42624378204346,"Unknown"
"7014855",371852,2025-11-16 06:09:31,43.3517036437988,-8.42611885070801,"Unknown"
"7014855",371852,2025-11-16 06:14:29,43.3520927429199,-8.42641353607178,"Unknown"
"7014855",371852,2025-11-16 06:19:29,43.3523025512695,-8.42650890350342,"Unknown"
"7014855",371852,2025-11-16 06:24:33,43.3533630371094,-8.42752838134766,"Unknown"
"7014855",371852,2025-11-16 06:29:37,43.3521194458008,-8.42616653442383,"Unknown"
"7014855",371852,2025-11-16 06:34:37,43.3522186279297,-8.42457580566406,"Unknown"
"7014855",371852,2025-11-16 06:39:37,43.3522987365723,-8.42452144622803,"Unknown"
"7014855",371852,2025-11-16 06:44:30,43.3522148132324,-8.42677116394043,"Unknown"
"7014855",371852,2025-11-16 06:49:43,43.3519287109375,-8.42630577087402,"Unknown"
"7014855",371852,2025-11-16 06:54:28,43.3518867492676,-8.42608833312988,"Unknown"
"7014855",371852,2025-11-16 06:59:28,43.3519630432129,-8.42612743377686,"Unknown"
"7014855",371852,2025-11-16 07:04:28,43.3519554138184,-8.42581558227539,"Unknown"
"7014855",371852,2025-11-16 07:09:28,43.3518524169922,-8.42570114135742,"Unknown"
"7014855",371852,2025-11-16 07:14:28,43.3519287109375,-8.42615985870361,"Unknown"
"7014855",371852,2025-11-16 07:19:28,43.3519630432129,-8.42596912384033,"Unknown"
"7014855",371852,2025-11-16 07:24:28,43.3519248962402,-8.4260835647583,"Unknown"
"7014855",371852,2025-11-16 07:29:29,43.3520164489746,-8.42601490020752,"Unknown"
"7014855",371852,2025-11-16 07:34:28,43.3520355224609,-8.42612171173096,"Unknown"
"7014855",371852,2025-11-16 07:39:28,43.3519821166992,-8.42620754241943,"Unknown"
"7014855",371852,2025-11-16 07:44:32,43.3519897460938,-8.42601490020752,"Unknown"
"7014855",371852,2025-11-16 07:49:59,43.3519706726074,-8.42612457275391,"Unknown"
"7014855",371852,2025-11-16 07:54:26,43.3521690368652,-8.42628479003906,"Unknown"
"7014855",371852,2025-11-16 07:59:26,43.3520126342773,-8.42646789550781,"Unknown"
"7014855",371852,2025-11-16 08:04:26,43.3520965576172,-8.42633438110352,"Unknown"
"7014855",371852,2025-11-16 08:09:27,43.3520431518555,-8.42634201049805,"Unknown"
"7014855",371852,2025-11-16 08:14:27,43.3520431518555,-8.42636585235596,"Unknown"
"7014855",371852,2025-11-16 08:19:28,43.3520545959473,-8.42640972137451,"Unknown"
"7014855",371852,2025-11-16 08:24:26,43.3520202636719,-8.42659950256348,"Unknown"
"7014855",371852,2025-11-16 08:29:27,43.3519821166992,-8.42648315429688,"Unknown"
"7014855",371852,2025-11-16 08:34:27,43.3519668579102,-8.42629051208496,"Unknown"
"7014855",371852,2025-11-16 08:39:27,43.3520660400391,-8.42627048492432,"Unknown"
"7014855",371852,2025-11-16 08:44:27,43.3521575927734,-8.42628574371338,"Unknown"
"7014855",371852,2025-11-16 08:49:27,43.3515815734863,-8.42621517181396,"Unknown"
"7014855",371852,2025-11-16 08:54:28,43.35205078125,-8.42575454711914,"Unknown"
"7014855",371852,2025-11-16 08:59:28,43.3518409729004,-8.42612934112549,"Unknown"
"7014855",371852,2025-11-16 09:04:28,43.3520889282227,-8.42543029785156,"Unknown"
"7014855",371852,2025-11-16 09:09:29,43.351978302002,-8.42599105834961,"Unknown"
"7014855",371852,2025-11-16 09:14:31,43.3518028259277,-8.42583656311035,"Unknown"
"7014855",371852,2025-11-16 09:19:31,43.3517761230469,-8.42656803131104,"Unknown"
"7014855",371852,2025-11-16 09:24:40,43.3510932922363,-8.42740249633789,"Unknown"
"7014855",371852,2025-11-16 09:29:26,43.3517875671387,-8.42781162261963,"Unknown"
"7014855",371852,2025-11-16 09:34:27,43.3521003723145,-8.42647266387939,"Unknown"
"7014855",371852,2025-11-16 09:39:30,43.3520965576172,-8.4265775680542,"Unknown"
"7014855",371852,2025-11-16 09:44:27,43.3519248962402,-8.42645263671875,"Unknown"
"7014855",371852,2025-11-16 09:49:28,43.3514175415039,-8.42615127563477,"Unknown"
"7014855",371852,2025-11-16 09:54:29,43.3515129089355,-8.42620277404785,"Unknown"
"7014855",371852,2025-11-16 09:59:28,43.3515090942383,-8.42591762542725,"Unknown"
"7014855",371852,2025-11-16 10:04:29,43.351490020752,-8.42574119567871,"Unknown"
"7014855",371852,2025-11-16 10:09:30,43.3517074584961,-8.42559337615967,"Unknown"
"7014855",371852,2025-11-16 10:14:30,43.3514175415039,-8.42602729797363,"Unknown"
"7014855",371852,2025-11-16 10:19:31,43.3517799377441,-8.42625617980957,"Unknown"
"7014855",371852,2025-11-16 10:24:44,43.3519668579102,-8.42649078369141,"Unknown"
"7014855",371852,2025-11-16 10:29:28,43.3521156311035,-8.42657375335693,"Unknown"
"7014855",371852,2025-11-16 10:34:32,43.3519439697266,-8.42646598815918,"Unknown"
"7014855",371852,2025-11-16 10:39:28,43.3517684936523,-8.42619800567627,"Unknown"
"7014855",371852,2025-11-16 10:44:38,43.3520202636719,-8.42636966705322,"Unknown"
"7014855",371852,2025-11-16 10:49:37,43.3520088195801,-8.42617130279541,"Unknown"
"7014855",371852,2025-11-16 10:54:32,43.3520164489746,-8.4263858795166,"Unknown"
"7014855",371852,2025-11-16 10:59:40,43.3519172668457,-8.4260721206665,"Unknown"
"7014855",371852,2025-11-16 11:04:27,43.3519592285156,-8.42600536346436,"Unknown"
"7014855",371852,2025-11-16 11:09:32,43.3520011901855,-8.42573070526123,"Unknown"
"7014855",371852,2025-11-16 11:14:31,43.3519439697266,-8.42629051208496,"Unknown"
"7014855",371852,2025-11-16 11:19:30,43.3519477844238,-8.42605972290039,"Unknown"
"7014855",371852,2025-11-16 11:24:38,43.3519630432129,-8.42582416534424,"Unknown"
"7014855",371852,2025-11-16 11:29:28,43.3519439697266,-8.42591953277588,"Unknown"
"7014855",371852,2025-11-16 11:34:28,43.3520469665527,-8.42584323883057,"Unknown"
"7014855",371852,2025-11-16 11:39:27,43.3520851135254,-8.42587471008301,"Unknown"
"7014855",371852,2025-11-16 11:44:27,43.35205078125,-8.42589473724365,"Unknown"
"7014855",371852,2025-11-16 11:49:28,43.3518409729004,-8.42598342895508,"Unknown"
"7014855",371852,2025-11-16 11:54:59,43.3521385192871,-8.42589855194092,"Unknown"
"7014855",371852,2025-11-16 11:59:26,43.352222442627,-8.42601299285889,"Unknown"
"7014855",371852,2025-11-16 12:04:27,43.351936340332,-8.42612743377686,"Unknown"
"7014855",371852,2025-11-16 12:09:27,43.35205078125,-8.42607402801514,"Unknown"
"7014855",371852,2025-11-16 12:14:26,43.3519706726074,-8.42610740661621,"Unknown"
"7014855",371852,2025-11-16 12:19:27,43.3519973754883,-8.42607402801514,"Unknown"
"7014855",371852,2025-11-16 12:24:27,43.3520736694336,-8.42606830596924,"Unknown"
"7014855",371852,2025-11-16 12:29:27,43.3520736694336,-8.42606449127197,"Unknown"
"7014855",371852,2025-11-16 12:34:27,43.3519401550293,-8.42594814300537,"Unknown"
"7014855",371852,2025-11-16 12:39:27,43.351993560791,-8.42594242095947,"Unknown"
"7014855",371852,2025-11-16 12:44:26,43.3520126342773,-8.42591953277588,"Unknown"
"7014855",371852,2025-11-16 12:49:26,43.3520469665527,-8.42588520050049,"Unknown"
"7014855",371852,2025-11-16 12:54:27,43.3520355224609,-8.42593002319336,"Unknown"
"7014855",371852,2025-11-16 12:59:26,43.3520240783691,-8.42591381072998,"Unknown"
"7014855",371852,2025-11-16 13:04:27,43.35205078125,-8.4259786605835,"Unknown"
"7014855",371852,2025-11-16 13:09:27,43.3520164489746,-8.42592334747314,"Unknown"
"7014855",371852,2025-11-16 13:14:27,43.3520164489746,-8.42599868774414,"Unknown"
"7014855",371852,2025-11-16 13:19:27,43.3519744873047,-8.42592906951904,"Unknown"
"7014855",371852,2025-11-16 13:24:27,43.3520126342773,-8.42588233947754,"Unknown"
"7014855",371852,2025-11-16 13:29:27,43.3520584106445,-8.42611694335938,"Unknown"
"7014855",371852,2025-11-16 13:34:27,43.351993560791,-8.42611980438232,"Unknown"
"7014855",371852,2025-11-16 13:39:27,43.3520545959473,-8.42614936828613,"Unknown"
"7014855",371852,2025-11-16 13:44:27,43.3520317077637,-8.42615222930908,"Unknown"
"7014855",371852,2025-11-16 13:49:27,43.3519134521484,-8.4261531829834,"Unknown"
"7014855",371852,2025-11-16 13:54:27,43.3519973754883,-8.42618370056152,"Unknown"
"7014855",371852,2025-11-16 13:59:28,43.3521575927734,-8.42620277404785,"Unknown"
"7014855",371852,2025-11-16 14:04:28,43.3519744873047,-8.42618370056152,"Unknown"
"7014855",371852,2025-11-16 14:09:27,43.3520088195801,-8.42618083953857,"Unknown"
"7014855",371852,2025-11-16 14:14:27,43.3520202636719,-8.42613410949707,"Unknown"
"7014855",371852,2025-11-16 14:19:28,43.351619720459,-8.42574119567871,"Unknown"
"7014855",371852,2025-11-16 14:24:28,43.3519477844238,-8.42601871490479,"Unknown"
"7014855",371852,2025-11-16 14:29:27,43.3519706726074,-8.42603302001953,"Unknown"
"7014855",371852,2025-11-16 14:34:28,43.3518943786621,-8.42597007751465,"Unknown"
"7014855",371852,2025-11-16 14:39:28,43.3519897460938,-8.42611312866211,"Unknown"
"7014855",371852,2025-11-16 14:44:27,43.3520050048828,-8.42612075805664,"Unknown"
"7014855",371852,2025-11-16 14:49:27,43.3520317077637,-8.42599391937256,"Unknown"
"7014855",371852,2025-11-16 14:54:37,43.3518867492676,-8.42608833312988,"Unknown"
"7014855",371852,2025-11-16 14:59:28,43.351879119873,-8.42607307434082,"Unknown"
"7014855",371852,2025-11-16 15:04:29,43.3518257141113,-8.42607593536377,"Unknown"
"7014855",371852,2025-11-16 15:09:29,43.3518333435059,-8.42609786987305,"Unknown"
"7014855",371852,2025-11-16 15:14:29,43.3517761230469,-8.4260425567627,"Unknown"
"7014855",371852,2025-11-16 15:20:05,43.3520011901855,-8.42609596252441,"Unknown"
"7014855",371852,2025-11-16 15:24:26,43.3520927429199,-8.42613506317139,"Unknown"
"7014855",371852,2025-11-16 15:29:27,43.3520050048828,-8.42613220214844,"Unknown"
"7014855",371852,2025-11-16 15:34:27,43.3520812988281,-8.42614936828613,"Unknown"
"7014855",371852,2025-11-16 15:39:27,43.3520660400391,-8.42633056640625,"Unknown"
"7014855",371852,2025-11-16 15:44:27,43.3520660400391,-8.42628860473633,"Unknown"
"7014855",371852,2025-11-16 15:49:29,43.3519287109375,-8.42622852325439,"Unknown"
"7014855",371852,2025-11-16 15:54:28,43.3519020080566,-8.42615699768066,"Unknown"
"7014855",371852,2025-11-16 15:59:31,43.3519058227539,-8.42626476287842,"Unknown"
"7014855",371852,2025-11-16 16:04:34,43.351936340332,-8.42624473571777,"Unknown"
"7014855",371852,2025-11-16 16:09:30,43.3518218994141,-8.42611408233643,"Unknown"
"7014855",371852,2025-11-16 16:14:30,43.3517723083496,-8.42613697052002,"Unknown"
"7014855",371852,2025-11-16 16:19:33,43.3518676757812,-8.42615413665771,"Unknown"
"7014855",371852,2025-11-16 16:24:29,43.3518028259277,-8.42607021331787,"Unknown"
"7014855",371852,2025-11-16 16:29:29,43.3518714904785,-8.4260721206665,"Unknown"
"7014855",371852,2025-11-16 16:34:29,43.3519401550293,-8.4261531829834,"Unknown"
"7014855",371852,2025-11-16 16:39:30,43.3519096374512,-8.42616081237793,"Unknown"
"7014855",371852,2025-11-16 16:44:31,43.3519706726074,-8.42619800567627,"Unknown"
"7014855",371852,2025-11-16 16:49:29,43.3519706726074,-8.42615985870361,"Unknown"
"7014855",371852,2025-11-16 16:54:29,43.3519592285156,-8.42607307434082,"Unknown"
"7014855",371852,2025-11-16 16:59:29,43.351879119873,-8.42603397369385,"Unknown"
"7014855",371852,2025-11-16 17:04:30,43.3520278930664,-8.42622852325439,"Unknown"
"7014855",371852,2025-11-16 17:09:31,43.3521919250488,-8.42667102813721,"Unknown"
"7014855",371852,2025-11-16 17:14:35,43.352165222168,-8.42655277252197,"Unknown"
"7014855",371852,2025-11-16 17:19:27,43.3519973754883,-8.42625617980957,"Unknown"
"7014855",371852,2025-11-16 17:24:27,43.3521003723145,-8.42634963989258,"Unknown"
"7014855",371852,2025-11-16 17:29:36,43.3520431518555,-8.42624473571777,"Unknown"
"7014855",371852,2025-11-16 17:34:31,43.3518981933594,-8.42610168457031,"Unknown"
"7014855",371852,2025-11-16 17:39:44,43.3520050048828,-8.42621040344238,"Unknown"
"7014855",371852,2025-11-16 17:44:27,43.3519020080566,-8.42614936828613,"Unknown"
"7014855",371852,2025-11-16 17:49:26,43.3518676757812,-8.42610931396484,"Unknown"
"7014855",371852,2025-11-16 17:54:27,43.3520164489746,-8.42621994018555,"Unknown"
"7014855",371852,2025-11-16 17:59:27,43.3520393371582,-8.42623424530029,"Unknown"
"7014855",371852,2025-11-16 18:04:27,43.3520050048828,-8.42621803283691,"Unknown"
"7014855",371852,2025-11-16 18:09:27,43.3519515991211,-8.42611598968506,"Unknown"
"7014855",371852,2025-11-16 18:14:26,43.3520202636719,-8.42611217498779,"Unknown"
"7014855",371852,2025-11-16 18:19:27,43.3519477844238,-8.42627334594727,"Unknown"
"7014855",371852,2025-11-16 18:24:30,43.3518447875977,-8.42659187316895,"Unknown"
"7014855",371852,2025-11-16 18:29:44,43.3518524169922,-8.42633533477783,"Unknown"
"7014855",371852,2025-11-16 18:34:27,43.3519248962402,-8.4269552230835,"Unknown"
"7014855",371852,2025-11-16 18:39:27,43.3519172668457,-8.4265832901001,"Unknown"
"7014855",371852,2025-11-16 18:44:27,43.351921081543,-8.42639827728271,"Unknown"
"7014855",371852,2025-11-16 18:49:36,43.3518600463867,-8.42621898651123,"Unknown"
"7014855",371852,2025-11-16 18:54:59,43.3520126342773,-8.42637634277344,"Unknown"
"7014855",371852,2025-11-16 18:59:26,43.3520851135254,-8.42641353607178,"Unknown"
"7014855",371852,2025-11-16 19:04:27,43.3521766662598,-8.42670440673828,"Unknown"
"7014855",371852,2025-11-16 19:09:27,43.3521919250488,-8.42649745941162,"Unknown"
"7014855",371852,2025-11-16 19:14:27,43.351921081543,-8.42617893218994,"Unknown"
"7014855",371852,2025-11-16 19:19:28,43.3520202636719,-8.42649078369141,"Unknown"
"7014855",371852,2025-11-16 19:24:28,43.3521423339844,-8.42652320861816,"Unknown"
"7014855",371852,2025-11-16 19:29:28,43.3520965576172,-8.42654418945312,"Unknown"
"7014855",371852,2025-11-16 19:34:28,43.35205078125,-8.42647933959961,"Unknown"
"7014855",371852,2025-11-16 19:39:37,43.3521537780762,-8.42646598815918,"Unknown"
"7014855",371852,2025-11-16 19:44:29,43.3521194458008,-8.42647647857666,"Unknown"
"7014855",371852,2025-11-16 19:49:27,43.3520736694336,-8.42652893066406,"Unknown"
"7014855",371852,2025-11-16 19:54:27,43.3519592285156,-8.42659759521484,"Unknown"
"7014855",371852,2025-11-16 19:59:28,43.3520622253418,-8.42648506164551,"Unknown"
"7014855",371852,2025-11-16 20:04:33,43.3520584106445,-8.42655563354492,"Unknown"
"7014855",371852,2025-11-16 20:09:36,43.3521347045898,-8.42662334442139,"Unknown"
"7014855",371852,2025-11-16 20:14:36,43.3520851135254,-8.42655181884766,"Unknown"
"7014855",371852,2025-11-16 20:19:36,43.3520965576172,-8.42650127410889,"Unknown"
"7014855",371852,2025-11-16 20:24:37,43.3520431518555,-8.42644119262695,"Unknown"
"7014855",371852,2025-11-16 20:29:36,43.3520774841309,-8.42649078369141,"Unknown"
"7014855",371852,2025-11-16 20:34:36,43.3520431518555,-8.42643451690674,"Unknown"
"7014855",371852,2025-11-16 20:44:36,43.3518753051758,-8.42639827728271,"Unknown"
"7014855",371852,2025-11-16 20:49:36,43.3519706726074,-8.42638397216797,"Unknown"
"7014855",371852,2025-11-16 20:59:37,43.3520812988281,-8.42633152008057,"Unknown"
"7014855",371852,2025-11-16 21:04:30,43.3518905639648,-8.42632961273193,"Unknown"
"7014855",371852,2025-11-16 21:09:36,43.3520851135254,-8.42627334594727,"Unknown"
"7014855",371852,2025-11-16 21:19:36,43.3520889282227,-8.42616081237793,"Unknown"
"7014855",371852,2025-11-16 21:29:36,43.352165222168,-8.42613220214844,"Unknown"
"7014855",371852,2025-11-16 21:34:56,43.352165222168,-8.42613887786865,"Unknown"
"7014855",371852,2025-11-16 21:44:26,43.3520355224609,-8.42623424530029,"Unknown"
"7014855",371852,2025-11-16 21:54:26,43.3520584106445,-8.42622470855713,"Unknown"
"7014855",371852,2025-11-16 22:04:27,43.3520660400391,-8.42624092102051,"Unknown"
"7014855",371852,2025-11-16 22:14:26,43.3519630432129,-8.42629051208496,"Unknown"
"7014855",371852,2025-11-16 22:24:30,43.351978302002,-8.42632007598877,"Unknown"
"7014855",371852,2025-11-16 22:34:29,43.3520317077637,-8.42624568939209,"Unknown"
"7014855",371852,2025-11-16 22:44:29,43.3519973754883,-8.42619514465332,"Unknown"
"7014855",371852,2025-11-16 22:54:31,43.3520355224609,-8.42616939544678,"Unknown"
"7014855",371852,2025-11-16 23:04:44,43.3520736694336,-8.42633819580078,"Unknown"
"7014855",371852,2025-11-16 23:14:27,43.3519821166992,-8.42631912231445,"Unknown"
"7014855",371852,2025-11-16 23:24:27,43.3519973754883,-8.42630481719971,"Unknown"
"7014855",371852,2025-11-16 23:34:27,43.3519630432129,-8.42630767822266,"Unknown"
"7014855",371852,2025-11-16 23:44:27,43.3520050048828,-8.42621421813965,"Unknown"
"7014855",371852,2025-11-16 23:54:28,43.351993560791,-8.42612743377686,"Unknown"
"7014855",371852,2025-11-17 00:04:28,43.3520431518555,-8.42614841461182,"Unknown"
"7014855",371852,2025-11-17 00:14:27,43.3520164489746,-8.42611312866211,"Unknown"
"7014855",371852,2025-11-17 00:24:27,43.3520240783691,-8.42617416381836,"Unknown"
"7014855",371852,2025-11-17 00:34:28,43.3520431518555,-8.4262170791626,"Unknown"
"7014855",371852,2025-11-17 00:44:28,43.3520202636719,-8.42611408233643,"Unknown"
"7014855",371852,2025-11-17 00:54:30,43.3520393371582,-8.42612838745117,"Unknown"
"7014855",371852,2025-11-17 01:04:31,43.3520126342773,-8.42603492736816,"Unknown"
"7014855",371852,2025-11-17 01:14:59,43.3521003723145,-8.42619323730469,"Unknown"
"7014855",371852,2025-11-17 01:24:29,43.3521194458008,-8.42642402648926,"Unknown"
"7014855",371852,2025-11-17 01:34:29,43.3523063659668,-8.42712116241455,"Unknown"
"7014855",371852,2025-11-17 01:44:29,43.3522834777832,-8.42665958404541,"Unknown"
"7014855",371852,2025-11-17 01:54:59,43.3523559570312,-8.42630004882812,"Unknown"
"7014855",371852,2025-11-17 02:04:27,43.3520240783691,-8.42636108398438,"Unknown"
"7014855",371852,2025-11-17 02:14:29,43.3519554138184,-8.42633056640625,"Unknown"
"7014855",371852,2025-11-17 02:24:28,43.3524131774902,-8.42669677734375,"Unknown"
"7014855",371852,2025-11-17 02:34:29,43.3525161743164,-8.42642498016357,"Unknown"
"7014855",371852,2025-11-17 02:44:30,43.3526229858398,-8.42609786987305,"Unknown"
"7014855",371852,2025-11-17 02:54:44,43.3525428771973,-8.42588138580322,"Unknown"
"7014855",371852,2025-11-17 03:04:59,43.352222442627,-8.42593574523926,"Unknown"
"7014855",371852,2025-11-17 03:14:26,43.3520050048828,-8.42606544494629,"Unknown"
"7014855",371852,2025-11-17 03:24:27,43.3520202636719,-8.4262113571167,"Unknown"
"7014855",371852,2025-11-17 03:34:26,43.351978302002,-8.42621517181396,"Unknown"
"7014855",371852,2025-11-17 03:44:26,43.3519592285156,-8.42624378204346,"Unknown"
"7014855",371852,2025-11-17 03:54:26,43.3519325256348,-8.42623615264893,"Unknown"
"7014855",371852,2025-11-17 04:04:26,43.3519592285156,-8.42620849609375,"Unknown"
"7014855",371852,2025-11-17 04:14:26,43.3519515991211,-8.42626476287842,"Unknown"
"7014855",371852,2025-11-17 04:24:26,43.351993560791,-8.4262523651123,"Unknown"
"7014855",371852,2025-11-17 04:34:28,43.3519897460938,-8.42619609832764,"Unknown"
"7014855",371852,2025-11-17 04:44:31,43.3518867492676,-8.42607593536377,"Unknown"
"7014855",371852,2025-11-17 04:54:27,43.3521690368652,-8.42625045776367,"Unknown"
"7014855",371852,2025-11-17 05:04:28,43.3518257141113,-8.42616939544678,"Unknown"
"7014855",371852,2025-11-17 05:14:36,43.3516845703125,-8.42610168457031,"Unknown"
"7014855",371852,2025-11-17 05:24:37,43.3518409729004,-8.42611694335938,"Unknown"
"7014855",371852,2025-11-17 05:34:37,43.3518714904785,-8.42621517181396,"Unknown"
"7014855",371852,2025-11-17 05:44:36,43.3516235351562,-8.42608261108398,"Unknown"
"7014855",371852,2025-11-17 05:54:36,43.3517913818359,-8.42601490020752,"Unknown"
"7014855",371852,2025-11-17 06:04:36,43.352409362793,-8.42647266387939,"Unknown"
"7014855",371852,2025-11-17 06:14:34,43.3512229919434,-8.42546653747559,"Unknown"
"7014855",371852,2025-11-17 06:24:31,43.3516960144043,-8.4257755279541,"Unknown"
"7014855",371852,2025-11-17 06:34:37,43.3518943786621,-8.42611026763916,"Unknown"
"7014855",371852,2025-11-17 06:44:44,43.3519439697266,-8.42624568939209,"Unknown"
"7014855",371852,2025-11-17 06:54:30,43.3541946411133,-8.42998504638672,"Unknown"
"7014855",371852,2025-11-17 07:04:34,43.3517799377441,-8.4261417388916,"Unknown"
"7014855",371852,2025-11-17 07:14:34,43.3517837524414,-8.42598819732666,"Unknown"
"7014855",371852,2025-11-17 07:24:32,43.3518905639648,-8.42621421813965,"Unknown"
"7014855",371852,2025-11-17 07:34:44,43.3517570495605,-8.42656517028809,"Unknown"
"7014855",371852,2025-11-17 07:44:41,43.3517951965332,-8.42795848846436,"Unknown"
"7014855",371852,2025-11-17 07:55:01,43.3519172668457,-8.4259204864502,"Unknown"
"7014855",371852,2025-11-17 08:04:28,43.3520050048828,-8.42626571655273,"Unknown"
"7014855",371852,2025-11-17 08:14:27,43.3520431518555,-8.42630577087402,"Unknown"
"7014855",371852,2025-11-17 08:24:29,43.3519630432129,-8.42637729644775,"Unknown"
"7014855",371852,2025-11-17 08:34:29,43.3520851135254,-8.42626094818115,"Unknown"
"7014855",371852,2025-11-17 08:44:29,43.3520431518555,-8.42645072937012,"Unknown"
"7014855",371852,2025-11-17 08:54:28,43.3519668579102,-8.42648029327393,"Unknown"
"7014855",371852,2025-11-17 09:04:29,43.3520622253418,-8.42653751373291,"Unknown"
"7014855",371852,2025-11-17 09:14:29,43.3520317077637,-8.42648887634277,"Unknown"
"7014855",371852,2025-11-17 09:24:29,43.3519859313965,-8.42643356323242,"Unknown"
"7014855",371852,2025-11-17 09:34:29,43.3519897460938,-8.42639064788818,"Unknown"
"7014855",371852,2025-11-17 09:44:29,43.3519248962402,-8.42634868621826,"Unknown"
"7014855",371852,2025-11-17 09:54:31,43.3519248962402,-8.42630195617676,"Unknown"
"7014855",371852,2025-11-17 09:59:30,43.3519477844238,-8.42636871337891,"Unknown"
"7014855",371852,2025-11-17 10:04:31,43.3516807556152,-8.42564678192139,"Unknown"
"7014855",371852,2025-11-17 10:14:30,43.3521347045898,-8.42675113677979,"Unknown"
"7014855",371852,2025-11-17 10:24:42,43.351978302002,-8.4262809753418,"Unknown"
"7014855",371852,2025-11-17 10:29:37,43.3519821166992,-8.42630195617676,"Unknown"
"7014855",371852,2025-11-17 10:34:34,43.3521041870117,-8.42675685882568,"Unknown"
"7014855",371852,2025-11-17 10:39:31,43.3518676757812,-8.42603015899658,"Unknown"
"7014855",371852,2025-11-17 10:44:32,43.3518333435059,-8.42583084106445,"Unknown"
"7014855",371852,2025-11-17 10:49:45,43.3518409729004,-8.42589378356934,"Unknown"
"7014855",371852,2025-11-17 10:54:44,43.3518524169922,-8.4261302947998,"Unknown"
"7014855",371852,2025-11-17 10:59:37,43.3518867492676,-8.42612552642822,"Unknown"
"7014855",371852,2025-11-17 11:04:34,43.3518905639648,-8.4260721206665,"Unknown"
"7014855",371852,2025-11-17 11:09:35,43.3518905639648,-8.42606067657471,"Unknown"
"7014855",371852,2025-11-17 11:14:35,43.3517875671387,-8.42597198486328,"Unknown"
"7014855",371852,2025-11-17 11:19:35,43.3518981933594,-8.42601680755615,"Unknown"
"7014855",371852,2025-11-17 11:24:36,43.3519058227539,-8.42600250244141,"Unknown"
"7014855",371852,2025-11-17 11:29:36,43.3519287109375,-8.42598533630371,"Unknown"
"7014855",371852,2025-11-17 11:34:43,43.3519172668457,-8.42602348327637,"Unknown"
"7014855",371852,2025-11-17 11:39:57,43.3521881103516,-8.42599105834961,"Unknown"
"7014855",371852,2025-11-17 11:44:27,43.3521308898926,-8.42626953125,"Unknown"
"7014855",371852,2025-11-17 11:49:29,43.3521461486816,-8.42605304718018,"Unknown"
"7014855",371852,2025-11-17 11:54:29,43.3521766662598,-8.42616176605225,"Unknown"
"7014855",371852,2025-11-17 11:59:30,43.3522109985352,-8.42606830596924,"Unknown"
"7014855",371852,2025-11-17 12:04:37,43.351634979248,-8.42624473571777,"Unknown"
"7014855",371852,2025-11-17 12:09:37,43.3515472412109,-8.42625522613525,"Unknown"
"7014855",371852,2025-11-17 12:14:35,43.3516998291016,-8.426194190979,"Unknown"
"7014855",371852,2025-11-17 12:19:37,43.3515625,-8.42625713348389,"Unknown"
"7014855",371852,2025-11-17 12:24:37,43.3515281677246,-8.42622089385986,"Unknown"
"7014855",371852,2025-11-17 12:29:37,43.3515357971191,-8.42624855041504,"Unknown"
"7014855",371852,2025-11-17 12:34:59,43.3520774841309,-8.42604351043701,"Unknown"
"7014855",371852,2025-11-17 12:39:28,43.3518486022949,-8.426833152771,"Unknown"
"7014855",371852,2025-11-17 12:44:34,43.3519973754883,-8.42620086669922,"Unknown"
"7014855",371852,2025-11-17 12:49:31,43.3519897460938,-8.42631721496582,"Unknown"
"7014855",371852,2025-11-17 12:54:37,43.3519706726074,-8.42615222930908,"Unknown"
"7014855",371852,2025-11-17 12:59:28,43.3520622253418,-8.42616653442383,"Unknown"
"7014855",371852,2025-11-17 13:04:31,43.3521156311035,-8.42626285552979,"Unknown"
"7014855",371852,2025-11-17 13:09:30,43.3519515991211,-8.42628955841064,"Unknown"
"7014855",371852,2025-11-17 13:14:30,43.3520202636719,-8.42639446258545,"Unknown"
"7014855",371852,2025-11-17 13:19:30,43.3521270751953,-8.42624378204346,"Unknown"
"7014855",371852,2025-11-17 13:24:30,43.3519554138184,-8.42624187469482,"Unknown"
"7014855",371852,2025-11-17 13:29:40,43.3517875671387,-8.42622947692871,"Unknown"
"7014855",371852,2025-11-17 13:34:28,43.3519592285156,-8.42631244659424,"Unknown"
"7014855",371852,2025-11-17 13:39:27,43.3521194458008,-8.42623901367188,"Unknown"
"7014855",371852,2025-11-17 13:44:32,43.3523712158203,-8.42610931396484,"Unknown"
"7014855",371852,2025-11-17 13:49:44,43.3520545959473,-8.42618751525879,"Unknown"
"7014855",371852,2025-11-17 13:54:30,43.3516578674316,-8.42618751525879,"Unknown"
"7014855",371852,2025-11-17 13:59:27,43.351634979248,-8.4264497756958,"Unknown"
"7014855",371852,2025-11-17 14:04:27,43.3521461486816,-8.42622089385986,"Unknown"
"7014855",371852,2025-11-17 14:09:28,43.3523330688477,-8.42610645294189,"Unknown"
"7014855",371852,2025-11-17 14:14:29,43.351879119873,-8.42613792419434,"Unknown"
"7014855",371852,2025-11-17 14:19:28,43.3519287109375,-8.42636394500732,"Unknown"
"7014855",371852,2025-11-17 14:24:28,43.3521156311035,-8.42614459991455,"Unknown"
"7014855",371852,2025-11-17 14:29:27,43.3520889282227,-8.42617797851562,"Unknown"
"7014855",371852,2025-11-17 14:34:28,43.3520660400391,-8.42621612548828,"Unknown"
"7014855",371852,2025-11-17 14:39:27,43.3521270751953,-8.42618560791016,"Unknown"
"7014855",371852,2025-11-17 14:44:27,43.3520545959473,-8.42623233795166,"Unknown"
"7014855",371852,2025-11-17 14:49:58,43.3519515991211,-8.42635440826416,"Unknown"
"7014855",371852,2025-11-17 14:54:27,43.35205078125,-8.42624282836914,"Unknown"
"7014855",371852,2025-11-17 14:59:28,43.35205078125,-8.42620277404785,"Unknown"
"7014855",371852,2025-11-17 15:04:27,43.3520660400391,-8.42613410949707,"Unknown"
"7014855",371852,2025-11-17 15:09:27,43.351978302002,-8.42613792419434,"Unknown"
"7014855",371852,2025-11-17 15:14:28,43.3520355224609,-8.42606449127197,"Unknown"
"7014855",371852,2025-11-17 15:19:28,43.3519744873047,-8.42615509033203,"Unknown"
"7014855",371852,2025-11-17 15:24:29,43.3520011901855,-8.42611694335938,"Unknown"
"7014855",371852,2025-11-17 15:29:43,43.3520622253418,-8.42615985870361,"Unknown"
"7014855",371852,2025-11-17 15:34:28,43.3520050048828,-8.42611980438232,"Unknown"
"7014855",371852,2025-11-17 15:39:28,43.3519668579102,-8.42611408233643,"Unknown"
"7014855",371852,2025-11-17 15:44:28,43.351978302002,-8.42615699768066,"Unknown"
"7014855",371852,2025-11-17 15:49:59,43.3519439697266,-8.42616081237793,"Unknown"
"7014855",371852,2025-11-17 15:54:28,43.3520431518555,-8.42625522613525,"Unknown"
"7014855",371852,2025-11-17 15:59:36,43.3520469665527,-8.42619228363037,"Unknown"
"7014855",371852,2025-11-17 16:04:27,43.3518714904785,-8.4261531829834,"Unknown"
"7014855",371852,2025-11-17 16:09:27,43.3516654968262,-8.42617607116699,"Unknown"
"7014855",371852,2025-11-17 16:14:28,43.351921081543,-8.42628765106201,"Unknown"
"7014855",371852,2025-11-17 16:19:28,43.3516616821289,-8.42612838745117,"Unknown"
"7014855",371852,2025-11-17 16:24:27,43.3515663146973,-8.42595195770264,"Unknown"
"7014855",371852,2025-11-17 16:29:27,43.3518486022949,-8.42611789703369,"Unknown"
"7014855",371852,2025-11-17 16:34:27,43.3519592285156,-8.42621612548828,"Unknown"
"7014855",371852,2025-11-17 16:39:35,43.351863861084,-8.42605209350586,"Unknown"
"7014855",371852,2025-11-17 16:44:35,43.3519592285156,-8.42617988586426,"Unknown"
"7014855",371852,2025-11-17 16:49:36,43.3520240783691,-8.42619037628174,"Unknown"
"7014855",371852,2025-11-17 16:54:36,43.351993560791,-8.42624092102051,"Unknown"
"7014855",371852,2025-11-17 16:59:36,43.3519554138184,-8.42617797851562,"Unknown"
"7014855",371852,2025-11-17 17:04:36,43.351993560791,-8.42621898651123,"Unknown"
"7014855",371852,2025-11-17 17:09:37,43.3520774841309,-8.42634010314941,"Unknown"
"7014855",371852,2025-11-17 17:14:33,43.3519325256348,-8.42615413665771,"Unknown"
"7014855",371852,2025-11-17 17:19:31,43.3520393371582,-8.42629051208496,"Unknown"
"7014855",371852,2025-11-17 17:24:30,43.3518943786621,-8.42604064941406,"Unknown"
"7014855",371852,2025-11-17 17:29:41,43.3519630432129,-8.42616748809814,"Unknown"
"7014855",371852,2025-11-17 17:34:31,43.3518142700195,-8.42574310302734,"Unknown"
"7014855",371852,2025-11-17 17:39:29,43.351749420166,-8.4259729385376,"Unknown"
"7014855",371852,2025-11-17 17:44:33,43.3518981933594,-8.42609977722168,"Unknown"
"7014855",371852,2025-11-17 17:49:42,43.3519439697266,-8.42612934112549,"Unknown"
"7014855",371852,2025-11-17 17:54:41,43.3520355224609,-8.42614555358887,"Unknown"
"7014855",371852,2025-11-17 17:59:29,43.35205078125,-8.4261531829834,"Unknown"
"7014855",371852,2025-11-17 18:04:59,43.3519515991211,-8.42608451843262,"Unknown"
"7014855",371852,2025-11-17 18:09:31,43.3519668579102,-8.42606258392334,"Unknown"
"7014855",371852,2025-11-17 18:14:35,43.3520164489746,-8.42599296569824,"Unknown"
"7014855",371852,2025-11-17 18:19:34,43.3516159057617,-8.42639255523682,"Unknown"
"7014855",371852,2025-11-17 18:24:36,43.3520050048828,-8.42589378356934,"Unknown"
"7014855",371852,2025-11-17 18:29:36,43.3520088195801,-8.42587375640869,"Unknown"
"7014855",371852,2025-11-17 18:34:36,43.3517570495605,-8.42622089385986,"Unknown"
"7014855",371852,2025-11-17 18:39:36,43.3519058227539,-8.42587661743164,"Unknown"
"7014855",371852,2025-11-17 18:44:37,43.3518600463867,-8.42606544494629,"Unknown"
"7014855",371852,2025-11-17 18:49:44,43.3517570495605,-8.42634868621826,"Unknown"
"7014855",371852,2025-11-17 18:54:36,43.3517837524414,-8.42629718780518,"Unknown"
"7014855",371852,2025-11-17 18:59:36,43.3518218994141,-8.42635440826416,"Unknown"
"7014855",371852,2025-11-17 19:04:36,43.3518257141113,-8.42640399932861,"Unknown"
"7014855",371852,2025-11-17 19:09:37,43.3515815734863,-8.42567253112793,"Unknown"
"7014855",371852,2025-11-17 19:14:36,43.3516883850098,-8.42641353607178,"Unknown"
"7014855",371852,2025-11-17 19:19:36,43.3517265319824,-8.42631912231445,"Unknown"
"7014855",371852,2025-11-17 19:24:36,43.351806640625,-8.42641353607178,"Unknown"
"7014855",371852,2025-11-17 19:29:35,43.3518486022949,-8.42637157440186,"Unknown"
"7014855",371852,2025-11-17 19:34:35,43.3518180847168,-8.42646312713623,"Unknown"
"7014855",371852,2025-11-17 19:39:36,43.3515663146973,-8.42619323730469,"Unknown"
"7014855",371852,2025-11-17 19:44:36,43.3519134521484,-8.42633438110352,"Unknown"
"7014855",371852,2025-11-17 19:50:05,43.3519668579102,-8.42624664306641,"Unknown"
"7014855",371852,2025-11-17 19:54:28,43.3520011901855,-8.42620944976807,"Unknown"
"7014855",371852,2025-11-17 19:59:27,43.3520240783691,-8.42624282836914,"Unknown"
"7014855",371852,2025-11-17 20:04:27,43.3519744873047,-8.42625141143799,"Unknown"
"7014855",371852,2025-11-17 20:09:27,43.3520011901855,-8.42623901367188,"Unknown"
"7014855",371852,2025-11-17 20:14:27,43.3520240783691,-8.42628383636475,"Unknown"
"7014855",371852,2025-11-17 20:19:27,43.3520050048828,-8.42624568939209,"Unknown"
"7014855",371852,2025-11-17 20:24:27,43.3520240783691,-8.42622661590576,"Unknown"
"7014855",371852,2025-11-17 20:29:27,43.3520202636719,-8.42624759674072,"Unknown"
"7014855",371852,2025-11-17 20:34:27,43.3520164489746,-8.42619323730469,"Unknown"
"7014855",371852,2025-11-17 20:39:27,43.3520088195801,-8.42624187469482,"Unknown"
"7014855",371852,2025-11-17 20:44:27,43.3520126342773,-8.42620658874512,"Unknown"
"7014855",371852,2025-11-17 20:49:27,43.3520050048828,-8.4262228012085,"Unknown"
"7014855",371852,2025-11-17 20:54:27,43.3520240783691,-8.42621326446533,"Unknown"
"7014855",371852,2025-11-17 20:59:27,43.3519897460938,-8.42616939544678,"Unknown"
"7014855",371852,2025-11-17 21:04:27,43.3520011901855,-8.42625331878662,"Unknown"
"7014855",371852,2025-11-17 21:09:27,43.3520088195801,-8.42623138427734,"Unknown"
"7014855",371852,2025-11-17 21:14:27,43.3519592285156,-8.42627048492432,"Unknown"
"7014855",371852,2025-11-17 21:19:28,43.3519439697266,-8.42624282836914,"Unknown"
"7014855",371852,2025-11-17 21:24:27,43.3519554138184,-8.42627143859863,"Unknown"
"7014855",371852,2025-11-17 21:29:27,43.351993560791,-8.42628288269043,"Unknown"
"7014855",371852,2025-11-17 21:34:30,43.3518333435059,-8.42624092102051,"Unknown"
"7014855",371852,2025-11-17 21:39:27,43.3520927429199,-8.4263277053833,"Unknown"
"7014855",371852,2025-11-17 21:44:27,43.3520278930664,-8.42624378204346,"Unknown"
"7014855",371852,2025-11-17 21:49:27,43.3519973754883,-8.42627906799316,"Unknown"
"7014855",371852,2025-11-17 21:54:28,43.351993560791,-8.4262056350708,"Unknown"
"7014855",371852,2025-11-17 21:59:29,43.351921081543,-8.42615222930908,"Unknown"
"7014855",371852,2025-11-17 22:04:44,43.3519554138184,-8.42620372772217,"Unknown"
"7014855",371852,2025-11-17 22:09:33,43.3519439697266,-8.42620468139648,"Unknown"
"7014855",371852,2025-11-17 22:14:28,43.351936340332,-8.42621231079102,"Unknown"
"7014855",371852,2025-11-17 22:19:29,43.3519134521484,-8.42597579956055,"Unknown"
"7014855",371852,2025-11-17 22:24:28,43.3519706726074,-8.42598915100098,"Unknown"
"7014855",371852,2025-11-17 22:29:29,43.3520278930664,-8.4259614944458,"Unknown"
"7014855",371852,2025-11-17 22:34:33,43.351879119873,-8.42575740814209,"Unknown"
"7014855",371852,2025-11-17 22:39:28,43.351993560791,-8.42604541778564,"Unknown"
"7014855",371852,2025-11-17 22:44:28,43.3520660400391,-8.42622184753418,"Unknown"
"7014855",371852,2025-11-17 22:49:36,43.351936340332,-8.42576026916504,"Unknown"
"7014855",371852,2025-11-17 22:54:36,43.3519020080566,-8.42571640014648,"Unknown"
"7014855",371852,2025-11-17 22:59:44,43.3521003723145,-8.42599868774414,"Unknown"
"7014855",371852,2025-11-17 23:04:27,43.3520660400391,-8.42606735229492,"Unknown"
"7014855",371852,2025-11-17 23:09:28,43.3520889282227,-8.42615413665771,"Unknown"
"7014855",371852,2025-11-17 23:14:29,43.3520889282227,-8.426194190979,"Unknown"
"7014855",371852,2025-11-17 23:19:28,43.3521270751953,-8.42618846893311,"Unknown"
"7014855",371852,2025-11-17 23:24:36,43.3517036437988,-8.42608261108398,"Unknown"
"7014855",371852,2025-11-17 23:29:34,43.3521499633789,-8.4260425567627,"Unknown"
"7014855",371852,2025-11-17 23:34:31,43.3520660400391,-8.4260835647583,"Unknown"
"7014855",371852,2025-11-17 23:39:33,43.3521194458008,-8.42615032196045,"Unknown"
"7014855",371852,2025-11-17 23:44:36,43.3520545959473,-8.42625999450684,"Unknown"
"7014855",371852,2025-11-17 23:49:52,43.3518409729004,-8.42611122131348,"Unknown"
"7014855",371852,2025-11-17 23:54:36,43.351993560791,-8.42627716064453,"Unknown"
"7014855",371852,2025-11-17 23:59:39,43.3516693115234,-8.42627716064453,"Unknown"
"7014855",371852,2025-11-18 00:09:59,43.3520660400391,-8.42584037780762,"Unknown"
"7014855",371852,2025-11-18 00:14:37,43.3519439697266,-8.42580699920654,"Unknown"
"7014855",371852,2025-11-18 00:24:36,43.3520317077637,-8.4259557723999,"Unknown"
"7014855",371852,2025-11-18 00:34:36,43.352123260498,-8.42596530914307,"Unknown"
"7014855",371852,2025-11-18 00:44:36,43.3522605895996,-8.42599868774414,"Unknown"
"7014855",371852,2025-11-18 00:55:02,43.3519554138184,-8.42627716064453,"Unknown"
"7014855",371852,2025-11-18 01:04:27,43.3520660400391,-8.42635440826416,"Unknown"
"7014855",371852,2025-11-18 01:14:28,43.3520431518555,-8.4263744354248,"Unknown"
"7014855",371852,2025-11-18 01:24:28,43.351936340332,-8.42613792419434,"Unknown"
"7014855",371852,2025-11-18 01:34:28,43.3520393371582,-8.42574596405029,"Unknown"
"7014855",371852,2025-11-18 01:44:28,43.3520202636719,-8.42595481872559,"Unknown"
"7014855",371852,2025-11-18 01:54:31,43.3521385192871,-8.42614078521729,"Unknown"
"7014855",371852,2025-11-18 02:04:29,43.3516654968262,-8.42698669433594,"Unknown"
"7014855",371852,2025-11-18 02:14:31,43.352222442627,-8.42610645294189,"Unknown"
"7014855",371852,2025-11-18 02:24:29,43.351921081543,-8.42626953125,"Unknown"
"7014855",371852,2025-11-18 02:34:37,43.3523406982422,-8.42602634429932,"Unknown"
"7014855",371852,2025-11-18 02:44:30,43.3522758483887,-8.42636394500732,"Unknown"
"7014855",371852,2025-11-18 02:54:31,43.3527145385742,-8.42617416381836,"Unknown"
"7014855",371852,2025-11-18 03:04:30,43.3515014648438,-8.42668151855469,"Unknown"
"7014855",371852,2025-11-18 03:14:36,43.3521919250488,-8.42599773406982,"Unknown"
"7014855",371852,2025-11-18 03:24:31,43.3519897460938,-8.42579078674316,"Unknown"
"7014855",371852,2025-11-18 03:34:30,43.3520889282227,-8.42604732513428,"Unknown"
"7014855",371852,2025-11-18 03:44:30,43.3519706726074,-8.42607021331787,"Unknown"
"7014855",371852,2025-11-18 03:54:36,43.3520050048828,-8.42603492736816,"Unknown"
"7014855",371852,2025-11-18 04:04:29,43.3520202636719,-8.42581939697266,"Unknown"
"7014855",371852,2025-11-18 04:14:37,43.3518714904785,-8.4260082244873,"Unknown"
"7014855",371852,2025-11-18 04:24:31,43.3520584106445,-8.42585468292236,"Unknown"
"7014855",371852,2025-11-18 04:34:35,43.351993560791,-8.42577648162842,"Unknown"
"7014855",371852,2025-11-18 04:44:33,43.3521270751953,-8.42534446716309,"Unknown"
"7014855",371852,2025-11-18 04:54:35,43.3521995544434,-8.4255313873291,"Unknown"
"7014855",371852,2025-11-18 05:04:31,43.3521423339844,-8.42538928985596,"Unknown"
"7014855",371852,2025-11-18 05:14:34,43.3522872924805,-8.42547416687012,"Unknown"
"7014855",371852,2025-11-18 05:24:34,43.3523635864258,-8.42554092407227,"Unknown"
"7014855",371852,2025-11-18 05:35:05,43.3520736694336,-8.42611217498779,"Unknown"
"7014855",371852,2025-11-18 05:44:28,43.3518714904785,-8.42623615264893,"Unknown"
"7014855",371852,2025-11-18 05:54:28,43.35205078125,-8.42630863189697,"Unknown"
"7014855",371852,2025-11-18 06:04:30,43.3518447875977,-8.42622184753418,"Unknown"
"7014855",371852,2025-11-18 06:14:33,43.3519096374512,-8.42626094818115,"Unknown"
"7014855",371852,2025-11-18 06:24:29,43.3520164489746,-8.42632579803467,"Unknown"
"7014855",371852,2025-11-18 06:34:36,43.3519592285156,-8.4262170791626,"Unknown"
"7014855",371852,2025-11-18 06:44:36,43.3519706726074,-8.42625141143799,"Unknown"
"7014855",371852,2025-11-18 06:54:36,43.3517417907715,-8.42609214782715,"Unknown"
"7014855",371852,2025-11-18 07:04:36,43.3520393371582,-8.42627429962158,"Unknown"
"7014855",371852,2025-11-18 07:14:36,43.3519096374512,-8.42620658874512,"Unknown"
"7014855",371852,2025-11-18 07:24:44,43.351921081543,-8.4261474609375,"Unknown"
"7014855",371852,2025-11-18 07:34:33,43.3519706726074,-8.42625331878662,"Unknown"
"7014855",371852,2025-11-18 07:44:33,43.3520927429199,-8.42644596099854,"Unknown"
"7014855",371852,2025-11-18 07:54:44,43.3520126342773,-8.42629432678223,"Unknown"
"7014855",371852,2025-11-18 08:04:29,43.3519172668457,-8.42605686187744,"Unknown"
"7014855",371852,2025-11-18 08:14:29,43.351978302002,-8.42618465423584,"Unknown"
"7014855",371852,2025-11-18 08:24:37,43.3520660400391,-8.42632865905762,"Unknown"
"7014855",371852,2025-11-18 08:34:37,43.35205078125,-8.4263744354248,"Unknown"
"7014855",371852,2025-11-18 08:44:32,43.3520278930664,-8.42630004882812,"Unknown"
"7014855",371852,2025-11-18 08:54:44,43.3518714904785,-8.42620849609375,"Unknown"
"7014855",371852,2025-11-18 09:05:05,43.351978302002,-8.42617607116699,"Unknown"
"7014855",371852,2025-11-18 09:14:29,43.3519401550293,-8.42617511749268,"Unknown"
"7014855",371852,2025-11-18 09:24:28,43.3519973754883,-8.42627334594727,"Unknown"
"7014855",371852,2025-11-18 09:34:29,43.3520011901855,-8.42599487304688,"Unknown"
"7014855",371852,2025-11-18 09:44:29,43.3519668579102,-8.42619037628174,"Unknown"
"7014855",371852,2025-11-18 09:54:29,43.3519973754883,-8.42613124847412,"Unknown"
"7014855",371852,2025-11-18 10:04:29,43.3520584106445,-8.42586708068848,"Unknown"
"7014855",371852,2025-11-18 10:14:29,43.3518562316895,-8.42654800415039,"Unknown"
"7014855",371852,2025-11-18 10:19:31,43.3520431518555,-8.42602634429932,"Unknown"
"7014855",371852,2025-11-18 10:24:30,43.351936340332,-8.42639255523682,"Unknown"
"7014855",371852,2025-11-18 10:29:44,43.3519096374512,-8.42616081237793,"Unknown"
"7014855",371852,2025-11-18 10:34:44,43.3519248962402,-8.42613887786865,"Unknown"
"7014855",371852,2025-11-18 10:39:29,43.3519287109375,-8.42617607116699,"Unknown"
"7014855",371852,2025-11-18 10:44:29,43.3517837524414,-8.42619705200195,"Unknown"
"7014855",371852,2025-11-18 10:49:32,43.3519439697266,-8.42621612548828,"Unknown"
"7014855",371852,2025-11-18 10:54:30,43.3520774841309,-8.42627334594727,"Unknown"
"7014855",371852,2025-11-18 10:59:29,43.3520545959473,-8.42621421813965,"Unknown"
"7014855",371852,2025-11-18 11:04:28,43.3520355224609,-8.42632102966309,"Unknown"
"7014855",371852,2025-11-18 11:09:28,43.3519744873047,-8.4261999130249,"Unknown"
"7014855",371852,2025-11-18 11:14:34,43.3519287109375,-8.42610931396484,"Unknown"
"7014855",371852,2025-11-18 11:19:31,43.3520622253418,-8.42631816864014,"Unknown"
"7014855",371852,2025-11-18 11:24:32,43.3519973754883,-8.42618656158447,"Unknown"
"7014855",371852,2025-11-18 11:29:34,43.3519287109375,-8.42602825164795,"Unknown"
"7014855",371852,2025-11-18 11:35:05,43.3519897460938,-8.42625522613525,"Unknown"
"7014855",371852,2025-11-18 11:39:28,43.3519325256348,-8.42618465423584,"Unknown"
"7014855",371852,2025-11-18 11:44:28,43.3520278930664,-8.42619132995605,"Unknown"
"7014855",371852,2025-11-18 11:49:28,43.3519325256348,-8.42617797851562,"Unknown"
"7014855",371852,2025-11-18 11:54:28,43.3520050048828,-8.4262752532959,"Unknown"
"7014855",371852,2025-11-18 11:59:28,43.3520469665527,-8.42616939544678,"Unknown"
"7014855",371852,2025-11-18 12:04:28,43.3519859313965,-8.42616939544678,"Unknown"
"7014855",371852,2025-11-18 12:09:28,43.351978302002,-8.42620944976807,"Unknown"
"7014855",371852,2025-11-18 12:14:28,43.351993560791,-8.42620277404785,"Unknown"
"7014855",371852,2025-11-18 12:19:28,43.3520011901855,-8.42621040344238,"Unknown"
"7014855",371852,2025-11-18 12:24:29,43.3519554138184,-8.42619323730469,"Unknown"
"7014855",371852,2025-11-18 12:29:30,43.3519477844238,-8.42615413665771,"Unknown"
"7014855",371852,2025-11-18 12:34:59,43.3519401550293,-8.42623329162598,"Unknown"
"7014855",371852,2025-11-18 12:39:41,43.3519859313965,-8.42615795135498,"Unknown"
"7014855",371852,2025-11-18 12:44:28,43.3519058227539,-8.42601299285889,"Unknown"
"7014855",371852,2025-11-18 12:49:29,43.3519058227539,-8.42574501037598,"Unknown"
"7014855",371852,2025-11-18 12:54:29,43.3519248962402,-8.426025390625,"Unknown"
"7014855",371852,2025-11-18 12:59:28,43.3518714904785,-8.42596530914307,"Unknown"
"7014855",371852,2025-11-18 13:04:28,43.3520088195801,-8.42614555358887,"Unknown"
"7014855",371852,2025-11-18 13:09:28,43.3520393371582,-8.42618560791016,"Unknown"
"7014855",371852,2025-11-18 13:14:28,43.3520355224609,-8.42626190185547,"Unknown"
"7014855",371852,2025-11-18 13:19:29,43.351993560791,-8.42626190185547,"Unknown"
"7014855",371852,2025-11-18 13:24:28,43.35205078125,-8.42621612548828,"Unknown"
"7014855",371852,2025-11-18 13:29:29,43.3518905639648,-8.42615604400635,"Unknown"
"7014855",371852,2025-11-18 13:34:30,43.3520584106445,-8.42616939544678,"Unknown"
"7014855",371852,2025-11-18 13:39:34,43.3519630432129,-8.42618656158447,"Unknown"
"7014855",371852,2025-11-18 13:44:44,43.3519859313965,-8.42621517181396,"Unknown"
"7014855",371852,2025-11-18 13:49:29,43.3520317077637,-8.42620372772217,"Unknown"
"7014855",371852,2025-11-18 13:54:29,43.351978302002,-8.42623138427734,"Unknown"
"7014855",371852,2025-11-18 13:59:30,43.3519554138184,-8.42617416381836,"Unknown"
"7014855",371852,2025-11-18 14:04:28,43.3519248962402,-8.42630577087402,"Unknown"
"7014855",371852,2025-11-18 14:09:31,43.3518981933594,-8.42624282836914,"Unknown"
"7014855",371852,2025-11-18 14:14:31,43.3517646789551,-8.42621040344238,"Unknown"
"7014855",371852,2025-11-18 14:19:29,43.3520355224609,-8.42629051208496,"Unknown"
"7014855",371852,2025-11-18 14:24:30,43.3519668579102,-8.4262228012085,"Unknown"
"7014855",371852,2025-11-18 14:29:29,43.3519744873047,-8.42618846893311,"Unknown"
"7014855",371852,2025-11-18 14:34:59,43.3519744873047,-8.42627239227295,"Unknown"
"7014855",371852,2025-11-18 14:39:30,43.3523063659668,-8.42597198486328,"Unknown"
"7014855",371852,2025-11-18 14:45:04,43.3519477844238,-8.42623996734619,"Unknown"
"7014855",371852,2025-11-18 14:49:28,43.3520202636719,-8.426194190979,"Unknown"
"7014855",371852,2025-11-18 14:54:28,43.3520584106445,-8.426100730896,"Unknown"
"7014855",371852,2025-11-18 14:59:28,43.3519859313965,-8.42627811431885,"Unknown"
"7014855",371852,2025-11-18 15:04:28,43.3520622253418,-8.42612743377686,"Unknown"
"7014855",371852,2025-11-18 15:09:28,43.3519439697266,-8.42618560791016,"Unknown"
"7014855",371852,2025-11-18 15:14:28,43.3520584106445,-8.42614078521729,"Unknown"
"7014855",371852,2025-11-18 15:19:28,43.351936340332,-8.4262170791626,"Unknown"
"7014855",371852,2025-11-18 15:24:29,43.3520164489746,-8.42612075805664,"Unknown"
"7014855",371852,2025-11-18 15:29:29,43.3520393371582,-8.42626571655273,"Unknown"
"7014855",371852,2025-11-18 15:34:29,43.3520545959473,-8.42613887786865,"Unknown"
"7014855",371852,2025-11-18 15:39:29,43.3521728515625,-8.42614650726318,"Unknown"
"7014855",371852,2025-11-18 15:44:29,43.3521842956543,-8.42628383636475,"Unknown"
"7014855",371852,2025-11-18 15:49:29,43.3521347045898,-8.42640113830566,"Unknown"
"7014855",371852,2025-11-18 15:54:29,43.3521423339844,-8.42631053924561,"Unknown"
"7014855",371852,2025-11-18 15:59:29,43.3521499633789,-8.42623996734619,"Unknown"
"7014855",371852,2025-11-18 16:04:29,43.3521957397461,-8.42626094818115,"Unknown"
"7014855",371852,2025-11-18 16:09:29,43.3521575927734,-8.42633533477783,"Unknown"
"7014855",371852,2025-11-18 16:14:31,43.3521919250488,-8.42635250091553,"Unknown"
"7014855",371852,2025-11-18 16:19:29,43.3520774841309,-8.42617988586426,"Unknown"
"7014855",371852,2025-11-18 16:24:29,43.3519325256348,-8.42613124847412,"Unknown"
"7014855",371852,2025-11-18 16:29:30,43.3521842956543,-8.42640209197998,"Unknown"
"7014855",371852,2025-11-18 16:34:31,43.3521919250488,-8.42640781402588,"Unknown"
"7014855",371852,2025-11-18 16:39:37,43.351879119873,-8.42605209350586,"Unknown"
"7014855",371852,2025-11-18 16:44:32,43.3518180847168,-8.42601013183594,"Unknown"
"7014855",371852,2025-11-18 16:49:31,43.3517913818359,-8.4260425567627,"Unknown"
"7014855",371852,2025-11-18 16:54:31,43.3516845703125,-8.42600536346436,"Unknown"
"7014855",371852,2025-11-18 16:59:30,43.351879119873,-8.42614936828613,"Unknown"
"7014855",371852,2025-11-18 17:04:38,43.351448059082,-8.42573833465576,"Unknown"
"7014855",371852,2025-11-18 17:09:31,43.3519554138184,-8.42628383636475,"Unknown"
"7014855",371852,2025-11-18 17:14:37,43.3520011901855,-8.42621421813965,"Unknown"
"7014855",371852,2025-11-18 17:19:36,43.3519592285156,-8.42617797851562,"Unknown"
"7014855",371852,2025-11-18 17:24:31,43.3514251708984,-8.42573356628418,"Unknown"
"7014855",371852,2025-11-18 17:29:38,43.3523330688477,-8.42648696899414,"Unknown"
"7014855",371852,2025-11-18 17:34:37,43.3522682189941,-8.42641639709473,"Unknown"
"7014855",371852,2025-11-18 17:39:44,43.3521728515625,-8.42632389068604,"Unknown"
"7014855",371852,2025-11-18 17:44:37,43.3521919250488,-8.42634773254395,"Unknown"
"7014855",371852,2025-11-18 17:49:37,43.3521842956543,-8.42636585235596,"Unknown"
"7014855",371852,2025-11-18 17:54:34,43.3521881103516,-8.42634296417236,"Unknown"
"7014855",371852,2025-11-18 17:59:33,43.352180480957,-8.42629337310791,"Unknown"
"7014855",371852,2025-11-18 18:04:31,43.3521614074707,-8.42625617980957,"Unknown"
"7014855",371852,2025-11-18 18:10:10,43.3521194458008,-8.42622852325439,"Unknown"
"7014855",371852,2025-11-18 18:14:33,43.3519630432129,-8.42628479003906,"Unknown"
"7014855",371852,2025-11-18 18:19:31,43.35205078125,-8.42626190185547,"Unknown"
"7014855",371852,2025-11-18 18:24:28,43.352108001709,-8.42664813995361,"Unknown"
"7014855",371852,2025-11-18 18:29:36,43.3518867492676,-8.4260196685791,"Unknown"
"7014855",371852,2025-11-18 18:34:36,43.3519020080566,-8.42597484588623,"Unknown"
"7014855",371852,2025-11-18 18:39:35,43.3519096374512,-8.42606067657471,"Unknown"
"7014855",371852,2025-11-18 18:44:37,43.3518257141113,-8.42591381072998,"Unknown"
"7014855",371852,2025-11-18 18:49:47,43.3517913818359,-8.42574882507324,"Unknown"
"7014855",371852,2025-11-18 18:54:49,43.3517990112305,-8.42576122283936,"Unknown"
"7014855",371852,2025-11-18 18:59:38,43.3517799377441,-8.42584228515625,"Unknown"
"7014855",371852,2025-11-18 19:04:46,43.3518714904785,-8.42609977722168,"Unknown"
"7014855",371852,2025-11-18 19:09:37,43.3514099121094,-8.42556190490723,"Unknown"
"7014855",371852,2025-11-18 19:14:38,43.3517608642578,-8.4259786605835,"Unknown"
"7014855",371852,2025-11-18 19:19:39,43.3516807556152,-8.42574024200439,"Unknown"
"7014855",371852,2025-11-18 19:25:05,43.351936340332,-8.42623138427734,"Unknown"
"7014855",371852,2025-11-18 19:29:28,43.3519401550293,-8.42618846893311,"Unknown"
"7014855",371852,2025-11-18 19:34:28,43.3519859313965,-8.4262228012085,"Unknown"
"7014855",371852,2025-11-18 19:39:29,43.351936340332,-8.42624950408936,"Unknown"
"7014855",371852,2025-11-18 19:44:28,43.351936340332,-8.42621612548828,"Unknown"
"7014855",371852,2025-11-18 19:49:28,43.3519439697266,-8.42628383636475,"Unknown"
"7014855",371852,2025-11-18 19:54:28,43.3519668579102,-8.42620277404785,"Unknown"
"7014855",371852,2025-11-18 19:59:28,43.3518905639648,-8.42627906799316,"Unknown"
"7014855",371852,2025-11-18 20:04:28,43.3519630432129,-8.42624855041504,"Unknown"
"7014855",371852,2025-11-18 20:09:28,43.3519172668457,-8.42623233795166,"Unknown"
"7014855",371852,2025-11-18 20:14:29,43.3520202636719,-8.4261589050293,"Unknown"
"7014855",371852,2025-11-18 20:19:28,43.3520164489746,-8.4261999130249,"Unknown"
"7014855",371852,2025-11-18 20:24:28,43.3520164489746,-8.42620277404785,"Unknown"
"7014855",371852,2025-11-18 20:29:28,43.3519668579102,-8.42622184753418,"Unknown"
"7014855",371852,2025-11-18 20:34:28,43.3519973754883,-8.42623901367188,"Unknown"
"7014855",371852,2025-11-18 20:39:28,43.3519554138184,-8.42619705200195,"Unknown"
"7014855",371852,2025-11-18 20:44:28,43.3519897460938,-8.42616176605225,"Unknown"
"7014855",371852,2025-11-18 20:49:29,43.3520164489746,-8.42617988586426,"Unknown"
"7014855",371852,2025-11-18 20:54:29,43.3519630432129,-8.42618942260742,"Unknown"
"7014855",371852,2025-11-18 20:59:29,43.351993560791,-8.42622375488281,"Unknown"
"7014855",371852,2025-11-18 21:04:29,43.3519973754883,-8.42618942260742,"Unknown"
"7014855",371852,2025-11-18 21:09:29,43.3519630432129,-8.4261531829834,"Unknown"
"7014855",371852,2025-11-18 21:14:29,43.3519630432129,-8.42620468139648,"Unknown"
"7014855",371852,2025-11-18 21:19:29,43.3519592285156,-8.42621421813965,"Unknown"
"7014855",371852,2025-11-18 21:24:29,43.3519287109375,-8.42620849609375,"Unknown"
"7014855",371852,2025-11-18 21:29:29,43.351978302002,-8.42623519897461,"Unknown"
"7014855",371852,2025-11-18 21:34:28,43.3520278930664,-8.42622661590576,"Unknown"
"7014855",371852,2025-11-18 21:39:29,43.3520736694336,-8.42618560791016,"Unknown"
"7014855",371852,2025-11-18 21:44:29,43.3519325256348,-8.4262170791626,"Unknown"
"7014855",371852,2025-11-18 21:49:30,43.3519477844238,-8.42626190185547,"Unknown"
"7014855",371852,2025-11-18 21:54:29,43.351936340332,-8.42614459991455,"Unknown"
"7014855",371852,2025-11-18 21:59:29,43.3519248962402,-8.42614936828613,"Unknown"
"7014855",371852,2025-11-18 22:04:30,43.3518562316895,-8.42623901367188,"Unknown"
"7014855",371852,2025-11-18 22:09:30,43.3518600463867,-8.42607879638672,"Unknown"
"7014855",371852,2025-11-18 22:14:31,43.3519744873047,-8.42631244659424,"Unknown"
"7014855",371852,2025-11-18 22:19:31,43.3519744873047,-8.42621326446533,"Unknown"
"7014855",371852,2025-11-18 22:24:33,43.3520164489746,-8.4262752532959,"Unknown"
"7014855",371852,2025-11-18 22:29:34,43.3519821166992,-8.42626476287842,"Unknown"
"7014855",371852,2025-11-18 22:34:35,43.3520240783691,-8.42628002166748,"Unknown"
"7014855",371852,2025-11-18 22:39:33,43.3520660400391,-8.42652225494385,"Unknown"
"7014855",371852,2025-11-18 22:44:33,43.3520317077637,-8.42630481719971,"Unknown"
"7014855",371852,2025-11-18 22:49:31,43.3519325256348,-8.42625713348389,"Unknown"
"7014855",371852,2025-11-18 22:54:29,43.3520202636719,-8.42633247375488,"Unknown"
"7014855",371852,2025-11-18 22:59:36,43.3520698547363,-8.42640495300293,"Unknown"
"7014855",371852,2025-11-18 23:04:36,43.3520584106445,-8.4263162612915,"Unknown"
"7014855",371852,2025-11-18 23:09:36,43.3520431518555,-8.42635917663574,"Unknown"
"7014855",371852,2025-11-18 23:14:36,43.3520889282227,-8.42643356323242,"Unknown"
"7014855",371852,2025-11-18 23:19:36,43.3521385192871,-8.42631435394287,"Unknown"
"7014855",371852,2025-11-18 23:24:36,43.352180480957,-8.42623233795166,"Unknown"
"7014855",371852,2025-11-18 23:29:40,43.3520050048828,-8.4262638092041,"Unknown"
"7014855",371852,2025-11-18 23:34:29,43.3520774841309,-8.42615127563477,"Unknown"
"7014855",371852,2025-11-18 23:39:30,43.3521041870117,-8.42627334594727,"Unknown"
"7014855",371852,2025-11-18 23:44:30,43.3521041870117,-8.42634868621826,"Unknown"
"7014855",371852,2025-11-18 23:49:47,43.3519859313965,-8.42612457275391,"Unknown"
"7014855",371852,2025-11-18 23:54:30,43.3521766662598,-8.42623996734619,"Unknown"
"7014855",371852,2025-11-18 23:59:30,43.3519287109375,-8.4264030456543,"Unknown"
"7014855",371852,2025-11-19 00:05:00,43.3520278930664,-8.42621994018555,"Unknown"
"7014855",371852,2025-11-19 00:09:38,43.3521041870117,-8.42577648162842,"Unknown"
"7014855",371852,2025-11-19 00:14:33,43.3521156311035,-8.4255313873291,"Unknown"
"7014855",371852,2025-11-19 00:19:36,43.3521194458008,-8.42559146881104,"Unknown"
"7014855",371852,2025-11-19 00:24:39,43.3522720336914,-8.42542934417725,"Unknown"
"7014855",371852,2025-11-19 00:29:36,43.3521385192871,-8.42592906951904,"Unknown"
"7014855",371852,2025-11-19 00:34:36,43.3522529602051,-8.42582988739014,"Unknown"
"7014855",371852,2025-11-19 00:39:36,43.3523139953613,-8.42590808868408,"Unknown"
"7014855",371852,2025-11-19 00:44:36,43.3523254394531,-8.42574214935303,"Unknown"
"7014855",371852,2025-11-19 00:49:45,43.3520736694336,-8.42639446258545,"Unknown"
"7014855",371852,2025-11-19 00:54:29,43.3522300720215,-8.42647266387939,"Unknown"
"7014855",371852,2025-11-19 00:59:29,43.3520851135254,-8.42618846893311,"Unknown"
"7014855",371852,2025-11-19 01:05:05,43.3520431518555,-8.42618846893311,"Unknown"
"7014855",371852,2025-11-19 01:09:28,43.3520469665527,-8.42631530761719,"Unknown"
"7014855",371852,2025-11-19 01:14:29,43.3526306152344,-8.42713832855225,"Unknown"
"7014855",371852,2025-11-19 01:19:37,43.351936340332,-8.42617034912109,"Unknown"
"7014855",371852,2025-11-19 01:24:30,43.3521003723145,-8.42663288116455,"Unknown"
"7014855",371852,2025-11-19 01:29:30,43.3518333435059,-8.42597007751465,"Unknown"
"7014855",371852,2025-11-19 01:34:29,43.3518562316895,-8.42629337310791,"Unknown"
"7014855",371852,2025-11-19 01:39:39,43.3518104553223,-8.42612743377686,"Unknown"
"7014855",371852,2025-11-19 01:44:31,43.3518867492676,-8.42600631713867,"Unknown"
"7014855",371852,2025-11-19 01:49:44,43.3519134521484,-8.42615032196045,"Unknown"
"7014855",371852,2025-11-19 01:54:36,43.3518905639648,-8.42622089385986,"Unknown"
"7014855",371852,2025-11-19 01:59:36,43.351936340332,-8.42618846893311,"Unknown"
"7014855",371852,2025-11-19 02:04:44,43.3519325256348,-8.42623615264893,"Unknown"
"7014855",371852,2025-11-19 02:09:29,43.3519287109375,-8.42612934112549,"Unknown"
"7014855",371852,2025-11-19 02:14:31,43.3518028259277,-8.42630577087402,"Unknown"
"7014855",371852,2025-11-19 02:19:29,43.3518562316895,-8.42594242095947,"Unknown"
"7014855",371852,2025-11-19 02:24:30,43.3517913818359,-8.42627620697021,"Unknown"
"7014855",371852,2025-11-19 02:29:34,43.3518409729004,-8.42627716064453,"Unknown"
"7014855",371852,2025-11-19 02:35:05,43.3519592285156,-8.42619800567627,"Unknown"
"7014855",371852,2025-11-19 02:39:29,43.3518753051758,-8.42621612548828,"Unknown"
"7014855",371852,2025-11-19 02:44:29,43.3515968322754,-8.4261302947998,"Unknown"
"7014855",371852,2025-11-19 02:49:28,43.3518218994141,-8.42611598968506,"Unknown"
"7014855",371852,2025-11-19 02:54:28,43.3518104553223,-8.42614269256592,"Unknown"
"7014855",371852,2025-11-19 02:59:28,43.3519897460938,-8.42621517181396,"Unknown"
"7014855",371852,2025-11-19 03:04:28,43.3519134521484,-8.42619132995605,"Unknown"
"7014855",371852,2025-11-19 03:09:28,43.3520126342773,-8.42614459991455,"Unknown"
"7014855",371852,2025-11-19 03:14:28,43.351993560791,-8.42613697052002,"Unknown"
"7014855",371852,2025-11-19 03:19:29,43.351879119873,-8.42637729644775,"Unknown"
"7014855",371852,2025-11-19 03:24:28,43.3519744873047,-8.42615699768066,"Unknown"
"7014855",371852,2025-11-19 03:29:29,43.3519172668457,-8.42631244659424,"Unknown"
"7014855",371852,2025-11-19 03:34:29,43.3519973754883,-8.42605972290039,"Unknown"
"7014855",371852,2025-11-19 03:39:33,43.351993560791,-8.42620658874512,"Unknown"
"7014855",371852,2025-11-19 03:44:29,43.351993560791,-8.42662715911865,"Unknown"
"7014855",371852,2025-11-19 03:49:30,43.351921081543,-8.42633152008057,"Unknown"
"7014855",371852,2025-11-19 03:54:30,43.3519477844238,-8.42626476287842,"Unknown"
"7014855",371852,2025-11-19 03:59:30,43.3519020080566,-8.42620182037354,"Unknown"
"7014855",371852,2025-11-19 04:04:29,43.3519096374512,-8.42613697052002,"Unknown"
"7014855",371852,2025-11-19 04:09:29,43.3519439697266,-8.42619514465332,"Unknown"
"7014855",371852,2025-11-19 04:14:36,43.3519821166992,-8.42629337310791,"Unknown"
"7014855",371852,2025-11-19 04:19:44,43.3519134521484,-8.4262809753418,"Unknown"
"7014855",371852,2025-11-19 04:29:30,43.3519592285156,-8.42635631561279,"Unknown"
"7014855",371852,2025-11-19 04:34:36,43.3520088195801,-8.42626476287842,"Unknown"
"7014855",371852,2025-11-19 04:39:36,43.351676940918,-8.42601490020752,"Unknown"
"7014855",371852,2025-11-19 04:50:05,43.3519515991211,-8.42619037628174,"Unknown"
"7014855",371852,2025-11-19 04:59:29,43.3519592285156,-8.42621421813965,"Unknown"
"7014855",371852,2025-11-19 05:09:28,43.3519401550293,-8.42634296417236,"Unknown"
"7014855",371852,2025-11-19 05:19:29,43.3520431518555,-8.42616367340088,"Unknown"
"7014855",371852,2025-11-19 05:29:31,43.3521537780762,-8.42646503448486,"Unknown"
"7014855",371852,2025-11-19 05:39:29,43.3519058227539,-8.42622661590576,"Unknown"
"7014855",371852,2025-11-19 05:49:29,43.3520812988281,-8.42634963989258,"Unknown"
"7014855",371852,2025-11-19 05:59:29,43.351978302002,-8.42619037628174,"Unknown"
"7014855",371852,2025-11-19 06:09:28,43.3523063659668,-8.42663669586182,"Unknown"
"7014855",371852,2025-11-19 06:19:30,43.351978302002,-8.42624759674072,"Unknown"
"7014855",371852,2025-11-19 06:29:43,43.351936340332,-8.42622756958008,"Unknown"
"7014855",371852,2025-11-19 06:40:05,43.3519592285156,-8.42622756958008,"Unknown"
"7014855",371852,2025-11-19 06:49:30,43.352123260498,-8.42626571655273,"Unknown"
"7014855",371852,2025-11-19 06:59:29,43.3520164489746,-8.4262056350708,"Unknown"
"7014855",371852,2025-11-19 07:09:28,43.3519058227539,-8.42630290985107,"Unknown"
"7014855",371852,2025-11-19 07:19:30,43.351936340332,-8.42632389068604,"Unknown"
"7014855",371852,2025-11-19 07:29:28,43.3519096374512,-8.42620944976807,"Unknown"
"7014855",371852,2025-11-19 07:39:28,43.3520431518555,-8.42631721496582,"Unknown"
"7014855",371852,2025-11-19 07:49:33,43.3519477844238,-8.42619609832764,"Unknown"
"7014855",371852,2025-11-19 07:59:29,43.3519821166992,-8.42625904083252,"Unknown"
"7014855",371852,2025-11-19 08:09:31,43.3519287109375,-8.42622470855713,"Unknown"
"7014855",371852,2025-11-19 08:19:35,43.3521614074707,-8.426513671875,"Unknown"
"7014855",371852,2025-11-19 08:29:44,43.3520622253418,-8.42615509033203,"Unknown"
"7014855",371852,2025-11-19 08:39:28,43.3519515991211,-8.42623233795166,"Unknown"
"7014855",371852,2025-11-19 08:49:44,43.351993560791,-8.42626285552979,"Unknown"
"7014855",371852,2025-11-19 08:59:30,43.3518943786621,-8.42604160308838,"Unknown"
"7014855",371852,2025-11-19 09:09:31,43.3519706726074,-8.42620754241943,"Unknown"
"7014855",371852,2025-11-19 09:19:29,43.3519706726074,-8.42623138427734,"Unknown"
"7014855",371852,2025-11-19 09:29:32,43.3518180847168,-8.42583465576172,"Unknown"
"7014855",371852,2025-11-19 09:34:31,43.3526268005371,-8.42733287811279,"Unknown"
"7014855",371852,2025-11-19 09:39:30,43.352123260498,-8.42649936676025,"Unknown"
"7014855",371852,2025-11-19 09:44:32,43.3517951965332,-8.42588901519775,"Unknown"
"7014855",371852,2025-11-19 09:49:44,43.351936340332,-8.42627334594727,"Unknown"
"7014855",371852,2025-11-19 09:54:33,43.3520011901855,-8.42599964141846,"Unknown"
"7014855",371852,2025-11-19 10:04:32,43.3519287109375,-8.42665004730225,"Unknown"
"7014855",371852,2025-11-19 10:09:32,43.3519897460938,-8.42608833312988,"Unknown"
"7014855",371852,2025-11-19 10:14:38,43.352165222168,-8.42624664306641,"Unknown"
"7014855",371852,2025-11-19 10:19:37,43.3519706726074,-8.42631149291992,"Unknown"
"7014855",371852,2025-11-19 10:24:36,43.3518753051758,-8.42626857757568,"Unknown"
"7014855",371852,2025-11-19 10:29:37,43.3520469665527,-8.42623424530029,"Unknown"
"7014855",371852,2025-11-19 10:34:44,43.3520698547363,-8.42626953125,"Unknown"
"7014855",371852,2025-11-19 10:39:36,43.351806640625,-8.42651176452637,"Unknown"
"7014855",371852,2025-11-19 10:44:39,43.3521041870117,-8.42619037628174,"Unknown"
"7014855",371852,2025-11-19 10:49:41,43.352294921875,-8.42584228515625,"Unknown"
"7014855",371852,2025-11-19 10:54:31,43.3521385192871,-8.42613983154297,"Unknown"
"7014855",371852,2025-11-19 10:59:28,43.352123260498,-8.42662239074707,"Unknown"
"7014855",371852,2025-11-19 11:04:39,43.352367401123,-8.42610740661621,"Unknown"
"7014855",371852,2025-11-19 11:09:31,43.3523330688477,-8.42553997039795,"Unknown"
"7014855",371852,2025-11-19 11:15:05,43.3520355224609,-8.42624950408936,"Unknown"
"7014855",371852,2025-11-19 11:19:30,43.3521308898926,-8.426344871521,"Unknown"
"7014855",371852,2025-11-19 11:24:29,43.3520851135254,-8.42634105682373,"Unknown"
"7014855",371852,2025-11-19 11:29:29,43.3520050048828,-8.42620182037354,"Unknown"
"7014855",371852,2025-11-19 11:34:29,43.3520011901855,-8.42625427246094,"Unknown"
"7014855",371852,2025-11-19 11:39:29,43.35205078125,-8.4263277053833,"Unknown"
"7014855",371852,2025-11-19 11:44:29,43.3520240783691,-8.4263219833374,"Unknown"
"7014855",371852,2025-11-19 11:49:29,43.3520011901855,-8.42623424530029,"Unknown"
"7014855",371852,2025-11-19 11:54:29,43.3521385192871,-8.4255256652832,"Unknown"
"7014855",371852,2025-11-19 11:59:30,43.3519515991211,-8.42617416381836,"Unknown"
"7014855",371852,2025-11-19 12:04:30,43.3519439697266,-8.42619609832764,"Unknown"
"7014855",371852,2025-11-19 12:09:30,43.3519897460938,-8.4261360168457,"Unknown"
"7014855",371852,2025-11-19 12:14:30,43.3520050048828,-8.42631530761719,"Unknown"
"7014855",371852,2025-11-19 12:19:30,43.3520088195801,-8.42647838592529,"Unknown"
"7014855",371852,2025-11-19 12:24:32,43.351734161377,-8.42864990234375,"Unknown"
"7014855",371852,2025-11-19 12:29:31,43.3518676757812,-8.42733573913574,"Unknown"
"7014855",371852,2025-11-19 12:34:42,43.3519401550293,-8.42618274688721,"Unknown"
"7014855",371852,2025-11-19 12:39:33,43.3519554138184,-8.42621517181396,"Unknown"
"7014855",371852,2025-11-19 12:45:05,43.3519859313965,-8.4262056350708,"Unknown"
"7014855",371852,2025-11-19 12:49:29,43.3520164489746,-8.42624187469482,"Unknown"
"7014855",371852,2025-11-19 12:54:30,43.351978302002,-8.42613124847412,"Unknown"
"7014855",371852,2025-11-19 12:59:29,43.351978302002,-8.42611980438232,"Unknown"
"7014855",371852,2025-11-19 13:04:29,43.3519706726074,-8.42622470855713,"Unknown"
"7014855",371852,2025-11-19 13:09:29,43.3520164489746,-8.42620944976807,"Unknown"
"7014855",371852,2025-11-19 13:14:30,43.3519668579102,-8.42618083953857,"Unknown"
"7014855",371852,2025-11-19 13:19:30,43.3520050048828,-8.42626285552979,"Unknown"
"7014855",371852,2025-11-19 13:24:32,43.3519439697266,-8.42619705200195,"Unknown"
"7014855",371852,2025-11-19 13:29:30,43.3520545959473,-8.42627239227295,"Unknown"
"7014855",371852,2025-11-19 13:34:32,43.3520164489746,-8.42623138427734,"Unknown"
"7014855",371852,2025-11-19 13:39:31,43.3518981933594,-8.42618465423584,"Unknown"
"7014855",371852,2025-11-19 13:44:31,43.3519897460938,-8.42617416381836,"Unknown"
"7014855",371852,2025-11-19 13:49:30,43.351978302002,-8.42610549926758,"Unknown"
"7014855",371852,2025-11-19 13:54:30,43.351993560791,-8.42620086669922,"Unknown"
"7014855",371852,2025-11-19 13:59:31,43.3519706726074,-8.42616367340088,"Unknown"
"7014855",371852,2025-11-19 14:04:31,43.3519248962402,-8.42617225646973,"Unknown"
"7014855",371852,2025-11-19 14:09:32,43.3519439697266,-8.4261999130249,"Unknown"
"7014855",371852,2025-11-19 14:14:29,43.3519897460938,-8.42618846893311,"Unknown"
"7014855",371852,2025-11-19 14:19:29,43.35205078125,-8.42623329162598,"Unknown"
"7014855",371852,2025-11-19 14:24:30,43.352108001709,-8.4263801574707,"Unknown"
"7014855",371852,2025-11-19 14:29:30,43.35205078125,-8.42628955841064,"Unknown"
"7014855",371852,2025-11-19 14:34:29,43.3520545959473,-8.42629623413086,"Unknown"
"7014855",371852,2025-11-19 14:39:31,43.3521766662598,-8.42642688751221,"Unknown"
"7014855",371852,2025-11-19 14:44:34,43.3520622253418,-8.42632293701172,"Unknown"
"7014855",371852,2025-11-19 14:49:37,43.3519554138184,-8.42620944976807,"Unknown"
"7014855",371852,2025-11-19 14:54:36,43.3519172668457,-8.42624759674072,"Unknown"
"7014855",371852,2025-11-19 14:59:36,43.3520317077637,-8.426194190979,"Unknown"
"7014855",371852,2025-11-19 15:04:36,43.3519287109375,-8.4262228012085,"Unknown"
"7014855",371852,2025-11-19 15:10:05,43.351936340332,-8.42619228363037,"Unknown"
"7014855",371852,2025-11-19 15:14:33,43.3518180847168,-8.42622756958008,"Unknown"
"7014855",371852,2025-11-19 15:19:30,43.351490020752,-8.42629528045654,"Unknown"
"7014855",371852,2025-11-19 15:24:29,43.3519477844238,-8.42626857757568,"Unknown"
"7014855",371852,2025-11-19 15:29:29,43.3519248962402,-8.42623615264893,"Unknown"
"7014855",371852,2025-11-19 15:34:29,43.3519592285156,-8.42625999450684,"Unknown"
"7014855",371852,2025-11-19 15:39:29,43.3519973754883,-8.42629051208496,"Unknown"
"7014855",371852,2025-11-19 15:44:29,43.3519172668457,-8.42631435394287,"Unknown"
"7014855",371852,2025-11-19 15:49:30,43.3519058227539,-8.42632484436035,"Unknown"
"7014855",371852,2025-11-19 15:54:30,43.3519897460938,-8.42626571655273,"Unknown"
"7014855",371852,2025-11-19 15:59:29,43.3520050048828,-8.42629051208496,"Unknown"
"7014855",371852,2025-11-19 16:04:31,43.351921081543,-8.42630767822266,"Unknown"
"7014855",371852,2025-11-19 16:09:30,43.3519287109375,-8.42624950408936,"Unknown"
"7014855",371852,2025-11-19 16:14:29,43.3520584106445,-8.42627334594727,"Unknown"
"7014855",371852,2025-11-19 16:19:30,43.3519592285156,-8.42629528045654,"Unknown"
"7014855",371852,2025-11-19 16:24:30,43.3519897460938,-8.426344871521,"Unknown"
"7014855",371852,2025-11-19 16:29:33,43.3520317077637,-8.42640209197998,"Unknown"
"7014855",371852,2025-11-19 16:35:04,43.3520126342773,-8.42615509033203,"Unknown"
"7014855",371852,2025-11-19 16:39:30,43.3520545959473,-8.42620849609375,"Unknown"
"7014855",371852,2025-11-19 16:44:29,43.3520660400391,-8.4262170791626,"Unknown"
"7014855",371852,2025-11-19 16:49:34,43.3519668579102,-8.42620849609375,"Unknown"
"7014855",371852,2025-11-19 16:54:33,43.3519744873047,-8.42621231079102,"Unknown"
"7014855",371852,2025-11-19 17:00:05,43.351993560791,-8.4262638092041,"Unknown"
"7014855",371852,2025-11-19 17:04:30,43.35205078125,-8.42622470855713,"Unknown"
"7014855",371852,2025-11-19 17:09:29,43.3520431518555,-8.42625522613525,"Unknown"
"7014855",371852,2025-11-19 17:14:29,43.3519630432129,-8.42614269256592,"Unknown"
"7014855",371852,2025-11-19 17:19:30,43.3519248962402,-8.42610931396484,"Unknown"
"7014855",371852,2025-11-19 17:24:30,43.3519859313965,-8.42613124847412,"Unknown"
"7014855",371852,2025-11-19 17:29:30,43.3520889282227,-8.42620944976807,"Unknown"
"7014855",371852,2025-11-19 17:34:30,43.3518562316895,-8.42606735229492,"Unknown"
"7014855",371852,2025-11-19 17:39:32,43.3515167236328,-8.42576789855957,"Unknown"
"7014855",371852,2025-11-19 17:44:31,43.3517913818359,-8.42603969573975,"Unknown"
"7014855",371852,2025-11-19 17:49:31,43.3517074584961,-8.42597389221191,"Unknown"
"7014855",371852,2025-11-19 17:54:32,43.3518524169922,-8.42602252960205,"Unknown"
"7014855",371852,2025-11-19 17:59:32,43.3518447875977,-8.4260311126709,"Unknown"
"7014855",371852,2025-11-19 18:05:53,43.3519287109375,-8.4261589050293,"Unknown"
"7014855",371852,2025-11-19 18:09:30,43.3519172668457,-8.42618370056152,"Unknown"
"7014855",371852,2025-11-19 18:14:43,43.3519706726074,-8.42617416381836,"Unknown"
"7014855",371852,2025-11-19 18:19:31,43.3520088195801,-8.42629432678223,"Unknown"
"7014855",371852,2025-11-19 18:24:39,43.3518905639648,-8.42605781555176,"Unknown"
"7014855",371852,2025-11-19 18:29:32,43.3518600463867,-8.42610931396484,"Unknown"
"7014855",371852,2025-11-19 18:34:39,43.351806640625,-8.42593955993652,"Unknown"
"7014855",371852,2025-11-19 18:39:29,43.3518486022949,-8.42572593688965,"Unknown"
"7014855",371852,2025-11-19 18:44:39,43.3518753051758,-8.42604827880859,"Unknown"
"7014855",371852,2025-11-19 18:49:39,43.3516731262207,-8.42529392242432,"Unknown"
"7014855",371852,2025-11-19 18:54:40,43.351993560791,-8.42623710632324,"Unknown"
"7014855",371852,2025-11-19 18:59:30,43.3520126342773,-8.42639446258545,"Unknown"
"7014855",371852,2025-11-19 19:04:33,43.3520126342773,-8.42653179168701,"Unknown"
"7014855",371852,2025-11-19 19:09:32,43.3520050048828,-8.42651271820068,"Unknown"
"7014855",371852,2025-11-19 19:14:29,43.3519058227539,-8.42626762390137,"Unknown"
"7014855",371852,2025-11-19 19:20:04,43.3520011901855,-8.4262523651123,"Unknown"
"7014855",371852,2025-11-19 19:24:29,43.3519859313965,-8.42628383636475,"Unknown"
"7014855",371852,2025-11-19 19:29:29,43.351978302002,-8.42630004882812,"Unknown"
"7014855",371852,2025-11-19 19:34:29,43.3519859313965,-8.42625617980957,"Unknown"
"7014855",371852,2025-11-19 19:39:29,43.3519706726074,-8.42626190185547,"Unknown"
"7014855",371852,2025-11-19 19:44:29,43.3520278930664,-8.42621326446533,"Unknown"
"7014855",371852,2025-11-19 19:49:29,43.3520164489746,-8.42624092102051,"Unknown"
"7014855",371852,2025-11-19 19:54:29,43.3520889282227,-8.4261999130249,"Unknown"
"7014855",371852,2025-11-19 19:59:29,43.3520126342773,-8.42627334594727,"Unknown"
"7014855",371852,2025-11-19 20:04:29,43.351978302002,-8.4262809753418,"Unknown"
"7014855",371852,2025-11-19 20:09:29,43.3520202636719,-8.42625713348389,"Unknown"
"7014855",371852,2025-11-19 20:14:29,43.3519973754883,-8.42628860473633,"Unknown"
"7014855",371852,2025-11-19 20:19:29,43.3520126342773,-8.42619800567627,"Unknown"
"7014855",371852,2025-11-19 20:24:29,43.3519973754883,-8.42622375488281,"Unknown"
"7014855",371852,2025-11-19 20:29:34,43.3519706726074,-8.42626953125,"Unknown"
"7014855",371852,2025-11-19 20:34:29,43.3520278930664,-8.42631721496582,"Unknown"
"7014855",371852,2025-11-19 20:39:29,43.3520011901855,-8.42628479003906,"Unknown"
"7014855",371852,2025-11-19 20:44:29,43.351978302002,-8.42623043060303,"Unknown"
"7014855",371852,2025-11-19 20:49:30,43.3520088195801,-8.42626953125,"Unknown"
"7014855",371852,2025-11-19 20:54:29,43.3520469665527,-8.42631149291992,"Unknown"
"7014855",371852,2025-11-19 20:59:30,43.3520545959473,-8.42637920379639,"Unknown"
"7014855",371852,2025-11-19 21:04:30,43.3520126342773,-8.42632293701172,"Unknown"
"7014855",371852,2025-11-19 21:09:31,43.3520164489746,-8.4263391494751,"Unknown"
"7014855",371852,2025-11-19 21:14:30,43.3519592285156,-8.42628479003906,"Unknown"
"7014855",371852,2025-11-19 21:19:37,43.3519706726074,-8.42632484436035,"Unknown"
"7014855",371852,2025-11-19 21:24:32,43.3521003723145,-8.42642498016357,"Unknown"
"7014855",371852,2025-11-19 21:29:40,43.3520164489746,-8.4260835647583,"Unknown"
"7014855",371852,2025-11-19 21:34:31,43.3522148132324,-8.42638111114502,"Unknown"
"7014855",371852,2025-11-19 21:39:29,43.3519439697266,-8.42620658874512,"Unknown"
"7014855",371852,2025-11-19 21:44:29,43.3520126342773,-8.42622756958008,"Unknown"
"7014855",371852,2025-11-19 21:49:40,43.3519630432129,-8.42627143859863,"Unknown"
"7014855",371852,2025-11-19 21:54:32,43.3519477844238,-8.42615413665771,"Unknown"
"7014855",371852,2025-11-19 21:59:32,43.3520774841309,-8.42640590667725,"Unknown"
"7014855",371852,2025-11-19 22:04:31,43.3519058227539,-8.42650508880615,"Unknown"
"7014855",371852,2025-11-19 22:09:34,43.352123260498,-8.42692089080811,"Unknown"
"7014855",371852,2025-11-19 22:14:35,43.3521995544434,-8.42715549468994,"Unknown"
"7014855",371852,2025-11-19 22:19:31,43.3523368835449,-8.42737579345703,"Unknown"
"7014855",371852,2025-11-19 22:24:36,43.3527870178223,-8.42879295349121,"Unknown"
"7014855",371852,2025-11-19 22:29:43,43.351978302002,-8.42599582672119,"Unknown"
"7014855",371852,2025-11-19 22:34:29,43.3520011901855,-8.4261360168457,"Unknown"
"7014855",371852,2025-11-19 22:39:30,43.3519668579102,-8.42602252960205,"Unknown"
"7014855",371852,2025-11-19 22:44:29,43.3520393371582,-8.42614936828613,"Unknown"
"7014855",371852,2025-11-19 22:49:44,43.3518829345703,-8.42597007751465,"Unknown"
"7014855",371852,2025-11-19 22:54:33,43.3522796630859,-8.42672634124756,"Unknown"
"7014855",371852,2025-11-19 22:59:31,43.3522567749023,-8.42666816711426,"Unknown"
"7014855",371852,2025-11-19 23:04:32,43.3524208068848,-8.42681121826172,"Unknown"
"7014855",371852,2025-11-19 23:09:31,43.3523025512695,-8.42658233642578,"Unknown"
"7014855",371852,2025-11-19 23:14:33,43.3524208068848,-8.42675304412842,"Unknown"
"7014855",371852,2025-11-19 23:19:45,43.3520355224609,-8.42627048492432,"Unknown"
"7014855",371852,2025-11-19 23:24:30,43.3520545959473,-8.42630290985107,"Unknown"
"7014855",371852,2025-11-19 23:29:30,43.3520202636719,-8.42624759674072,"Unknown"
"7014855",371852,2025-11-19 23:34:31,43.3520050048828,-8.42626762390137,"Unknown"
"7014855",371852,2025-11-19 23:39:31,43.3519401550293,-8.42637062072754,"Unknown"
"7014855",371852,2025-11-19 23:44:33,43.3519439697266,-8.42641735076904,"Unknown"
"7014855",371852,2025-11-19 23:49:45,43.3521041870117,-8.4262523651123,"Unknown"
"7014855",371852,2025-11-19 23:54:38,43.3521308898926,-8.42609691619873,"Unknown"
"7014855",371852,2025-11-19 23:59:33,43.3521919250488,-8.42585277557373,"Unknown"
"7014855",371852,2025-11-20 00:05:05,43.3520126342773,-8.42622947692871,"Unknown"
"7014855",371852,2025-11-20 00:09:29,43.3520050048828,-8.42627429962158,"Unknown"
"7014855",371852,2025-11-20 00:14:29,43.3520355224609,-8.42627143859863,"Unknown"
"7014855",371852,2025-11-20 00:19:29,43.3520011901855,-8.4262056350708,"Unknown"
"7014855",371852,2025-11-20 00:24:29,43.351936340332,-8.42620372772217,"Unknown"
"7014855",371852,2025-11-20 00:29:30,43.3519744873047,-8.42627906799316,"Unknown"
"7014855",371852,2025-11-20 00:34:29,43.3519897460938,-8.42629241943359,"Unknown"
"7014855",371852,2025-11-20 00:39:29,43.3521003723145,-8.4264440536499,"Unknown"
"7014855",371852,2025-11-20 00:44:30,43.3519058227539,-8.42631530761719,"Unknown"
"7014855",371852,2025-11-20 00:49:29,43.3520393371582,-8.42623805999756,"Unknown"
"7014855",371852,2025-11-20 00:54:30,43.3520584106445,-8.42639446258545,"Unknown"
"7014855",371852,2025-11-20 00:59:31,43.3519668579102,-8.42634105682373,"Unknown"
"7014855",371852,2025-11-20 01:04:33,43.3520240783691,-8.42642402648926,"Unknown"
"7014855",371852,2025-11-20 01:09:32,43.3519592285156,-8.42634582519531,"Unknown"
"7014855",371852,2025-11-20 01:14:39,43.351879119873,-8.4259672164917,"Unknown"
"7014855",371852,2025-11-20 01:19:31,43.3517532348633,-8.42538070678711,"Unknown"
"7014855",371852,2025-11-20 01:24:39,43.3519897460938,-8.42623615264893,"Unknown"
"7014855",371852,2025-11-20 01:29:38,43.3519439697266,-8.42611408233643,"Unknown"
"7014855",371852,2025-11-20 01:34:32,43.3518753051758,-8.42594146728516,"Unknown"
"7014855",371852,2025-11-20 01:39:39,43.3519439697266,-8.42623805999756,"Unknown"
"7014855",371852,2025-11-20 01:44:44,43.3519630432129,-8.42624282836914,"Unknown"
"7014855",371852,2025-11-20 01:49:30,43.3519554138184,-8.4261646270752,"Unknown"
"7014855",371852,2025-11-20 01:54:30,43.3519859313965,-8.42598915100098,"Unknown"
"7014855",371852,2025-11-20 01:59:29,43.3519744873047,-8.42611122131348,"Unknown"
"7014855",371852,2025-11-20 02:04:30,43.3520431518555,-8.42611026763916,"Unknown"
"7014855",371852,2025-11-20 02:09:30,43.3520660400391,-8.4259090423584,"Unknown"
"7014855",371852,2025-11-20 02:14:31,43.3519020080566,-8.42634201049805,"Unknown"
"7014855",371852,2025-11-20 02:19:31,43.351978302002,-8.42652702331543,"Unknown"
"7014855",371852,2025-11-20 02:29:45,43.351993560791,-8.42613697052002,"Unknown"
"7014855",371852,2025-11-20 02:40:05,43.3519821166992,-8.42617893218994,"Unknown"
"7014855",371852,2025-11-20 02:49:30,43.3519630432129,-8.42615985870361,"Unknown"
"7014855",371852,2025-11-20 02:59:30,43.3519821166992,-8.42620277404785,"Unknown"
"7014855",371852,2025-11-20 03:09:40,43.3519706726074,-8.4262056350708,"Unknown"
"7014855",371852,2025-11-20 03:20:05,43.351978302002,-8.42618942260742,"Unknown"
"7014855",371852,2025-11-20 03:29:30,43.3520164489746,-8.42626667022705,"Unknown"
"7014855",371852,2025-11-20 03:39:29,43.3519287109375,-8.42633724212646,"Unknown"
"7014855",371852,2025-11-20 03:49:30,43.3519439697266,-8.42625617980957,"Unknown"
"7014855",371852,2025-11-20 03:59:31,43.351921081543,-8.42641639709473,"Unknown"
"7014855",371852,2025-11-20 04:09:33,43.3519477844238,-8.42635726928711,"Unknown"
"7014855",371852,2025-11-20 04:19:33,43.3520622253418,-8.42631530761719,"Unknown"
"7014855",371852,2025-11-20 04:29:31,43.3519439697266,-8.42628002166748,"Unknown"
"7014855",371852,2025-11-20 04:39:45,43.3520355224609,-8.42622852325439,"Unknown"
"7014855",371852,2025-11-20 04:49:44,43.3520469665527,-8.42637157440186,"Unknown"
"7014855",371852,2025-11-20 04:59:50,43.3521499633789,-8.42637348175049,"Unknown"
"7014855",371852,2025-11-20 05:09:49,43.3521118164062,-8.42625141143799,"Unknown"
"7014855",371852,2025-11-20 05:19:35,43.3521919250488,-8.42619609832764,"Unknown"
"7014855",371852,2025-11-20 05:30:05,43.3519477844238,-8.42616939544678,"Unknown"
"7014855",371852,2025-11-20 05:39:29,43.3520431518555,-8.42624568939209,"Unknown"
"7014855",371852,2025-11-20 05:49:30,43.351879119873,-8.42604923248291,"Unknown"
"7014855",371852,2025-11-20 05:59:29,43.3518524169922,-8.42601585388184,"Unknown"
"7014855",371852,2025-11-20 06:09:35,43.352123260498,-8.42647552490234,"Unknown"
"7014855",371852,2025-11-20 06:19:34,43.3522415161133,-8.42670917510986,"Unknown"
"7014855",371852,2025-11-20 06:29:37,43.3520355224609,-8.42632579803467,"Unknown"
"7014855",371852,2025-11-20 06:39:44,43.3519821166992,-8.42610645294189,"Unknown"
"7014855",371852,2025-11-20 06:49:38,43.3520317077637,-8.42623043060303,"Unknown"
"7014855",371852,2025-11-20 06:59:38,43.3521308898926,-8.42621612548828,"Unknown"
"7014855",371852,2025-11-20 07:09:40,43.3519973754883,-8.42609214782715,"Unknown"
"7014855",371852,2025-11-20 07:19:31,43.3518829345703,-8.4257173538208,"Unknown"
"7014855",371852,2025-11-20 07:29:34,43.3518295288086,-8.4255952835083,"Unknown"
"7014855",371852,2025-11-20 07:39:33,43.3519248962402,-8.42591094970703,"Unknown"
"7014855",371852,2025-11-20 07:49:45,43.3519515991211,-8.42582416534424,"Unknown"
"7014855",371852,2025-11-20 07:59:31,43.3518524169922,-8.42557334899902,"Unknown"
"7014855",371852,2025-11-20 08:09:39,43.3518981933594,-8.42621803283691,"Unknown"
"7014855",371852,2025-11-20 08:19:41,43.3518142700195,-8.42627143859863,"Unknown"
"7014855",371852,2025-11-20 08:29:30,43.3520240783691,-8.42601776123047,"Unknown"
"7014855",371852,2025-11-20 08:39:36,43.3517608642578,-8.4263277053833,"Unknown"
"7014855",371852,2025-11-20 08:49:45,43.3511848449707,-8.42653656005859,"Unknown"
"7014855",371852,2025-11-20 09:00:05,43.3519515991211,-8.42620849609375,"Unknown"
"7014855",371852,2025-11-20 09:09:30,43.3518524169922,-8.42628955841064,"Unknown"
"7014855",371852,2025-11-20 09:19:30,43.3520660400391,-8.42623996734619,"Unknown"
"7014855",371852,2025-11-20 09:29:30,43.3519744873047,-8.42631721496582,"Unknown"
"7014855",371852,2025-11-20 09:39:30,43.3519744873047,-8.42629528045654,"Unknown"
"7014855",371852,2025-11-20 09:44:30,43.3519325256348,-8.42640113830566,"Unknown"
"7014855",371852,2025-11-20 09:49:34,43.3518600463867,-8.42634010314941,"Unknown"
"7014855",371852,2025-11-20 09:54:31,43.351978302002,-8.42618560791016,"Unknown"
"7014855",371852,2025-11-20 09:59:30,43.351921081543,-8.42627048492432,"Unknown"
"7014855",371852,2025-11-20 10:04:31,43.3519134521484,-8.4262638092041,"Unknown"
"7014855",371852,2025-11-20 10:10:05,43.3519287109375,-8.42627716064453,"Unknown"
"7014855",371852,2025-11-20 10:14:31,43.3520126342773,-8.4262638092041,"Unknown"
"7014855",371852,2025-11-20 10:19:30,43.3519706726074,-8.42621421813965,"Unknown"
"7014855",371852,2025-11-20 10:24:30,43.3519706726074,-8.42627048492432,"Unknown"
"7014855",371852,2025-11-20 10:29:31,43.3519821166992,-8.42622470855713,"Unknown"
"7014855",371852,2025-11-20 10:34:30,43.3519706726074,-8.42629146575928,"Unknown"
"7014855",371852,2025-11-20 10:39:31,43.3519744873047,-8.42616558074951,"Unknown"
"7014855",371852,2025-11-20 10:44:32,43.3519477844238,-8.42624282836914,"Unknown"
"7014855",371852,2025-11-20 10:49:30,43.3519592285156,-8.42627143859863,"Unknown"
"7014855",371852,2025-11-20 10:54:38,43.3519325256348,-8.42629051208496,"Unknown"
"7014855",371852,2025-11-20 10:59:31,43.3519248962402,-8.42623329162598,"Unknown"
"7014855",371852,2025-11-20 11:04:30,43.3518981933594,-8.42613410949707,"Unknown"
"7014855",371852,2025-11-20 11:09:30,43.3519096374512,-8.42622184753418,"Unknown"
"7014855",371852,2025-11-20 11:14:44,43.3519401550293,-8.42618274688721,"Unknown"
"7014855",371852,2025-11-20 11:19:30,43.3519973754883,-8.42624092102051,"Unknown"
"7014855",371852,2025-11-20 11:24:30,43.3520164489746,-8.42631053924561,"Unknown"
"7014855",371852,2025-11-20 11:29:31,43.3521270751953,-8.42642402648926,"Unknown"
"7014855",371852,2025-11-20 11:34:31,43.3522491455078,-8.426682472229,"Unknown"
"7014855",371852,2025-11-20 11:39:31,43.351432800293,-8.42537307739258,"Unknown"
"7014855",371852,2025-11-20 11:44:33,43.3519744873047,-8.42622852325439,"Unknown"
"7014855",371852,2025-11-20 11:49:44,43.3520202636719,-8.42622947692871,"Unknown"
"7014855",371852,2025-11-20 11:54:34,43.351978302002,-8.42619609832764,"Unknown"
"7014855",371852,2025-11-20 11:59:30,43.3519058227539,-8.42617893218994,"Unknown"
"7014855",371852,2025-11-20 12:04:30,43.351978302002,-8.42613887786865,"Unknown"
"7014855",371852,2025-11-20 12:09:30,43.3522796630859,-8.42692279815674,"Unknown"
"7014855",371852,2025-11-20 12:14:31,43.3521423339844,-8.42655849456787,"Unknown"
"7014855",371852,2025-11-20 12:19:41,43.3519859313965,-8.42615795135498,"Unknown"
"7014855",371852,2025-11-20 12:24:31,43.3519744873047,-8.42637157440186,"Unknown"
"7014855",371852,2025-11-20 12:29:34,43.3519096374512,-8.42605590820312,"Unknown"
"7014855",371852,2025-11-20 12:34:31,43.3519515991211,-8.42659282684326,"Unknown"
"7014855",371852,2025-11-20 12:39:33,43.351936340332,-8.42634773254395,"Unknown"
"7014855",371852,2025-11-20 12:44:34,43.3520126342773,-8.42601490020752,"Unknown"
"7014855",371852,2025-11-20 12:49:44,43.3520011901855,-8.42600154876709,"Unknown"
"7014855",371852,2025-11-20 12:54:31,43.3520126342773,-8.42594051361084,"Unknown"
"7014855",371852,2025-11-20 12:59:39,43.3520317077637,-8.42599964141846,"Unknown"
"7014855",371852,2025-11-20 13:04:39,43.3520355224609,-8.42592430114746,"Unknown"
"7014855",371852,2025-11-20 13:09:39,43.3520736694336,-8.42588520050049,"Unknown"
"7014855",371852,2025-11-20 13:14:39,43.3519973754883,-8.42599105834961,"Unknown"
"7014855",371852,2025-11-20 13:19:39,43.3520240783691,-8.42610836029053,"Unknown"
"7014855",371852,2025-11-20 13:24:43,43.3520812988281,-8.42607307434082,"Unknown"
"7014855",371852,2025-11-20 13:30:05,43.3519554138184,-8.42616558074951,"Unknown"
"7014855",371852,2025-11-20 13:34:30,43.351993560791,-8.42621803283691,"Unknown"
"7014855",371852,2025-11-20 13:39:31,43.3519477844238,-8.4262170791626,"Unknown"
"7014855",371852,2025-11-20 13:44:31,43.3519821166992,-8.42618274688721,"Unknown"
"7014855",371852,2025-11-20 13:49:32,43.3520088195801,-8.42622375488281,"Unknown"
"7014855",371852,2025-11-20 13:54:31,43.3518218994141,-8.4261417388916,"Unknown"
"7014855",371852,2025-11-20 13:59:33,43.3517684936523,-8.42604351043701,"Unknown"
"7014855",371852,2025-11-20 14:04:32,43.3519515991211,-8.42612648010254,"Unknown"
"7014855",371852,2025-11-20 14:09:30,43.3520126342773,-8.42619323730469,"Unknown"
"7014855",371852,2025-11-20 14:14:37,43.3520050048828,-8.42620468139648,"Unknown"
"7014855",371852,2025-11-20 14:19:37,43.3520469665527,-8.42620182037354,"Unknown"
"7014855",371852,2025-11-20 14:24:37,43.3520469665527,-8.42623233795166,"Unknown"
"7014855",371852,2025-11-20 14:29:37,43.3520774841309,-8.42624855041504,"Unknown"
"7014855",371852,2025-11-20 14:35:05,43.3520393371582,-8.42622661590576,"Unknown"
"7014855",371852,2025-11-20 14:39:31,43.3520050048828,-8.42621231079102,"Unknown"
"7014855",371852,2025-11-20 14:44:30,43.3519706726074,-8.42623424530029,"Unknown"
"7014855",371852,2025-11-20 14:49:30,43.3519668579102,-8.4261589050293,"Unknown"
"7014855",371852,2025-11-20 14:54:30,43.3519859313965,-8.42617225646973,"Unknown"
"7014855",371852,2025-11-20 14:59:30,43.3519973754883,-8.42619800567627,"Unknown"
"7014855",371852,2025-11-20 15:04:30,43.3520469665527,-8.4261589050293,"Unknown"
"7014855",371852,2025-11-20 15:09:30,43.3519706726074,-8.42611885070801,"Unknown"
"7014855",371852,2025-11-20 15:14:31,43.3520393371582,-8.42610645294189,"Unknown"
"7014855",371852,2025-11-20 15:19:31,43.3519592285156,-8.42621803283691,"Unknown"
"7014855",371852,2025-11-20 15:24:30,43.3520202636719,-8.42617321014404,"Unknown"
"7014855",371852,2025-11-20 15:29:31,43.3519897460938,-8.426194190979,"Unknown"
"7014855",371852,2025-11-20 15:34:31,43.351978302002,-8.42627906799316,"Unknown"
"7014855",371852,2025-11-20 15:39:30,43.3520088195801,-8.4262056350708,"Unknown"
"7014855",371852,2025-11-20 15:44:33,43.3520088195801,-8.42628574371338,"Unknown"
"7014855",371852,2025-11-20 15:49:32,43.3519325256348,-8.42638778686523,"Unknown"
"7014855",371852,2025-11-20 15:54:34,43.3519668579102,-8.42614650726318,"Unknown"
"7014855",371852,2025-11-20 15:59:30,43.3520088195801,-8.4261417388916,"Unknown"
"7014855",371852,2025-11-20 16:04:31,43.3520164489746,-8.42629241943359,"Unknown"
"7014855",371852,2025-11-20 16:09:33,43.3519554138184,-8.42615032196045,"Unknown"
"7014855",371852,2025-11-20 16:14:30,43.3518753051758,-8.42608833312988,"Unknown"
"7014855",371852,2025-11-20 16:19:31,43.3518753051758,-8.42614459991455,"Unknown"
"7014855",371852,2025-11-20 16:24:32,43.3519020080566,-8.42615699768066,"Unknown"
"7014855",371852,2025-11-20 16:29:34,43.3518753051758,-8.42603206634521,"Unknown"
"7014855",371852,2025-11-20 16:34:43,43.3519897460938,-8.42616653442383,"Unknown"
"7014855",371852,2025-11-20 16:39:48,43.3521308898926,-8.42634201049805,"Unknown"
"7014855",371852,2025-11-20 16:45:05,43.3519897460938,-8.42619895935059,"Unknown"
"7014855",371852,2025-11-20 16:49:37,43.3519859313965,-8.42618942260742,"Unknown"
"7014855",371852,2025-11-20 16:54:31,43.3520278930664,-8.42625522613525,"Unknown"
"7014855",371852,2025-11-20 16:59:33,43.3519058227539,-8.42617225646973,"Unknown"
"7014855",371852,2025-11-20 17:04:31,43.3519515991211,-8.42624568939209,"Unknown"
"7014855",371852,2025-11-20 17:09:30,43.3517913818359,-8.42600440979004,"Unknown"
"7014855",371852,2025-11-20 17:14:30,43.3519058227539,-8.42608451843262,"Unknown"
"7014855",371852,2025-11-20 17:19:34,43.3519897460938,-8.42617988586426,"Unknown"
"7014855",371852,2025-11-20 17:24:37,43.3518104553223,-8.42610645294189,"Unknown"
"7014855",371852,2025-11-20 17:29:34,43.3519287109375,-8.42616271972656,"Unknown"
"7014855",371852,2025-11-20 17:34:31,43.3519439697266,-8.42617702484131,"Unknown"
"7014855",371852,2025-11-20 17:39:38,43.3520698547363,-8.4262523651123,"Unknown"
"7014855",371852,2025-11-20 17:45:01,43.3520469665527,-8.42624664306641,"Unknown"
"7014855",371852,2025-11-20 17:49:31,43.3521423339844,-8.42633724212646,"Unknown"
"7014855",371852,2025-11-20 17:54:31,43.3520317077637,-8.42620086669922,"Unknown"
"7014855",371852,2025-11-20 17:59:30,43.3518676757812,-8.42611217498779,"Unknown"
"7014855",371852,2025-11-20 18:04:30,43.3519859313965,-8.42602920532227,"Unknown"
"7014855",371852,2025-11-20 18:09:31,43.351936340332,-8.42595386505127,"Unknown"
"7014855",371852,2025-11-20 18:14:37,43.3518447875977,-8.42622661590576,"Unknown"
"7014855",371852,2025-11-20 18:19:32,43.3519859313965,-8.42620849609375,"Unknown"
"7014855",371852,2025-11-20 18:24:37,43.3518753051758,-8.42616081237793,"Unknown"
"7014855",371852,2025-11-20 18:29:39,43.3519096374512,-8.42599773406982,"Unknown"
"7014855",371852,2025-11-20 18:34:39,43.3519172668457,-8.42589378356934,"Unknown"
"7014855",371852,2025-11-20 18:39:39,43.3518905639648,-8.42596626281738,"Unknown"
"7014855",371852,2025-11-20 18:44:40,43.3519287109375,-8.42632579803467,"Unknown"
"7014855",371852,2025-11-20 18:49:33,43.352123260498,-8.42655277252197,"Unknown"
"7014855",371852,2025-11-20 18:54:34,43.3518486022949,-8.42624664306641,"Unknown"
"7014855",371852,2025-11-20 18:59:36,43.351879119873,-8.42655563354492,"Unknown"
"7014855",371852,2025-11-20 19:04:37,43.3519630432129,-8.42654991149902,"Unknown"
"7014855",371852,2025-11-20 19:09:37,43.3526992797852,-8.42823600769043,"Unknown"
"7014855",371852,2025-11-20 19:14:43,43.35205078125,-8.42660617828369,"Unknown"
"7014855",371852,2025-11-20 19:19:31,43.3520202636719,-8.42639350891113,"Unknown"
"7014855",371852,2025-11-20 19:24:31,43.3521690368652,-8.42677783966064,"Unknown"
"7014855",371852,2025-11-20 19:30:05,43.3520393371582,-8.42651557922363,"Unknown"
"7014855",371852,2025-11-20 19:34:30,43.3519859313965,-8.42628479003906,"Unknown"
"7014855",371852,2025-11-20 19:39:31,43.3520088195801,-8.42628765106201,"Unknown"
"7014855",371852,2025-11-20 19:44:30,43.3521194458008,-8.42623901367188,"Unknown"
"7014855",371852,2025-11-20 19:49:30,43.3521194458008,-8.42625331878662,"Unknown"
"7014855",371852,2025-11-20 19:54:30,43.3521270751953,-8.42628002166748,"Unknown"
"7014855",371852,2025-11-20 19:59:30,43.3520927429199,-8.42632293701172,"Unknown"
"7014855",371852,2025-11-20 20:04:30,43.3521347045898,-8.42631340026855,"Unknown"
"7014855",371852,2025-11-20 20:09:30,43.352108001709,-8.42626476287842,"Unknown"
"7014855",371852,2025-11-20 20:14:30,43.3520774841309,-8.42634963989258,"Unknown"
"7014855",371852,2025-11-20 20:19:30,43.3520812988281,-8.42629051208496,"Unknown"
"7014855",371852,2025-11-20 20:24:30,43.3520812988281,-8.42628288269043,"Unknown"
"7014855",371852,2025-11-20 20:29:36,43.3520736694336,-8.42634391784668,"Unknown"
"7014855",371852,2025-11-20 20:34:30,43.3520660400391,-8.42641258239746,"Unknown"
"7014855",371852,2025-11-20 20:39:30,43.3520965576172,-8.42649078369141,"Unknown"
"7014855",371852,2025-11-20 20:44:30,43.3521003723145,-8.42640686035156,"Unknown"
"7014855",371852,2025-11-20 20:49:30,43.3521385192871,-8.42638111114502,"Unknown"
"7014855",371852,2025-11-20 20:54:30,43.3520927429199,-8.42635345458984,"Unknown"
"7014855",371852,2025-11-20 20:59:39,43.3520126342773,-8.42639636993408,"Unknown"
"7014855",371852,2025-11-20 21:04:44,43.3520126342773,-8.42626857757568,"Unknown"
"7014855",371852,2025-11-20 21:09:30,43.3519744873047,-8.42624473571777,"Unknown"
"7014855",371852,2025-11-20 21:14:31,43.3520011901855,-8.42631435394287,"Unknown"
"7014855",371852,2025-11-20 21:19:31,43.3519096374512,-8.42613792419434,"Unknown"
"7014855",371852,2025-11-20 21:24:30,43.3519287109375,-8.42626285552979,"Unknown"
"7014855",371852,2025-11-20 21:29:31,43.351936340332,-8.42631721496582,"Unknown"
"7014855",371852,2025-11-20 21:34:30,43.3518981933594,-8.42619514465332,"Unknown"
"7014855",371852,2025-11-20 21:39:30,43.3519096374512,-8.42623424530029,"Unknown"
"7014855",371852,2025-11-20 21:44:31,43.3518714904785,-8.42618083953857,"Unknown"
"7014855",371852,2025-11-20 21:49:44,43.3519744873047,-8.42620658874512,"Unknown"
"7014855",371852,2025-11-20 21:54:30,43.3518447875977,-8.42597675323486,"Unknown"
"7014855",371852,2025-11-20 21:59:31,43.3519744873047,-8.42614269256592,"Unknown"
"7014855",371852,2025-11-20 22:04:31,43.3519554138184,-8.42617893218994,"Unknown"
"7014855",371852,2025-11-20 22:09:33,43.3519248962402,-8.42614555358887,"Unknown"
"7014855",371852,2025-11-20 22:14:33,43.351936340332,-8.42630863189697,"Unknown"
"7014855",371852,2025-11-20 22:19:33,43.3519172668457,-8.4261360168457,"Unknown"
"7014855",371852,2025-11-20 22:24:39,43.3519477844238,-8.42626857757568,"Unknown"
"7014855",371852,2025-11-20 22:29:33,43.3520889282227,-8.42660808563232,"Unknown"
"7014855",371852,2025-11-20 22:34:39,43.3520126342773,-8.4263858795166,"Unknown"
"7014855",371852,2025-11-20 22:39:34,43.3520202636719,-8.42635536193848,"Unknown"
"7014855",371852,2025-11-20 22:44:39,43.3520469665527,-8.42642974853516,"Unknown"
"7014855",371852,2025-11-20 22:50:05,43.3519668579102,-8.42621898651123,"Unknown"
"7014855",371852,2025-11-20 22:54:30,43.351978302002,-8.42623996734619,"Unknown"
"7014855",371852,2025-11-20 22:59:30,43.351936340332,-8.4262866973877,"Unknown"
"7014855",371852,2025-11-20 23:04:30,43.3520355224609,-8.42626953125,"Unknown"
"7014855",371852,2025-11-20 23:09:30,43.3520278930664,-8.42635154724121,"Unknown"
"7014855",371852,2025-11-20 23:14:30,43.351978302002,-8.42629146575928,"Unknown"
"7014855",371852,2025-11-20 23:19:30,43.3520393371582,-8.42627239227295,"Unknown"
"7014855",371852,2025-11-20 23:24:30,43.3519859313965,-8.42628383636475,"Unknown"
"7014855",371852,2025-11-20 23:29:30,43.3519973754883,-8.42637062072754,"Unknown"
"7014855",371852,2025-11-20 23:34:30,43.3520088195801,-8.42631530761719,"Unknown"
"7014855",371852,2025-11-20 23:39:30,43.3519439697266,-8.42618274688721,"Unknown"
"7014855",371852,2025-11-20 23:44:30,43.3519897460938,-8.42635917663574,"Unknown"
"7014855",371852,2025-11-20 23:49:30,43.3520278930664,-8.42632865905762,"Unknown"
"7014855",371852,2025-11-20 23:54:30,43.3519821166992,-8.42632865905762,"Unknown"
"7014855",371852,2025-11-20 23:59:30,43.3520126342773,-8.42641735076904,"Unknown"
"7014855",371852,2025-11-21 00:04:30,43.3520011901855,-8.42635345458984,"Unknown"
"7014855",371852,2025-11-21 00:09:30,43.3519554138184,-8.42629909515381,"Unknown"
"7014855",371852,2025-11-21 00:14:30,43.3520126342773,-8.42634296417236,"Unknown"
"7014855",371852,2025-11-21 00:19:30,43.3519821166992,-8.4263277053833,"Unknown"
"7014855",371852,2025-11-21 00:24:30,43.35205078125,-8.42634010314941,"Unknown"
"7014855",371852,2025-11-21 00:29:30,43.3520545959473,-8.42630672454834,"Unknown"
"7014855",371852,2025-11-21 00:34:30,43.3520240783691,-8.42628192901611,"Unknown"
"7014855",371852,2025-11-21 00:39:30,43.3519744873047,-8.42626953125,"Unknown"
"7014855",371852,2025-11-21 00:44:30,43.3520011901855,-8.4262228012085,"Unknown"
"7014855",371852,2025-11-21 00:49:30,43.3519630432129,-8.42627716064453,"Unknown"
"7014855",371852,2025-11-21 00:54:31,43.3520660400391,-8.42620182037354,"Unknown"
"7014855",371852,2025-11-21 00:59:33,43.3520317077637,-8.42623901367188,"Unknown"
"7014855",371852,2025-11-21 01:04:34,43.3519706726074,-8.4261531829834,"Unknown"
"7014855",371852,2025-11-21 01:09:34,43.3519134521484,-8.42615509033203,"Unknown"
"7014855",371852,2025-11-21 01:14:39,43.3519859313965,-8.42617416381836,"Unknown"
"7014855",371852,2025-11-21 01:19:33,43.3517913818359,-8.42569732666016,"Unknown"
"7014855",371852,2025-11-21 01:24:40,43.3519744873047,-8.42613792419434,"Unknown"
"7014855",371852,2025-11-21 01:29:31,43.3520622253418,-8.42626094818115,"Unknown"
"7014855",371852,2025-11-21 01:34:33,43.3520355224609,-8.42619037628174,"Unknown"
"7014855",371852,2025-11-21 01:40:05,43.3519859313965,-8.42627048492432,"Unknown"
"7014855",371852,2025-11-21 01:44:31,43.351993560791,-8.426344871521,"Unknown"
"7014855",371852,2025-11-21 01:49:31,43.3520355224609,-8.42613315582275,"Unknown"
"7014855",371852,2025-11-21 01:54:31,43.3520164489746,-8.42621994018555,"Unknown"
"7014855",371852,2025-11-21 01:59:34,43.3520164489746,-8.42612457275391,"Unknown"
"7014855",371852,2025-11-21 02:04:31,43.3520545959473,-8.42619132995605,"Unknown"
"7014855",371852,2025-11-21 02:09:32,43.3519287109375,-8.42635345458984,"Unknown"
"7014855",371852,2025-11-21 02:14:32,43.3519554138184,-8.42609405517578,"Unknown"
"7014855",371852,2025-11-21 02:19:37,43.3520164489746,-8.42620658874512,"Unknown"
"7014855",371852,2025-11-21 02:24:36,43.3520088195801,-8.42619800567627,"Unknown"
"7014855",371852,2025-11-21 02:29:37,43.352108001709,-8.42617893218994,"Unknown"
"7014855",371852,2025-11-21 02:35:05,43.3519592285156,-8.42619895935059,"Unknown"
"7014855",371852,2025-11-21 02:39:35,43.3518905639648,-8.42619514465332,"Unknown"
"7014855",371852,2025-11-21 02:44:35,43.351978302002,-8.42623519897461,"Unknown"
"7014855",371852,2025-11-21 02:49:32,43.3517684936523,-8.42612266540527,"Unknown"
"7014855",371852,2025-11-21 02:54:33,43.3520317077637,-8.42624664306641,"Unknown"
"7014855",371852,2025-11-21 02:59:32,43.3519630432129,-8.42623233795166,"Unknown"
"7014855",371852,2025-11-21 03:04:32,43.35205078125,-8.42627143859863,"Unknown"
"7014855",371852,2025-11-21 03:09:32,43.3521385192871,-8.4262866973877,"Unknown"
"7014855",371852,2025-11-21 03:14:32,43.3522415161133,-8.42631435394287,"Unknown"
"7014855",371852,2025-11-21 03:19:32,43.3519172668457,-8.42655944824219,"Unknown"
"7014855",371852,2025-11-21 03:24:32,43.3519973754883,-8.4266357421875,"Unknown"
"7014855",371852,2025-11-21 03:29:34,43.3520660400391,-8.42675971984863,"Unknown"
"7014855",371852,2025-11-21 03:34:32,43.3520545959473,-8.42692184448242,"Unknown"
"7014855",371852,2025-11-21 03:39:32,43.3516502380371,-8.42632007598877,"Unknown"
"7014855",371852,2025-11-21 03:44:36,43.351863861084,-8.42660808563232,"Unknown"
"7014855",371852,2025-11-21 03:49:40,43.3507270812988,-8.42667198181152,"Unknown"
"7014855",371852,2025-11-21 03:55:05,43.3519096374512,-8.42623996734619,"Unknown"
"7014855",371852,2025-11-21 03:59:31,43.3519668579102,-8.42620372772217,"Unknown"
"7014855",371852,2025-11-21 04:04:30,43.3519172668457,-8.42629623413086,"Unknown"
"7014855",371852,2025-11-21 04:09:30,43.3518028259277,-8.42614555358887,"Unknown"
"7014855",371852,2025-11-21 04:14:32,43.3519439697266,-8.42624568939209,"Unknown"
"7014855",371852,2025-11-21 04:19:30,43.351863861084,-8.42616844177246,"Unknown"
"7014855",371852,2025-11-21 04:24:32,43.3518753051758,-8.4262580871582,"Unknown"
"7014855",371852,2025-11-21 04:29:32,43.3518486022949,-8.42624664306641,"Unknown"
"7014855",371852,2025-11-21 04:34:37,43.3519248962402,-8.42621994018555,"Unknown"
"7014855",371852,2025-11-21 04:39:31,43.3519897460938,-8.42635440826416,"Unknown"
"7014855",371852,2025-11-21 04:44:33,43.3519401550293,-8.4261999130249,"Unknown"
"7014855",371852,2025-11-21 04:49:31,43.3518104553223,-8.42601299285889,"Unknown"
"7014855",371852,2025-11-21 04:54:33,43.3518905639648,-8.42625331878662,"Unknown"
"7014855",371852,2025-11-21 04:59:42,43.3520851135254,-8.42628192901611,"Unknown"
"7014855",371852,2025-11-21 05:04:31,43.352165222168,-8.4264030456543,"Unknown"
"7014855",371852,2025-11-21 05:09:32,43.3519096374512,-8.4262170791626,"Unknown"
"7014855",371852,2025-11-21 05:14:32,43.3517532348633,-8.42610359191895,"Unknown"
"7014855",371852,2025-11-21 05:19:32,43.3518180847168,-8.42612838745117,"Unknown"
"7014855",371852,2025-11-21 05:24:34,43.3520393371582,-8.42629241943359,"Unknown"
"7014855",371852,2025-11-21 05:29:39,43.3521156311035,-8.4265193939209,"Unknown"
"7014855",371852,2025-11-21 05:34:31,43.3521919250488,-8.42648887634277,"Unknown"
"7014855",371852,2025-11-21 05:39:31,43.3521156311035,-8.42636680603027,"Unknown"
"7014855",371852,2025-11-21 05:44:32,43.3523101806641,-8.42649078369141,"Unknown"
"7014855",371852,2025-11-21 05:49:31,43.351936340332,-8.42620182037354,"Unknown"
"7014855",371852,2025-11-21 05:54:30,43.3514404296875,-8.42559242248535,"Unknown"
"7014855",371852,2025-11-21 05:59:30,43.3518524169922,-8.42607402801514,"Unknown"
"7014855",371852,2025-11-21 06:04:44,43.351978302002,-8.42619514465332,"Unknown"
"7014855",371852,2025-11-21 06:09:31,43.3520278930664,-8.42624092102051,"Unknown"
"7014855",371852,2025-11-21 06:14:31,43.3520317077637,-8.42624950408936,"Unknown"
"7014855",371852,2025-11-21 06:19:32,43.3520126342773,-8.42631530761719,"Unknown"
"7014855",371852,2025-11-21 06:24:39,43.351921081543,-8.42617988586426,"Unknown"
"7014855",371852,2025-11-21 06:29:40,43.3519325256348,-8.42625427246094,"Unknown"
"7014855",371852,2025-11-21 06:34:32,43.3519287109375,-8.42628479003906,"Unknown"
"7014855",371852,2025-11-21 06:39:37,43.3519592285156,-8.42635345458984,"Unknown"
"7014855",371852,2025-11-21 06:44:34,43.3520278930664,-8.42626285552979,"Unknown"
"7014855",371852,2025-11-21 06:49:45,43.3518218994141,-8.42628574371338,"Unknown"
"7014855",371852,2025-11-21 06:54:34,43.3519172668457,-8.42616748809814,"Unknown"
"7014855",371852,2025-11-21 06:59:33,43.351863861084,-8.42622089385986,"Unknown"
"7014855",371852,2025-11-21 07:04:31,43.3517799377441,-8.42624092102051,"Unknown"
"7014855",371852,2025-11-21 07:09:33,43.3518142700195,-8.42624568939209,"Unknown"
"7014855",371852,2025-11-21 07:14:33,43.3518180847168,-8.42626571655273,"Unknown"
"7014855",371852,2025-11-21 07:19:32,43.3518829345703,-8.42624282836914,"Unknown"
"7014855",371852,2025-11-21 07:24:45,43.3518104553223,-8.42623710632324,"Unknown"
"7014855",371852,2025-11-21 07:29:32,43.3518600463867,-8.42612743377686,"Unknown"
"7014855",371852,2025-11-21 07:34:48,43.3537788391113,-8.42616748809814,"Unknown"
"7014855",371852,2025-11-21 07:39:54,43.3529014587402,-8.42627334594727,"Unknown"
"7014855",371852,2025-11-21 07:44:39,43.3525466918945,-8.42622947692871,"Unknown"
"7014855",371852,2025-11-21 07:49:34,43.3522186279297,-8.42632579803467,"Unknown"
"7014855",371852,2025-11-21 07:54:32,43.3522796630859,-8.42626190185547,"Unknown"
"7014855",371852,2025-11-21 07:59:32,43.3520736694336,-8.42636775970459,"Unknown"
"7014855",371852,2025-11-21 08:05:05,43.3520050048828,-8.42624473571777,"Unknown"
"7014855",371852,2025-11-21 08:09:31,43.3520889282227,-8.42626476287842,"Unknown"
"7014855",371852,2025-11-21 08:14:31,43.3519554138184,-8.42628192901611,"Unknown"
"7014855",371852,2025-11-21 08:24:31,43.3520088195801,-8.42625331878662,"Unknown"
"7014855",371852,2025-11-21 08:29:31,43.351978302002,-8.42627906799316,"Unknown"
"7014855",371852,2025-11-21 08:34:31,43.3519477844238,-8.42626953125,"Unknown"
"7014855",371852,2025-11-21 08:39:31,43.3519477844238,-8.42617130279541,"Unknown"
"7014855",371852,2025-11-21 08:44:31,43.3519630432129,-8.42611694335938,"Unknown"
"7014855",371852,2025-11-21 08:49:31,43.3520126342773,-8.42627906799316,"Unknown"
"7014855",371852,2025-11-21 08:54:31,43.3519821166992,-8.42624759674072,"Unknown"
"7014855",371852,2025-11-21 08:59:31,43.3519592285156,-8.42625713348389,"Unknown"
"7014855",371852,2025-11-21 09:04:36,43.3519515991211,-8.42623138427734,"Unknown"
"7014855",371852,2025-11-21 09:09:31,43.3519477844238,-8.4262056350708,"Unknown"
"7014855",371852,2025-11-21 09:14:31,43.3519325256348,-8.42617988586426,"Unknown"
"7014855",371852,2025-11-21 09:19:31,43.3519325256348,-8.42628002166748,"Unknown"
"7014855",371852,2025-11-21 09:24:31,43.3519630432129,-8.42625617980957,"Unknown"
"7014855",371852,2025-11-21 09:29:31,43.3520698547363,-8.42653274536133,"Unknown"
"7014855",371852,2025-11-21 09:34:34,43.3519477844238,-8.42618083953857,"Unknown"
"7014855",371852,2025-11-21 09:39:31,43.3519248962402,-8.42634582519531,"Unknown"
"7014855",371852,2025-11-21 09:44:31,43.3519248962402,-8.42616367340088,"Unknown"
"7014855",371852,2025-11-21 09:49:44,43.3519439697266,-8.42624378204346,"Unknown"
"7014855",371852,2025-11-21 09:54:34,43.351936340332,-8.42633819580078,"Unknown"
"7014855",371852,2025-11-21 09:59:31,43.3519668579102,-8.4263277053833,"Unknown"
"7014855",371852,2025-11-21 10:04:34,43.351993560791,-8.42645168304443,"Unknown"
"7014855",371852,2025-11-21 10:09:33,43.3517379760742,-8.42568397521973,"Unknown"
"7014855",371852,2025-11-21 10:14:33,43.3519897460938,-8.42630290985107,"Unknown"
"7014855",371852,2025-11-21 10:19:33,43.3519325256348,-8.42626094818115,"Unknown"
"7014855",371852,2025-11-21 10:24:33,43.3519096374512,-8.42607879638672,"Unknown"
"7014855",371852,2025-11-21 10:29:34,43.3518753051758,-8.42603588104248,"Unknown"
"7014855",371852,2025-11-21 10:34:44,43.3519554138184,-8.42629146575928,"Unknown"
"7014855",371852,2025-11-21 10:39:31,43.3519172668457,-8.42618846893311,"Unknown"
"7014855",371852,2025-11-21 10:44:32,43.3519592285156,-8.42619323730469,"Unknown"
"7014855",371852,2025-11-21 10:49:31,43.3519401550293,-8.42623519897461,"Unknown"
"7014855",371852,2025-11-21 10:54:32,43.3518905639648,-8.42612552642822,"Unknown"
"7014855",371852,2025-11-21 10:59:32,43.3519821166992,-8.42619132995605,"Unknown"
"7014855",371852,2025-11-21 11:04:32,43.3517875671387,-8.42584323883057,"Unknown"
"7014855",371852,2025-11-21 11:09:33,43.3519897460938,-8.42615985870361,"Unknown"
"7014855",371852,2025-11-21 11:14:32,43.3521270751953,-8.42645168304443,"Unknown"
"7014855",371852,2025-11-21 11:20:04,43.3518943786621,-8.4260425567627,"Unknown"
"7014855",371852,2025-11-21 11:24:31,43.3519439697266,-8.42615413665771,"Unknown"
"7014855",371852,2025-11-21 11:29:31,43.3519058227539,-8.426025390625,"Unknown"
"7014855",371852,2025-11-21 11:34:31,43.3519287109375,-8.42612934112549,"Unknown"
"7014855",371852,2025-11-21 11:39:31,43.351978302002,-8.42618179321289,"Unknown"
"7014855",371852,2025-11-21 11:44:31,43.3519401550293,-8.42606258392334,"Unknown"
"7014855",371852,2025-11-21 11:49:44,43.3519668579102,-8.42614078521729,"Unknown"
"7014855",371852,2025-11-21 11:54:36,43.3519592285156,-8.42612648010254,"Unknown"
"7014855",371852,2025-11-21 11:59:34,43.3519706726074,-8.42628479003906,"Unknown"
"7014855",371852,2025-11-21 12:04:34,43.3519973754883,-8.42611789703369,"Unknown"
"7014855",371852,2025-11-21 12:09:34,43.3519706726074,-8.42609405517578,"Unknown"
"7014855",371852,2025-11-21 12:14:44,43.3519592285156,-8.42614364624023,"Unknown"
"7014855",371852,2025-11-21 12:19:32,43.3519706726074,-8.42624950408936,"Unknown"
"7014855",371852,2025-11-21 12:24:32,43.3519897460938,-8.42601013183594,"Unknown"
"7014855",371852,2025-11-21 12:29:31,43.3519706726074,-8.42607498168945,"Unknown"
"7014855",371852,2025-11-21 12:34:32,43.3519554138184,-8.42622566223145,"Unknown"
"7014855",371852,2025-11-21 12:39:32,43.3519859313965,-8.42632293701172,"Unknown"
"7014855",371852,2025-11-21 12:44:37,43.3520317077637,-8.42615795135498,"Unknown"
"7014855",371852,2025-11-21 12:49:44,43.351993560791,-8.42620944976807,"Unknown"
"7014855",371852,2025-11-21 12:54:39,43.3520088195801,-8.42642688751221,"Unknown"
"7014855",371852,2025-11-21 12:59:39,43.3519630432129,-8.4263219833374,"Unknown"
"7014855",371852,2025-11-21 13:04:39,43.3519668579102,-8.42656898498535,"Unknown"
"7014855",371852,2025-11-21 13:09:43,43.3520050048828,-8.42616367340088,"Unknown"
"7014855",371852,2025-11-21 13:14:39,43.3520622253418,-8.42659950256348,"Unknown"
"7014855",371852,2025-11-21 13:19:40,43.3520431518555,-8.4257116317749,"Unknown"
"7014855",371852,2025-11-21 13:25:04,43.3519821166992,-8.42612648010254,"Unknown"
"7014855",371852,2025-11-21 13:29:32,43.3517799377441,-8.426025390625,"Unknown"
"7014855",371852,2025-11-21 13:34:40,43.3519821166992,-8.4262228012085,"Unknown"
"7014855",371852,2025-11-21 13:39:40,43.3520278930664,-8.42623805999756,"Unknown"
"7014855",371852,2025-11-21 13:44:36,43.3519401550293,-8.42627620697021,"Unknown"
"7014855",371852,2025-11-21 13:49:35,43.3523750305176,-8.42661476135254,"Unknown"
"7014855",371852,2025-11-21 13:54:32,43.3518714904785,-8.42627239227295,"Unknown"
"7014855",371852,2025-11-21 13:59:40,43.3519554138184,-8.42617702484131,"Unknown"
"7014855",371852,2025-11-21 14:05:05,43.3520126342773,-8.42620754241943,"Unknown"
"7014855",371852,2025-11-21 14:09:31,43.352108001709,-8.42624378204346,"Unknown"
"7014855",371852,2025-11-21 14:14:31,43.3519706726074,-8.42611503601074,"Unknown"
"7014855",371852,2025-11-21 14:19:31,43.3520660400391,-8.42628860473633,"Unknown"
"7014855",371852,2025-11-21 14:24:31,43.3520469665527,-8.42618656158447,"Unknown"
"7014855",371852,2025-11-21 14:29:32,43.3520812988281,-8.42621517181396,"Unknown"
"7014855",371852,2025-11-21 14:34:32,43.3521194458008,-8.42625427246094,"Unknown"
"7014855",371852,2025-11-21 14:39:33,43.3521423339844,-8.42614555358887,"Unknown"
"7014855",371852,2025-11-21 14:44:33,43.3519706726074,-8.42621517181396,"Unknown"
"7014855",371852,2025-11-21 14:49:31,43.3519744873047,-8.42622470855713,"Unknown"
"7014855",371852,2025-11-21 14:54:34,43.3519554138184,-8.42622375488281,"Unknown"
"7014855",371852,2025-11-21 14:59:33,43.3520278930664,-8.42627143859863,"Unknown"
"7014855",371852,2025-11-21 15:04:32,43.3519248962402,-8.42620944976807,"Unknown"
"7014855",371852,2025-11-21 15:09:32,43.3519515991211,-8.42626571655273,"Unknown"
"7014855",371852,2025-11-21 15:14:32,43.3519134521484,-8.42631721496582,"Unknown"
"7014855",371852,2025-11-21 15:19:33,43.351863861084,-8.42640018463135,"Unknown"
"7014855",371852,2025-11-21 15:25:05,43.3520164489746,-8.42618083953857,"Unknown"
"7014855",371852,2025-11-21 15:29:32,43.3519859313965,-8.42618274688721,"Unknown"
"7014855",371852,2025-11-21 15:34:31,43.3519554138184,-8.42614459991455,"Unknown"
"7014855",371852,2025-11-21 15:39:31,43.351978302002,-8.42621326446533,"Unknown"
"7014855",371852,2025-11-21 15:44:31,43.351936340332,-8.42624950408936,"Unknown"
"7014855",371852,2025-11-21 15:49:31,43.3520011901855,-8.42618465423584,"Unknown"
"7014855",371852,2025-11-21 15:54:31,43.3520202636719,-8.42619132995605,"Unknown"
"7014855",371852,2025-11-21 15:59:31,43.3519630432129,-8.42622756958008,"Unknown"
"7014855",371852,2025-11-21 16:04:31,43.3520240783691,-8.42618465423584,"Unknown"
"7014855",371852,2025-11-21 16:09:31,43.3519477844238,-8.42621898651123,"Unknown"
"7014855",371852,2025-11-21 16:14:39,43.3519515991211,-8.4261589050293,"Unknown"
"7014855",371852,2025-11-21 16:19:36,43.3519706726074,-8.426194190979,"Unknown"
"7014855",371852,2025-11-21 16:24:34,43.3519706726074,-8.42626190185547,"Unknown"
"7014855",371852,2025-11-21 16:29:44,43.351978302002,-8.4262638092041,"Unknown"
"7014855",371852,2025-11-21 16:34:31,43.3519172668457,-8.42619895935059,"Unknown"
"7014855",371852,2025-11-21 16:39:31,43.3520698547363,-8.42631053924561,"Unknown"
"7014855",371852,2025-11-21 16:44:31,43.3520545959473,-8.42630863189697,"Unknown"
"7014855",371852,2025-11-21 16:49:44,43.3519668579102,-8.42623615264893,"Unknown"
"7014855",371852,2025-11-21 16:54:31,43.3519477844238,-8.42629051208496,"Unknown"
"7014855",371852,2025-11-21 16:59:31,43.3518943786621,-8.42615509033203,"Unknown"
"7014855",371852,2025-11-21 17:04:32,43.3518753051758,-8.42608165740967,"Unknown"
"7014855",371852,2025-11-21 17:09:32,43.3519821166992,-8.4262056350708,"Unknown"
"7014855",371852,2025-11-21 17:14:32,43.3520698547363,-8.42623805999756,"Unknown"
"7014855",371852,2025-11-21 17:19:33,43.3517799377441,-8.42613506317139,"Unknown"
"7014855",371852,2025-11-21 17:24:31,43.3518905639648,-8.42609691619873,"Unknown"
"7014855",371852,2025-11-21 17:29:31,43.3519287109375,-8.42616271972656,"Unknown"
"7014855",371852,2025-11-21 17:34:32,43.3522491455078,-8.42631053924561,"Unknown"
"7014855",371852,2025-11-21 17:39:31,43.3521041870117,-8.42624187469482,"Unknown"
"7014855",371852,2025-11-21 17:44:31,43.3521308898926,-8.42623329162598,"Unknown"
"7014855",371852,2025-11-21 17:49:45,43.3519554138184,-8.42622661590576,"Unknown"
"7014855",371852,2025-11-21 17:54:38,43.3518867492676,-8.42611789703369,"Unknown"
"7014855",371852,2025-11-21 18:00:04,43.3519325256348,-8.42617130279541,"Unknown"
"7014855",371852,2025-11-21 18:05:55,43.3519859313965,-8.42615413665771,"Unknown"
"7014855",371852,2025-11-21 18:09:37,43.3519897460938,-8.42611980438232,"Unknown"
"7014855",371852,2025-11-21 18:14:31,43.3519592285156,-8.42604541778564,"Unknown"
"7014855",371852,2025-11-21 18:19:31,43.3519287109375,-8.42606258392334,"Unknown"
"7014855",371852,2025-11-21 18:24:31,43.3518714904785,-8.42606544494629,"Unknown"
"7014855",371852,2025-11-21 18:29:31,43.3519134521484,-8.42602634429932,"Unknown"
"7014855",371852,2025-11-21 18:34:31,43.3519554138184,-8.42597579956055,"Unknown"
"7014855",371852,2025-11-21 18:39:31,43.3520050048828,-8.42606163024902,"Unknown"
"7014855",371852,2025-11-21 18:44:31,43.3520011901855,-8.42611026763916,"Unknown"
"7014855",371852,2025-11-21 18:49:31,43.3519554138184,-8.42608261108398,"Unknown"
"7014855",371852,2025-11-21 18:54:32,43.3518180847168,-8.42598342895508,"Unknown"
"7014855",371852,2025-11-21 18:59:32,43.3520469665527,-8.42618656158447,"Unknown"
"7014855",371852,2025-11-21 19:04:32,43.3519172668457,-8.42604732513428,"Unknown"
"7014855",371852,2025-11-21 19:09:40,43.3519859313965,-8.42613124847412,"Unknown"
"7014855",371852,2025-11-21 19:14:44,43.3519515991211,-8.42609024047852,"Unknown"
"7014855",371852,2025-11-21 19:19:31,43.3520202636719,-8.42620468139648,"Unknown"
"7014855",371852,2025-11-21 19:24:31,43.3520126342773,-8.42625617980957,"Unknown"
"7014855",371852,2025-11-21 19:29:31,43.3519706726074,-8.42623233795166,"Unknown"
"7014855",371852,2025-11-21 19:34:33,43.3519477844238,-8.42621898651123,"Unknown"
"7014855",371852,2025-11-21 19:39:31,43.3520011901855,-8.42631816864014,"Unknown"
"7014855",371852,2025-11-21 19:44:32,43.3519821166992,-8.42623138427734,"Unknown"
"7014855",371852,2025-11-21 19:50:05,43.3520088195801,-8.42621421813965,"Unknown"
"7014855",371852,2025-11-21 19:54:31,43.3519630432129,-8.42623043060303,"Unknown"
"7014855",371852,2025-11-21 19:59:31,43.3519897460938,-8.42620944976807,"Unknown"
"7014855",371852,2025-11-21 20:04:31,43.3519744873047,-8.42620849609375,"Unknown"
"7014855",371852,2025-11-21 20:09:31,43.3519668579102,-8.42622375488281,"Unknown"
"7014855",371852,2025-11-21 20:14:31,43.3520431518555,-8.42627048492432,"Unknown"
"7014855",371852,2025-11-21 20:19:31,43.3520240783691,-8.42628192901611,"Unknown"
"7014855",371852,2025-11-21 20:24:31,43.35205078125,-8.42628479003906,"Unknown"
"7014855",371852,2025-11-21 20:29:31,43.3520469665527,-8.42633056640625,"Unknown"
"7014855",371852,2025-11-21 20:34:31,43.3520622253418,-8.42634582519531,"Unknown"
"7014855",371852,2025-11-21 20:39:31,43.3520240783691,-8.42626285552979,"Unknown"
"7014855",371852,2025-11-21 20:44:31,43.3520011901855,-8.42624759674072,"Unknown"
"7014855",371852,2025-11-21 20:49:31,43.3520088195801,-8.4262523651123,"Unknown"
"7014855",371852,2025-11-21 20:54:33,43.3520050048828,-8.42630004882812,"Unknown"
"7014855",371852,2025-11-21 20:59:44,43.351993560791,-8.42612743377686,"Unknown"
"7014855",371852,2025-11-21 21:04:31,43.3520545959473,-8.42612075805664,"Unknown"
"7014855",371852,2025-11-21 21:09:31,43.3520278930664,-8.42608070373535,"Unknown"
"7014855",371852,2025-11-21 21:14:31,43.3520202636719,-8.42613983154297,"Unknown"
"7014855",371852,2025-11-21 21:19:33,43.3519630432129,-8.42624568939209,"Unknown"
"7014855",371852,2025-11-21 21:24:32,43.352108001709,-8.4262170791626,"Unknown"
"7014855",371852,2025-11-21 21:29:32,43.3521194458008,-8.42627716064453,"Unknown"
"7014855",371852,2025-11-21 21:34:31,43.3520317077637,-8.42620658874512,"Unknown"
"7014855",371852,2025-11-21 21:39:33,43.3518981933594,-8.42607879638672,"Unknown"
"7014855",371852,2025-11-21 21:44:32,43.3519554138184,-8.42603874206543,"Unknown"
"7014855",371852,2025-11-21 21:49:44,43.3521041870117,-8.42641353607178,"Unknown"
"7014855",371852,2025-11-21 21:54:36,43.3521995544434,-8.42706298828125,"Unknown"
"7014855",371852,2025-11-21 21:59:44,43.3519439697266,-8.42613220214844,"Unknown"
"7014855",371852,2025-11-21 22:04:31,43.3519554138184,-8.42621421813965,"Unknown"
"7014855",371852,2025-11-21 22:10:03,43.3520126342773,-8.42673397064209,"Unknown"
"7014855",371852,2025-11-21 22:14:32,43.3520545959473,-8.42678833007812,"Unknown"
"7014855",371852,2025-11-21 22:19:32,43.3520240783691,-8.42673683166504,"Unknown"
"7014855",371852,2025-11-21 22:24:38,43.3519744873047,-8.42615604400635,"Unknown"
"7014855",371852,2025-11-21 22:29:35,43.3520545959473,-8.42638301849365,"Unknown"
"7014855",371852,2025-11-21 22:34:37,43.3519973754883,-8.42610931396484,"Unknown"
"7014855",371852,2025-11-21 22:39:44,43.3519821166992,-8.42622566223145,"Unknown"
"7014855",371852,2025-11-21 22:44:32,43.3520355224609,-8.42667007446289,"Unknown"
"7014855",371852,2025-11-21 22:49:32,43.3520584106445,-8.42676639556885,"Unknown"
"7014855",371852,2025-11-21 22:54:33,43.3521614074707,-8.42701721191406,"Unknown"
"7014855",371852,2025-11-21 22:59:35,43.3519897460938,-8.4263744354248,"Unknown"
"7014855",371852,2025-11-21 23:04:44,43.3519515991211,-8.42626667022705,"Unknown"
"7014855",371852,2025-11-21 23:09:31,43.3519592285156,-8.42625713348389,"Unknown"
"7014855",371852,2025-11-21 23:14:31,43.35205078125,-8.4262113571167,"Unknown"
"7014855",371852,2025-11-21 23:19:34,43.3519859313965,-8.42617988586426,"Unknown"
"7014855",371852,2025-11-21 23:24:36,43.3520622253418,-8.42623424530029,"Unknown"
"7014855",371852,2025-11-21 23:29:36,43.3520545959473,-8.42621898651123,"Unknown"
"7014855",371852,2025-11-21 23:34:33,43.3521270751953,-8.42607498168945,"Unknown"
"7014855",371852,2025-11-21 23:39:37,43.3521347045898,-8.42628479003906,"Unknown"
"7014855",371852,2025-11-21 23:44:39,43.3521575927734,-8.42625713348389,"Unknown"
"7014855",371852,2025-11-21 23:50:05,43.3520164489746,-8.42628574371338,"Unknown"
"7014855",371852,2025-11-21 23:54:32,43.3519706726074,-8.42624664306641,"Unknown"
"7014855",371852,2025-11-21 23:59:32,43.3520431518555,-8.42630290985107,"Unknown"
"7014855",371852,2025-11-22 00:04:32,43.3520088195801,-8.42638206481934,"Unknown"
"7014855",371852,2025-11-22 00:09:32,43.3520355224609,-8.42639827728271,"Unknown"
"7014855",371852,2025-11-22 00:14:32,43.3519821166992,-8.42625999450684,"Unknown"
"7014855",371852,2025-11-22 00:19:32,43.3520164489746,-8.42632007598877,"Unknown"
"7014855",371852,2025-11-22 00:24:32,43.3519668579102,-8.42622470855713,"Unknown"
"7014855",371852,2025-11-22 00:29:32,43.3520393371582,-8.42640686035156,"Unknown"
"7014855",371852,2025-11-22 00:34:32,43.3520126342773,-8.42630863189697,"Unknown"
"7014855",371852,2025-11-22 00:39:32,43.3519706726074,-8.42622852325439,"Unknown"
"7014855",371852,2025-11-22 00:44:32,43.3520202636719,-8.42633056640625,"Unknown"
"7014855",371852,2025-11-22 00:49:33,43.3520050048828,-8.42624568939209,"Unknown"
"7014855",371852,2025-11-22 00:54:33,43.351993560791,-8.42631912231445,"Unknown"
"7014855",371852,2025-11-22 00:59:33,43.3520660400391,-8.42638397216797,"Unknown"
"7014855",371852,2025-11-22 01:04:36,43.3519172668457,-8.42606353759766,"Unknown"
"7014855",371852,2025-11-22 01:09:33,43.3518180847168,-8.42571640014648,"Unknown"
"7014855",371852,2025-11-22 01:14:43,43.351978302002,-8.42621994018555,"Unknown"
"7014855",371852,2025-11-22 01:19:40,43.3519248962402,-8.42614364624023,"Unknown"
"7014855",371852,2025-11-22 01:24:36,43.3518562316895,-8.42586040496826,"Unknown"
"7014855",371852,2025-11-22 01:29:43,43.3519668579102,-8.42621040344238,"Unknown"
"7014855",371852,2025-11-22 01:34:36,43.351863861084,-8.42618465423584,"Unknown"
"7014855",371852,2025-11-22 01:39:39,43.3519554138184,-8.42626285552979,"Unknown"
"7014855",371852,2025-11-22 01:44:35,43.3519554138184,-8.42617988586426,"Unknown"
"7014855",371852,2025-11-22 01:49:40,43.3519744873047,-8.42619323730469,"Unknown"
"7014855",371852,2025-11-22 01:54:35,43.3520317077637,-8.4261589050293,"Unknown"
"7014855",371852,2025-11-22 01:59:36,43.3519668579102,-8.42616081237793,"Unknown"
"7014855",371852,2025-11-22 02:04:40,43.3518180847168,-8.42615032196045,"Unknown"
"7014855",371852,2025-11-22 02:09:43,43.3519020080566,-8.42613315582275,"Unknown"
"7014855",371852,2025-11-22 02:14:41,43.351879119873,-8.4261589050293,"Unknown"
"7014855",371852,2025-11-22 02:20:02,43.3519248962402,-8.42613506317139,"Unknown"
"7014855",371852,2025-11-22 02:24:36,43.3518714904785,-8.42623424530029,"Unknown"
"7014855",371852,2025-11-22 02:29:34,43.3520355224609,-8.42623805999756,"Unknown"
"7014855",371852,2025-11-22 02:34:35,43.3521690368652,-8.42619895935059,"Unknown"
"7014855",371852,2025-11-22 02:39:34,43.3520584106445,-8.42623615264893,"Unknown"
"7014855",371852,2025-11-22 02:44:33,43.3518829345703,-8.42619323730469,"Unknown"
"7014855",371852,2025-11-22 02:49:34,43.3516616821289,-8.42611694335938,"Unknown"
"7014855",371852,2025-11-22 02:54:33,43.3518943786621,-8.42617130279541,"Unknown"
"7014855",371852,2025-11-22 02:59:33,43.3519058227539,-8.42616844177246,"Unknown"
"7014855",371852,2025-11-22 03:04:34,43.3518447875977,-8.42611598968506,"Unknown"
"7014855",371852,2025-11-22 03:09:34,43.3517837524414,-8.42602443695068,"Unknown"
"7014855",371852,2025-11-22 03:14:35,43.3518524169922,-8.4258279800415,"Unknown"
"7014855",371852,2025-11-22 03:19:35,43.3517990112305,-8.42571449279785,"Unknown"
"7014855",371852,2025-11-22 03:24:36,43.3518028259277,-8.42585754394531,"Unknown"
"7014855",371852,2025-11-22 03:29:37,43.3519020080566,-8.42625713348389,"Unknown"
"7014855",371852,2025-11-22 03:34:39,43.3517799377441,-8.42630577087402,"Unknown"
"7014855",371852,2025-11-22 03:39:37,43.3517608642578,-8.42638778686523,"Unknown"
"7014855",371852,2025-11-22 03:44:48,43.351692199707,-8.42629718780518,"Unknown"
"7014855",371852,2025-11-22 03:49:41,43.3518486022949,-8.42634963989258,"Unknown"
"7014855",371852,2025-11-22 03:54:38,43.3516502380371,-8.42637062072754,"Unknown"
"7014855",371852,2025-11-22 03:59:39,43.3515319824219,-8.42642211914062,"Unknown"
"7014855",371852,2025-11-22 04:05:05,43.3519096374512,-8.42622184753418,"Unknown"
"7014855",371852,2025-11-22 04:09:32,43.3519172668457,-8.42630386352539,"Unknown"
"7014855",371852,2025-11-22 04:14:36,43.3518981933594,-8.42632389068604,"Unknown"
"7014855",371852,2025-11-22 04:19:34,43.3519744873047,-8.42633533477783,"Unknown"
"7014855",371852,2025-11-22 04:24:33,43.3519134521484,-8.42627239227295,"Unknown"
"7014855",371852,2025-11-22 04:29:34,43.3519668579102,-8.42618656158447,"Unknown"
"7014855",371852,2025-11-22 04:34:34,43.3519668579102,-8.42631435394287,"Unknown"
"7014855",371852,2025-11-22 04:39:34,43.3519515991211,-8.42612743377686,"Unknown"
"7014855",371852,2025-11-22 04:44:36,43.3518943786621,-8.42620468139648,"Unknown"
"7014855",371852,2025-11-22 04:49:33,43.3518981933594,-8.42622661590576,"Unknown"
"7014855",371852,2025-11-22 04:54:35,43.3519668579102,-8.42618179321289,"Unknown"
"7014855",371852,2025-11-22 04:59:36,43.3518714904785,-8.42613506317139,"Unknown"
"7014855",371852,2025-11-22 05:04:38,43.3513641357422,-8.42566299438477,"Unknown"
"7014855",371852,2025-11-22 05:09:40,43.3519897460938,-8.42621040344238,"Unknown"
"7014855",371852,2025-11-22 05:14:33,43.3520050048828,-8.42619895935059,"Unknown"
"7014855",371852,2025-11-22 05:19:33,43.3520240783691,-8.42622756958008,"Unknown"
"7014855",371852,2025-11-22 05:24:34,43.351936340332,-8.42615795135498,"Unknown"
"7014855",371852,2025-11-22 05:29:33,43.3519630432129,-8.4262523651123,"Unknown"
"7014855",371852,2025-11-22 05:34:32,43.3519096374512,-8.42617416381836,"Unknown"
"7014855",371852,2025-11-22 05:39:32,43.3519821166992,-8.42623043060303,"Unknown"
"7014855",371852,2025-11-22 05:44:32,43.3518486022949,-8.42608451843262,"Unknown"
"7014855",371852,2025-11-22 05:49:44,43.3519134521484,-8.42614459991455,"Unknown"
"7014855",371852,2025-11-22 05:54:32,43.3519630432129,-8.42619323730469,"Unknown"
"7014855",371852,2025-11-22 05:59:32,43.3517875671387,-8.42596530914307,"Unknown"
"7014855",371852,2025-11-22 06:04:33,43.3516998291016,-8.42586326599121,"Unknown"
"7014855",371852,2025-11-22 06:09:33,43.3517379760742,-8.42586135864258,"Unknown"
"7014855",371852,2025-11-22 06:14:36,43.3518714904785,-8.42605781555176,"Unknown"
"7014855",371852,2025-11-22 06:19:34,43.3518867492676,-8.42611026763916,"Unknown"
"7014855",371852,2025-11-22 06:24:37,43.3515815734863,-8.42570209503174,"Unknown"
"7014855",371852,2025-11-22 06:29:41,43.3518180847168,-8.42609119415283,"Unknown"
"7014855",371852,2025-11-22 06:34:42,43.3519668579102,-8.42619705200195,"Unknown"
"7014855",371852,2025-11-22 06:39:38,43.3520965576172,-8.42645645141602,"Unknown"
"7014855",371852,2025-11-22 06:44:39,43.3520774841309,-8.42638397216797,"Unknown"
"7014855",371852,2025-11-22 06:50:05,43.3519172668457,-8.42626667022705,"Unknown"
"7014855",371852,2025-11-22 06:54:34,43.3519439697266,-8.42621803283691,"Unknown"
"7014855",371852,2025-11-22 06:59:33,43.35205078125,-8.42627239227295,"Unknown"
"7014855",371852,2025-11-22 07:04:32,43.3520011901855,-8.42623233795166,"Unknown"
"7014855",371852,2025-11-22 07:09:34,43.3518867492676,-8.42623615264893,"Unknown"
"7014855",371852,2025-11-22 07:14:32,43.3519096374512,-8.42612743377686,"Unknown"
"7014855",371852,2025-11-22 07:19:33,43.3519592285156,-8.42617797851562,"Unknown"
"7014855",371852,2025-11-22 07:24:33,43.352123260498,-8.42631340026855,"Unknown"
"7014855",371852,2025-11-22 07:29:32,43.352108001709,-8.42630577087402,"Unknown"
"7014855",371852,2025-11-22 07:34:38,43.3519821166992,-8.42616844177246,"Unknown"
"7014855",371852,2025-11-22 07:39:33,43.3520736694336,-8.42634868621826,"Unknown"
"7014855",371852,2025-11-22 07:44:33,43.3520088195801,-8.42629051208496,"Unknown"
"7014855",371852,2025-11-22 07:49:35,43.3519439697266,-8.42618179321289,"Unknown"
"7014855",371852,2025-11-22 07:54:36,43.3518867492676,-8.42612838745117,"Unknown"
"7014855",371852,2025-11-22 07:59:33,43.3516311645508,-8.42580413818359,"Unknown"
"7014855",371852,2025-11-22 08:04:37,43.3519897460938,-8.42628288269043,"Unknown"
"7014855",371852,2025-11-22 08:09:44,43.3519744873047,-8.42623996734619,"Unknown"
"7014855",371852,2025-11-22 08:14:33,43.3520355224609,-8.42632484436035,"Unknown"
"7014855",371852,2025-11-22 08:19:34,43.3519630432129,-8.42619800567627,"Unknown"
"7014855",371852,2025-11-22 08:25:05,43.3519859313965,-8.4262228012085,"Unknown"
"7014855",371852,2025-11-22 08:29:32,43.3519515991211,-8.4262170791626,"Unknown"
"7014855",371852,2025-11-22 08:34:32,43.3519401550293,-8.42617607116699,"Unknown"
"7014855",371852,2025-11-22 08:39:32,43.3519706726074,-8.42621803283691,"Unknown"
"7014855",371852,2025-11-22 08:44:32,43.3519325256348,-8.42616558074951,"Unknown"
"7014855",371852,2025-11-22 08:49:32,43.3519706726074,-8.42619705200195,"Unknown"
"7014855",371852,2025-11-22 08:54:32,43.3519515991211,-8.42619609832764,"Unknown"
"7014855",371852,2025-11-22 08:59:32,43.3519515991211,-8.42622375488281,"Unknown"
"7014855",371852,2025-11-22 09:04:32,43.3519744873047,-8.42618751525879,"Unknown"
"7014855",371852,2025-11-22 09:09:32,43.3519744873047,-8.426194190979,"Unknown"
"7014855",371852,2025-11-22 09:14:32,43.351993560791,-8.42621326446533,"Unknown"
"7014855",371852,2025-11-22 09:19:32,43.3520202636719,-8.42624855041504,"Unknown"
"7014855",371852,2025-11-22 09:24:32,43.3519744873047,-8.42629623413086,"Unknown"
"7014855",371852,2025-11-22 09:29:33,43.3520164489746,-8.42629623413086,"Unknown"
"7014855",371852,2025-11-22 09:34:35,43.351993560791,-8.42630863189697,"Unknown"
"7014855",371852,2025-11-22 09:39:44,43.3519630432129,-8.42627048492432,"Unknown"
"7014855",371852,2025-11-22 09:44:32,43.3519477844238,-8.42635250091553,"Unknown"
"7014855",371852,2025-11-22 09:49:35,43.3520240783691,-8.42644309997559,"Unknown"
"7014855",371852,2025-11-22 09:54:35,43.3520126342773,-8.42639636993408,"Unknown"
"7014855",371852,2025-11-22 09:59:37,43.3519554138184,-8.42626571655273,"Unknown"
"7014855",371852,2025-11-22 10:04:42,43.3519477844238,-8.42626953125,"Unknown"
"7014855",371852,2025-11-22 10:09:33,43.3518943786621,-8.42625522613525,"Unknown"
"7014855",371852,2025-11-22 10:14:37,43.3519134521484,-8.42620754241943,"Unknown"
"7014855",371852,2025-11-22 10:19:38,43.3519439697266,-8.42619323730469,"Unknown"
"7014855",371852,2025-11-22 10:24:36,43.3519134521484,-8.42616748809814,"Unknown"
"7014855",371852,2025-11-22 10:29:37,43.3519058227539,-8.42613697052002,"Unknown"
"7014855",371852,2025-11-22 10:34:33,43.351936340332,-8.4262056350708,"Unknown"
"7014855",371852,2025-11-22 10:39:38,43.3519248962402,-8.4262170791626,"Unknown"
"7014855",371852,2025-11-22 10:44:36,43.3518943786621,-8.4261360168457,"Unknown"
"7014855",371852,2025-11-22 10:50:05,43.3519630432129,-8.42620182037354,"Unknown"
"7014855",371852,2025-11-22 10:54:32,43.3519439697266,-8.4262580871582,"Unknown"
"7014855",371852,2025-11-22 10:59:33,43.3519325256348,-8.42621231079102,"Unknown"
"7014855",371852,2025-11-22 11:04:32,43.3519973754883,-8.42620086669922,"Unknown"
"7014855",371852,2025-11-22 11:09:32,43.3518714904785,-8.42619705200195,"Unknown"
"7014855",371852,2025-11-22 11:14:32,43.3519897460938,-8.42624855041504,"Unknown"
"7014855",371852,2025-11-22 11:19:32,43.3520011901855,-8.42624950408936,"Unknown"
"7014855",371852,2025-11-22 11:24:33,43.3519592285156,-8.42622756958008,"Unknown"
"7014855",371852,2025-11-22 11:29:33,43.3519973754883,-8.42625141143799,"Unknown"
"7014855",371852,2025-11-22 11:34:32,43.3520011901855,-8.42623996734619,"Unknown"
"7014855",371852,2025-11-22 11:39:32,43.3519897460938,-8.42622661590576,"Unknown"
"7014855",371852,2025-11-22 11:44:32,43.3519859313965,-8.42627620697021,"Unknown"
"7014855",371852,2025-11-22 11:49:32,43.3519592285156,-8.42622184753418,"Unknown"
"7014855",371852,2025-11-22 11:54:33,43.3518867492676,-8.42624664306641,"Unknown"
"7014855",371852,2025-11-22 11:59:32,43.3519592285156,-8.42622947692871,"Unknown"
"7014855",371852,2025-11-22 12:04:37,43.3519859313965,-8.42623519897461,"Unknown"
"7014855",371852,2025-11-22 12:09:44,43.351936340332,-8.42627620697021,"Unknown"
"7014855",371852,2025-11-22 12:14:32,43.3519592285156,-8.42624187469482,"Unknown"
"7014855",371852,2025-11-22 12:19:32,43.3519744873047,-8.42633247375488,"Unknown"
"7014855",371852,2025-11-22 12:24:32,43.3519630432129,-8.42610836029053,"Unknown"
"7014855",371852,2025-11-22 12:29:32,43.3519554138184,-8.42619514465332,"Unknown"
"7014855",371852,2025-11-22 12:34:32,43.3519401550293,-8.42630195617676,"Unknown"
"7014855",371852,2025-11-22 12:39:33,43.351993560791,-8.42627906799316,"Unknown"
"7014855",371852,2025-11-22 12:44:32,43.351921081543,-8.42621803283691,"Unknown"
"7014855",371852,2025-11-22 12:49:36,43.3519477844238,-8.42624664306641,"Unknown"
"7014855",371852,2025-11-22 12:54:32,43.3520126342773,-8.42627811431885,"Unknown"
"7014855",371852,2025-11-22 12:59:32,43.3519973754883,-8.42626094818115,"Unknown"
"7014855",371852,2025-11-22 13:04:32,43.351978302002,-8.42625904083252,"Unknown"
"7014855",371852,2025-11-22 13:09:33,43.3519477844238,-8.42617893218994,"Unknown"
"7014855",371852,2025-11-22 13:14:35,43.3520011901855,-8.42620182037354,"Unknown"
"7014855",371852,2025-11-22 13:19:40,43.3519630432129,-8.42611312866211,"Unknown"
"7014855",371852,2025-11-22 13:24:35,43.3518905639648,-8.42616844177246,"Unknown"
"7014855",371852,2025-11-22 13:29:37,43.3519897460938,-8.42623710632324,"Unknown"
"7014855",371852,2025-11-22 13:34:39,43.3520317077637,-8.4262752532959,"Unknown"
"7014855",371852,2025-11-22 13:39:43,43.3521041870117,-8.42630481719971,"Unknown"
"7014855",371852,2025-11-22 13:44:38,43.3519897460938,-8.42626571655273,"Unknown"
"7014855",371852,2025-11-22 13:49:41,43.351921081543,-8.42622756958008,"Unknown"
"7014855",371852,2025-11-22 13:54:38,43.351936340332,-8.42613887786865,"Unknown"
"7014855",371852,2025-11-22 14:00:02,43.3519744873047,-8.42626285552979,"Unknown"
"7014855",371852,2025-11-22 14:04:33,43.3520011901855,-8.42619037628174,"Unknown"
"7014855",371852,2025-11-22 14:09:33,43.3519897460938,-8.42613124847412,"Unknown"
"7014855",371852,2025-11-22 14:14:33,43.3520202636719,-8.4261589050293,"Unknown"
"7014855",371852,2025-11-22 14:19:33,43.3520011901855,-8.42617034912109,"Unknown"
"7014855",371852,2025-11-22 14:24:33,43.3521423339844,-8.42630958557129,"Unknown"
"7014855",371852,2025-11-22 14:29:38,43.3519058227539,-8.42618083953857,"Unknown"
"7014855",371852,2025-11-22 14:34:36,43.3520584106445,-8.42618846893311,"Unknown"
"7014855",371852,2025-11-22 14:39:37,43.3519172668457,-8.42618560791016,"Unknown"
"7014855",371852,2025-11-22 14:44:34,43.3518104553223,-8.42615509033203,"Unknown"
"7014855",371852,2025-11-22 14:49:44,43.3518943786621,-8.42618942260742,"Unknown"
"7014855",371852,2025-11-22 14:54:44,43.3518524169922,-8.42616176605225,"Unknown"
"7014855",371852,2025-11-22 14:59:36,43.3520278930664,-8.42621612548828,"Unknown"
"7014855",371852,2025-11-22 15:04:37,43.3518600463867,-8.42607116699219,"Unknown"
"7014855",371852,2025-11-22 15:09:33,43.3520851135254,-8.42612457275391,"Unknown"
"7014855",371852,2025-11-22 15:14:39,43.3519554138184,-8.42611026763916,"Unknown"
"7014855",371852,2025-11-22 15:19:41,43.3518981933594,-8.42609691619873,"Unknown"
"7014855",371852,2025-11-22 15:24:33,43.3517150878906,-8.426344871521,"Unknown"
"7014855",371852,2025-11-22 15:29:39,43.3518943786621,-8.42619323730469,"Unknown"
"7014855",371852,2025-11-22 15:34:39,43.3519134521484,-8.42615222930908,"Unknown"
"7014855",371852,2025-11-22 15:39:39,43.351921081543,-8.42611598968506,"Unknown"
"7014855",371852,2025-11-22 15:44:39,43.3518257141113,-8.42625904083252,"Unknown"
"7014855",371852,2025-11-22 15:49:45,43.3519096374512,-8.42617321014404,"Unknown"
"7014855",371852,2025-11-22 15:54:33,43.3518562316895,-8.4262056350708,"Unknown"
"7014855",371852,2025-11-22 15:59:39,43.3519668579102,-8.42616748809814,"Unknown"
"7014855",371852,2025-11-22 16:04:36,43.3519630432129,-8.42613697052002,"Unknown"
"7014855",371852,2025-11-22 16:09:39,43.3519287109375,-8.42614936828613,"Unknown"
"7014855",371852,2025-11-22 16:15:05,43.3519515991211,-8.42611885070801,"Unknown"
"7014855",371852,2025-11-22 16:19:33,43.3520622253418,-8.42603206634521,"Unknown"
"7014855",371852,2025-11-22 16:24:33,43.3521270751953,-8.42600631713867,"Unknown"
"7014855",371852,2025-11-22 16:29:34,43.3520355224609,-8.42612934112549,"Unknown"
"7014855",371852,2025-11-22 16:34:36,43.3520889282227,-8.4261531829834,"Unknown"
"7014855",371852,2025-11-22 16:39:36,43.3520355224609,-8.42609214782715,"Unknown"
"7014855",371852,2025-11-22 16:44:33,43.3519668579102,-8.42616748809814,"Unknown"
"7014855",371852,2025-11-22 16:49:39,43.3520088195801,-8.4262523651123,"Unknown"
"7014855",371852,2025-11-22 16:54:39,43.3519668579102,-8.42615699768066,"Unknown"
"7014855",371852,2025-11-22 16:59:33,43.3520317077637,-8.42625713348389,"Unknown"
"7014855",371852,2025-11-22 17:04:33,43.3521041870117,-8.42619514465332,"Unknown"
"7014855",371852,2025-11-22 17:09:34,43.3519554138184,-8.42615222930908,"Unknown"
"7014855",371852,2025-11-22 17:14:38,43.3519248962402,-8.42617416381836,"Unknown"
"7014855",371852,2025-11-22 17:19:34,43.3518867492676,-8.42615604400635,"Unknown"
"7014855",371852,2025-11-22 17:24:41,43.3519973754883,-8.42621517181396,"Unknown"
"7014855",371852,2025-11-22 17:29:34,43.3520088195801,-8.42623519897461,"Unknown"
"7014855",371852,2025-11-22 17:34:42,43.3520317077637,-8.42625331878662,"Unknown"
"7014855",371852,2025-11-22 17:39:33,43.3520011901855,-8.42626285552979,"Unknown"
"7014855",371852,2025-11-22 17:44:33,43.3520164489746,-8.42624664306641,"Unknown"
"7014855",371852,2025-11-22 17:49:33,43.3520393371582,-8.42620754241943,"Unknown"
"7014855",371852,2025-11-22 17:54:36,43.3520202636719,-8.42628192901611,"Unknown"
"7014855",371852,2025-11-22 17:59:36,43.3520050048828,-8.42617797851562,"Unknown"
"7014855",371852,2025-11-22 18:04:34,43.3520584106445,-8.42612743377686,"Unknown"
"7014855",371852,2025-11-22 18:09:36,43.3520011901855,-8.42618560791016,"Unknown"
"7014855",371852,2025-11-22 18:14:36,43.3520240783691,-8.42620849609375,"Unknown"
"7014855",371852,2025-11-22 18:19:38,43.3519058227539,-8.42635822296143,"Unknown"
"7014855",371852,2025-11-22 18:24:39,43.3519554138184,-8.42623424530029,"Unknown"
"7014855",371852,2025-11-22 18:29:37,43.3519554138184,-8.42629623413086,"Unknown"
"7014855",371852,2025-11-22 18:34:44,43.351936340332,-8.42623615264893,"Unknown"
"7014855",371852,2025-11-22 18:39:37,43.3519973754883,-8.42611026763916,"Unknown"
"7014855",371852,2025-11-22 18:44:34,43.3520011901855,-8.42634391784668,"Unknown"
"7014855",371852,2025-11-22 18:49:36,43.3519020080566,-8.42611885070801,"Unknown"
"7014855",371852,2025-11-22 18:54:34,43.3519744873047,-8.42607688903809,"Unknown"
"7014855",371852,2025-11-22 18:59:34,43.351978302002,-8.42614650726318,"Unknown"
"7014855",371852,2025-11-22 19:04:34,43.3519325256348,-8.42609691619873,"Unknown"
"7014855",371852,2025-11-22 19:10:03,43.3520050048828,-8.42622470855713,"Unknown"
"7014855",371852,2025-11-22 19:14:33,43.3520240783691,-8.42619514465332,"Unknown"
"7014855",371852,2025-11-22 19:19:33,43.3519821166992,-8.42619705200195,"Unknown"
"7014855",371852,2025-11-22 19:24:33,43.3519706726074,-8.426194190979,"Unknown"
"7014855",371852,2025-11-22 19:29:33,43.3519821166992,-8.42619895935059,"Unknown"
"7014855",371852,2025-11-22 19:34:33,43.3520164489746,-8.42620849609375,"Unknown"
"7014855",371852,2025-11-22 19:39:33,43.3519706726074,-8.42621803283691,"Unknown"
"7014855",371852,2025-11-22 19:44:34,43.3519592285156,-8.42622566223145,"Unknown"
"7014855",371852,2025-11-22 19:49:34,43.3519592285156,-8.4261589050293,"Unknown"
"7014855",371852,2025-11-22 19:54:33,43.3519706726074,-8.42616271972656,"Unknown"
"7014855",371852,2025-11-22 19:59:39,43.351978302002,-8.42618179321289,"Unknown"
"7014855",371852,2025-11-22 20:04:38,43.3520011901855,-8.42613124847412,"Unknown"
"7014855",371852,2025-11-22 20:09:37,43.351993560791,-8.42614650726318,"Unknown"
"7014855",371852,2025-11-22 20:15:03,43.3519859313965,-8.42616558074951,"Unknown"
"7014855",371852,2025-11-22 20:19:33,43.3519897460938,-8.42618179321289,"Unknown"
"7014855",371852,2025-11-22 20:24:33,43.3520011901855,-8.42617225646973,"Unknown"
"7014855",371852,2025-11-22 20:29:33,43.3520431518555,-8.42617416381836,"Unknown"
"7014855",371852,2025-11-22 20:34:33,43.3519859313965,-8.42617034912109,"Unknown"
"7014855",371852,2025-11-22 20:39:33,43.3519515991211,-8.42617130279541,"Unknown"
"7014855",371852,2025-11-22 20:44:33,43.3520355224609,-8.42614555358887,"Unknown"
"7014855",371852,2025-11-22 20:49:33,43.3519515991211,-8.42619800567627,"Unknown"
"7014855",371852,2025-11-22 20:54:33,43.3520889282227,-8.4260778427124,"Unknown"
"7014855",371852,2025-11-22 20:59:33,43.3520126342773,-8.42606735229492,"Unknown"
"7014855",371852,2025-11-22 21:04:33,43.3520431518555,-8.42609214782715,"Unknown"
"7014855",371852,2025-11-22 21:09:33,43.351993560791,-8.42602252960205,"Unknown"
"7014855",371852,2025-11-22 21:14:33,43.3519439697266,-8.42600440979004,"Unknown"
"7014855",371852,2025-11-22 21:19:33,43.3521003723145,-8.42601490020752,"Unknown"
"7014855",371852,2025-11-22 21:24:33,43.352108001709,-8.42606544494629,"Unknown"
"7014855",371852,2025-11-22 21:29:33,43.3519973754883,-8.42598915100098,"Unknown"
"7014855",371852,2025-11-22 21:34:33,43.3519859313965,-8.42604827880859,"Unknown"
"7014855",371852,2025-11-22 21:39:33,43.3519248962402,-8.42612457275391,"Unknown"
"7014855",371852,2025-11-22 21:44:34,43.3519859313965,-8.42605018615723,"Unknown"
"7014855",371852,2025-11-22 21:49:35,43.3519248962402,-8.42603969573975,"Unknown"
"7014855",371852,2025-11-22 21:55:05,43.351993560791,-8.42608547210693,"Unknown"
"7014855",371852,2025-11-22 21:59:33,43.3519973754883,-8.42613506317139,"Unknown"
"7014855",371852,2025-11-22 22:04:33,43.3519668579102,-8.4261531829834,"Unknown"
"7014855",371852,2025-11-22 22:09:33,43.3519554138184,-8.42624092102051,"Unknown"
"7014855",371852,2025-11-22 22:14:33,43.3519096374512,-8.42626476287842,"Unknown"
"7014855",371852,2025-11-22 22:19:33,43.3518981933594,-8.42619323730469,"Unknown"
"7014855",371852,2025-11-22 22:24:33,43.3519096374512,-8.42624664306641,"Unknown"
"7014855",371852,2025-11-22 22:29:34,43.3518905639648,-8.42619514465332,"Unknown"
"7014855",371852,2025-11-22 22:34:33,43.3517723083496,-8.42618370056152,"Unknown"
"7014855",371852,2025-11-22 22:39:33,43.351921081543,-8.4261589050293,"Unknown"
"7014855",371852,2025-11-22 22:44:34,43.3519134521484,-8.42616367340088,"Unknown"
"7014855",371852,2025-11-22 22:49:33,43.3519248962402,-8.42611694335938,"Unknown"
"7014855",371852,2025-11-22 22:54:34,43.3520545959473,-8.42630386352539,"Unknown"
"7014855",371852,2025-11-22 22:59:35,43.3518371582031,-8.42589378356934,"Unknown"
"7014855",371852,2025-11-22 23:04:34,43.3517761230469,-8.42576217651367,"Unknown"
"7014855",371852,2025-11-22 23:09:34,43.3518905639648,-8.42589569091797,"Unknown"
"7014855",371852,2025-11-22 23:14:34,43.3518409729004,-8.42580699920654,"Unknown"
"7014855",371852,2025-11-22 23:19:36,43.3519592285156,-8.42624950408936,"Unknown"
"7014855",371852,2025-11-22 23:24:37,43.3519706726074,-8.42628955841064,"Unknown"
"7014855",371852,2025-11-22 23:29:37,43.3519515991211,-8.42618751525879,"Unknown"
"7014855",371852,2025-11-22 23:34:52,43.3519973754883,-8.42623805999756,"Unknown"
"7014855",371852,2025-11-22 23:39:53,43.3520126342773,-8.4262113571167,"Unknown"
"7014855",371852,2025-11-22 23:44:36,43.3519287109375,-8.42591857910156,"Unknown"
"7014855",371852,2025-11-22 23:49:39,43.3520050048828,-8.42624473571777,"Unknown"
"7014855",371852,2025-11-22 23:54:39,43.3519897460938,-8.42627429962158,"Unknown"
"7014855",371852,2025-11-22 23:59:42,43.351978302002,-8.42668056488037,"Unknown"
"7014855",371852,2025-11-23 00:04:39,43.3519668579102,-8.42617416381836,"Unknown"
"7014855",371852,2025-11-23 00:09:39,43.3519859313965,-8.42625617980957,"Unknown"
"7014855",371852,2025-11-23 00:14:39,43.351993560791,-8.42615509033203,"Unknown"
"7014855",371852,2025-11-23 00:19:39,43.3519897460938,-8.42624568939209,"Unknown"
"7014855",371852,2025-11-23 00:24:39,43.3520240783691,-8.42624473571777,"Unknown"
"7014855",371852,2025-11-23 00:29:39,43.3520240783691,-8.42626094818115,"Unknown"
"7014855",371852,2025-11-23 00:34:39,43.3518981933594,-8.42617321014404,"Unknown"
"7014855",371852,2025-11-23 00:39:39,43.3520164489746,-8.42626953125,"Unknown"
"7014855",371852,2025-11-23 00:44:39,43.3520469665527,-8.42616939544678,"Unknown"
"7014855",371852,2025-11-23 00:49:47,43.3520202636719,-8.42620086669922,"Unknown"
"7014855",371852,2025-11-23 00:54:47,43.3520355224609,-8.42622566223145,"Unknown"
"7014855",371852,2025-11-23 00:59:47,43.35205078125,-8.42616271972656,"Unknown"
"7014855",371852,2025-11-23 01:05:05,43.3520240783691,-8.42629528045654,"Unknown"
"7014855",371852,2025-11-23 01:09:42,43.351993560791,-8.42617511749268,"Unknown"
"7014855",371852,2025-11-23 01:14:39,43.3520317077637,-8.42629528045654,"Unknown"
"7014855",371852,2025-11-23 01:25:35,43.3520584106445,-8.42623901367188,"Unknown"
"7014855",371852,2025-11-23 01:29:36,43.3520622253418,-8.42623805999756,"Unknown"
"7014855",371852,2025-11-23 01:34:36,43.3520698547363,-8.42619132995605,"Unknown"
"7014855",371852,2025-11-23 01:44:44,43.3519668579102,-8.42620182037354,"Unknown"
"7014855",371852,2025-11-23 01:54:34,43.3520317077637,-8.42619705200195,"Unknown"
"7014855",371852,2025-11-23 02:04:36,43.3519477844238,-8.42624950408936,"Unknown"
"7014855",371852,2025-11-23 02:14:41,43.3519668579102,-8.42619228363037,"Unknown"
"7014855",371852,2025-11-23 02:24:40,43.3519172668457,-8.42623043060303,"Unknown"
"7014855",371852,2025-11-23 02:35:05,43.3519287109375,-8.42622089385986,"Unknown"
"7014855",371852,2025-11-23 02:44:33,43.3519477844238,-8.42622566223145,"Unknown"
"7014855",371852,2025-11-23 02:54:33,43.3519515991211,-8.42619132995605,"Unknown"
"7014855",371852,2025-11-23 03:04:33,43.3518829345703,-8.42631721496582,"Unknown"
"7014855",371852,2025-11-23 03:14:34,43.3519554138184,-8.42635536193848,"Unknown"
"7014855",371852,2025-11-23 03:24:34,43.3519439697266,-8.42617511749268,"Unknown"
"7014855",371852,2025-11-23 03:34:37,43.3519325256348,-8.42636299133301,"Unknown"
"7014855",371852,2025-11-23 03:44:34,43.3519973754883,-8.42618370056152,"Unknown"
"7014855",371852,2025-11-23 03:54:33,43.3519859313965,-8.42632961273193,"Unknown"
"7014855",371852,2025-11-23 04:04:34,43.351993560791,-8.42620849609375,"Unknown"
"7014855",371852,2025-11-23 04:14:33,43.351936340332,-8.4262809753418,"Unknown"
"7014855",371852,2025-11-23 04:24:33,43.3519515991211,-8.42620468139648,"Unknown"
"7014855",371852,2025-11-23 04:34:33,43.3518981933594,-8.42616558074951,"Unknown"
"7014855",371852,2025-11-23 04:44:36,43.3519058227539,-8.42616844177246,"Unknown"
"7014855",371852,2025-11-23 04:54:38,43.3511734008789,-8.42540454864502,"Unknown"
"7014855",371852,2025-11-23 05:04:44,43.3519630432129,-8.4262056350708,"Unknown"
"7014855",371852,2025-11-23 05:14:38,43.3520355224609,-8.42617225646973,"Unknown"
"7014855",371852,2025-11-23 05:24:37,43.3519668579102,-8.42611694335938,"Unknown"
"7014855",371852,2025-11-23 05:34:38,43.3519172668457,-8.42608451843262,"Unknown"
"7014855",371852,2025-11-23 05:44:43,43.3518409729004,-8.42606258392334,"Unknown"
"7014855",371852,2025-11-23 05:54:44,43.351936340332,-8.42622947692871,"Unknown"
"7014855",371852,2025-11-23 06:04:40,43.3519706726074,-8.4262113571167,"Unknown"
"7014855",371852,2025-11-23 06:14:39,43.3520240783691,-8.4261999130249,"Unknown"
"7014855",371852,2025-11-23 06:24:44,43.3520126342773,-8.42631912231445,"Unknown"
"7014855",371852,2025-11-23 06:35:05,43.3520050048828,-8.42624282836914,"Unknown"
"7014855",371852,2025-11-23 06:44:34,43.3517532348633,-8.42620849609375,"Unknown"
"7014855",371852,2025-11-23 06:54:44,43.3520660400391,-8.42625045776367,"Unknown"
"7014855",371852,2025-11-23 07:04:39,43.3519668579102,-8.42627143859863,"Unknown"
"7014855",371852,2025-11-23 07:14:51,43.3521499633789,-8.42687129974365,"Unknown"
"7014855",371852,2025-11-23 07:24:39,43.3520736694336,-8.42666244506836,"Unknown"
"7014855",371852,2025-11-23 07:34:41,43.3520927429199,-8.42679882049561,"Unknown"
"7014855",371852,2025-11-23 07:44:39,43.3519439697266,-8.42635059356689,"Unknown"
"7014855",371852,2025-11-23 07:54:33,43.3520927429199,-8.42652893066406,"Unknown"
"7014855",371852,2025-11-23 08:04:38,43.3519668579102,-8.42621898651123,"Unknown"
"7014855",371852,2025-11-23 08:14:46,43.3519554138184,-8.4262170791626,"Unknown"
"7014855",371852,2025-11-23 08:24:39,43.3519554138184,-8.42624855041504,"Unknown"
"7014855",371852,2025-11-23 08:34:44,43.3518295288086,-8.4262752532959,"Unknown"
"7014855",371852,2025-11-23 08:44:39,43.3514785766602,-8.42615985870361,"Unknown"
"7014855",371852,2025-11-23 08:54:39,43.3522453308105,-8.42612552642822,"Unknown"
"7014855",371852,2025-11-23 09:04:39,43.3513374328613,-8.42610836029053,"Unknown"
"7014855",371852,2025-11-23 09:14:41,43.351619720459,-8.4260721206665,"Unknown"
"7014855",371852,2025-11-23 09:25:05,43.3519554138184,-8.42621803283691,"Unknown"
"7014855",371852,2025-11-23 09:34:33,43.3519401550293,-8.42622947692871,"Unknown"
"7014855",371852,2025-11-23 09:44:33,43.3519401550293,-8.42625713348389,"Unknown"
"7014855",371852,2025-11-23 09:54:33,43.3519630432129,-8.42628192901611,"Unknown"
"7014855",371852,2025-11-23 10:04:33,43.3518829345703,-8.42629528045654,"Unknown"
"7014855",371852,2025-11-23 10:14:34,43.3519897460938,-8.42625617980957,"Unknown"
"7014855",371852,2025-11-23 10:24:33,43.3519325256348,-8.42630577087402,"Unknown"
"7014855",371852,2025-11-23 10:34:36,43.3519668579102,-8.42622184753418,"Unknown"
"7014855",371852,2025-11-23 10:44:33,43.3519821166992,-8.42626762390137,"Unknown"
"7014855",371852,2025-11-23 10:54:33,43.351921081543,-8.42612457275391,"Unknown"
"7014855",371852,2025-11-23 11:04:34,43.3521461486816,-8.42640686035156,"Unknown"
"7014855",371852,2025-11-23 11:15:05,43.3520011901855,-8.42625427246094,"Unknown"
"7014855",371852,2025-11-23 11:19:33,43.351936340332,-8.42615222930908,"Unknown"
"7014855",371852,2025-11-23 11:24:33,43.3519706726074,-8.4262056350708,"Unknown"
"7014855",371852,2025-11-23 11:29:33,43.3519706726074,-8.42622661590576,"Unknown"
"7014855",371852,2025-11-23 11:34:33,43.3519668579102,-8.4262170791626,"Unknown"
"7014855",371852,2025-11-23 11:39:42,43.3519515991211,-8.42619800567627,"Unknown"
"7014855",371852,2025-11-23 11:44:33,43.3519477844238,-8.42620658874512,"Unknown"
"7014855",371852,2025-11-23 11:49:33,43.3519439697266,-8.4261589050293,"Unknown"
"7014855",371852,2025-11-23 11:54:33,43.351978302002,-8.42623329162598,"Unknown"
"7014855",371852,2025-11-23 11:59:33,43.3519248962402,-8.42620849609375,"Unknown"
"7014855",371852,2025-11-23 12:04:41,43.3519554138184,-8.42619800567627,"Unknown"
"7014855",371852,2025-11-23 12:09:33,43.351978302002,-8.42619132995605,"Unknown"
"7014855",371852,2025-11-23 12:14:33,43.3519248962402,-8.42620849609375,"Unknown"
"7014855",371852,2025-11-23 12:19:33,43.3519668579102,-8.42620182037354,"Unknown"
"7014855",371852,2025-11-23 12:24:33,43.3519515991211,-8.42629146575928,"Unknown"
"7014855",371852,2025-11-23 12:29:36,43.3519554138184,-8.42621803283691,"Unknown"
"7014855",371852,2025-11-23 12:34:33,43.3519973754883,-8.4262523651123,"Unknown"
"7014855",371852,2025-11-23 12:39:35,43.3519515991211,-8.42625617980957,"Unknown"
"7014855",371852,2025-11-23 12:44:34,43.3520050048828,-8.42598915100098,"Unknown"
"7014855",371852,2025-11-23 12:49:40,43.3519744873047,-8.42568016052246,"Unknown"
"7014855",371852,2025-11-23 12:54:39,43.3520393371582,-8.42642688751221,"Unknown"
"7014855",371852,2025-11-23 12:59:39,43.3520622253418,-8.42610549926758,"Unknown"
"7014855",371852,2025-11-23 13:04:47,43.3520889282227,-8.42696189880371,"Unknown"
"7014855",371852,2025-11-23 13:10:05,43.3520355224609,-8.42623138427734,"Unknown"
"7014855",371852,2025-11-23 13:14:38,43.3520393371582,-8.42630100250244,"Unknown"
"7014855",371852,2025-11-23 13:19:37,43.3520774841309,-8.42631816864014,"Unknown"
"7014855",371852,2025-11-23 13:24:37,43.3520812988281,-8.42631340026855,"Unknown"
"7014855",371852,2025-11-23 13:29:36,43.3521308898926,-8.42629051208496,"Unknown"
"7014855",371852,2025-11-23 13:34:38,43.3521194458008,-8.42644119262695,"Unknown"
"7014855",371852,2025-11-23 13:39:38,43.35205078125,-8.42642688751221,"Unknown"
"7014855",371852,2025-11-23 13:44:41,43.3519744873047,-8.42636489868164,"Unknown"
"7014855",371852,2025-11-23 13:49:36,43.3519897460938,-8.42632484436035,"Unknown"
"7014855",371852,2025-11-23 13:54:41,43.3519325256348,-8.426344871521,"Unknown"
"7014855",371852,2025-11-23 13:59:36,43.3519592285156,-8.42616176605225,"Unknown"
"7014855",371852,2025-11-23 14:04:41,43.3519401550293,-8.426100730896,"Unknown"
"7014855",371852,2025-11-23 14:09:40,43.3519592285156,-8.42618942260742,"Unknown"
"7014855",371852,2025-11-23 14:14:37,43.3519744873047,-8.42619800567627,"Unknown"
"7014855",371852,2025-11-23 14:19:40,43.3520050048828,-8.4261531829834,"Unknown"
"7014855",371852,2025-11-23 14:25:05,43.3520011901855,-8.42616271972656,"Unknown"
"7014855",371852,2025-11-23 14:29:33,43.3519706726074,-8.42620277404785,"Unknown"
"7014855",371852,2025-11-23 14:34:33,43.3519897460938,-8.42617416381836,"Unknown"
"7014855",371852,2025-11-23 14:39:33,43.351936340332,-8.42616271972656,"Unknown"
"7014855",371852,2025-11-23 14:44:33,43.3520240783691,-8.42618560791016,"Unknown"
"7014855",371852,2025-11-23 14:49:41,43.3519859313965,-8.42615509033203,"Unknown"
"7014855",371852,2025-11-23 14:54:35,43.3520317077637,-8.42613410949707,"Unknown"
"7014855",371852,2025-11-23 14:59:35,43.3520431518555,-8.42599105834961,"Unknown"
"7014855",371852,2025-11-23 15:04:37,43.3520431518555,-8.42593574523926,"Unknown"
"7014855",371852,2025-11-23 15:09:33,43.3520927429199,-8.42607402801514,"Unknown"
"7014855",371852,2025-11-23 15:14:38,43.3519973754883,-8.42605018615723,"Unknown"
"7014855",371852,2025-11-23 15:19:38,43.3520355224609,-8.42607593536377,"Unknown"
"7014855",371852,2025-11-23 15:24:38,43.3520622253418,-8.42615509033203,"Unknown"
"7014855",371852,2025-11-23 15:29:38,43.3520393371582,-8.42615127563477,"Unknown"
"7014855",371852,2025-11-23 15:34:37,43.3520698547363,-8.4262170791626,"Unknown"
"7014855",371852,2025-11-23 15:39:37,43.3520011901855,-8.42622375488281,"Unknown"
"7014855",371852,2025-11-23 15:44:36,43.3519744873047,-8.42614364624023,"Unknown"
"7014855",371852,2025-11-23 15:49:44,43.3520317077637,-8.42621517181396,"Unknown"
"7014855",371852,2025-11-23 15:54:36,43.3520469665527,-8.42625427246094,"Unknown"
"7014855",371852,2025-11-23 15:59:36,43.3520584106445,-8.42622089385986,"Unknown"
"7014855",371852,2025-11-23 16:04:39,43.3520965576172,-8.42628479003906,"Unknown"
"7014855",371852,2025-11-23 16:09:44,43.3521156311035,-8.42622661590576,"Unknown"
"7014855",371852,2025-11-23 16:14:38,43.3522834777832,-8.42617130279541,"Unknown"
"7014855",371852,2025-11-23 16:19:36,43.3519897460938,-8.42627239227295,"Unknown"
"7014855",371852,2025-11-23 16:24:38,43.3517036437988,-8.42643737792969,"Unknown"
"7014855",371852,2025-11-23 16:29:38,43.3519058227539,-8.42628383636475,"Unknown"
"7014855",371852,2025-11-23 16:34:38,43.3520011901855,-8.4262523651123,"Unknown"
"7014855",371852,2025-11-23 16:39:38,43.3519668579102,-8.42628288269043,"Unknown"
"7014855",371852,2025-11-23 16:44:38,43.3518867492676,-8.42623615264893,"Unknown"
"7014855",371852,2025-11-23 16:49:44,43.3520393371582,-8.4262752532959,"Unknown"
"7014855",371852,2025-11-23 16:55:05,43.351978302002,-8.42622089385986,"Unknown"
"7014855",371852,2025-11-23 16:59:33,43.3519554138184,-8.42619705200195,"Unknown"
"7014855",371852,2025-11-23 17:04:33,43.3519554138184,-8.42620468139648,"Unknown"
"7014855",371852,2025-11-23 17:09:35,43.3520011901855,-8.42619609832764,"Unknown"
"7014855",371852,2025-11-23 17:14:33,43.3519554138184,-8.42622756958008,"Unknown"
"7014855",371852,2025-11-23 17:19:35,43.3519744873047,-8.42621421813965,"Unknown"
"7014855",371852,2025-11-23 17:24:33,43.3519744873047,-8.4262228012085,"Unknown"
"7014855",371852,2025-11-23 17:29:33,43.3519477844238,-8.42626190185547,"Unknown"
"7014855",371852,2025-11-23 17:34:33,43.3519592285156,-8.42624473571777,"Unknown"
"7014855",371852,2025-11-23 17:39:35,43.3519515991211,-8.42628765106201,"Unknown"
"7014855",371852,2025-11-23 17:44:33,43.3519630432129,-8.4262056350708,"Unknown"
"7014855",371852,2025-11-23 17:49:36,43.3519401550293,-8.42621612548828,"Unknown"
"7014855",371852,2025-11-23 17:54:35,43.3518867492676,-8.42616653442383,"Unknown"
"7014855",371852,2025-11-23 17:59:35,43.3520126342773,-8.42621994018555,"Unknown"
"7014855",371852,2025-11-23 18:04:36,43.351993560791,-8.42624187469482,"Unknown"
"7014855",371852,2025-11-23 18:09:35,43.3519172668457,-8.42624473571777,"Unknown"
"7014855",371852,2025-11-23 18:14:37,43.3519630432129,-8.42627334594727,"Unknown"
"7014855",371852,2025-11-23 18:19:34,43.3519515991211,-8.42618465423584,"Unknown"
"7014855",371852,2025-11-23 18:24:36,43.3519897460938,-8.42613315582275,"Unknown"
"7014855",371852,2025-11-23 18:29:44,43.3519248962402,-8.42605495452881,"Unknown"
"7014855",371852,2025-11-23 18:34:34,43.351921081543,-8.42608547210693,"Unknown"
"7014855",371852,2025-11-23 18:39:34,43.3520355224609,-8.42617797851562,"Unknown"
"7014855",371852,2025-11-23 18:44:36,43.3517532348633,-8.4261302947998,"Unknown"
"7014855",371852,2025-11-23 18:49:44,43.3519515991211,-8.42641162872314,"Unknown"
"7014855",371852,2025-11-23 18:54:34,43.3519477844238,-8.426194190979,"Unknown"
"7014855",371852,2025-11-23 18:59:34,43.3519096374512,-8.42604160308838,"Unknown"
"7014855",371852,2025-11-23 19:04:38,43.3518905639648,-8.42625522613525,"Unknown"
"7014855",371852,2025-11-23 19:09:36,43.3519744873047,-8.42618465423584,"Unknown"
"7014855",371852,2025-11-23 19:14:34,43.3519897460938,-8.42632389068604,"Unknown"
"7014855",371852,2025-11-23 19:19:34,43.3518676757812,-8.42635631561279,"Unknown"
"7014855",371852,2025-11-23 19:24:34,43.351921081543,-8.42623424530029,"Unknown"
"7014855",371852,2025-11-23 19:29:34,43.3518447875977,-8.42609119415283,"Unknown"
"7014855",371852,2025-11-23 19:34:34,43.3518524169922,-8.42613983154297,"Unknown"
"7014855",371852,2025-11-23 19:39:34,43.351863861084,-8.42618560791016,"Unknown"
"7014855",371852,2025-11-23 19:44:34,43.351978302002,-8.42634773254395,"Unknown"
"7014855",371852,2025-11-23 19:50:05,43.3518905639648,-8.42618083953857,"Unknown"
"7014855",371852,2025-11-23 19:54:34,43.351921081543,-8.42615509033203,"Unknown"
"7014855",371852,2025-11-23 19:59:34,43.3518981933594,-8.4261646270752,"Unknown"
"7014855",371852,2025-11-23 20:04:34,43.3519401550293,-8.42617321014404,"Unknown"
"7014855",371852,2025-11-23 20:09:35,43.3520545959473,-8.42603874206543,"Unknown"
"7014855",371852,2025-11-23 20:14:34,43.351978302002,-8.42612838745117,"Unknown"
"7014855",371852,2025-11-23 20:19:35,43.3519477844238,-8.42612361907959,"Unknown"
"7014855",371852,2025-11-23 20:24:35,43.3520126342773,-8.42607307434082,"Unknown"
"7014855",371852,2025-11-23 20:29:35,43.3520736694336,-8.42607021331787,"Unknown"
"7014855",371852,2025-11-23 20:34:35,43.3519668579102,-8.4261302947998,"Unknown"
"7014855",371852,2025-11-23 20:39:35,43.3519821166992,-8.42608547210693,"Unknown"
"7014855",371852,2025-11-23 20:44:35,43.3520774841309,-8.42606830596924,"Unknown"
"7014855",371852,2025-11-23 20:49:35,43.3520050048828,-8.42609691619873,"Unknown"
"7014855",371852,2025-11-23 20:54:35,43.3520355224609,-8.42609024047852,"Unknown"
"7014855",371852,2025-11-23 21:04:42,43.352424621582,-8.42724990844727,"Unknown"
"7014855",371852,2025-11-23 21:14:36,43.3522720336914,-8.42656898498535,"Unknown"
"7014855",371852,2025-11-23 21:19:37,43.3522300720215,-8.42651271820068,"Unknown"
"7014855",371852,2025-11-23 21:29:39,43.3522109985352,-8.42717933654785,"Unknown"
"7014855",371852,2025-11-23 21:34:38,43.3521690368652,-8.42701816558838,"Unknown"
"7014855",371852,2025-11-23 21:39:36,43.3521614074707,-8.42701625823975,"Unknown"
"7014855",371852,2025-11-23 21:49:43,43.352165222168,-8.42722225189209,"Unknown"
"7014855",371852,2025-11-23 21:59:40,43.3520431518555,-8.42618274688721,"Unknown"
"7014855",371852,2025-11-23 22:09:41,43.3520317077637,-8.42630100250244,"Unknown"
"7014855",371852,2025-11-23 22:19:36,43.3519821166992,-8.42597103118896,"Unknown"
"7014855",371852,2025-11-23 22:29:36,43.3519325256348,-8.42623805999756,"Unknown"
"7014855",371852,2025-11-23 22:39:41,43.3520164489746,-8.42620468139648,"Unknown"
"7014855",371852,2025-11-23 22:50:01,43.3520240783691,-8.42631721496582,"Unknown"
"7014855",371852,2025-11-23 22:59:34,43.351936340332,-8.42625045776367,"Unknown"
"7014855",371852,2025-11-23 23:09:34,43.3519287109375,-8.42623043060303,"Unknown"
"7014855",371852,2025-11-23 23:19:34,43.3520088195801,-8.42623901367188,"Unknown"
"7014855",371852,2025-11-23 23:29:34,43.3520088195801,-8.42632007598877,"Unknown"
"7014855",371852,2025-11-23 23:39:34,43.3519821166992,-8.42621231079102,"Unknown"
"7014855",371852,2025-11-23 23:49:34,43.3519439697266,-8.42635631561279,"Unknown"
"7014855",371852,2025-11-23 23:59:34,43.351978302002,-8.42645454406738,"Unknown"
"7014855",371852,2025-11-24 00:09:34,43.351993560791,-8.42624187469482,"Unknown"
"7014855",371852,2025-11-24 00:19:34,43.3519821166992,-8.42621231079102,"Unknown"
"7014855",371852,2025-11-24 00:29:36,43.3520393371582,-8.4262228012085,"Unknown"
"7014855",371852,2025-11-24 00:39:38,43.351993560791,-8.42624092102051,"Unknown"
"7014855",371852,2025-11-24 00:49:39,43.3519821166992,-8.42616271972656,"Unknown"
"7014855",371852,2025-11-24 00:59:39,43.351936340332,-8.42619228363037,"Unknown"
"7014855",371852,2025-11-24 01:09:39,43.3519973754883,-8.42617225646973,"Unknown"
"7014855",371852,2025-11-24 01:20:14,43.3519706726074,-8.42616081237793,"Unknown"
"7014855",371852,2025-11-24 01:29:37,43.3520393371582,-8.42614650726318,"Unknown"
"7014855",371852,2025-11-24 01:39:38,43.3519630432129,-8.4260778427124,"Unknown"
"7014855",371852,2025-11-24 01:49:44,43.351993560791,-8.42616176605225,"Unknown"
"7014855",371852,2025-11-24 01:59:34,43.3519630432129,-8.42605590820312,"Unknown"
"7014855",371852,2025-11-24 02:09:39,43.3520545959473,-8.42613220214844,"Unknown"
"7014855",371852,2025-11-24 02:20:04,43.3518905639648,-8.42617511749268,"Unknown"
"7014855",371852,2025-11-24 02:29:34,43.3518486022949,-8.426194190979,"Unknown"
"7014855",371852,2025-11-24 02:39:34,43.3518943786621,-8.42615509033203,"Unknown"
"7014855",371852,2025-11-24 02:49:39,43.3520660400391,-8.42626094818115,"Unknown"
"7014855",371852,2025-11-24 02:59:40,43.3520431518555,-8.42623329162598,"Unknown"
"7014855",371852,2025-11-24 03:09:39,43.3520164489746,-8.42631721496582,"Unknown"
"7014855",371852,2025-11-24 03:19:46,43.3519744873047,-8.42628002166748,"Unknown"
"7014855",371852,2025-11-24 03:30:04,43.3520202636719,-8.4258279800415,"Unknown"
"7014855",371852,2025-11-24 03:39:44,43.351993560791,-8.42630481719971,"Unknown"
"7014855",371852,2025-11-24 03:49:34,43.3519592285156,-8.42647552490234,"Unknown"
"7014855",371852,2025-11-24 03:59:36,43.3518943786621,-8.42630386352539,"Unknown"
"7014855",371852,2025-11-24 04:09:42,43.3519058227539,-8.42641544342041,"Unknown"
"7014855",371852,2025-11-24 04:19:40,43.3517379760742,-8.42651081085205,"Unknown"
"7014855",371852,2025-11-24 04:29:40,43.3517837524414,-8.42669486999512,"Unknown"
"7014855",371852,2025-11-24 04:40:05,43.3518981933594,-8.42613983154297,"Unknown"
"7014855",371852,2025-11-24 04:49:39,43.3519287109375,-8.42617321014404,"Unknown"
"7014855",371852,2025-11-24 04:59:44,43.351993560791,-8.4261999130249,"Unknown"
"7014855",371852,2025-11-24 05:10:14,43.3520545959473,-8.42622470855713,"Unknown"
"7014855",371852,2025-11-24 05:19:34,43.351993560791,-8.42618942260742,"Unknown"
"7014855",371852,2025-11-24 05:29:34,43.3519897460938,-8.42619705200195,"Unknown"
"7014855",371852,2025-11-24 05:39:34,43.35205078125,-8.42623424530029,"Unknown"
"7014855",371852,2025-11-24 05:49:36,43.3520202636719,-8.42626476287842,"Unknown"
"7014855",371852,2025-11-24 05:59:43,43.3519554138184,-8.42623710632324,"Unknown"
"7014855",371852,2025-11-24 06:09:36,43.3520622253418,-8.42622947692871,"Unknown"
"7014855",371852,2025-11-24 06:19:38,43.3520355224609,-8.42629241943359,"Unknown"
"7014855",371852,2025-11-24 06:29:39,43.3520851135254,-8.42634391784668,"Unknown"
"7014855",371852,2025-11-24 06:39:39,43.3520126342773,-8.42629909515381,"Unknown"
"7014855",371852,2025-11-24 06:49:44,43.3518829345703,-8.42613887786865,"Unknown"
"7014855",371852,2025-11-24 06:59:37,43.3517951965332,-8.42623901367188,"Unknown"
"7014855",371852,2025-11-24 07:09:37,43.3519859313965,-8.4262638092041,"Unknown"
"7014855",371852,2025-11-24 07:19:39,43.3520812988281,-8.42641830444336,"Unknown"
"7014855",371852,2025-11-24 07:29:46,43.3519706726074,-8.42622375488281,"Unknown"
"7014855",371852,2025-11-24 07:40:02,43.3519859313965,-8.42625427246094,"Unknown"
"7014855",371852,2025-11-24 07:49:34,43.3519477844238,-8.42620468139648,"Unknown"
"7014855",371852,2025-11-24 07:59:34,43.3520393371582,-8.42624473571777,"Unknown"
"7014855",371852,2025-11-24 08:09:34,43.3519325256348,-8.42624187469482,"Unknown"
"7014855",371852,2025-11-24 08:19:35,43.3520545959473,-8.42638874053955,"Unknown"
"7014855",371852,2025-11-24 08:29:34,43.3521194458008,-8.42646980285645,"Unknown"
"7014855",371852,2025-11-24 08:39:44,43.3519668579102,-8.42619705200195,"Unknown"
"7014855",371852,2025-11-24 08:49:37,43.3519134521484,-8.42620658874512,"Unknown"
"7014855",371852,2025-11-24 08:59:37,43.3518600463867,-8.42626476287842,"Unknown"
"7014855",371852,2025-11-24 09:09:36,43.3518867492676,-8.42627429962158,"Unknown"
"7014855",371852,2025-11-24 09:19:36,43.3519897460938,-8.42644596099854,"Unknown"
"7014855",371852,2025-11-24 09:29:37,43.351978302002,-8.42656707763672,"Unknown"
"7014855",371852,2025-11-24 09:39:44,43.3520011901855,-8.42641735076904,"Unknown"
"7014855",371852,2025-11-24 09:49:37,43.3519554138184,-8.42619323730469,"Unknown"
"7014855",371852,2025-11-24 09:59:38,43.3519859313965,-8.42614555358887,"Unknown"
"7014855",371852,2025-11-24 10:10:05,43.3519248962402,-8.42622947692871,"Unknown"
"7014855",371852,2025-11-24 10:19:36,43.3519592285156,-8.4262580871582,"Unknown"
"7014855",371852,2025-11-24 10:29:36,43.3519477844238,-8.42627811431885,"Unknown"
"7014855",371852,2025-11-24 10:39:36,43.3519821166992,-8.42623710632324,"Unknown"
"7014855",371852,2025-11-24 10:49:34,43.3520164489746,-8.42623996734619,"Unknown"
"7014855",371852,2025-11-24 10:59:35,43.3520584106445,-8.42631816864014,"Unknown"
"7014855",371852,2025-11-24 11:09:36,43.3520240783691,-8.42630577087402,"Unknown"
"7014855",371852,2025-11-24 11:19:35,43.3520545959473,-8.4262752532959,"Unknown"
"7014855",371852,2025-11-24 11:29:34,43.3519973754883,-8.42638206481934,"Unknown"
"7014855",371852,2025-11-24 11:39:35,43.3519554138184,-8.42627429962158,"Unknown"
"7014855",371852,2025-11-24 11:49:35,43.3519630432129,-8.42610549926758,"Unknown"
"7014855",371852,2025-11-24 11:59:35,43.3520050048828,-8.42616176605225,"Unknown"
"7014855",371852,2025-11-24 12:09:37,43.3519401550293,-8.42632961273193,"Unknown"
"7014855",371852,2025-11-24 12:19:37,43.3518981933594,-8.42646598815918,"Unknown"
"7014855",371852,2025-11-24 12:29:40,43.3519821166992,-8.42632389068604,"Unknown"
"7014855",371852,2025-11-24 12:39:43,43.3519630432129,-8.42634105682373,"Unknown"
"7014855",371852,2025-11-24 12:50:05,43.351978302002,-8.42654609680176,"Unknown"
"7014855",371852,2025-11-24 13:00:14,43.3519859313965,-8.42621421813965,"Unknown"
"7014855",371852,2025-11-24 13:09:34,43.3519706726074,-8.42613410949707,"Unknown"
"7014855",371852,2025-11-24 13:19:34,43.3519172668457,-8.42593860626221,"Unknown"
"7014855",371852,2025-11-24 13:29:34,43.3519287109375,-8.42609977722168,"Unknown"
"7014855",371852,2025-11-24 13:39:34,43.3519706726074,-8.42617321014404,"Unknown"
"7014855",371852,2025-11-24 13:49:45,43.3519477844238,-8.42630481719971,"Unknown"
"7014855",371852,2025-11-24 13:59:38,43.3519859313965,-8.42620277404785,"Unknown"
"7014855",371852,2025-11-24 14:09:36,43.3519897460938,-8.42613983154297,"Unknown"
"7014855",371852,2025-11-24 14:14:34,43.3520851135254,-8.42619705200195,"Unknown"
"7014855",371852,2025-11-24 14:19:37,43.3519706726074,-8.42635440826416,"Unknown"
"7014855",371852,2025-11-24 14:24:41,43.3520355224609,-8.42626667022705,"Unknown"
"7014855",371852,2025-11-24 14:29:43,43.3519020080566,-8.42629241943359,"Unknown"
"7014855",371852,2025-11-24 14:40:05,43.3519477844238,-8.42624378204346,"Unknown"
"7014855",371852,2025-11-24 14:49:35,43.3518905639648,-8.42613887786865,"Unknown"
"7014855",371852,2025-11-24 14:54:36,43.3520278930664,-8.42612743377686,"Unknown"
"7014855",371852,2025-11-24 14:59:34,43.3519821166992,-8.426194190979,"Unknown"
"7014855",371852,2025-11-24 15:04:34,43.3519515991211,-8.42624473571777,"Unknown"
"7014855",371852,2025-11-24 15:09:34,43.3520469665527,-8.42615032196045,"Unknown"
"7014855",371852,2025-11-24 15:14:34,43.3519515991211,-8.42618656158447,"Unknown"
"7014855",371852,2025-11-24 15:19:36,43.3519630432129,-8.42613983154297,"Unknown"
"7014855",371852,2025-11-24 15:24:34,43.3518829345703,-8.42610836029053,"Unknown"
"7014855",371852,2025-11-24 15:29:34,43.3520393371582,-8.42620086669922,"Unknown"
"7014855",371852,2025-11-24 15:34:36,43.3518829345703,-8.42612171173096,"Unknown"
"7014855",371852,2025-11-24 15:39:34,43.3518562316895,-8.42606163024902,"Unknown"
"7014855",371852,2025-11-24 15:49:34,43.3519630432129,-8.42629528045654,"Unknown"
"7014855",371852,2025-11-24 15:54:34,43.3519020080566,-8.42619895935059,"Unknown"
"7014855",371852,2025-11-24 15:59:41,43.3518714904785,-8.42611503601074,"Unknown"
"7014855",371852,2025-11-24 16:05:05,43.351936340332,-8.42616271972656,"Unknown"
"7014855",371852,2025-11-24 16:09:34,43.3519058227539,-8.4262228012085,"Unknown"
"7014855",371852,2025-11-24 16:19:34,43.3520011901855,-8.42630004882812,"Unknown"
"7014855",371852,2025-11-24 16:24:36,43.3519706726074,-8.42627620697021,"Unknown"
"7014855",371852,2025-11-24 16:34:34,43.35205078125,-8.42623710632324,"Unknown"
"7014855",371852,2025-11-24 16:44:36,43.3520240783691,-8.42623901367188,"Unknown"
"7014855",371852,2025-11-24 16:49:34,43.3519287109375,-8.42620086669922,"Unknown"
"7014855",371852,2025-11-24 16:59:34,43.3520126342773,-8.42623805999756,"Unknown"
"7014855",371852,2025-11-24 17:09:39,43.3518943786621,-8.42611598968506,"Unknown"
"7014855",371852,2025-11-24 17:19:37,43.3520088195801,-8.42616653442383,"Unknown"
"7014855",371852,2025-11-24 17:29:45,43.3520965576172,-8.42624568939209,"Unknown"
"7014855",371852,2025-11-24 17:39:38,43.3518753051758,-8.42617130279541,"Unknown"
"7014855",371852,2025-11-24 17:50:14,43.3519477844238,-8.42621326446533,"Unknown"
"7014855",371852,2025-11-24 17:59:37,43.3519821166992,-8.42608833312988,"Unknown"
"7014855",371852,2025-11-24 18:09:39,43.351921081543,-8.42632293701172,"Unknown"
"7014855",371852,2025-11-24 18:19:39,43.3519897460938,-8.42623233795166,"Unknown"
"7014855",371852,2025-11-24 18:29:38,43.3519058227539,-8.42624950408936,"Unknown"
"7014855",371852,2025-11-24 18:39:37,43.3519859313965,-8.42636394500732,"Unknown"
"7014855",371852,2025-11-24 18:50:05,43.3519744873047,-8.42623901367188,"Unknown"
"7014855",371852,2025-11-24 18:59:35,43.3519287109375,-8.42609691619873,"Unknown"
"7014855",371852,2025-11-24 19:09:37,43.3519744873047,-8.4262752532959,"Unknown"
"7014855",371852,2025-11-24 19:19:42,43.3519287109375,-8.42638492584229,"Unknown"
"7014855",371852,2025-11-24 19:29:39,43.3519973754883,-8.42629241943359,"Unknown"
"7014855",371852,2025-11-24 19:39:42,43.3520164489746,-8.42630767822266,"Unknown"
"7014855",371852,2025-11-24 19:49:44,43.3520164489746,-8.42622661590576,"Unknown"
"7014855",371852,2025-11-24 20:00:03,43.3520164489746,-8.42624855041504,"Unknown"
"7014855",371852,2025-11-24 20:09:34,43.3519821166992,-8.42625141143799,"Unknown"
"7014855",371852,2025-11-24 20:19:35,43.3519592285156,-8.4261999130249,"Unknown"
"7014855",371852,2025-11-24 20:29:35,43.3519821166992,-8.42621994018555,"Unknown"
"7014855",371852,2025-11-24 20:39:34,43.3519515991211,-8.42633056640625,"Unknown"
"7014855",371852,2025-11-24 20:49:44,43.3519744873047,-8.42624092102051,"Unknown"
"7014855",371852,2025-11-24 20:59:37,43.3520050048828,-8.42622184753418,"Unknown"
"7014855",371852,2025-11-24 21:09:42,43.3521385192871,-8.42624187469482,"Unknown"
"7014855",371852,2025-11-24 21:19:42,43.3520278930664,-8.42640209197998,"Unknown"
"7014855",371852,2025-11-24 21:29:42,43.3519592285156,-8.42630100250244,"Unknown"
"7014855",371852,2025-11-24 21:39:48,43.3520584106445,-8.42653179168701,"Unknown"
"7014855",371852,2025-11-24 21:49:57,43.351936340332,-8.42607975006104,"Unknown"
"7014855",371852,2025-11-24 22:00:05,43.351993560791,-8.42618656158447,"Unknown"
"7014855",371852,2025-11-24 22:09:35,43.3519592285156,-8.42621040344238,"Unknown"
"7014855",371852,2025-11-24 22:19:34,43.3519897460938,-8.42621040344238,"Unknown"
"7014855",371852,2025-11-24 22:29:34,43.3519668579102,-8.42616367340088,"Unknown"
"7014855",371852,2025-11-24 22:39:34,43.3519630432129,-8.42618465423584,"Unknown"
"7014855",371852,2025-11-24 22:49:35,43.3520545959473,-8.42630004882812,"Unknown"
"7014855",371852,2025-11-24 22:59:36,43.3517456054688,-8.42574214935303,"Unknown"
"7014855",371852,2025-11-24 23:09:37,43.3518600463867,-8.42581176757812,"Unknown"
"7014855",371852,2025-11-24 23:19:38,43.351993560791,-8.4261360168457,"Unknown"
"7014855",371852,2025-11-24 23:30:00,43.3520126342773,-8.42627429962158,"Unknown"
"7014855",371852,2025-11-24 23:39:37,43.3519859313965,-8.4260721206665,"Unknown"
"7014855",371852,2025-11-24 23:49:49,43.3519668579102,-8.42626285552979,"Unknown"
"7014855",371852,2025-11-24 23:59:49,43.3519744873047,-8.42629718780518,"Unknown"
"7014855",371852,2025-11-25 00:09:49,43.3519439697266,-8.42626571655273,"Unknown"
"7014855",371852,2025-11-25 00:19:43,43.3517189025879,-8.42652702331543,"Unknown"
"7014855",371852,2025-11-25 00:29:49,43.3519248962402,-8.42646312713623,"Unknown"
"7014855",371852,2025-11-25 00:39:44,43.3520355224609,-8.42586517333984,"Unknown"
"7014855",371852,2025-11-25 00:49:43,43.3520240783691,-8.42612457275391,"Unknown"
"7014855",371852,2025-11-25 01:00:06,43.3519554138184,-8.42614269256592,"Unknown"
"7014855",371852,2025-11-25 01:10:11,43.3519515991211,-8.42619132995605,"Unknown"
"7014855",371852,2025-11-25 01:20:05,43.3519706726074,-8.42611980438232,"Unknown"
"7014855",371852,2025-11-25 01:29:35,43.3520088195801,-8.426513671875,"Unknown"
"7014855",371852,2025-11-25 01:39:35,43.3521003723145,-8.4264612197876,"Unknown"
"7014855",371852,2025-11-25 01:49:37,43.3519668579102,-8.42600440979004,"Unknown"
"7014855",371852,2025-11-25 01:59:37,43.3519477844238,-8.42593193054199,"Unknown"
"7014855",371852,2025-11-25 02:09:39,43.3523330688477,-8.42629528045654,"Unknown"
"7014855",371852,2025-11-25 02:20:04,43.3519668579102,-8.42620754241943,"Unknown"
"7014855",371852,2025-11-25 02:29:36,43.3519477844238,-8.42625427246094,"Unknown"
"7014855",371852,2025-11-25 02:39:35,43.3520126342773,-8.42624759674072,"Unknown"
"7014855",371852,2025-11-25 02:49:36,43.3521347045898,-8.42624855041504,"Unknown"
"7014855",371852,2025-11-25 02:59:36,43.3519020080566,-8.42620086669922,"Unknown"
"7014855",371852,2025-11-25 03:09:36,43.3520431518555,-8.42634105682373,"Unknown"
"7014855",371852,2025-11-25 03:19:36,43.3518981933594,-8.42619037628174,"Unknown"
"7014855",371852,2025-11-25 03:29:38,43.3519859313965,-8.42651844024658,"Unknown"
"7014855",371852,2025-11-25 03:39:39,43.3522109985352,-8.42678833007812,"Unknown"
"7014855",371852,2025-11-25 03:49:39,43.3520698547363,-8.42645168304443,"Unknown"
"7014855",371852,2025-11-25 04:00:05,43.3519401550293,-8.42624759674072,"Unknown"
"7014855",371852,2025-11-25 04:09:36,43.351749420166,-8.4260425567627,"Unknown"
"7014855",371852,2025-11-25 04:19:39,43.3521995544434,-8.42650032043457,"Unknown"
"7014855",371852,2025-11-25 04:29:41,43.3520011901855,-8.42631530761719,"Unknown"
"7014855",371852,2025-11-25 04:39:37,43.3517646789551,-8.42610263824463,"Unknown"
"7014855",371852,2025-11-25 04:49:41,43.3519439697266,-8.42624950408936,"Unknown"
"7014855",371852,2025-11-25 05:00:14,43.3519401550293,-8.42620277404785,"Unknown"
"7014855",371852,2025-11-25 05:09:35,43.3519287109375,-8.42617321014404,"Unknown"
"7014855",371852,2025-11-25 05:19:35,43.3518943786621,-8.42618179321289,"Unknown"
"7014855",371852,2025-11-25 05:29:36,43.3519668579102,-8.42624855041504,"Unknown"
"7014855",371852,2025-11-25 05:39:36,43.3519401550293,-8.42625045776367,"Unknown"
"7014855",371852,2025-11-25 05:50:05,43.3519172668457,-8.42615222930908,"Unknown"
"7014855",371852,2025-11-25 05:59:38,43.3519821166992,-8.42626285552979,"Unknown"
"7014855",371852,2025-11-25 06:09:54,43.3520393371582,-8.42633533477783,"Unknown"
"7014855",371852,2025-11-25 06:20:05,43.3519630432129,-8.42618560791016,"Unknown"
"7014855",371852,2025-11-25 06:29:46,43.3519897460938,-8.42618274688721,"Unknown"
"7014855",371852,2025-11-25 06:39:55,43.3520126342773,-8.42602729797363,"Unknown"
"7014855",371852,2025-11-25 06:50:14,43.3519630432129,-8.42626094818115,"Unknown"
"7014855",371852,2025-11-25 06:59:35,43.3521499633789,-8.42670822143555,"Unknown"
"7014855",371852,2025-11-25 07:09:46,43.3519287109375,-8.42627048492432,"Unknown"
"7014855",371852,2025-11-25 07:19:40,43.3520431518555,-8.42630195617676,"Unknown"
"7014855",371852,2025-11-25 07:29:36,43.3521118164062,-8.42639446258545,"Unknown"
"7014855",371852,2025-11-25 07:39:38,43.351734161377,-8.42625617980957,"Unknown"
"7014855",371852,2025-11-25 07:50:05,43.3519859313965,-8.42623329162598,"Unknown"
"7014855",371852,2025-11-25 07:59:35,43.351978302002,-8.42627143859863,"Unknown"
"7014855",371852,2025-11-25 08:09:35,43.351993560791,-8.42623043060303,"Unknown"
"7014855",371852,2025-11-25 08:19:35,43.3519821166992,-8.42631721496582,"Unknown"
"7014855",371852,2025-11-25 08:29:36,43.3519477844238,-8.42620944976807,"Unknown"
"7014855",371852,2025-11-25 08:39:35,43.3519477844238,-8.42620277404785,"Unknown"
"7014855",371852,2025-11-25 08:49:35,43.3519744873047,-8.42625617980957,"Unknown"
"7014855",371852,2025-11-25 08:59:35,43.3520584106445,-8.42647552490234,"Unknown"
"7014855",371852,2025-11-25 09:09:35,43.3519630432129,-8.42636966705322,"Unknown"
"7014855",371852,2025-11-25 09:19:36,43.3519897460938,-8.42642688751221,"Unknown"
"7014855",371852,2025-11-25 09:30:05,43.3519630432129,-8.42626571655273,"Unknown"
"7014855",371852,2025-11-25 09:39:36,43.3519477844238,-8.42627620697021,"Unknown"
"7014855",371852,2025-11-25 09:49:36,43.3519287109375,-8.42627429962158,"Unknown"
"7014855",371852,2025-11-25 09:59:35,43.3519592285156,-8.42631435394287,"Unknown"
"7014855",371852,2025-11-25 10:09:35,43.3519515991211,-8.42619228363037,"Unknown"
"7014855",371852,2025-11-25 10:19:35,43.3519096374512,-8.4262056350708,"Unknown"
"7014855",371852,2025-11-25 10:29:36,43.3519134521484,-8.42621326446533,"Unknown"
"7014855",371852,2025-11-25 10:39:36,43.3519058227539,-8.42614555358887,"Unknown"
"7014855",371852,2025-11-25 10:49:35,43.3518867492676,-8.42608642578125,"Unknown"
"7014855",371852,2025-11-25 10:59:37,43.3519287109375,-8.42619228363037,"Unknown"
"7014855",371852,2025-11-25 11:10:14,43.3519477844238,-8.4262228012085,"Unknown"
"7014855",371852,2025-11-25 11:19:35,43.3519668579102,-8.42631912231445,"Unknown"
"7014855",371852,2025-11-25 11:29:36,43.3519859313965,-8.42633724212646,"Unknown"
"7014855",371852,2025-11-25 11:39:38,43.3519172668457,-8.42648983001709,"Unknown"
"7014855",371852,2025-11-25 11:50:05,43.3519973754883,-8.4262170791626,"Unknown"
"7014855",371852,2025-11-25 11:59:35,43.3518981933594,-8.42612934112549,"Unknown"
"7014855",371852,2025-11-25 12:09:35,43.351936340332,-8.42624473571777,"Unknown"
"7014855",371852,2025-11-25 12:19:38,43.3519477844238,-8.42571449279785,"Unknown"
"7014855",371852,2025-11-25 12:24:35,43.3519325256348,-8.42569065093994,"Unknown"
"7014855",371852,2025-11-25 12:29:35,43.3518371582031,-8.42565250396729,"Unknown"
"7014855",371852,2025-11-25 12:34:35,43.3518676757812,-8.42563152313232,"Unknown"
"7014855",371852,2025-11-25 12:39:39,43.3519668579102,-8.42605876922607,"Unknown"
"7014855",371852,2025-11-25 12:44:38,43.3519973754883,-8.42625617980957,"Unknown"
"7014855",371852,2025-11-25 12:49:37,43.3519554138184,-8.4259729385376,"Unknown"
"7014855",371852,2025-11-25 12:54:45,43.3520278930664,-8.42644023895264,"Unknown"
"7014855",371852,2025-11-25 12:59:38,43.351993560791,-8.4262523651123,"Unknown"
"7014855",371852,2025-11-25 13:04:40,43.3519401550293,-8.42618560791016,"Unknown"
"7014855",371852,2025-11-25 13:09:41,43.3521347045898,-8.42703247070312,"Unknown"
"7014855",371852,2025-11-25 13:14:41,43.3521423339844,-8.42693710327148,"Unknown"
"7014855",371852,2025-11-25 13:19:43,43.3520431518555,-8.42646026611328,"Unknown"
"7014855",371852,2025-11-25 13:25:05,43.3520050048828,-8.42624759674072,"Unknown"
"7014855",371852,2025-11-25 13:29:36,43.3519325256348,-8.42617225646973,"Unknown"
"7014855",371852,2025-11-25 13:34:35,43.3518753051758,-8.42611598968506,"Unknown"
"7014855",371852,2025-11-25 13:39:35,43.3520240783691,-8.42622566223145,"Unknown"
"7014855",371852,2025-11-25 13:44:35,43.3519897460938,-8.42624092102051,"Unknown"
"7014855",371852,2025-11-25 13:49:35,43.3519592285156,-8.42618370056152,"Unknown"
"7014855",371852,2025-11-25 13:54:36,43.351978302002,-8.42620468139648,"Unknown"
"7014855",371852,2025-11-25 13:59:36,43.3520851135254,-8.42629432678223,"Unknown"
"7014855",371852,2025-11-25 14:04:35,43.3520240783691,-8.42621803283691,"Unknown"
"7014855",371852,2025-11-25 14:09:36,43.3521003723145,-8.42636108398438,"Unknown"
"7014855",371852,2025-11-25 14:14:35,43.3520545959473,-8.426344871521,"Unknown"
"7014855",371852,2025-11-25 14:19:37,43.3519592285156,-8.42633819580078,"Unknown"
"7014855",371852,2025-11-25 14:24:37,43.3519401550293,-8.42621040344238,"Unknown"
"7014855",371852,2025-11-25 14:29:37,43.351879119873,-8.42630195617676,"Unknown"
"7014855",371852,2025-11-25 14:34:37,43.3519630432129,-8.42619228363037,"Unknown"
"7014855",371852,2025-11-25 14:39:39,43.3518981933594,-8.42636299133301,"Unknown"
"7014855",371852,2025-11-25 14:44:50,43.3521690368652,-8.42618656158447,"Unknown"
"7014855",371852,2025-11-25 14:49:49,43.3521308898926,-8.42623710632324,"Unknown"
"7014855",371852,2025-11-25 14:54:49,43.3520851135254,-8.42621612548828,"Unknown"
"7014855",371852,2025-11-25 14:59:49,43.3521575927734,-8.42621326446533,"Unknown"
"7014855",371852,2025-11-25 15:04:49,43.3522529602051,-8.42618083953857,"Unknown"
"7014855",371852,2025-11-25 15:10:05,43.3519859313965,-8.42624473571777,"Unknown"
"7014855",371852,2025-11-25 15:14:35,43.3519248962402,-8.42628479003906,"Unknown"
"7014855",371852,2025-11-25 15:19:35,43.3520164489746,-8.42636680603027,"Unknown"
"7014855",371852,2025-11-25 15:24:36,43.35205078125,-8.4265022277832,"Unknown"
"7014855",371852,2025-11-25 15:29:37,43.3519630432129,-8.42611694335938,"Unknown"
"7014855",371852,2025-11-25 15:34:37,43.3520202636719,-8.42638492584229,"Unknown"
"7014855",371852,2025-11-25 15:39:35,43.3519859313965,-8.42622375488281,"Unknown"
"7014855",371852,2025-11-25 15:44:36,43.3520240783691,-8.42636013031006,"Unknown"
"7014855",371852,2025-11-25 15:49:35,43.3520698547363,-8.42643356323242,"Unknown"
"7014855",371852,2025-11-25 15:54:38,43.3521270751953,-8.42632007598877,"Unknown"
"7014855",371852,2025-11-25 15:59:35,43.3522415161133,-8.42656135559082,"Unknown"
"7014855",371852,2025-11-25 16:05:05,43.3519706726074,-8.42622947692871,"Unknown"
"7014855",371852,2025-11-25 16:09:36,43.3520278930664,-8.42623805999756,"Unknown"
"7014855",371852,2025-11-25 16:14:36,43.3519668579102,-8.4262113571167,"Unknown"
"7014855",371852,2025-11-25 16:19:35,43.3520011901855,-8.42623424530029,"Unknown"
"7014855",371852,2025-11-25 16:24:36,43.3519859313965,-8.4262752532959,"Unknown"
"7014855",371852,2025-11-25 16:29:42,43.3519401550293,-8.42618465423584,"Unknown"
"7014855",371852,2025-11-25 16:34:35,43.3519592285156,-8.42623138427734,"Unknown"
"7014855",371852,2025-11-25 16:39:35,43.3518753051758,-8.42608737945557,"Unknown"
"7014855",371852,2025-11-25 16:44:35,43.3518714904785,-8.42610645294189,"Unknown"
"7014855",371852,2025-11-25 16:49:35,43.3518753051758,-8.42609786987305,"Unknown"
"7014855",371852,2025-11-25 16:54:35,43.3518676757812,-8.4260721206665,"Unknown"
"7014855",371852,2025-11-25 16:59:36,43.3520355224609,-8.42621612548828,"Unknown"
"7014855",371852,2025-11-25 17:04:41,43.3515815734863,-8.42578887939453,"Unknown"
"7014855",371852,2025-11-25 17:09:38,43.3518447875977,-8.42591381072998,"Unknown"
"7014855",371852,2025-11-25 17:14:38,43.3520278930664,-8.42618083953857,"Unknown"
"7014855",371852,2025-11-25 17:20:23,43.3519515991211,-8.42623615264893,"Unknown"
"7014855",371852,2025-11-25 17:24:36,43.3519630432129,-8.42621040344238,"Unknown"
"7014855",371852,2025-11-25 17:29:36,43.351806640625,-8.42605876922607,"Unknown"
"7014855",371852,2025-11-25 17:34:37,43.3518600463867,-8.42608451843262,"Unknown"
"7014855",371852,2025-11-25 17:40:13,43.351978302002,-8.42621421813965,"Unknown"
"7014855",371852,2025-11-25 17:44:37,43.3520622253418,-8.42603492736816,"Unknown"
"7014855",371852,2025-11-25 17:49:39,43.3520774841309,-8.42652130126953,"Unknown"
"7014855",371852,2025-11-25 17:54:38,43.351921081543,-8.42570209503174,"Unknown"
"7014855",371852,2025-11-25 17:59:37,43.3520240783691,-8.4261589050293,"Unknown"
"7014855",371852,2025-11-25 18:04:38,43.3519668579102,-8.42560863494873,"Unknown"
"7014855",371852,2025-11-25 18:09:35,43.3520355224609,-8.42651748657227,"Unknown"
"7014855",371852,2025-11-25 18:14:35,43.3520011901855,-8.42616653442383,"Unknown"
"7014855",371852,2025-11-25 18:19:39,43.3519287109375,-8.42606067657471,"Unknown"
"7014855",371852,2025-11-25 18:24:37,43.3519592285156,-8.42604923248291,"Unknown"
"7014855",371852,2025-11-25 18:29:37,43.3520355224609,-8.42648696899414,"Unknown"
"7014855",371852,2025-11-25 18:34:54,43.3515472412109,-8.42480182647705,"Unknown"
"7014855",371852,2025-11-25 18:39:49,43.3515319824219,-8.42480278015137,"Unknown"
"7014855",371852,2025-11-25 18:44:49,43.3515548706055,-8.42483901977539,"Unknown"
"7014855",371852,2025-11-25 18:55:05,43.3519630432129,-8.42627334594727,"Unknown"
"7014855",371852,2025-11-25 18:59:35,43.3519248962402,-8.42622852325439,"Unknown"
"7014855",371852,2025-11-25 19:09:35,43.3519706726074,-8.42622852325439,"Unknown"
"7014855",371852,2025-11-25 19:19:35,43.3520050048828,-8.42615699768066,"Unknown"
"7014855",371852,2025-11-25 19:24:35,43.3520088195801,-8.42620849609375,"Unknown"
"7014855",371852,2025-11-25 19:34:35,43.3519401550293,-8.42626762390137,"Unknown"
"7014855",371852,2025-11-25 19:44:35,43.3520393371582,-8.42627811431885,"Unknown"
"7014855",371852,2025-11-25 19:54:35,43.3520889282227,-8.42626476287842,"Unknown"
"7014855",371852,2025-11-25 20:04:35,43.3519897460938,-8.42624282836914,"Unknown"
"7014855",371852,2025-11-25 20:14:35,43.3519554138184,-8.42623043060303,"Unknown"
"7014855",371852,2025-11-25 20:24:35,43.3519668579102,-8.42618751525879,"Unknown"
"7014855",371852,2025-11-25 20:34:35,43.3520011901855,-8.42628288269043,"Unknown"
"7014855",371852,2025-11-25 20:45:05,43.3519821166992,-8.42621231079102,"Unknown"
"7014855",371852,2025-11-25 20:54:35,43.3519439697266,-8.42617893218994,"Unknown"
"7014855",371852,2025-11-25 21:04:35,43.3519859313965,-8.42617321014404,"Unknown"
"7014855",371852,2025-11-25 21:14:35,43.3519325256348,-8.42626476287842,"Unknown"
"7014855",371852,2025-11-25 21:24:35,43.3520278930664,-8.42624759674072,"Unknown"
"7014855",371852,2025-11-25 21:34:36,43.3520126342773,-8.42632007598877,"Unknown"
"7014855",371852,2025-11-25 21:44:36,43.3520011901855,-8.42635631561279,"Unknown"
"7014855",371852,2025-11-25 21:54:36,43.3519744873047,-8.4262752532959,"Unknown"
"7014855",371852,2025-11-25 22:04:36,43.3519897460938,-8.42619514465332,"Unknown"
"7014855",371852,2025-11-25 22:14:38,43.3519706726074,-8.42637538909912,"Unknown"
"7014855",371852,2025-11-25 22:24:36,43.3520088195801,-8.42634677886963,"Unknown"
"7014855",371852,2025-11-25 22:34:36,43.3519744873047,-8.42633819580078,"Unknown"
"7014855",371852,2025-11-25 22:44:38,43.3519630432129,-8.42619323730469,"Unknown"
"7014855",371852,2025-11-25 22:54:40,43.3521423339844,-8.426513671875,"Unknown"
"7014855",371852,2025-11-25 23:04:45,43.3519706726074,-8.42624568939209,"Unknown"
"7014855",371852,2025-11-25 23:14:37,43.3521003723145,-8.426513671875,"Unknown"
"7014855",371852,2025-11-25 23:25:02,43.351993560791,-8.42630577087402,"Unknown"
"7014855",371852,2025-11-25 23:34:36,43.3519325256348,-8.42634677886963,"Unknown"
"7014855",371852,2025-11-25 23:44:36,43.3519668579102,-8.42631912231445,"Unknown"
"7014855",371852,2025-11-25 23:54:37,43.351993560791,-8.42599105834961,"Unknown"
"7014855",371852,2025-11-26 00:04:37,43.3518943786621,-8.42668342590332,"Unknown"
"7014855",371852,2025-11-26 00:15:05,43.3519706726074,-8.42626094818115,"Unknown"
"7014855",371852,2025-11-26 00:24:36,43.3520545959473,-8.42618560791016,"Unknown"
"7014855",371852,2025-11-26 00:34:37,43.3519897460938,-8.42611789703369,"Unknown"
"7014855",371852,2025-11-26 00:44:37,43.351993560791,-8.42627906799316,"Unknown"
"7014855",371852,2025-11-26 00:54:51,43.3519706726074,-8.42613124847412,"Unknown"
"7014855",371852,2025-11-26 01:05:14,43.3519592285156,-8.42624664306641,"Unknown"
"7014855",371852,2025-11-26 01:14:37,43.3519096374512,-8.42628479003906,"Unknown"
"7014855",371852,2025-11-26 01:24:39,43.351879119873,-8.42612552642822,"Unknown"
"7014855",371852,2025-11-26 01:34:37,43.3521270751953,-8.42614650726318,"Unknown"
"7014855",371852,2025-11-26 01:44:38,43.3519668579102,-8.42679977416992,"Unknown"
"7014855",371852,2025-11-26 01:55:05,43.3518829345703,-8.4260892868042,"Unknown"
"7014855",371852,2025-11-26 02:04:49,43.3519744873047,-8.42621040344238,"Unknown"
"7014855",371852,2025-11-26 02:15:05,43.351936340332,-8.4261999130249,"Unknown"
"7014855",371852,2025-11-26 02:24:37,43.3520851135254,-8.42625522613525,"Unknown"
"7014855",371852,2025-11-26 02:34:37,43.352108001709,-8.42628479003906,"Unknown"
"7014855",371852,2025-11-26 02:44:36,43.3520393371582,-8.42616844177246,"Unknown"
"7014855",371852,2025-11-26 02:54:36,43.3519821166992,-8.42623424530029,"Unknown"
"7014855",371852,2025-11-26 03:04:36,43.3519287109375,-8.42619705200195,"Unknown"
"7014855",371852,2025-11-26 03:14:36,43.3519401550293,-8.42620468139648,"Unknown"
"7014855",371852,2025-11-26 03:24:40,43.3519630432129,-8.42670345306396,"Unknown"
"7014855",371852,2025-11-26 03:34:38,43.351921081543,-8.42629241943359,"Unknown"
"7014855",371852,2025-11-26 03:44:38,43.351978302002,-8.42636013031006,"Unknown"
"7014855",371852,2025-11-26 03:54:38,43.3520126342773,-8.42626762390137,"Unknown"
"7014855",371852,2025-11-26 04:05:05,43.3519515991211,-8.42623996734619,"Unknown"
"7014855",371852,2025-11-26 04:14:39,43.3519973754883,-8.42617416381836,"Unknown"
"7014855",371852,2025-11-26 04:24:38,43.3520545959473,-8.4264612197876,"Unknown"
"7014855",371852,2025-11-26 04:34:38,43.3520050048828,-8.42643547058105,"Unknown"
"7014855",371852,2025-11-26 04:44:41,43.3518333435059,-8.42605495452881,"Unknown"
"7014855",371852,2025-11-26 04:55:08,43.351978302002,-8.42620182037354,"Unknown"
"7014855",371852,2025-11-26 05:04:36,43.3519668579102,-8.42627811431885,"Unknown"
"7014855",371852,2025-11-26 05:14:36,43.3521270751953,-8.42639827728271,"Unknown"
"7014855",371852,2025-11-26 05:24:36,43.3521423339844,-8.42639923095703,"Unknown"
"7014855",371852,2025-11-26 05:34:36,43.3520965576172,-8.42640590667725,"Unknown"
"7014855",371852,2025-11-26 05:44:38,43.3519859313965,-8.42628002166748,"Unknown"
"7014855",371852,2025-11-26 05:54:38,43.3520126342773,-8.42633628845215,"Unknown"
"7014855",371852,2025-11-26 06:04:54,43.3520164489746,-8.42626285552979,"Unknown"
"7014855",371852,2025-11-26 06:15:05,43.3519096374512,-8.42629432678223,"Unknown"
"7014855",371852,2025-11-26 06:24:36,43.3520011901855,-8.42628479003906,"Unknown"
"7014855",371852,2025-11-26 06:34:38,43.3519515991211,-8.42626762390137,"Unknown"
"7014855",371852,2025-11-26 06:44:39,43.3517951965332,-8.42588996887207,"Unknown"
"7014855",371852,2025-11-26 06:54:38,43.3519973754883,-8.42622566223145,"Unknown"
"7014855",371852,2025-11-26 07:04:36,43.3520393371582,-8.42618751525879,"Unknown"
"7014855",371852,2025-11-26 07:14:36,43.3520736694336,-8.42630386352539,"Unknown"
"7014855",371852,2025-11-26 07:24:36,43.3520736694336,-8.42636585235596,"Unknown"
"7014855",371852,2025-11-26 07:34:37,43.3521194458008,-8.42637825012207,"Unknown"
"7014855",371852,2025-11-26 07:44:39,43.3517990112305,-8.42611408233643,"Unknown"
"7014855",371852,2025-11-26 07:55:05,43.351993560791,-8.42623615264893,"Unknown"
"7014855",371852,2025-11-26 08:04:36,43.3520126342773,-8.42624187469482,"Unknown"
"7014855",371852,2025-11-26 08:14:36,43.3520202636719,-8.42624855041504,"Unknown"
"7014855",371852,2025-11-26 08:24:36,43.3519248962402,-8.42617130279541,"Unknown"
"7014855",371852,2025-11-26 08:34:37,43.3519554138184,-8.42618846893311,"Unknown"
"7014855",371852,2025-11-26 08:44:37,43.3520431518555,-8.42627143859863,"Unknown"
"7014855",371852,2025-11-26 08:54:36,43.3519020080566,-8.42617797851562,"Unknown"
"7014855",371852,2025-11-26 09:04:36,43.3519668579102,-8.4260425567627,"Unknown"
"7014855",371852,2025-11-26 09:14:38,43.3520011901855,-8.42637157440186,"Unknown"
"7014855",371852,2025-11-26 09:25:05,43.3519515991211,-8.42620754241943,"Unknown"
"7014855",371852,2025-11-26 09:34:37,43.3519554138184,-8.42624568939209,"Unknown"
"7014855",371852,2025-11-26 09:44:36,43.3519859313965,-8.42623424530029,"Unknown"
"7014855",371852,2025-11-26 09:54:36,43.3519439697266,-8.42624568939209,"Unknown"
"7014855",371852,2025-11-26 10:04:37,43.351936340332,-8.42621612548828,"Unknown"
"7014855",371852,2025-11-26 10:14:36,43.3519096374512,-8.42621994018555,"Unknown"
"7014855",371852,2025-11-26 10:24:37,43.351993560791,-8.42622661590576,"Unknown"
"7014855",371852,2025-11-26 10:34:36,43.3519668579102,-8.42625331878662,"Unknown"
"7014855",371852,2025-11-26 10:44:36,43.3519325256348,-8.42621517181396,"Unknown"
"7014855",371852,2025-11-26 10:54:39,43.3520393371582,-8.42638683319092,"Unknown"
"7014855",371852,2025-11-26 11:05:05,43.3519744873047,-8.42619228363037,"Unknown"
"7014855",371852,2025-11-26 11:14:36,43.3519172668457,-8.42630004882812,"Unknown"
"7014855",371852,2025-11-26 11:24:36,43.3520660400391,-8.42618942260742,"Unknown"
"7014855",371852,2025-11-26 11:34:37,43.3518676757812,-8.42646789550781,"Unknown"
"7014855",371852,2025-11-26 11:44:37,43.3521041870117,-8.42608165740967,"Unknown"
"7014855",371852,2025-11-26 11:54:42,43.351978302002,-8.42629718780518,"Unknown"
"7014855",371852,2025-11-26 12:05:05,43.3519515991211,-8.42617511749268,"Unknown"
"7014855",371852,2025-11-26 12:14:36,43.3519325256348,-8.42611026763916,"Unknown"
"7014855",371852,2025-11-26 12:24:37,43.351936340332,-8.42614364624023,"Unknown"
"7014855",371852,2025-11-26 12:34:37,43.3519668579102,-8.4261646270752,"Unknown"
"7014855",371852,2025-11-26 12:44:37,43.3518562316895,-8.42611789703369,"Unknown"
"7014855",371852,2025-11-26 12:54:36,43.3520317077637,-8.42620277404785,"Unknown"
"7014855",371852,2025-11-26 13:04:37,43.3519859313965,-8.42619037628174,"Unknown"
"7014855",371852,2025-11-26 13:14:36,43.3518943786621,-8.42612171173096,"Unknown"
"7014855",371852,2025-11-26 13:24:37,43.3520431518555,-8.42629623413086,"Unknown"
"7014855",371852,2025-11-26 13:34:37,43.3519287109375,-8.42614650726318,"Unknown"
"7014855",371852,2025-11-26 13:44:36,43.3520851135254,-8.42633247375488,"Unknown"
"7014855",371852,2025-11-26 13:54:37,43.3520088195801,-8.42621040344238,"Unknown"
"7014855",371852,2025-11-26 14:04:36,43.3520545959473,-8.42628479003906,"Unknown"
"7014855",371852,2025-11-26 14:14:37,43.3521194458008,-8.42635345458984,"Unknown"
"7014855",371852,2025-11-26 14:24:38,43.3519439697266,-8.42631435394287,"Unknown"
"7014855",371852,2025-11-26 14:34:40,43.3519821166992,-8.4262752532959,"Unknown"
"7014855",371852,2025-11-26 14:44:56,43.3521118164062,-8.4261999130249,"Unknown"
"7014855",371852,2025-11-26 14:54:53,43.3521118164062,-8.42616367340088,"Unknown"
"7014855",371852,2025-11-26 15:05:05,43.3519859313965,-8.42619705200195,"Unknown"
"7014855",371852,2025-11-26 15:14:36,43.3519897460938,-8.42616939544678,"Unknown"
"7014855",371852,2025-11-26 15:24:36,43.3520088195801,-8.42638301849365,"Unknown"
"7014855",371852,2025-11-26 15:34:36,43.3519248962402,-8.42607307434082,"Unknown"
"7014855",371852,2025-11-26 15:44:36,43.3518829345703,-8.42621421813965,"Unknown"
"7014855",371852,2025-11-26 15:54:37,43.351978302002,-8.42624568939209,"Unknown"
"7014855",371852,2025-11-26 16:04:40,43.3520164489746,-8.42624473571777,"Unknown"
"7014855",371852,2025-11-26 16:15:04,43.3519515991211,-8.42622375488281,"Unknown"
"7014855",371852,2025-11-26 16:24:36,43.3518409729004,-8.42609405517578,"Unknown"
"7014855",371852,2025-11-26 16:34:36,43.3518714904785,-8.42602348327637,"Unknown"
"7014855",371852,2025-11-26 16:44:36,43.3519554138184,-8.42612648010254,"Unknown"
"7014855",371852,2025-11-26 16:54:37,43.3520164489746,-8.42619895935059,"Unknown"
"7014855",371852,2025-11-26 17:04:38,43.3518829345703,-8.42606830596924,"Unknown"
"7014855",371852,2025-11-26 17:14:41,43.3520164489746,-8.42622470855713,"Unknown"
"7014855",371852,2025-11-26 17:25:14,43.351978302002,-8.42616367340088,"Unknown"
"7014855",371852,2025-11-26 17:35:02,43.351978302002,-8.4261474609375,"Unknown"
"7014855",371852,2025-11-26 17:44:41,43.3519859313965,-8.42631435394287,"Unknown"
"7014855",371852,2025-11-26 17:55:05,43.351978302002,-8.42618656158447,"Unknown"
"7014855",371852,2025-11-26 18:04:54,43.3518905639648,-8.42616939544678,"Unknown"
"7014855",371852,2025-11-26 18:14:41,43.3517990112305,-8.42616367340088,"Unknown"
"7014855",371852,2025-11-26 18:24:40,43.3520050048828,-8.42662239074707,"Unknown"
"7014855",371852,2025-11-26 18:34:39,43.351734161377,-8.42589378356934,"Unknown"
"7014855",371852,2025-11-26 18:45:05,43.3519515991211,-8.42630004882812,"Unknown"
"7014855",371852,2025-11-26 18:54:37,43.3519744873047,-8.42635631561279,"Unknown"
"7014855",371852,2025-11-26 19:04:36,43.3519744873047,-8.42631244659424,"Unknown"
"7014855",371852,2025-11-26 19:14:36,43.3519592285156,-8.42627906799316,"Unknown"
"7014855",371852,2025-11-26 19:24:36,43.351978302002,-8.42621231079102,"Unknown"
"7014855",371852,2025-11-26 19:34:36,43.3519706726074,-8.42627716064453,"Unknown"
"7014855",371852,2025-11-26 19:44:36,43.3520088195801,-8.42633247375488,"Unknown"
"7014855",371852,2025-11-26 19:54:39,43.3514213562012,-8.42650127410889,"Unknown"
"7014855",371852,2025-11-26 20:04:48,43.3520355224609,-8.42629432678223,"Unknown"
"7014855",371852,2025-11-26 20:14:48,43.3520889282227,-8.4262638092041,"Unknown"
"7014855",371852,2025-11-26 20:25:05,43.3520240783691,-8.42621994018555,"Unknown"
"7014855",371852,2025-11-26 20:34:36,43.3520164489746,-8.4262523651123,"Unknown"
"7014855",371852,2025-11-26 20:44:36,43.3519058227539,-8.42617321014404,"Unknown"
"7014855",371852,2025-11-26 20:54:36,43.3519706726074,-8.42623996734619,"Unknown"
"7014855",371852,2025-11-26 21:04:37,43.3519668579102,-8.42619895935059,"Unknown"
"7014855",371852,2025-11-26 21:14:36,43.351921081543,-8.42623901367188,"Unknown"
"7014855",371852,2025-11-26 21:24:37,43.3519744873047,-8.42629718780518,"Unknown"
"7014855",371852,2025-11-26 21:34:38,43.3520088195801,-8.42628192901611,"Unknown"
"7014855",371852,2025-11-26 21:44:41,43.3520088195801,-8.42633819580078,"Unknown"
"7014855",371852,2025-11-26 21:54:42,43.3520851135254,-8.42637538909912,"Unknown"
"7014855",371852,2025-11-26 22:04:40,43.3520011901855,-8.42632961273193,"Unknown"
"7014855",371852,2025-11-26 22:14:38,43.351993560791,-8.42629051208496,"Unknown"
"7014855",371852,2025-11-26 22:24:38,43.3520202636719,-8.42636680603027,"Unknown"
"7014855",371852,2025-11-26 22:34:38,43.3519630432129,-8.42635631561279,"Unknown"
"7014855",371852,2025-11-26 22:44:38,43.3519897460938,-8.42628288269043,"Unknown"
"7014855",371852,2025-11-26 22:54:41,43.3517265319824,-8.42560005187988,"Unknown"
"7014855",371852,2025-11-26 23:04:49,43.3519515991211,-8.42621326446533,"Unknown"
"7014855",371852,2025-11-26 23:14:40,43.3519897460938,-8.42621326446533,"Unknown"
"7014855",371852,2025-11-26 23:24:57,43.3520164489746,-8.42625522613525,"Unknown"
"7014855",371852,2025-11-26 23:35:00,43.3519592285156,-8.42616844177246,"Unknown"
"7014855",371852,2025-11-26 23:45:05,43.3519821166992,-8.42626857757568,"Unknown"
"7014855",371852,2025-11-26 23:54:37,43.351978302002,-8.42622756958008,"Unknown"
"7014855",371852,2025-11-27 00:04:37,43.351978302002,-8.42631530761719,"Unknown"
"7014855",371852,2025-11-27 00:14:37,43.3519973754883,-8.42614459991455,"Unknown"
"7014855",371852,2025-11-27 00:24:38,43.3519058227539,-8.42621326446533,"Unknown"
"7014855",371852,2025-11-27 00:34:37,43.3519401550293,-8.42620086669922,"Unknown"
"7014855",371852,2025-11-27 00:44:38,43.3519744873047,-8.42616558074951,"Unknown"
"7014855",371852,2025-11-27 00:54:39,43.3521118164062,-8.42642211914062,"Unknown"
"7014855",371852,2025-11-27 01:04:39,43.3519401550293,-8.42626953125,"Unknown"
"7014855",371852,2025-11-27 01:15:05,43.3520278930664,-8.4262228012085,"Unknown"
"7014855",371852,2025-11-27 01:24:38,43.3518943786621,-8.42603588104248,"Unknown"
"7014855",371852,2025-11-27 01:34:42,43.3520584106445,-8.42712593078613,"Unknown"
"7014855",371852,2025-11-27 01:44:39,43.3517074584961,-8.42529582977295,"Unknown"
"7014855",371852,2025-11-27 01:54:41,43.3518028259277,-8.42574691772461,"Unknown"
"7014855",371852,2025-11-27 02:05:05,43.3519325256348,-8.42621898651123,"Unknown"
"7014855",371852,2025-11-27 02:15:14,43.3519477844238,-8.42619037628174,"Unknown"
"7014855",371852,2025-11-27 02:24:37,43.3519020080566,-8.42624568939209,"Unknown"
"7014855",371852,2025-11-27 02:34:37,43.3519592285156,-8.42626667022705,"Unknown"
"7014855",371852,2025-11-27 02:44:38,43.3520278930664,-8.42616081237793,"Unknown"
"7014855",371852,2025-11-27 02:54:39,43.3519325256348,-8.42613315582275,"Unknown"
"7014855",371852,2025-11-27 03:04:41,43.3519668579102,-8.42620277404785,"Unknown"
"7014855",371852,2025-11-27 03:14:41,43.3518981933594,-8.42626476287842,"Unknown"
"7014855",371852,2025-11-27 03:25:05,43.3528327941895,-8.42689990997314,"Unknown"
"7014855",371852,2025-11-27 03:34:41,43.351921081543,-8.42620754241943,"Unknown"
"7014855",371852,2025-11-27 03:45:05,43.3518562316895,-8.42620468139648,"Unknown"
"7014855",371852,2025-11-27 03:54:39,43.3519668579102,-8.42623233795166,"Unknown"
"7014855",371852,2025-11-27 04:05:05,43.3519325256348,-8.42623996734619,"Unknown"
"7014855",371852,2025-11-27 04:14:48,43.3518905639648,-8.4262056350708,"Unknown"
"7014855",371852,2025-11-27 04:25:02,43.3518676757812,-8.42616748809814,"Unknown"
"7014855",371852,2025-11-27 04:35:05,43.3519897460938,-8.42621326446533,"Unknown"
"7014855",371852,2025-11-27 04:44:37,43.351921081543,-8.42619895935059,"Unknown"
"7014855",371852,2025-11-27 04:54:37,43.3520088195801,-8.42618846893311,"Unknown"
"7014855",371852,2025-11-27 05:04:37,43.3520584106445,-8.42622947692871,"Unknown"
"7014855",371852,2025-11-27 05:14:37,43.3519744873047,-8.42626762390137,"Unknown"
"7014855",371852,2025-11-27 05:24:38,43.3519630432129,-8.42635631561279,"Unknown"
"7014855",371852,2025-11-27 05:34:37,43.351879119873,-8.42643165588379,"Unknown"
"7014855",371852,2025-11-27 05:44:39,43.3519515991211,-8.42621803283691,"Unknown"
"7014855",371852,2025-11-27 05:54:37,43.3519897460938,-8.42616081237793,"Unknown"
"7014855",371852,2025-11-27 06:04:41,43.3518829345703,-8.4262056350708,"Unknown"
"7014855",371852,2025-11-27 06:14:40,43.3518562316895,-8.42617225646973,"Unknown"
"7014855",371852,2025-11-27 06:24:38,43.3519248962402,-8.42613792419434,"Unknown"
"7014855",371852,2025-11-27 06:34:40,43.3519744873047,-8.42635726928711,"Unknown"
"7014855",371852,2025-11-27 06:44:39,43.3519325256348,-8.42630004882812,"Unknown"
"7014855",371852,2025-11-27 06:55:05,43.3519744873047,-8.4262580871582,"Unknown"
"7014855",371852,2025-11-27 07:04:37,43.351921081543,-8.4262580871582,"Unknown"
"7014855",371852,2025-11-27 07:14:37,43.3519287109375,-8.42616748809814,"Unknown"
"7014855",371852,2025-11-27 07:24:38,43.3519172668457,-8.42628192901611,"Unknown"
"7014855",371852,2025-11-27 07:34:38,43.3520393371582,-8.42633247375488,"Unknown"
"7014855",371852,2025-11-27 07:44:38,43.3520393371582,-8.42625141143799,"Unknown"
"7014855",371852,2025-11-27 07:54:38,43.3521461486816,-8.42643070220947,"Unknown"
"7014855",371852,2025-11-27 08:04:37,43.3520698547363,-8.42634868621826,"Unknown"
"7014855",371852,2025-11-27 08:14:38,43.3520851135254,-8.4263973236084,"Unknown"
"7014855",371852,2025-11-27 08:24:39,43.351921081543,-8.4260368347168,"Unknown"
"7014855",371852,2025-11-27 08:34:39,43.3519744873047,-8.42614650726318,"Unknown"
"7014855",371852,2025-11-27 08:44:39,43.351676940918,-8.42555141448975,"Unknown"
"7014855",371852,2025-11-27 08:54:39,43.3522682189941,-8.42664813995361,"Unknown"
"7014855",371852,2025-11-27 09:04:40,43.3522109985352,-8.42665863037109,"Unknown"
"7014855",371852,2025-11-27 09:14:40,43.3518104553223,-8.42563438415527,"Unknown"
"7014855",371852,2025-11-27 09:24:55,43.3519668579102,-8.42578506469727,"Unknown"
"7014855",371852,2025-11-27 09:34:49,43.3519668579102,-8.42632007598877,"Unknown"
"7014855",371852,2025-11-27 09:45:05,43.3519515991211,-8.42624950408936,"Unknown"
"7014855",371852,2025-11-27 09:54:37,43.3519554138184,-8.42624950408936,"Unknown"
"7014855",371852,2025-11-27 10:04:37,43.3519401550293,-8.42626285552979,"Unknown"
"7014855",371852,2025-11-27 10:14:38,43.3519096374512,-8.42629241943359,"Unknown"
"7014855",371852,2025-11-27 10:24:38,43.351978302002,-8.42614841461182,"Unknown"
"7014855",371852,2025-11-27 10:34:37,43.3519172668457,-8.42609405517578,"Unknown"
"7014855",371852,2025-11-27 10:44:37,43.3519477844238,-8.42620944976807,"Unknown"
"7014855",371852,2025-11-27 10:55:14,43.351993560791,-8.42615604400635,"Unknown"
"7014855",371852,2025-11-27 11:04:38,43.3519401550293,-8.42621421813965,"Unknown"
"7014855",371852,2025-11-27 11:14:41,43.3520698547363,-8.42647361755371,"Unknown"
"7014855",371852,2025-11-27 11:24:38,43.352123260498,-8.42596244812012,"Unknown"
"7014855",371852,2025-11-27 11:34:40,43.3519439697266,-8.42652797698975,"Unknown"
"7014855",371852,2025-11-27 11:44:42,43.3519134521484,-8.42586517333984,"Unknown"
"7014855",371852,2025-11-27 11:55:05,43.351921081543,-8.42614555358887,"Unknown"
"7014855",371852,2025-11-27 12:05:05,43.3519668579102,-8.42619514465332,"Unknown"
"7014855",371852,2025-11-27 12:14:37,43.3520278930664,-8.4262228012085,"Unknown"
"7014855",371852,2025-11-27 12:25:06,43.3519897460938,-8.42617893218994,"Unknown"
"7014855",371852,2025-11-27 12:34:37,43.3519897460938,-8.42619132995605,"Unknown"
"7014855",371852,2025-11-27 12:44:37,43.3520126342773,-8.4261474609375,"Unknown"
"7014855",371852,2025-11-27 12:54:38,43.3519325256348,-8.42615222930908,"Unknown"
"7014855",371852,2025-11-27 13:04:39,43.3520469665527,-8.42623043060303,"Unknown"
"7014855",371852,2025-11-27 13:14:39,43.3520088195801,-8.42624664306641,"Unknown"
"7014855",371852,2025-11-27 13:25:04,43.3519401550293,-8.42618751525879,"Unknown"
"7014855",371852,2025-11-27 13:34:38,43.3519401550293,-8.42614555358887,"Unknown"
"7014855",371852,2025-11-27 13:44:37,43.3520240783691,-8.42620658874512,"Unknown"
"7014855",371852,2025-11-27 13:54:37,43.3520469665527,-8.42625904083252,"Unknown"
"7014855",371852,2025-11-27 14:04:38,43.3520736694336,-8.42612361907959,"Unknown"
"7014855",371852,2025-11-27 14:09:43,43.3520774841309,-8.42617034912109,"Unknown"
"7014855",371852,2025-11-27 14:19:45,43.3519973754883,-8.42607879638672,"Unknown"
"7014855",371852,2025-11-27 14:29:45,43.3519668579102,-8.42603588104248,"Unknown"
"7014855",371852,2025-11-27 14:40:05,43.35205078125,-8.42615127563477,"Unknown"
"7014855",371852,2025-11-27 14:44:37,43.3520164489746,-8.42612934112549,"Unknown"
"7014855",371852,2025-11-27 14:50:13,43.3520393371582,-8.42622089385986,"Unknown"
"7014855",371852,2025-11-27 14:54:37,43.3521041870117,-8.42614364624023,"Unknown"
"7014855",371852,2025-11-27 15:04:37,43.3520774841309,-8.42624855041504,"Unknown"
"7014855",371852,2025-11-27 15:14:37,43.3520851135254,-8.42637252807617,"Unknown"
"7014855",371852,2025-11-27 15:19:37,43.3520545959473,-8.42629814147949,"Unknown"
"7014855",371852,2025-11-27 15:29:37,43.35205078125,-8.4263334274292,"Unknown"
"7014855",371852,2025-11-27 15:34:37,43.3521003723145,-8.42631244659424,"Unknown"
"7014855",371852,2025-11-27 15:39:39,43.3519973754883,-8.42624664306641,"Unknown"
"7014855",371852,2025-11-27 15:44:37,43.3520469665527,-8.4263334274292,"Unknown"
"7014855",371852,2025-11-27 15:55:05,43.3520469665527,-8.42620277404785,"Unknown"
"7014855",371852,2025-11-27 16:05:14,43.3520469665527,-8.42622184753418,"Unknown"
"7014855",371852,2025-11-27 16:14:38,43.3520278930664,-8.42624282836914,"Unknown"
"7014855",371852,2025-11-27 16:24:42,43.3519706726074,-8.42617034912109,"Unknown"
"7014855",371852,2025-11-27 16:34:37,43.3520011901855,-8.42630004882812,"Unknown"
"7014855",371852,2025-11-27 16:44:38,43.3519744873047,-8.42608261108398,"Unknown"
"7014855",371852,2025-11-27 16:54:41,43.3519630432129,-8.42610836029053,"Unknown"
"7014855",371852,2025-11-27 17:04:39,43.3517608642578,-8.42595767974854,"Unknown"
"7014855",371852,2025-11-27 17:15:14,43.3519477844238,-8.42614078521729,"Unknown"
"7014855",371852,2025-11-27 17:24:43,43.3519020080566,-8.42650890350342,"Unknown"
"7014855",371852,2025-11-27 17:34:43,43.3519477844238,-8.42639064788818,"Unknown"
"7014855",371852,2025-11-27 17:44:47,43.3520889282227,-8.4262866973877,"Unknown"
"7014855",371852,2025-11-27 17:55:05,43.3519973754883,-8.42614555358887,"Unknown"
"7014855",371852,2025-11-27 18:04:39,43.3519668579102,-8.42602157592773,"Unknown"
"7014855",371852,2025-11-27 18:14:40,43.3522529602051,-8.42711067199707,"Unknown"
"7014855",371852,2025-11-27 18:24:41,43.3519630432129,-8.42597484588623,"Unknown"
"7014855",371852,2025-11-27 18:34:38,43.3520050048828,-8.42598152160645,"Unknown"
"7014855",371852,2025-11-27 18:44:41,43.3520240783691,-8.42612171173096,"Unknown"
"7014855",371852,2025-11-27 18:54:39,43.3520622253418,-8.4258451461792,"Unknown"
"7014855",371852,2025-11-27 19:04:39,43.3518981933594,-8.42601108551025,"Unknown"
"7014855",371852,2025-11-27 19:14:40,43.3519630432129,-8.42601299285889,"Unknown"
"7014855",371852,2025-11-27 19:24:44,43.3520584106445,-8.42609310150146,"Unknown"
"7014855",371852,2025-11-27 19:35:05,43.3521041870117,-8.42618179321289,"Unknown"
"7014855",371852,2025-11-27 19:44:39,43.3520126342773,-8.42616081237793,"Unknown"
"7014855",371852,2025-11-27 19:54:38,43.3521347045898,-8.4260835647583,"Unknown"
"7014855",371852,2025-11-27 20:04:39,43.3520240783691,-8.42602825164795,"Unknown"
"7014855",371852,2025-11-27 20:14:40,43.3519859313965,-8.42592620849609,"Unknown"
"7014855",371852,2025-11-27 20:24:39,43.351978302002,-8.42597103118896,"Unknown"
"7014855",371852,2025-11-27 20:34:39,43.3518943786621,-8.42571544647217,"Unknown"
"7014855",371852,2025-11-27 20:45:05,43.352123260498,-8.42627239227295,"Unknown"
"7014855",371852,2025-11-27 20:54:38,43.3519859313965,-8.42623519897461,"Unknown"
"7014855",371852,2025-11-27 21:04:38,43.3520355224609,-8.42622375488281,"Unknown"
"7014855",371852,2025-11-27 21:14:39,43.3519134521484,-8.42629241943359,"Unknown"
"7014855",371852,2025-11-27 21:24:38,43.351993560791,-8.42630672454834,"Unknown"
"7014855",371852,2025-11-27 21:34:39,43.3519134521484,-8.42628955841064,"Unknown"
"7014855",371852,2025-11-27 21:44:38,43.351993560791,-8.42628765106201,"Unknown"
"7014855",371852,2025-11-27 21:54:39,43.3519859313965,-8.42622184753418,"Unknown"
"7014855",371852,2025-11-27 22:04:40,43.3520355224609,-8.42631053924561,"Unknown"
"7014855",371852,2025-11-27 22:14:38,43.3519439697266,-8.42617511749268,"Unknown"
"7014855",371852,2025-11-27 22:24:38,43.3520164489746,-8.42621231079102,"Unknown"
"7014855",371852,2025-11-27 22:34:39,43.3518905639648,-8.42614364624023,"Unknown"
"7014855",371852,2025-11-27 22:44:41,43.3522987365723,-8.42692852020264,"Unknown"
"7014855",371852,2025-11-27 22:54:44,43.3519859313965,-8.42611598968506,"Unknown"
"7014855",371852,2025-11-27 23:04:42,43.3514213562012,-8.42444610595703,"Unknown"
"7014855",371852,2025-11-27 23:15:01,43.3519859313965,-8.42629146575928,"Unknown"
"7014855",371852,2025-11-27 23:24:38,43.3519020080566,-8.42618560791016,"Unknown"
"7014855",371852,2025-11-27 23:34:39,43.3518905639648,-8.42658710479736,"Unknown"
"7014855",371852,2025-11-27 23:44:40,43.3519554138184,-8.42661666870117,"Unknown"
"7014855",371852,2025-11-27 23:54:39,43.3519325256348,-8.42677021026611,"Unknown"
"7014855",371852,2025-11-28 00:05:04,43.3519515991211,-8.42631340026855,"Unknown"
"7014855",371852,2025-11-28 00:14:38,43.3520088195801,-8.42619228363037,"Unknown"
"7014855",371852,2025-11-28 00:24:39,43.3520736694336,-8.42648220062256,"Unknown"
"7014855",371852,2025-11-28 00:34:41,43.3520622253418,-8.42629337310791,"Unknown"
"7014855",371852,2025-11-28 00:44:49,43.3519248962402,-8.42608070373535,"Unknown"
"7014855",371852,2025-11-28 00:54:47,43.3519134521484,-8.42611885070801,"Unknown"
"7014855",371852,2025-11-28 01:04:42,43.3521881103516,-8.42675113677979,"Unknown"
"7014855",371852,2025-11-28 01:14:42,43.3521041870117,-8.42668724060059,"Unknown"
"7014855",371852,2025-11-28 01:24:52,43.3518295288086,-8.42612934112549,"Unknown"
"7014855",371852,2025-11-28 01:34:49,43.3519477844238,-8.42609977722168,"Unknown"
"7014855",371852,2025-11-28 01:44:40,43.3518981933594,-8.42599391937256,"Unknown"
"7014855",371852,2025-11-28 01:54:46,43.3516883850098,-8.42629337310791,"Unknown"
"7014855",371852,2025-11-28 02:05:05,43.3519096374512,-8.42612934112549,"Unknown"
"7014855",371852,2025-11-28 02:14:39,43.3517913818359,-8.42622756958008,"Unknown"
"7014855",371852,2025-11-28 02:24:39,43.3520698547363,-8.42623043060303,"Unknown"
"7014855",371852,2025-11-28 02:34:39,43.3519744873047,-8.42620277404785,"Unknown"
"7014855",371852,2025-11-28 02:44:39,43.3519592285156,-8.42620086669922,"Unknown"
"7014855",371852,2025-11-28 02:54:38,43.3519325256348,-8.42619228363037,"Unknown"
"7014855",371852,2025-11-28 03:04:38,43.3519096374512,-8.42614936828613,"Unknown"
"7014855",371852,2025-11-28 03:14:38,43.3519020080566,-8.42610645294189,"Unknown"
"7014855",371852,2025-11-28 03:24:40,43.3519096374512,-8.42614936828613,"Unknown"
"7014855",371852,2025-11-28 03:34:40,43.3519325256348,-8.42634773254395,"Unknown"
"7014855",371852,2025-11-28 03:44:40,43.3519821166992,-8.42630767822266,"Unknown"
"7014855",371852,2025-11-28 03:54:43,43.3519134521484,-8.4261360168457,"Unknown"
"7014855",371852,2025-11-28 04:04:42,43.3522148132324,-8.4265604019165,"Unknown"
"7014855",371852,2025-11-28 04:14:40,43.3520126342773,-8.42631435394287,"Unknown"
"7014855",371852,2025-11-28 04:24:41,43.3518562316895,-8.42615795135498,"Unknown"
"7014855",371852,2025-11-28 04:34:46,43.3518333435059,-8.42614650726318,"Unknown"
"7014855",371852,2025-11-28 04:44:45,43.3517684936523,-8.42609977722168,"Unknown"
"7014855",371852,2025-11-28 04:54:49,43.3517532348633,-8.42605018615723,"Unknown"
"7014855",371852,2025-11-28 05:04:46,43.3512992858887,-8.42562294006348,"Unknown"
"7014855",371852,2025-11-28 05:15:00,43.3514938354492,-8.42583847045898,"Unknown"
"7014855",371852,2025-11-28 05:25:14,43.3520736694336,-8.42632961273193,"Unknown"
"7014855",371852,2025-11-28 05:34:38,43.3522109985352,-8.4264087677002,"Unknown"
"7014855",371852,2025-11-28 05:44:39,43.3521766662598,-8.42626667022705,"Unknown"
"7014855",371852,2025-11-28 05:55:11,43.3519477844238,-8.42609691619873,"Unknown"
"7014855",371852,2025-11-28 06:04:38,43.3519897460938,-8.42619037628174,"Unknown"
"7014855",371852,2025-11-28 06:14:38,43.3520164489746,-8.42631435394287,"Unknown"
"7014855",371852,2025-11-28 06:24:39,43.351879119873,-8.4262228012085,"Unknown"
"7014855",371852,2025-11-28 06:34:39,43.3520927429199,-8.42630290985107,"Unknown"
"7014855",371852,2025-11-28 06:44:39,43.3520660400391,-8.42632007598877,"Unknown"
"7014855",371852,2025-11-28 06:55:05,43.3519554138184,-8.42621803283691,"Unknown"
"7014855",371852,2025-11-28 07:04:39,43.3519554138184,-8.42615985870361,"Unknown"
"7014855",371852,2025-11-28 07:14:39,43.3519668579102,-8.42615604400635,"Unknown"
"7014855",371852,2025-11-28 07:24:40,43.3520202636719,-8.42627239227295,"Unknown"
"7014855",371852,2025-11-28 07:34:39,43.3521041870117,-8.42632389068604,"Unknown"
"7014855",371852,2025-11-28 07:44:39,43.3520202636719,-8.42623901367188,"Unknown"
"7014855",371852,2025-11-28 07:54:38,43.3519897460938,-8.42626953125,"Unknown"
"7014855",371852,2025-11-28 08:04:39,43.3520736694336,-8.42639064788818,"Unknown"
"7014855",371852,2025-11-28 08:14:39,43.3521003723145,-8.42643547058105,"Unknown"
"7014855",371852,2025-11-28 08:24:40,43.3519859313965,-8.42625522613525,"Unknown"
"7014855",371852,2025-11-28 08:34:39,43.3520011901855,-8.42635345458984,"Unknown"
"7014855",371852,2025-11-28 08:44:39,43.3520355224609,-8.42631721496582,"Unknown"
"7014855",371852,2025-11-28 08:54:39,43.351993560791,-8.42630577087402,"Unknown"
"7014855",371852,2025-11-28 09:04:39,43.3517913818359,-8.42649841308594,"Unknown"
"7014855",371852,2025-11-28 09:14:39,43.3519401550293,-8.426438331604,"Unknown"
"7014855",371852,2025-11-28 09:24:39,43.3519554138184,-8.42646026611328,"Unknown"
"7014855",371852,2025-11-28 09:34:39,43.3518218994141,-8.42643070220947,"Unknown"
"7014855",371852,2025-11-28 09:44:39,43.3518943786621,-8.42641353607178,"Unknown"
"7014855",371852,2025-11-28 09:54:39,43.3519096374512,-8.42632865905762,"Unknown"
"7014855",371852,2025-11-28 10:04:39,43.3519134521484,-8.42633628845215,"Unknown"
"7014855",371852,2025-11-28 10:14:39,43.3519439697266,-8.42634391784668,"Unknown"
"7014855",371852,2025-11-28 10:24:39,43.3519248962402,-8.42630481719971,"Unknown"
"7014855",371852,2025-11-28 10:34:40,43.3519630432129,-8.42626762390137,"Unknown"
"7014855",371852,2025-11-28 10:44:40,43.3520393371582,-8.42622375488281,"Unknown"
"7014855",371852,2025-11-28 10:54:40,43.3520584106445,-8.42624568939209,"Unknown"
"7014855",371852,2025-11-28 11:04:40,43.3520851135254,-8.42624568939209,"Unknown"
"7014855",371852,2025-11-28 11:14:40,43.3520965576172,-8.42616271972656,"Unknown"
"7014855",371852,2025-11-28 11:24:40,43.3519859313965,-8.4264087677002,"Unknown"
"7014855",371852,2025-11-28 11:34:40,43.3519859313965,-8.42619705200195,"Unknown"
"7014855",371852,2025-11-28 11:44:40,43.3518943786621,-8.42632102966309,"Unknown"
"7014855",371852,2025-11-28 11:54:40,43.351978302002,-8.42615795135498,"Unknown"
"7014855",371852,2025-11-28 12:04:40,43.3519668579102,-8.42618465423584,"Unknown"
"7014855",371852,2025-11-28 12:14:40,43.3520965576172,-8.42581558227539,"Unknown"
"7014855",371852,2025-11-28 12:24:40,43.3519973754883,-8.42613887786865,"Unknown"
"7014855",371852,2025-11-28 12:34:40,43.3520202636719,-8.42619323730469,"Unknown"
"7014855",371852,2025-11-28 12:44:40,43.3520126342773,-8.42614269256592,"Unknown"
"7014855",371852,2025-11-28 12:54:40,43.3519744873047,-8.42617225646973,"Unknown"
"7014855",371852,2025-11-28 13:04:40,43.3518676757812,-8.42629528045654,"Unknown"
"7014855",371852,2025-11-28 13:14:40,43.3520240783691,-8.42619514465332,"Unknown"
"7014855",371852,2025-11-28 13:24:40,43.3521385192871,-8.42606925964355,"Unknown"
"7014855",371852,2025-11-28 13:34:40,43.3521690368652,-8.42601585388184,"Unknown"
"7014855",371852,2025-11-28 13:44:40,43.3521728515625,-8.4260835647583,"Unknown"
"7014855",371852,2025-11-28 13:54:40,43.3522148132324,-8.42612266540527,"Unknown"
"7014855",371852,2025-11-28 14:04:40,43.3521308898926,-8.42609310150146,"Unknown"
"7014855",371852,2025-11-28 14:14:41,43.3521614074707,-8.42614364624023,"Unknown"
"7014855",371852,2025-11-28 14:24:42,43.352222442627,-8.42617893218994,"Unknown"
"7014855",371852,2025-11-28 14:34:40,43.352123260498,-8.42615699768066,"Unknown"
"7014855",371852,2025-11-28 14:44:41,43.3521842956543,-8.42595195770264,"Unknown"
"7014855",371852,2025-11-28 14:54:40,43.3521156311035,-8.42609786987305,"Unknown"
"7014855",371852,2025-11-28 15:04:41,43.3522186279297,-8.42589855194092,"Unknown"
"7014855",371852,2025-11-28 15:14:41,43.3521614074707,-8.42603206634521,"Unknown"
"7014855",371852,2025-11-28 15:24:40,43.3520698547363,-8.42619132995605,"Unknown"
"7014855",371852,2025-11-28 15:34:40,43.3520698547363,-8.42623996734619,"Unknown"
"7014855",371852,2025-11-28 15:44:42,43.3522415161133,-8.42585182189941,"Unknown"
"7014855",371852,2025-11-28 15:54:40,43.3521995544434,-8.42598342895508,"Unknown"
"7014855",371852,2025-11-28 16:04:42,43.3520736694336,-8.42623519897461,"Unknown"
"7014855",371852,2025-11-28 16:14:43,43.3520774841309,-8.42593002319336,"Unknown"
"7014855",371852,2025-11-28 16:24:40,43.3520088195801,-8.42649459838867,"Unknown"
"7014855",371852,2025-11-28 16:34:41,43.3520774841309,-8.42633533477783,"Unknown"
"7014855",371852,2025-11-28 16:44:40,43.3521118164062,-8.42626094818115,"Unknown"
"7014855",371852,2025-11-28 16:54:42,43.351993560791,-8.42630004882812,"Unknown"
"7014855",371852,2025-11-28 17:04:42,43.352123260498,-8.42618846893311,"Unknown"
"7014855",371852,2025-11-28 17:14:42,43.352123260498,-8.42635726928711,"Unknown"
"7014855",371852,2025-11-28 17:24:41,43.3521118164062,-8.42631816864014,"Unknown"
"7014855",371852,2025-11-28 17:34:40,43.3521041870117,-8.4262752532959,"Unknown"
"7014855",371852,2025-11-28 17:44:41,43.3521270751953,-8.42621803283691,"Unknown"
"7014855",371852,2025-11-28 17:54:40,43.3521003723145,-8.42624092102051,"Unknown"
"7014855",371852,2025-11-28 18:04:40,43.3520736694336,-8.42621231079102,"Unknown"
"7014855",371852,2025-11-28 18:14:41,43.3521461486816,-8.42615699768066,"Unknown"
"7014855",371852,2025-11-28 18:24:40,43.3520851135254,-8.42629241943359,"Unknown"
"7014855",371852,2025-11-28 18:34:40,43.3521728515625,-8.42626953125,"Unknown"
"7014855",371852,2025-11-28 18:44:40,43.3520545959473,-8.42636966705322,"Unknown"
"7014855",371852,2025-11-28 18:54:40,43.3519134521484,-8.42640399932861,"Unknown"
"7014855",371852,2025-11-28 19:04:40,43.3520126342773,-8.42632007598877,"Unknown"
"7014855",371852,2025-11-28 19:14:40,43.3521041870117,-8.42632293701172,"Unknown"
"7014855",371852,2025-11-28 19:24:40,43.352123260498,-8.42638206481934,"Unknown"
"7014855",371852,2025-11-28 19:34:40,43.3522148132324,-8.42636585235596,"Unknown"
"7014855",371852,2025-11-28 19:44:40,43.3521690368652,-8.42639636993408,"Unknown"
"7014855",371852,2025-11-28 19:54:40,43.3522300720215,-8.426344871521,"Unknown"
"7014855",371852,2025-11-28 20:04:40,43.3522338867188,-8.42636871337891,"Unknown"
"7014855",371852,2025-11-28 20:14:40,43.3521881103516,-8.42640686035156,"Unknown"
"7014855",371852,2025-11-28 20:24:40,43.3521270751953,-8.4263916015625,"Unknown"
"7014855",371852,2025-11-28 20:34:40,43.3521194458008,-8.42640495300293,"Unknown"
"7014855",371852,2025-11-28 20:44:42,43.3520393371582,-8.42641639709473,"Unknown"
"7014855",371852,2025-11-28 20:54:40,43.3520164489746,-8.42640495300293,"Unknown"
"7014855",371852,2025-11-28 21:04:40,43.351863861084,-8.42652893066406,"Unknown"
"7014855",371852,2025-11-28 21:14:40,43.3520164489746,-8.4263744354248,"Unknown"
"7014855",371852,2025-11-28 21:24:40,43.3520278930664,-8.42640399932861,"Unknown"
"7014855",371852,2025-11-28 21:34:40,43.351921081543,-8.42646598815918,"Unknown"
"7014855",371852,2025-11-28 21:44:40,43.3519287109375,-8.42638778686523,"Unknown"
"7014855",371852,2025-11-28 21:54:39,43.3521308898926,-8.42626667022705,"Unknown"
"7014855",371852,2025-11-28 22:04:39,43.3522987365723,-8.42665004730225,"Unknown"
"7014855",371852,2025-11-28 22:14:40,43.3521957397461,-8.42630195617676,"Unknown"
"7014855",371852,2025-11-28 22:24:40,43.3523979187012,-8.42679023742676,"Unknown"
"7014855",371852,2025-11-28 22:34:41,43.351634979248,-8.42585182189941,"Unknown"
"7014855",371852,2025-11-28 22:44:41,43.3519744873047,-8.4260892868042,"Unknown"
"7014855",371852,2025-11-28 22:54:41,43.3521003723145,-8.42621326446533,"Unknown"
"7014855",371852,2025-11-28 23:04:41,43.3520355224609,-8.42616748809814,"Unknown"
"7014855",371852,2025-11-28 23:14:41,43.3518486022949,-8.42590141296387,"Unknown"
"7014855",371852,2025-11-28 23:24:41,43.3521614074707,-8.42523384094238,"Unknown"
"7014855",371852,2025-11-28 23:34:41,43.3519897460938,-8.42599391937256,"Unknown"
"7014855",371852,2025-11-28 23:44:41,43.3519744873047,-8.42599487304688,"Unknown"
"7014855",371852,2025-11-28 23:54:41,43.3522567749023,-8.42500686645508,"Unknown"
"7014855",371852,2025-11-29 00:04:41,43.3522720336914,-8.42514801025391,"Unknown"
"7014855",371852,2025-11-29 00:14:41,43.3521919250488,-8.42551517486572,"Unknown"
"7014855",371852,2025-11-29 00:24:41,43.3520927429199,-8.42580986022949,"Unknown"
"7014855",371852,2025-11-29 00:34:41,43.3520469665527,-8.42607402801514,"Unknown"
"7014855",371852,2025-11-29 00:44:41,43.3520393371582,-8.42617416381836,"Unknown"
"7014855",371852,2025-11-29 00:54:41,43.3520965576172,-8.4262809753418,"Unknown"
"7014855",371852,2025-11-29 01:04:41,43.3522033691406,-8.4264087677002,"Unknown"
"7014855",371852,2025-11-29 01:14:40,43.3521957397461,-8.42659091949463,"Unknown"
"7014855",371852,2025-11-29 01:24:41,43.352222442627,-8.4263916015625,"Unknown"
"7014855",371852,2025-11-29 01:34:40,43.3521728515625,-8.42652797698975,"Unknown"
"7014855",371852,2025-11-29 01:44:42,43.3524589538574,-8.42641448974609,"Unknown"
"7014855",371852,2025-11-29 01:54:41,43.352725982666,-8.42634010314941,"Unknown"
"7014855",371852,2025-11-29 02:04:46,43.351993560791,-8.4261417388916,"Unknown"
"7014855",371852,2025-11-29 02:14:41,43.3518676757812,-8.42618370056152,"Unknown"
"7014855",371852,2025-11-29 02:24:41,43.3518180847168,-8.42623329162598,"Unknown"
"7014855",371852,2025-11-29 02:34:42,43.3518829345703,-8.42615604400635,"Unknown"
"7014855",371852,2025-11-29 02:44:42,43.3512115478516,-8.42540645599365,"Unknown"
"7014855",371852,2025-11-29 02:54:41,43.3518905639648,-8.42599487304688,"Unknown"
"7014855",371852,2025-11-29 03:04:41,43.3519020080566,-8.4260368347168,"Unknown"
"7014855",371852,2025-11-29 03:14:42,43.3518028259277,-8.42613315582275,"Unknown"
"7014855",371852,2025-11-29 03:24:41,43.3518257141113,-8.42611980438232,"Unknown"
"7014855",371852,2025-11-29 03:34:41,43.3517265319824,-8.42614459991455,"Unknown"
"7014855",371852,2025-11-29 03:44:41,43.3517799377441,-8.42608547210693,"Unknown"
"7014855",371852,2025-11-29 03:54:41,43.3517875671387,-8.42612838745117,"Unknown"
"7014855",371852,2025-11-29 04:04:41,43.3518714904785,-8.42613887786865,"Unknown"
"7014855",371852,2025-11-29 04:14:41,43.3518753051758,-8.42617034912109,"Unknown"
"7014855",371852,2025-11-29 04:24:41,43.3518753051758,-8.42628765106201,"Unknown"
"7014855",371852,2025-11-29 04:34:41,43.3518524169922,-8.42630577087402,"Unknown"
"7014855",371852,2025-11-29 04:44:41,43.3520164489746,-8.42606067657471,"Unknown"
"7014855",371852,2025-11-29 04:54:42,43.3519592285156,-8.42609024047852,"Unknown"
"7014855",371852,2025-11-29 05:04:41,43.3520240783691,-8.42605209350586,"Unknown"
"7014855",371852,2025-11-29 05:14:41,43.3519897460938,-8.42609214782715,"Unknown"
"7014855",371852,2025-11-29 05:24:42,43.3519172668457,-8.42622661590576,"Unknown"
"7014855",371852,2025-11-29 05:34:41,43.3520202636719,-8.42609882354736,"Unknown"
"7014855",371852,2025-11-29 05:44:41,43.351978302002,-8.42605400085449,"Unknown"
"7014855",371852,2025-11-29 05:54:42,43.3520011901855,-8.42612648010254,"Unknown"
"7014855",371852,2025-11-29 06:04:41,43.3519706726074,-8.42613410949707,"Unknown"
"7014855",371852,2025-11-29 06:14:41,43.3520126342773,-8.42616844177246,"Unknown"
"7014855",371852,2025-11-29 06:24:41,43.3519668579102,-8.42620372772217,"Unknown"
"7014855",371852,2025-11-29 06:34:41,43.3519515991211,-8.4262228012085,"Unknown"
"7014855",371852,2025-11-29 06:44:41,43.3515319824219,-8.4262228012085,"Unknown"
"7014855",371852,2025-11-29 06:54:42,43.3517799377441,-8.42616271972656,"Unknown"
"7014855",371852,2025-11-29 07:04:48,43.3516731262207,-8.42614936828613,"Unknown"
"7014855",371852,2025-11-29 07:14:41,43.3519821166992,-8.42629241943359,"Unknown"
"7014855",371852,2025-11-29 07:24:41,43.351993560791,-8.42632389068604,"Unknown"
"7014855",371852,2025-11-29 07:34:41,43.3519477844238,-8.42627048492432,"Unknown"
"7014855",371852,2025-11-29 07:44:41,43.351978302002,-8.42627620697021,"Unknown"
"7014855",371852,2025-11-29 07:54:41,43.3519859313965,-8.42625522613525,"Unknown"
"7014855",371852,2025-11-29 08:04:41,43.3520050048828,-8.42620754241943,"Unknown"
"7014855",371852,2025-11-29 08:14:42,43.351993560791,-8.42621898651123,"Unknown"
"7014855",371852,2025-11-29 08:24:41,43.3519439697266,-8.42624378204346,"Unknown"
"7014855",371852,2025-11-29 08:34:41,43.3519859313965,-8.42622852325439,"Unknown"
"7014855",371852,2025-11-29 08:44:41,43.3520088195801,-8.42614555358887,"Unknown"
"7014855",371852,2025-11-29 08:54:41,43.3520545959473,-8.42615509033203,"Unknown"
"7014855",371852,2025-11-29 09:04:41,43.3515701293945,-8.42607021331787,"Unknown"
"7014855",371852,2025-11-29 09:14:41,43.3514022827148,-8.42611312866211,"Unknown"
"7014855",371852,2025-11-29 09:24:42,43.3514709472656,-8.42596435546875,"Unknown"
"7014855",371852,2025-11-29 09:34:45,43.3513069152832,-8.42622089385986,"Unknown"
"7014855",371852,2025-11-29 09:44:42,43.3515472412109,-8.42588138580322,"Unknown"
"7014855",371852,2025-11-29 09:54:42,43.3513412475586,-8.42579460144043,"Unknown"
"7014855",371852,2025-11-29 10:04:46,43.351734161377,-8.4258861541748,"Unknown"
"7014855",371852,2025-11-29 10:15:04,43.3519706726074,-8.42616939544678,"Unknown"
"7014855",371852,2025-11-29 10:24:40,43.3520355224609,-8.42625713348389,"Unknown"
"7014855",371852,2025-11-29 10:34:40,43.3519897460938,-8.42622470855713,"Unknown"
"7014855",371852,2025-11-29 10:44:39,43.3520698547363,-8.42622947692871,"Unknown"
"7014855",371852,2025-11-29 10:54:40,43.3520317077637,-8.42626571655273,"Unknown"
"7014855",371852,2025-11-29 11:04:40,43.3519897460938,-8.42624855041504,"Unknown"
"7014855",371852,2025-11-29 11:14:39,43.3520164489746,-8.42610931396484,"Unknown"
"7014855",371852,2025-11-29 11:24:40,43.351993560791,-8.4262113571167,"Unknown"
"7014855",371852,2025-11-29 11:34:40,43.3520851135254,-8.4261360168457,"Unknown"
"7014855",371852,2025-11-29 11:44:40,43.3519287109375,-8.42620277404785,"Unknown"
"7014855",371852,2025-11-29 11:54:40,43.3519439697266,-8.42623615264893,"Unknown"
"7014855",371852,2025-11-29 12:04:40,43.351978302002,-8.42630100250244,"Unknown"
"7014855",371852,2025-11-29 12:14:41,43.3521156311035,-8.42624950408936,"Unknown"
"7014855",371852,2025-11-29 12:24:40,43.3519287109375,-8.4262228012085,"Unknown"
"7014855",371852,2025-11-29 12:34:46,43.3519592285156,-8.42620754241943,"Unknown"
"7014855",371852,2025-11-29 12:44:40,43.3520278930664,-8.42624092102051,"Unknown"
"7014855",371852,2025-11-29 12:54:40,43.3520469665527,-8.42620086669922,"Unknown"
"7014855",371852,2025-11-29 13:04:40,43.3520851135254,-8.42620277404785,"Unknown"
"7014855",371852,2025-11-29 13:14:40,43.3522300720215,-8.42638778686523,"Unknown"
"7014855",371852,2025-11-29 13:24:54,43.3520698547363,-8.42614650726318,"Unknown"
"7014855",371852,2025-11-29 13:34:42,43.3521118164062,-8.42626285552979,"Unknown"
"7014855",371852,2025-11-29 13:45:02,43.3519248962402,-8.42619705200195,"Unknown"
"7014855",371852,2025-11-29 13:54:39,43.3520202636719,-8.42617321014404,"Unknown"
"7014855",371852,2025-11-29 14:04:39,43.3520126342773,-8.4261360168457,"Unknown"
"7014855",371852,2025-11-29 14:14:39,43.351978302002,-8.42621994018555,"Unknown"
"7014855",371852,2025-11-29 14:24:39,43.3519821166992,-8.42612743377686,"Unknown"
"7014855",371852,2025-11-29 14:34:39,43.3519897460938,-8.42630386352539,"Unknown"
"7014855",371852,2025-11-29 14:44:40,43.3519248962402,-8.42625141143799,"Unknown"
"7014855",371852,2025-11-29 14:54:40,43.352222442627,-8.42621994018555,"Unknown"
"7014855",371852,2025-11-29 15:04:40,43.3519325256348,-8.42617797851562,"Unknown"
"7014855",371852,2025-11-29 15:14:40,43.3519592285156,-8.42620182037354,"Unknown"
"7014855",371852,2025-11-29 15:24:41,43.3518905639648,-8.42611598968506,"Unknown"
"7014855",371852,2025-11-29 15:34:40,43.3520431518555,-8.42623138427734,"Unknown"
"7014855",371852,2025-11-29 15:44:41,43.352108001709,-8.42634105682373,"Unknown"
"7014855",371852,2025-11-29 15:54:40,43.3518562316895,-8.42606544494629,"Unknown"
"7014855",371852,2025-11-29 16:04:41,43.3519248962402,-8.42616939544678,"Unknown"
"7014855",371852,2025-11-29 16:14:42,43.3517303466797,-8.42597484588623,"Unknown"
"7014855",371852,2025-11-29 16:24:45,43.3522872924805,-8.42651081085205,"Unknown"
"7014855",371852,2025-11-29 16:34:45,43.3523712158203,-8.42660522460938,"Unknown"
"7014855",371852,2025-11-29 16:44:45,43.3522300720215,-8.42653846740723,"Unknown"
"7014855",371852,2025-11-29 16:54:45,43.3523712158203,-8.42661380767822,"Unknown"
"7014855",371852,2025-11-29 17:04:46,43.3523826599121,-8.42651748657227,"Unknown"
"7014855",371852,2025-11-29 17:14:46,43.3523254394531,-8.4265251159668,"Unknown"
"7014855",371852,2025-11-29 17:24:48,43.3522300720215,-8.42641353607178,"Unknown"
"7014855",371852,2025-11-29 17:35:01,43.3522071838379,-8.42641353607178,"Unknown"
"7014855",371852,2025-11-29 17:44:40,43.3521728515625,-8.42640972137451,"Unknown"
"7014855",371852,2025-11-29 17:54:42,43.3520393371582,-8.42642498016357,"Unknown"
"7014855",371852,2025-11-29 18:04:43,43.3520011901855,-8.42629623413086,"Unknown"
"7014855",371852,2025-11-29 18:14:46,43.35205078125,-8.42641067504883,"Unknown"
"7014855",371852,2025-11-29 18:24:46,43.3520317077637,-8.4263219833374,"Unknown"
"7014855",371852,2025-11-29 18:34:46,43.3520851135254,-8.42639350891113,"Unknown"
"7014855",371852,2025-11-29 18:45:03,43.3519744873047,-8.42620658874512,"Unknown"
"7014855",371852,2025-11-29 18:54:40,43.3519859313965,-8.42614459991455,"Unknown"
"7014855",371852,2025-11-29 19:04:40,43.3520889282227,-8.42623424530029,"Unknown"
"7014855",371852,2025-11-29 19:14:40,43.3519821166992,-8.42626190185547,"Unknown"
"7014855",371852,2025-11-29 19:24:40,43.3521194458008,-8.42634391784668,"Unknown"
"7014855",371852,2025-11-29 19:34:40,43.3520240783691,-8.42629051208496,"Unknown"
"7014855",371852,2025-11-29 19:44:40,43.3519515991211,-8.42625427246094,"Unknown"
"7014855",371852,2025-11-29 19:54:40,43.3520050048828,-8.42624282836914,"Unknown"
"7014855",371852,2025-11-29 20:04:40,43.3520355224609,-8.4262752532959,"Unknown"
"7014855",371852,2025-11-29 20:14:40,43.3519554138184,-8.42626762390137,"Unknown"
"7014855",371852,2025-11-29 20:24:40,43.351978302002,-8.42623138427734,"Unknown"
"7014855",371852,2025-11-29 20:34:48,43.3517074584961,-8.42654895782471,"Unknown"
"7014855",371852,2025-11-29 20:45:02,43.3519096374512,-8.42636203765869,"Unknown"
"7014855",371852,2025-11-29 20:54:39,43.3520393371582,-8.42617988586426,"Unknown"
"7014855",371852,2025-11-29 21:04:39,43.3519325256348,-8.4262752532959,"Unknown"
"7014855",371852,2025-11-29 21:14:39,43.3519554138184,-8.42625904083252,"Unknown"
"7014855",371852,2025-11-29 21:24:39,43.3519897460938,-8.42626285552979,"Unknown"
"7014855",371852,2025-11-29 21:34:39,43.3519592285156,-8.4262638092041,"Unknown"
"7014855",371852,2025-11-29 21:44:40,43.351936340332,-8.42634296417236,"Unknown"
"7014855",371852,2025-11-29 21:54:40,43.3519821166992,-8.42613983154297,"Unknown"
"7014855",371852,2025-11-29 22:04:39,43.3519630432129,-8.42617034912109,"Unknown"
"7014855",371852,2025-11-29 22:14:40,43.3519592285156,-8.42621898651123,"Unknown"
"7014855",371852,2025-11-29 22:24:40,43.3519897460938,-8.42628860473633,"Unknown"
"7014855",371852,2025-11-29 22:34:40,43.3519859313965,-8.42626094818115,"Unknown"
"7014855",371852,2025-11-29 22:44:40,43.351936340332,-8.42625045776367,"Unknown"
"7014855",371852,2025-11-29 22:54:42,43.351993560791,-8.42624187469482,"Unknown"
"7014855",371852,2025-11-29 23:04:40,43.351921081543,-8.42635154724121,"Unknown"
"7014855",371852,2025-11-29 23:14:42,43.3519668579102,-8.42634201049805,"Unknown"
"7014855",371852,2025-11-29 23:24:42,43.3520736694336,-8.42610549926758,"Unknown"
"7014855",371852,2025-11-29 23:34:41,43.3520622253418,-8.42627906799316,"Unknown"
"7014855",371852,2025-11-29 23:44:41,43.3520355224609,-8.42618179321289,"Unknown"
"7014855",371852,2025-11-29 23:54:41,43.3520393371582,-8.42624759674072,"Unknown"
"7014855",371852,2025-11-30 00:04:44,43.3520011901855,-8.42619323730469,"Unknown"
"7014855",371852,2025-11-30 00:14:49,43.3520126342773,-8.42619705200195,"Unknown"
"7014855",371852,2025-11-30 00:24:44,43.3520927429199,-8.42607593536377,"Unknown"
"7014855",371852,2025-11-30 00:34:42,43.3518714904785,-8.42614936828613,"Unknown"
"7014855",371852,2025-11-30 00:44:43,43.3516845703125,-8.42611980438232,"Unknown"
"7014855",371852,2025-11-30 00:54:42,43.3519248962402,-8.42612934112549,"Unknown"
"7014855",371852,2025-11-30 01:04:42,43.3519592285156,-8.42618083953857,"Unknown"
"7014855",371852,2025-11-30 01:14:42,43.3520164489746,-8.42621994018555,"Unknown"
"7014855",371852,2025-11-30 01:25:05,43.3519973754883,-8.42620086669922,"Unknown"
"7014855",371852,2025-11-30 01:34:41,43.351978302002,-8.42620086669922,"Unknown"
"7014855",371852,2025-11-30 01:44:41,43.3519821166992,-8.42620182037354,"Unknown"
"7014855",371852,2025-11-30 01:54:41,43.3519973754883,-8.42619228363037,"Unknown"
"7014855",371852,2025-11-30 02:04:41,43.3520431518555,-8.42610836029053,"Unknown"
"7014855",371852,2025-11-30 02:14:41,43.3520202636719,-8.42616081237793,"Unknown"
"7014855",371852,2025-11-30 02:24:41,43.3519821166992,-8.426194190979,"Unknown"
"7014855",371852,2025-11-30 02:34:41,43.3519554138184,-8.42623519897461,"Unknown"
"7014855",371852,2025-11-30 02:44:42,43.3520202636719,-8.426194190979,"Unknown"
"7014855",371852,2025-11-30 02:54:41,43.3519897460938,-8.42618751525879,"Unknown"
"7014855",371852,2025-11-30 03:04:41,43.3520050048828,-8.42621231079102,"Unknown"
"7014855",371852,2025-11-30 03:14:41,43.3519554138184,-8.42618942260742,"Unknown"
"7014855",371852,2025-11-30 03:24:40,43.3520240783691,-8.42622470855713,"Unknown"
"7014855",371852,2025-11-30 03:34:41,43.3519706726074,-8.42619037628174,"Unknown"
"7014855",371852,2025-11-30 03:44:42,43.3519058227539,-8.42617130279541,"Unknown"
"7014855",371852,2025-11-30 03:54:42,43.3521041870117,-8.42627906799316,"Unknown"
"7014855",371852,2025-11-30 04:04:41,43.3518562316895,-8.42614364624023,"Unknown"
"7014855",371852,2025-11-30 04:14:42,43.3519897460938,-8.42621994018555,"Unknown"
"7014855",371852,2025-11-30 04:24:42,43.3519821166992,-8.42629146575928,"Unknown"
"7014855",371852,2025-11-30 04:34:41,43.3520317077637,-8.42620086669922,"Unknown"
"7014855",371852,2025-11-30 04:44:47,43.3520202636719,-8.42626953125,"Unknown"
"7014855",371852,2025-11-30 04:54:43,43.3519821166992,-8.42624473571777,"Unknown"
"7014855",371852,2025-11-30 05:04:48,43.3520317077637,-8.4261999130249,"Unknown"
"7014855",371852,2025-11-30 05:14:42,43.3519554138184,-8.42624473571777,"Unknown"
"7014855",371852,2025-11-30 05:24:43,43.3520011901855,-8.4262170791626,"Unknown"
"7014855",371852,2025-11-30 05:34:43,43.3520050048828,-8.42620372772217,"Unknown"
"7014855",371852,2025-11-30 05:44:48,43.3519401550293,-8.42625713348389,"Unknown"
"7014855",371852,2025-11-30 05:55:05,43.351993560791,-8.42624950408936,"Unknown"
"7014855",371852,2025-11-30 06:04:41,43.3520088195801,-8.42624950408936,"Unknown"
"7014855",371852,2025-11-30 06:14:41,43.3519859313965,-8.426194190979,"Unknown"
"7014855",371852,2025-11-30 06:24:41,43.3519515991211,-8.42624187469482,"Unknown"
"7014855",371852,2025-11-30 06:34:41,43.3520011901855,-8.42628479003906,"Unknown"
"7014855",371852,2025-11-30 06:44:41,43.3520469665527,-8.42618560791016,"Unknown"
"7014855",371852,2025-11-30 06:54:41,43.3520545959473,-8.42623996734619,"Unknown"
"7014855",371852,2025-11-30 07:04:41,43.3520355224609,-8.42621040344238,"Unknown"
"7014855",371852,2025-11-30 07:14:41,43.352123260498,-8.42620086669922,"Unknown"
"7014855",371852,2025-11-30 07:24:41,43.3520774841309,-8.42628192901611,"Unknown"
"7014855",371852,2025-11-30 07:34:41,43.3521003723145,-8.42631530761719,"Unknown"
"7014855",371852,2025-11-30 07:44:41,43.352108001709,-8.42629718780518,"Unknown"
"7014855",371852,2025-11-30 07:55:14,43.3520317077637,-8.42622089385986,"Unknown"
"7014855",371852,2025-11-30 08:04:40,43.3519325256348,-8.4262523651123,"Unknown"
"7014855",371852,2025-11-30 08:14:40,43.3519325256348,-8.42621231079102,"Unknown"
"7014855",371852,2025-11-30 08:24:41,43.3519477844238,-8.42622184753418,"Unknown"
"7014855",371852,2025-11-30 08:34:41,43.3519172668457,-8.42623901367188,"Unknown"
"7014855",371852,2025-11-30 08:44:41,43.3520698547363,-8.42618465423584,"Unknown"
"7014855",371852,2025-11-30 08:55:05,43.3520431518555,-8.42618179321289,"Unknown"
"7014855",371852,2025-11-30 09:04:40,43.351936340332,-8.42618942260742,"Unknown"
"7014855",371852,2025-11-30 09:14:40,43.3518905639648,-8.42623615264893,"Unknown"
"7014855",371852,2025-11-30 09:24:40,43.351993560791,-8.42626476287842,"Unknown"
"7014855",371852,2025-11-30 09:34:41,43.3519821166992,-8.42622661590576,"Unknown"
"7014855",371852,2025-11-30 09:44:40,43.3520164489746,-8.42617702484131,"Unknown"
"7014855",371852,2025-11-30 09:54:41,43.3520088195801,-8.42622566223145,"Unknown"
"7014855",371852,2025-11-30 10:04:53,43.3519744873047,-8.42619705200195,"Unknown"
"7014855",371852,2025-11-30 10:14:41,43.3519973754883,-8.4262638092041,"Unknown"
"7014855",371852,2025-11-30 10:24:43,43.3520050048828,-8.42621994018555,"Unknown"
"7014855",371852,2025-11-30 10:34:43,43.3519248962402,-8.42635250091553,"Unknown"
"7014855",371852,2025-11-30 10:44:41,43.3519821166992,-8.42619323730469,"Unknown"
"7014855",371852,2025-11-30 10:54:42,43.3519973754883,-8.42629146575928,"Unknown"
"7014855",371852,2025-11-30 11:04:41,43.3520011901855,-8.42618942260742,"Unknown"
"7014855",371852,2025-11-30 11:14:41,43.3519630432129,-8.4261531829834,"Unknown"
"7014855",371852,2025-11-30 11:24:41,43.3519706726074,-8.4262523651123,"Unknown"
"7014855",371852,2025-11-30 11:34:46,43.3520851135254,-8.42588710784912,"Unknown"
"7014855",371852,2025-11-30 11:45:05,43.3519515991211,-8.42606544494629,"Unknown"
"7014855",371852,2025-11-30 11:54:40,43.3519287109375,-8.42624187469482,"Unknown"
"7014855",371852,2025-11-30 12:04:40,43.3519020080566,-8.42622852325439,"Unknown"
"7014855",371852,2025-11-30 12:14:42,43.3518676757812,-8.42613887786865,"Unknown"
"7014855",371852,2025-11-30 12:24:41,43.3521003723145,-8.42617893218994,"Unknown"
"7014855",371852,2025-11-30 12:34:42,43.3520965576172,-8.42620372772217,"Unknown"
"7014855",371852,2025-11-30 12:44:41,43.3523864746094,-8.4262113571167,"Unknown"
"7014855",371852,2025-11-30 12:54:48,43.3518371582031,-8.42618751525879,"Unknown"
"7014855",371852,2025-11-30 13:04:42,43.3522300720215,-8.42630577087402,"Unknown"
"7014855",371852,2025-11-30 13:14:41,43.3522148132324,-8.42635154724121,"Unknown"
"7014855",371852,2025-11-30 13:24:41,43.35205078125,-8.42623710632324,"Unknown"
"7014855",371852,2025-11-30 13:34:42,43.3520545959473,-8.42621040344238,"Unknown"
"7014855",371852,2025-11-30 13:44:42,43.3519554138184,-8.42618179321289,"Unknown"
"7014855",371852,2025-11-30 13:54:41,43.3519668579102,-8.42613697052002,"Unknown"
"7014855",371852,2025-11-30 14:04:43,43.3519744873047,-8.42605209350586,"Unknown"
"7014855",371852,2025-11-30 14:14:43,43.3518905639648,-8.42615222930908,"Unknown"
"7014855",371852,2025-11-30 14:24:46,43.3519630432129,-8.4261302947998,"Unknown"
"7014855",371852,2025-11-30 14:34:43,43.3520088195801,-8.42602920532227,"Unknown"
"7014855",371852,2025-11-30 14:44:45,43.3519744873047,-8.42612838745117,"Unknown"
"7014855",371852,2025-11-30 14:54:45,43.3518371582031,-8.4262809753418,"Unknown"
"7014855",371852,2025-11-30 15:04:45,43.3518257141113,-8.42631816864014,"Unknown"
"7014855",371852,2025-11-30 15:14:45,43.3518333435059,-8.42627811431885,"Unknown"
"7014855",371852,2025-11-30 15:24:45,43.3517990112305,-8.42630577087402,"Unknown"
"7014855",371852,2025-11-30 15:34:42,43.3517036437988,-8.4264554977417,"Unknown"
"7014855",371852,2025-11-30 15:44:44,43.3514404296875,-8.42658710479736,"Unknown"
"7014855",371852,2025-11-30 15:55:05,43.3520431518555,-8.426194190979,"Unknown"
"7014855",371852,2025-11-30 16:04:40,43.3519439697266,-8.42622661590576,"Unknown"
"7014855",371852,2025-11-30 16:14:40,43.3516654968262,-8.42582416534424,"Unknown"
"7014855",371852,2025-11-30 16:24:41,43.3521881103516,-8.42638969421387,"Unknown"
"7014855",371852,2025-11-30 16:34:42,43.3522758483887,-8.42626190185547,"Unknown"
"7014855",371852,2025-11-30 16:44:43,43.3520050048828,-8.42627239227295,"Unknown"
"7014855",371852,2025-11-30 16:54:41,43.3521499633789,-8.42646312713623,"Unknown"
"7014855",371852,2025-11-30 17:04:42,43.3520851135254,-8.42646598815918,"Unknown"
"7014855",371852,2025-11-30 17:14:41,43.3521423339844,-8.42640495300293,"Unknown"
"7014855",371852,2025-11-30 17:24:41,43.3520736694336,-8.42644309997559,"Unknown"
"7014855",371852,2025-11-30 17:34:41,43.3520774841309,-8.42645359039307,"Unknown"
"7014855",371852,2025-11-30 17:44:41,43.3521194458008,-8.42648124694824,"Unknown"
"7014855",371852,2025-11-30 17:54:41,43.3520698547363,-8.42644691467285,"Unknown"
"7014855",371852,2025-11-30 18:04:42,43.35205078125,-8.42640686035156,"Unknown"
"7014855",371852,2025-11-30 18:14:41,43.352108001709,-8.42649936676025,"Unknown"
"7014855",371852,2025-11-30 18:24:41,43.3521461486816,-8.42641925811768,"Unknown"
"7014855",371852,2025-11-30 18:34:42,43.3520317077637,-8.42635059356689,"Unknown"
"7014855",371852,2025-11-30 18:44:42,43.3520469665527,-8.42635631561279,"Unknown"
"7014855",371852,2025-11-30 18:54:43,43.3521003723145,-8.42630195617676,"Unknown"
"7014855",371852,2025-11-30 19:04:42,43.3520317077637,-8.42625904083252,"Unknown"
"7014855",371852,2025-11-30 19:14:47,43.3520584106445,-8.42621803283691,"Unknown"
"7014855",371852,2025-11-30 19:24:42,43.3520927429199,-8.42622184753418,"Unknown"
"7014855",371852,2025-11-30 19:34:43,43.3521614074707,-8.42616653442383,"Unknown"
"7014855",371852,2025-11-30 19:44:43,43.3522186279297,-8.42617511749268,"Unknown"
"7014855",371852,2025-11-30 19:54:43,43.3521385192871,-8.42622852325439,"Unknown"
"7014855",371852,2025-11-30 20:04:44,43.3523635864258,-8.42607975006104,"Unknown"
"7014855",371852,2025-11-30 20:14:43,43.3522338867188,-8.42602157592773,"Unknown"
"7014855",371852,2025-11-30 20:24:43,43.3520965576172,-8.42615413665771,"Unknown"
"7014855",371852,2025-11-30 20:34:43,43.3520660400391,-8.42621231079102,"Unknown"
"7014855",371852,2025-11-30 20:44:43,43.352123260498,-8.42613220214844,"Unknown"
"7014855",371852,2025-11-30 20:54:42,43.3521156311035,-8.42611503601074,"Unknown"
"7014855",371852,2025-11-30 21:04:43,43.3520965576172,-8.42613410949707,"Unknown"
"7014855",371852,2025-11-30 21:14:43,43.3522529602051,-8.42609310150146,"Unknown"
"7014855",371852,2025-11-30 21:24:44,43.3520736694336,-8.42619037628174,"Unknown"
"7014855",371852,2025-11-30 21:34:43,43.3521575927734,-8.42621040344238,"Unknown"
"7014855",371852,2025-11-30 21:44:43,43.3521995544434,-8.42622566223145,"Unknown"
"7014855",371852,2025-11-30 21:54:45,43.3521690368652,-8.42632579803467,"Unknown"
"7014855",371852,2025-11-30 22:04:45,43.352222442627,-8.42636299133301,"Unknown"
"7014855",371852,2025-11-30 22:14:43,43.3520011901855,-8.42621421813965,"Unknown"
"7014855",371852,2025-11-30 22:24:44,43.3520202636719,-8.42635154724121,"Unknown"
"7014855",371852,2025-11-30 22:34:48,43.351993560791,-8.42624568939209,"Unknown"
"7014855",371852,2025-11-30 22:44:44,43.351993560791,-8.4262866973877,"Unknown"
"7014855",371852,2025-11-30 22:54:43,43.3520050048828,-8.4262170791626,"Unknown"
"7014855",371852,2025-11-30 23:04:43,43.3519058227539,-8.42600345611572,"Unknown"
"7014855",371852,2025-11-30 23:14:43,43.3520240783691,-8.42629146575928,"Unknown"
"7014855",371852,2025-11-30 23:24:43,43.3519668579102,-8.42620182037354,"Unknown"
"7014855",371852,2025-11-30 23:34:42,43.3519630432129,-8.42611789703369,"Unknown"
"7014855",371852,2025-11-30 23:44:43,43.3519668579102,-8.4261302947998,"Unknown"
"7014855",371852,2025-11-30 23:54:43,43.3520088195801,-8.42609405517578,"Unknown"
"7014855",371852,2025-12-01 00:04:43,43.3520202636719,-8.42606544494629,"Unknown"
"7014855",371852,2025-12-01 00:14:43,43.3523330688477,-8.42546463012695,"Unknown"
"7014855",371852,2025-12-01 00:24:44,43.3520545959473,-8.42595672607422,"Unknown"
"7014855",371852,2025-12-01 00:34:43,43.3520698547363,-8.42594146728516,"Unknown"
"7014855",371852,2025-12-01 00:44:44,43.3516693115234,-8.42588901519775,"Unknown"
"7014855",371852,2025-12-01 00:54:44,43.3521728515625,-8.42605972290039,"Unknown"
"7014855",371852,2025-12-01 01:04:43,43.3521995544434,-8.42607879638672,"Unknown"
"7014855",371852,2025-12-01 01:14:44,43.352222442627,-8.42610168457031,"Unknown"
"7014855",371852,2025-12-01 01:24:43,43.3520431518555,-8.42629051208496,"Unknown"
"7014855",371852,2025-12-01 01:34:44,43.3521308898926,-8.4262113571167,"Unknown"
"7014855",371852,2025-12-01 01:44:44,43.3520011901855,-8.42636394500732,"Unknown"
"7014855",371852,2025-12-01 01:55:05,43.3520393371582,-8.42617034912109,"Unknown"
"7014855",371852,2025-12-01 02:04:41,43.3520011901855,-8.42624187469482,"Unknown"
"7014855",371852,2025-12-01 02:14:41,43.3519973754883,-8.42622947692871,"Unknown"
"7014855",371852,2025-12-01 02:24:41,43.35205078125,-8.42621326446533,"Unknown"
"7014855",371852,2025-12-01 02:34:41,43.3520469665527,-8.42617988586426,"Unknown"
"7014855",371852,2025-12-01 02:44:41,43.35205078125,-8.42621040344238,"Unknown"
"7014855",371852,2025-12-01 02:54:41,43.3520202636719,-8.42624092102051,"Unknown"
"7014855",371852,2025-12-01 03:04:42,43.3520011901855,-8.42621898651123,"Unknown"
"7014855",371852,2025-12-01 03:14:42,43.3520317077637,-8.42622184753418,"Unknown"
"7014855",371852,2025-12-01 03:24:42,43.3520164489746,-8.42624950408936,"Unknown"
"7014855",371852,2025-12-01 03:34:42,43.3520317077637,-8.4262580871582,"Unknown"
"7014855",371852,2025-12-01 03:44:42,43.3520278930664,-8.4262638092041,"Unknown"
"7014855",371852,2025-12-01 03:54:42,43.3520050048828,-8.42622566223145,"Unknown"
"7014855",371852,2025-12-01 04:04:42,43.3519668579102,-8.42621898651123,"Unknown"
"7014855",371852,2025-12-01 04:14:42,43.3519859313965,-8.42628479003906,"Unknown"
"7014855",371852,2025-12-01 04:24:42,43.3519859313965,-8.42623043060303,"Unknown"
"7014855",371852,2025-12-01 04:34:42,43.3519477844238,-8.42623233795166,"Unknown"
"7014855",371852,2025-12-01 04:44:42,43.3519821166992,-8.42629051208496,"Unknown"
"7014855",371852,2025-12-01 04:54:42,43.3520469665527,-8.42617416381836,"Unknown"
"7014855",371852,2025-12-01 05:04:42,43.3519668579102,-8.4261360168457,"Unknown"
"7014855",371852,2025-12-01 05:14:43,43.3520011901855,-8.42621803283691,"Unknown"
"7014855",371852,2025-12-01 05:24:42,43.3520126342773,-8.42623519897461,"Unknown"
"7014855",371852,2025-12-01 05:34:43,43.3520698547363,-8.42607975006104,"Unknown"
"7014855",371852,2025-12-01 05:44:43,43.352123260498,-8.42602634429932,"Unknown"
"7014855",371852,2025-12-01 05:54:44,43.3520202636719,-8.42607021331787,"Unknown"
"7014855",371852,2025-12-01 06:04:46,43.3521957397461,-8.42601013183594,"Unknown"
"7014855",371852,2025-12-01 06:14:43,43.3522148132324,-8.42598247528076,"Unknown"
"7014855",371852,2025-12-01 06:24:43,43.3521461486816,-8.42611694335938,"Unknown"
"7014855",371852,2025-12-01 06:34:43,43.352180480957,-8.42614078521729,"Unknown"
"7014855",371852,2025-12-01 06:44:43,43.3521385192871,-8.42616271972656,"Unknown"
"7014855",371852,2025-12-01 06:54:43,43.3522262573242,-8.42619705200195,"Unknown"
"7014855",371852,2025-12-01 07:04:43,43.3522605895996,-8.42626094818115,"Unknown"
"7014855",371852,2025-12-01 07:14:43,43.352237701416,-8.42610263824463,"Unknown"
"7014855",371852,2025-12-01 07:24:43,43.3522605895996,-8.42614269256592,"Unknown"
"7014855",371852,2025-12-01 07:34:43,43.3522186279297,-8.4261302947998,"Unknown"
"7014855",371852,2025-12-01 07:44:43,43.3522300720215,-8.42619323730469,"Unknown"
"7014855",371852,2025-12-01 07:54:43,43.3521537780762,-8.42619609832764,"Unknown"
"7014855",371852,2025-12-01 08:04:43,43.3520278930664,-8.42622375488281,"Unknown"
"7014855",371852,2025-12-01 08:14:43,43.3520240783691,-8.4262866973877,"Unknown"
"7014855",371852,2025-12-01 08:24:43,43.3519897460938,-8.42626953125,"Unknown"
"7014855",371852,2025-12-01 08:34:43,43.3521385192871,-8.42626476287842,"Unknown"
"7014855",371852,2025-12-01 08:44:43,43.3519973754883,-8.42615699768066,"Unknown"
"7014855",371852,2025-12-01 08:54:44,43.3520584106445,-8.42622470855713,"Unknown"
"7014855",371852,2025-12-01 09:04:45,43.3519401550293,-8.42631340026855,"Unknown"
"7014855",371852,2025-12-01 09:14:46,43.3519897460938,-8.42617225646973,"Unknown"
"7014855",371852,2025-12-01 09:24:45,43.3520240783691,-8.42631530761719,"Unknown"
"7014855",371852,2025-12-01 09:34:46,43.3520317077637,-8.42617607116699,"Unknown"
"7014855",371852,2025-12-01 09:44:45,43.3520278930664,-8.4260368347168,"Unknown"
"7014855",371852,2025-12-01 09:54:44,43.3520317077637,-8.42605781555176,"Unknown"
"7014855",371852,2025-12-01 10:04:58,43.3522491455078,-8.42659091949463,"Unknown"
"7014855",371852,2025-12-01 10:14:48,43.351734161377,-8.42621612548828,"Unknown"
"7014855",371852,2025-12-01 10:24:49,43.3517837524414,-8.4255485534668,"Unknown"
"7014855",371852,2025-12-01 10:34:45,43.3518333435059,-8.42567825317383,"Unknown"
"7014855",371852,2025-12-01 10:45:05,43.3519668579102,-8.42620086669922,"Unknown"
"7014855",371852,2025-12-01 10:54:42,43.3519859313965,-8.42624282836914,"Unknown"
"7014855",371852,2025-12-01 11:04:42,43.3520011901855,-8.42622375488281,"Unknown"
"7014855",371852,2025-12-01 11:14:42,43.3519058227539,-8.42626476287842,"Unknown"
"7014855",371852,2025-12-01 11:24:42,43.3518867492676,-8.42627429962158,"Unknown"
"7014855",371852,2025-12-01 11:34:42,43.3519096374512,-8.42626571655273,"Unknown"
"7014855",371852,2025-12-01 11:44:42,43.3519515991211,-8.42624473571777,"Unknown"
"7014855",371852,2025-12-01 11:54:42,43.3519630432129,-8.42627143859863,"Unknown"
"7014855",371852,2025-12-01 12:04:42,43.3519515991211,-8.4262523651123,"Unknown"
"7014855",371852,2025-12-01 12:14:42,43.3519287109375,-8.42623996734619,"Unknown"
"7014855",371852,2025-12-01 12:24:42,43.3519630432129,-8.42625045776367,"Unknown"
"7014855",371852,2025-12-01 12:34:42,43.351978302002,-8.42623233795166,"Unknown"
"7014855",371852,2025-12-01 12:44:43,43.3519744873047,-8.42624473571777,"Unknown"
"7014855",371852,2025-12-01 12:54:43,43.35205078125,-8.42628288269043,"Unknown"
"7014855",371852,2025-12-01 13:04:43,43.3520088195801,-8.42634582519531,"Unknown"
"7014855",371852,2025-12-01 13:14:42,43.3517761230469,-8.42623329162598,"Unknown"
"7014855",371852,2025-12-01 13:24:56,43.3518600463867,-8.4260721206665,"Unknown"
"7014855",371852,2025-12-01 13:34:43,43.3520393371582,-8.42627048492432,"Unknown"
"7014855",371852,2025-12-01 13:44:44,43.3520126342773,-8.42630195617676,"Unknown"
"7014855",371852,2025-12-01 13:54:47,43.3525428771973,-8.42545413970947,"Unknown"
"7014855",371852,2025-12-01 14:05:05,43.3519897460938,-8.42621994018555,"Unknown"
"7014855",371852,2025-12-01 14:14:42,43.3519172668457,-8.42621421813965,"Unknown"
"7014855",371852,2025-12-01 14:24:42,43.3520431518555,-8.42615127563477,"Unknown"
"7014855",371852,2025-12-01 14:34:42,43.3520202636719,-8.42612838745117,"Unknown"
"7014855",371852,2025-12-01 14:44:42,43.3520545959473,-8.42616653442383,"Unknown"
"7014855",371852,2025-12-01 14:54:42,43.3519973754883,-8.42614841461182,"Unknown"
"7014855",371852,2025-12-01 15:04:42,43.351978302002,-8.42614841461182,"Unknown"
"7014855",371852,2025-12-01 15:14:42,43.3520469665527,-8.42622852325439,"Unknown"
"7014855",371852,2025-12-01 15:24:42,43.3519477844238,-8.42621326446533,"Unknown"
"7014855",371852,2025-12-01 15:34:42,43.3520660400391,-8.42624282836914,"Unknown"
"7014855",371852,2025-12-01 15:44:44,43.3520202636719,-8.42614555358887,"Unknown"
"7014855",371852,2025-12-01 15:54:46,43.3521041870117,-8.42619705200195,"Unknown"
"7014855",371852,2025-12-01 16:04:43,43.3518676757812,-8.42611217498779,"Unknown"
"7014855",371852,2025-12-01 16:14:43,43.352222442627,-8.42641353607178,"Unknown"
"7014855",371852,2025-12-01 16:24:43,43.3520011901855,-8.42616176605225,"Unknown"
"7014855",371852,2025-12-01 16:34:43,43.3518829345703,-8.42607975006104,"Unknown"
"7014855",371852,2025-12-01 16:44:44,43.351936340332,-8.42611980438232,"Unknown"
"7014855",371852,2025-12-01 16:54:44,43.351921081543,-8.42609214782715,"Unknown"
"7014855",371852,2025-12-01 17:04:47,43.3518524169922,-8.42598533630371,"Unknown"
"7014855",371852,2025-12-01 17:15:05,43.3519630432129,-8.42619323730469,"Unknown"
"7014855",371852,2025-12-01 17:24:42,43.3519515991211,-8.42618274688721,"Unknown"
"7014855",371852,2025-12-01 17:34:42,43.3519515991211,-8.42624759674072,"Unknown"
"7014855",371852,2025-12-01 17:44:43,43.3520240783691,-8.42620372772217,"Unknown"
"7014855",371852,2025-12-01 17:54:43,43.3519248962402,-8.42623710632324,"Unknown"
"7014855",371852,2025-12-01 18:04:43,43.3519821166992,-8.42624473571777,"Unknown"
"7014855",371852,2025-12-01 18:14:43,43.3519821166992,-8.42619895935059,"Unknown"
"7014855",371852,2025-12-01 18:24:43,43.3520278930664,-8.42624759674072,"Unknown"
"7014855",371852,2025-12-01 18:34:43,43.3520355224609,-8.42628383636475,"Unknown"
"7014855",371852,2025-12-01 18:44:43,43.3520011901855,-8.42632102966309,"Unknown"
"7014855",371852,2025-12-01 18:54:43,43.3520355224609,-8.42627429962158,"Unknown"
"7014855",371852,2025-12-01 19:04:43,43.3520622253418,-8.42631244659424,"Unknown"
"7014855",371852,2025-12-01 19:14:43,43.3520431518555,-8.4262638092041,"Unknown"
"7014855",371852,2025-12-01 19:24:45,43.3522338867188,-8.42637729644775,"Unknown"
"7014855",371852,2025-12-01 19:34:44,43.3522644042969,-8.42651844024658,"Unknown"
"7014855",371852,2025-12-01 19:44:44,43.3520164489746,-8.42627143859863,"Unknown"
"7014855",371852,2025-12-01 19:54:47,43.3520660400391,-8.42634201049805,"Unknown"
"7014855",371852,2025-12-01 20:04:44,43.351879119873,-8.42605113983154,"Unknown"
"7014855",371852,2025-12-01 20:14:43,43.3520126342773,-8.42623043060303,"Unknown"
"7014855",371852,2025-12-01 20:24:44,43.3519515991211,-8.42615509033203,"Unknown"
"7014855",371852,2025-12-01 20:34:44,43.3519134521484,-8.42604446411133,"Unknown"
"7014855",371852,2025-12-01 20:45:05,43.3520431518555,-8.42615222930908,"Unknown"
"7014855",371852,2025-12-01 20:54:42,43.3520164489746,-8.42616271972656,"Unknown"
"7014855",371852,2025-12-01 21:04:42,43.351993560791,-8.42624092102051,"Unknown"
"7014855",371852,2025-12-01 21:14:42,43.3519592285156,-8.42629146575928,"Unknown"
"7014855",371852,2025-12-01 21:24:42,43.3519439697266,-8.42627429962158,"Unknown"
"7014855",371852,2025-12-01 21:34:42,43.3519744873047,-8.42623805999756,"Unknown"
"7014855",371852,2025-12-01 21:44:42,43.3520126342773,-8.42629814147949,"Unknown"
"7014855",371852,2025-12-01 21:54:42,43.3519897460938,-8.4262056350708,"Unknown"
"7014855",371852,2025-12-01 22:04:43,43.3519172668457,-8.42617988586426,"Unknown"
"7014855",371852,2025-12-01 22:14:43,43.3519020080566,-8.42612648010254,"Unknown"
"7014855",371852,2025-12-01 22:24:43,43.3517570495605,-8.42599010467529,"Unknown"
"7014855",371852,2025-12-01 22:34:43,43.3520545959473,-8.42638874053955,"Unknown"
"7014855",371852,2025-12-01 22:44:43,43.3519172668457,-8.42601490020752,"Unknown"
"7014855",371852,2025-12-01 22:54:51,43.351936340332,-8.42633247375488,"Unknown"
"7014855",371852,2025-12-01 23:04:45,43.3520050048828,-8.42638874053955,"Unknown"
"7014855",371852,2025-12-01 23:14:45,43.3519630432129,-8.42677021026611,"Unknown"
"7014855",371852,2025-12-01 23:24:48,43.3518905639648,-8.42696380615234,"Unknown"
"7014855",371852,2025-12-01 23:34:57,43.3519248962402,-8.42656421661377,"Unknown"
"7014855",371852,2025-12-01 23:45:01,43.3520088195801,-8.42623424530029,"Unknown"
"7014855",371852,2025-12-01 23:54:43,43.3520393371582,-8.42621231079102,"Unknown"
"7014855",371852,2025-12-02 00:04:43,43.3520736694336,-8.42620849609375,"Unknown"
"7014855",371852,2025-12-02 00:14:43,43.3520545959473,-8.42621231079102,"Unknown"
"7014855",371852,2025-12-02 00:24:43,43.3520240783691,-8.42623901367188,"Unknown"
"7014855",371852,2025-12-02 00:34:43,43.351993560791,-8.42626094818115,"Unknown"
"7014855",371852,2025-12-02 00:44:43,43.3520126342773,-8.42608833312988,"Unknown"
"7014855",371852,2025-12-02 00:54:43,43.3520088195801,-8.42628192901611,"Unknown"
"7014855",371852,2025-12-02 01:04:43,43.3519897460938,-8.42615985870361,"Unknown"
"7014855",371852,2025-12-02 01:14:43,43.3520393371582,-8.42636871337891,"Unknown"
"7014855",371852,2025-12-02 01:24:43,43.3519821166992,-8.42620372772217,"Unknown"
"7014855",371852,2025-12-02 01:34:43,43.351936340332,-8.42627620697021,"Unknown"
"7014855",371852,2025-12-02 01:44:43,43.351936340332,-8.42636585235596,"Unknown"
"7014855",371852,2025-12-02 01:54:48,43.3523941040039,-8.4260950088501,"Unknown"
"7014855",371852,2025-12-02 02:05:04,43.3520011901855,-8.42620468139648,"Unknown"
"7014855",371852,2025-12-02 02:14:42,43.3520584106445,-8.42625427246094,"Unknown"
"7014855",371852,2025-12-02 02:24:42,43.3520011901855,-8.4262809753418,"Unknown"
"7014855",371852,2025-12-02 02:34:42,43.3519020080566,-8.4263162612915,"Unknown"
"7014855",371852,2025-12-02 02:44:42,43.3520202636719,-8.42618751525879,"Unknown"
"7014855",371852,2025-12-02 02:54:42,43.3519439697266,-8.42626953125,"Unknown"
"7014855",371852,2025-12-02 03:04:42,43.3519744873047,-8.42630100250244,"Unknown"
"7014855",371852,2025-12-02 03:14:42,43.3519973754883,-8.42624855041504,"Unknown"
"7014855",371852,2025-12-02 03:24:42,43.3520011901855,-8.42619228363037,"Unknown"
"7014855",371852,2025-12-02 03:34:42,43.3519668579102,-8.42623710632324,"Unknown"
"7014855",371852,2025-12-02 03:44:42,43.3519821166992,-8.42620182037354,"Unknown"
"7014855",371852,2025-12-02 03:54:43,43.351993560791,-8.4262113571167,"Unknown"
"7014855",371852,2025-12-02 04:04:43,43.3518981933594,-8.42609786987305,"Unknown"
"7014855",371852,2025-12-02 04:14:43,43.3520545959473,-8.42636489868164,"Unknown"
"7014855",371852,2025-12-02 04:24:43,43.3520736694336,-8.42638301849365,"Unknown"
"7014855",371852,2025-12-02 04:34:43,43.3520011901855,-8.42632484436035,"Unknown"
"7014855",371852,2025-12-02 04:44:44,43.3518600463867,-8.42616081237793,"Unknown"
"7014855",371852,2025-12-02 04:54:46,43.3520736694336,-8.42647171020508,"Unknown"
"7014855",371852,2025-12-02 05:05:01,43.351978302002,-8.42625045776367,"Unknown"
"7014855",371852,2025-12-02 05:14:43,43.3520889282227,-8.42606544494629,"Unknown"
"7014855",371852,2025-12-02 05:24:43,43.3519744873047,-8.4262809753418,"Unknown"
"7014855",371852,2025-12-02 05:34:43,43.351993560791,-8.42619037628174,"Unknown"
"7014855",371852,2025-12-02 05:44:48,43.351993560791,-8.42629432678223,"Unknown"
"7014855",371852,2025-12-02 05:54:43,43.3520011901855,-8.42623901367188,"Unknown"
"7014855",371852,2025-12-02 06:04:43,43.3519859313965,-8.42628192901611,"Unknown"
"7014855",371852,2025-12-02 06:14:43,43.3519515991211,-8.42625331878662,"Unknown"
"7014855",371852,2025-12-02 06:24:43,43.3520126342773,-8.4262580871582,"Unknown"
"7014855",371852,2025-12-02 06:34:43,43.3520202636719,-8.42619895935059,"Unknown"
"7014855",371852,2025-12-02 06:44:44,43.3519897460938,-8.42620944976807,"Unknown"
"7014855",371852,2025-12-02 06:54:43,43.351993560791,-8.42630577087402,"Unknown"
"7014855",371852,2025-12-02 07:05:05,43.351993560791,-8.42625522613525,"Unknown"
"7014855",371852,2025-12-02 07:14:42,43.3520317077637,-8.42621040344238,"Unknown"
"7014855",371852,2025-12-02 07:24:42,43.3520736694336,-8.42625522613525,"Unknown"
"7014855",371852,2025-12-02 07:34:42,43.3520545959473,-8.42620754241943,"Unknown"
"7014855",371852,2025-12-02 08:04:43,43.352123260498,-8.42656230926514,"Unknown"
"7014855",371852,2025-12-02 08:34:44,43.3519058227539,-8.42599391937256,"Unknown"
"7014855",371852,2025-12-02 09:04:45,43.351921081543,-8.42641735076904,"Unknown"
"7014855",371852,2025-12-02 09:35:03,43.351978302002,-8.42622756958008,"Unknown"
"7014855",371852,2025-12-02 10:04:44,43.351978302002,-8.42623805999756,"Unknown"
"7014855",371852,2025-12-02 10:14:44,43.3520698547363,-8.42629051208496,"Unknown"
"7014855",371852,2025-12-02 10:24:43,43.3520736694336,-8.42635345458984,"Unknown"
"7014855",371852,2025-12-02 10:34:43,43.351978302002,-8.42621326446533,"Unknown"
"7014855",371852,2025-12-02 10:44:44,43.3517608642578,-8.42580890655518,"Unknown"
"7014855",371852,2025-12-02 10:54:46,43.3521957397461,-8.42667865753174,"Unknown"
"7014855",371852,2025-12-02 11:04:45,43.3518180847168,-8.42564868927002,"Unknown"
"7014855",371852,2025-12-02 11:14:45,43.35205078125,-8.42623901367188,"Unknown"
"7014855",371852,2025-12-02 11:24:44,43.3519515991211,-8.42607307434082,"Unknown"
"7014855",371852,2025-12-02 11:34:53,43.3516960144043,-8.4262752532959,"Unknown"
"7014855",371852,2025-12-02 11:44:44,43.3519630432129,-8.42681694030762,"Unknown"
"7014855",371852,2025-12-02 11:54:44,43.3519668579102,-8.42754364013672,"Unknown"
"7014855",371852,2025-12-02 12:05:05,43.3519592285156,-8.42623710632324,"Unknown"
"7014855",371852,2025-12-02 12:14:43,43.3520088195801,-8.42615795135498,"Unknown"
"7014855",371852,2025-12-02 12:24:43,43.3520317077637,-8.42616844177246,"Unknown"
"7014855",371852,2025-12-02 12:34:43,43.3519706726074,-8.42628383636475,"Unknown"
"7014855",371852,2025-12-02 12:44:43,43.3519897460938,-8.42617797851562,"Unknown"
"7014855",371852,2025-12-02 12:54:43,43.3520317077637,-8.42625904083252,"Unknown"
"7014855",371852,2025-12-02 13:04:43,43.3519897460938,-8.42623519897461,"Unknown"
"7014855",371852,2025-12-02 13:14:43,43.3519744873047,-8.42622089385986,"Unknown"
"7014855",371852,2025-12-02 13:24:43,43.3519897460938,-8.42617511749268,"Unknown"
"7014855",371852,2025-12-02 13:34:43,43.3520355224609,-8.42626857757568,"Unknown"
"7014855",371852,2025-12-02 13:44:43,43.3521385192871,-8.42631912231445,"Unknown"
"7014855",371852,2025-12-02 13:54:46,43.3521385192871,-8.42634391784668,"Unknown"
"7014855",371852,2025-12-02 14:04:47,43.3521575927734,-8.4263916015625,"Unknown"
"7014855",371852,2025-12-02 14:15:05,43.3520126342773,-8.42622852325439,"Unknown"
"7014855",371852,2025-12-02 14:24:43,43.3520088195801,-8.42619705200195,"Unknown"
"7014855",371852,2025-12-02 14:34:43,43.3520088195801,-8.42622947692871,"Unknown"
"7014855",371852,2025-12-02 14:44:43,43.3519554138184,-8.42621231079102,"Unknown"
"7014855",371852,2025-12-02 14:54:44,43.3519554138184,-8.42623805999756,"Unknown"
"7014855",371852,2025-12-02 15:04:44,43.3519554138184,-8.42617034912109,"Unknown"
"7014855",371852,2025-12-02 15:14:44,43.351936340332,-8.42620944976807,"Unknown"
"7014855",371852,2025-12-02 15:24:44,43.351921081543,-8.42619037628174,"Unknown"
"7014855",371852,2025-12-02 15:34:44,43.3520278930664,-8.42623519897461,"Unknown"
"7014855",371852,2025-12-02 15:44:44,43.351993560791,-8.42621994018555,"Unknown"
"7014855",371852,2025-12-02 15:54:44,43.3519058227539,-8.42615127563477,"Unknown"
"7014855",371852,2025-12-02 16:04:44,43.3518409729004,-8.42610263824463,"Unknown"
"7014855",371852,2025-12-02 16:14:44,43.3518524169922,-8.42611503601074,"Unknown"
"7014855",371852,2025-12-02 16:24:44,43.3518829345703,-8.42612934112549,"Unknown"
"7014855",371852,2025-12-02 16:34:44,43.351936340332,-8.42615604400635,"Unknown"
"7014855",371852,2025-12-02 16:44:45,43.3519554138184,-8.42612838745117,"Unknown"
"7014855",371852,2025-12-02 16:54:44,43.3519172668457,-8.42607307434082,"Unknown"
"7014855",371852,2025-12-02 17:05:05,43.3519515991211,-8.42619132995605,"Unknown"
"7014855",371852,2025-12-02 17:14:43,43.351978302002,-8.42617893218994,"Unknown"
"7014855",371852,2025-12-02 17:24:43,43.3519668579102,-8.42620277404785,"Unknown"
"7014855",371852,2025-12-02 17:34:43,43.3519744873047,-8.42626857757568,"Unknown"
"7014855",371852,2025-12-02 17:44:43,43.3519439697266,-8.42625045776367,"Unknown"
"7014855",371852,2025-12-02 17:54:43,43.3519630432129,-8.42621898651123,"Unknown"
"7014855",371852,2025-12-02 18:04:43,43.3519439697266,-8.42625904083252,"Unknown"
"7014855",371852,2025-12-02 18:14:43,43.3519325256348,-8.42624664306641,"Unknown"
"7014855",371852,2025-12-02 18:24:43,43.351936340332,-8.42619609832764,"Unknown"
"7014855",371852,2025-12-02 18:34:43,43.3519821166992,-8.42611980438232,"Unknown"
"7014855",371852,2025-12-02 18:44:46,43.3519897460938,-8.42622375488281,"Unknown"
"7014855",371852,2025-12-02 18:54:46,43.3518753051758,-8.42615413665771,"Unknown"
"7014855",371852,2025-12-02 19:04:45,43.352409362793,-8.42642116546631,"Unknown"
"7014855",371852,2025-12-02 19:14:44,43.3521957397461,-8.42645263671875,"Unknown"
"7014855",371852,2025-12-02 19:24:44,43.3521842956543,-8.4264669418335,"Unknown"
"7014855",371852,2025-12-02 19:34:44,43.3520317077637,-8.42622184753418,"Unknown"
"7014855",371852,2025-12-02 19:44:48,43.3521499633789,-8.4265308380127,"Unknown"
"7014855",371852,2025-12-02 19:54:48,43.3521461486816,-8.42655849456787,"Unknown"
"7014855",371852,2025-12-02 20:05:05,43.3520431518555,-8.42634868621826,"Unknown"
"7014855",371852,2025-12-02 20:14:43,43.3520545959473,-8.42630195617676,"Unknown"
"7014855",371852,2025-12-02 20:24:43,43.3519668579102,-8.4262523651123,"Unknown"
"7014855",371852,2025-12-02 20:35:14,43.3519859313965,-8.42620468139648,"Unknown"
"7014855",371852,2025-12-02 20:44:43,43.3520050048828,-8.42596626281738,"Unknown"
"7014855",371852,2025-12-02 20:54:43,43.3519439697266,-8.42630672454834,"Unknown"
"7014855",371852,2025-12-02 21:04:44,43.3519477844238,-8.42644596099854,"Unknown"
"7014855",371852,2025-12-02 21:14:45,43.351978302002,-8.42611408233643,"Unknown"
"7014855",371852,2025-12-02 21:24:44,43.3520202636719,-8.42614841461182,"Unknown"
"7014855",371852,2025-12-02 21:34:45,43.3519973754883,-8.42575073242188,"Unknown"
"7014855",371852,2025-12-02 21:45:01,43.3521575927734,-8.42611789703369,"Unknown"
"7014855",371852,2025-12-02 21:54:43,43.3520126342773,-8.42627716064453,"Unknown"
"7014855",371852,2025-12-02 22:04:43,43.3519515991211,-8.42624950408936,"Unknown"
"7014855",371852,2025-12-02 22:14:43,43.3519287109375,-8.42609405517578,"Unknown"
"7014855",371852,2025-12-02 22:24:43,43.3519020080566,-8.42614364624023,"Unknown"
"7014855",371852,2025-12-02 22:34:43,43.3519706726074,-8.42630767822266,"Unknown"
"7014855",371852,2025-12-02 22:44:44,43.3519859313965,-8.42623615264893,"Unknown"
"7014855",371852,2025-12-02 22:54:44,43.3520431518555,-8.42620468139648,"Unknown"
"7014855",371852,2025-12-02 23:04:54,43.3520469665527,-8.42619514465332,"Unknown"
"7014855",371852,2025-12-02 23:14:55,43.3519859313965,-8.42626571655273,"Unknown"
"7014855",371852,2025-12-02 23:24:54,43.3519515991211,-8.42630481719971,"Unknown"
"7014855",371852,2025-12-02 23:35:05,43.3520240783691,-8.42629909515381,"Unknown"
"7014855",371852,2025-12-02 23:44:43,43.3519477844238,-8.42636775970459,"Unknown"
"7014855",371852,2025-12-02 23:54:43,43.3520050048828,-8.42621517181396,"Unknown"
"7014855",371852,2025-12-03 00:04:43,43.351978302002,-8.42626476287842,"Unknown"
"7014855",371852,2025-12-03 00:14:43,43.3520126342773,-8.42622756958008,"Unknown"
"7014855",371852,2025-12-03 00:24:43,43.3520126342773,-8.42622566223145,"Unknown"
"7014855",371852,2025-12-03 00:34:43,43.3520164489746,-8.4260778427124,"Unknown"
"7014855",371852,2025-12-03 00:44:43,43.351978302002,-8.42637348175049,"Unknown"
"7014855",371852,2025-12-03 00:54:43,43.35205078125,-8.42628002166748,"Unknown"
"7014855",371852,2025-12-03 01:04:43,43.3520240783691,-8.42627620697021,"Unknown"
"7014855",371852,2025-12-03 01:14:43,43.3520011901855,-8.42627620697021,"Unknown"
"7014855",371852,2025-12-03 01:24:44,43.3520317077637,-8.42625713348389,"Unknown"
"7014855",371852,2025-12-03 01:34:45,43.3519401550293,-8.42612361907959,"Unknown"
"7014855",371852,2025-12-03 01:45:09,43.3521270751953,-8.42610931396484,"Unknown"
"7014855",371852,2025-12-03 01:55:01,43.3519668579102,-8.4261531829834,"Unknown"
"7014855",371852,2025-12-03 02:04:46,43.3520431518555,-8.42583084106445,"Unknown"
"7014855",371852,2025-12-03 02:14:54,43.3520278930664,-8.42589473724365,"Unknown"
"7014855",371852,2025-12-03 02:24:54,43.351978302002,-8.42598819732666,"Unknown"
"7014855",371852,2025-12-03 02:35:05,43.3519668579102,-8.42611598968506,"Unknown"
"7014855",371852,2025-12-03 02:44:43,43.3519630432129,-8.4262523651123,"Unknown"
"7014855",371852,2025-12-03 02:54:43,43.3519401550293,-8.42625331878662,"Unknown"
"7014855",371852,2025-12-03 03:04:44,43.3518981933594,-8.42621231079102,"Unknown"
"7014855",371852,2025-12-03 03:14:44,43.3519592285156,-8.42628574371338,"Unknown"
"7014855",371852,2025-12-03 03:24:44,43.3518562316895,-8.42623329162598,"Unknown"
"7014855",371852,2025-12-03 03:34:44,43.3517913818359,-8.42619323730469,"Unknown"
"7014855",371852,2025-12-03 03:44:46,43.3513412475586,-8.42578887939453,"Unknown"
"7014855",371852,2025-12-03 03:54:46,43.3515319824219,-8.42599868774414,"Unknown"
"7014855",371852,2025-12-03 04:05:13,43.351978302002,-8.42621803283691,"Unknown"
"7014855",371852,2025-12-03 04:14:43,43.3520317077637,-8.4262523651123,"Unknown"
"7014855",371852,2025-12-03 04:24:43,43.3519821166992,-8.42619514465332,"Unknown"
"7014855",371852,2025-12-03 04:34:43,43.3519630432129,-8.42614841461182,"Unknown"
"7014855",371852,2025-12-03 04:44:43,43.3519020080566,-8.42607116699219,"Unknown"
"7014855",371852,2025-12-03 04:55:05,43.3519744873047,-8.42618846893311,"Unknown"
"7014855",371852,2025-12-03 05:04:54,43.3519554138184,-8.4262113571167,"Unknown"
"7014855",371852,2025-12-03 05:14:54,43.3519096374512,-8.42625427246094,"Unknown"
"7014855",371852,2025-12-03 05:25:07,43.3518905639648,-8.42625999450684,"Unknown"
"7014855",371852,2025-12-03 05:34:58,43.3520164489746,-8.42624568939209,"Unknown"
"7014855",371852,2025-12-03 05:44:59,43.3520889282227,-8.42624664306641,"Unknown"
"7014855",371852,2025-12-03 05:55:00,43.3520774841309,-8.4261417388916,"Unknown"
"7014855",371852,2025-12-03 06:05:05,43.3520126342773,-8.42620754241943,"Unknown"
"7014855",371852,2025-12-03 06:15:13,43.3519897460938,-8.42621231079102,"Unknown"
"7014855",371852,2025-12-03 06:24:44,43.3519973754883,-8.42625141143799,"Unknown"
"7014855",371852,2025-12-03 06:34:44,43.351936340332,-8.42618846893311,"Unknown"
"7014855",371852,2025-12-03 06:44:44,43.3519668579102,-8.42622947692871,"Unknown"
"7014855",371852,2025-12-03 06:55:04,43.3519592285156,-8.42630290985107,"Unknown"
"7014855",371852,2025-12-03 07:04:46,43.3520202636719,-8.4262638092041,"Unknown"
"7014855",371852,2025-12-03 07:14:46,43.3519477844238,-8.42641258239746,"Unknown"
"7014855",371852,2025-12-03 07:24:47,43.351993560791,-8.42643642425537,"Unknown"
"7014855",371852,2025-12-03 07:34:47,43.3522872924805,-8.42649745941162,"Unknown"
"7014855",371852,2025-12-03 07:45:10,43.3519744873047,-8.42625522613525,"Unknown"
"7014855",371852,2025-12-03 07:54:44,43.3519477844238,-8.42636203765869,"Unknown"
"7014855",371852,2025-12-03 08:04:44,43.3519554138184,-8.42629814147949,"Unknown"
"7014855",371852,2025-12-03 08:14:44,43.3520011901855,-8.42621898651123,"Unknown"
"7014855",371852,2025-12-03 08:24:44,43.3520050048828,-8.42624568939209,"Unknown"
"7014855",371852,2025-12-03 08:35:14,43.3520202636719,-8.42622756958008,"Unknown"
"7014855",371852,2025-12-03 08:44:44,43.3519973754883,-8.42624282836914,"Unknown"
"7014855",371852,2025-12-03 08:54:44,43.3519134521484,-8.42632865905762,"Unknown"
"7014855",371852,2025-12-03 09:04:44,43.3518333435059,-8.42637729644775,"Unknown"
"7014855",371852,2025-12-03 09:14:44,43.3519592285156,-8.42624187469482,"Unknown"
"7014855",371852,2025-12-03 09:24:44,43.3519859313965,-8.4262056350708,"Unknown"
"7014855",371852,2025-12-03 09:34:48,43.3519439697266,-8.42623233795166,"Unknown"
"7014855",371852,2025-12-03 09:44:44,43.3519554138184,-8.42621612548828,"Unknown"
"7014855",371852,2025-12-03 09:54:44,43.3518905639648,-8.42608451843262,"Unknown"
"7014855",371852,2025-12-03 10:04:44,43.3519134521484,-8.42610836029053,"Unknown"
"7014855",371852,2025-12-03 10:14:44,43.3520660400391,-8.42628002166748,"Unknown"
"7014855",371852,2025-12-03 10:25:05,43.3520393371582,-8.42622852325439,"Unknown"
"7014855",371852,2025-12-03 10:34:46,43.3520011901855,-8.42615222930908,"Unknown"
"7014855",371852,2025-12-03 10:44:47,43.3520545959473,-8.42624759674072,"Unknown"
"7014855",371852,2025-12-03 10:54:47,43.3522453308105,-8.42663288116455,"Unknown"
"7014855",371852,2025-12-03 11:04:46,43.3520545959473,-8.42602825164795,"Unknown"
"7014855",371852,2025-12-03 11:14:46,43.3520889282227,-8.426194190979,"Unknown"
"7014855",371852,2025-12-03 11:24:46,43.3522834777832,-8.42665386199951,"Unknown"
"7014855",371852,2025-12-03 11:35:01,43.3522491455078,-8.42609691619873,"Unknown"
"7014855",371852,2025-12-03 11:44:46,43.3521995544434,-8.42621421813965,"Unknown"
"7014855",371852,2025-12-03 11:54:45,43.352424621582,-8.42622375488281,"Unknown"
"7014855",371852,2025-12-03 12:05:05,43.3519325256348,-8.42621421813965,"Unknown"
"7014855",371852,2025-12-03 12:14:54,43.3519477844238,-8.42621612548828,"Unknown"
"7014855",371852,2025-12-03 12:24:54,43.3519668579102,-8.42622375488281,"Unknown"
"7014855",371852,2025-12-03 12:34:54,43.351921081543,-8.42624378204346,"Unknown"
"7014855",371852,2025-12-03 12:44:54,43.3520317077637,-8.42619895935059,"Unknown"
"7014855",371852,2025-12-03 12:54:54,43.3518905639648,-8.42627048492432,"Unknown"
"7014855",371852,2025-12-03 13:05:10,43.3520240783691,-8.42622852325439,"Unknown"
"7014855",371852,2025-12-03 13:14:44,43.3521499633789,-8.42617034912109,"Unknown"
"7014855",371852,2025-12-03 13:24:44,43.3519515991211,-8.42624473571777,"Unknown"
"7014855",371852,2025-12-03 13:34:44,43.3519325256348,-8.42621517181396,"Unknown"
"7014855",371852,2025-12-03 13:44:44,43.3521461486816,-8.42624855041504,"Unknown"
"7014855",371852,2025-12-03 13:55:15,43.3520278930664,-8.42627811431885,"Unknown"
"7014855",371852,2025-12-03 14:04:44,43.352123260498,-8.42631435394287,"Unknown"
"7014855",371852,2025-12-03 14:14:44,43.3521842956543,-8.42628479003906,"Unknown"
"7014855",371852,2025-12-03 14:24:44,43.352165222168,-8.4262752532959,"Unknown"
"7014855",371852,2025-12-03 14:34:44,43.3521156311035,-8.42630863189697,"Unknown"
"7014855",371852,2025-12-03 14:44:45,43.3524780273438,-8.42638778686523,"Unknown"
"7014855",371852,2025-12-03 14:55:05,43.3520545959473,-8.42617511749268,"Unknown"
"7014855",371852,2025-12-03 15:04:49,43.351993560791,-8.4261646270752,"Unknown"
"7014855",371852,2025-12-03 15:14:49,43.3520469665527,-8.4261999130249,"Unknown"
"7014855",371852,2025-12-03 15:24:52,43.3519973754883,-8.42617321014404,"Unknown"
"7014855",371852,2025-12-03 15:34:51,43.3519630432129,-8.42619323730469,"Unknown"
"7014855",371852,2025-12-03 15:44:54,43.3520355224609,-8.42616367340088,"Unknown"
"7014855",371852,2025-12-03 15:55:03,43.3520126342773,-8.42620849609375,"Unknown"
"7014855",371852,2025-12-03 16:04:56,43.3520355224609,-8.42632675170898,"Unknown"
"7014855",371852,2025-12-03 16:15:05,43.351993560791,-8.4261474609375,"Unknown"
"7014855",371852,2025-12-03 16:24:44,43.3520851135254,-8.42622852325439,"Unknown"
"7014855",371852,2025-12-03 16:34:44,43.352108001709,-8.42621994018555,"Unknown"
"7014855",371852,2025-12-03 16:44:45,43.3521423339844,-8.42621898651123,"Unknown"
"7014855",371852,2025-12-03 16:54:45,43.3520393371582,-8.42601108551025,"Unknown"
"7014855",371852,2025-12-03 17:05:13,43.3521385192871,-8.42620277404785,"Unknown"
"7014855",371852,2025-12-03 17:15:14,43.351936340332,-8.42613410949707,"Unknown"
"7014855",371852,2025-12-03 17:24:44,43.3518943786621,-8.42611789703369,"Unknown"
"7014855",371852,2025-12-03 17:34:45,43.351978302002,-8.42629337310791,"Unknown"
"7014855",371852,2025-12-03 17:44:44,43.3519325256348,-8.42661666870117,"Unknown"
"7014855",371852,2025-12-03 17:55:14,43.3519821166992,-8.42622184753418,"Unknown"
"7014855",371852,2025-12-03 18:04:44,43.3520202636719,-8.42621803283691,"Unknown"
"7014855",371852,2025-12-03 18:14:44,43.3519401550293,-8.42638874053955,"Unknown"
"7014855",371852,2025-12-03 18:24:44,43.3518905639648,-8.42622852325439,"Unknown"
"7014855",371852,2025-12-03 18:34:47,43.351448059082,-8.42559432983398,"Unknown"
"7014855",371852,2025-12-03 18:44:44,43.3519515991211,-8.42625904083252,"Unknown"
"7014855",371852,2025-12-03 18:55:14,43.3520202636719,-8.42616176605225,"Unknown"
"7014855",371852,2025-12-03 19:04:44,43.3519287109375,-8.42631053924561,"Unknown"
"7014855",371852,2025-12-03 19:14:44,43.3519668579102,-8.42636013031006,"Unknown"
"7014855",371852,2025-12-03 19:24:44,43.3520240783691,-8.42645168304443,"Unknown"
"7014855",371852,2025-12-03 19:34:45,43.3520469665527,-8.42642498016357,"Unknown"
"7014855",371852,2025-12-03 19:44:45,43.3519554138184,-8.42621326446533,"Unknown"
"7014855",371852,2025-12-03 19:55:05,43.3521728515625,-8.42605495452881,"Unknown"
"7014855",371852,2025-12-03 20:05:05,43.3520278930664,-8.42617988586426,"Unknown"
"7014855",371852,2025-12-03 20:14:52,43.3518371582031,-8.42612743377686,"Unknown"
"7014855",371852,2025-12-03 20:25:10,43.351993560791,-8.42618179321289,"Unknown"
"7014855",371852,2025-12-03 20:34:44,43.3519515991211,-8.42603969573975,"Unknown"
"7014855",371852,2025-12-03 20:44:44,43.3519554138184,-8.42600631713867,"Unknown"
"7014855",371852,2025-12-03 20:55:14,43.3519897460938,-8.42612361907959,"Unknown"
"7014855",371852,2025-12-03 21:04:45,43.3520736694336,-8.42600059509277,"Unknown"
"7014855",371852,2025-12-03 21:14:45,43.3520965576172,-8.42589855194092,"Unknown"
"7014855",371852,2025-12-03 21:24:45,43.3522415161133,-8.42577743530273,"Unknown"
"7014855",371852,2025-12-03 21:34:47,43.352466583252,-8.42563533782959,"Unknown"
"7014855",371852,2025-12-03 21:44:48,43.3516883850098,-8.42594242095947,"Unknown"
"7014855",371852,2025-12-03 21:55:06,43.3524780273438,-8.4265832901001,"Unknown"
"7014855",371852,2025-12-03 22:05:05,43.3519287109375,-8.42624664306641,"Unknown"
"7014855",371852,2025-12-03 22:14:44,43.3519592285156,-8.42617416381836,"Unknown"
"7014855",371852,2025-12-03 22:24:44,43.351978302002,-8.42593097686768,"Unknown"
"7014855",371852,2025-12-03 22:34:44,43.3520698547363,-8.42600440979004,"Unknown"
"7014855",371852,2025-12-03 22:44:46,43.3519897460938,-8.42626094818115,"Unknown"
"7014855",371852,2025-12-03 22:55:05,43.3520240783691,-8.42625522613525,"Unknown"
"7014855",371852,2025-12-03 23:04:47,43.3522415161133,-8.42674255371094,"Unknown"
"7014855",371852,2025-12-03 23:15:05,43.3519973754883,-8.42625427246094,"Unknown"
"7014855",371852,2025-12-03 23:24:44,43.3519554138184,-8.42632961273193,"Unknown"
"7014855",371852,2025-12-03 23:34:44,43.3519821166992,-8.4262580871582,"Unknown"
"7014855",371852,2025-12-03 23:44:44,43.3519554138184,-8.42631435394287,"Unknown"
"7014855",371852,2025-12-03 23:54:44,43.3519401550293,-8.42626094818115,"Unknown"
"7014855",371852,2025-12-04 00:04:51,43.3520011901855,-8.42623424530029,"Unknown"
"7014855",371852,2025-12-04 00:14:47,43.3519897460938,-8.4262809753418,"Unknown"
"7014855",371852,2025-12-04 00:24:51,43.351978302002,-8.42613887786865,"Unknown"
"7014855",371852,2025-12-04 00:35:05,43.3519325256348,-8.4263219833374,"Unknown"
"7014855",371852,2025-12-04 00:44:44,43.3520774841309,-8.42629909515381,"Unknown"
"7014855",371852,2025-12-04 00:54:44,43.3520164489746,-8.42617988586426,"Unknown"
"7014855",371852,2025-12-04 01:04:45,43.3520278930664,-8.4262752532959,"Unknown"
"7014855",371852,2025-12-04 01:14:52,43.3519668579102,-8.4262866973877,"Unknown"
"7014855",371852,2025-12-04 01:24:54,43.3520050048828,-8.42630386352539,"Unknown"
"7014855",371852,2025-12-04 01:35:03,43.3519706726074,-8.4261999130249,"Unknown"
"7014855",371852,2025-12-04 01:44:48,43.3517036437988,-8.42622089385986,"Unknown"
"7014855",371852,2025-12-04 01:54:45,43.3519706726074,-8.4262113571167,"Unknown"
"7014855",371852,2025-12-04 02:04:54,43.3519554138184,-8.42624950408936,"Unknown"
"7014855",371852,2025-12-04 02:14:54,43.3519897460938,-8.42615604400635,"Unknown"
"7014855",371852,2025-12-04 02:25:14,43.3519592285156,-8.42611598968506,"Unknown"
"7014855",371852,2025-12-04 02:34:44,43.3519706726074,-8.42635250091553,"Unknown"
"7014855",371852,2025-12-04 02:44:56,43.3522186279297,-8.42627716064453,"Unknown"
"7014855",371852,2025-12-04 02:55:14,43.3519477844238,-8.42617893218994,"Unknown"
"7014855",371852,2025-12-04 03:04:45,43.3520736694336,-8.42639827728271,"Unknown"
"7014855",371852,2025-12-04 03:14:44,43.3519172668457,-8.426100730896,"Unknown"
"7014855",371852,2025-12-04 03:24:44,43.3520698547363,-8.42630767822266,"Unknown"
"7014855",371852,2025-12-04 03:34:44,43.352180480957,-8.42639827728271,"Unknown"
"7014855",371852,2025-12-04 03:44:45,43.3523559570312,-8.42639446258545,"Unknown"
"7014855",371852,2025-12-04 03:55:05,43.3519630432129,-8.42625999450684,"Unknown"
"7014855",371852,2025-12-04 04:04:44,43.3521537780762,-8.42634391784668,"Unknown"
"7014855",371852,2025-12-04 04:14:49,43.3519744873047,-8.42637252807617,"Unknown"
"7014855",371852,2025-12-04 04:25:13,43.3519477844238,-8.42630004882812,"Unknown"
"7014855",371852,2025-12-04 04:34:45,43.3518180847168,-8.42597484588623,"Unknown"
"7014855",371852,2025-12-04 04:44:45,43.3522567749023,-8.42642211914062,"Unknown"
"7014855",371852,2025-12-04 04:55:14,43.3520355224609,-8.42620658874512,"Unknown"
"7014855",371852,2025-12-04 05:04:45,43.352108001709,-8.42609024047852,"Unknown"
"7014855",371852,2025-12-04 05:14:45,43.3520660400391,-8.42658996582031,"Unknown"
"7014855",371852,2025-12-04 05:24:54,43.3521919250488,-8.42618560791016,"Unknown"
"7014855",371852,2025-12-04 05:34:50,43.3521003723145,-8.4262170791626,"Unknown"
"7014855",371852,2025-12-04 05:44:45,43.3521766662598,-8.42633724212646,"Unknown"
"7014855",371852,2025-12-04 05:55:14,43.3519515991211,-8.42632007598877,"Unknown"
"7014855",371852,2025-12-04 06:04:46,43.3521957397461,-8.4263744354248,"Unknown"
"7014855",371852,2025-12-04 06:14:46,43.3522911071777,-8.42625522613525,"Unknown"
"7014855",371852,2025-12-04 06:24:45,43.3520240783691,-8.42624855041504,"Unknown"
"7014855",371852,2025-12-04 06:34:46,43.3519058227539,-8.42630672454834,"Unknown"
"7014855",371852,2025-12-04 06:44:46,43.3523559570312,-8.42655372619629,"Unknown"
"7014855",371852,2025-12-04 06:55:14,43.3520278930664,-8.42613220214844,"Unknown"
"7014855",371852,2025-12-04 07:04:45,43.3522262573242,-8.42634868621826,"Unknown"
"7014855",371852,2025-12-04 07:14:45,43.3519668579102,-8.42646789550781,"Unknown"
"7014855",371852,2025-12-04 07:24:46,43.3520851135254,-8.4266300201416,"Unknown"
"7014855",371852,2025-12-04 07:34:46,43.3513259887695,-8.427001953125,"Unknown"
"7014855",371852,2025-12-04 07:44:55,43.3518409729004,-8.42651462554932,"Unknown"
"7014855",371852,2025-12-04 07:55:05,43.351936340332,-8.42630100250244,"Unknown"
"7014855",371852,2025-12-04 08:05:05,43.3519973754883,-8.4262809753418,"Unknown"
"7014855",371852,2025-12-04 08:14:47,43.3518676757812,-8.42630863189697,"Unknown"
"7014855",371852,2025-12-04 08:24:48,43.3517875671387,-8.42628955841064,"Unknown"
"7014855",371852,2025-12-04 08:34:49,43.3516502380371,-8.42640686035156,"Unknown"
"7014855",371852,2025-12-04 08:45:02,43.3520584106445,-8.4260892868042,"Unknown"
"7014855",371852,2025-12-04 08:54:55,43.351921081543,-8.426344871521,"Unknown"
"7014855",371852,2025-12-04 09:04:55,43.3520660400391,-8.42611694335938,"Unknown"
"7014855",371852,2025-12-04 09:14:55,43.3520050048828,-8.4262170791626,"Unknown"
"7014855",371852,2025-12-04 09:24:55,43.3520927429199,-8.42626762390137,"Unknown"
"7014855",371852,2025-12-04 09:34:59,43.3520965576172,-8.42633438110352,"Unknown"
"7014855",371852,2025-12-04 09:44:56,43.3522186279297,-8.42627334594727,"Unknown"
"7014855",371852,2025-12-04 09:54:58,43.3522758483887,-8.42651176452637,"Unknown"
"7014855",371852,2025-12-04 10:05:05,43.3518486022949,-8.42599868774414,"Unknown"
"7014855",371852,2025-12-04 10:15:12,43.3519630432129,-8.42628192901611,"Unknown"
"7014855",371852,2025-12-04 10:24:46,43.3519859313965,-8.42623996734619,"Unknown"
"7014855",371852,2025-12-04 10:34:46,43.3513488769531,-8.42644596099854,"Unknown"
"7014855",371852,2025-12-04 10:44:46,43.3520393371582,-8.42642211914062,"Unknown"
"7014855",371852,2025-12-04 10:55:12,43.3519668579102,-8.42627906799316,"Unknown"
"7014855",371852,2025-12-04 11:04:45,43.3520088195801,-8.42627429962158,"Unknown"
"7014855",371852,2025-12-04 11:14:46,43.3520317077637,-8.42600154876709,"Unknown"
"7014855",371852,2025-12-04 11:24:47,43.35205078125,-8.42618846893311,"Unknown"
"7014855",371852,2025-12-04 11:34:47,43.3520278930664,-8.4259147644043,"Unknown"
"7014855",371852,2025-12-04 11:44:48,43.3520317077637,-8.4261999130249,"Unknown"
"7014855",371852,2025-12-04 11:55:15,43.3520927429199,-8.42629241943359,"Unknown"
"7014855",371852,2025-12-04 12:04:55,43.3517036437988,-8.42655086517334,"Unknown"
"7014855",371852,2025-12-04 12:14:55,43.3520545959473,-8.42619228363037,"Unknown"
"7014855",371852,2025-12-04 12:24:54,43.3520698547363,-8.42621803283691,"Unknown"
"7014855",371852,2025-12-04 12:34:54,43.3520660400391,-8.4262228012085,"Unknown"
"7014855",371852,2025-12-04 12:44:54,43.3520660400391,-8.42625904083252,"Unknown"
"7014855",371852,2025-12-04 12:55:14,43.3519592285156,-8.42623805999756,"Unknown"
"7014855",371852,2025-12-04 13:04:47,43.3519973754883,-8.42623519897461,"Unknown"
"7014855",371852,2025-12-04 13:14:45,43.3519821166992,-8.42630386352539,"Unknown"
"7014855",371852,2025-12-04 13:24:47,43.3520927429199,-8.42615604400635,"Unknown"
"7014855",371852,2025-12-04 13:34:45,43.3520545959473,-8.42624568939209,"Unknown"
"7014855",371852,2025-12-04 13:44:51,43.3524360656738,-8.42628479003906,"Unknown"
"7014855",371852,2025-12-04 13:55:15,43.3518714904785,-8.42626571655273,"Unknown"
"7014855",371852,2025-12-04 14:04:45,43.3519554138184,-8.42629146575928,"Unknown"
"7014855",371852,2025-12-04 14:14:45,43.3519554138184,-8.42615795135498,"Unknown"
"7014855",371852,2025-12-04 14:24:45,43.3520660400391,-8.42628860473633,"Unknown"
"7014855",371852,2025-12-04 14:34:45,43.3521461486816,-8.42620658874512,"Unknown"
"7014855",371852,2025-12-04 14:44:51,43.3521537780762,-8.42622947692871,"Unknown"
"7014855",371852,2025-12-04 14:55:14,43.351936340332,-8.4262170791626,"Unknown"
"7014855",371852,2025-12-04 15:04:45,43.35205078125,-8.42611885070801,"Unknown"
"7014855",371852,2025-12-04 15:14:45,43.3520622253418,-8.42621326446533,"Unknown"
"7014855",371852,2025-12-04 15:24:45,43.3519325256348,-8.42618274688721,"Unknown"
"7014855",371852,2025-12-04 15:34:46,43.3518257141113,-8.42627429962158,"Unknown"
"7014855",371852,2025-12-04 15:44:46,43.3518524169922,-8.42615127563477,"Unknown"
"7014855",371852,2025-12-04 15:55:15,43.3519859313965,-8.42616271972656,"Unknown"
"7014855",371852,2025-12-04 16:04:45,43.3518867492676,-8.42618560791016,"Unknown"
"7014855",371852,2025-12-04 16:14:45,43.3519325256348,-8.42610263824463,"Unknown"
"7014855",371852,2025-12-04 16:24:45,43.3519248962402,-8.42613315582275,"Unknown"
"7014855",371852,2025-12-04 16:34:45,43.3518180847168,-8.426100730896,"Unknown"
"7014855",371852,2025-12-04 16:44:45,43.3519172668457,-8.42604637145996,"Unknown"
"7014855",371852,2025-12-04 16:55:05,43.351978302002,-8.42617797851562,"Unknown"
"7014855",371852,2025-12-04 17:04:47,43.3519096374512,-8.42609310150146,"Unknown"
"7014855",371852,2025-12-04 17:14:53,43.3515968322754,-8.42575931549072,"Unknown"
"7014855",371852,2025-12-04 17:24:52,43.3518676757812,-8.42605400085449,"Unknown"
"7014855",371852,2025-12-04 17:34:54,43.3519096374512,-8.42615032196045,"Unknown"
"7014855",371852,2025-12-04 17:44:56,43.3518218994141,-8.42613983154297,"Unknown"
"7014855",371852,2025-12-04 17:54:56,43.351879119873,-8.42618370056152,"Unknown"
"7014855",371852,2025-12-04 18:04:56,43.3519439697266,-8.42631244659424,"Unknown"
"7014855",371852,2025-12-04 18:15:05,43.3520011901855,-8.42618274688721,"Unknown"
"7014855",371852,2025-12-04 18:25:04,43.3519859313965,-8.4261589050293,"Unknown"
"7014855",371852,2025-12-04 18:34:45,43.3520240783691,-8.42617702484131,"Unknown"
"7014855",371852,2025-12-04 18:44:45,43.3519821166992,-8.42615604400635,"Unknown"
"7014855",371852,2025-12-04 18:54:47,43.3520431518555,-8.42625141143799,"Unknown"
"7014855",371852,2025-12-04 19:04:49,43.3518714904785,-8.42625617980957,"Unknown"
"7014855",371852,2025-12-04 19:15:13,43.3520278930664,-8.42619037628174,"Unknown"
"7014855",371852,2025-12-04 19:24:45,43.3520278930664,-8.42621612548828,"Unknown"
"7014855",371852,2025-12-04 19:34:46,43.3520393371582,-8.42619132995605,"Unknown"
"7014855",371852,2025-12-04 19:45:14,43.3519515991211,-8.4262170791626,"Unknown"
"7014855",371852,2025-12-04 19:54:45,43.3518600463867,-8.42622852325439,"Unknown"
"7014855",371852,2025-12-04 20:04:45,43.3519287109375,-8.42623996734619,"Unknown"
"7014855",371852,2025-12-04 20:14:45,43.3519325256348,-8.42623615264893,"Unknown"
"7014855",371852,2025-12-04 20:24:45,43.3518371582031,-8.42626953125,"Unknown"
"7014855",371852,2025-12-04 20:35:14,43.3519554138184,-8.42630672454834,"Unknown"
"7014855",371852,2025-12-04 20:44:45,43.351863861084,-8.42615413665771,"Unknown"
"7014855",371852,2025-12-04 20:54:45,43.3519020080566,-8.42631435394287,"Unknown"
"7014855",371852,2025-12-04 21:04:46,43.3520698547363,-8.42628383636475,"Unknown"
"7014855",371852,2025-12-04 21:14:46,43.3518600463867,-8.42638206481934,"Unknown"
"7014855",371852,2025-12-04 21:24:45,43.3518600463867,-8.42632007598877,"Unknown"
"7014855",371852,2025-12-04 21:35:05,43.352108001709,-8.42624855041504,"Unknown"
"7014855",371852,2025-12-04 21:45:01,43.3522262573242,-8.42641258239746,"Unknown"
"7014855",371852,2025-12-04 21:55:02,43.3521919250488,-8.42642307281494,"Unknown"
"7014855",371852,2025-12-04 22:05:05,43.3519859313965,-8.42620658874512,"Unknown"
"7014855",371852,2025-12-04 22:14:45,43.351978302002,-8.425950050354,"Unknown"
"7014855",371852,2025-12-04 22:24:46,43.3519973754883,-8.42609119415283,"Unknown"
"7014855",371852,2025-12-04 22:34:45,43.3519973754883,-8.42549896240234,"Unknown"
"7014855",371852,2025-12-04 22:44:45,43.3520202636719,-8.42571926116943,"Unknown"
"7014855",371852,2025-12-04 22:55:09,43.3521347045898,-8.42633247375488,"Unknown"
"7014855",371852,2025-12-04 23:05:14,43.351993560791,-8.42627716064453,"Unknown"
"7014855",371852,2025-12-04 23:14:45,43.3520164489746,-8.42629909515381,"Unknown"
"7014855",371852,2025-12-04 23:24:45,43.35205078125,-8.42620372772217,"Unknown"
"7014855",371852,2025-12-04 23:55:14,43.3520927429199,-8.4261417388916,"Unknown"
"7014855",371852,2025-12-05 00:24:45,43.3520088195801,-8.42618465423584,"Unknown"
"7014855",371852,2025-12-05 00:55:14,43.3519821166992,-8.42624282836914,"Unknown"
"7014855",371852,2025-12-05 01:24:45,43.3520393371582,-8.42610168457031,"Unknown"
"7014855",371852,2025-12-05 01:55:14,43.3519668579102,-8.42618083953857,"Unknown"
"7014855",371852,2025-12-05 02:24:47,43.351936340332,-8.42636013031006,"Unknown"
"7014855",371852,2025-12-05 02:55:14,43.3518600463867,-8.42627239227295,"Unknown"
"7014855",371852,2025-12-05 03:24:46,43.3520164489746,-8.42584419250488,"Unknown"
"7014855",371852,2025-12-05 03:55:05,43.3520469665527,-8.42614364624023,"Unknown"
"7014855",371852,2025-12-05 04:25:14,43.3521499633789,-8.42625617980957,"Unknown"
"7014855",371852,2025-12-05 04:55:14,43.3520660400391,-8.4261646270752,"Unknown"
"7014855",371852,2025-12-05 05:24:46,43.3526191711426,-8.42599201202393,"Unknown"
"7014855",371852,2025-12-05 05:55:14,43.3520164489746,-8.42610359191895,"Unknown"
"7014855",371852,2025-12-05 06:24:47,43.3519477844238,-8.42626571655273,"Unknown"
"7014855",371852,2025-12-05 06:55:14,43.3519554138184,-8.42622852325439,"Unknown"
"7014855",371852,2025-12-05 07:24:46,43.351879119873,-8.42618560791016,"Unknown"
"7014855",371852,2025-12-05 07:55:14,43.351921081543,-8.42625904083252,"Unknown"
"7014855",371852,2025-12-05 08:24:47,43.3519134521484,-8.42627620697021,"Unknown"
"7014855",371852,2025-12-05 08:55:14,43.3519554138184,-8.42624473571777,"Unknown"
"7014855",371852,2025-12-05 09:24:47,43.351993560791,-8.4260778427124,"Unknown"
"7014855",371852,2025-12-05 09:55:14,43.3519859313965,-8.42620754241943,"Unknown"
"7014855",371852,2025-12-05 10:24:55,43.3520660400391,-8.42629909515381,"Unknown"
"7014855",371852,2025-12-05 10:55:15,43.3520126342773,-8.42626857757568,"Unknown"
"7014855",371852,2025-12-05 11:24:55,43.3520545959473,-8.42644023895264,"Unknown"
"7014855",371852,2025-12-05 11:55:14,43.3519554138184,-8.42630100250244,"Unknown"
"7014855",371852,2025-12-05 12:24:53,43.3519325256348,-8.42620182037354,"Unknown"
"7014855",371852,2025-12-05 12:55:10,43.351993560791,-8.42613792419434,"Unknown"
"7014855",371852,2025-12-05 13:24:50,43.3521842956543,-8.42610931396484,"Unknown"
"7014855",371852,2025-12-05 13:55:05,43.3518409729004,-8.42610168457031,"Unknown"
"7014855",371852,2025-12-05 14:25:14,43.3519859313965,-8.42619514465332,"Unknown"
"7014855",371852,2025-12-05 14:55:14,43.3520431518555,-8.4261474609375,"Unknown"
"7014855",371852,2025-12-05 15:24:46,43.3520278930664,-8.42624855041504,"Unknown"
"7014855",371852,2025-12-05 15:55:15,43.3520431518555,-8.42622852325439,"Unknown"
"7014855",371852,2025-12-05 16:24:55,43.3520698547363,-8.42633533477783,"Unknown"
"7014855",371852,2025-12-05 16:55:15,43.3520622253418,-8.42631816864014,"Unknown"
"7014855",371852,2025-12-05 17:24:51,43.3522834777832,-8.42656230926514,"Unknown"
"7014855",371852,2025-12-05 17:55:05,43.3520278930664,-8.42617607116699,"Unknown"
"7014855",371852,2025-12-05 18:24:54,43.3519554138184,-8.4261302947998,"Unknown"
"7014855",371852,2025-12-05 18:54:55,43.3519515991211,-8.42610168457031,"Unknown"
"7014855",371852,2025-12-05 19:25:15,43.3519401550293,-8.42624950408936,"Unknown"
"7014855",371852,2025-12-05 19:55:15,43.3519515991211,-8.42626094818115,"Unknown"
"7014855",371852,2025-12-05 20:24:46,43.3521423339844,-8.42621517181396,"Unknown"
"7014855",371852,2025-12-05 20:55:15,43.3519706726074,-8.42616271972656,"Unknown"
"7014855",371852,2025-12-05 21:24:46,43.351993560791,-8.42629337310791,"Unknown"
"7014855",371852,2025-12-05 21:55:14,43.3520011901855,-8.42628955841064,"Unknown"
"7014855",371852,2025-12-05 22:24:46,43.3520584106445,-8.42634201049805,"Unknown"
"7014855",371852,2025-12-05 22:55:15,43.3520240783691,-8.42625999450684,"Unknown"
"7014855",371852,2025-12-05 23:24:46,43.3519096374512,-8.42611598968506,"Unknown"
"7014855",371852,2025-12-05 23:55:15,43.3519325256348,-8.42616844177246,"Unknown"
"7014855",371852,2025-12-06 00:24:46,43.3519096374512,-8.42605400085449,"Unknown"
"7014856",371867,2025-06-06 14:41:05,43.359317779541,-8.84212493896484,"Unknown"
"7014856",371867,2025-09-04 10:11:05,43.513599395752,-8.00874042510986,"Unknown"
"7014856",371867,2025-09-04 12:11:15,43.5137901306152,-8.00863075256348,"Unknown"
"7014856",371867,2025-09-04 14:10:35,43.5139427185059,-8.00880432128906,"Unknown"
"7014856",371867,2025-09-04 16:10:53,43.5139579772949,-8.00878238677979,"Unknown"
"7014856",371867,2025-09-04 18:10:27,43.5137786865234,-8.00940036773682,"Unknown"
"7014856",371867,2025-09-04 19:40:54,43.5138282775879,-8.00847434997559,"Unknown"
"7014856",371867,2025-09-05 00:41:01,43.513858795166,-8.00883865356445,"Unknown"
"7014856",371867,2025-09-05 04:19:19,43.5138168334961,-8.00884914398193,"Unknown"
"7014856",371867,2025-09-05 06:19:29,43.5136299133301,-8.00885772705078,"Unknown"
"7014856",371867,2025-09-05 08:18:38,43.5137710571289,-8.00843334197998,"Unknown"
"7014856",371867,2025-09-05 10:20:16,43.5137023925781,-8.00896263122559,"Unknown"
"7014856",371867,2025-09-22 09:48:15,41.3856353759766,2.12009215354919,"Unknown"
"7014856",371867,2025-09-22 11:47:48,41.3856430053711,2.11911940574646,"Unknown"
"7014856",371867,2025-09-22 13:47:16,41.3857879638672,2.11995792388916,"Unknown"
"7014856",371867,2025-09-22 15:47:05,41.3858604431152,2.12013411521912,"Unknown"
"7014856",371867,2025-09-23 04:41:33,41.3859100341797,2.11962866783142,"Unknown"
"7014856",371867,2025-09-23 06:41:33,41.3858337402344,2.12009644508362,"Unknown"
"7014856",371867,2025-09-23 07:48:14,41.3858337402344,2.1200852394104,"Unknown"
"7014856",371867,2025-09-23 10:39:27,41.3858261108398,2.11977744102478,"Unknown"
"7014856",371867,2025-09-23 12:36:26,41.3859901428223,2.12006855010986,"Unknown"
"7014856",371867,2025-09-23 14:36:26,41.3858489990234,2.11991500854492,"Unknown"
"7014856",371867,2025-09-25 07:18:23,41.3858833312988,2.12018346786499,"Unknown"
"7014856",371867,2025-09-25 11:18:57,41.3858413696289,2.11998319625854,"Unknown"
"7014856",371867,2025-09-25 11:48:57,41.3858947753906,2.12034630775452,"Unknown"
"7014856",371867,2025-09-25 12:18:05,41.3859367370605,2.1202495098114,"Unknown"
"7014856",371867,2025-09-25 12:47:45,41.3859672546387,2.11996150016785,"Unknown"
"7014856",371867,2025-09-25 13:17:36,41.3858261108398,2.11998510360718,"Unknown"
"7014856",371867,2025-09-25 13:48:06,41.3858680725098,2.11988115310669,"Unknown"
"7014856",371867,2025-09-25 14:17:44,41.3858680725098,2.11999559402466,"Unknown"
"7014856",371867,2025-09-25 14:48:57,41.3858985900879,2.11981725692749,"Unknown"
"7014856",371867,2025-09-25 15:18:57,41.3858642578125,2.12037229537964,"Unknown"
"7014856",371867,2025-09-25 15:48:29,41.3859634399414,2.12029147148132,"Unknown"
"7014856",371867,2025-09-25 16:17:36,41.3858528137207,2.11933708190918,"Unknown"
"7014856",371867,2025-09-25 16:48:35,41.385871887207,2.12007236480713,"Unknown"
"7014856",371867,2025-09-25 17:17:46,41.3858757019043,2.11991667747498,"Unknown"
"7014856",371867,2025-09-25 17:48:14,41.3859596252441,2.12003922462463,"Unknown"
"7014856",371867,2025-09-25 18:19:59,41.385929107666,2.11988687515259,"Unknown"
"7014856",371867,2025-09-25 23:20:00,41.3858528137207,2.11998081207275,"Unknown"
"7014856",371867,2025-09-26 04:41:17,41.3858985900879,2.11992573738098,"Unknown"
"7014856",371867,2025-09-26 05:10:29,41.3859176635742,2.11982321739197,"Unknown"
"7014856",371867,2025-09-26 05:39:54,41.3857231140137,2.1196506023407,"Unknown"
"7014856",371867,2025-09-26 06:11:17,41.3859214782715,2.12012696266174,"Unknown"
"7014856",371867,2025-09-26 06:40:06,41.3860664367676,2.12035083770752,"Unknown"
"7014856",371867,2025-09-26 07:11:00,41.3860778808594,2.12039494514465,"Unknown"
"7014856",371867,2025-09-26 07:40:15,41.3858947753906,2.11996793746948,"Unknown"
"7014856",371867,2025-09-26 08:11:17,41.3859481811523,2.11950945854187,"Unknown"
"7014856",371867,2025-09-26 08:40:26,41.3857536315918,2.12020206451416,"Unknown"
"7014856",371867,2025-09-26 09:40:15,41.3857307434082,2.12065553665161,"Unknown"
"7014856",371867,2025-09-26 10:10:29,41.3859100341797,2.12072825431824,"Unknown"
"7014856",371867,2025-09-26 10:41:17,41.385856628418,2.1204628944397,"Unknown"
"7014856",371867,2025-09-26 11:11:17,41.3849601745605,2.11934661865234,"Unknown"
"7014856",371867,2025-09-26 11:41:17,41.3860206604004,2.11997771263123,"Unknown"
"7014856",371867,2025-09-26 12:10:29,41.3860740661621,2.11988663673401,"Unknown"
"7014856",371867,2025-09-26 12:40:04,41.3858871459961,2.12003421783447,"Unknown"
"7014856",371867,2025-09-26 13:10:22,41.3857345581055,2.12011885643005,"Unknown"
"7014856",371867,2025-09-26 13:40:07,41.3858070373535,2.11994481086731,"Unknown"
"7014856",371867,2025-09-26 14:10:17,41.3855476379395,2.11980986595154,"Unknown"
"7014856",371867,2025-09-26 14:40:21,41.3856620788574,2.12071824073792,"Unknown"
"7014856",371867,2025-09-26 15:10:01,41.3863296508789,2.11980104446411,"Unknown"
"7014856",371867,2025-09-26 15:40:29,41.3860054016113,2.12009453773498,"Unknown"
"7014856",371867,2025-09-26 16:10:00,41.3859901428223,2.12058615684509,"Unknown"
"7014856",371867,2025-09-26 16:39:55,41.3859405517578,2.11982274055481,"Unknown"
"7014856",371867,2025-09-26 17:11:10,41.3859443664551,2.12023234367371,"Unknown"
"7014856",371867,2025-09-26 17:41:01,41.3863182067871,2.12004804611206,"Unknown"
"7014856",371867,2025-09-26 18:10:30,41.3861389160156,2.12012791633606,"Unknown"
"7014856",371867,2025-09-26 18:18:30,41.3860664367676,2.12034177780151,"Unknown"
"7014856",371867,2025-09-26 23:18:06,41.3858985900879,2.12015056610107,"Unknown"
"7014856",371867,2025-09-27 04:11:03,41.3858871459961,2.12015604972839,"Unknown"
"7014856",371867,2025-09-27 04:41:09,41.3858757019043,2.12050437927246,"Unknown"
"7014856",371867,2025-09-27 05:11:02,41.3861122131348,2.11981654167175,"Unknown"
"7014856",371867,2025-09-27 05:41:50,41.385929107666,2.12004160881042,"Unknown"
"7014856",371867,2025-09-27 06:11:01,41.3859062194824,2.12004661560059,"Unknown"
"7014856",371867,2025-09-27 06:41:00,41.3858795166016,2.12033987045288,"Unknown"
"7014856",371867,2025-09-27 07:11:14,41.3856658935547,2.12009191513061,"Unknown"
"7014856",371867,2025-09-27 07:41:15,41.3856010437012,2.12005972862244,"Unknown"
"7014856",371867,2025-09-27 08:11:11,41.3857002258301,2.11966514587402,"Unknown"
"7014856",371867,2025-09-27 08:40:57,41.3861045837402,2.11983132362366,"Unknown"
"7014856",371867,2025-09-27 09:11:14,41.386058807373,2.12027668952942,"Unknown"
"7014856",371867,2025-09-27 09:41:00,41.385871887207,2.12026023864746,"Unknown"
"7014856",371867,2025-09-27 10:11:02,41.3858680725098,2.12026596069336,"Unknown"
"7014856",371867,2025-09-27 10:41:14,41.3858871459961,2.12056159973144,"Unknown"
"7014856",371867,2025-09-27 11:11:15,41.3857803344727,2.12052893638611,"Unknown"
"7014856",371867,2025-09-27 11:42:12,41.3859519958496,2.12004971504211,"Unknown"
"7014856",371867,2025-09-27 12:11:08,41.3860130310059,2.11958718299866,"Unknown"
"7014856",371867,2025-09-27 12:41:15,41.3857841491699,2.12000942230225,"Unknown"
"7014856",371867,2025-09-27 13:10:49,41.3857688903809,2.12011885643005,"Unknown"
"7014856",371867,2025-09-27 13:40:53,41.3859519958496,2.11996507644653,"Unknown"
"7014856",371867,2025-09-27 14:11:14,41.3860740661621,2.12057566642761,"Unknown"
"7014856",371867,2025-09-27 14:40:54,41.3861808776855,2.12098336219788,"Unknown"
"7014856",371867,2025-09-27 15:11:10,41.3862648010254,2.12007141113281,"Unknown"
"7014856",371867,2025-09-27 15:40:51,41.38623046875,2.12047696113586,"Unknown"
"7014856",371867,2025-09-27 16:10:53,41.3862762451172,2.12055563926697,"Unknown"
"7014856",371867,2025-09-27 16:41:00,41.3861389160156,2.12007999420166,"Unknown"
"7014856",371867,2025-09-27 17:11:15,41.3863105773926,2.12029433250427,"Unknown"
"7014856",371867,2025-09-27 17:41:10,41.3860664367676,2.12026929855347,"Unknown"
"7014856",371867,2025-09-27 18:10:58,41.3862152099609,2.12040543556213,"Unknown"
"7014856",371867,2025-09-27 18:16:37,41.3863067626953,2.12052011489868,"Unknown"
"7014856",371867,2025-09-27 23:16:42,41.3860359191895,2.12027978897095,"Unknown"
"7014856",371867,2025-09-28 04:12:44,41.3861999511719,2.12054920196533,"Unknown"
"7014856",371867,2025-09-28 04:42:37,41.3860626220703,2.12089467048645,"Unknown"
"7014856",371867,2025-09-28 05:12:45,41.3859329223633,2.11981511116028,"Unknown"
"7014856",371867,2025-09-28 05:42:42,41.3857345581055,2.11907148361206,"Unknown"
"7014856",371867,2025-09-28 06:12:33,41.3859825134277,2.11967277526856,"Unknown"
"7014856",371867,2025-09-28 06:43:05,41.3858947753906,2.12020659446716,"Unknown"
"7014856",371867,2025-09-28 07:12:31,41.385871887207,2.12003421783447,"Unknown"
"7014856",371867,2025-09-28 07:42:43,41.3858642578125,2.12007737159729,"Unknown"
"7014856",371867,2025-09-28 08:12:56,41.3858757019043,2.11971998214722,"Unknown"
"7014856",371867,2025-09-28 08:42:49,41.385929107666,2.12009716033936,"Unknown"
"7014856",371867,2025-09-28 09:12:39,41.3859939575195,2.11949729919434,"Unknown"
"7014856",371867,2025-09-28 09:43:14,41.3858795166016,2.12005352973938,"Unknown"
"7014856",371867,2025-09-28 10:12:57,41.3858833312988,2.11991167068481,"Unknown"
"7014856",371867,2025-09-28 10:42:51,41.3858947753906,2.12003827095032,"Unknown"
"7014856",371867,2025-09-28 11:12:45,41.3858871459961,2.12004852294922,"Unknown"
"7014856",371867,2025-09-28 11:42:32,41.3859062194824,2.11988377571106,"Unknown"
"7014856",371867,2025-09-28 12:13:14,41.3858413696289,2.11997842788696,"Unknown"
"7014856",371867,2025-09-28 12:42:37,41.3854789733887,2.12054395675659,"Unknown"
"7014856",371867,2025-09-28 13:12:45,41.3858032226562,2.11988210678101,"Unknown"
"7014856",371867,2025-09-28 13:42:38,41.385814666748,2.11971640586853,"Unknown"
"7014856",371867,2025-09-28 14:13:05,41.3857765197754,2.11986041069031,"Unknown"
"7014856",371867,2025-09-28 14:42:36,41.3858680725098,2.1199803352356,"Unknown"
"7014856",371867,2025-09-28 15:12:44,41.385871887207,2.11979031562805,"Unknown"
"7014856",371867,2025-09-28 15:42:37,41.3859100341797,2.12030029296875,"Unknown"
"7014856",371867,2025-09-28 16:13:05,41.3858985900879,2.12021613121033,"Unknown"
"7014856",371867,2025-09-28 16:42:34,41.3858871459961,2.12002444267273,"Unknown"
"7014856",371867,2025-09-28 17:12:54,41.3857383728027,2.12079405784607,"Unknown"
"7014856",371867,2025-09-28 17:42:44,41.3870315551758,2.12213730812073,"Unknown"
"7014856",371867,2025-09-28 18:12:52,41.3860626220703,2.12091946601868,"Unknown"
"7014856",371867,2025-09-28 18:15:03,41.3859214782715,2.12010288238525,"Unknown"
"7014856",371867,2025-09-28 23:15:05,41.3860206604004,2.12028241157532,"Unknown"
"7014856",371867,2025-09-29 04:13:45,41.3860206604004,2.12060141563415,"Unknown"
"7014856",371867,2025-09-29 04:43:51,41.3859100341797,2.1197292804718,"Unknown"
"7014856",371867,2025-09-29 05:13:27,41.3859176635742,2.11976599693298,"Unknown"
"7014856",371867,2025-09-29 05:43:36,41.3861694335938,2.12006330490112,"Unknown"
"7014856",371867,2025-09-29 06:13:44,41.3859329223633,2.12024188041687,"Unknown"
"7014856",371867,2025-09-29 06:43:23,41.3858413696289,2.12069463729858,"Unknown"
"7014856",371867,2025-09-29 07:13:44,41.3858299255371,2.12044978141785,"Unknown"
"7014856",371867,2025-09-29 07:43:57,41.3858222961426,2.11903023719788,"Unknown"
"7014856",371867,2025-09-29 08:13:36,41.3858604431152,2.11984753608704,"Unknown"
"7014856",371867,2025-09-29 08:44:42,41.3857574462891,2.12016248703003,"Unknown"
"7014856",371867,2025-09-29 09:13:30,41.3859748840332,2.12016415596008,"Unknown"
"7014856",371867,2025-09-29 09:43:29,41.3858871459961,2.12041997909546,"Unknown"
"7014856",371867,2025-09-29 10:13:56,41.3858909606934,2.12021374702454,"Unknown"
"7014856",371867,2025-09-29 10:43:29,41.3859558105469,2.12029314041138,"Unknown"
"7014856",371867,2025-09-29 11:13:44,41.3859519958496,2.1199266910553,"Unknown"
"7014856",371867,2025-09-29 11:43:23,41.3857917785645,2.1200795173645,"Unknown"
"7014856",371867,2025-09-29 12:13:35,41.385929107666,2.12018156051636,"Unknown"
"7014856",371867,2025-09-29 12:43:36,41.3861236572266,2.1199939250946,"Unknown"
"7014856",371867,2025-09-29 13:13:25,41.3860664367676,2.12011218070984,"Unknown"
"7014856",371867,2025-09-29 13:43:34,41.3860702514648,2.11990833282471,"Unknown"
"7014856",371867,2025-09-29 14:13:44,41.386058807373,2.12023544311523,"Unknown"
"7014856",371867,2025-09-29 14:43:23,41.386100769043,2.1214451789856,"Unknown"
"7014856",371867,2025-09-29 15:13:24,41.3864059448242,2.12032628059387,"Unknown"
"7014856",371867,2025-09-29 15:43:24,41.3859367370605,2.1191394329071,"Unknown"
"7014856",371867,2025-09-29 16:13:27,41.3861122131348,2.12029767036438,"Unknown"
"7014856",371867,2025-09-29 16:43:34,41.385986328125,2.11997318267822,"Unknown"
"7014856",371867,2025-09-29 17:13:49,41.3857269287109,2.12008571624756,"Unknown"
"7014856",371867,2025-09-29 17:44:46,41.3859100341797,2.11980533599854,"Unknown"
"7014856",371867,2025-09-29 18:11:57,41.3864059448242,2.12076449394226,"Unknown"
"7014856",371867,2025-09-29 23:12:23,41.3858337402344,2.12021064758301,"Unknown"
"7014856",371867,2025-09-30 04:12:24,41.3859519958496,2.11996054649353,"Unknown"
"7014856",371867,2025-09-30 04:15:06,41.3859443664551,2.11998867988586,"Unknown"
"7014856",371867,2025-09-30 04:45:04,41.3862037658691,2.11845397949219,"Unknown"
"7014856",371867,2025-09-30 05:15:26,41.3866386413574,2.12035608291626,"Unknown"
"7014856",371867,2025-09-30 05:46:13,41.3861427307129,2.12051296234131,"Unknown"
"7014856",371867,2025-09-30 06:15:14,41.3856887817383,2.11968493461609,"Unknown"
"7014856",371867,2025-09-30 06:45:15,41.3860359191895,2.12012648582458,"Unknown"
"7014856",371867,2025-09-30 07:15:01,41.3859481811523,2.11988425254822,"Unknown"
"7014856",371867,2025-09-30 07:45:32,41.3858833312988,2.11981654167175,"Unknown"
"7014856",371867,2025-09-30 08:15:49,41.385856628418,2.11966395378113,"Unknown"
"7014856",371867,2025-09-30 09:15:13,41.3858032226562,2.12034511566162,"Unknown"
"7014856",371867,2025-09-30 09:45:14,41.3858261108398,2.12058258056641,"Unknown"
"7014856",371867,2025-09-30 10:16:13,41.3858070373535,2.12005543708801,"Unknown"
"7014856",371867,2025-09-30 10:45:14,41.3857650756836,2.12007451057434,"Unknown"
"7014856",371867,2025-09-30 11:15:14,41.385986328125,2.12027335166931,"Unknown"
"7014856",371867,2025-09-30 11:44:55,41.3858070373535,2.11967802047729,"Unknown"
"7014856",371867,2025-09-30 12:15:22,41.3860206604004,2.11956691741943,"Unknown"
"7014856",371867,2025-09-30 12:44:50,41.3858070373535,2.1201798915863,"Unknown"
"7014856",371867,2025-09-30 13:15:00,41.3858337402344,2.12011361122131,"Unknown"
"7014856",371867,2025-09-30 13:45:16,41.3860359191895,2.12076735496521,"Unknown"
"7014856",371867,2025-09-30 14:15:10,41.3858604431152,2.12022042274475,"Unknown"
"7014856",371867,2025-09-30 14:45:00,41.3858299255371,2.12018847465515,"Unknown"
"7014856",371867,2025-09-30 15:15:23,41.3858871459961,2.12002325057983,"Unknown"
"7014856",371867,2025-09-30 15:44:53,41.3859405517578,2.11956739425659,"Unknown"
"7014856",371867,2025-09-30 16:14:58,41.3858947753906,2.11988568305969,"Unknown"
"7014856",371867,2025-09-30 16:45:01,41.3859558105469,2.11844491958618,"Unknown"
"7014856",371867,2025-09-30 17:15:16,41.3858833312988,2.12036943435669,"Unknown"
"7014856",371867,2025-09-30 17:45:23,41.385986328125,2.12000703811646,"Unknown"
"7014856",371867,2025-09-30 18:11:35,41.3860702514648,2.12031412124634,"Unknown"
"7014856",371867,2025-09-30 23:11:35,41.385913848877,2.12000250816345,"Unknown"
"7014856",371867,2025-10-01 04:11:35,41.3859214782715,2.11995840072632,"Unknown"
"7014856",371867,2025-10-01 04:16:51,41.3858985900879,2.11996507644653,"Unknown"
"7014856",371867,2025-10-01 04:45:37,41.3859481811523,2.11968278884888,"Unknown"
"7014856",371867,2025-10-01 05:16:14,41.3858833312988,2.12011027336121,"Unknown"
"7014856",371867,2025-10-01 05:45:44,41.3857803344727,2.11986970901489,"Unknown"
"7014856",371867,2025-10-01 06:15:36,41.3857498168945,2.12004399299622,"Unknown"
"7014856",371867,2025-10-01 06:45:45,41.3854637145996,2.12021327018738,"Unknown"
"7014856",371867,2025-10-01 07:15:45,41.3859786987305,2.11985898017883,"Unknown"
"7014856",371867,2025-10-01 07:45:59,41.3859214782715,2.12047600746155,"Unknown"
"7014856",371867,2025-10-01 08:15:34,41.3858909606934,2.11995363235474,"Unknown"
"7014856",371867,2025-10-01 09:15:45,41.3858757019043,2.1197943687439,"Unknown"
"7014856",371867,2025-10-01 09:45:45,41.3859672546387,2.12021422386169,"Unknown"
"7014856",371867,2025-10-01 10:15:59,41.3858528137207,2.12025880813599,"Unknown"
"7014856",371867,2025-10-01 10:45:46,41.3848190307617,2.12089395523071,"Unknown"
"7014856",371867,2025-10-01 11:15:31,41.3859519958496,2.11987566947937,"Unknown"
"7014856",371867,2025-10-01 11:45:59,41.3859596252441,2.12003803253174,"Unknown"
"7014856",371867,2025-10-01 12:15:50,41.3856658935547,2.12018656730652,"Unknown"
"7014856",371867,2025-10-01 12:45:44,41.3857612609863,2.11995887756348,"Unknown"
"7014856",371867,2025-10-01 13:15:30,41.3858680725098,2.12010955810547,"Unknown"
"7014856",371867,2025-10-01 13:46:42,41.3858032226562,2.11983942985535,"Unknown"
"7014856",371867,2025-10-01 14:15:30,41.3857460021973,2.11987090110779,"Unknown"
"7014856",371867,2025-10-01 14:45:36,41.3856658935547,2.12025666236877,"Unknown"
"7014856",371867,2025-10-01 15:15:45,41.3858795166016,2.11940217018127,"Unknown"
"7014856",371867,2025-10-01 15:45:59,41.3858795166016,2.1203453540802,"Unknown"
"7014856",371867,2025-10-01 16:15:30,41.3858489990234,2.11963248252869,"Unknown"
"7014856",371867,2025-10-01 16:46:14,41.3859405517578,2.12008309364319,"Unknown"
"7014856",371867,2025-10-01 17:16:51,41.3863296508789,2.12021446228027,"Unknown"
"7014856",371867,2025-10-01 17:45:45,41.3858604431152,2.11936473846436,"Unknown"
"7014856",371867,2025-10-01 18:10:58,41.3858184814453,2.11981344223023,"Unknown"
"7014856",371867,2025-10-01 23:10:06,41.3858604431152,2.119952917099,"Unknown"
"7014856",371867,2025-10-02 04:10:14,41.3858985900879,2.12001633644104,"Unknown"
"7014856",371867,2025-10-02 04:15:45,41.3859672546387,2.12012267112732,"Unknown"
"7014856",371867,2025-10-02 04:46:05,41.3859062194824,2.11999702453613,"Unknown"
"7014856",371867,2025-10-02 05:17:10,41.3859825134277,2.12006640434265,"Unknown"
"7014856",371867,2025-10-02 05:46:44,41.3859443664551,2.12017226219177,"Unknown"
"7014856",371867,2025-10-02 06:15:48,41.3858604431152,2.12014126777649,"Unknown"
"7014856",371867,2025-10-02 06:46:05,41.3858795166016,2.11991333961487,"Unknown"
"7014856",371867,2025-10-02 07:16:14,41.3858642578125,2.11989259719849,"Unknown"
"7014856",371867,2025-10-02 07:50:11,41.3858795166016,2.12004613876343,"Unknown"
"7014856",371867,2025-10-02 08:17:09,41.3857841491699,2.11981248855591,"Unknown"
"7014856",371867,2025-10-02 08:46:44,41.3858375549316,2.12005496025085,"Unknown"
"7014856",371867,2025-10-02 09:16:05,41.3858909606934,2.1198832988739,"Unknown"
"7014856",371867,2025-10-02 09:46:14,41.3858489990234,2.1199893951416,"Unknown"
"7014856",371867,2025-10-02 10:17:09,41.3859405517578,2.11989498138428,"Unknown"
"7014856",371867,2025-10-02 10:47:09,41.3865127563477,2.12052822113037,"Unknown"
"7014856",371867,2025-10-02 11:16:05,41.3859100341797,2.12034511566162,"Unknown"
"7014856",371867,2025-10-02 11:46:53,41.3859558105469,2.12006115913391,"Unknown"
"7014856",371867,2025-10-02 12:15:58,41.3857002258301,2.12006497383118,"Unknown"
"7014856",371867,2025-10-02 12:46:14,41.3858375549316,2.11988186836243,"Unknown"
"7014856",371867,2025-10-02 13:15:47,41.3857421875,2.11960816383362,"Unknown"
"7014856",371867,2025-10-02 13:46:44,41.3858947753906,2.11986637115479,"Unknown"
"7014856",371867,2025-10-02 14:15:47,41.3859710693359,2.11990714073181,"Unknown"
"7014856",371867,2025-10-02 14:46:15,41.385986328125,2.12026619911194,"Unknown"
"7014856",371867,2025-10-02 15:16:14,41.3859481811523,2.12090063095093,"Unknown"
"7014856",371867,2025-10-02 15:46:15,41.3858108520508,2.12094306945801,"Unknown"
"7014856",371867,2025-10-02 16:16:13,41.3859748840332,2.12039160728455,"Unknown"
"7014856",371867,2025-10-02 16:47:09,41.3859786987305,2.12032508850098,"Unknown"
"7014856",371867,2025-10-02 17:16:14,41.3859252929688,2.12018966674805,"Unknown"
"7014856",371867,2025-10-02 17:46:59,41.385799407959,2.11970353126526,"Unknown"
"7014856",371867,2025-10-02 18:08:19,41.3857688903809,2.11958861351013,"Unknown"
"7014856",371867,2025-10-02 23:07:29,41.3858604431152,2.12018036842346,"Unknown"
"7014856",371867,2025-10-03 04:08:05,41.3859329223633,2.11969137191773,"Unknown"
"7014856",371867,2025-10-03 04:16:58,41.3864936828613,2.11958527565002,"Unknown"
"7014856",371867,2025-10-03 04:47:07,41.3858833312988,2.12006402015686,"Unknown"
"7014856",371867,2025-10-03 05:17:14,41.3858299255371,2.12002754211426,"Unknown"
"7014856",371867,2025-10-03 05:47:15,41.3858757019043,2.12027192115784,"Unknown"
"7014856",371867,2025-10-03 06:16:56,41.3864707946777,2.12162661552429,"Unknown"
"7014856",371867,2025-10-03 06:46:56,41.3856430053711,2.12142157554627,"Unknown"
"7014856",371867,2025-10-03 07:17:14,41.3856544494629,2.12090539932251,"Unknown"
"7014856",371867,2025-10-03 07:47:13,41.3857345581055,2.11982131004333,"Unknown"
"7014856",371867,2025-10-03 08:17:51,41.3861045837402,2.12022423744202,"Unknown"
"7014856",371867,2025-10-03 08:47:07,41.3858489990234,2.12039041519165,"Unknown"
"7014856",371867,2025-10-03 09:17:14,41.3858604431152,2.1204628944397,"Unknown"
"7014856",371867,2025-10-03 09:47:14,41.3859596252441,2.12039709091186,"Unknown"
"7014856",371867,2025-10-03 10:17:13,41.3857421875,2.12064433097839,"Unknown"
"7014857",371856,2025-06-06 14:40:44,43.3592681884766,-8.84206676483154,"Unknown"
"7014857",371856,2025-06-06 16:40:14,43.3593521118164,-8.84514713287354,"Unknown"
"7014857",371856,2025-06-06 18:40:15,43.3593101501465,-8.84513568878174,"Unknown"
"7014857",371856,2025-06-06 20:40:23,43.359317779541,-8.84519672393799,"Unknown"
"7014857",371856,2025-06-06 20:58:23,43.3593215942383,-8.84520149230957,"Unknown"
"7014857",371856,2025-06-07 01:58:44,43.3592071533203,-8.84508514404297,"Unknown"
"7014857",371856,2025-06-07 02:37:48,43.3591270446777,-8.84514617919922,"Unknown"
"7014857",371856,2025-06-07 04:37:47,43.3599052429199,-8.8449649810791,"Unknown"
"7014857",371856,2025-06-07 06:37:51,43.3019371032715,-8.85835456848145,"Unknown"
"7014857",371856,2025-06-07 08:37:55,43.2850151062012,-8.85425662994385,"Unknown"
"7014857",371856,2025-06-07 10:37:52,43.3600997924805,-8.84516334533691,"Unknown"
"7014857",371856,2025-06-07 11:07:47,43.3596038818359,-8.84542942047119,"Unknown"
"7014857",371856,2025-06-07 11:37:47,43.3596267700195,-8.84530448913574,"Unknown"
"7014857",371856,2025-06-07 12:07:52,43.3592834472656,-8.84547138214111,"Unknown"
"7014857",371856,2025-06-07 12:37:48,43.3593559265137,-8.84498500823975,"Unknown"
"7014857",371856,2025-06-07 13:07:48,43.3592758178711,-8.84507083892822,"Unknown"
"7014857",371856,2025-06-07 13:37:48,43.3591232299805,-8.84515571594238,"Unknown"
"7014857",371856,2025-06-07 14:08:01,43.3598480224609,-8.84503841400146,"Unknown"
"7014857",371856,2025-06-07 14:38:14,43.3594055175781,-8.84512138366699,"Unknown"
"7014857",371856,2025-06-07 15:07:47,43.3592948913574,-8.84488964080811,"Unknown"
"7014857",371856,2025-06-07 15:38:26,43.359016418457,-8.84555721282959,"Unknown"
"7014857",371856,2025-06-07 16:07:54,43.3593559265137,-8.84511566162109,"Unknown"
"7014857",371856,2025-06-07 16:38:10,43.3591499328613,-8.84497928619385,"Unknown"
"7014857",371856,2025-06-07 17:07:47,43.3592491149902,-8.84480381011963,"Unknown"
"7014857",371856,2025-06-07 17:37:47,43.3591003417969,-8.84640979766846,"Unknown"
"7014857",371856,2025-06-07 18:07:49,43.3593406677246,-8.84524631500244,"Unknown"
"7014857",371856,2025-06-07 18:37:48,43.3594703674316,-8.84530258178711,"Unknown"
"7014857",371856,2025-06-07 19:07:52,43.3596496582031,-8.84550762176514,"Unknown"
"7014857",371856,2025-06-07 19:37:49,43.3593597412109,-8.84558296203613,"Unknown"
"7014857",371856,2025-06-07 20:07:49,43.3596038818359,-8.84540748596191,"Unknown"
"7014857",371856,2025-06-07 20:37:49,43.3593215942383,-8.84536361694336,"Unknown"
"7014857",371856,2025-06-07 20:59:42,43.3594551086426,-8.84502506256104,"Unknown"
"7014857",371856,2025-06-08 02:00:05,43.3589935302734,-8.84525680541992,"Unknown"
"7014857",371856,2025-06-08 02:36:58,43.3594551086426,-8.845139503479,"Unknown"
"7014857",371856,2025-06-08 03:07:01,43.359375,-8.84525203704834,"Unknown"
"7014857",371856,2025-06-08 03:36:58,43.359302520752,-8.84522724151611,"Unknown"
"7014857",371856,2025-06-08 04:06:58,43.3596611022949,-8.84540557861328,"Unknown"
"7014857",371856,2025-06-08 04:36:58,43.3566436767578,-8.84931182861328,"Unknown"
"7014857",371856,2025-06-08 05:07:08,43.2767295837402,-8.85252094268799,"Unknown"
"7014857",371856,2025-06-08 05:37:59,43.276252746582,-8.85233402252197,"Unknown"
"7014857",371856,2025-06-08 06:07:01,43.3567695617676,-8.84801483154297,"Unknown"
"7014857",371856,2025-06-08 06:37:08,43.3592987060547,-8.84502410888672,"Unknown"
"7014857",371856,2025-06-08 07:07:14,43.3593711853027,-8.84518909454346,"Unknown"
"7014857",371856,2025-06-08 07:36:59,43.359375,-8.84486961364746,"Unknown"
"7014857",371856,2025-06-08 08:07:14,43.3593635559082,-8.84487819671631,"Unknown"
"7014857",371856,2025-06-08 08:37:01,43.3593635559082,-8.84524059295654,"Unknown"
"7014857",371856,2025-06-08 09:07:14,43.3592262268066,-8.84515476226807,"Unknown"
"7014857",371856,2025-06-08 09:37:04,43.3593215942383,-8.84522438049316,"Unknown"
"7014857",371856,2025-06-08 10:07:14,43.3594207763672,-8.84533596038818,"Unknown"
"7014857",371856,2025-06-08 10:37:04,43.3594017028809,-8.84536647796631,"Unknown"
"7014857",371856,2025-06-08 11:07:13,43.3593673706055,-8.84515762329102,"Unknown"
"7014857",371856,2025-06-08 11:36:58,43.3593254089355,-8.845046043396,"Unknown"
"7014857",371856,2025-06-08 11:47:14,43.3593978881836,-8.84514808654785,"Unknown"
"7014857",371856,2025-06-08 11:56:58,43.3591537475586,-8.84540462493896,"Unknown"
"7014857",371856,2025-06-08 12:06:59,43.3591957092285,-8.8451099395752,"Unknown"
"7014857",371856,2025-06-08 12:17:00,43.3594055175781,-8.84504508972168,"Unknown"
"7014857",371856,2025-06-08 12:27:01,43.3594398498535,-8.84509563446045,"Unknown"
"7014857",371856,2025-06-08 12:37:14,43.3593673706055,-8.84502220153809,"Unknown"
"7014857",371856,2025-06-08 12:46:58,43.359188079834,-8.8455867767334,"Unknown"
"7014857",371856,2025-06-08 12:56:59,43.3592300415039,-8.84573841094971,"Unknown"
"7014857",371856,2025-06-08 13:06:59,43.3591461181641,-8.84563636779785,"Unknown"
"7014857",371856,2025-06-08 13:16:59,43.3591232299805,-8.84570026397705,"Unknown"
"7014857",371856,2025-06-08 13:27:03,43.3595657348633,-8.84579086303711,"Unknown"
"7014857",371856,2025-06-08 13:37:14,43.3590316772461,-8.8451681137085,"Unknown"
"7014857",371856,2025-06-08 13:47:30,43.3674240112305,-8.85322666168213,"Unknown"
"7014857",371856,2025-06-08 13:57:01,43.3677825927734,-8.84527969360352,"Unknown"
"7014857",371856,2025-06-08 14:06:59,43.3678588867188,-8.85153007507324,"Unknown"
"7014857",371856,2025-06-08 14:16:59,43.3184356689453,-8.84261035919189,"Unknown"
"7014857",371856,2025-06-08 14:27:02,43.2762870788574,-8.85240364074707,"Unknown"
"7014857",371856,2025-06-08 14:37:19,43.2763900756836,-8.85209941864014,"Unknown"
"7014857",371856,2025-06-08 14:47:04,43.313663482666,-8.85723304748535,"Unknown"
"7014857",371856,2025-06-08 14:57:05,43.330135345459,-8.84500312805176,"Unknown"
"7014857",371856,2025-06-08 15:07:06,43.3593368530273,-8.84518623352051,"Unknown"
"7014857",371856,2025-06-08 15:17:04,43.3593139648438,-8.84525966644287,"Unknown"
"7014857",371856,2025-06-08 15:22:03,43.3593292236328,-8.84518337249756,"Unknown"
"7014857",371856,2025-06-08 15:27:01,43.3593559265137,-8.84522724151611,"Unknown"
"7014857",371856,2025-06-08 15:32:00,43.359203338623,-8.84558963775635,"Unknown"
"7014857",371856,2025-06-08 15:37:06,43.3593368530273,-8.84527778625488,"Unknown"
"7014857",371856,2025-06-08 15:42:03,43.3592720031738,-8.84522819519043,"Unknown"
"7014857",371856,2025-06-08 15:47:05,43.3593063354492,-8.84529113769531,"Unknown"
"7014857",371856,2025-06-08 15:52:04,43.3591156005859,-8.84525108337402,"Unknown"
"7014857",371856,2025-06-08 15:57:07,43.3593215942383,-8.84525871276855,"Unknown"
"7014857",371856,2025-06-08 16:02:06,43.3593597412109,-8.84532165527344,"Unknown"
"7014857",371856,2025-06-08 16:07:06,43.3593368530273,-8.8453483581543,"Unknown"
"7014857",371856,2025-06-08 16:12:03,43.3593330383301,-8.8453540802002,"Unknown"
"7014857",371856,2025-06-08 16:17:00,43.3593139648438,-8.84503650665283,"Unknown"
"7014857",371856,2025-06-08 16:22:06,43.3593635559082,-8.84529685974121,"Unknown"
"7014857",371856,2025-06-08 16:27:10,43.3594131469727,-8.8453311920166,"Unknown"
"7014857",371856,2025-06-08 16:31:58,43.359546661377,-8.8459997177124,"Unknown"
"7014857",371856,2025-06-08 16:37:06,43.3594818115234,-8.84524250030518,"Unknown"
"7014857",371856,2025-06-08 16:41:59,43.3596382141113,-8.84531021118164,"Unknown"
"7014857",371856,2025-06-08 16:47:11,43.3594284057617,-8.8452091217041,"Unknown"
"7014857",371856,2025-06-08 16:51:58,43.3595237731934,-8.84533023834229,"Unknown"
"7014857",371856,2025-06-08 16:57:06,43.3594932556152,-8.8452205657959,"Unknown"
"7014857",371856,2025-06-08 17:02:03,43.3593978881836,-8.84510612487793,"Unknown"
"7014857",371856,2025-06-08 17:07:00,43.3594436645508,-8.84535312652588,"Unknown"
"7014857",371856,2025-06-08 17:12:06,43.3594779968262,-8.84506320953369,"Unknown"
"7014857",371856,2025-06-08 17:17:06,43.3592987060547,-8.84508800506592,"Unknown"
"7014857",371856,2025-06-08 17:22:23,43.3598709106445,-8.8447322845459,"Unknown"
"7014857",371856,2025-06-08 17:27:12,43.3594703674316,-8.84495830535889,"Unknown"
"7014857",371856,2025-06-08 17:31:58,43.3595085144043,-8.84495258331299,"Unknown"
"7014857",371856,2025-06-08 17:36:58,43.3593254089355,-8.84498023986816,"Unknown"
"7014857",371856,2025-06-08 17:41:59,43.3594055175781,-8.84498310089111,"Unknown"
"7014857",371856,2025-06-08 17:47:35,43.3593292236328,-8.84508228302002,"Unknown"
"7014857",371856,2025-06-08 17:51:58,43.3593406677246,-8.84523296356201,"Unknown"
"7014857",371856,2025-06-08 17:56:58,43.3592681884766,-8.84500885009766,"Unknown"
"7014857",371856,2025-06-08 18:01:58,43.359375,-8.84511184692383,"Unknown"
"7014857",371856,2025-06-08 18:06:58,43.3593368530273,-8.84508228302002,"Unknown"
"7014857",371856,2025-06-08 18:11:58,43.359260559082,-8.84510231018066,"Unknown"
"7014857",371856,2025-06-08 18:16:59,43.3592567443848,-8.84488391876221,"Unknown"
"7014857",371856,2025-06-08 18:21:59,43.3590927124023,-8.84458065032959,"Unknown"
"7014857",371856,2025-06-08 18:26:59,43.3595237731934,-8.84551620483398,"Unknown"
"7014857",371856,2025-06-08 18:32:01,43.3594512939453,-8.84535026550293,"Unknown"
"7014857",371856,2025-06-08 18:37:01,43.3596038818359,-8.84560108184814,"Unknown"
"7014857",371856,2025-06-08 18:42:04,43.3597412109375,-8.84592819213867,"Unknown"
"7014857",371856,2025-06-08 18:47:09,43.3601417541504,-8.84673976898193,"Unknown"
"7014857",371856,2025-06-08 18:52:00,43.359619140625,-8.84573364257812,"Unknown"
"7014857",371856,2025-06-08 18:56:59,43.3591690063477,-8.84475517272949,"Unknown"
"7014857",371856,2025-06-08 19:02:00,43.3593635559082,-8.84514617919922,"Unknown"
"7014857",371856,2025-06-08 19:06:59,43.359546661377,-8.84551620483398,"Unknown"
"7014857",371856,2025-06-08 19:11:58,43.3594589233398,-8.84542274475098,"Unknown"
"7014857",371856,2025-06-08 19:16:58,43.3594093322754,-8.8453197479248,"Unknown"
"7014857",371856,2025-06-08 19:21:58,43.3593101501465,-8.84517860412598,"Unknown"
"7014857",371856,2025-06-08 19:26:58,43.3593597412109,-8.84521770477295,"Unknown"
"7014857",371856,2025-06-08 19:31:59,43.3593254089355,-8.84519863128662,"Unknown"
"7014857",371856,2025-06-08 19:36:59,43.359375,-8.84521007537842,"Unknown"
"7014857",371856,2025-06-08 19:41:59,43.359317779541,-8.84515953063965,"Unknown"
"7014857",371856,2025-06-08 19:47:00,43.3594207763672,-8.84538841247559,"Unknown"
"7014857",371856,2025-06-08 19:52:00,43.3593978881836,-8.84527587890625,"Unknown"
"7014857",371856,2025-06-08 19:57:14,43.3593330383301,-8.84511184692383,"Unknown"
"7014857",371856,2025-06-08 20:02:00,43.3592720031738,-8.84511184692383,"Unknown"
"7014857",371856,2025-06-08 20:07:07,43.3591499328613,-8.84494400024414,"Unknown"
"7014857",371856,2025-06-08 20:12:06,43.3594398498535,-8.84537506103516,"Unknown"
"7014857",371856,2025-06-08 20:17:08,43.3593940734863,-8.84533596038818,"Unknown"
"7014857",371856,2025-06-08 20:22:04,43.3594284057617,-8.8454761505127,"Unknown"
"7014857",371856,2025-06-08 20:27:04,43.359504699707,-8.8447322845459,"Unknown"
"7014857",371856,2025-06-08 20:32:03,43.3593063354492,-8.84475421905518,"Unknown"
"7014857",371856,2025-06-08 20:37:03,43.3595657348633,-8.84460067749023,"Unknown"
"7014857",371856,2025-06-08 20:42:03,43.3593902587891,-8.84469985961914,"Unknown"
"7014857",371856,2025-06-08 20:47:13,43.3593444824219,-8.84505176544189,"Unknown"
"7014857",371856,2025-06-08 20:52:03,43.359375,-8.84520053863525,"Unknown"
"7014857",371856,2025-06-08 20:56:57,43.3594551086426,-8.84517097473145,"Unknown"
"7014857",371856,2025-06-08 21:00:29,43.3593826293945,-8.84498882293701,"Unknown"
"7014857",371856,2025-06-09 02:00:37,43.3598556518555,-8.84522438049316,"Unknown"
"7014857",371856,2025-06-09 02:36:35,43.359317779541,-8.84531497955322,"Unknown"
"7014857",371856,2025-06-09 02:41:13,43.3593597412109,-8.8450927734375,"Unknown"
"7014857",371856,2025-06-09 02:46:14,43.3593635559082,-8.84518909454346,"Unknown"
"7014857",371856,2025-06-09 02:51:13,43.3593559265137,-8.84519958496094,"Unknown"
"7014857",371856,2025-06-09 02:56:13,43.3593902587891,-8.84516048431396,"Unknown"
"7014857",371856,2025-06-09 03:01:18,43.3593902587891,-8.84519958496094,"Unknown"
"7014857",371856,2025-06-09 03:06:12,43.359058380127,-8.84592151641846,"Unknown"
"7014857",371856,2025-06-09 03:11:11,43.3593101501465,-8.8452787399292,"Unknown"
"7014857",371856,2025-06-09 03:16:12,43.3592987060547,-8.8452787399292,"Unknown"
"7014857",371856,2025-06-09 03:21:12,43.3592948913574,-8.84523582458496,"Unknown"
"7014857",371856,2025-06-09 03:26:12,43.3593444824219,-8.84522819519043,"Unknown"
"7014857",371856,2025-06-09 03:31:12,43.3593521118164,-8.84521579742432,"Unknown"
"7014857",371856,2025-06-09 03:36:35,43.3593368530273,-8.8452320098877,"Unknown"
"7014857",371856,2025-06-09 03:41:16,43.3593711853027,-8.84516334533691,"Unknown"
"7014857",371856,2025-06-09 03:46:12,43.3593254089355,-8.84517383575439,"Unknown"
"7014857",371856,2025-06-09 03:51:14,43.3593673706055,-8.84516716003418,"Unknown"
"7014857",371856,2025-06-09 03:56:12,43.3593482971191,-8.84515571594238,"Unknown"
"7014857",371856,2025-06-09 04:01:12,43.3593101501465,-8.84521484375,"Unknown"
"7014857",371856,2025-06-09 04:06:12,43.3593826293945,-8.84525203704834,"Unknown"
"7014857",371856,2025-06-09 04:11:12,43.3593711853027,-8.84521389007568,"Unknown"
"7014857",371856,2025-06-09 04:16:12,43.3593101501465,-8.84523582458496,"Unknown"
"7014857",371856,2025-06-09 04:21:12,43.3593482971191,-8.84521484375,"Unknown"
"7014857",371856,2025-06-09 04:26:12,43.3594284057617,-8.8453254699707,"Unknown"
"7014857",371856,2025-06-09 04:31:12,43.3594512939453,-8.84532260894775,"Unknown"
"7014857",371856,2025-06-09 04:36:12,43.3595848083496,-8.84538745880127,"Unknown"
"7014857",371856,2025-06-09 04:41:15,43.3592338562012,-8.84515285491943,"Unknown"
"7014857",371856,2025-06-09 04:46:24,43.3597984313965,-8.8455171585083,"Unknown"
"7014857",371856,2025-06-09 04:51:12,43.3598251342773,-8.84551334381104,"Unknown"
"7014857",371856,2025-06-09 04:56:12,43.3597755432129,-8.84558963775635,"Unknown"
"7014857",371856,2025-06-09 05:01:12,43.3597831726074,-8.84555912017822,"Unknown"
"7014857",371856,2025-06-09 05:06:12,43.3597373962402,-8.84558582305908,"Unknown"
"7014857",371856,2025-06-09 05:11:12,43.3597183227539,-8.84558582305908,"Unknown"
"7014857",371856,2025-06-09 05:16:12,43.3595008850098,-8.84551048278809,"Unknown"
"7014857",371856,2025-06-09 05:21:14,43.359188079834,-8.84522533416748,"Unknown"
"7014857",371856,2025-06-09 05:26:12,43.3592071533203,-8.84520816802979,"Unknown"
"7014857",371856,2025-06-09 05:31:12,43.3591651916504,-8.84489440917969,"Unknown"
"7014857",371856,2025-06-09 05:36:12,43.359188079834,-8.84517669677734,"Unknown"
"7014857",371856,2025-06-09 05:41:13,43.35888671875,-8.84522342681885,"Unknown"
"7014857",371856,2025-06-09 05:46:13,43.3364715576172,-8.83332252502441,"Unknown"
"7014857",371856,2025-06-09 05:51:13,43.2958793640137,-8.85440254211426,"Unknown"
"7014857",371856,2025-06-09 05:57:05,43.2822418212891,-8.8557300567627,"Unknown"
"7014857",371856,2025-06-09 06:01:15,43.2763290405273,-8.85241317749023,"Unknown"
"7014857",371856,2025-06-09 06:06:16,43.2763710021973,-8.85240268707275,"Unknown"
"7014857",371856,2025-06-09 06:16:12,43.3144378662109,-8.8567590713501,"Unknown"
"7014857",371856,2025-06-09 06:21:12,43.3144760131836,-8.85691356658936,"Unknown"
"7014857",371856,2025-06-09 06:26:12,43.3277435302734,-8.85245704650879,"Unknown"
"7014857",371856,2025-06-09 06:31:11,43.3427505493164,-8.83665084838867,"Unknown"
"7014857",371856,2025-06-09 06:41:12,43.3595428466797,-8.84485340118408,"Unknown"
"7014857",371856,2025-06-09 06:46:12,43.3593978881836,-8.84506797790527,"Unknown"
"7014857",371856,2025-06-09 06:51:13,43.3592681884766,-8.84498119354248,"Unknown"
"7014857",371856,2025-06-09 06:56:13,43.3594017028809,-8.84488868713379,"Unknown"
"7014857",371856,2025-06-09 07:01:23,43.3594818115234,-8.84489440917969,"Unknown"
"7014857",371856,2025-06-09 07:06:14,43.3593826293945,-8.84477519989014,"Unknown"
"7014857",371856,2025-06-09 07:11:13,43.3596458435059,-8.84506797790527,"Unknown"
"7014857",371856,2025-06-09 07:16:12,43.3595771789551,-8.8450345993042,"Unknown"
"7014857",371856,2025-06-09 07:21:12,43.3622436523438,-8.83724975585938,"Unknown"
"7014857",371856,2025-06-09 07:26:14,43.3411140441895,-8.83179759979248,"Unknown"
"7014857",371856,2025-06-09 07:31:26,43.3222999572754,-8.82430362701416,"Unknown"
"7014857",371856,2025-06-09 07:36:26,43.3095283508301,-8.83256340026855,"Unknown"
"7014857",371856,2025-06-09 07:42:05,43.2904853820801,-8.83726119995117,"Unknown"
"7014857",371856,2025-06-09 07:46:12,43.280891418457,-8.85361862182617,"Unknown"
"7014857",371856,2025-06-09 07:51:16,43.2763481140137,-8.85244560241699,"Unknown"
"7014857",371856,2025-06-09 07:56:18,43.2763061523438,-8.85219383239746,"Unknown"
"7014857",371856,2025-06-09 08:01:12,43.2957534790039,-8.8607292175293,"Unknown"
"7014857",371856,2025-06-09 08:06:13,43.301700592041,-8.85999393463135,"Unknown"
"7014857",371856,2025-06-09 08:11:13,43.3022880554199,-8.85918426513672,"Unknown"
"7014857",371856,2025-06-09 08:16:12,43.3018951416016,-8.85983562469482,"Unknown"
"7014857",371856,2025-06-09 08:21:13,43.3018684387207,-8.85988616943359,"Unknown"
"7014857",371856,2025-06-09 08:26:13,43.3144950866699,-8.85679626464844,"Unknown"
"7014857",371856,2025-06-09 08:31:12,43.3235626220703,-8.8615026473999,"Unknown"
"7014857",371856,2025-06-09 08:36:12,43.3404006958008,-8.85043144226074,"Unknown"
"7014857",371856,2025-06-09 08:41:26,43.3605537414551,-8.84664058685303,"Unknown"
"7014857",371856,2025-06-09 08:46:29,43.3589973449707,-8.84580612182617,"Unknown"
"7014857",371856,2025-06-09 08:51:35,43.3595581054688,-8.8450927734375,"Unknown"
"7014857",371856,2025-06-09 08:56:12,43.3593826293945,-8.84482383728027,"Unknown"
"7014857",371856,2025-06-09 09:01:13,43.3590888977051,-8.84542465209961,"Unknown"
"7014857",371856,2025-06-09 09:06:13,43.359188079834,-8.84477615356445,"Unknown"
"7014857",371856,2025-06-09 09:11:14,43.3590850830078,-8.84523010253906,"Unknown"
"7014857",371856,2025-06-09 09:16:12,43.3588485717773,-8.84545707702637,"Unknown"
"7014857",371856,2025-06-09 09:21:12,43.3588523864746,-8.84541320800781,"Unknown"
"7014857",371856,2025-06-09 09:26:11,43.3591232299805,-8.84529495239258,"Unknown"
"7014857",371856,2025-06-09 09:31:12,43.3590431213379,-8.84517860412598,"Unknown"
"7014857",371856,2025-06-09 09:36:12,43.3591346740723,-8.84508037567139,"Unknown"
"7014857",371856,2025-06-09 09:41:12,43.3590850830078,-8.8450870513916,"Unknown"
"7014857",371856,2025-06-09 09:46:14,43.3594512939453,-8.84510612487793,"Unknown"
"7014857",371856,2025-06-09 09:51:12,43.3592948913574,-8.84515571594238,"Unknown"
"7014857",371856,2025-06-09 09:56:12,43.359001159668,-8.84516620635986,"Unknown"
"7014857",371856,2025-06-09 10:01:12,43.3590354919434,-8.84512805938721,"Unknown"
"7014857",371856,2025-06-09 10:06:35,43.3592681884766,-8.84525012969971,"Unknown"
"7014857",371856,2025-06-09 10:11:11,43.3592491149902,-8.8452672958374,"Unknown"
"7014857",371856,2025-06-09 10:16:11,43.3592796325684,-8.84524822235107,"Unknown"
"7014857",371856,2025-06-09 10:21:11,43.359245300293,-8.84517574310303,"Unknown"
"7014857",371856,2025-06-09 10:26:12,43.3591918945312,-8.84517955780029,"Unknown"
"7014857",371856,2025-06-09 10:31:12,43.3591613769531,-8.84520435333252,"Unknown"
"7014857",371856,2025-06-09 10:36:11,43.3593254089355,-8.8452033996582,"Unknown"
"7014857",371856,2025-06-09 10:41:12,43.3593254089355,-8.84523010253906,"Unknown"
"7014857",371856,2025-06-09 10:46:11,43.3592643737793,-8.84519672393799,"Unknown"
"7014857",371856,2025-06-09 10:51:12,43.3594093322754,-8.84523868560791,"Unknown"
"7014857",371856,2025-06-09 10:56:12,43.3594551086426,-8.84523010253906,"Unknown"
"7014857",371856,2025-06-09 11:01:12,43.3595085144043,-8.84542179107666,"Unknown"
"7014857",371856,2025-06-09 11:06:12,43.3594360351562,-8.84525203704834,"Unknown"
"7014857",371856,2025-06-09 11:11:12,43.3597373962402,-8.84526634216309,"Unknown"
"7014857",371856,2025-06-09 11:16:12,43.3597831726074,-8.84514141082764,"Unknown"
"7014857",371856,2025-06-09 11:21:13,43.3596611022949,-8.84519100189209,"Unknown"
"7014857",371856,2025-06-09 11:26:12,43.3593711853027,-8.84592342376709,"Unknown"
"7014857",371856,2025-06-09 11:31:13,43.3595924377441,-8.84525680541992,"Unknown"
"7014857",371856,2025-06-09 11:36:13,43.3597869873047,-8.84495258331299,"Unknown"
"7014857",371856,2025-06-09 11:41:11,43.3596572875977,-8.84489345550537,"Unknown"
"7014857",371856,2025-06-09 11:46:13,43.359733581543,-8.84488010406494,"Unknown"
"7014857",371856,2025-06-09 11:51:12,43.3595848083496,-8.84482765197754,"Unknown"
"7014857",371856,2025-06-09 11:56:11,43.359619140625,-8.84483432769775,"Unknown"
"7014857",371856,2025-06-09 12:01:12,43.359561920166,-8.84499835968018,"Unknown"
"7014857",371856,2025-06-09 12:06:12,43.3594703674316,-8.84496212005615,"Unknown"
"7014857",371856,2025-06-09 12:11:13,43.3595809936523,-8.84500789642334,"Unknown"
"7014857",371856,2025-06-09 12:16:26,43.3592872619629,-8.84486770629883,"Unknown"
"7014857",371856,2025-06-09 12:21:13,43.3594665527344,-8.84513759613037,"Unknown"
"7014857",371856,2025-06-09 12:26:12,43.3593978881836,-8.84511661529541,"Unknown"
"7014857",371856,2025-06-09 12:31:12,43.359561920166,-8.84556293487549,"Unknown"
"7014857",371856,2025-06-09 12:36:12,43.3594970703125,-8.84556293487549,"Unknown"
"7014857",371856,2025-06-09 12:41:14,43.3595275878906,-8.84576320648193,"Unknown"
"7014857",371856,2025-06-09 12:46:12,43.3672294616699,-8.83998966217041,"Unknown"
"7014857",371856,2025-06-09 12:51:12,43.3498039245605,-8.83731079101562,"Unknown"
"7014857",371856,2025-06-09 12:56:35,43.3095054626465,-8.83837890625,"Unknown"
"7014857",371856,2025-06-09 13:01:12,43.2869415283203,-8.8474235534668,"Unknown"
"7014857",371856,2025-06-09 13:06:14,43.2843475341797,-8.85445976257324,"Unknown"
"7014857",371856,2025-06-09 13:11:26,43.276439666748,-8.85217380523682,"Unknown"
"7014857",371856,2025-06-09 13:16:15,43.276309967041,-8.85192394256592,"Unknown"
"7014857",371856,2025-06-09 13:21:12,43.283805847168,-8.85279369354248,"Unknown"
"7014857",371856,2025-06-09 13:26:11,43.3018417358398,-8.85880851745605,"Unknown"
"7014857",371856,2025-06-09 13:31:13,43.3146705627441,-8.85670471191406,"Unknown"
"7014857",371856,2025-06-09 13:36:15,43.3211135864258,-8.85600185394287,"Unknown"
"7014857",371856,2025-06-09 13:41:17,43.3383407592773,-8.84502696990967,"Unknown"
"7014857",371856,2025-06-09 13:46:13,43.3536567687988,-8.84625625610352,"Unknown"
"7014857",371856,2025-06-09 13:51:13,43.3597602844238,-8.84501171112061,"Unknown"
"7014857",371856,2025-06-09 13:56:13,43.3597526550293,-8.84500980377197,"Unknown"
"7014857",371856,2025-06-09 14:01:13,43.3598899841309,-8.84464645385742,"Unknown"
"7014857",371856,2025-06-09 14:06:14,43.3600387573242,-8.84435558319092,"Unknown"
"7014857",371856,2025-06-09 14:11:13,43.3598899841309,-8.84456062316895,"Unknown"
"7014857",371856,2025-06-09 14:16:15,43.3599548339844,-8.84441947937012,"Unknown"
"7014857",371856,2025-06-09 14:21:17,43.3594360351562,-8.8455114364624,"Unknown"
"7014857",371856,2025-06-09 14:26:35,43.3594627380371,-8.84518241882324,"Unknown"
"7014857",371856,2025-06-09 14:31:12,43.3593292236328,-8.84519004821777,"Unknown"
"7014857",371856,2025-06-09 14:36:12,43.3593254089355,-8.84523105621338,"Unknown"
"7014857",371856,2025-06-09 14:41:12,43.3593292236328,-8.84526062011719,"Unknown"
"7014857",371856,2025-06-09 14:46:12,43.359317779541,-8.84521675109863,"Unknown"
"7014857",371856,2025-06-09 14:51:11,43.359302520752,-8.84525394439697,"Unknown"
"7014857",371856,2025-06-09 14:56:11,43.3592758178711,-8.84526538848877,"Unknown"
"7014857",371856,2025-06-09 15:01:12,43.3593368530273,-8.84517669677734,"Unknown"
"7014857",371856,2025-06-09 15:06:11,43.3593254089355,-8.8452262878418,"Unknown"
"7014857",371856,2025-06-09 15:11:12,43.3593215942383,-8.84524631500244,"Unknown"
"7014857",371856,2025-06-09 15:16:12,43.3593254089355,-8.84519290924072,"Unknown"
"7014857",371856,2025-06-09 15:21:11,43.3593254089355,-8.84521675109863,"Unknown"
"7014857",371856,2025-06-09 15:26:11,43.3593139648438,-8.84522342681885,"Unknown"
"7014857",371856,2025-06-09 15:31:11,43.3593368530273,-8.84520435333252,"Unknown"
"7014857",371856,2025-06-09 15:36:13,43.3593292236328,-8.84513473510742,"Unknown"
"7014857",371856,2025-06-09 15:41:13,43.3593711853027,-8.84515476226807,"Unknown"
"7014857",371856,2025-06-09 15:46:12,43.3725700378418,-8.84214115142822,"Unknown"
"7014857",371856,2025-06-09 15:51:12,43.3904800415039,-8.84747409820557,"Unknown"
"7014857",371856,2025-06-09 15:56:12,43.3995208740234,-8.84570407867432,"Unknown"
"7014857",371856,2025-06-09 16:01:12,43.3617057800293,-8.84291934967041,"Unknown"
"7014857",371856,2025-06-09 16:06:13,43.3597869873047,-8.84542942047119,"Unknown"
"7014857",371856,2025-06-09 16:11:12,43.3596534729004,-8.84536552429199,"Unknown"
"7014857",371856,2025-06-09 16:16:12,43.3517875671387,-8.84175109863281,"Unknown"
"7014857",371856,2025-06-09 16:21:12,43.330638885498,-8.85291576385498,"Unknown"
"7014857",371856,2025-06-09 16:26:12,43.316047668457,-8.85071659088135,"Unknown"
"7014857",371856,2025-06-09 16:31:11,43.2865943908691,-8.84650897979736,"Unknown"
"7014857",371856,2025-06-09 16:36:22,43.2641677856445,-8.8356990814209,"Unknown"
"7014857",371856,2025-06-09 16:41:13,43.2648315429688,-8.83654117584229,"Unknown"
"7014857",371856,2025-06-09 16:46:16,43.2650299072266,-8.83642768859863,"Unknown"
"7014857",371856,2025-06-09 16:51:16,43.2650527954102,-8.83620166778564,"Unknown"
"7014857",371856,2025-06-09 16:56:13,43.2647972106934,-8.83596038818359,"Unknown"
"7014857",371856,2025-06-09 17:01:14,43.2647705078125,-8.83606719970703,"Unknown"
"7014857",371856,2025-06-09 17:06:14,43.2647666931152,-8.83567810058594,"Unknown"
"7014857",371856,2025-06-09 17:11:13,43.264778137207,-8.8357400894165,"Unknown"
"7014857",371856,2025-06-09 17:16:13,43.264705657959,-8.83552837371826,"Unknown"
"7014857",371856,2025-06-09 17:21:42,43.2649078369141,-8.83578681945801,"Unknown"
"7014857",371856,2025-06-09 17:26:14,43.2648010253906,-8.83558940887451,"Unknown"
"7014857",371856,2025-06-09 17:31:20,43.2652244567871,-8.83612728118896,"Unknown"
"7014857",371856,2025-06-09 17:36:12,43.2799339294434,-8.84287261962891,"Unknown"
"7014857",371856,2025-06-09 17:41:12,43.3039016723633,-8.85927772521973,"Unknown"
"7014857",371856,2025-06-09 17:46:12,43.315673828125,-8.85659694671631,"Unknown"
"7014857",371856,2025-06-09 17:51:13,43.3386573791504,-8.84634304046631,"Unknown"
"7014857",371856,2025-06-09 17:56:12,43.3603286743164,-8.84788513183594,"Unknown"
"7014857",371856,2025-06-09 18:01:15,43.3594360351562,-8.84519958496094,"Unknown"
"7014857",371856,2025-06-09 18:06:15,43.3594818115234,-8.84531497955322,"Unknown"
"7014857",371856,2025-06-09 18:11:16,43.3594741821289,-8.84525775909424,"Unknown"
"7014857",371856,2025-06-09 18:16:14,43.3597297668457,-8.84580039978027,"Unknown"
"7014857",371856,2025-06-09 18:21:18,43.3597755432129,-8.84598827362061,"Unknown"
"7014857",371856,2025-06-09 18:26:17,43.3598518371582,-8.84596824645996,"Unknown"
"7014857",371856,2025-06-09 18:31:18,43.3598670959473,-8.84599304199219,"Unknown"
"7014857",371856,2025-06-09 18:36:15,43.3597640991211,-8.84602546691895,"Unknown"
"7014857",371856,2025-06-09 18:41:16,43.3596343994141,-8.84558391571045,"Unknown"
"7014857",371856,2025-06-09 18:46:33,43.3594703674316,-8.84519863128662,"Unknown"
"7014857",371856,2025-06-09 18:51:11,43.3593978881836,-8.84514236450195,"Unknown"
"7014857",371856,2025-06-09 18:56:11,43.359375,-8.84522533416748,"Unknown"
"7014857",371856,2025-06-09 19:01:11,43.3593635559082,-8.84516620635986,"Unknown"
"7014857",371856,2025-06-09 19:06:11,43.359375,-8.84521198272705,"Unknown"
"7014857",371856,2025-06-09 19:11:11,43.3594131469727,-8.84523296356201,"Unknown"
"7014857",371856,2025-06-09 19:16:12,43.3593521118164,-8.84516620635986,"Unknown"
"7014857",371856,2025-06-09 19:21:12,43.3593330383301,-8.84512519836426,"Unknown"
"7014857",371856,2025-06-09 19:26:12,43.3594398498535,-8.84524440765381,"Unknown"
"7014857",371856,2025-06-09 19:31:12,43.3594932556152,-8.84523963928223,"Unknown"
"7014857",371856,2025-06-09 19:36:12,43.3593444824219,-8.84523391723633,"Unknown"
"7014857",371856,2025-06-09 19:41:12,43.3593597412109,-8.84532928466797,"Unknown"
"7014857",371856,2025-06-09 19:46:12,43.3594055175781,-8.84525394439697,"Unknown"
"7014857",371856,2025-06-09 19:51:11,43.3594169616699,-8.84526443481445,"Unknown"
"7014857",371856,2025-06-09 19:56:12,43.3594818115234,-8.84535026550293,"Unknown"
"7014857",371856,2025-06-09 20:01:14,43.3596305847168,-8.84551429748535,"Unknown"
"7014857",371856,2025-06-09 20:06:16,43.3592834472656,-8.84521293640137,"Unknown"
"7014857",371856,2025-06-09 20:11:25,43.359375,-8.84512042999268,"Unknown"
"7014857",371856,2025-06-09 20:16:12,43.3595504760742,-8.84548091888428,"Unknown"
"7014857",371856,2025-06-09 20:21:27,43.3594017028809,-8.84517288208008,"Unknown"
"7014857",371856,2025-06-09 20:26:14,43.3593215942383,-8.84512901306152,"Unknown"
"7014857",371856,2025-06-09 20:31:25,43.3593864440918,-8.8451509475708,"Unknown"
"7014857",371856,2025-06-09 20:36:15,43.3593406677246,-8.84504795074463,"Unknown"
"7014857",371856,2025-06-09 20:41:25,43.3593788146973,-8.84516048431396,"Unknown"
"7014857",371856,2025-06-09 20:46:12,43.359245300293,-8.84494113922119,"Unknown"
"7014857",371856,2025-06-09 20:51:17,43.3588027954102,-8.84379768371582,"Unknown"
"7014857",371856,2025-06-09 20:56:18,43.3591690063477,-8.84479713439941,"Unknown"
"7014857",371856,2025-06-09 21:01:09,43.359432220459,-8.84536361694336,"Unknown"
"7014857",371856,2025-06-10 02:01:08,43.359619140625,-8.84529399871826,"Unknown"
"7014857",371856,2025-06-10 02:35:28,43.3594360351562,-8.84556484222412,"Unknown"
"7014857",371856,2025-06-10 02:40:27,43.3594245910645,-8.8455696105957,"Unknown"
"7014857",371856,2025-06-10 02:45:27,43.3594055175781,-8.8455982208252,"Unknown"
"7014857",371856,2025-06-10 02:50:28,43.3594512939453,-8.84558868408203,"Unknown"
"7014857",371856,2025-06-10 02:55:27,43.3594017028809,-8.84556865692139,"Unknown"
"7014857",371856,2025-06-10 03:00:27,43.3593940734863,-8.84558391571045,"Unknown"
"7014857",371856,2025-06-10 03:05:27,43.3593788146973,-8.84562015533447,"Unknown"
"7014857",371856,2025-06-10 03:10:26,43.3593902587891,-8.84554195404053,"Unknown"
"7014857",371856,2025-06-10 03:15:27,43.3594207763672,-8.84554195404053,"Unknown"
"7014857",371856,2025-06-10 03:20:26,43.3594284057617,-8.84554576873779,"Unknown"
"7014857",371856,2025-06-10 03:25:28,43.3593864440918,-8.84549331665039,"Unknown"
"7014857",371856,2025-06-10 03:30:28,43.3594665527344,-8.84554576873779,"Unknown"
"7014857",371856,2025-06-10 03:35:26,43.359432220459,-8.8455171585083,"Unknown"
"7014857",371856,2025-06-10 03:40:26,43.3594818115234,-8.84552669525146,"Unknown"
"7014857",371856,2025-06-10 03:45:26,43.3594131469727,-8.84549236297607,"Unknown"
"7014857",371856,2025-06-10 03:50:26,43.3594589233398,-8.8455286026001,"Unknown"
"7014857",371856,2025-06-10 03:55:26,43.3594398498535,-8.84545516967773,"Unknown"
"7014857",371856,2025-06-10 04:00:27,43.3594589233398,-8.84548759460449,"Unknown"
"7014857",371856,2025-06-10 04:05:27,43.3594245910645,-8.84549713134766,"Unknown"
"7014857",371856,2025-06-10 04:10:27,43.3594207763672,-8.84544944763184,"Unknown"
"7014857",371856,2025-06-10 04:15:29,43.3593330383301,-8.84539985656738,"Unknown"
"7014857",371856,2025-06-10 04:20:29,43.3595428466797,-8.84545707702637,"Unknown"
"7014857",371856,2025-06-10 04:25:28,43.3594360351562,-8.8453311920166,"Unknown"
"7014857",371856,2025-06-10 04:30:31,43.3595352172852,-8.84546852111816,"Unknown"
"7014857",371856,2025-06-10 04:35:43,43.3593292236328,-8.84528541564941,"Unknown"
"7014857",371856,2025-06-10 04:40:26,43.3592872619629,-8.84529495239258,"Unknown"
"7014857",371856,2025-06-10 04:45:26,43.3593559265137,-8.84523963928223,"Unknown"
"7014857",371856,2025-06-10 04:50:26,43.3593368530273,-8.84526252746582,"Unknown"
"7014857",371856,2025-06-10 04:55:26,43.3593711853027,-8.84518909454346,"Unknown"
"7014857",371856,2025-06-10 05:00:26,43.3593597412109,-8.84512138366699,"Unknown"
"7014857",371856,2025-06-10 05:05:27,43.3593788146973,-8.84513759613037,"Unknown"
"7014857",371856,2025-06-10 05:10:26,43.3594055175781,-8.84521198272705,"Unknown"
"7014857",371856,2025-06-10 05:15:27,43.3593978881836,-8.84508228302002,"Unknown"
"7014857",371856,2025-06-10 05:20:29,43.3593711853027,-8.84462547302246,"Unknown"
"7014857",371856,2025-06-10 05:25:28,43.3594436645508,-8.84498119354248,"Unknown"
"7014857",371856,2025-06-10 05:30:44,43.3593902587891,-8.84510231018066,"Unknown"
"7014857",371856,2025-06-10 05:35:26,43.3594169616699,-8.84508514404297,"Unknown"
"7014857",371856,2025-06-10 05:40:29,43.3593330383301,-8.84490394592285,"Unknown"
"7014857",371856,2025-06-10 05:45:31,43.3593826293945,-8.84483337402344,"Unknown"
"7014857",371856,2025-06-10 05:50:26,43.3601150512695,-8.84560489654541,"Unknown"
"7014857",371856,2025-06-10 05:55:26,43.3426284790039,-8.83250713348389,"Unknown"
"7014857",371856,2025-06-10 06:00:37,43.3174476623535,-8.83856678009033,"Unknown"
"7014857",371856,2025-06-10 06:05:29,43.3170051574707,-8.83920574188232,"Unknown"
"7014857",371856,2025-06-10 06:10:28,43.2892456054688,-8.83703804016113,"Unknown"
"7014857",371856,2025-06-10 06:16:15,43.2841262817383,-8.85420608520508,"Unknown"
"7014857",371856,2025-06-10 06:20:45,43.2763748168945,-8.85224437713623,"Unknown"
"7014857",371856,2025-06-10 06:25:36,43.2764854431152,-8.85244178771973,"Unknown"
"7014857",371856,2025-06-10 06:30:26,43.2671127319336,-8.84173488616943,"Unknown"
"7014857",371856,2025-06-10 06:35:41,43.2492218017578,-8.84167289733887,"Unknown"
"7014857",371856,2025-06-10 06:41:05,43.2324981689453,-8.84293174743652,"Unknown"
"7014857",371856,2025-06-10 06:45:47,43.2326431274414,-8.84323310852051,"Unknown"
"7014857",371856,2025-06-10 06:50:46,43.2323379516602,-8.84304046630859,"Unknown"
"7014857",371856,2025-06-10 06:55:57,43.2319259643555,-8.84246444702148,"Unknown"
"7014857",371856,2025-06-10 07:00:42,43.2323417663574,-8.84277534484863,"Unknown"
"7014857",371856,2025-06-10 07:05:35,43.2324409484863,-8.84240341186523,"Unknown"
"7014857",371856,2025-06-10 07:10:45,43.2322883605957,-8.84285640716553,"Unknown"
"7014857",371856,2025-06-10 07:15:34,43.2321624755859,-8.84300899505615,"Unknown"
"7014857",371856,2025-06-10 07:20:26,43.2408561706543,-8.83227634429932,"Unknown"
"7014857",371856,2025-06-10 07:25:27,43.266471862793,-8.84436130523682,"Unknown"
"7014857",371856,2025-06-10 07:30:37,43.2971534729004,-8.85234832763672,"Unknown"
"7014857",371856,2025-06-10 07:35:37,43.325740814209,-8.85536575317383,"Unknown"
"7014857",371856,2025-06-10 07:40:44,43.3553848266602,-8.85188674926758,"Unknown"
"7014857",371856,2025-06-10 07:45:44,43.3593597412109,-8.84507465362549,"Unknown"
"7014857",371856,2025-06-10 07:50:36,43.3593139648438,-8.84484672546387,"Unknown"
"7014857",371856,2025-06-10 07:55:36,43.3593444824219,-8.84550762176514,"Unknown"
"7014857",371856,2025-06-10 08:00:36,43.3593559265137,-8.8452672958374,"Unknown"
"7014857",371856,2025-06-10 08:05:38,43.3592491149902,-8.84451198577881,"Unknown"
"7014857",371856,2025-06-10 08:10:40,43.3592910766602,-8.84484577178955,"Unknown"
"7014857",371856,2025-06-10 08:15:37,43.3593368530273,-8.84502506256104,"Unknown"
"7014857",371856,2025-06-10 08:20:41,43.359375,-8.84510040283203,"Unknown"
"7014857",371856,2025-06-10 08:25:38,43.3592948913574,-8.84529113769531,"Unknown"
"7014857",371856,2025-06-10 08:30:38,43.3593635559082,-8.84528636932373,"Unknown"
"7014857",371856,2025-06-10 08:35:31,43.3591156005859,-8.84475135803223,"Unknown"
"7014857",371856,2025-06-10 08:40:35,43.3595695495605,-8.84621620178223,"Unknown"
"7014857",371856,2025-06-10 08:45:56,43.3592300415039,-8.84532642364502,"Unknown"
"7014857",371856,2025-06-10 08:50:24,43.3593254089355,-8.84518718719482,"Unknown"
"7014857",371856,2025-06-10 08:55:26,43.3593292236328,-8.84519958496094,"Unknown"
"7014857",371856,2025-06-10 09:00:25,43.3592796325684,-8.84520721435547,"Unknown"
"7014857",371856,2025-06-10 09:05:24,43.359317779541,-8.84519290924072,"Unknown"
"7014857",371856,2025-06-10 09:10:24,43.3592872619629,-8.84523677825928,"Unknown"
"7014857",371856,2025-06-10 09:15:24,43.3592567443848,-8.84525775909424,"Unknown"
"7014857",371856,2025-06-10 09:20:24,43.3592948913574,-8.8452844619751,"Unknown"
"7014857",371856,2025-06-10 09:25:24,43.3592529296875,-8.84525489807129,"Unknown"
"7014857",371856,2025-06-10 09:30:24,43.3592758178711,-8.84524059295654,"Unknown"
"7014857",371856,2025-06-10 09:35:24,43.3593101501465,-8.84525966644287,"Unknown"
"7014857",371856,2025-06-10 09:40:24,43.3593063354492,-8.84521770477295,"Unknown"
"7014857",371856,2025-06-10 09:45:25,43.3593292236328,-8.84524822235107,"Unknown"
"7014857",371856,2025-06-10 09:50:26,43.3592987060547,-8.84522342681885,"Unknown"
"7014857",371856,2025-06-10 09:55:27,43.3592796325684,-8.84521484375,"Unknown"
"7014857",371856,2025-06-10 10:00:26,43.3592262268066,-8.84520053863525,"Unknown"
"7014857",371856,2025-06-10 10:05:26,43.3591728210449,-8.84528064727783,"Unknown"
"7014857",371856,2025-06-10 10:10:25,43.3593559265137,-8.84518527984619,"Unknown"
"7014857",371856,2025-06-10 10:15:26,43.359447479248,-8.8453540802002,"Unknown"
"7014857",371856,2025-06-10 10:20:25,43.3594093322754,-8.84529781341553,"Unknown"
"7014857",371856,2025-06-10 10:25:25,43.3593788146973,-8.84531497955322,"Unknown"
"7014857",371856,2025-06-10 10:30:25,43.3594017028809,-8.84536933898926,"Unknown"
"7014857",371856,2025-06-10 10:35:26,43.3593521118164,-8.84530162811279,"Unknown"
"7014857",371856,2025-06-10 10:40:26,43.3594436645508,-8.84529781341553,"Unknown"
"7014857",371856,2025-06-10 10:45:26,43.3544692993164,-8.84319019317627,"Unknown"
"7014857",371856,2025-06-10 10:50:27,43.338996887207,-8.85039138793945,"Unknown"
"7014857",371856,2025-06-10 10:55:27,43.3257179260254,-8.84888648986816,"Unknown"
"7014857",371856,2025-06-10 11:00:26,43.2966003417969,-8.85712718963623,"Unknown"
"7014857",371856,2025-06-10 11:05:26,43.2821846008301,-8.85377788543701,"Unknown"
"7014857",371856,2025-06-10 11:10:32,43.2711715698242,-8.85369110107422,"Unknown"
"7014857",371856,2025-06-10 11:15:27,43.2325096130371,-8.84271240234375,"Unknown"
"7014857",371856,2025-06-10 11:20:44,43.2327766418457,-8.8425178527832,"Unknown"
"7014857",371856,2025-06-10 11:25:51,43.2325096130371,-8.84204864501953,"Unknown"
"7014857",371856,2025-06-10 11:30:35,43.232494354248,-8.84248638153076,"Unknown"
"7014857",371856,2025-06-10 11:35:40,43.2329597473145,-8.84212303161621,"Unknown"
"7014857",371856,2025-06-10 11:40:43,43.2324676513672,-8.8435697555542,"Unknown"
"7014857",371856,2025-06-10 11:45:38,43.2326469421387,-8.84359550476074,"Unknown"
"7014857",371856,2025-06-10 11:50:58,43.2324981689453,-8.84299373626709,"Unknown"
"7014857",371856,2025-06-10 11:55:34,43.2326011657715,-8.84286594390869,"Unknown"
"7014857",371856,2025-06-10 12:00:32,43.2326202392578,-8.8429594039917,"Unknown"
"7014857",371856,2025-06-10 12:05:38,43.2325057983398,-8.84288024902344,"Unknown"
"7014857",371856,2025-06-10 12:10:37,43.2325592041016,-8.842942237854,"Unknown"
"7014857",371856,2025-06-10 12:15:43,43.2326812744141,-8.84309959411621,"Unknown"
"7014857",371856,2025-06-10 12:20:40,43.2324905395508,-8.84315299987793,"Unknown"
"7014857",371856,2025-06-10 12:25:45,43.2326507568359,-8.84320640563965,"Unknown"
"7014857",371856,2025-06-10 12:30:44,43.2327423095703,-8.84320735931396,"Unknown"
"7014857",371856,2025-06-10 12:35:37,43.2325477600098,-8.84305953979492,"Unknown"
"7014857",371856,2025-06-10 12:40:38,43.2460708618164,-8.83944129943848,"Unknown"
"7014857",371856,2025-06-10 12:45:39,43.2728271484375,-8.84268856048584,"Unknown"
"7014857",371856,2025-06-10 12:50:49,43.2938766479492,-8.85202598571777,"Unknown"
"7014857",371856,2025-06-10 12:55:34,43.3232688903809,-8.85171699523926,"Unknown"
"7014857",371856,2025-06-10 13:00:37,43.3441200256348,-8.84734725952148,"Unknown"
"7014857",371856,2025-06-10 13:05:36,43.359676361084,-8.84543228149414,"Unknown"
"7014857",371856,2025-06-10 13:10:41,43.3597145080566,-8.84528160095215,"Unknown"
"7014857",371856,2025-06-10 13:15:30,43.3596611022949,-8.84530639648438,"Unknown"
"7014857",371856,2025-06-10 13:20:29,43.359748840332,-8.84541797637939,"Unknown"
"7014857",371856,2025-06-10 13:25:38,43.3596992492676,-8.8454532623291,"Unknown"
"7014857",371856,2025-06-10 13:30:28,43.3596382141113,-8.84525966644287,"Unknown"
"7014857",371856,2025-06-10 13:35:38,43.3596153259277,-8.84521389007568,"Unknown"
"7014857",371856,2025-06-10 13:40:35,43.3596496582031,-8.84522438049316,"Unknown"
"7014857",371856,2025-06-10 13:45:31,43.3596839904785,-8.84540748596191,"Unknown"
"7014857",371856,2025-06-10 13:50:59,43.3594131469727,-8.84526538848877,"Unknown"
"7014857",371856,2025-06-10 13:55:27,43.3593368530273,-8.84520244598389,"Unknown"
"7014857",371856,2025-06-10 14:00:27,43.359447479248,-8.84519100189209,"Unknown"
"7014857",371856,2025-06-10 14:05:26,43.3593788146973,-8.84518432617188,"Unknown"
"7014857",371856,2025-06-10 14:10:26,43.3594131469727,-8.84519672393799,"Unknown"
"7014857",371856,2025-06-10 14:15:26,43.359432220459,-8.84517574310303,"Unknown"
"7014857",371856,2025-06-10 14:20:26,43.3594169616699,-8.84523773193359,"Unknown"
"7014857",371856,2025-06-10 14:25:26,43.3593368530273,-8.84516716003418,"Unknown"
"7014857",371856,2025-06-10 14:30:26,43.3593292236328,-8.8452320098877,"Unknown"
"7014857",371856,2025-06-10 14:35:26,43.3593368530273,-8.8452091217041,"Unknown"
"7014857",371856,2025-06-10 14:40:26,43.3593711853027,-8.84518051147461,"Unknown"
"7014857",371856,2025-06-10 14:45:26,43.3593254089355,-8.84521007537842,"Unknown"
"7014857",371856,2025-06-10 14:50:27,43.3594093322754,-8.84523677825928,"Unknown"
"7014857",371856,2025-06-10 14:55:26,43.359432220459,-8.84524631500244,"Unknown"
"7014857",371856,2025-06-10 15:00:28,43.3592758178711,-8.84518051147461,"Unknown"
"7014857",371856,2025-06-10 15:05:31,43.3592529296875,-8.84510040283203,"Unknown"
"7014857",371856,2025-06-10 15:10:34,43.3594284057617,-8.84525585174561,"Unknown"
"7014857",371856,2025-06-10 15:15:35,43.3594627380371,-8.84530830383301,"Unknown"
"7014857",371856,2025-06-10 15:20:31,43.3592109680176,-8.84507083892822,"Unknown"
"7014857",371856,2025-06-10 15:25:31,43.3595237731934,-8.84527587890625,"Unknown"
"7014857",371856,2025-06-10 15:30:28,43.359432220459,-8.84521102905273,"Unknown"
"7014857",371856,2025-06-10 15:35:27,43.3593673706055,-8.84521484375,"Unknown"
"7014857",371856,2025-06-10 15:40:27,43.3592948913574,-8.84520435333252,"Unknown"
"7014857",371856,2025-06-10 15:45:27,43.3594245910645,-8.84526348114014,"Unknown"
"7014857",371856,2025-06-10 15:50:28,43.3594360351562,-8.84527778625488,"Unknown"
"7014857",371856,2025-06-10 15:55:27,43.3593788146973,-8.84521865844727,"Unknown"
"7014857",371856,2025-06-10 16:00:28,43.3593330383301,-8.84511661529541,"Unknown"
"7014857",371856,2025-06-10 16:05:28,43.359375,-8.8452091217041,"Unknown"
"7014857",371856,2025-06-10 16:10:27,43.3586883544922,-8.84557628631592,"Unknown"
"7014857",371856,2025-06-10 16:15:27,43.3649253845215,-8.8791036605835,"Unknown"
"7014857",371856,2025-06-10 16:20:28,43.3745422363281,-8.91697120666504,"Unknown"
"7014857",371856,2025-06-10 16:25:30,43.3831787109375,-8.96209716796875,"Unknown"
"7014857",371856,2025-06-10 16:31:05,43.3870887756348,-8.95479583740234,"Unknown"
"7014857",371856,2025-06-10 16:35:28,43.3891906738281,-8.95172023773193,"Unknown"
"7014857",371856,2025-06-10 16:40:29,43.392391204834,-8.94839859008789,"Unknown"
"7014857",371856,2025-06-10 16:45:30,43.3983192443848,-8.93803691864014,"Unknown"
"7014857",371856,2025-06-10 16:50:35,43.3858375549316,-8.90194225311279,"Unknown"
"7014857",371856,2025-06-10 16:55:27,43.3699111938477,-8.861328125,"Unknown"
"7014857",371856,2025-06-10 17:00:40,43.3593292236328,-8.84518337249756,"Unknown"
"7014857",371856,2025-06-10 17:05:28,43.3593406677246,-8.84528636932373,"Unknown"
"7014857",371856,2025-06-10 17:10:27,43.3594856262207,-8.84528732299805,"Unknown"
"7014857",371856,2025-06-10 17:15:35,43.359375,-8.84504413604736,"Unknown"
"7014857",371856,2025-06-10 17:20:29,43.3593978881836,-8.84536647796631,"Unknown"
"7014857",371856,2025-06-10 17:25:30,43.3591041564941,-8.84491062164307,"Unknown"
"7014857",371856,2025-06-10 17:30:32,43.359317779541,-8.84513473510742,"Unknown"
"7014857",371856,2025-06-10 17:35:30,43.3596076965332,-8.84563064575195,"Unknown"
"7014857",371856,2025-06-10 17:40:29,43.3594131469727,-8.84549808502197,"Unknown"
"7014857",371856,2025-06-10 17:45:36,43.3593254089355,-8.84521865844727,"Unknown"
"7014857",371856,2025-06-10 17:50:34,43.3593368530273,-8.84527778625488,"Unknown"
"7014857",371856,2025-06-10 17:55:40,43.3594245910645,-8.84520721435547,"Unknown"
"7014857",371856,2025-06-10 18:00:32,43.3592796325684,-8.84528732299805,"Unknown"
"7014857",371856,2025-06-10 18:05:31,43.3586387634277,-8.84532451629639,"Unknown"
"7014857",371856,2025-06-10 18:10:35,43.3593597412109,-8.84528923034668,"Unknown"
"7014857",371856,2025-06-10 18:15:32,43.3593215942383,-8.84529304504395,"Unknown"
"7014857",371856,2025-06-10 18:20:31,43.3600387573242,-8.8452320098877,"Unknown"
"7014857",371856,2025-06-10 18:25:31,43.3598670959473,-8.84521961212158,"Unknown"
"7014857",371856,2025-06-10 18:30:31,43.359935760498,-8.84550380706787,"Unknown"
"7014857",371856,2025-06-10 18:35:31,43.359691619873,-8.84510231018066,"Unknown"
"7014857",371856,2025-06-10 18:40:32,43.3593101501465,-8.84517192840576,"Unknown"
"7014857",371856,2025-06-10 18:45:34,43.3593215942383,-8.84510135650635,"Unknown"
"7014857",371856,2025-06-10 18:50:34,43.359317779541,-8.84522819519043,"Unknown"
"7014857",371856,2025-06-10 18:55:36,43.3593635559082,-8.84522151947021,"Unknown"
"7014857",371856,2025-06-10 19:00:41,43.3626174926758,-8.84335708618164,"Unknown"
"7014857",371856,2025-06-10 19:05:32,43.3598861694336,-8.84489727020264,"Unknown"
"7014857",371856,2025-06-10 19:10:34,43.3598251342773,-8.84600353240967,"Unknown"
"7014857",371856,2025-06-10 19:15:28,43.3598823547363,-8.84577655792236,"Unknown"
"7014857",371856,2025-06-10 19:20:32,43.3598022460938,-8.84531497955322,"Unknown"
"7014857",371856,2025-06-10 19:25:28,43.3594818115234,-8.84590435028076,"Unknown"
"7014857",371856,2025-06-10 19:30:31,43.3596992492676,-8.84548568725586,"Unknown"
"7014857",371856,2025-06-10 19:35:42,43.3595542907715,-8.8450927734375,"Unknown"
"7014857",371856,2025-06-10 19:40:30,43.3597297668457,-8.84506130218506,"Unknown"
"7014857",371856,2025-06-10 19:45:32,43.3594093322754,-8.84503364562988,"Unknown"
"7014857",371856,2025-06-10 19:50:31,43.3593330383301,-8.84527778625488,"Unknown"
"7014857",371856,2025-06-10 19:55:30,43.3596649169922,-8.84519863128662,"Unknown"
"7014857",371856,2025-06-10 20:00:30,43.3591842651367,-8.84519386291504,"Unknown"
"7014857",371856,2025-06-10 20:05:34,43.3594665527344,-8.84501934051514,"Unknown"
"7014857",371856,2025-06-10 20:10:34,43.3593406677246,-8.84504985809326,"Unknown"
"7014857",371856,2025-06-10 20:15:28,43.3595199584961,-8.84530162811279,"Unknown"
"7014857",371856,2025-06-10 20:20:59,43.3595352172852,-8.84492301940918,"Unknown"
"7014857",371856,2025-06-10 20:25:27,43.3592338562012,-8.8453369140625,"Unknown"
"7014857",371856,2025-06-10 20:30:27,43.3594741821289,-8.8451566696167,"Unknown"
"7014857",371856,2025-06-10 20:35:27,43.3590202331543,-8.84419822692871,"Unknown"
"7014857",371856,2025-06-10 20:40:27,43.359447479248,-8.84520149230957,"Unknown"
"7014857",371856,2025-06-10 20:45:30,43.3592567443848,-8.84545707702637,"Unknown"
"7014857",371856,2025-06-10 20:50:28,43.359504699707,-8.84564018249512,"Unknown"
"7014857",371856,2025-06-10 20:55:27,43.3593940734863,-8.845534324646,"Unknown"
"7014857",371856,2025-06-10 21:01:47,43.3593673706055,-8.84522438049316,"Unknown"
"7014857",371856,2025-06-11 02:02:05,43.3594017028809,-8.84512996673584,"Unknown"
"7014857",371856,2025-06-11 02:35:04,43.3594093322754,-8.84516525268555,"Unknown"
"7014857",371856,2025-06-11 02:40:04,43.3593559265137,-8.84516620635986,"Unknown"
"7014857",371856,2025-06-11 02:44:57,43.3593292236328,-8.84517574310303,"Unknown"
"7014857",371856,2025-06-11 02:50:00,43.3594360351562,-8.84518814086914,"Unknown"
"7014857",371856,2025-06-11 02:55:01,43.3595085144043,-8.84522151947021,"Unknown"
"7014857",371856,2025-06-11 03:00:01,43.3594665527344,-8.8451623916626,"Unknown"
"7014857",371856,2025-06-11 03:05:02,43.3593406677246,-8.84518623352051,"Unknown"
"7014857",371856,2025-06-11 03:09:58,43.3592910766602,-8.84515953063965,"Unknown"
"7014857",371856,2025-06-11 03:15:00,43.3594055175781,-8.84524059295654,"Unknown"
"7014857",371856,2025-06-11 03:20:04,43.3592987060547,-8.84513187408447,"Unknown"
"7014857",371856,2025-06-11 03:24:58,43.3592758178711,-8.84510707855225,"Unknown"
"7014857",371856,2025-06-11 03:29:58,43.3593254089355,-8.84517574310303,"Unknown"
"7014857",371856,2025-06-11 03:34:58,43.3593406677246,-8.8451509475708,"Unknown"
"7014857",371856,2025-06-11 03:39:58,43.3593597412109,-8.84518146514893,"Unknown"
"7014857",371856,2025-06-11 03:44:58,43.3593330383301,-8.84512519836426,"Unknown"
"7014857",371856,2025-06-11 03:49:58,43.3592376708984,-8.84509086608887,"Unknown"
"7014857",371856,2025-06-11 03:54:58,43.3593101501465,-8.84514045715332,"Unknown"
"7014857",371856,2025-06-11 04:00:14,43.3593597412109,-8.84513759613037,"Unknown"
"7014857",371856,2025-06-11 04:04:57,43.3592567443848,-8.84496688842773,"Unknown"
"7014857",371856,2025-06-11 04:09:58,43.3593711853027,-8.84512233734131,"Unknown"
"7014857",371856,2025-06-11 04:14:58,43.3594017028809,-8.84511375427246,"Unknown"
"7014857",371856,2025-06-11 04:19:58,43.3592681884766,-8.84505081176758,"Unknown"
"7014857",371856,2025-06-11 04:25:01,43.359375,-8.84522724151611,"Unknown"
"7014857",371856,2025-06-11 04:30:07,43.3595733642578,-8.84536552429199,"Unknown"
"7014857",371856,2025-06-11 04:35:02,43.3594093322754,-8.84522151947021,"Unknown"
"7014857",371856,2025-06-11 04:40:01,43.3593635559082,-8.84521961212158,"Unknown"
"7014857",371856,2025-06-11 04:45:14,43.3593559265137,-8.8452320098877,"Unknown"
"7014857",371856,2025-06-11 04:49:58,43.3593521118164,-8.84517860412598,"Unknown"
"7014857",371856,2025-06-11 04:54:58,43.3593711853027,-8.84527778625488,"Unknown"
"7014857",371856,2025-06-11 04:59:57,43.3594055175781,-8.84526634216309,"Unknown"
"7014857",371856,2025-06-11 05:05:00,43.3592910766602,-8.84524250030518,"Unknown"
"7014857",371856,2025-06-11 05:10:02,43.3592872619629,-8.84496116638184,"Unknown"
"7014857",371856,2025-06-11 05:14:57,43.3592529296875,-8.84530067443848,"Unknown"
"7014857",371856,2025-06-11 05:20:00,43.3596839904785,-8.84432506561279,"Unknown"
"7014857",371856,2025-06-11 05:25:02,43.3593826293945,-8.84497737884521,"Unknown"
"7014857",371856,2025-06-11 05:29:57,43.3591995239258,-8.84550285339355,"Unknown"
"7014857",371856,2025-06-11 05:35:17,43.3594207763672,-8.84469509124756,"Unknown"
"7014857",371856,2025-06-11 05:40:01,43.359058380127,-8.84480857849121,"Unknown"
"7014857",371856,2025-06-11 05:45:14,43.3595085144043,-8.84471702575684,"Unknown"
"7014857",371856,2025-06-11 05:50:03,43.3594779968262,-8.8447322845459,"Unknown"
"7014857",371856,2025-06-11 05:54:59,43.3493881225586,-8.8523063659668,"Unknown"
"7014857",371856,2025-06-11 06:00:01,43.3231964111328,-8.85407543182373,"Unknown"
"7014857",371856,2025-06-11 06:05:10,43.3142204284668,-8.85651206970215,"Unknown"
"7014857",371856,2025-06-11 06:10:09,43.3142242431641,-8.85665607452393,"Unknown"
"7014857",371856,2025-06-11 06:15:07,43.2999877929688,-8.857421875,"Unknown"
"7014857",371856,2025-06-11 06:20:11,43.2842330932617,-8.85397815704346,"Unknown"
"7014857",371856,2025-06-11 06:25:05,43.2845802307129,-8.85455322265625,"Unknown"
"7014857",371856,2025-06-11 06:31:04,43.2851486206055,-8.85416698455811,"Unknown"
"7014857",371856,2025-06-11 06:35:16,43.284839630127,-8.85422325134277,"Unknown"
"7014857",371856,2025-06-11 06:40:14,43.2850685119629,-8.85429191589355,"Unknown"
"7014857",371856,2025-06-11 06:45:00,43.2921714782715,-8.86005783081055,"Unknown"
"7014857",371856,2025-06-11 06:50:07,43.3146362304688,-8.85603523254395,"Unknown"
"7014857",371856,2025-06-11 06:54:59,43.3354072570801,-8.85396194458008,"Unknown"
"7014857",371856,2025-06-11 07:00:14,43.3593635559082,-8.8448371887207,"Unknown"
"7014857",371856,2025-06-11 07:05:04,43.3591842651367,-8.84498310089111,"Unknown"
"7014857",371856,2025-06-11 07:09:57,43.3593368530273,-8.84481906890869,"Unknown"
"7014857",371856,2025-06-11 07:15:07,43.3593406677246,-8.84505653381348,"Unknown"
"7014857",371856,2025-06-11 07:20:06,43.3593940734863,-8.84500217437744,"Unknown"
"7014857",371856,2025-06-11 07:25:14,43.3593292236328,-8.84507083892822,"Unknown"
"7014857",371856,2025-06-11 07:30:14,43.3594131469727,-8.84508609771729,"Unknown"
"7014857",371856,2025-06-11 07:35:05,43.3593597412109,-8.84454536437988,"Unknown"
"7014857",371856,2025-06-11 07:40:19,43.3593063354492,-8.84521102905273,"Unknown"
"7014857",371856,2025-06-11 07:45:03,43.3593101501465,-8.84523677825928,"Unknown"
"7014857",371856,2025-06-11 07:50:03,43.3594703674316,-8.84535121917725,"Unknown"
"7014857",371856,2025-06-11 07:55:06,43.3594703674316,-8.84607410430908,"Unknown"
"7014857",371856,2025-06-11 08:00:06,43.3594131469727,-8.84545421600342,"Unknown"
"7014857",371856,2025-06-11 08:05:06,43.3591690063477,-8.84500503540039,"Unknown"
"7014857",371856,2025-06-11 08:10:06,43.3593101501465,-8.84537601470947,"Unknown"
"7014857",371856,2025-06-11 08:15:25,43.3593254089355,-8.84513759613037,"Unknown"
"7014857",371856,2025-06-11 08:19:56,43.3593330383301,-8.84522342681885,"Unknown"
"7014857",371856,2025-06-11 08:24:56,43.3593635559082,-8.84523677825928,"Unknown"
"7014857",371856,2025-06-11 08:29:56,43.3593292236328,-8.84517765045166,"Unknown"
"7014857",371856,2025-06-11 08:34:56,43.3593292236328,-8.84519386291504,"Unknown"
"7014857",371856,2025-06-11 08:39:58,43.3591384887695,-8.84506416320801,"Unknown"
"7014857",371856,2025-06-11 08:44:58,43.3593711853027,-8.84521102905273,"Unknown"
"7014857",371856,2025-06-11 08:49:57,43.3592567443848,-8.84523105621338,"Unknown"
"7014857",371856,2025-06-11 08:54:58,43.3593559265137,-8.84518432617188,"Unknown"
"7014857",371856,2025-06-11 08:59:58,43.3593673706055,-8.84521007537842,"Unknown"
"7014857",371856,2025-06-11 09:04:57,43.3593826293945,-8.84520721435547,"Unknown"
"7014857",371856,2025-06-11 09:09:57,43.3593559265137,-8.84523677825928,"Unknown"
"7014857",371856,2025-06-11 09:15:00,43.3593292236328,-8.84525680541992,"Unknown"
"7014857",371856,2025-06-11 09:19:56,43.3593254089355,-8.84517669677734,"Unknown"
"7014857",371856,2025-06-11 09:24:58,43.3592796325684,-8.84534549713135,"Unknown"
"7014857",371856,2025-06-11 09:30:01,43.359317779541,-8.84517478942871,"Unknown"
"7014857",371856,2025-06-11 09:34:57,43.3593292236328,-8.8452091217041,"Unknown"
"7014857",371856,2025-06-11 09:39:57,43.3593559265137,-8.8452320098877,"Unknown"
"7014857",371856,2025-06-11 09:44:59,43.3593673706055,-8.8453950881958,"Unknown"
"7014857",371856,2025-06-11 09:49:59,43.3593368530273,-8.84527206420898,"Unknown"
"7014857",371856,2025-06-11 09:55:04,43.3592224121094,-8.84510517120361,"Unknown"
"7014857",371856,2025-06-11 09:59:57,43.3593482971191,-8.84523487091064,"Unknown"
"7014857",371856,2025-06-11 10:05:01,43.3592948913574,-8.84521484375,"Unknown"
"7014857",371856,2025-06-11 10:09:57,43.3593940734863,-8.84607124328613,"Unknown"
"7014857",371856,2025-06-11 10:14:58,43.3595809936523,-8.84546661376953,"Unknown"
"7014857",371856,2025-06-11 10:19:59,43.3593902587891,-8.84532451629639,"Unknown"
"7014857",371856,2025-06-11 10:24:59,43.3592567443848,-8.84511852264404,"Unknown"
"7014857",371856,2025-06-11 10:30:13,43.3592262268066,-8.84519672393799,"Unknown"
"7014857",371856,2025-06-11 10:34:56,43.3592224121094,-8.84584522247314,"Unknown"
"7014857",371856,2025-06-11 10:40:05,43.3381996154785,-8.8441858291626,"Unknown"
"7014857",371856,2025-06-11 10:44:58,43.3165435791016,-8.8445348739624,"Unknown"
"7014857",371856,2025-06-11 10:50:29,43.2967987060547,-8.85297966003418,"Unknown"
"7014857",371856,2025-06-11 10:54:56,43.2746887207031,-8.85129356384277,"Unknown"
"7014857",371856,2025-06-11 10:59:56,43.2534294128418,-8.84785938262939,"Unknown"
"7014857",371856,2025-06-11 11:04:57,43.2356376647949,-8.84434127807617,"Unknown"
"7014857",371856,2025-06-11 11:10:07,43.232608795166,-8.84323883056641,"Unknown"
"7014857",371856,2025-06-11 11:15:16,43.2325210571289,-8.84229850769043,"Unknown"
"7014857",371856,2025-06-11 11:20:07,43.2327461242676,-8.84299278259277,"Unknown"
"7014857",371856,2025-06-11 11:25:06,43.2327613830566,-8.8430004119873,"Unknown"
"7014857",371856,2025-06-11 11:30:08,43.2325706481934,-8.8427677154541,"Unknown"
"7014857",371856,2025-06-11 11:35:27,43.2326202392578,-8.84293460845947,"Unknown"
"7014857",371856,2025-06-11 11:40:01,43.2325248718262,-8.84305191040039,"Unknown"
"7014857",371856,2025-06-11 11:45:02,43.2331123352051,-8.84334945678711,"Unknown"
"7014857",371856,2025-06-11 11:50:14,43.232666015625,-8.84293174743652,"Unknown"
"7014857",371856,2025-06-11 12:11:14,43.2328147888184,-8.84511470794678,"Unknown"
"7014857",371856,2025-06-11 12:15:12,43.2490768432617,-8.84405517578125,"Unknown"
"7014857",371856,2025-06-11 12:19:56,43.2824897766113,-8.84130477905273,"Unknown"
"7014857",371856,2025-06-11 12:24:57,43.3254165649414,-8.85433864593506,"Unknown"
"7014857",371856,2025-06-11 12:30:11,43.359375,-8.84514904022217,"Unknown"
"7014857",371856,2025-06-11 12:35:05,43.3593063354492,-8.84499454498291,"Unknown"
"7014857",371856,2025-06-11 12:39:56,43.3594436645508,-8.84523391723633,"Unknown"
"7014857",371856,2025-06-11 12:45:14,43.3593368530273,-8.8452091217041,"Unknown"
"7014857",371856,2025-06-11 12:50:04,43.3593482971191,-8.84501075744629,"Unknown"
"7014857",371856,2025-06-11 12:55:00,43.3594017028809,-8.84532642364502,"Unknown"
"7014857",371856,2025-06-11 13:00:04,43.3593788146973,-8.84514713287354,"Unknown"
"7014857",371856,2025-06-11 13:05:01,43.3593597412109,-8.84512996673584,"Unknown"
"7014857",371856,2025-06-11 13:10:00,43.3594741821289,-8.84533214569092,"Unknown"
"7014857",371856,2025-06-11 13:15:04,43.3594627380371,-8.84516048431396,"Unknown"
"7014857",371856,2025-06-11 13:20:17,43.3594551086426,-8.84505271911621,"Unknown"
"7014857",371856,2025-06-11 13:25:27,43.3593559265137,-8.84519195556641,"Unknown"
"7014857",371856,2025-06-11 13:29:57,43.3593940734863,-8.845139503479,"Unknown"
"7014857",371856,2025-06-11 13:34:57,43.3593521118164,-8.84516620635986,"Unknown"
"7014857",371856,2025-06-11 13:39:57,43.3593864440918,-8.84513759613037,"Unknown"
"7014857",371856,2025-06-11 13:44:57,43.359317779541,-8.84519195556641,"Unknown"
"7014857",371856,2025-06-11 13:49:57,43.3593635559082,-8.84514808654785,"Unknown"
"7014857",371856,2025-06-11 13:54:57,43.3593101501465,-8.84518051147461,"Unknown"
"7014857",371856,2025-06-11 13:59:57,43.3592987060547,-8.8452615737915,"Unknown"
"7014857",371856,2025-06-11 14:04:57,43.3592376708984,-8.84524822235107,"Unknown"
"7014857",371856,2025-06-11 14:09:58,43.3593978881836,-8.84511756896973,"Unknown"
"7014857",371856,2025-06-11 14:14:58,43.3593063354492,-8.84532165527344,"Unknown"
"7014857",371856,2025-06-11 14:19:59,43.3594284057617,-8.84518718719482,"Unknown"
"7014857",371856,2025-06-11 14:24:58,43.3593978881836,-8.84520530700684,"Unknown"
"7014857",371856,2025-06-11 14:29:56,43.3593254089355,-8.84519672393799,"Unknown"
"7014857",371856,2025-06-11 14:34:57,43.3593826293945,-8.84523391723633,"Unknown"
"7014857",371856,2025-06-11 14:39:56,43.3593978881836,-8.84518241882324,"Unknown"
"7014857",371856,2025-06-11 14:44:57,43.359432220459,-8.84491920471191,"Unknown"
"7014857",371856,2025-06-11 14:49:56,43.3592262268066,-8.84525203704834,"Unknown"
"7014857",371856,2025-06-11 14:54:57,43.3593711853027,-8.84517765045166,"Unknown"
"7014857",371856,2025-06-11 14:59:58,43.3644981384277,-8.85556030273438,"Unknown"
"7014857",371856,2025-06-11 15:04:56,43.3774566650391,-8.89468002319336,"Unknown"
"7014857",371856,2025-06-11 15:09:58,43.3789863586426,-8.93459320068359,"Unknown"
"7014857",371856,2025-06-11 15:14:57,43.3844261169434,-8.97029113769531,"Unknown"
"7014857",371856,2025-06-11 15:19:58,43.3871612548828,-8.96604633331299,"Unknown"
"7014857",371856,2025-06-11 15:24:57,43.3899459838867,-8.96205234527588,"Unknown"
"7014857",371856,2025-06-11 15:29:58,43.3907241821289,-8.95918750762939,"Unknown"
"7014857",371856,2025-06-11 15:34:58,43.3954162597656,-8.95427894592285,"Unknown"
"7014857",371856,2025-06-11 15:39:58,43.3980026245117,-8.95021152496338,"Unknown"
"7014857",371856,2025-06-11 15:44:57,43.4006309509277,-8.9463357925415,"Unknown"
"7014857",371856,2025-06-11 15:49:59,43.3934364318848,-8.93242454528809,"Unknown"
"7014857",371856,2025-06-11 15:54:59,43.3825645446777,-8.88925075531006,"Unknown"
"7014857",371856,2025-06-11 16:00:00,43.370288848877,-8.85294151306152,"Unknown"
"7014857",371856,2025-06-11 16:05:00,43.3594207763672,-8.84530925750732,"Unknown"
"7014857",371856,2025-06-11 16:10:01,43.3593254089355,-8.84522724151611,"Unknown"
"7014857",371856,2025-06-11 16:14:58,43.3594589233398,-8.84515762329102,"Unknown"
"7014857",371856,2025-06-11 16:20:11,43.3592948913574,-8.84521675109863,"Unknown"
"7014857",371856,2025-06-11 16:24:57,43.3592071533203,-8.84514427185059,"Unknown"
"7014857",371856,2025-06-11 16:29:58,43.3593597412109,-8.84518527984619,"Unknown"
"7014857",371856,2025-06-11 16:34:58,43.3595390319824,-8.84546947479248,"Unknown"
"7014857",371856,2025-06-11 16:39:57,43.3599014282227,-8.84560966491699,"Unknown"
"7014857",371856,2025-06-11 16:44:59,43.3589172363281,-8.84482288360596,"Unknown"
"7014857",371856,2025-06-11 16:50:14,43.3593597412109,-8.84518146514893,"Unknown"
"7014857",371856,2025-06-11 16:55:11,43.3593444824219,-8.84521102905273,"Unknown"
"7014857",371856,2025-06-11 17:00:00,43.3593330383301,-8.84520530700684,"Unknown"
"7014857",371856,2025-06-11 17:05:01,43.3593635559082,-8.84505176544189,"Unknown"
"7014857",371856,2025-06-11 17:10:03,43.3592567443848,-8.84492588043213,"Unknown"
"7014857",371856,2025-06-11 17:15:04,43.3593101501465,-8.84510612487793,"Unknown"
"7014857",371856,2025-06-11 17:20:06,43.3593101501465,-8.8452262878418,"Unknown"
"7014857",371856,2025-06-11 17:25:06,43.3594627380371,-8.8451099395752,"Unknown"
"7014857",371856,2025-06-11 17:30:06,43.3599472045898,-8.84548473358154,"Unknown"
"7014857",371856,2025-06-11 17:35:09,43.3594741821289,-8.8452320098877,"Unknown"
"7014857",371856,2025-06-11 17:40:28,43.3597679138184,-8.84550094604492,"Unknown"
"7014857",371856,2025-06-11 17:45:03,43.3806533813477,-8.85029411315918,"Unknown"
"7014857",371856,2025-06-11 17:49:59,43.4261894226074,-8.82266616821289,"Unknown"
"7014857",371856,2025-06-11 17:55:06,43.4477272033691,-8.77996921539307,"Unknown"
"7014857",371856,2025-06-11 18:00:01,43.4546241760254,-8.74201011657715,"Unknown"
"7014857",371856,2025-06-11 18:05:01,43.449779510498,-8.72271156311035,"Unknown"
"7014857",371856,2025-06-11 18:10:06,43.4473152160645,-8.70900726318359,"Unknown"
"7014857",371856,2025-06-11 18:15:06,43.4447288513184,-8.69493103027344,"Unknown"
"7014857",371856,2025-06-11 18:19:59,43.4391784667969,-8.70640754699707,"Unknown"
"7014857",371856,2025-06-11 18:25:06,43.4340324401855,-8.67135906219482,"Unknown"
"7014857",371856,2025-06-11 18:35:13,43.4215393066406,-8.73466205596924,"Unknown"
"7014857",371856,2025-06-11 18:40:07,43.4143028259277,-8.76226043701172,"Unknown"
"7014857",371856,2025-06-11 18:45:07,43.3998489379883,-8.78977966308594,"Unknown"
"7014857",371856,2025-06-11 18:50:14,43.3904876708984,-8.8073205947876,"Unknown"
"7014857",371856,2025-06-11 18:55:01,43.3842620849609,-8.81333637237549,"Unknown"
"7014857",371856,2025-06-11 19:00:00,43.3678283691406,-8.83254528045654,"Unknown"
"7014857",371856,2025-06-11 19:05:06,43.3595733642578,-8.84513664245605,"Unknown"
"7014857",371856,2025-06-11 19:10:00,43.3594703674316,-8.84513759613037,"Unknown"
"7014857",371856,2025-06-11 19:14:59,43.3595352172852,-8.84520816802979,"Unknown"
"7014857",371856,2025-06-11 19:20:00,43.3593826293945,-8.84513568878174,"Unknown"
"7014857",371856,2025-06-11 19:25:02,43.3594970703125,-8.84521961212158,"Unknown"
"7014857",371856,2025-06-11 19:29:59,43.3595428466797,-8.84528160095215,"Unknown"
"7014857",371856,2025-06-11 19:35:00,43.3602256774902,-8.84595203399658,"Unknown"
"7014857",371856,2025-06-11 19:40:08,43.359806060791,-8.84610462188721,"Unknown"
"7014857",371856,2025-06-11 19:45:13,43.3594512939453,-8.84520530700684,"Unknown"
"7014857",371856,2025-06-11 19:50:02,43.3595352172852,-8.84532928466797,"Unknown"
"7014857",371856,2025-06-11 19:55:03,43.3595352172852,-8.84524250030518,"Unknown"
"7014857",371856,2025-06-11 20:00:00,43.3599090576172,-8.84524631500244,"Unknown"
"7014857",371856,2025-06-11 20:05:07,43.3596458435059,-8.84498119354248,"Unknown"
"7014857",371856,2025-06-11 20:10:02,43.3600387573242,-8.84538269042969,"Unknown"
"7014857",371856,2025-06-11 20:15:14,43.3592567443848,-8.84508895874023,"Unknown"
"7014857",371856,2025-06-11 20:19:59,43.3595237731934,-8.84473896026611,"Unknown"
"7014857",371856,2025-06-11 20:25:00,43.3595886230469,-8.84509944915771,"Unknown"
"7014857",371856,2025-06-11 20:30:08,43.3593101501465,-8.84499645233154,"Unknown"
"7014857",371856,2025-06-11 20:35:02,43.3594360351562,-8.84513664245605,"Unknown"
"7014857",371856,2025-06-11 20:40:24,43.3587188720703,-8.84512901306152,"Unknown"
"7014857",371856,2025-06-11 20:45:00,43.3593711853027,-8.84513664245605,"Unknown"
"7014857",371856,2025-06-11 20:50:07,43.3594093322754,-8.8449821472168,"Unknown"
"7014857",371856,2025-06-11 20:55:14,43.359302520752,-8.84498596191406,"Unknown"
"7014857",371856,2025-06-11 21:00:08,43.3594779968262,-8.84495735168457,"Unknown"
"7014857",371856,2025-06-11 21:02:24,43.359375,-8.84507846832275,"Unknown"
"7014857",371856,2025-06-12 02:02:36,43.359375,-8.84511470794678,"Unknown"
"7014857",371856,2025-06-12 02:34:24,43.3593597412109,-8.8451623916626,"Unknown"
"7014857",371856,2025-06-12 02:39:16,43.3593254089355,-8.84517192840576,"Unknown"
"7014857",371856,2025-06-12 02:44:24,43.3593597412109,-8.84515476226807,"Unknown"
"7014857",371856,2025-06-12 02:49:16,43.3593559265137,-8.8452091217041,"Unknown"
"7014857",371856,2025-06-12 02:54:28,43.3593902587891,-8.84517383575439,"Unknown"
"7014857",371856,2025-06-12 02:59:21,43.3593406677246,-8.84512710571289,"Unknown"
"7014857",371856,2025-06-12 03:04:44,43.3593215942383,-8.8451566696167,"Unknown"
"7014857",371856,2025-06-12 03:09:16,43.359203338623,-8.84500885009766,"Unknown"
"7014857",371856,2025-06-12 03:14:16,43.3592147827148,-8.84501457214355,"Unknown"
"7014857",371856,2025-06-12 03:19:16,43.3665390014648,-8.82852077484131,"Unknown"
"7014857",371856,2025-06-12 03:24:16,43.3700675964355,-8.786545753479,"Unknown"
"7014857",371856,2025-06-12 03:29:16,43.3643226623535,-8.79742240905762,"Unknown"
"7014857",371856,2025-06-12 03:34:16,43.3640518188477,-8.82954025268555,"Unknown"
"7014857",371856,2025-06-12 03:39:18,43.3592071533203,-8.84501647949219,"Unknown"
"7014857",371856,2025-06-12 03:44:17,43.3594589233398,-8.84532356262207,"Unknown"
"7014857",371856,2025-06-12 03:49:44,43.359302520752,-8.84501361846924,"Unknown"
"7014857",371856,2025-06-12 03:54:19,43.3593368530273,-8.84503650665283,"Unknown"
"7014857",371856,2025-06-12 03:59:21,43.3593826293945,-8.84507942199707,"Unknown"
"7014857",371856,2025-06-12 04:04:16,43.3591613769531,-8.84496784210205,"Unknown"
"7014857",371856,2025-06-12 04:09:16,43.3590927124023,-8.84479904174805,"Unknown"
"7014857",371856,2025-06-12 04:14:16,43.3412017822266,-8.84471702575684,"Unknown"
"7014857",371856,2025-06-12 04:19:17,43.3209991455078,-8.84461688995361,"Unknown"
"7014857",371856,2025-06-12 04:24:16,43.3002128601074,-8.85475921630859,"Unknown"
"7014857",371856,2025-06-12 04:29:18,43.2784194946289,-8.85199165344238,"Unknown"
"7014857",371856,2025-06-12 04:34:19,43.2761650085449,-8.85204792022705,"Unknown"
"7014857",371856,2025-06-12 04:39:43,43.2762832641602,-8.85233783721924,"Unknown"
"7014857",371856,2025-06-12 04:44:36,43.2762031555176,-8.85223960876465,"Unknown"
"7014857",371856,2025-06-12 04:49:29,43.3024444580078,-8.85951900482178,"Unknown"
"7014857",371856,2025-06-12 04:54:40,43.3429641723633,-8.85422801971436,"Unknown"
"7014857",371856,2025-06-12 04:59:30,43.359016418457,-8.84513854980469,"Unknown"
"7014857",371856,2025-06-12 05:04:45,43.3589973449707,-8.84516429901123,"Unknown"
"7014857",371856,2025-06-12 05:09:19,43.3587608337402,-8.84541034698486,"Unknown"
"7014857",371856,2025-06-12 05:14:19,43.358757019043,-8.84540462493896,"Unknown"
"7014857",371856,2025-06-12 05:19:19,43.3587379455566,-8.84542369842529,"Unknown"
"7014857",371856,2025-06-12 05:24:17,43.3592529296875,-8.84495258331299,"Unknown"
"7014857",371856,2025-06-12 05:29:18,43.3593902587891,-8.84649753570557,"Unknown"
"7014857",371856,2025-06-12 05:34:18,43.359447479248,-8.84724140167236,"Unknown"
"7014857",371856,2025-06-12 05:39:18,43.3592567443848,-8.84577560424805,"Unknown"
"7014857",371856,2025-06-12 05:44:20,43.3593406677246,-8.84541034698486,"Unknown"
"7014857",371856,2025-06-12 05:49:35,43.3594398498535,-8.8455753326416,"Unknown"
"7014857",371856,2025-06-12 05:59:44,43.3084526062012,-8.85072612762451,"Unknown"
"7014857",371856,2025-06-12 06:04:25,43.2848281860352,-8.85439491271973,"Unknown"
"7014857",371856,2025-06-12 06:09:38,43.2845840454102,-8.85406875610352,"Unknown"
"7014857",371856,2025-06-12 06:14:33,43.2843208312988,-8.85443687438965,"Unknown"
"7014857",371856,2025-06-12 06:19:53,43.2841720581055,-8.85441589355469,"Unknown"
"7014857",371856,2025-06-12 06:24:23,43.2841796875,-8.85436725616455,"Unknown"
"7014857",371856,2025-06-12 06:29:38,43.2843208312988,-8.85444355010986,"Unknown"
"7014857",371856,2025-06-12 06:34:30,43.2841606140137,-8.85436248779297,"Unknown"
"7014857",371856,2025-06-12 06:39:28,43.2843017578125,-8.85440540313721,"Unknown"
"7014857",371856,2025-06-12 06:44:31,43.2842864990234,-8.85416412353516,"Unknown"
"7014857",371856,2025-06-12 06:50:12,43.2842674255371,-8.85429573059082,"Unknown"
"7014857",371856,2025-06-12 06:54:30,43.2843055725098,-8.85419750213623,"Unknown"
"7014857",371856,2025-06-12 06:59:25,43.3142929077148,-8.8565559387207,"Unknown"
"7014857",371856,2025-06-12 07:04:29,43.3143463134766,-8.85662364959717,"Unknown"
"7014857",371856,2025-06-12 07:09:33,43.328010559082,-8.85515022277832,"Unknown"
"7014857",371856,2025-06-12 07:14:24,43.3592834472656,-8.84494495391846,"Unknown"
"7014857",371856,2025-06-12 07:19:53,43.359302520752,-8.8450756072998,"Unknown"
"7014857",371856,2025-06-12 07:24:16,43.3594398498535,-8.84514713287354,"Unknown"
"7014857",371856,2025-06-12 07:29:16,43.3592796325684,-8.84487915039062,"Unknown"
"7014857",371856,2025-06-12 07:34:22,43.3594779968262,-8.8449010848999,"Unknown"
"7014857",371856,2025-06-12 07:39:20,43.3595504760742,-8.84525108337402,"Unknown"
"7014857",371856,2025-06-12 07:44:24,43.3595809936523,-8.84451198577881,"Unknown"
"7014857",371856,2025-06-12 07:49:53,43.3593063354492,-8.84518432617188,"Unknown"
"7014857",371856,2025-06-12 07:54:17,43.3593597412109,-8.84525394439697,"Unknown"
"7014857",371856,2025-06-12 07:59:16,43.3593597412109,-8.8451509475708,"Unknown"
"7014857",371856,2025-06-12 08:04:16,43.359260559082,-8.84519100189209,"Unknown"
"7014857",371856,2025-06-12 08:09:16,43.3593368530273,-8.84518814086914,"Unknown"
"7014857",371856,2025-06-12 08:14:16,43.3593292236328,-8.8451566696167,"Unknown"
"7014857",371856,2025-06-12 08:19:16,43.3592948913574,-8.8452730178833,"Unknown"
"7014857",371856,2025-06-12 08:24:16,43.3592872619629,-8.84517765045166,"Unknown"
"7014857",371856,2025-06-12 08:29:18,43.3593139648438,-8.84519958496094,"Unknown"
"7014857",371856,2025-06-12 08:34:16,43.359302520752,-8.84517383575439,"Unknown"
"7014857",371856,2025-06-12 08:39:17,43.3592758178711,-8.84519195556641,"Unknown"
"7014857",371856,2025-06-12 08:44:16,43.3593368530273,-8.8451509475708,"Unknown"
"7014857",371856,2025-06-12 08:49:17,43.3593406677246,-8.84518527984619,"Unknown"
"7014857",371856,2025-06-12 08:54:17,43.3593559265137,-8.84533786773682,"Unknown"
"7014857",371856,2025-06-12 08:59:17,43.3595237731934,-8.84511852264404,"Unknown"
"7014857",371856,2025-06-12 09:04:17,43.3593101501465,-8.84516525268555,"Unknown"
"7014857",371856,2025-06-12 09:09:17,43.3593101501465,-8.84511375427246,"Unknown"
"7014857",371856,2025-06-12 09:14:16,43.359317779541,-8.84516334533691,"Unknown"
"7014857",371856,2025-06-12 09:19:17,43.3591728210449,-8.84519481658936,"Unknown"
"7014857",371856,2025-06-12 09:24:17,43.3593559265137,-8.84531211853027,"Unknown"
"7014857",371856,2025-06-12 09:29:18,43.3592185974121,-8.8452844619751,"Unknown"
"7014857",371856,2025-06-12 09:34:18,43.3593292236328,-8.845139503479,"Unknown"
"7014857",371856,2025-06-12 09:39:17,43.3592796325684,-8.84511375427246,"Unknown"
"7014857",371856,2025-06-12 09:44:17,43.3593521118164,-8.8452262878418,"Unknown"
"7014857",371856,2025-06-12 09:49:18,43.3593406677246,-8.84524345397949,"Unknown"
"7014857",371856,2025-06-12 09:54:16,43.3593597412109,-8.84522914886475,"Unknown"
"7014857",371856,2025-06-12 09:59:18,43.3592758178711,-8.84516525268555,"Unknown"
"7014857",371856,2025-06-12 10:04:18,43.359260559082,-8.84515571594238,"Unknown"
"7014857",371856,2025-06-12 10:09:40,43.359302520752,-8.84521484375,"Unknown"
"7014857",371856,2025-06-12 10:14:17,43.3594055175781,-8.84534358978271,"Unknown"
"7014857",371856,2025-06-12 10:19:19,43.3593292236328,-8.84510231018066,"Unknown"
"7014857",371856,2025-06-12 10:24:17,43.3594245910645,-8.84521770477295,"Unknown"
"7014857",371856,2025-06-12 10:29:17,43.3591995239258,-8.84505271911621,"Unknown"
"7014857",371856,2025-06-12 10:34:17,43.359260559082,-8.84518527984619,"Unknown"
"7014857",371856,2025-06-12 10:39:17,43.3592720031738,-8.84521389007568,"Unknown"
"7014857",371856,2025-06-12 10:44:18,43.3591117858887,-8.84512329101562,"Unknown"
"7014857",371856,2025-06-12 10:49:19,43.3593368530273,-8.84598827362061,"Unknown"
"7014857",371856,2025-06-12 10:54:21,43.359317779541,-8.84603214263916,"Unknown"
"7014857",371856,2025-06-12 10:59:22,43.3593101501465,-8.84512996673584,"Unknown"
"7014857",371856,2025-06-12 11:04:31,43.3593254089355,-8.84530162811279,"Unknown"
"7014857",371856,2025-06-12 11:09:23,43.3593292236328,-8.84611797332764,"Unknown"
"7014857",371856,2025-06-12 11:14:44,43.3593215942383,-8.84520721435547,"Unknown"
"7014857",371856,2025-06-12 11:19:18,43.3592987060547,-8.84519195556641,"Unknown"
"7014857",371856,2025-06-12 11:24:18,43.3593139648438,-8.8451509475708,"Unknown"
"7014857",371856,2025-06-12 11:29:18,43.3593368530273,-8.84514904022217,"Unknown"
"7014857",371856,2025-06-12 11:34:18,43.3594703674316,-8.8448486328125,"Unknown"
"7014857",371856,2025-06-12 11:39:21,43.3595161437988,-8.84512615203857,"Unknown"
"7014857",371856,2025-06-12 11:44:19,43.3588829040527,-8.85047912597656,"Unknown"
"7014857",371856,2025-06-12 11:50:02,43.3899879455566,-8.87332725524902,"Unknown"
"7014857",371856,2025-06-12 11:54:18,43.4232215881348,-8.88281726837158,"Unknown"
"7014857",371856,2025-06-12 11:59:18,43.4423866271973,-8.87184619903564,"Unknown"
"7014857",371856,2025-06-12 12:04:45,43.439525604248,-8.86430358886719,"Unknown"
"7014857",371856,2025-06-12 12:10:42,43.412971496582,-8.8538236618042,"Unknown"
"7014857",371856,2025-06-12 12:15:14,43.3920555114746,-8.84522247314453,"Unknown"
"7014857",371856,2025-06-12 12:19:18,43.3748207092285,-8.83750629425049,"Unknown"
"7014857",371856,2025-06-12 12:25:23,43.3592872619629,-8.84523105621338,"Unknown"
"7014857",371856,2025-06-12 12:29:21,43.3594551086426,-8.84518241882324,"Unknown"
"7014857",371856,2025-06-12 12:34:17,43.3593673706055,-8.84525299072266,"Unknown"
"7014857",371856,2025-06-12 12:39:17,43.3592376708984,-8.84524631500244,"Unknown"
"7014857",371856,2025-06-12 12:44:17,43.3593444824219,-8.84523296356201,"Unknown"
"7014857",371856,2025-06-12 12:49:17,43.3595008850098,-8.84521770477295,"Unknown"
"7014857",371856,2025-06-12 12:54:44,43.3593559265137,-8.84512233734131,"Unknown"
"7014857",371856,2025-06-12 12:59:17,43.3593063354492,-8.84510898590088,"Unknown"
"7014857",371856,2025-06-12 13:04:18,43.3595848083496,-8.84511470794678,"Unknown"
"7014857",371856,2025-06-12 13:09:17,43.3594245910645,-8.84513378143311,"Unknown"
"7014857",371856,2025-06-12 13:14:18,43.3592414855957,-8.84511470794678,"Unknown"
"7014857",371856,2025-06-12 13:19:18,43.3595733642578,-8.84517669677734,"Unknown"
"7014857",371856,2025-06-12 13:24:18,43.3592414855957,-8.84510040283203,"Unknown"
"7014857",371856,2025-06-12 13:29:18,43.3591804504395,-8.84512424468994,"Unknown"
"7014857",371856,2025-06-12 13:34:19,43.3591613769531,-8.84513759613037,"Unknown"
"7014857",371856,2025-06-12 13:39:18,43.3591232299805,-8.84512996673584,"Unknown"
"7014857",371856,2025-06-12 13:44:18,43.3591194152832,-8.84513378143311,"Unknown"
"7014857",371856,2025-06-12 13:49:44,43.3592948913574,-8.84515380859375,"Unknown"
"7014857",371856,2025-06-12 13:54:18,43.3592681884766,-8.845139503479,"Unknown"
"7014857",371856,2025-06-12 13:59:18,43.359317779541,-8.84517955780029,"Unknown"
"7014857",371856,2025-06-12 14:04:18,43.3592338562012,-8.8452320098877,"Unknown"
"7014857",371856,2025-06-12 14:09:18,43.3597717285156,-8.8449239730835,"Unknown"
"7014857",371856,2025-06-12 14:14:44,43.3593368530273,-8.84520053863525,"Unknown"
"7014857",371856,2025-06-12 14:19:18,43.3592948913574,-8.84514427185059,"Unknown"
"7014857",371856,2025-06-12 14:24:17,43.3592643737793,-8.8451681137085,"Unknown"
"7014857",371856,2025-06-12 14:29:18,43.359245300293,-8.84514427185059,"Unknown"
"7014857",371856,2025-06-12 14:34:18,43.3592720031738,-8.8452844619751,"Unknown"
"7014857",371856,2025-06-12 14:39:17,43.3592872619629,-8.84519672393799,"Unknown"
"7014857",371856,2025-06-12 14:44:18,43.3593254089355,-8.84500503540039,"Unknown"
"7014857",371856,2025-06-12 14:49:17,43.3593063354492,-8.84517002105713,"Unknown"
"7014857",371856,2025-06-12 14:54:19,43.3592720031738,-8.84515190124512,"Unknown"
"7014857",371856,2025-06-12 14:59:17,43.3593597412109,-8.84520149230957,"Unknown"
"7014857",371856,2025-06-12 15:04:31,43.359302520752,-8.84514141082764,"Unknown"
"7014857",371856,2025-06-12 15:09:17,43.359260559082,-8.84506416320801,"Unknown"
"7014857",371856,2025-06-12 15:14:17,43.3592681884766,-8.84507369995117,"Unknown"
"7014857",371856,2025-06-12 15:19:32,43.3592720031738,-8.8452320098877,"Unknown"
"7014857",371856,2025-06-12 15:24:32,43.3593101501465,-8.84518146514893,"Unknown"
"7014857",371856,2025-06-12 15:29:59,43.3593635559082,-8.84522914886475,"Unknown"
"7014857",371856,2025-06-12 15:34:17,43.3593597412109,-8.84523963928223,"Unknown"
"7014857",371856,2025-06-12 15:39:17,43.359317779541,-8.84524154663086,"Unknown"
"7014857",371856,2025-06-12 15:44:17,43.3592834472656,-8.84525775909424,"Unknown"
"7014857",371856,2025-06-12 15:49:18,43.3592720031738,-8.845139503479,"Unknown"
"7014857",371856,2025-06-12 15:54:17,43.3593902587891,-8.84530925750732,"Unknown"
"7014857",371856,2025-06-12 15:59:17,43.3592681884766,-8.8451099395752,"Unknown"
"7014857",371856,2025-06-12 16:04:34,43.3593406677246,-8.84519672393799,"Unknown"
"7014857",371856,2025-06-12 16:09:31,43.3594017028809,-8.84523105621338,"Unknown"
"7014857",371856,2025-06-12 16:14:31,43.3593788146973,-8.84520816802979,"Unknown"
"7014857",371856,2025-06-12 16:19:33,43.359375,-8.84517955780029,"Unknown"
"7014857",371856,2025-06-12 16:24:44,43.359317779541,-8.84510898590088,"Unknown"
"7014857",371856,2025-06-12 16:29:22,43.3593902587891,-8.84519386291504,"Unknown"
"7014857",371856,2025-06-12 16:34:30,43.3592796325684,-8.84510326385498,"Unknown"
"7014857",371856,2025-06-12 16:39:30,43.359375,-8.84517478942871,"Unknown"
"7014857",371856,2025-06-12 16:44:30,43.359375,-8.84530830383301,"Unknown"
"7014857",371856,2025-06-12 16:49:45,43.3593254089355,-8.84518146514893,"Unknown"
"7014857",371856,2025-06-12 16:54:19,43.359260559082,-8.84502410888672,"Unknown"
"7014857",371856,2025-06-12 16:59:22,43.359317779541,-8.84506225585938,"Unknown"
"7014857",371856,2025-06-12 17:04:24,43.3592910766602,-8.84502220153809,"Unknown"
"7014857",371856,2025-06-12 17:09:23,43.3594932556152,-8.84499645233154,"Unknown"
"7014857",371856,2025-06-12 17:14:25,43.3592376708984,-8.84512329101562,"Unknown"
"7014857",371856,2025-06-12 17:19:29,43.3591766357422,-8.84507083892822,"Unknown"
"7014857",371856,2025-06-12 17:24:27,43.359619140625,-8.84500312805176,"Unknown"
"7014857",371856,2025-06-12 17:29:51,43.359504699707,-8.84492492675781,"Unknown"
"7014857",371856,2025-06-12 17:34:31,43.359489440918,-8.84494209289551,"Unknown"
"7014857",371856,2025-06-12 17:39:59,43.3593978881836,-8.8450403213501,"Unknown"
"7014857",371856,2025-06-12 17:44:30,43.3594169616699,-8.84538459777832,"Unknown"
"7014857",371856,2025-06-12 17:49:25,43.3580360412598,-8.84510040283203,"Unknown"
"7014857",371856,2025-06-12 17:54:33,43.3592987060547,-8.8450984954834,"Unknown"
"7014857",371856,2025-06-12 17:59:25,43.359447479248,-8.8451976776123,"Unknown"
"7014857",371856,2025-06-12 18:04:28,43.3594512939453,-8.84530067443848,"Unknown"
"7014857",371856,2025-06-12 18:09:28,43.3594207763672,-8.84531593322754,"Unknown"
"7014857",371856,2025-06-12 18:14:44,43.3593521118164,-8.8449878692627,"Unknown"
"7014857",371856,2025-06-12 18:19:22,43.3591537475586,-8.84500980377197,"Unknown"
"7014857",371856,2025-06-12 18:24:30,43.3593139648438,-8.84491729736328,"Unknown"
"7014857",371856,2025-06-12 18:29:33,43.3593902587891,-8.84517002105713,"Unknown"
"7014857",371856,2025-06-12 18:34:27,43.3594932556152,-8.84531688690186,"Unknown"
"7014857",371856,2025-06-12 18:39:28,43.3594703674316,-8.84523296356201,"Unknown"
"7014857",371856,2025-06-12 18:44:53,43.3594207763672,-8.84520053863525,"Unknown"
"7014857",371856,2025-06-12 18:49:20,43.3594131469727,-8.84526920318604,"Unknown"
"7014857",371856,2025-06-12 18:54:21,43.3594055175781,-8.84523773193359,"Unknown"
"7014857",371856,2025-06-12 18:59:27,43.3593940734863,-8.84527587890625,"Unknown"
"7014857",371856,2025-06-12 19:04:20,43.3594360351562,-8.84527111053467,"Unknown"
"7014857",371856,2025-06-12 19:09:20,43.3593902587891,-8.84522724151611,"Unknown"
"7014857",371856,2025-06-12 19:14:21,43.3594512939453,-8.84526443481445,"Unknown"
"7014857",371856,2025-06-12 19:19:21,43.359447479248,-8.84531211853027,"Unknown"
"7014857",371856,2025-06-12 19:24:22,43.3595771789551,-8.84537410736084,"Unknown"
"7014857",371856,2025-06-12 19:29:22,43.3595428466797,-8.84540462493896,"Unknown"
"7014857",371856,2025-06-12 19:34:24,43.3594207763672,-8.84525108337402,"Unknown"
"7014857",371856,2025-06-12 19:39:24,43.3593292236328,-8.84514045715332,"Unknown"
"7014857",371856,2025-06-12 19:44:20,43.3594551086426,-8.84531116485596,"Unknown"
"7014857",371856,2025-06-12 19:49:21,43.3592948913574,-8.84509372711182,"Unknown"
"7014857",371856,2025-06-12 19:54:24,43.359375,-8.84529113769531,"Unknown"
"7014857",371856,2025-06-12 19:59:31,43.3593444824219,-8.84524440765381,"Unknown"
"7014857",371856,2025-06-12 20:04:44,43.3593826293945,-8.84505748748779,"Unknown"
"7014857",371856,2025-06-12 20:09:24,43.3593292236328,-8.84509181976318,"Unknown"
"7014857",371856,2025-06-12 20:14:31,43.3593635559082,-8.84522342681885,"Unknown"
"7014857",371856,2025-06-12 20:19:21,43.3592681884766,-8.84492111206055,"Unknown"
"7014857",371856,2025-06-12 20:24:30,43.3593788146973,-8.84521389007568,"Unknown"
"7014857",371856,2025-06-12 20:29:44,43.3593673706055,-8.84522151947021,"Unknown"
"7014857",371856,2025-06-12 20:34:27,43.3593864440918,-8.845290184021,"Unknown"
"7014857",371856,2025-06-12 20:39:22,43.3594741821289,-8.84548950195312,"Unknown"
"7014857",371856,2025-06-12 20:44:21,43.3595199584961,-8.84576988220215,"Unknown"
"7014857",371856,2025-06-12 20:49:44,43.3511581420898,-8.86136054992676,"Unknown"
"7014857",371856,2025-06-12 20:54:25,43.3565254211426,-8.84884262084961,"Unknown"
"7014857",371856,2025-06-12 20:59:31,43.3594131469727,-8.8455171585083,"Unknown"
"7014857",371856,2025-06-12 21:02:53,43.3593444824219,-8.84540939331055,"Unknown"
"7014857",371856,2025-06-13 02:03:23,43.3594169616699,-8.845139503479,"Unknown"
"7014857",371856,2025-06-13 02:33:54,43.3592224121094,-8.84513187408447,"Unknown"
"7014857",371856,2025-06-13 02:38:57,43.3594055175781,-8.84521293640137,"Unknown"
"7014857",371856,2025-06-13 02:43:54,43.3595085144043,-8.84526252746582,"Unknown"
"7014857",371856,2025-06-13 02:49:14,43.3593788146973,-8.84519958496094,"Unknown"
"7014857",371856,2025-06-13 02:53:55,43.3593063354492,-8.84506893157959,"Unknown"
"7014857",371856,2025-06-13 02:58:52,43.3594207763672,-8.84514713287354,"Unknown"
"7014857",371856,2025-06-13 03:04:00,43.3594284057617,-8.84517860412598,"Unknown"
"7014857",371856,2025-06-13 03:08:55,43.3593940734863,-8.84515762329102,"Unknown"
"7014857",371856,2025-06-13 03:14:00,43.3594284057617,-8.84518527984619,"Unknown"
"7014857",371856,2025-06-13 03:18:54,43.3594131469727,-8.84518623352051,"Unknown"
"7014857",371856,2025-06-13 03:24:00,43.3596076965332,-8.84520149230957,"Unknown"
"7014857",371856,2025-06-13 03:29:00,43.3593940734863,-8.84521770477295,"Unknown"
"7014857",371856,2025-06-13 03:33:51,43.3595123291016,-8.84527015686035,"Unknown"
"7014857",371856,2025-06-13 03:39:01,43.3594970703125,-8.84523868560791,"Unknown"
"7014857",371856,2025-06-13 03:44:14,43.3594131469727,-8.84519481658936,"Unknown"
"7014857",371856,2025-06-13 03:48:50,43.3592338562012,-8.84505653381348,"Unknown"
"7014857",371856,2025-06-13 03:53:51,43.3593826293945,-8.84510517120361,"Unknown"
"7014857",371856,2025-06-13 03:58:51,43.3593673706055,-8.84508037567139,"Unknown"
"7014857",371856,2025-06-13 04:03:50,43.359302520752,-8.84513092041016,"Unknown"
"7014857",371856,2025-06-13 04:09:16,43.3595275878906,-8.84504318237305,"Unknown"
"7014857",371856,2025-06-13 04:13:57,43.3595428466797,-8.84504985809326,"Unknown"
"7014857",371856,2025-06-13 04:18:57,43.3595962524414,-8.84527683258057,"Unknown"
"7014857",371856,2025-06-13 04:23:57,43.3595161437988,-8.84513473510742,"Unknown"
"7014857",371856,2025-06-13 04:28:52,43.3595085144043,-8.84521865844727,"Unknown"
"7014857",371856,2025-06-13 04:33:50,43.3595161437988,-8.84535121917725,"Unknown"
"7014857",371856,2025-06-13 04:38:52,43.3596496582031,-8.84535884857178,"Unknown"
"7014857",371856,2025-06-13 04:44:01,43.3595809936523,-8.84504508972168,"Unknown"
"7014857",371856,2025-06-13 04:49:14,43.3594436645508,-8.84515380859375,"Unknown"
"7014857",371856,2025-06-13 04:53:57,43.3594741821289,-8.84531784057617,"Unknown"
"7014857",371856,2025-06-13 04:59:00,43.3600425720215,-8.84572219848633,"Unknown"
"7014857",371856,2025-06-13 05:03:55,43.3594017028809,-8.84531593322754,"Unknown"
"7014857",371856,2025-06-13 05:09:17,43.3598976135254,-8.84559631347656,"Unknown"
"7014857",371856,2025-06-13 05:13:58,43.345329284668,-8.85676383972168,"Unknown"
"7014857",371856,2025-06-13 05:18:58,43.3137512207031,-8.85764122009277,"Unknown"
"7014857",371856,2025-06-13 05:24:14,43.2842826843262,-8.85455703735352,"Unknown"
"7014857",371856,2025-06-13 05:30:14,43.2842559814453,-8.85456657409668,"Unknown"
"7014857",371856,2025-06-13 05:34:58,43.2842483520508,-8.85423564910889,"Unknown"
"7014857",371856,2025-06-13 05:38:56,43.2841873168945,-8.8549633026123,"Unknown"
"7014857",371856,2025-06-13 05:44:19,43.2842597961426,-8.85450267791748,"Unknown"
"7014857",371856,2025-06-13 05:54:44,43.2843246459961,-8.85430526733398,"Unknown"
"7014857",371856,2025-06-13 05:58:57,43.2843170166016,-8.8543176651001,"Unknown"
"7014857",371856,2025-06-13 06:04:00,43.2843704223633,-8.85421276092529,"Unknown"
"7014857",371856,2025-06-13 06:09:14,43.2842559814453,-8.85433006286621,"Unknown"
"7014857",371856,2025-06-13 06:13:51,43.3066711425781,-8.85823822021484,"Unknown"
"7014857",371856,2025-06-13 06:19:16,43.3141098022461,-8.85723209381104,"Unknown"
"7014857",371856,2025-06-13 06:23:52,43.3238143920898,-8.85647869110107,"Unknown"
"7014857",371856,2025-06-13 06:28:53,43.3548049926758,-8.85020446777344,"Unknown"
"7014857",371856,2025-06-13 06:34:09,43.3599128723145,-8.847487449646,"Unknown"
"7014857",371856,2025-06-13 06:39:02,43.3602333068848,-8.84660911560059,"Unknown"
"7014857",371856,2025-06-13 06:44:00,43.3593292236328,-8.84566020965576,"Unknown"
"7014857",371856,2025-06-13 06:49:15,43.3592262268066,-8.84522342681885,"Unknown"
"7014857",371856,2025-06-13 06:53:51,43.3592414855957,-8.84523582458496,"Unknown"
"7014857",371856,2025-06-13 06:58:51,43.3593597412109,-8.84502696990967,"Unknown"
"7014857",371856,2025-06-13 07:03:53,43.359130859375,-8.8453197479248,"Unknown"
"7014857",371856,2025-06-13 07:08:58,43.3591117858887,-8.84504508972168,"Unknown"
"7014857",371856,2025-06-13 07:13:54,43.359245300293,-8.84524822235107,"Unknown"
"7014857",371856,2025-06-13 07:19:01,43.3592758178711,-8.84560966491699,"Unknown"
"7014857",371856,2025-06-13 07:23:54,43.359245300293,-8.84531307220459,"Unknown"
"7014857",371856,2025-06-13 07:29:22,43.3596458435059,-8.84595489501953,"Unknown"
"7014857",371856,2025-06-13 07:34:14,43.3591232299805,-8.84527969360352,"Unknown"
"7014857",371856,2025-06-13 07:38:58,43.3592643737793,-8.84514904022217,"Unknown"
"7014857",371856,2025-06-13 07:43:58,43.3592758178711,-8.84506034851074,"Unknown"
"7014857",371856,2025-06-13 07:48:50,43.3593292236328,-8.84534931182861,"Unknown"
"7014857",371856,2025-06-13 07:54:13,43.3588562011719,-8.84549331665039,"Unknown"
"7014857",371856,2025-06-13 07:59:29,43.3592414855957,-8.84514331817627,"Unknown"
"7014857",371856,2025-06-13 08:03:51,43.3594398498535,-8.84531307220459,"Unknown"
"7014857",371856,2025-06-13 08:08:53,43.359489440918,-8.84522438049316,"Unknown"
"7014857",371856,2025-06-13 08:13:51,43.3594398498535,-8.84551620483398,"Unknown"
"7014857",371856,2025-06-13 08:18:52,43.3594245910645,-8.84548568725586,"Unknown"
"7014857",371856,2025-06-13 08:23:58,43.3595161437988,-8.8453893661499,"Unknown"
"7014857",371856,2025-06-13 08:28:51,43.3593940734863,-8.84548854827881,"Unknown"
"7014857",371856,2025-06-13 08:33:53,43.3325119018555,-8.85085391998291,"Unknown"
"7014857",371856,2025-06-13 08:38:51,43.3007049560547,-8.85573673248291,"Unknown"
"7014857",371856,2025-06-13 08:43:51,43.2844276428223,-8.85465049743652,"Unknown"
"7014857",371856,2025-06-13 08:49:00,43.2847633361816,-8.85463237762451,"Unknown"
"7014857",371856,2025-06-13 08:54:00,43.2846794128418,-8.85452556610107,"Unknown"
"7014857",371856,2025-06-13 08:59:00,43.284969329834,-8.85467433929443,"Unknown"
"7014857",371856,2025-06-13 09:05:14,43.2846221923828,-8.8545618057251,"Unknown"
"7014857",371856,2025-06-13 09:09:59,43.2842903137207,-8.85453796386719,"Unknown"
"7014857",371856,2025-06-13 09:13:57,43.2843322753906,-8.85457324981689,"Unknown"
"7014857",371856,2025-06-13 09:18:58,43.2841682434082,-8.85455703735352,"Unknown"
"7014857",371856,2025-06-13 09:23:53,43.2842140197754,-8.85455513000488,"Unknown"
"7014857",371856,2025-06-13 09:28:57,43.2847900390625,-8.85452461242676,"Unknown"
"7014857",371856,2025-06-13 09:33:54,43.2849349975586,-8.85499858856201,"Unknown"
"7014857",371856,2025-06-13 09:38:52,43.2846984863281,-8.85508728027344,"Unknown"
"7014857",371856,2025-06-13 09:44:02,43.2844429016113,-8.85439205169678,"Unknown"
"7014857",371856,2025-06-13 09:48:58,43.2842903137207,-8.8546199798584,"Unknown"
"7014857",371856,2025-06-13 09:54:00,43.2843818664551,-8.85445594787598,"Unknown"
"7014857",371856,2025-06-13 09:58:54,43.2844772338867,-8.85434246063232,"Unknown"
"7014857",371856,2025-06-13 10:04:44,43.284107208252,-8.85445404052734,"Unknown"
"7014857",371856,2025-06-13 10:08:51,43.2960510253906,-8.85894775390625,"Unknown"
"7014857",371856,2025-06-13 10:13:51,43.3145065307617,-8.85740184783936,"Unknown"
"7014857",371856,2025-06-13 10:18:52,43.3144454956055,-8.85710334777832,"Unknown"
"7014857",371856,2025-06-13 10:24:03,43.3144226074219,-8.85708904266357,"Unknown"
"7014857",371856,2025-06-13 10:28:51,43.3388595581055,-8.85073852539062,"Unknown"
"7014857",371856,2025-06-13 10:33:55,43.359375,-8.84521293640137,"Unknown"
"7014857",371856,2025-06-13 10:38:51,43.3593711853027,-8.84518241882324,"Unknown"
"7014857",371856,2025-06-13 10:43:57,43.3594436645508,-8.84532928466797,"Unknown"
"7014857",371856,2025-06-13 10:48:58,43.3594665527344,-8.8453540802002,"Unknown"
"7014857",371856,2025-06-13 10:53:54,43.3594551086426,-8.84519195556641,"Unknown"
"7014857",371856,2025-06-13 10:59:04,43.359447479248,-8.84531497955322,"Unknown"
"7014857",371856,2025-06-13 11:04:04,43.3594360351562,-8.84537601470947,"Unknown"
"7014857",371856,2025-06-13 11:09:04,43.3594207763672,-8.84526824951172,"Unknown"
"7014857",371856,2025-06-13 11:14:04,43.3594856262207,-8.84543895721436,"Unknown"
"7014857",371856,2025-06-13 11:19:04,43.3594703674316,-8.84537124633789,"Unknown"
"7014857",371856,2025-06-13 11:24:04,43.3594703674316,-8.84542560577393,"Unknown"
"7014857",371856,2025-06-13 11:29:14,43.3594589233398,-8.84535789489746,"Unknown"
"7014857",371856,2025-06-13 11:33:51,43.3595199584961,-8.84530353546143,"Unknown"
"7014857",371856,2025-06-13 11:38:51,43.3594932556152,-8.84514141082764,"Unknown"
"7014857",371856,2025-06-13 11:43:55,43.3594512939453,-8.84519004821777,"Unknown"
"7014857",371856,2025-06-13 11:49:14,43.3594970703125,-8.84513187408447,"Unknown"
"7014857",371856,2025-06-13 11:53:59,43.3594818115234,-8.84516716003418,"Unknown"
"7014857",371856,2025-06-13 11:59:00,43.3594818115234,-8.84507751464844,"Unknown"
"7014857",371856,2025-06-13 12:04:15,43.3592796325684,-8.84512329101562,"Unknown"
"7014857",371856,2025-06-13 12:08:54,43.3592224121094,-8.84508419036865,"Unknown"
"7014857",371856,2025-06-13 12:13:58,43.3670234680176,-8.84883308410645,"Unknown"
"7014857",371856,2025-06-13 12:18:58,43.359489440918,-8.84509944915771,"Unknown"
"7014857",371856,2025-06-13 12:24:03,43.3594551086426,-8.84509086608887,"Unknown"
"7014857",371856,2025-06-13 12:29:14,43.3594207763672,-8.84513092041016,"Unknown"
"7014857",371856,2025-06-13 12:33:52,43.3600883483887,-8.84506988525391,"Unknown"
"7014857",371856,2025-06-13 12:38:52,43.3803024291992,-8.87469863891602,"Unknown"
"7014857",371856,2025-06-13 12:43:50,43.4053840637207,-8.89966201782227,"Unknown"
"7014857",371856,2025-06-13 12:49:53,43.4383277893066,-8.92824935913086,"Unknown"
"7014857",371856,2025-06-13 12:53:51,43.4671974182129,-8.94233322143555,"Unknown"
"7014857",371856,2025-06-13 12:58:52,43.5028953552246,-8.94159507751465,"Unknown"
"7014857",371856,2025-06-13 13:03:57,43.4998321533203,-8.92489719390869,"Unknown"
"7014857",371856,2025-06-13 13:08:53,43.4961242675781,-8.90526676177979,"Unknown"
"7014857",371856,2025-06-13 13:13:52,43.4931602478027,-8.88802623748779,"Unknown"
"7014857",371856,2025-06-13 13:18:54,43.4903755187988,-8.87005519866943,"Unknown"
"7014857",371856,2025-06-13 13:23:52,43.4876899719238,-8.85257911682129,"Unknown"
"7014857",371856,2025-06-13 13:28:53,43.4844779968262,-8.83337688446045,"Unknown"
"7014857",371856,2025-06-13 13:33:57,43.4819831848145,-8.81532287597656,"Unknown"
"7014857",371856,2025-06-13 13:38:54,43.4794845581055,-8.7971715927124,"Unknown"
"7014857",371856,2025-06-13 13:43:52,43.4770202636719,-8.77945137023926,"Unknown"
"7014857",371856,2025-06-13 13:48:53,43.4741706848145,-8.76185989379883,"Unknown"
"7014857",371856,2025-06-13 13:53:53,43.4715995788574,-8.74448680877686,"Unknown"
"7014857",371856,2025-06-13 13:58:55,43.468879699707,-8.72689628601074,"Unknown"
"7014857",371856,2025-06-13 14:03:52,43.468879699707,-8.72286415100098,"Unknown"
"7014857",371856,2025-06-13 14:08:51,43.4636917114258,-8.69278907775879,"Unknown"
"7014857",371856,2025-06-13 14:14:14,43.4612350463867,-8.67791557312012,"Unknown"
"7014857",371856,2025-06-13 14:18:51,43.4531173706055,-8.65853786468506,"Unknown"
"7014857",371856,2025-06-13 14:23:51,43.4270820617676,-8.6519250869751,"Unknown"
"7014857",371856,2025-06-13 14:28:51,43.408863067627,-8.68071842193604,"Unknown"
"7014857",371856,2025-06-13 14:33:51,43.3904151916504,-8.70486164093018,"Unknown"
"7014857",371856,2025-06-13 14:38:51,43.3880882263184,-8.71007251739502,"Unknown"
"7014857",371856,2025-06-13 14:43:51,43.3790245056152,-8.73941993713379,"Unknown"
"7014857",371856,2025-06-13 14:49:20,43.3720054626465,-8.76968383789062,"Unknown"
"7014857",371856,2025-06-13 14:53:52,43.3649215698242,-8.7910041809082,"Unknown"
"7014857",371856,2025-06-13 14:58:52,43.3585815429688,-8.81926822662354,"Unknown"
"7014857",371856,2025-06-13 15:04:14,43.3593254089355,-8.84514999389648,"Unknown"
"7014857",371856,2025-06-13 15:08:51,43.3593101501465,-8.84529781341553,"Unknown"
"7014857",371856,2025-06-13 15:13:57,43.3593330383301,-8.84499359130859,"Unknown"
"7014857",371856,2025-06-13 15:18:52,43.3592758178711,-8.84478855133057,"Unknown"
"7014857",371856,2025-06-13 15:24:00,43.3593635559082,-8.84520530700684,"Unknown"
"7014857",371856,2025-06-13 15:28:53,43.3594284057617,-8.84595680236816,"Unknown"
"7014857",371856,2025-06-13 15:33:52,43.3593826293945,-8.84549808502197,"Unknown"
"7014857",371856,2025-06-13 15:38:57,43.359504699707,-8.84469223022461,"Unknown"
"7014857",371856,2025-06-13 15:43:52,43.359375,-8.84517669677734,"Unknown"
"7014857",371856,2025-06-13 15:49:14,43.3594512939453,-8.84500026702881,"Unknown"
"7014857",371856,2025-06-13 15:53:52,43.3594627380371,-8.8450345993042,"Unknown"
"7014857",371856,2025-06-13 15:58:52,43.3594017028809,-8.8451452255249,"Unknown"
"7014857",371856,2025-06-13 16:03:53,43.3594017028809,-8.84496116638184,"Unknown"
"7014857",371856,2025-06-13 16:08:54,43.359375,-8.84543037414551,"Unknown"
"7014857",371856,2025-06-13 16:13:52,43.3594017028809,-8.84491539001465,"Unknown"
"7014857",371856,2025-06-13 16:18:57,43.3594703674316,-8.84463787078857,"Unknown"
"7014857",371856,2025-06-13 16:23:56,43.365119934082,-8.83744716644287,"Unknown"
"7014857",371856,2025-06-13 16:28:53,43.3796424865723,-8.81399059295654,"Unknown"
"7014857",371856,2025-06-13 16:34:01,43.3809967041016,-8.7926549911499,"Unknown"
"7014857",371856,2025-06-13 16:38:57,43.3811721801758,-8.79229259490967,"Unknown"
"7014857",371856,2025-06-13 16:43:53,43.3848533630371,-8.74680805206299,"Unknown"
"7014857",371856,2025-06-13 16:54:53,43.3876457214355,-8.7066650390625,"Unknown"
"7014857",371856,2025-06-13 16:59:00,43.3883323669434,-8.69705104827881,"Unknown"
"7014857",371856,2025-06-13 17:04:00,43.3898582458496,-8.67580413818359,"Unknown"
"7014857",371856,2025-06-13 17:09:00,43.3903160095215,-8.67516708374023,"Unknown"
"7014857",371856,2025-06-13 17:14:01,43.4239807128906,-8.6719446182251,"Unknown"
"7014857",371856,2025-06-13 17:19:01,43.4563369750977,-8.680100440979,"Unknown"
"7014857",371856,2025-06-13 17:24:00,43.4866218566895,-8.68886661529541,"Unknown"
"7014857",371856,2025-06-13 17:29:00,43.4878540039062,-8.71813488006592,"Unknown"
"7014857",371856,2025-06-13 17:34:00,43.4849891662598,-8.74865055084229,"Unknown"
"7014857",371856,2025-06-13 17:39:00,43.5097122192383,-8.76394844055176,"Unknown"
"7014857",371856,2025-06-13 17:44:02,43.4896469116211,-8.77231693267822,"Unknown"
"7014857",371856,2025-06-13 17:50:15,43.4597206115723,-8.77096176147461,"Unknown"
"7014857",371856,2025-06-13 17:54:14,43.4455490112305,-8.78135776519775,"Unknown"
"7014857",371856,2025-06-13 17:58:52,43.431453704834,-8.79861736297607,"Unknown"
"7014857",371856,2025-06-13 18:03:52,43.4122543334961,-8.81270694732666,"Unknown"
"7014857",371856,2025-06-13 18:08:53,43.3916931152344,-8.82242107391357,"Unknown"
"7014857",371856,2025-06-13 18:13:54,43.3727035522461,-8.83321475982666,"Unknown"
"7014857",371856,2025-06-13 18:19:00,43.359447479248,-8.84516143798828,"Unknown"
"7014857",371856,2025-06-13 18:23:53,43.3585472106934,-8.84476852416992,"Unknown"
"7014857",371856,2025-06-13 18:29:08,43.3595771789551,-8.84529399871826,"Unknown"
"7014857",371856,2025-06-13 18:34:23,43.3593521118164,-8.84524440765381,"Unknown"
"7014857",371856,2025-06-13 18:38:58,43.3593635559082,-8.84517192840576,"Unknown"
"7014857",371856,2025-06-13 18:43:57,43.3593444824219,-8.84529304504395,"Unknown"
"7014857",371856,2025-06-13 18:48:54,43.3603363037109,-8.84596061706543,"Unknown"
"7014857",371856,2025-06-13 18:54:00,43.3592681884766,-8.84518718719482,"Unknown"
"7014857",371856,2025-06-13 18:58:55,43.3593292236328,-8.84512710571289,"Unknown"
"7014857",371856,2025-06-13 19:03:52,43.3594627380371,-8.84525394439697,"Unknown"
"7014857",371856,2025-06-13 19:08:52,43.3595428466797,-8.84544086456299,"Unknown"
"7014857",371856,2025-06-13 19:13:59,43.3593292236328,-8.84517097473145,"Unknown"
"7014857",371856,2025-06-13 19:18:52,43.359432220459,-8.84537029266357,"Unknown"
"7014857",371856,2025-06-13 19:23:52,43.3577919006348,-8.843017578125,"Unknown"
"7014857",371856,2025-06-13 19:28:52,43.3594665527344,-8.84531402587891,"Unknown"
"7014857",371856,2025-06-13 19:33:55,43.3593635559082,-8.84509658813477,"Unknown"
"7014857",371856,2025-06-13 19:39:14,43.3593673706055,-8.84512424468994,"Unknown"
"7014857",371856,2025-06-13 19:43:53,43.3592910766602,-8.84509563446045,"Unknown"
"7014857",371856,2025-06-13 19:48:55,43.3593063354492,-8.84508419036865,"Unknown"
"7014857",371856,2025-06-13 19:54:00,43.3593597412109,-8.84521293640137,"Unknown"
"7014857",371856,2025-06-13 19:58:57,43.3593978881836,-8.84521102905273,"Unknown"
"7014857",371856,2025-06-13 20:03:53,43.3592910766602,-8.84528350830078,"Unknown"
"7014857",371856,2025-06-13 20:08:58,43.359245300293,-8.84524154663086,"Unknown"
"7014857",371856,2025-06-13 20:13:54,43.3594169616699,-8.84503936767578,"Unknown"
"7014857",371856,2025-06-13 20:18:55,43.3592872619629,-8.84504222869873,"Unknown"
"7014857",371856,2025-06-13 20:23:59,43.3592071533203,-8.8453950881958,"Unknown"
"7014857",371856,2025-06-13 20:28:53,43.3590888977051,-8.84542083740234,"Unknown"
"7014857",371856,2025-06-13 20:34:13,43.3593521118164,-8.84515190124512,"Unknown"
"7014857",371856,2025-06-13 20:38:53,43.3593864440918,-8.84516334533691,"Unknown"
"7014857",371856,2025-06-13 20:43:52,43.3594741821289,-8.84515857696533,"Unknown"
"7014857",371856,2025-06-13 20:48:52,43.3594589233398,-8.84512710571289,"Unknown"
"7014857",371856,2025-06-13 20:53:52,43.3594818115234,-8.84506988525391,"Unknown"
"7014857",371856,2025-06-13 20:58:52,43.359504699707,-8.84512042999268,"Unknown"
"7014857",371856,2025-06-13 21:03:31,43.3594093322754,-8.84519386291504,"Unknown"
"7014857",371856,2025-06-14 02:03:37,43.3596458435059,-8.84521865844727,"Unknown"
"7014857",371856,2025-06-14 02:33:39,43.3596229553223,-8.84542274475098,"Unknown"
"7014857",371856,2025-06-14 02:38:34,43.3596153259277,-8.84542179107666,"Unknown"
"7014857",371856,2025-06-14 02:43:34,43.359619140625,-8.84537220001221,"Unknown"
"7014857",371856,2025-06-14 02:48:33,43.3597297668457,-8.84536743164062,"Unknown"
"7014857",371856,2025-06-14 02:53:33,43.3591918945312,-8.84519577026367,"Unknown"
"7014857",371856,2025-06-14 02:58:36,43.3592529296875,-8.8453197479248,"Unknown"
"7014857",371856,2025-06-14 03:03:34,43.3593482971191,-8.84543323516846,"Unknown"
"7014857",371856,2025-06-14 03:08:35,43.3597755432129,-8.84580516815186,"Unknown"
"7014857",371856,2025-06-14 03:13:38,43.3594284057617,-8.8454704284668,"Unknown"
"7014857",371856,2025-06-14 03:18:37,43.3595161437988,-8.84559631347656,"Unknown"
"7014857",371856,2025-06-14 03:23:39,43.3594932556152,-8.84561347961426,"Unknown"
"7014857",371856,2025-06-14 03:28:39,43.3593521118164,-8.84546089172363,"Unknown"
"7014857",371856,2025-06-14 03:33:43,43.3594245910645,-8.84539794921875,"Unknown"
"7014857",371856,2025-06-14 03:38:40,43.3594932556152,-8.84544086456299,"Unknown"
"7014857",371856,2025-06-14 03:43:32,43.359203338623,-8.84518241882324,"Unknown"
"7014857",371856,2025-06-14 03:48:39,43.3594741821289,-8.84542369842529,"Unknown"
"7014857",371856,2025-06-14 03:53:34,43.3594512939453,-8.84551906585693,"Unknown"
"7014857",371856,2025-06-14 03:58:38,43.3594627380371,-8.84543704986572,"Unknown"
"7014857",371856,2025-06-14 04:03:35,43.3594741821289,-8.84544372558594,"Unknown"
"7014857",371856,2025-06-14 04:08:43,43.3593940734863,-8.84549903869629,"Unknown"
"7014857",371856,2025-06-14 04:13:36,43.3593444824219,-8.845458984375,"Unknown"
"7014857",371856,2025-06-14 04:18:39,43.3595390319824,-8.84532833099365,"Unknown"
"7014857",371856,2025-06-14 04:23:36,43.3595352172852,-8.84477615356445,"Unknown"
"7014857",371856,2025-06-14 04:28:33,43.3595428466797,-8.84554100036621,"Unknown"
"7014857",371856,2025-06-14 04:33:38,43.3592948913574,-8.8451099395752,"Unknown"
"7014857",371856,2025-06-14 04:38:38,43.359317779541,-8.84470462799072,"Unknown"
"7014857",371856,2025-06-14 04:43:39,43.3591041564941,-8.84520816802979,"Unknown"
"7014857",371856,2025-06-14 04:48:39,43.3590202331543,-8.84520721435547,"Unknown"
"7014857",371856,2025-06-14 04:53:36,43.359260559082,-8.84546852111816,"Unknown"
"7014857",371856,2025-06-14 04:58:36,43.3592224121094,-8.84524631500244,"Unknown"
"7014857",371856,2025-06-14 05:03:48,43.3592338562012,-8.84517955780029,"Unknown"
"7014857",371856,2025-06-14 05:08:37,43.3592796325684,-8.84509658813477,"Unknown"
"7014857",371856,2025-06-14 05:13:32,43.3580055236816,-8.8450984954834,"Unknown"
"7014857",371856,2025-06-14 05:18:35,43.3320808410645,-8.84881210327148,"Unknown"
"7014857",371856,2025-06-14 05:23:32,43.3087768554688,-8.85080814361572,"Unknown"
"7014857",371856,2025-06-14 05:28:36,43.2836418151855,-8.85458755493164,"Unknown"
"7014857",371856,2025-06-14 05:33:34,43.2838401794434,-8.85418701171875,"Unknown"
"7014857",371856,2025-06-14 05:38:39,43.2759971618652,-8.85227584838867,"Unknown"
"7014857",371856,2025-06-14 05:49:55,43.2757453918457,-8.85322761535645,"Unknown"
"7014857",371856,2025-06-14 05:53:41,43.2757949829102,-8.85348510742188,"Unknown"
"7014857",371856,2025-06-14 05:59:25,43.2757987976074,-8.8531608581543,"Unknown"
"7014857",371856,2025-06-14 06:03:33,43.2760810852051,-8.85221862792969,"Unknown"
"7014857",371856,2025-06-14 06:08:36,43.2763252258301,-8.85223865509033,"Unknown"
"7014857",371856,2025-06-14 06:13:37,43.276294708252,-8.85225486755371,"Unknown"
"7014857",371856,2025-06-14 06:18:33,43.2765197753906,-8.85217761993408,"Unknown"
"7014857",371856,2025-06-14 06:23:36,43.2840805053711,-8.85441398620605,"Unknown"
"7014857",371856,2025-06-14 06:28:34,43.284008026123,-8.85412693023682,"Unknown"
"7014857",371856,2025-06-14 06:33:41,43.2842025756836,-8.85432529449463,"Unknown"
"7014857",371856,2025-06-14 06:38:43,43.2843742370605,-8.85427379608154,"Unknown"
"7014857",371856,2025-06-14 06:43:40,43.2842254638672,-8.85406589508057,"Unknown"
"7014857",371856,2025-06-14 06:48:44,43.2844390869141,-8.85417079925537,"Unknown"
"7014857",371856,2025-06-14 06:53:38,43.2842597961426,-8.85434150695801,"Unknown"
"7014857",371856,2025-06-14 06:58:39,43.284351348877,-8.85424327850342,"Unknown"
"7014857",371856,2025-06-14 07:03:43,43.2841911315918,-8.85433769226074,"Unknown"
"7014857",371856,2025-06-14 07:08:37,43.2844314575195,-8.85439872741699,"Unknown"
"7014857",371856,2025-06-14 07:13:37,43.2844696044922,-8.85422992706299,"Unknown"
"7014857",371856,2025-06-14 07:18:42,43.2845001220703,-8.85420608520508,"Unknown"
"7014857",371856,2025-06-14 07:23:42,43.2843589782715,-8.85416507720947,"Unknown"
"7014857",371856,2025-06-14 07:28:32,43.2980461120605,-8.85752296447754,"Unknown"
"7014857",371856,2025-06-14 07:33:32,43.3364181518555,-8.85616111755371,"Unknown"
"7014857",371856,2025-06-14 07:38:32,43.359992980957,-8.84494876861572,"Unknown"
"7014857",371856,2025-06-14 07:43:37,43.3596801757812,-8.84554576873779,"Unknown"
"7014857",371856,2025-06-14 07:48:32,43.3591079711914,-8.84516716003418,"Unknown"
"7014857",371856,2025-06-14 07:53:34,43.3593559265137,-8.84498310089111,"Unknown"
"7014857",371856,2025-06-14 07:58:32,43.3591079711914,-8.84525299072266,"Unknown"
"7014857",371856,2025-06-14 08:03:32,43.3590774536133,-8.84524250030518,"Unknown"
"7014857",371856,2025-06-14 08:08:32,43.3591117858887,-8.84525108337402,"Unknown"
"7014857",371856,2025-06-14 08:13:32,43.358959197998,-8.84499168395996,"Unknown"
"7014857",371856,2025-06-14 08:18:34,43.3596420288086,-8.84501361846924,"Unknown"
"7014857",371856,2025-06-14 08:23:32,43.3593215942383,-8.84523010253906,"Unknown"
"7014857",371856,2025-06-14 08:28:34,43.3595733642578,-8.84509181976318,"Unknown"
"7014857",371856,2025-06-14 08:33:33,43.3590545654297,-8.84526443481445,"Unknown"
"7014857",371856,2025-06-14 08:38:33,43.3590660095215,-8.84510803222656,"Unknown"
"7014857",371856,2025-06-14 08:43:33,43.3590507507324,-8.84527969360352,"Unknown"
"7014857",371856,2025-06-14 08:48:32,43.359203338623,-8.84517002105713,"Unknown"
"7014857",371856,2025-06-14 08:53:32,43.359260559082,-8.84508323669434,"Unknown"
"7014857",371856,2025-06-14 08:58:32,43.3592300415039,-8.84535884857178,"Unknown"
"7014857",371856,2025-06-14 09:03:32,43.3591613769531,-8.84505939483643,"Unknown"
"7014857",371856,2025-06-14 09:08:33,43.3594284057617,-8.845458984375,"Unknown"
"7014857",371856,2025-06-14 09:13:33,43.3590698242188,-8.84512996673584,"Unknown"
"7014857",371856,2025-06-14 09:18:32,43.3594779968262,-8.84502792358398,"Unknown"
"7014857",371856,2025-06-14 09:23:33,43.3594779968262,-8.84496593475342,"Unknown"
"7014857",371856,2025-06-14 09:28:32,43.3594436645508,-8.84493637084961,"Unknown"
"7014857",371856,2025-06-14 09:33:32,43.3594131469727,-8.84501361846924,"Unknown"
"7014857",371856,2025-06-14 09:38:32,43.3592414855957,-8.84515953063965,"Unknown"
"7014857",371856,2025-06-14 09:43:32,43.3591003417969,-8.84503746032715,"Unknown"
"7014857",371856,2025-06-14 09:48:33,43.3593101501465,-8.84489250183105,"Unknown"
"7014857",371856,2025-06-14 09:53:34,43.3593864440918,-8.84512424468994,"Unknown"
"7014857",371856,2025-06-14 09:58:36,43.3597373962402,-8.84539890289307,"Unknown"
"7014857",371856,2025-06-14 10:03:32,43.3593826293945,-8.84525871276855,"Unknown"
"7014857",371856,2025-06-14 10:08:32,43.3593940734863,-8.84533786773682,"Unknown"
"7014857",371856,2025-06-14 10:13:32,43.359546661377,-8.84479236602783,"Unknown"
"7014857",371856,2025-06-14 10:18:32,43.3595428466797,-8.84484672546387,"Unknown"
"7014857",371856,2025-06-14 10:23:32,43.359619140625,-8.8448543548584,"Unknown"
"7014857",371856,2025-06-14 10:28:33,43.3595924377441,-8.84526538848877,"Unknown"
"7014857",371856,2025-06-14 10:33:32,43.3598937988281,-8.84554100036621,"Unknown"
"7014857",371856,2025-06-14 10:38:32,43.3599281311035,-8.84553050994873,"Unknown"
"7014857",371856,2025-06-14 10:43:32,43.3599548339844,-8.84552001953125,"Unknown"
"7014857",371856,2025-06-14 10:48:33,43.3599090576172,-8.84553623199463,"Unknown"
"7014857",371856,2025-06-14 10:53:33,43.3598251342773,-8.84555721282959,"Unknown"
"7014857",371856,2025-06-14 10:58:33,43.3597946166992,-8.84554004669189,"Unknown"
"7014857",371856,2025-06-14 11:03:33,43.3598251342773,-8.84556007385254,"Unknown"
"7014857",371856,2025-06-14 11:08:32,43.3597602844238,-8.84552478790283,"Unknown"
"7014857",371856,2025-06-14 11:13:32,43.3601341247559,-8.84694004058838,"Unknown"
"7014857",371856,2025-06-14 11:18:33,43.3357582092285,-8.84552764892578,"Unknown"
"7014857",371856,2025-06-14 11:23:33,43.3102645874023,-8.8380880355835,"Unknown"
"7014857",371856,2025-06-14 11:28:33,43.2849617004395,-8.84908390045166,"Unknown"
"7014857",371856,2025-06-14 11:33:33,43.2666358947754,-8.84056282043457,"Unknown"
"7014857",371856,2025-06-14 11:38:34,43.2571182250977,-8.86154556274414,"Unknown"
"7014857",371856,2025-06-14 11:43:40,43.2681121826172,-8.88053226470947,"Unknown"
"7014857",371856,2025-06-14 11:48:32,43.2729301452637,-8.88020896911621,"Unknown"
"7014857",371856,2025-06-14 11:53:32,43.2651863098145,-8.85811614990234,"Unknown"
"7014857",371856,2025-06-14 11:58:33,43.2455787658691,-8.84410953521729,"Unknown"
"7014857",371856,2025-06-14 12:04:15,43.2324905395508,-8.84334278106689,"Unknown"
"7014857",371856,2025-06-14 12:08:39,43.2324905395508,-8.84286022186279,"Unknown"
"7014857",371856,2025-06-14 12:13:38,43.2324485778809,-8.84243679046631,"Unknown"
"7014857",371856,2025-06-14 12:18:39,43.2323379516602,-8.84333610534668,"Unknown"
"7014857",371856,2025-06-14 12:23:39,43.2322120666504,-8.84294891357422,"Unknown"
"7014857",371856,2025-06-14 12:28:39,43.2321395874023,-8.84307670593262,"Unknown"
"7014857",371856,2025-06-14 12:33:44,43.2323112487793,-8.84315013885498,"Unknown"
"7014857",371856,2025-06-14 12:38:55,43.2323150634766,-8.84331226348877,"Unknown"
"7014857",371856,2025-06-14 12:43:49,43.2328948974609,-8.84300422668457,"Unknown"
"7014857",371856,2025-06-14 12:49:55,43.2328491210938,-8.84280490875244,"Unknown"
"7014857",371856,2025-06-14 12:54:55,43.2329177856445,-8.84290504455566,"Unknown"
"7014857",371856,2025-06-14 12:59:55,43.2325553894043,-8.84240341186523,"Unknown"
"7014857",371856,2025-06-14 13:04:35,43.2327079772949,-8.8429479598999,"Unknown"
"7014857",371856,2025-06-14 13:08:43,43.2326850891113,-8.8429069519043,"Unknown"
"7014857",371856,2025-06-14 13:14:07,43.2327156066895,-8.84292316436768,"Unknown"
"7014857",371856,2025-06-14 13:18:45,43.2331047058105,-8.84292888641357,"Unknown"
"7014857",371856,2025-06-14 13:23:41,43.2328262329102,-8.84292602539062,"Unknown"
"7014857",371856,2025-06-14 13:28:42,43.2324867248535,-8.84298610687256,"Unknown"
"7014857",371856,2025-06-14 13:33:48,43.2328262329102,-8.84293270111084,"Unknown"
"7014857",371856,2025-06-14 13:38:39,43.232723236084,-8.84291172027588,"Unknown"
"7014857",371856,2025-06-14 13:43:39,43.2326812744141,-8.84295845031738,"Unknown"
"7014857",371856,2025-06-14 13:48:33,43.2371520996094,-8.83247089385986,"Unknown"
"7014857",371856,2025-06-14 13:53:33,43.2555923461914,-8.83310222625732,"Unknown"
"7014857",371856,2025-06-14 13:58:33,43.2835540771484,-8.82391357421875,"Unknown"
"7014857",371856,2025-06-14 14:03:33,43.3026885986328,-8.84656715393066,"Unknown"
"7014857",371856,2025-06-14 14:08:32,43.3284645080566,-8.84626293182373,"Unknown"
"7014857",371856,2025-06-14 14:13:33,43.3582191467285,-8.84561347961426,"Unknown"
"7014857",371856,2025-06-14 14:18:42,43.3594818115234,-8.84498977661133,"Unknown"
"7014857",371856,2025-06-14 14:23:33,43.3594627380371,-8.84493160247803,"Unknown"
"7014857",371856,2025-06-14 14:28:32,43.3594665527344,-8.84518432617188,"Unknown"
"7014857",371856,2025-06-14 14:33:33,43.3593635559082,-8.84468078613281,"Unknown"
"7014857",371856,2025-06-14 14:38:32,43.3594093322754,-8.84492778778076,"Unknown"
"7014857",371856,2025-06-14 14:43:32,43.3594436645508,-8.84521865844727,"Unknown"
"7014857",371856,2025-06-14 14:48:34,43.3594169616699,-8.8449592590332,"Unknown"
"7014857",371856,2025-06-14 14:53:33,43.3595428466797,-8.84554004669189,"Unknown"
"7014857",371856,2025-06-14 14:58:36,43.3594741821289,-8.84520149230957,"Unknown"
"7014857",371856,2025-06-14 15:03:34,43.359504699707,-8.84523677825928,"Unknown"
"7014857",371856,2025-06-14 15:08:32,43.3594398498535,-8.84553623199463,"Unknown"
"7014857",371856,2025-06-14 15:13:38,43.359375,-8.84524536132812,"Unknown"
"7014857",371856,2025-06-14 15:18:39,43.3593826293945,-8.84527015686035,"Unknown"
"7014857",371856,2025-06-14 15:23:39,43.3594169616699,-8.84525775909424,"Unknown"
"7014857",371856,2025-06-14 15:28:37,43.3596000671387,-8.84509563446045,"Unknown"
"7014857",371856,2025-06-14 15:33:36,43.3596572875977,-8.84505653381348,"Unknown"
"7014857",371856,2025-06-14 15:38:36,43.3594932556152,-8.84520721435547,"Unknown"
"7014857",371856,2025-06-14 15:43:44,43.3594741821289,-8.84516048431396,"Unknown"
"7014857",371856,2025-06-14 15:48:34,43.3594436645508,-8.84521007537842,"Unknown"
"7014857",371856,2025-06-14 15:53:39,43.359546661377,-8.84514045715332,"Unknown"
"7014857",371856,2025-06-14 15:58:40,43.3595123291016,-8.84524440765381,"Unknown"
"7014857",371856,2025-06-14 16:03:32,43.3593940734863,-8.84563636779785,"Unknown"
"7014857",371856,2025-06-14 16:08:33,43.359375,-8.84562015533447,"Unknown"
"7014857",371856,2025-06-14 16:13:32,43.3592834472656,-8.84578609466553,"Unknown"
"7014857",371856,2025-06-14 16:18:33,43.3593139648438,-8.84565353393555,"Unknown"
"7014857",371856,2025-06-14 16:23:34,43.359130859375,-8.84568214416504,"Unknown"
"7014857",371856,2025-06-14 16:28:33,43.3592147827148,-8.84570598602295,"Unknown"
"7014857",371856,2025-06-14 16:33:33,43.3592071533203,-8.84572696685791,"Unknown"
"7014857",371856,2025-06-14 16:38:32,43.3592262268066,-8.84557437896729,"Unknown"
"7014857",371856,2025-06-14 16:43:34,43.3593254089355,-8.84490394592285,"Unknown"
"7014857",371856,2025-06-14 16:48:39,43.3595886230469,-8.84508037567139,"Unknown"
"7014857",371856,2025-06-14 16:53:39,43.3595924377441,-8.8450927734375,"Unknown"
"7014857",371856,2025-06-14 16:58:39,43.3595886230469,-8.84520816802979,"Unknown"
"7014857",371856,2025-06-14 17:03:39,43.359561920166,-8.84515953063965,"Unknown"
"7014857",371856,2025-06-14 17:08:39,43.359561920166,-8.84513378143311,"Unknown"
"7014857",371856,2025-06-14 17:13:39,43.3595504760742,-8.8451509475708,"Unknown"
"7014857",371856,2025-06-14 17:18:40,43.3595352172852,-8.84516048431396,"Unknown"
"7014857",371856,2025-06-14 17:23:37,43.3597602844238,-8.84531116485596,"Unknown"
"7014857",371856,2025-06-14 17:28:37,43.3595352172852,-8.84531307220459,"Unknown"
"7014857",371856,2025-06-14 17:33:35,43.3596000671387,-8.84529685974121,"Unknown"
"7014857",371856,2025-06-14 17:38:39,43.3597946166992,-8.84517860412598,"Unknown"
"7014857",371856,2025-06-14 17:43:33,43.359504699707,-8.84524822235107,"Unknown"
"7014857",371856,2025-06-14 17:48:37,43.3596153259277,-8.84530353546143,"Unknown"
"7014857",371856,2025-06-14 17:53:38,43.3589973449707,-8.86259841918945,"Unknown"
"7014857",371856,2025-06-14 17:58:36,43.3572654724121,-8.89441871643066,"Unknown"
"7014857",371856,2025-06-14 18:03:39,43.3524627685547,-8.93303489685059,"Unknown"
"7014857",371856,2025-06-14 18:08:45,43.3439178466797,-8.97112560272217,"Unknown"
"7014857",371856,2025-06-14 18:13:40,43.3384017944336,-8.9539270401001,"Unknown"
"7014857",371856,2025-06-14 18:18:42,43.3319702148438,-8.91023635864258,"Unknown"
"7014857",371856,2025-06-14 18:23:37,43.3079872131348,-8.8720760345459,"Unknown"
"7014857",371856,2025-06-14 18:28:39,43.2818222045898,-8.85365390777588,"Unknown"
"7014857",371856,2025-06-14 18:33:46,43.2767601013184,-8.85233211517334,"Unknown"
"7014857",371856,2025-06-14 18:39:02,43.276237487793,-8.85315036773682,"Unknown"
"7014857",371856,2025-06-14 18:44:05,43.2761039733887,-8.85307884216309,"Unknown"
"7014857",371856,2025-06-14 18:48:33,43.2760734558105,-8.85293006896973,"Unknown"
"7014857",371856,2025-06-14 18:53:38,43.2766075134277,-8.85212993621826,"Unknown"
"7014857",371856,2025-06-14 18:58:37,43.2762756347656,-8.85291385650635,"Unknown"
"7014857",371856,2025-06-14 19:03:41,43.2762184143066,-8.85282421112061,"Unknown"
"7014857",371856,2025-06-14 19:08:33,43.2885589599609,-8.84811305999756,"Unknown"
"7014857",371856,2025-06-14 19:13:33,43.2949256896973,-8.83981513977051,"Unknown"
"7014857",371856,2025-06-14 19:18:36,43.294792175293,-8.83975315093994,"Unknown"
"7014857",371856,2025-06-14 19:23:34,43.2948455810547,-8.83999156951904,"Unknown"
"7014857",371856,2025-06-14 19:28:33,43.2947616577148,-8.8398609161377,"Unknown"
"7014857",371856,2025-06-14 19:33:33,43.2947158813477,-8.83974456787109,"Unknown"
"7014857",371856,2025-06-14 19:38:33,43.2947196960449,-8.83988666534424,"Unknown"
"7014857",371856,2025-06-14 19:43:33,43.2947616577148,-8.83981132507324,"Unknown"
"7014857",371856,2025-06-14 19:48:33,43.2946548461914,-8.83985900878906,"Unknown"
"7014857",371856,2025-06-14 19:53:34,43.294677734375,-8.83979511260986,"Unknown"
"7014857",371856,2025-06-14 19:58:33,43.2946510314941,-8.84000682830811,"Unknown"
"7014857",371856,2025-06-14 20:03:34,43.2945861816406,-8.84004878997803,"Unknown"
"7014857",371856,2025-06-14 20:08:36,43.2944030761719,-8.83974742889404,"Unknown"
"7014857",371856,2025-06-14 20:13:33,43.294490814209,-8.83987140655518,"Unknown"
"7014857",371856,2025-06-14 20:18:33,43.305305480957,-8.84829044342041,"Unknown"
"7014857",371856,2025-06-14 20:23:34,43.3142242431641,-8.85711669921875,"Unknown"
"7014857",371856,2025-06-14 20:28:33,43.3296546936035,-8.8536901473999,"Unknown"
"7014857",371856,2025-06-14 20:33:33,43.3555908203125,-8.84706020355225,"Unknown"
"7014857",371856,2025-06-14 20:38:33,43.359432220459,-8.84557247161865,"Unknown"
"7014857",371856,2025-06-14 20:43:37,43.359504699707,-8.84574222564697,"Unknown"
"7014857",371856,2025-06-14 20:48:38,43.3595008850098,-8.84574031829834,"Unknown"
"7014857",371856,2025-06-14 20:53:38,43.3594055175781,-8.84561538696289,"Unknown"
"7014857",371856,2025-06-14 20:58:37,43.3593101501465,-8.84563255310059,"Unknown"
"7014857",371856,2025-06-14 21:03:59,43.3592491149902,-8.84534072875977,"Unknown"
"7014857",371856,2025-06-15 02:04:29,43.359504699707,-8.84534072875977,"Unknown"
"7014857",371856,2025-06-15 02:33:16,43.3595848083496,-8.84481811523438,"Unknown"
"7014857",371856,2025-06-15 02:38:15,43.3595581054688,-8.84484100341797,"Unknown"
"7014857",371856,2025-06-15 02:43:14,43.3595809936523,-8.84481239318848,"Unknown"
"7014857",371856,2025-06-15 02:48:14,43.3594398498535,-8.8448486328125,"Unknown"
"7014857",371856,2025-06-15 02:53:26,43.359504699707,-8.84492683410645,"Unknown"
"7014857",371856,2025-06-15 02:58:25,43.3594627380371,-8.84508037567139,"Unknown"
"7014857",371856,2025-06-15 03:03:23,43.3594627380371,-8.84491539001465,"Unknown"
"7014857",371856,2025-06-15 03:08:18,43.3591461181641,-8.84504318237305,"Unknown"
"7014857",371856,2025-06-15 03:13:22,43.3594741821289,-8.84532070159912,"Unknown"
"7014857",371856,2025-06-15 03:18:26,43.3594589233398,-8.84548473358154,"Unknown"
"7014857",371856,2025-06-15 03:23:16,43.3595390319824,-8.84539318084717,"Unknown"
"7014857",371856,2025-06-15 03:28:16,43.3598480224609,-8.84600830078125,"Unknown"
"7014857",371856,2025-06-15 03:33:35,43.3594284057617,-8.84524726867676,"Unknown"
"7014857",371856,2025-06-15 03:38:15,43.3595161437988,-8.84525871276855,"Unknown"
"7014857",371856,2025-06-15 03:43:12,43.3594627380371,-8.84526634216309,"Unknown"
"7014857",371856,2025-06-15 03:48:12,43.3594932556152,-8.84530830383301,"Unknown"
"7014857",371856,2025-06-15 03:53:12,43.3594741821289,-8.84524440765381,"Unknown"
"7014857",371856,2025-06-15 03:58:12,43.3594589233398,-8.84529399871826,"Unknown"
"7014857",371856,2025-06-15 04:03:13,43.3594589233398,-8.84525108337402,"Unknown"
"7014857",371856,2025-06-15 04:08:12,43.3594779968262,-8.8452320098877,"Unknown"
"7014857",371856,2025-06-15 04:13:15,43.3595161437988,-8.84530162811279,"Unknown"
"7014857",371856,2025-06-15 04:18:15,43.3595771789551,-8.84535789489746,"Unknown"
"7014857",371856,2025-06-15 04:23:13,43.3595008850098,-8.84531021118164,"Unknown"
"7014857",371856,2025-06-15 04:28:12,43.3594856262207,-8.84527015686035,"Unknown"
"7014857",371856,2025-06-15 04:33:15,43.3594779968262,-8.84527206420898,"Unknown"
"7014857",371856,2025-06-15 04:38:12,43.3592414855957,-8.84521293640137,"Unknown"
"7014857",371856,2025-06-15 04:43:13,43.3594360351562,-8.84530639648438,"Unknown"
"7014857",371856,2025-06-15 04:48:12,43.3594551086426,-8.84521484375,"Unknown"
"7014857",371856,2025-06-15 04:53:14,43.3588829040527,-8.8455286026001,"Unknown"
"7014857",371856,2025-06-15 04:58:15,43.3591995239258,-8.84523010253906,"Unknown"
"7014857",371856,2025-06-15 05:03:14,43.3591537475586,-8.84521675109863,"Unknown"
"7014857",371856,2025-06-15 05:08:14,43.3592147827148,-8.84543132781982,"Unknown"
"7014857",371856,2025-06-15 05:13:12,43.3592185974121,-8.84541511535645,"Unknown"
"7014857",371856,2025-06-15 05:18:15,43.3590545654297,-8.84528827667236,"Unknown"
"7014857",371856,2025-06-15 05:23:12,43.3590469360352,-8.845458984375,"Unknown"
"7014857",371856,2025-06-15 05:28:12,43.3417167663574,-8.85113716125488,"Unknown"
"7014857",371856,2025-06-15 05:33:13,43.3028106689453,-8.85542678833008,"Unknown"
"7014857",371856,2025-06-15 05:38:24,43.2837409973145,-8.85482978820801,"Unknown"
"7014857",371856,2025-06-15 05:43:18,43.2835235595703,-8.85530853271484,"Unknown"
"7014857",371856,2025-06-15 05:48:22,43.2844047546387,-8.85451889038086,"Unknown"
"7014857",371856,2025-06-15 05:53:18,43.2833595275879,-8.8549337387085,"Unknown"
"7014857",371856,2025-06-15 05:58:25,43.2835693359375,-8.85388851165771,"Unknown"
"7014857",371856,2025-06-15 06:03:17,43.2832450866699,-8.85459423065186,"Unknown"
"7014857",371856,2025-06-15 06:08:27,43.2844047546387,-8.85429668426514,"Unknown"
"7014857",371856,2025-06-15 06:13:25,43.2844009399414,-8.85447025299072,"Unknown"
"7014857",371856,2025-06-15 06:18:32,43.2845001220703,-8.85371208190918,"Unknown"
"7014857",371856,2025-06-15 06:23:20,43.2843170166016,-8.85406970977783,"Unknown"
"7014857",371856,2025-06-15 06:28:13,43.3030624389648,-8.85736656188965,"Unknown"
"7014857",371856,2025-06-15 06:33:21,43.3145408630371,-8.85688781738281,"Unknown"
"7014857",371856,2025-06-15 06:38:21,43.3316421508789,-8.84670352935791,"Unknown"
"7014857",371856,2025-06-15 06:43:12,43.3478164672852,-8.84089469909668,"Unknown"
"7014857",371856,2025-06-15 06:48:26,43.3598251342773,-8.8453893661499,"Unknown"
"7014857",371856,2025-06-15 06:53:35,43.3596534729004,-8.84545040130615,"Unknown"
"7014857",371856,2025-06-15 06:58:11,43.3600158691406,-8.84586524963379,"Unknown"
"7014857",371856,2025-06-15 07:03:12,43.3598175048828,-8.8456506729126,"Unknown"
"7014857",371856,2025-06-15 07:08:12,43.3597297668457,-8.84545135498047,"Unknown"
"7014857",371856,2025-06-15 07:13:13,43.3594398498535,-8.8452615737915,"Unknown"
"7014857",371856,2025-06-15 07:18:14,43.3592948913574,-8.84521484375,"Unknown"
"7014857",371856,2025-06-15 07:23:17,43.359260559082,-8.84519672393799,"Unknown"
"7014857",371856,2025-06-15 07:28:17,43.3594360351562,-8.84529590606689,"Unknown"
"7014857",371856,2025-06-15 07:33:13,43.3591690063477,-8.84495067596436,"Unknown"
"7014857",371856,2025-06-15 07:38:13,43.3591270446777,-8.84489822387695,"Unknown"
"7014857",371856,2025-06-15 07:43:11,43.3592147827148,-8.84492969512939,"Unknown"
"7014857",371856,2025-06-15 07:48:11,43.3592262268066,-8.84493732452393,"Unknown"
"7014857",371856,2025-06-15 07:53:11,43.359203338623,-8.84492778778076,"Unknown"
"7014857",371856,2025-06-15 07:58:11,43.3592185974121,-8.8449239730835,"Unknown"
"7014857",371856,2025-06-15 08:03:11,43.3590278625488,-8.8445873260498,"Unknown"
"7014857",371856,2025-06-15 08:08:11,43.3591690063477,-8.84493446350098,"Unknown"
"7014857",371856,2025-06-15 08:13:18,43.3593101501465,-8.84494209289551,"Unknown"
"7014857",371856,2025-06-15 08:18:11,43.3592414855957,-8.84483909606934,"Unknown"
"7014857",371856,2025-06-15 08:23:12,43.3593330383301,-8.84487724304199,"Unknown"
"7014857",371856,2025-06-15 08:28:14,43.3593521118164,-8.84491157531738,"Unknown"
"7014857",371856,2025-06-15 08:33:12,43.3593254089355,-8.84491539001465,"Unknown"
"7014857",371856,2025-06-15 08:38:30,43.3594093322754,-8.8449764251709,"Unknown"
"7014857",371856,2025-06-15 08:43:13,43.3594245910645,-8.8453893661499,"Unknown"
"7014857",371856,2025-06-15 08:48:15,43.3594131469727,-8.84535312652588,"Unknown"
"7014857",371856,2025-06-15 08:53:16,43.3593215942383,-8.84525585174561,"Unknown"
"7014857",371856,2025-06-15 08:58:12,43.3592643737793,-8.84510707855225,"Unknown"
"7014857",371856,2025-06-15 09:03:15,43.3592414855957,-8.84507179260254,"Unknown"
"7014857",371856,2025-06-15 09:08:15,43.3594207763672,-8.84549045562744,"Unknown"
"7014857",371856,2025-06-15 09:13:15,43.3500518798828,-8.8454475402832,"Unknown"
"7014857",371856,2025-06-15 09:18:15,43.3177604675293,-8.84902095794678,"Unknown"
"7014857",371856,2025-06-15 09:23:17,43.2860260009766,-8.85570812225342,"Unknown"
"7014857",371856,2025-06-15 09:28:32,43.284252166748,-8.85441589355469,"Unknown"
"7014857",371856,2025-06-15 09:33:15,43.2844581604004,-8.85433769226074,"Unknown"
"7014857",371856,2025-06-15 09:38:14,43.2844924926758,-8.85451602935791,"Unknown"
"7014857",371856,2025-06-15 09:43:15,43.2844772338867,-8.85431575775146,"Unknown"
"7014857",371856,2025-06-15 09:48:39,43.2759742736816,-8.85325813293457,"Unknown"
"7014857",371856,2025-06-15 09:53:15,43.2756729125977,-8.85272216796875,"Unknown"
"7014857",371856,2025-06-15 09:58:19,43.2753295898438,-8.85282707214355,"Unknown"
"7014857",371856,2025-06-15 10:03:16,43.2753868103027,-8.85227012634277,"Unknown"
"7014857",371856,2025-06-15 10:08:12,43.2789039611816,-8.85164260864258,"Unknown"
"7014857",371856,2025-06-15 10:13:16,43.2758941650391,-8.85323238372803,"Unknown"
"7014857",371856,2025-06-15 10:18:19,43.2763023376465,-8.8524169921875,"Unknown"
"7014857",371856,2025-06-15 10:23:13,43.276538848877,-8.85264110565186,"Unknown"
"7014857",371856,2025-06-15 10:28:17,43.2764282226562,-8.85255908966064,"Unknown"
"7014857",371856,2025-06-15 10:33:19,43.2754325866699,-8.85325241088867,"Unknown"
"7014857",371856,2025-06-15 10:39:03,43.2757682800293,-8.8532075881958,"Unknown"
"7014857",371856,2025-06-15 10:43:11,43.2922325134277,-8.85444831848145,"Unknown"
"7014857",371856,2025-06-15 10:48:11,43.318531036377,-8.85229206085205,"Unknown"
"7014857",371856,2025-06-15 10:53:11,43.3405990600586,-8.84356117248535,"Unknown"
"7014857",371856,2025-06-15 10:58:17,43.3603324890137,-8.84773731231689,"Unknown"
"7014857",371856,2025-06-15 11:03:14,43.3593368530273,-8.84525775909424,"Unknown"
"7014857",371856,2025-06-15 11:08:14,43.3594131469727,-8.84520721435547,"Unknown"
"7014857",371856,2025-06-15 11:13:13,43.359260559082,-8.84505367279053,"Unknown"
"7014857",371856,2025-06-15 11:18:12,43.3592109680176,-8.84498691558838,"Unknown"
"7014857",371856,2025-06-15 11:23:12,43.3593139648438,-8.84489154815674,"Unknown"
"7014857",371856,2025-06-15 11:28:11,43.3592987060547,-8.84492683410645,"Unknown"
"7014857",371856,2025-06-15 11:33:12,43.3592224121094,-8.84489059448242,"Unknown"
"7014857",371856,2025-06-15 11:38:15,43.3591156005859,-8.84478569030762,"Unknown"
"7014857",371856,2025-06-15 11:43:14,43.3590698242188,-8.84466934204102,"Unknown"
"7014857",371856,2025-06-15 11:48:12,43.3589324951172,-8.84463500976562,"Unknown"
"7014857",371856,2025-06-15 11:53:14,43.3590812683105,-8.84468269348145,"Unknown"
"7014857",371856,2025-06-15 11:58:13,43.3587760925293,-8.84440135955811,"Unknown"
"7014857",371856,2025-06-15 12:03:32,43.3593254089355,-8.84514331817627,"Unknown"
"7014857",371856,2025-06-15 12:08:12,43.3593864440918,-8.84516048431396,"Unknown"
"7014857",371856,2025-06-15 12:13:11,43.3591918945312,-8.84522533416748,"Unknown"
"7014857",371856,2025-06-15 12:18:11,43.3595390319824,-8.84545707702637,"Unknown"
"7014857",371856,2025-06-15 12:23:12,43.3594856262207,-8.84540748596191,"Unknown"
"7014857",371856,2025-06-15 12:28:12,43.3594665527344,-8.84538459777832,"Unknown"
"7014857",371856,2025-06-15 12:33:11,43.3594436645508,-8.84533977508545,"Unknown"
"7014857",371856,2025-06-15 12:38:12,43.359447479248,-8.8450984954834,"Unknown"
"7014857",371856,2025-06-15 12:43:12,43.3595657348633,-8.84512901306152,"Unknown"
"7014857",371856,2025-06-15 12:48:11,43.3594627380371,-8.8451042175293,"Unknown"
"7014857",371856,2025-06-15 12:53:12,43.3595123291016,-8.84509181976318,"Unknown"
"7014857",371856,2025-06-15 12:58:12,43.3594932556152,-8.84514236450195,"Unknown"
"7014857",371856,2025-06-15 13:03:11,43.3594779968262,-8.84517097473145,"Unknown"
"7014857",371856,2025-06-15 13:08:11,43.3592987060547,-8.84527397155762,"Unknown"
"7014857",371856,2025-06-15 13:13:12,43.3593482971191,-8.84524059295654,"Unknown"
"7014857",371856,2025-06-15 13:18:12,43.3594055175781,-8.8452262878418,"Unknown"
"7014857",371856,2025-06-15 13:23:12,43.359489440918,-8.8452091217041,"Unknown"
"7014857",371856,2025-06-15 13:28:13,43.3594512939453,-8.84524726867676,"Unknown"
"7014857",371856,2025-06-15 13:33:12,43.3593101501465,-8.84519004821777,"Unknown"
"7014857",371856,2025-06-15 13:38:12,43.3593101501465,-8.84514999389648,"Unknown"
"7014857",371856,2025-06-15 13:43:12,43.3593864440918,-8.8452205657959,"Unknown"
"7014857",371856,2025-06-15 13:48:12,43.3593788146973,-8.84522533416748,"Unknown"
"7014857",371856,2025-06-15 13:53:12,43.3595352172852,-8.84529590606689,"Unknown"
"7014857",371856,2025-06-15 13:58:12,43.3595123291016,-8.845290184021,"Unknown"
"7014857",371856,2025-06-15 14:03:12,43.3594055175781,-8.84516716003418,"Unknown"
"7014857",371856,2025-06-15 14:08:12,43.3594551086426,-8.84519195556641,"Unknown"
"7014857",371856,2025-06-15 14:13:13,43.3593673706055,-8.84506511688232,"Unknown"
"7014857",371856,2025-06-15 14:18:15,43.3593673706055,-8.8451452255249,"Unknown"
"7014857",371856,2025-06-15 14:23:13,43.3593940734863,-8.84511852264404,"Unknown"
"7014857",371856,2025-06-15 14:28:14,43.3593063354492,-8.84510517120361,"Unknown"
"7014857",371856,2025-06-15 14:33:13,43.3593597412109,-8.84505367279053,"Unknown"
"7014857",371856,2025-06-15 14:38:17,43.3591346740723,-8.84668922424316,"Unknown"
"7014857",371856,2025-06-15 14:43:25,43.3594627380371,-8.8449592590332,"Unknown"
"7014857",371856,2025-06-15 14:48:16,43.359375,-8.84514713287354,"Unknown"
"7014857",371856,2025-06-15 14:53:13,43.3595085144043,-8.84553623199463,"Unknown"
"7014857",371856,2025-06-15 14:58:36,43.3672294616699,-8.87131595611572,"Unknown"
"7014857",371856,2025-06-15 15:03:13,43.3781623840332,-8.91001033782959,"Unknown"
"7014857",371856,2025-06-15 15:08:26,43.3866310119629,-8.9638843536377,"Unknown"
"7014857",371856,2025-06-15 15:13:26,43.3960914611816,-9.01003074645996,"Unknown"
"7014857",371856,2025-06-15 15:18:26,43.4112892150879,-9.04295444488525,"Unknown"
"7014857",371856,2025-06-15 15:23:26,43.4172592163086,-9.07982158660889,"Unknown"
"7014857",371856,2025-06-15 15:28:20,43.3908500671387,-9.1091947555542,"Unknown"
"7014857",371856,2025-06-15 15:33:13,43.3491554260254,-9.09911441802979,"Unknown"
"7014857",371856,2025-06-15 15:38:13,43.314079284668,-9.08390617370605,"Unknown"
"7014857",371856,2025-06-15 15:43:13,43.2827301025391,-9.06514072418213,"Unknown"
"7014857",371856,2025-06-15 15:48:14,43.2562599182129,-9.04070949554443,"Unknown"
"7014857",371856,2025-06-15 15:54:24,43.2488212585449,-9.02653121948242,"Unknown"
"7014857",371856,2025-06-15 15:58:34,43.2432327270508,-9.01628589630127,"Unknown"
"7014857",371856,2025-06-15 16:03:12,43.2322692871094,-9.00824737548828,"Unknown"
"7014857",371856,2025-06-15 16:08:16,43.2268753051758,-8.98582363128662,"Unknown"
"7014857",371856,2025-06-15 16:13:13,43.220573425293,-8.95974826812744,"Unknown"
"7014857",371856,2025-06-15 16:18:18,43.206974029541,-8.92537593841553,"Unknown"
"7014857",371856,2025-06-15 16:23:13,43.185863494873,-8.90506649017334,"Unknown"
"7014857",371856,2025-06-15 16:28:12,43.1676559448242,-8.87652397155762,"Unknown"
"7014857",371856,2025-06-15 16:33:12,43.1662902832031,-8.87154102325439,"Unknown"
"7014857",371856,2025-06-15 16:38:16,43.1661262512207,-8.87150955200195,"Unknown"
"7014857",371856,2025-06-15 16:43:25,43.1663284301758,-8.87176609039307,"Unknown"
"7014857",371856,2025-06-15 16:48:44,43.1660537719727,-8.87157821655273,"Unknown"
"7014857",371856,2025-06-15 16:53:13,43.1765365600586,-8.86215114593506,"Unknown"
"7014857",371856,2025-06-15 16:58:19,43.1929512023926,-8.85546398162842,"Unknown"
"7014857",371856,2025-06-15 17:03:13,43.2176780700684,-8.84954643249512,"Unknown"
"7014857",371856,2025-06-15 17:08:16,43.2433242797852,-8.83971977233887,"Unknown"
"7014857",371856,2025-06-15 17:13:16,43.2631072998047,-8.847731590271,"Unknown"
"7014857",371856,2025-06-15 17:23:26,43.2759284973145,-8.85301208496094,"Unknown"
"7014857",371856,2025-06-15 17:29:22,43.2756729125977,-8.8531665802002,"Unknown"
"7014857",371856,2025-06-15 17:33:31,43.2758407592773,-8.85257148742676,"Unknown"
"7014857",371856,2025-06-15 17:38:19,43.2843322753906,-8.85377216339111,"Unknown"
"7014857",371856,2025-06-15 17:43:26,43.3031730651855,-8.8453197479248,"Unknown"
"7014857",371856,2025-06-15 17:48:20,43.3158416748047,-8.8575963973999,"Unknown"
"7014857",371856,2025-06-15 17:53:21,43.3256187438965,-8.8558349609375,"Unknown"
"7014857",371856,2025-06-15 17:58:35,43.3392944335938,-8.84068584442139,"Unknown"
"7014857",371856,2025-06-15 18:03:12,43.3571281433105,-8.84854602813721,"Unknown"
"7014857",371856,2025-06-15 18:08:32,43.3593635559082,-8.84519290924072,"Unknown"
"7014857",371856,2025-06-15 18:13:13,43.3594207763672,-8.84522342681885,"Unknown"
"7014857",371856,2025-06-15 18:18:16,43.359432220459,-8.84520530700684,"Unknown"
"7014857",371856,2025-06-15 18:23:24,43.3594284057617,-8.84515571594238,"Unknown"
"7014857",371856,2025-06-15 18:28:30,43.3593482971191,-8.84516334533691,"Unknown"
"7014857",371856,2025-06-15 18:33:20,43.3595085144043,-8.84513378143311,"Unknown"
"7014857",371856,2025-06-15 18:38:22,43.359432220459,-8.84506511688232,"Unknown"
"7014857",371856,2025-06-15 18:43:22,43.3594055175781,-8.84523105621338,"Unknown"
"7014857",371856,2025-06-15 18:48:25,43.359245300293,-8.84526252746582,"Unknown"
"7014857",371856,2025-06-15 18:53:25,43.3592185974121,-8.84524440765381,"Unknown"
"7014857",371856,2025-06-15 18:58:17,43.359504699707,-8.84529113769531,"Unknown"
"7014857",371856,2025-06-15 19:03:17,43.3595123291016,-8.84525680541992,"Unknown"
"7014857",371856,2025-06-15 19:08:16,43.3593940734863,-8.84525966644287,"Unknown"
"7014857",371856,2025-06-15 19:13:17,43.3594741821289,-8.84530258178711,"Unknown"
"7014857",371856,2025-06-15 19:18:16,43.3593788146973,-8.84517574310303,"Unknown"
"7014857",371856,2025-06-15 19:23:16,43.359375,-8.84483432769775,"Unknown"
"7014857",371856,2025-06-15 19:28:19,43.3592185974121,-8.84533214569092,"Unknown"
"7014857",371856,2025-06-15 19:33:17,43.3595161437988,-8.84539127349854,"Unknown"
"7014857",371856,2025-06-15 19:38:14,43.3530426025391,-8.84178829193115,"Unknown"
"7014857",371856,2025-06-15 19:43:13,43.3102951049805,-8.8387451171875,"Unknown"
"7014857",371856,2025-06-15 19:48:20,43.2756729125977,-8.85285663604736,"Unknown"
"7014857",371856,2025-06-15 19:53:18,43.275634765625,-8.85289287567139,"Unknown"
"7014857",371856,2025-06-15 19:58:27,43.2759399414062,-8.85337066650391,"Unknown"
"7014857",371856,2025-06-15 20:03:21,43.276008605957,-8.85306167602539,"Unknown"
"7014857",371856,2025-06-15 20:08:14,43.2765312194824,-8.85190200805664,"Unknown"
"7014857",371856,2025-06-15 20:13:16,43.2763786315918,-8.8522367477417,"Unknown"
"7014857",371856,2025-06-15 20:18:11,43.2753295898438,-8.85209083557129,"Unknown"
"7014857",371856,2025-06-15 20:23:38,43.2761573791504,-8.85333061218262,"Unknown"
"7014857",371856,2025-06-15 20:28:11,43.2757759094238,-8.85352039337158,"Unknown"
"7014857",371856,2025-06-15 20:33:11,43.2767333984375,-8.84848594665527,"Unknown"
"7014857",371856,2025-06-15 20:38:11,43.2937355041504,-8.85866928100586,"Unknown"
"7014857",371856,2025-06-15 20:43:13,43.3138160705566,-8.85633563995361,"Unknown"
"7014857",371856,2025-06-15 20:48:17,43.3149909973145,-8.85662364959717,"Unknown"
"7014857",371856,2025-06-15 20:53:11,43.321231842041,-8.85098075866699,"Unknown"
"7014857",371856,2025-06-15 20:58:11,43.3414878845215,-8.84317588806152,"Unknown"
"7014857",371856,2025-06-15 21:04:22,43.3605690002441,-8.84817028045654,"Unknown"
"7014857",371856,2025-06-16 02:04:43,43.3591575622559,-8.84517192840576,"Unknown"
"7014857",371856,2025-06-16 02:33:05,43.3589744567871,-8.84536838531494,"Unknown"
"7014857",371856,2025-06-16 02:38:03,43.3593978881836,-8.84542655944824,"Unknown"
"7014857",371856,2025-06-16 02:42:59,43.3590774536133,-8.84535312652588,"Unknown"
"7014857",371856,2025-06-16 02:48:00,43.3602676391602,-8.84583950042725,"Unknown"
"7014857",371856,2025-06-16 02:53:03,43.3593292236328,-8.84536075592041,"Unknown"
"7014857",371856,2025-06-16 02:58:01,43.3600158691406,-8.84575939178467,"Unknown"
"7014857",371856,2025-06-16 03:03:03,43.3593139648438,-8.84542083740234,"Unknown"
"7014857",371856,2025-06-16 03:08:01,43.359260559082,-8.84559631347656,"Unknown"
"7014857",371856,2025-06-16 03:13:03,43.3592872619629,-8.84556007385254,"Unknown"
"7014857",371856,2025-06-16 03:18:00,43.3599472045898,-8.84555435180664,"Unknown"
"7014857",371856,2025-06-16 03:23:04,43.3592262268066,-8.8452615737915,"Unknown"
"7014857",371856,2025-06-16 03:28:01,43.3594818115234,-8.84532165527344,"Unknown"
"7014857",371856,2025-06-16 03:33:01,43.3591499328613,-8.84506034851074,"Unknown"
"7014857",371856,2025-06-16 03:38:01,43.3595199584961,-8.84546184539795,"Unknown"
"7014857",371856,2025-06-16 03:43:01,43.3595085144043,-8.84538650512695,"Unknown"
"7014857",371856,2025-06-16 03:48:01,43.3594932556152,-8.84550189971924,"Unknown"
"7014857",371856,2025-06-16 03:53:01,43.3597450256348,-8.84545421600342,"Unknown"
"7014857",371856,2025-06-16 03:58:01,43.3595886230469,-8.84539318084717,"Unknown"
"7014857",371856,2025-06-16 04:03:03,43.3594932556152,-8.84560012817383,"Unknown"
"7014857",371856,2025-06-16 04:08:03,43.359546661377,-8.84546661376953,"Unknown"
"7014857",371856,2025-06-16 04:13:03,43.3595657348633,-8.84540843963623,"Unknown"
"7014857",371856,2025-06-16 04:18:07,43.3595542907715,-8.84534168243408,"Unknown"
"7014857",371856,2025-06-16 04:23:01,43.3596343994141,-8.84543132781982,"Unknown"
"7014857",371856,2025-06-16 04:28:01,43.3596115112305,-8.8454647064209,"Unknown"
"7014857",371856,2025-06-16 04:33:00,43.3597183227539,-8.84517955780029,"Unknown"
"7014857",371856,2025-06-16 04:38:01,43.3596534729004,-8.84543800354004,"Unknown"
"7014857",371856,2025-06-16 04:43:00,43.3600006103516,-8.84443759918213,"Unknown"
"7014857",371856,2025-06-16 04:48:01,43.3230628967285,-8.8516149520874,"Unknown"
"7014857",371856,2025-06-16 04:52:59,43.2933959960938,-8.85479831695557,"Unknown"
"7014857",371856,2025-06-16 04:58:13,43.2846870422363,-8.85389232635498,"Unknown"
"7014857",371856,2025-06-16 05:09:23,43.2751960754395,-8.85393524169922,"Unknown"
"7014857",371856,2025-06-16 05:14:23,43.275333404541,-8.85306549072266,"Unknown"
"7014857",371856,2025-06-16 05:19:23,43.2753410339355,-8.8532075881958,"Unknown"
"7014857",371856,2025-06-16 05:24:23,43.2758445739746,-8.85300827026367,"Unknown"
"7014857",371856,2025-06-16 05:27:59,43.2843475341797,-8.8543529510498,"Unknown"
"7014857",371856,2025-06-16 05:33:06,43.2845115661621,-8.85433864593506,"Unknown"
"7014857",371856,2025-06-16 05:38:10,43.2843284606934,-8.85435104370117,"Unknown"
"7014857",371856,2025-06-16 05:42:59,43.2981986999512,-8.86325359344482,"Unknown"
"7014857",371856,2025-06-16 05:48:00,43.3134880065918,-8.85701465606689,"Unknown"
"7014857",371856,2025-06-16 05:52:59,43.334041595459,-8.84599590301514,"Unknown"
"7014857",371856,2025-06-16 05:57:59,43.3581466674805,-8.84683513641357,"Unknown"
"7014857",371856,2025-06-16 06:03:00,43.3600692749023,-8.84504699707031,"Unknown"
"7014857",371856,2025-06-16 06:08:01,43.3594131469727,-8.8450984954834,"Unknown"
"7014857",371856,2025-06-16 06:13:02,43.3589782714844,-8.84508609771729,"Unknown"
"7014857",371856,2025-06-16 06:18:06,43.3590965270996,-8.84508037567139,"Unknown"
"7014857",371856,2025-06-16 06:23:05,43.3591117858887,-8.84500694274902,"Unknown"
"7014857",371856,2025-06-16 06:28:00,43.3591041564941,-8.84497833251953,"Unknown"
"7014857",371856,2025-06-16 06:33:08,43.3591041564941,-8.84501647949219,"Unknown"
"7014857",371856,2025-06-16 06:38:00,43.3592681884766,-8.84518814086914,"Unknown"
"7014857",371856,2025-06-16 06:43:05,43.3593444824219,-8.84488964080811,"Unknown"
"7014857",371856,2025-06-16 06:48:04,43.3594856262207,-8.84491920471191,"Unknown"
"7014857",371856,2025-06-16 06:53:02,43.3598709106445,-8.8454008102417,"Unknown"
"7014857",371856,2025-06-16 06:57:59,43.3597564697266,-8.84527397155762,"Unknown"
"7014857",371856,2025-06-16 07:03:00,43.359733581543,-8.84539890289307,"Unknown"
"7014857",371856,2025-06-16 07:08:00,43.3597145080566,-8.84536170959473,"Unknown"
"7014857",371856,2025-06-16 07:13:00,43.3599548339844,-8.84518146514893,"Unknown"
"7014857",371856,2025-06-16 07:17:59,43.3597373962402,-8.84530544281006,"Unknown"
"7014857",371856,2025-06-16 07:23:01,43.3593902587891,-8.84515476226807,"Unknown"
"7014857",371856,2025-06-16 07:28:00,43.3598251342773,-8.84525489807129,"Unknown"
"7014857",371856,2025-06-16 07:33:00,43.3596801757812,-8.84538459777832,"Unknown"
"7014857",371856,2025-06-16 07:38:00,43.3594627380371,-8.84557056427002,"Unknown"
"7014857",371856,2025-06-16 07:43:00,43.3604164123535,-8.84489917755127,"Unknown"
"7014857",371856,2025-06-16 07:48:00,43.3591957092285,-8.84574604034424,"Unknown"
"7014857",371856,2025-06-16 07:53:00,43.3595085144043,-8.84546756744385,"Unknown"
"7014857",371856,2025-06-16 07:58:35,43.3595008850098,-8.8452205657959,"Unknown"
"7014857",371856,2025-06-16 08:02:59,43.3591957092285,-8.84533882141113,"Unknown"
"7014857",371856,2025-06-16 08:07:59,43.3591003417969,-8.84534549713135,"Unknown"
"7014857",371856,2025-06-16 08:12:59,43.359203338623,-8.84530639648438,"Unknown"
"7014857",371856,2025-06-16 08:17:59,43.3591003417969,-8.84539413452148,"Unknown"
"7014857",371856,2025-06-16 08:22:59,43.3591232299805,-8.84541416168213,"Unknown"
"7014857",371856,2025-06-16 08:27:59,43.3591194152832,-8.84529399871826,"Unknown"
"7014857",371856,2025-06-16 08:33:01,43.3592147827148,-8.84523487091064,"Unknown"
"7014857",371856,2025-06-16 08:38:00,43.3591499328613,-8.84525871276855,"Unknown"
"7014857",371856,2025-06-16 08:42:59,43.3591766357422,-8.84514141082764,"Unknown"
"7014857",371856,2025-06-16 08:48:00,43.3591194152832,-8.84521961212158,"Unknown"
"7014857",371856,2025-06-16 08:53:01,43.3591613769531,-8.84511852264404,"Unknown"
"7014857",371856,2025-06-16 08:57:59,43.3591423034668,-8.8451566696167,"Unknown"
"7014857",371856,2025-06-16 09:02:59,43.3591423034668,-8.84522724151611,"Unknown"
"7014857",371856,2025-06-16 09:08:00,43.3590316772461,-8.84520053863525,"Unknown"
"7014857",371856,2025-06-16 09:12:59,43.3367805480957,-8.85068702697754,"Unknown"
"7014857",371856,2025-06-16 09:17:59,43.3128852844238,-8.84975433349609,"Unknown"
"7014857",371856,2025-06-16 09:22:59,43.2842483520508,-8.85394477844238,"Unknown"
"7014857",371856,2025-06-16 09:28:00,43.2758255004883,-8.85342216491699,"Unknown"
"7014857",371856,2025-06-16 09:33:13,43.275333404541,-8.8529748916626,"Unknown"
"7014857",371856,2025-06-16 09:38:05,43.2755508422852,-8.85293006896973,"Unknown"
"7014857",371856,2025-06-16 09:43:26,43.2759132385254,-8.85326099395752,"Unknown"
"7014857",371856,2025-06-16 09:48:23,43.2756538391113,-8.85313129425049,"Unknown"
"7014857",371856,2025-06-16 09:53:03,43.2758560180664,-8.85317707061768,"Unknown"
"7014857",371856,2025-06-16 09:57:59,43.2655448913574,-8.85091495513916,"Unknown"
"7014857",371856,2025-06-16 10:02:59,43.2379913330078,-8.84226131439209,"Unknown"
"7014857",371856,2025-06-16 10:08:03,43.2322387695312,-8.84298229217529,"Unknown"
"7014857",371856,2025-06-16 10:13:04,43.2324409484863,-8.84288501739502,"Unknown"
"7014857",371856,2025-06-16 10:18:05,43.2325057983398,-8.84323024749756,"Unknown"
"7014857",371856,2025-06-16 10:23:11,43.2322998046875,-8.84322071075439,"Unknown"
"7014857",371856,2025-06-16 10:28:09,43.2323608398438,-8.8427209854126,"Unknown"
"7014857",371856,2025-06-16 10:33:18,43.2323532104492,-8.84298896789551,"Unknown"
"7014857",371856,2025-06-16 10:38:10,43.2323951721191,-8.84265613555908,"Unknown"
"7014857",371856,2025-06-16 10:43:23,43.2323379516602,-8.84340858459473,"Unknown"
"7014857",371856,2025-06-16 10:48:11,43.2324638366699,-8.84279727935791,"Unknown"
"7014857",371856,2025-06-16 10:53:08,43.2327346801758,-8.84246063232422,"Unknown"
"7014857",371856,2025-06-16 10:58:07,43.2326164245605,-8.84246921539307,"Unknown"
"7014857",371856,2025-06-16 11:03:10,43.2324409484863,-8.84265804290771,"Unknown"
"7014857",371856,2025-06-16 11:08:13,43.2324523925781,-8.84250926971436,"Unknown"
"7014857",371856,2025-06-16 11:12:59,43.2452278137207,-8.839768409729,"Unknown"
"7014857",371856,2025-06-16 11:17:59,43.2675971984863,-8.84266567230225,"Unknown"
"7014857",371856,2025-06-16 11:22:59,43.2896881103516,-8.85731601715088,"Unknown"
"7014857",371856,2025-06-16 11:28:00,43.3141555786133,-8.85885620117188,"Unknown"
"7014857",371856,2025-06-16 11:33:00,43.3327369689941,-8.84925651550293,"Unknown"
"7014857",371856,2025-06-16 11:37:59,43.3542556762695,-8.84830665588379,"Unknown"
"7014857",371856,2025-06-16 11:43:03,43.3595695495605,-8.8449239730835,"Unknown"
"7014857",371856,2025-06-16 11:48:00,43.3595962524414,-8.84488964080811,"Unknown"
"7014857",371856,2025-06-16 11:53:02,43.3596420288086,-8.84488296508789,"Unknown"
"7014857",371856,2025-06-16 11:58:03,43.3596496582031,-8.84488868713379,"Unknown"
"7014857",371856,2025-06-16 12:03:01,43.359432220459,-8.84495735168457,"Unknown"
"7014857",371856,2025-06-16 12:07:59,43.3594131469727,-8.84510040283203,"Unknown"
"7014857",371856,2025-06-16 12:13:00,43.3594284057617,-8.84507083892822,"Unknown"
"7014857",371856,2025-06-16 12:18:00,43.3593826293945,-8.84514045715332,"Unknown"
"7014857",371856,2025-06-16 12:23:03,43.3593330383301,-8.84511947631836,"Unknown"
"7014857",371856,2025-06-16 12:28:01,43.3593978881836,-8.84511947631836,"Unknown"
"7014857",371856,2025-06-16 12:33:01,43.359432220459,-8.8450756072998,"Unknown"
"7014857",371856,2025-06-16 12:37:59,43.3594131469727,-8.84521293640137,"Unknown"
"7014857",371856,2025-06-16 12:42:59,43.3593444824219,-8.84507179260254,"Unknown"
"7014857",371856,2025-06-16 12:47:59,43.3593597412109,-8.84513664245605,"Unknown"
"7014857",371856,2025-06-16 12:52:59,43.359302520752,-8.84519958496094,"Unknown"
"7014857",371856,2025-06-16 12:57:59,43.3593139648438,-8.8452615737915,"Unknown"
"7014857",371856,2025-06-16 13:03:00,43.3589706420898,-8.84530353546143,"Unknown"
"7014857",371856,2025-06-16 13:08:01,43.3591270446777,-8.84532165527344,"Unknown"
"7014857",371856,2025-06-16 13:12:59,43.363109588623,-8.83916282653809,"Unknown"
"7014857",371856,2025-06-16 13:18:00,43.3854331970215,-8.84385395050049,"Unknown"
"7014857",371856,2025-06-16 13:22:59,43.4069747924805,-8.85575199127197,"Unknown"
"7014857",371856,2025-06-16 13:27:59,43.4273147583008,-8.85525989532471,"Unknown"
"7014857",371856,2025-06-16 13:32:59,43.4446563720703,-8.8467435836792,"Unknown"
"7014857",371856,2025-06-16 13:37:59,43.4593200683594,-8.83473968505859,"Unknown"
"7014857",371856,2025-06-16 13:43:00,43.4579658508301,-8.84001541137695,"Unknown"
"7014857",371856,2025-06-16 13:47:59,43.4603462219238,-8.84782314300537,"Unknown"
"7014857",371856,2025-06-16 13:52:59,43.4804992675781,-8.87792110443115,"Unknown"
"7014857",371856,2025-06-16 13:58:00,43.4980812072754,-8.92038440704346,"Unknown"
"7014857",371856,2025-06-16 14:03:00,43.5161399841309,-8.96683597564697,"Unknown"
"7014857",371856,2025-06-16 14:07:59,43.5347938537598,-9.01153469085693,"Unknown"
"7014857",371856,2025-06-16 14:12:59,43.5526237487793,-9.06021976470947,"Unknown"
"7014857",371856,2025-06-16 14:18:00,43.5548515319824,-9.10642051696777,"Unknown"
"7014857",371856,2025-06-16 14:22:59,43.5451507568359,-9.14432048797607,"Unknown"
"7014857",371856,2025-06-16 14:28:01,43.5515403747559,-9.17511749267578,"Unknown"
"7014857",371856,2025-06-16 14:33:00,43.5478210449219,-9.18937969207764,"Unknown"
"7014857",371856,2025-06-16 14:38:00,43.5263252258301,-9.20483684539795,"Unknown"
"7014857",371856,2025-06-16 14:43:01,43.4965934753418,-9.20173740386963,"Unknown"
"7014857",371856,2025-06-16 14:48:00,43.4640426635742,-9.19583606719971,"Unknown"
"7014857",371856,2025-06-16 14:53:04,43.4314956665039,-9.19318294525146,"Unknown"
"7014857",371856,2025-06-16 14:58:00,43.4311370849609,-9.19387149810791,"Unknown"
"7014857",371856,2025-06-16 15:03:06,43.4301643371582,-9.19381141662598,"Unknown"
"7014857",371856,2025-06-16 15:07:59,43.4300727844238,-9.19619083404541,"Unknown"
"7014857",371856,2025-06-16 15:13:00,43.4284896850586,-9.1992073059082,"Unknown"
"7014857",371856,2025-06-16 15:18:00,43.4163436889648,-9.18966293334961,"Unknown"
"7014857",371856,2025-06-16 15:22:59,43.3879776000977,-9.16705322265625,"Unknown"
"7014857",371856,2025-06-16 15:27:59,43.3632125854492,-9.14416885375977,"Unknown"
"7014857",371856,2025-06-16 15:33:00,43.3474197387695,-9.12317657470703,"Unknown"
"7014857",371856,2025-06-16 15:38:00,43.3370094299316,-9.1049280166626,"Unknown"
"7014857",371856,2025-06-16 15:43:00,43.3284912109375,-9.09260082244873,"Unknown"
"7014857",371856,2025-06-16 15:48:00,43.3221817016602,-9.07828807830811,"Unknown"
"7014857",371856,2025-06-16 15:53:00,43.3175582885742,-9.06932353973389,"Unknown"
"7014857",371856,2025-06-16 15:58:01,43.3173065185547,-9.0695219039917,"Unknown"
"7014857",371856,2025-06-16 16:02:59,43.3089904785156,-9.05117893218994,"Unknown"
"7014857",371856,2025-06-16 16:07:59,43.3088340759277,-9.05109691619873,"Unknown"
"7014857",371856,2025-06-16 16:12:59,43.3041229248047,-9.03647613525391,"Unknown"
"7014857",371856,2025-06-16 16:17:59,43.2913208007812,-9.00736904144287,"Unknown"
"7014857",371856,2025-06-16 16:23:03,43.2823181152344,-8.98115062713623,"Unknown"
"7014857",371856,2025-06-16 16:28:00,43.2914733886719,-8.95380783081055,"Unknown"
"7014857",371856,2025-06-16 16:33:01,43.2978515625,-8.91900444030762,"Unknown"
"7014857",371856,2025-06-16 16:38:28,43.3181037902832,-8.9133358001709,"Unknown"
"7014857",371856,2025-06-16 16:43:07,43.3200759887695,-8.88654327392578,"Unknown"
"7014857",371856,2025-06-16 16:48:00,43.3190002441406,-8.86780166625977,"Unknown"
"7014857",371856,2025-06-16 16:53:03,43.339729309082,-8.85103893280029,"Unknown"
"7014857",371856,2025-06-16 16:58:09,43.3607559204102,-8.84600067138672,"Unknown"
"7014857",371856,2025-06-16 17:03:06,43.3597640991211,-8.84498691558838,"Unknown"
"7014857",371856,2025-06-16 17:08:06,43.3596649169922,-8.84495544433594,"Unknown"
"7014857",371856,2025-06-16 17:13:00,43.3596305847168,-8.84499454498291,"Unknown"
"7014857",371856,2025-06-16 17:18:04,43.3596878051758,-8.84499263763428,"Unknown"
"7014857",371856,2025-06-16 17:23:01,43.3596687316895,-8.84502792358398,"Unknown"
"7014857",371856,2025-06-16 17:28:00,43.3596267700195,-8.84514999389648,"Unknown"
"7014857",371856,2025-06-16 17:33:00,43.3596649169922,-8.84514904022217,"Unknown"
"7014857",371856,2025-06-16 17:38:00,43.3596725463867,-8.84509754180908,"Unknown"
"7014857",371856,2025-06-16 17:42:59,43.3597068786621,-8.84514713287354,"Unknown"
"7014857",371856,2025-06-16 17:48:00,43.3596420288086,-8.84511756896973,"Unknown"
"7014857",371856,2025-06-16 17:53:09,43.3596420288086,-8.84509754180908,"Unknown"
"7014857",371856,2025-06-16 17:58:03,43.3596687316895,-8.84512996673584,"Unknown"
"7014857",371856,2025-06-16 18:03:06,43.3596649169922,-8.84503841400146,"Unknown"
"7014857",371856,2025-06-16 18:08:06,43.3597145080566,-8.84513854980469,"Unknown"
"7014857",371856,2025-06-16 18:13:06,43.359691619873,-8.84510326385498,"Unknown"
"7014857",371856,2025-06-16 18:18:06,43.3596725463867,-8.84518146514893,"Unknown"
"7014857",371856,2025-06-16 18:23:06,43.3596496582031,-8.84507369995117,"Unknown"
"7014857",371856,2025-06-16 18:28:06,43.359691619873,-8.84522342681885,"Unknown"
"7014857",371856,2025-06-16 18:33:06,43.359676361084,-8.84513568878174,"Unknown"
"7014857",371856,2025-06-16 18:38:09,43.3598403930664,-8.84538269042969,"Unknown"
"7014857",371856,2025-06-16 18:43:00,43.35986328125,-8.84548473358154,"Unknown"
"7014857",371856,2025-06-16 18:48:04,43.3598670959473,-8.84534931182861,"Unknown"
"7014857",371856,2025-06-16 18:53:00,43.3598442077637,-8.84550857543945,"Unknown"
"7014857",371856,2025-06-16 18:58:01,43.3597640991211,-8.84558391571045,"Unknown"
"7014857",371856,2025-06-16 19:03:00,43.3597717285156,-8.84558296203613,"Unknown"
"7014857",371856,2025-06-16 19:08:00,43.3598327636719,-8.84550285339355,"Unknown"
"7014857",371856,2025-06-16 19:13:00,43.3598251342773,-8.84558868408203,"Unknown"
"7014857",371856,2025-06-16 19:18:00,43.3598175048828,-8.84548473358154,"Unknown"
"7014857",371856,2025-06-16 19:23:00,43.3598175048828,-8.84546184539795,"Unknown"
"7014857",371856,2025-06-16 19:28:00,43.3598976135254,-8.84537410736084,"Unknown"
"7014857",371856,2025-06-16 19:33:00,43.3598861694336,-8.84541416168213,"Unknown"
"7014857",371856,2025-06-16 19:38:00,43.3599166870117,-8.845383644104,"Unknown"
"7014857",371856,2025-06-16 19:43:00,43.3597640991211,-8.84550476074219,"Unknown"
"7014857",371856,2025-06-16 19:48:00,43.3597183227539,-8.84546756744385,"Unknown"
"7014857",371856,2025-06-16 19:53:00,43.3585205078125,-8.84632301330566,"Unknown"
"7014857",371856,2025-06-16 19:58:10,43.3589668273926,-8.84608459472656,"Unknown"
"7014857",371856,2025-06-16 20:02:59,43.3590469360352,-8.84609508514404,"Unknown"
"7014857",371856,2025-06-16 20:08:00,43.3589630126953,-8.84599781036377,"Unknown"
"7014857",371856,2025-06-16 20:12:59,43.3588752746582,-8.84598731994629,"Unknown"
"7014857",371856,2025-06-16 20:17:59,43.3590469360352,-8.84595584869385,"Unknown"
"7014857",371856,2025-06-16 20:22:59,43.3593101501465,-8.8451042175293,"Unknown"
"7014857",371856,2025-06-16 20:27:59,43.3591613769531,-8.84616088867188,"Unknown"
"7014857",371856,2025-06-16 20:32:59,43.3592987060547,-8.8457555770874,"Unknown"
"7014857",371856,2025-06-16 20:37:59,43.3599433898926,-8.84515380859375,"Unknown"
"7014857",371856,2025-06-16 20:42:59,43.3594245910645,-8.84599781036377,"Unknown"
"7014857",371856,2025-06-16 20:48:00,43.3589706420898,-8.84555721282959,"Unknown"
"7014857",371856,2025-06-16 20:53:01,43.3589706420898,-8.84566020965576,"Unknown"
"7014857",371856,2025-06-16 20:57:59,43.3589935302734,-8.84536457061768,"Unknown"
"7014857",371856,2025-06-16 21:04:55,43.3639640808105,-8.84647464752197,"Unknown"
"7014857",371856,2025-06-17 02:05:14,43.3592414855957,-8.84501457214355,"Unknown"
"7014857",371856,2025-06-17 02:32:53,43.3593864440918,-8.84490203857422,"Unknown"
"7014857",371856,2025-06-17 02:37:54,43.3594360351562,-8.84506511688232,"Unknown"
"7014857",371856,2025-06-17 02:42:56,43.3594970703125,-8.84496116638184,"Unknown"
"7014857",371856,2025-06-17 02:48:05,43.359260559082,-8.84506607055664,"Unknown"
"7014857",371856,2025-06-17 02:52:46,43.359546661377,-8.84465789794922,"Unknown"
"7014857",371856,2025-06-17 02:57:45,43.3595924377441,-8.84455966949463,"Unknown"
"7014857",371856,2025-06-17 03:02:52,43.3594093322754,-8.8450927734375,"Unknown"
"7014857",371856,2025-06-17 03:07:45,43.359432220459,-8.84514141082764,"Unknown"
"7014857",371856,2025-06-17 03:12:45,43.3595275878906,-8.84503269195557,"Unknown"
"7014857",371856,2025-06-17 03:17:48,43.3593978881836,-8.84506988525391,"Unknown"
"7014857",371856,2025-06-17 03:22:46,43.3593902587891,-8.84515857696533,"Unknown"
"7014857",371856,2025-06-17 03:27:47,43.3595123291016,-8.84494972229004,"Unknown"
"7014857",371856,2025-06-17 03:32:47,43.3603172302246,-8.8440580368042,"Unknown"
"7014857",371856,2025-06-17 03:37:46,43.3601989746094,-8.8442440032959,"Unknown"
"7014857",371856,2025-06-17 03:42:45,43.3598289489746,-8.84485912322998,"Unknown"
"7014857",371856,2025-06-17 03:47:47,43.3592185974121,-8.84561157226562,"Unknown"
"7014857",371856,2025-06-17 03:52:45,43.3595390319824,-8.84524631500244,"Unknown"
"7014857",371856,2025-06-17 03:57:46,43.3596420288086,-8.84518909454346,"Unknown"
"7014857",371856,2025-06-17 04:02:47,43.3594818115234,-8.8452844619751,"Unknown"
"7014857",371856,2025-06-17 04:07:45,43.3594551086426,-8.84532737731934,"Unknown"
"7014857",371856,2025-06-17 04:12:47,43.3595008850098,-8.84525489807129,"Unknown"
"7014857",371856,2025-06-17 04:17:53,43.3593444824219,-8.84548854827881,"Unknown"
"7014857",371856,2025-06-17 04:22:47,43.3594665527344,-8.84531688690186,"Unknown"
"7014857",371856,2025-06-17 04:27:48,43.3593444824219,-8.84532356262207,"Unknown"
"7014857",371856,2025-06-17 04:32:52,43.3593368530273,-8.84553050994873,"Unknown"
"7014857",371856,2025-06-17 04:37:45,43.3595352172852,-8.84529304504395,"Unknown"
"7014857",371856,2025-06-17 04:42:49,43.3593597412109,-8.84528636932373,"Unknown"
"7014857",371856,2025-06-17 04:47:45,43.3371124267578,-8.85351943969727,"Unknown"
"7014857",371856,2025-06-17 04:52:45,43.3184432983398,-8.84642791748047,"Unknown"
"7014857",371856,2025-06-17 04:57:45,43.2897834777832,-8.85563564300537,"Unknown"
"7014857",371856,2025-06-17 05:02:47,43.2762565612793,-8.85251998901367,"Unknown"
"7014857",371856,2025-06-17 05:08:04,43.2758750915527,-8.85351085662842,"Unknown"
"7014857",371856,2025-06-17 05:12:53,43.2759170532227,-8.8535680770874,"Unknown"
"7014857",371856,2025-06-17 05:18:22,43.2757377624512,-8.85300159454346,"Unknown"
"7014857",371856,2025-06-17 05:22:48,43.2761383056641,-8.85149383544922,"Unknown"
"7014857",371856,2025-06-17 05:28:36,43.2759284973145,-8.85339832305908,"Unknown"
"7014857",371856,2025-06-17 05:33:04,43.2757606506348,-8.85306835174561,"Unknown"
"7014857",371856,2025-06-17 05:38:48,43.2759399414062,-8.85307693481445,"Unknown"
"7014857",371856,2025-06-17 05:43:04,43.2759590148926,-8.85321044921875,"Unknown"
"7014857",371856,2025-06-17 05:47:58,43.2759819030762,-8.85319137573242,"Unknown"
"7014857",371856,2025-06-17 05:52:45,43.2893104553223,-8.85515022277832,"Unknown"
"7014857",371856,2025-06-17 05:57:45,43.3141632080078,-8.85705089569092,"Unknown"
"7014857",371856,2025-06-17 06:02:45,43.3189468383789,-8.8574047088623,"Unknown"
"7014857",371856,2025-06-17 06:07:45,43.3482704162598,-8.85183906555176,"Unknown"
"7014857",371856,2025-06-17 06:12:45,43.3594360351562,-8.8452615737915,"Unknown"
"7014857",371856,2025-06-17 06:17:45,43.3595428466797,-8.84549045562744,"Unknown"
"7014857",371856,2025-06-17 06:22:47,43.3593711853027,-8.8451976776123,"Unknown"
"7014857",371856,2025-06-17 06:27:46,43.3596878051758,-8.84583282470703,"Unknown"
"7014857",371856,2025-06-17 06:32:45,43.3595504760742,-8.84525585174561,"Unknown"
"7014857",371856,2025-06-17 06:37:45,43.3596649169922,-8.84527587890625,"Unknown"
"7014857",371856,2025-06-17 06:42:45,43.3595123291016,-8.8452615737915,"Unknown"
"7014857",371856,2025-06-17 06:47:46,43.359733581543,-8.84519481658936,"Unknown"
"7014857",371856,2025-06-17 06:52:45,43.3636169433594,-8.8522891998291,"Unknown"
"7014857",371856,2025-06-17 06:57:45,43.3812866210938,-8.89477825164795,"Unknown"
"7014857",371856,2025-06-17 07:02:45,43.3939056396484,-8.94319915771484,"Unknown"
"7014857",371856,2025-06-17 07:07:45,43.3988342285156,-8.99996852874756,"Unknown"
"7014857",371856,2025-06-17 07:12:45,43.3968200683594,-9.01079559326172,"Unknown"
"7014857",371856,2025-06-17 07:17:46,43.3969268798828,-9.01767826080322,"Unknown"
"7014857",371856,2025-06-17 07:22:45,43.397575378418,-9.02453136444092,"Unknown"
"7014857",371856,2025-06-17 07:27:45,43.3967552185059,-9.03273296356201,"Unknown"
"7014857",371856,2025-06-17 07:32:45,43.3962783813477,-9.03952407836914,"Unknown"
"7014857",371856,2025-06-17 07:37:46,43.3948822021484,-9.0462646484375,"Unknown"
"7014857",371856,2025-06-17 07:42:46,43.3936614990234,-9.05198764801025,"Unknown"
"7014857",371856,2025-06-17 07:47:45,43.39892578125,-9.06949901580811,"Unknown"
"7014857",371856,2025-06-17 07:52:45,43.4175148010254,-9.10552310943604,"Unknown"
"7014857",371856,2025-06-17 07:57:45,43.4347610473633,-9.13089466094971,"Unknown"
"7014857",371856,2025-06-17 08:02:45,43.4549255371094,-9.16503238677979,"Unknown"
"7014857",371856,2025-06-17 08:07:47,43.4746704101562,-9.20248699188232,"Unknown"
"7014857",371856,2025-06-17 08:12:45,43.4945106506348,-9.23742008209229,"Unknown"
"7014857",371856,2025-06-17 08:17:47,43.5075302124023,-9.23628616333008,"Unknown"
"7014857",371856,2025-06-17 08:22:46,43.5012168884277,-9.22586154937744,"Unknown"
"7014857",371856,2025-06-17 08:27:46,43.4911346435547,-9.2011661529541,"Unknown"
"7014857",371856,2025-06-17 08:32:47,43.4880104064941,-9.19532299041748,"Unknown"
"7014857",371856,2025-06-17 08:37:52,43.4895210266113,-9.19681549072266,"Unknown"
"7014857",371856,2025-06-17 08:42:47,43.4787216186523,-9.18837928771973,"Unknown"
"7014857",371856,2025-06-17 08:47:52,43.4779319763184,-9.18991947174072,"Unknown"
"7014857",371856,2025-06-17 08:52:46,43.4725914001465,-9.18088245391846,"Unknown"
"7014857",371856,2025-06-17 08:57:52,43.4721183776855,-9.18248271942139,"Unknown"
"7014857",371856,2025-06-17 09:02:45,43.460765838623,-9.16928386688232,"Unknown"
"7014857",371856,2025-06-17 09:07:52,43.4444313049316,-9.15092372894287,"Unknown"
"7014857",371856,2025-06-17 09:12:51,43.4440536499023,-9.15196990966797,"Unknown"
"7014857",371856,2025-06-17 09:17:48,43.4394302368164,-9.14010906219482,"Unknown"
"7014857",371856,2025-06-17 09:22:51,43.4389228820801,-9.14094924926758,"Unknown"
"7014857",371856,2025-06-17 09:27:46,43.4387474060059,-9.14189529418945,"Unknown"
"7014857",371856,2025-06-17 09:32:45,43.4269142150879,-9.12996196746826,"Unknown"
"7014857",371856,2025-06-17 09:37:47,43.4220390319824,-9.12632942199707,"Unknown"
"7014857",371856,2025-06-17 09:42:47,43.4109115600586,-9.11424160003662,"Unknown"
"7014857",371856,2025-06-17 09:47:46,43.404956817627,-9.10868644714355,"Unknown"
"7014857",371856,2025-06-17 09:52:46,43.3850326538086,-9.08639717102051,"Unknown"
"7014857",371856,2025-06-17 09:57:46,43.3766746520996,-9.07368183135986,"Unknown"
"7014857",371856,2025-06-17 10:02:46,43.3693504333496,-9.0591516494751,"Unknown"
"7014857",371856,2025-06-17 10:07:47,43.3647308349609,-9.04795742034912,"Unknown"
"7014857",371856,2025-06-17 10:12:52,43.3579216003418,-9.02180480957031,"Unknown"
"7014857",371856,2025-06-17 10:17:59,43.357421875,-9.01824188232422,"Unknown"
"7014857",371856,2025-06-17 10:22:51,43.3591957092285,-9.00777721405029,"Unknown"
"7014857",371856,2025-06-17 10:27:48,43.3597106933594,-8.98494338989258,"Unknown"
"7014857",371856,2025-06-17 10:32:48,43.3577575683594,-8.95954513549805,"Unknown"
"7014857",371856,2025-06-17 10:38:05,43.3570442199707,-8.93288135528564,"Unknown"
"7014857",371856,2025-06-17 10:42:52,43.356559753418,-8.91914081573486,"Unknown"
"7014857",371856,2025-06-17 10:47:45,43.3582572937012,-8.8994665145874,"Unknown"
"7014857",371856,2025-06-17 10:52:45,43.358528137207,-8.8723840713501,"Unknown"
"7014857",371856,2025-06-17 10:57:46,43.3598365783691,-8.8451099395752,"Unknown"
"7014857",371856,2025-06-17 11:02:47,43.3593215942383,-8.84523296356201,"Unknown"
"7014857",371856,2025-06-17 11:07:51,43.3592681884766,-8.84523773193359,"Unknown"
"7014857",371856,2025-06-17 11:12:47,43.3597564697266,-8.84501457214355,"Unknown"
"7014857",371856,2025-06-17 11:17:49,43.3592071533203,-8.8453483581543,"Unknown"
"7014857",371856,2025-06-17 11:22:49,43.3593940734863,-8.84512424468994,"Unknown"
"7014857",371856,2025-06-17 11:27:48,43.3596687316895,-8.84517765045166,"Unknown"
"7014857",371856,2025-06-17 11:32:51,43.3592796325684,-8.84523391723633,"Unknown"
"7014857",371856,2025-06-17 11:37:48,43.3593254089355,-8.84515380859375,"Unknown"
"7014857",371856,2025-06-17 11:42:48,43.3596458435059,-8.84520149230957,"Unknown"
"7014857",371856,2025-06-17 11:47:49,43.3593521118164,-8.84518241882324,"Unknown"
"7014857",371856,2025-06-17 11:52:49,43.3593940734863,-8.84512233734131,"Unknown"
"7014857",371856,2025-06-17 11:57:48,43.3595962524414,-8.84526443481445,"Unknown"
"7014857",371856,2025-06-17 12:02:54,43.3593406677246,-8.84521770477295,"Unknown"
"7014857",371856,2025-06-17 12:07:48,43.3596649169922,-8.84520626068115,"Unknown"
"7014857",371856,2025-06-17 12:12:48,43.3595008850098,-8.84507942199707,"Unknown"
"7014857",371856,2025-06-17 12:17:54,43.3593940734863,-8.8452033996582,"Unknown"
"7014857",371856,2025-06-17 12:22:46,43.3595199584961,-8.8451976776123,"Unknown"
"7014857",371856,2025-06-17 12:27:45,43.3595008850098,-8.8452205657959,"Unknown"
"7014857",371856,2025-06-17 12:32:47,43.3594665527344,-8.84514999389648,"Unknown"
"7014857",371856,2025-06-17 12:37:46,43.3596038818359,-8.84532451629639,"Unknown"
"7014857",371856,2025-06-17 12:42:54,43.3593482971191,-8.84526348114014,"Unknown"
"7014857",371856,2025-06-17 12:47:48,43.3594779968262,-8.84521484375,"Unknown"
"7014857",371856,2025-06-17 12:52:57,43.359432220459,-8.84521961212158,"Unknown"
"7014857",371856,2025-06-17 12:58:01,43.3593597412109,-8.84527397155762,"Unknown"
"7014857",371856,2025-06-17 13:02:45,43.3592796325684,-8.84531021118164,"Unknown"
"7014857",371856,2025-06-17 13:07:44,43.3593215942383,-8.84528923034668,"Unknown"
"7014857",371856,2025-06-17 13:12:45,43.3593139648438,-8.84529781341553,"Unknown"
"7014857",371856,2025-06-17 13:17:45,43.3593673706055,-8.84532451629639,"Unknown"
"7014857",371856,2025-06-17 13:22:45,43.3593597412109,-8.84526824951172,"Unknown"
"7014857",371856,2025-06-17 13:27:45,43.3593368530273,-8.84530830383301,"Unknown"
"7014857",371856,2025-06-17 13:32:45,43.3593711853027,-8.84530639648438,"Unknown"
"7014857",371856,2025-06-17 13:37:45,43.3593254089355,-8.84528827667236,"Unknown"
"7014857",371856,2025-06-17 13:42:45,43.3593597412109,-8.84523010253906,"Unknown"
"7014857",371856,2025-06-17 13:47:46,43.359302520752,-8.84524917602539,"Unknown"
"7014857",371856,2025-06-17 13:52:48,43.3592529296875,-8.84538745880127,"Unknown"
"7014857",371856,2025-06-17 13:57:45,43.3590698242188,-8.84518241882324,"Unknown"
"7014857",371856,2025-06-17 14:02:46,43.3593444824219,-8.84515285491943,"Unknown"
"7014857",371856,2025-06-17 14:07:54,43.3593826293945,-8.84517955780029,"Unknown"
"7014857",371856,2025-06-17 14:12:45,43.3594818115234,-8.84533023834229,"Unknown"
"7014857",371856,2025-06-17 14:17:55,43.3595848083496,-8.84523677825928,"Unknown"
"7014857",371856,2025-06-17 14:22:46,43.3594932556152,-8.84528923034668,"Unknown"
"7014857",371856,2025-06-17 14:27:55,43.359260559082,-8.84511375427246,"Unknown"
"7014857",371856,2025-06-17 14:32:54,43.3592376708984,-8.84510040283203,"Unknown"
"7014857",371856,2025-06-17 14:37:51,43.3592948913574,-8.84503650665283,"Unknown"
"7014857",371856,2025-06-17 14:42:54,43.3589477539062,-8.84479808807373,"Unknown"
"7014857",371856,2025-06-17 14:47:51,43.3589706420898,-8.84482574462891,"Unknown"
"7014857",371856,2025-06-17 14:53:03,43.3593292236328,-8.84528350830078,"Unknown"
"7014857",371856,2025-06-17 14:57:51,43.3594779968262,-8.84521675109863,"Unknown"
"7014857",371856,2025-06-17 15:02:46,43.3593788146973,-8.84517574310303,"Unknown"
"7014857",371856,2025-06-17 15:07:45,43.3593444824219,-8.84518241882324,"Unknown"
"7014857",371856,2025-06-17 15:12:45,43.3593673706055,-8.8452033996582,"Unknown"
"7014857",371856,2025-06-17 15:17:45,43.3594093322754,-8.84527587890625,"Unknown"
"7014857",371856,2025-06-17 15:22:45,43.3594436645508,-8.84521961212158,"Unknown"
"7014857",371856,2025-06-17 15:27:45,43.3614501953125,-8.84272575378418,"Unknown"
"7014857",371856,2025-06-17 15:32:44,43.3744506835938,-8.8394775390625,"Unknown"
"7014857",371856,2025-06-17 15:37:45,43.3803596496582,-8.83753681182861,"Unknown"
"7014857",371856,2025-06-17 15:42:45,43.3905487060547,-8.8537540435791,"Unknown"
"7014857",371856,2025-06-17 15:47:45,43.4070663452148,-8.86229133605957,"Unknown"
"7014857",371856,2025-06-17 15:52:45,43.4256973266602,-8.87532234191895,"Unknown"
"7014857",371856,2025-06-17 15:57:46,43.4393272399902,-8.86954593658447,"Unknown"
"7014857",371856,2025-06-17 16:02:49,43.4488182067871,-8.86329746246338,"Unknown"
"7014857",371856,2025-06-17 16:07:47,43.4544639587402,-8.85000705718994,"Unknown"
"7014857",371856,2025-06-17 16:12:45,43.4601097106934,-8.83817005157471,"Unknown"
"7014857",371856,2025-06-17 16:17:46,43.4656028747559,-8.81721591949463,"Unknown"
"7014857",371856,2025-06-17 16:22:45,43.4691772460938,-8.80323791503906,"Unknown"
"7014857",371856,2025-06-17 16:27:49,43.4687461853027,-8.78203868865967,"Unknown"
"7014857",371856,2025-06-17 16:32:46,43.4688949584961,-8.7651834487915,"Unknown"
"7014857",371856,2025-06-17 16:37:49,43.468147277832,-8.75876808166504,"Unknown"
"7014857",371856,2025-06-17 16:42:54,43.4678916931152,-8.75498008728027,"Unknown"
"7014857",371856,2025-06-17 16:48:02,43.4803581237793,-8.74811553955078,"Unknown"
"7014857",371856,2025-06-17 16:52:51,43.4983253479004,-8.74638843536377,"Unknown"
"7014857",371856,2025-06-17 16:57:52,43.5088729858398,-8.72915840148926,"Unknown"
"7014857",371856,2025-06-17 17:02:47,43.5148735046387,-8.70992851257324,"Unknown"
"7014857",371856,2025-06-17 17:07:52,43.5197334289551,-8.68766307830811,"Unknown"
"7014857",371856,2025-06-17 17:12:51,43.5120162963867,-8.6735782623291,"Unknown"
"7014857",371856,2025-06-17 17:17:54,43.5094909667969,-8.67717742919922,"Unknown"
"7014857",371856,2025-06-17 17:22:54,43.508373260498,-8.68002986907959,"Unknown"
"7014857",371856,2025-06-17 17:27:49,43.5163230895996,-8.67922210693359,"Unknown"
"7014857",371856,2025-06-17 17:32:54,43.5291519165039,-8.66743469238281,"Unknown"
"7014857",371856,2025-06-17 17:37:54,43.5383453369141,-8.65151309967041,"Unknown"
"7014857",371856,2025-06-17 17:42:54,43.5349769592285,-8.62772750854492,"Unknown"
"7014857",371856,2025-06-17 17:47:52,43.5223960876465,-8.59862041473389,"Unknown"
"7014857",371856,2025-06-17 17:52:51,43.5092887878418,-8.57037258148193,"Unknown"
"7014857",371856,2025-06-17 17:58:02,43.4934158325195,-8.54708099365234,"Unknown"
"7014857",371856,2025-06-17 18:02:46,43.4919166564941,-8.54434871673584,"Unknown"
"7014857",371856,2025-06-17 18:07:51,43.4755630493164,-8.51553249359131,"Unknown"
"7014857",371856,2025-06-17 18:12:54,43.4703598022461,-8.50542259216309,"Unknown"
"7014857",371856,2025-06-17 18:17:54,43.4704246520996,-8.50515460968018,"Unknown"
"7014857",371856,2025-06-17 18:22:54,43.4703102111816,-8.50506496429443,"Unknown"
"7014857",371856,2025-06-17 18:27:54,43.4702758789062,-8.50567436218262,"Unknown"
"7014857",371856,2025-06-17 18:32:54,43.4706726074219,-8.50709342956543,"Unknown"
"7014857",371856,2025-06-17 18:37:54,43.4716873168945,-8.50909900665283,"Unknown"
"7014857",371856,2025-06-17 18:42:54,43.4719200134277,-8.51065349578857,"Unknown"
"7014857",371856,2025-06-17 18:47:54,43.4719505310059,-8.51190567016602,"Unknown"
"7014857",371856,2025-06-17 18:57:57,43.4763336181641,-8.54931449890137,"Unknown"
"7014857",371856,2025-06-17 19:03:00,43.4731483459473,-8.5456371307373,"Unknown"
"7014857",371856,2025-06-17 19:07:52,43.466911315918,-8.56769752502441,"Unknown"
"7014857",371856,2025-06-17 19:13:02,43.457592010498,-8.5653076171875,"Unknown"
"7014857",371856,2025-06-17 19:18:05,43.4546546936035,-8.55424880981445,"Unknown"
"7014857",371856,2025-06-17 19:22:51,43.4544296264648,-8.55463886260986,"Unknown"
"7014857",371856,2025-06-17 19:27:48,43.4274711608887,-8.5995044708252,"Unknown"
"7014857",371856,2025-06-17 19:32:47,43.4000244140625,-8.65786075592041,"Unknown"
"7014857",371856,2025-06-17 19:37:49,43.3831176757812,-8.71337985992432,"Unknown"
"7014857",371856,2025-06-17 19:42:48,43.3705520629883,-8.76893520355225,"Unknown"
"7014857",371856,2025-06-17 19:47:53,43.3602447509766,-8.83160972595215,"Unknown"
"7014857",371856,2025-06-17 19:53:03,43.3593330383301,-8.8451452255249,"Unknown"
"7014857",371856,2025-06-17 19:57:46,43.3592834472656,-8.84523868560791,"Unknown"
"7014857",371856,2025-06-17 20:02:49,43.3593559265137,-8.84516525268555,"Unknown"
"7014857",371856,2025-06-17 20:07:48,43.3593711853027,-8.84517288208008,"Unknown"
"7014857",371856,2025-06-17 20:12:47,43.3593826293945,-8.84512901306152,"Unknown"
"7014857",371856,2025-06-17 20:17:46,43.3592910766602,-8.84520244598389,"Unknown"
"7014857",371856,2025-06-17 20:22:47,43.3593139648438,-8.84505653381348,"Unknown"
"7014857",371856,2025-06-17 20:27:54,43.3592910766602,-8.84492492675781,"Unknown"
"7014857",371856,2025-06-17 20:32:47,43.3592872619629,-8.84522151947021,"Unknown"
"7014857",371856,2025-06-17 20:37:54,43.3593254089355,-8.84507465362549,"Unknown"
"7014857",371856,2025-06-17 20:42:49,43.3593215942383,-8.84495258331299,"Unknown"
"7014857",371856,2025-06-17 20:47:52,43.3593406677246,-8.84497356414795,"Unknown"
"7014857",371856,2025-06-17 20:52:51,43.3593826293945,-8.84495067596436,"Unknown"
"7014857",371856,2025-06-17 20:57:57,43.3593559265137,-8.84496593475342,"Unknown"
"7014857",371856,2025-06-17 21:02:48,43.3591346740723,-8.84520816802979,"Unknown"
"7014857",371856,2025-06-17 21:05:22,43.3594741821289,-8.84542655944824,"Unknown"
"7014857",371856,2025-06-18 02:05:35,43.3593559265137,-8.8451452255249,"Unknown"
"7014857",371856,2025-06-18 02:32:36,43.3594169616699,-8.84452629089355,"Unknown"
"7014857",371856,2025-06-18 02:37:41,43.3591957092285,-8.84515380859375,"Unknown"
"7014857",371856,2025-06-18 02:42:37,43.3593292236328,-8.84500980377197,"Unknown"
"7014857",371856,2025-06-18 02:47:35,43.3593711853027,-8.84487533569336,"Unknown"
"7014857",371856,2025-06-18 02:52:36,43.3594398498535,-8.84489154815674,"Unknown"
"7014857",371856,2025-06-18 02:57:35,43.3594665527344,-8.84480857849121,"Unknown"
"7014857",371856,2025-06-18 03:02:35,43.359432220459,-8.84482002258301,"Unknown"
"7014857",371856,2025-06-18 03:07:36,43.3594017028809,-8.8450984954834,"Unknown"
"7014857",371856,2025-06-18 03:12:37,43.3592567443848,-8.84507656097412,"Unknown"
"7014857",371856,2025-06-18 03:17:37,43.3593978881836,-8.84516143798828,"Unknown"
"7014857",371856,2025-06-18 03:22:38,43.3591995239258,-8.84524726867676,"Unknown"
"7014857",371856,2025-06-18 03:27:37,43.3591957092285,-8.84519195556641,"Unknown"
"7014857",371856,2025-06-18 03:32:39,43.3591003417969,-8.84511375427246,"Unknown"
"7014857",371856,2025-06-18 03:37:38,43.359073638916,-8.84505558013916,"Unknown"
"7014857",371856,2025-06-18 03:42:37,43.3597564697266,-8.84525871276855,"Unknown"
"7014857",371856,2025-06-18 03:47:41,43.3590927124023,-8.84501171112061,"Unknown"
"7014857",371856,2025-06-18 03:52:36,43.3589515686035,-8.84475612640381,"Unknown"
"7014857",371856,2025-06-18 03:57:40,43.360279083252,-8.84543037414551,"Unknown"
"7014857",371856,2025-06-18 04:02:39,43.3598861694336,-8.8455753326416,"Unknown"
"7014857",371856,2025-06-18 04:07:41,43.3601913452148,-8.84599018096924,"Unknown"
"7014857",371856,2025-06-18 04:12:48,43.3598136901855,-8.84551239013672,"Unknown"
"7014857",371856,2025-06-18 04:17:36,43.3596115112305,-8.84536647796631,"Unknown"
"7014857",371856,2025-06-18 04:22:36,43.3596229553223,-8.84542655944824,"Unknown"
"7014857",371856,2025-06-18 04:27:37,43.3591804504395,-8.84500122070312,"Unknown"
"7014857",371856,2025-06-18 04:32:40,43.359302520752,-8.84525775909424,"Unknown"
"7014857",371856,2025-06-18 04:37:41,43.3587417602539,-8.84455585479736,"Unknown"
"7014857",371856,2025-06-18 04:42:40,43.3596801757812,-8.84588241577148,"Unknown"
"7014857",371856,2025-06-18 04:47:38,43.3591041564941,-8.84451770782471,"Unknown"
"7014857",371856,2025-06-18 04:52:37,43.3580284118652,-8.84444713592529,"Unknown"
"7014857",371856,2025-06-18 04:57:37,43.3386154174805,-8.84895992279053,"Unknown"
"7014857",371856,2025-06-18 05:02:42,43.3144721984863,-8.85700035095215,"Unknown"
"7014857",371856,2025-06-18 05:07:48,43.3143272399902,-8.85663986206055,"Unknown"
"7014857",371856,2025-06-18 05:12:38,43.3142585754395,-8.85652732849121,"Unknown"
"7014857",371856,2025-06-18 05:17:36,43.3157730102539,-8.85801124572754,"Unknown"
"7014857",371856,2025-06-18 05:22:41,43.3160667419434,-8.85836505889893,"Unknown"
"7014857",371856,2025-06-18 05:27:39,43.3161849975586,-8.85849666595459,"Unknown"
"7014857",371856,2025-06-18 05:32:36,43.307933807373,-8.85421085357666,"Unknown"
"7014857",371856,2025-06-18 05:37:40,43.2923202514648,-8.86167240142822,"Unknown"
"7014857",371856,2025-06-18 05:43:40,43.2922325134277,-8.86220932006836,"Unknown"
"7014857",371856,2025-06-18 05:47:37,43.2902374267578,-8.86121845245361,"Unknown"
"7014857",371856,2025-06-18 05:52:52,43.2840881347656,-8.85457420349121,"Unknown"
"7014857",371856,2025-06-18 05:57:37,43.2840843200684,-8.85389137268066,"Unknown"
"7014857",371856,2025-06-18 06:02:58,43.2843360900879,-8.8539571762085,"Unknown"
"7014857",371856,2025-06-18 06:08:03,43.2839050292969,-8.85437393188477,"Unknown"
"7014857",371856,2025-06-18 06:12:45,43.2842102050781,-8.85430240631104,"Unknown"
"7014857",371856,2025-06-18 06:17:43,43.284366607666,-8.85403251647949,"Unknown"
"7014857",371856,2025-06-18 06:22:39,43.2839546203613,-8.85455703735352,"Unknown"
"7014857",371856,2025-06-18 06:28:16,43.2842636108398,-8.85544586181641,"Unknown"
"7014857",371856,2025-06-18 06:32:52,43.2841300964355,-8.85408973693848,"Unknown"
"7014857",371856,2025-06-18 06:37:38,43.2926025390625,-8.85772705078125,"Unknown"
"7014857",371856,2025-06-18 06:42:38,43.32861328125,-8.85194873809814,"Unknown"
"7014857",371856,2025-06-18 06:48:35,43.359302520752,-8.84543514251709,"Unknown"
"7014857",371856,2025-06-18 06:52:37,43.3600883483887,-8.84560394287109,"Unknown"
"7014857",371856,2025-06-18 06:57:51,43.3595581054688,-8.84520435333252,"Unknown"
"7014857",371856,2025-06-18 07:02:42,43.3597068786621,-8.8454008102417,"Unknown"
"7014857",371856,2025-06-18 07:08:05,43.359489440918,-8.84508895874023,"Unknown"
"7014857",371856,2025-06-18 07:12:36,43.3594207763672,-8.84513282775879,"Unknown"
"7014857",371856,2025-06-18 07:17:37,43.3593559265137,-8.84502792358398,"Unknown"
"7014857",371856,2025-06-18 07:22:37,43.3593139648438,-8.84517765045166,"Unknown"
"7014857",371856,2025-06-18 07:27:37,43.3592872619629,-8.84511470794678,"Unknown"
"7014857",371856,2025-06-18 07:32:36,43.3592224121094,-8.84513187408447,"Unknown"
"7014857",371856,2025-06-18 07:37:38,43.3593368530273,-8.8451566696167,"Unknown"
"7014857",371856,2025-06-18 07:42:39,43.3593101501465,-8.84521579742432,"Unknown"
"7014857",371856,2025-06-18 07:47:36,43.3594207763672,-8.84508228302002,"Unknown"
"7014857",371856,2025-06-18 07:52:36,43.359188079834,-8.84524440765381,"Unknown"
"7014857",371856,2025-06-18 07:57:36,43.3592376708984,-8.84521389007568,"Unknown"
"7014857",371856,2025-06-18 08:02:39,43.3593978881836,-8.84514045715332,"Unknown"
"7014857",371856,2025-06-18 08:07:36,43.3592681884766,-8.84521293640137,"Unknown"
"7014857",371856,2025-06-18 08:12:38,43.3593215942383,-8.84517383575439,"Unknown"
"7014857",371856,2025-06-18 08:17:37,43.3593406677246,-8.84500789642334,"Unknown"
"7014857",371856,2025-06-18 08:22:35,43.3593406677246,-8.84512519836426,"Unknown"
"7014857",371856,2025-06-18 08:27:36,43.3593254089355,-8.8451976776123,"Unknown"
"7014857",371856,2025-06-18 08:32:36,43.3593902587891,-8.84515857696533,"Unknown"
"7014857",371856,2025-06-18 08:37:35,43.3593559265137,-8.84519195556641,"Unknown"
"7014857",371856,2025-06-18 08:42:36,43.3593521118164,-8.84514236450195,"Unknown"
"7014857",371856,2025-06-18 08:47:35,43.3593406677246,-8.84512901306152,"Unknown"
"7014857",371856,2025-06-18 08:52:36,43.3594207763672,-8.84513568878174,"Unknown"
"7014857",371856,2025-06-18 08:57:37,43.3592910766602,-8.84496593475342,"Unknown"
"7014857",371856,2025-06-18 09:02:38,43.359447479248,-8.84527015686035,"Unknown"
"7014857",371856,2025-06-18 09:07:38,43.3592834472656,-8.84516334533691,"Unknown"
"7014857",371856,2025-06-18 09:12:36,43.359317779541,-8.84520721435547,"Unknown"
"7014857",371856,2025-06-18 09:17:36,43.3593254089355,-8.84525203704834,"Unknown"
"7014857",371856,2025-06-18 09:22:36,43.3592262268066,-8.84504318237305,"Unknown"
"7014857",371856,2025-06-18 09:27:36,43.3360939025879,-8.84627151489258,"Unknown"
"7014857",371856,2025-06-18 09:32:36,43.3033485412598,-8.8530855178833,"Unknown"
"7014857",371856,2025-06-18 09:37:48,43.2842140197754,-8.85423469543457,"Unknown"
"7014857",371856,2025-06-18 09:42:41,43.2846488952637,-8.8548059463501,"Unknown"
"7014857",371856,2025-06-18 09:47:49,43.2841606140137,-8.85443592071533,"Unknown"
"7014857",371856,2025-06-18 09:52:49,43.2841758728027,-8.85447978973389,"Unknown"
"7014857",371856,2025-06-18 09:57:47,43.2762908935547,-8.85220432281494,"Unknown"
"7014857",371856,2025-06-18 10:02:46,43.2758102416992,-8.85290241241455,"Unknown"
"7014857",371856,2025-06-18 10:07:39,43.2758140563965,-8.85313415527344,"Unknown"
"7014857",371856,2025-06-18 10:12:46,43.2761154174805,-8.85299110412598,"Unknown"
"7014857",371856,2025-06-18 10:18:22,43.275691986084,-8.85370063781738,"Unknown"
"7014857",371856,2025-06-18 10:23:59,43.2758140563965,-8.85317897796631,"Unknown"
"7014857",371856,2025-06-18 10:27:38,43.2758140563965,-8.85264682769775,"Unknown"
"7014857",371856,2025-06-18 10:32:36,43.2590255737305,-8.84242630004883,"Unknown"
"7014857",371856,2025-06-18 10:38:23,43.2465553283691,-8.84168148040771,"Unknown"
"7014857",371856,2025-06-18 10:42:36,43.2329940795898,-8.84257125854492,"Unknown"
"7014857",371856,2025-06-18 10:48:04,43.2322845458984,-8.84251022338867,"Unknown"
"7014857",371856,2025-06-18 10:53:27,43.2322425842285,-8.84312629699707,"Unknown"
"7014857",371856,2025-06-18 10:58:12,43.2323989868164,-8.84298515319824,"Unknown"
"7014857",371856,2025-06-18 11:03:08,43.2325286865234,-8.84329795837402,"Unknown"
"7014857",371856,2025-06-18 11:07:38,43.2441291809082,-8.83316230773926,"Unknown"
"7014857",371856,2025-06-18 11:12:36,43.252872467041,-8.82853126525879,"Unknown"
"7014857",371856,2025-06-18 11:17:36,43.2695121765137,-8.85099029541016,"Unknown"
"7014857",371856,2025-06-18 11:22:36,43.2880897521973,-8.86196422576904,"Unknown"
"7014857",371856,2025-06-18 11:27:38,43.3114776611328,-8.85632991790771,"Unknown"
"7014857",371856,2025-06-18 11:32:39,43.3139381408691,-8.85663223266602,"Unknown"
"7014857",371856,2025-06-18 11:37:52,43.3376159667969,-8.84322738647461,"Unknown"
"7014857",371856,2025-06-18 11:42:53,43.359691619873,-8.84536266326904,"Unknown"
"7014857",371856,2025-06-18 11:47:41,43.3594703674316,-8.84505558013916,"Unknown"
"7014857",371856,2025-06-18 11:52:49,43.3597869873047,-8.84562301635742,"Unknown"
"7014857",371856,2025-06-18 11:57:38,43.359733581543,-8.8457498550415,"Unknown"
"7014857",371856,2025-06-18 12:03:05,43.3592147827148,-8.84489345550537,"Unknown"
"7014857",371856,2025-06-18 12:07:37,43.3592414855957,-8.84484004974365,"Unknown"
"7014857",371856,2025-06-18 12:12:38,43.3591995239258,-8.84485530853271,"Unknown"
"7014857",371856,2025-06-18 12:17:37,43.3594284057617,-8.84497356414795,"Unknown"
"7014857",371856,2025-06-18 12:22:47,43.3590660095215,-8.84496974945068,"Unknown"
"7014857",371856,2025-06-18 12:27:45,43.3595657348633,-8.8450984954834,"Unknown"
"7014857",371856,2025-06-18 12:32:38,43.3596572875977,-8.84503746032715,"Unknown"
"7014857",371856,2025-06-18 12:37:38,43.3596229553223,-8.84509944915771,"Unknown"
"7014857",371856,2025-06-18 12:42:39,43.3597679138184,-8.84503364562988,"Unknown"
"7014857",371856,2025-06-18 12:47:57,43.3598556518555,-8.84516620635986,"Unknown"
"7014857",371856,2025-06-18 12:52:36,43.3595275878906,-8.84513378143311,"Unknown"
"7014857",371856,2025-06-18 12:57:37,43.359188079834,-8.84504795074463,"Unknown"
"7014857",371856,2025-06-18 13:02:36,43.3593101501465,-8.84500122070312,"Unknown"
"7014857",371856,2025-06-18 13:07:45,43.359302520752,-8.84519958496094,"Unknown"
"7014857",371856,2025-06-18 13:12:41,43.3592491149902,-8.84533882141113,"Unknown"
"7014857",371856,2025-06-18 13:17:41,43.3589401245117,-8.8451976776123,"Unknown"
"7014857",371856,2025-06-18 13:22:49,43.3594284057617,-8.84525108337402,"Unknown"
"7014857",371856,2025-06-18 13:27:41,43.3593978881836,-8.84535789489746,"Unknown"
"7014857",371856,2025-06-18 13:32:36,43.3594055175781,-8.84513568878174,"Unknown"
"7014857",371856,2025-06-18 13:37:36,43.359676361084,-8.84506034851074,"Unknown"
"7014857",371856,2025-06-18 13:43:05,43.3594284057617,-8.8451976776123,"Unknown"
"7014857",371856,2025-06-18 13:47:37,43.3593482971191,-8.84524059295654,"Unknown"
"7014857",371856,2025-06-18 13:52:37,43.3593559265137,-8.84521865844727,"Unknown"
"7014857",371856,2025-06-18 13:57:35,43.3593292236328,-8.84525489807129,"Unknown"
"7014857",371856,2025-06-18 14:02:37,43.3593101501465,-8.84514999389648,"Unknown"
"7014857",371856,2025-06-18 14:07:35,43.3594169616699,-8.84527015686035,"Unknown"
"7014857",371856,2025-06-18 14:12:36,43.3594856262207,-8.84478664398193,"Unknown"
"7014857",371856,2025-06-18 14:17:36,43.3595809936523,-8.84536933898926,"Unknown"
"7014857",371856,2025-06-18 14:22:37,43.3595085144043,-8.84521770477295,"Unknown"
"7014857",371856,2025-06-18 14:27:36,43.3595428466797,-8.84530353546143,"Unknown"
"7014857",371856,2025-06-18 14:32:36,43.3595695495605,-8.8468656539917,"Unknown"
"7014857",371856,2025-06-18 14:37:35,43.3790321350098,-8.87270927429199,"Unknown"
"7014857",371856,2025-06-18 14:42:35,43.401496887207,-8.89647579193115,"Unknown"
"7014857",371856,2025-06-18 14:47:36,43.4294509887695,-8.89475917816162,"Unknown"
"7014857",371856,2025-06-18 14:52:36,43.4361152648926,-8.89547729492188,"Unknown"
"7014857",371856,2025-06-18 14:57:35,43.4329872131348,-8.90412521362305,"Unknown"
"7014857",371856,2025-06-18 15:02:37,43.4317359924316,-8.90805244445801,"Unknown"
"7014857",371856,2025-06-18 15:07:35,43.4296607971191,-8.91088390350342,"Unknown"
"7014857",371856,2025-06-18 15:12:39,43.4294090270996,-8.90990543365479,"Unknown"
"7014857",371856,2025-06-18 15:17:38,43.4304161071777,-8.90890598297119,"Unknown"
"7014857",371856,2025-06-18 15:22:54,43.431526184082,-8.90845775604248,"Unknown"
"7014857",371856,2025-06-18 15:27:40,43.4313621520996,-8.90187358856201,"Unknown"
"7014857",371856,2025-06-18 15:32:43,43.4306411743164,-8.90253734588623,"Unknown"
"7014857",371856,2025-06-18 15:37:37,43.4230346679688,-8.91857051849365,"Unknown"
"7014857",371856,2025-06-18 15:42:41,43.4212608337402,-8.92289352416992,"Unknown"
"7014857",371856,2025-06-18 15:47:43,43.4174156188965,-8.92813014984131,"Unknown"
"7014857",371856,2025-06-18 15:52:48,43.4160537719727,-8.92899703979492,"Unknown"
"7014857",371856,2025-06-18 15:57:56,43.4158515930176,-8.92762279510498,"Unknown"
"7014857",371856,2025-06-18 16:02:53,43.415584564209,-8.92632579803467,"Unknown"
"7014857",371856,2025-06-18 16:07:58,43.4155693054199,-8.92541408538818,"Unknown"
"7014857",371856,2025-06-18 16:12:49,43.4158096313477,-8.92473983764648,"Unknown"
"7014857",371856,2025-06-18 16:17:49,43.4032211303711,-8.91686534881592,"Unknown"
"7014857",371856,2025-06-18 16:22:49,43.4027099609375,-8.91624450683594,"Unknown"
"7014857",371856,2025-06-18 16:27:51,43.4015846252441,-8.91437244415283,"Unknown"
"7014857",371856,2025-06-18 16:33:05,43.4015731811523,-8.91406440734863,"Unknown"
"7014857",371856,2025-06-18 16:37:38,43.3973922729492,-8.90728950500488,"Unknown"
"7014857",371856,2025-06-18 16:42:39,43.3942985534668,-8.89698028564453,"Unknown"
"7014857",371856,2025-06-18 16:47:40,43.3738098144531,-8.86699676513672,"Unknown"
"7014857",371856,2025-06-18 16:52:40,43.3610801696777,-8.84797859191895,"Unknown"
"7014857",371856,2025-06-18 16:57:40,43.3593940734863,-8.84528064727783,"Unknown"
"7014857",371856,2025-06-18 17:02:41,43.3594245910645,-8.8453254699707,"Unknown"
"7014857",371856,2025-06-18 17:07:41,43.3593902587891,-8.84527397155762,"Unknown"
"7014857",371856,2025-06-18 17:12:48,43.3593406677246,-8.84531021118164,"Unknown"
"7014857",371856,2025-06-18 17:17:58,43.3591918945312,-8.84529495239258,"Unknown"
"7014857",371856,2025-06-18 17:22:49,43.359302520752,-8.84528255462646,"Unknown"
"7014857",371856,2025-06-18 17:27:48,43.359260559082,-8.84514141082764,"Unknown"
"7014857",371856,2025-06-18 17:32:48,43.3593368530273,-8.84525680541992,"Unknown"
"7014857",371856,2025-06-18 17:37:53,43.3591461181641,-8.84550189971924,"Unknown"
"7014857",371856,2025-06-18 17:42:48,43.359317779541,-8.84527683258057,"Unknown"
"7014857",371856,2025-06-18 17:47:48,43.3591957092285,-8.84526348114014,"Unknown"
"7014857",371856,2025-06-18 17:52:50,43.3593482971191,-8.84560108184814,"Unknown"
"7014857",371856,2025-06-18 17:57:55,43.3593482971191,-8.84551525115967,"Unknown"
"7014857",371856,2025-06-18 18:02:52,43.3593711853027,-8.845778465271,"Unknown"
"7014857",371856,2025-06-18 18:08:00,43.3593902587891,-8.845290184021,"Unknown"
"7014857",371856,2025-06-18 18:13:05,43.3594131469727,-8.84524822235107,"Unknown"
"7014857",371856,2025-06-18 18:17:35,43.3594017028809,-8.84527111053467,"Unknown"
"7014857",371856,2025-06-18 18:22:37,43.3593482971191,-8.84507751464844,"Unknown"
"7014857",371856,2025-06-18 18:27:37,43.3594360351562,-8.84528636932373,"Unknown"
"7014857",371856,2025-06-18 18:32:35,43.3594169616699,-8.84528541564941,"Unknown"
"7014857",371856,2025-06-18 18:37:36,43.3594360351562,-8.8452091217041,"Unknown"
"7014857",371856,2025-06-18 18:42:35,43.3594245910645,-8.84523677825928,"Unknown"
"7014857",371856,2025-06-18 18:47:37,43.3595085144043,-8.84531021118164,"Unknown"
"7014857",371856,2025-06-18 18:52:35,43.3596611022949,-8.84591007232666,"Unknown"
"7014857",371856,2025-06-18 18:57:37,43.3594169616699,-8.84543323516846,"Unknown"
"7014857",371856,2025-06-18 19:02:37,43.3593711853027,-8.84524631500244,"Unknown"
"7014857",371856,2025-06-18 19:07:38,43.3594131469727,-8.84533882141113,"Unknown"
"7014857",371856,2025-06-18 19:12:56,43.3593788146973,-8.84520053863525,"Unknown"
"7014857",371856,2025-06-18 19:17:37,43.3595695495605,-8.84527111053467,"Unknown"
"7014857",371856,2025-06-18 19:22:37,43.359504699707,-8.845383644104,"Unknown"
"7014857",371856,2025-06-18 19:27:39,43.3592643737793,-8.84551525115967,"Unknown"
"7014857",371856,2025-06-18 19:32:40,43.3594093322754,-8.84524154663086,"Unknown"
"7014857",371856,2025-06-18 19:37:40,43.3599586486816,-8.84648990631104,"Unknown"
"7014857",371856,2025-06-18 19:42:41,43.3599967956543,-8.84647464752197,"Unknown"
"7014857",371856,2025-06-18 19:47:48,43.3593673706055,-8.84516334533691,"Unknown"
"7014857",371856,2025-06-18 19:52:37,43.3593826293945,-8.84526824951172,"Unknown"
"7014857",371856,2025-06-18 19:57:48,43.3593368530273,-8.84519958496094,"Unknown"
"7014857",371856,2025-06-18 20:02:37,43.3593711853027,-8.84535694122314,"Unknown"
"7014857",371856,2025-06-18 20:07:48,43.3593482971191,-8.8452730178833,"Unknown"
"7014857",371856,2025-06-18 20:12:38,43.3594932556152,-8.84567642211914,"Unknown"
"7014857",371856,2025-06-18 20:17:48,43.3593254089355,-8.84522533416748,"Unknown"
"7014857",371856,2025-06-18 20:22:54,43.3593864440918,-8.84526443481445,"Unknown"
"7014857",371856,2025-06-18 20:28:05,43.3593254089355,-8.84518909454346,"Unknown"
"7014857",371856,2025-06-18 20:32:36,43.3593406677246,-8.84505748748779,"Unknown"
"7014857",371856,2025-06-18 20:37:36,43.3593711853027,-8.84511089324951,"Unknown"
"7014857",371856,2025-06-18 20:42:35,43.3593406677246,-8.84518527984619,"Unknown"
"7014857",371856,2025-06-18 20:47:36,43.3593254089355,-8.84510898590088,"Unknown"
"7014857",371856,2025-06-18 20:52:37,43.3594017028809,-8.84515380859375,"Unknown"
"7014857",371856,2025-06-18 20:57:36,43.3593978881836,-8.84512805938721,"Unknown"
"7014857",371856,2025-06-18 21:02:36,43.359375,-8.84529209136963,"Unknown"
"7014857",371856,2025-06-18 21:05:36,43.3593368530273,-8.84525775909424,"Unknown"
"7014857",371856,2025-06-19 02:06:05,43.3594017028809,-8.84517002105713,"Unknown"
"7014857",371856,2025-06-19 02:32:43,43.3594932556152,-8.845290184021,"Unknown"
"7014857",371856,2025-06-19 02:37:44,43.359504699707,-8.84529209136963,"Unknown"
"7014857",371856,2025-06-19 02:42:43,43.359489440918,-8.84527587890625,"Unknown"
"7014857",371856,2025-06-19 02:47:44,43.359489440918,-8.84527492523193,"Unknown"
"7014857",371856,2025-06-19 02:52:44,43.3595352172852,-8.84533405303955,"Unknown"
"7014857",371856,2025-06-19 02:57:44,43.3594055175781,-8.84520435333252,"Unknown"
"7014857",371856,2025-06-19 03:02:44,43.3593826293945,-8.84522914886475,"Unknown"
"7014857",371856,2025-06-19 03:07:44,43.359260559082,-8.84512996673584,"Unknown"
"7014857",371856,2025-06-19 03:12:48,43.3588447570801,-8.84471225738525,"Unknown"
"7014857",371856,2025-06-19 03:17:45,43.3597373962402,-8.84549045562744,"Unknown"
"7014857",371856,2025-06-19 03:22:44,43.3592376708984,-8.84513759613037,"Unknown"
"7014857",371856,2025-06-19 03:27:46,43.3590087890625,-8.84487819671631,"Unknown"
"7014857",371856,2025-06-19 03:32:45,43.3589019775391,-8.84470176696777,"Unknown"
"7014857",371856,2025-06-19 03:37:45,43.3592224121094,-8.84499740600586,"Unknown"
"7014857",371856,2025-06-19 03:42:45,43.3592758178711,-8.8450403213501,"Unknown"
"7014857",371856,2025-06-19 03:47:46,43.3592185974121,-8.84509658813477,"Unknown"
"7014857",371856,2025-06-19 03:52:46,43.3590850830078,-8.84496974945068,"Unknown"
"7014857",371856,2025-06-19 03:57:48,43.3590469360352,-8.84501552581787,"Unknown"
"7014857",371856,2025-06-19 04:02:47,43.3591842651367,-8.84509372711182,"Unknown"
"7014857",371856,2025-06-19 04:07:49,43.3588790893555,-8.84487342834473,"Unknown"
"7014857",371856,2025-06-19 04:12:49,43.358715057373,-8.84468460083008,"Unknown"
"7014857",371856,2025-06-19 04:17:53,43.3593406677246,-8.84525680541992,"Unknown"
"7014857",371856,2025-06-19 04:22:50,43.3594284057617,-8.84519004821777,"Unknown"
"7014857",371856,2025-06-19 04:27:49,43.3581275939941,-8.84411907196045,"Unknown"
"7014857",371856,2025-06-19 04:32:58,43.359302520752,-8.84514427185059,"Unknown"
"7014857",371856,2025-06-19 04:38:05,43.3592643737793,-8.84505748748779,"Unknown"
"7014857",371856,2025-06-19 04:42:45,43.3590393066406,-8.84504699707031,"Unknown"
"7014857",371856,2025-06-19 04:47:43,43.3594093322754,-8.84513759613037,"Unknown"
"7014857",371856,2025-06-19 04:52:44,43.3593330383301,-8.84519386291504,"Unknown"
"7014857",371856,2025-06-19 04:57:46,43.3593292236328,-8.84508800506592,"Unknown"
"7014857",371856,2025-06-19 05:02:47,43.3592567443848,-8.84509372711182,"Unknown"
"7014857",371856,2025-06-19 05:07:47,43.359245300293,-8.84513187408447,"Unknown"
"7014857",371856,2025-06-19 05:12:43,43.3592872619629,-8.8450927734375,"Unknown"
"7014857",371856,2025-06-19 05:17:47,43.3592987060547,-8.84510612487793,"Unknown"
"7014857",371856,2025-06-19 05:22:45,43.3593101501465,-8.84505939483643,"Unknown"
"7014857",371856,2025-06-19 05:27:43,43.3593254089355,-8.84514331817627,"Unknown"
"7014857",371856,2025-06-19 05:32:56,43.3592529296875,-8.84499740600586,"Unknown"
"7014857",371856,2025-06-19 05:37:44,43.3593215942383,-8.84509468078613,"Unknown"
"7014857",371856,2025-06-19 05:42:43,43.3594093322754,-8.84519863128662,"Unknown"
"7014857",371856,2025-06-19 05:47:46,43.359188079834,-8.84505653381348,"Unknown"
"7014857",371856,2025-06-19 05:52:50,43.3592262268066,-8.84498023986816,"Unknown"
"7014857",371856,2025-06-19 05:57:48,43.3595085144043,-8.84555244445801,"Unknown"
"7014857",371856,2025-06-19 06:03:20,43.3525772094727,-8.84309101104736,"Unknown"
"7014857",371856,2025-06-19 06:07:43,43.3333396911621,-8.82680797576904,"Unknown"
"7014857",371856,2025-06-19 06:12:47,43.3175239562988,-8.85406494140625,"Unknown"
"7014857",371856,2025-06-19 06:17:44,43.3142356872559,-8.85711574554443,"Unknown"
"7014857",371856,2025-06-19 06:22:47,43.314510345459,-8.85705471038818,"Unknown"
"7014857",371856,2025-06-19 06:27:44,43.3003883361816,-8.85975551605225,"Unknown"
"7014857",371856,2025-06-19 06:32:49,43.2841339111328,-8.85434818267822,"Unknown"
"7014857",371856,2025-06-19 06:37:48,43.2831916809082,-8.85302925109863,"Unknown"
"7014857",371856,2025-06-19 06:43:14,43.2841758728027,-8.85465717315674,"Unknown"
"7014857",371856,2025-06-19 06:58:23,43.2843246459961,-8.85437488555908,"Unknown"
"7014857",371856,2025-06-19 07:02:53,43.2844085693359,-8.8544921875,"Unknown"
"7014857",371856,2025-06-19 07:07:45,43.281307220459,-8.8526725769043,"Unknown"
"7014857",371856,2025-06-19 07:12:55,43.2685585021973,-8.84475135803223,"Unknown"
"7014857",371856,2025-06-19 07:17:47,43.2426681518555,-8.83939647674561,"Unknown"
"7014857",371856,2025-06-19 07:23:14,43.2322807312012,-8.8424072265625,"Unknown"
"7014857",371856,2025-06-19 07:28:02,43.2324028015137,-8.84221649169922,"Unknown"
"7014857",371856,2025-06-19 07:32:54,43.2322235107422,-8.84185695648193,"Unknown"
"7014857",371856,2025-06-19 07:38:05,43.2322845458984,-8.84218120574951,"Unknown"
"7014857",371856,2025-06-19 07:43:13,43.2324638366699,-8.84288692474365,"Unknown"
"7014857",371856,2025-06-19 07:49:07,43.2327041625977,-8.84317111968994,"Unknown"
"7014857",371856,2025-06-19 07:53:05,43.2449226379395,-8.84268760681152,"Unknown"
"7014857",371856,2025-06-19 07:57:43,43.2783737182617,-8.84961605072021,"Unknown"
"7014857",371856,2025-06-19 08:02:43,43.316219329834,-8.85586833953857,"Unknown"
"7014857",371856,2025-06-19 08:07:43,43.3552322387695,-8.84598827362061,"Unknown"
"7014857",371856,2025-06-19 08:12:44,43.3592567443848,-8.84519290924072,"Unknown"
"7014857",371856,2025-06-19 08:17:43,43.3593254089355,-8.84523963928223,"Unknown"
"7014857",371856,2025-06-19 08:22:43,43.3593215942383,-8.84512615203857,"Unknown"
"7014857",371856,2025-06-19 08:27:47,43.3593978881836,-8.84520721435547,"Unknown"
"7014857",371856,2025-06-19 08:32:47,43.359317779541,-8.84525299072266,"Unknown"
"7014857",371856,2025-06-19 08:37:56,43.3593444824219,-8.84524154663086,"Unknown"
"7014857",371856,2025-06-19 08:42:50,43.3593254089355,-8.84519577026367,"Unknown"
"7014857",371856,2025-06-19 08:47:54,43.3593101501465,-8.84513187408447,"Unknown"
"7014857",371856,2025-06-19 08:52:45,43.3593864440918,-8.84522342681885,"Unknown"
"7014857",371856,2025-06-19 08:57:48,43.3593444824219,-8.84521102905273,"Unknown"
"7014857",371856,2025-06-19 09:02:46,43.3593673706055,-8.84511661529541,"Unknown"
"7014857",371856,2025-06-19 09:08:12,43.3593406677246,-8.84517574310303,"Unknown"
"7014857",371856,2025-06-19 09:12:45,43.359302520752,-8.84521579742432,"Unknown"
"7014857",371856,2025-06-19 09:17:43,43.3593559265137,-8.84516048431396,"Unknown"
"7014857",371856,2025-06-19 09:22:44,43.3588256835938,-8.84567642211914,"Unknown"
"7014857",371856,2025-06-19 09:27:44,43.332218170166,-8.84433555603027,"Unknown"
"7014857",371856,2025-06-19 09:32:44,43.3062438964844,-8.84605026245117,"Unknown"
"7014857",371856,2025-06-19 09:37:43,43.2868728637695,-8.85054397583008,"Unknown"
"7014857",371856,2025-06-19 09:42:43,43.284553527832,-8.85404968261719,"Unknown"
"7014857",371856,2025-06-19 09:47:46,43.2767143249512,-8.85430335998535,"Unknown"
"7014857",371856,2025-06-19 09:52:48,43.2762870788574,-8.85224437713623,"Unknown"
"7014857",371856,2025-06-19 09:58:04,43.2761650085449,-8.85234546661377,"Unknown"
"7014857",371856,2025-06-19 10:02:44,43.2712745666504,-8.84232044219971,"Unknown"
"7014857",371856,2025-06-19 10:07:55,43.2574462890625,-8.84316158294678,"Unknown"
"7014857",371856,2025-06-19 10:12:46,43.2328300476074,-8.84386920928955,"Unknown"
"7014857",371856,2025-06-19 10:18:06,43.2325744628906,-8.84307289123535,"Unknown"
"7014857",371856,2025-06-19 10:23:18,43.2323188781738,-8.84258556365967,"Unknown"
"7014857",371856,2025-06-19 10:28:17,43.2324676513672,-8.84299945831299,"Unknown"
"7014857",371856,2025-06-19 10:33:52,43.2322769165039,-8.84308052062988,"Unknown"
"7014857",371856,2025-06-19 10:38:30,43.2323989868164,-8.84318161010742,"Unknown"
"7014857",371856,2025-06-19 10:43:08,43.2325096130371,-8.84322357177734,"Unknown"
"7014857",371856,2025-06-19 10:49:07,43.2323989868164,-8.84329891204834,"Unknown"
"7014857",371856,2025-06-19 10:53:06,43.2322731018066,-8.84360504150391,"Unknown"
"7014857",371856,2025-06-19 10:59:07,43.2324028015137,-8.84356498718262,"Unknown"
"7014857",371856,2025-06-19 11:08:05,43.2361373901367,-8.84402847290039,"Unknown"
"7014857",371856,2025-06-19 11:12:47,43.246711730957,-8.84180736541748,"Unknown"
"7014857",371856,2025-06-19 11:17:54,43.2892684936523,-8.85594272613525,"Unknown"
"7014857",371856,2025-06-19 11:22:54,43.3158683776855,-8.84965801239014,"Unknown"
"7014857",371856,2025-06-19 11:27:47,43.3436622619629,-8.83889389038086,"Unknown"
"7014857",371856,2025-06-19 11:32:55,43.3593711853027,-8.84526062011719,"Unknown"
"7014857",371856,2025-06-19 11:37:56,43.3594169616699,-8.84505176544189,"Unknown"
"7014857",371856,2025-06-19 11:42:56,43.3594131469727,-8.84512233734131,"Unknown"
"7014857",371856,2025-06-19 11:47:55,43.3593559265137,-8.84508991241455,"Unknown"
"7014857",371856,2025-06-19 11:52:56,43.3593597412109,-8.84518241882324,"Unknown"
"7014857",371856,2025-06-19 11:58:01,43.3593673706055,-8.84517478942871,"Unknown"
"7014857",371856,2025-06-19 12:02:44,43.3593444824219,-8.84518909454346,"Unknown"
"7014857",371856,2025-06-19 12:07:44,43.3593215942383,-8.84516143798828,"Unknown"
"7014857",371856,2025-06-19 12:12:44,43.3593826293945,-8.84516716003418,"Unknown"
"7014857",371856,2025-06-19 12:17:44,43.3593788146973,-8.84510231018066,"Unknown"
"7014857",371856,2025-06-19 12:22:44,43.3593788146973,-8.84523296356201,"Unknown"
"7014857",371856,2025-06-19 12:27:44,43.3594093322754,-8.84526062011719,"Unknown"
"7014857",371856,2025-06-19 12:32:43,43.359317779541,-8.84514331817627,"Unknown"
"7014857",371856,2025-06-19 12:37:43,43.3592872619629,-8.84506702423096,"Unknown"
"7014857",371856,2025-06-19 12:42:44,43.3593902587891,-8.84521770477295,"Unknown"
"7014857",371856,2025-06-19 12:47:43,43.3595542907715,-8.84511947631836,"Unknown"
"7014857",371856,2025-06-19 12:52:45,43.3597297668457,-8.84517097473145,"Unknown"
"7014857",371856,2025-06-19 12:57:46,43.3595886230469,-8.8452205657959,"Unknown"
"7014857",371856,2025-06-19 13:02:46,43.3594093322754,-8.84515476226807,"Unknown"
"7014857",371856,2025-06-19 13:07:45,43.3597640991211,-8.84524345397949,"Unknown"
"7014857",371856,2025-06-19 13:12:49,43.3598823547363,-8.84515953063965,"Unknown"
"7014857",371856,2025-06-19 13:18:05,43.3594703674316,-8.84521484375,"Unknown"
"7014857",371856,2025-06-19 13:22:44,43.3593521118164,-8.84505653381348,"Unknown"
"7014857",371856,2025-06-19 13:27:45,43.359432220459,-8.8451099395752,"Unknown"
"7014857",371856,2025-06-19 13:32:44,43.3594589233398,-8.845046043396,"Unknown"
"7014857",371856,2025-06-19 13:37:46,43.3591842651367,-8.84531021118164,"Unknown"
"7014857",371856,2025-06-19 13:42:44,43.3586235046387,-8.84559726715088,"Unknown"
"7014857",371856,2025-06-19 13:47:43,43.3708953857422,-8.8551778793335,"Unknown"
"7014857",371856,2025-06-19 13:52:43,43.3918037414551,-8.87569236755371,"Unknown"
"7014857",371856,2025-06-19 13:57:43,43.4119720458984,-8.88832569122314,"Unknown"
"7014857",371856,2025-06-19 14:02:44,43.4352416992188,-8.89573097229004,"Unknown"
"7014857",371856,2025-06-19 14:07:44,43.4637260437012,-8.90552997589111,"Unknown"
"7014857",371856,2025-06-19 14:12:47,43.4921226501465,-8.8825044631958,"Unknown"
"7014857",371856,2025-06-19 14:17:45,43.4885482788086,-8.8656005859375,"Unknown"
"7014857",371856,2025-06-19 14:22:44,43.484992980957,-8.85012149810791,"Unknown"
"7014857",371856,2025-06-19 14:27:46,43.4822044372559,-8.84136199951172,"Unknown"
"7014857",371856,2025-06-19 14:32:48,43.4802513122559,-8.81593990325928,"Unknown"
"7014857",371856,2025-06-19 14:37:49,43.4775581359863,-8.79955863952637,"Unknown"
"7014857",371856,2025-06-19 14:42:45,43.4755706787109,-8.77481651306152,"Unknown"
"7014857",371856,2025-06-19 14:47:50,43.474006652832,-8.75636577606201,"Unknown"
"7014857",371856,2025-06-19 14:52:48,43.473705291748,-8.75600910186768,"Unknown"
"7014857",371856,2025-06-19 14:57:57,43.4734039306641,-8.75632953643799,"Unknown"
"7014857",371856,2025-06-19 15:02:45,43.4733352661133,-8.75612449645996,"Unknown"
"7014857",371856,2025-06-19 15:07:56,43.4736137390137,-8.75535488128662,"Unknown"
"7014857",371856,2025-06-19 15:12:45,43.4736366271973,-8.75497245788574,"Unknown"
"7014857",371856,2025-06-19 15:17:46,43.4729652404785,-8.75920009613037,"Unknown"
"7014857",371856,2025-06-19 15:22:49,43.468376159668,-8.78444004058838,"Unknown"
"7014857",371856,2025-06-19 15:27:53,43.4695091247559,-8.77734756469727,"Unknown"
"7014857",371856,2025-06-19 15:33:02,43.4696731567383,-8.77008628845215,"Unknown"
"7014857",371856,2025-06-19 15:37:58,43.4703102111816,-8.76395320892334,"Unknown"
"7014857",371856,2025-06-19 15:43:05,43.4710655212402,-8.75748157501221,"Unknown"
"7014857",371856,2025-06-19 15:48:23,43.4718627929688,-8.75115776062012,"Unknown"
"7014857",371856,2025-06-19 15:53:10,43.4721565246582,-8.74475574493408,"Unknown"
"7014857",371856,2025-06-19 15:57:50,43.4729919433594,-8.73861503601074,"Unknown"
"7014857",371856,2025-06-19 16:07:55,43.4932594299316,-8.742018699646,"Unknown"
"7014857",371856,2025-06-19 16:12:55,43.519962310791,-8.76210403442383,"Unknown"
"7014857",371856,2025-06-19 16:17:46,43.5295104980469,-8.7973804473877,"Unknown"
"7014857",371856,2025-06-19 16:22:53,43.5464630126953,-8.82454204559326,"Unknown"
"7014857",371856,2025-06-19 16:27:55,43.5472984313965,-8.83902072906494,"Unknown"
"7014857",371856,2025-06-19 16:32:43,43.5408477783203,-8.87523365020752,"Unknown"
"7014857",371856,2025-06-19 16:38:18,43.5257339477539,-8.87693500518799,"Unknown"
"7014857",371856,2025-06-19 16:43:04,43.5069732666016,-8.8747673034668,"Unknown"
"7014857",371856,2025-06-19 16:48:14,43.5032615661621,-8.86763000488281,"Unknown"
"7014857",371856,2025-06-19 16:52:44,43.496395111084,-8.84721565246582,"Unknown"
"7014857",371856,2025-06-19 16:57:49,43.4958038330078,-8.84219455718994,"Unknown"
"7014857",371856,2025-06-19 17:02:49,43.4958686828613,-8.83883953094482,"Unknown"
"7014857",371856,2025-06-19 17:07:55,43.4961280822754,-8.83936786651611,"Unknown"
"7014857",371856,2025-06-19 17:12:50,43.4957847595215,-8.83973598480225,"Unknown"
"7014857",371856,2025-06-19 17:17:47,43.4826889038086,-8.83086204528809,"Unknown"
"7014857",371856,2025-06-19 17:22:46,43.4523429870605,-8.81470775604248,"Unknown"
"7014857",371856,2025-06-19 17:27:49,43.4181976318359,-8.81522560119629,"Unknown"
"7014857",371856,2025-06-19 17:32:56,43.3878974914551,-8.82989883422852,"Unknown"
"7014857",371856,2025-06-19 17:37:58,43.360294342041,-8.84719657897949,"Unknown"
"7014857",371856,2025-06-19 17:43:06,43.3594589233398,-8.84521579742432,"Unknown"
"7014857",371856,2025-06-19 17:48:14,43.3595657348633,-8.84536170959473,"Unknown"
"7014857",371856,2025-06-19 17:52:47,43.3594169616699,-8.84533500671387,"Unknown"
"7014857",371856,2025-06-19 17:57:53,43.3593940734863,-8.84525203704834,"Unknown"
"7014857",371856,2025-06-19 18:02:43,43.3592720031738,-8.84505367279053,"Unknown"
"7014857",371856,2025-06-19 18:07:43,43.3593254089355,-8.84518051147461,"Unknown"
"7014857",371856,2025-06-19 18:12:43,43.3593215942383,-8.84510231018066,"Unknown"
"7014857",371856,2025-06-19 18:17:43,43.3593101501465,-8.84521102905273,"Unknown"
"7014857",371856,2025-06-19 18:22:43,43.3592834472656,-8.84504318237305,"Unknown"
"7014857",371856,2025-06-19 18:27:43,43.3592872619629,-8.84508037567139,"Unknown"
"7014857",371856,2025-06-19 18:32:43,43.3592376708984,-8.84499931335449,"Unknown"
"7014857",371856,2025-06-19 18:38:00,43.359130859375,-8.84525203704834,"Unknown"
"7014857",371856,2025-06-19 18:43:04,43.359188079834,-8.84529972076416,"Unknown"
"7014857",371856,2025-06-19 18:47:46,43.3585777282715,-8.84574222564697,"Unknown"
"7014857",371856,2025-06-19 18:52:45,43.3274879455566,-8.84809494018555,"Unknown"
"7014857",371856,2025-06-19 18:57:46,43.3144035339355,-8.85684585571289,"Unknown"
"7014857",371856,2025-06-19 19:02:46,43.3142509460449,-8.8571081161499,"Unknown"
"7014857",371856,2025-06-19 19:07:46,43.3143119812012,-8.85709476470947,"Unknown"
"7014857",371856,2025-06-19 19:12:50,43.3144989013672,-8.85700607299805,"Unknown"
"7014857",371856,2025-06-19 19:17:46,43.3268966674805,-8.85017490386963,"Unknown"
"7014857",371856,2025-06-19 19:22:46,43.3584251403809,-8.84526634216309,"Unknown"
"7014857",371856,2025-06-19 19:27:58,43.359260559082,-8.84519672393799,"Unknown"
"7014857",371856,2025-06-19 19:33:29,43.3591461181641,-8.84515190124512,"Unknown"
"7014857",371856,2025-06-19 19:37:46,43.3591041564941,-8.84520626068115,"Unknown"
"7014857",371856,2025-06-19 19:42:44,43.3592109680176,-8.84505844116211,"Unknown"
"7014857",371856,2025-06-19 19:47:49,43.3593368530273,-8.84517097473145,"Unknown"
"7014857",371856,2025-06-19 19:52:44,43.3593215942383,-8.84505081176758,"Unknown"
"7014857",371856,2025-06-19 19:57:46,43.3594169616699,-8.84536552429199,"Unknown"
"7014857",371856,2025-06-19 20:02:47,43.359375,-8.84520053863525,"Unknown"
"7014857",371856,2025-06-19 20:07:52,43.3593902587891,-8.84512996673584,"Unknown"
"7014857",371856,2025-06-19 20:12:45,43.3593788146973,-8.84506702423096,"Unknown"
"7014857",371856,2025-06-19 20:17:46,43.3593559265137,-8.84510231018066,"Unknown"
"7014857",371856,2025-06-19 20:22:47,43.3594055175781,-8.84506416320801,"Unknown"
"7014857",371856,2025-06-19 20:27:46,43.3593482971191,-8.84514141082764,"Unknown"
"7014857",371856,2025-06-19 20:32:45,43.3593292236328,-8.84518432617188,"Unknown"
"7014857",371856,2025-06-19 20:37:46,43.3591918945312,-8.84525489807129,"Unknown"
"7014857",371856,2025-06-19 20:42:43,43.3575210571289,-8.83402824401855,"Unknown"
"7014857",371856,2025-06-19 20:47:43,43.3469085693359,-8.79209423065186,"Unknown"
"7014857",371856,2025-06-19 20:52:47,43.340259552002,-8.77599811553955,"Unknown"
"7014857",371856,2025-06-19 20:57:46,43.3411750793457,-8.77477836608887,"Unknown"
"7014857",371856,2025-06-19 21:02:55,43.3413543701172,-8.77477836608887,"Unknown"
"7014857",371856,2025-06-19 21:05:23,43.3415794372559,-8.77478408813477,"Unknown"
"7014857",371856,2025-06-20 02:05:46,43.3593292236328,-8.84511280059814,"Unknown"
"7014857",371856,2025-06-20 02:32:41,43.3592643737793,-8.84520244598389,"Unknown"
"7014857",371856,2025-06-20 02:37:40,43.3591537475586,-8.84520149230957,"Unknown"
"7014857",371856,2025-06-20 02:42:40,43.3594818115234,-8.84502220153809,"Unknown"
"7014857",371856,2025-06-20 02:48:05,43.3593597412109,-8.84514427185059,"Unknown"
"7014857",371856,2025-06-20 02:52:40,43.3593673706055,-8.84517955780029,"Unknown"
"7014857",371856,2025-06-20 02:57:39,43.3593254089355,-8.84521579742432,"Unknown"
"7014857",371856,2025-06-20 03:02:39,43.3593788146973,-8.84512138366699,"Unknown"
"7014857",371856,2025-06-20 03:07:40,43.3593292236328,-8.84516143798828,"Unknown"
"7014857",371856,2025-06-20 03:12:40,43.3593826293945,-8.84515476226807,"Unknown"
"7014857",371856,2025-06-20 03:17:40,43.3593826293945,-8.84513664245605,"Unknown"
"7014857",371856,2025-06-20 03:22:40,43.3593673706055,-8.84508228302002,"Unknown"
"7014857",371856,2025-06-20 03:27:40,43.3593406677246,-8.84507369995117,"Unknown"
"7014857",371856,2025-06-20 03:32:42,43.3594131469727,-8.84510517120361,"Unknown"
"7014857",371856,2025-06-20 03:37:39,43.3594169616699,-8.84513759613037,"Unknown"
"7014857",371856,2025-06-20 03:42:42,43.3593215942383,-8.84509086608887,"Unknown"
"7014857",371856,2025-06-20 03:47:41,43.3589820861816,-8.84480857849121,"Unknown"
"7014857",371856,2025-06-20 03:52:43,43.359245300293,-8.84523487091064,"Unknown"
"7014857",371856,2025-06-20 03:57:41,43.3592300415039,-8.84518432617188,"Unknown"
"7014857",371856,2025-06-20 04:02:47,43.3593597412109,-8.8453483581543,"Unknown"
"7014857",371856,2025-06-20 04:07:41,43.3589897155762,-8.84493637084961,"Unknown"
"7014857",371856,2025-06-20 04:12:43,43.3593940734863,-8.84514427185059,"Unknown"
"7014857",371856,2025-06-20 04:17:49,43.3594055175781,-8.84510135650635,"Unknown"
"7014857",371856,2025-06-20 04:22:47,43.359504699707,-8.84531307220459,"Unknown"
"7014857",371856,2025-06-20 04:27:41,43.3593482971191,-8.84517383575439,"Unknown"
"7014857",371856,2025-06-20 04:33:04,43.3593940734863,-8.84531784057617,"Unknown"
"7014857",371856,2025-06-20 04:37:40,43.3594436645508,-8.84523010253906,"Unknown"
"7014857",371856,2025-06-20 04:42:41,43.3594589233398,-8.84531784057617,"Unknown"
"7014857",371856,2025-06-20 04:47:39,43.3593139648438,-8.84511184692383,"Unknown"
"7014857",371856,2025-06-20 04:52:39,43.359375,-8.84510803222656,"Unknown"
"7014857",371856,2025-06-20 04:57:43,43.359302520752,-8.8451681137085,"Unknown"
"7014857",371856,2025-06-20 05:02:39,43.3552055358887,-8.86546802520752,"Unknown"
"7014857",371856,2025-06-20 05:07:40,43.324520111084,-8.86570644378662,"Unknown"
"7014857",371856,2025-06-20 05:12:40,43.2952880859375,-8.85929489135742,"Unknown"
"7014857",371856,2025-06-20 05:18:23,43.2842216491699,-8.85442733764648,"Unknown"
"7014857",371856,2025-06-20 05:22:48,43.2841529846191,-8.85447978973389,"Unknown"
"7014857",371856,2025-06-20 05:27:42,43.2840423583984,-8.85467910766602,"Unknown"
"7014857",371856,2025-06-20 05:32:44,43.2841033935547,-8.85459423065186,"Unknown"
"7014857",371856,2025-06-20 05:37:43,43.2840690612793,-8.85458660125732,"Unknown"
"7014857",371856,2025-06-20 05:42:53,43.2842864990234,-8.85480499267578,"Unknown"
"7014857",371856,2025-06-20 05:47:43,43.2763824462891,-8.85232067108154,"Unknown"
"7014857",371856,2025-06-20 05:52:49,43.2763137817383,-8.85244655609131,"Unknown"
"7014857",371856,2025-06-20 05:57:53,43.2764663696289,-8.85251712799072,"Unknown"
"7014857",371856,2025-06-20 06:02:46,43.2763366699219,-8.85249900817871,"Unknown"
"7014857",371856,2025-06-20 06:07:52,43.2764129638672,-8.85229015350342,"Unknown"
"7014857",371856,2025-06-20 06:12:49,43.2762298583984,-8.85235977172852,"Unknown"
"7014857",371856,2025-06-20 06:17:39,43.2992134094238,-8.8571138381958,"Unknown"
"7014857",371856,2025-06-20 06:22:41,43.3141326904297,-8.85707855224609,"Unknown"
"7014857",371856,2025-06-20 06:27:40,43.3413696289062,-8.84677886962891,"Unknown"
"7014857",371856,2025-06-20 06:32:43,43.3594512939453,-8.84532833099365,"Unknown"
"7014857",371856,2025-06-20 06:37:49,43.3595123291016,-8.84541416168213,"Unknown"
"7014857",371856,2025-06-20 06:42:50,43.3593559265137,-8.84518718719482,"Unknown"
"7014857",371856,2025-06-20 06:47:50,43.3594284057617,-8.84531307220459,"Unknown"
"7014857",371856,2025-06-20 06:53:05,43.3594589233398,-8.84532165527344,"Unknown"
"7014857",371856,2025-06-20 06:57:46,43.3593406677246,-8.84531497955322,"Unknown"
"7014857",371856,2025-06-20 07:03:05,43.3593444824219,-8.84513378143311,"Unknown"
"7014857",371856,2025-06-20 07:07:44,43.3593444824219,-8.84516716003418,"Unknown"
"7014857",371856,2025-06-20 07:12:41,43.3593673706055,-8.84517478942871,"Unknown"
"7014857",371856,2025-06-20 07:17:43,43.3593597412109,-8.84518718719482,"Unknown"
"7014857",371856,2025-06-20 07:22:42,43.3593711853027,-8.84517669677734,"Unknown"
"7014857",371856,2025-06-20 07:27:41,43.3592910766602,-8.84522819519043,"Unknown"
"7014857",371856,2025-06-20 07:32:39,43.3594589233398,-8.84523582458496,"Unknown"
"7014857",371856,2025-06-20 07:37:48,43.3593711853027,-8.84528732299805,"Unknown"
"7014857",371856,2025-06-20 07:43:05,43.3593597412109,-8.84520053863525,"Unknown"
"7014857",371856,2025-06-20 07:47:39,43.3593254089355,-8.84524440765381,"Unknown"
"7014857",371856,2025-06-20 07:52:39,43.3593444824219,-8.84524345397949,"Unknown"
"7014857",371856,2025-06-20 07:57:46,43.3594169616699,-8.84517002105713,"Unknown"
"7014857",371856,2025-06-20 08:02:39,43.3593902587891,-8.84510612487793,"Unknown"
"7014857",371856,2025-06-20 08:07:39,43.3593635559082,-8.84522724151611,"Unknown"
"7014857",371856,2025-06-20 08:12:42,43.3593330383301,-8.84528255462646,"Unknown"
"7014857",371856,2025-06-20 08:17:53,43.3593063354492,-8.84530830383301,"Unknown"
"7014857",371856,2025-06-20 08:22:41,43.359489440918,-8.84517765045166,"Unknown"
"7014857",371856,2025-06-20 08:27:39,43.3594207763672,-8.84517288208008,"Unknown"
"7014857",371856,2025-06-20 08:32:39,43.3594207763672,-8.84513759613037,"Unknown"
"7014857",371856,2025-06-20 08:37:39,43.3593902587891,-8.84526252746582,"Unknown"
"7014857",371856,2025-06-20 08:42:39,43.3594055175781,-8.84519481658936,"Unknown"
"7014857",371856,2025-06-20 08:47:39,43.3594703674316,-8.8452091217041,"Unknown"
"7014857",371856,2025-06-20 08:52:39,43.3594970703125,-8.84528255462646,"Unknown"
"7014857",371856,2025-06-20 08:57:39,43.3593978881836,-8.8452091217041,"Unknown"
"7014857",371856,2025-06-20 09:02:41,43.3593864440918,-8.84518146514893,"Unknown"
"7014857",371856,2025-06-20 09:07:40,43.3594284057617,-8.84520149230957,"Unknown"
"7014857",371856,2025-06-20 09:12:40,43.3592376708984,-8.84517574310303,"Unknown"
"7014857",371856,2025-06-20 09:17:40,43.3593902587891,-8.84532642364502,"Unknown"
"7014857",371856,2025-06-20 09:22:44,43.359447479248,-8.84527778625488,"Unknown"
"7014857",371856,2025-06-20 09:27:50,43.3593597412109,-8.84516525268555,"Unknown"
"7014857",371856,2025-06-20 09:32:40,43.353702545166,-8.84459686279297,"Unknown"
"7014857",371856,2025-06-20 09:37:39,43.3202972412109,-8.84707164764404,"Unknown"
"7014857",371856,2025-06-20 09:42:39,43.284740447998,-8.85500049591064,"Unknown"
"7014857",371856,2025-06-20 09:47:47,43.2843742370605,-8.85438823699951,"Unknown"
"7014857",371856,2025-06-20 09:53:09,43.2842102050781,-8.85446166992188,"Unknown"
"7014857",371856,2025-06-20 09:57:41,43.284049987793,-8.85458087921143,"Unknown"
"7014857",371856,2025-06-20 10:04:03,43.2840423583984,-8.85426902770996,"Unknown"
"7014857",371856,2025-06-20 10:08:10,43.2781066894531,-8.85042476654053,"Unknown"
"7014857",371856,2025-06-20 10:12:38,43.253662109375,-8.84383869171143,"Unknown"
"7014857",371856,2025-06-20 10:18:05,43.2324485778809,-8.84285736083984,"Unknown"
"7014857",371856,2025-06-20 10:23:10,43.232292175293,-8.84292316436768,"Unknown"
"7014857",371856,2025-06-20 10:28:37,43.2322845458984,-8.84337043762207,"Unknown"
"7014857",371856,2025-06-20 10:33:26,43.2325286865234,-8.84287643432617,"Unknown"
"7014857",371856,2025-06-20 10:38:09,43.232479095459,-8.84289646148682,"Unknown"
"7014857",371856,2025-06-20 10:42:43,43.2399787902832,-8.83443164825439,"Unknown"
"7014857",371856,2025-06-20 10:48:05,43.2664604187012,-8.84127235412598,"Unknown"
"7014857",371856,2025-06-20 10:52:38,43.2784309387207,-8.84253025054932,"Unknown"
"7014857",371856,2025-06-20 10:57:38,43.3070678710938,-8.84539413452148,"Unknown"
"7014857",371856,2025-06-20 11:02:42,43.333911895752,-8.84517478942871,"Unknown"
"7014857",371856,2025-06-20 11:07:43,43.3582534790039,-8.84548664093018,"Unknown"
"7014857",371856,2025-06-20 11:12:39,43.3594017028809,-8.84522342681885,"Unknown"
"7014857",371856,2025-06-20 11:17:46,43.3593254089355,-8.84521770477295,"Unknown"
"7014857",371856,2025-06-20 11:22:43,43.3593254089355,-8.84511947631836,"Unknown"
"7014857",371856,2025-06-20 11:27:49,43.3594207763672,-8.84523963928223,"Unknown"
"7014857",371856,2025-06-20 11:32:41,43.3594207763672,-8.84537792205811,"Unknown"
"7014857",371856,2025-06-20 11:37:42,43.3594245910645,-8.8452730178833,"Unknown"
"7014857",371856,2025-06-20 11:42:45,43.3593826293945,-8.84513568878174,"Unknown"
"7014857",371856,2025-06-20 11:48:05,43.3594055175781,-8.8452091217041,"Unknown"
"7014857",371856,2025-06-20 11:52:38,43.3593597412109,-8.84521293640137,"Unknown"
"7014857",371856,2025-06-20 11:57:39,43.3593711853027,-8.84521675109863,"Unknown"
"7014857",371856,2025-06-20 12:02:39,43.3593673706055,-8.84521961212158,"Unknown"
"7014857",371856,2025-06-20 12:07:38,43.3593826293945,-8.84518051147461,"Unknown"
"7014857",371856,2025-06-20 12:12:39,43.3593406677246,-8.84524059295654,"Unknown"
"7014857",371856,2025-06-20 12:17:46,43.3593864440918,-8.84512996673584,"Unknown"
"7014857",371856,2025-06-20 12:22:52,43.3594398498535,-8.84534931182861,"Unknown"
"7014857",371856,2025-06-20 12:27:42,43.3594551086426,-8.84516716003418,"Unknown"
"7014857",371856,2025-06-20 12:33:05,43.3593711853027,-8.84514999389648,"Unknown"
"7014857",371856,2025-06-20 12:37:41,43.3593635559082,-8.84507083892822,"Unknown"
"7014857",371856,2025-06-20 12:42:39,43.3593864440918,-8.8451509475708,"Unknown"
"7014857",371856,2025-06-20 12:47:39,43.3594131469727,-8.84519290924072,"Unknown"
"7014857",371856,2025-06-20 12:52:42,43.3594055175781,-8.84521484375,"Unknown"
"7014857",371856,2025-06-20 12:57:38,43.3593902587891,-8.84519195556641,"Unknown"
"7014857",371856,2025-06-20 13:02:38,43.3593597412109,-8.84517478942871,"Unknown"
"7014857",371856,2025-06-20 13:07:38,43.3593559265137,-8.84519195556641,"Unknown"
"7014857",371856,2025-06-20 13:12:38,43.3594055175781,-8.84516906738281,"Unknown"
"7014857",371856,2025-06-20 13:17:38,43.3593444824219,-8.84514617919922,"Unknown"
"7014857",371856,2025-06-20 13:22:38,43.3593635559082,-8.84511756896973,"Unknown"
"7014857",371856,2025-06-20 13:27:38,43.3593864440918,-8.8451509475708,"Unknown"
"7014857",371856,2025-06-20 13:32:41,43.3593406677246,-8.84520721435547,"Unknown"
"7014857",371856,2025-06-20 13:37:38,43.3592491149902,-8.84527111053467,"Unknown"
"7014857",371856,2025-06-20 13:42:39,43.359302520752,-8.8452320098877,"Unknown"
"7014857",371856,2025-06-20 13:47:42,43.3593368530273,-8.84518527984619,"Unknown"
"7014857",371856,2025-06-20 13:52:40,43.3594703674316,-8.84517955780029,"Unknown"
"7014857",371856,2025-06-20 13:57:41,43.3591728210449,-8.8451976776123,"Unknown"
"7014857",371856,2025-06-20 14:02:51,43.3592338562012,-8.84516334533691,"Unknown"
"7014857",371856,2025-06-20 14:07:39,43.3592987060547,-8.8451623916626,"Unknown"
"7014857",371856,2025-06-20 14:12:53,43.3592872619629,-8.84514617919922,"Unknown"
"7014857",371856,2025-06-20 14:17:42,43.359302520752,-8.84508514404297,"Unknown"
"7014857",371856,2025-06-20 14:22:39,43.3592491149902,-8.84519386291504,"Unknown"
"7014857",371856,2025-06-20 14:27:39,43.359375,-8.84512042999268,"Unknown"
"7014857",371856,2025-06-20 14:32:40,43.3592872619629,-8.84514904022217,"Unknown"
"7014857",371856,2025-06-20 14:37:51,43.3594017028809,-8.84516525268555,"Unknown"
"7014857",371856,2025-06-20 14:42:47,43.3592643737793,-8.84515476226807,"Unknown"
"7014857",371856,2025-06-20 14:48:05,43.3593444824219,-8.8451452255249,"Unknown"
"7014857",371856,2025-06-20 14:52:39,43.3593521118164,-8.84521007537842,"Unknown"
"7014857",371856,2025-06-20 14:57:39,43.359432220459,-8.84519577026367,"Unknown"
"7014857",371856,2025-06-20 15:02:39,43.3604278564453,-8.84695243835449,"Unknown"
"7014857",371856,2025-06-20 15:07:39,43.3745231628418,-8.86575222015381,"Unknown"
"7014857",371856,2025-06-20 15:12:39,43.3806457519531,-8.90721893310547,"Unknown"
"7014857",371856,2025-06-20 15:17:39,43.3792419433594,-8.95489311218262,"Unknown"
"7014857",371856,2025-06-20 15:22:39,43.3772048950195,-9.00050067901611,"Unknown"
"7014857",371856,2025-06-20 15:27:39,43.3946113586426,-9.02781009674072,"Unknown"
"7014857",371856,2025-06-20 15:32:39,43.419979095459,-9.02616405487061,"Unknown"
"7014857",371856,2025-06-20 15:37:40,43.442024230957,-9.02538871765137,"Unknown"
"7014857",371856,2025-06-20 15:42:40,43.4423675537109,-9.02600860595703,"Unknown"
"7014857",371856,2025-06-20 15:47:40,43.4443664550781,-9.00100898742676,"Unknown"
"7014857",371856,2025-06-20 15:52:41,43.4329414367676,-9.00247955322266,"Unknown"
"7014857",371856,2025-06-20 15:57:42,43.420783996582,-9.0031270980835,"Unknown"
"7014857",371856,2025-06-20 16:02:42,43.4090576171875,-9.00446701049805,"Unknown"
"7014857",371856,2025-06-20 16:07:48,43.3978042602539,-9.00558853149414,"Unknown"
"7014857",371856,2025-06-20 16:12:40,43.387622833252,-9.00577926635742,"Unknown"
"7014857",371856,2025-06-20 16:17:48,43.3773193359375,-9.00695419311523,"Unknown"
"7014857",371856,2025-06-20 16:22:40,43.3647270202637,-9.0068359375,"Unknown"
"7014857",371856,2025-06-20 16:27:45,43.3533515930176,-9.00724315643311,"Unknown"
"7014857",371856,2025-06-20 16:32:47,43.3417701721191,-9.00802421569824,"Unknown"
"7014857",371856,2025-06-20 16:37:41,43.3308792114258,-9.00885486602783,"Unknown"
"7014857",371856,2025-06-20 16:42:45,43.3198852539062,-9.01017379760742,"Unknown"
"7014857",371856,2025-06-20 16:47:46,43.3090934753418,-9.01136493682861,"Unknown"
"7014857",371856,2025-06-20 16:52:40,43.316478729248,-8.97692012786865,"Unknown"
"7014857",371856,2025-06-20 16:58:05,43.3250732421875,-8.94037246704102,"Unknown"
"7014857",371856,2025-06-20 17:02:38,43.3380928039551,-8.90869426727295,"Unknown"
"7014857",371856,2025-06-20 17:07:39,43.3524475097656,-8.87073707580566,"Unknown"
"7014857",371856,2025-06-20 17:12:39,43.3593826293945,-8.84519481658936,"Unknown"
"7014857",371856,2025-06-20 17:17:41,43.3593482971191,-8.84529304504395,"Unknown"
"7014857",371856,2025-06-20 17:22:41,43.3593368530273,-8.84521770477295,"Unknown"
"7014857",371856,2025-06-20 17:27:40,43.3591842651367,-8.84514617919922,"Unknown"
"7014857",371856,2025-06-20 17:32:41,43.3592185974121,-8.84510135650635,"Unknown"
"7014857",371856,2025-06-20 17:37:49,43.3593673706055,-8.84520816802979,"Unknown"
"7014857",371856,2025-06-20 17:42:42,43.3594131469727,-8.84515857696533,"Unknown"
"7014857",371856,2025-06-20 17:47:41,43.359561920166,-8.8455228805542,"Unknown"
"7014857",371856,2025-06-20 17:52:48,43.3593788146973,-8.84517097473145,"Unknown"
"7014857",371856,2025-06-20 17:57:42,43.3599700927734,-8.84537124633789,"Unknown"
"7014857",371856,2025-06-20 18:02:55,43.359302520752,-8.84514808654785,"Unknown"
"7014857",371856,2025-06-20 18:07:48,43.3592491149902,-8.84509086608887,"Unknown"
"7014857",371856,2025-06-20 18:13:02,43.3593559265137,-8.84525012969971,"Unknown"
"7014857",371856,2025-06-20 18:17:38,43.3593292236328,-8.84527206420898,"Unknown"
"7014857",371856,2025-06-20 18:22:38,43.3593063354492,-8.84533309936523,"Unknown"
"7014857",371856,2025-06-20 18:27:38,43.359317779541,-8.84526920318604,"Unknown"
"7014857",371856,2025-06-20 18:32:38,43.3593711853027,-8.84543228149414,"Unknown"
"7014857",371856,2025-06-20 18:37:39,43.3592567443848,-8.84537124633789,"Unknown"
"7014857",371856,2025-06-20 18:42:38,43.3593978881836,-8.84525394439697,"Unknown"
"7014857",371856,2025-06-20 18:47:38,43.3593330383301,-8.84519290924072,"Unknown"
"7014857",371856,2025-06-20 18:52:42,43.359447479248,-8.84527683258057,"Unknown"
"7014857",371856,2025-06-20 18:57:39,43.3594818115234,-8.84522342681885,"Unknown"
"7014857",371856,2025-06-20 19:02:39,43.3594703674316,-8.84524917602539,"Unknown"
"7014857",371856,2025-06-20 19:07:39,43.3593635559082,-8.84533596038818,"Unknown"
"7014857",371856,2025-06-20 19:12:39,43.359375,-8.8452844619751,"Unknown"
"7014857",371856,2025-06-20 19:17:38,43.3593635559082,-8.84528541564941,"Unknown"
"7014857",371856,2025-06-20 19:22:41,43.3594131469727,-8.84518718719482,"Unknown"
"7014857",371856,2025-06-20 19:27:45,43.3593826293945,-8.84517192840576,"Unknown"
"7014857",371856,2025-06-20 19:32:39,43.3594665527344,-8.845458984375,"Unknown"
"7014857",371856,2025-06-20 19:37:48,43.3593292236328,-8.84522342681885,"Unknown"
"7014857",371856,2025-06-20 19:42:39,43.3592681884766,-8.84557056427002,"Unknown"
"7014857",371856,2025-06-20 19:47:48,43.3593635559082,-8.8455228805542,"Unknown"
"7014857",371856,2025-06-20 19:52:46,43.3596420288086,-8.84641456604004,"Unknown"
"7014857",371856,2025-06-20 19:57:42,43.3590621948242,-8.84483432769775,"Unknown"
"7014857",371856,2025-06-20 20:02:53,43.3593215942383,-8.84614086151123,"Unknown"
"7014857",371856,2025-06-20 20:07:42,43.3603897094727,-8.82264518737793,"Unknown"
"7014857",371856,2025-06-20 20:12:48,43.3574867248535,-8.79800033569336,"Unknown"
"7014857",371856,2025-06-20 20:17:48,43.3575553894043,-8.79706001281738,"Unknown"
"7014857",371856,2025-06-20 20:22:48,43.3574523925781,-8.79660320281982,"Unknown"
"7014857",371856,2025-06-20 20:28:05,43.3328819274902,-8.7571907043457,"Unknown"
"7014857",371856,2025-06-20 20:32:42,43.3302307128906,-8.71140289306641,"Unknown"
"7014857",371856,2025-06-20 20:37:41,43.348258972168,-8.68528842926025,"Unknown"
"7014857",371856,2025-06-20 20:42:41,43.3596038818359,-8.70868396759033,"Unknown"
"7014857",371856,2025-06-20 20:47:49,43.3642387390137,-8.72659587860107,"Unknown"
"7014857",371856,2025-06-20 20:52:40,43.3635940551758,-8.72566509246826,"Unknown"
"7014857",371856,2025-06-20 20:57:41,43.3637619018555,-8.72504711151123,"Unknown"
"7014857",371856,2025-06-20 21:02:41,43.3709754943848,-8.73955631256104,"Unknown"
"7014857",371856,2025-06-20 21:05:47,43.3749961853027,-8.76047897338867,"Unknown"
"7014857",371856,2025-06-21 02:06:06,43.359317779541,-8.84522533416748,"Unknown"
"7014857",371856,2025-06-21 02:32:44,43.3593406677246,-8.84520244598389,"Unknown"
"7014857",371856,2025-06-21 02:37:34,43.3590507507324,-8.84505367279053,"Unknown"
"7014857",371856,2025-06-21 02:42:28,43.3592529296875,-8.84512424468994,"Unknown"
"7014857",371856,2025-06-21 02:47:22,43.3592224121094,-8.84521865844727,"Unknown"
"7014857",371856,2025-06-21 02:52:24,43.3590507507324,-8.84506416320801,"Unknown"
"7014857",371856,2025-06-21 02:57:22,43.3592910766602,-8.84517097473145,"Unknown"
"7014857",371856,2025-06-21 03:02:23,43.3593673706055,-8.84514904022217,"Unknown"
"7014857",371856,2025-06-21 03:07:22,43.3593215942383,-8.84507942199707,"Unknown"
"7014857",371856,2025-06-21 03:12:24,43.3592300415039,-8.84506797790527,"Unknown"
"7014857",371856,2025-06-21 03:17:23,43.3592491149902,-8.84504890441895,"Unknown"
"7014857",371856,2025-06-21 03:22:38,43.3592643737793,-8.84519481658936,"Unknown"
"7014857",371856,2025-06-21 03:27:34,43.3593215942383,-8.84521293640137,"Unknown"
"7014857",371856,2025-06-21 03:32:44,43.3593978881836,-8.84529781341553,"Unknown"
"7014857",371856,2025-06-21 03:37:21,43.3595352172852,-8.84543895721436,"Unknown"
"7014857",371856,2025-06-21 03:42:22,43.3593711853027,-8.84525299072266,"Unknown"
"7014857",371856,2025-06-21 03:47:21,43.3593864440918,-8.84526538848877,"Unknown"
"7014857",371856,2025-06-21 03:52:30,43.3594818115234,-8.84536361694336,"Unknown"
"7014857",371856,2025-06-21 03:57:44,43.3594284057617,-8.84520530700684,"Unknown"
"7014857",371856,2025-06-21 04:02:28,43.3594589233398,-8.84512138366699,"Unknown"
"7014857",371856,2025-06-21 04:07:25,43.3593902587891,-8.8451976776123,"Unknown"
"7014857",371856,2025-06-21 04:12:24,43.3594207763672,-8.84519290924072,"Unknown"
"7014857",371856,2025-06-21 04:17:22,43.3595352172852,-8.84538078308105,"Unknown"
"7014857",371856,2025-06-21 04:22:22,43.3596725463867,-8.84536743164062,"Unknown"
"7014857",371856,2025-06-21 04:27:23,43.3594512939453,-8.84507083892822,"Unknown"
"7014857",371856,2025-06-21 04:32:43,43.3594284057617,-8.84522342681885,"Unknown"
"7014857",371856,2025-06-21 04:37:22,43.3594017028809,-8.84533309936523,"Unknown"
"7014857",371856,2025-06-21 04:42:22,43.3594627380371,-8.84522151947021,"Unknown"
"7014857",371856,2025-06-21 04:47:44,43.3593482971191,-8.84521293640137,"Unknown"
"7014857",371856,2025-06-21 04:52:25,43.3595275878906,-8.84466552734375,"Unknown"
"7014857",371856,2025-06-21 04:57:22,43.3590850830078,-8.84559345245361,"Unknown"
"7014857",371856,2025-06-21 05:02:27,43.3330383300781,-8.84900665283203,"Unknown"
"7014857",371856,2025-06-21 05:07:23,43.3081703186035,-8.84690475463867,"Unknown"
"7014857",371856,2025-06-21 05:12:22,43.2832107543945,-8.8537769317627,"Unknown"
"7014857",371856,2025-06-21 05:22:30,43.2669639587402,-8.84617519378662,"Unknown"
"7014857",371856,2025-06-21 05:27:41,43.2404747009277,-8.8322868347168,"Unknown"
"7014857",371856,2025-06-21 05:33:38,43.2323837280273,-8.84270763397217,"Unknown"
"7014857",371856,2025-06-21 05:37:57,43.2327117919922,-8.84332084655762,"Unknown"
"7014857",371856,2025-06-21 05:43:31,43.2314910888672,-8.84104633331299,"Unknown"
"7014857",371856,2025-06-21 05:58:27,43.2323226928711,-8.84297466278076,"Unknown"
"7014857",371856,2025-06-21 06:02:46,43.2325439453125,-8.84285736083984,"Unknown"
"7014857",371856,2025-06-21 06:13:31,43.2321624755859,-8.84309959411621,"Unknown"
"7014857",371856,2025-06-21 06:22:46,43.2321891784668,-8.84333038330078,"Unknown"
"7014857",371856,2025-06-21 06:27:45,43.2326278686523,-8.84291553497314,"Unknown"
"7014857",371856,2025-06-21 06:32:37,43.2322463989258,-8.84310436248779,"Unknown"
"7014857",371856,2025-06-21 06:37:25,43.2321815490723,-8.84261703491211,"Unknown"
"7014857",371856,2025-06-21 06:42:58,43.232349395752,-8.84263229370117,"Unknown"
"7014857",371856,2025-06-21 07:12:44,43.2510261535645,-8.84208106994629,"Unknown"
"7014857",371856,2025-06-21 07:17:21,43.283576965332,-8.85081577301025,"Unknown"
"7014857",371856,2025-06-21 07:22:23,43.3137130737305,-8.85684776306152,"Unknown"
"7014857",371856,2025-06-21 07:27:22,43.3509979248047,-8.84858322143555,"Unknown"
"7014857",371856,2025-06-21 07:32:30,43.3593711853027,-8.84522533416748,"Unknown"
"7014857",371856,2025-06-21 07:37:25,43.3594017028809,-8.84498977661133,"Unknown"
"7014857",371856,2025-06-21 07:42:27,43.3592491149902,-8.84507465362549,"Unknown"
"7014857",371856,2025-06-21 07:47:32,43.3593063354492,-8.84509181976318,"Unknown"
"7014857",371856,2025-06-21 07:52:45,43.3592987060547,-8.84531879425049,"Unknown"
"7014857",371856,2025-06-21 07:57:31,43.3593254089355,-8.84578514099121,"Unknown"
"7014857",371856,2025-06-21 08:02:21,43.3592300415039,-8.84541130065918,"Unknown"
"7014857",371856,2025-06-21 08:07:22,43.3591804504395,-8.84549331665039,"Unknown"
"7014857",371856,2025-06-21 08:12:22,43.3593139648438,-8.8454065322876,"Unknown"
"7014857",371856,2025-06-21 08:17:40,43.359317779541,-8.84547710418701,"Unknown"
"7014857",371856,2025-06-21 08:22:30,43.3592987060547,-8.84536266326904,"Unknown"
"7014857",371856,2025-06-21 08:27:24,43.3593139648438,-8.845383644104,"Unknown"
"7014857",371856,2025-06-21 08:32:30,43.3593330383301,-8.84518718719482,"Unknown"
"7014857",371856,2025-06-21 08:37:25,43.3593482971191,-8.84508991241455,"Unknown"
"7014857",371856,2025-06-21 08:42:32,43.3594360351562,-8.84530544281006,"Unknown"
"7014857",371856,2025-06-21 08:47:59,43.3593788146973,-8.84514141082764,"Unknown"
"7014857",371856,2025-06-21 08:52:21,43.3551406860352,-8.84525775909424,"Unknown"
"7014857",371856,2025-06-21 08:57:22,43.3279571533203,-8.84446716308594,"Unknown"
"7014857",371856,2025-06-21 09:02:21,43.3146858215332,-8.84648895263672,"Unknown"
"7014857",371856,2025-06-21 09:07:24,43.2981948852539,-8.85102272033691,"Unknown"
"7014857",371856,2025-06-21 09:12:36,43.284366607666,-8.85453414916992,"Unknown"
"7014857",371856,2025-06-21 09:18:07,43.275806427002,-8.85314655303955,"Unknown"
"7014857",371856,2025-06-21 09:22:25,43.2763023376465,-8.8522834777832,"Unknown"
"7014857",371856,2025-06-21 09:27:41,43.2762145996094,-8.85276222229004,"Unknown"
"7014857",371856,2025-06-21 09:32:36,43.276252746582,-8.85250663757324,"Unknown"
"7014857",371856,2025-06-21 09:37:28,43.2763175964355,-8.8521032333374,"Unknown"
"7014857",371856,2025-06-21 09:42:28,43.2761268615723,-8.85235214233398,"Unknown"
"7014857",371856,2025-06-21 09:48:46,43.2763633728027,-8.85225963592529,"Unknown"
"7014857",371856,2025-06-21 09:53:13,43.276237487793,-8.85254764556885,"Unknown"
"7014857",371856,2025-06-21 09:57:21,43.2843170166016,-8.85531997680664,"Unknown"
"7014857",371856,2025-06-21 10:02:22,43.3143348693848,-8.85724925994873,"Unknown"
"7014857",371856,2025-06-21 10:07:23,43.326099395752,-8.84772396087646,"Unknown"
"7014857",371856,2025-06-21 10:12:21,43.3563346862793,-8.84587001800537,"Unknown"
"7014857",371856,2025-06-21 10:17:23,43.359432220459,-8.84559345245361,"Unknown"
"7014857",371856,2025-06-21 10:22:25,43.3593330383301,-8.84525203704834,"Unknown"
"7014857",371856,2025-06-21 10:27:43,43.3594284057617,-8.84525203704834,"Unknown"
"7014857",371856,2025-06-21 10:32:22,43.3594703674316,-8.84550380706787,"Unknown"
"7014857",371856,2025-06-21 10:37:21,43.3594551086426,-8.84523487091064,"Unknown"
"7014857",371856,2025-06-21 10:42:21,43.3600006103516,-8.84581279754639,"Unknown"
"7014857",371856,2025-06-21 10:47:30,43.3594398498535,-8.84524345397949,"Unknown"
"7014857",371856,2025-06-21 10:52:24,43.3594741821289,-8.84573554992676,"Unknown"
"7014857",371856,2025-06-21 10:57:30,43.358814239502,-8.8455982208252,"Unknown"
"7014857",371856,2025-06-21 11:02:24,43.369083404541,-8.85684394836426,"Unknown"
"7014857",371856,2025-06-21 11:07:30,43.3665199279785,-8.88232612609863,"Unknown"
"7014857",371856,2025-06-21 11:12:30,43.3663139343262,-8.88213062286377,"Unknown"
"7014857",371856,2025-06-21 11:17:30,43.3667335510254,-8.89665508270264,"Unknown"
"7014857",371856,2025-06-21 11:22:23,43.3900718688965,-8.90978240966797,"Unknown"
"7014857",371856,2025-06-21 11:27:29,43.4067497253418,-8.92261028289795,"Unknown"
"7014857",371856,2025-06-21 11:32:30,43.4295997619629,-8.94249629974365,"Unknown"
"7014857",371856,2025-06-21 11:37:31,43.4507637023926,-8.96499443054199,"Unknown"
"7014857",371856,2025-06-21 11:42:44,43.4816207885742,-8.97936630249023,"Unknown"
"7014857",371856,2025-06-21 11:47:25,43.5111694335938,-8.99102020263672,"Unknown"
"7014857",371856,2025-06-21 11:52:21,43.5446472167969,-8.99756717681885,"Unknown"
"7014857",371856,2025-06-21 11:57:22,43.5800971984863,-8.99440765380859,"Unknown"
"7014857",371856,2025-06-21 12:02:35,43.5733795166016,-9.01683235168457,"Unknown"
"7014857",371856,2025-06-21 12:07:45,43.5727920532227,-9.02287006378174,"Unknown"
"7014857",371856,2025-06-21 12:12:23,43.572265625,-9.02437686920166,"Unknown"
"7014857",371856,2025-06-21 12:17:21,43.5836906433105,-9.05454444885254,"Unknown"
"7014857",371856,2025-06-21 12:22:21,43.5709800720215,-9.0684118270874,"Unknown"
"7014857",371856,2025-06-21 12:27:25,43.5598030090332,-9.08827686309814,"Unknown"
"7014857",371856,2025-06-21 12:32:44,43.548397064209,-9.10280990600586,"Unknown"
"7014857",371856,2025-06-21 12:37:44,43.5475387573242,-9.10444259643555,"Unknown"
"7014857",371856,2025-06-21 12:42:21,43.5326080322266,-9.11435508728027,"Unknown"
"7014857",371856,2025-06-21 12:47:23,43.5260620117188,-9.08766651153564,"Unknown"
"7014857",371856,2025-06-21 12:52:25,43.5141448974609,-9.06879234313965,"Unknown"
"7014857",371856,2025-06-21 12:57:25,43.4934310913086,-9.03237247467041,"Unknown"
"7014857",371856,2025-06-21 13:02:39,43.4676513671875,-8.99988460540771,"Unknown"
"7014857",371856,2025-06-21 13:08:03,43.4416427612305,-8.97056102752686,"Unknown"
"7014857",371856,2025-06-21 13:12:21,43.4244194030762,-8.95057582855225,"Unknown"
"7014857",371856,2025-06-21 13:17:22,43.3975982666016,-8.91508102416992,"Unknown"
"7014857",371856,2025-06-21 13:22:21,43.3771667480469,-8.87401580810547,"Unknown"
"7014857",371856,2025-06-21 13:27:22,43.3600769042969,-8.84603881835938,"Unknown"
"7014857",371856,2025-06-21 13:32:22,43.359375,-8.84526824951172,"Unknown"
"7014857",371856,2025-06-21 13:37:25,43.3593406677246,-8.84520149230957,"Unknown"
"7014857",371856,2025-06-21 13:42:24,43.3592834472656,-8.84506320953369,"Unknown"
"7014857",371856,2025-06-21 13:47:28,43.3590087890625,-8.84519290924072,"Unknown"
"7014857",371856,2025-06-21 13:52:28,43.3589477539062,-8.84534072875977,"Unknown"
"7014857",371856,2025-06-21 13:57:32,43.3593826293945,-8.84523010253906,"Unknown"
"7014857",371856,2025-06-21 14:02:45,43.3593635559082,-8.84523105621338,"Unknown"
"7014857",371856,2025-06-21 14:07:24,43.3593559265137,-8.84524631500244,"Unknown"
"7014857",371856,2025-06-21 14:12:27,43.3593559265137,-8.84517765045166,"Unknown"
"7014857",371856,2025-06-21 14:17:22,43.3593788146973,-8.84533977508545,"Unknown"
"7014857",371856,2025-06-21 14:22:27,43.3593673706055,-8.84525966644287,"Unknown"
"7014857",371856,2025-06-21 14:27:21,43.3594932556152,-8.84537696838379,"Unknown"
"7014857",371856,2025-06-21 14:32:25,43.3593940734863,-8.84526920318604,"Unknown"
"7014857",371856,2025-06-21 14:37:24,43.3594055175781,-8.84527015686035,"Unknown"
"7014857",371856,2025-06-21 14:42:44,43.3593902587891,-8.84522438049316,"Unknown"
"7014857",371856,2025-06-21 14:47:46,43.3594284057617,-8.8452205657959,"Unknown"
"7014857",371856,2025-06-21 14:52:31,43.3593635559082,-8.84521865844727,"Unknown"
"7014857",371856,2025-06-21 14:57:30,43.3593978881836,-8.84527683258057,"Unknown"
"7014857",371856,2025-06-21 15:02:21,43.3596267700195,-8.84552669525146,"Unknown"
"7014857",371856,2025-06-21 15:07:25,43.3592948913574,-8.8451509475708,"Unknown"
"7014857",371856,2025-06-21 15:12:22,43.3594017028809,-8.84524536132812,"Unknown"
"7014857",371856,2025-06-21 15:17:25,43.3593635559082,-8.84520435333252,"Unknown"
"7014857",371856,2025-06-21 15:22:30,43.3592491149902,-8.84509468078613,"Unknown"
"7014857",371856,2025-06-21 15:27:30,43.3593559265137,-8.84523773193359,"Unknown"
"7014857",371856,2025-06-21 15:32:45,43.3594245910645,-8.8452205657959,"Unknown"
"7014857",371856,2025-06-21 15:37:44,43.3594245910645,-8.84521579742432,"Unknown"
"7014857",371856,2025-06-21 15:42:21,43.3593330383301,-8.84514236450195,"Unknown"
"7014857",371856,2025-06-21 15:47:30,43.3593711853027,-8.84519195556641,"Unknown"
"7014857",371856,2025-06-21 15:52:24,43.3593368530273,-8.84516716003418,"Unknown"
"7014857",371856,2025-06-21 15:57:21,43.3591842651367,-8.84505558013916,"Unknown"
"7014857",371856,2025-06-21 16:02:27,43.3591918945312,-8.84501934051514,"Unknown"
"7014857",371856,2025-06-21 16:07:25,43.3592529296875,-8.8451452255249,"Unknown"
"7014857",371856,2025-06-21 16:12:24,43.3590545654297,-8.84495735168457,"Unknown"
"7014857",371856,2025-06-21 16:17:30,43.3594436645508,-8.84530353546143,"Unknown"
"7014857",371856,2025-06-21 16:22:28,43.3593711853027,-8.84528160095215,"Unknown"
"7014857",371856,2025-06-21 16:27:30,43.3592491149902,-8.84488010406494,"Unknown"
"7014857",371856,2025-06-21 16:32:45,43.3374290466309,-8.84379768371582,"Unknown"
"7014857",371856,2025-06-21 16:37:42,43.314266204834,-8.85678291320801,"Unknown"
"7014857",371856,2025-06-21 16:42:23,43.314022064209,-8.85675430297852,"Unknown"
"7014857",371856,2025-06-21 16:47:30,43.3142395019531,-8.85664939880371,"Unknown"
"7014857",371856,2025-06-21 16:52:27,43.3143882751465,-8.85680389404297,"Unknown"
"7014857",371856,2025-06-21 16:57:24,43.3264541625977,-8.84816455841064,"Unknown"
"7014857",371856,2025-06-21 17:02:30,43.3561744689941,-8.84582614898682,"Unknown"
"7014857",371856,2025-06-21 17:07:27,43.3593482971191,-8.84509944915771,"Unknown"
"7014857",371856,2025-06-21 17:12:28,43.3594512939453,-8.84512233734131,"Unknown"
"7014857",371856,2025-06-21 17:17:25,43.3593788146973,-8.84524440765381,"Unknown"
"7014857",371856,2025-06-21 17:22:30,43.359317779541,-8.8452033996582,"Unknown"
"7014857",371856,2025-06-21 17:27:27,43.3593139648438,-8.84519863128662,"Unknown"
"7014857",371856,2025-06-21 17:32:53,43.3593139648438,-8.84535789489746,"Unknown"
"7014857",371856,2025-06-21 17:37:23,43.359317779541,-8.84526062011719,"Unknown"
"7014857",371856,2025-06-21 17:42:21,43.3592796325684,-8.84530067443848,"Unknown"
"7014857",371856,2025-06-21 17:47:29,43.3592987060547,-8.84536170959473,"Unknown"
"7014857",371856,2025-06-21 17:52:21,43.3594169616699,-8.84524345397949,"Unknown"
"7014857",371856,2025-06-21 17:57:22,43.3593139648438,-8.84525871276855,"Unknown"
"7014857",371856,2025-06-21 18:02:21,43.3594932556152,-8.84504222869873,"Unknown"
"7014857",371856,2025-06-21 18:07:21,43.3593139648438,-8.8453197479248,"Unknown"
"7014857",371856,2025-06-21 18:12:21,43.3595352172852,-8.84513664245605,"Unknown"
"7014857",371856,2025-06-21 18:17:21,43.359432220459,-8.84521961212158,"Unknown"
"7014857",371856,2025-06-21 18:22:22,43.3592948913574,-8.84541034698486,"Unknown"
"7014857",371856,2025-06-21 18:27:23,43.3594169616699,-8.84526634216309,"Unknown"
"7014857",371856,2025-06-21 18:32:24,43.359561920166,-8.84529399871826,"Unknown"
"7014857",371856,2025-06-21 18:37:39,43.3592262268066,-8.84538078308105,"Unknown"
"7014857",371856,2025-06-21 18:42:21,43.3594169616699,-8.84537315368652,"Unknown"
"7014857",371856,2025-06-21 18:47:22,43.3592758178711,-8.84541130065918,"Unknown"
"7014857",371856,2025-06-21 18:52:23,43.3594207763672,-8.84527587890625,"Unknown"
"7014857",371856,2025-06-21 18:57:23,43.3591766357422,-8.84503936767578,"Unknown"
"7014857",371856,2025-06-21 19:02:29,43.3595275878906,-8.84514427185059,"Unknown"
"7014857",371856,2025-06-21 19:07:22,43.3589973449707,-8.84493637084961,"Unknown"
"7014857",371856,2025-06-21 19:12:27,43.3598556518555,-8.8461799621582,"Unknown"
"7014857",371856,2025-06-21 19:17:30,43.3593521118164,-8.84519577026367,"Unknown"
"7014857",371856,2025-06-21 19:22:29,43.3594703674316,-8.84524154663086,"Unknown"
"7014857",371856,2025-06-21 19:27:27,43.3593292236328,-8.84522533416748,"Unknown"
"7014857",371856,2025-06-21 19:32:22,43.3590202331543,-8.8447904586792,"Unknown"
"7014857",371856,2025-06-21 19:37:30,43.3591232299805,-8.84516525268555,"Unknown"
"7014857",371856,2025-06-21 19:42:24,43.3710098266602,-8.83646774291992,"Unknown"
"7014857",371856,2025-06-21 19:47:30,43.371940612793,-8.82501411437988,"Unknown"
"7014857",371856,2025-06-21 19:52:28,43.3685111999512,-8.82799625396729,"Unknown"
"7014857",371856,2025-06-21 19:57:41,43.3676147460938,-8.82754993438721,"Unknown"
"7014857",371856,2025-06-21 20:02:24,43.3680458068848,-8.82836532592773,"Unknown"
"7014857",371856,2025-06-21 20:07:21,43.362548828125,-8.84030723571777,"Unknown"
"7014857",371856,2025-06-21 20:12:24,43.3594017028809,-8.84514617919922,"Unknown"
"7014857",371856,2025-06-21 20:17:25,43.3593292236328,-8.84526920318604,"Unknown"
"7014857",371856,2025-06-21 20:22:22,43.3593902587891,-8.84539222717285,"Unknown"
"7014857",371856,2025-06-21 20:27:33,43.3593521118164,-8.84512615203857,"Unknown"
"7014857",371856,2025-06-21 20:32:35,43.3593444824219,-8.84506034851074,"Unknown"
"7014857",371856,2025-06-21 20:37:24,43.3592300415039,-8.84495067596436,"Unknown"
"7014857",371856,2025-06-21 20:42:42,43.3592529296875,-8.84507274627686,"Unknown"
"7014857",371856,2025-06-21 20:47:27,43.3593673706055,-8.84516429901123,"Unknown"
"7014857",371856,2025-06-21 20:52:25,43.3593978881836,-8.84505748748779,"Unknown"
"7014857",371856,2025-06-21 20:57:24,43.3593902587891,-8.84524059295654,"Unknown"
"7014857",371856,2025-06-21 21:02:27,43.3593368530273,-8.84514713287354,"Unknown"
"7014857",371856,2025-06-21 21:06:53,43.3593063354492,-8.84517574310303,"Unknown"
"7014857",371856,2025-06-22 02:06:53,43.3593444824219,-8.84529876708984,"Unknown"
"7014857",371856,2025-06-22 02:32:33,43.3594093322754,-8.845290184021,"Unknown"
"7014857",371856,2025-06-22 02:37:33,43.3593406677246,-8.84522247314453,"Unknown"
"7014857",371856,2025-06-22 02:42:33,43.3593864440918,-8.84527111053467,"Unknown"
"7014857",371856,2025-06-22 02:47:33,43.3593864440918,-8.84529685974121,"Unknown"
"7014857",371856,2025-06-22 02:52:33,43.3594169616699,-8.84526348114014,"Unknown"
"7014857",371856,2025-06-22 02:57:33,43.3594169616699,-8.84528923034668,"Unknown"
"7014857",371856,2025-06-22 03:02:33,43.3594436645508,-8.84529781341553,"Unknown"
"7014857",371856,2025-06-22 03:07:33,43.3593482971191,-8.84524536132812,"Unknown"
"7014857",371856,2025-06-22 03:12:34,43.3592491149902,-8.84522151947021,"Unknown"
"7014857",371856,2025-06-22 03:17:34,43.3593215942383,-8.84522342681885,"Unknown"
"7014857",371856,2025-06-22 03:22:40,43.3592720031738,-8.84521389007568,"Unknown"
"7014857",371856,2025-06-22 03:27:36,43.3594017028809,-8.84525299072266,"Unknown"
"7014857",371856,2025-06-22 03:32:40,43.3594284057617,-8.84543991088867,"Unknown"
"7014857",371856,2025-06-22 03:37:38,43.3593482971191,-8.84528827667236,"Unknown"
"7014857",371856,2025-06-22 03:42:34,43.3594169616699,-8.8453254699707,"Unknown"
"7014857",371856,2025-06-22 03:47:40,43.3827934265137,-8.86541175842285,"Unknown"
"7014857",371856,2025-06-22 03:52:33,43.4098091125488,-8.88722991943359,"Unknown"
"7014857",371856,2025-06-22 03:57:33,43.4331474304199,-8.91833400726318,"Unknown"
"7014857",371856,2025-06-22 04:02:33,43.4611511230469,-8.94345760345459,"Unknown"
"7014857",371856,2025-06-22 04:07:34,43.4751319885254,-8.9821891784668,"Unknown"
"7014857",371856,2025-06-22 04:12:33,43.4918746948242,-9.01597118377686,"Unknown"
"7014857",371856,2025-06-22 04:17:33,43.5223045349121,-9.03696632385254,"Unknown"
"7014857",371856,2025-06-22 04:22:34,43.5564041137695,-9.03709316253662,"Unknown"
"7014857",371856,2025-06-22 04:27:34,43.5790710449219,-9.03201484680176,"Unknown"
"7014857",371856,2025-06-22 04:33:07,43.5723266601562,-9.02874279022217,"Unknown"
"7014857",371856,2025-06-22 04:37:33,43.590259552002,-9.01847267150879,"Unknown"
"7014857",371856,2025-06-22 04:42:33,43.569149017334,-9.02747440338135,"Unknown"
"7014857",371856,2025-06-22 04:47:33,43.5523948669434,-9.03488731384277,"Unknown"
"7014857",371856,2025-06-22 04:52:33,43.5331764221191,-9.05793285369873,"Unknown"
"7014857",371856,2025-06-22 04:57:36,43.5553665161133,-9.0740795135498,"Unknown"
"7014857",371856,2025-06-22 05:02:37,43.5641937255859,-9.096435546875,"Unknown"
"7014857",371856,2025-06-22 05:07:41,43.5890274047852,-9.08420848846436,"Unknown"
"7014857",371856,2025-06-22 05:12:33,43.6151466369629,-9.05871295928955,"Unknown"
"7014857",371856,2025-06-22 05:17:33,43.6393089294434,-9.02443408966064,"Unknown"
"7014857",371856,2025-06-22 05:22:34,43.6560325622559,-8.98458385467529,"Unknown"
"7014857",371856,2025-06-22 05:27:36,43.6666564941406,-8.94611930847168,"Unknown"
"7014857",371856,2025-06-22 05:32:33,43.6771240234375,-8.91071319580078,"Unknown"
"7014857",371856,2025-06-22 05:37:33,43.7052574157715,-8.8945894241333,"Unknown"
"7014857",371856,2025-06-22 05:43:04,43.735523223877,-8.90026092529297,"Unknown"
"7014857",371856,2025-06-22 05:47:33,43.761547088623,-8.88230323791504,"Unknown"
"7014857",371856,2025-06-22 05:52:33,43.7896995544434,-8.86791801452637,"Unknown"
"7014857",371856,2025-06-22 05:57:34,43.8182411193848,-8.86266899108887,"Unknown"
"7014857",371856,2025-06-22 06:02:33,43.8438186645508,-8.86905574798584,"Unknown"
"7014857",371856,2025-06-22 06:07:36,43.8590660095215,-8.89625072479248,"Unknown"
"7014857",371856,2025-06-22 06:12:34,43.8788452148438,-8.92539024353027,"Unknown"
"7014857",371856,2025-06-22 06:17:34,43.869457244873,-8.95600414276123,"Unknown"
"7014857",371856,2025-06-22 06:22:34,43.8455009460449,-8.97481441497803,"Unknown"
"7014857",371856,2025-06-22 06:27:36,43.824577331543,-8.9828987121582,"Unknown"
"7014857",371856,2025-06-22 06:32:40,43.8140640258789,-8.9681568145752,"Unknown"
"7014857",371856,2025-06-22 06:37:34,43.7983322143555,-8.98337650299072,"Unknown"
"7014857",371856,2025-06-22 06:42:34,43.8079605102539,-8.9513053894043,"Unknown"
"7014857",371856,2025-06-22 06:47:34,43.7966384887695,-8.95756530761719,"Unknown"
"7014857",371856,2025-06-22 06:52:38,43.7791175842285,-8.98260116577148,"Unknown"
"7014857",371856,2025-06-22 06:57:42,43.7709350585938,-8.99706077575684,"Unknown"
"7014857",371856,2025-06-22 07:02:36,43.7762184143066,-9.02099227905273,"Unknown"
"7014857",371856,2025-06-22 07:07:38,43.7793197631836,-9.02303886413574,"Unknown"
"7014857",371856,2025-06-22 07:12:36,43.7606506347656,-9.02884101867676,"Unknown"
"7014857",371856,2025-06-22 07:17:36,43.7445602416992,-9.03632068634033,"Unknown"
"7014857",371856,2025-06-22 07:22:34,43.7212142944336,-9.03436183929443,"Unknown"
"7014857",371856,2025-06-22 07:27:37,43.6989479064941,-9.01893901824951,"Unknown"
"7014857",371856,2025-06-22 07:32:42,43.6698226928711,-9.0094165802002,"Unknown"
"7014857",371856,2025-06-22 07:37:36,43.6519889831543,-8.9948844909668,"Unknown"
"7014857",371856,2025-06-22 07:42:36,43.633373260498,-8.98128604888916,"Unknown"
"7014857",371856,2025-06-22 07:47:39,43.6054229736328,-8.97844219207764,"Unknown"
"7014857",371856,2025-06-22 07:52:39,43.5742340087891,-8.96520614624023,"Unknown"
"7014857",371856,2025-06-22 07:57:39,43.5448379516602,-8.94623565673828,"Unknown"
"7014857",371856,2025-06-22 08:02:39,43.5179748535156,-8.93273448944092,"Unknown"
"7014857",371856,2025-06-22 08:07:39,43.4874420166016,-8.92841148376465,"Unknown"
"7014857",371856,2025-06-22 08:12:44,43.4589614868164,-8.91196632385254,"Unknown"
"7014857",371856,2025-06-22 08:17:33,43.4323234558105,-8.89216232299805,"Unknown"
"7014857",371856,2025-06-22 08:22:36,43.4057083129883,-8.87000942230225,"Unknown"
"7014857",371856,2025-06-22 08:27:33,43.3769073486328,-8.85326862335205,"Unknown"
"7014857",371856,2025-06-22 08:32:39,43.3595542907715,-8.84517955780029,"Unknown"
"7014857",371856,2025-06-22 08:37:36,43.359977722168,-8.84562873840332,"Unknown"
"7014857",371856,2025-06-22 08:42:36,43.3595657348633,-8.84550380706787,"Unknown"
"7014857",371856,2025-06-22 08:47:45,43.3583641052246,-8.84232616424561,"Unknown"
"7014857",371856,2025-06-22 08:52:42,43.3598861694336,-8.84509086608887,"Unknown"
"7014857",371856,2025-06-22 08:57:36,43.359733581543,-8.84528732299805,"Unknown"
"7014857",371856,2025-06-22 09:02:36,43.3594093322754,-8.84520244598389,"Unknown"
"7014857",371856,2025-06-22 09:07:39,43.3594436645508,-8.84506893157959,"Unknown"
"7014857",371856,2025-06-22 09:12:37,43.3593864440918,-8.84516334533691,"Unknown"
"7014857",371856,2025-06-22 09:17:39,43.359432220459,-8.84519577026367,"Unknown"
"7014857",371856,2025-06-22 09:22:37,43.3593635559082,-8.84527492523193,"Unknown"
"7014857",371856,2025-06-22 09:27:36,43.3594398498535,-8.84560394287109,"Unknown"
"7014857",371856,2025-06-22 09:32:45,43.3593864440918,-8.84516143798828,"Unknown"
"7014857",371856,2025-06-22 09:37:36,43.3563995361328,-8.84488677978516,"Unknown"
"7014857",371856,2025-06-22 09:42:39,43.3486938476562,-8.84275436401367,"Unknown"
"7014857",371856,2025-06-22 09:47:44,43.3230438232422,-8.84504318237305,"Unknown"
"7014857",371856,2025-06-22 09:52:33,43.3059387207031,-8.83895397186279,"Unknown"
"7014857",371856,2025-06-22 09:57:36,43.2739906311035,-8.8386926651001,"Unknown"
"7014857",371856,2025-06-22 10:02:39,43.2721862792969,-8.83492565155029,"Unknown"
"7014857",371856,2025-06-22 10:07:39,43.2725143432617,-8.83488845825195,"Unknown"
"7014857",371856,2025-06-22 10:13:05,43.2721900939941,-8.83496856689453,"Unknown"
"7014857",371856,2025-06-22 10:18:08,43.272029876709,-8.83479499816895,"Unknown"
"7014857",371856,2025-06-22 10:22:55,43.272102355957,-8.83494186401367,"Unknown"
"7014857",371856,2025-06-22 10:27:39,43.272144317627,-8.8350248336792,"Unknown"
"7014857",371856,2025-06-22 10:38:41,43.2721061706543,-8.83494472503662,"Unknown"
"7014857",371856,2025-06-22 10:42:33,43.2738571166992,-8.84100818634033,"Unknown"
"7014857",371856,2025-06-22 10:47:33,43.2867851257324,-8.8521146774292,"Unknown"
"7014857",371856,2025-06-22 10:52:34,43.3122100830078,-8.85664367675781,"Unknown"
"7014857",371856,2025-06-22 10:57:34,43.3258514404297,-8.84794902801514,"Unknown"
"7014857",371856,2025-06-22 11:02:34,43.3536682128906,-8.84727954864502,"Unknown"
"7014857",371856,2025-06-22 11:07:38,43.3593864440918,-8.84521770477295,"Unknown"
"7014857",371856,2025-06-22 11:12:37,43.3593711853027,-8.84526062011719,"Unknown"
"7014857",371856,2025-06-22 11:17:41,43.3594245910645,-8.84526062011719,"Unknown"
"7014857",371856,2025-06-22 11:22:38,43.359375,-8.84525012969971,"Unknown"
"7014857",371856,2025-06-22 11:27:42,43.3593673706055,-8.84524726867676,"Unknown"
"7014857",371856,2025-06-22 11:32:37,43.3594093322754,-8.84518814086914,"Unknown"
"7014857",371856,2025-06-22 11:37:33,43.3593635559082,-8.84508419036865,"Unknown"
"7014857",371856,2025-06-22 11:42:37,43.3591270446777,-8.8441686630249,"Unknown"
"7014857",371856,2025-06-22 11:47:34,43.3542213439941,-8.8468542098999,"Unknown"
"7014857",371856,2025-06-22 11:52:47,43.3247528076172,-8.85014057159424,"Unknown"
"7014857",371856,2025-06-22 11:58:27,43.3191299438477,-8.85521125793457,"Unknown"
"7014857",371856,2025-06-22 12:02:33,43.3063697814941,-8.84489250183105,"Unknown"
"7014857",371856,2025-06-22 12:07:33,43.283073425293,-8.84107875823975,"Unknown"
"7014857",371856,2025-06-22 12:12:33,43.2715225219727,-8.83430767059326,"Unknown"
"7014857",371856,2025-06-22 12:17:33,43.2684860229492,-8.83824920654297,"Unknown"
"7014857",371856,2025-06-22 12:22:33,43.2655601501465,-8.82814979553223,"Unknown"
"7014857",371856,2025-06-22 12:27:38,43.2723808288574,-8.8348970413208,"Unknown"
"7014857",371856,2025-06-22 12:32:39,43.2723731994629,-8.83500576019287,"Unknown"
"7014857",371856,2025-06-22 12:37:38,43.2723007202148,-8.83501434326172,"Unknown"
"7014857",371856,2025-06-22 12:42:38,43.2722587585449,-8.83497524261475,"Unknown"
"7014857",371856,2025-06-22 12:47:34,43.2722015380859,-8.83499050140381,"Unknown"
"7014857",371856,2025-06-22 12:52:36,43.2717781066895,-8.83970355987549,"Unknown"
"7014857",371856,2025-06-22 12:57:33,43.2862434387207,-8.84444999694824,"Unknown"
"7014857",371856,2025-06-22 13:02:33,43.3173751831055,-8.84769821166992,"Unknown"
"7014857",371856,2025-06-22 13:07:34,43.3442459106445,-8.8415355682373,"Unknown"
"7014857",371856,2025-06-22 13:12:34,43.3593215942383,-8.84510135650635,"Unknown"
"7014857",371856,2025-06-22 13:17:38,43.3593635559082,-8.84525871276855,"Unknown"
"7014857",371856,2025-06-22 13:22:42,43.359375,-8.84510135650635,"Unknown"
"7014857",371856,2025-06-22 13:27:36,43.3592796325684,-8.84523010253906,"Unknown"
"7014857",371856,2025-06-22 13:32:39,43.359375,-8.84518051147461,"Unknown"
"7014857",371856,2025-06-22 13:37:37,43.3594017028809,-8.84517002105713,"Unknown"
"7014857",371856,2025-06-22 13:42:36,43.3593597412109,-8.84513378143311,"Unknown"
"7014857",371856,2025-06-22 13:48:05,43.3593673706055,-8.84519004821777,"Unknown"
"7014857",371856,2025-06-22 13:52:33,43.359375,-8.84524059295654,"Unknown"
"7014857",371856,2025-06-22 13:57:33,43.3593292236328,-8.84516048431396,"Unknown"
"7014857",371856,2025-06-22 14:02:41,43.3593444824219,-8.84525585174561,"Unknown"
"7014857",371856,2025-06-22 14:07:40,43.3593635559082,-8.84520244598389,"Unknown"
"7014857",371856,2025-06-22 14:12:33,43.3593444824219,-8.84531879425049,"Unknown"
"7014857",371856,2025-06-22 14:17:36,43.3593063354492,-8.84512901306152,"Unknown"
"7014857",371856,2025-06-22 14:22:34,43.3593139648438,-8.84523105621338,"Unknown"
"7014857",371856,2025-06-22 14:27:39,43.3585624694824,-8.84563255310059,"Unknown"
"7014857",371856,2025-06-22 14:32:36,43.3593444824219,-8.84519004821777,"Unknown"
"7014857",371856,2025-06-22 14:37:38,43.359375,-8.84518051147461,"Unknown"
"7014857",371856,2025-06-22 14:42:39,43.3594093322754,-8.84519577026367,"Unknown"
"7014857",371856,2025-06-22 14:47:42,43.3593254089355,-8.84521102905273,"Unknown"
"7014857",371856,2025-06-22 14:52:39,43.3593521118164,-8.84518146514893,"Unknown"
"7014857",371856,2025-06-22 14:57:37,43.3593254089355,-8.84508037567139,"Unknown"
"7014857",371856,2025-06-22 15:02:38,43.3593978881836,-8.84518814086914,"Unknown"
"7014857",371856,2025-06-22 15:07:39,43.359317779541,-8.84497928619385,"Unknown"
"7014857",371856,2025-06-22 15:12:39,43.3594627380371,-8.84520530700684,"Unknown"
"7014857",371856,2025-06-22 15:17:38,43.3591499328613,-8.84468555450439,"Unknown"
"7014857",371856,2025-06-22 15:22:39,43.3594703674316,-8.84534358978271,"Unknown"
"7014857",371856,2025-06-22 15:27:39,43.3594779968262,-8.84517478942871,"Unknown"
"7014857",371856,2025-06-22 15:33:14,43.3594017028809,-8.84525966644287,"Unknown"
"7014857",371856,2025-06-22 15:37:34,43.3591804504395,-8.84504985809326,"Unknown"
"7014857",371856,2025-06-22 15:42:42,43.3593635559082,-8.84527587890625,"Unknown"
"7014857",371856,2025-06-22 15:47:38,43.3593292236328,-8.84498405456543,"Unknown"
"7014857",371856,2025-06-22 15:52:38,43.3592758178711,-8.84529876708984,"Unknown"
"7014857",371856,2025-06-22 15:57:34,43.360725402832,-8.84328842163086,"Unknown"
"7014857",371856,2025-06-22 16:02:44,43.3593673706055,-8.84521770477295,"Unknown"
"7014857",371856,2025-06-22 16:07:34,43.3593444824219,-8.84524059295654,"Unknown"
"7014857",371856,2025-06-22 16:12:37,43.3593139648438,-8.84529781341553,"Unknown"
"7014857",371856,2025-06-22 16:17:43,43.3593635559082,-8.84529495239258,"Unknown"
"7014857",371856,2025-06-22 16:22:34,43.3594360351562,-8.84513473510742,"Unknown"
"7014857",371856,2025-06-22 16:27:39,43.3592720031738,-8.84520816802979,"Unknown"
"7014857",371856,2025-06-22 16:32:44,43.3593788146973,-8.84522533416748,"Unknown"
"7014857",371856,2025-06-22 16:37:33,43.3593368530273,-8.84519672393799,"Unknown"
"7014857",371856,2025-06-22 16:42:36,43.3593559265137,-8.84525585174561,"Unknown"
"7014857",371856,2025-06-22 16:47:37,43.3593482971191,-8.84520626068115,"Unknown"
"7014857",371856,2025-06-22 16:52:44,43.3593444824219,-8.84519386291504,"Unknown"
"7014857",371856,2025-06-22 16:57:41,43.3594398498535,-8.84521389007568,"Unknown"
"7014857",371856,2025-06-22 17:02:39,43.3594627380371,-8.84523963928223,"Unknown"
"7014857",371856,2025-06-22 17:07:34,43.3595085144043,-8.84527111053467,"Unknown"
"7014857",371856,2025-06-22 17:12:37,43.359375,-8.84519672393799,"Unknown"
"7014857",371856,2025-06-22 17:18:06,43.3593406677246,-8.84523868560791,"Unknown"
"7014857",371856,2025-06-22 17:22:33,43.3593292236328,-8.84531879425049,"Unknown"
"7014857",371856,2025-06-22 17:27:33,43.3593406677246,-8.84525680541992,"Unknown"
"7014857",371856,2025-06-22 17:32:33,43.3593788146973,-8.84530067443848,"Unknown"
"7014857",371856,2025-06-22 17:37:33,43.3593482971191,-8.84527683258057,"Unknown"
"7014857",371856,2025-06-22 17:42:33,43.359317779541,-8.84521293640137,"Unknown"
"7014857",371856,2025-06-22 17:47:36,43.3593330383301,-8.84512329101562,"Unknown"
"7014857",371856,2025-06-22 17:52:34,43.3592643737793,-8.84526252746582,"Unknown"
"7014857",371856,2025-06-22 17:57:34,43.3593711853027,-8.84540462493896,"Unknown"
"7014857",371856,2025-06-22 18:02:33,43.3593139648438,-8.84527492523193,"Unknown"
"7014857",371856,2025-06-22 18:07:33,43.3593711853027,-8.84520530700684,"Unknown"
"7014857",371856,2025-06-22 18:12:34,43.359302520752,-8.84530162811279,"Unknown"
"7014857",371856,2025-06-22 18:17:33,43.3593101501465,-8.84526062011719,"Unknown"
"7014857",371856,2025-06-22 18:22:33,43.3647384643555,-8.83804130554199,"Unknown"
"7014857",371856,2025-06-22 18:27:33,43.3745574951172,-8.81882381439209,"Unknown"
"7014857",371856,2025-06-22 18:32:34,43.3742790222168,-8.81789493560791,"Unknown"
"7014857",371856,2025-06-22 18:37:33,43.37451171875,-8.8176736831665,"Unknown"
"7014857",371856,2025-06-22 18:42:33,43.3804740905762,-8.82429122924805,"Unknown"
"7014857",371856,2025-06-22 18:47:34,43.3593101501465,-8.84521865844727,"Unknown"
"7014857",371856,2025-06-22 18:52:34,43.3593406677246,-8.84514617919922,"Unknown"
"7014857",371856,2025-06-22 18:57:43,43.3502960205078,-8.84726524353027,"Unknown"
"7014857",371856,2025-06-22 19:02:34,43.3173065185547,-8.85704135894775,"Unknown"
"7014857",371856,2025-06-22 19:07:39,43.3142967224121,-8.8571720123291,"Unknown"
"7014857",371856,2025-06-22 19:12:34,43.306095123291,-8.85561275482178,"Unknown"
"7014857",371856,2025-06-22 19:17:33,43.2756996154785,-8.8444356918335,"Unknown"
"7014857",371856,2025-06-22 19:22:40,43.2724227905273,-8.83487224578857,"Unknown"
"7014857",371856,2025-06-22 19:27:34,43.2723197937012,-8.83489894866943,"Unknown"
"7014857",371856,2025-06-22 19:32:37,43.2722663879395,-8.83488750457764,"Unknown"
"7014857",371856,2025-06-22 19:37:40,43.2723197937012,-8.83492279052734,"Unknown"
"7014857",371856,2025-06-22 19:42:34,43.272216796875,-8.83480739593506,"Unknown"
"7014857",371856,2025-06-22 19:47:42,43.2722206115723,-8.83477783203125,"Unknown"
"7014857",371856,2025-06-22 19:52:34,43.2804336547852,-8.84738826751709,"Unknown"
"7014857",371856,2025-06-22 19:57:41,43.304931640625,-8.85830974578857,"Unknown"
"7014857",371856,2025-06-22 20:02:33,43.3243713378906,-8.86622142791748,"Unknown"
"7014857",371856,2025-06-22 20:07:33,43.3456382751465,-8.8555850982666,"Unknown"
"7014857",371856,2025-06-22 20:12:33,43.3593788146973,-8.84514236450195,"Unknown"
"7014857",371856,2025-06-22 20:17:33,43.3664588928223,-8.84317588806152,"Unknown"
"7014857",371856,2025-06-22 20:22:33,43.374755859375,-8.85784149169922,"Unknown"
"7014857",371856,2025-06-22 20:27:33,43.373649597168,-8.85811042785645,"Unknown"
"7014857",371856,2025-06-22 20:32:37,43.3730773925781,-8.85709762573242,"Unknown"
"7014857",371856,2025-06-22 20:37:36,43.3727645874023,-8.85822105407715,"Unknown"
"7014857",371856,2025-06-22 20:42:42,43.3722267150879,-8.85786914825439,"Unknown"
"7014857",371856,2025-06-22 20:47:44,43.3710632324219,-8.85448741912842,"Unknown"
"7014857",371856,2025-06-22 20:52:38,43.3592567443848,-8.84500312805176,"Unknown"
"7014857",371856,2025-06-22 20:57:36,43.3592147827148,-8.84507369995117,"Unknown"
"7014857",371856,2025-06-22 21:02:44,43.3595161437988,-8.84535026550293,"Unknown"
"7014857",371856,2025-06-22 21:06:24,43.3593101501465,-8.84527778625488,"Unknown"
"7014857",371856,2025-06-23 02:06:59,43.3593406677246,-8.84531593322754,"Unknown"
"7014857",371856,2025-06-23 02:33:25,43.3596458435059,-8.84556102752686,"Unknown"
"7014857",371856,2025-06-23 02:38:25,43.3593826293945,-8.8453540802002,"Unknown"
"7014857",371856,2025-06-23 02:43:25,43.359561920166,-8.84548473358154,"Unknown"
"7014857",371856,2025-06-23 02:48:25,43.3594779968262,-8.84540748596191,"Unknown"
"7014857",371856,2025-06-23 02:53:42,43.3592338562012,-8.84518337249756,"Unknown"
"7014857",371856,2025-06-23 02:58:25,43.359432220459,-8.84535121917725,"Unknown"
"7014857",371856,2025-06-23 03:03:25,43.3592529296875,-8.84516525268555,"Unknown"
"7014857",371856,2025-06-23 03:08:25,43.3592758178711,-8.84531402587891,"Unknown"
"7014857",371856,2025-06-23 03:13:25,43.3593292236328,-8.84524536132812,"Unknown"
"7014857",371856,2025-06-23 03:18:25,43.3593902587891,-8.84536361694336,"Unknown"
"7014857",371856,2025-06-23 03:23:25,43.3595237731934,-8.84542179107666,"Unknown"
"7014857",371856,2025-06-23 03:28:26,43.3592376708984,-8.84512424468994,"Unknown"
"7014857",371856,2025-06-23 03:33:26,43.3593597412109,-8.84531116485596,"Unknown"
"7014857",371856,2025-06-23 03:38:26,43.3592758178711,-8.84518814086914,"Unknown"
"7014857",371856,2025-06-23 03:43:34,43.3592109680176,-8.84531879425049,"Unknown"
"7014857",371856,2025-06-23 03:48:44,43.3593635559082,-8.84528636932373,"Unknown"
"7014857",371856,2025-06-23 03:53:25,43.3594589233398,-8.84535980224609,"Unknown"
"7014857",371856,2025-06-23 03:58:27,43.3592987060547,-8.84519672393799,"Unknown"
"7014857",371856,2025-06-23 04:03:27,43.3594093322754,-8.84525203704834,"Unknown"
"7014857",371856,2025-06-23 04:08:36,43.3593101501465,-8.84530925750732,"Unknown"
"7014857",371856,2025-06-23 04:13:44,43.3592796325684,-8.84524059295654,"Unknown"
"7014857",371856,2025-06-23 04:18:28,43.3593330383301,-8.84521770477295,"Unknown"
"7014857",371856,2025-06-23 04:23:26,43.3593826293945,-8.84517478942871,"Unknown"
"7014857",371856,2025-06-23 04:28:26,43.3576545715332,-8.85006713867188,"Unknown"
"7014857",371856,2025-06-23 04:33:27,43.333251953125,-8.85387229919434,"Unknown"
"7014857",371856,2025-06-23 04:38:28,43.2949752807617,-8.85978984832764,"Unknown"
"7014857",371856,2025-06-23 04:43:36,43.2841377258301,-8.8547306060791,"Unknown"
"7014857",371856,2025-06-23 04:49:23,43.2840766906738,-8.85458755493164,"Unknown"
"7014857",371856,2025-06-23 04:53:26,43.2761764526367,-8.85262680053711,"Unknown"
"7014857",371856,2025-06-23 04:58:49,43.2763328552246,-8.85250568389893,"Unknown"
"7014857",371856,2025-06-23 05:04:49,43.2763557434082,-8.85249614715576,"Unknown"
"7014857",371856,2025-06-23 05:08:39,43.2763862609863,-8.85246753692627,"Unknown"
"7014857",371856,2025-06-23 05:13:35,43.2759857177734,-8.85235595703125,"Unknown"
"7014857",371856,2025-06-23 05:18:30,43.2747955322266,-8.84512805938721,"Unknown"
"7014857",371856,2025-06-23 05:23:34,43.2722930908203,-8.83488273620605,"Unknown"
"7014857",371856,2025-06-23 05:28:31,43.2722854614258,-8.83490085601807,"Unknown"
"7014857",371856,2025-06-23 05:33:25,43.2721748352051,-8.83475303649902,"Unknown"
"7014857",371856,2025-06-23 05:38:39,43.272274017334,-8.83471965789795,"Unknown"
"7014857",371856,2025-06-23 05:43:30,43.2721061706543,-8.83473968505859,"Unknown"
"7014857",371856,2025-06-23 05:48:38,43.2723236083984,-8.83477306365967,"Unknown"
"7014857",371856,2025-06-23 05:53:33,43.2944564819336,-8.84028339385986,"Unknown"
"7014857",371856,2025-06-23 05:58:26,43.3232841491699,-8.84715461730957,"Unknown"
"7014857",371856,2025-06-23 06:03:27,43.3454208374023,-8.8397388458252,"Unknown"
"7014857",371856,2025-06-23 06:08:33,43.3593482971191,-8.84512519836426,"Unknown"
"7014857",371856,2025-06-23 06:13:35,43.3688850402832,-8.86270523071289,"Unknown"
"7014857",371856,2025-06-23 06:18:34,43.3808631896973,-8.87507438659668,"Unknown"
"7014857",371856,2025-06-23 06:23:35,43.3873901367188,-8.87695121765137,"Unknown"
"7014857",371856,2025-06-23 06:28:37,43.3557662963867,-8.85365104675293,"Unknown"
"7014857",371856,2025-06-23 06:33:45,43.3305206298828,-8.851149559021,"Unknown"
"7014857",371856,2025-06-23 06:38:45,43.2993469238281,-8.84605407714844,"Unknown"
"7014857",371856,2025-06-23 06:44:06,43.2722053527832,-8.83478546142578,"Unknown"
"7014857",371856,2025-06-23 06:48:44,43.2722816467285,-8.83471584320068,"Unknown"
"7014857",371856,2025-06-23 06:53:36,43.2720756530762,-8.83468055725098,"Unknown"
"7014857",371856,2025-06-23 06:58:59,43.2721939086914,-8.83485317230225,"Unknown"
"7014857",371856,2025-06-23 07:03:25,43.2647972106934,-8.83785724639893,"Unknown"
"7014857",371856,2025-06-23 07:08:26,43.2450637817383,-8.83498573303223,"Unknown"
"7014857",371856,2025-06-23 07:14:17,43.2321395874023,-8.84269046783447,"Unknown"
"7014857",371856,2025-06-23 07:18:45,43.2326126098633,-8.84313583374023,"Unknown"
"7014857",371856,2025-06-23 07:23:49,43.2323265075684,-8.84265613555908,"Unknown"
"7014857",371856,2025-06-23 07:28:39,43.232723236084,-8.84297752380371,"Unknown"
"7014857",371856,2025-06-23 07:33:49,43.2322044372559,-8.84283924102783,"Unknown"
"7014857",371856,2025-06-23 07:39:03,43.2324600219727,-8.84251403808594,"Unknown"
"7014857",371856,2025-06-23 07:43:44,43.2325744628906,-8.84300327301025,"Unknown"
"7014857",371856,2025-06-23 07:48:26,43.2326126098633,-8.84312725067139,"Unknown"
"7014857",371856,2025-06-23 07:54:02,43.2323760986328,-8.84291362762451,"Unknown"
"7014857",371856,2025-06-23 07:58:37,43.2325172424316,-8.84249496459961,"Unknown"
"7014857",371856,2025-06-23 08:03:40,43.2324905395508,-8.84248065948486,"Unknown"
"7014857",371856,2025-06-23 08:08:55,43.2324523925781,-8.84273433685303,"Unknown"
"7014857",371856,2025-06-23 08:13:25,43.2445983886719,-8.84146785736084,"Unknown"
"7014857",371856,2025-06-23 08:18:25,43.2684631347656,-8.84496116638184,"Unknown"
"7014857",371856,2025-06-23 08:23:25,43.2942504882812,-8.84984302520752,"Unknown"
"7014857",371856,2025-06-23 08:28:25,43.317440032959,-8.84466457366943,"Unknown"
"7014857",371856,2025-06-23 08:33:44,43.34228515625,-8.83781242370605,"Unknown"
"7014857",371856,2025-06-23 08:38:26,43.3595237731934,-8.84471607208252,"Unknown"
"7014857",371856,2025-06-23 08:43:30,43.3594360351562,-8.84455394744873,"Unknown"
"7014857",371856,2025-06-23 08:48:28,43.3594512939453,-8.84496879577637,"Unknown"
"7014857",371856,2025-06-23 08:53:43,43.3593063354492,-8.84516143798828,"Unknown"
"7014857",371856,2025-06-23 08:58:28,43.3595314025879,-8.84537792205811,"Unknown"
"7014857",371856,2025-06-23 09:03:37,43.3593139648438,-8.84530353546143,"Unknown"
"7014857",371856,2025-06-23 09:08:34,43.3590354919434,-8.84478855133057,"Unknown"
"7014857",371856,2025-06-23 09:13:29,43.3592224121094,-8.84530830383301,"Unknown"
"7014857",371856,2025-06-23 09:18:28,43.3592681884766,-8.84523773193359,"Unknown"
"7014857",371856,2025-06-23 09:23:29,43.3593788146973,-8.84532451629639,"Unknown"
"7014857",371856,2025-06-23 09:28:29,43.3589820861816,-8.84578132629395,"Unknown"
"7014857",371856,2025-06-23 09:33:32,43.3595199584961,-8.84545230865479,"Unknown"
"7014857",371856,2025-06-23 09:38:41,43.3594589233398,-8.84525012969971,"Unknown"
"7014857",371856,2025-06-23 09:43:25,43.3617973327637,-8.84065723419189,"Unknown"
"7014857",371856,2025-06-23 09:48:29,43.373592376709,-8.8293981552124,"Unknown"
"7014857",371856,2025-06-23 09:53:25,43.3890228271484,-8.82650375366211,"Unknown"
"7014857",371856,2025-06-23 09:58:38,43.4111633300781,-8.82787132263184,"Unknown"
"7014857",371856,2025-06-23 10:03:28,43.4293098449707,-8.8179874420166,"Unknown"
"7014857",371856,2025-06-23 10:08:45,43.4344940185547,-8.78555011749268,"Unknown"
"7014857",371856,2025-06-23 10:13:35,43.429126739502,-8.75477695465088,"Unknown"
"7014857",371856,2025-06-23 10:18:29,43.4320755004883,-8.74484729766846,"Unknown"
"7014857",371856,2025-06-23 10:23:37,43.4345054626465,-8.73676681518555,"Unknown"
"7014857",371856,2025-06-23 10:28:40,43.4358749389648,-8.73297119140625,"Unknown"
"7014857",371856,2025-06-23 10:33:45,43.4382209777832,-8.72289371490479,"Unknown"
"7014857",371856,2025-06-23 10:38:42,43.4404067993164,-8.71877670288086,"Unknown"
"7014857",371856,2025-06-23 10:43:31,43.4432716369629,-8.71655178070068,"Unknown"
"7014857",371856,2025-06-23 10:49:14,43.4672393798828,-8.74225902557373,"Unknown"
"7014857",371856,2025-06-23 10:53:42,43.4811172485352,-8.77753067016602,"Unknown"
"7014857",371856,2025-06-23 10:59:35,43.4925956726074,-8.83346080780029,"Unknown"
"7014857",371856,2025-06-23 11:03:26,43.4980087280273,-8.8718376159668,"Unknown"
"7014857",371856,2025-06-23 11:08:30,43.5133476257324,-8.91117286682129,"Unknown"
"7014857",371856,2025-06-23 11:13:31,43.5299644470215,-8.93698310852051,"Unknown"
"7014857",371856,2025-06-23 11:18:44,43.5499114990234,-8.93544387817383,"Unknown"
"7014857",371856,2025-06-23 11:23:27,43.5643157958984,-8.92775630950928,"Unknown"
"7014857",371856,2025-06-23 11:28:45,43.5834465026855,-8.9148063659668,"Unknown"
"7014857",371856,2025-06-23 11:33:44,43.5796012878418,-8.919846534729,"Unknown"
"7014857",371856,2025-06-23 11:38:30,43.5796737670898,-8.92090892791748,"Unknown"
"7014857",371856,2025-06-23 11:43:48,43.5790176391602,-8.92275714874268,"Unknown"
"7014857",371856,2025-06-23 11:49:35,43.5780944824219,-8.92453384399414,"Unknown"
"7014857",371856,2025-06-23 11:53:35,43.5778694152832,-8.92625331878662,"Unknown"
"7014857",371856,2025-06-23 11:58:27,43.5778923034668,-8.92871379852295,"Unknown"
"7014857",371856,2025-06-23 12:03:25,43.5593757629395,-8.95513725280762,"Unknown"
"7014857",371856,2025-06-23 12:08:27,43.5593872070312,-8.9573278427124,"Unknown"
"7014857",371856,2025-06-23 12:13:26,43.5544776916504,-8.96705722808838,"Unknown"
"7014857",371856,2025-06-23 12:18:25,43.5524597167969,-9.00463771820068,"Unknown"
"7014857",371856,2025-06-23 12:23:27,43.5551147460938,-9.05514144897461,"Unknown"
"7014857",371856,2025-06-23 12:28:25,43.5633964538574,-9.08361148834229,"Unknown"
"7014857",371856,2025-06-23 12:33:25,43.5752906799316,-9.1169900894165,"Unknown"
"7014857",371856,2025-06-23 12:38:26,43.5845565795898,-9.12513256072998,"Unknown"
"7014857",371856,2025-06-23 12:43:26,43.5965957641602,-9.15966415405273,"Unknown"
"7014857",371856,2025-06-23 12:48:26,43.6048736572266,-9.15951824188232,"Unknown"
"7014857",371856,2025-06-23 12:53:26,43.5947761535645,-9.1373462677002,"Unknown"
"7014857",371856,2025-06-23 12:58:55,43.5949516296387,-9.13847637176514,"Unknown"
"7014857",371856,2025-06-23 13:03:26,43.5759162902832,-9.14592266082764,"Unknown"
"7014857",371856,2025-06-23 13:08:26,43.5220909118652,-9.18879413604736,"Unknown"
"7014857",371856,2025-06-23 13:13:25,43.4761657714844,-9.20625686645508,"Unknown"
"7014857",371856,2025-06-23 13:18:29,43.478946685791,-9.20365715026855,"Unknown"
"7014857",371856,2025-06-23 13:23:31,43.4772987365723,-9.20708847045898,"Unknown"
"7014857",371856,2025-06-23 13:28:37,43.4778213500977,-9.20683002471924,"Unknown"
"7014857",371856,2025-06-23 13:33:28,43.4773101806641,-9.20881652832031,"Unknown"
"7014857",371856,2025-06-23 13:38:28,43.476634979248,-9.2102518081665,"Unknown"
"7014857",371856,2025-06-23 13:43:25,43.475772857666,-9.21436786651611,"Unknown"
"7014857",371856,2025-06-23 13:48:29,43.4747657775879,-9.21758651733398,"Unknown"
"7014857",371856,2025-06-23 13:53:28,43.4747619628906,-9.21968460083008,"Unknown"
"7014857",371856,2025-06-23 13:58:29,43.4743804931641,-9.22306156158447,"Unknown"
"7014857",371856,2025-06-23 14:03:29,43.4531021118164,-9.20072746276855,"Unknown"
"7014857",371856,2025-06-23 14:09:02,43.425163269043,-9.17464256286621,"Unknown"
"7014857",371856,2025-06-23 14:13:26,43.3975448608398,-9.15682125091553,"Unknown"
"7014857",371856,2025-06-23 14:18:26,43.3648796081543,-9.14123725891113,"Unknown"
"7014857",371856,2025-06-23 14:23:38,43.3513984680176,-9.12747478485107,"Unknown"
"7014857",371856,2025-06-23 14:28:38,43.3434906005859,-9.11010932922363,"Unknown"
"7014857",371856,2025-06-23 14:33:40,43.343620300293,-9.11122512817383,"Unknown"
"7014857",371856,2025-06-23 14:38:26,43.334644317627,-9.09134197235107,"Unknown"
"7014857",371856,2025-06-23 14:43:27,43.3247947692871,-9.06258392333984,"Unknown"
"7014857",371856,2025-06-23 14:48:28,43.3199920654297,-9.04660320281982,"Unknown"
"7014857",371856,2025-06-23 14:53:28,43.3106651306152,-9.02492046356201,"Unknown"
"7014857",371856,2025-06-23 14:58:28,43.2967796325684,-8.99752235412598,"Unknown"
"7014857",371856,2025-06-23 15:03:29,43.2837142944336,-8.97327995300293,"Unknown"
"7014857",371856,2025-06-23 15:08:28,43.2882843017578,-8.94402694702148,"Unknown"
"7014857",371856,2025-06-23 15:13:30,43.2959976196289,-8.91128826141357,"Unknown"
"7014857",371856,2025-06-23 15:18:44,43.3206825256348,-8.90613651275635,"Unknown"
"7014857",371856,2025-06-23 15:23:41,43.3175086975098,-8.87868881225586,"Unknown"
"7014857",371856,2025-06-23 15:28:26,43.3238182067871,-8.85667324066162,"Unknown"
"7014857",371856,2025-06-23 15:33:37,43.3406791687012,-8.84260368347168,"Unknown"
"7014857",371856,2025-06-23 15:38:27,43.3556747436523,-8.84702587127686,"Unknown"
"7014857",371856,2025-06-23 15:43:37,43.3593139648438,-8.84521865844727,"Unknown"
"7014857",371856,2025-06-23 15:48:44,43.3593292236328,-8.84513378143311,"Unknown"
"7014857",371856,2025-06-23 15:53:29,43.3596115112305,-8.84547519683838,"Unknown"
"7014857",371856,2025-06-23 15:58:37,43.3593330383301,-8.8451566696167,"Unknown"
"7014857",371856,2025-06-23 16:03:46,43.359317779541,-8.84513759613037,"Unknown"
"7014857",371856,2025-06-23 16:08:51,43.3593063354492,-8.84521102905273,"Unknown"
"7014857",371856,2025-06-23 16:13:44,43.3591384887695,-8.84494972229004,"Unknown"
"7014857",371856,2025-06-23 16:18:59,43.3593330383301,-8.84519195556641,"Unknown"
"7014857",371856,2025-06-23 16:23:25,43.359375,-8.84516334533691,"Unknown"
"7014857",371856,2025-06-23 16:28:26,43.3593368530273,-8.84519577026367,"Unknown"
"7014857",371856,2025-06-23 16:33:25,43.3593101501465,-8.84521102905273,"Unknown"
"7014857",371856,2025-06-23 16:38:25,43.3593215942383,-8.84521293640137,"Unknown"
"7014857",371856,2025-06-23 16:43:25,43.3593368530273,-8.84521293640137,"Unknown"
"7014857",371856,2025-06-23 16:48:26,43.3593482971191,-8.84517669677734,"Unknown"
"7014857",371856,2025-06-23 16:53:26,43.3594055175781,-8.84514331817627,"Unknown"
"7014857",371856,2025-06-23 16:58:26,43.359375,-8.84511089324951,"Unknown"
"7014857",371856,2025-06-23 17:03:26,43.3593711853027,-8.84518623352051,"Unknown"
"7014857",371856,2025-06-23 17:08:25,43.3593711853027,-8.84514141082764,"Unknown"
"7014857",371856,2025-06-23 17:13:25,43.3593482971191,-8.84517288208008,"Unknown"
"7014857",371856,2025-06-23 17:18:25,43.3593673706055,-8.84501934051514,"Unknown"
"7014857",371856,2025-06-23 17:23:25,43.3593788146973,-8.84515571594238,"Unknown"
"7014857",371856,2025-06-23 17:28:28,43.3594055175781,-8.84506511688232,"Unknown"
"7014857",371856,2025-06-23 17:33:28,43.3594207763672,-8.84515380859375,"Unknown"
"7014857",371856,2025-06-23 17:38:25,43.3593521118164,-8.84513664245605,"Unknown"
"7014857",371856,2025-06-23 17:43:26,43.3593482971191,-8.8450984954834,"Unknown"
"7014857",371856,2025-06-23 17:48:41,43.3594055175781,-8.84515857696533,"Unknown"
"7014857",371856,2025-06-23 17:53:27,43.3592796325684,-8.84506702423096,"Unknown"
"7014857",371856,2025-06-23 17:58:26,43.3593482971191,-8.84508228302002,"Unknown"
"7014857",371856,2025-06-23 18:03:27,43.359375,-8.84516906738281,"Unknown"
"7014857",371856,2025-06-23 18:08:26,43.3593635559082,-8.84527683258057,"Unknown"
"7014857",371856,2025-06-23 18:13:28,43.3593635559082,-8.84517574310303,"Unknown"
"7014857",371856,2025-06-23 18:18:29,43.3592491149902,-8.84522247314453,"Unknown"
"7014857",371856,2025-06-23 18:23:30,43.359203338623,-8.8454008102417,"Unknown"
"7014857",371856,2025-06-23 18:28:29,43.3593902587891,-8.84521961212158,"Unknown"
"7014857",371856,2025-06-23 18:33:28,43.3594131469727,-8.84529781341553,"Unknown"
"7014857",371856,2025-06-23 18:38:25,43.3568153381348,-8.85100746154785,"Unknown"
"7014857",371856,2025-06-23 18:43:26,43.3237457275391,-8.85782623291016,"Unknown"
"7014857",371856,2025-06-23 18:48:59,43.3140983581543,-8.85689735412598,"Unknown"
"7014857",371856,2025-06-23 18:53:25,43.3145332336426,-8.85648918151855,"Unknown"
"7014857",371856,2025-06-23 18:58:30,43.3167953491211,-8.85889720916748,"Unknown"
"7014857",371856,2025-06-23 19:03:34,43.3164443969727,-8.85831451416016,"Unknown"
"7014857",371856,2025-06-23 19:08:34,43.3165817260742,-8.85860729217529,"Unknown"
"7014857",371856,2025-06-23 19:13:25,43.3118705749512,-8.85717105865479,"Unknown"
"7014857",371856,2025-06-23 19:18:32,43.2812576293945,-8.85036563873291,"Unknown"
"7014857",371856,2025-06-23 19:23:28,43.2723617553711,-8.83512115478516,"Unknown"
"7014857",371856,2025-06-23 19:28:38,43.2722969055176,-8.83500385284424,"Unknown"
"7014857",371856,2025-06-23 19:33:39,43.2723503112793,-8.83486938476562,"Unknown"
"7014857",371856,2025-06-23 19:38:32,43.272289276123,-8.83482456207275,"Unknown"
"7014857",371856,2025-06-23 19:43:30,43.2721824645996,-8.83503723144531,"Unknown"
"7014857",371856,2025-06-23 19:49:04,43.2722930908203,-8.83486938476562,"Unknown"
"7014857",371856,2025-06-23 19:53:26,43.2789077758789,-8.83725929260254,"Unknown"
"7014857",371856,2025-06-23 19:58:25,43.3069229125977,-8.84663486480713,"Unknown"
"7014857",371856,2025-06-23 20:03:26,43.3374862670898,-8.85239791870117,"Unknown"
"7014857",371856,2025-06-23 20:08:26,43.3582344055176,-8.85367393493652,"Unknown"
"7014857",371856,2025-06-23 20:13:44,43.359302520752,-8.84529972076416,"Unknown"
"7014857",371856,2025-06-23 20:18:28,43.3592872619629,-8.84526252746582,"Unknown"
"7014857",371856,2025-06-23 20:23:25,43.370719909668,-8.83864402770996,"Unknown"
"7014857",371856,2025-06-23 20:28:27,43.3737945556641,-8.84653282165527,"Unknown"
"7014857",371856,2025-06-23 20:33:25,43.3681335449219,-8.85472297668457,"Unknown"
"7014857",371856,2025-06-23 20:38:37,43.3592643737793,-8.84519577026367,"Unknown"
"7014857",371856,2025-06-23 20:43:28,43.3593559265137,-8.84469795227051,"Unknown"
"7014857",371856,2025-06-23 20:48:44,43.3592796325684,-8.84520244598389,"Unknown"
"7014857",371856,2025-06-23 20:53:38,43.3591728210449,-8.84488487243652,"Unknown"
"7014857",371856,2025-06-23 20:58:44,43.3593406677246,-8.84511089324951,"Unknown"
"7014857",371856,2025-06-23 21:03:27,43.3593063354492,-8.84530544281006,"Unknown"
"7014857",371856,2025-06-23 21:06:46,43.3592758178711,-8.84544372558594,"Unknown"
"7014857",371856,2025-06-24 02:07:05,43.3593635559082,-8.84531784057617,"Unknown"
"7014857",371856,2025-06-24 02:33:42,43.3593902587891,-8.84529685974121,"Unknown"
"7014857",371856,2025-06-24 02:38:43,43.3593521118164,-8.84525680541992,"Unknown"
"7014857",371856,2025-06-24 02:43:43,43.3594131469727,-8.84529972076416,"Unknown"
"7014857",371856,2025-06-24 02:48:44,43.3593444824219,-8.84524250030518,"Unknown"
"7014857",371856,2025-06-24 02:53:50,43.3593864440918,-8.84530353546143,"Unknown"
"7014857",371856,2025-06-24 02:58:44,43.3594245910645,-8.84530067443848,"Unknown"
"7014857",371856,2025-06-24 03:03:43,43.3593406677246,-8.84524822235107,"Unknown"
"7014857",371856,2025-06-24 03:08:45,43.3593711853027,-8.84529495239258,"Unknown"
"7014857",371856,2025-06-24 03:13:45,43.3593826293945,-8.8452787399292,"Unknown"
"7014857",371856,2025-06-24 03:18:45,43.3594360351562,-8.84533309936523,"Unknown"
"7014857",371856,2025-06-24 03:23:43,43.3595123291016,-8.84541416168213,"Unknown"
"7014857",371856,2025-06-24 03:28:46,43.3595695495605,-8.84542942047119,"Unknown"
"7014857",371856,2025-06-24 03:33:45,43.3592338562012,-8.84518814086914,"Unknown"
"7014857",371856,2025-06-24 03:38:44,43.3592376708984,-8.8452033996582,"Unknown"
"7014857",371856,2025-06-24 03:43:47,43.3595085144043,-8.84536838531494,"Unknown"
"7014857",371856,2025-06-24 03:48:49,43.3592567443848,-8.84504127502441,"Unknown"
"7014857",371856,2025-06-24 03:53:56,43.359489440918,-8.84517288208008,"Unknown"
"7014857",371856,2025-06-24 03:58:49,43.3593521118164,-8.84509563446045,"Unknown"
"7014857",371856,2025-06-24 04:03:45,43.359504699707,-8.84537887573242,"Unknown"
"7014857",371856,2025-06-24 04:08:55,43.3595924377441,-8.84547424316406,"Unknown"
"7014857",371856,2025-06-24 04:13:45,43.3571968078613,-8.84755706787109,"Unknown"
"7014857",371856,2025-06-24 04:19:04,43.3281288146973,-8.85351181030273,"Unknown"
"7014857",371856,2025-06-24 04:24:06,43.3164100646973,-8.85848712921143,"Unknown"
"7014857",371856,2025-06-24 04:28:41,43.309211730957,-8.85810661315918,"Unknown"
"7014857",371856,2025-06-24 04:33:44,43.2839965820312,-8.85471630096436,"Unknown"
"7014857",371856,2025-06-24 04:38:50,43.2839431762695,-8.85448360443115,"Unknown"
"7014857",371856,2025-06-24 04:43:43,43.2788314819336,-8.85036563873291,"Unknown"
"7014857",371856,2025-06-24 04:48:55,43.2722930908203,-8.83482360839844,"Unknown"
"7014857",371856,2025-06-24 04:53:56,43.2723274230957,-8.83501243591309,"Unknown"
"7014857",371856,2025-06-24 04:58:55,43.272216796875,-8.83472919464111,"Unknown"
"7014857",371856,2025-06-24 05:09:37,43.2660217285156,-8.83163261413574,"Unknown"
"7014857",371856,2025-06-24 05:14:00,43.2658538818359,-8.83188056945801,"Unknown"
"7014857",371856,2025-06-24 05:23:45,43.2663764953613,-8.83203792572021,"Unknown"
"7014857",371856,2025-06-24 05:28:42,43.2860374450684,-8.84587383270264,"Unknown"
"7014857",371856,2025-06-24 05:33:52,43.314208984375,-8.85682201385498,"Unknown"
"7014857",371856,2025-06-24 05:38:43,43.345329284668,-8.85369777679443,"Unknown"
"7014857",371856,2025-06-24 05:43:47,43.3592567443848,-8.84510612487793,"Unknown"
"7014857",371856,2025-06-24 05:49:01,43.3593368530273,-8.84518241882324,"Unknown"
"7014857",371856,2025-06-24 05:53:46,43.3593826293945,-8.84527587890625,"Unknown"
"7014857",371856,2025-06-24 05:58:43,43.3593673706055,-8.84520435333252,"Unknown"
"7014857",371856,2025-06-24 06:03:43,43.3593902587891,-8.84516716003418,"Unknown"
"7014857",371856,2025-06-24 06:09:01,43.3593597412109,-8.84523487091064,"Unknown"
"7014857",371856,2025-06-24 06:13:48,43.3592872619629,-8.84522342681885,"Unknown"
"7014857",371856,2025-06-24 06:18:44,43.3591995239258,-8.84518718719482,"Unknown"
"7014857",371856,2025-06-24 06:23:44,43.3593711853027,-8.84515571594238,"Unknown"
"7014857",371856,2025-06-24 06:28:45,43.3593063354492,-8.84516048431396,"Unknown"
"7014857",371856,2025-06-24 06:33:44,43.3593406677246,-8.8451566696167,"Unknown"
"7014857",371856,2025-06-24 06:38:45,43.3552360534668,-8.84400272369385,"Unknown"
"7014857",371856,2025-06-24 06:43:52,43.3593559265137,-8.84517383575439,"Unknown"
"7014857",371856,2025-06-24 06:49:05,43.3593559265137,-8.84513759613037,"Unknown"
"7014857",371856,2025-06-24 06:53:44,43.3593368530273,-8.84514236450195,"Unknown"
"7014857",371856,2025-06-24 06:58:42,43.3593139648438,-8.84515762329102,"Unknown"
"7014857",371856,2025-06-24 07:03:44,43.3594093322754,-8.8452091217041,"Unknown"
"7014857",371856,2025-06-24 07:08:47,43.3593521118164,-8.8450927734375,"Unknown"
"7014857",371856,2025-06-24 07:13:42,43.3594551086426,-8.84506511688232,"Unknown"
"7014857",371856,2025-06-24 07:18:46,43.3312225341797,-8.84412479400635,"Unknown"
"7014857",371856,2025-06-24 07:24:14,43.3042221069336,-8.8453426361084,"Unknown"
"7014857",371856,2025-06-24 07:28:45,43.3044815063477,-8.84537410736084,"Unknown"
"7014857",371856,2025-06-24 07:33:48,43.3043251037598,-8.84530162811279,"Unknown"
"7014857",371856,2025-06-24 07:38:49,43.3044929504395,-8.84558582305908,"Unknown"
"7014857",371856,2025-06-24 07:43:49,43.304759979248,-8.84536170959473,"Unknown"
"7014857",371856,2025-06-24 07:48:46,43.3045349121094,-8.84521102905273,"Unknown"
"7014857",371856,2025-06-24 07:53:49,43.3041915893555,-8.84511184692383,"Unknown"
"7014857",371856,2025-06-24 07:58:48,43.3045310974121,-8.8454418182373,"Unknown"
"7014857",371856,2025-06-24 08:03:54,43.3043403625488,-8.84541702270508,"Unknown"
"7014857",371856,2025-06-24 08:08:42,43.3152618408203,-8.84715366363525,"Unknown"
"7014857",371856,2025-06-24 08:13:42,43.3473892211914,-8.8425121307373,"Unknown"
"7014857",371856,2025-06-24 08:18:45,43.3592910766602,-8.84510707855225,"Unknown"
"7014857",371856,2025-06-24 08:24:01,43.3593101501465,-8.84504413604736,"Unknown"
"7014857",371856,2025-06-24 08:28:47,43.3592071533203,-8.84506225585938,"Unknown"
"7014857",371856,2025-06-24 08:33:45,43.3593139648438,-8.84515380859375,"Unknown"
"7014857",371856,2025-06-24 08:38:42,43.3593368530273,-8.84518718719482,"Unknown"
"7014857",371856,2025-06-24 08:43:44,43.3594131469727,-8.84532260894775,"Unknown"
"7014857",371856,2025-06-24 08:48:44,43.3592796325684,-8.84499645233154,"Unknown"
"7014857",371856,2025-06-24 08:53:44,43.3592910766602,-8.84510040283203,"Unknown"
"7014857",371856,2025-06-24 08:58:42,43.359317779541,-8.84517669677734,"Unknown"
"7014857",371856,2025-06-24 09:03:47,43.359432220459,-8.84532451629639,"Unknown"
"7014857",371856,2025-06-24 09:08:41,43.3594818115234,-8.84543895721436,"Unknown"
"7014857",371856,2025-06-24 09:13:45,43.353702545166,-8.84378528594971,"Unknown"
"7014857",371856,2025-06-24 09:18:41,43.3210868835449,-8.84318542480469,"Unknown"
"7014857",371856,2025-06-24 09:23:47,43.3045997619629,-8.84543037414551,"Unknown"
"7014857",371856,2025-06-24 09:28:48,43.3045043945312,-8.84539222717285,"Unknown"
"7014857",371856,2025-06-24 09:33:54,43.3047065734863,-8.84536933898926,"Unknown"
"7014857",371856,2025-06-24 09:38:51,43.3038597106934,-8.84551620483398,"Unknown"
"7014857",371856,2025-06-24 09:43:48,43.3055114746094,-8.84536170959473,"Unknown"
"7014857",371856,2025-06-24 09:48:53,43.3049354553223,-8.84528732299805,"Unknown"
"7014857",371856,2025-06-24 09:55:06,43.3045501708984,-8.84544658660889,"Unknown"
"7014857",371856,2025-06-24 10:00:06,43.3044395446777,-8.84543418884277,"Unknown"
"7014857",371856,2025-06-24 10:03:49,43.3041763305664,-8.84567737579346,"Unknown"
"7014857",371856,2025-06-24 10:08:43,43.3089599609375,-8.8547945022583,"Unknown"
"7014857",371856,2025-06-24 10:13:53,43.313892364502,-8.85721111297607,"Unknown"
"7014857",371856,2025-06-24 10:18:55,43.3138275146484,-8.85727310180664,"Unknown"
"7014857",371856,2025-06-24 10:23:47,43.3166923522949,-8.85744762420654,"Unknown"
"7014857",371856,2025-06-24 10:28:56,43.3423614501953,-8.83891487121582,"Unknown"
"7014857",371856,2025-06-24 10:33:54,43.3594665527344,-8.84513092041016,"Unknown"
"7014857",371856,2025-06-24 10:38:54,43.3597068786621,-8.84495735168457,"Unknown"
"7014857",371856,2025-06-24 10:43:54,43.3594856262207,-8.84511089324951,"Unknown"
"7014857",371856,2025-06-24 10:49:05,43.3593978881836,-8.84517002105713,"Unknown"
"7014857",371856,2025-06-24 10:53:44,43.359432220459,-8.8450984954834,"Unknown"
"7014857",371856,2025-06-24 10:58:49,43.3593597412109,-8.84514331817627,"Unknown"
"7014857",371856,2025-06-24 11:03:43,43.3592910766602,-8.845458984375,"Unknown"
"7014857",371856,2025-06-24 11:08:47,43.3593101501465,-8.84514713287354,"Unknown"
"7014857",371856,2025-06-24 11:13:44,43.3593559265137,-8.84521389007568,"Unknown"
"7014857",371856,2025-06-24 11:18:46,43.3594436645508,-8.84539985656738,"Unknown"
"7014857",371856,2025-06-24 11:23:42,43.3593864440918,-8.84511756896973,"Unknown"
"7014857",371856,2025-06-24 11:28:42,43.3593444824219,-8.84516048431396,"Unknown"
"7014857",371856,2025-06-24 11:33:43,43.3594818115234,-8.8451623916626,"Unknown"
"7014857",371856,2025-06-24 11:38:41,43.3593978881836,-8.84525108337402,"Unknown"
"7014857",371856,2025-06-24 11:43:41,43.3593711853027,-8.84516048431396,"Unknown"
"7014857",371856,2025-06-24 11:48:42,43.3593826293945,-8.84495735168457,"Unknown"
"7014857",371856,2025-06-24 11:53:44,43.359375,-8.84515380859375,"Unknown"
"7014857",371856,2025-06-24 11:58:47,43.3594779968262,-8.84513473510742,"Unknown"
"7014857",371856,2025-06-24 12:03:43,43.359504699707,-8.84528350830078,"Unknown"
"7014857",371856,2025-06-24 12:08:45,43.3594360351562,-8.84528636932373,"Unknown"
"7014857",371856,2025-06-24 12:13:41,43.3594284057617,-8.84517192840576,"Unknown"
"7014857",371856,2025-06-24 12:18:41,43.3594360351562,-8.84512138366699,"Unknown"
"7014857",371856,2025-06-24 12:23:41,43.3594856262207,-8.84525775909424,"Unknown"
"7014857",371856,2025-06-24 12:28:43,43.3593101501465,-8.84513759613037,"Unknown"
"7014857",371856,2025-06-24 12:33:47,43.3599700927734,-8.84510040283203,"Unknown"
"7014857",371856,2025-06-24 12:38:45,43.3594284057617,-8.84504508972168,"Unknown"
"7014857",371856,2025-06-24 12:43:42,43.3595962524414,-8.84521675109863,"Unknown"
"7014857",371856,2025-06-24 12:48:43,43.359504699707,-8.84510040283203,"Unknown"
"7014857",371856,2025-06-24 12:53:43,43.3597259521484,-8.84528064727783,"Unknown"
"7014857",371856,2025-06-24 12:59:04,43.3594017028809,-8.845139503479,"Unknown"
"7014857",371856,2025-06-24 13:03:44,43.3592872619629,-8.84517002105713,"Unknown"
"7014857",371856,2025-06-24 13:08:42,43.3594017028809,-8.84512996673584,"Unknown"
"7014857",371856,2025-06-24 13:13:44,43.3597450256348,-8.8450870513916,"Unknown"
"7014857",371856,2025-06-24 13:18:43,43.3589897155762,-8.8452730178833,"Unknown"
"7014857",371856,2025-06-24 13:23:46,43.359748840332,-8.84502124786377,"Unknown"
"7014857",371856,2025-06-24 13:28:49,43.3594932556152,-8.84505844116211,"Unknown"
"7014857",371856,2025-06-24 13:33:45,43.3596687316895,-8.84496307373047,"Unknown"
"7014857",371856,2025-06-24 13:38:48,43.3595390319824,-8.84499073028564,"Unknown"
"7014857",371856,2025-06-24 13:43:46,43.3593559265137,-8.84507846832275,"Unknown"
"7014857",371856,2025-06-24 13:48:47,43.359302520752,-8.84506702423096,"Unknown"
"7014857",371856,2025-06-24 13:53:46,43.3592872619629,-8.84501266479492,"Unknown"
"7014857",371856,2025-06-24 13:59:02,43.3592376708984,-8.84517574310303,"Unknown"
"7014857",371856,2025-06-24 14:03:43,43.3593139648438,-8.845290184021,"Unknown"
"7014857",371856,2025-06-24 14:08:56,43.3593406677246,-8.84535217285156,"Unknown"
"7014857",371856,2025-06-24 14:13:42,43.34814453125,-8.84323024749756,"Unknown"
"7014857",371856,2025-06-24 14:18:47,43.3218421936035,-8.84787464141846,"Unknown"
"7014857",371856,2025-06-24 14:23:59,43.3045768737793,-8.84531402587891,"Unknown"
"7014857",371856,2025-06-24 14:28:56,43.3044891357422,-8.84491062164307,"Unknown"
"7014857",371856,2025-06-24 14:33:58,43.3045616149902,-8.84555435180664,"Unknown"
"7014857",371856,2025-06-24 14:38:54,43.3045387268066,-8.84532642364502,"Unknown"
"7014857",371856,2025-06-24 14:44:12,43.3042297363281,-8.84548568725586,"Unknown"
"7014857",371856,2025-06-24 14:48:56,43.3043937683105,-8.84522724151611,"Unknown"
"7014857",371856,2025-06-24 14:53:55,43.3042907714844,-8.84523677825928,"Unknown"
"7014857",371856,2025-06-24 14:58:59,43.3044891357422,-8.84546756744385,"Unknown"
"7014857",371856,2025-06-24 15:04:39,43.3044242858887,-8.84553241729736,"Unknown"
"7014857",371856,2025-06-24 15:09:05,43.3053512573242,-8.84995651245117,"Unknown"
"7014857",371856,2025-06-24 15:13:44,43.3304481506348,-8.85513019561768,"Unknown"
"7014857",371856,2025-06-24 15:18:43,43.3444061279297,-8.84912014007568,"Unknown"
"7014857",371856,2025-06-24 15:24:05,43.3593597412109,-8.84515476226807,"Unknown"
"7014857",371856,2025-06-24 15:28:42,43.3593559265137,-8.84516525268555,"Unknown"
"7014857",371856,2025-06-24 15:33:43,43.3594169616699,-8.84506607055664,"Unknown"
"7014857",371856,2025-06-24 15:38:43,43.3593978881836,-8.84528350830078,"Unknown"
"7014857",371856,2025-06-24 15:43:44,43.3591995239258,-8.8448371887207,"Unknown"
"7014857",371856,2025-06-24 15:48:46,43.3594436645508,-8.84524154663086,"Unknown"
"7014857",371856,2025-06-24 15:53:43,43.3594970703125,-8.84510326385498,"Unknown"
"7014857",371856,2025-06-24 15:58:43,43.3593826293945,-8.84505939483643,"Unknown"
"7014857",371856,2025-06-24 16:03:42,43.3594284057617,-8.84515762329102,"Unknown"
"7014857",371856,2025-06-24 16:08:42,43.3419761657715,-8.85075283050537,"Unknown"
"7014857",371856,2025-06-24 16:13:43,43.3179206848145,-8.84952259063721,"Unknown"
"7014857",371856,2025-06-24 16:19:16,43.3042297363281,-8.84543991088867,"Unknown"
"7014857",371856,2025-06-24 16:23:46,43.3043975830078,-8.84539318084717,"Unknown"
"7014857",371856,2025-06-24 16:28:52,43.3045043945312,-8.84503269195557,"Unknown"
"7014857",371856,2025-06-24 16:33:54,43.3043556213379,-8.84548187255859,"Unknown"
"7014857",371856,2025-06-24 16:38:46,43.3042755126953,-8.84532642364502,"Unknown"
"7014857",371856,2025-06-24 16:44:14,43.3041954040527,-8.84542179107666,"Unknown"
"7014857",371856,2025-06-24 16:48:55,43.3043060302734,-8.84535312652588,"Unknown"
"7014857",371856,2025-06-24 16:55:08,43.3043441772461,-8.84550952911377,"Unknown"
"7014857",371856,2025-06-24 16:59:03,43.3042984008789,-8.84544372558594,"Unknown"
"7014857",371856,2025-06-24 17:03:49,43.3045234680176,-8.84535789489746,"Unknown"
"7014857",371856,2025-06-24 17:09:07,43.3043212890625,-8.84561538696289,"Unknown"
"7014857",371856,2025-06-24 17:14:35,43.3041191101074,-8.84503555297852,"Unknown"
"7014857",371856,2025-06-24 17:19:54,43.3042869567871,-8.84547805786133,"Unknown"
"7014857",371856,2025-06-24 17:23:43,43.3097686767578,-8.84880065917969,"Unknown"
"7014857",371856,2025-06-24 17:28:45,43.3203811645508,-8.85795783996582,"Unknown"
"7014857",371856,2025-06-24 17:33:48,43.3379707336426,-8.85816764831543,"Unknown"
"7014857",371856,2025-06-24 17:38:43,43.3593215942383,-8.84511280059814,"Unknown"
"7014857",371856,2025-06-24 17:43:49,43.3593482971191,-8.84510803222656,"Unknown"
"7014857",371856,2025-06-24 17:48:49,43.3592300415039,-8.84490776062012,"Unknown"
"7014857",371856,2025-06-24 17:53:47,43.3592300415039,-8.8450231552124,"Unknown"
"7014857",371856,2025-06-24 17:58:48,43.3594093322754,-8.84524250030518,"Unknown"
"7014857",371856,2025-06-24 18:03:45,43.3592491149902,-8.84500312805176,"Unknown"
"7014857",371856,2025-06-24 18:08:46,43.3592796325684,-8.84506225585938,"Unknown"
"7014857",371856,2025-06-24 18:13:48,43.3595085144043,-8.8452844619751,"Unknown"
"7014857",371856,2025-06-24 18:18:49,43.3592948913574,-8.84504985809326,"Unknown"
"7014857",371856,2025-06-24 18:23:57,43.3593559265137,-8.84535884857178,"Unknown"
"7014857",371856,2025-06-24 18:29:05,43.359317779541,-8.84519004821777,"Unknown"
"7014857",371856,2025-06-24 18:33:43,43.3594017028809,-8.84531307220459,"Unknown"
"7014857",371856,2025-06-24 18:38:44,43.3594017028809,-8.84530162811279,"Unknown"
"7014857",371856,2025-06-24 18:43:44,43.359317779541,-8.84508609771729,"Unknown"
"7014857",371856,2025-06-24 18:48:45,43.3593902587891,-8.84536743164062,"Unknown"
"7014857",371856,2025-06-24 18:53:45,43.3594360351562,-8.84531021118164,"Unknown"
"7014857",371856,2025-06-24 18:58:47,43.3592071533203,-8.84499931335449,"Unknown"
"7014857",371856,2025-06-24 19:03:51,43.3593940734863,-8.84529685974121,"Unknown"
"7014857",371856,2025-06-24 19:08:54,43.3593215942383,-8.84524536132812,"Unknown"
"7014857",371856,2025-06-24 19:13:44,43.3594627380371,-8.84554004669189,"Unknown"
"7014857",371856,2025-06-24 19:18:54,43.3593330383301,-8.84515380859375,"Unknown"
"7014857",371856,2025-06-24 19:23:45,43.3594703674316,-8.84566307067871,"Unknown"
"7014857",371856,2025-06-24 19:28:54,43.359317779541,-8.84517574310303,"Unknown"
"7014857",371856,2025-06-24 19:33:47,43.3592529296875,-8.84509468078613,"Unknown"
"7014857",371856,2025-06-24 19:38:54,43.3593139648438,-8.84522247314453,"Unknown"
"7014857",371856,2025-06-24 19:43:49,43.3593101501465,-8.84521961212158,"Unknown"
"7014857",371856,2025-06-24 19:48:54,43.3592796325684,-8.84522533416748,"Unknown"
"7014857",371856,2025-06-24 19:53:54,43.3593063354492,-8.84519863128662,"Unknown"
"7014857",371856,2025-06-24 19:58:54,43.3593368530273,-8.84524631500244,"Unknown"
"7014857",371856,2025-06-24 20:04:05,43.3592796325684,-8.84517288208008,"Unknown"
"7014857",371856,2025-06-24 20:08:43,43.3593292236328,-8.84510707855225,"Unknown"
"7014857",371856,2025-06-24 20:13:44,43.3593330383301,-8.84516906738281,"Unknown"
"7014857",371856,2025-06-24 20:18:45,43.3593597412109,-8.84518718719482,"Unknown"
"7014857",371856,2025-06-24 20:23:43,43.359317779541,-8.84519481658936,"Unknown"
"7014857",371856,2025-06-24 20:28:44,43.3593406677246,-8.84515857696533,"Unknown"
"7014857",371856,2025-06-24 20:33:43,43.3593635559082,-8.84518337249756,"Unknown"
"7014857",371856,2025-06-24 20:38:43,43.3592987060547,-8.84506511688232,"Unknown"
"7014857",371856,2025-06-24 20:43:43,43.3593597412109,-8.84525775909424,"Unknown"
"7014857",371856,2025-06-24 20:48:44,43.359920501709,-8.8353271484375,"Unknown"
"7014857",371856,2025-06-24 20:53:43,43.3578453063965,-8.8016242980957,"Unknown"
"7014857",371856,2025-06-24 20:58:44,43.3600463867188,-8.76876640319824,"Unknown"
"7014857",371856,2025-06-24 21:03:43,43.3634757995605,-8.78840255737305,"Unknown"
"7014857",371856,2025-06-24 21:06:36,43.3636283874512,-8.7910623550415,"Unknown"
"7014857",371856,2025-06-25 02:07:06,43.3704528808594,-8.78536224365234,"Unknown"
"7014857",371856,2025-06-25 02:33:59,43.3691139221191,-8.78034210205078,"Unknown"
"7014857",371856,2025-06-25 02:38:58,43.3693199157715,-8.78004455566406,"Unknown"
"7014857",371856,2025-06-25 02:43:58,43.369743347168,-8.77968692779541,"Unknown"
"7014857",371856,2025-06-25 02:48:57,43.3696670532227,-8.77883434295654,"Unknown"
"7014857",371856,2025-06-25 02:53:58,43.3703231811523,-8.77896213531494,"Unknown"
"7014857",371856,2025-06-25 02:58:57,43.3705673217773,-8.77856540679932,"Unknown"
"7014857",371856,2025-06-25 03:03:57,43.3708267211914,-8.77826595306396,"Unknown"
"7014857",371856,2025-06-25 03:08:57,43.3715972900391,-8.77852821350098,"Unknown"
"7014857",371856,2025-06-25 03:13:57,43.372013092041,-8.77848434448242,"Unknown"
"7014857",371856,2025-06-25 03:18:57,43.3722648620605,-8.77807426452637,"Unknown"
"7014857",371856,2025-06-25 03:23:57,43.3722724914551,-8.77742862701416,"Unknown"
"7014857",371856,2025-06-25 03:28:57,43.3531799316406,-8.75454139709473,"Unknown"
"7014857",371856,2025-06-25 03:33:58,43.3504333496094,-8.7520751953125,"Unknown"
"7014857",371856,2025-06-25 03:38:59,43.3507537841797,-8.75130081176758,"Unknown"
"7014857",371856,2025-06-25 03:44:03,43.3511772155762,-8.75133991241455,"Unknown"
"7014857",371856,2025-06-25 03:49:04,43.3574981689453,-8.70302581787109,"Unknown"
"7014857",371856,2025-06-25 03:54:01,43.3586578369141,-8.68388557434082,"Unknown"
"7014857",371856,2025-06-25 03:58:57,43.3584365844727,-8.68410301208496,"Unknown"
"7014857",371856,2025-06-25 04:03:58,43.3576011657715,-8.68966197967529,"Unknown"
"7014857",371856,2025-06-25 04:09:03,43.3547248840332,-8.7196741104126,"Unknown"
"7014857",371856,2025-06-25 04:13:59,43.3546867370605,-8.71992301940918,"Unknown"
"7014857",371856,2025-06-25 04:19:06,43.354419708252,-8.72908210754395,"Unknown"
"7014857",371856,2025-06-25 04:24:14,43.348331451416,-8.75987434387207,"Unknown"
"7014857",371856,2025-06-25 04:29:10,43.3530769348145,-8.77975273132324,"Unknown"
"7014857",371856,2025-06-25 04:33:58,43.3532981872559,-8.78081035614014,"Unknown"
"7014857",371856,2025-06-25 04:39:10,43.3543472290039,-8.78112697601318,"Unknown"
"7014857",371856,2025-06-25 04:43:55,43.3545722961426,-8.78562355041504,"Unknown"
"7014857",371856,2025-06-25 04:48:56,43.3548393249512,-8.799729347229,"Unknown"
"7014857",371856,2025-06-25 04:54:01,43.3532524108887,-8.83275985717773,"Unknown"
"7014857",371856,2025-06-25 04:59:06,43.3556251525879,-8.84496593475342,"Unknown"
"7014857",371856,2025-06-25 05:03:59,43.3555030822754,-8.84563064575195,"Unknown"
"7014857",371856,2025-06-25 05:09:05,43.356876373291,-8.84619331359863,"Unknown"
"7014857",371856,2025-06-25 05:14:01,43.3605766296387,-8.84798908233643,"Unknown"
"7014857",371856,2025-06-25 05:18:55,43.3593292236328,-8.84534454345703,"Unknown"
"7014857",371856,2025-06-25 05:23:57,43.359302520752,-8.84489345550537,"Unknown"
"7014857",371856,2025-06-25 05:29:03,43.3592796325684,-8.84508991241455,"Unknown"
"7014857",371856,2025-06-25 05:34:15,43.3592681884766,-8.84505748748779,"Unknown"
"7014857",371856,2025-06-25 05:38:55,43.3592834472656,-8.84519672393799,"Unknown"
"7014857",371856,2025-06-25 05:44:00,43.3593978881836,-8.84449291229248,"Unknown"
"7014857",371856,2025-06-25 05:49:00,43.3594093322754,-8.84343147277832,"Unknown"
"7014857",371856,2025-06-25 05:54:01,43.3593444824219,-8.84507465362549,"Unknown"
"7014857",371856,2025-06-25 05:58:57,43.359302520752,-8.84499168395996,"Unknown"
"7014857",371856,2025-06-25 06:03:59,43.359317779541,-8.84645843505859,"Unknown"
"7014857",371856,2025-06-25 06:09:13,43.3593521118164,-8.8452205657959,"Unknown"
"7014857",371856,2025-06-25 06:13:58,43.3592758178711,-8.84381484985352,"Unknown"
"7014857",371856,2025-06-25 06:19:01,43.3592948913574,-8.84500217437744,"Unknown"
"7014857",371856,2025-06-25 06:23:56,43.359245300293,-8.84531784057617,"Unknown"
"7014857",371856,2025-06-25 06:29:04,43.3593254089355,-8.84508991241455,"Unknown"
"7014857",371856,2025-06-25 06:34:06,43.3594398498535,-8.84520626068115,"Unknown"
"7014857",371856,2025-06-25 06:39:14,43.3593521118164,-8.84519290924072,"Unknown"
"7014857",371856,2025-06-25 06:43:58,43.3593139648438,-8.84529399871826,"Unknown"
"7014857",371856,2025-06-25 06:49:03,43.3592834472656,-8.84521675109863,"Unknown"
"7014857",371856,2025-06-25 06:53:57,43.359260559082,-8.8445987701416,"Unknown"
"7014857",371856,2025-06-25 06:59:01,43.3593559265137,-8.84542274475098,"Unknown"
"7014857",371856,2025-06-25 07:03:57,43.3589286804199,-8.84256649017334,"Unknown"
"7014857",371856,2025-06-25 07:09:00,43.3594284057617,-8.84594058990479,"Unknown"
"7014857",371856,2025-06-25 07:14:06,43.3595085144043,-8.84591865539551,"Unknown"
"7014857",371856,2025-06-25 07:18:59,43.3593444824219,-8.8452205657959,"Unknown"
"7014857",371856,2025-06-25 07:24:14,43.3593101501465,-8.84514904022217,"Unknown"
"7014857",371856,2025-06-25 07:29:00,43.3591957092285,-8.84450149536133,"Unknown"
"7014857",371856,2025-06-25 07:34:10,43.3592720031738,-8.84504413604736,"Unknown"
"7014857",371856,2025-06-25 07:39:06,43.3592987060547,-8.84513092041016,"Unknown"
"7014857",371856,2025-06-25 07:43:59,43.359130859375,-8.84423637390137,"Unknown"
"7014857",371856,2025-06-25 07:49:15,43.359317779541,-8.84516620635986,"Unknown"
"7014857",371856,2025-06-25 07:53:59,43.3594512939453,-8.84545612335205,"Unknown"
"7014857",371856,2025-06-25 07:59:06,43.3592987060547,-8.84484672546387,"Unknown"
"7014857",371856,2025-06-25 08:03:59,43.3589897155762,-8.8444185256958,"Unknown"
"7014857",371856,2025-06-25 08:09:06,43.359260559082,-8.84498500823975,"Unknown"
"7014857",371856,2025-06-25 08:14:00,43.3593254089355,-8.84509468078613,"Unknown"
"7014857",371856,2025-06-25 08:18:56,43.359676361084,-8.84594821929932,"Unknown"
"7014857",371856,2025-06-25 08:23:57,43.359546661377,-8.84564208984375,"Unknown"
"7014857",371856,2025-06-25 08:28:57,43.3596954345703,-8.84569931030273,"Unknown"
"7014857",371856,2025-06-25 08:34:00,43.3552627563477,-8.83787536621094,"Unknown"
"7014857",371856,2025-06-25 08:39:06,43.359260559082,-8.84515953063965,"Unknown"
"7014857",371856,2025-06-25 08:44:07,43.3591079711914,-8.8448657989502,"Unknown"
"7014857",371856,2025-06-25 08:49:29,43.3592414855957,-8.84539604187012,"Unknown"
"7014857",371856,2025-06-25 08:53:57,43.3592758178711,-8.84538173675537,"Unknown"
"7014857",371856,2025-06-25 08:58:59,43.3592872619629,-8.84536266326904,"Unknown"
"7014857",371856,2025-06-25 09:03:59,43.3592224121094,-8.84509754180908,"Unknown"
"7014857",371856,2025-06-25 09:09:14,43.3593254089355,-8.84529399871826,"Unknown"
"7014857",371856,2025-06-25 09:13:55,43.3593292236328,-8.84536266326904,"Unknown"
"7014857",371856,2025-06-25 09:18:55,43.3593521118164,-8.8452844619751,"Unknown"
"7014857",371856,2025-06-25 09:23:57,43.3592338562012,-8.84533882141113,"Unknown"
"7014857",371856,2025-06-25 09:29:01,43.359561920166,-8.84522724151611,"Unknown"
"7014857",371856,2025-06-25 09:34:00,43.3599014282227,-8.84517765045166,"Unknown"
"7014857",371856,2025-06-25 09:38:59,43.3591461181641,-8.84535121917725,"Unknown"
"7014857",371856,2025-06-25 09:44:01,43.3594589233398,-8.84526538848877,"Unknown"
"7014857",371856,2025-06-25 09:49:14,43.3590812683105,-8.84561347961426,"Unknown"
"7014857",371856,2025-06-25 09:53:55,43.3372039794922,-8.84380722045898,"Unknown"
"7014857",371856,2025-06-25 09:58:55,43.31396484375,-8.85711002349854,"Unknown"
"7014857",371856,2025-06-25 10:03:57,43.314022064209,-8.85712909698486,"Unknown"
"7014857",371856,2025-06-25 10:08:57,43.3137054443359,-8.8572359085083,"Unknown"
"7014857",371856,2025-06-25 10:13:57,43.3136711120605,-8.85757637023926,"Unknown"
"7014857",371856,2025-06-25 10:18:57,43.3136444091797,-8.85805797576904,"Unknown"
"7014857",371856,2025-06-25 10:23:59,43.3138084411621,-8.85735130310059,"Unknown"
"7014857",371856,2025-06-25 10:28:57,43.3118896484375,-8.85594367980957,"Unknown"
"7014857",371856,2025-06-25 10:33:55,43.304630279541,-8.8452787399292,"Unknown"
"7014857",371856,2025-06-25 10:39:09,43.3045387268066,-8.84528160095215,"Unknown"
"7014857",371856,2025-06-25 10:44:35,43.3044090270996,-8.84510231018066,"Unknown"
"7014857",371856,2025-06-25 10:49:12,43.3042526245117,-8.84524726867676,"Unknown"
"7014857",371856,2025-06-25 10:54:18,43.3043746948242,-8.84511184692383,"Unknown"
"7014857",371856,2025-06-25 10:59:04,43.3044700622559,-8.84543132781982,"Unknown"
"7014857",371856,2025-06-25 11:04:01,43.3042144775391,-8.84534168243408,"Unknown"
"7014857",371856,2025-06-25 11:09:01,43.3044929504395,-8.84550857543945,"Unknown"
"7014857",371856,2025-06-25 11:14:00,43.3045921325684,-8.84562587738037,"Unknown"
"7014857",371856,2025-06-25 11:18:59,43.3042526245117,-8.84517765045166,"Unknown"
"7014857",371856,2025-06-25 11:24:03,43.3044662475586,-8.84518432617188,"Unknown"
"7014857",371856,2025-06-25 11:28:55,43.305980682373,-8.84730243682861,"Unknown"
"7014857",371856,2025-06-25 11:34:04,43.3139533996582,-8.85679817199707,"Unknown"
"7014857",371856,2025-06-25 11:39:08,43.3139419555664,-8.8570613861084,"Unknown"
"7014857",371856,2025-06-25 11:43:59,43.3178825378418,-8.85521125793457,"Unknown"
"7014857",371856,2025-06-25 11:49:14,43.3594055175781,-8.84518814086914,"Unknown"
"7014857",371856,2025-06-25 11:53:55,43.3593444824219,-8.84511184692383,"Unknown"
"7014857",371856,2025-06-25 11:58:55,43.3593406677246,-8.84519100189209,"Unknown"
"7014857",371856,2025-06-25 12:03:57,43.3593559265137,-8.84509468078613,"Unknown"
"7014857",371856,2025-06-25 12:09:14,43.3593101501465,-8.84520530700684,"Unknown"
"7014857",371856,2025-06-25 12:13:55,43.3593482971191,-8.84533309936523,"Unknown"
"7014857",371856,2025-06-25 12:18:56,43.3593215942383,-8.84519386291504,"Unknown"
"7014857",371856,2025-06-25 12:23:55,43.3593788146973,-8.84521865844727,"Unknown"
"7014857",371856,2025-06-25 12:28:56,43.3594589233398,-8.84512329101562,"Unknown"
"7014857",371856,2025-06-25 12:33:59,43.3593826293945,-8.84512901306152,"Unknown"
"7014857",371856,2025-06-25 12:38:59,43.3593711853027,-8.84507656097412,"Unknown"
"7014857",371856,2025-06-25 12:44:00,43.3594017028809,-8.8450403213501,"Unknown"
"7014857",371856,2025-06-25 12:49:16,43.3592529296875,-8.8450984954834,"Unknown"
"7014857",371856,2025-06-25 12:54:29,43.359447479248,-8.84514331817627,"Unknown"
"7014857",371856,2025-06-25 12:58:55,43.3594779968262,-8.84520053863525,"Unknown"
"7014857",371856,2025-06-25 13:03:56,43.3592567443848,-8.84521484375,"Unknown"
"7014857",371856,2025-06-25 13:08:57,43.3590774536133,-8.84532356262207,"Unknown"
"7014857",371856,2025-06-25 13:14:00,43.3593215942383,-8.84523677825928,"Unknown"
"7014857",371856,2025-06-25 13:18:57,43.3459129333496,-8.84043884277344,"Unknown"
"7014857",371856,2025-06-25 13:23:56,43.3164672851562,-8.84378433227539,"Unknown"
"7014857",371856,2025-06-25 13:28:58,43.3042869567871,-8.84550380706787,"Unknown"
"7014857",371856,2025-06-25 13:34:13,43.3042755126953,-8.84551429748535,"Unknown"
"7014857",371856,2025-06-25 13:39:06,43.3041877746582,-8.84538745880127,"Unknown"
"7014857",371856,2025-06-25 13:44:11,43.3042373657227,-8.84478759765625,"Unknown"
"7014857",371856,2025-06-25 13:49:36,43.3042411804199,-8.84511661529541,"Unknown"
"7014857",371856,2025-06-25 13:54:07,43.3042106628418,-8.84539127349854,"Unknown"
"7014857",371856,2025-06-25 14:05:15,43.304370880127,-8.84548187255859,"Unknown"
"7014857",371856,2025-06-25 14:09:09,43.3044548034668,-8.8457202911377,"Unknown"
"7014857",371856,2025-06-25 14:14:06,43.304256439209,-8.84548664093018,"Unknown"
"7014857",371856,2025-06-25 14:19:07,43.3110084533691,-8.84836673736572,"Unknown"
"7014857",371856,2025-06-25 14:24:07,43.3460960388184,-8.84507274627686,"Unknown"
"7014857",371856,2025-06-25 14:29:06,43.3594284057617,-8.84539604187012,"Unknown"
"7014857",371856,2025-06-25 14:34:06,43.3594665527344,-8.8455057144165,"Unknown"
"7014857",371856,2025-06-25 14:39:06,43.3594512939453,-8.845383644104,"Unknown"
"7014857",371856,2025-06-25 14:44:06,43.3594932556152,-8.84543037414551,"Unknown"
"7014857",371856,2025-06-25 14:49:06,43.3595123291016,-8.84542942047119,"Unknown"
"7014857",371856,2025-06-25 14:54:06,43.3594856262207,-8.84539127349854,"Unknown"
"7014857",371856,2025-06-25 14:59:06,43.3594741821289,-8.84540462493896,"Unknown"
"7014857",371856,2025-06-25 15:04:06,43.3594741821289,-8.84536457061768,"Unknown"
"7014857",371856,2025-06-25 15:09:06,43.3594856262207,-8.84537696838379,"Unknown"
"7014857",371856,2025-06-25 15:14:10,43.3594589233398,-8.84540939331055,"Unknown"
"7014857",371856,2025-06-25 15:18:56,43.3593101501465,-8.84522151947021,"Unknown"
"7014857",371856,2025-06-25 15:23:59,43.3595809936523,-8.84548759460449,"Unknown"
"7014857",371856,2025-06-25 15:28:56,43.3592872619629,-8.84519004821777,"Unknown"
"7014857",371856,2025-06-25 15:33:57,43.3592796325684,-8.84523773193359,"Unknown"
"7014857",371856,2025-06-25 15:38:57,43.3591766357422,-8.84513187408447,"Unknown"
"7014857",371856,2025-06-25 15:43:58,43.3591728210449,-8.8450927734375,"Unknown"
"7014857",371856,2025-06-25 15:49:15,43.3599052429199,-8.84805679321289,"Unknown"
"7014857",371856,2025-06-25 15:54:13,43.3337059020996,-8.84471702575684,"Unknown"
"7014857",371856,2025-06-25 15:58:56,43.304027557373,-8.84456634521484,"Unknown"
"7014857",371856,2025-06-25 16:03:55,43.2965354919434,-8.85352993011475,"Unknown"
"7014857",371856,2025-06-25 16:09:05,43.2785034179688,-8.84725379943848,"Unknown"
"7014857",371856,2025-06-25 16:14:07,43.2672996520996,-8.82587623596191,"Unknown"
"7014857",371856,2025-06-25 16:19:00,43.2671432495117,-8.8252010345459,"Unknown"
"7014857",371856,2025-06-25 16:24:04,43.2667617797852,-8.82539558410645,"Unknown"
"7014857",371856,2025-06-25 16:28:55,43.2672843933105,-8.82603073120117,"Unknown"
"7014857",371856,2025-06-25 16:34:06,43.2670860290527,-8.82535171508789,"Unknown"
"7014857",371856,2025-06-25 16:39:08,43.2670669555664,-8.82530498504639,"Unknown"
"7014857",371856,2025-06-25 16:43:56,43.264820098877,-8.82802104949951,"Unknown"
"7014857",371856,2025-06-25 16:49:59,43.2835998535156,-8.8341703414917,"Unknown"
"7014857",371856,2025-06-25 16:53:55,43.303596496582,-8.84640598297119,"Unknown"
"7014857",371856,2025-06-25 16:58:57,43.3141632080078,-8.85685443878174,"Unknown"
"7014857",371856,2025-06-25 17:03:56,43.3244171142578,-8.85129261016846,"Unknown"
"7014857",371856,2025-06-25 17:08:56,43.3555603027344,-8.84536361694336,"Unknown"
"7014857",371856,2025-06-25 17:13:55,43.3633270263672,-8.85109424591064,"Unknown"
"7014857",371856,2025-06-25 17:18:55,43.3671875,-8.88539981842041,"Unknown"
"7014857",371856,2025-06-25 17:23:59,43.3604354858398,-8.92068004608154,"Unknown"
"7014857",371856,2025-06-25 17:30:20,43.3651428222656,-8.964919090271,"Unknown"
"7014857",371856,2025-06-25 17:34:14,43.3560562133789,-8.98722457885742,"Unknown"
"7014857",371856,2025-06-25 17:38:57,43.3414306640625,-9.01331615447998,"Unknown"
"7014857",371856,2025-06-25 17:44:14,43.3144874572754,-9.02660369873047,"Unknown"
"7014857",371856,2025-06-25 17:48:57,43.2859153747559,-9.02728080749512,"Unknown"
"7014857",371856,2025-06-25 17:54:05,43.2661056518555,-9.01875972747803,"Unknown"
"7014857",371856,2025-06-25 17:59:13,43.2553672790527,-9.0130615234375,"Unknown"
"7014857",371856,2025-06-25 18:03:58,43.2488708496094,-9.00824165344238,"Unknown"
"7014857",371856,2025-06-25 18:08:55,43.2330932617188,-8.99761295318604,"Unknown"
"7014857",371856,2025-06-25 18:13:56,43.2228393554688,-8.9978141784668,"Unknown"
"7014857",371856,2025-06-25 18:18:55,43.2160682678223,-8.99803829193115,"Unknown"
"7014857",371856,2025-06-25 18:23:59,43.2163314819336,-8.99802303314209,"Unknown"
"7014857",371856,2025-06-25 18:29:00,43.2233428955078,-9.00123691558838,"Unknown"
"7014857",371856,2025-06-25 18:33:59,43.2232475280762,-9.00054454803467,"Unknown"
"7014857",371856,2025-06-25 18:38:55,43.2234764099121,-9.00135326385498,"Unknown"
"7014857",371856,2025-06-25 18:43:58,43.2231216430664,-9.00170516967773,"Unknown"
"7014857",371856,2025-06-25 18:49:35,43.223072052002,-9.00170040130615,"Unknown"
"7014857",371856,2025-06-25 18:53:57,43.2229804992676,-9.00174617767334,"Unknown"
"7014857",371856,2025-06-25 18:59:06,43.222972869873,-9.00144863128662,"Unknown"
"7014857",371856,2025-06-25 19:04:03,43.2228813171387,-9.00141906738281,"Unknown"
"7014857",371856,2025-06-25 19:09:07,43.2228736877441,-9.00132179260254,"Unknown"
"7014857",371856,2025-06-25 19:13:58,43.222827911377,-9.00125885009766,"Unknown"
"7014857",371856,2025-06-25 19:19:12,43.2229347229004,-9.00136947631836,"Unknown"
"7014857",371856,2025-06-25 19:23:56,43.2229156494141,-9.00164127349854,"Unknown"
"7014857",371856,2025-06-25 19:29:14,43.2189407348633,-8.99858570098877,"Unknown"
"7014857",371856,2025-06-25 19:34:01,43.2231941223145,-9.00042629241943,"Unknown"
"7014857",371856,2025-06-25 19:38:57,43.2316513061523,-8.96947383880615,"Unknown"
"7014857",371856,2025-06-25 19:43:57,43.2527275085449,-8.96096706390381,"Unknown"
"7014857",371856,2025-06-25 19:49:14,43.2849197387695,-8.94748306274414,"Unknown"
"7014857",371856,2025-06-25 19:53:57,43.3175506591797,-8.91892719268799,"Unknown"
"7014857",371856,2025-06-25 19:59:12,43.3530044555664,-8.86508655548096,"Unknown"
"7014857",371856,2025-06-25 20:04:00,43.3592796325684,-8.84511375427246,"Unknown"
"7014857",371856,2025-06-25 20:08:57,43.3596229553223,-8.84459590911865,"Unknown"
"7014857",371856,2025-06-25 20:13:56,43.3588104248047,-8.83808898925781,"Unknown"
"7014857",371856,2025-06-25 20:18:55,43.3483238220215,-8.78602695465088,"Unknown"
"7014857",371856,2025-06-25 20:23:55,43.343635559082,-8.77515316009521,"Unknown"
"7014857",371856,2025-06-25 20:28:56,43.3437805175781,-8.77488040924072,"Unknown"
"7014857",371856,2025-06-25 20:34:06,43.3439407348633,-8.7748556137085,"Unknown"
"7014857",371856,2025-06-25 20:39:00,43.3444633483887,-8.77474689483643,"Unknown"
"7014857",371856,2025-06-25 20:44:06,43.3467636108398,-8.77576923370361,"Unknown"
"7014857",371856,2025-06-25 20:50:20,43.3479385375977,-8.77507400512695,"Unknown"
"7014857",371856,2025-06-25 20:54:05,43.34814453125,-8.77389907836914,"Unknown"
"7014857",371856,2025-06-25 20:59:01,43.3535423278809,-8.78148460388184,"Unknown"
"7014857",371856,2025-06-25 21:04:44,43.3536911010742,-8.78772830963135,"Unknown"
"7014857",371856,2025-06-26 02:04:16,43.3623008728027,-8.73134231567383,"Unknown"
"7014857",371856,2025-06-26 02:33:58,43.3593063354492,-8.73063278198242,"Unknown"
"7014857",371856,2025-06-26 02:39:05,43.3584022521973,-8.73093605041504,"Unknown"
"7014857",371856,2025-06-26 02:43:44,43.3589859008789,-8.72842025756836,"Unknown"
"7014857",371856,2025-06-26 02:48:43,43.3726539611816,-8.68831634521484,"Unknown"
"7014857",371856,2025-06-26 02:53:45,43.3730926513672,-8.68078517913818,"Unknown"
"7014857",371856,2025-06-26 02:58:43,43.3733901977539,-8.68014812469482,"Unknown"
"7014857",371856,2025-06-26 03:03:46,43.3736381530762,-8.6793966293335,"Unknown"
"7014857",371856,2025-06-26 03:08:43,43.3735389709473,-8.67826175689697,"Unknown"
"7014857",371856,2025-06-26 03:13:44,43.3736000061035,-8.67737579345703,"Unknown"
"7014857",371856,2025-06-26 03:18:44,43.3735237121582,-8.6763973236084,"Unknown"
"7014857",371856,2025-06-26 03:23:45,43.3737564086914,-8.67568206787109,"Unknown"
"7014857",371856,2025-06-26 03:28:48,43.3740997314453,-8.67513084411621,"Unknown"
"7014857",371856,2025-06-26 03:33:53,43.3742866516113,-8.67419052124023,"Unknown"
"7014857",371856,2025-06-26 03:38:47,43.3747100830078,-8.67366695404053,"Unknown"
"7014857",371856,2025-06-26 03:43:45,43.3750305175781,-8.67331218719482,"Unknown"
"7014857",371856,2025-06-26 03:48:47,43.375171661377,-8.67297172546387,"Unknown"
"7014857",371856,2025-06-26 03:53:44,43.358715057373,-8.66246032714844,"Unknown"
"7014857",371856,2025-06-26 03:58:44,43.3408432006836,-8.64879608154297,"Unknown"
"7014857",371856,2025-06-26 04:03:48,43.330883026123,-8.64679622650146,"Unknown"
"7014857",371856,2025-06-26 04:09:14,43.3410339355469,-8.64914798736572,"Unknown"
"7014857",371856,2025-06-26 04:13:44,43.3416366577148,-8.64867687225342,"Unknown"
"7014857",371856,2025-06-26 04:18:44,43.3481330871582,-8.64820861816406,"Unknown"
"7014857",371856,2025-06-26 04:23:45,43.3659286499023,-8.66592788696289,"Unknown"
"7014857",371856,2025-06-26 04:28:47,43.3651351928711,-8.70664215087891,"Unknown"
"7014857",371856,2025-06-26 04:33:44,43.3905143737793,-8.72516250610352,"Unknown"
"7014857",371856,2025-06-26 04:38:43,43.4278717041016,-8.71091938018799,"Unknown"
"7014857",371856,2025-06-26 04:43:43,43.4319725036621,-8.73063945770264,"Unknown"
"7014857",371856,2025-06-26 04:49:14,43.414363861084,-8.75658512115479,"Unknown"
"7014857",371856,2025-06-26 04:53:44,43.3999633789062,-8.77799129486084,"Unknown"
"7014857",371856,2025-06-26 04:58:45,43.3833198547363,-8.80088710784912,"Unknown"
"7014857",371856,2025-06-26 05:03:43,43.3693237304688,-8.82917404174805,"Unknown"
"7014857",371856,2025-06-26 05:09:16,43.3611259460449,-8.84539699554443,"Unknown"
"7014857",371856,2025-06-26 05:13:56,43.3594284057617,-8.84554004669189,"Unknown"
"7014857",371856,2025-06-26 05:19:05,43.3592262268066,-8.84506893157959,"Unknown"
"7014857",371856,2025-06-26 05:23:44,43.3592529296875,-8.84499073028564,"Unknown"
"7014857",371856,2025-06-26 05:28:44,43.3594627380371,-8.8450870513916,"Unknown"
"7014857",371856,2025-06-26 05:33:43,43.3661499023438,-8.83189010620117,"Unknown"
"7014857",371856,2025-06-26 05:38:45,43.365909576416,-8.83115005493164,"Unknown"
"7014857",371856,2025-06-26 05:43:43,43.3590545654297,-8.84559917449951,"Unknown"
"7014857",371856,2025-06-26 05:48:45,43.3592948913574,-8.84497356414795,"Unknown"
"7014857",371856,2025-06-26 05:53:47,43.3593215942383,-8.84497547149658,"Unknown"
"7014857",371856,2025-06-26 05:58:44,43.3596038818359,-8.84539890289307,"Unknown"
"7014857",371856,2025-06-26 06:04:00,43.3591918945312,-8.84497261047363,"Unknown"
"7014857",371856,2025-06-26 06:08:47,43.3593444824219,-8.84513759613037,"Unknown"
"7014857",371856,2025-06-26 06:13:47,43.3593406677246,-8.84516906738281,"Unknown"
"7014857",371856,2025-06-26 06:18:54,43.3567008972168,-8.8454532623291,"Unknown"
"7014857",371856,2025-06-26 06:24:05,43.3345146179199,-8.84810447692871,"Unknown"
"7014857",371856,2025-06-26 06:28:45,43.3170127868652,-8.85055541992188,"Unknown"
"7014857",371856,2025-06-26 06:33:54,43.3139305114746,-8.8568868637085,"Unknown"
"7014857",371856,2025-06-26 06:38:48,43.314037322998,-8.85709857940674,"Unknown"
"7014857",371856,2025-06-26 06:43:51,43.3120765686035,-8.85540008544922,"Unknown"
"7014857",371856,2025-06-26 06:48:47,43.3207397460938,-8.85297584533691,"Unknown"
"7014857",371856,2025-06-26 06:53:56,43.3595428466797,-8.8442850112915,"Unknown"
"7014857",371856,2025-06-26 06:58:54,43.3592643737793,-8.84513759613037,"Unknown"
"7014857",371856,2025-06-26 07:03:49,43.3593902587891,-8.84507369995117,"Unknown"
"7014857",371856,2025-06-26 07:08:54,43.359245300293,-8.84502696990967,"Unknown"
"7014857",371856,2025-06-26 07:13:53,43.3592529296875,-8.84505558013916,"Unknown"
"7014857",371856,2025-06-26 07:19:03,43.359375,-8.84515190124512,"Unknown"
"7014857",371856,2025-06-26 07:23:45,43.359375,-8.84517192840576,"Unknown"
"7014857",371856,2025-06-26 07:28:43,43.3592338562012,-8.84585285186768,"Unknown"
"7014857",371856,2025-06-26 07:33:44,43.3501281738281,-8.8424654006958,"Unknown"
"7014857",371856,2025-06-26 07:38:43,43.327033996582,-8.84411144256592,"Unknown"
"7014857",371856,2025-06-26 07:43:43,43.3043479919434,-8.84556293487549,"Unknown"
"7014857",371856,2025-06-26 07:48:44,43.3043899536133,-8.84530544281006,"Unknown"
"7014857",371856,2025-06-26 07:53:49,43.3044929504395,-8.84535312652588,"Unknown"
"7014857",371856,2025-06-26 07:58:45,43.3044700622559,-8.84551525115967,"Unknown"
"7014857",371856,2025-06-26 08:03:43,43.3057250976562,-8.84645938873291,"Unknown"
"7014857",371856,2025-06-26 08:08:43,43.3325424194336,-8.84667015075684,"Unknown"
"7014857",371856,2025-06-26 08:13:44,43.3593482971191,-8.84530067443848,"Unknown"
"7014857",371856,2025-06-26 08:18:44,43.3592834472656,-8.84535789489746,"Unknown"
"7014857",371856,2025-06-26 08:23:43,43.356861114502,-8.84492492675781,"Unknown"
"7014857",371856,2025-06-26 08:28:43,43.3318214416504,-8.84525871276855,"Unknown"
"7014857",371856,2025-06-26 08:33:43,43.3104820251465,-8.847412109375,"Unknown"
"7014857",371856,2025-06-26 08:38:43,43.2896194458008,-8.85742473602295,"Unknown"
"7014857",371856,2025-06-26 08:43:45,43.2862281799316,-8.84898567199707,"Unknown"
"7014857",371856,2025-06-26 08:48:43,43.2725372314453,-8.8476390838623,"Unknown"
"7014857",371856,2025-06-26 08:53:44,43.2435836791992,-8.84514808654785,"Unknown"
"7014857",371856,2025-06-26 08:58:44,43.2327308654785,-8.84264659881592,"Unknown"
"7014857",371856,2025-06-26 09:03:44,43.2321319580078,-8.84177684783936,"Unknown"
"7014857",371856,2025-06-26 09:08:44,43.231143951416,-8.84416103363037,"Unknown"
"7014857",371856,2025-06-26 09:13:44,43.2315864562988,-8.83858966827393,"Unknown"
"7014857",371856,2025-06-26 09:18:44,43.2276878356934,-8.84957885742188,"Unknown"
"7014857",371856,2025-06-26 09:23:44,43.2325019836426,-8.8429069519043,"Unknown"
"7014857",371856,2025-06-26 09:28:45,43.2348136901855,-8.84209728240967,"Unknown"
"7014857",371856,2025-06-26 09:33:45,43.2331008911133,-8.84277534484863,"Unknown"
"7014857",371856,2025-06-26 09:38:45,43.2252960205078,-8.83367443084717,"Unknown"
"7014857",371856,2025-06-26 09:43:47,43.2206230163574,-8.83429718017578,"Unknown"
"7014857",371856,2025-06-26 09:48:46,43.1986045837402,-8.82920837402344,"Unknown"
"7014857",371856,2025-06-26 09:53:47,43.1741218566895,-8.83507633209229,"Unknown"
"7014857",371856,2025-06-26 09:58:48,43.1624794006348,-8.83886241912842,"Unknown"
"7014857",371856,2025-06-26 10:04:05,43.1386871337891,-8.82437515258789,"Unknown"
"7014857",371856,2025-06-26 10:08:43,43.1168823242188,-8.82589054107666,"Unknown"
"7014857",371856,2025-06-26 10:13:43,43.0982284545898,-8.81851577758789,"Unknown"
"7014857",371856,2025-06-26 10:18:43,43.0712356567383,-8.81233596801758,"Unknown"
"7014857",371856,2025-06-26 10:23:45,43.0415229797363,-8.8031759262085,"Unknown"
"7014857",371856,2025-06-26 10:28:44,43.0213966369629,-8.81762790679932,"Unknown"
"7014857",371856,2025-06-26 10:33:45,43.0213508605957,-8.81799125671387,"Unknown"
"7014857",371856,2025-06-26 10:38:55,43.0208168029785,-8.81793785095215,"Unknown"
"7014857",371856,2025-06-26 10:43:56,43.0206336975098,-8.81826019287109,"Unknown"
"7014857",371856,2025-06-26 10:48:58,43.0205879211426,-8.81776237487793,"Unknown"
"7014857",371856,2025-06-26 10:53:48,43.0208702087402,-8.81755065917969,"Unknown"
"7014857",371856,2025-06-26 10:58:50,43.0210075378418,-8.81777667999268,"Unknown"
"7014857",371856,2025-06-26 11:04:25,43.0210876464844,-8.81770324707031,"Unknown"
"7014857",371856,2025-06-26 11:08:54,43.0207824707031,-8.81767177581787,"Unknown"
"7014857",371856,2025-06-26 11:14:06,43.0207023620605,-8.8174524307251,"Unknown"
"7014857",371856,2025-06-26 11:18:49,43.0209999084473,-8.8177661895752,"Unknown"
"7014857",371856,2025-06-26 11:23:55,43.0210914611816,-8.81796741485596,"Unknown"
"7014857",371856,2025-06-26 11:28:56,43.0377311706543,-8.81946563720703,"Unknown"
"7014857",371856,2025-06-26 11:33:43,43.0633239746094,-8.82184219360352,"Unknown"
"7014857",371856,2025-06-26 11:38:45,43.0874176025391,-8.82479190826416,"Unknown"
"7014857",371856,2025-06-26 11:43:45,43.1197853088379,-8.82950401306152,"Unknown"
"7014857",371856,2025-06-26 11:48:47,43.1338653564453,-8.83320999145508,"Unknown"
"7014857",371856,2025-06-26 11:54:05,43.1797752380371,-8.86131191253662,"Unknown"
"7014857",371856,2025-06-26 11:58:43,43.2140274047852,-8.85064888000488,"Unknown"
"7014857",371856,2025-06-26 12:03:46,43.2440872192383,-8.8378381729126,"Unknown"
"7014857",371856,2025-06-26 12:08:44,43.2532386779785,-8.82561302185059,"Unknown"
"7014857",371856,2025-06-26 12:13:44,43.2736854553223,-8.83798694610596,"Unknown"
"7014857",371856,2025-06-26 12:18:44,43.3059577941895,-8.85097408294678,"Unknown"
"7014857",371856,2025-06-26 12:24:16,43.3417930603027,-8.84492206573486,"Unknown"
"7014857",371856,2025-06-26 12:28:49,43.3594627380371,-8.84530830383301,"Unknown"
"7014857",371856,2025-06-26 12:33:46,43.3593215942383,-8.84531021118164,"Unknown"
"7014857",371856,2025-06-26 12:39:08,43.3593635559082,-8.84524059295654,"Unknown"
"7014857",371856,2025-06-26 12:44:05,43.3593597412109,-8.84519386291504,"Unknown"
"7014857",371856,2025-06-26 12:49:03,43.359447479248,-8.84526634216309,"Unknown"
"7014857",371856,2025-06-26 12:54:10,43.3593902587891,-8.84518241882324,"Unknown"
"7014857",371856,2025-06-26 12:58:47,43.3594436645508,-8.84523773193359,"Unknown"
"7014857",371856,2025-06-26 13:03:49,43.3596878051758,-8.84592628479004,"Unknown"
"7014857",371856,2025-06-26 13:08:49,43.3593635559082,-8.84503650665283,"Unknown"
"7014857",371856,2025-06-26 13:13:54,43.3591918945312,-8.84518241882324,"Unknown"
"7014857",371856,2025-06-26 13:18:55,43.3594093322754,-8.84526348114014,"Unknown"
"7014857",371856,2025-06-26 13:23:54,43.3598594665527,-8.84555530548096,"Unknown"
"7014857",371856,2025-06-26 13:29:00,43.3597450256348,-8.84550762176514,"Unknown"
"7014857",371856,2025-06-26 13:34:05,43.3593940734863,-8.8451681137085,"Unknown"
"7014857",371856,2025-06-26 13:38:52,43.3593597412109,-8.8449239730835,"Unknown"
"7014857",371856,2025-06-26 13:43:55,43.3594093322754,-8.84549999237061,"Unknown"
"7014857",371856,2025-06-26 13:48:51,43.3593101501465,-8.84514236450195,"Unknown"
"7014857",371856,2025-06-26 13:53:45,43.3594131469727,-8.84508800506592,"Unknown"
"7014857",371856,2025-06-26 13:58:54,43.3593292236328,-8.84518432617188,"Unknown"
"7014857",371856,2025-06-26 14:03:54,43.3593711853027,-8.8451509475708,"Unknown"
"7014857",371856,2025-06-26 14:08:55,43.3593864440918,-8.84516620635986,"Unknown"
"7014857",371856,2025-06-26 14:13:55,43.3594207763672,-8.84520626068115,"Unknown"
"7014857",371856,2025-06-26 14:18:54,43.359447479248,-8.84522151947021,"Unknown"
"7014857",371856,2025-06-26 14:23:57,43.3593444824219,-8.84524726867676,"Unknown"
"7014857",371856,2025-06-26 14:29:05,43.3593215942383,-8.8452262878418,"Unknown"
"7014857",371856,2025-06-26 14:33:48,43.3592300415039,-8.84695339202881,"Unknown"
"7014857",371856,2025-06-26 14:38:48,43.35791015625,-8.8730583190918,"Unknown"
"7014857",371856,2025-06-26 14:43:45,43.3622665405273,-8.89860057830811,"Unknown"
"7014857",371856,2025-06-26 14:48:47,43.3798408508301,-8.89364910125732,"Unknown"
"7014857",371856,2025-06-26 14:53:44,43.3932914733887,-8.88454246520996,"Unknown"
"7014857",371856,2025-06-26 14:58:48,43.4068183898926,-8.87908458709717,"Unknown"
"7014857",371856,2025-06-26 15:03:44,43.4100341796875,-8.87197780609131,"Unknown"
"7014857",371856,2025-06-26 15:09:14,43.3764762878418,-8.85404300689697,"Unknown"
"7014857",371856,2025-06-26 15:13:46,43.359790802002,-8.8461217880249,"Unknown"
"7014857",371856,2025-06-26 15:19:14,43.359317779541,-8.84524059295654,"Unknown"
"7014857",371856,2025-06-26 15:23:44,43.3592720031738,-8.84536361694336,"Unknown"
"7014857",371856,2025-06-26 15:28:45,43.3593597412109,-8.84532451629639,"Unknown"
"7014857",371856,2025-06-26 15:34:29,43.3593330383301,-8.84525871276855,"Unknown"
"7014857",371856,2025-06-26 15:38:44,43.3801422119141,-8.8370304107666,"Unknown"
"7014857",371856,2025-06-26 15:43:43,43.4111175537109,-8.8069372177124,"Unknown"
"7014857",371856,2025-06-26 15:48:48,43.4208984375,-8.8051061630249,"Unknown"
"7014857",371856,2025-06-26 15:53:44,43.445125579834,-8.82042980194092,"Unknown"
"7014857",371856,2025-06-26 15:58:45,43.4625358581543,-8.8461332321167,"Unknown"
"7014857",371856,2025-06-26 16:04:28,43.4902801513672,-8.86230373382568,"Unknown"
"7014857",371856,2025-06-26 16:08:43,43.5039710998535,-8.88148975372314,"Unknown"
"7014857",371856,2025-06-26 16:13:43,43.5287933349609,-8.89292812347412,"Unknown"
"7014857",371856,2025-06-26 16:18:44,43.5526428222656,-8.88752174377441,"Unknown"
"7014857",371856,2025-06-26 16:24:14,43.5528221130371,-8.88749504089355,"Unknown"
"7014857",371856,2025-06-26 16:28:48,43.5615386962891,-8.88218784332275,"Unknown"
"7014857",371856,2025-06-26 16:34:10,43.585262298584,-8.829345703125,"Unknown"
"7014857",371856,2025-06-26 16:38:46,43.5995101928711,-8.80523777008057,"Unknown"
"7014857",371856,2025-06-26 16:43:46,43.5877990722656,-8.81209087371826,"Unknown"
"7014857",371856,2025-06-26 16:48:43,43.5763626098633,-8.81896686553955,"Unknown"
"7014857",371856,2025-06-26 16:53:44,43.5646896362305,-8.82586860656738,"Unknown"
"7014857",371856,2025-06-26 16:58:44,43.5552024841309,-8.83297157287598,"Unknown"
"7014857",371856,2025-06-26 17:03:44,43.5476531982422,-8.83797359466553,"Unknown"
"7014857",371856,2025-06-26 17:08:45,43.5251312255859,-8.84609889984131,"Unknown"
"7014857",371856,2025-06-26 17:13:46,43.4948577880859,-8.85260581970215,"Unknown"
"7014857",371856,2025-06-26 17:18:45,43.464485168457,-8.85904216766357,"Unknown"
"7014857",371856,2025-06-26 17:23:45,43.4323692321777,-8.86282634735107,"Unknown"
"7014857",371856,2025-06-26 17:28:47,43.4008522033691,-8.86397647857666,"Unknown"
"7014857",371856,2025-06-26 17:34:05,43.3679733276367,-8.84781360626221,"Unknown"
"7014857",371856,2025-06-26 17:38:45,43.3589973449707,-8.8448600769043,"Unknown"
"7014857",371856,2025-06-26 17:43:44,43.3590240478516,-8.84462261199951,"Unknown"
"7014857",371856,2025-06-26 17:48:45,43.3592872619629,-8.84515380859375,"Unknown"
"7014857",371856,2025-06-26 17:53:47,43.3594055175781,-8.84530162811279,"Unknown"
"7014857",371856,2025-06-26 17:58:45,43.3593597412109,-8.84527206420898,"Unknown"
"7014857",371856,2025-06-26 18:03:48,43.3593482971191,-8.84538650512695,"Unknown"
"7014857",371856,2025-06-26 18:08:46,43.3593482971191,-8.84527778625488,"Unknown"
"7014857",371856,2025-06-26 18:13:45,43.3594169616699,-8.84530353546143,"Unknown"
"7014857",371856,2025-06-26 18:18:48,43.3594093322754,-8.84542369842529,"Unknown"
"7014857",371856,2025-06-26 18:23:48,43.3593673706055,-8.84533405303955,"Unknown"
"7014857",371856,2025-06-26 18:28:48,43.3594055175781,-8.84529495239258,"Unknown"
"7014857",371856,2025-06-26 18:33:47,43.3594512939453,-8.84535789489746,"Unknown"
"7014857",371856,2025-06-26 18:38:49,43.3595962524414,-8.84527778625488,"Unknown"
"7014857",371856,2025-06-26 18:43:46,43.3594512939453,-8.84529781341553,"Unknown"
"7014857",371856,2025-06-26 18:48:54,43.3596611022949,-8.84539222717285,"Unknown"
"7014857",371856,2025-06-26 18:54:14,43.3594627380371,-8.84522533416748,"Unknown"
"7014857",371856,2025-06-26 18:58:46,43.3594207763672,-8.84533214569092,"Unknown"
"7014857",371856,2025-06-26 19:03:51,43.3593482971191,-8.84534454345703,"Unknown"
"7014857",371856,2025-06-26 19:08:46,43.3520202636719,-8.86026668548584,"Unknown"
"7014857",371856,2025-06-26 19:13:52,43.3471450805664,-8.87878799438477,"Unknown"
"7014857",371856,2025-06-26 19:18:46,43.3464622497559,-8.87929534912109,"Unknown"
"7014857",371856,2025-06-26 19:23:47,43.350528717041,-8.86969661712646,"Unknown"
"7014857",371856,2025-06-26 19:28:48,43.3581695556641,-8.84595394134521,"Unknown"
"7014857",371856,2025-06-26 19:33:46,43.3593101501465,-8.84531307220459,"Unknown"
"7014857",371856,2025-06-26 19:38:54,43.3591957092285,-8.84529972076416,"Unknown"
"7014857",371856,2025-06-26 19:43:46,43.3595657348633,-8.84559154510498,"Unknown"
"7014857",371856,2025-06-26 19:49:14,43.3593101501465,-8.84524250030518,"Unknown"
"7014857",371856,2025-06-26 19:53:45,43.3592796325684,-8.84534358978271,"Unknown"
"7014857",371856,2025-06-26 19:58:48,43.3593215942383,-8.84537220001221,"Unknown"
"7014857",371856,2025-06-26 20:03:51,43.359317779541,-8.84528827667236,"Unknown"
"7014857",371856,2025-06-26 20:09:23,43.3593444824219,-8.84527969360352,"Unknown"
"7014857",371856,2025-06-26 20:13:51,43.3592987060547,-8.84525775909424,"Unknown"
"7014857",371856,2025-06-26 20:18:46,43.3592643737793,-8.84531402587891,"Unknown"
"7014857",371856,2025-06-26 20:23:48,43.3593063354492,-8.84494686126709,"Unknown"
"7014857",371856,2025-06-26 20:28:49,43.3592834472656,-8.84513187408447,"Unknown"
"7014857",371856,2025-06-26 20:33:49,43.3592872619629,-8.84523963928223,"Unknown"
"7014857",371856,2025-06-26 20:39:05,43.3593482971191,-8.84523487091064,"Unknown"
"7014857",371856,2025-06-26 20:43:48,43.3592910766602,-8.84513092041016,"Unknown"
"7014857",371856,2025-06-26 20:48:51,43.3586502075195,-8.84542560577393,"Unknown"
"7014857",371856,2025-06-26 20:53:46,43.3468322753906,-8.86848545074463,"Unknown"
"7014857",371856,2025-06-26 20:58:48,43.3474311828613,-8.86817359924316,"Unknown"
"7014857",371856,2025-06-26 21:03:49,43.3493003845215,-8.86911869049072,"Unknown"
"7014857",371856,2025-06-26 21:06:55,43.3493156433105,-8.86861991882324,"Unknown"
"7014857",371856,2025-06-27 02:06:55,43.3534469604492,-8.81740570068359,"Unknown"
"7014857",371856,2025-06-27 02:35:45,43.3795967102051,-8.73411083221436,"Unknown"
"7014857",371856,2025-06-27 02:40:37,43.3794860839844,-8.73468589782715,"Unknown"
"7014857",371856,2025-06-27 02:45:37,43.3795890808105,-8.73534774780273,"Unknown"
"7014857",371856,2025-06-27 02:50:37,43.3798332214355,-8.73601818084717,"Unknown"
"7014857",371856,2025-06-27 02:55:37,43.3802032470703,-8.73656272888184,"Unknown"
"7014857",371856,2025-06-27 03:00:37,43.3803901672363,-8.7372465133667,"Unknown"
"7014857",371856,2025-06-27 03:05:37,43.3807220458984,-8.73781681060791,"Unknown"
"7014857",371856,2025-06-27 03:10:44,43.3813629150391,-8.73873424530029,"Unknown"
"7014857",371856,2025-06-27 03:15:29,43.3816146850586,-8.73958969116211,"Unknown"
"7014857",371856,2025-06-27 03:20:27,43.382251739502,-8.74007797241211,"Unknown"
"7014857",371856,2025-06-27 03:25:29,43.3829536437988,-8.74080562591553,"Unknown"
"7014857",371856,2025-06-27 03:30:27,43.3833885192871,-8.74166488647461,"Unknown"
"7014857",371856,2025-06-27 03:35:27,43.3838996887207,-8.74281120300293,"Unknown"
"7014857",371856,2025-06-27 03:40:27,43.3848724365234,-8.74329662322998,"Unknown"
"7014857",371856,2025-06-27 03:45:44,43.3858833312988,-8.74407577514648,"Unknown"
"7014857",371856,2025-06-27 03:50:27,43.3863906860352,-8.74461650848389,"Unknown"
"7014857",371856,2025-06-27 03:55:27,43.3868598937988,-8.74514770507812,"Unknown"
"7014857",371856,2025-06-27 04:00:27,43.3887405395508,-8.74233341217041,"Unknown"
"7014857",371856,2025-06-27 04:05:28,43.3813858032227,-8.76667022705078,"Unknown"
"7014857",371856,2025-06-27 04:10:27,43.3752326965332,-8.80161380767822,"Unknown"
"7014857",371856,2025-06-27 04:15:27,43.3626251220703,-8.83827781677246,"Unknown"
"7014857",371856,2025-06-27 04:20:31,43.3593978881836,-8.8445405960083,"Unknown"
"7014857",371856,2025-06-27 04:25:28,43.3593635559082,-8.84475612640381,"Unknown"
"7014857",371856,2025-06-27 04:30:38,43.3593826293945,-8.84475898742676,"Unknown"
"7014857",371856,2025-06-27 04:35:36,43.359375,-8.84482955932617,"Unknown"
"7014857",371856,2025-06-27 04:40:37,43.3594093322754,-8.84483814239502,"Unknown"
"7014857",371856,2025-06-27 04:45:45,43.3594627380371,-8.8450288772583,"Unknown"
"7014857",371856,2025-06-27 04:50:39,43.3594131469727,-8.84514713287354,"Unknown"
"7014857",371856,2025-06-27 04:55:30,43.359447479248,-8.84495544433594,"Unknown"
"7014857",371856,2025-06-27 05:00:29,43.3593406677246,-8.84498691558838,"Unknown"
"7014857",371856,2025-06-27 05:05:31,43.3593368530273,-8.84470748901367,"Unknown"
"7014857",371856,2025-06-27 05:10:30,43.3592872619629,-8.84470558166504,"Unknown"
"7014857",371856,2025-06-27 05:15:28,43.3593482971191,-8.84485721588135,"Unknown"
"7014857",371856,2025-06-27 05:20:27,43.3593559265137,-8.84475898742676,"Unknown"
"7014857",371856,2025-06-27 05:25:27,43.3593254089355,-8.84486770629883,"Unknown"
"7014857",371856,2025-06-27 05:30:42,43.3592796325684,-8.8447732925415,"Unknown"
"7014857",371856,2025-06-27 05:35:38,43.3592643737793,-8.84487533569336,"Unknown"
"7014857",371856,2025-06-27 05:40:45,43.3593559265137,-8.84494495391846,"Unknown"
"7014857",371856,2025-06-27 05:45:31,43.3593559265137,-8.84492111206055,"Unknown"
"7014857",371856,2025-06-27 05:50:42,43.3593444824219,-8.84525203704834,"Unknown"
"7014857",371856,2025-06-27 05:55:29,43.3593368530273,-8.84457969665527,"Unknown"
"7014857",371856,2025-06-27 06:00:32,43.3593864440918,-8.84500217437744,"Unknown"
"7014857",371856,2025-06-27 06:05:28,43.3595695495605,-8.84539127349854,"Unknown"
"7014857",371856,2025-06-27 06:10:35,43.3594398498535,-8.84525775909424,"Unknown"
"7014857",371856,2025-06-27 06:15:36,43.3594703674316,-8.84508228302002,"Unknown"
"7014857",371856,2025-06-27 06:20:38,43.3595390319824,-8.8449535369873,"Unknown"
"7014857",371856,2025-06-27 06:25:36,43.359432220459,-8.84515476226807,"Unknown"
"7014857",371856,2025-06-27 06:30:36,43.3596153259277,-8.8455753326416,"Unknown"
"7014857",371856,2025-06-27 06:35:38,43.3592071533203,-8.84501171112061,"Unknown"
"7014857",371856,2025-06-27 06:40:58,43.3591651916504,-8.84505367279053,"Unknown"
"7014857",371856,2025-06-27 06:45:45,43.3592376708984,-8.84440612792969,"Unknown"
"7014857",371856,2025-06-27 06:50:45,43.3592872619629,-8.84532451629639,"Unknown"
"7014857",371856,2025-06-27 06:55:37,43.3591842651367,-8.84541893005371,"Unknown"
"7014857",371856,2025-06-27 07:00:36,43.3592643737793,-8.84533596038818,"Unknown"
"7014857",371856,2025-06-27 07:05:37,43.3591842651367,-8.84524726867676,"Unknown"
"7014857",371856,2025-06-27 07:10:37,43.3592071533203,-8.84512805938721,"Unknown"
"7014857",371856,2025-06-27 07:15:38,43.3591918945312,-8.84506893157959,"Unknown"
"7014857",371856,2025-06-27 07:21:00,43.3593215942383,-8.84517002105713,"Unknown"
"7014857",371856,2025-06-27 07:25:27,43.3593292236328,-8.84525203704834,"Unknown"
"7014857",371856,2025-06-27 07:30:27,43.3593139648438,-8.8452033996582,"Unknown"
"7014857",371856,2025-06-27 07:35:27,43.3592987060547,-8.84521579742432,"Unknown"
"7014857",371856,2025-06-27 07:40:27,43.3592987060547,-8.84522914886475,"Unknown"
"7014857",371856,2025-06-27 07:45:28,43.3592109680176,-8.84497928619385,"Unknown"
"7014857",371856,2025-06-27 07:50:26,43.3593902587891,-8.8452672958374,"Unknown"
"7014857",371856,2025-06-27 07:55:27,43.3593940734863,-8.84527206420898,"Unknown"
"7014857",371856,2025-06-27 08:00:27,43.3403129577637,-8.84729671478271,"Unknown"
"7014857",371856,2025-06-27 08:05:27,43.3144493103027,-8.84769535064697,"Unknown"
"7014857",371856,2025-06-27 08:10:29,43.3044242858887,-8.84529685974121,"Unknown"
"7014857",371856,2025-06-27 08:15:31,43.3044357299805,-8.8454065322876,"Unknown"
"7014857",371856,2025-06-27 08:20:30,43.3044166564941,-8.8455171585083,"Unknown"
"7014857",371856,2025-06-27 08:25:27,43.3138122558594,-8.85715484619141,"Unknown"
"7014857",371856,2025-06-27 08:30:27,43.314037322998,-8.85699939727783,"Unknown"
"7014857",371856,2025-06-27 08:35:27,43.3316383361816,-8.85424995422363,"Unknown"
"7014857",371856,2025-06-27 08:40:27,43.3595123291016,-8.84676742553711,"Unknown"
"7014857",371856,2025-06-27 08:45:28,43.3593521118164,-8.84521102905273,"Unknown"
"7014857",371856,2025-06-27 08:50:27,43.3590927124023,-8.84493541717529,"Unknown"
"7014857",371856,2025-06-27 08:55:27,43.3591957092285,-8.84479236602783,"Unknown"
"7014857",371856,2025-06-27 09:00:34,43.3593292236328,-8.84507846832275,"Unknown"
"7014857",371856,2025-06-27 09:05:35,43.3593673706055,-8.84507369995117,"Unknown"
"7014857",371856,2025-06-27 09:10:34,43.3594398498535,-8.8451509475708,"Unknown"
"7014857",371856,2025-06-27 09:15:31,43.3593063354492,-8.84489631652832,"Unknown"
"7014857",371856,2025-06-27 09:20:37,43.3592147827148,-8.84519481658936,"Unknown"
"7014857",371856,2025-06-27 09:25:37,43.3592948913574,-8.84505462646484,"Unknown"
"7014857",371856,2025-06-27 09:30:30,43.3593978881836,-8.84530925750732,"Unknown"
"7014857",371856,2025-06-27 09:35:29,43.3594512939453,-8.84567260742188,"Unknown"
"7014857",371856,2025-06-27 09:40:30,43.3594589233398,-8.84547805786133,"Unknown"
"7014857",371856,2025-06-27 09:45:28,43.3594551086426,-8.84550666809082,"Unknown"
"7014857",371856,2025-06-27 09:50:37,43.3593864440918,-8.84491443634033,"Unknown"
"7014857",371856,2025-06-27 09:55:29,43.3594245910645,-8.84561729431152,"Unknown"
"7014857",371856,2025-06-27 10:00:31,43.3594093322754,-8.8453197479248,"Unknown"
"7014857",371856,2025-06-27 10:05:29,43.3594245910645,-8.84547901153564,"Unknown"
"7014857",371856,2025-06-27 10:10:55,43.3594017028809,-8.84494209289551,"Unknown"
"7014857",371856,2025-06-27 10:15:31,43.3595085144043,-8.84427165985107,"Unknown"
"7014857",371856,2025-06-27 10:20:29,43.3592796325684,-8.84501552581787,"Unknown"
"7014857",371856,2025-06-27 10:25:30,43.3593711853027,-8.84508037567139,"Unknown"
"7014857",371856,2025-06-27 10:30:27,43.3593330383301,-8.84522724151611,"Unknown"
"7014857",371856,2025-06-27 10:35:27,43.3578643798828,-8.84552192687988,"Unknown"
"7014857",371856,2025-06-27 10:40:38,43.3568305969238,-8.84831047058105,"Unknown"
"7014857",371856,2025-06-27 10:45:27,43.3285713195801,-8.84760761260986,"Unknown"
"7014857",371856,2025-06-27 10:50:31,43.3044052124023,-8.84558200836182,"Unknown"
"7014857",371856,2025-06-27 10:55:40,43.3045501708984,-8.8453197479248,"Unknown"
"7014857",371856,2025-06-27 11:00:27,43.2934875488281,-8.85605049133301,"Unknown"
"7014857",371856,2025-06-27 11:05:31,43.279655456543,-8.85462093353271,"Unknown"
"7014857",371856,2025-06-27 11:10:28,43.2592239379883,-8.83780956268311,"Unknown"
"7014857",371856,2025-06-27 11:15:42,43.2327728271484,-8.84308815002441,"Unknown"
"7014857",371856,2025-06-27 11:20:40,43.2323532104492,-8.84317398071289,"Unknown"
"7014857",371856,2025-06-27 11:25:31,43.232608795166,-8.84292507171631,"Unknown"
"7014857",371856,2025-06-27 11:30:44,43.2325325012207,-8.84283828735352,"Unknown"
"7014857",371856,2025-06-27 11:35:37,43.2325782775879,-8.84289264678955,"Unknown"
"7014857",371856,2025-06-27 11:40:34,43.2325859069824,-8.84289264678955,"Unknown"
"7014857",371856,2025-06-27 11:45:30,43.2324295043945,-8.84294605255127,"Unknown"
"7014857",371856,2025-06-27 11:50:36,43.2326164245605,-8.84289741516113,"Unknown"
"7014857",371856,2025-06-27 11:55:32,43.2326202392578,-8.84286785125732,"Unknown"
"7014857",371856,2025-06-27 12:00:46,43.2330169677734,-8.84277057647705,"Unknown"
"7014857",371856,2025-06-27 12:05:32,43.2325668334961,-8.8426628112793,"Unknown"
"7014857",371856,2025-06-27 12:10:35,43.2330474853516,-8.84251117706299,"Unknown"
"7014857",371856,2025-06-27 12:15:39,43.232593536377,-8.84299468994141,"Unknown"
"7014857",371856,2025-06-27 12:20:27,43.2469024658203,-8.84627246856689,"Unknown"
"7014857",371856,2025-06-27 12:25:27,43.2530364990234,-8.851393699646,"Unknown"
"7014857",371856,2025-06-27 12:30:28,43.2798233032227,-8.85394096374512,"Unknown"
"7014857",371856,2025-06-27 12:35:27,43.2981491088867,-8.86354160308838,"Unknown"
"7014857",371856,2025-06-27 12:40:27,43.3135643005371,-8.85866737365723,"Unknown"
"7014857",371856,2025-06-27 12:45:28,43.3190307617188,-8.84897994995117,"Unknown"
"7014857",371856,2025-06-27 12:50:27,43.3433265686035,-8.84318733215332,"Unknown"
"7014857",371856,2025-06-27 12:55:27,43.359317779541,-8.84510707855225,"Unknown"
"7014857",371856,2025-06-27 13:00:27,43.3593826293945,-8.84504318237305,"Unknown"
"7014857",371856,2025-06-27 13:05:27,43.3595428466797,-8.84512805938721,"Unknown"
"7014857",371856,2025-06-27 13:10:28,43.3593215942383,-8.84505939483643,"Unknown"
"7014857",371856,2025-06-27 13:15:32,43.3595085144043,-8.84521389007568,"Unknown"
"7014857",371856,2025-06-27 13:20:31,43.3595428466797,-8.8449821472168,"Unknown"
"7014857",371856,2025-06-27 13:25:29,43.3596000671387,-8.844895362854,"Unknown"
"7014857",371856,2025-06-27 13:30:27,43.3599395751953,-8.84678554534912,"Unknown"
"7014857",371856,2025-06-27 13:35:29,43.3618431091309,-8.8398494720459,"Unknown"
"7014857",371856,2025-06-27 13:40:27,43.3720512390137,-8.85310649871826,"Unknown"
"7014857",371856,2025-06-27 13:45:27,43.3925666809082,-8.87885189056396,"Unknown"
"7014857",371856,2025-06-27 13:50:27,43.4096527099609,-8.90844631195068,"Unknown"
"7014857",371856,2025-06-27 13:55:27,43.424259185791,-8.9400053024292,"Unknown"
"7014857",371856,2025-06-27 14:00:28,43.4386901855469,-8.96766376495361,"Unknown"
"7014857",371856,2025-06-27 14:05:27,43.4573936462402,-8.98858070373535,"Unknown"
"7014857",371856,2025-06-27 14:10:29,43.4752426147461,-9.01348209381104,"Unknown"
"7014857",371856,2025-06-27 14:15:27,43.4924812316895,-9.03874969482422,"Unknown"
"7014857",371856,2025-06-27 14:20:30,43.5130424499512,-9.04722499847412,"Unknown"
"7014857",371856,2025-06-27 14:25:28,43.5379943847656,-9.04695796966553,"Unknown"
"7014857",371856,2025-06-27 14:30:30,43.5639305114746,-9.04568004608154,"Unknown"
"7014857",371856,2025-06-27 14:35:29,43.5636405944824,-9.04593849182129,"Unknown"
"7014857",371856,2025-06-27 14:40:31,43.5633583068848,-9.04608726501465,"Unknown"
"7014857",371856,2025-06-27 14:45:35,43.5622482299805,-9.04532623291016,"Unknown"
"7014857",371856,2025-06-27 14:50:31,43.5612487792969,-9.04546546936035,"Unknown"
"7014857",371856,2025-06-27 14:55:30,43.5607070922852,-9.04591655731201,"Unknown"
"7014857",371856,2025-06-27 15:00:29,43.5611419677734,-9.04850196838379,"Unknown"
"7014857",371856,2025-06-27 15:05:38,43.5613632202148,-9.04912948608398,"Unknown"
"7014857",371856,2025-06-27 15:10:31,43.5599594116211,-9.04988098144531,"Unknown"
"7014857",371856,2025-06-27 15:15:36,43.5597648620605,-9.04951858520508,"Unknown"
"7014857",371856,2025-06-27 15:20:30,43.5596656799316,-9.0489444732666,"Unknown"
"7014857",371856,2025-06-27 15:25:29,43.5467147827148,-9.0410327911377,"Unknown"
"7014857",371856,2025-06-27 15:30:31,43.5118522644043,-9.02997589111328,"Unknown"
"7014857",371856,2025-06-27 15:35:30,43.4846343994141,-9.00263214111328,"Unknown"
"7014857",371856,2025-06-27 15:40:30,43.4564514160156,-8.9744119644165,"Unknown"
"7014857",371856,2025-06-27 15:45:29,43.4319648742676,-8.94587421417236,"Unknown"
"7014857",371856,2025-06-27 15:50:30,43.4072875976562,-8.91932964324951,"Unknown"
"7014857",371856,2025-06-27 15:55:30,43.4036827087402,-8.91286373138428,"Unknown"
"7014857",371856,2025-06-27 16:00:30,43.386890411377,-8.88420963287354,"Unknown"
"7014857",371856,2025-06-27 16:05:29,43.3677940368652,-8.85526752471924,"Unknown"
"7014857",371856,2025-06-27 16:10:32,43.3596496582031,-8.84533309936523,"Unknown"
"7014857",371856,2025-06-27 16:15:29,43.3596115112305,-8.84524059295654,"Unknown"
"7014857",371856,2025-06-27 16:20:37,43.3597259521484,-8.84539127349854,"Unknown"
"7014857",371856,2025-06-27 16:25:31,43.3596420288086,-8.84548377990723,"Unknown"
"7014857",371856,2025-06-27 16:30:29,43.3596458435059,-8.84547805786133,"Unknown"
"7014857",371856,2025-06-27 16:35:30,43.3595771789551,-8.84538650512695,"Unknown"
"7014857",371856,2025-06-27 16:40:29,43.3596038818359,-8.84533977508545,"Unknown"
"7014857",371856,2025-06-27 16:45:28,43.3596038818359,-8.84540176391602,"Unknown"
"7014857",371856,2025-06-27 16:50:29,43.3596687316895,-8.84547901153564,"Unknown"
"7014857",371856,2025-06-27 16:55:29,43.3596801757812,-8.8455171585083,"Unknown"
"7014857",371856,2025-06-27 17:00:31,43.3596153259277,-8.84531116485596,"Unknown"
"7014857",371856,2025-06-27 17:05:29,43.3595581054688,-8.84562969207764,"Unknown"
"7014857",371856,2025-06-27 17:10:29,43.3597183227539,-8.84554958343506,"Unknown"
"7014857",371856,2025-06-27 17:15:29,43.3596572875977,-8.84562587738037,"Unknown"
"7014857",371856,2025-06-27 17:20:34,43.3595237731934,-8.84539222717285,"Unknown"
"7014857",371856,2025-06-27 17:25:29,43.3598098754883,-8.84573650360107,"Unknown"
"7014857",371856,2025-06-27 17:30:31,43.3595581054688,-8.84527397155762,"Unknown"
"7014857",371856,2025-06-27 17:35:30,43.3595161437988,-8.84564018249512,"Unknown"
"7014857",371856,2025-06-27 17:40:34,43.3594169616699,-8.84518623352051,"Unknown"
"7014857",371856,2025-06-27 17:45:37,43.3594436645508,-8.84518527984619,"Unknown"
"7014857",371856,2025-06-27 17:50:30,43.3527145385742,-8.84976387023926,"Unknown"
"7014857",371856,2025-06-27 17:55:34,43.3536682128906,-8.85612678527832,"Unknown"
"7014857",371856,2025-06-27 18:00:31,43.354808807373,-8.85735702514648,"Unknown"
"7014857",371856,2025-06-27 18:05:34,43.3554458618164,-8.85851573944092,"Unknown"
"7014857",371856,2025-06-27 18:10:30,43.3560600280762,-8.86011219024658,"Unknown"
"7014857",371856,2025-06-27 18:15:33,43.3568115234375,-8.8614559173584,"Unknown"
"7014857",371856,2025-06-27 18:20:30,43.3590545654297,-8.8505973815918,"Unknown"
"7014857",371856,2025-06-27 18:25:36,43.3600006103516,-8.8456859588623,"Unknown"
"7014857",371856,2025-06-27 18:30:29,43.3599739074707,-8.84574699401855,"Unknown"
"7014857",371856,2025-06-27 18:35:30,43.3595161437988,-8.84599018096924,"Unknown"
"7014857",371856,2025-06-27 18:40:37,43.3596458435059,-8.84531307220459,"Unknown"
"7014857",371856,2025-06-27 18:45:32,43.3594665527344,-8.84542560577393,"Unknown"
"7014857",371856,2025-06-27 18:50:36,43.3597221374512,-8.84542083740234,"Unknown"
"7014857",371856,2025-06-27 18:55:29,43.3579406738281,-8.84764575958252,"Unknown"
"7014857",371856,2025-06-27 19:00:30,43.3455581665039,-8.87787818908691,"Unknown"
"7014857",371856,2025-06-27 19:05:29,43.3459434509277,-8.87916946411133,"Unknown"
"7014857",371856,2025-06-27 19:10:29,43.3461532592773,-8.88036346435547,"Unknown"
"7014857",371856,2025-06-27 19:15:30,43.3468132019043,-8.8815450668335,"Unknown"
"7014857",371856,2025-06-27 19:20:30,43.3471336364746,-8.88262844085693,"Unknown"
"7014857",371856,2025-06-27 19:25:29,43.3505516052246,-8.89759159088135,"Unknown"
"7014857",371856,2025-06-27 19:30:30,43.3515396118164,-8.87610530853271,"Unknown"
"7014857",371856,2025-06-27 19:35:32,43.3537750244141,-8.85777473449707,"Unknown"
"7014857",371856,2025-06-27 19:40:30,43.3575897216797,-8.85237121582031,"Unknown"
"7014857",371856,2025-06-27 19:45:30,43.3617248535156,-8.83312511444092,"Unknown"
"7014857",371856,2025-06-27 19:50:30,43.3705825805664,-8.83178997039795,"Unknown"
"7014857",371856,2025-06-27 19:55:30,43.3713760375977,-8.83225727081299,"Unknown"
"7014857",371856,2025-06-27 20:00:30,43.3661422729492,-8.83585166931152,"Unknown"
"7014857",371856,2025-06-27 20:05:30,43.3597183227539,-8.84534358978271,"Unknown"
"7014857",371856,2025-06-27 20:10:30,43.3596801757812,-8.84504127502441,"Unknown"
"7014857",371856,2025-06-27 20:15:30,43.3591575622559,-8.84491443634033,"Unknown"
"7014857",371856,2025-06-27 20:20:30,43.3594665527344,-8.84492969512939,"Unknown"
"7014857",371856,2025-06-27 20:25:30,43.3603858947754,-8.84682750701904,"Unknown"
"7014857",371856,2025-06-27 20:30:30,43.3591766357422,-8.84483528137207,"Unknown"
"7014857",371856,2025-06-27 20:35:30,43.3596687316895,-8.8451623916626,"Unknown"
"7014857",371856,2025-06-27 20:40:30,43.365047454834,-8.82630062103271,"Unknown"
"7014857",371856,2025-06-27 20:45:30,43.3640480041504,-8.78814125061035,"Unknown"
"7014857",371856,2025-06-27 20:50:29,43.3720359802246,-8.75228881835938,"Unknown"
"7014857",371856,2025-06-27 20:55:29,43.3670120239258,-8.71484756469727,"Unknown"
"7014857",371856,2025-06-27 21:00:29,43.3539657592773,-8.67785835266113,"Unknown"
"7014857",371856,2025-06-27 21:06:09,43.3434600830078,-8.65603542327881,"Unknown"
"7014857",371856,2025-06-28 02:06:36,43.3593978881836,-8.84536361694336,"Unknown"
"7014857",371856,2025-06-28 02:35:24,43.3592681884766,-8.84521102905273,"Unknown"
"7014857",371856,2025-06-28 02:40:23,43.3592910766602,-8.84525299072266,"Unknown"
"7014857",371856,2025-06-28 02:45:21,43.3593444824219,-8.84525299072266,"Unknown"
"7014857",371856,2025-06-28 02:50:24,43.3593254089355,-8.84531021118164,"Unknown"
"7014857",371856,2025-06-28 02:55:21,43.3595428466797,-8.8454761505127,"Unknown"
"7014857",371856,2025-06-28 03:00:22,43.3593711853027,-8.8456449508667,"Unknown"
"7014857",371856,2025-06-28 03:05:22,43.3595008850098,-8.84549331665039,"Unknown"
"7014857",371856,2025-06-28 03:10:22,43.3593902587891,-8.84538555145264,"Unknown"
"7014857",371856,2025-06-28 03:15:21,43.359447479248,-8.84541893005371,"Unknown"
"7014857",371856,2025-06-28 03:20:24,43.3594017028809,-8.84538078308105,"Unknown"
"7014857",371856,2025-06-28 03:25:21,43.3594207763672,-8.84539985656738,"Unknown"
"7014857",371856,2025-06-28 03:30:22,43.3593826293945,-8.84533596038818,"Unknown"
"7014857",371856,2025-06-28 03:35:21,43.3599739074707,-8.84556007385254,"Unknown"
"7014857",371856,2025-06-28 03:40:22,43.3593978881836,-8.84534931182861,"Unknown"
"7014857",371856,2025-06-28 03:45:23,43.3593521118164,-8.84543323516846,"Unknown"
"7014857",371856,2025-06-28 03:50:26,43.3597793579102,-8.84486675262451,"Unknown"
"7014857",371856,2025-06-28 03:55:22,43.359561920166,-8.84747886657715,"Unknown"
"7014857",371856,2025-06-28 04:00:21,43.378231048584,-8.87735176086426,"Unknown"
"7014857",371856,2025-06-28 04:05:21,43.3988647460938,-8.90057754516602,"Unknown"
"7014857",371856,2025-06-28 04:10:22,43.4169921875,-8.88440990447998,"Unknown"
"7014857",371856,2025-06-28 04:15:25,43.4179649353027,-8.88524532318115,"Unknown"
"7014857",371856,2025-06-28 04:20:28,43.4186019897461,-8.88614463806152,"Unknown"
"7014857",371856,2025-06-28 04:25:26,43.4192657470703,-8.88705444335938,"Unknown"
"7014857",371856,2025-06-28 04:30:21,43.407039642334,-8.86936569213867,"Unknown"
"7014857",371856,2025-06-28 04:35:23,43.3785514831543,-8.85370349884033,"Unknown"
"7014857",371856,2025-06-28 04:40:21,43.3710861206055,-8.85577583312988,"Unknown"
"7014857",371856,2025-06-28 04:45:22,43.3712997436523,-8.85563850402832,"Unknown"
"7014857",371856,2025-06-28 04:50:23,43.3711280822754,-8.85981845855713,"Unknown"
"7014857",371856,2025-06-28 04:55:25,43.3595237731934,-8.84482765197754,"Unknown"
"7014857",371856,2025-06-28 05:00:24,43.359748840332,-8.84470462799072,"Unknown"
"7014857",371856,2025-06-28 05:05:26,43.3593215942383,-8.8453254699707,"Unknown"
"7014857",371856,2025-06-28 05:10:22,43.3593444824219,-8.84541034698486,"Unknown"
"7014857",371856,2025-06-28 05:15:23,43.3594055175781,-8.84472370147705,"Unknown"
"7014857",371856,2025-06-28 05:20:24,43.3594245910645,-8.84458160400391,"Unknown"
"7014857",371856,2025-06-28 05:25:24,43.3593673706055,-8.84469318389893,"Unknown"
"7014857",371856,2025-06-28 05:30:27,43.3595848083496,-8.845383644104,"Unknown"
"7014857",371856,2025-06-28 05:35:27,43.3593444824219,-8.84517002105713,"Unknown"
"7014857",371856,2025-06-28 05:40:22,43.3595542907715,-8.84520721435547,"Unknown"
"7014857",371856,2025-06-28 05:45:23,43.3595390319824,-8.84537410736084,"Unknown"
"7014857",371856,2025-06-28 05:50:25,43.3595314025879,-8.84550094604492,"Unknown"
"7014857",371856,2025-06-28 05:55:22,43.359561920166,-8.8453197479248,"Unknown"
"7014857",371856,2025-06-28 06:00:21,43.3595123291016,-8.84532165527344,"Unknown"
"7014857",371856,2025-06-28 06:05:21,43.3595657348633,-8.8454475402832,"Unknown"
"7014857",371856,2025-06-28 06:10:24,43.3597984313965,-8.84506702423096,"Unknown"
"7014857",371856,2025-06-28 06:15:23,43.3597526550293,-8.84516620635986,"Unknown"
"7014857",371856,2025-06-28 06:20:27,43.3597831726074,-8.84517002105713,"Unknown"
"7014857",371856,2025-06-28 06:25:27,43.3597869873047,-8.84501361846924,"Unknown"
"7014857",371856,2025-06-28 06:30:27,43.3597717285156,-8.84501934051514,"Unknown"
"7014857",371856,2025-06-28 06:35:23,43.3596534729004,-8.84498882293701,"Unknown"
"7014857",371856,2025-06-28 06:40:24,43.3560028076172,-8.84491348266602,"Unknown"
"7014857",371856,2025-06-28 06:45:23,43.3276252746582,-8.84471130371094,"Unknown"
"7014857",371856,2025-06-28 06:50:24,43.3046760559082,-8.84504699707031,"Unknown"
"7014857",371856,2025-06-28 06:55:27,43.3047561645508,-8.84519481658936,"Unknown"
"7014857",371856,2025-06-28 07:00:33,43.3047714233398,-8.84516429901123,"Unknown"
"7014857",371856,2025-06-28 07:05:29,43.3047714233398,-8.84476852416992,"Unknown"
"7014857",371856,2025-06-28 07:10:39,43.3046455383301,-8.84499454498291,"Unknown"
"7014857",371856,2025-06-28 07:15:35,43.3047218322754,-8.84473896026611,"Unknown"
"7014857",371856,2025-06-28 07:20:24,43.3141899108887,-8.85658931732178,"Unknown"
"7014857",371856,2025-06-28 07:25:22,43.3222274780273,-8.85460472106934,"Unknown"
"7014857",371856,2025-06-28 07:30:22,43.3513565063477,-8.8485803604126,"Unknown"
"7014857",371856,2025-06-28 07:35:28,43.359489440918,-8.84506511688232,"Unknown"
"7014857",371856,2025-06-28 07:40:22,43.3598480224609,-8.84448528289795,"Unknown"
"7014857",371856,2025-06-28 07:45:22,43.359561920166,-8.8442554473877,"Unknown"
"7014857",371856,2025-06-28 07:50:23,43.3597145080566,-8.8443078994751,"Unknown"
"7014857",371856,2025-06-28 07:55:23,43.3594818115234,-8.84423065185547,"Unknown"
"7014857",371856,2025-06-28 08:00:23,43.3595809936523,-8.84527683258057,"Unknown"
"7014857",371856,2025-06-28 08:05:22,43.3594512939453,-8.84507369995117,"Unknown"
"7014857",371856,2025-06-28 08:10:23,43.3592491149902,-8.84516620635986,"Unknown"
"7014857",371856,2025-06-28 08:15:25,43.3595123291016,-8.84521293640137,"Unknown"
"7014857",371856,2025-06-28 08:20:21,43.3594284057617,-8.8443717956543,"Unknown"
"7014857",371856,2025-06-28 08:25:22,43.3591995239258,-8.84489250183105,"Unknown"
"7014857",371856,2025-06-28 08:30:30,43.3596534729004,-8.84532356262207,"Unknown"
"7014857",371856,2025-06-28 08:35:25,43.359619140625,-8.8453483581543,"Unknown"
"7014857",371856,2025-06-28 08:40:22,43.3596801757812,-8.84541893005371,"Unknown"
"7014857",371856,2025-06-28 08:45:28,43.359733581543,-8.84519577026367,"Unknown"
"7014857",371856,2025-06-28 08:50:28,43.3597373962402,-8.84520816802979,"Unknown"
"7014857",371856,2025-06-28 08:55:22,43.3595275878906,-8.84446144104004,"Unknown"
"7014857",371856,2025-06-28 09:00:21,43.3601226806641,-8.84569835662842,"Unknown"
"7014857",371856,2025-06-28 09:05:34,43.3597755432129,-8.84568500518799,"Unknown"
"7014857",371856,2025-06-28 09:10:21,43.359920501709,-8.84547805786133,"Unknown"
"7014857",371856,2025-06-28 09:15:22,43.3440971374512,-8.84518241882324,"Unknown"
"7014857",371856,2025-06-28 09:20:23,43.326229095459,-8.84669399261475,"Unknown"
"7014857",371856,2025-06-28 09:25:21,43.3054885864258,-8.84821033477783,"Unknown"
"7014857",371856,2025-06-28 09:30:27,43.3046112060547,-8.84530258178711,"Unknown"
"7014857",371856,2025-06-28 09:35:31,43.3051795959473,-8.84564971923828,"Unknown"
"7014857",371856,2025-06-28 09:40:34,43.3048706054688,-8.84556579589844,"Unknown"
"7014857",371856,2025-06-28 09:45:24,43.3049583435059,-8.84565925598145,"Unknown"
"7014857",371856,2025-06-28 09:50:25,43.3049545288086,-8.8455114364624,"Unknown"
"7014857",371856,2025-06-28 09:55:30,43.3049430847168,-8.84542751312256,"Unknown"
"7014857",371856,2025-06-28 10:00:22,43.3068199157715,-8.85134887695312,"Unknown"
"7014857",371856,2025-06-28 10:05:21,43.3309326171875,-8.84415340423584,"Unknown"
"7014857",371856,2025-06-28 10:10:21,43.3552017211914,-8.84813117980957,"Unknown"
"7014857",371856,2025-06-28 10:15:23,43.3600196838379,-8.84500980377197,"Unknown"
"7014857",371856,2025-06-28 10:20:25,43.3597984313965,-8.84511566162109,"Unknown"
"7014857",371856,2025-06-28 10:25:23,43.3598937988281,-8.84513854980469,"Unknown"
"7014857",371856,2025-06-28 10:30:25,43.3596076965332,-8.84510898590088,"Unknown"
"7014857",371856,2025-06-28 10:35:24,43.3597068786621,-8.84506034851074,"Unknown"
"7014857",371856,2025-06-28 10:40:24,43.3600769042969,-8.84521961212158,"Unknown"
"7014857",371856,2025-06-28 10:45:22,43.3598098754883,-8.84521770477295,"Unknown"
"7014857",371856,2025-06-28 10:50:28,43.3595504760742,-8.84545516967773,"Unknown"
"7014857",371856,2025-06-28 10:55:34,43.3593826293945,-8.84504413604736,"Unknown"
"7014857",371856,2025-06-28 11:00:24,43.3592643737793,-8.8449878692627,"Unknown"
"7014857",371856,2025-06-28 11:05:23,43.3593521118164,-8.84506511688232,"Unknown"
"7014857",371856,2025-06-28 11:10:22,43.3600273132324,-8.84556293487549,"Unknown"
"7014857",371856,2025-06-28 11:15:22,43.3597145080566,-8.8452844619751,"Unknown"
"7014857",371856,2025-06-28 11:20:22,43.3595695495605,-8.84517765045166,"Unknown"
"7014857",371856,2025-06-28 11:25:24,43.3593940734863,-8.84513473510742,"Unknown"
"7014857",371856,2025-06-28 11:30:24,43.3593482971191,-8.84514427185059,"Unknown"
"7014857",371856,2025-06-28 11:35:30,43.358642578125,-8.84481239318848,"Unknown"
"7014857",371856,2025-06-28 11:40:24,43.3591995239258,-8.84475040435791,"Unknown"
"7014857",371856,2025-06-28 11:45:23,43.3592720031738,-8.84508991241455,"Unknown"
"7014857",371856,2025-06-28 11:50:45,43.3591041564941,-8.84499740600586,"Unknown"
"7014857",371856,2025-06-28 11:55:24,43.3591995239258,-8.84489822387695,"Unknown"
"7014857",371856,2025-06-28 12:00:25,43.3593978881836,-8.84505939483643,"Unknown"
"7014857",371856,2025-06-28 12:05:22,43.3592948913574,-8.84503841400146,"Unknown"
"7014857",371856,2025-06-28 12:10:35,43.3591156005859,-8.84499645233154,"Unknown"
"7014857",371856,2025-06-28 12:15:33,43.3588829040527,-8.84557056427002,"Unknown"
"7014857",371856,2025-06-28 12:20:20,43.3416404724121,-8.84536457061768,"Unknown"
"7014857",371856,2025-06-28 12:25:23,43.307918548584,-8.84599208831787,"Unknown"
"7014857",371856,2025-06-28 12:31:43,43.305004119873,-8.84570789337158,"Unknown"
"7014857",371856,2025-06-28 12:35:39,43.3052062988281,-8.8456335067749,"Unknown"
"7014857",371856,2025-06-28 12:40:46,43.3045768737793,-8.84543704986572,"Unknown"
"7014857",371856,2025-06-28 12:45:47,43.3051147460938,-8.84555149078369,"Unknown"
"7014857",371856,2025-06-28 12:51:03,43.303840637207,-8.84495162963867,"Unknown"
"7014857",371856,2025-06-28 12:55:53,43.3047523498535,-8.84531307220459,"Unknown"
"7014857",371856,2025-06-28 13:00:21,43.307014465332,-8.84880256652832,"Unknown"
"7014857",371856,2025-06-28 13:05:27,43.3180465698242,-8.85633277893066,"Unknown"
"7014857",371856,2025-06-28 13:10:21,43.3297996520996,-8.84489154815674,"Unknown"
"7014857",371856,2025-06-28 13:15:21,43.3531227111816,-8.84856605529785,"Unknown"
"7014857",371856,2025-06-28 13:20:20,43.3595008850098,-8.8449592590332,"Unknown"
"7014857",371856,2025-06-28 13:25:23,43.3595504760742,-8.84489822387695,"Unknown"
"7014857",371856,2025-06-28 13:30:20,43.3651313781738,-8.84775161743164,"Unknown"
"7014857",371856,2025-06-28 13:35:28,43.3689651489258,-8.85428428649902,"Unknown"
"7014857",371856,2025-06-28 13:40:22,43.3686714172363,-8.852294921875,"Unknown"
"7014857",371856,2025-06-28 13:45:20,43.3623657226562,-8.84828758239746,"Unknown"
"7014857",371856,2025-06-28 13:50:22,43.3594627380371,-8.84545516967773,"Unknown"
"7014857",371856,2025-06-28 13:55:21,43.3594665527344,-8.84576034545898,"Unknown"
"7014857",371856,2025-06-28 14:00:21,43.359546661377,-8.84551906585693,"Unknown"
"7014857",371856,2025-06-28 14:05:21,43.3595848083496,-8.84564018249512,"Unknown"
"7014857",371856,2025-06-28 14:10:21,43.3595161437988,-8.8454704284668,"Unknown"
"7014857",371856,2025-06-28 14:15:21,43.3595352172852,-8.84552192687988,"Unknown"
"7014857",371856,2025-06-28 14:20:24,43.3595390319824,-8.84552669525146,"Unknown"
"7014857",371856,2025-06-28 14:25:22,43.359504699707,-8.84554958343506,"Unknown"
"7014857",371856,2025-06-28 14:30:31,43.3592681884766,-8.8451099395752,"Unknown"
"7014857",371856,2025-06-28 14:35:32,43.359260559082,-8.8450870513916,"Unknown"
"7014857",371856,2025-06-28 14:40:30,43.3591804504395,-8.84512329101562,"Unknown"
"7014857",371856,2025-06-28 14:45:44,43.3593254089355,-8.84528541564941,"Unknown"
"7014857",371856,2025-06-28 14:50:20,43.3594055175781,-8.84536647796631,"Unknown"
"7014857",371856,2025-06-28 14:55:28,43.3592300415039,-8.84517860412598,"Unknown"
"7014857",371856,2025-06-28 15:00:25,43.3592529296875,-8.84521865844727,"Unknown"
"7014857",371856,2025-06-28 15:05:23,43.3593254089355,-8.84524631500244,"Unknown"
"7014857",371856,2025-06-28 15:10:28,43.3414421081543,-8.85553550720215,"Unknown"
"7014857",371856,2025-06-28 15:15:24,43.3129196166992,-8.85643100738525,"Unknown"
"7014857",371856,2025-06-28 15:20:39,43.3136444091797,-8.85714817047119,"Unknown"
"7014857",371856,2025-06-28 15:25:24,43.3045196533203,-8.84511184692383,"Unknown"
"7014857",371856,2025-06-28 15:31:03,43.3045196533203,-8.84517002105713,"Unknown"
"7014857",371856,2025-06-28 15:35:48,43.3044395446777,-8.84519672393799,"Unknown"
"7014857",371856,2025-06-28 15:40:31,43.3047523498535,-8.84512615203857,"Unknown"
"7014857",371856,2025-06-28 15:45:54,43.3047943115234,-8.84462738037109,"Unknown"
"7014857",371856,2025-06-28 15:50:37,43.3046836853027,-8.84498310089111,"Unknown"
"7014857",371856,2025-06-28 15:55:44,43.304500579834,-8.84529972076416,"Unknown"
"7014857",371856,2025-06-28 16:00:29,43.3141326904297,-8.85703468322754,"Unknown"
"7014857",371856,2025-06-28 16:05:25,43.3159370422363,-8.86156845092773,"Unknown"
"7014857",371856,2025-06-28 16:10:28,43.3328285217285,-8.8561372756958,"Unknown"
"7014857",371856,2025-06-28 16:15:22,43.3547439575195,-8.84965324401855,"Unknown"
"7014857",371856,2025-06-28 16:20:30,43.3596572875977,-8.84494781494141,"Unknown"
"7014857",371856,2025-06-28 16:25:27,43.3713569641113,-8.85489845275879,"Unknown"
"7014857",371856,2025-06-28 16:30:28,43.3564109802246,-8.8488130569458,"Unknown"
"7014857",371856,2025-06-28 16:35:30,43.3394088745117,-8.85083961486816,"Unknown"
"7014857",371856,2025-06-28 16:40:31,43.3156852722168,-8.84818077087402,"Unknown"
"7014857",371856,2025-06-28 16:45:46,43.3045959472656,-8.84506034851074,"Unknown"
"7014857",371856,2025-06-28 16:50:48,43.3046836853027,-8.84506034851074,"Unknown"
"7014857",371856,2025-06-28 16:55:39,43.3046913146973,-8.8448657989502,"Unknown"
"7014857",371856,2025-06-28 17:00:40,43.3049163818359,-8.84522819519043,"Unknown"
"7014857",371856,2025-06-28 17:05:47,43.3044891357422,-8.84557723999023,"Unknown"
"7014857",371856,2025-06-28 17:10:47,43.3044891357422,-8.84536075592041,"Unknown"
"7014857",371856,2025-06-28 17:15:42,43.3043670654297,-8.84542846679688,"Unknown"
"7014857",371856,2025-06-28 17:20:40,43.3045196533203,-8.84533309936523,"Unknown"
"7014857",371856,2025-06-28 17:25:37,43.304386138916,-8.84559917449951,"Unknown"
"7014857",371856,2025-06-28 17:30:35,43.3043479919434,-8.84535121917725,"Unknown"
"7014857",371856,2025-06-28 17:35:35,43.3044548034668,-8.84524059295654,"Unknown"
"7014857",371856,2025-06-28 17:40:37,43.3042984008789,-8.84521007537842,"Unknown"
"7014857",371856,2025-06-28 17:50:53,43.3072891235352,-8.84875965118408,"Unknown"
"7014857",371856,2025-06-28 17:55:23,43.3310432434082,-8.84891414642334,"Unknown"
"7014857",371856,2025-06-28 18:00:24,43.3551559448242,-8.84918308258057,"Unknown"
"7014857",371856,2025-06-28 18:05:23,43.3601303100586,-8.84545040130615,"Unknown"
"7014857",371856,2025-06-28 18:10:40,43.3594245910645,-8.84535312652588,"Unknown"
"7014857",371856,2025-06-28 18:15:26,43.3594093322754,-8.84531593322754,"Unknown"
"7014857",371856,2025-06-28 18:20:23,43.3594207763672,-8.84520244598389,"Unknown"
"7014857",371856,2025-06-28 18:25:23,43.3593330383301,-8.84526252746582,"Unknown"
"7014857",371856,2025-06-28 18:30:23,43.3592948913574,-8.84512329101562,"Unknown"
"7014857",371856,2025-06-28 18:35:23,43.3593101501465,-8.84520053863525,"Unknown"
"7014857",371856,2025-06-28 18:40:23,43.3592987060547,-8.84520244598389,"Unknown"
"7014857",371856,2025-06-28 18:45:28,43.359489440918,-8.84576797485352,"Unknown"
"7014857",371856,2025-06-28 18:50:25,43.3594398498535,-8.8457727432251,"Unknown"
"7014857",371856,2025-06-28 18:55:25,43.359489440918,-8.84589290618896,"Unknown"
"7014857",371856,2025-06-28 19:00:27,43.3595657348633,-8.84551429748535,"Unknown"
"7014857",371856,2025-06-28 19:05:28,43.3594932556152,-8.84523582458496,"Unknown"
"7014857",371856,2025-06-28 19:10:30,43.3595199584961,-8.84568881988525,"Unknown"
"7014857",371856,2025-06-28 19:15:25,43.3593101501465,-8.8458194732666,"Unknown"
"7014857",371856,2025-06-28 19:20:27,43.359489440918,-8.84550094604492,"Unknown"
"7014857",371856,2025-06-28 19:25:27,43.3597106933594,-8.84533882141113,"Unknown"
"7014857",371856,2025-06-28 19:30:27,43.3596267700195,-8.84545421600342,"Unknown"
"7014857",371856,2025-06-28 19:35:27,43.3596649169922,-8.84546375274658,"Unknown"
"7014857",371856,2025-06-28 19:40:29,43.3597068786621,-8.84534645080566,"Unknown"
"7014857",371856,2025-06-28 19:45:27,43.3602333068848,-8.84516525268555,"Unknown"
"7014857",371856,2025-06-28 19:50:28,43.3593254089355,-8.84616756439209,"Unknown"
"7014857",371856,2025-06-28 19:55:30,43.3594665527344,-8.84632110595703,"Unknown"
"7014857",371856,2025-06-28 20:00:58,43.3593482971191,-8.84511947631836,"Unknown"
"7014857",371856,2025-06-28 20:05:22,43.3593368530273,-8.84506988525391,"Unknown"
"7014857",371856,2025-06-28 20:10:22,43.3593254089355,-8.8450984954834,"Unknown"
"7014857",371856,2025-06-28 20:15:23,43.359302520752,-8.84499835968018,"Unknown"
"7014857",371856,2025-06-28 20:20:22,43.359245300293,-8.84501457214355,"Unknown"
"7014857",371856,2025-06-28 20:25:23,43.3592834472656,-8.8451623916626,"Unknown"
"7014857",371856,2025-06-28 20:30:23,43.3593215942383,-8.84488964080811,"Unknown"
"7014857",371856,2025-06-28 20:35:23,43.359317779541,-8.84506130218506,"Unknown"
"7014857",371856,2025-06-28 20:40:23,43.3592643737793,-8.84491539001465,"Unknown"
"7014857",371856,2025-06-28 20:45:23,43.359432220459,-8.84513473510742,"Unknown"
"7014857",371856,2025-06-28 20:50:23,43.3592414855957,-8.84478282928467,"Unknown"
"7014857",371856,2025-06-28 20:55:31,43.3594589233398,-8.84524822235107,"Unknown"
"7014857",371856,2025-06-28 21:00:23,43.3594665527344,-8.84521198272705,"Unknown"
"7014857",371856,2025-06-28 21:06:46,43.3591766357422,-8.8450288772583,"Unknown"
"7014857",371856,2025-06-29 02:07:05,43.3592681884766,-8.84519290924072,"Unknown"
"7014857",371856,2025-06-29 02:36:38,43.3592872619629,-8.84502601623535,"Unknown"
"7014857",371856,2025-06-29 02:41:39,43.359260559082,-8.84502601623535,"Unknown"
"7014857",371856,2025-06-29 02:46:39,43.3593673706055,-8.84505939483643,"Unknown"
"7014857",371856,2025-06-29 02:51:39,43.3592224121094,-8.8449878692627,"Unknown"
"7014857",371856,2025-06-29 02:56:40,43.3593139648438,-8.84506702423096,"Unknown"
"7014857",371856,2025-06-29 03:01:43,43.3594398498535,-8.84511947631836,"Unknown"
"7014857",371856,2025-06-29 03:06:41,43.3593826293945,-8.84511470794678,"Unknown"
"7014857",371856,2025-06-29 03:11:42,43.3593444824219,-8.84517383575439,"Unknown"
"7014857",371856,2025-06-29 03:16:42,43.3593101501465,-8.84503650665283,"Unknown"
"7014857",371856,2025-06-29 03:21:42,43.3595924377441,-8.84528160095215,"Unknown"
"7014857",371856,2025-06-29 03:26:46,43.3594398498535,-8.84501552581787,"Unknown"
"7014857",371856,2025-06-29 03:31:42,43.3594169616699,-8.84498310089111,"Unknown"
"7014857",371856,2025-06-29 03:36:47,43.3596000671387,-8.84525299072266,"Unknown"
"7014857",371856,2025-06-29 03:41:45,43.3595809936523,-8.84539794921875,"Unknown"
"7014857",371856,2025-06-29 03:46:39,43.3597259521484,-8.84543228149414,"Unknown"
"7014857",371856,2025-06-29 03:51:42,43.3594932556152,-8.84529590606689,"Unknown"
"7014857",371856,2025-06-29 03:57:05,43.3593635559082,-8.84519004821777,"Unknown"
"7014857",371856,2025-06-29 04:01:39,43.3593482971191,-8.84524726867676,"Unknown"
"7014857",371856,2025-06-29 04:06:39,43.3594818115234,-8.84556674957275,"Unknown"
"7014857",371856,2025-06-29 04:11:41,43.3593101501465,-8.84519004821777,"Unknown"
"7014857",371856,2025-06-29 04:16:39,43.359432220459,-8.84525775909424,"Unknown"
"7014857",371856,2025-06-29 04:21:37,43.3594627380371,-8.84549713134766,"Unknown"
"7014857",371856,2025-06-29 04:26:40,43.3593521118164,-8.84552478790283,"Unknown"
"7014857",371856,2025-06-29 04:31:45,43.359260559082,-8.84511566162109,"Unknown"
"7014857",371856,2025-06-29 04:36:41,43.359447479248,-8.8453893661499,"Unknown"
"7014857",371856,2025-06-29 04:41:42,43.3594207763672,-8.84554767608643,"Unknown"
"7014857",371856,2025-06-29 04:46:38,43.3570327758789,-8.85609340667725,"Unknown"
"7014857",371856,2025-06-29 04:51:40,43.3258895874023,-8.84896373748779,"Unknown"
"7014857",371856,2025-06-29 04:56:42,43.304328918457,-8.84562683105469,"Unknown"
"7014857",371856,2025-06-29 05:02:19,43.3044548034668,-8.8455171585083,"Unknown"
"7014857",371856,2025-06-29 05:06:46,43.3043670654297,-8.84540271759033,"Unknown"
"7014857",371856,2025-06-29 05:11:49,43.3045501708984,-8.84552383422852,"Unknown"
"7014857",371856,2025-06-29 05:16:42,43.3047943115234,-8.8457202911377,"Unknown"
"7014857",371856,2025-06-29 05:21:38,43.3320350646973,-8.8506326675415,"Unknown"
"7014857",371856,2025-06-29 05:26:39,43.3608589172363,-8.84836959838867,"Unknown"
"7014857",371856,2025-06-29 05:31:41,43.3593444824219,-8.84539794921875,"Unknown"
"7014857",371856,2025-06-29 05:36:42,43.3593826293945,-8.84536933898926,"Unknown"
"7014857",371856,2025-06-29 05:41:45,43.3593940734863,-8.84527397155762,"Unknown"
"7014857",371856,2025-06-29 05:46:39,43.3594665527344,-8.84537601470947,"Unknown"
"7014857",371856,2025-06-29 05:51:48,43.3593330383301,-8.84521961212158,"Unknown"
"7014857",371856,2025-06-29 05:56:42,43.3593826293945,-8.84526062011719,"Unknown"
"7014857",371856,2025-06-29 06:01:42,43.3593406677246,-8.84524440765381,"Unknown"
"7014857",371856,2025-06-29 06:06:55,43.3593368530273,-8.8451623916626,"Unknown"
"7014857",371856,2025-06-29 06:11:45,43.3593673706055,-8.84518051147461,"Unknown"
"7014857",371856,2025-06-29 06:16:42,43.3595581054688,-8.84551239013672,"Unknown"
"7014857",371856,2025-06-29 06:22:03,43.3593482971191,-8.84531402587891,"Unknown"
"7014857",371856,2025-06-29 06:27:09,43.3593406677246,-8.84524440765381,"Unknown"
"7014857",371856,2025-06-29 06:31:37,43.3593978881836,-8.84528160095215,"Unknown"
"7014857",371856,2025-06-29 06:36:38,43.3593978881836,-8.84528160095215,"Unknown"
"7014857",371856,2025-06-29 06:41:38,43.3594360351562,-8.84519672393799,"Unknown"
"7014857",371856,2025-06-29 06:46:38,43.3388519287109,-8.84427261352539,"Unknown"
"7014857",371856,2025-06-29 06:51:39,43.3101348876953,-8.84834861755371,"Unknown"
"7014857",371856,2025-06-29 06:56:47,43.3045082092285,-8.84514713287354,"Unknown"
"7014857",371856,2025-06-29 07:01:51,43.3045883178711,-8.84537982940674,"Unknown"
"7014857",371856,2025-06-29 07:06:53,43.3045272827148,-8.84523391723633,"Unknown"
"7014857",371856,2025-06-29 07:11:51,43.3044929504395,-8.84546852111816,"Unknown"
"7014857",371856,2025-06-29 07:16:49,43.3044509887695,-8.84518623352051,"Unknown"
"7014857",371856,2025-06-29 07:21:56,43.3143043518066,-8.85674953460693,"Unknown"
"7014857",371856,2025-06-29 07:26:50,43.3146362304688,-8.85717964172363,"Unknown"
"7014857",371856,2025-06-29 07:31:43,43.3200378417969,-8.85686874389648,"Unknown"
"7014857",371856,2025-06-29 07:36:54,43.351734161377,-8.84389972686768,"Unknown"
"7014857",371856,2025-06-29 07:42:05,43.359432220459,-8.84509372711182,"Unknown"
"7014857",371856,2025-06-29 07:46:41,43.359489440918,-8.84503746032715,"Unknown"
"7014857",371856,2025-06-29 07:51:45,43.3593788146973,-8.84561729431152,"Unknown"
"7014857",371856,2025-06-29 07:56:46,43.3594436645508,-8.84496784210205,"Unknown"
"7014857",371856,2025-06-29 08:01:40,43.3593711853027,-8.84547710418701,"Unknown"
"7014857",371856,2025-06-29 08:06:38,43.3592414855957,-8.8449010848999,"Unknown"
"7014857",371856,2025-06-29 08:11:38,43.359317779541,-8.84518051147461,"Unknown"
"7014857",371856,2025-06-29 08:17:05,43.3593063354492,-8.84529972076416,"Unknown"
"7014857",371856,2025-06-29 08:21:40,43.3593521118164,-8.84524822235107,"Unknown"
"7014857",371856,2025-06-29 08:26:38,43.3597564697266,-8.84530830383301,"Unknown"
"7014857",371856,2025-06-29 08:31:43,43.3592643737793,-8.84532451629639,"Unknown"
"7014857",371856,2025-06-29 08:36:39,43.359260559082,-8.84513282775879,"Unknown"
"7014857",371856,2025-06-29 08:41:41,43.3591995239258,-8.84517002105713,"Unknown"
"7014857",371856,2025-06-29 08:46:41,43.3592987060547,-8.8454532623291,"Unknown"
"7014857",371856,2025-06-29 08:51:39,43.3592987060547,-8.84531784057617,"Unknown"
"7014857",371856,2025-06-29 08:56:45,43.3383522033691,-8.84827136993408,"Unknown"
"7014857",371856,2025-06-29 09:01:40,43.3180732727051,-8.84632301330566,"Unknown"
"7014857",371856,2025-06-29 09:06:43,43.3043556213379,-8.84560966491699,"Unknown"
"7014857",371856,2025-06-29 09:11:48,43.3043174743652,-8.84539222717285,"Unknown"
"7014857",371856,2025-06-29 09:16:41,43.3043174743652,-8.84533023834229,"Unknown"
"7014857",371856,2025-06-29 09:21:51,43.3044509887695,-8.84549808502197,"Unknown"
"7014857",371856,2025-06-29 09:26:45,43.3048057556152,-8.84535598754883,"Unknown"
"7014857",371856,2025-06-29 09:31:54,43.3044853210449,-8.84521579742432,"Unknown"
"7014857",371856,2025-06-29 09:36:57,43.3042984008789,-8.84557247161865,"Unknown"
"7014857",371856,2025-06-29 09:41:42,43.3044509887695,-8.84499931335449,"Unknown"
"7014857",371856,2025-06-29 09:46:49,43.3044052124023,-8.84561347961426,"Unknown"
"7014857",371856,2025-06-29 09:51:49,43.3043632507324,-8.84569263458252,"Unknown"
"7014857",371856,2025-06-29 09:56:42,43.3044242858887,-8.84573554992676,"Unknown"
"7014857",371856,2025-06-29 10:01:41,43.3044471740723,-8.84551048278809,"Unknown"
"7014857",371856,2025-06-29 10:06:41,43.3054962158203,-8.84611129760742,"Unknown"
"7014857",371856,2025-06-29 10:11:38,43.314567565918,-8.85573673248291,"Unknown"
"7014857",371856,2025-06-29 10:16:39,43.3318634033203,-8.84582424163818,"Unknown"
"7014857",371856,2025-06-29 10:21:39,43.3510856628418,-8.8466100692749,"Unknown"
"7014857",371856,2025-06-29 10:26:39,43.3590927124023,-8.84511566162109,"Unknown"
"7014857",371856,2025-06-29 10:31:39,43.3593826293945,-8.84502601623535,"Unknown"
"7014857",371856,2025-06-29 10:36:38,43.3594932556152,-8.84494304656982,"Unknown"
"7014857",371856,2025-06-29 10:41:41,43.3596572875977,-8.84508895874023,"Unknown"
"7014857",371856,2025-06-29 10:46:39,43.3596382141113,-8.84489822387695,"Unknown"
"7014857",371856,2025-06-29 10:51:39,43.3594703674316,-8.84493064880371,"Unknown"
"7014857",371856,2025-06-29 10:56:39,43.3595428466797,-8.8449125289917,"Unknown"
"7014857",371856,2025-06-29 11:01:40,43.3594360351562,-8.84496593475342,"Unknown"
"7014857",371856,2025-06-29 11:06:40,43.3594970703125,-8.84501075744629,"Unknown"
"7014857",371856,2025-06-29 11:11:39,43.3595542907715,-8.84498023986816,"Unknown"
"7014857",371856,2025-06-29 11:16:39,43.3594169616699,-8.84491634368896,"Unknown"
"7014857",371856,2025-06-29 11:21:40,43.3594779968262,-8.84496688842773,"Unknown"
"7014857",371856,2025-06-29 11:27:05,43.3594017028809,-8.84511661529541,"Unknown"
"7014857",371856,2025-06-29 11:31:45,43.3594703674316,-8.84509181976318,"Unknown"
"7014857",371856,2025-06-29 11:36:39,43.3595161437988,-8.8451042175293,"Unknown"
"7014857",371856,2025-06-29 11:41:42,43.3595771789551,-8.84518051147461,"Unknown"
"7014857",371856,2025-06-29 11:46:39,43.3593788146973,-8.84501838684082,"Unknown"
"7014857",371856,2025-06-29 11:51:38,43.359432220459,-8.84515285491943,"Unknown"
"7014857",371856,2025-06-29 11:56:38,43.3594207763672,-8.84521102905273,"Unknown"
"7014857",371856,2025-06-29 12:01:39,43.3594245910645,-8.84515380859375,"Unknown"
"7014857",371856,2025-06-29 12:06:39,43.3594169616699,-8.84524440765381,"Unknown"
"7014857",371856,2025-06-29 12:11:39,43.3594169616699,-8.84521961212158,"Unknown"
"7014857",371856,2025-06-29 12:16:42,43.3592376708984,-8.84519290924072,"Unknown"
"7014857",371856,2025-06-29 12:21:40,43.3591995239258,-8.84500885009766,"Unknown"
"7014857",371856,2025-06-29 12:26:40,43.3591156005859,-8.84515190124512,"Unknown"
"7014857",371856,2025-06-29 12:31:40,43.3594589233398,-8.84530639648438,"Unknown"
"7014857",371856,2025-06-29 12:36:43,43.3592376708984,-8.84525299072266,"Unknown"
"7014857",371856,2025-06-29 12:41:38,43.3591346740723,-8.84555244445801,"Unknown"
"7014857",371856,2025-06-29 12:46:38,43.3591499328613,-8.84537029266357,"Unknown"
"7014857",371856,2025-06-29 12:51:41,43.3594512939453,-8.84522724151611,"Unknown"
"7014857",371856,2025-06-29 12:56:40,43.359432220459,-8.84505271911621,"Unknown"
"7014857",371856,2025-06-29 13:01:38,43.3593063354492,-8.8454647064209,"Unknown"
"7014857",371856,2025-06-29 13:06:40,43.3590469360352,-8.84515190124512,"Unknown"
"7014857",371856,2025-06-29 13:11:41,43.3594169616699,-8.84504985809326,"Unknown"
"7014857",371856,2025-06-29 13:16:41,43.3594665527344,-8.84528636932373,"Unknown"
"7014857",371856,2025-06-29 13:21:38,43.3594627380371,-8.84499263763428,"Unknown"
"7014857",371856,2025-06-29 13:26:41,43.3595352172852,-8.84526348114014,"Unknown"
"7014857",371856,2025-06-29 13:32:05,43.3593711853027,-8.84517669677734,"Unknown"
"7014857",371856,2025-06-29 13:36:38,43.3594093322754,-8.84501934051514,"Unknown"
"7014857",371856,2025-06-29 13:41:38,43.3594017028809,-8.84504127502441,"Unknown"
"7014857",371856,2025-06-29 13:46:38,43.3592491149902,-8.84484100341797,"Unknown"
"7014857",371856,2025-06-29 13:51:38,43.3592720031738,-8.8449125289917,"Unknown"
"7014857",371856,2025-06-29 13:56:37,43.3593101501465,-8.84520721435547,"Unknown"
"7014857",371856,2025-06-29 14:01:40,43.3593521118164,-8.84513092041016,"Unknown"
"7014857",371856,2025-06-29 14:06:37,43.359245300293,-8.84520721435547,"Unknown"
"7014857",371856,2025-06-29 14:11:38,43.3592948913574,-8.84521484375,"Unknown"
"7014857",371856,2025-06-29 14:16:38,43.3593292236328,-8.84525966644287,"Unknown"
"7014857",371856,2025-06-29 14:21:37,43.3593254089355,-8.84523391723633,"Unknown"
"7014857",371856,2025-06-29 14:26:37,43.3593711853027,-8.84524345397949,"Unknown"
"7014857",371856,2025-06-29 14:31:37,43.3593139648438,-8.84520053863525,"Unknown"
"7014857",371856,2025-06-29 14:36:38,43.3593406677246,-8.84523677825928,"Unknown"
"7014857",371856,2025-06-29 14:41:38,43.3593597412109,-8.84529399871826,"Unknown"
"7014857",371856,2025-06-29 14:46:37,43.3594360351562,-8.84538555145264,"Unknown"
"7014857",371856,2025-06-29 14:51:42,43.3593444824219,-8.84512996673584,"Unknown"
"7014857",371856,2025-06-29 14:56:38,43.3594207763672,-8.84534168243408,"Unknown"
"7014857",371856,2025-06-29 15:01:40,43.3594703674316,-8.84529685974121,"Unknown"
"7014857",371856,2025-06-29 15:06:40,43.3593406677246,-8.84521484375,"Unknown"
"7014857",371856,2025-06-29 15:11:39,43.3595314025879,-8.84544467926025,"Unknown"
"7014857",371856,2025-06-29 15:16:48,43.3593292236328,-8.84515190124512,"Unknown"
"7014857",371856,2025-06-29 15:21:40,43.3596382141113,-8.84539222717285,"Unknown"
"7014857",371856,2025-06-29 15:26:41,43.3600311279297,-8.84594535827637,"Unknown"
"7014857",371856,2025-06-29 15:31:42,43.3594741821289,-8.84535884857178,"Unknown"
"7014857",371856,2025-06-29 15:36:40,43.3592147827148,-8.84518527984619,"Unknown"
"7014857",371856,2025-06-29 15:41:42,43.3592071533203,-8.84527587890625,"Unknown"
"7014857",371856,2025-06-29 15:46:40,43.3592720031738,-8.8452320098877,"Unknown"
"7014857",371856,2025-06-29 15:51:51,43.3592185974121,-8.84522533416748,"Unknown"
"7014857",371856,2025-06-29 15:56:46,43.3593444824219,-8.84543037414551,"Unknown"
"7014857",371856,2025-06-29 16:01:40,43.3592948913574,-8.84541320800781,"Unknown"
"7014857",371856,2025-06-29 16:06:50,43.3594017028809,-8.84529972076416,"Unknown"
"7014857",371856,2025-06-29 16:11:40,43.3593254089355,-8.84536552429199,"Unknown"
"7014857",371856,2025-06-29 16:16:40,43.3593711853027,-8.84534454345703,"Unknown"
"7014857",371856,2025-06-29 16:22:29,43.3561820983887,-8.84524917602539,"Unknown"
"7014857",371856,2025-06-29 16:26:39,43.3414688110352,-8.84995365142822,"Unknown"
"7014857",371856,2025-06-29 16:31:39,43.314380645752,-8.84589672088623,"Unknown"
"7014857",371856,2025-06-29 16:36:49,43.3045768737793,-8.84525871276855,"Unknown"
"7014857",371856,2025-06-29 16:41:40,43.304313659668,-8.84541606903076,"Unknown"
"7014857",371856,2025-06-29 16:46:42,43.3043670654297,-8.84532737731934,"Unknown"
"7014857",371856,2025-06-29 16:51:40,43.3042526245117,-8.84525394439697,"Unknown"
"7014857",371856,2025-06-29 16:56:39,43.3044853210449,-8.84539604187012,"Unknown"
"7014857",371856,2025-06-29 17:01:43,43.3043556213379,-8.84532070159912,"Unknown"
"7014857",371856,2025-06-29 17:06:46,43.3047256469727,-8.84525775909424,"Unknown"
"7014857",371856,2025-06-29 17:11:46,43.3044891357422,-8.84552192687988,"Unknown"
"7014857",371856,2025-06-29 17:17:00,43.3044395446777,-8.845383644104,"Unknown"
"7014857",371856,2025-06-29 17:21:41,43.3044281005859,-8.84558773040771,"Unknown"
"7014857",371856,2025-06-29 17:26:41,43.3045425415039,-8.84538841247559,"Unknown"
"7014857",371856,2025-06-29 17:31:47,43.3046112060547,-8.84538459777832,"Unknown"
"7014857",371856,2025-06-29 17:36:50,43.304557800293,-8.84549808502197,"Unknown"
"7014857",371856,2025-06-29 17:41:49,43.3044662475586,-8.84560012817383,"Unknown"
"7014857",371856,2025-06-29 17:46:41,43.304615020752,-8.8455810546875,"Unknown"
"7014857",371856,2025-06-29 17:51:43,43.3045921325684,-8.84539604187012,"Unknown"
"7014857",371856,2025-06-29 17:56:39,43.3075141906738,-8.85059547424316,"Unknown"
"7014857",371856,2025-06-29 18:01:39,43.3342208862305,-8.85557460784912,"Unknown"
"7014857",371856,2025-06-29 18:07:14,43.3595695495605,-8.84538745880127,"Unknown"
"7014857",371856,2025-06-29 18:11:39,43.3595428466797,-8.84545612335205,"Unknown"
"7014857",371856,2025-06-29 18:16:42,43.359489440918,-8.84558773040771,"Unknown"
"7014857",371856,2025-06-29 18:21:39,43.359432220459,-8.84551620483398,"Unknown"
"7014857",371856,2025-06-29 18:26:46,43.3594856262207,-8.84531784057617,"Unknown"
"7014857",371856,2025-06-29 18:31:40,43.3534965515137,-8.84695339202881,"Unknown"
"7014857",371856,2025-06-29 18:36:39,43.320240020752,-8.84772205352783,"Unknown"
"7014857",371856,2025-06-29 18:41:40,43.304557800293,-8.84572792053223,"Unknown"
"7014857",371856,2025-06-29 18:46:40,43.3046379089355,-8.84552383422852,"Unknown"
"7014857",371856,2025-06-29 18:52:14,43.3046035766602,-8.84563159942627,"Unknown"
"7014857",371856,2025-06-29 18:56:41,43.3046455383301,-8.84549999237061,"Unknown"
"7014857",371856,2025-06-29 19:01:44,43.3043975830078,-8.84560871124268,"Unknown"
"7014857",371856,2025-06-29 19:06:41,43.3043174743652,-8.84570217132568,"Unknown"
"7014857",371856,2025-06-29 19:11:40,43.3045349121094,-8.84574222564697,"Unknown"
"7014857",371856,2025-06-29 19:16:40,43.3043785095215,-8.84555530548096,"Unknown"
"7014857",371856,2025-06-29 19:21:39,43.2944488525391,-8.83981704711914,"Unknown"
"7014857",371856,2025-06-29 19:26:39,43.2944602966309,-8.84003257751465,"Unknown"
"7014857",371856,2025-06-29 19:31:39,43.2703819274902,-8.83485794067383,"Unknown"
"7014857",371856,2025-06-29 19:36:46,43.2662506103516,-8.83171272277832,"Unknown"
"7014857",371856,2025-06-29 19:41:40,43.2763366699219,-8.85229873657227,"Unknown"
"7014857",371856,2025-06-29 19:46:42,43.2763175964355,-8.85238456726074,"Unknown"
"7014857",371856,2025-06-29 19:51:39,43.2763252258301,-8.85235214233398,"Unknown"
"7014857",371856,2025-06-29 19:56:39,43.2763710021973,-8.85259246826172,"Unknown"
"7014857",371856,2025-06-29 20:01:40,43.2763252258301,-8.85228157043457,"Unknown"
"7014857",371856,2025-06-29 20:06:39,43.2880668640137,-8.85921573638916,"Unknown"
"7014857",371856,2025-06-29 20:11:39,43.314697265625,-8.85695838928223,"Unknown"
"7014857",371856,2025-06-29 20:16:42,43.3145141601562,-8.85664463043213,"Unknown"
"7014857",371856,2025-06-29 20:21:40,43.3145408630371,-8.85678768157959,"Unknown"
"7014857",371856,2025-06-29 20:26:39,43.3305435180664,-8.85475063323975,"Unknown"
"7014857",371856,2025-06-29 20:31:40,43.3513298034668,-8.84538078308105,"Unknown"
"7014857",371856,2025-06-29 20:36:43,43.3592109680176,-8.8450927734375,"Unknown"
"7014857",371856,2025-06-29 20:41:40,43.3594055175781,-8.84495258331299,"Unknown"
"7014857",371856,2025-06-29 20:46:40,43.359188079834,-8.84512233734131,"Unknown"
"7014857",371856,2025-06-29 20:51:41,43.3592147827148,-8.84494781494141,"Unknown"
"7014857",371856,2025-06-29 20:56:40,43.3594627380371,-8.84516620635986,"Unknown"
"7014857",371856,2025-06-29 21:01:40,43.359748840332,-8.84519290924072,"Unknown"
"7014857",371856,2025-06-29 21:06:38,43.3590087890625,-8.84441471099854,"Unknown"
"7014857",371856,2025-06-30 02:06:38,43.3598976135254,-8.8461217880249,"Unknown"
"7014857",371856,2025-06-30 02:37:31,43.3595275878906,-8.84568881988525,"Unknown"
"7014857",371856,2025-06-30 02:42:29,43.3595237731934,-8.84570407867432,"Unknown"
"7014857",371856,2025-06-30 02:47:30,43.3594627380371,-8.84564971923828,"Unknown"
"7014857",371856,2025-06-30 02:52:28,43.3595199584961,-8.84575271606445,"Unknown"
"7014857",371856,2025-06-30 02:57:28,43.3594703674316,-8.84565925598145,"Unknown"
"7014857",371856,2025-06-30 03:02:29,43.359504699707,-8.84572696685791,"Unknown"
"7014857",371856,2025-06-30 03:07:29,43.3595199584961,-8.84567165374756,"Unknown"
"7014857",371856,2025-06-30 03:12:29,43.3595352172852,-8.84564018249512,"Unknown"
"7014857",371856,2025-06-30 03:17:29,43.3594436645508,-8.84566497802734,"Unknown"
"7014857",371856,2025-06-30 03:22:29,43.359504699707,-8.84555721282959,"Unknown"
"7014857",371856,2025-06-30 03:27:29,43.3588790893555,-8.84601497650146,"Unknown"
"7014857",371856,2025-06-30 03:32:33,43.3591842651367,-8.84550094604492,"Unknown"
"7014857",371856,2025-06-30 03:37:29,43.3595886230469,-8.84538650512695,"Unknown"
"7014857",371856,2025-06-30 03:42:29,43.3594932556152,-8.84537506103516,"Unknown"
"7014857",371856,2025-06-30 03:47:30,43.3595542907715,-8.84542751312256,"Unknown"
"7014857",371856,2025-06-30 03:52:34,43.3585968017578,-8.84637832641602,"Unknown"
"7014857",371856,2025-06-30 03:57:33,43.3584175109863,-8.84619235992432,"Unknown"
"7014857",371856,2025-06-30 04:02:29,43.3584098815918,-8.84611225128174,"Unknown"
"7014857",371856,2025-06-30 04:07:28,43.3594589233398,-8.84535121917725,"Unknown"
"7014857",371856,2025-06-30 04:12:33,43.3594512939453,-8.84542465209961,"Unknown"
"7014857",371856,2025-06-30 04:17:28,43.3593902587891,-8.84544944763184,"Unknown"
"7014857",371856,2025-06-30 04:22:30,43.368839263916,-8.85380554199219,"Unknown"
"7014857",371856,2025-06-30 04:27:30,43.3693504333496,-8.85429668426514,"Unknown"
"7014857",371856,2025-06-30 04:32:29,43.368293762207,-8.85531425476074,"Unknown"
"7014857",371856,2025-06-30 04:37:33,43.3680191040039,-8.8562707901001,"Unknown"
"7014857",371856,2025-06-30 04:42:30,43.3676681518555,-8.85707855224609,"Unknown"
"7014857",371856,2025-06-30 04:47:30,43.3590507507324,-8.84517478942871,"Unknown"
"7014857",371856,2025-06-30 04:52:29,43.3589973449707,-8.84510326385498,"Unknown"
"7014857",371856,2025-06-30 04:57:29,43.3590965270996,-8.84511089324951,"Unknown"
"7014857",371856,2025-06-30 05:02:29,43.354362487793,-8.84877300262451,"Unknown"
"7014857",371856,2025-06-30 05:07:28,43.3363418579102,-8.86991024017334,"Unknown"
"7014857",371856,2025-06-30 05:12:29,43.3139419555664,-8.85698413848877,"Unknown"
"7014857",371856,2025-06-30 05:17:31,43.3142433166504,-8.85693645477295,"Unknown"
"7014857",371856,2025-06-30 05:22:31,43.3143424987793,-8.85705280303955,"Unknown"
"7014857",371856,2025-06-30 05:27:30,43.3143615722656,-8.85701084136963,"Unknown"
"7014857",371856,2025-06-30 05:32:31,43.3045387268066,-8.85591125488281,"Unknown"
"7014857",371856,2025-06-30 05:37:29,43.304313659668,-8.84554672241211,"Unknown"
"7014857",371856,2025-06-30 05:42:39,43.3044471740723,-8.84537029266357,"Unknown"
"7014857",371856,2025-06-30 05:47:37,43.3051376342773,-8.84597587585449,"Unknown"
"7014857",371856,2025-06-30 05:52:41,43.305103302002,-8.84532737731934,"Unknown"
"7014857",371856,2025-06-30 05:57:39,43.3050498962402,-8.84522438049316,"Unknown"
"7014857",371856,2025-06-30 06:02:29,43.3117408752441,-8.85097026824951,"Unknown"
"7014857",371856,2025-06-30 06:07:29,43.3393440246582,-8.8565673828125,"Unknown"
"7014857",371856,2025-06-30 06:12:29,43.3589324951172,-8.84534072875977,"Unknown"
"7014857",371856,2025-06-30 06:17:29,43.3598709106445,-8.84515190124512,"Unknown"
"7014857",371856,2025-06-30 06:22:29,43.3598899841309,-8.84510803222656,"Unknown"
"7014857",371856,2025-06-30 06:27:32,43.3597679138184,-8.84549999237061,"Unknown"
"7014857",371856,2025-06-30 06:32:34,43.3598098754883,-8.84539127349854,"Unknown"
"7014857",371856,2025-06-30 06:37:29,43.3597679138184,-8.84523105621338,"Unknown"
"7014857",371856,2025-06-30 06:42:29,43.3598136901855,-8.84569835662842,"Unknown"
"7014857",371856,2025-06-30 06:47:29,43.3597793579102,-8.84519958496094,"Unknown"
"7014857",371856,2025-06-30 06:52:29,43.3337211608887,-8.85352802276611,"Unknown"
"7014857",371856,2025-06-30 06:57:33,43.3148880004883,-8.85725021362305,"Unknown"
"7014857",371856,2025-06-30 07:02:29,43.3150863647461,-8.85761642456055,"Unknown"
"7014857",371856,2025-06-30 07:07:33,43.3150253295898,-8.85753440856934,"Unknown"
"7014857",371856,2025-06-30 07:12:33,43.3149833679199,-8.85749435424805,"Unknown"
"7014857",371856,2025-06-30 07:17:34,43.3150177001953,-8.85752582550049,"Unknown"
"7014857",371856,2025-06-30 07:22:29,43.3078422546387,-8.85120105743408,"Unknown"
"7014857",371856,2025-06-30 07:27:29,43.3040199279785,-8.84512233734131,"Unknown"
"7014857",371856,2025-06-30 07:32:37,43.3045539855957,-8.8450870513916,"Unknown"
"7014857",371856,2025-06-30 07:37:34,43.3045272827148,-8.84536361694336,"Unknown"
"7014857",371856,2025-06-30 07:42:36,43.3041114807129,-8.84554767608643,"Unknown"
"7014857",371856,2025-06-30 07:47:31,43.3041076660156,-8.84565258026123,"Unknown"
"7014857",371856,2025-06-30 07:52:29,43.3045959472656,-8.8456449508667,"Unknown"
"7014857",371856,2025-06-30 07:57:37,43.3235473632812,-8.85154056549072,"Unknown"
"7014857",371856,2025-06-30 08:02:29,43.3510856628418,-8.85393905639648,"Unknown"
"7014857",371856,2025-06-30 08:07:29,43.3595504760742,-8.84543895721436,"Unknown"
"7014857",371856,2025-06-30 08:12:29,43.3594284057617,-8.84528160095215,"Unknown"
"7014857",371856,2025-06-30 08:17:29,43.3595428466797,-8.84543991088867,"Unknown"
"7014857",371856,2025-06-30 08:22:30,43.3594932556152,-8.8456449508667,"Unknown"
"7014857",371856,2025-06-30 08:27:30,43.3592834472656,-8.84568309783936,"Unknown"
"7014857",371856,2025-06-30 08:32:31,43.3594131469727,-8.8454065322876,"Unknown"
"7014857",371856,2025-06-30 08:37:29,43.3597259521484,-8.84555435180664,"Unknown"
"7014857",371856,2025-06-30 08:42:29,43.359432220459,-8.84519958496094,"Unknown"
"7014857",371856,2025-06-30 08:47:31,43.3595314025879,-8.84542465209961,"Unknown"
"7014857",371856,2025-06-30 08:52:29,43.3595809936523,-8.84559059143066,"Unknown"
"7014857",371856,2025-06-30 08:57:29,43.3596305847168,-8.84559631347656,"Unknown"
"7014857",371856,2025-06-30 09:02:28,43.3595733642578,-8.84546184539795,"Unknown"
"7014857",371856,2025-06-30 09:07:29,43.3597450256348,-8.84560680389404,"Unknown"
"7014857",371856,2025-06-30 09:12:29,43.3597755432129,-8.84557914733887,"Unknown"
"7014857",371856,2025-06-30 09:17:29,43.3599052429199,-8.84562492370605,"Unknown"
"7014857",371856,2025-06-30 09:22:29,43.3598937988281,-8.84551811218262,"Unknown"
"7014857",371856,2025-06-30 09:27:30,43.3592185974121,-8.84566688537598,"Unknown"
"7014857",371856,2025-06-30 09:32:29,43.35986328125,-8.84558486938477,"Unknown"
"7014857",371856,2025-06-30 09:37:29,43.3589286804199,-8.8464527130127,"Unknown"
"7014857",371856,2025-06-30 09:42:31,43.3592491149902,-8.84561920166016,"Unknown"
"7014857",371856,2025-06-30 09:47:29,43.3503379821777,-8.84910774230957,"Unknown"
"7014857",371856,2025-06-30 09:52:29,43.326244354248,-8.84410285949707,"Unknown"
"7014857",371856,2025-06-30 09:57:33,43.3049926757812,-8.84537315368652,"Unknown"
"7014857",371856,2025-06-30 10:02:31,43.3043251037598,-8.85265922546387,"Unknown"
"7014857",371856,2025-06-30 10:07:37,43.3044471740723,-8.8455638885498,"Unknown"
"7014857",371856,2025-06-30 10:12:33,43.3045806884766,-8.84538841247559,"Unknown"
"7014857",371856,2025-06-30 10:17:29,43.3060188293457,-8.84919452667236,"Unknown"
"7014857",371856,2025-06-30 10:22:28,43.3215942382812,-8.84435176849365,"Unknown"
"7014857",371856,2025-06-30 10:27:28,43.3349304199219,-8.8435754776001,"Unknown"
"7014857",371856,2025-06-30 10:32:31,43.3594627380371,-8.84468460083008,"Unknown"
"7014857",371856,2025-06-30 10:37:29,43.3594551086426,-8.84514236450195,"Unknown"
"7014857",371856,2025-06-30 10:42:29,43.3592910766602,-8.84485721588135,"Unknown"
"7014857",371856,2025-06-30 10:47:28,43.359375,-8.84499168395996,"Unknown"
"7014857",371856,2025-06-30 10:52:28,43.3592910766602,-8.84490299224854,"Unknown"
"7014857",371856,2025-06-30 10:57:29,43.3594055175781,-8.844895362854,"Unknown"
"7014857",371856,2025-06-30 11:02:30,43.359375,-8.84483528137207,"Unknown"
"7014857",371856,2025-06-30 11:07:30,43.3595123291016,-8.84513282775879,"Unknown"
"7014857",371856,2025-06-30 11:12:29,43.3595733642578,-8.84559917449951,"Unknown"
"7014857",371856,2025-06-30 11:17:28,43.3594779968262,-8.84546947479248,"Unknown"
"7014857",371856,2025-06-30 11:22:29,43.3595428466797,-8.8456449508667,"Unknown"
"7014857",371856,2025-06-30 11:27:28,43.3593139648438,-8.84500694274902,"Unknown"
"7014857",371856,2025-06-30 11:32:29,43.3596420288086,-8.84521770477295,"Unknown"
"7014857",371856,2025-06-30 11:37:30,43.3595314025879,-8.84539127349854,"Unknown"
"7014857",371856,2025-06-30 11:42:30,43.359489440918,-8.84535217285156,"Unknown"
"7014857",371856,2025-06-30 11:47:29,43.3596153259277,-8.84510135650635,"Unknown"
"7014857",371856,2025-06-30 11:52:28,43.3595771789551,-8.84512424468994,"Unknown"
"7014857",371856,2025-06-30 11:57:29,43.3595886230469,-8.8451681137085,"Unknown"
"7014857",371856,2025-06-30 12:02:28,43.3594245910645,-8.84523677825928,"Unknown"
"7014857",371856,2025-06-30 12:07:29,43.359447479248,-8.84526920318604,"Unknown"
"7014857",371856,2025-06-30 12:12:31,43.3597412109375,-8.84516620635986,"Unknown"
"7014857",371856,2025-06-30 12:17:29,43.3599548339844,-8.84475040435791,"Unknown"
"7014857",371856,2025-06-30 12:22:29,43.3595275878906,-8.84569454193115,"Unknown"
"7014857",371856,2025-06-30 12:27:29,43.3594055175781,-8.84517955780029,"Unknown"
"7014857",371856,2025-06-30 12:32:31,43.3600006103516,-8.84546947479248,"Unknown"
"7014857",371856,2025-06-30 12:37:29,43.3601684570312,-8.84529209136963,"Unknown"
"7014857",371856,2025-06-30 12:42:29,43.3599662780762,-8.84535503387451,"Unknown"
"7014857",371856,2025-06-30 12:47:29,43.3599166870117,-8.84528827667236,"Unknown"
"7014857",371856,2025-06-30 12:52:28,43.359748840332,-8.84532070159912,"Unknown"
"7014857",371856,2025-06-30 12:57:28,43.3597106933594,-8.84535789489746,"Unknown"
"7014857",371856,2025-06-30 13:02:28,43.3599052429199,-8.84547233581543,"Unknown"
"7014857",371856,2025-06-30 13:07:29,43.3598213195801,-8.84536933898926,"Unknown"
"7014857",371856,2025-06-30 13:12:28,43.3598289489746,-8.84536457061768,"Unknown"
"7014857",371856,2025-06-30 13:17:28,43.35986328125,-8.84548187255859,"Unknown"
"7014857",371856,2025-06-30 13:22:28,43.3598251342773,-8.84558296203613,"Unknown"
"7014857",371856,2025-06-30 13:27:29,43.3597640991211,-8.84560108184814,"Unknown"
"7014857",371856,2025-06-30 13:32:28,43.3596839904785,-8.84562397003174,"Unknown"
"7014857",371856,2025-06-30 13:37:31,43.3596954345703,-8.8453311920166,"Unknown"
"7014857",371856,2025-06-30 13:42:28,43.3596000671387,-8.84553718566895,"Unknown"
"7014857",371856,2025-06-30 13:47:28,43.3596115112305,-8.8455228805542,"Unknown"
"7014857",371856,2025-06-30 13:52:28,43.3595733642578,-8.84561824798584,"Unknown"
"7014857",371856,2025-06-30 13:57:28,43.3595428466797,-8.84554767608643,"Unknown"
"7014857",371856,2025-06-30 14:02:30,43.3596305847168,-8.84564208984375,"Unknown"
"7014857",371856,2025-06-30 14:07:29,43.3597450256348,-8.84565448760986,"Unknown"
"7014857",371856,2025-06-30 14:12:29,43.3596534729004,-8.84568119049072,"Unknown"
"7014857",371856,2025-06-30 14:17:29,43.3598480224609,-8.84565353393555,"Unknown"
"7014857",371856,2025-06-30 14:22:31,43.3597145080566,-8.84505748748779,"Unknown"
"7014857",371856,2025-06-30 14:27:30,43.3597869873047,-8.84567832946777,"Unknown"
"7014857",371856,2025-06-30 14:32:29,43.3598136901855,-8.84563255310059,"Unknown"
"7014857",371856,2025-06-30 14:37:29,43.3597259521484,-8.84555816650391,"Unknown"
"7014857",371856,2025-06-30 14:42:29,43.3597373962402,-8.84559345245361,"Unknown"
"7014857",371856,2025-06-30 14:47:29,43.3554000854492,-8.84557819366455,"Unknown"
"7014857",371856,2025-06-30 14:52:29,43.3633766174316,-8.85459899902344,"Unknown"
"7014857",371856,2025-06-30 14:57:37,43.3808860778809,-8.8940372467041,"Unknown"
"7014857",371856,2025-06-30 15:02:29,43.3983039855957,-8.91852188110352,"Unknown"
"7014857",371856,2025-06-30 15:07:31,43.4033317565918,-8.91788101196289,"Unknown"
"7014857",371856,2025-06-30 15:12:38,43.4077339172363,-8.91859340667725,"Unknown"
"7014857",371856,2025-06-30 15:17:29,43.4041061401367,-8.91281414031982,"Unknown"
"7014857",371856,2025-06-30 15:22:30,43.3816795349121,-8.87690925598145,"Unknown"
"7014857",371856,2025-06-30 15:27:29,43.360279083252,-8.84744644165039,"Unknown"
"7014857",371856,2025-06-30 15:32:31,43.3597984313965,-8.84521102905273,"Unknown"
"7014857",371856,2025-06-30 15:37:33,43.3597793579102,-8.84512424468994,"Unknown"
"7014857",371856,2025-06-30 15:42:31,43.3598976135254,-8.8452262878418,"Unknown"
"7014857",371856,2025-06-30 15:47:30,43.3592414855957,-8.84628295898438,"Unknown"
"7014857",371856,2025-06-30 15:52:33,43.3596954345703,-8.84524059295654,"Unknown"
"7014857",371856,2025-06-30 15:57:36,43.3597564697266,-8.84523582458496,"Unknown"
"7014857",371856,2025-06-30 16:02:35,43.3595695495605,-8.84541606903076,"Unknown"
"7014857",371856,2025-06-30 16:07:36,43.3711051940918,-8.8682279586792,"Unknown"
"7014857",371856,2025-06-30 16:12:29,43.3868980407715,-8.89463138580322,"Unknown"
"7014857",371856,2025-06-30 16:17:29,43.4062576293945,-8.90131855010986,"Unknown"
"7014857",371856,2025-06-30 16:22:29,43.4259834289551,-8.88577365875244,"Unknown"
"7014857",371856,2025-06-30 16:27:30,43.4469261169434,-8.86795330047607,"Unknown"
"7014857",371856,2025-06-30 16:32:29,43.4478645324707,-8.86584568023682,"Unknown"
"7014857",371856,2025-06-30 16:37:37,43.4503707885742,-8.8579740524292,"Unknown"
"7014857",371856,2025-06-30 16:42:29,43.4618339538574,-8.85585403442383,"Unknown"
"7014857",371856,2025-06-30 16:47:36,43.4903373718262,-8.86349964141846,"Unknown"
"7014857",371856,2025-06-30 16:52:31,43.5046081542969,-8.87590885162354,"Unknown"
"7014857",371856,2025-06-30 16:57:31,43.5039291381836,-8.87747192382812,"Unknown"
"7014857",371856,2025-06-30 17:02:33,43.5077476501465,-8.88451766967773,"Unknown"
"7014857",371856,2025-06-30 17:07:31,43.4964942932129,-8.89149188995361,"Unknown"
"7014857",371856,2025-06-30 17:12:36,43.4852333068848,-8.89815807342529,"Unknown"
"7014857",371856,2025-06-30 17:17:33,43.4764099121094,-8.90271186828613,"Unknown"
"7014857",371856,2025-06-30 17:22:31,43.4679794311523,-8.91036891937256,"Unknown"
"7014857",371856,2025-06-30 17:27:31,43.4525451660156,-8.91727256774902,"Unknown"
"7014857",371856,2025-06-30 17:32:33,43.4413871765137,-8.92374706268311,"Unknown"
"7014857",371856,2025-06-30 17:37:30,43.4304428100586,-8.9298267364502,"Unknown"
"7014857",371856,2025-06-30 17:42:34,43.4190139770508,-8.93713760375977,"Unknown"
"7014857",371856,2025-06-30 17:47:29,43.4082298278809,-8.94314575195312,"Unknown"
"7014857",371856,2025-06-30 17:52:30,43.3973541259766,-8.94919872283936,"Unknown"
"7014857",371856,2025-06-30 17:57:31,43.3874320983887,-8.95503044128418,"Unknown"
"7014857",371856,2025-06-30 18:02:31,43.3749389648438,-8.96184635162354,"Unknown"
"7014857",371856,2025-06-30 18:07:31,43.3709564208984,-8.9646577835083,"Unknown"
"7014857",371856,2025-06-30 18:12:31,43.3712348937988,-8.96594524383545,"Unknown"
"7014857",371856,2025-06-30 18:17:29,43.3693008422852,-8.95548534393311,"Unknown"
"7014857",371856,2025-06-30 18:22:30,43.3651084899902,-8.91917705535889,"Unknown"
"7014857",371856,2025-06-30 18:27:36,43.3636817932129,-8.87986946105957,"Unknown"
"7014857",371856,2025-06-30 18:32:29,43.3612747192383,-8.8497428894043,"Unknown"
"7014857",371856,2025-06-30 18:37:30,43.3601150512695,-8.84623908996582,"Unknown"
"7014857",371856,2025-06-30 18:42:29,43.3597450256348,-8.84559154510498,"Unknown"
"7014857",371856,2025-06-30 18:47:30,43.3597068786621,-8.84561061859131,"Unknown"
"7014857",371856,2025-06-30 18:52:35,43.359619140625,-8.84521770477295,"Unknown"
"7014857",371856,2025-06-30 18:57:30,43.3598213195801,-8.84571361541748,"Unknown"
"7014857",371856,2025-06-30 19:02:28,43.3568496704102,-8.85360908508301,"Unknown"
"7014857",371856,2025-06-30 19:07:28,43.3494300842285,-8.8514461517334,"Unknown"
"7014857",371856,2025-06-30 19:12:30,43.3497047424316,-8.85307884216309,"Unknown"
"7014857",371856,2025-06-30 19:17:29,43.3621635437012,-8.84028244018555,"Unknown"
"7014857",371856,2025-06-30 19:22:30,43.359790802002,-8.84581184387207,"Unknown"
"7014857",371856,2025-06-30 19:28:05,43.3597717285156,-8.84552001953125,"Unknown"
"7014857",371856,2025-06-30 19:32:28,43.3596153259277,-8.84539699554443,"Unknown"
"7014857",371856,2025-06-30 19:37:28,43.3595809936523,-8.84550189971924,"Unknown"
"7014857",371856,2025-06-30 19:42:28,43.3595924377441,-8.84546279907227,"Unknown"
"7014857",371856,2025-06-30 19:47:28,43.3596420288086,-8.84564018249512,"Unknown"
"7014857",371856,2025-06-30 19:52:28,43.3596420288086,-8.84564685821533,"Unknown"
"7014857",371856,2025-06-30 19:57:29,43.3624839782715,-8.8300256729126,"Unknown"
"7014857",371856,2025-06-30 20:02:37,43.3736343383789,-8.81649684906006,"Unknown"
"7014857",371856,2025-06-30 20:07:37,43.3735771179199,-8.81646728515625,"Unknown"
"7014857",371856,2025-06-30 20:12:29,43.373851776123,-8.79530620574951,"Unknown"
"7014857",371856,2025-06-30 20:17:33,43.3742790222168,-8.79500293731689,"Unknown"
"7014857",371856,2025-06-30 20:22:41,43.376049041748,-8.78948593139648,"Unknown"
"7014857",371856,2025-06-30 20:27:33,43.38427734375,-8.77133178710938,"Unknown"
"7014857",371856,2025-06-30 20:32:30,43.3847427368164,-8.77090358734131,"Unknown"
"7014857",371856,2025-06-30 20:37:31,43.385986328125,-8.76640892028809,"Unknown"
"7014857",371856,2025-06-30 20:42:37,43.3866996765137,-8.76573085784912,"Unknown"
"7014857",371856,2025-06-30 20:47:29,43.3925399780273,-8.76566028594971,"Unknown"
"7014857",371856,2025-06-30 20:52:30,43.3928146362305,-8.76528167724609,"Unknown"
"7014857",371856,2025-06-30 20:57:44,43.3961486816406,-8.76608848571777,"Unknown"
"7014857",371856,2025-06-30 21:02:28,43.3983268737793,-8.77035331726074,"Unknown"
"7014857",371856,2025-06-30 21:06:22,43.3985366821289,-8.77109718322754,"Unknown"
"7014857",371856,2025-07-01 02:06:53,43.3582916259766,-8.8514986038208,"Unknown"
"7014857",371856,2025-07-01 02:37:48,43.3418121337891,-8.88623809814453,"Unknown"
"7014857",371856,2025-07-01 02:42:52,43.3416137695312,-8.88550853729248,"Unknown"
"7014857",371856,2025-07-01 02:48:05,43.3414192199707,-8.88472175598145,"Unknown"
"7014857",371856,2025-07-01 02:52:38,43.3412055969238,-8.88402557373047,"Unknown"
"7014857",371856,2025-07-01 02:57:37,43.3410453796387,-8.88316249847412,"Unknown"
"7014857",371856,2025-07-01 03:02:37,43.3407287597656,-8.88250350952148,"Unknown"
"7014857",371856,2025-07-01 03:07:37,43.3406295776367,-8.88181972503662,"Unknown"
"7014857",371856,2025-07-01 03:12:36,43.3404312133789,-8.8812084197998,"Unknown"
"7014857",371856,2025-07-01 03:17:37,43.3403816223145,-8.88081932067871,"Unknown"
"7014857",371856,2025-07-01 03:22:37,43.3401908874512,-8.88043308258057,"Unknown"
"7014857",371856,2025-07-01 03:27:39,43.3400650024414,-8.88015747070312,"Unknown"
"7014857",371856,2025-07-01 03:32:38,43.3401184082031,-8.87980175018311,"Unknown"
"7014857",371856,2025-07-01 03:37:40,43.3401298522949,-8.87943458557129,"Unknown"
"7014857",371856,2025-07-01 03:42:40,43.3400115966797,-8.87900352478027,"Unknown"
"7014857",371856,2025-07-01 03:47:39,43.3399124145508,-8.87865924835205,"Unknown"
"7014857",371856,2025-07-01 03:52:40,43.3397064208984,-8.87814331054688,"Unknown"
"7014857",371856,2025-07-01 03:57:37,43.3394927978516,-8.87775135040283,"Unknown"
"7014857",371856,2025-07-01 04:02:38,43.3407211303711,-8.87717819213867,"Unknown"
"7014857",371856,2025-07-01 04:07:37,43.3395576477051,-8.8781156539917,"Unknown"
"7014857",371856,2025-07-01 04:12:38,43.3385124206543,-8.87913131713867,"Unknown"
"7014857",371856,2025-07-01 04:17:40,43.3434410095215,-8.87098217010498,"Unknown"
"7014857",371856,2025-07-01 04:22:37,43.3561859130859,-8.8538646697998,"Unknown"
"7014857",371856,2025-07-01 04:27:43,43.359302520752,-8.84515380859375,"Unknown"
"7014857",371856,2025-07-01 04:32:39,43.3593292236328,-8.84507465362549,"Unknown"
"7014857",371856,2025-07-01 04:37:42,43.3592834472656,-8.84521675109863,"Unknown"
"7014857",371856,2025-07-01 04:42:37,43.3592948913574,-8.84506034851074,"Unknown"
"7014857",371856,2025-07-01 04:47:43,43.3592910766602,-8.84489250183105,"Unknown"
"7014857",371856,2025-07-01 04:52:41,43.3593292236328,-8.84517478942871,"Unknown"
"7014857",371856,2025-07-01 04:57:37,43.3517036437988,-8.85111236572266,"Unknown"
"7014857",371856,2025-07-01 05:02:37,43.3180160522461,-8.85253143310547,"Unknown"
"7014857",371856,2025-07-01 05:07:43,43.3046417236328,-8.84536266326904,"Unknown"
"7014857",371856,2025-07-01 05:12:43,43.3044471740723,-8.84543895721436,"Unknown"
"7014857",371856,2025-07-01 05:17:42,43.3039894104004,-8.8445520401001,"Unknown"
"7014857",371856,2025-07-01 05:22:46,43.3045120239258,-8.84556484222412,"Unknown"
"7014857",371856,2025-07-01 05:27:42,43.3044776916504,-8.84542083740234,"Unknown"
"7014857",371856,2025-07-01 05:32:55,43.304370880127,-8.84525966644287,"Unknown"
"7014857",371856,2025-07-01 05:37:38,43.3142395019531,-8.85719108581543,"Unknown"
"7014857",371856,2025-07-01 05:42:39,43.3136253356934,-8.8565149307251,"Unknown"
"7014857",371856,2025-07-01 05:47:46,43.3293876647949,-8.84892272949219,"Unknown"
"7014857",371856,2025-07-01 05:53:29,43.3580665588379,-8.84645938873291,"Unknown"
"7014857",371856,2025-07-01 05:57:40,43.3599052429199,-8.84650802612305,"Unknown"
"7014857",371856,2025-07-01 06:02:42,43.3596000671387,-8.84576225280762,"Unknown"
"7014857",371856,2025-07-01 06:08:03,43.3593597412109,-8.84522151947021,"Unknown"
"7014857",371856,2025-07-01 06:12:42,43.3593826293945,-8.84531593322754,"Unknown"
"7014857",371856,2025-07-01 06:17:40,43.3594436645508,-8.84514713287354,"Unknown"
"7014857",371856,2025-07-01 06:22:43,43.3593788146973,-8.84500789642334,"Unknown"
"7014857",371856,2025-07-01 06:27:41,43.3594856262207,-8.84547424316406,"Unknown"
"7014857",371856,2025-07-01 06:32:42,43.3594436645508,-8.84513187408447,"Unknown"
"7014857",371856,2025-07-01 06:37:43,43.3594207763672,-8.84533977508545,"Unknown"
"7014857",371856,2025-07-01 06:42:38,43.3593101501465,-8.84507274627686,"Unknown"
"7014857",371856,2025-07-01 06:47:58,43.3593482971191,-8.84506034851074,"Unknown"
"7014857",371856,2025-07-01 06:52:48,43.3594512939453,-8.84517574310303,"Unknown"
"7014857",371856,2025-07-01 06:57:40,43.3593864440918,-8.8449649810791,"Unknown"
"7014857",371856,2025-07-01 07:02:42,43.3593826293945,-8.84496402740479,"Unknown"
"7014857",371856,2025-07-01 07:07:39,43.3594398498535,-8.84505653381348,"Unknown"
"7014857",371856,2025-07-01 07:12:39,43.3549613952637,-8.84832000732422,"Unknown"
"7014857",371856,2025-07-01 07:17:37,43.3175010681152,-8.84988307952881,"Unknown"
"7014857",371856,2025-07-01 07:22:43,43.3043937683105,-8.84513568878174,"Unknown"
"7014857",371856,2025-07-01 07:28:05,43.304500579834,-8.84535121917725,"Unknown"
"7014857",371856,2025-07-01 07:32:46,43.3047485351562,-8.845458984375,"Unknown"
"7014857",371856,2025-07-01 07:37:37,43.3120155334473,-8.85235214233398,"Unknown"
"7014857",371856,2025-07-01 07:42:39,43.3383941650391,-8.84543800354004,"Unknown"
"7014857",371856,2025-07-01 07:47:46,43.3592796325684,-8.84517574310303,"Unknown"
"7014857",371856,2025-07-01 07:52:40,43.3594589233398,-8.84521007537842,"Unknown"
"7014857",371856,2025-07-01 07:57:38,43.3592910766602,-8.84536552429199,"Unknown"
"7014857",371856,2025-07-01 08:02:41,43.359317779541,-8.84519100189209,"Unknown"
"7014857",371856,2025-07-01 08:07:47,43.3593101501465,-8.84523868560791,"Unknown"
"7014857",371856,2025-07-01 08:12:38,43.3590850830078,-8.84536266326904,"Unknown"
"7014857",371856,2025-07-01 08:17:38,43.3592262268066,-8.8452787399292,"Unknown"
"7014857",371856,2025-07-01 08:22:38,43.3591041564941,-8.84529972076416,"Unknown"
"7014857",371856,2025-07-01 08:27:39,43.3592300415039,-8.84518241882324,"Unknown"
"7014857",371856,2025-07-01 08:32:38,43.3592529296875,-8.84537315368652,"Unknown"
"7014857",371856,2025-07-01 08:37:43,43.3593368530273,-8.84525108337402,"Unknown"
"7014857",371856,2025-07-01 08:42:39,43.3592224121094,-8.8452033996582,"Unknown"
"7014857",371856,2025-07-01 08:47:37,43.3592376708984,-8.84529209136963,"Unknown"
"7014857",371856,2025-07-01 08:52:37,43.3592300415039,-8.84520244598389,"Unknown"
"7014857",371856,2025-07-01 08:57:46,43.3593940734863,-8.84540557861328,"Unknown"
"7014857",371856,2025-07-01 09:02:42,43.3595085144043,-8.84551811218262,"Unknown"
"7014857",371856,2025-07-01 09:08:01,43.359317779541,-8.84521198272705,"Unknown"
"7014857",371856,2025-07-01 09:12:37,43.3593788146973,-8.84524154663086,"Unknown"
"7014857",371856,2025-07-01 09:17:37,43.3593063354492,-8.84522533416748,"Unknown"
"7014857",371856,2025-07-01 09:22:37,43.3593635559082,-8.84515571594238,"Unknown"
"7014857",371856,2025-07-01 09:27:36,43.3593482971191,-8.84529685974121,"Unknown"
"7014857",371856,2025-07-01 09:32:37,43.3591842651367,-8.84519386291504,"Unknown"
"7014857",371856,2025-07-01 09:37:37,43.3594017028809,-8.84528541564941,"Unknown"
"7014857",371856,2025-07-01 09:42:37,43.3592109680176,-8.8452730178833,"Unknown"
"7014857",371856,2025-07-01 09:47:37,43.3594055175781,-8.8455286026001,"Unknown"
"7014857",371856,2025-07-01 09:52:37,43.3593444824219,-8.84531402587891,"Unknown"
"7014857",371856,2025-07-01 09:57:37,43.3592796325684,-8.84531211853027,"Unknown"
"7014857",371856,2025-07-01 10:02:38,43.3593330383301,-8.84537029266357,"Unknown"
"7014857",371856,2025-07-01 10:07:36,43.3593254089355,-8.84536552429199,"Unknown"
"7014857",371856,2025-07-01 10:12:37,43.3593139648438,-8.84538555145264,"Unknown"
"7014857",371856,2025-07-01 10:17:36,43.3593673706055,-8.8453426361084,"Unknown"
"7014857",371856,2025-07-01 10:22:37,43.3593559265137,-8.84537601470947,"Unknown"
"7014857",371856,2025-07-01 10:27:37,43.359302520752,-8.8454704284668,"Unknown"
"7014857",371856,2025-07-01 10:32:37,43.3591842651367,-8.84495544433594,"Unknown"
"7014857",371856,2025-07-01 10:37:38,43.3594512939453,-8.84536457061768,"Unknown"
"7014857",371856,2025-07-01 10:42:38,43.3593559265137,-8.84482383728027,"Unknown"
"7014857",371856,2025-07-01 10:47:40,43.3591423034668,-8.84482192993164,"Unknown"
"7014857",371856,2025-07-01 10:52:37,43.359073638916,-8.84470176696777,"Unknown"
"7014857",371856,2025-07-01 10:57:43,43.3593101501465,-8.84493446350098,"Unknown"
"7014857",371856,2025-07-01 11:02:37,43.3591613769531,-8.84473514556885,"Unknown"
"7014857",371856,2025-07-01 11:07:37,43.3590812683105,-8.84466743469238,"Unknown"
"7014857",371856,2025-07-01 11:12:38,43.3592071533203,-8.84478282928467,"Unknown"
"7014857",371856,2025-07-01 11:17:37,43.3594284057617,-8.84489440917969,"Unknown"
"7014857",371856,2025-07-01 11:22:38,43.3593864440918,-8.8450403213501,"Unknown"
"7014857",371856,2025-07-01 11:27:40,43.3594245910645,-8.84506607055664,"Unknown"
"7014857",371856,2025-07-01 11:32:40,43.3595161437988,-8.84514904022217,"Unknown"
"7014857",371856,2025-07-01 11:37:39,43.3593635559082,-8.845139503479,"Unknown"
"7014857",371856,2025-07-01 11:42:39,43.359447479248,-8.84512996673584,"Unknown"
"7014857",371856,2025-07-01 11:47:41,43.3594284057617,-8.84504222869873,"Unknown"
"7014857",371856,2025-07-01 11:52:41,43.3593482971191,-8.84512042999268,"Unknown"
"7014857",371856,2025-07-01 11:57:39,43.3594932556152,-8.84510612487793,"Unknown"
"7014857",371856,2025-07-01 12:02:46,43.3592224121094,-8.84510803222656,"Unknown"
"7014857",371856,2025-07-01 12:08:14,43.3593826293945,-8.84514999389648,"Unknown"
"7014857",371856,2025-07-01 12:12:38,43.3594856262207,-8.84514617919922,"Unknown"
"7014857",371856,2025-07-01 12:17:38,43.3593101501465,-8.84514999389648,"Unknown"
"7014857",371856,2025-07-01 12:22:38,43.3591041564941,-8.84512710571289,"Unknown"
"7014857",371856,2025-07-01 12:27:38,43.3592948913574,-8.84512424468994,"Unknown"
"7014857",371856,2025-07-01 12:32:39,43.3594055175781,-8.84514713287354,"Unknown"
"7014857",371856,2025-07-01 12:37:38,43.3596343994141,-8.84510898590088,"Unknown"
"7014857",371856,2025-07-01 12:42:45,43.3591041564941,-8.84553718566895,"Unknown"
"7014857",371856,2025-07-01 12:47:41,43.3592376708984,-8.84513378143311,"Unknown"
"7014857",371856,2025-07-01 12:52:42,43.3592948913574,-8.84517860412598,"Unknown"
"7014857",371856,2025-07-01 12:58:05,43.3593673706055,-8.84519100189209,"Unknown"
"7014857",371856,2025-07-01 13:02:38,43.3594245910645,-8.8452320098877,"Unknown"
"7014857",371856,2025-07-01 13:07:39,43.3406562805176,-8.84335613250732,"Unknown"
"7014857",371856,2025-07-01 13:12:37,43.317440032959,-8.84519577026367,"Unknown"
"7014857",371856,2025-07-01 13:17:40,43.3044662475586,-8.84529590606689,"Unknown"
"7014857",371856,2025-07-01 13:22:39,43.3043594360352,-8.84551906585693,"Unknown"
"7014857",371856,2025-07-01 13:27:39,43.3043518066406,-8.84551620483398,"Unknown"
"7014857",371856,2025-07-01 13:32:40,43.3044395446777,-8.84545040130615,"Unknown"
"7014857",371856,2025-07-01 13:37:40,43.3043899536133,-8.84542846679688,"Unknown"
"7014857",371856,2025-07-01 13:42:41,43.3043937683105,-8.84549427032471,"Unknown"
"7014857",371856,2025-07-01 13:47:48,43.3043060302734,-8.84547424316406,"Unknown"
"7014857",371856,2025-07-01 13:52:38,43.3138084411621,-8.85757446289062,"Unknown"
"7014857",371856,2025-07-01 13:57:37,43.3138732910156,-8.85729598999023,"Unknown"
"7014857",371856,2025-07-01 14:02:39,43.3137435913086,-8.85727024078369,"Unknown"
"7014857",371856,2025-07-01 14:07:39,43.3191032409668,-8.8520622253418,"Unknown"
"7014857",371856,2025-07-01 14:12:38,43.3409576416016,-8.84213447570801,"Unknown"
"7014857",371856,2025-07-01 14:17:38,43.3595581054688,-8.84541130065918,"Unknown"
"7014857",371856,2025-07-01 14:22:38,43.3594169616699,-8.8453311920166,"Unknown"
"7014857",371856,2025-07-01 14:27:39,43.3594360351562,-8.84535217285156,"Unknown"
"7014857",371856,2025-07-01 14:32:39,43.3595352172852,-8.84545993804932,"Unknown"
"7014857",371856,2025-07-01 14:37:38,43.3592491149902,-8.84520149230957,"Unknown"
"7014857",371856,2025-07-01 14:42:45,43.3591690063477,-8.84510612487793,"Unknown"
"7014857",371856,2025-07-01 14:47:39,43.3593673706055,-8.8453426361084,"Unknown"
"7014857",371856,2025-07-01 14:52:39,43.3594551086426,-8.84535312652588,"Unknown"
"7014857",371856,2025-07-01 14:57:41,43.359302520752,-8.8452205657959,"Unknown"
"7014857",371856,2025-07-01 15:02:39,43.3594017028809,-8.84537982940674,"Unknown"
"7014857",371856,2025-07-01 15:07:43,43.3593482971191,-8.8452787399292,"Unknown"
"7014857",371856,2025-07-01 15:12:43,43.3593978881836,-8.84530448913574,"Unknown"
"7014857",371856,2025-07-01 15:17:41,43.3593444824219,-8.84534931182861,"Unknown"
"7014857",371856,2025-07-01 15:22:40,43.3593711853027,-8.84528923034668,"Unknown"
"7014857",371856,2025-07-01 15:27:43,43.3593254089355,-8.8453369140625,"Unknown"
"7014857",371856,2025-07-01 15:32:38,43.3594436645508,-8.84541893005371,"Unknown"
"7014857",371856,2025-07-01 15:37:38,43.3592643737793,-8.8452262878418,"Unknown"
"7014857",371856,2025-07-01 15:42:41,43.3595428466797,-8.84538269042969,"Unknown"
"7014857",371856,2025-07-01 15:47:41,43.3596534729004,-8.84549999237061,"Unknown"
"7014857",371856,2025-07-01 15:52:39,43.3705444335938,-8.85504055023193,"Unknown"
"7014857",371856,2025-07-01 15:57:41,43.3854789733887,-8.85906791687012,"Unknown"
"7014857",371856,2025-07-01 16:02:42,43.4106063842773,-8.87060642242432,"Unknown"
"7014857",371856,2025-07-01 16:07:42,43.4383087158203,-8.87330055236816,"Unknown"
"7014857",371856,2025-07-01 16:12:42,43.4648933410645,-8.8643856048584,"Unknown"
"7014857",371856,2025-07-01 16:17:59,43.4921607971191,-8.8523645401001,"Unknown"
"7014857",371856,2025-07-01 16:22:59,43.5197715759277,-8.85297679901123,"Unknown"
"7014857",371856,2025-07-01 16:27:59,43.5190238952637,-8.83117389678955,"Unknown"
"7014857",371856,2025-07-01 16:33:03,43.5129280090332,-8.81315803527832,"Unknown"
"7014857",371856,2025-07-01 16:37:57,43.5071868896484,-8.79616260528564,"Unknown"
"7014857",371856,2025-07-01 16:42:58,43.5017013549805,-8.77895450592041,"Unknown"
"7014857",371856,2025-07-01 16:47:59,43.4956932067871,-8.76044845581055,"Unknown"
"7014857",371856,2025-07-01 16:53:00,43.4896469116211,-8.74312114715576,"Unknown"
"7014857",371856,2025-07-01 16:58:01,43.4834938049316,-8.72531795501709,"Unknown"
"7014857",371856,2025-07-01 17:02:57,43.4783706665039,-8.70673656463623,"Unknown"
"7014857",371856,2025-07-01 17:07:48,43.4734840393066,-8.69107341766357,"Unknown"
"7014857",371856,2025-07-01 17:12:48,43.4735107421875,-8.6910924911499,"Unknown"
"7014857",371856,2025-07-01 17:17:48,43.473388671875,-8.69081878662109,"Unknown"
"7014857",371856,2025-07-01 17:22:48,43.4732780456543,-8.69079303741455,"Unknown"
"7014857",371856,2025-07-01 17:27:49,43.442699432373,-8.70744132995605,"Unknown"
"7014857",371856,2025-07-01 17:32:40,43.40771484375,-8.74109363555908,"Unknown"
"7014857",371856,2025-07-01 17:37:40,43.3794403076172,-8.78545570373535,"Unknown"
"7014857",371856,2025-07-01 17:42:48,43.3608894348145,-8.83609390258789,"Unknown"
"7014857",371856,2025-07-01 17:47:45,43.3595733642578,-8.84556865692139,"Unknown"
"7014857",371856,2025-07-01 17:53:01,43.3593864440918,-8.84547710418701,"Unknown"
"7014857",371856,2025-07-01 17:57:39,43.359432220459,-8.84539413452148,"Unknown"
"7014857",371856,2025-07-01 18:02:39,43.3595848083496,-8.84535312652588,"Unknown"
"7014857",371856,2025-07-01 18:07:39,43.3595504760742,-8.8454008102417,"Unknown"
"7014857",371856,2025-07-01 18:12:39,43.3595123291016,-8.84544944763184,"Unknown"
"7014857",371856,2025-07-01 18:17:40,43.3594360351562,-8.84539890289307,"Unknown"
"7014857",371856,2025-07-01 18:22:39,43.3594284057617,-8.84540748596191,"Unknown"
"7014857",371856,2025-07-01 18:27:40,43.3593063354492,-8.8454418182373,"Unknown"
"7014857",371856,2025-07-01 18:32:39,43.3592758178711,-8.84538269042969,"Unknown"
"7014857",371856,2025-07-01 18:37:39,43.3592872619629,-8.84542942047119,"Unknown"
"7014857",371856,2025-07-01 18:42:39,43.3593215942383,-8.84533786773682,"Unknown"
"7014857",371856,2025-07-01 18:47:39,43.3593215942383,-8.84538745880127,"Unknown"
"7014857",371856,2025-07-01 18:52:39,43.3592414855957,-8.84537029266357,"Unknown"
"7014857",371856,2025-07-01 18:57:39,43.3592987060547,-8.84531879425049,"Unknown"
"7014857",371856,2025-07-01 19:02:40,43.3593406677246,-8.84529972076416,"Unknown"
"7014857",371856,2025-07-01 19:08:05,43.359375,-8.84530830383301,"Unknown"
"7014857",371856,2025-07-01 19:12:39,43.3593406677246,-8.8451452255249,"Unknown"
"7014857",371856,2025-07-01 19:17:39,43.3592796325684,-8.84522914886475,"Unknown"
"7014857",371856,2025-07-01 19:22:38,43.3592987060547,-8.84525299072266,"Unknown"
"7014857",371856,2025-07-01 19:27:39,43.3593254089355,-8.84530639648438,"Unknown"
"7014857",371856,2025-07-01 19:32:39,43.3593673706055,-8.84514999389648,"Unknown"
"7014857",371856,2025-07-01 19:37:39,43.3592987060547,-8.84511852264404,"Unknown"
"7014857",371856,2025-07-01 19:42:39,43.3592720031738,-8.84492301940918,"Unknown"
"7014857",371856,2025-07-01 19:47:41,43.3593292236328,-8.84505653381348,"Unknown"
"7014857",371856,2025-07-01 19:52:39,43.3593635559082,-8.84523677825928,"Unknown"
"7014857",371856,2025-07-01 19:57:41,43.3612289428711,-8.83898448944092,"Unknown"
"7014857",371856,2025-07-01 20:02:40,43.3428955078125,-8.80687713623047,"Unknown"
"7014857",371856,2025-07-01 20:07:42,43.3379249572754,-8.78645992279053,"Unknown"
"7014857",371856,2025-07-01 20:13:05,43.3385200500488,-8.7870397567749,"Unknown"
"7014857",371856,2025-07-01 20:17:40,43.3391761779785,-8.78729724884033,"Unknown"
"7014857",371856,2025-07-01 20:22:38,43.3470611572266,-8.78439140319824,"Unknown"
"7014857",371856,2025-07-01 20:27:40,43.3475379943848,-8.78484058380127,"Unknown"
"7014857",371856,2025-07-01 20:32:47,43.3475189208984,-8.77867221832275,"Unknown"
"7014857",371856,2025-07-01 20:37:42,43.3489379882812,-8.77979850769043,"Unknown"
"7014857",371856,2025-07-01 20:42:41,43.3410415649414,-8.77328968048096,"Unknown"
"7014857",371856,2025-07-01 20:47:39,43.3412284851074,-8.77901458740234,"Unknown"
"7014857",371856,2025-07-01 20:52:43,43.3570671081543,-8.78972911834717,"Unknown"
"7014857",371856,2025-07-01 20:57:38,43.3577270507812,-8.83134460449219,"Unknown"
"7014857",371856,2025-07-01 21:02:39,43.3593635559082,-8.84510326385498,"Unknown"
"7014857",371856,2025-07-01 21:06:17,43.3620910644531,-8.84469795227051,"Unknown"
"7014857",371856,2025-07-02 02:06:44,43.3592529296875,-8.84514713287354,"Unknown"
"7014857",371856,2025-07-02 02:39:37,43.3592758178711,-8.84535980224609,"Unknown"
"7014857",371856,2025-07-02 02:44:32,43.3593864440918,-8.84543704986572,"Unknown"
"7014857",371856,2025-07-02 02:49:10,43.3593978881836,-8.84533309936523,"Unknown"
"7014857",371856,2025-07-02 02:54:10,43.3592567443848,-8.84519958496094,"Unknown"
"7014857",371856,2025-07-02 02:59:11,43.3593368530273,-8.84523105621338,"Unknown"
"7014857",371856,2025-07-02 03:04:11,43.3594551086426,-8.84536457061768,"Unknown"
"7014857",371856,2025-07-02 03:09:10,43.3594360351562,-8.84536838531494,"Unknown"
"7014857",371856,2025-07-02 03:14:12,43.3594131469727,-8.84533500671387,"Unknown"
"7014857",371856,2025-07-02 03:19:11,43.3594551086426,-8.84533405303955,"Unknown"
"7014857",371856,2025-07-02 03:24:15,43.3593139648438,-8.84525775909424,"Unknown"
"7014857",371856,2025-07-02 03:29:11,43.3592948913574,-8.8452787399292,"Unknown"
"7014857",371856,2025-07-02 03:34:10,43.3594245910645,-8.84529209136963,"Unknown"
"7014857",371856,2025-07-02 03:39:11,43.3593215942383,-8.8450813293457,"Unknown"
"7014857",371856,2025-07-02 03:44:11,43.3593864440918,-8.84517288208008,"Unknown"
"7014857",371856,2025-07-02 03:49:13,43.3593101501465,-8.84541893005371,"Unknown"
"7014857",371856,2025-07-02 03:54:18,43.3593254089355,-8.84508037567139,"Unknown"
"7014857",371856,2025-07-02 03:59:18,43.3593330383301,-8.84507465362549,"Unknown"
"7014857",371856,2025-07-02 04:04:18,43.3593101501465,-8.84512615203857,"Unknown"
"7014857",371856,2025-07-02 04:09:18,43.3592872619629,-8.84512329101562,"Unknown"
"7014857",371856,2025-07-02 04:14:18,43.3592987060547,-8.84512710571289,"Unknown"
"7014857",371856,2025-07-02 04:19:18,43.3592872619629,-8.84511375427246,"Unknown"
"7014857",371856,2025-07-02 04:24:18,43.3593559265137,-8.84550762176514,"Unknown"
"7014857",371856,2025-07-02 04:29:21,43.3593673706055,-8.84549713134766,"Unknown"
"7014857",371856,2025-07-02 04:34:19,43.3593978881836,-8.84561443328857,"Unknown"
"7014857",371856,2025-07-02 04:39:11,43.3660202026367,-8.83753299713135,"Unknown"
"7014857",371856,2025-07-02 04:45:08,43.3609809875488,-8.84773254394531,"Unknown"
"7014857",371856,2025-07-02 04:49:13,43.3592300415039,-8.84544563293457,"Unknown"
"7014857",371856,2025-07-02 04:55:23,43.3420448303223,-8.8579740524292,"Unknown"
"7014857",371856,2025-07-02 04:59:11,43.3173561096191,-8.84697723388672,"Unknown"
"7014857",371856,2025-07-02 05:05:22,43.3046836853027,-8.84527778625488,"Unknown"
"7014857",371856,2025-07-02 05:10:15,43.3043823242188,-8.84546756744385,"Unknown"
"7014857",371856,2025-07-02 05:14:32,43.3044967651367,-8.84541988372803,"Unknown"
"7014857",371856,2025-07-02 05:19:24,43.3143119812012,-8.85684490203857,"Unknown"
"7014857",371856,2025-07-02 05:24:17,43.3222503662109,-8.85233879089355,"Unknown"
"7014857",371856,2025-07-02 05:29:13,43.3456153869629,-8.84791564941406,"Unknown"
"7014857",371856,2025-07-02 05:34:35,43.3593711853027,-8.84528350830078,"Unknown"
"7014857",371856,2025-07-02 05:39:13,43.3593139648438,-8.84524345397949,"Unknown"
"7014857",371856,2025-07-02 05:44:18,43.3594741821289,-8.84540557861328,"Unknown"
"7014857",371856,2025-07-02 05:49:11,43.3595581054688,-8.84557723999023,"Unknown"
"7014857",371856,2025-07-02 05:54:17,43.3595809936523,-8.84572601318359,"Unknown"
"7014857",371856,2025-07-02 05:59:12,43.3595504760742,-8.84559631347656,"Unknown"
"7014857",371856,2025-07-02 06:04:21,43.3596153259277,-8.8458948135376,"Unknown"
"7014857",371856,2025-07-02 06:09:21,43.3595848083496,-8.84594058990479,"Unknown"
"7014857",371856,2025-07-02 06:14:18,43.3595008850098,-8.84559917449951,"Unknown"
"7014857",371856,2025-07-02 06:19:16,43.359504699707,-8.84569072723389,"Unknown"
"7014857",371856,2025-07-02 06:24:11,43.3620948791504,-8.84564590454102,"Unknown"
"7014857",371856,2025-07-02 06:29:11,43.373420715332,-8.85605430603027,"Unknown"
"7014857",371856,2025-07-02 06:34:11,43.3427124023438,-8.85551643371582,"Unknown"
"7014857",371856,2025-07-02 06:39:35,43.3152732849121,-8.84810924530029,"Unknown"
"7014857",371856,2025-07-02 06:44:11,43.3135604858398,-8.85750579833984,"Unknown"
"7014857",371856,2025-07-02 06:49:15,43.3141136169434,-8.85723876953125,"Unknown"
"7014857",371856,2025-07-02 06:54:11,43.3139305114746,-8.85735034942627,"Unknown"
"7014857",371856,2025-07-02 06:59:12,43.314208984375,-8.85533714294434,"Unknown"
"7014857",371856,2025-07-02 07:04:21,43.3045272827148,-8.8455114364624,"Unknown"
"7014857",371856,2025-07-02 07:09:19,43.3042678833008,-8.84576225280762,"Unknown"
"7014857",371856,2025-07-02 07:14:15,43.3044090270996,-8.8454122543335,"Unknown"
"7014857",371856,2025-07-02 07:19:21,43.3042755126953,-8.8455638885498,"Unknown"
"7014857",371856,2025-07-02 07:24:22,43.3043594360352,-8.84558200836182,"Unknown"
"7014857",371856,2025-07-02 07:29:29,43.3041229248047,-8.84581470489502,"Unknown"
"7014857",371856,2025-07-02 07:34:11,43.3166236877441,-8.84960174560547,"Unknown"
"7014857",371856,2025-07-02 07:39:11,43.3387680053711,-8.85074234008789,"Unknown"
"7014857",371856,2025-07-02 07:44:11,43.3564147949219,-8.84930610656738,"Unknown"
"7014857",371856,2025-07-02 07:49:14,43.3594932556152,-8.84536838531494,"Unknown"
"7014857",371856,2025-07-02 07:54:13,43.3591346740723,-8.8454122543335,"Unknown"
"7014857",371856,2025-07-02 07:59:13,43.359302520752,-8.84522247314453,"Unknown"
"7014857",371856,2025-07-02 08:04:12,43.3344383239746,-8.84574699401855,"Unknown"
"7014857",371856,2025-07-02 08:09:25,43.3044815063477,-8.84554481506348,"Unknown"
"7014857",371856,2025-07-02 08:14:25,43.3043899536133,-8.8454418182373,"Unknown"
"7014857",371856,2025-07-02 08:19:18,43.3046531677246,-8.84532260894775,"Unknown"
"7014857",371856,2025-07-02 08:24:28,43.3046035766602,-8.84534549713135,"Unknown"
"7014857",371856,2025-07-02 08:30:34,43.3044204711914,-8.84567546844482,"Unknown"
"7014857",371856,2025-07-02 08:34:48,43.304500579834,-8.84567260742188,"Unknown"
"7014857",371856,2025-07-02 08:39:13,43.3046035766602,-8.8455982208252,"Unknown"
"7014857",371856,2025-07-02 08:44:16,43.3043823242188,-8.84547805786133,"Unknown"
"7014857",371856,2025-07-02 08:49:18,43.3043365478516,-8.84554195404053,"Unknown"
"7014857",371856,2025-07-02 08:54:11,43.314395904541,-8.85713672637939,"Unknown"
"7014857",371856,2025-07-02 08:59:11,43.325927734375,-8.86525630950928,"Unknown"
"7014857",371856,2025-07-02 09:04:11,43.344181060791,-8.85936737060547,"Unknown"
"7014857",371856,2025-07-02 09:09:11,43.3590393066406,-8.84493637084961,"Unknown"
"7014857",371856,2025-07-02 09:14:13,43.359375,-8.84535598754883,"Unknown"
"7014857",371856,2025-07-02 09:19:13,43.3593215942383,-8.84525012969971,"Unknown"
"7014857",371856,2025-07-02 09:24:12,43.359245300293,-8.84529590606689,"Unknown"
"7014857",371856,2025-07-02 09:29:12,43.3593482971191,-8.84534454345703,"Unknown"
"7014857",371856,2025-07-02 09:34:13,43.3593254089355,-8.84556198120117,"Unknown"
"7014857",371856,2025-07-02 09:39:17,43.3592987060547,-8.84552192687988,"Unknown"
"7014857",371856,2025-07-02 09:44:18,43.3592948913574,-8.84555721282959,"Unknown"
"7014857",371856,2025-07-02 09:49:27,43.3593902587891,-8.84529590606689,"Unknown"
"7014857",371856,2025-07-02 09:54:18,43.3593711853027,-8.84540843963623,"Unknown"
"7014857",371856,2025-07-02 09:59:18,43.3593482971191,-8.84544849395752,"Unknown"
"7014857",371856,2025-07-02 10:04:35,43.3593254089355,-8.84548664093018,"Unknown"
"7014857",371856,2025-07-02 10:09:10,43.3593635559082,-8.84540748596191,"Unknown"
"7014857",371856,2025-07-02 10:14:11,43.3595123291016,-8.84530353546143,"Unknown"
"7014857",371856,2025-07-02 10:19:11,43.3593711853027,-8.84521198272705,"Unknown"
"7014857",371856,2025-07-02 10:24:11,43.3593978881836,-8.84530448913574,"Unknown"
"7014857",371856,2025-07-02 10:29:11,43.3591194152832,-8.84503746032715,"Unknown"
"7014857",371856,2025-07-02 10:34:12,43.3592185974121,-8.84525775909424,"Unknown"
"7014857",371856,2025-07-02 10:39:13,43.3593826293945,-8.84531879425049,"Unknown"
"7014857",371856,2025-07-02 10:44:11,43.359447479248,-8.84536075592041,"Unknown"
"7014857",371856,2025-07-02 10:49:18,43.3593292236328,-8.84520626068115,"Unknown"
"7014857",371856,2025-07-02 10:54:19,43.355152130127,-8.85021495819092,"Unknown"
"7014857",371856,2025-07-02 10:59:19,43.3287811279297,-8.84615612030029,"Unknown"
"7014857",371856,2025-07-02 11:04:12,43.3039588928223,-8.8450870513916,"Unknown"
"7014857",371856,2025-07-02 11:09:34,43.3044013977051,-8.84527778625488,"Unknown"
"7014857",371856,2025-07-02 11:14:18,43.3044471740723,-8.84530448913574,"Unknown"
"7014857",371856,2025-07-02 11:19:15,43.3146438598633,-8.85680961608887,"Unknown"
"7014857",371856,2025-07-02 11:24:13,43.3167572021484,-8.86260414123535,"Unknown"
"7014857",371856,2025-07-02 11:29:35,43.3247337341309,-8.89458179473877,"Unknown"
"7014857",371856,2025-07-02 11:34:11,43.338207244873,-8.92565155029297,"Unknown"
"7014857",371856,2025-07-02 11:39:11,43.3513946533203,-8.9506254196167,"Unknown"
"7014857",371856,2025-07-02 11:44:10,43.3617134094238,-8.98297119140625,"Unknown"
"7014857",371856,2025-07-02 11:49:10,43.3680610656738,-9.02402877807617,"Unknown"
"7014857",371856,2025-07-02 11:54:10,43.3750762939453,-9.06715106964111,"Unknown"
"7014857",371856,2025-07-02 11:59:11,43.3845520019531,-9.10607433319092,"Unknown"
"7014857",371856,2025-07-02 12:04:11,43.3890914916992,-9.15318393707275,"Unknown"
"7014857",371856,2025-07-02 12:09:11,43.3844184875488,-9.21037006378174,"Unknown"
"7014857",371856,2025-07-02 12:14:11,43.3904075622559,-9.24188327789307,"Unknown"
"7014857",371856,2025-07-02 12:19:11,43.4048347473145,-9.24812984466553,"Unknown"
"7014857",371856,2025-07-02 12:25:22,43.4228706359863,-9.25003623962402,"Unknown"
"7014857",371856,2025-07-02 12:30:22,43.4392623901367,-9.25834465026855,"Unknown"
"7014857",371856,2025-07-02 12:35:21,43.4559288024902,-9.2538890838623,"Unknown"
"7014857",371856,2025-07-02 12:40:21,43.4592018127441,-9.2538480758667,"Unknown"
"7014857",371856,2025-07-02 12:45:21,43.4578056335449,-9.2563362121582,"Unknown"
"7014857",371856,2025-07-02 12:50:22,43.4555435180664,-9.25844383239746,"Unknown"
"7014857",371856,2025-07-02 12:55:22,43.4530982971191,-9.26059627532959,"Unknown"
"7014857",371856,2025-07-02 13:00:21,43.4510955810547,-9.26311779022217,"Unknown"
"7014857",371856,2025-07-02 13:05:21,43.4496917724609,-9.2651834487915,"Unknown"
"7014857",371856,2025-07-02 13:10:23,43.4325485229492,-9.24467086791992,"Unknown"
"7014857",371856,2025-07-02 13:15:22,43.4064407348633,-9.2171802520752,"Unknown"
"7014857",371856,2025-07-02 13:20:22,43.3893508911133,-9.19052600860596,"Unknown"
"7014857",371856,2025-07-02 13:25:23,43.3704872131348,-9.15886497497559,"Unknown"
"7014857",371856,2025-07-02 13:30:23,43.3594055175781,-9.12765598297119,"Unknown"
"7014857",371856,2025-07-02 13:35:22,43.352783203125,-9.09819793701172,"Unknown"
"7014857",371856,2025-07-02 13:40:21,43.3500518798828,-9.09067916870117,"Unknown"
"7014857",371856,2025-07-02 13:45:22,43.3454513549805,-9.06088447570801,"Unknown"
"7014857",371856,2025-07-02 13:50:24,43.3439445495605,-9.03418827056885,"Unknown"
"7014857",371856,2025-07-02 13:55:23,43.3410873413086,-9.00761413574219,"Unknown"
"7014857",371856,2025-07-02 14:00:22,43.3449325561523,-8.98671817779541,"Unknown"
"7014857",371856,2025-07-02 14:05:27,43.3424911499023,-8.95840263366699,"Unknown"
"7014857",371856,2025-07-02 14:10:23,43.3422546386719,-8.93313598632812,"Unknown"
"7014857",371856,2025-07-02 14:15:32,43.3269348144531,-8.90640163421631,"Unknown"
"7014857",371856,2025-07-02 14:20:31,43.3199157714844,-8.88287258148193,"Unknown"
"7014857",371856,2025-07-02 14:25:31,43.3189582824707,-8.85083484649658,"Unknown"
"7014857",371856,2025-07-02 14:30:24,43.3392372131348,-8.84003067016602,"Unknown"
"7014857",371856,2025-07-02 14:35:37,43.3593254089355,-8.84497356414795,"Unknown"
"7014857",371856,2025-07-02 14:40:24,43.3596153259277,-8.84555435180664,"Unknown"
"7014857",371856,2025-07-02 14:45:42,43.3591690063477,-8.84505271911621,"Unknown"
"7014857",371856,2025-07-02 14:50:25,43.3597145080566,-8.84556484222412,"Unknown"
"7014857",371856,2025-07-02 14:55:25,43.3597030639648,-8.84558773040771,"Unknown"
"7014857",371856,2025-07-02 15:00:40,43.3597450256348,-8.8452091217041,"Unknown"
"7014857",371856,2025-07-02 15:05:33,43.3594970703125,-8.84516525268555,"Unknown"
"7014857",371856,2025-07-02 15:10:23,43.3596878051758,-8.84566020965576,"Unknown"
"7014857",371856,2025-07-02 15:15:27,43.3593673706055,-8.84518814086914,"Unknown"
"7014857",371856,2025-07-02 15:20:29,43.3593711853027,-8.84518337249756,"Unknown"
"7014857",371856,2025-07-02 15:25:29,43.3594169616699,-8.84525871276855,"Unknown"
"7014857",371856,2025-07-02 15:30:31,43.3597373962402,-8.84568786621094,"Unknown"
"7014857",371856,2025-07-02 15:35:34,43.3597145080566,-8.84546279907227,"Unknown"
"7014857",371856,2025-07-02 15:40:34,43.3596572875977,-8.84547805786133,"Unknown"
"7014857",371856,2025-07-02 15:45:53,43.3593711853027,-8.84508419036865,"Unknown"
"7014857",371856,2025-07-02 15:50:21,43.3593139648438,-8.84513092041016,"Unknown"
"7014857",371856,2025-07-02 15:55:22,43.3593215942383,-8.84511375427246,"Unknown"
"7014857",371856,2025-07-02 16:00:22,43.359302520752,-8.84502983093262,"Unknown"
"7014857",371856,2025-07-02 16:05:21,43.3593635559082,-8.84516048431396,"Unknown"
"7014857",371856,2025-07-02 16:10:21,43.3593940734863,-8.8451566696167,"Unknown"
"7014857",371856,2025-07-02 16:15:27,43.3593368530273,-8.84507751464844,"Unknown"
"7014857",371856,2025-07-02 16:20:22,43.3593444824219,-8.84513473510742,"Unknown"
"7014857",371856,2025-07-02 16:25:22,43.3593978881836,-8.84518623352051,"Unknown"
"7014857",371856,2025-07-02 16:30:21,43.3594131469727,-8.84533309936523,"Unknown"
"7014857",371856,2025-07-02 16:35:23,43.3593788146973,-8.84530162811279,"Unknown"
"7014857",371856,2025-07-02 16:40:27,43.3593330383301,-8.84528732299805,"Unknown"
"7014857",371856,2025-07-02 16:45:21,43.3229522705078,-8.8571252822876,"Unknown"
"7014857",371856,2025-07-02 16:50:22,43.3140068054199,-8.85717964172363,"Unknown"
"7014857",371856,2025-07-02 16:55:22,43.3140563964844,-8.85708236694336,"Unknown"
"7014857",371856,2025-07-02 17:00:22,43.3141822814941,-8.85708141326904,"Unknown"
"7014857",371856,2025-07-02 17:05:24,43.3141212463379,-8.85700511932373,"Unknown"
"7014857",371856,2025-07-02 17:10:21,43.3170356750488,-8.86311817169189,"Unknown"
"7014857",371856,2025-07-02 17:15:23,43.3166198730469,-8.86514472961426,"Unknown"
"7014857",371856,2025-07-02 17:20:22,43.3207054138184,-8.85549354553223,"Unknown"
"7014857",371856,2025-07-02 17:25:23,43.3358192443848,-8.84469032287598,"Unknown"
"7014857",371856,2025-07-02 17:30:23,43.3502540588379,-8.84663581848145,"Unknown"
"7014857",371856,2025-07-02 17:35:21,43.3594589233398,-8.84529876708984,"Unknown"
"7014857",371856,2025-07-02 17:40:21,43.3594779968262,-8.8451566696167,"Unknown"
"7014857",371856,2025-07-02 17:45:29,43.3593406677246,-8.84523582458496,"Unknown"
"7014857",371856,2025-07-02 17:50:22,43.3594818115234,-8.84524536132812,"Unknown"
"7014857",371856,2025-07-02 17:55:25,43.3594970703125,-8.84525012969971,"Unknown"
"7014857",371856,2025-07-02 18:00:42,43.359375,-8.84517669677734,"Unknown"
"7014857",371856,2025-07-02 18:05:24,43.359447479248,-8.84537982940674,"Unknown"
"7014857",371856,2025-07-02 18:10:22,43.3595085144043,-8.84536552429199,"Unknown"
"7014857",371856,2025-07-02 18:15:30,43.3596839904785,-8.84549999237061,"Unknown"
"7014857",371856,2025-07-02 18:20:44,43.3592910766602,-8.84510326385498,"Unknown"
"7014857",371856,2025-07-02 18:25:22,43.3593711853027,-8.84536457061768,"Unknown"
"7014857",371856,2025-07-02 18:30:44,43.3618354797363,-8.83861446380615,"Unknown"
"7014857",371856,2025-07-02 18:35:22,43.371753692627,-8.85421562194824,"Unknown"
"7014857",371856,2025-07-02 18:40:22,43.3750038146973,-8.86188697814941,"Unknown"
"7014857",371856,2025-07-02 18:45:25,43.3873138427734,-8.89354419708252,"Unknown"
"7014857",371856,2025-07-02 18:50:27,43.4036674499512,-8.9174919128418,"Unknown"
"7014857",371856,2025-07-02 18:55:26,43.4211578369141,-8.93680286407471,"Unknown"
"7014857",371856,2025-07-02 19:00:22,43.4358673095703,-8.95896148681641,"Unknown"
"7014857",371856,2025-07-02 19:05:24,43.4514846801758,-8.97026920318604,"Unknown"
"7014857",371856,2025-07-02 19:10:24,43.4660835266113,-8.99841403961182,"Unknown"
"7014857",371856,2025-07-02 19:16:35,43.4825782775879,-9.02569007873535,"Unknown"
"7014857",371856,2025-07-02 19:20:29,43.4920616149902,-9.0336389541626,"Unknown"
"7014857",371856,2025-07-02 19:25:30,43.5012283325195,-9.02500629425049,"Unknown"
"7014857",371856,2025-07-02 19:30:30,43.5059471130371,-9.01304340362549,"Unknown"
"7014857",371856,2025-07-02 19:35:30,43.5097541809082,-9.00761318206787,"Unknown"
"7014857",371856,2025-07-02 19:40:30,43.5215644836426,-9.01476383209229,"Unknown"
"7014857",371856,2025-07-02 19:45:35,43.5331230163574,-9.02060031890869,"Unknown"
"7014857",371856,2025-07-02 19:50:41,43.5422821044922,-9.03365325927734,"Unknown"
"7014857",371856,2025-07-02 19:55:30,43.5503997802734,-9.03648090362549,"Unknown"
"7014857",371856,2025-07-03 01:06:07,43.359317779541,-8.84514141082764,"Unknown"
"7014857",371856,2025-07-03 04:45:35,43.3043251037598,-8.8455696105957,"Unknown"
"7014857",371856,2025-07-03 04:50:13,43.304141998291,-8.84507846832275,"Unknown"
"7014857",371856,2025-07-03 04:55:10,43.3068618774414,-8.84746837615967,"Unknown"
"7014857",371856,2025-07-03 05:00:10,43.2945709228516,-8.83997535705566,"Unknown"
"7014857",371856,2025-07-03 05:05:10,43.306079864502,-8.84444999694824,"Unknown"
"7014857",371856,2025-07-03 05:10:12,43.2843551635742,-8.854660987854,"Unknown"
"7014857",371856,2025-07-03 05:16:32,43.2763748168945,-8.8525276184082,"Unknown"
"7014857",371856,2025-07-03 05:20:16,43.276195526123,-8.85241508483887,"Unknown"
"7014857",371856,2025-07-03 05:25:09,43.2838020324707,-8.85179996490479,"Unknown"
"7014857",371856,2025-07-03 05:30:13,43.3043518066406,-8.84566593170166,"Unknown"
"7014857",371856,2025-07-03 05:36:32,43.3144493103027,-8.8568811416626,"Unknown"
"7014857",371856,2025-07-03 05:40:14,43.3144874572754,-8.85688972473145,"Unknown"
"7014857",371856,2025-07-03 05:45:12,43.3147468566895,-8.8572473526001,"Unknown"
"7014857",371856,2025-07-03 05:50:11,43.3183326721191,-8.85143375396729,"Unknown"
"7014857",371856,2025-07-03 05:55:09,43.3037986755371,-8.84590625762939,"Unknown"
"7014857",371856,2025-07-03 06:01:14,43.3044624328613,-8.84547996520996,"Unknown"
"7014857",371856,2025-07-03 06:05:13,43.3044509887695,-8.84553909301758,"Unknown"
"7014857",371856,2025-07-03 06:10:23,43.304515838623,-8.84522342681885,"Unknown"
"7014857",371856,2025-07-03 06:15:16,43.3044204711914,-8.84518146514893,"Unknown"
"7014857",371856,2025-07-03 06:20:19,43.3046264648438,-8.84617137908936,"Unknown"
"7014857",371856,2025-07-03 06:25:09,43.3235092163086,-8.84876346588135,"Unknown"
"7014857",371856,2025-07-03 06:30:10,43.345157623291,-8.84104919433594,"Unknown"
"7014857",371856,2025-07-03 06:35:11,43.3594703674316,-8.84542083740234,"Unknown"
"7014857",371856,2025-07-03 06:40:14,43.3594741821289,-8.84522151947021,"Unknown"
"7014857",371856,2025-07-03 06:45:35,43.359375,-8.84531211853027,"Unknown"
"7014857",371856,2025-07-03 06:50:09,43.3593978881836,-8.84532260894775,"Unknown"
"7014857",371856,2025-07-03 06:55:08,43.3593521118164,-8.8453311920166,"Unknown"
"7014857",371856,2025-07-03 07:00:08,43.3593788146973,-8.84536743164062,"Unknown"
"7014857",371856,2025-07-03 07:05:08,43.3594093322754,-8.84532642364502,"Unknown"
"7014857",371856,2025-07-03 07:10:08,43.3593940734863,-8.84537792205811,"Unknown"
"7014857",371856,2025-07-03 07:15:09,43.3593482971191,-8.84520053863525,"Unknown"
"7014857",371856,2025-07-03 07:20:08,43.3190650939941,-8.84650897979736,"Unknown"
"7014857",371856,2025-07-03 07:25:10,43.304370880127,-8.84536552429199,"Unknown"
"7014857",371856,2025-07-03 07:30:09,43.3043556213379,-8.84552001953125,"Unknown"
"7014857",371856,2025-07-03 07:35:09,43.3044700622559,-8.84537315368652,"Unknown"
"7014857",371856,2025-07-03 07:40:12,43.3044662475586,-8.84553337097168,"Unknown"
"7014857",371856,2025-07-03 07:45:10,43.3044204711914,-8.84539127349854,"Unknown"
"7014857",371856,2025-07-03 07:50:14,43.3041801452637,-8.84544372558594,"Unknown"
"7014857",371856,2025-07-03 07:55:12,43.3044471740723,-8.84566688537598,"Unknown"
"7014857",371856,2025-07-03 08:00:08,43.314281463623,-8.85674667358398,"Unknown"
"7014857",371856,2025-07-03 08:05:11,43.3145027160645,-8.85676765441895,"Unknown"
"7014857",371856,2025-07-03 08:10:11,43.3145904541016,-8.85686779022217,"Unknown"
"7014857",371856,2025-07-03 08:15:08,43.3146781921387,-8.85704612731934,"Unknown"
"7014857",371856,2025-07-03 08:20:11,43.3146553039551,-8.85697555541992,"Unknown"
"7014857",371856,2025-07-03 08:25:10,43.3046798706055,-8.84566307067871,"Unknown"
"7014857",371856,2025-07-03 08:30:20,43.3044700622559,-8.84555435180664,"Unknown"
"7014857",371856,2025-07-03 08:35:20,43.304370880127,-8.84539318084717,"Unknown"
"7014857",371856,2025-07-03 08:40:11,43.3095474243164,-8.85036468505859,"Unknown"
"7014857",371856,2025-07-03 08:45:21,43.3342361450195,-8.84480094909668,"Unknown"
"7014857",371856,2025-07-03 08:50:09,43.3508758544922,-8.84898281097412,"Unknown"
"7014857",371856,2025-07-03 08:55:21,43.3595008850098,-8.84543991088867,"Unknown"
"7014857",371856,2025-07-03 09:00:21,43.3594741821289,-8.84547805786133,"Unknown"
"7014857",371856,2025-07-03 09:05:20,43.3594093322754,-8.84544277191162,"Unknown"
"7014857",371856,2025-07-03 09:10:10,43.359302520752,-8.84521675109863,"Unknown"
"7014857",371856,2025-07-03 09:15:14,43.3594131469727,-8.84536933898926,"Unknown"
"7014857",371856,2025-07-03 09:20:16,43.3593597412109,-8.84534645080566,"Unknown"
"7014857",371856,2025-07-03 09:25:12,43.3594207763672,-8.84524536132812,"Unknown"
"7014857",371856,2025-07-03 09:30:19,43.3593826293945,-8.84524440765381,"Unknown"
"7014857",371856,2025-07-03 09:35:16,43.3594551086426,-8.84519863128662,"Unknown"
"7014857",371856,2025-07-03 09:40:35,43.3593330383301,-8.84528923034668,"Unknown"
"7014857",371856,2025-07-03 09:45:09,43.3593635559082,-8.84527587890625,"Unknown"
"7014857",371856,2025-07-03 09:50:09,43.3593864440918,-8.84528923034668,"Unknown"
"7014857",371856,2025-07-03 09:55:10,43.3594131469727,-8.8453950881958,"Unknown"
"7014857",371856,2025-07-03 10:00:08,43.3594245910645,-8.84509468078613,"Unknown"
"7014857",371856,2025-07-03 10:05:09,43.359375,-8.84523010253906,"Unknown"
"7014857",371856,2025-07-03 10:10:09,43.3593711853027,-8.84530162811279,"Unknown"
"7014857",371856,2025-07-03 10:15:09,43.3593673706055,-8.84522342681885,"Unknown"
"7014857",371856,2025-07-03 10:20:09,43.3593406677246,-8.84529876708984,"Unknown"
"7014857",371856,2025-07-03 10:25:09,43.3593902587891,-8.84520435333252,"Unknown"
"7014857",371856,2025-07-03 10:30:09,43.3593902587891,-8.84521007537842,"Unknown"
"7014857",371856,2025-07-03 10:35:10,43.3593940734863,-8.84497356414795,"Unknown"
"7014857",371856,2025-07-03 10:40:10,43.359375,-8.84516906738281,"Unknown"
"7014857",371856,2025-07-03 10:45:12,43.3593711853027,-8.84507751464844,"Unknown"
"7014857",371856,2025-07-03 10:50:09,43.3501853942871,-8.8429708480835,"Unknown"
"7014857",371856,2025-07-03 10:55:10,43.307918548584,-8.84539413452148,"Unknown"
"7014857",371856,2025-07-03 11:00:11,43.304328918457,-8.84554100036621,"Unknown"
"7014857",371856,2025-07-03 11:05:12,43.304271697998,-8.8457088470459,"Unknown"
"7014857",371856,2025-07-03 11:10:14,43.3044929504395,-8.84520149230957,"Unknown"
"7014857",371856,2025-07-03 11:15:14,43.3045692443848,-8.84575271606445,"Unknown"
"7014857",371856,2025-07-03 11:20:24,43.3046035766602,-8.84545516967773,"Unknown"
"7014857",371856,2025-07-03 11:25:08,43.3140487670898,-8.85746383666992,"Unknown"
"7014857",371856,2025-07-03 11:30:09,43.3185997009277,-8.8541784286499,"Unknown"
"7014857",371856,2025-07-03 11:35:09,43.335563659668,-8.8447380065918,"Unknown"
"7014857",371856,2025-07-03 11:40:10,43.3520431518555,-8.84958362579346,"Unknown"
"7014857",371856,2025-07-03 11:45:09,43.3594436645508,-8.84526824951172,"Unknown"
"7014857",371856,2025-07-03 11:50:10,43.3594436645508,-8.84565162658691,"Unknown"
"7014857",371856,2025-07-03 11:55:09,43.3594093322754,-8.84523010253906,"Unknown"
"7014857",371856,2025-07-03 12:00:36,43.359375,-8.84530639648438,"Unknown"
"7014857",371856,2025-07-03 12:05:09,43.3593978881836,-8.84521961212158,"Unknown"
"7014857",371856,2025-07-03 12:10:08,43.3593978881836,-8.84521770477295,"Unknown"
"7014857",371856,2025-07-03 12:15:09,43.3593940734863,-8.84520435333252,"Unknown"
"7014857",371856,2025-07-03 12:20:09,43.3594207763672,-8.84523487091064,"Unknown"
"7014857",371856,2025-07-03 12:25:09,43.3593978881836,-8.8452262878418,"Unknown"
"7014857",371856,2025-07-03 12:30:09,43.3593673706055,-8.84521675109863,"Unknown"
"7014857",371856,2025-07-03 12:35:08,43.3620491027832,-8.84337139129639,"Unknown"
"7014857",371856,2025-07-03 12:40:08,43.3700065612793,-8.87259578704834,"Unknown"
"7014857",371856,2025-07-03 12:45:08,43.3800888061523,-8.92421340942383,"Unknown"
"7014857",371856,2025-07-03 12:50:09,43.3886184692383,-8.97089385986328,"Unknown"
"7014857",371856,2025-07-03 12:55:09,43.3955154418945,-9.02749729156494,"Unknown"
"7014857",371856,2025-07-03 13:00:09,43.4040985107422,-9.07827091217041,"Unknown"
"7014857",371856,2025-07-03 13:05:08,43.4134330749512,-9.12557697296143,"Unknown"
"7014857",371856,2025-07-03 13:10:11,43.4176788330078,-9.18403434753418,"Unknown"
"7014857",371856,2025-07-03 13:15:09,43.4261589050293,-9.23186111450195,"Unknown"
"7014857",371856,2025-07-03 13:20:08,43.4343223571777,-9.28238964080811,"Unknown"
"7014857",371856,2025-07-03 13:25:09,43.4458465576172,-9.30963325500488,"Unknown"
"7014857",371856,2025-07-03 13:30:10,43.4396476745605,-9.2975606918335,"Unknown"
"7014857",371856,2025-07-03 13:35:11,43.4338188171387,-9.2957010269165,"Unknown"
"7014857",371856,2025-07-03 13:40:09,43.4004364013672,-9.31793785095215,"Unknown"
"7014857",371856,2025-07-03 13:45:09,43.3544731140137,-9.31841659545898,"Unknown"
"7014857",371856,2025-07-03 13:50:10,43.3006477355957,-9.33066177368164,"Unknown"
"7014857",371856,2025-07-03 13:55:14,43.2637138366699,-9.36584377288818,"Unknown"
"7014857",371856,2025-07-03 14:00:19,43.2592658996582,-9.36734867095947,"Unknown"
"7014857",371856,2025-07-03 14:05:12,43.2584800720215,-9.36869239807129,"Unknown"
"7014857",371856,2025-07-03 14:10:19,43.2573051452637,-9.36997222900391,"Unknown"
"7014857",371856,2025-07-03 14:15:19,43.2484893798828,-9.37548732757568,"Unknown"
"7014857",371856,2025-07-03 14:20:11,43.2458267211914,-9.3792781829834,"Unknown"
"7014857",371856,2025-07-03 14:25:16,43.2442665100098,-9.38063049316406,"Unknown"
"7014857",371856,2025-07-03 14:30:16,43.2394714355469,-9.3840856552124,"Unknown"
"7014857",371856,2025-07-03 14:35:14,43.2346000671387,-9.38771438598633,"Unknown"
"7014857",371856,2025-07-03 14:40:25,43.2330780029297,-9.39040184020996,"Unknown"
"7014857",371856,2025-07-03 14:45:22,43.2281074523926,-9.39288425445557,"Unknown"
"7014857",371856,2025-07-03 14:50:35,43.2243995666504,-9.39713287353516,"Unknown"
"7014857",371856,2025-07-03 14:55:09,43.2207374572754,-9.39872741699219,"Unknown"
"7014857",371856,2025-07-03 15:00:09,43.2192878723145,-9.4016227722168,"Unknown"
"7014857",371856,2025-07-03 15:05:09,43.215503692627,-9.40406703948975,"Unknown"
"7014857",371856,2025-07-03 15:10:10,43.2109489440918,-9.40578842163086,"Unknown"
"7014857",371856,2025-07-03 15:15:12,43.2099189758301,-9.40692710876465,"Unknown"
"7014857",371856,2025-07-03 15:20:11,43.2033805847168,-9.41135501861572,"Unknown"
"7014857",371856,2025-07-03 15:25:13,43.201961517334,-9.41229152679443,"Unknown"
"7014857",371856,2025-07-03 15:30:13,43.1961288452148,-9.41476631164551,"Unknown"
"7014857",371856,2025-07-03 15:35:13,43.1940002441406,-9.41576194763184,"Unknown"
"7014857",371856,2025-07-03 15:40:11,43.1869354248047,-9.41833972930908,"Unknown"
"7014857",371856,2025-07-03 15:45:16,43.1838798522949,-9.42062950134277,"Unknown"
"7014857",371856,2025-07-03 15:50:11,43.1856651306152,-9.42041873931885,"Unknown"
"7014857",371856,2025-07-03 15:55:12,43.1848411560059,-9.42070960998535,"Unknown"
"7014857",371856,2025-07-03 16:00:17,43.1837730407715,-9.42106533050537,"Unknown"
"7014857",371856,2025-07-03 16:05:12,43.1815948486328,-9.4249439239502,"Unknown"
"7014857",371856,2025-07-03 16:10:35,43.1797485351562,-9.42769908905029,"Unknown"
"7014857",371856,2025-07-03 16:15:09,43.1780891418457,-9.42972373962402,"Unknown"
"7014857",371856,2025-07-03 16:20:11,43.1760482788086,-9.43248462677002,"Unknown"
"7014857",371856,2025-07-03 16:25:09,43.1740074157715,-9.43420886993408,"Unknown"
"7014857",371856,2025-07-03 16:30:08,43.1737937927246,-9.43524742126465,"Unknown"
"7014857",371856,2025-07-03 16:35:09,43.1780853271484,-9.43264961242676,"Unknown"
"7014857",371856,2025-07-03 16:40:09,43.1783714294434,-9.43024063110352,"Unknown"
"7014857",371856,2025-07-03 16:45:09,43.1760177612305,-9.42837810516357,"Unknown"
"7014857",371856,2025-07-03 16:50:08,43.1735038757324,-9.42858982086182,"Unknown"
"7014857",371856,2025-07-03 16:55:11,43.1719055175781,-9.42916011810303,"Unknown"
"7014857",371856,2025-07-03 17:00:09,43.1626205444336,-9.43063449859619,"Unknown"
"7014857",371856,2025-07-03 17:05:09,43.1535949707031,-9.43308734893799,"Unknown"
"7014857",371856,2025-07-03 17:10:08,43.1494255065918,-9.4350004196167,"Unknown"
"7014857",371856,2025-07-03 17:15:08,43.1451110839844,-9.43683624267578,"Unknown"
"7014857",371856,2025-07-03 17:20:09,43.1414489746094,-9.43893241882324,"Unknown"
"7014857",371856,2025-07-03 17:25:08,43.1234283447266,-9.41495418548584,"Unknown"
"7014857",371856,2025-07-03 17:30:08,43.1067962646484,-9.38895130157471,"Unknown"
"7014857",371856,2025-07-03 17:35:10,43.0958099365234,-9.36685562133789,"Unknown"
"7014857",371856,2025-07-03 17:40:08,43.088207244873,-9.35472679138184,"Unknown"
"7014857",371856,2025-07-03 17:45:10,43.0692176818848,-9.32934188842773,"Unknown"
"7014857",371856,2025-07-03 17:50:09,43.050952911377,-9.30458736419678,"Unknown"
"7014857",371856,2025-07-03 17:55:11,43.0508804321289,-9.30378913879395,"Unknown"
"7014857",371856,2025-07-03 18:00:35,43.0504608154297,-9.30448913574219,"Unknown"
"7014857",371856,2025-07-03 18:05:09,43.0499496459961,-9.30477905273438,"Unknown"
"7014857",371856,2025-07-03 18:10:08,43.0571899414062,-9.29531669616699,"Unknown"
"7014857",371856,2025-07-03 18:15:13,43.0444526672363,-9.27501487731934,"Unknown"
"7014857",371856,2025-07-03 18:20:30,43.0511322021484,-9.25825500488281,"Unknown"
"7014857",371856,2025-07-03 18:25:10,43.0719184875488,-9.24570751190186,"Unknown"
"7014857",371856,2025-07-03 18:30:17,43.0873222351074,-9.22610950469971,"Unknown"
"7014857",371856,2025-07-03 18:35:10,43.0978584289551,-9.19906234741211,"Unknown"
"7014857",371856,2025-07-03 18:40:13,43.102409362793,-9.17420196533203,"Unknown"
"7014857",371856,2025-07-03 18:45:35,43.1232109069824,-9.15359210968018,"Unknown"
"7014857",371856,2025-07-03 18:50:07,43.1351127624512,-9.13828563690186,"Unknown"
"7014857",371856,2025-07-03 18:55:10,43.1469802856445,-9.12165451049805,"Unknown"
"7014857",371856,2025-07-03 19:00:08,43.1674919128418,-9.13454246520996,"Unknown"
"7014857",371856,2025-07-03 19:05:08,43.1854476928711,-9.12129211425781,"Unknown"
"7014857",371856,2025-07-03 19:10:10,43.1871185302734,-9.0956506729126,"Unknown"
"7014857",371856,2025-07-03 19:15:08,43.186351776123,-9.06982135772705,"Unknown"
"7014857",371856,2025-07-03 19:20:09,43.192512512207,-9.04314994812012,"Unknown"
"7014857",371856,2025-07-03 19:25:10,43.2104377746582,-9.02340126037598,"Unknown"
"7014857",371856,2025-07-03 19:30:08,43.224235534668,-9.00477027893066,"Unknown"
"7014857",371856,2025-07-03 19:35:11,43.2246513366699,-8.98640918731689,"Unknown"
"7014857",371856,2025-07-03 19:40:10,43.227783203125,-8.96173477172852,"Unknown"
"7014857",371856,2025-07-03 19:45:10,43.2400665283203,-8.94086074829102,"Unknown"
"7014857",371856,2025-07-03 19:50:17,43.261791229248,-8.94949913024902,"Unknown"
"7014857",371856,2025-07-03 19:56:23,43.284481048584,-8.94789218902588,"Unknown"
"7014857",371856,2025-07-03 20:00:10,43.2898902893066,-8.92832469940186,"Unknown"
"7014857",371856,2025-07-03 20:05:10,43.3054046630859,-8.90633201599121,"Unknown"
"7014857",371856,2025-07-03 20:10:11,43.3210678100586,-8.90266799926758,"Unknown"
"7014857",371856,2025-07-03 20:15:10,43.3203544616699,-8.87340641021729,"Unknown"
"7014857",371856,2025-07-03 20:20:11,43.3206329345703,-8.85084819793701,"Unknown"
"7014857",371856,2025-07-03 20:25:11,43.342399597168,-8.84261989593506,"Unknown"
"7014857",371856,2025-07-03 20:30:11,43.3591003417969,-8.8452091217041,"Unknown"
"7014857",371856,2025-07-03 20:35:11,43.3592720031738,-8.84512710571289,"Unknown"
"7014857",371856,2025-07-03 20:40:09,43.3594093322754,-8.84529113769531,"Unknown"
"7014857",371856,2025-07-03 20:45:15,43.3593330383301,-8.84527397155762,"Unknown"
"7014857",371856,2025-07-03 20:50:16,43.3593597412109,-8.84524917602539,"Unknown"
"7014857",371856,2025-07-03 20:55:13,43.359432220459,-8.84520721435547,"Unknown"
"7014857",371856,2025-07-03 21:00:19,43.3593330383301,-8.84522724151611,"Unknown"
"7014857",371856,2025-07-03 21:05:44,43.3593215942383,-8.8452787399292,"Unknown"
"7014857",371856,2025-07-04 02:06:05,43.359375,-8.84532165527344,"Unknown"
"7014857",371856,2025-07-04 02:41:02,43.3593635559082,-8.84528923034668,"Unknown"
"7014857",371856,2025-07-04 02:46:03,43.3593635559082,-8.84531688690186,"Unknown"
"7014857",371856,2025-07-04 02:51:03,43.3594398498535,-8.84529209136963,"Unknown"
"7014857",371856,2025-07-04 02:56:03,43.3594551086426,-8.84533977508545,"Unknown"
"7014857",371856,2025-07-04 03:01:06,43.3595161437988,-8.84540271759033,"Unknown"
"7014857",371856,2025-07-04 03:06:03,43.3594741821289,-8.84534549713135,"Unknown"
"7014857",371856,2025-07-04 03:11:05,43.3594436645508,-8.84528064727783,"Unknown"
"7014857",371856,2025-07-04 03:16:03,43.3594360351562,-8.84541702270508,"Unknown"
"7014857",371856,2025-07-04 03:21:03,43.3594512939453,-8.84540843963623,"Unknown"
"7014857",371856,2025-07-04 03:26:06,43.3593788146973,-8.84537887573242,"Unknown"
"7014857",371856,2025-07-04 03:31:07,43.3594779968262,-8.84548568725586,"Unknown"
"7014857",371856,2025-07-04 03:36:12,43.3593673706055,-8.8454418182373,"Unknown"
"7014857",371856,2025-07-04 03:41:03,43.3594169616699,-8.84541893005371,"Unknown"
"7014857",371856,2025-07-04 03:46:06,43.3593292236328,-8.84542465209961,"Unknown"
"7014857",371856,2025-07-04 03:51:10,43.3593673706055,-8.84523773193359,"Unknown"
"7014857",371856,2025-07-04 03:56:02,43.3593902587891,-8.84538459777832,"Unknown"
"7014857",371856,2025-07-04 04:01:02,43.3593368530273,-8.84521389007568,"Unknown"
"7014857",371856,2025-07-04 04:06:03,43.3591842651367,-8.8448486328125,"Unknown"
"7014857",371856,2025-07-04 04:11:08,43.3592338562012,-8.84500694274902,"Unknown"
"7014857",371856,2025-07-04 04:16:07,43.359203338623,-8.84479522705078,"Unknown"
"7014857",371856,2025-07-04 04:21:07,43.359130859375,-8.84418487548828,"Unknown"
"7014857",371856,2025-07-04 04:26:10,43.3594055175781,-8.84506797790527,"Unknown"
"7014857",371856,2025-07-04 04:31:02,43.3593635559082,-8.8450345993042,"Unknown"
"7014857",371856,2025-07-04 04:36:10,43.3593482971191,-8.84512901306152,"Unknown"
"7014857",371856,2025-07-04 04:41:02,43.318904876709,-8.84827709197998,"Unknown"
"7014857",371856,2025-07-04 04:46:11,43.3043022155762,-8.8455286026001,"Unknown"
"7014857",371856,2025-07-04 04:51:12,43.304271697998,-8.84532928466797,"Unknown"
"7014857",371856,2025-07-04 04:57:27,43.3043403625488,-8.84564018249512,"Unknown"
"7014857",371856,2025-07-04 05:01:04,43.303840637207,-8.84651279449463,"Unknown"
"7014857",371856,2025-07-04 05:06:03,43.2843704223633,-8.85463428497314,"Unknown"
"7014857",371856,2025-07-04 05:11:09,43.276237487793,-8.85215759277344,"Unknown"
"7014857",371856,2025-07-04 05:16:15,43.2764587402344,-8.85256385803223,"Unknown"
"7014857",371856,2025-07-04 05:21:12,43.2763671875,-8.85245323181152,"Unknown"
"7014857",371856,2025-07-04 05:26:07,43.2763633728027,-8.85228729248047,"Unknown"
"7014857",371856,2025-07-04 05:31:44,43.2891159057617,-8.85369396209717,"Unknown"
"7014857",371856,2025-07-04 05:36:02,43.3125076293945,-8.85713005065918,"Unknown"
"7014857",371856,2025-07-04 05:41:06,43.3194999694824,-8.85349655151367,"Unknown"
"7014857",371856,2025-07-04 05:46:02,43.3378067016602,-8.84486198425293,"Unknown"
"7014857",371856,2025-07-04 05:51:02,43.3554801940918,-8.84759044647217,"Unknown"
"7014857",371856,2025-07-04 05:56:14,43.3593902587891,-8.84512805938721,"Unknown"
"7014857",371856,2025-07-04 06:01:02,43.3350296020508,-8.83175468444824,"Unknown"
"7014857",371856,2025-07-04 06:06:22,43.304557800293,-8.8459939956665,"Unknown"
"7014857",371856,2025-07-04 06:11:09,43.304328918457,-8.84514999389648,"Unknown"
"7014857",371856,2025-07-04 06:16:35,43.3044013977051,-8.84533786773682,"Unknown"
"7014857",371856,2025-07-04 06:21:07,43.3045921325684,-8.84543037414551,"Unknown"
"7014857",371856,2025-07-04 06:26:26,43.30419921875,-8.84543609619141,"Unknown"
"7014857",371856,2025-07-04 06:31:15,43.3044967651367,-8.84577178955078,"Unknown"
"7014857",371856,2025-07-04 06:36:16,43.3045234680176,-8.84573268890381,"Unknown"
"7014857",371856,2025-07-04 06:41:07,43.3045272827148,-8.84545707702637,"Unknown"
"7014857",371856,2025-07-04 06:47:05,43.3042335510254,-8.84520149230957,"Unknown"
"7014857",371856,2025-07-04 06:51:10,43.3042869567871,-8.8450231552124,"Unknown"
"7014857",371856,2025-07-04 06:56:46,43.3044013977051,-8.8455753326416,"Unknown"
"7014857",371856,2025-07-04 07:01:10,43.304500579834,-8.84520149230957,"Unknown"
"7014857",371856,2025-07-04 07:06:08,43.3043594360352,-8.84555625915527,"Unknown"
"7014857",371856,2025-07-04 07:11:06,43.3044128417969,-8.84512042999268,"Unknown"
"7014857",371856,2025-07-04 07:16:07,43.3043785095215,-8.84540271759033,"Unknown"
"7014857",371856,2025-07-04 07:21:12,43.304328918457,-8.84522342681885,"Unknown"
"7014857",371856,2025-07-04 07:26:06,43.3043060302734,-8.84551048278809,"Unknown"
"7014857",371856,2025-07-04 07:31:34,43.3043899536133,-8.84534072875977,"Unknown"
"7014857",371856,2025-07-04 07:36:48,43.3044891357422,-8.84517860412598,"Unknown"
"7014857",371856,2025-07-04 07:41:12,43.3044281005859,-8.84556007385254,"Unknown"
"7014857",371856,2025-07-04 07:46:14,43.3044242858887,-8.84506988525391,"Unknown"
"7014857",371856,2025-07-04 07:51:32,43.3044548034668,-8.84525299072266,"Unknown"
"7014857",371856,2025-07-04 07:56:07,43.3044052124023,-8.84505176544189,"Unknown"
"7014857",371856,2025-07-04 08:01:17,43.3043479919434,-8.84525203704834,"Unknown"
"7014857",371856,2025-07-04 08:06:48,43.3043975830078,-8.84534931182861,"Unknown"
"7014857",371856,2025-07-04 08:11:12,43.3043479919434,-8.84532356262207,"Unknown"
"7014857",371856,2025-07-04 08:17:27,43.3042602539062,-8.84516143798828,"Unknown"
"7014857",371856,2025-07-04 08:21:14,43.3144035339355,-8.85668182373047,"Unknown"
"7014857",371856,2025-07-04 08:26:10,43.3145484924316,-8.85694599151611,"Unknown"
"7014857",371856,2025-07-04 08:31:06,43.3143577575684,-8.85684013366699,"Unknown"
"7014857",371856,2025-07-04 08:36:03,43.3200759887695,-8.84881496429443,"Unknown"
"7014857",371856,2025-07-04 08:41:09,43.3306045532227,-8.85322952270508,"Unknown"
"7014857",371856,2025-07-04 08:46:43,43.3305397033691,-8.85354995727539,"Unknown"
"7014857",371856,2025-07-04 08:51:09,43.3297309875488,-8.85355091094971,"Unknown"
"7014857",371856,2025-07-04 08:56:09,43.3221588134766,-8.85313129425049,"Unknown"
"7014857",371856,2025-07-04 09:01:04,43.3104782104492,-8.84653377532959,"Unknown"
"7014857",371856,2025-07-04 09:06:36,43.3044891357422,-8.84539031982422,"Unknown"
"7014857",371856,2025-07-04 09:11:12,43.3045463562012,-8.84540939331055,"Unknown"
"7014857",371856,2025-07-04 09:16:27,43.304386138916,-8.84544372558594,"Unknown"
"7014857",371856,2025-07-04 09:21:19,43.3044357299805,-8.84539699554443,"Unknown"
"7014857",371856,2025-07-04 09:26:19,43.3043174743652,-8.84545516967773,"Unknown"
"7014857",371856,2025-07-04 09:31:10,43.3045234680176,-8.84523105621338,"Unknown"
"7014857",371856,2025-07-04 09:36:11,43.304370880127,-8.84541797637939,"Unknown"
"7014857",371856,2025-07-04 09:41:06,43.304328918457,-8.8454418182373,"Unknown"
"7014857",371856,2025-07-04 09:46:16,43.304386138916,-8.84560394287109,"Unknown"
"7014857",371856,2025-07-04 09:51:04,43.3292121887207,-8.84849548339844,"Unknown"
"7014857",371856,2025-07-04 09:56:03,43.345531463623,-8.83947086334229,"Unknown"
"7014857",371856,2025-07-04 10:01:07,43.3593254089355,-8.84556102752686,"Unknown"
"7014857",371856,2025-07-04 10:06:03,43.3592224121094,-8.84528541564941,"Unknown"
"7014857",371856,2025-07-04 10:11:03,43.3595352172852,-8.84530925750732,"Unknown"
"7014857",371856,2025-07-04 10:16:09,43.3410720825195,-8.84170818328857,"Unknown"
"7014857",371856,2025-07-04 10:21:11,43.330696105957,-8.85275459289551,"Unknown"
"7014857",371856,2025-07-04 10:26:09,43.3296661376953,-8.85323715209961,"Unknown"
"7014857",371856,2025-07-04 10:31:13,43.314208984375,-8.84440898895264,"Unknown"
"7014857",371856,2025-07-04 10:36:12,43.3044242858887,-8.845139503479,"Unknown"
"7014857",371856,2025-07-04 10:42:27,43.3044242858887,-8.84525966644287,"Unknown"
"7014857",371856,2025-07-04 10:52:23,43.3044013977051,-8.84541416168213,"Unknown"
"7014857",371856,2025-07-04 10:56:07,43.3043899536133,-8.84513473510742,"Unknown"
"7014857",371856,2025-07-04 11:01:06,43.3045120239258,-8.84513759613037,"Unknown"
"7014857",371856,2025-07-04 11:06:06,43.3140068054199,-8.85709190368652,"Unknown"
"7014857",371856,2025-07-04 11:11:03,43.3262252807617,-8.8489294052124,"Unknown"
"7014857",371856,2025-07-04 11:16:03,43.3473663330078,-8.85231018066406,"Unknown"
"7014857",371856,2025-07-04 11:21:03,43.3594093322754,-8.84480667114258,"Unknown"
"7014857",371856,2025-07-04 11:26:03,43.3594284057617,-8.84487247467041,"Unknown"
"7014857",371856,2025-07-04 11:31:07,43.3597068786621,-8.84492778778076,"Unknown"
"7014857",371856,2025-07-04 11:36:03,43.3593101501465,-8.84499359130859,"Unknown"
"7014857",371856,2025-07-04 11:41:03,43.3593788146973,-8.84496212005615,"Unknown"
"7014857",371856,2025-07-04 11:46:04,43.3598136901855,-8.84490394592285,"Unknown"
"7014857",371856,2025-07-04 11:51:03,43.3593521118164,-8.84503841400146,"Unknown"
"7014857",371856,2025-07-04 11:56:07,43.3583679199219,-8.84421157836914,"Unknown"
"7014857",371856,2025-07-04 12:01:04,43.3461685180664,-8.84683704376221,"Unknown"
"7014857",371856,2025-07-04 12:06:04,43.3471641540527,-8.84450721740723,"Unknown"
"7014857",371856,2025-07-04 12:11:44,43.3475227355957,-8.84163093566895,"Unknown"
"7014857",371856,2025-07-04 12:16:03,43.348030090332,-8.83998107910156,"Unknown"
"7014857",371856,2025-07-04 12:21:18,43.3594055175781,-8.8450813293457,"Unknown"
"7014857",371856,2025-07-04 12:26:09,43.3594055175781,-8.84500980377197,"Unknown"
"7014857",371856,2025-07-04 12:31:09,43.3593902587891,-8.84507274627686,"Unknown"
"7014857",371856,2025-07-04 12:36:09,43.3594970703125,-8.8452091217041,"Unknown"
"7014857",371856,2025-07-04 12:41:06,43.3593940734863,-8.84531879425049,"Unknown"
"7014857",371856,2025-07-04 12:46:08,43.3593330383301,-8.8452615737915,"Unknown"
"7014857",371856,2025-07-04 12:51:08,43.3593826293945,-8.84533214569092,"Unknown"
"7014857",371856,2025-07-04 12:56:10,43.3594551086426,-8.84533405303955,"Unknown"
"7014857",371856,2025-07-04 13:01:09,43.359317779541,-8.84531021118164,"Unknown"
"7014857",371856,2025-07-04 13:06:09,43.3594703674316,-8.84534740447998,"Unknown"
"7014857",371856,2025-07-04 13:11:06,43.3614540100098,-8.83278369903564,"Unknown"
"7014857",371856,2025-07-04 13:16:12,43.3656768798828,-8.83127403259277,"Unknown"
"7014857",371856,2025-07-04 13:21:07,43.3724098205566,-8.82608890533447,"Unknown"
"7014857",371856,2025-07-04 13:26:18,43.3742790222168,-8.82593250274658,"Unknown"
"7014857",371856,2025-07-04 13:31:12,43.3867378234863,-8.85188579559326,"Unknown"
"7014857",371856,2025-07-04 13:36:12,43.3971900939941,-8.891188621521,"Unknown"
"7014857",371856,2025-07-04 13:41:30,43.3568267822266,-8.87862205505371,"Unknown"
"7014857",371856,2025-07-04 13:46:36,43.3214378356934,-8.86666011810303,"Unknown"
"7014857",371856,2025-07-04 13:51:09,43.3140335083008,-8.84877872467041,"Unknown"
"7014857",371856,2025-07-04 13:56:30,43.3045463562012,-8.84555721282959,"Unknown"
"7014857",371856,2025-07-04 14:01:13,43.304328918457,-8.84537506103516,"Unknown"
"7014857",371856,2025-07-04 14:07:05,43.3043403625488,-8.84550094604492,"Unknown"
"7014857",371856,2025-07-04 14:11:07,43.304256439209,-8.84537506103516,"Unknown"
"7014857",371856,2025-07-04 14:16:09,43.3043022155762,-8.84534072875977,"Unknown"
"7014857",371856,2025-07-04 14:21:08,43.304370880127,-8.84554386138916,"Unknown"
"7014857",371856,2025-07-04 14:26:13,43.3044090270996,-8.84555244445801,"Unknown"
"7014857",371856,2025-07-04 14:31:20,43.304328918457,-8.84542942047119,"Unknown"
"7014857",371856,2025-07-04 14:36:17,43.3042678833008,-8.84536170959473,"Unknown"
"7014857",371856,2025-07-04 14:41:10,43.3045921325684,-8.84555053710938,"Unknown"
"7014857",371856,2025-07-04 14:46:28,43.304271697998,-8.84565925598145,"Unknown"
"7014857",371856,2025-07-04 14:52:06,43.3044738769531,-8.84547233581543,"Unknown"
"7014857",371856,2025-07-04 14:56:12,43.3047485351562,-8.8450927734375,"Unknown"
"7014857",371856,2025-07-04 15:01:21,43.3045768737793,-8.84530448913574,"Unknown"
"7014857",371856,2025-07-04 15:06:20,43.3044853210449,-8.84528923034668,"Unknown"
"7014857",371856,2025-07-04 15:11:23,43.3046455383301,-8.84549427032471,"Unknown"
"7014857",371856,2025-07-04 15:16:12,43.3044929504395,-8.84553241729736,"Unknown"
"7014857",371856,2025-07-04 15:22:04,43.3045349121094,-8.84549999237061,"Unknown"
"7014857",371856,2025-07-04 15:26:15,43.3047065734863,-8.8453483581543,"Unknown"
"7014857",371856,2025-07-04 15:31:18,43.3044204711914,-8.84529113769531,"Unknown"
"7014857",371856,2025-07-04 15:36:09,43.3138771057129,-8.85719680786133,"Unknown"
"7014857",371856,2025-07-04 15:41:07,43.3139533996582,-8.85726833343506,"Unknown"
"7014857",371856,2025-07-04 15:46:35,43.3139495849609,-8.85723781585693,"Unknown"
"7014857",371856,2025-07-04 15:51:04,43.3153305053711,-8.85679340362549,"Unknown"
"7014857",371856,2025-07-04 15:56:04,43.3314666748047,-8.84593105316162,"Unknown"
"7014857",371856,2025-07-04 16:01:04,43.3499069213867,-8.8455638885498,"Unknown"
"7014857",371856,2025-07-04 16:06:11,43.3593635559082,-8.84523391723633,"Unknown"
"7014857",371856,2025-07-04 16:11:04,43.3594131469727,-8.84529113769531,"Unknown"
"7014857",371856,2025-07-04 16:16:06,43.3639030456543,-8.83977127075195,"Unknown"
"7014857",371856,2025-07-04 16:21:06,43.3819389343262,-8.84804725646973,"Unknown"
"7014857",371856,2025-07-04 16:26:04,43.399299621582,-8.85963916778564,"Unknown"
"7014857",371856,2025-07-04 16:31:04,43.4165649414062,-8.87598705291748,"Unknown"
"7014857",371856,2025-07-04 16:36:06,43.4329566955566,-8.89438724517822,"Unknown"
"7014857",371856,2025-07-04 16:41:04,43.4440422058105,-8.90538597106934,"Unknown"
"7014857",371856,2025-07-04 16:46:08,43.4477195739746,-8.90693664550781,"Unknown"
"7014857",371856,2025-07-04 16:51:14,43.4552230834961,-8.92902851104736,"Unknown"
"7014857",371856,2025-07-04 16:56:04,43.4639015197754,-8.95910739898682,"Unknown"
"7014857",371856,2025-07-04 17:01:05,43.466064453125,-9.00357151031494,"Unknown"
"7014857",371856,2025-07-04 17:06:07,43.4644203186035,-9.00378513336182,"Unknown"
"7014857",371856,2025-07-04 17:11:04,43.433406829834,-8.97974395751953,"Unknown"
"7014857",371856,2025-07-04 17:16:06,43.4029998779297,-8.9582576751709,"Unknown"
"7014857",371856,2025-07-04 17:21:08,43.3784294128418,-8.93428802490234,"Unknown"
"7014857",371856,2025-07-04 17:26:07,43.3754730224609,-8.91969966888428,"Unknown"
"7014857",371856,2025-07-04 17:31:06,43.372974395752,-8.91558265686035,"Unknown"
"7014857",371856,2025-07-04 17:37:01,43.3596572875977,-8.87957096099854,"Unknown"
"7014857",371856,2025-07-04 17:41:05,43.3559722900391,-8.85821342468262,"Unknown"
"7014857",371856,2025-07-04 17:46:35,43.359375,-8.84520244598389,"Unknown"
"7014857",371856,2025-07-04 17:51:06,43.3593101501465,-8.84526824951172,"Unknown"
"7014857",371856,2025-07-04 17:56:06,43.3593406677246,-8.84533023834229,"Unknown"
"7014857",371856,2025-07-04 18:01:06,43.359317779541,-8.8453311920166,"Unknown"
"7014857",371856,2025-07-04 18:06:06,43.3593330383301,-8.84529495239258,"Unknown"
"7014857",371856,2025-07-04 18:11:06,43.3593139648438,-8.84534931182861,"Unknown"
"7014857",371856,2025-07-04 18:16:05,43.3593521118164,-8.84534931182861,"Unknown"
"7014857",371856,2025-07-04 18:21:04,43.3593292236328,-8.8454122543335,"Unknown"
"7014857",371856,2025-07-04 18:26:06,43.3593063354492,-8.84536743164062,"Unknown"
"7014857",371856,2025-07-04 18:31:07,43.3593788146973,-8.84501266479492,"Unknown"
"7014857",371856,2025-07-04 18:36:04,43.3593406677246,-8.84519195556641,"Unknown"
"7014857",371856,2025-07-04 18:41:07,43.359504699707,-8.84496974945068,"Unknown"
"7014857",371856,2025-07-04 18:46:07,43.3594207763672,-8.84498882293701,"Unknown"
"7014857",371856,2025-07-04 18:51:07,43.3589973449707,-8.84594631195068,"Unknown"
"7014857",371856,2025-07-04 18:56:07,43.3593101501465,-8.84512615203857,"Unknown"
"7014857",371856,2025-07-04 19:01:06,43.3592834472656,-8.84479904174805,"Unknown"
"7014857",371856,2025-07-04 19:06:06,43.3593330383301,-8.84510898590088,"Unknown"
"7014857",371856,2025-07-04 19:11:06,43.3591537475586,-8.84480667114258,"Unknown"
"7014857",371856,2025-07-04 19:16:05,43.3593940734863,-8.84534454345703,"Unknown"
"7014857",371856,2025-07-04 19:21:06,43.3593559265137,-8.84532260894775,"Unknown"
"7014857",371856,2025-07-04 19:26:04,43.3593444824219,-8.84542751312256,"Unknown"
"7014857",371856,2025-07-04 19:31:04,43.3592758178711,-8.8453311920166,"Unknown"
"7014857",371856,2025-07-04 19:36:07,43.359302520752,-8.84522342681885,"Unknown"
"7014857",371856,2025-07-04 19:41:07,43.3592185974121,-8.84530925750732,"Unknown"
"7014857",371856,2025-07-04 19:46:05,43.3593864440918,-8.84528923034668,"Unknown"
"7014857",371856,2025-07-04 19:51:06,43.3614158630371,-8.83553409576416,"Unknown"
"7014857",371856,2025-07-04 19:56:04,43.3754539489746,-8.82060432434082,"Unknown"
"7014857",371856,2025-07-04 20:01:05,43.3890190124512,-8.80772495269775,"Unknown"
"7014857",371856,2025-07-04 20:06:08,43.3923416137695,-8.81123447418213,"Unknown"
"7014857",371856,2025-07-04 20:11:13,43.3917465209961,-8.81144523620605,"Unknown"
"7014857",371856,2025-07-04 20:16:06,43.3916320800781,-8.81542873382568,"Unknown"
"7014857",371856,2025-07-04 20:21:07,43.3793716430664,-8.83874893188477,"Unknown"
"7014857",371856,2025-07-04 20:26:06,43.3783302307129,-8.83847999572754,"Unknown"
"7014857",371856,2025-07-04 20:31:10,43.382381439209,-8.84808444976807,"Unknown"
"7014857",371856,2025-07-04 20:36:09,43.3592300415039,-8.84522151947021,"Unknown"
"7014857",371856,2025-07-04 20:41:09,43.3593902587891,-8.84537410736084,"Unknown"
"7014857",371856,2025-07-04 20:46:10,43.3594284057617,-8.84545040130615,"Unknown"
"7014857",371856,2025-07-04 20:51:32,43.3594284057617,-8.845383644104,"Unknown"
"7014857",371856,2025-07-04 20:56:06,43.3593482971191,-8.84532356262207,"Unknown"
"7014857",371856,2025-07-04 21:01:07,43.3592987060547,-8.84524345397949,"Unknown"
"7014857",371856,2025-07-04 21:05:23,43.3593559265137,-8.84534454345703,"Unknown"
"7014857",371856,2025-07-05 02:05:53,43.3592796325684,-8.84523105621338,"Unknown"
"7014857",371856,2025-07-05 02:42:21,43.3594436645508,-8.84534740447998,"Unknown"
"7014857",371856,2025-07-05 02:47:20,43.3590240478516,-8.84505271911621,"Unknown"
"7014857",371856,2025-07-05 02:52:21,43.3590278625488,-8.84500694274902,"Unknown"
"7014857",371856,2025-07-05 02:57:22,43.3591651916504,-8.84506797790527,"Unknown"
"7014857",371856,2025-07-05 03:02:30,43.3594245910645,-8.84532260894775,"Unknown"
"7014857",371856,2025-07-05 03:07:31,43.3594055175781,-8.84534549713135,"Unknown"
"7014857",371856,2025-07-05 03:12:23,43.3599548339844,-8.84584999084473,"Unknown"
"7014857",371856,2025-07-05 03:17:28,43.3591041564941,-8.84521007537842,"Unknown"
"7014857",371856,2025-07-05 03:22:24,43.359058380127,-8.84517860412598,"Unknown"
"7014857",371856,2025-07-05 03:27:53,43.3593292236328,-8.84527206420898,"Unknown"
"7014857",371856,2025-07-05 03:32:19,43.3592948913574,-8.8453197479248,"Unknown"
"7014857",371856,2025-07-05 03:37:21,43.3593673706055,-8.84524917602539,"Unknown"
"7014857",371856,2025-07-05 03:42:21,43.3592948913574,-8.84538555145264,"Unknown"
"7014857",371856,2025-07-05 03:47:19,43.3593597412109,-8.84527015686035,"Unknown"
"7014857",371856,2025-07-05 03:52:19,43.3593864440918,-8.84528350830078,"Unknown"
"7014857",371856,2025-07-05 03:57:19,43.359302520752,-8.8453311920166,"Unknown"
"7014857",371856,2025-07-05 04:02:19,43.3592834472656,-8.84524536132812,"Unknown"
"7014857",371856,2025-07-05 04:07:19,43.3592529296875,-8.84524631500244,"Unknown"
"7014857",371856,2025-07-05 04:12:19,43.3592643737793,-8.84527397155762,"Unknown"
"7014857",371856,2025-07-05 04:17:19,43.3593292236328,-8.84521579742432,"Unknown"
"7014857",371856,2025-07-05 04:22:19,43.3592948913574,-8.84529590606689,"Unknown"
"7014857",371856,2025-07-05 04:27:19,43.3593368530273,-8.84527683258057,"Unknown"
"7014857",371856,2025-07-05 04:32:20,43.3593254089355,-8.84519672393799,"Unknown"
"7014857",371856,2025-07-05 04:37:19,43.3594131469727,-8.84519672393799,"Unknown"
"7014857",371856,2025-07-05 04:42:40,43.327335357666,-8.85086250305176,"Unknown"
"7014857",371856,2025-07-05 04:47:21,43.3049736022949,-8.84690761566162,"Unknown"
"7014857",371856,2025-07-05 04:52:22,43.3141021728516,-8.85685253143311,"Unknown"
"7014857",371856,2025-07-05 04:57:44,43.3149299621582,-8.85709762573242,"Unknown"
"7014857",371856,2025-07-05 05:02:22,43.3052101135254,-8.84583854675293,"Unknown"
"7014857",371856,2025-07-05 05:07:50,43.3043975830078,-8.84527111053467,"Unknown"
"7014857",371856,2025-07-05 05:13:04,43.3044128417969,-8.84538555145264,"Unknown"
"7014857",371856,2025-07-05 05:18:43,43.3043975830078,-8.84472179412842,"Unknown"
"7014857",371856,2025-07-05 05:22:56,43.3042945861816,-8.84529685974121,"Unknown"
"7014857",371856,2025-07-05 05:27:34,43.3044242858887,-8.84526538848877,"Unknown"
"7014857",371856,2025-07-05 05:32:20,43.3073348999023,-8.84833908081055,"Unknown"
"7014857",371856,2025-07-05 05:37:22,43.2892532348633,-8.8577823638916,"Unknown"
"7014857",371856,2025-07-05 05:42:30,43.2842407226562,-8.85431098937988,"Unknown"
"7014857",371856,2025-07-05 05:48:43,43.284294128418,-8.85443019866943,"Unknown"
"7014857",371856,2025-07-05 05:57:53,43.2843322753906,-8.85435676574707,"Unknown"
"7014857",371856,2025-07-05 06:02:37,43.284309387207,-8.85430145263672,"Unknown"
"7014857",371856,2025-07-05 06:07:33,43.2842750549316,-8.85437297821045,"Unknown"
"7014857",371856,2025-07-05 06:12:21,43.2919044494629,-8.86278820037842,"Unknown"
"7014857",371856,2025-07-05 06:17:30,43.3141555786133,-8.85695648193359,"Unknown"
"7014857",371856,2025-07-05 06:22:20,43.315975189209,-8.85711002349854,"Unknown"
"7014857",371856,2025-07-05 06:27:32,43.3335075378418,-8.84863758087158,"Unknown"
"7014857",371856,2025-07-05 06:32:20,43.3471069335938,-8.83958053588867,"Unknown"
"7014857",371856,2025-07-05 06:37:30,43.3594589233398,-8.84566402435303,"Unknown"
"7014857",371856,2025-07-05 06:42:22,43.3594093322754,-8.84524631500244,"Unknown"
"7014857",371856,2025-07-05 06:47:53,43.3593902587891,-8.84523391723633,"Unknown"
"7014857",371856,2025-07-05 06:52:20,43.3593635559082,-8.84523105621338,"Unknown"
"7014857",371856,2025-07-05 06:57:19,43.3594398498535,-8.8454008102417,"Unknown"
"7014857",371856,2025-07-05 07:02:19,43.3594436645508,-8.84531497955322,"Unknown"
"7014857",371856,2025-07-05 07:07:20,43.3444061279297,-8.83879947662354,"Unknown"
"7014857",371856,2025-07-05 07:12:21,43.3019104003906,-8.84718799591064,"Unknown"
"7014857",371856,2025-07-05 07:17:37,43.2843246459961,-8.8544750213623,"Unknown"
"7014857",371856,2025-07-05 07:23:15,43.2843704223633,-8.85446262359619,"Unknown"
"7014857",371856,2025-07-05 07:27:50,43.284294128418,-8.85454177856445,"Unknown"
"7014857",371856,2025-07-05 07:32:27,43.2843475341797,-8.85428619384766,"Unknown"
"7014857",371856,2025-07-05 07:37:41,43.2843856811523,-8.85442447662354,"Unknown"
"7014857",371856,2025-07-05 07:42:30,43.2842636108398,-8.85439300537109,"Unknown"
"7014857",371856,2025-07-05 07:47:33,43.2844543457031,-8.85442352294922,"Unknown"
"7014857",371856,2025-07-05 07:52:20,43.2843284606934,-8.85457324981689,"Unknown"
"7014857",371856,2025-07-05 07:57:20,43.2992324829102,-8.85799026489258,"Unknown"
"7014857",371856,2025-07-05 08:02:21,43.3067474365234,-8.84614181518555,"Unknown"
"7014857",371856,2025-07-05 08:07:22,43.3207054138184,-8.84670066833496,"Unknown"
"7014857",371856,2025-07-05 08:12:22,43.3413276672363,-8.84395885467529,"Unknown"
"7014857",371856,2025-07-05 08:17:21,43.3532524108887,-8.84890937805176,"Unknown"
"7014857",371856,2025-07-05 08:22:21,43.3594398498535,-8.84546089172363,"Unknown"
"7014857",371856,2025-07-05 08:27:22,43.3594741821289,-8.84627723693848,"Unknown"
"7014857",371856,2025-07-05 08:32:23,43.3593482971191,-8.84545612335205,"Unknown"
"7014857",371856,2025-07-05 08:37:23,43.3593864440918,-8.84543609619141,"Unknown"
"7014857",371856,2025-07-05 08:42:21,43.3592491149902,-8.84610939025879,"Unknown"
"7014857",371856,2025-07-05 08:47:21,43.3162384033203,-8.8392276763916,"Unknown"
"7014857",371856,2025-07-05 08:52:21,43.3067321777344,-8.84104824066162,"Unknown"
"7014857",371856,2025-07-05 08:57:21,43.2887268066406,-8.85944271087646,"Unknown"
"7014857",371856,2025-07-05 09:02:32,43.2842102050781,-8.85443115234375,"Unknown"
"7014857",371856,2025-07-05 09:07:30,43.284481048584,-8.85449314117432,"Unknown"
"7014857",371856,2025-07-05 09:13:23,43.2844886779785,-8.85446166992188,"Unknown"
"7014857",371856,2025-07-05 09:17:30,43.2845268249512,-8.85440349578857,"Unknown"
"7014857",371856,2025-07-05 09:22:25,43.2846336364746,-8.85446357727051,"Unknown"
"7014857",371856,2025-07-05 09:27:24,43.2845001220703,-8.85432910919189,"Unknown"
"7014857",371856,2025-07-05 09:32:22,43.2845497131348,-8.85435962677002,"Unknown"
"7014857",371856,2025-07-05 09:37:29,43.2844848632812,-8.85440254211426,"Unknown"
"7014857",371856,2025-07-05 09:42:21,43.2844924926758,-8.85429954528809,"Unknown"
"7014857",371856,2025-07-05 09:47:55,43.2844276428223,-8.85436630249023,"Unknown"
"7014857",371856,2025-07-05 09:52:20,43.2936058044434,-8.85791110992432,"Unknown"
"7014857",371856,2025-07-05 09:57:19,43.3149108886719,-8.85730457305908,"Unknown"
"7014857",371856,2025-07-05 10:02:20,43.3332099914551,-8.84731292724609,"Unknown"
"7014857",371856,2025-07-05 10:07:19,43.3498649597168,-8.85118007659912,"Unknown"
"7014857",371856,2025-07-05 10:12:20,43.3593482971191,-8.84533977508545,"Unknown"
"7014857",371856,2025-07-05 10:17:19,43.3594093322754,-8.84518623352051,"Unknown"
"7014857",371856,2025-07-05 10:22:23,43.3593292236328,-8.84545421600342,"Unknown"
"7014857",371856,2025-07-05 10:27:30,43.3593559265137,-8.84565734863281,"Unknown"
"7014857",371856,2025-07-05 10:32:25,43.3592948913574,-8.84556674957275,"Unknown"
"7014857",371856,2025-07-05 10:37:20,43.343692779541,-8.83778381347656,"Unknown"
"7014857",371856,2025-07-05 10:42:21,43.3058013916016,-8.83088779449463,"Unknown"
"7014857",371856,2025-07-05 10:47:21,43.2935218811035,-8.83952236175537,"Unknown"
"7014857",371856,2025-07-05 10:52:22,43.294116973877,-8.83936595916748,"Unknown"
"7014857",371856,2025-07-05 10:57:21,43.2959136962891,-8.84100437164307,"Unknown"
"7014857",371856,2025-07-05 11:02:20,43.2917327880859,-8.85704708099365,"Unknown"
"7014857",371856,2025-07-05 11:07:41,43.2842750549316,-8.85442352294922,"Unknown"
"7014857",371856,2025-07-05 11:12:25,43.2843170166016,-8.85476398468018,"Unknown"
"7014857",371856,2025-07-05 11:17:30,43.2842216491699,-8.85458469390869,"Unknown"
"7014857",371856,2025-07-05 11:22:36,43.2834777832031,-8.85418319702148,"Unknown"
"7014857",371856,2025-07-05 11:27:31,43.2841644287109,-8.85450458526611,"Unknown"
"7014857",371856,2025-07-05 11:32:25,43.2840576171875,-8.85441780090332,"Unknown"
"7014857",371856,2025-07-05 11:37:23,43.2844848632812,-8.85437393188477,"Unknown"
"7014857",371856,2025-07-05 11:42:49,43.2841262817383,-8.85439014434814,"Unknown"
"7014857",371856,2025-07-05 11:47:44,43.2844200134277,-8.8543062210083,"Unknown"
"7014857",371856,2025-07-05 11:52:51,43.284309387207,-8.85453605651855,"Unknown"
"7014857",371856,2025-07-05 11:58:09,43.2848205566406,-8.85454273223877,"Unknown"
"7014857",371856,2025-07-05 12:02:32,43.2842063903809,-8.85405540466309,"Unknown"
"7014857",371856,2025-07-05 12:12:50,43.2924308776855,-8.85185432434082,"Unknown"
"7014857",371856,2025-07-05 12:17:22,43.3081817626953,-8.84975719451904,"Unknown"
"7014857",371856,2025-07-05 12:22:53,43.3142509460449,-8.85688877105713,"Unknown"
"7014857",371856,2025-07-05 12:27:19,43.314281463623,-8.8569221496582,"Unknown"
"7014857",371856,2025-07-05 12:32:23,43.3140335083008,-8.85698413848877,"Unknown"
"7014857",371856,2025-07-05 12:37:21,43.3166465759277,-8.86255741119385,"Unknown"
"7014857",371856,2025-07-05 12:42:27,43.3196105957031,-8.85894203186035,"Unknown"
"7014857",371856,2025-07-05 12:47:42,43.3330192565918,-8.84537506103516,"Unknown"
"7014857",371856,2025-07-05 12:52:20,43.3439025878906,-8.83393096923828,"Unknown"
"7014857",371856,2025-07-05 12:57:23,43.3608055114746,-8.84317302703857,"Unknown"
"7014857",371856,2025-07-05 13:02:21,43.3740882873535,-8.8641185760498,"Unknown"
"7014857",371856,2025-07-05 13:07:21,43.3593711853027,-8.84521007537842,"Unknown"
"7014857",371856,2025-07-05 13:12:22,43.3591613769531,-8.83033657073975,"Unknown"
"7014857",371856,2025-07-05 13:17:24,43.327995300293,-8.82038593292236,"Unknown"
"7014857",371856,2025-07-05 13:22:22,43.3012161254883,-8.77871227264404,"Unknown"
"7014857",371856,2025-07-05 13:27:28,43.2978858947754,-8.73645782470703,"Unknown"
"7014857",371856,2025-07-05 13:32:25,43.2933654785156,-8.69464015960693,"Unknown"
"7014857",371856,2025-07-05 13:37:21,43.2840461730957,-8.68542957305908,"Unknown"
"7014857",371856,2025-07-05 13:42:31,43.2703056335449,-8.6608829498291,"Unknown"
"7014857",371856,2025-07-05 13:47:23,43.2377700805664,-8.6347484588623,"Unknown"
"7014857",371856,2025-07-05 13:52:23,43.2178955078125,-8.61074447631836,"Unknown"
"7014857",371856,2025-07-05 13:57:22,43.2146797180176,-8.57754135131836,"Unknown"
"7014857",371856,2025-07-05 14:02:53,43.2081336975098,-8.53745174407959,"Unknown"
"7014857",371856,2025-07-05 14:07:22,43.2063255310059,-8.52045440673828,"Unknown"
"7014857",371856,2025-07-05 14:12:25,43.1735687255859,-8.49462032318115,"Unknown"
"7014857",371856,2025-07-05 14:17:22,43.1388740539551,-8.47318935394287,"Unknown"
"7014857",371856,2025-07-05 14:23:05,43.1301345825195,-8.47206974029541,"Unknown"
"7014857",371856,2025-07-05 14:27:22,43.1299667358398,-8.47190380096436,"Unknown"
"7014857",371856,2025-07-05 14:32:28,43.1299743652344,-8.47185611724854,"Unknown"
"7014857",371856,2025-07-05 14:37:30,43.1301307678223,-8.4719123840332,"Unknown"
"7014857",371856,2025-07-05 14:42:21,43.130241394043,-8.47202301025391,"Unknown"
"7014857",371856,2025-07-05 14:47:44,43.1300888061523,-8.47195148468018,"Unknown"
"7014857",371856,2025-07-05 14:52:24,43.1304397583008,-8.47153472900391,"Unknown"
"7014857",371856,2025-07-05 14:57:29,43.1305274963379,-8.47140216827393,"Unknown"
"7014857",371856,2025-07-05 15:02:36,43.1328620910645,-8.46879100799561,"Unknown"
"7014857",371856,2025-07-05 15:07:22,43.1337776184082,-8.46934509277344,"Unknown"
"7014857",371856,2025-07-05 15:12:22,43.1335945129395,-8.46928024291992,"Unknown"
"7014857",371856,2025-07-05 15:17:44,43.1334915161133,-8.46906757354736,"Unknown"
"7014857",371856,2025-07-05 15:22:23,43.1339492797852,-8.47019290924072,"Unknown"
"7014857",371856,2025-07-05 15:27:24,43.1337280273438,-8.47015857696533,"Unknown"
"7014857",371856,2025-07-05 15:32:30,43.1338272094727,-8.47016906738281,"Unknown"
"7014857",371856,2025-07-05 15:37:44,43.1338653564453,-8.47029304504395,"Unknown"
"7014857",371856,2025-07-05 15:42:19,43.1339378356934,-8.47041320800781,"Unknown"
"7014857",371856,2025-07-05 15:47:59,43.133602142334,-8.46634197235107,"Unknown"
"7014857",371856,2025-07-05 15:52:28,43.1250228881836,-8.48120594024658,"Unknown"
"7014857",371856,2025-07-05 15:57:21,43.0988731384277,-8.49404048919678,"Unknown"
"7014857",371856,2025-07-05 16:02:44,43.0997543334961,-8.49641418457031,"Unknown"
"7014857",371856,2025-07-05 16:07:20,43.1016616821289,-8.50280952453613,"Unknown"
"7014857",371856,2025-07-05 16:12:25,43.103588104248,-8.52286338806152,"Unknown"
"7014857",371856,2025-07-05 16:17:20,43.1189918518066,-8.53511428833008,"Unknown"
"7014857",371856,2025-07-05 16:22:19,43.1371078491211,-8.55465126037598,"Unknown"
"7014857",371856,2025-07-05 16:27:21,43.1566314697266,-8.56583690643311,"Unknown"
"7014857",371856,2025-07-05 16:32:21,43.1774291992188,-8.58496570587158,"Unknown"
"7014857",371856,2025-07-05 16:37:20,43.1980133056641,-8.60508060455322,"Unknown"
"7014857",371856,2025-07-05 16:42:27,43.2164497375488,-8.62927532196045,"Unknown"
"7014857",371856,2025-07-05 16:47:44,43.239372253418,-8.64366626739502,"Unknown"
"7014857",371856,2025-07-05 16:52:24,43.2601737976074,-8.6570520401001,"Unknown"
"7014857",371856,2025-07-05 16:57:21,43.2838287353516,-8.68110084533691,"Unknown"
"7014857",371856,2025-07-05 17:02:23,43.3006973266602,-8.72262668609619,"Unknown"
"7014857",371856,2025-07-05 17:07:22,43.3000297546387,-8.77587413787842,"Unknown"
"7014857",371856,2025-07-05 17:12:20,43.3197631835938,-8.80607795715332,"Unknown"
"7014857",371856,2025-07-05 17:17:30,43.3405952453613,-8.83028030395508,"Unknown"
"7014857",371856,2025-07-05 17:22:30,43.3591613769531,-8.84525775909424,"Unknown"
"7014857",371856,2025-07-05 17:27:22,43.360523223877,-8.84660625457764,"Unknown"
"7014857",371856,2025-07-05 17:33:23,43.3662033081055,-8.84884357452393,"Unknown"
"7014857",371856,2025-07-05 17:37:21,43.3594932556152,-8.84525394439697,"Unknown"
"7014857",371856,2025-07-05 17:42:20,43.3592834472656,-8.84488868713379,"Unknown"
"7014857",371856,2025-07-05 17:47:20,43.3592643737793,-8.84492492675781,"Unknown"
"7014857",371856,2025-07-05 17:52:20,43.3591384887695,-8.84475326538086,"Unknown"
"7014857",371856,2025-07-05 17:57:19,43.3600578308105,-8.84662342071533,"Unknown"
"7014857",371856,2025-07-05 18:02:20,43.3428993225098,-8.81889533996582,"Unknown"
"7014857",371856,2025-07-05 18:07:20,43.3131713867188,-8.80180740356445,"Unknown"
"7014857",371856,2025-07-05 18:12:22,43.2989807128906,-8.76408576965332,"Unknown"
"7014857",371856,2025-07-05 18:17:23,43.2949562072754,-8.72271060943604,"Unknown"
"7014857",371856,2025-07-05 18:22:23,43.2914009094238,-8.69614315032959,"Unknown"
"7014857",371856,2025-07-05 18:27:21,43.2893295288086,-8.68633556365967,"Unknown"
"7014857",371856,2025-07-05 18:32:22,43.2685623168945,-8.66265296936035,"Unknown"
"7014857",371856,2025-07-05 18:37:20,43.2458686828613,-8.63253307342529,"Unknown"
"7014857",371856,2025-07-05 18:42:20,43.2194557189941,-8.60677719116211,"Unknown"
"7014857",371856,2025-07-05 18:47:20,43.2016525268555,-8.58156394958496,"Unknown"
"7014857",371856,2025-07-05 18:52:21,43.1916351318359,-8.57074737548828,"Unknown"
"7014857",371856,2025-07-05 18:57:21,43.1703720092773,-8.54007434844971,"Unknown"
"7014857",371856,2025-07-05 19:02:23,43.1502990722656,-8.50178623199463,"Unknown"
"7014857",371856,2025-07-05 19:07:28,43.1305084228516,-8.47127532958984,"Unknown"
"7014857",371856,2025-07-05 19:12:21,43.1304397583008,-8.47133731842041,"Unknown"
"7014857",371856,2025-07-05 19:17:21,43.1303634643555,-8.4711389541626,"Unknown"
"7014857",371856,2025-07-05 19:22:44,43.130558013916,-8.471022605896,"Unknown"
"7014857",371856,2025-07-05 19:27:28,43.1300010681152,-8.47098636627197,"Unknown"
"7014857",371856,2025-07-05 19:32:30,43.1303291320801,-8.471116065979,"Unknown"
"7014857",371856,2025-07-05 19:37:53,43.1304168701172,-8.4711446762085,"Unknown"
"7014857",371856,2025-07-05 19:42:21,43.1304588317871,-8.47116851806641,"Unknown"
"7014857",371856,2025-07-05 19:47:33,43.1303329467773,-8.47131156921387,"Unknown"
"7014857",371856,2025-07-05 19:52:44,43.1302947998047,-8.47141361236572,"Unknown"
"7014857",371856,2025-07-05 19:57:30,43.1302452087402,-8.47097492218018,"Unknown"
"7014857",371856,2025-07-05 20:02:20,43.1303939819336,-8.47120571136475,"Unknown"
"7014857",371856,2025-07-05 20:07:23,43.1303558349609,-8.47114181518555,"Unknown"
"7014857",371856,2025-07-05 20:12:21,43.1301307678223,-8.47159481048584,"Unknown"
"7014857",371856,2025-07-05 20:17:20,43.1303215026855,-8.47172260284424,"Unknown"
"7014857",371856,2025-07-05 20:22:22,43.130443572998,-8.47148132324219,"Unknown"
"7014857",371856,2025-07-05 20:27:28,43.1305999755859,-8.47234344482422,"Unknown"
"7014857",371856,2025-07-05 20:32:24,43.1315650939941,-8.47998142242432,"Unknown"
"7014857",371856,2025-07-05 20:37:23,43.1330032348633,-8.5137767791748,"Unknown"
"7014857",371856,2025-07-05 20:42:32,43.1403350830078,-8.54552555084229,"Unknown"
"7014857",371856,2025-07-05 20:47:54,43.1585426330566,-8.56863594055176,"Unknown"
"7014857",371856,2025-07-05 20:52:21,43.1712417602539,-8.59722709655762,"Unknown"
"7014857",371856,2025-07-05 20:57:21,43.1898422241211,-8.62833786010742,"Unknown"
"7014857",371856,2025-07-05 21:03:18,43.212459564209,-8.67043113708496,"Unknown"
"7014857",371856,2025-07-06 02:03:46,43.359302520752,-8.84522438049316,"Unknown"
"7014857",371856,2025-07-06 02:44:25,43.3593368530273,-8.84546756744385,"Unknown"
"7014857",371856,2025-07-06 02:49:36,43.3592071533203,-8.84530162811279,"Unknown"
"7014857",371856,2025-07-06 02:54:14,43.3590888977051,-8.84540176391602,"Unknown"
"7014857",371856,2025-07-06 02:59:14,43.3591117858887,-8.84542942047119,"Unknown"
"7014857",371856,2025-07-06 03:04:14,43.359073638916,-8.84553050994873,"Unknown"
"7014857",371856,2025-07-06 03:09:14,43.3591041564941,-8.84536361694336,"Unknown"
"7014857",371856,2025-07-06 03:14:15,43.3590660095215,-8.84550189971924,"Unknown"
"7014857",371856,2025-07-06 03:19:16,43.3590316772461,-8.84550189971924,"Unknown"
"7014857",371856,2025-07-06 03:24:35,43.3591194152832,-8.84541606903076,"Unknown"
"7014857",371856,2025-07-06 03:29:35,43.359375,-8.8451566696167,"Unknown"
"7014857",371856,2025-07-06 03:34:17,43.3592529296875,-8.84504699707031,"Unknown"
"7014857",371856,2025-07-06 03:39:18,43.3595581054688,-8.8450927734375,"Unknown"
"7014857",371856,2025-07-06 03:44:16,43.3594551086426,-8.84508991241455,"Unknown"
"7014857",371856,2025-07-06 03:49:16,43.3593635559082,-8.84506702423096,"Unknown"
"7014857",371856,2025-07-06 03:54:14,43.3594169616699,-8.8450403213501,"Unknown"
"7014857",371856,2025-07-06 03:59:18,43.359432220459,-8.84508514404297,"Unknown"
"7014857",371856,2025-07-06 04:04:15,43.3790321350098,-8.85953330993652,"Unknown"
"7014857",371856,2025-07-06 04:09:14,43.4038505554199,-8.88784408569336,"Unknown"
"7014857",371856,2025-07-06 04:14:14,43.4277305603027,-8.9153003692627,"Unknown"
"7014857",371856,2025-07-06 04:19:15,43.4420318603516,-8.94558238983154,"Unknown"
"7014857",371856,2025-07-06 04:24:16,43.4425392150879,-8.94654369354248,"Unknown"
"7014857",371856,2025-07-06 04:29:15,43.4668846130371,-8.96478462219238,"Unknown"
"7014857",371856,2025-07-06 04:34:14,43.4942092895508,-8.97693347930908,"Unknown"
"7014857",371856,2025-07-06 04:39:16,43.5189781188965,-8.99081325531006,"Unknown"
"7014857",371856,2025-07-06 04:44:14,43.545581817627,-9.00168228149414,"Unknown"
"7014857",371856,2025-07-06 04:49:15,43.5688285827637,-9.01034355163574,"Unknown"
"7014857",371856,2025-07-06 04:54:19,43.5946617126465,-8.99466705322266,"Unknown"
"7014857",371856,2025-07-06 04:59:22,43.6095008850098,-8.98275279998779,"Unknown"
"7014857",371856,2025-07-06 05:04:24,43.5896339416504,-8.97106266021729,"Unknown"
"7014857",371856,2025-07-06 05:09:22,43.561695098877,-8.9491081237793,"Unknown"
"7014857",371856,2025-07-06 05:14:20,43.5356330871582,-8.9468412399292,"Unknown"
"7014857",371856,2025-07-06 05:19:16,43.510383605957,-8.93915748596191,"Unknown"
"7014857",371856,2025-07-06 05:24:16,43.4852180480957,-8.94749355316162,"Unknown"
"7014857",371856,2025-07-06 05:29:25,43.4565620422363,-8.95399951934814,"Unknown"
"7014857",371856,2025-07-06 05:34:16,43.4289970397949,-8.94843101501465,"Unknown"
"7014857",371856,2025-07-06 05:39:17,43.4103126525879,-8.91198348999023,"Unknown"
"7014857",371856,2025-07-06 05:44:52,43.3890838623047,-8.87924766540527,"Unknown"
"7014857",371856,2025-07-06 05:49:15,43.3717613220215,-8.85427188873291,"Unknown"
"7014857",371856,2025-07-06 05:54:17,43.3590240478516,-8.84602069854736,"Unknown"
"7014857",371856,2025-07-06 05:59:22,43.3593139648438,-8.84522724151611,"Unknown"
"7014857",371856,2025-07-06 06:04:18,43.3593406677246,-8.84523010253906,"Unknown"
"7014857",371856,2025-07-06 06:09:25,43.3593482971191,-8.84521675109863,"Unknown"
"7014857",371856,2025-07-06 06:14:17,43.3477020263672,-8.84579658508301,"Unknown"
"7014857",371856,2025-07-06 06:19:20,43.3198051452637,-8.84437561035156,"Unknown"
"7014857",371856,2025-07-06 06:24:26,43.3045921325684,-8.84541988372803,"Unknown"
"7014857",371856,2025-07-06 06:29:25,43.2897033691406,-8.85498809814453,"Unknown"
"7014857",371856,2025-07-06 06:34:35,43.2842407226562,-8.85432052612305,"Unknown"
"7014857",371856,2025-07-06 06:39:17,43.2839012145996,-8.85342788696289,"Unknown"
"7014857",371856,2025-07-06 06:44:25,43.2840995788574,-8.85429763793945,"Unknown"
"7014857",371856,2025-07-06 06:49:27,43.2842903137207,-8.85443878173828,"Unknown"
"7014857",371856,2025-07-06 06:54:31,43.2842407226562,-8.85452556610107,"Unknown"
"7014857",371856,2025-07-06 07:00:33,43.2842216491699,-8.85442924499512,"Unknown"
"7014857",371856,2025-07-06 07:05:05,43.2841949462891,-8.85461616516113,"Unknown"
"7014857",371856,2025-07-06 07:09:18,43.2843132019043,-8.85452461242676,"Unknown"
"7014857",371856,2025-07-06 07:14:20,43.2843437194824,-8.85442066192627,"Unknown"
"7014857",371856,2025-07-06 07:19:18,43.2842674255371,-8.85448455810547,"Unknown"
"7014857",371856,2025-07-06 07:24:14,43.3134460449219,-8.85697937011719,"Unknown"
"7014857",371856,2025-07-06 07:29:25,43.3144645690918,-8.85692596435547,"Unknown"
"7014857",371856,2025-07-06 07:34:14,43.3269119262695,-8.85158920288086,"Unknown"
"7014857",371856,2025-07-06 07:39:15,43.3592300415039,-8.84560394287109,"Unknown"
"7014857",371856,2025-07-06 07:44:25,43.3591728210449,-8.84505558013916,"Unknown"
"7014857",371856,2025-07-06 07:49:32,43.3592834472656,-8.84530162811279,"Unknown"
"7014857",371856,2025-07-06 07:54:16,43.3592872619629,-8.84529590606689,"Unknown"
"7014857",371856,2025-07-06 07:59:24,43.3593215942383,-8.84531307220459,"Unknown"
"7014857",371856,2025-07-06 08:04:14,43.3592224121094,-8.84523677825928,"Unknown"
"7014857",371856,2025-07-06 08:09:36,43.3532524108887,-8.84502124786377,"Unknown"
"7014857",371856,2025-07-06 08:14:14,43.3249588012695,-8.84303760528564,"Unknown"
"7014857",371856,2025-07-06 08:19:14,43.2955551147461,-8.85317897796631,"Unknown"
"7014857",371856,2025-07-06 08:24:24,43.2843933105469,-8.85434246063232,"Unknown"
"7014857",371856,2025-07-06 08:29:47,43.2843284606934,-8.85438251495361,"Unknown"
"7014857",371856,2025-07-06 08:34:31,43.2844848632812,-8.85440254211426,"Unknown"
"7014857",371856,2025-07-06 08:39:26,43.2844390869141,-8.85435390472412,"Unknown"
"7014857",371856,2025-07-06 08:44:43,43.2843208312988,-8.85436820983887,"Unknown"
"7014857",371856,2025-07-06 08:49:35,43.2840194702148,-8.85428810119629,"Unknown"
"7014857",371856,2025-07-06 08:54:15,43.2840042114258,-8.85429096221924,"Unknown"
"7014857",371856,2025-07-06 08:59:15,43.2839508056641,-8.85429763793945,"Unknown"
"7014857",371856,2025-07-06 09:04:14,43.2839813232422,-8.85426425933838,"Unknown"
"7014857",371856,2025-07-06 09:09:15,43.2840728759766,-8.85429382324219,"Unknown"
"7014857",371856,2025-07-06 09:14:18,43.2842559814453,-8.85428810119629,"Unknown"
"7014857",371856,2025-07-06 09:19:15,43.284107208252,-8.8543586730957,"Unknown"
"7014857",371856,2025-07-06 09:24:14,43.2842750549316,-8.85435009002686,"Unknown"
"7014857",371856,2025-07-06 09:29:17,43.2843360900879,-8.85430812835693,"Unknown"
"7014857",371856,2025-07-06 09:34:16,43.2843170166016,-8.85431575775146,"Unknown"
"7014857",371856,2025-07-06 09:39:16,43.2843818664551,-8.85434436798096,"Unknown"
"7014857",371856,2025-07-06 09:44:15,43.2993583679199,-8.85539722442627,"Unknown"
"7014857",371856,2025-07-06 09:49:15,43.3292694091797,-8.84620094299316,"Unknown"
"7014857",371856,2025-07-06 09:54:15,43.3594627380371,-8.84520149230957,"Unknown"
"7014857",371856,2025-07-06 09:59:15,43.3593635559082,-8.84537506103516,"Unknown"
"7014857",371856,2025-07-06 10:04:18,43.3592262268066,-8.84531307220459,"Unknown"
"7014857",371856,2025-07-06 10:09:23,43.3593254089355,-8.8454532623291,"Unknown"
"7014857",371856,2025-07-06 10:14:14,43.3586616516113,-8.84543418884277,"Unknown"
"7014857",371856,2025-07-06 10:19:14,43.3516311645508,-8.84393119812012,"Unknown"
"7014857",371856,2025-07-06 10:24:14,43.3247833251953,-8.84358406066895,"Unknown"
"7014857",371856,2025-07-06 10:29:18,43.3045234680176,-8.84539413452148,"Unknown"
"7014857",371856,2025-07-06 10:34:16,43.3042984008789,-8.84525871276855,"Unknown"
"7014857",371856,2025-07-06 10:39:17,43.3044891357422,-8.84561443328857,"Unknown"
"7014857",371856,2025-07-06 10:44:23,43.3045768737793,-8.845627784729,"Unknown"
"7014857",371856,2025-07-06 10:49:31,43.3044891357422,-8.84539031982422,"Unknown"
"7014857",371856,2025-07-06 10:54:16,43.3044967651367,-8.84513473510742,"Unknown"
"7014857",371856,2025-07-06 10:59:20,43.3044319152832,-8.84535312652588,"Unknown"
"7014857",371856,2025-07-06 11:04:23,43.3043937683105,-8.84543037414551,"Unknown"
"7014857",371856,2025-07-06 11:09:18,43.3042678833008,-8.8454122543335,"Unknown"
"7014857",371856,2025-07-06 11:14:14,43.2957420349121,-8.85418891906738,"Unknown"
"7014857",371856,2025-07-06 11:19:17,43.2842483520508,-8.85450553894043,"Unknown"
"7014857",371856,2025-07-06 11:24:14,43.2842254638672,-8.85445022583008,"Unknown"
"7014857",371856,2025-07-06 11:29:20,43.2845993041992,-8.85449409484863,"Unknown"
"7014857",371856,2025-07-06 11:34:16,43.2837333679199,-8.85475063323975,"Unknown"
"7014857",371856,2025-07-06 11:39:17,43.283863067627,-8.85484409332275,"Unknown"
"7014857",371856,2025-07-06 11:44:16,43.2837791442871,-8.85485363006592,"Unknown"
"7014857",371856,2025-07-06 11:49:25,43.2839126586914,-8.85466480255127,"Unknown"
"7014857",371856,2025-07-06 11:54:35,43.2841835021973,-8.85463428497314,"Unknown"
"7014857",371856,2025-07-06 11:59:26,43.2842292785645,-8.85482692718506,"Unknown"
"7014857",371856,2025-07-06 12:05:38,43.2844200134277,-8.85445594787598,"Unknown"
"7014857",371856,2025-07-06 12:10:38,43.2843780517578,-8.8543529510498,"Unknown"
"7014857",371856,2025-07-06 12:15:14,43.2843894958496,-8.85432243347168,"Unknown"
"7014857",371856,2025-07-06 12:19:28,43.2844047546387,-8.85426807403564,"Unknown"
"7014857",371856,2025-07-06 12:24:19,43.2840576171875,-8.85419845581055,"Unknown"
"7014857",371856,2025-07-06 12:29:22,43.2842979431152,-8.85435199737549,"Unknown"
"7014857",371856,2025-07-06 12:34:18,43.2842597961426,-8.85435962677002,"Unknown"
"7014857",371856,2025-07-06 12:39:18,43.2845764160156,-8.854660987854,"Unknown"
"7014857",371856,2025-07-06 12:44:59,43.3042869567871,-8.84557437896729,"Unknown"
"7014857",371856,2025-07-06 12:50:34,43.3049163818359,-8.84542274475098,"Unknown"
"7014857",371856,2025-07-06 12:54:35,43.3135070800781,-8.85756587982178,"Unknown"
"7014857",371856,2025-07-06 12:59:14,43.3135604858398,-8.85774230957031,"Unknown"
"7014857",371856,2025-07-06 13:04:14,43.3220558166504,-8.85472965240479,"Unknown"
"7014857",371856,2025-07-06 13:09:14,43.3557662963867,-8.84514904022217,"Unknown"
"7014857",371856,2025-07-06 13:14:18,43.3592109680176,-8.84524440765381,"Unknown"
"7014857",371856,2025-07-06 13:19:19,43.359432220459,-8.84543704986572,"Unknown"
"7014857",371856,2025-07-06 13:24:19,43.3593444824219,-8.84521198272705,"Unknown"
"7014857",371856,2025-07-06 13:29:29,43.3593139648438,-8.84516906738281,"Unknown"
"7014857",371856,2025-07-06 13:34:14,43.3593101501465,-8.84510612487793,"Unknown"
"7014857",371856,2025-07-06 13:39:14,43.3594131469727,-8.84526538848877,"Unknown"
"7014857",371856,2025-07-06 13:44:17,43.3594017028809,-8.84535694122314,"Unknown"
"7014857",371856,2025-07-06 13:49:20,43.3592376708984,-8.84515476226807,"Unknown"
"7014857",371856,2025-07-06 13:54:25,43.3591613769531,-8.84501838684082,"Unknown"
"7014857",371856,2025-07-06 13:59:26,43.3592071533203,-8.84500598907471,"Unknown"
"7014857",371856,2025-07-06 14:04:35,43.3593597412109,-8.84515762329102,"Unknown"
"7014857",371856,2025-07-06 14:09:14,43.3411750793457,-8.84287071228027,"Unknown"
"7014857",371856,2025-07-06 14:14:15,43.3149375915527,-8.8346529006958,"Unknown"
"7014857",371856,2025-07-06 14:19:15,43.309211730957,-8.8164529800415,"Unknown"
"7014857",371856,2025-07-06 14:24:15,43.3005447387695,-8.79093170166016,"Unknown"
"7014857",371856,2025-07-06 14:29:15,43.3035659790039,-8.73301982879639,"Unknown"
"7014857",371856,2025-07-06 14:34:15,43.2926635742188,-8.68668937683105,"Unknown"
"7014857",371856,2025-07-06 14:39:17,43.279052734375,-8.64995574951172,"Unknown"
"7014857",371856,2025-07-06 14:44:17,43.2578468322754,-8.63454341888428,"Unknown"
"7014857",371856,2025-07-06 14:49:16,43.2299385070801,-8.61827373504639,"Unknown"
"7014857",371856,2025-07-06 14:54:16,43.1980361938477,-8.61584377288818,"Unknown"
"7014857",371856,2025-07-06 14:59:14,43.1873207092285,-8.59256839752197,"Unknown"
"7014857",371856,2025-07-06 15:04:16,43.172794342041,-8.55192089080811,"Unknown"
"7014857",371856,2025-07-06 15:09:17,43.1456336975098,-8.51959419250488,"Unknown"
"7014857",371856,2025-07-06 15:14:15,43.1314849853516,-8.47216320037842,"Unknown"
"7014857",371856,2025-07-06 15:19:14,43.131046295166,-8.47291564941406,"Unknown"
"7014857",371856,2025-07-06 15:24:40,43.1300430297852,-8.47087860107422,"Unknown"
"7014857",371856,2025-07-06 15:29:18,43.1298408508301,-8.4705696105957,"Unknown"
"7014857",371856,2025-07-06 15:34:18,43.1300811767578,-8.47099494934082,"Unknown"
"7014857",371856,2025-07-06 15:39:22,43.130054473877,-8.47091388702393,"Unknown"
"7014857",371856,2025-07-06 15:44:17,43.1305274963379,-8.47136402130127,"Unknown"
"7014857",371856,2025-07-06 15:49:36,43.1305122375488,-8.47148132324219,"Unknown"
"7014857",371856,2025-07-06 15:54:44,43.1304779052734,-8.47154235839844,"Unknown"
"7014857",371856,2025-07-06 15:59:16,43.130500793457,-8.47183799743652,"Unknown"
"7014857",371856,2025-07-06 16:04:32,43.1305351257324,-8.47159671783447,"Unknown"
"7014857",371856,2025-07-06 16:09:14,43.1305694580078,-8.47161388397217,"Unknown"
"7014857",371856,2025-07-06 16:14:16,43.1302642822266,-8.47347450256348,"Unknown"
"7014857",371856,2025-07-06 16:19:15,43.1289215087891,-8.47390270233154,"Unknown"
"7014857",371856,2025-07-06 16:24:14,43.1291580200195,-8.47054386138916,"Unknown"
"7014857",371856,2025-07-06 16:29:16,43.1296424865723,-8.46940803527832,"Unknown"
"7014857",371856,2025-07-06 16:34:15,43.1298751831055,-8.47035789489746,"Unknown"
"7014857",371856,2025-07-06 16:39:17,43.1298904418945,-8.47028350830078,"Unknown"
"7014857",371856,2025-07-06 16:44:17,43.1298789978027,-8.4703197479248,"Unknown"
"7014857",371856,2025-07-06 16:49:18,43.1306114196777,-8.47141742706299,"Unknown"
"7014857",371856,2025-07-06 16:54:13,43.1303749084473,-8.47183609008789,"Unknown"
"7014857",371856,2025-07-06 16:59:17,43.1304168701172,-8.47178554534912,"Unknown"
"7014857",371856,2025-07-06 17:04:17,43.1301345825195,-8.47204685211182,"Unknown"
"7014857",371856,2025-07-06 17:09:20,43.130428314209,-8.4719295501709,"Unknown"
"7014857",371856,2025-07-06 17:14:16,43.1303863525391,-8.47185325622559,"Unknown"
"7014857",371856,2025-07-06 17:19:22,43.1304588317871,-8.47178745269775,"Unknown"
"7014857",371856,2025-07-06 17:24:14,43.1304473876953,-8.47197437286377,"Unknown"
"7014857",371856,2025-07-06 17:29:20,43.1305084228516,-8.47188949584961,"Unknown"
"7014857",371856,2025-07-06 17:34:15,43.1302833557129,-8.47248077392578,"Unknown"
"7014857",371856,2025-07-06 17:39:17,43.130241394043,-8.47218704223633,"Unknown"
"7014857",371856,2025-07-06 17:44:18,43.1302947998047,-8.47225952148438,"Unknown"
"7014857",371856,2025-07-06 17:50:05,43.1305122375488,-8.47176456451416,"Unknown"
"7014857",371856,2025-07-06 17:54:16,43.1290740966797,-8.4761791229248,"Unknown"
"7014857",371856,2025-07-06 17:59:14,43.1310882568359,-8.50571441650391,"Unknown"
"7014857",371856,2025-07-06 18:04:18,43.1326141357422,-8.51622104644775,"Unknown"
"7014857",371856,2025-07-06 18:09:14,43.1461715698242,-8.54234504699707,"Unknown"
"7014857",371856,2025-07-06 18:14:15,43.1570434570312,-8.57195377349854,"Unknown"
"7014857",371856,2025-07-06 18:19:15,43.1735725402832,-8.60428142547607,"Unknown"
"7014857",371856,2025-07-06 18:24:16,43.1950950622559,-8.62478733062744,"Unknown"
"7014857",371856,2025-07-06 18:29:16,43.2149238586426,-8.63981533050537,"Unknown"
"7014857",371856,2025-07-06 18:34:15,43.2349395751953,-8.64939498901367,"Unknown"
"7014857",371856,2025-07-06 18:39:16,43.2568550109863,-8.6425838470459,"Unknown"
"7014857",371856,2025-07-06 18:44:16,43.2638626098633,-8.65538024902344,"Unknown"
"7014857",371856,2025-07-06 18:49:14,43.25732421875,-8.64053249359131,"Unknown"
"7014857",371856,2025-07-06 18:54:18,43.2572975158691,-8.6404857635498,"Unknown"
"7014857",371856,2025-07-06 18:59:17,43.2577209472656,-8.6408634185791,"Unknown"
"7014857",371856,2025-07-06 19:04:19,43.2570190429688,-8.64012336730957,"Unknown"
"7014857",371856,2025-07-06 19:09:18,43.2574729919434,-8.64058113098145,"Unknown"
"7014857",371856,2025-07-06 19:14:18,43.2574043273926,-8.64056015014648,"Unknown"
"7014857",371856,2025-07-06 19:19:16,43.2737731933594,-8.63599681854248,"Unknown"
"7014857",371856,2025-07-06 19:24:15,43.2926177978516,-8.67405128479004,"Unknown"
"7014857",371856,2025-07-06 19:29:17,43.2985343933105,-8.71261405944824,"Unknown"
"7014857",371856,2025-07-06 19:34:17,43.3082084655762,-8.75139236450195,"Unknown"
"7014857",371856,2025-07-06 19:39:17,43.3136978149414,-8.78567790985107,"Unknown"
"7014857",371856,2025-07-06 19:44:16,43.3331413269043,-8.81379222869873,"Unknown"
"7014857",371856,2025-07-06 19:49:16,43.3517074584961,-8.8447265625,"Unknown"
"7014857",371856,2025-07-06 19:54:21,43.3592414855957,-8.84511947631836,"Unknown"
"7014857",371856,2025-07-06 19:59:21,43.3592796325684,-8.84525299072266,"Unknown"
"7014857",371856,2025-07-06 20:04:36,43.3588829040527,-8.84541606903076,"Unknown"
"7014857",371856,2025-07-06 20:09:16,43.3586730957031,-8.84539890289307,"Unknown"
"7014857",371856,2025-07-06 20:14:18,43.3590431213379,-8.84533214569092,"Unknown"
"7014857",371856,2025-07-06 20:19:16,43.3589515686035,-8.84534645080566,"Unknown"
"7014857",371856,2025-07-06 20:24:18,43.3590202331543,-8.84533023834229,"Unknown"
"7014857",371856,2025-07-06 20:29:19,43.3588981628418,-8.84521102905273,"Unknown"
"7014857",371856,2025-07-06 20:34:19,43.3587074279785,-8.84517002105713,"Unknown"
"7014857",371856,2025-07-06 20:39:35,43.359676361084,-8.84526920318604,"Unknown"
"7014857",371856,2025-07-06 20:44:24,43.3591499328613,-8.8448314666748,"Unknown"
"7014857",371856,2025-07-06 20:49:16,43.3593521118164,-8.845290184021,"Unknown"
"7014857",371856,2025-07-06 20:54:14,43.3594779968262,-8.84512138366699,"Unknown"
"7014857",371856,2025-07-06 20:59:17,43.3593940734863,-8.84524536132812,"Unknown"
"7014857",371856,2025-07-06 21:04:30,43.3594665527344,-8.84531402587891,"Unknown"
"7014857",371856,2025-07-07 02:05:06,43.359302520752,-8.84503650665283,"Unknown"
"7014857",371856,2025-07-07 02:44:49,43.359691619873,-8.84537220001221,"Unknown"
"7014857",371856,2025-07-07 02:50:05,43.3595733642578,-8.84529113769531,"Unknown"
"7014857",371856,2025-07-07 02:54:42,43.3596382141113,-8.84529685974121,"Unknown"
"7014857",371856,2025-07-07 02:59:42,43.3595809936523,-8.84524440765381,"Unknown"
"7014857",371856,2025-07-07 03:04:42,43.3595657348633,-8.84521389007568,"Unknown"
"7014857",371856,2025-07-07 03:09:43,43.3595695495605,-8.84527492523193,"Unknown"
"7014857",371856,2025-07-07 03:14:42,43.3595848083496,-8.84536457061768,"Unknown"
"7014857",371856,2025-07-07 03:19:43,43.359489440918,-8.84525108337402,"Unknown"
"7014857",371856,2025-07-07 03:25:13,43.3594093322754,-8.84532737731934,"Unknown"
"7014857",371856,2025-07-07 03:29:42,43.3594398498535,-8.84528350830078,"Unknown"
"7014857",371856,2025-07-07 03:34:43,43.3595848083496,-8.84553337097168,"Unknown"
"7014857",371856,2025-07-07 03:39:42,43.3594207763672,-8.84532833099365,"Unknown"
"7014857",371856,2025-07-07 03:44:42,43.3594703674316,-8.84540271759033,"Unknown"
"7014857",371856,2025-07-07 03:50:14,43.3594245910645,-8.84545707702637,"Unknown"
"7014857",371856,2025-07-07 03:54:45,43.3594589233398,-8.84545516967773,"Unknown"
"7014857",371856,2025-07-07 03:59:43,43.3594589233398,-8.84534645080566,"Unknown"
"7014857",371856,2025-07-07 04:04:43,43.3594207763672,-8.84524440765381,"Unknown"
"7014857",371856,2025-07-07 04:09:43,43.359489440918,-8.84554195404053,"Unknown"
"7014857",371856,2025-07-07 04:14:43,43.3594779968262,-8.84547901153564,"Unknown"
"7014857",371856,2025-07-07 04:19:44,43.3594551086426,-8.84538650512695,"Unknown"
"7014857",371856,2025-07-07 04:24:43,43.3594589233398,-8.84540557861328,"Unknown"
"7014857",371856,2025-07-07 04:29:48,43.360969543457,-8.84799671173096,"Unknown"
"7014857",371856,2025-07-07 04:35:58,43.3596496582031,-8.85313129425049,"Unknown"
"7014857",371856,2025-07-07 04:40:05,43.3501167297363,-8.85228157043457,"Unknown"
"7014857",371856,2025-07-07 04:44:42,43.3500823974609,-8.85340213775635,"Unknown"
"7014857",371856,2025-07-07 04:49:45,43.3503150939941,-8.85323524475098,"Unknown"
"7014857",371856,2025-07-07 04:54:43,43.3582077026367,-8.85129642486572,"Unknown"
"7014857",371856,2025-07-07 04:59:42,43.3595390319824,-8.84504127502441,"Unknown"
"7014857",371856,2025-07-07 05:05:03,43.3595695495605,-8.84567260742188,"Unknown"
"7014857",371856,2025-07-07 05:09:42,43.3558540344238,-8.84678936004639,"Unknown"
"7014857",371856,2025-07-07 05:14:42,43.3441963195801,-8.8546142578125,"Unknown"
"7014857",371856,2025-07-07 05:19:42,43.3143272399902,-8.85665321350098,"Unknown"
"7014857",371856,2025-07-07 05:24:43,43.3143882751465,-8.85689640045166,"Unknown"
"7014857",371856,2025-07-07 05:29:45,43.3143577575684,-8.85678768157959,"Unknown"
"7014857",371856,2025-07-07 05:34:43,43.3036193847656,-8.85930156707764,"Unknown"
"7014857",371856,2025-07-07 05:39:42,43.283390045166,-8.85567665100098,"Unknown"
"7014857",371856,2025-07-07 05:44:43,43.2833290100098,-8.85570812225342,"Unknown"
"7014857",371856,2025-07-07 05:49:45,43.2832717895508,-8.85545825958252,"Unknown"
"7014857",371856,2025-07-07 05:54:52,43.284309387207,-8.85437393188477,"Unknown"
"7014857",371856,2025-07-07 05:59:52,43.2842979431152,-8.85439968109131,"Unknown"
"7014857",371856,2025-07-07 06:04:51,43.284366607666,-8.85377025604248,"Unknown"
"7014857",371856,2025-07-07 06:09:51,43.2842254638672,-8.85439205169678,"Unknown"
"7014857",371856,2025-07-07 06:14:43,43.3014068603516,-8.86055469512939,"Unknown"
"7014857",371856,2025-07-07 06:19:45,43.3219757080078,-8.86719226837158,"Unknown"
"7014857",371856,2025-07-07 06:24:45,43.342227935791,-8.85509014129639,"Unknown"
"7014857",371856,2025-07-07 06:29:42,43.3597183227539,-8.84633159637451,"Unknown"
"7014857",371856,2025-07-07 06:34:42,43.3593482971191,-8.84524345397949,"Unknown"
"7014857",371856,2025-07-07 06:39:43,43.3388481140137,-8.85028076171875,"Unknown"
"7014857",371856,2025-07-07 06:44:42,43.306941986084,-8.85009860992432,"Unknown"
"7014857",371856,2025-07-07 06:49:57,43.2844123840332,-8.85427761077881,"Unknown"
"7014857",371856,2025-07-07 06:54:47,43.2842788696289,-8.85444641113281,"Unknown"
"7014857",371856,2025-07-07 06:59:48,43.2841110229492,-8.85420036315918,"Unknown"
"7014857",371856,2025-07-07 07:04:58,43.2843055725098,-8.85402011871338,"Unknown"
"7014857",371856,2025-07-07 07:10:05,43.2866363525391,-8.85671424865723,"Unknown"
"7014857",371856,2025-07-07 07:14:42,43.3120651245117,-8.85796070098877,"Unknown"
"7014857",371856,2025-07-07 07:19:42,43.3373832702637,-8.85556316375732,"Unknown"
"7014857",371856,2025-07-07 07:24:43,43.3608474731445,-8.84780693054199,"Unknown"
"7014857",371856,2025-07-07 07:29:42,43.3593368530273,-8.84514427185059,"Unknown"
"7014857",371856,2025-07-07 07:34:42,43.3593826293945,-8.84542369842529,"Unknown"
"7014857",371856,2025-07-07 07:39:42,43.3593711853027,-8.84526443481445,"Unknown"
"7014857",371856,2025-07-07 07:44:42,43.359302520752,-8.84523105621338,"Unknown"
"7014857",371856,2025-07-07 07:49:42,43.3593482971191,-8.84518909454346,"Unknown"
"7014857",371856,2025-07-07 07:54:42,43.3593368530273,-8.84524536132812,"Unknown"
"7014857",371856,2025-07-07 07:59:42,43.3593711853027,-8.84535026550293,"Unknown"
"7014857",371856,2025-07-07 08:04:42,43.3593864440918,-8.845290184021,"Unknown"
"7014857",371856,2025-07-07 08:09:43,43.3593864440918,-8.84530258178711,"Unknown"
"7014857",371856,2025-07-07 08:14:43,43.3593368530273,-8.84523963928223,"Unknown"
"7014857",371856,2025-07-07 08:19:42,43.3594703674316,-8.84546661376953,"Unknown"
"7014857",371856,2025-07-07 08:24:45,43.354736328125,-8.84591484069824,"Unknown"
"7014857",371856,2025-07-07 08:29:43,43.3251800537109,-8.83800888061523,"Unknown"
"7014857",371856,2025-07-07 08:34:43,43.2897682189941,-8.85664463043213,"Unknown"
"7014857",371856,2025-07-07 08:39:49,43.287841796875,-8.87060928344727,"Unknown"
"7014857",371856,2025-07-07 08:44:47,43.2849655151367,-8.85579776763916,"Unknown"
"7014857",371856,2025-07-07 08:49:48,43.2833595275879,-8.85589981079102,"Unknown"
"7014857",371856,2025-07-07 08:55:05,43.2832489013672,-8.85567188262939,"Unknown"
"7014857",371856,2025-07-07 08:59:43,43.2838897705078,-8.85381698608398,"Unknown"
"7014857",371856,2025-07-07 09:04:45,43.2759895324707,-8.85264015197754,"Unknown"
"7014857",371856,2025-07-07 09:09:57,43.2764129638672,-8.85223865509033,"Unknown"
"7014857",371856,2025-07-07 09:14:44,43.2784805297852,-8.85445976257324,"Unknown"
"7014857",371856,2025-07-07 09:20:07,43.2845878601074,-8.85441589355469,"Unknown"
"7014857",371856,2025-07-07 09:24:53,43.2841682434082,-8.85448265075684,"Unknown"
"7014857",371856,2025-07-07 09:30:13,43.2843589782715,-8.85444831848145,"Unknown"
"7014857",371856,2025-07-07 09:34:56,43.284107208252,-8.85471439361572,"Unknown"
"7014857",371856,2025-07-07 09:40:04,43.2841186523438,-8.85457897186279,"Unknown"
"7014857",371856,2025-07-07 09:44:47,43.2847518920898,-8.85390377044678,"Unknown"
"7014857",371856,2025-07-07 09:49:43,43.2843246459961,-8.85399055480957,"Unknown"
"7014857",371856,2025-07-07 09:54:46,43.2842025756836,-8.85424613952637,"Unknown"
"7014857",371856,2025-07-07 09:59:44,43.2842216491699,-8.85431861877441,"Unknown"
"7014857",371856,2025-07-07 10:05:02,43.284252166748,-8.85453224182129,"Unknown"
"7014857",371856,2025-07-07 10:09:43,43.2842292785645,-8.85450839996338,"Unknown"
"7014857",371856,2025-07-07 10:14:45,43.2842979431152,-8.8545093536377,"Unknown"
"7014857",371856,2025-07-07 10:19:47,43.2843894958496,-8.85432147979736,"Unknown"
"7014857",371856,2025-07-07 10:24:51,43.2841987609863,-8.85464572906494,"Unknown"
"7014857",371856,2025-07-07 10:29:44,43.2844848632812,-8.85428714752197,"Unknown"
"7014857",371856,2025-07-07 10:34:51,43.2842864990234,-8.85443878173828,"Unknown"
"7014857",371856,2025-07-07 10:39:59,43.2844429016113,-8.85477066040039,"Unknown"
"7014857",371856,2025-07-07 10:44:45,43.2844009399414,-8.8544807434082,"Unknown"
"7014857",371856,2025-07-07 10:49:45,43.2844734191895,-8.85430812835693,"Unknown"
"7014857",371856,2025-07-07 10:54:46,43.2842903137207,-8.85449981689453,"Unknown"
"7014857",371856,2025-07-07 10:59:50,43.2844047546387,-8.85439777374268,"Unknown"
"7014857",371856,2025-07-07 11:04:46,43.2845191955566,-8.85430812835693,"Unknown"
"7014857",371856,2025-07-07 11:09:43,43.2858352661133,-8.86000156402588,"Unknown"
"7014857",371856,2025-07-07 11:14:42,43.3072319030762,-8.85669898986816,"Unknown"
"7014857",371856,2025-07-07 11:19:43,43.3139915466309,-8.85736560821533,"Unknown"
"7014857",371856,2025-07-07 11:24:43,43.3234977722168,-8.84885692596436,"Unknown"
"7014857",371856,2025-07-07 11:29:55,43.3428382873535,-8.83702373504639,"Unknown"
"7014857",371856,2025-07-07 11:34:43,43.3596267700195,-8.84504985809326,"Unknown"
"7014857",371856,2025-07-07 11:39:46,43.3593521118164,-8.84537792205811,"Unknown"
"7014857",371856,2025-07-07 11:44:44,43.3594512939453,-8.84516620635986,"Unknown"
"7014857",371856,2025-07-07 11:49:43,43.3594551086426,-8.8452033996582,"Unknown"
"7014857",371856,2025-07-07 11:54:43,43.3596839904785,-8.84511184692383,"Unknown"
"7014857",371856,2025-07-07 12:00:02,43.3595352172852,-8.84514617919922,"Unknown"
"7014857",371856,2025-07-07 12:04:43,43.3594284057617,-8.84513473510742,"Unknown"
"7014857",371856,2025-07-07 12:09:42,43.3631706237793,-8.85238170623779,"Unknown"
"7014857",371856,2025-07-07 12:14:42,43.3787994384766,-8.88885498046875,"Unknown"
"7014857",371856,2025-07-07 12:19:42,43.395435333252,-8.91716480255127,"Unknown"
"7014857",371856,2025-07-07 12:24:43,43.4058265686035,-8.92365837097168,"Unknown"
"7014857",371856,2025-07-07 12:29:42,43.4210243225098,-8.93029689788818,"Unknown"
"7014857",371856,2025-07-07 12:34:42,43.4385108947754,-8.95930671691895,"Unknown"
"7014857",371856,2025-07-07 12:39:42,43.4554405212402,-8.98802947998047,"Unknown"
"7014857",371856,2025-07-07 12:44:42,43.4720344543457,-9.01892852783203,"Unknown"
"7014857",371856,2025-07-07 12:49:44,43.4852447509766,-9.05900382995605,"Unknown"
"7014857",371856,2025-07-07 12:54:42,43.5041885375977,-9.08056926727295,"Unknown"
"7014857",371856,2025-07-07 12:59:42,43.5268516540527,-9.09326839447021,"Unknown"
"7014857",371856,2025-07-07 13:04:43,43.5478820800781,-9.10017490386963,"Unknown"
"7014857",371856,2025-07-07 13:09:47,43.5538177490234,-9.09836578369141,"Unknown"
"7014857",371856,2025-07-07 13:14:46,43.5539932250977,-9.09739589691162,"Unknown"
"7014857",371856,2025-07-07 13:19:47,43.5524291992188,-9.10030937194824,"Unknown"
"7014857",371856,2025-07-07 13:24:46,43.5515251159668,-9.10196781158447,"Unknown"
"7014857",371856,2025-07-07 13:29:45,43.5502891540527,-9.1050853729248,"Unknown"
"7014857",371856,2025-07-07 13:34:44,43.5484008789062,-9.10809326171875,"Unknown"
"7014857",371856,2025-07-07 13:39:45,43.547061920166,-9.10972118377686,"Unknown"
"7014857",371856,2025-07-07 13:44:47,43.545597076416,-9.11113929748535,"Unknown"
"7014857",371856,2025-07-07 13:49:47,43.5444297790527,-9.11302375793457,"Unknown"
"7014857",371856,2025-07-07 13:55:01,43.5318183898926,-9.1015567779541,"Unknown"
"7014857",371856,2025-07-07 14:00:05,43.5054397583008,-9.07618141174316,"Unknown"
"7014857",371856,2025-07-07 14:05:44,43.4733467102051,-9.05125522613525,"Unknown"
"7014857",371856,2025-07-07 14:09:46,43.4572486877441,-9.03537750244141,"Unknown"
"7014857",371856,2025-07-07 14:14:47,43.4397087097168,-9.0108642578125,"Unknown"
"7014857",371856,2025-07-07 14:19:43,43.4177131652832,-8.98590469360352,"Unknown"
"7014857",371856,2025-07-07 14:24:42,43.4007797241211,-8.95407581329346,"Unknown"
"7014857",371856,2025-07-07 14:29:57,43.3892517089844,-8.91750335693359,"Unknown"
"7014857",371856,2025-07-07 14:34:47,43.3748931884766,-8.88331890106201,"Unknown"
"7014857",371856,2025-07-07 14:39:43,43.3616142272949,-8.84956073760986,"Unknown"
"7014857",371856,2025-07-07 14:44:44,43.359375,-8.84530639648438,"Unknown"
"7014857",371856,2025-07-07 14:50:05,43.3593635559082,-8.84519195556641,"Unknown"
"7014857",371856,2025-07-07 14:54:44,43.3594436645508,-8.84509372711182,"Unknown"
"7014857",371856,2025-07-07 14:59:44,43.359432220459,-8.84515285491943,"Unknown"
"7014857",371856,2025-07-07 15:04:44,43.3593521118164,-8.84513092041016,"Unknown"
"7014857",371856,2025-07-07 15:09:43,43.3593711853027,-8.84512329101562,"Unknown"
"7014857",371856,2025-07-07 15:14:44,43.3593864440918,-8.84512138366699,"Unknown"
"7014857",371856,2025-07-07 15:19:44,43.3593521118164,-8.84515571594238,"Unknown"
"7014857",371856,2025-07-07 15:24:44,43.3593788146973,-8.8451976776123,"Unknown"
"7014857",371856,2025-07-07 15:29:44,43.3594017028809,-8.84533405303955,"Unknown"
"7014857",371856,2025-07-07 15:34:44,43.3594169616699,-8.84527683258057,"Unknown"
"7014857",371856,2025-07-07 15:39:44,43.3594055175781,-8.84527206420898,"Unknown"
"7014857",371856,2025-07-07 15:44:48,43.3593864440918,-8.84539222717285,"Unknown"
"7014857",371856,2025-07-07 15:49:45,43.3593673706055,-8.84541034698486,"Unknown"
"7014857",371856,2025-07-07 15:54:44,43.3593101501465,-8.84537029266357,"Unknown"
"7014857",371856,2025-07-07 15:59:44,43.3593673706055,-8.84517955780029,"Unknown"
"7014857",371856,2025-07-07 16:04:45,43.3593368530273,-8.84521102905273,"Unknown"
"7014857",371856,2025-07-07 16:09:45,43.3593368530273,-8.8452320098877,"Unknown"
"7014857",371856,2025-07-07 16:14:48,43.3594055175781,-8.84517955780029,"Unknown"
"7014857",371856,2025-07-07 16:19:52,43.3593940734863,-8.84519577026367,"Unknown"
"7014857",371856,2025-07-07 16:24:46,43.3594551086426,-8.84520626068115,"Unknown"
"7014857",371856,2025-07-07 16:29:47,43.3594284057617,-8.84521675109863,"Unknown"
"7014857",371856,2025-07-07 16:34:48,43.3596343994141,-8.84524059295654,"Unknown"
"7014857",371856,2025-07-07 16:39:46,43.3593635559082,-8.8452730178833,"Unknown"
"7014857",371856,2025-07-07 16:44:47,43.3594436645508,-8.84533977508545,"Unknown"
"7014857",371856,2025-07-07 16:50:14,43.3607597351074,-8.84406185150146,"Unknown"
"7014857",371856,2025-07-07 16:54:46,43.3679733276367,-8.84031105041504,"Unknown"
"7014857",371856,2025-07-07 16:59:52,43.3890151977539,-8.84052085876465,"Unknown"
"7014857",371856,2025-07-07 17:04:45,43.4087181091309,-8.83968067169189,"Unknown"
"7014857",371856,2025-07-07 17:09:51,43.4294853210449,-8.84243679046631,"Unknown"
"7014857",371856,2025-07-07 17:14:45,43.4434280395508,-8.82689571380615,"Unknown"
"7014857",371856,2025-07-07 17:19:49,43.4531288146973,-8.80444717407227,"Unknown"
"7014857",371856,2025-07-07 17:24:46,43.4609718322754,-8.78029346466064,"Unknown"
"7014857",371856,2025-07-07 17:29:58,43.4633255004883,-8.74813175201416,"Unknown"
"7014857",371856,2025-07-07 17:34:49,43.4601745605469,-8.72836017608643,"Unknown"
"7014857",371856,2025-07-07 17:39:53,43.4565925598145,-8.71353435516357,"Unknown"
"7014857",371856,2025-07-07 17:44:55,43.4519996643066,-8.69416427612305,"Unknown"
"7014857",371856,2025-07-07 17:50:14,43.4513702392578,-8.69364643096924,"Unknown"
"7014857",371856,2025-07-07 17:54:45,43.4511756896973,-8.69434070587158,"Unknown"
"7014857",371856,2025-07-07 17:59:44,43.4252090454102,-8.71178817749023,"Unknown"
"7014857",371856,2025-07-07 18:05:00,43.4214172363281,-8.73425006866455,"Unknown"
"7014857",371856,2025-07-07 18:11:09,43.4010238647461,-8.76911163330078,"Unknown"
"7014857",371856,2025-07-07 18:15:14,43.3775596618652,-8.81387996673584,"Unknown"
"7014857",371856,2025-07-07 18:20:05,43.3593444824219,-8.84528541564941,"Unknown"
"7014857",371856,2025-07-07 18:24:44,43.3593635559082,-8.84540843963623,"Unknown"
"7014857",371856,2025-07-07 18:29:44,43.3592681884766,-8.84539890289307,"Unknown"
"7014857",371856,2025-07-07 18:34:45,43.359260559082,-8.84537601470947,"Unknown"
"7014857",371856,2025-07-07 18:39:44,43.3593368530273,-8.84529972076416,"Unknown"
"7014857",371856,2025-07-07 18:44:44,43.359317779541,-8.84565925598145,"Unknown"
"7014857",371856,2025-07-07 18:49:48,43.3595314025879,-8.84597587585449,"Unknown"
"7014857",371856,2025-07-07 18:54:49,43.3592681884766,-8.84532928466797,"Unknown"
"7014857",371856,2025-07-07 18:59:51,43.3593330383301,-8.84535598754883,"Unknown"
"7014857",371856,2025-07-07 19:04:49,43.3593292236328,-8.84531688690186,"Unknown"
"7014857",371856,2025-07-07 19:09:48,43.3593864440918,-8.84546375274658,"Unknown"
"7014857",371856,2025-07-07 19:14:51,43.3592529296875,-8.84533214569092,"Unknown"
"7014857",371856,2025-07-07 19:19:49,43.3593521118164,-8.84513854980469,"Unknown"
"7014857",371856,2025-07-07 19:24:46,43.3593559265137,-8.84510707855225,"Unknown"
"7014857",371856,2025-07-07 19:29:53,43.3593330383301,-8.84513187408447,"Unknown"
"7014857",371856,2025-07-07 19:34:46,43.3592414855957,-8.84496974945068,"Unknown"
"7014857",371856,2025-07-07 19:39:51,43.3593635559082,-8.84517002105713,"Unknown"
"7014857",371856,2025-07-07 19:44:53,43.3593521118164,-8.84505367279053,"Unknown"
"7014857",371856,2025-07-07 19:49:45,43.3593635559082,-8.84516716003418,"Unknown"
"7014857",371856,2025-07-07 19:54:47,43.359302520752,-8.84515953063965,"Unknown"
"7014857",371856,2025-07-07 19:59:48,43.3596000671387,-8.84567260742188,"Unknown"
"7014857",371856,2025-07-07 20:04:52,43.3592910766602,-8.8452033996582,"Unknown"
"7014857",371856,2025-07-07 20:09:46,43.3593521118164,-8.84517192840576,"Unknown"
"7014857",371856,2025-07-07 20:14:54,43.359302520752,-8.84520149230957,"Unknown"
"7014857",371856,2025-07-07 20:19:45,43.3593063354492,-8.84520149230957,"Unknown"
"7014857",371856,2025-07-07 20:24:51,43.3592910766602,-8.84517955780029,"Unknown"
"7014857",371856,2025-07-07 20:30:05,43.3592910766602,-8.84525966644287,"Unknown"
"7014857",371856,2025-07-07 20:34:44,43.359317779541,-8.84523773193359,"Unknown"
"7014857",371856,2025-07-07 20:39:44,43.3593330383301,-8.84528827667236,"Unknown"
"7014857",371856,2025-07-07 20:44:47,43.3620491027832,-8.8377046585083,"Unknown"
"7014857",371856,2025-07-07 20:49:47,43.3606262207031,-8.82755088806152,"Unknown"
"7014857",371856,2025-07-07 20:54:46,43.3594551086426,-8.84544277191162,"Unknown"
"7014857",371856,2025-07-07 20:59:44,43.3593864440918,-8.8452672958374,"Unknown"
"7014857",371856,2025-07-07 21:04:07,43.3594589233398,-8.8450403213501,"Unknown"
"7014857",371856,2025-07-08 02:04:36,43.3593826293945,-8.84509754180908,"Unknown"
"7014857",371856,2025-07-08 02:46:01,43.3593292236328,-8.84511852264404,"Unknown"
"7014857",371856,2025-07-08 02:51:01,43.3593215942383,-8.84501075744629,"Unknown"
"7014857",371856,2025-07-08 02:55:59,43.359504699707,-8.84508895874023,"Unknown"
"7014857",371856,2025-07-08 03:01:00,43.3593063354492,-8.84490585327148,"Unknown"
"7014857",371856,2025-07-08 03:06:03,43.359375,-8.84502601623535,"Unknown"
"7014857",371856,2025-07-08 03:11:01,43.3593711853027,-8.84492969512939,"Unknown"
"7014857",371856,2025-07-08 03:16:01,43.3593864440918,-8.84502029418945,"Unknown"
"7014857",371856,2025-07-08 03:21:12,43.359302520752,-8.845046043396,"Unknown"
"7014857",371856,2025-07-08 03:25:59,43.3592948913574,-8.84510326385498,"Unknown"
"7014857",371856,2025-07-08 03:31:03,43.3593482971191,-8.84495639801025,"Unknown"
"7014857",371856,2025-07-08 03:36:01,43.359317779541,-8.84502029418945,"Unknown"
"7014857",371856,2025-07-08 03:41:01,43.3592987060547,-8.84512901306152,"Unknown"
"7014857",371856,2025-07-08 03:46:04,43.3593215942383,-8.84512424468994,"Unknown"
"7014857",371856,2025-07-08 03:51:00,43.3595275878906,-8.84551334381104,"Unknown"
"7014857",371856,2025-07-08 03:56:06,43.3593406677246,-8.84512329101562,"Unknown"
"7014857",371856,2025-07-08 04:01:06,43.3593406677246,-8.84510612487793,"Unknown"
"7014857",371856,2025-07-08 04:06:06,43.359203338623,-8.84459781646729,"Unknown"
"7014857",371856,2025-07-08 04:11:06,43.3591461181641,-8.84456253051758,"Unknown"
"7014857",371856,2025-07-08 04:16:06,43.3589859008789,-8.84401988983154,"Unknown"
"7014857",371856,2025-07-08 04:21:14,43.3593139648438,-8.84513378143311,"Unknown"
"7014857",371856,2025-07-08 04:25:59,43.3593521118164,-8.84516906738281,"Unknown"
"7014857",371856,2025-07-08 04:31:00,43.3592720031738,-8.84499835968018,"Unknown"
"7014857",371856,2025-07-08 04:35:58,43.3648223876953,-8.83934116363525,"Unknown"
"7014857",371856,2025-07-08 04:41:06,43.3638877868652,-8.8562650680542,"Unknown"
"7014857",371856,2025-07-08 04:47:23,43.3531837463379,-8.84985256195068,"Unknown"
"7014857",371856,2025-07-08 04:51:59,43.3217468261719,-8.88064479827881,"Unknown"
"7014857",371856,2025-07-08 04:55:59,43.2942237854004,-8.86380195617676,"Unknown"
"7014857",371856,2025-07-08 05:01:00,43.2762680053711,-8.85322093963623,"Unknown"
"7014857",371856,2025-07-08 05:05:59,43.2762680053711,-8.85344409942627,"Unknown"
"7014857",371856,2025-07-08 05:11:15,43.2764625549316,-8.85254287719727,"Unknown"
"7014857",371856,2025-07-08 05:16:37,43.2762794494629,-8.85248565673828,"Unknown"
"7014857",371856,2025-07-08 05:21:11,43.2762298583984,-8.8522891998291,"Unknown"
"7014857",371856,2025-07-08 05:25:59,43.2846412658691,-8.85462188720703,"Unknown"
"7014857",371856,2025-07-08 05:30:59,43.291748046875,-8.85317707061768,"Unknown"
"7014857",371856,2025-07-08 05:35:59,43.314208984375,-8.85672664642334,"Unknown"
"7014857",371856,2025-07-08 05:41:00,43.3143463134766,-8.8566370010376,"Unknown"
"7014857",371856,2025-07-08 05:45:58,43.3171577453613,-8.85738945007324,"Unknown"
"7014857",371856,2025-07-08 05:50:59,43.3343772888184,-8.84461212158203,"Unknown"
"7014857",371856,2025-07-08 05:55:59,43.3546981811523,-8.84990310668945,"Unknown"
"7014857",371856,2025-07-08 06:01:07,43.3594169616699,-8.84531688690186,"Unknown"
"7014857",371856,2025-07-08 06:05:58,43.3583869934082,-8.83163738250732,"Unknown"
"7014857",371856,2025-07-08 06:11:01,43.3111419677734,-8.83785438537598,"Unknown"
"7014857",371856,2025-07-08 06:16:25,43.2842407226562,-8.8542308807373,"Unknown"
"7014857",371856,2025-07-08 06:21:44,43.2843627929688,-8.85431098937988,"Unknown"
"7014857",371856,2025-07-08 06:26:14,43.284366607666,-8.85432910919189,"Unknown"
"7014857",371856,2025-07-08 06:30:59,43.2841453552246,-8.85433006286621,"Unknown"
"7014857",371856,2025-07-08 06:36:05,43.2844543457031,-8.8543004989624,"Unknown"
"7014857",371856,2025-07-08 06:41:06,43.2842788696289,-8.85419940948486,"Unknown"
"7014857",371856,2025-07-08 06:46:35,43.2843055725098,-8.85441970825195,"Unknown"
"7014857",371856,2025-07-08 06:50:58,43.2859306335449,-8.85635375976562,"Unknown"
"7014857",371856,2025-07-08 06:55:59,43.3027381896973,-8.84928035736084,"Unknown"
"7014857",371856,2025-07-08 07:01:00,43.3141212463379,-8.85697841644287,"Unknown"
"7014857",371856,2025-07-08 07:05:59,43.3141708374023,-8.85690307617188,"Unknown"
"7014857",371856,2025-07-08 07:10:58,43.3176116943359,-8.85574150085449,"Unknown"
"7014857",371856,2025-07-08 07:16:00,43.3355140686035,-8.84382343292236,"Unknown"
"7014857",371856,2025-07-08 07:20:59,43.3552093505859,-8.84790706634521,"Unknown"
"7014857",371856,2025-07-08 07:26:06,43.3593711853027,-8.84523105621338,"Unknown"
"7014857",371856,2025-07-08 07:30:58,43.3610610961914,-8.84291458129883,"Unknown"
"7014857",371856,2025-07-08 07:35:59,43.376766204834,-8.87056636810303,"Unknown"
"7014857",371856,2025-07-08 07:40:59,43.3923835754395,-8.9138069152832,"Unknown"
"7014857",371856,2025-07-08 07:45:58,43.4086723327637,-8.95922565460205,"Unknown"
"7014857",371856,2025-07-08 07:50:59,43.4245796203613,-9.00363254547119,"Unknown"
"7014857",371856,2025-07-08 07:55:59,43.4363632202148,-9.0322093963623,"Unknown"
"7014857",371856,2025-07-08 08:00:58,43.4509811401367,-9.0733528137207,"Unknown"
"7014857",371856,2025-07-08 08:05:59,43.4673118591309,-9.11136054992676,"Unknown"
"7014857",371856,2025-07-08 08:10:59,43.4762725830078,-9.1093225479126,"Unknown"
"7014857",371856,2025-07-08 08:15:59,43.4639778137207,-9.09001731872559,"Unknown"
"7014857",371856,2025-07-08 08:20:59,43.4490242004395,-9.07042789459229,"Unknown"
"7014857",371856,2025-07-08 08:25:59,43.4217338562012,-9.06089210510254,"Unknown"
"7014857",371856,2025-07-08 08:30:59,43.3844184875488,-9.07124519348145,"Unknown"
"7014857",371856,2025-07-08 08:35:59,43.3681411743164,-9.09427738189697,"Unknown"
"7014857",371856,2025-07-08 08:41:00,43.352855682373,-9.08225345611572,"Unknown"
"7014857",371856,2025-07-08 08:46:00,43.3206672668457,-9.07146835327148,"Unknown"
"7014857",371856,2025-07-08 08:52:22,43.2854385375977,-9.05111503601074,"Unknown"
"7014857",371856,2025-07-08 08:57:22,43.2691612243652,-9.02940845489502,"Unknown"
"7014857",371856,2025-07-08 09:01:14,43.2578430175781,-9.01695442199707,"Unknown"
"7014857",371856,2025-07-08 09:06:00,43.2610816955566,-9.00639629364014,"Unknown"
"7014857",371856,2025-07-08 09:10:59,43.2672271728516,-8.98999786376953,"Unknown"
"7014857",371856,2025-07-08 09:16:06,43.2760314941406,-8.98747634887695,"Unknown"
"7014857",371856,2025-07-08 09:21:09,43.2857627868652,-8.96278095245361,"Unknown"
"7014857",371856,2025-07-08 09:26:01,43.2873458862305,-8.93350505828857,"Unknown"
"7014857",371856,2025-07-08 09:30:59,43.2925605773926,-8.90524959564209,"Unknown"
"7014857",371856,2025-07-08 09:36:06,43.280158996582,-8.8695240020752,"Unknown"
"7014857",371856,2025-07-08 09:41:11,43.2764320373535,-8.85237121582031,"Unknown"
"7014857",371856,2025-07-08 09:47:05,43.2763633728027,-8.85243701934814,"Unknown"
"7014857",371856,2025-07-08 09:51:03,43.2840423583984,-8.85433864593506,"Unknown"
"7014857",371856,2025-07-08 09:56:01,43.2843551635742,-8.85439491271973,"Unknown"
"7014857",371856,2025-07-08 10:01:00,43.2844886779785,-8.85386180877686,"Unknown"
"7014857",371856,2025-07-08 10:06:14,43.2843551635742,-8.85441589355469,"Unknown"
"7014857",371856,2025-07-08 10:10:59,43.2939033508301,-8.84147167205811,"Unknown"
"7014857",371856,2025-07-08 10:16:00,43.2807502746582,-8.81154346466064,"Unknown"
"7014857",371856,2025-07-08 10:20:58,43.2681884765625,-8.78005790710449,"Unknown"
"7014857",371856,2025-07-08 10:25:58,43.2691688537598,-8.75835514068604,"Unknown"
"7014857",371856,2025-07-08 10:31:01,43.2819900512695,-8.73404216766357,"Unknown"
"7014857",371856,2025-07-08 10:36:08,43.2865371704102,-8.70074653625488,"Unknown"
"7014857",371856,2025-07-08 10:41:05,43.2733116149902,-8.66741561889648,"Unknown"
"7014857",371856,2025-07-08 10:46:16,43.2609710693359,-8.63211631774902,"Unknown"
"7014857",371856,2025-07-08 10:51:14,43.241283416748,-8.60916423797607,"Unknown"
"7014857",371856,2025-07-08 10:55:58,43.2290496826172,-8.58281803131104,"Unknown"
"7014857",371856,2025-07-08 11:00:58,43.2108840942383,-8.56835842132568,"Unknown"
"7014857",371856,2025-07-08 11:05:58,43.2001419067383,-8.54163360595703,"Unknown"
"7014857",371856,2025-07-08 11:10:59,43.1784248352051,-8.52261352539062,"Unknown"
"7014857",371856,2025-07-08 11:15:58,43.1609535217285,-8.50513648986816,"Unknown"
"7014857",371856,2025-07-08 11:20:58,43.1391448974609,-8.47763442993164,"Unknown"
"7014857",371856,2025-07-08 11:26:01,43.1302337646484,-8.47221851348877,"Unknown"
"7014857",371856,2025-07-08 11:31:01,43.1304397583008,-8.47208309173584,"Unknown"
"7014857",371856,2025-07-08 11:36:02,43.1301765441895,-8.4722957611084,"Unknown"
"7014857",371856,2025-07-08 11:41:02,43.1302795410156,-8.47205448150635,"Unknown"
"7014857",371856,2025-07-08 11:46:35,43.1302108764648,-8.47253799438477,"Unknown"
"7014857",371856,2025-07-08 11:51:09,43.130184173584,-8.47261619567871,"Unknown"
"7014857",371856,2025-07-08 11:56:14,43.130241394043,-8.47186851501465,"Unknown"
"7014857",371856,2025-07-08 12:01:15,43.1299514770508,-8.47193241119385,"Unknown"
"7014857",371856,2025-07-08 12:05:58,43.1301383972168,-8.47198581695557,"Unknown"
"7014857",371856,2025-07-08 12:11:04,43.130126953125,-8.47163581848145,"Unknown"
"7014857",371856,2025-07-08 12:16:04,43.1301536560059,-8.47167778015137,"Unknown"
"7014857",371856,2025-07-08 12:21:09,43.1301956176758,-8.47169876098633,"Unknown"
"7014857",371856,2025-07-08 12:26:11,43.1300430297852,-8.47204685211182,"Unknown"
"7014857",371856,2025-07-08 12:31:04,43.1291694641113,-8.4733943939209,"Unknown"
"7014857",371856,2025-07-08 12:36:10,43.1302108764648,-8.47332668304443,"Unknown"
"7014857",371856,2025-07-08 12:41:09,43.1295166015625,-8.47144985198975,"Unknown"
"7014857",371856,2025-07-08 12:46:35,43.129711151123,-8.47163677215576,"Unknown"
"7014857",371856,2025-07-08 12:51:09,43.1305618286133,-8.47149848937988,"Unknown"
"7014857",371856,2025-07-08 12:56:14,43.130126953125,-8.47205543518066,"Unknown"
"7014857",371856,2025-07-08 13:01:08,43.1306610107422,-8.47152137756348,"Unknown"
"7014857",371856,2025-07-08 13:06:07,43.130500793457,-8.47163486480713,"Unknown"
"7014857",371856,2025-07-08 13:11:07,43.1305122375488,-8.47156810760498,"Unknown"
"7014857",371856,2025-07-08 13:16:03,43.1306266784668,-8.47173500061035,"Unknown"
"7014857",371856,2025-07-08 13:21:06,43.1301574707031,-8.47163200378418,"Unknown"
"7014857",371856,2025-07-08 13:26:06,43.1304588317871,-8.4721040725708,"Unknown"
"7014857",371856,2025-07-08 13:31:35,43.1303062438965,-8.47169780731201,"Unknown"
"7014857",371856,2025-07-08 13:36:04,43.125431060791,-8.48576259613037,"Unknown"
"7014857",371856,2025-07-08 13:41:06,43.1004447937012,-8.50022029876709,"Unknown"
"7014857",371856,2025-07-08 13:46:04,43.1026840209961,-8.50131797790527,"Unknown"
"7014857",371856,2025-07-08 13:51:04,43.1053466796875,-8.52143001556396,"Unknown"
"7014857",371856,2025-07-08 13:56:06,43.1151123046875,-8.54044914245605,"Unknown"
"7014857",371856,2025-07-08 14:01:04,43.1324424743652,-8.57189750671387,"Unknown"
"7014857",371856,2025-07-08 14:06:07,43.1611404418945,-8.59525585174561,"Unknown"
"7014857",371856,2025-07-08 14:11:09,43.1781311035156,-8.61019515991211,"Unknown"
"7014857",371856,2025-07-08 14:16:03,43.2116241455078,-8.64487838745117,"Unknown"
"7014857",371856,2025-07-08 14:21:14,43.2248229980469,-8.65442276000977,"Unknown"
"7014857",371856,2025-07-08 14:26:04,43.2381362915039,-8.68283748626709,"Unknown"
"7014857",371856,2025-07-08 14:31:33,43.2568359375,-8.69476890563965,"Unknown"
"7014857",371856,2025-07-08 14:36:03,43.2797431945801,-8.70137596130371,"Unknown"
"7014857",371856,2025-07-08 14:41:03,43.2985496520996,-8.75444984436035,"Unknown"
"7014857",371856,2025-07-08 14:46:03,43.3218765258789,-8.80995559692383,"Unknown"
"7014857",371856,2025-07-08 14:51:04,43.3482856750488,-8.84368705749512,"Unknown"
"7014857",371856,2025-07-08 14:56:06,43.3593902587891,-8.84517574310303,"Unknown"
"7014857",371856,2025-07-08 15:01:04,43.3594398498535,-8.84536361694336,"Unknown"
"7014857",371856,2025-07-08 15:06:04,43.369441986084,-8.84487628936768,"Unknown"
"7014857",371856,2025-07-08 15:11:10,43.3793067932129,-8.84811496734619,"Unknown"
"7014857",371856,2025-07-08 15:16:04,43.3901977539062,-8.84165287017822,"Unknown"
"7014857",371856,2025-07-08 15:21:11,43.3970260620117,-8.82696533203125,"Unknown"
"7014857",371856,2025-07-08 15:26:06,43.4038734436035,-8.81182479858398,"Unknown"
"7014857",371856,2025-07-08 15:31:09,43.4084815979004,-8.7955150604248,"Unknown"
"7014857",371856,2025-07-08 15:36:07,43.4119758605957,-8.77812671661377,"Unknown"
"7014857",371856,2025-07-08 15:42:01,43.4105987548828,-8.7548828125,"Unknown"
"7014857",371856,2025-07-08 15:46:26,43.4100532531738,-8.73479557037354,"Unknown"
"7014857",371856,2025-07-08 15:56:08,43.4059219360352,-8.68727684020996,"Unknown"
"7014857",371856,2025-07-08 16:02:28,43.405387878418,-8.6683874130249,"Unknown"
"7014857",371856,2025-07-08 16:07:28,43.4039039611816,-8.65540313720703,"Unknown"
"7014857",371856,2025-07-08 16:12:28,43.4026031494141,-8.64279079437256,"Unknown"
"7014857",371856,2025-07-08 16:16:44,43.4021072387695,-8.63268089294434,"Unknown"
"7014857",371856,2025-07-08 16:21:04,43.4019927978516,-8.62063694000244,"Unknown"
"7014857",371856,2025-07-08 16:26:06,43.4010772705078,-8.60729503631592,"Unknown"
"7014857",371856,2025-07-08 16:31:04,43.401252746582,-8.59413433074951,"Unknown"
"7014857",371856,2025-07-08 16:36:08,43.4016876220703,-8.58468723297119,"Unknown"
"7014857",371856,2025-07-08 16:41:07,43.4025459289551,-8.56789302825928,"Unknown"
"7014857",371856,2025-07-08 16:47:28,43.4034881591797,-8.55110645294189,"Unknown"
"7014857",371856,2025-07-08 16:51:06,43.4021110534668,-8.54921627044678,"Unknown"
"7014857",371856,2025-07-08 16:56:05,43.4015502929688,-8.55096435546875,"Unknown"
"7014857",371856,2025-07-08 17:01:05,43.3783721923828,-8.5360803604126,"Unknown"
"7014857",371856,2025-07-08 17:06:05,43.3531875610352,-8.52380180358887,"Unknown"
"7014857",371856,2025-07-08 17:11:06,43.353199005127,-8.52325057983398,"Unknown"
"7014857",371856,2025-07-08 17:16:05,43.3532485961914,-8.52339172363281,"Unknown"
"7014857",371856,2025-07-08 17:21:06,43.3532257080078,-8.52329063415527,"Unknown"
"7014857",371856,2025-07-08 17:26:06,43.3531150817871,-8.52318382263184,"Unknown"
"7014857",371856,2025-07-08 17:31:35,43.353157043457,-8.52323722839355,"Unknown"
"7014857",371856,2025-07-08 17:36:07,43.3531150817871,-8.52324104309082,"Unknown"
"7014857",371856,2025-07-08 17:41:06,43.3561630249023,-8.51232719421387,"Unknown"
"7014857",371856,2025-07-08 17:46:06,43.360164642334,-8.48654365539551,"Unknown"
"7014857",371856,2025-07-08 17:51:05,43.3591156005859,-8.46195411682129,"Unknown"
"7014857",371856,2025-07-08 17:56:06,43.3557548522949,-8.45813083648682,"Unknown"
"7014857",371856,2025-07-08 18:01:05,43.3549690246582,-8.45894908905029,"Unknown"
"7014857",371856,2025-07-08 18:06:06,43.3550148010254,-8.45810317993164,"Unknown"
"7014857",371856,2025-07-08 18:11:08,43.3552436828613,-8.45912647247314,"Unknown"
"7014857",371856,2025-07-08 18:16:06,43.353816986084,-8.45763206481934,"Unknown"
"7014857",371856,2025-07-08 18:21:05,43.3354873657227,-8.45032119750977,"Unknown"
"7014857",371856,2025-07-08 18:26:11,43.3096504211426,-8.43777561187744,"Unknown"
"7014857",371856,2025-07-08 18:31:07,43.2851524353027,-8.43709373474121,"Unknown"
"7014857",371856,2025-07-08 18:36:07,43.260066986084,-8.42632961273193,"Unknown"
"7014857",371856,2025-07-08 18:41:06,43.2463111877441,-8.43473625183105,"Unknown"
"7014857",371856,2025-07-08 18:46:07,43.2118263244629,-8.44024848937988,"Unknown"
"7014857",371856,2025-07-08 18:51:07,43.1882781982422,-8.43379306793213,"Unknown"
"7014857",371856,2025-07-08 18:56:09,43.1559906005859,-8.45387363433838,"Unknown"
"7014857",371856,2025-07-08 19:01:12,43.129451751709,-8.47090530395508,"Unknown"
"7014857",371856,2025-07-08 19:06:21,43.1305236816406,-8.47159385681152,"Unknown"
"7014857",371856,2025-07-08 19:11:09,43.1303329467773,-8.47103214263916,"Unknown"
"7014857",371856,2025-07-08 19:16:16,43.1305313110352,-8.47156524658203,"Unknown"
"7014857",371856,2025-07-08 19:21:08,43.1302185058594,-8.47099208831787,"Unknown"
"7014857",371856,2025-07-08 19:26:09,43.1303672790527,-8.47119998931885,"Unknown"
"7014857",371856,2025-07-08 19:31:26,43.1305809020996,-8.4716968536377,"Unknown"
"7014857",371856,2025-07-08 19:36:09,43.13037109375,-8.47135639190674,"Unknown"
"7014857",371856,2025-07-08 19:41:23,43.1305809020996,-8.4716329574585,"Unknown"
"7014857",371856,2025-07-08 19:46:07,43.1305541992188,-8.47159671783447,"Unknown"
"7014857",371856,2025-07-08 19:51:10,43.1304092407227,-8.47135066986084,"Unknown"
"7014857",371856,2025-07-08 19:56:18,43.1305732727051,-8.47164726257324,"Unknown"
"7014857",371856,2025-07-08 20:01:07,43.1304893493652,-8.47142314910889,"Unknown"
"7014857",371856,2025-07-08 20:06:18,43.1305503845215,-8.47146320343018,"Unknown"
"7014857",371856,2025-07-08 20:11:07,43.1308822631836,-8.47197246551514,"Unknown"
"7014857",371856,2025-07-08 20:16:19,43.130615234375,-8.47163105010986,"Unknown"
"7014857",371856,2025-07-08 20:21:19,43.1322059631348,-8.4819164276123,"Unknown"
"7014857",371856,2025-07-08 20:26:35,43.1382102966309,-8.52593421936035,"Unknown"
"7014857",371856,2025-07-08 20:31:06,43.155345916748,-8.55258464813232,"Unknown"
"7014857",371856,2025-07-08 20:36:10,43.1782035827637,-8.5720911026001,"Unknown"
"7014857",371856,2025-07-08 20:41:12,43.2032318115234,-8.58711528778076,"Unknown"
"7014857",371856,2025-07-08 20:46:11,43.2217559814453,-8.62015628814697,"Unknown"
"7014857",371856,2025-07-08 20:51:06,43.2472457885742,-8.65391159057617,"Unknown"
"7014857",371856,2025-07-08 20:56:06,43.2719955444336,-8.66512107849121,"Unknown"
"7014857",371856,2025-07-08 21:02:29,43.2925033569336,-8.71117877960205,"Unknown"
"7014857",371856,2025-07-09 02:03:00,43.3593254089355,-8.84527587890625,"Unknown"
"7014857",371856,2025-07-09 02:47:25,43.3592834472656,-8.84519100189209,"Unknown"
"7014857",371856,2025-07-09 02:52:25,43.3593063354492,-8.84529972076416,"Unknown"
"7014857",371856,2025-07-09 02:57:25,43.3592376708984,-8.84538459777832,"Unknown"
"7014857",371856,2025-07-09 03:02:24,43.3593215942383,-8.84546661376953,"Unknown"
"7014857",371856,2025-07-09 03:07:22,43.359317779541,-8.84555149078369,"Unknown"
"7014857",371856,2025-07-09 03:13:18,43.3590469360352,-8.84516620635986,"Unknown"
"7014857",371856,2025-07-09 03:17:59,43.3593215942383,-8.84527397155762,"Unknown"
"7014857",371856,2025-07-09 03:22:24,43.3593940734863,-8.84521579742432,"Unknown"
"7014857",371856,2025-07-09 03:27:22,43.359317779541,-8.84526062011719,"Unknown"
"7014857",371856,2025-07-09 03:32:22,43.3593559265137,-8.84528541564941,"Unknown"
"7014857",371856,2025-07-09 03:37:22,43.3593559265137,-8.84523868560791,"Unknown"
"7014857",371856,2025-07-09 03:42:22,43.3593482971191,-8.84527492523193,"Unknown"
"7014857",371856,2025-07-09 03:47:23,43.3593711853027,-8.84529495239258,"Unknown"
"7014857",371856,2025-07-09 03:52:24,43.3593521118164,-8.84527015686035,"Unknown"
"7014857",371856,2025-07-09 03:57:22,43.3592758178711,-8.84515190124512,"Unknown"
"7014857",371856,2025-07-09 04:02:22,43.3593635559082,-8.84513759613037,"Unknown"
"7014857",371856,2025-07-09 04:07:29,43.3593864440918,-8.8451623916626,"Unknown"
"7014857",371856,2025-07-09 04:12:23,43.3594627380371,-8.84513092041016,"Unknown"
"7014857",371856,2025-07-09 04:17:24,43.3593978881836,-8.84515953063965,"Unknown"
"7014857",371856,2025-07-09 04:22:24,43.3593788146973,-8.84521770477295,"Unknown"
"7014857",371856,2025-07-09 04:27:28,43.3592147827148,-8.84543895721436,"Unknown"
"7014857",371856,2025-07-09 04:32:28,43.3593902587891,-8.84507942199707,"Unknown"
"7014857",371856,2025-07-09 04:37:21,43.3532981872559,-8.86353778839111,"Unknown"
"7014857",371856,2025-07-09 04:42:22,43.326343536377,-8.8624963760376,"Unknown"
"7014857",371856,2025-07-09 04:47:21,43.3150825500488,-8.85726547241211,"Unknown"
"7014857",371856,2025-07-09 04:52:23,43.2908630371094,-8.85878753662109,"Unknown"
"7014857",371856,2025-07-09 04:57:29,43.284496307373,-8.85465240478516,"Unknown"
"7014857",371856,2025-07-09 05:02:33,43.284496307373,-8.85460472106934,"Unknown"
"7014857",371856,2025-07-09 05:07:46,43.284236907959,-8.85438346862793,"Unknown"
"7014857",371856,2025-07-09 05:12:24,43.2832221984863,-8.85558319091797,"Unknown"
"7014857",371856,2025-07-09 05:17:30,43.2845230102539,-8.85448455810547,"Unknown"
"7014857",371856,2025-07-09 05:22:37,43.2842597961426,-8.8544225692749,"Unknown"
"7014857",371856,2025-07-09 05:27:26,43.2842445373535,-8.85447025299072,"Unknown"
"7014857",371856,2025-07-09 05:32:32,43.2842864990234,-8.85421562194824,"Unknown"
"7014857",371856,2025-07-09 05:37:30,43.2844429016113,-8.85433959960938,"Unknown"
"7014857",371856,2025-07-09 05:42:42,43.2843742370605,-8.85421657562256,"Unknown"
"7014857",371856,2025-07-09 05:47:44,43.296257019043,-8.85786724090576,"Unknown"
"7014857",371856,2025-07-09 05:52:22,43.3277359008789,-8.85715293884277,"Unknown"
"7014857",371856,2025-07-09 05:57:25,43.3545570373535,-8.85518360137939,"Unknown"
"7014857",371856,2025-07-09 06:02:37,43.3593101501465,-8.84528923034668,"Unknown"
"7014857",371856,2025-07-09 06:07:28,43.3593406677246,-8.84516525268555,"Unknown"
"7014857",371856,2025-07-09 06:12:32,43.3439750671387,-8.84756755828857,"Unknown"
"7014857",371856,2025-07-09 06:17:31,43.3162307739258,-8.8463020324707,"Unknown"
"7014857",371856,2025-07-09 06:22:27,43.2864723205566,-8.85523414611816,"Unknown"
"7014857",371856,2025-07-09 06:28:02,43.2846031188965,-8.8546667098999,"Unknown"
"7014857",371856,2025-07-09 06:38:05,43.2838973999023,-8.85456848144531,"Unknown"
"7014857",371856,2025-07-09 06:42:34,43.2842178344727,-8.85489559173584,"Unknown"
"7014857",371856,2025-07-09 06:47:29,43.2841415405273,-8.85445880889893,"Unknown"
"7014857",371856,2025-07-09 06:52:24,43.2839202880859,-8.85484981536865,"Unknown"
"7014857",371856,2025-07-09 06:57:32,43.2844467163086,-8.85333156585693,"Unknown"
"7014857",371856,2025-07-09 07:03:02,43.2845191955566,-8.85442352294922,"Unknown"
"7014857",371856,2025-07-09 07:07:21,43.2693862915039,-8.84688091278076,"Unknown"
"7014857",371856,2025-07-09 07:12:23,43.2663879394531,-8.83176612854004,"Unknown"
"7014857",371856,2025-07-09 07:17:25,43.272289276123,-8.8348331451416,"Unknown"
"7014857",371856,2025-07-09 07:22:21,43.2653160095215,-8.83278179168701,"Unknown"
"7014857",371856,2025-07-09 07:27:21,43.2405776977539,-8.83549213409424,"Unknown"
"7014857",371856,2025-07-09 07:32:36,43.2323265075684,-8.84288215637207,"Unknown"
"7014857",371856,2025-07-09 07:37:31,43.2315711975098,-8.83964061737061,"Unknown"
"7014857",371856,2025-07-09 07:42:32,43.2326965332031,-8.84353637695312,"Unknown"
"7014857",371856,2025-07-09 07:48:02,43.2324104309082,-8.84309864044189,"Unknown"
"7014857",371856,2025-07-09 07:52:26,43.2327766418457,-8.84284400939941,"Unknown"
"7014857",371856,2025-07-09 07:57:25,43.2326545715332,-8.84277153015137,"Unknown"
"7014857",371856,2025-07-09 08:02:33,43.2324485778809,-8.84278583526611,"Unknown"
"7014857",371856,2025-07-09 08:07:32,43.2322044372559,-8.84304141998291,"Unknown"
"7014857",371856,2025-07-09 08:12:32,43.2325325012207,-8.84334659576416,"Unknown"
"7014857",371856,2025-07-09 08:17:26,43.245361328125,-8.84494113922119,"Unknown"
"7014857",371856,2025-07-09 08:22:23,43.2699546813965,-8.85093593597412,"Unknown"
"7014857",371856,2025-07-09 08:27:43,43.2842292785645,-8.85449314117432,"Unknown"
"7014857",371856,2025-07-09 08:32:28,43.2840805053711,-8.85444259643555,"Unknown"
"7014857",371856,2025-07-09 08:37:55,43.2841033935547,-8.85463714599609,"Unknown"
"7014857",371856,2025-07-09 08:42:22,43.2972106933594,-8.85544872283936,"Unknown"
"7014857",371856,2025-07-09 08:47:23,43.305778503418,-8.83184623718262,"Unknown"
"7014857",371856,2025-07-09 08:52:22,43.3046455383301,-8.8078031539917,"Unknown"
"7014857",371856,2025-07-09 08:57:34,43.3083381652832,-8.77576351165771,"Unknown"
"7014857",371856,2025-07-09 09:02:32,43.3105201721191,-8.76529407501221,"Unknown"
"7014857",371856,2025-07-09 09:08:23,43.3075408935547,-8.76277732849121,"Unknown"
"7014857",371856,2025-07-09 09:12:22,43.3035774230957,-8.76107597351074,"Unknown"
"7014857",371856,2025-07-09 09:17:24,43.3234977722168,-8.77401065826416,"Unknown"
"7014857",371856,2025-07-09 09:22:24,43.3163414001465,-8.78610515594482,"Unknown"
"7014857",371856,2025-07-09 09:27:26,43.314395904541,-8.78617095947266,"Unknown"
"7014857",371856,2025-07-09 09:32:24,43.3124771118164,-8.78726577758789,"Unknown"
"7014857",371856,2025-07-09 09:37:31,43.3150367736816,-8.79079246520996,"Unknown"
"7014857",371856,2025-07-09 09:42:24,43.3343963623047,-8.82246017456055,"Unknown"
"7014857",371856,2025-07-09 09:47:40,43.3612365722656,-8.8479118347168,"Unknown"
"7014857",371856,2025-07-09 09:52:43,43.3593330383301,-8.84524440765381,"Unknown"
"7014857",371856,2025-07-09 09:57:28,43.3594169616699,-8.84520435333252,"Unknown"
"7014857",371856,2025-07-09 10:02:24,43.3593826293945,-8.84532833099365,"Unknown"
"7014857",371856,2025-07-09 10:07:23,43.3602561950684,-8.84566211700439,"Unknown"
"7014857",371856,2025-07-09 10:12:22,43.3460845947266,-8.82348537445068,"Unknown"
"7014857",371856,2025-07-09 10:17:21,43.3581275939941,-8.80003547668457,"Unknown"
"7014857",371856,2025-07-09 10:22:24,43.3635940551758,-8.78626728057861,"Unknown"
"7014857",371856,2025-07-09 10:27:23,43.3554191589355,-8.77605056762695,"Unknown"
"7014857",371856,2025-07-09 10:32:22,43.3411293029785,-8.75184726715088,"Unknown"
"7014857",371856,2025-07-09 10:37:22,43.3346214294434,-8.73519992828369,"Unknown"
"7014857",371856,2025-07-09 10:42:22,43.3346939086914,-8.70939540863037,"Unknown"
"7014857",371856,2025-07-09 10:47:44,43.3451881408691,-8.70341300964355,"Unknown"
"7014857",371856,2025-07-09 10:52:26,43.3488731384277,-8.70266532897949,"Unknown"
"7014857",371856,2025-07-09 10:57:26,43.3489761352539,-8.70210361480713,"Unknown"
"7014857",371856,2025-07-09 11:02:25,43.3487129211426,-8.70206356048584,"Unknown"
"7014857",371856,2025-07-09 11:07:22,43.3486175537109,-8.72719192504883,"Unknown"
"7014857",371856,2025-07-09 11:12:21,43.350772857666,-8.75806522369385,"Unknown"
"7014857",371856,2025-07-09 11:17:21,43.3545722961426,-8.80118274688721,"Unknown"
"7014857",371856,2025-07-09 11:22:22,43.359935760498,-8.84613800048828,"Unknown"
"7014857",371856,2025-07-09 11:27:23,43.3596992492676,-8.84496593475342,"Unknown"
"7014857",371856,2025-07-09 11:32:44,43.3593559265137,-8.84537315368652,"Unknown"
"7014857",371856,2025-07-09 11:37:22,43.359432220459,-8.84537220001221,"Unknown"
"7014857",371856,2025-07-09 11:42:22,43.3593826293945,-8.84547996520996,"Unknown"
"7014857",371856,2025-07-09 11:47:22,43.3593788146973,-8.84535980224609,"Unknown"
"7014857",371856,2025-07-09 11:52:44,43.3593444824219,-8.84530448913574,"Unknown"
"7014857",371856,2025-07-09 11:57:25,43.3593482971191,-8.84520053863525,"Unknown"
"7014857",371856,2025-07-09 12:02:23,43.3594131469727,-8.84493637084961,"Unknown"
"7014857",371856,2025-07-09 12:07:24,43.3593559265137,-8.84509754180908,"Unknown"
"7014857",371856,2025-07-09 12:12:28,43.3592834472656,-8.8450288772583,"Unknown"
"7014857",371856,2025-07-09 12:17:22,43.3592681884766,-8.84510898590088,"Unknown"
"7014857",371856,2025-07-09 12:22:28,43.3593330383301,-8.84504699707031,"Unknown"
"7014857",371856,2025-07-09 12:27:22,43.3680191040039,-8.85220623016357,"Unknown"
"7014857",371856,2025-07-09 12:32:29,43.3713989257812,-8.85407829284668,"Unknown"
"7014857",371856,2025-07-09 12:37:29,43.3701438903809,-8.84996700286865,"Unknown"
"7014857",371856,2025-07-09 12:42:26,43.3684997558594,-8.84446239471436,"Unknown"
"7014857",371856,2025-07-09 12:52:32,43.3603096008301,-8.8468017578125,"Unknown"
"7014857",371856,2025-07-09 12:57:31,43.3593597412109,-8.84542465209961,"Unknown"
"7014857",371856,2025-07-09 13:02:31,43.3593521118164,-8.84546852111816,"Unknown"
"7014857",371856,2025-07-09 13:07:33,43.3696212768555,-8.84416484832764,"Unknown"
"7014857",371856,2025-07-09 13:12:33,43.3721008300781,-8.85336875915527,"Unknown"
"7014857",371856,2025-07-09 13:17:36,43.3716850280762,-8.85199546813965,"Unknown"
"7014857",371856,2025-07-09 13:22:45,43.3595275878906,-8.8453197479248,"Unknown"
"7014857",371856,2025-07-09 13:27:31,43.3595199584961,-8.84498023986816,"Unknown"
"7014857",371856,2025-07-09 13:33:17,43.359504699707,-8.8454418182373,"Unknown"
"7014857",371856,2025-07-09 13:37:29,43.3596496582031,-8.84518337249756,"Unknown"
"7014857",371856,2025-07-09 13:42:53,43.3593788146973,-8.84522724151611,"Unknown"
"7014857",371856,2025-07-09 13:47:22,43.3595542907715,-8.84544849395752,"Unknown"
"7014857",371856,2025-07-09 13:52:24,43.3596496582031,-8.84521961212158,"Unknown"
"7014857",371856,2025-07-09 13:57:22,43.3642845153809,-8.81611347198486,"Unknown"
"7014857",371856,2025-07-09 14:02:23,43.3677787780762,-8.77873611450195,"Unknown"
"7014857",371856,2025-07-09 14:07:22,43.3763084411621,-8.74503898620605,"Unknown"
"7014857",371856,2025-07-09 14:12:22,43.3917427062988,-8.73680305480957,"Unknown"
"7014857",371856,2025-07-09 14:17:23,43.392406463623,-8.70557308197021,"Unknown"
"7014857",371856,2025-07-09 14:22:22,43.3931083679199,-8.70103359222412,"Unknown"
"7014857",371856,2025-07-09 14:27:22,43.4011192321777,-8.70964908599854,"Unknown"
"7014857",371856,2025-07-09 14:32:22,43.417724609375,-8.73483943939209,"Unknown"
"7014857",371856,2025-07-09 14:37:23,43.3951148986816,-8.74458980560303,"Unknown"
"7014857",371856,2025-07-09 14:42:22,43.3786087036133,-8.72361087799072,"Unknown"
"7014857",371856,2025-07-09 14:47:28,43.3544807434082,-8.70050239562988,"Unknown"
"7014857",371856,2025-07-09 14:52:24,43.3536071777344,-8.69948291778564,"Unknown"
"7014857",371856,2025-07-09 14:57:24,43.3539657592773,-8.69913005828857,"Unknown"
"7014857",371856,2025-07-09 15:02:30,43.3540077209473,-8.69911766052246,"Unknown"
"7014857",371856,2025-07-09 15:07:42,43.3525085449219,-8.71741199493408,"Unknown"
"7014857",371856,2025-07-09 15:12:22,43.3496780395508,-8.7441520690918,"Unknown"
"7014857",371856,2025-07-09 15:17:25,43.3501586914062,-8.78139972686768,"Unknown"
"7014857",371856,2025-07-09 15:22:22,43.3634185791016,-8.81153964996338,"Unknown"
"7014857",371856,2025-07-09 15:27:34,43.3574523925781,-8.84195423126221,"Unknown"
"7014857",371856,2025-07-09 15:32:32,43.3593101501465,-8.84537315368652,"Unknown"
"7014857",371856,2025-07-09 15:37:31,43.3592224121094,-8.84539413452148,"Unknown"
"7014857",371856,2025-07-09 15:42:30,43.3591232299805,-8.84560298919678,"Unknown"
"7014857",371856,2025-07-09 15:47:45,43.3593902587891,-8.84538173675537,"Unknown"
"7014857",371856,2025-07-09 15:52:31,43.3593978881836,-8.84536933898926,"Unknown"
"7014857",371856,2025-07-09 15:57:26,43.3593864440918,-8.8453311920166,"Unknown"
"7014857",371856,2025-07-09 16:02:22,43.3594055175781,-8.84519100189209,"Unknown"
"7014857",371856,2025-07-09 16:07:22,43.3594818115234,-8.8450984954834,"Unknown"
"7014857",371856,2025-07-09 16:12:24,43.3595008850098,-8.84510135650635,"Unknown"
"7014857",371856,2025-07-09 16:17:28,43.3593254089355,-8.84494972229004,"Unknown"
"7014857",371856,2025-07-09 16:22:23,43.3594017028809,-8.844970703125,"Unknown"
"7014857",371856,2025-07-09 16:27:31,43.3594245910645,-8.84512042999268,"Unknown"
"7014857",371856,2025-07-09 16:32:40,43.3594093322754,-8.84502696990967,"Unknown"
"7014857",371856,2025-07-09 16:37:30,43.3595199584961,-8.84513854980469,"Unknown"
"7014857",371856,2025-07-09 16:42:39,43.358585357666,-8.84618091583252,"Unknown"
"7014857",371856,2025-07-09 16:47:39,43.3585090637207,-8.84622669219971,"Unknown"
"7014857",371856,2025-07-09 16:52:29,43.3597030639648,-8.84487152099609,"Unknown"
"7014857",371856,2025-07-09 16:57:31,43.3597259521484,-8.84461116790771,"Unknown"
"7014857",371856,2025-07-09 17:02:30,43.3597106933594,-8.84445762634277,"Unknown"
"7014857",371856,2025-07-09 17:07:25,43.359977722168,-8.84452056884766,"Unknown"
"7014857",371856,2025-07-09 17:12:26,43.3600234985352,-8.84520816802979,"Unknown"
"7014857",371856,2025-07-09 17:17:26,43.3600463867188,-8.84460639953613,"Unknown"
"7014857",371856,2025-07-09 17:22:29,43.3600463867188,-8.84480571746826,"Unknown"
"7014857",371856,2025-07-09 17:27:31,43.359977722168,-8.8447847366333,"Unknown"
"7014857",371856,2025-07-09 17:32:45,43.3751792907715,-8.83995246887207,"Unknown"
"7014857",371856,2025-07-09 17:37:22,43.379955291748,-8.8388500213623,"Unknown"
"7014857",371856,2025-07-09 17:42:43,43.4148368835449,-8.82472038269043,"Unknown"
"7014857",371856,2025-07-09 17:47:24,43.4430923461914,-8.80003547668457,"Unknown"
"7014857",371856,2025-07-09 17:52:26,43.469612121582,-8.78095722198486,"Unknown"
"7014857",371856,2025-07-09 17:57:24,43.49267578125,-8.76111221313477,"Unknown"
"7014857",371856,2025-07-09 18:02:22,43.4979133605957,-8.74608135223389,"Unknown"
"7014857",371856,2025-07-09 18:07:23,43.5012435913086,-8.71990776062012,"Unknown"
"7014857",371856,2025-07-09 18:12:22,43.5127105712891,-8.70043277740479,"Unknown"
"7014857",371856,2025-07-09 18:17:22,43.5104179382324,-8.67311191558838,"Unknown"
"7014857",371856,2025-07-09 18:22:24,43.4950523376465,-8.64568710327148,"Unknown"
"7014857",371856,2025-07-09 18:27:31,43.4902076721191,-8.63158512115479,"Unknown"
"7014857",371856,2025-07-09 18:32:43,43.4855804443359,-8.61712551116943,"Unknown"
"7014857",371856,2025-07-09 18:37:32,43.4818153381348,-8.60305309295654,"Unknown"
"7014857",371856,2025-07-09 18:42:37,43.4764366149902,-8.58826351165771,"Unknown"
"7014857",371856,2025-07-09 18:47:44,43.4746551513672,-8.58170890808105,"Unknown"
"7014857",371856,2025-07-09 18:52:24,43.4751129150391,-8.58109760284424,"Unknown"
"7014857",371856,2025-07-09 18:57:29,43.475471496582,-8.5809268951416,"Unknown"
"7014857",371856,2025-07-09 19:02:25,43.4756088256836,-8.580246925354,"Unknown"
"7014857",371856,2025-07-09 19:07:27,43.476016998291,-8.57896423339844,"Unknown"
"7014857",371856,2025-07-09 19:12:24,43.4669303894043,-8.57739162445068,"Unknown"
"7014857",371856,2025-07-09 19:17:23,43.4417266845703,-8.57621574401855,"Unknown"
"7014857",371856,2025-07-09 19:22:23,43.430290222168,-8.59929656982422,"Unknown"
"7014857",371856,2025-07-09 19:27:24,43.4254608154297,-8.63025569915771,"Unknown"
"7014857",371856,2025-07-09 19:32:31,43.4236297607422,-8.6646785736084,"Unknown"
"7014857",371856,2025-07-09 19:37:31,43.4137153625488,-8.68774890899658,"Unknown"
"7014857",371856,2025-07-09 19:42:31,43.4119911193848,-8.68746852874756,"Unknown"
"7014857",371856,2025-07-09 19:47:59,43.382209777832,-8.67421436309814,"Unknown"
"7014857",371856,2025-07-09 19:52:23,43.3511199951172,-8.65953063964844,"Unknown"
"7014857",371856,2025-07-09 19:57:23,43.3373870849609,-8.65617942810059,"Unknown"
"7014857",371856,2025-07-09 20:02:23,43.3367691040039,-8.65530586242676,"Unknown"
"7014857",371856,2025-07-09 20:07:26,43.336124420166,-8.6537504196167,"Unknown"
"7014857",371856,2025-07-09 20:12:22,43.3300590515137,-8.62232971191406,"Unknown"
"7014857",371856,2025-07-09 20:17:23,43.3285140991211,-8.61398696899414,"Unknown"
"7014857",371856,2025-07-09 20:22:25,43.328987121582,-8.61328125,"Unknown"
"7014857",371856,2025-07-09 20:27:25,43.329216003418,-8.61239433288574,"Unknown"
"7014857",371856,2025-07-09 20:32:30,43.3281936645508,-8.61125469207764,"Unknown"
"7014857",371856,2025-07-09 20:37:28,43.3303031921387,-8.60614681243896,"Unknown"
"7014857",371856,2025-07-09 20:42:24,43.3456611633301,-8.58191204071045,"Unknown"
"7014857",371856,2025-07-09 20:47:29,43.3449897766113,-8.57878112792969,"Unknown"
"7014857",371856,2025-07-09 20:52:26,43.3408851623535,-8.5722074508667,"Unknown"
"7014857",371856,2025-07-09 20:57:22,43.3398513793945,-8.57489395141602,"Unknown"
"7014857",371856,2025-07-09 21:01:53,43.3358459472656,-8.57930088043213,"Unknown"
"7014857",371856,2025-07-10 02:02:14,43.3595008850098,-8.84515762329102,"Unknown"
"7014857",371856,2025-07-10 02:47:47,43.3593864440918,-8.84537887573242,"Unknown"
"7014857",371856,2025-07-10 02:52:48,43.3593330383301,-8.84540176391602,"Unknown"
"7014857",371856,2025-07-10 02:57:47,43.3593978881836,-8.84536170959473,"Unknown"
"7014857",371856,2025-07-10 03:02:47,43.3592376708984,-8.845534324646,"Unknown"
"7014857",371856,2025-07-10 03:07:47,43.359260559082,-8.84555149078369,"Unknown"
"7014857",371856,2025-07-10 03:12:52,43.3594017028809,-8.84530735015869,"Unknown"
"7014857",371856,2025-07-10 03:17:47,43.3592224121094,-8.84554195404053,"Unknown"
"7014857",371856,2025-07-10 03:22:47,43.3592910766602,-8.84547233581543,"Unknown"
"7014857",371856,2025-07-10 03:27:47,43.3592796325684,-8.84547233581543,"Unknown"
"7014857",371856,2025-07-10 03:32:47,43.3592834472656,-8.84534931182861,"Unknown"
"7014857",371856,2025-07-10 03:37:47,43.3592987060547,-8.8453311920166,"Unknown"
"7014857",371856,2025-07-10 03:42:47,43.3592796325684,-8.84537696838379,"Unknown"
"7014857",371856,2025-07-10 03:47:47,43.3592796325684,-8.84537315368652,"Unknown"
"7014857",371856,2025-07-10 03:52:47,43.3592720031738,-8.84531211853027,"Unknown"
"7014857",371856,2025-07-10 03:57:50,43.3592796325684,-8.84545707702637,"Unknown"
"7014857",371856,2025-07-10 04:02:48,43.3593292236328,-8.84540557861328,"Unknown"
"7014857",371856,2025-07-10 04:07:47,43.3593254089355,-8.84529972076416,"Unknown"
"7014857",371856,2025-07-10 04:12:48,43.359260559082,-8.84529209136963,"Unknown"
"7014857",371856,2025-07-10 04:17:47,43.3591423034668,-8.8449535369873,"Unknown"
"7014857",371856,2025-07-10 04:22:48,43.359245300293,-8.84513854980469,"Unknown"
"7014857",371856,2025-07-10 04:27:47,43.3592529296875,-8.84512615203857,"Unknown"
"7014857",371856,2025-07-10 04:32:48,43.3593063354492,-8.84522438049316,"Unknown"
"7014857",371856,2025-07-10 04:37:46,43.3592872619629,-8.8452787399292,"Unknown"
"7014857",371856,2025-07-10 04:42:47,43.3596382141113,-8.84505653381348,"Unknown"
"7014857",371856,2025-07-10 04:47:47,43.3593597412109,-8.84531593322754,"Unknown"
"7014857",371856,2025-07-10 04:52:48,43.3594207763672,-8.84537029266357,"Unknown"
"7014857",371856,2025-07-10 04:57:48,43.3495292663574,-8.85144901275635,"Unknown"
"7014857",371856,2025-07-10 05:02:48,43.3183403015137,-8.8568286895752,"Unknown"
"7014857",371856,2025-07-10 05:07:47,43.3140182495117,-8.85694408416748,"Unknown"
"7014857",371856,2025-07-10 05:12:49,43.3135261535645,-8.85672664642334,"Unknown"
"7014857",371856,2025-07-10 05:17:53,43.3143501281738,-8.85709476470947,"Unknown"
"7014857",371856,2025-07-10 05:22:46,43.3150863647461,-8.85703754425049,"Unknown"
"7014857",371856,2025-07-10 05:27:51,43.3153419494629,-8.85715198516846,"Unknown"
"7014857",371856,2025-07-10 05:32:48,43.3166770935059,-8.85883712768555,"Unknown"
"7014857",371856,2025-07-10 05:37:48,43.3166465759277,-8.85860729217529,"Unknown"
"7014857",371856,2025-07-10 05:42:51,43.3147163391113,-8.85726642608643,"Unknown"
"7014857",371856,2025-07-10 05:47:47,43.3162307739258,-8.85888290405273,"Unknown"
"7014857",371856,2025-07-10 05:52:47,43.317699432373,-8.85929012298584,"Unknown"
"7014857",371856,2025-07-10 05:57:46,43.3468933105469,-8.84769630432129,"Unknown"
"7014857",371856,2025-07-10 06:02:48,43.3598365783691,-8.84529972076416,"Unknown"
"7014857",371856,2025-07-10 06:07:47,43.3598213195801,-8.8453483581543,"Unknown"
"7014857",371856,2025-07-10 06:12:47,43.3593482971191,-8.84535789489746,"Unknown"
"7014857",371856,2025-07-10 06:17:54,43.3594284057617,-8.84532928466797,"Unknown"
"7014857",371856,2025-07-10 06:22:48,43.3594932556152,-8.84539890289307,"Unknown"
"7014857",371856,2025-07-10 06:27:49,43.3598327636719,-8.84531021118164,"Unknown"
"7014857",371856,2025-07-10 06:32:50,43.3591117858887,-8.84541988372803,"Unknown"
"7014857",371856,2025-07-10 06:37:47,43.3544425964355,-8.84581470489502,"Unknown"
"7014857",371856,2025-07-10 06:42:47,43.3263931274414,-8.84846115112305,"Unknown"
"7014857",371856,2025-07-10 06:47:51,43.3044090270996,-8.84538269042969,"Unknown"
"7014857",371856,2025-07-10 06:52:48,43.3041954040527,-8.84494304656982,"Unknown"
"7014857",371856,2025-07-10 06:57:51,43.3040657043457,-8.84515762329102,"Unknown"
"7014857",371856,2025-07-10 07:02:47,43.3043365478516,-8.84492874145508,"Unknown"
"7014857",371856,2025-07-10 07:08:00,43.3042182922363,-8.84511852264404,"Unknown"
"7014857",371856,2025-07-10 07:12:48,43.3039855957031,-8.84511184692383,"Unknown"
"7014857",371856,2025-07-10 07:17:48,43.3044052124023,-8.84512233734131,"Unknown"
"7014857",371856,2025-07-10 07:22:53,43.3039169311523,-8.84492111206055,"Unknown"
"7014857",371856,2025-07-10 07:27:49,43.3044509887695,-8.84562683105469,"Unknown"
"7014857",371856,2025-07-10 07:32:47,43.293342590332,-8.85526752471924,"Unknown"
"7014857",371856,2025-07-10 07:37:54,43.284107208252,-8.85428810119629,"Unknown"
"7014857",371856,2025-07-10 07:42:48,43.2843475341797,-8.85409164428711,"Unknown"
"7014857",371856,2025-07-10 07:47:52,43.2841835021973,-8.85419178009033,"Unknown"
"7014857",371856,2025-07-10 07:52:46,43.2905158996582,-8.85917949676514,"Unknown"
"7014857",371856,2025-07-10 07:57:48,43.3136253356934,-8.85684776306152,"Unknown"
"7014857",371856,2025-07-10 08:02:48,43.3138771057129,-8.85652732849121,"Unknown"
"7014857",371856,2025-07-10 08:07:48,43.3142547607422,-8.8558931350708,"Unknown"
"7014857",371856,2025-07-10 08:12:52,43.3139610290527,-8.85680389404297,"Unknown"
"7014857",371856,2025-07-10 08:17:49,43.3262367248535,-8.85114192962646,"Unknown"
"7014857",371856,2025-07-10 08:22:49,43.3542709350586,-8.84288597106934,"Unknown"
"7014857",371856,2025-07-10 08:28:00,43.359447479248,-8.84513187408447,"Unknown"
"7014857",371856,2025-07-10 08:32:49,43.3594207763672,-8.84517955780029,"Unknown"
"7014857",371856,2025-07-10 08:37:52,43.3591918945312,-8.84543418884277,"Unknown"
"7014857",371856,2025-07-10 08:42:54,43.3588600158691,-8.84472370147705,"Unknown"
"7014857",371856,2025-07-10 08:47:49,43.359504699707,-8.84525871276855,"Unknown"
"7014857",371856,2025-07-10 08:52:48,43.3593330383301,-8.84533309936523,"Unknown"
"7014857",371856,2025-07-10 08:57:49,43.329044342041,-8.84881401062012,"Unknown"
"7014857",371856,2025-07-10 09:02:52,43.2972030639648,-8.85664367675781,"Unknown"
"7014857",371856,2025-07-10 09:08:09,43.2839508056641,-8.8541088104248,"Unknown"
"7014857",371856,2025-07-10 09:12:47,43.2840156555176,-8.85499000549316,"Unknown"
"7014857",371856,2025-07-10 09:17:54,43.2841262817383,-8.85572338104248,"Unknown"
"7014857",371856,2025-07-10 09:22:52,43.2843971252441,-8.85414886474609,"Unknown"
"7014857",371856,2025-07-10 09:27:49,43.2844047546387,-8.85389709472656,"Unknown"
"7014857",371856,2025-07-10 09:32:52,43.2842292785645,-8.85433197021484,"Unknown"
"7014857",371856,2025-07-10 09:37:49,43.2809066772461,-8.84896659851074,"Unknown"
"7014857",371856,2025-07-10 09:42:48,43.277774810791,-8.84157752990723,"Unknown"
"7014857",371856,2025-07-10 09:47:49,43.2792625427246,-8.82448863983154,"Unknown"
"7014857",371856,2025-07-10 09:52:47,43.2999687194824,-8.79060554504395,"Unknown"
"7014857",371856,2025-07-10 09:57:47,43.3091812133789,-8.75168800354004,"Unknown"
"7014857",371856,2025-07-10 10:02:48,43.3302879333496,-8.72829151153564,"Unknown"
"7014857",371856,2025-07-10 10:07:56,43.3374862670898,-8.72501945495605,"Unknown"
"7014857",371856,2025-07-10 10:12:47,43.3391036987305,-8.72418880462646,"Unknown"
"7014857",371856,2025-07-10 10:18:05,43.3411293029785,-8.72684574127197,"Unknown"
"7014857",371856,2025-07-10 10:22:47,43.3436393737793,-8.74603271484375,"Unknown"
"7014857",371856,2025-07-10 10:27:46,43.3486289978027,-8.78152656555176,"Unknown"
"7014857",371856,2025-07-10 10:32:47,43.3560256958008,-8.81386375427246,"Unknown"
"7014857",371856,2025-07-10 10:37:47,43.3603744506836,-8.84379005432129,"Unknown"
"7014857",371856,2025-07-10 10:42:51,43.3594207763672,-8.84525871276855,"Unknown"
"7014857",371856,2025-07-10 10:47:52,43.3594245910645,-8.84507656097412,"Unknown"
"7014857",371856,2025-07-10 10:52:46,43.359302520752,-8.84490013122559,"Unknown"
"7014857",371856,2025-07-10 10:57:48,43.3593368530273,-8.84492301940918,"Unknown"
"7014857",371856,2025-07-10 11:02:48,43.3592720031738,-8.84481906890869,"Unknown"
"7014857",371856,2025-07-10 11:07:53,43.3592720031738,-8.84502506256104,"Unknown"
"7014857",371856,2025-07-10 11:12:48,43.3595199584961,-8.84511852264404,"Unknown"
"7014857",371856,2025-07-10 11:17:47,43.3593788146973,-8.84506225585938,"Unknown"
"7014857",371856,2025-07-10 11:22:49,43.3593635559082,-8.84512996673584,"Unknown"
"7014857",371856,2025-07-10 11:27:47,43.3591957092285,-8.84580039978027,"Unknown"
"7014857",371856,2025-07-10 11:32:47,43.3433494567871,-8.8086109161377,"Unknown"
"7014857",371856,2025-07-10 11:37:49,43.3410301208496,-8.77409934997559,"Unknown"
"7014857",371856,2025-07-10 11:42:52,43.3344268798828,-8.78221702575684,"Unknown"
"7014857",371856,2025-07-10 11:47:46,43.319751739502,-8.76565742492676,"Unknown"
"7014857",371856,2025-07-10 11:52:47,43.2922821044922,-8.71921730041504,"Unknown"
"7014857",371856,2025-07-10 11:57:47,43.2777900695801,-8.67403507232666,"Unknown"
"7014857",371856,2025-07-10 12:02:47,43.2663383483887,-8.65103340148926,"Unknown"
"7014857",371856,2025-07-10 12:07:47,43.2458267211914,-8.62579536437988,"Unknown"
"7014857",371856,2025-07-10 12:12:48,43.2256240844727,-8.60688304901123,"Unknown"
"7014857",371856,2025-07-10 12:17:47,43.2038383483887,-8.58857250213623,"Unknown"
"7014857",371856,2025-07-10 12:23:23,43.1974334716797,-8.56086158752441,"Unknown"
"7014857",371856,2025-07-10 12:27:48,43.1895599365234,-8.54534244537354,"Unknown"
"7014857",371856,2025-07-10 12:32:46,43.1639251708984,-8.51346015930176,"Unknown"
"7014857",371856,2025-07-10 12:37:46,43.1404418945312,-8.48579406738281,"Unknown"
"7014857",371856,2025-07-10 12:42:53,43.1303176879883,-8.47190093994141,"Unknown"
"7014857",371856,2025-07-10 12:47:51,43.1300773620605,-8.47216129302979,"Unknown"
"7014857",371856,2025-07-10 12:52:52,43.1302032470703,-8.47216701507568,"Unknown"
"7014857",371856,2025-07-10 12:57:55,43.1300277709961,-8.47207355499268,"Unknown"
"7014857",371856,2025-07-10 13:02:46,43.1303787231445,-8.47189807891846,"Unknown"
"7014857",371856,2025-07-10 13:07:49,43.130256652832,-8.47205924987793,"Unknown"
"7014857",371856,2025-07-10 13:13:02,43.1302185058594,-8.47192764282227,"Unknown"
"7014857",371856,2025-07-10 13:18:14,43.1315383911133,-8.47135162353516,"Unknown"
"7014857",371856,2025-07-10 13:22:54,43.1306648254395,-8.471923828125,"Unknown"
"7014857",371856,2025-07-10 13:27:49,43.1306304931641,-8.47195053100586,"Unknown"
"7014857",371856,2025-07-10 13:33:00,43.1300506591797,-8.47206783294678,"Unknown"
"7014857",371856,2025-07-10 13:37:48,43.1303596496582,-8.47205924987793,"Unknown"
"7014857",371856,2025-07-10 13:42:50,43.1304626464844,-8.47190856933594,"Unknown"
"7014857",371856,2025-07-10 13:47:47,43.1304359436035,-8.47194290161133,"Unknown"
"7014857",371856,2025-07-10 13:52:48,43.130500793457,-8.47201347351074,"Unknown"
"7014857",371856,2025-07-10 13:58:14,43.1304168701172,-8.47194385528564,"Unknown"
"7014857",371856,2025-07-10 14:02:48,43.133113861084,-8.46932029724121,"Unknown"
"7014857",371856,2025-07-10 14:07:48,43.1332054138184,-8.46942806243896,"Unknown"
"7014857",371856,2025-07-10 14:12:53,43.1330108642578,-8.46925640106201,"Unknown"
"7014857",371856,2025-07-10 14:18:09,43.1337928771973,-8.47074794769287,"Unknown"
"7014857",371856,2025-07-10 14:22:53,43.1338539123535,-8.4706916809082,"Unknown"
"7014857",371856,2025-07-10 14:27:55,43.1335525512695,-8.4705638885498,"Unknown"
"7014857",371856,2025-07-10 14:32:54,43.133659362793,-8.47067451477051,"Unknown"
"7014857",371856,2025-07-10 14:38:11,43.1335792541504,-8.47049713134766,"Unknown"
"7014857",371856,2025-07-10 14:42:54,43.1344413757324,-8.47116756439209,"Unknown"
"7014857",371856,2025-07-10 14:48:14,43.1338081359863,-8.47070598602295,"Unknown"
"7014857",371856,2025-07-10 14:52:47,43.133861541748,-8.47071838378906,"Unknown"
"7014857",371856,2025-07-10 14:58:08,43.1337928771973,-8.47056007385254,"Unknown"
"7014857",371856,2025-07-10 15:02:54,43.1338691711426,-8.47035598754883,"Unknown"
"7014857",371856,2025-07-10 15:07:53,43.126766204834,-8.4783992767334,"Unknown"
"7014857",371856,2025-07-10 15:12:55,43.0981903076172,-8.49512958526611,"Unknown"
"7014857",371856,2025-07-10 15:17:48,43.0984764099121,-8.49613285064697,"Unknown"
"7014857",371856,2025-07-10 15:23:06,43.0981292724609,-8.49552249908447,"Unknown"
"7014857",371856,2025-07-10 15:27:47,43.100212097168,-8.4978141784668,"Unknown"
"7014857",371856,2025-07-10 15:32:53,43.0976181030273,-8.4959077835083,"Unknown"
"7014857",371856,2025-07-10 15:37:49,43.1024932861328,-8.51173210144043,"Unknown"
"7014857",371856,2025-07-10 15:42:54,43.1146507263184,-8.54619693756104,"Unknown"
"7014857",371856,2025-07-10 15:48:15,43.130916595459,-8.56092643737793,"Unknown"
"7014857",371856,2025-07-10 15:53:14,43.1311531066895,-8.56091785430908,"Unknown"
"7014857",371856,2025-07-10 15:57:48,43.131046295166,-8.56082153320312,"Unknown"
"7014857",371856,2025-07-10 16:02:56,43.1312522888184,-8.56121063232422,"Unknown"
"7014857",371856,2025-07-10 16:07:46,43.1326751708984,-8.56453323364258,"Unknown"
"7014857",371856,2025-07-10 16:12:53,43.1336250305176,-8.56476783752441,"Unknown"
"7014857",371856,2025-07-10 16:17:55,43.1335983276367,-8.56447792053223,"Unknown"
"7014857",371856,2025-07-10 16:22:53,43.1337738037109,-8.56496524810791,"Unknown"
"7014857",371856,2025-07-10 16:27:46,43.1536636352539,-8.58190631866455,"Unknown"
"7014857",371856,2025-07-10 16:32:47,43.1772766113281,-8.60910606384277,"Unknown"
"7014857",371856,2025-07-10 16:37:47,43.1934471130371,-8.62072849273682,"Unknown"
"7014857",371856,2025-07-10 16:43:00,43.215633392334,-8.64908981323242,"Unknown"
"7014857",371856,2025-07-10 16:48:15,43.2398071289062,-8.68484306335449,"Unknown"
"7014857",371856,2025-07-10 16:52:48,43.2552070617676,-8.70626544952393,"Unknown"
"7014857",371856,2025-07-10 16:57:54,43.2858238220215,-8.72193717956543,"Unknown"
"7014857",371856,2025-07-10 17:03:02,43.3003692626953,-8.75681304931641,"Unknown"
"7014857",371856,2025-07-10 17:08:02,43.3084831237793,-8.79017639160156,"Unknown"
"7014857",371856,2025-07-10 17:13:13,43.3242797851562,-8.81637287139893,"Unknown"
"7014857",371856,2025-07-10 17:18:13,43.3447875976562,-8.83791637420654,"Unknown"
"7014857",371856,2025-07-10 17:22:48,43.359504699707,-8.84536075592041,"Unknown"
"7014857",371856,2025-07-10 17:28:00,43.359733581543,-8.84491062164307,"Unknown"
"7014857",371856,2025-07-10 17:32:55,43.3596687316895,-8.84529876708984,"Unknown"
"7014857",371856,2025-07-10 17:38:01,43.3593215942383,-8.84481620788574,"Unknown"
"7014857",371856,2025-07-10 17:42:54,43.3594436645508,-8.84549617767334,"Unknown"
"7014857",371856,2025-07-10 17:48:23,43.3593978881836,-8.84514617919922,"Unknown"
"7014857",371856,2025-07-10 17:52:47,43.3593788146973,-8.84528255462646,"Unknown"
"7014857",371856,2025-07-10 17:57:46,43.3697662353516,-8.86224842071533,"Unknown"
"7014857",371856,2025-07-10 18:02:46,43.3731269836426,-8.8623685836792,"Unknown"
"7014857",371856,2025-07-10 18:07:47,43.3730163574219,-8.86284351348877,"Unknown"
"7014857",371856,2025-07-10 18:12:49,43.3740196228027,-8.8653507232666,"Unknown"
"7014857",371856,2025-07-10 18:17:46,43.3748626708984,-8.86372089385986,"Unknown"
"7014857",371856,2025-07-10 18:22:46,43.3748817443848,-8.86419200897217,"Unknown"
"7014857",371856,2025-07-10 18:27:48,43.3609809875488,-8.84856414794922,"Unknown"
"7014857",371856,2025-07-10 18:34:08,43.3579330444336,-8.84616851806641,"Unknown"
"7014857",371856,2025-07-10 18:37:48,43.3593292236328,-8.84510612487793,"Unknown"
"7014857",371856,2025-07-10 18:42:50,43.3592681884766,-8.84517192840576,"Unknown"
"7014857",371856,2025-07-10 18:47:50,43.3593559265137,-8.8450927734375,"Unknown"
"7014857",371856,2025-07-10 18:52:47,43.3593597412109,-8.84510231018066,"Unknown"
"7014857",371856,2025-07-10 18:57:46,43.3593673706055,-8.84495544433594,"Unknown"
"7014857",371856,2025-07-10 19:02:46,43.3592529296875,-8.84503841400146,"Unknown"
"7014857",371856,2025-07-10 19:07:50,43.3594779968262,-8.84544086456299,"Unknown"
"7014857",371856,2025-07-10 19:12:52,43.3592224121094,-8.84514236450195,"Unknown"
"7014857",371856,2025-07-10 19:18:00,43.3592948913574,-8.84526062011719,"Unknown"
"7014857",371856,2025-07-10 19:22:54,43.3590202331543,-8.84471893310547,"Unknown"
"7014857",371856,2025-07-10 19:28:14,43.3593330383301,-8.84526348114014,"Unknown"
"7014857",371856,2025-07-10 19:32:47,43.3594017028809,-8.84534072875977,"Unknown"
"7014857",371856,2025-07-10 19:37:46,43.3593826293945,-8.84513282775879,"Unknown"
"7014857",371856,2025-07-10 19:42:47,43.3543167114258,-8.8499870300293,"Unknown"
"7014857",371856,2025-07-10 19:48:15,43.3297729492188,-8.87601947784424,"Unknown"
"7014857",371856,2025-07-10 19:52:58,43.3293075561523,-8.87696838378906,"Unknown"
"7014857",371856,2025-07-10 19:58:07,43.3295745849609,-8.87739181518555,"Unknown"
"7014857",371856,2025-07-10 20:02:58,43.3292350769043,-8.87657260894775,"Unknown"
"7014857",371856,2025-07-10 20:08:01,43.3297805786133,-8.87845325469971,"Unknown"
"7014857",371856,2025-07-10 20:13:14,43.3300933837891,-8.8793420791626,"Unknown"
"7014857",371856,2025-07-10 20:17:51,43.3303642272949,-8.87963199615479,"Unknown"
"7014857",371856,2025-07-10 20:23:23,43.3308296203613,-8.88033866882324,"Unknown"
"7014857",371856,2025-07-10 20:27:48,43.331127166748,-8.88021373748779,"Unknown"
"7014857",371856,2025-07-10 20:32:47,43.3314590454102,-8.88044834136963,"Unknown"
"7014857",371856,2025-07-10 20:37:47,43.331859588623,-8.8805103302002,"Unknown"
"7014857",371856,2025-07-10 20:42:54,43.3315353393555,-8.87985992431641,"Unknown"
"7014857",371856,2025-07-10 20:48:01,43.3335151672363,-8.88092994689941,"Unknown"
"7014857",371856,2025-07-10 20:53:06,43.3342552185059,-8.88115501403809,"Unknown"
"7014857",371856,2025-07-10 20:58:01,43.334659576416,-8.88151550292969,"Unknown"
"7014857",371856,2025-07-10 21:02:44,43.3444633483887,-8.86638832092285,"Unknown"
"7014857",371856,2025-07-11 02:02:54,43.3588829040527,-8.84531593322754,"Unknown"
"7014857",371856,2025-07-11 02:50:29,43.3593101501465,-8.8452672958374,"Unknown"
"7014857",371856,2025-07-11 02:54:46,43.3593101501465,-8.84578132629395,"Unknown"
"7014857",371856,2025-07-11 02:59:46,43.3592720031738,-8.84500598907471,"Unknown"
"7014857",371856,2025-07-11 03:04:46,43.3592910766602,-8.84519004821777,"Unknown"
"7014857",371856,2025-07-11 03:09:45,43.3592796325684,-8.84528636932373,"Unknown"
"7014857",371856,2025-07-11 03:14:45,43.3592872619629,-8.84521865844727,"Unknown"
"7014857",371856,2025-07-11 03:19:49,43.359260559082,-8.84518718719482,"Unknown"
"7014857",371856,2025-07-11 03:24:49,43.3593559265137,-8.84524250030518,"Unknown"
"7014857",371856,2025-07-11 03:29:49,43.3593254089355,-8.84530067443848,"Unknown"
"7014857",371856,2025-07-11 03:34:47,43.359245300293,-8.8453540802002,"Unknown"
"7014857",371856,2025-07-11 03:39:51,43.3592720031738,-8.84525012969971,"Unknown"
"7014857",371856,2025-07-11 03:44:48,43.3592529296875,-8.84511852264404,"Unknown"
"7014857",371856,2025-07-11 03:49:48,43.359260559082,-8.84514808654785,"Unknown"
"7014857",371856,2025-07-11 03:54:46,43.3593330383301,-8.84533977508545,"Unknown"
"7014857",371856,2025-07-11 03:59:49,43.3592872619629,-8.84522819519043,"Unknown"
"7014857",371856,2025-07-11 04:04:48,43.3593673706055,-8.84530830383301,"Unknown"
"7014857",371856,2025-07-11 04:09:48,43.3593063354492,-8.84525012969971,"Unknown"
"7014857",371856,2025-07-11 04:14:48,43.3592872619629,-8.84532260894775,"Unknown"
"7014857",371856,2025-07-11 04:19:51,43.3593063354492,-8.84525394439697,"Unknown"
"7014857",371856,2025-07-11 04:24:46,43.3593254089355,-8.84525108337402,"Unknown"
"7014857",371856,2025-07-11 04:29:52,43.3592987060547,-8.84523582458496,"Unknown"
"7014857",371856,2025-07-11 04:34:46,43.3592681884766,-8.84526348114014,"Unknown"
"7014857",371856,2025-07-11 04:39:51,43.3592948913574,-8.84528350830078,"Unknown"
"7014857",371856,2025-07-11 04:44:46,43.3593711853027,-8.84509563446045,"Unknown"
"7014857",371856,2025-07-11 04:49:47,43.3648910522461,-8.85857486724854,"Unknown"
"7014857",371856,2025-07-11 04:54:46,43.3887825012207,-8.85418128967285,"Unknown"
"7014857",371856,2025-07-11 04:59:46,43.4169921875,-8.83557033538818,"Unknown"
"7014857",371856,2025-07-11 05:04:49,43.4227027893066,-8.8327465057373,"Unknown"
"7014857",371856,2025-07-11 05:09:49,43.4231643676758,-8.83336448669434,"Unknown"
"7014857",371856,2025-07-11 05:14:46,43.4145240783691,-8.83059597015381,"Unknown"
"7014857",371856,2025-07-11 05:19:46,43.386157989502,-8.83751392364502,"Unknown"
"7014857",371856,2025-07-11 05:25:10,43.3581809997559,-8.84535884857178,"Unknown"
"7014857",371856,2025-07-11 05:29:48,43.3595809936523,-8.84508514404297,"Unknown"
"7014857",371856,2025-07-11 05:34:58,43.3593635559082,-8.84515380859375,"Unknown"
"7014857",371856,2025-07-11 05:39:52,43.3591346740723,-8.84526348114014,"Unknown"
"7014857",371856,2025-07-11 05:44:46,43.340461730957,-8.84892082214355,"Unknown"
"7014857",371856,2025-07-11 05:50:14,43.3122444152832,-8.85434627532959,"Unknown"
"7014857",371856,2025-07-11 05:54:45,43.289478302002,-8.85873413085938,"Unknown"
"7014857",371856,2025-07-11 05:59:57,43.2842712402344,-8.85429668426514,"Unknown"
"7014857",371856,2025-07-11 06:04:58,43.2840156555176,-8.85441589355469,"Unknown"
"7014857",371856,2025-07-11 06:09:49,43.2843055725098,-8.85422325134277,"Unknown"
"7014857",371856,2025-07-11 06:14:48,43.2842674255371,-8.85426330566406,"Unknown"
"7014857",371856,2025-07-11 06:19:45,43.2888412475586,-8.85955619812012,"Unknown"
"7014857",371856,2025-07-11 06:24:48,43.3139495849609,-8.85679817199707,"Unknown"
"7014857",371856,2025-07-11 06:29:46,43.314453125,-8.85694694519043,"Unknown"
"7014857",371856,2025-07-11 06:34:46,43.3500823974609,-8.85039806365967,"Unknown"
"7014857",371856,2025-07-11 06:39:54,43.3593292236328,-8.84543132781982,"Unknown"
"7014857",371856,2025-07-11 06:44:45,43.3612213134766,-8.8483362197876,"Unknown"
"7014857",371856,2025-07-11 06:50:15,43.3594131469727,-8.84532642364502,"Unknown"
"7014857",371856,2025-07-11 06:54:57,43.3594131469727,-8.84537029266357,"Unknown"
"7014857",371856,2025-07-11 06:59:48,43.3594589233398,-8.84539222717285,"Unknown"
"7014857",371856,2025-07-11 07:04:47,43.3594970703125,-8.84538745880127,"Unknown"
"7014857",371856,2025-07-11 07:10:02,43.3594169616699,-8.84521389007568,"Unknown"
"7014857",371856,2025-07-11 07:15:01,43.3593864440918,-8.84521579742432,"Unknown"
"7014857",371856,2025-07-11 07:19:46,43.3592262268066,-8.84524440765381,"Unknown"
"7014857",371856,2025-07-11 07:24:47,43.359504699707,-8.84522151947021,"Unknown"
"7014857",371856,2025-07-11 07:29:49,43.3594169616699,-8.84524154663086,"Unknown"
"7014857",371856,2025-07-11 07:34:52,43.3594665527344,-8.84528064727783,"Unknown"
"7014857",371856,2025-07-11 07:39:52,43.3594169616699,-8.84528160095215,"Unknown"
"7014857",371856,2025-07-11 07:44:49,43.3594665527344,-8.84535121917725,"Unknown"
"7014857",371856,2025-07-11 07:49:52,43.3360252380371,-8.84748840332031,"Unknown"
"7014857",371856,2025-07-11 07:54:46,43.3102912902832,-8.84664440155029,"Unknown"
"7014857",371856,2025-07-11 07:59:52,43.2859916687012,-8.85550689697266,"Unknown"
"7014857",371856,2025-07-11 08:06:05,43.2846298217773,-8.85488986968994,"Unknown"
"7014857",371856,2025-07-11 08:09:52,43.2842826843262,-8.85444736480713,"Unknown"
"7014857",371856,2025-07-11 08:14:51,43.2841262817383,-8.85431957244873,"Unknown"
"7014857",371856,2025-07-11 08:19:51,43.2839508056641,-8.85435485839844,"Unknown"
"7014857",371856,2025-07-11 08:24:51,43.2838745117188,-8.85423851013184,"Unknown"
"7014857",371856,2025-07-11 08:29:47,43.283863067627,-8.85452747344971,"Unknown"
"7014857",371856,2025-07-11 08:34:48,43.2838554382324,-8.85457992553711,"Unknown"
"7014857",371856,2025-07-11 08:40:14,43.2839736938477,-8.85416889190674,"Unknown"
"7014857",371856,2025-07-11 08:44:46,43.2837944030762,-8.85459423065186,"Unknown"
"7014857",371856,2025-07-11 08:50:35,43.284107208252,-8.85454559326172,"Unknown"
"7014857",371856,2025-07-11 08:56:04,43.2844047546387,-8.85475063323975,"Unknown"
"7014857",371856,2025-07-11 08:59:54,43.2842330932617,-8.8543586730957,"Unknown"
"7014857",371856,2025-07-11 09:05:05,43.2841186523438,-8.8545618057251,"Unknown"
"7014857",371856,2025-07-11 09:09:54,43.2841148376465,-8.8546199798584,"Unknown"
"7014857",371856,2025-07-11 09:15:14,43.2840042114258,-8.85461902618408,"Unknown"
"7014857",371856,2025-07-11 09:20:41,43.2840538024902,-8.85448360443115,"Unknown"
"7014857",371856,2025-07-11 09:24:49,43.2840003967285,-8.85478782653809,"Unknown"
"7014857",371856,2025-07-11 09:29:53,43.2840881347656,-8.85544872283936,"Unknown"
"7014857",371856,2025-07-11 09:34:51,43.313835144043,-8.85754299163818,"Unknown"
"7014857",371856,2025-07-11 09:39:55,43.3429489135742,-8.85275650024414,"Unknown"
"7014857",371856,2025-07-11 09:44:52,43.3591804504395,-8.8454122543335,"Unknown"
"7014857",371856,2025-07-11 09:50:34,43.3592376708984,-8.84521770477295,"Unknown"
"7014857",371856,2025-07-11 09:54:45,43.3591575622559,-8.84463500976562,"Unknown"
"7014857",371856,2025-07-11 09:59:47,43.3593254089355,-8.84531211853027,"Unknown"
"7014857",371856,2025-07-11 10:04:46,43.359317779541,-8.84515762329102,"Unknown"
"7014857",371856,2025-07-11 10:09:45,43.3593444824219,-8.84517669677734,"Unknown"
"7014857",371856,2025-07-11 10:14:45,43.3593444824219,-8.84522724151611,"Unknown"
"7014857",371856,2025-07-11 10:19:45,43.3593139648438,-8.84530353546143,"Unknown"
"7014857",371856,2025-07-11 10:24:45,43.3594017028809,-8.84527015686035,"Unknown"
"7014857",371856,2025-07-11 10:29:47,43.3593521118164,-8.84525108337402,"Unknown"
"7014857",371856,2025-07-11 10:34:49,43.3594436645508,-8.84511756896973,"Unknown"
"7014857",371856,2025-07-11 10:39:45,43.3556480407715,-8.84508037567139,"Unknown"
"7014857",371856,2025-07-11 10:44:45,43.3278427124023,-8.84299087524414,"Unknown"
"7014857",371856,2025-07-11 10:49:46,43.301887512207,-8.84995269775391,"Unknown"
"7014857",371856,2025-07-11 10:55:01,43.284294128418,-8.85447311401367,"Unknown"
"7014857",371856,2025-07-11 10:59:57,43.2843170166016,-8.85447883605957,"Unknown"
"7014857",371856,2025-07-11 11:05:12,43.2843284606934,-8.85449123382568,"Unknown"
"7014857",371856,2025-07-11 11:09:50,43.2844352722168,-8.85453414916992,"Unknown"
"7014857",371856,2025-07-11 11:14:47,43.2832717895508,-8.85571479797363,"Unknown"
"7014857",371856,2025-07-11 11:19:46,43.2832794189453,-8.85571670532227,"Unknown"
"7014857",371856,2025-07-11 11:24:47,43.2842826843262,-8.85461521148682,"Unknown"
"7014857",371856,2025-07-11 11:29:47,43.2845611572266,-8.85417461395264,"Unknown"
"7014857",371856,2025-07-11 11:34:52,43.2845993041992,-8.85435962677002,"Unknown"
"7014857",371856,2025-07-11 11:39:48,43.2846412658691,-8.85426616668701,"Unknown"
"7014857",371856,2025-07-11 11:44:54,43.2845077514648,-8.85431289672852,"Unknown"
"7014857",371856,2025-07-11 11:49:47,43.2846412658691,-8.85421276092529,"Unknown"
"7014857",371856,2025-07-11 11:54:53,43.284294128418,-8.85446548461914,"Unknown"
"7014857",371856,2025-07-11 11:59:47,43.2834358215332,-8.85561370849609,"Unknown"
"7014857",371856,2025-07-11 12:04:48,43.2832679748535,-8.85558986663818,"Unknown"
"7014857",371856,2025-07-11 12:09:47,43.2845878601074,-8.85432529449463,"Unknown"
"7014857",371856,2025-07-11 12:14:48,43.2844276428223,-8.85495376586914,"Unknown"
"7014857",371856,2025-07-11 12:19:54,43.2842674255371,-8.85435581207275,"Unknown"
"7014857",371856,2025-07-11 12:25:02,43.2842025756836,-8.85433483123779,"Unknown"
"7014857",371856,2025-07-11 12:29:56,43.284122467041,-8.85419464111328,"Unknown"
"7014857",371856,2025-07-11 12:34:46,43.2890357971191,-8.85842037200928,"Unknown"
"7014857",371856,2025-07-11 12:40:13,43.3141059875488,-8.8569221496582,"Unknown"
"7014857",371856,2025-07-11 12:44:46,43.3137283325195,-8.85762977600098,"Unknown"
"7014857",371856,2025-07-11 12:49:52,43.3374519348145,-8.84298610687256,"Unknown"
"7014857",371856,2025-07-11 12:54:47,43.3593673706055,-8.84520816802979,"Unknown"
"7014857",371856,2025-07-11 12:59:48,43.3592987060547,-8.84521579742432,"Unknown"
"7014857",371856,2025-07-11 13:04:46,43.3592948913574,-8.84510803222656,"Unknown"
"7014857",371856,2025-07-11 13:09:52,43.3593215942383,-8.84522438049316,"Unknown"
"7014857",371856,2025-07-11 13:14:49,43.3593444824219,-8.84527206420898,"Unknown"
"7014857",371856,2025-07-11 13:20:15,43.3594703674316,-8.84512710571289,"Unknown"
"7014857",371856,2025-07-11 13:24:56,43.3594703674316,-8.84688568115234,"Unknown"
"7014857",371856,2025-07-11 13:29:45,43.3765106201172,-8.86098384857178,"Unknown"
"7014857",371856,2025-07-11 13:34:46,43.4006195068359,-8.87696266174316,"Unknown"
"7014857",371856,2025-07-11 13:39:46,43.4236145019531,-8.89852905273438,"Unknown"
"7014857",371856,2025-07-11 13:44:46,43.4503898620605,-8.91706657409668,"Unknown"
"7014857",371856,2025-07-11 13:49:48,43.4540748596191,-8.93027114868164,"Unknown"
"7014857",371856,2025-07-11 13:54:49,43.4521789550781,-8.90644550323486,"Unknown"
"7014857",371856,2025-07-11 13:59:47,43.4499969482422,-8.88700485229492,"Unknown"
"7014857",371856,2025-07-11 14:04:48,43.4482078552246,-8.86685848236084,"Unknown"
"7014857",371856,2025-07-11 14:09:46,43.4464530944824,-8.84788417816162,"Unknown"
"7014857",371856,2025-07-11 14:14:52,43.444751739502,-8.82734680175781,"Unknown"
"7014857",371856,2025-07-11 14:19:47,43.4419631958008,-8.80960559844971,"Unknown"
"7014857",371856,2025-07-11 14:24:47,43.4395408630371,-8.79152011871338,"Unknown"
"7014857",371856,2025-07-11 14:29:47,43.4374122619629,-8.78209400177002,"Unknown"
"7014857",371856,2025-07-11 14:34:46,43.4111289978027,-8.79795932769775,"Unknown"
"7014857",371856,2025-07-11 14:39:47,43.3889198303223,-8.81892204284668,"Unknown"
"7014857",371856,2025-07-11 14:44:47,43.3633918762207,-8.83429718017578,"Unknown"
"7014857",371856,2025-07-11 14:49:46,43.3599128723145,-8.84576320648193,"Unknown"
"7014857",371856,2025-07-11 14:54:48,43.3595695495605,-8.84584045410156,"Unknown"
"7014857",371856,2025-07-11 14:59:46,43.3592948913574,-8.84596824645996,"Unknown"
"7014857",371856,2025-07-11 15:04:48,43.3596839904785,-8.84545516967773,"Unknown"
"7014857",371856,2025-07-11 15:09:46,43.3588027954102,-8.84582042694092,"Unknown"
"7014857",371856,2025-07-11 15:14:48,43.3592109680176,-8.8457145690918,"Unknown"
"7014857",371856,2025-07-11 15:19:48,43.3591461181641,-8.8457612991333,"Unknown"
"7014857",371856,2025-07-11 15:24:52,43.3592529296875,-8.84571361541748,"Unknown"
"7014857",371856,2025-07-11 15:29:49,43.3592185974121,-8.84567260742188,"Unknown"
"7014857",371856,2025-07-11 15:34:54,43.3591461181641,-8.84560585021973,"Unknown"
"7014857",371856,2025-07-11 15:39:52,43.3592147827148,-8.84574699401855,"Unknown"
"7014857",371856,2025-07-11 15:44:48,43.359058380127,-8.84542942047119,"Unknown"
"7014857",371856,2025-07-11 15:49:47,43.3591461181641,-8.84542655944824,"Unknown"
"7014857",371856,2025-07-11 15:54:48,43.3590545654297,-8.84542274475098,"Unknown"
"7014857",371856,2025-07-11 15:59:48,43.359001159668,-8.84531784057617,"Unknown"
"7014857",371856,2025-07-11 16:04:46,43.3590316772461,-8.8453254699707,"Unknown"
"7014857",371856,2025-07-11 16:09:53,43.3592338562012,-8.8451099395752,"Unknown"
"7014857",371856,2025-07-11 16:14:54,43.3595314025879,-8.84524250030518,"Unknown"
"7014857",371856,2025-07-11 16:19:52,43.3592643737793,-8.84503936767578,"Unknown"
"7014857",371856,2025-07-11 16:24:49,43.3593788146973,-8.84500598907471,"Unknown"
"7014857",371856,2025-07-11 16:29:54,43.3596153259277,-8.84523963928223,"Unknown"
"7014857",371856,2025-07-11 16:34:51,43.3594512939453,-8.84496974945068,"Unknown"
"7014857",371856,2025-07-11 16:39:48,43.3594779968262,-8.84493064880371,"Unknown"
"7014857",371856,2025-07-11 16:44:47,43.3596382141113,-8.84527969360352,"Unknown"
"7014857",371856,2025-07-11 16:49:48,43.359806060791,-8.84536933898926,"Unknown"
"7014857",371856,2025-07-11 16:54:57,43.3593940734863,-8.84504508972168,"Unknown"
"7014857",371856,2025-07-11 16:59:47,43.3595657348633,-8.84511280059814,"Unknown"
"7014857",371856,2025-07-11 17:04:47,43.3595809936523,-8.84518527984619,"Unknown"
"7014857",371856,2025-07-11 17:09:46,43.3595695495605,-8.84529304504395,"Unknown"
"7014857",371856,2025-07-11 17:14:47,43.359546661377,-8.8452205657959,"Unknown"
"7014857",371856,2025-07-11 17:19:47,43.3595199584961,-8.84514427185059,"Unknown"
"7014857",371856,2025-07-11 17:24:46,43.3595504760742,-8.84506607055664,"Unknown"
"7014857",371856,2025-07-11 17:29:46,43.359375,-8.84464740753174,"Unknown"
"7014857",371856,2025-07-11 17:34:46,43.3593597412109,-8.84463310241699,"Unknown"
"7014857",371856,2025-07-11 17:39:46,43.3593902587891,-8.84575843811035,"Unknown"
"7014857",371856,2025-07-11 17:44:47,43.3585624694824,-8.84892654418945,"Unknown"
"7014857",371856,2025-07-11 17:50:15,43.3588600158691,-8.84718990325928,"Unknown"
"7014857",371856,2025-07-11 17:54:51,43.3587875366211,-8.84703731536865,"Unknown"
"7014857",371856,2025-07-11 17:59:47,43.3586273193359,-8.84729194641113,"Unknown"
"7014857",371856,2025-07-11 18:04:48,43.358512878418,-8.84738445281982,"Unknown"
"7014857",371856,2025-07-11 18:09:52,43.3587532043457,-8.84710693359375,"Unknown"
"7014857",371856,2025-07-11 18:14:47,43.3575973510742,-8.84676074981689,"Unknown"
"7014857",371856,2025-07-11 18:19:46,43.3591384887695,-8.84581661224365,"Unknown"
"7014857",371856,2025-07-11 18:24:46,43.3596611022949,-8.8453311920166,"Unknown"
"7014857",371856,2025-07-11 18:29:49,43.3595390319824,-8.84522819519043,"Unknown"
"7014857",371856,2025-07-11 18:34:47,43.3596420288086,-8.84542274475098,"Unknown"
"7014857",371856,2025-07-11 18:39:47,43.3596801757812,-8.84522914886475,"Unknown"
"7014857",371856,2025-07-11 18:44:47,43.3597984313965,-8.84533786773682,"Unknown"
"7014857",371856,2025-07-11 18:49:51,43.359790802002,-8.84539031982422,"Unknown"
"7014857",371856,2025-07-11 18:55:10,43.3594436645508,-8.84548854827881,"Unknown"
"7014857",371856,2025-07-11 18:59:47,43.3596000671387,-8.84557247161865,"Unknown"
"7014857",371856,2025-07-11 19:04:53,43.3595161437988,-8.84566020965576,"Unknown"
"7014857",371856,2025-07-11 19:09:53,43.3596534729004,-8.84556102752686,"Unknown"
"7014857",371856,2025-07-11 19:14:51,43.3594093322754,-8.84539127349854,"Unknown"
"7014857",371856,2025-07-11 19:19:51,43.3595504760742,-8.84543895721436,"Unknown"
"7014857",371856,2025-07-11 19:24:47,43.3593902587891,-8.84512615203857,"Unknown"
"7014857",371856,2025-07-11 19:29:54,43.3592567443848,-8.84536647796631,"Unknown"
"7014857",371856,2025-07-11 19:34:53,43.3592071533203,-8.84539604187012,"Unknown"
"7014857",371856,2025-07-11 19:39:48,43.3593864440918,-8.84487342834473,"Unknown"
"7014857",371856,2025-07-11 19:44:46,43.3555374145508,-8.85076713562012,"Unknown"
"7014857",371856,2025-07-11 19:49:55,43.3593826293945,-8.84494209289551,"Unknown"
"7014857",371856,2025-07-11 19:54:47,43.359619140625,-8.8449878692627,"Unknown"
"7014857",371856,2025-07-11 19:59:48,43.3596382141113,-8.84508419036865,"Unknown"
"7014857",371856,2025-07-11 20:04:51,43.3592376708984,-8.84465599060059,"Unknown"
"7014857",371856,2025-07-11 20:09:54,43.3592529296875,-8.84473419189453,"Unknown"
"7014857",371856,2025-07-11 20:14:54,43.3592872619629,-8.84470176696777,"Unknown"
"7014857",371856,2025-07-11 20:19:51,43.3593521118164,-8.84466743469238,"Unknown"
"7014857",371856,2025-07-11 20:24:53,43.3589363098145,-8.84858894348145,"Unknown"
"7014857",371856,2025-07-11 20:29:51,43.3595123291016,-8.84456729888916,"Unknown"
"7014857",371856,2025-07-11 20:34:48,43.3593063354492,-8.84468460083008,"Unknown"
"7014857",371856,2025-07-11 20:39:49,43.3593635559082,-8.84467887878418,"Unknown"
"7014857",371856,2025-07-11 20:44:51,43.3495979309082,-8.83772277832031,"Unknown"
"7014857",371856,2025-07-11 20:49:53,43.3478126525879,-8.83174419403076,"Unknown"
"7014857",371856,2025-07-11 20:54:54,43.3466644287109,-8.82779407501221,"Unknown"
"7014857",371856,2025-07-11 21:01:44,43.3294944763184,-8.79711437225342,"Unknown"
"7014857",371856,2025-07-12 02:01:37,43.3594665527344,-8.8455696105957,"Unknown"
"7014857",371856,2025-07-12 02:51:37,43.3594627380371,-8.84537601470947,"Unknown"
"7014857",371856,2025-07-12 02:56:26,43.3595504760742,-8.84543037414551,"Unknown"
"7014857",371856,2025-07-12 03:01:27,43.3599586486816,-8.84579181671143,"Unknown"
"7014857",371856,2025-07-12 03:06:28,43.3593482971191,-8.84485912322998,"Unknown"
"7014857",371856,2025-07-12 03:11:24,43.3595199584961,-8.8448314666748,"Unknown"
"7014857",371856,2025-07-12 03:16:25,43.3595123291016,-8.84471225738525,"Unknown"
"7014857",371856,2025-07-12 03:21:24,43.3593368530273,-8.84485530853271,"Unknown"
"7014857",371856,2025-07-12 03:26:28,43.3593635559082,-8.8453369140625,"Unknown"
"7014857",371856,2025-07-12 03:31:25,43.3594741821289,-8.84532070159912,"Unknown"
"7014857",371856,2025-07-12 03:36:27,43.3593406677246,-8.84537696838379,"Unknown"
"7014857",371856,2025-07-12 03:41:24,43.3594169616699,-8.84517669677734,"Unknown"
"7014857",371856,2025-07-12 03:46:24,43.3596305847168,-8.84566402435303,"Unknown"
"7014857",371856,2025-07-12 03:51:27,43.3595085144043,-8.84525108337402,"Unknown"
"7014857",371856,2025-07-12 03:56:27,43.3595542907715,-8.84524154663086,"Unknown"
"7014857",371856,2025-07-12 04:01:27,43.3595657348633,-8.84524726867676,"Unknown"
"7014857",371856,2025-07-12 04:06:24,43.3595924377441,-8.84542369842529,"Unknown"
"7014857",371856,2025-07-12 04:11:24,43.359691619873,-8.84554290771484,"Unknown"
"7014857",371856,2025-07-12 04:16:27,43.3595390319824,-8.84521293640137,"Unknown"
"7014857",371856,2025-07-12 04:21:25,43.3593368530273,-8.84507751464844,"Unknown"
"7014857",371856,2025-07-12 04:26:25,43.3603057861328,-8.84728622436523,"Unknown"
"7014857",371856,2025-07-12 04:31:24,43.3683433532715,-8.85028171539307,"Unknown"
"7014857",371856,2025-07-12 04:36:24,43.3610420227051,-8.84891223907471,"Unknown"
"7014857",371856,2025-07-12 04:41:24,43.3592109680176,-8.84475231170654,"Unknown"
"7014857",371856,2025-07-12 04:46:25,43.3593330383301,-8.84521007537842,"Unknown"
"7014857",371856,2025-07-12 04:51:25,43.3595542907715,-8.84531497955322,"Unknown"
"7014857",371856,2025-07-12 04:56:25,43.3664474487305,-8.85427761077881,"Unknown"
"7014857",371856,2025-07-12 05:01:28,43.3661918640137,-8.85485458374023,"Unknown"
"7014857",371856,2025-07-12 05:06:27,43.3635025024414,-8.85541725158691,"Unknown"
"7014857",371856,2025-07-12 05:11:24,43.3633155822754,-8.85521697998047,"Unknown"
"7014857",371856,2025-07-12 05:17:14,43.3578910827637,-8.8452730178833,"Unknown"
"7014857",371856,2025-07-12 05:22:32,43.3577499389648,-8.84517288208008,"Unknown"
"7014857",371856,2025-07-12 05:26:23,43.3608169555664,-8.84540557861328,"Unknown"
"7014857",371856,2025-07-12 05:31:26,43.3605880737305,-8.84498691558838,"Unknown"
"7014857",371856,2025-07-12 05:36:30,43.3583068847656,-8.84530544281006,"Unknown"
"7014857",371856,2025-07-12 05:41:28,43.3589248657227,-8.84514999389648,"Unknown"
"7014857",371856,2025-07-12 05:46:24,43.3588104248047,-8.8450984954834,"Unknown"
"7014857",371856,2025-07-12 05:51:25,43.35888671875,-8.84518814086914,"Unknown"
"7014857",371856,2025-07-12 05:56:27,43.3589668273926,-8.84524726867676,"Unknown"
"7014857",371856,2025-07-12 06:01:27,43.3593597412109,-8.84486103057861,"Unknown"
"7014857",371856,2025-07-12 06:06:23,43.3593406677246,-8.84511184692383,"Unknown"
"7014857",371856,2025-07-12 06:11:23,43.3589515686035,-8.84502696990967,"Unknown"
"7014857",371856,2025-07-12 06:16:24,43.3589553833008,-8.84490299224854,"Unknown"
"7014857",371856,2025-07-12 06:21:23,43.3590354919434,-8.84495735168457,"Unknown"
"7014857",371856,2025-07-12 06:26:24,43.3589935302734,-8.84488487243652,"Unknown"
"7014857",371856,2025-07-12 06:31:23,43.359073638916,-8.84484958648682,"Unknown"
"7014857",371856,2025-07-12 06:36:23,43.3591003417969,-8.84480285644531,"Unknown"
"7014857",371856,2025-07-12 06:41:27,43.3432693481445,-8.84586620330811,"Unknown"
"7014857",371856,2025-07-12 06:46:23,43.3179512023926,-8.85443210601807,"Unknown"
"7014857",371856,2025-07-12 06:51:23,43.3139038085938,-8.85621643066406,"Unknown"
"7014857",371856,2025-07-12 06:56:27,43.3144264221191,-8.8570499420166,"Unknown"
"7014857",371856,2025-07-12 07:01:23,43.3162536621094,-8.85697174072266,"Unknown"
"7014857",371856,2025-07-12 07:06:23,43.2931709289551,-8.85787296295166,"Unknown"
"7014857",371856,2025-07-12 07:11:23,43.2919616699219,-8.86146259307861,"Unknown"
"7014857",371856,2025-07-12 07:16:25,43.2923202514648,-8.86185550689697,"Unknown"
"7014857",371856,2025-07-12 07:21:25,43.2924194335938,-8.8619327545166,"Unknown"
"7014857",371856,2025-07-12 07:26:23,43.2846832275391,-8.85533905029297,"Unknown"
"7014857",371856,2025-07-12 07:31:24,43.2833137512207,-8.85579872131348,"Unknown"
"7014857",371856,2025-07-12 07:36:30,43.2838935852051,-8.85454273223877,"Unknown"
"7014857",371856,2025-07-12 07:41:23,43.2844047546387,-8.85447692871094,"Unknown"
"7014857",371856,2025-07-12 07:46:25,43.2841835021973,-8.85459804534912,"Unknown"
"7014857",371856,2025-07-12 07:51:24,43.2841644287109,-8.85465335845947,"Unknown"
"7014857",371856,2025-07-12 07:56:45,43.2839431762695,-8.85478782653809,"Unknown"
"7014857",371856,2025-07-12 08:01:23,43.2845268249512,-8.85404396057129,"Unknown"
"7014857",371856,2025-07-12 08:06:24,43.2845611572266,-8.85434722900391,"Unknown"
"7014857",371856,2025-07-12 08:11:29,43.2844505310059,-8.85484790802002,"Unknown"
"7014857",371856,2025-07-12 08:16:31,43.2842254638672,-8.85444450378418,"Unknown"
"7014857",371856,2025-07-12 08:21:23,43.2928504943848,-8.86172389984131,"Unknown"
"7014857",371856,2025-07-12 08:26:25,43.3180847167969,-8.85929298400879,"Unknown"
"7014857",371856,2025-07-12 08:31:23,43.3193702697754,-8.8566837310791,"Unknown"
"7014857",371856,2025-07-12 08:36:34,43.3193969726562,-8.85666561126709,"Unknown"
"7014857",371856,2025-07-12 08:41:30,43.3195571899414,-8.85750198364258,"Unknown"
"7014857",371856,2025-07-12 08:46:30,43.3194313049316,-8.85639476776123,"Unknown"
"7014857",371856,2025-07-12 08:51:28,43.3193511962891,-8.85680389404297,"Unknown"
"7014857",371856,2025-07-12 08:56:26,43.3192672729492,-8.85677146911621,"Unknown"
"7014857",371856,2025-07-12 09:01:24,43.319263458252,-8.85665225982666,"Unknown"
"7014857",371856,2025-07-12 09:06:31,43.3194770812988,-8.85671806335449,"Unknown"
"7014857",371856,2025-07-12 09:11:23,43.3241119384766,-8.85927295684814,"Unknown"
"7014857",371856,2025-07-12 09:16:24,43.355541229248,-8.84809398651123,"Unknown"
"7014857",371856,2025-07-12 09:21:28,43.3596382141113,-8.84488773345947,"Unknown"
"7014857",371856,2025-07-12 09:26:24,43.3597221374512,-8.84488964080811,"Unknown"
"7014857",371856,2025-07-12 09:31:32,43.3596534729004,-8.84494304656982,"Unknown"
"7014857",371856,2025-07-12 09:36:24,43.3597030639648,-8.84477996826172,"Unknown"
"7014857",371856,2025-07-12 09:41:24,43.3597145080566,-8.84483814239502,"Unknown"
"7014857",371856,2025-07-12 09:46:23,43.365348815918,-8.85257244110107,"Unknown"
"7014857",371856,2025-07-12 09:51:23,43.361213684082,-8.8365364074707,"Unknown"
"7014857",371856,2025-07-12 09:56:23,43.368766784668,-8.79378986358643,"Unknown"
"7014857",371856,2025-07-12 10:01:23,43.3664283752441,-8.75413608551025,"Unknown"
"7014857",371856,2025-07-12 10:06:23,43.3547554016113,-8.71187496185303,"Unknown"
"7014857",371856,2025-07-12 10:11:28,43.3640556335449,-8.70334339141846,"Unknown"
"7014857",371856,2025-07-12 10:16:24,43.3645286560059,-8.70393753051758,"Unknown"
"7014857",371856,2025-07-12 10:21:24,43.3647422790527,-8.70448684692383,"Unknown"
"7014857",371856,2025-07-12 10:26:24,43.3651847839355,-8.70479774475098,"Unknown"
"7014857",371856,2025-07-12 10:31:23,43.3621635437012,-8.69004821777344,"Unknown"
"7014857",371856,2025-07-12 10:36:23,43.3581237792969,-8.68494892120361,"Unknown"
"7014857",371856,2025-07-12 10:41:22,43.3487281799316,-8.65944671630859,"Unknown"
"7014857",371856,2025-07-12 10:46:23,43.3218193054199,-8.63034439086914,"Unknown"
"7014857",371856,2025-07-12 10:51:24,43.3166007995605,-8.61573600769043,"Unknown"
"7014857",371856,2025-07-12 10:56:26,43.3165969848633,-8.61565494537354,"Unknown"
"7014857",371856,2025-07-12 11:01:26,43.3166618347168,-8.61562061309814,"Unknown"
"7014857",371856,2025-07-12 11:06:26,43.3167037963867,-8.61574935913086,"Unknown"
"7014857",371856,2025-07-12 11:11:37,43.316650390625,-8.61585140228271,"Unknown"
"7014857",371856,2025-07-12 11:16:43,43.3162727355957,-8.61632633209229,"Unknown"
"7014857",371856,2025-07-12 11:21:23,43.316951751709,-8.61599540710449,"Unknown"
"7014857",371856,2025-07-12 11:26:25,43.3165283203125,-8.61597061157227,"Unknown"
"7014857",371856,2025-07-12 11:31:23,43.3172988891602,-8.58050537109375,"Unknown"
"7014857",371856,2025-07-12 11:36:23,43.2894630432129,-8.55459499359131,"Unknown"
"7014857",371856,2025-07-12 11:41:28,43.2723617553711,-8.56262397766113,"Unknown"
"7014857",371856,2025-07-12 11:46:23,43.2691879272461,-8.55828285217285,"Unknown"
"7014857",371856,2025-07-12 11:51:27,43.2467308044434,-8.55038642883301,"Unknown"
"7014857",371856,2025-07-12 11:56:31,43.2270355224609,-8.53969383239746,"Unknown"
"7014857",371856,2025-07-12 12:01:24,43.2117156982422,-8.53599166870117,"Unknown"
"7014857",371856,2025-07-12 12:06:23,43.2069969177246,-8.53447723388672,"Unknown"
"7014857",371856,2025-07-12 12:11:24,43.1989288330078,-8.53177547454834,"Unknown"
"7014857",371856,2025-07-12 12:16:23,43.1727294921875,-8.50317287445068,"Unknown"
"7014857",371856,2025-07-12 12:21:23,43.1464881896973,-8.48031520843506,"Unknown"
"7014857",371856,2025-07-12 12:26:24,43.1305389404297,-8.47226333618164,"Unknown"
"7014857",371856,2025-07-12 12:31:24,43.130485534668,-8.47225093841553,"Unknown"
"7014857",371856,2025-07-12 12:36:24,43.130428314209,-8.47212314605713,"Unknown"
"7014857",371856,2025-07-12 12:41:24,43.130558013916,-8.47221183776855,"Unknown"
"7014857",371856,2025-07-12 12:46:30,43.1301536560059,-8.47207069396973,"Unknown"
"7014857",371856,2025-07-12 12:51:28,43.1304664611816,-8.47221660614014,"Unknown"
"7014857",371856,2025-07-12 12:56:27,43.1304779052734,-8.47261333465576,"Unknown"
"7014857",371856,2025-07-12 13:01:24,43.1306190490723,-8.47232913970947,"Unknown"
"7014857",371856,2025-07-12 13:06:25,43.1305465698242,-8.47278594970703,"Unknown"
"7014857",371856,2025-07-12 13:11:24,43.1304664611816,-8.47233963012695,"Unknown"
"7014857",371856,2025-07-12 13:16:25,43.1301956176758,-8.47207546234131,"Unknown"
"7014857",371856,2025-07-12 13:21:24,43.1305847167969,-8.47373867034912,"Unknown"
"7014857",371856,2025-07-12 13:26:25,43.1301956176758,-8.47196388244629,"Unknown"
"7014857",371856,2025-07-12 13:31:30,43.1303977966309,-8.47367191314697,"Unknown"
"7014857",371856,2025-07-12 13:36:25,43.130687713623,-8.4739408493042,"Unknown"
"7014857",371856,2025-07-12 13:41:30,43.1297225952148,-8.47017002105713,"Unknown"
"7014857",371856,2025-07-12 13:46:27,43.1303253173828,-8.47035026550293,"Unknown"
"7014857",371856,2025-07-12 13:51:28,43.1299896240234,-8.47120666503906,"Unknown"
"7014857",371856,2025-07-12 13:56:29,43.1296195983887,-8.47005176544189,"Unknown"
"7014857",371856,2025-07-12 14:01:30,43.1296272277832,-8.47028636932373,"Unknown"
"7014857",371856,2025-07-12 14:06:26,43.1307258605957,-8.47079467773438,"Unknown"
"7014857",371856,2025-07-12 14:11:28,43.1303901672363,-8.47055053710938,"Unknown"
"7014857",371856,2025-07-12 14:16:27,43.1305809020996,-8.47095584869385,"Unknown"
"7014857",371856,2025-07-12 14:21:25,43.1308937072754,-8.47073745727539,"Unknown"
"7014857",371856,2025-07-12 14:26:25,43.1294898986816,-8.47238159179688,"Unknown"
"7014857",371856,2025-07-12 14:31:29,43.1296615600586,-8.47231388092041,"Unknown"
"7014857",371856,2025-07-12 14:36:30,43.129508972168,-8.47244358062744,"Unknown"
"7014857",371856,2025-07-12 14:41:29,43.1308212280273,-8.47131538391113,"Unknown"
"7014857",371856,2025-07-12 14:46:24,43.1304206848145,-8.47149753570557,"Unknown"
"7014857",371856,2025-07-12 14:51:28,43.1308174133301,-8.47195625305176,"Unknown"
"7014857",371856,2025-07-12 14:56:27,43.1307601928711,-8.47194290161133,"Unknown"
"7014857",371856,2025-07-12 15:01:30,43.1307640075684,-8.47205543518066,"Unknown"
"7014857",371856,2025-07-12 15:06:28,43.1319236755371,-8.46861267089844,"Unknown"
"7014857",371856,2025-07-12 15:11:34,43.1389656066895,-8.47586917877197,"Unknown"
"7014857",371856,2025-07-12 15:16:44,43.1609115600586,-8.50778198242188,"Unknown"
"7014857",371856,2025-07-12 15:21:28,43.1641540527344,-8.53781986236572,"Unknown"
"7014857",371856,2025-07-12 15:26:24,43.1742668151855,-8.55355167388916,"Unknown"
"7014857",371856,2025-07-12 15:31:23,43.1853256225586,-8.57346820831299,"Unknown"
"7014857",371856,2025-07-12 15:36:25,43.2019233703613,-8.58817577362061,"Unknown"
"7014857",371856,2025-07-12 15:41:24,43.2053184509277,-8.59308910369873,"Unknown"
"7014857",371856,2025-07-12 15:46:28,43.228630065918,-8.63099098205566,"Unknown"
"7014857",371856,2025-07-12 15:51:30,43.2401161193848,-8.64914035797119,"Unknown"
"7014857",371856,2025-07-12 15:56:29,43.2645149230957,-8.66712474822998,"Unknown"
"7014857",371856,2025-07-12 16:01:28,43.2680282592773,-8.67306518554688,"Unknown"
"7014857",371856,2025-07-12 16:06:41,43.2827072143555,-8.70717144012451,"Unknown"
"7014857",371856,2025-07-12 16:11:23,43.293514251709,-8.73645210266113,"Unknown"
"7014857",371856,2025-07-12 16:16:25,43.3005180358887,-8.77343082427979,"Unknown"
"7014857",371856,2025-07-12 16:21:29,43.3173904418945,-8.80476093292236,"Unknown"
"7014857",371856,2025-07-12 16:26:25,43.3293838500977,-8.82312774658203,"Unknown"
"7014857",371856,2025-07-12 16:31:27,43.3507995605469,-8.83508205413818,"Unknown"
"7014857",371856,2025-07-12 16:36:25,43.359302520752,-8.84404563903809,"Unknown"
"7014857",371856,2025-07-12 16:41:26,43.3638954162598,-8.84448432922363,"Unknown"
"7014857",371856,2025-07-12 16:46:59,43.36328125,-8.84448051452637,"Unknown"
"7014857",371856,2025-07-12 16:51:24,43.3638114929199,-8.84553718566895,"Unknown"
"7014857",371856,2025-07-12 16:56:59,43.3593406677246,-8.84512805938721,"Unknown"
"7014857",371856,2025-07-12 17:01:24,43.3593215942383,-8.84521389007568,"Unknown"
"7014857",371856,2025-07-12 17:06:22,43.3593826293945,-8.84505653381348,"Unknown"
"7014857",371856,2025-07-12 17:11:30,43.3593559265137,-8.84506320953369,"Unknown"
"7014857",371856,2025-07-12 17:16:22,43.3592720031738,-8.84514713287354,"Unknown"
"7014857",371856,2025-07-12 17:21:36,43.3592834472656,-8.84509563446045,"Unknown"
"7014857",371856,2025-07-12 17:26:38,43.3592338562012,-8.84468650817871,"Unknown"
"7014857",371856,2025-07-12 17:31:40,43.3592681884766,-8.84477615356445,"Unknown"
"7014857",371856,2025-07-12 17:36:25,43.3608093261719,-8.84708881378174,"Unknown"
"7014857",371856,2025-07-12 17:41:32,43.340274810791,-8.81286430358887,"Unknown"
"7014857",371856,2025-07-12 17:47:00,43.322093963623,-8.78404998779297,"Unknown"
"7014857",371856,2025-07-12 17:51:23,43.3244209289551,-8.76509094238281,"Unknown"
"7014857",371856,2025-07-12 17:56:27,43.307186126709,-8.72512531280518,"Unknown"
"7014857",371856,2025-07-12 18:01:22,43.2900772094727,-8.69425964355469,"Unknown"
"7014857",371856,2025-07-12 18:06:22,43.2766418457031,-8.67715454101562,"Unknown"
"7014857",371856,2025-07-12 18:11:22,43.2613182067871,-8.65021896362305,"Unknown"
"7014857",371856,2025-07-12 18:16:22,43.2296371459961,-8.62401008605957,"Unknown"
"7014857",371856,2025-07-12 18:21:24,43.2124938964844,-8.60823726654053,"Unknown"
"7014857",371856,2025-07-12 18:26:25,43.1813697814941,-8.58245277404785,"Unknown"
"7014857",371856,2025-07-12 18:31:23,43.1672592163086,-8.55858039855957,"Unknown"
"7014857",371856,2025-07-12 18:36:23,43.1414337158203,-8.51670265197754,"Unknown"
"7014857",371856,2025-07-12 18:41:25,43.1310272216797,-8.47675228118896,"Unknown"
"7014857",371856,2025-07-12 18:46:25,43.1301803588867,-8.4720401763916,"Unknown"
"7014857",371856,2025-07-12 18:51:22,43.130199432373,-8.47218990325928,"Unknown"
"7014857",371856,2025-07-12 18:56:23,43.1302146911621,-8.47213268280029,"Unknown"
"7014857",371856,2025-07-12 19:01:24,43.1302299499512,-8.47202777862549,"Unknown"
"7014857",371856,2025-07-12 19:06:25,43.1303062438965,-8.47218608856201,"Unknown"
"7014857",371856,2025-07-12 19:11:27,43.1302299499512,-8.47205924987793,"Unknown"
"7014857",371856,2025-07-12 19:16:24,43.1303443908691,-8.471999168396,"Unknown"
"7014857",371856,2025-07-12 19:21:44,43.1430435180664,-8.49357318878174,"Unknown"
"7014857",371856,2025-07-12 19:26:22,43.1710548400879,-8.51128959655762,"Unknown"
"7014857",371856,2025-07-12 19:31:47,43.1887245178223,-8.53760051727295,"Unknown"
"7014857",371856,2025-07-12 19:37:12,43.2044906616211,-8.57506465911865,"Unknown"
"7014857",371856,2025-07-12 19:41:28,43.2167167663574,-8.60580539703369,"Unknown"
"7014857",371856,2025-07-12 19:46:31,43.2418899536133,-8.63077545166016,"Unknown"
"7014857",371856,2025-07-12 19:51:25,43.2685775756836,-8.65121746063232,"Unknown"
"7014857",371856,2025-07-12 19:56:30,43.2907562255859,-8.68471717834473,"Unknown"
"7014857",371856,2025-07-12 20:01:34,43.2916679382324,-8.69693183898926,"Unknown"
"7014857",371856,2025-07-12 20:06:59,43.2916297912598,-8.69703102111816,"Unknown"
"7014857",371856,2025-07-12 20:11:23,43.2939491271973,-8.70055103302002,"Unknown"
"7014857",371856,2025-07-12 20:16:23,43.3008575439453,-8.73720455169678,"Unknown"
"7014857",371856,2025-07-12 20:21:24,43.311939239502,-8.77160549163818,"Unknown"
"7014857",371856,2025-07-12 20:26:24,43.328556060791,-8.80458354949951,"Unknown"
"7014857",371856,2025-07-12 20:31:22,43.3511199951172,-8.82795906066895,"Unknown"
"7014857",371856,2025-07-12 20:36:24,43.3604850769043,-8.84852886199951,"Unknown"
"7014857",371856,2025-07-12 20:41:24,43.3596038818359,-8.84578990936279,"Unknown"
"7014857",371856,2025-07-12 20:46:28,43.3592834472656,-8.84528350830078,"Unknown"
"7014857",371856,2025-07-12 20:51:31,43.3593215942383,-8.84531307220459,"Unknown"
"7014857",371856,2025-07-12 20:56:37,43.3593292236328,-8.84527778625488,"Unknown"
"7014857",371856,2025-07-12 21:00:55,43.3593482971191,-8.84537601470947,"Unknown"
"7014857",371856,2025-07-13 02:01:29,43.3593139648438,-8.84515857696533,"Unknown"
"7014857",371856,2025-07-13 02:53:00,43.3720932006836,-8.85426902770996,"Unknown"
"7014857",371856,2025-07-13 02:58:01,43.3724746704102,-8.85429096221924,"Unknown"
"7014857",371856,2025-07-13 03:03:09,43.3730583190918,-8.85432052612305,"Unknown"
"7014857",371856,2025-07-13 03:08:07,43.3731079101562,-8.85362720489502,"Unknown"
"7014857",371856,2025-07-13 03:13:00,43.3734512329102,-8.85388469696045,"Unknown"
"7014857",371856,2025-07-13 03:18:02,43.3741683959961,-8.85414028167725,"Unknown"
"7014857",371856,2025-07-13 03:23:07,43.3747825622559,-8.85360527038574,"Unknown"
"7014857",371856,2025-07-13 03:28:05,43.374828338623,-8.85304069519043,"Unknown"
"7014857",371856,2025-07-13 03:33:07,43.3709983825684,-8.85401630401611,"Unknown"
"7014857",371856,2025-07-13 03:38:07,43.3710327148438,-8.85308170318604,"Unknown"
"7014857",371856,2025-07-13 03:43:05,43.371410369873,-8.85308170318604,"Unknown"
"7014857",371856,2025-07-13 03:48:07,43.3716049194336,-8.85306644439697,"Unknown"
"7014857",371856,2025-07-13 03:53:06,43.3718032836914,-8.85283946990967,"Unknown"
"7014857",371856,2025-07-13 03:58:19,43.3721656799316,-8.85253524780273,"Unknown"
"7014857",371856,2025-07-13 04:02:59,43.372444152832,-8.85208702087402,"Unknown"
"7014857",371856,2025-07-13 04:08:08,43.3729057312012,-8.8520622253418,"Unknown"
"7014857",371856,2025-07-13 04:12:58,43.3731956481934,-8.85099506378174,"Unknown"
"7014857",371856,2025-07-13 04:18:00,43.3735618591309,-8.85049819946289,"Unknown"
"7014857",371856,2025-07-13 04:23:05,43.3740882873535,-8.85005187988281,"Unknown"
"7014857",371856,2025-07-13 04:28:06,43.3708877563477,-8.85113048553467,"Unknown"
"7014857",371856,2025-07-13 04:32:59,43.3713836669922,-8.85125350952148,"Unknown"
"7014857",371856,2025-07-13 04:38:07,43.3718109130859,-8.85145473480225,"Unknown"
"7014857",371856,2025-07-13 04:43:06,43.3720970153809,-8.85134887695312,"Unknown"
"7014857",371856,2025-07-13 04:48:07,43.3662986755371,-8.85429191589355,"Unknown"
"7014857",371856,2025-07-13 04:53:07,43.3666038513184,-8.85428524017334,"Unknown"
"7014857",371856,2025-07-13 04:58:09,43.3670501708984,-8.8544282913208,"Unknown"
"7014857",371856,2025-07-13 05:03:14,43.3752174377441,-8.8683443069458,"Unknown"
"7014857",371856,2025-07-13 05:08:04,43.3769302368164,-8.87012386322021,"Unknown"
"7014857",371856,2025-07-13 05:13:07,43.3769340515137,-8.86886119842529,"Unknown"
"7014857",371856,2025-07-13 05:17:58,43.3755302429199,-8.86656475067139,"Unknown"
"7014857",371856,2025-07-13 05:23:15,43.3601951599121,-8.8465051651001,"Unknown"
"7014857",371856,2025-07-13 05:28:27,43.3592262268066,-8.84527492523193,"Unknown"
"7014857",371856,2025-07-13 05:32:58,43.3593063354492,-8.8452091217041,"Unknown"
"7014857",371856,2025-07-13 05:38:02,43.3592071533203,-8.8451099395752,"Unknown"
"7014857",371856,2025-07-13 05:42:56,43.3595962524414,-8.84488105773926,"Unknown"
"7014857",371856,2025-07-13 05:48:15,43.3592491149902,-8.84518051147461,"Unknown"
"7014857",371856,2025-07-13 05:53:08,43.3589096069336,-8.84530925750732,"Unknown"
"7014857",371856,2025-07-13 05:58:08,43.3401908874512,-8.84521865844727,"Unknown"
"7014857",371856,2025-07-13 06:03:08,43.3184585571289,-8.84430313110352,"Unknown"
"7014857",371856,2025-07-13 06:08:07,43.2964019775391,-8.85556983947754,"Unknown"
"7014857",371856,2025-07-13 06:13:06,43.2841300964355,-8.85434913635254,"Unknown"
"7014857",371856,2025-07-13 06:18:15,43.2842864990234,-8.85454273223877,"Unknown"
"7014857",371856,2025-07-13 06:23:25,43.2842216491699,-8.85457229614258,"Unknown"
"7014857",371856,2025-07-13 06:27:59,43.2833251953125,-8.85585880279541,"Unknown"
"7014857",371856,2025-07-13 06:32:59,43.2834777832031,-8.8557596206665,"Unknown"
"7014857",371856,2025-07-13 06:37:59,43.2755813598633,-8.83819007873535,"Unknown"
"7014857",371856,2025-07-13 06:42:59,43.2604866027832,-8.83705139160156,"Unknown"
"7014857",371856,2025-07-13 06:48:15,43.2410316467285,-8.84095001220703,"Unknown"
"7014857",371856,2025-07-13 06:53:45,43.2314834594727,-8.84195137023926,"Unknown"
"7014857",371856,2025-07-13 06:58:01,43.2393989562988,-8.81952571868896,"Unknown"
"7014857",371856,2025-07-13 07:03:04,43.2543487548828,-8.79881763458252,"Unknown"
"7014857",371856,2025-07-13 07:08:00,43.2642135620117,-8.76420593261719,"Unknown"
"7014857",371856,2025-07-13 07:18:44,43.2552070617676,-8.75705814361572,"Unknown"
"7014857",371856,2025-07-13 07:23:13,43.2553176879883,-8.75715065002441,"Unknown"
"7014857",371856,2025-07-13 07:28:32,43.2551307678223,-8.75705814361572,"Unknown"
"7014857",371856,2025-07-13 07:32:56,43.2551727294922,-8.75713157653809,"Unknown"
"7014857",371856,2025-07-13 07:37:58,43.2548179626465,-8.75728416442871,"Unknown"
"7014857",371856,2025-07-13 07:42:57,43.2563323974609,-8.75281238555908,"Unknown"
"7014857",371856,2025-07-13 07:47:56,43.2568397521973,-8.71711730957031,"Unknown"
"7014857",371856,2025-07-13 07:52:57,43.2498207092285,-8.68286800384521,"Unknown"
"7014857",371856,2025-07-13 07:57:57,43.2429504394531,-8.64377880096436,"Unknown"
"7014857",371856,2025-07-13 08:02:56,43.2297592163086,-8.61727619171143,"Unknown"
"7014857",371856,2025-07-13 08:07:56,43.2246131896973,-8.58756160736084,"Unknown"
"7014857",371856,2025-07-13 08:12:56,43.2143936157227,-8.58159160614014,"Unknown"
"7014857",371856,2025-07-13 08:17:58,43.1962852478027,-8.57194900512695,"Unknown"
"7014857",371856,2025-07-13 08:22:56,43.1856079101562,-8.55173683166504,"Unknown"
"7014857",371856,2025-07-13 08:28:13,43.1768074035645,-8.53422546386719,"Unknown"
"7014857",371856,2025-07-13 08:32:56,43.1572341918945,-8.51388549804688,"Unknown"
"7014857",371856,2025-07-13 08:37:56,43.1375732421875,-8.48856353759766,"Unknown"
"7014857",371856,2025-07-13 08:42:55,43.1305541992188,-8.47181701660156,"Unknown"
"7014857",371856,2025-07-13 08:48:14,43.1306419372559,-8.4714241027832,"Unknown"
"7014857",371856,2025-07-13 08:52:57,43.130989074707,-8.47134685516357,"Unknown"
"7014857",371856,2025-07-13 08:57:57,43.1309776306152,-8.47135543823242,"Unknown"
"7014857",371856,2025-07-13 09:02:56,43.130500793457,-8.47195529937744,"Unknown"
"7014857",371856,2025-07-13 09:07:56,43.1305122375488,-8.47193241119385,"Unknown"
"7014857",371856,2025-07-13 09:12:56,43.1308517456055,-8.47142219543457,"Unknown"
"7014857",371856,2025-07-13 09:17:57,43.1311225891113,-8.47145462036133,"Unknown"
"7014857",371856,2025-07-13 09:22:56,43.1311149597168,-8.47161483764648,"Unknown"
"7014857",371856,2025-07-13 09:27:57,43.1310348510742,-8.4711217880249,"Unknown"
"7014857",371856,2025-07-13 09:32:56,43.1311950683594,-8.47110366821289,"Unknown"
"7014857",371856,2025-07-13 09:37:56,43.1308670043945,-8.47146415710449,"Unknown"
"7014857",371856,2025-07-13 09:42:56,43.1308250427246,-8.47155475616455,"Unknown"
"7014857",371856,2025-07-13 09:47:56,43.1302070617676,-8.47318458557129,"Unknown"
"7014857",371856,2025-07-13 09:52:56,43.1327209472656,-8.46843814849854,"Unknown"
"7014857",371856,2025-07-13 09:57:57,43.1304206848145,-8.47053241729736,"Unknown"
"7014857",371856,2025-07-13 10:03:00,43.1305847167969,-8.4710578918457,"Unknown"
"7014857",371856,2025-07-13 10:08:04,43.1306991577148,-8.47081470489502,"Unknown"
"7014857",371856,2025-07-13 10:12:57,43.13037109375,-8.4705286026001,"Unknown"
"7014857",371856,2025-07-13 10:18:15,43.1306457519531,-8.47093486785889,"Unknown"
"7014857",371856,2025-07-13 10:22:57,43.1306419372559,-8.47086620330811,"Unknown"
"7014857",371856,2025-07-13 10:28:00,43.1306457519531,-8.47072505950928,"Unknown"
"7014857",371856,2025-07-13 10:32:56,43.1307144165039,-8.47074604034424,"Unknown"
"7014857",371856,2025-07-13 10:37:56,43.1306343078613,-8.47082805633545,"Unknown"
"7014857",371856,2025-07-13 10:43:01,43.1305236816406,-8.47066783905029,"Unknown"
"7014857",371856,2025-07-13 10:48:00,43.1307945251465,-8.47106266021729,"Unknown"
"7014857",371856,2025-07-13 10:52:58,43.1306991577148,-8.47068691253662,"Unknown"
"7014857",371856,2025-07-13 10:58:07,43.1310615539551,-8.48051643371582,"Unknown"
"7014857",371856,2025-07-13 11:03:07,43.1436042785645,-8.50708389282227,"Unknown"
"7014857",371856,2025-07-13 11:08:01,43.1554565429688,-8.52413177490234,"Unknown"
"7014857",371856,2025-07-13 11:13:14,43.1679534912109,-8.53438854217529,"Unknown"
"7014857",371856,2025-07-13 11:17:58,43.1840896606445,-8.5491247177124,"Unknown"
"7014857",371856,2025-07-13 11:22:57,43.201976776123,-8.5931339263916,"Unknown"
"7014857",371856,2025-07-13 11:27:59,43.2279472351074,-8.63158512115479,"Unknown"
"7014857",371856,2025-07-13 11:32:57,43.2398681640625,-8.65032577514648,"Unknown"
"7014857",371856,2025-07-13 11:37:59,43.2658500671387,-8.67922973632812,"Unknown"
"7014857",371856,2025-07-13 11:42:58,43.2884712219238,-8.71855926513672,"Unknown"
"7014857",371856,2025-07-13 11:48:45,43.2930946350098,-8.74581718444824,"Unknown"
"7014857",371856,2025-07-13 11:53:07,43.2932548522949,-8.746018409729,"Unknown"
"7014857",371856,2025-07-13 11:57:57,43.2989768981934,-8.75850963592529,"Unknown"
"7014857",371856,2025-07-13 12:02:58,43.3221549987793,-8.79316329956055,"Unknown"
"7014857",371856,2025-07-13 12:07:58,43.3262405395508,-8.8162784576416,"Unknown"
"7014857",371856,2025-07-13 12:12:58,43.343147277832,-8.83388042449951,"Unknown"
"7014857",371856,2025-07-13 12:18:07,43.3564682006836,-8.8460807800293,"Unknown"
"7014857",371856,2025-07-13 12:22:59,43.3592643737793,-8.84628391265869,"Unknown"
"7014857",371856,2025-07-13 12:27:58,43.3594665527344,-8.84494972229004,"Unknown"
"7014857",371856,2025-07-13 12:32:59,43.359504699707,-8.8449068069458,"Unknown"
"7014857",371856,2025-07-13 12:37:58,43.3593139648438,-8.84493255615234,"Unknown"
"7014857",371856,2025-07-13 12:42:58,43.3298568725586,-8.84703826904297,"Unknown"
"7014857",371856,2025-07-13 12:48:31,43.3142890930176,-8.85653400421143,"Unknown"
"7014857",371856,2025-07-13 12:53:02,43.3142127990723,-8.85648155212402,"Unknown"
"7014857",371856,2025-07-13 12:58:14,43.3140983581543,-8.85674667358398,"Unknown"
"7014857",371856,2025-07-13 13:02:58,43.3137016296387,-8.85625457763672,"Unknown"
"7014857",371856,2025-07-13 13:07:59,43.3134574890137,-8.85794162750244,"Unknown"
"7014857",371856,2025-07-13 13:12:59,43.3139915466309,-8.85723972320557,"Unknown"
"7014857",371856,2025-07-13 13:18:00,43.3144111633301,-8.85622119903564,"Unknown"
"7014857",371856,2025-07-13 13:23:08,43.3144683837891,-8.8570442199707,"Unknown"
"7014857",371856,2025-07-13 13:28:00,43.3145446777344,-8.85803985595703,"Unknown"
"7014857",371856,2025-07-13 13:33:00,43.3190422058105,-8.85531139373779,"Unknown"
"7014857",371856,2025-07-13 13:38:02,43.3387489318848,-8.84062099456787,"Unknown"
"7014857",371856,2025-07-13 13:43:26,43.3594360351562,-8.84519577026367,"Unknown"
"7014857",371856,2025-07-13 13:48:00,43.3594284057617,-8.84518909454346,"Unknown"
"7014857",371856,2025-07-13 13:52:56,43.3593215942383,-8.84516525268555,"Unknown"
"7014857",371856,2025-07-13 13:57:59,43.3593635559082,-8.84531402587891,"Unknown"
"7014857",371856,2025-07-13 14:02:56,43.3594207763672,-8.84526348114014,"Unknown"
"7014857",371856,2025-07-13 14:07:56,43.3593215942383,-8.84525394439697,"Unknown"
"7014857",371856,2025-07-13 14:12:57,43.359317779541,-8.84523868560791,"Unknown"
"7014857",371856,2025-07-13 14:17:59,43.3595657348633,-8.84534931182861,"Unknown"
"7014857",371856,2025-07-13 14:22:57,43.359561920166,-8.845458984375,"Unknown"
"7014857",371856,2025-07-13 14:27:57,43.3594360351562,-8.84530830383301,"Unknown"
"7014857",371856,2025-07-13 14:33:04,43.3594207763672,-8.84545993804932,"Unknown"
"7014857",371856,2025-07-13 14:38:01,43.3594589233398,-8.84531497955322,"Unknown"
"7014857",371856,2025-07-13 14:43:00,43.3594093322754,-8.84522438049316,"Unknown"
"7014857",371856,2025-07-13 14:47:58,43.3594818115234,-8.84530639648438,"Unknown"
"7014857",371856,2025-07-13 14:52:57,43.3594398498535,-8.84526824951172,"Unknown"
"7014857",371856,2025-07-13 14:58:01,43.3594436645508,-8.84525871276855,"Unknown"
"7014857",371856,2025-07-13 15:03:14,43.3595695495605,-8.84549617767334,"Unknown"
"7014857",371856,2025-07-13 15:08:00,43.3594512939453,-8.84530830383301,"Unknown"
"7014857",371856,2025-07-13 15:13:07,43.3596115112305,-8.84557437896729,"Unknown"
"7014857",371856,2025-07-13 15:18:07,43.3595504760742,-8.84544277191162,"Unknown"
"7014857",371856,2025-07-13 15:23:04,43.3595695495605,-8.84560394287109,"Unknown"
"7014857",371856,2025-07-13 15:28:00,43.3595199584961,-8.84531593322754,"Unknown"
"7014857",371856,2025-07-13 15:33:07,43.359504699707,-8.84540843963623,"Unknown"
"7014857",371856,2025-07-13 15:38:07,43.3594512939453,-8.84527111053467,"Unknown"
"7014857",371856,2025-07-13 15:43:00,43.3594436645508,-8.84550476074219,"Unknown"
"7014857",371856,2025-07-13 15:48:04,43.3595352172852,-8.84537410736084,"Unknown"
"7014857",371856,2025-07-13 15:53:04,43.3595352172852,-8.84541988372803,"Unknown"
"7014857",371856,2025-07-13 15:57:59,43.3595962524414,-8.8452787399292,"Unknown"
"7014857",371856,2025-07-13 16:03:04,43.3605079650879,-8.84839916229248,"Unknown"
"7014857",371856,2025-07-13 16:07:58,43.3603248596191,-8.84614849090576,"Unknown"
"7014857",371856,2025-07-13 16:13:01,43.3594398498535,-8.84540557861328,"Unknown"
"7014857",371856,2025-07-13 16:17:58,43.3596076965332,-8.84475898742676,"Unknown"
"7014857",371856,2025-07-13 16:22:58,43.3595848083496,-8.84487915039062,"Unknown"
"7014857",371856,2025-07-13 16:27:58,43.3596229553223,-8.84495162963867,"Unknown"
"7014857",371856,2025-07-13 16:32:58,43.359546661377,-8.84498500823975,"Unknown"
"7014857",371856,2025-07-13 16:37:59,43.3596725463867,-8.84508323669434,"Unknown"
"7014857",371856,2025-07-13 16:43:08,43.3595924377441,-8.84526634216309,"Unknown"
"7014857",371856,2025-07-13 16:47:58,43.3595962524414,-8.84542846679688,"Unknown"
"7014857",371856,2025-07-13 16:53:04,43.3595733642578,-8.84545135498047,"Unknown"
"7014857",371856,2025-07-13 16:57:59,43.3596267700195,-8.84551525115967,"Unknown"
"7014857",371856,2025-07-13 17:02:58,43.359748840332,-8.84542465209961,"Unknown"
"7014857",371856,2025-07-13 17:08:01,43.3598442077637,-8.84533596038818,"Unknown"
"7014857",371856,2025-07-13 17:13:29,43.3588218688965,-8.84640979766846,"Unknown"
"7014857",371856,2025-07-13 17:17:57,43.3604011535645,-8.84551334381104,"Unknown"
"7014857",371856,2025-07-13 17:22:57,43.3604774475098,-8.84522533416748,"Unknown"
"7014857",371856,2025-07-13 17:27:57,43.3603820800781,-8.84533786773682,"Unknown"
"7014857",371856,2025-07-13 17:32:58,43.3601341247559,-8.84549903869629,"Unknown"
"7014857",371856,2025-07-13 17:38:06,43.3600273132324,-8.8449764251709,"Unknown"
"7014857",371856,2025-07-13 17:43:07,43.3601684570312,-8.8456392288208,"Unknown"
"7014857",371856,2025-07-13 17:48:10,43.3600311279297,-8.84547138214111,"Unknown"
"7014857",371856,2025-07-13 17:52:59,43.3611335754395,-8.84485530853271,"Unknown"
"7014857",371856,2025-07-13 17:57:58,43.3602828979492,-8.84468364715576,"Unknown"
"7014857",371856,2025-07-13 18:02:58,43.3596878051758,-8.84560871124268,"Unknown"
"7014857",371856,2025-07-13 18:07:59,43.3599395751953,-8.84522151947021,"Unknown"
"7014857",371856,2025-07-13 18:12:59,43.3597145080566,-8.845627784729,"Unknown"
"7014857",371856,2025-07-13 18:17:58,43.3596458435059,-8.84592914581299,"Unknown"
"7014857",371856,2025-07-13 18:22:59,43.3594551086426,-8.84550380706787,"Unknown"
"7014857",371856,2025-07-13 18:27:59,43.3594665527344,-8.84549236297607,"Unknown"
"7014857",371856,2025-07-13 18:33:01,43.3594589233398,-8.84574604034424,"Unknown"
"7014857",371856,2025-07-13 18:38:00,43.3592987060547,-8.84549140930176,"Unknown"
"7014857",371856,2025-07-13 18:42:59,43.3594970703125,-8.84532165527344,"Unknown"
"7014857",371856,2025-07-13 18:48:00,43.3594627380371,-8.84569358825684,"Unknown"
"7014857",371856,2025-07-13 18:53:01,43.3588905334473,-8.84427928924561,"Unknown"
"7014857",371856,2025-07-13 18:57:59,43.3595657348633,-8.84549522399902,"Unknown"
"7014857",371856,2025-07-13 19:03:00,43.3595504760742,-8.84543991088867,"Unknown"
"7014857",371856,2025-07-13 19:08:01,43.3595695495605,-8.84538269042969,"Unknown"
"7014857",371856,2025-07-13 19:13:00,43.3590393066406,-8.84553337097168,"Unknown"
"7014857",371856,2025-07-13 19:18:00,43.3591041564941,-8.84540367126465,"Unknown"
"7014857",371856,2025-07-13 19:23:00,43.359073638916,-8.84533023834229,"Unknown"
"7014857",371856,2025-07-13 19:27:59,43.3590049743652,-8.84539985656738,"Unknown"
"7014857",371856,2025-07-13 19:32:59,43.3588981628418,-8.84549427032471,"Unknown"
"7014857",371856,2025-07-13 19:37:59,43.3589210510254,-8.84539794921875,"Unknown"
"7014857",371856,2025-07-13 19:42:58,43.3587036132812,-8.84573268890381,"Unknown"
"7014857",371856,2025-07-13 19:48:00,43.3591804504395,-8.84497547149658,"Unknown"
"7014857",371856,2025-07-13 19:52:59,43.3593292236328,-8.84482574462891,"Unknown"
"7014857",371856,2025-07-13 19:57:59,43.3593406677246,-8.84485816955566,"Unknown"
"7014857",371856,2025-07-13 20:02:59,43.359561920166,-8.8449535369873,"Unknown"
"7014857",371856,2025-07-13 20:07:59,43.3591537475586,-8.84504985809326,"Unknown"
"7014857",371856,2025-07-13 20:12:59,43.3596000671387,-8.84542274475098,"Unknown"
"7014857",371856,2025-07-13 20:17:59,43.3630447387695,-8.85121536254883,"Unknown"
"7014857",371856,2025-07-13 20:23:00,43.3619575500488,-8.85279369354248,"Unknown"
"7014857",371856,2025-07-13 20:28:00,43.3619804382324,-8.85199546813965,"Unknown"
"7014857",371856,2025-07-13 20:33:01,43.3623046875,-8.85136222839355,"Unknown"
"7014857",371856,2025-07-13 20:38:00,43.362548828125,-8.85106658935547,"Unknown"
"7014857",371856,2025-07-13 20:43:01,43.3632011413574,-8.8508825302124,"Unknown"
"7014857",371856,2025-07-13 20:47:59,43.3637733459473,-8.84947299957275,"Unknown"
"7014857",371856,2025-07-13 20:53:00,43.363468170166,-8.84876251220703,"Unknown"
"7014857",371856,2025-07-13 20:58:02,43.3572044372559,-8.8457088470459,"Unknown"
"7014857",371856,2025-07-13 21:00:23,43.3587036132812,-8.84451866149902,"Unknown"
"7014857",371856,2025-07-14 02:00:22,43.3693466186523,-8.85348796844482,"Unknown"
"7014857",371856,2025-07-14 02:54:31,43.3984107971191,-8.86691951751709,"Unknown"
"7014857",371856,2025-07-14 02:59:35,43.3984756469727,-8.86568546295166,"Unknown"
"7014857",371856,2025-07-14 03:04:29,43.3985481262207,-8.865309715271,"Unknown"
"7014857",371856,2025-07-14 03:09:28,43.3985900878906,-8.86372947692871,"Unknown"
"7014857",371856,2025-07-14 03:14:30,43.3985939025879,-8.86214828491211,"Unknown"
"7014857",371856,2025-07-14 03:19:30,43.3988189697266,-8.86098289489746,"Unknown"
"7014857",371856,2025-07-14 03:24:27,43.3988189697266,-8.8592586517334,"Unknown"
"7014857",371856,2025-07-14 03:29:27,43.3986167907715,-8.85824203491211,"Unknown"
"7014857",371856,2025-07-14 03:34:30,43.3988723754883,-8.85697078704834,"Unknown"
"7014857",371856,2025-07-14 03:39:31,43.3988456726074,-8.8559513092041,"Unknown"
"7014857",371856,2025-07-14 03:44:27,43.3989372253418,-8.85451984405518,"Unknown"
"7014857",371856,2025-07-14 03:49:27,43.3986701965332,-8.85329437255859,"Unknown"
"7014857",371856,2025-07-14 03:54:27,43.3984680175781,-8.85242366790771,"Unknown"
"7014857",371856,2025-07-14 03:59:27,43.398136138916,-8.85136604309082,"Unknown"
"7014857",371856,2025-07-14 04:04:26,43.4155960083008,-8.86410713195801,"Unknown"
"7014857",371856,2025-07-14 04:09:26,43.4350776672363,-8.85326671600342,"Unknown"
"7014857",371856,2025-07-14 04:14:26,43.4576072692871,-8.87857532501221,"Unknown"
"7014857",371856,2025-07-14 04:19:25,43.4829483032227,-8.89424705505371,"Unknown"
"7014857",371856,2025-07-14 04:24:26,43.518367767334,-8.90511608123779,"Unknown"
"7014857",371856,2025-07-14 04:29:27,43.5202713012695,-8.9323844909668,"Unknown"
"7014857",371856,2025-07-14 04:34:26,43.543399810791,-8.95221424102783,"Unknown"
"7014857",371856,2025-07-14 04:39:27,43.5563201904297,-8.97700500488281,"Unknown"
"7014857",371856,2025-07-14 04:44:26,43.55224609375,-8.99778461456299,"Unknown"
"7014857",371856,2025-07-14 04:49:26,43.5769195556641,-9.00034523010254,"Unknown"
"7014857",371856,2025-07-14 04:54:26,43.5648345947266,-8.97212696075439,"Unknown"
"7014857",371856,2025-07-14 04:59:29,43.5450057983398,-8.94921684265137,"Unknown"
"7014857",371856,2025-07-14 05:04:28,43.5250205993652,-8.92839336395264,"Unknown"
"7014857",371856,2025-07-14 05:09:27,43.5008697509766,-8.92429637908936,"Unknown"
"7014857",371856,2025-07-14 05:14:28,43.475284576416,-8.91579437255859,"Unknown"
"7014857",371856,2025-07-14 05:19:27,43.4531135559082,-8.89579486846924,"Unknown"
"7014857",371856,2025-07-14 05:24:30,43.4312133789062,-8.87865257263184,"Unknown"
"7014857",371856,2025-07-14 05:29:37,43.406379699707,-8.87070655822754,"Unknown"
"7014857",371856,2025-07-14 05:34:36,43.3818893432617,-8.85903072357178,"Unknown"
"7014857",371856,2025-07-14 05:39:28,43.360710144043,-8.84878921508789,"Unknown"
"7014857",371856,2025-07-14 05:44:36,43.3593788146973,-8.8451566696167,"Unknown"
"7014857",371856,2025-07-14 05:49:35,43.359447479248,-8.84518814086914,"Unknown"
"7014857",371856,2025-07-14 05:54:36,43.3596115112305,-8.84504699707031,"Unknown"
"7014857",371856,2025-07-14 05:59:36,43.3594627380371,-8.84505081176758,"Unknown"
"7014857",371856,2025-07-14 06:04:28,43.368106842041,-8.85754680633545,"Unknown"
"7014857",371856,2025-07-14 06:09:36,43.3709106445312,-8.86221504211426,"Unknown"
"7014857",371856,2025-07-14 06:14:40,43.3713569641113,-8.86262130737305,"Unknown"
"7014857",371856,2025-07-14 06:19:40,43.3650169372559,-8.85488891601562,"Unknown"
"7014857",371856,2025-07-14 06:24:36,43.3594856262207,-8.84525489807129,"Unknown"
"7014857",371856,2025-07-14 06:29:27,43.3593978881836,-8.8453540802002,"Unknown"
"7014857",371856,2025-07-14 06:34:26,43.3594398498535,-8.84517097473145,"Unknown"
"7014857",371856,2025-07-14 06:39:25,43.3593597412109,-8.84535121917725,"Unknown"
"7014857",371856,2025-07-14 06:44:29,43.3594665527344,-8.84545612335205,"Unknown"
"7014857",371856,2025-07-14 06:49:36,43.359546661377,-8.84522533416748,"Unknown"
"7014857",371856,2025-07-14 06:54:30,43.3593559265137,-8.84616947174072,"Unknown"
"7014857",371856,2025-07-14 06:59:43,43.3599662780762,-8.84540367126465,"Unknown"
"7014857",371856,2025-07-14 07:04:28,43.359432220459,-8.84535503387451,"Unknown"
"7014857",371856,2025-07-14 07:09:30,43.3597183227539,-8.84560489654541,"Unknown"
"7014857",371856,2025-07-14 07:14:28,43.3597297668457,-8.84555816650391,"Unknown"
"7014857",371856,2025-07-14 07:19:39,43.3596267700195,-8.84544849395752,"Unknown"
"7014857",371856,2025-07-14 07:24:28,43.3597831726074,-8.8459587097168,"Unknown"
"7014857",371856,2025-07-14 07:29:36,43.3594970703125,-8.84537029266357,"Unknown"
"7014857",371856,2025-07-14 07:34:27,43.3595161437988,-8.84555244445801,"Unknown"
"7014857",371856,2025-07-14 07:39:25,43.3591690063477,-8.84584331512451,"Unknown"
"7014857",371856,2025-07-14 07:44:26,43.3592720031738,-8.84575939178467,"Unknown"
"7014857",371856,2025-07-14 07:49:26,43.3593978881836,-8.84558868408203,"Unknown"
"7014857",371856,2025-07-14 07:55:49,43.357780456543,-8.8462028503418,"Unknown"
"7014857",371856,2025-07-14 08:00:11,43.3580474853516,-8.84663009643555,"Unknown"
"7014857",371856,2025-07-14 08:04:25,43.3594856262207,-8.84552669525146,"Unknown"
"7014857",371856,2025-07-14 08:09:25,43.3596229553223,-8.84535694122314,"Unknown"
"7014857",371856,2025-07-14 08:14:25,43.3596229553223,-8.84538459777832,"Unknown"
"7014857",371856,2025-07-14 08:19:25,43.3592071533203,-8.84474086761475,"Unknown"
"7014857",371856,2025-07-14 08:24:26,43.3596153259277,-8.84548091888428,"Unknown"
"7014857",371856,2025-07-14 08:29:27,43.3596382141113,-8.84543514251709,"Unknown"
"7014857",371856,2025-07-14 08:34:26,43.3596839904785,-8.84548473358154,"Unknown"
"7014857",371856,2025-07-14 08:39:25,43.3596229553223,-8.84543704986572,"Unknown"
"7014857",371856,2025-07-14 08:44:25,43.3596611022949,-8.84541797637939,"Unknown"
"7014857",371856,2025-07-14 08:49:28,43.3595924377441,-8.84544277191162,"Unknown"
"7014857",371856,2025-07-14 08:54:25,43.3703880310059,-8.85727787017822,"Unknown"
"7014857",371856,2025-07-14 08:59:27,43.3754501342773,-8.86114692687988,"Unknown"
"7014857",371856,2025-07-14 09:04:25,43.3912239074707,-8.89328193664551,"Unknown"
"7014857",371856,2025-07-14 09:09:25,43.4120597839355,-8.92000579833984,"Unknown"
"7014857",371856,2025-07-14 09:14:25,43.4247283935547,-8.95619106292725,"Unknown"
"7014857",371856,2025-07-14 09:19:25,43.4352836608887,-8.99658203125,"Unknown"
"7014857",371856,2025-07-14 09:24:26,43.4360885620117,-9.00332069396973,"Unknown"
"7014857",371856,2025-07-14 09:29:25,43.4378204345703,-8.99739360809326,"Unknown"
"7014857",371856,2025-07-14 09:34:27,43.439811706543,-8.9910717010498,"Unknown"
"7014857",371856,2025-07-14 09:39:25,43.4410667419434,-8.98586654663086,"Unknown"
"7014857",371856,2025-07-14 09:44:26,43.4418411254883,-8.98411464691162,"Unknown"
"7014857",371856,2025-07-14 09:49:25,43.4419593811035,-8.98396492004395,"Unknown"
"7014857",371856,2025-07-14 09:54:27,43.4353866577148,-8.97368431091309,"Unknown"
"7014857",371856,2025-07-14 09:59:26,43.4151268005371,-8.94110107421875,"Unknown"
"7014857",371856,2025-07-14 10:04:25,43.4006958007812,-8.90112495422363,"Unknown"
"7014857",371856,2025-07-14 10:09:26,43.3811836242676,-8.86319732666016,"Unknown"
"7014857",371856,2025-07-14 10:14:25,43.3599052429199,-8.84632873535156,"Unknown"
"7014857",371856,2025-07-14 10:19:25,43.359317779541,-8.84485149383545,"Unknown"
"7014857",371856,2025-07-14 10:24:25,43.3593978881836,-8.84505271911621,"Unknown"
"7014857",371856,2025-07-14 10:29:26,43.3597640991211,-8.84367561340332,"Unknown"
"7014857",371856,2025-07-14 10:34:28,43.3590965270996,-8.84476089477539,"Unknown"
"7014857",371856,2025-07-14 10:39:25,43.3594360351562,-8.84500122070312,"Unknown"
"7014857",371856,2025-07-14 10:44:26,43.3593940734863,-8.84506988525391,"Unknown"
"7014857",371856,2025-07-14 10:49:26,43.3596038818359,-8.84477138519287,"Unknown"
"7014857",371856,2025-07-14 10:54:26,43.3596229553223,-8.84467506408691,"Unknown"
"7014857",371856,2025-07-14 10:59:26,43.3596496582031,-8.84473896026611,"Unknown"
"7014857",371856,2025-07-14 11:04:26,43.3596153259277,-8.84458541870117,"Unknown"
"7014857",371856,2025-07-14 11:09:25,43.3599967956543,-8.84542846679688,"Unknown"
"7014857",371856,2025-07-14 11:14:25,43.3805961608887,-8.85505104064941,"Unknown"
"7014857",371856,2025-07-14 11:19:26,43.4078712463379,-8.87178993225098,"Unknown"
"7014857",371856,2025-07-14 11:24:25,43.4388809204102,-8.88078498840332,"Unknown"
"7014857",371856,2025-07-14 11:29:26,43.4718627929688,-8.86224937438965,"Unknown"
"7014857",371856,2025-07-14 11:34:26,43.472900390625,-8.85600566864014,"Unknown"
"7014857",371856,2025-07-14 11:39:26,43.4737663269043,-8.84985065460205,"Unknown"
"7014857",371856,2025-07-14 11:44:25,43.4746589660645,-8.84371471405029,"Unknown"
"7014857",371856,2025-07-14 11:49:26,43.4750823974609,-8.83719635009766,"Unknown"
"7014857",371856,2025-07-14 11:54:26,43.4748420715332,-8.83092784881592,"Unknown"
"7014857",371856,2025-07-14 11:59:26,43.475887298584,-8.82405376434326,"Unknown"
"7014857",371856,2025-07-14 12:04:28,43.476936340332,-8.81837368011475,"Unknown"
"7014857",371856,2025-07-14 12:09:25,43.4776039123535,-8.81184482574463,"Unknown"
"7014857",371856,2025-07-14 12:14:28,43.4776573181152,-8.80498790740967,"Unknown"
"7014857",371856,2025-07-14 12:19:25,43.4975700378418,-8.82369899749756,"Unknown"
"7014857",371856,2025-07-14 12:24:25,43.5239143371582,-8.8436450958252,"Unknown"
"7014857",371856,2025-07-14 12:29:25,43.5530891418457,-8.85799694061279,"Unknown"
"7014857",371856,2025-07-14 12:34:25,43.5747032165527,-8.87420463562012,"Unknown"
"7014857",371856,2025-07-14 12:39:25,43.6103324890137,-8.85089778900146,"Unknown"
"7014857",371856,2025-07-14 12:44:26,43.6461219787598,-8.82866764068604,"Unknown"
"7014857",371856,2025-07-14 12:49:25,43.6813583374023,-8.80245685577393,"Unknown"
"7014857",371856,2025-07-14 12:54:25,43.6849670410156,-8.80376148223877,"Unknown"
"7014857",371856,2025-07-14 12:59:35,43.6841621398926,-8.80418872833252,"Unknown"
"7014857",371856,2025-07-14 13:04:27,43.6833076477051,-8.80488681793213,"Unknown"
"7014857",371856,2025-07-14 13:09:26,43.6757965087891,-8.82513332366943,"Unknown"
"7014857",371856,2025-07-14 13:14:27,43.6718101501465,-8.83146095275879,"Unknown"
"7014857",371856,2025-07-14 13:19:26,43.6691360473633,-8.83790493011475,"Unknown"
"7014857",371856,2025-07-14 13:24:25,43.6680030822754,-8.84331798553467,"Unknown"
"7014857",371856,2025-07-14 13:29:25,43.6674957275391,-8.84915542602539,"Unknown"
"7014857",371856,2025-07-14 13:34:27,43.667366027832,-8.85080146789551,"Unknown"
"7014857",371856,2025-07-14 13:39:26,43.6674346923828,-8.8607063293457,"Unknown"
"7014857",371856,2025-07-14 13:44:26,43.667163848877,-8.86618328094482,"Unknown"
"7014857",371856,2025-07-14 13:49:26,43.666805267334,-8.87159824371338,"Unknown"
"7014857",371856,2025-07-14 13:54:26,43.6667060852051,-8.87704944610596,"Unknown"
"7014857",371856,2025-07-14 13:59:27,43.6663932800293,-8.88331508636475,"Unknown"
"7014857",371856,2025-07-14 14:04:28,43.6662635803223,-8.88837909698486,"Unknown"
"7014857",371856,2025-07-14 14:09:26,43.6654205322266,-8.89306926727295,"Unknown"
"7014857",371856,2025-07-14 14:14:27,43.6654930114746,-8.89682197570801,"Unknown"
"7014857",371856,2025-07-14 14:19:25,43.6652565002441,-8.90400791168213,"Unknown"
"7014857",371856,2025-07-14 14:24:25,43.665096282959,-8.90890407562256,"Unknown"
"7014857",371856,2025-07-14 14:29:25,43.6646270751953,-8.91452407836914,"Unknown"
"7014857",371856,2025-07-14 14:34:26,43.6645469665527,-8.91990947723389,"Unknown"
"7014857",371856,2025-07-14 14:39:25,43.6649971008301,-8.92499446868896,"Unknown"
"7014857",371856,2025-07-14 14:44:26,43.6652984619141,-8.93026065826416,"Unknown"
"7014857",371856,2025-07-14 14:49:26,43.6642303466797,-8.93643474578857,"Unknown"
"7014857",371856,2025-07-14 14:54:26,43.663459777832,-8.94116878509521,"Unknown"
"7014857",371856,2025-07-14 14:59:29,43.6629295349121,-8.94542980194092,"Unknown"
"7014857",371856,2025-07-14 15:04:27,43.6612434387207,-8.94989395141602,"Unknown"
"7014857",371856,2025-07-14 15:09:29,43.6584053039551,-8.95346832275391,"Unknown"
"7014857",371856,2025-07-14 15:14:26,43.6555099487305,-8.95652675628662,"Unknown"
"7014857",371856,2025-07-14 15:19:26,43.653133392334,-8.95909595489502,"Unknown"
"7014857",371856,2025-07-14 15:24:26,43.6520538330078,-8.97224903106689,"Unknown"
"7014857",371856,2025-07-14 15:29:27,43.644115447998,-9.00082206726074,"Unknown"
"7014857",371856,2025-07-14 15:34:25,43.6332855224609,-9.02432441711426,"Unknown"
"7014857",371856,2025-07-14 15:39:28,43.6515502929688,-9.0416088104248,"Unknown"
"7014857",371856,2025-07-14 15:44:25,43.6263656616211,-9.05039691925049,"Unknown"
"7014857",371856,2025-07-14 15:49:25,43.5949554443359,-9.04182052612305,"Unknown"
"7014857",371856,2025-07-14 15:54:27,43.5637130737305,-9.01816368103027,"Unknown"
"7014857",371856,2025-07-14 15:59:26,43.5360946655273,-8.98770618438721,"Unknown"
"7014857",371856,2025-07-14 16:04:25,43.504508972168,-8.96745777130127,"Unknown"
"7014857",371856,2025-07-14 16:09:26,43.4744148254395,-8.94374370574951,"Unknown"
"7014857",371856,2025-07-14 16:14:25,43.4753646850586,-8.94400596618652,"Unknown"
"7014857",371856,2025-07-14 16:19:25,43.4648971557617,-8.93906593322754,"Unknown"
"7014857",371856,2025-07-14 16:24:25,43.4336318969727,-8.91956806182861,"Unknown"
"7014857",371856,2025-07-14 16:29:26,43.4033546447754,-8.88989734649658,"Unknown"
"7014857",371856,2025-07-14 16:34:35,43.3758430480957,-8.85654449462891,"Unknown"
"7014857",371856,2025-07-14 16:39:26,43.3577995300293,-8.84493160247803,"Unknown"
"7014857",371856,2025-07-14 16:44:37,43.3592872619629,-8.84483623504639,"Unknown"
"7014857",371856,2025-07-14 16:49:34,43.359375,-8.84493637084961,"Unknown"
"7014857",371856,2025-07-14 16:54:37,43.3593444824219,-8.84487247467041,"Unknown"
"7014857",371856,2025-07-14 16:59:28,43.3600425720215,-8.84572410583496,"Unknown"
"7014857",371856,2025-07-14 17:04:44,43.3594627380371,-8.84512233734131,"Unknown"
"7014857",371856,2025-07-14 17:09:25,43.3593368530273,-8.84487724304199,"Unknown"
"7014857",371856,2025-07-14 17:14:28,43.3597793579102,-8.84457397460938,"Unknown"
"7014857",371856,2025-07-14 17:19:30,43.3593673706055,-8.84503173828125,"Unknown"
"7014857",371856,2025-07-14 17:24:29,43.3592872619629,-8.84465408325195,"Unknown"
"7014857",371856,2025-07-14 17:29:30,43.3594665527344,-8.84521579742432,"Unknown"
"7014857",371856,2025-07-14 17:34:28,43.3594932556152,-8.84510707855225,"Unknown"
"7014857",371856,2025-07-14 17:39:28,43.359317779541,-8.84505271911621,"Unknown"
"7014857",371856,2025-07-14 17:44:27,43.3596534729004,-8.84475231170654,"Unknown"
"7014857",371856,2025-07-14 17:49:44,43.3591728210449,-8.84450531005859,"Unknown"
"7014857",371856,2025-07-14 17:54:39,43.3589324951172,-8.84392833709717,"Unknown"
"7014857",371856,2025-07-14 17:59:28,43.3593254089355,-8.84476566314697,"Unknown"
"7014857",371856,2025-07-14 18:04:41,43.3710594177246,-8.83625793457031,"Unknown"
"7014857",371856,2025-07-14 18:09:36,43.3755531311035,-8.82383823394775,"Unknown"
"7014857",371856,2025-07-14 18:14:36,43.3754806518555,-8.82370281219482,"Unknown"
"7014857",371856,2025-07-14 18:19:29,43.3741645812988,-8.82320022583008,"Unknown"
"7014857",371856,2025-07-14 18:24:36,43.3685264587402,-8.82427215576172,"Unknown"
"7014857",371856,2025-07-14 18:29:45,43.3676300048828,-8.82294845581055,"Unknown"
"7014857",371856,2025-07-14 18:34:29,43.369197845459,-8.82886981964111,"Unknown"
"7014857",371856,2025-07-14 18:39:44,43.3593673706055,-8.84516906738281,"Unknown"
"7014857",371856,2025-07-14 18:44:25,43.3595771789551,-8.84475708007812,"Unknown"
"7014857",371856,2025-07-14 18:49:38,43.3593978881836,-8.84486961364746,"Unknown"
"7014857",371856,2025-07-14 18:54:41,43.3592185974121,-8.84519672393799,"Unknown"
"7014857",371856,2025-07-14 18:59:27,43.3593139648438,-8.84458637237549,"Unknown"
"7014857",371856,2025-07-14 19:04:29,43.3596839904785,-8.84491062164307,"Unknown"
"7014857",371856,2025-07-14 19:09:27,43.3590850830078,-8.84583187103271,"Unknown"
"7014857",371856,2025-07-14 19:14:30,43.3594741821289,-8.84473991394043,"Unknown"
"7014857",371856,2025-07-14 19:19:38,43.3593788146973,-8.84512615203857,"Unknown"
"7014857",371856,2025-07-14 19:24:31,43.3593559265137,-8.84507179260254,"Unknown"
"7014857",371856,2025-07-14 19:29:31,43.359992980957,-8.8462495803833,"Unknown"
"7014857",371856,2025-07-14 19:34:27,43.3598976135254,-8.84626197814941,"Unknown"
"7014857",371856,2025-07-14 19:39:31,43.3599662780762,-8.84622955322266,"Unknown"
"7014857",371856,2025-07-14 19:44:26,43.3599166870117,-8.8460636138916,"Unknown"
"7014857",371856,2025-07-14 19:49:44,43.3353996276855,-8.8740062713623,"Unknown"
"7014857",371856,2025-07-14 19:54:37,43.3309669494629,-8.88026714324951,"Unknown"
"7014857",371856,2025-07-14 19:59:31,43.3306312561035,-8.8797607421875,"Unknown"
"7014857",371856,2025-07-14 20:04:36,43.3313903808594,-8.87716197967529,"Unknown"
"7014857",371856,2025-07-14 20:09:44,43.3309936523438,-8.87706184387207,"Unknown"
"7014857",371856,2025-07-14 20:14:29,43.3308029174805,-8.87639045715332,"Unknown"
"7014857",371856,2025-07-14 20:19:30,43.330394744873,-8.87635612487793,"Unknown"
"7014857",371856,2025-07-14 20:24:33,43.3300170898438,-8.87588977813721,"Unknown"
"7014857",371856,2025-07-14 20:29:29,43.3299522399902,-8.87542819976807,"Unknown"
"7014857",371856,2025-07-14 20:34:26,43.3275299072266,-8.87632656097412,"Unknown"
"7014857",371856,2025-07-14 20:39:25,43.3292083740234,-8.87576389312744,"Unknown"
"7014857",371856,2025-07-14 20:44:26,43.3492393493652,-8.86082649230957,"Unknown"
"7014857",371856,2025-07-14 20:50:14,43.3566551208496,-8.84624004364014,"Unknown"
"7014857",371856,2025-07-14 20:54:59,43.3568496704102,-8.84628295898438,"Unknown"
"7014857",371856,2025-07-14 20:59:11,43.3568534851074,-8.84621429443359,"Unknown"
"7014857",371856,2025-07-15 01:59:35,43.359375,-8.84513568878174,"Unknown"
"7014857",371856,2025-07-15 02:55:56,43.3593597412109,-8.84505176544189,"Unknown"
"7014857",371856,2025-07-15 03:00:56,43.3592643737793,-8.84515571594238,"Unknown"
"7014857",371856,2025-07-15 03:05:57,43.3592796325684,-8.84511470794678,"Unknown"
"7014857",371856,2025-07-15 03:10:57,43.3593101501465,-8.84509658813477,"Unknown"
"7014857",371856,2025-07-15 03:15:56,43.3593444824219,-8.84513473510742,"Unknown"
"7014857",371856,2025-07-15 03:20:56,43.3592948913574,-8.84511661529541,"Unknown"
"7014857",371856,2025-07-15 03:25:56,43.3593101501465,-8.84510707855225,"Unknown"
"7014857",371856,2025-07-15 03:30:56,43.3593063354492,-8.8451566696167,"Unknown"
"7014857",371856,2025-07-15 03:35:56,43.3593254089355,-8.84505367279053,"Unknown"
"7014857",371856,2025-07-15 03:40:56,43.3593330383301,-8.8450756072998,"Unknown"
"7014857",371856,2025-07-15 03:45:57,43.3593406677246,-8.845046043396,"Unknown"
"7014857",371856,2025-07-15 03:50:56,43.3592796325684,-8.84507942199707,"Unknown"
"7014857",371856,2025-07-15 03:55:57,43.3593406677246,-8.84510517120361,"Unknown"
"7014857",371856,2025-07-15 04:00:57,43.3592872619629,-8.84507083892822,"Unknown"
"7014857",371856,2025-07-15 04:05:56,43.3593444824219,-8.84511566162109,"Unknown"
"7014857",371856,2025-07-15 04:10:58,43.3593635559082,-8.84513092041016,"Unknown"
"7014857",371856,2025-07-15 04:15:59,43.359260559082,-8.84526920318604,"Unknown"
"7014857",371856,2025-07-15 04:20:58,43.3593292236328,-8.84514045715332,"Unknown"
"7014857",371856,2025-07-15 04:25:57,43.365161895752,-8.85574245452881,"Unknown"
"7014857",371856,2025-07-15 04:30:58,43.3786468505859,-8.8631763458252,"Unknown"
"7014857",371856,2025-07-15 04:36:00,43.373348236084,-8.85339260101318,"Unknown"
"7014857",371856,2025-07-15 04:41:06,43.3740844726562,-8.85299015045166,"Unknown"
"7014857",371856,2025-07-15 04:46:05,43.3742485046387,-8.85233879089355,"Unknown"
"7014857",371856,2025-07-15 04:51:13,43.3741722106934,-8.85166645050049,"Unknown"
"7014857",371856,2025-07-15 04:55:57,43.3596725463867,-8.85270977020264,"Unknown"
"7014857",371856,2025-07-15 05:00:58,43.3340225219727,-8.85645294189453,"Unknown"
"7014857",371856,2025-07-15 05:05:59,43.3140029907227,-8.8573112487793,"Unknown"
"7014857",371856,2025-07-15 05:10:59,43.314582824707,-8.85679244995117,"Unknown"
"7014857",371856,2025-07-15 05:15:59,43.3144721984863,-8.857008934021,"Unknown"
"7014857",371856,2025-07-15 05:20:58,43.3146018981934,-8.85684585571289,"Unknown"
"7014857",371856,2025-07-15 05:25:57,43.3146667480469,-8.85677909851074,"Unknown"
"7014857",371856,2025-07-15 05:30:57,43.3145751953125,-8.85686588287354,"Unknown"
"7014857",371856,2025-07-15 05:35:59,43.314510345459,-8.85679912567139,"Unknown"
"7014857",371856,2025-07-15 05:40:57,43.3144111633301,-8.85689449310303,"Unknown"
"7014857",371856,2025-07-15 05:45:57,43.3148384094238,-8.85666084289551,"Unknown"
"7014857",371856,2025-07-15 05:50:59,43.3147888183594,-8.85674571990967,"Unknown"
"7014857",371856,2025-07-15 05:56:00,43.3135871887207,-8.85660552978516,"Unknown"
"7014857",371856,2025-07-15 06:00:58,43.3039016723633,-8.84547424316406,"Unknown"
"7014857",371856,2025-07-15 06:05:59,43.3036804199219,-8.84487724304199,"Unknown"
"7014857",371856,2025-07-15 06:11:03,43.3036079406738,-8.84494400024414,"Unknown"
"7014857",371856,2025-07-15 06:15:59,43.3037452697754,-8.84465312957764,"Unknown"
"7014857",371856,2025-07-15 06:20:59,43.2954483032227,-8.85497665405273,"Unknown"
"7014857",371856,2025-07-15 06:26:01,43.283390045166,-8.85428524017334,"Unknown"
"7014857",371856,2025-07-15 06:30:58,43.283618927002,-8.8538064956665,"Unknown"
"7014857",371856,2025-07-15 06:35:58,43.2839050292969,-8.85410690307617,"Unknown"
"7014857",371856,2025-07-15 06:40:59,43.2837753295898,-8.85372352600098,"Unknown"
"7014857",371856,2025-07-15 06:45:59,43.284740447998,-8.8541431427002,"Unknown"
"7014857",371856,2025-07-15 06:50:57,43.2887268066406,-8.82571220397949,"Unknown"
"7014857",371856,2025-07-15 06:55:58,43.2867126464844,-8.79192066192627,"Unknown"
"7014857",371856,2025-07-15 07:00:58,43.2852478027344,-8.76100635528564,"Unknown"
"7014857",371856,2025-07-15 07:06:06,43.2934455871582,-8.7463321685791,"Unknown"
"7014857",371856,2025-07-15 07:11:30,43.2922554016113,-8.74583530426025,"Unknown"
"7014857",371856,2025-07-15 07:16:14,43.2931137084961,-8.74566078186035,"Unknown"
"7014857",371856,2025-07-15 07:21:14,43.2929725646973,-8.74542713165283,"Unknown"
"7014857",371856,2025-07-15 07:26:01,43.2930068969727,-8.7454719543457,"Unknown"
"7014857",371856,2025-07-15 07:31:03,43.2931213378906,-8.74563980102539,"Unknown"
"7014857",371856,2025-07-15 07:36:16,43.2930717468262,-8.74554443359375,"Unknown"
"7014857",371856,2025-07-15 07:40:57,43.2952117919922,-8.71554756164551,"Unknown"
"7014857",371856,2025-07-15 07:46:07,43.2940940856934,-8.67367744445801,"Unknown"
"7014857",371856,2025-07-15 07:51:29,43.2972030639648,-8.66778469085693,"Unknown"
"7014857",371856,2025-07-15 07:55:57,43.297233581543,-8.66778087615967,"Unknown"
"7014857",371856,2025-07-15 08:00:57,43.2972640991211,-8.66777229309082,"Unknown"
"7014857",371856,2025-07-15 08:05:57,43.2971572875977,-8.66775703430176,"Unknown"
"7014857",371856,2025-07-15 08:10:57,43.297248840332,-8.66774940490723,"Unknown"
"7014857",371856,2025-07-15 08:16:10,43.2967834472656,-8.66715240478516,"Unknown"
"7014857",371856,2025-07-15 08:20:59,43.2783622741699,-8.63723754882812,"Unknown"
"7014857",371856,2025-07-15 08:25:57,43.2723655700684,-8.62741947174072,"Unknown"
"7014857",371856,2025-07-15 08:30:57,43.2495574951172,-8.60561847686768,"Unknown"
"7014857",371856,2025-07-15 08:35:57,43.2376747131348,-8.60003566741943,"Unknown"
"7014857",371856,2025-07-15 08:40:57,43.207763671875,-8.58355236053467,"Unknown"
"7014857",371856,2025-07-15 08:45:58,43.1891098022461,-8.57161331176758,"Unknown"
"7014857",371856,2025-07-15 08:51:07,43.1762809753418,-8.54722595214844,"Unknown"
"7014857",371856,2025-07-15 08:55:57,43.1606559753418,-8.52599620819092,"Unknown"
"7014857",371856,2025-07-15 09:00:58,43.1427536010742,-8.49778938293457,"Unknown"
"7014857",371856,2025-07-15 09:06:00,43.1303215026855,-8.47199821472168,"Unknown"
"7014857",371856,2025-07-15 09:11:05,43.1300392150879,-8.47206878662109,"Unknown"
"7014857",371856,2025-07-15 09:15:57,43.1302680969238,-8.47208309173584,"Unknown"
"7014857",371856,2025-07-15 09:21:04,43.1302757263184,-8.47187900543213,"Unknown"
"7014857",371856,2025-07-15 09:26:00,43.130126953125,-8.47201538085938,"Unknown"
"7014857",371856,2025-07-15 09:31:00,43.1302299499512,-8.47204113006592,"Unknown"
"7014857",371856,2025-07-15 09:36:14,43.1296005249023,-8.47154998779297,"Unknown"
"7014857",371856,2025-07-15 09:40:57,43.1295928955078,-8.47159767150879,"Unknown"
"7014857",371856,2025-07-15 09:45:57,43.1294860839844,-8.47161197662354,"Unknown"
"7014857",371856,2025-07-15 09:50:57,43.129638671875,-8.47163009643555,"Unknown"
"7014857",371856,2025-07-15 09:55:57,43.1296348571777,-8.47153091430664,"Unknown"
"7014857",371856,2025-07-15 10:00:57,43.1297721862793,-8.47168445587158,"Unknown"
"7014857",371856,2025-07-15 10:06:03,43.1293640136719,-8.47152233123779,"Unknown"
"7014857",371856,2025-07-15 10:10:57,43.1294631958008,-8.47155857086182,"Unknown"
"7014857",371856,2025-07-15 10:15:57,43.1296005249023,-8.47154331207275,"Unknown"
"7014857",371856,2025-07-15 10:20:58,43.1295051574707,-8.47153663635254,"Unknown"
"7014857",371856,2025-07-15 10:25:57,43.1294746398926,-8.47150135040283,"Unknown"
"7014857",371856,2025-07-15 10:30:57,43.1320610046387,-8.47155380249023,"Unknown"
"7014857",371856,2025-07-15 10:36:14,43.1308059692383,-8.47614669799805,"Unknown"
"7014857",371856,2025-07-15 10:40:56,43.1382751464844,-8.50677871704102,"Unknown"
"7014857",371856,2025-07-15 10:46:00,43.1401901245117,-8.53050804138184,"Unknown"
"7014857",371856,2025-07-15 10:50:57,43.1487236022949,-8.54509830474854,"Unknown"
"7014857",371856,2025-07-15 10:55:59,43.1595115661621,-8.55742263793945,"Unknown"
"7014857",371856,2025-07-15 11:00:57,43.1678237915039,-8.57051181793213,"Unknown"
"7014857",371856,2025-07-15 11:05:57,43.1991119384766,-8.61208438873291,"Unknown"
"7014857",371856,2025-07-15 11:10:57,43.2186965942383,-8.64415645599365,"Unknown"
"7014857",371856,2025-07-15 11:15:57,43.2437286376953,-8.66819381713867,"Unknown"
"7014857",371856,2025-07-15 11:20:57,43.2483406066895,-8.69034862518311,"Unknown"
"7014857",371856,2025-07-15 11:26:00,43.2727966308594,-8.69921207427979,"Unknown"
"7014857",371856,2025-07-15 11:31:24,43.2948684692383,-8.72970581054688,"Unknown"
"7014857",371856,2025-07-15 11:36:01,43.294605255127,-8.72986221313477,"Unknown"
"7014857",371856,2025-07-15 11:41:06,43.295352935791,-8.72964668273926,"Unknown"
"7014857",371856,2025-07-15 11:46:01,43.2951927185059,-8.72964572906494,"Unknown"
"7014857",371856,2025-07-15 11:51:01,43.2953605651855,-8.72964954376221,"Unknown"
"7014857",371856,2025-07-15 11:55:59,43.2949523925781,-8.72980213165283,"Unknown"
"7014857",371856,2025-07-15 12:01:01,43.2952308654785,-8.72901725769043,"Unknown"
"7014857",371856,2025-07-15 12:06:01,43.2950820922852,-8.7292308807373,"Unknown"
"7014857",371856,2025-07-15 12:11:05,43.2951545715332,-8.7292423248291,"Unknown"
"7014857",371856,2025-07-15 12:16:03,43.2942848205566,-8.74504089355469,"Unknown"
"7014857",371856,2025-07-15 12:21:08,43.2974548339844,-8.75404739379883,"Unknown"
"7014857",371856,2025-07-15 12:26:10,43.3083152770996,-8.7890043258667,"Unknown"
"7014857",371856,2025-07-15 12:31:07,43.3258819580078,-8.82011413574219,"Unknown"
"7014857",371856,2025-07-15 12:36:09,43.3471908569336,-8.8405590057373,"Unknown"
"7014857",371856,2025-07-15 12:41:11,43.3594207763672,-8.84496688842773,"Unknown"
"7014857",371856,2025-07-15 12:46:12,43.3594245910645,-8.84517002105713,"Unknown"
"7014857",371856,2025-07-15 12:51:17,43.3594589233398,-8.84496879577637,"Unknown"
"7014857",371856,2025-07-15 12:56:09,43.3594131469727,-8.84501647949219,"Unknown"
"7014857",371856,2025-07-15 13:01:12,43.3594131469727,-8.84510803222656,"Unknown"
"7014857",371856,2025-07-15 13:06:09,43.3594665527344,-8.84482383728027,"Unknown"
"7014857",371856,2025-07-15 13:11:10,43.3594589233398,-8.8452091217041,"Unknown"
"7014857",371856,2025-07-15 13:16:12,43.359375,-8.84499454498291,"Unknown"
"7014857",371856,2025-07-15 13:21:12,43.3592910766602,-8.8455924987793,"Unknown"
"7014857",371856,2025-07-15 13:26:11,43.3594055175781,-8.8449535369873,"Unknown"
"7014857",371856,2025-07-15 13:31:10,43.3594169616699,-8.84494304656982,"Unknown"
"7014857",371856,2025-07-15 13:36:12,43.3597526550293,-8.8442907333374,"Unknown"
"7014857",371856,2025-07-15 13:41:13,43.3595657348633,-8.84497547149658,"Unknown"
"7014857",371856,2025-07-15 13:46:11,43.3606262207031,-8.84432506561279,"Unknown"
"7014857",371856,2025-07-15 13:51:22,43.3599853515625,-8.84340000152588,"Unknown"
"7014857",371856,2025-07-15 13:56:34,43.3599739074707,-8.8456916809082,"Unknown"
"7014857",371856,2025-07-15 14:01:06,43.3595428466797,-8.84499454498291,"Unknown"
"7014857",371856,2025-07-15 14:06:06,43.3596153259277,-8.84564113616943,"Unknown"
"7014857",371856,2025-07-15 14:11:06,43.3594055175781,-8.84552383422852,"Unknown"
"7014857",371856,2025-07-15 14:16:06,43.3594207763672,-8.8456916809082,"Unknown"
"7014857",371856,2025-07-15 14:21:04,43.359691619873,-8.84542465209961,"Unknown"
"7014857",371856,2025-07-15 14:26:50,43.3576774597168,-8.84591960906982,"Unknown"
"7014857",371856,2025-07-15 14:31:11,43.3577041625977,-8.84593486785889,"Unknown"
"7014857",371856,2025-07-15 14:36:07,43.3579597473145,-8.84624099731445,"Unknown"
"7014857",371856,2025-07-15 14:41:13,43.3576965332031,-8.84581184387207,"Unknown"
"7014857",371856,2025-07-15 14:46:06,43.3576278686523,-8.84592247009277,"Unknown"
"7014857",371856,2025-07-15 14:51:04,43.3576622009277,-8.84609031677246,"Unknown"
"7014857",371856,2025-07-15 14:56:04,43.3592338562012,-8.84656715393066,"Unknown"
"7014857",371856,2025-07-15 15:01:04,43.3595771789551,-8.84508514404297,"Unknown"
"7014857",371856,2025-07-15 15:06:04,43.359188079834,-8.84550094604492,"Unknown"
"7014857",371856,2025-07-15 15:11:09,43.359447479248,-8.8450231552124,"Unknown"
"7014857",371856,2025-07-15 15:16:06,43.3595886230469,-8.84555053710938,"Unknown"
"7014857",371856,2025-07-15 15:21:07,43.3593788146973,-8.84536838531494,"Unknown"
"7014857",371856,2025-07-15 15:26:09,43.3592720031738,-8.84516143798828,"Unknown"
"7014857",371856,2025-07-15 15:31:09,43.3592491149902,-8.84521770477295,"Unknown"
"7014857",371856,2025-07-15 15:36:06,43.3589553833008,-8.84504699707031,"Unknown"
"7014857",371856,2025-07-15 15:41:06,43.359302520752,-8.84521007537842,"Unknown"
"7014857",371856,2025-07-15 15:46:06,43.3592987060547,-8.84519958496094,"Unknown"
"7014857",371856,2025-07-15 15:51:08,43.3592758178711,-8.84509754180908,"Unknown"
"7014857",371856,2025-07-15 15:56:07,43.3594436645508,-8.84513568878174,"Unknown"
"7014857",371856,2025-07-15 16:01:06,43.3594131469727,-8.84521198272705,"Unknown"
"7014857",371856,2025-07-15 16:06:06,43.3594169616699,-8.84532451629639,"Unknown"
"7014857",371856,2025-07-15 16:11:06,43.3594856262207,-8.84534645080566,"Unknown"
"7014857",371856,2025-07-15 16:16:07,43.3594779968262,-8.84531688690186,"Unknown"
"7014857",371856,2025-07-15 16:21:08,43.3595924377441,-8.84546184539795,"Unknown"
"7014857",371856,2025-07-15 16:26:06,43.3596153259277,-8.84546184539795,"Unknown"
"7014857",371856,2025-07-15 16:31:05,43.3594551086426,-8.84537315368652,"Unknown"
"7014857",371856,2025-07-15 16:36:06,43.3593711853027,-8.84514617919922,"Unknown"
"7014857",371856,2025-07-15 16:41:07,43.359203338623,-8.84485816955566,"Unknown"
"7014857",371856,2025-07-15 16:46:06,43.3594627380371,-8.84519481658936,"Unknown"
"7014857",371856,2025-07-15 16:51:10,43.3593482971191,-8.84499835968018,"Unknown"
"7014857",371856,2025-07-15 16:56:13,43.3596496582031,-8.84538745880127,"Unknown"
"7014857",371856,2025-07-15 17:01:12,43.3592681884766,-8.84517192840576,"Unknown"
"7014857",371856,2025-07-15 17:06:06,43.3593482971191,-8.84527015686035,"Unknown"
"7014857",371856,2025-07-15 17:11:06,43.3592796325684,-8.84537315368652,"Unknown"
"7014857",371856,2025-07-15 17:16:07,43.3594169616699,-8.84544563293457,"Unknown"
"7014857",371856,2025-07-15 17:21:05,43.3598785400391,-8.8471212387085,"Unknown"
"7014857",371856,2025-07-15 17:26:05,43.3632011413574,-8.84584617614746,"Unknown"
"7014857",371856,2025-07-15 17:31:08,43.3632659912109,-8.8454475402832,"Unknown"
"7014857",371856,2025-07-15 17:36:08,43.3627281188965,-8.84516716003418,"Unknown"
"7014857",371856,2025-07-15 17:41:07,43.3603706359863,-8.84418773651123,"Unknown"
"7014857",371856,2025-07-15 17:46:07,43.3606071472168,-8.84354305267334,"Unknown"
"7014857",371856,2025-07-15 17:51:14,43.3607292175293,-8.84329319000244,"Unknown"
"7014857",371856,2025-07-15 17:56:07,43.3605155944824,-8.84381866455078,"Unknown"
"7014857",371856,2025-07-15 18:01:10,43.3610458374023,-8.84652328491211,"Unknown"
"7014857",371856,2025-07-15 18:06:07,43.3591690063477,-8.84487533569336,"Unknown"
"7014857",371856,2025-07-15 18:11:08,43.3594818115234,-8.84572696685791,"Unknown"
"7014857",371856,2025-07-15 18:16:10,43.3588562011719,-8.8456563949585,"Unknown"
"7014857",371856,2025-07-15 18:21:07,43.3587188720703,-8.84546852111816,"Unknown"
"7014857",371856,2025-07-15 18:26:09,43.3587989807129,-8.84536457061768,"Unknown"
"7014857",371856,2025-07-15 18:31:06,43.3585319519043,-8.84546279907227,"Unknown"
"7014857",371856,2025-07-15 18:36:07,43.3585777282715,-8.8455171585083,"Unknown"
"7014857",371856,2025-07-15 18:41:06,43.3585166931152,-8.8455924987793,"Unknown"
"7014857",371856,2025-07-15 18:46:06,43.3584938049316,-8.84560775756836,"Unknown"
"7014857",371856,2025-07-15 18:51:07,43.3584632873535,-8.84556293487549,"Unknown"
"7014857",371856,2025-07-15 18:56:13,43.3583641052246,-8.84564113616943,"Unknown"
"7014857",371856,2025-07-15 19:01:11,43.3587684631348,-8.84523868560791,"Unknown"
"7014857",371856,2025-07-15 19:06:18,43.3584518432617,-8.84546279907227,"Unknown"
"7014857",371856,2025-07-15 19:11:22,43.3584899902344,-8.84538650512695,"Unknown"
"7014857",371856,2025-07-15 19:16:12,43.3586883544922,-8.84524154663086,"Unknown"
"7014857",371856,2025-07-15 19:21:11,43.358570098877,-8.8452844619751,"Unknown"
"7014857",371856,2025-07-15 19:26:11,43.358455657959,-8.84525394439697,"Unknown"
"7014857",371856,2025-07-15 19:31:13,43.358585357666,-8.84526538848877,"Unknown"
"7014857",371856,2025-07-15 19:36:11,43.3583831787109,-8.84512615203857,"Unknown"
"7014857",371856,2025-07-15 19:41:18,43.3584671020508,-8.84527111053467,"Unknown"
"7014857",371856,2025-07-15 19:46:11,43.358341217041,-8.84500980377197,"Unknown"
"7014857",371856,2025-07-15 19:51:10,43.3582916259766,-8.84495067596436,"Unknown"
"7014857",371856,2025-07-15 19:56:10,43.3582725524902,-8.84471130371094,"Unknown"
"7014857",371856,2025-07-15 20:01:35,43.359546661377,-8.84537601470947,"Unknown"
"7014857",371856,2025-07-15 20:07:19,43.3608894348145,-8.84393787384033,"Unknown"
"7014857",371856,2025-07-15 20:11:18,43.3609199523926,-8.84392547607422,"Unknown"
"7014857",371856,2025-07-15 20:16:07,43.3540725708008,-8.85304832458496,"Unknown"
"7014857",371856,2025-07-15 20:21:06,43.3591232299805,-8.84467220306396,"Unknown"
"7014857",371856,2025-07-15 20:26:07,43.3591117858887,-8.84479331970215,"Unknown"
"7014857",371856,2025-07-15 20:31:09,43.359130859375,-8.84474468231201,"Unknown"
"7014857",371856,2025-07-15 20:36:07,43.3590469360352,-8.84515285491943,"Unknown"
"7014857",371856,2025-07-15 20:41:05,43.3593673706055,-8.84533977508545,"Unknown"
"7014857",371856,2025-07-15 20:46:06,43.3592758178711,-8.84527778625488,"Unknown"
"7014857",371856,2025-07-15 20:51:13,43.3593444824219,-8.84525012969971,"Unknown"
"7014857",371856,2025-07-15 20:56:07,43.3588218688965,-8.84485244750977,"Unknown"
"7014857",371856,2025-07-15 20:58:56,43.3588829040527,-8.84485912322998,"Unknown"
"7014857",371856,2025-07-16 01:59:29,43.3596954345703,-8.84555625915527,"Unknown"
"7014857",371856,2025-07-16 02:57:30,43.3593330383301,-8.84528541564941,"Unknown"
"7014857",371856,2025-07-16 03:02:31,43.3593597412109,-8.84533309936523,"Unknown"
"7014857",371856,2025-07-16 03:07:30,43.3593406677246,-8.84531211853027,"Unknown"
"7014857",371856,2025-07-16 03:12:31,43.3593711853027,-8.84534168243408,"Unknown"
"7014857",371856,2025-07-16 03:17:30,43.3593978881836,-8.84538650512695,"Unknown"
"7014857",371856,2025-07-16 03:22:31,43.3594017028809,-8.84531688690186,"Unknown"
"7014857",371856,2025-07-16 03:27:31,43.3593215942383,-8.84538650512695,"Unknown"
"7014857",371856,2025-07-16 03:32:31,43.3593597412109,-8.84537029266357,"Unknown"
"7014857",371856,2025-07-16 03:37:31,43.3593444824219,-8.84538078308105,"Unknown"
"7014857",371856,2025-07-16 03:42:31,43.359375,-8.84545135498047,"Unknown"
"7014857",371856,2025-07-16 03:47:31,43.3593482971191,-8.84538841247559,"Unknown"
"7014857",371856,2025-07-16 03:52:31,43.3593711853027,-8.84545803070068,"Unknown"
"7014857",371856,2025-07-16 03:57:31,43.3593559265137,-8.84542846679688,"Unknown"
"7014857",371856,2025-07-16 04:02:32,43.3592338562012,-8.84548187255859,"Unknown"
"7014857",371856,2025-07-16 04:07:31,43.3592376708984,-8.8453369140625,"Unknown"
"7014857",371856,2025-07-16 04:12:32,43.3592338562012,-8.84500122070312,"Unknown"
"7014857",371856,2025-07-16 04:17:32,43.3593063354492,-8.84505081176758,"Unknown"
"7014857",371856,2025-07-16 04:22:31,43.3594589233398,-8.84533882141113,"Unknown"
"7014857",371856,2025-07-16 04:27:42,43.3593711853027,-8.84533882141113,"Unknown"
"7014857",371856,2025-07-16 04:32:31,43.3593139648438,-8.84515953063965,"Unknown"
"7014857",371856,2025-07-16 04:37:31,43.3594093322754,-8.84538555145264,"Unknown"
"7014857",371856,2025-07-16 04:42:33,43.3593368530273,-8.84519386291504,"Unknown"
"7014857",371856,2025-07-16 04:47:32,43.3594512939453,-8.84532260894775,"Unknown"
"7014857",371856,2025-07-16 04:52:31,43.3592681884766,-8.84525108337402,"Unknown"
"7014857",371856,2025-07-16 04:57:33,43.3594665527344,-8.84533214569092,"Unknown"
"7014857",371856,2025-07-16 05:02:32,43.3594589233398,-8.84528636932373,"Unknown"
"7014857",371856,2025-07-16 05:07:31,43.3652839660645,-8.83831691741943,"Unknown"
"7014857",371856,2025-07-16 05:12:31,43.3722610473633,-8.86039638519287,"Unknown"
"7014857",371856,2025-07-16 05:17:31,43.3697814941406,-8.86496162414551,"Unknown"
"7014857",371856,2025-07-16 05:23:14,43.3610458374023,-8.89424705505371,"Unknown"
"7014857",371856,2025-07-16 05:27:32,43.3506622314453,-8.89022731781006,"Unknown"
"7014857",371856,2025-07-16 05:32:31,43.3423805236816,-8.87327194213867,"Unknown"
"7014857",371856,2025-07-16 05:37:32,43.3236045837402,-8.85868072509766,"Unknown"
"7014857",371856,2025-07-16 05:42:32,43.3139495849609,-8.85678482055664,"Unknown"
"7014857",371856,2025-07-16 05:47:33,43.3140029907227,-8.85680484771729,"Unknown"
"7014857",371856,2025-07-16 05:52:44,43.3141784667969,-8.85668277740479,"Unknown"
"7014857",371856,2025-07-16 05:57:31,43.3146209716797,-8.85669612884521,"Unknown"
"7014857",371856,2025-07-16 06:02:33,43.3154182434082,-8.85641670227051,"Unknown"
"7014857",371856,2025-07-16 06:07:32,43.3154830932617,-8.85645294189453,"Unknown"
"7014857",371856,2025-07-16 06:12:34,43.3154907226562,-8.85642719268799,"Unknown"
"7014857",371856,2025-07-16 06:17:32,43.3214340209961,-8.85107898712158,"Unknown"
"7014857",371856,2025-07-16 06:22:32,43.3197937011719,-8.84481716156006,"Unknown"
"7014857",371856,2025-07-16 06:27:32,43.3202972412109,-8.84506225585938,"Unknown"
"7014857",371856,2025-07-16 06:32:35,43.3202362060547,-8.84473705291748,"Unknown"
"7014857",371856,2025-07-16 06:37:32,43.3193092346191,-8.84456348419189,"Unknown"
"7014857",371856,2025-07-16 06:42:31,43.3194274902344,-8.84461307525635,"Unknown"
"7014857",371856,2025-07-16 06:47:38,43.3196601867676,-8.84455680847168,"Unknown"
"7014857",371856,2025-07-16 06:52:39,43.3196754455566,-8.84480094909668,"Unknown"
"7014857",371856,2025-07-16 06:57:33,43.3194236755371,-8.84469413757324,"Unknown"
"7014857",371856,2025-07-16 07:02:31,43.321605682373,-8.8466854095459,"Unknown"
"7014857",371856,2025-07-16 07:07:31,43.3508796691895,-8.84442043304443,"Unknown"
"7014857",371856,2025-07-16 07:12:34,43.3594741821289,-8.84494876861572,"Unknown"
"7014857",371856,2025-07-16 07:17:31,43.3596382141113,-8.84563159942627,"Unknown"
"7014857",371856,2025-07-16 07:22:31,43.3594398498535,-8.84514617919922,"Unknown"
"7014857",371856,2025-07-16 07:27:32,43.3588447570801,-8.84430694580078,"Unknown"
"7014857",371856,2025-07-16 07:32:33,43.3592948913574,-8.84509754180908,"Unknown"
"7014857",371856,2025-07-16 07:37:36,43.3593902587891,-8.84525966644287,"Unknown"
"7014857",371856,2025-07-16 07:42:34,43.3594932556152,-8.84533309936523,"Unknown"
"7014857",371856,2025-07-16 07:47:32,43.3591003417969,-8.84535789489746,"Unknown"
"7014857",371856,2025-07-16 07:52:32,43.3593101501465,-8.84521198272705,"Unknown"
"7014857",371856,2025-07-16 07:57:34,43.3594818115234,-8.84539699554443,"Unknown"
"7014857",371856,2025-07-16 08:02:38,43.3594741821289,-8.84575748443604,"Unknown"
"7014857",371856,2025-07-16 08:07:32,43.3592147827148,-8.84525203704834,"Unknown"
"7014857",371856,2025-07-16 08:12:31,43.3674621582031,-8.85929107666016,"Unknown"
"7014857",371856,2025-07-16 08:17:36,43.3879776000977,-8.86827659606934,"Unknown"
"7014857",371856,2025-07-16 08:22:31,43.3967475891113,-8.87923812866211,"Unknown"
"7014857",371856,2025-07-16 08:27:32,43.4149436950684,-8.91269016265869,"Unknown"
"7014857",371856,2025-07-16 08:32:32,43.4229774475098,-8.94884395599365,"Unknown"
"7014857",371856,2025-07-16 08:37:39,43.4370536804199,-8.97658824920654,"Unknown"
"7014857",371856,2025-07-16 08:42:44,43.4408988952637,-8.98951625823975,"Unknown"
"7014857",371856,2025-07-16 08:47:31,43.4491577148438,-8.99823474884033,"Unknown"
"7014857",371856,2025-07-16 08:52:31,43.458911895752,-9.02449131011963,"Unknown"
"7014857",371856,2025-07-16 08:57:39,43.4658126831055,-9.05673503875732,"Unknown"
"7014857",371856,2025-07-16 09:02:31,43.4721717834473,-9.0890417098999,"Unknown"
"7014857",371856,2025-07-16 09:07:38,43.4783554077148,-9.10531044006348,"Unknown"
"7014857",371856,2025-07-16 09:12:31,43.4846992492676,-9.11772727966309,"Unknown"
"7014857",371856,2025-07-16 09:17:36,43.4875640869141,-9.11808395385742,"Unknown"
"7014857",371856,2025-07-16 09:22:38,43.4878196716309,-9.11933708190918,"Unknown"
"7014857",371856,2025-07-16 09:27:40,43.4861297607422,-9.11258316040039,"Unknown"
"7014857",371856,2025-07-16 09:37:40,43.472225189209,-9.06447601318359,"Unknown"
"7014857",371856,2025-07-16 09:42:31,43.4594383239746,-9.03129959106445,"Unknown"
"7014857",371856,2025-07-16 09:47:33,43.4435195922852,-8.99727249145508,"Unknown"
"7014857",371856,2025-07-16 09:52:40,43.4291648864746,-8.96152782440186,"Unknown"
"7014857",371856,2025-07-16 09:57:31,43.4136810302734,-8.92808818817139,"Unknown"
"7014857",371856,2025-07-16 10:02:31,43.3971061706543,-8.89173793792725,"Unknown"
"7014857",371856,2025-07-16 10:08:35,43.3714447021484,-8.85536289215088,"Unknown"
"7014857",371856,2025-07-16 10:12:39,43.3590621948242,-8.84626483917236,"Unknown"
"7014857",371856,2025-07-16 10:17:31,43.3595504760742,-8.84493446350098,"Unknown"
"7014857",371856,2025-07-16 10:22:40,43.3596534729004,-8.84495830535889,"Unknown"
"7014857",371856,2025-07-16 10:27:34,43.3595542907715,-8.84501934051514,"Unknown"
"7014857",371856,2025-07-16 10:32:32,43.359375,-8.84504127502441,"Unknown"
"7014857",371856,2025-07-16 10:37:32,43.3597984313965,-8.8450870513916,"Unknown"
"7014857",371856,2025-07-16 10:42:33,43.3596954345703,-8.84512519836426,"Unknown"
"7014857",371856,2025-07-16 10:47:33,43.3597297668457,-8.84513568878174,"Unknown"
"7014857",371856,2025-07-16 10:52:32,43.3596115112305,-8.84520435333252,"Unknown"
"7014857",371856,2025-07-16 10:57:44,43.3596649169922,-8.84529209136963,"Unknown"
"7014857",371856,2025-07-16 11:02:31,43.359733581543,-8.84527587890625,"Unknown"
"7014857",371856,2025-07-16 11:07:33,43.3593254089355,-8.84500694274902,"Unknown"
"7014857",371856,2025-07-16 11:12:33,43.3593978881836,-8.84525299072266,"Unknown"
"7014857",371856,2025-07-16 11:17:31,43.359188079834,-8.84525489807129,"Unknown"
"7014857",371856,2025-07-16 11:22:31,43.3594245910645,-8.84525299072266,"Unknown"
"7014857",371856,2025-07-16 11:27:31,43.359447479248,-8.84524917602539,"Unknown"
"7014857",371856,2025-07-16 11:32:31,43.3593673706055,-8.84525108337402,"Unknown"
"7014857",371856,2025-07-16 11:37:31,43.3594284057617,-8.84527015686035,"Unknown"
"7014857",371856,2025-07-16 11:42:31,43.3593864440918,-8.84523773193359,"Unknown"
"7014857",371856,2025-07-16 11:47:31,43.3593673706055,-8.84524345397949,"Unknown"
"7014857",371856,2025-07-16 11:52:32,43.3593559265137,-8.84523677825928,"Unknown"
"7014857",371856,2025-07-16 11:57:31,43.359317779541,-8.84525585174561,"Unknown"
"7014857",371856,2025-07-16 12:02:31,43.3594131469727,-8.84521961212158,"Unknown"
"7014857",371856,2025-07-16 12:07:39,43.3594360351562,-8.8449592590332,"Unknown"
"7014857",371856,2025-07-16 12:12:38,43.3593673706055,-8.84511184692383,"Unknown"
"7014857",371856,2025-07-16 12:17:38,43.3593978881836,-8.84508609771729,"Unknown"
"7014857",371856,2025-07-16 12:22:37,43.3594779968262,-8.84506511688232,"Unknown"
"7014857",371856,2025-07-16 12:27:44,43.3593521118164,-8.84510326385498,"Unknown"
"7014857",371856,2025-07-16 12:32:31,43.3605194091797,-8.84590148925781,"Unknown"
"7014857",371856,2025-07-16 12:37:36,43.3394889831543,-8.83261108398438,"Unknown"
"7014857",371856,2025-07-16 12:42:33,43.3172378540039,-8.8053035736084,"Unknown"
"7014857",371856,2025-07-16 12:47:44,43.3011207580566,-8.76928043365479,"Unknown"
"7014857",371856,2025-07-16 12:52:32,43.2934951782227,-8.74599933624268,"Unknown"
"7014857",371856,2025-07-16 12:58:05,43.2931022644043,-8.74616432189941,"Unknown"
"7014857",371856,2025-07-16 13:02:37,43.2935447692871,-8.74595546722412,"Unknown"
"7014857",371856,2025-07-16 13:07:32,43.2938232421875,-8.7461051940918,"Unknown"
"7014857",371856,2025-07-16 13:12:34,43.2937698364258,-8.7460355758667,"Unknown"
"7014857",371856,2025-07-16 13:17:33,43.2933235168457,-8.74625396728516,"Unknown"
"7014857",371856,2025-07-16 13:22:40,43.2932090759277,-8.73391437530518,"Unknown"
"7014857",371856,2025-07-16 13:27:43,43.2938499450684,-8.73397636413574,"Unknown"
"7014857",371856,2025-07-16 13:32:40,43.293628692627,-8.73406028747559,"Unknown"
"7014857",371856,2025-07-16 13:37:39,43.2937507629395,-8.73406887054443,"Unknown"
"7014857",371856,2025-07-16 13:42:33,43.2934951782227,-8.73347187042236,"Unknown"
"7014857",371856,2025-07-16 13:47:40,43.2938652038574,-8.73392105102539,"Unknown"
"7014857",371856,2025-07-16 13:52:32,43.2938842773438,-8.7340259552002,"Unknown"
"7014857",371856,2025-07-16 13:57:33,43.2959861755371,-8.73820686340332,"Unknown"
"7014857",371856,2025-07-16 14:02:32,43.2942810058594,-8.73491191864014,"Unknown"
"7014857",371856,2025-07-16 14:07:32,43.2944145202637,-8.73494625091553,"Unknown"
"7014857",371856,2025-07-16 14:12:42,43.2939720153809,-8.73430919647217,"Unknown"
"7014857",371856,2025-07-16 14:17:33,43.2943229675293,-8.73562908172607,"Unknown"
"7014857",371856,2025-07-16 14:22:31,43.2944946289062,-8.69969940185547,"Unknown"
"7014857",371856,2025-07-16 14:27:31,43.2854919433594,-8.6513500213623,"Unknown"
"7014857",371856,2025-07-16 14:32:31,43.265064239502,-8.61753845214844,"Unknown"
"7014857",371856,2025-07-16 14:37:32,43.2426605224609,-8.5970573425293,"Unknown"
"7014857",371856,2025-07-16 14:42:32,43.2230072021484,-8.58815860748291,"Unknown"
"7014857",371856,2025-07-16 14:47:32,43.1941528320312,-8.57339000701904,"Unknown"
"7014857",371856,2025-07-16 14:52:33,43.168586730957,-8.56511116027832,"Unknown"
"7014857",371856,2025-07-16 14:57:37,43.1490783691406,-8.52894878387451,"Unknown"
"7014857",371856,2025-07-16 15:02:37,43.1307182312012,-8.47159767150879,"Unknown"
"7014857",371856,2025-07-16 15:07:38,43.1308517456055,-8.47187328338623,"Unknown"
"7014857",371856,2025-07-16 15:12:33,43.1307487487793,-8.47196102142334,"Unknown"
"7014857",371856,2025-07-16 15:17:39,43.1308403015137,-8.47171115875244,"Unknown"
"7014857",371856,2025-07-16 15:22:36,43.1303520202637,-8.47217273712158,"Unknown"
"7014857",371856,2025-07-16 15:27:44,43.1303520202637,-8.4721097946167,"Unknown"
"7014857",371856,2025-07-16 15:32:34,43.1303939819336,-8.47192478179932,"Unknown"
"7014857",371856,2025-07-16 15:37:32,43.1347389221191,-8.46702003479004,"Unknown"
"7014857",371856,2025-07-16 15:42:34,43.1326103210449,-8.46778392791748,"Unknown"
"7014857",371856,2025-07-16 15:47:39,43.1326751708984,-8.46753787994385,"Unknown"
"7014857",371856,2025-07-16 15:52:39,43.1326751708984,-8.46747589111328,"Unknown"
"7014857",371856,2025-07-16 15:57:34,43.1326065063477,-8.46763801574707,"Unknown"
"7014857",371856,2025-07-16 16:02:36,43.132568359375,-8.46766757965088,"Unknown"
"7014857",371856,2025-07-16 16:07:33,43.1320686340332,-8.46742248535156,"Unknown"
"7014857",371856,2025-07-16 16:12:39,43.1326560974121,-8.46751594543457,"Unknown"
"7014857",371856,2025-07-16 16:17:34,43.1326599121094,-8.46754455566406,"Unknown"
"7014857",371856,2025-07-16 16:22:34,43.1326446533203,-8.46748542785645,"Unknown"
"7014857",371856,2025-07-16 16:27:32,43.1318969726562,-8.46702861785889,"Unknown"
"7014857",371856,2025-07-16 16:32:34,43.1327514648438,-8.46738910675049,"Unknown"
"7014857",371856,2025-07-16 16:37:38,43.1327056884766,-8.4675235748291,"Unknown"
"7014857",371856,2025-07-16 16:42:38,43.1327056884766,-8.46748542785645,"Unknown"
"7014857",371856,2025-07-16 16:47:33,43.1301422119141,-8.4709997177124,"Unknown"
"7014857",371856,2025-07-16 16:52:38,43.1306266784668,-8.47134876251221,"Unknown"
"7014857",371856,2025-07-16 16:57:44,43.1306457519531,-8.47154712677002,"Unknown"
"7014857",371856,2025-07-16 17:02:36,43.1304931640625,-8.47163581848145,"Unknown"
"7014857",371856,2025-07-16 17:07:31,43.1333198547363,-8.46787452697754,"Unknown"
"7014857",371856,2025-07-16 17:12:39,43.1334228515625,-8.46863079071045,"Unknown"
"7014857",371856,2025-07-16 17:17:31,43.1368217468262,-8.47012424468994,"Unknown"
"7014857",371856,2025-07-16 17:22:37,43.1477737426758,-8.49106979370117,"Unknown"
"7014857",371856,2025-07-16 17:27:31,43.1556053161621,-8.51499080657959,"Unknown"
"7014857",371856,2025-07-16 17:32:31,43.1434669494629,-8.54165935516357,"Unknown"
"7014857",371856,2025-07-16 17:37:31,43.1411666870117,-8.5688943862915,"Unknown"
"7014857",371856,2025-07-16 17:42:31,43.1552772521973,-8.58046913146973,"Unknown"
"7014857",371856,2025-07-16 17:47:44,43.1699714660645,-8.60386276245117,"Unknown"
"7014857",371856,2025-07-16 17:52:31,43.1897506713867,-8.6179895401001,"Unknown"
"7014857",371856,2025-07-16 17:57:31,43.2082214355469,-8.63440704345703,"Unknown"
"7014857",371856,2025-07-16 18:02:32,43.2225112915039,-8.66084957122803,"Unknown"
"7014857",371856,2025-07-16 18:07:31,43.2371139526367,-8.68570613861084,"Unknown"
"7014857",371856,2025-07-16 18:12:31,43.2522392272949,-8.70783710479736,"Unknown"
"7014857",371856,2025-07-16 18:17:31,43.2724838256836,-8.71171855926514,"Unknown"
"7014857",371856,2025-07-16 18:22:33,43.2912788391113,-8.72302436828613,"Unknown"
"7014857",371856,2025-07-16 18:27:39,43.2941398620605,-8.73330783843994,"Unknown"
"7014857",371856,2025-07-16 18:33:26,43.3018379211426,-8.75749778747559,"Unknown"
"7014857",371856,2025-07-16 18:37:45,43.3042945861816,-8.78786373138428,"Unknown"
"7014857",371856,2025-07-16 18:42:37,43.3208923339844,-8.80790519714355,"Unknown"
"7014857",371856,2025-07-16 18:47:40,43.3358459472656,-8.83051490783691,"Unknown"
"7014857",371856,2025-07-16 18:52:52,43.3492698669434,-8.84544372558594,"Unknown"
"7014857",371856,2025-07-16 18:57:41,43.3595085144043,-8.84535503387451,"Unknown"
"7014857",371856,2025-07-16 19:02:34,43.3595123291016,-8.84552669525146,"Unknown"
"7014857",371856,2025-07-16 19:07:32,43.3592224121094,-8.8465576171875,"Unknown"
"7014857",371856,2025-07-16 19:12:40,43.359447479248,-8.84544944763184,"Unknown"
"7014857",371856,2025-07-16 19:17:39,43.3593788146973,-8.84523487091064,"Unknown"
"7014857",371856,2025-07-16 19:22:43,43.3590850830078,-8.84449291229248,"Unknown"
"7014857",371856,2025-07-16 19:27:44,43.3592300415039,-8.84470462799072,"Unknown"
"7014857",371856,2025-07-16 19:32:33,43.359546661377,-8.84485244750977,"Unknown"
"7014857",371856,2025-07-16 19:37:38,43.3594779968262,-8.84504699707031,"Unknown"
"7014857",371856,2025-07-16 19:42:31,43.3595924377441,-8.84500217437744,"Unknown"
"7014857",371856,2025-07-16 19:48:05,43.3594169616699,-8.84540367126465,"Unknown"
"7014857",371856,2025-07-16 19:52:31,43.3593559265137,-8.84545421600342,"Unknown"
"7014857",371856,2025-07-16 19:57:31,43.3593444824219,-8.84534740447998,"Unknown"
"7014857",371856,2025-07-16 20:02:31,43.3594627380371,-8.8454008102417,"Unknown"
"7014857",371856,2025-07-16 20:07:30,43.3593978881836,-8.84523391723633,"Unknown"
"7014857",371856,2025-07-16 20:12:30,43.3533821105957,-8.84938526153564,"Unknown"
"7014857",371856,2025-07-16 20:17:32,43.331901550293,-8.87647819519043,"Unknown"
"7014857",371856,2025-07-16 20:22:32,43.3322219848633,-8.87729454040527,"Unknown"
"7014857",371856,2025-07-16 20:27:31,43.3363456726074,-8.87918567657471,"Unknown"
"7014857",371856,2025-07-16 20:32:32,43.3369979858398,-8.8785400390625,"Unknown"
"7014857",371856,2025-07-16 20:37:39,43.3368797302246,-8.87869453430176,"Unknown"
"7014857",371856,2025-07-16 20:42:31,43.3384780883789,-8.88316917419434,"Unknown"
"7014857",371856,2025-07-16 20:47:32,43.3385696411133,-8.88314437866211,"Unknown"
"7014857",371856,2025-07-16 20:52:39,43.338306427002,-8.88397598266602,"Unknown"
"7014857",371856,2025-07-16 20:58:01,43.3326950073242,-8.88344192504883,"Unknown"
"7014857",371856,2025-07-17 01:58:20,43.3592987060547,-8.84572219848633,"Unknown"
"7014857",371856,2025-07-17 03:00:05,43.359302520752,-8.84525108337402,"Unknown"
"7014857",371856,2025-07-17 03:04:33,43.3596153259277,-8.84468841552734,"Unknown"
"7014857",371856,2025-07-17 03:09:38,43.3594245910645,-8.84552764892578,"Unknown"
"7014857",371856,2025-07-17 03:14:36,43.3595314025879,-8.84559535980225,"Unknown"
"7014857",371856,2025-07-17 03:19:32,43.3574066162109,-8.84825611114502,"Unknown"
"7014857",371856,2025-07-17 03:24:36,43.3494758605957,-8.86885261535645,"Unknown"
"7014857",371856,2025-07-17 03:29:37,43.3505744934082,-8.86504936218262,"Unknown"
"7014857",371856,2025-07-17 03:34:36,43.3507080078125,-8.86404037475586,"Unknown"
"7014857",371856,2025-07-17 03:39:37,43.351001739502,-8.86373424530029,"Unknown"
"7014857",371856,2025-07-17 03:44:36,43.3513069152832,-8.86396312713623,"Unknown"
"7014857",371856,2025-07-17 03:49:43,43.3516235351562,-8.86406898498535,"Unknown"
"7014857",371856,2025-07-17 03:54:32,43.3521194458008,-8.86342430114746,"Unknown"
"7014857",371856,2025-07-17 03:59:32,43.3541221618652,-8.85735702514648,"Unknown"
"7014857",371856,2025-07-17 04:04:37,43.359260559082,-8.8452262878418,"Unknown"
"7014857",371856,2025-07-17 04:09:33,43.3594398498535,-8.84503841400146,"Unknown"
"7014857",371856,2025-07-17 04:14:44,43.3593482971191,-8.84519100189209,"Unknown"
"7014857",371856,2025-07-17 04:19:42,43.3593978881836,-8.84517669677734,"Unknown"
"7014857",371856,2025-07-17 04:24:31,43.3589935302734,-8.84534645080566,"Unknown"
"7014857",371856,2025-07-17 04:29:33,43.3594856262207,-8.84509468078613,"Unknown"
"7014857",371856,2025-07-17 04:34:34,43.3593788146973,-8.8452091217041,"Unknown"
"7014857",371856,2025-07-17 04:39:34,43.3591423034668,-8.84539604187012,"Unknown"
"7014857",371856,2025-07-17 04:44:32,43.3594131469727,-8.84666061401367,"Unknown"
"7014857",371856,2025-07-17 04:49:44,43.3593978881836,-8.84526824951172,"Unknown"
"7014857",371856,2025-07-17 04:54:39,43.3593521118164,-8.84527778625488,"Unknown"
"7014857",371856,2025-07-17 04:59:30,43.3593292236328,-8.84504318237305,"Unknown"
"7014857",371856,2025-07-17 05:04:39,43.3593635559082,-8.84525108337402,"Unknown"
"7014857",371856,2025-07-17 05:09:39,43.3593902587891,-8.84520721435547,"Unknown"
"7014857",371856,2025-07-17 05:14:40,43.359504699707,-8.84539699554443,"Unknown"
"7014857",371856,2025-07-17 05:19:41,43.3592529296875,-8.84566116333008,"Unknown"
"7014857",371856,2025-07-17 05:24:40,43.3595390319824,-8.84486770629883,"Unknown"
"7014857",371856,2025-07-17 05:29:39,43.3594627380371,-8.84482097625732,"Unknown"
"7014857",371856,2025-07-17 05:34:37,43.359375,-8.84520244598389,"Unknown"
"7014857",371856,2025-07-17 05:39:37,43.3612289428711,-8.84597301483154,"Unknown"
"7014857",371856,2025-07-17 05:44:32,43.381275177002,-8.84931659698486,"Unknown"
"7014857",371856,2025-07-17 05:50:08,43.4082069396973,-8.8505163192749,"Unknown"
"7014857",371856,2025-07-17 05:54:43,43.4304351806641,-8.83794689178467,"Unknown"
"7014857",371856,2025-07-17 05:59:38,43.4423522949219,-8.80206680297852,"Unknown"
"7014857",371856,2025-07-17 06:04:39,43.4467506408691,-8.8333568572998,"Unknown"
"7014857",371856,2025-07-17 06:09:40,43.4403381347656,-8.87302494049072,"Unknown"
"7014857",371856,2025-07-17 06:14:33,43.425350189209,-8.91186332702637,"Unknown"
"7014857",371856,2025-07-17 06:19:33,43.4209251403809,-8.91590785980225,"Unknown"
"7014857",371856,2025-07-17 06:24:41,43.415901184082,-8.91921806335449,"Unknown"
"7014857",371856,2025-07-17 06:29:31,43.4116668701172,-8.9204683303833,"Unknown"
"7014857",371856,2025-07-17 06:34:39,43.4104270935059,-8.92140960693359,"Unknown"
"7014857",371856,2025-07-17 06:39:32,43.3947677612305,-8.9018669128418,"Unknown"
"7014857",371856,2025-07-17 06:44:30,43.369873046875,-8.8591194152832,"Unknown"
"7014857",371856,2025-07-17 06:49:44,43.3593330383301,-8.84505271911621,"Unknown"
"7014857",371856,2025-07-17 06:54:39,43.3593139648438,-8.84501647949219,"Unknown"
"7014857",371856,2025-07-17 06:59:31,43.359432220459,-8.84568214416504,"Unknown"
"7014857",371856,2025-07-17 07:04:34,43.3593139648438,-8.845046043396,"Unknown"
"7014857",371856,2025-07-17 07:09:39,43.3593864440918,-8.84506797790527,"Unknown"
"7014857",371856,2025-07-17 07:14:38,43.3593368530273,-8.84503078460693,"Unknown"
"7014857",371856,2025-07-17 07:19:41,43.3593673706055,-8.84513664245605,"Unknown"
"7014857",371856,2025-07-17 07:24:36,43.359317779541,-8.84535598754883,"Unknown"
"7014857",371856,2025-07-17 07:29:32,43.3593482971191,-8.84520626068115,"Unknown"
"7014857",371856,2025-07-17 07:34:29,43.3630867004395,-8.86037254333496,"Unknown"
"7014857",371856,2025-07-17 07:39:30,43.3678970336914,-8.89382648468018,"Unknown"
"7014857",371856,2025-07-17 07:44:30,43.371208190918,-8.92119789123535,"Unknown"
"7014857",371856,2025-07-17 07:50:29,43.3732795715332,-8.96038150787354,"Unknown"
"7014857",371856,2025-07-17 07:54:36,43.3736610412598,-8.98794364929199,"Unknown"
"7014857",371856,2025-07-17 07:59:39,43.3766326904297,-9.01644515991211,"Unknown"
"7014857",371856,2025-07-17 08:04:42,43.3741683959961,-9.02197933197021,"Unknown"
"7014857",371856,2025-07-17 08:09:30,43.3709106445312,-9.02631378173828,"Unknown"
"7014857",371856,2025-07-17 08:14:31,43.368408203125,-9.03163623809814,"Unknown"
"7014857",371856,2025-07-17 08:19:34,43.3664474487305,-9.0372257232666,"Unknown"
"7014857",371856,2025-07-17 08:24:32,43.3637809753418,-9.04262638092041,"Unknown"
"7014857",371856,2025-07-17 08:29:40,43.3640403747559,-9.04881572723389,"Unknown"
"7014857",371856,2025-07-17 08:34:39,43.3739624023438,-9.07408237457275,"Unknown"
"7014857",371856,2025-07-17 08:39:34,43.3852806091309,-9.09561347961426,"Unknown"
"7014857",371856,2025-07-17 08:44:56,43.3882942199707,-9.09796333312988,"Unknown"
"7014857",371856,2025-07-17 08:49:31,43.391960144043,-9.09795379638672,"Unknown"
"7014857",371856,2025-07-17 08:54:30,43.4029426574707,-9.12213516235352,"Unknown"
"7014857",371856,2025-07-17 08:59:39,43.4123497009277,-9.14599227905273,"Unknown"
"7014857",371856,2025-07-17 09:04:33,43.4159393310547,-9.16869449615479,"Unknown"
"7014857",371856,2025-07-17 09:09:44,43.4102020263672,-9.18271636962891,"Unknown"
"7014857",371856,2025-07-17 09:15:05,43.4097862243652,-9.18512344360352,"Unknown"
"7014857",371856,2025-07-17 09:19:30,43.4099388122559,-9.18737411499023,"Unknown"
"7014857",371856,2025-07-17 09:24:30,43.4095306396484,-9.1895809173584,"Unknown"
"7014857",371856,2025-07-17 09:29:29,43.4085884094238,-9.19161224365234,"Unknown"
"7014857",371856,2025-07-17 09:34:30,43.4080085754395,-9.19333267211914,"Unknown"
"7014857",371856,2025-07-17 09:39:30,43.4068069458008,-9.17110633850098,"Unknown"
"7014857",371856,2025-07-17 09:44:30,43.3985404968262,-9.12692070007324,"Unknown"
"7014857",371856,2025-07-17 09:49:29,43.382568359375,-9.08086967468262,"Unknown"
"7014857",371856,2025-07-17 09:54:30,43.3730888366699,-9.03746795654297,"Unknown"
"7014857",371856,2025-07-17 09:59:40,43.3637275695801,-8.99227523803711,"Unknown"
"7014857",371856,2025-07-17 10:04:30,43.356372833252,-8.95102977752686,"Unknown"
"7014857",371856,2025-07-17 10:09:30,43.3578796386719,-8.90928649902344,"Unknown"
"7014857",371856,2025-07-17 10:14:31,43.3596076965332,-8.86652183532715,"Unknown"
"7014857",371856,2025-07-17 10:19:33,43.3593482971191,-8.84492588043213,"Unknown"
"7014857",371856,2025-07-17 10:24:33,43.3592948913574,-8.84521865844727,"Unknown"
"7014857",371856,2025-07-17 10:29:31,43.3592567443848,-8.84535121917725,"Unknown"
"7014857",371856,2025-07-17 10:34:36,43.3593788146973,-8.84524154663086,"Unknown"
"7014857",371856,2025-07-17 10:39:36,43.3595504760742,-8.8449068069458,"Unknown"
"7014857",371856,2025-07-17 10:44:39,43.3594169616699,-8.84532451629639,"Unknown"
"7014857",371856,2025-07-17 10:49:42,43.3593826293945,-8.84515762329102,"Unknown"
"7014857",371856,2025-07-17 10:54:31,43.3593597412109,-8.8451566696167,"Unknown"
"7014857",371856,2025-07-17 10:59:33,43.3593788146973,-8.84516429901123,"Unknown"
"7014857",371856,2025-07-17 11:04:37,43.3593559265137,-8.84534454345703,"Unknown"
"7014857",371856,2025-07-17 11:09:37,43.3594741821289,-8.84488964080811,"Unknown"
"7014857",371856,2025-07-17 11:14:37,43.3594169616699,-8.84499645233154,"Unknown"
"7014857",371856,2025-07-17 11:20:23,43.3594284057617,-8.84521961212158,"Unknown"
"7014857",371856,2025-07-17 11:24:34,43.3594970703125,-8.84516906738281,"Unknown"
"7014857",371856,2025-07-17 11:29:32,43.3593940734863,-8.84542751312256,"Unknown"
"7014857",371856,2025-07-17 11:34:33,43.359302520752,-8.84541416168213,"Unknown"
"7014857",371856,2025-07-17 11:39:36,43.3594589233398,-8.84513187408447,"Unknown"
"7014857",371856,2025-07-17 11:44:32,43.3594207763672,-8.84491443634033,"Unknown"
"7014857",371856,2025-07-17 11:49:36,43.3593978881836,-8.84516334533691,"Unknown"
"7014857",371856,2025-07-17 11:54:36,43.3591346740723,-8.84522342681885,"Unknown"
"7014857",371856,2025-07-17 11:59:32,43.3594207763672,-8.84489345550537,"Unknown"
"7014857",371856,2025-07-17 12:04:45,43.3592491149902,-8.84517765045166,"Unknown"
"7014857",371856,2025-07-17 12:09:36,43.3591003417969,-8.84525108337402,"Unknown"
"7014857",371856,2025-07-17 12:14:37,43.3590812683105,-8.84517574310303,"Unknown"
"7014857",371856,2025-07-17 12:19:42,43.3592987060547,-8.84518909454346,"Unknown"
"7014857",371856,2025-07-17 12:24:31,43.3593139648438,-8.84523773193359,"Unknown"
"7014857",371856,2025-07-17 12:29:31,43.3592758178711,-8.84572410583496,"Unknown"
"7014857",371856,2025-07-17 12:34:36,43.3593864440918,-8.84525489807129,"Unknown"
"7014857",371856,2025-07-17 12:39:36,43.3580665588379,-8.84370803833008,"Unknown"
"7014857",371856,2025-07-17 12:44:34,43.3594131469727,-8.84521865844727,"Unknown"
"7014857",371856,2025-07-17 12:49:39,43.3592872619629,-8.84536552429199,"Unknown"
"7014857",371856,2025-07-17 12:55:05,43.3593635559082,-8.84517192840576,"Unknown"
"7014857",371856,2025-07-17 12:59:39,43.3593559265137,-8.8451452255249,"Unknown"
"7014857",371856,2025-07-17 13:04:39,43.3593330383301,-8.8451623916626,"Unknown"
"7014857",371856,2025-07-17 13:09:44,43.3592338562012,-8.84566879272461,"Unknown"
"7014857",371856,2025-07-17 13:14:32,43.3592681884766,-8.84521865844727,"Unknown"
"7014857",371856,2025-07-17 13:19:33,43.3592720031738,-8.84525012969971,"Unknown"
"7014857",371856,2025-07-17 13:24:39,43.3592872619629,-8.84516429901123,"Unknown"
"7014857",371856,2025-07-17 13:29:41,43.3593139648438,-8.84515285491943,"Unknown"
"7014857",371856,2025-07-17 13:34:38,43.3592910766602,-8.84514236450195,"Unknown"
"7014857",371856,2025-07-17 13:39:32,43.3593406677246,-8.84512519836426,"Unknown"
"7014857",371856,2025-07-17 13:44:31,43.359188079834,-8.84496784210205,"Unknown"
"7014857",371856,2025-07-17 13:49:38,43.3592987060547,-8.84525775909424,"Unknown"
"7014857",371856,2025-07-17 13:54:44,43.3592376708984,-8.84518432617188,"Unknown"
"7014857",371856,2025-07-17 13:59:31,43.3709144592285,-8.85600471496582,"Unknown"
"7014857",371856,2025-07-17 14:04:31,43.3956451416016,-8.86498546600342,"Unknown"
"7014857",371856,2025-07-17 14:09:31,43.4216156005859,-8.87539768218994,"Unknown"
"7014857",371856,2025-07-17 14:14:31,43.449462890625,-8.89019870758057,"Unknown"
"7014857",371856,2025-07-17 14:19:32,43.4574890136719,-8.892897605896,"Unknown"
"7014857",371856,2025-07-17 14:24:33,43.457332611084,-8.89470291137695,"Unknown"
"7014857",371856,2025-07-17 14:29:33,43.4553413391113,-8.89639377593994,"Unknown"
"7014857",371856,2025-07-17 14:34:33,43.4562797546387,-8.89933681488037,"Unknown"
"7014857",371856,2025-07-17 14:39:33,43.4531745910645,-8.90230655670166,"Unknown"
"7014857",371856,2025-07-17 14:44:38,43.4449234008789,-8.90688419342041,"Unknown"
"7014857",371856,2025-07-17 14:49:52,43.4409294128418,-8.90915107727051,"Unknown"
"7014857",371856,2025-07-17 14:54:46,43.4364929199219,-8.91072559356689,"Unknown"
"7014857",371856,2025-07-17 14:59:47,43.4321327209473,-8.91335010528564,"Unknown"
"7014857",371856,2025-07-17 15:04:53,43.4284629821777,-8.9175853729248,"Unknown"
"7014857",371856,2025-07-17 15:10:16,43.4238700866699,-8.92090034484863,"Unknown"
"7014857",371856,2025-07-17 15:15:12,43.419116973877,-8.92427158355713,"Unknown"
"7014857",371856,2025-07-17 15:19:44,43.4156036376953,-8.92769908905029,"Unknown"
"7014857",371856,2025-07-17 15:24:39,43.4116744995117,-8.93128299713135,"Unknown"
"7014857",371856,2025-07-17 15:29:31,43.4081420898438,-8.9350118637085,"Unknown"
"7014857",371856,2025-07-17 15:34:39,43.4042854309082,-8.93904685974121,"Unknown"
"7014857",371856,2025-07-17 15:39:36,43.4009819030762,-8.94404029846191,"Unknown"
"7014857",371856,2025-07-17 15:44:31,43.3979148864746,-8.9489164352417,"Unknown"
"7014857",371856,2025-07-17 15:49:44,43.3948745727539,-8.95409297943115,"Unknown"
"7014857",371856,2025-07-17 15:54:31,43.3924369812012,-8.9593391418457,"Unknown"
"7014857",371856,2025-07-17 15:59:42,43.3914451599121,-8.96285247802734,"Unknown"
"7014857",371856,2025-07-17 16:04:37,43.3881645202637,-8.97107791900635,"Unknown"
"7014857",371856,2025-07-17 16:09:36,43.3867073059082,-8.97707080841064,"Unknown"
"7014857",371856,2025-07-17 16:14:38,43.3851318359375,-8.98295974731445,"Unknown"
"7014857",371856,2025-07-17 16:19:40,43.3843269348145,-8.98728561401367,"Unknown"
"7014857",371856,2025-07-17 16:24:45,43.3822021484375,-8.99491024017334,"Unknown"
"7014857",371856,2025-07-17 16:29:51,43.3806457519531,-9.00078105926514,"Unknown"
"7014857",371856,2025-07-17 16:34:40,43.3792877197266,-9.00661182403564,"Unknown"
"7014857",371856,2025-07-17 16:39:37,43.3504295349121,-8.98858165740967,"Unknown"
"7014857",371856,2025-07-17 16:44:32,43.3213768005371,-8.95117568969727,"Unknown"
"7014857",371856,2025-07-17 16:50:36,43.2961311340332,-8.91889095306396,"Unknown"
"7014857",371856,2025-07-17 16:54:31,43.2943954467773,-8.90476036071777,"Unknown"
"7014857",371856,2025-07-17 16:59:31,43.2982521057129,-8.90772914886475,"Unknown"
"7014857",371856,2025-07-17 17:04:37,43.2941856384277,-8.90417194366455,"Unknown"
"7014857",371856,2025-07-17 17:09:39,43.3089332580566,-8.90758323669434,"Unknown"
"7014857",371856,2025-07-17 17:14:40,43.3286476135254,-8.88084030151367,"Unknown"
"7014857",371856,2025-07-17 17:19:33,43.3537063598633,-8.85287475585938,"Unknown"
"7014857",371856,2025-07-17 17:24:39,43.3591728210449,-8.8451042175293,"Unknown"
"7014857",371856,2025-07-17 17:29:31,43.3591842651367,-8.84490299224854,"Unknown"
"7014857",371856,2025-07-17 17:34:31,43.3597221374512,-8.84560012817383,"Unknown"
"7014857",371856,2025-07-17 17:39:36,43.3593101501465,-8.84540939331055,"Unknown"
"7014857",371856,2025-07-17 17:44:39,43.3592414855957,-8.84536743164062,"Unknown"
"7014857",371856,2025-07-17 17:49:38,43.359260559082,-8.84539699554443,"Unknown"
"7014857",371856,2025-07-17 17:54:38,43.3591613769531,-8.84540462493896,"Unknown"
"7014857",371856,2025-07-17 17:59:39,43.3593101501465,-8.8454065322876,"Unknown"
"7014857",371856,2025-07-17 18:04:44,43.3590621948242,-8.84529399871826,"Unknown"
"7014857",371856,2025-07-17 18:09:30,43.3592300415039,-8.84518814086914,"Unknown"
"7014857",371856,2025-07-17 18:14:31,43.3593864440918,-8.8455171585083,"Unknown"
"7014857",371856,2025-07-17 18:19:31,43.3594284057617,-8.84521484375,"Unknown"
"7014857",371856,2025-07-17 18:24:34,43.359245300293,-8.84481143951416,"Unknown"
"7014857",371856,2025-07-17 18:29:32,43.3593902587891,-8.84525775909424,"Unknown"
"7014857",371856,2025-07-17 18:34:33,43.3593254089355,-8.84511470794678,"Unknown"
"7014857",371856,2025-07-17 18:39:32,43.359260559082,-8.84490585327148,"Unknown"
"7014857",371856,2025-07-17 18:44:32,43.359375,-8.84524345397949,"Unknown"
"7014857",371856,2025-07-17 18:49:50,43.3591957092285,-8.84517192840576,"Unknown"
"7014857",371856,2025-07-17 18:54:42,43.359317779541,-8.84522438049316,"Unknown"
"7014857",371856,2025-07-17 18:59:30,43.3592720031738,-8.84520816802979,"Unknown"
"7014857",371856,2025-07-17 19:04:56,43.3592834472656,-8.8450403213501,"Unknown"
"7014857",371856,2025-07-17 19:09:40,43.3593635559082,-8.84506130218506,"Unknown"
"7014857",371856,2025-07-17 19:14:33,43.3592987060547,-8.84511566162109,"Unknown"
"7014857",371856,2025-07-17 19:19:39,43.3592681884766,-8.8449878692627,"Unknown"
"7014857",371856,2025-07-17 19:24:36,43.3593368530273,-8.8451509475708,"Unknown"
"7014857",371856,2025-07-17 19:29:31,43.3593597412109,-8.84488677978516,"Unknown"
"7014857",371856,2025-07-17 19:35:05,43.3594131469727,-8.84515190124512,"Unknown"
"7014857",371856,2025-07-17 19:39:34,43.3592910766602,-8.84513282775879,"Unknown"
"7014857",371856,2025-07-17 19:44:30,43.3594436645508,-8.84529495239258,"Unknown"
"7014857",371856,2025-07-17 19:49:30,43.3498725891113,-8.8639669418335,"Unknown"
"7014857",371856,2025-07-17 19:54:39,43.3356971740723,-8.87668895721436,"Unknown"
"7014857",371856,2025-07-17 19:59:31,43.3354187011719,-8.87752819061279,"Unknown"
"7014857",371856,2025-07-17 20:04:34,43.3350524902344,-8.87789535522461,"Unknown"
"7014857",371856,2025-07-17 20:09:44,43.3349304199219,-8.87807941436768,"Unknown"
"7014857",371856,2025-07-17 20:14:36,43.3350677490234,-8.87811470031738,"Unknown"
"7014857",371856,2025-07-17 20:19:36,43.3348045349121,-8.87799167633057,"Unknown"
"7014857",371856,2025-07-17 20:24:32,43.3357200622559,-8.87509441375732,"Unknown"
"7014857",371856,2025-07-17 20:29:33,43.3348541259766,-8.8746223449707,"Unknown"
"7014857",371856,2025-07-17 20:34:37,43.3347091674805,-8.87487411499023,"Unknown"
"7014857",371856,2025-07-17 20:39:31,43.3568840026855,-8.84889698028564,"Unknown"
"7014857",371856,2025-07-17 20:44:32,43.3593521118164,-8.8453369140625,"Unknown"
"7014857",371856,2025-07-17 20:49:40,43.3535118103027,-8.85191535949707,"Unknown"
"7014857",371856,2025-07-17 20:54:42,43.3338928222656,-8.88820457458496,"Unknown"
"7014857",371856,2025-07-17 20:57:05,43.3273162841797,-8.90945434570312,"Unknown"
"7014857",371856,2025-07-18 01:57:35,43.3593521118164,-8.84515857696533,"Unknown"
"7014857",371856,2025-07-18 03:01:22,43.3592529296875,-8.84510803222656,"Unknown"
"7014857",371856,2025-07-18 03:06:24,43.3593101501465,-8.84498405456543,"Unknown"
"7014857",371856,2025-07-18 03:11:18,43.359260559082,-8.84505176544189,"Unknown"
"7014857",371856,2025-07-18 03:16:25,43.3592720031738,-8.84511756896973,"Unknown"
"7014857",371856,2025-07-18 03:21:35,43.3592796325684,-8.84524726867676,"Unknown"
"7014857",371856,2025-07-18 03:26:17,43.3592224121094,-8.84511184692383,"Unknown"
"7014857",371856,2025-07-18 03:31:17,43.359260559082,-8.84528923034668,"Unknown"
"7014857",371856,2025-07-18 03:36:17,43.3594017028809,-8.84547138214111,"Unknown"
"7014857",371856,2025-07-18 03:41:17,43.3593292236328,-8.84531593322754,"Unknown"
"7014857",371856,2025-07-18 03:46:17,43.3594131469727,-8.84546566009521,"Unknown"
"7014857",371856,2025-07-18 03:51:16,43.359375,-8.84527683258057,"Unknown"
"7014857",371856,2025-07-18 03:56:17,43.3595008850098,-8.84560966491699,"Unknown"
"7014857",371856,2025-07-18 04:01:18,43.3593788146973,-8.84535312652588,"Unknown"
"7014857",371856,2025-07-18 04:06:18,43.3593864440918,-8.84538650512695,"Unknown"
"7014857",371856,2025-07-18 04:11:18,43.359317779541,-8.84526252746582,"Unknown"
"7014857",371856,2025-07-18 04:16:20,43.359317779541,-8.84524154663086,"Unknown"
"7014857",371856,2025-07-18 04:21:18,43.3593711853027,-8.8454008102417,"Unknown"
"7014857",371856,2025-07-18 04:26:20,43.3593063354492,-8.8452205657959,"Unknown"
"7014857",371856,2025-07-18 04:31:25,43.3592987060547,-8.84519958496094,"Unknown"
"7014857",371856,2025-07-18 04:36:17,43.3595504760742,-8.84535503387451,"Unknown"
"7014857",371856,2025-07-18 04:41:23,43.359447479248,-8.84543037414551,"Unknown"
"7014857",371856,2025-07-18 04:46:25,43.3594436645508,-8.84550666809082,"Unknown"
"7014857",371856,2025-07-18 04:51:25,43.3593978881836,-8.84520244598389,"Unknown"
"7014857",371856,2025-07-18 04:56:24,43.3595199584961,-8.84509944915771,"Unknown"
"7014857",371856,2025-07-18 05:01:45,43.3675956726074,-8.84335803985596,"Unknown"
"7014857",371856,2025-07-18 05:06:25,43.3669700622559,-8.84453582763672,"Unknown"
"7014857",371856,2025-07-18 05:11:35,43.3609085083008,-8.84402561187744,"Unknown"
"7014857",371856,2025-07-18 05:16:17,43.3641090393066,-8.84722805023193,"Unknown"
"7014857",371856,2025-07-18 05:21:23,43.3638229370117,-8.84572982788086,"Unknown"
"7014857",371856,2025-07-18 05:26:35,43.3592987060547,-8.84697914123535,"Unknown"
"7014857",371856,2025-07-18 05:31:17,43.3595314025879,-8.84675407409668,"Unknown"
"7014857",371856,2025-07-18 05:36:20,43.359375,-8.84540843963623,"Unknown"
"7014857",371856,2025-07-18 05:41:20,43.3594551086426,-8.84537601470947,"Unknown"
"7014857",371856,2025-07-18 05:46:20,43.3592567443848,-8.84551906585693,"Unknown"
"7014857",371856,2025-07-18 05:51:22,43.359058380127,-8.84553337097168,"Unknown"
"7014857",371856,2025-07-18 05:56:17,43.3591995239258,-8.84567165374756,"Unknown"
"7014857",371856,2025-07-18 06:01:17,43.3590431213379,-8.84577369689941,"Unknown"
"7014857",371856,2025-07-18 06:06:19,43.3590774536133,-8.84582042694092,"Unknown"
"7014857",371856,2025-07-18 06:11:20,43.3593521118164,-8.84517288208008,"Unknown"
"7014857",371856,2025-07-18 06:16:19,43.3594169616699,-8.84479141235352,"Unknown"
"7014857",371856,2025-07-18 06:21:24,43.3593482971191,-8.84489059448242,"Unknown"
"7014857",371856,2025-07-18 06:26:22,43.3594398498535,-8.84519004821777,"Unknown"
"7014857",371856,2025-07-18 06:31:24,43.3593482971191,-8.84525775909424,"Unknown"
"7014857",371856,2025-07-18 06:36:29,43.3594551086426,-8.84513568878174,"Unknown"
"7014857",371856,2025-07-18 06:41:23,43.359260559082,-8.84525394439697,"Unknown"
"7014857",371856,2025-07-18 06:46:24,43.3592529296875,-8.84524345397949,"Unknown"
"7014857",371856,2025-07-18 06:51:35,43.3593864440918,-8.84522533416748,"Unknown"
"7014857",371856,2025-07-18 06:56:16,43.359302520752,-8.84522914886475,"Unknown"
"7014857",371856,2025-07-18 07:01:17,43.3593063354492,-8.84517288208008,"Unknown"
"7014857",371856,2025-07-18 07:06:18,43.3591918945312,-8.84520530700684,"Unknown"
"7014857",371856,2025-07-18 07:11:17,43.3592185974121,-8.84512710571289,"Unknown"
"7014857",371856,2025-07-18 07:16:18,43.3593063354492,-8.8452091217041,"Unknown"
"7014857",371856,2025-07-18 07:21:18,43.3594169616699,-8.84530162811279,"Unknown"
"7014857",371856,2025-07-18 07:26:17,43.3593673706055,-8.84507369995117,"Unknown"
"7014857",371856,2025-07-18 07:31:16,43.3595008850098,-8.84517097473145,"Unknown"
"7014857",371856,2025-07-18 07:36:19,43.3592758178711,-8.84500122070312,"Unknown"
"7014857",371856,2025-07-18 07:41:24,43.359504699707,-8.84520626068115,"Unknown"
"7014857",371856,2025-07-18 07:46:22,43.3594245910645,-8.84517002105713,"Unknown"
"7014857",371856,2025-07-18 07:51:19,43.3594741821289,-8.84503173828125,"Unknown"
"7014857",371856,2025-07-18 07:56:18,43.359432220459,-8.84522342681885,"Unknown"
"7014857",371856,2025-07-18 08:01:44,43.3592872619629,-8.84523963928223,"Unknown"
"7014857",371856,2025-07-18 08:06:17,43.3592796325684,-8.84521865844727,"Unknown"
"7014857",371856,2025-07-18 08:11:17,43.3593215942383,-8.84529685974121,"Unknown"
"7014857",371856,2025-07-18 08:16:17,43.3593139648438,-8.84521579742432,"Unknown"
"7014857",371856,2025-07-18 08:21:17,43.3593788146973,-8.84531784057617,"Unknown"
"7014857",371856,2025-07-18 08:26:17,43.3592834472656,-8.84521579742432,"Unknown"
"7014857",371856,2025-07-18 08:31:17,43.3593597412109,-8.84530830383301,"Unknown"
"7014857",371856,2025-07-18 08:36:20,43.3593254089355,-8.84530830383301,"Unknown"
"7014857",371856,2025-07-18 08:41:18,43.3594436645508,-8.84541797637939,"Unknown"
"7014857",371856,2025-07-18 08:46:25,43.3592948913574,-8.84561061859131,"Unknown"
"7014857",371856,2025-07-18 08:51:27,43.3592910766602,-8.84561920166016,"Unknown"
"7014857",371856,2025-07-18 08:56:25,43.3593101501465,-8.84566879272461,"Unknown"
"7014857",371856,2025-07-18 09:01:25,43.3592987060547,-8.84573268890381,"Unknown"
"7014857",371856,2025-07-18 09:06:25,43.359317779541,-8.84568214416504,"Unknown"
"7014857",371856,2025-07-18 09:11:26,43.3593254089355,-8.84574699401855,"Unknown"
"7014857",371856,2025-07-18 09:16:23,43.3583183288574,-8.84471225738525,"Unknown"
"7014857",371856,2025-07-18 09:21:41,43.3701362609863,-8.836838722229,"Unknown"
"7014857",371856,2025-07-18 09:26:18,43.3708572387695,-8.8378324508667,"Unknown"
"7014857",371856,2025-07-18 09:31:23,43.3725509643555,-8.83930492401123,"Unknown"
"7014857",371856,2025-07-18 09:36:17,43.3663368225098,-8.84152317047119,"Unknown"
"7014857",371856,2025-07-18 09:42:40,43.3611450195312,-8.84390926361084,"Unknown"
"7014857",371856,2025-07-18 09:46:44,43.3594207763672,-8.84517288208008,"Unknown"
"7014857",371856,2025-07-18 09:51:17,43.3594131469727,-8.84502983093262,"Unknown"
"7014857",371856,2025-07-18 09:56:18,43.3594551086426,-8.84537506103516,"Unknown"
"7014857",371856,2025-07-18 10:01:18,43.3594589233398,-8.84512329101562,"Unknown"
"7014857",371856,2025-07-18 10:06:16,43.3594551086426,-8.84526252746582,"Unknown"
"7014857",371856,2025-07-18 10:11:16,43.3594284057617,-8.84515380859375,"Unknown"
"7014857",371856,2025-07-18 10:16:20,43.359432220459,-8.84512805938721,"Unknown"
"7014857",371856,2025-07-18 10:21:16,43.359302520752,-8.84489727020264,"Unknown"
"7014857",371856,2025-07-18 10:26:17,43.3594017028809,-8.84531688690186,"Unknown"
"7014857",371856,2025-07-18 10:31:20,43.3593673706055,-8.84517860412598,"Unknown"
"7014857",371856,2025-07-18 10:36:26,43.3593406677246,-8.84518814086914,"Unknown"
"7014857",371856,2025-07-18 10:41:26,43.3593101501465,-8.84512805938721,"Unknown"
"7014857",371856,2025-07-18 10:46:22,43.3593635559082,-8.84511089324951,"Unknown"
"7014857",371856,2025-07-18 10:51:26,43.3594169616699,-8.84516716003418,"Unknown"
"7014857",371856,2025-07-18 10:56:26,43.3594017028809,-8.84514904022217,"Unknown"
"7014857",371856,2025-07-18 11:01:26,43.3595657348633,-8.84507751464844,"Unknown"
"7014857",371856,2025-07-18 11:06:26,43.3593330383301,-8.84515190124512,"Unknown"
"7014857",371856,2025-07-18 11:11:25,43.3592376708984,-8.8452262878418,"Unknown"
"7014857",371856,2025-07-18 11:16:20,43.3592681884766,-8.84523105621338,"Unknown"
"7014857",371856,2025-07-18 11:21:26,43.3593063354492,-8.84520721435547,"Unknown"
"7014857",371856,2025-07-18 11:26:26,43.3592300415039,-8.84526920318604,"Unknown"
"7014857",371856,2025-07-18 11:31:19,43.3592758178711,-8.84548664093018,"Unknown"
"7014857",371856,2025-07-18 11:36:35,43.3591117858887,-8.84528255462646,"Unknown"
"7014857",371856,2025-07-18 11:41:16,43.3430061340332,-8.841796875,"Unknown"
"7014857",371856,2025-07-18 11:46:17,43.3172950744629,-8.85094356536865,"Unknown"
"7014857",371856,2025-07-18 11:51:31,43.3139038085938,-8.85713958740234,"Unknown"
"7014857",371856,2025-07-18 11:56:17,43.3133926391602,-8.85758781433105,"Unknown"
"7014857",371856,2025-07-18 12:01:17,43.3200378417969,-8.85669231414795,"Unknown"
"7014857",371856,2025-07-18 12:06:18,43.3201065063477,-8.85667896270752,"Unknown"
"7014857",371856,2025-07-18 12:11:22,43.3201332092285,-8.85685062408447,"Unknown"
"7014857",371856,2025-07-18 12:16:19,43.320125579834,-8.85687351226807,"Unknown"
"7014857",371856,2025-07-18 12:21:33,43.3201370239258,-8.85678195953369,"Unknown"
"7014857",371856,2025-07-18 12:26:19,43.3201599121094,-8.85688495635986,"Unknown"
"7014857",371856,2025-07-18 12:31:16,43.3201446533203,-8.85678195953369,"Unknown"
"7014857",371856,2025-07-18 12:36:18,43.3327484130859,-8.84506797790527,"Unknown"
"7014857",371856,2025-07-18 12:41:18,43.3591613769531,-8.84551334381104,"Unknown"
"7014857",371856,2025-07-18 12:46:17,43.3591423034668,-8.84532070159912,"Unknown"
"7014857",371856,2025-07-18 12:51:23,43.3593254089355,-8.84548473358154,"Unknown"
"7014857",371856,2025-07-18 12:56:30,43.3592300415039,-8.84531116485596,"Unknown"
"7014857",371856,2025-07-18 13:01:17,43.3594055175781,-8.84535980224609,"Unknown"
"7014857",371856,2025-07-18 13:06:19,43.3592071533203,-8.84512329101562,"Unknown"
"7014857",371856,2025-07-18 13:11:18,43.3592567443848,-8.84521293640137,"Unknown"
"7014857",371856,2025-07-18 13:16:19,43.3592147827148,-8.84518051147461,"Unknown"
"7014857",371856,2025-07-18 13:21:32,43.3592681884766,-8.84514808654785,"Unknown"
"7014857",371856,2025-07-18 13:26:17,43.3591651916504,-8.84511280059814,"Unknown"
"7014857",371856,2025-07-18 13:31:16,43.3591651916504,-8.8451566696167,"Unknown"
"7014857",371856,2025-07-18 13:36:17,43.3591842651367,-8.84512805938721,"Unknown"
"7014857",371856,2025-07-18 13:41:16,43.3591728210449,-8.84510803222656,"Unknown"
"7014857",371856,2025-07-18 13:46:17,43.3591346740723,-8.84512996673584,"Unknown"
"7014857",371856,2025-07-18 13:51:16,43.3592376708984,-8.84513759613037,"Unknown"
"7014857",371856,2025-07-18 13:56:16,43.3592758178711,-8.84524822235107,"Unknown"
"7014857",371856,2025-07-18 14:01:16,43.3592529296875,-8.84529876708984,"Unknown"
"7014857",371856,2025-07-18 14:06:17,43.359302520752,-8.84529876708984,"Unknown"
"7014857",371856,2025-07-18 14:11:17,43.3592338562012,-8.84529495239258,"Unknown"
"7014857",371856,2025-07-18 14:16:16,43.3592681884766,-8.84524440765381,"Unknown"
"7014857",371856,2025-07-18 14:21:16,43.3593215942383,-8.84524917602539,"Unknown"
"7014857",371856,2025-07-18 14:26:16,43.3593139648438,-8.84522533416748,"Unknown"
"7014857",371856,2025-07-18 14:31:18,43.3594017028809,-8.84529972076416,"Unknown"
"7014857",371856,2025-07-18 14:36:17,43.359432220459,-8.84539890289307,"Unknown"
"7014857",371856,2025-07-18 14:41:33,43.3593826293945,-8.8452205657959,"Unknown"
"7014857",371856,2025-07-18 14:46:16,43.3593215942383,-8.84504318237305,"Unknown"
"7014857",371856,2025-07-18 14:51:44,43.3593521118164,-8.84515476226807,"Unknown"
"7014857",371856,2025-07-18 14:56:17,43.3594360351562,-8.84521198272705,"Unknown"
"7014857",371856,2025-07-18 15:01:19,43.3593063354492,-8.84509086608887,"Unknown"
"7014857",371856,2025-07-18 15:06:18,43.3593330383301,-8.84507751464844,"Unknown"
"7014857",371856,2025-07-18 15:11:19,43.3592796325684,-8.84500217437744,"Unknown"
"7014857",371856,2025-07-18 15:16:24,43.3595886230469,-8.84539604187012,"Unknown"
"7014857",371856,2025-07-18 15:21:19,43.3593368530273,-8.84505271911621,"Unknown"
"7014857",371856,2025-07-18 15:26:35,43.3594017028809,-8.84516716003418,"Unknown"
"7014857",371856,2025-07-18 15:31:16,43.3594093322754,-8.84528350830078,"Unknown"
"7014857",371856,2025-07-18 15:36:16,43.3655738830566,-8.85182189941406,"Unknown"
"7014857",371856,2025-07-18 15:41:16,43.3720016479492,-8.88146209716797,"Unknown"
"7014857",371856,2025-07-18 15:46:16,43.3776893615723,-8.91623973846436,"Unknown"
"7014857",371856,2025-07-18 15:51:35,43.3626823425293,-8.9443531036377,"Unknown"
"7014857",371856,2025-07-18 15:56:17,43.3502807617188,-8.95265579223633,"Unknown"
"7014857",371856,2025-07-18 16:01:17,43.3365211486816,-8.96087551116943,"Unknown"
"7014857",371856,2025-07-18 16:06:16,43.3234443664551,-8.97114181518555,"Unknown"
"7014857",371856,2025-07-18 16:11:17,43.3102874755859,-8.98083400726318,"Unknown"
"7014857",371856,2025-07-18 16:16:16,43.2980613708496,-8.9897289276123,"Unknown"
"7014857",371856,2025-07-18 16:21:16,43.2871704101562,-9.00244808197021,"Unknown"
"7014857",371856,2025-07-18 16:26:16,43.278995513916,-9.00518894195557,"Unknown"
"7014857",371856,2025-07-18 16:31:18,43.2660140991211,-9.0036039352417,"Unknown"
"7014857",371856,2025-07-18 16:36:17,43.2530212402344,-9.00157737731934,"Unknown"
"7014857",371856,2025-07-18 16:41:22,43.2399406433105,-8.99761486053467,"Unknown"
"7014857",371856,2025-07-18 16:46:16,43.2289276123047,-8.99551296234131,"Unknown"
"7014857",371856,2025-07-18 16:51:28,43.2158584594727,-8.99752521514893,"Unknown"
"7014857",371856,2025-07-18 16:57:14,43.2161293029785,-8.99762058258057,"Unknown"
"7014857",371856,2025-07-18 17:01:18,43.2164459228516,-8.9976863861084,"Unknown"
"7014857",371856,2025-07-18 17:06:17,43.2162322998047,-8.99748706817627,"Unknown"
"7014857",371856,2025-07-18 17:11:18,43.2210083007812,-9.00391578674316,"Unknown"
"7014857",371856,2025-07-18 17:16:17,43.2233238220215,-9.00421333312988,"Unknown"
"7014857",371856,2025-07-18 17:21:17,43.223316192627,-9.0005407333374,"Unknown"
"7014857",371856,2025-07-18 17:26:35,43.2339515686035,-8.97438812255859,"Unknown"
"7014857",371856,2025-07-18 17:31:16,43.2531394958496,-8.963942527771,"Unknown"
"7014857",371856,2025-07-18 17:36:20,43.2620811462402,-8.9524564743042,"Unknown"
"7014857",371856,2025-07-18 17:41:17,43.2625617980957,-8.9525785446167,"Unknown"
"7014857",371856,2025-07-18 17:46:25,43.2623023986816,-8.95215702056885,"Unknown"
"7014857",371856,2025-07-18 17:51:29,43.2623100280762,-8.95228672027588,"Unknown"
"7014857",371856,2025-07-18 17:56:36,43.2623863220215,-8.9522123336792,"Unknown"
"7014857",371856,2025-07-18 18:01:24,43.2624778747559,-8.95231819152832,"Unknown"
"7014857",371856,2025-07-18 18:06:17,43.2623672485352,-8.95200157165527,"Unknown"
"7014857",371856,2025-07-18 18:11:44,43.2655487060547,-8.97943782806396,"Unknown"
"7014857",371856,2025-07-18 18:16:17,43.2698097229004,-8.98378086090088,"Unknown"
"7014857",371856,2025-07-18 18:21:16,43.2697830200195,-8.98359680175781,"Unknown"
"7014857",371856,2025-07-18 18:26:23,43.2818794250488,-8.98348617553711,"Unknown"
"7014857",371856,2025-07-18 18:31:28,43.2818908691406,-8.98344802856445,"Unknown"
"7014857",371856,2025-07-18 18:36:37,43.2819023132324,-8.98370552062988,"Unknown"
"7014857",371856,2025-07-18 18:41:19,43.2960433959961,-8.96105861663818,"Unknown"
"7014857",371856,2025-07-18 18:46:45,43.3162117004395,-8.92102146148682,"Unknown"
"7014857",371856,2025-07-18 18:51:19,43.3184585571289,-8.88615417480469,"Unknown"
"7014857",371856,2025-07-18 18:56:24,43.3366661071777,-8.86407375335693,"Unknown"
"7014857",371856,2025-07-18 19:01:18,43.3588676452637,-8.84593200683594,"Unknown"
"7014857",371856,2025-07-18 19:06:27,43.3592300415039,-8.84477615356445,"Unknown"
"7014857",371856,2025-07-18 19:11:22,43.3593940734863,-8.84578704833984,"Unknown"
"7014857",371856,2025-07-18 19:16:29,43.3594856262207,-8.84524059295654,"Unknown"
"7014857",371856,2025-07-18 19:21:24,43.359260559082,-8.84429740905762,"Unknown"
"7014857",371856,2025-07-18 19:26:22,43.3593864440918,-8.84547519683838,"Unknown"
"7014857",371856,2025-07-18 19:31:41,43.3592758178711,-8.84517955780029,"Unknown"
"7014857",371856,2025-07-18 19:36:20,43.3591995239258,-8.84548568725586,"Unknown"
"7014857",371856,2025-07-18 19:41:18,43.359317779541,-8.84617233276367,"Unknown"
"7014857",371856,2025-07-18 19:46:19,43.3592300415039,-8.84543704986572,"Unknown"
"7014857",371856,2025-07-18 19:51:20,43.359260559082,-8.84539318084717,"Unknown"
"7014857",371856,2025-07-18 19:56:23,43.3592224121094,-8.84538555145264,"Unknown"
"7014857",371856,2025-07-18 20:01:17,43.359375,-8.84473323822021,"Unknown"
"7014857",371856,2025-07-18 20:06:29,43.3594169616699,-8.84517860412598,"Unknown"
"7014857",371856,2025-07-18 20:11:17,43.3586845397949,-8.84478092193604,"Unknown"
"7014857",371856,2025-07-18 20:16:35,43.3593254089355,-8.84517192840576,"Unknown"
"7014857",371856,2025-07-18 20:21:17,43.359375,-8.84520149230957,"Unknown"
"7014857",371856,2025-07-18 20:26:16,43.3593597412109,-8.845139503479,"Unknown"
"7014857",371856,2025-07-18 20:31:16,43.3593254089355,-8.84524345397949,"Unknown"
"7014857",371856,2025-07-18 20:36:15,43.3589248657227,-8.84662437438965,"Unknown"
"7014857",371856,2025-07-18 20:41:16,43.3592224121094,-8.84513378143311,"Unknown"
"7014857",371856,2025-07-18 20:46:19,43.3592109680176,-8.84516429901123,"Unknown"
"7014857",371856,2025-07-18 20:51:16,43.3572845458984,-8.84561347961426,"Unknown"
"7014857",371856,2025-07-18 20:56:26,43.3592910766602,-8.84512424468994,"Unknown"
"7014857",371856,2025-07-19 01:56:53,43.359302520752,-8.84522914886475,"Unknown"
"7014857",371856,2025-07-19 03:02:18,43.3592224121094,-8.84506607055664,"Unknown"
"7014857",371856,2025-07-19 03:07:16,43.3591918945312,-8.84516334533691,"Unknown"
"7014857",371856,2025-07-19 03:12:16,43.3592224121094,-8.84506416320801,"Unknown"
"7014857",371856,2025-07-19 03:17:16,43.359245300293,-8.84515380859375,"Unknown"
"7014857",371856,2025-07-19 03:22:17,43.3592376708984,-8.84515953063965,"Unknown"
"7014857",371856,2025-07-19 03:27:16,43.3591995239258,-8.84509086608887,"Unknown"
"7014857",371856,2025-07-19 03:32:16,43.3592224121094,-8.84514427185059,"Unknown"
"7014857",371856,2025-07-19 03:37:15,43.3592910766602,-8.84529113769531,"Unknown"
"7014857",371856,2025-07-19 03:42:17,43.3592948913574,-8.84519577026367,"Unknown"
"7014857",371856,2025-07-19 03:47:17,43.3592376708984,-8.84487438201904,"Unknown"
"7014857",371856,2025-07-19 03:52:35,43.3592643737793,-8.84518527984619,"Unknown"
"7014857",371856,2025-07-19 03:57:15,43.3591995239258,-8.84526062011719,"Unknown"
"7014857",371856,2025-07-19 04:02:16,43.3592834472656,-8.84520244598389,"Unknown"
"7014857",371856,2025-07-19 04:07:18,43.3592338562012,-8.84519100189209,"Unknown"
"7014857",371856,2025-07-19 04:12:27,43.3685111999512,-8.85370922088623,"Unknown"
"7014857",371856,2025-07-19 04:17:16,43.4034767150879,-8.87210559844971,"Unknown"
"7014857",371856,2025-07-19 04:22:16,43.4323997497559,-8.89749526977539,"Unknown"
"7014857",371856,2025-07-19 04:27:17,43.4618530273438,-8.91729164123535,"Unknown"
"7014857",371856,2025-07-19 04:32:25,43.4918746948242,-8.93931865692139,"Unknown"
"7014857",371856,2025-07-19 04:37:16,43.5227661132812,-8.9433012008667,"Unknown"
"7014857",371856,2025-07-19 04:42:19,43.5612525939941,-8.94959831237793,"Unknown"
"7014857",371856,2025-07-19 04:47:26,43.5931015014648,-8.95833396911621,"Unknown"
"7014857",371856,2025-07-19 04:52:18,43.5981254577637,-8.96612071990967,"Unknown"
"7014857",371856,2025-07-19 04:58:12,43.6018714904785,-8.97313404083252,"Unknown"
"7014857",371856,2025-07-19 05:02:18,43.5890579223633,-8.95967674255371,"Unknown"
"7014857",371856,2025-07-19 05:07:24,43.567497253418,-8.95188617706299,"Unknown"
"7014857",371856,2025-07-19 05:12:36,43.5459976196289,-8.94735050201416,"Unknown"
"7014857",371856,2025-07-19 05:17:19,43.5262718200684,-8.94114398956299,"Unknown"
"7014857",371856,2025-07-19 05:22:21,43.5049018859863,-8.92834758758545,"Unknown"
"7014857",371856,2025-07-19 05:27:17,43.4836044311523,-8.92677116394043,"Unknown"
"7014857",371856,2025-07-19 05:32:18,43.4641609191895,-8.91114711761475,"Unknown"
"7014857",371856,2025-07-19 05:37:44,43.4415664672852,-8.89877033233643,"Unknown"
"7014857",371856,2025-07-19 05:42:16,43.4229774475098,-8.88279724121094,"Unknown"
"7014857",371856,2025-07-19 05:47:19,43.4004974365234,-8.86881828308105,"Unknown"
"7014857",371856,2025-07-19 05:52:33,43.3765296936035,-8.85119342803955,"Unknown"
"7014857",371856,2025-07-19 05:57:23,43.3595008850098,-8.84528160095215,"Unknown"
"7014857",371856,2025-07-19 06:02:35,43.3590202331543,-8.84551239013672,"Unknown"
"7014857",371856,2025-07-19 06:07:15,43.3619575500488,-8.82439613342285,"Unknown"
"7014857",371856,2025-07-19 06:12:15,43.3619651794434,-8.82518672943115,"Unknown"
"7014857",371856,2025-07-19 06:17:16,43.3624725341797,-8.82926368713379,"Unknown"
"7014857",371856,2025-07-19 06:22:16,43.3628044128418,-8.82929229736328,"Unknown"
"7014857",371856,2025-07-19 06:27:17,43.3631057739258,-8.82926845550537,"Unknown"
"7014857",371856,2025-07-19 06:32:16,43.366828918457,-8.83612442016602,"Unknown"
"7014857",371856,2025-07-19 06:37:21,43.3592109680176,-8.84510898590088,"Unknown"
"7014857",371856,2025-07-19 06:42:22,43.3593521118164,-8.84517669677734,"Unknown"
"7014857",371856,2025-07-19 06:47:19,43.3593635559082,-8.84521770477295,"Unknown"
"7014857",371856,2025-07-19 06:52:28,43.359260559082,-8.84510803222656,"Unknown"
"7014857",371856,2025-07-19 06:57:26,43.3593521118164,-8.8451623916626,"Unknown"
"7014857",371856,2025-07-19 07:02:26,43.3592720031738,-8.84521770477295,"Unknown"
"7014857",371856,2025-07-19 07:07:28,43.3592796325684,-8.84522914886475,"Unknown"
"7014857",371856,2025-07-19 07:12:27,43.3592948913574,-8.84519672393799,"Unknown"
"7014857",371856,2025-07-19 07:17:28,43.3592872619629,-8.84521198272705,"Unknown"
"7014857",371856,2025-07-19 07:22:26,43.359260559082,-8.8451976776123,"Unknown"
"7014857",371856,2025-07-19 07:27:35,43.3592681884766,-8.84521865844727,"Unknown"
"7014857",371856,2025-07-19 07:32:17,43.3592834472656,-8.84520530700684,"Unknown"
"7014857",371856,2025-07-19 07:37:25,43.3592758178711,-8.84521389007568,"Unknown"
"7014857",371856,2025-07-19 07:42:16,43.3592147827148,-8.84523868560791,"Unknown"
"7014857",371856,2025-07-19 07:47:16,43.3592948913574,-8.84522533416748,"Unknown"
"7014857",371856,2025-07-19 07:52:16,43.3593597412109,-8.8451099395752,"Unknown"
"7014857",371856,2025-07-19 07:57:15,43.3579177856445,-8.84518146514893,"Unknown"
"7014857",371856,2025-07-19 08:03:04,43.3474311828613,-8.8266019821167,"Unknown"
"7014857",371856,2025-07-19 08:07:16,43.3446350097656,-8.78975391387939,"Unknown"
"7014857",371856,2025-07-19 08:12:16,43.3387184143066,-8.75149440765381,"Unknown"
"7014857",371856,2025-07-19 08:17:15,43.3375396728516,-8.70780754089355,"Unknown"
"7014857",371856,2025-07-19 08:22:16,43.3427810668945,-8.69506072998047,"Unknown"
"7014857",371856,2025-07-19 08:27:17,43.324592590332,-8.6851692199707,"Unknown"
"7014857",371856,2025-07-19 08:32:18,43.3107261657715,-8.6781702041626,"Unknown"
"7014857",371856,2025-07-19 08:37:21,43.299488067627,-8.68158531188965,"Unknown"
"7014857",371856,2025-07-19 08:42:24,43.2846832275391,-8.66719722747803,"Unknown"
"7014857",371856,2025-07-19 08:47:23,43.2784805297852,-8.65369510650635,"Unknown"
"7014857",371856,2025-07-19 08:52:18,43.2643089294434,-8.62982082366943,"Unknown"
"7014857",371856,2025-07-19 08:57:18,43.253044128418,-8.59779644012451,"Unknown"
"7014857",371856,2025-07-19 09:02:17,43.2357139587402,-8.59647083282471,"Unknown"
"7014857",371856,2025-07-19 09:07:17,43.2160148620605,-8.58854103088379,"Unknown"
"7014857",371856,2025-07-19 09:12:17,43.2003326416016,-8.57718276977539,"Unknown"
"7014857",371856,2025-07-19 09:17:18,43.1873092651367,-8.55800342559814,"Unknown"
"7014857",371856,2025-07-19 09:22:16,43.1687278747559,-8.5542459487915,"Unknown"
"7014857",371856,2025-07-19 09:27:17,43.1487770080566,-8.53184223175049,"Unknown"
"7014857",371856,2025-07-19 09:32:26,43.1335678100586,-8.50244235992432,"Unknown"
"7014857",371856,2025-07-19 09:37:31,43.1318283081055,-8.47265148162842,"Unknown"
"7014857",371856,2025-07-19 09:42:21,43.1321868896484,-8.47308158874512,"Unknown"
"7014857",371856,2025-07-19 09:47:26,43.1302719116211,-8.47182369232178,"Unknown"
"7014857",371856,2025-07-19 09:52:18,43.1308670043945,-8.47284317016602,"Unknown"
"7014857",371856,2025-07-19 09:57:41,43.1302452087402,-8.47199535369873,"Unknown"
"7014857",371856,2025-07-19 10:02:15,43.1300621032715,-8.47206974029541,"Unknown"
"7014857",371856,2025-07-19 10:07:15,43.1300888061523,-8.47192764282227,"Unknown"
"7014857",371856,2025-07-19 10:12:15,43.130069732666,-8.47187519073486,"Unknown"
"7014857",371856,2025-07-19 10:17:24,43.1301803588867,-8.47219562530518,"Unknown"
"7014857",371856,2025-07-19 10:22:23,43.1302375793457,-8.47212314605713,"Unknown"
"7014857",371856,2025-07-19 10:27:17,43.130241394043,-8.4720983505249,"Unknown"
"7014857",371856,2025-07-19 10:32:19,43.1300849914551,-8.47201538085938,"Unknown"
"7014857",371856,2025-07-19 10:37:15,43.1322860717773,-8.47303295135498,"Unknown"
"7014857",371856,2025-07-19 10:42:15,43.1323165893555,-8.47293853759766,"Unknown"
"7014857",371856,2025-07-19 10:47:44,43.129753112793,-8.47012519836426,"Unknown"
"7014857",371856,2025-07-19 10:52:18,43.132396697998,-8.46728801727295,"Unknown"
"7014857",371856,2025-07-19 10:57:22,43.1322174072266,-8.46727561950684,"Unknown"
"7014857",371856,2025-07-19 11:02:31,43.1321754455566,-8.46737289428711,"Unknown"
"7014857",371856,2025-07-19 11:07:15,43.1320381164551,-8.4674243927002,"Unknown"
"7014857",371856,2025-07-19 11:12:15,43.1307907104492,-8.47227001190186,"Unknown"
"7014857",371856,2025-07-19 11:17:15,43.1305274963379,-8.47236061096191,"Unknown"
"7014857",371856,2025-07-19 11:22:15,43.1303787231445,-8.47238159179688,"Unknown"
"7014857",371856,2025-07-19 11:27:23,43.1304054260254,-8.47209453582764,"Unknown"
"7014857",371856,2025-07-19 11:32:18,43.1303863525391,-8.47236728668213,"Unknown"
"7014857",371856,2025-07-19 11:37:20,43.1305084228516,-8.47188472747803,"Unknown"
"7014857",371856,2025-07-19 11:42:40,43.1303825378418,-8.47193908691406,"Unknown"
"7014857",371856,2025-07-19 11:47:23,43.1302261352539,-8.47196674346924,"Unknown"
"7014857",371856,2025-07-19 11:52:19,43.130256652832,-8.47194671630859,"Unknown"
"7014857",371856,2025-07-19 11:57:16,43.1314315795898,-8.47177791595459,"Unknown"
"7014857",371856,2025-07-19 12:02:45,43.1338119506836,-8.47073650360107,"Unknown"
"7014857",371856,2025-07-19 12:07:18,43.1333236694336,-8.4778995513916,"Unknown"
"7014857",371856,2025-07-19 12:12:24,43.1366424560547,-8.5120325088501,"Unknown"
"7014857",371856,2025-07-19 12:17:19,43.1527290344238,-8.5439920425415,"Unknown"
"7014857",371856,2025-07-19 12:22:30,43.1676445007324,-8.58196258544922,"Unknown"
"7014857",371856,2025-07-19 12:27:18,43.1952133178711,-8.61981868743896,"Unknown"
"7014857",371856,2025-07-19 12:32:22,43.2268905639648,-8.65089130401611,"Unknown"
"7014857",371856,2025-07-19 12:37:33,43.255184173584,-8.6847505569458,"Unknown"
"7014857",371856,2025-07-19 12:42:22,43.2897071838379,-8.71851444244385,"Unknown"
"7014857",371856,2025-07-19 12:47:44,43.2935104370117,-8.74577522277832,"Unknown"
"7014857",371856,2025-07-19 12:52:17,43.2938079833984,-8.74582290649414,"Unknown"
"7014857",371856,2025-07-19 12:57:17,43.2938041687012,-8.74571323394775,"Unknown"
"7014857",371856,2025-07-19 13:02:18,43.2935905456543,-8.74574661254883,"Unknown"
"7014857",371856,2025-07-19 13:07:25,43.3048973083496,-8.77278518676758,"Unknown"
"7014857",371856,2025-07-19 13:12:17,43.3162803649902,-8.79355525970459,"Unknown"
"7014857",371856,2025-07-19 13:17:17,43.3340911865234,-8.81881046295166,"Unknown"
"7014857",371856,2025-07-19 13:22:17,43.3565902709961,-8.83988952636719,"Unknown"
"7014857",371856,2025-07-19 13:27:18,43.3594436645508,-8.84542846679688,"Unknown"
"7014857",371856,2025-07-19 13:32:44,43.3594436645508,-8.84529972076416,"Unknown"
"7014857",371856,2025-07-19 13:37:19,43.3593139648438,-8.84508419036865,"Unknown"
"7014857",371856,2025-07-19 13:42:18,43.3594703674316,-8.84527015686035,"Unknown"
"7014857",371856,2025-07-19 13:47:18,43.3593406677246,-8.8453197479248,"Unknown"
"7014857",371856,2025-07-19 13:52:17,43.3594741821289,-8.8452787399292,"Unknown"
"7014857",371856,2025-07-19 13:57:19,43.3594131469727,-8.84524250030518,"Unknown"
"7014857",371856,2025-07-19 14:02:20,43.3594665527344,-8.84524726867676,"Unknown"
"7014857",371856,2025-07-19 14:07:35,43.3594779968262,-8.84529876708984,"Unknown"
"7014857",371856,2025-07-19 14:12:16,43.3590774536133,-8.84512138366699,"Unknown"
"7014857",371856,2025-07-19 14:17:18,43.3591995239258,-8.84521007537842,"Unknown"
"7014857",371856,2025-07-19 14:22:16,43.3630485534668,-8.84158039093018,"Unknown"
"7014857",371856,2025-07-19 14:27:19,43.3649749755859,-8.8267650604248,"Unknown"
"7014857",371856,2025-07-19 14:32:29,43.3516731262207,-8.83131980895996,"Unknown"
"7014857",371856,2025-07-19 14:38:13,43.3398284912109,-8.82937812805176,"Unknown"
"7014857",371856,2025-07-19 14:42:17,43.3353233337402,-8.82947635650635,"Unknown"
"7014857",371856,2025-07-19 14:47:16,43.3221473693848,-8.80683517456055,"Unknown"
"7014857",371856,2025-07-19 14:52:16,43.309253692627,-8.77431201934814,"Unknown"
"7014857",371856,2025-07-19 14:57:17,43.299488067627,-8.74540996551514,"Unknown"
"7014857",371856,2025-07-19 15:02:16,43.2950859069824,-8.70974922180176,"Unknown"
"7014857",371856,2025-07-19 15:07:16,43.2835845947266,-8.68289279937744,"Unknown"
"7014857",371856,2025-07-19 15:12:17,43.2805366516113,-8.64462757110596,"Unknown"
"7014857",371856,2025-07-19 15:17:16,43.2658424377441,-8.62049102783203,"Unknown"
"7014857",371856,2025-07-19 15:22:17,43.2514724731445,-8.60937023162842,"Unknown"
"7014857",371856,2025-07-19 15:27:18,43.2341156005859,-8.60170650482178,"Unknown"
"7014857",371856,2025-07-19 15:32:44,43.2138061523438,-8.59110164642334,"Unknown"
"7014857",371856,2025-07-19 15:37:18,43.197509765625,-8.57905673980713,"Unknown"
"7014857",371856,2025-07-19 15:42:17,43.1799278259277,-8.56839370727539,"Unknown"
"7014857",371856,2025-07-19 15:47:17,43.1628608703613,-8.54930877685547,"Unknown"
"7014857",371856,2025-07-19 15:52:17,43.1439208984375,-8.52573299407959,"Unknown"
"7014857",371856,2025-07-19 15:57:17,43.1315383911133,-8.47913455963135,"Unknown"
"7014857",371856,2025-07-19 16:02:44,43.1301803588867,-8.47196102142334,"Unknown"
"7014857",371856,2025-07-19 16:07:21,43.1300354003906,-8.47193145751953,"Unknown"
"7014857",371856,2025-07-19 16:12:20,43.1300277709961,-8.4720458984375,"Unknown"
"7014857",371856,2025-07-19 16:17:17,43.1301422119141,-8.47207355499268,"Unknown"
"7014857",371856,2025-07-19 16:22:21,43.1302108764648,-8.47198009490967,"Unknown"
"7014857",371856,2025-07-19 16:27:17,43.1301803588867,-8.47210502624512,"Unknown"
"7014857",371856,2025-07-19 16:32:22,43.1301727294922,-8.47202682495117,"Unknown"
"7014857",371856,2025-07-19 16:37:21,43.1303062438965,-8.47214031219482,"Unknown"
"7014857",371856,2025-07-19 16:42:25,43.1302528381348,-8.47198581695557,"Unknown"
"7014857",371856,2025-07-19 16:47:44,43.1305541992188,-8.47200870513916,"Unknown"
"7014857",371856,2025-07-19 16:52:27,43.1304550170898,-8.47220230102539,"Unknown"
"7014857",371856,2025-07-19 16:57:24,43.1304588317871,-8.47202968597412,"Unknown"
"7014857",371856,2025-07-19 17:02:44,43.1332092285156,-8.49508380889893,"Unknown"
"7014857",371856,2025-07-19 17:07:18,43.1435432434082,-8.52573776245117,"Unknown"
"7014857",371856,2025-07-19 17:12:19,43.1586685180664,-8.5616979598999,"Unknown"
"7014857",371856,2025-07-19 17:17:23,43.1761207580566,-8.59953212738037,"Unknown"
"7014857",371856,2025-07-19 17:22:18,43.2068252563477,-8.63560390472412,"Unknown"
"7014857",371856,2025-07-19 17:27:18,43.2284965515137,-8.66255187988281,"Unknown"
"7014857",371856,2025-07-19 17:32:20,43.2529296875,-8.69396114349365,"Unknown"
"7014857",371856,2025-07-19 17:37:21,43.2906303405762,-8.7216215133667,"Unknown"
"7014857",371856,2025-07-19 17:42:24,43.2939910888672,-8.74564170837402,"Unknown"
"7014857",371856,2025-07-19 17:47:46,43.2932014465332,-8.74560356140137,"Unknown"
"7014857",371856,2025-07-19 17:52:45,43.2938537597656,-8.74556446075439,"Unknown"
"7014857",371856,2025-07-19 17:57:44,43.2938690185547,-8.74563884735107,"Unknown"
"7014857",371856,2025-07-19 18:02:20,43.2936363220215,-8.74598121643066,"Unknown"
"7014857",371856,2025-07-19 18:07:21,43.2938842773438,-8.74565982818604,"Unknown"
"7014857",371856,2025-07-19 18:12:27,43.3044891357422,-8.77273464202881,"Unknown"
"7014857",371856,2025-07-19 18:17:22,43.3260383605957,-8.79748153686523,"Unknown"
"7014857",371856,2025-07-19 18:22:27,43.3471374511719,-8.82577514648438,"Unknown"
"7014857",371856,2025-07-19 18:27:23,43.3594703674316,-8.84518623352051,"Unknown"
"7014857",371856,2025-07-19 18:32:30,43.3593635559082,-8.84535884857178,"Unknown"
"7014857",371856,2025-07-19 18:37:29,43.3593788146973,-8.84513473510742,"Unknown"
"7014857",371856,2025-07-19 18:42:38,43.3592414855957,-8.8452730178833,"Unknown"
"7014857",371856,2025-07-19 18:47:45,43.3593864440918,-8.84541034698486,"Unknown"
"7014857",371856,2025-07-19 18:52:44,43.3593978881836,-8.8453540802002,"Unknown"
"7014857",371856,2025-07-19 18:57:19,43.3592567443848,-8.84563064575195,"Unknown"
"7014857",371856,2025-07-19 19:02:20,43.3593788146973,-8.84533023834229,"Unknown"
"7014857",371856,2025-07-19 19:07:22,43.3592910766602,-8.84581089019775,"Unknown"
"7014857",371856,2025-07-19 19:12:24,43.359317779541,-8.84535694122314,"Unknown"
"7014857",371856,2025-07-19 19:17:29,43.3594093322754,-8.8454065322876,"Unknown"
"7014857",371856,2025-07-19 19:22:22,43.359432220459,-8.84505748748779,"Unknown"
"7014857",371856,2025-07-19 19:27:30,43.3595390319824,-8.84513378143311,"Unknown"
"7014857",371856,2025-07-19 19:32:23,43.359561920166,-8.8422679901123,"Unknown"
"7014857",371856,2025-07-19 19:37:29,43.3594360351562,-8.84496212005615,"Unknown"
"7014857",371856,2025-07-19 19:42:40,43.3594970703125,-8.84566020965576,"Unknown"
"7014857",371856,2025-07-19 19:47:30,43.3593902587891,-8.84537029266357,"Unknown"
"7014857",371856,2025-07-19 19:52:43,43.3593254089355,-8.84529399871826,"Unknown"
"7014857",371856,2025-07-19 19:57:22,43.3593788146973,-8.84416389465332,"Unknown"
"7014857",371856,2025-07-19 20:02:21,43.359260559082,-8.84560489654541,"Unknown"
"7014857",371856,2025-07-19 20:07:27,43.3593139648438,-8.84521102905273,"Unknown"
"7014857",371856,2025-07-19 20:12:29,43.3593864440918,-8.84517192840576,"Unknown"
"7014857",371856,2025-07-19 20:17:44,43.3593063354492,-8.84512519836426,"Unknown"
"7014857",371856,2025-07-19 20:22:23,43.3593978881836,-8.84710121154785,"Unknown"
"7014857",371856,2025-07-19 20:27:27,43.359317779541,-8.84525680541992,"Unknown"
"7014857",371856,2025-07-19 20:32:28,43.3592643737793,-8.8452205657959,"Unknown"
"7014857",371856,2025-07-19 20:37:52,43.3592987060547,-8.84520149230957,"Unknown"
"7014857",371856,2025-07-19 20:42:18,43.3592262268066,-8.84526634216309,"Unknown"
"7014857",371856,2025-07-19 20:47:18,43.3593101501465,-8.84523677825928,"Unknown"
"7014857",371856,2025-07-19 20:52:18,43.3592987060547,-8.84521102905273,"Unknown"
"7014857",371856,2025-07-19 20:55:24,43.3592185974121,-8.84528160095215,"Unknown"
"7014857",371856,2025-07-20 01:55:46,43.3594398498535,-8.8449878692627,"Unknown"
"7014857",371856,2025-07-20 03:04:36,43.3593482971191,-8.84514331817627,"Unknown"
"7014857",371856,2025-07-20 03:09:04,43.3593521118164,-8.84514999389648,"Unknown"
"7014857",371856,2025-07-20 03:14:06,43.3593368530273,-8.84514141082764,"Unknown"
"7014857",371856,2025-07-20 03:19:07,43.3593292236328,-8.84514904022217,"Unknown"
"7014857",371856,2025-07-20 03:24:06,43.3593711853027,-8.84511756896973,"Unknown"
"7014857",371856,2025-07-20 03:29:04,43.3593482971191,-8.84515190124512,"Unknown"
"7014857",371856,2025-07-20 03:34:04,43.3593101501465,-8.84511089324951,"Unknown"
"7014857",371856,2025-07-20 03:39:06,43.359317779541,-8.84514617919922,"Unknown"
"7014857",371856,2025-07-20 03:44:06,43.3593444824219,-8.84518432617188,"Unknown"
"7014857",371856,2025-07-20 03:49:12,43.3593597412109,-8.84511756896973,"Unknown"
"7014857",371856,2025-07-20 03:54:07,43.3594665527344,-8.8450927734375,"Unknown"
"7014857",371856,2025-07-20 03:59:04,43.3593711853027,-8.84504508972168,"Unknown"
"7014857",371856,2025-07-20 04:04:06,43.3594055175781,-8.84510612487793,"Unknown"
"7014857",371856,2025-07-20 04:09:06,43.3715400695801,-8.85587692260742,"Unknown"
"7014857",371856,2025-07-20 04:14:04,43.403205871582,-8.87279891967773,"Unknown"
"7014857",371856,2025-07-20 04:19:06,43.410572052002,-8.87419128417969,"Unknown"
"7014857",371856,2025-07-20 04:24:06,43.389591217041,-8.86665821075439,"Unknown"
"7014857",371856,2025-07-20 04:29:06,43.3690795898438,-8.85133457183838,"Unknown"
"7014857",371856,2025-07-20 04:34:05,43.3592910766602,-8.84504890441895,"Unknown"
"7014857",371856,2025-07-20 04:39:09,43.3593444824219,-8.84534168243408,"Unknown"
"7014857",371856,2025-07-20 04:44:09,43.3594055175781,-8.8453483581543,"Unknown"
"7014857",371856,2025-07-20 04:49:06,43.3593292236328,-8.84529399871826,"Unknown"
"7014857",371856,2025-07-20 04:54:04,43.360424041748,-8.84651660919189,"Unknown"
"7014857",371856,2025-07-20 04:59:07,43.3670768737793,-8.83667087554932,"Unknown"
"7014857",371856,2025-07-20 05:04:08,43.3676109313965,-8.83011913299561,"Unknown"
"7014857",371856,2025-07-20 05:09:08,43.3673934936523,-8.831298828125,"Unknown"
"7014857",371856,2025-07-20 05:14:07,43.3608512878418,-8.83504199981689,"Unknown"
"7014857",371856,2025-07-20 05:19:14,43.3594284057617,-8.84535312652588,"Unknown"
"7014857",371856,2025-07-20 05:24:10,43.3593978881836,-8.84521198272705,"Unknown"
"7014857",371856,2025-07-20 05:29:09,43.3593597412109,-8.84520053863525,"Unknown"
"7014857",371856,2025-07-20 05:34:16,43.3594436645508,-8.84511947631836,"Unknown"
"7014857",371856,2025-07-20 05:39:06,43.3589744567871,-8.84414291381836,"Unknown"
"7014857",371856,2025-07-20 05:44:06,43.3877868652344,-8.85815906524658,"Unknown"
"7014857",371856,2025-07-20 05:49:09,43.4186973571777,-8.86223602294922,"Unknown"
"7014857",371856,2025-07-20 05:54:09,43.4494132995605,-8.83850765228271,"Unknown"
"7014857",371856,2025-07-20 05:59:17,43.473876953125,-8.83486080169678,"Unknown"
"7014857",371856,2025-07-20 06:04:09,43.4760398864746,-8.8014669418335,"Unknown"
"7014857",371856,2025-07-20 06:10:28,43.4740409851074,-8.74691009521484,"Unknown"
"7014857",371856,2025-07-20 06:14:14,43.4675140380859,-8.71903324127197,"Unknown"
"7014857",371856,2025-07-20 06:19:06,43.4743156433105,-8.70522403717041,"Unknown"
"7014857",371856,2025-07-20 06:24:06,43.4756240844727,-8.7223014831543,"Unknown"
"7014857",371856,2025-07-20 06:29:09,43.4607696533203,-8.72156047821045,"Unknown"
"7014857",371856,2025-07-20 06:34:06,43.4503746032715,-8.72470951080322,"Unknown"
"7014857",371856,2025-07-20 06:39:07,43.4492835998535,-8.73719787597656,"Unknown"
"7014857",371856,2025-07-20 06:44:08,43.4319686889648,-8.74502277374268,"Unknown"
"7014857",371856,2025-07-20 06:49:50,43.4255905151367,-8.74922752380371,"Unknown"
"7014857",371856,2025-07-20 06:55:28,43.4086151123047,-8.76378345489502,"Unknown"
"7014857",371856,2025-07-20 06:59:14,43.4018898010254,-8.77910804748535,"Unknown"
"7014857",371856,2025-07-20 07:04:35,43.390796661377,-8.79941177368164,"Unknown"
"7014857",371856,2025-07-20 07:09:04,43.3798065185547,-8.81493282318115,"Unknown"
"7014857",371856,2025-07-20 07:14:04,43.3657417297363,-8.83053970336914,"Unknown"
"7014857",371856,2025-07-20 07:19:09,43.3599510192871,-8.84551811218262,"Unknown"
"7014857",371856,2025-07-20 07:24:05,43.3596382141113,-8.84545040130615,"Unknown"
"7014857",371856,2025-07-20 07:29:14,43.3593101501465,-8.84494781494141,"Unknown"
"7014857",371856,2025-07-20 07:34:09,43.3592109680176,-8.84514808654785,"Unknown"
"7014857",371856,2025-07-20 07:39:06,43.3593444824219,-8.84537506103516,"Unknown"
"7014857",371856,2025-07-20 07:44:04,43.359203338623,-8.84499645233154,"Unknown"
"7014857",371856,2025-07-20 07:49:35,43.3590354919434,-8.84495735168457,"Unknown"
"7014857",371856,2025-07-20 07:54:06,43.359001159668,-8.84500885009766,"Unknown"
"7014857",371856,2025-07-20 07:59:04,43.3590278625488,-8.84499740600586,"Unknown"
"7014857",371856,2025-07-20 08:04:07,43.3592147827148,-8.84514713287354,"Unknown"
"7014857",371856,2025-07-20 08:09:14,43.3591156005859,-8.84513854980469,"Unknown"
"7014857",371856,2025-07-20 08:14:06,43.3593063354492,-8.84498596191406,"Unknown"
"7014857",371856,2025-07-20 08:19:12,43.3594551086426,-8.8450345993042,"Unknown"
"7014857",371856,2025-07-20 08:24:08,43.3594055175781,-8.84516143798828,"Unknown"
"7014857",371856,2025-07-20 08:29:08,43.359447479248,-8.8452730178833,"Unknown"
"7014857",371856,2025-07-20 08:34:04,43.3594245910645,-8.8451566696167,"Unknown"
"7014857",371856,2025-07-20 08:39:06,43.3594360351562,-8.84530544281006,"Unknown"
"7014857",371856,2025-07-20 08:44:08,43.3594207763672,-8.84532833099365,"Unknown"
"7014857",371856,2025-07-20 08:49:13,43.3594245910645,-8.84532928466797,"Unknown"
"7014857",371856,2025-07-20 08:54:07,43.3594169616699,-8.84533405303955,"Unknown"
"7014857",371856,2025-07-20 08:59:12,43.3593597412109,-8.84532070159912,"Unknown"
"7014857",371856,2025-07-20 09:04:04,43.3593711853027,-8.84528636932373,"Unknown"
"7014857",371856,2025-07-20 09:09:08,43.3594093322754,-8.8453950881958,"Unknown"
"7014857",371856,2025-07-20 09:14:04,43.3505516052246,-8.81311321258545,"Unknown"
"7014857",371856,2025-07-20 09:19:07,43.3348541259766,-8.76636123657227,"Unknown"
"7014857",371856,2025-07-20 09:24:04,43.3220863342285,-8.73274517059326,"Unknown"
"7014857",371856,2025-07-20 09:29:04,43.306396484375,-8.69587707519531,"Unknown"
"7014857",371856,2025-07-20 09:34:07,43.2926788330078,-8.66189002990723,"Unknown"
"7014857",371856,2025-07-20 09:39:06,43.2875823974609,-8.64035320281982,"Unknown"
"7014857",371856,2025-07-20 09:44:06,43.2825775146484,-8.62920570373535,"Unknown"
"7014857",371856,2025-07-20 09:49:07,43.2553977966309,-8.60166549682617,"Unknown"
"7014857",371856,2025-07-20 09:54:15,43.2396850585938,-8.57564926147461,"Unknown"
"7014857",371856,2025-07-20 10:00:08,43.2231903076172,-8.55918788909912,"Unknown"
"7014857",371856,2025-07-20 10:04:04,43.2087554931641,-8.55811977386475,"Unknown"
"7014857",371856,2025-07-20 10:09:06,43.195873260498,-8.53064250946045,"Unknown"
"7014857",371856,2025-07-20 10:14:04,43.1738586425781,-8.51766204833984,"Unknown"
"7014857",371856,2025-07-20 10:19:07,43.1515998840332,-8.49650096893311,"Unknown"
"7014857",371856,2025-07-20 10:24:08,43.1357955932617,-8.48323822021484,"Unknown"
"7014857",371856,2025-07-20 10:29:15,43.1303520202637,-8.47192573547363,"Unknown"
"7014857",371856,2025-07-20 10:34:10,43.130199432373,-8.47217273712158,"Unknown"
"7014857",371856,2025-07-20 10:39:08,43.1305961608887,-8.47181606292725,"Unknown"
"7014857",371856,2025-07-20 10:44:24,43.1306762695312,-8.4718132019043,"Unknown"
"7014857",371856,2025-07-20 10:49:09,43.1303749084473,-8.47126960754395,"Unknown"
"7014857",371856,2025-07-20 10:54:14,43.1305732727051,-8.47168827056885,"Unknown"
"7014857",371856,2025-07-20 10:59:10,43.1306037902832,-8.47185707092285,"Unknown"
"7014857",371856,2025-07-20 11:04:09,43.1311264038086,-8.47159194946289,"Unknown"
"7014857",371856,2025-07-20 11:09:10,43.1306343078613,-8.47194290161133,"Unknown"
"7014857",371856,2025-07-20 11:14:16,43.1307373046875,-8.47140312194824,"Unknown"
"7014857",371856,2025-07-20 11:19:34,43.1307182312012,-8.47187423706055,"Unknown"
"7014857",371856,2025-07-20 11:24:09,43.130687713623,-8.47182655334473,"Unknown"
"7014857",371856,2025-07-20 11:29:08,43.1306800842285,-8.4721508026123,"Unknown"
"7014857",371856,2025-07-20 11:34:04,43.1328544616699,-8.47286128997803,"Unknown"
"7014857",371856,2025-07-20 11:39:11,43.1472549438477,-8.47593402862549,"Unknown"
"7014857",371856,2025-07-20 11:44:05,43.1643295288086,-8.48192024230957,"Unknown"
"7014857",371856,2025-07-20 11:49:06,43.1665115356445,-8.49196815490723,"Unknown"
"7014857",371856,2025-07-20 11:54:04,43.1681938171387,-8.51941204071045,"Unknown"
"7014857",371856,2025-07-20 11:59:08,43.1771926879883,-8.55098533630371,"Unknown"
"7014857",371856,2025-07-20 12:04:18,43.1988296508789,-8.5807638168335,"Unknown"
"7014857",371856,2025-07-20 12:09:06,43.2145195007324,-8.59463405609131,"Unknown"
"7014857",371856,2025-07-20 12:14:06,43.2196197509766,-8.60835075378418,"Unknown"
"7014857",371856,2025-07-20 12:19:06,43.2276458740234,-8.61013412475586,"Unknown"
"7014857",371856,2025-07-20 12:24:06,43.2391815185547,-8.64105415344238,"Unknown"
"7014857",371856,2025-07-20 12:29:06,43.2576866149902,-8.66142272949219,"Unknown"
"7014857",371856,2025-07-20 12:34:06,43.2853126525879,-8.67960548400879,"Unknown"
"7014857",371856,2025-07-20 12:39:09,43.2915000915527,-8.69657421112061,"Unknown"
"7014857",371856,2025-07-20 12:44:11,43.2915267944336,-8.6964635848999,"Unknown"
"7014857",371856,2025-07-20 12:49:35,43.2915420532227,-8.69659328460693,"Unknown"
"7014857",371856,2025-07-20 12:54:08,43.2914962768555,-8.69661998748779,"Unknown"
"7014857",371856,2025-07-20 12:59:08,43.2915954589844,-8.69668102264404,"Unknown"
"7014857",371856,2025-07-20 13:04:10,43.2914733886719,-8.69678115844727,"Unknown"
"7014857",371856,2025-07-20 13:09:04,43.2915344238281,-8.69668769836426,"Unknown"
"7014857",371856,2025-07-20 13:14:05,43.2915420532227,-8.69683742523193,"Unknown"
"7014857",371856,2025-07-20 13:19:08,43.2911033630371,-8.69883155822754,"Unknown"
"7014857",371856,2025-07-20 13:24:05,43.2906341552734,-8.72120380401611,"Unknown"
"7014857",371856,2025-07-20 13:29:05,43.2932357788086,-8.74680423736572,"Unknown"
"7014857",371856,2025-07-20 13:34:05,43.3009567260742,-8.77906799316406,"Unknown"
"7014857",371856,2025-07-20 13:39:06,43.3199806213379,-8.80710411071777,"Unknown"
"7014857",371856,2025-07-20 13:44:08,43.335391998291,-8.82584285736084,"Unknown"
"7014857",371856,2025-07-20 13:49:35,43.3554725646973,-8.84398174285889,"Unknown"
"7014857",371856,2025-07-20 13:54:07,43.3598022460938,-8.84561252593994,"Unknown"
"7014857",371856,2025-07-20 13:59:06,43.3598937988281,-8.84591865539551,"Unknown"
"7014857",371856,2025-07-20 14:04:08,43.3598251342773,-8.84553623199463,"Unknown"
"7014857",371856,2025-07-20 14:09:32,43.3593482971191,-8.84513568878174,"Unknown"
"7014857",371856,2025-07-20 14:14:07,43.3593635559082,-8.84511947631836,"Unknown"
"7014857",371856,2025-07-20 14:19:08,43.3596954345703,-8.84568691253662,"Unknown"
"7014857",371856,2025-07-20 14:24:06,43.3594093322754,-8.84520816802979,"Unknown"
"7014857",371856,2025-07-20 14:29:06,43.3593597412109,-8.84521579742432,"Unknown"
"7014857",371856,2025-07-20 14:34:05,43.3593978881836,-8.84525299072266,"Unknown"
"7014857",371856,2025-07-20 14:39:06,43.3593940734863,-8.84517574310303,"Unknown"
"7014857",371856,2025-07-20 14:44:06,43.3594551086426,-8.84515857696533,"Unknown"
"7014857",371856,2025-07-20 14:49:05,43.359432220459,-8.8452091217041,"Unknown"
"7014857",371856,2025-07-20 14:54:06,43.3593521118164,-8.84524154663086,"Unknown"
"7014857",371856,2025-07-20 14:59:12,43.3593482971191,-8.84527587890625,"Unknown"
"7014857",371856,2025-07-20 15:04:06,43.359375,-8.84524440765381,"Unknown"
"7014857",371856,2025-07-20 15:09:05,43.3594169616699,-8.8452262878418,"Unknown"
"7014857",371856,2025-07-20 15:14:05,43.3594284057617,-8.84520721435547,"Unknown"
"7014857",371856,2025-07-20 15:19:06,43.3593788146973,-8.8452844619751,"Unknown"
"7014857",371856,2025-07-20 15:24:05,43.3593482971191,-8.84524154663086,"Unknown"
"7014857",371856,2025-07-20 15:29:06,43.3593864440918,-8.84522438049316,"Unknown"
"7014857",371856,2025-07-20 15:34:07,43.3593444824219,-8.84531116485596,"Unknown"
"7014857",371856,2025-07-20 15:39:10,43.3595085144043,-8.84523296356201,"Unknown"
"7014857",371856,2025-07-20 15:44:44,43.3593368530273,-8.84541988372803,"Unknown"
"7014857",371856,2025-07-20 15:49:06,43.3592834472656,-8.8454647064209,"Unknown"
"7014857",371856,2025-07-20 15:54:05,43.3592758178711,-8.8454475402832,"Unknown"
"7014857",371856,2025-07-20 15:59:05,43.3592109680176,-8.84551048278809,"Unknown"
"7014857",371856,2025-07-20 16:04:05,43.3592834472656,-8.84539222717285,"Unknown"
"7014857",371856,2025-07-20 16:09:05,43.3593330383301,-8.84543704986572,"Unknown"
"7014857",371856,2025-07-20 16:14:05,43.3593063354492,-8.84543418884277,"Unknown"
"7014857",371856,2025-07-20 16:19:05,43.3599891662598,-8.84531879425049,"Unknown"
"7014857",371856,2025-07-20 16:24:06,43.3416748046875,-8.842604637146,"Unknown"
"7014857",371856,2025-07-20 16:29:05,43.3214530944824,-8.85232448577881,"Unknown"
"7014857",371856,2025-07-20 16:34:05,43.3143768310547,-8.85714435577393,"Unknown"
"7014857",371856,2025-07-20 16:39:05,43.3158683776855,-8.85727119445801,"Unknown"
"7014857",371856,2025-07-20 16:44:07,43.3140716552734,-8.85701370239258,"Unknown"
"7014857",371856,2025-07-20 16:49:09,43.3147964477539,-8.85679721832275,"Unknown"
"7014857",371856,2025-07-20 16:54:18,43.3147621154785,-8.85682487487793,"Unknown"
"7014857",371856,2025-07-20 16:59:09,43.3146553039551,-8.85672855377197,"Unknown"
"7014857",371856,2025-07-20 17:04:17,43.3413314819336,-8.84348964691162,"Unknown"
"7014857",371856,2025-07-20 17:09:06,43.3413200378418,-8.84372711181641,"Unknown"
"7014857",371856,2025-07-20 17:14:12,43.341480255127,-8.84403705596924,"Unknown"
"7014857",371856,2025-07-20 17:19:09,43.3407402038574,-8.84263801574707,"Unknown"
"7014857",371856,2025-07-20 17:24:16,43.3411636352539,-8.84341716766357,"Unknown"
"7014857",371856,2025-07-20 17:29:10,43.3410186767578,-8.8433723449707,"Unknown"
"7014857",371856,2025-07-20 17:34:35,43.3410797119141,-8.84333801269531,"Unknown"
"7014857",371856,2025-07-20 17:39:07,43.3412818908691,-8.84360885620117,"Unknown"
"7014857",371856,2025-07-20 17:44:07,43.3591156005859,-8.84518241882324,"Unknown"
"7014857",371856,2025-07-20 17:49:07,43.3591651916504,-8.84498500823975,"Unknown"
"7014857",371856,2025-07-20 17:54:08,43.3593673706055,-8.84544467926025,"Unknown"
"7014857",371856,2025-07-20 17:59:08,43.3591232299805,-8.84493160247803,"Unknown"
"7014857",371856,2025-07-20 18:04:07,43.3591957092285,-8.84505844116211,"Unknown"
"7014857",371856,2025-07-20 18:09:08,43.3591384887695,-8.8448486328125,"Unknown"
"7014857",371856,2025-07-20 18:14:10,43.3592987060547,-8.8453426361084,"Unknown"
"7014857",371856,2025-07-20 18:19:18,43.3592643737793,-8.84530735015869,"Unknown"
"7014857",371856,2025-07-20 18:24:09,43.3592338562012,-8.84513378143311,"Unknown"
"7014857",371856,2025-07-20 18:29:10,43.3591690063477,-8.84517765045166,"Unknown"
"7014857",371856,2025-07-20 18:34:35,43.3593063354492,-8.84535598754883,"Unknown"
"7014857",371856,2025-07-20 18:39:06,43.3592872619629,-8.84538841247559,"Unknown"
"7014857",371856,2025-07-20 18:44:06,43.3592872619629,-8.84535026550293,"Unknown"
"7014857",371856,2025-07-20 18:49:06,43.3593711853027,-8.84543132781982,"Unknown"
"7014857",371856,2025-07-20 18:54:06,43.3592796325684,-8.84536743164062,"Unknown"
"7014857",371856,2025-07-20 18:59:06,43.3592681884766,-8.84533977508545,"Unknown"
"7014857",371856,2025-07-20 19:04:06,43.3593406677246,-8.84541511535645,"Unknown"
"7014857",371856,2025-07-20 19:09:07,43.3592681884766,-8.84539318084717,"Unknown"
"7014857",371856,2025-07-20 19:14:07,43.3592834472656,-8.84544944763184,"Unknown"
"7014857",371856,2025-07-20 19:19:10,43.3592376708984,-8.84518718719482,"Unknown"
"7014857",371856,2025-07-20 19:24:07,43.3592758178711,-8.84529685974121,"Unknown"
"7014857",371856,2025-07-20 19:29:07,43.3593215942383,-8.84531784057617,"Unknown"
"7014857",371856,2025-07-20 19:34:06,43.3593978881836,-8.84528923034668,"Unknown"
"7014857",371856,2025-07-20 19:39:09,43.359245300293,-8.84535312652588,"Unknown"
"7014857",371856,2025-07-20 19:44:07,43.3593215942383,-8.84519672393799,"Unknown"
"7014857",371856,2025-07-20 19:49:07,43.3592910766602,-8.8452730178833,"Unknown"
"7014857",371856,2025-07-20 19:54:09,43.3591766357422,-8.84505462646484,"Unknown"
"7014857",371856,2025-07-20 19:59:08,43.3592796325684,-8.84529399871826,"Unknown"
"7014857",371856,2025-07-20 20:04:35,43.359317779541,-8.84517288208008,"Unknown"
"7014857",371856,2025-07-20 20:09:06,43.3593215942383,-8.84520244598389,"Unknown"
"7014857",371856,2025-07-20 20:14:06,43.3593063354492,-8.84524536132812,"Unknown"
"7014857",371856,2025-07-20 20:19:06,43.3593139648438,-8.84521961212158,"Unknown"
"7014857",371856,2025-07-20 20:24:06,43.3593368530273,-8.845139503479,"Unknown"
"7014857",371856,2025-07-20 20:29:06,43.3593139648438,-8.84514713287354,"Unknown"
"7014857",371856,2025-07-20 20:34:07,43.359375,-8.84519100189209,"Unknown"
"7014857",371856,2025-07-20 20:39:07,43.359375,-8.84509658813477,"Unknown"
"7014857",371856,2025-07-20 20:44:07,43.359317779541,-8.84509372711182,"Unknown"
"7014857",371856,2025-07-20 20:49:08,43.3593063354492,-8.84514713287354,"Unknown"
"7014857",371856,2025-07-20 20:54:24,43.3592338562012,-8.84520530700684,"Unknown"
"7014857",371856,2025-07-21 01:54:46,43.3594131469727,-8.84510612487793,"Unknown"
"7014857",371856,2025-07-21 03:06:05,43.3593330383301,-8.84511089324951,"Unknown"
"7014857",371856,2025-07-21 03:10:45,43.3593368530273,-8.84515285491943,"Unknown"
"7014857",371856,2025-07-21 03:15:44,43.3593063354492,-8.84511089324951,"Unknown"
"7014857",371856,2025-07-21 03:20:44,43.3593406677246,-8.84513568878174,"Unknown"
"7014857",371856,2025-07-21 03:25:44,43.3593902587891,-8.84517478942871,"Unknown"
"7014857",371856,2025-07-21 03:30:44,43.3593673706055,-8.84509468078613,"Unknown"
"7014857",371856,2025-07-21 03:35:45,43.3593559265137,-8.8450813293457,"Unknown"
"7014857",371856,2025-07-21 03:40:44,43.3592910766602,-8.84504795074463,"Unknown"
"7014857",371856,2025-07-21 03:46:05,43.3592948913574,-8.84505176544189,"Unknown"
"7014857",371856,2025-07-21 03:50:44,43.3593254089355,-8.84517383575439,"Unknown"
"7014857",371856,2025-07-21 03:55:44,43.3593444824219,-8.84517288208008,"Unknown"
"7014857",371856,2025-07-21 04:00:44,43.3592758178711,-8.84513473510742,"Unknown"
"7014857",371856,2025-07-21 04:05:46,43.359619140625,-8.8450927734375,"Unknown"
"7014857",371856,2025-07-21 04:10:44,43.3918418884277,-8.85038661956787,"Unknown"
"7014857",371856,2025-07-21 04:15:45,43.4233093261719,-8.8631010055542,"Unknown"
"7014857",371856,2025-07-21 04:20:45,43.453483581543,-8.86049556732178,"Unknown"
"7014857",371856,2025-07-21 04:25:44,43.479133605957,-8.8324556350708,"Unknown"
"7014857",371856,2025-07-21 04:30:46,43.5085144042969,-8.8126049041748,"Unknown"
"7014857",371856,2025-07-21 04:35:44,43.536922454834,-8.78473949432373,"Unknown"
"7014857",371856,2025-07-21 04:40:45,43.5649223327637,-8.75335884094238,"Unknown"
"7014857",371856,2025-07-21 04:45:44,43.5820503234863,-8.76515769958496,"Unknown"
"7014857",371856,2025-07-21 04:50:56,43.5930633544922,-8.77021980285645,"Unknown"
"7014857",371856,2025-07-21 04:55:44,43.600643157959,-8.76902484893799,"Unknown"
"7014857",371856,2025-07-21 05:00:55,43.6210479736328,-8.76331996917725,"Unknown"
"7014857",371856,2025-07-21 05:05:45,43.6330451965332,-8.76588249206543,"Unknown"
"7014857",371856,2025-07-21 05:10:55,43.6511383056641,-8.76606845855713,"Unknown"
"7014857",371856,2025-07-21 05:15:47,43.6493377685547,-8.76438140869141,"Unknown"
"7014857",371856,2025-07-21 05:20:52,43.6310043334961,-8.76951694488525,"Unknown"
"7014857",371856,2025-07-21 05:25:45,43.608325958252,-8.77321529388428,"Unknown"
"7014857",371856,2025-07-21 05:30:55,43.5832138061523,-8.77876281738281,"Unknown"
"7014857",371856,2025-07-21 05:35:46,43.5649490356445,-8.79318237304688,"Unknown"
"7014857",371856,2025-07-21 05:40:55,43.5472869873047,-8.80799198150635,"Unknown"
"7014857",371856,2025-07-21 05:46:44,43.5162811279297,-8.80889129638672,"Unknown"
"7014857",371856,2025-07-21 05:51:29,43.4921836853027,-8.81036186218262,"Unknown"
"7014857",371856,2025-07-21 05:55:45,43.472469329834,-8.8126220703125,"Unknown"
"7014857",371856,2025-07-21 06:00:45,43.4498481750488,-8.81773281097412,"Unknown"
"7014857",371856,2025-07-21 06:05:45,43.4259567260742,-8.81939792633057,"Unknown"
"7014857",371856,2025-07-21 06:10:45,43.4075660705566,-8.83106327056885,"Unknown"
"7014857",371856,2025-07-21 06:17:08,43.3800086975098,-8.84220123291016,"Unknown"
"7014857",371856,2025-07-21 06:21:29,43.3603668212891,-8.84796905517578,"Unknown"
"7014857",371856,2025-07-21 06:26:05,43.3593597412109,-8.84525489807129,"Unknown"
"7014857",371856,2025-07-21 06:30:48,43.359561920166,-8.84522819519043,"Unknown"
"7014857",371856,2025-07-21 06:35:47,43.3594551086426,-8.84533405303955,"Unknown"
"7014857",371856,2025-07-21 06:40:45,43.3593330383301,-8.84535121917725,"Unknown"
"7014857",371856,2025-07-21 06:45:44,43.3593826293945,-8.84527492523193,"Unknown"
"7014857",371856,2025-07-21 06:50:44,43.3593559265137,-8.8453197479248,"Unknown"
"7014857",371856,2025-07-21 06:55:44,43.3593482971191,-8.84536457061768,"Unknown"
"7014857",371856,2025-07-21 07:00:44,43.3594360351562,-8.84540939331055,"Unknown"
"7014857",371856,2025-07-21 07:05:45,43.3593635559082,-8.84535598754883,"Unknown"
"7014857",371856,2025-07-21 07:10:44,43.3593673706055,-8.84530162811279,"Unknown"
"7014857",371856,2025-07-21 07:15:53,43.3593635559082,-8.84533977508545,"Unknown"
"7014857",371856,2025-07-21 07:20:45,43.3581047058105,-8.84626293182373,"Unknown"
"7014857",371856,2025-07-21 07:25:45,43.3955917358398,-8.85812377929688,"Unknown"
"7014857",371856,2025-07-21 07:30:44,43.4296112060547,-8.87289619445801,"Unknown"
"7014857",371856,2025-07-21 07:35:45,43.4600524902344,-8.89030742645264,"Unknown"
"7014857",371856,2025-07-21 07:40:45,43.4958457946777,-8.89640045166016,"Unknown"
"7014857",371856,2025-07-21 07:45:47,43.5159225463867,-8.88514137268066,"Unknown"
"7014857",371856,2025-07-21 07:50:48,43.5136642456055,-8.89101600646973,"Unknown"
"7014857",371856,2025-07-21 07:55:47,43.5112266540527,-8.89643287658691,"Unknown"
"7014857",371856,2025-07-21 08:00:44,43.508846282959,-8.90167045593262,"Unknown"
"7014857",371856,2025-07-21 08:05:47,43.5058555603027,-8.9052562713623,"Unknown"
"7014857",371856,2025-07-21 08:10:47,43.5031394958496,-8.90996742248535,"Unknown"
"7014857",371856,2025-07-21 08:15:46,43.521915435791,-8.9189395904541,"Unknown"
"7014857",371856,2025-07-21 08:20:47,43.5526161193848,-8.90992832183838,"Unknown"
"7014857",371856,2025-07-21 08:25:47,43.5848770141602,-8.89395904541016,"Unknown"
"7014857",371856,2025-07-21 08:30:48,43.6115188598633,-8.89438152313232,"Unknown"
"7014857",371856,2025-07-21 08:36:14,43.6399345397949,-8.90916156768799,"Unknown"
"7014857",371856,2025-07-21 08:40:55,43.645092010498,-8.91381168365479,"Unknown"
"7014857",371856,2025-07-21 08:45:55,43.6486206054688,-8.89340114593506,"Unknown"
"7014857",371856,2025-07-21 08:50:55,43.650463104248,-8.88412666320801,"Unknown"
"7014857",371856,2025-07-21 08:56:32,43.6517105102539,-8.87621116638184,"Unknown"
"7014857",371856,2025-07-21 09:00:45,43.6525382995605,-8.87038040161133,"Unknown"
"7014857",371856,2025-07-21 09:06:04,43.6538200378418,-8.86267280578613,"Unknown"
"7014857",371856,2025-07-21 09:10:49,43.6552886962891,-8.85612297058105,"Unknown"
"7014857",371856,2025-07-21 09:15:45,43.6558494567871,-8.85058307647705,"Unknown"
"7014857",371856,2025-07-21 09:20:46,43.6579704284668,-8.84300708770752,"Unknown"
"7014857",371856,2025-07-21 09:25:47,43.6592330932617,-8.83845520019531,"Unknown"
"7014857",371856,2025-07-21 09:30:45,43.6304893493652,-8.83569431304932,"Unknown"
"7014857",371856,2025-07-21 09:35:48,43.6010437011719,-8.83343696594238,"Unknown"
"7014857",371856,2025-07-21 09:40:53,43.5733680725098,-8.8300724029541,"Unknown"
"7014857",371856,2025-07-21 09:45:46,43.5490036010742,-8.83174324035645,"Unknown"
"7014857",371856,2025-07-21 09:50:48,43.5229759216309,-8.82687664031982,"Unknown"
"7014857",371856,2025-07-21 09:55:49,43.4970245361328,-8.82015228271484,"Unknown"
"7014857",371856,2025-07-21 10:00:56,43.4710121154785,-8.8164119720459,"Unknown"
"7014857",371856,2025-07-21 10:05:45,43.4489440917969,-8.82604694366455,"Unknown"
"7014857",371856,2025-07-21 10:10:55,43.425594329834,-8.83511543273926,"Unknown"
"7014857",371856,2025-07-21 10:15:45,43.4028244018555,-8.8424654006958,"Unknown"
"7014857",371856,2025-07-21 10:20:50,43.3763313293457,-8.84528160095215,"Unknown"
"7014857",371856,2025-07-21 10:25:58,43.3593788146973,-8.84511661529541,"Unknown"
"7014857",371856,2025-07-21 10:31:00,43.3593597412109,-8.84506034851074,"Unknown"
"7014857",371856,2025-07-21 10:36:05,43.3593063354492,-8.84518051147461,"Unknown"
"7014857",371856,2025-07-21 10:40:45,43.3593330383301,-8.84515285491943,"Unknown"
"7014857",371856,2025-07-21 10:45:45,43.359317779541,-8.84518432617188,"Unknown"
"7014857",371856,2025-07-21 10:50:45,43.3591995239258,-8.84540271759033,"Unknown"
"7014857",371856,2025-07-21 10:55:46,43.3593559265137,-8.84511280059814,"Unknown"
"7014857",371856,2025-07-21 11:00:45,43.3593444824219,-8.84514999389648,"Unknown"
"7014857",371856,2025-07-21 11:05:45,43.3594436645508,-8.84507846832275,"Unknown"
"7014857",371856,2025-07-21 11:10:45,43.3742866516113,-8.85531330108643,"Unknown"
"7014857",371856,2025-07-21 11:15:45,43.4035263061523,-8.87198352813721,"Unknown"
"7014857",371856,2025-07-21 11:20:45,43.4210014343262,-8.89883327484131,"Unknown"
"7014857",371856,2025-07-21 11:25:45,43.4455032348633,-8.91898250579834,"Unknown"
"7014857",371856,2025-07-21 11:30:45,43.471435546875,-8.93898963928223,"Unknown"
"7014857",371856,2025-07-21 11:35:45,43.4918937683105,-8.96269512176514,"Unknown"
"7014857",371856,2025-07-21 11:40:44,43.5137901306152,-8.98945617675781,"Unknown"
"7014857",371856,2025-07-21 11:45:45,43.5271644592285,-9.01016998291016,"Unknown"
"7014857",371856,2025-07-21 11:50:46,43.5225105285645,-9.04049110412598,"Unknown"
"7014857",371856,2025-07-21 11:55:46,43.5192565917969,-9.07196998596191,"Unknown"
"7014857",371856,2025-07-21 12:00:46,43.5180206298828,-9.09397029876709,"Unknown"
"7014857",371856,2025-07-21 12:05:46,43.5305557250977,-9.12095546722412,"Unknown"
"7014857",371856,2025-07-21 12:10:47,43.5439224243164,-9.11913585662842,"Unknown"
"7014857",371856,2025-07-21 12:15:47,43.5477905273438,-9.10483646392822,"Unknown"
"7014857",371856,2025-07-21 12:21:06,43.551887512207,-9.08912181854248,"Unknown"
"7014857",371856,2025-07-21 12:26:03,43.5558700561523,-9.07425880432129,"Unknown"
"7014857",371856,2025-07-21 12:31:03,43.5562362670898,-9.06928253173828,"Unknown"
"7014857",371856,2025-07-21 12:36:03,43.5453643798828,-9.09369945526123,"Unknown"
"7014857",371856,2025-07-21 12:41:04,43.5370903015137,-9.11396312713623,"Unknown"
"7014857",371856,2025-07-21 12:46:14,43.5210037231445,-9.09288692474365,"Unknown"
"7014857",371856,2025-07-21 12:51:04,43.518913269043,-9.05244159698486,"Unknown"
"7014857",371856,2025-07-21 12:56:09,43.497688293457,-9.0489387512207,"Unknown"
"7014857",371856,2025-07-21 13:01:04,43.4893646240234,-9.05045795440674,"Unknown"
"7014857",371856,2025-07-21 13:06:09,43.4861145019531,-9.07456970214844,"Unknown"
"7014857",371856,2025-07-21 13:11:11,43.4862518310547,-9.07615756988525,"Unknown"
"7014857",371856,2025-07-21 13:16:09,43.4866828918457,-9.07694721221924,"Unknown"
"7014857",371856,2025-07-21 13:21:14,43.4864921569824,-9.07758522033691,"Unknown"
"7014857",371856,2025-07-21 13:26:07,43.4866027832031,-9.07801246643066,"Unknown"
"7014857",371856,2025-07-21 13:31:06,43.4882011413574,-9.070631980896,"Unknown"
"7014857",371856,2025-07-21 13:36:07,43.4948387145996,-9.01533222198486,"Unknown"
"7014857",371856,2025-07-21 13:41:04,43.4969177246094,-8.95690822601318,"Unknown"
"7014857",371856,2025-07-21 13:46:35,43.4970016479492,-8.93985939025879,"Unknown"
"7014857",371856,2025-07-21 13:51:06,43.4991188049316,-8.93499279022217,"Unknown"
"7014857",371856,2025-07-21 13:56:09,43.5012626647949,-8.92962074279785,"Unknown"
"7014857",371856,2025-07-21 14:01:05,43.5041465759277,-8.92511367797852,"Unknown"
"7014857",371856,2025-07-21 14:06:09,43.5069580078125,-8.92025375366211,"Unknown"
"7014857",371856,2025-07-21 14:11:07,43.5099716186523,-8.91573715209961,"Unknown"
"7014857",371856,2025-07-21 14:16:04,43.5335159301758,-8.90804100036621,"Unknown"
"7014857",371856,2025-07-21 14:21:04,43.5686492919922,-8.90800285339355,"Unknown"
"7014857",371856,2025-07-21 14:26:06,43.5998649597168,-8.921630859375,"Unknown"
"7014857",371856,2025-07-21 14:31:04,43.6305847167969,-8.9348087310791,"Unknown"
"7014857",371856,2025-07-21 14:36:09,43.6329956054688,-8.9263858795166,"Unknown"
"7014857",371856,2025-07-21 14:41:10,43.6266059875488,-8.91110324859619,"Unknown"
"7014857",371856,2025-07-21 14:46:08,43.6182136535645,-8.89316749572754,"Unknown"
"7014857",371856,2025-07-21 14:51:08,43.6157035827637,-8.88835525512695,"Unknown"
"7014857",371856,2025-07-21 14:56:06,43.6130180358887,-8.88338756561279,"Unknown"
"7014857",371856,2025-07-21 15:01:07,43.5986137390137,-8.85009670257568,"Unknown"
"7014857",371856,2025-07-21 15:06:07,43.5920066833496,-8.83554172515869,"Unknown"
"7014857",371856,2025-07-21 15:11:08,43.5856704711914,-8.82129096984863,"Unknown"
"7014857",371856,2025-07-21 15:16:06,43.5793075561523,-8.80729579925537,"Unknown"
"7014857",371856,2025-07-21 15:21:12,43.5725479125977,-8.79290676116943,"Unknown"
"7014857",371856,2025-07-21 15:26:08,43.5664100646973,-8.77936840057373,"Unknown"
"7014857",371856,2025-07-21 15:31:15,43.5627479553223,-8.77209854125977,"Unknown"
"7014857",371856,2025-07-21 15:36:11,43.5628128051758,-8.77202415466309,"Unknown"
"7014857",371856,2025-07-21 15:41:14,43.5627174377441,-8.77238655090332,"Unknown"
"7014857",371856,2025-07-21 15:46:04,43.5577125549316,-8.7661600112915,"Unknown"
"7014857",371856,2025-07-21 15:51:06,43.5379867553711,-8.71850299835205,"Unknown"
"7014857",371856,2025-07-21 15:56:08,43.5271759033203,-8.69351291656494,"Unknown"
"7014857",371856,2025-07-21 16:01:09,43.520320892334,-8.67870616912842,"Unknown"
"7014857",371856,2025-07-21 16:06:07,43.5126876831055,-8.66566944122314,"Unknown"
"7014857",371856,2025-07-21 16:11:06,43.4922485351562,-8.68332576751709,"Unknown"
"7014857",371856,2025-07-21 16:16:04,43.4711761474609,-8.70230102539062,"Unknown"
"7014857",371856,2025-07-21 16:21:06,43.4498138427734,-8.7215576171875,"Unknown"
"7014857",371856,2025-07-21 16:26:06,43.431755065918,-8.74346733093262,"Unknown"
"7014857",371856,2025-07-21 16:31:39,43.4145965576172,-8.76987648010254,"Unknown"
"7014857",371856,2025-07-21 16:36:06,43.3998870849609,-8.78904819488525,"Unknown"
"7014857",371856,2025-07-21 16:41:04,43.3831100463867,-8.81098175048828,"Unknown"
"7014857",371856,2025-07-21 16:46:15,43.3631820678711,-8.83156681060791,"Unknown"
"7014857",371856,2025-07-21 16:51:14,43.3593063354492,-8.84519195556641,"Unknown"
"7014857",371856,2025-07-21 16:56:07,43.359447479248,-8.84495735168457,"Unknown"
"7014857",371856,2025-07-21 17:01:04,43.3594512939453,-8.8450174331665,"Unknown"
"7014857",371856,2025-07-21 17:06:04,43.3592338562012,-8.84511852264404,"Unknown"
"7014857",371856,2025-07-21 17:11:06,43.3591728210449,-8.84502983093262,"Unknown"
"7014857",371856,2025-07-21 17:16:09,43.3591384887695,-8.84504413604736,"Unknown"
"7014857",371856,2025-07-21 17:21:08,43.3593063354492,-8.84502506256104,"Unknown"
"7014857",371856,2025-07-21 17:26:04,43.3591384887695,-8.84504318237305,"Unknown"
"7014857",371856,2025-07-21 17:31:04,43.3590660095215,-8.84496879577637,"Unknown"
"7014857",371856,2025-07-21 17:36:04,43.3593368530273,-8.84495735168457,"Unknown"
"7014857",371856,2025-07-21 17:41:07,43.359375,-8.84496307373047,"Unknown"
"7014857",371856,2025-07-21 17:46:15,43.3591575622559,-8.84510135650635,"Unknown"
"7014857",371856,2025-07-21 17:51:04,43.3592910766602,-8.84500789642334,"Unknown"
"7014857",371856,2025-07-21 17:56:06,43.359489440918,-8.84476280212402,"Unknown"
"7014857",371856,2025-07-21 18:01:09,43.3593254089355,-8.84500122070312,"Unknown"
"7014857",371856,2025-07-21 18:06:09,43.3594284057617,-8.84495639801025,"Unknown"
"7014857",371856,2025-07-21 18:11:09,43.3593330383301,-8.84492015838623,"Unknown"
"7014857",371856,2025-07-21 18:16:13,43.3591842651367,-8.84530258178711,"Unknown"
"7014857",371856,2025-07-21 18:21:10,43.3593864440918,-8.84508895874023,"Unknown"
"7014857",371856,2025-07-21 18:26:06,43.3594017028809,-8.8450813293457,"Unknown"
"7014857",371856,2025-07-21 18:31:04,43.3594741821289,-8.84575653076172,"Unknown"
"7014857",371856,2025-07-21 18:36:04,43.3326721191406,-8.84499263763428,"Unknown"
"7014857",371856,2025-07-21 18:41:09,43.3147773742676,-8.85716915130615,"Unknown"
"7014857",371856,2025-07-21 18:46:35,43.3142127990723,-8.85677528381348,"Unknown"
"7014857",371856,2025-07-21 18:51:06,43.3141326904297,-8.85679721832275,"Unknown"
"7014857",371856,2025-07-21 18:56:04,43.3319664001465,-8.84508228302002,"Unknown"
"7014857",371856,2025-07-21 19:01:07,43.3593330383301,-8.84518051147461,"Unknown"
"7014857",371856,2025-07-21 19:06:06,43.3592872619629,-8.84536838531494,"Unknown"
"7014857",371856,2025-07-21 19:11:08,43.3593406677246,-8.84525394439697,"Unknown"
"7014857",371856,2025-07-21 19:16:08,43.359317779541,-8.84528923034668,"Unknown"
"7014857",371856,2025-07-21 19:21:04,43.3593330383301,-8.84531021118164,"Unknown"
"7014857",371856,2025-07-21 19:26:08,43.3593063354492,-8.84534358978271,"Unknown"
"7014857",371856,2025-07-21 19:31:09,43.3593521118164,-8.84533596038818,"Unknown"
"7014857",371856,2025-07-21 19:36:11,43.3593406677246,-8.84535121917725,"Unknown"
"7014857",371856,2025-07-21 19:41:08,43.3593635559082,-8.84540557861328,"Unknown"
"7014857",371856,2025-07-21 19:46:06,43.3593444824219,-8.84516048431396,"Unknown"
"7014857",371856,2025-07-21 19:51:04,43.360050201416,-8.84715557098389,"Unknown"
"7014857",371856,2025-07-21 19:56:04,43.3592987060547,-8.84517383575439,"Unknown"
"7014857",371856,2025-07-21 20:01:06,43.3592987060547,-8.84519577026367,"Unknown"
"7014857",371856,2025-07-21 20:06:04,43.3570785522461,-8.85079479217529,"Unknown"
"7014857",371856,2025-07-21 20:11:04,43.3451042175293,-8.87247276306152,"Unknown"
"7014857",371856,2025-07-21 20:16:08,43.3456993103027,-8.87222194671631,"Unknown"
"7014857",371856,2025-07-21 20:21:08,43.3461952209473,-8.87135028839111,"Unknown"
"7014857",371856,2025-07-21 20:26:09,43.359375,-8.8451681137085,"Unknown"
"7014857",371856,2025-07-21 20:31:05,43.3560333251953,-8.8016471862793,"Unknown"
"7014857",371856,2025-07-21 20:36:15,43.3536911010742,-8.74214935302734,"Unknown"
"7014857",371856,2025-07-21 20:41:14,43.3581695556641,-8.73944187164307,"Unknown"
"7014857",371856,2025-07-21 20:46:06,43.3525238037109,-8.74143028259277,"Unknown"
"7014857",371856,2025-07-21 20:53:12,43.351375579834,-8.74872398376465,"Unknown"
"7014857",371856,2025-07-22 01:53:16,43.3454971313477,-8.52844333648682,"Unknown"
"7014857",371856,2025-07-22 03:07:15,43.3453941345215,-8.52838516235352,"Unknown"
"7014857",371856,2025-07-22 03:12:20,43.3452568054199,-8.52840423583984,"Unknown"
"7014857",371856,2025-07-22 03:16:59,43.3452758789062,-8.52845478057861,"Unknown"
"7014857",371856,2025-07-22 03:21:58,43.3452262878418,-8.52824211120605,"Unknown"
"7014857",371856,2025-07-22 03:26:54,43.3451766967773,-8.52778625488281,"Unknown"
"7014857",371856,2025-07-22 03:31:55,43.3450584411621,-8.528244972229,"Unknown"
"7014857",371856,2025-07-22 03:36:58,43.3448677062988,-8.52820587158203,"Unknown"
"7014857",371856,2025-07-22 03:41:51,43.3450202941895,-8.52814865112305,"Unknown"
"7014857",371856,2025-07-22 03:47:14,43.3450927734375,-8.52831649780273,"Unknown"
"7014857",371856,2025-07-22 03:51:51,43.345142364502,-8.52827739715576,"Unknown"
"7014857",371856,2025-07-22 03:57:12,43.3450088500977,-8.52824306488037,"Unknown"
"7014857",371856,2025-07-22 04:01:51,43.3449859619141,-8.52846813201904,"Unknown"
"7014857",371856,2025-07-22 04:06:59,43.3449897766113,-8.52835845947266,"Unknown"
"7014857",371856,2025-07-22 04:11:53,43.3448448181152,-8.52836418151855,"Unknown"
"7014857",371856,2025-07-22 04:16:51,43.3448829650879,-8.52836418151855,"Unknown"
"7014857",371856,2025-07-22 04:21:55,43.3449440002441,-8.52843761444092,"Unknown"
"7014857",371856,2025-07-22 04:26:52,43.3449783325195,-8.52831745147705,"Unknown"
"7014857",371856,2025-07-22 04:31:52,43.3448753356934,-8.52816581726074,"Unknown"
"7014857",371856,2025-07-22 04:36:53,43.3449325561523,-8.52795124053955,"Unknown"
"7014857",371856,2025-07-22 04:41:57,43.3450584411621,-8.52833557128906,"Unknown"
"7014857",371856,2025-07-22 04:47:23,43.3451118469238,-8.52837562561035,"Unknown"
"7014857",371856,2025-07-22 04:51:51,43.3451080322266,-8.52833843231201,"Unknown"
"7014857",371856,2025-07-22 04:56:51,43.3434410095215,-8.52590656280518,"Unknown"
"7014857",371856,2025-07-22 05:01:52,43.3298988342285,-8.49938869476318,"Unknown"
"7014857",371856,2025-07-22 05:06:53,43.3263511657715,-8.49612045288086,"Unknown"
"7014857",371856,2025-07-22 05:11:52,43.3226737976074,-8.50134563446045,"Unknown"
"7014857",371856,2025-07-22 05:17:00,43.3274116516113,-8.5125036239624,"Unknown"
"7014857",371856,2025-07-22 05:21:58,43.3279800415039,-8.51203155517578,"Unknown"
"7014857",371856,2025-07-22 05:26:51,43.3281517028809,-8.51226711273193,"Unknown"
"7014857",371856,2025-07-22 05:32:12,43.3280868530273,-8.51239585876465,"Unknown"
"7014857",371856,2025-07-22 05:36:52,43.3281364440918,-8.51248931884766,"Unknown"
"7014857",371856,2025-07-22 05:41:54,43.328067779541,-8.51230335235596,"Unknown"
"7014857",371856,2025-07-22 05:46:57,43.3280563354492,-8.51263618469238,"Unknown"
"7014857",371856,2025-07-22 05:51:54,43.3281211853027,-8.51267623901367,"Unknown"
"7014857",371856,2025-07-22 05:56:51,43.3280792236328,-8.5123405456543,"Unknown"
"7014857",371856,2025-07-22 06:01:51,43.3281669616699,-8.51250839233398,"Unknown"
"7014857",371856,2025-07-22 06:06:51,43.3295135498047,-8.51149082183838,"Unknown"
"7014857",371856,2025-07-22 06:11:53,43.3297920227051,-8.51107501983643,"Unknown"
"7014857",371856,2025-07-22 06:16:52,43.3297500610352,-8.5107946395874,"Unknown"
"7014857",371856,2025-07-22 06:21:54,43.3269271850586,-8.51313877105713,"Unknown"
"7014857",371856,2025-07-22 06:26:55,43.3266105651855,-8.51246643066406,"Unknown"
"7014857",371856,2025-07-22 06:32:14,43.3301429748535,-8.51087474822998,"Unknown"
"7014857",371856,2025-07-22 06:36:55,43.3302268981934,-8.51092720031738,"Unknown"
"7014857",371856,2025-07-22 06:41:53,43.3302307128906,-8.51091384887695,"Unknown"
"7014857",371856,2025-07-22 06:46:55,43.3248291015625,-8.49661445617676,"Unknown"
"7014857",371856,2025-07-22 06:51:51,43.3253593444824,-8.49641609191895,"Unknown"
"7014857",371856,2025-07-22 06:56:57,43.3165512084961,-8.50584125518799,"Unknown"
"7014857",371856,2025-07-22 07:01:51,43.3166961669922,-8.50608253479004,"Unknown"
"7014857",371856,2025-07-22 07:06:55,43.3166770935059,-8.50609493255615,"Unknown"
"7014857",371856,2025-07-22 07:11:55,43.3166999816895,-8.5059757232666,"Unknown"
"7014857",371856,2025-07-22 07:16:53,43.3167495727539,-8.50619983673096,"Unknown"
"7014857",371856,2025-07-22 07:21:55,43.316593170166,-8.50619316101074,"Unknown"
"7014857",371856,2025-07-22 07:26:53,43.3166770935059,-8.50629997253418,"Unknown"
"7014857",371856,2025-07-22 07:32:14,43.3166656494141,-8.50624465942383,"Unknown"
"7014857",371856,2025-07-22 07:36:54,43.3167114257812,-8.50618171691895,"Unknown"
"7014857",371856,2025-07-22 07:41:52,43.3165664672852,-8.50574016571045,"Unknown"
"7014857",371856,2025-07-22 07:46:52,43.3166007995605,-8.5061502456665,"Unknown"
"7014857",371856,2025-07-22 07:51:52,43.3168182373047,-8.50543308258057,"Unknown"
"7014857",371856,2025-07-22 07:56:54,43.3168411254883,-8.50670051574707,"Unknown"
"7014857",371856,2025-07-22 08:02:23,43.3165855407715,-8.50615215301514,"Unknown"
"7014857",371856,2025-07-22 08:06:51,43.3166046142578,-8.50616931915283,"Unknown"
"7014857",371856,2025-07-22 08:11:51,43.3165016174316,-8.50590419769287,"Unknown"
"7014857",371856,2025-07-22 08:16:54,43.3092231750488,-8.50279140472412,"Unknown"
"7014857",371856,2025-07-22 08:21:51,43.2843933105469,-8.48472213745117,"Unknown"
"7014857",371856,2025-07-22 08:26:51,43.2636604309082,-8.45936012268066,"Unknown"
"7014857",371856,2025-07-22 08:31:52,43.2445449829102,-8.46721172332764,"Unknown"
"7014857",371856,2025-07-22 08:36:51,43.225959777832,-8.47231960296631,"Unknown"
"7014857",371856,2025-07-22 08:41:53,43.202709197998,-8.46586990356445,"Unknown"
"7014857",371856,2025-07-22 08:46:52,43.1822776794434,-8.47564888000488,"Unknown"
"7014857",371856,2025-07-22 08:51:59,43.1615753173828,-8.46534824371338,"Unknown"
"7014857",371856,2025-07-22 08:57:03,43.1338882446289,-8.46892738342285,"Unknown"
"7014857",371856,2025-07-22 09:02:05,43.1302070617676,-8.47200489044189,"Unknown"
"7014857",371856,2025-07-22 09:07:07,43.1302528381348,-8.47191619873047,"Unknown"
"7014857",371856,2025-07-22 09:12:03,43.1301574707031,-8.47207736968994,"Unknown"
"7014857",371856,2025-07-22 09:16:59,43.1300964355469,-8.47223567962646,"Unknown"
"7014857",371856,2025-07-22 09:22:41,43.1305351257324,-8.4717378616333,"Unknown"
"7014857",371856,2025-07-22 09:26:54,43.1303100585938,-8.47201251983643,"Unknown"
"7014857",371856,2025-07-22 09:31:51,43.1327972412109,-8.46992206573486,"Unknown"
"7014857",371856,2025-07-22 09:36:51,43.1328468322754,-8.46989727020264,"Unknown"
"7014857",371856,2025-07-22 09:41:51,43.1329116821289,-8.46984672546387,"Unknown"
"7014857",371856,2025-07-22 09:47:14,43.1329116821289,-8.46988964080811,"Unknown"
"7014857",371856,2025-07-22 09:51:51,43.1328964233398,-8.46971893310547,"Unknown"
"7014857",371856,2025-07-22 09:57:05,43.1328468322754,-8.46990966796875,"Unknown"
"7014857",371856,2025-07-22 10:01:54,43.1328468322754,-8.46997261047363,"Unknown"
"7014857",371856,2025-07-22 10:06:57,43.1329803466797,-8.47002029418945,"Unknown"
"7014857",371856,2025-07-22 10:11:55,43.1330108642578,-8.46999931335449,"Unknown"
"7014857",371856,2025-07-22 10:16:55,43.1330871582031,-8.46996879577637,"Unknown"
"7014857",371856,2025-07-22 10:21:51,43.1329879760742,-8.46984672546387,"Unknown"
"7014857",371856,2025-07-22 10:26:53,43.1327972412109,-8.46983337402344,"Unknown"
"7014857",371856,2025-07-22 10:32:14,43.132984161377,-8.46998023986816,"Unknown"
"7014857",371856,2025-07-22 10:36:53,43.1329727172852,-8.46989154815674,"Unknown"
"7014857",371856,2025-07-22 10:41:52,43.1329917907715,-8.46987628936768,"Unknown"
"7014857",371856,2025-07-22 10:46:52,43.1330223083496,-8.46995639801025,"Unknown"
"7014857",371856,2025-07-22 10:51:57,43.1330261230469,-8.46954727172852,"Unknown"
"7014857",371856,2025-07-22 10:56:54,43.1325645446777,-8.46961879730225,"Unknown"
"7014857",371856,2025-07-22 11:02:00,43.1336898803711,-8.47083473205566,"Unknown"
"7014857",371856,2025-07-22 11:06:59,43.1330871582031,-8.46976661682129,"Unknown"
"7014857",371856,2025-07-22 11:11:59,43.1331443786621,-8.46944808959961,"Unknown"
"7014857",371856,2025-07-22 11:17:00,43.1330833435059,-8.46938705444336,"Unknown"
"7014857",371856,2025-07-22 11:22:00,43.133186340332,-8.46944808959961,"Unknown"
"7014857",371856,2025-07-22 11:27:03,43.1331939697266,-8.46939182281494,"Unknown"
"7014857",371856,2025-07-22 11:32:14,43.1331253051758,-8.46941566467285,"Unknown"
"7014857",371856,2025-07-22 11:36:51,43.1331520080566,-8.4694766998291,"Unknown"
"7014857",371856,2025-07-22 11:41:57,43.1332015991211,-8.46949291229248,"Unknown"
"7014857",371856,2025-07-22 11:46:53,43.1332855224609,-8.46945762634277,"Unknown"
"7014857",371856,2025-07-22 11:51:53,43.1330871582031,-8.46932506561279,"Unknown"
"7014857",371856,2025-07-22 11:56:59,43.130126953125,-8.4720287322998,"Unknown"
"7014857",371856,2025-07-22 12:01:52,43.1301689147949,-8.47206115722656,"Unknown"
"7014857",371856,2025-07-22 12:06:58,43.1300659179688,-8.47217559814453,"Unknown"
"7014857",371856,2025-07-22 12:12:07,43.1301765441895,-8.47228145599365,"Unknown"
"7014857",371856,2025-07-22 12:17:14,43.1299514770508,-8.4722318649292,"Unknown"
"7014857",371856,2025-07-22 12:21:58,43.1300392150879,-8.47200107574463,"Unknown"
"7014857",371856,2025-07-22 12:27:00,43.1305885314941,-8.4710168838501,"Unknown"
"7014857",371856,2025-07-22 12:32:14,43.1301727294922,-8.47209453582764,"Unknown"
"7014857",371856,2025-07-22 12:37:11,43.1301231384277,-8.47209072113037,"Unknown"
"7014857",371856,2025-07-22 12:41:58,43.1302337646484,-8.47237300872803,"Unknown"
"7014857",371856,2025-07-22 12:47:00,43.1322555541992,-8.49310493469238,"Unknown"
"7014857",371856,2025-07-22 12:52:00,43.1348114013672,-8.5006628036499,"Unknown"
"7014857",371856,2025-07-22 12:57:11,43.1368942260742,-8.53877449035645,"Unknown"
"7014857",371856,2025-07-22 13:02:00,43.1506767272949,-8.55798721313477,"Unknown"
"7014857",371856,2025-07-22 13:07:14,43.1602897644043,-8.58698463439941,"Unknown"
"7014857",371856,2025-07-22 13:12:11,43.1833457946777,-8.60721874237061,"Unknown"
"7014857",371856,2025-07-22 13:16:54,43.2074012756348,-8.62229061126709,"Unknown"
"7014857",371856,2025-07-22 13:22:01,43.2344093322754,-8.6382007598877,"Unknown"
"7014857",371856,2025-07-22 13:26:57,43.242000579834,-8.65021800994873,"Unknown"
"7014857",371856,2025-07-22 13:31:56,43.2618865966797,-8.67202091217041,"Unknown"
"7014857",371856,2025-07-22 13:36:55,43.2826271057129,-8.69716835021973,"Unknown"
"7014857",371856,2025-07-22 13:41:58,43.2934761047363,-8.73044586181641,"Unknown"
"7014857",371856,2025-07-22 13:47:44,43.2932357788086,-8.74593067169189,"Unknown"
"7014857",371856,2025-07-22 13:52:06,43.3004531860352,-8.76392936706543,"Unknown"
"7014857",371856,2025-07-22 13:56:53,43.310359954834,-8.79716491699219,"Unknown"
"7014857",371856,2025-07-22 14:02:59,43.3350143432617,-8.82457447052002,"Unknown"
"7014857",371856,2025-07-22 14:06:54,43.3563385009766,-8.83464622497559,"Unknown"
"7014857",371856,2025-07-22 14:12:14,43.3593406677246,-8.84516429901123,"Unknown"
"7014857",371856,2025-07-22 14:16:53,43.3811454772949,-8.85081672668457,"Unknown"
"7014857",371856,2025-07-22 14:21:53,43.4118423461914,-8.87037467956543,"Unknown"
"7014857",371856,2025-07-22 14:26:53,43.4429168701172,-8.88734531402588,"Unknown"
"7014857",371856,2025-07-22 14:31:53,43.4718017578125,-8.90141773223877,"Unknown"
"7014857",371856,2025-07-22 14:36:53,43.4973640441895,-8.91850662231445,"Unknown"
"7014857",371856,2025-07-22 14:41:56,43.4950637817383,-8.92543125152588,"Unknown"
"7014857",371856,2025-07-22 14:47:45,43.4920883178711,-8.93148136138916,"Unknown"
"7014857",371856,2025-07-22 14:53:04,43.4892768859863,-8.93692779541016,"Unknown"
"7014857",371856,2025-07-22 14:56:54,43.4874153137207,-8.94130420684814,"Unknown"
"7014857",371856,2025-07-22 15:02:14,43.4843978881836,-8.9462776184082,"Unknown"
"7014857",371856,2025-07-22 15:06:57,43.4820251464844,-8.95114517211914,"Unknown"
"7014857",371856,2025-07-22 15:12:44,43.4792366027832,-8.95705699920654,"Unknown"
"7014857",371856,2025-07-22 15:16:58,43.4771347045898,-8.96158790588379,"Unknown"
"7014857",371856,2025-07-22 15:21:54,43.4744644165039,-8.96662616729736,"Unknown"
"7014857",371856,2025-07-22 15:27:00,43.4735298156738,-8.9707670211792,"Unknown"
"7014857",371856,2025-07-22 15:31:53,43.4988861083984,-8.97910308837891,"Unknown"
"7014857",371856,2025-07-22 15:36:53,43.5107765197754,-8.98964405059814,"Unknown"
"7014857",371856,2025-07-22 15:42:14,43.5072860717773,-8.99592781066895,"Unknown"
"7014857",371856,2025-07-22 15:46:53,43.5040130615234,-9.00099277496338,"Unknown"
"7014857",371856,2025-07-22 15:51:54,43.5011100769043,-9.00653171539307,"Unknown"
"7014857",371856,2025-07-22 15:56:55,43.4977073669434,-9.01256561279297,"Unknown"
"7014857",371856,2025-07-22 16:01:56,43.4940567016602,-9.01767063140869,"Unknown"
"7014857",371856,2025-07-22 16:06:55,43.4905738830566,-9.02331352233887,"Unknown"
"7014857",371856,2025-07-22 16:11:53,43.4869651794434,-9.02863502502441,"Unknown"
"7014857",371856,2025-07-22 16:16:54,43.4838333129883,-9.03414344787598,"Unknown"
"7014857",371856,2025-07-22 16:21:55,43.4800987243652,-9.03917598724365,"Unknown"
"7014857",371856,2025-07-22 16:27:15,43.4763565063477,-9.04477500915527,"Unknown"
"7014857",371856,2025-07-22 16:33:18,43.4498825073242,-9.04645252227783,"Unknown"
"7014857",371856,2025-07-22 16:37:35,43.4483528137207,-9.05145931243896,"Unknown"
"7014857",371856,2025-07-22 16:41:53,43.4472732543945,-9.05617904663086,"Unknown"
"7014857",371856,2025-07-22 16:46:53,43.4458198547363,-9.06180763244629,"Unknown"
"7014857",371856,2025-07-22 16:51:58,43.444522857666,-9.06789112091064,"Unknown"
"7014857",371856,2025-07-22 16:56:58,43.4467811584473,-9.07670211791992,"Unknown"
"7014857",371856,2025-07-22 17:01:55,43.4591445922852,-9.08056259155273,"Unknown"
"7014857",371856,2025-07-22 17:07:14,43.4590301513672,-9.07770919799805,"Unknown"
"7014857",371856,2025-07-22 17:11:58,43.4578514099121,-9.07623386383057,"Unknown"
"7014857",371856,2025-07-22 17:16:53,43.4552612304688,-9.07426643371582,"Unknown"
"7014857",371856,2025-07-22 17:21:55,43.4531059265137,-9.07125473022461,"Unknown"
"7014857",371856,2025-07-22 17:26:53,43.4489326477051,-9.07335186004639,"Unknown"
"7014857",371856,2025-07-22 17:31:56,43.4427032470703,-9.06996917724609,"Unknown"
"7014857",371856,2025-07-22 17:37:01,43.4450645446777,-9.06261157989502,"Unknown"
"7014857",371856,2025-07-22 17:41:55,43.4496994018555,-9.05449199676514,"Unknown"
"7014857",371856,2025-07-22 17:47:44,43.4528045654297,-9.04592037200928,"Unknown"
"7014857",371856,2025-07-22 17:51:55,43.4546203613281,-9.04113101959229,"Unknown"
"7014857",371856,2025-07-22 17:56:53,43.4572143554688,-9.03665351867676,"Unknown"
"7014857",371856,2025-07-22 18:01:58,43.4603271484375,-9.03169631958008,"Unknown"
"7014857",371856,2025-07-22 18:06:53,43.4303588867188,-8.99614238739014,"Unknown"
"7014857",371856,2025-07-22 18:12:04,43.4036636352539,-8.9412202835083,"Unknown"
"7014857",371856,2025-07-22 18:16:58,43.3807258605957,-8.88543128967285,"Unknown"
"7014857",371856,2025-07-22 18:21:55,43.3593368530273,-8.84519863128662,"Unknown"
"7014857",371856,2025-07-22 18:27:01,43.3594398498535,-8.84544563293457,"Unknown"
"7014857",371856,2025-07-22 18:32:14,43.3593444824219,-8.84515380859375,"Unknown"
"7014857",371856,2025-07-22 18:36:55,43.3593559265137,-8.84503746032715,"Unknown"
"7014857",371856,2025-07-22 18:41:55,43.3593978881836,-8.84521007537842,"Unknown"
"7014857",371856,2025-07-22 18:46:56,43.3593330383301,-8.8451509475708,"Unknown"
"7014857",371856,2025-07-22 18:51:57,43.3593902587891,-8.84540176391602,"Unknown"
"7014857",371856,2025-07-22 18:56:55,43.3593101501465,-8.84563541412354,"Unknown"
"7014857",371856,2025-07-22 19:01:55,43.3594284057617,-8.84587955474854,"Unknown"
"7014857",371856,2025-07-22 19:07:12,43.3594589233398,-8.84531688690186,"Unknown"
"7014857",371856,2025-07-22 19:11:57,43.3593330383301,-8.84525299072266,"Unknown"
"7014857",371856,2025-07-22 19:16:56,43.3592567443848,-8.84598922729492,"Unknown"
"7014857",371856,2025-07-22 19:21:59,43.3594665527344,-8.84517383575439,"Unknown"
"7014857",371856,2025-07-22 19:26:58,43.3594551086426,-8.84514045715332,"Unknown"
"7014857",371856,2025-07-22 19:31:56,43.3593597412109,-8.84517860412598,"Unknown"
"7014857",371856,2025-07-22 19:36:58,43.3592071533203,-8.84519290924072,"Unknown"
"7014857",371856,2025-07-22 19:41:54,43.3592338562012,-8.84499645233154,"Unknown"
"7014857",371856,2025-07-22 19:47:15,43.3593826293945,-8.84529209136963,"Unknown"
"7014857",371856,2025-07-22 19:51:53,43.3593673706055,-8.84550094604492,"Unknown"
"7014857",371856,2025-07-22 19:56:54,43.3595008850098,-8.84498691558838,"Unknown"
"7014857",371856,2025-07-22 20:02:29,43.359375,-8.84510898590088,"Unknown"
"7014857",371856,2025-07-22 20:06:53,43.3594245910645,-8.8450813293457,"Unknown"
"7014857",371856,2025-07-22 20:11:53,43.3593978881836,-8.84513568878174,"Unknown"
"7014857",371856,2025-07-22 20:16:53,43.3592910766602,-8.845139503479,"Unknown"
"7014857",371856,2025-07-22 20:21:53,43.3594093322754,-8.84511852264404,"Unknown"
"7014857",371856,2025-07-22 20:26:53,43.3593406677246,-8.84509563446045,"Unknown"
"7014857",371856,2025-07-22 20:31:53,43.3642501831055,-8.8356351852417,"Unknown"
"7014857",371856,2025-07-22 20:36:53,43.3673858642578,-8.78252410888672,"Unknown"
"7014857",371856,2025-07-22 20:41:53,43.3624000549316,-8.79771995544434,"Unknown"
"7014857",371856,2025-07-22 20:46:53,43.3679504394531,-8.83144187927246,"Unknown"
"7014857",371856,2025-07-22 20:52:23,43.3674087524414,-8.84805870056152,"Unknown"
"7014857",371856,2025-07-23 01:52:46,43.3592643737793,-8.84512233734131,"Unknown"
"7014857",371856,2025-07-23 03:10:05,43.359317779541,-8.84519386291504,"Unknown"
"7014857",371856,2025-07-23 03:14:34,43.3592987060547,-8.84513187408447,"Unknown"
"7014857",371856,2025-07-23 03:19:06,43.3593063354492,-8.8451452255249,"Unknown"
"7014857",371856,2025-07-23 03:24:06,43.3592529296875,-8.84519004821777,"Unknown"
"7014857",371856,2025-07-23 03:29:06,43.3592948913574,-8.84512329101562,"Unknown"
"7014857",371856,2025-07-23 03:34:07,43.3592300415039,-8.84510707855225,"Unknown"
"7014857",371856,2025-07-23 03:39:06,43.3591690063477,-8.84492015838623,"Unknown"
"7014857",371856,2025-07-23 03:44:06,43.3592414855957,-8.84500503540039,"Unknown"
"7014857",371856,2025-07-23 03:49:35,43.3592910766602,-8.84518337249756,"Unknown"
"7014857",371856,2025-07-23 03:54:07,43.3592720031738,-8.8452033996582,"Unknown"
"7014857",371856,2025-07-23 03:59:06,43.359260559082,-8.84521293640137,"Unknown"
"7014857",371856,2025-07-23 04:04:07,43.3592758178711,-8.84518623352051,"Unknown"
"7014857",371856,2025-07-23 04:09:07,43.3592987060547,-8.84525299072266,"Unknown"
"7014857",371856,2025-07-23 04:14:07,43.3592834472656,-8.84521007537842,"Unknown"
"7014857",371856,2025-07-23 04:19:07,43.3593482971191,-8.845290184021,"Unknown"
"7014857",371856,2025-07-23 04:24:06,43.3506088256836,-8.86537837982178,"Unknown"
"7014857",371856,2025-07-23 04:29:06,43.3368453979492,-8.88886165618896,"Unknown"
"7014857",371856,2025-07-23 04:34:09,43.3358764648438,-8.8913106918335,"Unknown"
"7014857",371856,2025-07-23 04:39:10,43.3354911804199,-8.89207649230957,"Unknown"
"7014857",371856,2025-07-23 04:44:10,43.3348197937012,-8.89267730712891,"Unknown"
"7014857",371856,2025-07-23 04:49:15,43.3341598510742,-8.89336109161377,"Unknown"
"7014857",371856,2025-07-23 04:54:07,43.3301239013672,-8.87716293334961,"Unknown"
"7014857",371856,2025-07-23 04:59:06,43.3416519165039,-8.86379814147949,"Unknown"
"7014857",371856,2025-07-23 05:04:06,43.360034942627,-8.84670543670654,"Unknown"
"7014857",371856,2025-07-23 05:09:17,43.3593063354492,-8.8452320098877,"Unknown"
"7014857",371856,2025-07-23 05:14:12,43.3592910766602,-8.84515857696533,"Unknown"
"7014857",371856,2025-07-23 05:19:35,43.3635444641113,-8.87379741668701,"Unknown"
"7014857",371856,2025-07-23 05:24:21,43.3598747253418,-8.84625625610352,"Unknown"
"7014857",371856,2025-07-23 05:29:07,43.3592147827148,-8.84566688537598,"Unknown"
"7014857",371856,2025-07-23 05:34:06,43.361213684082,-8.84035587310791,"Unknown"
"7014857",371856,2025-07-23 05:39:07,43.3845252990723,-8.85311985015869,"Unknown"
"7014857",371856,2025-07-23 05:44:06,43.4047584533691,-8.87657356262207,"Unknown"
"7014857",371856,2025-07-23 05:49:06,43.4164505004883,-8.90874576568604,"Unknown"
"7014857",371856,2025-07-23 05:54:06,43.4277496337891,-8.93933296203613,"Unknown"
"7014857",371856,2025-07-23 05:59:06,43.4380073547363,-8.97265243530273,"Unknown"
"7014857",371856,2025-07-23 06:04:06,43.4448585510254,-9.0086498260498,"Unknown"
"7014857",371856,2025-07-23 06:09:08,43.442138671875,-9.04359245300293,"Unknown"
"7014857",371856,2025-07-23 06:14:07,43.4387855529785,-9.0759334564209,"Unknown"
"7014857",371856,2025-07-23 06:19:10,43.4376945495605,-9.08214473724365,"Unknown"
"7014857",371856,2025-07-23 06:24:10,43.4361953735352,-9.08759593963623,"Unknown"
"7014857",371856,2025-07-23 06:29:10,43.4348297119141,-9.09373474121094,"Unknown"
"7014857",371856,2025-07-23 06:34:17,43.4335021972656,-9.09978485107422,"Unknown"
"7014857",371856,2025-07-23 06:39:18,43.4325637817383,-9.10336112976074,"Unknown"
"7014857",371856,2025-07-23 06:44:34,43.4344139099121,-9.09868049621582,"Unknown"
"7014857",371856,2025-07-23 06:49:06,43.4339408874512,-9.09703159332275,"Unknown"
"7014857",371856,2025-07-23 06:54:06,43.4343223571777,-9.09531784057617,"Unknown"
"7014857",371856,2025-07-23 06:59:10,43.433895111084,-9.09412002563477,"Unknown"
"7014857",371856,2025-07-23 07:04:08,43.4339218139648,-9.09139728546143,"Unknown"
"7014857",371856,2025-07-23 07:09:07,43.4455833435059,-9.08048915863037,"Unknown"
"7014857",371856,2025-07-23 07:14:08,43.4534111022949,-9.08015537261963,"Unknown"
"7014857",371856,2025-07-23 07:19:07,43.4501991271973,-9.08580207824707,"Unknown"
"7014857",371856,2025-07-23 07:24:11,43.4465255737305,-9.09434127807617,"Unknown"
"7014857",371856,2025-07-23 07:29:10,43.4429931640625,-9.10285186767578,"Unknown"
"7014857",371856,2025-07-23 07:34:12,43.4409561157227,-9.10819530487061,"Unknown"
"7014857",371856,2025-07-23 07:39:18,43.4388732910156,-9.11359405517578,"Unknown"
"7014857",371856,2025-07-23 07:44:15,43.4338150024414,-9.09887218475342,"Unknown"
"7014857",371856,2025-07-23 07:49:18,43.4209632873535,-9.052414894104,"Unknown"
"7014857",371856,2025-07-23 07:54:35,43.4133987426758,-9.02873516082764,"Unknown"
"7014857",371856,2025-07-23 07:59:07,43.4134483337402,-9.0291109085083,"Unknown"
"7014857",371856,2025-07-23 08:04:08,43.4023704528809,-8.99520587921143,"Unknown"
"7014857",371856,2025-07-23 08:09:09,43.3888320922852,-8.95112037658691,"Unknown"
"7014857",371856,2025-07-23 08:14:10,43.378662109375,-8.90784740447998,"Unknown"
"7014857",371856,2025-07-23 08:19:08,43.3645133972168,-8.86523342132568,"Unknown"
"7014857",371856,2025-07-23 08:24:09,43.359447479248,-8.8449878692627,"Unknown"
"7014857",371856,2025-07-23 08:29:09,43.3593826293945,-8.84507846832275,"Unknown"
"7014857",371856,2025-07-23 08:34:11,43.3593559265137,-8.844970703125,"Unknown"
"7014857",371856,2025-07-23 08:39:06,43.3593673706055,-8.84507465362549,"Unknown"
"7014857",371856,2025-07-23 08:44:15,43.3593292236328,-8.84506130218506,"Unknown"
"7014857",371856,2025-07-23 08:49:06,43.3593254089355,-8.84493160247803,"Unknown"
"7014857",371856,2025-07-23 08:54:35,43.3593788146973,-8.84516429901123,"Unknown"
"7014857",371856,2025-07-23 08:59:07,43.3593635559082,-8.84522438049316,"Unknown"
"7014857",371856,2025-07-23 09:04:10,43.3594131469727,-8.84521770477295,"Unknown"
"7014857",371856,2025-07-23 09:09:10,43.3592872619629,-8.84530544281006,"Unknown"
"7014857",371856,2025-07-23 09:14:11,43.3589401245117,-8.84506797790527,"Unknown"
"7014857",371856,2025-07-23 09:19:18,43.3593521118164,-8.84543514251709,"Unknown"
"7014857",371856,2025-07-23 09:24:13,43.3593559265137,-8.845458984375,"Unknown"
"7014857",371856,2025-07-23 09:29:11,43.3594169616699,-8.8455114364624,"Unknown"
"7014857",371856,2025-07-23 09:34:13,43.3593444824219,-8.84536647796631,"Unknown"
"7014857",371856,2025-07-23 09:39:10,43.3592948913574,-8.84531402587891,"Unknown"
"7014857",371856,2025-07-23 09:44:12,43.3592720031738,-8.84528255462646,"Unknown"
"7014857",371856,2025-07-23 09:49:11,43.3593406677246,-8.84528541564941,"Unknown"
"7014857",371856,2025-07-23 09:54:07,43.3592987060547,-8.84529590606689,"Unknown"
"7014857",371856,2025-07-23 09:59:07,43.3593368530273,-8.84526252746582,"Unknown"
"7014857",371856,2025-07-23 10:04:06,43.359447479248,-8.84525012969971,"Unknown"
"7014857",371856,2025-07-23 10:09:09,43.3593673706055,-8.845290184021,"Unknown"
"7014857",371856,2025-07-23 10:14:07,43.3591651916504,-8.83599185943604,"Unknown"
"7014857",371856,2025-07-23 10:19:15,43.3242492675781,-8.80277538299561,"Unknown"
"7014857",371856,2025-07-23 10:24:15,43.3006172180176,-8.7791919708252,"Unknown"
"7014857",371856,2025-07-23 10:29:06,43.2916793823242,-8.74131774902344,"Unknown"
"7014857",371856,2025-07-23 10:34:07,43.2813568115234,-8.69861125946045,"Unknown"
"7014857",371856,2025-07-23 10:39:06,43.2760734558105,-8.67780017852783,"Unknown"
"7014857",371856,2025-07-23 10:44:08,43.2547073364258,-8.6480770111084,"Unknown"
"7014857",371856,2025-07-23 10:49:15,43.2366180419922,-8.62416553497314,"Unknown"
"7014857",371856,2025-07-23 10:54:33,43.2193450927734,-8.61264705657959,"Unknown"
"7014857",371856,2025-07-23 10:59:06,43.1964569091797,-8.57588481903076,"Unknown"
"7014857",371856,2025-07-23 11:04:07,43.1865577697754,-8.56322383880615,"Unknown"
"7014857",371856,2025-07-23 11:09:06,43.1704139709473,-8.5404634475708,"Unknown"
"7014857",371856,2025-07-23 11:14:06,43.1562347412109,-8.5179500579834,"Unknown"
"7014857",371856,2025-07-23 11:19:07,43.1304893493652,-8.47179698944092,"Unknown"
"7014857",371856,2025-07-23 11:24:07,43.1302909851074,-8.47198104858398,"Unknown"
"7014857",371856,2025-07-23 11:29:08,43.1307029724121,-8.47215366363525,"Unknown"
"7014857",371856,2025-07-23 11:34:07,43.1305084228516,-8.47184562683105,"Unknown"
"7014857",371856,2025-07-23 11:39:07,43.1302795410156,-8.47203063964844,"Unknown"
"7014857",371856,2025-07-23 11:44:08,43.1303977966309,-8.47195148468018,"Unknown"
"7014857",371856,2025-07-23 11:49:07,43.1303558349609,-8.4719295501709,"Unknown"
"7014857",371856,2025-07-23 11:54:08,43.1304321289062,-8.47201156616211,"Unknown"
"7014857",371856,2025-07-23 11:59:08,43.1304359436035,-8.47195625305176,"Unknown"
"7014857",371856,2025-07-23 12:04:07,43.1303520202637,-8.47198677062988,"Unknown"
"7014857",371856,2025-07-23 12:09:06,43.1304054260254,-8.47201061248779,"Unknown"
"7014857",371856,2025-07-23 12:14:07,43.1302261352539,-8.47350406646729,"Unknown"
"7014857",371856,2025-07-23 12:19:08,43.1303329467773,-8.47366523742676,"Unknown"
"7014857",371856,2025-07-23 12:24:07,43.1302299499512,-8.47358703613281,"Unknown"
"7014857",371856,2025-07-23 12:29:10,43.1300621032715,-8.47273349761963,"Unknown"
"7014857",371856,2025-07-23 12:34:07,43.1303825378418,-8.47194671630859,"Unknown"
"7014857",371856,2025-07-23 12:39:06,43.1304054260254,-8.47182369232178,"Unknown"
"7014857",371856,2025-07-23 12:44:07,43.1304168701172,-8.4718074798584,"Unknown"
"7014857",371856,2025-07-23 12:49:06,43.1303863525391,-8.47183609008789,"Unknown"
"7014857",371856,2025-07-23 12:54:07,43.1304054260254,-8.4718656539917,"Unknown"
"7014857",371856,2025-07-23 12:59:13,43.1302108764648,-8.47187232971191,"Unknown"
"7014857",371856,2025-07-23 13:04:08,43.1301422119141,-8.47198009490967,"Unknown"
"7014857",371856,2025-07-23 13:09:08,43.1301574707031,-8.47178268432617,"Unknown"
"7014857",371856,2025-07-23 13:14:24,43.1301231384277,-8.47214126586914,"Unknown"
"7014857",371856,2025-07-23 13:19:09,43.1300811767578,-8.47208595275879,"Unknown"
"7014857",371856,2025-07-23 13:24:08,43.130298614502,-8.47207832336426,"Unknown"
"7014857",371856,2025-07-23 13:29:08,43.1301116943359,-8.47204399108887,"Unknown"
"7014857",371856,2025-07-23 13:34:35,43.1301078796387,-8.47194671630859,"Unknown"
"7014857",371856,2025-07-23 13:39:10,43.130184173584,-8.47216701507568,"Unknown"
"7014857",371856,2025-07-23 13:44:07,43.1302452087402,-8.47216320037842,"Unknown"
"7014857",371856,2025-07-23 13:49:08,43.1300163269043,-8.47189998626709,"Unknown"
"7014857",371856,2025-07-23 13:54:11,43.1304092407227,-8.47237300872803,"Unknown"
"7014857",371856,2025-07-23 13:59:08,43.1303825378418,-8.47201156616211,"Unknown"
"7014857",371856,2025-07-23 14:04:12,43.1307792663574,-8.4726448059082,"Unknown"
"7014857",371856,2025-07-23 14:09:11,43.1302909851074,-8.47197437286377,"Unknown"
"7014857",371856,2025-07-23 14:14:09,43.13037109375,-8.47198581695557,"Unknown"
"7014857",371856,2025-07-23 14:19:13,43.1303405761719,-8.47198581695557,"Unknown"
"7014857",371856,2025-07-23 14:24:08,43.1302604675293,-8.4719123840332,"Unknown"
"7014857",371856,2025-07-23 14:29:15,43.1304016113281,-8.4720516204834,"Unknown"
"7014857",371856,2025-07-23 14:34:11,43.130126953125,-8.47188949584961,"Unknown"
"7014857",371856,2025-07-23 14:39:10,43.1300315856934,-8.47181987762451,"Unknown"
"7014857",371856,2025-07-23 14:44:12,43.130069732666,-8.47195625305176,"Unknown"
"7014857",371856,2025-07-23 14:49:16,43.1050910949707,-8.49837112426758,"Unknown"
"7014857",371856,2025-07-23 14:54:18,43.0988883972168,-8.49742698669434,"Unknown"
"7014857",371856,2025-07-23 14:59:17,43.0987930297852,-8.49743175506592,"Unknown"
"7014857",371856,2025-07-23 15:04:13,43.099552154541,-8.5118236541748,"Unknown"
"7014857",371856,2025-07-23 15:09:16,43.1068458557129,-8.52009201049805,"Unknown"
"7014857",371856,2025-07-23 15:14:17,43.1156692504883,-8.53580760955811,"Unknown"
"7014857",371856,2025-07-23 15:19:12,43.11865234375,-8.5625638961792,"Unknown"
"7014857",371856,2025-07-23 15:24:35,43.1391181945801,-8.56031703948975,"Unknown"
"7014857",371856,2025-07-23 15:29:06,43.1508712768555,-8.57981204986572,"Unknown"
"7014857",371856,2025-07-23 15:34:06,43.1687469482422,-8.59000492095947,"Unknown"
"7014857",371856,2025-07-23 15:39:06,43.1898727416992,-8.61958122253418,"Unknown"
"7014857",371856,2025-07-23 15:44:06,43.2037315368652,-8.64513397216797,"Unknown"
"7014857",371856,2025-07-23 15:49:06,43.2109870910645,-8.66899013519287,"Unknown"
"7014857",371856,2025-07-23 15:54:07,43.223461151123,-8.679518699646,"Unknown"
"7014857",371856,2025-07-23 15:59:06,43.2437210083008,-8.69230651855469,"Unknown"
"7014857",371856,2025-07-23 16:04:06,43.2631454467773,-8.7034797668457,"Unknown"
"7014857",371856,2025-07-23 16:09:07,43.2855911254883,-8.72320652008057,"Unknown"
"7014857",371856,2025-07-23 16:14:07,43.2961273193359,-8.75365829467773,"Unknown"
"7014857",371856,2025-07-23 16:19:07,43.3084831237793,-8.79254627227783,"Unknown"
"7014857",371856,2025-07-23 16:24:07,43.3283958435059,-8.82402801513672,"Unknown"
"7014857",371856,2025-07-23 16:29:08,43.3498802185059,-8.8443660736084,"Unknown"
"7014857",371856,2025-07-23 16:34:09,43.3596343994141,-8.84576892852783,"Unknown"
"7014857",371856,2025-07-23 16:39:06,43.3596687316895,-8.84591388702393,"Unknown"
"7014857",371856,2025-07-23 16:44:12,43.3595657348633,-8.84570980072021,"Unknown"
"7014857",371856,2025-07-23 16:49:09,43.3594856262207,-8.84561729431152,"Unknown"
"7014857",371856,2025-07-23 16:54:35,43.3593826293945,-8.84547424316406,"Unknown"
"7014857",371856,2025-07-23 16:59:07,43.3593521118164,-8.8453540802002,"Unknown"
"7014857",371856,2025-07-23 17:04:07,43.359203338623,-8.84508800506592,"Unknown"
"7014857",371856,2025-07-23 17:09:09,43.3592643737793,-8.84515285491943,"Unknown"
"7014857",371856,2025-07-23 17:14:09,43.3591499328613,-8.8449764251709,"Unknown"
"7014857",371856,2025-07-23 17:19:08,43.3591918945312,-8.84499359130859,"Unknown"
"7014857",371856,2025-07-23 17:24:08,43.3593482971191,-8.84539985656738,"Unknown"
"7014857",371856,2025-07-23 17:29:06,43.3593597412109,-8.84520435333252,"Unknown"
"7014857",371856,2025-07-23 17:34:07,43.3593521118164,-8.8452205657959,"Unknown"
"7014857",371856,2025-07-23 17:39:08,43.3593215942383,-8.84526920318604,"Unknown"
"7014857",371856,2025-07-23 17:44:09,43.3593139648438,-8.84536743164062,"Unknown"
"7014857",371856,2025-07-23 17:49:08,43.3594665527344,-8.84529781341553,"Unknown"
"7014857",371856,2025-07-23 17:54:19,43.3593788146973,-8.84526920318604,"Unknown"
"7014857",371856,2025-07-23 17:59:13,43.3594017028809,-8.84527015686035,"Unknown"
"7014857",371856,2025-07-23 18:04:34,43.3593063354492,-8.84515857696533,"Unknown"
"7014857",371856,2025-07-23 18:09:06,43.3593215942383,-8.84523487091064,"Unknown"
"7014857",371856,2025-07-23 18:14:07,43.3592758178711,-8.8452615737915,"Unknown"
"7014857",371856,2025-07-23 18:19:06,43.3593711853027,-8.84519290924072,"Unknown"
"7014857",371856,2025-07-23 18:24:06,43.3593788146973,-8.84518241882324,"Unknown"
"7014857",371856,2025-07-23 18:29:07,43.3592720031738,-8.84520721435547,"Unknown"
"7014857",371856,2025-07-23 18:34:07,43.3592834472656,-8.84524345397949,"Unknown"
"7014857",371856,2025-07-23 18:39:07,43.359302520752,-8.84525108337402,"Unknown"
"7014857",371856,2025-07-23 18:44:07,43.3592643737793,-8.84522724151611,"Unknown"
"7014857",371856,2025-07-23 18:49:08,43.3592910766602,-8.84521102905273,"Unknown"
"7014857",371856,2025-07-23 18:54:07,43.3593406677246,-8.84517478942871,"Unknown"
"7014857",371856,2025-07-23 18:59:07,43.3593215942383,-8.84527683258057,"Unknown"
"7014857",371856,2025-07-23 19:04:07,43.359317779541,-8.84537029266357,"Unknown"
"7014857",371856,2025-07-23 19:09:07,43.3594703674316,-8.84541034698486,"Unknown"
"7014857",371856,2025-07-23 19:14:07,43.3593521118164,-8.84530353546143,"Unknown"
"7014857",371856,2025-07-23 19:19:09,43.3595123291016,-8.84542655944824,"Unknown"
"7014857",371856,2025-07-23 19:24:16,43.3594665527344,-8.84531879425049,"Unknown"
"7014857",371856,2025-07-23 19:29:09,43.3592720031738,-8.84526634216309,"Unknown"
"7014857",371856,2025-07-23 19:34:10,43.3594360351562,-8.84529209136963,"Unknown"
"7014857",371856,2025-07-23 19:39:11,43.3593292236328,-8.84532451629639,"Unknown"
"7014857",371856,2025-07-23 19:44:16,43.3593330383301,-8.84531402587891,"Unknown"
"7014857",371856,2025-07-23 19:49:09,43.3592147827148,-8.84510231018066,"Unknown"
"7014857",371856,2025-07-23 19:54:35,43.3593406677246,-8.84537410736084,"Unknown"
"7014857",371856,2025-07-23 19:59:07,43.3593902587891,-8.84532451629639,"Unknown"
"7014857",371856,2025-07-23 20:04:16,43.3593063354492,-8.84531688690186,"Unknown"
"7014857",371856,2025-07-23 20:09:08,43.3593330383301,-8.84542179107666,"Unknown"
"7014857",371856,2025-07-23 20:14:08,43.3593368530273,-8.84529876708984,"Unknown"
"7014857",371856,2025-07-23 20:19:15,43.3592910766602,-8.84534931182861,"Unknown"
"7014857",371856,2025-07-23 20:24:16,43.3592910766602,-8.84537220001221,"Unknown"
"7014857",371856,2025-07-23 20:29:08,43.3593521118164,-8.84539985656738,"Unknown"
"7014857",371856,2025-07-23 20:34:35,43.3592758178711,-8.84528255462646,"Unknown"
"7014857",371856,2025-07-23 20:39:07,43.3593101501465,-8.8452672958374,"Unknown"
"7014857",371856,2025-07-23 20:44:08,43.3643112182617,-8.85094547271729,"Unknown"
"7014857",371856,2025-07-23 20:49:07,43.3868865966797,-8.85548305511475,"Unknown"
"7014857",371856,2025-07-23 20:51:28,43.3970222473145,-8.85636615753174,"Unknown"
"7014857",371856,2025-07-24 01:52:40,43.5214004516602,-8.46920585632324,"Unknown"
"7014857",371856,2025-07-24 03:11:05,43.5264549255371,-8.47729301452637,"Unknown"
"7014857",371856,2025-07-24 03:15:43,43.5264625549316,-8.47604274749756,"Unknown"
"7014857",371856,2025-07-24 03:20:42,43.5262069702148,-8.47525596618652,"Unknown"
"7014857",371856,2025-07-24 03:25:42,43.5261535644531,-8.47436428070068,"Unknown"
"7014857",371856,2025-07-24 03:30:42,43.5264549255371,-8.4736213684082,"Unknown"
"7014857",371856,2025-07-24 03:35:45,43.5262641906738,-8.47286605834961,"Unknown"
"7014857",371856,2025-07-24 03:40:42,43.5259552001953,-8.47220325469971,"Unknown"
"7014857",371856,2025-07-24 03:45:42,43.5261154174805,-8.47168159484863,"Unknown"
"7014857",371856,2025-07-24 03:50:42,43.526237487793,-8.47157669067383,"Unknown"
"7014857",371856,2025-07-24 03:55:41,43.5263595581055,-8.47154808044434,"Unknown"
"7014857",371856,2025-07-24 04:00:42,43.5264587402344,-8.47139549255371,"Unknown"
"7014857",371856,2025-07-24 04:05:42,43.5268058776855,-8.47113513946533,"Unknown"
"7014857",371856,2025-07-24 04:10:41,43.5270538330078,-8.47111892700195,"Unknown"
"7014857",371856,2025-07-24 04:15:41,43.5272598266602,-8.47121524810791,"Unknown"
"7014857",371856,2025-07-24 04:20:41,43.5273590087891,-8.47108173370361,"Unknown"
"7014857",371856,2025-07-24 04:25:41,43.5273132324219,-8.47105503082275,"Unknown"
"7014857",371856,2025-07-24 04:30:42,43.5272750854492,-8.47058963775635,"Unknown"
"7014857",371856,2025-07-24 04:35:41,43.5307846069336,-8.47874450683594,"Unknown"
"7014857",371856,2025-07-24 04:40:41,43.5417556762695,-8.50456714630127,"Unknown"
"7014857",371856,2025-07-24 04:45:41,43.5534324645996,-8.50993824005127,"Unknown"
"7014857",371856,2025-07-24 04:50:41,43.5592041015625,-8.55045795440674,"Unknown"
"7014857",371856,2025-07-24 04:55:41,43.5652809143066,-8.58524513244629,"Unknown"
"7014857",371856,2025-07-24 05:00:41,43.5715408325195,-8.62273788452148,"Unknown"
"7014857",371856,2025-07-24 05:05:42,43.5750579833984,-8.63514709472656,"Unknown"
"7014857",371856,2025-07-24 05:10:42,43.5743865966797,-8.63621807098389,"Unknown"
"7014857",371856,2025-07-24 05:15:41,43.5717086791992,-8.65139389038086,"Unknown"
"7014857",371856,2025-07-24 05:20:41,43.550048828125,-8.67388439178467,"Unknown"
"7014857",371856,2025-07-24 05:25:41,43.5339241027832,-8.68136310577393,"Unknown"
"7014857",371856,2025-07-24 05:30:41,43.4948806762695,-8.6831750869751,"Unknown"
"7014857",371856,2025-07-24 05:35:41,43.4590339660645,-8.70407676696777,"Unknown"
"7014857",371856,2025-07-24 05:40:41,43.4358863830566,-8.73117637634277,"Unknown"
"7014857",371856,2025-07-24 05:45:41,43.4023780822754,-8.78532123565674,"Unknown"
"7014857",371856,2025-07-24 05:50:42,43.3631744384766,-8.83719730377197,"Unknown"
"7014857",371856,2025-07-24 05:55:41,43.3594856262207,-8.84550762176514,"Unknown"
"7014857",371856,2025-07-24 06:00:41,43.3593826293945,-8.84540939331055,"Unknown"
"7014857",371856,2025-07-24 06:05:42,43.3591690063477,-8.84534454345703,"Unknown"
"7014857",371856,2025-07-24 06:10:42,43.3592147827148,-8.84511852264404,"Unknown"
"7014857",371856,2025-07-24 06:15:41,43.3590621948242,-8.84547805786133,"Unknown"
"7014857",371856,2025-07-24 06:20:42,43.3591957092285,-8.84510040283203,"Unknown"
"7014857",371856,2025-07-24 06:25:41,43.3680038452148,-8.84850025177002,"Unknown"
"7014857",371856,2025-07-24 06:30:41,43.3814735412598,-8.8896369934082,"Unknown"
"7014857",371856,2025-07-24 06:35:41,43.3974113464355,-8.92160224914551,"Unknown"
"7014857",371856,2025-07-24 06:40:41,43.4121170043945,-8.95608806610107,"Unknown"
"7014857",371856,2025-07-24 06:45:41,43.426815032959,-8.9881534576416,"Unknown"
"7014857",371856,2025-07-24 06:50:41,43.4434013366699,-9.01770114898682,"Unknown"
"7014857",371856,2025-07-24 06:55:41,43.4530868530273,-9.0367488861084,"Unknown"
"7014857",371856,2025-07-24 07:00:42,43.4527587890625,-9.0384521484375,"Unknown"
"7014857",371856,2025-07-24 07:05:41,43.4539527893066,-9.04744243621826,"Unknown"
"7014857",371856,2025-07-24 07:10:41,43.4621543884277,-9.0578784942627,"Unknown"
"7014857",371856,2025-07-24 07:15:42,43.4619483947754,-9.06990242004395,"Unknown"
"7014857",371856,2025-07-24 07:20:42,43.4587478637695,-9.07580280303955,"Unknown"
"7014857",371856,2025-07-24 07:25:42,43.4556083679199,-9.08364677429199,"Unknown"
"7014857",371856,2025-07-24 07:30:42,43.4506225585938,-9.09283542633057,"Unknown"
"7014857",371856,2025-07-24 07:35:42,43.4478607177734,-9.09794139862061,"Unknown"
"7014857",371856,2025-07-24 07:40:42,43.4455986022949,-9.10305690765381,"Unknown"
"7014857",371856,2025-07-24 07:45:41,43.4427375793457,-9.10878849029541,"Unknown"
"7014857",371856,2025-07-24 07:50:41,43.4400482177734,-9.11379814147949,"Unknown"
"7014857",371856,2025-07-24 07:55:42,43.4374961853027,-9.11879253387451,"Unknown"
"7014857",371856,2025-07-24 08:00:42,43.4349098205566,-9.12421131134033,"Unknown"
"7014857",371856,2025-07-24 08:05:41,43.432933807373,-9.12889766693115,"Unknown"
"7014857",371856,2025-07-24 08:10:42,43.4302787780762,-9.13501167297363,"Unknown"
"7014857",371856,2025-07-24 08:15:42,43.4287948608398,-9.14017868041992,"Unknown"
"7014857",371856,2025-07-24 08:20:42,43.4260559082031,-9.14525127410889,"Unknown"
"7014857",371856,2025-07-24 08:25:41,43.4235763549805,-9.15077209472656,"Unknown"
"7014857",371856,2025-07-24 08:30:41,43.4213409423828,-9.15611362457275,"Unknown"
"7014857",371856,2025-07-24 08:35:41,43.4189910888672,-9.16066741943359,"Unknown"
"7014857",371856,2025-07-24 08:40:43,43.4157829284668,-9.16641521453857,"Unknown"
"7014857",371856,2025-07-24 08:45:42,43.4131965637207,-9.1704273223877,"Unknown"
"7014857",371856,2025-07-24 08:50:44,43.410083770752,-9.17675590515137,"Unknown"
"7014857",371856,2025-07-24 08:55:42,43.407600402832,-9.18111038208008,"Unknown"
"7014857",371856,2025-07-24 09:00:41,43.4047889709473,-9.18588066101074,"Unknown"
"7014857",371856,2025-07-24 09:05:41,43.4019813537598,-9.19103145599365,"Unknown"
"7014857",371856,2025-07-24 09:10:42,43.3989486694336,-9.19611072540283,"Unknown"
"7014857",371856,2025-07-24 09:15:41,43.396297454834,-9.20123100280762,"Unknown"
"7014857",371856,2025-07-24 09:20:42,43.3936729431152,-9.20644378662109,"Unknown"
"7014857",371856,2025-07-24 09:25:41,43.3911285400391,-9.21170806884766,"Unknown"
"7014857",371856,2025-07-24 09:30:41,43.3886337280273,-9.2170877456665,"Unknown"
"7014857",371856,2025-07-24 09:35:41,43.3861541748047,-9.22263622283936,"Unknown"
"7014857",371856,2025-07-24 09:40:42,43.3837661743164,-9.22865962982178,"Unknown"
"7014857",371856,2025-07-24 09:45:41,43.3817520141602,-9.23441410064697,"Unknown"
"7014857",371856,2025-07-24 09:50:41,43.3797492980957,-9.23995780944824,"Unknown"
"7014857",371856,2025-07-24 09:55:41,43.3775749206543,-9.24568748474121,"Unknown"
"7014857",371856,2025-07-24 10:00:41,43.3752136230469,-9.25125694274902,"Unknown"
"7014857",371856,2025-07-24 10:05:41,43.3729934692383,-9.25671577453613,"Unknown"
"7014857",371856,2025-07-24 10:10:41,43.3708953857422,-9.26207160949707,"Unknown"
"7014857",371856,2025-07-24 10:15:41,43.3690490722656,-9.2687816619873,"Unknown"
"7014857",371856,2025-07-24 10:20:41,43.3688926696777,-9.27180194854736,"Unknown"
"7014857",371856,2025-07-24 10:25:41,43.366138458252,-9.27751350402832,"Unknown"
"7014857",371856,2025-07-24 10:30:42,43.3659591674805,-9.28026103973389,"Unknown"
"7014857",371856,2025-07-24 10:35:42,43.3659248352051,-9.28345394134521,"Unknown"
"7014857",371856,2025-07-24 10:40:42,43.3555870056152,-9.29272651672363,"Unknown"
"7014857",371856,2025-07-24 10:45:43,43.3529891967773,-9.29778957366943,"Unknown"
"7014857",371856,2025-07-24 10:50:42,43.3501739501953,-9.3027811050415,"Unknown"
"7014857",371856,2025-07-24 10:55:42,43.3473014831543,-9.30776691436768,"Unknown"
"7014857",371856,2025-07-24 11:00:42,43.3445930480957,-9.31267261505127,"Unknown"
"7014857",371856,2025-07-24 11:05:43,43.3467712402344,-9.34551334381104,"Unknown"
"7014857",371856,2025-07-24 11:10:42,43.3484077453613,-9.39591979980469,"Unknown"
"7014857",371856,2025-07-24 11:15:42,43.353401184082,-9.4256591796875,"Unknown"
"7014857",371856,2025-07-24 11:20:44,43.3556938171387,-9.42401599884033,"Unknown"
"7014857",371856,2025-07-24 11:25:42,43.3517417907715,-9.42294216156006,"Unknown"
"7014857",371856,2025-07-24 11:30:43,43.3502883911133,-9.42340755462646,"Unknown"
"7014857",371856,2025-07-24 11:35:42,43.3493576049805,-9.42352199554443,"Unknown"
"7014857",371856,2025-07-24 11:40:44,43.34619140625,-9.42545604705811,"Unknown"
"7014857",371856,2025-07-24 11:45:43,43.3353385925293,-9.41006851196289,"Unknown"
"7014857",371856,2025-07-24 11:50:43,43.3192901611328,-9.3822774887085,"Unknown"
"7014857",371856,2025-07-24 11:55:42,43.3006248474121,-9.35251426696777,"Unknown"
"7014857",371856,2025-07-24 12:00:42,43.2859230041504,-9.32370281219482,"Unknown"
"7014857",371856,2025-07-24 12:05:43,43.2716789245605,-9.29467487335205,"Unknown"
"7014857",371856,2025-07-24 12:10:42,43.2613983154297,-9.26577949523926,"Unknown"
"7014857",371856,2025-07-24 12:15:43,43.2562484741211,-9.25074195861816,"Unknown"
"7014857",371856,2025-07-24 12:25:46,43.2304077148438,-9.21386814117432,"Unknown"
"7014857",371856,2025-07-24 12:36:54,43.1818923950195,-9.1649751663208,"Unknown"
"7014857",371856,2025-07-24 12:41:10,43.1880950927734,-9.14115047454834,"Unknown"
"7014857",371856,2025-07-24 12:46:10,43.1846084594727,-9.10950469970703,"Unknown"
"7014857",371856,2025-07-24 12:51:04,43.1805610656738,-9.07783508300781,"Unknown"
"7014857",371856,2025-07-24 12:56:04,43.1849327087402,-9.05495643615723,"Unknown"
"7014857",371856,2025-07-24 13:01:05,43.1966514587402,-9.03422164916992,"Unknown"
"7014857",371856,2025-07-24 13:06:07,43.2116584777832,-9.02547359466553,"Unknown"
"7014857",371856,2025-07-24 13:11:06,43.2197036743164,-9.00585079193115,"Unknown"
"7014857",371856,2025-07-24 13:16:44,43.2281646728516,-8.98152256011963,"Unknown"
"7014857",371856,2025-07-24 13:21:04,43.2275733947754,-8.95686149597168,"Unknown"
"7014857",371856,2025-07-24 13:26:04,43.243293762207,-8.94804668426514,"Unknown"
"7014857",371856,2025-07-24 13:31:04,43.2645683288574,-8.95127010345459,"Unknown"
"7014857",371856,2025-07-24 13:36:03,43.2740249633789,-8.92599391937256,"Unknown"
"7014857",371856,2025-07-24 13:41:03,43.2928771972656,-8.90774631500244,"Unknown"
"7014857",371856,2025-07-24 13:46:06,43.3192291259766,-8.91056537628174,"Unknown"
"7014857",371856,2025-07-24 13:51:05,43.3208465576172,-8.87539482116699,"Unknown"
"7014857",371856,2025-07-24 13:56:06,43.3218536376953,-8.84873390197754,"Unknown"
"7014857",371856,2025-07-24 14:01:07,43.3412208557129,-8.83872222900391,"Unknown"
"7014857",371856,2025-07-24 14:06:05,43.3593978881836,-8.84527397155762,"Unknown"
"7014857",371856,2025-07-24 14:11:08,43.3595657348633,-8.84545803070068,"Unknown"
"7014857",371856,2025-07-24 14:16:07,43.3596458435059,-8.84585094451904,"Unknown"
"7014857",371856,2025-07-24 14:21:13,43.3592872619629,-8.84516906738281,"Unknown"
"7014857",371856,2025-07-24 14:26:08,43.3593406677246,-8.84521389007568,"Unknown"
"7014857",371856,2025-07-24 14:31:11,43.3594131469727,-8.84539127349854,"Unknown"
"7014857",371856,2025-07-24 14:36:09,43.3592872619629,-8.84523487091064,"Unknown"
"7014857",371856,2025-07-24 14:41:09,43.3594398498535,-8.84534072875977,"Unknown"
"7014857",371856,2025-07-24 14:46:09,43.3593978881836,-8.84539699554443,"Unknown"
"7014857",371856,2025-07-24 14:51:13,43.3594398498535,-8.84544944763184,"Unknown"
"7014857",371856,2025-07-24 14:56:09,43.3594245910645,-8.84537029266357,"Unknown"
"7014857",371856,2025-07-24 15:01:08,43.3593406677246,-8.84531879425049,"Unknown"
"7014857",371856,2025-07-24 15:06:06,43.3604354858398,-8.84674835205078,"Unknown"
"7014857",371856,2025-07-24 15:11:06,43.3402557373047,-8.83030128479004,"Unknown"
"7014857",371856,2025-07-24 15:16:15,43.3100852966309,-8.79342842102051,"Unknown"
"7014857",371856,2025-07-24 15:21:07,43.2969589233398,-8.75713920593262,"Unknown"
"7014857",371856,2025-07-24 15:26:14,43.2888717651367,-8.71755504608154,"Unknown"
"7014857",371856,2025-07-24 15:31:13,43.2790222167969,-8.68188381195068,"Unknown"
"7014857",371856,2025-07-24 15:36:13,43.2553558349609,-8.64402389526367,"Unknown"
"7014857",371856,2025-07-24 15:41:35,43.2288131713867,-8.61383533477783,"Unknown"
"7014857",371856,2025-07-24 15:46:05,43.2148857116699,-8.59424495697021,"Unknown"
"7014857",371856,2025-07-24 15:51:08,43.1980285644531,-8.57233333587646,"Unknown"
"7014857",371856,2025-07-24 15:56:04,43.1877212524414,-8.55673503875732,"Unknown"
"7014857",371856,2025-07-24 16:01:05,43.1626472473145,-8.52231979370117,"Unknown"
"7014857",371856,2025-07-24 16:06:04,43.1432037353516,-8.49279594421387,"Unknown"
"7014857",371856,2025-07-24 16:11:06,43.1302223205566,-8.47203063964844,"Unknown"
"7014857",371856,2025-07-24 16:16:05,43.1300659179688,-8.47191905975342,"Unknown"
"7014857",371856,2025-07-24 16:21:06,43.1298904418945,-8.47201347351074,"Unknown"
"7014857",371856,2025-07-24 16:26:04,43.1301231384277,-8.4721097946167,"Unknown"
"7014857",371856,2025-07-24 16:31:07,43.1300315856934,-8.471999168396,"Unknown"
"7014857",371856,2025-07-24 16:36:11,43.1299819946289,-8.47190761566162,"Unknown"
"7014857",371856,2025-07-24 16:41:11,43.1302947998047,-8.47215843200684,"Unknown"
"7014857",371856,2025-07-24 16:46:12,43.1300315856934,-8.47237300872803,"Unknown"
"7014857",371856,2025-07-24 16:51:13,43.1302185058594,-8.47192668914795,"Unknown"
"7014857",371856,2025-07-24 16:56:09,43.1301765441895,-8.47179698944092,"Unknown"
"7014857",371856,2025-07-24 17:01:09,43.1299858093262,-8.47187805175781,"Unknown"
"7014857",371856,2025-07-24 17:06:12,43.1301956176758,-8.47197723388672,"Unknown"
"7014857",371856,2025-07-24 17:11:10,43.1303405761719,-8.47182750701904,"Unknown"
"7014857",371856,2025-07-24 17:16:11,43.1302833557129,-8.47201728820801,"Unknown"
"7014857",371856,2025-07-24 17:21:07,43.1303405761719,-8.47176074981689,"Unknown"
"7014857",371856,2025-07-24 17:26:16,43.1301345825195,-8.47217178344727,"Unknown"
"7014857",371856,2025-07-24 17:31:35,43.1330909729004,-8.46992588043213,"Unknown"
"7014857",371856,2025-07-24 17:36:06,43.1332054138184,-8.46988010406494,"Unknown"
"7014857",371856,2025-07-24 17:41:09,43.1330375671387,-8.46992778778076,"Unknown"
"7014857",371856,2025-07-24 17:46:08,43.1331024169922,-8.46986770629883,"Unknown"
"7014857",371856,2025-07-24 17:51:20,43.1330184936523,-8.47000217437744,"Unknown"
"7014857",371856,2025-07-24 17:56:06,43.1330833435059,-8.46988105773926,"Unknown"
"7014857",371856,2025-07-24 18:01:07,43.1330261230469,-8.46988201141357,"Unknown"
"7014857",371856,2025-07-24 18:06:08,43.1331176757812,-8.4700403213501,"Unknown"
"7014857",371856,2025-07-24 18:11:08,43.1397972106934,-8.4710636138916,"Unknown"
"7014857",371856,2025-07-24 18:16:08,43.1452369689941,-8.49899864196777,"Unknown"
"7014857",371856,2025-07-24 18:21:09,43.1609535217285,-8.50429916381836,"Unknown"
"7014857",371856,2025-07-24 18:26:05,43.175853729248,-8.5199728012085,"Unknown"
"7014857",371856,2025-07-24 18:31:06,43.1888160705566,-8.54629993438721,"Unknown"
"7014857",371856,2025-07-24 18:36:35,43.1995239257812,-8.57810115814209,"Unknown"
"7014857",371856,2025-07-24 18:41:04,43.2169342041016,-8.60157871246338,"Unknown"
"7014857",371856,2025-07-24 18:46:04,43.2335929870605,-8.64141941070557,"Unknown"
"7014857",371856,2025-07-24 18:51:05,43.2549858093262,-8.65139389038086,"Unknown"
"7014857",371856,2025-07-24 18:56:05,43.2815055847168,-8.67741298675537,"Unknown"
"7014857",371856,2025-07-24 19:01:09,43.2915878295898,-8.69706058502197,"Unknown"
"7014857",371856,2025-07-24 19:06:07,43.2916374206543,-8.6970911026001,"Unknown"
"7014857",371856,2025-07-24 19:11:07,43.2919502258301,-8.69739437103271,"Unknown"
"7014857",371856,2025-07-24 19:16:09,43.2918968200684,-8.69710159301758,"Unknown"
"7014857",371856,2025-07-24 19:21:06,43.2913208007812,-8.70251369476318,"Unknown"
"7014857",371856,2025-07-24 19:26:07,43.296573638916,-8.75378227233887,"Unknown"
"7014857",371856,2025-07-24 19:31:08,43.3158111572266,-8.80420303344727,"Unknown"
"7014857",371856,2025-07-24 19:36:08,43.3392868041992,-8.83221626281738,"Unknown"
"7014857",371856,2025-07-24 19:41:12,43.3595123291016,-8.84532356262207,"Unknown"
"7014857",371856,2025-07-24 19:46:07,43.3594665527344,-8.84539794921875,"Unknown"
"7014857",371856,2025-07-24 19:51:07,43.3593940734863,-8.8453426361084,"Unknown"
"7014857",371856,2025-07-24 19:56:09,43.3592948913574,-8.8452672958374,"Unknown"
"7014857",371856,2025-07-24 20:01:09,43.3593330383301,-8.84513759613037,"Unknown"
"7014857",371856,2025-07-24 20:06:10,43.3593215942383,-8.84509658813477,"Unknown"
"7014857",371856,2025-07-24 20:11:12,43.3592910766602,-8.84518527984619,"Unknown"
"7014857",371856,2025-07-24 20:16:06,43.3592376708984,-8.84526538848877,"Unknown"
"7014857",371856,2025-07-24 20:21:06,43.3592948913574,-8.84536170959473,"Unknown"
"7014857",371856,2025-07-24 20:26:10,43.3593864440918,-8.84529590606689,"Unknown"
"7014857",371856,2025-07-24 20:31:10,43.3594093322754,-8.84507083892822,"Unknown"
"7014857",371856,2025-07-24 20:36:20,43.3592987060547,-8.84511280059814,"Unknown"
"7014857",371856,2025-07-24 20:41:19,43.3594169616699,-8.8449878692627,"Unknown"
"7014857",371856,2025-07-24 20:46:19,43.3592834472656,-8.84503173828125,"Unknown"
"7014857",371856,2025-07-24 20:50:09,43.3593978881836,-8.84505748748779,"Unknown"
"7014857",371856,2025-07-25 01:50:36,43.3593482971191,-8.84515857696533,"Unknown"
"7014857",371856,2025-07-25 03:12:29,43.3592758178711,-8.8449764251709,"Unknown"
"7014857",371856,2025-07-25 03:17:30,43.3592910766602,-8.84518814086914,"Unknown"
"7014857",371856,2025-07-25 03:22:29,43.359245300293,-8.8452844619751,"Unknown"
"7014857",371856,2025-07-25 03:27:44,43.3593215942383,-8.84531784057617,"Unknown"
"7014857",371856,2025-07-25 03:32:30,43.359302520752,-8.84524059295654,"Unknown"
"7014857",371856,2025-07-25 03:37:29,43.3593788146973,-8.84543800354004,"Unknown"
"7014857",371856,2025-07-25 03:42:29,43.3593826293945,-8.84537982940674,"Unknown"
"7014857",371856,2025-07-25 03:47:44,43.3593406677246,-8.84531593322754,"Unknown"
"7014857",371856,2025-07-25 03:52:30,43.3593101501465,-8.84530544281006,"Unknown"
"7014857",371856,2025-07-25 03:57:29,43.3594017028809,-8.84540557861328,"Unknown"
"7014857",371856,2025-07-25 04:02:36,43.3593482971191,-8.84534168243408,"Unknown"
"7014857",371856,2025-07-25 04:07:31,43.3594169616699,-8.84540939331055,"Unknown"
"7014857",371856,2025-07-25 04:12:31,43.3595123291016,-8.8453893661499,"Unknown"
"7014857",371856,2025-07-25 04:17:34,43.3593826293945,-8.84530544281006,"Unknown"
"7014857",371856,2025-07-25 04:22:33,43.3594284057617,-8.84511756896973,"Unknown"
"7014857",371856,2025-07-25 04:27:32,43.3595771789551,-8.84521770477295,"Unknown"
"7014857",371856,2025-07-25 04:33:14,43.3594207763672,-8.84523677825928,"Unknown"
"7014857",371856,2025-07-25 04:37:30,43.3595695495605,-8.84537887573242,"Unknown"
"7014857",371856,2025-07-25 04:42:30,43.3729591369629,-8.86300563812256,"Unknown"
"7014857",371856,2025-07-25 04:47:30,43.3874320983887,-8.90059757232666,"Unknown"
"7014857",371856,2025-07-25 04:52:30,43.3979988098145,-8.93888473510742,"Unknown"
"7014857",371856,2025-07-25 04:57:30,43.4119529724121,-8.97493839263916,"Unknown"
"7014857",371856,2025-07-25 05:02:29,43.4222640991211,-9.01494121551514,"Unknown"
"7014857",371856,2025-07-25 05:07:30,43.4353828430176,-9.0399808883667,"Unknown"
"7014857",371856,2025-07-25 05:12:29,43.4365730285645,-9.02274799346924,"Unknown"
"7014857",371856,2025-07-25 05:17:36,43.4284782409668,-9.00430202484131,"Unknown"
"7014857",371856,2025-07-25 05:22:31,43.4200134277344,-8.98500919342041,"Unknown"
"7014857",371856,2025-07-25 05:27:29,43.4214744567871,-8.96562004089355,"Unknown"
"7014857",371856,2025-07-25 05:32:44,43.4275588989258,-8.94198417663574,"Unknown"
"7014857",371856,2025-07-25 05:37:38,43.4343643188477,-8.92379283905029,"Unknown"
"7014857",371856,2025-07-25 05:42:39,43.4377899169922,-8.89994430541992,"Unknown"
"7014857",371856,2025-07-25 05:47:39,43.4385223388672,-8.89361381530762,"Unknown"
"7014857",371856,2025-07-25 05:53:34,43.4235649108887,-8.88401889801025,"Unknown"
"7014857",371856,2025-07-25 05:57:29,43.4022827148438,-8.86831855773926,"Unknown"
"7014857",371856,2025-07-25 06:02:31,43.3698272705078,-8.84977722167969,"Unknown"
"7014857",371856,2025-07-25 06:07:31,43.3595161437988,-8.84496879577637,"Unknown"
"7014857",371856,2025-07-25 06:12:35,43.3593826293945,-8.84500694274902,"Unknown"
"7014857",371856,2025-07-25 06:17:29,43.3594551086426,-8.84514045715332,"Unknown"
"7014857",371856,2025-07-25 06:22:29,43.3594932556152,-8.84519290924072,"Unknown"
"7014857",371856,2025-07-25 06:27:32,43.3594512939453,-8.8450174331665,"Unknown"
"7014857",371856,2025-07-25 06:32:42,43.3594703674316,-8.84500217437744,"Unknown"
"7014857",371856,2025-07-25 06:37:36,43.3594551086426,-8.84503746032715,"Unknown"
"7014857",371856,2025-07-25 06:42:38,43.3594970703125,-8.84501457214355,"Unknown"
"7014857",371856,2025-07-25 06:47:38,43.3595275878906,-8.84503841400146,"Unknown"
"7014857",371856,2025-07-25 06:52:35,43.3593940734863,-8.84520530700684,"Unknown"
"7014857",371856,2025-07-25 06:57:37,43.3594436645508,-8.84534168243408,"Unknown"
"7014857",371856,2025-07-25 07:02:38,43.3605041503906,-8.84405899047852,"Unknown"
"7014857",371856,2025-07-25 07:07:38,43.3728866577148,-8.82959175109863,"Unknown"
"7014857",371856,2025-07-25 07:12:40,43.3915672302246,-8.82173442840576,"Unknown"
"7014857",371856,2025-07-25 07:17:30,43.4071578979492,-8.81003093719482,"Unknown"
"7014857",371856,2025-07-25 07:22:31,43.4186668395996,-8.78687286376953,"Unknown"
"7014857",371856,2025-07-25 07:27:29,43.4201164245605,-8.77463054656982,"Unknown"
"7014857",371856,2025-07-25 07:32:30,43.4198837280273,-8.76780033111572,"Unknown"
"7014857",371856,2025-07-25 07:37:36,43.4197387695312,-8.76118087768555,"Unknown"
"7014857",371856,2025-07-25 07:42:38,43.4192047119141,-8.75442886352539,"Unknown"
"7014857",371856,2025-07-25 07:47:44,43.4190483093262,-8.74806118011475,"Unknown"
"7014857",371856,2025-07-25 07:52:44,43.4186096191406,-8.74132919311523,"Unknown"
"7014857",371856,2025-07-25 07:57:29,43.4189682006836,-8.73539638519287,"Unknown"
"7014857",371856,2025-07-25 08:02:34,43.4201812744141,-8.72888565063477,"Unknown"
"7014857",371856,2025-07-25 08:07:33,43.421947479248,-8.72280216217041,"Unknown"
"7014857",371856,2025-07-25 08:12:30,43.4240989685059,-8.71702003479004,"Unknown"
"7014857",371856,2025-07-25 08:17:29,43.4263725280762,-8.71089458465576,"Unknown"
"7014857",371856,2025-07-25 08:22:32,43.4297027587891,-8.70607757568359,"Unknown"
"7014857",371856,2025-07-25 08:27:32,43.4328422546387,-8.7017126083374,"Unknown"
"7014857",371856,2025-07-25 08:32:36,43.4352951049805,-8.69676399230957,"Unknown"
"7014857",371856,2025-07-25 08:37:38,43.439826965332,-8.69406223297119,"Unknown"
"7014857",371856,2025-07-25 08:42:38,43.4440231323242,-8.69160461425781,"Unknown"
"7014857",371856,2025-07-25 08:47:43,43.4479331970215,-8.68829154968262,"Unknown"
"7014857",371856,2025-07-25 08:52:38,43.4518089294434,-8.6853609085083,"Unknown"
"7014857",371856,2025-07-25 08:57:38,43.4546051025391,-8.6801290512085,"Unknown"
"7014857",371856,2025-07-25 09:02:42,43.4570121765137,-8.67452335357666,"Unknown"
"7014857",371856,2025-07-25 09:07:43,43.4593353271484,-8.66869640350342,"Unknown"
"7014857",371856,2025-07-25 09:12:38,43.4615440368652,-8.66314601898193,"Unknown"
"7014857",371856,2025-07-25 09:17:36,43.4636611938477,-8.65782737731934,"Unknown"
"7014857",371856,2025-07-25 09:22:55,43.465892791748,-8.6528377532959,"Unknown"
"7014857",371856,2025-07-25 09:27:29,43.4679679870605,-8.64793395996094,"Unknown"
"7014857",371856,2025-07-25 09:32:31,43.4677429199219,-8.64731979370117,"Unknown"
"7014857",371856,2025-07-25 09:37:37,43.4676284790039,-8.64905261993408,"Unknown"
"7014857",371856,2025-07-25 09:42:29,43.4666519165039,-8.65023612976074,"Unknown"
"7014857",371856,2025-07-25 09:47:32,43.465389251709,-8.64840221405029,"Unknown"
"7014857",371856,2025-07-25 09:52:33,43.4646377563477,-8.65264511108398,"Unknown"
"7014857",371856,2025-07-25 09:57:37,43.4641571044922,-8.65444850921631,"Unknown"
"7014857",371856,2025-07-25 10:02:34,43.463737487793,-8.65620994567871,"Unknown"
"7014857",371856,2025-07-25 10:07:32,43.4529342651367,-8.68335437774658,"Unknown"
"7014857",371856,2025-07-25 10:12:30,43.4294548034668,-8.74130058288574,"Unknown"
"7014857",371856,2025-07-25 10:17:32,43.3947830200195,-8.79646492004395,"Unknown"
"7014857",371856,2025-07-25 10:22:43,43.3590850830078,-8.84517002105713,"Unknown"
"7014857",371856,2025-07-25 10:27:32,43.3594627380371,-8.84438800811768,"Unknown"
"7014857",371856,2025-07-25 10:32:30,43.3592185974121,-8.84532070159912,"Unknown"
"7014857",371856,2025-07-25 10:37:33,43.3592681884766,-8.84492588043213,"Unknown"
"7014857",371856,2025-07-25 10:42:39,43.3591041564941,-8.84480762481689,"Unknown"
"7014857",371856,2025-07-25 10:47:38,43.3591918945312,-8.8449592590332,"Unknown"
"7014857",371856,2025-07-25 10:52:33,43.3594207763672,-8.84500885009766,"Unknown"
"7014857",371856,2025-07-25 10:57:32,43.3595657348633,-8.84486770629883,"Unknown"
"7014857",371856,2025-07-25 11:02:30,43.3595695495605,-8.84468650817871,"Unknown"
"7014857",371856,2025-07-25 11:07:44,43.3595275878906,-8.84506702423096,"Unknown"
"7014857",371856,2025-07-25 11:12:31,43.3594360351562,-8.84504795074463,"Unknown"
"7014857",371856,2025-07-25 11:17:29,43.3595390319824,-8.84507369995117,"Unknown"
"7014857",371856,2025-07-25 11:22:30,43.3594856262207,-8.84506416320801,"Unknown"
"7014857",371856,2025-07-25 11:27:31,43.359504699707,-8.84511375427246,"Unknown"
"7014857",371856,2025-07-25 11:32:30,43.3594665527344,-8.84532642364502,"Unknown"
"7014857",371856,2025-07-25 11:37:30,43.3594017028809,-8.84516525268555,"Unknown"
"7014857",371856,2025-07-25 11:42:30,43.3594245910645,-8.84517383575439,"Unknown"
"7014857",371856,2025-07-25 11:47:29,43.3592758178711,-8.8453197479248,"Unknown"
"7014857",371856,2025-07-25 11:52:31,43.3594093322754,-8.84517192840576,"Unknown"
"7014857",371856,2025-07-25 11:57:30,43.3593406677246,-8.84524726867676,"Unknown"
"7014857",371856,2025-07-25 12:02:29,43.3593406677246,-8.84521484375,"Unknown"
"7014857",371856,2025-07-25 12:07:29,43.359432220459,-8.84528541564941,"Unknown"
"7014857",371856,2025-07-25 12:12:29,43.3594017028809,-8.84520149230957,"Unknown"
"7014857",371856,2025-07-25 12:17:30,43.3594055175781,-8.84524345397949,"Unknown"
"7014857",371856,2025-07-25 12:22:29,43.3593368530273,-8.84521484375,"Unknown"
"7014857",371856,2025-07-25 12:27:30,43.3594245910645,-8.84533023834229,"Unknown"
"7014857",371856,2025-07-25 12:32:30,43.359432220459,-8.84515762329102,"Unknown"
"7014857",371856,2025-07-25 12:37:30,43.3592643737793,-8.84526634216309,"Unknown"
"7014857",371856,2025-07-25 12:42:30,43.3593139648438,-8.84536933898926,"Unknown"
"7014857",371856,2025-07-25 12:47:29,43.3593635559082,-8.84545612335205,"Unknown"
"7014857",371856,2025-07-25 12:52:33,43.3594207763672,-8.84528636932373,"Unknown"
"7014857",371856,2025-07-25 12:57:29,43.3593635559082,-8.84561729431152,"Unknown"
"7014857",371856,2025-07-25 13:02:29,43.3593063354492,-8.84531688690186,"Unknown"
"7014857",371856,2025-07-25 13:07:30,43.3594284057617,-8.84544658660889,"Unknown"
"7014857",371856,2025-07-25 13:12:30,43.3593521118164,-8.84549236297607,"Unknown"
"7014857",371856,2025-07-25 13:17:30,43.3613052368164,-8.84030914306641,"Unknown"
"7014857",371856,2025-07-25 13:22:29,43.3298149108887,-8.82274532318115,"Unknown"
"7014857",371856,2025-07-25 13:27:29,43.3081474304199,-8.78864574432373,"Unknown"
"7014857",371856,2025-07-25 13:32:29,43.2980995178223,-8.75595378875732,"Unknown"
"7014857",371856,2025-07-25 13:37:29,43.2912292480469,-8.7219820022583,"Unknown"
"7014857",371856,2025-07-25 13:42:29,43.2835693359375,-8.69262886047363,"Unknown"
"7014857",371856,2025-07-25 13:47:29,43.2727203369141,-8.66571807861328,"Unknown"
"7014857",371856,2025-07-25 13:52:30,43.258415222168,-8.63633823394775,"Unknown"
"7014857",371856,2025-07-25 13:57:29,43.2406997680664,-8.611891746521,"Unknown"
"7014857",371856,2025-07-25 14:02:33,43.2158546447754,-8.58871459960938,"Unknown"
"7014857",371856,2025-07-25 14:07:30,43.1958236694336,-8.57462978363037,"Unknown"
"7014857",371856,2025-07-25 14:12:29,43.1903686523438,-8.5488338470459,"Unknown"
"7014857",371856,2025-07-25 14:17:29,43.1731758117676,-8.52598571777344,"Unknown"
"7014857",371856,2025-07-25 14:22:30,43.1492691040039,-8.49759578704834,"Unknown"
"7014857",371856,2025-07-25 14:27:30,43.1310501098633,-8.47164630889893,"Unknown"
"7014857",371856,2025-07-25 14:32:34,43.1306343078613,-8.47185707092285,"Unknown"
"7014857",371856,2025-07-25 14:37:32,43.1306266784668,-8.47191905975342,"Unknown"
"7014857",371856,2025-07-25 14:42:37,43.1303443908691,-8.47178649902344,"Unknown"
"7014857",371856,2025-07-25 14:47:30,43.1309356689453,-8.47176742553711,"Unknown"
"7014857",371856,2025-07-25 14:52:30,43.1304512023926,-8.4735746383667,"Unknown"
"7014857",371856,2025-07-25 14:57:33,43.1304588317871,-8.47354316711426,"Unknown"
"7014857",371856,2025-07-25 15:02:30,43.1301918029785,-8.47359848022461,"Unknown"
"7014857",371856,2025-07-25 15:07:30,43.1303596496582,-8.47356224060059,"Unknown"
"7014857",371856,2025-07-25 15:12:33,43.1300392150879,-8.47263717651367,"Unknown"
"7014857",371856,2025-07-25 15:17:31,43.1300735473633,-8.47259616851807,"Unknown"
"7014857",371856,2025-07-25 15:22:29,43.1302490234375,-8.47281169891357,"Unknown"
"7014857",371856,2025-07-25 15:27:30,43.1306495666504,-8.47172069549561,"Unknown"
"7014857",371856,2025-07-25 15:32:30,43.1307334899902,-8.47188568115234,"Unknown"
"7014857",371856,2025-07-25 15:37:31,43.1305503845215,-8.47181606292725,"Unknown"
"7014857",371856,2025-07-25 15:42:30,43.1307525634766,-8.47204113006592,"Unknown"
"7014857",371856,2025-07-25 15:47:30,43.1307411193848,-8.47214603424072,"Unknown"
"7014857",371856,2025-07-25 15:52:30,43.1311225891113,-8.47208309173584,"Unknown"
"7014857",371856,2025-07-25 15:57:30,43.1311531066895,-8.47205257415771,"Unknown"
"7014857",371856,2025-07-25 16:02:30,43.1292457580566,-8.4710750579834,"Unknown"
"7014857",371856,2025-07-25 16:07:29,43.1304016113281,-8.47197437286377,"Unknown"
"7014857",371856,2025-07-25 16:12:29,43.1304359436035,-8.47210597991943,"Unknown"
"7014857",371856,2025-07-25 16:17:30,43.1305313110352,-8.47200965881348,"Unknown"
"7014857",371856,2025-07-25 16:22:31,43.1302795410156,-8.47178173065186,"Unknown"
"7014857",371856,2025-07-25 16:27:31,43.1304664611816,-8.47197246551514,"Unknown"
"7014857",371856,2025-07-25 16:32:33,43.1303215026855,-8.47192001342773,"Unknown"
"7014857",371856,2025-07-25 16:37:31,43.1304664611816,-8.47198581695557,"Unknown"
"7014857",371856,2025-07-25 16:42:31,43.1304397583008,-8.47246932983398,"Unknown"
"7014857",371856,2025-07-25 16:47:30,43.1313858032227,-8.4730396270752,"Unknown"
"7014857",371856,2025-07-25 16:52:33,43.1306686401367,-8.47203540802002,"Unknown"
"7014857",371856,2025-07-25 16:57:30,43.1306800842285,-8.47252368927002,"Unknown"
"7014857",371856,2025-07-25 17:02:31,43.1314659118652,-8.47382545471191,"Unknown"
"7014857",371856,2025-07-25 17:07:35,43.130615234375,-8.4718542098999,"Unknown"
"7014857",371856,2025-07-25 17:12:32,43.1309013366699,-8.47295761108398,"Unknown"
"7014857",371856,2025-07-25 17:17:31,43.1313858032227,-8.47398567199707,"Unknown"
"7014857",371856,2025-07-25 17:22:31,43.1310615539551,-8.47380828857422,"Unknown"
"7014857",371856,2025-07-25 17:27:33,43.1317100524902,-8.47466659545898,"Unknown"
"7014857",371856,2025-07-25 17:32:30,43.1313133239746,-8.47379779815674,"Unknown"
"7014857",371856,2025-07-25 17:37:29,43.1375122070312,-8.49112701416016,"Unknown"
"7014857",371856,2025-07-25 17:42:31,43.1512031555176,-8.50909805297852,"Unknown"
"7014857",371856,2025-07-25 17:47:30,43.1645278930664,-8.53867530822754,"Unknown"
"7014857",371856,2025-07-25 17:52:33,43.1691932678223,-8.56723117828369,"Unknown"
"7014857",371856,2025-07-25 17:57:29,43.182991027832,-8.5970630645752,"Unknown"
"7014857",371856,2025-07-25 18:02:30,43.1992835998535,-8.63005352020264,"Unknown"
"7014857",371856,2025-07-25 18:07:30,43.2208023071289,-8.64937877655029,"Unknown"
"7014857",371856,2025-07-25 18:12:35,43.2416191101074,-8.64371490478516,"Unknown"
"7014857",371856,2025-07-25 18:17:30,43.2635841369629,-8.65879344940186,"Unknown"
"7014857",371856,2025-07-25 18:22:32,43.2895317077637,-8.69171333312988,"Unknown"
"7014857",371856,2025-07-25 18:28:05,43.2938613891602,-8.73325157165527,"Unknown"
"7014857",371856,2025-07-25 18:32:30,43.2938079833984,-8.74628067016602,"Unknown"
"7014857",371856,2025-07-25 18:37:30,43.2937240600586,-8.74603843688965,"Unknown"
"7014857",371856,2025-07-25 18:42:31,43.2940521240234,-8.74611759185791,"Unknown"
"7014857",371856,2025-07-25 18:47:33,43.2936058044434,-8.74580383300781,"Unknown"
"7014857",371856,2025-07-25 18:52:31,43.2935829162598,-8.74568557739258,"Unknown"
"7014857",371856,2025-07-25 18:57:42,43.2931327819824,-8.74597263336182,"Unknown"
"7014857",371856,2025-07-25 19:02:35,43.2932357788086,-8.74614524841309,"Unknown"
"7014857",371856,2025-07-25 19:07:29,43.295825958252,-8.75081825256348,"Unknown"
"7014857",371856,2025-07-25 19:12:30,43.3116607666016,-8.79927062988281,"Unknown"
"7014857",371856,2025-07-25 19:17:31,43.3339347839355,-8.82924842834473,"Unknown"
"7014857",371856,2025-07-25 19:22:31,43.3560600280762,-8.84670448303223,"Unknown"
"7014857",371856,2025-07-25 19:27:29,43.3593368530273,-8.84504795074463,"Unknown"
"7014857",371856,2025-07-25 19:32:31,43.3593101501465,-8.84517383575439,"Unknown"
"7014857",371856,2025-07-25 19:37:38,43.3593292236328,-8.84514045715332,"Unknown"
"7014857",371856,2025-07-25 19:42:35,43.3593292236328,-8.84507751464844,"Unknown"
"7014857",371856,2025-07-25 19:47:44,43.359260559082,-8.84512901306152,"Unknown"
"7014857",371856,2025-07-25 19:52:37,43.3592834472656,-8.84510612487793,"Unknown"
"7014857",371856,2025-07-25 19:57:34,43.3592834472656,-8.84528923034668,"Unknown"
"7014857",371856,2025-07-25 20:02:31,43.359317779541,-8.84531307220459,"Unknown"
"7014857",371856,2025-07-25 20:07:31,43.3593406677246,-8.8453426361084,"Unknown"
"7014857",371856,2025-07-25 20:12:32,43.3593635559082,-8.84529876708984,"Unknown"
"7014857",371856,2025-07-25 20:17:33,43.3592681884766,-8.84517288208008,"Unknown"
"7014857",371856,2025-07-25 20:22:39,43.3592109680176,-8.84527111053467,"Unknown"
"7014857",371856,2025-07-25 20:27:38,43.3593673706055,-8.84535121917725,"Unknown"
"7014857",371856,2025-07-25 20:32:44,43.3593635559082,-8.84544467926025,"Unknown"
"7014857",371856,2025-07-25 20:37:32,43.3592224121094,-8.84518909454346,"Unknown"
"7014857",371856,2025-07-25 20:42:31,43.3593940734863,-8.84552097320557,"Unknown"
"7014857",371856,2025-07-25 20:49:07,43.3594093322754,-8.84570980072021,"Unknown"
"7014857",371856,2025-07-26 01:49:05,43.3595390319824,-8.84554767608643,"Unknown"
"7014857",371856,2025-07-26 03:14:23,43.3594818115234,-8.84547710418701,"Unknown"
"7014857",371856,2025-07-26 03:19:23,43.3594360351562,-8.84532833099365,"Unknown"
"7014857",371856,2025-07-26 03:24:24,43.3593559265137,-8.8452672958374,"Unknown"
"7014857",371856,2025-07-26 03:29:25,43.3593711853027,-8.84525108337402,"Unknown"
"7014857",371856,2025-07-26 03:34:24,43.3593482971191,-8.84519386291504,"Unknown"
"7014857",371856,2025-07-26 03:39:25,43.3593978881836,-8.84521389007568,"Unknown"
"7014857",371856,2025-07-26 03:44:23,43.3593597412109,-8.8451509475708,"Unknown"
"7014857",371856,2025-07-26 03:49:22,43.3593673706055,-8.84519290924072,"Unknown"
"7014857",371856,2025-07-26 03:54:29,43.3595657348633,-8.84529399871826,"Unknown"
"7014857",371856,2025-07-26 03:59:24,43.3590965270996,-8.84480857849121,"Unknown"
"7014857",371856,2025-07-26 04:04:25,43.3595504760742,-8.84527587890625,"Unknown"
"7014857",371856,2025-07-26 04:09:25,43.3595581054688,-8.84528636932373,"Unknown"
"7014857",371856,2025-07-26 04:14:25,43.3595924377441,-8.84532737731934,"Unknown"
"7014857",371856,2025-07-26 04:19:30,43.3596611022949,-8.84527111053467,"Unknown"
"7014857",371856,2025-07-26 04:24:31,43.3597259521484,-8.84550189971924,"Unknown"
"7014857",371856,2025-07-26 04:29:30,43.359691619873,-8.84540176391602,"Unknown"
"7014857",371856,2025-07-26 04:34:30,43.359619140625,-8.84494876861572,"Unknown"
"7014857",371856,2025-07-26 04:39:30,43.3740692138672,-8.86205577850342,"Unknown"
"7014857",371856,2025-07-26 04:44:24,43.394458770752,-8.88407897949219,"Unknown"
"7014857",371856,2025-07-26 04:49:31,43.4108123779297,-8.91387557983398,"Unknown"
"7014857",371856,2025-07-26 04:54:27,43.4216384887695,-8.95710182189941,"Unknown"
"7014857",371856,2025-07-26 04:59:25,43.4282455444336,-8.99952507019043,"Unknown"
"7014857",371856,2025-07-26 05:04:24,43.4364471435547,-9.04589748382568,"Unknown"
"7014857",371856,2025-07-26 05:09:30,43.4514389038086,-9.06606006622314,"Unknown"
"7014857",371856,2025-07-26 05:14:24,43.4337768554688,-9.04830455780029,"Unknown"
"7014857",371856,2025-07-26 05:19:31,43.4048538208008,-9.03328323364258,"Unknown"
"7014857",371856,2025-07-26 05:24:44,43.3754081726074,-9.02480220794678,"Unknown"
"7014857",371856,2025-07-26 05:29:39,43.3487892150879,-9.03715896606445,"Unknown"
"7014857",371856,2025-07-26 05:34:24,43.3442497253418,-9.01988124847412,"Unknown"
"7014857",371856,2025-07-26 05:39:31,43.3195152282715,-9.00048732757568,"Unknown"
"7014857",371856,2025-07-26 05:44:26,43.3010940551758,-8.97895240783691,"Unknown"
"7014857",371856,2025-07-26 05:49:32,43.2877655029297,-8.96159076690674,"Unknown"
"7014857",371856,2025-07-26 05:54:53,43.2875442504883,-8.96192932128906,"Unknown"
"7014857",371856,2025-07-26 05:59:32,43.2880477905273,-8.96149635314941,"Unknown"
"7014857",371856,2025-07-26 06:04:24,43.287223815918,-8.9356632232666,"Unknown"
"7014857",371856,2025-07-26 06:09:30,43.2975845336914,-8.90715980529785,"Unknown"
"7014857",371856,2025-07-26 06:14:27,43.3209457397461,-8.90924072265625,"Unknown"
"7014857",371856,2025-07-26 06:19:30,43.3215217590332,-8.88126277923584,"Unknown"
"7014857",371856,2025-07-26 06:24:30,43.3199729919434,-8.85343170166016,"Unknown"
"7014857",371856,2025-07-26 06:29:30,43.3415184020996,-8.84334468841553,"Unknown"
"7014857",371856,2025-07-26 06:34:35,43.3605155944824,-8.84724903106689,"Unknown"
"7014857",371856,2025-07-26 06:39:42,43.3593978881836,-8.84504127502441,"Unknown"
"7014857",371856,2025-07-26 06:44:30,43.3595161437988,-8.84573650360107,"Unknown"
"7014857",371856,2025-07-26 06:49:22,43.3607063293457,-8.84133338928223,"Unknown"
"7014857",371856,2025-07-26 06:54:24,43.3465194702148,-8.82538414001465,"Unknown"
"7014857",371856,2025-07-26 06:59:32,43.3228034973145,-8.81589031219482,"Unknown"
"7014857",371856,2025-07-26 07:04:22,43.3070793151855,-8.78835010528564,"Unknown"
"7014857",371856,2025-07-26 07:09:24,43.3005485534668,-8.76229763031006,"Unknown"
"7014857",371856,2025-07-26 07:14:24,43.2954978942871,-8.72974872589111,"Unknown"
"7014857",371856,2025-07-26 07:19:24,43.2917442321777,-8.69765186309814,"Unknown"
"7014857",371856,2025-07-26 07:24:25,43.291748046875,-8.69755554199219,"Unknown"
"7014857",371856,2025-07-26 07:29:25,43.2919960021973,-8.69738674163818,"Unknown"
"7014857",371856,2025-07-26 07:34:32,43.2926177978516,-8.69745922088623,"Unknown"
"7014857",371856,2025-07-26 07:39:22,43.2892532348633,-8.69072341918945,"Unknown"
"7014857",371856,2025-07-26 07:44:36,43.2679443359375,-8.65906047821045,"Unknown"
"7014857",371856,2025-07-26 07:49:47,43.2521133422852,-8.63412666320801,"Unknown"
"7014857",371856,2025-07-26 07:54:41,43.2344589233398,-8.61441993713379,"Unknown"
"7014857",371856,2025-07-26 07:59:22,43.2185325622559,-8.60180377960205,"Unknown"
"7014857",371856,2025-07-26 08:04:23,43.2034568786621,-8.58330726623535,"Unknown"
"7014857",371856,2025-07-26 08:09:22,43.1942367553711,-8.56723594665527,"Unknown"
"7014857",371856,2025-07-26 08:14:22,43.1844635009766,-8.55474948883057,"Unknown"
"7014857",371856,2025-07-26 08:19:22,43.17626953125,-8.54290008544922,"Unknown"
"7014857",371856,2025-07-26 08:24:22,43.1743011474609,-8.51316833496094,"Unknown"
"7014857",371856,2025-07-26 08:29:22,43.1506576538086,-8.48696899414062,"Unknown"
"7014857",371856,2025-07-26 08:34:22,43.1331253051758,-8.47511005401611,"Unknown"
"7014857",371856,2025-07-26 08:39:22,43.1307144165039,-8.47213649749756,"Unknown"
"7014857",371856,2025-07-26 08:44:29,43.1286811828613,-8.4696683883667,"Unknown"
"7014857",371856,2025-07-26 08:49:30,43.1305618286133,-8.47111701965332,"Unknown"
"7014857",371856,2025-07-26 08:54:30,43.1306838989258,-8.47113800048828,"Unknown"
"7014857",371856,2025-07-26 08:59:32,43.1307067871094,-8.47115325927734,"Unknown"
"7014857",371856,2025-07-26 09:04:44,43.1308860778809,-8.47182941436768,"Unknown"
"7014857",371856,2025-07-26 09:09:24,43.1309471130371,-8.47182559967041,"Unknown"
"7014857",371856,2025-07-26 09:14:31,43.1309814453125,-8.47185325622559,"Unknown"
"7014857",371856,2025-07-26 09:19:29,43.1310195922852,-8.47176933288574,"Unknown"
"7014857",371856,2025-07-26 09:24:30,43.1305198669434,-8.47171020507812,"Unknown"
"7014857",371856,2025-07-26 09:29:25,43.1308403015137,-8.47180843353271,"Unknown"
"7014857",371856,2025-07-26 09:34:30,43.1308746337891,-8.47171115875244,"Unknown"
"7014857",371856,2025-07-26 09:39:27,43.1307106018066,-8.47173690795898,"Unknown"
"7014857",371856,2025-07-26 09:44:30,43.130859375,-8.47167110443115,"Unknown"
"7014857",371856,2025-07-26 09:49:44,43.1309776306152,-8.47164154052734,"Unknown"
"7014857",371856,2025-07-26 09:54:22,43.131275177002,-8.47154712677002,"Unknown"
"7014857",371856,2025-07-26 09:59:30,43.1311454772949,-8.47139739990234,"Unknown"
"7014857",371856,2025-07-26 10:04:25,43.1323089599609,-8.46927642822266,"Unknown"
"7014857",371856,2025-07-26 10:09:30,43.1335792541504,-8.47067642211914,"Unknown"
"7014857",371856,2025-07-26 10:14:30,43.1335334777832,-8.47085666656494,"Unknown"
"7014857",371856,2025-07-26 10:19:37,43.1330795288086,-8.46952724456787,"Unknown"
"7014857",371856,2025-07-26 10:24:30,43.1330490112305,-8.46971797943115,"Unknown"
"7014857",371856,2025-07-26 10:29:30,43.1330909729004,-8.46946144104004,"Unknown"
"7014857",371856,2025-07-26 10:34:36,43.1330909729004,-8.46945953369141,"Unknown"
"7014857",371856,2025-07-26 10:39:37,43.1330146789551,-8.46966648101807,"Unknown"
"7014857",371856,2025-07-26 10:44:30,43.1330261230469,-8.46963405609131,"Unknown"
"7014857",371856,2025-07-26 10:49:44,43.1328887939453,-8.46973037719727,"Unknown"
"7014857",371856,2025-07-26 10:54:30,43.132884979248,-8.4698486328125,"Unknown"
"7014857",371856,2025-07-26 10:59:44,43.1330223083496,-8.46960830688477,"Unknown"
"7014857",371856,2025-07-26 11:04:30,43.1329154968262,-8.4696569442749,"Unknown"
"7014857",371856,2025-07-26 11:09:30,43.1328964233398,-8.46957111358643,"Unknown"
"7014857",371856,2025-07-26 11:14:30,43.132884979248,-8.46955680847168,"Unknown"
"7014857",371856,2025-07-26 11:19:30,43.1329765319824,-8.46989727020264,"Unknown"
"7014857",371856,2025-07-26 11:24:30,43.1329803466797,-8.46970176696777,"Unknown"
"7014857",371856,2025-07-26 11:29:30,43.1329193115234,-8.46978759765625,"Unknown"
"7014857",371856,2025-07-26 11:34:30,43.1329536437988,-8.46977424621582,"Unknown"
"7014857",371856,2025-07-26 11:39:30,43.1329536437988,-8.4697847366333,"Unknown"
"7014857",371856,2025-07-26 11:44:30,43.1304321289062,-8.47360610961914,"Unknown"
"7014857",371856,2025-07-26 11:49:44,43.1288642883301,-8.47239685058594,"Unknown"
"7014857",371856,2025-07-26 11:54:23,43.1282386779785,-8.47095489501953,"Unknown"
"7014857",371856,2025-07-26 11:59:27,43.1294631958008,-8.47123718261719,"Unknown"
"7014857",371856,2025-07-26 12:04:48,43.1295318603516,-8.47116184234619,"Unknown"
"7014857",371856,2025-07-26 12:09:30,43.1300315856934,-8.47029304504395,"Unknown"
"7014857",371856,2025-07-26 12:14:41,43.129337310791,-8.47117519378662,"Unknown"
"7014857",371856,2025-07-26 12:19:30,43.1292419433594,-8.47117614746094,"Unknown"
"7014857",371856,2025-07-26 12:24:30,43.1296997070312,-8.47167110443115,"Unknown"
"7014857",371856,2025-07-26 12:29:38,43.1306991577148,-8.47004985809326,"Unknown"
"7014857",371856,2025-07-26 12:34:30,43.1307716369629,-8.47173881530762,"Unknown"
"7014857",371856,2025-07-26 12:39:30,43.1312103271484,-8.47176742553711,"Unknown"
"7014857",371856,2025-07-26 12:44:50,43.1300811767578,-8.4719705581665,"Unknown"
"7014857",371856,2025-07-26 12:49:30,43.1302146911621,-8.4718656539917,"Unknown"
"7014857",371856,2025-07-26 12:54:29,43.130615234375,-8.47221660614014,"Unknown"
"7014857",371856,2025-07-26 12:59:29,43.1303062438965,-8.47372913360596,"Unknown"
"7014857",371856,2025-07-26 13:04:41,43.1297760009766,-8.47298336029053,"Unknown"
"7014857",371856,2025-07-26 13:09:28,43.1298828125,-8.47295665740967,"Unknown"
"7014857",371856,2025-07-26 13:14:37,43.1299819946289,-8.47278499603271,"Unknown"
"7014857",371856,2025-07-26 13:19:31,43.1302947998047,-8.47293281555176,"Unknown"
"7014857",371856,2025-07-26 13:24:34,43.1300048828125,-8.47279167175293,"Unknown"
"7014857",371856,2025-07-26 13:29:32,43.1302719116211,-8.47225666046143,"Unknown"
"7014857",371856,2025-07-26 13:34:42,43.1300392150879,-8.47201442718506,"Unknown"
"7014857",371856,2025-07-26 13:39:31,43.1301460266113,-8.47211170196533,"Unknown"
"7014857",371856,2025-07-26 13:44:46,43.1301040649414,-8.47188377380371,"Unknown"
"7014857",371856,2025-07-26 13:49:32,43.1297836303711,-8.47204875946045,"Unknown"
"7014857",371856,2025-07-26 13:54:36,43.1281509399414,-8.47057914733887,"Unknown"
"7014857",371856,2025-07-26 13:59:40,43.1296005249023,-8.47171688079834,"Unknown"
"7014857",371856,2025-07-26 14:04:31,43.1295127868652,-8.47211742401123,"Unknown"
"7014857",371856,2025-07-26 14:09:27,43.1299362182617,-8.47163772583008,"Unknown"
"7014857",371856,2025-07-26 14:14:33,43.1301078796387,-8.47212219238281,"Unknown"
"7014857",371856,2025-07-26 14:19:30,43.1305084228516,-8.47174167633057,"Unknown"
"7014857",371856,2025-07-26 14:24:27,43.1307144165039,-8.47095966339111,"Unknown"
"7014857",371856,2025-07-26 14:29:22,43.1305503845215,-8.47049427032471,"Unknown"
"7014857",371856,2025-07-26 14:34:31,43.1302185058594,-8.47179698944092,"Unknown"
"7014857",371856,2025-07-26 14:39:34,43.1306114196777,-8.47175312042236,"Unknown"
"7014857",371856,2025-07-26 14:44:30,43.1301956176758,-8.47235870361328,"Unknown"
"7014857",371856,2025-07-26 14:49:31,43.1301918029785,-8.47215366363525,"Unknown"
"7014857",371856,2025-07-26 14:54:30,43.1300506591797,-8.47230815887451,"Unknown"
"7014857",371856,2025-07-26 14:59:30,43.129997253418,-8.47250747680664,"Unknown"
"7014857",371856,2025-07-26 15:04:30,43.1300849914551,-8.47245979309082,"Unknown"
"7014857",371856,2025-07-26 15:09:30,43.1299476623535,-8.47267627716064,"Unknown"
"7014857",371856,2025-07-26 15:14:30,43.1300315856934,-8.4743185043335,"Unknown"
"7014857",371856,2025-07-26 15:19:29,43.1298751831055,-8.47130393981934,"Unknown"
"7014857",371856,2025-07-26 15:24:29,43.1382331848145,-8.47138977050781,"Unknown"
"7014857",371856,2025-07-26 15:29:30,43.1355361938477,-8.48548603057861,"Unknown"
"7014857",371856,2025-07-26 15:34:31,43.1421661376953,-8.51949691772461,"Unknown"
"7014857",371856,2025-07-26 15:39:32,43.1470909118652,-8.53540706634521,"Unknown"
"7014857",371856,2025-07-26 15:44:30,43.1578559875488,-8.55495357513428,"Unknown"
"7014857",371856,2025-07-26 15:49:37,43.1693687438965,-8.57248878479004,"Unknown"
"7014857",371856,2025-07-26 15:54:33,43.1872406005859,-8.59953498840332,"Unknown"
"7014857",371856,2025-07-26 15:59:34,43.2101058959961,-8.62038230895996,"Unknown"
"7014857",371856,2025-07-26 16:04:38,43.2237129211426,-8.64047336578369,"Unknown"
"7014857",371856,2025-07-26 16:09:40,43.2344055175781,-8.65016937255859,"Unknown"
"7014857",371856,2025-07-26 16:14:23,43.2550888061523,-8.66804599761963,"Unknown"
"7014857",371856,2025-07-26 16:19:24,43.2797813415527,-8.67862319946289,"Unknown"
"7014857",371856,2025-07-26 16:24:23,43.2908477783203,-8.69779968261719,"Unknown"
"7014857",371856,2025-07-26 16:29:29,43.2915534973145,-8.69741153717041,"Unknown"
"7014857",371856,2025-07-26 16:34:23,43.2917633056641,-8.69842147827148,"Unknown"
"7014857",371856,2025-07-26 16:39:44,43.2916450500488,-8.69721794128418,"Unknown"
"7014857",371856,2025-07-26 16:44:22,43.2894592285156,-8.70752048492432,"Unknown"
"7014857",371856,2025-07-26 16:49:24,43.2934455871582,-8.74548149108887,"Unknown"
"7014857",371856,2025-07-26 16:54:23,43.3049201965332,-8.78546714782715,"Unknown"
"7014857",371856,2025-07-26 16:59:23,43.3245086669922,-8.81722831726074,"Unknown"
"7014857",371856,2025-07-26 17:04:32,43.3446617126465,-8.8403491973877,"Unknown"
"7014857",371856,2025-07-26 17:09:37,43.3594093322754,-8.84569644927979,"Unknown"
"7014857",371856,2025-07-26 17:14:33,43.3593444824219,-8.84561061859131,"Unknown"
"7014857",371856,2025-07-26 17:19:30,43.3591918945312,-8.8458194732666,"Unknown"
"7014857",371856,2025-07-26 17:24:34,43.3596611022949,-8.84558582305908,"Unknown"
"7014857",371856,2025-07-26 17:29:28,43.3597183227539,-8.84553527832031,"Unknown"
"7014857",371856,2025-07-26 17:34:43,43.3597373962402,-8.84485149383545,"Unknown"
"7014857",371856,2025-07-26 17:39:27,43.3593559265137,-8.84596920013428,"Unknown"
"7014857",371856,2025-07-26 17:44:29,43.3596038818359,-8.84668731689453,"Unknown"
"7014857",371856,2025-07-26 17:49:31,43.3594665527344,-8.84640598297119,"Unknown"
"7014857",371856,2025-07-26 17:54:23,43.3594970703125,-8.84537220001221,"Unknown"
"7014857",371856,2025-07-26 17:59:24,43.3597679138184,-8.84688663482666,"Unknown"
"7014857",371856,2025-07-26 18:04:28,43.3594245910645,-8.84773921966553,"Unknown"
"7014857",371856,2025-07-26 18:09:30,43.3595161437988,-8.84745121002197,"Unknown"
"7014857",371856,2025-07-26 18:14:32,43.3596725463867,-8.84502696990967,"Unknown"
"7014857",371856,2025-07-26 18:19:24,43.3595886230469,-8.84736728668213,"Unknown"
"7014857",371856,2025-07-26 18:24:29,43.3595428466797,-8.84670734405518,"Unknown"
"7014857",371856,2025-07-26 18:29:28,43.3597145080566,-8.84594631195068,"Unknown"
"7014857",371856,2025-07-26 18:34:32,43.3597412109375,-8.8459300994873,"Unknown"
"7014857",371856,2025-07-26 18:39:30,43.3597946166992,-8.84605121612549,"Unknown"
"7014857",371856,2025-07-26 18:44:44,43.3593597412109,-8.84622573852539,"Unknown"
"7014857",371856,2025-07-26 18:49:30,43.3593101501465,-8.84615898132324,"Unknown"
"7014857",371856,2025-07-26 18:54:41,43.3596725463867,-8.84555149078369,"Unknown"
"7014857",371856,2025-07-26 18:59:27,43.3593063354492,-8.84597110748291,"Unknown"
"7014857",371856,2025-07-26 19:04:24,43.3589859008789,-8.84590530395508,"Unknown"
"7014857",371856,2025-07-26 19:09:23,43.3591079711914,-8.84578609466553,"Unknown"
"7014857",371856,2025-07-26 19:14:23,43.3589782714844,-8.84553718566895,"Unknown"
"7014857",371856,2025-07-26 19:19:23,43.3590240478516,-8.8460111618042,"Unknown"
"7014857",371856,2025-07-26 19:24:26,43.3594665527344,-8.84578037261963,"Unknown"
"7014857",371856,2025-07-26 19:29:23,43.3725395202637,-8.8580904006958,"Unknown"
"7014857",371856,2025-07-26 19:35:46,43.3633499145508,-8.84305000305176,"Unknown"
"7014857",371856,2025-07-26 19:40:46,43.3609924316406,-8.84442710876465,"Unknown"
"7014857",371856,2025-07-26 19:45:47,43.3611640930176,-8.84413433074951,"Unknown"
"7014857",371856,2025-07-26 19:49:23,43.3592109680176,-8.84528160095215,"Unknown"
"7014857",371856,2025-07-26 19:54:23,43.3592987060547,-8.84547710418701,"Unknown"
"7014857",371856,2025-07-26 19:59:23,43.3592643737793,-8.84525203704834,"Unknown"
"7014857",371856,2025-07-26 20:04:23,43.3594818115234,-8.84535503387451,"Unknown"
"7014857",371856,2025-07-26 20:09:23,43.3593635559082,-8.84550857543945,"Unknown"
"7014857",371856,2025-07-26 20:14:23,43.359245300293,-8.84542751312256,"Unknown"
"7014857",371856,2025-07-26 20:19:23,43.3590965270996,-8.84543800354004,"Unknown"
"7014857",371856,2025-07-26 20:24:23,43.3589973449707,-8.84540939331055,"Unknown"
"7014857",371856,2025-07-26 20:29:24,43.3595314025879,-8.84535694122314,"Unknown"
"7014857",371856,2025-07-26 20:34:25,43.3590469360352,-8.84540176391602,"Unknown"
"7014857",371856,2025-07-26 20:39:24,43.3589630126953,-8.8454647064209,"Unknown"
"7014857",371856,2025-07-26 20:44:31,43.3592948913574,-8.845046043396,"Unknown"
"7014857",371856,2025-07-26 20:47:54,43.3591995239258,-8.84532356262207,"Unknown"
"7014857",371856,2025-07-27 01:48:29,43.3593482971191,-8.84506225585938,"Unknown"
"7014857",371856,2025-07-27 03:16:04,43.3593330383301,-8.84521961212158,"Unknown"
"7014857",371856,2025-07-27 03:21:01,43.3593521118164,-8.8452320098877,"Unknown"
"7014857",371856,2025-07-27 03:26:02,43.3593673706055,-8.84522533416748,"Unknown"
"7014857",371856,2025-07-27 03:31:01,43.3594131469727,-8.84527683258057,"Unknown"
"7014857",371856,2025-07-27 03:36:01,43.3593826293945,-8.84539318084717,"Unknown"
"7014857",371856,2025-07-27 03:41:02,43.3593902587891,-8.84530162811279,"Unknown"
"7014857",371856,2025-07-27 03:46:01,43.3593521118164,-8.84527206420898,"Unknown"
"7014857",371856,2025-07-27 03:51:01,43.3593673706055,-8.84533882141113,"Unknown"
"7014857",371856,2025-07-27 03:56:01,43.3593444824219,-8.84535312652588,"Unknown"
"7014857",371856,2025-07-27 04:01:04,43.3593978881836,-8.84522151947021,"Unknown"
"7014857",371856,2025-07-27 04:06:01,43.3594017028809,-8.84539413452148,"Unknown"
"7014857",371856,2025-07-27 04:11:01,43.3594093322754,-8.8453540802002,"Unknown"
"7014857",371856,2025-07-27 04:16:03,43.3609237670898,-8.84753227233887,"Unknown"
"7014857",371856,2025-07-27 04:21:03,43.3802528381348,-8.85161018371582,"Unknown"
"7014857",371856,2025-07-27 04:26:04,43.4009132385254,-8.87361717224121,"Unknown"
"7014857",371856,2025-07-27 04:36:01,43.4345664978027,-8.91727352142334,"Unknown"
"7014857",371856,2025-07-27 04:41:01,43.4398765563965,-8.94910335540771,"Unknown"
"7014857",371856,2025-07-27 04:46:01,43.439998626709,-8.95359992980957,"Unknown"
"7014857",371856,2025-07-27 04:51:01,43.4385643005371,-8.98180103302002,"Unknown"
"7014857",371856,2025-07-27 04:56:01,43.4306411743164,-9.01642990112305,"Unknown"
"7014857",371856,2025-07-27 05:01:03,43.4065628051758,-9.04650020599365,"Unknown"
"7014857",371856,2025-07-27 05:06:01,43.390453338623,-9.07806491851807,"Unknown"
"7014857",371856,2025-07-27 05:11:01,43.3981323242188,-9.09702205657959,"Unknown"
"7014857",371856,2025-07-27 05:16:01,43.3864631652832,-9.06283092498779,"Unknown"
"7014857",371856,2025-07-27 05:21:01,43.3739852905273,-9.03423500061035,"Unknown"
"7014857",371856,2025-07-27 05:26:03,43.3727912902832,-9.03524589538574,"Unknown"
"7014857",371856,2025-07-27 05:31:16,43.3696441650391,-9.02941608428955,"Unknown"
"7014857",371856,2025-07-27 05:36:10,43.3606262207031,-8.99785709381104,"Unknown"
"7014857",371856,2025-07-27 05:41:02,43.3606491088867,-8.96288299560547,"Unknown"
"7014857",371856,2025-07-27 05:46:09,43.3586235046387,-8.9250373840332,"Unknown"
"7014857",371856,2025-07-27 05:51:01,43.3609580993652,-8.89025211334229,"Unknown"
"7014857",371856,2025-07-27 05:56:01,43.3601608276367,-8.85202980041504,"Unknown"
"7014857",371856,2025-07-27 06:01:15,43.3592872619629,-8.84500789642334,"Unknown"
"7014857",371856,2025-07-27 06:06:01,43.3593597412109,-8.84503650665283,"Unknown"
"7014857",371856,2025-07-27 06:11:02,43.3593521118164,-8.84503364562988,"Unknown"
"7014857",371856,2025-07-27 06:16:04,43.3592834472656,-8.84505367279053,"Unknown"
"7014857",371856,2025-07-27 06:21:01,43.3593292236328,-8.84506130218506,"Unknown"
"7014857",371856,2025-07-27 06:26:01,43.3593864440918,-8.84511375427246,"Unknown"
"7014857",371856,2025-07-27 06:31:03,43.3595237731934,-8.84525871276855,"Unknown"
"7014857",371856,2025-07-27 06:36:01,43.3593292236328,-8.84507274627686,"Unknown"
"7014857",371856,2025-07-27 06:41:03,43.3593788146973,-8.84518718719482,"Unknown"
"7014857",371856,2025-07-27 06:46:35,43.3592300415039,-8.84524536132812,"Unknown"
"7014857",371856,2025-07-27 06:51:03,43.3592185974121,-8.84532642364502,"Unknown"
"7014857",371856,2025-07-27 06:56:03,43.359188079834,-8.84527778625488,"Unknown"
"7014857",371856,2025-07-27 07:01:09,43.3586883544922,-8.84508991241455,"Unknown"
"7014857",371856,2025-07-27 07:06:09,43.359016418457,-8.8450870513916,"Unknown"
"7014857",371856,2025-07-27 07:11:03,43.3591995239258,-8.84517860412598,"Unknown"
"7014857",371856,2025-07-27 07:16:01,43.3600463867188,-8.84556102752686,"Unknown"
"7014857",371856,2025-07-27 07:21:02,43.3413619995117,-8.81766319274902,"Unknown"
"7014857",371856,2025-07-27 07:26:03,43.3308792114258,-8.77593517303467,"Unknown"
"7014857",371856,2025-07-27 07:31:01,43.3111686706543,-8.74258041381836,"Unknown"
"7014857",371856,2025-07-27 07:36:20,43.2928924560547,-8.74639701843262,"Unknown"
"7014857",371856,2025-07-27 07:41:53,43.2929229736328,-8.74632453918457,"Unknown"
"7014857",371856,2025-07-27 07:46:44,43.293270111084,-8.74605274200439,"Unknown"
"7014857",371856,2025-07-27 07:51:07,43.2936668395996,-8.74580383300781,"Unknown"
"7014857",371856,2025-07-27 07:56:09,43.2937240600586,-8.74582481384277,"Unknown"
"7014857",371856,2025-07-27 08:01:04,43.2935371398926,-8.74547100067139,"Unknown"
"7014857",371856,2025-07-27 08:06:02,43.2935104370117,-8.74568271636963,"Unknown"
"7014857",371856,2025-07-27 08:11:01,43.2936859130859,-8.74522972106934,"Unknown"
"7014857",371856,2025-07-27 08:16:02,43.2935562133789,-8.74572563171387,"Unknown"
"7014857",371856,2025-07-27 08:21:07,43.2935180664062,-8.74575805664062,"Unknown"
"7014857",371856,2025-07-27 08:26:04,43.2932968139648,-8.73756504058838,"Unknown"
"7014857",371856,2025-07-27 08:31:09,43.2953605651855,-8.71794033050537,"Unknown"
"7014857",371856,2025-07-27 08:36:12,43.2878303527832,-8.67769622802734,"Unknown"
"7014857",371856,2025-07-27 08:41:02,43.2754211425781,-8.65897274017334,"Unknown"
"7014857",371856,2025-07-27 08:46:02,43.2650108337402,-8.64473438262939,"Unknown"
"7014857",371856,2025-07-27 08:51:14,43.2465057373047,-8.60963153839111,"Unknown"
"7014857",371856,2025-07-27 08:56:07,43.2311248779297,-8.58446788787842,"Unknown"
"7014857",371856,2025-07-27 09:01:09,43.2147102355957,-8.55362892150879,"Unknown"
"7014857",371856,2025-07-27 09:06:11,43.2065811157227,-8.53823375701904,"Unknown"
"7014857",371856,2025-07-27 09:11:08,43.2066268920898,-8.53825187683105,"Unknown"
"7014857",371856,2025-07-27 09:16:07,43.2066650390625,-8.53817749023438,"Unknown"
"7014857",371856,2025-07-27 09:21:13,43.2065353393555,-8.53811645507812,"Unknown"
"7014857",371856,2025-07-27 09:26:05,43.2077522277832,-8.53777408599854,"Unknown"
"7014857",371856,2025-07-27 09:31:06,43.2077827453613,-8.53775691986084,"Unknown"
"7014857",371856,2025-07-27 09:36:23,43.2077560424805,-8.53785133361816,"Unknown"
"7014857",371856,2025-07-27 09:41:11,43.2078323364258,-8.5378360748291,"Unknown"
"7014857",371856,2025-07-27 09:46:35,43.2078056335449,-8.53752326965332,"Unknown"
"7014857",371856,2025-07-27 09:51:12,43.2077598571777,-8.53756141662598,"Unknown"
"7014857",371856,2025-07-27 09:56:05,43.2075309753418,-8.53788280487061,"Unknown"
"7014857",371856,2025-07-27 10:01:22,43.2075881958008,-8.53700351715088,"Unknown"
"7014857",371856,2025-07-27 10:06:01,43.216682434082,-8.54108428955078,"Unknown"
"7014857",371856,2025-07-27 10:11:01,43.2269592285156,-8.57108879089355,"Unknown"
"7014857",371856,2025-07-27 10:16:01,43.2376441955566,-8.60949230194092,"Unknown"
"7014857",371856,2025-07-27 10:21:01,43.2423362731934,-8.62005138397217,"Unknown"
"7014857",371856,2025-07-27 10:26:01,43.260669708252,-8.64842700958252,"Unknown"
"7014857",371856,2025-07-27 10:31:09,43.2804298400879,-8.68267440795898,"Unknown"
"7014857",371856,2025-07-27 10:37:05,43.2928657531738,-8.73482227325439,"Unknown"
"7014857",371856,2025-07-27 10:41:01,43.3008117675781,-8.76828575134277,"Unknown"
"7014857",371856,2025-07-27 10:46:02,43.3171501159668,-8.80497455596924,"Unknown"
"7014857",371856,2025-07-27 10:51:01,43.3409233093262,-8.83113288879395,"Unknown"
"7014857",371856,2025-07-27 10:56:01,43.3595008850098,-8.845383644104,"Unknown"
"7014857",371856,2025-07-27 11:01:02,43.3594436645508,-8.84520149230957,"Unknown"
"7014857",371856,2025-07-27 11:06:02,43.3595581054688,-8.84562015533447,"Unknown"
"7014857",371856,2025-07-27 11:11:02,43.3592300415039,-8.84547138214111,"Unknown"
"7014857",371856,2025-07-27 11:16:01,43.3594245910645,-8.84541606903076,"Unknown"
"7014857",371856,2025-07-27 11:21:02,43.3593139648438,-8.84511470794678,"Unknown"
"7014857",371856,2025-07-27 11:26:02,43.3593940734863,-8.84533405303955,"Unknown"
"7014857",371856,2025-07-27 11:31:03,43.3594360351562,-8.84523677825928,"Unknown"
"7014857",371856,2025-07-27 11:36:03,43.3592910766602,-8.84524440765381,"Unknown"
"7014857",371856,2025-07-27 11:41:02,43.3592796325684,-8.84512138366699,"Unknown"
"7014857",371856,2025-07-27 11:46:01,43.3594932556152,-8.84449195861816,"Unknown"
"7014857",371856,2025-07-27 11:51:02,43.3593864440918,-8.84496688842773,"Unknown"
"7014857",371856,2025-07-27 11:56:14,43.3592987060547,-8.84512996673584,"Unknown"
"7014857",371856,2025-07-27 12:01:01,43.3528709411621,-8.85083103179932,"Unknown"
"7014857",371856,2025-07-27 12:06:06,43.3431930541992,-8.86436176300049,"Unknown"
"7014857",371856,2025-07-27 12:11:01,43.3318367004395,-8.86176586151123,"Unknown"
"7014857",371856,2025-07-27 12:16:03,43.3098106384277,-8.85174942016602,"Unknown"
"7014857",371856,2025-07-27 12:21:01,43.2828407287598,-8.85481739044189,"Unknown"
"7014857",371856,2025-07-27 12:26:01,43.2685089111328,-8.84675693511963,"Unknown"
"7014857",371856,2025-07-27 12:31:02,43.2616653442383,-8.83571338653564,"Unknown"
"7014857",371856,2025-07-27 12:36:10,43.2621765136719,-8.79394626617432,"Unknown"
"7014857",371856,2025-07-27 12:41:01,43.2619400024414,-8.78126430511475,"Unknown"
"7014857",371856,2025-07-27 12:46:09,43.2535820007324,-8.75383853912354,"Unknown"
"7014857",371856,2025-07-27 12:51:03,43.2482032775879,-8.72647666931152,"Unknown"
"7014857",371856,2025-07-27 12:56:35,43.2385215759277,-8.69129657745361,"Unknown"
"7014857",371856,2025-07-27 13:01:00,43.2328643798828,-8.65212249755859,"Unknown"
"7014857",371856,2025-07-27 13:06:00,43.2251853942871,-8.62234210968018,"Unknown"
"7014857",371856,2025-07-27 13:11:01,43.216194152832,-8.59795188903809,"Unknown"
"7014857",371856,2025-07-27 13:16:00,43.2126312255859,-8.55713748931885,"Unknown"
"7014857",371856,2025-07-27 13:21:04,43.2078132629395,-8.53781700134277,"Unknown"
"7014857",371856,2025-07-27 13:26:06,43.2078857421875,-8.53780269622803,"Unknown"
"7014857",371856,2025-07-27 13:31:04,43.2077522277832,-8.53786087036133,"Unknown"
"7014857",371856,2025-07-27 13:36:09,43.2079010009766,-8.53781509399414,"Unknown"
"7014857",371856,2025-07-27 13:41:02,43.2078437805176,-8.53781127929688,"Unknown"
"7014857",371856,2025-07-27 13:46:03,43.2078704833984,-8.53782653808594,"Unknown"
"7014857",371856,2025-07-27 13:51:10,43.2079734802246,-8.53780746459961,"Unknown"
"7014857",371856,2025-07-27 13:56:01,43.2077598571777,-8.53783798217773,"Unknown"
"7014857",371856,2025-07-27 14:01:03,43.2078971862793,-8.53791522979736,"Unknown"
"7014857",371856,2025-07-27 14:06:02,43.2078628540039,-8.53817844390869,"Unknown"
"7014857",371856,2025-07-27 14:11:01,43.2079925537109,-8.53780078887939,"Unknown"
"7014857",371856,2025-07-27 14:16:01,43.2167892456055,-8.55219459533691,"Unknown"
"7014857",371856,2025-07-27 14:21:01,43.2248268127441,-8.57397747039795,"Unknown"
"7014857",371856,2025-07-27 14:26:01,43.2448425292969,-8.60221099853516,"Unknown"
"7014857",371856,2025-07-27 14:31:01,43.2536811828613,-8.62007331848145,"Unknown"
"7014857",371856,2025-07-27 14:36:00,43.2540817260742,-8.63365840911865,"Unknown"
"7014857",371856,2025-07-27 14:41:01,43.267032623291,-8.65401458740234,"Unknown"
"7014857",371856,2025-07-27 14:46:02,43.2816276550293,-8.69097328186035,"Unknown"
"7014857",371856,2025-07-27 14:51:01,43.2933082580566,-8.72696018218994,"Unknown"
"7014857",371856,2025-07-27 14:56:01,43.3005981445312,-8.76929569244385,"Unknown"
"7014857",371856,2025-07-27 15:01:01,43.3129997253418,-8.80362701416016,"Unknown"
"7014857",371856,2025-07-27 15:06:01,43.3314514160156,-8.8266134262085,"Unknown"
"7014857",371856,2025-07-27 15:11:01,43.3526229858398,-8.83586883544922,"Unknown"
"7014857",371856,2025-07-27 15:16:01,43.3595085144043,-8.84529685974121,"Unknown"
"7014857",371856,2025-07-27 15:21:02,43.3595504760742,-8.84526348114014,"Unknown"
"7014857",371856,2025-07-27 15:26:02,43.3594856262207,-8.84524059295654,"Unknown"
"7014857",371856,2025-07-27 15:31:02,43.3593444824219,-8.84515762329102,"Unknown"
"7014857",371856,2025-07-27 15:36:01,43.3594551086426,-8.84530353546143,"Unknown"
"7014857",371856,2025-07-27 15:41:02,43.3595199584961,-8.84546852111816,"Unknown"
"7014857",371856,2025-07-27 15:46:03,43.3594436645508,-8.84540367126465,"Unknown"
"7014857",371856,2025-07-27 15:51:03,43.3595504760742,-8.84539794921875,"Unknown"
"7014857",371856,2025-07-27 15:56:02,43.3595848083496,-8.8454704284668,"Unknown"
"7014857",371856,2025-07-27 16:01:10,43.3595848083496,-8.84542560577393,"Unknown"
"7014857",371856,2025-07-27 16:06:02,43.3595695495605,-8.8456974029541,"Unknown"
"7014857",371856,2025-07-27 16:11:02,43.3593826293945,-8.84538459777832,"Unknown"
"7014857",371856,2025-07-27 16:16:02,43.3594932556152,-8.84559345245361,"Unknown"
"7014857",371856,2025-07-27 16:21:02,43.3592910766602,-8.84529876708984,"Unknown"
"7014857",371856,2025-07-27 16:26:02,43.3593978881836,-8.84542083740234,"Unknown"
"7014857",371856,2025-07-27 16:31:02,43.3593254089355,-8.84528636932373,"Unknown"
"7014857",371856,2025-07-27 16:36:04,43.3595008850098,-8.84553813934326,"Unknown"
"7014857",371856,2025-07-27 16:41:02,43.3594512939453,-8.84551334381104,"Unknown"
"7014857",371856,2025-07-27 16:46:04,43.3594703674316,-8.84566688537598,"Unknown"
"7014857",371856,2025-07-27 16:51:07,43.3595657348633,-8.84584999084473,"Unknown"
"7014857",371856,2025-07-27 16:56:02,43.3595809936523,-8.84573173522949,"Unknown"
"7014857",371856,2025-07-27 17:01:04,43.3595657348633,-8.84577751159668,"Unknown"
"7014857",371856,2025-07-27 17:06:08,43.3596038818359,-8.84586334228516,"Unknown"
"7014857",371856,2025-07-27 17:11:07,43.3597030639648,-8.84582042694092,"Unknown"
"7014857",371856,2025-07-27 17:16:06,43.3596839904785,-8.84581470489502,"Unknown"
"7014857",371856,2025-07-27 17:21:02,43.359016418457,-8.84503746032715,"Unknown"
"7014857",371856,2025-07-27 17:26:06,43.3596725463867,-8.84605407714844,"Unknown"
"7014857",371856,2025-07-27 17:31:02,43.3584747314453,-8.84332466125488,"Unknown"
"7014857",371856,2025-07-27 17:36:04,43.3544578552246,-8.82834243774414,"Unknown"
"7014857",371856,2025-07-27 17:41:09,43.3483581542969,-8.79769325256348,"Unknown"
"7014857",371856,2025-07-27 17:46:11,43.3383827209473,-8.7471227645874,"Unknown"
"7014857",371856,2025-07-27 17:51:02,43.3262481689453,-8.70346069335938,"Unknown"
"7014857",371856,2025-07-27 17:56:06,43.3388862609863,-8.69150638580322,"Unknown"
"7014857",371856,2025-07-27 18:01:06,43.3397636413574,-8.69184970855713,"Unknown"
"7014857",371856,2025-07-27 18:06:04,43.339729309082,-8.69389533996582,"Unknown"
"7014857",371856,2025-07-27 18:11:09,43.3406372070312,-8.69532012939453,"Unknown"
"7014857",371856,2025-07-27 18:16:02,43.3367233276367,-8.68600177764893,"Unknown"
"7014857",371856,2025-07-27 18:21:02,43.3368911743164,-8.68766784667969,"Unknown"
"7014857",371856,2025-07-27 18:26:02,43.3373832702637,-8.6895751953125,"Unknown"
"7014857",371856,2025-07-27 18:31:09,43.3346214294434,-8.70487117767334,"Unknown"
"7014857",371856,2025-07-27 18:36:14,43.3210296630859,-8.74086666107178,"Unknown"
"7014857",371856,2025-07-27 18:41:08,43.293327331543,-8.74579906463623,"Unknown"
"7014857",371856,2025-07-27 18:46:07,43.2932929992676,-8.7458610534668,"Unknown"
"7014857",371856,2025-07-27 18:51:07,43.2930374145508,-8.74593162536621,"Unknown"
"7014857",371856,2025-07-27 18:56:08,43.2933387756348,-8.74536323547363,"Unknown"
"7014857",371856,2025-07-27 19:01:10,43.2924766540527,-8.74603748321533,"Unknown"
"7014857",371856,2025-07-27 19:06:09,43.2930679321289,-8.74573612213135,"Unknown"
"7014857",371856,2025-07-27 19:11:13,43.2928886413574,-8.74575138092041,"Unknown"
"7014857",371856,2025-07-27 19:16:03,43.2931594848633,-8.74579048156738,"Unknown"
"7014857",371856,2025-07-27 19:21:06,43.2936134338379,-8.74576282501221,"Unknown"
"7014857",371856,2025-07-27 19:26:02,43.2931518554688,-8.74587821960449,"Unknown"
"7014857",371856,2025-07-27 19:31:07,43.3000679016113,-8.75979328155518,"Unknown"
"7014857",371856,2025-07-27 19:36:03,43.3080139160156,-8.78971385955811,"Unknown"
"7014857",371856,2025-07-27 19:41:02,43.3260536193848,-8.8181037902832,"Unknown"
"7014857",371856,2025-07-27 19:46:03,43.3503150939941,-8.83677291870117,"Unknown"
"7014857",371856,2025-07-27 19:51:07,43.3592491149902,-8.84493350982666,"Unknown"
"7014857",371856,2025-07-27 19:56:03,43.3588676452637,-8.84521293640137,"Unknown"
"7014857",371856,2025-07-27 20:01:10,43.3592491149902,-8.84457206726074,"Unknown"
"7014857",371856,2025-07-27 20:06:02,43.3589172363281,-8.8421802520752,"Unknown"
"7014857",371856,2025-07-27 20:11:09,43.3593711853027,-8.8452262878418,"Unknown"
"7014857",371856,2025-07-27 20:16:08,43.3595542907715,-8.8448314666748,"Unknown"
"7014857",371856,2025-07-27 20:21:06,43.3595085144043,-8.84517288208008,"Unknown"
"7014857",371856,2025-07-27 20:26:02,43.3591957092285,-8.84477233886719,"Unknown"
"7014857",371856,2025-07-27 20:31:03,43.3594398498535,-8.84591865539551,"Unknown"
"7014857",371856,2025-07-27 20:36:02,43.3594779968262,-8.84592247009277,"Unknown"
"7014857",371856,2025-07-27 20:41:04,43.3596611022949,-8.84554576873779,"Unknown"
"7014857",371856,2025-07-27 20:46:48,43.3594360351562,-8.8455228805542,"Unknown"
"7014857",371856,2025-07-28 01:46:46,43.3597564697266,-8.84539413452148,"Unknown"
"7014857",371856,2025-07-28 03:18:23,43.3593635559082,-8.84515190124512,"Unknown"
"7014857",371856,2025-07-28 03:22:48,43.359302520752,-8.84520244598389,"Unknown"
"7014857",371856,2025-07-28 03:27:48,43.3593139648438,-8.84517097473145,"Unknown"
"7014857",371856,2025-07-28 03:32:48,43.359317779541,-8.84514045715332,"Unknown"
"7014857",371856,2025-07-28 03:37:49,43.359302520752,-8.84521293640137,"Unknown"
"7014857",371856,2025-07-28 03:42:48,43.3593139648438,-8.84519290924072,"Unknown"
"7014857",371856,2025-07-28 03:47:48,43.3592834472656,-8.84521675109863,"Unknown"
"7014857",371856,2025-07-28 03:52:49,43.3593139648438,-8.84522438049316,"Unknown"
"7014857",371856,2025-07-28 03:57:48,43.3593254089355,-8.84525394439697,"Unknown"
"7014857",371856,2025-07-28 04:02:49,43.3593406677246,-8.84527111053467,"Unknown"
"7014857",371856,2025-07-28 04:07:49,43.3593101501465,-8.84518718719482,"Unknown"
"7014857",371856,2025-07-28 04:12:50,43.3592720031738,-8.84516143798828,"Unknown"
"7014857",371856,2025-07-28 04:17:51,43.359317779541,-8.84517097473145,"Unknown"
"7014857",371856,2025-07-28 04:22:50,43.3700294494629,-8.85348320007324,"Unknown"
"7014857",371856,2025-07-28 04:27:48,43.3914680480957,-8.87739753723145,"Unknown"
"7014857",371856,2025-07-28 04:32:49,43.4123725891113,-8.89834117889404,"Unknown"
"7014857",371856,2025-07-28 04:37:49,43.4262809753418,-8.92146396636963,"Unknown"
"7014857",371856,2025-07-28 04:42:48,43.4260444641113,-8.95700645446777,"Unknown"
"7014857",371856,2025-07-28 04:47:48,43.4184875488281,-8.99654483795166,"Unknown"
"7014857",371856,2025-07-28 04:52:49,43.4099731445312,-9.01947975158691,"Unknown"
"7014857",371856,2025-07-28 04:57:49,43.3895645141602,-9.00454139709473,"Unknown"
"7014857",371856,2025-07-28 05:02:50,43.3884658813477,-9.0055980682373,"Unknown"
"7014857",371856,2025-07-28 05:07:49,43.3715858459473,-9.02962207794189,"Unknown"
"7014857",371856,2025-07-28 05:12:49,43.3526802062988,-9.01212787628174,"Unknown"
"7014857",371856,2025-07-28 05:17:50,43.3480834960938,-8.98721599578857,"Unknown"
"7014857",371856,2025-07-28 05:22:49,43.3394927978516,-8.95358276367188,"Unknown"
"7014857",371856,2025-07-28 05:27:49,43.3432006835938,-8.92765998840332,"Unknown"
"7014857",371856,2025-07-28 05:32:54,43.3517456054688,-8.89639663696289,"Unknown"
"7014857",371856,2025-07-28 05:37:49,43.3582725524902,-8.86217880249023,"Unknown"
"7014857",371856,2025-07-28 05:42:50,43.3589515686035,-8.8446216583252,"Unknown"
"7014857",371856,2025-07-28 05:47:52,43.3590698242188,-8.84471797943115,"Unknown"
"7014857",371856,2025-07-28 05:52:50,43.3590507507324,-8.84477519989014,"Unknown"
"7014857",371856,2025-07-28 05:57:49,43.3591384887695,-8.84488677978516,"Unknown"
"7014857",371856,2025-07-28 06:02:49,43.3439102172852,-8.83414077758789,"Unknown"
"7014857",371856,2025-07-28 06:07:52,43.3275489807129,-8.82956695556641,"Unknown"
"7014857",371856,2025-07-28 06:12:50,43.3273887634277,-8.82856273651123,"Unknown"
"7014857",371856,2025-07-28 06:17:51,43.3274192810059,-8.82827758789062,"Unknown"
"7014857",371856,2025-07-28 06:22:50,43.3267135620117,-8.82789039611816,"Unknown"
"7014857",371856,2025-07-28 06:27:49,43.3129730224609,-8.8388557434082,"Unknown"
"7014857",371856,2025-07-28 06:32:49,43.2881050109863,-8.85774230957031,"Unknown"
"7014857",371856,2025-07-28 06:37:52,43.2839660644531,-8.85464859008789,"Unknown"
"7014857",371856,2025-07-28 06:42:57,43.2839775085449,-8.85464000701904,"Unknown"
"7014857",371856,2025-07-28 06:47:52,43.2839546203613,-8.85470485687256,"Unknown"
"7014857",371856,2025-07-28 06:52:55,43.2839660644531,-8.85476970672607,"Unknown"
"7014857",371856,2025-07-28 06:57:54,43.2839050292969,-8.85469055175781,"Unknown"
"7014857",371856,2025-07-28 07:03:03,43.2839660644531,-8.85508346557617,"Unknown"
"7014857",371856,2025-07-28 07:08:02,43.2839622497559,-8.85501670837402,"Unknown"
"7014857",371856,2025-07-28 07:12:51,43.2839431762695,-8.85499572753906,"Unknown"
"7014857",371856,2025-07-28 07:17:52,43.283016204834,-8.85631275177002,"Unknown"
"7014857",371856,2025-07-28 07:23:00,43.2828636169434,-8.85612106323242,"Unknown"
"7014857",371856,2025-07-28 07:27:54,43.2829818725586,-8.85617065429688,"Unknown"
"7014857",371856,2025-07-28 07:33:15,43.2844314575195,-8.862229347229,"Unknown"
"7014857",371856,2025-07-28 07:37:51,43.2848587036133,-8.861741065979,"Unknown"
"7014857",371856,2025-07-28 07:42:54,43.2866363525391,-8.8605785369873,"Unknown"
"7014857",371856,2025-07-28 07:47:53,43.2867774963379,-8.86025333404541,"Unknown"
"7014857",371856,2025-07-28 07:52:55,43.2856101989746,-8.86087417602539,"Unknown"
"7014857",371856,2025-07-28 07:58:01,43.2861480712891,-8.86136341094971,"Unknown"
"7014857",371856,2025-07-28 08:03:02,43.2862777709961,-8.8615026473999,"Unknown"
"7014857",371856,2025-07-28 08:08:01,43.285831451416,-8.86161041259766,"Unknown"
"7014857",371856,2025-07-28 08:12:52,43.2864303588867,-8.86058139801025,"Unknown"
"7014857",371856,2025-07-28 08:18:02,43.2860527038574,-8.86144256591797,"Unknown"
"7014857",371856,2025-07-28 08:22:53,43.2840118408203,-8.85511302947998,"Unknown"
"7014857",371856,2025-07-28 08:27:52,43.2828750610352,-8.85521125793457,"Unknown"
"7014857",371856,2025-07-28 08:32:53,43.282844543457,-8.85578060150146,"Unknown"
"7014857",371856,2025-07-28 08:37:53,43.2837257385254,-8.85490894317627,"Unknown"
"7014857",371856,2025-07-28 08:42:51,43.2837905883789,-8.85486888885498,"Unknown"
"7014857",371856,2025-07-28 08:48:02,43.2837181091309,-8.8551549911499,"Unknown"
"7014857",371856,2025-07-28 08:53:00,43.2806701660156,-8.86164569854736,"Unknown"
"7014857",371856,2025-07-28 08:57:49,43.2694511413574,-8.83897686004639,"Unknown"
"7014857",371856,2025-07-28 09:02:49,43.2617874145508,-8.81204223632812,"Unknown"
"7014857",371856,2025-07-28 09:07:50,43.2617492675781,-8.78276443481445,"Unknown"
"7014857",371856,2025-07-28 09:12:49,43.2556686401367,-8.75381183624268,"Unknown"
"7014857",371856,2025-07-28 09:17:53,43.2396011352539,-8.72239685058594,"Unknown"
"7014857",371856,2025-07-28 09:22:49,43.2162704467773,-8.69557666778564,"Unknown"
"7014857",371856,2025-07-28 09:27:49,43.2058372497559,-8.67148685455322,"Unknown"
"7014857",371856,2025-07-28 09:32:52,43.2047386169434,-8.63993549346924,"Unknown"
"7014857",371856,2025-07-28 09:37:51,43.1978225708008,-8.61465740203857,"Unknown"
"7014857",371856,2025-07-28 09:42:49,43.1966857910156,-8.58105373382568,"Unknown"
"7014857",371856,2025-07-28 09:47:51,43.1951637268066,-8.54864120483398,"Unknown"
"7014857",371856,2025-07-28 09:53:01,43.2075462341309,-8.53776550292969,"Unknown"
"7014857",371856,2025-07-28 09:57:59,43.2072372436523,-8.53799152374268,"Unknown"
"7014857",371856,2025-07-28 10:03:44,43.2079658508301,-8.53741359710693,"Unknown"
"7014857",371856,2025-07-28 10:07:56,43.2078170776367,-8.53758144378662,"Unknown"
"7014857",371856,2025-07-28 10:13:15,43.2074432373047,-8.53817462921143,"Unknown"
"7014857",371856,2025-07-28 10:17:52,43.2074432373047,-8.53809547424316,"Unknown"
"7014857",371856,2025-07-28 10:22:49,43.1952476501465,-8.51676464080811,"Unknown"
"7014857",371856,2025-07-28 10:27:49,43.1754608154297,-8.49455165863037,"Unknown"
"7014857",371856,2025-07-28 10:32:49,43.1500015258789,-8.47849941253662,"Unknown"
"7014857",371856,2025-07-28 10:37:49,43.1298408508301,-8.47213459014893,"Unknown"
"7014857",371856,2025-07-28 10:42:50,43.1309127807617,-8.47105693817139,"Unknown"
"7014857",371856,2025-07-28 10:47:50,43.1308631896973,-8.4716625213623,"Unknown"
"7014857",371856,2025-07-28 10:52:53,43.1305389404297,-8.47209453582764,"Unknown"
"7014857",371856,2025-07-28 10:57:56,43.1305274963379,-8.47163677215576,"Unknown"
"7014857",371856,2025-07-28 11:02:50,43.1304397583008,-8.47209453582764,"Unknown"
"7014857",371856,2025-07-28 11:07:56,43.1305503845215,-8.47148990631104,"Unknown"
"7014857",371856,2025-07-28 11:12:51,43.1303329467773,-8.47195529937744,"Unknown"
"7014857",371856,2025-07-28 11:17:51,43.1303100585938,-8.47196674346924,"Unknown"
"7014857",371856,2025-07-28 11:22:56,43.1303405761719,-8.47157764434814,"Unknown"
"7014857",371856,2025-07-28 11:27:50,43.1302337646484,-8.47217845916748,"Unknown"
"7014857",371856,2025-07-28 11:32:49,43.1301193237305,-8.47208404541016,"Unknown"
"7014857",371856,2025-07-28 11:37:50,43.1300773620605,-8.47216510772705,"Unknown"
"7014857",371856,2025-07-28 11:42:52,43.1306343078613,-8.47213459014893,"Unknown"
"7014857",371856,2025-07-28 11:47:49,43.1313858032227,-8.46937656402588,"Unknown"
"7014857",371856,2025-07-28 11:52:49,43.132625579834,-8.46914863586426,"Unknown"
"7014857",371856,2025-07-28 11:57:49,43.1325416564941,-8.46893882751465,"Unknown"
"7014857",371856,2025-07-28 12:02:51,43.132640838623,-8.46913433074951,"Unknown"
"7014857",371856,2025-07-28 12:07:49,43.1325378417969,-8.4692907333374,"Unknown"
"7014857",371856,2025-07-28 12:12:49,43.1323928833008,-8.46941947937012,"Unknown"
"7014857",371856,2025-07-28 12:17:49,43.1323738098145,-8.46937084197998,"Unknown"
"7014857",371856,2025-07-28 12:22:49,43.1322822570801,-8.46943283081055,"Unknown"
"7014857",371856,2025-07-28 12:27:49,43.1323432922363,-8.4695348739624,"Unknown"
"7014857",371856,2025-07-28 12:32:51,43.1347618103027,-8.46673202514648,"Unknown"
"7014857",371856,2025-07-28 12:37:49,43.1322441101074,-8.46907997131348,"Unknown"
"7014857",371856,2025-07-28 12:42:49,43.1331405639648,-8.46931457519531,"Unknown"
"7014857",371856,2025-07-28 12:47:50,43.1330947875977,-8.46953773498535,"Unknown"
"7014857",371856,2025-07-28 12:52:50,43.1322288513184,-8.46902370452881,"Unknown"
"7014857",371856,2025-07-28 12:57:50,43.1342735290527,-8.46806716918945,"Unknown"
"7014857",371856,2025-07-28 13:02:50,43.1342735290527,-8.46800994873047,"Unknown"
"7014857",371856,2025-07-28 13:07:49,43.1341972351074,-8.46823310852051,"Unknown"
"7014857",371856,2025-07-28 13:12:49,43.1342735290527,-8.46815299987793,"Unknown"
"7014857",371856,2025-07-28 13:17:53,43.1336708068848,-8.46802711486816,"Unknown"
"7014857",371856,2025-07-28 13:22:50,43.1347122192383,-8.46913146972656,"Unknown"
"7014857",371856,2025-07-28 13:27:50,43.1345825195312,-8.46926498413086,"Unknown"
"7014857",371856,2025-07-28 13:32:49,43.1347045898438,-8.46928119659424,"Unknown"
"7014857",371856,2025-07-28 13:37:50,43.1346473693848,-8.46942615509033,"Unknown"
"7014857",371856,2025-07-28 13:42:50,43.1345367431641,-8.4694938659668,"Unknown"
"7014857",371856,2025-07-28 13:48:04,43.1337471008301,-8.46966648101807,"Unknown"
"7014857",371856,2025-07-28 13:52:52,43.1342544555664,-8.46978282928467,"Unknown"
"7014857",371856,2025-07-28 13:57:50,43.1333389282227,-8.47047233581543,"Unknown"
"7014857",371856,2025-07-28 14:02:50,43.1348571777344,-8.47086238861084,"Unknown"
"7014857",371856,2025-07-28 14:07:51,43.1319999694824,-8.49930667877197,"Unknown"
"7014857",371856,2025-07-28 14:13:23,43.0984687805176,-8.49788093566895,"Unknown"
"7014857",371856,2025-07-28 14:17:48,43.0981636047363,-8.49809837341309,"Unknown"
"7014857",371856,2025-07-28 14:22:50,43.097843170166,-8.498291015625,"Unknown"
"7014857",371856,2025-07-28 14:27:49,43.0976791381836,-8.49828720092773,"Unknown"
"7014857",371856,2025-07-28 14:32:49,43.1007080078125,-8.50161838531494,"Unknown"
"7014857",371856,2025-07-28 14:37:49,43.1020774841309,-8.51914215087891,"Unknown"
"7014857",371856,2025-07-28 14:42:49,43.108226776123,-8.53658676147461,"Unknown"
"7014857",371856,2025-07-28 14:47:48,43.1283988952637,-8.56180477142334,"Unknown"
"7014857",371856,2025-07-28 14:52:49,43.1432762145996,-8.57262802124023,"Unknown"
"7014857",371856,2025-07-28 14:57:51,43.1612701416016,-8.59194183349609,"Unknown"
"7014857",371856,2025-07-28 15:02:49,43.1724967956543,-8.61584281921387,"Unknown"
"7014857",371856,2025-07-28 15:08:00,43.1910667419434,-8.63985729217529,"Unknown"
"7014857",371856,2025-07-28 15:12:49,43.2036285400391,-8.66978454589844,"Unknown"
"7014857",371856,2025-07-28 15:17:50,43.2203063964844,-8.68650913238525,"Unknown"
"7014857",371856,2025-07-28 15:22:49,43.2238121032715,-8.69297695159912,"Unknown"
"7014857",371856,2025-07-28 15:27:49,43.2423477172852,-8.70806503295898,"Unknown"
"7014857",371856,2025-07-28 15:32:49,43.2603073120117,-8.7099609375,"Unknown"
"7014857",371856,2025-07-28 15:38:00,43.2860488891602,-8.71427917480469,"Unknown"
"7014857",371856,2025-07-28 15:42:49,43.2991371154785,-8.75808620452881,"Unknown"
"7014857",371856,2025-07-28 15:47:49,43.3158569335938,-8.80184745788574,"Unknown"
"7014857",371856,2025-07-28 15:52:49,43.33642578125,-8.82912063598633,"Unknown"
"7014857",371856,2025-07-28 15:58:21,43.3612365722656,-8.84817028045654,"Unknown"
"7014857",371856,2025-07-28 16:02:49,43.3597259521484,-8.845778465271,"Unknown"
"7014857",371856,2025-07-28 16:07:49,43.359676361084,-8.84585952758789,"Unknown"
"7014857",371856,2025-07-28 16:12:53,43.3596115112305,-8.84574794769287,"Unknown"
"7014857",371856,2025-07-28 16:17:49,43.3662528991699,-8.84569644927979,"Unknown"
"7014857",371856,2025-07-28 16:23:29,43.3813896179199,-8.85368919372559,"Unknown"
"7014857",371856,2025-07-28 16:27:49,43.3969688415527,-8.85466289520264,"Unknown"
"7014857",371856,2025-07-28 16:32:49,43.4161758422852,-8.85338020324707,"Unknown"
"7014857",371856,2025-07-28 16:37:50,43.432559967041,-8.8416051864624,"Unknown"
"7014857",371856,2025-07-28 16:43:14,43.447093963623,-8.82459259033203,"Unknown"
"7014857",371856,2025-07-28 16:47:49,43.4531593322754,-8.80255699157715,"Unknown"
"7014857",371856,2025-07-28 16:52:53,43.4573860168457,-8.77732467651367,"Unknown"
"7014857",371856,2025-07-28 16:57:50,43.4578819274902,-8.74906826019287,"Unknown"
"7014857",371856,2025-07-28 17:02:50,43.4537582397461,-8.71844387054443,"Unknown"
"7014857",371856,2025-07-28 17:07:50,43.4483528137207,-8.68903732299805,"Unknown"
"7014857",371856,2025-07-28 17:12:49,43.4452209472656,-8.66965675354004,"Unknown"
"7014857",371856,2025-07-28 17:18:07,43.4545478820801,-8.66159343719482,"Unknown"
"7014857",371856,2025-07-28 17:22:49,43.474292755127,-8.67274570465088,"Unknown"
"7014857",371856,2025-07-28 17:27:51,43.4953765869141,-8.67521858215332,"Unknown"
"7014857",371856,2025-07-28 17:33:23,43.5046234130859,-8.65264320373535,"Unknown"
"7014857",371856,2025-07-28 17:37:59,43.496753692627,-8.63322353363037,"Unknown"
"7014857",371856,2025-07-28 17:42:50,43.4911231994629,-8.62009429931641,"Unknown"
"7014857",371856,2025-07-28 17:47:59,43.48486328125,-8.60657024383545,"Unknown"
"7014857",371856,2025-07-28 17:53:15,43.4883728027344,-8.61391830444336,"Unknown"
"7014857",371856,2025-07-28 17:59:03,43.4826965332031,-8.60220146179199,"Unknown"
"7014857",371856,2025-07-28 18:02:48,43.4763603210449,-8.58793067932129,"Unknown"
"7014857",371856,2025-07-28 18:07:51,43.473690032959,-8.58101940155029,"Unknown"
"7014857",371856,2025-07-28 18:12:49,43.4711647033691,-8.57628059387207,"Unknown"
"7014857",371856,2025-07-28 18:17:49,43.4574737548828,-8.54816913604736,"Unknown"
"7014857",371856,2025-07-28 18:22:50,43.4513702392578,-8.53512001037598,"Unknown"
"7014857",371856,2025-07-28 18:27:51,43.4453392028809,-8.52165985107422,"Unknown"
"7014857",371856,2025-07-28 18:32:51,43.4392738342285,-8.50839710235596,"Unknown"
"7014857",371856,2025-07-28 18:38:01,43.4328994750977,-8.49479484558105,"Unknown"
"7014857",371856,2025-07-28 18:42:50,43.4271583557129,-8.48247623443604,"Unknown"
"7014857",371856,2025-07-28 18:47:51,43.4221420288086,-8.46909427642822,"Unknown"
"7014857",371856,2025-07-28 18:52:51,43.4113731384277,-8.46035957336426,"Unknown"
"7014857",371856,2025-07-28 18:57:51,43.4044532775879,-8.4423770904541,"Unknown"
"7014857",371856,2025-07-28 19:03:05,43.4008026123047,-8.42631244659424,"Unknown"
"7014857",371856,2025-07-28 19:07:53,43.3975677490234,-8.41074657440186,"Unknown"
"7014857",371856,2025-07-28 19:13:16,43.3926391601562,-8.39335250854492,"Unknown"
"7014857",371856,2025-07-28 19:17:49,43.3847923278809,-8.38193225860596,"Unknown"
"7014857",371856,2025-07-28 19:22:48,43.3744354248047,-8.37480449676514,"Unknown"
"7014857",371856,2025-07-28 19:27:52,43.3768463134766,-8.37623023986816,"Unknown"
"7014857",371856,2025-07-28 19:32:50,43.3622779846191,-8.37948799133301,"Unknown"
"7014857",371856,2025-07-28 19:38:35,43.3636932373047,-8.39446544647217,"Unknown"
"7014857",371856,2025-07-28 19:42:50,43.3617706298828,-8.40319061279297,"Unknown"
"7014857",371856,2025-07-28 19:47:50,43.3625907897949,-8.39696025848389,"Unknown"
"7014857",371856,2025-07-28 19:52:54,43.3625640869141,-8.39693355560303,"Unknown"
"7014857",371856,2025-07-28 19:58:14,43.3623886108398,-8.39682865142822,"Unknown"
"7014857",371856,2025-07-28 20:02:55,43.362491607666,-8.39664936065674,"Unknown"
"7014857",371856,2025-07-28 20:07:49,43.3601188659668,-8.40287113189697,"Unknown"
"7014857",371856,2025-07-28 20:12:49,43.3599052429199,-8.40309715270996,"Unknown"
"7014857",371856,2025-07-28 20:17:49,43.3605003356934,-8.40287971496582,"Unknown"
"7014857",371856,2025-07-28 20:22:49,43.3689041137695,-8.43301105499268,"Unknown"
"7014857",371856,2025-07-28 20:27:50,43.3528442382812,-8.49038600921631,"Unknown"
"7014857",371856,2025-07-28 20:32:49,43.344066619873,-8.54279613494873,"Unknown"
"7014857",371856,2025-07-28 20:37:49,43.330696105957,-8.60348129272461,"Unknown"
"7014857",371856,2025-07-28 20:44:26,43.3170547485352,-8.68675518035889,"Unknown"
"7014857",371856,2025-07-29 01:44:44,43.3601913452148,-8.84483242034912,"Unknown"
"7014857",371856,2025-07-29 03:19:53,43.3592758178711,-8.84521770477295,"Unknown"
"7014857",371856,2025-07-29 03:24:20,43.3592987060547,-8.84525966644287,"Unknown"
"7014857",371856,2025-07-29 03:29:20,43.3592834472656,-8.84517478942871,"Unknown"
"7014857",371856,2025-07-29 03:34:21,43.359317779541,-8.84519481658936,"Unknown"
"7014857",371856,2025-07-29 03:39:20,43.3593215942383,-8.84513187408447,"Unknown"
"7014857",371856,2025-07-29 03:44:24,43.3593101501465,-8.84519195556641,"Unknown"
"7014857",371856,2025-07-29 03:49:21,43.3592567443848,-8.84520435333252,"Unknown"
"7014857",371856,2025-07-29 03:54:23,43.3593406677246,-8.84527587890625,"Unknown"
"7014857",371856,2025-07-29 03:59:22,43.3594055175781,-8.84537792205811,"Unknown"
"7014857",371856,2025-07-29 04:04:23,43.3593902587891,-8.84529304504395,"Unknown"
"7014857",371856,2025-07-29 04:09:22,43.3593826293945,-8.84533977508545,"Unknown"
"7014857",371856,2025-07-29 04:14:24,43.3595275878906,-8.84529399871826,"Unknown"
"7014857",371856,2025-07-29 04:19:25,43.3594207763672,-8.84530925750732,"Unknown"
"7014857",371856,2025-07-29 04:24:20,43.3594551086426,-8.84522247314453,"Unknown"
"7014857",371856,2025-07-29 04:29:30,43.3594436645508,-8.84528160095215,"Unknown"
"7014857",371856,2025-07-29 04:34:21,43.3616104125977,-8.83956813812256,"Unknown"
"7014857",371856,2025-07-29 04:39:20,43.3834228515625,-8.87497901916504,"Unknown"
"7014857",371856,2025-07-29 04:44:23,43.4029350280762,-8.91176319122314,"Unknown"
"7014857",371856,2025-07-29 04:49:21,43.4174652099609,-8.95298290252686,"Unknown"
"7014857",371856,2025-07-29 04:54:24,43.4224433898926,-8.98148536682129,"Unknown"
"7014857",371856,2025-07-29 04:59:24,43.425464630127,-9.00125885009766,"Unknown"
"7014857",371856,2025-07-29 05:04:21,43.4351425170898,-9.02113246917725,"Unknown"
"7014857",371856,2025-07-29 05:09:24,43.4412040710449,-9.02823543548584,"Unknown"
"7014857",371856,2025-07-29 05:14:24,43.4411010742188,-9.02815437316895,"Unknown"
"7014857",371856,2025-07-29 05:19:23,43.452449798584,-9.01547622680664,"Unknown"
"7014857",371856,2025-07-29 05:24:25,43.4575080871582,-9.0090389251709,"Unknown"
"7014857",371856,2025-07-29 05:29:28,43.4571838378906,-9.00747585296631,"Unknown"
"7014857",371856,2025-07-29 05:34:25,43.4565277099609,-9.00620460510254,"Unknown"
"7014857",371856,2025-07-29 05:39:26,43.4558563232422,-9.0058012008667,"Unknown"
"7014857",371856,2025-07-29 05:44:29,43.4551429748535,-9.00539684295654,"Unknown"
"7014857",371856,2025-07-29 05:49:23,43.4278831481934,-8.99535369873047,"Unknown"
"7014857",371856,2025-07-29 05:54:22,43.3937149047852,-8.99085235595703,"Unknown"
"7014857",371856,2025-07-29 05:59:23,43.3793029785156,-8.97317886352539,"Unknown"
"7014857",371856,2025-07-29 06:04:28,43.3568000793457,-8.95328617095947,"Unknown"
"7014857",371856,2025-07-29 06:09:23,43.3445587158203,-8.92471694946289,"Unknown"
"7014857",371856,2025-07-29 06:14:42,43.3209686279297,-8.90331745147705,"Unknown"
"7014857",371856,2025-07-29 06:19:20,43.3183975219727,-8.88340663909912,"Unknown"
"7014857",371856,2025-07-29 06:24:26,43.3208885192871,-8.85589027404785,"Unknown"
"7014857",371856,2025-07-29 06:29:24,43.3369598388672,-8.84415340423584,"Unknown"
"7014857",371856,2025-07-29 06:34:23,43.3572845458984,-8.84813785552979,"Unknown"
"7014857",371856,2025-07-29 06:39:30,43.3593254089355,-8.84526824951172,"Unknown"
"7014857",371856,2025-07-29 06:44:35,43.3594551086426,-8.84549999237061,"Unknown"
"7014857",371856,2025-07-29 06:49:59,43.3594284057617,-8.84516620635986,"Unknown"
"7014857",371856,2025-07-29 06:54:22,43.3594093322754,-8.84512901306152,"Unknown"
"7014857",371856,2025-07-29 06:59:24,43.3434410095215,-8.8328218460083,"Unknown"
"7014857",371856,2025-07-29 07:04:25,43.3221969604492,-8.81028938293457,"Unknown"
"7014857",371856,2025-07-29 07:09:24,43.3027954101562,-8.78393840789795,"Unknown"
"7014857",371856,2025-07-29 07:14:24,43.2943458557129,-8.75367832183838,"Unknown"
"7014857",371856,2025-07-29 07:19:23,43.2871704101562,-8.71925830841064,"Unknown"
"7014857",371856,2025-07-29 07:24:25,43.2814979553223,-8.68175983428955,"Unknown"
"7014857",371856,2025-07-29 07:29:38,43.2636871337891,-8.65426445007324,"Unknown"
"7014857",371856,2025-07-29 07:34:31,43.2474708557129,-8.62136363983154,"Unknown"
"7014857",371856,2025-07-29 07:39:44,43.2316284179688,-8.60608673095703,"Unknown"
"7014857",371856,2025-07-29 07:44:21,43.2188720703125,-8.57689380645752,"Unknown"
"7014857",371856,2025-07-29 07:49:23,43.2098503112793,-8.54794597625732,"Unknown"
"7014857",371856,2025-07-29 07:54:31,43.2078018188477,-8.53785133361816,"Unknown"
"7014857",371856,2025-07-29 07:59:22,43.2067222595215,-8.53896427154541,"Unknown"
"7014857",371856,2025-07-29 08:04:28,43.207218170166,-8.5381908416748,"Unknown"
"7014857",371856,2025-07-29 08:09:53,43.2073059082031,-8.53831481933594,"Unknown"
"7014857",371856,2025-07-29 08:14:23,43.2073974609375,-8.53839111328125,"Unknown"
"7014857",371856,2025-07-29 08:19:20,43.2072906494141,-8.53877353668213,"Unknown"
"7014857",371856,2025-07-29 08:24:21,43.1931419372559,-8.51524639129639,"Unknown"
"7014857",371856,2025-07-29 08:29:21,43.1701316833496,-8.48986148834229,"Unknown"
"7014857",371856,2025-07-29 08:34:21,43.142261505127,-8.47165203094482,"Unknown"
"7014857",371856,2025-07-29 08:39:24,43.1305847167969,-8.47151756286621,"Unknown"
"7014857",371856,2025-07-29 08:44:22,43.1306381225586,-8.47159671783447,"Unknown"
"7014857",371856,2025-07-29 08:49:24,43.1306419372559,-8.47166919708252,"Unknown"
"7014857",371856,2025-07-29 08:54:21,43.130241394043,-8.47130680084229,"Unknown"
"7014857",371856,2025-07-29 08:59:26,43.1303405761719,-8.47194480895996,"Unknown"
"7014857",371856,2025-07-29 09:04:24,43.1302146911621,-8.47185230255127,"Unknown"
"7014857",371856,2025-07-29 09:09:22,43.1301536560059,-8.47213172912598,"Unknown"
"7014857",371856,2025-07-29 09:14:23,43.1304740905762,-8.47198677062988,"Unknown"
"7014857",371856,2025-07-29 09:19:22,43.1303405761719,-8.47209453582764,"Unknown"
"7014857",371856,2025-07-29 09:24:22,43.1304397583008,-8.47233009338379,"Unknown"
"7014857",371856,2025-07-29 09:29:22,43.1303062438965,-8.47231483459473,"Unknown"
"7014857",371856,2025-07-29 09:34:22,43.1300239562988,-8.47208786010742,"Unknown"
"7014857",371856,2025-07-29 09:39:22,43.1303329467773,-8.4721851348877,"Unknown"
"7014857",371856,2025-07-29 09:44:24,43.1303405761719,-8.47203063964844,"Unknown"
"7014857",371856,2025-07-29 09:49:20,43.1296730041504,-8.47383213043213,"Unknown"
"7014857",371856,2025-07-29 09:54:21,43.1335830688477,-8.48610877990723,"Unknown"
"7014857",371856,2025-07-29 09:59:21,43.1306762695312,-8.49583721160889,"Unknown"
"7014857",371856,2025-07-29 10:04:22,43.1401863098145,-8.52356433868408,"Unknown"
"7014857",371856,2025-07-29 10:09:22,43.1442260742188,-8.54043769836426,"Unknown"
"7014857",371856,2025-07-29 10:14:26,43.150016784668,-8.5654354095459,"Unknown"
"7014857",371856,2025-07-29 10:19:23,43.1689147949219,-8.58056163787842,"Unknown"
"7014857",371856,2025-07-29 10:24:21,43.1885871887207,-8.60195732116699,"Unknown"
"7014857",371856,2025-07-29 10:29:47,43.2171630859375,-8.63772106170654,"Unknown"
"7014857",371856,2025-07-29 10:34:20,43.2327690124512,-8.65778350830078,"Unknown"
"7014857",371856,2025-07-29 10:39:23,43.2474136352539,-8.68612766265869,"Unknown"
"7014857",371856,2025-07-29 10:44:22,43.2683334350586,-8.6976318359375,"Unknown"
"7014857",371856,2025-07-29 10:49:45,43.2917213439941,-8.6974630355835,"Unknown"
"7014857",371856,2025-07-29 10:54:22,43.291690826416,-8.69737148284912,"Unknown"
"7014857",371856,2025-07-29 10:59:24,43.2920684814453,-8.69715213775635,"Unknown"
"7014857",371856,2025-07-29 11:04:38,43.2922210693359,-8.69688987731934,"Unknown"
"7014857",371856,2025-07-29 11:09:28,43.2922019958496,-8.69688892364502,"Unknown"
"7014857",371856,2025-07-29 11:14:22,43.2954597473145,-8.7238655090332,"Unknown"
"7014857",371856,2025-07-29 11:19:21,43.3005638122559,-8.778151512146,"Unknown"
"7014857",371856,2025-07-29 11:24:22,43.3239822387695,-8.81562232971191,"Unknown"
"7014857",371856,2025-07-29 11:29:23,43.346866607666,-8.84019756317139,"Unknown"
"7014857",371856,2025-07-29 11:34:24,43.3593292236328,-8.84488582611084,"Unknown"
"7014857",371856,2025-07-29 11:39:44,43.3593864440918,-8.84504413604736,"Unknown"
"7014857",371856,2025-07-29 11:44:27,43.3591499328613,-8.845383644104,"Unknown"
"7014857",371856,2025-07-29 11:49:49,43.3593597412109,-8.8450813293457,"Unknown"
"7014857",371856,2025-07-29 11:54:20,43.3594169616699,-8.84507751464844,"Unknown"
"7014857",371856,2025-07-29 11:59:20,43.359302520752,-8.84509372711182,"Unknown"
"7014857",371856,2025-07-29 12:04:20,43.3592796325684,-8.84519863128662,"Unknown"
"7014857",371856,2025-07-29 12:09:20,43.3593788146973,-8.84525203704834,"Unknown"
"7014857",371856,2025-07-29 12:14:20,43.3594017028809,-8.84518527984619,"Unknown"
"7014857",371856,2025-07-29 12:19:20,43.3594131469727,-8.84518146514893,"Unknown"
"7014857",371856,2025-07-29 12:24:20,43.3593788146973,-8.84519386291504,"Unknown"
"7014857",371856,2025-07-29 12:29:19,43.3594207763672,-8.84534168243408,"Unknown"
"7014857",371856,2025-07-29 12:34:19,43.359317779541,-8.84528064727783,"Unknown"
"7014857",371856,2025-07-29 12:39:22,43.3595695495605,-8.84492492675781,"Unknown"
"7014857",371856,2025-07-29 12:44:19,43.3593978881836,-8.84515857696533,"Unknown"
"7014857",371856,2025-07-29 12:49:20,43.3593521118164,-8.84526538848877,"Unknown"
"7014857",371856,2025-07-29 12:54:21,43.3595771789551,-8.84535121917725,"Unknown"
"7014857",371856,2025-07-29 12:59:21,43.3593597412109,-8.84526252746582,"Unknown"
"7014857",371856,2025-07-29 13:04:22,43.3593406677246,-8.84525775909424,"Unknown"
"7014857",371856,2025-07-29 13:09:22,43.3592910766602,-8.8452320098877,"Unknown"
"7014857",371856,2025-07-29 13:14:20,43.3593330383301,-8.84528923034668,"Unknown"
"7014857",371856,2025-07-29 13:19:23,43.3593368530273,-8.84523487091064,"Unknown"
"7014857",371856,2025-07-29 13:24:23,43.3586387634277,-8.84464359283447,"Unknown"
"7014857",371856,2025-07-29 13:29:39,43.35986328125,-8.84556293487549,"Unknown"
"7014857",371856,2025-07-29 13:34:36,43.3597030639648,-8.84554004669189,"Unknown"
"7014857",371856,2025-07-29 13:39:21,43.359748840332,-8.84574317932129,"Unknown"
"7014857",371856,2025-07-29 13:44:32,43.3636856079102,-8.84613800048828,"Unknown"
"7014857",371856,2025-07-29 13:49:38,43.3619804382324,-8.84005641937256,"Unknown"
"7014857",371856,2025-07-29 13:54:40,43.3761749267578,-8.8552074432373,"Unknown"
"7014857",371856,2025-07-29 14:00:13,43.3964538574219,-8.88233375549316,"Unknown"
"7014857",371856,2025-07-29 14:14:44,43.4369659423828,-8.95314693450928,"Unknown"
"7014857",371856,2025-07-29 14:19:21,43.4402847290039,-8.96965026855469,"Unknown"
"7014857",371856,2025-07-29 14:24:45,43.447681427002,-8.99078845977783,"Unknown"
"7014857",371856,2025-07-29 14:29:23,43.451904296875,-9.00289344787598,"Unknown"
"7014857",371856,2025-07-29 14:34:20,43.4612579345703,-9.03869819641113,"Unknown"
"7014857",371856,2025-07-29 14:39:21,43.477180480957,-9.0691967010498,"Unknown"
"7014857",371856,2025-07-29 14:44:35,43.4944114685059,-9.09143257141113,"Unknown"
"7014857",371856,2025-07-29 14:49:45,43.4934425354004,-9.09242725372314,"Unknown"
"7014857",371856,2025-07-29 14:54:39,43.5037956237793,-9.10570526123047,"Unknown"
"7014857",371856,2025-07-29 14:59:36,43.5083618164062,-9.09647464752197,"Unknown"
"7014857",371856,2025-07-29 15:04:44,43.522891998291,-9.09394550323486,"Unknown"
"7014857",371856,2025-07-29 15:09:21,43.5324172973633,-9.07881736755371,"Unknown"
"7014857",371856,2025-07-29 15:14:22,43.5458030700684,-9.06299781799316,"Unknown"
"7014857",371856,2025-07-29 15:19:21,43.5598678588867,-9.0492115020752,"Unknown"
"7014857",371856,2025-07-29 15:24:21,43.5710563659668,-9.02930355072021,"Unknown"
"7014857",371856,2025-07-29 15:29:24,43.5740585327148,-9.02663135528564,"Unknown"
"7014857",371856,2025-07-29 15:34:29,43.5736465454102,-9.02745532989502,"Unknown"
"7014857",371856,2025-07-29 15:39:24,43.5733871459961,-9.02843284606934,"Unknown"
"7014857",371856,2025-07-29 15:44:27,43.5729751586914,-9.02935314178467,"Unknown"
"7014857",371856,2025-07-29 15:50:01,43.5578269958496,-9.02391529083252,"Unknown"
"7014857",371856,2025-07-29 15:54:44,43.5270500183105,-9.00904273986816,"Unknown"
"7014857",371856,2025-07-29 15:59:20,43.5162315368652,-9.0042839050293,"Unknown"
"7014857",371856,2025-07-29 16:04:21,43.4836845397949,-8.9862642288208,"Unknown"
"7014857",371856,2025-07-29 16:09:28,43.4543838500977,-8.96435546875,"Unknown"
"7014857",371856,2025-07-29 16:14:21,43.4440841674805,-8.9542350769043,"Unknown"
"7014857",371856,2025-07-29 16:19:21,43.4184761047363,-8.93048095703125,"Unknown"
"7014857",371856,2025-07-29 16:24:24,43.3956184387207,-8.90390014648438,"Unknown"
"7014857",371856,2025-07-29 16:29:29,43.3769264221191,-8.87622165679932,"Unknown"
"7014857",371856,2025-07-29 16:34:23,43.3623046875,-8.84910678863525,"Unknown"
"7014857",371856,2025-07-29 16:39:32,43.3623695373535,-8.8491678237915,"Unknown"
"7014857",371856,2025-07-29 16:44:29,43.3638000488281,-8.8460111618042,"Unknown"
"7014857",371856,2025-07-29 16:49:53,43.3633193969727,-8.84725570678711,"Unknown"
"7014857",371856,2025-07-29 16:54:52,43.3609657287598,-8.84360027313232,"Unknown"
"7014857",371856,2025-07-29 16:59:19,43.3610801696777,-8.843674659729,"Unknown"
"7014857",371856,2025-07-29 17:04:25,43.3610458374023,-8.84369373321533,"Unknown"
"7014857",371856,2025-07-29 17:09:40,43.3609809875488,-8.84349822998047,"Unknown"
"7014857",371856,2025-07-29 17:14:53,43.3611679077148,-8.84404182434082,"Unknown"
"7014857",371856,2025-07-29 17:19:23,43.3613014221191,-8.84440040588379,"Unknown"
"7014857",371856,2025-07-29 17:24:35,43.3611297607422,-8.84483623504639,"Unknown"
"7014857",371856,2025-07-29 17:29:24,43.3594207763672,-8.84585952758789,"Unknown"
"7014857",371856,2025-07-29 17:34:24,43.3592834472656,-8.84486484527588,"Unknown"
"7014857",371856,2025-07-29 17:39:20,43.3593597412109,-8.8453483581543,"Unknown"
"7014857",371856,2025-07-29 17:44:21,43.3593215942383,-8.84530353546143,"Unknown"
"7014857",371856,2025-07-29 17:49:20,43.3592643737793,-8.84500598907471,"Unknown"
"7014857",371856,2025-07-29 17:54:23,43.359260559082,-8.84502410888672,"Unknown"
"7014857",371856,2025-07-29 17:59:27,43.3591842651367,-8.84504985809326,"Unknown"
"7014857",371856,2025-07-29 18:04:23,43.359317779541,-8.84534549713135,"Unknown"
"7014857",371856,2025-07-29 18:09:24,43.3592109680176,-8.8452844619751,"Unknown"
"7014857",371856,2025-07-29 18:14:22,43.359245300293,-8.84494876861572,"Unknown"
"7014857",371856,2025-07-29 18:19:37,43.3592300415039,-8.84504413604736,"Unknown"
"7014857",371856,2025-07-29 18:24:36,43.3593482971191,-8.8451452255249,"Unknown"
"7014857",371856,2025-07-29 18:29:30,43.3593254089355,-8.84528732299805,"Unknown"
"7014857",371856,2025-07-29 18:34:30,43.3593788146973,-8.84515571594238,"Unknown"
"7014857",371856,2025-07-29 18:39:23,43.3592262268066,-8.84514236450195,"Unknown"
"7014857",371856,2025-07-29 18:44:40,43.3592491149902,-8.84513568878174,"Unknown"
"7014857",371856,2025-07-29 18:49:22,43.3593940734863,-8.84544372558594,"Unknown"
"7014857",371856,2025-07-29 18:54:29,43.3593559265137,-8.84539413452148,"Unknown"
"7014857",371856,2025-07-29 18:59:22,43.3592529296875,-8.84529304504395,"Unknown"
"7014857",371856,2025-07-29 19:04:30,43.3592376708984,-8.84525489807129,"Unknown"
"7014857",371856,2025-07-29 19:09:21,43.3593101501465,-8.84526443481445,"Unknown"
"7014857",371856,2025-07-29 19:14:21,43.359317779541,-8.84528541564941,"Unknown"
"7014857",371856,2025-07-29 19:19:30,43.3592758178711,-8.84511184692383,"Unknown"
"7014857",371856,2025-07-29 19:24:30,43.3592376708984,-8.84520149230957,"Unknown"
"7014857",371856,2025-07-29 19:29:30,43.3592758178711,-8.84511947631836,"Unknown"
"7014857",371856,2025-07-29 19:34:44,43.3592529296875,-8.84535694122314,"Unknown"
"7014857",371856,2025-07-29 19:39:23,43.3592567443848,-8.84502696990967,"Unknown"
"7014857",371856,2025-07-29 19:44:27,43.359317779541,-8.84514617919922,"Unknown"
"7014857",371856,2025-07-29 19:49:27,43.3592987060547,-8.84540843963623,"Unknown"
"7014857",371856,2025-07-29 19:54:24,43.3592300415039,-8.84511470794678,"Unknown"
"7014857",371856,2025-07-29 19:59:22,43.3593063354492,-8.84511756896973,"Unknown"
"7014857",371856,2025-07-29 20:04:30,43.3592300415039,-8.84514904022217,"Unknown"
"7014857",371856,2025-07-29 20:09:22,43.3604049682617,-8.84428977966309,"Unknown"
"7014857",371856,2025-07-29 20:14:30,43.3634071350098,-8.83048343658447,"Unknown"
"7014857",371856,2025-07-29 20:19:22,43.3598098754883,-8.82934856414795,"Unknown"
"7014857",371856,2025-07-29 20:24:30,43.3609809875488,-8.83265113830566,"Unknown"
"7014857",371856,2025-07-29 20:30:23,43.3615341186523,-8.82493305206299,"Unknown"
"7014857",371856,2025-07-29 20:34:53,43.3616485595703,-8.83280467987061,"Unknown"
"7014857",371856,2025-07-29 20:39:20,43.3621292114258,-8.83686828613281,"Unknown"
"7014857",371856,2025-07-29 20:44:12,43.3592796325684,-8.84520816802979,"Unknown"
"7014857",371856,2025-07-30 01:44:36,43.3593254089355,-8.84517860412598,"Unknown"
"7014857",371856,2025-07-30 03:21:44,43.3593406677246,-8.84520816802979,"Unknown"
"7014857",371856,2025-07-30 03:26:31,43.3593826293945,-8.84514808654785,"Unknown"
"7014857",371856,2025-07-30 03:31:30,43.3593406677246,-8.84529304504395,"Unknown"
"7014857",371856,2025-07-30 03:36:30,43.3594093322754,-8.84536647796631,"Unknown"
"7014857",371856,2025-07-30 03:41:36,43.3594627380371,-8.84650611877441,"Unknown"
"7014857",371856,2025-07-30 03:46:41,43.3598213195801,-8.84586811065674,"Unknown"
"7014857",371856,2025-07-30 03:51:30,43.3597640991211,-8.84571266174316,"Unknown"
"7014857",371856,2025-07-30 03:56:29,43.3597373962402,-8.8456449508667,"Unknown"
"7014857",371856,2025-07-30 04:01:30,43.3598136901855,-8.84596061706543,"Unknown"
"7014857",371856,2025-07-30 04:06:30,43.3595581054688,-8.84651756286621,"Unknown"
"7014857",371856,2025-07-30 04:11:31,43.3596229553223,-8.84561443328857,"Unknown"
"7014857",371856,2025-07-30 04:16:38,43.3596267700195,-8.8458833694458,"Unknown"
"7014857",371856,2025-07-30 04:21:38,43.3596687316895,-8.84588527679443,"Unknown"
"7014857",371856,2025-07-30 04:26:36,43.3597640991211,-8.84589958190918,"Unknown"
"7014857",371856,2025-07-30 04:32:01,43.3637313842773,-8.83750247955322,"Unknown"
"7014857",371856,2025-07-30 04:36:28,43.3833198547363,-8.84449481964111,"Unknown"
"7014857",371856,2025-07-30 04:41:30,43.4023132324219,-8.86013603210449,"Unknown"
"7014857",371856,2025-07-30 04:46:29,43.4196128845215,-8.89335346221924,"Unknown"
"7014857",371856,2025-07-30 04:51:29,43.431209564209,-8.92765617370605,"Unknown"
"7014857",371856,2025-07-30 04:56:29,43.4417419433594,-8.97546768188477,"Unknown"
"7014857",371856,2025-07-30 05:01:30,43.4483985900879,-9.00941371917725,"Unknown"
"7014857",371856,2025-07-30 05:06:30,43.445499420166,-9.03056240081787,"Unknown"
"7014857",371856,2025-07-30 05:11:28,43.4289970397949,-9.03786468505859,"Unknown"
"7014857",371856,2025-07-30 05:16:30,43.4012756347656,-9.04907321929932,"Unknown"
"7014857",371856,2025-07-30 05:21:29,43.3838272094727,-9.04872417449951,"Unknown"
"7014857",371856,2025-07-30 05:26:30,43.3613624572754,-9.04409313201904,"Unknown"
"7014857",371856,2025-07-30 05:31:30,43.3506546020508,-9.02569389343262,"Unknown"
"7014857",371856,2025-07-30 05:36:28,43.3293914794922,-9.0106143951416,"Unknown"
"7014857",371856,2025-07-30 05:41:29,43.3120765686035,-8.98965549468994,"Unknown"
"7014857",371856,2025-07-30 05:46:29,43.3054275512695,-8.96069145202637,"Unknown"
"7014857",371856,2025-07-30 05:51:29,43.3028030395508,-8.93602561950684,"Unknown"
"7014857",371856,2025-07-30 05:56:28,43.3118515014648,-8.91659736633301,"Unknown"
"7014857",371856,2025-07-30 06:01:28,43.3186378479004,-8.89669227600098,"Unknown"
"7014857",371856,2025-07-30 06:06:28,43.322135925293,-8.87013244628906,"Unknown"
"7014857",371856,2025-07-30 06:11:29,43.314769744873,-8.85704708099365,"Unknown"
"7014857",371856,2025-07-30 06:16:30,43.3149147033691,-8.85706520080566,"Unknown"
"7014857",371856,2025-07-30 06:21:31,43.314754486084,-8.85708236694336,"Unknown"
"7014857",371856,2025-07-30 06:26:29,43.3281745910645,-8.84800243377686,"Unknown"
"7014857",371856,2025-07-30 06:31:29,43.3429679870605,-8.83634662628174,"Unknown"
"7014857",371856,2025-07-30 06:36:29,43.3593368530273,-8.84493446350098,"Unknown"
"7014857",371856,2025-07-30 06:41:29,43.360912322998,-8.83924579620361,"Unknown"
"7014857",371856,2025-07-30 06:46:29,43.3335800170898,-8.82971572875977,"Unknown"
"7014857",371856,2025-07-30 06:51:33,43.3176078796387,-8.80505180358887,"Unknown"
"7014857",371856,2025-07-30 06:56:29,43.3007736206055,-8.77671241760254,"Unknown"
"7014857",371856,2025-07-30 07:01:29,43.2949104309082,-8.75050067901611,"Unknown"
"7014857",371856,2025-07-30 07:06:30,43.2912902832031,-8.72132873535156,"Unknown"
"7014857",371856,2025-07-30 07:11:30,43.2911567687988,-8.68265533447266,"Unknown"
"7014857",371856,2025-07-30 07:16:29,43.2778549194336,-8.66719150543213,"Unknown"
"7014857",371856,2025-07-30 07:21:29,43.2628784179688,-8.64678478240967,"Unknown"
"7014857",371856,2025-07-30 07:26:30,43.2448806762695,-8.61695384979248,"Unknown"
"7014857",371856,2025-07-30 07:31:33,43.2248764038086,-8.58657264709473,"Unknown"
"7014857",371856,2025-07-30 07:36:35,43.2140884399414,-8.56063652038574,"Unknown"
"7014857",371856,2025-07-30 07:41:34,43.2079696655273,-8.5374584197998,"Unknown"
"7014857",371856,2025-07-30 07:46:46,43.2081069946289,-8.53826141357422,"Unknown"
"7014857",371856,2025-07-30 07:52:05,43.2074356079102,-8.53835105895996,"Unknown"
"7014857",371856,2025-07-30 07:56:29,43.2074813842773,-8.53835678100586,"Unknown"
"7014857",371856,2025-07-30 08:01:28,43.2073822021484,-8.53834819793701,"Unknown"
"7014857",371856,2025-07-30 08:06:28,43.207347869873,-8.53825664520264,"Unknown"
"7014857",371856,2025-07-30 08:11:29,43.2074127197266,-8.53807640075684,"Unknown"
"7014857",371856,2025-07-30 08:16:32,43.2015113830566,-8.52394676208496,"Unknown"
"7014857",371856,2025-07-30 08:21:29,43.1784820556641,-8.49759864807129,"Unknown"
"7014857",371856,2025-07-30 08:26:28,43.143238067627,-8.48078346252441,"Unknown"
"7014857",371856,2025-07-30 08:31:36,43.1303787231445,-8.4719877243042,"Unknown"
"7014857",371856,2025-07-30 08:36:31,43.1303291320801,-8.47206020355225,"Unknown"
"7014857",371856,2025-07-30 08:41:32,43.1304054260254,-8.47192859649658,"Unknown"
"7014857",371856,2025-07-30 08:46:31,43.1304779052734,-8.47195529937744,"Unknown"
"7014857",371856,2025-07-30 08:51:30,43.1305274963379,-8.47144031524658,"Unknown"
"7014857",371856,2025-07-30 08:56:34,43.1303672790527,-8.47135257720947,"Unknown"
"7014857",371856,2025-07-30 09:01:31,43.1299896240234,-8.47152805328369,"Unknown"
"7014857",371856,2025-07-30 09:06:31,43.1402206420898,-8.49487018585205,"Unknown"
"7014857",371856,2025-07-30 09:12:19,43.1562767028809,-8.52244853973389,"Unknown"
"7014857",371856,2025-07-30 09:16:44,43.1698532104492,-8.5487174987793,"Unknown"
"7014857",371856,2025-07-30 09:21:35,43.1737251281738,-8.57513904571533,"Unknown"
"7014857",371856,2025-07-30 09:26:34,43.1876373291016,-8.58978652954102,"Unknown"
"7014857",371856,2025-07-30 09:31:40,43.2075080871582,-8.61765575408936,"Unknown"
"7014857",371856,2025-07-30 09:36:29,43.2243728637695,-8.63444900512695,"Unknown"
"7014857",371856,2025-07-30 09:41:29,43.2355194091797,-8.64393711090088,"Unknown"
"7014857",371856,2025-07-30 09:46:29,43.2560234069824,-8.65391826629639,"Unknown"
"7014857",371856,2025-07-30 09:51:29,43.2797546386719,-8.665846824646,"Unknown"
"7014857",371856,2025-07-30 09:56:37,43.2910385131836,-8.72257232666016,"Unknown"
"7014857",371856,2025-07-30 10:01:35,43.3021850585938,-8.77790260314941,"Unknown"
"7014857",371856,2025-07-30 10:06:29,43.3245697021484,-8.81732559204102,"Unknown"
"7014857",371856,2025-07-30 10:11:29,43.3485412597656,-8.84160900115967,"Unknown"
"7014857",371856,2025-07-30 10:16:45,43.3593902587891,-8.84480667114258,"Unknown"
"7014857",371856,2025-07-30 10:21:39,43.3593940734863,-8.84487724304199,"Unknown"
"7014857",371856,2025-07-30 10:26:45,43.3589973449707,-8.84503078460693,"Unknown"
"7014857",371856,2025-07-30 10:31:32,43.3593597412109,-8.8447265625,"Unknown"
"7014857",371856,2025-07-30 10:36:41,43.3595161437988,-8.84500789642334,"Unknown"
"7014857",371856,2025-07-30 10:41:31,43.3591651916504,-8.84554481506348,"Unknown"
"7014857",371856,2025-07-30 10:47:05,43.3594055175781,-8.84533786773682,"Unknown"
"7014857",371856,2025-07-30 10:51:29,43.3594779968262,-8.84533786773682,"Unknown"
"7014857",371856,2025-07-30 10:56:30,43.3593711853027,-8.84540843963623,"Unknown"
"7014857",371856,2025-07-30 11:01:30,43.3592529296875,-8.84540271759033,"Unknown"
"7014857",371856,2025-07-30 11:06:31,43.3594093322754,-8.8453540802002,"Unknown"
"7014857",371856,2025-07-30 11:11:31,43.3593330383301,-8.84532833099365,"Unknown"
"7014857",371856,2025-07-30 11:16:32,43.3592262268066,-8.84532737731934,"Unknown"
"7014857",371856,2025-07-30 11:21:30,43.3595199584961,-8.84527015686035,"Unknown"
"7014857",371856,2025-07-30 11:26:31,43.3595085144043,-8.84532356262207,"Unknown"
"7014857",371856,2025-07-30 11:31:31,43.3595848083496,-8.84536075592041,"Unknown"
"7014857",371856,2025-07-30 11:36:32,43.3593940734863,-8.84528541564941,"Unknown"
"7014857",371856,2025-07-30 11:41:33,43.3595886230469,-8.84543037414551,"Unknown"
"7014857",371856,2025-07-30 11:46:39,43.3594856262207,-8.84528541564941,"Unknown"
"7014857",371856,2025-07-30 11:51:34,43.3572807312012,-8.84373760223389,"Unknown"
"7014857",371856,2025-07-30 11:56:34,43.3544998168945,-8.8405933380127,"Unknown"
"7014857",371856,2025-07-30 12:02:05,43.3540573120117,-8.84043312072754,"Unknown"
"7014857",371856,2025-07-30 12:06:29,43.3541069030762,-8.84067821502686,"Unknown"
"7014857",371856,2025-07-30 12:11:30,43.3286323547363,-8.82937622070312,"Unknown"
"7014857",371856,2025-07-30 12:16:30,43.3284683227539,-8.82764053344727,"Unknown"
"7014857",371856,2025-07-30 12:21:29,43.3277969360352,-8.828444480896,"Unknown"
"7014857",371856,2025-07-30 12:26:29,43.3276596069336,-8.82846832275391,"Unknown"
"7014857",371856,2025-07-30 12:31:30,43.327995300293,-8.82820224761963,"Unknown"
"7014857",371856,2025-07-30 12:36:32,43.3278694152832,-8.82823753356934,"Unknown"
"7014857",371856,2025-07-30 12:41:32,43.327693939209,-8.82851505279541,"Unknown"
"7014857",371856,2025-07-30 12:46:30,43.3265190124512,-8.81953907012939,"Unknown"
"7014857",371856,2025-07-30 12:51:37,43.3460426330566,-8.83782958984375,"Unknown"
"7014857",371856,2025-07-30 12:56:30,43.3594932556152,-8.84529304504395,"Unknown"
"7014857",371856,2025-07-30 13:01:40,43.3592529296875,-8.84521293640137,"Unknown"
"7014857",371856,2025-07-30 13:06:36,43.3592338562012,-8.8450870513916,"Unknown"
"7014857",371856,2025-07-30 13:11:34,43.359260559082,-8.84515953063965,"Unknown"
"7014857",371856,2025-07-30 13:16:38,43.3591957092285,-8.84506225585938,"Unknown"
"7014857",371856,2025-07-30 13:21:44,43.359260559082,-8.84510135650635,"Unknown"
"7014857",371856,2025-07-30 13:26:30,43.3593330383301,-8.84514999389648,"Unknown"
"7014857",371856,2025-07-30 13:31:34,43.3593482971191,-8.84497833251953,"Unknown"
"7014857",371856,2025-07-30 13:36:30,43.3594703674316,-8.84518051147461,"Unknown"
"7014857",371856,2025-07-30 13:41:32,43.3595237731934,-8.84507656097412,"Unknown"
"7014857",371856,2025-07-30 13:47:05,43.3594131469727,-8.84515285491943,"Unknown"
"7014857",371856,2025-07-30 13:51:30,43.3592872619629,-8.84512710571289,"Unknown"
"7014857",371856,2025-07-30 13:56:30,43.3595962524414,-8.84554100036621,"Unknown"
"7014857",371856,2025-07-30 14:01:32,43.3596115112305,-8.84566211700439,"Unknown"
"7014857",371856,2025-07-30 14:06:34,43.3594017028809,-8.84504985809326,"Unknown"
"7014857",371856,2025-07-30 14:11:32,43.3594055175781,-8.84505462646484,"Unknown"
"7014857",371856,2025-07-30 14:16:44,43.3594512939453,-8.84509181976318,"Unknown"
"7014857",371856,2025-07-30 14:21:31,43.3594093322754,-8.84500503540039,"Unknown"
"7014857",371856,2025-07-30 14:26:37,43.3594055175781,-8.84510040283203,"Unknown"
"7014857",371856,2025-07-30 14:31:44,43.359447479248,-8.84513664245605,"Unknown"
"7014857",371856,2025-07-30 14:36:30,43.3593902587891,-8.84506320953369,"Unknown"
"7014857",371856,2025-07-30 14:41:29,43.3594856262207,-8.84515476226807,"Unknown"
"7014857",371856,2025-07-30 14:46:29,43.3596496582031,-8.8452844619751,"Unknown"
"7014857",371856,2025-07-30 14:51:29,43.3596000671387,-8.8453369140625,"Unknown"
"7014857",371856,2025-07-30 14:56:29,43.3595848083496,-8.84528732299805,"Unknown"
"7014857",371856,2025-07-30 15:01:29,43.3596229553223,-8.84535121917725,"Unknown"
"7014857",371856,2025-07-30 15:06:33,43.3594245910645,-8.84520435333252,"Unknown"
"7014857",371856,2025-07-30 15:11:30,43.3595390319824,-8.84536457061768,"Unknown"
"7014857",371856,2025-07-30 15:16:45,43.3592529296875,-8.84522342681885,"Unknown"
"7014857",371856,2025-07-30 15:21:29,43.3593101501465,-8.84526634216309,"Unknown"
"7014857",371856,2025-07-30 15:26:30,43.3594360351562,-8.84518432617188,"Unknown"
"7014857",371856,2025-07-30 15:31:31,43.3593826293945,-8.8451623916626,"Unknown"
"7014857",371856,2025-07-30 15:36:30,43.3563117980957,-8.83796787261963,"Unknown"
"7014857",371856,2025-07-30 15:41:33,43.3276443481445,-8.82833671569824,"Unknown"
"7014857",371856,2025-07-30 15:47:09,43.3277244567871,-8.82854461669922,"Unknown"
"7014857",371856,2025-07-30 15:51:44,43.3278656005859,-8.82852745056152,"Unknown"
"7014857",371856,2025-07-30 15:56:31,43.3293914794922,-8.82727527618408,"Unknown"
"7014857",371856,2025-07-30 16:01:32,43.3295822143555,-8.82758808135986,"Unknown"
"7014857",371856,2025-07-30 16:06:45,43.3416290283203,-8.83313751220703,"Unknown"
"7014857",371856,2025-07-30 16:11:36,43.3404960632324,-8.82954597473145,"Unknown"
"7014857",371856,2025-07-30 16:16:33,43.3402862548828,-8.82961940765381,"Unknown"
"7014857",371856,2025-07-30 16:21:39,43.3405342102051,-8.82956600189209,"Unknown"
"7014857",371856,2025-07-30 16:26:39,43.3406295776367,-8.829514503479,"Unknown"
"7014857",371856,2025-07-30 16:31:39,43.3403701782227,-8.8297290802002,"Unknown"
"7014857",371856,2025-07-30 16:36:39,43.3427925109863,-8.83384799957275,"Unknown"
"7014857",371856,2025-07-30 16:41:30,43.3602104187012,-8.84640693664551,"Unknown"
"7014857",371856,2025-07-30 16:47:29,43.3592643737793,-8.84525775909424,"Unknown"
"7014857",371856,2025-07-30 16:51:31,43.3591041564941,-8.84485626220703,"Unknown"
"7014857",371856,2025-07-30 16:56:32,43.3591957092285,-8.84484004974365,"Unknown"
"7014857",371856,2025-07-30 17:01:33,43.3593368530273,-8.84524440765381,"Unknown"
"7014857",371856,2025-07-30 17:06:33,43.3592758178711,-8.84522247314453,"Unknown"
"7014857",371856,2025-07-30 17:11:36,43.3593711853027,-8.84532928466797,"Unknown"
"7014857",371856,2025-07-30 17:17:05,43.3592948913574,-8.84520149230957,"Unknown"
"7014857",371856,2025-07-30 17:21:30,43.3593139648438,-8.8452262878418,"Unknown"
"7014857",371856,2025-07-30 17:26:34,43.3593521118164,-8.8451452255249,"Unknown"
"7014857",371856,2025-07-30 17:31:31,43.3594703674316,-8.84507751464844,"Unknown"
"7014857",371856,2025-07-30 17:36:36,43.3592643737793,-8.84519481658936,"Unknown"
"7014857",371856,2025-07-30 17:41:31,43.3592987060547,-8.84501075744629,"Unknown"
"7014857",371856,2025-07-30 17:46:31,43.3593482971191,-8.84514331817627,"Unknown"
"7014857",371856,2025-07-30 17:51:32,43.3593292236328,-8.84505558013916,"Unknown"
"7014857",371856,2025-07-30 17:56:34,43.359375,-8.84504795074463,"Unknown"
"7014857",371856,2025-07-30 18:01:41,43.3592948913574,-8.84525108337402,"Unknown"
"7014857",371856,2025-07-30 18:06:30,43.3592720031738,-8.8453369140625,"Unknown"
"7014857",371856,2025-07-30 18:11:30,43.3593864440918,-8.84509468078613,"Unknown"
"7014857",371856,2025-07-30 18:16:31,43.3592681884766,-8.84526920318604,"Unknown"
"7014857",371856,2025-07-30 18:21:34,43.3593254089355,-8.8451681137085,"Unknown"
"7014857",371856,2025-07-30 18:26:33,43.3593406677246,-8.84510326385498,"Unknown"
"7014857",371856,2025-07-30 18:31:30,43.3593978881836,-8.84514331817627,"Unknown"
"7014857",371856,2025-07-30 18:36:31,43.3594932556152,-8.84522533416748,"Unknown"
"7014857",371856,2025-07-30 18:41:32,43.3595657348633,-8.84527683258057,"Unknown"
"7014857",371856,2025-07-30 18:46:32,43.3593940734863,-8.84514904022217,"Unknown"
"7014857",371856,2025-07-30 18:51:32,43.3593635559082,-8.84511566162109,"Unknown"
"7014857",371856,2025-07-30 18:56:33,43.3594856262207,-8.84535503387451,"Unknown"
"7014857",371856,2025-07-30 19:01:44,43.3593559265137,-8.84514713287354,"Unknown"
"7014857",371856,2025-07-30 19:07:05,43.3593521118164,-8.8452730178833,"Unknown"
"7014857",371856,2025-07-30 19:11:44,43.3593978881836,-8.84516048431396,"Unknown"
"7014857",371856,2025-07-30 19:16:30,43.3534736633301,-8.83033752441406,"Unknown"
"7014857",371856,2025-07-30 19:21:30,43.360969543457,-8.82528018951416,"Unknown"
"7014857",371856,2025-07-30 19:26:30,43.3578758239746,-8.83225917816162,"Unknown"
"7014857",371856,2025-07-30 19:31:33,43.360969543457,-8.82812404632568,"Unknown"
"7014857",371856,2025-07-30 19:36:31,43.3553848266602,-8.83302307128906,"Unknown"
"7014857",371856,2025-07-30 19:41:31,43.3537788391113,-8.83236503601074,"Unknown"
"7014857",371856,2025-07-30 19:46:44,43.3564262390137,-8.83841800689697,"Unknown"
"7014857",371856,2025-07-30 19:51:38,43.3555870056152,-8.8354549407959,"Unknown"
"7014857",371856,2025-07-30 19:56:39,43.3555488586426,-8.83528518676758,"Unknown"
"7014857",371856,2025-07-30 20:01:36,43.3585815429688,-8.83253192901611,"Unknown"
"7014857",371856,2025-07-30 20:06:44,43.359302520752,-8.84499931335449,"Unknown"
"7014857",371856,2025-07-30 20:11:34,43.3593940734863,-8.84515762329102,"Unknown"
"7014857",371856,2025-07-30 20:16:39,43.3554916381836,-8.83287811279297,"Unknown"
"7014857",371856,2025-07-30 20:21:39,43.358699798584,-8.83200550079346,"Unknown"
"7014857",371856,2025-07-30 20:26:39,43.3579330444336,-8.83203029632568,"Unknown"
"7014857",371856,2025-07-30 20:32:05,43.3593482971191,-8.84529399871826,"Unknown"
"7014857",371856,2025-07-30 20:36:37,43.3589744567871,-8.84528636932373,"Unknown"
"7014857",371856,2025-07-30 20:42:57,43.3593788146973,-8.845139503479,"Unknown"
"7014857",371856,2025-07-31 01:44:15,43.359188079834,-8.84510231018066,"Unknown"
"7014857",371856,2025-07-31 03:23:35,43.359302520752,-8.84519863128662,"Unknown"
"7014857",371856,2025-07-31 03:28:11,43.3593292236328,-8.84518623352051,"Unknown"
"7014857",371856,2025-07-31 03:33:12,43.3593139648438,-8.84517955780029,"Unknown"
"7014857",371856,2025-07-31 03:38:11,43.3593940734863,-8.84513568878174,"Unknown"
"7014857",371856,2025-07-31 03:43:11,43.3593330383301,-8.8451976776123,"Unknown"
"7014857",371856,2025-07-31 03:48:13,43.3593864440918,-8.8450984954834,"Unknown"
"7014857",371856,2025-07-31 03:53:14,43.3592987060547,-8.8450813293457,"Unknown"
"7014857",371856,2025-07-31 03:58:19,43.3593292236328,-8.84516620635986,"Unknown"
"7014857",371856,2025-07-31 04:03:12,43.3592338562012,-8.84511470794678,"Unknown"
"7014857",371856,2025-07-31 04:08:12,43.3593635559082,-8.84512519836426,"Unknown"
"7014857",371856,2025-07-31 04:13:12,43.359245300293,-8.84515857696533,"Unknown"
"7014857",371856,2025-07-31 04:18:12,43.3630867004395,-8.84920310974121,"Unknown"
"7014857",371856,2025-07-31 04:23:12,43.3813323974609,-8.8855619430542,"Unknown"
"7014857",371856,2025-07-31 04:28:12,43.4022827148438,-8.90620994567871,"Unknown"
"7014857",371856,2025-07-31 04:33:11,43.419132232666,-8.93390369415283,"Unknown"
"7014857",371856,2025-07-31 04:38:12,43.4260139465332,-8.96565628051758,"Unknown"
"7014857",371856,2025-07-31 04:43:12,43.4266319274902,-8.9667501449585,"Unknown"
"7014857",371856,2025-07-31 04:48:11,43.430305480957,-9.002197265625,"Unknown"
"7014857",371856,2025-07-31 04:53:13,43.4231796264648,-9.03527641296387,"Unknown"
"7014857",371856,2025-07-31 04:58:11,43.4224662780762,-9.05074501037598,"Unknown"
"7014857",371856,2025-07-31 05:03:11,43.4224472045898,-9.10070323944092,"Unknown"
"7014857",371856,2025-07-31 05:08:16,43.3998374938965,-9.10288524627686,"Unknown"
"7014857",371856,2025-07-31 05:13:13,43.3649787902832,-9.09928703308105,"Unknown"
"7014857",371856,2025-07-31 05:18:13,43.3407211303711,-9.08544540405273,"Unknown"
"7014857",371856,2025-07-31 05:23:11,43.3253631591797,-9.06196117401123,"Unknown"
"7014857",371856,2025-07-31 05:28:13,43.3059501647949,-9.0389347076416,"Unknown"
"7014857",371856,2025-07-31 05:33:44,43.2892189025879,-9.00871753692627,"Unknown"
"7014857",371856,2025-07-31 05:38:13,43.2760734558105,-8.9872989654541,"Unknown"
"7014857",371856,2025-07-31 05:43:19,43.285270690918,-8.96499061584473,"Unknown"
"7014857",371856,2025-07-31 05:48:15,43.2915077209473,-8.93985748291016,"Unknown"
"7014857",371856,2025-07-31 05:53:35,43.2933197021484,-8.91993999481201,"Unknown"
"7014857",371856,2025-07-31 05:58:11,43.2942314147949,-8.90440845489502,"Unknown"
"7014857",371856,2025-07-31 06:03:14,43.2946929931641,-8.90455627441406,"Unknown"
"7014857",371856,2025-07-31 06:08:17,43.2947578430176,-8.90512943267822,"Unknown"
"7014857",371856,2025-07-31 06:13:17,43.2946662902832,-8.9049768447876,"Unknown"
"7014857",371856,2025-07-31 06:18:22,43.2948188781738,-8.90524959564209,"Unknown"
"7014857",371856,2025-07-31 06:23:12,43.3075370788574,-8.90795516967773,"Unknown"
"7014857",371856,2025-07-31 06:28:14,43.3196144104004,-8.89929962158203,"Unknown"
"7014857",371856,2025-07-31 06:33:16,43.3220520019531,-8.8699836730957,"Unknown"
"7014857",371856,2025-07-31 06:38:15,43.3226013183594,-8.84732341766357,"Unknown"
"7014857",371856,2025-07-31 06:43:16,43.3425788879395,-8.83777904510498,"Unknown"
"7014857",371856,2025-07-31 06:48:18,43.3603324890137,-8.84679698944092,"Unknown"
"7014857",371856,2025-07-31 06:53:17,43.3563842773438,-8.83208179473877,"Unknown"
"7014857",371856,2025-07-31 06:58:23,43.322826385498,-8.81652450561523,"Unknown"
"7014857",371856,2025-07-31 07:03:15,43.3027000427246,-8.78233909606934,"Unknown"
"7014857",371856,2025-07-31 07:08:27,43.2947654724121,-8.75285530090332,"Unknown"
"7014857",371856,2025-07-31 07:13:35,43.2897567749023,-8.71882343292236,"Unknown"
"7014857",371856,2025-07-31 07:18:11,43.2879295349121,-8.68771362304688,"Unknown"
"7014857",371856,2025-07-31 07:23:13,43.2758979797363,-8.66449737548828,"Unknown"
"7014857",371856,2025-07-31 07:28:12,43.2555961608887,-8.62787914276123,"Unknown"
"7014857",371856,2025-07-31 07:33:12,43.2354927062988,-8.60272121429443,"Unknown"
"7014857",371856,2025-07-31 07:38:13,43.2208824157715,-8.5709228515625,"Unknown"
"7014857",371856,2025-07-31 07:43:12,43.2100601196289,-8.55323791503906,"Unknown"
"7014857",371856,2025-07-31 07:48:25,43.2079849243164,-8.53783130645752,"Unknown"
"7014857",371856,2025-07-31 07:53:24,43.2078285217285,-8.53776836395264,"Unknown"
"7014857",371856,2025-07-31 07:58:14,43.2064971923828,-8.53664302825928,"Unknown"
"7014857",371856,2025-07-31 08:03:21,43.1800422668457,-8.52907562255859,"Unknown"
"7014857",371856,2025-07-31 08:08:12,43.1648788452148,-8.509934425354,"Unknown"
"7014857",371856,2025-07-31 08:13:22,43.1389389038086,-8.4803991317749,"Unknown"
"7014857",371856,2025-07-31 08:18:14,43.1301765441895,-8.47250270843506,"Unknown"
"7014857",371856,2025-07-31 08:23:25,43.1298522949219,-8.4708948135376,"Unknown"
"7014857",371856,2025-07-31 08:28:15,43.1299018859863,-8.47111225128174,"Unknown"
"7014857",371856,2025-07-31 08:33:35,43.1299476623535,-8.4707670211792,"Unknown"
"7014857",371856,2025-07-31 08:38:16,43.1299324035645,-8.47119522094727,"Unknown"
"7014857",371856,2025-07-31 08:43:15,43.1306076049805,-8.47147178649902,"Unknown"
"7014857",371856,2025-07-31 08:48:16,43.130615234375,-8.47156524658203,"Unknown"
"7014857",371856,2025-07-31 08:53:12,43.1305809020996,-8.47188758850098,"Unknown"
"7014857",371856,2025-07-31 08:58:15,43.1306495666504,-8.47177410125732,"Unknown"
"7014857",371856,2025-07-31 09:03:19,43.1302299499512,-8.47214412689209,"Unknown"
"7014857",371856,2025-07-31 09:08:15,43.130428314209,-8.47175216674805,"Unknown"
"7014857",371856,2025-07-31 09:13:14,43.1303367614746,-8.47207736968994,"Unknown"
"7014857",371856,2025-07-31 09:18:15,43.1302108764648,-8.47201919555664,"Unknown"
"7014857",371856,2025-07-31 09:23:14,43.1303596496582,-8.47188377380371,"Unknown"
"7014857",371856,2025-07-31 09:28:14,43.1303443908691,-8.47191524505615,"Unknown"
"7014857",371856,2025-07-31 09:33:15,43.130313873291,-8.47263240814209,"Unknown"
"7014857",371856,2025-07-31 09:38:13,43.1305999755859,-8.47161865234375,"Unknown"
"7014857",371856,2025-07-31 09:43:15,43.1303100585938,-8.4721508026123,"Unknown"
"7014857",371856,2025-07-31 09:48:23,43.1305084228516,-8.47170162200928,"Unknown"
"7014857",371856,2025-07-31 09:53:15,43.1305084228516,-8.47172069549561,"Unknown"
"7014857",371856,2025-07-31 09:58:35,43.1304359436035,-8.47175216674805,"Unknown"
"7014857",371856,2025-07-31 10:03:44,43.1303062438965,-8.47171115875244,"Unknown"
"7014857",371856,2025-07-31 10:08:12,43.1303329467773,-8.47200584411621,"Unknown"
"7014857",371856,2025-07-31 10:13:12,43.1357231140137,-8.48588085174561,"Unknown"
"7014857",371856,2025-07-31 10:18:13,43.1441230773926,-8.5070276260376,"Unknown"
"7014857",371856,2025-07-31 10:23:14,43.1484985351562,-8.52137088775635,"Unknown"
"7014857",371856,2025-07-31 10:28:11,43.1438407897949,-8.53739261627197,"Unknown"
"7014857",371856,2025-07-31 10:33:12,43.1699256896973,-8.5567455291748,"Unknown"
"7014857",371856,2025-07-31 10:38:11,43.1878890991211,-8.57768535614014,"Unknown"
"7014857",371856,2025-07-31 10:43:12,43.2032165527344,-8.59946918487549,"Unknown"
"7014857",371856,2025-07-31 10:48:11,43.2226905822754,-8.62754058837891,"Unknown"
"7014857",371856,2025-07-31 10:53:11,43.2311401367188,-8.64562702178955,"Unknown"
"7014857",371856,2025-07-31 10:58:12,43.2529258728027,-8.65842819213867,"Unknown"
"7014857",371856,2025-07-31 11:03:12,43.2821846008301,-8.68173217773438,"Unknown"
"7014857",371856,2025-07-31 11:08:14,43.2917594909668,-8.69753646850586,"Unknown"
"7014857",371856,2025-07-31 11:13:13,43.2917976379395,-8.69761753082275,"Unknown"
"7014857",371856,2025-07-31 11:18:13,43.2919158935547,-8.69766521453857,"Unknown"
"7014857",371856,2025-07-31 11:23:14,43.2918167114258,-8.69724750518799,"Unknown"
"7014857",371856,2025-07-31 11:28:14,43.2915840148926,-8.69635963439941,"Unknown"
"7014857",371856,2025-07-31 11:33:23,43.2920837402344,-8.6965799331665,"Unknown"
"7014857",371856,2025-07-31 11:38:15,43.2924423217773,-8.73818874359131,"Unknown"
"7014857",371856,2025-07-31 11:43:13,43.3092842102051,-8.79255485534668,"Unknown"
"7014857",371856,2025-07-31 11:48:14,43.331844329834,-8.82894420623779,"Unknown"
"7014857",371856,2025-07-31 11:53:13,43.3527450561523,-8.84815311431885,"Unknown"
"7014857",371856,2025-07-31 11:58:15,43.3597373962402,-8.84562492370605,"Unknown"
"7014857",371856,2025-07-31 12:03:24,43.3594436645508,-8.84529590606689,"Unknown"
"7014857",371856,2025-07-31 12:08:35,43.3605766296387,-8.84631443023682,"Unknown"
"7014857",371856,2025-07-31 12:13:11,43.3383102416992,-8.82896041870117,"Unknown"
"7014857",371856,2025-07-31 12:18:11,43.3092308044434,-8.79201412200928,"Unknown"
"7014857",371856,2025-07-31 12:23:13,43.2946510314941,-8.75228881835938,"Unknown"
"7014857",371856,2025-07-31 12:28:15,43.2849617004395,-8.71072006225586,"Unknown"
"7014857",371856,2025-07-31 12:33:14,43.2801933288574,-8.67858695983887,"Unknown"
"7014857",371856,2025-07-31 12:39:03,43.2658729553223,-8.63707160949707,"Unknown"
"7014857",371856,2025-07-31 12:43:12,43.2529602050781,-8.60794734954834,"Unknown"
"7014857",371856,2025-07-31 12:48:12,43.2336616516113,-8.58754634857178,"Unknown"
"7014857",371856,2025-07-31 12:53:15,43.2223968505859,-8.58122634887695,"Unknown"
"7014857",371856,2025-07-31 12:58:12,43.2065467834473,-8.53946876525879,"Unknown"
"7014857",371856,2025-07-31 13:03:12,43.1913566589355,-8.52383327484131,"Unknown"
"7014857",371856,2025-07-31 13:08:21,43.1506843566895,-8.49395561218262,"Unknown"
"7014857",371856,2025-07-31 13:13:12,43.1297760009766,-8.47204875946045,"Unknown"
"7014857",371856,2025-07-31 13:18:12,43.1308288574219,-8.47234630584717,"Unknown"
"7014857",371856,2025-07-31 13:23:13,43.1304550170898,-8.47192287445068,"Unknown"
"7014857",371856,2025-07-31 13:28:16,43.1303901672363,-8.47195053100586,"Unknown"
"7014857",371856,2025-07-31 13:33:21,43.1304359436035,-8.4718132019043,"Unknown"
"7014857",371856,2025-07-31 13:38:12,43.1305770874023,-8.47179222106934,"Unknown"
"7014857",371856,2025-07-31 13:43:25,43.1304168701172,-8.47198963165283,"Unknown"
"7014857",371856,2025-07-31 13:48:16,43.1305656433105,-8.4721155166626,"Unknown"
"7014857",371856,2025-07-31 13:53:24,43.1304740905762,-8.47196483612061,"Unknown"
"7014857",371856,2025-07-31 13:58:24,43.1301918029785,-8.47372341156006,"Unknown"
"7014857",371856,2025-07-31 14:03:17,43.1303672790527,-8.47358512878418,"Unknown"
"7014857",371856,2025-07-31 14:08:24,43.1299591064453,-8.47286701202393,"Unknown"
"7014857",371856,2025-07-31 14:13:24,43.1299629211426,-8.4727725982666,"Unknown"
"7014857",371856,2025-07-31 14:18:24,43.130069732666,-8.47284603118896,"Unknown"
"7014857",371856,2025-07-31 14:23:35,43.1299705505371,-8.47287368774414,"Unknown"
"7014857",371856,2025-07-31 14:28:12,43.1299743652344,-8.47295951843262,"Unknown"
"7014857",371856,2025-07-31 14:33:12,43.1300659179688,-8.47248554229736,"Unknown"
"7014857",371856,2025-07-31 14:38:12,43.1300468444824,-8.47255039215088,"Unknown"
"7014857",371856,2025-07-31 14:43:12,43.1301956176758,-8.47130966186523,"Unknown"
"7014857",371856,2025-07-31 14:48:12,43.1303749084473,-8.47164440155029,"Unknown"
"7014857",371856,2025-07-31 14:53:12,43.1302795410156,-8.47176265716553,"Unknown"
"7014857",371856,2025-07-31 14:58:12,43.1304054260254,-8.47179794311523,"Unknown"
"7014857",371856,2025-07-31 15:03:15,43.1303443908691,-8.47180938720703,"Unknown"
"7014857",371856,2025-07-31 15:08:12,43.1303825378418,-8.47175693511963,"Unknown"
"7014857",371856,2025-07-31 15:13:11,43.130313873291,-8.47187995910645,"Unknown"
"7014857",371856,2025-07-31 15:18:13,43.1303901672363,-8.47194480895996,"Unknown"
"7014857",371856,2025-07-31 15:23:11,43.1303596496582,-8.47189807891846,"Unknown"
"7014857",371856,2025-07-31 15:28:12,43.1303482055664,-8.47185325622559,"Unknown"
"7014857",371856,2025-07-31 15:33:12,43.130443572998,-8.47207832336426,"Unknown"
"7014857",371856,2025-07-31 15:38:15,43.1304168701172,-8.47214126586914,"Unknown"
"7014857",371856,2025-07-31 15:43:12,43.1304168701172,-8.47198867797852,"Unknown"
"7014857",371856,2025-07-31 15:48:13,43.130542755127,-8.47209548950195,"Unknown"
"7014857",371856,2025-07-31 15:53:14,43.1303634643555,-8.47182559967041,"Unknown"
"7014857",371856,2025-07-31 15:58:15,43.1303405761719,-8.47192478179932,"Unknown"
"7014857",371856,2025-07-31 16:03:12,43.1304168701172,-8.471999168396,"Unknown"
"7014857",371856,2025-07-31 16:08:13,43.1303367614746,-8.47211360931396,"Unknown"
"7014857",371856,2025-07-31 16:13:25,43.1303443908691,-8.47159290313721,"Unknown"
"7014857",371856,2025-07-31 16:18:11,43.1360054016113,-8.4898042678833,"Unknown"
"7014857",371856,2025-07-31 16:23:15,43.1213684082031,-8.50454616546631,"Unknown"
"7014857",371856,2025-07-31 16:28:13,43.1022071838379,-8.50218868255615,"Unknown"
"7014857",371856,2025-07-31 16:33:16,43.1008911132812,-8.50011730194092,"Unknown"
"7014857",371856,2025-07-31 16:38:15,43.0995979309082,-8.49753856658936,"Unknown"
"7014857",371856,2025-07-31 16:43:17,43.1026000976562,-8.52038288116455,"Unknown"
"7014857",371856,2025-07-31 16:48:21,43.1190795898438,-8.53868961334229,"Unknown"
"7014857",371856,2025-07-31 16:53:12,43.1370811462402,-8.53997993469238,"Unknown"
"7014857",371856,2025-07-31 16:58:17,43.1524200439453,-8.55672740936279,"Unknown"
"7014857",371856,2025-07-31 17:03:18,43.1660995483398,-8.56709384918213,"Unknown"
"7014857",371856,2025-07-31 17:08:17,43.1810989379883,-8.58500480651855,"Unknown"
"7014857",371856,2025-07-31 17:13:22,43.2035102844238,-8.60984420776367,"Unknown"
"7014857",371856,2025-07-31 17:18:13,43.223072052002,-8.62702751159668,"Unknown"
"7014857",371856,2025-07-31 17:23:24,43.2396545410156,-8.65019416809082,"Unknown"
"7014857",371856,2025-07-31 17:28:21,43.2602920532227,-8.65499210357666,"Unknown"
"7014857",371856,2025-07-31 17:33:24,43.2826271057129,-8.68428897857666,"Unknown"
"7014857",371856,2025-07-31 17:38:25,43.2934417724609,-8.74075603485107,"Unknown"
"7014857",371856,2025-07-31 17:43:25,43.309886932373,-8.79384994506836,"Unknown"
"7014857",371856,2025-07-31 17:48:35,43.3339424133301,-8.82933044433594,"Unknown"
"7014857",371856,2025-07-31 17:53:12,43.3538436889648,-8.8490571975708,"Unknown"
"7014857",371856,2025-07-31 17:58:13,43.3592262268066,-8.84526824951172,"Unknown"
"7014857",371856,2025-07-31 18:03:14,43.3593444824219,-8.84528255462646,"Unknown"
"7014857",371856,2025-07-31 18:08:13,43.3593673706055,-8.84524917602539,"Unknown"
"7014857",371856,2025-07-31 18:13:13,43.3593101501465,-8.8451509475708,"Unknown"
"7014857",371856,2025-07-31 18:18:11,43.3592529296875,-8.84518623352051,"Unknown"
"7014857",371856,2025-07-31 18:23:15,43.3594245910645,-8.8452033996582,"Unknown"
"7014857",371856,2025-07-31 18:28:12,43.3593940734863,-8.8452730178833,"Unknown"
"7014857",371856,2025-07-31 18:33:12,43.3594589233398,-8.84533500671387,"Unknown"
"7014857",371856,2025-07-31 18:38:13,43.3594360351562,-8.84536170959473,"Unknown"
"7014857",371856,2025-07-31 18:43:14,43.359375,-8.84522438049316,"Unknown"
"7014857",371856,2025-07-31 18:48:14,43.3629570007324,-8.83774471282959,"Unknown"
"7014857",371856,2025-07-31 18:53:18,43.372615814209,-8.83209800720215,"Unknown"
"7014857",371856,2025-07-31 18:58:44,43.3899154663086,-8.81847953796387,"Unknown"
"7014857",371856,2025-07-31 19:03:11,43.3998832702637,-8.84661102294922,"Unknown"
"7014857",371856,2025-07-31 19:08:15,43.4134101867676,-8.88230991363525,"Unknown"
"7014857",371856,2025-07-31 19:13:14,43.4135780334473,-8.91142272949219,"Unknown"
"7014857",371856,2025-07-31 19:18:14,43.3819961547852,-8.8971061706543,"Unknown"
"7014857",371856,2025-07-31 19:23:15,43.3598670959473,-8.87226009368896,"Unknown"
"7014857",371856,2025-07-31 19:28:14,43.3603668212891,-8.84792041778564,"Unknown"
"7014857",371856,2025-07-31 19:33:14,43.3596382141113,-8.84566497802734,"Unknown"
"7014857",371856,2025-07-31 19:38:16,43.3592567443848,-8.8451976776123,"Unknown"
"7014857",371856,2025-07-31 19:43:22,43.3589553833008,-8.84416484832764,"Unknown"
"7014857",371856,2025-07-31 19:48:35,43.3591423034668,-8.84508895874023,"Unknown"
"7014857",371856,2025-07-31 19:53:13,43.3591766357422,-8.84545612335205,"Unknown"
"7014857",371856,2025-07-31 19:58:12,43.3615760803223,-8.83250617980957,"Unknown"
"7014857",371856,2025-07-31 20:03:12,43.3613815307617,-8.8322925567627,"Unknown"
"7014857",371856,2025-07-31 20:08:11,43.3618240356445,-8.83412837982178,"Unknown"
"7014857",371856,2025-07-31 20:13:21,43.3592491149902,-8.84520435333252,"Unknown"
"7014857",371856,2025-07-31 20:18:13,43.3593406677246,-8.84523105621338,"Unknown"
"7014857",371856,2025-07-31 20:23:35,43.359317779541,-8.84517097473145,"Unknown"
"7014857",371856,2025-07-31 20:28:12,43.359260559082,-8.84512233734131,"Unknown"
"7014857",371856,2025-07-31 20:33:24,43.3593673706055,-8.84515476226807,"Unknown"
"7014857",371856,2025-07-31 20:38:12,43.3594131469727,-8.84517288208008,"Unknown"
"7014857",371856,2025-07-31 20:41:38,43.3592681884766,-8.84511184692383,"Unknown"
"7014857",371856,2025-08-01 01:42:15,43.3593292236328,-8.84519386291504,"Unknown"
"7014857",371856,2025-08-01 03:25:35,43.359260559082,-8.845139503479,"Unknown"
"7014857",371856,2025-08-01 03:30:04,43.3592185974121,-8.84513187408447,"Unknown"
"7014857",371856,2025-08-01 03:35:06,43.3592796325684,-8.84513664245605,"Unknown"
"7014857",371856,2025-08-01 03:40:04,43.3592681884766,-8.84507083892822,"Unknown"
"7014857",371856,2025-08-01 03:45:04,43.359302520752,-8.84506320953369,"Unknown"
"7014857",371856,2025-08-01 03:50:04,43.3592224121094,-8.84512901306152,"Unknown"
"7014857",371856,2025-08-01 03:55:04,43.3592910766602,-8.84516716003418,"Unknown"
"7014857",371856,2025-08-01 04:00:04,43.3592262268066,-8.84513854980469,"Unknown"
"7014857",371856,2025-08-01 04:05:04,43.3592948913574,-8.84520244598389,"Unknown"
"7014857",371856,2025-08-01 04:10:06,43.3593826293945,-8.84507656097412,"Unknown"
"7014857",371856,2025-08-01 04:15:14,43.3593330383301,-8.84512615203857,"Unknown"
"7014857",371856,2025-08-01 04:20:03,43.3594627380371,-8.84523010253906,"Unknown"
"7014857",371856,2025-08-01 04:25:03,43.3594665527344,-8.84533977508545,"Unknown"
"7014857",371856,2025-08-01 04:30:04,43.3593673706055,-8.84509372711182,"Unknown"
"7014857",371856,2025-08-01 04:35:03,43.3667182922363,-8.85322380065918,"Unknown"
"7014857",371856,2025-08-01 04:40:03,43.383674621582,-8.88111305236816,"Unknown"
"7014857",371856,2025-08-01 04:45:04,43.3903579711914,-8.92270278930664,"Unknown"
"7014857",371856,2025-08-01 04:50:04,43.3897285461426,-8.95913982391357,"Unknown"
"7014857",371856,2025-08-01 04:55:04,43.3789405822754,-8.99046325683594,"Unknown"
"7014857",371856,2025-08-01 05:00:12,43.377815246582,-9.0301628112793,"Unknown"
"7014857",371856,2025-08-01 05:05:09,43.3587684631348,-9.0316104888916,"Unknown"
"7014857",371856,2025-08-01 05:10:07,43.3406143188477,-9.0101432800293,"Unknown"
"7014857",371856,2025-08-01 05:15:07,43.3348922729492,-8.98425674438477,"Unknown"
"7014857",371856,2025-08-01 05:20:06,43.3387832641602,-8.9531307220459,"Unknown"
"7014857",371856,2025-08-01 05:25:07,43.3422470092773,-8.92168998718262,"Unknown"
"7014857",371856,2025-08-01 05:30:39,43.3528060913086,-8.88798427581787,"Unknown"
"7014857",371856,2025-08-01 05:35:03,43.3585815429688,-8.85748672485352,"Unknown"
"7014857",371856,2025-08-01 05:40:07,43.3603820800781,-8.84556674957275,"Unknown"
"7014857",371856,2025-08-01 05:45:04,43.361385345459,-8.83849811553955,"Unknown"
"7014857",371856,2025-08-01 05:50:06,43.3277626037598,-8.8215503692627,"Unknown"
"7014857",371856,2025-08-01 05:55:03,43.3098602294922,-8.79278469085693,"Unknown"
"7014857",371856,2025-08-01 06:00:03,43.2995376586914,-8.76484966278076,"Unknown"
"7014857",371856,2025-08-01 06:05:13,43.2933387756348,-8.74610137939453,"Unknown"
"7014857",371856,2025-08-01 06:10:03,43.2935752868652,-8.74614715576172,"Unknown"
"7014857",371856,2025-08-01 06:15:08,43.2933807373047,-8.7457275390625,"Unknown"
"7014857",371856,2025-08-01 06:20:17,43.2933349609375,-8.74601554870605,"Unknown"
"7014857",371856,2025-08-01 06:25:08,43.2932434082031,-8.74577045440674,"Unknown"
"7014857",371856,2025-08-01 06:30:11,43.2931671142578,-8.74567794799805,"Unknown"
"7014857",371856,2025-08-01 06:35:06,43.2958869934082,-8.73375797271729,"Unknown"
"7014857",371856,2025-08-01 06:40:04,43.2910079956055,-8.70226287841797,"Unknown"
"7014857",371856,2025-08-01 06:45:09,43.2915573120117,-8.69884872436523,"Unknown"
"7014857",371856,2025-08-01 06:50:14,43.2855796813965,-8.68654537200928,"Unknown"
"7014857",371856,2025-08-01 06:55:03,43.2807350158691,-8.66146278381348,"Unknown"
"7014857",371856,2025-08-01 07:00:03,43.2794647216797,-8.63842487335205,"Unknown"
"7014857",371856,2025-08-01 07:05:03,43.2606773376465,-8.60627841949463,"Unknown"
"7014857",371856,2025-08-01 07:10:03,43.2381210327148,-8.57745456695557,"Unknown"
"7014857",371856,2025-08-01 07:15:03,43.2152786254883,-8.559645652771,"Unknown"
"7014857",371856,2025-08-01 07:20:03,43.2094116210938,-8.54576587677002,"Unknown"
"7014857",371856,2025-08-01 07:25:19,43.2071800231934,-8.53765106201172,"Unknown"
"7014857",371856,2025-08-01 07:30:13,43.2079658508301,-8.53759288787842,"Unknown"
"7014857",371856,2025-08-01 07:35:25,43.2080345153809,-8.53752708435059,"Unknown"
"7014857",371856,2025-08-01 07:40:38,43.2075843811035,-8.53765869140625,"Unknown"
"7014857",371856,2025-08-01 07:45:15,43.2070350646973,-8.53823661804199,"Unknown"
"7014857",371856,2025-08-01 07:50:09,43.2072525024414,-8.53829956054688,"Unknown"
"7014857",371856,2025-08-01 07:55:09,43.2069969177246,-8.53841018676758,"Unknown"
"7014857",371856,2025-08-01 08:00:15,43.207218170166,-8.53840827941895,"Unknown"
"7014857",371856,2025-08-01 08:05:09,43.2069396972656,-8.53856468200684,"Unknown"
"7014857",371856,2025-08-01 08:10:09,43.2071495056152,-8.53836345672607,"Unknown"
"7014857",371856,2025-08-01 08:15:15,43.2071647644043,-8.53835868835449,"Unknown"
"7014857",371856,2025-08-01 08:20:04,43.2070808410645,-8.53847789764404,"Unknown"
"7014857",371856,2025-08-01 08:25:08,43.1984100341797,-8.52609729766846,"Unknown"
"7014857",371856,2025-08-01 08:30:34,43.1744995117188,-8.50288963317871,"Unknown"
"7014857",371856,2025-08-01 08:35:03,43.147144317627,-8.49452686309814,"Unknown"
"7014857",371856,2025-08-01 08:40:03,43.1309547424316,-8.47238349914551,"Unknown"
"7014857",371856,2025-08-01 08:45:13,43.1303405761719,-8.47239208221436,"Unknown"
"7014857",371856,2025-08-01 08:50:08,43.1303215026855,-8.47256660461426,"Unknown"
"7014857",371856,2025-08-01 08:55:12,43.1302223205566,-8.47218418121338,"Unknown"
"7014857",371856,2025-08-01 09:00:04,43.130298614502,-8.47196483612061,"Unknown"
"7014857",371856,2025-08-01 09:05:03,43.1302070617676,-8.47250461578369,"Unknown"
"7014857",371856,2025-08-01 09:10:03,43.1301383972168,-8.47204685211182,"Unknown"
"7014857",371856,2025-08-01 09:15:04,43.1302680969238,-8.47187042236328,"Unknown"
"7014857",371856,2025-08-01 09:20:03,43.1302604675293,-8.47189998626709,"Unknown"
"7014857",371856,2025-08-01 09:25:04,43.1301956176758,-8.47201919555664,"Unknown"
"7014857",371856,2025-08-01 09:30:04,43.1302185058594,-8.47197341918945,"Unknown"
"7014857",371856,2025-08-01 09:35:08,43.130184173584,-8.47192573547363,"Unknown"
"7014857",371856,2025-08-01 09:40:05,43.1301689147949,-8.47193241119385,"Unknown"
"7014857",371856,2025-08-01 09:45:44,43.1302223205566,-8.47193336486816,"Unknown"
"7014857",371856,2025-08-01 09:50:08,43.1302185058594,-8.47195053100586,"Unknown"
"7014857",371856,2025-08-01 09:55:07,43.1304397583008,-8.47195434570312,"Unknown"
"7014857",371856,2025-08-01 10:00:06,43.1382179260254,-8.48095989227295,"Unknown"
"7014857",371856,2025-08-01 10:05:04,43.1440582275391,-8.50499820709229,"Unknown"
"7014857",371856,2025-08-01 10:10:07,43.1562767028809,-8.53013610839844,"Unknown"
"7014857",371856,2025-08-01 10:15:04,43.1673774719238,-8.54684829711914,"Unknown"
"7014857",371856,2025-08-01 10:20:14,43.1852188110352,-8.56380081176758,"Unknown"
"7014857",371856,2025-08-01 10:25:03,43.1995506286621,-8.5854377746582,"Unknown"
"7014857",371856,2025-08-01 10:30:03,43.2138290405273,-8.60341739654541,"Unknown"
"7014857",371856,2025-08-01 10:35:09,43.2257080078125,-8.62582206726074,"Unknown"
"7014857",371856,2025-08-01 10:40:03,43.2284469604492,-8.64300632476807,"Unknown"
"7014857",371856,2025-08-01 10:45:19,43.2499160766602,-8.66963386535645,"Unknown"
"7014857",371856,2025-08-01 10:50:22,43.2747993469238,-8.67607307434082,"Unknown"
"7014857",371856,2025-08-01 10:55:10,43.289966583252,-8.70614337921143,"Unknown"
"7014857",371856,2025-08-01 11:00:06,43.2961235046387,-8.75263214111328,"Unknown"
"7014857",371856,2025-08-01 11:05:03,43.3122024536133,-8.7999324798584,"Unknown"
"7014857",371856,2025-08-01 11:10:06,43.3359909057617,-8.82910251617432,"Unknown"
"7014857",371856,2025-08-01 11:15:04,43.3566360473633,-8.84716701507568,"Unknown"
"7014857",371856,2025-08-01 11:20:04,43.3593444824219,-8.84545612335205,"Unknown"
"7014857",371856,2025-08-01 11:25:06,43.3593444824219,-8.84544086456299,"Unknown"
"7014857",371856,2025-08-01 11:30:10,43.3593101501465,-8.84513759613037,"Unknown"
"7014857",371856,2025-08-01 11:35:03,43.3594665527344,-8.84536361694336,"Unknown"
"7014857",371856,2025-08-01 11:40:03,43.3722076416016,-8.84987735748291,"Unknown"
"7014857",371856,2025-08-01 11:45:03,43.35546875,-8.83163833618164,"Unknown"
"7014857",371856,2025-08-01 11:50:03,43.3210754394531,-8.81013298034668,"Unknown"
"7014857",371856,2025-08-01 11:55:03,43.2994346618652,-8.77148056030273,"Unknown"
"7014857",371856,2025-08-01 12:00:03,43.2931671142578,-8.73272323608398,"Unknown"
"7014857",371856,2025-08-01 12:05:04,43.2871322631836,-8.69570827484131,"Unknown"
"7014857",371856,2025-08-01 12:10:06,43.2717094421387,-8.66421031951904,"Unknown"
"7014857",371856,2025-08-01 12:15:14,43.2496566772461,-8.63146686553955,"Unknown"
"7014857",371856,2025-08-01 12:20:14,43.2229843139648,-8.61985397338867,"Unknown"
"7014857",371856,2025-08-01 12:25:10,43.2132301330566,-8.5874547958374,"Unknown"
"7014857",371856,2025-08-01 12:30:03,43.2135353088379,-8.55935859680176,"Unknown"
"7014857",371856,2025-08-01 12:35:11,43.2077255249023,-8.53782939910889,"Unknown"
"7014857",371856,2025-08-01 12:40:13,43.2077865600586,-8.53775024414062,"Unknown"
"7014857",371856,2025-08-01 12:45:17,43.2071342468262,-8.53819561004639,"Unknown"
"7014857",371856,2025-08-01 12:50:09,43.207088470459,-8.53818511962891,"Unknown"
"7014857",371856,2025-08-01 12:55:06,43.1914710998535,-8.51578426361084,"Unknown"
"7014857",371856,2025-08-01 13:00:11,43.1616821289062,-8.49980068206787,"Unknown"
"7014857",371856,2025-08-01 13:05:04,43.1417617797852,-8.48169803619385,"Unknown"
"7014857",371856,2025-08-01 13:10:10,43.1296577453613,-8.47032833099365,"Unknown"
"7014857",371856,2025-08-01 13:15:08,43.1295776367188,-8.47037982940674,"Unknown"
"7014857",371856,2025-08-01 13:20:05,43.1300582885742,-8.47187423706055,"Unknown"
"7014857",371856,2025-08-01 13:25:09,43.1301422119141,-8.47184085845947,"Unknown"
"7014857",371856,2025-08-01 13:30:27,43.1300163269043,-8.47218704223633,"Unknown"
"7014857",371856,2025-08-01 13:35:07,43.1303253173828,-8.4721508026123,"Unknown"
"7014857",371856,2025-08-01 13:40:14,43.1303367614746,-8.47219276428223,"Unknown"
"7014857",371856,2025-08-01 13:45:06,43.1301956176758,-8.47209358215332,"Unknown"
"7014857",371856,2025-08-01 13:50:05,43.1305732727051,-8.47266006469727,"Unknown"
"7014857",371856,2025-08-01 13:55:09,43.1303405761719,-8.47143268585205,"Unknown"
"7014857",371856,2025-08-01 14:00:08,43.1300888061523,-8.47182369232178,"Unknown"
"7014857",371856,2025-08-01 14:05:12,43.1300010681152,-8.47147464752197,"Unknown"
"7014857",371856,2025-08-01 14:10:11,43.1298980712891,-8.47117710113525,"Unknown"
"7014857",371856,2025-08-01 14:16:05,43.1301383972168,-8.4713306427002,"Unknown"
"7014857",371856,2025-08-01 14:20:13,43.130500793457,-8.47040748596191,"Unknown"
"7014857",371856,2025-08-01 14:25:08,43.1304779052734,-8.47072696685791,"Unknown"
"7014857",371856,2025-08-01 14:30:15,43.1299247741699,-8.47137641906738,"Unknown"
"7014857",371856,2025-08-01 14:35:07,43.1300392150879,-8.47162818908691,"Unknown"
"7014857",371856,2025-08-01 14:40:08,43.1301689147949,-8.47183799743652,"Unknown"
"7014857",371856,2025-08-01 14:45:10,43.1297988891602,-8.46962070465088,"Unknown"
"7014857",371856,2025-08-01 14:50:09,43.1296730041504,-8.46848392486572,"Unknown"
"7014857",371856,2025-08-01 14:55:07,43.1296882629395,-8.46940422058105,"Unknown"
"7014857",371856,2025-08-01 15:00:29,43.1294059753418,-8.47062397003174,"Unknown"
"7014857",371856,2025-08-01 15:05:09,43.1355476379395,-8.48817157745361,"Unknown"
"7014857",371856,2025-08-01 15:10:12,43.1434364318848,-8.51045036315918,"Unknown"
"7014857",371856,2025-08-01 15:15:35,43.1593170166016,-8.52842140197754,"Unknown"
"7014857",371856,2025-08-01 15:20:03,43.1670455932617,-8.54201602935791,"Unknown"
"7014857",371856,2025-08-01 15:25:04,43.1868553161621,-8.56507396697998,"Unknown"
"7014857",371856,2025-08-01 15:30:03,43.2050399780273,-8.59355640411377,"Unknown"
"7014857",371856,2025-08-01 15:35:04,43.2213172912598,-8.61958885192871,"Unknown"
"7014857",371856,2025-08-01 15:40:03,43.2366218566895,-8.66316223144531,"Unknown"
"7014857",371856,2025-08-01 15:45:03,43.2591896057129,-8.66011524200439,"Unknown"
"7014857",371856,2025-08-01 15:50:04,43.2853469848633,-8.68129348754883,"Unknown"
"7014857",371856,2025-08-01 15:55:04,43.2916030883789,-8.69717597961426,"Unknown"
"7014857",371856,2025-08-01 16:00:04,43.2915840148926,-8.69762229919434,"Unknown"
"7014857",371856,2025-08-01 16:05:05,43.2920036315918,-8.69783592224121,"Unknown"
"7014857",371856,2025-08-01 16:10:08,43.2917938232422,-8.69745254516602,"Unknown"
"7014857",371856,2025-08-01 16:15:07,43.2918472290039,-8.6973295211792,"Unknown"
"7014857",371856,2025-08-01 16:20:07,43.2936782836914,-8.7424955368042,"Unknown"
"7014857",371856,2025-08-01 16:25:06,43.3105163574219,-8.79604339599609,"Unknown"
"7014857",371856,2025-08-01 16:30:04,43.3328857421875,-8.82924365997314,"Unknown"
"7014857",371856,2025-08-01 16:35:12,43.3535652160645,-8.84793949127197,"Unknown"
"7014857",371856,2025-08-01 16:40:07,43.3593788146973,-8.84531593322754,"Unknown"
"7014857",371856,2025-08-01 16:45:04,43.3593711853027,-8.84532642364502,"Unknown"
"7014857",371856,2025-08-01 16:50:13,43.3593215942383,-8.84536075592041,"Unknown"
"7014857",371856,2025-08-01 16:55:03,43.3594551086426,-8.84542274475098,"Unknown"
"7014857",371856,2025-08-01 17:00:03,43.3594131469727,-8.8450984954834,"Unknown"
"7014857",371856,2025-08-01 17:05:06,43.3593482971191,-8.8453197479248,"Unknown"
"7014857",371856,2025-08-01 17:10:35,43.3593215942383,-8.8452844619751,"Unknown"
"7014857",371856,2025-08-01 17:15:03,43.359489440918,-8.84524345397949,"Unknown"
"7014857",371856,2025-08-01 17:20:03,43.341495513916,-8.83200359344482,"Unknown"
"7014857",371856,2025-08-01 17:25:03,43.3133277893066,-8.79924011230469,"Unknown"
"7014857",371856,2025-08-01 17:30:03,43.3014373779297,-8.76535987854004,"Unknown"
"7014857",371856,2025-08-01 17:35:04,43.2944221496582,-8.7288761138916,"Unknown"
"7014857",371856,2025-08-01 17:40:04,43.2870140075684,-8.69445991516113,"Unknown"
"7014857",371856,2025-08-01 17:45:06,43.2692222595215,-8.65983295440674,"Unknown"
"7014857",371856,2025-08-01 17:50:06,43.2447319030762,-8.62185192108154,"Unknown"
"7014857",371856,2025-08-01 17:55:04,43.219123840332,-8.59942626953125,"Unknown"
"7014857",371856,2025-08-01 18:00:06,43.2138519287109,-8.58143901824951,"Unknown"
"7014857",371856,2025-08-01 18:05:04,43.2094573974609,-8.54572486877441,"Unknown"
"7014857",371856,2025-08-01 18:10:04,43.2044296264648,-8.53404808044434,"Unknown"
"7014857",371856,2025-08-01 18:15:04,43.1737251281738,-8.49928569793701,"Unknown"
"7014857",371856,2025-08-01 18:20:06,43.134391784668,-8.47530269622803,"Unknown"
"7014857",371856,2025-08-01 18:25:09,43.1302604675293,-8.47211647033691,"Unknown"
"7014857",371856,2025-08-01 18:30:10,43.1301116943359,-8.47210311889648,"Unknown"
"7014857",371856,2025-08-01 18:35:11,43.1303405761719,-8.47168350219727,"Unknown"
"7014857",371856,2025-08-01 18:40:06,43.1303482055664,-8.47159576416016,"Unknown"
"7014857",371856,2025-08-01 18:45:07,43.1303901672363,-8.47171020507812,"Unknown"
"7014857",371856,2025-08-01 18:50:12,43.1305541992188,-8.47180366516113,"Unknown"
"7014857",371856,2025-08-01 18:55:24,43.1317329406738,-8.47742462158203,"Unknown"
"7014857",371856,2025-08-01 19:00:06,43.144229888916,-8.49904823303223,"Unknown"
"7014857",371856,2025-08-01 19:05:06,43.1609535217285,-8.52159690856934,"Unknown"
"7014857",371856,2025-08-01 19:10:44,43.1803665161133,-8.54589557647705,"Unknown"
"7014857",371856,2025-08-01 19:15:39,43.1980209350586,-8.57144737243652,"Unknown"
"7014857",371856,2025-08-01 19:20:05,43.2160186767578,-8.58662700653076,"Unknown"
"7014857",371856,2025-08-01 19:25:06,43.2318534851074,-8.6161003112793,"Unknown"
"7014857",371856,2025-08-01 19:30:06,43.2509269714355,-8.62680816650391,"Unknown"
"7014857",371856,2025-08-01 19:35:06,43.2683258056641,-8.64495086669922,"Unknown"
"7014857",371856,2025-08-01 19:40:06,43.2906036376953,-8.69263648986816,"Unknown"
"7014857",371856,2025-08-01 19:45:35,43.2895812988281,-8.71864986419678,"Unknown"
"7014857",371856,2025-08-01 19:50:05,43.3005294799805,-8.76442718505859,"Unknown"
"7014857",371856,2025-08-01 19:55:06,43.3204803466797,-8.80914115905762,"Unknown"
"7014857",371856,2025-08-01 20:00:06,43.3336486816406,-8.82954978942871,"Unknown"
"7014857",371856,2025-08-01 20:05:06,43.3557357788086,-8.84729194641113,"Unknown"
"7014857",371856,2025-08-01 20:10:09,43.3590278625488,-8.84524059295654,"Unknown"
"7014857",371856,2025-08-01 20:15:10,43.3591918945312,-8.84516525268555,"Unknown"
"7014857",371856,2025-08-01 20:20:08,43.3590431213379,-8.84525012969971,"Unknown"
"7014857",371856,2025-08-01 20:25:21,43.3592720031738,-8.8450984954834,"Unknown"
"7014857",371856,2025-08-01 20:30:44,43.3592414855957,-8.84512138366699,"Unknown"
"7014857",371856,2025-08-01 20:35:07,43.3592796325684,-8.84509658813477,"Unknown"
"7014857",371856,2025-08-01 20:40:19,43.3593864440918,-8.84542751312256,"Unknown"
"7014857",371856,2025-08-02 01:40:45,43.3592796325684,-8.84524154663086,"Unknown"
"7014857",371856,2025-08-02 03:27:23,43.3592796325684,-8.84515380859375,"Unknown"
"7014857",371856,2025-08-02 03:31:47,43.3593139648438,-8.84514999389648,"Unknown"
"7014857",371856,2025-08-02 03:36:47,43.3594169616699,-8.84512710571289,"Unknown"
"7014857",371856,2025-08-02 03:41:47,43.3592796325684,-8.84513282775879,"Unknown"
"7014857",371856,2025-08-02 03:46:48,43.3593368530273,-8.84514427185059,"Unknown"
"7014857",371856,2025-08-02 03:51:47,43.3593559265137,-8.84521293640137,"Unknown"
"7014857",371856,2025-08-02 03:56:52,43.3593864440918,-8.84519672393799,"Unknown"
"7014857",371856,2025-08-02 04:01:50,43.3593482971191,-8.84515285491943,"Unknown"
"7014857",371856,2025-08-02 04:06:47,43.3594055175781,-8.84518337249756,"Unknown"
"7014857",371856,2025-08-02 04:11:48,43.359317779541,-8.84515476226807,"Unknown"
"7014857",371856,2025-08-02 04:16:52,43.3593101501465,-8.84519577026367,"Unknown"
"7014857",371856,2025-08-02 04:21:50,43.3593940734863,-8.84546184539795,"Unknown"
"7014857",371856,2025-08-02 04:26:51,43.3593521118164,-8.84541702270508,"Unknown"
"7014857",371856,2025-08-02 04:31:49,43.3611106872559,-8.84340476989746,"Unknown"
"7014857",371856,2025-08-02 04:36:48,43.3742446899414,-8.862473487854,"Unknown"
"7014857",371856,2025-08-02 04:41:47,43.3860969543457,-8.90174007415771,"Unknown"
"7014857",371856,2025-08-02 04:46:49,43.3902969360352,-8.94895553588867,"Unknown"
"7014857",371856,2025-08-02 04:51:48,43.3886947631836,-8.99674415588379,"Unknown"
"7014857",371856,2025-08-02 04:57:06,43.3600692749023,-9.01703929901123,"Unknown"
"7014857",371856,2025-08-02 05:02:02,43.3320999145508,-9.04382705688477,"Unknown"
"7014857",371856,2025-08-02 05:07:02,43.3356285095215,-9.05902767181396,"Unknown"
"7014857",371856,2025-08-02 05:12:03,43.3350067138672,-9.05789089202881,"Unknown"
"7014857",371856,2025-08-02 05:17:07,43.3123435974121,-9.03573513031006,"Unknown"
"7014857",371856,2025-08-02 05:22:14,43.2881393432617,-9.01148986816406,"Unknown"
"7014857",371856,2025-08-02 05:26:48,43.2818298339844,-8.99769878387451,"Unknown"
"7014857",371856,2025-08-02 05:32:12,43.2816925048828,-8.98184108734131,"Unknown"
"7014857",371856,2025-08-02 05:36:49,43.2877197265625,-8.96147346496582,"Unknown"
"7014857",371856,2025-08-02 05:42:00,43.2919273376465,-8.92675971984863,"Unknown"
"7014857",371856,2025-08-02 05:47:03,43.2949829101562,-8.90526676177979,"Unknown"
"7014857",371856,2025-08-02 05:51:52,43.2945785522461,-8.90629386901855,"Unknown"
"7014857",371856,2025-08-02 05:57:02,43.2943458557129,-8.90569400787354,"Unknown"
"7014857",371856,2025-08-02 06:01:56,43.2942886352539,-8.90519332885742,"Unknown"
"7014857",371856,2025-08-02 06:06:51,43.2948341369629,-8.90577411651611,"Unknown"
"7014857",371856,2025-08-02 06:11:48,43.3091926574707,-8.90882301330566,"Unknown"
"7014857",371856,2025-08-02 06:16:56,43.3195266723633,-8.89811325073242,"Unknown"
"7014857",371856,2025-08-02 06:21:48,43.3219528198242,-8.87105464935303,"Unknown"
"7014857",371856,2025-08-02 06:26:47,43.3194732666016,-8.84837245941162,"Unknown"
"7014857",371856,2025-08-02 06:32:35,43.344482421875,-8.84113025665283,"Unknown"
"7014857",371856,2025-08-02 06:36:47,43.3521003723145,-8.84479999542236,"Unknown"
"7014857",371856,2025-08-02 06:41:54,43.3594741821289,-8.84532833099365,"Unknown"
"7014857",371856,2025-08-02 06:46:48,43.3458251953125,-8.83147525787354,"Unknown"
"7014857",371856,2025-08-02 06:51:48,43.3207168579102,-8.80657386779785,"Unknown"
"7014857",371856,2025-08-02 06:56:49,43.2999649047852,-8.77391242980957,"Unknown"
"7014857",371856,2025-08-02 07:02:14,43.2926368713379,-8.73929405212402,"Unknown"
"7014857",371856,2025-08-02 07:06:47,43.2891960144043,-8.70808887481689,"Unknown"
"7014857",371856,2025-08-02 07:11:47,43.2910194396973,-8.67881774902344,"Unknown"
"7014857",371856,2025-08-02 07:16:47,43.2703857421875,-8.66018867492676,"Unknown"
"7014857",371856,2025-08-02 07:21:47,43.2530708312988,-8.6209602355957,"Unknown"
"7014857",371856,2025-08-02 07:26:47,43.2349128723145,-8.59060478210449,"Unknown"
"7014857",371856,2025-08-02 07:31:47,43.2169227600098,-8.56889629364014,"Unknown"
"7014857",371856,2025-08-02 07:36:47,43.2108993530273,-8.55142974853516,"Unknown"
"7014857",371856,2025-08-02 07:41:48,43.2080192565918,-8.53789615631104,"Unknown"
"7014857",371856,2025-08-02 07:47:14,43.207462310791,-8.53834819793701,"Unknown"
"7014857",371856,2025-08-02 07:51:49,43.2072944641113,-8.53837490081787,"Unknown"
"7014857",371856,2025-08-02 07:56:49,43.2073402404785,-8.53833675384521,"Unknown"
"7014857",371856,2025-08-02 08:01:47,43.2027168273926,-8.53368759155273,"Unknown"
"7014857",371856,2025-08-02 08:06:49,43.1754684448242,-8.51996421813965,"Unknown"
"7014857",371856,2025-08-02 08:11:51,43.1464157104492,-8.4927921295166,"Unknown"
"7014857",371856,2025-08-02 08:16:47,43.1297607421875,-8.47217082977295,"Unknown"
"7014857",371856,2025-08-02 08:21:49,43.1300048828125,-8.47232532501221,"Unknown"
"7014857",371856,2025-08-02 08:26:48,43.1298904418945,-8.47233009338379,"Unknown"
"7014857",371856,2025-08-02 08:32:53,43.130241394043,-8.47188472747803,"Unknown"
"7014857",371856,2025-08-02 08:36:47,43.1302146911621,-8.47201728820801,"Unknown"
"7014857",371856,2025-08-02 08:41:48,43.1302909851074,-8.4718713760376,"Unknown"
"7014857",371856,2025-08-02 08:46:49,43.130256652832,-8.47187805175781,"Unknown"
"7014857",371856,2025-08-02 08:51:54,43.1303634643555,-8.471923828125,"Unknown"
"7014857",371856,2025-08-02 08:56:48,43.1302299499512,-8.47201347351074,"Unknown"
"7014857",371856,2025-08-02 09:01:48,43.1302185058594,-8.47202587127686,"Unknown"
"7014857",371856,2025-08-02 09:06:48,43.1300888061523,-8.47192478179932,"Unknown"
"7014857",371856,2025-08-02 09:11:48,43.1299819946289,-8.47213077545166,"Unknown"
"7014857",371856,2025-08-02 09:16:50,43.130298614502,-8.47183799743652,"Unknown"
"7014857",371856,2025-08-02 09:21:48,43.1302719116211,-8.4714879989624,"Unknown"
"7014857",371856,2025-08-02 09:26:48,43.1300888061523,-8.4719409942627,"Unknown"
"7014857",371856,2025-08-02 09:31:56,43.130069732666,-8.471923828125,"Unknown"
"7014857",371856,2025-08-02 09:36:48,43.1302185058594,-8.47182464599609,"Unknown"
"7014857",371856,2025-08-02 09:41:47,43.1308250427246,-8.48127841949463,"Unknown"
"7014857",371856,2025-08-02 09:46:46,43.1378898620605,-8.49696731567383,"Unknown"
"7014857",371856,2025-08-02 09:51:48,43.1417083740234,-8.52891635894775,"Unknown"
"7014857",371856,2025-08-02 09:56:49,43.1626892089844,-8.56098365783691,"Unknown"
"7014857",371856,2025-08-02 10:01:52,43.1738090515137,-8.56681728363037,"Unknown"
"7014857",371856,2025-08-02 10:06:50,43.1838684082031,-8.57979679107666,"Unknown"
"7014857",371856,2025-08-02 10:12:13,43.2133293151855,-8.59821605682373,"Unknown"
"7014857",371856,2025-08-02 10:16:47,43.2243995666504,-8.60733795166016,"Unknown"
"7014857",371856,2025-08-02 10:21:48,43.2386322021484,-8.63903713226318,"Unknown"
"7014857",371856,2025-08-02 10:26:47,43.2568550109863,-8.6512622833252,"Unknown"
"7014857",371856,2025-08-02 10:31:48,43.2798271179199,-8.6759614944458,"Unknown"
"7014857",371856,2025-08-02 10:36:46,43.2895927429199,-8.69773578643799,"Unknown"
"7014857",371856,2025-08-02 10:41:47,43.2895774841309,-8.69766139984131,"Unknown"
"7014857",371856,2025-08-02 10:47:14,43.2916374206543,-8.69720268249512,"Unknown"
"7014857",371856,2025-08-02 10:51:47,43.2944946289062,-8.73970985412598,"Unknown"
"7014857",371856,2025-08-02 10:56:47,43.3108825683594,-8.79379940032959,"Unknown"
"7014857",371856,2025-08-02 11:01:49,43.3339500427246,-8.82942295074463,"Unknown"
"7014857",371856,2025-08-02 11:07:00,43.3564414978027,-8.84755611419678,"Unknown"
"7014857",371856,2025-08-02 11:11:52,43.3592758178711,-8.84536075592041,"Unknown"
"7014857",371856,2025-08-02 11:16:50,43.3592109680176,-8.84528064727783,"Unknown"
"7014857",371856,2025-08-02 11:22:15,43.3593101501465,-8.84537410736084,"Unknown"
"7014857",371856,2025-08-02 11:26:47,43.3592834472656,-8.84540367126465,"Unknown"
"7014857",371856,2025-08-02 11:31:48,43.3591537475586,-8.84520530700684,"Unknown"
"7014857",371856,2025-08-02 11:36:47,43.359245300293,-8.8452205657959,"Unknown"
"7014857",371856,2025-08-02 11:41:51,43.3592109680176,-8.84515190124512,"Unknown"
"7014857",371856,2025-08-02 11:47:23,43.3571701049805,-8.84022426605225,"Unknown"
"7014857",371856,2025-08-02 11:51:48,43.3287658691406,-8.82265758514404,"Unknown"
"7014857",371856,2025-08-02 11:56:51,43.3045120239258,-8.78584098815918,"Unknown"
"7014857",371856,2025-08-02 12:02:14,43.2953186035156,-8.74967575073242,"Unknown"
"7014857",371856,2025-08-02 12:06:47,43.2896995544434,-8.7179126739502,"Unknown"
"7014857",371856,2025-08-02 12:11:47,43.2846412658691,-8.68574619293213,"Unknown"
"7014857",371856,2025-08-02 12:16:49,43.2697334289551,-8.65124225616455,"Unknown"
"7014857",371856,2025-08-02 12:21:47,43.2554893493652,-8.61498641967773,"Unknown"
"7014857",371856,2025-08-02 12:26:48,43.2358360290527,-8.59426498413086,"Unknown"
"7014857",371856,2025-08-02 12:31:47,43.2277488708496,-8.55683994293213,"Unknown"
"7014857",371856,2025-08-02 12:36:47,43.2166061401367,-8.5508975982666,"Unknown"
"7014857",371856,2025-08-02 12:41:47,43.1948318481445,-8.51954364776611,"Unknown"
"7014857",371856,2025-08-02 12:47:14,43.183406829834,-8.50765609741211,"Unknown"
"7014857",371856,2025-08-02 12:51:49,43.1541595458984,-8.48504447937012,"Unknown"
"7014857",371856,2025-08-02 12:56:49,43.1309394836426,-8.47237491607666,"Unknown"
"7014857",371856,2025-08-02 13:01:53,43.1302871704102,-8.47208118438721,"Unknown"
"7014857",371856,2025-08-02 13:06:52,43.1299934387207,-8.47199535369873,"Unknown"
"7014857",371856,2025-08-02 13:11:48,43.130184173584,-8.47208118438721,"Unknown"
"7014857",371856,2025-08-02 13:17:01,43.1297798156738,-8.47192287445068,"Unknown"
"7014857",371856,2025-08-02 13:21:54,43.1300506591797,-8.47383594512939,"Unknown"
"7014857",371856,2025-08-02 13:27:23,43.1299629211426,-8.473708152771,"Unknown"
"7014857",371856,2025-08-02 13:31:49,43.1297225952148,-8.47280311584473,"Unknown"
"7014857",371856,2025-08-02 13:36:48,43.1297874450684,-8.47281932830811,"Unknown"
"7014857",371856,2025-08-02 13:41:47,43.129768371582,-8.47281360626221,"Unknown"
"7014857",371856,2025-08-02 13:47:04,43.1297912597656,-8.4730396270752,"Unknown"
"7014857",371856,2025-08-02 13:51:48,43.129581451416,-8.47246837615967,"Unknown"
"7014857",371856,2025-08-02 13:57:14,43.1298789978027,-8.47198867797852,"Unknown"
"7014857",371856,2025-08-02 14:01:58,43.1300888061523,-8.47189712524414,"Unknown"
"7014857",371856,2025-08-02 14:06:49,43.130126953125,-8.47184658050537,"Unknown"
"7014857",371856,2025-08-02 14:12:01,43.1301231384277,-8.47189235687256,"Unknown"
"7014857",371856,2025-08-02 14:16:49,43.1302337646484,-8.47238159179688,"Unknown"
"7014857",371856,2025-08-02 14:22:05,43.1301155090332,-8.4719181060791,"Unknown"
"7014857",371856,2025-08-02 14:26:53,43.1302528381348,-8.47236251831055,"Unknown"
"7014857",371856,2025-08-02 14:31:54,43.1302108764648,-8.47219657897949,"Unknown"
"7014857",371856,2025-08-02 14:36:52,43.1302299499512,-8.47173881530762,"Unknown"
"7014857",371856,2025-08-02 14:42:06,43.1304054260254,-8.47190761566162,"Unknown"
"7014857",371856,2025-08-02 14:47:14,43.1302795410156,-8.47172069549561,"Unknown"
"7014857",371856,2025-08-02 14:51:51,43.1302871704102,-8.4718713760376,"Unknown"
"7014857",371856,2025-08-02 14:56:47,43.1302337646484,-8.47154235839844,"Unknown"
"7014857",371856,2025-08-02 15:01:48,43.1302833557129,-8.47162532806396,"Unknown"
"7014857",371856,2025-08-02 15:06:47,43.1303062438965,-8.47149562835693,"Unknown"
"7014857",371856,2025-08-02 15:11:48,43.1302947998047,-8.47174739837646,"Unknown"
"7014857",371856,2025-08-02 15:16:50,43.1303634643555,-8.47165775299072,"Unknown"
"7014857",371856,2025-08-02 15:21:50,43.1303062438965,-8.47182846069336,"Unknown"
"7014857",371856,2025-08-02 15:26:54,43.1304702758789,-8.47184085845947,"Unknown"
"7014857",371856,2025-08-02 15:32:14,43.1316261291504,-8.47741985321045,"Unknown"
"7014857",371856,2025-08-02 15:36:47,43.1365280151367,-8.49272918701172,"Unknown"
"7014857",371856,2025-08-02 15:41:47,43.1525459289551,-8.51159763336182,"Unknown"
"7014857",371856,2025-08-02 15:46:51,43.1622543334961,-8.53425884246826,"Unknown"
"7014857",371856,2025-08-02 15:51:49,43.1772499084473,-8.55459594726562,"Unknown"
"7014857",371856,2025-08-02 15:56:48,43.189697265625,-8.58036804199219,"Unknown"
"7014857",371856,2025-08-02 16:01:47,43.2108688354492,-8.59968662261963,"Unknown"
"7014857",371856,2025-08-02 16:07:14,43.2240142822266,-8.62627601623535,"Unknown"
"7014857",371856,2025-08-02 16:11:47,43.2386016845703,-8.64299869537354,"Unknown"
"7014857",371856,2025-08-02 16:16:48,43.2588920593262,-8.65336227416992,"Unknown"
"7014857",371856,2025-08-02 16:21:52,43.2833976745605,-8.68108654022217,"Unknown"
"7014857",371856,2025-08-02 16:26:55,43.2917289733887,-8.69690990447998,"Unknown"
"7014857",371856,2025-08-02 16:32:35,43.2919387817383,-8.69753837585449,"Unknown"
"7014857",371856,2025-08-02 16:36:50,43.2921829223633,-8.69726848602295,"Unknown"
"7014857",371856,2025-08-02 16:41:53,43.2917747497559,-8.69789600372314,"Unknown"
"7014857",371856,2025-08-02 16:47:23,43.2919921875,-8.69653034210205,"Unknown"
"7014857",371856,2025-08-02 16:51:48,43.2919921875,-8.69653606414795,"Unknown"
"7014857",371856,2025-08-02 16:56:48,43.2947769165039,-8.72443962097168,"Unknown"
"7014857",371856,2025-08-02 17:01:47,43.305362701416,-8.78528690338135,"Unknown"
"7014857",371856,2025-08-02 17:06:47,43.3286323547363,-8.8217306137085,"Unknown"
"7014857",371856,2025-08-02 17:11:47,43.3493041992188,-8.8449068069458,"Unknown"
"7014857",371856,2025-08-02 17:16:50,43.3593559265137,-8.84519195556641,"Unknown"
"7014857",371856,2025-08-02 17:21:50,43.3593215942383,-8.84540176391602,"Unknown"
"7014857",371856,2025-08-02 17:26:56,43.3592948913574,-8.84538841247559,"Unknown"
"7014857",371856,2025-08-02 17:31:55,43.359260559082,-8.84513378143311,"Unknown"
"7014857",371856,2025-08-02 17:36:52,43.3594589233398,-8.84532260894775,"Unknown"
"7014857",371856,2025-08-02 17:41:49,43.3593521118164,-8.84541988372803,"Unknown"
"7014857",371856,2025-08-02 17:46:49,43.3592872619629,-8.84534072875977,"Unknown"
"7014857",371856,2025-08-02 17:51:50,43.3592872619629,-8.8454418182373,"Unknown"
"7014857",371856,2025-08-02 17:56:48,43.359317779541,-8.84534549713135,"Unknown"
"7014857",371856,2025-08-02 18:01:50,43.3592758178711,-8.84540367126465,"Unknown"
"7014857",371856,2025-08-02 18:06:48,43.3591842651367,-8.84524250030518,"Unknown"
"7014857",371856,2025-08-02 18:11:49,43.3592910766602,-8.84526062011719,"Unknown"
"7014857",371856,2025-08-02 18:16:49,43.3591346740723,-8.84518051147461,"Unknown"
"7014857",371856,2025-08-02 18:21:48,43.3592910766602,-8.84525012969971,"Unknown"
"7014857",371856,2025-08-02 18:27:15,43.3595542907715,-8.84515857696533,"Unknown"
"7014857",371856,2025-08-02 18:31:49,43.3597717285156,-8.8454065322876,"Unknown"
"7014857",371856,2025-08-02 18:36:51,43.3613471984863,-8.84391403198242,"Unknown"
"7014857",371856,2025-08-02 18:41:49,43.338695526123,-8.82817554473877,"Unknown"
"7014857",371856,2025-08-02 18:46:49,43.3135299682617,-8.79975414276123,"Unknown"
"7014857",371856,2025-08-02 18:52:53,43.3014755249023,-8.76372718811035,"Unknown"
"7014857",371856,2025-08-02 18:56:50,43.2926712036133,-8.73654270172119,"Unknown"
"7014857",371856,2025-08-02 19:01:51,43.2894744873047,-8.70705986022949,"Unknown"
"7014857",371856,2025-08-02 19:07:01,43.292163848877,-8.69646263122559,"Unknown"
"7014857",371856,2025-08-02 19:11:53,43.2921752929688,-8.69635391235352,"Unknown"
"7014857",371856,2025-08-02 19:17:04,43.2927742004395,-8.69620895385742,"Unknown"
"7014857",371856,2025-08-02 19:22:07,43.2919692993164,-8.69616985321045,"Unknown"
"7014857",371856,2025-08-02 19:26:49,43.2875366210938,-8.68297481536865,"Unknown"
"7014857",371856,2025-08-02 19:31:51,43.2970275878906,-8.73369598388672,"Unknown"
"7014857",371856,2025-08-02 19:36:50,43.3051338195801,-8.78083896636963,"Unknown"
"7014857",371856,2025-08-02 19:41:55,43.3248138427734,-8.80898857116699,"Unknown"
"7014857",371856,2025-08-02 19:47:14,43.342887878418,-8.83199501037598,"Unknown"
"7014857",371856,2025-08-02 19:51:51,43.3590660095215,-8.83244132995605,"Unknown"
"7014857",371856,2025-08-02 19:56:49,43.3595657348633,-8.84550189971924,"Unknown"
"7014857",371856,2025-08-02 20:01:51,43.359260559082,-8.84517288208008,"Unknown"
"7014857",371856,2025-08-02 20:06:51,43.3594856262207,-8.84543800354004,"Unknown"
"7014857",371856,2025-08-02 20:11:54,43.3592071533203,-8.84515953063965,"Unknown"
"7014857",371856,2025-08-02 20:16:51,43.3590927124023,-8.84500598907471,"Unknown"
"7014857",371856,2025-08-02 20:21:51,43.3593978881836,-8.84533214569092,"Unknown"
"7014857",371856,2025-08-02 20:26:50,43.3591003417969,-8.84506797790527,"Unknown"
"7014857",371856,2025-08-02 20:31:51,43.3593368530273,-8.84524822235107,"Unknown"
"7014857",371856,2025-08-02 20:37:02,43.3593254089355,-8.84523487091064,"Unknown"
"7014857",371856,2025-08-03 01:37:17,43.3593254089355,-8.84519672393799,"Unknown"
"7014857",371856,2025-08-03 03:28:59,43.3592910766602,-8.84519672393799,"Unknown"
"7014857",371856,2025-08-03 03:33:22,43.3593635559082,-8.84519481658936,"Unknown"
"7014857",371856,2025-08-03 03:38:22,43.3593101501465,-8.84518432617188,"Unknown"
"7014857",371856,2025-08-03 03:43:22,43.3592910766602,-8.84523868560791,"Unknown"
"7014857",371856,2025-08-03 03:48:22,43.3592262268066,-8.84523296356201,"Unknown"
"7014857",371856,2025-08-03 03:53:22,43.3592910766602,-8.84525203704834,"Unknown"
"7014857",371856,2025-08-03 03:58:27,43.3594131469727,-8.84518432617188,"Unknown"
"7014857",371856,2025-08-03 04:03:22,43.3592758178711,-8.84527206420898,"Unknown"
"7014857",371856,2025-08-03 04:08:27,43.3601226806641,-8.84512519836426,"Unknown"
"7014857",371856,2025-08-03 04:13:27,43.3604927062988,-8.84509944915771,"Unknown"
"7014857",371856,2025-08-03 04:18:36,43.359317779541,-8.84533309936523,"Unknown"
"7014857",371856,2025-08-03 04:23:23,43.3595848083496,-8.84508228302002,"Unknown"
"7014857",371856,2025-08-03 04:28:36,43.359447479248,-8.84538173675537,"Unknown"
"7014857",371856,2025-08-03 04:33:24,43.3666038513184,-8.85119152069092,"Unknown"
"7014857",371856,2025-08-03 04:38:28,43.3793449401855,-8.89023494720459,"Unknown"
"7014857",371856,2025-08-03 04:43:28,43.384449005127,-8.93843746185303,"Unknown"
"7014857",371856,2025-08-03 04:48:27,43.386417388916,-8.98641014099121,"Unknown"
"7014857",371856,2025-08-03 04:53:36,43.3857040405273,-9.03295707702637,"Unknown"
"7014857",371856,2025-08-03 04:58:29,43.3513565063477,-9.02874755859375,"Unknown"
"7014857",371856,2025-08-03 05:03:31,43.3114166259766,-9.03084659576416,"Unknown"
"7014857",371856,2025-08-03 05:08:29,43.2882423400879,-9.01813793182373,"Unknown"
"7014857",371856,2025-08-03 05:13:44,43.2720680236816,-9.0125904083252,"Unknown"
"7014857",371856,2025-08-03 05:18:23,43.2647094726562,-8.99406051635742,"Unknown"
"7014857",371856,2025-08-03 05:23:25,43.2748336791992,-8.98902606964111,"Unknown"
"7014857",371856,2025-08-03 05:28:23,43.2861785888672,-8.97037029266357,"Unknown"
"7014857",371856,2025-08-03 05:33:29,43.2900352478027,-8.9453592300415,"Unknown"
"7014857",371856,2025-08-03 05:38:28,43.2936706542969,-8.91975975036621,"Unknown"
"7014857",371856,2025-08-03 05:43:24,43.3098907470703,-8.91128158569336,"Unknown"
"7014857",371856,2025-08-03 05:48:44,43.320255279541,-8.89911937713623,"Unknown"
"7014857",371856,2025-08-03 05:53:22,43.3202743530273,-8.87238216400146,"Unknown"
"7014857",371856,2025-08-03 05:58:25,43.3154754638672,-8.85730838775635,"Unknown"
"7014857",371856,2025-08-03 06:03:24,43.3161239624023,-8.85767841339111,"Unknown"
"7014857",371856,2025-08-03 06:08:22,43.3153839111328,-8.85750484466553,"Unknown"
"7014857",371856,2025-08-03 06:13:22,43.3154029846191,-8.85746097564697,"Unknown"
"7014857",371856,2025-08-03 06:18:26,43.3153877258301,-8.85738945007324,"Unknown"
"7014857",371856,2025-08-03 06:23:27,43.3151168823242,-8.85678291320801,"Unknown"
"7014857",371856,2025-08-03 06:28:28,43.3154678344727,-8.85761260986328,"Unknown"
"7014857",371856,2025-08-03 06:33:23,43.319393157959,-8.85550689697266,"Unknown"
"7014857",371856,2025-08-03 06:38:24,43.3359184265137,-8.84413433074951,"Unknown"
"7014857",371856,2025-08-03 06:43:22,43.3525428771973,-8.85043430328369,"Unknown"
"7014857",371856,2025-08-03 06:48:45,43.360652923584,-8.84406089782715,"Unknown"
"7014857",371856,2025-08-03 06:53:36,43.3402214050293,-8.82988834381104,"Unknown"
"7014857",371856,2025-08-03 06:58:35,43.3157119750977,-8.80105209350586,"Unknown"
"7014857",371856,2025-08-03 07:03:43,43.3018226623535,-8.77111625671387,"Unknown"
"7014857",371856,2025-08-03 07:08:24,43.2933235168457,-8.74832439422607,"Unknown"
"7014857",371856,2025-08-03 07:13:23,43.2911186218262,-8.71436977386475,"Unknown"
"7014857",371856,2025-08-03 07:18:24,43.2825813293457,-8.6805944442749,"Unknown"
"7014857",371856,2025-08-03 07:23:26,43.2674293518066,-8.64308452606201,"Unknown"
"7014857",371856,2025-08-03 07:28:24,43.2445602416992,-8.6088171005249,"Unknown"
"7014857",371856,2025-08-03 07:33:25,43.2284278869629,-8.58146953582764,"Unknown"
"7014857",371856,2025-08-03 07:38:30,43.2136764526367,-8.55932998657227,"Unknown"
"7014857",371856,2025-08-03 07:43:30,43.2068901062012,-8.5383186340332,"Unknown"
"7014857",371856,2025-08-03 07:48:59,43.2068405151367,-8.53847026824951,"Unknown"
"7014857",371856,2025-08-03 07:53:22,43.2004699707031,-8.52985191345215,"Unknown"
"7014857",371856,2025-08-03 07:58:22,43.1809463500977,-8.50511646270752,"Unknown"
"7014857",371856,2025-08-03 08:03:23,43.1479835510254,-8.48423385620117,"Unknown"
"7014857",371856,2025-08-03 08:08:25,43.1293792724609,-8.4727258682251,"Unknown"
"7014857",371856,2025-08-03 08:13:30,43.1303253173828,-8.47167301177979,"Unknown"
"7014857",371856,2025-08-03 08:18:30,43.1305656433105,-8.47139930725098,"Unknown"
"7014857",371856,2025-08-03 08:23:44,43.1303634643555,-8.47133255004883,"Unknown"
"7014857",371856,2025-08-03 08:28:54,43.1301040649414,-8.47175121307373,"Unknown"
"7014857",371856,2025-08-03 08:33:27,43.130126953125,-8.47188758850098,"Unknown"
"7014857",371856,2025-08-03 08:38:22,43.1301574707031,-8.47234439849854,"Unknown"
"7014857",371856,2025-08-03 08:43:28,43.130199432373,-8.47193622589111,"Unknown"
"7014857",371856,2025-08-03 08:49:14,43.1301651000977,-8.4719066619873,"Unknown"
"7014857",371856,2025-08-03 08:53:22,43.130184173584,-8.47190284729004,"Unknown"
"7014857",371856,2025-08-03 08:58:24,43.1301879882812,-8.4717960357666,"Unknown"
"7014857",371856,2025-08-03 09:03:27,43.1301956176758,-8.47183036804199,"Unknown"
"7014857",371856,2025-08-03 09:08:23,43.1301078796387,-8.47192096710205,"Unknown"
"7014857",371856,2025-08-03 09:13:22,43.1301727294922,-8.47183418273926,"Unknown"
"7014857",371856,2025-08-03 09:18:27,43.1298751831055,-8.47298336029053,"Unknown"
"7014857",371856,2025-08-03 09:23:24,43.1297264099121,-8.4730806350708,"Unknown"
"7014857",371856,2025-08-03 09:28:25,43.1298599243164,-8.47308158874512,"Unknown"
"7014857",371856,2025-08-03 09:33:24,43.1300201416016,-8.47292613983154,"Unknown"
"7014857",371856,2025-08-03 09:38:25,43.1301116943359,-8.4718656539917,"Unknown"
"7014857",371856,2025-08-03 09:43:27,43.1301612854004,-8.47202014923096,"Unknown"
"7014857",371856,2025-08-03 09:48:24,43.1302261352539,-8.47173881530762,"Unknown"
"7014857",371856,2025-08-03 09:53:24,43.1304016113281,-8.47183418273926,"Unknown"
"7014857",371856,2025-08-03 09:58:44,43.1302795410156,-8.47174072265625,"Unknown"
"7014857",371856,2025-08-03 10:03:36,43.1304779052734,-8.47175121307373,"Unknown"
"7014857",371856,2025-08-03 10:08:36,43.1304969787598,-8.47177505493164,"Unknown"
"7014857",371856,2025-08-03 10:13:35,43.1306304931641,-8.47179222106934,"Unknown"
"7014857",371856,2025-08-03 10:18:44,43.1301307678223,-8.47165298461914,"Unknown"
"7014857",371856,2025-08-03 10:23:39,43.1301231384277,-8.4716739654541,"Unknown"
"7014857",371856,2025-08-03 10:28:24,43.1300888061523,-8.47161865234375,"Unknown"
"7014857",371856,2025-08-03 10:33:25,43.1300621032715,-8.47180843353271,"Unknown"
"7014857",371856,2025-08-03 10:38:27,43.1302680969238,-8.47188854217529,"Unknown"
"7014857",371856,2025-08-03 10:43:26,43.1301879882812,-8.47171115875244,"Unknown"
"7014857",371856,2025-08-03 10:49:05,43.130241394043,-8.47172832489014,"Unknown"
"7014857",371856,2025-08-03 10:53:28,43.1301956176758,-8.47193336486816,"Unknown"
"7014857",371856,2025-08-03 10:58:33,43.1296234130859,-8.47311687469482,"Unknown"
"7014857",371856,2025-08-03 11:03:26,43.1296691894531,-8.47154331207275,"Unknown"
"7014857",371856,2025-08-03 11:08:44,43.1296501159668,-8.47153949737549,"Unknown"
"7014857",371856,2025-08-03 11:13:26,43.129508972168,-8.47160053253174,"Unknown"
"7014857",371856,2025-08-03 11:18:27,43.1294250488281,-8.47141361236572,"Unknown"
"7014857",371856,2025-08-03 11:23:26,43.129524230957,-8.47158718109131,"Unknown"
"7014857",371856,2025-08-03 11:28:26,43.1295356750488,-8.47160720825195,"Unknown"
"7014857",371856,2025-08-03 11:33:25,43.1294364929199,-8.47140121459961,"Unknown"
"7014857",371856,2025-08-03 11:38:27,43.1299819946289,-8.47196578979492,"Unknown"
"7014857",371856,2025-08-03 11:43:31,43.1300354003906,-8.47193813323975,"Unknown"
"7014857",371856,2025-08-03 11:48:52,43.1299705505371,-8.47186374664307,"Unknown"
"7014857",371856,2025-08-03 11:53:37,43.1300010681152,-8.47188758850098,"Unknown"
"7014857",371856,2025-08-03 11:58:31,43.1300239562988,-8.47183704376221,"Unknown"
"7014857",371856,2025-08-03 12:04:29,43.1301689147949,-8.47199058532715,"Unknown"
"7014857",371856,2025-08-03 12:08:25,43.1301345825195,-8.4719762802124,"Unknown"
"7014857",371856,2025-08-03 12:13:23,43.1295166015625,-8.47150039672852,"Unknown"
"7014857",371856,2025-08-03 12:18:26,43.1295585632324,-8.47158718109131,"Unknown"
"7014857",371856,2025-08-03 12:23:27,43.1295547485352,-8.47159004211426,"Unknown"
"7014857",371856,2025-08-03 12:28:33,43.1294898986816,-8.47152519226074,"Unknown"
"7014857",371856,2025-08-03 12:33:59,43.1294479370117,-8.47148323059082,"Unknown"
"7014857",371856,2025-08-03 12:38:31,43.1294097900391,-8.47153377532959,"Unknown"
"7014857",371856,2025-08-03 12:43:27,43.129508972168,-8.47163867950439,"Unknown"
"7014857",371856,2025-08-03 12:48:24,43.1297264099121,-8.47182750701904,"Unknown"
"7014857",371856,2025-08-03 12:53:29,43.1292762756348,-8.47144794464111,"Unknown"
"7014857",371856,2025-08-03 12:58:27,43.1273651123047,-8.47095584869385,"Unknown"
"7014857",371856,2025-08-03 13:03:40,43.1296310424805,-8.47161960601807,"Unknown"
"7014857",371856,2025-08-03 13:08:25,43.1296463012695,-8.47163772583008,"Unknown"
"7014857",371856,2025-08-03 13:13:25,43.1298294067383,-8.47182941436768,"Unknown"
"7014857",371856,2025-08-03 13:18:24,43.1260261535645,-8.47921562194824,"Unknown"
"7014857",371856,2025-08-03 13:23:25,43.1008567810059,-8.50375938415527,"Unknown"
"7014857",371856,2025-08-03 13:28:25,43.0989418029785,-8.49862003326416,"Unknown"
"7014857",371856,2025-08-03 13:33:25,43.0987663269043,-8.49839019775391,"Unknown"
"7014857",371856,2025-08-03 13:38:28,43.0989646911621,-8.49894714355469,"Unknown"
"7014857",371856,2025-08-03 13:43:24,43.0959739685059,-8.49707412719727,"Unknown"
"7014857",371856,2025-08-03 13:48:25,43.1008911132812,-8.49649238586426,"Unknown"
"7014857",371856,2025-08-03 13:53:29,43.1043815612793,-8.49562835693359,"Unknown"
"7014857",371856,2025-08-03 13:58:27,43.1012001037598,-8.5081615447998,"Unknown"
"7014857",371856,2025-08-03 14:03:28,43.107795715332,-8.51694869995117,"Unknown"
"7014857",371856,2025-08-03 14:08:28,43.1251831054688,-8.47804737091064,"Unknown"
"7014857",371856,2025-08-03 14:13:37,43.1300659179688,-8.47048854827881,"Unknown"
"7014857",371856,2025-08-03 14:18:36,43.1301155090332,-8.47032928466797,"Unknown"
"7014857",371856,2025-08-03 14:23:37,43.130126953125,-8.47020816802979,"Unknown"
"7014857",371856,2025-08-03 14:28:37,43.1300811767578,-8.47014141082764,"Unknown"
"7014857",371856,2025-08-03 14:33:34,43.1300582885742,-8.47022819519043,"Unknown"
"7014857",371856,2025-08-03 14:38:41,43.1301078796387,-8.47038555145264,"Unknown"
"7014857",371856,2025-08-03 14:43:37,43.1299781799316,-8.47019386291504,"Unknown"
"7014857",371856,2025-08-03 14:48:37,43.1298408508301,-8.46982669830322,"Unknown"
"7014857",371856,2025-08-03 14:53:37,43.1300430297852,-8.47157192230225,"Unknown"
"7014857",371856,2025-08-03 14:58:40,43.1301345825195,-8.47188663482666,"Unknown"
"7014857",371856,2025-08-03 15:03:37,43.1301918029785,-8.47218894958496,"Unknown"
"7014857",371856,2025-08-03 15:08:37,43.1298828125,-8.47150135040283,"Unknown"
"7014857",371856,2025-08-03 15:13:37,43.1297721862793,-8.47154808044434,"Unknown"
"7014857",371856,2025-08-03 15:18:30,43.1317558288574,-8.47197723388672,"Unknown"
"7014857",371856,2025-08-03 15:23:45,43.1291656494141,-8.47360610961914,"Unknown"
"7014857",371856,2025-08-03 15:28:24,43.1458740234375,-8.50686359405518,"Unknown"
"7014857",371856,2025-08-03 15:33:27,43.1576347351074,-8.54934978485107,"Unknown"
"7014857",371856,2025-08-03 15:38:30,43.1582107543945,-8.56373596191406,"Unknown"
"7014857",371856,2025-08-03 15:43:25,43.1847877502441,-8.58836078643799,"Unknown"
"7014857",371856,2025-08-03 15:48:45,43.2119102478027,-8.62241744995117,"Unknown"
"7014857",371856,2025-08-03 15:53:25,43.2266502380371,-8.6308708190918,"Unknown"
"7014857",371856,2025-08-03 15:58:59,43.2555236816406,-8.65081787109375,"Unknown"
"7014857",371856,2025-08-03 16:03:25,43.2756729125977,-8.66737461090088,"Unknown"
"7014857",371856,2025-08-03 16:08:24,43.2912712097168,-8.7022180557251,"Unknown"
"7014857",371856,2025-08-03 16:13:24,43.3158798217773,-8.74081230163574,"Unknown"
"7014857",371856,2025-08-03 16:18:25,43.3321914672852,-8.7824649810791,"Unknown"
"7014857",371856,2025-08-03 16:23:25,43.3464736938477,-8.82195281982422,"Unknown"
"7014857",371856,2025-08-03 16:28:26,43.3590431213379,-8.84474563598633,"Unknown"
"7014857",371856,2025-08-03 16:33:27,43.3591270446777,-8.8446569442749,"Unknown"
"7014857",371856,2025-08-03 16:38:25,43.3559188842773,-8.83352661132812,"Unknown"
"7014857",371856,2025-08-03 16:43:26,43.3562431335449,-8.8341121673584,"Unknown"
"7014857",371856,2025-08-03 16:48:44,43.3563957214355,-8.83461952209473,"Unknown"
"7014857",371856,2025-08-03 16:53:27,43.3563690185547,-8.83493804931641,"Unknown"
"7014857",371856,2025-08-03 16:58:27,43.3565406799316,-8.83435821533203,"Unknown"
"7014857",371856,2025-08-03 17:03:25,43.3557434082031,-8.83387660980225,"Unknown"
"7014857",371856,2025-08-03 17:09:03,43.3593139648438,-8.84531784057617,"Unknown"
"7014857",371856,2025-08-03 17:13:25,43.3593254089355,-8.84540462493896,"Unknown"
"7014857",371856,2025-08-03 17:18:24,43.359260559082,-8.84525203704834,"Unknown"
"7014857",371856,2025-08-03 17:23:24,43.3593406677246,-8.84525775909424,"Unknown"
"7014857",371856,2025-08-03 17:28:24,43.3593330383301,-8.84522819519043,"Unknown"
"7014857",371856,2025-08-03 17:33:24,43.3593482971191,-8.84521198272705,"Unknown"
"7014857",371856,2025-08-03 17:38:25,43.3579902648926,-8.8306827545166,"Unknown"
"7014857",371856,2025-08-03 17:43:24,43.3501396179199,-8.81807899475098,"Unknown"
"7014857",371856,2025-08-03 17:48:25,43.3525772094727,-8.79527950286865,"Unknown"
"7014857",371856,2025-08-03 17:53:25,43.3519554138184,-8.76510238647461,"Unknown"
"7014857",371856,2025-08-03 17:58:26,43.3509216308594,-8.73484802246094,"Unknown"
"7014857",371856,2025-08-03 18:03:24,43.3537712097168,-8.7120475769043,"Unknown"
"7014857",371856,2025-08-03 18:08:24,43.3548049926758,-8.71345329284668,"Unknown"
"7014857",371856,2025-08-03 18:13:27,43.3528823852539,-8.7152156829834,"Unknown"
"7014857",371856,2025-08-03 18:18:25,43.3581924438477,-8.76812934875488,"Unknown"
"7014857",371856,2025-08-03 18:23:25,43.3596687316895,-8.83090400695801,"Unknown"
"7014857",371856,2025-08-03 18:28:26,43.3593788146973,-8.84513187408447,"Unknown"
"7014857",371856,2025-08-03 18:33:44,43.3592987060547,-8.84519481658936,"Unknown"
"7014857",371856,2025-08-03 18:38:28,43.3593864440918,-8.84530258178711,"Unknown"
"7014857",371856,2025-08-03 18:43:27,43.3593521118164,-8.84528636932373,"Unknown"
"7014857",371856,2025-08-03 18:48:26,43.3592720031738,-8.845139503479,"Unknown"
"7014857",371856,2025-08-03 18:53:25,43.3593139648438,-8.8452320098877,"Unknown"
"7014857",371856,2025-08-03 18:58:26,43.359317779541,-8.84502029418945,"Unknown"
"7014857",371856,2025-08-03 19:03:23,43.359432220459,-8.84534072875977,"Unknown"
"7014857",371856,2025-08-03 19:08:27,43.3594436645508,-8.84535312652588,"Unknown"
"7014857",371856,2025-08-03 19:13:25,43.3594360351562,-8.84552001953125,"Unknown"
"7014857",371856,2025-08-03 19:18:24,43.3591194152832,-8.84474563598633,"Unknown"
"7014857",371856,2025-08-03 19:23:29,43.3615684509277,-8.84357833862305,"Unknown"
"7014857",371856,2025-08-03 19:28:27,43.3611946105957,-8.84312534332275,"Unknown"
"7014857",371856,2025-08-03 19:34:17,43.361988067627,-8.843505859375,"Unknown"
"7014857",371856,2025-08-03 19:38:24,43.3593521118164,-8.8451623916626,"Unknown"
"7014857",371856,2025-08-03 19:43:25,43.3594131469727,-8.84531116485596,"Unknown"
"7014857",371856,2025-08-03 19:48:27,43.3593215942383,-8.8451623916626,"Unknown"
"7014857",371856,2025-08-03 19:53:27,43.3594093322754,-8.8452320098877,"Unknown"
"7014857",371856,2025-08-03 19:58:37,43.3593139648438,-8.84522438049316,"Unknown"
"7014857",371856,2025-08-03 20:03:30,43.3593902587891,-8.84515762329102,"Unknown"
"7014857",371856,2025-08-03 20:08:32,43.3593826293945,-8.84517860412598,"Unknown"
"7014857",371856,2025-08-03 20:13:30,43.359317779541,-8.84546852111816,"Unknown"
"7014857",371856,2025-08-03 20:18:38,43.3591499328613,-8.84502983093262,"Unknown"
"7014857",371856,2025-08-03 20:23:37,43.359561920166,-8.84409046173096,"Unknown"
"7014857",371856,2025-08-03 20:28:34,43.3590774536133,-8.84646892547607,"Unknown"
"7014857",371856,2025-08-03 20:33:59,43.3593292236328,-8.84517478942871,"Unknown"
"7014857",371856,2025-08-03 20:37:23,43.3594970703125,-8.84516143798828,"Unknown"
"7014857",371856,2025-08-04 01:37:35,43.3592681884766,-8.84521770477295,"Unknown"
"7014857",371856,2025-08-04 03:30:08,43.3593101501465,-8.84516620635986,"Unknown"
"7014857",371856,2025-08-04 03:35:07,43.3593063354492,-8.84508514404297,"Unknown"
"7014857",371856,2025-08-04 03:40:14,43.3593215942383,-8.84518623352051,"Unknown"
"7014857",371856,2025-08-04 03:45:02,43.3592414855957,-8.84479522705078,"Unknown"
"7014857",371856,2025-08-04 03:50:05,43.3592948913574,-8.84510707855225,"Unknown"
"7014857",371856,2025-08-04 03:55:02,43.3595123291016,-8.84559917449951,"Unknown"
"7014857",371856,2025-08-04 04:00:02,43.3592262268066,-8.84510326385498,"Unknown"
"7014857",371856,2025-08-04 04:05:01,43.3734970092773,-8.85306072235107,"Unknown"
"7014857",371856,2025-08-04 04:10:01,43.3991584777832,-8.87147331237793,"Unknown"
"7014857",371856,2025-08-04 04:15:05,43.4098320007324,-8.87593269348145,"Unknown"
"7014857",371856,2025-08-04 04:20:01,43.4246864318848,-8.88976383209229,"Unknown"
"7014857",371856,2025-08-04 04:25:01,43.4378128051758,-8.92202758789062,"Unknown"
"7014857",371856,2025-08-04 04:30:32,43.4463768005371,-8.96555137634277,"Unknown"
"7014857",371856,2025-08-04 04:35:02,43.4503555297852,-9.0088415145874,"Unknown"
"7014857",371856,2025-08-04 04:40:14,43.4548263549805,-9.03382205963135,"Unknown"
"7014857",371856,2025-08-04 04:45:03,43.4566078186035,-9.04931449890137,"Unknown"
"7014857",371856,2025-08-04 04:50:08,43.459587097168,-9.09961891174316,"Unknown"
"7014857",371856,2025-08-04 04:55:08,43.4651489257812,-9.14029979705811,"Unknown"
"7014857",371856,2025-08-04 05:00:08,43.4689674377441,-9.16648578643799,"Unknown"
"7014857",371856,2025-08-04 05:05:10,43.477954864502,-9.18854236602783,"Unknown"
"7014857",371856,2025-08-04 05:10:14,43.4839668273926,-9.18758392333984,"Unknown"
"7014857",371856,2025-08-04 05:15:11,43.4626884460449,-9.17750644683838,"Unknown"
"7014857",371856,2025-08-04 05:20:08,43.4298477172852,-9.17480278015137,"Unknown"
"7014857",371856,2025-08-04 05:25:08,43.4049453735352,-9.16497325897217,"Unknown"
"7014857",371856,2025-08-04 05:30:08,43.3744316101074,-9.14853000640869,"Unknown"
"7014857",371856,2025-08-04 05:35:58,43.3507804870605,-9.12295150756836,"Unknown"
"7014857",371856,2025-08-04 05:40:08,43.3476181030273,-9.09996032714844,"Unknown"
"7014857",371856,2025-08-04 05:45:05,43.3419418334961,-9.07210350036621,"Unknown"
"7014857",371856,2025-08-04 05:50:09,43.3382377624512,-9.04290294647217,"Unknown"
"7014857",371856,2025-08-04 05:55:21,43.3387413024902,-9.01142597198486,"Unknown"
"7014857",371856,2025-08-04 06:01:25,43.3388366699219,-8.97323989868164,"Unknown"
"7014857",371856,2025-08-04 06:05:00,43.338306427002,-8.95005702972412,"Unknown"
"7014857",371856,2025-08-04 06:10:00,43.3417434692383,-8.91819095611572,"Unknown"
"7014857",371856,2025-08-04 06:15:00,43.3488006591797,-8.88771629333496,"Unknown"
"7014857",371856,2025-08-04 06:20:01,43.3557624816895,-8.85657978057861,"Unknown"
"7014857",371856,2025-08-04 06:25:05,43.3593368530273,-8.84524154663086,"Unknown"
"7014857",371856,2025-08-04 06:30:01,43.3595962524414,-8.84508419036865,"Unknown"
"7014857",371856,2025-08-04 06:35:03,43.3597221374512,-8.8384952545166,"Unknown"
"7014857",371856,2025-08-04 06:40:14,43.3555755615234,-8.83400249481201,"Unknown"
"7014857",371856,2025-08-04 06:45:06,43.3554840087891,-8.83394336700439,"Unknown"
"7014857",371856,2025-08-04 06:50:02,43.3555374145508,-8.83408737182617,"Unknown"
"7014857",371856,2025-08-04 06:55:35,43.3562774658203,-8.83375072479248,"Unknown"
"7014857",371856,2025-08-04 07:00:03,43.3562469482422,-8.83374118804932,"Unknown"
"7014857",371856,2025-08-04 07:05:01,43.3563995361328,-8.8336067199707,"Unknown"
"7014857",371856,2025-08-04 07:10:06,43.3563537597656,-8.83426666259766,"Unknown"
"7014857",371856,2025-08-04 07:15:09,43.3558921813965,-8.83442211151123,"Unknown"
"7014857",371856,2025-08-04 07:20:08,43.3553695678711,-8.83452415466309,"Unknown"
"7014857",371856,2025-08-04 07:25:08,43.3558883666992,-8.83445453643799,"Unknown"
"7014857",371856,2025-08-04 07:30:05,43.3344802856445,-8.84622383117676,"Unknown"
"7014857",371856,2025-08-04 07:35:10,43.3054046630859,-8.85377597808838,"Unknown"
"7014857",371856,2025-08-04 07:40:06,43.2925758361816,-8.86201953887939,"Unknown"
"7014857",371856,2025-08-04 07:45:08,43.2925300598145,-8.86204528808594,"Unknown"
"7014857",371856,2025-08-04 07:50:09,43.2925605773926,-8.86203193664551,"Unknown"
"7014857",371856,2025-08-04 07:55:05,43.2927856445312,-8.86172962188721,"Unknown"
"7014857",371856,2025-08-04 08:00:14,43.2842979431152,-8.85444641113281,"Unknown"
"7014857",371856,2025-08-04 08:05:02,43.2834014892578,-8.85567760467529,"Unknown"
"7014857",371856,2025-08-04 08:10:03,43.2764282226562,-8.85250663757324,"Unknown"
"7014857",371856,2025-08-04 08:15:06,43.276252746582,-8.85227394104004,"Unknown"
"7014857",371856,2025-08-04 08:20:09,43.2766227722168,-8.85257816314697,"Unknown"
"7014857",371856,2025-08-04 08:25:02,43.2734794616699,-8.84288597106934,"Unknown"
"7014857",371856,2025-08-04 08:30:11,43.2605094909668,-8.8154993057251,"Unknown"
"7014857",371856,2025-08-04 08:35:01,43.2593078613281,-8.78013134002686,"Unknown"
"7014857",371856,2025-08-04 08:40:03,43.2525596618652,-8.74520206451416,"Unknown"
"7014857",371856,2025-08-04 08:45:02,43.2469367980957,-8.71289157867432,"Unknown"
"7014857",371856,2025-08-04 08:50:02,43.2334632873535,-8.67807292938232,"Unknown"
"7014857",371856,2025-08-04 08:55:01,43.2302474975586,-8.65700912475586,"Unknown"
"7014857",371856,2025-08-04 09:00:02,43.2200393676758,-8.61350917816162,"Unknown"
"7014857",371856,2025-08-04 09:05:02,43.2166137695312,-8.58312511444092,"Unknown"
"7014857",371856,2025-08-04 09:10:03,43.2171974182129,-8.55020809173584,"Unknown"
"7014857",371856,2025-08-04 09:16:25,43.2077713012695,-8.53794002532959,"Unknown"
"7014857",371856,2025-08-04 09:21:25,43.2079315185547,-8.53831768035889,"Unknown"
"7014857",371856,2025-08-04 09:26:05,43.2078285217285,-8.53788185119629,"Unknown"
"7014857",371856,2025-08-04 09:30:13,43.2078742980957,-8.53815650939941,"Unknown"
"7014857",371856,2025-08-04 09:35:30,43.2079925537109,-8.5378360748291,"Unknown"
"7014857",371856,2025-08-04 09:40:09,43.2072448730469,-8.53844261169434,"Unknown"
"7014857",371856,2025-08-04 09:45:35,43.2072715759277,-8.53832244873047,"Unknown"
"7014857",371856,2025-08-04 09:50:00,43.2072448730469,-8.53838539123535,"Unknown"
"7014857",371856,2025-08-04 09:55:01,43.207218170166,-8.5383415222168,"Unknown"
"7014857",371856,2025-08-04 10:00:00,43.207160949707,-8.53834915161133,"Unknown"
"7014857",371856,2025-08-04 10:05:01,43.2072105407715,-8.53835010528564,"Unknown"
"7014857",371856,2025-08-04 10:10:01,43.2071762084961,-8.53835964202881,"Unknown"
"7014857",371856,2025-08-04 10:15:02,43.2079124450684,-8.5374641418457,"Unknown"
"7014857",371856,2025-08-04 10:20:00,43.20751953125,-8.53866195678711,"Unknown"
"7014857",371856,2025-08-04 10:25:00,43.207160949707,-8.53831481933594,"Unknown"
"7014857",371856,2025-08-04 10:30:01,43.2070541381836,-8.53821754455566,"Unknown"
"7014857",371856,2025-08-04 10:35:01,43.2071304321289,-8.53832149505615,"Unknown"
"7014857",371856,2025-08-04 10:40:01,43.2072219848633,-8.53837966918945,"Unknown"
"7014857",371856,2025-08-04 10:45:01,43.2073097229004,-8.53840637207031,"Unknown"
"7014857",371856,2025-08-04 10:50:12,43.2077255249023,-8.53774738311768,"Unknown"
"7014857",371856,2025-08-04 10:55:13,43.2076454162598,-8.53761863708496,"Unknown"
"7014857",371856,2025-08-04 11:00:06,43.2079963684082,-8.53772640228271,"Unknown"
"7014857",371856,2025-08-04 11:05:03,43.2077560424805,-8.53775691986084,"Unknown"
"7014857",371856,2025-08-04 11:10:00,43.2118721008301,-8.54096031188965,"Unknown"
"7014857",371856,2025-08-04 11:15:00,43.2229156494141,-8.5770206451416,"Unknown"
"7014857",371856,2025-08-04 11:20:00,43.2415924072266,-8.6120080947876,"Unknown"
"7014857",371856,2025-08-04 11:25:00,43.2554512023926,-8.64062118530273,"Unknown"
"7014857",371856,2025-08-04 11:30:00,43.2723579406738,-8.65320205688477,"Unknown"
"7014857",371856,2025-08-04 11:35:00,43.283561706543,-8.69018077850342,"Unknown"
"7014857",371856,2025-08-04 11:40:00,43.2953453063965,-8.72611618041992,"Unknown"
"7014857",371856,2025-08-04 11:45:00,43.3096237182617,-8.75934886932373,"Unknown"
"7014857",371856,2025-08-04 11:50:00,43.3249397277832,-8.7974100112915,"Unknown"
"7014857",371856,2025-08-04 11:55:03,43.347469329834,-8.83152866363525,"Unknown"
"7014857",371856,2025-08-04 12:00:02,43.3593521118164,-8.84521675109863,"Unknown"
"7014857",371856,2025-08-04 12:05:02,43.3594245910645,-8.84519672393799,"Unknown"
"7014857",371856,2025-08-04 12:10:06,43.3592987060547,-8.84518051147461,"Unknown"
"7014857",371856,2025-08-04 12:15:01,43.3554496765137,-8.83745384216309,"Unknown"
"7014857",371856,2025-08-04 12:20:04,43.3440208435059,-8.81560707092285,"Unknown"
"7014857",371856,2025-08-04 12:25:03,43.3407554626465,-8.77752685546875,"Unknown"
"7014857",371856,2025-08-04 12:30:35,43.3637771606445,-8.75666999816895,"Unknown"
"7014857",371856,2025-08-04 12:35:01,43.3607215881348,-8.76310539245605,"Unknown"
"7014857",371856,2025-08-04 12:40:03,43.3535270690918,-8.76990413665771,"Unknown"
"7014857",371856,2025-08-04 12:45:06,43.3460388183594,-8.77668571472168,"Unknown"
"7014857",371856,2025-08-04 12:50:00,43.338737487793,-8.78385543823242,"Unknown"
"7014857",371856,2025-08-04 12:55:01,43.3282051086426,-8.78116512298584,"Unknown"
"7014857",371856,2025-08-04 13:00:01,43.3225746154785,-8.74853038787842,"Unknown"
"7014857",371856,2025-08-04 13:05:00,43.3088264465332,-8.71289348602295,"Unknown"
"7014857",371856,2025-08-04 13:10:01,43.2945137023926,-8.67284488677979,"Unknown"
"7014857",371856,2025-08-04 13:15:03,43.2969589233398,-8.666916847229,"Unknown"
"7014857",371856,2025-08-04 13:20:06,43.2971229553223,-8.66681957244873,"Unknown"
"7014857",371856,2025-08-04 13:25:06,43.2967300415039,-8.66687965393066,"Unknown"
"7014857",371856,2025-08-04 13:30:03,43.2971839904785,-8.66708755493164,"Unknown"
"7014857",371856,2025-08-04 13:35:02,43.2971229553223,-8.6669979095459,"Unknown"
"7014857",371856,2025-08-04 13:40:02,43.2968826293945,-8.6673698425293,"Unknown"
"7014857",371856,2025-08-04 13:45:01,43.2863998413086,-8.65215301513672,"Unknown"
"7014857",371856,2025-08-04 13:50:02,43.2669639587402,-8.62894439697266,"Unknown"
"7014857",371856,2025-08-04 13:55:02,43.2445526123047,-8.58923816680908,"Unknown"
"7014857",371856,2025-08-04 14:00:14,43.2398490905762,-8.57192516326904,"Unknown"
"7014857",371856,2025-08-04 14:05:01,43.2159881591797,-8.55189228057861,"Unknown"
"7014857",371856,2025-08-04 14:10:21,43.2077980041504,-8.53785705566406,"Unknown"
"7014857",371856,2025-08-04 14:15:10,43.2076644897461,-8.53778839111328,"Unknown"
"7014857",371856,2025-08-04 14:20:10,43.2080993652344,-8.53778553009033,"Unknown"
"7014857",371856,2025-08-04 14:25:04,43.2073745727539,-8.53835678100586,"Unknown"
"7014857",371856,2025-08-04 14:30:08,43.2072601318359,-8.53853130340576,"Unknown"
"7014857",371856,2025-08-04 14:35:08,43.207347869873,-8.53836059570312,"Unknown"
"7014857",371856,2025-08-04 14:40:08,43.2072982788086,-8.53853321075439,"Unknown"
"7014857",371856,2025-08-04 14:45:35,43.2071342468262,-8.5383415222168,"Unknown"
"7014857",371856,2025-08-04 14:50:01,43.2072067260742,-8.5382776260376,"Unknown"
"7014857",371856,2025-08-04 14:55:01,43.2072525024414,-8.53836441040039,"Unknown"
"7014857",371856,2025-08-04 15:00:00,43.2071990966797,-8.53839111328125,"Unknown"
"7014857",371856,2025-08-04 15:05:00,43.2071990966797,-8.53829574584961,"Unknown"
"7014857",371856,2025-08-04 15:10:01,43.2071990966797,-8.53827571868896,"Unknown"
"7014857",371856,2025-08-04 15:15:00,43.2072639465332,-8.53835391998291,"Unknown"
"7014857",371856,2025-08-04 15:20:01,43.2072219848633,-8.53826999664307,"Unknown"
"7014857",371856,2025-08-04 15:25:02,43.2071838378906,-8.53835010528564,"Unknown"
"7014857",371856,2025-08-04 15:30:07,43.1999740600586,-8.53113555908203,"Unknown"
"7014857",371856,2025-08-04 15:35:07,43.1718254089355,-8.50636577606201,"Unknown"
"7014857",371856,2025-08-04 15:40:01,43.1478462219238,-8.4869384765625,"Unknown"
"7014857",371856,2025-08-04 15:45:03,43.1302947998047,-8.47202396392822,"Unknown"
"7014857",371856,2025-08-04 15:50:01,43.1303482055664,-8.47208118438721,"Unknown"
"7014857",371856,2025-08-04 15:55:03,43.1302337646484,-8.47205066680908,"Unknown"
"7014857",371856,2025-08-04 16:00:02,43.1302833557129,-8.47215366363525,"Unknown"
"7014857",371856,2025-08-04 16:05:06,43.1302337646484,-8.47197914123535,"Unknown"
"7014857",371856,2025-08-04 16:10:02,43.1302032470703,-8.47203159332275,"Unknown"
"7014857",371856,2025-08-04 16:15:09,43.1301918029785,-8.47207832336426,"Unknown"
"7014857",371856,2025-08-04 16:20:02,43.1301002502441,-8.47194671630859,"Unknown"
"7014857",371856,2025-08-04 16:25:08,43.1301193237305,-8.4719295501709,"Unknown"
"7014857",371856,2025-08-04 16:30:06,43.1302185058594,-8.47214889526367,"Unknown"
"7014857",371856,2025-08-04 16:35:08,43.1300659179688,-8.47207260131836,"Unknown"
"7014857",371856,2025-08-04 16:40:06,43.130054473877,-8.47199821472168,"Unknown"
"7014857",371856,2025-08-04 16:45:05,43.1302032470703,-8.47226524353027,"Unknown"
"7014857",371856,2025-08-04 16:50:25,43.1301918029785,-8.47209072113037,"Unknown"
"7014857",371856,2025-08-04 16:55:02,43.1300659179688,-8.47212314605713,"Unknown"
"7014857",371856,2025-08-04 17:00:06,43.1300354003906,-8.47219276428223,"Unknown"
"7014857",371856,2025-08-04 17:05:14,43.1300735473633,-8.4721155166626,"Unknown"
"7014857",371856,2025-08-04 17:10:07,43.129940032959,-8.47220993041992,"Unknown"
"7014857",371856,2025-08-04 17:15:08,43.1300849914551,-8.47746276855469,"Unknown"
"7014857",371856,2025-08-04 17:20:02,43.107006072998,-8.493821144104,"Unknown"
"7014857",371856,2025-08-04 17:25:06,43.0999374389648,-8.49685859680176,"Unknown"
"7014857",371856,2025-08-04 17:30:03,43.0998878479004,-8.49695491790771,"Unknown"
"7014857",371856,2025-08-04 17:35:02,43.096263885498,-8.50599193572998,"Unknown"
"7014857",371856,2025-08-04 17:40:05,43.1085548400879,-8.51253318786621,"Unknown"
"7014857",371856,2025-08-04 17:45:38,43.1286582946777,-8.52205657958984,"Unknown"
"7014857",371856,2025-08-04 17:50:01,43.1375312805176,-8.53989791870117,"Unknown"
"7014857",371856,2025-08-04 17:55:03,43.1486473083496,-8.55076026916504,"Unknown"
"7014857",371856,2025-08-04 18:00:14,43.1487426757812,-8.55114650726318,"Unknown"
"7014857",371856,2025-08-04 18:05:07,43.1487846374512,-8.55088996887207,"Unknown"
"7014857",371856,2025-08-04 18:10:17,43.1535568237305,-8.55784893035889,"Unknown"
"7014857",371856,2025-08-04 18:15:13,43.1657104492188,-8.58536529541016,"Unknown"
"7014857",371856,2025-08-04 18:20:05,43.1853675842285,-8.60187721252441,"Unknown"
"7014857",371856,2025-08-04 18:25:34,43.2063484191895,-8.6239652633667,"Unknown"
"7014857",371856,2025-08-04 18:30:03,43.2264595031738,-8.63048553466797,"Unknown"
"7014857",371856,2025-08-04 18:35:03,43.2473411560059,-8.6474084854126,"Unknown"
"7014857",371856,2025-08-04 18:40:03,43.2697868347168,-8.6575927734375,"Unknown"
"7014857",371856,2025-08-04 18:45:01,43.2882804870605,-8.69049167633057,"Unknown"
"7014857",371856,2025-08-04 18:50:16,43.295726776123,-8.73150062561035,"Unknown"
"7014857",371856,2025-08-04 18:55:02,43.3001518249512,-8.76857566833496,"Unknown"
"7014857",371856,2025-08-04 19:00:03,43.3127746582031,-8.80263996124268,"Unknown"
"7014857",371856,2025-08-04 19:05:02,43.3319931030273,-8.82954788208008,"Unknown"
"7014857",371856,2025-08-04 19:10:01,43.3494186401367,-8.84508419036865,"Unknown"
"7014857",371856,2025-08-04 19:15:06,43.3593330383301,-8.84511661529541,"Unknown"
"7014857",371856,2025-08-04 19:20:06,43.3592300415039,-8.84521961212158,"Unknown"
"7014857",371856,2025-08-04 19:25:05,43.3594017028809,-8.845290184021,"Unknown"
"7014857",371856,2025-08-04 19:30:05,43.3593788146973,-8.84535694122314,"Unknown"
"7014857",371856,2025-08-04 19:35:06,43.3591575622559,-8.84485721588135,"Unknown"
"7014857",371856,2025-08-04 19:40:03,43.3592681884766,-8.84526348114014,"Unknown"
"7014857",371856,2025-08-04 19:45:08,43.3592720031738,-8.84507274627686,"Unknown"
"7014857",371856,2025-08-04 19:50:34,43.3593101501465,-8.84517097473145,"Unknown"
"7014857",371856,2025-08-04 19:55:02,43.3592758178711,-8.84521102905273,"Unknown"
"7014857",371856,2025-08-04 20:00:05,43.3593292236328,-8.84520149230957,"Unknown"
"7014857",371856,2025-08-04 20:05:03,43.3593788146973,-8.84529209136963,"Unknown"
"7014857",371856,2025-08-04 20:10:02,43.3593063354492,-8.84520244598389,"Unknown"
"7014857",371856,2025-08-04 20:15:01,43.3594017028809,-8.84524631500244,"Unknown"
"7014857",371856,2025-08-04 20:20:02,43.3592300415039,-8.8452033996582,"Unknown"
"7014857",371856,2025-08-04 20:25:02,43.3592758178711,-8.84522724151611,"Unknown"
"7014857",371856,2025-08-04 20:30:06,43.3593559265137,-8.84517097473145,"Unknown"
"7014857",371856,2025-08-04 20:36:06,43.3592872619629,-8.84515571594238,"Unknown"
"7014857",371856,2025-08-05 01:36:45,43.3592872619629,-8.84526538848877,"Unknown"
"7014857",371856,2025-08-05 03:32:35,43.3592834472656,-8.84517192840576,"Unknown"
"7014857",371856,2025-08-05 03:37:09,43.3592147827148,-8.84521007537842,"Unknown"
"7014857",371856,2025-08-05 03:42:10,43.3591461181641,-8.84478664398193,"Unknown"
"7014857",371856,2025-08-05 03:47:09,43.3592414855957,-8.84519577026367,"Unknown"
"7014857",371856,2025-08-05 03:52:09,43.3592643737793,-8.84519958496094,"Unknown"
"7014857",371856,2025-08-05 03:57:11,43.3592567443848,-8.84525203704834,"Unknown"
"7014857",371856,2025-08-05 04:02:09,43.3592071533203,-8.84520244598389,"Unknown"
"7014857",371856,2025-08-05 04:07:10,43.3592491149902,-8.8452205657959,"Unknown"
"7014857",371856,2025-08-05 04:12:09,43.3593063354492,-8.84517478942871,"Unknown"
"7014857",371856,2025-08-05 04:17:10,43.3592567443848,-8.84520626068115,"Unknown"
"7014857",371856,2025-08-05 04:22:09,43.3612251281738,-8.84496879577637,"Unknown"
"7014857",371856,2025-08-05 04:27:09,43.3761253356934,-8.86002254486084,"Unknown"
"7014857",371856,2025-08-05 04:32:09,43.3859214782715,-8.89430618286133,"Unknown"
"7014857",371856,2025-08-05 04:37:09,43.3854560852051,-8.94387626647949,"Unknown"
"7014857",371856,2025-08-05 04:42:11,43.3842620849609,-8.96709728240967,"Unknown"
"7014857",371856,2025-08-05 04:47:10,43.3842010498047,-8.96911239624023,"Unknown"
"7014857",371856,2025-08-05 04:52:10,43.3789329528809,-9.00247287750244,"Unknown"
"7014857",371856,2025-08-05 04:57:09,43.3619155883789,-9.04802989959717,"Unknown"
"7014857",371856,2025-08-05 05:02:09,43.3440742492676,-9.08066272735596,"Unknown"
"7014857",371856,2025-08-05 05:07:10,43.3113479614258,-9.07923984527588,"Unknown"
"7014857",371856,2025-08-05 05:12:12,43.2852058410645,-9.08141708374023,"Unknown"
"7014857",371856,2025-08-05 05:17:16,43.2583503723145,-9.0621509552002,"Unknown"
"7014857",371856,2025-08-05 05:22:34,43.2294692993164,-9.04703998565674,"Unknown"
"7014857",371856,2025-08-05 05:27:09,43.2142791748047,-9.02711486816406,"Unknown"
"7014857",371856,2025-08-05 05:32:10,43.2193260192871,-9.00770568847656,"Unknown"
"7014857",371856,2025-08-05 05:37:10,43.2157936096191,-8.99735832214355,"Unknown"
"7014857",371856,2025-08-05 05:42:10,43.2159652709961,-8.99729156494141,"Unknown"
"7014857",371856,2025-08-05 05:47:10,43.2162055969238,-8.99722385406494,"Unknown"
"7014857",371856,2025-08-05 05:52:12,43.2162475585938,-8.99150276184082,"Unknown"
"7014857",371856,2025-08-05 05:57:13,43.218578338623,-8.99056148529053,"Unknown"
"7014857",371856,2025-08-05 06:02:19,43.2228240966797,-8.9865083694458,"Unknown"
"7014857",371856,2025-08-05 06:07:35,43.2229843139648,-8.98665523529053,"Unknown"
"7014857",371856,2025-08-05 06:12:12,43.2228851318359,-8.98636054992676,"Unknown"
"7014857",371856,2025-08-05 06:17:12,43.2225341796875,-8.98629856109619,"Unknown"
"7014857",371856,2025-08-05 06:22:11,43.2229385375977,-8.98646068572998,"Unknown"
"7014857",371856,2025-08-05 06:27:15,43.2230567932129,-8.98666572570801,"Unknown"
"7014857",371856,2025-08-05 06:32:16,43.2230491638184,-8.98669815063477,"Unknown"
"7014857",371856,2025-08-05 06:37:11,43.2229995727539,-8.98669147491455,"Unknown"
"7014857",371856,2025-08-05 06:42:15,43.2230949401855,-8.98675060272217,"Unknown"
"7014857",371856,2025-08-05 06:47:15,43.2232666015625,-8.98664665222168,"Unknown"
"7014857",371856,2025-08-05 06:52:10,43.2258529663086,-8.97729110717773,"Unknown"
"7014857",371856,2025-08-05 06:57:10,43.2362289428711,-8.96697902679443,"Unknown"
"7014857",371856,2025-08-05 07:02:10,43.2430572509766,-8.95519542694092,"Unknown"
"7014857",371856,2025-08-05 07:07:10,43.2619819641113,-8.96548748016357,"Unknown"
"7014857",371856,2025-08-05 07:12:11,43.2645568847656,-8.96184158325195,"Unknown"
"7014857",371856,2025-08-05 07:17:19,43.2649192810059,-8.93747901916504,"Unknown"
"7014857",371856,2025-08-05 07:22:16,43.2811660766602,-8.92312812805176,"Unknown"
"7014857",371856,2025-08-05 07:27:18,43.2965469360352,-8.90749359130859,"Unknown"
"7014857",371856,2025-08-05 07:32:18,43.3209228515625,-8.91080760955811,"Unknown"
"7014857",371856,2025-08-05 07:37:18,43.3160667419434,-8.88198757171631,"Unknown"
"7014857",371856,2025-08-05 07:42:34,43.3133239746094,-8.87921905517578,"Unknown"
"7014857",371856,2025-08-05 07:47:24,43.3132705688477,-8.87907123565674,"Unknown"
"7014857",371856,2025-08-05 07:52:09,43.2957916259766,-8.85910034179688,"Unknown"
"7014857",371856,2025-08-05 07:57:09,43.2950172424316,-8.84068489074707,"Unknown"
"7014857",371856,2025-08-05 08:02:11,43.2805442810059,-8.80867195129395,"Unknown"
"7014857",371856,2025-08-05 08:07:27,43.2682113647461,-8.77421855926514,"Unknown"
"7014857",371856,2025-08-05 08:12:15,43.2544708251953,-8.74973297119141,"Unknown"
"7014857",371856,2025-08-05 08:17:36,43.2362022399902,-8.7169942855835,"Unknown"
"7014857",371856,2025-08-05 08:22:09,43.2224578857422,-8.6827449798584,"Unknown"
"7014857",371856,2025-08-05 08:27:09,43.2146263122559,-8.66077995300293,"Unknown"
"7014857",371856,2025-08-05 08:32:11,43.2128295898438,-8.62809658050537,"Unknown"
"7014857",371856,2025-08-05 08:37:10,43.2123832702637,-8.60059642791748,"Unknown"
"7014857",371856,2025-08-05 08:42:09,43.2106704711914,-8.58226013183594,"Unknown"
"7014857",371856,2025-08-05 08:47:09,43.2103385925293,-8.55008125305176,"Unknown"
"7014857",371856,2025-08-05 08:52:19,43.2079048156738,-8.53770065307617,"Unknown"
"7014857",371856,2025-08-05 08:57:14,43.2078971862793,-8.53783321380615,"Unknown"
"7014857",371856,2025-08-05 09:02:20,43.2077484130859,-8.5378246307373,"Unknown"
"7014857",371856,2025-08-05 09:07:16,43.2079315185547,-8.53783512115479,"Unknown"
"7014857",371856,2025-08-05 09:12:15,43.2073745727539,-8.53796291351318,"Unknown"
"7014857",371856,2025-08-05 09:17:15,43.2080459594727,-8.53794956207275,"Unknown"
"7014857",371856,2025-08-05 09:22:42,43.2080383300781,-8.53771114349365,"Unknown"
"7014857",371856,2025-08-05 09:28:05,43.207763671875,-8.53774452209473,"Unknown"
"7014857",371856,2025-08-05 09:32:15,43.207820892334,-8.53766250610352,"Unknown"
"7014857",371856,2025-08-05 09:37:11,43.2074279785156,-8.53841781616211,"Unknown"
"7014857",371856,2025-08-05 09:42:13,43.207592010498,-8.53832721710205,"Unknown"
"7014857",371856,2025-08-05 09:47:10,43.2073287963867,-8.5382604598999,"Unknown"
"7014857",371856,2025-08-05 09:52:13,43.2074737548828,-8.53823947906494,"Unknown"
"7014857",371856,2025-08-05 09:57:16,43.2076187133789,-8.53831577301025,"Unknown"
"7014857",371856,2025-08-05 10:02:35,43.2074737548828,-8.53827571868896,"Unknown"
"7014857",371856,2025-08-05 10:07:10,43.2075309753418,-8.53826808929443,"Unknown"
"7014857",371856,2025-08-05 10:12:10,43.2074127197266,-8.53829669952393,"Unknown"
"7014857",371856,2025-08-05 10:17:10,43.2074584960938,-8.53829765319824,"Unknown"
"7014857",371856,2025-08-05 10:22:09,43.2074317932129,-8.53815174102783,"Unknown"
"7014857",371856,2025-08-05 10:27:10,43.2074966430664,-8.53815078735352,"Unknown"
"7014857",371856,2025-08-05 10:32:10,43.2074966430664,-8.53817176818848,"Unknown"
"7014857",371856,2025-08-05 10:37:10,43.2074966430664,-8.5383358001709,"Unknown"
"7014857",371856,2025-08-05 10:42:10,43.2073936462402,-8.53834629058838,"Unknown"
"7014857",371856,2025-08-05 10:47:09,43.2074699401855,-8.53825378417969,"Unknown"
"7014857",371856,2025-08-05 10:52:10,43.2074584960938,-8.53826332092285,"Unknown"
"7014857",371856,2025-08-05 10:57:09,43.207405090332,-8.53829097747803,"Unknown"
"7014857",371856,2025-08-05 11:02:10,43.2074432373047,-8.53835010528564,"Unknown"
"7014857",371856,2025-08-05 11:07:10,43.2074394226074,-8.5383186340332,"Unknown"
"7014857",371856,2025-08-05 11:12:11,43.2074356079102,-8.53831386566162,"Unknown"
"7014857",371856,2025-08-05 11:17:10,43.2073593139648,-8.53846168518066,"Unknown"
"7014857",371856,2025-08-05 11:22:10,43.2074432373047,-8.53828907012939,"Unknown"
"7014857",371856,2025-08-05 11:27:10,43.2074394226074,-8.53837871551514,"Unknown"
"7014857",371856,2025-08-05 11:32:10,43.2074203491211,-8.53825378417969,"Unknown"
"7014857",371856,2025-08-05 11:37:15,43.2074127197266,-8.53844165802002,"Unknown"
"7014857",371856,2025-08-05 11:42:09,43.2074241638184,-8.53844928741455,"Unknown"
"7014857",371856,2025-08-05 11:47:09,43.2075309753418,-8.53835296630859,"Unknown"
"7014857",371856,2025-08-05 11:52:10,43.2075309753418,-8.5385160446167,"Unknown"
"7014857",371856,2025-08-05 11:57:10,43.2074012756348,-8.53852081298828,"Unknown"
"7014857",371856,2025-08-05 12:02:11,43.2074851989746,-8.53837299346924,"Unknown"
"7014857",371856,2025-08-05 12:07:11,43.2075462341309,-8.53847217559814,"Unknown"
"7014857",371856,2025-08-05 12:12:10,43.2074012756348,-8.5385160446167,"Unknown"
"7014857",371856,2025-08-05 12:17:10,43.2075157165527,-8.53842163085938,"Unknown"
"7014857",371856,2025-08-05 12:22:10,43.2075462341309,-8.53844356536865,"Unknown"
"7014857",371856,2025-08-05 12:27:11,43.2075653076172,-8.53851318359375,"Unknown"
"7014857",371856,2025-08-05 12:32:35,43.2077598571777,-8.53785037994385,"Unknown"
"7014857",371856,2025-08-05 12:37:14,43.2078742980957,-8.53781604766846,"Unknown"
"7014857",371856,2025-08-05 12:42:16,43.2080039978027,-8.53814220428467,"Unknown"
"7014857",371856,2025-08-05 12:47:10,43.1991004943848,-8.52916717529297,"Unknown"
"7014857",371856,2025-08-05 12:52:09,43.177921295166,-8.50504112243652,"Unknown"
"7014857",371856,2025-08-05 12:57:11,43.1538696289062,-8.49308204650879,"Unknown"
"7014857",371856,2025-08-05 13:02:10,43.1300430297852,-8.47105121612549,"Unknown"
"7014857",371856,2025-08-05 13:07:18,43.1299781799316,-8.47013664245605,"Unknown"
"7014857",371856,2025-08-05 13:12:18,43.1299819946289,-8.4700927734375,"Unknown"
"7014857",371856,2025-08-05 13:17:16,43.1299934387207,-8.47009086608887,"Unknown"
"7014857",371856,2025-08-05 13:22:11,43.1300048828125,-8.47015857696533,"Unknown"
"7014857",371856,2025-08-05 13:27:12,43.1299819946289,-8.47005367279053,"Unknown"
"7014857",371856,2025-08-05 13:32:15,43.1303520202637,-8.47181987762451,"Unknown"
"7014857",371856,2025-08-05 13:37:35,43.1301345825195,-8.47196865081787,"Unknown"
"7014857",371856,2025-08-05 13:42:10,43.1300773620605,-8.4720573425293,"Unknown"
"7014857",371856,2025-08-05 13:47:09,43.129810333252,-8.47181510925293,"Unknown"
"7014857",371856,2025-08-05 13:52:10,43.1301918029785,-8.47200202941895,"Unknown"
"7014857",371856,2025-08-05 13:57:09,43.1300392150879,-8.47193908691406,"Unknown"
"7014857",371856,2025-08-05 14:02:09,43.1300811767578,-8.47196006774902,"Unknown"
"7014857",371856,2025-08-05 14:07:10,43.1300201416016,-8.47179412841797,"Unknown"
"7014857",371856,2025-08-05 14:12:11,43.1299781799316,-8.47200679779053,"Unknown"
"7014857",371856,2025-08-05 14:17:10,43.130012512207,-8.47193145751953,"Unknown"
"7014857",371856,2025-08-05 14:22:10,43.1300392150879,-8.471999168396,"Unknown"
"7014857",371856,2025-08-05 14:27:10,43.1302452087402,-8.47178363800049,"Unknown"
"7014857",371856,2025-08-05 14:32:10,43.1300659179688,-8.47203540802002,"Unknown"
"7014857",371856,2025-08-05 14:37:11,43.1300926208496,-8.47192192077637,"Unknown"
"7014857",371856,2025-08-05 14:42:09,43.1300773620605,-8.47188854217529,"Unknown"
"7014857",371856,2025-08-05 14:47:13,43.1300621032715,-8.47203159332275,"Unknown"
"7014857",371856,2025-08-05 14:52:12,43.1300773620605,-8.47202587127686,"Unknown"
"7014857",371856,2025-08-05 14:57:11,43.1301383972168,-8.4719066619873,"Unknown"
"7014857",371856,2025-08-05 15:02:10,43.1302490234375,-8.47192096710205,"Unknown"
"7014857",371856,2025-08-05 15:07:10,43.1301307678223,-8.47197437286377,"Unknown"
"7014857",371856,2025-08-05 15:12:09,43.1301345825195,-8.47182846069336,"Unknown"
"7014857",371856,2025-08-05 15:17:10,43.1302528381348,-8.47207260131836,"Unknown"
"7014857",371856,2025-08-05 15:22:10,43.1301116943359,-8.47203063964844,"Unknown"
"7014857",371856,2025-08-05 15:27:12,43.1301574707031,-8.47215270996094,"Unknown"
"7014857",371856,2025-08-05 15:32:15,43.1299209594727,-8.47206878662109,"Unknown"
"7014857",371856,2025-08-05 15:37:19,43.130012512207,-8.47220039367676,"Unknown"
"7014857",371856,2025-08-05 15:42:17,43.1301193237305,-8.4717845916748,"Unknown"
"7014857",371856,2025-08-05 15:47:11,43.1299285888672,-8.47192764282227,"Unknown"
"7014857",371856,2025-08-05 15:52:13,43.130012512207,-8.47208118438721,"Unknown"
"7014857",371856,2025-08-05 15:57:12,43.1299896240234,-8.4721097946167,"Unknown"
"7014857",371856,2025-08-05 16:02:15,43.1300392150879,-8.47181034088135,"Unknown"
"7014857",371856,2025-08-05 16:07:10,43.1300888061523,-8.4720401763916,"Unknown"
"7014857",371856,2025-08-05 16:12:24,43.1300773620605,-8.47192192077637,"Unknown"
"7014857",371856,2025-08-05 16:17:11,43.1299514770508,-8.47175216674805,"Unknown"
"7014857",371856,2025-08-05 16:22:35,43.1300506591797,-8.4718713760376,"Unknown"
"7014857",371856,2025-08-05 16:27:09,43.130012512207,-8.47186851501465,"Unknown"
"7014857",371856,2025-08-05 16:32:13,43.1299591064453,-8.47223377227783,"Unknown"
"7014857",371856,2025-08-05 16:37:13,43.1298866271973,-8.47282218933105,"Unknown"
"7014857",371856,2025-08-05 16:42:10,43.130184173584,-8.47454452514648,"Unknown"
"7014857",371856,2025-08-05 16:47:11,43.1298789978027,-8.47294044494629,"Unknown"
"7014857",371856,2025-08-05 16:52:10,43.1299247741699,-8.4727840423584,"Unknown"
"7014857",371856,2025-08-05 16:57:09,43.1354751586914,-8.48802089691162,"Unknown"
"7014857",371856,2025-08-05 17:02:22,43.1355209350586,-8.51736831665039,"Unknown"
"7014857",371856,2025-08-05 17:07:36,43.1462707519531,-8.5431604385376,"Unknown"
"7014857",371856,2025-08-05 17:12:10,43.1611289978027,-8.56314945220947,"Unknown"
"7014857",371856,2025-08-05 17:17:11,43.1817970275879,-8.58319664001465,"Unknown"
"7014857",371856,2025-08-05 17:22:16,43.189697265625,-8.60008144378662,"Unknown"
"7014857",371856,2025-08-05 17:27:12,43.2140502929688,-8.61361408233643,"Unknown"
"7014857",371856,2025-08-05 17:32:35,43.235279083252,-8.6369161605835,"Unknown"
"7014857",371856,2025-08-05 17:37:09,43.2535438537598,-8.65192031860352,"Unknown"
"7014857",371856,2025-08-05 17:42:09,43.275562286377,-8.66759872436523,"Unknown"
"7014857",371856,2025-08-05 17:47:10,43.2913208007812,-8.69965553283691,"Unknown"
"7014857",371856,2025-08-05 17:52:10,43.2916297912598,-8.69801616668701,"Unknown"
"7014857",371856,2025-08-05 17:57:10,43.2908554077148,-8.69875144958496,"Unknown"
"7014857",371856,2025-08-05 18:02:35,43.2918701171875,-8.69828319549561,"Unknown"
"7014857",371856,2025-08-05 18:07:10,43.2911643981934,-8.70336437225342,"Unknown"
"7014857",371856,2025-08-05 18:12:09,43.2997550964355,-8.76081275939941,"Unknown"
"7014857",371856,2025-08-05 18:17:09,43.3200645446777,-8.80710792541504,"Unknown"
"7014857",371856,2025-08-05 18:22:09,43.3413925170898,-8.83178806304932,"Unknown"
"7014857",371856,2025-08-05 18:27:12,43.3593215942383,-8.84513568878174,"Unknown"
"7014857",371856,2025-08-05 18:32:10,43.3593139648438,-8.84522438049316,"Unknown"
"7014857",371856,2025-08-05 18:37:11,43.3593482971191,-8.8452091217041,"Unknown"
"7014857",371856,2025-08-05 18:42:13,43.3593444824219,-8.84526920318604,"Unknown"
"7014857",371856,2025-08-05 18:47:12,43.3593368530273,-8.84537601470947,"Unknown"
"7014857",371856,2025-08-05 18:52:15,43.3592224121094,-8.84538269042969,"Unknown"
"7014857",371856,2025-08-05 18:57:18,43.3593826293945,-8.84529876708984,"Unknown"
"7014857",371856,2025-08-05 19:02:21,43.3593559265137,-8.84528732299805,"Unknown"
"7014857",371856,2025-08-05 19:07:12,43.3593940734863,-8.84531593322754,"Unknown"
"7014857",371856,2025-08-05 19:12:15,43.3593444824219,-8.8450984954834,"Unknown"
"7014857",371856,2025-08-05 19:17:12,43.3593521118164,-8.84520626068115,"Unknown"
"7014857",371856,2025-08-05 19:22:12,43.3593406677246,-8.84531688690186,"Unknown"
"7014857",371856,2025-08-05 19:27:13,43.3592796325684,-8.84520053863525,"Unknown"
"7014857",371856,2025-08-05 19:32:12,43.3592720031738,-8.84519195556641,"Unknown"
"7014857",371856,2025-08-05 19:37:12,43.3593101501465,-8.84528541564941,"Unknown"
"7014857",371856,2025-08-05 19:42:12,43.3593559265137,-8.84535884857178,"Unknown"
"7014857",371856,2025-08-05 19:47:15,43.3592109680176,-8.84514331817627,"Unknown"
"7014857",371856,2025-08-05 19:52:17,43.3592262268066,-8.84519958496094,"Unknown"
"7014857",371856,2025-08-05 19:57:13,43.3593864440918,-8.84522247314453,"Unknown"
"7014857",371856,2025-08-05 20:02:11,43.3592529296875,-8.84530925750732,"Unknown"
"7014857",371856,2025-08-05 20:07:19,43.3593444824219,-8.84533023834229,"Unknown"
"7014857",371856,2025-08-05 20:12:18,43.3593330383301,-8.84530544281006,"Unknown"
"7014857",371856,2025-08-05 20:17:15,43.359302520752,-8.84511184692383,"Unknown"
"7014857",371856,2025-08-05 20:22:15,43.3593406677246,-8.84522438049316,"Unknown"
"7014857",371856,2025-08-05 20:27:34,43.3592872619629,-8.84524440765381,"Unknown"
"7014857",371856,2025-08-05 20:32:12,43.3591804504395,-8.84514808654785,"Unknown"
"7014857",371856,2025-08-05 20:34:39,43.359260559082,-8.84522151947021,"Unknown"
"7014857",371856,2025-08-06 01:35:14,43.3592338562012,-8.84519577026367,"Unknown"
"7014857",371856,2025-08-06 03:34:26,43.3593482971191,-8.84513378143311,"Unknown"
"7014857",371856,2025-08-06 03:38:57,43.3594207763672,-8.84503936767578,"Unknown"
"7014857",371856,2025-08-06 03:43:58,43.359432220459,-8.84506607055664,"Unknown"
"7014857",371856,2025-08-06 03:48:58,43.3594017028809,-8.84503173828125,"Unknown"
"7014857",371856,2025-08-06 03:53:58,43.3596229553223,-8.84482097625732,"Unknown"
"7014857",371856,2025-08-06 03:58:58,43.3596267700195,-8.84496879577637,"Unknown"
"7014857",371856,2025-08-06 04:03:58,43.3596801757812,-8.84484386444092,"Unknown"
"7014857",371856,2025-08-06 04:08:58,43.359561920166,-8.84496688842773,"Unknown"
"7014857",371856,2025-08-06 04:13:58,43.3596343994141,-8.84492683410645,"Unknown"
"7014857",371856,2025-08-06 04:18:58,43.3595542907715,-8.84497833251953,"Unknown"
"7014857",371856,2025-08-06 04:23:58,43.3595237731934,-8.84495544433594,"Unknown"
"7014857",371856,2025-08-06 04:28:58,43.359432220459,-8.84522151947021,"Unknown"
"7014857",371856,2025-08-06 04:34:05,43.3595161437988,-8.84506130218506,"Unknown"
"7014857",371856,2025-08-06 04:38:58,43.3566131591797,-8.83720111846924,"Unknown"
"7014857",371856,2025-08-06 04:44:01,43.3564910888672,-8.83364200592041,"Unknown"
"7014857",371856,2025-08-06 04:49:00,43.3565063476562,-8.83353614807129,"Unknown"
"7014857",371856,2025-08-06 04:54:00,43.3564720153809,-8.83378791809082,"Unknown"
"7014857",371856,2025-08-06 04:59:04,43.3564224243164,-8.83364868164062,"Unknown"
"7014857",371856,2025-08-06 05:04:00,43.3566665649414,-8.83364105224609,"Unknown"
"7014857",371856,2025-08-06 05:08:58,43.3288230895996,-8.82320022583008,"Unknown"
"7014857",371856,2025-08-06 05:13:58,43.3092155456543,-8.79020595550537,"Unknown"
"7014857",371856,2025-08-06 05:18:58,43.302360534668,-8.75844192504883,"Unknown"
"7014857",371856,2025-08-06 05:24:03,43.2934532165527,-8.74561882019043,"Unknown"
"7014857",371856,2025-08-06 05:28:57,43.2929344177246,-8.71587371826172,"Unknown"
"7014857",371856,2025-08-06 05:33:59,43.286075592041,-8.68356609344482,"Unknown"
"7014857",371856,2025-08-06 05:38:58,43.2724533081055,-8.64817142486572,"Unknown"
"7014857",371856,2025-08-06 05:43:59,43.2498741149902,-8.61500835418701,"Unknown"
"7014857",371856,2025-08-06 05:48:59,43.2323913574219,-8.58679962158203,"Unknown"
"7014857",371856,2025-08-06 05:53:58,43.2141075134277,-8.56546592712402,"Unknown"
"7014857",371856,2025-08-06 05:59:00,43.2093048095703,-8.54755592346191,"Unknown"
"7014857",371856,2025-08-06 06:05:22,43.208122253418,-8.53779411315918,"Unknown"
"7014857",371856,2025-08-06 06:09:14,43.2076454162598,-8.53799915313721,"Unknown"
"7014857",371856,2025-08-06 06:13:59,43.2072982788086,-8.5385856628418,"Unknown"
"7014857",371856,2025-08-06 06:19:01,43.2073631286621,-8.538330078125,"Unknown"
"7014857",371856,2025-08-06 06:24:03,43.2072143554688,-8.53854274749756,"Unknown"
"7014857",371856,2025-08-06 06:29:03,43.2074356079102,-8.53836822509766,"Unknown"
"7014857",371856,2025-08-06 06:34:01,43.2074508666992,-8.53850364685059,"Unknown"
"7014857",371856,2025-08-06 06:39:29,43.207447052002,-8.53838634490967,"Unknown"
"7014857",371856,2025-08-06 06:43:58,43.2074928283691,-8.53834342956543,"Unknown"
"7014857",371856,2025-08-06 06:48:58,43.2075157165527,-8.53838443756104,"Unknown"
"7014857",371856,2025-08-06 06:53:58,43.2074584960938,-8.53841686248779,"Unknown"
"7014857",371856,2025-08-06 06:58:58,43.2074851989746,-8.53836345672607,"Unknown"
"7014857",371856,2025-08-06 07:03:58,43.2074546813965,-8.538405418396,"Unknown"
"7014857",371856,2025-08-06 07:08:59,43.2075233459473,-8.53828430175781,"Unknown"
"7014857",371856,2025-08-06 07:14:01,43.2074165344238,-8.53830814361572,"Unknown"
"7014857",371856,2025-08-06 07:19:00,43.2073554992676,-8.5383825302124,"Unknown"
"7014857",371856,2025-08-06 07:23:59,43.2073974609375,-8.53840637207031,"Unknown"
"7014857",371856,2025-08-06 07:28:59,43.2074165344238,-8.538330078125,"Unknown"
"7014857",371856,2025-08-06 07:33:58,43.2074012756348,-8.53840732574463,"Unknown"
"7014857",371856,2025-08-06 07:38:59,43.2074127197266,-8.5381498336792,"Unknown"
"7014857",371856,2025-08-06 07:44:01,43.2073707580566,-8.53835964202881,"Unknown"
"7014857",371856,2025-08-06 07:48:58,43.2073249816895,-8.53852653503418,"Unknown"
"7014857",371856,2025-08-06 07:54:01,43.2073707580566,-8.53830242156982,"Unknown"
"7014857",371856,2025-08-06 07:58:58,43.2074737548828,-8.53849792480469,"Unknown"
"7014857",371856,2025-08-06 08:04:14,43.2074432373047,-8.53838729858398,"Unknown"
"7014857",371856,2025-08-06 08:08:59,43.2074546813965,-8.53846168518066,"Unknown"
"7014857",371856,2025-08-06 08:13:59,43.2074279785156,-8.53841209411621,"Unknown"
"7014857",371856,2025-08-06 08:19:03,43.2074203491211,-8.53853607177734,"Unknown"
"7014857",371856,2025-08-06 08:23:59,43.207389831543,-8.53829765319824,"Unknown"
"7014857",371856,2025-08-06 08:28:59,43.207389831543,-8.538498878479,"Unknown"
"7014857",371856,2025-08-06 08:33:59,43.2073974609375,-8.53835296630859,"Unknown"
"7014857",371856,2025-08-06 08:39:00,43.2073593139648,-8.53838348388672,"Unknown"
"7014857",371856,2025-08-06 08:44:00,43.2073211669922,-8.53841781616211,"Unknown"
"7014857",371856,2025-08-06 08:49:14,43.2077445983887,-8.53744983673096,"Unknown"
"7014857",371856,2025-08-06 08:53:58,43.2077445983887,-8.53746700286865,"Unknown"
"7014857",371856,2025-08-06 08:59:01,43.2076644897461,-8.53736591339111,"Unknown"
"7014857",371856,2025-08-06 09:04:00,43.2075881958008,-8.5381908416748,"Unknown"
"7014857",371856,2025-08-06 09:09:05,43.2080879211426,-8.53800964355469,"Unknown"
"7014857",371856,2025-08-06 09:14:03,43.2079658508301,-8.5377140045166,"Unknown"
"7014857",371856,2025-08-06 09:19:21,43.2078437805176,-8.53761291503906,"Unknown"
"7014857",371856,2025-08-06 09:24:06,43.2077217102051,-8.53789615631104,"Unknown"
"7014857",371856,2025-08-06 09:29:08,43.2137298583984,-8.54531383514404,"Unknown"
"7014857",371856,2025-08-06 09:34:05,43.2317199707031,-8.57591533660889,"Unknown"
"7014857",371856,2025-08-06 09:38:59,43.2417640686035,-8.60601139068604,"Unknown"
"7014857",371856,2025-08-06 09:44:11,43.2558135986328,-8.62614250183105,"Unknown"
"7014857",371856,2025-08-06 09:49:26,43.2719383239746,-8.64348316192627,"Unknown"
"7014857",371856,2025-08-06 09:54:05,43.2914848327637,-8.68157386779785,"Unknown"
"7014857",371856,2025-08-06 09:58:57,43.3104438781738,-8.715256690979,"Unknown"
"7014857",371856,2025-08-06 10:03:57,43.3155670166016,-8.74305438995361,"Unknown"
"7014857",371856,2025-08-06 10:08:57,43.3335609436035,-8.79614925384521,"Unknown"
"7014857",371856,2025-08-06 10:13:57,43.3475646972656,-8.83937549591064,"Unknown"
"7014857",371856,2025-08-06 10:18:59,43.359203338623,-8.84518527984619,"Unknown"
"7014857",371856,2025-08-06 10:23:58,43.3591728210449,-8.84531593322754,"Unknown"
"7014857",371856,2025-08-06 10:29:00,43.3594284057617,-8.84515762329102,"Unknown"
"7014857",371856,2025-08-06 10:34:03,43.3592720031738,-8.8451976776123,"Unknown"
"7014857",371856,2025-08-06 10:38:57,43.3605270385742,-8.8446741104126,"Unknown"
"7014857",371856,2025-08-06 10:43:58,43.3753700256348,-8.86757373809814,"Unknown"
"7014857",371856,2025-08-06 10:48:59,43.3809127807617,-8.87519073486328,"Unknown"
"7014857",371856,2025-08-06 10:54:01,43.3814125061035,-8.8764066696167,"Unknown"
"7014857",371856,2025-08-06 10:59:15,43.3798789978027,-8.8749942779541,"Unknown"
"7014857",371856,2025-08-06 11:04:59,43.3590774536133,-8.84655284881592,"Unknown"
"7014857",371856,2025-08-06 11:09:11,43.3591346740723,-8.84642314910889,"Unknown"
"7014857",371856,2025-08-06 11:14:06,43.359188079834,-8.84645175933838,"Unknown"
"7014857",371856,2025-08-06 11:19:01,43.3590965270996,-8.84644031524658,"Unknown"
"7014857",371856,2025-08-06 11:23:58,43.3608322143555,-8.84170246124268,"Unknown"
"7014857",371856,2025-08-06 11:29:01,43.3350372314453,-8.82239627838135,"Unknown"
"7014857",371856,2025-08-06 11:33:58,43.3321990966797,-8.7797794342041,"Unknown"
"7014857",371856,2025-08-06 11:39:00,43.3178825378418,-8.74642467498779,"Unknown"
"7014857",371856,2025-08-06 11:43:59,43.309627532959,-8.7089204788208,"Unknown"
"7014857",371856,2025-08-06 11:49:00,43.2928123474121,-8.67068195343018,"Unknown"
"7014857",371856,2025-08-06 11:53:58,43.2817001342773,-8.64777755737305,"Unknown"
"7014857",371856,2025-08-06 11:59:00,43.2639389038086,-8.61645889282227,"Unknown"
"7014857",371856,2025-08-06 12:04:01,43.2462310791016,-8.59927845001221,"Unknown"
"7014857",371856,2025-08-06 12:09:08,43.2334671020508,-8.59129905700684,"Unknown"
"7014857",371856,2025-08-06 12:14:03,43.2175521850586,-8.56189441680908,"Unknown"
"7014857",371856,2025-08-06 12:19:45,43.207820892334,-8.53763389587402,"Unknown"
"7014857",371856,2025-08-06 12:24:20,43.2080993652344,-8.5381031036377,"Unknown"
"7014857",371856,2025-08-06 12:29:18,43.2074699401855,-8.53711605072021,"Unknown"
"7014857",371856,2025-08-06 12:34:15,43.2078132629395,-8.53768920898438,"Unknown"
"7014857",371856,2025-08-06 12:39:07,43.2079544067383,-8.53801441192627,"Unknown"
"7014857",371856,2025-08-06 12:44:00,43.2074356079102,-8.53848266601562,"Unknown"
"7014857",371856,2025-08-06 12:49:03,43.2072639465332,-8.53830337524414,"Unknown"
"7014857",371856,2025-08-06 12:54:07,43.2071266174316,-8.53767585754395,"Unknown"
"7014857",371856,2025-08-06 12:59:03,43.2071952819824,-8.53812217712402,"Unknown"
"7014857",371856,2025-08-06 13:04:01,43.2074890136719,-8.53843784332275,"Unknown"
"7014857",371856,2025-08-06 13:09:07,43.2069282531738,-8.53769302368164,"Unknown"
"7014857",371856,2025-08-06 13:14:13,43.2074699401855,-8.53790283203125,"Unknown"
"7014857",371856,2025-08-06 13:19:03,43.2074775695801,-8.53790092468262,"Unknown"
"7014857",371856,2025-08-06 13:24:06,43.2083053588867,-8.53695678710938,"Unknown"
"7014857",371856,2025-08-06 13:29:13,43.2074966430664,-8.53820037841797,"Unknown"
"7014857",371856,2025-08-06 13:34:00,43.207218170166,-8.53832149505615,"Unknown"
"7014857",371856,2025-08-06 13:39:13,43.2078628540039,-8.53755950927734,"Unknown"
"7014857",371856,2025-08-06 13:44:15,43.2077903747559,-8.53751564025879,"Unknown"
"7014857",371856,2025-08-06 13:49:38,43.207447052002,-8.5382661819458,"Unknown"
"7014857",371856,2025-08-06 13:54:07,43.2142295837402,-8.55340099334717,"Unknown"
"7014857",371856,2025-08-06 13:59:00,43.2264442443848,-8.58146190643311,"Unknown"
"7014857",371856,2025-08-06 14:03:59,43.2328605651855,-8.60822677612305,"Unknown"
"7014857",371856,2025-08-06 14:08:59,43.2456092834473,-8.62602424621582,"Unknown"
"7014857",371856,2025-08-06 14:14:00,43.2702140808105,-8.64771270751953,"Unknown"
"7014857",371856,2025-08-06 14:18:58,43.2852363586426,-8.68036556243896,"Unknown"
"7014857",371856,2025-08-06 14:23:59,43.2922630310059,-8.69933891296387,"Unknown"
"7014857",371856,2025-08-06 14:29:01,43.2924308776855,-8.69944953918457,"Unknown"
"7014857",371856,2025-08-06 14:34:04,43.2919540405273,-8.69733905792236,"Unknown"
"7014857",371856,2025-08-06 14:38:59,43.2902793884277,-8.71998119354248,"Unknown"
"7014857",371856,2025-08-06 14:44:00,43.2961692810059,-8.75394916534424,"Unknown"
"7014857",371856,2025-08-06 14:49:00,43.3059501647949,-8.78892993927002,"Unknown"
"7014857",371856,2025-08-06 14:53:59,43.3266563415527,-8.81647872924805,"Unknown"
"7014857",371856,2025-08-06 14:59:00,43.3498611450195,-8.84280776977539,"Unknown"
"7014857",371856,2025-08-06 15:04:01,43.3606071472168,-8.8472261428833,"Unknown"
"7014857",371856,2025-08-06 15:09:03,43.3592071533203,-8.84496593475342,"Unknown"
"7014857",371856,2025-08-06 15:14:06,43.3593101501465,-8.84520816802979,"Unknown"
"7014857",371856,2025-08-06 15:18:59,43.359691619873,-8.84531879425049,"Unknown"
"7014857",371856,2025-08-06 15:24:00,43.3592948913574,-8.82247352600098,"Unknown"
"7014857",371856,2025-08-06 15:29:00,43.3487167358398,-8.78595733642578,"Unknown"
"7014857",371856,2025-08-06 15:34:00,43.3363914489746,-8.74592399597168,"Unknown"
"7014857",371856,2025-08-06 15:39:06,43.3222007751465,-8.69948577880859,"Unknown"
"7014857",371856,2025-08-06 15:44:04,43.294750213623,-8.66501235961914,"Unknown"
"7014857",371856,2025-08-06 15:49:14,43.2937622070312,-8.66562843322754,"Unknown"
"7014857",371856,2025-08-06 15:53:59,43.2936668395996,-8.66567611694336,"Unknown"
"7014857",371856,2025-08-06 15:59:03,43.2938499450684,-8.66575050354004,"Unknown"
"7014857",371856,2025-08-06 16:04:10,43.2936210632324,-8.66557121276855,"Unknown"
"7014857",371856,2025-08-06 16:09:03,43.2936134338379,-8.66573524475098,"Unknown"
"7014857",371856,2025-08-06 16:14:01,43.2937698364258,-8.66568946838379,"Unknown"
"7014857",371856,2025-08-06 16:19:06,43.2937622070312,-8.65849494934082,"Unknown"
"7014857",371856,2025-08-06 16:24:01,43.2891235351562,-8.64886283874512,"Unknown"
"7014857",371856,2025-08-06 16:28:59,43.2773094177246,-8.63359546661377,"Unknown"
"7014857",371856,2025-08-06 16:34:02,43.2498321533203,-8.60152721405029,"Unknown"
"7014857",371856,2025-08-06 16:39:02,43.2418212890625,-8.59169769287109,"Unknown"
"7014857",371856,2025-08-06 16:44:03,43.2270355224609,-8.57931041717529,"Unknown"
"7014857",371856,2025-08-06 16:49:46,43.2175636291504,-8.55412101745605,"Unknown"
"7014857",371856,2025-08-06 16:54:53,43.207820892334,-8.53786468505859,"Unknown"
"7014857",371856,2025-08-06 16:59:09,43.2078285217285,-8.53774070739746,"Unknown"
"7014857",371856,2025-08-06 17:04:04,43.2079162597656,-8.53773498535156,"Unknown"
"7014857",371856,2025-08-06 17:09:02,43.2077751159668,-8.53750705718994,"Unknown"
"7014857",371856,2025-08-06 17:14:08,43.2077560424805,-8.53775024414062,"Unknown"
"7014857",371856,2025-08-06 17:19:11,43.2077293395996,-8.53791427612305,"Unknown"
"7014857",371856,2025-08-06 17:24:12,43.2077789306641,-8.53783130645752,"Unknown"
"7014857",371856,2025-08-06 17:29:09,43.2076988220215,-8.53784465789795,"Unknown"
"7014857",371856,2025-08-06 17:34:12,43.2077178955078,-8.53799915313721,"Unknown"
"7014857",371856,2025-08-06 17:39:10,43.2079887390137,-8.53787422180176,"Unknown"
"7014857",371856,2025-08-06 17:44:09,43.207935333252,-8.53763580322266,"Unknown"
"7014857",371856,2025-08-06 17:49:02,43.2078018188477,-8.53784561157227,"Unknown"
"7014857",371856,2025-08-06 17:54:09,43.2078666687012,-8.53782749176025,"Unknown"
"7014857",371856,2025-08-06 17:59:13,43.2076225280762,-8.53771018981934,"Unknown"
"7014857",371856,2025-08-06 18:04:53,43.207820892334,-8.53802013397217,"Unknown"
"7014857",371856,2025-08-06 18:09:09,43.2078514099121,-8.53789329528809,"Unknown"
"7014857",371856,2025-08-06 18:14:11,43.2079238891602,-8.53784370422363,"Unknown"
"7014857",371856,2025-08-06 18:19:09,43.2078170776367,-8.53821754455566,"Unknown"
"7014857",371856,2025-08-06 18:24:12,43.2078857421875,-8.53804874420166,"Unknown"
"7014857",371856,2025-08-06 18:29:21,43.2076988220215,-8.53822326660156,"Unknown"
"7014857",371856,2025-08-06 18:33:59,43.2183723449707,-8.56092739105225,"Unknown"
"7014857",371856,2025-08-06 18:39:07,43.2399063110352,-8.59834003448486,"Unknown"
"7014857",371856,2025-08-06 18:43:59,43.2570152282715,-8.63116836547852,"Unknown"
"7014857",371856,2025-08-06 18:49:14,43.2831001281738,-8.65329265594482,"Unknown"
"7014857",371856,2025-08-06 18:54:00,43.2915229797363,-8.68890380859375,"Unknown"
"7014857",371856,2025-08-06 18:58:59,43.3007545471191,-8.72399711608887,"Unknown"
"7014857",371856,2025-08-06 19:03:59,43.310977935791,-8.76355171203613,"Unknown"
"7014857",371856,2025-08-06 19:08:59,43.3226890563965,-8.80365467071533,"Unknown"
"7014857",371856,2025-08-06 19:13:59,43.3482322692871,-8.834228515625,"Unknown"
"7014857",371856,2025-08-06 19:19:08,43.3590545654297,-8.84623432159424,"Unknown"
"7014857",371856,2025-08-06 19:24:04,43.3585586547852,-8.84541130065918,"Unknown"
"7014857",371856,2025-08-06 19:29:04,43.3596343994141,-8.84544563293457,"Unknown"
"7014857",371856,2025-08-06 19:34:00,43.3595161437988,-8.84546279907227,"Unknown"
"7014857",371856,2025-08-06 19:39:03,43.3592834472656,-8.84509944915771,"Unknown"
"7014857",371856,2025-08-06 19:44:09,43.3593902587891,-8.84497737884521,"Unknown"
"7014857",371856,2025-08-06 19:49:56,43.3602714538574,-8.8466854095459,"Unknown"
"7014857",371856,2025-08-06 19:54:35,43.359302520752,-8.84523677825928,"Unknown"
"7014857",371856,2025-08-06 19:59:01,43.3593711853027,-8.84520626068115,"Unknown"
"7014857",371856,2025-08-06 20:04:01,43.3592376708984,-8.8452033996582,"Unknown"
"7014857",371856,2025-08-06 20:08:59,43.3593330383301,-8.84511756896973,"Unknown"
"7014857",371856,2025-08-06 20:14:02,43.3592567443848,-8.84536743164062,"Unknown"
"7014857",371856,2025-08-06 20:18:59,43.359375,-8.84516143798828,"Unknown"
"7014857",371856,2025-08-06 20:23:59,43.3570823669434,-8.85207748413086,"Unknown"
"7014857",371856,2025-08-06 20:29:00,43.3594245910645,-8.84513664245605,"Unknown"
"7014857",371856,2025-08-06 20:33:16,43.359245300293,-8.84525680541992,"Unknown"
"7014857",371856,2025-08-07 01:33:44,43.3592414855957,-8.84527397155762,"Unknown"
"7014857",371856,2025-08-07 03:36:04,43.3593406677246,-8.8452091217041,"Unknown"
"7014857",371856,2025-08-07 03:40:42,43.3593215942383,-8.84521102905273,"Unknown"
"7014857",371856,2025-08-07 03:45:43,43.3593864440918,-8.84522438049316,"Unknown"
"7014857",371856,2025-08-07 03:50:43,43.3593368530273,-8.84520244598389,"Unknown"
"7014857",371856,2025-08-07 03:55:43,43.3593215942383,-8.84510898590088,"Unknown"
"7014857",371856,2025-08-07 04:00:44,43.3593215942383,-8.84525012969971,"Unknown"
"7014857",371856,2025-08-07 04:05:43,43.359302520752,-8.84523868560791,"Unknown"
"7014857",371856,2025-08-07 04:10:43,43.3593482971191,-8.84514331817627,"Unknown"
"7014857",371856,2025-08-07 04:15:43,43.3593254089355,-8.84519672393799,"Unknown"
"7014857",371856,2025-08-07 04:20:43,43.3593826293945,-8.84510040283203,"Unknown"
"7014857",371856,2025-08-07 04:25:46,43.359260559082,-8.84523105621338,"Unknown"
"7014857",371856,2025-08-07 04:30:43,43.3559265136719,-8.83465099334717,"Unknown"
"7014857",371856,2025-08-07 04:35:43,43.3560981750488,-8.83438682556152,"Unknown"
"7014857",371856,2025-08-07 04:40:46,43.3558235168457,-8.83500576019287,"Unknown"
"7014857",371856,2025-08-07 04:45:48,43.356014251709,-8.83482456207275,"Unknown"
"7014857",371856,2025-08-07 04:50:43,43.3560829162598,-8.83487606048584,"Unknown"
"7014857",371856,2025-08-07 04:55:44,43.3565635681152,-8.83419513702393,"Unknown"
"7014857",371856,2025-08-07 05:00:51,43.3564987182617,-8.83429145812988,"Unknown"
"7014857",371856,2025-08-07 05:05:57,43.3565406799316,-8.83426570892334,"Unknown"
"7014857",371856,2025-08-07 05:10:48,43.3566474914551,-8.83391952514648,"Unknown"
"7014857",371856,2025-08-07 05:15:59,43.3565254211426,-8.83423900604248,"Unknown"
"7014857",371856,2025-08-07 05:20:45,43.3565940856934,-8.83418464660645,"Unknown"
"7014857",371856,2025-08-07 05:25:52,43.3562622070312,-8.83439064025879,"Unknown"
"7014857",371856,2025-08-07 05:30:44,43.3490791320801,-8.8279857635498,"Unknown"
"7014857",371856,2025-08-07 05:35:44,43.3364906311035,-8.80666542053223,"Unknown"
"7014857",371856,2025-08-07 05:40:53,43.3214912414551,-8.79826068878174,"Unknown"
"7014857",371856,2025-08-07 05:45:54,43.3225898742676,-8.80376434326172,"Unknown"
"7014857",371856,2025-08-07 05:50:46,43.3227882385254,-8.80381393432617,"Unknown"
"7014857",371856,2025-08-07 05:55:54,43.3225440979004,-8.80379867553711,"Unknown"
"7014857",371856,2025-08-07 06:01:05,43.3226280212402,-8.80431842803955,"Unknown"
"7014857",371856,2025-08-07 06:05:45,43.3243446350098,-8.80629539489746,"Unknown"
"7014857",371856,2025-08-07 06:10:44,43.3482398986816,-8.83090782165527,"Unknown"
"7014857",371856,2025-08-07 06:15:44,43.3592071533203,-8.84669494628906,"Unknown"
"7014857",371856,2025-08-07 06:20:45,43.3593559265137,-8.84502124786377,"Unknown"
"7014857",371856,2025-08-07 06:25:43,43.3595504760742,-8.84554958343506,"Unknown"
"7014857",371856,2025-08-07 06:30:49,43.3595085144043,-8.8456859588623,"Unknown"
"7014857",371856,2025-08-07 06:36:32,43.3596343994141,-8.83357429504395,"Unknown"
"7014857",371856,2025-08-07 06:40:43,43.3506927490234,-8.8207540512085,"Unknown"
"7014857",371856,2025-08-07 06:45:42,43.3372192382812,-8.79162788391113,"Unknown"
"7014857",371856,2025-08-07 06:50:42,43.3267631530762,-8.79287338256836,"Unknown"
"7014857",371856,2025-08-07 06:55:49,43.3312683105469,-8.77225017547607,"Unknown"
"7014857",371856,2025-08-07 07:00:51,43.3335647583008,-8.78144645690918,"Unknown"
"7014857",371856,2025-08-07 07:05:46,43.3329124450684,-8.78325939178467,"Unknown"
"7014857",371856,2025-08-07 07:10:45,43.3328971862793,-8.78313541412354,"Unknown"
"7014857",371856,2025-08-07 07:15:48,43.3267936706543,-8.79062175750732,"Unknown"
"7014857",371856,2025-08-07 07:21:00,43.3226051330566,-8.80361747741699,"Unknown"
"7014857",371856,2025-08-07 07:25:57,43.3225059509277,-8.80356121063232,"Unknown"
"7014857",371856,2025-08-07 07:30:56,43.322639465332,-8.80349826812744,"Unknown"
"7014857",371856,2025-08-07 07:35:46,43.3225212097168,-8.80425643920898,"Unknown"
"7014857",371856,2025-08-07 07:40:56,43.322437286377,-8.8034553527832,"Unknown"
"7014857",371856,2025-08-07 07:45:45,43.3224716186523,-8.80344104766846,"Unknown"
"7014857",371856,2025-08-07 07:50:54,43.3224067687988,-8.8034782409668,"Unknown"
"7014857",371856,2025-08-07 07:55:46,43.322437286377,-8.80367660522461,"Unknown"
"7014857",371856,2025-08-07 08:00:52,43.3216171264648,-8.80277252197266,"Unknown"
"7014857",371856,2025-08-07 08:05:45,43.3303871154785,-8.77043724060059,"Unknown"
"7014857",371856,2025-08-07 08:10:48,43.3403434753418,-8.74218654632568,"Unknown"
"7014857",371856,2025-08-07 08:15:48,43.3490371704102,-8.71131229400635,"Unknown"
"7014857",371856,2025-08-07 08:20:48,43.346019744873,-8.67635917663574,"Unknown"
"7014857",371856,2025-08-07 08:25:55,43.3377304077148,-8.63840007781982,"Unknown"
"7014857",371856,2025-08-07 08:31:29,43.3344230651855,-8.59333610534668,"Unknown"
"7014857",371856,2025-08-07 08:35:44,43.3211898803711,-8.56130886077881,"Unknown"
"7014857",371856,2025-08-07 08:40:43,43.292293548584,-8.55306911468506,"Unknown"
"7014857",371856,2025-08-07 08:45:44,43.2922286987305,-8.55281162261963,"Unknown"
"7014857",371856,2025-08-07 08:50:44,43.2922210693359,-8.55273056030273,"Unknown"
"7014857",371856,2025-08-07 08:55:43,43.2831802368164,-8.55414962768555,"Unknown"
"7014857",371856,2025-08-07 09:00:45,43.25732421875,-8.55175590515137,"Unknown"
"7014857",371856,2025-08-07 09:05:55,43.2566566467285,-8.55224800109863,"Unknown"
"7014857",371856,2025-08-07 09:10:49,43.2561264038086,-8.5521125793457,"Unknown"
"7014857",371856,2025-08-07 09:15:44,43.2481880187988,-8.55173683166504,"Unknown"
"7014857",371856,2025-08-07 09:20:44,43.2240295410156,-8.54837799072266,"Unknown"
"7014857",371856,2025-08-07 09:25:44,43.2078590393066,-8.53722953796387,"Unknown"
"7014857",371856,2025-08-07 09:32:05,43.2078132629395,-8.53780078887939,"Unknown"
"7014857",371856,2025-08-07 09:35:51,43.2079467773438,-8.53764057159424,"Unknown"
"7014857",371856,2025-08-07 09:40:48,43.2079696655273,-8.53781414031982,"Unknown"
"7014857",371856,2025-08-07 09:45:55,43.2078399658203,-8.53773498535156,"Unknown"
"7014857",371856,2025-08-07 09:50:57,43.2078323364258,-8.53773021697998,"Unknown"
"7014857",371856,2025-08-07 09:55:47,43.2077293395996,-8.53829383850098,"Unknown"
"7014857",371856,2025-08-07 10:00:55,43.207576751709,-8.53827381134033,"Unknown"
"7014857",371856,2025-08-07 10:05:52,43.2075462341309,-8.53822994232178,"Unknown"
"7014857",371856,2025-08-07 10:10:55,43.2074356079102,-8.53841114044189,"Unknown"
"7014857",371856,2025-08-07 10:16:05,43.2074661254883,-8.5383996963501,"Unknown"
"7014857",371856,2025-08-07 10:20:44,43.2073554992676,-8.53831481933594,"Unknown"
"7014857",371856,2025-08-07 10:26:13,43.2074317932129,-8.53838348388672,"Unknown"
"7014857",371856,2025-08-07 10:30:43,43.2073745727539,-8.5383472442627,"Unknown"
"7014857",371856,2025-08-07 10:35:47,43.2073440551758,-8.53839588165283,"Unknown"
"7014857",371856,2025-08-07 10:40:45,43.2074394226074,-8.53864002227783,"Unknown"
"7014857",371856,2025-08-07 10:45:54,43.2074356079102,-8.53842449188232,"Unknown"
"7014857",371856,2025-08-07 10:50:47,43.2075386047363,-8.53891563415527,"Unknown"
"7014857",371856,2025-08-07 10:55:48,43.2075653076172,-8.53845691680908,"Unknown"
"7014857",371856,2025-08-07 11:00:47,43.2075805664062,-8.53852844238281,"Unknown"
"7014857",371856,2025-08-07 11:05:46,43.2076072692871,-8.53853225708008,"Unknown"
"7014857",371856,2025-08-07 11:10:45,43.2076454162598,-8.53859710693359,"Unknown"
"7014857",371856,2025-08-07 11:15:45,43.2075843811035,-8.53852272033691,"Unknown"
"7014857",371856,2025-08-07 11:20:46,43.2075729370117,-8.53855609893799,"Unknown"
"7014857",371856,2025-08-07 11:26:14,43.2074279785156,-8.53833103179932,"Unknown"
"7014857",371856,2025-08-07 11:30:46,43.2074813842773,-8.53840351104736,"Unknown"
"7014857",371856,2025-08-07 11:35:45,43.2075500488281,-8.53835964202881,"Unknown"
"7014857",371856,2025-08-07 11:40:45,43.2074165344238,-8.53835487365723,"Unknown"
"7014857",371856,2025-08-07 11:45:59,43.2074813842773,-8.53837585449219,"Unknown"
"7014857",371856,2025-08-07 11:51:10,43.2075080871582,-8.53840351104736,"Unknown"
"7014857",371856,2025-08-07 11:55:55,43.2079238891602,-8.53782176971436,"Unknown"
"7014857",371856,2025-08-07 12:00:57,43.2085151672363,-8.53838062286377,"Unknown"
"7014857",371856,2025-08-07 12:05:48,43.2081336975098,-8.53817939758301,"Unknown"
"7014857",371856,2025-08-07 12:10:53,43.2077140808105,-8.53763389587402,"Unknown"
"7014857",371856,2025-08-07 12:16:45,43.2083854675293,-8.53854370117188,"Unknown"
"7014857",371856,2025-08-07 12:22:32,43.2099113464355,-8.53947067260742,"Unknown"
"7014857",371856,2025-08-07 12:26:44,43.2073707580566,-8.53832626342773,"Unknown"
"7014857",371856,2025-08-07 12:31:00,43.2095909118652,-8.53990364074707,"Unknown"
"7014857",371856,2025-08-07 12:36:01,43.2215003967285,-8.5618143081665,"Unknown"
"7014857",371856,2025-08-07 12:41:00,43.2233276367188,-8.59286975860596,"Unknown"
"7014857",371856,2025-08-07 12:46:14,43.2345123291016,-8.62814903259277,"Unknown"
"7014857",371856,2025-08-07 12:51:00,43.2438545227051,-8.65189838409424,"Unknown"
"7014857",371856,2025-08-07 12:56:00,43.2610511779785,-8.66137218475342,"Unknown"
"7014857",371856,2025-08-07 13:01:02,43.2844734191895,-8.67965698242188,"Unknown"
"7014857",371856,2025-08-07 13:06:03,43.2959861755371,-8.66769695281982,"Unknown"
"7014857",371856,2025-08-07 13:11:08,43.2958717346191,-8.66747760772705,"Unknown"
"7014857",371856,2025-08-07 13:16:09,43.2958755493164,-8.66748142242432,"Unknown"
"7014857",371856,2025-08-07 13:21:06,43.2958679199219,-8.66752433776855,"Unknown"
"7014857",371856,2025-08-07 13:26:10,43.2969398498535,-8.66739082336426,"Unknown"
"7014857",371856,2025-08-07 13:31:44,43.2970199584961,-8.66741943359375,"Unknown"
"7014857",371856,2025-08-07 13:36:06,43.297061920166,-8.66755390167236,"Unknown"
"7014857",371856,2025-08-07 13:41:44,43.297004699707,-8.66740417480469,"Unknown"
"7014857",371856,2025-08-07 13:46:06,43.2970924377441,-8.66763687133789,"Unknown"
"7014857",371856,2025-08-07 13:51:12,43.2970390319824,-8.66742706298828,"Unknown"
"7014857",371856,2025-08-07 13:56:04,43.2971076965332,-8.66728496551514,"Unknown"
"7014857",371856,2025-08-07 14:01:02,43.2969779968262,-8.66732692718506,"Unknown"
"7014857",371856,2025-08-07 14:06:01,43.2970314025879,-8.66733169555664,"Unknown"
"7014857",371856,2025-08-07 14:11:03,43.2971000671387,-8.66730117797852,"Unknown"
"7014857",371856,2025-08-07 14:16:07,43.2970161437988,-8.66719532012939,"Unknown"
"7014857",371856,2025-08-07 14:21:08,43.2970809936523,-8.66733360290527,"Unknown"
"7014857",371856,2025-08-07 14:26:11,43.2971000671387,-8.66722011566162,"Unknown"
"7014857",371856,2025-08-07 14:31:09,43.2971000671387,-8.66721820831299,"Unknown"
"7014857",371856,2025-08-07 14:36:06,43.2936210632324,-8.65788650512695,"Unknown"
"7014857",371856,2025-08-07 14:41:11,43.2937164306641,-8.65829753875732,"Unknown"
"7014857",371856,2025-08-07 14:46:14,43.2938194274902,-8.65824699401855,"Unknown"
"7014857",371856,2025-08-07 14:51:01,43.2942047119141,-8.65857219696045,"Unknown"
"7014857",371856,2025-08-07 14:56:06,43.2939147949219,-8.65834808349609,"Unknown"
"7014857",371856,2025-08-07 15:01:06,43.2941780090332,-8.65797710418701,"Unknown"
"7014857",371856,2025-08-07 15:06:14,43.2942428588867,-8.65768814086914,"Unknown"
"7014857",371856,2025-08-07 15:11:04,43.2941970825195,-8.65823173522949,"Unknown"
"7014857",371856,2025-08-07 15:16:15,43.2939491271973,-8.6581859588623,"Unknown"
"7014857",371856,2025-08-07 15:21:00,43.2939872741699,-8.65829086303711,"Unknown"
"7014857",371856,2025-08-07 15:26:02,43.2939834594727,-8.6583776473999,"Unknown"
"7014857",371856,2025-08-07 15:31:00,43.2939300537109,-8.65822887420654,"Unknown"
"7014857",371856,2025-08-07 15:36:00,43.2938194274902,-8.65828418731689,"Unknown"
"7014857",371856,2025-08-07 15:41:02,43.2939949035645,-8.65818786621094,"Unknown"
"7014857",371856,2025-08-07 15:46:35,43.2940139770508,-8.65839862823486,"Unknown"
"7014857",371856,2025-08-07 15:51:01,43.2942276000977,-8.65936756134033,"Unknown"
"7014857",371856,2025-08-07 15:56:09,43.2936706542969,-8.65836620330811,"Unknown"
"7014857",371856,2025-08-07 16:01:02,43.2937622070312,-8.65855503082275,"Unknown"
"7014857",371856,2025-08-07 16:06:09,43.2938613891602,-8.65845108032227,"Unknown"
"7014857",371856,2025-08-07 16:11:06,43.2938499450684,-8.65836334228516,"Unknown"
"7014857",371856,2025-08-07 16:16:09,43.2938385009766,-8.65827083587646,"Unknown"
"7014857",371856,2025-08-07 16:21:14,43.2938270568848,-8.65831756591797,"Unknown"
"7014857",371856,2025-08-07 16:26:00,43.2939186096191,-8.65832424163818,"Unknown"
"7014857",371856,2025-08-07 16:31:00,43.2939338684082,-8.6583948135376,"Unknown"
"7014857",371856,2025-08-07 16:36:12,43.2938079833984,-8.65818405151367,"Unknown"
"7014857",371856,2025-08-07 16:41:02,43.291675567627,-8.65494918823242,"Unknown"
"7014857",371856,2025-08-07 16:46:35,43.2841949462891,-8.63352680206299,"Unknown"
"7014857",371856,2025-08-07 16:51:01,43.2707939147949,-8.6220121383667,"Unknown"
"7014857",371856,2025-08-07 16:56:01,43.2524948120117,-8.60962200164795,"Unknown"
"7014857",371856,2025-08-07 17:01:01,43.2408828735352,-8.59400177001953,"Unknown"
"7014857",371856,2025-08-07 17:06:02,43.2200012207031,-8.56376171112061,"Unknown"
"7014857",371856,2025-08-07 17:11:02,43.2087669372559,-8.54115676879883,"Unknown"
"7014857",371856,2025-08-07 17:16:01,43.2070007324219,-8.5381965637207,"Unknown"
"7014857",371856,2025-08-07 17:21:02,43.2075500488281,-8.53795337677002,"Unknown"
"7014857",371856,2025-08-07 17:26:01,43.20703125,-8.53806018829346,"Unknown"
"7014857",371856,2025-08-07 17:31:03,43.1985397338867,-8.51936626434326,"Unknown"
"7014857",371856,2025-08-07 17:36:04,43.1650657653809,-8.48935794830322,"Unknown"
"7014857",371856,2025-08-07 17:41:14,43.1376457214355,-8.47677135467529,"Unknown"
"7014857",371856,2025-08-07 17:46:02,43.1297569274902,-8.4714183807373,"Unknown"
"7014857",371856,2025-08-07 17:51:11,43.1300659179688,-8.47169589996338,"Unknown"
"7014857",371856,2025-08-07 17:56:06,43.1301498413086,-8.47163963317871,"Unknown"
"7014857",371856,2025-08-07 18:01:06,43.1301918029785,-8.47165966033936,"Unknown"
"7014857",371856,2025-08-07 18:06:03,43.1298294067383,-8.47140312194824,"Unknown"
"7014857",371856,2025-08-07 18:11:08,43.1301574707031,-8.47198104858398,"Unknown"
"7014857",371856,2025-08-07 18:16:14,43.1302757263184,-8.4722261428833,"Unknown"
"7014857",371856,2025-08-07 18:21:01,43.1298484802246,-8.47177696228027,"Unknown"
"7014857",371856,2025-08-07 18:26:01,43.1297798156738,-8.47171306610107,"Unknown"
"7014857",371856,2025-08-07 18:31:09,43.1297187805176,-8.47136783599854,"Unknown"
"7014857",371856,2025-08-07 18:36:15,43.1294975280762,-8.47099113464355,"Unknown"
"7014857",371856,2025-08-07 18:41:04,43.129638671875,-8.47133445739746,"Unknown"
"7014857",371856,2025-08-07 18:46:10,43.1302833557129,-8.47355651855469,"Unknown"
"7014857",371856,2025-08-07 18:51:06,43.137451171875,-8.48752593994141,"Unknown"
"7014857",371856,2025-08-07 18:56:01,43.1401710510254,-8.52058410644531,"Unknown"
"7014857",371856,2025-08-07 19:01:01,43.1555976867676,-8.54450607299805,"Unknown"
"7014857",371856,2025-08-07 19:06:01,43.158878326416,-8.5784158706665,"Unknown"
"7014857",371856,2025-08-07 19:11:01,43.1781349182129,-8.59685039520264,"Unknown"
"7014857",371856,2025-08-07 19:16:01,43.1948013305664,-8.62763595581055,"Unknown"
"7014857",371856,2025-08-07 19:21:02,43.2188262939453,-8.65044975280762,"Unknown"
"7014857",371856,2025-08-07 19:26:02,43.2387733459473,-8.67400741577148,"Unknown"
"7014857",371856,2025-08-07 19:31:17,43.258373260498,-8.69729614257812,"Unknown"
"7014857",371856,2025-08-07 19:36:08,43.2808685302734,-8.69914054870605,"Unknown"
"7014857",371856,2025-08-07 19:41:09,43.2930488586426,-8.69782543182373,"Unknown"
"7014857",371856,2025-08-07 19:46:15,43.2928123474121,-8.69819164276123,"Unknown"
"7014857",371856,2025-08-07 19:51:06,43.2927055358887,-8.69854164123535,"Unknown"
"7014857",371856,2025-08-07 19:56:06,43.2929458618164,-8.69817733764648,"Unknown"
"7014857",371856,2025-08-07 20:01:12,43.2927856445312,-8.69855308532715,"Unknown"
"7014857",371856,2025-08-07 20:06:11,43.2929649353027,-8.6987419128418,"Unknown"
"7014857",371856,2025-08-07 20:11:06,43.2928733825684,-8.69880199432373,"Unknown"
"7014857",371856,2025-08-07 20:16:02,43.3049392700195,-8.71648025512695,"Unknown"
"7014857",371856,2025-08-07 20:21:02,43.3226852416992,-8.75803279876709,"Unknown"
"7014857",371856,2025-08-07 20:26:01,43.3402557373047,-8.79167747497559,"Unknown"
"7014857",371856,2025-08-07 20:32:52,43.3510551452637,-8.84357261657715,"Unknown"
"7014857",371856,2025-08-08 01:32:05,43.3564338684082,-8.83333301544189,"Unknown"
"7014857",371856,2025-08-08 03:36:44,43.3605842590332,-8.8331413269043,"Unknown"
"7014857",371856,2025-08-08 03:41:10,43.3607482910156,-8.83326053619385,"Unknown"
"7014857",371856,2025-08-08 03:46:08,43.3606147766113,-8.83320236206055,"Unknown"
"7014857",371856,2025-08-08 03:51:12,43.3606643676758,-8.83329963684082,"Unknown"
"7014857",371856,2025-08-08 03:56:11,43.3606491088867,-8.83315086364746,"Unknown"
"7014857",371856,2025-08-08 04:01:17,43.3602523803711,-8.83297443389893,"Unknown"
"7014857",371856,2025-08-08 04:06:10,43.360523223877,-8.83334922790527,"Unknown"
"7014857",371856,2025-08-08 04:11:13,43.360466003418,-8.83305644989014,"Unknown"
"7014857",371856,2025-08-08 04:16:14,43.3605041503906,-8.83304500579834,"Unknown"
"7014857",371856,2025-08-08 04:21:09,43.3608360290527,-8.83334827423096,"Unknown"
"7014857",371856,2025-08-08 04:26:13,43.3605194091797,-8.83380889892578,"Unknown"
"7014857",371856,2025-08-08 04:31:35,43.3605537414551,-8.83313179016113,"Unknown"
"7014857",371856,2025-08-08 04:36:11,43.3605842590332,-8.83314037322998,"Unknown"
"7014857",371856,2025-08-08 04:41:11,43.3605728149414,-8.83313179016113,"Unknown"
"7014857",371856,2025-08-08 04:46:10,43.3606147766113,-8.83324813842773,"Unknown"
"7014857",371856,2025-08-08 04:51:09,43.3606796264648,-8.83327770233154,"Unknown"
"7014857",371856,2025-08-08 04:56:11,43.3606109619141,-8.83324813842773,"Unknown"
"7014857",371856,2025-08-08 05:01:11,43.3606643676758,-8.83327865600586,"Unknown"
"7014857",371856,2025-08-08 05:06:22,43.3608360290527,-8.83320617675781,"Unknown"
"7014857",371856,2025-08-08 05:11:10,43.3607521057129,-8.83347988128662,"Unknown"
"7014857",371856,2025-08-08 05:16:10,43.3388786315918,-8.82961177825928,"Unknown"
"7014857",371856,2025-08-08 05:21:10,43.3272895812988,-8.82869148254395,"Unknown"
"7014857",371856,2025-08-08 05:26:12,43.3276214599609,-8.82824325561523,"Unknown"
"7014857",371856,2025-08-08 05:31:19,43.3277702331543,-8.82829284667969,"Unknown"
"7014857",371856,2025-08-08 05:36:16,43.3236885070801,-8.81632232666016,"Unknown"
"7014857",371856,2025-08-08 05:41:10,43.3237953186035,-8.81602382659912,"Unknown"
"7014857",371856,2025-08-08 05:46:13,43.32373046875,-8.81592273712158,"Unknown"
"7014857",371856,2025-08-08 05:51:09,43.3238296508789,-8.81609058380127,"Unknown"
"7014857",371856,2025-08-08 05:56:16,43.3238410949707,-8.81654453277588,"Unknown"
"7014857",371856,2025-08-08 06:01:11,43.32373046875,-8.81628513336182,"Unknown"
"7014857",371856,2025-08-08 06:06:10,43.3219718933105,-8.80849075317383,"Unknown"
"7014857",371856,2025-08-08 06:11:11,43.3216705322266,-8.80739498138428,"Unknown"
"7014857",371856,2025-08-08 06:16:17,43.3217735290527,-8.80776500701904,"Unknown"
"7014857",371856,2025-08-08 06:21:13,43.3217964172363,-8.80797672271729,"Unknown"
"7014857",371856,2025-08-08 06:26:14,43.3217544555664,-8.80801963806152,"Unknown"
"7014857",371856,2025-08-08 06:31:11,43.3215675354004,-8.80796051025391,"Unknown"
"7014857",371856,2025-08-08 06:36:17,43.3215789794922,-8.80799865722656,"Unknown"
"7014857",371856,2025-08-08 06:41:21,43.3236541748047,-8.80685901641846,"Unknown"
"7014857",371856,2025-08-08 06:46:12,43.3239593505859,-8.80761051177979,"Unknown"
"7014857",371856,2025-08-08 06:51:59,43.3237152099609,-8.80677795410156,"Unknown"
"7014857",371856,2025-08-08 06:56:18,43.323673248291,-8.80671405792236,"Unknown"
"7014857",371856,2025-08-08 07:01:11,43.3229866027832,-8.80644989013672,"Unknown"
"7014857",371856,2025-08-08 07:06:10,43.3226661682129,-8.80645370483398,"Unknown"
"7014857",371856,2025-08-08 07:11:11,43.3230590820312,-8.80604457855225,"Unknown"
"7014857",371856,2025-08-08 07:16:12,43.3227500915527,-8.80634117126465,"Unknown"
"7014857",371856,2025-08-08 07:21:12,43.3229713439941,-8.80618667602539,"Unknown"
"7014857",371856,2025-08-08 07:26:12,43.3224945068359,-8.80632781982422,"Unknown"
"7014857",371856,2025-08-08 07:31:09,43.3233413696289,-8.80607414245605,"Unknown"
"7014857",371856,2025-08-08 07:36:09,43.3235168457031,-8.80573749542236,"Unknown"
"7014857",371856,2025-08-08 07:41:20,43.3221664428711,-8.80580711364746,"Unknown"
"7014857",371856,2025-08-08 07:46:09,43.3191184997559,-8.79527568817139,"Unknown"
"7014857",371856,2025-08-08 07:51:10,43.3123016357422,-8.75502586364746,"Unknown"
"7014857",371856,2025-08-08 07:56:11,43.3026466369629,-8.71262073516846,"Unknown"
"7014857",371856,2025-08-08 08:01:10,43.2972221374512,-8.6667013168335,"Unknown"
"7014857",371856,2025-08-08 08:06:09,43.2819480895996,-8.6398458480835,"Unknown"
"7014857",371856,2025-08-08 08:11:12,43.2618675231934,-8.61266422271729,"Unknown"
"7014857",371856,2025-08-08 08:16:09,43.246639251709,-8.60448169708252,"Unknown"
"7014857",371856,2025-08-08 08:21:18,43.2284660339355,-8.57723522186279,"Unknown"
"7014857",371856,2025-08-08 08:26:12,43.210090637207,-8.55223178863525,"Unknown"
"7014857",371856,2025-08-08 08:31:24,43.2077445983887,-8.53780937194824,"Unknown"
"7014857",371856,2025-08-08 08:36:19,43.2076416015625,-8.53735446929932,"Unknown"
"7014857",371856,2025-08-08 08:41:10,43.2072830200195,-8.53803157806396,"Unknown"
"7014857",371856,2025-08-08 08:46:11,43.2075271606445,-8.53747653961182,"Unknown"
"7014857",371856,2025-08-08 08:51:13,43.2073364257812,-8.53744029998779,"Unknown"
"7014857",371856,2025-08-08 08:56:12,43.2071685791016,-8.53770923614502,"Unknown"
"7014857",371856,2025-08-08 09:01:10,43.2071723937988,-8.53788661956787,"Unknown"
"7014857",371856,2025-08-08 09:06:09,43.2070999145508,-8.53775501251221,"Unknown"
"7014857",371856,2025-08-08 09:11:10,43.2069892883301,-8.53779220581055,"Unknown"
"7014857",371856,2025-08-08 09:16:27,43.2074508666992,-8.53755187988281,"Unknown"
"7014857",371856,2025-08-08 09:21:19,43.2076797485352,-8.53709888458252,"Unknown"
"7014857",371856,2025-08-08 09:26:27,43.2078323364258,-8.5370454788208,"Unknown"
"7014857",371856,2025-08-08 09:31:12,43.2071266174316,-8.53838634490967,"Unknown"
"7014857",371856,2025-08-08 09:36:13,43.2072143554688,-8.53818511962891,"Unknown"
"7014857",371856,2025-08-08 09:41:11,43.2072219848633,-8.53814506530762,"Unknown"
"7014857",371856,2025-08-08 09:46:18,43.2072334289551,-8.53816986083984,"Unknown"
"7014857",371856,2025-08-08 09:51:17,43.207202911377,-8.53816509246826,"Unknown"
"7014857",371856,2025-08-08 09:56:13,43.2072830200195,-8.5382022857666,"Unknown"
"7014857",371856,2025-08-08 10:01:19,43.2072143554688,-8.53822326660156,"Unknown"
"7014857",371856,2025-08-08 10:06:13,43.2072486877441,-8.53821754455566,"Unknown"
"7014857",371856,2025-08-08 10:11:13,43.2072334289551,-8.53817272186279,"Unknown"
"7014857",371856,2025-08-08 10:16:12,43.2071571350098,-8.53817462921143,"Unknown"
"7014857",371856,2025-08-08 10:21:18,43.2071533203125,-8.53807353973389,"Unknown"
"7014857",371856,2025-08-08 10:26:13,43.207088470459,-8.53810596466064,"Unknown"
"7014857",371856,2025-08-08 10:31:16,43.2064170837402,-8.53873252868652,"Unknown"
"7014857",371856,2025-08-08 10:36:12,43.2065124511719,-8.53853607177734,"Unknown"
"7014857",371856,2025-08-08 10:41:13,43.2080345153809,-8.53773403167725,"Unknown"
"7014857",371856,2025-08-08 10:46:18,43.208610534668,-8.53731822967529,"Unknown"
"7014857",371856,2025-08-08 10:51:25,43.2069053649902,-8.53756332397461,"Unknown"
"7014857",371856,2025-08-08 10:56:17,43.2078857421875,-8.53725528717041,"Unknown"
"7014857",371856,2025-08-08 11:01:19,43.2081336975098,-8.53737545013428,"Unknown"
"7014857",371856,2025-08-08 11:06:12,43.2081184387207,-8.53760814666748,"Unknown"
"7014857",371856,2025-08-08 11:11:14,43.2079811096191,-8.53778266906738,"Unknown"
"7014857",371856,2025-08-08 11:16:20,43.2080116271973,-8.53761768341064,"Unknown"
"7014857",371856,2025-08-08 11:21:27,43.2075653076172,-8.53779792785645,"Unknown"
"7014857",371856,2025-08-08 11:26:10,43.2045745849609,-8.53715324401855,"Unknown"
"7014857",371856,2025-08-08 11:31:11,43.1911697387695,-8.51664924621582,"Unknown"
"7014857",371856,2025-08-08 11:36:10,43.1703720092773,-8.50275230407715,"Unknown"
"7014857",371856,2025-08-08 11:41:09,43.1391716003418,-8.47838401794434,"Unknown"
"7014857",371856,2025-08-08 11:46:13,43.1303939819336,-8.47208786010742,"Unknown"
"7014857",371856,2025-08-08 11:51:14,43.1302604675293,-8.47241401672363,"Unknown"
"7014857",371856,2025-08-08 11:56:13,43.130558013916,-8.47250843048096,"Unknown"
"7014857",371856,2025-08-08 12:01:17,43.1303977966309,-8.472243309021,"Unknown"
"7014857",371856,2025-08-08 12:06:10,43.1298179626465,-8.4717435836792,"Unknown"
"7014857",371856,2025-08-08 12:11:13,43.1303596496582,-8.47205638885498,"Unknown"
"7014857",371856,2025-08-08 12:16:18,43.130256652832,-8.47209167480469,"Unknown"
"7014857",371856,2025-08-08 12:21:13,43.1297340393066,-8.4729700088501,"Unknown"
"7014857",371856,2025-08-08 12:26:13,43.1296081542969,-8.47286033630371,"Unknown"
"7014857",371856,2025-08-08 12:31:19,43.1299476623535,-8.47333335876465,"Unknown"
"7014857",371856,2025-08-08 12:36:11,43.1294784545898,-8.47270488739014,"Unknown"
"7014857",371856,2025-08-08 12:41:13,43.1296691894531,-8.47296142578125,"Unknown"
"7014857",371856,2025-08-08 12:46:14,43.1301460266113,-8.47363567352295,"Unknown"
"7014857",371856,2025-08-08 12:51:10,43.1305122375488,-8.47429656982422,"Unknown"
"7014857",371856,2025-08-08 12:56:12,43.1299858093262,-8.47382926940918,"Unknown"
"7014857",371856,2025-08-08 13:01:13,43.130069732666,-8.47360801696777,"Unknown"
"7014857",371856,2025-08-08 13:06:12,43.1301345825195,-8.47360610961914,"Unknown"
"7014857",371856,2025-08-08 13:11:14,43.1302299499512,-8.47366905212402,"Unknown"
"7014857",371856,2025-08-08 13:16:20,43.1302490234375,-8.47367858886719,"Unknown"
"7014857",371856,2025-08-08 13:21:13,43.1300277709961,-8.47353076934814,"Unknown"
"7014857",371856,2025-08-08 13:26:11,43.130126953125,-8.47375774383545,"Unknown"
"7014857",371856,2025-08-08 13:31:16,43.1300849914551,-8.47347068786621,"Unknown"
"7014857",371856,2025-08-08 13:36:11,43.1300010681152,-8.47356414794922,"Unknown"
"7014857",371856,2025-08-08 13:41:12,43.1300468444824,-8.47379016876221,"Unknown"
"7014857",371856,2025-08-08 13:46:11,43.1300392150879,-8.47361946105957,"Unknown"
"7014857",371856,2025-08-08 13:51:11,43.1300239562988,-8.47365951538086,"Unknown"
"7014857",371856,2025-08-08 13:56:12,43.1300315856934,-8.47372913360596,"Unknown"
"7014857",371856,2025-08-08 14:01:11,43.1297340393066,-8.47418594360352,"Unknown"
"7014857",371856,2025-08-08 14:06:09,43.1297035217285,-8.47417259216309,"Unknown"
"7014857",371856,2025-08-08 14:11:10,43.1297073364258,-8.47409057617188,"Unknown"
"7014857",371856,2025-08-08 14:16:17,43.1298866271973,-8.47397708892822,"Unknown"
"7014857",371856,2025-08-08 14:21:22,43.129581451416,-8.47399044036865,"Unknown"
"7014857",371856,2025-08-08 14:26:15,43.1297836303711,-8.47382545471191,"Unknown"
"7014857",371856,2025-08-08 14:31:10,43.129810333252,-8.47392749786377,"Unknown"
"7014857",371856,2025-08-08 14:36:10,43.1297874450684,-8.47379875183105,"Unknown"
"7014857",371856,2025-08-08 14:41:13,43.1298179626465,-8.47358226776123,"Unknown"
"7014857",371856,2025-08-08 14:46:10,43.1298866271973,-8.4736967086792,"Unknown"
"7014857",371856,2025-08-08 14:51:12,43.1295700073242,-8.47360897064209,"Unknown"
"7014857",371856,2025-08-08 14:56:15,43.1297607421875,-8.47336578369141,"Unknown"
"7014857",371856,2025-08-08 15:01:11,43.1298942565918,-8.47346973419189,"Unknown"
"7014857",371856,2025-08-08 15:06:12,43.1306343078613,-8.47099685668945,"Unknown"
"7014857",371856,2025-08-08 15:11:12,43.1307067871094,-8.47124290466309,"Unknown"
"7014857",371856,2025-08-08 15:16:10,43.130298614502,-8.47130393981934,"Unknown"
"7014857",371856,2025-08-08 15:21:13,43.130786895752,-8.47127437591553,"Unknown"
"7014857",371856,2025-08-08 15:26:12,43.1304130554199,-8.47111797332764,"Unknown"
"7014857",371856,2025-08-08 15:31:15,43.1308517456055,-8.47136497497559,"Unknown"
"7014857",371856,2025-08-08 15:36:18,43.1308631896973,-8.47136497497559,"Unknown"
"7014857",371856,2025-08-08 15:41:10,43.1309814453125,-8.47128868103027,"Unknown"
"7014857",371856,2025-08-08 15:46:11,43.1312370300293,-8.47126007080078,"Unknown"
"7014857",371856,2025-08-08 15:51:10,43.1312713623047,-8.47120475769043,"Unknown"
"7014857",371856,2025-08-08 15:56:16,43.1312026977539,-8.47109127044678,"Unknown"
"7014857",371856,2025-08-08 16:01:11,43.1312446594238,-8.47103118896484,"Unknown"
"7014857",371856,2025-08-08 16:06:12,43.1309051513672,-8.47063732147217,"Unknown"
"7014857",371856,2025-08-08 16:11:10,43.1299858093262,-8.47050666809082,"Unknown"
"7014857",371856,2025-08-08 16:16:15,43.130558013916,-8.47067737579346,"Unknown"
"7014857",371856,2025-08-08 16:21:17,43.1308364868164,-8.47029495239258,"Unknown"
"7014857",371856,2025-08-08 16:26:11,43.1301422119141,-8.47047901153564,"Unknown"
"7014857",371856,2025-08-08 16:31:17,43.1298370361328,-8.47060394287109,"Unknown"
"7014857",371856,2025-08-08 16:36:12,43.1306686401367,-8.47014427185059,"Unknown"
"7014857",371856,2025-08-08 16:41:21,43.130672454834,-8.46992206573486,"Unknown"
"7014857",371856,2025-08-08 16:46:11,43.1307563781738,-8.4699182510376,"Unknown"
"7014857",371856,2025-08-08 16:51:10,43.1307220458984,-8.46994400024414,"Unknown"
"7014857",371856,2025-08-08 16:56:10,43.1307640075684,-8.46993732452393,"Unknown"
"7014857",371856,2025-08-08 17:01:10,43.1308288574219,-8.46996307373047,"Unknown"
"7014857",371856,2025-08-08 17:06:09,43.1308822631836,-8.46994972229004,"Unknown"
"7014857",371856,2025-08-08 17:11:09,43.130916595459,-8.46994304656982,"Unknown"
"7014857",371856,2025-08-08 17:16:10,43.1305656433105,-8.47142028808594,"Unknown"
"7014857",371856,2025-08-08 17:21:11,43.130558013916,-8.47187805175781,"Unknown"
"7014857",371856,2025-08-08 17:26:10,43.1305236816406,-8.47171401977539,"Unknown"
"7014857",371856,2025-08-08 17:31:11,43.1308784484863,-8.4708137512207,"Unknown"
"7014857",371856,2025-08-08 17:36:10,43.1305160522461,-8.47031211853027,"Unknown"
"7014857",371856,2025-08-08 17:41:10,43.1303901672363,-8.46995544433594,"Unknown"
"7014857",371856,2025-08-08 17:46:11,43.1303977966309,-8.4699764251709,"Unknown"
"7014857",371856,2025-08-08 17:51:10,43.1309547424316,-8.47090530395508,"Unknown"
"7014857",371856,2025-08-08 17:56:15,43.1303825378418,-8.47142887115479,"Unknown"
"7014857",371856,2025-08-08 18:01:11,43.1304054260254,-8.47142601013184,"Unknown"
"7014857",371856,2025-08-08 18:06:10,43.1310119628906,-8.47178554534912,"Unknown"
"7014857",371856,2025-08-08 18:11:11,43.1307907104492,-8.47163200378418,"Unknown"
"7014857",371856,2025-08-08 18:16:15,43.1306800842285,-8.47162818908691,"Unknown"
"7014857",371856,2025-08-08 18:21:15,43.1308212280273,-8.47196578979492,"Unknown"
"7014857",371856,2025-08-08 18:26:12,43.1379051208496,-8.48285865783691,"Unknown"
"7014857",371856,2025-08-08 18:31:10,43.1512870788574,-8.49890995025635,"Unknown"
"7014857",371856,2025-08-08 18:36:12,43.1586418151855,-8.50948715209961,"Unknown"
"7014857",371856,2025-08-08 18:41:09,43.1585388183594,-8.54281806945801,"Unknown"
"7014857",371856,2025-08-08 18:46:12,43.1605453491211,-8.57608890533447,"Unknown"
"7014857",371856,2025-08-08 18:51:10,43.1725730895996,-8.60494518280029,"Unknown"
"7014857",371856,2025-08-08 18:56:15,43.1930122375488,-8.62454795837402,"Unknown"
"7014857",371856,2025-08-08 19:01:11,43.2121238708496,-8.64635276794434,"Unknown"
"7014857",371856,2025-08-08 19:06:09,43.228874206543,-8.67397499084473,"Unknown"
"7014857",371856,2025-08-08 19:11:10,43.2437553405762,-8.68424797058105,"Unknown"
"7014857",371856,2025-08-08 19:16:10,43.2437744140625,-8.68422317504883,"Unknown"
"7014857",371856,2025-08-08 19:21:21,43.2440338134766,-8.68496704101562,"Unknown"
"7014857",371856,2025-08-08 19:26:10,43.2436332702637,-8.68429660797119,"Unknown"
"7014857",371856,2025-08-08 19:31:15,43.2434883117676,-8.68448352813721,"Unknown"
"7014857",371856,2025-08-08 19:36:10,43.2434158325195,-8.68441963195801,"Unknown"
"7014857",371856,2025-08-08 19:41:12,43.2437324523926,-8.68445301055908,"Unknown"
"7014857",371856,2025-08-08 19:46:10,43.2465057373047,-8.68293190002441,"Unknown"
"7014857",371856,2025-08-08 19:51:10,43.2519340515137,-8.70418548583984,"Unknown"
"7014857",371856,2025-08-08 19:56:10,43.2726783752441,-8.71053504943848,"Unknown"
"7014857",371856,2025-08-08 20:01:10,43.2949142456055,-8.73500728607178,"Unknown"
"7014857",371856,2025-08-08 20:06:19,43.3091125488281,-8.77887439727783,"Unknown"
"7014857",371856,2025-08-08 20:11:10,43.3233222961426,-8.81718158721924,"Unknown"
"7014857",371856,2025-08-08 20:16:09,43.334285736084,-8.82973194122314,"Unknown"
"7014857",371856,2025-08-08 20:21:16,43.360107421875,-8.84801864624023,"Unknown"
"7014857",371856,2025-08-08 20:26:11,43.3596229553223,-8.84525489807129,"Unknown"
"7014857",371856,2025-08-08 20:30:15,43.3607521057129,-8.84479904174805,"Unknown"
"7014857",371856,2025-08-09 01:30:15,43.3592948913574,-8.84574794769287,"Unknown"
"7014857",371856,2025-08-09 03:39:16,43.3598861694336,-8.84510231018066,"Unknown"
"7014857",371856,2025-08-09 03:44:16,43.3598937988281,-8.84516143798828,"Unknown"
"7014857",371856,2025-08-09 03:49:16,43.3599510192871,-8.84529972076416,"Unknown"
"7014857",371856,2025-08-09 03:54:19,43.3597831726074,-8.84507656097412,"Unknown"
"7014857",371856,2025-08-09 03:59:15,43.3598747253418,-8.84526538848877,"Unknown"
"7014857",371856,2025-08-09 04:04:15,43.3598670959473,-8.84525966644287,"Unknown"
"7014857",371856,2025-08-09 04:09:16,43.3598785400391,-8.84524822235107,"Unknown"
"7014857",371856,2025-08-09 04:14:15,43.3598861694336,-8.84523582458496,"Unknown"
"7014857",371856,2025-08-09 04:19:18,43.3598899841309,-8.84545516967773,"Unknown"
"7014857",371856,2025-08-09 04:24:17,43.3598670959473,-8.84532070159912,"Unknown"
"7014857",371856,2025-08-09 04:29:17,43.3598251342773,-8.84527492523193,"Unknown"
"7014857",371856,2025-08-09 04:34:16,43.3598289489746,-8.84518337249756,"Unknown"
"7014857",371856,2025-08-09 04:39:15,43.3598136901855,-8.84529972076416,"Unknown"
"7014857",371856,2025-08-09 04:44:17,43.3598365783691,-8.84522724151611,"Unknown"
"7014857",371856,2025-08-09 04:49:16,43.3601989746094,-8.84487438201904,"Unknown"
"7014857",371856,2025-08-09 04:54:15,43.3534851074219,-8.83956241607666,"Unknown"
"7014857",371856,2025-08-09 04:59:14,43.3292808532715,-8.8199291229248,"Unknown"
"7014857",371856,2025-08-09 05:04:15,43.3241500854492,-8.81653594970703,"Unknown"
"7014857",371856,2025-08-09 05:09:17,43.3241424560547,-8.81637287139893,"Unknown"
"7014857",371856,2025-08-09 05:14:20,43.3239326477051,-8.81661319732666,"Unknown"
"7014857",371856,2025-08-09 05:19:16,43.3241310119629,-8.81650066375732,"Unknown"
"7014857",371856,2025-08-09 05:24:19,43.3239898681641,-8.81655597686768,"Unknown"
"7014857",371856,2025-08-09 05:29:17,43.3240432739258,-8.81639099121094,"Unknown"
"7014857",371856,2025-08-09 05:34:18,43.3238754272461,-8.81646728515625,"Unknown"
"7014857",371856,2025-08-09 05:39:23,43.3239974975586,-8.8164529800415,"Unknown"
"7014857",371856,2025-08-09 05:44:24,43.3238410949707,-8.81665802001953,"Unknown"
"7014857",371856,2025-08-09 05:49:18,43.3238258361816,-8.81635475158691,"Unknown"
"7014857",371856,2025-08-09 05:54:19,43.3230247497559,-8.80573081970215,"Unknown"
"7014857",371856,2025-08-09 05:59:18,43.3231391906738,-8.80562686920166,"Unknown"
"7014857",371856,2025-08-09 06:04:17,43.3229942321777,-8.80549716949463,"Unknown"
"7014857",371856,2025-08-09 06:09:17,43.323371887207,-8.80549907684326,"Unknown"
"7014857",371856,2025-08-09 06:14:15,43.3235511779785,-8.80573844909668,"Unknown"
"7014857",371856,2025-08-09 06:19:23,43.3234786987305,-8.80561923980713,"Unknown"
"7014857",371856,2025-08-09 06:24:16,43.3233795166016,-8.80567359924316,"Unknown"
"7014857",371856,2025-08-09 06:29:17,43.3234558105469,-8.80566024780273,"Unknown"
"7014857",371856,2025-08-09 06:34:16,43.3172035217285,-8.80360221862793,"Unknown"
"7014857",371856,2025-08-09 06:39:26,43.3059234619141,-8.78760147094727,"Unknown"
"7014857",371856,2025-08-09 06:44:31,43.3061027526855,-8.78691673278809,"Unknown"
"7014857",371856,2025-08-09 06:49:42,43.305534362793,-8.78785419464111,"Unknown"
"7014857",371856,2025-08-09 06:54:15,43.3052787780762,-8.78732299804688,"Unknown"
"7014857",371856,2025-08-09 06:59:17,43.3057289123535,-8.78820323944092,"Unknown"
"7014857",371856,2025-08-09 07:04:15,43.3056564331055,-8.78797435760498,"Unknown"
"7014857",371856,2025-08-09 07:09:19,43.3054618835449,-8.78767108917236,"Unknown"
"7014857",371856,2025-08-09 07:14:16,43.3056526184082,-8.78711700439453,"Unknown"
"7014857",371856,2025-08-09 07:19:14,43.2996292114258,-8.7723503112793,"Unknown"
"7014857",371856,2025-08-09 07:24:15,43.2932624816895,-8.74136161804199,"Unknown"
"7014857",371856,2025-08-09 07:29:14,43.2900238037109,-8.71260833740234,"Unknown"
"7014857",371856,2025-08-09 07:34:20,43.2921333312988,-8.69612503051758,"Unknown"
"7014857",371856,2025-08-09 07:39:23,43.2921905517578,-8.6959867477417,"Unknown"
"7014857",371856,2025-08-09 07:44:15,43.2917556762695,-8.69625186920166,"Unknown"
"7014857",371856,2025-08-09 07:49:29,43.2923812866211,-8.6958179473877,"Unknown"
"7014857",371856,2025-08-09 07:54:17,43.2924118041992,-8.6956033706665,"Unknown"
"7014857",371856,2025-08-09 07:59:26,43.2923927307129,-8.69583988189697,"Unknown"
"7014857",371856,2025-08-09 08:04:20,43.2924041748047,-8.69583034515381,"Unknown"
"7014857",371856,2025-08-09 08:09:19,43.2924346923828,-8.69565391540527,"Unknown"
"7014857",371856,2025-08-09 08:14:19,43.2924613952637,-8.6954231262207,"Unknown"
"7014857",371856,2025-08-09 08:19:34,43.2962074279785,-8.66950511932373,"Unknown"
"7014857",371856,2025-08-09 08:24:15,43.2938232421875,-8.65810108184814,"Unknown"
"7014857",371856,2025-08-09 08:29:17,43.2937545776367,-8.65806198120117,"Unknown"
"7014857",371856,2025-08-09 08:34:18,43.2938613891602,-8.65815162658691,"Unknown"
"7014857",371856,2025-08-09 08:39:27,43.2942314147949,-8.65807819366455,"Unknown"
"7014857",371856,2025-08-09 08:44:29,43.2947196960449,-8.65746402740479,"Unknown"
"7014857",371856,2025-08-09 08:49:14,43.2803001403809,-8.64505958557129,"Unknown"
"7014857",371856,2025-08-09 08:54:34,43.2600593566895,-8.61416912078857,"Unknown"
"7014857",371856,2025-08-09 08:59:15,43.2597312927246,-8.61331748962402,"Unknown"
"7014857",371856,2025-08-09 09:04:14,43.2597389221191,-8.61340427398682,"Unknown"
"7014857",371856,2025-08-09 09:09:14,43.2578773498535,-8.61095714569092,"Unknown"
"7014857",371856,2025-08-09 09:14:14,43.2420387268066,-8.59220695495605,"Unknown"
"7014857",371856,2025-08-09 09:19:14,43.2323608398438,-8.57253837585449,"Unknown"
"7014857",371856,2025-08-09 09:24:13,43.219123840332,-8.54048919677734,"Unknown"
"7014857",371856,2025-08-09 09:29:16,43.2075309753418,-8.53840732574463,"Unknown"
"7014857",371856,2025-08-09 09:34:16,43.2076644897461,-8.53829097747803,"Unknown"
"7014857",371856,2025-08-09 09:39:31,43.2076187133789,-8.53841686248779,"Unknown"
"7014857",371856,2025-08-09 09:44:16,43.2075729370117,-8.5383996963501,"Unknown"
"7014857",371856,2025-08-09 09:49:14,43.2076377868652,-8.5382604598999,"Unknown"
"7014857",371856,2025-08-09 09:54:14,43.2074699401855,-8.53844165802002,"Unknown"
"7014857",371856,2025-08-09 09:59:32,43.2073631286621,-8.53802013397217,"Unknown"
"7014857",371856,2025-08-09 10:04:20,43.2075233459473,-8.53803539276123,"Unknown"
"7014857",371856,2025-08-09 10:09:16,43.2070274353027,-8.53859996795654,"Unknown"
"7014857",371856,2025-08-09 10:14:16,43.2076683044434,-8.53837966918945,"Unknown"
"7014857",371856,2025-08-09 10:19:16,43.2070274353027,-8.53834533691406,"Unknown"
"7014857",371856,2025-08-09 10:24:16,43.2074813842773,-8.5384464263916,"Unknown"
"7014857",371856,2025-08-09 10:29:19,43.2075271606445,-8.53841495513916,"Unknown"
"7014857",371856,2025-08-09 10:34:23,43.2075004577637,-8.53833675384521,"Unknown"
"7014857",371856,2025-08-09 10:39:14,43.2074737548828,-8.53832626342773,"Unknown"
"7014857",371856,2025-08-09 10:44:23,43.2074699401855,-8.53831195831299,"Unknown"
"7014857",371856,2025-08-09 10:49:20,43.2072868347168,-8.53785419464111,"Unknown"
"7014857",371856,2025-08-09 10:54:25,43.2075271606445,-8.53831195831299,"Unknown"
"7014857",371856,2025-08-09 10:59:24,43.2074851989746,-8.53825283050537,"Unknown"
"7014857",371856,2025-08-09 11:04:15,43.207462310791,-8.53831672668457,"Unknown"
"7014857",371856,2025-08-09 11:09:24,43.2073822021484,-8.5375862121582,"Unknown"
"7014857",371856,2025-08-09 11:14:32,43.2076530456543,-8.53797245025635,"Unknown"
"7014857",371856,2025-08-09 11:19:18,43.2076530456543,-8.53782176971436,"Unknown"
"7014857",371856,2025-08-09 11:24:25,43.2078094482422,-8.53776454925537,"Unknown"
"7014857",371856,2025-08-09 11:29:17,43.2076606750488,-8.53780269622803,"Unknown"
"7014857",371856,2025-08-09 11:34:26,43.2075004577637,-8.53743934631348,"Unknown"
"7014857",371856,2025-08-09 11:39:17,43.2078247070312,-8.53806591033936,"Unknown"
"7014857",371856,2025-08-09 11:44:25,43.208194732666,-8.53819370269775,"Unknown"
"7014857",371856,2025-08-09 11:49:16,43.2076110839844,-8.53759098052979,"Unknown"
"7014857",371856,2025-08-09 11:54:17,43.2078399658203,-8.53779792785645,"Unknown"
"7014857",371856,2025-08-09 11:59:30,43.2078704833984,-8.53793144226074,"Unknown"
"7014857",371856,2025-08-09 12:04:25,43.2085418701172,-8.53855419158936,"Unknown"
"7014857",371856,2025-08-09 12:09:35,43.2078399658203,-8.53796577453613,"Unknown"
"7014857",371856,2025-08-09 12:14:15,43.2074737548828,-8.53836727142334,"Unknown"
"7014857",371856,2025-08-09 12:19:25,43.2074508666992,-8.53835582733154,"Unknown"
"7014857",371856,2025-08-09 12:24:34,43.2074813842773,-8.53833484649658,"Unknown"
"7014857",371856,2025-08-09 12:29:14,43.2072906494141,-8.53819847106934,"Unknown"
"7014857",371856,2025-08-09 12:34:14,43.2074508666992,-8.53826522827148,"Unknown"
"7014857",371856,2025-08-09 12:39:16,43.2074584960938,-8.5384464263916,"Unknown"
"7014857",371856,2025-08-09 12:44:14,43.2077598571777,-8.53854656219482,"Unknown"
"7014857",371856,2025-08-09 12:49:16,43.2076416015625,-8.53851413726807,"Unknown"
"7014857",371856,2025-08-09 12:54:18,43.2074356079102,-8.53841114044189,"Unknown"
"7014857",371856,2025-08-09 12:59:17,43.2078323364258,-8.53871917724609,"Unknown"
"7014857",371856,2025-08-09 13:04:14,43.2006912231445,-8.54015731811523,"Unknown"
"7014857",371856,2025-08-09 13:09:14,43.1875152587891,-8.51255798339844,"Unknown"
"7014857",371856,2025-08-09 13:14:15,43.1708831787109,-8.49526500701904,"Unknown"
"7014857",371856,2025-08-09 13:19:16,43.1517715454102,-8.48313808441162,"Unknown"
"7014857",371856,2025-08-09 13:24:16,43.1298141479492,-8.46994781494141,"Unknown"
"7014857",371856,2025-08-09 13:29:15,43.1297721862793,-8.46987056732178,"Unknown"
"7014857",371856,2025-08-09 13:34:22,43.1298408508301,-8.46984481811523,"Unknown"
"7014857",371856,2025-08-09 13:39:16,43.1300239562988,-8.47041893005371,"Unknown"
"7014857",371856,2025-08-09 13:44:17,43.1293411254883,-8.47161483764648,"Unknown"
"7014857",371856,2025-08-09 13:49:18,43.1304016113281,-8.47239875793457,"Unknown"
"7014857",371856,2025-08-09 13:54:24,43.1302642822266,-8.47183227539062,"Unknown"
"7014857",371856,2025-08-09 13:59:18,43.1303405761719,-8.47222423553467,"Unknown"
"7014857",371856,2025-08-09 14:04:17,43.1303367614746,-8.47237014770508,"Unknown"
"7014857",371856,2025-08-09 14:09:25,43.1304092407227,-8.47145175933838,"Unknown"
"7014857",371856,2025-08-09 14:14:24,43.1305084228516,-8.47133731842041,"Unknown"
"7014857",371856,2025-08-09 14:19:26,43.1304931640625,-8.47134590148926,"Unknown"
"7014857",371856,2025-08-09 14:24:25,43.1304397583008,-8.47125720977783,"Unknown"
"7014857",371856,2025-08-09 14:29:24,43.1306076049805,-8.47158813476562,"Unknown"
"7014857",371856,2025-08-09 14:34:34,43.1305999755859,-8.47161483764648,"Unknown"
"7014857",371856,2025-08-09 14:39:17,43.1300926208496,-8.47302532196045,"Unknown"
"7014857",371856,2025-08-09 14:44:16,43.1300811767578,-8.47297382354736,"Unknown"
"7014857",371856,2025-08-09 14:49:19,43.1300582885742,-8.47296810150146,"Unknown"
"7014857",371856,2025-08-09 14:54:17,43.1301155090332,-8.47298431396484,"Unknown"
"7014857",371856,2025-08-09 14:59:16,43.1301422119141,-8.47298240661621,"Unknown"
"7014857",371856,2025-08-09 15:04:19,43.1302680969238,-8.4731502532959,"Unknown"
"7014857",371856,2025-08-09 15:09:31,43.1307411193848,-8.47116470336914,"Unknown"
"7014857",371856,2025-08-09 15:14:16,43.1306571960449,-8.47103786468506,"Unknown"
"7014857",371856,2025-08-09 15:19:18,43.1307373046875,-8.47113990783691,"Unknown"
"7014857",371856,2025-08-09 15:24:34,43.1306953430176,-8.4710636138916,"Unknown"
"7014857",371856,2025-08-09 15:29:14,43.1300354003906,-8.47043228149414,"Unknown"
"7014857",371856,2025-08-09 15:34:34,43.1306533813477,-8.47107696533203,"Unknown"
"7014857",371856,2025-08-09 15:39:14,43.1312980651855,-8.4691104888916,"Unknown"
"7014857",371856,2025-08-09 15:44:16,43.1301803588867,-8.47070789337158,"Unknown"
"7014857",371856,2025-08-09 15:49:42,43.1305618286133,-8.47095394134521,"Unknown"
"7014857",371856,2025-08-09 15:54:16,43.1305694580078,-8.47093677520752,"Unknown"
"7014857",371856,2025-08-09 15:59:14,43.1305694580078,-8.4710578918457,"Unknown"
"7014857",371856,2025-08-09 16:04:14,43.1305313110352,-8.47116851806641,"Unknown"
"7014857",371856,2025-08-09 16:09:14,43.1307258605957,-8.4714469909668,"Unknown"
"7014857",371856,2025-08-09 16:14:15,43.1306037902832,-8.4710693359375,"Unknown"
"7014857",371856,2025-08-09 16:19:14,43.1306495666504,-8.47115802764893,"Unknown"
"7014857",371856,2025-08-09 16:24:14,43.1306228637695,-8.47115135192871,"Unknown"
"7014857",371856,2025-08-09 16:29:15,43.1305618286133,-8.47091770172119,"Unknown"
"7014857",371856,2025-08-09 16:34:14,43.1299934387207,-8.47213363647461,"Unknown"
"7014857",371856,2025-08-09 16:39:14,43.1300582885742,-8.47210884094238,"Unknown"
"7014857",371856,2025-08-09 16:44:15,43.129955291748,-8.4720516204834,"Unknown"
"7014857",371856,2025-08-09 16:49:15,43.1301765441895,-8.47196006774902,"Unknown"
"7014857",371856,2025-08-09 16:54:16,43.1301536560059,-8.47195911407471,"Unknown"
"7014857",371856,2025-08-09 16:59:15,43.1306915283203,-8.47117710113525,"Unknown"
"7014857",371856,2025-08-09 17:04:14,43.1306304931641,-8.47103500366211,"Unknown"
"7014857",371856,2025-08-09 17:09:16,43.1305465698242,-8.47104072570801,"Unknown"
"7014857",371856,2025-08-09 17:14:17,43.1305732727051,-8.47085762023926,"Unknown"
"7014857",371856,2025-08-09 17:19:14,43.1304702758789,-8.47089195251465,"Unknown"
"7014857",371856,2025-08-09 17:24:19,43.1305923461914,-8.47110748291016,"Unknown"
"7014857",371856,2025-08-09 17:29:16,43.1304321289062,-8.47129344940186,"Unknown"
"7014857",371856,2025-08-09 17:34:18,43.130558013916,-8.47112941741943,"Unknown"
"7014857",371856,2025-08-09 17:39:17,43.1330833435059,-8.46974754333496,"Unknown"
"7014857",371856,2025-08-09 17:44:24,43.1330680847168,-8.46973991394043,"Unknown"
"7014857",371856,2025-08-09 17:49:16,43.1413497924805,-8.48064708709717,"Unknown"
"7014857",371856,2025-08-09 17:54:18,43.1436958312988,-8.49867153167725,"Unknown"
"7014857",371856,2025-08-09 17:59:18,43.1455497741699,-8.52832412719727,"Unknown"
"7014857",371856,2025-08-09 18:04:16,43.1503753662109,-8.55325126647949,"Unknown"
"7014857",371856,2025-08-09 18:09:16,43.1716728210449,-8.57071876525879,"Unknown"
"7014857",371856,2025-08-09 18:14:19,43.191535949707,-8.59839630126953,"Unknown"
"7014857",371856,2025-08-09 18:19:21,43.2105751037598,-8.63262462615967,"Unknown"
"7014857",371856,2025-08-09 18:24:21,43.2318000793457,-8.65055561065674,"Unknown"
"7014857",371856,2025-08-09 18:29:21,43.2479858398438,-8.67944717407227,"Unknown"
"7014857",371856,2025-08-09 18:34:17,43.2630043029785,-8.70504283905029,"Unknown"
"7014857",371856,2025-08-09 18:39:17,43.2921409606934,-8.6985387802124,"Unknown"
"7014857",371856,2025-08-09 18:44:21,43.2952308654785,-8.70571804046631,"Unknown"
"7014857",371856,2025-08-09 18:49:22,43.2973823547363,-8.71775436401367,"Unknown"
"7014857",371856,2025-08-09 18:54:21,43.3074188232422,-8.76285934448242,"Unknown"
"7014857",371856,2025-08-09 18:59:22,43.3249778747559,-8.80710792541504,"Unknown"
"7014857",371856,2025-08-09 19:04:31,43.341480255127,-8.83409881591797,"Unknown"
"7014857",371856,2025-08-09 19:09:16,43.359619140625,-8.84524917602539,"Unknown"
"7014857",371856,2025-08-09 19:14:18,43.3594627380371,-8.84515476226807,"Unknown"
"7014857",371856,2025-08-09 19:19:29,43.3594970703125,-8.84488868713379,"Unknown"
"7014857",371856,2025-08-09 19:24:24,43.3599090576172,-8.84415149688721,"Unknown"
"7014857",371856,2025-08-09 19:29:24,43.3595237731934,-8.84520244598389,"Unknown"
"7014857",371856,2025-08-09 19:34:34,43.3595848083496,-8.84528923034668,"Unknown"
"7014857",371856,2025-08-09 19:39:18,43.3593406677246,-8.84525489807129,"Unknown"
"7014857",371856,2025-08-09 19:44:22,43.3592758178711,-8.84517097473145,"Unknown"
"7014857",371856,2025-08-09 19:49:17,43.3597030639648,-8.84542655944824,"Unknown"
"7014857",371856,2025-08-09 19:54:18,43.3593559265137,-8.84520435333252,"Unknown"
"7014857",371856,2025-08-09 19:59:17,43.3592681884766,-8.84510231018066,"Unknown"
"7014857",371856,2025-08-09 20:04:23,43.3592338562012,-8.84521293640137,"Unknown"
"7014857",371856,2025-08-09 20:09:21,43.3593368530273,-8.84512233734131,"Unknown"
"7014857",371856,2025-08-09 20:14:21,43.3592948913574,-8.84521102905273,"Unknown"
"7014857",371856,2025-08-09 20:19:17,43.3594284057617,-8.84527778625488,"Unknown"
"7014857",371856,2025-08-09 20:24:21,43.3591918945312,-8.84517383575439,"Unknown"
"7014857",371856,2025-08-09 20:28:41,43.3593406677246,-8.84524631500244,"Unknown"
"7014857",371856,2025-08-10 01:28:49,43.3587341308594,-8.84498882293701,"Unknown"
"7014857",371856,2025-08-10 03:41:14,43.3593444824219,-8.84525585174561,"Unknown"
"7014857",371856,2025-08-10 03:46:08,43.3593444824219,-8.84524536132812,"Unknown"
"7014857",371856,2025-08-10 03:51:04,43.3593711853027,-8.8454122543335,"Unknown"
"7014857",371856,2025-08-10 03:56:01,43.3593101501465,-8.84519195556641,"Unknown"
"7014857",371856,2025-08-10 04:01:12,43.3593521118164,-8.84509372711182,"Unknown"
"7014857",371856,2025-08-10 04:06:17,43.3593482971191,-8.84486103057861,"Unknown"
"7014857",371856,2025-08-10 04:11:07,43.3593673706055,-8.84495735168457,"Unknown"
"7014857",371856,2025-08-10 04:16:07,43.3593673706055,-8.84506988525391,"Unknown"
"7014857",371856,2025-08-10 04:21:02,43.3592872619629,-8.84494113922119,"Unknown"
"7014857",371856,2025-08-10 04:26:04,43.3602600097656,-8.84314823150635,"Unknown"
"7014857",371856,2025-08-10 04:31:07,43.3603096008301,-8.84323787689209,"Unknown"
"7014857",371856,2025-08-10 04:35:59,43.3603820800781,-8.84323310852051,"Unknown"
"7014857",371856,2025-08-10 04:41:04,43.3603935241699,-8.84328937530518,"Unknown"
"7014857",371856,2025-08-10 04:46:14,43.3603096008301,-8.84311962127686,"Unknown"
"7014857",371856,2025-08-10 04:50:59,43.3608245849609,-8.83925342559814,"Unknown"
"7014857",371856,2025-08-10 04:56:06,43.3415756225586,-8.82252502441406,"Unknown"
"7014857",371856,2025-08-10 05:01:00,43.3236808776855,-8.81635856628418,"Unknown"
"7014857",371856,2025-08-10 05:06:08,43.3234634399414,-8.81639003753662,"Unknown"
"7014857",371856,2025-08-10 05:11:07,43.3236198425293,-8.81704807281494,"Unknown"
"7014857",371856,2025-08-10 05:16:06,43.3239784240723,-8.81728267669678,"Unknown"
"7014857",371856,2025-08-10 05:21:02,43.3236694335938,-8.8161792755127,"Unknown"
"7014857",371856,2025-08-10 05:26:06,43.3105278015137,-8.79347991943359,"Unknown"
"7014857",371856,2025-08-10 05:31:11,43.3013153076172,-8.75702953338623,"Unknown"
"7014857",371856,2025-08-10 05:36:13,43.2919235229492,-8.74627113342285,"Unknown"
"7014857",371856,2025-08-10 05:41:08,43.2916374206543,-8.7463321685791,"Unknown"
"7014857",371856,2025-08-10 05:45:59,43.2931098937988,-8.74671745300293,"Unknown"
"7014857",371856,2025-08-10 05:51:07,43.2930793762207,-8.7457218170166,"Unknown"
"7014857",371856,2025-08-10 05:56:00,43.2955322265625,-8.73362255096436,"Unknown"
"7014857",371856,2025-08-10 06:00:59,43.2915229797363,-8.69969463348389,"Unknown"
"7014857",371856,2025-08-10 06:06:02,43.2915458679199,-8.69963359832764,"Unknown"
"7014857",371856,2025-08-10 06:10:59,43.2914962768555,-8.69953155517578,"Unknown"
"7014857",371856,2025-08-10 06:16:06,43.2918663024902,-8.69947052001953,"Unknown"
"7014857",371856,2025-08-10 06:21:14,43.2915992736816,-8.69962882995605,"Unknown"
"7014857",371856,2025-08-10 06:26:04,43.2913208007812,-8.69980144500732,"Unknown"
"7014857",371856,2025-08-10 06:31:00,43.2914733886719,-8.69976234436035,"Unknown"
"7014857",371856,2025-08-10 06:36:02,43.2912521362305,-8.69960117340088,"Unknown"
"7014857",371856,2025-08-10 06:41:01,43.2932434082031,-8.68990325927734,"Unknown"
"7014857",371856,2025-08-10 06:46:14,43.2927513122559,-8.66560459136963,"Unknown"
"7014857",371856,2025-08-10 06:50:59,43.2927398681641,-8.66560935974121,"Unknown"
"7014857",371856,2025-08-10 06:55:59,43.2928009033203,-8.665696144104,"Unknown"
"7014857",371856,2025-08-10 07:01:07,43.2930068969727,-8.66574573516846,"Unknown"
"7014857",371856,2025-08-10 07:05:59,43.2920837402344,-8.66386699676514,"Unknown"
"7014857",371856,2025-08-10 07:10:59,43.2785873413086,-8.63005256652832,"Unknown"
"7014857",371856,2025-08-10 07:16:00,43.2600975036621,-8.61354827880859,"Unknown"
"7014857",371856,2025-08-10 07:21:01,43.2601661682129,-8.6135778427124,"Unknown"
"7014857",371856,2025-08-10 07:25:59,43.260913848877,-8.61302947998047,"Unknown"
"7014857",371856,2025-08-10 07:31:03,43.2595558166504,-8.61334991455078,"Unknown"
"7014857",371856,2025-08-10 07:36:04,43.2601623535156,-8.61382007598877,"Unknown"
"7014857",371856,2025-08-10 07:41:00,43.2597923278809,-8.61308288574219,"Unknown"
"7014857",371856,2025-08-10 07:46:03,43.2596244812012,-8.61270236968994,"Unknown"
"7014857",371856,2025-08-10 07:51:14,43.2409362792969,-8.58835029602051,"Unknown"
"7014857",371856,2025-08-10 07:56:00,43.2223205566406,-8.56262683868408,"Unknown"
"7014857",371856,2025-08-10 08:00:58,43.2159690856934,-8.54538059234619,"Unknown"
"7014857",371856,2025-08-10 08:05:59,43.2072334289551,-8.53804206848145,"Unknown"
"7014857",371856,2025-08-10 08:10:59,43.2072982788086,-8.53805255889893,"Unknown"
"7014857",371856,2025-08-10 08:15:59,43.2073860168457,-8.53810787200928,"Unknown"
"7014857",371856,2025-08-10 08:20:59,43.2075805664062,-8.53813076019287,"Unknown"
"7014857",371856,2025-08-10 08:25:59,43.2071304321289,-8.53771781921387,"Unknown"
"7014857",371856,2025-08-10 08:31:09,43.2073173522949,-8.5378999710083,"Unknown"
"7014857",371856,2025-08-10 08:36:03,43.2072792053223,-8.53838634490967,"Unknown"
"7014857",371856,2025-08-10 08:41:00,43.2081985473633,-8.53743648529053,"Unknown"
"7014857",371856,2025-08-10 08:46:07,43.2082214355469,-8.53706169128418,"Unknown"
"7014857",371856,2025-08-10 08:57:05,43.2074661254883,-8.53842258453369,"Unknown"
"7014857",371856,2025-08-10 09:01:00,43.2080421447754,-8.53850269317627,"Unknown"
"7014857",371856,2025-08-10 09:05:59,43.2071571350098,-8.53921985626221,"Unknown"
"7014857",371856,2025-08-10 09:11:07,43.2071800231934,-8.53954887390137,"Unknown"
"7014857",371856,2025-08-10 09:15:59,43.2071723937988,-8.53954315185547,"Unknown"
"7014857",371856,2025-08-10 09:21:00,43.2074279785156,-8.53919219970703,"Unknown"
"7014857",371856,2025-08-10 09:25:59,43.2071189880371,-8.53916358947754,"Unknown"
"7014857",371856,2025-08-10 09:30:59,43.2069435119629,-8.5393180847168,"Unknown"
"7014857",371856,2025-08-10 09:36:05,43.2078132629395,-8.5381555557251,"Unknown"
"7014857",371856,2025-08-10 09:41:17,43.2077255249023,-8.5379056930542,"Unknown"
"7014857",371856,2025-08-10 09:46:14,43.2068061828613,-8.53824615478516,"Unknown"
"7014857",371856,2025-08-10 09:51:00,43.2069816589355,-8.53829574584961,"Unknown"
"7014857",371856,2025-08-10 09:56:15,43.2066040039062,-8.5382080078125,"Unknown"
"7014857",371856,2025-08-10 10:00:59,43.2071418762207,-8.53850936889648,"Unknown"
"7014857",371856,2025-08-10 10:05:59,43.2071533203125,-8.53838443756104,"Unknown"
"7014857",371856,2025-08-10 10:11:00,43.2069358825684,-8.53812694549561,"Unknown"
"7014857",371856,2025-08-10 10:16:00,43.2068328857422,-8.53804397583008,"Unknown"
"7014857",371856,2025-08-10 10:21:00,43.2070693969727,-8.53825950622559,"Unknown"
"7014857",371856,2025-08-10 10:26:01,43.206859588623,-8.53804874420166,"Unknown"
"7014857",371856,2025-08-10 10:31:01,43.2071304321289,-8.5384349822998,"Unknown"
"7014857",371856,2025-08-10 10:36:02,43.2069664001465,-8.53806304931641,"Unknown"
"7014857",371856,2025-08-10 10:41:01,43.2070579528809,-8.53835582733154,"Unknown"
"7014857",371856,2025-08-10 10:46:00,43.2069892883301,-8.53804969787598,"Unknown"
"7014857",371856,2025-08-10 10:50:59,43.2070732116699,-8.53821182250977,"Unknown"
"7014857",371856,2025-08-10 10:56:01,43.2071075439453,-8.538161277771,"Unknown"
"7014857",371856,2025-08-10 11:00:59,43.2070655822754,-8.53810691833496,"Unknown"
"7014857",371856,2025-08-10 11:06:00,43.2069358825684,-8.53805923461914,"Unknown"
"7014857",371856,2025-08-10 11:11:00,43.2071189880371,-8.53810882568359,"Unknown"
"7014857",371856,2025-08-10 11:15:59,43.2069778442383,-8.53805637359619,"Unknown"
"7014857",371856,2025-08-10 11:20:59,43.2068862915039,-8.53791904449463,"Unknown"
"7014857",371856,2025-08-10 11:26:01,43.2066612243652,-8.53790950775146,"Unknown"
"7014857",371856,2025-08-10 11:31:00,43.2069206237793,-8.53807735443115,"Unknown"
"7014857",371856,2025-08-10 11:36:00,43.207347869873,-8.53838634490967,"Unknown"
"7014857",371856,2025-08-10 11:41:07,43.2071990966797,-8.53832817077637,"Unknown"
"7014857",371856,2025-08-10 11:50:59,43.2077903747559,-8.53787994384766,"Unknown"
"7014857",371856,2025-08-10 11:56:35,43.2072639465332,-8.53840827941895,"Unknown"
"7014857",371856,2025-08-10 12:00:59,43.2071495056152,-8.538330078125,"Unknown"
"7014857",371856,2025-08-10 12:06:02,43.2080574035645,-8.53768920898438,"Unknown"
"7014857",371856,2025-08-10 12:11:04,43.2079124450684,-8.53769016265869,"Unknown"
"7014857",371856,2025-08-10 12:16:12,43.2079696655273,-8.53765487670898,"Unknown"
"7014857",371856,2025-08-10 12:21:15,43.2079582214355,-8.53766536712646,"Unknown"
"7014857",371856,2025-08-10 12:26:06,43.2081298828125,-8.53777027130127,"Unknown"
"7014857",371856,2025-08-10 12:31:09,43.2079925537109,-8.5376615524292,"Unknown"
"7014857",371856,2025-08-10 12:36:33,43.2078056335449,-8.53817844390869,"Unknown"
"7014857",371856,2025-08-10 12:41:06,43.207935333252,-8.53782272338867,"Unknown"
"7014857",371856,2025-08-10 12:46:02,43.2077865600586,-8.53794860839844,"Unknown"
"7014857",371856,2025-08-10 12:51:14,43.2293701171875,-8.50136280059814,"Unknown"
"7014857",371856,2025-08-10 12:55:59,43.2312965393066,-8.49051761627197,"Unknown"
"7014857",371856,2025-08-10 13:01:01,43.2258834838867,-8.47726249694824,"Unknown"
"7014857",371856,2025-08-10 13:06:00,43.2089767456055,-8.45740222930908,"Unknown"
"7014857",371856,2025-08-10 13:11:04,43.1945304870605,-8.42412567138672,"Unknown"
"7014857",371856,2025-08-10 13:16:14,43.1942672729492,-8.42379093170166,"Unknown"
"7014857",371856,2025-08-10 13:21:00,43.1941413879395,-8.42344856262207,"Unknown"
"7014857",371856,2025-08-10 13:26:06,43.1942939758301,-8.42327976226807,"Unknown"
"7014857",371856,2025-08-10 13:31:08,43.1925201416016,-8.41879844665527,"Unknown"
"7014857",371856,2025-08-10 13:36:01,43.1927337646484,-8.41746711730957,"Unknown"
"7014857",371856,2025-08-10 13:41:00,43.181510925293,-8.42890167236328,"Unknown"
"7014857",371856,2025-08-10 13:46:35,43.1706237792969,-8.43799591064453,"Unknown"
"7014857",371856,2025-08-10 13:50:59,43.1704521179199,-8.43767166137695,"Unknown"
"7014857",371856,2025-08-10 13:55:59,43.170711517334,-8.44110298156738,"Unknown"
"7014857",371856,2025-08-10 14:00:59,43.1662521362305,-8.43746566772461,"Unknown"
"7014857",371856,2025-08-10 14:05:59,43.1553344726562,-8.44763946533203,"Unknown"
"7014857",371856,2025-08-10 14:10:59,43.1383781433105,-8.47040939331055,"Unknown"
"7014857",371856,2025-08-10 14:16:02,43.1306571960449,-8.47208499908447,"Unknown"
"7014857",371856,2025-08-10 14:21:07,43.1306762695312,-8.47205066680908,"Unknown"
"7014857",371856,2025-08-10 14:26:01,43.1306610107422,-8.47227668762207,"Unknown"
"7014857",371856,2025-08-10 14:31:04,43.1304664611816,-8.47200393676758,"Unknown"
"7014857",371856,2025-08-10 14:36:05,43.1304779052734,-8.47199058532715,"Unknown"
"7014857",371856,2025-08-10 14:40:59,43.1311798095703,-8.47370529174805,"Unknown"
"7014857",371856,2025-08-10 14:46:03,43.1300163269043,-8.47008609771729,"Unknown"
"7014857",371856,2025-08-10 14:51:11,43.1299362182617,-8.47032833099365,"Unknown"
"7014857",371856,2025-08-10 14:56:06,43.1300277709961,-8.47033405303955,"Unknown"
"7014857",371856,2025-08-10 15:01:06,43.1300201416016,-8.47037601470947,"Unknown"
"7014857",371856,2025-08-10 15:06:07,43.1300964355469,-8.47030639648438,"Unknown"
"7014857",371856,2025-08-10 15:11:06,43.130199432373,-8.47018623352051,"Unknown"
"7014857",371856,2025-08-10 15:16:07,43.129997253418,-8.47045421600342,"Unknown"
"7014857",371856,2025-08-10 15:21:07,43.1299781799316,-8.47042274475098,"Unknown"
"7014857",371856,2025-08-10 15:26:04,43.1302795410156,-8.47033596038818,"Unknown"
"7014857",371856,2025-08-10 15:31:51,43.1301460266113,-8.4707088470459,"Unknown"
"7014857",371856,2025-08-10 15:35:59,43.1236457824707,-8.48609256744385,"Unknown"
"7014857",371856,2025-08-10 15:41:00,43.1020126342773,-8.50084686279297,"Unknown"
"7014857",371856,2025-08-10 15:46:01,43.101921081543,-8.50029468536377,"Unknown"
"7014857",371856,2025-08-10 15:51:01,43.1021614074707,-8.50047302246094,"Unknown"
"7014857",371856,2025-08-10 15:56:01,43.1023406982422,-8.50024700164795,"Unknown"
"7014857",371856,2025-08-10 16:01:08,43.1025390625,-8.49992656707764,"Unknown"
"7014857",371856,2025-08-10 16:05:59,43.1024017333984,-8.50023174285889,"Unknown"
"7014857",371856,2025-08-10 16:10:59,43.1025466918945,-8.50014686584473,"Unknown"
"7014857",371856,2025-08-10 16:16:35,43.1025848388672,-8.50051879882812,"Unknown"
"7014857",371856,2025-08-10 16:21:06,43.1091728210449,-8.49795246124268,"Unknown"
"7014857",371856,2025-08-10 16:26:05,43.1230545043945,-8.47863578796387,"Unknown"
"7014857",371856,2025-08-10 16:31:02,43.1328392028809,-8.46789455413818,"Unknown"
"7014857",371856,2025-08-10 16:36:04,43.1328048706055,-8.46805858612061,"Unknown"
"7014857",371856,2025-08-10 16:41:00,43.1329116821289,-8.46807479858398,"Unknown"
"7014857",371856,2025-08-10 16:45:59,43.1326675415039,-8.46827507019043,"Unknown"
"7014857",371856,2025-08-10 16:50:59,43.1329078674316,-8.46795654296875,"Unknown"
"7014857",371856,2025-08-10 16:55:59,43.1328659057617,-8.46797370910645,"Unknown"
"7014857",371856,2025-08-10 17:01:14,43.1329460144043,-8.46804237365723,"Unknown"
"7014857",371856,2025-08-10 17:05:59,43.1327209472656,-8.46825504302979,"Unknown"
"7014857",371856,2025-08-10 17:11:00,43.1328277587891,-8.46816158294678,"Unknown"
"7014857",371856,2025-08-10 17:15:59,43.1311149597168,-8.4708948135376,"Unknown"
"7014857",371856,2025-08-10 17:21:00,43.1293830871582,-8.47172927856445,"Unknown"
"7014857",371856,2025-08-10 17:26:02,43.1292953491211,-8.47179412841797,"Unknown"
"7014857",371856,2025-08-10 17:31:00,43.1295433044434,-8.47203731536865,"Unknown"
"7014857",371856,2025-08-10 17:35:59,43.1297149658203,-8.47207260131836,"Unknown"
"7014857",371856,2025-08-10 17:41:01,43.129810333252,-8.47204875946045,"Unknown"
"7014857",371856,2025-08-10 17:46:00,43.1300392150879,-8.4721794128418,"Unknown"
"7014857",371856,2025-08-10 17:50:59,43.1304092407227,-8.47262954711914,"Unknown"
"7014857",371856,2025-08-10 17:56:01,43.1301612854004,-8.47226047515869,"Unknown"
"7014857",371856,2025-08-10 18:01:00,43.1294784545898,-8.47196388244629,"Unknown"
"7014857",371856,2025-08-10 18:06:35,43.1295738220215,-8.47237205505371,"Unknown"
"7014857",371856,2025-08-10 18:11:02,43.1293258666992,-8.47253608703613,"Unknown"
"7014857",371856,2025-08-10 18:15:59,43.1382369995117,-8.478759765625,"Unknown"
"7014857",371856,2025-08-10 18:20:59,43.1665916442871,-8.50169086456299,"Unknown"
"7014857",371856,2025-08-10 18:26:00,43.1700668334961,-8.50052452087402,"Unknown"
"7014857",371856,2025-08-10 18:31:09,43.1698989868164,-8.50152206420898,"Unknown"
"7014857",371856,2025-08-10 18:35:59,43.1704902648926,-8.50283622741699,"Unknown"
"7014857",371856,2025-08-10 18:40:59,43.1879425048828,-8.52497291564941,"Unknown"
"7014857",371856,2025-08-10 18:45:58,43.2018089294434,-8.56240463256836,"Unknown"
"7014857",371856,2025-08-10 18:50:59,43.2195320129395,-8.60106468200684,"Unknown"
"7014857",371856,2025-08-10 18:55:59,43.2441596984863,-8.63569927215576,"Unknown"
"7014857",371856,2025-08-10 19:00:59,43.27197265625,-8.6696605682373,"Unknown"
"7014857",371856,2025-08-10 19:05:58,43.2916412353516,-8.71116542816162,"Unknown"
"7014857",371856,2025-08-10 19:10:59,43.3117141723633,-8.76348876953125,"Unknown"
"7014857",371856,2025-08-10 19:15:59,43.334846496582,-8.80699920654297,"Unknown"
"7014857",371856,2025-08-10 19:21:02,43.3568458557129,-8.84589099884033,"Unknown"
"7014857",371856,2025-08-10 19:26:14,43.3593292236328,-8.84510326385498,"Unknown"
"7014857",371856,2025-08-10 19:30:59,43.3595695495605,-8.84527683258057,"Unknown"
"7014857",371856,2025-08-10 19:36:00,43.3594360351562,-8.84533023834229,"Unknown"
"7014857",371856,2025-08-10 19:41:01,43.3593254089355,-8.84509086608887,"Unknown"
"7014857",371856,2025-08-10 19:46:01,43.359058380127,-8.84518241882324,"Unknown"
"7014857",371856,2025-08-10 19:51:04,43.359073638916,-8.84529113769531,"Unknown"
"7014857",371856,2025-08-10 19:56:01,43.3592987060547,-8.84523487091064,"Unknown"
"7014857",371856,2025-08-10 20:01:05,43.3603973388672,-8.84483814239502,"Unknown"
"7014857",371856,2025-08-10 20:06:14,43.3593101501465,-8.84511852264404,"Unknown"
"7014857",371856,2025-08-10 20:10:59,43.3592681884766,-8.84518814086914,"Unknown"
"7014857",371856,2025-08-10 20:16:01,43.3591537475586,-8.84516906738281,"Unknown"
"7014857",371856,2025-08-10 20:21:02,43.3592910766602,-8.84522914886475,"Unknown"
"7014857",371856,2025-08-10 20:27:09,43.3592147827148,-8.84523010253906,"Unknown"
"7014857",371856,2025-08-11 01:27:36,43.3032264709473,-8.69925785064697,"Unknown"
"7014857",371856,2025-08-11 03:42:50,43.3106689453125,-8.69581508636475,"Unknown"
"7014857",371856,2025-08-11 03:47:48,43.3107872009277,-8.69592475891113,"Unknown"
"7014857",371856,2025-08-11 03:52:52,43.3108520507812,-8.69542598724365,"Unknown"
"7014857",371856,2025-08-11 03:58:05,43.3112411499023,-8.69576263427734,"Unknown"
"7014857",371856,2025-08-11 04:02:45,43.3115386962891,-8.69556713104248,"Unknown"
"7014857",371856,2025-08-11 04:07:46,43.311695098877,-8.69533824920654,"Unknown"
"7014857",371856,2025-08-11 04:12:52,43.311882019043,-8.69505023956299,"Unknown"
"7014857",371856,2025-08-11 04:17:50,43.3119964599609,-8.6947193145752,"Unknown"
"7014857",371856,2025-08-11 04:22:47,43.3119850158691,-8.6943998336792,"Unknown"
"7014857",371856,2025-08-11 04:27:48,43.3120002746582,-8.69407939910889,"Unknown"
"7014857",371856,2025-08-11 04:32:50,43.3120460510254,-8.69380378723145,"Unknown"
"7014857",371856,2025-08-11 04:37:49,43.3119468688965,-8.69367599487305,"Unknown"
"7014857",371856,2025-08-11 04:42:54,43.3119468688965,-8.6934700012207,"Unknown"
"7014857",371856,2025-08-11 04:47:57,43.3117332458496,-8.69346141815186,"Unknown"
"7014857",371856,2025-08-11 04:52:57,43.3117828369141,-8.69335079193115,"Unknown"
"7014857",371856,2025-08-11 04:57:56,43.3115615844727,-8.69337940216064,"Unknown"
"7014857",371856,2025-08-11 05:02:46,43.3078689575195,-8.70072269439697,"Unknown"
"7014857",371856,2025-08-11 05:07:47,43.2937660217285,-8.74048519134521,"Unknown"
"7014857",371856,2025-08-11 05:12:52,43.2930297851562,-8.74600887298584,"Unknown"
"7014857",371856,2025-08-11 05:18:44,43.2931823730469,-8.74612808227539,"Unknown"
"7014857",371856,2025-08-11 05:22:48,43.2930450439453,-8.7462043762207,"Unknown"
"7014857",371856,2025-08-11 05:27:48,43.2930335998535,-8.74621963500977,"Unknown"
"7014857",371856,2025-08-11 05:32:46,43.2930603027344,-8.74599456787109,"Unknown"
"7014857",371856,2025-08-11 05:37:47,43.2930603027344,-8.74574279785156,"Unknown"
"7014857",371856,2025-08-11 05:42:52,43.2983245849609,-8.75155830383301,"Unknown"
"7014857",371856,2025-08-11 05:48:14,43.2985000610352,-8.75196361541748,"Unknown"
"7014857",371856,2025-08-11 05:52:53,43.2985191345215,-8.75225448608398,"Unknown"
"7014857",371856,2025-08-11 05:57:54,43.2977714538574,-8.75173568725586,"Unknown"
"7014857",371856,2025-08-11 06:02:48,43.2978630065918,-8.75230503082275,"Unknown"
"7014857",371856,2025-08-11 06:07:47,43.2976264953613,-8.75256824493408,"Unknown"
"7014857",371856,2025-08-11 06:12:52,43.2972373962402,-8.75141716003418,"Unknown"
"7014857",371856,2025-08-11 06:17:46,43.2976150512695,-8.75631237030029,"Unknown"
"7014857",371856,2025-08-11 06:23:18,43.2995338439941,-8.7670726776123,"Unknown"
"7014857",371856,2025-08-11 06:27:56,43.299503326416,-8.76694297790527,"Unknown"
"7014857",371856,2025-08-11 06:32:48,43.2990798950195,-8.76810932159424,"Unknown"
"7014857",371856,2025-08-11 06:37:48,43.2995376586914,-8.76769161224365,"Unknown"
"7014857",371856,2025-08-11 06:42:52,43.3020133972168,-8.77664947509766,"Unknown"
"7014857",371856,2025-08-11 06:47:55,43.3055839538574,-8.78800868988037,"Unknown"
"7014857",371856,2025-08-11 06:53:17,43.3055229187012,-8.7877368927002,"Unknown"
"7014857",371856,2025-08-11 06:57:55,43.3053817749023,-8.7874927520752,"Unknown"
"7014857",371856,2025-08-11 07:03:01,43.305248260498,-8.78782272338867,"Unknown"
"7014857",371856,2025-08-11 07:07:48,43.3080635070801,-8.78759765625,"Unknown"
"7014857",371856,2025-08-11 07:12:52,43.3089256286621,-8.78914165496826,"Unknown"
"7014857",371856,2025-08-11 07:17:50,43.3224029541016,-8.80401611328125,"Unknown"
"7014857",371856,2025-08-11 07:22:48,43.322639465332,-8.803635597229,"Unknown"
"7014857",371856,2025-08-11 07:27:50,43.3226585388184,-8.80384731292725,"Unknown"
"7014857",371856,2025-08-11 07:32:46,43.3333015441895,-8.81619262695312,"Unknown"
"7014857",371856,2025-08-11 07:37:46,43.354663848877,-8.83378124237061,"Unknown"
"7014857",371856,2025-08-11 07:42:47,43.359992980957,-8.84694004058838,"Unknown"
"7014857",371856,2025-08-11 07:47:55,43.3593139648438,-8.84520721435547,"Unknown"
"7014857",371856,2025-08-11 07:52:48,43.3591499328613,-8.84505462646484,"Unknown"
"7014857",371856,2025-08-11 07:57:55,43.3591957092285,-8.84520053863525,"Unknown"
"7014857",371856,2025-08-11 08:03:07,43.3583946228027,-8.84500885009766,"Unknown"
"7014857",371856,2025-08-11 08:07:59,43.3593139648438,-8.84525299072266,"Unknown"
"7014857",371856,2025-08-11 08:12:57,43.3593215942383,-8.84543418884277,"Unknown"
"7014857",371856,2025-08-11 08:17:48,43.3535499572754,-8.84769535064697,"Unknown"
"7014857",371856,2025-08-11 08:22:48,43.3294715881348,-8.84705066680908,"Unknown"
"7014857",371856,2025-08-11 08:27:47,43.3078002929688,-8.85705757141113,"Unknown"
"7014857",371856,2025-08-11 08:32:47,43.2900505065918,-8.8566370010376,"Unknown"
"7014857",371856,2025-08-11 08:37:50,43.2758941650391,-8.85260677337646,"Unknown"
"7014857",371856,2025-08-11 08:42:57,43.2758560180664,-8.85251331329346,"Unknown"
"7014857",371856,2025-08-11 08:47:48,43.2758674621582,-8.85293102264404,"Unknown"
"7014857",371856,2025-08-11 08:52:54,43.2758979797363,-8.85270023345947,"Unknown"
"7014857",371856,2025-08-11 08:57:49,43.2758483886719,-8.85254096984863,"Unknown"
"7014857",371856,2025-08-11 09:02:53,43.275993347168,-8.85225105285645,"Unknown"
"7014857",371856,2025-08-11 09:07:52,43.2760467529297,-8.8525390625,"Unknown"
"7014857",371856,2025-08-11 09:12:48,43.276180267334,-8.85241794586182,"Unknown"
"7014857",371856,2025-08-11 09:17:47,43.2758560180664,-8.85254669189453,"Unknown"
"7014857",371856,2025-08-11 09:23:04,43.2761306762695,-8.85254096984863,"Unknown"
"7014857",371856,2025-08-11 09:27:46,43.274227142334,-8.85124588012695,"Unknown"
"7014857",371856,2025-08-11 09:32:48,43.2674865722656,-8.839768409729,"Unknown"
"7014857",371856,2025-08-11 09:37:47,43.2465133666992,-8.83727073669434,"Unknown"
"7014857",371856,2025-08-11 09:43:04,43.2325553894043,-8.84296607971191,"Unknown"
"7014857",371856,2025-08-11 09:47:46,43.2325897216797,-8.83548355102539,"Unknown"
"7014857",371856,2025-08-11 09:52:45,43.2373237609863,-8.81300926208496,"Unknown"
"7014857",371856,2025-08-11 09:57:49,43.2349815368652,-8.78837013244629,"Unknown"
"7014857",371856,2025-08-11 10:02:47,43.2322311401367,-8.74576759338379,"Unknown"
"7014857",371856,2025-08-11 10:07:46,43.2286720275879,-8.71389102935791,"Unknown"
"7014857",371856,2025-08-11 10:12:48,43.2186889648438,-8.69155502319336,"Unknown"
"7014857",371856,2025-08-11 10:17:49,43.2186126708984,-8.69069385528564,"Unknown"
"7014857",371856,2025-08-11 10:22:46,43.2124252319336,-8.67844676971436,"Unknown"
"7014857",371856,2025-08-11 10:27:47,43.2125091552734,-8.64906120300293,"Unknown"
"7014857",371856,2025-08-11 10:32:47,43.2133293151855,-8.63444042205811,"Unknown"
"7014857",371856,2025-08-11 10:37:46,43.2151718139648,-8.60332870483398,"Unknown"
"7014857",371856,2025-08-11 10:42:47,43.2142028808594,-8.58224296569824,"Unknown"
"7014857",371856,2025-08-11 10:47:50,43.2091102600098,-8.54205894470215,"Unknown"
"7014857",371856,2025-08-11 10:52:58,43.2077484130859,-8.53784847259521,"Unknown"
"7014857",371856,2025-08-11 10:57:54,43.2073440551758,-8.53825378417969,"Unknown"
"7014857",371856,2025-08-11 11:02:52,43.2072982788086,-8.53828144073486,"Unknown"
"7014857",371856,2025-08-11 11:07:53,43.2072944641113,-8.53823375701904,"Unknown"
"7014857",371856,2025-08-11 11:12:55,43.2073593139648,-8.53825569152832,"Unknown"
"7014857",371856,2025-08-11 11:17:54,43.2073173522949,-8.53824329376221,"Unknown"
"7014857",371856,2025-08-11 11:22:56,43.2077941894531,-8.53744220733643,"Unknown"
"7014857",371856,2025-08-11 11:27:58,43.2076988220215,-8.53767204284668,"Unknown"
"7014857",371856,2025-08-11 11:32:52,43.2078323364258,-8.53761768341064,"Unknown"
"7014857",371856,2025-08-11 11:37:56,43.2079696655273,-8.53767776489258,"Unknown"
"7014857",371856,2025-08-11 11:42:56,43.2081909179688,-8.53766345977783,"Unknown"
"7014857",371856,2025-08-11 11:47:50,43.208122253418,-8.53755378723145,"Unknown"
"7014857",371856,2025-08-11 11:53:10,43.2079963684082,-8.53774070739746,"Unknown"
"7014857",371856,2025-08-11 11:57:55,43.2080078125,-8.53807544708252,"Unknown"
"7014857",371856,2025-08-11 12:02:55,43.2079162597656,-8.53828144073486,"Unknown"
"7014857",371856,2025-08-11 12:08:16,43.2080001831055,-8.53756046295166,"Unknown"
"7014857",371856,2025-08-11 12:12:56,43.2079391479492,-8.53803730010986,"Unknown"
"7014857",371856,2025-08-11 12:18:16,43.2082672119141,-8.53786373138428,"Unknown"
"7014857",371856,2025-08-11 12:23:05,43.2078666687012,-8.53781223297119,"Unknown"
"7014857",371856,2025-08-11 12:28:01,43.2121467590332,-8.55466747283936,"Unknown"
"7014857",371856,2025-08-11 12:33:02,43.2182922363281,-8.56521987915039,"Unknown"
"7014857",371856,2025-08-11 12:37:54,43.2306480407715,-8.60152435302734,"Unknown"
"7014857",371856,2025-08-11 12:42:55,43.2327194213867,-8.60084819793701,"Unknown"
"7014857",371856,2025-08-11 12:47:54,43.2446975708008,-8.63940143585205,"Unknown"
"7014857",371856,2025-08-11 12:52:47,43.2618598937988,-8.6623420715332,"Unknown"
"7014857",371856,2025-08-11 12:57:53,43.2826461791992,-8.69209003448486,"Unknown"
"7014857",371856,2025-08-11 13:02:57,43.2918701171875,-8.69733619689941,"Unknown"
"7014857",371856,2025-08-11 13:07:59,43.2918243408203,-8.69755172729492,"Unknown"
"7014857",371856,2025-08-11 13:13:05,43.2916374206543,-8.69743347167969,"Unknown"
"7014857",371856,2025-08-11 13:17:46,43.2893447875977,-8.70881175994873,"Unknown"
"7014857",371856,2025-08-11 13:22:46,43.2934417724609,-8.73714256286621,"Unknown"
"7014857",371856,2025-08-11 13:27:46,43.3023338317871,-8.76851272583008,"Unknown"
"7014857",371856,2025-08-11 13:32:46,43.3100318908691,-8.79457473754883,"Unknown"
"7014857",371856,2025-08-11 13:37:46,43.3264808654785,-8.80784034729004,"Unknown"
"7014857",371856,2025-08-11 13:42:47,43.339427947998,-8.82005500793457,"Unknown"
"7014857",371856,2025-08-11 13:47:46,43.3541450500488,-8.83443832397461,"Unknown"
"7014857",371856,2025-08-11 13:52:46,43.3593444824219,-8.84502220153809,"Unknown"
"7014857",371856,2025-08-11 13:57:47,43.3594589233398,-8.84539413452148,"Unknown"
"7014857",371856,2025-08-11 14:02:46,43.3595352172852,-8.84545230865479,"Unknown"
"7014857",371856,2025-08-11 14:07:47,43.3594131469727,-8.84547328948975,"Unknown"
"7014857",371856,2025-08-11 14:12:47,43.3594551086426,-8.84555244445801,"Unknown"
"7014857",371856,2025-08-11 14:17:52,43.3593864440918,-8.84546852111816,"Unknown"
"7014857",371856,2025-08-11 14:22:46,43.3595733642578,-8.84535598754883,"Unknown"
"7014857",371856,2025-08-11 14:27:46,43.3595428466797,-8.84566974639893,"Unknown"
"7014857",371856,2025-08-11 14:32:47,43.3595161437988,-8.84559440612793,"Unknown"
"7014857",371856,2025-08-11 14:37:48,43.3596305847168,-8.84552097320557,"Unknown"
"7014857",371856,2025-08-11 14:42:46,43.359691619873,-8.84573459625244,"Unknown"
"7014857",371856,2025-08-11 14:47:47,43.35986328125,-8.84547996520996,"Unknown"
"7014857",371856,2025-08-11 14:52:53,43.3598022460938,-8.84596061706543,"Unknown"
"7014857",371856,2025-08-11 14:57:46,43.3691444396973,-8.85336494445801,"Unknown"
"7014857",371856,2025-08-11 15:02:45,43.393238067627,-8.86362171173096,"Unknown"
"7014857",371856,2025-08-11 15:07:45,43.4143714904785,-8.87564373016357,"Unknown"
"7014857",371856,2025-08-11 15:12:45,43.4411392211914,-8.88293552398682,"Unknown"
"7014857",371856,2025-08-11 15:17:45,43.4669876098633,-8.89503574371338,"Unknown"
"7014857",371856,2025-08-11 15:22:46,43.469295501709,-8.8898754119873,"Unknown"
"7014857",371856,2025-08-11 15:27:47,43.4702301025391,-8.88399124145508,"Unknown"
"7014857",371856,2025-08-11 15:32:45,43.4707641601562,-8.8779468536377,"Unknown"
"7014857",371856,2025-08-11 15:37:48,43.4715347290039,-8.87188339233398,"Unknown"
"7014857",371856,2025-08-11 15:42:48,43.4726142883301,-8.86642932891846,"Unknown"
"7014857",371856,2025-08-11 15:47:46,43.4733276367188,-8.86025142669678,"Unknown"
"7014857",371856,2025-08-11 15:52:47,43.4746971130371,-8.85496616363525,"Unknown"
"7014857",371856,2025-08-11 15:57:49,43.4760437011719,-8.84974670410156,"Unknown"
"7014857",371856,2025-08-11 16:02:52,43.4770889282227,-8.84383487701416,"Unknown"
"7014857",371856,2025-08-11 16:07:50,43.4785537719727,-8.83840084075928,"Unknown"
"7014857",371856,2025-08-11 16:12:50,43.4799156188965,-8.8326940536499,"Unknown"
"7014857",371856,2025-08-11 16:17:52,43.4811401367188,-8.82701778411865,"Unknown"
"7014857",371856,2025-08-11 16:22:55,43.482234954834,-8.82103061676025,"Unknown"
"7014857",371856,2025-08-11 16:27:50,43.4834289550781,-8.81526374816895,"Unknown"
"7014857",371856,2025-08-11 16:32:56,43.4850273132324,-8.81020641326904,"Unknown"
"7014857",371856,2025-08-11 16:38:12,43.4868850708008,-8.80378913879395,"Unknown"
"7014857",371856,2025-08-11 16:43:09,43.4875297546387,-8.79748153686523,"Unknown"
"7014857",371856,2025-08-11 16:48:09,43.4882202148438,-8.79114246368408,"Unknown"
"7014857",371856,2025-08-11 16:53:12,43.4888916015625,-8.7853307723999,"Unknown"
"7014857",371856,2025-08-11 16:58:14,43.489673614502,-8.77883338928223,"Unknown"
"7014857",371856,2025-08-11 17:03:23,43.490406036377,-8.77289295196533,"Unknown"
"7014857",371856,2025-08-11 17:08:05,43.4911270141602,-8.76730632781982,"Unknown"
"7014857",371856,2025-08-11 17:12:48,43.4921875,-8.76174926757812,"Unknown"
"7014857",371856,2025-08-11 17:17:50,43.4931221008301,-8.75612163543701,"Unknown"
"7014857",371856,2025-08-11 17:22:50,43.4938888549805,-8.75007724761963,"Unknown"
"7014857",371856,2025-08-11 17:27:52,43.4947547912598,-8.74434947967529,"Unknown"
"7014857",371856,2025-08-11 17:32:56,43.4959030151367,-8.73834800720215,"Unknown"
"7014857",371856,2025-08-11 17:38:12,43.4956321716309,-8.74099826812744,"Unknown"
"7014857",371856,2025-08-11 17:42:50,43.4957275390625,-8.74186229705811,"Unknown"
"7014857",371856,2025-08-11 17:47:48,43.4960021972656,-8.74332332611084,"Unknown"
"7014857",371856,2025-08-11 17:52:50,43.495304107666,-8.74082851409912,"Unknown"
"7014857",371856,2025-08-11 17:57:48,43.4953918457031,-8.74114418029785,"Unknown"
"7014857",371856,2025-08-11 18:02:48,43.4948844909668,-8.74138069152832,"Unknown"
"7014857",371856,2025-08-11 18:07:57,43.4945678710938,-8.74149799346924,"Unknown"
"7014857",371856,2025-08-11 18:12:48,43.4824676513672,-8.73936367034912,"Unknown"
"7014857",371856,2025-08-11 18:17:52,43.4688034057617,-8.73650550842285,"Unknown"
"7014857",371856,2025-08-11 18:22:49,43.4637985229492,-8.73003768920898,"Unknown"
"7014857",371856,2025-08-11 18:27:48,43.460994720459,-8.72417640686035,"Unknown"
"7014857",371856,2025-08-11 18:32:52,43.4595756530762,-8.71824645996094,"Unknown"
"7014857",371856,2025-08-11 18:37:47,43.4590835571289,-8.71228408813477,"Unknown"
"7014857",371856,2025-08-11 18:42:54,43.4568748474121,-8.70112705230713,"Unknown"
"7014857",371856,2025-08-11 18:47:52,43.4558219909668,-8.69546127319336,"Unknown"
"7014857",371856,2025-08-11 18:52:50,43.4549026489258,-8.68967056274414,"Unknown"
"7014857",371856,2025-08-11 18:57:54,43.4550666809082,-8.68443775177002,"Unknown"
"7014857",371856,2025-08-11 19:02:51,43.4552803039551,-8.67944049835205,"Unknown"
"7014857",371856,2025-08-11 19:07:50,43.4391250610352,-8.69231033325195,"Unknown"
"7014857",371856,2025-08-11 19:12:48,43.4172630310059,-8.72051334381104,"Unknown"
"7014857",371856,2025-08-11 19:18:01,43.3956260681152,-8.75294876098633,"Unknown"
"7014857",371856,2025-08-11 19:22:46,43.378490447998,-8.78635883331299,"Unknown"
"7014857",371856,2025-08-11 19:27:46,43.3620109558105,-8.82146835327148,"Unknown"
"7014857",371856,2025-08-11 19:32:48,43.3554878234863,-8.83543395996094,"Unknown"
"7014857",371856,2025-08-11 19:37:46,43.3555068969727,-8.83543395996094,"Unknown"
"7014857",371856,2025-08-11 19:42:48,43.3554229736328,-8.83521270751953,"Unknown"
"7014857",371856,2025-08-11 19:47:54,43.3555755615234,-8.83457183837891,"Unknown"
"7014857",371856,2025-08-11 19:53:05,43.3583221435547,-8.84564113616943,"Unknown"
"7014857",371856,2025-08-11 19:57:51,43.3591117858887,-8.84505462646484,"Unknown"
"7014857",371856,2025-08-11 20:02:47,43.3599090576172,-8.84572505950928,"Unknown"
"7014857",371856,2025-08-11 20:07:49,43.3594970703125,-8.8450231552124,"Unknown"
"7014857",371856,2025-08-11 20:12:47,43.3594093322754,-8.84510898590088,"Unknown"
"7014857",371856,2025-08-11 20:18:05,43.3592872619629,-8.84522342681885,"Unknown"
"7014857",371856,2025-08-11 20:22:45,43.3593254089355,-8.84524440765381,"Unknown"
"7014857",371856,2025-08-11 20:25:36,43.3593444824219,-8.84525489807129,"Unknown"
"7014857",371856,2025-08-12 01:26:05,43.3593215942383,-8.84499740600586,"Unknown"
"7014857",371856,2025-08-12 03:44:44,43.3593559265137,-8.84512996673584,"Unknown"
"7014857",371856,2025-08-12 03:49:29,43.3594398498535,-8.84512615203857,"Unknown"
"7014857",371856,2025-08-12 03:54:30,43.3594245910645,-8.84513187408447,"Unknown"
"7014857",371856,2025-08-12 03:59:31,43.3594055175781,-8.84530448913574,"Unknown"
"7014857",371856,2025-08-12 04:04:32,43.3594131469727,-8.84550094604492,"Unknown"
"7014857",371856,2025-08-12 04:09:30,43.3591194152832,-8.84493827819824,"Unknown"
"7014857",371856,2025-08-12 04:14:33,43.3588066101074,-8.84494304656982,"Unknown"
"7014857",371856,2025-08-12 04:19:38,43.3592758178711,-8.84506416320801,"Unknown"
"7014857",371856,2025-08-12 04:24:32,43.3592414855957,-8.84468364715576,"Unknown"
"7014857",371856,2025-08-12 04:29:38,43.3593444824219,-8.84485912322998,"Unknown"
"7014857",371856,2025-08-12 04:34:44,43.3592643737793,-8.84519004821777,"Unknown"
"7014857",371856,2025-08-12 04:39:33,43.3592185974121,-8.84537887573242,"Unknown"
"7014857",371856,2025-08-12 04:44:31,43.3593978881836,-8.84518051147461,"Unknown"
"7014857",371856,2025-08-12 04:49:46,43.3605003356934,-8.84527969360352,"Unknown"
"7014857",371856,2025-08-12 04:54:31,43.3839225769043,-8.85274314880371,"Unknown"
"7014857",371856,2025-08-12 05:00:05,43.4088897705078,-8.87860107421875,"Unknown"
"7014857",371856,2025-08-12 05:04:38,43.408519744873,-8.89406490325928,"Unknown"
"7014857",371856,2025-08-12 05:09:38,43.4084205627441,-8.89401531219482,"Unknown"
"7014857",371856,2025-08-12 05:14:38,43.4093017578125,-8.90428447723389,"Unknown"
"7014857",371856,2025-08-12 05:19:38,43.4058113098145,-8.92206192016602,"Unknown"
"7014857",371856,2025-08-12 05:24:51,43.4079818725586,-8.96963500976562,"Unknown"
"7014857",371856,2025-08-12 05:29:44,43.4250564575195,-8.97752380371094,"Unknown"
"7014857",371856,2025-08-12 05:34:40,43.4287414550781,-8.97711277008057,"Unknown"
"7014857",371856,2025-08-12 05:39:37,43.4290924072266,-8.97683143615723,"Unknown"
"7014857",371856,2025-08-12 05:44:31,43.4454917907715,-8.99265956878662,"Unknown"
"7014857",371856,2025-08-12 05:50:05,43.4472999572754,-8.99308300018311,"Unknown"
"7014857",371856,2025-08-12 05:54:50,43.450023651123,-8.99231719970703,"Unknown"
"7014857",371856,2025-08-12 05:59:34,43.4520874023438,-8.99428176879883,"Unknown"
"7014857",371856,2025-08-12 06:04:39,43.4480895996094,-9.00108432769775,"Unknown"
"7014857",371856,2025-08-12 06:09:39,43.4487037658691,-9.00104522705078,"Unknown"
"7014857",371856,2025-08-12 06:14:38,43.4472541809082,-9.00064468383789,"Unknown"
"7014857",371856,2025-08-12 06:19:36,43.4431648254395,-8.99623012542725,"Unknown"
"7014857",371856,2025-08-12 06:24:42,43.4421691894531,-8.99503040313721,"Unknown"
"7014857",371856,2025-08-12 06:29:42,43.4376106262207,-8.99069023132324,"Unknown"
"7014857",371856,2025-08-12 06:34:40,43.4331970214844,-8.97996044158936,"Unknown"
"7014857",371856,2025-08-12 06:39:40,43.4192237854004,-8.95766162872314,"Unknown"
"7014857",371856,2025-08-12 06:45:05,43.4189834594727,-8.95819187164307,"Unknown"
"7014857",371856,2025-08-12 06:49:31,43.4187774658203,-8.95847797393799,"Unknown"
"7014857",371856,2025-08-12 06:54:30,43.4005584716797,-8.93901824951172,"Unknown"
"7014857",371856,2025-08-12 06:59:32,43.385124206543,-8.92498207092285,"Unknown"
"7014857",371856,2025-08-12 07:04:36,43.3848762512207,-8.92548179626465,"Unknown"
"7014857",371856,2025-08-12 07:09:30,43.3790550231934,-8.90676021575928,"Unknown"
"7014857",371856,2025-08-12 07:14:30,43.3699684143066,-8.87244892120361,"Unknown"
"7014857",371856,2025-08-12 07:19:33,43.3604736328125,-8.84880924224854,"Unknown"
"7014857",371856,2025-08-12 07:24:36,43.3606224060059,-8.84857559204102,"Unknown"
"7014857",371856,2025-08-12 07:29:33,43.3605995178223,-8.84918212890625,"Unknown"
"7014857",371856,2025-08-12 07:34:35,43.3605308532715,-8.84849739074707,"Unknown"
"7014857",371856,2025-08-12 07:39:36,43.3605842590332,-8.8483772277832,"Unknown"
"7014857",371856,2025-08-12 07:44:34,43.3605575561523,-8.84867382049561,"Unknown"
"7014857",371856,2025-08-12 07:49:30,43.360668182373,-8.8483829498291,"Unknown"
"7014857",371856,2025-08-12 07:54:31,43.3606452941895,-8.84849834442139,"Unknown"
"7014857",371856,2025-08-12 07:59:44,43.3606567382812,-8.84849166870117,"Unknown"
"7014857",371856,2025-08-12 08:04:34,43.360668182373,-8.84860420227051,"Unknown"
"7014857",371856,2025-08-12 08:09:31,43.3606033325195,-8.84853649139404,"Unknown"
"7014857",371856,2025-08-12 08:14:30,43.3607177734375,-8.84859657287598,"Unknown"
"7014857",371856,2025-08-12 08:19:34,43.3604469299316,-8.84859943389893,"Unknown"
"7014857",371856,2025-08-12 08:24:32,43.3602485656738,-8.84941577911377,"Unknown"
"7014857",371856,2025-08-12 08:29:33,43.3603744506836,-8.84996128082275,"Unknown"
"7014857",371856,2025-08-12 08:34:33,43.3605690002441,-8.84915828704834,"Unknown"
"7014857",371856,2025-08-12 08:39:32,43.3605842590332,-8.8488655090332,"Unknown"
"7014857",371856,2025-08-12 08:44:33,43.3605461120605,-8.84865093231201,"Unknown"
"7014857",371856,2025-08-12 08:49:32,43.360408782959,-8.84923553466797,"Unknown"
"7014857",371856,2025-08-12 08:54:34,43.3604049682617,-8.84927463531494,"Unknown"
"7014857",371856,2025-08-12 08:59:33,43.3602561950684,-8.84912872314453,"Unknown"
"7014857",371856,2025-08-12 09:04:33,43.3605918884277,-8.84885597229004,"Unknown"
"7014857",371856,2025-08-12 09:09:30,43.3604125976562,-8.84857559204102,"Unknown"
"7014857",371856,2025-08-12 09:14:32,43.3603134155273,-8.84913921356201,"Unknown"
"7014857",371856,2025-08-12 09:19:33,43.360710144043,-8.84881496429443,"Unknown"
"7014857",371856,2025-08-12 09:24:46,43.3612823486328,-8.84862518310547,"Unknown"
"7014857",371856,2025-08-12 09:30:02,43.3605499267578,-8.84866333007812,"Unknown"
"7014857",371856,2025-08-12 09:34:29,43.3604431152344,-8.84859275817871,"Unknown"
"7014857",371856,2025-08-12 09:39:31,43.3605422973633,-8.84860229492188,"Unknown"
"7014857",371856,2025-08-12 09:44:31,43.3605651855469,-8.8486156463623,"Unknown"
"7014857",371856,2025-08-12 09:49:31,43.360538482666,-8.84861660003662,"Unknown"
"7014857",371856,2025-08-12 09:54:30,43.3604049682617,-8.84856510162354,"Unknown"
"7014857",371856,2025-08-12 09:59:33,43.3604049682617,-8.84860229492188,"Unknown"
"7014857",371856,2025-08-12 10:04:29,43.3605041503906,-8.84860038757324,"Unknown"
"7014857",371856,2025-08-12 10:09:31,43.3600807189941,-8.8491382598877,"Unknown"
"7014857",371856,2025-08-12 10:14:31,43.3606147766113,-8.84858512878418,"Unknown"
"7014857",371856,2025-08-12 10:19:31,43.3603553771973,-8.84882068634033,"Unknown"
"7014857",371856,2025-08-12 10:25:40,43.3578147888184,-8.8462381362915,"Unknown"
"7014857",371856,2025-08-12 10:29:36,43.3580322265625,-8.84580707550049,"Unknown"
"7014857",371856,2025-08-12 10:34:32,43.3580589294434,-8.84592533111572,"Unknown"
"7014857",371856,2025-08-12 10:39:33,43.3583869934082,-8.84557247161865,"Unknown"
"7014857",371856,2025-08-12 10:44:33,43.3579902648926,-8.84593105316162,"Unknown"
"7014857",371856,2025-08-12 10:49:32,43.3590087890625,-8.84650325775146,"Unknown"
"7014857",371856,2025-08-12 10:54:32,43.3594055175781,-8.84671688079834,"Unknown"
"7014857",371856,2025-08-12 10:59:32,43.3589019775391,-8.84669494628906,"Unknown"
"7014857",371856,2025-08-12 11:04:32,43.3595695495605,-8.84684181213379,"Unknown"
"7014857",371856,2025-08-12 11:09:33,43.3593521118164,-8.84663009643555,"Unknown"
"7014857",371856,2025-08-12 11:14:36,43.3591499328613,-8.84674072265625,"Unknown"
"7014857",371856,2025-08-12 11:19:39,43.3592567443848,-8.84671115875244,"Unknown"
"7014857",371856,2025-08-12 11:24:40,43.359317779541,-8.84669876098633,"Unknown"
"7014857",371856,2025-08-12 11:29:31,43.358642578125,-8.84648132324219,"Unknown"
"7014857",371856,2025-08-12 11:34:34,43.3590927124023,-8.846755027771,"Unknown"
"7014857",371856,2025-08-12 11:39:39,43.3591423034668,-8.84665203094482,"Unknown"
"7014857",371856,2025-08-12 11:44:40,43.3590316772461,-8.84670639038086,"Unknown"
"7014857",371856,2025-08-12 11:49:30,43.3587265014648,-8.8466329574585,"Unknown"
"7014857",371856,2025-08-12 11:54:32,43.359447479248,-8.84692859649658,"Unknown"
"7014857",371856,2025-08-12 11:59:34,43.3590507507324,-8.84659099578857,"Unknown"
"7014857",371856,2025-08-12 12:04:33,43.359188079834,-8.84689807891846,"Unknown"
"7014857",371856,2025-08-12 12:09:52,43.3592529296875,-8.84618663787842,"Unknown"
"7014857",371856,2025-08-12 12:14:39,43.3593978881836,-8.84681510925293,"Unknown"
"7014857",371856,2025-08-12 12:19:39,43.3594207763672,-8.84665870666504,"Unknown"
"7014857",371856,2025-08-12 12:24:47,43.3598022460938,-8.84663677215576,"Unknown"
"7014857",371856,2025-08-12 12:29:31,43.363410949707,-8.84981250762939,"Unknown"
"7014857",371856,2025-08-12 12:34:36,43.3873596191406,-8.8649845123291,"Unknown"
"7014857",371856,2025-08-12 12:39:39,43.3769874572754,-8.86988353729248,"Unknown"
"7014857",371856,2025-08-12 12:44:49,43.3776092529297,-8.87091827392578,"Unknown"
"7014857",371856,2025-08-12 12:49:39,43.3778610229492,-8.87146186828613,"Unknown"
"7014857",371856,2025-08-12 12:55:06,43.3786735534668,-8.87218761444092,"Unknown"
"7014857",371856,2025-08-12 12:59:44,43.381462097168,-8.87148666381836,"Unknown"
"7014857",371856,2025-08-12 13:04:32,43.3818206787109,-8.87199974060059,"Unknown"
"7014857",371856,2025-08-12 13:09:37,43.3854942321777,-8.86946392059326,"Unknown"
"7014857",371856,2025-08-12 13:14:36,43.3861503601074,-8.86925888061523,"Unknown"
"7014857",371856,2025-08-12 13:19:32,43.3867645263672,-8.86923408508301,"Unknown"
"7014857",371856,2025-08-12 13:24:36,43.3877944946289,-8.86941051483154,"Unknown"
"7014857",371856,2025-08-12 13:29:30,43.38818359375,-8.86940574645996,"Unknown"
"7014857",371856,2025-08-12 13:34:34,43.394645690918,-8.86450672149658,"Unknown"
"7014857",371856,2025-08-12 13:39:33,43.3965225219727,-8.86394596099854,"Unknown"
"7014857",371856,2025-08-12 13:44:40,43.3971710205078,-8.8644847869873,"Unknown"
"7014857",371856,2025-08-12 13:50:05,43.3981628417969,-8.86500644683838,"Unknown"
"7014857",371856,2025-08-12 13:54:33,43.3996963500977,-8.86664295196533,"Unknown"
"7014857",371856,2025-08-12 14:00:06,43.4016304016113,-8.86755275726318,"Unknown"
"7014857",371856,2025-08-12 14:04:39,43.4028053283691,-8.86797523498535,"Unknown"
"7014857",371856,2025-08-12 14:10:29,43.402172088623,-8.86756706237793,"Unknown"
"7014857",371856,2025-08-12 14:14:44,43.4000968933105,-8.86402225494385,"Unknown"
"7014857",371856,2025-08-12 14:19:30,43.3922500610352,-8.85447406768799,"Unknown"
"7014857",371856,2025-08-12 14:24:31,43.3845100402832,-8.84466171264648,"Unknown"
"7014857",371856,2025-08-12 14:29:30,43.3766326904297,-8.83455276489258,"Unknown"
"7014857",371856,2025-08-12 14:34:30,43.3690757751465,-8.82446765899658,"Unknown"
"7014857",371856,2025-08-12 14:39:29,43.359676361084,-8.81828308105469,"Unknown"
"7014857",371856,2025-08-12 14:44:40,43.3494300842285,-8.81339550018311,"Unknown"
"7014857",371856,2025-08-12 14:49:30,43.3401107788086,-8.80921745300293,"Unknown"
"7014857",371856,2025-08-12 14:54:32,43.3395919799805,-8.80928993225098,"Unknown"
"7014857",371856,2025-08-12 14:59:30,43.3398323059082,-8.81032085418701,"Unknown"
"7014857",371856,2025-08-12 15:04:36,43.3400497436523,-8.81097793579102,"Unknown"
"7014857",371856,2025-08-12 15:09:32,43.340030670166,-8.81159591674805,"Unknown"
"7014857",371856,2025-08-12 15:14:33,43.3401412963867,-8.81212615966797,"Unknown"
"7014857",371856,2025-08-12 15:19:33,43.3402137756348,-8.81272411346436,"Unknown"
"7014857",371856,2025-08-12 15:24:32,43.3400077819824,-8.81288433074951,"Unknown"
"7014857",371856,2025-08-12 15:29:33,43.3403511047363,-8.81374549865723,"Unknown"
"7014857",371856,2025-08-12 15:34:44,43.340274810791,-8.81394577026367,"Unknown"
"7014857",371856,2025-08-12 15:39:31,43.3406219482422,-8.81512832641602,"Unknown"
"7014857",371856,2025-08-12 15:44:33,43.3406715393066,-8.81582832336426,"Unknown"
"7014857",371856,2025-08-12 15:49:36,43.3406028747559,-8.82952404022217,"Unknown"
"7014857",371856,2025-08-12 15:54:39,43.3407211303711,-8.82983207702637,"Unknown"
"7014857",371856,2025-08-12 15:59:39,43.3444938659668,-8.83485889434814,"Unknown"
"7014857",371856,2025-08-12 16:04:53,43.3543281555176,-8.83351898193359,"Unknown"
"7014857",371856,2025-08-12 16:09:39,43.3553619384766,-8.83574676513672,"Unknown"
"7014857",371856,2025-08-12 16:14:39,43.3552398681641,-8.8355655670166,"Unknown"
"7014857",371856,2025-08-12 16:19:40,43.3551750183105,-8.83526611328125,"Unknown"
"7014857",371856,2025-08-12 16:24:31,43.3555946350098,-8.8362340927124,"Unknown"
"7014857",371856,2025-08-12 16:29:39,43.3555145263672,-8.83579730987549,"Unknown"
"7014857",371856,2025-08-12 16:34:36,43.3554801940918,-8.83576679229736,"Unknown"
"7014857",371856,2025-08-12 16:39:39,43.3555603027344,-8.8358678817749,"Unknown"
"7014857",371856,2025-08-12 16:44:39,43.3555908203125,-8.83551502227783,"Unknown"
"7014857",371856,2025-08-12 16:50:35,43.3554382324219,-8.83548831939697,"Unknown"
"7014857",371856,2025-08-12 16:54:30,43.3553619384766,-8.83537483215332,"Unknown"
"7014857",371856,2025-08-12 16:59:29,43.3554801940918,-8.83539962768555,"Unknown"
"7014857",371856,2025-08-12 17:04:30,43.3555145263672,-8.8353910446167,"Unknown"
"7014857",371856,2025-08-12 17:09:30,43.3555068969727,-8.83538627624512,"Unknown"
"7014857",371856,2025-08-12 17:14:29,43.3554916381836,-8.83537006378174,"Unknown"
"7014857",371856,2025-08-12 17:19:30,43.3555183410645,-8.8353214263916,"Unknown"
"7014857",371856,2025-08-12 17:24:29,43.3556365966797,-8.83526706695557,"Unknown"
"7014857",371856,2025-08-12 17:29:31,43.3556671142578,-8.83518409729004,"Unknown"
"7014857",371856,2025-08-12 17:34:30,43.3555679321289,-8.83526134490967,"Unknown"
"7014857",371856,2025-08-12 17:39:30,43.3556251525879,-8.83522796630859,"Unknown"
"7014857",371856,2025-08-12 17:44:30,43.3554840087891,-8.8351001739502,"Unknown"
"7014857",371856,2025-08-12 17:49:30,43.3555297851562,-8.83523178100586,"Unknown"
"7014857",371856,2025-08-12 17:54:30,43.3604965209961,-8.84790229797363,"Unknown"
"7014857",371856,2025-08-12 17:59:32,43.3587913513184,-8.84446620941162,"Unknown"
"7014857",371856,2025-08-12 18:04:31,43.3590545654297,-8.84641361236572,"Unknown"
"7014857",371856,2025-08-12 18:09:31,43.359203338623,-8.84691429138184,"Unknown"
"7014857",371856,2025-08-12 18:14:31,43.3594055175781,-8.84695053100586,"Unknown"
"7014857",371856,2025-08-12 18:19:30,43.3594818115234,-8.84700298309326,"Unknown"
"7014857",371856,2025-08-12 18:24:33,43.3594207763672,-8.84699535369873,"Unknown"
"7014857",371856,2025-08-12 18:29:38,43.3590812683105,-8.84677410125732,"Unknown"
"7014857",371856,2025-08-12 18:34:37,43.3591079711914,-8.84688854217529,"Unknown"
"7014857",371856,2025-08-12 18:39:40,43.3586349487305,-8.84642791748047,"Unknown"
"7014857",371856,2025-08-12 18:44:38,43.3586616516113,-8.84657382965088,"Unknown"
"7014857",371856,2025-08-12 18:50:05,43.358715057373,-8.84695434570312,"Unknown"
"7014857",371856,2025-08-12 18:54:29,43.3590698242188,-8.84686183929443,"Unknown"
"7014857",371856,2025-08-12 18:59:32,43.3589477539062,-8.84651470184326,"Unknown"
"7014857",371856,2025-08-12 19:04:33,43.3588981628418,-8.84655284881592,"Unknown"
"7014857",371856,2025-08-12 19:09:29,43.3591117858887,-8.84649085998535,"Unknown"
"7014857",371856,2025-08-12 19:14:34,43.3584785461426,-8.84635257720947,"Unknown"
"7014857",371856,2025-08-12 19:19:32,43.3590087890625,-8.84670925140381,"Unknown"
"7014857",371856,2025-08-12 19:24:33,43.3589935302734,-8.84704208374023,"Unknown"
"7014857",371856,2025-08-12 19:29:33,43.3599853515625,-8.84676647186279,"Unknown"
"7014857",371856,2025-08-12 19:34:33,43.3598747253418,-8.8467845916748,"Unknown"
"7014857",371856,2025-08-12 19:39:38,43.3592948913574,-8.84693813323975,"Unknown"
"7014857",371856,2025-08-12 19:44:38,43.3592720031738,-8.84695243835449,"Unknown"
"7014857",371856,2025-08-12 19:49:42,43.3593215942383,-8.84689235687256,"Unknown"
"7014857",371856,2025-08-12 19:54:38,43.3593101501465,-8.8468713760376,"Unknown"
"7014857",371856,2025-08-12 19:59:38,43.3593444824219,-8.84677028656006,"Unknown"
"7014857",371856,2025-08-12 20:04:36,43.3592681884766,-8.84485912322998,"Unknown"
"7014857",371856,2025-08-12 20:09:30,43.3620300292969,-8.83979415893555,"Unknown"
"7014857",371856,2025-08-12 20:14:34,43.372974395752,-8.86274337768555,"Unknown"
"7014857",371856,2025-08-12 20:19:31,43.3726387023926,-8.86486339569092,"Unknown"
"7014857",371856,2025-08-12 20:24:11,43.3734512329102,-8.86429882049561,"Unknown"
"7014857",371856,2025-08-13 01:24:50,43.3566207885742,-8.92356777191162,"Unknown"
"7014857",371856,2025-08-13 03:46:44,43.3583374023438,-8.84611225128174,"Unknown"
"7014857",371856,2025-08-13 03:51:24,43.3583488464355,-8.84610939025879,"Unknown"
"7014857",371856,2025-08-13 03:56:24,43.3584442138672,-8.8461389541626,"Unknown"
"7014857",371856,2025-08-13 04:01:21,43.3584403991699,-8.84613227844238,"Unknown"
"7014857",371856,2025-08-13 04:06:35,43.3596687316895,-8.84701156616211,"Unknown"
"7014857",371856,2025-08-13 04:11:14,43.3592529296875,-8.84457683563232,"Unknown"
"7014857",371856,2025-08-13 04:16:17,43.3594627380371,-8.8453483581543,"Unknown"
"7014857",371856,2025-08-13 04:21:14,43.3594169616699,-8.84511661529541,"Unknown"
"7014857",371856,2025-08-13 04:26:24,43.359375,-8.84525394439697,"Unknown"
"7014857",371856,2025-08-13 04:31:13,43.3593559265137,-8.8455867767334,"Unknown"
"7014857",371856,2025-08-13 04:36:29,43.3592300415039,-8.84512615203857,"Unknown"
"7014857",371856,2025-08-13 04:41:16,43.3592834472656,-8.84510803222656,"Unknown"
"7014857",371856,2025-08-13 04:46:17,43.3593444824219,-8.84521389007568,"Unknown"
"7014857",371856,2025-08-13 04:51:15,43.3591537475586,-8.84590148925781,"Unknown"
"7014857",371856,2025-08-13 04:56:17,43.3590927124023,-8.84632587432861,"Unknown"
"7014857",371856,2025-08-13 05:01:13,43.3592262268066,-8.84553813934326,"Unknown"
"7014857",371856,2025-08-13 05:06:11,43.3592796325684,-8.8454418182373,"Unknown"
"7014857",371856,2025-08-13 05:11:19,43.3593330383301,-8.84521484375,"Unknown"
"7014857",371856,2025-08-13 05:16:15,43.3591918945312,-8.84519577026367,"Unknown"
"7014857",371856,2025-08-13 05:21:15,43.3606147766113,-8.84895706176758,"Unknown"
"7014857",371856,2025-08-13 05:26:16,43.360595703125,-8.84900283813477,"Unknown"
"7014857",371856,2025-08-13 05:31:16,43.3514747619629,-8.86247539520264,"Unknown"
"7014857",371856,2025-08-13 05:36:35,43.327880859375,-8.86295795440674,"Unknown"
"7014857",371856,2025-08-13 05:41:24,43.3161277770996,-8.85806369781494,"Unknown"
"7014857",371856,2025-08-13 05:46:19,43.3161659240723,-8.85808658599854,"Unknown"
"7014857",371856,2025-08-13 05:51:12,43.3162231445312,-8.85813045501709,"Unknown"
"7014857",371856,2025-08-13 05:56:15,43.3163070678711,-8.85817909240723,"Unknown"
"7014857",371856,2025-08-13 06:01:12,43.316219329834,-8.8584156036377,"Unknown"
"7014857",371856,2025-08-13 06:06:12,43.3159332275391,-8.85790920257568,"Unknown"
"7014857",371856,2025-08-13 06:11:12,43.3162040710449,-8.85838890075684,"Unknown"
"7014857",371856,2025-08-13 06:16:14,43.3161125183105,-8.85798168182373,"Unknown"
"7014857",371856,2025-08-13 06:21:13,43.3162040710449,-8.85870838165283,"Unknown"
"7014857",371856,2025-08-13 06:26:15,43.3162078857422,-8.85865783691406,"Unknown"
"7014857",371856,2025-08-13 06:31:14,43.3162155151367,-8.85897541046143,"Unknown"
"7014857",371856,2025-08-13 06:36:19,43.3161811828613,-8.85836124420166,"Unknown"
"7014857",371856,2025-08-13 06:41:24,43.3161392211914,-8.85867786407471,"Unknown"
"7014857",371856,2025-08-13 06:46:25,43.3154640197754,-8.85770416259766,"Unknown"
"7014857",371856,2025-08-13 06:51:25,43.294376373291,-8.86011219024658,"Unknown"
"7014857",371856,2025-08-13 06:56:24,43.284538269043,-8.85440635681152,"Unknown"
"7014857",371856,2025-08-13 07:01:24,43.2845306396484,-8.85437202453613,"Unknown"
"7014857",371856,2025-08-13 07:06:24,43.2845077514648,-8.85441493988037,"Unknown"
"7014857",371856,2025-08-13 07:11:35,43.284351348877,-8.85451316833496,"Unknown"
"7014857",371856,2025-08-13 07:16:13,43.2843399047852,-8.85441875457764,"Unknown"
"7014857",371856,2025-08-13 07:21:13,43.2843551635742,-8.85447597503662,"Unknown"
"7014857",371856,2025-08-13 07:26:12,43.2842864990234,-8.85451507568359,"Unknown"
"7014857",371856,2025-08-13 07:31:14,43.2843475341797,-8.85449504852295,"Unknown"
"7014857",371856,2025-08-13 07:36:18,43.2841682434082,-8.8543004989624,"Unknown"
"7014857",371856,2025-08-13 07:41:22,43.2842597961426,-8.85440063476562,"Unknown"
"7014857",371856,2025-08-13 07:46:24,43.2842636108398,-8.85438919067383,"Unknown"
"7014857",371856,2025-08-13 07:51:46,43.2842788696289,-8.85441589355469,"Unknown"
"7014857",371856,2025-08-13 07:56:13,43.2842292785645,-8.85440921783447,"Unknown"
"7014857",371856,2025-08-13 08:01:19,43.2842102050781,-8.85453319549561,"Unknown"
"7014857",371856,2025-08-13 08:06:28,43.284252166748,-8.85447406768799,"Unknown"
"7014857",371856,2025-08-13 08:11:33,43.2842750549316,-8.85452842712402,"Unknown"
"7014857",371856,2025-08-13 08:16:21,43.2840538024902,-8.85439491271973,"Unknown"
"7014857",371856,2025-08-13 08:21:13,43.2990379333496,-8.8601770401001,"Unknown"
"7014857",371856,2025-08-13 08:26:19,43.3143692016602,-8.85686492919922,"Unknown"
"7014857",371856,2025-08-13 08:31:14,43.3143882751465,-8.85692977905273,"Unknown"
"7014857",371856,2025-08-13 08:36:12,43.328685760498,-8.84840202331543,"Unknown"
"7014857",371856,2025-08-13 08:41:12,43.3568344116211,-8.84640979766846,"Unknown"
"7014857",371856,2025-08-13 08:46:13,43.3595008850098,-8.84552001953125,"Unknown"
"7014857",371856,2025-08-13 08:51:16,43.3596305847168,-8.84555721282959,"Unknown"
"7014857",371856,2025-08-13 08:56:13,43.3593635559082,-8.84523963928223,"Unknown"
"7014857",371856,2025-08-13 09:01:24,43.3593635559082,-8.84527969360352,"Unknown"
"7014857",371856,2025-08-13 09:06:16,43.3593139648438,-8.84529113769531,"Unknown"
"7014857",371856,2025-08-13 09:11:35,43.3593902587891,-8.84523010253906,"Unknown"
"7014857",371856,2025-08-13 09:16:13,43.3588790893555,-8.84700584411621,"Unknown"
"7014857",371856,2025-08-13 09:21:14,43.358455657959,-8.84695720672607,"Unknown"
"7014857",371856,2025-08-13 09:26:17,43.3586158752441,-8.84652042388916,"Unknown"
"7014857",371856,2025-08-13 09:31:12,43.3585815429688,-8.84653568267822,"Unknown"
"7014857",371856,2025-08-13 09:36:13,43.3585968017578,-8.84660625457764,"Unknown"
"7014857",371856,2025-08-13 09:41:12,43.3585205078125,-8.84648418426514,"Unknown"
"7014857",371856,2025-08-13 09:46:13,43.358528137207,-8.84651851654053,"Unknown"
"7014857",371856,2025-08-13 09:51:14,43.3585510253906,-8.84644031524658,"Unknown"
"7014857",371856,2025-08-13 09:56:14,43.3588485717773,-8.84651660919189,"Unknown"
"7014857",371856,2025-08-13 10:01:13,43.3586235046387,-8.84640979766846,"Unknown"
"7014857",371856,2025-08-13 10:06:15,43.3585357666016,-8.84640598297119,"Unknown"
"7014857",371856,2025-08-13 10:11:13,43.358512878418,-8.8464822769165,"Unknown"
"7014857",371856,2025-08-13 10:16:24,43.3586845397949,-8.84657096862793,"Unknown"
"7014857",371856,2025-08-13 10:21:14,43.3587036132812,-8.84653949737549,"Unknown"
"7014857",371856,2025-08-13 10:26:17,43.3586502075195,-8.84655952453613,"Unknown"
"7014857",371856,2025-08-13 10:31:35,43.3586463928223,-8.84644031524658,"Unknown"
"7014857",371856,2025-08-13 10:36:11,43.3590621948242,-8.84702777862549,"Unknown"
"7014857",371856,2025-08-13 10:41:15,43.3584671020508,-8.84669971466064,"Unknown"
"7014857",371856,2025-08-13 10:46:12,43.3584899902344,-8.84637928009033,"Unknown"
"7014857",371856,2025-08-13 10:51:12,43.3584175109863,-8.8466215133667,"Unknown"
"7014857",371856,2025-08-13 10:56:15,43.358528137207,-8.84646987915039,"Unknown"
"7014857",371856,2025-08-13 11:01:19,43.3584899902344,-8.84632015228271,"Unknown"
"7014857",371856,2025-08-13 11:06:16,43.3584136962891,-8.84647178649902,"Unknown"
"7014857",371856,2025-08-13 11:11:35,43.3584632873535,-8.84653663635254,"Unknown"
"7014857",371856,2025-08-13 11:16:16,43.3583374023438,-8.84672832489014,"Unknown"
"7014857",371856,2025-08-13 11:21:11,43.358455657959,-8.84660243988037,"Unknown"
"7014857",371856,2025-08-13 11:26:14,43.3584098815918,-8.84659004211426,"Unknown"
"7014857",371856,2025-08-13 11:31:16,43.3583183288574,-8.84675312042236,"Unknown"
"7014857",371856,2025-08-13 11:36:44,43.357723236084,-8.84594058990479,"Unknown"
"7014857",371856,2025-08-13 11:41:21,43.3576431274414,-8.84600448608398,"Unknown"
"7014857",371856,2025-08-13 11:46:12,43.3577651977539,-8.84625053405762,"Unknown"
"7014857",371856,2025-08-13 11:51:12,43.357608795166,-8.84586334228516,"Unknown"
"7014857",371856,2025-08-13 11:56:12,43.3577613830566,-8.84625816345215,"Unknown"
"7014857",371856,2025-08-13 12:01:12,43.3577537536621,-8.84617614746094,"Unknown"
"7014857",371856,2025-08-13 12:06:12,43.357666015625,-8.84616565704346,"Unknown"
"7014857",371856,2025-08-13 12:11:14,43.3575820922852,-8.84601020812988,"Unknown"
"7014857",371856,2025-08-13 12:16:11,43.3578987121582,-8.84625911712646,"Unknown"
"7014857",371856,2025-08-13 12:22:46,43.3578872680664,-8.84618854522705,"Unknown"
"7014857",371856,2025-08-13 12:28:03,43.3575553894043,-8.84655284881592,"Unknown"
"7014857",371856,2025-08-13 12:33:14,43.3576354980469,-8.846604347229,"Unknown"
"7014857",371856,2025-08-13 12:37:47,43.3582572937012,-8.84703254699707,"Unknown"
"7014857",371856,2025-08-13 12:42:54,43.3577270507812,-8.84607219696045,"Unknown"
"7014857",371856,2025-08-13 12:47:46,43.3578224182129,-8.84593772888184,"Unknown"
"7014857",371856,2025-08-13 12:52:54,43.3577003479004,-8.84609603881836,"Unknown"
"7014857",371856,2025-08-13 12:58:06,43.3576431274414,-8.84618759155273,"Unknown"
"7014857",371856,2025-08-13 13:02:51,43.3581237792969,-8.84595489501953,"Unknown"
"7014857",371856,2025-08-13 13:07:48,43.357738494873,-8.84631061553955,"Unknown"
"7014857",371856,2025-08-13 13:12:53,43.3578147888184,-8.84605979919434,"Unknown"
"7014857",371856,2025-08-13 13:17:49,43.35791015625,-8.84603500366211,"Unknown"
"7014857",371856,2025-08-13 13:22:51,43.3579177856445,-8.84600257873535,"Unknown"
"7014857",371856,2025-08-13 13:27:55,43.3578414916992,-8.84608173370361,"Unknown"
"7014857",371856,2025-08-13 13:32:57,43.3576965332031,-8.84611225128174,"Unknown"
"7014857",371856,2025-08-13 13:37:56,43.3578643798828,-8.84610462188721,"Unknown"
"7014857",371856,2025-08-13 13:42:59,43.357666015625,-8.84603595733643,"Unknown"
"7014857",371856,2025-08-13 13:47:56,43.3578033447266,-8.84605503082275,"Unknown"
"7014857",371856,2025-08-13 13:53:05,43.357837677002,-8.84603977203369,"Unknown"
"7014857",371856,2025-08-13 13:58:07,43.3578109741211,-8.84605884552002,"Unknown"
"7014857",371856,2025-08-13 14:02:46,43.3577003479004,-8.84617805480957,"Unknown"
"7014857",371856,2025-08-13 14:07:45,43.3578186035156,-8.84605026245117,"Unknown"
"7014857",371856,2025-08-13 14:12:49,43.3577728271484,-8.8461217880249,"Unknown"
"7014857",371856,2025-08-13 14:17:45,43.3582458496094,-8.84645175933838,"Unknown"
"7014857",371856,2025-08-13 14:22:53,43.3577766418457,-8.84619331359863,"Unknown"
"7014857",371856,2025-08-13 14:28:05,43.3577423095703,-8.84616088867188,"Unknown"
"7014857",371856,2025-08-13 14:32:46,43.3578643798828,-8.84614562988281,"Unknown"
"7014857",371856,2025-08-13 14:37:56,43.3578147888184,-8.84608936309814,"Unknown"
"7014857",371856,2025-08-13 14:42:52,43.3577079772949,-8.84606838226318,"Unknown"
"7014857",371856,2025-08-13 14:47:52,43.3578300476074,-8.84615325927734,"Unknown"
"7014857",371856,2025-08-13 14:52:48,43.3578948974609,-8.84592151641846,"Unknown"
"7014857",371856,2025-08-13 14:57:45,43.3577842712402,-8.84610176086426,"Unknown"
"7014857",371856,2025-08-13 15:02:48,43.3580360412598,-8.84673309326172,"Unknown"
"7014857",371856,2025-08-13 15:07:46,43.3579788208008,-8.84664821624756,"Unknown"
"7014857",371856,2025-08-13 15:12:48,43.3579902648926,-8.84672546386719,"Unknown"
"7014857",371856,2025-08-13 15:17:51,43.3579559326172,-8.84614562988281,"Unknown"
"7014857",371856,2025-08-13 15:22:55,43.3578414916992,-8.84589004516602,"Unknown"
"7014857",371856,2025-08-13 15:28:45,43.3574562072754,-8.84593772888184,"Unknown"
"7014857",371856,2025-08-13 15:33:23,43.3573570251465,-8.846022605896,"Unknown"
"7014857",371856,2025-08-13 15:37:52,43.3574256896973,-8.84609889984131,"Unknown"
"7014857",371856,2025-08-13 15:42:54,43.357666015625,-8.84585380554199,"Unknown"
"7014857",371856,2025-08-13 15:47:47,43.3573455810547,-8.84607601165771,"Unknown"
"7014857",371856,2025-08-13 15:53:00,43.3573684692383,-8.8458309173584,"Unknown"
"7014857",371856,2025-08-13 15:57:55,43.3574371337891,-8.84596824645996,"Unknown"
"7014857",371856,2025-08-13 16:02:47,43.3572425842285,-8.84557914733887,"Unknown"
"7014857",371856,2025-08-13 16:07:54,43.3574638366699,-8.84616756439209,"Unknown"
"7014857",371856,2025-08-13 16:13:00,43.3574447631836,-8.84605503082275,"Unknown"
"7014857",371856,2025-08-13 16:18:00,43.3574447631836,-8.8459997177124,"Unknown"
"7014857",371856,2025-08-13 16:22:52,43.3574676513672,-8.84597015380859,"Unknown"
"7014857",371856,2025-08-13 16:27:57,43.3574295043945,-8.84602928161621,"Unknown"
"7014857",371856,2025-08-13 16:33:04,43.3574371337891,-8.84609127044678,"Unknown"
"7014857",371856,2025-08-13 16:39:11,43.3575172424316,-8.84566879272461,"Unknown"
"7014857",371856,2025-08-13 16:44:11,43.357593536377,-8.84589862823486,"Unknown"
"7014857",371856,2025-08-13 16:49:11,43.357494354248,-8.84595203399658,"Unknown"
"7014857",371856,2025-08-13 16:54:11,43.3574142456055,-8.84571170806885,"Unknown"
"7014857",371856,2025-08-13 16:58:33,43.3574829101562,-8.84584617614746,"Unknown"
"7014857",371856,2025-08-13 17:03:15,43.3575553894043,-8.84594058990479,"Unknown"
"7014857",371856,2025-08-13 17:07:51,43.3575210571289,-8.84571933746338,"Unknown"
"7014857",371856,2025-08-13 17:12:48,43.3570594787598,-8.84538078308105,"Unknown"
"7014857",371856,2025-08-13 17:17:54,43.3573455810547,-8.84579944610596,"Unknown"
"7014857",371856,2025-08-13 17:23:12,43.3573455810547,-8.84628105163574,"Unknown"
"7014857",371856,2025-08-13 17:28:23,43.3574714660645,-8.84598922729492,"Unknown"
"7014857",371856,2025-08-13 17:32:46,43.3575134277344,-8.8460750579834,"Unknown"
"7014857",371856,2025-08-13 17:37:48,43.3575057983398,-8.84600448608398,"Unknown"
"7014857",371856,2025-08-13 17:42:47,43.3574523925781,-8.84597682952881,"Unknown"
"7014857",371856,2025-08-13 17:47:57,43.3574638366699,-8.84600257873535,"Unknown"
"7014857",371856,2025-08-13 17:52:58,43.3576431274414,-8.84596633911133,"Unknown"
"7014857",371856,2025-08-13 17:58:14,43.3576126098633,-8.84601402282715,"Unknown"
"7014857",371856,2025-08-13 18:02:47,43.3576126098633,-8.84592056274414,"Unknown"
"7014857",371856,2025-08-13 18:07:47,43.3574371337891,-8.84605598449707,"Unknown"
"7014857",371856,2025-08-13 18:12:47,43.3575553894043,-8.84600639343262,"Unknown"
"7014857",371856,2025-08-13 18:17:47,43.3575782775879,-8.84599304199219,"Unknown"
"7014857",371856,2025-08-13 18:22:49,43.357593536377,-8.84618473052979,"Unknown"
"7014857",371856,2025-08-13 18:27:50,43.3576812744141,-8.84627342224121,"Unknown"
"7014857",371856,2025-08-13 18:33:14,43.3574714660645,-8.84593200683594,"Unknown"
"7014857",371856,2025-08-13 18:37:51,43.3575134277344,-8.8460807800293,"Unknown"
"7014857",371856,2025-08-13 18:42:46,43.3600654602051,-8.84420585632324,"Unknown"
"7014857",371856,2025-08-13 18:47:46,43.3703079223633,-8.85238170623779,"Unknown"
"7014857",371856,2025-08-13 18:52:46,43.3887901306152,-8.87485313415527,"Unknown"
"7014857",371856,2025-08-13 18:57:46,43.4076232910156,-8.88906955718994,"Unknown"
"7014857",371856,2025-08-13 19:02:46,43.4206085205078,-8.91843509674072,"Unknown"
"7014857",371856,2025-08-13 19:07:46,43.4272270202637,-8.95789051055908,"Unknown"
"7014857",371856,2025-08-13 19:12:46,43.4381942749023,-8.99221897125244,"Unknown"
"7014857",371856,2025-08-13 19:17:46,43.4541282653809,-8.99022006988525,"Unknown"
"7014857",371856,2025-08-13 19:22:46,43.464958190918,-8.97449779510498,"Unknown"
"7014857",371856,2025-08-13 19:27:46,43.4764137268066,-8.95872688293457,"Unknown"
"7014857",371856,2025-08-13 19:32:46,43.4921035766602,-8.94210433959961,"Unknown"
"7014857",371856,2025-08-13 19:37:51,43.5070190429688,-8.92489337921143,"Unknown"
"7014857",371856,2025-08-13 19:42:49,43.5045051574707,-8.92687129974365,"Unknown"
"7014857",371856,2025-08-13 19:47:49,43.5024681091309,-8.92887592315674,"Unknown"
"7014857",371856,2025-08-13 19:52:48,43.5038261413574,-8.9274206161499,"Unknown"
"7014857",371856,2025-08-13 19:57:47,43.5030059814453,-8.92661285400391,"Unknown"
"7014857",371856,2025-08-13 20:02:47,43.5021133422852,-8.9295482635498,"Unknown"
"7014857",371856,2025-08-13 20:07:53,43.4962158203125,-8.93167495727539,"Unknown"
"7014857",371856,2025-08-13 20:12:51,43.4961051940918,-8.92593574523926,"Unknown"
"7014857",371856,2025-08-13 20:17:58,43.496509552002,-8.91760158538818,"Unknown"
"7014857",371856,2025-08-13 20:23:00,43.4970664978027,-8.90929317474365,"Unknown"
"7014857",371856,2025-08-14 01:24:05,43.3593902587891,-8.84526538848877,"Unknown"
"7014857",371856,2025-08-14 03:47:46,43.3593101501465,-8.84489822387695,"Unknown"
"7014857",371856,2025-08-14 03:52:31,43.3593368530273,-8.84490871429443,"Unknown"
"7014857",371856,2025-08-14 03:57:39,43.3592987060547,-8.84492588043213,"Unknown"
"7014857",371856,2025-08-14 04:02:36,43.3594055175781,-8.84501552581787,"Unknown"
"7014857",371856,2025-08-14 04:07:38,43.3593330383301,-8.84507274627686,"Unknown"
"7014857",371856,2025-08-14 04:12:45,43.3593978881836,-8.84540939331055,"Unknown"
"7014857",371856,2025-08-14 04:17:36,43.3593597412109,-8.84505939483643,"Unknown"
"7014857",371856,2025-08-14 04:22:38,43.3593444824219,-8.84519290924072,"Unknown"
"7014857",371856,2025-08-14 04:27:41,43.3593444824219,-8.8450174331665,"Unknown"
"7014857",371856,2025-08-14 04:33:00,43.3592491149902,-8.84498405456543,"Unknown"
"7014857",371856,2025-08-14 04:37:36,43.3591918945312,-8.84461116790771,"Unknown"
"7014857",371856,2025-08-14 04:42:37,43.3591804504395,-8.84466075897217,"Unknown"
"7014857",371856,2025-08-14 04:47:55,43.3592338562012,-8.84503746032715,"Unknown"
"7014857",371856,2025-08-14 04:52:30,43.3594131469727,-8.8456335067749,"Unknown"
"7014857",371856,2025-08-14 04:57:38,43.3589782714844,-8.84562492370605,"Unknown"
"7014857",371856,2025-08-14 05:02:30,43.3606071472168,-8.84532833099365,"Unknown"
"7014857",371856,2025-08-14 05:07:33,43.3472213745117,-8.82733726501465,"Unknown"
"7014857",371856,2025-08-14 05:12:36,43.3369827270508,-8.79850387573242,"Unknown"
"7014857",371856,2025-08-14 05:17:38,43.3216247558594,-8.8055362701416,"Unknown"
"7014857",371856,2025-08-14 05:22:36,43.3046798706055,-8.78811359405518,"Unknown"
"7014857",371856,2025-08-14 05:27:43,43.3007698059082,-8.76245307922363,"Unknown"
"7014857",371856,2025-08-14 05:32:29,43.2934837341309,-8.73386001586914,"Unknown"
"7014857",371856,2025-08-14 05:37:39,43.2944145202637,-8.72971725463867,"Unknown"
"7014857",371856,2025-08-14 05:42:48,43.2948722839355,-8.72866630554199,"Unknown"
"7014857",371856,2025-08-14 05:48:05,43.2946357727051,-8.72852230072021,"Unknown"
"7014857",371856,2025-08-14 05:52:38,43.2947845458984,-8.72864723205566,"Unknown"
"7014857",371856,2025-08-14 05:57:29,43.2891540527344,-8.71646404266357,"Unknown"
"7014857",371856,2025-08-14 06:02:33,43.2908554077148,-8.70003318786621,"Unknown"
"7014857",371856,2025-08-14 06:07:30,43.290958404541,-8.69998645782471,"Unknown"
"7014857",371856,2025-08-14 06:12:29,43.2909965515137,-8.70001029968262,"Unknown"
"7014857",371856,2025-08-14 06:17:31,43.2911033630371,-8.70006084442139,"Unknown"
"7014857",371856,2025-08-14 06:22:39,43.2912826538086,-8.69988918304443,"Unknown"
"7014857",371856,2025-08-14 06:27:32,43.2915687561035,-8.70003986358643,"Unknown"
"7014857",371856,2025-08-14 06:32:41,43.2834815979004,-8.68379211425781,"Unknown"
"7014857",371856,2025-08-14 06:37:29,43.2750396728516,-8.65339946746826,"Unknown"
"7014857",371856,2025-08-14 06:42:29,43.2637252807617,-8.62345027923584,"Unknown"
"7014857",371856,2025-08-14 06:47:29,43.2598419189453,-8.61460876464844,"Unknown"
"7014857",371856,2025-08-14 06:52:29,43.2599258422852,-8.61456871032715,"Unknown"
"7014857",371856,2025-08-14 06:57:29,43.2599105834961,-8.61455821990967,"Unknown"
"7014857",371856,2025-08-14 07:02:33,43.2599754333496,-8.61451530456543,"Unknown"
"7014857",371856,2025-08-14 07:07:31,43.2598838806152,-8.61435127258301,"Unknown"
"7014857",371856,2025-08-14 07:12:29,43.2470207214355,-8.58366870880127,"Unknown"
"7014857",371856,2025-08-14 07:17:36,43.2476043701172,-8.57917404174805,"Unknown"
"7014857",371856,2025-08-14 07:22:34,43.2478637695312,-8.579270362854,"Unknown"
"7014857",371856,2025-08-14 07:27:33,43.2476844787598,-8.57941246032715,"Unknown"
"7014857",371856,2025-08-14 07:32:51,43.2476768493652,-8.58003997802734,"Unknown"
"7014857",371856,2025-08-14 07:37:44,43.2352485656738,-8.56039905548096,"Unknown"
"7014857",371856,2025-08-14 07:42:29,43.2183418273926,-8.55870151519775,"Unknown"
"7014857",371856,2025-08-14 07:47:44,43.2119598388672,-8.55710411071777,"Unknown"
"7014857",371856,2025-08-14 07:52:34,43.2075119018555,-8.53799629211426,"Unknown"
"7014857",371856,2025-08-14 07:57:36,43.2074203491211,-8.53773307800293,"Unknown"
"7014857",371856,2025-08-14 08:02:51,43.2074508666992,-8.53632831573486,"Unknown"
"7014857",371856,2025-08-14 08:07:48,43.2079811096191,-8.53810787200928,"Unknown"
"7014857",371856,2025-08-14 08:12:36,43.208080291748,-8.53744411468506,"Unknown"
"7014857",371856,2025-08-14 08:17:36,43.2081604003906,-8.53733921051025,"Unknown"
"7014857",371856,2025-08-14 08:22:39,43.2079124450684,-8.53747749328613,"Unknown"
"7014857",371856,2025-08-14 08:27:39,43.2081680297852,-8.53717708587646,"Unknown"
"7014857",371856,2025-08-14 08:33:29,43.2079124450684,-8.53792572021484,"Unknown"
"7014857",371856,2025-08-14 08:37:36,43.2078437805176,-8.53787899017334,"Unknown"
"7014857",371856,2025-08-14 08:43:00,43.2078247070312,-8.53726196289062,"Unknown"
"7014857",371856,2025-08-14 08:48:14,43.207347869873,-8.53752708435059,"Unknown"
"7014857",371856,2025-08-14 08:52:35,43.2079162597656,-8.53762722015381,"Unknown"
"7014857",371856,2025-08-14 08:57:38,43.2079238891602,-8.53738307952881,"Unknown"
"7014857",371856,2025-08-14 09:02:49,43.2079734802246,-8.53719806671143,"Unknown"
"7014857",371856,2025-08-14 09:07:40,43.2079658508301,-8.53714561462402,"Unknown"
"7014857",371856,2025-08-14 09:13:05,43.2078742980957,-8.53739070892334,"Unknown"
"7014857",371856,2025-08-14 09:18:01,43.2078399658203,-8.53738307952881,"Unknown"
"7014857",371856,2025-08-14 09:22:40,43.2077331542969,-8.53738307952881,"Unknown"
"7014857",371856,2025-08-14 09:27:44,43.2079124450684,-8.53763675689697,"Unknown"
"7014857",371856,2025-08-14 09:32:29,43.2074356079102,-8.538330078125,"Unknown"
"7014857",371856,2025-08-14 09:37:29,43.2074851989746,-8.53802967071533,"Unknown"
"7014857",371856,2025-08-14 09:42:49,43.2077369689941,-8.53791809082031,"Unknown"
"7014857",371856,2025-08-14 09:47:36,43.2076377868652,-8.53780746459961,"Unknown"
"7014857",371856,2025-08-14 09:52:36,43.207878112793,-8.5375280380249,"Unknown"
"7014857",371856,2025-08-14 09:57:46,43.2078323364258,-8.53742694854736,"Unknown"
"7014857",371856,2025-08-14 10:02:36,43.2078819274902,-8.53766536712646,"Unknown"
"7014857",371856,2025-08-14 10:07:30,43.2076988220215,-8.53877067565918,"Unknown"
"7014857",371856,2025-08-14 10:12:34,43.2078132629395,-8.53727722167969,"Unknown"
"7014857",371856,2025-08-14 10:17:34,43.2078437805176,-8.53760719299316,"Unknown"
"7014857",371856,2025-08-14 10:22:41,43.2094993591309,-8.53765869140625,"Unknown"
"7014857",371856,2025-08-14 10:27:39,43.2078132629395,-8.53768253326416,"Unknown"
"7014857",371856,2025-08-14 10:32:37,43.2073974609375,-8.53766345977783,"Unknown"
"7014857",371856,2025-08-14 10:37:42,43.2078552246094,-8.53767967224121,"Unknown"
"7014857",371856,2025-08-14 10:42:39,43.2078514099121,-8.53749084472656,"Unknown"
"7014857",371856,2025-08-14 10:47:38,43.2078895568848,-8.53734874725342,"Unknown"
"7014857",371856,2025-08-14 10:52:39,43.2079238891602,-8.53766822814941,"Unknown"
"7014857",371856,2025-08-14 10:57:39,43.2080307006836,-8.53725147247314,"Unknown"
"7014857",371856,2025-08-14 11:02:51,43.2079772949219,-8.53741645812988,"Unknown"
"7014857",371856,2025-08-14 11:07:36,43.2078132629395,-8.53719806671143,"Unknown"
"7014857",371856,2025-08-14 11:12:45,43.2079162597656,-8.53785037994385,"Unknown"
"7014857",371856,2025-08-14 11:17:35,43.2077713012695,-8.53762531280518,"Unknown"
"7014857",371856,2025-08-14 11:22:36,43.2078247070312,-8.53789138793945,"Unknown"
"7014857",371856,2025-08-14 11:27:34,43.207649230957,-8.53749752044678,"Unknown"
"7014857",371856,2025-08-14 11:32:44,43.2079620361328,-8.53793907165527,"Unknown"
"7014857",371856,2025-08-14 11:37:37,43.2078704833984,-8.53769016265869,"Unknown"
"7014857",371856,2025-08-14 11:42:42,43.2077751159668,-8.53788948059082,"Unknown"
"7014857",371856,2025-08-14 11:47:50,43.2077751159668,-8.53785610198975,"Unknown"
"7014857",371856,2025-08-14 11:52:37,43.2077713012695,-8.53783512115479,"Unknown"
"7014857",371856,2025-08-14 11:57:40,43.2079772949219,-8.53773403167725,"Unknown"
"7014857",371856,2025-08-14 12:02:39,43.2077255249023,-8.53747081756592,"Unknown"
"7014857",371856,2025-08-14 12:07:32,43.20849609375,-8.53982830047607,"Unknown"
"7014857",371856,2025-08-14 12:12:39,43.2078857421875,-8.53777503967285,"Unknown"
"7014857",371856,2025-08-14 12:17:42,43.207878112793,-8.53761959075928,"Unknown"
"7014857",371856,2025-08-14 12:22:36,43.2080955505371,-8.53771114349365,"Unknown"
"7014857",371856,2025-08-14 12:27:36,43.2078247070312,-8.53725337982178,"Unknown"
"7014857",371856,2025-08-14 12:32:45,43.2078895568848,-8.53761196136475,"Unknown"
"7014857",371856,2025-08-14 12:37:38,43.2078285217285,-8.53764629364014,"Unknown"
"7014857",371856,2025-08-14 12:42:36,43.2078895568848,-8.53751659393311,"Unknown"
"7014857",371856,2025-08-14 12:47:53,43.2079086303711,-8.53755950927734,"Unknown"
"7014857",371856,2025-08-14 12:52:36,43.2078857421875,-8.53751850128174,"Unknown"
"7014857",371856,2025-08-14 12:57:36,43.2081298828125,-8.53721237182617,"Unknown"
"7014857",371856,2025-08-14 13:02:35,43.2079925537109,-8.53760814666748,"Unknown"
"7014857",371856,2025-08-14 13:07:45,43.2080039978027,-8.53763961791992,"Unknown"
"7014857",371856,2025-08-14 13:12:57,43.2075653076172,-8.53841876983643,"Unknown"
"7014857",371856,2025-08-14 13:17:44,43.2079467773438,-8.53763771057129,"Unknown"
"7014857",371856,2025-08-14 13:22:50,43.2076301574707,-8.53711128234863,"Unknown"
"7014857",371856,2025-08-14 13:27:30,43.2077941894531,-8.53765487670898,"Unknown"
"7014857",371856,2025-08-14 13:33:05,43.2079315185547,-8.53767395019531,"Unknown"
"7014857",371856,2025-08-14 13:37:29,43.2079544067383,-8.53768920898438,"Unknown"
"7014857",371856,2025-08-14 13:42:29,43.2078971862793,-8.53761577606201,"Unknown"
"7014857",371856,2025-08-14 13:47:28,43.2078857421875,-8.53766250610352,"Unknown"
"7014857",371856,2025-08-14 13:52:28,43.2079658508301,-8.53756999969482,"Unknown"
"7014857",371856,2025-08-14 13:57:28,43.207893371582,-8.53759098052979,"Unknown"
"7014857",371856,2025-08-14 14:02:31,43.2078590393066,-8.5378360748291,"Unknown"
"7014857",371856,2025-08-14 14:07:32,43.2078666687012,-8.53785037994385,"Unknown"
"7014857",371856,2025-08-14 14:12:35,43.2079925537109,-8.53777503967285,"Unknown"
"7014857",371856,2025-08-14 14:17:29,43.2132949829102,-8.56038188934326,"Unknown"
"7014857",371856,2025-08-14 14:22:30,43.2232704162598,-8.60162448883057,"Unknown"
"7014857",371856,2025-08-14 14:27:29,43.2267074584961,-8.62332439422607,"Unknown"
"7014857",371856,2025-08-14 14:32:29,43.2337341308594,-8.64059638977051,"Unknown"
"7014857",371856,2025-08-14 14:37:44,43.260181427002,-8.65924453735352,"Unknown"
"7014857",371856,2025-08-14 14:42:28,43.2804832458496,-8.67947959899902,"Unknown"
"7014857",371856,2025-08-14 14:47:28,43.2945289611816,-8.71528244018555,"Unknown"
"7014857",371856,2025-08-14 14:52:28,43.2999305725098,-8.75554084777832,"Unknown"
"7014857",371856,2025-08-14 14:57:28,43.3093795776367,-8.79332542419434,"Unknown"
"7014857",371856,2025-08-14 15:02:28,43.332332611084,-8.82462882995605,"Unknown"
"7014857",371856,2025-08-14 15:07:28,43.3592224121094,-8.84949016571045,"Unknown"
"7014857",371856,2025-08-14 15:12:33,43.3598175048828,-8.84494590759277,"Unknown"
"7014857",371856,2025-08-14 15:17:32,43.3594589233398,-8.84529399871826,"Unknown"
"7014857",371856,2025-08-14 15:22:34,43.3593940734863,-8.84535121917725,"Unknown"
"7014857",371856,2025-08-14 15:27:36,43.3594093322754,-8.84549808502197,"Unknown"
"7014857",371856,2025-08-14 15:33:05,43.359302520752,-8.8452320098877,"Unknown"
"7014857",371856,2025-08-14 15:37:29,43.3592376708984,-8.84528541564941,"Unknown"
"7014857",371856,2025-08-14 15:42:29,43.3593101501465,-8.84517765045166,"Unknown"
"7014857",371856,2025-08-14 15:47:29,43.3592720031738,-8.84522247314453,"Unknown"
"7014857",371856,2025-08-14 15:52:29,43.359317779541,-8.84520816802979,"Unknown"
"7014857",371856,2025-08-14 15:57:29,43.3593254089355,-8.84519386291504,"Unknown"
"7014857",371856,2025-08-14 16:02:29,43.3592987060547,-8.84522724151611,"Unknown"
"7014857",371856,2025-08-14 16:07:29,43.359317779541,-8.84523963928223,"Unknown"
"7014857",371856,2025-08-14 16:12:29,43.3591728210449,-8.84531116485596,"Unknown"
"7014857",371856,2025-08-14 16:17:29,43.3597030639648,-8.84533977508545,"Unknown"
"7014857",371856,2025-08-14 16:22:44,43.3588600158691,-8.8470516204834,"Unknown"
"7014857",371856,2025-08-14 16:27:32,43.3588905334473,-8.84675216674805,"Unknown"
"7014857",371856,2025-08-14 16:32:56,43.3588905334473,-8.84700965881348,"Unknown"
"7014857",371856,2025-08-14 16:37:35,43.3589324951172,-8.84699535369873,"Unknown"
"7014857",371856,2025-08-14 16:42:34,43.358699798584,-8.8470573425293,"Unknown"
"7014857",371856,2025-08-14 16:47:44,43.3590049743652,-8.84658241271973,"Unknown"
"7014857",371856,2025-08-14 16:52:28,43.3589210510254,-8.84668731689453,"Unknown"
"7014857",371856,2025-08-14 16:57:33,43.3590774536133,-8.84663009643555,"Unknown"
"7014857",371856,2025-08-14 17:02:31,43.3589973449707,-8.84663009643555,"Unknown"
"7014857",371856,2025-08-14 17:07:34,43.3590927124023,-8.84658813476562,"Unknown"
"7014857",371856,2025-08-14 17:12:31,43.3588676452637,-8.84663391113281,"Unknown"
"7014857",371856,2025-08-14 17:17:29,43.3589096069336,-8.84659862518311,"Unknown"
"7014857",371856,2025-08-14 17:22:29,43.3589172363281,-8.84656810760498,"Unknown"
"7014857",371856,2025-08-14 17:27:30,43.3590087890625,-8.8467435836792,"Unknown"
"7014857",371856,2025-08-14 17:32:31,43.3590774536133,-8.84668350219727,"Unknown"
"7014857",371856,2025-08-14 17:37:30,43.3589630126953,-8.84646797180176,"Unknown"
"7014857",371856,2025-08-14 17:42:37,43.3591766357422,-8.84669208526611,"Unknown"
"7014857",371856,2025-08-14 17:47:44,43.3590621948242,-8.84653186798096,"Unknown"
"7014857",371856,2025-08-14 17:52:28,43.358772277832,-8.84634304046631,"Unknown"
"7014857",371856,2025-08-14 17:57:33,43.358959197998,-8.84649467468262,"Unknown"
"7014857",371856,2025-08-14 18:02:31,43.3594284057617,-8.84485721588135,"Unknown"
"7014857",371856,2025-08-14 18:07:29,43.3588829040527,-8.84514045715332,"Unknown"
"7014857",371856,2025-08-14 18:12:33,43.3596115112305,-8.83447647094727,"Unknown"
"7014857",371856,2025-08-14 18:17:30,43.3829307556152,-8.81727313995361,"Unknown"
"7014857",371856,2025-08-14 18:22:29,43.385856628418,-8.78511619567871,"Unknown"
"7014857",371856,2025-08-14 18:27:30,43.3861846923828,-8.76855850219727,"Unknown"
"7014857",371856,2025-08-14 18:32:44,43.3850479125977,-8.75283622741699,"Unknown"
"7014857",371856,2025-08-14 18:37:29,43.3861389160156,-8.74159717559814,"Unknown"
"7014857",371856,2025-08-14 18:42:28,43.3867988586426,-8.71797847747803,"Unknown"
"7014857",371856,2025-08-14 18:47:30,43.3874435424805,-8.70084857940674,"Unknown"
"7014857",371856,2025-08-14 18:52:30,43.3865203857422,-8.68415260314941,"Unknown"
"7014857",371856,2025-08-14 18:57:31,43.3852615356445,-8.66725635528564,"Unknown"
"7014857",371856,2025-08-14 19:02:32,43.3848609924316,-8.64999389648438,"Unknown"
"7014857",371856,2025-08-14 19:07:31,43.3863143920898,-8.63399219512939,"Unknown"
"7014857",371856,2025-08-14 19:12:35,43.3876419067383,-8.61631202697754,"Unknown"
"7014857",371856,2025-08-14 19:17:36,43.3877410888672,-8.59873104095459,"Unknown"
"7014857",371856,2025-08-14 19:22:36,43.3876914978027,-8.58190250396729,"Unknown"
"7014857",371856,2025-08-14 19:27:37,43.3877105712891,-8.56472015380859,"Unknown"
"7014857",371856,2025-08-14 19:32:45,43.3883323669434,-8.55224609375,"Unknown"
"7014857",371856,2025-08-14 19:37:36,43.3884811401367,-8.55149078369141,"Unknown"
"7014857",371856,2025-08-14 19:42:36,43.3890151977539,-8.54150390625,"Unknown"
"7014857",371856,2025-08-14 19:47:38,43.3847274780273,-8.51980209350586,"Unknown"
"7014857",371856,2025-08-14 19:52:36,43.3592681884766,-8.55035781860352,"Unknown"
"7014857",371856,2025-08-14 19:57:39,43.3433036804199,-8.58147048950195,"Unknown"
"7014857",371856,2025-08-14 20:03:05,43.3427848815918,-8.58252620697021,"Unknown"
"7014857",371856,2025-08-14 20:07:28,43.3315467834473,-8.61218547821045,"Unknown"
"7014857",371856,2025-08-14 20:12:31,43.3246574401855,-8.62876796722412,"Unknown"
"7014857",371856,2025-08-14 20:17:34,43.3280334472656,-8.62911224365234,"Unknown"
"7014857",371856,2025-08-14 20:19:48,43.3282127380371,-8.62951183319092,"Unknown"
"7014857",371856,2025-08-15 01:20:23,43.3505973815918,-8.51850605010986,"Unknown"
"7014857",371856,2025-08-15 03:49:15,43.3505706787109,-8.51831817626953,"Unknown"
"7014857",371856,2025-08-15 03:53:56,43.3504905700684,-8.51831436157227,"Unknown"
"7014857",371856,2025-08-15 03:59:00,43.3505744934082,-8.51839733123779,"Unknown"
"7014857",371856,2025-08-15 04:04:00,43.3504486083984,-8.51824378967285,"Unknown"
"7014857",371856,2025-08-15 04:09:01,43.3504257202148,-8.51823616027832,"Unknown"
"7014857",371856,2025-08-15 04:13:59,43.350269317627,-8.518385887146,"Unknown"
"7014857",371856,2025-08-15 04:19:05,43.3503150939941,-8.51793575286865,"Unknown"
"7014857",371856,2025-08-15 04:23:58,43.3502655029297,-8.51793384552002,"Unknown"
"7014857",371856,2025-08-15 04:29:10,43.3503646850586,-8.51838397979736,"Unknown"
"7014857",371856,2025-08-15 04:34:00,43.350399017334,-8.51831436157227,"Unknown"
"7014857",371856,2025-08-15 04:38:59,43.3504371643066,-8.51846218109131,"Unknown"
"7014857",371856,2025-08-15 04:44:08,43.3506813049316,-8.51833820343018,"Unknown"
"7014857",371856,2025-08-15 04:49:29,43.3505325317383,-8.51841163635254,"Unknown"
"7014857",371856,2025-08-15 04:53:56,43.3504066467285,-8.51843547821045,"Unknown"
"7014857",371856,2025-08-15 04:58:56,43.3504104614258,-8.51837730407715,"Unknown"
"7014857",371856,2025-08-15 05:03:56,43.3506240844727,-8.51855373382568,"Unknown"
"7014857",371856,2025-08-15 05:08:56,43.3505897521973,-8.5185546875,"Unknown"
"7014857",371856,2025-08-15 05:13:56,43.3504524230957,-8.51840782165527,"Unknown"
"7014857",371856,2025-08-15 05:18:57,43.3505859375,-8.51851463317871,"Unknown"
"7014857",371856,2025-08-15 05:23:59,43.3505325317383,-8.5184211730957,"Unknown"
"7014857",371856,2025-08-15 05:28:56,43.3358726501465,-8.51200485229492,"Unknown"
"7014857",371856,2025-08-15 05:33:59,43.3273086547852,-8.51209354400635,"Unknown"
"7014857",371856,2025-08-15 05:39:00,43.3271408081055,-8.51207542419434,"Unknown"
"7014857",371856,2025-08-15 05:44:01,43.3266944885254,-8.51212692260742,"Unknown"
"7014857",371856,2025-08-15 05:49:14,43.3265113830566,-8.51175117492676,"Unknown"
"7014857",371856,2025-08-15 05:54:00,43.3271827697754,-8.51175022125244,"Unknown"
"7014857",371856,2025-08-15 05:58:58,43.3271255493164,-8.51191520690918,"Unknown"
"7014857",371856,2025-08-15 06:03:58,43.3239669799805,-8.51094532012939,"Unknown"
"7014857",371856,2025-08-15 06:09:01,43.3161735534668,-8.50650596618652,"Unknown"
"7014857",371856,2025-08-15 06:14:00,43.3160247802734,-8.5064868927002,"Unknown"
"7014857",371856,2025-08-15 06:19:08,43.3160743713379,-8.50661945343018,"Unknown"
"7014857",371856,2025-08-15 06:24:04,43.3160018920898,-8.50646877288818,"Unknown"
"7014857",371856,2025-08-15 06:28:59,43.3156051635742,-8.50596618652344,"Unknown"
"7014857",371856,2025-08-15 06:33:58,43.3159484863281,-8.50630664825439,"Unknown"
"7014857",371856,2025-08-15 06:38:57,43.2946739196777,-8.49738883972168,"Unknown"
"7014857",371856,2025-08-15 06:43:57,43.2745933532715,-8.4796199798584,"Unknown"
"7014857",371856,2025-08-15 06:49:15,43.2720680236816,-8.4672327041626,"Unknown"
"7014857",371856,2025-08-15 06:54:00,43.2623901367188,-8.46030807495117,"Unknown"
"7014857",371856,2025-08-15 06:58:57,43.2475738525391,-8.47433757781982,"Unknown"
"7014857",371856,2025-08-15 07:03:56,43.2309608459473,-8.47800922393799,"Unknown"
"7014857",371856,2025-08-15 07:08:56,43.2143898010254,-8.46299076080322,"Unknown"
"7014857",371856,2025-08-15 07:13:57,43.1943511962891,-8.46465873718262,"Unknown"
"7014857",371856,2025-08-15 07:18:56,43.1794128417969,-8.47098159790039,"Unknown"
"7014857",371856,2025-08-15 07:23:56,43.1586685180664,-8.46870708465576,"Unknown"
"7014857",371856,2025-08-15 07:29:29,43.1318893432617,-8.47145175933838,"Unknown"
"7014857",371856,2025-08-15 07:33:59,43.1307373046875,-8.47220993041992,"Unknown"
"7014857",371856,2025-08-15 07:38:56,43.130500793457,-8.4722261428833,"Unknown"
"7014857",371856,2025-08-15 07:43:58,43.1300735473633,-8.47182369232178,"Unknown"
"7014857",371856,2025-08-15 07:48:59,43.1300430297852,-8.47194957733154,"Unknown"
"7014857",371856,2025-08-15 07:53:57,43.1301040649414,-8.47212982177734,"Unknown"
"7014857",371856,2025-08-15 07:59:07,43.1300354003906,-8.47216033935547,"Unknown"
"7014857",371856,2025-08-15 08:03:57,43.1301002502441,-8.47207260131836,"Unknown"
"7014857",371856,2025-08-15 08:08:59,43.133544921875,-8.47015953063965,"Unknown"
"7014857",371856,2025-08-15 08:13:58,43.1327972412109,-8.46991157531738,"Unknown"
"7014857",371856,2025-08-15 08:19:01,43.1324310302734,-8.47014999389648,"Unknown"
"7014857",371856,2025-08-15 08:24:00,43.1319351196289,-8.47023677825928,"Unknown"
"7014857",371856,2025-08-15 08:29:01,43.1322555541992,-8.46948909759521,"Unknown"
"7014857",371856,2025-08-15 08:34:01,43.1322822570801,-8.46957015991211,"Unknown"
"7014857",371856,2025-08-15 08:39:00,43.132453918457,-8.47016048431396,"Unknown"
"7014857",371856,2025-08-15 08:43:59,43.1327247619629,-8.47022247314453,"Unknown"
"7014857",371856,2025-08-15 08:48:59,43.1321601867676,-8.46991062164307,"Unknown"
"7014857",371856,2025-08-15 08:54:03,43.1325721740723,-8.4701976776123,"Unknown"
"7014857",371856,2025-08-15 08:59:06,43.132251739502,-8.47025775909424,"Unknown"
"7014857",371856,2025-08-15 09:04:07,43.1324653625488,-8.46919441223145,"Unknown"
"7014857",371856,2025-08-15 09:09:14,43.1319847106934,-8.46924877166748,"Unknown"
"7014857",371856,2025-08-15 09:14:11,43.1321258544922,-8.46999931335449,"Unknown"
"7014857",371856,2025-08-15 09:19:00,43.1321678161621,-8.4692850112915,"Unknown"
"7014857",371856,2025-08-15 09:23:57,43.1322898864746,-8.46914958953857,"Unknown"
"7014857",371856,2025-08-15 09:29:06,43.1326637268066,-8.46864795684814,"Unknown"
"7014857",371856,2025-08-15 09:33:57,43.1327438354492,-8.46859645843506,"Unknown"
"7014857",371856,2025-08-15 09:38:59,43.1305160522461,-8.47180080413818,"Unknown"
"7014857",371856,2025-08-15 09:43:58,43.1304550170898,-8.47176361083984,"Unknown"
"7014857",371856,2025-08-15 09:49:14,43.1307067871094,-8.47177886962891,"Unknown"
"7014857",371856,2025-08-15 09:54:10,43.1306037902832,-8.47167110443115,"Unknown"
"7014857",371856,2025-08-15 09:59:01,43.1304588317871,-8.47175216674805,"Unknown"
"7014857",371856,2025-08-15 10:03:58,43.1304321289062,-8.47162818908691,"Unknown"
"7014857",371856,2025-08-15 10:09:03,43.1304931640625,-8.47160816192627,"Unknown"
"7014857",371856,2025-08-15 10:14:00,43.1307716369629,-8.47164916992188,"Unknown"
"7014857",371856,2025-08-15 10:19:09,43.1304092407227,-8.47195243835449,"Unknown"
"7014857",371856,2025-08-15 10:24:07,43.1296272277832,-8.47138595581055,"Unknown"
"7014857",371856,2025-08-15 10:29:05,43.1296310424805,-8.47156810760498,"Unknown"
"7014857",371856,2025-08-15 10:34:14,43.129566192627,-8.47148704528809,"Unknown"
"7014857",371856,2025-08-15 10:39:08,43.1293907165527,-8.47154903411865,"Unknown"
"7014857",371856,2025-08-15 10:44:05,43.129524230957,-8.47150421142578,"Unknown"
"7014857",371856,2025-08-15 10:49:29,43.1295318603516,-8.47158718109131,"Unknown"
"7014857",371856,2025-08-15 10:54:01,43.1294937133789,-8.47170925140381,"Unknown"
"7014857",371856,2025-08-15 10:58:59,43.1296195983887,-8.47167873382568,"Unknown"
"7014857",371856,2025-08-15 11:04:07,43.1296615600586,-8.47182083129883,"Unknown"
"7014857",371856,2025-08-15 11:08:56,43.120246887207,-8.48146915435791,"Unknown"
"7014857",371856,2025-08-15 11:13:57,43.101749420166,-8.49832630157471,"Unknown"
"7014857",371856,2025-08-15 11:19:13,43.1006011962891,-8.49695205688477,"Unknown"
"7014857",371856,2025-08-15 11:23:58,43.1009788513184,-8.49757289886475,"Unknown"
"7014857",371856,2025-08-15 11:28:57,43.1007843017578,-8.49728488922119,"Unknown"
"7014857",371856,2025-08-15 11:33:58,43.1007423400879,-8.4970703125,"Unknown"
"7014857",371856,2025-08-15 11:38:59,43.1018943786621,-8.49461555480957,"Unknown"
"7014857",371856,2025-08-15 11:44:03,43.110954284668,-8.49210071563721,"Unknown"
"7014857",371856,2025-08-15 11:49:14,43.1296157836914,-8.47027969360352,"Unknown"
"7014857",371856,2025-08-15 11:54:01,43.129524230957,-8.47023582458496,"Unknown"
"7014857",371856,2025-08-15 11:58:59,43.1295318603516,-8.47033405303955,"Unknown"
"7014857",371856,2025-08-15 12:03:58,43.1296348571777,-8.4703893661499,"Unknown"
"7014857",371856,2025-08-15 12:08:58,43.1295852661133,-8.47036361694336,"Unknown"
"7014857",371856,2025-08-15 12:14:00,43.1297492980957,-8.47034549713135,"Unknown"
"7014857",371856,2025-08-15 12:18:59,43.1296081542969,-8.47036266326904,"Unknown"
"7014857",371856,2025-08-15 12:23:59,43.1296119689941,-8.47037124633789,"Unknown"
"7014857",371856,2025-08-15 12:28:59,43.1297645568848,-8.47049140930176,"Unknown"
"7014857",371856,2025-08-15 12:33:58,43.1299095153809,-8.47056579589844,"Unknown"
"7014857",371856,2025-08-15 12:38:57,43.129810333252,-8.47048187255859,"Unknown"
"7014857",371856,2025-08-15 12:43:58,43.1297988891602,-8.47058010101318,"Unknown"
"7014857",371856,2025-08-15 12:49:15,43.1295356750488,-8.47019863128662,"Unknown"
"7014857",371856,2025-08-15 12:53:58,43.1295738220215,-8.47019004821777,"Unknown"
"7014857",371856,2025-08-15 12:58:56,43.1295928955078,-8.47015571594238,"Unknown"
"7014857",371856,2025-08-15 13:03:56,43.1296195983887,-8.47020244598389,"Unknown"
"7014857",371856,2025-08-15 13:08:57,43.129508972168,-8.47023963928223,"Unknown"
"7014857",371856,2025-08-15 13:13:57,43.12939453125,-8.47035980224609,"Unknown"
"7014857",371856,2025-08-15 13:18:57,43.1294136047363,-8.47017288208008,"Unknown"
"7014857",371856,2025-08-15 13:23:56,43.1294479370117,-8.4703311920166,"Unknown"
"7014857",371856,2025-08-15 13:28:58,43.1294212341309,-8.47034549713135,"Unknown"
"7014857",371856,2025-08-15 13:33:59,43.1291656494141,-8.47045230865479,"Unknown"
"7014857",371856,2025-08-15 13:38:58,43.1294746398926,-8.47027969360352,"Unknown"
"7014857",371856,2025-08-15 13:43:58,43.129020690918,-8.47025680541992,"Unknown"
"7014857",371856,2025-08-15 13:49:15,43.1292266845703,-8.47029495239258,"Unknown"
"7014857",371856,2025-08-15 13:54:05,43.1287040710449,-8.47021293640137,"Unknown"
"7014857",371856,2025-08-15 13:59:00,43.1293869018555,-8.47021198272705,"Unknown"
"7014857",371856,2025-08-15 14:03:59,43.1294746398926,-8.47006320953369,"Unknown"
"7014857",371856,2025-08-15 14:09:01,43.129077911377,-8.47025203704834,"Unknown"
"7014857",371856,2025-08-15 14:14:04,43.1298561096191,-8.4702262878418,"Unknown"
"7014857",371856,2025-08-15 14:19:00,43.1294059753418,-8.46989727020264,"Unknown"
"7014857",371856,2025-08-15 14:24:03,43.129581451416,-8.47006607055664,"Unknown"
"7014857",371856,2025-08-15 14:28:59,43.1295890808105,-8.47044658660889,"Unknown"
"7014857",371856,2025-08-15 14:34:00,43.1294288635254,-8.47015285491943,"Unknown"
"7014857",371856,2025-08-15 14:39:06,43.1295013427734,-8.47027587890625,"Unknown"
"7014857",371856,2025-08-15 14:44:14,43.1294784545898,-8.47019672393799,"Unknown"
"7014857",371856,2025-08-15 14:49:14,43.1294898986816,-8.47014331817627,"Unknown"
"7014857",371856,2025-08-15 14:54:03,43.1294746398926,-8.47022819519043,"Unknown"
"7014857",371856,2025-08-15 14:58:57,43.1313591003418,-8.47060966491699,"Unknown"
"7014857",371856,2025-08-15 15:04:14,43.1325569152832,-8.46809673309326,"Unknown"
"7014857",371856,2025-08-15 15:08:59,43.1325950622559,-8.4678201675415,"Unknown"
"7014857",371856,2025-08-15 15:14:29,43.1325645446777,-8.47021293640137,"Unknown"
"7014857",371856,2025-08-15 15:19:20,43.1323547363281,-8.47016143798828,"Unknown"
"7014857",371856,2025-08-15 15:23:59,43.1326446533203,-8.46776962280273,"Unknown"
"7014857",371856,2025-08-15 15:28:57,43.1326484680176,-8.46790599822998,"Unknown"
"7014857",371856,2025-08-15 15:34:03,43.132495880127,-8.46778869628906,"Unknown"
"7014857",371856,2025-08-15 15:39:01,43.1325607299805,-8.46790027618408,"Unknown"
"7014857",371856,2025-08-15 15:44:05,43.132568359375,-8.46800708770752,"Unknown"
"7014857",371856,2025-08-15 15:49:15,43.1324729919434,-8.46791744232178,"Unknown"
"7014857",371856,2025-08-15 15:54:00,43.1324157714844,-8.46810626983643,"Unknown"
"7014857",371856,2025-08-15 15:59:03,43.1325187683105,-8.46778774261475,"Unknown"
"7014857",371856,2025-08-15 16:03:59,43.1322898864746,-8.46840858459473,"Unknown"
"7014857",371856,2025-08-15 16:09:14,43.1324806213379,-8.46791839599609,"Unknown"
"7014857",371856,2025-08-15 16:13:58,43.1322975158691,-8.4683198928833,"Unknown"
"7014857",371856,2025-08-15 16:19:00,43.1323127746582,-8.46837711334229,"Unknown"
"7014857",371856,2025-08-15 16:24:00,43.1323776245117,-8.46795749664307,"Unknown"
"7014857",371856,2025-08-15 16:29:06,43.1327095031738,-8.46775436401367,"Unknown"
"7014857",371856,2025-08-15 16:34:00,43.1324081420898,-8.46836566925049,"Unknown"
"7014857",371856,2025-08-15 16:38:59,43.1330680847168,-8.46668243408203,"Unknown"
"7014857",371856,2025-08-15 16:44:03,43.1327133178711,-8.46771621704102,"Unknown"
"7014857",371856,2025-08-15 16:49:15,43.1327018737793,-8.46777153015137,"Unknown"
"7014857",371856,2025-08-15 16:53:58,43.1324615478516,-8.46811485290527,"Unknown"
"7014857",371856,2025-08-15 16:59:00,43.1327133178711,-8.46773624420166,"Unknown"
"7014857",371856,2025-08-15 17:04:00,43.1325187683105,-8.46791648864746,"Unknown"
"7014857",371856,2025-08-15 17:09:04,43.1327667236328,-8.46770763397217,"Unknown"
"7014857",371856,2025-08-15 17:14:13,43.1326141357422,-8.46786212921143,"Unknown"
"7014857",371856,2025-08-15 17:19:00,43.1325607299805,-8.46803569793701,"Unknown"
"7014857",371856,2025-08-15 17:24:00,43.1325798034668,-8.46824741363525,"Unknown"
"7014857",371856,2025-08-15 17:29:03,43.132740020752,-8.46770286560059,"Unknown"
"7014857",371856,2025-08-15 17:34:06,43.1325340270996,-8.46764373779297,"Unknown"
"7014857",371856,2025-08-15 17:38:58,43.1326332092285,-8.46784687042236,"Unknown"
"7014857",371856,2025-08-15 17:44:29,43.1306800842285,-8.4724292755127,"Unknown"
"7014857",371856,2025-08-15 17:49:29,43.1304130554199,-8.47160053253174,"Unknown"
"7014857",371856,2025-08-15 17:53:56,43.1303291320801,-8.47175216674805,"Unknown"
"7014857",371856,2025-08-15 17:59:05,43.130199432373,-8.47191905975342,"Unknown"
"7014857",371856,2025-08-15 18:04:00,43.1301956176758,-8.47202110290527,"Unknown"
"7014857",371856,2025-08-15 18:09:01,43.1301651000977,-8.47216129302979,"Unknown"
"7014857",371856,2025-08-15 18:13:58,43.1301040649414,-8.47190570831299,"Unknown"
"7014857",371856,2025-08-15 18:18:58,43.1301612854004,-8.4719705581665,"Unknown"
"7014857",371856,2025-08-15 18:24:00,43.1304702758789,-8.47157764434814,"Unknown"
"7014857",371856,2025-08-15 18:28:58,43.1301116943359,-8.47218418121338,"Unknown"
"7014857",371856,2025-08-15 18:34:53,43.1301345825195,-8.47200298309326,"Unknown"
"7014857",371856,2025-08-15 18:38:57,43.1300926208496,-8.47214412689209,"Unknown"
"7014857",371856,2025-08-15 18:43:56,43.1405792236328,-8.48597049713135,"Unknown"
"7014857",371856,2025-08-15 18:48:56,43.1690254211426,-8.49971485137939,"Unknown"
"7014857",371856,2025-08-15 18:53:57,43.1828994750977,-8.51643180847168,"Unknown"
"7014857",371856,2025-08-15 18:58:56,43.1940460205078,-8.55176544189453,"Unknown"
"7014857",371856,2025-08-15 19:03:57,43.2076606750488,-8.58653259277344,"Unknown"
"7014857",371856,2025-08-15 19:08:56,43.2260780334473,-8.6046199798584,"Unknown"
"7014857",371856,2025-08-15 19:13:56,43.2301940917969,-8.6196346282959,"Unknown"
"7014857",371856,2025-08-15 19:18:56,43.2457084655762,-8.63572311401367,"Unknown"
"7014857",371856,2025-08-15 19:23:56,43.2712593078613,-8.66641712188721,"Unknown"
"7014857",371856,2025-08-15 19:28:56,43.2941131591797,-8.69873428344727,"Unknown"
"7014857",371856,2025-08-15 19:33:57,43.3000755310059,-8.74377059936523,"Unknown"
"7014857",371856,2025-08-15 19:38:57,43.3155937194824,-8.79087066650391,"Unknown"
"7014857",371856,2025-08-15 19:43:56,43.3406829833984,-8.82404899597168,"Unknown"
"7014857",371856,2025-08-15 19:48:59,43.3602104187012,-8.84742832183838,"Unknown"
"7014857",371856,2025-08-15 19:53:57,43.3596038818359,-8.84622478485107,"Unknown"
"7014857",371856,2025-08-15 19:59:04,43.359245300293,-8.84519577026367,"Unknown"
"7014857",371856,2025-08-15 20:04:05,43.3592376708984,-8.84519004821777,"Unknown"
"7014857",371856,2025-08-15 20:09:10,43.3592262268066,-8.84515571594238,"Unknown"
"7014857",371856,2025-08-15 20:13:57,43.359245300293,-8.84497165679932,"Unknown"
"7014857",371856,2025-08-15 20:19:10,43.3594055175781,-8.8452033996582,"Unknown"
"7014857",371856,2025-08-16 01:19:45,43.3594055175781,-8.84509181976318,"Unknown"
"7014857",371856,2025-08-16 03:51:45,43.3593368530273,-8.84518051147461,"Unknown"
"7014857",371856,2025-08-16 03:56:30,43.3593215942383,-8.84506988525391,"Unknown"
"7014857",371856,2025-08-16 04:01:30,43.3592948913574,-8.84488201141357,"Unknown"
"7014857",371856,2025-08-16 04:06:30,43.3594856262207,-8.84526538848877,"Unknown"
"7014857",371856,2025-08-16 04:11:30,43.3593559265137,-8.84509944915771,"Unknown"
"7014857",371856,2025-08-16 04:16:41,43.3592987060547,-8.8451509475708,"Unknown"
"7014857",371856,2025-08-16 04:21:28,43.3593788146973,-8.84536075592041,"Unknown"
"7014857",371856,2025-08-16 04:26:28,43.3593559265137,-8.84537982940674,"Unknown"
"7014857",371856,2025-08-16 04:31:29,43.3592948913574,-8.84519577026367,"Unknown"
"7014857",371856,2025-08-16 04:36:21,43.3596305847168,-8.84644222259521,"Unknown"
"7014857",371856,2025-08-16 04:41:23,43.3611106872559,-8.84959602355957,"Unknown"
"7014857",371856,2025-08-16 04:46:53,43.3594627380371,-8.84669208526611,"Unknown"
"7014857",371856,2025-08-16 04:51:25,43.3591575622559,-8.84663105010986,"Unknown"
"7014857",371856,2025-08-16 04:56:25,43.3593864440918,-8.8466682434082,"Unknown"
"7014857",371856,2025-08-16 05:01:21,43.3591651916504,-8.8467321395874,"Unknown"
"7014857",371856,2025-08-16 05:06:25,43.359546661377,-8.84675312042236,"Unknown"
"7014857",371856,2025-08-16 05:11:45,43.3593673706055,-8.84671592712402,"Unknown"
"7014857",371856,2025-08-16 05:16:22,43.3725318908691,-8.83767032623291,"Unknown"
"7014857",371856,2025-08-16 05:21:21,43.3713455200195,-8.79745292663574,"Unknown"
"7014857",371856,2025-08-16 05:26:21,43.3576011657715,-8.76653099060059,"Unknown"
"7014857",371856,2025-08-16 05:31:21,43.3343162536621,-8.73911380767822,"Unknown"
"7014857",371856,2025-08-16 05:36:23,43.3071899414062,-8.72015857696533,"Unknown"
"7014857",371856,2025-08-16 05:41:30,43.2916831970215,-8.69740772247314,"Unknown"
"7014857",371856,2025-08-16 05:46:50,43.2920150756836,-8.6975679397583,"Unknown"
"7014857",371856,2025-08-16 05:51:25,43.2922897338867,-8.69791793823242,"Unknown"
"7014857",371856,2025-08-16 05:56:22,43.2922859191895,-8.69791698455811,"Unknown"
"7014857",371856,2025-08-16 06:01:23,43.2921714782715,-8.69769668579102,"Unknown"
"7014857",371856,2025-08-16 06:06:24,43.2943649291992,-8.69410419464111,"Unknown"
"7014857",371856,2025-08-16 06:11:25,43.2973556518555,-8.6677942276001,"Unknown"
"7014857",371856,2025-08-16 06:16:24,43.2973747253418,-8.66785717010498,"Unknown"
"7014857",371856,2025-08-16 06:21:30,43.2973251342773,-8.66766452789307,"Unknown"
"7014857",371856,2025-08-16 06:26:22,43.2973709106445,-8.66797828674316,"Unknown"
"7014857",371856,2025-08-16 06:31:24,43.2974586486816,-8.66778469085693,"Unknown"
"7014857",371856,2025-08-16 06:36:24,43.2973327636719,-8.66755485534668,"Unknown"
"7014857",371856,2025-08-16 06:41:27,43.2973899841309,-8.66785907745361,"Unknown"
"7014857",371856,2025-08-16 06:46:44,43.2974281311035,-8.66787433624268,"Unknown"
"7014857",371856,2025-08-16 06:51:23,43.2974128723145,-8.66795349121094,"Unknown"
"7014857",371856,2025-08-16 06:56:23,43.2973175048828,-8.66796970367432,"Unknown"
"7014857",371856,2025-08-16 07:01:24,43.2973518371582,-8.6677827835083,"Unknown"
"7014857",371856,2025-08-16 07:06:23,43.2972755432129,-8.66769886016846,"Unknown"
"7014857",371856,2025-08-16 07:11:21,43.2931289672852,-8.66468334197998,"Unknown"
"7014857",371856,2025-08-16 07:16:22,43.2754096984863,-8.63075160980225,"Unknown"
"7014857",371856,2025-08-16 07:21:25,43.2605476379395,-8.61240005493164,"Unknown"
"7014857",371856,2025-08-16 07:26:22,43.2602386474609,-8.61228179931641,"Unknown"
"7014857",371856,2025-08-16 07:31:44,43.2602958679199,-8.61245250701904,"Unknown"
"7014857",371856,2025-08-16 07:36:24,43.2601661682129,-8.61306667327881,"Unknown"
"7014857",371856,2025-08-16 07:41:25,43.260009765625,-8.61255836486816,"Unknown"
"7014857",371856,2025-08-16 07:46:22,43.2594299316406,-8.61243534088135,"Unknown"
"7014857",371856,2025-08-16 07:51:25,43.2387237548828,-8.58340930938721,"Unknown"
"7014857",371856,2025-08-16 07:56:21,43.2208366394043,-8.55409049987793,"Unknown"
"7014857",371856,2025-08-16 08:01:30,43.2074394226074,-8.53829479217529,"Unknown"
"7014857",371856,2025-08-16 08:07:01,43.2082023620605,-8.53759670257568,"Unknown"
"7014857",371856,2025-08-16 08:11:27,43.2078437805176,-8.53820610046387,"Unknown"
"7014857",371856,2025-08-16 08:16:28,43.2077522277832,-8.5376672744751,"Unknown"
"7014857",371856,2025-08-16 08:21:47,43.2078742980957,-8.53775119781494,"Unknown"
"7014857",371856,2025-08-16 08:26:34,43.2077445983887,-8.53791046142578,"Unknown"
"7014857",371856,2025-08-16 08:31:40,43.2077178955078,-8.53773593902588,"Unknown"
"7014857",371856,2025-08-16 08:36:30,43.2075233459473,-8.53752994537354,"Unknown"
"7014857",371856,2025-08-16 08:41:28,43.2074508666992,-8.5376558303833,"Unknown"
"7014857",371856,2025-08-16 08:46:31,43.2073745727539,-8.5377197265625,"Unknown"
"7014857",371856,2025-08-16 08:51:44,43.2079544067383,-8.53800678253174,"Unknown"
"7014857",371856,2025-08-16 08:56:39,43.2076530456543,-8.53766059875488,"Unknown"
"7014857",371856,2025-08-16 09:01:29,43.207691192627,-8.53769397735596,"Unknown"
"7014857",371856,2025-08-16 09:07:12,43.2073020935059,-8.53753280639648,"Unknown"
"7014857",371856,2025-08-16 09:11:54,43.2075347900391,-8.53788375854492,"Unknown"
"7014857",371856,2025-08-16 09:16:27,43.2077293395996,-8.53762435913086,"Unknown"
"7014857",371856,2025-08-16 09:21:31,43.2077903747559,-8.53738403320312,"Unknown"
"7014857",371856,2025-08-16 09:26:29,43.2072525024414,-8.53777885437012,"Unknown"
"7014857",371856,2025-08-16 09:31:22,43.2033920288086,-8.52914333343506,"Unknown"
"7014857",371856,2025-08-16 09:36:21,43.1870918273926,-8.50240421295166,"Unknown"
"7014857",371856,2025-08-16 09:41:21,43.1655044555664,-8.49025917053223,"Unknown"
"7014857",371856,2025-08-16 09:46:44,43.1428680419922,-8.47643566131592,"Unknown"
"7014857",371856,2025-08-16 09:51:22,43.1303291320801,-8.47042465209961,"Unknown"
"7014857",371856,2025-08-16 09:56:25,43.1300659179688,-8.47196197509766,"Unknown"
"7014857",371856,2025-08-16 10:01:22,43.1299438476562,-8.47202682495117,"Unknown"
"7014857",371856,2025-08-16 10:06:22,43.1301383972168,-8.47226142883301,"Unknown"
"7014857",371856,2025-08-16 10:11:25,43.1300582885742,-8.47208309173584,"Unknown"
"7014857",371856,2025-08-16 10:16:23,43.1298866271973,-8.472336769104,"Unknown"
"7014857",371856,2025-08-16 10:21:25,43.1297836303711,-8.47210502624512,"Unknown"
"7014857",371856,2025-08-16 10:26:28,43.1300239562988,-8.4717378616333,"Unknown"
"7014857",371856,2025-08-16 10:31:45,43.1298561096191,-8.47220611572266,"Unknown"
"7014857",371856,2025-08-16 10:36:24,43.1298637390137,-8.47170352935791,"Unknown"
"7014857",371856,2025-08-16 10:41:30,43.1297569274902,-8.47198677062988,"Unknown"
"7014857",371856,2025-08-16 10:46:30,43.1300888061523,-8.47182178497314,"Unknown"
"7014857",371856,2025-08-16 10:51:30,43.1300735473633,-8.47179794311523,"Unknown"
"7014857",371856,2025-08-16 10:56:30,43.1302452087402,-8.47176742553711,"Unknown"
"7014857",371856,2025-08-16 11:01:30,43.1299057006836,-8.47294044494629,"Unknown"
"7014857",371856,2025-08-16 11:06:30,43.1337776184082,-8.49484252929688,"Unknown"
"7014857",371856,2025-08-16 11:11:44,43.1389694213867,-8.52803134918213,"Unknown"
"7014857",371856,2025-08-16 11:16:23,43.1405258178711,-8.52899265289307,"Unknown"
"7014857",371856,2025-08-16 11:21:27,43.1530685424805,-8.55180072784424,"Unknown"
"7014857",371856,2025-08-16 11:26:29,43.1746864318848,-8.59118938446045,"Unknown"
"7014857",371856,2025-08-16 11:31:30,43.1960716247559,-8.6276969909668,"Unknown"
"7014857",371856,2025-08-16 11:36:31,43.2056198120117,-8.63890075683594,"Unknown"
"7014857",371856,2025-08-16 11:41:21,43.2184104919434,-8.65321159362793,"Unknown"
"7014857",371856,2025-08-16 11:47:00,43.2272796630859,-8.67183017730713,"Unknown"
"7014857",371856,2025-08-16 11:51:22,43.2486991882324,-8.68864250183105,"Unknown"
"7014857",371856,2025-08-16 11:56:21,43.2741165161133,-8.70389461517334,"Unknown"
"7014857",371856,2025-08-16 12:01:22,43.2932929992676,-8.73554039001465,"Unknown"
"7014857",371856,2025-08-16 12:06:31,43.2939949035645,-8.74562072753906,"Unknown"
"7014857",371856,2025-08-16 12:11:24,43.2954864501953,-8.74538707733154,"Unknown"
"7014857",371856,2025-08-16 12:16:23,43.3006629943848,-8.77680492401123,"Unknown"
"7014857",371856,2025-08-16 12:21:21,43.3169097900391,-8.80526733398438,"Unknown"
"7014857",371856,2025-08-16 12:26:25,43.3384132385254,-8.83250141143799,"Unknown"
"7014857",371856,2025-08-16 12:31:44,43.3593292236328,-8.84507942199707,"Unknown"
"7014857",371856,2025-08-16 12:36:21,43.3593635559082,-8.84505176544189,"Unknown"
"7014857",371856,2025-08-16 12:41:21,43.3592147827148,-8.84517574310303,"Unknown"
"7014857",371856,2025-08-16 12:46:21,43.3591461181641,-8.84488391876221,"Unknown"
"7014857",371856,2025-08-16 12:51:31,43.3570709228516,-8.84542846679688,"Unknown"
"7014857",371856,2025-08-16 12:56:44,43.3572463989258,-8.84644031524658,"Unknown"
"7014857",371856,2025-08-16 13:01:22,43.356517791748,-8.8441333770752,"Unknown"
"7014857",371856,2025-08-16 13:07:45,43.3576393127441,-8.8460111618042,"Unknown"
"7014857",371856,2025-08-16 13:11:21,43.3577651977539,-8.84608173370361,"Unknown"
"7014857",371856,2025-08-16 13:16:24,43.3577575683594,-8.84616565704346,"Unknown"
"7014857",371856,2025-08-16 13:21:23,43.3576889038086,-8.84595680236816,"Unknown"
"7014857",371856,2025-08-16 13:26:22,43.3577461242676,-8.84610939025879,"Unknown"
"7014857",371856,2025-08-16 13:31:21,43.3580360412598,-8.84596347808838,"Unknown"
"7014857",371856,2025-08-16 13:36:22,43.3580780029297,-8.84590244293213,"Unknown"
"7014857",371856,2025-08-16 13:41:23,43.3578987121582,-8.84616756439209,"Unknown"
"7014857",371856,2025-08-16 13:46:27,43.3577423095703,-8.84608840942383,"Unknown"
"7014857",371856,2025-08-16 13:51:23,43.3582496643066,-8.84616661071777,"Unknown"
"7014857",371856,2025-08-16 13:56:30,43.3577537536621,-8.84615802764893,"Unknown"
"7014857",371856,2025-08-16 14:01:23,43.3578567504883,-8.8460807800293,"Unknown"
"7014857",371856,2025-08-16 14:06:30,43.3577499389648,-8.84615230560303,"Unknown"
"7014857",371856,2025-08-16 14:11:23,43.3582420349121,-8.84640979766846,"Unknown"
"7014857",371856,2025-08-16 14:16:24,43.358943939209,-8.84710788726807,"Unknown"
"7014857",371856,2025-08-16 14:21:25,43.3577194213867,-8.84610080718994,"Unknown"
"7014857",371856,2025-08-16 14:26:27,43.3578300476074,-8.84590816497803,"Unknown"
"7014857",371856,2025-08-16 14:31:30,43.3578224182129,-8.84591960906982,"Unknown"
"7014857",371856,2025-08-16 14:36:33,43.357795715332,-8.84624671936035,"Unknown"
"7014857",371856,2025-08-16 14:41:32,43.3579139709473,-8.84631633758545,"Unknown"
"7014857",371856,2025-08-16 14:46:31,43.3578948974609,-8.84617805480957,"Unknown"
"7014857",371856,2025-08-16 14:51:31,43.3578224182129,-8.84618377685547,"Unknown"
"7014857",371856,2025-08-16 14:56:31,43.3578224182129,-8.84622001647949,"Unknown"
"7014857",371856,2025-08-16 15:01:34,43.357666015625,-8.84604740142822,"Unknown"
"7014857",371856,2025-08-16 15:06:34,43.357795715332,-8.84613132476807,"Unknown"
"7014857",371856,2025-08-16 15:12:00,43.3578147888184,-8.84592819213867,"Unknown"
"7014857",371856,2025-08-16 15:16:22,43.3573532104492,-8.84711170196533,"Unknown"
"7014857",371856,2025-08-16 15:21:27,43.3571434020996,-8.8466682434082,"Unknown"
"7014857",371856,2025-08-16 15:26:24,43.3573379516602,-8.84716796875,"Unknown"
"7014857",371856,2025-08-16 15:31:24,43.3571968078613,-8.84688282012939,"Unknown"
"7014857",371856,2025-08-16 15:36:25,43.3571357727051,-8.84675121307373,"Unknown"
"7014857",371856,2025-08-16 15:41:30,43.3571739196777,-8.84679508209229,"Unknown"
"7014857",371856,2025-08-16 15:46:28,43.3573226928711,-8.84662055969238,"Unknown"
"7014857",371856,2025-08-16 15:51:30,43.3571662902832,-8.84675598144531,"Unknown"
"7014857",371856,2025-08-16 15:56:30,43.3573837280273,-8.84633636474609,"Unknown"
"7014857",371856,2025-08-16 16:02:46,43.3577537536621,-8.84588718414307,"Unknown"
"7014857",371856,2025-08-16 16:06:45,43.357837677002,-8.84599590301514,"Unknown"
"7014857",371856,2025-08-16 16:11:27,43.3579864501953,-8.84558582305908,"Unknown"
"7014857",371856,2025-08-16 16:16:25,43.3575744628906,-8.84674072265625,"Unknown"
"7014857",371856,2025-08-16 16:21:24,43.3578491210938,-8.84617519378662,"Unknown"
"7014857",371856,2025-08-16 16:26:22,43.3577461242676,-8.84635543823242,"Unknown"
"7014857",371856,2025-08-16 16:31:22,43.3578224182129,-8.84593391418457,"Unknown"
"7014857",371856,2025-08-16 16:36:23,43.3604583740234,-8.84761428833008,"Unknown"
"7014857",371856,2025-08-16 16:41:25,43.3595275878906,-8.84506797790527,"Unknown"
"7014857",371856,2025-08-16 16:46:44,43.3593597412109,-8.84519004821777,"Unknown"
"7014857",371856,2025-08-16 16:51:22,43.3593292236328,-8.84532070159912,"Unknown"
"7014857",371856,2025-08-16 16:56:22,43.3594703674316,-8.84708976745605,"Unknown"
"7014857",371856,2025-08-16 17:01:25,43.3595390319824,-8.84572124481201,"Unknown"
"7014857",371856,2025-08-16 17:06:31,43.3596343994141,-8.84602165222168,"Unknown"
"7014857",371856,2025-08-16 17:11:23,43.359447479248,-8.84660911560059,"Unknown"
"7014857",371856,2025-08-16 17:16:22,43.359317779541,-8.84505367279053,"Unknown"
"7014857",371856,2025-08-16 17:21:25,43.3593444824219,-8.84510040283203,"Unknown"
"7014857",371856,2025-08-16 17:26:23,43.3591766357422,-8.84502696990967,"Unknown"
"7014857",371856,2025-08-16 17:31:44,43.3592567443848,-8.84519958496094,"Unknown"
"7014857",371856,2025-08-16 17:36:22,43.3593597412109,-8.84521484375,"Unknown"
"7014857",371856,2025-08-16 17:41:23,43.3591766357422,-8.84504985809326,"Unknown"
"7014857",371856,2025-08-16 17:46:23,43.3591766357422,-8.8452033996582,"Unknown"
"7014857",371856,2025-08-16 17:51:25,43.3590621948242,-8.84519195556641,"Unknown"
"7014857",371856,2025-08-16 17:56:21,43.3591613769531,-8.84509086608887,"Unknown"
"7014857",371856,2025-08-16 18:01:22,43.3593673706055,-8.8453254699707,"Unknown"
"7014857",371856,2025-08-16 18:06:28,43.3592948913574,-8.84528923034668,"Unknown"
"7014857",371856,2025-08-16 18:11:27,43.3593673706055,-8.84523487091064,"Unknown"
"7014857",371856,2025-08-16 18:16:45,43.359302520752,-8.84520816802979,"Unknown"
"7014857",371856,2025-08-16 18:21:23,43.3591423034668,-8.84587383270264,"Unknown"
"7014857",371856,2025-08-16 18:26:33,43.3592796325684,-8.84518909454346,"Unknown"
"7014857",371856,2025-08-16 18:31:30,43.3592872619629,-8.84500789642334,"Unknown"
"7014857",371856,2025-08-16 18:36:30,43.3593368530273,-8.84520435333252,"Unknown"
"7014857",371856,2025-08-16 18:41:30,43.3601226806641,-8.8464298248291,"Unknown"
"7014857",371856,2025-08-16 18:46:46,43.3593101501465,-8.84503841400146,"Unknown"
"7014857",371856,2025-08-16 18:51:44,43.3593101501465,-8.84518527984619,"Unknown"
"7014857",371856,2025-08-16 18:56:25,43.3591804504395,-8.8450756072998,"Unknown"
"7014857",371856,2025-08-16 19:01:24,43.3593139648438,-8.84519290924072,"Unknown"
"7014857",371856,2025-08-16 19:06:30,43.359203338623,-8.84533786773682,"Unknown"
"7014857",371856,2025-08-16 19:11:34,43.3592338562012,-8.84538459777832,"Unknown"
"7014857",371856,2025-08-16 19:16:24,43.3594436645508,-8.84601593017578,"Unknown"
"7014857",371856,2025-08-16 19:21:53,43.3593139648438,-8.84525775909424,"Unknown"
"7014857",371856,2025-08-16 19:26:21,43.3593635559082,-8.84519577026367,"Unknown"
"7014857",371856,2025-08-16 19:31:21,43.3594436645508,-8.84525299072266,"Unknown"
"7014857",371856,2025-08-16 19:36:22,43.3594741821289,-8.84515857696533,"Unknown"
"7014857",371856,2025-08-16 19:41:21,43.3594703674316,-8.84525966644287,"Unknown"
"7014857",371856,2025-08-16 19:46:24,43.359489440918,-8.84518718719482,"Unknown"
"7014857",371856,2025-08-16 19:51:23,43.359489440918,-8.84525775909424,"Unknown"
"7014857",371856,2025-08-16 19:56:27,43.3596649169922,-8.84540939331055,"Unknown"
"7014857",371856,2025-08-16 20:01:53,43.3593406677246,-8.84531688690186,"Unknown"
"7014857",371856,2025-08-16 20:06:22,43.3593482971191,-8.84569263458252,"Unknown"
"7014857",371856,2025-08-16 20:11:21,43.3593482971191,-8.84535884857178,"Unknown"
"7014857",371856,2025-08-16 20:17:31,43.3593254089355,-8.84510612487793,"Unknown"
"7014857",371856,2025-08-17 01:18:06,43.3592529296875,-8.84514427185059,"Unknown"
"7014857",371856,2025-08-17 03:53:35,43.3593254089355,-8.84509944915771,"Unknown"
"7014857",371856,2025-08-17 03:58:02,43.3593368530273,-8.84513282775879,"Unknown"
"7014857",371856,2025-08-17 04:03:02,43.3592758178711,-8.8452320098877,"Unknown"
"7014857",371856,2025-08-17 04:08:02,43.3593254089355,-8.84515190124512,"Unknown"
"7014857",371856,2025-08-17 04:13:02,43.3593215942383,-8.84507656097412,"Unknown"
"7014857",371856,2025-08-17 04:18:02,43.359317779541,-8.8449764251709,"Unknown"
"7014857",371856,2025-08-17 04:23:02,43.3593063354492,-8.84519100189209,"Unknown"
"7014857",371856,2025-08-17 04:28:02,43.359375,-8.84508323669434,"Unknown"
"7014857",371856,2025-08-17 04:33:02,43.3593101501465,-8.84517002105713,"Unknown"
"7014857",371856,2025-08-17 04:38:02,43.3592720031738,-8.84512901306152,"Unknown"
"7014857",371856,2025-08-17 04:43:02,43.3593254089355,-8.84503746032715,"Unknown"
"7014857",371856,2025-08-17 04:48:14,43.3592681884766,-8.84508037567139,"Unknown"
"7014857",371856,2025-08-17 04:53:11,43.3593444824219,-8.84518337249756,"Unknown"
"7014857",371856,2025-08-17 04:58:08,43.3592834472656,-8.84512615203857,"Unknown"
"7014857",371856,2025-08-17 05:03:08,43.3589630126953,-8.84516525268555,"Unknown"
"7014857",371856,2025-08-17 05:08:06,43.3592681884766,-8.84511184692383,"Unknown"
"7014857",371856,2025-08-17 05:13:07,43.3591690063477,-8.84513092041016,"Unknown"
"7014857",371856,2025-08-17 05:18:04,43.3598976135254,-8.84659576416016,"Unknown"
"7014857",371856,2025-08-17 05:23:07,43.3667030334473,-8.85754680633545,"Unknown"
"7014857",371856,2025-08-17 05:28:08,43.367431640625,-8.85765075683594,"Unknown"
"7014857",371856,2025-08-17 05:33:14,43.3685035705566,-8.85609817504883,"Unknown"
"7014857",371856,2025-08-17 05:38:04,43.3641929626465,-8.85170936584473,"Unknown"
"7014857",371856,2025-08-17 05:43:04,43.3591384887695,-8.8468599319458,"Unknown"
"7014857",371856,2025-08-17 05:48:07,43.3591041564941,-8.8469352722168,"Unknown"
"7014857",371856,2025-08-17 05:53:04,43.3590049743652,-8.84680080413818,"Unknown"
"7014857",371856,2025-08-17 05:58:09,43.3590240478516,-8.8469123840332,"Unknown"
"7014857",371856,2025-08-17 06:03:07,43.3590202331543,-8.84694957733154,"Unknown"
"7014857",371856,2025-08-17 06:08:03,43.3591041564941,-8.84677314758301,"Unknown"
"7014857",371856,2025-08-17 06:13:44,43.3576927185059,-8.84588623046875,"Unknown"
"7014857",371856,2025-08-17 06:18:04,43.3562927246094,-8.8411283493042,"Unknown"
"7014857",371856,2025-08-17 06:23:06,43.3593940734863,-8.84519481658936,"Unknown"
"7014857",371856,2025-08-17 06:28:09,43.3593406677246,-8.84529972076416,"Unknown"
"7014857",371856,2025-08-17 06:33:06,43.3594818115234,-8.84540271759033,"Unknown"
"7014857",371856,2025-08-17 06:38:03,43.358097076416,-8.84549999237061,"Unknown"
"7014857",371856,2025-08-17 06:43:08,43.3579711914062,-8.84544086456299,"Unknown"
"7014857",371856,2025-08-17 06:48:14,43.3594398498535,-8.84689140319824,"Unknown"
"7014857",371856,2025-08-17 06:53:07,43.3593902587891,-8.84689807891846,"Unknown"
"7014857",371856,2025-08-17 06:58:07,43.3593521118164,-8.84684085845947,"Unknown"
"7014857",371856,2025-08-17 07:03:13,43.3593635559082,-8.84683132171631,"Unknown"
"7014857",371856,2025-08-17 07:08:03,43.3596572875977,-8.84612369537354,"Unknown"
"7014857",371856,2025-08-17 07:13:09,43.359619140625,-8.84682750701904,"Unknown"
"7014857",371856,2025-08-17 07:18:04,43.3600120544434,-8.84657001495361,"Unknown"
"7014857",371856,2025-08-17 07:23:10,43.358715057373,-8.84796047210693,"Unknown"
"7014857",371856,2025-08-17 07:28:33,43.3593292236328,-8.84702396392822,"Unknown"
"7014857",371856,2025-08-17 07:33:02,43.3595123291016,-8.84691715240479,"Unknown"
"7014857",371856,2025-08-17 07:38:02,43.3591918945312,-8.84674072265625,"Unknown"
"7014857",371856,2025-08-17 07:43:04,43.359001159668,-8.84685516357422,"Unknown"
"7014857",371856,2025-08-17 07:48:03,43.3592376708984,-8.84673023223877,"Unknown"
"7014857",371856,2025-08-17 07:53:04,43.359188079834,-8.8470630645752,"Unknown"
"7014857",371856,2025-08-17 07:58:03,43.3592681884766,-8.8469877243042,"Unknown"
"7014857",371856,2025-08-17 08:03:31,43.3591995239258,-8.84666633605957,"Unknown"
"7014857",371856,2025-08-17 08:08:03,43.3592987060547,-8.84686851501465,"Unknown"
"7014857",371856,2025-08-17 08:13:03,43.3593482971191,-8.84668350219727,"Unknown"
"7014857",371856,2025-08-17 08:18:09,43.3592834472656,-8.84680461883545,"Unknown"
"7014857",371856,2025-08-17 08:23:04,43.3593215942383,-8.84677600860596,"Unknown"
"7014857",371856,2025-08-17 08:28:03,43.3593063354492,-8.84681034088135,"Unknown"
"7014857",371856,2025-08-17 08:33:04,43.3592643737793,-8.84682083129883,"Unknown"
"7014857",371856,2025-08-17 08:38:03,43.3593368530273,-8.84671974182129,"Unknown"
"7014857",371856,2025-08-17 08:43:14,43.3579521179199,-8.846022605896,"Unknown"
"7014857",371856,2025-08-17 08:48:02,43.3576545715332,-8.84689998626709,"Unknown"
"7014857",371856,2025-08-17 08:53:04,43.3595542907715,-8.84702110290527,"Unknown"
"7014857",371856,2025-08-17 08:58:11,43.359561920166,-8.84708595275879,"Unknown"
"7014857",371856,2025-08-17 09:03:04,43.3597145080566,-8.84622669219971,"Unknown"
"7014857",371856,2025-08-17 09:08:04,43.359691619873,-8.84661483764648,"Unknown"
"7014857",371856,2025-08-17 09:13:04,43.3599510192871,-8.84637928009033,"Unknown"
"7014857",371856,2025-08-17 09:18:06,43.3599014282227,-8.84651374816895,"Unknown"
"7014857",371856,2025-08-17 09:23:07,43.3599433898926,-8.84671688079834,"Unknown"
"7014857",371856,2025-08-17 09:28:14,43.3600997924805,-8.8467845916748,"Unknown"
"7014857",371856,2025-08-17 09:33:03,43.3597755432129,-8.84685134887695,"Unknown"
"7014857",371856,2025-08-17 09:38:02,43.3595504760742,-8.84707355499268,"Unknown"
"7014857",371856,2025-08-17 09:43:03,43.3594245910645,-8.8470458984375,"Unknown"
"7014857",371856,2025-08-17 09:48:14,43.3593902587891,-8.84705448150635,"Unknown"
"7014857",371856,2025-08-17 09:53:03,43.3592491149902,-8.84692859649658,"Unknown"
"7014857",371856,2025-08-17 09:58:02,43.3594284057617,-8.84707736968994,"Unknown"
"7014857",371856,2025-08-17 10:03:04,43.3594360351562,-8.84711837768555,"Unknown"
"7014857",371856,2025-08-17 10:08:07,43.3594017028809,-8.84704399108887,"Unknown"
"7014857",371856,2025-08-17 10:13:08,43.3593597412109,-8.84695339202881,"Unknown"
"7014857",371856,2025-08-17 10:18:13,43.3594932556152,-8.847092628479,"Unknown"
"7014857",371856,2025-08-17 10:23:18,43.3593254089355,-8.84691143035889,"Unknown"
"7014857",371856,2025-08-17 10:28:06,43.3591804504395,-8.84687900543213,"Unknown"
"7014857",371856,2025-08-17 10:33:06,43.3592338562012,-8.84679794311523,"Unknown"
"7014857",371856,2025-08-17 10:39:14,43.3591690063477,-8.84692096710205,"Unknown"
"7014857",371856,2025-08-17 10:43:02,43.359260559082,-8.84650325775146,"Unknown"
"7014857",371856,2025-08-17 10:48:02,43.3592109680176,-8.84682941436768,"Unknown"
"7014857",371856,2025-08-17 10:53:04,43.3590927124023,-8.84714603424072,"Unknown"
"7014857",371856,2025-08-17 10:58:10,43.3591003417969,-8.8468713760376,"Unknown"
"7014857",371856,2025-08-17 11:03:06,43.3590850830078,-8.84674072265625,"Unknown"
"7014857",371856,2025-08-17 11:08:02,43.3592262268066,-8.84675025939941,"Unknown"
"7014857",371856,2025-08-17 11:13:06,43.3590660095215,-8.84690856933594,"Unknown"
"7014857",371856,2025-08-17 11:18:03,43.359016418457,-8.84690284729004,"Unknown"
"7014857",371856,2025-08-17 11:23:04,43.3603096008301,-8.84583568572998,"Unknown"
"7014857",371856,2025-08-17 11:28:04,43.3589744567871,-8.84562397003174,"Unknown"
"7014857",371856,2025-08-17 11:33:02,43.345890045166,-8.81028747558594,"Unknown"
"7014857",371856,2025-08-17 11:38:04,43.3100357055664,-8.79234409332275,"Unknown"
"7014857",371856,2025-08-17 11:43:04,43.3049659729004,-8.78634452819824,"Unknown"
"7014857",371856,2025-08-17 11:48:09,43.3050155639648,-8.78666019439697,"Unknown"
"7014857",371856,2025-08-17 11:53:15,43.3050003051758,-8.7864408493042,"Unknown"
"7014857",371856,2025-08-17 11:58:20,43.3049697875977,-8.78646373748779,"Unknown"
"7014857",371856,2025-08-17 12:03:35,43.3051223754883,-8.78664207458496,"Unknown"
"7014857",371856,2025-08-17 12:08:04,43.305103302002,-8.78661632537842,"Unknown"
"7014857",371856,2025-08-17 12:13:02,43.3054695129395,-8.78694534301758,"Unknown"
"7014857",371856,2025-08-17 12:18:06,43.3051795959473,-8.78629493713379,"Unknown"
"7014857",371856,2025-08-17 12:23:03,43.3055686950684,-8.78658485412598,"Unknown"
"7014857",371856,2025-08-17 12:28:03,43.3051452636719,-8.78606796264648,"Unknown"
"7014857",371856,2025-08-17 12:33:03,43.3053207397461,-8.78656387329102,"Unknown"
"7014857",371856,2025-08-17 12:38:07,43.3054008483887,-8.78636646270752,"Unknown"
"7014857",371856,2025-08-17 12:43:03,43.3056526184082,-8.7873363494873,"Unknown"
"7014857",371856,2025-08-17 12:48:14,43.3052978515625,-8.78639793395996,"Unknown"
"7014857",371856,2025-08-17 12:53:07,43.305347442627,-8.78638362884521,"Unknown"
"7014857",371856,2025-08-17 12:58:08,43.3053245544434,-8.78631210327148,"Unknown"
"7014857",371856,2025-08-17 13:03:02,43.3051147460938,-8.78616428375244,"Unknown"
"7014857",371856,2025-08-17 13:08:02,43.3050422668457,-8.78609848022461,"Unknown"
"7014857",371856,2025-08-17 13:13:02,43.3050918579102,-8.78629875183105,"Unknown"
"7014857",371856,2025-08-17 13:18:02,43.3051109313965,-8.78607845306396,"Unknown"
"7014857",371856,2025-08-17 13:23:04,43.3051071166992,-8.78621196746826,"Unknown"
"7014857",371856,2025-08-17 13:28:03,43.3039169311523,-8.78158664703369,"Unknown"
"7014857",371856,2025-08-17 13:33:03,43.2980079650879,-8.73437881469727,"Unknown"
"7014857",371856,2025-08-17 13:38:07,43.2947959899902,-8.68389701843262,"Unknown"
"7014857",371856,2025-08-17 13:43:07,43.2912216186523,-8.6713399887085,"Unknown"
"7014857",371856,2025-08-17 13:48:03,43.2804145812988,-8.64515686035156,"Unknown"
"7014857",371856,2025-08-17 13:53:10,43.2592849731445,-8.62241649627686,"Unknown"
"7014857",371856,2025-08-17 13:58:09,43.2370414733887,-8.59398937225342,"Unknown"
"7014857",371856,2025-08-17 14:03:04,43.2218894958496,-8.56942462921143,"Unknown"
"7014857",371856,2025-08-17 14:08:06,43.213005065918,-8.56356906890869,"Unknown"
"7014857",371856,2025-08-17 14:13:23,43.2073631286621,-8.53712749481201,"Unknown"
"7014857",371856,2025-08-17 14:18:09,43.2075347900391,-8.53729629516602,"Unknown"
"7014857",371856,2025-08-17 14:23:07,43.2074890136719,-8.53732681274414,"Unknown"
"7014857",371856,2025-08-17 14:28:08,43.2071380615234,-8.53769969940186,"Unknown"
"7014857",371856,2025-08-17 14:33:04,43.2073593139648,-8.53811073303223,"Unknown"
"7014857",371856,2025-08-17 14:38:02,43.2074699401855,-8.53815078735352,"Unknown"
"7014857",371856,2025-08-17 14:43:03,43.2066841125488,-8.52526664733887,"Unknown"
"7014857",371856,2025-08-17 14:48:14,43.188175201416,-8.4812536239624,"Unknown"
"7014857",371856,2025-08-17 14:53:02,43.1697273254395,-8.47025203704834,"Unknown"
"7014857",371856,2025-08-17 14:58:02,43.143798828125,-8.47671985626221,"Unknown"
"7014857",371856,2025-08-17 15:03:09,43.129711151123,-8.4697847366333,"Unknown"
"7014857",371856,2025-08-17 15:08:09,43.1303062438965,-8.47009658813477,"Unknown"
"7014857",371856,2025-08-17 15:13:07,43.1299057006836,-8.46984004974365,"Unknown"
"7014857",371856,2025-08-17 15:18:06,43.1299858093262,-8.47001552581787,"Unknown"
"7014857",371856,2025-08-17 15:23:07,43.129955291748,-8.46997833251953,"Unknown"
"7014857",371856,2025-08-17 15:28:11,43.1299438476562,-8.46986770629883,"Unknown"
"7014857",371856,2025-08-17 15:33:07,43.129940032959,-8.46993446350098,"Unknown"
"7014857",371856,2025-08-17 15:38:03,43.129825592041,-8.46998977661133,"Unknown"
"7014857",371856,2025-08-17 15:43:06,43.1298637390137,-8.47002124786377,"Unknown"
"7014857",371856,2025-08-17 15:48:35,43.129508972168,-8.47040843963623,"Unknown"
"7014857",371856,2025-08-17 15:53:04,43.1295204162598,-8.47035598754883,"Unknown"
"7014857",371856,2025-08-17 15:58:06,43.129524230957,-8.47037410736084,"Unknown"
"7014857",371856,2025-08-17 16:03:14,43.130126953125,-8.47205448150635,"Unknown"
"7014857",371856,2025-08-17 16:08:02,43.1296234130859,-8.47173023223877,"Unknown"
"7014857",371856,2025-08-17 16:13:03,43.1295547485352,-8.47183609008789,"Unknown"
"7014857",371856,2025-08-17 16:18:02,43.1295623779297,-8.47185611724854,"Unknown"
"7014857",371856,2025-08-17 16:23:03,43.1296119689941,-8.47173309326172,"Unknown"
"7014857",371856,2025-08-17 16:28:07,43.1300621032715,-8.47208213806152,"Unknown"
"7014857",371856,2025-08-17 16:33:04,43.1301345825195,-8.47203159332275,"Unknown"
"7014857",371856,2025-08-17 16:38:09,43.1302757263184,-8.47201156616211,"Unknown"
"7014857",371856,2025-08-17 16:43:04,43.13037109375,-8.47203159332275,"Unknown"
"7014857",371856,2025-08-17 16:48:44,43.1306495666504,-8.47187232971191,"Unknown"
"7014857",371856,2025-08-17 16:53:04,43.1306915283203,-8.47178649902344,"Unknown"
"7014857",371856,2025-08-17 16:58:07,43.1306991577148,-8.47177028656006,"Unknown"
"7014857",371856,2025-08-17 17:03:02,43.1307106018066,-8.47186279296875,"Unknown"
"7014857",371856,2025-08-17 17:08:03,43.1301879882812,-8.47207164764404,"Unknown"
"7014857",371856,2025-08-17 17:13:06,43.1301803588867,-8.47203159332275,"Unknown"
"7014857",371856,2025-08-17 17:18:04,43.1301307678223,-8.47188758850098,"Unknown"
"7014857",371856,2025-08-17 17:23:06,43.130069732666,-8.47177696228027,"Unknown"
"7014857",371856,2025-08-17 17:28:06,43.1301231384277,-8.47173976898193,"Unknown"
"7014857",371856,2025-08-17 17:33:06,43.1300468444824,-8.47185611724854,"Unknown"
"7014857",371856,2025-08-17 17:38:04,43.1301193237305,-8.47189712524414,"Unknown"
"7014857",371856,2025-08-17 17:43:11,43.1300926208496,-8.47191524505615,"Unknown"
"7014857",371856,2025-08-17 17:48:11,43.1301116943359,-8.47175788879395,"Unknown"
"7014857",371856,2025-08-17 17:53:03,43.1301574707031,-8.47182655334473,"Unknown"
"7014857",371856,2025-08-17 17:58:03,43.1300811767578,-8.4720983505249,"Unknown"
"7014857",371856,2025-08-17 18:03:11,43.1300811767578,-8.47195625305176,"Unknown"
"7014857",371856,2025-08-17 18:08:14,43.1300430297852,-8.47189807891846,"Unknown"
"7014857",371856,2025-08-17 18:13:03,43.1302528381348,-8.47202396392822,"Unknown"
"7014857",371856,2025-08-17 18:18:05,43.1327590942383,-8.46806812286377,"Unknown"
"7014857",371856,2025-08-17 18:23:04,43.1542930603027,-8.46530818939209,"Unknown"
"7014857",371856,2025-08-17 18:28:11,43.1736488342285,-8.44642925262451,"Unknown"
"7014857",371856,2025-08-17 18:33:06,43.1929054260254,-8.42184162139893,"Unknown"
"7014857",371856,2025-08-17 18:38:06,43.1925888061523,-8.42205047607422,"Unknown"
"7014857",371856,2025-08-17 18:43:07,43.1922340393066,-8.42185497283936,"Unknown"
"7014857",371856,2025-08-17 18:49:27,43.1933555603027,-8.4222354888916,"Unknown"
"7014857",371856,2025-08-17 18:53:35,43.1917457580566,-8.42063808441162,"Unknown"
"7014857",371856,2025-08-17 18:58:03,43.1916923522949,-8.42048454284668,"Unknown"
"7014857",371856,2025-08-17 19:03:04,43.1918716430664,-8.4204626083374,"Unknown"
"7014857",371856,2025-08-17 19:08:03,43.1916885375977,-8.42098045349121,"Unknown"
"7014857",371856,2025-08-17 19:13:03,43.1914405822754,-8.42098617553711,"Unknown"
"7014857",371856,2025-08-17 19:18:05,43.1900482177734,-8.41704940795898,"Unknown"
"7014857",371856,2025-08-17 19:23:03,43.185676574707,-8.42648696899414,"Unknown"
"7014857",371856,2025-08-17 19:28:07,43.172477722168,-8.43845653533936,"Unknown"
"7014857",371856,2025-08-17 19:33:09,43.1726684570312,-8.43858432769775,"Unknown"
"7014857",371856,2025-08-17 19:38:08,43.1727714538574,-8.43846797943115,"Unknown"
"7014857",371856,2025-08-17 19:43:08,43.1727714538574,-8.43848609924316,"Unknown"
"7014857",371856,2025-08-17 19:48:11,43.1726913452148,-8.43844032287598,"Unknown"
"7014857",371856,2025-08-17 19:53:09,43.1730117797852,-8.43877601623535,"Unknown"
"7014857",371856,2025-08-17 19:58:09,43.1724548339844,-8.43814659118652,"Unknown"
"7014857",371856,2025-08-17 20:03:09,43.172550201416,-8.43822956085205,"Unknown"
"7014857",371856,2025-08-17 20:08:09,43.1724014282227,-8.43812942504883,"Unknown"
"7014857",371856,2025-08-17 20:13:48,43.1724243164062,-8.43855571746826,"Unknown"
"7014857",371856,2025-08-18 01:14:06,43.171272277832,-8.43839550018311,"Unknown"
"7014857",371856,2025-08-18 03:54:02,43.1713104248047,-8.438232421875,"Unknown"
"7014857",371856,2025-08-18 03:59:01,43.1712989807129,-8.43826198577881,"Unknown"
"7014857",371856,2025-08-18 04:04:12,43.171314239502,-8.43827056884766,"Unknown"
"7014857",371856,2025-08-18 04:08:51,43.1713256835938,-8.43843460083008,"Unknown"
"7014857",371856,2025-08-18 04:13:51,43.1715087890625,-8.43901824951172,"Unknown"
"7014857",371856,2025-08-18 04:18:51,43.1713638305664,-8.43873691558838,"Unknown"
"7014857",371856,2025-08-18 04:24:02,43.1711921691895,-8.43920135498047,"Unknown"
"7014857",371856,2025-08-18 04:29:03,43.1713218688965,-8.43846321105957,"Unknown"
"7014857",371856,2025-08-18 04:34:04,43.1712188720703,-8.43884468078613,"Unknown"
"7014857",371856,2025-08-18 04:39:02,43.1714401245117,-8.43895530700684,"Unknown"
"7014857",371856,2025-08-18 04:43:53,43.1714668273926,-8.43887042999268,"Unknown"
"7014857",371856,2025-08-18 04:49:14,43.1712837219238,-8.43857002258301,"Unknown"
"7014857",371856,2025-08-18 04:54:00,43.1713333129883,-8.43846321105957,"Unknown"
"7014857",371856,2025-08-18 04:59:01,43.1712379455566,-8.43848037719727,"Unknown"
"7014857",371856,2025-08-18 05:04:02,43.1712646484375,-8.43838596343994,"Unknown"
"7014857",371856,2025-08-18 05:09:04,43.1712913513184,-8.43852710723877,"Unknown"
"7014857",371856,2025-08-18 05:14:03,43.1712837219238,-8.43849945068359,"Unknown"
"7014857",371856,2025-08-18 05:19:01,43.1712493896484,-8.43848609924316,"Unknown"
"7014857",371856,2025-08-18 05:24:02,43.1711463928223,-8.43846416473389,"Unknown"
"7014857",371856,2025-08-18 05:29:14,43.1707038879395,-8.43857097625732,"Unknown"
"7014857",371856,2025-08-18 05:33:49,43.1707878112793,-8.43864250183105,"Unknown"
"7014857",371856,2025-08-18 05:38:49,43.1708602905273,-8.43876171112061,"Unknown"
"7014857",371856,2025-08-18 05:44:01,43.1706771850586,-8.43854236602783,"Unknown"
"7014857",371856,2025-08-18 05:49:16,43.1707077026367,-8.43848419189453,"Unknown"
"7014857",371856,2025-08-18 05:54:23,43.1707534790039,-8.43838024139404,"Unknown"
"7014857",371856,2025-08-18 05:58:49,43.1721611022949,-8.44415092468262,"Unknown"
"7014857",371856,2025-08-18 06:03:53,43.1719932556152,-8.44444751739502,"Unknown"
"7014857",371856,2025-08-18 06:09:00,43.172004699707,-8.44433784484863,"Unknown"
"7014857",371856,2025-08-18 06:14:03,43.1719703674316,-8.44440269470215,"Unknown"
"7014857",371856,2025-08-18 06:19:01,43.1720695495605,-8.44427013397217,"Unknown"
"7014857",371856,2025-08-18 06:24:01,43.1720008850098,-8.44437313079834,"Unknown"
"7014857",371856,2025-08-18 06:29:01,43.1723747253418,-8.44421291351318,"Unknown"
"7014857",371856,2025-08-18 06:34:01,43.1720199584961,-8.44440269470215,"Unknown"
"7014857",371856,2025-08-18 06:38:53,43.1712188720703,-8.44431209564209,"Unknown"
"7014857",371856,2025-08-18 06:43:52,43.1615447998047,-8.45738506317139,"Unknown"
"7014857",371856,2025-08-18 06:49:53,43.1304969787598,-8.47105312347412,"Unknown"
"7014857",371856,2025-08-18 06:53:49,43.1305160522461,-8.47109317779541,"Unknown"
"7014857",371856,2025-08-18 06:58:54,43.1304893493652,-8.47107696533203,"Unknown"
"7014857",371856,2025-08-18 07:03:54,43.1304512023926,-8.47082710266113,"Unknown"
"7014857",371856,2025-08-18 07:08:54,43.1303329467773,-8.47197151184082,"Unknown"
"7014857",371856,2025-08-18 07:14:14,43.1303596496582,-8.47189235687256,"Unknown"
"7014857",371856,2025-08-18 07:19:23,43.1334571838379,-8.4702730178833,"Unknown"
"7014857",371856,2025-08-18 07:23:59,43.133228302002,-8.47031307220459,"Unknown"
"7014857",371856,2025-08-18 07:28:53,43.1330757141113,-8.47055435180664,"Unknown"
"7014857",371856,2025-08-18 07:33:54,43.1332817077637,-8.47028827667236,"Unknown"
"7014857",371856,2025-08-18 07:38:53,43.1331939697266,-8.47017574310303,"Unknown"
"7014857",371856,2025-08-18 07:43:54,43.1332130432129,-8.4705286026001,"Unknown"
"7014857",371856,2025-08-18 07:49:15,43.1333694458008,-8.4702091217041,"Unknown"
"7014857",371856,2025-08-18 07:53:49,43.1334075927734,-8.47002220153809,"Unknown"
"7014857",371856,2025-08-18 07:58:51,43.1323394775391,-8.46989345550537,"Unknown"
"7014857",371856,2025-08-18 08:03:49,43.1323051452637,-8.46990776062012,"Unknown"
"7014857",371856,2025-08-18 08:08:49,43.1324157714844,-8.46991348266602,"Unknown"
"7014857",371856,2025-08-18 08:13:51,43.1323585510254,-8.46981143951416,"Unknown"
"7014857",371856,2025-08-18 08:18:51,43.1325378417969,-8.4700870513916,"Unknown"
"7014857",371856,2025-08-18 08:23:50,43.1322288513184,-8.46957397460938,"Unknown"
"7014857",371856,2025-08-18 08:28:52,43.1323852539062,-8.46958923339844,"Unknown"
"7014857",371856,2025-08-18 08:33:58,43.1325149536133,-8.46945095062256,"Unknown"
"7014857",371856,2025-08-18 08:38:52,43.1325035095215,-8.46968650817871,"Unknown"
"7014857",371856,2025-08-18 08:43:52,43.1324081420898,-8.46926021575928,"Unknown"
"7014857",371856,2025-08-18 08:49:15,43.1323928833008,-8.46945285797119,"Unknown"
"7014857",371856,2025-08-18 08:54:14,43.1324424743652,-8.46989631652832,"Unknown"
"7014857",371856,2025-08-18 08:59:02,43.1325607299805,-8.46932411193848,"Unknown"
"7014857",371856,2025-08-18 09:03:52,43.1324424743652,-8.46960258483887,"Unknown"
"7014857",371856,2025-08-18 09:09:01,43.1327476501465,-8.46982192993164,"Unknown"
"7014857",371856,2025-08-18 09:14:06,43.132625579834,-8.46955871582031,"Unknown"
"7014857",371856,2025-08-18 09:19:03,43.1326103210449,-8.46933269500732,"Unknown"
"7014857",371856,2025-08-18 09:23:55,43.1327590942383,-8.46790313720703,"Unknown"
"7014857",371856,2025-08-18 09:28:56,43.1328353881836,-8.4688606262207,"Unknown"
"7014857",371856,2025-08-18 09:33:55,43.1326332092285,-8.4689884185791,"Unknown"
"7014857",371856,2025-08-18 09:39:00,43.1328430175781,-8.46991062164307,"Unknown"
"7014857",371856,2025-08-18 09:44:06,43.1325836181641,-8.46985816955566,"Unknown"
"7014857",371856,2025-08-18 09:49:23,43.1324996948242,-8.46956729888916,"Unknown"
"7014857",371856,2025-08-18 09:53:50,43.133659362793,-8.47066879272461,"Unknown"
"7014857",371856,2025-08-18 09:58:51,43.1338043212891,-8.47063541412354,"Unknown"
"7014857",371856,2025-08-18 10:03:51,43.1338653564453,-8.47065925598145,"Unknown"
"7014857",371856,2025-08-18 10:08:49,43.1335716247559,-8.47085285186768,"Unknown"
"7014857",371856,2025-08-18 10:13:49,43.1336898803711,-8.4710168838501,"Unknown"
"7014857",371856,2025-08-18 10:19:01,43.1336402893066,-8.47092628479004,"Unknown"
"7014857",371856,2025-08-18 10:24:05,43.1330261230469,-8.47014904022217,"Unknown"
"7014857",371856,2025-08-18 10:28:59,43.1330757141113,-8.4702033996582,"Unknown"
"7014857",371856,2025-08-18 10:34:07,43.1328926086426,-8.47019290924072,"Unknown"
"7014857",371856,2025-08-18 10:39:10,43.1329116821289,-8.47023582458496,"Unknown"
"7014857",371856,2025-08-18 10:43:49,43.1328125,-8.47018814086914,"Unknown"
"7014857",371856,2025-08-18 10:48:54,43.132884979248,-8.47021293640137,"Unknown"
"7014857",371856,2025-08-18 10:54:03,43.1327857971191,-8.47028732299805,"Unknown"
"7014857",371856,2025-08-18 10:58:53,43.1328163146973,-8.46997261047363,"Unknown"
"7014857",371856,2025-08-18 11:03:51,43.1328086853027,-8.47026062011719,"Unknown"
"7014857",371856,2025-08-18 11:08:51,43.1328659057617,-8.47020530700684,"Unknown"
"7014857",371856,2025-08-18 11:13:51,43.1329536437988,-8.47018909454346,"Unknown"
"7014857",371856,2025-08-18 11:18:51,43.130802154541,-8.47275924682617,"Unknown"
"7014857",371856,2025-08-18 11:23:52,43.1245346069336,-8.48088836669922,"Unknown"
"7014857",371856,2025-08-18 11:28:53,43.099910736084,-8.49715232849121,"Unknown"
"7014857",371856,2025-08-18 11:34:14,43.099910736084,-8.49728298187256,"Unknown"
"7014857",371856,2025-08-18 11:38:53,43.1001243591309,-8.49727439880371,"Unknown"
"7014857",371856,2025-08-18 11:43:53,43.0981330871582,-8.49206352233887,"Unknown"
"7014857",371856,2025-08-18 11:48:54,43.1066741943359,-8.48768711090088,"Unknown"
"7014857",371856,2025-08-18 11:54:02,43.1151008605957,-8.4915714263916,"Unknown"
"7014857",371856,2025-08-18 11:58:49,43.1138076782227,-8.49166011810303,"Unknown"
"7014857",371856,2025-08-18 12:04:02,43.1260108947754,-8.4740743637085,"Unknown"
"7014857",371856,2025-08-18 12:09:09,43.128360748291,-8.47118091583252,"Unknown"
"7014857",371856,2025-08-18 12:14:19,43.1276359558105,-8.47014045715332,"Unknown"
"7014857",371856,2025-08-18 12:18:49,43.1272888183594,-8.467453956604,"Unknown"
"7014857",371856,2025-08-18 12:23:52,43.1269340515137,-8.46726417541504,"Unknown"
"7014857",371856,2025-08-18 12:29:05,43.1292991638184,-8.46938037872314,"Unknown"
"7014857",371856,2025-08-18 12:34:14,43.129524230957,-8.46757698059082,"Unknown"
"7014857",371856,2025-08-18 12:38:50,43.131649017334,-8.4679012298584,"Unknown"
"7014857",371856,2025-08-18 12:43:52,43.129955291748,-8.46982574462891,"Unknown"
"7014857",371856,2025-08-18 12:48:49,43.1299858093262,-8.46971607208252,"Unknown"
"7014857",371856,2025-08-18 12:53:49,43.1299018859863,-8.46981048583984,"Unknown"
"7014857",371856,2025-08-18 12:58:53,43.1298904418945,-8.46985149383545,"Unknown"
"7014857",371856,2025-08-18 13:03:51,43.1298828125,-8.469557762146,"Unknown"
"7014857",371856,2025-08-18 13:08:50,43.1300582885742,-8.46985721588135,"Unknown"
"7014857",371856,2025-08-18 13:13:50,43.1299057006836,-8.47002220153809,"Unknown"
"7014857",371856,2025-08-18 13:18:49,43.1301040649414,-8.4698371887207,"Unknown"
"7014857",371856,2025-08-18 13:23:49,43.1299438476562,-8.46984767913818,"Unknown"
"7014857",371856,2025-08-18 13:28:49,43.129940032959,-8.46987247467041,"Unknown"
"7014857",371856,2025-08-18 13:34:54,43.1299209594727,-8.46998977661133,"Unknown"
"7014857",371856,2025-08-18 13:38:51,43.1299629211426,-8.46994876861572,"Unknown"
"7014857",371856,2025-08-18 13:44:01,43.1299209594727,-8.46993255615234,"Unknown"
"7014857",371856,2025-08-18 13:48:52,43.1299667358398,-8.46990299224854,"Unknown"
"7014857",371856,2025-08-18 13:54:01,43.1299133300781,-8.46987342834473,"Unknown"
"7014857",371856,2025-08-18 13:58:52,43.129955291748,-8.46989440917969,"Unknown"
"7014857",371856,2025-08-18 14:03:59,43.1299629211426,-8.47004699707031,"Unknown"
"7014857",371856,2025-08-18 14:08:51,43.1299247741699,-8.46984577178955,"Unknown"
"7014857",371856,2025-08-18 14:13:53,43.129955291748,-8.46988296508789,"Unknown"
"7014857",371856,2025-08-18 14:18:52,43.1299476623535,-8.46983528137207,"Unknown"
"7014857",371856,2025-08-18 14:24:01,43.1298980712891,-8.46984672546387,"Unknown"
"7014857",371856,2025-08-18 14:29:11,43.1294708251953,-8.47096157073975,"Unknown"
"7014857",371856,2025-08-18 14:33:54,43.1303749084473,-8.47183513641357,"Unknown"
"7014857",371856,2025-08-18 14:38:52,43.1301689147949,-8.47190284729004,"Unknown"
"7014857",371856,2025-08-18 14:43:49,43.1302795410156,-8.47190570831299,"Unknown"
"7014857",371856,2025-08-18 14:49:15,43.1295700073242,-8.47235202789307,"Unknown"
"7014857",371856,2025-08-18 14:54:03,43.1298828125,-8.47211837768555,"Unknown"
"7014857",371856,2025-08-18 14:59:00,43.1299285888672,-8.47214412689209,"Unknown"
"7014857",371856,2025-08-18 15:04:23,43.130069732666,-8.47199440002441,"Unknown"
"7014857",371856,2025-08-18 15:08:52,43.1301383972168,-8.47206211090088,"Unknown"
"7014857",371856,2025-08-18 15:13:51,43.127815246582,-8.47756195068359,"Unknown"
"7014857",371856,2025-08-18 15:18:49,43.1027793884277,-8.49464416503906,"Unknown"
"7014857",371856,2025-08-18 15:23:52,43.0996360778809,-8.49697685241699,"Unknown"
"7014857",371856,2025-08-18 15:28:53,43.099552154541,-8.49702835083008,"Unknown"
"7014857",371856,2025-08-18 15:33:52,43.0995254516602,-8.49668979644775,"Unknown"
"7014857",371856,2025-08-18 15:38:49,43.0996589660645,-8.49417686462402,"Unknown"
"7014857",371856,2025-08-18 15:43:49,43.0966873168945,-8.49169445037842,"Unknown"
"7014857",371856,2025-08-18 15:48:57,43.1084899902344,-8.48318481445312,"Unknown"
"7014857",371856,2025-08-18 15:54:11,43.1330223083496,-8.4679069519043,"Unknown"
"7014857",371856,2025-08-18 15:59:14,43.1324005126953,-8.46787643432617,"Unknown"
"7014857",371856,2025-08-18 16:03:54,43.1326332092285,-8.46817016601562,"Unknown"
"7014857",371856,2025-08-18 16:09:01,43.1327667236328,-8.46832370758057,"Unknown"
"7014857",371856,2025-08-18 16:14:14,43.1326751708984,-8.4686107635498,"Unknown"
"7014857",371856,2025-08-18 16:18:49,43.1325759887695,-8.4685754776001,"Unknown"
"7014857",371856,2025-08-18 16:24:12,43.1326751708984,-8.46860790252686,"Unknown"
"7014857",371856,2025-08-18 16:29:14,43.1326904296875,-8.468505859375,"Unknown"
"7014857",371856,2025-08-18 16:33:49,43.1326866149902,-8.46863555908203,"Unknown"
"7014857",371856,2025-08-18 16:38:53,43.1326522827148,-8.46834373474121,"Unknown"
"7014857",371856,2025-08-18 16:43:59,43.1326560974121,-8.46827602386475,"Unknown"
"7014857",371856,2025-08-18 16:49:23,43.1326370239258,-8.46841144561768,"Unknown"
"7014857",371856,2025-08-18 16:53:50,43.1326293945312,-8.46842384338379,"Unknown"
"7014857",371856,2025-08-18 16:58:49,43.1326446533203,-8.46841430664062,"Unknown"
"7014857",371856,2025-08-18 17:03:49,43.1326446533203,-8.46844863891602,"Unknown"
"7014857",371856,2025-08-18 17:08:49,43.1326599121094,-8.46840381622314,"Unknown"
"7014857",371856,2025-08-18 17:13:49,43.1326217651367,-8.46842575073242,"Unknown"
"7014857",371856,2025-08-18 17:18:49,43.1332817077637,-8.46886348724365,"Unknown"
"7014857",371856,2025-08-18 17:23:49,43.1334762573242,-8.46921730041504,"Unknown"
"7014857",371856,2025-08-18 17:28:49,43.1331405639648,-8.46974277496338,"Unknown"
"7014857",371856,2025-08-18 17:33:50,43.1301078796387,-8.47005367279053,"Unknown"
"7014857",371856,2025-08-18 17:38:50,43.1302833557129,-8.46975708007812,"Unknown"
"7014857",371856,2025-08-18 17:43:50,43.1334686279297,-8.46812057495117,"Unknown"
"7014857",371856,2025-08-18 17:48:50,43.1354141235352,-8.46961116790771,"Unknown"
"7014857",371856,2025-08-18 17:53:50,43.1446647644043,-8.47947311401367,"Unknown"
"7014857",371856,2025-08-18 17:58:50,43.1435165405273,-8.52158260345459,"Unknown"
"7014857",371856,2025-08-18 18:03:49,43.1526794433594,-8.54124355316162,"Unknown"
"7014857",371856,2025-08-18 18:08:49,43.1570129394531,-8.57470607757568,"Unknown"
"7014857",371856,2025-08-18 18:13:49,43.1629409790039,-8.59671211242676,"Unknown"
"7014857",371856,2025-08-18 18:18:50,43.1784782409668,-8.62237167358398,"Unknown"
"7014857",371856,2025-08-18 18:23:49,43.1952781677246,-8.65122127532959,"Unknown"
"7014857",371856,2025-08-18 18:28:49,43.2094230651855,-8.68395137786865,"Unknown"
"7014857",371856,2025-08-18 18:33:50,43.2268943786621,-8.70628070831299,"Unknown"
"7014857",371856,2025-08-18 18:38:49,43.2409286499023,-8.68800830841064,"Unknown"
"7014857",371856,2025-08-18 18:43:52,43.26318359375,-8.70822238922119,"Unknown"
"7014857",371856,2025-08-18 18:49:03,43.2882423400879,-8.72019863128662,"Unknown"
"7014857",371856,2025-08-18 18:53:50,43.3010101318359,-8.75443172454834,"Unknown"
"7014857",371856,2025-08-18 18:58:51,43.3152198791504,-8.78864192962646,"Unknown"
"7014857",371856,2025-08-18 19:04:00,43.3225021362305,-8.80322933197021,"Unknown"
"7014857",371856,2025-08-18 19:08:53,43.322395324707,-8.80375099182129,"Unknown"
"7014857",371856,2025-08-18 19:14:14,43.3224029541016,-8.80362701416016,"Unknown"
"7014857",371856,2025-08-18 19:18:50,43.3322944641113,-8.81531429290771,"Unknown"
"7014857",371856,2025-08-18 19:23:51,43.3548049926758,-8.835524559021,"Unknown"
"7014857",371856,2025-08-18 19:28:54,43.3554077148438,-8.83601093292236,"Unknown"
"7014857",371856,2025-08-18 19:34:06,43.3553047180176,-8.83566093444824,"Unknown"
"7014857",371856,2025-08-18 19:38:53,43.3554649353027,-8.83630657196045,"Unknown"
"7014857",371856,2025-08-18 19:43:55,43.3550987243652,-8.83538436889648,"Unknown"
"7014857",371856,2025-08-18 19:49:22,43.3553428649902,-8.8355884552002,"Unknown"
"7014857",371856,2025-08-18 19:53:50,43.3552856445312,-8.83561515808105,"Unknown"
"7014857",371856,2025-08-18 19:58:50,43.3552474975586,-8.83560466766357,"Unknown"
"7014857",371856,2025-08-18 20:03:49,43.3592987060547,-8.84659957885742,"Unknown"
"7014857",371856,2025-08-18 20:08:49,43.359302520752,-8.84493446350098,"Unknown"
"7014857",371856,2025-08-18 20:14:14,43.359302520752,-8.84512996673584,"Unknown"
"7014857",371856,2025-08-19 01:14:35,43.3593482971191,-8.84525299072266,"Unknown"
"7014857",371856,2025-08-19 03:56:31,43.3593597412109,-8.84480381011963,"Unknown"
"7014857",371856,2025-08-19 04:01:44,43.3593788146973,-8.84483242034912,"Unknown"
"7014857",371856,2025-08-19 04:06:21,43.3594627380371,-8.84489059448242,"Unknown"
"7014857",371856,2025-08-19 04:11:21,43.3593711853027,-8.84492111206055,"Unknown"
"7014857",371856,2025-08-19 04:16:23,43.3593788146973,-8.84494495391846,"Unknown"
"7014857",371856,2025-08-19 04:21:23,43.3593330383301,-8.84496593475342,"Unknown"
"7014857",371856,2025-08-19 04:26:21,43.359302520752,-8.84484767913818,"Unknown"
"7014857",371856,2025-08-19 04:31:23,43.3592109680176,-8.84492015838623,"Unknown"
"7014857",371856,2025-08-19 04:36:22,43.3590888977051,-8.84492206573486,"Unknown"
"7014857",371856,2025-08-19 04:41:22,43.3589973449707,-8.84494113922119,"Unknown"
"7014857",371856,2025-08-19 04:46:44,43.3592529296875,-8.84499835968018,"Unknown"
"7014857",371856,2025-08-19 04:51:21,43.3592872619629,-8.84504127502441,"Unknown"
"7014857",371856,2025-08-19 04:56:21,43.3592529296875,-8.84504318237305,"Unknown"
"7014857",371856,2025-08-19 05:01:22,43.3593368530273,-8.84501171112061,"Unknown"
"7014857",371856,2025-08-19 05:06:21,43.3596229553223,-8.84525012969971,"Unknown"
"7014857",371856,2025-08-19 05:11:21,43.368106842041,-8.85606098175049,"Unknown"
"7014857",371856,2025-08-19 05:16:30,43.3700752258301,-8.86346340179443,"Unknown"
"7014857",371856,2025-08-19 05:21:29,43.3694763183594,-8.86368751525879,"Unknown"
"7014857",371856,2025-08-19 05:26:21,43.3664665222168,-8.86145401000977,"Unknown"
"7014857",371856,2025-08-19 05:31:45,43.3603401184082,-8.84877395629883,"Unknown"
"7014857",371856,2025-08-19 05:36:21,43.360481262207,-8.84885692596436,"Unknown"
"7014857",371856,2025-08-19 05:41:29,43.359790802002,-8.84731578826904,"Unknown"
"7014857",371856,2025-08-19 05:46:24,43.3599243164062,-8.84788131713867,"Unknown"
"7014857",371856,2025-08-19 05:51:24,43.3602256774902,-8.84810543060303,"Unknown"
"7014857",371856,2025-08-19 05:56:29,43.3600425720215,-8.84783554077148,"Unknown"
"7014857",371856,2025-08-19 06:01:53,43.3601150512695,-8.84801578521729,"Unknown"
"7014857",371856,2025-08-19 06:06:22,43.360408782959,-8.84780311584473,"Unknown"
"7014857",371856,2025-08-19 06:11:25,43.3603630065918,-8.84777545928955,"Unknown"
"7014857",371856,2025-08-19 06:16:45,43.3602066040039,-8.84809017181396,"Unknown"
"7014857",371856,2025-08-19 06:21:42,43.3601531982422,-8.84813404083252,"Unknown"
"7014857",371856,2025-08-19 06:26:25,43.3602447509766,-8.84807777404785,"Unknown"
"7014857",371856,2025-08-19 06:31:30,43.3601531982422,-8.84818267822266,"Unknown"
"7014857",371856,2025-08-19 06:36:25,43.360221862793,-8.84814929962158,"Unknown"
"7014857",371856,2025-08-19 06:41:22,43.3602981567383,-8.84801769256592,"Unknown"
"7014857",371856,2025-08-19 06:46:46,43.3605499267578,-8.84786987304688,"Unknown"
"7014857",371856,2025-08-19 06:51:29,43.3604965209961,-8.84795379638672,"Unknown"
"7014857",371856,2025-08-19 06:56:31,43.360481262207,-8.84784889221191,"Unknown"
"7014857",371856,2025-08-19 07:01:36,43.3605194091797,-8.84797191619873,"Unknown"
"7014857",371856,2025-08-19 07:06:52,43.3602981567383,-8.84817028045654,"Unknown"
"7014857",371856,2025-08-19 07:11:24,43.3602294921875,-8.8480110168457,"Unknown"
"7014857",371856,2025-08-19 07:16:30,43.3601455688477,-8.84800720214844,"Unknown"
"7014857",371856,2025-08-19 07:21:28,43.3600463867188,-8.84799480438232,"Unknown"
"7014857",371856,2025-08-19 07:26:25,43.3601875305176,-8.84797668457031,"Unknown"
"7014857",371856,2025-08-19 07:31:45,43.3600082397461,-8.84802722930908,"Unknown"
"7014857",371856,2025-08-19 07:36:44,43.3601036071777,-8.84799575805664,"Unknown"
"7014857",371856,2025-08-19 07:41:41,43.3601837158203,-8.84802150726318,"Unknown"
"7014857",371856,2025-08-19 07:46:25,43.3603363037109,-8.84796047210693,"Unknown"
"7014857",371856,2025-08-19 07:51:22,43.3602294921875,-8.84827136993408,"Unknown"
"7014857",371856,2025-08-19 07:56:23,43.3601951599121,-8.84860801696777,"Unknown"
"7014857",371856,2025-08-19 08:01:53,43.3577766418457,-8.84591197967529,"Unknown"
"7014857",371856,2025-08-19 08:06:23,43.3591995239258,-8.84695434570312,"Unknown"
"7014857",371856,2025-08-19 08:11:33,43.3591270446777,-8.84685802459717,"Unknown"
"7014857",371856,2025-08-19 08:16:51,43.3591728210449,-8.84686183929443,"Unknown"
"7014857",371856,2025-08-19 08:21:23,43.3592071533203,-8.84693908691406,"Unknown"
"7014857",371856,2025-08-19 08:26:43,43.3591232299805,-8.8469066619873,"Unknown"
"7014857",371856,2025-08-19 08:31:21,43.3595008850098,-8.84725761413574,"Unknown"
"7014857",371856,2025-08-19 08:36:22,43.359691619873,-8.84717273712158,"Unknown"
"7014857",371856,2025-08-19 08:41:22,43.3597869873047,-8.84712982177734,"Unknown"
"7014857",371856,2025-08-19 08:46:24,43.3593063354492,-8.84710884094238,"Unknown"
"7014857",371856,2025-08-19 08:51:22,43.359806060791,-8.8475980758667,"Unknown"
"7014857",371856,2025-08-19 08:56:31,43.3597755432129,-8.84738159179688,"Unknown"
"7014857",371856,2025-08-19 09:01:28,43.3597030639648,-8.84744548797607,"Unknown"
"7014857",371856,2025-08-19 09:06:31,43.3598937988281,-8.8475513458252,"Unknown"
"7014857",371856,2025-08-19 09:11:22,43.3597526550293,-8.84746932983398,"Unknown"
"7014857",371856,2025-08-19 09:16:41,43.3599128723145,-8.84750843048096,"Unknown"
"7014857",371856,2025-08-19 09:21:23,43.360969543457,-8.84570026397705,"Unknown"
"7014857",371856,2025-08-19 09:26:25,43.3608551025391,-8.845383644104,"Unknown"
"7014857",371856,2025-08-19 09:31:21,43.3609046936035,-8.84533214569092,"Unknown"
"7014857",371856,2025-08-19 09:36:22,43.3608322143555,-8.84548282623291,"Unknown"
"7014857",371856,2025-08-19 09:41:22,43.3608703613281,-8.84537220001221,"Unknown"
"7014857",371856,2025-08-19 09:46:44,43.3608818054199,-8.84544944763184,"Unknown"
"7014857",371856,2025-08-19 09:51:21,43.360912322998,-8.84561920166016,"Unknown"
"7014857",371856,2025-08-19 09:56:24,43.36083984375,-8.84542369842529,"Unknown"
"7014857",371856,2025-08-19 10:01:28,43.3607864379883,-8.84546566009521,"Unknown"
"7014857",371856,2025-08-19 10:06:32,43.3606948852539,-8.84540939331055,"Unknown"
"7014857",371856,2025-08-19 10:11:53,43.3606643676758,-8.84539890289307,"Unknown"
"7014857",371856,2025-08-19 10:16:21,43.3607330322266,-8.84544849395752,"Unknown"
"7014857",371856,2025-08-19 10:21:22,43.3606796264648,-8.84540462493896,"Unknown"
"7014857",371856,2025-08-19 10:26:35,43.3607711791992,-8.84545993804932,"Unknown"
"7014857",371856,2025-08-19 10:31:28,43.3608093261719,-8.84560489654541,"Unknown"
"7014857",371856,2025-08-19 10:36:24,43.3606605529785,-8.8453311920166,"Unknown"
"7014857",371856,2025-08-19 10:41:26,43.3608551025391,-8.84538078308105,"Unknown"
"7014857",371856,2025-08-19 10:46:44,43.3608016967773,-8.845383644104,"Unknown"
"7014857",371856,2025-08-19 10:51:41,43.3609008789062,-8.84536838531494,"Unknown"
"7014857",371856,2025-08-19 10:57:05,43.3609962463379,-8.84540843963623,"Unknown"
"7014857",371856,2025-08-19 11:01:21,43.3614501953125,-8.84584522247314,"Unknown"
"7014857",371856,2025-08-19 11:06:23,43.3593063354492,-8.84733295440674,"Unknown"
"7014857",371856,2025-08-19 11:11:23,43.3594055175781,-8.8471622467041,"Unknown"
"7014857",371856,2025-08-19 11:16:22,43.3593368530273,-8.84797477722168,"Unknown"
"7014857",371856,2025-08-19 11:21:23,43.3572654724121,-8.84651374816895,"Unknown"
"7014857",371856,2025-08-19 11:26:22,43.3571701049805,-8.84646606445312,"Unknown"
"7014857",371856,2025-08-19 11:31:23,43.3576889038086,-8.84752464294434,"Unknown"
"7014857",371856,2025-08-19 11:36:25,43.3572235107422,-8.84666919708252,"Unknown"
"7014857",371856,2025-08-19 11:41:24,43.3573379516602,-8.8466911315918,"Unknown"
"7014857",371856,2025-08-19 11:46:44,43.3572082519531,-8.84670162200928,"Unknown"
"7014857",371856,2025-08-19 11:51:21,43.3571166992188,-8.84659957885742,"Unknown"
"7014857",371856,2025-08-19 11:56:21,43.3571929931641,-8.84673309326172,"Unknown"
"7014857",371856,2025-08-19 12:01:21,43.3573608398438,-8.84686851501465,"Unknown"
"7014857",371856,2025-08-19 12:06:22,43.3574295043945,-8.84701538085938,"Unknown"
"7014857",371856,2025-08-19 12:11:23,43.3575706481934,-8.8473482131958,"Unknown"
"7014857",371856,2025-08-19 12:16:26,43.3573265075684,-8.84673976898193,"Unknown"
"7014857",371856,2025-08-19 12:24:42,43.3573799133301,-8.84696388244629,"Unknown"
"7014857",371856,2025-08-19 12:29:43,43.3573608398438,-8.84708595275879,"Unknown"
"7014857",371856,2025-08-19 12:34:41,43.3571395874023,-8.84686756134033,"Unknown"
"7014857",371856,2025-08-19 12:39:39,43.3573150634766,-8.84683990478516,"Unknown"
"7014857",371856,2025-08-19 12:44:40,43.3571548461914,-8.84683227539062,"Unknown"
"7014857",371856,2025-08-19 12:49:38,43.3573303222656,-8.8467903137207,"Unknown"
"7014857",371856,2025-08-19 12:54:36,43.3572158813477,-8.84674644470215,"Unknown"
"7014857",371856,2025-08-19 12:59:41,43.3571853637695,-8.84666061401367,"Unknown"
"7014857",371856,2025-08-19 13:04:41,43.3573837280273,-8.84670543670654,"Unknown"
"7014857",371856,2025-08-19 13:09:38,43.3576812744141,-8.84684467315674,"Unknown"
"7014857",371856,2025-08-19 13:14:39,43.3576469421387,-8.84689903259277,"Unknown"
"7014857",371856,2025-08-19 13:19:39,43.3573608398438,-8.84664154052734,"Unknown"
"7014857",371856,2025-08-19 13:24:39,43.3576507568359,-8.84683704376221,"Unknown"
"7014857",371856,2025-08-19 13:29:39,43.3569984436035,-8.84634685516357,"Unknown"
"7014857",371856,2025-08-19 13:34:37,43.3573036193848,-8.84662437438965,"Unknown"
"7014857",371856,2025-08-19 13:39:37,43.3569107055664,-8.84628391265869,"Unknown"
"7014857",371856,2025-08-19 13:44:38,43.3572387695312,-8.84655380249023,"Unknown"
"7014857",371856,2025-08-19 13:50:06,43.3571853637695,-8.84687995910645,"Unknown"
"7014857",371856,2025-08-19 13:54:39,43.3567886352539,-8.84646892547607,"Unknown"
"7014857",371856,2025-08-19 13:59:57,43.356876373291,-8.84629821777344,"Unknown"
"7014857",371856,2025-08-19 14:04:37,43.3571319580078,-8.84729290008545,"Unknown"
"7014857",371856,2025-08-19 14:09:39,43.3570785522461,-8.84671020507812,"Unknown"
"7014857",371856,2025-08-19 14:14:37,43.357234954834,-8.846604347229,"Unknown"
"7014857",371856,2025-08-19 14:19:36,43.357177734375,-8.84714794158936,"Unknown"
"7014857",371856,2025-08-19 14:24:37,43.3572273254395,-8.84727096557617,"Unknown"
"7014857",371856,2025-08-19 14:29:38,43.3571853637695,-8.84691524505615,"Unknown"
"7014857",371856,2025-08-19 14:34:44,43.3572235107422,-8.84687995910645,"Unknown"
"7014857",371856,2025-08-19 14:39:38,43.3573799133301,-8.84642219543457,"Unknown"
"7014857",371856,2025-08-19 14:44:39,43.3572731018066,-8.84674072265625,"Unknown"
"7014857",371856,2025-08-19 14:49:38,43.3570365905762,-8.84692668914795,"Unknown"
"7014857",371856,2025-08-19 14:55:05,43.3571815490723,-8.84677219390869,"Unknown"
"7014857",371856,2025-08-19 14:59:37,43.3573112487793,-8.84669399261475,"Unknown"
"7014857",371856,2025-08-19 15:04:37,43.357307434082,-8.84663486480713,"Unknown"
"7014857",371856,2025-08-19 15:09:37,43.3572387695312,-8.84669399261475,"Unknown"
"7014857",371856,2025-08-19 15:14:36,43.3574066162109,-8.84670352935791,"Unknown"
"7014857",371856,2025-08-19 15:19:36,43.3571853637695,-8.84686851501465,"Unknown"
"7014857",371856,2025-08-19 15:24:38,43.3571243286133,-8.84689807891846,"Unknown"
"7014857",371856,2025-08-19 15:29:37,43.3572158813477,-8.84676742553711,"Unknown"
"7014857",371856,2025-08-19 15:35:05,43.3574028015137,-8.846755027771,"Unknown"
"7014857",371856,2025-08-19 15:39:45,43.3574066162109,-8.8469123840332,"Unknown"
"7014857",371856,2025-08-19 15:44:37,43.3574295043945,-8.84683799743652,"Unknown"
"7014857",371856,2025-08-19 15:49:34,43.3573150634766,-8.84684944152832,"Unknown"
"7014857",371856,2025-08-19 15:54:36,43.3573188781738,-8.84687614440918,"Unknown"
"7014857",371856,2025-08-19 15:59:34,43.3573608398438,-8.84679412841797,"Unknown"
"7014857",371856,2025-08-19 16:04:34,43.3572578430176,-8.84677124023438,"Unknown"
"7014857",371856,2025-08-19 16:09:36,43.3573226928711,-8.84682369232178,"Unknown"
"7014857",371856,2025-08-19 16:14:36,43.3573265075684,-8.846848487854,"Unknown"
"7014857",371856,2025-08-19 16:19:36,43.3573455810547,-8.84675693511963,"Unknown"
"7014857",371856,2025-08-19 16:24:36,43.3575325012207,-8.84683895111084,"Unknown"
"7014857",371856,2025-08-19 16:29:37,43.3573837280273,-8.84697151184082,"Unknown"
"7014857",371856,2025-08-19 16:34:38,43.3573265075684,-8.84672737121582,"Unknown"
"7014857",371856,2025-08-19 16:39:36,43.3572883605957,-8.84670543670654,"Unknown"
"7014857",371856,2025-08-19 16:44:38,43.357349395752,-8.84691619873047,"Unknown"
"7014857",371856,2025-08-19 16:49:38,43.3571929931641,-8.84693813323975,"Unknown"
"7014857",371856,2025-08-19 16:54:42,43.357120513916,-8.84706020355225,"Unknown"
"7014857",371856,2025-08-19 16:59:38,43.3570899963379,-8.84687232971191,"Unknown"
"7014857",371856,2025-08-19 17:04:38,43.3571662902832,-8.84701919555664,"Unknown"
"7014857",371856,2025-08-19 17:09:36,43.3571319580078,-8.8469820022583,"Unknown"
"7014857",371856,2025-08-19 17:14:38,43.3570785522461,-8.84704208374023,"Unknown"
"7014857",371856,2025-08-19 17:19:54,43.3572959899902,-8.8470630645752,"Unknown"
"7014857",371856,2025-08-19 17:24:40,43.3570785522461,-8.84696960449219,"Unknown"
"7014857",371856,2025-08-19 17:29:41,43.3571891784668,-8.84686183929443,"Unknown"
"7014857",371856,2025-08-19 17:34:40,43.3573379516602,-8.84708881378174,"Unknown"
"7014857",371856,2025-08-19 17:39:39,43.3575019836426,-8.84704303741455,"Unknown"
"7014857",371856,2025-08-19 17:44:40,43.3572959899902,-8.84711837768555,"Unknown"
"7014857",371856,2025-08-19 17:49:36,43.3572578430176,-8.84705066680908,"Unknown"
"7014857",371856,2025-08-19 17:54:39,43.3571472167969,-8.84703159332275,"Unknown"
"7014857",371856,2025-08-19 17:59:44,43.3571968078613,-8.84704685211182,"Unknown"
"7014857",371856,2025-08-19 18:05:13,43.3573760986328,-8.84674263000488,"Unknown"
"7014857",371856,2025-08-19 18:09:35,43.3572273254395,-8.84667778015137,"Unknown"
"7014857",371856,2025-08-19 18:14:35,43.357307434082,-8.84679126739502,"Unknown"
"7014857",371856,2025-08-19 18:19:37,43.3573951721191,-8.84668350219727,"Unknown"
"7014857",371856,2025-08-19 18:24:40,43.3575553894043,-8.84664916992188,"Unknown"
"7014857",371856,2025-08-19 18:29:41,43.3574562072754,-8.84655380249023,"Unknown"
"7014857",371856,2025-08-19 18:34:39,43.3573837280273,-8.84634494781494,"Unknown"
"7014857",371856,2025-08-19 18:39:43,43.3575057983398,-8.84660530090332,"Unknown"
"7014857",371856,2025-08-19 18:44:39,43.3572425842285,-8.84544086456299,"Unknown"
"7014857",371856,2025-08-19 18:50:05,43.3573608398438,-8.84655666351318,"Unknown"
"7014857",371856,2025-08-19 18:54:35,43.3573799133301,-8.84655570983887,"Unknown"
"7014857",371856,2025-08-19 18:59:35,43.3572998046875,-8.84648895263672,"Unknown"
"7014857",371856,2025-08-19 19:04:35,43.3573837280273,-8.84641265869141,"Unknown"
"7014857",371856,2025-08-19 19:09:35,43.3573760986328,-8.84640693664551,"Unknown"
"7014857",371856,2025-08-19 19:14:35,43.3574066162109,-8.84642124176025,"Unknown"
"7014857",371856,2025-08-19 19:19:38,43.3574180603027,-8.84629249572754,"Unknown"
"7014857",371856,2025-08-19 19:24:35,43.3572387695312,-8.84632968902588,"Unknown"
"7014857",371856,2025-08-19 19:29:35,43.3573989868164,-8.84635162353516,"Unknown"
"7014857",371856,2025-08-19 19:34:35,43.3574676513672,-8.84637069702148,"Unknown"
"7014857",371856,2025-08-19 19:39:43,43.357364654541,-8.84628105163574,"Unknown"
"7014857",371856,2025-08-19 19:44:36,43.3597946166992,-8.84769630432129,"Unknown"
"7014857",371856,2025-08-19 19:49:50,43.3610801696777,-8.84866809844971,"Unknown"
"7014857",371856,2025-08-19 19:54:37,43.3610763549805,-8.84854984283447,"Unknown"
"7014857",371856,2025-08-19 19:59:35,43.3634452819824,-8.84281253814697,"Unknown"
"7014857",371856,2025-08-19 20:05:06,43.3626327514648,-8.84228038787842,"Unknown"
"7014857",371856,2025-08-19 20:09:37,43.3627967834473,-8.84233379364014,"Unknown"
"7014857",371856,2025-08-19 20:12:41,43.3626136779785,-8.84225177764893,"Unknown"
"7014857",371856,2025-08-20 01:13:00,43.3525619506836,-8.85742855072021,"Unknown"
"7014857",371856,2025-08-20 03:58:15,43.3668785095215,-8.78033447265625,"Unknown"
"7014857",371856,2025-08-20 04:02:53,43.367618560791,-8.78018760681152,"Unknown"
"7014857",371856,2025-08-20 04:07:52,43.3679046630859,-8.77889633178711,"Unknown"
"7014857",371856,2025-08-20 04:12:52,43.3677673339844,-8.77587032318115,"Unknown"
"7014857",371856,2025-08-20 04:17:55,43.3687324523926,-8.77651309967041,"Unknown"
"7014857",371856,2025-08-20 04:22:50,43.3691558837891,-8.77563285827637,"Unknown"
"7014857",371856,2025-08-20 04:27:49,43.3695068359375,-8.77471446990967,"Unknown"
"7014857",371856,2025-08-20 04:32:51,43.369571685791,-8.7732458114624,"Unknown"
"7014857",371856,2025-08-20 04:37:52,43.3697814941406,-8.77220726013184,"Unknown"
"7014857",371856,2025-08-20 04:42:51,43.369441986084,-8.77049446105957,"Unknown"
"7014857",371856,2025-08-20 04:48:15,43.3691864013672,-8.76906681060791,"Unknown"
"7014857",371856,2025-08-20 04:52:52,43.3691177368164,-8.76815795898438,"Unknown"
"7014857",371856,2025-08-20 04:57:48,43.3671264648438,-8.7677698135376,"Unknown"
"7014857",371856,2025-08-20 05:02:48,43.3464126586914,-8.77253341674805,"Unknown"
"7014857",371856,2025-08-20 05:07:48,43.3286933898926,-8.79013538360596,"Unknown"
"7014857",371856,2025-08-20 05:12:52,43.3231925964355,-8.79607486724854,"Unknown"
"7014857",371856,2025-08-20 05:17:53,43.3230857849121,-8.80612468719482,"Unknown"
"7014857",371856,2025-08-20 05:22:53,43.3229904174805,-8.80608177185059,"Unknown"
"7014857",371856,2025-08-20 05:28:09,43.3229484558105,-8.80605411529541,"Unknown"
"7014857",371856,2025-08-20 05:32:51,43.3220176696777,-8.79590797424316,"Unknown"
"7014857",371856,2025-08-20 05:37:52,43.3222846984863,-8.79599952697754,"Unknown"
"7014857",371856,2025-08-20 05:42:53,43.32275390625,-8.79551315307617,"Unknown"
"7014857",371856,2025-08-20 05:48:44,43.323112487793,-8.79545879364014,"Unknown"
"7014857",371856,2025-08-20 05:52:54,43.323371887207,-8.79569435119629,"Unknown"
"7014857",371856,2025-08-20 05:57:50,43.3238868713379,-8.79592990875244,"Unknown"
"7014857",371856,2025-08-20 06:02:59,43.3130912780762,-8.79626846313477,"Unknown"
"7014857",371856,2025-08-20 06:08:01,43.3019905090332,-8.75820255279541,"Unknown"
"7014857",371856,2025-08-20 06:13:15,43.2939414978027,-8.74592590332031,"Unknown"
"7014857",371856,2025-08-20 06:17:48,43.2951049804688,-8.74589824676514,"Unknown"
"7014857",371856,2025-08-20 06:22:52,43.2940216064453,-8.74652576446533,"Unknown"
"7014857",371856,2025-08-20 06:28:02,43.2939834594727,-8.74763965606689,"Unknown"
"7014857",371856,2025-08-20 06:32:48,43.2974433898926,-8.75175666809082,"Unknown"
"7014857",371856,2025-08-20 06:37:55,43.2974052429199,-8.75172519683838,"Unknown"
"7014857",371856,2025-08-20 06:42:48,43.2973899841309,-8.75254249572754,"Unknown"
"7014857",371856,2025-08-20 06:48:14,43.2973327636719,-8.75253105163574,"Unknown"
"7014857",371856,2025-08-20 06:53:05,43.2974090576172,-8.75296592712402,"Unknown"
"7014857",371856,2025-08-20 06:57:55,43.2973480224609,-8.75223255157471,"Unknown"
"7014857",371856,2025-08-20 07:03:14,43.2973747253418,-8.75248432159424,"Unknown"
"7014857",371856,2025-08-20 07:07:49,43.2974128723145,-8.75228691101074,"Unknown"
"7014857",371856,2025-08-20 07:12:55,43.2974052429199,-8.75255298614502,"Unknown"
"7014857",371856,2025-08-20 07:17:50,43.2974090576172,-8.75247764587402,"Unknown"
"7014857",371856,2025-08-20 07:22:52,43.2973976135254,-8.75252723693848,"Unknown"
"7014857",371856,2025-08-20 07:27:47,43.2971420288086,-8.75265789031982,"Unknown"
"7014857",371856,2025-08-20 07:32:48,43.2972564697266,-8.75250053405762,"Unknown"
"7014857",371856,2025-08-20 07:37:50,43.2973823547363,-8.75246906280518,"Unknown"
"7014857",371856,2025-08-20 07:42:51,43.2972755432129,-8.75271320343018,"Unknown"
"7014857",371856,2025-08-20 07:48:15,43.2972412109375,-8.75238513946533,"Unknown"
"7014857",371856,2025-08-20 07:52:55,43.2971382141113,-8.75239849090576,"Unknown"
"7014857",371856,2025-08-20 07:58:15,43.297306060791,-8.75266361236572,"Unknown"
"7014857",371856,2025-08-20 08:03:13,43.297248840332,-8.75260925292969,"Unknown"
"7014857",371856,2025-08-20 08:07:56,43.297306060791,-8.75264549255371,"Unknown"
"7014857",371856,2025-08-20 08:13:00,43.2973403930664,-8.75266075134277,"Unknown"
"7014857",371856,2025-08-20 08:17:52,43.2973365783691,-8.75261402130127,"Unknown"
"7014857",371856,2025-08-20 08:22:52,43.2973213195801,-8.75249290466309,"Unknown"
"7014857",371856,2025-08-20 08:28:03,43.2972946166992,-8.75250434875488,"Unknown"
"7014857",371856,2025-08-20 08:33:23,43.297233581543,-8.75258922576904,"Unknown"
"7014857",371856,2025-08-20 08:37:48,43.2972526550293,-8.75260829925537,"Unknown"
"7014857",371856,2025-08-20 08:42:48,43.2972106933594,-8.75269889831543,"Unknown"
"7014857",371856,2025-08-20 08:47:48,43.2971420288086,-8.75264263153076,"Unknown"
"7014857",371856,2025-08-20 08:52:47,43.2972793579102,-8.7526273727417,"Unknown"
"7014857",371856,2025-08-20 08:57:49,43.2973861694336,-8.75259876251221,"Unknown"
"7014857",371856,2025-08-20 09:02:48,43.2973136901855,-8.75263118743896,"Unknown"
"7014857",371856,2025-08-20 09:07:48,43.2975044250488,-8.75261974334717,"Unknown"
"7014857",371856,2025-08-20 09:12:50,43.2974243164062,-8.75262832641602,"Unknown"
"7014857",371856,2025-08-20 09:17:47,43.2974815368652,-8.75259113311768,"Unknown"
"7014857",371856,2025-08-20 09:22:47,43.2974853515625,-8.75263690948486,"Unknown"
"7014857",371856,2025-08-20 09:27:47,43.2974510192871,-8.75261688232422,"Unknown"
"7014857",371856,2025-08-20 09:32:51,43.2974052429199,-8.75267696380615,"Unknown"
"7014857",371856,2025-08-20 09:37:49,43.2974052429199,-8.75268173217773,"Unknown"
"7014857",371856,2025-08-20 09:42:50,43.2973518371582,-8.75267791748047,"Unknown"
"7014857",371856,2025-08-20 09:48:02,43.2973861694336,-8.7526969909668,"Unknown"
"7014857",371856,2025-08-20 09:52:50,43.2974510192871,-8.7528715133667,"Unknown"
"7014857",371856,2025-08-20 09:57:56,43.297477722168,-8.75281047821045,"Unknown"
"7014857",371856,2025-08-20 10:03:01,43.2973976135254,-8.75282382965088,"Unknown"
"7014857",371856,2025-08-20 10:07:47,43.2978401184082,-8.75397491455078,"Unknown"
"7014857",371856,2025-08-20 10:12:49,43.2973785400391,-8.75276851654053,"Unknown"
"7014857",371856,2025-08-20 10:17:54,43.2973747253418,-8.75270652770996,"Unknown"
"7014857",371856,2025-08-20 10:23:13,43.2973594665527,-8.75271606445312,"Unknown"
"7014857",371856,2025-08-20 10:27:48,43.2972717285156,-8.75269603729248,"Unknown"
"7014857",371856,2025-08-20 10:32:48,43.2973480224609,-8.75262355804443,"Unknown"
"7014857",371856,2025-08-20 10:37:48,43.2974281311035,-8.7528018951416,"Unknown"
"7014857",371856,2025-08-20 10:42:49,43.2976455688477,-8.753005027771,"Unknown"
"7014857",371856,2025-08-20 10:48:15,43.2973747253418,-8.7527961730957,"Unknown"
"7014857",371856,2025-08-20 10:53:00,43.2973937988281,-8.7528133392334,"Unknown"
"7014857",371856,2025-08-20 10:58:07,43.2974166870117,-8.75283622741699,"Unknown"
"7014857",371856,2025-08-20 11:03:11,43.2973670959473,-8.7528076171875,"Unknown"
"7014857",371856,2025-08-20 11:08:15,43.2961273193359,-8.75494861602783,"Unknown"
"7014857",371856,2025-08-20 11:12:55,43.2961120605469,-8.75490093231201,"Unknown"
"7014857",371856,2025-08-20 11:18:01,43.2962112426758,-8.75475883483887,"Unknown"
"7014857",371856,2025-08-20 11:23:07,43.2961082458496,-8.75479793548584,"Unknown"
"7014857",371856,2025-08-20 11:28:11,43.2960929870605,-8.75484085083008,"Unknown"
"7014857",371856,2025-08-20 11:32:51,43.2960014343262,-8.75453758239746,"Unknown"
"7014857",371856,2025-08-20 11:38:14,43.2962989807129,-8.7547025680542,"Unknown"
"7014857",371856,2025-08-20 11:43:03,43.2961120605469,-8.75485706329346,"Unknown"
"7014857",371856,2025-08-20 11:49:12,43.2961540222168,-8.75488662719727,"Unknown"
"7014857",371856,2025-08-20 11:53:09,43.2961654663086,-8.75489139556885,"Unknown"
"7014857",371856,2025-08-20 11:57:51,43.2961616516113,-8.75498199462891,"Unknown"
"7014857",371856,2025-08-20 12:02:52,43.2959518432617,-8.75515365600586,"Unknown"
"7014857",371856,2025-08-20 12:07:52,43.2959022521973,-8.75484943389893,"Unknown"
"7014857",371856,2025-08-20 12:12:49,43.2965850830078,-8.7557897567749,"Unknown"
"7014857",371856,2025-08-20 12:17:50,43.2964286804199,-8.75581741333008,"Unknown"
"7014857",371856,2025-08-20 12:26:04,43.2961349487305,-8.7549934387207,"Unknown"
"7014857",371856,2025-08-20 12:30:57,43.2970504760742,-8.75240612030029,"Unknown"
"7014857",371856,2025-08-20 12:36:01,43.297492980957,-8.75306606292725,"Unknown"
"7014857",371856,2025-08-20 12:41:00,43.296989440918,-8.7515926361084,"Unknown"
"7014857",371856,2025-08-20 12:46:29,43.297248840332,-8.75263786315918,"Unknown"
"7014857",371856,2025-08-20 12:50:57,43.2972831726074,-8.75254440307617,"Unknown"
"7014857",371856,2025-08-20 12:55:57,43.2972564697266,-8.75259304046631,"Unknown"
"7014857",371856,2025-08-20 13:00:59,43.296745300293,-8.75277328491211,"Unknown"
"7014857",371856,2025-08-20 13:06:02,43.2971496582031,-8.75258731842041,"Unknown"
"7014857",371856,2025-08-20 13:10:58,43.2972221374512,-8.75254154205322,"Unknown"
"7014857",371856,2025-08-20 13:15:58,43.297191619873,-8.75258922576904,"Unknown"
"7014857",371856,2025-08-20 13:20:59,43.2971992492676,-8.75252723693848,"Unknown"
"7014857",371856,2025-08-20 13:26:00,43.2972183227539,-8.75248336791992,"Unknown"
"7014857",371856,2025-08-20 13:31:06,43.2972679138184,-8.75265789031982,"Unknown"
"7014857",371856,2025-08-20 13:35:58,43.2972526550293,-8.75264072418213,"Unknown"
"7014857",371856,2025-08-20 13:40:57,43.2972602844238,-8.75258636474609,"Unknown"
"7014857",371856,2025-08-20 13:45:58,43.2971649169922,-8.75247383117676,"Unknown"
"7014857",371856,2025-08-20 13:51:00,43.2971496582031,-8.75262928009033,"Unknown"
"7014857",371856,2025-08-20 13:56:02,43.297248840332,-8.75261878967285,"Unknown"
"7014857",371856,2025-08-20 14:01:04,43.2970848083496,-8.75261974334717,"Unknown"
"7014857",371856,2025-08-20 14:06:00,43.2970771789551,-8.75243663787842,"Unknown"
"7014857",371856,2025-08-20 14:11:07,43.2972106933594,-8.75259494781494,"Unknown"
"7014857",371856,2025-08-20 14:15:59,43.2971343994141,-8.75258350372314,"Unknown"
"7014857",371856,2025-08-20 14:21:07,43.2972145080566,-8.75260829925537,"Unknown"
"7014857",371856,2025-08-20 14:26:07,43.2971534729004,-8.75256824493408,"Unknown"
"7014857",371856,2025-08-20 14:31:08,43.2971267700195,-8.75262641906738,"Unknown"
"7014857",371856,2025-08-20 14:36:09,43.2971992492676,-8.75257587432861,"Unknown"
"7014857",371856,2025-08-20 14:41:09,43.2972030639648,-8.75261974334717,"Unknown"
"7014857",371856,2025-08-20 14:46:09,43.2971305847168,-8.75265693664551,"Unknown"
"7014857",371856,2025-08-20 14:51:14,43.2971458435059,-8.75270938873291,"Unknown"
"7014857",371856,2025-08-20 14:56:00,43.2969169616699,-8.75224781036377,"Unknown"
"7014857",371856,2025-08-20 15:01:01,43.2970199584961,-8.75253963470459,"Unknown"
"7014857",371856,2025-08-20 15:05:58,43.2971153259277,-8.75259590148926,"Unknown"
"7014857",371856,2025-08-20 15:11:06,43.2971076965332,-8.75261211395264,"Unknown"
"7014857",371856,2025-08-20 15:16:14,43.2970809936523,-8.75264072418213,"Unknown"
"7014857",371856,2025-08-20 15:20:57,43.2974014282227,-8.75242710113525,"Unknown"
"7014857",371856,2025-08-20 15:25:58,43.2971076965332,-8.75262260437012,"Unknown"
"7014857",371856,2025-08-20 15:30:57,43.2971801757812,-8.75263595581055,"Unknown"
"7014857",371856,2025-08-20 15:36:05,43.2972030639648,-8.7525577545166,"Unknown"
"7014857",371856,2025-08-20 15:41:00,43.2972373962402,-8.75256538391113,"Unknown"
"7014857",371856,2025-08-20 15:46:35,43.297119140625,-8.75265216827393,"Unknown"
"7014857",371856,2025-08-20 15:50:57,43.2970695495605,-8.75267601013184,"Unknown"
"7014857",371856,2025-08-20 15:55:57,43.297119140625,-8.75273132324219,"Unknown"
"7014857",371856,2025-08-20 16:00:58,43.2971611022949,-8.75262355804443,"Unknown"
"7014857",371856,2025-08-20 16:05:57,43.2971534729004,-8.75278091430664,"Unknown"
"7014857",371856,2025-08-20 16:10:57,43.297191619873,-8.75288867950439,"Unknown"
"7014857",371856,2025-08-20 16:15:57,43.2971343994141,-8.75275611877441,"Unknown"
"7014857",371856,2025-08-20 16:20:58,43.2970962524414,-8.7526330947876,"Unknown"
"7014857",371856,2025-08-20 16:25:57,43.2970695495605,-8.75265026092529,"Unknown"
"7014857",371856,2025-08-20 16:30:58,43.297119140625,-8.75265693664551,"Unknown"
"7014857",371856,2025-08-20 16:36:02,43.2971267700195,-8.75258922576904,"Unknown"
"7014857",371856,2025-08-20 16:40:57,43.2966842651367,-8.7528715133667,"Unknown"
"7014857",371856,2025-08-20 16:46:05,43.2966918945312,-8.75292301177979,"Unknown"
"7014857",371856,2025-08-20 16:50:59,43.2967567443848,-8.75286769866943,"Unknown"
"7014857",371856,2025-08-20 16:56:08,43.2968101501465,-8.75288200378418,"Unknown"
"7014857",371856,2025-08-20 17:01:08,43.296760559082,-8.75292491912842,"Unknown"
"7014857",371856,2025-08-20 17:06:08,43.2967643737793,-8.75289726257324,"Unknown"
"7014857",371856,2025-08-20 17:11:05,43.2965202331543,-8.7533655166626,"Unknown"
"7014857",371856,2025-08-20 17:16:05,43.2974891662598,-8.75262641906738,"Unknown"
"7014857",371856,2025-08-20 17:21:08,43.297534942627,-8.75284194946289,"Unknown"
"7014857",371856,2025-08-20 17:26:04,43.2974700927734,-8.75271797180176,"Unknown"
"7014857",371856,2025-08-20 17:31:14,43.2974472045898,-8.75273036956787,"Unknown"
"7014857",371856,2025-08-20 17:35:57,43.2974128723145,-8.75241184234619,"Unknown"
"7014857",371856,2025-08-20 17:40:59,43.2974700927734,-8.75256824493408,"Unknown"
"7014857",371856,2025-08-20 17:46:00,43.2974433898926,-8.75251770019531,"Unknown"
"7014857",371856,2025-08-20 17:51:02,43.2974548339844,-8.75265026092529,"Unknown"
"7014857",371856,2025-08-20 17:55:57,43.2974319458008,-8.7523775100708,"Unknown"
"7014857",371856,2025-08-20 18:00:58,43.2974510192871,-8.75225162506104,"Unknown"
"7014857",371856,2025-08-20 18:06:00,43.2973670959473,-8.7521858215332,"Unknown"
"7014857",371856,2025-08-20 18:11:29,43.2974243164062,-8.75269889831543,"Unknown"
"7014857",371856,2025-08-20 18:15:57,43.2974472045898,-8.75270938873291,"Unknown"
"7014857",371856,2025-08-20 18:20:57,43.2974281311035,-8.7527322769165,"Unknown"
"7014857",371856,2025-08-20 18:25:57,43.2974281311035,-8.75270748138428,"Unknown"
"7014857",371856,2025-08-20 18:30:58,43.297477722168,-8.75268459320068,"Unknown"
"7014857",371856,2025-08-20 18:35:57,43.2973899841309,-8.75273513793945,"Unknown"
"7014857",371856,2025-08-20 18:40:57,43.2974090576172,-8.75268650054932,"Unknown"
"7014857",371856,2025-08-20 18:45:58,43.2974166870117,-8.75267696380615,"Unknown"
"7014857",371856,2025-08-20 18:50:57,43.2974319458008,-8.75270462036133,"Unknown"
"7014857",371856,2025-08-20 18:55:57,43.2974090576172,-8.75270652770996,"Unknown"
"7014857",371856,2025-08-20 19:00:59,43.2973937988281,-8.7526388168335,"Unknown"
"7014857",371856,2025-08-20 19:05:59,43.2973937988281,-8.75274085998535,"Unknown"
"7014857",371856,2025-08-20 19:10:57,43.2973823547363,-8.75268459320068,"Unknown"
"7014857",371856,2025-08-20 19:15:57,43.2974662780762,-8.75273132324219,"Unknown"
"7014857",371856,2025-08-20 19:20:58,43.2975234985352,-8.75265026092529,"Unknown"
"7014857",371856,2025-08-20 19:25:58,43.2974815368652,-8.75261497497559,"Unknown"
"7014857",371856,2025-08-20 19:30:59,43.2976875305176,-8.75267314910889,"Unknown"
"7014857",371856,2025-08-20 19:35:58,43.3058471679688,-8.76192092895508,"Unknown"
"7014857",371856,2025-08-20 19:40:58,43.3218536376953,-8.78940963745117,"Unknown"
"7014857",371856,2025-08-20 19:45:58,43.3402709960938,-8.81300830841064,"Unknown"
"7014857",371856,2025-08-20 19:50:58,43.3556289672852,-8.84147548675537,"Unknown"
"7014857",371856,2025-08-20 19:55:58,43.3590354919434,-8.84480571746826,"Unknown"
"7014857",371856,2025-08-20 20:00:58,43.3584594726562,-8.84568500518799,"Unknown"
"7014857",371856,2025-08-20 20:06:06,43.3601913452148,-8.84656429290771,"Unknown"
"7014857",371856,2025-08-20 20:10:46,43.3602638244629,-8.84666061401367,"Unknown"
"7014857",371856,2025-08-21 01:11:05,43.3593559265137,-8.84528636932373,"Unknown"
"7014857",371856,2025-08-21 04:00:06,43.3593559265137,-8.84529495239258,"Unknown"
"7014857",371856,2025-08-21 04:04:34,43.3593673706055,-8.8453369140625,"Unknown"
"7014857",371856,2025-08-21 04:09:34,43.3593559265137,-8.84538269042969,"Unknown"
"7014857",371856,2025-08-21 04:14:34,43.3593635559082,-8.84534358978271,"Unknown"
"7014857",371856,2025-08-21 04:19:36,43.3593788146973,-8.84535598754883,"Unknown"
"7014857",371856,2025-08-21 04:24:34,43.3593330383301,-8.84536838531494,"Unknown"
"7014857",371856,2025-08-21 04:29:38,43.3593063354492,-8.84542465209961,"Unknown"
"7014857",371856,2025-08-21 04:34:34,43.3593330383301,-8.84537601470947,"Unknown"
"7014857",371856,2025-08-21 04:39:36,43.3593330383301,-8.84534454345703,"Unknown"
"7014857",371856,2025-08-21 04:44:37,43.3593673706055,-8.84549045562744,"Unknown"
"7014857",371856,2025-08-21 04:49:36,43.3593788146973,-8.84552383422852,"Unknown"
"7014857",371856,2025-08-21 04:54:38,43.3593559265137,-8.84550380706787,"Unknown"
"7014857",371856,2025-08-21 04:59:37,43.3593826293945,-8.84544944763184,"Unknown"
"7014857",371856,2025-08-21 05:04:36,43.3619842529297,-8.85092735290527,"Unknown"
"7014857",371856,2025-08-21 05:09:42,43.3604469299316,-8.84891605377197,"Unknown"
"7014857",371856,2025-08-21 05:14:40,43.3604774475098,-8.84882831573486,"Unknown"
"7014857",371856,2025-08-21 05:19:38,43.3605346679688,-8.84884548187256,"Unknown"
"7014857",371856,2025-08-21 05:24:35,43.3604698181152,-8.84875106811523,"Unknown"
"7014857",371856,2025-08-21 05:29:37,43.360481262207,-8.8488245010376,"Unknown"
"7014857",371856,2025-08-21 05:34:36,43.3605117797852,-8.84875392913818,"Unknown"
"7014857",371856,2025-08-21 05:39:34,43.3604927062988,-8.84886455535889,"Unknown"
"7014857",371856,2025-08-21 05:44:37,43.3604621887207,-8.84884357452393,"Unknown"
"7014857",371856,2025-08-21 05:49:36,43.360466003418,-8.84871959686279,"Unknown"
"7014857",371856,2025-08-21 05:54:40,43.3604583740234,-8.84874534606934,"Unknown"
"7014857",371856,2025-08-21 05:59:40,43.3605422973633,-8.84884548187256,"Unknown"
"7014857",371856,2025-08-21 06:04:40,43.3605880737305,-8.8488073348999,"Unknown"
"7014857",371856,2025-08-21 06:09:38,43.3605499267578,-8.84879970550537,"Unknown"
"7014857",371856,2025-08-21 06:14:38,43.3605346679688,-8.84882831573486,"Unknown"
"7014857",371856,2025-08-21 06:19:37,43.360595703125,-8.84874153137207,"Unknown"
"7014857",371856,2025-08-21 06:24:38,43.360652923584,-8.84881019592285,"Unknown"
"7014857",371856,2025-08-21 06:29:38,43.3605003356934,-8.84881401062012,"Unknown"
"7014857",371856,2025-08-21 06:34:39,43.3604316711426,-8.84890556335449,"Unknown"
"7014857",371856,2025-08-21 06:39:41,43.3606033325195,-8.84880256652832,"Unknown"
"7014857",371856,2025-08-21 06:44:38,43.3606986999512,-8.84872341156006,"Unknown"
"7014857",371856,2025-08-21 06:50:05,43.3607139587402,-8.84871101379395,"Unknown"
"7014857",371856,2025-08-21 06:54:35,43.3608436584473,-8.84868335723877,"Unknown"
"7014857",371856,2025-08-21 06:59:33,43.3720893859863,-8.86070823669434,"Unknown"
"7014857",371856,2025-08-21 07:04:33,43.3614921569824,-8.84930038452148,"Unknown"
"7014857",371856,2025-08-21 07:09:44,43.3578414916992,-8.84599208831787,"Unknown"
"7014857",371856,2025-08-21 07:14:35,43.3585014343262,-8.84649658203125,"Unknown"
"7014857",371856,2025-08-21 07:19:36,43.3584098815918,-8.84656810760498,"Unknown"
"7014857",371856,2025-08-21 07:24:35,43.3599853515625,-8.84779453277588,"Unknown"
"7014857",371856,2025-08-21 07:29:35,43.3600196838379,-8.84780216217041,"Unknown"
"7014857",371856,2025-08-21 07:34:36,43.3601188659668,-8.84776210784912,"Unknown"
"7014857",371856,2025-08-21 07:39:36,43.3600273132324,-8.84760570526123,"Unknown"
"7014857",371856,2025-08-21 07:44:36,43.3599319458008,-8.84731769561768,"Unknown"
"7014857",371856,2025-08-21 07:49:37,43.3600997924805,-8.84774589538574,"Unknown"
"7014857",371856,2025-08-21 07:54:50,43.3601341247559,-8.84774971008301,"Unknown"
"7014857",371856,2025-08-21 07:59:35,43.3593406677246,-8.84681224822998,"Unknown"
"7014857",371856,2025-08-21 08:04:38,43.3592376708984,-8.84689426422119,"Unknown"
"7014857",371856,2025-08-21 08:09:37,43.3592681884766,-8.8468189239502,"Unknown"
"7014857",371856,2025-08-21 08:14:38,43.3591957092285,-8.84689140319824,"Unknown"
"7014857",371856,2025-08-21 08:19:37,43.3591079711914,-8.84685325622559,"Unknown"
"7014857",371856,2025-08-21 08:24:41,43.359245300293,-8.84690380096436,"Unknown"
"7014857",371856,2025-08-21 08:29:37,43.3592529296875,-8.84689617156982,"Unknown"
"7014857",371856,2025-08-21 08:34:38,43.359317779541,-8.84685802459717,"Unknown"
"7014857",371856,2025-08-21 08:39:39,43.3598747253418,-8.84694957733154,"Unknown"
"7014857",371856,2025-08-21 08:44:38,43.3590927124023,-8.84685611724854,"Unknown"
"7014857",371856,2025-08-21 08:49:44,43.3591728210449,-8.84684753417969,"Unknown"
"7014857",371856,2025-08-21 08:54:36,43.3591651916504,-8.84682559967041,"Unknown"
"7014857",371856,2025-08-21 08:59:37,43.3591728210449,-8.84685039520264,"Unknown"
"7014857",371856,2025-08-21 09:04:37,43.3592872619629,-8.84682464599609,"Unknown"
"7014857",371856,2025-08-21 09:09:38,43.3591842651367,-8.84685039520264,"Unknown"
"7014857",371856,2025-08-21 09:14:41,43.3590812683105,-8.84683322906494,"Unknown"
"7014857",371856,2025-08-21 09:19:37,43.3591232299805,-8.84684181213379,"Unknown"
"7014857",371856,2025-08-21 09:24:39,43.3592262268066,-8.84689521789551,"Unknown"
"7014857",371856,2025-08-21 09:29:37,43.3590965270996,-8.84683322906494,"Unknown"
"7014857",371856,2025-08-21 09:34:37,43.3588218688965,-8.84681797027588,"Unknown"
"7014857",371856,2025-08-21 09:39:42,43.3589744567871,-8.84681510925293,"Unknown"
"7014857",371856,2025-08-21 09:45:05,43.3591995239258,-8.846848487854,"Unknown"
"7014857",371856,2025-08-21 09:49:37,43.3591079711914,-8.84677982330322,"Unknown"
"7014857",371856,2025-08-21 09:54:44,43.3591766357422,-8.84692478179932,"Unknown"
"7014857",371856,2025-08-21 09:59:36,43.3591613769531,-8.84690952301025,"Unknown"
"7014857",371856,2025-08-21 10:04:36,43.3591461181641,-8.84687042236328,"Unknown"
"7014857",371856,2025-08-21 10:09:33,43.3590850830078,-8.84719562530518,"Unknown"
"7014857",371856,2025-08-21 10:14:35,43.359447479248,-8.84726524353027,"Unknown"
"7014857",371856,2025-08-21 10:19:36,43.3597946166992,-8.84759426116943,"Unknown"
"7014857",371856,2025-08-21 10:24:35,43.359691619873,-8.8478479385376,"Unknown"
"7014857",371856,2025-08-21 10:29:36,43.3595504760742,-8.84780025482178,"Unknown"
"7014857",371856,2025-08-21 10:34:41,43.3596382141113,-8.84813976287842,"Unknown"
"7014857",371856,2025-08-21 10:39:33,43.3596458435059,-8.84792900085449,"Unknown"
"7014857",371856,2025-08-21 10:44:36,43.3596343994141,-8.84766387939453,"Unknown"
"7014857",371856,2025-08-21 10:49:36,43.360107421875,-8.84822750091553,"Unknown"
"7014857",371856,2025-08-21 10:54:35,43.3600997924805,-8.84837436676025,"Unknown"
"7014857",371856,2025-08-21 10:59:33,43.3601531982422,-8.84826278686523,"Unknown"
"7014857",371856,2025-08-21 11:04:33,43.3600769042969,-8.84841823577881,"Unknown"
"7014857",371856,2025-08-21 11:09:35,43.3600540161133,-8.84838199615479,"Unknown"
"7014857",371856,2025-08-21 11:14:44,43.3600845336914,-8.84830570220947,"Unknown"
"7014857",371856,2025-08-21 11:19:37,43.359977722168,-8.84837341308594,"Unknown"
"7014857",371856,2025-08-21 11:24:38,43.3600540161133,-8.84838485717773,"Unknown"
"7014857",371856,2025-08-21 11:29:36,43.3599128723145,-8.84807968139648,"Unknown"
"7014857",371856,2025-08-21 11:34:36,43.3599853515625,-8.84825420379639,"Unknown"
"7014857",371856,2025-08-21 11:39:44,43.3600883483887,-8.84840488433838,"Unknown"
"7014857",371856,2025-08-21 11:45:58,43.3576507568359,-8.84627628326416,"Unknown"
"7014857",371856,2025-08-21 11:49:34,43.3593292236328,-8.84726238250732,"Unknown"
"7014857",371856,2025-08-21 11:54:35,43.3593254089355,-8.84737205505371,"Unknown"
"7014857",371856,2025-08-21 11:59:36,43.3593444824219,-8.84728336334229,"Unknown"
"7014857",371856,2025-08-21 12:04:38,43.359375,-8.84716033935547,"Unknown"
"7014857",371856,2025-08-21 12:09:37,43.3594512939453,-8.84730243682861,"Unknown"
"7014857",371856,2025-08-21 12:14:38,43.3595275878906,-8.84731578826904,"Unknown"
"7014857",371856,2025-08-21 12:19:37,43.3594169616699,-8.84720420837402,"Unknown"
"7014857",371856,2025-08-21 12:25:44,43.3594169616699,-8.84715843200684,"Unknown"
"7014857",371856,2025-08-21 12:29:43,43.3594970703125,-8.84721851348877,"Unknown"
"7014857",371856,2025-08-21 12:34:43,43.3594856262207,-8.84716033935547,"Unknown"
"7014857",371856,2025-08-21 12:39:45,43.3593864440918,-8.84691333770752,"Unknown"
"7014857",371856,2025-08-21 12:44:36,43.3593978881836,-8.84692668914795,"Unknown"
"7014857",371856,2025-08-21 12:50:05,43.3594741821289,-8.84710788726807,"Unknown"
"7014857",371856,2025-08-21 12:54:37,43.3595237731934,-8.84711933135986,"Unknown"
"7014857",371856,2025-08-21 12:59:36,43.3595504760742,-8.84710121154785,"Unknown"
"7014857",371856,2025-08-21 13:04:37,43.3595352172852,-8.84714126586914,"Unknown"
"7014857",371856,2025-08-21 13:09:38,43.3595581054688,-8.84709072113037,"Unknown"
"7014857",371856,2025-08-21 13:14:35,43.3595008850098,-8.84716033935547,"Unknown"
"7014857",371856,2025-08-21 13:19:36,43.3595085144043,-8.84715747833252,"Unknown"
"7014857",371856,2025-08-21 13:24:35,43.3591804504395,-8.84866809844971,"Unknown"
"7014857",371856,2025-08-21 13:29:49,43.359920501709,-8.84775257110596,"Unknown"
"7014857",371856,2025-08-21 13:34:36,43.3594360351562,-8.84727382659912,"Unknown"
"7014857",371856,2025-08-21 13:39:36,43.3594741821289,-8.84726619720459,"Unknown"
"7014857",371856,2025-08-21 13:44:40,43.3593826293945,-8.8472146987915,"Unknown"
"7014857",371856,2025-08-21 13:49:37,43.3594932556152,-8.84723567962646,"Unknown"
"7014857",371856,2025-08-21 13:54:35,43.359432220459,-8.84722709655762,"Unknown"
"7014857",371856,2025-08-21 13:59:34,43.3593673706055,-8.8471508026123,"Unknown"
"7014857",371856,2025-08-21 14:04:36,43.3594665527344,-8.84722900390625,"Unknown"
"7014857",371856,2025-08-21 14:10:05,43.3594284057617,-8.84717082977295,"Unknown"
"7014857",371856,2025-08-21 14:14:35,43.3595123291016,-8.84712028503418,"Unknown"
"7014857",371856,2025-08-21 14:19:34,43.3592872619629,-8.84719562530518,"Unknown"
"7014857",371856,2025-08-21 14:24:35,43.3594818115234,-8.84725856781006,"Unknown"
"7014857",371856,2025-08-21 14:29:38,43.359432220459,-8.84715270996094,"Unknown"
"7014857",371856,2025-08-21 14:34:37,43.359504699707,-8.84729099273682,"Unknown"
"7014857",371856,2025-08-21 14:39:39,43.3594779968262,-8.84715557098389,"Unknown"
"7014857",371856,2025-08-21 14:44:40,43.3594436645508,-8.84725284576416,"Unknown"
"7014857",371856,2025-08-21 14:50:02,43.3593864440918,-8.84723567962646,"Unknown"
"7014857",371856,2025-08-21 14:54:36,43.3592834472656,-8.84719371795654,"Unknown"
"7014857",371856,2025-08-21 14:59:43,43.3594512939453,-8.84713745117188,"Unknown"
"7014857",371856,2025-08-21 15:04:43,43.359375,-8.84718799591064,"Unknown"
"7014857",371856,2025-08-21 15:09:43,43.3594093322754,-8.84718704223633,"Unknown"
"7014857",371856,2025-08-21 15:14:36,43.3593330383301,-8.84724426269531,"Unknown"
"7014857",371856,2025-08-21 15:19:40,43.359317779541,-8.84722995758057,"Unknown"
"7014857",371856,2025-08-21 15:24:37,43.3594284057617,-8.8471622467041,"Unknown"
"7014857",371856,2025-08-21 15:29:35,43.3593139648438,-8.84720325469971,"Unknown"
"7014857",371856,2025-08-21 15:34:35,43.3593635559082,-8.84720325469971,"Unknown"
"7014857",371856,2025-08-21 15:39:37,43.3594207763672,-8.84719467163086,"Unknown"
"7014857",371856,2025-08-21 15:44:36,43.359447479248,-8.84713649749756,"Unknown"
"7014857",371856,2025-08-21 15:49:37,43.3594665527344,-8.8471794128418,"Unknown"
"7014857",371856,2025-08-21 15:54:34,43.3594284057617,-8.84709548950195,"Unknown"
"7014857",371856,2025-08-21 16:00:21,43.3594360351562,-8.84718608856201,"Unknown"
"7014857",371856,2025-08-21 16:04:41,43.3593902587891,-8.84721279144287,"Unknown"
"7014857",371856,2025-08-21 16:09:37,43.3594284057617,-8.84724712371826,"Unknown"
"7014857",371856,2025-08-21 16:14:37,43.3593902587891,-8.84724617004395,"Unknown"
"7014857",371856,2025-08-21 16:19:37,43.359432220459,-8.84716892242432,"Unknown"
"7014857",371856,2025-08-21 16:24:35,43.3594360351562,-8.84712409973145,"Unknown"
"7014857",371856,2025-08-21 16:29:45,43.3593826293945,-8.84722709655762,"Unknown"
"7014857",371856,2025-08-21 16:34:36,43.3594131469727,-8.84714317321777,"Unknown"
"7014857",371856,2025-08-21 16:39:37,43.3593978881836,-8.84713363647461,"Unknown"
"7014857",371856,2025-08-21 16:44:36,43.3594017028809,-8.84722423553467,"Unknown"
"7014857",371856,2025-08-21 16:49:38,43.3594169616699,-8.84729862213135,"Unknown"
"7014857",371856,2025-08-21 16:54:37,43.3594131469727,-8.84721279144287,"Unknown"
"7014857",371856,2025-08-21 16:59:36,43.3594017028809,-8.84715366363525,"Unknown"
"7014857",371856,2025-08-21 17:04:43,43.3594589233398,-8.84710121154785,"Unknown"
"7014857",371856,2025-08-21 17:09:36,43.3594093322754,-8.84706687927246,"Unknown"
"7014857",371856,2025-08-21 17:14:39,43.3594207763672,-8.84708690643311,"Unknown"
"7014857",371856,2025-08-21 17:19:37,43.3593902587891,-8.8472204208374,"Unknown"
"7014857",371856,2025-08-21 17:24:40,43.3593635559082,-8.84717655181885,"Unknown"
"7014857",371856,2025-08-21 17:29:39,43.3594093322754,-8.8471155166626,"Unknown"
"7014857",371856,2025-08-21 17:34:36,43.3593521118164,-8.84721088409424,"Unknown"
"7014857",371856,2025-08-21 17:39:37,43.3593788146973,-8.84717845916748,"Unknown"
"7014857",371856,2025-08-21 17:44:38,43.3593368530273,-8.84716129302979,"Unknown"
"7014857",371856,2025-08-21 17:49:52,43.3581962585449,-8.84651660919189,"Unknown"
"7014857",371856,2025-08-21 17:54:43,43.3598098754883,-8.84756088256836,"Unknown"
"7014857",371856,2025-08-21 17:59:36,43.3598251342773,-8.84760189056396,"Unknown"
"7014857",371856,2025-08-21 18:04:41,43.3594741821289,-8.84716320037842,"Unknown"
"7014857",371856,2025-08-21 18:09:41,43.359504699707,-8.84722805023193,"Unknown"
"7014857",371856,2025-08-21 18:15:23,43.3593978881836,-8.84719944000244,"Unknown"
"7014857",371856,2025-08-21 18:19:38,43.3593826293945,-8.84725761413574,"Unknown"
"7014857",371856,2025-08-21 18:24:47,43.3592872619629,-8.84729194641113,"Unknown"
"7014857",371856,2025-08-21 18:29:39,43.3593711853027,-8.84732055664062,"Unknown"
"7014857",371856,2025-08-21 18:34:38,43.3595657348633,-8.84712505340576,"Unknown"
"7014857",371856,2025-08-21 18:39:38,43.3593330383301,-8.84716987609863,"Unknown"
"7014857",371856,2025-08-21 18:44:37,43.3594169616699,-8.84722709655762,"Unknown"
"7014857",371856,2025-08-21 18:50:05,43.3594818115234,-8.84720706939697,"Unknown"
"7014857",371856,2025-08-21 18:55:14,43.3594512939453,-8.84741497039795,"Unknown"
"7014857",371856,2025-08-21 18:59:42,43.359302520752,-8.84719944000244,"Unknown"
"7014857",371856,2025-08-21 19:04:38,43.3594093322754,-8.84747791290283,"Unknown"
"7014857",371856,2025-08-21 19:09:37,43.3594017028809,-8.84743595123291,"Unknown"
"7014857",371856,2025-08-21 19:14:40,43.3594398498535,-8.8473539352417,"Unknown"
"7014857",371856,2025-08-21 19:19:37,43.359504699707,-8.84727001190186,"Unknown"
"7014857",371856,2025-08-21 19:24:37,43.3594856262207,-8.84740257263184,"Unknown"
"7014857",371856,2025-08-21 19:29:45,43.3594093322754,-8.84728336334229,"Unknown"
"7014857",371856,2025-08-21 19:34:37,43.3594169616699,-8.8473014831543,"Unknown"
"7014857",371856,2025-08-21 19:40:02,43.3594741821289,-8.84738922119141,"Unknown"
"7014857",371856,2025-08-21 19:44:37,43.3615341186523,-8.84115791320801,"Unknown"
"7014857",371856,2025-08-21 19:49:39,43.3643455505371,-8.82465267181396,"Unknown"
"7014857",371856,2025-08-21 19:54:39,43.3640213012695,-8.82570362091064,"Unknown"
"7014857",371856,2025-08-21 19:59:39,43.3643493652344,-8.82672309875488,"Unknown"
"7014857",371856,2025-08-21 20:04:39,43.3591728210449,-8.84750843048096,"Unknown"
"7014857",371856,2025-08-21 20:09:04,43.3593788146973,-8.84505653381348,"Unknown"
"7014857",371856,2025-08-22 01:09:35,43.3592414855957,-8.84541702270508,"Unknown"
"7014857",371856,2025-08-22 04:01:33,43.3592185974121,-8.84534645080566,"Unknown"
"7014857",371856,2025-08-22 04:06:24,43.3595352172852,-8.84509658813477,"Unknown"
"7014857",371856,2025-08-22 04:11:23,43.359489440918,-8.8451681137085,"Unknown"
"7014857",371856,2025-08-22 04:16:20,43.3593559265137,-8.84526443481445,"Unknown"
"7014857",371856,2025-08-22 04:21:20,43.3595237731934,-8.84508609771729,"Unknown"
"7014857",371856,2025-08-22 04:26:20,43.3594284057617,-8.84521579742432,"Unknown"
"7014857",371856,2025-08-22 04:31:21,43.3595161437988,-8.84521865844727,"Unknown"
"7014857",371856,2025-08-22 04:36:27,43.3593292236328,-8.84501838684082,"Unknown"
"7014857",371856,2025-08-22 04:41:21,43.3594818115234,-8.8451042175293,"Unknown"
"7014857",371856,2025-08-22 04:46:21,43.3594589233398,-8.84515571594238,"Unknown"
"7014857",371856,2025-08-22 04:51:21,43.3594970703125,-8.84515190124512,"Unknown"
"7014857",371856,2025-08-22 04:56:23,43.3593368530273,-8.84514141082764,"Unknown"
"7014857",371856,2025-08-22 05:01:23,43.3593902587891,-8.84504508972168,"Unknown"
"7014857",371856,2025-08-22 05:06:21,43.361873626709,-8.83924865722656,"Unknown"
"7014857",371856,2025-08-22 05:11:20,43.3660278320312,-8.8317699432373,"Unknown"
"7014857",371856,2025-08-22 05:16:20,43.3330879211426,-8.82445907592773,"Unknown"
"7014857",371856,2025-08-22 05:21:19,43.3233795166016,-8.81472969055176,"Unknown"
"7014857",371856,2025-08-22 05:26:20,43.3233757019043,-8.81474304199219,"Unknown"
"7014857",371856,2025-08-22 05:31:31,43.3241310119629,-8.81552505493164,"Unknown"
"7014857",371856,2025-08-22 05:36:30,43.3241996765137,-8.81559371948242,"Unknown"
"7014857",371856,2025-08-22 05:41:20,43.3097991943359,-8.79216957092285,"Unknown"
"7014857",371856,2025-08-22 05:47:09,43.3007278442383,-8.75944232940674,"Unknown"
"7014857",371856,2025-08-22 05:51:45,43.2935485839844,-8.74559497833252,"Unknown"
"7014857",371856,2025-08-22 05:56:26,43.2932357788086,-8.74593067169189,"Unknown"
"7014857",371856,2025-08-22 06:01:21,43.293342590332,-8.74581146240234,"Unknown"
"7014857",371856,2025-08-22 06:06:23,43.2937393188477,-8.74546813964844,"Unknown"
"7014857",371856,2025-08-22 06:11:21,43.2936248779297,-8.74570465087891,"Unknown"
"7014857",371856,2025-08-22 06:16:24,43.2935104370117,-8.7454719543457,"Unknown"
"7014857",371856,2025-08-22 06:21:22,43.2937660217285,-8.74509525299072,"Unknown"
"7014857",371856,2025-08-22 06:26:26,43.2936248779297,-8.74541854858398,"Unknown"
"7014857",371856,2025-08-22 06:31:21,43.2939071655273,-8.74503231048584,"Unknown"
"7014857",371856,2025-08-22 06:36:19,43.2937202453613,-8.74528217315674,"Unknown"
"7014857",371856,2025-08-22 06:41:30,43.2936973571777,-8.74524307250977,"Unknown"
"7014857",371856,2025-08-22 06:47:29,43.2934646606445,-8.74556636810303,"Unknown"
"7014857",371856,2025-08-22 06:51:18,43.2928619384766,-8.74627208709717,"Unknown"
"7014857",371856,2025-08-22 06:56:19,43.293098449707,-8.7462329864502,"Unknown"
"7014857",371856,2025-08-22 07:01:20,43.293571472168,-8.7457389831543,"Unknown"
"7014857",371856,2025-08-22 07:06:19,43.2935409545898,-8.74564933776855,"Unknown"
"7014857",371856,2025-08-22 07:11:24,43.2936134338379,-8.7456169128418,"Unknown"
"7014857",371856,2025-08-22 07:16:18,43.2935523986816,-8.74572277069092,"Unknown"
"7014857",371856,2025-08-22 07:21:22,43.2935981750488,-8.74546813964844,"Unknown"
"7014857",371856,2025-08-22 07:26:18,43.2936096191406,-8.74539756774902,"Unknown"
"7014857",371856,2025-08-22 07:31:19,43.2936172485352,-8.74551010131836,"Unknown"
"7014857",371856,2025-08-22 07:36:20,43.2936935424805,-8.74541091918945,"Unknown"
"7014857",371856,2025-08-22 07:41:19,43.2935905456543,-8.74573040008545,"Unknown"
"7014857",371856,2025-08-22 07:46:21,43.2936325073242,-8.74571132659912,"Unknown"
"7014857",371856,2025-08-22 07:51:24,43.2934875488281,-8.74550724029541,"Unknown"
"7014857",371856,2025-08-22 07:56:23,43.2936363220215,-8.74561977386475,"Unknown"
"7014857",371856,2025-08-22 08:01:19,43.293643951416,-8.74565315246582,"Unknown"
"7014857",371856,2025-08-22 08:06:21,43.2935600280762,-8.74576663970947,"Unknown"
"7014857",371856,2025-08-22 08:11:19,43.2936210632324,-8.74584484100342,"Unknown"
"7014857",371856,2025-08-22 08:16:19,43.2935180664062,-8.74588966369629,"Unknown"
"7014857",371856,2025-08-22 08:21:20,43.2936210632324,-8.74588108062744,"Unknown"
"7014857",371856,2025-08-22 08:26:20,43.295539855957,-8.71837329864502,"Unknown"
"7014857",371856,2025-08-22 08:31:19,43.2946510314941,-8.68208789825439,"Unknown"
"7014857",371856,2025-08-22 08:36:19,43.297477722168,-8.66709327697754,"Unknown"
"7014857",371856,2025-08-22 08:41:19,43.2974739074707,-8.6671028137207,"Unknown"
"7014857",371856,2025-08-22 08:46:19,43.2975311279297,-8.66728591918945,"Unknown"
"7014857",371856,2025-08-22 08:51:19,43.2974662780762,-8.66733551025391,"Unknown"
"7014857",371856,2025-08-22 08:56:19,43.2974624633789,-8.66728019714355,"Unknown"
"7014857",371856,2025-08-22 09:01:19,43.2973823547363,-8.66726589202881,"Unknown"
"7014857",371856,2025-08-22 09:06:19,43.297477722168,-8.66722297668457,"Unknown"
"7014857",371856,2025-08-22 09:11:20,43.2975120544434,-8.66723155975342,"Unknown"
"7014857",371856,2025-08-22 09:16:21,43.2975463867188,-8.66726016998291,"Unknown"
"7014857",371856,2025-08-22 09:21:20,43.2975158691406,-8.66730308532715,"Unknown"
"7014857",371856,2025-08-22 09:26:20,43.2974967956543,-8.66722965240479,"Unknown"
"7014857",371856,2025-08-22 09:31:19,43.2973709106445,-8.66744804382324,"Unknown"
"7014857",371856,2025-08-22 09:36:23,43.2974739074707,-8.66710758209229,"Unknown"
"7014857",371856,2025-08-22 09:41:21,43.2975120544434,-8.66723346710205,"Unknown"
"7014857",371856,2025-08-22 09:46:19,43.2973823547363,-8.66740417480469,"Unknown"
"7014857",371856,2025-08-22 09:51:20,43.2974052429199,-8.66719436645508,"Unknown"
"7014857",371856,2025-08-22 09:56:23,43.2974472045898,-8.66726207733154,"Unknown"
"7014857",371856,2025-08-22 10:01:25,43.2975044250488,-8.66714286804199,"Unknown"
"7014857",371856,2025-08-22 10:06:23,43.2975082397461,-8.66713809967041,"Unknown"
"7014857",371856,2025-08-22 10:11:21,43.2973899841309,-8.66733455657959,"Unknown"
"7014857",371856,2025-08-22 10:16:20,43.2976341247559,-8.66739845275879,"Unknown"
"7014857",371856,2025-08-22 10:21:21,43.2976531982422,-8.6674222946167,"Unknown"
"7014857",371856,2025-08-22 10:26:21,43.2973022460938,-8.66740989685059,"Unknown"
"7014857",371856,2025-08-22 10:31:21,43.2859306335449,-8.65853118896484,"Unknown"
"7014857",371856,2025-08-22 10:36:20,43.2697219848633,-8.65359306335449,"Unknown"
"7014857",371856,2025-08-22 10:41:20,43.2558097839355,-8.63653659820557,"Unknown"
"7014857",371856,2025-08-22 10:46:19,43.2455558776855,-8.61600399017334,"Unknown"
"7014857",371856,2025-08-22 10:51:20,43.2312927246094,-8.60794925689697,"Unknown"
"7014857",371856,2025-08-22 10:56:19,43.222412109375,-8.57992553710938,"Unknown"
"7014857",371856,2025-08-22 11:01:20,43.2148818969727,-8.56672859191895,"Unknown"
"7014857",371856,2025-08-22 11:06:19,43.2072944641113,-8.5376148223877,"Unknown"
"7014857",371856,2025-08-22 11:11:24,43.207836151123,-8.53786849975586,"Unknown"
"7014857",371856,2025-08-22 11:16:28,43.2079658508301,-8.53784561157227,"Unknown"
"7014857",371856,2025-08-22 11:21:33,43.207820892334,-8.53767585754395,"Unknown"
"7014857",371856,2025-08-22 11:26:36,43.2082214355469,-8.53777885437012,"Unknown"
"7014857",371856,2025-08-22 11:32:41,43.2080879211426,-8.5374698638916,"Unknown"
"7014857",371856,2025-08-22 11:36:38,43.2086029052734,-8.53678703308105,"Unknown"
"7014857",371856,2025-08-22 11:41:32,43.2085456848145,-8.53669548034668,"Unknown"
"7014857",371856,2025-08-22 11:46:21,43.1928329467773,-8.53605937957764,"Unknown"
"7014857",371856,2025-08-22 11:51:23,43.1832275390625,-8.53988838195801,"Unknown"
"7014857",371856,2025-08-22 11:56:19,43.1659317016602,-8.52408695220947,"Unknown"
"7014857",371856,2025-08-22 12:01:19,43.1494445800781,-8.49778461456299,"Unknown"
"7014857",371856,2025-08-22 12:06:20,43.130443572998,-8.47025775909424,"Unknown"
"7014857",371856,2025-08-22 12:11:23,43.1305694580078,-8.47044658660889,"Unknown"
"7014857",371856,2025-08-22 12:16:20,43.1303443908691,-8.47066688537598,"Unknown"
"7014857",371856,2025-08-22 12:21:20,43.1304588317871,-8.4704704284668,"Unknown"
"7014857",371856,2025-08-22 12:26:19,43.1302337646484,-8.47051525115967,"Unknown"
"7014857",371856,2025-08-22 12:31:20,43.1305160522461,-8.47032642364502,"Unknown"
"7014857",371856,2025-08-22 12:36:26,43.1309623718262,-8.47065353393555,"Unknown"
"7014857",371856,2025-08-22 12:41:19,43.1307487487793,-8.47100067138672,"Unknown"
"7014857",371856,2025-08-22 12:46:22,43.1307754516602,-8.47107982635498,"Unknown"
"7014857",371856,2025-08-22 12:51:20,43.1302490234375,-8.4699125289917,"Unknown"
"7014857",371856,2025-08-22 12:56:21,43.1302337646484,-8.47023868560791,"Unknown"
"7014857",371856,2025-08-22 13:01:20,43.1302337646484,-8.47015190124512,"Unknown"
"7014857",371856,2025-08-22 13:06:19,43.1301956176758,-8.47021865844727,"Unknown"
"7014857",371856,2025-08-22 13:11:19,43.1302528381348,-8.47021675109863,"Unknown"
"7014857",371856,2025-08-22 13:16:19,43.1302185058594,-8.470139503479,"Unknown"
"7014857",371856,2025-08-22 13:21:19,43.1306037902832,-8.47111511230469,"Unknown"
"7014857",371856,2025-08-22 13:26:20,43.1305351257324,-8.46966361999512,"Unknown"
"7014857",371856,2025-08-22 13:31:20,43.1302375793457,-8.46969890594482,"Unknown"
"7014857",371856,2025-08-22 13:36:21,43.1304206848145,-8.46995735168457,"Unknown"
"7014857",371856,2025-08-22 13:41:20,43.1304130554199,-8.46976280212402,"Unknown"
"7014857",371856,2025-08-22 13:46:20,43.1302261352539,-8.46959590911865,"Unknown"
"7014857",371856,2025-08-22 13:51:20,43.1340446472168,-8.47065258026123,"Unknown"
"7014857",371856,2025-08-22 13:56:21,43.1340942382812,-8.47059440612793,"Unknown"
"7014857",371856,2025-08-22 14:01:20,43.1340293884277,-8.47045040130615,"Unknown"
"7014857",371856,2025-08-22 14:06:21,43.134391784668,-8.47092056274414,"Unknown"
"7014857",371856,2025-08-22 14:11:22,43.1343612670898,-8.47071552276611,"Unknown"
"7014857",371856,2025-08-22 14:16:21,43.1343154907227,-8.471266746521,"Unknown"
"7014857",371856,2025-08-22 14:21:21,43.134220123291,-8.47102165222168,"Unknown"
"7014857",371856,2025-08-22 14:26:21,43.134349822998,-8.47092533111572,"Unknown"
"7014857",371856,2025-08-22 14:31:19,43.1343803405762,-8.47072124481201,"Unknown"
"7014857",371856,2025-08-22 14:36:20,43.1343765258789,-8.47090530395508,"Unknown"
"7014857",371856,2025-08-22 14:41:20,43.1342964172363,-8.47081661224365,"Unknown"
"7014857",371856,2025-08-22 14:46:20,43.1343383789062,-8.47080993652344,"Unknown"
"7014857",371856,2025-08-22 14:51:20,43.134334564209,-8.470871925354,"Unknown"
"7014857",371856,2025-08-22 14:56:20,43.1344718933105,-8.47076225280762,"Unknown"
"7014857",371856,2025-08-22 15:01:19,43.1344223022461,-8.47090339660645,"Unknown"
"7014857",371856,2025-08-22 15:06:20,43.1331825256348,-8.47055816650391,"Unknown"
"7014857",371856,2025-08-22 15:11:21,43.1334075927734,-8.47014141082764,"Unknown"
"7014857",371856,2025-08-22 15:16:20,43.1339874267578,-8.47121906280518,"Unknown"
"7014857",371856,2025-08-22 15:21:21,43.1337738037109,-8.47061634063721,"Unknown"
"7014857",371856,2025-08-22 15:26:22,43.1340179443359,-8.47095012664795,"Unknown"
"7014857",371856,2025-08-22 15:31:20,43.1337623596191,-8.47079086303711,"Unknown"
"7014857",371856,2025-08-22 15:36:20,43.133861541748,-8.47077655792236,"Unknown"
"7014857",371856,2025-08-22 15:41:23,43.1341438293457,-8.47080707550049,"Unknown"
"7014857",371856,2025-08-22 15:46:22,43.1341400146484,-8.47085762023926,"Unknown"
"7014857",371856,2025-08-22 15:51:19,43.1341514587402,-8.47079467773438,"Unknown"
"7014857",371856,2025-08-22 15:56:20,43.134162902832,-8.4708080291748,"Unknown"
"7014857",371856,2025-08-22 16:01:20,43.130199432373,-8.47064399719238,"Unknown"
"7014857",371856,2025-08-22 16:06:19,43.1307563781738,-8.47085285186768,"Unknown"
"7014857",371856,2025-08-22 16:11:20,43.1308441162109,-8.47091865539551,"Unknown"
"7014857",371856,2025-08-22 16:16:20,43.1307029724121,-8.47100353240967,"Unknown"
"7014857",371856,2025-08-22 16:21:20,43.1307945251465,-8.47066974639893,"Unknown"
"7014857",371856,2025-08-22 16:26:20,43.1294250488281,-8.47060585021973,"Unknown"
"7014857",371856,2025-08-22 16:31:20,43.1301498413086,-8.4704532623291,"Unknown"
"7014857",371856,2025-08-22 16:36:19,43.1301383972168,-8.47052574157715,"Unknown"
"7014857",371856,2025-08-22 16:41:20,43.1308479309082,-8.47103500366211,"Unknown"
"7014857",371856,2025-08-22 16:46:20,43.1304969787598,-8.46866893768311,"Unknown"
"7014857",371856,2025-08-22 16:51:20,43.1301422119141,-8.46984577178955,"Unknown"
"7014857",371856,2025-08-22 16:56:20,43.1306114196777,-8.4708776473999,"Unknown"
"7014857",371856,2025-08-22 17:01:23,43.1309623718262,-8.47096824645996,"Unknown"
"7014857",371856,2025-08-22 17:06:21,43.1307220458984,-8.47111225128174,"Unknown"
"7014857",371856,2025-08-22 17:11:20,43.1306381225586,-8.47037220001221,"Unknown"
"7014857",371856,2025-08-22 17:16:20,43.1305694580078,-8.4703197479248,"Unknown"
"7014857",371856,2025-08-22 17:21:20,43.1302223205566,-8.46976661682129,"Unknown"
"7014857",371856,2025-08-22 17:26:20,43.1303024291992,-8.46977138519287,"Unknown"
"7014857",371856,2025-08-22 17:31:20,43.130241394043,-8.46981143951416,"Unknown"
"7014857",371856,2025-08-22 17:36:20,43.1303825378418,-8.46990776062012,"Unknown"
"7014857",371856,2025-08-22 17:41:20,43.1302528381348,-8.46985912322998,"Unknown"
"7014857",371856,2025-08-22 17:46:20,43.1303329467773,-8.46976470947266,"Unknown"
"7014857",371856,2025-08-22 17:51:22,43.1302642822266,-8.46982383728027,"Unknown"
"7014857",371856,2025-08-22 17:56:20,43.1301040649414,-8.46983051300049,"Unknown"
"7014857",371856,2025-08-22 18:01:22,43.1338806152344,-8.46893978118896,"Unknown"
"7014857",371856,2025-08-22 18:06:22,43.1339149475098,-8.46894264221191,"Unknown"
"7014857",371856,2025-08-22 18:11:19,43.1339225769043,-8.46887588500977,"Unknown"
"7014857",371856,2025-08-22 18:16:20,43.1339111328125,-8.4689769744873,"Unknown"
"7014857",371856,2025-08-22 18:21:20,43.1339263916016,-8.46892738342285,"Unknown"
"7014857",371856,2025-08-22 18:26:20,43.1339454650879,-8.46896266937256,"Unknown"
"7014857",371856,2025-08-22 18:31:20,43.1339111328125,-8.46900844573975,"Unknown"
"7014857",371856,2025-08-22 18:36:21,43.1339225769043,-8.46901416778564,"Unknown"
"7014857",371856,2025-08-22 18:41:21,43.1339263916016,-8.46901416778564,"Unknown"
"7014857",371856,2025-08-22 18:46:21,43.1338806152344,-8.46913719177246,"Unknown"
"7014857",371856,2025-08-22 18:51:21,43.1338577270508,-8.46910190582275,"Unknown"
"7014857",371856,2025-08-22 18:56:21,43.1338577270508,-8.46900939941406,"Unknown"
"7014857",371856,2025-08-22 19:01:21,43.1337890625,-8.46911907196045,"Unknown"
"7014857",371856,2025-08-22 19:06:20,43.1339149475098,-8.46895027160645,"Unknown"
"7014857",371856,2025-08-22 19:11:19,43.140567779541,-8.46176910400391,"Unknown"
"7014857",371856,2025-08-22 19:16:19,43.1542587280273,-8.44717597961426,"Unknown"
"7014857",371856,2025-08-22 19:21:19,43.1711235046387,-8.44227409362793,"Unknown"
"7014857",371856,2025-08-22 19:26:20,43.1706581115723,-8.43861770629883,"Unknown"
"7014857",371856,2025-08-22 19:31:20,43.1705894470215,-8.43874740600586,"Unknown"
"7014857",371856,2025-08-22 19:36:20,43.1707534790039,-8.43857097625732,"Unknown"
"7014857",371856,2025-08-22 19:41:19,43.1705017089844,-8.4387788772583,"Unknown"
"7014857",371856,2025-08-22 19:46:19,43.1703834533691,-8.4389066696167,"Unknown"
"7014857",371856,2025-08-22 19:51:21,43.1723899841309,-8.44080638885498,"Unknown"
"7014857",371856,2025-08-22 19:56:20,43.1728057861328,-8.44021224975586,"Unknown"
"7014857",371856,2025-08-22 20:01:20,43.1727333068848,-8.44008827209473,"Unknown"
"7014857",371856,2025-08-22 20:05:16,43.1727561950684,-8.44021511077881,"Unknown"
"7014857",371856,2025-08-23 01:05:17,43.1701354980469,-8.44060516357422,"Unknown"
"7014857",371856,2025-08-23 04:02:07,43.1716270446777,-8.43937587738037,"Unknown"
"7014857",371856,2025-08-23 04:07:05,43.171745300293,-8.43936347961426,"Unknown"
"7014857",371856,2025-08-23 04:12:07,43.1719779968262,-8.43961429595947,"Unknown"
"7014857",371856,2025-08-23 04:17:07,43.1717720031738,-8.43940258026123,"Unknown"
"7014857",371856,2025-08-23 04:22:06,43.171989440918,-8.43965339660645,"Unknown"
"7014857",371856,2025-08-23 04:27:07,43.1716270446777,-8.43930912017822,"Unknown"
"7014857",371856,2025-08-23 04:32:08,43.1718482971191,-8.43922805786133,"Unknown"
"7014857",371856,2025-08-23 04:37:07,43.1716384887695,-8.43927478790283,"Unknown"
"7014857",371856,2025-08-23 04:42:07,43.1717491149902,-8.43936634063721,"Unknown"
"7014857",371856,2025-08-23 04:47:07,43.1717300415039,-8.43942260742188,"Unknown"
"7014857",371856,2025-08-23 04:52:07,43.1717262268066,-8.4395694732666,"Unknown"
"7014857",371856,2025-08-23 04:57:07,43.1717987060547,-8.43954944610596,"Unknown"
"7014857",371856,2025-08-23 05:02:06,43.1718101501465,-8.43944644927979,"Unknown"
"7014857",371856,2025-08-23 05:07:08,43.1718368530273,-8.43953037261963,"Unknown"
"7014857",371856,2025-08-23 05:12:08,43.1718673706055,-8.43946361541748,"Unknown"
"7014857",371856,2025-08-23 05:17:07,43.1719779968262,-8.43974590301514,"Unknown"
"7014857",371856,2025-08-23 05:22:08,43.1719589233398,-8.43953609466553,"Unknown"
"7014857",371856,2025-08-23 05:27:06,43.1719970703125,-8.43957042694092,"Unknown"
"7014857",371856,2025-08-23 05:32:11,43.1725311279297,-8.43949604034424,"Unknown"
"7014857",371856,2025-08-23 05:37:07,43.1714019775391,-8.44554328918457,"Unknown"
"7014857",371856,2025-08-23 05:42:10,43.1713409423828,-8.44518184661865,"Unknown"
"7014857",371856,2025-08-23 05:47:06,43.1714210510254,-8.44518280029297,"Unknown"
"7014857",371856,2025-08-23 05:52:08,43.1715431213379,-8.44515323638916,"Unknown"
"7014857",371856,2025-08-23 05:57:08,43.1715545654297,-8.44522953033447,"Unknown"
"7014857",371856,2025-08-23 06:02:06,43.1719589233398,-8.44429302215576,"Unknown"
"7014857",371856,2025-08-23 06:07:06,43.1720275878906,-8.4442081451416,"Unknown"
"7014857",371856,2025-08-23 06:12:09,43.1720161437988,-8.44428825378418,"Unknown"
"7014857",371856,2025-08-23 06:17:07,43.1719093322754,-8.44426441192627,"Unknown"
"7014857",371856,2025-08-23 06:22:06,43.1719970703125,-8.44426536560059,"Unknown"
"7014857",371856,2025-08-23 06:27:06,43.1719169616699,-8.44420909881592,"Unknown"
"7014857",371856,2025-08-23 06:32:07,43.1718559265137,-8.44406890869141,"Unknown"
"7014857",371856,2025-08-23 06:37:10,43.1720161437988,-8.44427108764648,"Unknown"
"7014857",371856,2025-08-23 06:42:10,43.171875,-8.4440975189209,"Unknown"
"7014857",371856,2025-08-23 06:47:08,43.1720085144043,-8.44412899017334,"Unknown"
"7014857",371856,2025-08-23 06:52:06,43.1719284057617,-8.4440860748291,"Unknown"
"7014857",371856,2025-08-23 06:57:08,43.1721000671387,-8.4442253112793,"Unknown"
"7014857",371856,2025-08-23 07:02:07,43.1720199584961,-8.44419479370117,"Unknown"
"7014857",371856,2025-08-23 07:07:09,43.1720237731934,-8.44412422180176,"Unknown"
"7014857",371856,2025-08-23 07:12:07,43.1720275878906,-8.44413661956787,"Unknown"
"7014857",371856,2025-08-23 07:17:09,43.1720237731934,-8.4441032409668,"Unknown"
"7014857",371856,2025-08-23 07:22:09,43.1720695495605,-8.44407272338867,"Unknown"
"7014857",371856,2025-08-23 07:27:09,43.1720886230469,-8.4440860748291,"Unknown"
"7014857",371856,2025-08-23 07:32:08,43.1721305847168,-8.44402599334717,"Unknown"
"7014857",371856,2025-08-23 07:37:09,43.1720886230469,-8.44411468505859,"Unknown"
"7014857",371856,2025-08-23 07:42:08,43.1720314025879,-8.44411182403564,"Unknown"
"7014857",371856,2025-08-23 07:47:07,43.1720771789551,-8.44405174255371,"Unknown"
"7014857",371856,2025-08-23 07:52:07,43.1721000671387,-8.44405174255371,"Unknown"
"7014857",371856,2025-08-23 07:57:07,43.1721305847168,-8.44414043426514,"Unknown"
"7014857",371856,2025-08-23 08:02:08,43.1723136901855,-8.44406986236572,"Unknown"
"7014857",371856,2025-08-23 08:07:09,43.1723403930664,-8.44412326812744,"Unknown"
"7014857",371856,2025-08-23 08:12:09,43.1709976196289,-8.44499015808105,"Unknown"
"7014857",371856,2025-08-23 08:17:09,43.1711311340332,-8.4451322555542,"Unknown"
"7014857",371856,2025-08-23 08:22:11,43.171215057373,-8.44545745849609,"Unknown"
"7014857",371856,2025-08-23 08:27:07,43.1711730957031,-8.44511604309082,"Unknown"
"7014857",371856,2025-08-23 08:32:09,43.1711883544922,-8.44528388977051,"Unknown"
"7014857",371856,2025-08-23 08:37:08,43.1709671020508,-8.44554901123047,"Unknown"
"7014857",371856,2025-08-23 08:42:09,43.1709175109863,-8.44559860229492,"Unknown"
"7014857",371856,2025-08-23 08:47:10,43.1707992553711,-8.44615173339844,"Unknown"
"7014857",371856,2025-08-23 08:52:09,43.1706619262695,-8.44619083404541,"Unknown"
"7014857",371856,2025-08-23 08:57:10,43.1707878112793,-8.44612693786621,"Unknown"
"7014857",371856,2025-08-23 09:02:07,43.170654296875,-8.44612312316895,"Unknown"
"7014857",371856,2025-08-23 09:07:09,43.1705627441406,-8.44607257843018,"Unknown"
"7014857",371856,2025-08-23 09:12:06,43.1706809997559,-8.44616317749023,"Unknown"
"7014857",371856,2025-08-23 09:17:07,43.1708755493164,-8.44609928131104,"Unknown"
"7014857",371856,2025-08-23 09:22:08,43.1709213256836,-8.44595336914062,"Unknown"
"7014857",371856,2025-08-23 09:27:06,43.1707801818848,-8.44587802886963,"Unknown"
"7014857",371856,2025-08-23 09:32:07,43.1710624694824,-8.44599437713623,"Unknown"
"7014857",371856,2025-08-23 09:37:06,43.1708755493164,-8.4459171295166,"Unknown"
"7014857",371856,2025-08-23 09:42:09,43.1709365844727,-8.44594383239746,"Unknown"
"7014857",371856,2025-08-23 09:47:07,43.1709442138672,-8.44612598419189,"Unknown"
"7014857",371856,2025-08-23 09:52:07,43.1711044311523,-8.44590663909912,"Unknown"
"7014857",371856,2025-08-23 09:57:14,43.1706504821777,-8.44574451446533,"Unknown"
"7014857",371856,2025-08-23 10:02:14,43.1710090637207,-8.44576549530029,"Unknown"
"7014857",371856,2025-08-23 10:07:09,43.1711921691895,-8.44583988189697,"Unknown"
"7014857",371856,2025-08-23 10:12:11,43.1710472106934,-8.44585418701172,"Unknown"
"7014857",371856,2025-08-23 10:17:07,43.170955657959,-8.44608020782471,"Unknown"
"7014857",371856,2025-08-23 10:22:09,43.170783996582,-8.44598484039307,"Unknown"
"7014857",371856,2025-08-23 10:27:08,43.1711769104004,-8.44626617431641,"Unknown"
"7014857",371856,2025-08-23 10:32:10,43.1711578369141,-8.44579982757568,"Unknown"
"7014857",371856,2025-08-23 10:37:09,43.1708717346191,-8.44627380371094,"Unknown"
"7014857",371856,2025-08-23 10:42:07,43.1711845397949,-8.44651031494141,"Unknown"
"7014857",371856,2025-08-23 10:47:25,43.1708183288574,-8.4460563659668,"Unknown"
"7014857",371856,2025-08-23 10:52:19,43.1709594726562,-8.4459753036499,"Unknown"
"7014857",371856,2025-08-23 10:57:14,43.1709289550781,-8.44614028930664,"Unknown"
"7014857",371856,2025-08-23 11:02:25,43.170970916748,-8.44604206085205,"Unknown"
"7014857",371856,2025-08-23 11:07:22,43.170955657959,-8.44608497619629,"Unknown"
"7014857",371856,2025-08-23 11:12:31,43.1710357666016,-8.44568634033203,"Unknown"
"7014857",371856,2025-08-23 11:17:05,43.171028137207,-8.44555282592773,"Unknown"
"7014857",371856,2025-08-23 11:22:06,43.1710166931152,-8.44542407989502,"Unknown"
"7014857",371856,2025-08-23 11:27:06,43.1709480285645,-8.44560050964355,"Unknown"
"7014857",371856,2025-08-23 11:32:06,43.1710815429688,-8.44582176208496,"Unknown"
"7014857",371856,2025-08-23 11:37:07,43.1718673706055,-8.44534397125244,"Unknown"
"7014857",371856,2025-08-23 11:42:06,43.1713562011719,-8.44526672363281,"Unknown"
"7014857",371856,2025-08-23 11:47:08,43.1714477539062,-8.44548797607422,"Unknown"
"7014857",371856,2025-08-23 11:52:10,43.1713371276855,-8.44554042816162,"Unknown"
"7014857",371856,2025-08-23 11:57:11,43.1715888977051,-8.44559478759766,"Unknown"
"7014857",371856,2025-08-23 12:02:44,43.1714553833008,-8.44539928436279,"Unknown"
"7014857",371856,2025-08-23 12:07:05,43.1714668273926,-8.44539451599121,"Unknown"
"7014857",371856,2025-08-23 12:12:05,43.1715202331543,-8.44539642333984,"Unknown"
"7014857",371856,2025-08-23 12:17:06,43.1775550842285,-8.44199466705322,"Unknown"
"7014857",371856,2025-08-23 12:22:12,43.1857872009277,-8.43095397949219,"Unknown"
"7014857",371856,2025-08-23 12:27:06,43.2097816467285,-8.41597557067871,"Unknown"
"7014857",371856,2025-08-23 12:32:06,43.2598419189453,-8.39668560028076,"Unknown"
"7014857",371856,2025-08-23 12:37:07,43.2988777160645,-8.36818218231201,"Unknown"
"7014857",371856,2025-08-23 12:42:06,43.3270149230957,-8.36034870147705,"Unknown"
"7014857",371856,2025-08-23 12:47:07,43.348201751709,-8.34974479675293,"Unknown"
"7014857",371856,2025-08-23 12:52:14,43.3493919372559,-8.34733581542969,"Unknown"
"7014857",371856,2025-08-23 12:57:14,43.3491859436035,-8.34721279144287,"Unknown"
"7014857",371856,2025-08-23 13:02:10,43.3494110107422,-8.34769248962402,"Unknown"
"7014857",371856,2025-08-23 13:07:10,43.356559753418,-8.35253810882568,"Unknown"
"7014857",371856,2025-08-23 13:12:10,43.360668182373,-8.3493013381958,"Unknown"
"7014857",371856,2025-08-23 13:17:21,43.3710403442383,-8.3443546295166,"Unknown"
"7014857",371856,2025-08-23 13:22:12,43.3711967468262,-8.34471035003662,"Unknown"
"7014857",371856,2025-08-23 13:27:11,43.3786201477051,-8.33517932891846,"Unknown"
"7014857",371856,2025-08-23 13:32:12,43.3900947570801,-8.30272769927979,"Unknown"
"7014857",371856,2025-08-23 13:37:35,43.3906097412109,-8.28420639038086,"Unknown"
"7014857",371856,2025-08-23 13:42:06,43.3905715942383,-8.28409385681152,"Unknown"
"7014857",371856,2025-08-23 13:47:06,43.3904762268066,-8.28405094146729,"Unknown"
"7014857",371856,2025-08-23 13:52:06,43.390625,-8.28389930725098,"Unknown"
"7014857",371856,2025-08-23 13:57:07,43.392276763916,-8.28445339202881,"Unknown"
"7014857",371856,2025-08-23 14:02:06,43.3920478820801,-8.28423595428467,"Unknown"
"7014857",371856,2025-08-23 14:07:07,43.3922805786133,-8.28443622589111,"Unknown"
"7014857",371856,2025-08-23 14:12:06,43.3922653198242,-8.28444385528564,"Unknown"
"7014857",371856,2025-08-23 14:17:06,43.3922729492188,-8.28446102142334,"Unknown"
"7014857",371856,2025-08-23 14:22:06,43.3921546936035,-8.28442192077637,"Unknown"
"7014857",371856,2025-08-23 14:27:07,43.3930778503418,-8.28564167022705,"Unknown"
"7014857",371856,2025-08-23 14:32:08,43.3935966491699,-8.28518486022949,"Unknown"
"7014857",371856,2025-08-23 14:37:06,43.3935737609863,-8.28506088256836,"Unknown"
"7014857",371856,2025-08-23 14:42:09,43.3935813903809,-8.28506660461426,"Unknown"
"7014857",371856,2025-08-23 14:47:06,43.3935623168945,-8.28509140014648,"Unknown"
"7014857",371856,2025-08-23 14:52:11,43.3936996459961,-8.28514957427979,"Unknown"
"7014857",371856,2025-08-23 14:57:14,43.3934326171875,-8.28469085693359,"Unknown"
"7014857",371856,2025-08-23 15:02:10,43.3934211730957,-8.28467178344727,"Unknown"
"7014857",371856,2025-08-23 15:07:09,43.3936424255371,-8.28499984741211,"Unknown"
"7014857",371856,2025-08-23 15:12:10,43.3936538696289,-8.28497314453125,"Unknown"
"7014857",371856,2025-08-23 15:17:11,43.3936538696289,-8.28495407104492,"Unknown"
"7014857",371856,2025-08-23 15:22:10,43.3936004638672,-8.28473949432373,"Unknown"
"7014857",371856,2025-08-23 15:27:11,43.3936805725098,-8.28488063812256,"Unknown"
"7014857",371856,2025-08-23 15:32:11,43.393669128418,-8.28478145599365,"Unknown"
"7014857",371856,2025-08-23 15:37:12,43.3936538696289,-8.28470039367676,"Unknown"
"7014857",371856,2025-08-23 15:42:12,43.3936958312988,-8.28470802307129,"Unknown"
"7014857",371856,2025-08-23 15:47:35,43.3937034606934,-8.2847957611084,"Unknown"
"7014857",371856,2025-08-23 15:52:07,43.3936920166016,-8.28489398956299,"Unknown"
"7014857",371856,2025-08-23 15:57:07,43.393726348877,-8.28486824035645,"Unknown"
"7014857",371856,2025-08-23 16:02:07,43.3936653137207,-8.28499221801758,"Unknown"
"7014857",371856,2025-08-23 16:07:08,43.3937072753906,-8.28505325317383,"Unknown"
"7014857",371856,2025-08-23 16:12:08,43.3936576843262,-8.28493404388428,"Unknown"
"7014857",371856,2025-08-23 16:17:07,43.393726348877,-8.28495121002197,"Unknown"
"7014857",371856,2025-08-23 16:22:07,43.3936347961426,-8.28500175476074,"Unknown"
"7014857",371856,2025-08-23 16:27:09,43.3935737609863,-8.28500270843506,"Unknown"
"7014857",371856,2025-08-23 16:32:08,43.3935661315918,-8.28522777557373,"Unknown"
"7014857",371856,2025-08-23 16:37:07,43.3936882019043,-8.28518009185791,"Unknown"
"7014857",371856,2025-08-23 16:42:08,43.3936767578125,-8.2851734161377,"Unknown"
"7014857",371856,2025-08-23 16:47:07,43.3936653137207,-8.2852029800415,"Unknown"
"7014857",371856,2025-08-23 16:52:08,43.3936233520508,-8.28521251678467,"Unknown"
"7014857",371856,2025-08-23 16:57:07,43.3935241699219,-8.2851734161377,"Unknown"
"7014857",371856,2025-08-23 17:02:08,43.3936386108398,-8.28536224365234,"Unknown"
"7014857",371856,2025-08-23 17:07:08,43.3936347961426,-8.28532600402832,"Unknown"
"7014857",371856,2025-08-23 17:12:08,43.393684387207,-8.285325050354,"Unknown"
"7014857",371856,2025-08-23 17:17:08,43.3937377929688,-8.28549480438232,"Unknown"
"7014857",371856,2025-08-23 17:22:09,43.3936462402344,-8.28519248962402,"Unknown"
"7014857",371856,2025-08-23 17:27:09,43.3938751220703,-8.28520202636719,"Unknown"
"7014857",371856,2025-08-23 17:32:11,43.393611907959,-8.28432273864746,"Unknown"
"7014857",371856,2025-08-23 17:37:08,43.3938140869141,-8.28476428985596,"Unknown"
"7014857",371856,2025-08-23 17:42:11,43.3858222961426,-8.29625415802002,"Unknown"
"7014857",371856,2025-08-23 17:47:09,43.3861198425293,-8.29635620117188,"Unknown"
"7014857",371856,2025-08-23 17:52:19,43.3923835754395,-8.28855037689209,"Unknown"
"7014857",371856,2025-08-23 17:57:08,43.3923873901367,-8.28843307495117,"Unknown"
"7014857",371856,2025-08-23 18:02:13,43.3925094604492,-8.28844261169434,"Unknown"
"7014857",371856,2025-08-23 18:07:11,43.3924026489258,-8.28854656219482,"Unknown"
"7014857",371856,2025-08-23 18:12:20,43.3924102783203,-8.28853130340576,"Unknown"
"7014857",371856,2025-08-23 18:17:31,43.3923492431641,-8.28865814208984,"Unknown"
"7014857",371856,2025-08-23 18:22:07,43.3923492431641,-8.28863525390625,"Unknown"
"7014857",371856,2025-08-23 18:27:08,43.3923225402832,-8.28869819641113,"Unknown"
"7014857",371856,2025-08-23 18:32:08,43.3922843933105,-8.28877735137939,"Unknown"
"7014857",371856,2025-08-23 18:37:08,43.3921813964844,-8.2885913848877,"Unknown"
"7014857",371856,2025-08-23 18:42:08,43.3922576904297,-8.28882789611816,"Unknown"
"7014857",371856,2025-08-23 18:47:08,43.3922996520996,-8.2886848449707,"Unknown"
"7014857",371856,2025-08-23 18:52:09,43.392219543457,-8.2887020111084,"Unknown"
"7014857",371856,2025-08-23 18:57:12,43.3923225402832,-8.28864097595215,"Unknown"
"7014857",371856,2025-08-23 19:02:12,43.3921737670898,-8.28866195678711,"Unknown"
"7014857",371856,2025-08-23 19:07:07,43.392147064209,-8.288743019104,"Unknown"
"7014857",371856,2025-08-23 19:12:10,43.3921890258789,-8.2886209487915,"Unknown"
"7014857",371856,2025-08-23 19:17:12,43.3921279907227,-8.28866481781006,"Unknown"
"7014857",371856,2025-08-23 19:22:13,43.3920860290527,-8.28862571716309,"Unknown"
"7014857",371856,2025-08-23 19:27:20,43.392204284668,-8.28861141204834,"Unknown"
"7014857",371856,2025-08-23 19:32:17,43.3922080993652,-8.28861045837402,"Unknown"
"7014857",371856,2025-08-23 19:37:09,43.3920974731445,-8.28855133056641,"Unknown"
"7014857",371856,2025-08-23 19:42:12,43.3928375244141,-8.2885913848877,"Unknown"
"7014857",371856,2025-08-23 19:47:12,43.3926849365234,-8.28853416442871,"Unknown"
"7014857",371856,2025-08-23 19:52:10,43.3925971984863,-8.28848266601562,"Unknown"
"7014857",371856,2025-08-23 19:57:11,43.3932800292969,-8.28776359558105,"Unknown"
"7014857",371856,2025-08-23 20:03:24,43.394603729248,-8.28633880615234,"Unknown"
"7014857",371856,2025-08-24 01:03:44,43.3942832946777,-8.28571033477783,"Unknown"
"7014857",371856,2025-08-24 04:02:35,43.3943099975586,-8.28604221343994,"Unknown"
"7014857",371856,2025-08-24 04:07:09,43.3942184448242,-8.28603553771973,"Unknown"
"7014857",371856,2025-08-24 04:12:09,43.3942718505859,-8.28604888916016,"Unknown"
"7014857",371856,2025-08-24 04:17:09,43.3941955566406,-8.28609085083008,"Unknown"
"7014857",371856,2025-08-24 04:22:09,43.3943862915039,-8.28615665435791,"Unknown"
"7014857",371856,2025-08-24 04:27:08,43.3943862915039,-8.28622245788574,"Unknown"
"7014857",371856,2025-08-24 04:32:09,43.394416809082,-8.28623962402344,"Unknown"
"7014857",371856,2025-08-24 04:37:08,43.3944358825684,-8.28619384765625,"Unknown"
"7014857",371856,2025-08-24 04:42:09,43.3944206237793,-8.28618144989014,"Unknown"
"7014857",371856,2025-08-24 04:47:11,43.3925476074219,-8.28364658355713,"Unknown"
"7014857",371856,2025-08-24 04:52:10,43.3925285339355,-8.28359794616699,"Unknown"
"7014857",371856,2025-08-24 04:57:10,43.3926734924316,-8.28376007080078,"Unknown"
"7014857",371856,2025-08-24 05:02:09,43.3925437927246,-8.28349304199219,"Unknown"
"7014857",371856,2025-08-24 05:07:10,43.3928337097168,-8.28363800048828,"Unknown"
"7014857",371856,2025-08-24 05:12:10,43.3928070068359,-8.28367233276367,"Unknown"
"7014857",371856,2025-08-24 05:17:12,43.3926429748535,-8.2833423614502,"Unknown"
"7014857",371856,2025-08-24 05:22:11,43.3926544189453,-8.2833080291748,"Unknown"
"7014857",371856,2025-08-24 05:27:12,43.3925399780273,-8.28245639801025,"Unknown"
"7014857",371856,2025-08-24 05:32:12,43.3921203613281,-8.28158378601074,"Unknown"
"7014857",371856,2025-08-24 05:37:10,43.3929214477539,-8.28373622894287,"Unknown"
"7014857",371856,2025-08-24 05:42:11,43.3927726745605,-8.28425693511963,"Unknown"
"7014857",371856,2025-08-24 05:47:08,43.3927116394043,-8.28427124023438,"Unknown"
"7014857",371856,2025-08-24 05:52:08,43.3928565979004,-8.28487968444824,"Unknown"
"7014857",371856,2025-08-24 05:57:09,43.3928756713867,-8.28349590301514,"Unknown"
"7014857",371856,2025-08-24 06:02:10,43.3928070068359,-8.28407287597656,"Unknown"
"7014857",371856,2025-08-24 06:07:19,43.3929786682129,-8.28340148925781,"Unknown"
"7014857",371856,2025-08-24 06:12:11,43.3929481506348,-8.28179264068604,"Unknown"
"7014857",371856,2025-08-24 06:17:12,43.3849639892578,-8.29255485534668,"Unknown"
"7014857",371856,2025-08-24 06:22:16,43.3845443725586,-8.29464340209961,"Unknown"
"7014857",371856,2025-08-24 06:27:13,43.3845748901367,-8.29287719726562,"Unknown"
"7014857",371856,2025-08-24 06:32:12,43.3938369750977,-8.28784084320068,"Unknown"
"7014857",371856,2025-08-24 06:37:22,43.3937034606934,-8.28921985626221,"Unknown"
"7014857",371856,2025-08-24 06:42:10,43.3936805725098,-8.28806781768799,"Unknown"
"7014857",371856,2025-08-24 06:47:13,43.3936538696289,-8.28773975372314,"Unknown"
"7014857",371856,2025-08-24 06:52:12,43.3937187194824,-8.28815364837646,"Unknown"
"7014857",371856,2025-08-24 06:57:09,43.3936882019043,-8.28844165802002,"Unknown"
"7014857",371856,2025-08-24 07:02:12,43.3937034606934,-8.2885913848877,"Unknown"
"7014857",371856,2025-08-24 07:07:10,43.3937301635742,-8.28880786895752,"Unknown"
"7014857",371856,2025-08-24 07:12:11,43.3935165405273,-8.28834247589111,"Unknown"
"7014857",371856,2025-08-24 07:17:11,43.3937721252441,-8.28878974914551,"Unknown"
"7014857",371856,2025-08-24 07:22:16,43.3938522338867,-8.28860855102539,"Unknown"
"7014857",371856,2025-08-24 07:27:21,43.3939514160156,-8.28849792480469,"Unknown"
"7014857",371856,2025-08-24 07:32:16,43.3937911987305,-8.28864479064941,"Unknown"
"7014857",371856,2025-08-24 07:37:11,43.3954315185547,-8.28775501251221,"Unknown"
"7014857",371856,2025-08-24 07:42:13,43.392879486084,-8.2836275100708,"Unknown"
"7014857",371856,2025-08-24 07:47:16,43.3894271850586,-8.28345108032227,"Unknown"
"7014857",371856,2025-08-24 07:52:16,43.3896293640137,-8.28328704833984,"Unknown"
"7014857",371856,2025-08-24 07:57:14,43.3895378112793,-8.28338146209717,"Unknown"
"7014857",371856,2025-08-24 08:02:20,43.3895492553711,-8.28338050842285,"Unknown"
"7014857",371856,2025-08-24 08:07:14,43.3894119262695,-8.28341388702393,"Unknown"
"7014857",371856,2025-08-24 08:12:13,43.3896064758301,-8.28334045410156,"Unknown"
"7014857",371856,2025-08-24 08:17:12,43.3896713256836,-8.28343772888184,"Unknown"
"7014857",371856,2025-08-24 08:22:16,43.3893165588379,-8.28369045257568,"Unknown"
"7014857",371856,2025-08-24 08:27:14,43.3893127441406,-8.283447265625,"Unknown"
"7014857",371856,2025-08-24 08:32:14,43.3893928527832,-8.28338813781738,"Unknown"
"7014857",371856,2025-08-24 08:37:18,43.3893623352051,-8.28342533111572,"Unknown"
"7014857",371856,2025-08-24 08:42:14,43.389476776123,-8.28346061706543,"Unknown"
"7014857",371856,2025-08-24 08:47:19,43.3894309997559,-8.2835521697998,"Unknown"
"7014857",371856,2025-08-24 08:52:12,43.3892021179199,-8.28357028961182,"Unknown"
"7014857",371856,2025-08-24 08:57:17,43.3893699645996,-8.2835521697998,"Unknown"
"7014857",371856,2025-08-24 09:02:28,43.3894653320312,-8.2835693359375,"Unknown"
"7014857",371856,2025-08-24 09:07:14,43.3894119262695,-8.28354835510254,"Unknown"
"7014857",371856,2025-08-24 09:12:13,43.3892860412598,-8.28368091583252,"Unknown"
"7014857",371856,2025-08-24 09:17:18,43.3895645141602,-8.28363132476807,"Unknown"
"7014857",371856,2025-08-24 09:22:17,43.3894386291504,-8.28365516662598,"Unknown"
"7014857",371856,2025-08-24 09:27:14,43.3895530700684,-8.28361034393311,"Unknown"
"7014857",371856,2025-08-24 09:32:14,43.3895568847656,-8.28358364105225,"Unknown"
"7014857",371856,2025-08-24 09:37:10,43.3899536132812,-8.28369331359863,"Unknown"
"7014857",371856,2025-08-24 09:42:19,43.3897933959961,-8.28344535827637,"Unknown"
"7014857",371856,2025-08-24 09:47:19,43.3897247314453,-8.28329753875732,"Unknown"
"7014857",371856,2025-08-24 09:52:14,43.3896827697754,-8.28322219848633,"Unknown"
"7014857",371856,2025-08-24 09:57:35,43.3893814086914,-8.28365325927734,"Unknown"
"7014857",371856,2025-08-24 10:02:09,43.3894309997559,-8.28366470336914,"Unknown"
"7014857",371856,2025-08-24 10:07:09,43.3893928527832,-8.28371429443359,"Unknown"
"7014857",371856,2025-08-24 10:12:08,43.3893928527832,-8.28357982635498,"Unknown"
"7014857",371856,2025-08-24 10:17:09,43.3893775939941,-8.28354358673096,"Unknown"
"7014857",371856,2025-08-24 10:22:09,43.3894538879395,-8.28357696533203,"Unknown"
"7014857",371856,2025-08-24 10:27:09,43.3893241882324,-8.28357887268066,"Unknown"
"7014857",371856,2025-08-24 10:32:09,43.3893585205078,-8.28358268737793,"Unknown"
"7014857",371856,2025-08-24 10:37:09,43.3893089294434,-8.28348922729492,"Unknown"
"7014857",371856,2025-08-24 10:42:09,43.3893852233887,-8.28353404998779,"Unknown"
"7014857",371856,2025-08-24 10:47:09,43.3893966674805,-8.28352642059326,"Unknown"
"7014857",371856,2025-08-24 10:52:09,43.3893280029297,-8.28347587585449,"Unknown"
"7014857",371856,2025-08-24 10:57:09,43.3894844055176,-8.28359889984131,"Unknown"
"7014857",371856,2025-08-24 11:02:22,43.389289855957,-8.28348827362061,"Unknown"
"7014857",371856,2025-08-24 11:07:28,43.3893432617188,-8.2835111618042,"Unknown"
"7014857",371856,2025-08-24 11:12:35,43.3893966674805,-8.28353786468506,"Unknown"
"7014857",371856,2025-08-24 11:17:09,43.3893737792969,-8.28358554840088,"Unknown"
"7014857",371856,2025-08-24 11:22:09,43.3893890380859,-8.28354263305664,"Unknown"
"7014857",371856,2025-08-24 11:27:09,43.3894119262695,-8.2836389541626,"Unknown"
"7014857",371856,2025-08-24 11:32:09,43.3894729614258,-8.28378582000732,"Unknown"
"7014857",371856,2025-08-24 11:37:09,43.3895034790039,-8.28373622894287,"Unknown"
"7014857",371856,2025-08-24 11:42:09,43.3895072937012,-8.28373908996582,"Unknown"
"7014857",371856,2025-08-24 11:47:09,43.389518737793,-8.28374481201172,"Unknown"
"7014857",371856,2025-08-24 11:52:10,43.3894844055176,-8.28377628326416,"Unknown"
"7014857",371856,2025-08-24 11:57:10,43.3895301818848,-8.28388023376465,"Unknown"
"7014857",371856,2025-08-24 12:02:09,43.3895263671875,-8.28375720977783,"Unknown"
"7014857",371856,2025-08-24 12:07:09,43.3894348144531,-8.28385066986084,"Unknown"
"7014857",371856,2025-08-24 12:12:09,43.3895416259766,-8.28382205963135,"Unknown"
"7014857",371856,2025-08-24 12:17:09,43.3894920349121,-8.28378009796143,"Unknown"
"7014857",371856,2025-08-24 12:22:09,43.3894996643066,-8.28369808197021,"Unknown"
"7014857",371856,2025-08-24 12:27:09,43.3894653320312,-8.28372859954834,"Unknown"
"7014857",371856,2025-08-24 12:32:11,43.3895034790039,-8.28372287750244,"Unknown"
"7014857",371856,2025-08-24 12:37:10,43.3894882202148,-8.28376293182373,"Unknown"
"7014857",371856,2025-08-24 12:42:10,43.3894424438477,-8.28369140625,"Unknown"
"7014857",371856,2025-08-24 12:47:09,43.3894081115723,-8.28381824493408,"Unknown"
"7014857",371856,2025-08-24 12:52:11,43.3892517089844,-8.28379249572754,"Unknown"
"7014857",371856,2025-08-24 12:57:10,43.3894538879395,-8.28367805480957,"Unknown"
"7014857",371856,2025-08-24 13:02:09,43.3892021179199,-8.28322124481201,"Unknown"
"7014857",371856,2025-08-24 13:07:09,43.3893699645996,-8.28379249572754,"Unknown"
"7014857",371856,2025-08-24 13:12:09,43.3892707824707,-8.28374004364014,"Unknown"
"7014857",371856,2025-08-24 13:17:10,43.3891944885254,-8.28361320495605,"Unknown"
"7014857",371856,2025-08-24 13:22:09,43.3891983032227,-8.28373432159424,"Unknown"
"7014857",371856,2025-08-24 13:27:35,43.3892707824707,-8.28368949890137,"Unknown"
"7014857",371856,2025-08-24 13:32:09,43.3894271850586,-8.28357696533203,"Unknown"
"7014857",371856,2025-08-24 13:37:09,43.3894691467285,-8.28365898132324,"Unknown"
"7014857",371856,2025-08-24 13:42:11,43.3893928527832,-8.28361701965332,"Unknown"
"7014857",371856,2025-08-24 13:47:09,43.3895225524902,-8.28367328643799,"Unknown"
"7014857",371856,2025-08-24 13:52:11,43.3896522521973,-8.28383541107178,"Unknown"
"7014857",371856,2025-08-24 13:57:09,43.3895149230957,-8.28360366821289,"Unknown"
"7014857",371856,2025-08-24 14:02:09,43.3894119262695,-8.28359508514404,"Unknown"
"7014857",371856,2025-08-24 14:07:12,43.3895645141602,-8.2838716506958,"Unknown"
"7014857",371856,2025-08-24 14:12:09,43.389461517334,-8.28381156921387,"Unknown"
"7014857",371856,2025-08-24 14:17:10,43.3895378112793,-8.28380966186523,"Unknown"
"7014857",371856,2025-08-24 14:22:10,43.3895683288574,-8.28377914428711,"Unknown"
"7014857",371856,2025-08-24 14:27:10,43.3894920349121,-8.28384017944336,"Unknown"
"7014857",371856,2025-08-24 14:32:09,43.3896217346191,-8.28389644622803,"Unknown"
"7014857",371856,2025-08-24 14:37:09,43.3927040100098,-8.28343963623047,"Unknown"
"7014857",371856,2025-08-24 14:42:10,43.3927154541016,-8.28353977203369,"Unknown"
"7014857",371856,2025-08-24 14:47:09,43.3927001953125,-8.28345584869385,"Unknown"
"7014857",371856,2025-08-24 14:52:09,43.392707824707,-8.28345489501953,"Unknown"
"7014857",371856,2025-08-24 14:57:10,43.3928070068359,-8.28351974487305,"Unknown"
"7014857",371856,2025-08-24 15:02:10,43.3927688598633,-8.28351497650146,"Unknown"
"7014857",371856,2025-08-24 15:07:09,43.3928184509277,-8.28759479522705,"Unknown"
"7014857",371856,2025-08-24 15:12:12,43.3929176330566,-8.28783130645752,"Unknown"
"7014857",371856,2025-08-24 15:17:10,43.3929138183594,-8.28766822814941,"Unknown"
"7014857",371856,2025-08-24 15:22:09,43.3929252624512,-8.28771114349365,"Unknown"
"7014857",371856,2025-08-24 15:27:09,43.393180847168,-8.2877140045166,"Unknown"
"7014857",371856,2025-08-24 15:32:09,43.3930015563965,-8.28763771057129,"Unknown"
"7014857",371856,2025-08-24 15:37:09,43.3929977416992,-8.28770446777344,"Unknown"
"7014857",371856,2025-08-24 15:42:09,43.3930587768555,-8.28769779205322,"Unknown"
"7014857",371856,2025-08-24 15:47:09,43.3930587768555,-8.28767108917236,"Unknown"
"7014857",371856,2025-08-24 15:52:09,43.3931312561035,-8.28775405883789,"Unknown"
"7014857",371856,2025-08-24 15:57:09,43.392822265625,-8.28774929046631,"Unknown"
"7014857",371856,2025-08-24 16:02:09,43.3928184509277,-8.28781127929688,"Unknown"
"7014857",371856,2025-08-24 16:07:09,43.3928604125977,-8.28780937194824,"Unknown"
"7014857",371856,2025-08-24 16:12:09,43.3929634094238,-8.28774356842041,"Unknown"
"7014857",371856,2025-08-24 16:17:09,43.3927803039551,-8.28783702850342,"Unknown"
"7014857",371856,2025-08-24 16:22:09,43.3928833007812,-8.2877950668335,"Unknown"
"7014857",371856,2025-08-24 16:27:09,43.3929061889648,-8.28785037994385,"Unknown"
"7014857",371856,2025-08-24 16:32:09,43.3929138183594,-8.28787422180176,"Unknown"
"7014857",371856,2025-08-24 16:37:09,43.3930702209473,-8.28790950775146,"Unknown"
"7014857",371856,2025-08-24 16:42:09,43.3931007385254,-8.28793621063232,"Unknown"
"7014857",371856,2025-08-24 16:47:11,43.3931159973145,-8.28795337677002,"Unknown"
"7014857",371856,2025-08-24 16:52:11,43.3932113647461,-8.2879695892334,"Unknown"
"7014857",371856,2025-08-24 16:57:20,43.3929252624512,-8.2877950668335,"Unknown"
"7014857",371856,2025-08-24 17:02:12,43.3932723999023,-8.28774356842041,"Unknown"
"7014857",371856,2025-08-24 17:07:12,43.3932685852051,-8.28774070739746,"Unknown"
"7014857",371856,2025-08-24 17:12:14,43.4089431762695,-8.27782440185547,"Unknown"
"7014857",371856,2025-08-24 17:17:12,43.4125595092773,-8.28066349029541,"Unknown"
"7014857",371856,2025-08-24 17:22:12,43.413215637207,-8.2821683883667,"Unknown"
"7014857",371856,2025-08-24 17:27:12,43.413516998291,-8.28215026855469,"Unknown"
"7014857",371856,2025-08-24 17:32:12,43.4272346496582,-8.276686668396,"Unknown"
"7014857",371856,2025-08-24 17:37:11,43.4280586242676,-8.27765369415283,"Unknown"
"7014857",371856,2025-08-24 17:42:12,43.4280548095703,-8.27762508392334,"Unknown"
"7014857",371856,2025-08-24 17:47:11,43.4270477294922,-8.27630138397217,"Unknown"
"7014857",371856,2025-08-24 17:52:11,43.4282112121582,-8.27755546569824,"Unknown"
"7014857",371856,2025-08-24 17:57:12,43.427806854248,-8.27785205841064,"Unknown"
"7014857",371856,2025-08-24 18:02:18,43.4278450012207,-8.27775764465332,"Unknown"
"7014857",371856,2025-08-24 18:08:05,43.4279594421387,-8.27767658233643,"Unknown"
"7014857",371856,2025-08-24 18:12:11,43.4284324645996,-8.27698421478271,"Unknown"
"7014857",371856,2025-08-24 18:17:11,43.4283905029297,-8.27696132659912,"Unknown"
"7014857",371856,2025-08-24 18:22:12,43.4284477233887,-8.27701759338379,"Unknown"
"7014857",371856,2025-08-24 18:27:11,43.4284400939941,-8.27700424194336,"Unknown"
"7014857",371856,2025-08-24 18:32:14,43.4285202026367,-8.27716064453125,"Unknown"
"7014857",371856,2025-08-24 18:37:11,43.4284744262695,-8.27705383300781,"Unknown"
"7014857",371856,2025-08-24 18:42:14,43.4284629821777,-8.2770528793335,"Unknown"
"7014857",371856,2025-08-24 18:47:35,43.4284820556641,-8.27708339691162,"Unknown"
"7014857",371856,2025-08-24 18:52:11,43.4283256530762,-8.27713489532471,"Unknown"
"7014857",371856,2025-08-24 18:57:11,43.4282112121582,-8.27704906463623,"Unknown"
"7014857",371856,2025-08-24 19:02:11,43.4283027648926,-8.27704429626465,"Unknown"
"7014857",371856,2025-08-24 19:07:13,43.4283599853516,-8.27709579467773,"Unknown"
"7014857",371856,2025-08-24 19:12:16,43.4283676147461,-8.27702522277832,"Unknown"
"7014857",371856,2025-08-24 19:17:10,43.4284172058105,-8.27699375152588,"Unknown"
"7014857",371856,2025-08-24 19:22:12,43.4284782409668,-8.27702808380127,"Unknown"
"7014857",371856,2025-08-24 19:27:11,43.4284400939941,-8.27691650390625,"Unknown"
"7014857",371856,2025-08-24 19:32:12,43.4283828735352,-8.27691078186035,"Unknown"
"7014857",371856,2025-08-24 19:37:11,43.4285049438477,-8.27697467803955,"Unknown"
"7014857",371856,2025-08-24 19:42:12,43.4284019470215,-8.27692604064941,"Unknown"
"7014857",371856,2025-08-24 19:47:10,43.4283447265625,-8.2768669128418,"Unknown"
"7014857",371856,2025-08-24 19:52:12,43.4284896850586,-8.27701187133789,"Unknown"
"7014857",371856,2025-08-24 19:57:13,43.4285011291504,-8.27713584899902,"Unknown"
"7014857",371856,2025-08-24 20:01:40,43.4283599853516,-8.2769250869751,"Unknown"
"7014857",371856,2025-08-25 01:01:50,43.4268455505371,-8.27563858032227,"Unknown"
"7014857",371856,2025-08-25 04:04:05,43.4283294677734,-8.27663230895996,"Unknown"
"7014857",371856,2025-08-25 04:08:36,43.4283218383789,-8.2766580581665,"Unknown"
"7014857",371856,2025-08-25 04:13:38,43.4283332824707,-8.27673721313477,"Unknown"
"7014857",371856,2025-08-25 04:18:41,43.4283599853516,-8.27667236328125,"Unknown"
"7014857",371856,2025-08-25 04:23:36,43.4283142089844,-8.27658081054688,"Unknown"
"7014857",371856,2025-08-25 04:28:38,43.4284362792969,-8.27665996551514,"Unknown"
"7014857",371856,2025-08-25 04:33:36,43.4284248352051,-8.27664756774902,"Unknown"
"7014857",371856,2025-08-25 04:38:36,43.4284706115723,-8.27686595916748,"Unknown"
"7014857",371856,2025-08-25 04:43:36,43.4285049438477,-8.27690982818604,"Unknown"
"7014857",371856,2025-08-25 04:48:43,43.4284439086914,-8.27692604064941,"Unknown"
"7014857",371856,2025-08-25 04:53:50,43.4284553527832,-8.27704906463623,"Unknown"
"7014857",371856,2025-08-25 04:58:36,43.4283638000488,-8.27711009979248,"Unknown"
"7014857",371856,2025-08-25 05:03:36,43.4284019470215,-8.27709865570068,"Unknown"
"7014857",371856,2025-08-25 05:08:42,43.4283676147461,-8.27701950073242,"Unknown"
"7014857",371856,2025-08-25 05:13:37,43.4282913208008,-8.27702713012695,"Unknown"
"7014857",371856,2025-08-25 05:18:36,43.4284248352051,-8.27694225311279,"Unknown"
"7014857",371856,2025-08-25 05:23:37,43.4283599853516,-8.27701187133789,"Unknown"
"7014857",371856,2025-08-25 05:29:05,43.4283332824707,-8.2769603729248,"Unknown"
"7014857",371856,2025-08-25 05:33:37,43.4283981323242,-8.27717304229736,"Unknown"
"7014857",371856,2025-08-25 05:38:37,43.4280853271484,-8.27814960479736,"Unknown"
"7014857",371856,2025-08-25 05:43:37,43.4282569885254,-8.27763080596924,"Unknown"
"7014857",371856,2025-08-25 05:48:37,43.4286727905273,-8.27682971954346,"Unknown"
"7014857",371856,2025-08-25 05:53:37,43.4291915893555,-8.2767915725708,"Unknown"
"7014857",371856,2025-08-25 05:58:37,43.4301071166992,-8.27629470825195,"Unknown"
"7014857",371856,2025-08-25 06:03:40,43.4223594665527,-8.2749195098877,"Unknown"
"7014857",371856,2025-08-25 06:08:38,43.4171142578125,-8.26768398284912,"Unknown"
"7014857",371856,2025-08-25 06:13:39,43.4171295166016,-8.26911544799805,"Unknown"
"7014857",371856,2025-08-25 06:18:37,43.4184341430664,-8.25974082946777,"Unknown"
"7014857",371856,2025-08-25 06:23:38,43.418815612793,-8.25931930541992,"Unknown"
"7014857",371856,2025-08-25 06:28:39,43.4188232421875,-8.25941753387451,"Unknown"
"7014857",371856,2025-08-25 06:33:42,43.4190368652344,-8.25986576080322,"Unknown"
"7014857",371856,2025-08-25 06:38:36,43.4293365478516,-8.23974895477295,"Unknown"
"7014857",371856,2025-08-25 06:43:40,43.4293518066406,-8.23971176147461,"Unknown"
"7014857",371856,2025-08-25 06:48:38,43.4292449951172,-8.23925304412842,"Unknown"
"7014857",371856,2025-08-25 06:53:40,43.4290809631348,-8.23923587799072,"Unknown"
"7014857",371856,2025-08-25 06:58:38,43.4289932250977,-8.23927402496338,"Unknown"
"7014857",371856,2025-08-25 07:03:37,43.4291687011719,-8.239426612854,"Unknown"
"7014857",371856,2025-08-25 07:08:40,43.4290771484375,-8.23925685882568,"Unknown"
"7014857",371856,2025-08-25 07:13:41,43.4290962219238,-8.2396297454834,"Unknown"
"7014857",371856,2025-08-25 07:18:38,43.4289894104004,-8.2392520904541,"Unknown"
"7014857",371856,2025-08-25 07:23:38,43.4287948608398,-8.2391414642334,"Unknown"
"7014857",371856,2025-08-25 07:28:37,43.4288063049316,-8.23877620697021,"Unknown"
"7014857",371856,2025-08-25 07:33:37,43.4187469482422,-8.25645446777344,"Unknown"
"7014857",371856,2025-08-25 07:38:36,43.3964729309082,-8.27696895599365,"Unknown"
"7014857",371856,2025-08-25 07:43:36,43.3911781311035,-8.28224658966064,"Unknown"
"7014857",371856,2025-08-25 07:48:39,43.3912048339844,-8.28215026855469,"Unknown"
"7014857",371856,2025-08-25 07:53:38,43.391357421875,-8.2822151184082,"Unknown"
"7014857",371856,2025-08-25 07:58:38,43.3916397094727,-8.28251838684082,"Unknown"
"7014857",371856,2025-08-25 08:03:39,43.3909873962402,-8.28207302093506,"Unknown"
"7014857",371856,2025-08-25 08:08:36,43.390998840332,-8.28192234039307,"Unknown"
"7014857",371856,2025-08-25 08:13:36,43.3909797668457,-8.28195858001709,"Unknown"
"7014857",371856,2025-08-25 08:18:36,43.3910064697266,-8.28181552886963,"Unknown"
"7014857",371856,2025-08-25 08:23:37,43.3909187316895,-8.2821798324585,"Unknown"
"7014857",371856,2025-08-25 08:28:36,43.3914260864258,-8.28146076202393,"Unknown"
"7014857",371856,2025-08-25 08:33:40,43.3908958435059,-8.28167819976807,"Unknown"
"7014857",371856,2025-08-25 08:38:37,43.3910102844238,-8.28422355651855,"Unknown"
"7014857",371856,2025-08-25 08:43:38,43.3916625976562,-8.28298377990723,"Unknown"
"7014857",371856,2025-08-25 08:48:37,43.3910369873047,-8.28414440155029,"Unknown"
"7014857",371856,2025-08-25 08:53:42,43.3914375305176,-8.28325080871582,"Unknown"
"7014857",371856,2025-08-25 08:58:37,43.3911094665527,-8.283860206604,"Unknown"
"7014857",371856,2025-08-25 09:03:37,43.3909149169922,-8.28352451324463,"Unknown"
"7014857",371856,2025-08-25 09:08:38,43.3910064697266,-8.28418064117432,"Unknown"
"7014857",371856,2025-08-25 09:13:36,43.3908500671387,-8.2831506729126,"Unknown"
"7014857",371856,2025-08-25 09:18:38,43.3915939331055,-8.28226184844971,"Unknown"
"7014857",371856,2025-08-25 09:23:47,43.3908233642578,-8.28456497192383,"Unknown"
"7014857",371856,2025-08-25 09:28:36,43.3909072875977,-8.28296947479248,"Unknown"
"7014857",371856,2025-08-25 09:33:36,43.3911056518555,-8.2833080291748,"Unknown"
"7014857",371856,2025-08-25 09:38:37,43.3909187316895,-8.28304672241211,"Unknown"
"7014857",371856,2025-08-25 09:43:40,43.390754699707,-8.28317070007324,"Unknown"
"7014857",371856,2025-08-25 09:48:42,43.3911514282227,-8.2830638885498,"Unknown"
"7014857",371856,2025-08-25 09:53:54,43.3909759521484,-8.28367328643799,"Unknown"
"7014857",371856,2025-08-25 09:58:41,43.3918151855469,-8.28462791442871,"Unknown"
"7014857",371856,2025-08-25 10:03:41,43.3921546936035,-8.28409862518311,"Unknown"
"7014857",371856,2025-08-25 10:08:40,43.3923377990723,-8.28341388702393,"Unknown"
"7014857",371856,2025-08-25 10:13:42,43.3925247192383,-8.2823314666748,"Unknown"
"7014857",371856,2025-08-25 10:18:47,43.3917846679688,-8.28514862060547,"Unknown"
"7014857",371856,2025-08-25 10:23:46,43.3919105529785,-8.28518962860107,"Unknown"
"7014857",371856,2025-08-25 10:28:45,43.3918380737305,-8.28520488739014,"Unknown"
"7014857",371856,2025-08-25 10:33:46,43.3916931152344,-8.28516387939453,"Unknown"
"7014857",371856,2025-08-25 10:38:48,43.3917388916016,-8.28516101837158,"Unknown"
"7014857",371856,2025-08-25 10:43:37,43.3917236328125,-8.28602886199951,"Unknown"
"7014857",371856,2025-08-25 10:48:37,43.3914680480957,-8.28608322143555,"Unknown"
"7014857",371856,2025-08-25 10:53:37,43.391658782959,-8.28572463989258,"Unknown"
"7014857",371856,2025-08-25 10:58:38,43.391918182373,-8.28572940826416,"Unknown"
"7014857",371856,2025-08-25 11:03:39,43.3906402587891,-8.28646850585938,"Unknown"
"7014857",371856,2025-08-25 11:08:40,43.390983581543,-8.28584957122803,"Unknown"
"7014857",371856,2025-08-25 11:13:37,43.3908615112305,-8.28622913360596,"Unknown"
"7014857",371856,2025-08-25 11:18:37,43.3908920288086,-8.28614616394043,"Unknown"
"7014857",371856,2025-08-25 11:23:37,43.3909111022949,-8.28610897064209,"Unknown"
"7014857",371856,2025-08-25 11:28:46,43.3908042907715,-8.28586673736572,"Unknown"
"7014857",371856,2025-08-25 11:33:36,43.3908157348633,-8.286208152771,"Unknown"
"7014857",371856,2025-08-25 11:38:38,43.3909301757812,-8.28607845306396,"Unknown"
"7014857",371856,2025-08-25 11:43:38,43.3910140991211,-8.28596115112305,"Unknown"
"7014857",371856,2025-08-25 11:48:38,43.3908996582031,-8.2860631942749,"Unknown"
"7014857",371856,2025-08-25 11:53:38,43.3909683227539,-8.28600311279297,"Unknown"
"7014857",371856,2025-08-25 11:58:38,43.3907661437988,-8.28628349304199,"Unknown"
"7014857",371856,2025-08-25 12:03:39,43.390796661377,-8.28567981719971,"Unknown"
"7014857",371856,2025-08-25 12:08:39,43.3908309936523,-8.28587055206299,"Unknown"
"7014857",371856,2025-08-25 12:13:38,43.3908767700195,-8.2860631942749,"Unknown"
"7014857",371856,2025-08-25 12:18:39,43.390941619873,-8.28608417510986,"Unknown"
"7014857",371856,2025-08-25 12:23:38,43.3909301757812,-8.28612613677979,"Unknown"
"7014857",371856,2025-08-25 12:28:38,43.3909645080566,-8.28597164154053,"Unknown"
"7014857",371856,2025-08-25 12:33:41,43.3909111022949,-8.2859935760498,"Unknown"
"7014857",371856,2025-08-25 12:38:39,43.3909454345703,-8.28606033325195,"Unknown"
"7014857",371856,2025-08-25 12:43:39,43.3909568786621,-8.28603076934814,"Unknown"
"7014857",371856,2025-08-25 12:48:40,43.3908920288086,-8.28604984283447,"Unknown"
"7014857",371856,2025-08-25 12:53:38,43.3908958435059,-8.28601741790771,"Unknown"
"7014857",371856,2025-08-25 12:58:39,43.3908996582031,-8.28602123260498,"Unknown"
"7014857",371856,2025-08-25 13:03:40,43.3908767700195,-8.28601360321045,"Unknown"
"7014857",371856,2025-08-25 13:08:40,43.390811920166,-8.28592967987061,"Unknown"
"7014857",371856,2025-08-25 13:13:40,43.3908538818359,-8.28592777252197,"Unknown"
"7014857",371856,2025-08-25 13:18:39,43.3908805847168,-8.28598594665527,"Unknown"
"7014857",371856,2025-08-25 13:23:38,43.391242980957,-8.28594303131104,"Unknown"
"7014857",371856,2025-08-25 13:28:41,43.3907928466797,-8.28581714630127,"Unknown"
"7014857",371856,2025-08-25 13:33:38,43.3908004760742,-8.28582954406738,"Unknown"
"7014857",371856,2025-08-25 13:38:38,43.3908233642578,-8.28572273254395,"Unknown"
"7014857",371856,2025-08-25 13:43:39,43.390796661377,-8.2857084274292,"Unknown"
"7014857",371856,2025-08-25 13:48:38,43.3908843994141,-8.28587818145752,"Unknown"
"7014857",371856,2025-08-25 13:53:47,43.390495300293,-8.28527736663818,"Unknown"
"7014857",371856,2025-08-25 13:58:40,43.3905067443848,-8.28523540496826,"Unknown"
"7014857",371856,2025-08-25 14:03:54,43.3902168273926,-8.28473377227783,"Unknown"
"7014857",371856,2025-08-25 14:08:49,43.3902244567871,-8.28475475311279,"Unknown"
"7014857",371856,2025-08-25 14:14:04,43.3907470703125,-8.285475730896,"Unknown"
"7014857",371856,2025-08-25 14:18:38,43.3911972045898,-8.28602409362793,"Unknown"
"7014857",371856,2025-08-25 14:23:40,43.3912734985352,-8.28610706329346,"Unknown"
"7014857",371856,2025-08-25 14:28:40,43.3914451599121,-8.28629302978516,"Unknown"
"7014857",371856,2025-08-25 14:33:38,43.3913230895996,-8.28610324859619,"Unknown"
"7014857",371856,2025-08-25 14:38:38,43.3913230895996,-8.28607940673828,"Unknown"
"7014857",371856,2025-08-25 14:43:39,43.3911170959473,-8.28573703765869,"Unknown"
"7014857",371856,2025-08-25 14:48:40,43.3913497924805,-8.28613090515137,"Unknown"
"7014857",371856,2025-08-25 14:53:42,43.3911170959473,-8.28566551208496,"Unknown"
"7014857",371856,2025-08-25 14:58:41,43.3912887573242,-8.28605461120605,"Unknown"
"7014857",371856,2025-08-25 15:03:41,43.3910903930664,-8.28568553924561,"Unknown"
"7014857",371856,2025-08-25 15:08:40,43.3913383483887,-8.28615474700928,"Unknown"
"7014857",371856,2025-08-25 15:13:40,43.3908729553223,-8.28529644012451,"Unknown"
"7014857",371856,2025-08-25 15:18:39,43.3909454345703,-8.28540897369385,"Unknown"
"7014857",371856,2025-08-25 15:23:41,43.3908042907715,-8.2857666015625,"Unknown"
"7014857",371856,2025-08-25 15:28:44,43.3907699584961,-8.28566837310791,"Unknown"
"7014857",371856,2025-08-25 15:33:40,43.3910484313965,-8.28527545928955,"Unknown"
"7014857",371856,2025-08-25 15:38:42,43.3911056518555,-8.28530025482178,"Unknown"
"7014857",371856,2025-08-25 15:43:40,43.3910636901855,-8.28518295288086,"Unknown"
"7014857",371856,2025-08-25 15:48:46,43.3910484313965,-8.28528499603271,"Unknown"
"7014857",371856,2025-08-25 15:53:41,43.3906784057617,-8.28631019592285,"Unknown"
"7014857",371856,2025-08-25 15:58:43,43.3912582397461,-8.28572559356689,"Unknown"
"7014857",371856,2025-08-25 16:04:05,43.3906021118164,-8.28589248657227,"Unknown"
"7014857",371856,2025-08-25 16:08:37,43.3905715942383,-8.28586387634277,"Unknown"
"7014857",371856,2025-08-25 16:13:39,43.3906021118164,-8.28590488433838,"Unknown"
"7014857",371856,2025-08-25 16:18:37,43.3905944824219,-8.28586769104004,"Unknown"
"7014857",371856,2025-08-25 16:23:37,43.3906936645508,-8.28586578369141,"Unknown"
"7014857",371856,2025-08-25 16:28:37,43.3906059265137,-8.28592205047607,"Unknown"
"7014857",371856,2025-08-25 16:33:37,43.3906860351562,-8.28590488433838,"Unknown"
"7014857",371856,2025-08-25 16:38:37,43.3906173706055,-8.28593635559082,"Unknown"
"7014857",371856,2025-08-25 16:43:38,43.390697479248,-8.28597450256348,"Unknown"
"7014857",371856,2025-08-25 16:48:39,43.3859024047852,-8.29385662078857,"Unknown"
"7014857",371856,2025-08-25 16:53:38,43.3896446228027,-8.28751945495605,"Unknown"
"7014857",371856,2025-08-25 16:58:41,43.389705657959,-8.2874584197998,"Unknown"
"7014857",371856,2025-08-25 17:03:38,43.3897857666016,-8.28776073455811,"Unknown"
"7014857",371856,2025-08-25 17:08:38,43.3930053710938,-8.28768348693848,"Unknown"
"7014857",371856,2025-08-25 17:13:37,43.3930053710938,-8.28773880004883,"Unknown"
"7014857",371856,2025-08-25 17:18:38,43.3930397033691,-8.28772068023682,"Unknown"
"7014857",371856,2025-08-25 17:23:38,43.3929595947266,-8.2876615524292,"Unknown"
"7014857",371856,2025-08-25 17:28:38,43.3930511474609,-8.28775596618652,"Unknown"
"7014857",371856,2025-08-25 17:33:38,43.3930244445801,-8.2877197265625,"Unknown"
"7014857",371856,2025-08-25 17:38:38,43.3930358886719,-8.28762912750244,"Unknown"
"7014857",371856,2025-08-25 17:43:40,43.3931350708008,-8.28782653808594,"Unknown"
"7014857",371856,2025-08-25 17:48:38,43.3930854797363,-8.28771018981934,"Unknown"
"7014857",371856,2025-08-25 17:53:38,43.3930130004883,-8.28768253326416,"Unknown"
"7014857",371856,2025-08-25 17:58:38,43.3933601379395,-8.28849315643311,"Unknown"
"7014857",371856,2025-08-25 18:03:40,43.3924255371094,-8.28645610809326,"Unknown"
"7014857",371856,2025-08-25 18:08:42,43.3923530578613,-8.28630542755127,"Unknown"
"7014857",371856,2025-08-25 18:13:43,43.3923797607422,-8.2862720489502,"Unknown"
"7014857",371856,2025-08-25 18:18:49,43.3924217224121,-8.28612899780273,"Unknown"
"7014857",371856,2025-08-25 18:23:40,43.3922729492188,-8.28682518005371,"Unknown"
"7014857",371856,2025-08-25 18:28:44,43.3924865722656,-8.28601837158203,"Unknown"
"7014857",371856,2025-08-25 18:33:42,43.3923377990723,-8.28642463684082,"Unknown"
"7014857",371856,2025-08-25 18:38:40,43.3923454284668,-8.28634262084961,"Unknown"
"7014857",371856,2025-08-25 18:44:00,43.392333984375,-8.28640079498291,"Unknown"
"7014857",371856,2025-08-25 18:49:05,43.3924179077148,-8.28640556335449,"Unknown"
"7014857",371856,2025-08-25 18:53:38,43.3922576904297,-8.28643035888672,"Unknown"
"7014857",371856,2025-08-25 18:58:38,43.3923187255859,-8.28633975982666,"Unknown"
"7014857",371856,2025-08-25 19:03:39,43.3923034667969,-8.28635692596436,"Unknown"
"7014857",371856,2025-08-25 19:08:39,43.3923454284668,-8.2863826751709,"Unknown"
"7014857",371856,2025-08-25 19:13:39,43.3923110961914,-8.28642177581787,"Unknown"
"7014857",371856,2025-08-25 19:18:39,43.3922958374023,-8.28626251220703,"Unknown"
"7014857",371856,2025-08-25 19:23:38,43.3922805786133,-8.2863883972168,"Unknown"
"7014857",371856,2025-08-25 19:28:37,43.3921432495117,-8.28646850585938,"Unknown"
"7014857",371856,2025-08-25 19:33:37,43.3922653198242,-8.28639793395996,"Unknown"
"7014857",371856,2025-08-25 19:38:38,43.3921546936035,-8.28648853302002,"Unknown"
"7014857",371856,2025-08-25 19:43:38,43.3923377990723,-8.28644752502441,"Unknown"
"7014857",371856,2025-08-25 19:48:38,43.4164352416992,-8.2733736038208,"Unknown"
"7014857",371856,2025-08-25 19:53:37,43.4285545349121,-8.27662944793701,"Unknown"
"7014857",371856,2025-08-25 19:59:58,43.4284820556641,-8.2768497467041,"Unknown"
"7014857",371856,2025-08-26 01:00:29,43.4286155700684,-8.28838920593262,"Unknown"
"7014857",371856,2025-08-26 04:05:35,43.3929061889648,-8.28733253479004,"Unknown"
"7014857",371856,2025-08-26 04:10:11,43.3928756713867,-8.28745079040527,"Unknown"
"7014857",371856,2025-08-26 04:15:11,43.3929100036621,-8.2875452041626,"Unknown"
"7014857",371856,2025-08-26 04:20:13,43.392951965332,-8.28734874725342,"Unknown"
"7014857",371856,2025-08-26 04:25:11,43.3930740356445,-8.28756427764893,"Unknown"
"7014857",371856,2025-08-26 04:30:13,43.392894744873,-8.28769588470459,"Unknown"
"7014857",371856,2025-08-26 04:35:14,43.3924255371094,-8.28198432922363,"Unknown"
"7014857",371856,2025-08-26 04:40:17,43.3993759155273,-8.28391742706299,"Unknown"
"7014857",371856,2025-08-26 04:45:18,43.3997840881348,-8.28366947174072,"Unknown"
"7014857",371856,2025-08-26 04:50:24,43.3998794555664,-8.28332805633545,"Unknown"
"7014857",371856,2025-08-26 04:55:23,43.3997917175293,-8.28311347961426,"Unknown"
"7014857",371856,2025-08-26 05:00:26,43.3997993469238,-8.28295803070068,"Unknown"
"7014857",371856,2025-08-26 05:05:18,43.399585723877,-8.2829418182373,"Unknown"
"7014857",371856,2025-08-26 05:10:26,43.399227142334,-8.28270530700684,"Unknown"
"7014857",371856,2025-08-26 05:15:20,43.399528503418,-8.28220272064209,"Unknown"
"7014857",371856,2025-08-26 05:20:19,43.3882522583008,-8.2845344543457,"Unknown"
"7014857",371856,2025-08-26 05:25:17,43.3924522399902,-8.28833103179932,"Unknown"
"7014857",371856,2025-08-26 05:30:25,43.3924789428711,-8.28836631774902,"Unknown"
"7014857",371856,2025-08-26 05:35:35,43.3923721313477,-8.28844833374023,"Unknown"
"7014857",371856,2025-08-26 05:40:18,43.3923645019531,-8.28830623626709,"Unknown"
"7014857",371856,2025-08-26 05:45:13,43.3923568725586,-8.28846263885498,"Unknown"
"7014857",371856,2025-08-26 05:50:15,43.3923454284668,-8.28793621063232,"Unknown"
"7014857",371856,2025-08-26 05:55:16,43.3923873901367,-8.28825283050537,"Unknown"
"7014857",371856,2025-08-26 06:00:24,43.3923950195312,-8.28839874267578,"Unknown"
"7014857",371856,2025-08-26 06:05:24,43.3923149108887,-8.28851509094238,"Unknown"
"7014857",371856,2025-08-26 06:10:19,43.3924407958984,-8.28840637207031,"Unknown"
"7014857",371856,2025-08-26 06:15:17,43.392505645752,-8.28890132904053,"Unknown"
"7014857",371856,2025-08-26 06:20:24,43.3923988342285,-8.2884635925293,"Unknown"
"7014857",371856,2025-08-26 06:25:17,43.3923759460449,-8.29029178619385,"Unknown"
"7014857",371856,2025-08-26 06:30:21,43.3838958740234,-8.29430961608887,"Unknown"
"7014857",371856,2025-08-26 06:35:25,43.3839111328125,-8.29421901702881,"Unknown"
"7014857",371856,2025-08-26 06:40:14,43.3895874023438,-8.29064655303955,"Unknown"
"7014857",371856,2025-08-26 06:45:16,43.3895950317383,-8.28945541381836,"Unknown"
"7014857",371856,2025-08-26 06:50:16,43.3896446228027,-8.2897310256958,"Unknown"
"7014857",371856,2025-08-26 06:55:16,43.3896331787109,-8.2894401550293,"Unknown"
"7014857",371856,2025-08-26 07:00:14,43.389705657959,-8.29123592376709,"Unknown"
"7014857",371856,2025-08-26 07:05:41,43.3895530700684,-8.28953552246094,"Unknown"
"7014857",371856,2025-08-26 07:10:11,43.3927001953125,-8.29004764556885,"Unknown"
"7014857",371856,2025-08-26 07:15:35,43.3930702209473,-8.28986072540283,"Unknown"
"7014857",371856,2025-08-26 07:20:10,43.3930854797363,-8.28986549377441,"Unknown"
"7014857",371856,2025-08-26 07:25:11,43.3930816650391,-8.28979873657227,"Unknown"
"7014857",371856,2025-08-26 07:30:11,43.3930511474609,-8.28986930847168,"Unknown"
"7014857",371856,2025-08-26 07:35:10,43.3931427001953,-8.28985023498535,"Unknown"
"7014857",371856,2025-08-26 07:40:11,43.3930816650391,-8.28986549377441,"Unknown"
"7014857",371856,2025-08-26 07:45:13,43.3930969238281,-8.28989028930664,"Unknown"
"7014857",371856,2025-08-26 07:50:12,43.3930587768555,-8.29012012481689,"Unknown"
"7014857",371856,2025-08-26 07:55:14,43.3931617736816,-8.28989791870117,"Unknown"
"7014857",371856,2025-08-26 08:00:12,43.3931617736816,-8.2899751663208,"Unknown"
"7014857",371856,2025-08-26 08:05:13,43.3932952880859,-8.28987598419189,"Unknown"
"7014857",371856,2025-08-26 08:10:12,43.3931770324707,-8.28983211517334,"Unknown"
"7014857",371856,2025-08-26 08:15:13,43.3931999206543,-8.28991031646729,"Unknown"
"7014857",371856,2025-08-26 08:20:12,43.3932418823242,-8.29013347625732,"Unknown"
"7014857",371856,2025-08-26 08:25:17,43.3931350708008,-8.28991222381592,"Unknown"
"7014857",371856,2025-08-26 08:30:16,43.3933563232422,-8.28990745544434,"Unknown"
"7014857",371856,2025-08-26 08:35:13,43.3933143615723,-8.28997898101807,"Unknown"
"7014857",371856,2025-08-26 08:40:13,43.3934288024902,-8.28981018066406,"Unknown"
"7014857",371856,2025-08-26 08:45:15,43.3935737609863,-8.28968811035156,"Unknown"
"7014857",371856,2025-08-26 08:50:35,43.3930778503418,-8.28981113433838,"Unknown"
"7014857",371856,2025-08-26 08:55:11,43.3930816650391,-8.28988361358643,"Unknown"
"7014857",371856,2025-08-26 09:00:15,43.3931007385254,-8.28986072540283,"Unknown"
"7014857",371856,2025-08-26 09:05:12,43.3930244445801,-8.28990745544434,"Unknown"
"7014857",371856,2025-08-26 09:10:10,43.3931121826172,-8.28985786437988,"Unknown"
"7014857",371856,2025-08-26 09:15:11,43.3931121826172,-8.28989410400391,"Unknown"
"7014857",371856,2025-08-26 09:20:12,43.3929977416992,-8.28995895385742,"Unknown"
"7014857",371856,2025-08-26 09:25:13,43.3931159973145,-8.28977203369141,"Unknown"
"7014857",371856,2025-08-26 09:30:12,43.3930320739746,-8.28994369506836,"Unknown"
"7014857",371856,2025-08-26 09:35:11,43.3930625915527,-8.28992462158203,"Unknown"
"7014857",371856,2025-08-26 09:40:10,43.392993927002,-8.28989601135254,"Unknown"
"7014857",371856,2025-08-26 09:45:10,43.3929862976074,-8.28990459442139,"Unknown"
"7014857",371856,2025-08-26 09:50:10,43.3929443359375,-8.28981590270996,"Unknown"
"7014857",371856,2025-08-26 09:55:12,43.392936706543,-8.28973484039307,"Unknown"
"7014857",371856,2025-08-26 10:00:11,43.3929443359375,-8.28974056243896,"Unknown"
"7014857",371856,2025-08-26 10:05:12,43.3929443359375,-8.28973293304443,"Unknown"
"7014857",371856,2025-08-26 10:10:10,43.3929977416992,-8.28976821899414,"Unknown"
"7014857",371856,2025-08-26 10:15:11,43.3930282592773,-8.28973770141602,"Unknown"
"7014857",371856,2025-08-26 10:20:10,43.3930015563965,-8.2899169921875,"Unknown"
"7014857",371856,2025-08-26 10:25:10,43.3930130004883,-8.28973388671875,"Unknown"
"7014857",371856,2025-08-26 10:30:11,43.3929252624512,-8.28977108001709,"Unknown"
"7014857",371856,2025-08-26 10:35:11,43.3930358886719,-8.28940391540527,"Unknown"
"7014857",371856,2025-08-26 10:40:11,43.3928527832031,-8.28982067108154,"Unknown"
"7014857",371856,2025-08-26 10:45:12,43.392993927002,-8.28965282440186,"Unknown"
"7014857",371856,2025-08-26 10:50:11,43.3929862976074,-8.28967952728271,"Unknown"
"7014857",371856,2025-08-26 10:55:11,43.3929405212402,-8.28977394104004,"Unknown"
"7014857",371856,2025-08-26 11:00:11,43.3929672241211,-8.2898120880127,"Unknown"
"7014857",371856,2025-08-26 11:05:12,43.3929977416992,-8.28968811035156,"Unknown"
"7014857",371856,2025-08-26 11:10:18,43.3929786682129,-8.2896203994751,"Unknown"
"7014857",371856,2025-08-26 11:15:12,43.3929786682129,-8.28959560394287,"Unknown"
"7014857",371856,2025-08-26 11:20:12,43.3930015563965,-8.28951930999756,"Unknown"
"7014857",371856,2025-08-26 11:25:21,43.3928260803223,-8.28950023651123,"Unknown"
"7014857",371856,2025-08-26 11:30:23,43.3928413391113,-8.2893648147583,"Unknown"
"7014857",371856,2025-08-26 11:35:12,43.3929786682129,-8.28941631317139,"Unknown"
"7014857",371856,2025-08-26 11:40:35,43.3929328918457,-8.28945922851562,"Unknown"
"7014857",371856,2025-08-26 11:45:11,43.3929176330566,-8.28943634033203,"Unknown"
"7014857",371856,2025-08-26 11:50:12,43.392894744873,-8.28944110870361,"Unknown"
"7014857",371856,2025-08-26 11:55:11,43.3929443359375,-8.28937244415283,"Unknown"
"7014857",371856,2025-08-26 12:00:13,43.3928184509277,-8.28941059112549,"Unknown"
"7014857",371856,2025-08-26 12:05:11,43.3928833007812,-8.28936767578125,"Unknown"
"7014857",371856,2025-08-26 12:10:15,43.3928642272949,-8.28938007354736,"Unknown"
"7014857",371856,2025-08-26 12:15:11,43.3928108215332,-8.28936958312988,"Unknown"
"7014857",371856,2025-08-26 12:20:10,43.392822265625,-8.28951549530029,"Unknown"
"7014857",371856,2025-08-26 12:25:10,43.3928756713867,-8.28940010070801,"Unknown"
"7014857",371856,2025-08-26 12:30:12,43.3928260803223,-8.2895450592041,"Unknown"
"7014857",371856,2025-08-26 12:35:11,43.392894744873,-8.28941917419434,"Unknown"
"7014857",371856,2025-08-26 12:40:11,43.3928642272949,-8.28947925567627,"Unknown"
"7014857",371856,2025-08-26 12:45:11,43.3928871154785,-8.28933811187744,"Unknown"
"7014857",371856,2025-08-26 12:50:11,43.3928108215332,-8.28939628601074,"Unknown"
"7014857",371856,2025-08-26 12:55:11,43.3928871154785,-8.28940296173096,"Unknown"
"7014857",371856,2025-08-26 13:00:11,43.3928565979004,-8.28929615020752,"Unknown"
"7014857",371856,2025-08-26 13:05:10,43.3928756713867,-8.28938388824463,"Unknown"
"7014857",371856,2025-08-26 13:10:13,43.3928604125977,-8.28932189941406,"Unknown"
"7014857",371856,2025-08-26 13:15:10,43.3927803039551,-8.28934955596924,"Unknown"
"7014857",371856,2025-08-26 13:20:13,43.3928871154785,-8.28945446014404,"Unknown"
"7014857",371856,2025-08-26 13:25:11,43.392936706543,-8.28943538665771,"Unknown"
"7014857",371856,2025-08-26 13:30:12,43.3928413391113,-8.28898906707764,"Unknown"
"7014857",371856,2025-08-26 13:35:12,43.3928527832031,-8.28888511657715,"Unknown"
"7014857",371856,2025-08-26 13:40:11,43.392951965332,-8.28913307189941,"Unknown"
"7014857",371856,2025-08-26 13:45:12,43.392936706543,-8.28882884979248,"Unknown"
"7014857",371856,2025-08-26 13:50:11,43.3928718566895,-8.28903865814209,"Unknown"
"7014857",371856,2025-08-26 13:55:11,43.3928718566895,-8.28886032104492,"Unknown"
"7014857",371856,2025-08-26 14:00:35,43.3929290771484,-8.28946113586426,"Unknown"
"7014857",371856,2025-08-26 14:05:10,43.3929977416992,-8.28946495056152,"Unknown"
"7014857",371856,2025-08-26 14:10:11,43.3929634094238,-8.28940486907959,"Unknown"
"7014857",371856,2025-08-26 14:15:26,43.393009185791,-8.28945159912109,"Unknown"
"7014857",371856,2025-08-26 14:20:18,43.3929901123047,-8.28947067260742,"Unknown"
"7014857",371856,2025-08-26 14:25:16,43.3928565979004,-8.28935050964355,"Unknown"
"7014857",371856,2025-08-26 14:30:13,43.392936706543,-8.28950786590576,"Unknown"
"7014857",371856,2025-08-26 14:35:18,43.3928451538086,-8.28945255279541,"Unknown"
"7014857",371856,2025-08-26 14:40:20,43.3929443359375,-8.28959369659424,"Unknown"
"7014857",371856,2025-08-26 14:45:12,43.3928871154785,-8.28961563110352,"Unknown"
"7014857",371856,2025-08-26 14:50:19,43.3928833007812,-8.28948211669922,"Unknown"
"7014857",371856,2025-08-26 14:55:19,43.3928298950195,-8.28952407836914,"Unknown"
"7014857",371856,2025-08-26 15:00:19,43.3929443359375,-8.28947734832764,"Unknown"
"7014857",371856,2025-08-26 15:05:19,43.3928413391113,-8.28948402404785,"Unknown"
"7014857",371856,2025-08-26 15:10:25,43.3929138183594,-8.28953742980957,"Unknown"
"7014857",371856,2025-08-26 15:15:25,43.3929138183594,-8.28955364227295,"Unknown"
"7014857",371856,2025-08-26 15:20:17,43.3928527832031,-8.28943920135498,"Unknown"
"7014857",371856,2025-08-26 15:25:19,43.3929138183594,-8.28951168060303,"Unknown"
"7014857",371856,2025-08-26 15:30:28,43.3929328918457,-8.28948020935059,"Unknown"
"7014857",371856,2025-08-26 15:35:31,43.3929252624512,-8.2894344329834,"Unknown"
"7014857",371856,2025-08-26 15:40:13,43.3929786682129,-8.28941822052002,"Unknown"
"7014857",371856,2025-08-26 15:45:12,43.3929405212402,-8.28936004638672,"Unknown"
"7014857",371856,2025-08-26 15:50:12,43.3930015563965,-8.28920364379883,"Unknown"
"7014857",371856,2025-08-26 15:55:13,43.3929862976074,-8.28922271728516,"Unknown"
"7014857",371856,2025-08-26 16:00:35,43.3928718566895,-8.28941535949707,"Unknown"
"7014857",371856,2025-08-26 16:05:11,43.3928871154785,-8.28942775726318,"Unknown"
"7014857",371856,2025-08-26 16:10:12,43.3928604125977,-8.28944969177246,"Unknown"
"7014857",371856,2025-08-26 16:15:11,43.3928756713867,-8.28950214385986,"Unknown"
"7014857",371856,2025-08-26 16:20:12,43.392951965332,-8.28952789306641,"Unknown"
"7014857",371856,2025-08-26 16:25:11,43.3929023742676,-8.28949642181396,"Unknown"
"7014857",371856,2025-08-26 16:30:11,43.3929290771484,-8.28961753845215,"Unknown"
"7014857",371856,2025-08-26 16:35:11,43.3929481506348,-8.28958129882812,"Unknown"
"7014857",371856,2025-08-26 16:40:11,43.392993927002,-8.28969192504883,"Unknown"
"7014857",371856,2025-08-26 16:45:11,43.393009185791,-8.28973007202148,"Unknown"
"7014857",371856,2025-08-26 16:50:11,43.392993927002,-8.28977489471436,"Unknown"
"7014857",371856,2025-08-26 16:55:12,43.3929862976074,-8.28977298736572,"Unknown"
"7014857",371856,2025-08-26 17:00:11,43.3930244445801,-8.28982162475586,"Unknown"
"7014857",371856,2025-08-26 17:05:12,43.3930168151855,-8.28977584838867,"Unknown"
"7014857",371856,2025-08-26 17:10:12,43.3930473327637,-8.2898120880127,"Unknown"
"7014857",371856,2025-08-26 17:15:12,43.3931198120117,-8.2899227142334,"Unknown"
"7014857",371856,2025-08-26 17:20:12,43.3929595947266,-8.28979301452637,"Unknown"
"7014857",371856,2025-08-26 17:25:12,43.3930740356445,-8.28981590270996,"Unknown"
"7014857",371856,2025-08-26 17:30:12,43.3931541442871,-8.28985595703125,"Unknown"
"7014857",371856,2025-08-26 17:35:12,43.3930931091309,-8.28984451293945,"Unknown"
"7014857",371856,2025-08-26 17:40:12,43.3930702209473,-8.28974914550781,"Unknown"
"7014857",371856,2025-08-26 17:45:13,43.3930435180664,-8.28965377807617,"Unknown"
"7014857",371856,2025-08-26 17:50:13,43.3931159973145,-8.28975391387939,"Unknown"
"7014857",371856,2025-08-26 17:55:14,43.3931617736816,-8.28987407684326,"Unknown"
"7014857",371856,2025-08-26 18:00:17,43.3931655883789,-8.28997898101807,"Unknown"
"7014857",371856,2025-08-26 18:05:13,43.3932342529297,-8.28987789154053,"Unknown"
"7014857",371856,2025-08-26 18:10:12,43.3931541442871,-8.28992176055908,"Unknown"
"7014857",371856,2025-08-26 18:15:14,43.3932037353516,-8.29052257537842,"Unknown"
"7014857",371856,2025-08-26 18:20:16,43.3932418823242,-8.28985786437988,"Unknown"
"7014857",371856,2025-08-26 18:25:12,43.3931503295898,-8.29044628143311,"Unknown"
"7014857",371856,2025-08-26 18:30:14,43.3931541442871,-8.29021739959717,"Unknown"
"7014857",371856,2025-08-26 18:35:13,43.3897438049316,-8.29137134552002,"Unknown"
"7014857",371856,2025-08-26 18:40:13,43.3896942138672,-8.29103851318359,"Unknown"
"7014857",371856,2025-08-26 18:45:33,43.3896713256836,-8.29040241241455,"Unknown"
"7014857",371856,2025-08-26 18:50:12,43.3897438049316,-8.29046058654785,"Unknown"
"7014857",371856,2025-08-26 18:55:12,43.3894729614258,-8.29051494598389,"Unknown"
"7014857",371856,2025-08-26 19:00:13,43.389705657959,-8.29044342041016,"Unknown"
"7014857",371856,2025-08-26 19:05:11,43.3897171020508,-8.29042434692383,"Unknown"
"7014857",371856,2025-08-26 19:10:11,43.4019775390625,-8.28332424163818,"Unknown"
"7014857",371856,2025-08-26 19:15:19,43.4272689819336,-8.27382469177246,"Unknown"
"7014857",371856,2025-08-26 19:20:14,43.4272232055664,-8.27381134033203,"Unknown"
"7014857",371856,2025-08-26 19:25:12,43.4274101257324,-8.27383899688721,"Unknown"
"7014857",371856,2025-08-26 19:30:12,43.4271049499512,-8.27388191223145,"Unknown"
"7014857",371856,2025-08-26 19:35:11,43.4273223876953,-8.27383422851562,"Unknown"
"7014857",371856,2025-08-26 19:40:13,43.4271507263184,-8.27371978759766,"Unknown"
"7014857",371856,2025-08-26 19:45:14,43.4271926879883,-8.27375411987305,"Unknown"
"7014857",371856,2025-08-26 19:50:12,43.4280853271484,-8.27578735351562,"Unknown"
"7014857",371856,2025-08-26 19:55:14,43.4281005859375,-8.27568054199219,"Unknown"
"7014857",371856,2025-08-26 19:58:05,43.4281234741211,-8.27563858032227,"Unknown"
"7014857",371856,2025-08-27 00:58:35,43.4546852111816,-8.32912254333496,"Unknown"
"7014857",371856,2025-08-27 04:07:06,43.3787307739258,-8.3890209197998,"Unknown"
"7014857",371856,2025-08-27 04:11:46,43.3788375854492,-8.38895320892334,"Unknown"
"7014857",371856,2025-08-27 04:16:47,43.3786544799805,-8.38895320892334,"Unknown"
"7014857",371856,2025-08-27 04:21:47,43.3788261413574,-8.38873863220215,"Unknown"
"7014857",371856,2025-08-27 04:26:48,43.3699264526367,-8.37844181060791,"Unknown"
"7014857",371856,2025-08-27 04:31:51,43.3700981140137,-8.37804317474365,"Unknown"
"7014857",371856,2025-08-27 04:36:51,43.3702545166016,-8.37768173217773,"Unknown"
"7014857",371856,2025-08-27 04:41:49,43.3702354431152,-8.37720680236816,"Unknown"
"7014857",371856,2025-08-27 04:46:49,43.3702659606934,-8.37674522399902,"Unknown"
"7014857",371856,2025-08-27 04:51:53,43.3702163696289,-8.3764820098877,"Unknown"
"7014857",371856,2025-08-27 04:57:00,43.3701667785645,-8.37624168395996,"Unknown"
"7014857",371856,2025-08-27 05:01:51,43.3702850341797,-8.37582206726074,"Unknown"
"7014857",371856,2025-08-27 05:06:48,43.3702812194824,-8.37595462799072,"Unknown"
"7014857",371856,2025-08-27 05:11:49,43.3704032897949,-8.37607860565186,"Unknown"
"7014857",371856,2025-08-27 05:16:52,43.3703308105469,-8.37625598907471,"Unknown"
"7014857",371856,2025-08-27 05:21:55,43.3702964782715,-8.37658405303955,"Unknown"
"7014857",371856,2025-08-27 05:26:54,43.3702392578125,-8.37674808502197,"Unknown"
"7014857",371856,2025-08-27 05:31:55,43.3701705932617,-8.37682437896729,"Unknown"
"7014857",371856,2025-08-27 05:36:55,43.3702087402344,-8.37692070007324,"Unknown"
"7014857",371856,2025-08-27 05:42:08,43.3653869628906,-8.38331413269043,"Unknown"
"7014857",371856,2025-08-27 05:46:55,43.3653717041016,-8.38349056243896,"Unknown"
"7014857",371856,2025-08-27 05:51:55,43.3653831481934,-8.38337993621826,"Unknown"
"7014857",371856,2025-08-27 05:56:56,43.3653755187988,-8.38336753845215,"Unknown"
"7014857",371856,2025-08-27 06:01:56,43.365364074707,-8.38345050811768,"Unknown"
"7014857",371856,2025-08-27 06:06:55,43.3653717041016,-8.38347721099854,"Unknown"
"7014857",371856,2025-08-27 06:11:55,43.3653678894043,-8.38343334197998,"Unknown"
"7014857",371856,2025-08-27 06:16:55,43.3622169494629,-8.38940334320068,"Unknown"
"7014857",371856,2025-08-27 06:21:55,43.3621673583984,-8.38901805877686,"Unknown"
"7014857",371856,2025-08-27 06:26:55,43.3621788024902,-8.38959789276123,"Unknown"
"7014857",371856,2025-08-27 06:32:05,43.3621101379395,-8.38932228088379,"Unknown"
"7014857",371856,2025-08-27 06:36:49,43.3620948791504,-8.38918972015381,"Unknown"
"7014857",371856,2025-08-27 06:41:51,43.361988067627,-8.38893699645996,"Unknown"
"7014857",371856,2025-08-27 06:46:48,43.3618240356445,-8.38892269134521,"Unknown"
"7014857",371856,2025-08-27 06:51:46,43.3618774414062,-8.38873481750488,"Unknown"
"7014857",371856,2025-08-27 06:56:47,43.3619155883789,-8.38891792297363,"Unknown"
"7014857",371856,2025-08-27 07:02:11,43.36181640625,-8.38877010345459,"Unknown"
"7014857",371856,2025-08-27 07:06:46,43.3618927001953,-8.38876533508301,"Unknown"
"7014857",371856,2025-08-27 07:11:46,43.3618545532227,-8.38879299163818,"Unknown"
"7014857",371856,2025-08-27 07:16:46,43.3618545532227,-8.3888988494873,"Unknown"
"7014857",371856,2025-08-27 07:21:47,43.3619194030762,-8.38908386230469,"Unknown"
"7014857",371856,2025-08-27 07:26:46,43.3621482849121,-8.38896369934082,"Unknown"
"7014857",371856,2025-08-27 07:31:53,43.3627128601074,-8.3882999420166,"Unknown"
"7014857",371856,2025-08-27 07:36:52,43.3619422912598,-8.3889217376709,"Unknown"
"7014857",371856,2025-08-27 07:41:59,43.3619613647461,-8.38878726959229,"Unknown"
"7014857",371856,2025-08-27 07:47:15,43.3619918823242,-8.38873863220215,"Unknown"
"7014857",371856,2025-08-27 07:51:48,43.3621253967285,-8.38865756988525,"Unknown"
"7014857",371856,2025-08-27 07:56:48,43.3620414733887,-8.38866806030273,"Unknown"
"7014857",371856,2025-08-27 08:01:48,43.3619194030762,-8.38899803161621,"Unknown"
"7014857",371856,2025-08-27 08:06:54,43.3600807189941,-8.38809585571289,"Unknown"
"7014857",371856,2025-08-27 08:11:52,43.3600807189941,-8.3879337310791,"Unknown"
"7014857",371856,2025-08-27 08:16:48,43.359546661377,-8.38805770874023,"Unknown"
"7014857",371856,2025-08-27 08:21:49,43.3597526550293,-8.38811302185059,"Unknown"
"7014857",371856,2025-08-27 08:26:51,43.3537826538086,-8.38284683227539,"Unknown"
"7014857",371856,2025-08-27 08:32:05,43.3539581298828,-8.3829231262207,"Unknown"
"7014857",371856,2025-08-27 08:36:46,43.3540954589844,-8.38299369812012,"Unknown"
"7014857",371856,2025-08-27 08:41:49,43.3539543151855,-8.38292694091797,"Unknown"
"7014857",371856,2025-08-27 08:46:47,43.3540153503418,-8.38303470611572,"Unknown"
"7014857",371856,2025-08-27 08:51:47,43.3540077209473,-8.38318347930908,"Unknown"
"7014857",371856,2025-08-27 08:56:51,43.3539428710938,-8.38322830200195,"Unknown"
"7014857",371856,2025-08-27 09:01:54,43.3539886474609,-8.38312435150146,"Unknown"
"7014857",371856,2025-08-27 09:07:00,43.3540344238281,-8.38332748413086,"Unknown"
"7014857",371856,2025-08-27 09:12:00,43.3537940979004,-8.38279247283936,"Unknown"
"7014857",371856,2025-08-27 09:17:03,43.3538856506348,-8.3831090927124,"Unknown"
"7014857",371856,2025-08-27 09:21:46,43.3537940979004,-8.3831958770752,"Unknown"
"7014857",371856,2025-08-27 09:26:46,43.3538246154785,-8.38315868377686,"Unknown"
"7014857",371856,2025-08-27 09:31:46,43.3539657592773,-8.38313388824463,"Unknown"
"7014857",371856,2025-08-27 09:36:46,43.353874206543,-8.38317584991455,"Unknown"
"7014857",371856,2025-08-27 09:41:47,43.3539772033691,-8.38309574127197,"Unknown"
"7014857",371856,2025-08-27 09:46:52,43.3538436889648,-8.38316440582275,"Unknown"
"7014857",371856,2025-08-27 09:51:46,43.3536109924316,-8.38306713104248,"Unknown"
"7014857",371856,2025-08-27 09:56:47,43.3537139892578,-8.38309192657471,"Unknown"
"7014857",371856,2025-08-27 10:01:46,43.353832244873,-8.38319778442383,"Unknown"
"7014857",371856,2025-08-27 10:06:48,43.3538665771484,-8.38311290740967,"Unknown"
"7014857",371856,2025-08-27 10:11:45,43.3538017272949,-8.38308811187744,"Unknown"
"7014857",371856,2025-08-27 10:16:45,43.3539237976074,-8.38322448730469,"Unknown"
"7014857",371856,2025-08-27 10:21:46,43.3538665771484,-8.38318538665771,"Unknown"
"7014857",371856,2025-08-27 10:26:47,43.3538703918457,-8.38319873809814,"Unknown"
"7014857",371856,2025-08-27 10:31:47,43.3538818359375,-8.38314437866211,"Unknown"
"7014857",371856,2025-08-27 10:36:47,43.3535232543945,-8.38376426696777,"Unknown"
"7014857",371856,2025-08-27 10:41:55,43.3535652160645,-8.38384819030762,"Unknown"
"7014857",371856,2025-08-27 10:46:55,43.3536758422852,-8.38386726379395,"Unknown"
"7014857",371856,2025-08-27 10:51:55,43.3536109924316,-8.38383674621582,"Unknown"
"7014857",371856,2025-08-27 10:56:55,43.3536376953125,-8.38383483886719,"Unknown"
"7014857",371856,2025-08-27 11:01:58,43.3537216186523,-8.38390064239502,"Unknown"
"7014857",371856,2025-08-27 11:06:53,43.3536491394043,-8.38383483886719,"Unknown"
"7014857",371856,2025-08-27 11:11:56,43.3536071777344,-8.38381862640381,"Unknown"
"7014857",371856,2025-08-27 11:17:05,43.3535537719727,-8.38378047943115,"Unknown"
"7014857",371856,2025-08-27 11:21:45,43.3535537719727,-8.38377285003662,"Unknown"
"7014857",371856,2025-08-27 11:26:45,43.3535308837891,-8.3837890625,"Unknown"
"7014857",371856,2025-08-27 11:31:45,43.3535194396973,-8.38380241394043,"Unknown"
"7014857",371856,2025-08-27 11:36:45,43.3535270690918,-8.38377475738525,"Unknown"
"7014857",371856,2025-08-27 11:41:45,43.353515625,-8.38370132446289,"Unknown"
"7014857",371856,2025-08-27 11:46:45,43.3535423278809,-8.38378047943115,"Unknown"
"7014857",371856,2025-08-27 11:51:45,43.3535995483398,-8.38374519348145,"Unknown"
"7014857",371856,2025-08-27 11:56:45,43.3535919189453,-8.38383483886719,"Unknown"
"7014857",371856,2025-08-27 12:01:45,43.3535346984863,-8.38377094268799,"Unknown"
"7014857",371856,2025-08-27 12:06:45,43.3535194396973,-8.38370704650879,"Unknown"
"7014857",371856,2025-08-27 12:11:45,43.3535385131836,-8.38374042510986,"Unknown"
"7014857",371856,2025-08-27 12:16:45,43.3535995483398,-8.38382434844971,"Unknown"
"7014857",371856,2025-08-27 12:21:47,43.3534927368164,-8.38369274139404,"Unknown"
"7014857",371856,2025-08-27 12:26:45,43.3535041809082,-8.38379287719727,"Unknown"
"7014857",371856,2025-08-27 12:31:46,43.353515625,-8.38374519348145,"Unknown"
"7014857",371856,2025-08-27 12:36:46,43.3535194396973,-8.3838357925415,"Unknown"
"7014857",371856,2025-08-27 12:41:49,43.3535423278809,-8.38366222381592,"Unknown"
"7014857",371856,2025-08-27 12:46:46,43.3534851074219,-8.38378047943115,"Unknown"
"7014857",371856,2025-08-27 12:51:46,43.3535194396973,-8.38374137878418,"Unknown"
"7014857",371856,2025-08-27 12:56:45,43.3534507751465,-8.38365459442139,"Unknown"
"7014857",371856,2025-08-27 13:01:46,43.3534622192383,-8.38374614715576,"Unknown"
"7014857",371856,2025-08-27 13:06:46,43.3534774780273,-8.38370513916016,"Unknown"
"7014857",371856,2025-08-27 13:11:45,43.3534851074219,-8.38369941711426,"Unknown"
"7014857",371856,2025-08-27 13:16:45,43.3535308837891,-8.38374423980713,"Unknown"
"7014857",371856,2025-08-27 13:21:45,43.3534774780273,-8.38370800018311,"Unknown"
"7014857",371856,2025-08-27 13:26:45,43.3534965515137,-8.38381004333496,"Unknown"
"7014857",371856,2025-08-27 13:31:47,43.3535461425781,-8.38379383087158,"Unknown"
"7014857",371856,2025-08-27 13:36:53,43.3535652160645,-8.38382339477539,"Unknown"
"7014857",371856,2025-08-27 13:41:51,43.3536415100098,-8.38397312164307,"Unknown"
"7014857",371856,2025-08-27 13:47:06,43.3535270690918,-8.38381099700928,"Unknown"
"7014857",371856,2025-08-27 13:51:46,43.3529472351074,-8.38290786743164,"Unknown"
"7014857",371856,2025-08-27 13:56:51,43.3535308837891,-8.3837366104126,"Unknown"
"7014857",371856,2025-08-27 14:01:52,43.3534965515137,-8.38376235961914,"Unknown"
"7014857",371856,2025-08-27 14:06:46,43.3536376953125,-8.38388538360596,"Unknown"
"7014857",371856,2025-08-27 14:11:49,43.3520164489746,-8.39802169799805,"Unknown"
"7014857",371856,2025-08-27 14:16:51,43.3631286621094,-8.40400218963623,"Unknown"
"7014857",371856,2025-08-27 14:22:14,43.3630828857422,-8.40404510498047,"Unknown"
"7014857",371856,2025-08-27 14:26:45,43.3631134033203,-8.40421485900879,"Unknown"
"7014857",371856,2025-08-27 14:31:47,43.3630638122559,-8.40425109863281,"Unknown"
"7014857",371856,2025-08-27 14:36:45,43.3632125854492,-8.40403079986572,"Unknown"
"7014857",371856,2025-08-27 14:41:52,43.3622703552246,-8.4039888381958,"Unknown"
"7014857",371856,2025-08-27 14:47:05,43.3630676269531,-8.40463542938232,"Unknown"
"7014857",371856,2025-08-27 14:51:52,43.3631172180176,-8.40461826324463,"Unknown"
"7014857",371856,2025-08-27 14:57:00,43.3622703552246,-8.40323257446289,"Unknown"
"7014857",371856,2025-08-27 15:01:46,43.3541107177734,-8.40957450866699,"Unknown"
"7014857",371856,2025-08-27 15:06:48,43.3459892272949,-8.43671798706055,"Unknown"
"7014857",371856,2025-08-27 15:11:49,43.3399696350098,-8.45423316955566,"Unknown"
"7014857",371856,2025-08-27 15:16:51,43.3403701782227,-8.45339202880859,"Unknown"
"7014857",371856,2025-08-27 15:22:36,43.3415107727051,-8.453782081604,"Unknown"
"7014857",371856,2025-08-27 15:26:57,43.3414916992188,-8.45410060882568,"Unknown"
"7014857",371856,2025-08-27 15:31:56,43.3413696289062,-8.4542064666748,"Unknown"
"7014857",371856,2025-08-27 15:36:54,43.3413734436035,-8.45410823822021,"Unknown"
"7014857",371856,2025-08-27 15:41:55,43.3414115905762,-8.45418739318848,"Unknown"
"7014857",371856,2025-08-27 15:46:54,43.3413467407227,-8.45424175262451,"Unknown"
"7014857",371856,2025-08-27 15:51:54,43.3413314819336,-8.4542818069458,"Unknown"
"7014857",371856,2025-08-27 15:57:02,43.3413276672363,-8.45410060882568,"Unknown"
"7014857",371856,2025-08-27 16:02:14,43.341365814209,-8.45415782928467,"Unknown"
"7014857",371856,2025-08-27 16:06:45,43.341365814209,-8.45417213439941,"Unknown"
"7014857",371856,2025-08-27 16:11:45,43.3525085449219,-8.4269962310791,"Unknown"
"7014857",371856,2025-08-27 16:16:45,43.3525009155273,-8.42685413360596,"Unknown"
"7014857",371856,2025-08-27 16:22:02,43.3526725769043,-8.42721748352051,"Unknown"
"7014857",371856,2025-08-27 16:26:46,43.3526916503906,-8.42746257781982,"Unknown"
"7014857",371856,2025-08-27 16:31:45,43.3526496887207,-8.42734241485596,"Unknown"
"7014857",371856,2025-08-27 16:36:46,43.349308013916,-8.42342853546143,"Unknown"
"7014857",371856,2025-08-27 16:41:48,43.3493423461914,-8.4234733581543,"Unknown"
"7014857",371856,2025-08-27 16:46:47,43.349536895752,-8.42356204986572,"Unknown"
"7014857",371856,2025-08-27 16:51:47,43.3495712280273,-8.42355442047119,"Unknown"
"7014857",371856,2025-08-27 16:56:46,43.3493995666504,-8.42332077026367,"Unknown"
"7014857",371856,2025-08-27 17:01:47,43.3494873046875,-8.42334938049316,"Unknown"
"7014857",371856,2025-08-27 17:06:47,43.3495140075684,-8.42347717285156,"Unknown"
"7014857",371856,2025-08-27 17:11:49,43.3494491577148,-8.42347812652588,"Unknown"
"7014857",371856,2025-08-27 17:16:46,43.3493995666504,-8.42331790924072,"Unknown"
"7014857",371856,2025-08-27 17:21:46,43.349609375,-8.42378902435303,"Unknown"
"7014857",371856,2025-08-27 17:26:46,43.3493537902832,-8.42322731018066,"Unknown"
"7014857",371856,2025-08-27 17:31:47,43.3493881225586,-8.42335319519043,"Unknown"
"7014857",371856,2025-08-27 17:36:47,43.3492622375488,-8.42305278778076,"Unknown"
"7014857",371856,2025-08-27 17:41:45,43.3493690490723,-8.42322635650635,"Unknown"
"7014857",371856,2025-08-27 17:46:48,43.3495025634766,-8.42339038848877,"Unknown"
"7014857",371856,2025-08-27 17:51:47,43.3494606018066,-8.42313861846924,"Unknown"
"7014857",371856,2025-08-27 17:56:47,43.3495445251465,-8.42339324951172,"Unknown"
"7014857",371856,2025-08-27 18:02:06,43.3493957519531,-8.42342185974121,"Unknown"
"7014857",371856,2025-08-27 18:06:47,43.349437713623,-8.42342376708984,"Unknown"
"7014857",371856,2025-08-27 18:11:46,43.3494186401367,-8.42337226867676,"Unknown"
"7014857",371856,2025-08-27 18:16:58,43.3493347167969,-8.42339992523193,"Unknown"
"7014857",371856,2025-08-27 18:21:58,43.3493309020996,-8.42341423034668,"Unknown"
"7014857",371856,2025-08-27 18:26:59,43.3492164611816,-8.42346954345703,"Unknown"
"7014857",371856,2025-08-27 18:32:05,43.3493461608887,-8.4233922958374,"Unknown"
"7014857",371856,2025-08-27 18:36:47,43.3493728637695,-8.42339420318604,"Unknown"
"7014857",371856,2025-08-27 18:41:51,43.349422454834,-8.42349720001221,"Unknown"
"7014857",371856,2025-08-27 18:46:52,43.349422454834,-8.42344284057617,"Unknown"
"7014857",371856,2025-08-27 18:51:59,43.3493690490723,-8.42343807220459,"Unknown"
"7014857",371856,2025-08-27 18:56:48,43.3494606018066,-8.4234733581543,"Unknown"
"7014857",371856,2025-08-27 19:01:52,43.349437713623,-8.42348957061768,"Unknown"
"7014857",371856,2025-08-27 19:06:45,43.3493881225586,-8.42343711853027,"Unknown"
"7014857",371856,2025-08-27 19:11:45,43.3494453430176,-8.42343807220459,"Unknown"
"7014857",371856,2025-08-27 19:16:45,43.349479675293,-8.42350387573242,"Unknown"
"7014857",371856,2025-08-27 19:21:47,43.349479675293,-8.42342758178711,"Unknown"
"7014857",371856,2025-08-27 19:26:46,43.3494415283203,-8.42343807220459,"Unknown"
"7014857",371856,2025-08-27 19:31:46,43.3494529724121,-8.42342185974121,"Unknown"
"7014857",371856,2025-08-27 19:36:46,43.349479675293,-8.42338085174561,"Unknown"
"7014857",371856,2025-08-27 19:41:54,43.355354309082,-8.41920185089111,"Unknown"
"7014857",371856,2025-08-27 19:46:51,43.3553276062012,-8.41917514801025,"Unknown"
"7014857",371856,2025-08-27 19:51:46,43.3552780151367,-8.41908264160156,"Unknown"
"7014857",371856,2025-08-27 19:56:47,43.3564605712891,-8.41704368591309,"Unknown"
"7014857",371856,2025-08-28 00:57:06,43.3627548217773,-8.40387725830078,"Unknown"
"7014857",371856,2025-08-28 04:09:35,43.3627777099609,-8.40398216247559,"Unknown"
"7014857",371856,2025-08-28 04:14:11,43.3627281188965,-8.40395069122314,"Unknown"
"7014857",371856,2025-08-28 04:19:09,43.3627738952637,-8.40401458740234,"Unknown"
"7014857",371856,2025-08-28 04:24:09,43.3627281188965,-8.40394306182861,"Unknown"
"7014857",371856,2025-08-28 04:29:15,43.3627319335938,-8.40389251708984,"Unknown"
"7014857",371856,2025-08-28 04:34:09,43.3627433776855,-8.40392208099365,"Unknown"
"7014857",371856,2025-08-28 04:39:09,43.3627128601074,-8.40388488769531,"Unknown"
"7014857",371856,2025-08-28 04:44:11,43.3626327514648,-8.40398693084717,"Unknown"
"7014857",371856,2025-08-28 04:49:19,43.362922668457,-8.40388774871826,"Unknown"
"7014857",371856,2025-08-28 04:54:35,43.3626594543457,-8.40391159057617,"Unknown"
"7014857",371856,2025-08-28 04:59:10,43.3625984191895,-8.40398025512695,"Unknown"
"7014857",371856,2025-08-28 05:04:10,43.3626976013184,-8.40395259857178,"Unknown"
"7014857",371856,2025-08-28 05:09:10,43.3626174926758,-8.403977394104,"Unknown"
"7014857",371856,2025-08-28 05:14:10,43.3626594543457,-8.40395641326904,"Unknown"
"7014857",371856,2025-08-28 05:19:10,43.3627128601074,-8.40396785736084,"Unknown"
"7014857",371856,2025-08-28 05:24:10,43.3626518249512,-8.40399932861328,"Unknown"
"7014857",371856,2025-08-28 05:29:13,43.3626480102539,-8.40396118164062,"Unknown"
"7014857",371856,2025-08-28 05:34:11,43.3626174926758,-8.40398597717285,"Unknown"
"7014857",371856,2025-08-28 05:39:10,43.362663269043,-8.40401268005371,"Unknown"
"7014857",371856,2025-08-28 05:44:10,43.3626289367676,-8.4039306640625,"Unknown"
"7014857",371856,2025-08-28 05:49:10,43.362621307373,-8.40398120880127,"Unknown"
"7014857",371856,2025-08-28 05:54:10,43.3621139526367,-8.40396308898926,"Unknown"
"7014857",371856,2025-08-28 05:59:10,43.3621406555176,-8.40391063690186,"Unknown"
"7014857",371856,2025-08-28 06:04:10,43.3621215820312,-8.40386962890625,"Unknown"
"7014857",371856,2025-08-28 06:09:09,43.3620948791504,-8.40399837493896,"Unknown"
"7014857",371856,2025-08-28 06:14:09,43.3620681762695,-8.40393161773682,"Unknown"
"7014857",371856,2025-08-28 06:19:12,43.3621253967285,-8.40396022796631,"Unknown"
"7014857",371856,2025-08-28 06:24:09,43.3600769042969,-8.40291976928711,"Unknown"
"7014857",371856,2025-08-28 06:29:09,43.3600959777832,-8.40285873413086,"Unknown"
"7014857",371856,2025-08-28 06:34:09,43.3601684570312,-8.40298843383789,"Unknown"
"7014857",371856,2025-08-28 06:39:09,43.3600044250488,-8.40279197692871,"Unknown"
"7014857",371856,2025-08-28 06:44:09,43.3600044250488,-8.40283489227295,"Unknown"
"7014857",371856,2025-08-28 06:49:11,43.3601226806641,-8.4029712677002,"Unknown"
"7014857",371856,2025-08-28 06:54:10,43.3600997924805,-8.40286350250244,"Unknown"
"7014857",371856,2025-08-28 06:59:09,43.3599166870117,-8.40235614776611,"Unknown"
"7014857",371856,2025-08-28 07:04:17,43.3601188659668,-8.40282440185547,"Unknown"
"7014857",371856,2025-08-28 07:09:16,43.3600921630859,-8.4027214050293,"Unknown"
"7014857",371856,2025-08-28 07:14:35,43.3601303100586,-8.40276336669922,"Unknown"
"7014857",371856,2025-08-28 07:19:10,43.3600006103516,-8.40290260314941,"Unknown"
"7014857",371856,2025-08-28 07:24:12,43.3601112365723,-8.40284633636475,"Unknown"
"7014857",371856,2025-08-28 07:29:10,43.3600044250488,-8.40291213989258,"Unknown"
"7014857",371856,2025-08-28 07:34:10,43.3600883483887,-8.40286922454834,"Unknown"
"7014857",371856,2025-08-28 07:39:10,43.360050201416,-8.40287971496582,"Unknown"
"7014857",371856,2025-08-28 07:44:15,43.3600997924805,-8.40286922454834,"Unknown"
"7014857",371856,2025-08-28 07:49:10,43.3600044250488,-8.40286540985107,"Unknown"
"7014857",371856,2025-08-28 07:54:09,43.3600158691406,-8.40303421020508,"Unknown"
"7014857",371856,2025-08-28 07:59:10,43.360034942627,-8.40275287628174,"Unknown"
"7014857",371856,2025-08-28 08:04:10,43.3601684570312,-8.40263938903809,"Unknown"
"7014857",371856,2025-08-28 08:09:11,43.3601531982422,-8.40292263031006,"Unknown"
"7014857",371856,2025-08-28 08:14:09,43.3602066040039,-8.40207672119141,"Unknown"
"7014857",371856,2025-08-28 08:19:11,43.3590202331543,-8.40272521972656,"Unknown"
"7014857",371856,2025-08-28 08:24:32,43.3599815368652,-8.40284633636475,"Unknown"
"7014857",371856,2025-08-28 08:29:10,43.3576698303223,-8.39840793609619,"Unknown"
"7014857",371856,2025-08-28 08:34:20,43.3579177856445,-8.39840698242188,"Unknown"
"7014857",371856,2025-08-28 08:39:09,43.3575286865234,-8.39827060699463,"Unknown"
"7014857",371856,2025-08-28 08:44:12,43.3577613830566,-8.3983325958252,"Unknown"
"7014857",371856,2025-08-28 08:49:12,43.3574409484863,-8.39753150939941,"Unknown"
"7014857",371856,2025-08-28 08:54:12,43.3578872680664,-8.39841461181641,"Unknown"
"7014857",371856,2025-08-28 08:59:13,43.3578872680664,-8.39833164215088,"Unknown"
"7014857",371856,2025-08-28 09:04:13,43.3578567504883,-8.39838600158691,"Unknown"
"7014857",371856,2025-08-28 09:09:13,43.3578720092773,-8.39839172363281,"Unknown"
"7014857",371856,2025-08-28 09:14:21,43.3577690124512,-8.398362159729,"Unknown"
"7014857",371856,2025-08-28 09:19:15,43.3577461242676,-8.39830875396729,"Unknown"
"7014857",371856,2025-08-28 09:24:11,43.3578414916992,-8.39843463897705,"Unknown"
"7014857",371856,2025-08-28 09:29:13,43.3579597473145,-8.40053367614746,"Unknown"
"7014857",371856,2025-08-28 09:34:13,43.3533515930176,-8.40171813964844,"Unknown"
"7014857",371856,2025-08-28 09:39:24,43.3533897399902,-8.40156555175781,"Unknown"
"7014857",371856,2025-08-28 09:44:13,43.3536605834961,-8.40168762207031,"Unknown"
"7014857",371856,2025-08-28 09:49:35,43.3536529541016,-8.40170669555664,"Unknown"
"7014857",371856,2025-08-28 09:54:10,43.3535575866699,-8.40158367156982,"Unknown"
"7014857",371856,2025-08-28 09:59:10,43.3536071777344,-8.40126800537109,"Unknown"
"7014857",371856,2025-08-28 10:04:10,43.3533973693848,-8.40149879455566,"Unknown"
"7014857",371856,2025-08-28 10:09:09,43.3533477783203,-8.40161800384521,"Unknown"
"7014857",371856,2025-08-28 10:14:10,43.3452186584473,-8.39859199523926,"Unknown"
"7014857",371856,2025-08-28 10:19:11,43.3266983032227,-8.3760347366333,"Unknown"
"7014857",371856,2025-08-28 10:24:09,43.3178100585938,-8.37953186035156,"Unknown"
"7014857",371856,2025-08-28 10:29:10,43.3063011169434,-8.37310314178467,"Unknown"
"7014857",371856,2025-08-28 10:34:11,43.2892913818359,-8.3663215637207,"Unknown"
"7014857",371856,2025-08-28 10:39:11,43.2763824462891,-8.36952018737793,"Unknown"
"7014857",371856,2025-08-28 10:44:20,43.262996673584,-8.37735557556152,"Unknown"
"7014857",371856,2025-08-28 10:49:10,43.2611770629883,-8.38759326934814,"Unknown"
"7014857",371856,2025-08-28 10:54:44,43.2538146972656,-8.38095283508301,"Unknown"
"7014857",371856,2025-08-28 10:59:10,43.233341217041,-8.38711929321289,"Unknown"
"7014857",371856,2025-08-28 11:04:11,43.2274627685547,-8.37855339050293,"Unknown"
"7014857",371856,2025-08-28 11:09:09,43.2286987304688,-8.36963081359863,"Unknown"
"7014857",371856,2025-08-28 11:14:11,43.2093811035156,-8.38883876800537,"Unknown"
"7014857",371856,2025-08-28 11:19:10,43.1929931640625,-8.41278171539307,"Unknown"
"7014857",371856,2025-08-28 11:24:11,43.1901092529297,-8.4221305847168,"Unknown"
"7014857",371856,2025-08-28 11:29:12,43.172779083252,-8.43528079986572,"Unknown"
"7014857",371856,2025-08-28 11:34:12,43.1703643798828,-8.43781566619873,"Unknown"
"7014857",371856,2025-08-28 11:39:13,43.1704597473145,-8.43784713745117,"Unknown"
"7014857",371856,2025-08-28 11:44:17,43.1707038879395,-8.43828296661377,"Unknown"
"7014857",371856,2025-08-28 11:49:11,43.1704864501953,-8.43793392181396,"Unknown"
"7014857",371856,2025-08-28 11:54:35,43.1702766418457,-8.43772411346436,"Unknown"
"7014857",371856,2025-08-28 11:59:09,43.170783996582,-8.43913745880127,"Unknown"
"7014857",371856,2025-08-28 12:04:16,43.1716041564941,-8.43083572387695,"Unknown"
"7014857",371856,2025-08-28 12:09:11,43.1492347717285,-8.4458646774292,"Unknown"
"7014857",371856,2025-08-28 12:14:09,43.1374816894531,-8.45602798461914,"Unknown"
"7014857",371856,2025-08-28 12:19:12,43.1304931640625,-8.4697847366333,"Unknown"
"7014857",371856,2025-08-28 12:24:13,43.130428314209,-8.46969699859619,"Unknown"
"7014857",371856,2025-08-28 12:29:20,43.1304016113281,-8.46957206726074,"Unknown"
"7014857",371856,2025-08-28 12:34:13,43.1304016113281,-8.46962928771973,"Unknown"
"7014857",371856,2025-08-28 12:39:09,43.1308975219727,-8.47055816650391,"Unknown"
"7014857",371856,2025-08-28 12:44:12,43.1305122375488,-8.47084712982178,"Unknown"
"7014857",371856,2025-08-28 12:49:12,43.1305351257324,-8.47092628479004,"Unknown"
"7014857",371856,2025-08-28 12:54:11,43.1305656433105,-8.47102355957031,"Unknown"
"7014857",371856,2025-08-28 12:59:12,43.1305084228516,-8.47075176239014,"Unknown"
"7014857",371856,2025-08-28 13:04:10,43.1304550170898,-8.47068786621094,"Unknown"
"7014857",371856,2025-08-28 13:09:11,43.1304550170898,-8.47089767456055,"Unknown"
"7014857",371856,2025-08-28 13:14:11,43.1306304931641,-8.47091674804688,"Unknown"
"7014857",371856,2025-08-28 13:19:24,43.1304817199707,-8.47121715545654,"Unknown"
"7014857",371856,2025-08-28 13:24:10,43.1329879760742,-8.46953678131104,"Unknown"
"7014857",371856,2025-08-28 13:29:35,43.133056640625,-8.46930122375488,"Unknown"
"7014857",371856,2025-08-28 13:34:10,43.1328620910645,-8.4692325592041,"Unknown"
"7014857",371856,2025-08-28 13:39:12,43.1336364746094,-8.46921539306641,"Unknown"
"7014857",371856,2025-08-28 13:44:11,43.1336059570312,-8.46920013427734,"Unknown"
"7014857",371856,2025-08-28 13:49:11,43.1338119506836,-8.46939182281494,"Unknown"
"7014857",371856,2025-08-28 13:54:11,43.1336212158203,-8.469162940979,"Unknown"
"7014857",371856,2025-08-28 13:59:10,43.1335372924805,-8.46892070770264,"Unknown"
"7014857",371856,2025-08-28 14:04:18,43.1336479187012,-8.46908283233643,"Unknown"
"7014857",371856,2025-08-28 14:09:20,43.1337814331055,-8.46955871582031,"Unknown"
"7014857",371856,2025-08-28 14:14:10,43.1319465637207,-8.46854782104492,"Unknown"
"7014857",371856,2025-08-28 14:19:13,43.1318778991699,-8.4686222076416,"Unknown"
"7014857",371856,2025-08-28 14:24:15,43.1318244934082,-8.46865558624268,"Unknown"
"7014857",371856,2025-08-28 14:29:19,43.1319541931152,-8.46868515014648,"Unknown"
"7014857",371856,2025-08-28 14:34:18,43.1318817138672,-8.46858501434326,"Unknown"
"7014857",371856,2025-08-28 14:39:12,43.1319007873535,-8.46878814697266,"Unknown"
"7014857",371856,2025-08-28 14:44:18,43.1318473815918,-8.46866798400879,"Unknown"
"7014857",371856,2025-08-28 14:49:12,43.1318016052246,-8.46857452392578,"Unknown"
"7014857",371856,2025-08-28 14:54:18,43.1318397521973,-8.46850204467773,"Unknown"
"7014857",371856,2025-08-28 14:59:10,43.1318435668945,-8.46871948242188,"Unknown"
"7014857",371856,2025-08-28 15:04:35,43.1318702697754,-8.46858787536621,"Unknown"
"7014857",371856,2025-08-28 15:09:10,43.1318550109863,-8.46869373321533,"Unknown"
"7014857",371856,2025-08-28 15:14:10,43.1319808959961,-8.46851062774658,"Unknown"
"7014857",371856,2025-08-28 15:19:10,43.1318511962891,-8.46862411499023,"Unknown"
"7014857",371856,2025-08-28 15:24:44,43.1318740844727,-8.46860504150391,"Unknown"
"7014857",371856,2025-08-28 15:29:09,43.1317977905273,-8.46880149841309,"Unknown"
"7014857",371856,2025-08-28 15:34:13,43.1319351196289,-8.46860313415527,"Unknown"
"7014857",371856,2025-08-28 15:39:09,43.1318321228027,-8.46866035461426,"Unknown"
"7014857",371856,2025-08-28 15:44:11,43.1318626403809,-8.46867752075195,"Unknown"
"7014857",371856,2025-08-28 15:49:13,43.1318969726562,-8.4688081741333,"Unknown"
"7014857",371856,2025-08-28 15:54:11,43.1318397521973,-8.46865940093994,"Unknown"
"7014857",371856,2025-08-28 15:59:11,43.1331481933594,-8.4691219329834,"Unknown"
"7014857",371856,2025-08-28 16:04:10,43.1333389282227,-8.46905422210693,"Unknown"
"7014857",371856,2025-08-28 16:09:10,43.1331520080566,-8.46899127960205,"Unknown"
"7014857",371856,2025-08-28 16:14:11,43.1331787109375,-8.46900749206543,"Unknown"
"7014857",371856,2025-08-28 16:19:10,43.133171081543,-8.46901321411133,"Unknown"
"7014857",371856,2025-08-28 16:24:11,43.1332473754883,-8.46905899047852,"Unknown"
"7014857",371856,2025-08-28 16:29:11,43.1331748962402,-8.46914958953857,"Unknown"
"7014857",371856,2025-08-28 16:34:11,43.133171081543,-8.46897888183594,"Unknown"
"7014857",371856,2025-08-28 16:39:10,43.1333160400391,-8.46900844573975,"Unknown"
"7014857",371856,2025-08-28 16:44:11,43.1332130432129,-8.46895599365234,"Unknown"
"7014857",371856,2025-08-28 16:49:12,43.1332893371582,-8.46914386749268,"Unknown"
"7014857",371856,2025-08-28 16:54:13,43.1332740783691,-8.46910858154297,"Unknown"
"7014857",371856,2025-08-28 16:59:11,43.133373260498,-8.46919250488281,"Unknown"
"7014857",371856,2025-08-28 17:04:15,43.1332893371582,-8.46903610229492,"Unknown"
"7014857",371856,2025-08-28 17:09:35,43.1331367492676,-8.46907997131348,"Unknown"
"7014857",371856,2025-08-28 17:14:15,43.1330947875977,-8.46904277801514,"Unknown"
"7014857",371856,2025-08-28 17:19:15,43.132984161377,-8.46897983551025,"Unknown"
"7014857",371856,2025-08-28 17:24:18,43.1331520080566,-8.46912670135498,"Unknown"
"7014857",371856,2025-08-28 17:29:14,43.1329917907715,-8.46926307678223,"Unknown"
"7014857",371856,2025-08-28 17:34:14,43.1330108642578,-8.46912956237793,"Unknown"
"7014857",371856,2025-08-28 17:39:14,43.1330261230469,-8.46932029724121,"Unknown"
"7014857",371856,2025-08-28 17:44:14,43.1329689025879,-8.46913051605225,"Unknown"
"7014857",371856,2025-08-28 17:49:15,43.1325263977051,-8.46861553192139,"Unknown"
"7014857",371856,2025-08-28 17:54:14,43.1326560974121,-8.46885967254639,"Unknown"
"7014857",371856,2025-08-28 17:59:13,43.1327362060547,-8.46885013580322,"Unknown"
"7014857",371856,2025-08-28 18:04:18,43.1325531005859,-8.46870517730713,"Unknown"
"7014857",371856,2025-08-28 18:09:35,43.1319885253906,-8.46868801116943,"Unknown"
"7014857",371856,2025-08-28 18:14:11,43.1320266723633,-8.46870994567871,"Unknown"
"7014857",371856,2025-08-28 18:19:12,43.1320648193359,-8.4686803817749,"Unknown"
"7014857",371856,2025-08-28 18:24:17,43.1320381164551,-8.46872425079346,"Unknown"
"7014857",371856,2025-08-28 18:29:15,43.1317672729492,-8.46859359741211,"Unknown"
"7014857",371856,2025-08-28 18:34:16,43.1318054199219,-8.46852970123291,"Unknown"
"7014857",371856,2025-08-28 18:39:19,43.1318626403809,-8.46872138977051,"Unknown"
"7014857",371856,2025-08-28 18:44:16,43.1322364807129,-8.46872329711914,"Unknown"
"7014857",371856,2025-08-28 18:49:17,43.1313323974609,-8.46848297119141,"Unknown"
"7014857",371856,2025-08-28 18:54:15,43.132396697998,-8.46919059753418,"Unknown"
"7014857",371856,2025-08-28 18:59:12,43.1341667175293,-8.4687032699585,"Unknown"
"7014857",371856,2025-08-28 19:04:17,43.1637382507324,-8.45304393768311,"Unknown"
"7014857",371856,2025-08-28 19:09:12,43.1707229614258,-8.43821430206299,"Unknown"
"7014857",371856,2025-08-28 19:14:24,43.1707420349121,-8.43807125091553,"Unknown"
"7014857",371856,2025-08-28 19:19:15,43.1722602844238,-8.43816184997559,"Unknown"
"7014857",371856,2025-08-28 19:24:24,43.1708297729492,-8.43807125091553,"Unknown"
"7014857",371856,2025-08-28 19:29:25,43.1707954406738,-8.43798923492432,"Unknown"
"7014857",371856,2025-08-28 19:34:19,43.1707763671875,-8.4381103515625,"Unknown"
"7014857",371856,2025-08-28 19:39:25,43.1707572937012,-8.43800926208496,"Unknown"
"7014857",371856,2025-08-28 19:44:25,43.1708106994629,-8.43804264068604,"Unknown"
"7014857",371856,2025-08-28 19:49:25,43.1707725524902,-8.43801498413086,"Unknown"
"7014857",371856,2025-08-28 19:54:41,43.1708488464355,-8.43795967102051,"Unknown"
"7014857",371856,2025-08-29 00:55:05,43.1708641052246,-8.43810653686523,"Unknown"
"7014857",371856,2025-08-29 04:11:36,43.1709747314453,-8.4386510848999,"Unknown"
"7014857",371856,2025-08-29 04:16:16,43.1710586547852,-8.43852138519287,"Unknown"
"7014857",371856,2025-08-29 04:21:16,43.1711959838867,-8.43863773345947,"Unknown"
"7014857",371856,2025-08-29 04:26:26,43.171028137207,-8.43865585327148,"Unknown"
"7014857",371856,2025-08-29 04:31:17,43.1714057922363,-8.43871784210205,"Unknown"
"7014857",371856,2025-08-29 04:36:19,43.1710357666016,-8.43867683410645,"Unknown"
"7014857",371856,2025-08-29 04:41:14,43.1708869934082,-8.43850803375244,"Unknown"
"7014857",371856,2025-08-29 04:46:16,43.1711502075195,-8.43867111206055,"Unknown"
"7014857",371856,2025-08-29 04:51:20,43.1710166931152,-8.43870639801025,"Unknown"
"7014857",371856,2025-08-29 04:56:15,43.1710319519043,-8.43867874145508,"Unknown"
"7014857",371856,2025-08-29 05:01:16,43.1712646484375,-8.43842315673828,"Unknown"
"7014857",371856,2025-08-29 05:06:16,43.1710014343262,-8.43780422210693,"Unknown"
"7014857",371856,2025-08-29 05:11:16,43.171012878418,-8.43813514709473,"Unknown"
"7014857",371856,2025-08-29 05:16:35,43.1709022521973,-8.438551902771,"Unknown"
"7014857",371856,2025-08-29 05:21:15,43.1709251403809,-8.43846988677979,"Unknown"
"7014857",371856,2025-08-29 05:26:14,43.1709403991699,-8.43869018554688,"Unknown"
"7014857",371856,2025-08-29 05:31:15,43.1709022521973,-8.43865776062012,"Unknown"
"7014857",371856,2025-08-29 05:36:14,43.1709594726562,-8.43871212005615,"Unknown"
"7014857",371856,2025-08-29 05:41:14,43.1708869934082,-8.43875408172607,"Unknown"
"7014857",371856,2025-08-29 05:46:14,43.1709785461426,-8.4386739730835,"Unknown"
"7014857",371856,2025-08-29 05:51:15,43.1707344055176,-8.43845367431641,"Unknown"
"7014857",371856,2025-08-29 05:56:14,43.1707382202148,-8.4385347366333,"Unknown"
"7014857",371856,2025-08-29 06:01:14,43.1707229614258,-8.43867683410645,"Unknown"
"7014857",371856,2025-08-29 06:06:14,43.1706619262695,-8.4385986328125,"Unknown"
"7014857",371856,2025-08-29 06:11:14,43.1707000732422,-8.43853855133057,"Unknown"
"7014857",371856,2025-08-29 06:16:14,43.1706504821777,-8.43857955932617,"Unknown"
"7014857",371856,2025-08-29 06:21:14,43.1709480285645,-8.45693874359131,"Unknown"
"7014857",371856,2025-08-29 06:26:14,43.1536293029785,-8.47279262542725,"Unknown"
"7014857",371856,2025-08-29 06:31:19,43.1331787109375,-8.46905422210693,"Unknown"
"7014857",371856,2025-08-29 06:36:15,43.1333351135254,-8.46902847290039,"Unknown"
"7014857",371856,2025-08-29 06:41:19,43.130916595459,-8.47128391265869,"Unknown"
"7014857",371856,2025-08-29 06:46:15,43.1309356689453,-8.47122859954834,"Unknown"
"7014857",371856,2025-08-29 06:51:18,43.1309928894043,-8.47115516662598,"Unknown"
"7014857",371856,2025-08-29 06:56:16,43.1309661865234,-8.47089290618896,"Unknown"
"7014857",371856,2025-08-29 07:01:17,43.131046295166,-8.47117233276367,"Unknown"
"7014857",371856,2025-08-29 07:06:17,43.1307487487793,-8.47095394134521,"Unknown"
"7014857",371856,2025-08-29 07:11:14,43.1307487487793,-8.47101593017578,"Unknown"
"7014857",371856,2025-08-29 07:16:14,43.1307106018066,-8.4709300994873,"Unknown"
"7014857",371856,2025-08-29 07:21:14,43.1307754516602,-8.47098255157471,"Unknown"
"7014857",371856,2025-08-29 07:26:15,43.130744934082,-8.47096538543701,"Unknown"
"7014857",371856,2025-08-29 07:31:14,43.1308898925781,-8.47089004516602,"Unknown"
"7014857",371856,2025-08-29 07:36:15,43.130729675293,-8.47099781036377,"Unknown"
"7014857",371856,2025-08-29 07:41:16,43.1320419311523,-8.46863555908203,"Unknown"
"7014857",371856,2025-08-29 07:46:39,43.1332855224609,-8.46952438354492,"Unknown"
"7014857",371856,2025-08-29 07:51:32,43.1332893371582,-8.46940803527832,"Unknown"
"7014857",371856,2025-08-29 07:56:14,43.1332130432129,-8.46908664703369,"Unknown"
"7014857",371856,2025-08-29 08:01:15,43.1333236694336,-8.46902179718018,"Unknown"
"7014857",371856,2025-08-29 08:06:17,43.1333770751953,-8.46895790100098,"Unknown"
"7014857",371856,2025-08-29 08:11:26,43.1333427429199,-8.46893692016602,"Unknown"
"7014857",371856,2025-08-29 08:16:29,43.1333961486816,-8.46873474121094,"Unknown"
"7014857",371856,2025-08-29 08:21:20,43.1333274841309,-8.46881675720215,"Unknown"
"7014857",371856,2025-08-29 08:26:20,43.13330078125,-8.46882629394531,"Unknown"
"7014857",371856,2025-08-29 08:31:19,43.1332473754883,-8.46889781951904,"Unknown"
"7014857",371856,2025-08-29 08:36:24,43.1332321166992,-8.46892833709717,"Unknown"
"7014857",371856,2025-08-29 08:41:19,43.1333274841309,-8.46876049041748,"Unknown"
"7014857",371856,2025-08-29 08:46:15,43.1333770751953,-8.46871280670166,"Unknown"
"7014857",371856,2025-08-29 08:51:20,43.1332969665527,-8.46893978118896,"Unknown"
"7014857",371856,2025-08-29 08:56:44,43.1333274841309,-8.46896743774414,"Unknown"
"7014857",371856,2025-08-29 09:01:14,43.1333465576172,-8.46891784667969,"Unknown"
"7014857",371856,2025-08-29 09:06:17,43.1332397460938,-8.46897411346436,"Unknown"
"7014857",371856,2025-08-29 09:11:15,43.1333084106445,-8.46895980834961,"Unknown"
"7014857",371856,2025-08-29 09:16:15,43.133430480957,-8.46888542175293,"Unknown"
"7014857",371856,2025-08-29 09:21:16,43.1332969665527,-8.46889972686768,"Unknown"
"7014857",371856,2025-08-29 09:26:16,43.1334381103516,-8.46890449523926,"Unknown"
"7014857",371856,2025-08-29 09:31:15,43.1333808898926,-8.46894359588623,"Unknown"
"7014857",371856,2025-08-29 09:36:15,43.1335334777832,-8.46897602081299,"Unknown"
"7014857",371856,2025-08-29 09:41:15,43.1331443786621,-8.46906661987305,"Unknown"
"7014857",371856,2025-08-29 09:46:22,43.1331481933594,-8.46902942657471,"Unknown"
"7014857",371856,2025-08-29 09:51:15,43.1331443786621,-8.46888446807861,"Unknown"
"7014857",371856,2025-08-29 09:56:15,43.1332206726074,-8.46888065338135,"Unknown"
"7014857",371856,2025-08-29 10:01:42,43.1332359313965,-8.46879863739014,"Unknown"
"7014857",371856,2025-08-29 10:06:16,43.1331634521484,-8.46849727630615,"Unknown"
"7014857",371856,2025-08-29 10:11:14,43.1337699890137,-8.46844959259033,"Unknown"
"7014857",371856,2025-08-29 10:16:16,43.1333160400391,-8.4690637588501,"Unknown"
"7014857",371856,2025-08-29 10:21:16,43.1333847045898,-8.46926212310791,"Unknown"
"7014857",371856,2025-08-29 10:26:17,43.1334114074707,-8.46912574768066,"Unknown"
"7014857",371856,2025-08-29 10:31:14,43.1304817199707,-8.47070503234863,"Unknown"
"7014857",371856,2025-08-29 10:36:16,43.1305999755859,-8.4709005355835,"Unknown"
"7014857",371856,2025-08-29 10:41:14,43.1305732727051,-8.47098064422607,"Unknown"
"7014857",371856,2025-08-29 10:46:33,43.1305541992188,-8.4708833694458,"Unknown"
"7014857",371856,2025-08-29 10:51:16,43.130428314209,-8.47074317932129,"Unknown"
"7014857",371856,2025-08-29 10:56:20,43.1304702758789,-8.47088527679443,"Unknown"
"7014857",371856,2025-08-29 11:01:17,43.1305656433105,-8.4709358215332,"Unknown"
"7014857",371856,2025-08-29 11:06:23,43.1304473876953,-8.47088146209717,"Unknown"
"7014857",371856,2025-08-29 11:11:25,43.1305809020996,-8.47086811065674,"Unknown"
"7014857",371856,2025-08-29 11:16:22,43.1304740905762,-8.47087669372559,"Unknown"
"7014857",371856,2025-08-29 11:21:20,43.1304512023926,-8.4708137512207,"Unknown"
"7014857",371856,2025-08-29 11:26:20,43.1304664611816,-8.47089195251465,"Unknown"
"7014857",371856,2025-08-29 11:31:20,43.1304397583008,-8.47105979919434,"Unknown"
"7014857",371856,2025-08-29 11:36:20,43.1304359436035,-8.47099018096924,"Unknown"
"7014857",371856,2025-08-29 11:41:24,43.1317291259766,-8.47353839874268,"Unknown"
"7014857",371856,2025-08-29 11:46:20,43.112663269043,-8.48849964141846,"Unknown"
"7014857",371856,2025-08-29 11:51:31,43.1000900268555,-8.49622631072998,"Unknown"
"7014857",371856,2025-08-29 11:56:15,43.0996780395508,-8.49670791625977,"Unknown"
"7014857",371856,2025-08-29 12:01:35,43.0996742248535,-8.49668979644775,"Unknown"
"7014857",371856,2025-08-29 12:06:14,43.0995826721191,-8.49677181243896,"Unknown"
"7014857",371856,2025-08-29 12:11:15,43.099479675293,-8.49658679962158,"Unknown"
"7014857",371856,2025-08-29 12:16:16,43.0989456176758,-8.49453926086426,"Unknown"
"7014857",371856,2025-08-29 12:21:16,43.0989532470703,-8.49431610107422,"Unknown"
"7014857",371856,2025-08-29 12:26:15,43.0989570617676,-8.49416351318359,"Unknown"
"7014857",371856,2025-08-29 12:31:15,43.0989837646484,-8.49407196044922,"Unknown"
"7014857",371856,2025-08-29 12:36:15,43.0988731384277,-8.49374198913574,"Unknown"
"7014857",371856,2025-08-29 12:41:17,43.0987358093262,-8.49345684051514,"Unknown"
"7014857",371856,2025-08-29 12:46:16,43.098705291748,-8.49335956573486,"Unknown"
"7014857",371856,2025-08-29 12:51:16,43.1002731323242,-8.49539184570312,"Unknown"
"7014857",371856,2025-08-29 12:56:16,43.0998802185059,-8.49718761444092,"Unknown"
"7014857",371856,2025-08-29 13:01:14,43.0999794006348,-8.49722385406494,"Unknown"
"7014857",371856,2025-08-29 13:06:14,43.0999412536621,-8.49722290039062,"Unknown"
"7014857",371856,2025-08-29 13:11:18,43.0984916687012,-8.49733352661133,"Unknown"
"7014857",371856,2025-08-29 13:16:14,43.0983047485352,-8.49730110168457,"Unknown"
"7014857",371856,2025-08-29 13:21:17,43.0982437133789,-8.4940185546875,"Unknown"
"7014857",371856,2025-08-29 13:26:18,43.0982437133789,-8.49376392364502,"Unknown"
"7014857",371856,2025-08-29 13:31:16,43.0982437133789,-8.49364471435547,"Unknown"
"7014857",371856,2025-08-29 13:36:15,43.098388671875,-8.4938440322876,"Unknown"
"7014857",371856,2025-08-29 13:41:15,43.0984153747559,-8.49387454986572,"Unknown"
"7014857",371856,2025-08-29 13:46:44,43.0984077453613,-8.49377918243408,"Unknown"
"7014857",371856,2025-08-29 13:51:14,43.0986366271973,-8.4938268661499,"Unknown"
"7014857",371856,2025-08-29 13:56:15,43.0987586975098,-8.49370384216309,"Unknown"
"7014857",371856,2025-08-29 14:01:15,43.098804473877,-8.49368286132812,"Unknown"
"7014857",371856,2025-08-29 14:06:16,43.098934173584,-8.49368095397949,"Unknown"
"7014857",371856,2025-08-29 14:11:16,43.0988693237305,-8.49357604980469,"Unknown"
"7014857",371856,2025-08-29 14:16:15,43.0986862182617,-8.49338531494141,"Unknown"
"7014857",371856,2025-08-29 14:21:16,43.1003074645996,-8.49576950073242,"Unknown"
"7014857",371856,2025-08-29 14:26:14,43.1015129089355,-8.49156188964844,"Unknown"
"7014857",371856,2025-08-29 14:31:35,43.1271057128906,-8.47524929046631,"Unknown"
"7014857",371856,2025-08-29 14:36:14,43.1337242126465,-8.46922969818115,"Unknown"
"7014857",371856,2025-08-29 14:41:14,43.1337547302246,-8.46934223175049,"Unknown"
"7014857",371856,2025-08-29 14:46:15,43.1336402893066,-8.4694185256958,"Unknown"
"7014857",371856,2025-08-29 14:51:14,43.1336402893066,-8.46937561035156,"Unknown"
"7014857",371856,2025-08-29 14:56:15,43.1337280273438,-8.46923351287842,"Unknown"
"7014857",371856,2025-08-29 15:01:15,43.1338348388672,-8.46911239624023,"Unknown"
"7014857",371856,2025-08-29 15:06:16,43.1337051391602,-8.46932697296143,"Unknown"
"7014857",371856,2025-08-29 15:11:15,43.1337928771973,-8.46922016143799,"Unknown"
"7014857",371856,2025-08-29 15:16:15,43.1327705383301,-8.46811199188232,"Unknown"
"7014857",371856,2025-08-29 15:21:15,43.132568359375,-8.46803569793701,"Unknown"
"7014857",371856,2025-08-29 15:26:17,43.1325988769531,-8.46794414520264,"Unknown"
"7014857",371856,2025-08-29 15:31:15,43.1325569152832,-8.46801662445068,"Unknown"
"7014857",371856,2025-08-29 15:36:15,43.1324462890625,-8.46808242797852,"Unknown"
"7014857",371856,2025-08-29 15:41:15,43.1325035095215,-8.46803379058838,"Unknown"
"7014857",371856,2025-08-29 15:46:14,43.1324882507324,-8.46799945831299,"Unknown"
"7014857",371856,2025-08-29 15:51:14,43.1324424743652,-8.46801376342773,"Unknown"
"7014857",371856,2025-08-29 15:56:17,43.1323585510254,-8.46803283691406,"Unknown"
"7014857",371856,2025-08-29 16:01:17,43.1323776245117,-8.46803665161133,"Unknown"
"7014857",371856,2025-08-29 16:06:35,43.1324119567871,-8.4680347442627,"Unknown"
"7014857",371856,2025-08-29 16:11:15,43.1324348449707,-8.46803092956543,"Unknown"
"7014857",371856,2025-08-29 16:16:15,43.1322174072266,-8.46793460845947,"Unknown"
"7014857",371856,2025-08-29 16:21:15,43.1324615478516,-8.46806240081787,"Unknown"
"7014857",371856,2025-08-29 16:26:15,43.1323890686035,-8.46799850463867,"Unknown"
"7014857",371856,2025-08-29 16:31:16,43.1324005126953,-8.46805477142334,"Unknown"
"7014857",371856,2025-08-29 16:36:20,43.1323471069336,-8.46803379058838,"Unknown"
"7014857",371856,2025-08-29 16:41:25,43.1324653625488,-8.46800708770752,"Unknown"
"7014857",371856,2025-08-29 16:46:28,43.1324424743652,-8.46800327301025,"Unknown"
"7014857",371856,2025-08-29 16:51:24,43.132381439209,-8.46801090240479,"Unknown"
"7014857",371856,2025-08-29 16:56:15,43.1323356628418,-8.4680061340332,"Unknown"
"7014857",371856,2025-08-29 17:01:23,43.1324157714844,-8.46799659729004,"Unknown"
"7014857",371856,2025-08-29 17:06:16,43.1323661804199,-8.46797370910645,"Unknown"
"7014857",371856,2025-08-29 17:11:18,43.1324653625488,-8.46807289123535,"Unknown"
"7014857",371856,2025-08-29 17:16:16,43.1324920654297,-8.4681282043457,"Unknown"
"7014857",371856,2025-08-29 17:21:16,43.132381439209,-8.46791839599609,"Unknown"
"7014857",371856,2025-08-29 17:26:14,43.1324882507324,-8.46815586090088,"Unknown"
"7014857",371856,2025-08-29 17:31:15,43.1322479248047,-8.46764755249023,"Unknown"
"7014857",371856,2025-08-29 17:36:14,43.1323661804199,-8.46783828735352,"Unknown"
"7014857",371856,2025-08-29 17:41:15,43.1325531005859,-8.46809673309326,"Unknown"
"7014857",371856,2025-08-29 17:46:16,43.1324462890625,-8.46783828735352,"Unknown"
"7014857",371856,2025-08-29 17:51:19,43.1325073242188,-8.46800327301025,"Unknown"
"7014857",371856,2025-08-29 17:56:18,43.1325302124023,-8.46793365478516,"Unknown"
"7014857",371856,2025-08-29 18:01:35,43.1324119567871,-8.46803665161133,"Unknown"
"7014857",371856,2025-08-29 18:06:14,43.1324310302734,-8.46800994873047,"Unknown"
"7014857",371856,2025-08-29 18:11:15,43.132381439209,-8.4680347442627,"Unknown"
"7014857",371856,2025-08-29 18:16:14,43.1323356628418,-8.46804141998291,"Unknown"
"7014857",371856,2025-08-29 18:21:14,43.1324195861816,-8.46806812286377,"Unknown"
"7014857",371856,2025-08-29 18:26:15,43.132396697998,-8.46800994873047,"Unknown"
"7014857",371856,2025-08-29 18:31:15,43.1323471069336,-8.468017578125,"Unknown"
"7014857",371856,2025-08-29 18:36:15,43.1323432922363,-8.46802425384521,"Unknown"
"7014857",371856,2025-08-29 18:41:17,43.1322822570801,-8.46800708770752,"Unknown"
"7014857",371856,2025-08-29 18:46:14,43.1321563720703,-8.46799945831299,"Unknown"
"7014857",371856,2025-08-29 18:51:18,43.1323394775391,-8.46800994873047,"Unknown"
"7014857",371856,2025-08-29 18:56:14,43.1324653625488,-8.46812534332275,"Unknown"
"7014857",371856,2025-08-29 19:01:15,43.132511138916,-8.46762180328369,"Unknown"
"7014857",371856,2025-08-29 19:06:16,43.1325607299805,-8.46766376495361,"Unknown"
"7014857",371856,2025-08-29 19:11:17,43.1325492858887,-8.46769142150879,"Unknown"
"7014857",371856,2025-08-29 19:16:14,43.1505889892578,-8.44717884063721,"Unknown"
"7014857",371856,2025-08-29 19:21:14,43.1698799133301,-8.44287967681885,"Unknown"
"7014857",371856,2025-08-29 19:26:23,43.1720504760742,-8.4405689239502,"Unknown"
"7014857",371856,2025-08-29 19:31:18,43.171932220459,-8.44053936004639,"Unknown"
"7014857",371856,2025-08-29 19:36:22,43.1718559265137,-8.44052886962891,"Unknown"
"7014857",371856,2025-08-29 19:41:16,43.1719017028809,-8.44052600860596,"Unknown"
"7014857",371856,2025-08-29 19:46:17,43.1718139648438,-8.44045734405518,"Unknown"
"7014857",371856,2025-08-29 19:52:50,43.1718254089355,-8.4404878616333,"Unknown"
"7014857",371856,2025-08-30 00:53:16,43.1717338562012,-8.44073867797852,"Unknown"
"7014857",371856,2025-08-30 04:13:35,43.1715126037598,-8.44104766845703,"Unknown"
"7014857",371856,2025-08-30 04:18:01,43.1714782714844,-8.44100475311279,"Unknown"
"7014857",371856,2025-08-30 04:23:01,43.1714096069336,-8.44095706939697,"Unknown"
"7014857",371856,2025-08-30 04:28:02,43.1714553833008,-8.44098567962646,"Unknown"
"7014857",371856,2025-08-30 04:33:02,43.1711120605469,-8.44074058532715,"Unknown"
"7014857",371856,2025-08-30 04:38:01,43.1715545654297,-8.44108295440674,"Unknown"
"7014857",371856,2025-08-30 04:43:03,43.1715698242188,-8.44103908538818,"Unknown"
"7014857",371856,2025-08-30 04:48:01,43.1716995239258,-8.44122886657715,"Unknown"
"7014857",371856,2025-08-30 04:53:09,43.1716423034668,-8.44100952148438,"Unknown"
"7014857",371856,2025-08-30 04:58:01,43.1714935302734,-8.44106101989746,"Unknown"
"7014857",371856,2025-08-30 05:03:01,43.1715774536133,-8.44112682342529,"Unknown"
"7014857",371856,2025-08-30 05:08:00,43.1715698242188,-8.44125366210938,"Unknown"
"7014857",371856,2025-08-30 05:13:00,43.1715621948242,-8.44120597839355,"Unknown"
"7014857",371856,2025-08-30 05:18:00,43.1716232299805,-8.44132423400879,"Unknown"
"7014857",371856,2025-08-30 05:23:01,43.1714897155762,-8.44100189208984,"Unknown"
"7014857",371856,2025-08-30 05:28:01,43.1715393066406,-8.44135189056396,"Unknown"
"7014857",371856,2025-08-30 05:33:02,43.1715202331543,-8.44101047515869,"Unknown"
"7014857",371856,2025-08-30 05:38:05,43.1715812683105,-8.44107627868652,"Unknown"
"7014857",371856,2025-08-30 05:43:08,43.1715431213379,-8.44102478027344,"Unknown"
"7014857",371856,2025-08-30 05:48:00,43.1713829040527,-8.44623851776123,"Unknown"
"7014857",371856,2025-08-30 05:53:08,43.1707191467285,-8.44546890258789,"Unknown"
"7014857",371856,2025-08-30 05:58:05,43.1707305908203,-8.44536399841309,"Unknown"
"7014857",371856,2025-08-30 06:03:04,43.1707534790039,-8.44463539123535,"Unknown"
"7014857",371856,2025-08-30 06:08:06,43.1710395812988,-8.44584846496582,"Unknown"
"7014857",371856,2025-08-30 06:13:01,43.1710739135742,-8.44614315032959,"Unknown"
"7014857",371856,2025-08-30 06:18:02,43.1710243225098,-8.44555854797363,"Unknown"
"7014857",371856,2025-08-30 06:23:03,43.1711502075195,-8.44527721405029,"Unknown"
"7014857",371856,2025-08-30 06:28:03,43.1707763671875,-8.44491958618164,"Unknown"
"7014857",371856,2025-08-30 06:33:01,43.1707572937012,-8.44527339935303,"Unknown"
"7014857",371856,2025-08-30 06:38:01,43.1703910827637,-8.45332908630371,"Unknown"
"7014857",371856,2025-08-30 06:43:02,43.1537933349609,-8.47007942199707,"Unknown"
"7014857",371856,2025-08-30 06:48:35,43.1327171325684,-8.46848106384277,"Unknown"
"7014857",371856,2025-08-30 06:53:01,43.1328582763672,-8.46863174438477,"Unknown"
"7014857",371856,2025-08-30 06:58:00,43.1328506469727,-8.46861553192139,"Unknown"
"7014857",371856,2025-08-30 07:03:25,43.1326713562012,-8.46850299835205,"Unknown"
"7014857",371856,2025-08-30 07:08:01,43.1327934265137,-8.46855449676514,"Unknown"
"7014857",371856,2025-08-30 07:13:05,43.1305198669434,-8.47014713287354,"Unknown"
"7014857",371856,2025-08-30 07:18:01,43.1305122375488,-8.47020816802979,"Unknown"
"7014857",371856,2025-08-30 07:23:00,43.1304168701172,-8.47041606903076,"Unknown"
"7014857",371856,2025-08-30 07:28:00,43.1310539245605,-8.47136402130127,"Unknown"
"7014857",371856,2025-08-30 07:33:01,43.1309356689453,-8.47131252288818,"Unknown"
"7014857",371856,2025-08-30 07:38:01,43.1310729980469,-8.4713306427002,"Unknown"
"7014857",371856,2025-08-30 07:43:03,43.1309509277344,-8.47128486633301,"Unknown"
"7014857",371856,2025-08-30 07:48:01,43.1312065124512,-8.47128582000732,"Unknown"
"7014857",371856,2025-08-30 07:53:13,43.1309051513672,-8.47135448455811,"Unknown"
"7014857",371856,2025-08-30 07:58:03,43.1308860778809,-8.47127151489258,"Unknown"
"7014857",371856,2025-08-30 08:03:01,43.1313858032227,-8.47140216827393,"Unknown"
"7014857",371856,2025-08-30 08:08:01,43.1314125061035,-8.47140789031982,"Unknown"
"7014857",371856,2025-08-30 08:13:02,43.1325874328613,-8.46883296966553,"Unknown"
"7014857",371856,2025-08-30 08:18:08,43.1317329406738,-8.46861457824707,"Unknown"
"7014857",371856,2025-08-30 08:23:08,43.1329765319824,-8.46929454803467,"Unknown"
"7014857",371856,2025-08-30 08:28:09,43.1328277587891,-8.46930599212646,"Unknown"
"7014857",371856,2025-08-30 08:33:08,43.1331634521484,-8.46919250488281,"Unknown"
"7014857",371856,2025-08-30 08:38:12,43.1328468322754,-8.46908187866211,"Unknown"
"7014857",371856,2025-08-30 08:43:03,43.1328468322754,-8.46944141387939,"Unknown"
"7014857",371856,2025-08-30 08:48:05,43.1329345703125,-8.46909046173096,"Unknown"
"7014857",371856,2025-08-30 08:53:05,43.1320686340332,-8.46796321868896,"Unknown"
"7014857",371856,2025-08-30 08:58:02,43.1304817199707,-8.47076892852783,"Unknown"
"7014857",371856,2025-08-30 09:03:06,43.1301383972168,-8.46994590759277,"Unknown"
"7014857",371856,2025-08-30 09:08:11,43.130443572998,-8.4707202911377,"Unknown"
"7014857",371856,2025-08-30 09:13:35,43.1300926208496,-8.4701452255249,"Unknown"
"7014857",371856,2025-08-30 09:18:00,43.130428314209,-8.47088146209717,"Unknown"
"7014857",371856,2025-08-30 09:23:00,43.1301116943359,-8.47060489654541,"Unknown"
"7014857",371856,2025-08-30 09:28:00,43.1301231384277,-8.4705114364624,"Unknown"
"7014857",371856,2025-08-30 09:33:02,43.130443572998,-8.47091579437256,"Unknown"
"7014857",371856,2025-08-30 09:38:03,43.1304473876953,-8.47092342376709,"Unknown"
"7014857",371856,2025-08-30 09:43:00,43.1301574707031,-8.47059059143066,"Unknown"
"7014857",371856,2025-08-30 09:48:02,43.1301574707031,-8.47057342529297,"Unknown"
"7014857",371856,2025-08-30 09:53:01,43.1301422119141,-8.47059154510498,"Unknown"
"7014857",371856,2025-08-30 09:58:02,43.1305465698242,-8.47099876403809,"Unknown"
"7014857",371856,2025-08-30 10:03:14,43.1301498413086,-8.47052192687988,"Unknown"
"7014857",371856,2025-08-30 10:08:02,43.1303939819336,-8.47101783752441,"Unknown"
"7014857",371856,2025-08-30 10:13:02,43.1318588256836,-8.47205448150635,"Unknown"
"7014857",371856,2025-08-30 10:18:00,43.1318511962891,-8.47205924987793,"Unknown"
"7014857",371856,2025-08-30 10:23:00,43.1323089599609,-8.46864604949951,"Unknown"
"7014857",371856,2025-08-30 10:28:03,43.1324005126953,-8.46886444091797,"Unknown"
"7014857",371856,2025-08-30 10:33:01,43.1319885253906,-8.46856880187988,"Unknown"
"7014857",371856,2025-08-30 10:38:01,43.131908416748,-8.46853160858154,"Unknown"
"7014857",371856,2025-08-30 10:43:02,43.1319160461426,-8.46857357025146,"Unknown"
"7014857",371856,2025-08-30 10:48:14,43.1319580078125,-8.46851062774658,"Unknown"
"7014857",371856,2025-08-30 10:53:14,43.1321067810059,-8.46868228912354,"Unknown"
"7014857",371856,2025-08-30 10:58:01,43.1323127746582,-8.46897220611572,"Unknown"
"7014857",371856,2025-08-30 11:03:04,43.132152557373,-8.46869468688965,"Unknown"
"7014857",371856,2025-08-30 11:08:00,43.1321678161621,-8.46872997283936,"Unknown"
"7014857",371856,2025-08-30 11:13:09,43.1331939697266,-8.46907424926758,"Unknown"
"7014857",371856,2025-08-30 11:18:04,43.1330986022949,-8.46916103363037,"Unknown"
"7014857",371856,2025-08-30 11:23:01,43.1333465576172,-8.4696683883667,"Unknown"
"7014857",371856,2025-08-30 11:28:04,43.1329917907715,-8.46918106079102,"Unknown"
"7014857",371856,2025-08-30 11:33:10,43.1330795288086,-8.46932315826416,"Unknown"
"7014857",371856,2025-08-30 11:38:01,43.1329574584961,-8.46918964385986,"Unknown"
"7014857",371856,2025-08-30 11:43:09,43.132884979248,-8.46877288818359,"Unknown"
"7014857",371856,2025-08-30 11:48:03,43.1328506469727,-8.46889305114746,"Unknown"
"7014857",371856,2025-08-30 11:53:09,43.1328277587891,-8.46903800964355,"Unknown"
"7014857",371856,2025-08-30 11:58:03,43.1323928833008,-8.46846294403076,"Unknown"
"7014857",371856,2025-08-30 12:03:11,43.1329345703125,-8.46909618377686,"Unknown"
"7014857",371856,2025-08-30 12:08:02,43.1328125,-8.46895122528076,"Unknown"
"7014857",371856,2025-08-30 12:13:04,43.1329574584961,-8.46900844573975,"Unknown"
"7014857",371856,2025-08-30 12:18:06,43.1322364807129,-8.468581199646,"Unknown"
"7014857",371856,2025-08-30 12:23:02,43.1318283081055,-8.46817302703857,"Unknown"
"7014857",371856,2025-08-30 12:28:03,43.1319465637207,-8.46829605102539,"Unknown"
"7014857",371856,2025-08-30 12:33:01,43.1319007873535,-8.4683084487915,"Unknown"
"7014857",371856,2025-08-30 12:38:02,43.132251739502,-8.46870040893555,"Unknown"
"7014857",371856,2025-08-30 12:43:03,43.131778717041,-8.46830749511719,"Unknown"
"7014857",371856,2025-08-30 12:48:15,43.1319732666016,-8.46866989135742,"Unknown"
"7014857",371856,2025-08-30 12:53:06,43.1320343017578,-8.46862506866455,"Unknown"
"7014857",371856,2025-08-30 12:58:14,43.131965637207,-8.46862030029297,"Unknown"
"7014857",371856,2025-08-30 13:03:01,43.1320610046387,-8.46865749359131,"Unknown"
"7014857",371856,2025-08-30 13:08:03,43.1321296691895,-8.46868896484375,"Unknown"
"7014857",371856,2025-08-30 13:13:01,43.1322555541992,-8.46875190734863,"Unknown"
"7014857",371856,2025-08-30 13:18:06,43.131908416748,-8.46864795684814,"Unknown"
"7014857",371856,2025-08-30 13:23:03,43.1320724487305,-8.46879386901855,"Unknown"
"7014857",371856,2025-08-30 13:28:03,43.1321754455566,-8.46896171569824,"Unknown"
"7014857",371856,2025-08-30 13:33:06,43.1316299438477,-8.46897602081299,"Unknown"
"7014857",371856,2025-08-30 13:38:09,43.1311798095703,-8.46971225738525,"Unknown"
"7014857",371856,2025-08-30 13:43:06,43.1310768127441,-8.46959781646729,"Unknown"
"7014857",371856,2025-08-30 13:48:35,43.1304779052734,-8.47095489501953,"Unknown"
"7014857",371856,2025-08-30 13:53:00,43.1305541992188,-8.47097778320312,"Unknown"
"7014857",371856,2025-08-30 13:58:00,43.1299743652344,-8.47038269042969,"Unknown"
"7014857",371856,2025-08-30 14:03:14,43.1298713684082,-8.47038459777832,"Unknown"
"7014857",371856,2025-08-30 14:08:00,43.1298408508301,-8.47034072875977,"Unknown"
"7014857",371856,2025-08-30 14:13:00,43.1304168701172,-8.47106742858887,"Unknown"
"7014857",371856,2025-08-30 14:18:03,43.131046295166,-8.4711742401123,"Unknown"
"7014857",371856,2025-08-30 14:23:01,43.1291007995605,-8.46949481964111,"Unknown"
"7014857",371856,2025-08-30 14:28:01,43.1308288574219,-8.47111034393311,"Unknown"
"7014857",371856,2025-08-30 14:33:04,43.1303825378418,-8.47097110748291,"Unknown"
"7014857",371856,2025-08-30 14:38:03,43.1304130554199,-8.47084808349609,"Unknown"
"7014857",371856,2025-08-30 14:43:01,43.1308555603027,-8.47131156921387,"Unknown"
"7014857",371856,2025-08-30 14:48:35,43.1308174133301,-8.47139263153076,"Unknown"
"7014857",371856,2025-08-30 14:53:03,43.1326370239258,-8.47296810150146,"Unknown"
"7014857",371856,2025-08-30 14:58:03,43.1317672729492,-8.46874046325684,"Unknown"
"7014857",371856,2025-08-30 15:03:14,43.1317367553711,-8.46857738494873,"Unknown"
"7014857",371856,2025-08-30 15:08:01,43.1317291259766,-8.46858215332031,"Unknown"
"7014857",371856,2025-08-30 15:13:04,43.1318016052246,-8.46853160858154,"Unknown"
"7014857",371856,2025-08-30 15:18:01,43.1316299438477,-8.46851348876953,"Unknown"
"7014857",371856,2025-08-30 15:23:01,43.1317138671875,-8.46855163574219,"Unknown"
"7014857",371856,2025-08-30 15:28:01,43.1316986083984,-8.46846485137939,"Unknown"
"7014857",371856,2025-08-30 15:33:01,43.1316261291504,-8.46847724914551,"Unknown"
"7014857",371856,2025-08-30 15:38:03,43.1317138671875,-8.46850776672363,"Unknown"
"7014857",371856,2025-08-30 15:43:04,43.1317176818848,-8.46850872039795,"Unknown"
"7014857",371856,2025-08-30 15:48:46,43.1329956054688,-8.46924781799316,"Unknown"
"7014857",371856,2025-08-30 15:53:14,43.1324844360352,-8.46872806549072,"Unknown"
"7014857",371856,2025-08-30 15:58:03,43.1327171325684,-8.46870803833008,"Unknown"
"7014857",371856,2025-08-30 16:03:06,43.132511138916,-8.46866321563721,"Unknown"
"7014857",371856,2025-08-30 16:08:04,43.1325149536133,-8.46872711181641,"Unknown"
"7014857",371856,2025-08-30 16:13:04,43.1324424743652,-8.46865653991699,"Unknown"
"7014857",371856,2025-08-30 16:18:04,43.132568359375,-8.46884822845459,"Unknown"
"7014857",371856,2025-08-30 16:23:03,43.1325454711914,-8.46873188018799,"Unknown"
"7014857",371856,2025-08-30 16:28:06,43.1325340270996,-8.46865844726562,"Unknown"
"7014857",371856,2025-08-30 16:33:04,43.1325454711914,-8.46872806549072,"Unknown"
"7014857",371856,2025-08-30 16:38:04,43.1324615478516,-8.46861743927002,"Unknown"
"7014857",371856,2025-08-30 16:43:04,43.1325531005859,-8.46865367889404,"Unknown"
"7014857",371856,2025-08-30 16:48:14,43.1326026916504,-8.46897792816162,"Unknown"
"7014857",371856,2025-08-30 16:53:05,43.1326637268066,-8.46898365020752,"Unknown"
"7014857",371856,2025-08-30 16:58:10,43.1325874328613,-8.46871185302734,"Unknown"
"7014857",371856,2025-08-30 17:03:09,43.1325607299805,-8.46871185302734,"Unknown"
"7014857",371856,2025-08-30 17:08:09,43.1311492919922,-8.47150421142578,"Unknown"
"7014857",371856,2025-08-30 17:13:09,43.1311225891113,-8.47129058837891,"Unknown"
"7014857",371856,2025-08-30 17:18:09,43.1310997009277,-8.47151660919189,"Unknown"
"7014857",371856,2025-08-30 17:23:09,43.1310195922852,-8.47125244140625,"Unknown"
"7014857",371856,2025-08-30 17:28:35,43.1307640075684,-8.47101593017578,"Unknown"
"7014857",371856,2025-08-30 17:33:03,43.1307220458984,-8.47104930877686,"Unknown"
"7014857",371856,2025-08-30 17:38:03,43.130500793457,-8.47077560424805,"Unknown"
"7014857",371856,2025-08-30 17:43:02,43.1304931640625,-8.47101593017578,"Unknown"
"7014857",371856,2025-08-30 17:48:02,43.130443572998,-8.4710111618042,"Unknown"
"7014857",371856,2025-08-30 17:53:03,43.1304473876953,-8.47086524963379,"Unknown"
"7014857",371856,2025-08-30 17:58:02,43.1304740905762,-8.47088623046875,"Unknown"
"7014857",371856,2025-08-30 18:03:04,43.1306495666504,-8.47093391418457,"Unknown"
"7014857",371856,2025-08-30 18:08:03,43.1303405761719,-8.47150135040283,"Unknown"
"7014857",371856,2025-08-30 18:13:03,43.1305961608887,-8.47091674804688,"Unknown"
"7014857",371856,2025-08-30 18:18:03,43.1318435668945,-8.46876049041748,"Unknown"
"7014857",371856,2025-08-30 18:23:03,43.1318588256836,-8.46867942810059,"Unknown"
"7014857",371856,2025-08-30 18:28:07,43.1332473754883,-8.46928596496582,"Unknown"
"7014857",371856,2025-08-30 18:33:04,43.1332740783691,-8.4691915512085,"Unknown"
"7014857",371856,2025-08-30 18:38:03,43.1326217651367,-8.46864414215088,"Unknown"
"7014857",371856,2025-08-30 18:43:04,43.1329078674316,-8.4686336517334,"Unknown"
"7014857",371856,2025-08-30 18:48:02,43.1497192382812,-8.4639892578125,"Unknown"
"7014857",371856,2025-08-30 18:53:03,43.1713829040527,-8.44489192962646,"Unknown"
"7014857",371856,2025-08-30 18:58:04,43.1713371276855,-8.44497394561768,"Unknown"
"7014857",371856,2025-08-30 19:03:07,43.1713905334473,-8.44494915008545,"Unknown"
"7014857",371856,2025-08-30 19:08:06,43.1711845397949,-8.44473361968994,"Unknown"
"7014857",371856,2025-08-30 19:13:07,43.1712341308594,-8.44470500946045,"Unknown"
"7014857",371856,2025-08-30 19:18:06,43.1713981628418,-8.44507598876953,"Unknown"
"7014857",371856,2025-08-30 19:23:06,43.17138671875,-8.44490623474121,"Unknown"
"7014857",371856,2025-08-30 19:28:17,43.1723251342773,-8.43892574310303,"Unknown"
"7014857",371856,2025-08-30 19:33:07,43.1724472045898,-8.43889808654785,"Unknown"
"7014857",371856,2025-08-30 19:38:02,43.1722831726074,-8.43887329101562,"Unknown"
"7014857",371856,2025-08-30 19:43:02,43.1723518371582,-8.43886947631836,"Unknown"
"7014857",371856,2025-08-30 19:48:04,43.1710662841797,-8.43822383880615,"Unknown"
"7014857",371856,2025-08-30 19:51:11,43.1710205078125,-8.43830108642578,"Unknown"
"7014857",371856,2025-08-31 00:51:35,43.1708946228027,-8.43822860717773,"Unknown"
"7014857",371856,2025-08-31 04:14:45,43.1708679199219,-8.43835163116455,"Unknown"
"7014857",371856,2025-08-31 04:19:25,43.1709518432617,-8.43851757049561,"Unknown"
"7014857",371856,2025-08-31 04:24:23,43.1707077026367,-8.4382209777832,"Unknown"
"7014857",371856,2025-08-31 04:29:23,43.1708908081055,-8.43844032287598,"Unknown"
"7014857",371856,2025-08-31 04:34:26,43.1708335876465,-8.43835258483887,"Unknown"
"7014857",371856,2025-08-31 04:39:27,43.1710243225098,-8.43846797943115,"Unknown"
"7014857",371856,2025-08-31 04:44:29,43.1706962585449,-8.43826675415039,"Unknown"
"7014857",371856,2025-08-31 04:49:45,43.170825958252,-8.43829345703125,"Unknown"
"7014857",371856,2025-08-31 04:54:28,43.1708793640137,-8.4386682510376,"Unknown"
"7014857",371856,2025-08-31 04:59:27,43.1709022521973,-8.43848037719727,"Unknown"
"7014857",371856,2025-08-31 05:04:28,43.171070098877,-8.43860626220703,"Unknown"
"7014857",371856,2025-08-31 05:09:26,43.1706771850586,-8.4381275177002,"Unknown"
"7014857",371856,2025-08-31 05:14:26,43.1709671020508,-8.4384880065918,"Unknown"
"7014857",371856,2025-08-31 05:19:28,43.1709403991699,-8.43835353851318,"Unknown"
"7014857",371856,2025-08-31 05:24:29,43.1708679199219,-8.43820190429688,"Unknown"
"7014857",371856,2025-08-31 05:29:45,43.1709213256836,-8.43829441070557,"Unknown"
"7014857",371856,2025-08-31 05:34:27,43.1708374023438,-8.43826293945312,"Unknown"
"7014857",371856,2025-08-31 05:39:27,43.1708869934082,-8.43827247619629,"Unknown"
"7014857",371856,2025-08-31 05:44:26,43.1708755493164,-8.43823719024658,"Unknown"
"7014857",371856,2025-08-31 05:49:45,43.1709365844727,-8.438307762146,"Unknown"
"7014857",371856,2025-08-31 05:54:27,43.1718368530273,-8.4407377243042,"Unknown"
"7014857",371856,2025-08-31 05:59:45,43.1718330383301,-8.44085788726807,"Unknown"
"7014857",371856,2025-08-31 06:04:28,43.1719512939453,-8.44080829620361,"Unknown"
"7014857",371856,2025-08-31 06:09:28,43.1718940734863,-8.44082355499268,"Unknown"
"7014857",371856,2025-08-31 06:14:29,43.1717987060547,-8.44094371795654,"Unknown"
"7014857",371856,2025-08-31 06:19:29,43.172046661377,-8.44075965881348,"Unknown"
"7014857",371856,2025-08-31 06:24:33,43.1718978881836,-8.44070816040039,"Unknown"
"7014857",371856,2025-08-31 06:29:29,43.1723518371582,-8.44037055969238,"Unknown"
"7014857",371856,2025-08-31 06:34:27,43.1706886291504,-8.44233894348145,"Unknown"
"7014857",371856,2025-08-31 06:39:33,43.1719589233398,-8.44071578979492,"Unknown"
"7014857",371856,2025-08-31 06:44:46,43.1708145141602,-8.44542026519775,"Unknown"
"7014857",371856,2025-08-31 06:50:29,43.1706581115723,-8.4449577331543,"Unknown"
"7014857",371856,2025-08-31 06:54:25,43.1706886291504,-8.44493961334229,"Unknown"
"7014857",371856,2025-08-31 06:59:24,43.1706428527832,-8.44486141204834,"Unknown"
"7014857",371856,2025-08-31 07:04:24,43.1706390380859,-8.44493198394775,"Unknown"
"7014857",371856,2025-08-31 07:09:23,43.1708984375,-8.44517993927002,"Unknown"
"7014857",371856,2025-08-31 07:14:24,43.1706848144531,-8.44555854797363,"Unknown"
"7014857",371856,2025-08-31 07:19:24,43.1707534790039,-8.44554901123047,"Unknown"
"7014857",371856,2025-08-31 07:24:23,43.1707611083984,-8.44567966461182,"Unknown"
"7014857",371856,2025-08-31 07:29:23,43.1706314086914,-8.44570350646973,"Unknown"
"7014857",371856,2025-08-31 07:34:23,43.1700592041016,-8.45523834228516,"Unknown"
"7014857",371856,2025-08-31 07:39:23,43.1505813598633,-8.47453594207764,"Unknown"
"7014857",371856,2025-08-31 07:44:23,43.1333312988281,-8.46951198577881,"Unknown"
"7014857",371856,2025-08-31 07:49:26,43.1330680847168,-8.46948337554932,"Unknown"
"7014857",371856,2025-08-31 07:54:25,43.1331024169922,-8.46963787078857,"Unknown"
"7014857",371856,2025-08-31 07:59:25,43.1336822509766,-8.46912384033203,"Unknown"
"7014857",371856,2025-08-31 08:04:26,43.1314086914062,-8.47121143341064,"Unknown"
"7014857",371856,2025-08-31 08:09:24,43.1315116882324,-8.4713020324707,"Unknown"
"7014857",371856,2025-08-31 08:14:24,43.1314659118652,-8.47129440307617,"Unknown"
"7014857",371856,2025-08-31 08:19:25,43.131462097168,-8.47130298614502,"Unknown"
"7014857",371856,2025-08-31 08:24:24,43.1314811706543,-8.47134304046631,"Unknown"
"7014857",371856,2025-08-31 08:29:24,43.1314353942871,-8.47135639190674,"Unknown"
"7014857",371856,2025-08-31 08:34:24,43.1314697265625,-8.47131538391113,"Unknown"
"7014857",371856,2025-08-31 08:39:24,43.1323699951172,-8.46854019165039,"Unknown"
"7014857",371856,2025-08-31 08:44:44,43.1317405700684,-8.46860980987549,"Unknown"
"7014857",371856,2025-08-31 08:49:23,43.131778717041,-8.46870136260986,"Unknown"
"7014857",371856,2025-08-31 08:54:28,43.1316413879395,-8.46894550323486,"Unknown"
"7014857",371856,2025-08-31 08:59:24,43.1317138671875,-8.46884632110596,"Unknown"
"7014857",371856,2025-08-31 09:04:26,43.1312980651855,-8.4687614440918,"Unknown"
"7014857",371856,2025-08-31 09:09:26,43.1315841674805,-8.46872425079346,"Unknown"
"7014857",371856,2025-08-31 09:14:27,43.1315765380859,-8.46888446807861,"Unknown"
"7014857",371856,2025-08-31 09:19:30,43.1316680908203,-8.46901988983154,"Unknown"
"7014857",371856,2025-08-31 09:24:33,43.1319046020508,-8.4687557220459,"Unknown"
"7014857",371856,2025-08-31 09:29:36,43.1316566467285,-8.46805953979492,"Unknown"
"7014857",371856,2025-08-31 09:34:45,43.131534576416,-8.46862125396729,"Unknown"
"7014857",371856,2025-08-31 09:39:29,43.1315612792969,-8.46860218048096,"Unknown"
"7014857",371856,2025-08-31 09:44:35,43.1330261230469,-8.46903800964355,"Unknown"
"7014857",371856,2025-08-31 09:49:23,43.1329803466797,-8.46904468536377,"Unknown"
"7014857",371856,2025-08-31 09:54:25,43.1330184936523,-8.46902751922607,"Unknown"
"7014857",371856,2025-08-31 09:59:31,43.1329650878906,-8.46899509429932,"Unknown"
"7014857",371856,2025-08-31 10:04:30,43.1334991455078,-8.46929550170898,"Unknown"
"7014857",371856,2025-08-31 10:09:25,43.1329345703125,-8.46895790100098,"Unknown"
"7014857",371856,2025-08-31 10:14:33,43.1330108642578,-8.4690113067627,"Unknown"
"7014857",371856,2025-08-31 10:19:25,43.1330718994141,-8.46902847290039,"Unknown"
"7014857",371856,2025-08-31 10:24:36,43.1329612731934,-8.46883583068848,"Unknown"
"7014857",371856,2025-08-31 10:29:27,43.1334037780762,-8.46926116943359,"Unknown"
"7014857",371856,2025-08-31 10:34:45,43.1330642700195,-8.46892547607422,"Unknown"
"7014857",371856,2025-08-31 10:39:24,43.1330070495605,-8.46870040893555,"Unknown"
"7014857",371856,2025-08-31 10:44:24,43.1330223083496,-8.46880912780762,"Unknown"
"7014857",371856,2025-08-31 10:49:26,43.1329002380371,-8.46863746643066,"Unknown"
"7014857",371856,2025-08-31 10:54:27,43.133129119873,-8.46894645690918,"Unknown"
"7014857",371856,2025-08-31 10:59:25,43.1330223083496,-8.46872997283936,"Unknown"
"7014857",371856,2025-08-31 11:04:29,43.1329116821289,-8.46848583221436,"Unknown"
"7014857",371856,2025-08-31 11:09:27,43.1329460144043,-8.468505859375,"Unknown"
"7014857",371856,2025-08-31 11:14:30,43.132640838623,-8.46797561645508,"Unknown"
"7014857",371856,2025-08-31 11:19:31,43.1319236755371,-8.4680233001709,"Unknown"
"7014857",371856,2025-08-31 11:24:33,43.1319961547852,-8.46800708770752,"Unknown"
"7014857",371856,2025-08-31 11:29:37,43.1322288513184,-8.46816062927246,"Unknown"
"7014857",371856,2025-08-31 11:34:58,43.1318817138672,-8.46809673309326,"Unknown"
"7014857",371856,2025-08-31 11:39:24,43.1319351196289,-8.46798992156982,"Unknown"
"7014857",371856,2025-08-31 11:44:36,43.1318740844727,-8.46807098388672,"Unknown"
"7014857",371856,2025-08-31 11:49:25,43.1316452026367,-8.46829032897949,"Unknown"
"7014857",371856,2025-08-31 11:54:24,43.1310958862305,-8.47087383270264,"Unknown"
"7014857",371856,2025-08-31 11:59:23,43.1306304931641,-8.47109508514404,"Unknown"
"7014857",371856,2025-08-31 12:04:23,43.1306762695312,-8.47108840942383,"Unknown"
"7014857",371856,2025-08-31 12:09:27,43.1303672790527,-8.47089862823486,"Unknown"
"7014857",371856,2025-08-31 12:14:23,43.1304969787598,-8.47089385986328,"Unknown"
"7014857",371856,2025-08-31 12:19:24,43.1306228637695,-8.47093296051025,"Unknown"
"7014857",371856,2025-08-31 12:24:24,43.1305847167969,-8.47099113464355,"Unknown"
"7014857",371856,2025-08-31 12:29:25,43.1306076049805,-8.47098541259766,"Unknown"
"7014857",371856,2025-08-31 12:34:44,43.1305656433105,-8.47100639343262,"Unknown"
"7014857",371856,2025-08-31 12:39:23,43.1305236816406,-8.47105121612549,"Unknown"
"7014857",371856,2025-08-31 12:44:26,43.1305618286133,-8.47098827362061,"Unknown"
"7014857",371856,2025-08-31 12:49:23,43.1305236816406,-8.47107124328613,"Unknown"
"7014857",371856,2025-08-31 12:54:23,43.1317024230957,-8.46859455108643,"Unknown"
"7014857",371856,2025-08-31 12:59:28,43.1315422058105,-8.4685754776001,"Unknown"
"7014857",371856,2025-08-31 13:04:34,43.1322631835938,-8.46876811981201,"Unknown"
"7014857",371856,2025-08-31 13:09:25,43.1323623657227,-8.46909332275391,"Unknown"
"7014857",371856,2025-08-31 13:14:26,43.1326522827148,-8.46920394897461,"Unknown"
"7014857",371856,2025-08-31 13:19:24,43.1313209533691,-8.46858501434326,"Unknown"
"7014857",371856,2025-08-31 13:24:26,43.1309204101562,-8.46819591522217,"Unknown"
"7014857",371856,2025-08-31 13:29:29,43.1306457519531,-8.46805953979492,"Unknown"
"7014857",371856,2025-08-31 13:34:44,43.1312789916992,-8.46858787536621,"Unknown"
"7014857",371856,2025-08-31 13:39:23,43.1312294006348,-8.46848201751709,"Unknown"
"7014857",371856,2025-08-31 13:44:23,43.1312522888184,-8.46850872039795,"Unknown"
"7014857",371856,2025-08-31 13:49:23,43.1319923400879,-8.46832084655762,"Unknown"
"7014857",371856,2025-08-31 13:54:23,43.1319999694824,-8.46843814849854,"Unknown"
"7014857",371856,2025-08-31 13:59:23,43.1319961547852,-8.46844005584717,"Unknown"
"7014857",371856,2025-08-31 14:04:23,43.132007598877,-8.46836948394775,"Unknown"
"7014857",371856,2025-08-31 14:09:25,43.1320457458496,-8.46846675872803,"Unknown"
"7014857",371856,2025-08-31 14:14:30,43.1323051452637,-8.46905899047852,"Unknown"
"7014857",371856,2025-08-31 14:19:59,43.1319694519043,-8.46839427947998,"Unknown"
"7014857",371856,2025-08-31 14:24:23,43.1320343017578,-8.4683952331543,"Unknown"
"7014857",371856,2025-08-31 14:29:23,43.1319808959961,-8.46844673156738,"Unknown"
"7014857",371856,2025-08-31 14:34:23,43.1319885253906,-8.46837329864502,"Unknown"
"7014857",371856,2025-08-31 14:39:23,43.1319541931152,-8.46841430664062,"Unknown"
"7014857",371856,2025-08-31 14:44:23,43.1320648193359,-8.46841049194336,"Unknown"
"7014857",371856,2025-08-31 14:49:25,43.1320190429688,-8.468337059021,"Unknown"
"7014857",371856,2025-08-31 14:54:24,43.1320953369141,-8.46840000152588,"Unknown"
"7014857",371856,2025-08-31 14:59:24,43.1319160461426,-8.46844387054443,"Unknown"
"7014857",371856,2025-08-31 15:04:25,43.1319885253906,-8.46831893920898,"Unknown"
"7014857",371856,2025-08-31 15:09:42,43.1319389343262,-8.46833610534668,"Unknown"
"7014857",371856,2025-08-31 15:14:23,43.1318969726562,-8.46829128265381,"Unknown"
"7014857",371856,2025-08-31 15:19:23,43.1296997070312,-8.46986865997314,"Unknown"
"7014857",371856,2025-08-31 15:24:23,43.1111793518066,-8.48921680450439,"Unknown"
"7014857",371856,2025-08-31 15:29:23,43.098560333252,-8.49729442596436,"Unknown"
"7014857",371856,2025-08-31 15:34:23,43.1002807617188,-8.49654579162598,"Unknown"
"7014857",371856,2025-08-31 15:39:23,43.1104431152344,-8.48684406280518,"Unknown"
"7014857",371856,2025-08-31 15:44:23,43.1321449279785,-8.467942237854,"Unknown"
"7014857",371856,2025-08-31 15:49:26,43.1321601867676,-8.46775341033936,"Unknown"
"7014857",371856,2025-08-31 15:54:24,43.1323547363281,-8.46796417236328,"Unknown"
"7014857",371856,2025-08-31 15:59:28,43.1324310302734,-8.46769332885742,"Unknown"
"7014857",371856,2025-08-31 16:04:44,43.132251739502,-8.4677734375,"Unknown"
"7014857",371856,2025-08-31 16:09:29,43.1323623657227,-8.46775722503662,"Unknown"
"7014857",371856,2025-08-31 16:14:26,43.1320266723633,-8.46778869628906,"Unknown"
"7014857",371856,2025-08-31 16:19:23,43.1318092346191,-8.46774864196777,"Unknown"
"7014857",371856,2025-08-31 16:24:27,43.1319236755371,-8.46773719787598,"Unknown"
"7014857",371856,2025-08-31 16:29:25,43.1319046020508,-8.4677152633667,"Unknown"
"7014857",371856,2025-08-31 16:34:28,43.1300811767578,-8.46967887878418,"Unknown"
"7014857",371856,2025-08-31 16:39:26,43.1301498413086,-8.46972274780273,"Unknown"
"7014857",371856,2025-08-31 16:44:27,43.1302070617676,-8.47003746032715,"Unknown"
"7014857",371856,2025-08-31 16:49:44,43.1300239562988,-8.46958446502686,"Unknown"
"7014857",371856,2025-08-31 16:54:59,43.1301040649414,-8.46981334686279,"Unknown"
"7014857",371856,2025-08-31 16:59:23,43.130184173584,-8.46992206573486,"Unknown"
"7014857",371856,2025-08-31 17:04:23,43.1301651000977,-8.46989917755127,"Unknown"
"7014857",371856,2025-08-31 17:09:23,43.1302452087402,-8.46995258331299,"Unknown"
"7014857",371856,2025-08-31 17:14:24,43.1301956176758,-8.46991443634033,"Unknown"
"7014857",371856,2025-08-31 17:19:23,43.1301689147949,-8.46991443634033,"Unknown"
"7014857",371856,2025-08-31 17:24:23,43.1301345825195,-8.46987628936768,"Unknown"
"7014857",371856,2025-08-31 17:29:23,43.1310958862305,-8.47128486633301,"Unknown"
"7014857",371856,2025-08-31 17:34:23,43.1311340332031,-8.4714527130127,"Unknown"
"7014857",371856,2025-08-31 17:39:23,43.131290435791,-8.47168064117432,"Unknown"
"7014857",371856,2025-08-31 17:44:23,43.1312637329102,-8.47169971466064,"Unknown"
"7014857",371856,2025-08-31 17:49:27,43.1313629150391,-8.47167682647705,"Unknown"
"7014857",371856,2025-08-31 17:54:27,43.1318817138672,-8.46829700469971,"Unknown"
"7014857",371856,2025-08-31 17:59:27,43.1319961547852,-8.46815204620361,"Unknown"
"7014857",371856,2025-08-31 18:04:28,43.1319923400879,-8.46819591522217,"Unknown"
"7014857",371856,2025-08-31 18:09:27,43.131950378418,-8.46830272674561,"Unknown"
"7014857",371856,2025-08-31 18:14:27,43.1319808959961,-8.46825790405273,"Unknown"
"7014857",371856,2025-08-31 18:19:45,43.131893157959,-8.46834850311279,"Unknown"
"7014857",371856,2025-08-31 18:24:23,43.1318817138672,-8.46835041046143,"Unknown"
"7014857",371856,2025-08-31 18:29:27,43.1316566467285,-8.4683895111084,"Unknown"
"7014857",371856,2025-08-31 18:34:23,43.1319198608398,-8.46853256225586,"Unknown"
"7014857",371856,2025-08-31 18:39:26,43.131965637207,-8.46836280822754,"Unknown"
"7014857",371856,2025-08-31 18:44:26,43.1319351196289,-8.46834850311279,"Unknown"
"7014857",371856,2025-08-31 18:49:45,43.1318168640137,-8.46830177307129,"Unknown"
"7014857",371856,2025-08-31 18:54:23,43.1317863464355,-8.46843910217285,"Unknown"
"7014857",371856,2025-08-31 18:59:27,43.1318702697754,-8.46831798553467,"Unknown"
"7014857",371856,2025-08-31 19:04:24,43.1319351196289,-8.46824359893799,"Unknown"
"7014857",371856,2025-08-31 19:09:39,43.1319580078125,-8.46830081939697,"Unknown"
"7014857",371856,2025-08-31 19:14:23,43.1326332092285,-8.46879196166992,"Unknown"
"7014857",371856,2025-08-31 19:19:27,43.162052154541,-8.46351432800293,"Unknown"
"7014857",371856,2025-08-31 19:24:26,43.1708984375,-8.43862915039062,"Unknown"
"7014857",371856,2025-08-31 19:29:23,43.170825958252,-8.43830013275146,"Unknown"
"7014857",371856,2025-08-31 19:34:25,43.170955657959,-8.43827438354492,"Unknown"
"7014857",371856,2025-08-31 19:39:28,43.1710662841797,-8.43843173980713,"Unknown"
"7014857",371856,2025-08-31 19:44:25,43.1711463928223,-8.43836784362793,"Unknown"
"7014857",371856,2025-08-31 19:49:35,43.1710548400879,-8.43833541870117,"Unknown"
"7014857",371856,2025-09-01 00:49:36,43.1708679199219,-8.43839645385742,"Unknown"
"7014857",371856,2025-09-01 04:16:05,43.1709632873535,-8.4384298324585,"Unknown"
"7014857",371856,2025-09-01 04:20:40,43.1710166931152,-8.43855381011963,"Unknown"
"7014857",371856,2025-09-01 04:25:40,43.1708068847656,-8.43833160400391,"Unknown"
"7014857",371856,2025-09-01 04:30:40,43.1709594726562,-8.43853950500488,"Unknown"
"7014857",371856,2025-09-01 04:35:42,43.1710014343262,-8.43834209442139,"Unknown"
"7014857",371856,2025-09-01 04:40:41,43.1709861755371,-8.43863964080811,"Unknown"
"7014857",371856,2025-09-01 04:45:42,43.170970916748,-8.43866157531738,"Unknown"
"7014857",371856,2025-09-01 04:50:41,43.1706466674805,-8.43817138671875,"Unknown"
"7014857",371856,2025-09-01 04:55:41,43.1710510253906,-8.43851852416992,"Unknown"
"7014857",371856,2025-09-01 05:00:40,43.1709022521973,-8.4383020401001,"Unknown"
"7014857",371856,2025-09-01 05:05:39,43.1701431274414,-8.43726634979248,"Unknown"
"7014857",371856,2025-09-01 05:10:42,43.1707534790039,-8.43805503845215,"Unknown"
"7014857",371856,2025-09-01 05:15:41,43.1709442138672,-8.43826484680176,"Unknown"
"7014857",371856,2025-09-01 05:20:40,43.1709098815918,-8.43833923339844,"Unknown"
"7014857",371856,2025-09-01 05:25:43,43.1709671020508,-8.43859100341797,"Unknown"
"7014857",371856,2025-09-01 05:30:44,43.171028137207,-8.4384708404541,"Unknown"
"7014857",371856,2025-09-01 05:35:49,43.1708221435547,-8.43834400177002,"Unknown"
"7014857",371856,2025-09-01 05:40:50,43.170955657959,-8.43844509124756,"Unknown"
"7014857",371856,2025-09-01 05:45:43,43.1710739135742,-8.43757820129395,"Unknown"
"7014857",371856,2025-09-01 05:50:49,43.1710243225098,-8.43838405609131,"Unknown"
"7014857",371856,2025-09-01 05:55:41,43.1709861755371,-8.43770217895508,"Unknown"
"7014857",371856,2025-09-01 06:00:49,43.1710319519043,-8.43829154968262,"Unknown"
"7014857",371856,2025-09-01 06:05:40,43.1709747314453,-8.4388952255249,"Unknown"
"7014857",371856,2025-09-01 06:10:49,43.1714248657227,-8.44071292877197,"Unknown"
"7014857",371856,2025-09-01 06:15:42,43.1711502075195,-8.44714641571045,"Unknown"
"7014857",371856,2025-09-01 06:20:49,43.1716346740723,-8.44541645050049,"Unknown"
"7014857",371856,2025-09-01 06:25:43,43.1706695556641,-8.44446086883545,"Unknown"
"7014857",371856,2025-09-01 06:30:47,43.1707191467285,-8.44517230987549,"Unknown"
"7014857",371856,2025-09-01 06:35:40,43.1708183288574,-8.4450740814209,"Unknown"
"7014857",371856,2025-09-01 06:40:59,43.1706771850586,-8.44503116607666,"Unknown"
"7014857",371856,2025-09-01 06:46:11,43.1707611083984,-8.44501113891602,"Unknown"
"7014857",371856,2025-09-01 06:50:40,43.1708030700684,-8.44498634338379,"Unknown"
"7014857",371856,2025-09-01 06:55:41,43.1707420349121,-8.44520568847656,"Unknown"
"7014857",371856,2025-09-01 07:00:39,43.1707458496094,-8.44523429870605,"Unknown"
"7014857",371856,2025-09-01 07:05:40,43.1713218688965,-8.4456205368042,"Unknown"
"7014857",371856,2025-09-01 07:10:39,43.171272277832,-8.44560718536377,"Unknown"
"7014857",371856,2025-09-01 07:15:39,43.1712112426758,-8.44563674926758,"Unknown"
"7014857",371856,2025-09-01 07:20:39,43.171272277832,-8.44560050964355,"Unknown"
"7014857",371856,2025-09-01 07:25:39,43.1712951660156,-8.44559288024902,"Unknown"
"7014857",371856,2025-09-01 07:30:39,43.1712532043457,-8.44558143615723,"Unknown"
"7014857",371856,2025-09-01 07:35:40,43.1712646484375,-8.44557285308838,"Unknown"
"7014857",371856,2025-09-01 07:40:40,43.1712837219238,-8.44561195373535,"Unknown"
"7014857",371856,2025-09-01 07:45:39,43.1713485717773,-8.44570636749268,"Unknown"
"7014857",371856,2025-09-01 07:50:40,43.1713333129883,-8.44555377960205,"Unknown"
"7014857",371856,2025-09-01 07:55:39,43.1713562011719,-8.44553184509277,"Unknown"
"7014857",371856,2025-09-01 08:00:40,43.1711730957031,-8.4455041885376,"Unknown"
"7014857",371856,2025-09-01 08:05:44,43.1711654663086,-8.44575309753418,"Unknown"
"7014857",371856,2025-09-01 08:11:03,43.1709365844727,-8.4458703994751,"Unknown"
"7014857",371856,2025-09-01 08:15:41,43.1712417602539,-8.44599437713623,"Unknown"
"7014857",371856,2025-09-01 08:20:44,43.1709518432617,-8.44583415985107,"Unknown"
"7014857",371856,2025-09-01 08:25:42,43.1706848144531,-8.44585227966309,"Unknown"
"7014857",371856,2025-09-01 08:30:40,43.1706924438477,-8.44573497772217,"Unknown"
"7014857",371856,2025-09-01 08:35:42,43.1707611083984,-8.44575595855713,"Unknown"
"7014857",371856,2025-09-01 08:40:41,43.1707878112793,-8.44582462310791,"Unknown"
"7014857",371856,2025-09-01 08:45:51,43.170783996582,-8.44583415985107,"Unknown"
"7014857",371856,2025-09-01 08:50:39,43.1707534790039,-8.44577980041504,"Unknown"
"7014857",371856,2025-09-01 08:55:40,43.1707954406738,-8.44575119018555,"Unknown"
"7014857",371856,2025-09-01 09:00:40,43.1708488464355,-8.44578552246094,"Unknown"
"7014857",371856,2025-09-01 09:05:40,43.1710243225098,-8.44601917266846,"Unknown"
"7014857",371856,2025-09-01 09:10:41,43.1707801818848,-8.44566345214844,"Unknown"
"7014857",371856,2025-09-01 09:15:41,43.1709403991699,-8.44594192504883,"Unknown"
"7014857",371856,2025-09-01 09:20:41,43.1709861755371,-8.44596672058105,"Unknown"
"7014857",371856,2025-09-01 09:25:42,43.1711235046387,-8.44610023498535,"Unknown"
"7014857",371856,2025-09-01 09:30:49,43.1716651916504,-8.44606971740723,"Unknown"
"7014857",371856,2025-09-01 09:35:44,43.1716079711914,-8.44597911834717,"Unknown"
"7014857",371856,2025-09-01 09:40:49,43.1715202331543,-8.44592666625977,"Unknown"
"7014857",371856,2025-09-01 09:45:49,43.1714630126953,-8.44590282440186,"Unknown"
"7014857",371856,2025-09-01 09:50:50,43.1714935302734,-8.44596099853516,"Unknown"
"7014857",371856,2025-09-01 09:55:50,43.1714782714844,-8.4458532333374,"Unknown"
"7014857",371856,2025-09-01 10:00:49,43.1714744567871,-8.44586753845215,"Unknown"
"7014857",371856,2025-09-01 10:06:05,43.1715545654297,-8.44592475891113,"Unknown"
"7014857",371856,2025-09-01 10:10:39,43.1718940734863,-8.44563579559326,"Unknown"
"7014857",371856,2025-09-01 10:15:39,43.1719131469727,-8.44563388824463,"Unknown"
"7014857",371856,2025-09-01 10:20:39,43.1719436645508,-8.44562911987305,"Unknown"
"7014857",371856,2025-09-01 10:25:39,43.1719131469727,-8.44561767578125,"Unknown"
"7014857",371856,2025-09-01 10:30:39,43.1719093322754,-8.44568729400635,"Unknown"
"7014857",371856,2025-09-01 10:35:39,43.1718940734863,-8.44565200805664,"Unknown"
"7014857",371856,2025-09-01 10:40:39,43.1719207763672,-8.44562244415283,"Unknown"
"7014857",371856,2025-09-01 10:45:40,43.1718292236328,-8.44554328918457,"Unknown"
"7014857",371856,2025-09-01 10:50:39,43.1718482971191,-8.44588565826416,"Unknown"
"7014857",371856,2025-09-01 10:55:40,43.1718635559082,-8.44583415985107,"Unknown"
"7014857",371856,2025-09-01 11:00:39,43.171932220459,-8.4458532333374,"Unknown"
"7014857",371856,2025-09-01 11:05:39,43.1718482971191,-8.44582653045654,"Unknown"
"7014857",371856,2025-09-01 11:10:40,43.1718635559082,-8.44582748413086,"Unknown"
"7014857",371856,2025-09-01 11:15:39,43.1718711853027,-8.44585514068604,"Unknown"
"7014857",371856,2025-09-01 11:20:40,43.1717491149902,-8.44542407989502,"Unknown"
"7014857",371856,2025-09-01 11:25:39,43.1717071533203,-8.44534301757812,"Unknown"
"7014857",371856,2025-09-01 11:30:39,43.1716499328613,-8.44531154632568,"Unknown"
"7014857",371856,2025-09-01 11:35:39,43.1717224121094,-8.44532489776611,"Unknown"
"7014857",371856,2025-09-01 11:40:41,43.1717300415039,-8.44534492492676,"Unknown"
"7014857",371856,2025-09-01 11:45:40,43.171703338623,-8.44533538818359,"Unknown"
"7014857",371856,2025-09-01 11:50:39,43.1685180664062,-8.44384956359863,"Unknown"
"7014857",371856,2025-09-01 11:55:41,43.1596794128418,-8.44345664978027,"Unknown"
"7014857",371856,2025-09-01 12:00:40,43.1434860229492,-8.45598793029785,"Unknown"
"7014857",371856,2025-09-01 12:05:56,43.1330490112305,-8.46768474578857,"Unknown"
"7014857",371856,2025-09-01 12:10:40,43.1330108642578,-8.46781444549561,"Unknown"
"7014857",371856,2025-09-01 12:15:44,43.1329879760742,-8.46779918670654,"Unknown"
"7014857",371856,2025-09-01 12:20:56,43.1330871582031,-8.467942237854,"Unknown"
"7014857",371856,2025-09-01 12:25:54,43.1330833435059,-8.46799659729004,"Unknown"
"7014857",371856,2025-09-01 12:30:57,43.1306190490723,-8.47087287902832,"Unknown"
"7014857",371856,2025-09-01 12:36:14,43.1305770874023,-8.47086811065674,"Unknown"
"7014857",371856,2025-09-01 12:40:56,43.130500793457,-8.4710521697998,"Unknown"
"7014857",371856,2025-09-01 12:45:57,43.1302909851074,-8.47058010101318,"Unknown"
"7014857",371856,2025-09-01 12:51:14,43.1302375793457,-8.47049713134766,"Unknown"
"7014857",371856,2025-09-01 12:55:56,43.130184173584,-8.47048568725586,"Unknown"
"7014857",371856,2025-09-01 13:00:53,43.1301040649414,-8.47047805786133,"Unknown"
"7014857",371856,2025-09-01 13:05:53,43.1303443908691,-8.47055149078369,"Unknown"
"7014857",371856,2025-09-01 13:10:56,43.1300582885742,-8.47029209136963,"Unknown"
"7014857",371856,2025-09-01 13:15:57,43.1306571960449,-8.47099685668945,"Unknown"
"7014857",371856,2025-09-01 13:20:54,43.1306381225586,-8.47094249725342,"Unknown"
"7014857",371856,2025-09-01 13:25:56,43.1307067871094,-8.47107887268066,"Unknown"
"7014857",371856,2025-09-01 13:30:53,43.1305885314941,-8.47084426879883,"Unknown"
"7014857",371856,2025-09-01 13:35:54,43.1304588317871,-8.47066974639893,"Unknown"
"7014857",371856,2025-09-01 13:41:09,43.1319236755371,-8.46889495849609,"Unknown"
"7014857",371856,2025-09-01 13:46:29,43.1317100524902,-8.46880531311035,"Unknown"
"7014857",371856,2025-09-01 13:50:53,43.1319046020508,-8.4689998626709,"Unknown"
"7014857",371856,2025-09-01 13:55:54,43.1318740844727,-8.46899318695068,"Unknown"
"7014857",371856,2025-09-01 14:00:53,43.1318702697754,-8.46913242340088,"Unknown"
"7014857",371856,2025-09-01 14:05:53,43.1318244934082,-8.46894359588623,"Unknown"
"7014857",371856,2025-09-01 14:10:56,43.1318092346191,-8.46897125244141,"Unknown"
"7014857",371856,2025-09-01 14:15:54,43.1317253112793,-8.46862316131592,"Unknown"
"7014857",371856,2025-09-01 14:20:56,43.1318244934082,-8.46870994567871,"Unknown"
"7014857",371856,2025-09-01 14:26:14,43.1317291259766,-8.46892261505127,"Unknown"
"7014857",371856,2025-09-01 14:30:54,43.1316757202148,-8.46887874603271,"Unknown"
"7014857",371856,2025-09-01 14:35:58,43.1317558288574,-8.46825218200684,"Unknown"
"7014857",371856,2025-09-01 14:40:56,43.131591796875,-8.46879768371582,"Unknown"
"7014857",371856,2025-09-01 14:45:56,43.131519317627,-8.4683895111084,"Unknown"
"7014857",371856,2025-09-01 14:51:00,43.1319122314453,-8.46938610076904,"Unknown"
"7014857",371856,2025-09-01 14:56:14,43.131778717041,-8.46877098083496,"Unknown"
"7014857",371856,2025-09-01 15:00:56,43.131721496582,-8.46894645690918,"Unknown"
"7014857",371856,2025-09-01 15:06:13,43.1318321228027,-8.46873664855957,"Unknown"
"7014857",371856,2025-09-01 15:10:59,43.1317749023438,-8.46870040893555,"Unknown"
"7014857",371856,2025-09-01 15:15:54,43.1318550109863,-8.46872234344482,"Unknown"
"7014857",371856,2025-09-01 15:20:57,43.1318283081055,-8.46885204315186,"Unknown"
"7014857",371856,2025-09-01 15:25:59,43.1311225891113,-8.46896171569824,"Unknown"
"7014857",371856,2025-09-01 15:31:01,43.1317405700684,-8.46886444091797,"Unknown"
"7014857",371856,2025-09-01 15:35:56,43.1317939758301,-8.46884441375732,"Unknown"
"7014857",371856,2025-09-01 15:40:59,43.131908416748,-8.46871757507324,"Unknown"
"7014857",371856,2025-09-01 15:46:15,43.1317443847656,-8.46881294250488,"Unknown"
"7014857",371856,2025-09-01 15:50:53,43.1317977905273,-8.46887397766113,"Unknown"
"7014857",371856,2025-09-01 15:55:53,43.1318130493164,-8.46890735626221,"Unknown"
"7014857",371856,2025-09-01 16:01:28,43.1317825317383,-8.46878433227539,"Unknown"
"7014857",371856,2025-09-01 16:05:53,43.1317710876465,-8.46877956390381,"Unknown"
"7014857",371856,2025-09-01 16:10:55,43.1318168640137,-8.46874618530273,"Unknown"
"7014857",371856,2025-09-01 16:15:55,43.1317672729492,-8.4687442779541,"Unknown"
"7014857",371856,2025-09-01 16:20:54,43.1319465637207,-8.46885681152344,"Unknown"
"7014857",371856,2025-09-01 16:25:54,43.1318054199219,-8.46883869171143,"Unknown"
"7014857",371856,2025-09-01 16:30:58,43.1318168640137,-8.46882152557373,"Unknown"
"7014857",371856,2025-09-01 16:35:56,43.1318244934082,-8.46884059906006,"Unknown"
"7014857",371856,2025-09-01 16:40:53,43.1317749023438,-8.46888732910156,"Unknown"
"7014857",371856,2025-09-01 16:45:54,43.1317939758301,-8.46882247924805,"Unknown"
"7014857",371856,2025-09-01 16:50:54,43.131893157959,-8.46899318695068,"Unknown"
"7014857",371856,2025-09-01 16:55:57,43.1320152282715,-8.46932792663574,"Unknown"
"7014857",371856,2025-09-01 17:01:01,43.1317481994629,-8.46873378753662,"Unknown"
"7014857",371856,2025-09-01 17:06:14,43.131763458252,-8.46877098083496,"Unknown"
"7014857",371856,2025-09-01 17:10:55,43.1303482055664,-8.47095489501953,"Unknown"
"7014857",371856,2025-09-01 17:15:54,43.130313873291,-8.47056198120117,"Unknown"
"7014857",371856,2025-09-01 17:20:53,43.1302299499512,-8.47065925598145,"Unknown"
"7014857",371856,2025-09-01 17:25:54,43.1306037902832,-8.4711217880249,"Unknown"
"7014857",371856,2025-09-01 17:30:53,43.1305694580078,-8.47097873687744,"Unknown"
"7014857",371856,2025-09-01 17:35:53,43.1305465698242,-8.47084903717041,"Unknown"
"7014857",371856,2025-09-01 17:40:54,43.130241394043,-8.4705696105957,"Unknown"
"7014857",371856,2025-09-01 17:45:59,43.1306114196777,-8.47051048278809,"Unknown"
"7014857",371856,2025-09-01 17:51:14,43.1305274963379,-8.47082328796387,"Unknown"
"7014857",371856,2025-09-01 17:55:58,43.1306037902832,-8.47067546844482,"Unknown"
"7014857",371856,2025-09-01 18:01:59,43.1310043334961,-8.4714879989624,"Unknown"
"7014857",371856,2025-09-01 18:05:55,43.1301345825195,-8.47038650512695,"Unknown"
"7014857",371856,2025-09-01 18:10:59,43.1317443847656,-8.47051429748535,"Unknown"
"7014857",371856,2025-09-01 18:16:05,43.1318092346191,-8.4729471206665,"Unknown"
"7014857",371856,2025-09-01 18:21:14,43.1302032470703,-8.47050189971924,"Unknown"
"7014857",371856,2025-09-01 18:26:59,43.1300659179688,-8.47069931030273,"Unknown"
"7014857",371856,2025-09-01 18:30:57,43.1304359436035,-8.4708948135376,"Unknown"
"7014857",371856,2025-09-01 18:35:53,43.1305198669434,-8.47100830078125,"Unknown"
"7014857",371856,2025-09-01 18:41:14,43.1306915283203,-8.47166538238525,"Unknown"
"7014857",371856,2025-09-01 18:45:56,43.1306457519531,-8.47158336639404,"Unknown"
"7014857",371856,2025-09-01 18:51:01,43.1305885314941,-8.4715576171875,"Unknown"
"7014857",371856,2025-09-01 18:55:57,43.1319732666016,-8.46771717071533,"Unknown"
"7014857",371856,2025-09-01 19:01:14,43.1321029663086,-8.46776676177979,"Unknown"
"7014857",371856,2025-09-01 19:05:55,43.1320533752441,-8.4678316116333,"Unknown"
"7014857",371856,2025-09-01 19:10:53,43.1388854980469,-8.47155475616455,"Unknown"
"7014857",371856,2025-09-01 19:15:53,43.1721343994141,-8.4443883895874,"Unknown"
"7014857",371856,2025-09-01 19:20:53,43.1710205078125,-8.43841171264648,"Unknown"
"7014857",371856,2025-09-01 19:25:53,43.1708679199219,-8.43835639953613,"Unknown"
"7014857",371856,2025-09-01 19:30:54,43.1710319519043,-8.43837928771973,"Unknown"
"7014857",371856,2025-09-01 19:35:54,43.1711044311523,-8.43837070465088,"Unknown"
"7014857",371856,2025-09-01 19:40:53,43.171215057373,-8.43835163116455,"Unknown"
"7014857",371856,2025-09-01 19:47:35,43.1710166931152,-8.43829345703125,"Unknown"
"7014857",371856,2025-09-02 00:47:46,43.1708106994629,-8.43802261352539,"Unknown"
"7014857",371856,2025-09-02 04:17:46,43.1708221435547,-8.43783664703369,"Unknown"
"7014857",371856,2025-09-02 04:22:20,43.1708679199219,-8.43794059753418,"Unknown"
"7014857",371856,2025-09-02 04:27:20,43.1707496643066,-8.43781471252441,"Unknown"
"7014857",371856,2025-09-02 04:32:21,43.1711006164551,-8.43819808959961,"Unknown"
"7014857",371856,2025-09-02 04:37:28,43.1709442138672,-8.43776321411133,"Unknown"
"7014857",371856,2025-09-02 04:42:35,43.170768737793,-8.43802738189697,"Unknown"
"7014857",371856,2025-09-02 04:47:53,43.1707572937012,-8.43783855438232,"Unknown"
"7014857",371856,2025-09-02 04:52:21,43.1707077026367,-8.4378547668457,"Unknown"
"7014857",371856,2025-09-02 04:57:21,43.170726776123,-8.43786334991455,"Unknown"
"7014857",371856,2025-09-02 05:02:23,43.1707611083984,-8.43788433074951,"Unknown"
"7014857",371856,2025-09-02 05:07:20,43.170726776123,-8.43784332275391,"Unknown"
"7014857",371856,2025-09-02 05:12:21,43.1707344055176,-8.4379186630249,"Unknown"
"7014857",371856,2025-09-02 05:17:20,43.1708183288574,-8.43789863586426,"Unknown"
"7014857",371856,2025-09-02 05:22:20,43.1707420349121,-8.43791484832764,"Unknown"
"7014857",371856,2025-09-02 05:27:23,43.1709632873535,-8.4379711151123,"Unknown"
"7014857",371856,2025-09-02 05:32:44,43.170783996582,-8.4378662109375,"Unknown"
"7014857",371856,2025-09-02 05:37:20,43.1707572937012,-8.43782997131348,"Unknown"
"7014857",371856,2025-09-02 05:42:20,43.1707763671875,-8.43795108795166,"Unknown"
"7014857",371856,2025-09-02 05:47:20,43.1708526611328,-8.43827152252197,"Unknown"
"7014857",371856,2025-09-02 05:52:20,43.1717414855957,-8.44659519195557,"Unknown"
"7014857",371856,2025-09-02 05:57:21,43.1715621948242,-8.44638538360596,"Unknown"
"7014857",371856,2025-09-02 06:02:21,43.1715393066406,-8.44646644592285,"Unknown"
"7014857",371856,2025-09-02 06:07:23,43.1715545654297,-8.44641399383545,"Unknown"
"7014857",371856,2025-09-02 06:12:20,43.1714897155762,-8.44636058807373,"Unknown"
"7014857",371856,2025-09-02 06:17:21,43.1714973449707,-8.4464054107666,"Unknown"
"7014857",371856,2025-09-02 06:22:22,43.1715240478516,-8.44637107849121,"Unknown"
"7014857",371856,2025-09-02 06:27:22,43.1710014343262,-8.44487380981445,"Unknown"
"7014857",371856,2025-09-02 06:32:44,43.1715850830078,-8.44594287872314,"Unknown"
"7014857",371856,2025-09-02 06:37:23,43.1715087890625,-8.44605541229248,"Unknown"
"7014857",371856,2025-09-02 06:42:20,43.1716003417969,-8.44586944580078,"Unknown"
"7014857",371856,2025-09-02 06:47:21,43.1715698242188,-8.44583892822266,"Unknown"
"7014857",371856,2025-09-02 06:52:20,43.1716499328613,-8.44577407836914,"Unknown"
"7014857",371856,2025-09-02 06:57:20,43.1715393066406,-8.44571018218994,"Unknown"
"7014857",371856,2025-09-02 07:02:21,43.1714859008789,-8.44571590423584,"Unknown"
"7014857",371856,2025-09-02 07:07:21,43.1714515686035,-8.44567584991455,"Unknown"
"7014857",371856,2025-09-02 07:12:24,43.171501159668,-8.44567203521729,"Unknown"
"7014857",371856,2025-09-02 07:17:24,43.171459197998,-8.44581699371338,"Unknown"
"7014857",371856,2025-09-02 07:22:44,43.1714630126953,-8.44578075408936,"Unknown"
"7014857",371856,2025-09-02 07:27:21,43.1713218688965,-8.44638633728027,"Unknown"
"7014857",371856,2025-09-02 07:32:24,43.1713714599609,-8.44673824310303,"Unknown"
"7014857",371856,2025-09-02 07:37:21,43.1714859008789,-8.44611263275146,"Unknown"
"7014857",371856,2025-09-02 07:42:20,43.1715240478516,-8.44590854644775,"Unknown"
"7014857",371856,2025-09-02 07:47:44,43.1714897155762,-8.44598197937012,"Unknown"
"7014857",371856,2025-09-02 07:52:20,43.1714477539062,-8.44588851928711,"Unknown"
"7014857",371856,2025-09-02 07:57:24,43.1714744567871,-8.44589900970459,"Unknown"
"7014857",371856,2025-09-02 08:02:44,43.1714630126953,-8.44587230682373,"Unknown"
"7014857",371856,2025-09-02 08:07:23,43.1714134216309,-8.44618606567383,"Unknown"
"7014857",371856,2025-09-02 08:12:24,43.1713104248047,-8.44629573822021,"Unknown"
"7014857",371856,2025-09-02 08:17:25,43.1715850830078,-8.4457311630249,"Unknown"
"7014857",371856,2025-09-02 08:22:24,43.1715965270996,-8.44565773010254,"Unknown"
"7014857",371856,2025-09-02 08:27:23,43.1717643737793,-8.44510936737061,"Unknown"
"7014857",371856,2025-09-02 08:32:35,43.1716461181641,-8.44557952880859,"Unknown"
"7014857",371856,2025-09-02 08:37:25,43.1715507507324,-8.44567394256592,"Unknown"
"7014857",371856,2025-09-02 08:42:24,43.1716041564941,-8.44531917572021,"Unknown"
"7014857",371856,2025-09-02 08:47:44,43.1714820861816,-8.44580078125,"Unknown"
"7014857",371856,2025-09-02 08:52:21,43.171459197998,-8.44613170623779,"Unknown"
"7014857",371856,2025-09-02 08:57:21,43.171558380127,-8.44516181945801,"Unknown"
"7014857",371856,2025-09-02 09:02:23,43.1715126037598,-8.44584941864014,"Unknown"
"7014857",371856,2025-09-02 09:07:22,43.1715507507324,-8.44459819793701,"Unknown"
"7014857",371856,2025-09-02 09:12:25,43.1715049743652,-8.44467544555664,"Unknown"
"7014857",371856,2025-09-02 09:17:24,43.1716041564941,-8.44417381286621,"Unknown"
"7014857",371856,2025-09-02 09:22:25,43.1714515686035,-8.44568824768066,"Unknown"
"7014857",371856,2025-09-02 09:27:22,43.1714210510254,-8.44533348083496,"Unknown"
"7014857",371856,2025-09-02 09:32:44,43.1715087890625,-8.44574451446533,"Unknown"
"7014857",371856,2025-09-02 09:37:22,43.1714248657227,-8.44494819641113,"Unknown"
"7014857",371856,2025-09-02 09:42:22,43.1714553833008,-8.44467067718506,"Unknown"
"7014857",371856,2025-09-02 09:47:28,43.1712951660156,-8.44472694396973,"Unknown"
"7014857",371856,2025-09-02 09:52:27,43.1720085144043,-8.44523048400879,"Unknown"
"7014857",371856,2025-09-02 09:57:27,43.1718406677246,-8.4453706741333,"Unknown"
"7014857",371856,2025-09-02 10:02:27,43.1719512939453,-8.4453125,"Unknown"
"7014857",371856,2025-09-02 10:07:25,43.1718788146973,-8.44516944885254,"Unknown"
"7014857",371856,2025-09-02 10:12:23,43.1717796325684,-8.44476318359375,"Unknown"
"7014857",371856,2025-09-02 10:17:28,43.171272277832,-8.44559860229492,"Unknown"
"7014857",371856,2025-09-02 10:22:30,43.1707763671875,-8.44437313079834,"Unknown"
"7014857",371856,2025-09-02 10:27:30,43.1709747314453,-8.44574356079102,"Unknown"
"7014857",371856,2025-09-02 10:32:45,43.1709938049316,-8.44576644897461,"Unknown"
"7014857",371856,2025-09-02 10:37:30,43.170955657959,-8.44545269012451,"Unknown"
"7014857",371856,2025-09-02 10:42:28,43.1709976196289,-8.44581508636475,"Unknown"
"7014857",371856,2025-09-02 10:47:27,43.1709365844727,-8.44567680358887,"Unknown"
"7014857",371856,2025-09-02 10:52:35,43.1710166931152,-8.44589424133301,"Unknown"
"7014857",371856,2025-09-02 10:57:28,43.1709632873535,-8.44596481323242,"Unknown"
"7014857",371856,2025-09-02 11:02:30,43.1709938049316,-8.44633388519287,"Unknown"
"7014857",371856,2025-09-02 11:07:30,43.171028137207,-8.44598579406738,"Unknown"
"7014857",371856,2025-09-02 11:12:44,43.1709327697754,-8.44614601135254,"Unknown"
"7014857",371856,2025-09-02 11:17:25,43.1720123291016,-8.44559860229492,"Unknown"
"7014857",371856,2025-09-02 11:22:25,43.1720199584961,-8.44560146331787,"Unknown"
"7014857",371856,2025-09-02 11:27:24,43.172061920166,-8.44580459594727,"Unknown"
"7014857",371856,2025-09-02 11:32:45,43.1719627380371,-8.44554233551025,"Unknown"
"7014857",371856,2025-09-02 11:37:21,43.1720085144043,-8.44561290740967,"Unknown"
"7014857",371856,2025-09-02 11:42:25,43.171989440918,-8.44555377960205,"Unknown"
"7014857",371856,2025-09-02 11:47:25,43.1614379882812,-8.4557991027832,"Unknown"
"7014857",371856,2025-09-02 11:52:25,43.1480560302734,-8.46346187591553,"Unknown"
"7014857",371856,2025-09-02 11:57:44,43.1333503723145,-8.46916675567627,"Unknown"
"7014857",371856,2025-09-02 12:02:24,43.1305732727051,-8.47081184387207,"Unknown"
"7014857",371856,2025-09-02 12:07:22,43.1305046081543,-8.47085952758789,"Unknown"
"7014857",371856,2025-09-02 12:12:24,43.1303977966309,-8.47081756591797,"Unknown"
"7014857",371856,2025-09-02 12:17:26,43.1302947998047,-8.47085094451904,"Unknown"
"7014857",371856,2025-09-02 12:22:44,43.1303253173828,-8.47089862823486,"Unknown"
"7014857",371856,2025-09-02 12:27:46,43.1301307678223,-8.47049331665039,"Unknown"
"7014857",371856,2025-09-02 12:32:27,43.1301193237305,-8.47051048278809,"Unknown"
"7014857",371856,2025-09-02 12:37:27,43.130241394043,-8.47044944763184,"Unknown"
"7014857",371856,2025-09-02 12:42:22,43.1301040649414,-8.47056484222412,"Unknown"
"7014857",371856,2025-09-02 12:47:45,43.1301803588867,-8.4705638885498,"Unknown"
"7014857",371856,2025-09-02 12:52:25,43.1302642822266,-8.47048664093018,"Unknown"
"7014857",371856,2025-09-02 12:57:25,43.1306381225586,-8.47061729431152,"Unknown"
"7014857",371856,2025-09-02 13:02:23,43.1305313110352,-8.47076988220215,"Unknown"
"7014857",371856,2025-09-02 13:07:25,43.1300621032715,-8.47036647796631,"Unknown"
"7014857",371856,2025-09-02 13:12:27,43.1302108764648,-8.47037601470947,"Unknown"
"7014857",371856,2025-09-02 13:17:25,43.1302795410156,-8.47045421600342,"Unknown"
"7014857",371856,2025-09-02 13:22:25,43.1302337646484,-8.47037982940674,"Unknown"
"7014857",371856,2025-09-02 13:27:24,43.129997253418,-8.47038745880127,"Unknown"
"7014857",371856,2025-09-02 13:32:45,43.1299362182617,-8.4703197479248,"Unknown"
"7014857",371856,2025-09-02 13:37:26,43.1300048828125,-8.47036457061768,"Unknown"
"7014857",371856,2025-09-02 13:42:24,43.1297798156738,-8.47017955780029,"Unknown"
"7014857",371856,2025-09-02 13:47:44,43.1299018859863,-8.47000312805176,"Unknown"
"7014857",371856,2025-09-02 13:52:24,43.1300430297852,-8.46985530853271,"Unknown"
"7014857",371856,2025-09-02 13:57:24,43.1299438476562,-8.47018241882324,"Unknown"
"7014857",371856,2025-09-02 14:02:23,43.1299324035645,-8.47002601623535,"Unknown"
"7014857",371856,2025-09-02 14:07:27,43.130069732666,-8.47027587890625,"Unknown"
"7014857",371856,2025-09-02 14:12:22,43.1301727294922,-8.46977138519287,"Unknown"
"7014857",371856,2025-09-02 14:17:23,43.1299209594727,-8.47013187408447,"Unknown"
"7014857",371856,2025-09-02 14:22:26,43.1300430297852,-8.47000980377197,"Unknown"
"7014857",371856,2025-09-02 14:27:23,43.1299247741699,-8.4701042175293,"Unknown"
"7014857",371856,2025-09-02 14:32:45,43.1299705505371,-8.47009181976318,"Unknown"
"7014857",371856,2025-09-02 14:37:23,43.1300048828125,-8.4700403213501,"Unknown"
"7014857",371856,2025-09-02 14:42:25,43.1301116943359,-8.46977806091309,"Unknown"
"7014857",371856,2025-09-02 14:47:36,43.1297492980957,-8.46904468536377,"Unknown"
"7014857",371856,2025-09-02 14:52:59,43.1295776367188,-8.4689998626709,"Unknown"
"7014857",371856,2025-09-02 14:57:22,43.1297836303711,-8.4697732925415,"Unknown"
"7014857",371856,2025-09-02 15:02:22,43.1298065185547,-8.46973896026611,"Unknown"
"7014857",371856,2025-09-02 15:07:22,43.1307106018066,-8.47144031524658,"Unknown"
"7014857",371856,2025-09-02 15:12:23,43.1306381225586,-8.47152614593506,"Unknown"
"7014857",371856,2025-09-02 15:17:22,43.1307678222656,-8.47143840789795,"Unknown"
"7014857",371856,2025-09-02 15:22:22,43.1307106018066,-8.47138118743896,"Unknown"
"7014857",371856,2025-09-02 15:27:22,43.1306190490723,-8.47149562835693,"Unknown"
"7014857",371856,2025-09-02 15:32:22,43.130786895752,-8.47128105163574,"Unknown"
"7014857",371856,2025-09-02 15:37:23,43.1304817199707,-8.47069644927979,"Unknown"
"7014857",371856,2025-09-02 15:42:22,43.1301422119141,-8.47036838531494,"Unknown"
"7014857",371856,2025-09-02 15:47:22,43.1304550170898,-8.47051048278809,"Unknown"
"7014857",371856,2025-09-02 15:52:27,43.1304664611816,-8.47054100036621,"Unknown"
"7014857",371856,2025-09-02 15:57:22,43.130485534668,-8.47048187255859,"Unknown"
"7014857",371856,2025-09-02 16:02:44,43.1311569213867,-8.47241592407227,"Unknown"
"7014857",371856,2025-09-02 16:07:23,43.131649017334,-8.46826553344727,"Unknown"
"7014857",371856,2025-09-02 16:12:22,43.1316070556641,-8.4681282043457,"Unknown"
"7014857",371856,2025-09-02 16:17:59,43.1315803527832,-8.46823501586914,"Unknown"
"7014857",371856,2025-09-02 16:22:23,43.1316757202148,-8.46837329864502,"Unknown"
"7014857",371856,2025-09-02 16:27:23,43.1324653625488,-8.46865940093994,"Unknown"
"7014857",371856,2025-09-02 16:32:23,43.1325035095215,-8.46869468688965,"Unknown"
"7014857",371856,2025-09-02 16:37:23,43.1323928833008,-8.46850967407227,"Unknown"
"7014857",371856,2025-09-02 16:42:37,43.1325225830078,-8.46859836578369,"Unknown"
"7014857",371856,2025-09-02 16:47:44,43.1218643188477,-8.47047996520996,"Unknown"
"7014857",371856,2025-09-02 16:52:23,43.1139602661133,-8.48404884338379,"Unknown"
"7014857",371856,2025-09-02 16:57:22,43.0992698669434,-8.4955415725708,"Unknown"
"7014857",371856,2025-09-02 17:02:23,43.0994834899902,-8.49570655822754,"Unknown"
"7014857",371856,2025-09-02 17:08:47,43.1023979187012,-8.49554634094238,"Unknown"
"7014857",371856,2025-09-02 17:12:28,43.1024322509766,-8.49609279632568,"Unknown"
"7014857",371856,2025-09-02 17:17:27,43.1190528869629,-8.48215961456299,"Unknown"
"7014857",371856,2025-09-02 17:22:27,43.1298294067383,-8.46907901763916,"Unknown"
"7014857",371856,2025-09-02 17:27:28,43.1296005249023,-8.46873188018799,"Unknown"
"7014857",371856,2025-09-02 17:32:23,43.1296615600586,-8.46855926513672,"Unknown"
"7014857",371856,2025-09-02 17:37:28,43.1296615600586,-8.46862125396729,"Unknown"
"7014857",371856,2025-09-02 17:42:31,43.1296463012695,-8.46851825714111,"Unknown"
"7014857",371856,2025-09-02 17:47:23,43.1296119689941,-8.46881484985352,"Unknown"
"7014857",371856,2025-09-02 17:52:24,43.1296348571777,-8.46900081634521,"Unknown"
"7014857",371856,2025-09-02 17:57:25,43.1299781799316,-8.47041416168213,"Unknown"
"7014857",371856,2025-09-02 18:02:26,43.130729675293,-8.47135257720947,"Unknown"
"7014857",371856,2025-09-02 18:07:27,43.1305160522461,-8.4719820022583,"Unknown"
"7014857",371856,2025-09-02 18:12:31,43.1304473876953,-8.47120475769043,"Unknown"
"7014857",371856,2025-09-02 18:17:44,43.1305313110352,-8.4707727432251,"Unknown"
"7014857",371856,2025-09-02 18:22:22,43.1305885314941,-8.47105026245117,"Unknown"
"7014857",371856,2025-09-02 18:27:24,43.1306343078613,-8.47117614746094,"Unknown"
"7014857",371856,2025-09-02 18:32:27,43.1304473876953,-8.47071361541748,"Unknown"
"7014857",371856,2025-09-02 18:37:24,43.1302871704102,-8.47081661224365,"Unknown"
"7014857",371856,2025-09-02 18:42:28,43.1313934326172,-8.47126197814941,"Unknown"
"7014857",371856,2025-09-02 18:47:44,43.1317977905273,-8.46872329711914,"Unknown"
"7014857",371856,2025-09-02 18:52:24,43.1334762573242,-8.47014904022217,"Unknown"
"7014857",371856,2025-09-02 18:57:28,43.1331214904785,-8.46946620941162,"Unknown"
"7014857",371856,2025-09-02 19:02:27,43.153377532959,-8.46957111358643,"Unknown"
"7014857",371856,2025-09-02 19:07:29,43.1718444824219,-8.44674396514893,"Unknown"
"7014857",371856,2025-09-02 19:12:36,43.1716690063477,-8.4464111328125,"Unknown"
"7014857",371856,2025-09-02 19:17:31,43.1713676452637,-8.44646072387695,"Unknown"
"7014857",371856,2025-09-02 19:22:36,43.1712760925293,-8.44524955749512,"Unknown"
"7014857",371856,2025-09-02 19:27:37,43.1712341308594,-8.44483089447021,"Unknown"
"7014857",371856,2025-09-02 19:32:58,43.1712608337402,-8.44493579864502,"Unknown"
"7014857",371856,2025-09-02 19:37:22,43.1708717346191,-8.44456481933594,"Unknown"
"7014857",371856,2025-09-02 19:42:23,43.1707992553711,-8.43835830688477,"Unknown"
"7014857",371856,2025-09-02 19:45:38,43.1712303161621,-8.43846321105957,"Unknown"
"7014857",371856,2025-09-03 00:46:14,43.1712188720703,-8.43845081329346,"Unknown"
"7014857",371856,2025-09-03 04:19:16,43.1709251403809,-8.43818950653076,"Unknown"
"7014857",371856,2025-09-03 04:24:16,43.1711235046387,-8.43839836120605,"Unknown"
"7014857",371856,2025-09-03 04:28:56,43.1711883544922,-8.43821144104004,"Unknown"
"7014857",371856,2025-09-03 04:33:59,43.1709747314453,-8.43851661682129,"Unknown"
"7014857",371856,2025-09-03 04:38:56,43.1712493896484,-8.43836784362793,"Unknown"
"7014857",371856,2025-09-03 04:43:56,43.1711158752441,-8.43861389160156,"Unknown"
"7014857",371856,2025-09-03 04:49:15,43.1711883544922,-8.43849468231201,"Unknown"
"7014857",371856,2025-09-03 04:53:56,43.1712799072266,-8.43853092193604,"Unknown"
"7014857",371856,2025-09-03 04:58:56,43.1712074279785,-8.43860530853271,"Unknown"
"7014857",371856,2025-09-03 05:03:57,43.1712493896484,-8.4384822845459,"Unknown"
"7014857",371856,2025-09-03 05:08:56,43.1709823608398,-8.43856430053711,"Unknown"
"7014857",371856,2025-09-03 05:13:57,43.172061920166,-8.43793296813965,"Unknown"
"7014857",371856,2025-09-03 05:18:56,43.1710624694824,-8.43859195709229,"Unknown"
"7014857",371856,2025-09-03 05:23:56,43.1714744567871,-8.43839550018311,"Unknown"
"7014857",371856,2025-09-03 05:29:10,43.1712341308594,-8.4385986328125,"Unknown"
"7014857",371856,2025-09-03 05:33:56,43.171314239502,-8.43839263916016,"Unknown"
"7014857",371856,2025-09-03 05:38:56,43.1714286804199,-8.43853187561035,"Unknown"
"7014857",371856,2025-09-03 05:43:56,43.171257019043,-8.43852996826172,"Unknown"
"7014857",371856,2025-09-03 05:49:15,43.1712036132812,-8.43844318389893,"Unknown"
"7014857",371856,2025-09-03 05:54:01,43.1707725524902,-8.44284534454346,"Unknown"
"7014857",371856,2025-09-03 05:58:59,43.171558380127,-8.44646453857422,"Unknown"
"7014857",371856,2025-09-03 06:04:00,43.1713562011719,-8.4467658996582,"Unknown"
"7014857",371856,2025-09-03 06:08:59,43.1717224121094,-8.44620037078857,"Unknown"
"7014857",371856,2025-09-03 06:14:00,43.1717491149902,-8.44597911834717,"Unknown"
"7014857",371856,2025-09-03 06:18:59,43.1718940734863,-8.44579982757568,"Unknown"
"7014857",371856,2025-09-03 06:23:58,43.1715278625488,-8.4463472366333,"Unknown"
"7014857",371856,2025-09-03 06:28:58,43.1716461181641,-8.44613647460938,"Unknown"
"7014857",371856,2025-09-03 06:33:58,43.1716499328613,-8.44610118865967,"Unknown"
"7014857",371856,2025-09-03 06:39:04,43.1717720031738,-8.44600868225098,"Unknown"
"7014857",371856,2025-09-03 06:43:59,43.1709327697754,-8.44495296478271,"Unknown"
"7014857",371856,2025-09-03 06:49:15,43.1708488464355,-8.44501304626465,"Unknown"
"7014857",371856,2025-09-03 06:53:57,43.1709938049316,-8.44503688812256,"Unknown"
"7014857",371856,2025-09-03 06:59:06,43.1708641052246,-8.445068359375,"Unknown"
"7014857",371856,2025-09-03 07:03:59,43.1710891723633,-8.44463539123535,"Unknown"
"7014857",371856,2025-09-03 07:09:06,43.1708106994629,-8.44526290893555,"Unknown"
"7014857",371856,2025-09-03 07:14:01,43.1707992553711,-8.44534683227539,"Unknown"
"7014857",371856,2025-09-03 07:19:01,43.1708297729492,-8.44529819488525,"Unknown"
"7014857",371856,2025-09-03 07:23:59,43.1710968017578,-8.44463348388672,"Unknown"
"7014857",371856,2025-09-03 07:29:06,43.1708641052246,-8.44543170928955,"Unknown"
"7014857",371856,2025-09-03 07:34:04,43.1709251403809,-8.44533729553223,"Unknown"
"7014857",371856,2025-09-03 07:39:00,43.1711883544922,-8.44449234008789,"Unknown"
"7014857",371856,2025-09-03 07:44:05,43.1707649230957,-8.44533157348633,"Unknown"
"7014857",371856,2025-09-03 07:49:57,43.1541175842285,-8.46184921264648,"Unknown"
"7014857",371856,2025-09-03 07:53:56,43.139045715332,-8.4714822769165,"Unknown"
"7014857",371856,2025-09-03 07:59:00,43.1317367553711,-8.46816444396973,"Unknown"
"7014857",371856,2025-09-03 08:03:57,43.1320495605469,-8.46768283843994,"Unknown"
"7014857",371856,2025-09-03 08:08:57,43.1307830810547,-8.47122287750244,"Unknown"
"7014857",371856,2025-09-03 08:13:58,43.1311492919922,-8.47071552276611,"Unknown"
"7014857",371856,2025-09-03 08:18:58,43.1307106018066,-8.47137832641602,"Unknown"
"7014857",371856,2025-09-03 08:24:01,43.1306571960449,-8.47133731842041,"Unknown"
"7014857",371856,2025-09-03 08:28:57,43.1307487487793,-8.47138690948486,"Unknown"
"7014857",371856,2025-09-03 08:34:14,43.1307525634766,-8.47133350372314,"Unknown"
"7014857",371856,2025-09-03 08:39:01,43.1307258605957,-8.47134399414062,"Unknown"
"7014857",371856,2025-09-03 08:43:56,43.1307106018066,-8.47134876251221,"Unknown"
"7014857",371856,2025-09-03 08:49:06,43.130786895752,-8.47132873535156,"Unknown"
"7014857",371856,2025-09-03 08:54:04,43.1308174133301,-8.47132968902588,"Unknown"
"7014857",371856,2025-09-03 08:59:03,43.1307563781738,-8.47137260437012,"Unknown"
"7014857",371856,2025-09-03 09:04:06,43.1307525634766,-8.47139072418213,"Unknown"
"7014857",371856,2025-09-03 09:09:06,43.1306610107422,-8.47164821624756,"Unknown"
"7014857",371856,2025-09-03 09:14:14,43.1307716369629,-8.47134780883789,"Unknown"
"7014857",371856,2025-09-03 09:19:00,43.1308326721191,-8.47058963775635,"Unknown"
"7014857",371856,2025-09-03 09:23:57,43.1305084228516,-8.46977996826172,"Unknown"
"7014857",371856,2025-09-03 09:29:00,43.130443572998,-8.4704122543335,"Unknown"
"7014857",371856,2025-09-03 09:34:15,43.1315956115723,-8.4687385559082,"Unknown"
"7014857",371856,2025-09-03 09:39:05,43.1316261291504,-8.46877384185791,"Unknown"
"7014857",371856,2025-09-03 09:44:06,43.1316337585449,-8.46857643127441,"Unknown"
"7014857",371856,2025-09-03 09:49:06,43.131649017334,-8.46865940093994,"Unknown"
"7014857",371856,2025-09-03 09:54:00,43.131706237793,-8.46846771240234,"Unknown"
"7014857",371856,2025-09-03 09:59:00,43.1318016052246,-8.46681976318359,"Unknown"
"7014857",371856,2025-09-03 10:03:59,43.1316719055176,-8.4681510925293,"Unknown"
"7014857",371856,2025-09-03 10:09:04,43.1317710876465,-8.46851921081543,"Unknown"
"7014857",371856,2025-09-03 10:14:06,43.131763458252,-8.46822452545166,"Unknown"
"7014857",371856,2025-09-03 10:19:06,43.1317100524902,-8.468337059021,"Unknown"
"7014857",371856,2025-09-03 10:24:06,43.1317672729492,-8.46843433380127,"Unknown"
"7014857",371856,2025-09-03 10:29:09,43.1317367553711,-8.4684944152832,"Unknown"
"7014857",371856,2025-09-03 10:34:29,43.1317939758301,-8.46841144561768,"Unknown"
"7014857",371856,2025-09-03 10:38:56,43.1318168640137,-8.46828269958496,"Unknown"
"7014857",371856,2025-09-03 10:43:56,43.1318054199219,-8.46817874908447,"Unknown"
"7014857",371856,2025-09-03 10:48:56,43.1334114074707,-8.46924877166748,"Unknown"
"7014857",371856,2025-09-03 10:53:56,43.1333923339844,-8.46931266784668,"Unknown"
"7014857",371856,2025-09-03 10:58:56,43.1333961486816,-8.46921348571777,"Unknown"
"7014857",371856,2025-09-03 11:03:56,43.1333808898926,-8.46927070617676,"Unknown"
"7014857",371856,2025-09-03 11:08:57,43.133415222168,-8.46925735473633,"Unknown"
"7014857",371856,2025-09-03 11:13:57,43.1334266662598,-8.46918678283691,"Unknown"
"7014857",371856,2025-09-03 11:18:56,43.1336975097656,-8.47051906585693,"Unknown"
"7014857",371856,2025-09-03 11:23:57,43.1337203979492,-8.47071170806885,"Unknown"
"7014857",371856,2025-09-03 11:28:59,43.1337509155273,-8.47070598602295,"Unknown"
"7014857",371856,2025-09-03 11:34:14,43.1336784362793,-8.47063255310059,"Unknown"
"7014857",371856,2025-09-03 11:38:59,43.1338081359863,-8.47094345092773,"Unknown"
"7014857",371856,2025-09-03 11:44:06,43.1336860656738,-8.47057819366455,"Unknown"
"7014857",371856,2025-09-03 11:49:06,43.1336555480957,-8.47031211853027,"Unknown"
"7014857",371856,2025-09-03 11:54:03,43.1338043212891,-8.47057247161865,"Unknown"
"7014857",371856,2025-09-03 11:59:03,43.1336784362793,-8.47037410736084,"Unknown"
"7014857",371856,2025-09-03 12:04:35,43.1337585449219,-8.47093868255615,"Unknown"
"7014857",371856,2025-09-03 12:08:57,43.1340675354004,-8.47065830230713,"Unknown"
"7014857",371856,2025-09-03 12:13:57,43.1332092285156,-8.46898555755615,"Unknown"
"7014857",371856,2025-09-03 12:18:57,43.133243560791,-8.46896839141846,"Unknown"
"7014857",371856,2025-09-03 12:23:57,43.1333274841309,-8.46913719177246,"Unknown"
"7014857",371856,2025-09-03 12:28:57,43.1332092285156,-8.46910858154297,"Unknown"
"7014857",371856,2025-09-03 12:33:57,43.1332626342773,-8.46914577484131,"Unknown"
"7014857",371856,2025-09-03 12:38:58,43.1332511901855,-8.46910572052002,"Unknown"
"7014857",371856,2025-09-03 12:43:57,43.1332969665527,-8.46917343139648,"Unknown"
"7014857",371856,2025-09-03 12:48:57,43.1332664489746,-8.46913146972656,"Unknown"
"7014857",371856,2025-09-03 12:53:57,43.133171081543,-8.46898651123047,"Unknown"
"7014857",371856,2025-09-03 12:58:58,43.133186340332,-8.4690990447998,"Unknown"
"7014857",371856,2025-09-03 13:04:00,43.1332817077637,-8.46916389465332,"Unknown"
"7014857",371856,2025-09-03 13:08:59,43.1332855224609,-8.46916770935059,"Unknown"
"7014857",371856,2025-09-03 13:14:01,43.1332511901855,-8.46914863586426,"Unknown"
"7014857",371856,2025-09-03 13:18:57,43.1333122253418,-8.46918392181396,"Unknown"
"7014857",371856,2025-09-03 13:24:00,43.133171081543,-8.46901035308838,"Unknown"
"7014857",371856,2025-09-03 13:28:59,43.133415222168,-8.46927833557129,"Unknown"
"7014857",371856,2025-09-03 13:33:59,43.1332130432129,-8.46907806396484,"Unknown"
"7014857",371856,2025-09-03 13:39:06,43.1317939758301,-8.46802997589111,"Unknown"
"7014857",371856,2025-09-03 13:43:57,43.131908416748,-8.468430519104,"Unknown"
"7014857",371856,2025-09-03 13:49:06,43.1318206787109,-8.46821784973145,"Unknown"
"7014857",371856,2025-09-03 13:54:09,43.1318168640137,-8.46829032897949,"Unknown"
"7014857",371856,2025-09-03 13:59:00,43.1317367553711,-8.46805381774902,"Unknown"
"7014857",371856,2025-09-03 14:04:12,43.1317977905273,-8.4682149887085,"Unknown"
"7014857",371856,2025-09-03 14:08:59,43.1318817138672,-8.4681510925293,"Unknown"
"7014857",371856,2025-09-03 14:13:59,43.1317672729492,-8.46883869171143,"Unknown"
"7014857",371856,2025-09-03 14:18:57,43.1333885192871,-8.46911144256592,"Unknown"
"7014857",371856,2025-09-03 14:23:58,43.1334114074707,-8.46885776519775,"Unknown"
"7014857",371856,2025-09-03 14:28:58,43.1334419250488,-8.46896934509277,"Unknown"
"7014857",371856,2025-09-03 14:33:57,43.1335716247559,-8.46910572052002,"Unknown"
"7014857",371856,2025-09-03 14:38:57,43.1335639953613,-8.46915531158447,"Unknown"
"7014857",371856,2025-09-03 14:43:58,43.1335182189941,-8.46896266937256,"Unknown"
"7014857",371856,2025-09-03 14:49:14,43.1334838867188,-8.46895027160645,"Unknown"
"7014857",371856,2025-09-03 14:53:59,43.1335258483887,-8.46897792816162,"Unknown"
"7014857",371856,2025-09-03 14:58:57,43.1334457397461,-8.46903991699219,"Unknown"
"7014857",371856,2025-09-03 15:04:00,43.1334190368652,-8.46905517578125,"Unknown"
"7014857",371856,2025-09-03 15:09:14,43.1334686279297,-8.46896934509277,"Unknown"
"7014857",371856,2025-09-03 15:14:01,43.1334953308105,-8.46895885467529,"Unknown"
"7014857",371856,2025-09-03 15:19:29,43.1334381103516,-8.4690055847168,"Unknown"
"7014857",371856,2025-09-03 15:23:57,43.1334266662598,-8.46900272369385,"Unknown"
"7014857",371856,2025-09-03 15:28:57,43.1334533691406,-8.46892070770264,"Unknown"
"7014857",371856,2025-09-03 15:33:57,43.1334495544434,-8.46893978118896,"Unknown"
"7014857",371856,2025-09-03 15:38:57,43.1334571838379,-8.46897315979004,"Unknown"
"7014857",371856,2025-09-03 15:44:03,43.1299514770508,-8.4693603515625,"Unknown"
"7014857",371856,2025-09-03 15:48:58,43.1299591064453,-8.46940326690674,"Unknown"
"7014857",371856,2025-09-03 15:53:57,43.1304359436035,-8.47079277038574,"Unknown"
"7014857",371856,2025-09-03 15:59:14,43.1305313110352,-8.47099685668945,"Unknown"
"7014857",371856,2025-09-03 16:03:58,43.1304740905762,-8.47095394134521,"Unknown"
"7014857",371856,2025-09-03 16:09:05,43.130054473877,-8.47098636627197,"Unknown"
"7014857",371856,2025-09-03 16:14:00,43.1185722351074,-8.47499656677246,"Unknown"
"7014857",371856,2025-09-03 16:19:03,43.0984687805176,-8.48884677886963,"Unknown"
"7014857",371856,2025-09-03 16:24:06,43.0990295410156,-8.49516582489014,"Unknown"
"7014857",371856,2025-09-03 16:29:00,43.0998916625977,-8.48978805541992,"Unknown"
"7014857",371856,2025-09-03 16:34:03,43.1255760192871,-8.47253608703613,"Unknown"
"7014857",371856,2025-09-03 16:39:00,43.129955291748,-8.46903038024902,"Unknown"
"7014857",371856,2025-09-03 16:44:02,43.1300735473633,-8.46937370300293,"Unknown"
"7014857",371856,2025-09-03 16:49:17,43.130126953125,-8.4695520401001,"Unknown"
"7014857",371856,2025-09-03 16:54:10,43.1301422119141,-8.46958065032959,"Unknown"
"7014857",371856,2025-09-03 16:59:01,43.1300888061523,-8.469407081604,"Unknown"
"7014857",371856,2025-09-03 17:04:01,43.1300506591797,-8.46937561035156,"Unknown"
"7014857",371856,2025-09-03 17:09:00,43.1301231384277,-8.46999931335449,"Unknown"
"7014857",371856,2025-09-03 17:14:01,43.1301574707031,-8.46940898895264,"Unknown"
"7014857",371856,2025-09-03 17:19:06,43.1301345825195,-8.46928787231445,"Unknown"
"7014857",371856,2025-09-03 17:24:06,43.1301574707031,-8.46939754486084,"Unknown"
"7014857",371856,2025-09-03 17:29:09,43.1300849914551,-8.46936893463135,"Unknown"
"7014857",371856,2025-09-03 17:34:04,43.1301383972168,-8.46939277648926,"Unknown"
"7014857",371856,2025-09-03 17:39:01,43.1303291320801,-8.47029495239258,"Unknown"
"7014857",371856,2025-09-03 17:44:04,43.1309242248535,-8.47126770019531,"Unknown"
"7014857",371856,2025-09-03 17:49:35,43.1308937072754,-8.47124671936035,"Unknown"
"7014857",371856,2025-09-03 17:53:58,43.1308822631836,-8.47137928009033,"Unknown"
"7014857",371856,2025-09-03 17:58:58,43.1300468444824,-8.47064208984375,"Unknown"
"7014857",371856,2025-09-03 18:04:07,43.1300735473633,-8.46966361999512,"Unknown"
"7014857",371856,2025-09-03 18:08:59,43.1300048828125,-8.46984767913818,"Unknown"
"7014857",371856,2025-09-03 18:14:00,43.1305389404297,-8.47076988220215,"Unknown"
"7014857",371856,2025-09-03 18:18:58,43.1300811767578,-8.47018241882324,"Unknown"
"7014857",371856,2025-09-03 18:23:59,43.1300926208496,-8.47018432617188,"Unknown"
"7014857",371856,2025-09-03 18:29:01,43.130069732666,-8.47013378143311,"Unknown"
"7014857",371856,2025-09-03 18:34:04,43.1299705505371,-8.47005081176758,"Unknown"
"7014857",371856,2025-09-03 18:39:02,43.130126953125,-8.47028064727783,"Unknown"
"7014857",371856,2025-09-03 18:44:14,43.1300506591797,-8.47011375427246,"Unknown"
"7014857",371856,2025-09-03 18:49:03,43.1298065185547,-8.46980667114258,"Unknown"
"7014857",371856,2025-09-03 18:54:00,43.1300354003906,-8.46992588043213,"Unknown"
"7014857",371856,2025-09-03 18:59:00,43.1300201416016,-8.47018814086914,"Unknown"
"7014857",371856,2025-09-03 19:04:02,43.1300086975098,-8.46977138519287,"Unknown"
"7014857",371856,2025-09-03 19:08:59,43.1320304870605,-8.46858692169189,"Unknown"
"7014857",371856,2025-09-03 19:13:58,43.161060333252,-8.45156955718994,"Unknown"
"7014857",371856,2025-09-03 19:19:03,43.1707038879395,-8.43820095062256,"Unknown"
"7014857",371856,2025-09-03 19:24:01,43.170825958252,-8.43833351135254,"Unknown"
"7014857",371856,2025-09-03 19:28:59,43.1709022521973,-8.43834495544434,"Unknown"
"7014857",371856,2025-09-03 19:34:14,43.1707954406738,-8.43816566467285,"Unknown"
"7014857",371856,2025-09-03 19:38:58,43.1706657409668,-8.43801498413086,"Unknown"
"7014857",371856,2025-09-03 19:43:48,43.1708488464355,-8.43788242340088,"Unknown"
"7014857",371856,2025-09-04 00:44:23,43.1709022521973,-8.43825244903564,"Unknown"
"7014857",371856,2025-09-04 04:20:45,43.1709976196289,-8.43827247619629,"Unknown"
"7014857",371856,2025-09-04 04:25:25,43.1710014343262,-8.43828105926514,"Unknown"
"7014857",371856,2025-09-04 04:30:25,43.1711959838867,-8.43824100494385,"Unknown"
"7014857",371856,2025-09-04 04:35:25,43.1709632873535,-8.43840408325195,"Unknown"
"7014857",371856,2025-09-04 04:40:25,43.1712837219238,-8.43830871582031,"Unknown"
"7014857",371856,2025-09-04 04:45:45,43.1710548400879,-8.43833541870117,"Unknown"
"7014857",371856,2025-09-04 04:50:27,43.1711959838867,-8.43832969665527,"Unknown"
"7014857",371856,2025-09-04 04:55:25,43.1711959838867,-8.43811702728271,"Unknown"
"7014857",371856,2025-09-04 05:00:25,43.1710014343262,-8.43812465667725,"Unknown"
"7014857",371856,2025-09-04 05:05:27,43.1711959838867,-8.43815612792969,"Unknown"
"7014857",371856,2025-09-04 05:10:27,43.1710472106934,-8.43820571899414,"Unknown"
"7014857",371856,2025-09-04 05:15:25,43.1710090637207,-8.43829822540283,"Unknown"
"7014857",371856,2025-09-04 05:20:25,43.1711463928223,-8.43828678131104,"Unknown"
"7014857",371856,2025-09-04 05:25:25,43.1710243225098,-8.43825149536133,"Unknown"
"7014857",371856,2025-09-04 05:30:45,43.1711006164551,-8.43825531005859,"Unknown"
"7014857",371856,2025-09-04 05:35:25,43.1710662841797,-8.43822002410889,"Unknown"
"7014857",371856,2025-09-04 05:40:25,43.1712036132812,-8.43830490112305,"Unknown"
"7014857",371856,2025-09-04 05:45:28,43.1712608337402,-8.4381046295166,"Unknown"
"7014857",371856,2025-09-04 05:50:30,43.1712265014648,-8.43812561035156,"Unknown"
"7014857",371856,2025-09-04 05:55:25,43.1713638305664,-8.4381217956543,"Unknown"
"7014857",371856,2025-09-04 06:00:33,43.1708946228027,-8.43828392028809,"Unknown"
"7014857",371856,2025-09-04 06:05:29,43.1710205078125,-8.43825244903564,"Unknown"
"7014857",371856,2025-09-04 06:10:29,43.1709251403809,-8.43819904327393,"Unknown"
"7014857",371856,2025-09-04 06:15:59,43.1709518432617,-8.43827533721924,"Unknown"
"7014857",371856,2025-09-04 06:20:25,43.170581817627,-8.43851470947266,"Unknown"
"7014857",371856,2025-09-04 06:25:26,43.1704521179199,-8.43869495391846,"Unknown"
"7014857",371856,2025-09-04 06:30:25,43.1707000732422,-8.43848609924316,"Unknown"
"7014857",371856,2025-09-04 06:35:25,43.1706237792969,-8.43847942352295,"Unknown"
"7014857",371856,2025-09-04 06:40:27,43.1705551147461,-8.43844604492188,"Unknown"
"7014857",371856,2025-09-04 06:45:25,43.1706390380859,-8.43853187561035,"Unknown"
"7014857",371856,2025-09-04 06:50:25,43.1707229614258,-8.43851852416992,"Unknown"
"7014857",371856,2025-09-04 06:55:26,43.1706695556641,-8.43859386444092,"Unknown"
"7014857",371856,2025-09-04 07:00:25,43.1722564697266,-8.44483280181885,"Unknown"
"7014857",371856,2025-09-04 07:05:26,43.1723899841309,-8.44491386413574,"Unknown"
"7014857",371856,2025-09-04 07:10:25,43.1723785400391,-8.4449634552002,"Unknown"
"7014857",371856,2025-09-04 07:15:26,43.1723098754883,-8.44499492645264,"Unknown"
"7014857",371856,2025-09-04 07:20:25,43.172248840332,-8.44485664367676,"Unknown"
"7014857",371856,2025-09-04 07:25:25,43.1721420288086,-8.44436454772949,"Unknown"
"7014857",371856,2025-09-04 07:30:26,43.1721611022949,-8.44437408447266,"Unknown"
"7014857",371856,2025-09-04 07:35:26,43.1721534729004,-8.44429397583008,"Unknown"
"7014857",371856,2025-09-04 07:40:26,43.1721725463867,-8.44433498382568,"Unknown"
"7014857",371856,2025-09-04 07:45:26,43.172248840332,-8.44437599182129,"Unknown"
"7014857",371856,2025-09-04 07:50:26,43.1722717285156,-8.44432258605957,"Unknown"
"7014857",371856,2025-09-04 07:55:44,43.1721382141113,-8.44432258605957,"Unknown"
"7014857",371856,2025-09-04 08:00:25,43.1721267700195,-8.4443359375,"Unknown"
"7014857",371856,2025-09-04 08:05:25,43.1721458435059,-8.44430255889893,"Unknown"
"7014857",371856,2025-09-04 08:10:26,43.1722526550293,-8.44419574737549,"Unknown"
"7014857",371856,2025-09-04 08:15:26,43.1721038818359,-8.44432163238525,"Unknown"
"7014857",371856,2025-09-04 08:20:27,43.1719741821289,-8.4444055557251,"Unknown"
"7014857",371856,2025-09-04 08:25:25,43.1719627380371,-8.44444179534912,"Unknown"
"7014857",371856,2025-09-04 08:30:27,43.1719284057617,-8.44441032409668,"Unknown"
"7014857",371856,2025-09-04 08:35:27,43.172061920166,-8.44445323944092,"Unknown"
"7014857",371856,2025-09-04 08:40:25,43.1720581054688,-8.44439697265625,"Unknown"
"7014857",371856,2025-09-04 08:45:29,43.1720733642578,-8.44431400299072,"Unknown"
"7014857",371856,2025-09-04 08:50:27,43.1720390319824,-8.44438076019287,"Unknown"
"7014857",371856,2025-09-04 08:55:29,43.1720237731934,-8.44442653656006,"Unknown"
"7014857",371856,2025-09-04 09:00:36,43.1721076965332,-8.44437789916992,"Unknown"
"7014857",371856,2025-09-04 09:05:26,43.1723556518555,-8.4449348449707,"Unknown"
"7014857",371856,2025-09-04 09:10:33,43.1723937988281,-8.44521999359131,"Unknown"
"7014857",371856,2025-09-04 09:15:31,43.1723976135254,-8.44516754150391,"Unknown"
"7014857",371856,2025-09-04 09:20:25,43.1726226806641,-8.44336032867432,"Unknown"
"7014857",371856,2025-09-04 09:25:35,43.1720848083496,-8.44470596313477,"Unknown"
"7014857",371856,2025-09-04 09:30:38,43.1720657348633,-8.44475269317627,"Unknown"
"7014857",371856,2025-09-04 09:35:38,43.1720314025879,-8.44471549987793,"Unknown"
"7014857",371856,2025-09-04 09:40:44,43.172046661377,-8.44466876983643,"Unknown"
"7014857",371856,2025-09-04 09:45:27,43.1720771789551,-8.44460582733154,"Unknown"
"7014857",371856,2025-09-04 09:50:29,43.1721000671387,-8.44475650787354,"Unknown"
"7014857",371856,2025-09-04 09:55:26,43.1720237731934,-8.44434928894043,"Unknown"
"7014857",371856,2025-09-04 10:00:26,43.1725769042969,-8.440354347229,"Unknown"
"7014857",371856,2025-09-04 10:05:27,43.1608505249023,-8.45450592041016,"Unknown"
"7014857",371856,2025-09-04 10:10:28,43.1398086547852,-8.46428680419922,"Unknown"
"7014857",371856,2025-09-04 10:15:26,43.1328964233398,-8.46844100952148,"Unknown"
"7014857",371856,2025-09-04 10:20:29,43.1330070495605,-8.46852874755859,"Unknown"
"7014857",371856,2025-09-04 10:25:29,43.133113861084,-8.4686393737793,"Unknown"
"7014857",371856,2025-09-04 10:30:45,43.1334915161133,-8.4690113067627,"Unknown"
"7014857",371856,2025-09-04 10:35:25,43.1334953308105,-8.46900844573975,"Unknown"
"7014857",371856,2025-09-04 10:40:25,43.1335754394531,-8.46891212463379,"Unknown"
"7014857",371856,2025-09-04 10:45:25,43.1334533691406,-8.4690990447998,"Unknown"
"7014857",371856,2025-09-04 10:50:27,43.1334800720215,-8.46901798248291,"Unknown"
"7014857",371856,2025-09-04 10:55:27,43.1334762573242,-8.46906757354736,"Unknown"
"7014857",371856,2025-09-04 11:00:27,43.1334266662598,-8.46902561187744,"Unknown"
"7014857",371856,2025-09-04 11:05:28,43.1333503723145,-8.46907138824463,"Unknown"
"7014857",371856,2025-09-04 11:10:28,43.1334609985352,-8.46909046173096,"Unknown"
"7014857",371856,2025-09-04 11:15:58,43.1333923339844,-8.46900177001953,"Unknown"
"7014857",371856,2025-09-04 11:20:25,43.1333160400391,-8.46936702728271,"Unknown"
"7014857",371856,2025-09-04 11:25:25,43.1306762695312,-8.47078990936279,"Unknown"
"7014857",371856,2025-09-04 11:30:26,43.1306304931641,-8.47095966339111,"Unknown"
"7014857",371856,2025-09-04 11:35:27,43.1306228637695,-8.47096252441406,"Unknown"
"7014857",371856,2025-09-04 11:40:28,43.1305694580078,-8.47101497650146,"Unknown"
"7014857",371856,2025-09-04 11:45:26,43.1308250427246,-8.47134876251221,"Unknown"
"7014857",371856,2025-09-04 11:50:28,43.1308479309082,-8.47138500213623,"Unknown"
"7014857",371856,2025-09-04 11:55:26,43.1308174133301,-8.4714469909668,"Unknown"
"7014857",371856,2025-09-04 12:00:25,43.1308631896973,-8.47142696380615,"Unknown"
"7014857",371856,2025-09-04 12:05:25,43.1307945251465,-8.47146129608154,"Unknown"
"7014857",371856,2025-09-04 12:10:25,43.1308212280273,-8.47144603729248,"Unknown"
"7014857",371856,2025-09-04 12:15:25,43.130859375,-8.47149181365967,"Unknown"
"7014857",371856,2025-09-04 12:21:05,43.1308288574219,-8.47148418426514,"Unknown"
"7014857",371856,2025-09-04 12:25:25,43.1308784484863,-8.47145557403564,"Unknown"
"7014857",371856,2025-09-04 12:30:27,43.1308708190918,-8.47151756286621,"Unknown"
"7014857",371856,2025-09-04 12:35:25,43.1309280395508,-8.47151184082031,"Unknown"
"7014857",371856,2025-09-04 12:40:25,43.1308898925781,-8.47153282165527,"Unknown"
"7014857",371856,2025-09-04 12:45:25,43.1308555603027,-8.47146606445312,"Unknown"
"7014857",371856,2025-09-04 12:50:28,43.1309127807617,-8.47155570983887,"Unknown"
"7014857",371856,2025-09-04 12:55:25,43.1300086975098,-8.47221851348877,"Unknown"
"7014857",371856,2025-09-04 13:00:25,43.1314430236816,-8.46868228912354,"Unknown"
"7014857",371856,2025-09-04 13:05:26,43.1303405761719,-8.46966171264648,"Unknown"
"7014857",371856,2025-09-04 13:10:28,43.1303215026855,-8.46970272064209,"Unknown"
"7014857",371856,2025-09-04 13:15:43,43.1303253173828,-8.46970748901367,"Unknown"
"7014857",371856,2025-09-04 13:20:26,43.1303367614746,-8.46969509124756,"Unknown"
"7014857",371856,2025-09-04 13:25:27,43.1303253173828,-8.46967124938965,"Unknown"
"7014857",371856,2025-09-04 13:30:26,43.1302947998047,-8.46959114074707,"Unknown"
"7014857",371856,2025-09-04 13:35:30,43.1306381225586,-8.46950626373291,"Unknown"
"7014857",371856,2025-09-04 13:40:29,43.1303291320801,-8.46965217590332,"Unknown"
"7014857",371856,2025-09-04 13:45:49,43.1309280395508,-8.47159671783447,"Unknown"
"7014857",371856,2025-09-04 13:50:44,43.1310119628906,-8.47154808044434,"Unknown"
"7014857",371856,2025-09-04 13:55:44,43.1310234069824,-8.47171306610107,"Unknown"
"7014857",371856,2025-09-04 14:00:30,43.1310005187988,-8.47170639038086,"Unknown"
"7014857",371856,2025-09-04 14:05:35,43.1310920715332,-8.471923828125,"Unknown"
"7014857",371856,2025-09-04 14:10:44,43.1310958862305,-8.47176361083984,"Unknown"
"7014857",371856,2025-09-04 14:15:31,43.1310348510742,-8.47161388397217,"Unknown"
"7014857",371856,2025-09-04 14:20:27,43.1297874450684,-8.46993160247803,"Unknown"
"7014857",371856,2025-09-04 14:25:26,43.1310195922852,-8.47231769561768,"Unknown"
"7014857",371856,2025-09-04 14:30:37,43.1298675537109,-8.47092914581299,"Unknown"
"7014857",371856,2025-09-04 14:35:29,43.1297874450684,-8.47071647644043,"Unknown"
"7014857",371856,2025-09-04 14:40:25,43.1298179626465,-8.47082710266113,"Unknown"
"7014857",371856,2025-09-04 14:45:59,43.129825592041,-8.47077655792236,"Unknown"
"7014857",371856,2025-09-04 14:50:25,43.1298179626465,-8.47074222564697,"Unknown"
"7014857",371856,2025-09-04 14:55:44,43.129768371582,-8.47054672241211,"Unknown"
"7014857",371856,2025-09-04 15:00:44,43.1296691894531,-8.4701509475708,"Unknown"
"7014857",371856,2025-09-04 15:05:28,43.1296882629395,-8.47045803070068,"Unknown"
"7014857",371856,2025-09-04 15:10:34,43.1295394897461,-8.46963882446289,"Unknown"
"7014857",371856,2025-09-04 15:15:27,43.1302375793457,-8.4700813293457,"Unknown"
"7014857",371856,2025-09-04 15:20:37,43.1300811767578,-8.46990394592285,"Unknown"
"7014857",371856,2025-09-04 15:25:26,43.1301803588867,-8.47006130218506,"Unknown"
"7014857",371856,2025-09-04 15:30:44,43.1301460266113,-8.47001552581787,"Unknown"
"7014857",371856,2025-09-04 15:35:25,43.1301307678223,-8.46998500823975,"Unknown"
"7014857",371856,2025-09-04 15:40:25,43.1301460266113,-8.47005558013916,"Unknown"
"7014857",371856,2025-09-04 15:45:30,43.1301422119141,-8.47004127502441,"Unknown"
"7014857",371856,2025-09-04 15:50:25,43.1300582885742,-8.46984004974365,"Unknown"
"7014857",371856,2025-09-04 15:55:44,43.130241394043,-8.47027969360352,"Unknown"
"7014857",371856,2025-09-04 16:00:25,43.1301460266113,-8.47000694274902,"Unknown"
"7014857",371856,2025-09-04 16:05:30,43.1302528381348,-8.4702091217041,"Unknown"
"7014857",371856,2025-09-04 16:10:29,43.1306495666504,-8.47084426879883,"Unknown"
"7014857",371856,2025-09-04 16:15:35,43.1307029724121,-8.47126007080078,"Unknown"
"7014857",371856,2025-09-04 16:20:25,43.1310424804688,-8.47189140319824,"Unknown"
"7014857",371856,2025-09-04 16:26:02,43.1305236816406,-8.47117519378662,"Unknown"
"7014857",371856,2025-09-04 16:30:29,43.1305313110352,-8.47139167785645,"Unknown"
"7014857",371856,2025-09-04 16:35:59,43.1305046081543,-8.47155570983887,"Unknown"
"7014857",371856,2025-09-04 16:40:31,43.1307716369629,-8.47140407562256,"Unknown"
"7014857",371856,2025-09-04 16:45:59,43.1308250427246,-8.47160243988037,"Unknown"
"7014857",371856,2025-09-04 16:50:27,43.1303939819336,-8.47180652618408,"Unknown"
"7014857",371856,2025-09-04 16:55:26,43.1310386657715,-8.47137355804443,"Unknown"
"7014857",371856,2025-09-04 17:00:36,43.1300506591797,-8.46998119354248,"Unknown"
"7014857",371856,2025-09-04 17:05:37,43.1300201416016,-8.47001457214355,"Unknown"
"7014857",371856,2025-09-04 17:10:36,43.1300888061523,-8.47007656097412,"Unknown"
"7014857",371856,2025-09-04 17:15:39,43.1297950744629,-8.47103786468506,"Unknown"
"7014857",371856,2025-09-04 17:20:35,43.1295776367188,-8.47112274169922,"Unknown"
"7014857",371856,2025-09-04 17:25:33,43.1295967102051,-8.47111988067627,"Unknown"
"7014857",371856,2025-09-04 17:31:00,43.1296806335449,-8.47071266174316,"Unknown"
"7014857",371856,2025-09-04 17:35:39,43.1296615600586,-8.47067356109619,"Unknown"
"7014857",371856,2025-09-04 17:40:28,43.1296043395996,-8.47065448760986,"Unknown"
"7014857",371856,2025-09-04 17:45:27,43.1298675537109,-8.47077178955078,"Unknown"
"7014857",371856,2025-09-04 17:50:44,43.1296234130859,-8.47068691253662,"Unknown"
"7014857",371856,2025-09-04 17:55:34,43.129753112793,-8.47067356109619,"Unknown"
"7014857",371856,2025-09-04 18:00:35,43.1296539306641,-8.47063636779785,"Unknown"
"7014857",371856,2025-09-04 18:05:33,43.1298980712891,-8.47066211700439,"Unknown"
"7014857",371856,2025-09-04 18:11:05,43.1297607421875,-8.47070693969727,"Unknown"
"7014857",371856,2025-09-04 18:16:05,43.1302070617676,-8.47048854827881,"Unknown"
"7014857",371856,2025-09-04 18:20:25,43.1305847167969,-8.47085571289062,"Unknown"
"7014857",371856,2025-09-04 18:25:29,43.1307640075684,-8.47086524963379,"Unknown"
"7014857",371856,2025-09-04 18:30:27,43.1306838989258,-8.47088241577148,"Unknown"
"7014857",371856,2025-09-04 18:35:25,43.130672454834,-8.47086238861084,"Unknown"
"7014857",371856,2025-09-04 18:40:27,43.1306533813477,-8.4708890914917,"Unknown"
"7014857",371856,2025-09-04 18:46:05,43.1306533813477,-8.47082424163818,"Unknown"
"7014857",371856,2025-09-04 18:50:29,43.1306419372559,-8.47090530395508,"Unknown"
"7014857",371856,2025-09-04 18:55:25,43.1333084106445,-8.46928882598877,"Unknown"
"7014857",371856,2025-09-04 19:00:29,43.1333503723145,-8.46921920776367,"Unknown"
"7014857",371856,2025-09-04 19:05:25,43.1306686401367,-8.47042369842529,"Unknown"
"7014857",371856,2025-09-04 19:10:25,43.1512680053711,-8.46471118927002,"Unknown"
"7014857",371856,2025-09-04 19:15:25,43.1713447570801,-8.4450101852417,"Unknown"
"7014857",371856,2025-09-04 19:20:26,43.1712341308594,-8.43820858001709,"Unknown"
"7014857",371856,2025-09-04 19:25:26,43.1711235046387,-8.43828201293945,"Unknown"
"7014857",371856,2025-09-04 19:30:26,43.1715354919434,-8.43824577331543,"Unknown"
"7014857",371856,2025-09-04 19:35:26,43.1714973449707,-8.43850517272949,"Unknown"
"7014857",371856,2025-09-04 19:41:57,43.171501159668,-8.43866729736328,"Unknown"
"7014857",371856,2025-09-05 00:42:29,43.1714935302734,-8.43910026550293,"Unknown"
"7014857",371856,2025-09-05 04:22:05,43.1715850830078,-8.4390344619751,"Unknown"
"7014857",371856,2025-09-05 04:27:01,43.1718788146973,-8.43920135498047,"Unknown"
"7014857",371856,2025-09-05 04:31:58,43.1714401245117,-8.43902492523193,"Unknown"
"7014857",371856,2025-09-05 04:37:01,43.1714019775391,-8.43928241729736,"Unknown"
"7014857",371856,2025-09-05 04:42:01,43.1716918945312,-8.43878555297852,"Unknown"
"7014857",371856,2025-09-05 04:47:15,43.1715621948242,-8.43888187408447,"Unknown"
"7014857",371856,2025-09-05 04:52:01,43.1715850830078,-8.43882083892822,"Unknown"
"7014857",371856,2025-09-05 04:57:01,43.1716804504395,-8.43876647949219,"Unknown"
"7014857",371856,2025-09-05 05:02:01,43.1716384887695,-8.43875694274902,"Unknown"
"7014857",371856,2025-09-05 05:07:01,43.1716117858887,-8.43878746032715,"Unknown"
"7014857",371856,2025-09-05 05:12:01,43.1717948913574,-8.43878650665283,"Unknown"
"7014857",371856,2025-09-05 05:17:01,43.171573638916,-8.43897438049316,"Unknown"
"7014857",371856,2025-09-05 05:21:58,43.172306060791,-8.438551902771,"Unknown"
"7014857",371856,2025-09-05 05:26:58,43.1717109680176,-8.43877601623535,"Unknown"
"7014857",371856,2025-09-05 05:32:14,43.1721458435059,-8.43863677978516,"Unknown"
"7014857",371856,2025-09-05 05:37:01,43.17236328125,-8.43874549865723,"Unknown"
"7014857",371856,2025-09-05 05:42:15,43.1715698242188,-8.43863105773926,"Unknown"
"7014857",371856,2025-09-05 05:47:01,43.1715507507324,-8.43889141082764,"Unknown"
"7014857",371856,2025-09-05 05:52:06,43.1720085144043,-8.43874931335449,"Unknown"
"7014857",371856,2025-09-05 05:56:57,43.1715812683105,-8.43902778625488,"Unknown"
"7014857",371856,2025-09-05 06:01:56,43.1712646484375,-8.43897151947021,"Unknown"
"7014857",371856,2025-09-05 06:07:02,43.1713714599609,-8.43896293640137,"Unknown"
"7014857",371856,2025-09-05 06:12:11,43.1711845397949,-8.43893909454346,"Unknown"
"7014857",371856,2025-09-05 06:17:07,43.17138671875,-8.43904495239258,"Unknown"
"7014857",371856,2025-09-05 06:22:15,43.1697082519531,-8.43784046173096,"Unknown"
"7014857",371856,2025-09-05 06:27:14,43.1692657470703,-8.43776321411133,"Unknown"
"7014857",371856,2025-09-05 06:32:12,43.1687850952148,-8.43768787384033,"Unknown"
"7014857",371856,2025-09-05 06:37:01,43.1701126098633,-8.44504737854004,"Unknown"
"7014857",371856,2025-09-05 06:42:10,43.170352935791,-8.44501876831055,"Unknown"
"7014857",371856,2025-09-05 06:47:14,43.1702156066895,-8.4450101852417,"Unknown"
"7014857",371856,2025-09-05 06:52:01,43.1703491210938,-8.44497871398926,"Unknown"
"7014857",371856,2025-09-05 06:57:01,43.170482635498,-8.44541645050049,"Unknown"
"7014857",371856,2025-09-05 07:02:35,43.1709632873535,-8.44552612304688,"Unknown"
"7014857",371856,2025-09-05 07:06:52,43.171070098877,-8.44564819335938,"Unknown"
"7014857",371856,2025-09-05 07:11:53,43.1709175109863,-8.44589710235596,"Unknown"
"7014857",371856,2025-09-05 07:16:52,43.1710052490234,-8.44596576690674,"Unknown"
"7014857",371856,2025-09-05 07:21:52,43.1709861755371,-8.44595623016357,"Unknown"
"7014857",371856,2025-09-05 07:26:55,43.1709327697754,-8.44611740112305,"Unknown"
"7014857",371856,2025-09-05 07:31:53,43.171012878418,-8.44609451293945,"Unknown"
"7014857",371856,2025-09-05 07:36:53,43.1708717346191,-8.44607830047607,"Unknown"
"7014857",371856,2025-09-05 07:41:53,43.1710433959961,-8.44601821899414,"Unknown"
"7014857",371856,2025-09-05 07:46:54,43.1709823608398,-8.44606399536133,"Unknown"
"7014857",371856,2025-09-05 07:51:55,43.1709671020508,-8.44614887237549,"Unknown"
"7014857",371856,2025-09-05 07:56:53,43.1709899902344,-8.44605445861816,"Unknown"
"7014857",371856,2025-09-05 08:01:53,43.1710052490234,-8.44609642028809,"Unknown"
"7014857",371856,2025-09-05 08:06:53,43.1705093383789,-8.4462947845459,"Unknown"
"7014857",371856,2025-09-05 08:11:53,43.1705741882324,-8.44631767272949,"Unknown"
"7014857",371856,2025-09-05 08:16:53,43.1705894470215,-8.44624996185303,"Unknown"
"7014857",371856,2025-09-05 08:21:53,43.1704330444336,-8.44627952575684,"Unknown"
"7014857",371856,2025-09-05 08:26:53,43.1704902648926,-8.44624328613281,"Unknown"
"7014857",371856,2025-09-05 08:31:53,43.1704750061035,-8.44631290435791,"Unknown"
"7014857",371856,2025-09-05 08:36:52,43.1704978942871,-8.44629287719727,"Unknown"
"7014857",371856,2025-09-05 08:41:53,43.1705055236816,-8.44623851776123,"Unknown"
"7014857",371856,2025-09-05 08:46:56,43.1705207824707,-8.44601154327393,"Unknown"
"7014857",371856,2025-09-05 08:51:53,43.1704292297363,-8.44619750976562,"Unknown"
"7014857",371856,2025-09-05 08:56:52,43.1705017089844,-8.44604587554932,"Unknown"
"7014857",371856,2025-09-05 09:01:53,43.170581817627,-8.44618797302246,"Unknown"
"7014857",371856,2025-09-05 09:06:53,43.1706275939941,-8.44616031646729,"Unknown"
"7014857",371856,2025-09-05 09:11:53,43.1705017089844,-8.44613075256348,"Unknown"
"7014857",371856,2025-09-05 09:16:53,43.1705284118652,-8.44613647460938,"Unknown"
"7014857",371856,2025-09-05 09:21:53,43.1704444885254,-8.44608402252197,"Unknown"
"7014857",371856,2025-09-05 09:26:55,43.1704483032227,-8.44606304168701,"Unknown"
"7014857",371856,2025-09-05 09:31:55,43.1705322265625,-8.44613075256348,"Unknown"
"7014857",371856,2025-09-05 09:36:53,43.1704521179199,-8.44602584838867,"Unknown"
"7014857",371856,2025-09-05 09:41:53,43.1706581115723,-8.44638156890869,"Unknown"
"7014857",371856,2025-09-05 09:46:54,43.1715469360352,-8.44670009613037,"Unknown"
"7014857",371856,2025-09-05 09:51:53,43.1711578369141,-8.44741630554199,"Unknown"
"7014857",371856,2025-09-05 09:56:53,43.1706390380859,-8.45045280456543,"Unknown"
"7014857",371856,2025-09-05 10:01:53,43.1474990844727,-8.46199417114258,"Unknown"
"7014857",371856,2025-09-05 10:06:59,43.130126953125,-8.46999073028564,"Unknown"
"7014857",371856,2025-09-05 10:11:54,43.1301651000977,-8.47057628631592,"Unknown"
"7014857",371856,2025-09-05 10:16:54,43.1305274963379,-8.47018623352051,"Unknown"
"7014857",371856,2025-09-05 10:21:54,43.1303672790527,-8.47082901000977,"Unknown"
"7014857",371856,2025-09-05 10:26:54,43.1305198669434,-8.47128963470459,"Unknown"
"7014857",371856,2025-09-05 10:31:56,43.1305236816406,-8.47147083282471,"Unknown"
"7014857",371856,2025-09-05 10:36:55,43.1306266784668,-8.47128105163574,"Unknown"
"7014857",371856,2025-09-05 10:41:54,43.1306686401367,-8.4709300994873,"Unknown"
"7014857",371856,2025-09-05 10:46:57,43.1315002441406,-8.46897125244141,"Unknown"
"7014857",371856,2025-09-05 10:51:55,43.1319274902344,-8.46842384338379,"Unknown"
"7014857",371856,2025-09-05 10:56:55,43.1321716308594,-8.46914482116699,"Unknown"
"7014857",371856,2025-09-05 11:02:01,43.1318778991699,-8.46845817565918,"Unknown"
"7014857",371856,2025-09-05 11:06:55,43.1319313049316,-8.46868133544922,"Unknown"
"7014857",371856,2025-09-05 11:11:54,43.1319923400879,-8.46826934814453,"Unknown"
"7014857",371856,2025-09-05 11:16:53,43.1321029663086,-8.46864223480225,"Unknown"
"7014857",371856,2025-09-05 11:21:56,43.1318588256836,-8.46872234344482,"Unknown"
"7014857",371856,2025-09-05 11:27:01,43.1318855285645,-8.46871471405029,"Unknown"
"7014857",371856,2025-09-05 11:31:54,43.1317863464355,-8.46860790252686,"Unknown"
"7014857",371856,2025-09-05 11:36:54,43.1318855285645,-8.46860027313232,"Unknown"
"7014857",371856,2025-09-05 11:41:55,43.1318626403809,-8.46878337860107,"Unknown"
"7014857",371856,2025-09-05 11:46:54,43.1319961547852,-8.46855735778809,"Unknown"
"7014857",371856,2025-09-05 11:51:54,43.1306266784668,-8.47110366821289,"Unknown"
"7014857",371856,2025-09-05 11:56:53,43.1304359436035,-8.47100448608398,"Unknown"
"7014857",371856,2025-09-05 12:01:54,43.1305541992188,-8.47117614746094,"Unknown"
"7014857",371856,2025-09-05 12:06:54,43.1305656433105,-8.47108840942383,"Unknown"
"7014857",371856,2025-09-05 12:11:56,43.1305274963379,-8.47115135192871,"Unknown"
"7014857",371856,2025-09-05 12:16:54,43.1305122375488,-8.47129821777344,"Unknown"
"7014857",371856,2025-09-05 12:21:54,43.1304016113281,-8.47142219543457,"Unknown"
"7014857",371856,2025-09-05 12:26:54,43.1304397583008,-8.47119045257568,"Unknown"
"7014857",371856,2025-09-05 12:31:54,43.1303634643555,-8.47068309783936,"Unknown"
"7014857",371856,2025-09-05 12:36:55,43.1300888061523,-8.47058773040771,"Unknown"
"7014857",371856,2025-09-05 12:41:54,43.1301574707031,-8.47069358825684,"Unknown"
"7014857",371856,2025-09-05 12:46:54,43.1301727294922,-8.47071075439453,"Unknown"
"7014857",371856,2025-09-05 12:51:54,43.1302108764648,-8.47071933746338,"Unknown"
"7014857",371856,2025-09-05 12:56:54,43.1300621032715,-8.47080039978027,"Unknown"
"7014857",371856,2025-09-05 13:01:55,43.1299705505371,-8.47040939331055,"Unknown"
"7014857",371856,2025-09-05 13:06:54,43.1301765441895,-8.4706859588623,"Unknown"
"7014857",371856,2025-09-05 13:11:54,43.1301002502441,-8.47057151794434,"Unknown"
"7014857",371856,2025-09-05 13:16:57,43.1300201416016,-8.4704647064209,"Unknown"
"7014857",371856,2025-09-05 13:21:54,43.1301345825195,-8.47062587738037,"Unknown"
"7014857",371856,2025-09-05 13:26:54,43.1302146911621,-8.47070026397705,"Unknown"
"7014857",371856,2025-09-05 13:31:54,43.1302871704102,-8.47053337097168,"Unknown"
"7014857",371856,2025-09-05 13:36:54,43.1303329467773,-8.47056007385254,"Unknown"
"7014857",371856,2025-09-05 13:41:54,43.1301116943359,-8.47079086303711,"Unknown"
"7014857",371856,2025-09-05 13:46:54,43.1304092407227,-8.47073364257812,"Unknown"
"7014857",371856,2025-09-05 13:51:54,43.1303939819336,-8.47077941894531,"Unknown"
"7014857",371856,2025-09-05 13:56:54,43.129997253418,-8.47103214263916,"Unknown"
"7014857",371856,2025-09-05 14:01:55,43.131534576416,-8.4692440032959,"Unknown"
"7014857",371856,2025-09-05 14:06:56,43.1320915222168,-8.46872615814209,"Unknown"
"7014857",371856,2025-09-05 14:11:55,43.1320762634277,-8.46889114379883,"Unknown"
"7014857",371856,2025-09-05 14:16:55,43.1320533752441,-8.46894645690918,"Unknown"
"7014857",371856,2025-09-05 14:21:57,43.1324462890625,-8.46866607666016,"Unknown"
"7014857",371856,2025-09-05 14:27:04,43.1309089660645,-8.47122097015381,"Unknown"
"7014857",371856,2025-09-05 14:31:55,43.1303329467773,-8.4706392288208,"Unknown"
"7014857",371856,2025-09-05 14:36:55,43.13037109375,-8.47053050994873,"Unknown"
"7014857",371856,2025-09-05 14:41:57,43.13037109375,-8.47054290771484,"Unknown"
"7014857",371856,2025-09-05 14:46:56,43.1303634643555,-8.47050285339355,"Unknown"
"7014857",371856,2025-09-05 14:51:56,43.1303863525391,-8.47055625915527,"Unknown"
"7014857",371856,2025-09-05 14:56:56,43.1303520202637,-8.47057247161865,"Unknown"
"7014857",371856,2025-09-05 15:01:56,43.1304016113281,-8.47061061859131,"Unknown"
"7014857",371856,2025-09-05 15:06:57,43.1302947998047,-8.47052383422852,"Unknown"
"7014857",371856,2025-09-05 15:11:56,43.1302757263184,-8.4704475402832,"Unknown"
"7014857",371856,2025-09-05 15:16:56,43.1302337646484,-8.47036361694336,"Unknown"
"7014857",371856,2025-09-05 15:21:59,43.1308975219727,-8.47171878814697,"Unknown"
"7014857",371856,2025-09-05 15:27:05,43.1316833496094,-8.46952533721924,"Unknown"
"7014857",371856,2025-09-05 15:31:58,43.1323890686035,-8.46819114685059,"Unknown"
"7014857",371856,2025-09-05 15:36:56,43.1323013305664,-8.46866512298584,"Unknown"
"7014857",371856,2025-09-05 15:41:57,43.1321868896484,-8.46854496002197,"Unknown"
"7014857",371856,2025-09-05 15:46:56,43.1321907043457,-8.46852016448975,"Unknown"
"7014857",371856,2025-09-05 15:51:57,43.1327018737793,-8.46902370452881,"Unknown"
"7014857",371856,2025-09-05 15:56:58,43.1327857971191,-8.46919631958008,"Unknown"
"7014857",371856,2025-09-05 16:02:01,43.1325645446777,-8.46898651123047,"Unknown"
"7014857",371856,2025-09-05 16:07:01,43.1326179504395,-8.46907329559326,"Unknown"
"7014857",371856,2025-09-05 16:11:58,43.1327896118164,-8.46919631958008,"Unknown"
"7014857",371856,2025-09-05 16:16:56,43.1329193115234,-8.46924304962158,"Unknown"
"7014857",371856,2025-09-05 16:21:57,43.1328964233398,-8.46918392181396,"Unknown"
"7014857",371856,2025-09-05 16:26:58,43.1328125,-8.46910953521729,"Unknown"
"7014857",371856,2025-09-05 16:31:56,43.1328315734863,-8.46911334991455,"Unknown"
"7014857",371856,2025-09-05 16:36:56,43.1327781677246,-8.46903324127197,"Unknown"
"7014857",371856,2025-09-05 16:41:58,43.1326789855957,-8.46888160705566,"Unknown"
"7014857",371856,2025-09-05 16:46:57,43.1328544616699,-8.46916198730469,"Unknown"
"7014857",371856,2025-09-05 16:51:59,43.1325645446777,-8.46886253356934,"Unknown"
"7014857",371856,2025-09-05 16:56:58,43.132568359375,-8.46862506866455,"Unknown"
"7014857",371856,2025-09-05 17:01:57,43.1326065063477,-8.46866512298584,"Unknown"
"7014857",371856,2025-09-05 17:06:57,43.1326522827148,-8.46879482269287,"Unknown"
"7014857",371856,2025-09-05 17:11:58,43.1325912475586,-8.46856498718262,"Unknown"
"7014857",371856,2025-09-05 17:16:56,43.132640838623,-8.46857070922852,"Unknown"
"7014857",371856,2025-09-05 17:21:56,43.132568359375,-8.46847629547119,"Unknown"
"7014857",371856,2025-09-05 17:26:59,43.1327056884766,-8.46867847442627,"Unknown"
"7014857",371856,2025-09-05 17:31:58,43.132266998291,-8.46958351135254,"Unknown"
"7014857",371856,2025-09-05 17:36:57,43.1328811645508,-8.46912956237793,"Unknown"
"7014857",371856,2025-09-05 17:41:59,43.1324920654297,-8.46909618377686,"Unknown"
"7014857",371856,2025-09-05 17:46:58,43.132999420166,-8.46926021575928,"Unknown"
"7014857",371856,2025-09-05 17:51:56,43.132755279541,-8.46911716461182,"Unknown"
"7014857",371856,2025-09-05 17:56:56,43.1325569152832,-8.46954917907715,"Unknown"
"7014857",371856,2025-09-05 18:01:56,43.1327171325684,-8.46946334838867,"Unknown"
"7014857",371856,2025-09-05 18:06:56,43.1327285766602,-8.4694128036499,"Unknown"
"7014857",371856,2025-09-05 18:11:57,43.1326942443848,-8.46943187713623,"Unknown"
"7014857",371856,2025-09-05 18:16:56,43.1327362060547,-8.46943187713623,"Unknown"
"7014857",371856,2025-09-05 18:21:59,43.1327896118164,-8.46919918060303,"Unknown"
"7014857",371856,2025-09-05 18:26:55,43.1328392028809,-8.46935081481934,"Unknown"
"7014857",371856,2025-09-05 18:32:04,43.1329574584961,-8.46944427490234,"Unknown"
"7014857",371856,2025-09-05 18:36:55,43.1329612731934,-8.46951198577881,"Unknown"
"7014857",371856,2025-09-05 18:41:55,43.1328926086426,-8.46956157684326,"Unknown"
"7014857",371856,2025-09-05 18:46:58,43.1329956054688,-8.46950149536133,"Unknown"
"7014857",371856,2025-09-05 18:52:30,43.1329116821289,-8.46953010559082,"Unknown"
"7014857",371856,2025-09-05 18:57:00,43.1331977844238,-8.46936798095703,"Unknown"
"7014857",371856,2025-09-05 19:01:55,43.1329116821289,-8.46944808959961,"Unknown"
"7014857",371856,2025-09-05 19:06:54,43.1328620910645,-8.46955585479736,"Unknown"
"7014857",371856,2025-09-05 19:11:54,43.1329116821289,-8.46953201293945,"Unknown"
"7014857",371856,2025-09-05 19:16:54,43.1461334228516,-8.46380043029785,"Unknown"
"7014857",371856,2025-09-05 19:21:55,43.1691513061523,-8.44826412200928,"Unknown"
"7014857",371856,2025-09-05 19:26:54,43.1710662841797,-8.43811130523682,"Unknown"
"7014857",371856,2025-09-05 19:32:00,43.1710777282715,-8.43806076049805,"Unknown"
"7014857",371856,2025-09-05 19:36:57,43.1713180541992,-8.43840599060059,"Unknown"
"7014857",371856,2025-09-05 19:40:07,43.1714668273926,-8.43846607208252,"Unknown"
"7014857",371856,2025-09-06 00:40:20,43.1706504821777,-8.44012355804443,"Unknown"
"7014857",371856,2025-09-06 04:23:25,43.1718368530273,-8.44029903411865,"Unknown"
"7014857",371856,2025-09-06 04:28:23,43.1701164245605,-8.43982124328613,"Unknown"
"7014857",371856,2025-09-06 04:33:18,43.1690788269043,-8.438401222229,"Unknown"
"7014857",371856,2025-09-06 04:38:18,43.170955657959,-8.43920803070068,"Unknown"
"7014857",371856,2025-09-06 04:43:18,43.1710891723633,-8.43920040130615,"Unknown"
"7014857",371856,2025-09-06 04:48:24,43.1711502075195,-8.43924617767334,"Unknown"
"7014857",371856,2025-09-06 04:53:45,43.1713790893555,-8.43962383270264,"Unknown"
"7014857",371856,2025-09-06 04:58:19,43.1712417602539,-8.43946743011475,"Unknown"
"7014857",371856,2025-09-06 05:03:17,43.1713790893555,-8.43929576873779,"Unknown"
"7014857",371856,2025-09-06 05:08:23,43.1716041564941,-8.43940258026123,"Unknown"
"7014857",371856,2025-09-06 05:13:17,43.1712341308594,-8.43950366973877,"Unknown"
"7014857",371856,2025-09-06 05:18:17,43.1713943481445,-8.43971920013428,"Unknown"
"7014857",371856,2025-09-06 05:23:19,43.1717262268066,-8.43976402282715,"Unknown"
"7014857",371856,2025-09-06 05:28:17,43.1713371276855,-8.43936252593994,"Unknown"
"7014857",371856,2025-09-06 05:33:18,43.171516418457,-8.43934535980225,"Unknown"
"7014857",371856,2025-09-06 05:38:17,43.1709403991699,-8.44016742706299,"Unknown"
"7014857",371856,2025-09-06 05:43:17,43.1702613830566,-8.44000911712646,"Unknown"
"7014857",371856,2025-09-06 05:48:18,43.1701812744141,-8.43944549560547,"Unknown"
"7014857",371856,2025-09-06 05:53:20,43.1709938049316,-8.4382495880127,"Unknown"
"7014857",371856,2025-09-06 05:58:17,43.1704216003418,-8.43795490264893,"Unknown"
"7014857",371856,2025-09-06 06:03:20,43.1705932617188,-8.43809986114502,"Unknown"
"7014857",371856,2025-09-06 06:08:22,43.1705551147461,-8.43811511993408,"Unknown"
"7014857",371856,2025-09-06 06:13:25,43.1706161499023,-8.43817520141602,"Unknown"
"7014857",371856,2025-09-06 06:18:18,43.1701774597168,-8.43776416778564,"Unknown"
"7014857",371856,2025-09-06 06:23:19,43.1703186035156,-8.43792819976807,"Unknown"
"7014857",371856,2025-09-06 06:28:19,43.1706275939941,-8.43831253051758,"Unknown"
"7014857",371856,2025-09-06 06:33:18,43.1705055236816,-8.43816757202148,"Unknown"
"7014857",371856,2025-09-06 06:38:22,43.170711517334,-8.43823719024658,"Unknown"
"7014857",371856,2025-09-06 06:43:17,43.1710510253906,-8.44635581970215,"Unknown"
"7014857",371856,2025-09-06 06:48:25,43.1706123352051,-8.44628620147705,"Unknown"
"7014857",371856,2025-09-06 06:53:19,43.1707000732422,-8.44630241394043,"Unknown"
"7014857",371856,2025-09-06 06:58:18,43.1708335876465,-8.44628047943115,"Unknown"
"7014857",371856,2025-09-06 07:03:22,43.1709060668945,-8.44625091552734,"Unknown"
"7014857",371856,2025-09-06 07:08:18,43.1708755493164,-8.44630718231201,"Unknown"
"7014857",371856,2025-09-06 07:13:22,43.1706123352051,-8.44615459442139,"Unknown"
"7014857",371856,2025-09-06 07:18:23,43.1707420349121,-8.44622325897217,"Unknown"
"7014857",371856,2025-09-06 07:23:20,43.1706886291504,-8.44620800018311,"Unknown"
"7014857",371856,2025-09-06 07:28:19,43.1708297729492,-8.44641208648682,"Unknown"
"7014857",371856,2025-09-06 07:33:23,43.1709213256836,-8.44637012481689,"Unknown"
"7014857",371856,2025-09-06 07:38:20,43.1709175109863,-8.4464111328125,"Unknown"
"7014857",371856,2025-09-06 07:43:20,43.1710357666016,-8.44641590118408,"Unknown"
"7014857",371856,2025-09-06 07:48:27,43.1710472106934,-8.4463472366333,"Unknown"
"7014857",371856,2025-09-06 07:53:22,43.1707916259766,-8.4464111328125,"Unknown"
"7014857",371856,2025-09-06 07:58:19,43.1671409606934,-8.45372295379639,"Unknown"
"7014857",371856,2025-09-06 08:03:20,43.1508750915527,-8.46040725708008,"Unknown"
"7014857",371856,2025-09-06 08:08:22,43.1326026916504,-8.46923732757568,"Unknown"
"7014857",371856,2025-09-06 08:13:44,43.1322784423828,-8.46850490570068,"Unknown"
"7014857",371856,2025-09-06 08:18:23,43.130500793457,-8.47105121612549,"Unknown"
"7014857",371856,2025-09-06 08:23:20,43.130687713623,-8.47082424163818,"Unknown"
"7014857",371856,2025-09-06 08:28:18,43.1307258605957,-8.47079181671143,"Unknown"
"7014857",371856,2025-09-06 08:33:18,43.1307640075684,-8.47082424163818,"Unknown"
"7014857",371856,2025-09-06 08:38:19,43.130744934082,-8.47087669372559,"Unknown"
"7014857",371856,2025-09-06 08:43:24,43.1305618286133,-8.47090721130371,"Unknown"
"7014857",371856,2025-09-06 08:48:31,43.1301803588867,-8.47090148925781,"Unknown"
"7014857",371856,2025-09-06 08:54:05,43.1329956054688,-8.47072219848633,"Unknown"
"7014857",371856,2025-09-06 08:58:23,43.1330986022949,-8.47048950195312,"Unknown"
"7014857",371856,2025-09-06 09:03:36,43.1331367492676,-8.47041988372803,"Unknown"
"7014857",371856,2025-09-06 09:08:44,43.133113861084,-8.47011947631836,"Unknown"
"7014857",371856,2025-09-06 09:13:24,43.1331825256348,-8.46992588043213,"Unknown"
"7014857",371856,2025-09-06 09:18:31,43.1329154968262,-8.47007369995117,"Unknown"
"7014857",371856,2025-09-06 09:23:23,43.1330451965332,-8.46995544433594,"Unknown"
"7014857",371856,2025-09-06 09:28:22,43.1329917907715,-8.4699821472168,"Unknown"
"7014857",371856,2025-09-06 09:33:19,43.1306343078613,-8.47098350524902,"Unknown"
"7014857",371856,2025-09-06 09:38:17,43.1308937072754,-8.47105503082275,"Unknown"
"7014857",371856,2025-09-06 09:43:20,43.1306304931641,-8.47092533111572,"Unknown"
"7014857",371856,2025-09-06 09:48:18,43.130931854248,-8.47104072570801,"Unknown"
"7014857",371856,2025-09-06 09:53:31,43.1304206848145,-8.47085571289062,"Unknown"
"7014857",371856,2025-09-06 09:58:19,43.1317977905273,-8.46953201293945,"Unknown"
"7014857",371856,2025-09-06 10:03:33,43.1317481994629,-8.46908378601074,"Unknown"
"7014857",371856,2025-09-06 10:08:18,43.1316108703613,-8.46894454956055,"Unknown"
"7014857",371856,2025-09-06 10:13:23,43.1318511962891,-8.4691801071167,"Unknown"
"7014857",371856,2025-09-06 10:18:20,43.1317481994629,-8.4690465927124,"Unknown"
"7014857",371856,2025-09-06 10:23:20,43.1317100524902,-8.46904277801514,"Unknown"
"7014857",371856,2025-09-06 10:28:23,43.1317939758301,-8.46903228759766,"Unknown"
"7014857",371856,2025-09-06 10:33:25,43.1318321228027,-8.46910095214844,"Unknown"
"7014857",371856,2025-09-06 10:38:25,43.1318359375,-8.46913528442383,"Unknown"
"7014857",371856,2025-09-06 10:43:27,43.1318206787109,-8.46912097930908,"Unknown"
"7014857",371856,2025-09-06 10:48:32,43.1323699951172,-8.46952342987061,"Unknown"
"7014857",371856,2025-09-06 10:53:16,43.1323661804199,-8.46959018707275,"Unknown"
"7014857",371856,2025-09-06 10:58:17,43.1323776245117,-8.46957778930664,"Unknown"
"7014857",371856,2025-09-06 11:03:16,43.1324043273926,-8.46951103210449,"Unknown"
"7014857",371856,2025-09-06 11:08:16,43.1323928833008,-8.46948051452637,"Unknown"
"7014857",371856,2025-09-06 11:13:16,43.1324005126953,-8.46960926055908,"Unknown"
"7014857",371856,2025-09-06 11:18:17,43.1323852539062,-8.46957588195801,"Unknown"
"7014857",371856,2025-09-06 11:23:16,43.132438659668,-8.46968746185303,"Unknown"
"7014857",371856,2025-09-06 11:28:20,43.1321449279785,-8.46907711029053,"Unknown"
"7014857",371856,2025-09-06 11:33:17,43.1321105957031,-8.46899795532227,"Unknown"
"7014857",371856,2025-09-06 11:38:17,43.1321067810059,-8.46896171569824,"Unknown"
"7014857",371856,2025-09-06 11:43:17,43.1321907043457,-8.46906661987305,"Unknown"
"7014857",371856,2025-09-06 11:48:17,43.1318435668945,-8.46875381469727,"Unknown"
"7014857",371856,2025-09-06 11:53:18,43.1317672729492,-8.46890354156494,"Unknown"
"7014857",371856,2025-09-06 11:58:17,43.1316757202148,-8.46873378753662,"Unknown"
"7014857",371856,2025-09-06 12:03:20,43.1318855285645,-8.46879196166992,"Unknown"
"7014857",371856,2025-09-06 12:08:18,43.1318550109863,-8.46897506713867,"Unknown"
"7014857",371856,2025-09-06 12:13:17,43.1317863464355,-8.46884155273438,"Unknown"
"7014857",371856,2025-09-06 12:18:19,43.1316452026367,-8.46884346008301,"Unknown"
"7014857",371856,2025-09-06 12:23:23,43.1318740844727,-8.46878910064697,"Unknown"
"7014857",371856,2025-09-06 12:28:20,43.1317367553711,-8.46891784667969,"Unknown"
"7014857",371856,2025-09-06 12:33:23,43.1317672729492,-8.46888637542725,"Unknown"
"7014857",371856,2025-09-06 12:38:23,43.1317405700684,-8.46889114379883,"Unknown"
"7014857",371856,2025-09-06 12:43:25,43.1321067810059,-8.46866416931152,"Unknown"
"7014857",371856,2025-09-06 12:48:25,43.1321754455566,-8.46890830993652,"Unknown"
"7014857",371856,2025-09-06 12:53:25,43.1320343017578,-8.46872615814209,"Unknown"
"7014857",371856,2025-09-06 12:58:34,43.1319389343262,-8.4688024520874,"Unknown"
"7014857",371856,2025-09-06 13:03:17,43.1317825317383,-8.46947765350342,"Unknown"
"7014857",371856,2025-09-06 13:08:22,43.1318244934082,-8.46881484985352,"Unknown"
"7014857",371856,2025-09-06 13:13:23,43.1317405700684,-8.46898937225342,"Unknown"
"7014857",371856,2025-09-06 13:18:19,43.1336402893066,-8.46920871734619,"Unknown"
"7014857",371856,2025-09-06 13:23:21,43.1334838867188,-8.46909523010254,"Unknown"
"7014857",371856,2025-09-06 13:28:19,43.1339645385742,-8.46967792510986,"Unknown"
"7014857",371856,2025-09-06 13:33:18,43.1330757141113,-8.46956348419189,"Unknown"
"7014857",371856,2025-09-06 13:38:41,43.1329803466797,-8.4701042175293,"Unknown"
"7014857",371856,2025-09-06 13:43:20,43.1329231262207,-8.47012996673584,"Unknown"
"7014857",371856,2025-09-06 13:48:22,43.132942199707,-8.47002506256104,"Unknown"
"7014857",371856,2025-09-06 13:53:18,43.1311225891113,-8.47320652008057,"Unknown"
"7014857",371856,2025-09-06 13:58:18,43.1305809020996,-8.47184753417969,"Unknown"
"7014857",371856,2025-09-06 14:03:18,43.1315155029297,-8.47261905670166,"Unknown"
"7014857",371856,2025-09-06 14:08:22,43.133228302002,-8.46822547912598,"Unknown"
"7014857",371856,2025-09-06 14:13:22,43.1332321166992,-8.46821308135986,"Unknown"
"7014857",371856,2025-09-06 14:18:18,43.1332511901855,-8.46822261810303,"Unknown"
"7014857",371856,2025-09-06 14:23:18,43.1332054138184,-8.46822834014893,"Unknown"
"7014857",371856,2025-09-06 14:28:20,43.1331634521484,-8.46793460845947,"Unknown"
"7014857",371856,2025-09-06 14:33:30,43.1331672668457,-8.46800422668457,"Unknown"
"7014857",371856,2025-09-06 14:38:32,43.133171081543,-8.46803665161133,"Unknown"
"7014857",371856,2025-09-06 14:43:32,43.1331825256348,-8.46795654296875,"Unknown"
"7014857",371856,2025-09-06 14:48:21,43.1332206726074,-8.4683198928833,"Unknown"
"7014857",371856,2025-09-06 14:53:21,43.1332359313965,-8.46815299987793,"Unknown"
"7014857",371856,2025-09-06 14:58:24,43.1331977844238,-8.46818828582764,"Unknown"
"7014857",371856,2025-09-06 15:03:21,43.1332092285156,-8.46818923950195,"Unknown"
"7014857",371856,2025-09-06 15:08:22,43.1332054138184,-8.46810817718506,"Unknown"
"7014857",371856,2025-09-06 15:13:20,43.1311073303223,-8.46906185150146,"Unknown"
"7014857",371856,2025-09-06 15:18:21,43.1314277648926,-8.46872234344482,"Unknown"
"7014857",371856,2025-09-06 15:23:19,43.1319007873535,-8.46816635131836,"Unknown"
"7014857",371856,2025-09-06 15:28:18,43.131965637207,-8.46807479858398,"Unknown"
"7014857",371856,2025-09-06 15:33:18,43.1319999694824,-8.46809196472168,"Unknown"
"7014857",371856,2025-09-06 15:38:18,43.131950378418,-8.46802806854248,"Unknown"
"7014857",371856,2025-09-06 15:43:20,43.1319427490234,-8.46794033050537,"Unknown"
"7014857",371856,2025-09-06 15:48:26,43.1317443847656,-8.46766662597656,"Unknown"
"7014857",371856,2025-09-06 15:53:24,43.1322059631348,-8.46802139282227,"Unknown"
"7014857",371856,2025-09-06 15:58:21,43.1324577331543,-8.46814060211182,"Unknown"
"7014857",371856,2025-09-06 16:03:19,43.132152557373,-8.46780109405518,"Unknown"
"7014857",371856,2025-09-06 16:08:19,43.1321678161621,-8.46774673461914,"Unknown"
"7014857",371856,2025-09-06 16:13:18,43.1322326660156,-8.46791839599609,"Unknown"
"7014857",371856,2025-09-06 16:18:18,43.1325149536133,-8.468186378479,"Unknown"
"7014857",371856,2025-09-06 16:23:23,43.1314086914062,-8.46969604492188,"Unknown"
"7014857",371856,2025-09-06 16:28:49,43.1319847106934,-8.468092918396,"Unknown"
"7014857",371856,2025-09-06 16:33:19,43.132194519043,-8.46830177307129,"Unknown"
"7014857",371856,2025-09-06 16:38:18,43.132137298584,-8.46823310852051,"Unknown"
"7014857",371856,2025-09-06 16:43:18,43.1321144104004,-8.46828842163086,"Unknown"
"7014857",371856,2025-09-06 16:48:18,43.1320762634277,-8.46829986572266,"Unknown"
"7014857",371856,2025-09-06 16:53:17,43.132495880127,-8.46838760375977,"Unknown"
"7014857",371856,2025-09-06 16:58:17,43.1328468322754,-8.46832370758057,"Unknown"
"7014857",371856,2025-09-06 17:03:17,43.1329040527344,-8.46828174591064,"Unknown"
"7014857",371856,2025-09-06 17:08:17,43.1325531005859,-8.46843242645264,"Unknown"
"7014857",371856,2025-09-06 17:13:18,43.1316871643066,-8.46753311157227,"Unknown"
"7014857",371856,2025-09-06 17:18:20,43.1317443847656,-8.46753406524658,"Unknown"
"7014857",371856,2025-09-06 17:23:18,43.1318016052246,-8.46742916107178,"Unknown"
"7014857",371856,2025-09-06 17:28:19,43.131908416748,-8.46747589111328,"Unknown"
"7014857",371856,2025-09-06 17:33:18,43.1316871643066,-8.46736240386963,"Unknown"
"7014857",371856,2025-09-06 17:38:20,43.1319160461426,-8.46754264831543,"Unknown"
"7014857",371856,2025-09-06 17:43:19,43.131763458252,-8.46769237518311,"Unknown"
"7014857",371856,2025-09-06 17:48:18,43.1315155029297,-8.46774959564209,"Unknown"
"7014857",371856,2025-09-06 17:53:18,43.1315460205078,-8.46773529052734,"Unknown"
"7014857",371856,2025-09-06 17:58:23,43.1322631835938,-8.46590900421143,"Unknown"
"7014857",371856,2025-09-06 18:03:18,43.1318778991699,-8.46776962280273,"Unknown"
"7014857",371856,2025-09-06 18:08:18,43.1342353820801,-8.47317218780518,"Unknown"
"7014857",371856,2025-09-06 18:13:18,43.1611976623535,-8.4739408493042,"Unknown"
"7014857",371856,2025-09-06 18:18:18,43.1711235046387,-8.44368171691895,"Unknown"
"7014857",371856,2025-09-06 18:23:18,43.1707382202148,-8.43828678131104,"Unknown"
"7014857",371856,2025-09-06 18:28:18,43.1707916259766,-8.43836307525635,"Unknown"
"7014857",371856,2025-09-06 18:33:18,43.1707916259766,-8.43840217590332,"Unknown"
"7014857",371856,2025-09-06 18:38:18,43.1707000732422,-8.43834972381592,"Unknown"
"7014857",371856,2025-09-06 18:43:18,43.1707725524902,-8.43839645385742,"Unknown"
"7014857",371856,2025-09-06 18:48:18,43.1707611083984,-8.43849658966064,"Unknown"
"7014857",371856,2025-09-06 18:53:19,43.1706581115723,-8.43840885162354,"Unknown"
"7014857",371856,2025-09-06 18:58:18,43.1707153320312,-8.43844985961914,"Unknown"
"7014857",371856,2025-09-06 19:03:18,43.1707572937012,-8.4383544921875,"Unknown"
"7014857",371856,2025-09-06 19:08:20,43.170726776123,-8.43843841552734,"Unknown"
"7014857",371856,2025-09-06 19:13:18,43.1708374023438,-8.43821716308594,"Unknown"
"7014857",371856,2025-09-06 19:18:18,43.170726776123,-8.43843555450439,"Unknown"
"7014857",371856,2025-09-06 19:23:18,43.1706466674805,-8.43852043151855,"Unknown"
"7014857",371856,2025-09-06 19:28:24,43.1707496643066,-8.43838024139404,"Unknown"
"7014857",371856,2025-09-06 19:33:20,43.1709060668945,-8.43836498260498,"Unknown"
"7014857",371856,2025-09-06 19:38:15,43.1708793640137,-8.43842697143555,"Unknown"
"7014857",371856,2025-09-07 00:38:35,43.1707801818848,-8.43811511993408,"Unknown"
"7014857",371856,2025-09-07 04:24:55,43.1706848144531,-8.43863964080811,"Unknown"
"7014857",371856,2025-09-07 04:29:49,43.1708183288574,-8.43852996826172,"Unknown"
"7014857",371856,2025-09-07 04:34:49,43.170841217041,-8.43849658966064,"Unknown"
"7014857",371856,2025-09-07 04:39:48,43.1696243286133,-8.43848419189453,"Unknown"
"7014857",371856,2025-09-07 04:44:54,43.1707801818848,-8.43841743469238,"Unknown"
"7014857",371856,2025-09-07 04:49:45,43.1694259643555,-8.43839359283447,"Unknown"
"7014857",371856,2025-09-07 04:54:51,43.1710243225098,-8.43842792510986,"Unknown"
"7014857",371856,2025-09-07 04:59:52,43.1709365844727,-8.43842029571533,"Unknown"
"7014857",371856,2025-09-07 05:04:53,43.171012878418,-8.43846988677979,"Unknown"
"7014857",371856,2025-09-07 05:09:53,43.1710662841797,-8.43846225738525,"Unknown"
"7014857",371856,2025-09-07 05:14:53,43.1710548400879,-8.4384708404541,"Unknown"
"7014857",371856,2025-09-07 05:19:52,43.1711006164551,-8.43850517272949,"Unknown"
"7014857",371856,2025-09-07 05:24:44,43.1714477539062,-8.43806076049805,"Unknown"
"7014857",371856,2025-09-07 05:29:46,43.1705360412598,-8.43832778930664,"Unknown"
"7014857",371856,2025-09-07 05:34:44,43.1700439453125,-8.43832492828369,"Unknown"
"7014857",371856,2025-09-07 05:39:51,43.1714286804199,-8.43824481964111,"Unknown"
"7014857",371856,2025-09-07 05:44:53,43.1714363098145,-8.43805503845215,"Unknown"
"7014857",371856,2025-09-07 05:49:44,43.172779083252,-8.43823528289795,"Unknown"
"7014857",371856,2025-09-07 05:54:45,43.169490814209,-8.43839073181152,"Unknown"
"7014857",371856,2025-09-07 05:59:47,43.1695365905762,-8.43838882446289,"Unknown"
"7014857",371856,2025-09-07 06:05:05,43.1711654663086,-8.43807220458984,"Unknown"
"7014857",371856,2025-09-07 06:09:42,43.1709671020508,-8.43825817108154,"Unknown"
"7014857",371856,2025-09-07 06:14:44,43.1715354919434,-8.44659233093262,"Unknown"
"7014857",371856,2025-09-07 06:19:45,43.1714210510254,-8.44634342193604,"Unknown"
"7014857",371856,2025-09-07 06:24:44,43.1715698242188,-8.44634628295898,"Unknown"
"7014857",371856,2025-09-07 06:29:45,43.1714324951172,-8.44631004333496,"Unknown"
"7014857",371856,2025-09-07 06:34:43,43.171516418457,-8.44634437561035,"Unknown"
"7014857",371856,2025-09-07 06:39:43,43.1713638305664,-8.44602394104004,"Unknown"
"7014857",371856,2025-09-07 06:44:43,43.1713638305664,-8.44556999206543,"Unknown"
"7014857",371856,2025-09-07 06:49:43,43.1714477539062,-8.44564056396484,"Unknown"
"7014857",371856,2025-09-07 06:54:42,43.1714401245117,-8.44573783874512,"Unknown"
"7014857",371856,2025-09-07 06:59:43,43.1713790893555,-8.44572639465332,"Unknown"
"7014857",371856,2025-09-07 07:04:42,43.1713752746582,-8.445631980896,"Unknown"
"7014857",371856,2025-09-07 07:09:43,43.1713943481445,-8.44582176208496,"Unknown"
"7014857",371856,2025-09-07 07:14:43,43.1714210510254,-8.44571685791016,"Unknown"
"7014857",371856,2025-09-07 07:19:42,43.1714057922363,-8.4457950592041,"Unknown"
"7014857",371856,2025-09-07 07:24:44,43.1714057922363,-8.44569969177246,"Unknown"
"7014857",371856,2025-09-07 07:29:43,43.1714324951172,-8.44575214385986,"Unknown"
"7014857",371856,2025-09-07 07:34:43,43.1691703796387,-8.44363498687744,"Unknown"
"7014857",371856,2025-09-07 07:39:43,43.1690864562988,-8.44342041015625,"Unknown"
"7014857",371856,2025-09-07 07:44:43,43.1690826416016,-8.44346904754639,"Unknown"
"7014857",371856,2025-09-07 07:49:43,43.1693153381348,-8.44345569610596,"Unknown"
"7014857",371856,2025-09-07 07:54:45,43.168888092041,-8.44392013549805,"Unknown"
"7014857",371856,2025-09-07 07:59:46,43.1690368652344,-8.44353771209717,"Unknown"
"7014857",371856,2025-09-07 08:04:47,43.1689987182617,-8.44351100921631,"Unknown"
"7014857",371856,2025-09-07 08:09:48,43.1690101623535,-8.44352436065674,"Unknown"
"7014857",371856,2025-09-07 08:14:46,43.1690444946289,-8.44362926483154,"Unknown"
"7014857",371856,2025-09-07 08:19:51,43.1698989868164,-8.44260311126709,"Unknown"
"7014857",371856,2025-09-07 08:24:43,43.158519744873,-8.45751667022705,"Unknown"
"7014857",371856,2025-09-07 08:29:44,43.1366958618164,-8.46979331970215,"Unknown"
"7014857",371856,2025-09-07 08:34:44,43.132266998291,-8.468186378479,"Unknown"
"7014857",371856,2025-09-07 08:39:54,43.1323471069336,-8.46791744232178,"Unknown"
"7014857",371856,2025-09-07 08:44:45,43.132137298584,-8.46778869628906,"Unknown"
"7014857",371856,2025-09-07 08:49:46,43.1321144104004,-8.46784496307373,"Unknown"
"7014857",371856,2025-09-07 08:54:47,43.1320114135742,-8.46790790557861,"Unknown"
"7014857",371856,2025-09-07 08:59:48,43.1319580078125,-8.46790599822998,"Unknown"
"7014857",371856,2025-09-07 09:04:48,43.1317176818848,-8.4678955078125,"Unknown"
"7014857",371856,2025-09-07 09:09:47,43.1316299438477,-8.46797657012939,"Unknown"
"7014857",371856,2025-09-07 09:14:54,43.1316261291504,-8.46776485443115,"Unknown"
"7014857",371856,2025-09-07 09:19:52,43.1299324035645,-8.47067451477051,"Unknown"
"7014857",371856,2025-09-07 09:24:51,43.1298370361328,-8.47081089019775,"Unknown"
"7014857",371856,2025-09-07 09:29:43,43.1307334899902,-8.47147464752197,"Unknown"
"7014857",371856,2025-09-07 09:34:43,43.1307106018066,-8.47146987915039,"Unknown"
"7014857",371856,2025-09-07 09:39:43,43.1314277648926,-8.46870040893555,"Unknown"
"7014857",371856,2025-09-07 09:44:47,43.1322326660156,-8.46875858306885,"Unknown"
"7014857",371856,2025-09-07 09:50:05,43.1322937011719,-8.46846294403076,"Unknown"
"7014857",371856,2025-09-07 09:54:43,43.1322288513184,-8.46893215179443,"Unknown"
"7014857",371856,2025-09-07 09:59:43,43.1322364807129,-8.46891689300537,"Unknown"
"7014857",371856,2025-09-07 10:04:44,43.1322021484375,-8.46895122528076,"Unknown"
"7014857",371856,2025-09-07 10:09:52,43.1321449279785,-8.46879577636719,"Unknown"
"7014857",371856,2025-09-07 10:14:49,43.1322784423828,-8.4688606262207,"Unknown"
"7014857",371856,2025-09-07 10:19:47,43.1324424743652,-8.46909427642822,"Unknown"
"7014857",371856,2025-09-07 10:24:45,43.1326446533203,-8.46925354003906,"Unknown"
"7014857",371856,2025-09-07 10:29:44,43.1324310302734,-8.46921634674072,"Unknown"
"7014857",371856,2025-09-07 10:34:43,43.132568359375,-8.46899127960205,"Unknown"
"7014857",371856,2025-09-07 10:39:43,43.1327667236328,-8.46933460235596,"Unknown"
"7014857",371856,2025-09-07 10:44:44,43.1325149536133,-8.46936893463135,"Unknown"
"7014857",371856,2025-09-07 10:49:53,43.132640838623,-8.46996402740479,"Unknown"
"7014857",371856,2025-09-07 10:54:47,43.1322326660156,-8.46912670135498,"Unknown"
"7014857",371856,2025-09-07 11:00:05,43.1321105957031,-8.4693431854248,"Unknown"
"7014857",371856,2025-09-07 11:04:43,43.1321640014648,-8.46942329406738,"Unknown"
"7014857",371856,2025-09-07 11:09:43,43.1321792602539,-8.46944904327393,"Unknown"
"7014857",371856,2025-09-07 11:14:42,43.1333770751953,-8.46988201141357,"Unknown"
"7014857",371856,2025-09-07 11:19:44,43.1332359313965,-8.4690408706665,"Unknown"
"7014857",371856,2025-09-07 11:24:43,43.133472442627,-8.46867752075195,"Unknown"
"7014857",371856,2025-09-07 11:29:42,43.133358001709,-8.46877288818359,"Unknown"
"7014857",371856,2025-09-07 11:34:43,43.1333770751953,-8.46883392333984,"Unknown"
"7014857",371856,2025-09-07 11:39:42,43.1333389282227,-8.46883487701416,"Unknown"
"7014857",371856,2025-09-07 11:44:43,43.1332626342773,-8.46874046325684,"Unknown"
"7014857",371856,2025-09-07 11:49:43,43.1333160400391,-8.46875095367432,"Unknown"
"7014857",371856,2025-09-07 11:54:43,43.1333198547363,-8.46881866455078,"Unknown"
"7014857",371856,2025-09-07 11:59:43,43.1333236694336,-8.46878623962402,"Unknown"
"7014857",371856,2025-09-07 12:04:43,43.13330078125,-8.46883106231689,"Unknown"
"7014857",371856,2025-09-07 12:09:43,43.1333045959473,-8.46883010864258,"Unknown"
"7014857",371856,2025-09-07 12:14:43,43.1332511901855,-8.46896171569824,"Unknown"
"7014857",371856,2025-09-07 12:19:43,43.1332893371582,-8.46889209747314,"Unknown"
"7014857",371856,2025-09-07 12:24:43,43.1332550048828,-8.4688081741333,"Unknown"
"7014857",371856,2025-09-07 12:29:44,43.1332588195801,-8.46892929077148,"Unknown"
"7014857",371856,2025-09-07 12:34:44,43.1332588195801,-8.46891021728516,"Unknown"
"7014857",371856,2025-09-07 12:39:43,43.1318435668945,-8.46796417236328,"Unknown"
"7014857",371856,2025-09-07 12:44:43,43.1217346191406,-8.47584438323975,"Unknown"
"7014857",371856,2025-09-07 12:49:43,43.0989646911621,-8.49706745147705,"Unknown"
"7014857",371856,2025-09-07 12:54:43,43.0987434387207,-8.49756908416748,"Unknown"
"7014857",371856,2025-09-07 12:59:46,43.0986213684082,-8.49766635894775,"Unknown"
"7014857",371856,2025-09-07 13:04:45,43.100170135498,-8.49633693695068,"Unknown"
"7014857",371856,2025-09-07 13:09:43,43.0998764038086,-8.49104499816895,"Unknown"
"7014857",371856,2025-09-07 13:14:43,43.1076049804688,-8.48255062103271,"Unknown"
"7014857",371856,2025-09-07 13:19:43,43.132209777832,-8.46855449676514,"Unknown"
"7014857",371856,2025-09-07 13:24:44,43.131965637207,-8.46830940246582,"Unknown"
"7014857",371856,2025-09-07 13:29:48,43.1317443847656,-8.46788883209229,"Unknown"
"7014857",371856,2025-09-07 13:34:44,43.1315155029297,-8.46734237670898,"Unknown"
"7014857",371856,2025-09-07 13:39:46,43.1317901611328,-8.46773242950439,"Unknown"
"7014857",371856,2025-09-07 13:44:53,43.1321487426758,-8.46835994720459,"Unknown"
"7014857",371856,2025-09-07 13:49:44,43.1315727233887,-8.46734523773193,"Unknown"
"7014857",371856,2025-09-07 13:54:46,43.131763458252,-8.46762466430664,"Unknown"
"7014857",371856,2025-09-07 13:59:46,43.1313781738281,-8.46693134307861,"Unknown"
"7014857",371856,2025-09-07 14:04:44,43.1318206787109,-8.46781444549561,"Unknown"
"7014857",371856,2025-09-07 14:09:44,43.1319351196289,-8.46846103668213,"Unknown"
"7014857",371856,2025-09-07 14:14:45,43.1318588256836,-8.46793937683105,"Unknown"
"7014857",371856,2025-09-07 14:19:45,43.1318969726562,-8.4680004119873,"Unknown"
"7014857",371856,2025-09-07 14:24:46,43.1318283081055,-8.46785259246826,"Unknown"
"7014857",371856,2025-09-07 14:29:44,43.1316032409668,-8.46719932556152,"Unknown"
"7014857",371856,2025-09-07 14:34:53,43.1323928833008,-8.46876811981201,"Unknown"
"7014857",371856,2025-09-07 14:39:46,43.1319351196289,-8.46812725067139,"Unknown"
"7014857",371856,2025-09-07 14:44:48,43.132080078125,-8.46889209747314,"Unknown"
"7014857",371856,2025-09-07 14:49:46,43.1317176818848,-8.46753692626953,"Unknown"
"7014857",371856,2025-09-07 14:54:48,43.1320724487305,-8.46891212463379,"Unknown"
"7014857",371856,2025-09-07 14:59:49,43.1320457458496,-8.46855640411377,"Unknown"
"7014857",371856,2025-09-07 15:04:49,43.1320152282715,-8.46867656707764,"Unknown"
"7014857",371856,2025-09-07 15:09:54,43.1320419311523,-8.46863842010498,"Unknown"
"7014857",371856,2025-09-07 15:14:45,43.1319961547852,-8.46847915649414,"Unknown"
"7014857",371856,2025-09-07 15:19:52,43.132080078125,-8.46862030029297,"Unknown"
"7014857",371856,2025-09-07 15:24:44,43.1312942504883,-8.46604824066162,"Unknown"
"7014857",371856,2025-09-07 15:29:44,43.131275177002,-8.465989112854,"Unknown"
"7014857",371856,2025-09-07 15:34:44,43.1313819885254,-8.46636867523193,"Unknown"
"7014857",371856,2025-09-07 15:39:44,43.1315155029297,-8.4666805267334,"Unknown"
"7014857",371856,2025-09-07 15:44:44,43.1315956115723,-8.46687030792236,"Unknown"
"7014857",371856,2025-09-07 15:49:53,43.1319351196289,-8.46713066101074,"Unknown"
"7014857",371856,2025-09-07 15:54:55,43.1319007873535,-8.46708583831787,"Unknown"
"7014857",371856,2025-09-07 15:59:54,43.1317710876465,-8.46730613708496,"Unknown"
"7014857",371856,2025-09-07 16:04:57,43.1316986083984,-8.46738815307617,"Unknown"
"7014857",371856,2025-09-07 16:09:49,43.1316375732422,-8.46733474731445,"Unknown"
"7014857",371856,2025-09-07 16:14:45,43.1299514770508,-8.46859741210938,"Unknown"
"7014857",371856,2025-09-07 16:19:46,43.1299667358398,-8.4686393737793,"Unknown"
"7014857",371856,2025-09-07 16:24:46,43.1288948059082,-8.46909332275391,"Unknown"
"7014857",371856,2025-09-07 16:29:48,43.1302490234375,-8.46866703033447,"Unknown"
"7014857",371856,2025-09-07 16:34:44,43.1356315612793,-8.4681453704834,"Unknown"
"7014857",371856,2025-09-07 16:39:46,43.1340446472168,-8.4676342010498,"Unknown"
"7014857",371856,2025-09-07 16:44:46,43.1358604431152,-8.46829223632812,"Unknown"
"7014857",371856,2025-09-07 16:49:44,43.13525390625,-8.46840476989746,"Unknown"
"7014857",371856,2025-09-07 16:54:45,43.1341972351074,-8.46855354309082,"Unknown"
"7014857",371856,2025-09-07 16:59:48,43.133846282959,-8.46889209747314,"Unknown"
"7014857",371856,2025-09-07 17:04:46,43.1297912597656,-8.4691686630249,"Unknown"
"7014857",371856,2025-09-07 17:09:46,43.1297454833984,-8.46928596496582,"Unknown"
"7014857",371856,2025-09-07 17:14:46,43.129638671875,-8.46920013427734,"Unknown"
"7014857",371856,2025-09-07 17:19:47,43.1278038024902,-8.46969509124756,"Unknown"
"7014857",371856,2025-09-07 17:24:46,43.130012512207,-8.46912384033203,"Unknown"
"7014857",371856,2025-09-07 17:29:48,43.1302146911621,-8.46908378601074,"Unknown"
"7014857",371856,2025-09-07 17:34:53,43.1298141479492,-8.46918201446533,"Unknown"
"7014857",371856,2025-09-07 17:39:47,43.1305999755859,-8.46899890899658,"Unknown"
"7014857",371856,2025-09-07 17:44:54,43.1304397583008,-8.46906185150146,"Unknown"
"7014857",371856,2025-09-07 17:49:45,43.1306114196777,-8.46968460083008,"Unknown"
"7014857",371856,2025-09-07 17:54:47,43.1301574707031,-8.46978187561035,"Unknown"
"7014857",371856,2025-09-07 17:59:48,43.1309471130371,-8.46971607208252,"Unknown"
"7014857",371856,2025-09-07 18:04:45,43.1303520202637,-8.46988296508789,"Unknown"
"7014857",371856,2025-09-07 18:09:46,43.1310348510742,-8.46989250183105,"Unknown"
"7014857",371856,2025-09-07 18:14:45,43.1307640075684,-8.47002410888672,"Unknown"
"7014857",371856,2025-09-07 18:19:47,43.1307258605957,-8.47006988525391,"Unknown"
"7014857",371856,2025-09-07 18:24:45,43.1306610107422,-8.47011375427246,"Unknown"
"7014857",371856,2025-09-07 18:29:47,43.1307563781738,-8.46999073028564,"Unknown"
"7014857",371856,2025-09-07 18:34:46,43.1308135986328,-8.47006988525391,"Unknown"
"7014857",371856,2025-09-07 18:39:45,43.1307525634766,-8.47014617919922,"Unknown"
"7014857",371856,2025-09-07 18:44:46,43.1306266784668,-8.47016429901123,"Unknown"
"7014857",371856,2025-09-07 18:49:45,43.130687713623,-8.47014331817627,"Unknown"
"7014857",371856,2025-09-07 18:54:45,43.1306114196777,-8.47009086608887,"Unknown"
"7014857",371856,2025-09-07 18:59:45,43.1307144165039,-8.47019004821777,"Unknown"
"7014857",371856,2025-09-07 19:04:46,43.1302070617676,-8.47032928466797,"Unknown"
"7014857",371856,2025-09-07 19:09:46,43.1318244934082,-8.46962356567383,"Unknown"
"7014857",371856,2025-09-07 19:14:46,43.1550521850586,-8.45928955078125,"Unknown"
"7014857",371856,2025-09-07 19:19:46,43.1704254150391,-8.4393310546875,"Unknown"
"7014857",371856,2025-09-07 19:24:45,43.1707611083984,-8.43815803527832,"Unknown"
"7014857",371856,2025-09-07 19:29:45,43.1703605651855,-8.43928146362305,"Unknown"
"7014857",371856,2025-09-07 19:36:26,43.1701812744141,-8.43957996368408,"Unknown"
"7014857",371856,2025-09-08 00:36:36,43.1717681884766,-8.43928718566895,"Unknown"
"7014857",371856,2025-09-08 04:26:18,43.1724853515625,-8.43925094604492,"Unknown"
"7014857",371856,2025-09-08 04:31:18,43.1718978881836,-8.43892669677734,"Unknown"
"7014857",371856,2025-09-08 04:36:18,43.1720924377441,-8.43918037414551,"Unknown"
"7014857",371856,2025-09-08 04:41:35,43.1718254089355,-8.43890571594238,"Unknown"
"7014857",371856,2025-09-08 04:46:10,43.1718254089355,-8.43897724151611,"Unknown"
"7014857",371856,2025-09-08 04:51:10,43.1718215942383,-8.43884944915771,"Unknown"
"7014857",371856,2025-09-08 04:56:10,43.1718063354492,-8.4390344619751,"Unknown"
"7014857",371856,2025-09-08 05:01:10,43.171802520752,-8.43887424468994,"Unknown"
"7014857",371856,2025-09-08 05:06:09,43.1718215942383,-8.438796043396,"Unknown"
"7014857",371856,2025-09-08 05:11:10,43.1717796325684,-8.43896579742432,"Unknown"
"7014857",371856,2025-09-08 05:16:10,43.1717796325684,-8.43888378143311,"Unknown"
"7014857",371856,2025-09-08 05:21:09,43.1717987060547,-8.43888282775879,"Unknown"
"7014857",371856,2025-09-08 05:26:11,43.1717300415039,-8.43909740447998,"Unknown"
"7014857",371856,2025-09-08 05:31:09,43.171817779541,-8.43891620635986,"Unknown"
"7014857",371856,2025-09-08 05:36:09,43.1717910766602,-8.43893432617188,"Unknown"
"7014857",371856,2025-09-08 05:41:09,43.1718864440918,-8.43893623352051,"Unknown"
"7014857",371856,2025-09-08 05:46:10,43.1716918945312,-8.43890380859375,"Unknown"
"7014857",371856,2025-09-08 05:51:10,43.1716041564941,-8.43903541564941,"Unknown"
"7014857",371856,2025-09-08 05:56:10,43.1715698242188,-8.43910503387451,"Unknown"
"7014857",371856,2025-09-08 06:01:09,43.1707420349121,-8.43860054016113,"Unknown"
"7014857",371856,2025-09-08 06:06:10,43.1706809997559,-8.43856906890869,"Unknown"
"7014857",371856,2025-09-08 06:11:10,43.1708297729492,-8.43858051300049,"Unknown"
"7014857",371856,2025-09-08 06:16:10,43.1706428527832,-8.43846225738525,"Unknown"
"7014857",371856,2025-09-08 06:21:11,43.1707038879395,-8.4385814666748,"Unknown"
"7014857",371856,2025-09-08 06:26:11,43.1706619262695,-8.43868732452393,"Unknown"
"7014857",371856,2025-09-08 06:31:11,43.1707000732422,-8.43861198425293,"Unknown"
"7014857",371856,2025-09-08 06:36:10,43.1706695556641,-8.43859481811523,"Unknown"
"7014857",371856,2025-09-08 06:41:09,43.1706924438477,-8.43862247467041,"Unknown"
"7014857",371856,2025-09-08 06:46:10,43.1706695556641,-8.43856143951416,"Unknown"
"7014857",371856,2025-09-08 06:51:10,43.1706695556641,-8.43852138519287,"Unknown"
"7014857",371856,2025-09-08 06:56:10,43.1706619262695,-8.43846130371094,"Unknown"
"7014857",371856,2025-09-08 07:01:10,43.1706886291504,-8.43856906890869,"Unknown"
"7014857",371856,2025-09-08 07:06:10,43.1707153320312,-8.43850231170654,"Unknown"
"7014857",371856,2025-09-08 07:11:10,43.1706657409668,-8.43846225738525,"Unknown"
"7014857",371856,2025-09-08 07:16:11,43.1707191467285,-8.43849563598633,"Unknown"
"7014857",371856,2025-09-08 07:21:10,43.170597076416,-8.43845176696777,"Unknown"
"7014857",371856,2025-09-08 07:26:09,43.1723823547363,-8.44627475738525,"Unknown"
"7014857",371856,2025-09-08 07:31:10,43.172248840332,-8.44626808166504,"Unknown"
"7014857",371856,2025-09-08 07:36:10,43.1721343994141,-8.44631099700928,"Unknown"
"7014857",371856,2025-09-08 07:41:10,43.1722564697266,-8.44635581970215,"Unknown"
"7014857",371856,2025-09-08 07:46:10,43.1719703674316,-8.44540596008301,"Unknown"
"7014857",371856,2025-09-08 07:51:11,43.1720123291016,-8.44554233551025,"Unknown"
"7014857",371856,2025-09-08 07:56:11,43.1719512939453,-8.44550800323486,"Unknown"
"7014857",371856,2025-09-08 08:01:10,43.1718330383301,-8.44544887542725,"Unknown"
"7014857",371856,2025-09-08 08:06:10,43.1718978881836,-8.44556331634521,"Unknown"
"7014857",371856,2025-09-08 08:11:10,43.1719741821289,-8.44556045532227,"Unknown"
"7014857",371856,2025-09-08 08:16:10,43.1719970703125,-8.44546222686768,"Unknown"
"7014857",371856,2025-09-08 08:21:16,43.172004699707,-8.44547176361084,"Unknown"
"7014857",371856,2025-09-08 08:26:10,43.1721649169922,-8.4452486038208,"Unknown"
"7014857",371856,2025-09-08 08:31:10,43.172191619873,-8.44530200958252,"Unknown"
"7014857",371856,2025-09-08 08:36:11,43.1722030639648,-8.44530963897705,"Unknown"
"7014857",371856,2025-09-08 08:41:11,43.1720962524414,-8.44533538818359,"Unknown"
"7014857",371856,2025-09-08 08:46:11,43.1723289489746,-8.44511890411377,"Unknown"
"7014857",371856,2025-09-08 08:51:11,43.172248840332,-8.44530296325684,"Unknown"
"7014857",371856,2025-09-08 08:56:12,43.1719131469727,-8.44543266296387,"Unknown"
"7014857",371856,2025-09-08 09:01:12,43.1719398498535,-8.44534587860107,"Unknown"
"7014857",371856,2025-09-08 09:06:12,43.171947479248,-8.44534683227539,"Unknown"
"7014857",371856,2025-09-08 09:11:12,43.1719245910645,-8.44531726837158,"Unknown"
"7014857",371856,2025-09-08 09:16:11,43.1722297668457,-8.44532012939453,"Unknown"
"7014857",371856,2025-09-08 09:21:18,43.1724967956543,-8.44533157348633,"Unknown"
"7014857",371856,2025-09-08 09:26:11,43.1724472045898,-8.44554615020752,"Unknown"
"7014857",371856,2025-09-08 09:31:12,43.1723976135254,-8.44559097290039,"Unknown"
"7014857",371856,2025-09-08 09:36:11,43.172435760498,-8.44560050964355,"Unknown"
"7014857",371856,2025-09-08 09:41:11,43.1724510192871,-8.44565486907959,"Unknown"
"7014857",371856,2025-09-08 09:46:10,43.1724433898926,-8.44568538665771,"Unknown"
"7014857",371856,2025-09-08 09:51:10,43.1724319458008,-8.44570255279541,"Unknown"
"7014857",371856,2025-09-08 09:56:10,43.1723289489746,-8.44565200805664,"Unknown"
"7014857",371856,2025-09-08 10:01:11,43.1724815368652,-8.44577693939209,"Unknown"
"7014857",371856,2025-09-08 10:06:11,43.1724700927734,-8.44581413269043,"Unknown"
"7014857",371856,2025-09-08 10:11:11,43.1724128723145,-8.44579219818115,"Unknown"
"7014857",371856,2025-09-08 10:16:11,43.1725082397461,-8.44591522216797,"Unknown"
"7014857",371856,2025-09-08 10:21:11,43.1723785400391,-8.44568824768066,"Unknown"
"7014857",371856,2025-09-08 10:26:11,43.172779083252,-8.44541072845459,"Unknown"
"7014857",371856,2025-09-08 10:31:16,43.1726112365723,-8.44578552246094,"Unknown"
"7014857",371856,2025-09-08 10:36:12,43.1728439331055,-8.44544124603271,"Unknown"
"7014857",371856,2025-09-08 10:41:11,43.1728324890137,-8.44489097595215,"Unknown"
"7014857",371856,2025-09-08 10:46:12,43.1728820800781,-8.44549942016602,"Unknown"
"7014857",371856,2025-09-08 10:51:11,43.1725730895996,-8.44570446014404,"Unknown"
"7014857",371856,2025-09-08 10:56:11,43.1727180480957,-8.4456262588501,"Unknown"
"7014857",371856,2025-09-08 11:01:11,43.1727180480957,-8.44566059112549,"Unknown"
"7014857",371856,2025-09-08 11:06:12,43.1726417541504,-8.44562911987305,"Unknown"
"7014857",371856,2025-09-08 11:11:11,43.1711196899414,-8.4468936920166,"Unknown"
"7014857",371856,2025-09-08 11:16:11,43.1435127258301,-8.46924209594727,"Unknown"
"7014857",371856,2025-09-08 11:21:12,43.1331825256348,-8.46898746490479,"Unknown"
"7014857",371856,2025-09-08 11:26:11,43.133186340332,-8.46899604797363,"Unknown"
"7014857",371856,2025-09-08 11:31:12,43.1307907104492,-8.47104358673096,"Unknown"
"7014857",371856,2025-09-08 11:36:13,43.1313934326172,-8.47140598297119,"Unknown"
"7014857",371856,2025-09-08 11:41:11,43.131290435791,-8.47146797180176,"Unknown"
"7014857",371856,2025-09-08 11:46:11,43.1312484741211,-8.47150611877441,"Unknown"
"7014857",371856,2025-09-08 11:51:12,43.1313858032227,-8.47106170654297,"Unknown"
"7014857",371856,2025-09-08 11:56:11,43.1310234069824,-8.47093200683594,"Unknown"
"7014857",371856,2025-09-08 12:01:12,43.1311531066895,-8.4714241027832,"Unknown"
"7014857",371856,2025-09-08 12:06:12,43.1311912536621,-8.47140789031982,"Unknown"
"7014857",371856,2025-09-08 12:11:11,43.1301689147949,-8.47080039978027,"Unknown"
"7014857",371856,2025-09-08 12:16:11,43.1301536560059,-8.47070503234863,"Unknown"
"7014857",371856,2025-09-08 12:21:13,43.1301574707031,-8.47036838531494,"Unknown"
"7014857",371856,2025-09-08 12:26:13,43.1301345825195,-8.47037410736084,"Unknown"
"7014857",371856,2025-09-08 12:31:11,43.1319351196289,-8.46897983551025,"Unknown"
"7014857",371856,2025-09-08 12:36:15,43.1322021484375,-8.46895599365234,"Unknown"
"7014857",371856,2025-09-08 12:41:18,43.1321716308594,-8.46871280670166,"Unknown"
"7014857",371856,2025-09-08 12:46:11,43.1321640014648,-8.46864414215088,"Unknown"
"7014857",371856,2025-09-08 12:51:11,43.1320152282715,-8.4689245223999,"Unknown"
"7014857",371856,2025-09-08 12:56:17,43.1321182250977,-8.4687032699585,"Unknown"
"7014857",371856,2025-09-08 13:01:17,43.1319313049316,-8.46884441375732,"Unknown"
"7014857",371856,2025-09-08 13:06:11,43.1319961547852,-8.46892833709717,"Unknown"
"7014857",371856,2025-09-08 13:11:18,43.1319351196289,-8.46907711029053,"Unknown"
"7014857",371856,2025-09-08 13:16:35,43.1319351196289,-8.46885299682617,"Unknown"
"7014857",371856,2025-09-08 13:21:17,43.1318244934082,-8.46881866455078,"Unknown"
"7014857",371856,2025-09-08 13:26:13,43.1318740844727,-8.46897792816162,"Unknown"
"7014857",371856,2025-09-08 13:31:11,43.1320266723633,-8.46903514862061,"Unknown"
"7014857",371856,2025-09-08 13:36:11,43.1315116882324,-8.46928977966309,"Unknown"
"7014857",371856,2025-09-08 13:41:10,43.1316909790039,-8.4691801071167,"Unknown"
"7014857",371856,2025-09-08 13:46:13,43.1319389343262,-8.46883773803711,"Unknown"
"7014857",371856,2025-09-08 13:51:12,43.131965637207,-8.46881484985352,"Unknown"
"7014857",371856,2025-09-08 13:56:10,43.131778717041,-8.46903610229492,"Unknown"
"7014857",371856,2025-09-08 14:01:10,43.1318359375,-8.46908092498779,"Unknown"
"7014857",371856,2025-09-08 14:06:10,43.1318092346191,-8.46896553039551,"Unknown"
"7014857",371856,2025-09-08 14:11:11,43.1317939758301,-8.46895408630371,"Unknown"
"7014857",371856,2025-09-08 14:16:11,43.1318435668945,-8.46910095214844,"Unknown"
"7014857",371856,2025-09-08 14:21:13,43.1319961547852,-8.4690580368042,"Unknown"
"7014857",371856,2025-09-08 14:26:13,43.131908416748,-8.46896553039551,"Unknown"
"7014857",371856,2025-09-08 14:31:18,43.1317825317383,-8.46931743621826,"Unknown"
"7014857",371856,2025-09-08 14:36:11,43.1319923400879,-8.46924114227295,"Unknown"
"7014857",371856,2025-09-08 14:41:13,43.1318511962891,-8.4691743850708,"Unknown"
"7014857",371856,2025-09-08 14:46:11,43.131950378418,-8.46909427642822,"Unknown"
"7014857",371856,2025-09-08 14:51:11,43.1319770812988,-8.46916198730469,"Unknown"
"7014857",371856,2025-09-08 14:56:12,43.1319694519043,-8.46924686431885,"Unknown"
"7014857",371856,2025-09-08 15:01:13,43.1320571899414,-8.46922969818115,"Unknown"
"7014857",371856,2025-09-08 15:06:11,43.1319389343262,-8.46950912475586,"Unknown"
"7014857",371856,2025-09-08 15:11:11,43.132022857666,-8.46986198425293,"Unknown"
"7014857",371856,2025-09-08 15:16:11,43.131908416748,-8.46903514862061,"Unknown"
"7014857",371856,2025-09-08 15:21:11,43.1319274902344,-8.46915435791016,"Unknown"
"7014857",371856,2025-09-08 15:26:11,43.1319999694824,-8.4694242477417,"Unknown"
"7014857",371856,2025-09-08 15:31:15,43.1319999694824,-8.46902465820312,"Unknown"
"7014857",371856,2025-09-08 15:36:16,43.131965637207,-8.46891307830811,"Unknown"
"7014857",371856,2025-09-08 15:41:32,43.1319694519043,-8.46895408630371,"Unknown"
"7014857",371856,2025-09-08 15:46:09,43.1319923400879,-8.46902084350586,"Unknown"
"7014857",371856,2025-09-08 15:51:09,43.132022857666,-8.46898651123047,"Unknown"
"7014857",371856,2025-09-08 15:56:10,43.1322212219238,-8.46916198730469,"Unknown"
"7014857",371856,2025-09-08 16:01:10,43.1323738098145,-8.46949672698975,"Unknown"
"7014857",371856,2025-09-08 16:06:11,43.13232421875,-8.46939754486084,"Unknown"
"7014857",371856,2025-09-08 16:11:10,43.1323089599609,-8.46935653686523,"Unknown"
"7014857",371856,2025-09-08 16:16:10,43.1323318481445,-8.46938705444336,"Unknown"
"7014857",371856,2025-09-08 16:21:10,43.1323127746582,-8.46933174133301,"Unknown"
"7014857",371856,2025-09-08 16:26:12,43.1324157714844,-8.46938323974609,"Unknown"
"7014857",371856,2025-09-08 16:31:13,43.1322402954102,-8.46924591064453,"Unknown"
"7014857",371856,2025-09-08 16:36:12,43.1322441101074,-8.4694652557373,"Unknown"
"7014857",371856,2025-09-08 16:41:11,43.1323394775391,-8.46951103210449,"Unknown"
"7014857",371856,2025-09-08 16:46:16,43.1322288513184,-8.46945571899414,"Unknown"
"7014857",371856,2025-09-08 16:51:19,43.1324844360352,-8.46956157684326,"Unknown"
"7014857",371856,2025-09-08 16:56:12,43.1306571960449,-8.47027206420898,"Unknown"
"7014857",371856,2025-09-08 17:01:16,43.1300277709961,-8.47051525115967,"Unknown"
"7014857",371856,2025-09-08 17:06:16,43.1300354003906,-8.4705228805542,"Unknown"
"7014857",371856,2025-09-08 17:11:21,43.130069732666,-8.47054386138916,"Unknown"
"7014857",371856,2025-09-08 17:16:21,43.129997253418,-8.47052383422852,"Unknown"
"7014857",371856,2025-09-08 17:21:23,43.1301345825195,-8.47060775756836,"Unknown"
"7014857",371856,2025-09-08 17:26:23,43.1301307678223,-8.47070407867432,"Unknown"
"7014857",371856,2025-09-08 17:31:23,43.1300964355469,-8.47059917449951,"Unknown"
"7014857",371856,2025-09-08 17:36:22,43.130069732666,-8.47062110900879,"Unknown"
"7014857",371856,2025-09-08 17:41:35,43.1301040649414,-8.4707555770874,"Unknown"
"7014857",371856,2025-09-08 17:46:10,43.1301536560059,-8.47074890136719,"Unknown"
"7014857",371856,2025-09-08 17:51:10,43.1304130554199,-8.46922016143799,"Unknown"
"7014857",371856,2025-09-08 17:56:09,43.1304702758789,-8.47005081176758,"Unknown"
"7014857",371856,2025-09-08 18:01:19,43.1302833557129,-8.46986389160156,"Unknown"
"7014857",371856,2025-09-08 18:06:19,43.1303634643555,-8.46993732452393,"Unknown"
"7014857",371856,2025-09-08 18:11:16,43.1303405761719,-8.46995544433594,"Unknown"
"7014857",371856,2025-09-08 18:16:11,43.13037109375,-8.47004795074463,"Unknown"
"7014857",371856,2025-09-08 18:21:10,43.1303939819336,-8.46999931335449,"Unknown"
"7014857",371856,2025-09-08 18:26:12,43.1306228637695,-8.47119522094727,"Unknown"
"7014857",371856,2025-09-08 18:31:19,43.1301612854004,-8.47087097167969,"Unknown"
"7014857",371856,2025-09-08 18:36:11,43.1301307678223,-8.47092342376709,"Unknown"
"7014857",371856,2025-09-08 18:41:10,43.1300430297852,-8.4707727432251,"Unknown"
"7014857",371856,2025-09-08 18:46:17,43.1300506591797,-8.47072315216064,"Unknown"
"7014857",371856,2025-09-08 18:51:12,43.1301727294922,-8.47091007232666,"Unknown"
"7014857",371856,2025-09-08 18:56:10,43.1301383972168,-8.47082328796387,"Unknown"
"7014857",371856,2025-09-08 19:01:12,43.1326942443848,-8.46796703338623,"Unknown"
"7014857",371856,2025-09-08 19:06:10,43.139533996582,-8.46461868286133,"Unknown"
"7014857",371856,2025-09-08 19:11:10,43.1581192016602,-8.45056343078613,"Unknown"
"7014857",371856,2025-09-08 19:16:15,43.1712760925293,-8.43844985961914,"Unknown"
"7014857",371856,2025-09-08 19:21:09,43.1712989807129,-8.43841457366943,"Unknown"
"7014857",371856,2025-09-08 19:26:14,43.1714134216309,-8.43866062164307,"Unknown"
"7014857",371856,2025-09-08 19:31:13,43.1714363098145,-8.43865203857422,"Unknown"
"7014857",371856,2025-09-08 19:34:38,43.1738319396973,-8.44007587432861,"Unknown"
"7014857",371856,2025-09-09 00:34:45,43.1718063354492,-8.44049167633057,"Unknown"
"7014857",371856,2025-09-09 04:28:05,43.1718597412109,-8.44082355499268,"Unknown"
"7014857",371856,2025-09-09 04:32:27,43.1718254089355,-8.4406852722168,"Unknown"
"7014857",371856,2025-09-09 04:37:28,43.1717185974121,-8.44077205657959,"Unknown"
"7014857",371856,2025-09-09 04:42:30,43.1718902587891,-8.44076919555664,"Unknown"
"7014857",371856,2025-09-09 04:47:37,43.1717948913574,-8.44079208374023,"Unknown"
"7014857",371856,2025-09-09 04:52:44,43.1718101501465,-8.44082641601562,"Unknown"
"7014857",371856,2025-09-09 04:57:28,43.1717681884766,-8.44082164764404,"Unknown"
"7014857",371856,2025-09-09 05:02:28,43.1717987060547,-8.44079494476318,"Unknown"
"7014857",371856,2025-09-09 05:07:27,43.1718788146973,-8.44075965881348,"Unknown"
"7014857",371856,2025-09-09 05:12:27,43.1718254089355,-8.44075584411621,"Unknown"
"7014857",371856,2025-09-09 05:17:28,43.1717948913574,-8.44077110290527,"Unknown"
"7014857",371856,2025-09-09 05:22:29,43.1715888977051,-8.44085788726807,"Unknown"
"7014857",371856,2025-09-09 05:27:28,43.1717109680176,-8.44079971313477,"Unknown"
"7014857",371856,2025-09-09 05:32:29,43.171703338623,-8.44079399108887,"Unknown"
"7014857",371856,2025-09-09 05:37:30,43.171802520752,-8.44085597991943,"Unknown"
"7014857",371856,2025-09-09 05:42:29,43.1717185974121,-8.44079303741455,"Unknown"
"7014857",371856,2025-09-09 05:47:36,43.1717338562012,-8.44108200073242,"Unknown"
"7014857",371856,2025-09-09 05:52:36,43.1720428466797,-8.44419574737549,"Unknown"
"7014857",371856,2025-09-09 05:57:42,43.1720886230469,-8.44333839416504,"Unknown"
"7014857",371856,2025-09-09 06:02:36,43.1715927124023,-8.44269466400146,"Unknown"
"7014857",371856,2025-09-09 06:07:36,43.171516418457,-8.44262218475342,"Unknown"
"7014857",371856,2025-09-09 06:12:36,43.1703948974609,-8.43837833404541,"Unknown"
"7014857",371856,2025-09-09 06:17:36,43.1704521179199,-8.43839836120605,"Unknown"
"7014857",371856,2025-09-09 06:22:36,43.1705055236816,-8.43838596343994,"Unknown"
"7014857",371856,2025-09-09 06:27:42,43.1704597473145,-8.43842315673828,"Unknown"
"7014857",371856,2025-09-09 06:32:28,43.1702575683594,-8.43828964233398,"Unknown"
"7014857",371856,2025-09-09 06:37:35,43.1702194213867,-8.43823528289795,"Unknown"
"7014857",371856,2025-09-09 06:42:35,43.1703300476074,-8.43819904327393,"Unknown"
"7014857",371856,2025-09-09 06:47:45,43.1700668334961,-8.43801498413086,"Unknown"
"7014857",371856,2025-09-09 06:52:36,43.1705474853516,-8.43847751617432,"Unknown"
"7014857",371856,2025-09-09 06:57:36,43.1701354980469,-8.43784618377686,"Unknown"
"7014857",371856,2025-09-09 07:02:36,43.1699829101562,-8.43776893615723,"Unknown"
"7014857",371856,2025-09-09 07:07:47,43.1714782714844,-8.4412670135498,"Unknown"
"7014857",371856,2025-09-09 07:12:37,43.1723442077637,-8.4439001083374,"Unknown"
"7014857",371856,2025-09-09 07:17:30,43.1713333129883,-8.440673828125,"Unknown"
"7014857",371856,2025-09-09 07:22:31,43.1715202331543,-8.44055938720703,"Unknown"
"7014857",371856,2025-09-09 07:27:34,43.1719055175781,-8.44291019439697,"Unknown"
"7014857",371856,2025-09-09 07:32:35,43.173267364502,-8.45032405853271,"Unknown"
"7014857",371856,2025-09-09 07:37:45,43.1722564697266,-8.44479751586914,"Unknown"
"7014857",371856,2025-09-09 07:42:36,43.1722755432129,-8.4449462890625,"Unknown"
"7014857",371856,2025-09-09 07:47:45,43.1723251342773,-8.44461631774902,"Unknown"
"7014857",371856,2025-09-09 07:52:31,43.1724967956543,-8.4453706741333,"Unknown"
"7014857",371856,2025-09-09 07:57:31,43.1724586486816,-8.44512557983398,"Unknown"
"7014857",371856,2025-09-09 08:02:31,43.1724739074707,-8.4451150894165,"Unknown"
"7014857",371856,2025-09-09 08:07:37,43.1720733642578,-8.44400119781494,"Unknown"
"7014857",371856,2025-09-09 08:12:35,43.1721878051758,-8.44435214996338,"Unknown"
"7014857",371856,2025-09-09 08:17:36,43.1721458435059,-8.44417381286621,"Unknown"
"7014857",371856,2025-09-09 08:22:36,43.1722106933594,-8.44422435760498,"Unknown"
"7014857",371856,2025-09-09 08:27:35,43.1721458435059,-8.44434356689453,"Unknown"
"7014857",371856,2025-09-09 08:32:59,43.1721649169922,-8.44430065155029,"Unknown"
"7014857",371856,2025-09-09 08:37:27,43.1722221374512,-8.44438552856445,"Unknown"
"7014857",371856,2025-09-09 08:42:27,43.1721725463867,-8.44429111480713,"Unknown"
"7014857",371856,2025-09-09 08:47:28,43.1721687316895,-8.44430541992188,"Unknown"
"7014857",371856,2025-09-09 08:52:29,43.1722183227539,-8.44407653808594,"Unknown"
"7014857",371856,2025-09-09 08:57:29,43.1722679138184,-8.44398593902588,"Unknown"
"7014857",371856,2025-09-09 09:02:28,43.172191619873,-8.4439525604248,"Unknown"
"7014857",371856,2025-09-09 09:07:27,43.172233581543,-8.44392967224121,"Unknown"
"7014857",371856,2025-09-09 09:12:28,43.1722259521484,-8.44395637512207,"Unknown"
"7014857",371856,2025-09-09 09:17:28,43.1722717285156,-8.44404888153076,"Unknown"
"7014857",371856,2025-09-09 09:22:28,43.1721687316895,-8.44389724731445,"Unknown"
"7014857",371856,2025-09-09 09:27:27,43.1722030639648,-8.443922996521,"Unknown"
"7014857",371856,2025-09-09 09:32:45,43.1721420288086,-8.44386672973633,"Unknown"
"7014857",371856,2025-09-09 09:37:27,43.1721038818359,-8.4438419342041,"Unknown"
"7014857",371856,2025-09-09 09:42:30,43.1720809936523,-8.4438533782959,"Unknown"
"7014857",371856,2025-09-09 09:47:46,43.1723937988281,-8.44420337677002,"Unknown"
"7014857",371856,2025-09-09 09:52:30,43.1721343994141,-8.4439058303833,"Unknown"
"7014857",371856,2025-09-09 09:57:37,43.1723442077637,-8.44409465789795,"Unknown"
"7014857",371856,2025-09-09 10:02:31,43.1723518371582,-8.44404602050781,"Unknown"
"7014857",371856,2025-09-09 10:07:36,43.1723365783691,-8.44417858123779,"Unknown"
"7014857",371856,2025-09-09 10:12:36,43.1723213195801,-8.44415283203125,"Unknown"
"7014857",371856,2025-09-09 10:17:30,43.1728439331055,-8.44460773468018,"Unknown"
"7014857",371856,2025-09-09 10:22:35,43.1734809875488,-8.44522953033447,"Unknown"
"7014857",371856,2025-09-09 10:27:35,43.1734771728516,-8.4452075958252,"Unknown"
"7014857",371856,2025-09-09 10:32:45,43.1727447509766,-8.44431591033936,"Unknown"
"7014857",371856,2025-09-09 10:37:28,43.172290802002,-8.44398498535156,"Unknown"
"7014857",371856,2025-09-09 10:42:27,43.1725120544434,-8.44419765472412,"Unknown"
"7014857",371856,2025-09-09 10:47:29,43.1728286743164,-8.44439601898193,"Unknown"
"7014857",371856,2025-09-09 10:52:30,43.1729393005371,-8.44442081451416,"Unknown"
"7014857",371856,2025-09-09 10:57:36,43.1729125976562,-8.44436264038086,"Unknown"
"7014857",371856,2025-09-09 11:02:35,43.1729354858398,-8.44435119628906,"Unknown"
"7014857",371856,2025-09-09 11:07:35,43.1720275878906,-8.44373989105225,"Unknown"
"7014857",371856,2025-09-09 11:12:35,43.1717185974121,-8.44367122650146,"Unknown"
"7014857",371856,2025-09-09 11:17:36,43.1717262268066,-8.44357204437256,"Unknown"
"7014857",371856,2025-09-09 11:22:36,43.1718215942383,-8.44364070892334,"Unknown"
"7014857",371856,2025-09-09 11:27:35,43.1721076965332,-8.44384479522705,"Unknown"
"7014857",371856,2025-09-09 11:33:35,43.1648788452148,-8.46558952331543,"Unknown"
"7014857",371856,2025-09-09 11:37:27,43.1512756347656,-8.47179794311523,"Unknown"
"7014857",371856,2025-09-09 11:42:27,43.1327018737793,-8.47238254547119,"Unknown"
"7014857",371856,2025-09-09 11:47:28,43.1323623657227,-8.47248649597168,"Unknown"
"7014857",371856,2025-09-09 11:52:28,43.1325035095215,-8.47243976593018,"Unknown"
"7014857",371856,2025-09-09 11:57:27,43.1324882507324,-8.47250556945801,"Unknown"
"7014857",371856,2025-09-09 12:02:28,43.1323127746582,-8.47163009643555,"Unknown"
"7014857",371856,2025-09-09 12:07:36,43.1305160522461,-8.47068786621094,"Unknown"
"7014857",371856,2025-09-09 12:12:36,43.1305847167969,-8.47077560424805,"Unknown"
"7014857",371856,2025-09-09 12:17:36,43.1311492919922,-8.4712085723877,"Unknown"
"7014857",371856,2025-09-09 12:22:36,43.1310958862305,-8.47113990783691,"Unknown"
"7014857",371856,2025-09-09 12:27:36,43.1312141418457,-8.47147750854492,"Unknown"
"7014857",371856,2025-09-09 12:33:05,43.130786895752,-8.4712085723877,"Unknown"
"7014857",371856,2025-09-09 12:37:28,43.1319808959961,-8.47317790985107,"Unknown"
"7014857",371856,2025-09-09 12:42:29,43.1327590942383,-8.47273445129395,"Unknown"
"7014857",371856,2025-09-09 12:47:30,43.132682800293,-8.47277641296387,"Unknown"
"7014857",371856,2025-09-09 12:52:28,43.1326179504395,-8.4723596572876,"Unknown"
"7014857",371856,2025-09-09 12:57:31,43.1323738098145,-8.47234058380127,"Unknown"
"7014857",371856,2025-09-09 13:02:30,43.1324653625488,-8.47249221801758,"Unknown"
"7014857",371856,2025-09-09 13:07:29,43.1324462890625,-8.47253894805908,"Unknown"
"7014857",371856,2025-09-09 13:12:29,43.132438659668,-8.47248649597168,"Unknown"
"7014857",371856,2025-09-09 13:17:30,43.1326446533203,-8.47273254394531,"Unknown"
"7014857",371856,2025-09-09 13:22:29,43.1324806213379,-8.47257041931152,"Unknown"
"7014857",371856,2025-09-09 13:27:29,43.1324729919434,-8.47258758544922,"Unknown"
"7014857",371856,2025-09-09 13:32:28,43.1323928833008,-8.47253799438477,"Unknown"
"7014857",371856,2025-09-09 13:37:28,43.13232421875,-8.47264671325684,"Unknown"
"7014857",371856,2025-09-09 13:42:28,43.1174011230469,-8.48415851593018,"Unknown"
"7014857",371856,2025-09-09 13:47:28,43.098747253418,-8.49763107299805,"Unknown"
"7014857",371856,2025-09-09 13:52:29,43.0987243652344,-8.49758434295654,"Unknown"
"7014857",371856,2025-09-09 13:57:28,43.10205078125,-8.49511528015137,"Unknown"
"7014857",371856,2025-09-09 14:02:29,43.1176261901855,-8.48386669158936,"Unknown"
"7014857",371856,2025-09-09 14:07:29,43.1286392211914,-8.47230815887451,"Unknown"
"7014857",371856,2025-09-09 14:12:33,43.1291275024414,-8.47194004058838,"Unknown"
"7014857",371856,2025-09-09 14:17:29,43.1293754577637,-8.47174072265625,"Unknown"
"7014857",371856,2025-09-09 14:22:33,43.1292037963867,-8.4717845916748,"Unknown"
"7014857",371856,2025-09-09 14:27:28,43.1291694641113,-8.47195625305176,"Unknown"
"7014857",371856,2025-09-09 14:32:31,43.1292839050293,-8.47179794311523,"Unknown"
"7014857",371856,2025-09-09 14:37:29,43.1290626525879,-8.47204780578613,"Unknown"
"7014857",371856,2025-09-09 14:42:29,43.129150390625,-8.47197914123535,"Unknown"
"7014857",371856,2025-09-09 14:47:29,43.1292839050293,-8.47278118133545,"Unknown"
"7014857",371856,2025-09-09 14:52:29,43.1289901733398,-8.47196292877197,"Unknown"
"7014857",371856,2025-09-09 14:57:28,43.1291198730469,-8.47169876098633,"Unknown"
"7014857",371856,2025-09-09 15:02:33,43.1290054321289,-8.47153091430664,"Unknown"
"7014857",371856,2025-09-09 15:07:29,43.129150390625,-8.47164154052734,"Unknown"
"7014857",371856,2025-09-09 15:12:31,43.1292610168457,-8.47171306610107,"Unknown"
"7014857",371856,2025-09-09 15:17:30,43.1291275024414,-8.47201538085938,"Unknown"
"7014857",371856,2025-09-09 15:22:44,43.1289215087891,-8.47150135040283,"Unknown"
"7014857",371856,2025-09-09 15:27:28,43.1291160583496,-8.47174072265625,"Unknown"
"7014857",371856,2025-09-09 15:32:31,43.1288566589355,-8.47161960601807,"Unknown"
"7014857",371856,2025-09-09 15:37:30,43.1283836364746,-8.47127723693848,"Unknown"
"7014857",371856,2025-09-09 15:42:37,43.1284942626953,-8.47208499908447,"Unknown"
"7014857",371856,2025-09-09 15:47:29,43.1279067993164,-8.47107887268066,"Unknown"
"7014857",371856,2025-09-09 15:52:35,43.1287422180176,-8.4716100692749,"Unknown"
"7014857",371856,2025-09-09 15:57:41,43.1287422180176,-8.4716625213623,"Unknown"
"7014857",371856,2025-09-09 16:02:29,43.1288681030273,-8.47159767150879,"Unknown"
"7014857",371856,2025-09-09 16:07:39,43.1297225952148,-8.47146892547607,"Unknown"
"7014857",371856,2025-09-09 16:12:28,43.129638671875,-8.47143459320068,"Unknown"
"7014857",371856,2025-09-09 16:17:29,43.1288986206055,-8.47160339355469,"Unknown"
"7014857",371856,2025-09-09 16:22:31,43.1289863586426,-8.47142124176025,"Unknown"
"7014857",371856,2025-09-09 16:27:29,43.1289520263672,-8.47162342071533,"Unknown"
"7014857",371856,2025-09-09 16:32:29,43.1291046142578,-8.4714298248291,"Unknown"
"7014857",371856,2025-09-09 16:37:28,43.1291618347168,-8.47109794616699,"Unknown"
"7014857",371856,2025-09-09 16:42:30,43.1290550231934,-8.47147464752197,"Unknown"
"7014857",371856,2025-09-09 16:47:33,43.128963470459,-8.47142696380615,"Unknown"
"7014857",371856,2025-09-09 16:52:29,43.1290473937988,-8.471435546875,"Unknown"
"7014857",371856,2025-09-09 16:57:34,43.1289215087891,-8.47148036956787,"Unknown"
"7014857",371856,2025-09-09 17:02:29,43.1288719177246,-8.47165775299072,"Unknown"
"7014857",371856,2025-09-09 17:07:40,43.1288719177246,-8.47168636322021,"Unknown"
"7014857",371856,2025-09-09 17:12:34,43.1288642883301,-8.47157287597656,"Unknown"
"7014857",371856,2025-09-09 17:17:33,43.1292037963867,-8.47135925292969,"Unknown"
"7014857",371856,2025-09-09 17:22:40,43.1290588378906,-8.47144794464111,"Unknown"
"7014857",371856,2025-09-09 17:27:30,43.1286811828613,-8.47167205810547,"Unknown"
"7014857",371856,2025-09-09 17:32:29,43.1284675598145,-8.47137260437012,"Unknown"
"7014857",371856,2025-09-09 17:37:28,43.1287651062012,-8.47108840942383,"Unknown"
"7014857",371856,2025-09-09 17:42:28,43.1301498413086,-8.47094917297363,"Unknown"
"7014857",371856,2025-09-09 17:47:29,43.131290435791,-8.47115707397461,"Unknown"
"7014857",371856,2025-09-09 17:52:29,43.1307716369629,-8.47152519226074,"Unknown"
"7014857",371856,2025-09-09 17:57:28,43.1310806274414,-8.47127056121826,"Unknown"
"7014857",371856,2025-09-09 18:02:29,43.1308860778809,-8.47093391418457,"Unknown"
"7014857",371856,2025-09-09 18:07:28,43.1308631896973,-8.47145462036133,"Unknown"
"7014857",371856,2025-09-09 18:12:28,43.1311645507812,-8.47139739990234,"Unknown"
"7014857",371856,2025-09-09 18:17:28,43.1310768127441,-8.47163581848145,"Unknown"
"7014857",371856,2025-09-09 18:22:34,43.1320152282715,-8.4687671661377,"Unknown"
"7014857",371856,2025-09-09 18:27:31,43.1321601867676,-8.46908760070801,"Unknown"
"7014857",371856,2025-09-09 18:32:28,43.1323432922363,-8.4687614440918,"Unknown"
"7014857",371856,2025-09-09 18:37:28,43.1323089599609,-8.46890258789062,"Unknown"
"7014857",371856,2025-09-09 18:42:30,43.132381439209,-8.46880722045898,"Unknown"
"7014857",371856,2025-09-09 18:47:28,43.1488380432129,-8.46767520904541,"Unknown"
"7014857",371856,2025-09-09 18:52:28,43.1711769104004,-8.43875217437744,"Unknown"
"7014857",371856,2025-09-09 18:57:28,43.171012878418,-8.439621925354,"Unknown"
"7014857",371856,2025-09-09 19:02:38,43.1706695556641,-8.43859958648682,"Unknown"
"7014857",371856,2025-09-09 19:07:37,43.1706047058105,-8.43901920318604,"Unknown"
"7014857",371856,2025-09-09 19:12:42,43.1707725524902,-8.43941116333008,"Unknown"
"7014857",371856,2025-09-09 19:17:31,43.1710090637207,-8.43923759460449,"Unknown"
"7014857",371856,2025-09-09 19:22:37,43.1712226867676,-8.43813991546631,"Unknown"
"7014857",371856,2025-09-09 19:27:29,43.1711654663086,-8.43881893157959,"Unknown"
"7014857",371856,2025-09-09 19:32:46,43.1712226867676,-8.43769550323486,"Unknown"
"7014857",371856,2025-09-10 00:33:05,43.1711540222168,-8.43852233886719,"Unknown"
"7014857",371856,2025-09-10 04:29:07,43.1710090637207,-8.43854904174805,"Unknown"
"7014857",371856,2025-09-10 04:33:57,43.1709632873535,-8.43854713439941,"Unknown"
"7014857",371856,2025-09-10 04:38:55,43.1708946228027,-8.43853759765625,"Unknown"
"7014857",371856,2025-09-10 04:43:56,43.1708106994629,-8.43858337402344,"Unknown"
"7014857",371856,2025-09-10 04:48:56,43.1709594726562,-8.43853092193604,"Unknown"
"7014857",371856,2025-09-10 04:54:10,43.171257019043,-8.43856811523438,"Unknown"
"7014857",371856,2025-09-10 04:58:54,43.1723442077637,-8.4385814666748,"Unknown"
"7014857",371856,2025-09-10 05:03:55,43.1721954345703,-8.43838310241699,"Unknown"
"7014857",371856,2025-09-10 05:08:54,43.1719055175781,-8.4383602142334,"Unknown"
"7014857",371856,2025-09-10 05:13:55,43.1717834472656,-8.43844032287598,"Unknown"
"7014857",371856,2025-09-10 05:18:59,43.1705894470215,-8.43859577178955,"Unknown"
"7014857",371856,2025-09-10 05:23:57,43.1725540161133,-8.43829727172852,"Unknown"
"7014857",371856,2025-09-10 05:28:54,43.1719665527344,-8.43835639953613,"Unknown"
"7014857",371856,2025-09-10 05:33:54,43.1709403991699,-8.43831157684326,"Unknown"
"7014857",371856,2025-09-10 05:38:54,43.1712493896484,-8.43817043304443,"Unknown"
"7014857",371856,2025-09-10 05:43:55,43.1715049743652,-8.43785095214844,"Unknown"
"7014857",371856,2025-09-10 05:49:15,43.171257019043,-8.4381685256958,"Unknown"
"7014857",371856,2025-09-10 05:53:54,43.1715621948242,-8.43786144256592,"Unknown"
"7014857",371856,2025-09-10 05:58:56,43.170482635498,-8.43834209442139,"Unknown"
"7014857",371856,2025-09-10 06:03:57,43.1713943481445,-8.43793392181396,"Unknown"
"7014857",371856,2025-09-10 06:08:56,43.1709480285645,-8.43886756896973,"Unknown"
"7014857",371856,2025-09-10 06:13:54,43.1714057922363,-8.43797588348389,"Unknown"
"7014857",371856,2025-09-10 06:18:55,43.1713562011719,-8.43783378601074,"Unknown"
"7014857",371856,2025-09-10 06:23:54,43.1730270385742,-8.44538497924805,"Unknown"
"7014857",371856,2025-09-10 06:28:55,43.1728096008301,-8.44570732116699,"Unknown"
"7014857",371856,2025-09-10 06:33:58,43.1726188659668,-8.4456844329834,"Unknown"
"7014857",371856,2025-09-10 06:38:57,43.1733322143555,-8.44478893280029,"Unknown"
"7014857",371856,2025-09-10 06:43:54,43.172924041748,-8.44524765014648,"Unknown"
"7014857",371856,2025-09-10 06:49:05,43.1725883483887,-8.44581890106201,"Unknown"
"7014857",371856,2025-09-10 06:53:56,43.1727714538574,-8.44486236572266,"Unknown"
"7014857",371856,2025-09-10 06:58:58,43.173168182373,-8.44410037994385,"Unknown"
"7014857",371856,2025-09-10 07:03:59,43.1731300354004,-8.44438362121582,"Unknown"
"7014857",371856,2025-09-10 07:08:58,43.1728668212891,-8.44556903839111,"Unknown"
"7014857",371856,2025-09-10 07:14:01,43.1730766296387,-8.44515800476074,"Unknown"
"7014857",371856,2025-09-10 07:18:56,43.1733665466309,-8.44397258758545,"Unknown"
"7014857",371856,2025-09-10 07:23:55,43.1722412109375,-8.44531917572021,"Unknown"
"7014857",371856,2025-09-10 07:29:00,43.1722640991211,-8.4453706741333,"Unknown"
"7014857",371856,2025-09-10 07:33:55,43.1721649169922,-8.44535064697266,"Unknown"
"7014857",371856,2025-09-10 07:38:57,43.1716346740723,-8.4459753036499,"Unknown"
"7014857",371856,2025-09-10 07:43:56,43.1717338562012,-8.44489669799805,"Unknown"
"7014857",371856,2025-09-10 07:48:56,43.1716613769531,-8.4448881149292,"Unknown"
"7014857",371856,2025-09-10 07:53:55,43.1718444824219,-8.44507312774658,"Unknown"
"7014857",371856,2025-09-10 07:58:56,43.1716041564941,-8.44509696960449,"Unknown"
"7014857",371856,2025-09-10 08:03:56,43.171573638916,-8.44502353668213,"Unknown"
"7014857",371856,2025-09-10 08:08:56,43.1715965270996,-8.44515514373779,"Unknown"
"7014857",371856,2025-09-10 08:13:55,43.1716079711914,-8.44522857666016,"Unknown"
"7014857",371856,2025-09-10 08:18:55,43.1716384887695,-8.4452018737793,"Unknown"
"7014857",371856,2025-09-10 08:23:54,43.1716117858887,-8.44526195526123,"Unknown"
"7014857",371856,2025-09-10 08:28:57,43.1716690063477,-8.44493198394775,"Unknown"
"7014857",371856,2025-09-10 08:33:54,43.1716232299805,-8.44525527954102,"Unknown"
"7014857",371856,2025-09-10 08:38:54,43.1716346740723,-8.44538307189941,"Unknown"
"7014857",371856,2025-09-10 08:43:55,43.1715965270996,-8.44542598724365,"Unknown"
"7014857",371856,2025-09-10 08:48:56,43.1707916259766,-8.44546127319336,"Unknown"
"7014857",371856,2025-09-10 08:53:58,43.1718101501465,-8.44580459594727,"Unknown"
"7014857",371856,2025-09-10 08:58:55,43.1718597412109,-8.44579887390137,"Unknown"
"7014857",371856,2025-09-10 09:03:56,43.1722564697266,-8.44619655609131,"Unknown"
"7014857",371856,2025-09-10 09:08:56,43.1724967956543,-8.44618988037109,"Unknown"
"7014857",371856,2025-09-10 09:13:57,43.1709365844727,-8.44578075408936,"Unknown"
"7014857",371856,2025-09-10 09:18:57,43.1710624694824,-8.44570922851562,"Unknown"
"7014857",371856,2025-09-10 09:23:55,43.1715354919434,-8.44601154327393,"Unknown"
"7014857",371856,2025-09-10 09:28:56,43.1706390380859,-8.44548988342285,"Unknown"
"7014857",371856,2025-09-10 09:33:55,43.1710510253906,-8.44581699371338,"Unknown"
"7014857",371856,2025-09-10 09:38:55,43.1712036132812,-8.44533252716064,"Unknown"
"7014857",371856,2025-09-10 09:43:58,43.1709060668945,-8.4456844329834,"Unknown"
"7014857",371856,2025-09-10 09:48:57,43.1708374023438,-8.44570159912109,"Unknown"
"7014857",371856,2025-09-10 09:53:55,43.1710395812988,-8.44562911987305,"Unknown"
"7014857",371856,2025-09-10 09:58:55,43.1691703796387,-8.44272422790527,"Unknown"
"7014857",371856,2025-09-10 10:03:55,43.1692657470703,-8.44257354736328,"Unknown"
"7014857",371856,2025-09-10 10:08:55,43.1691627502441,-8.44266414642334,"Unknown"
"7014857",371856,2025-09-10 10:13:55,43.1691856384277,-8.44287490844727,"Unknown"
"7014857",371856,2025-09-10 10:18:56,43.1692657470703,-8.44264125823975,"Unknown"
"7014857",371856,2025-09-10 10:23:54,43.169376373291,-8.44276237487793,"Unknown"
"7014857",371856,2025-09-10 10:28:54,43.1694946289062,-8.44293785095215,"Unknown"
"7014857",371856,2025-09-10 10:33:54,43.1695251464844,-8.44256782531738,"Unknown"
"7014857",371856,2025-09-10 10:38:54,43.1707611083984,-8.4409646987915,"Unknown"
"7014857",371856,2025-09-10 10:43:54,43.1697540283203,-8.44247436523438,"Unknown"
"7014857",371856,2025-09-10 10:48:54,43.169750213623,-8.44237232208252,"Unknown"
"7014857",371856,2025-09-10 10:53:54,43.1696853637695,-8.44235801696777,"Unknown"
"7014857",371856,2025-09-10 10:58:54,43.1696548461914,-8.44262599945068,"Unknown"
"7014857",371856,2025-09-10 11:03:54,43.1695556640625,-8.44271659851074,"Unknown"
"7014857",371856,2025-09-10 11:08:54,43.1695442199707,-8.44268798828125,"Unknown"
"7014857",371856,2025-09-10 11:13:54,43.1695022583008,-8.44285488128662,"Unknown"
"7014857",371856,2025-09-10 11:18:55,43.1695251464844,-8.4429759979248,"Unknown"
"7014857",371856,2025-09-10 11:23:54,43.1696586608887,-8.44283485412598,"Unknown"
"7014857",371856,2025-09-10 11:28:54,43.1695098876953,-8.4428768157959,"Unknown"
"7014857",371856,2025-09-10 11:33:54,43.1694412231445,-8.4431209564209,"Unknown"
"7014857",371856,2025-09-10 11:38:54,43.1684837341309,-8.44230842590332,"Unknown"
"7014857",371856,2025-09-10 11:43:53,43.1572189331055,-8.45990371704102,"Unknown"
"7014857",371856,2025-09-10 11:48:54,43.1448059082031,-8.46592617034912,"Unknown"
"7014857",371856,2025-09-10 11:53:55,43.1310272216797,-8.46902942657471,"Unknown"
"7014857",371856,2025-09-10 11:58:54,43.1306037902832,-8.46876239776611,"Unknown"
"7014857",371856,2025-09-10 12:03:54,43.1306571960449,-8.46883678436279,"Unknown"
"7014857",371856,2025-09-10 12:08:54,43.1306991577148,-8.46892547607422,"Unknown"
"7014857",371856,2025-09-10 12:13:54,43.1309661865234,-8.46896362304688,"Unknown"
"7014857",371856,2025-09-10 12:18:55,43.1325531005859,-8.47266101837158,"Unknown"
"7014857",371856,2025-09-10 12:23:54,43.132438659668,-8.47262001037598,"Unknown"
"7014857",371856,2025-09-10 12:28:54,43.1323623657227,-8.47272491455078,"Unknown"
"7014857",371856,2025-09-10 12:33:55,43.1323852539062,-8.47256565093994,"Unknown"
"7014857",371856,2025-09-10 12:38:55,43.132755279541,-8.47271347045898,"Unknown"
"7014857",371856,2025-09-10 12:43:54,43.1329116821289,-8.47275638580322,"Unknown"
"7014857",371856,2025-09-10 12:48:54,43.1329116821289,-8.47286605834961,"Unknown"
"7014857",371856,2025-09-10 12:53:55,43.1330070495605,-8.47280406951904,"Unknown"
"7014857",371856,2025-09-10 12:58:55,43.1327819824219,-8.47321510314941,"Unknown"
"7014857",371856,2025-09-10 13:03:55,43.1327095031738,-8.47261810302734,"Unknown"
"7014857",371856,2025-09-10 13:08:55,43.1327590942383,-8.47250270843506,"Unknown"
"7014857",371856,2025-09-10 13:14:00,43.1319046020508,-8.46758365631104,"Unknown"
"7014857",371856,2025-09-10 13:18:54,43.1322059631348,-8.46846866607666,"Unknown"
"7014857",371856,2025-09-10 13:23:55,43.1322479248047,-8.4679536819458,"Unknown"
"7014857",371856,2025-09-10 13:28:55,43.1316947937012,-8.46683597564697,"Unknown"
"7014857",371856,2025-09-10 13:33:57,43.1317138671875,-8.46661949157715,"Unknown"
"7014857",371856,2025-09-10 13:38:55,43.1320648193359,-8.46734142303467,"Unknown"
"7014857",371856,2025-09-10 13:43:57,43.1316566467285,-8.46658706665039,"Unknown"
"7014857",371856,2025-09-10 13:48:57,43.132942199707,-8.46905136108398,"Unknown"
"7014857",371856,2025-09-10 13:53:55,43.1332702636719,-8.46955013275146,"Unknown"
"7014857",371856,2025-09-10 13:58:56,43.1330909729004,-8.46921253204346,"Unknown"
"7014857",371856,2025-09-10 14:03:57,43.1330108642578,-8.46673393249512,"Unknown"
"7014857",371856,2025-09-10 14:08:55,43.1336364746094,-8.4699535369873,"Unknown"
"7014857",371856,2025-09-10 14:13:55,43.134162902832,-8.47091960906982,"Unknown"
"7014857",371856,2025-09-10 14:18:58,43.1345100402832,-8.46999931335449,"Unknown"
"7014857",371856,2025-09-10 14:23:59,43.1349868774414,-8.46985912322998,"Unknown"
"7014857",371856,2025-09-10 14:28:54,43.1357498168945,-8.47238731384277,"Unknown"
"7014857",371856,2025-09-10 14:33:56,43.1347274780273,-8.47044086456299,"Unknown"
"7014857",371856,2025-09-10 14:38:54,43.1345291137695,-8.46963500976562,"Unknown"
"7014857",371856,2025-09-10 14:43:54,43.134693145752,-8.47017574310303,"Unknown"
"7014857",371856,2025-09-10 14:48:54,43.1344718933105,-8.46933937072754,"Unknown"
"7014857",371856,2025-09-10 14:53:54,43.1342582702637,-8.46892070770264,"Unknown"
"7014857",371856,2025-09-10 14:58:54,43.1342391967773,-8.46890544891357,"Unknown"
"7014857",371856,2025-09-10 15:03:54,43.1342315673828,-8.46888637542725,"Unknown"
"7014857",371856,2025-09-10 15:08:54,43.134708404541,-8.46853160858154,"Unknown"
"7014857",371856,2025-09-10 15:13:56,43.135311126709,-8.47017478942871,"Unknown"
"7014857",371856,2025-09-10 15:18:55,43.1346893310547,-8.46869850158691,"Unknown"
"7014857",371856,2025-09-10 15:23:55,43.1347579956055,-8.46886539459229,"Unknown"
"7014857",371856,2025-09-10 15:28:55,43.1346588134766,-8.46860694885254,"Unknown"
"7014857",371856,2025-09-10 15:33:55,43.1352806091309,-8.46987342834473,"Unknown"
"7014857",371856,2025-09-10 15:38:54,43.1346855163574,-8.46871185302734,"Unknown"
"7014857",371856,2025-09-10 15:43:55,43.134765625,-8.46883583068848,"Unknown"
"7014857",371856,2025-09-10 15:48:54,43.1353416442871,-8.46991539001465,"Unknown"
"7014857",371856,2025-09-10 15:53:54,43.134765625,-8.46884346008301,"Unknown"
"7014857",371856,2025-09-10 15:58:54,43.1342811584473,-8.4682731628418,"Unknown"
"7014857",371856,2025-09-10 16:04:12,43.1332321166992,-8.46652793884277,"Unknown"
"7014857",371856,2025-09-10 16:09:09,43.1332740783691,-8.46657371520996,"Unknown"
"7014857",371856,2025-09-10 16:13:57,43.1333312988281,-8.46756076812744,"Unknown"
"7014857",371856,2025-09-10 16:18:59,43.1332206726074,-8.46766948699951,"Unknown"
"7014857",371856,2025-09-10 16:23:57,43.1332511901855,-8.46759986877441,"Unknown"
"7014857",371856,2025-09-10 16:28:55,43.1329650878906,-8.46780204772949,"Unknown"
"7014857",371856,2025-09-10 16:33:58,43.1332015991211,-8.46759605407715,"Unknown"
"7014857",371856,2025-09-10 16:38:57,43.1333198547363,-8.4675931930542,"Unknown"
"7014857",371856,2025-09-10 16:43:58,43.1332969665527,-8.46760559082031,"Unknown"
"7014857",371856,2025-09-10 16:48:59,43.1332550048828,-8.46754741668701,"Unknown"
"7014857",371856,2025-09-10 16:54:01,43.1334266662598,-8.46762275695801,"Unknown"
"7014857",371856,2025-09-10 16:58:58,43.1334228515625,-8.46765041351318,"Unknown"
"7014857",371856,2025-09-10 17:04:01,43.1334533691406,-8.46773052215576,"Unknown"
"7014857",371856,2025-09-10 17:09:14,43.1331748962402,-8.46756172180176,"Unknown"
"7014857",371856,2025-09-10 17:13:58,43.1330757141113,-8.46729469299316,"Unknown"
"7014857",371856,2025-09-10 17:18:55,43.133228302002,-8.46727561950684,"Unknown"
"7014857",371856,2025-09-10 17:23:56,43.1332740783691,-8.46733570098877,"Unknown"
"7014857",371856,2025-09-10 17:29:00,43.133544921875,-8.46735572814941,"Unknown"
"7014857",371856,2025-09-10 17:33:56,43.1335105895996,-8.46739101409912,"Unknown"
"7014857",371856,2025-09-10 17:39:04,43.1340866088867,-8.4685001373291,"Unknown"
"7014857",371856,2025-09-10 17:43:55,43.1343765258789,-8.46834659576416,"Unknown"
"7014857",371856,2025-09-10 17:48:57,43.1343765258789,-8.46853160858154,"Unknown"
"7014857",371856,2025-09-10 17:53:56,43.1344032287598,-8.46844959259033,"Unknown"
"7014857",371856,2025-09-10 17:59:14,43.1479110717773,-8.46519660949707,"Unknown"
"7014857",371856,2025-09-10 18:03:55,43.172176361084,-8.44201469421387,"Unknown"
"7014857",371856,2025-09-10 18:09:00,43.1707801818848,-8.43787288665771,"Unknown"
"7014857",371856,2025-09-10 18:14:14,43.1706314086914,-8.43819618225098,"Unknown"
"7014857",371856,2025-09-10 18:19:04,43.1706809997559,-8.43819427490234,"Unknown"
"7014857",371856,2025-09-10 18:23:55,43.1711692810059,-8.43813705444336,"Unknown"
"7014857",371856,2025-09-10 18:28:55,43.1709518432617,-8.43796253204346,"Unknown"
"7014857",371856,2025-09-10 18:33:58,43.1707344055176,-8.43701553344727,"Unknown"
"7014857",371856,2025-09-10 18:38:57,43.1704254150391,-8.43710803985596,"Unknown"
"7014857",371856,2025-09-10 18:43:55,43.170093536377,-8.43656921386719,"Unknown"
"7014857",371856,2025-09-10 18:49:14,43.170654296875,-8.43750095367432,"Unknown"
"7014857",371856,2025-09-10 18:53:57,43.1709213256836,-8.43777942657471,"Unknown"
"7014857",371856,2025-09-10 18:58:58,43.1704406738281,-8.43756484985352,"Unknown"
"7014857",371856,2025-09-10 19:04:08,43.1707382202148,-8.43679809570312,"Unknown"
"7014857",371856,2025-09-10 19:08:57,43.1709442138672,-8.4377498626709,"Unknown"
"7014857",371856,2025-09-10 19:14:02,43.1703910827637,-8.43730640411377,"Unknown"
"7014857",371856,2025-09-10 19:18:59,43.1701736450195,-8.43710803985596,"Unknown"
"7014857",371856,2025-09-10 19:24:01,43.1701927185059,-8.43729591369629,"Unknown"
"7014857",371856,2025-09-10 19:30:47,43.1700248718262,-8.43729400634766,"Unknown"
"7014857",371856,2025-09-11 00:30:47,43.1707954406738,-8.44015789031982,"Unknown"
"7014857",371856,2025-09-11 04:30:45,43.1709480285645,-8.43943881988525,"Unknown"
"7014857",371856,2025-09-11 04:35:18,43.1710166931152,-8.43934535980225,"Unknown"
"7014857",371856,2025-09-11 04:40:18,43.1709594726562,-8.43939590454102,"Unknown"
"7014857",371856,2025-09-11 04:45:18,43.1707649230957,-8.43939208984375,"Unknown"
"7014857",371856,2025-09-11 04:50:19,43.1709175109863,-8.43944835662842,"Unknown"
"7014857",371856,2025-09-11 04:55:19,43.1708183288574,-8.4393892288208,"Unknown"
"7014857",371856,2025-09-11 05:00:18,43.1711235046387,-8.43948745727539,"Unknown"
"7014857",371856,2025-09-11 05:05:19,43.1712608337402,-8.43948554992676,"Unknown"
"7014857",371856,2025-09-11 05:10:20,43.171215057373,-8.43939685821533,"Unknown"
"7014857",371856,2025-09-11 05:15:44,43.1710052490234,-8.43953990936279,"Unknown"
"7014857",371856,2025-09-11 05:20:53,43.170955657959,-8.43953323364258,"Unknown"
"7014857",371856,2025-09-11 05:25:18,43.1709442138672,-8.43928337097168,"Unknown"
"7014857",371856,2025-09-11 05:30:18,43.1709327697754,-8.43942356109619,"Unknown"
"7014857",371856,2025-09-11 05:35:18,43.1707229614258,-8.43887233734131,"Unknown"
"7014857",371856,2025-09-11 05:40:24,43.1709175109863,-8.43937301635742,"Unknown"
"7014857",371856,2025-09-11 05:45:44,43.1709060668945,-8.43935489654541,"Unknown"
"7014857",371856,2025-09-11 05:50:21,43.1709365844727,-8.43946838378906,"Unknown"
"7014857",371856,2025-09-11 05:55:50,43.1709327697754,-8.43959617614746,"Unknown"
"7014857",371856,2025-09-11 06:00:18,43.1708984375,-8.43966293334961,"Unknown"
"7014857",371856,2025-09-11 06:05:18,43.1709671020508,-8.43961811065674,"Unknown"
"7014857",371856,2025-09-11 06:10:18,43.1721305847168,-8.44641780853271,"Unknown"
"7014857",371856,2025-09-11 06:15:18,43.1721115112305,-8.44639873504639,"Unknown"
"7014857",371856,2025-09-11 06:20:17,43.1721267700195,-8.44628047943115,"Unknown"
"7014857",371856,2025-09-11 06:25:18,43.1721153259277,-8.44628238677979,"Unknown"
"7014857",371856,2025-09-11 06:30:18,43.1721305847168,-8.44636917114258,"Unknown"
"7014857",371856,2025-09-11 06:35:18,43.1720962524414,-8.44670867919922,"Unknown"
"7014857",371856,2025-09-11 06:40:18,43.1714134216309,-8.44606494903564,"Unknown"
"7014857",371856,2025-09-11 06:45:22,43.1712837219238,-8.44560623168945,"Unknown"
"7014857",371856,2025-09-11 06:50:42,43.1712989807129,-8.44562911987305,"Unknown"
"7014857",371856,2025-09-11 06:55:18,43.1713104248047,-8.44565963745117,"Unknown"
"7014857",371856,2025-09-11 07:00:18,43.1691017150879,-8.44267749786377,"Unknown"
"7014857",371856,2025-09-11 07:05:18,43.1690673828125,-8.44267559051514,"Unknown"
"7014857",371856,2025-09-11 07:10:18,43.1690559387207,-8.44272994995117,"Unknown"
"7014857",371856,2025-09-11 07:15:21,43.1691131591797,-8.442795753479,"Unknown"
"7014857",371856,2025-09-11 07:20:18,43.1692848205566,-8.4428539276123,"Unknown"
"7014857",371856,2025-09-11 07:25:31,43.1685256958008,-8.44248390197754,"Unknown"
"7014857",371856,2025-09-11 07:30:22,43.1692199707031,-8.44276428222656,"Unknown"
"7014857",371856,2025-09-11 07:35:38,43.1687469482422,-8.44260120391846,"Unknown"
"7014857",371856,2025-09-11 07:40:20,43.1687622070312,-8.44259166717529,"Unknown"
"7014857",371856,2025-09-11 07:45:46,43.1715774536133,-8.44628524780273,"Unknown"
"7014857",371856,2025-09-11 07:50:20,43.1718902587891,-8.44650840759277,"Unknown"
"7014857",371856,2025-09-11 07:55:33,43.171688079834,-8.44639492034912,"Unknown"
"7014857",371856,2025-09-11 08:00:21,43.1716575622559,-8.44647216796875,"Unknown"
"7014857",371856,2025-09-11 08:05:44,43.1706275939941,-8.44559860229492,"Unknown"
"7014857",371856,2025-09-11 08:10:52,43.1714553833008,-8.44607067108154,"Unknown"
"7014857",371856,2025-09-11 08:15:18,43.1714172363281,-8.44600391387939,"Unknown"
"7014857",371856,2025-09-11 08:20:19,43.1714553833008,-8.44587421417236,"Unknown"
"7014857",371856,2025-09-11 08:25:18,43.1715202331543,-8.44629192352295,"Unknown"
"7014857",371856,2025-09-11 08:30:18,43.1714515686035,-8.44625186920166,"Unknown"
"7014857",371856,2025-09-11 08:35:20,43.1714668273926,-8.44621276855469,"Unknown"
"7014857",371856,2025-09-11 08:40:19,43.1714820861816,-8.44625377655029,"Unknown"
"7014857",371856,2025-09-11 08:45:17,43.1712455749512,-8.44629573822021,"Unknown"
"7014857",371856,2025-09-11 08:50:21,43.1713790893555,-8.44638252258301,"Unknown"
"7014857",371856,2025-09-11 08:55:20,43.17138671875,-8.44638919830322,"Unknown"
"7014857",371856,2025-09-11 09:00:27,43.171329498291,-8.44630908966064,"Unknown"
"7014857",371856,2025-09-11 09:05:19,43.1713485717773,-8.44642543792725,"Unknown"
"7014857",371856,2025-09-11 09:10:19,43.1714096069336,-8.44646167755127,"Unknown"
"7014857",371856,2025-09-11 09:15:25,43.1713714599609,-8.44635391235352,"Unknown"
"7014857",371856,2025-09-11 09:20:27,43.1714210510254,-8.4463939666748,"Unknown"
"7014857",371856,2025-09-11 09:25:21,43.171459197998,-8.44641971588135,"Unknown"
"7014857",371856,2025-09-11 09:30:22,43.1714820861816,-8.44640636444092,"Unknown"
"7014857",371856,2025-09-11 09:35:34,43.1714820861816,-8.44640636444092,"Unknown"
"7014857",371856,2025-09-11 09:40:39,43.1714324951172,-8.44644069671631,"Unknown"
"7014857",371856,2025-09-11 09:45:44,43.1712875366211,-8.44632720947266,"Unknown"
"7014857",371856,2025-09-11 09:50:18,43.1712036132812,-8.44629573822021,"Unknown"
"7014857",371856,2025-09-11 09:55:20,43.1714324951172,-8.44684028625488,"Unknown"
"7014857",371856,2025-09-11 10:00:20,43.1711616516113,-8.44656562805176,"Unknown"
"7014857",371856,2025-09-11 10:05:18,43.1711311340332,-8.44629192352295,"Unknown"
"7014857",371856,2025-09-11 10:10:18,43.1713600158691,-8.44657230377197,"Unknown"
"7014857",371856,2025-09-11 10:15:18,43.1714553833008,-8.44662857055664,"Unknown"
"7014857",371856,2025-09-11 10:20:18,43.1714134216309,-8.44654941558838,"Unknown"
"7014857",371856,2025-09-11 10:25:18,43.1714057922363,-8.44663524627686,"Unknown"
"7014857",371856,2025-09-11 10:30:40,43.1715545654297,-8.44663619995117,"Unknown"
"7014857",371856,2025-09-11 10:35:20,43.1714859008789,-8.44662094116211,"Unknown"
"7014857",371856,2025-09-11 10:40:21,43.1712265014648,-8.44701290130615,"Unknown"
"7014857",371856,2025-09-11 10:45:22,43.1710472106934,-8.44649219512939,"Unknown"
"7014857",371856,2025-09-11 10:50:23,43.1711311340332,-8.44654369354248,"Unknown"
"7014857",371856,2025-09-11 10:55:27,43.1709899902344,-8.44626235961914,"Unknown"
"7014857",371856,2025-09-11 11:00:30,43.1716651916504,-8.44649982452393,"Unknown"
"7014857",371856,2025-09-11 11:05:20,43.1713409423828,-8.44719123840332,"Unknown"
"7014857",371856,2025-09-11 11:10:23,43.1711235046387,-8.44652652740479,"Unknown"
"7014857",371856,2025-09-11 11:15:44,43.1716842651367,-8.44645881652832,"Unknown"
"7014857",371856,2025-09-11 11:20:31,43.1715698242188,-8.44633769989014,"Unknown"
"7014857",371856,2025-09-11 11:25:21,43.1718597412109,-8.44632339477539,"Unknown"
"7014857",371856,2025-09-11 11:30:21,43.1719627380371,-8.44684410095215,"Unknown"
"7014857",371856,2025-09-11 11:35:23,43.1719284057617,-8.44688415527344,"Unknown"
"7014857",371856,2025-09-11 11:40:30,43.1714630126953,-8.44627666473389,"Unknown"
"7014857",371856,2025-09-11 11:45:44,43.1713981628418,-8.44583797454834,"Unknown"
"7014857",371856,2025-09-11 11:50:18,43.1712493896484,-8.44649314880371,"Unknown"
"7014857",371856,2025-09-11 11:55:18,43.1713447570801,-8.44616031646729,"Unknown"
"7014857",371856,2025-09-11 12:00:21,43.172004699707,-8.44663238525391,"Unknown"
"7014857",371856,2025-09-11 12:05:19,43.1727752685547,-8.44051647186279,"Unknown"
"7014857",371856,2025-09-11 12:10:22,43.1919021606445,-8.42008304595947,"Unknown"
"7014857",371856,2025-09-11 12:15:30,43.1917953491211,-8.41990947723389,"Unknown"
"7014857",371856,2025-09-11 12:20:19,43.1916694641113,-8.42008686065674,"Unknown"
"7014857",371856,2025-09-11 12:25:18,43.1898193359375,-8.41274929046631,"Unknown"
"7014857",371856,2025-09-11 12:30:53,43.1885147094727,-8.42051601409912,"Unknown"
"7014857",371856,2025-09-11 12:35:21,43.1881484985352,-8.41907215118408,"Unknown"
"7014857",371856,2025-09-11 12:40:18,43.1878204345703,-8.41429996490479,"Unknown"
"7014857",371856,2025-09-11 12:45:18,43.1830673217773,-8.43963050842285,"Unknown"
"7014857",371856,2025-09-11 12:50:18,43.1717185974121,-8.44614219665527,"Unknown"
"7014857",371856,2025-09-11 12:55:39,43.1719093322754,-8.44634819030762,"Unknown"
"7014857",371856,2025-09-11 13:00:18,43.1718559265137,-8.44637584686279,"Unknown"
"7014857",371856,2025-09-11 13:05:23,43.1717567443848,-8.4461612701416,"Unknown"
"7014857",371856,2025-09-11 13:10:19,43.1718559265137,-8.4464693069458,"Unknown"
"7014857",371856,2025-09-11 13:15:35,43.1719627380371,-8.44666004180908,"Unknown"
"7014857",371856,2025-09-11 13:20:18,43.171989440918,-8.44665145874023,"Unknown"
"7014857",371856,2025-09-11 13:25:44,43.1719017028809,-8.44620418548584,"Unknown"
"7014857",371856,2025-09-11 13:30:18,43.1719436645508,-8.44619369506836,"Unknown"
"7014857",371856,2025-09-11 13:35:20,43.1719207763672,-8.44627094268799,"Unknown"
"7014857",371856,2025-09-11 13:40:22,43.1720581054688,-8.4468240737915,"Unknown"
"7014857",371856,2025-09-11 13:45:42,43.1720504760742,-8.44641876220703,"Unknown"
"7014857",371856,2025-09-11 13:50:20,43.1720390319824,-8.44619274139404,"Unknown"
"7014857",371856,2025-09-11 13:55:21,43.1718482971191,-8.44619464874268,"Unknown"
"7014857",371856,2025-09-11 14:00:20,43.1709938049316,-8.44544315338135,"Unknown"
"7014857",371856,2025-09-11 14:05:20,43.1708679199219,-8.44542789459229,"Unknown"
"7014857",371856,2025-09-11 14:10:19,43.1708488464355,-8.44595623016357,"Unknown"
"7014857",371856,2025-09-11 14:15:22,43.1709175109863,-8.44613170623779,"Unknown"
"7014857",371856,2025-09-11 14:20:22,43.1702079772949,-8.44546699523926,"Unknown"
"7014857",371856,2025-09-11 14:25:23,43.1709327697754,-8.44584178924561,"Unknown"
"7014857",371856,2025-09-11 14:30:44,43.1707801818848,-8.44586086273193,"Unknown"
"7014857",371856,2025-09-11 14:35:20,43.1705932617188,-8.44622135162354,"Unknown"
"7014857",371856,2025-09-11 14:40:22,43.170597076416,-8.44626808166504,"Unknown"
"7014857",371856,2025-09-11 14:45:20,43.1707191467285,-8.4459342956543,"Unknown"
"7014857",371856,2025-09-11 14:50:21,43.1705627441406,-8.44578742980957,"Unknown"
"7014857",371856,2025-09-11 14:55:24,43.1709632873535,-8.44534778594971,"Unknown"
"7014857",371856,2025-09-11 15:00:21,43.1706657409668,-8.44576454162598,"Unknown"
"7014857",371856,2025-09-11 15:05:23,43.1706581115723,-8.44602298736572,"Unknown"
"7014857",371856,2025-09-11 15:10:28,43.1706352233887,-8.44571590423584,"Unknown"
"7014857",371856,2025-09-11 15:15:44,43.1706771850586,-8.44595623016357,"Unknown"
"7014857",371856,2025-09-11 15:20:21,43.1713218688965,-8.44613838195801,"Unknown"
"7014857",371856,2025-09-11 15:25:23,43.1711883544922,-8.4458703994751,"Unknown"
"7014857",371856,2025-09-11 15:30:25,43.1707305908203,-8.44632625579834,"Unknown"
"7014857",371856,2025-09-11 15:35:24,43.1709060668945,-8.44580841064453,"Unknown"
"7014857",371856,2025-09-11 15:40:23,43.1708641052246,-8.44595050811768,"Unknown"
"7014857",371856,2025-09-11 15:45:44,43.1708602905273,-8.44566249847412,"Unknown"
"7014857",371856,2025-09-11 15:50:22,43.1708488464355,-8.44579029083252,"Unknown"
"7014857",371856,2025-09-11 15:55:29,43.167724609375,-8.4521541595459,"Unknown"
"7014857",371856,2025-09-11 16:00:21,43.1480674743652,-8.46302223205566,"Unknown"
"7014857",371856,2025-09-11 16:05:42,43.1299514770508,-8.47061824798584,"Unknown"
"7014857",371856,2025-09-11 16:10:22,43.1303176879883,-8.47120189666748,"Unknown"
"7014857",371856,2025-09-11 16:15:24,43.1305351257324,-8.47118377685547,"Unknown"
"7014857",371856,2025-09-11 16:20:29,43.1299362182617,-8.47061157226562,"Unknown"
"7014857",371856,2025-09-11 16:25:29,43.1298599243164,-8.47065734863281,"Unknown"
"7014857",371856,2025-09-11 16:30:21,43.1306076049805,-8.46922492980957,"Unknown"
"7014857",371856,2025-09-11 16:35:21,43.1306190490723,-8.46931838989258,"Unknown"
"7014857",371856,2025-09-11 16:40:23,43.1306114196777,-8.47122764587402,"Unknown"
"7014857",371856,2025-09-11 16:46:02,43.1308631896973,-8.4709005355835,"Unknown"
"7014857",371856,2025-09-11 16:50:20,43.1305961608887,-8.47086238861084,"Unknown"
"7014857",371856,2025-09-11 16:55:21,43.1305847167969,-8.47091674804688,"Unknown"
"7014857",371856,2025-09-11 17:00:20,43.1304054260254,-8.47191143035889,"Unknown"
"7014857",371856,2025-09-11 17:05:22,43.1323318481445,-8.46853160858154,"Unknown"
"7014857",371856,2025-09-11 17:10:21,43.1326446533203,-8.46799468994141,"Unknown"
"7014857",371856,2025-09-11 17:15:20,43.1326484680176,-8.46805763244629,"Unknown"
"7014857",371856,2025-09-11 17:20:20,43.1326866149902,-8.46800708770752,"Unknown"
"7014857",371856,2025-09-11 17:25:21,43.1326599121094,-8.46805000305176,"Unknown"
"7014857",371856,2025-09-11 17:30:22,43.1326866149902,-8.46801471710205,"Unknown"
"7014857",371856,2025-09-11 17:35:22,43.1326751708984,-8.46802234649658,"Unknown"
"7014857",371856,2025-09-11 17:40:22,43.1326904296875,-8.46803855895996,"Unknown"
"7014857",371856,2025-09-11 17:45:22,43.132640838623,-8.46803188323975,"Unknown"
"7014857",371856,2025-09-11 17:50:22,43.1326293945312,-8.46804809570312,"Unknown"
"7014857",371856,2025-09-11 17:55:22,43.1327590942383,-8.46800899505615,"Unknown"
"7014857",371856,2025-09-11 18:00:22,43.132926940918,-8.46784687042236,"Unknown"
"7014857",371856,2025-09-11 18:05:24,43.1327781677246,-8.46771907806396,"Unknown"
"7014857",371856,2025-09-11 18:10:25,43.1326942443848,-8.46756172180176,"Unknown"
"7014857",371856,2025-09-11 18:15:24,43.1329917907715,-8.4679708480835,"Unknown"
"7014857",371856,2025-09-11 18:20:22,43.1329650878906,-8.46791458129883,"Unknown"
"7014857",371856,2025-09-11 18:25:24,43.1327896118164,-8.46772003173828,"Unknown"
"7014857",371856,2025-09-11 18:30:25,43.1327629089355,-8.46779155731201,"Unknown"
"7014857",371856,2025-09-11 18:35:34,43.1322555541992,-8.46721172332764,"Unknown"
"7014857",371856,2025-09-11 18:40:23,43.1401481628418,-8.46954917907715,"Unknown"
"7014857",371856,2025-09-11 18:45:22,43.1699829101562,-8.4509162902832,"Unknown"
"7014857",371856,2025-09-11 18:50:24,43.1714820861816,-8.43858242034912,"Unknown"
"7014857",371856,2025-09-11 18:55:30,43.1708679199219,-8.43894672393799,"Unknown"
"7014857",371856,2025-09-11 19:00:31,43.1709442138672,-8.43883800506592,"Unknown"
"7014857",371856,2025-09-11 19:05:28,43.1709365844727,-8.43866729736328,"Unknown"
"7014857",371856,2025-09-11 19:10:25,43.1709098815918,-8.43915367126465,"Unknown"
"7014857",371856,2025-09-11 19:15:42,43.1710357666016,-8.43879318237305,"Unknown"
"7014857",371856,2025-09-11 19:20:22,43.1714630126953,-8.43849086761475,"Unknown"
"7014857",371856,2025-09-11 19:25:22,43.1712951660156,-8.43842792510986,"Unknown"
"7014857",371856,2025-09-11 19:29:01,43.1711845397949,-8.43856048583984,"Unknown"
"7014857",371856,2025-09-12 00:29:35,43.1713256835938,-8.43852138519287,"Unknown"
"7014857",371856,2025-09-12 04:32:05,43.1714744567871,-8.43837261199951,"Unknown"
"7014857",371856,2025-09-12 04:36:43,43.1714859008789,-8.43834590911865,"Unknown"
"7014857",371856,2025-09-12 04:41:43,43.1715469360352,-8.43833923339844,"Unknown"
"7014857",371856,2025-09-12 04:46:43,43.1714782714844,-8.43824577331543,"Unknown"
"7014857",371856,2025-09-12 04:51:44,43.1714973449707,-8.44255638122559,"Unknown"
"7014857",371856,2025-09-12 04:56:44,43.1714286804199,-8.43820858001709,"Unknown"
"7014857",371856,2025-09-12 05:01:44,43.1713981628418,-8.43827438354492,"Unknown"
"7014857",371856,2025-09-12 05:06:44,43.1707153320312,-8.43819522857666,"Unknown"
"7014857",371856,2025-09-12 05:11:44,43.1716346740723,-8.43815231323242,"Unknown"
"7014857",371856,2025-09-12 05:16:44,43.1716003417969,-8.43806552886963,"Unknown"
"7014857",371856,2025-09-12 05:21:44,43.1716575622559,-8.43815994262695,"Unknown"
"7014857",371856,2025-09-12 05:26:44,43.1716003417969,-8.4381628036499,"Unknown"
"7014857",371856,2025-09-12 05:31:43,43.1713905334473,-8.43826675415039,"Unknown"
"7014857",371856,2025-09-12 05:36:46,43.1712074279785,-8.4383373260498,"Unknown"
"7014857",371856,2025-09-12 05:41:59,43.1713485717773,-8.43843650817871,"Unknown"
"7014857",371856,2025-09-12 05:46:47,43.1717109680176,-8.43831062316895,"Unknown"
"7014857",371856,2025-09-12 05:51:43,43.1715927124023,-8.43835163116455,"Unknown"
"7014857",371856,2025-09-12 05:56:48,43.1705093383789,-8.43790149688721,"Unknown"
"7014857",371856,2025-09-12 06:01:43,43.170597076416,-8.43795204162598,"Unknown"
"7014857",371856,2025-09-12 06:07:05,43.170768737793,-8.43832015991211,"Unknown"
"7014857",371856,2025-09-12 06:11:43,43.1709823608398,-8.43839073181152,"Unknown"
"7014857",371856,2025-09-12 06:16:43,43.1708641052246,-8.43841552734375,"Unknown"
"7014857",371856,2025-09-12 06:21:43,43.1707916259766,-8.43837261199951,"Unknown"
"7014857",371856,2025-09-12 06:26:43,43.1708641052246,-8.43857574462891,"Unknown"
"7014857",371856,2025-09-12 06:31:43,43.1709861755371,-8.43863296508789,"Unknown"
"7014857",371856,2025-09-12 06:36:43,43.1706924438477,-8.43854904174805,"Unknown"
"7014857",371856,2025-09-12 06:41:43,43.1727981567383,-8.44525337219238,"Unknown"
"7014857",371856,2025-09-12 06:46:47,43.1727714538574,-8.44556427001953,"Unknown"
"7014857",371856,2025-09-12 06:51:44,43.1728096008301,-8.44564914703369,"Unknown"
"7014857",371856,2025-09-12 06:56:43,43.1726722717285,-8.44562911987305,"Unknown"
"7014857",371856,2025-09-12 07:01:45,43.1728248596191,-8.44564056396484,"Unknown"
"7014857",371856,2025-09-12 07:06:43,43.1714363098145,-8.44638061523438,"Unknown"
"7014857",371856,2025-09-12 07:11:44,43.1713371276855,-8.44641780853271,"Unknown"
"7014857",371856,2025-09-12 07:16:47,43.1712875366211,-8.44663143157959,"Unknown"
"7014857",371856,2025-09-12 07:21:46,43.170783996582,-8.44629669189453,"Unknown"
"7014857",371856,2025-09-12 07:26:45,43.1709098815918,-8.44632053375244,"Unknown"
"7014857",371856,2025-09-12 07:31:46,43.1708145141602,-8.44623947143555,"Unknown"
"7014857",371856,2025-09-12 07:36:45,43.1706428527832,-8.44600105285645,"Unknown"
"7014857",371856,2025-09-12 07:41:44,43.1706809997559,-8.44594860076904,"Unknown"
"7014857",371856,2025-09-12 07:46:45,43.1705474853516,-8.44556903839111,"Unknown"
"7014857",371856,2025-09-12 07:51:45,43.1707649230957,-8.44597816467285,"Unknown"
"7014857",371856,2025-09-12 07:56:44,43.1712265014648,-8.44518756866455,"Unknown"
"7014857",371856,2025-09-12 08:01:43,43.1707305908203,-8.4460916519165,"Unknown"
"7014857",371856,2025-09-12 08:06:45,43.1707344055176,-8.44612216949463,"Unknown"
"7014857",371856,2025-09-12 08:11:59,43.1707649230957,-8.44613552093506,"Unknown"
"7014857",371856,2025-09-12 08:16:43,43.1708106994629,-8.44622611999512,"Unknown"
"7014857",371856,2025-09-12 08:21:43,43.170825958252,-8.44640922546387,"Unknown"
"7014857",371856,2025-09-12 08:26:43,43.1708488464355,-8.44637584686279,"Unknown"
"7014857",371856,2025-09-12 08:32:05,43.1707649230957,-8.44624996185303,"Unknown"
"7014857",371856,2025-09-12 08:36:42,43.1707077026367,-8.44626235961914,"Unknown"
"7014857",371856,2025-09-12 08:41:43,43.1707077026367,-8.446213722229,"Unknown"
"7014857",371856,2025-09-12 08:46:43,43.1707992553711,-8.44623851776123,"Unknown"
"7014857",371856,2025-09-12 08:51:44,43.170654296875,-8.4462194442749,"Unknown"
"7014857",371856,2025-09-12 08:56:43,43.1707496643066,-8.44624423980713,"Unknown"
"7014857",371856,2025-09-12 09:01:43,43.1723747253418,-8.44559192657471,"Unknown"
"7014857",371856,2025-09-12 09:06:43,43.1723785400391,-8.44564723968506,"Unknown"
"7014857",371856,2025-09-12 09:11:44,43.1724739074707,-8.44563770294189,"Unknown"
"7014857",371856,2025-09-12 09:16:45,43.172477722168,-8.44567584991455,"Unknown"
"7014857",371856,2025-09-12 09:21:49,43.1724243164062,-8.44557571411133,"Unknown"
"7014857",371856,2025-09-12 09:26:43,43.1724395751953,-8.44563388824463,"Unknown"
"7014857",371856,2025-09-12 09:31:44,43.1724281311035,-8.4455099105835,"Unknown"
"7014857",371856,2025-09-12 09:36:44,43.1724281311035,-8.44567489624023,"Unknown"
"7014857",371856,2025-09-12 09:41:43,43.1724281311035,-8.44565582275391,"Unknown"
"7014857",371856,2025-09-12 09:46:44,43.1724281311035,-8.44560146331787,"Unknown"
"7014857",371856,2025-09-12 09:51:45,43.1724166870117,-8.44564342498779,"Unknown"
"7014857",371856,2025-09-12 09:56:46,43.1723976135254,-8.44548797607422,"Unknown"
"7014857",371856,2025-09-12 10:01:46,43.1727867126465,-8.44595432281494,"Unknown"
"7014857",371856,2025-09-12 10:06:44,43.1721458435059,-8.4453592300415,"Unknown"
"7014857",371856,2025-09-12 10:11:46,43.1721954345703,-8.44531440734863,"Unknown"
"7014857",371856,2025-09-12 10:16:43,43.1721687316895,-8.44525623321533,"Unknown"
"7014857",371856,2025-09-12 10:21:52,43.1724090576172,-8.44526386260986,"Unknown"
"7014857",371856,2025-09-12 10:26:45,43.1718597412109,-8.44476795196533,"Unknown"
"7014857",371856,2025-09-12 10:31:43,43.1718864440918,-8.44479560852051,"Unknown"
"7014857",371856,2025-09-12 10:37:05,43.1721992492676,-8.44500255584717,"Unknown"
"7014857",371856,2025-09-12 10:41:42,43.1723289489746,-8.44495868682861,"Unknown"
"7014857",371856,2025-09-12 10:46:42,43.1722869873047,-8.44503498077393,"Unknown"
"7014857",371856,2025-09-12 10:51:42,43.1722679138184,-8.44504547119141,"Unknown"
"7014857",371856,2025-09-12 10:56:43,43.1723556518555,-8.44488334655762,"Unknown"
"7014857",371856,2025-09-12 11:01:43,43.1721076965332,-8.44489669799805,"Unknown"
"7014857",371856,2025-09-12 11:06:45,43.1721229553223,-8.44518661499023,"Unknown"
"7014857",371856,2025-09-12 11:11:46,43.1721115112305,-8.44522953033447,"Unknown"
"7014857",371856,2025-09-12 11:16:44,43.1721382141113,-8.44514942169189,"Unknown"
"7014857",371856,2025-09-12 11:21:43,43.1721267700195,-8.44521236419678,"Unknown"
"7014857",371856,2025-09-12 11:26:43,43.1721343994141,-8.44516754150391,"Unknown"
"7014857",371856,2025-09-12 11:31:44,43.1721458435059,-8.44517135620117,"Unknown"
"7014857",371856,2025-09-12 11:36:43,43.1721382141113,-8.44514751434326,"Unknown"
"7014857",371856,2025-09-12 11:41:42,43.1721343994141,-8.44524765014648,"Unknown"
"7014857",371856,2025-09-12 11:46:43,43.171989440918,-8.44519424438477,"Unknown"
"7014857",371856,2025-09-12 11:51:44,43.1720962524414,-8.44523334503174,"Unknown"
"7014857",371856,2025-09-12 11:56:43,43.1721305847168,-8.4452018737793,"Unknown"
"7014857",371856,2025-09-12 12:01:43,43.1721649169922,-8.44526958465576,"Unknown"
"7014857",371856,2025-09-12 12:06:42,43.172191619873,-8.44527435302734,"Unknown"
"7014857",371856,2025-09-12 12:11:43,43.1721382141113,-8.44535160064697,"Unknown"
"7014857",371856,2025-09-12 12:16:43,43.1721572875977,-8.44528198242188,"Unknown"
"7014857",371856,2025-09-12 12:21:45,43.172004699707,-8.44526672363281,"Unknown"
"7014857",371856,2025-09-12 12:26:43,43.1721572875977,-8.4452075958252,"Unknown"
"7014857",371856,2025-09-12 12:31:43,43.1721572875977,-8.44529724121094,"Unknown"
"7014857",371856,2025-09-12 12:36:47,43.1718368530273,-8.44580554962158,"Unknown"
"7014857",371856,2025-09-12 12:41:44,43.1721076965332,-8.44550228118896,"Unknown"
"7014857",371856,2025-09-12 12:46:44,43.1721572875977,-8.44541358947754,"Unknown"
"7014857",371856,2025-09-12 12:51:43,43.1720352172852,-8.44554710388184,"Unknown"
"7014857",371856,2025-09-12 12:56:43,43.1714859008789,-8.44625568389893,"Unknown"
"7014857",371856,2025-09-12 13:01:43,43.1713714599609,-8.44620704650879,"Unknown"
"7014857",371856,2025-09-12 13:06:44,43.1713562011719,-8.44622898101807,"Unknown"
"7014857",371856,2025-09-12 13:11:43,43.1713256835938,-8.44618606567383,"Unknown"
"7014857",371856,2025-09-12 13:16:45,43.1712188720703,-8.44628047943115,"Unknown"
"7014857",371856,2025-09-12 13:21:44,43.1710472106934,-8.44614315032959,"Unknown"
"7014857",371856,2025-09-12 13:26:43,43.1710777282715,-8.44610023498535,"Unknown"
"7014857",371856,2025-09-12 13:31:44,43.1710777282715,-8.44608592987061,"Unknown"
"7014857",371856,2025-09-12 13:37:05,43.1712112426758,-8.44635772705078,"Unknown"
"7014857",371856,2025-09-12 13:41:42,43.1711311340332,-8.44619846343994,"Unknown"
"7014857",371856,2025-09-12 13:46:42,43.1711082458496,-8.44622993469238,"Unknown"
"7014857",371856,2025-09-12 13:51:42,43.1711959838867,-8.44633388519287,"Unknown"
"7014857",371856,2025-09-12 13:56:44,43.1710357666016,-8.44619941711426,"Unknown"
"7014857",371856,2025-09-12 14:01:43,43.1709365844727,-8.44636917114258,"Unknown"
"7014857",371856,2025-09-12 14:06:42,43.1708335876465,-8.44631862640381,"Unknown"
"7014857",371856,2025-09-12 14:11:42,43.1708602905273,-8.44629383087158,"Unknown"
"7014857",371856,2025-09-12 14:16:42,43.1708831787109,-8.44631481170654,"Unknown"
"7014857",371856,2025-09-12 14:21:42,43.1707916259766,-8.44637680053711,"Unknown"
"7014857",371856,2025-09-12 14:26:43,43.1707916259766,-8.44626140594482,"Unknown"
"7014857",371856,2025-09-12 14:31:42,43.172290802002,-8.44550609588623,"Unknown"
"7014857",371856,2025-09-12 14:36:43,43.1722602844238,-8.445631980896,"Unknown"
"7014857",371856,2025-09-12 14:41:43,43.1722831726074,-8.44552612304688,"Unknown"
"7014857",371856,2025-09-12 14:46:49,43.172233581543,-8.4454927444458,"Unknown"
"7014857",371856,2025-09-12 14:51:48,43.1723365783691,-8.44527626037598,"Unknown"
"7014857",371856,2025-09-12 14:57:05,43.1723785400391,-8.44538116455078,"Unknown"
"7014857",371856,2025-09-12 15:01:43,43.1724281311035,-8.44541549682617,"Unknown"
"7014857",371856,2025-09-12 15:06:43,43.1724128723145,-8.44538021087646,"Unknown"
"7014857",371856,2025-09-12 15:11:43,43.1723823547363,-8.44539070129395,"Unknown"
"7014857",371856,2025-09-12 15:16:44,43.1723594665527,-8.44542694091797,"Unknown"
"7014857",371856,2025-09-12 15:21:43,43.1723937988281,-8.44542407989502,"Unknown"
"7014857",371856,2025-09-12 15:26:43,43.1724510192871,-8.44549083709717,"Unknown"
"7014857",371856,2025-09-12 15:31:43,43.1724243164062,-8.44546890258789,"Unknown"
"7014857",371856,2025-09-12 15:36:43,43.172664642334,-8.44468402862549,"Unknown"
"7014857",371856,2025-09-12 15:41:44,43.171012878418,-8.44561386108398,"Unknown"
"7014857",371856,2025-09-12 15:46:44,43.1711082458496,-8.44565010070801,"Unknown"
"7014857",371856,2025-09-12 15:51:44,43.171085357666,-8.44563961029053,"Unknown"
"7014857",371856,2025-09-12 15:56:44,43.1710739135742,-8.44563865661621,"Unknown"
"7014857",371856,2025-09-12 16:01:44,43.1719398498535,-8.44575119018555,"Unknown"
"7014857",371856,2025-09-12 16:06:44,43.1719284057617,-8.44570159912109,"Unknown"
"7014857",371856,2025-09-12 16:11:44,43.1719398498535,-8.44573783874512,"Unknown"
"7014857",371856,2025-09-12 16:16:44,43.171932220459,-8.44575214385986,"Unknown"
"7014857",371856,2025-09-12 16:21:45,43.1719436645508,-8.44574928283691,"Unknown"
"7014857",371856,2025-09-12 16:26:44,43.1725273132324,-8.44565963745117,"Unknown"
"7014857",371856,2025-09-12 16:31:44,43.1724052429199,-8.44546890258789,"Unknown"
"7014857",371856,2025-09-12 16:36:44,43.1724967956543,-8.44560241699219,"Unknown"
"7014857",371856,2025-09-12 16:41:45,43.1725654602051,-8.44559097290039,"Unknown"
"7014857",371856,2025-09-12 16:46:45,43.1720848083496,-8.44560050964355,"Unknown"
"7014857",371856,2025-09-12 16:51:45,43.1721000671387,-8.44557476043701,"Unknown"
"7014857",371856,2025-09-12 16:56:45,43.1720695495605,-8.44561576843262,"Unknown"
"7014857",371856,2025-09-12 17:01:45,43.1722030639648,-8.44566249847412,"Unknown"
"7014857",371856,2025-09-12 17:06:47,43.1721229553223,-8.44559001922607,"Unknown"
"7014857",371856,2025-09-12 17:11:46,43.1721839904785,-8.44553756713867,"Unknown"
"7014857",371856,2025-09-12 17:16:46,43.1722259521484,-8.44553470611572,"Unknown"
"7014857",371856,2025-09-12 17:21:49,43.1720504760742,-8.44561767578125,"Unknown"
"7014857",371856,2025-09-12 17:26:47,43.1722526550293,-8.44566631317139,"Unknown"
"7014857",371856,2025-09-12 17:31:44,43.1723251342773,-8.44562244415283,"Unknown"
"7014857",371856,2025-09-12 17:36:45,43.1722755432129,-8.44563007354736,"Unknown"
"7014857",371856,2025-09-12 17:41:44,43.1723899841309,-8.44561386108398,"Unknown"
"7014857",371856,2025-09-12 17:46:45,43.1723480224609,-8.44558143615723,"Unknown"
"7014857",371856,2025-09-12 17:51:45,43.1723556518555,-8.44563007354736,"Unknown"
"7014857",371856,2025-09-12 17:56:45,43.172550201416,-8.44569206237793,"Unknown"
"7014857",371856,2025-09-12 18:01:45,43.172477722168,-8.44571876525879,"Unknown"
"7014857",371856,2025-09-12 18:06:45,43.1724891662598,-8.44567966461182,"Unknown"
"7014857",371856,2025-09-12 18:11:46,43.1730079650879,-8.44610786437988,"Unknown"
"7014857",371856,2025-09-12 18:16:45,43.1729049682617,-8.44547653198242,"Unknown"
"7014857",371856,2025-09-12 18:21:47,43.1728553771973,-8.44542598724365,"Unknown"
"7014857",371856,2025-09-12 18:26:47,43.172779083252,-8.44555473327637,"Unknown"
"7014857",371856,2025-09-12 18:31:57,43.1726455688477,-8.44532299041748,"Unknown"
"7014857",371856,2025-09-12 18:36:54,43.1726722717285,-8.44543170928955,"Unknown"
"7014857",371856,2025-09-12 18:41:54,43.1707382202148,-8.43816089630127,"Unknown"
"7014857",371856,2025-09-12 18:46:54,43.1698951721191,-8.43870639801025,"Unknown"
"7014857",371856,2025-09-12 18:52:05,43.1705589294434,-8.43834114074707,"Unknown"
"7014857",371856,2025-09-12 18:56:44,43.1705856323242,-8.43818759918213,"Unknown"
"7014857",371856,2025-09-12 19:01:44,43.1705741882324,-8.43817901611328,"Unknown"
"7014857",371856,2025-09-12 19:06:45,43.1705780029297,-8.43793296813965,"Unknown"
"7014857",371856,2025-09-12 19:11:44,43.1705932617188,-8.43833446502686,"Unknown"
"7014857",371856,2025-09-12 19:16:44,43.1702613830566,-8.4386568069458,"Unknown"
"7014857",371856,2025-09-12 19:21:46,43.1712532043457,-8.43852424621582,"Unknown"
"7014857",371856,2025-09-12 19:27:08,43.1710357666016,-8.4384298324585,"Unknown"
"7014857",371856,2025-09-13 00:27:36,43.1711196899414,-8.43827056884766,"Unknown"
"7014857",371856,2025-09-13 04:33:35,43.1712799072266,-8.4384183883667,"Unknown"
"7014857",371856,2025-09-13 04:38:06,43.1711082458496,-8.43828582763672,"Unknown"
"7014857",371856,2025-09-13 04:43:07,43.1712188720703,-8.43834495544434,"Unknown"
"7014857",371856,2025-09-13 04:48:06,43.1712226867676,-8.4383659362793,"Unknown"
"7014857",371856,2025-09-13 04:53:06,43.1712913513184,-8.43839645385742,"Unknown"
"7014857",371856,2025-09-13 04:58:06,43.1712112426758,-8.43852615356445,"Unknown"
"7014857",371856,2025-09-13 05:03:06,43.1712188720703,-8.43853187561035,"Unknown"
"7014857",371856,2025-09-13 05:08:07,43.171272277832,-8.43849849700928,"Unknown"
"7014857",371856,2025-09-13 05:13:06,43.1712188720703,-8.43850135803223,"Unknown"
"7014857",371856,2025-09-13 05:18:06,43.1712379455566,-8.4385929107666,"Unknown"
"7014857",371856,2025-09-13 05:23:05,43.1712799072266,-8.43848419189453,"Unknown"
"7014857",371856,2025-09-13 05:28:06,43.1712684631348,-8.43855094909668,"Unknown"
"7014857",371856,2025-09-13 05:33:06,43.1712684631348,-8.43849182128906,"Unknown"
"7014857",371856,2025-09-13 05:38:06,43.1712074279785,-8.43849563598633,"Unknown"
"7014857",371856,2025-09-13 05:43:06,43.171745300293,-8.44077110290527,"Unknown"
"7014857",371856,2025-09-13 05:48:06,43.1716346740723,-8.44065284729004,"Unknown"
"7014857",371856,2025-09-13 05:53:08,43.1717643737793,-8.4408655166626,"Unknown"
"7014857",371856,2025-09-13 05:58:06,43.1717338562012,-8.44079303741455,"Unknown"
"7014857",371856,2025-09-13 06:03:06,43.1717758178711,-8.4410285949707,"Unknown"
"7014857",371856,2025-09-13 06:08:06,43.1707420349121,-8.4455041885376,"Unknown"
"7014857",371856,2025-09-13 06:13:11,43.1707305908203,-8.44559955596924,"Unknown"
"7014857",371856,2025-09-13 06:18:09,43.1707420349121,-8.44595336914062,"Unknown"
"7014857",371856,2025-09-13 06:23:09,43.1707420349121,-8.4457426071167,"Unknown"
"7014857",371856,2025-09-13 06:28:09,43.1709251403809,-8.4462423324585,"Unknown"
"7014857",371856,2025-09-13 06:33:11,43.1707878112793,-8.44592189788818,"Unknown"
"7014857",371856,2025-09-13 06:38:08,43.1707382202148,-8.4458065032959,"Unknown"
"7014857",371856,2025-09-13 06:43:10,43.170768737793,-8.44574642181396,"Unknown"
"7014857",371856,2025-09-13 06:48:09,43.1706428527832,-8.44592189788818,"Unknown"
"7014857",371856,2025-09-13 06:53:09,43.170783996582,-8.44586086273193,"Unknown"
"7014857",371856,2025-09-13 06:58:07,43.1706924438477,-8.44582843780518,"Unknown"
"7014857",371856,2025-09-13 07:03:13,43.1706924438477,-8.44556999206543,"Unknown"
"7014857",371856,2025-09-13 07:08:09,43.1706085205078,-8.44507217407227,"Unknown"
"7014857",371856,2025-09-13 07:13:07,43.1707611083984,-8.44516754150391,"Unknown"
"7014857",371856,2025-09-13 07:18:06,43.1708030700684,-8.44515609741211,"Unknown"
"7014857",371856,2025-09-13 07:23:35,43.1707153320312,-8.44543552398682,"Unknown"
"7014857",371856,2025-09-13 07:28:06,43.1706047058105,-8.44573593139648,"Unknown"
"7014857",371856,2025-09-13 07:33:07,43.1704559326172,-8.44547748565674,"Unknown"
"7014857",371856,2025-09-13 07:38:07,43.1705360412598,-8.44558715820312,"Unknown"
"7014857",371856,2025-09-13 07:43:08,43.1704139709473,-8.4455623626709,"Unknown"
"7014857",371856,2025-09-13 07:48:06,43.1708068847656,-8.44588947296143,"Unknown"
"7014857",371856,2025-09-13 07:53:07,43.170654296875,-8.44579982757568,"Unknown"
"7014857",371856,2025-09-13 07:58:06,43.170524597168,-8.44551944732666,"Unknown"
"7014857",371856,2025-09-13 08:03:07,43.1706504821777,-8.44561576843262,"Unknown"
"7014857",371856,2025-09-13 08:08:06,43.170783996582,-8.44581890106201,"Unknown"
"7014857",371856,2025-09-13 08:13:07,43.1706962585449,-8.44521903991699,"Unknown"
"7014857",371856,2025-09-13 08:18:07,43.170711517334,-8.44544315338135,"Unknown"
"7014857",371856,2025-09-13 08:23:07,43.1675491333008,-8.45320224761963,"Unknown"
"7014857",371856,2025-09-13 08:28:06,43.1495513916016,-8.47407817840576,"Unknown"
"7014857",371856,2025-09-13 08:33:19,43.1300621032715,-8.47053623199463,"Unknown"
"7014857",371856,2025-09-13 08:38:19,43.1300735473633,-8.47060394287109,"Unknown"
"7014857",371856,2025-09-13 08:43:21,43.1300964355469,-8.47054576873779,"Unknown"
"7014857",371856,2025-09-13 08:48:35,43.1301422119141,-8.47055816650391,"Unknown"
"7014857",371856,2025-09-13 08:53:06,43.1301918029785,-8.47054290771484,"Unknown"
"7014857",371856,2025-09-13 08:58:05,43.1301231384277,-8.47056198120117,"Unknown"
"7014857",371856,2025-09-13 09:03:05,43.1301078796387,-8.47052669525146,"Unknown"
"7014857",371856,2025-09-13 09:08:06,43.1306457519531,-8.4709644317627,"Unknown"
"7014857",371856,2025-09-13 09:13:05,43.1299018859863,-8.47089576721191,"Unknown"
"7014857",371856,2025-09-13 09:18:07,43.129955291748,-8.47080326080322,"Unknown"
"7014857",371856,2025-09-13 09:23:08,43.1308250427246,-8.46944236755371,"Unknown"
"7014857",371856,2025-09-13 09:28:07,43.1305618286133,-8.47120475769043,"Unknown"
"7014857",371856,2025-09-13 09:33:06,43.1304321289062,-8.47112274169922,"Unknown"
"7014857",371856,2025-09-13 09:38:06,43.1337089538574,-8.47281455993652,"Unknown"
"7014857",371856,2025-09-13 09:43:06,43.1334533691406,-8.47065162658691,"Unknown"
"7014857",371856,2025-09-13 09:48:08,43.1327247619629,-8.47033214569092,"Unknown"
"7014857",371856,2025-09-13 09:53:20,43.1326942443848,-8.47033882141113,"Unknown"
"7014857",371856,2025-09-13 09:58:06,43.1323928833008,-8.47025203704834,"Unknown"
"7014857",371856,2025-09-13 10:03:17,43.1327781677246,-8.47005271911621,"Unknown"
"7014857",371856,2025-09-13 10:08:10,43.1323394775391,-8.46972846984863,"Unknown"
"7014857",371856,2025-09-13 10:13:13,43.1328277587891,-8.47033977508545,"Unknown"
"7014857",371856,2025-09-13 10:18:20,43.1327362060547,-8.4698543548584,"Unknown"
"7014857",371856,2025-09-13 10:23:12,43.1328048706055,-8.47021484375,"Unknown"
"7014857",371856,2025-09-13 10:28:11,43.1329727172852,-8.47033500671387,"Unknown"
"7014857",371856,2025-09-13 10:33:29,43.1325454711914,-8.47024631500244,"Unknown"
"7014857",371856,2025-09-13 10:38:14,43.1327438354492,-8.47011756896973,"Unknown"
"7014857",371856,2025-09-13 10:43:14,43.1327171325684,-8.47005844116211,"Unknown"
"7014857",371856,2025-09-13 10:48:14,43.1327857971191,-8.47010517120361,"Unknown"
"7014857",371856,2025-09-13 10:53:12,43.1325798034668,-8.46900939941406,"Unknown"
"7014857",371856,2025-09-13 10:58:11,43.1327018737793,-8.46926307678223,"Unknown"
"7014857",371856,2025-09-13 11:03:13,43.1326026916504,-8.46953678131104,"Unknown"
"7014857",371856,2025-09-13 11:08:13,43.1327629089355,-8.46969509124756,"Unknown"
"7014857",371856,2025-09-13 11:13:45,43.1283912658691,-8.4693546295166,"Unknown"
"7014857",371856,2025-09-13 11:18:14,43.1295356750488,-8.47029209136963,"Unknown"
"7014857",371856,2025-09-13 11:23:09,43.1293907165527,-8.47022247314453,"Unknown"
"7014857",371856,2025-09-13 11:28:08,43.1294479370117,-8.47031497955322,"Unknown"
"7014857",371856,2025-09-13 11:33:09,43.1294364929199,-8.4702672958374,"Unknown"
"7014857",371856,2025-09-13 11:38:10,43.1294021606445,-8.47028541564941,"Unknown"
"7014857",371856,2025-09-13 11:43:35,43.129451751709,-8.47060012817383,"Unknown"
"7014857",371856,2025-09-13 11:48:06,43.1294326782227,-8.47056865692139,"Unknown"
"7014857",371856,2025-09-13 11:53:05,43.1294212341309,-8.4705867767334,"Unknown"
"7014857",371856,2025-09-13 11:58:05,43.1293716430664,-8.47063255310059,"Unknown"
"7014857",371856,2025-09-13 12:03:05,43.1293487548828,-8.47067260742188,"Unknown"
"7014857",371856,2025-09-13 12:08:05,43.12939453125,-8.47056102752686,"Unknown"
"7014857",371856,2025-09-13 12:13:05,43.1294403076172,-8.470534324646,"Unknown"
"7014857",371856,2025-09-13 12:18:06,43.1294212341309,-8.47055530548096,"Unknown"
"7014857",371856,2025-09-13 12:23:05,43.1294250488281,-8.47051906585693,"Unknown"
"7014857",371856,2025-09-13 12:28:06,43.1303367614746,-8.4697208404541,"Unknown"
"7014857",371856,2025-09-13 12:33:06,43.129264831543,-8.46973896026611,"Unknown"
"7014857",371856,2025-09-13 12:38:06,43.1298484802246,-8.47054290771484,"Unknown"
"7014857",371856,2025-09-13 12:43:06,43.1300086975098,-8.47053909301758,"Unknown"
"7014857",371856,2025-09-13 12:48:07,43.1293525695801,-8.47070980072021,"Unknown"
"7014857",371856,2025-09-13 12:53:06,43.1293830871582,-8.47073078155518,"Unknown"
"7014857",371856,2025-09-13 12:58:09,43.1293296813965,-8.47064018249512,"Unknown"
"7014857",371856,2025-09-13 13:03:11,43.1293144226074,-8.47099876403809,"Unknown"
"7014857",371856,2025-09-13 13:08:07,43.118221282959,-8.47778129577637,"Unknown"
"7014857",371856,2025-09-13 13:13:06,43.0999603271484,-8.49577617645264,"Unknown"
"7014857",371856,2025-09-13 13:18:10,43.0990676879883,-8.49638652801514,"Unknown"
"7014857",371856,2025-09-13 13:23:07,43.0977058410645,-8.49520683288574,"Unknown"
"7014857",371856,2025-09-13 13:28:08,43.1193580627441,-8.48200607299805,"Unknown"
"7014857",371856,2025-09-13 13:33:10,43.129711151123,-8.47028255462646,"Unknown"
"7014857",371856,2025-09-13 13:38:09,43.1295280456543,-8.46991729736328,"Unknown"
"7014857",371856,2025-09-13 13:43:11,43.1298561096191,-8.47047424316406,"Unknown"
"7014857",371856,2025-09-13 13:48:12,43.1296615600586,-8.47041988372803,"Unknown"
"7014857",371856,2025-09-13 13:53:13,43.1295471191406,-8.46982097625732,"Unknown"
"7014857",371856,2025-09-13 13:58:09,43.130069732666,-8.47087383270264,"Unknown"
"7014857",371856,2025-09-13 14:03:26,43.129524230957,-8.47051906585693,"Unknown"
"7014857",371856,2025-09-13 14:08:31,43.1296234130859,-8.47005081176758,"Unknown"
"7014857",371856,2025-09-13 14:13:07,43.1296768188477,-8.47018623352051,"Unknown"
"7014857",371856,2025-09-13 14:18:07,43.1297035217285,-8.47021484375,"Unknown"
"7014857",371856,2025-09-13 14:23:07,43.129581451416,-8.47046375274658,"Unknown"
"7014857",371856,2025-09-13 14:28:07,43.1313781738281,-8.47289180755615,"Unknown"
"7014857",371856,2025-09-13 14:33:10,43.1304740905762,-8.470947265625,"Unknown"
"7014857",371856,2025-09-13 14:38:07,43.1312217712402,-8.47203922271729,"Unknown"
"7014857",371856,2025-09-13 14:43:33,43.1298866271973,-8.47046184539795,"Unknown"
"7014857",371856,2025-09-13 14:48:07,43.1299095153809,-8.47051334381104,"Unknown"
"7014857",371856,2025-09-13 14:53:07,43.1299629211426,-8.47043800354004,"Unknown"
"7014857",371856,2025-09-13 14:58:06,43.1299324035645,-8.47048473358154,"Unknown"
"7014857",371856,2025-09-13 15:03:08,43.1298942565918,-8.47052097320557,"Unknown"
"7014857",371856,2025-09-13 15:08:07,43.1298789978027,-8.47048091888428,"Unknown"
"7014857",371856,2025-09-13 15:13:06,43.1298789978027,-8.47051620483398,"Unknown"
"7014857",371856,2025-09-13 15:18:06,43.1303787231445,-8.47174453735352,"Unknown"
"7014857",371856,2025-09-13 15:23:11,43.1303977966309,-8.47173500061035,"Unknown"
"7014857",371856,2025-09-13 15:28:06,43.1314735412598,-8.47281932830811,"Unknown"
"7014857",371856,2025-09-13 15:33:06,43.1330451965332,-8.46969318389893,"Unknown"
"7014857",371856,2025-09-13 15:38:06,43.1330108642578,-8.46990489959717,"Unknown"
"7014857",371856,2025-09-13 15:43:07,43.1329612731934,-8.46984767913818,"Unknown"
"7014857",371856,2025-09-13 15:48:07,43.1330986022949,-8.46990585327148,"Unknown"
"7014857",371856,2025-09-13 15:53:07,43.1329574584961,-8.46986293792725,"Unknown"
"7014857",371856,2025-09-13 15:58:06,43.132984161377,-8.46989440917969,"Unknown"
"7014857",371856,2025-09-13 16:03:35,43.132884979248,-8.4697847366333,"Unknown"
"7014857",371856,2025-09-13 16:08:07,43.1329002380371,-8.4697961807251,"Unknown"
"7014857",371856,2025-09-13 16:13:06,43.1328659057617,-8.46977043151855,"Unknown"
"7014857",371856,2025-09-13 16:18:07,43.1328620910645,-8.47020053863525,"Unknown"
"7014857",371856,2025-09-13 16:23:07,43.1328735351562,-8.4700345993042,"Unknown"
"7014857",371856,2025-09-13 16:28:07,43.1328392028809,-8.47012710571289,"Unknown"
"7014857",371856,2025-09-13 16:33:07,43.132884979248,-8.46993637084961,"Unknown"
"7014857",371856,2025-09-13 16:38:13,43.1328353881836,-8.46976566314697,"Unknown"
"7014857",371856,2025-09-13 16:43:12,43.132942199707,-8.47001075744629,"Unknown"
"7014857",371856,2025-09-13 16:48:09,43.1328277587891,-8.46979808807373,"Unknown"
"7014857",371856,2025-09-13 16:53:07,43.1328315734863,-8.46980953216553,"Unknown"
"7014857",371856,2025-09-13 16:58:09,43.1327896118164,-8.46934986114502,"Unknown"
"7014857",371856,2025-09-13 17:03:08,43.1332855224609,-8.46903800964355,"Unknown"
"7014857",371856,2025-09-13 17:08:09,43.1332702636719,-8.46895599365234,"Unknown"
"7014857",371856,2025-09-13 17:13:09,43.1332664489746,-8.46993732452393,"Unknown"
"7014857",371856,2025-09-13 17:18:08,43.1522064208984,-8.47045993804932,"Unknown"
"7014857",371856,2025-09-13 17:23:08,43.1974601745605,-8.44618988037109,"Unknown"
"7014857",371856,2025-09-13 17:28:10,43.2427406311035,-8.46087837219238,"Unknown"
"7014857",371856,2025-09-13 17:33:08,43.2766609191895,-8.47174263000488,"Unknown"
"7014857",371856,2025-09-13 17:38:16,43.2966423034668,-8.48488903045654,"Unknown"
"7014857",371856,2025-09-13 17:43:09,43.3199424743652,-8.49714088439941,"Unknown"
"7014857",371856,2025-09-13 17:48:19,43.3314247131348,-8.50032520294189,"Unknown"
"7014857",371856,2025-09-13 17:53:08,43.3538589477539,-8.50950908660889,"Unknown"
"7014857",371856,2025-09-13 17:58:11,43.3513679504395,-8.50920963287354,"Unknown"
"7014857",371856,2025-09-13 18:03:12,43.3520584106445,-8.50932693481445,"Unknown"
"7014857",371856,2025-09-13 18:08:19,43.3517112731934,-8.50930595397949,"Unknown"
"7014857",371856,2025-09-13 18:13:12,43.3519973754883,-8.50931835174561,"Unknown"
"7014857",371856,2025-09-13 18:18:19,43.3516616821289,-8.5092248916626,"Unknown"
"7014857",371856,2025-09-13 18:23:35,43.3516311645508,-8.50931072235107,"Unknown"
"7014857",371856,2025-09-13 18:28:07,43.3516731262207,-8.50918579101562,"Unknown"
"7014857",371856,2025-09-13 18:33:07,43.3515472412109,-8.50907039642334,"Unknown"
"7014857",371856,2025-09-13 18:38:07,43.3515663146973,-8.5094633102417,"Unknown"
"7014857",371856,2025-09-13 18:43:07,43.3516235351562,-8.50927925109863,"Unknown"
"7014857",371856,2025-09-13 18:48:10,43.3517303466797,-8.50951671600342,"Unknown"
"7014857",371856,2025-09-13 18:53:11,43.3516235351562,-8.50924682617188,"Unknown"
"7014857",371856,2025-09-13 18:58:09,43.3515090942383,-8.50899791717529,"Unknown"
"7014857",371856,2025-09-13 19:03:09,43.3516693115234,-8.5085334777832,"Unknown"
"7014857",371856,2025-09-13 19:08:08,43.3525886535645,-8.51013851165771,"Unknown"
"7014857",371856,2025-09-13 19:13:08,43.3522529602051,-8.50979518890381,"Unknown"
"7014857",371856,2025-09-13 19:18:09,43.3515968322754,-8.51009082794189,"Unknown"
"7014857",371856,2025-09-13 19:23:08,43.3513488769531,-8.50995922088623,"Unknown"
"7014857",371856,2025-09-13 19:25:48,43.3512268066406,-8.50953483581543,"Unknown"
"7014857",371856,2025-09-14 00:26:24,43.3499794006348,-8.51840782165527,"Unknown"
"7014857",371856,2025-09-14 04:34:35,43.3499641418457,-8.51829051971436,"Unknown"
"7014857",371856,2025-09-14 04:39:19,43.3499641418457,-8.51819896697998,"Unknown"
"7014857",371856,2025-09-14 04:44:24,43.3499450683594,-8.51830196380615,"Unknown"
"7014857",371856,2025-09-14 04:49:24,43.3499717712402,-8.51825714111328,"Unknown"
"7014857",371856,2025-09-14 04:54:24,43.3500175476074,-8.51826953887939,"Unknown"
"7014857",371856,2025-09-14 04:59:24,43.3499755859375,-8.51829147338867,"Unknown"
"7014857",371856,2025-09-14 05:04:24,43.3499870300293,-8.5182580947876,"Unknown"
"7014857",371856,2025-09-14 05:09:24,43.349983215332,-8.51824378967285,"Unknown"
"7014857",371856,2025-09-14 05:14:24,43.349983215332,-8.51825618743896,"Unknown"
"7014857",371856,2025-09-14 05:19:24,43.3500175476074,-8.518235206604,"Unknown"
"7014857",371856,2025-09-14 05:24:24,43.3499794006348,-8.51829528808594,"Unknown"
"7014857",371856,2025-09-14 05:29:24,43.3499794006348,-8.51824283599854,"Unknown"
"7014857",371856,2025-09-14 05:34:24,43.3499870300293,-8.5181713104248,"Unknown"
"7014857",371856,2025-09-14 05:39:24,43.3499488830566,-8.51825618743896,"Unknown"
"7014857",371856,2025-09-14 05:44:44,43.3499717712402,-8.51820468902588,"Unknown"
"7014857",371856,2025-09-14 05:49:17,43.3500671386719,-8.51811027526855,"Unknown"
"7014857",371856,2025-09-14 05:54:16,43.3500022888184,-8.51821136474609,"Unknown"
"7014857",371856,2025-09-14 05:59:15,43.3500862121582,-8.51838874816895,"Unknown"
"7014857",371856,2025-09-14 06:04:15,43.3501243591309,-8.51840496063232,"Unknown"
"7014857",371856,2025-09-14 06:09:15,43.3501052856445,-8.51845741271973,"Unknown"
"7014857",371856,2025-09-14 06:14:16,43.3499870300293,-8.51841926574707,"Unknown"
"7014857",371856,2025-09-14 06:19:16,43.3499336242676,-8.51858615875244,"Unknown"
"7014857",371856,2025-09-14 06:24:31,43.3500442504883,-8.51819133758545,"Unknown"
"7014857",371856,2025-09-14 06:29:15,43.3496894836426,-8.51827621459961,"Unknown"
"7014857",371856,2025-09-14 06:34:21,43.3499794006348,-8.51817607879639,"Unknown"
"7014857",371856,2025-09-14 06:39:40,43.3500022888184,-8.51823806762695,"Unknown"
"7014857",371856,2025-09-14 06:44:15,43.3498649597168,-8.51818656921387,"Unknown"
"7014857",371856,2025-09-14 06:49:16,43.350040435791,-8.51822185516357,"Unknown"
"7014857",371856,2025-09-14 06:54:17,43.3497848510742,-8.5181941986084,"Unknown"
"7014857",371856,2025-09-14 06:59:16,43.3501586914062,-8.51822090148926,"Unknown"
"7014857",371856,2025-09-14 07:04:16,43.3503608703613,-8.51816177368164,"Unknown"
"7014857",371856,2025-09-14 07:09:18,43.3501358032227,-8.51825618743896,"Unknown"
"7014857",371856,2025-09-14 07:14:18,43.3497772216797,-8.51836681365967,"Unknown"
"7014857",371856,2025-09-14 07:19:17,43.3499755859375,-8.5184440612793,"Unknown"
"7014857",371856,2025-09-14 07:24:17,43.3499069213867,-8.5182933807373,"Unknown"
"7014857",371856,2025-09-14 07:29:16,43.3498458862305,-8.51831245422363,"Unknown"
"7014857",371856,2025-09-14 07:34:24,43.3492889404297,-8.51833438873291,"Unknown"
"7014857",371856,2025-09-14 07:39:25,43.3483581542969,-8.51837539672852,"Unknown"
"7014857",371856,2025-09-14 07:44:29,43.3502464294434,-8.51822280883789,"Unknown"
"7014857",371856,2025-09-14 07:49:17,43.3500747680664,-8.51821422576904,"Unknown"
"7014857",371856,2025-09-14 07:54:21,43.3496246337891,-8.51827526092529,"Unknown"
"7014857",371856,2025-09-14 07:59:18,43.349536895752,-8.51828575134277,"Unknown"
"7014857",371856,2025-09-14 08:04:35,43.3499794006348,-8.51823616027832,"Unknown"
"7014857",371856,2025-09-14 08:09:16,43.349983215332,-8.51813793182373,"Unknown"
"7014857",371856,2025-09-14 08:14:16,43.3499336242676,-8.51834201812744,"Unknown"
"7014857",371856,2025-09-14 08:19:15,43.3498878479004,-8.51840591430664,"Unknown"
"7014857",371856,2025-09-14 08:24:15,43.3498916625977,-8.51834392547607,"Unknown"
"7014857",371856,2025-09-14 08:29:15,43.3499946594238,-8.51832962036133,"Unknown"
"7014857",371856,2025-09-14 08:34:15,43.350040435791,-8.51835823059082,"Unknown"
"7014857",371856,2025-09-14 08:39:16,43.3499336242676,-8.5182638168335,"Unknown"
"7014857",371856,2025-09-14 08:44:15,43.350025177002,-8.51826858520508,"Unknown"
"7014857",371856,2025-09-14 08:49:15,43.3500633239746,-8.51840019226074,"Unknown"
"7014857",371856,2025-09-14 08:54:15,43.3500061035156,-8.51830101013184,"Unknown"
"7014857",371856,2025-09-14 08:59:15,43.3499450683594,-8.5183048248291,"Unknown"
"7014857",371856,2025-09-14 09:04:16,43.3500022888184,-8.51827144622803,"Unknown"
"7014857",371856,2025-09-14 09:09:21,43.3501167297363,-8.51848888397217,"Unknown"
"7014857",371856,2025-09-14 09:14:17,43.3498954772949,-8.51825428009033,"Unknown"
"7014857",371856,2025-09-14 09:19:16,43.3499870300293,-8.51835155487061,"Unknown"
"7014857",371856,2025-09-14 09:24:16,43.3499298095703,-8.51828002929688,"Unknown"
"7014857",371856,2025-09-14 09:29:16,43.3500480651855,-8.51838111877441,"Unknown"
"7014857",371856,2025-09-14 09:34:16,43.3501052856445,-8.51848125457764,"Unknown"
"7014857",371856,2025-09-14 09:39:21,43.3499069213867,-8.51830291748047,"Unknown"
"7014857",371856,2025-09-14 09:44:21,43.350025177002,-8.51833438873291,"Unknown"
"7014857",371856,2025-09-14 09:49:18,43.3500938415527,-8.51835823059082,"Unknown"
"7014857",371856,2025-09-14 09:54:35,43.3499565124512,-8.51827144622803,"Unknown"
"7014857",371856,2025-09-14 09:59:16,43.3499526977539,-8.51831531524658,"Unknown"
"7014857",371856,2025-09-14 10:04:17,43.3499755859375,-8.51826953887939,"Unknown"
"7014857",371856,2025-09-14 10:09:16,43.3499412536621,-8.51828289031982,"Unknown"
"7014857",371856,2025-09-14 10:14:15,43.3500061035156,-8.51814651489258,"Unknown"
"7014857",371856,2025-09-14 10:19:15,43.3499374389648,-8.51824951171875,"Unknown"
"7014857",371856,2025-09-14 10:24:16,43.3499412536621,-8.51824188232422,"Unknown"
"7014857",371856,2025-09-14 10:29:16,43.3499946594238,-8.51829719543457,"Unknown"
"7014857",371856,2025-09-14 10:34:16,43.350025177002,-8.51818943023682,"Unknown"
"7014857",371856,2025-09-14 10:39:16,43.3500137329102,-8.51830196380615,"Unknown"
"7014857",371856,2025-09-14 10:44:16,43.3500289916992,-8.51813220977783,"Unknown"
"7014857",371856,2025-09-14 10:49:16,43.3499908447266,-8.51834774017334,"Unknown"
"7014857",371856,2025-09-14 10:54:16,43.349983215332,-8.51830005645752,"Unknown"
"7014857",371856,2025-09-14 10:59:16,43.3499641418457,-8.51827621459961,"Unknown"
"7014857",371856,2025-09-14 11:04:16,43.3500175476074,-8.51832008361816,"Unknown"
"7014857",371856,2025-09-14 11:09:16,43.3499717712402,-8.51824474334717,"Unknown"
"7014857",371856,2025-09-14 11:14:19,43.3499450683594,-8.51826572418213,"Unknown"
"7014857",371856,2025-09-14 11:19:16,43.349925994873,-8.51828861236572,"Unknown"
"7014857",371856,2025-09-14 11:24:16,43.3500595092773,-8.51838397979736,"Unknown"
"7014857",371856,2025-09-14 11:29:15,43.3500442504883,-8.51830768585205,"Unknown"
"7014857",371856,2025-09-14 11:34:16,43.3500099182129,-8.518310546875,"Unknown"
"7014857",371856,2025-09-14 11:39:17,43.3500823974609,-8.51830196380615,"Unknown"
"7014857",371856,2025-09-14 11:44:18,43.3500595092773,-8.51842784881592,"Unknown"
"7014857",371856,2025-09-14 11:49:16,43.3500099182129,-8.51839160919189,"Unknown"
"7014857",371856,2025-09-14 11:54:17,43.350040435791,-8.51840400695801,"Unknown"
"7014857",371856,2025-09-14 11:59:35,43.3500099182129,-8.51830005645752,"Unknown"
"7014857",371856,2025-09-14 12:04:15,43.3500366210938,-8.51828479766846,"Unknown"
"7014857",371856,2025-09-14 12:09:15,43.3501281738281,-8.51843738555908,"Unknown"
"7014857",371856,2025-09-14 12:14:16,43.350040435791,-8.51839923858643,"Unknown"
"7014857",371856,2025-09-14 12:19:17,43.3500213623047,-8.51830291748047,"Unknown"
"7014857",371856,2025-09-14 12:24:16,43.3501205444336,-8.51841068267822,"Unknown"
"7014857",371856,2025-09-14 12:29:21,43.3498725891113,-8.51817321777344,"Unknown"
"7014857",371856,2025-09-14 12:34:25,43.349983215332,-8.51825523376465,"Unknown"
"7014857",371856,2025-09-14 12:39:44,43.3500022888184,-8.51837062835693,"Unknown"
"7014857",371856,2025-09-14 12:44:15,43.3500137329102,-8.51833057403564,"Unknown"
"7014857",371856,2025-09-14 12:49:15,43.3500022888184,-8.5184154510498,"Unknown"
"7014857",371856,2025-09-14 12:54:15,43.3500595092773,-8.51829814910889,"Unknown"
"7014857",371856,2025-09-14 12:59:15,43.3500671386719,-8.5183277130127,"Unknown"
"7014857",371856,2025-09-14 13:04:15,43.3498840332031,-8.51839828491211,"Unknown"
"7014857",371856,2025-09-14 13:09:15,43.3500938415527,-8.51830863952637,"Unknown"
"7014857",371856,2025-09-14 13:14:16,43.3499221801758,-8.51832962036133,"Unknown"
"7014857",371856,2025-09-14 13:19:18,43.3499794006348,-8.5184154510498,"Unknown"
"7014857",371856,2025-09-14 13:24:16,43.3498344421387,-8.5186710357666,"Unknown"
"7014857",371856,2025-09-14 13:29:17,43.3498802185059,-8.51857948303223,"Unknown"
"7014857",371856,2025-09-14 13:34:35,43.3499641418457,-8.51834774017334,"Unknown"
"7014857",371856,2025-09-14 13:39:15,43.3500289916992,-8.5183162689209,"Unknown"
"7014857",371856,2025-09-14 13:44:15,43.3500289916992,-8.51843070983887,"Unknown"
"7014857",371856,2025-09-14 13:49:15,43.3499221801758,-8.51837348937988,"Unknown"
"7014857",371856,2025-09-14 13:54:15,43.3499870300293,-8.51834678649902,"Unknown"
"7014857",371856,2025-09-14 13:59:15,43.3499374389648,-8.51836109161377,"Unknown"
"7014857",371856,2025-09-14 14:04:15,43.3499565124512,-8.51835060119629,"Unknown"
"7014857",371856,2025-09-14 14:09:16,43.3499641418457,-8.5183801651001,"Unknown"
"7014857",371856,2025-09-14 14:14:15,43.3499565124512,-8.51839542388916,"Unknown"
"7014857",371856,2025-09-14 14:19:15,43.3300437927246,-8.50372791290283,"Unknown"
"7014857",371856,2025-09-14 14:24:15,43.3292465209961,-8.49559688568115,"Unknown"
"7014857",371856,2025-09-14 14:29:19,43.3293762207031,-8.49554252624512,"Unknown"
"7014857",371856,2025-09-14 14:34:15,43.3329048156738,-8.50914859771729,"Unknown"
"7014857",371856,2025-09-14 14:39:15,43.3328666687012,-8.50935554504395,"Unknown"
"7014857",371856,2025-09-14 14:44:15,43.3328857421875,-8.5092601776123,"Unknown"
"7014857",371856,2025-09-14 14:49:15,43.3328704833984,-8.5092248916626,"Unknown"
"7014857",371856,2025-09-14 14:54:15,43.3328819274902,-8.50929927825928,"Unknown"
"7014857",371856,2025-09-14 14:59:16,43.332878112793,-8.50916290283203,"Unknown"
"7014857",371856,2025-09-14 15:04:18,43.3329849243164,-8.50948619842529,"Unknown"
"7014857",371856,2025-09-14 15:09:15,43.3329086303711,-8.50935077667236,"Unknown"
"7014857",371856,2025-09-14 15:14:15,43.3329925537109,-8.50940990447998,"Unknown"
"7014857",371856,2025-09-14 15:19:21,43.3330078125,-8.50929355621338,"Unknown"
"7014857",371856,2025-09-14 15:24:16,43.3329925537109,-8.50932025909424,"Unknown"
"7014857",371856,2025-09-14 15:29:23,43.3329849243164,-8.50936794281006,"Unknown"
"7014857",371856,2025-09-14 15:34:15,43.3329620361328,-8.50935649871826,"Unknown"
"7014857",371856,2025-09-14 15:39:15,43.3329963684082,-8.50936508178711,"Unknown"
"7014857",371856,2025-09-14 15:44:15,43.3330230712891,-8.50936794281006,"Unknown"
"7014857",371856,2025-09-14 15:49:15,43.3359031677246,-8.51119804382324,"Unknown"
"7014857",371856,2025-09-14 15:54:43,43.3477668762207,-8.53109359741211,"Unknown"
"7014857",371856,2025-09-14 15:59:18,43.3551063537598,-8.52338218688965,"Unknown"
"7014857",371856,2025-09-14 16:04:16,43.3562927246094,-8.51523685455322,"Unknown"
"7014857",371856,2025-09-14 16:09:17,43.3561363220215,-8.51516151428223,"Unknown"
"7014857",371856,2025-09-14 16:14:15,43.3562393188477,-8.5152702331543,"Unknown"
"7014857",371856,2025-09-14 16:19:15,43.3561935424805,-8.51526641845703,"Unknown"
"7014857",371856,2025-09-14 16:24:18,43.3562164306641,-8.51509761810303,"Unknown"
"7014857",371856,2025-09-14 16:29:18,43.3562355041504,-8.5152006149292,"Unknown"
"7014857",371856,2025-09-14 16:34:18,43.356201171875,-8.51548004150391,"Unknown"
"7014857",371856,2025-09-14 16:39:21,43.3562355041504,-8.51513576507568,"Unknown"
"7014857",371856,2025-09-14 16:44:18,43.3561668395996,-8.51516342163086,"Unknown"
"7014857",371856,2025-09-14 16:49:35,43.3562507629395,-8.5151834487915,"Unknown"
"7014857",371856,2025-09-14 16:54:17,43.3562622070312,-8.51523590087891,"Unknown"
"7014857",371856,2025-09-14 16:59:17,43.3562164306641,-8.51514720916748,"Unknown"
"7014857",371856,2025-09-14 17:04:15,43.3562507629395,-8.51524353027344,"Unknown"
"7014857",371856,2025-09-14 17:09:16,43.3562698364258,-8.51523494720459,"Unknown"
"7014857",371856,2025-09-14 17:14:15,43.3562812805176,-8.51514339447021,"Unknown"
"7014857",371856,2025-09-14 17:19:16,43.3562965393066,-8.51525402069092,"Unknown"
"7014857",371856,2025-09-14 17:24:15,43.3562660217285,-8.51522731781006,"Unknown"
"7014857",371856,2025-09-14 17:29:15,43.3562622070312,-8.515212059021,"Unknown"
"7014857",371856,2025-09-14 17:34:34,43.3562507629395,-8.51512622833252,"Unknown"
"7014857",371856,2025-09-14 17:39:16,43.3520812988281,-8.51111888885498,"Unknown"
"7014857",371856,2025-09-14 17:44:16,43.3505706787109,-8.50655364990234,"Unknown"
"7014857",371856,2025-09-14 17:49:17,43.350025177002,-8.50674724578857,"Unknown"
"7014857",371856,2025-09-14 17:54:16,43.3504371643066,-8.506591796875,"Unknown"
"7014857",371856,2025-09-14 17:59:16,43.3505020141602,-8.50662803649902,"Unknown"
"7014857",371856,2025-09-14 18:04:35,43.350456237793,-8.50666999816895,"Unknown"
"7014857",371856,2025-09-14 18:09:15,43.3505401611328,-8.50662422180176,"Unknown"
"7014857",371856,2025-09-14 18:14:16,43.3503646850586,-8.50640487670898,"Unknown"
"7014857",371856,2025-09-14 18:19:15,43.3527641296387,-8.52279663085938,"Unknown"
"7014857",371856,2025-09-14 18:24:15,43.3527679443359,-8.52274608612061,"Unknown"
"7014857",371856,2025-09-14 18:29:15,43.3528480529785,-8.52281188964844,"Unknown"
"7014857",371856,2025-09-14 18:34:15,43.3528442382812,-8.52278137207031,"Unknown"
"7014857",371856,2025-09-14 18:39:15,43.3528747558594,-8.52275371551514,"Unknown"
"7014857",371856,2025-09-14 18:44:16,43.3527717590332,-8.52279281616211,"Unknown"
"7014857",371856,2025-09-14 18:49:15,43.3528366088867,-8.5228157043457,"Unknown"
"7014857",371856,2025-09-14 18:54:15,43.3528175354004,-8.52279663085938,"Unknown"
"7014857",371856,2025-09-14 18:59:15,43.3528022766113,-8.52278423309326,"Unknown"
"7014857",371856,2025-09-14 19:04:16,43.3527870178223,-8.52276706695557,"Unknown"
"7014857",371856,2025-09-14 19:09:17,43.3526573181152,-8.52263355255127,"Unknown"
"7014857",371856,2025-09-14 19:14:42,43.3527679443359,-8.52280616760254,"Unknown"
"7014857",371856,2025-09-14 19:19:19,43.3488159179688,-8.5286169052124,"Unknown"
"7014857",371856,2025-09-14 19:23:59,43.3415222167969,-8.54625797271729,"Unknown"
"7014857",371856,2025-09-15 00:24:29,43.3304862976074,-8.54858112335205,"Unknown"
"7014857",371856,2025-09-15 04:36:05,43.3446655273438,-8.52758407592773,"Unknown"
"7014857",371856,2025-09-15 04:40:52,43.3447341918945,-8.5275764465332,"Unknown"
"7014857",371856,2025-09-15 04:45:52,43.3446807861328,-8.52762889862061,"Unknown"
"7014857",371856,2025-09-15 04:50:53,43.3447113037109,-8.52755546569824,"Unknown"
"7014857",371856,2025-09-15 04:55:54,43.3446426391602,-8.52765941619873,"Unknown"
"7014857",371856,2025-09-15 05:00:54,43.3446731567383,-8.52757930755615,"Unknown"
"7014857",371856,2025-09-15 05:05:54,43.3446846008301,-8.52755451202393,"Unknown"
"7014857",371856,2025-09-15 05:10:54,43.3446197509766,-8.52757930755615,"Unknown"
"7014857",371856,2025-09-15 05:15:54,43.3445510864258,-8.52758598327637,"Unknown"
"7014857",371856,2025-09-15 05:20:54,43.3446388244629,-8.52759170532227,"Unknown"
"7014857",371856,2025-09-15 05:25:54,43.3446464538574,-8.52755737304688,"Unknown"
"7014857",371856,2025-09-15 05:30:54,43.3446388244629,-8.52756977081299,"Unknown"
"7014857",371856,2025-09-15 05:35:54,43.3445587158203,-8.52763843536377,"Unknown"
"7014857",371856,2025-09-15 05:40:54,43.3446464538574,-8.52758407592773,"Unknown"
"7014857",371856,2025-09-15 05:45:54,43.3446159362793,-8.52761459350586,"Unknown"
"7014857",371856,2025-09-15 05:50:54,43.3446807861328,-8.52760696411133,"Unknown"
"7014857",371856,2025-09-15 05:55:54,43.3446350097656,-8.52766704559326,"Unknown"
"7014857",371856,2025-09-15 06:00:58,43.3450355529785,-8.52857494354248,"Unknown"
"7014857",371856,2025-09-15 06:05:58,43.3466949462891,-8.53067493438721,"Unknown"
"7014857",371856,2025-09-15 06:11:05,43.3501777648926,-8.52757835388184,"Unknown"
"7014857",371856,2025-09-15 06:15:46,43.3501663208008,-8.52754306793213,"Unknown"
"7014857",371856,2025-09-15 06:20:49,43.3501091003418,-8.52695846557617,"Unknown"
"7014857",371856,2025-09-15 06:25:49,43.3501014709473,-8.52703285217285,"Unknown"
"7014857",371856,2025-09-15 06:30:46,43.3355522155762,-8.51138687133789,"Unknown"
"7014857",371856,2025-09-15 06:35:47,43.3340682983398,-8.50902462005615,"Unknown"
"7014857",371856,2025-09-15 06:40:47,43.3322830200195,-8.50834178924561,"Unknown"
"7014857",371856,2025-09-15 06:45:48,43.3324127197266,-8.50867080688477,"Unknown"
"7014857",371856,2025-09-15 06:50:48,43.3323020935059,-8.50842094421387,"Unknown"
"7014857",371856,2025-09-15 06:55:47,43.332347869873,-8.50843143463135,"Unknown"
"7014857",371856,2025-09-15 07:00:49,43.3326072692871,-8.50832366943359,"Unknown"
"7014857",371856,2025-09-15 07:05:51,43.3324851989746,-8.50824737548828,"Unknown"
"7014857",371856,2025-09-15 07:11:24,43.3322868347168,-8.50852870941162,"Unknown"
"7014857",371856,2025-09-15 07:15:46,43.3318557739258,-8.50869560241699,"Unknown"
"7014857",371856,2025-09-15 07:20:46,43.3321418762207,-8.50822639465332,"Unknown"
"7014857",371856,2025-09-15 07:25:48,43.3320236206055,-8.50831699371338,"Unknown"
"7014857",371856,2025-09-15 07:30:52,43.3321228027344,-8.50826072692871,"Unknown"
"7014857",371856,2025-09-15 07:35:48,43.3320465087891,-8.50835514068604,"Unknown"
"7014857",371856,2025-09-15 07:40:45,43.3318023681641,-8.50813579559326,"Unknown"
"7014857",371856,2025-09-15 07:45:48,43.3317985534668,-8.50813484191895,"Unknown"
"7014857",371856,2025-09-15 07:50:46,43.331916809082,-8.50811386108398,"Unknown"
"7014857",371856,2025-09-15 07:55:48,43.3319282531738,-8.50811386108398,"Unknown"
"7014857",371856,2025-09-15 08:00:45,43.3318748474121,-8.50807762145996,"Unknown"
"7014857",371856,2025-09-15 08:05:45,43.3317108154297,-8.50863647460938,"Unknown"
"7014857",371856,2025-09-15 08:10:46,43.3315391540527,-8.5084867477417,"Unknown"
"7014857",371856,2025-09-15 08:15:46,43.3315467834473,-8.50843334197998,"Unknown"
"7014857",371856,2025-09-15 08:20:47,43.3315849304199,-8.50836849212646,"Unknown"
"7014857",371856,2025-09-15 08:25:47,43.3315773010254,-8.50819683074951,"Unknown"
"7014857",371856,2025-09-15 08:30:47,43.3316192626953,-8.50827121734619,"Unknown"
"7014857",371856,2025-09-15 08:35:49,43.3315277099609,-8.50851154327393,"Unknown"
"7014857",371856,2025-09-15 08:41:11,43.3315086364746,-8.50861835479736,"Unknown"
"7014857",371856,2025-09-15 08:45:51,43.3315086364746,-8.50858783721924,"Unknown"
"7014857",371856,2025-09-15 08:50:51,43.3315124511719,-8.50859069824219,"Unknown"
"7014857",371856,2025-09-15 08:55:52,43.3315124511719,-8.50860214233398,"Unknown"
"7014857",371856,2025-09-15 09:00:48,43.3315162658691,-8.50842189788818,"Unknown"
"7014857",371856,2025-09-15 09:05:54,43.3315010070801,-8.50867080688477,"Unknown"
"7014857",371856,2025-09-15 09:10:49,43.3314514160156,-8.50867557525635,"Unknown"
"7014857",371856,2025-09-15 09:15:48,43.3315048217773,-8.50894355773926,"Unknown"
"7014857",371856,2025-09-15 09:20:48,43.3314323425293,-8.5085391998291,"Unknown"
"7014857",371856,2025-09-15 09:25:47,43.3314399719238,-8.50885200500488,"Unknown"
"7014857",371856,2025-09-15 09:31:05,43.3314781188965,-8.50866317749023,"Unknown"
"7014857",371856,2025-09-15 09:35:46,43.3314933776855,-8.50868988037109,"Unknown"
"7014857",371856,2025-09-15 09:40:45,43.3314590454102,-8.50858592987061,"Unknown"
"7014857",371856,2025-09-15 09:45:45,43.3175849914551,-8.50711250305176,"Unknown"
"7014857",371856,2025-09-15 09:50:46,43.3070411682129,-8.50798511505127,"Unknown"
"7014857",371856,2025-09-15 09:55:52,43.3069190979004,-8.50782775878906,"Unknown"
"7014857",371856,2025-09-15 10:00:46,43.307014465332,-8.50809288024902,"Unknown"
"7014857",371856,2025-09-15 10:05:48,43.3070831298828,-8.50829792022705,"Unknown"
"7014857",371856,2025-09-15 10:10:51,43.3068466186523,-8.50756645202637,"Unknown"
"7014857",371856,2025-09-15 10:15:49,43.3069114685059,-8.50763702392578,"Unknown"
"7014857",371856,2025-09-15 10:21:03,43.3069915771484,-8.50769710540771,"Unknown"
"7014857",371856,2025-09-15 10:25:55,43.3069076538086,-8.50779247283936,"Unknown"
"7014857",371856,2025-09-15 10:30:53,43.3070182800293,-8.50769996643066,"Unknown"
"7014857",371856,2025-09-15 10:35:54,43.3069496154785,-8.50777244567871,"Unknown"
"7014857",371856,2025-09-15 10:40:54,43.3069000244141,-8.50777149200439,"Unknown"
"7014857",371856,2025-09-15 10:45:54,43.3068389892578,-8.5078239440918,"Unknown"
"7014857",371856,2025-09-15 10:51:02,43.3069458007812,-8.50772094726562,"Unknown"
"7014857",371856,2025-09-15 10:55:45,43.3069190979004,-8.50777149200439,"Unknown"
"7014857",371856,2025-09-15 11:00:54,43.307056427002,-8.50765037536621,"Unknown"
"7014857",371856,2025-09-15 11:05:45,43.3070602416992,-8.50769424438477,"Unknown"
"7014857",371856,2025-09-15 11:10:45,43.3069000244141,-8.50782871246338,"Unknown"
"7014857",371856,2025-09-15 11:15:45,43.3069000244141,-8.50778865814209,"Unknown"
"7014857",371856,2025-09-15 11:20:46,43.3068580627441,-8.50784397125244,"Unknown"
"7014857",371856,2025-09-15 11:25:46,43.3069725036621,-8.50779628753662,"Unknown"
"7014857",371856,2025-09-15 11:30:46,43.306999206543,-8.50759506225586,"Unknown"
"7014857",371856,2025-09-15 11:35:49,43.3069038391113,-8.50757026672363,"Unknown"
"7014857",371856,2025-09-15 11:40:47,43.306957244873,-8.50748062133789,"Unknown"
"7014857",371856,2025-09-15 11:45:47,43.3070945739746,-8.50751399993896,"Unknown"
"7014857",371856,2025-09-15 11:50:46,43.3070297241211,-8.5075569152832,"Unknown"
"7014857",371856,2025-09-15 11:55:55,43.307056427002,-8.50763988494873,"Unknown"
"7014857",371856,2025-09-15 12:00:45,43.3071250915527,-8.5076322555542,"Unknown"
"7014857",371856,2025-09-15 12:05:46,43.3070487976074,-8.50764274597168,"Unknown"
"7014857",371856,2025-09-15 12:10:45,43.3070449829102,-8.5077428817749,"Unknown"
"7014857",371856,2025-09-15 12:15:47,43.3070373535156,-8.50764656066895,"Unknown"
"7014857",371856,2025-09-15 12:20:47,43.307014465332,-8.50780773162842,"Unknown"
"7014857",371856,2025-09-15 12:25:46,43.3070373535156,-8.50763511657715,"Unknown"
"7014857",371856,2025-09-15 12:31:05,43.3070602416992,-8.5076208114624,"Unknown"
"7014857",371856,2025-09-15 12:35:45,43.3070411682129,-8.50766849517822,"Unknown"
"7014857",371856,2025-09-15 12:40:45,43.3071250915527,-8.50771331787109,"Unknown"
"7014857",371856,2025-09-15 12:45:46,43.3070907592773,-8.50771141052246,"Unknown"
"7014857",371856,2025-09-15 12:50:46,43.3070411682129,-8.50774574279785,"Unknown"
"7014857",371856,2025-09-15 12:55:46,43.3069953918457,-8.50781536102295,"Unknown"
"7014857",371856,2025-09-15 13:00:45,43.3069343566895,-8.50773525238037,"Unknown"
"7014857",371856,2025-09-15 13:05:46,43.3069953918457,-8.50785350799561,"Unknown"
"7014857",371856,2025-09-15 13:10:46,43.307014465332,-8.50786590576172,"Unknown"
"7014857",371856,2025-09-15 13:15:47,43.307014465332,-8.50778293609619,"Unknown"
"7014857",371856,2025-09-15 13:21:05,43.3069915771484,-8.50769901275635,"Unknown"
"7014857",371856,2025-09-15 13:25:45,43.3071479797363,-8.50757503509521,"Unknown"
"7014857",371856,2025-09-15 13:30:46,43.3068351745605,-8.50777053833008,"Unknown"
"7014857",371856,2025-09-15 13:35:46,43.3069953918457,-8.50766468048096,"Unknown"
"7014857",371856,2025-09-15 13:40:46,43.3069915771484,-8.50770473480225,"Unknown"
"7014857",371856,2025-09-15 13:45:46,43.3068923950195,-8.5077075958252,"Unknown"
"7014857",371856,2025-09-15 13:50:45,43.3070068359375,-8.5076379776001,"Unknown"
"7014857",371856,2025-09-15 13:55:46,43.3070640563965,-8.5076322555542,"Unknown"
"7014857",371856,2025-09-15 14:00:45,43.3070106506348,-8.50765037536621,"Unknown"
"7014857",371856,2025-09-15 14:05:45,43.3070068359375,-8.50768852233887,"Unknown"
"7014857",371856,2025-09-15 14:10:56,43.3071098327637,-8.50764560699463,"Unknown"
"7014857",371856,2025-09-15 14:15:45,43.307056427002,-8.5076150894165,"Unknown"
"7014857",371856,2025-09-15 14:20:45,43.3070945739746,-8.50759983062744,"Unknown"
"7014857",371856,2025-09-15 14:25:45,43.3069725036621,-8.50769901275635,"Unknown"
"7014857",371856,2025-09-15 14:30:45,43.3070068359375,-8.507737159729,"Unknown"
"7014857",371856,2025-09-15 14:35:45,43.3071098327637,-8.50767421722412,"Unknown"
"7014857",371856,2025-09-15 14:40:45,43.3070411682129,-8.50770282745361,"Unknown"
"7014857",371856,2025-09-15 14:45:45,43.3069839477539,-8.50771331787109,"Unknown"
"7014857",371856,2025-09-15 14:50:45,43.3068923950195,-8.50772190093994,"Unknown"
"7014857",371856,2025-09-15 14:55:46,43.3069801330566,-8.50768184661865,"Unknown"
"7014857",371856,2025-09-15 15:00:46,43.306941986084,-8.50775241851807,"Unknown"
"7014857",371856,2025-09-15 15:05:45,43.306827545166,-8.50769901275635,"Unknown"
"7014857",371856,2025-09-15 15:10:45,43.306884765625,-8.50771522521973,"Unknown"
"7014857",371856,2025-09-15 15:15:45,43.3068618774414,-8.50776767730713,"Unknown"
"7014857",371856,2025-09-15 15:20:45,43.3068695068359,-8.50786209106445,"Unknown"
"7014857",371856,2025-09-15 15:25:45,43.3068313598633,-8.5076847076416,"Unknown"
"7014857",371856,2025-09-15 15:30:45,43.3067893981934,-8.5076265335083,"Unknown"
"7014857",371856,2025-09-15 15:35:45,43.3067779541016,-8.50755786895752,"Unknown"
"7014857",371856,2025-09-15 15:40:45,43.3070831298828,-8.50792407989502,"Unknown"
"7014857",371856,2025-09-15 15:45:45,43.3069305419922,-8.50765323638916,"Unknown"
"7014857",371856,2025-09-15 15:52:05,43.3091888427734,-8.51276683807373,"Unknown"
"7014857",371856,2025-09-15 15:55:46,43.3243560791016,-8.51537609100342,"Unknown"
"7014857",371856,2025-09-15 16:00:46,43.3296394348145,-8.49558258056641,"Unknown"
"7014857",371856,2025-09-15 16:05:46,43.3294296264648,-8.49533939361572,"Unknown"
"7014857",371856,2025-09-15 16:10:45,43.3310508728027,-8.50251388549805,"Unknown"
"7014857",371856,2025-09-15 16:15:45,43.3343086242676,-8.51009273529053,"Unknown"
"7014857",371856,2025-09-15 16:20:46,43.3343238830566,-8.5099925994873,"Unknown"
"7014857",371856,2025-09-15 16:25:47,43.334358215332,-8.5100212097168,"Unknown"
"7014857",371856,2025-09-15 16:30:45,43.3344116210938,-8.50998115539551,"Unknown"
"7014857",371856,2025-09-15 16:35:47,43.3452377319336,-8.52865791320801,"Unknown"
"7014857",371856,2025-09-15 16:40:45,43.3476409912109,-8.53069400787354,"Unknown"
"7014857",371856,2025-09-15 16:45:49,43.3476028442383,-8.53087997436523,"Unknown"
"7014857",371856,2025-09-15 16:50:46,43.3476295471191,-8.53078842163086,"Unknown"
"7014857",371856,2025-09-15 16:55:52,43.3476638793945,-8.53082942962646,"Unknown"
"7014857",371856,2025-09-15 17:00:46,43.3476333618164,-8.53090763092041,"Unknown"
"7014857",371856,2025-09-15 17:05:53,43.3476371765137,-8.53084659576416,"Unknown"
"7014857",371856,2025-09-15 17:10:53,43.3476486206055,-8.53068065643311,"Unknown"
"7014857",371856,2025-09-15 17:15:47,43.3476066589355,-8.53071117401123,"Unknown"
"7014857",371856,2025-09-15 17:20:54,43.3476448059082,-8.53093910217285,"Unknown"
"7014857",371856,2025-09-15 17:25:54,43.3476448059082,-8.53088855743408,"Unknown"
"7014857",371856,2025-09-15 17:30:54,43.3476409912109,-8.53083610534668,"Unknown"
"7014857",371856,2025-09-15 17:35:54,43.3476219177246,-8.53088855743408,"Unknown"
"7014857",371856,2025-09-15 17:41:05,43.3476219177246,-8.53080081939697,"Unknown"
"7014857",371856,2025-09-15 17:45:45,43.3476333618164,-8.53081893920898,"Unknown"
"7014857",371856,2025-09-15 17:50:45,43.3475875854492,-8.53081798553467,"Unknown"
"7014857",371856,2025-09-15 17:55:45,43.3475685119629,-8.53083610534668,"Unknown"
"7014857",371856,2025-09-15 18:00:45,43.3475685119629,-8.53083324432373,"Unknown"
"7014857",371856,2025-09-15 18:05:45,43.3476028442383,-8.53084182739258,"Unknown"
"7014857",371856,2025-09-15 18:10:45,43.3476066589355,-8.53078651428223,"Unknown"
"7014857",371856,2025-09-15 18:15:45,43.3506622314453,-8.52689170837402,"Unknown"
"7014857",371856,2025-09-15 18:20:59,43.353443145752,-8.52119445800781,"Unknown"
"7014857",371856,2025-09-15 18:25:45,43.353385925293,-8.52115058898926,"Unknown"
"7014857",371856,2025-09-15 18:30:45,43.3534965515137,-8.52117919921875,"Unknown"
"7014857",371856,2025-09-15 18:35:45,43.3534240722656,-8.52116584777832,"Unknown"
"7014857",371856,2025-09-15 18:40:45,43.3534736633301,-8.52119064331055,"Unknown"
"7014857",371856,2025-09-15 18:45:45,43.3534774780273,-8.52122974395752,"Unknown"
"7014857",371856,2025-09-15 18:50:45,43.3534622192383,-8.52117347717285,"Unknown"
"7014857",371856,2025-09-15 18:55:54,43.3535003662109,-8.52120399475098,"Unknown"
"7014857",371856,2025-09-15 19:01:05,43.353515625,-8.52116966247559,"Unknown"
"7014857",371856,2025-09-15 19:05:46,43.353515625,-8.52118587493896,"Unknown"
"7014857",371856,2025-09-15 19:10:46,43.353515625,-8.52114963531494,"Unknown"
"7014857",371856,2025-09-15 19:15:45,43.353515625,-8.52115631103516,"Unknown"
"7014857",371856,2025-09-15 19:22:08,43.3534698486328,-8.52127456665039,"Unknown"
"7014857",371856,2025-09-16 00:22:44,43.3498611450195,-8.51828575134277,"Unknown"
"7014857",371856,2025-09-16 04:37:35,43.3499526977539,-8.51822280883789,"Unknown"
"7014857",371856,2025-09-16 04:42:00,43.3499794006348,-8.51820278167725,"Unknown"
"7014857",371856,2025-09-16 04:47:01,43.3499565124512,-8.51826190948486,"Unknown"
"7014857",371856,2025-09-16 04:52:03,43.3500328063965,-8.51819705963135,"Unknown"
"7014857",371856,2025-09-16 04:57:01,43.3500137329102,-8.51809787750244,"Unknown"
"7014857",371856,2025-09-16 05:02:01,43.3500137329102,-8.51826286315918,"Unknown"
"7014857",371856,2025-09-16 05:07:01,43.3500022888184,-8.51821804046631,"Unknown"
"7014857",371856,2025-09-16 05:12:14,43.3499984741211,-8.51818656921387,"Unknown"
"7014857",371856,2025-09-16 05:17:00,43.3498649597168,-8.51821231842041,"Unknown"
"7014857",371856,2025-09-16 05:22:02,43.3500862121582,-8.51829051971436,"Unknown"
"7014857",371856,2025-09-16 05:27:02,43.3501129150391,-8.51845836639404,"Unknown"
"7014857",371856,2025-09-16 05:32:03,43.3498611450195,-8.51830673217773,"Unknown"
"7014857",371856,2025-09-16 05:37:04,43.3499221801758,-8.51827335357666,"Unknown"
"7014857",371856,2025-09-16 05:42:02,43.3498687744141,-8.51820278167725,"Unknown"
"7014857",371856,2025-09-16 05:47:01,43.3501586914062,-8.51823806762695,"Unknown"
"7014857",371856,2025-09-16 05:52:13,43.3498306274414,-8.51822471618652,"Unknown"
"7014857",371856,2025-09-16 05:57:01,43.3498039245605,-8.51810741424561,"Unknown"
"7014857",371856,2025-09-16 06:02:06,43.3499412536621,-8.51828098297119,"Unknown"
"7014857",371856,2025-09-16 06:07:00,43.3500556945801,-8.51831436157227,"Unknown"
"7014857",371856,2025-09-16 06:12:03,43.3498039245605,-8.51814842224121,"Unknown"
"7014857",371856,2025-09-16 06:17:01,43.3501167297363,-8.5182409286499,"Unknown"
"7014857",371856,2025-09-16 06:22:02,43.3498992919922,-8.51818752288818,"Unknown"
"7014857",371856,2025-09-16 06:27:00,43.3475875854492,-8.51707744598389,"Unknown"
"7014857",371856,2025-09-16 06:32:01,43.332893371582,-8.50924015045166,"Unknown"
"7014857",371856,2025-09-16 06:37:00,43.3326950073242,-8.50885581970215,"Unknown"
"7014857",371856,2025-09-16 06:42:01,43.3325881958008,-8.50863361358643,"Unknown"
"7014857",371856,2025-09-16 06:47:01,43.3326606750488,-8.508957862854,"Unknown"
"7014857",371856,2025-09-16 06:52:02,43.332592010498,-8.50877952575684,"Unknown"
"7014857",371856,2025-09-16 06:57:01,43.3327445983887,-8.50879001617432,"Unknown"
"7014857",371856,2025-09-16 07:02:09,43.3325996398926,-8.50889682769775,"Unknown"
"7014857",371856,2025-09-16 07:07:14,43.332576751709,-8.50888252258301,"Unknown"
"7014857",371856,2025-09-16 07:12:01,43.332389831543,-8.5087833404541,"Unknown"
"7014857",371856,2025-09-16 07:17:07,43.3328475952148,-8.50869083404541,"Unknown"
"7014857",371856,2025-09-16 07:22:03,43.3326148986816,-8.50880813598633,"Unknown"
"7014857",371856,2025-09-16 07:27:06,43.3325347900391,-8.50867557525635,"Unknown"
"7014857",371856,2025-09-16 07:32:04,43.3326568603516,-8.50869655609131,"Unknown"
"7014857",371856,2025-09-16 07:37:04,43.3325805664062,-8.50881767272949,"Unknown"
"7014857",371856,2025-09-16 07:42:03,43.3338890075684,-8.50876522064209,"Unknown"
"7014857",371856,2025-09-16 07:47:14,43.3337898254395,-8.50868225097656,"Unknown"
"7014857",371856,2025-09-16 07:52:09,43.333927154541,-8.50872707366943,"Unknown"
"7014857",371856,2025-09-16 07:57:02,43.3338241577148,-8.50856304168701,"Unknown"
"7014857",371856,2025-09-16 08:02:02,43.3416366577148,-8.51784706115723,"Unknown"
"7014857",371856,2025-09-16 08:07:04,43.3415184020996,-8.51773452758789,"Unknown"
"7014857",371856,2025-09-16 08:12:12,43.3414916992188,-8.51778602600098,"Unknown"
"7014857",371856,2025-09-16 08:17:06,43.3415718078613,-8.51765251159668,"Unknown"
"7014857",371856,2025-09-16 08:22:03,43.3415260314941,-8.51794910430908,"Unknown"
"7014857",371856,2025-09-16 08:27:09,43.3415641784668,-8.51770687103271,"Unknown"
"7014857",371856,2025-09-16 08:32:09,43.3414306640625,-8.51782894134521,"Unknown"
"7014857",371856,2025-09-16 08:37:10,43.3416061401367,-8.51777648925781,"Unknown"
"7014857",371856,2025-09-16 08:42:10,43.3415794372559,-8.51777744293213,"Unknown"
"7014857",371856,2025-09-16 08:47:09,43.3414916992188,-8.51773452758789,"Unknown"
"7014857",371856,2025-09-16 08:52:08,43.3415031433105,-8.51780319213867,"Unknown"
"7014857",371856,2025-09-16 08:57:14,43.3415565490723,-8.51782321929932,"Unknown"
"7014857",371856,2025-09-16 09:02:09,43.341552734375,-8.51774787902832,"Unknown"
"7014857",371856,2025-09-16 09:07:07,43.3414688110352,-8.51767826080322,"Unknown"
"7014857",371856,2025-09-16 09:12:07,43.3414878845215,-8.51774501800537,"Unknown"
"7014857",371856,2025-09-16 09:17:06,43.3415946960449,-8.5176248550415,"Unknown"
"7014857",371856,2025-09-16 09:22:06,43.3415603637695,-8.51766204833984,"Unknown"
"7014857",371856,2025-09-16 09:27:06,43.3415985107422,-8.51773643493652,"Unknown"
"7014857",371856,2025-09-16 09:32:09,43.3416786193848,-8.51776027679443,"Unknown"
"7014857",371856,2025-09-16 09:37:12,43.3417549133301,-8.51772308349609,"Unknown"
"7014857",371856,2025-09-16 09:42:14,43.3416862487793,-8.51752471923828,"Unknown"
"7014857",371856,2025-09-16 09:47:03,43.3420829772949,-8.51615524291992,"Unknown"
"7014857",371856,2025-09-16 09:52:16,43.3414993286133,-8.51760196685791,"Unknown"
"7014857",371856,2025-09-16 09:57:09,43.3415870666504,-8.51760005950928,"Unknown"
"7014857",371856,2025-09-16 10:02:10,43.3415412902832,-8.51759338378906,"Unknown"
"7014857",371856,2025-09-16 10:07:06,43.3415641784668,-8.5176362991333,"Unknown"
"7014857",371856,2025-09-16 10:12:09,43.3415946960449,-8.51792049407959,"Unknown"
"7014857",371856,2025-09-16 10:17:10,43.3415145874023,-8.51759338378906,"Unknown"
"7014857",371856,2025-09-16 10:22:13,43.3415946960449,-8.51757907867432,"Unknown"
"7014857",371856,2025-09-16 10:27:01,43.3416786193848,-8.51778793334961,"Unknown"
"7014857",371856,2025-09-16 10:32:01,43.3319129943848,-8.50735187530518,"Unknown"
"7014857",371856,2025-09-16 10:37:01,43.3310050964355,-8.50846767425537,"Unknown"
"7014857",371856,2025-09-16 10:42:00,43.3197898864746,-8.49447059631348,"Unknown"
"7014857",371856,2025-09-16 10:47:45,43.2919731140137,-8.47857856750488,"Unknown"
"7014857",371856,2025-09-16 10:52:09,43.2746810913086,-8.47142887115479,"Unknown"
"7014857",371856,2025-09-16 10:57:50,43.2524337768555,-8.46531677246094,"Unknown"
"7014857",371856,2025-09-16 11:02:03,43.2324714660645,-8.46264362335205,"Unknown"
"7014857",371856,2025-09-16 11:07:15,43.2128372192383,-8.45353889465332,"Unknown"
"7014857",371856,2025-09-16 11:12:00,43.1931495666504,-8.4526538848877,"Unknown"
"7014857",371856,2025-09-16 11:17:00,43.170841217041,-8.45276165008545,"Unknown"
"7014857",371856,2025-09-16 11:22:00,43.1500663757324,-8.46037101745605,"Unknown"
"7014857",371856,2025-09-16 11:27:02,43.130802154541,-8.47071838378906,"Unknown"
"7014857",371856,2025-09-16 11:37:43,43.1308097839355,-8.47119903564453,"Unknown"
"7014857",371856,2025-09-16 11:42:03,43.1308517456055,-8.47124099731445,"Unknown"
"7014857",371856,2025-09-16 11:47:02,43.1308288574219,-8.47120761871338,"Unknown"
"7014857",371856,2025-09-16 11:52:01,43.1307334899902,-8.47114181518555,"Unknown"
"7014857",371856,2025-09-16 11:57:05,43.1308135986328,-8.47122478485107,"Unknown"
"7014857",371856,2025-09-16 12:02:00,43.1307678222656,-8.47125911712646,"Unknown"
"7014857",371856,2025-09-16 12:07:37,43.1309432983398,-8.47115612030029,"Unknown"
"7014857",371856,2025-09-16 12:12:00,43.1309700012207,-8.47128009796143,"Unknown"
"7014857",371856,2025-09-16 12:17:00,43.1309242248535,-8.47116184234619,"Unknown"
"7014857",371856,2025-09-16 12:21:59,43.1309547424316,-8.47125339508057,"Unknown"
"7014857",371856,2025-09-16 12:27:03,43.1317672729492,-8.46881103515625,"Unknown"
"7014857",371856,2025-09-16 12:33:05,43.1317253112793,-8.46882915496826,"Unknown"
"7014857",371856,2025-09-16 12:37:02,43.1318244934082,-8.46934413909912,"Unknown"
"7014857",371856,2025-09-16 12:42:04,43.1317825317383,-8.46873950958252,"Unknown"
"7014857",371856,2025-09-16 12:47:03,43.1318054199219,-8.46874332427979,"Unknown"
"7014857",371856,2025-09-16 12:52:04,43.1316833496094,-8.46870994567871,"Unknown"
"7014857",371856,2025-09-16 12:57:01,43.1318893432617,-8.46894454956055,"Unknown"
"7014857",371856,2025-09-16 13:02:00,43.1318817138672,-8.46888828277588,"Unknown"
"7014857",371856,2025-09-16 13:07:26,43.1316452026367,-8.46873569488525,"Unknown"
"7014857",371856,2025-09-16 13:12:00,43.130786895752,-8.46909427642822,"Unknown"
"7014857",371856,2025-09-16 13:17:02,43.1307373046875,-8.46905899047852,"Unknown"
"7014857",371856,2025-09-16 13:22:03,43.1305961608887,-8.46897602081299,"Unknown"
"7014857",371856,2025-09-16 13:27:00,43.1306800842285,-8.469162940979,"Unknown"
"7014857",371856,2025-09-16 13:32:02,43.1304054260254,-8.47002124786377,"Unknown"
"7014857",371856,2025-09-16 13:37:02,43.1302795410156,-8.47150611877441,"Unknown"
"7014857",371856,2025-09-16 13:42:06,43.1304702758789,-8.47194671630859,"Unknown"
"7014857",371856,2025-09-16 13:47:02,43.1305046081543,-8.47188854217529,"Unknown"
"7014857",371856,2025-09-16 13:52:09,43.1305465698242,-8.47198963165283,"Unknown"
"7014857",371856,2025-09-16 13:57:06,43.1306953430176,-8.47169876098633,"Unknown"
"7014857",371856,2025-09-16 14:02:01,43.130428314209,-8.47162628173828,"Unknown"
"7014857",371856,2025-09-16 14:07:09,43.1303482055664,-8.47012805938721,"Unknown"
"7014857",371856,2025-09-16 14:12:08,43.1302719116211,-8.47013664245605,"Unknown"
"7014857",371856,2025-09-16 14:17:35,43.1308670043945,-8.47145652770996,"Unknown"
"7014857",371856,2025-09-16 14:22:00,43.1308364868164,-8.47146987915039,"Unknown"
"7014857",371856,2025-09-16 14:27:00,43.1308822631836,-8.47155380249023,"Unknown"
"7014857",371856,2025-09-16 14:32:01,43.1309242248535,-8.47144794464111,"Unknown"
"7014857",371856,2025-09-16 14:37:10,43.1305961608887,-8.46974182128906,"Unknown"
"7014857",371856,2025-09-16 14:42:02,43.1304779052734,-8.47013187408447,"Unknown"
"7014857",371856,2025-09-16 14:47:14,43.1304550170898,-8.47003364562988,"Unknown"
"7014857",371856,2025-09-16 14:52:00,43.1305046081543,-8.46992778778076,"Unknown"
"7014857",371856,2025-09-16 14:57:02,43.1302490234375,-8.47018241882324,"Unknown"
"7014857",371856,2025-09-16 15:02:03,43.1298675537109,-8.47227478027344,"Unknown"
"7014857",371856,2025-09-16 15:07:04,43.1299858093262,-8.47205448150635,"Unknown"
"7014857",371856,2025-09-16 15:12:01,43.1306610107422,-8.47189807891846,"Unknown"
"7014857",371856,2025-09-16 15:17:01,43.1306533813477,-8.47179889678955,"Unknown"
"7014857",371856,2025-09-16 15:22:14,43.1300506591797,-8.47035694122314,"Unknown"
"7014857",371856,2025-09-16 15:27:07,43.1305274963379,-8.47115802764893,"Unknown"
"7014857",371856,2025-09-16 15:32:04,43.1304130554199,-8.46940422058105,"Unknown"
"7014857",371856,2025-09-16 15:37:04,43.1303405761719,-8.46942043304443,"Unknown"
"7014857",371856,2025-09-16 15:42:13,43.1303825378418,-8.46953773498535,"Unknown"
"7014857",371856,2025-09-16 15:47:14,43.1305084228516,-8.46943759918213,"Unknown"
"7014857",371856,2025-09-16 15:52:02,43.1304626464844,-8.4694128036499,"Unknown"
"7014857",371856,2025-09-16 15:57:03,43.1303596496582,-8.46958065032959,"Unknown"
"7014857",371856,2025-09-16 16:02:06,43.1304550170898,-8.46931743621826,"Unknown"
"7014857",371856,2025-09-16 16:07:06,43.1304130554199,-8.46915817260742,"Unknown"
"7014857",371856,2025-09-16 16:12:02,43.1304244995117,-8.46950912475586,"Unknown"
"7014857",371856,2025-09-16 16:17:09,43.130428314209,-8.46938610076904,"Unknown"
"7014857",371856,2025-09-16 16:22:17,43.1301193237305,-8.46877479553223,"Unknown"
"7014857",371856,2025-09-16 16:27:09,43.133903503418,-8.47043037414551,"Unknown"
"7014857",371856,2025-09-16 16:32:15,43.1339149475098,-8.47049045562744,"Unknown"
"7014857",371856,2025-09-16 16:37:13,43.1338844299316,-8.47036075592041,"Unknown"
"7014857",371856,2025-09-16 16:42:09,43.1338539123535,-8.47023963928223,"Unknown"
"7014857",371856,2025-09-16 16:47:09,43.1338539123535,-8.47030925750732,"Unknown"
"7014857",371856,2025-09-16 16:52:11,43.1339378356934,-8.47019100189209,"Unknown"
"7014857",371856,2025-09-16 16:57:09,43.1301155090332,-8.47010612487793,"Unknown"
"7014857",371856,2025-09-16 17:02:35,43.1301574707031,-8.47000694274902,"Unknown"
"7014857",371856,2025-09-16 17:07:00,43.1301498413086,-8.4700756072998,"Unknown"
"7014857",371856,2025-09-16 17:12:00,43.1300506591797,-8.47003364562988,"Unknown"
"7014857",371856,2025-09-16 17:17:01,43.1301498413086,-8.47005367279053,"Unknown"
"7014857",371856,2025-09-16 17:22:00,43.1301498413086,-8.47007846832275,"Unknown"
"7014857",371856,2025-09-16 17:27:00,43.1301307678223,-8.47001838684082,"Unknown"
"7014857",371856,2025-09-16 17:32:00,43.1301689147949,-8.46999931335449,"Unknown"
"7014857",371856,2025-09-16 17:37:00,43.1301422119141,-8.46992969512939,"Unknown"
"7014857",371856,2025-09-16 17:42:00,43.1301307678223,-8.4699125289917,"Unknown"
"7014857",371856,2025-09-16 17:47:02,43.1301383972168,-8.46996402740479,"Unknown"
"7014857",371856,2025-09-16 17:52:07,43.1301193237305,-8.46987724304199,"Unknown"
"7014857",371856,2025-09-16 17:57:10,43.1301422119141,-8.46982097625732,"Unknown"
"7014857",371856,2025-09-16 18:02:00,43.1301574707031,-8.46991443634033,"Unknown"
"7014857",371856,2025-09-16 18:07:00,43.1303329467773,-8.46994495391846,"Unknown"
"7014857",371856,2025-09-16 18:12:00,43.1302223205566,-8.46992683410645,"Unknown"
"7014857",371856,2025-09-16 18:17:00,43.1301422119141,-8.4700174331665,"Unknown"
"7014857",371856,2025-09-16 18:22:01,43.1302299499512,-8.47005176544189,"Unknown"
"7014857",371856,2025-09-16 18:27:03,43.1303291320801,-8.47003364562988,"Unknown"
"7014857",371856,2025-09-16 18:32:01,43.1303558349609,-8.471604347229,"Unknown"
"7014857",371856,2025-09-16 18:37:04,43.132740020752,-8.46845054626465,"Unknown"
"7014857",371856,2025-09-16 18:42:00,43.1481018066406,-8.46196460723877,"Unknown"
"7014857",371856,2025-09-16 18:47:14,43.1712379455566,-8.44458961486816,"Unknown"
"7014857",371856,2025-09-16 18:52:00,43.170654296875,-8.43723201751709,"Unknown"
"7014857",371856,2025-09-16 18:57:06,43.1708946228027,-8.4371337890625,"Unknown"
"7014857",371856,2025-09-16 19:02:03,43.1707611083984,-8.43707752227783,"Unknown"
"7014857",371856,2025-09-16 19:07:18,43.1710319519043,-8.43714427947998,"Unknown"
"7014857",371856,2025-09-16 19:12:01,43.1713905334473,-8.4372091293335,"Unknown"
"7014857",371856,2025-09-16 19:17:03,43.170295715332,-8.43722724914551,"Unknown"
"7014857",371856,2025-09-16 19:19:44,43.1710662841797,-8.43715190887451,"Unknown"
"7014857",371856,2025-09-17 00:20:05,43.1723594665527,-8.4383430480957,"Unknown"
"7014857",371856,2025-09-17 04:38:59,43.172435760498,-8.43841075897217,"Unknown"
"7014857",371856,2025-09-17 04:43:22,43.1724548339844,-8.43838596343994,"Unknown"
"7014857",371856,2025-09-17 04:48:23,43.172420501709,-8.43838119506836,"Unknown"
"7014857",371856,2025-09-17 04:53:23,43.1724472045898,-8.43838691711426,"Unknown"
"7014857",371856,2025-09-17 04:58:23,43.1725463867188,-8.43843078613281,"Unknown"
"7014857",371856,2025-09-17 05:03:22,43.172492980957,-8.43834018707275,"Unknown"
"7014857",371856,2025-09-17 05:08:23,43.172492980957,-8.43825912475586,"Unknown"
"7014857",371856,2025-09-17 05:13:22,43.1725463867188,-8.438307762146,"Unknown"
"7014857",371856,2025-09-17 05:18:23,43.1724891662598,-8.43832588195801,"Unknown"
"7014857",371856,2025-09-17 05:23:22,43.1725845336914,-8.43845176696777,"Unknown"
"7014857",371856,2025-09-17 05:28:23,43.1725196838379,-8.43831443786621,"Unknown"
"7014857",371856,2025-09-17 05:33:23,43.1724586486816,-8.43833923339844,"Unknown"
"7014857",371856,2025-09-17 05:38:22,43.1725540161133,-8.43838024139404,"Unknown"
"7014857",371856,2025-09-17 05:43:24,43.1725234985352,-8.43827152252197,"Unknown"
"7014857",371856,2025-09-17 05:48:22,43.1725807189941,-8.43825435638428,"Unknown"
"7014857",371856,2025-09-17 05:53:23,43.172492980957,-8.43830394744873,"Unknown"
"7014857",371856,2025-09-17 05:58:22,43.1724586486816,-8.43827724456787,"Unknown"
"7014857",371856,2025-09-17 06:03:22,43.1725425720215,-8.43829154968262,"Unknown"
"7014857",371856,2025-09-17 06:08:22,43.1725807189941,-8.43822383880615,"Unknown"
"7014857",371856,2025-09-17 06:13:27,43.1725997924805,-8.4382152557373,"Unknown"
"7014857",371856,2025-09-17 06:18:23,43.1722602844238,-8.4463472366333,"Unknown"
"7014857",371856,2025-09-17 06:23:23,43.1724166870117,-8.44637489318848,"Unknown"
"7014857",371856,2025-09-17 06:28:24,43.1726264953613,-8.44591617584229,"Unknown"
"7014857",371856,2025-09-17 06:33:24,43.172477722168,-8.44567394256592,"Unknown"
"7014857",371856,2025-09-17 06:38:27,43.1725120544434,-8.44563579559326,"Unknown"
"7014857",371856,2025-09-17 06:43:22,43.1724548339844,-8.44611644744873,"Unknown"
"7014857",371856,2025-09-17 06:48:23,43.1725578308105,-8.44615745544434,"Unknown"
"7014857",371856,2025-09-17 06:53:31,43.1724662780762,-8.44588184356689,"Unknown"
"7014857",371856,2025-09-17 06:58:25,43.1724395751953,-8.44590187072754,"Unknown"
"7014857",371856,2025-09-17 07:03:42,43.172420501709,-8.44590377807617,"Unknown"
"7014857",371856,2025-09-17 07:08:22,43.1723747253418,-8.44594955444336,"Unknown"
"7014857",371856,2025-09-17 07:13:22,43.172435760498,-8.44594097137451,"Unknown"
"7014857",371856,2025-09-17 07:18:26,43.1723823547363,-8.44588375091553,"Unknown"
"7014857",371856,2025-09-17 07:23:22,43.1724433898926,-8.44588661193848,"Unknown"
"7014857",371856,2025-09-17 07:28:22,43.1724662780762,-8.44591331481934,"Unknown"
"7014857",371856,2025-09-17 07:33:29,43.1721839904785,-8.44612789154053,"Unknown"
"7014857",371856,2025-09-17 07:38:23,43.1718673706055,-8.44590759277344,"Unknown"
"7014857",371856,2025-09-17 07:43:24,43.1716842651367,-8.44587898254395,"Unknown"
"7014857",371856,2025-09-17 07:48:24,43.172233581543,-8.44575595855713,"Unknown"
"7014857",371856,2025-09-17 07:53:30,43.1706085205078,-8.44604587554932,"Unknown"
"7014857",371856,2025-09-17 07:58:44,43.1707038879395,-8.44593238830566,"Unknown"
"7014857",371856,2025-09-17 08:03:29,43.170768737793,-8.44592189788818,"Unknown"
"7014857",371856,2025-09-17 08:08:30,43.1707000732422,-8.44605827331543,"Unknown"
"7014857",371856,2025-09-17 08:13:30,43.1707725524902,-8.44590854644775,"Unknown"
"7014857",371856,2025-09-17 08:18:30,43.1706809997559,-8.44613647460938,"Unknown"
"7014857",371856,2025-09-17 08:23:36,43.1707649230957,-8.44606018066406,"Unknown"
"7014857",371856,2025-09-17 08:28:30,43.1706924438477,-8.44622898101807,"Unknown"
"7014857",371856,2025-09-17 08:33:33,43.1706695556641,-8.44629764556885,"Unknown"
"7014857",371856,2025-09-17 08:38:33,43.1707496643066,-8.44612884521484,"Unknown"
"7014857",371856,2025-09-17 08:43:31,43.1707534790039,-8.44612121582031,"Unknown"
"7014857",371856,2025-09-17 08:48:45,43.1706809997559,-8.44629287719727,"Unknown"
"7014857",371856,2025-09-17 08:53:30,43.1706390380859,-8.4463062286377,"Unknown"
"7014857",371856,2025-09-17 08:58:30,43.1707458496094,-8.44596767425537,"Unknown"
"7014857",371856,2025-09-17 09:03:30,43.1709327697754,-8.44600963592529,"Unknown"
"7014857",371856,2025-09-17 09:08:30,43.1706275939941,-8.44618225097656,"Unknown"
"7014857",371856,2025-09-17 09:13:31,43.1706886291504,-8.44618988037109,"Unknown"
"7014857",371856,2025-09-17 09:18:31,43.1706809997559,-8.44612598419189,"Unknown"
"7014857",371856,2025-09-17 09:23:33,43.1706733703613,-8.44609451293945,"Unknown"
"7014857",371856,2025-09-17 09:28:45,43.1708183288574,-8.4461145401001,"Unknown"
"7014857",371856,2025-09-17 09:33:37,43.170768737793,-8.44629192352295,"Unknown"
"7014857",371856,2025-09-17 09:38:29,43.1707611083984,-8.4461030960083,"Unknown"
"7014857",371856,2025-09-17 09:43:24,43.1707572937012,-8.44624042510986,"Unknown"
"7014857",371856,2025-09-17 09:48:53,43.1706581115723,-8.44626045227051,"Unknown"
"7014857",371856,2025-09-17 09:53:24,43.1700592041016,-8.45149612426758,"Unknown"
"7014857",371856,2025-09-17 09:58:28,43.1369705200195,-8.46792125701904,"Unknown"
"7014857",371856,2025-09-17 10:03:44,43.1299324035645,-8.46985149383545,"Unknown"
"7014857",371856,2025-09-17 10:08:23,43.1303558349609,-8.47036075592041,"Unknown"
"7014857",371856,2025-09-17 10:13:30,43.1304702758789,-8.47067928314209,"Unknown"
"7014857",371856,2025-09-17 10:18:24,43.1297721862793,-8.46905994415283,"Unknown"
"7014857",371856,2025-09-17 10:23:30,43.1304893493652,-8.47088050842285,"Unknown"
"7014857",371856,2025-09-17 10:28:28,43.1301918029785,-8.47023582458496,"Unknown"
"7014857",371856,2025-09-17 10:33:30,43.1301231384277,-8.47018623352051,"Unknown"
"7014857",371856,2025-09-17 10:38:25,43.1304779052734,-8.47063446044922,"Unknown"
"7014857",371856,2025-09-17 10:43:23,43.130672454834,-8.47107219696045,"Unknown"
"7014857",371856,2025-09-17 10:48:45,43.1304931640625,-8.47082233428955,"Unknown"
"7014857",371856,2025-09-17 10:53:30,43.1305198669434,-8.47078990936279,"Unknown"
"7014857",371856,2025-09-17 10:58:30,43.1304473876953,-8.47091674804688,"Unknown"
"7014857",371856,2025-09-17 11:03:25,43.1333541870117,-8.47265815734863,"Unknown"
"7014857",371856,2025-09-17 11:08:24,43.1333961486816,-8.46995639801025,"Unknown"
"7014857",371856,2025-09-17 11:13:23,43.1332092285156,-8.46951484680176,"Unknown"
"7014857",371856,2025-09-17 11:18:24,43.1337928771973,-8.47172546386719,"Unknown"
"7014857",371856,2025-09-17 11:23:24,43.132884979248,-8.4695930480957,"Unknown"
"7014857",371856,2025-09-17 11:28:24,43.1329917907715,-8.46989631652832,"Unknown"
"7014857",371856,2025-09-17 11:33:24,43.1328048706055,-8.46962738037109,"Unknown"
"7014857",371856,2025-09-17 11:38:28,43.132926940918,-8.46970176696777,"Unknown"
"7014857",371856,2025-09-17 11:43:31,43.1328315734863,-8.46968650817871,"Unknown"
"7014857",371856,2025-09-17 11:48:45,43.1329498291016,-8.47010040283203,"Unknown"
"7014857",371856,2025-09-17 11:53:23,43.1326141357422,-8.46978950500488,"Unknown"
"7014857",371856,2025-09-17 11:58:25,43.1328048706055,-8.46993637084961,"Unknown"
"7014857",371856,2025-09-17 12:03:23,43.1328926086426,-8.47004508972168,"Unknown"
"7014857",371856,2025-09-17 12:08:27,43.1328163146973,-8.46994304656982,"Unknown"
"7014857",371856,2025-09-17 12:13:24,43.1328125,-8.46994590759277,"Unknown"
"7014857",371856,2025-09-17 12:18:28,43.1328239440918,-8.46999263763428,"Unknown"
"7014857",371856,2025-09-17 12:25:14,43.1328125,-8.46987056732178,"Unknown"
"7014857",371856,2025-09-17 12:29:57,43.1325950622559,-8.46975231170654,"Unknown"
"7014857",371856,2025-09-17 12:35:06,43.1303596496582,-8.46982479095459,"Unknown"
"7014857",371856,2025-09-17 12:40:00,43.1301155090332,-8.46958923339844,"Unknown"
"7014857",371856,2025-09-17 12:45:29,43.130256652832,-8.46975326538086,"Unknown"
"7014857",371856,2025-09-17 12:49:55,43.1302795410156,-8.46960735321045,"Unknown"
"7014857",371856,2025-09-17 12:54:55,43.1302337646484,-8.46952819824219,"Unknown"
"7014857",371856,2025-09-17 12:59:55,43.1303520202637,-8.46946334838867,"Unknown"
"7014857",371856,2025-09-17 13:04:55,43.1303024291992,-8.46969223022461,"Unknown"
"7014857",371856,2025-09-17 13:09:55,43.1301422119141,-8.46967601776123,"Unknown"
"7014857",371856,2025-09-17 13:14:55,43.1303634643555,-8.46950912475586,"Unknown"
"7014857",371856,2025-09-17 13:19:57,43.1306800842285,-8.46925258636475,"Unknown"
"7014857",371856,2025-09-17 13:24:57,43.1305809020996,-8.4694242477417,"Unknown"
"7014857",371856,2025-09-17 13:29:55,43.1302719116211,-8.46965599060059,"Unknown"
"7014857",371856,2025-09-17 13:34:57,43.1303672790527,-8.47028160095215,"Unknown"
"7014857",371856,2025-09-17 13:39:57,43.1303405761719,-8.46979808807373,"Unknown"
"7014857",371856,2025-09-17 13:44:57,43.1302680969238,-8.47013664245605,"Unknown"
"7014857",371856,2025-09-17 13:49:57,43.1304893493652,-8.47035312652588,"Unknown"
"7014857",371856,2025-09-17 13:54:57,43.1304359436035,-8.47042655944824,"Unknown"
"7014857",371856,2025-09-17 13:59:59,43.1302108764648,-8.4694881439209,"Unknown"
"7014857",371856,2025-09-17 14:04:59,43.1305809020996,-8.47072410583496,"Unknown"
"7014857",371856,2025-09-17 14:10:00,43.1300811767578,-8.46936130523682,"Unknown"
"7014857",371856,2025-09-17 14:14:59,43.130687713623,-8.47132587432861,"Unknown"
"7014857",371856,2025-09-17 14:19:58,43.1320838928223,-8.47391605377197,"Unknown"
"7014857",371856,2025-09-17 14:24:57,43.1309509277344,-8.47159671783447,"Unknown"
"7014857",371856,2025-09-17 14:29:59,43.1310005187988,-8.47153091430664,"Unknown"
"7014857",371856,2025-09-17 14:34:56,43.1309089660645,-8.47127151489258,"Unknown"
"7014857",371856,2025-09-17 14:39:57,43.1307144165039,-8.47109889984131,"Unknown"
"7014857",371856,2025-09-17 14:45:03,43.1305313110352,-8.4711446762085,"Unknown"
"7014857",371856,2025-09-17 14:49:59,43.1305351257324,-8.47091674804688,"Unknown"
"7014857",371856,2025-09-17 14:54:58,43.1307792663574,-8.47144889831543,"Unknown"
"7014857",371856,2025-09-17 14:59:57,43.1306533813477,-8.47103118896484,"Unknown"
"7014857",371856,2025-09-17 15:04:55,43.1301460266113,-8.4700345993042,"Unknown"
"7014857",371856,2025-09-17 15:09:56,43.1301765441895,-8.47023296356201,"Unknown"
"7014857",371856,2025-09-17 15:14:57,43.1302375793457,-8.47028255462646,"Unknown"
"7014857",371856,2025-09-17 15:19:58,43.1305046081543,-8.47117233276367,"Unknown"
"7014857",371856,2025-09-17 15:24:57,43.130500793457,-8.4710750579834,"Unknown"
"7014857",371856,2025-09-17 15:30:11,43.1305847167969,-8.47110176086426,"Unknown"
"7014857",371856,2025-09-17 15:34:55,43.1304664611816,-8.47198486328125,"Unknown"
"7014857",371856,2025-09-17 15:39:57,43.1225700378418,-8.48159027099609,"Unknown"
"7014857",371856,2025-09-17 15:44:56,43.0972366333008,-8.49644660949707,"Unknown"
"7014857",371856,2025-09-17 15:49:55,43.0971946716309,-8.49662685394287,"Unknown"
"7014857",371856,2025-09-17 15:54:56,43.0974197387695,-8.49704074859619,"Unknown"
"7014857",371856,2025-09-17 15:59:55,43.1051597595215,-8.49030208587646,"Unknown"
"7014857",371856,2025-09-17 16:04:55,43.0945625305176,-8.50315761566162,"Unknown"
"7014857",371856,2025-09-17 16:09:56,43.1028099060059,-8.4852123260498,"Unknown"
"7014857",371856,2025-09-17 16:14:55,43.1115074157715,-8.48193550109863,"Unknown"
"7014857",371856,2025-09-17 16:20:14,43.129768371582,-8.47042083740234,"Unknown"
"7014857",371856,2025-09-17 16:24:58,43.1296691894531,-8.47038650512695,"Unknown"
"7014857",371856,2025-09-17 16:30:01,43.1296768188477,-8.4703950881958,"Unknown"
"7014857",371856,2025-09-17 16:35:06,43.1298828125,-8.47044563293457,"Unknown"
"7014857",371856,2025-09-17 16:40:08,43.1298561096191,-8.4707498550415,"Unknown"
"7014857",371856,2025-09-17 16:44:56,43.1299591064453,-8.47074222564697,"Unknown"
"7014857",371856,2025-09-17 16:50:15,43.1298141479492,-8.47015571594238,"Unknown"
"7014857",371856,2025-09-17 16:55:03,43.1298484802246,-8.47038459777832,"Unknown"
"7014857",371856,2025-09-17 17:00:15,43.1297798156738,-8.47014141082764,"Unknown"
"7014857",371856,2025-09-17 17:05:10,43.1297874450684,-8.46911334991455,"Unknown"
"7014857",371856,2025-09-17 17:09:59,43.1297264099121,-8.47003078460693,"Unknown"
"7014857",371856,2025-09-17 17:15:06,43.1296882629395,-8.47021102905273,"Unknown"
"7014857",371856,2025-09-17 17:20:03,43.1301231384277,-8.47055530548096,"Unknown"
"7014857",371856,2025-09-17 17:25:03,43.1303176879883,-8.47073364257812,"Unknown"
"7014857",371856,2025-09-17 17:30:29,43.1299171447754,-8.47001934051514,"Unknown"
"7014857",371856,2025-09-17 17:34:55,43.1298217773438,-8.47013473510742,"Unknown"
"7014857",371856,2025-09-17 17:39:55,43.1301040649414,-8.46993827819824,"Unknown"
"7014857",371856,2025-09-17 17:44:55,43.1298751831055,-8.46994972229004,"Unknown"
"7014857",371856,2025-09-17 17:49:56,43.1298637390137,-8.46997451782227,"Unknown"
"7014857",371856,2025-09-17 17:54:55,43.1299247741699,-8.47003936767578,"Unknown"
"7014857",371856,2025-09-17 17:59:55,43.1299362182617,-8.46993160247803,"Unknown"
"7014857",371856,2025-09-17 18:04:55,43.1303215026855,-8.47056770324707,"Unknown"
"7014857",371856,2025-09-17 18:09:56,43.1308403015137,-8.47097587585449,"Unknown"
"7014857",371856,2025-09-17 18:15:00,43.1307563781738,-8.47096538543701,"Unknown"
"7014857",371856,2025-09-17 18:19:55,43.1308517456055,-8.47091579437256,"Unknown"
"7014857",371856,2025-09-17 18:24:56,43.1308441162109,-8.47097969055176,"Unknown"
"7014857",371856,2025-09-17 18:29:58,43.1306610107422,-8.47070598602295,"Unknown"
"7014857",371856,2025-09-17 18:34:55,43.1310958862305,-8.47095394134521,"Unknown"
"7014857",371856,2025-09-17 18:39:55,43.1301612854004,-8.4694652557373,"Unknown"
"7014857",371856,2025-09-17 18:44:55,43.135684967041,-8.46831607818604,"Unknown"
"7014857",371856,2025-09-17 18:49:56,43.1521644592285,-8.46206188201904,"Unknown"
"7014857",371856,2025-09-17 18:55:34,43.1709060668945,-8.43725299835205,"Unknown"
"7014857",371856,2025-09-17 18:59:55,43.1709442138672,-8.43725872039795,"Unknown"
"7014857",371856,2025-09-17 19:04:55,43.1709022521973,-8.43720054626465,"Unknown"
"7014857",371856,2025-09-17 19:09:55,43.1709594726562,-8.43714046478271,"Unknown"
"7014857",371856,2025-09-17 19:14:55,43.1709327697754,-8.43720245361328,"Unknown"
"7014857",371856,2025-09-17 19:17:53,43.1709403991699,-8.4372386932373,"Unknown"
"7014857",371856,2025-09-18 00:18:29,43.1707458496094,-8.43726253509521,"Unknown"
"7014857",371856,2025-09-18 04:40:05,43.1720199584961,-8.43874359130859,"Unknown"
"7014857",371856,2025-09-18 04:44:44,43.1720237731934,-8.43880653381348,"Unknown"
"7014857",371856,2025-09-18 04:49:44,43.1718788146973,-8.4389066696167,"Unknown"
"7014857",371856,2025-09-18 04:54:44,43.1719627380371,-8.43887519836426,"Unknown"
"7014857",371856,2025-09-18 04:59:44,43.1719207763672,-8.43869495391846,"Unknown"
"7014857",371856,2025-09-18 05:04:45,43.171989440918,-8.43887519836426,"Unknown"
"7014857",371856,2025-09-18 05:09:44,43.1720123291016,-8.43882751464844,"Unknown"
"7014857",371856,2025-09-18 05:14:44,43.1720008850098,-8.43886852264404,"Unknown"
"7014857",371856,2025-09-18 05:19:45,43.1720352172852,-8.43900108337402,"Unknown"
"7014857",371856,2025-09-18 05:24:45,43.1719169616699,-8.43867015838623,"Unknown"
"7014857",371856,2025-09-18 05:29:44,43.1718940734863,-8.43888187408447,"Unknown"
"7014857",371856,2025-09-18 05:35:00,43.1720581054688,-8.43883800506592,"Unknown"
"7014857",371856,2025-09-18 05:39:49,43.1720771789551,-8.43838310241699,"Unknown"
"7014857",371856,2025-09-18 05:44:47,43.1720428466797,-8.43837070465088,"Unknown"
"7014857",371856,2025-09-18 05:49:47,43.1714935302734,-8.43819618225098,"Unknown"
"7014857",371856,2025-09-18 05:54:47,43.1714363098145,-8.43816375732422,"Unknown"
"7014857",371856,2025-09-18 06:00:05,43.1714973449707,-8.43855571746826,"Unknown"
"7014857",371856,2025-09-18 06:04:44,43.171501159668,-8.43854904174805,"Unknown"
"7014857",371856,2025-09-18 06:09:44,43.1715621948242,-8.43856716156006,"Unknown"
"7014857",371856,2025-09-18 06:14:45,43.1715660095215,-8.43853282928467,"Unknown"
"7014857",371856,2025-09-18 06:19:45,43.1715316772461,-8.43848514556885,"Unknown"
"7014857",371856,2025-09-18 06:24:44,43.1714973449707,-8.4384651184082,"Unknown"
"7014857",371856,2025-09-18 06:29:44,43.1715431213379,-8.43850803375244,"Unknown"
"7014857",371856,2025-09-18 06:34:45,43.1713676452637,-8.4384651184082,"Unknown"
"7014857",371856,2025-09-18 06:39:45,43.1716270446777,-8.43845367431641,"Unknown"
"7014857",371856,2025-09-18 06:44:45,43.1724739074707,-8.44652843475342,"Unknown"
"7014857",371856,2025-09-18 06:49:53,43.1724319458008,-8.44645595550537,"Unknown"
"7014857",371856,2025-09-18 06:54:50,43.1724281311035,-8.44645118713379,"Unknown"
"7014857",371856,2025-09-18 06:59:46,43.172290802002,-8.4463996887207,"Unknown"
"7014857",371856,2025-09-18 07:04:46,43.1722412109375,-8.44640350341797,"Unknown"
"7014857",371856,2025-09-18 07:09:45,43.1723442077637,-8.44642925262451,"Unknown"
"7014857",371856,2025-09-18 07:14:45,43.1723899841309,-8.44638252258301,"Unknown"
"7014857",371856,2025-09-18 07:19:44,43.1723823547363,-8.44636154174805,"Unknown"
"7014857",371856,2025-09-18 07:24:48,43.1723861694336,-8.44645404815674,"Unknown"
"7014857",371856,2025-09-18 07:29:44,43.1724815368652,-8.44623947143555,"Unknown"
"7014857",371856,2025-09-18 07:34:44,43.1724624633789,-8.44639682769775,"Unknown"
"7014857",371856,2025-09-18 07:39:45,43.1723747253418,-8.44633769989014,"Unknown"
"7014857",371856,2025-09-18 07:44:47,43.1724090576172,-8.44636058807373,"Unknown"
"7014857",371856,2025-09-18 07:49:44,43.1723899841309,-8.44638347625732,"Unknown"
"7014857",371856,2025-09-18 07:54:44,43.1723365783691,-8.44642066955566,"Unknown"
"7014857",371856,2025-09-18 07:59:44,43.1723747253418,-8.44589042663574,"Unknown"
"7014857",371856,2025-09-18 08:04:44,43.1723022460938,-8.44574356079102,"Unknown"
"7014857",371856,2025-09-18 08:09:44,43.1723709106445,-8.44582748413086,"Unknown"
"7014857",371856,2025-09-18 08:14:44,43.1722984313965,-8.44579410552979,"Unknown"
"7014857",371856,2025-09-18 08:19:45,43.1723976135254,-8.44571685791016,"Unknown"
"7014857",371856,2025-09-18 08:24:44,43.1720771789551,-8.44491481781006,"Unknown"
"7014857",371856,2025-09-18 08:29:46,43.1721229553223,-8.44497394561768,"Unknown"
"7014857",371856,2025-09-18 08:34:57,43.172477722168,-8.44605159759521,"Unknown"
"7014857",371856,2025-09-18 08:39:47,43.1724243164062,-8.44615173339844,"Unknown"
"7014857",371856,2025-09-18 08:44:50,43.1725425720215,-8.44613933563232,"Unknown"
"7014857",371856,2025-09-18 08:49:50,43.1724624633789,-8.44608211517334,"Unknown"
"7014857",371856,2025-09-18 08:54:47,43.1724700927734,-8.44599628448486,"Unknown"
"7014857",371856,2025-09-18 08:59:46,43.1724853515625,-8.44595909118652,"Unknown"
"7014857",371856,2025-09-18 09:04:45,43.1719398498535,-8.444899559021,"Unknown"
"7014857",371856,2025-09-18 09:09:52,43.1706390380859,-8.44409370422363,"Unknown"
"7014857",371856,2025-09-18 09:15:05,43.1719589233398,-8.44493865966797,"Unknown"
"7014857",371856,2025-09-18 09:19:44,43.1719818115234,-8.44492340087891,"Unknown"
"7014857",371856,2025-09-18 09:24:44,43.1719741821289,-8.44493675231934,"Unknown"
"7014857",371856,2025-09-18 09:29:44,43.1719818115234,-8.4449577331543,"Unknown"
"7014857",371856,2025-09-18 09:34:44,43.1719741821289,-8.44495964050293,"Unknown"
"7014857",371856,2025-09-18 09:39:44,43.1719551086426,-8.44501495361328,"Unknown"
"7014857",371856,2025-09-18 09:44:44,43.171989440918,-8.44494342803955,"Unknown"
"7014857",371856,2025-09-18 09:49:44,43.1719703674316,-8.44493198394775,"Unknown"
"7014857",371856,2025-09-18 09:54:44,43.1655044555664,-8.45895671844482,"Unknown"
"7014857",371856,2025-09-18 09:59:45,43.1402435302734,-8.46965217590332,"Unknown"
"7014857",371856,2025-09-18 10:04:47,43.1343727111816,-8.47001647949219,"Unknown"
"7014857",371856,2025-09-18 10:09:44,43.1308288574219,-8.47113704681396,"Unknown"
"7014857",371856,2025-09-18 10:14:44,43.1307754516602,-8.47092151641846,"Unknown"
"7014857",371856,2025-09-18 10:19:44,43.1305885314941,-8.47102928161621,"Unknown"
"7014857",371856,2025-09-18 10:24:45,43.1306343078613,-8.47096538543701,"Unknown"
"7014857",371856,2025-09-18 10:29:44,43.1305236816406,-8.47094535827637,"Unknown"
"7014857",371856,2025-09-18 10:34:46,43.1308517456055,-8.47064018249512,"Unknown"
"7014857",371856,2025-09-18 10:39:44,43.1305885314941,-8.47096824645996,"Unknown"
"7014857",371856,2025-09-18 10:44:44,43.1306419372559,-8.47099590301514,"Unknown"
"7014857",371856,2025-09-18 10:49:45,43.130973815918,-8.47089958190918,"Unknown"
"7014857",371856,2025-09-18 10:54:45,43.1306419372559,-8.47097682952881,"Unknown"
"7014857",371856,2025-09-18 10:59:44,43.1305313110352,-8.47075939178467,"Unknown"
"7014857",371856,2025-09-18 11:04:46,43.1307334899902,-8.47124195098877,"Unknown"
"7014857",371856,2025-09-18 11:09:46,43.1342163085938,-8.46864414215088,"Unknown"
"7014857",371856,2025-09-18 11:14:46,43.1338768005371,-8.46879005432129,"Unknown"
"7014857",371856,2025-09-18 11:19:46,43.1338768005371,-8.46873569488525,"Unknown"
"7014857",371856,2025-09-18 11:24:45,43.1338958740234,-8.46883583068848,"Unknown"
"7014857",371856,2025-09-18 11:29:50,43.1338729858398,-8.46879100799561,"Unknown"
"7014857",371856,2025-09-18 11:34:47,43.1338958740234,-8.46881008148193,"Unknown"
"7014857",371856,2025-09-18 11:39:47,43.1338424682617,-8.46869564056396,"Unknown"
"7014857",371856,2025-09-18 11:44:47,43.133846282959,-8.46879768371582,"Unknown"
"7014857",371856,2025-09-18 11:49:46,43.1339340209961,-8.46885585784912,"Unknown"
"7014857",371856,2025-09-18 11:54:45,43.1339492797852,-8.46885681152344,"Unknown"
"7014857",371856,2025-09-18 11:59:45,43.1339378356934,-8.46875190734863,"Unknown"
"7014857",371856,2025-09-18 12:04:58,43.1341667175293,-8.46925830841064,"Unknown"
"7014857",371856,2025-09-18 12:09:45,43.1336822509766,-8.46861934661865,"Unknown"
"7014857",371856,2025-09-18 12:14:52,43.1337852478027,-8.46868419647217,"Unknown"
"7014857",371856,2025-09-18 12:20:01,43.133918762207,-8.46884250640869,"Unknown"
"7014857",371856,2025-09-18 12:25:23,43.1339225769043,-8.46884155273438,"Unknown"
"7014857",371856,2025-09-18 12:29:45,43.1335334777832,-8.46825313568115,"Unknown"
"7014857",371856,2025-09-18 12:34:45,43.1343383789062,-8.4686918258667,"Unknown"
"7014857",371856,2025-09-18 12:39:49,43.1339530944824,-8.46893882751465,"Unknown"
"7014857",371856,2025-09-18 12:44:45,43.1339836120605,-8.46890926361084,"Unknown"
"7014857",371856,2025-09-18 12:50:14,43.1339416503906,-8.46882057189941,"Unknown"
"7014857",371856,2025-09-18 12:54:47,43.1339340209961,-8.46881008148193,"Unknown"
"7014857",371856,2025-09-18 12:59:45,43.1338729858398,-8.46871185302734,"Unknown"
"7014857",371856,2025-09-18 13:04:45,43.1339302062988,-8.46892261505127,"Unknown"
"7014857",371856,2025-09-18 13:09:47,43.1306228637695,-8.47120380401611,"Unknown"
"7014857",371856,2025-09-18 13:14:49,43.1299514770508,-8.47045230865479,"Unknown"
"7014857",371856,2025-09-18 13:19:49,43.1304664611816,-8.47091197967529,"Unknown"
"7014857",371856,2025-09-18 13:24:46,43.1299476623535,-8.47096252441406,"Unknown"
"7014857",371856,2025-09-18 13:29:45,43.1298789978027,-8.47020149230957,"Unknown"
"7014857",371856,2025-09-18 13:34:48,43.1297302246094,-8.46975135803223,"Unknown"
"7014857",371856,2025-09-18 13:39:50,43.1298141479492,-8.47017669677734,"Unknown"
"7014857",371856,2025-09-18 13:44:46,43.1306190490723,-8.47178363800049,"Unknown"
"7014857",371856,2025-09-18 13:50:05,43.130500793457,-8.47097682952881,"Unknown"
"7014857",371856,2025-09-18 13:54:52,43.1337661743164,-8.46874237060547,"Unknown"
"7014857",371856,2025-09-18 13:59:44,43.1337623596191,-8.46825790405273,"Unknown"
"7014857",371856,2025-09-18 14:04:55,43.1336975097656,-8.46873474121094,"Unknown"
"7014857",371856,2025-09-18 14:09:52,43.1336479187012,-8.46857357025146,"Unknown"
"7014857",371856,2025-09-18 14:14:55,43.1336097717285,-8.46861553192139,"Unknown"
"7014857",371856,2025-09-18 14:19:57,43.1337394714355,-8.46861743927002,"Unknown"
"7014857",371856,2025-09-18 14:25:14,43.1333389282227,-8.46898365020752,"Unknown"
"7014857",371856,2025-09-18 14:29:52,43.1333618164062,-8.46911811828613,"Unknown"
"7014857",371856,2025-09-18 14:35:35,43.133373260498,-8.46908569335938,"Unknown"
"7014857",371856,2025-09-18 14:39:45,43.1333198547363,-8.46891498565674,"Unknown"
"7014857",371856,2025-09-18 14:44:44,43.1333541870117,-8.46899604797363,"Unknown"
"7014857",371856,2025-09-18 14:49:45,43.1332969665527,-8.46892166137695,"Unknown"
"7014857",371856,2025-09-18 14:54:46,43.1333885192871,-8.46917152404785,"Unknown"
"7014857",371856,2025-09-18 14:59:48,43.1332321166992,-8.46903419494629,"Unknown"
"7014857",371856,2025-09-18 15:04:44,43.1334571838379,-8.46919059753418,"Unknown"
"7014857",371856,2025-09-18 15:09:44,43.1333961486816,-8.46903419494629,"Unknown"
"7014857",371856,2025-09-18 15:14:44,43.1333923339844,-8.46909427642822,"Unknown"
"7014857",371856,2025-09-18 15:19:44,43.1334762573242,-8.46913242340088,"Unknown"
"7014857",371856,2025-09-18 15:24:48,43.1336479187012,-8.46925354003906,"Unknown"
"7014857",371856,2025-09-18 15:29:47,43.1334609985352,-8.46908855438232,"Unknown"
"7014857",371856,2025-09-18 15:34:45,43.1334495544434,-8.46904182434082,"Unknown"
"7014857",371856,2025-09-18 15:40:12,43.133373260498,-8.46901416778564,"Unknown"
"7014857",371856,2025-09-18 15:44:45,43.1334342956543,-8.46900367736816,"Unknown"
"7014857",371856,2025-09-18 15:49:44,43.1334114074707,-8.46903705596924,"Unknown"
"7014857",371856,2025-09-18 15:54:45,43.1334381103516,-8.46909141540527,"Unknown"
"7014857",371856,2025-09-18 15:59:45,43.1333312988281,-8.4689359664917,"Unknown"
"7014857",371856,2025-09-18 16:04:45,43.133373260498,-8.46902275085449,"Unknown"
"7014857",371856,2025-09-18 16:09:45,43.1332778930664,-8.46882820129395,"Unknown"
"7014857",371856,2025-09-18 16:14:48,43.1332664489746,-8.46947479248047,"Unknown"
"7014857",371856,2025-09-18 16:19:49,43.1332473754883,-8.46895694732666,"Unknown"
"7014857",371856,2025-09-18 16:24:48,43.1299667358398,-8.47024726867676,"Unknown"
"7014857",371856,2025-09-18 16:29:49,43.1298866271973,-8.47014904022217,"Unknown"
"7014857",371856,2025-09-18 16:34:53,43.1295700073242,-8.47030925750732,"Unknown"
"7014857",371856,2025-09-18 16:39:49,43.1301078796387,-8.47024536132812,"Unknown"
"7014857",371856,2025-09-18 16:45:06,43.1300315856934,-8.47041893005371,"Unknown"
"7014857",371856,2025-09-18 16:49:56,43.1299896240234,-8.47039890289307,"Unknown"
"7014857",371856,2025-09-18 16:54:55,43.1297225952148,-8.47018814086914,"Unknown"
"7014857",371856,2025-09-18 16:59:50,43.1299247741699,-8.47035884857178,"Unknown"
"7014857",371856,2025-09-18 17:04:46,43.1306037902832,-8.47227191925049,"Unknown"
"7014857",371856,2025-09-18 17:10:15,43.1308326721191,-8.47084999084473,"Unknown"
"7014857",371856,2025-09-18 17:14:55,43.1305770874023,-8.47089767456055,"Unknown"
"7014857",371856,2025-09-18 17:19:47,43.130973815918,-8.47081184387207,"Unknown"
"7014857",371856,2025-09-18 17:24:55,43.130973815918,-8.4717321395874,"Unknown"
"7014857",371856,2025-09-18 17:29:52,43.1308441162109,-8.47129821777344,"Unknown"
"7014857",371856,2025-09-18 17:34:47,43.130786895752,-8.47133827209473,"Unknown"
"7014857",371856,2025-09-18 17:39:46,43.1310501098633,-8.47119903564453,"Unknown"
"7014857",371856,2025-09-18 17:44:50,43.1308708190918,-8.47135543823242,"Unknown"
"7014857",371856,2025-09-18 17:50:35,43.130786895752,-8.47129249572754,"Unknown"
"7014857",371856,2025-09-18 17:54:46,43.130126953125,-8.47062301635742,"Unknown"
"7014857",371856,2025-09-18 17:59:46,43.1300849914551,-8.47057914733887,"Unknown"
"7014857",371856,2025-09-18 18:04:46,43.1300582885742,-8.47049331665039,"Unknown"
"7014857",371856,2025-09-18 18:09:45,43.1301040649414,-8.47058868408203,"Unknown"
"7014857",371856,2025-09-18 18:14:47,43.1301307678223,-8.4705638885498,"Unknown"
"7014857",371856,2025-09-18 18:19:49,43.1301078796387,-8.4705057144165,"Unknown"
"7014857",371856,2025-09-18 18:25:13,43.1301422119141,-8.47058582305908,"Unknown"
"7014857",371856,2025-09-18 18:29:46,43.1505279541016,-8.46762561798096,"Unknown"
"7014857",371856,2025-09-18 18:34:45,43.173168182373,-8.43815612792969,"Unknown"
"7014857",371856,2025-09-18 18:39:50,43.1729393005371,-8.43809986114502,"Unknown"
"7014857",371856,2025-09-18 18:44:52,43.172779083252,-8.43806266784668,"Unknown"
"7014857",371856,2025-09-18 18:50:02,43.1729431152344,-8.43796443939209,"Unknown"
"7014857",371856,2025-09-18 18:55:15,43.1729164123535,-8.43810939788818,"Unknown"
"7014857",371856,2025-09-18 18:59:48,43.1731338500977,-8.43842792510986,"Unknown"
"7014857",371856,2025-09-18 19:04:45,43.1730499267578,-8.43829536437988,"Unknown"
"7014857",371856,2025-09-18 19:09:53,43.1730270385742,-8.43810081481934,"Unknown"
"7014857",371856,2025-09-18 19:16:00,43.1730308532715,-8.43809413909912,"Unknown"
"7014857",371856,2025-09-19 00:16:15,43.1713104248047,-8.43844795227051,"Unknown"
"7014857",371856,2025-09-19 04:41:15,43.1712493896484,-8.43839359283447,"Unknown"
"7014857",371856,2025-09-19 04:45:56,43.1708984375,-8.43811416625977,"Unknown"
"7014857",371856,2025-09-19 04:51:01,43.1702041625977,-8.43776321411133,"Unknown"
"7014857",371856,2025-09-19 04:55:57,43.1703987121582,-8.43779373168945,"Unknown"
"7014857",371856,2025-09-19 05:01:01,43.1721076965332,-8.43849182128906,"Unknown"
"7014857",371856,2025-09-19 05:06:00,43.1730728149414,-8.43979549407959,"Unknown"
"7014857",371856,2025-09-19 05:11:05,43.1717300415039,-8.44189834594727,"Unknown"
"7014857",371856,2025-09-19 05:16:07,43.1713104248047,-8.43876075744629,"Unknown"
"7014857",371856,2025-09-19 05:20:58,43.1716995239258,-8.43926525115967,"Unknown"
"7014857",371856,2025-09-19 05:26:02,43.171501159668,-8.43890285491943,"Unknown"
"7014857",371856,2025-09-19 05:31:15,43.1713905334473,-8.43898105621338,"Unknown"
"7014857",371856,2025-09-19 05:36:07,43.1713333129883,-8.43901634216309,"Unknown"
"7014857",371856,2025-09-19 05:41:07,43.1712036132812,-8.43889999389648,"Unknown"
"7014857",371856,2025-09-19 05:46:07,43.1709671020508,-8.43873405456543,"Unknown"
"7014857",371856,2025-09-19 05:51:14,43.1714897155762,-8.43752956390381,"Unknown"
"7014857",371856,2025-09-19 05:55:56,43.1712760925293,-8.43793678283691,"Unknown"
"7014857",371856,2025-09-19 06:01:02,43.1715621948242,-8.43737030029297,"Unknown"
"7014857",371856,2025-09-19 06:05:58,43.1713981628418,-8.43795299530029,"Unknown"
"7014857",371856,2025-09-19 06:10:57,43.1712913513184,-8.43787956237793,"Unknown"
"7014857",371856,2025-09-19 06:16:06,43.1725769042969,-8.44664192199707,"Unknown"
"7014857",371856,2025-09-19 06:20:58,43.1724548339844,-8.44649124145508,"Unknown"
"7014857",371856,2025-09-19 06:26:06,43.170597076416,-8.44638442993164,"Unknown"
"7014857",371856,2025-09-19 06:30:58,43.1707801818848,-8.44575691223145,"Unknown"
"7014857",371856,2025-09-19 06:36:06,43.1706085205078,-8.4462947845459,"Unknown"
"7014857",371856,2025-09-19 06:41:04,43.170726776123,-8.44566249847412,"Unknown"
"7014857",371856,2025-09-19 06:46:16,43.1706771850586,-8.44568157196045,"Unknown"
"7014857",371856,2025-09-19 06:51:04,43.1705627441406,-8.44571781158447,"Unknown"
"7014857",371856,2025-09-19 06:56:06,43.1705627441406,-8.4457311630249,"Unknown"
"7014857",371856,2025-09-19 07:01:04,43.1622085571289,-8.46073055267334,"Unknown"
"7014857",371856,2025-09-19 07:06:05,43.147102355957,-8.47326374053955,"Unknown"
"7014857",371856,2025-09-19 07:11:06,43.1303215026855,-8.470871925354,"Unknown"
"7014857",371856,2025-09-19 07:16:06,43.1304092407227,-8.47090721130371,"Unknown"
"7014857",371856,2025-09-19 07:21:09,43.1303977966309,-8.47067070007324,"Unknown"
"7014857",371856,2025-09-19 07:26:07,43.1303749084473,-8.47085857391357,"Unknown"
"7014857",371856,2025-09-19 07:31:14,43.130500793457,-8.47090435028076,"Unknown"
"7014857",371856,2025-09-19 07:36:06,43.1304779052734,-8.47079849243164,"Unknown"
"7014857",371856,2025-09-19 07:41:06,43.1304473876953,-8.47092819213867,"Unknown"
"7014857",371856,2025-09-19 07:46:06,43.130558013916,-8.47119331359863,"Unknown"
"7014857",371856,2025-09-19 07:51:06,43.1304969787598,-8.47084045410156,"Unknown"
"7014857",371856,2025-09-19 07:56:06,43.1304588317871,-8.47089767456055,"Unknown"
"7014857",371856,2025-09-19 08:01:06,43.1305160522461,-8.47084712982178,"Unknown"
"7014857",371856,2025-09-19 08:06:06,43.1305236816406,-8.47078323364258,"Unknown"
"7014857",371856,2025-09-19 08:11:07,43.133373260498,-8.47010231018066,"Unknown"
"7014857",371856,2025-09-19 08:16:35,43.1333694458008,-8.47055435180664,"Unknown"
"7014857",371856,2025-09-19 08:21:05,43.1321640014648,-8.46874713897705,"Unknown"
"7014857",371856,2025-09-19 08:26:08,43.1331634521484,-8.46957302093506,"Unknown"
"7014857",371856,2025-09-19 08:31:19,43.1297149658203,-8.46618175506592,"Unknown"
"7014857",371856,2025-09-19 08:36:21,43.1317596435547,-8.46813488006592,"Unknown"
"7014857",371856,2025-09-19 08:41:08,43.1318206787109,-8.46807098388672,"Unknown"
"7014857",371856,2025-09-19 08:46:06,43.1318359375,-8.46806144714355,"Unknown"
"7014857",371856,2025-09-19 08:51:14,43.132080078125,-8.46782970428467,"Unknown"
"7014857",371856,2025-09-19 08:55:58,43.1336555480957,-8.46890068054199,"Unknown"
"7014857",371856,2025-09-19 09:00:59,43.1347274780273,-8.46977138519287,"Unknown"
"7014857",371856,2025-09-19 09:05:58,43.1334991455078,-8.46848392486572,"Unknown"
"7014857",371856,2025-09-19 09:10:56,43.1324501037598,-8.468581199646,"Unknown"
"7014857",371856,2025-09-19 09:15:59,43.1323776245117,-8.46836757659912,"Unknown"
"7014857",371856,2025-09-19 09:20:56,43.1323699951172,-8.46857738494873,"Unknown"
"7014857",371856,2025-09-19 09:25:56,43.132511138916,-8.46854591369629,"Unknown"
"7014857",371856,2025-09-19 09:30:56,43.1323699951172,-8.46858406066895,"Unknown"
"7014857",371856,2025-09-19 09:35:56,43.1324195861816,-8.46854400634766,"Unknown"
"7014857",371856,2025-09-19 09:40:58,43.1325225830078,-8.46863460540771,"Unknown"
"7014857",371856,2025-09-19 09:45:57,43.1307067871094,-8.4706449508667,"Unknown"
"7014857",371856,2025-09-19 09:50:56,43.1304054260254,-8.47117710113525,"Unknown"
"7014857",371856,2025-09-19 09:55:56,43.130558013916,-8.47105598449707,"Unknown"
"7014857",371856,2025-09-19 10:00:56,43.1306495666504,-8.47111034393311,"Unknown"
"7014857",371856,2025-09-19 10:06:00,43.1297225952148,-8.47198677062988,"Unknown"
"7014857",371856,2025-09-19 10:10:58,43.1307067871094,-8.47114086151123,"Unknown"
"7014857",371856,2025-09-19 10:16:01,43.1341705322266,-8.46841812133789,"Unknown"
"7014857",371856,2025-09-19 10:21:00,43.1345176696777,-8.46788597106934,"Unknown"
"7014857",371856,2025-09-19 10:26:03,43.1339569091797,-8.46850681304932,"Unknown"
"7014857",371856,2025-09-19 10:31:05,43.134105682373,-8.46868228912354,"Unknown"
"7014857",371856,2025-09-19 10:36:09,43.1335105895996,-8.46899890899658,"Unknown"
"7014857",371856,2025-09-19 10:40:57,43.1336135864258,-8.46890735626221,"Unknown"
"7014857",371856,2025-09-19 10:46:00,43.1336975097656,-8.46887969970703,"Unknown"
"7014857",371856,2025-09-19 10:50:58,43.1334762573242,-8.46905994415283,"Unknown"
"7014857",371856,2025-09-19 10:56:00,43.1334228515625,-8.46900939941406,"Unknown"
"7014857",371856,2025-09-19 11:00:56,43.1335296630859,-8.46906661987305,"Unknown"
"7014857",371856,2025-09-19 11:05:57,43.1333618164062,-8.46924209594727,"Unknown"
"7014857",371856,2025-09-19 11:10:56,43.1333999633789,-8.46929931640625,"Unknown"
"7014857",371856,2025-09-19 11:15:56,43.1333694458008,-8.46923923492432,"Unknown"
"7014857",371856,2025-09-19 11:20:57,43.133415222168,-8.46923828125,"Unknown"
"7014857",371856,2025-09-19 11:25:56,43.133430480957,-8.46925926208496,"Unknown"
"7014857",371856,2025-09-19 11:30:57,43.1333351135254,-8.46920680999756,"Unknown"
"7014857",371856,2025-09-19 11:35:57,43.1332473754883,-8.46906757354736,"Unknown"
"7014857",371856,2025-09-19 11:40:56,43.1332244873047,-8.46910667419434,"Unknown"
"7014857",371856,2025-09-19 11:45:56,43.1333084106445,-8.46925067901611,"Unknown"
"7014857",371856,2025-09-19 11:50:56,43.1333351135254,-8.4691915512085,"Unknown"
"7014857",371856,2025-09-19 11:55:56,43.133358001709,-8.46924686431885,"Unknown"
"7014857",371856,2025-09-19 12:00:57,43.1333160400391,-8.46927356719971,"Unknown"
"7014857",371856,2025-09-19 12:05:56,43.1334075927734,-8.46933937072754,"Unknown"
"7014857",371856,2025-09-19 12:10:56,43.1332931518555,-8.46921253204346,"Unknown"
"7014857",371856,2025-09-19 12:15:56,43.133472442627,-8.46942901611328,"Unknown"
"7014857",371856,2025-09-19 12:20:56,43.1334762573242,-8.46943378448486,"Unknown"
"7014857",371856,2025-09-19 12:25:56,43.1334838867188,-8.46946239471436,"Unknown"
"7014857",371856,2025-09-19 12:30:56,43.1335372924805,-8.46946048736572,"Unknown"
"7014857",371856,2025-09-19 12:35:56,43.1308364868164,-8.47131156921387,"Unknown"
"7014857",371856,2025-09-19 12:40:57,43.1309013366699,-8.47139930725098,"Unknown"
"7014857",371856,2025-09-19 12:45:57,43.1314315795898,-8.47123432159424,"Unknown"
"7014857",371856,2025-09-19 12:50:57,43.1301956176758,-8.47083950042725,"Unknown"
"7014857",371856,2025-09-19 12:56:00,43.129753112793,-8.47056674957275,"Unknown"
"7014857",371856,2025-09-19 13:00:58,43.1294479370117,-8.47134113311768,"Unknown"
"7014857",371856,2025-09-19 13:06:01,43.1297645568848,-8.47091388702393,"Unknown"
"7014857",371856,2025-09-19 13:10:58,43.1301078796387,-8.47078990936279,"Unknown"
"7014857",371856,2025-09-19 13:15:57,43.1301231384277,-8.47056102752686,"Unknown"
"7014857",371856,2025-09-19 13:20:58,43.1299629211426,-8.47069835662842,"Unknown"
"7014857",371856,2025-09-19 13:26:00,43.1308937072754,-8.4717493057251,"Unknown"
"7014857",371856,2025-09-19 13:30:57,43.1308326721191,-8.47179222106934,"Unknown"
"7014857",371856,2025-09-19 13:35:58,43.1309928894043,-8.47154998779297,"Unknown"
"7014857",371856,2025-09-19 13:40:58,43.1332244873047,-8.46595478057861,"Unknown"
"7014857",371856,2025-09-19 13:45:59,43.1337661743164,-8.46883010864258,"Unknown"
"7014857",371856,2025-09-19 13:50:58,43.1337203979492,-8.46884155273438,"Unknown"
"7014857",371856,2025-09-19 13:55:58,43.1336936950684,-8.4686975479126,"Unknown"
"7014857",371856,2025-09-19 14:00:58,43.1338539123535,-8.46868801116943,"Unknown"
"7014857",371856,2025-09-19 14:06:02,43.1340179443359,-8.46861362457275,"Unknown"
"7014857",371856,2025-09-19 14:11:34,43.1337661743164,-8.4683952331543,"Unknown"
"7014857",371856,2025-09-19 14:15:57,43.1336135864258,-8.46903133392334,"Unknown"
"7014857",371856,2025-09-19 14:20:57,43.133602142334,-8.46899223327637,"Unknown"
"7014857",371856,2025-09-19 14:25:58,43.1334953308105,-8.46903800964355,"Unknown"
"7014857",371856,2025-09-19 14:30:57,43.133544921875,-8.46898174285889,"Unknown"
"7014857",371856,2025-09-19 14:35:58,43.1335258483887,-8.46901893615723,"Unknown"
"7014857",371856,2025-09-19 14:40:58,43.133659362793,-8.46916580200195,"Unknown"
"7014857",371856,2025-09-19 14:45:58,43.1335868835449,-8.4689826965332,"Unknown"
"7014857",371856,2025-09-19 14:50:57,43.1336326599121,-8.46902847290039,"Unknown"
"7014857",371856,2025-09-19 14:55:57,43.1336669921875,-8.46907901763916,"Unknown"
"7014857",371856,2025-09-19 15:00:58,43.129753112793,-8.47062587738037,"Unknown"
"7014857",371856,2025-09-19 15:05:58,43.1247596740723,-8.48991203308105,"Unknown"
"7014857",371856,2025-09-19 15:10:59,43.1065864562988,-8.50108432769775,"Unknown"
"7014857",371856,2025-09-19 15:15:57,43.1004257202148,-8.49925804138184,"Unknown"
"7014857",371856,2025-09-19 15:20:58,43.1000633239746,-8.49900245666504,"Unknown"
"7014857",371856,2025-09-19 15:26:02,43.098331451416,-8.49717807769775,"Unknown"
"7014857",371856,2025-09-19 15:30:58,43.1027374267578,-8.49684238433838,"Unknown"
"7014857",371856,2025-09-19 15:35:58,43.1212692260742,-8.47962951660156,"Unknown"
"7014857",371856,2025-09-19 15:40:58,43.1297874450684,-8.46989917755127,"Unknown"
"7014857",371856,2025-09-19 15:45:59,43.1297760009766,-8.46989917755127,"Unknown"
"7014857",371856,2025-09-19 15:50:59,43.1297721862793,-8.46987152099609,"Unknown"
"7014857",371856,2025-09-19 15:55:58,43.1298294067383,-8.46988487243652,"Unknown"
"7014857",371856,2025-09-19 16:00:59,43.1299133300781,-8.46986103057861,"Unknown"
"7014857",371856,2025-09-19 16:05:59,43.1298789978027,-8.46983051300049,"Unknown"
"7014857",371856,2025-09-19 16:10:59,43.1298904418945,-8.46988391876221,"Unknown"
"7014857",371856,2025-09-19 16:15:58,43.1298751831055,-8.46991157531738,"Unknown"
"7014857",371856,2025-09-19 16:20:58,43.1298294067383,-8.46982002258301,"Unknown"
"7014857",371856,2025-09-19 16:25:58,43.1299171447754,-8.46984481811523,"Unknown"
"7014857",371856,2025-09-19 16:31:00,43.1298866271973,-8.46994113922119,"Unknown"
"7014857",371856,2025-09-19 16:35:58,43.1312065124512,-8.47118759155273,"Unknown"
"7014857",371856,2025-09-19 16:40:59,43.131233215332,-8.4712553024292,"Unknown"
"7014857",371856,2025-09-19 16:45:59,43.1312255859375,-8.47118091583252,"Unknown"
"7014857",371856,2025-09-19 16:50:59,43.1311683654785,-8.47126197814941,"Unknown"
"7014857",371856,2025-09-19 16:55:59,43.1311950683594,-8.47122955322266,"Unknown"
"7014857",371856,2025-09-19 17:01:00,43.131217956543,-8.47123241424561,"Unknown"
"7014857",371856,2025-09-19 17:05:59,43.1311645507812,-8.47130966186523,"Unknown"
"7014857",371856,2025-09-19 17:11:01,43.130256652832,-8.47029304504395,"Unknown"
"7014857",371856,2025-09-19 17:16:07,43.1303329467773,-8.47028064727783,"Unknown"
"7014857",371856,2025-09-19 17:20:59,43.1303024291992,-8.47033977508545,"Unknown"
"7014857",371856,2025-09-19 17:26:01,43.130256652832,-8.47031021118164,"Unknown"
"7014857",371856,2025-09-19 17:31:15,43.130199432373,-8.47023773193359,"Unknown"
"7014857",371856,2025-09-19 17:36:00,43.1301803588867,-8.4702672958374,"Unknown"
"7014857",371856,2025-09-19 17:40:58,43.1301536560059,-8.47030067443848,"Unknown"
"7014857",371856,2025-09-19 17:45:58,43.1302909851074,-8.47042083740234,"Unknown"
"7014857",371856,2025-09-19 17:50:59,43.1300888061523,-8.47019195556641,"Unknown"
"7014857",371856,2025-09-19 17:55:58,43.1302146911621,-8.47031688690186,"Unknown"
"7014857",371856,2025-09-19 18:01:04,43.1301918029785,-8.4702320098877,"Unknown"
"7014857",371856,2025-09-19 18:05:59,43.1301040649414,-8.47040557861328,"Unknown"
"7014857",371856,2025-09-19 18:10:59,43.130199432373,-8.47048664093018,"Unknown"
"7014857",371856,2025-09-19 18:16:15,43.130184173584,-8.4704761505127,"Unknown"
"7014857",371856,2025-09-19 18:20:59,43.130199432373,-8.47051239013672,"Unknown"
"7014857",371856,2025-09-19 18:25:59,43.1299934387207,-8.47024250030518,"Unknown"
"7014857",371856,2025-09-19 18:30:59,43.1298637390137,-8.47016716003418,"Unknown"
"7014857",371856,2025-09-19 18:35:58,43.1301574707031,-8.47043609619141,"Unknown"
"7014857",371856,2025-09-19 18:40:58,43.1304321289062,-8.47179698944092,"Unknown"
"7014857",371856,2025-09-19 18:46:14,43.1300811767578,-8.4720458984375,"Unknown"
"7014857",371856,2025-09-19 18:51:07,43.1326141357422,-8.47103023529053,"Unknown"
"7014857",371856,2025-09-19 18:56:14,43.1700057983398,-8.44761943817139,"Unknown"
"7014857",371856,2025-09-19 19:00:58,43.1708908081055,-8.43788814544678,"Unknown"
"7014857",371856,2025-09-19 19:06:00,43.1711616516113,-8.43822383880615,"Unknown"
"7014857",371856,2025-09-19 19:11:00,43.1711349487305,-8.43824005126953,"Unknown"
"7014857",371856,2025-09-19 19:14:07,43.1712951660156,-8.43835067749023,"Unknown"
"7014857",371856,2025-09-20 00:15:04,43.1712074279785,-8.43837738037109,"Unknown"
"7014857",371856,2025-09-20 04:42:44,43.1713256835938,-8.43839168548584,"Unknown"
"7014857",371856,2025-09-20 04:47:19,43.1712417602539,-8.43859195709229,"Unknown"
"7014857",371856,2025-09-20 04:52:23,43.1705055236816,-8.43919372558594,"Unknown"
"7014857",371856,2025-09-20 04:57:19,43.1703605651855,-8.43955039978027,"Unknown"
"7014857",371856,2025-09-20 05:02:24,43.1715240478516,-8.4381160736084,"Unknown"
"7014857",371856,2025-09-20 05:07:23,43.1708488464355,-8.43892955780029,"Unknown"
"7014857",371856,2025-09-20 05:12:24,43.1706733703613,-8.43911361694336,"Unknown"
"7014857",371856,2025-09-20 05:17:20,43.1706771850586,-8.43915939331055,"Unknown"
"7014857",371856,2025-09-20 05:22:22,43.1711196899414,-8.43859195709229,"Unknown"
"7014857",371856,2025-09-20 05:27:24,43.171459197998,-8.43851566314697,"Unknown"
"7014857",371856,2025-09-20 05:32:44,43.171199798584,-8.43795871734619,"Unknown"
"7014857",371856,2025-09-20 05:37:24,43.1711807250977,-8.43882369995117,"Unknown"
"7014857",371856,2025-09-20 05:42:40,43.1711730957031,-8.43829727172852,"Unknown"
"7014857",371856,2025-09-20 05:47:30,43.1709899902344,-8.43876552581787,"Unknown"
"7014857",371856,2025-09-20 05:52:22,43.1716613769531,-8.43718910217285,"Unknown"
"7014857",371856,2025-09-20 05:57:30,43.1711502075195,-8.43845081329346,"Unknown"
"7014857",371856,2025-09-20 06:02:24,43.1705322265625,-8.44022750854492,"Unknown"
"7014857",371856,2025-09-20 06:07:21,43.1705131530762,-8.44005012512207,"Unknown"
"7014857",371856,2025-09-20 06:12:22,43.1718215942383,-8.43673515319824,"Unknown"
"7014857",371856,2025-09-20 06:17:30,43.1711692810059,-8.43842887878418,"Unknown"
"7014857",371856,2025-09-20 06:22:18,43.1712760925293,-8.43832302093506,"Unknown"
"7014857",371856,2025-09-20 06:27:21,43.172290802002,-8.44647789001465,"Unknown"
"7014857",371856,2025-09-20 06:32:44,43.1715698242188,-8.44423580169678,"Unknown"
"7014857",371856,2025-09-20 06:37:30,43.1717872619629,-8.44620418548584,"Unknown"
"7014857",371856,2025-09-20 06:42:23,43.1705360412598,-8.4450626373291,"Unknown"
"7014857",371856,2025-09-20 06:47:30,43.1717071533203,-8.44617080688477,"Unknown"
"7014857",371856,2025-09-20 06:52:21,43.1719703674316,-8.44637298583984,"Unknown"
"7014857",371856,2025-09-20 06:57:22,43.1715812683105,-8.44606494903564,"Unknown"
"7014857",371856,2025-09-20 07:02:23,43.1707649230957,-8.4456615447998,"Unknown"
"7014857",371856,2025-09-20 07:07:20,43.1718406677246,-8.44610691070557,"Unknown"
"7014857",371856,2025-09-20 07:12:21,43.1713333129883,-8.44584941864014,"Unknown"
"7014857",371856,2025-09-20 07:17:21,43.1714363098145,-8.44585418701172,"Unknown"
"7014857",371856,2025-09-20 07:22:22,43.1724433898926,-8.44621181488037,"Unknown"
"7014857",371856,2025-09-20 07:27:25,43.1716842651367,-8.44595718383789,"Unknown"
"7014857",371856,2025-09-20 07:32:22,43.1716804504395,-8.44598865509033,"Unknown"
"7014857",371856,2025-09-20 07:37:33,43.1716995239258,-8.44598865509033,"Unknown"
"7014857",371856,2025-09-20 07:42:20,43.171688079834,-8.44594764709473,"Unknown"
"7014857",371856,2025-09-20 07:47:30,43.1716079711914,-8.44603061676025,"Unknown"
"7014857",371856,2025-09-20 07:52:21,43.1717414855957,-8.44618988037109,"Unknown"
"7014857",371856,2025-09-20 07:57:44,43.1716575622559,-8.44606876373291,"Unknown"
"7014857",371856,2025-09-20 08:02:20,43.1612243652344,-8.46243953704834,"Unknown"
"7014857",371856,2025-09-20 08:07:22,43.136905670166,-8.47112464904785,"Unknown"
"7014857",371856,2025-09-20 08:12:21,43.1310119628906,-8.47049903869629,"Unknown"
"7014857",371856,2025-09-20 08:17:28,43.1309967041016,-8.47136211395264,"Unknown"
"7014857",371856,2025-09-20 08:22:24,43.1310043334961,-8.47116279602051,"Unknown"
"7014857",371856,2025-09-20 08:27:25,43.130916595459,-8.47149467468262,"Unknown"
"7014857",371856,2025-09-20 08:32:28,43.1309852600098,-8.47170639038086,"Unknown"
"7014857",371856,2025-09-20 08:37:38,43.1310577392578,-8.47157192230225,"Unknown"
"7014857",371856,2025-09-20 08:42:30,43.1310043334961,-8.47152996063232,"Unknown"
"7014857",371856,2025-09-20 08:47:33,43.1309661865234,-8.47159481048584,"Unknown"
"7014857",371856,2025-09-20 08:52:30,43.1309623718262,-8.47164726257324,"Unknown"
"7014857",371856,2025-09-20 08:57:30,43.1310157775879,-8.47167205810547,"Unknown"
"7014857",371856,2025-09-20 09:02:27,43.1309928894043,-8.47177028656006,"Unknown"
"7014857",371856,2025-09-20 09:07:32,43.1309700012207,-8.47175598144531,"Unknown"
"7014857",371856,2025-09-20 09:12:31,43.1309471130371,-8.47172164916992,"Unknown"
"7014857",371856,2025-09-20 09:17:44,43.1307792663574,-8.47172355651855,"Unknown"
"7014857",371856,2025-09-20 09:22:30,43.1306076049805,-8.47130870819092,"Unknown"
"7014857",371856,2025-09-20 09:27:30,43.1305999755859,-8.47124290466309,"Unknown"
"7014857",371856,2025-09-20 09:32:25,43.130672454834,-8.47139835357666,"Unknown"
"7014857",371856,2025-09-20 09:37:29,43.1306266784668,-8.47123241424561,"Unknown"
"7014857",371856,2025-09-20 09:42:19,43.1308326721191,-8.47170448303223,"Unknown"
"7014857",371856,2025-09-20 09:48:00,43.1308631896973,-8.47121334075928,"Unknown"
"7014857",371856,2025-09-20 09:52:25,43.1308898925781,-8.47113800048828,"Unknown"
"7014857",371856,2025-09-20 09:57:24,43.1308631896973,-8.47143840789795,"Unknown"
"7014857",371856,2025-09-20 10:02:44,43.1308135986328,-8.47116661071777,"Unknown"
"7014857",371856,2025-09-20 10:07:44,43.1308364868164,-8.47111988067627,"Unknown"
"7014857",371856,2025-09-20 10:12:19,43.1300582885742,-8.46902656555176,"Unknown"
"7014857",371856,2025-09-20 10:17:21,43.1302795410156,-8.46926975250244,"Unknown"
"7014857",371856,2025-09-20 10:22:22,43.1303863525391,-8.46929264068604,"Unknown"
"7014857",371856,2025-09-20 10:27:22,43.1303596496582,-8.46942043304443,"Unknown"
"7014857",371856,2025-09-20 10:32:21,43.1306571960449,-8.46965312957764,"Unknown"
"7014857",371856,2025-09-20 10:37:23,43.1304092407227,-8.46947574615479,"Unknown"
"7014857",371856,2025-09-20 10:42:22,43.1302490234375,-8.46932029724121,"Unknown"
"7014857",371856,2025-09-20 10:47:44,43.1302947998047,-8.46928215026855,"Unknown"
"7014857",371856,2025-09-20 10:52:19,43.1305046081543,-8.46942901611328,"Unknown"
"7014857",371856,2025-09-20 10:57:23,43.1305465698242,-8.46957302093506,"Unknown"
"7014857",371856,2025-09-20 11:02:21,43.1308784484863,-8.46970558166504,"Unknown"
"7014857",371856,2025-09-20 11:07:21,43.1305122375488,-8.46954441070557,"Unknown"
"7014857",371856,2025-09-20 11:12:25,43.1301574707031,-8.4691915512085,"Unknown"
"7014857",371856,2025-09-20 11:17:23,43.1299438476562,-8.46958446502686,"Unknown"
"7014857",371856,2025-09-20 11:22:31,43.1299514770508,-8.46913528442383,"Unknown"
"7014857",371856,2025-09-20 11:27:23,43.1309471130371,-8.47015571594238,"Unknown"
"7014857",371856,2025-09-20 11:32:30,43.1299209594727,-8.46967506408691,"Unknown"
"7014857",371856,2025-09-20 11:37:19,43.130012512207,-8.46965789794922,"Unknown"
"7014857",371856,2025-09-20 11:42:20,43.1298980712891,-8.46959686279297,"Unknown"
"7014857",371856,2025-09-20 11:47:19,43.1299133300781,-8.46957302093506,"Unknown"
"7014857",371856,2025-09-20 11:52:24,43.130012512207,-8.46955966949463,"Unknown"
"7014857",371856,2025-09-20 11:57:27,43.1301498413086,-8.46965599060059,"Unknown"
"7014857",371856,2025-09-20 12:02:30,43.1307411193848,-8.47096824645996,"Unknown"
"7014857",371856,2025-09-20 12:07:19,43.1307640075684,-8.47112464904785,"Unknown"
"7014857",371856,2025-09-20 12:12:22,43.1297264099121,-8.46982097625732,"Unknown"
"7014857",371856,2025-09-20 12:17:25,43.1307525634766,-8.47098827362061,"Unknown"
"7014857",371856,2025-09-20 12:22:30,43.1307106018066,-8.47100734710693,"Unknown"
"7014857",371856,2025-09-20 12:27:25,43.130744934082,-8.47092628479004,"Unknown"
"7014857",371856,2025-09-20 12:32:31,43.1306419372559,-8.47114753723145,"Unknown"
"7014857",371856,2025-09-20 12:37:21,43.1297225952148,-8.47011089324951,"Unknown"
"7014857",371856,2025-09-20 12:42:29,43.1308097839355,-8.47127532958984,"Unknown"
"7014857",371856,2025-09-20 12:47:45,43.1302185058594,-8.47141742706299,"Unknown"
"7014857",371856,2025-09-20 12:52:22,43.1298408508301,-8.47099113464355,"Unknown"
"7014857",371856,2025-09-20 12:57:34,43.1313743591309,-8.47081279754639,"Unknown"
"7014857",371856,2025-09-20 13:02:23,43.1316604614258,-8.47107791900635,"Unknown"
"7014857",371856,2025-09-20 13:07:28,43.1313133239746,-8.47096729278564,"Unknown"
"7014857",371856,2025-09-20 13:12:25,43.1315116882324,-8.46786785125732,"Unknown"
"7014857",371856,2025-09-20 13:17:30,43.1348991394043,-8.46688079833984,"Unknown"
"7014857",371856,2025-09-20 13:22:25,43.1333770751953,-8.46854209899902,"Unknown"
"7014857",371856,2025-09-20 13:27:27,43.1306419372559,-8.46853923797607,"Unknown"
"7014857",371856,2025-09-20 13:32:30,43.1324615478516,-8.47018432617188,"Unknown"
"7014857",371856,2025-09-20 13:37:34,43.1324234008789,-8.47023296356201,"Unknown"
"7014857",371856,2025-09-20 13:42:24,43.1322860717773,-8.47009086608887,"Unknown"
"7014857",371856,2025-09-20 13:47:37,43.1322822570801,-8.47050094604492,"Unknown"
"7014857",371856,2025-09-20 13:52:24,43.1330833435059,-8.46780204772949,"Unknown"
"7014857",371856,2025-09-20 13:57:43,43.1328125,-8.46968460083008,"Unknown"
"7014857",371856,2025-09-20 14:02:20,43.132640838623,-8.46947193145752,"Unknown"
"7014857",371856,2025-09-20 14:07:20,43.1326942443848,-8.46937370300293,"Unknown"
"7014857",371856,2025-09-20 14:12:20,43.1326522827148,-8.46943759918213,"Unknown"
"7014857",371856,2025-09-20 14:17:21,43.1327285766602,-8.46937274932861,"Unknown"
"7014857",371856,2025-09-20 14:22:20,43.132740020752,-8.46929168701172,"Unknown"
"7014857",371856,2025-09-20 14:27:23,43.1327781677246,-8.46907806396484,"Unknown"
"7014857",371856,2025-09-20 14:32:21,43.1310729980469,-8.47196102142334,"Unknown"
"7014857",371856,2025-09-20 14:37:23,43.130916595459,-8.47188091278076,"Unknown"
"7014857",371856,2025-09-20 14:42:21,43.1307106018066,-8.47152423858643,"Unknown"
"7014857",371856,2025-09-20 14:47:24,43.1316909790039,-8.47154712677002,"Unknown"
"7014857",371856,2025-09-20 14:52:44,43.1304512023926,-8.47241306304932,"Unknown"
"7014857",371856,2025-09-20 14:57:20,43.1305541992188,-8.4726619720459,"Unknown"
"7014857",371856,2025-09-20 15:02:21,43.1307830810547,-8.47154140472412,"Unknown"
"7014857",371856,2025-09-20 15:07:28,43.1306610107422,-8.47257137298584,"Unknown"
"7014857",371856,2025-09-20 15:12:28,43.1306228637695,-8.47238445281982,"Unknown"
"7014857",371856,2025-09-20 15:17:23,43.1307220458984,-8.47165012359619,"Unknown"
"7014857",371856,2025-09-20 15:22:22,43.1307067871094,-8.47106647491455,"Unknown"
"7014857",371856,2025-09-20 15:27:20,43.1305885314941,-8.47090625762939,"Unknown"
"7014857",371856,2025-09-20 15:32:20,43.1306762695312,-8.47096061706543,"Unknown"
"7014857",371856,2025-09-20 15:37:23,43.1307106018066,-8.47091102600098,"Unknown"
"7014857",371856,2025-09-20 15:42:20,43.1306266784668,-8.47116851806641,"Unknown"
"7014857",371856,2025-09-20 15:47:28,43.1301918029785,-8.47107410430908,"Unknown"
"7014857",371856,2025-09-20 15:52:43,43.1313514709473,-8.47032833099365,"Unknown"
"7014857",371856,2025-09-20 15:57:27,43.1315002441406,-8.47029495239258,"Unknown"
"7014857",371856,2025-09-20 16:02:25,43.1305122375488,-8.47113227844238,"Unknown"
"7014857",371856,2025-09-20 16:07:21,43.1307983398438,-8.47080135345459,"Unknown"
"7014857",371856,2025-09-20 16:12:23,43.1251220703125,-8.47663307189941,"Unknown"
"7014857",371856,2025-09-20 16:17:22,43.1043930053711,-8.49514579772949,"Unknown"
"7014857",371856,2025-09-20 16:22:22,43.0975952148438,-8.49773502349854,"Unknown"
"7014857",371856,2025-09-20 16:27:21,43.0959663391113,-8.50203514099121,"Unknown"
"7014857",371856,2025-09-20 16:32:22,43.0843276977539,-8.50031089782715,"Unknown"
"7014857",371856,2025-09-20 16:37:23,43.0579299926758,-8.50753784179688,"Unknown"
"7014857",371856,2025-09-20 16:42:27,43.0647087097168,-8.49569129943848,"Unknown"
"7014857",371856,2025-09-20 16:47:44,43.0820579528809,-8.4898681640625,"Unknown"
"7014857",371856,2025-09-20 16:52:21,43.1009178161621,-8.49072742462158,"Unknown"
"7014857",371856,2025-09-20 16:57:21,43.1178894042969,-8.4858455657959,"Unknown"
"7014857",371856,2025-09-20 17:02:22,43.1308174133301,-8.47250938415527,"Unknown"
"7014857",371856,2025-09-20 17:07:23,43.1300582885742,-8.47155284881592,"Unknown"
"7014857",371856,2025-09-20 17:12:34,43.1306457519531,-8.47131633758545,"Unknown"
"7014857",371856,2025-09-20 17:17:29,43.1302452087402,-8.47156810760498,"Unknown"
"7014857",371856,2025-09-20 17:22:42,43.1306228637695,-8.47171115875244,"Unknown"
"7014857",371856,2025-09-20 17:27:21,43.1306228637695,-8.47171115875244,"Unknown"
"7014857",371856,2025-09-20 17:32:23,43.1305351257324,-8.47166728973389,"Unknown"
"7014857",371856,2025-09-20 17:37:22,43.1297607421875,-8.47052574157715,"Unknown"
"7014857",371856,2025-09-20 17:42:23,43.1303253173828,-8.47034454345703,"Unknown"
"7014857",371856,2025-09-20 17:47:44,43.1332397460938,-8.46903419494629,"Unknown"
"7014857",371856,2025-09-20 17:52:21,43.1331100463867,-8.46913719177246,"Unknown"
"7014857",371856,2025-09-20 17:57:21,43.1333885192871,-8.46910858154297,"Unknown"
"7014857",371856,2025-09-20 18:02:21,43.1335105895996,-8.46908092498779,"Unknown"
"7014857",371856,2025-09-20 18:07:21,43.1334686279297,-8.46909332275391,"Unknown"
"7014857",371856,2025-09-20 18:12:21,43.1334571838379,-8.46906566619873,"Unknown"
"7014857",371856,2025-09-20 18:17:22,43.1431541442871,-8.46151542663574,"Unknown"
"7014857",371856,2025-09-20 18:22:23,43.1622467041016,-8.45451641082764,"Unknown"
"7014857",371856,2025-09-20 18:27:22,43.1702308654785,-8.43864059448242,"Unknown"
"7014857",371856,2025-09-20 18:32:22,43.1700210571289,-8.43875694274902,"Unknown"
"7014857",371856,2025-09-20 18:37:31,43.1701812744141,-8.4386043548584,"Unknown"
"7014857",371856,2025-09-20 18:42:22,43.1699523925781,-8.43880653381348,"Unknown"
"7014857",371856,2025-09-20 18:47:24,43.1700897216797,-8.43849086761475,"Unknown"
"7014857",371856,2025-09-20 18:52:23,43.1699638366699,-8.43868446350098,"Unknown"
"7014857",371856,2025-09-20 18:57:30,43.1703643798828,-8.43784427642822,"Unknown"
"7014857",371856,2025-09-20 19:02:29,43.1703872680664,-8.43790054321289,"Unknown"
"7014857",371856,2025-09-20 19:07:24,43.1702842712402,-8.43792533874512,"Unknown"
"7014857",371856,2025-09-20 19:12:31,43.1709632873535,-8.4383602142334,"Unknown"
"7014857",371856,2025-09-21 00:12:31,43.1696586608887,-8.43837833404541,"Unknown"
"7014857",371856,2025-09-21 04:43:59,43.171516418457,-8.43846893310547,"Unknown"
"7014857",371856,2025-09-21 04:48:24,43.1714668273926,-8.43855476379395,"Unknown"
"7014857",371856,2025-09-21 04:53:23,43.1714668273926,-8.4384822845459,"Unknown"
"7014857",371856,2025-09-21 04:58:23,43.1714897155762,-8.43848323822021,"Unknown"
"7014857",371856,2025-09-21 05:03:24,43.171501159668,-8.4386100769043,"Unknown"
"7014857",371856,2025-09-21 05:08:23,43.1714859008789,-8.43846321105957,"Unknown"
"7014857",371856,2025-09-21 05:13:24,43.1714744567871,-8.43846035003662,"Unknown"
"7014857",371856,2025-09-21 05:18:24,43.1715393066406,-8.43835830688477,"Unknown"
"7014857",371856,2025-09-21 05:23:24,43.1714515686035,-8.43850135803223,"Unknown"
"7014857",371856,2025-09-21 05:28:23,43.1715545654297,-8.43824577331543,"Unknown"
"7014857",371856,2025-09-21 05:33:26,43.1715545654297,-8.43850326538086,"Unknown"
"7014857",371856,2025-09-21 05:38:26,43.1716041564941,-8.43860244750977,"Unknown"
"7014857",371856,2025-09-21 05:43:26,43.1715965270996,-8.43855857849121,"Unknown"
"7014857",371856,2025-09-21 05:48:27,43.1714019775391,-8.43838596343994,"Unknown"
"7014857",371856,2025-09-21 05:53:25,43.1714363098145,-8.43836402893066,"Unknown"
"7014857",371856,2025-09-21 05:58:24,43.1715354919434,-8.43849849700928,"Unknown"
"7014857",371856,2025-09-21 06:03:27,43.1714019775391,-8.43832874298096,"Unknown"
"7014857",371856,2025-09-21 06:08:36,43.171257019043,-8.43842506408691,"Unknown"
"7014857",371856,2025-09-21 06:13:26,43.1714744567871,-8.4384298324585,"Unknown"
"7014857",371856,2025-09-21 06:18:29,43.1715469360352,-8.43834781646729,"Unknown"
"7014857",371856,2025-09-21 06:23:26,43.1718215942383,-8.44041728973389,"Unknown"
"7014857",371856,2025-09-21 06:28:27,43.1717796325684,-8.44052600860596,"Unknown"
"7014857",371856,2025-09-21 06:33:23,43.1718597412109,-8.44051551818848,"Unknown"
"7014857",371856,2025-09-21 06:38:26,43.1514663696289,-8.45664405822754,"Unknown"
"7014857",371856,2025-09-21 06:44:06,43.1309967041016,-8.47126388549805,"Unknown"
"7014857",371856,2025-09-21 06:48:25,43.1310501098633,-8.47132396697998,"Unknown"
"7014857",371856,2025-09-21 06:54:05,43.1301727294922,-8.47165489196777,"Unknown"
"7014857",371856,2025-09-21 06:58:25,43.130428314209,-8.47129440307617,"Unknown"
"7014857",371856,2025-09-21 07:03:28,43.1300354003906,-8.47168445587158,"Unknown"
"7014857",371856,2025-09-21 07:08:33,43.1305084228516,-8.47157382965088,"Unknown"
"7014857",371856,2025-09-21 07:13:24,43.130542755127,-8.47154808044434,"Unknown"
"7014857",371856,2025-09-21 07:18:25,43.1308212280273,-8.47152042388916,"Unknown"
"7014857",371856,2025-09-21 07:23:33,43.1307830810547,-8.47140598297119,"Unknown"
"7014857",371856,2025-09-21 07:28:24,43.1307563781738,-8.47137260437012,"Unknown"
"7014857",371856,2025-09-21 07:33:24,43.1306037902832,-8.47152709960938,"Unknown"
"7014857",371856,2025-09-21 07:38:30,43.1306304931641,-8.4714937210083,"Unknown"
"7014857",371856,2025-09-21 07:43:25,43.1305732727051,-8.47135162353516,"Unknown"
"7014857",371856,2025-09-21 07:48:24,43.1305046081543,-8.47126007080078,"Unknown"
"7014857",371856,2025-09-21 07:53:36,43.1303558349609,-8.4713306427002,"Unknown"
"7014857",371856,2025-09-21 07:58:26,43.1304702758789,-8.47139835357666,"Unknown"
"7014857",371856,2025-09-21 08:03:25,43.130485534668,-8.47110748291016,"Unknown"
"7014857",371856,2025-09-21 08:08:35,43.1331596374512,-8.46813297271729,"Unknown"
"7014857",371856,2025-09-21 08:13:28,43.1319847106934,-8.46864414215088,"Unknown"
"7014857",371856,2025-09-21 08:18:36,43.1320037841797,-8.46865272521973,"Unknown"
"7014857",371856,2025-09-21 08:23:37,43.132022857666,-8.4686336517334,"Unknown"
"7014857",371856,2025-09-21 08:28:37,43.1320114135742,-8.46857833862305,"Unknown"
"7014857",371856,2025-09-21 08:33:25,43.1319580078125,-8.46839809417725,"Unknown"
"7014857",371856,2025-09-21 08:38:59,43.1320571899414,-8.46861934661865,"Unknown"
"7014857",371856,2025-09-21 08:43:23,43.1321105957031,-8.46877956390381,"Unknown"
"7014857",371856,2025-09-21 08:48:23,43.1320343017578,-8.46871852874756,"Unknown"
"7014857",371856,2025-09-21 08:53:23,43.132007598877,-8.46869564056396,"Unknown"
"7014857",371856,2025-09-21 08:58:26,43.132007598877,-8.46858215332031,"Unknown"
"7014857",371856,2025-09-21 09:03:24,43.1318473815918,-8.46944999694824,"Unknown"
"7014857",371856,2025-09-21 09:08:24,43.1315574645996,-8.46897315979004,"Unknown"
"7014857",371856,2025-09-21 09:13:25,43.131778717041,-8.46898555755615,"Unknown"
"7014857",371856,2025-09-21 09:18:23,43.1320190429688,-8.46931266784668,"Unknown"
"7014857",371856,2025-09-21 09:23:24,43.1319007873535,-8.46909809112549,"Unknown"
"7014857",371856,2025-09-21 09:28:24,43.1318550109863,-8.46892070770264,"Unknown"
"7014857",371856,2025-09-21 09:33:25,43.1318397521973,-8.46893405914307,"Unknown"
"7014857",371856,2025-09-21 09:38:25,43.131908416748,-8.46911239624023,"Unknown"
"7014857",371856,2025-09-21 09:43:30,43.1324119567871,-8.47017765045166,"Unknown"
"7014857",371856,2025-09-21 09:48:31,43.132022857666,-8.46961116790771,"Unknown"
"7014857",371856,2025-09-21 09:53:26,43.1320037841797,-8.46963691711426,"Unknown"
"7014857",371856,2025-09-21 09:58:43,43.1320686340332,-8.46953678131104,"Unknown"
"7014857",371856,2025-09-21 10:03:27,43.1320343017578,-8.46973705291748,"Unknown"
"7014857",371856,2025-09-21 10:08:36,43.1318244934082,-8.46984767913818,"Unknown"
"7014857",371856,2025-09-21 10:13:36,43.1323013305664,-8.46937942504883,"Unknown"
"7014857",371856,2025-09-21 10:18:44,43.1321678161621,-8.46962451934814,"Unknown"
"7014857",371856,2025-09-21 10:23:24,43.1322174072266,-8.4699182510376,"Unknown"
"7014857",371856,2025-09-21 10:28:24,43.1322135925293,-8.47005653381348,"Unknown"
"7014857",371856,2025-09-21 10:33:26,43.1323623657227,-8.47004318237305,"Unknown"
"7014857",371856,2025-09-21 10:38:28,43.1326560974121,-8.47142601013184,"Unknown"
"7014857",371856,2025-09-21 10:43:25,43.1321907043457,-8.47023868560791,"Unknown"
"7014857",371856,2025-09-21 10:48:44,43.1320381164551,-8.46966934204102,"Unknown"
"7014857",371856,2025-09-21 10:53:28,43.132251739502,-8.46970462799072,"Unknown"
"7014857",371856,2025-09-21 10:58:26,43.1322479248047,-8.47006607055664,"Unknown"
"7014857",371856,2025-09-21 11:03:27,43.1324577331543,-8.47026252746582,"Unknown"
"7014857",371856,2025-09-21 11:08:29,43.1319122314453,-8.46938419342041,"Unknown"
"7014857",371856,2025-09-21 11:13:36,43.1321487426758,-8.46959114074707,"Unknown"
"7014857",371856,2025-09-21 11:18:24,43.1319465637207,-8.46932506561279,"Unknown"
"7014857",371856,2025-09-21 11:23:27,43.1311340332031,-8.46993637084961,"Unknown"
"7014857",371856,2025-09-21 11:28:27,43.1301116943359,-8.47249221801758,"Unknown"
"7014857",371856,2025-09-21 11:33:27,43.1305732727051,-8.47246837615967,"Unknown"
"7014857",371856,2025-09-21 11:38:30,43.1305274963379,-8.47169589996338,"Unknown"
"7014857",371856,2025-09-21 11:43:25,43.1304397583008,-8.47160148620605,"Unknown"
"7014857",371856,2025-09-21 11:48:59,43.1304397583008,-8.47158527374268,"Unknown"
"7014857",371856,2025-09-21 11:53:26,43.1301879882812,-8.47224998474121,"Unknown"
"7014857",371856,2025-09-21 11:58:41,43.1300659179688,-8.47225856781006,"Unknown"
"7014857",371856,2025-09-21 12:03:24,43.130126953125,-8.47043418884277,"Unknown"
"7014857",371856,2025-09-21 12:08:26,43.1300773620605,-8.47045707702637,"Unknown"
"7014857",371856,2025-09-21 12:13:44,43.1301116943359,-8.47046184539795,"Unknown"
"7014857",371856,2025-09-21 12:18:23,43.130012512207,-8.47044372558594,"Unknown"
"7014857",371856,2025-09-21 12:23:24,43.1302795410156,-8.4705696105957,"Unknown"
"7014857",371856,2025-09-21 12:28:24,43.1298942565918,-8.47049713134766,"Unknown"
"7014857",371856,2025-09-21 12:33:28,43.1301918029785,-8.47052574157715,"Unknown"
"7014857",371856,2025-09-21 12:38:28,43.1300277709961,-8.47044086456299,"Unknown"
"7014857",371856,2025-09-21 12:43:29,43.1299057006836,-8.47054767608643,"Unknown"
"7014857",371856,2025-09-21 12:48:45,43.1305541992188,-8.47032070159912,"Unknown"
"7014857",371856,2025-09-21 12:53:24,43.1307334899902,-8.47256946563721,"Unknown"
"7014857",371856,2025-09-21 12:58:28,43.1302490234375,-8.47201156616211,"Unknown"
"7014857",371856,2025-09-21 13:03:30,43.1302528381348,-8.47165012359619,"Unknown"
"7014857",371856,2025-09-21 13:08:29,43.130485534668,-8.47135353088379,"Unknown"
"7014857",371856,2025-09-21 13:13:35,43.1307182312012,-8.47135257720947,"Unknown"
"7014857",371856,2025-09-21 13:18:26,43.130786895752,-8.47146415710449,"Unknown"
"7014857",371856,2025-09-21 13:23:29,43.1308670043945,-8.47139930725098,"Unknown"
"7014857",371856,2025-09-21 13:28:25,43.1308975219727,-8.47145462036133,"Unknown"
"7014857",371856,2025-09-21 13:33:26,43.1309432983398,-8.47182083129883,"Unknown"
"7014857",371856,2025-09-21 13:38:26,43.1308822631836,-8.47136974334717,"Unknown"
"7014857",371856,2025-09-21 13:43:28,43.1309242248535,-8.47170639038086,"Unknown"
"7014857",371856,2025-09-21 13:48:44,43.1309547424316,-8.47161483764648,"Unknown"
"7014857",371856,2025-09-21 13:53:29,43.1310234069824,-8.4718132019043,"Unknown"
"7014857",371856,2025-09-21 13:58:29,43.1309051513672,-8.47133350372314,"Unknown"
"7014857",371856,2025-09-21 14:03:26,43.1318054199219,-8.47124576568604,"Unknown"
"7014857",371856,2025-09-21 14:08:36,43.1318168640137,-8.46921348571777,"Unknown"
"7014857",371856,2025-09-21 14:13:36,43.1318435668945,-8.46912288665771,"Unknown"
"7014857",371856,2025-09-21 14:18:24,43.1317710876465,-8.46925354003906,"Unknown"
"7014857",371856,2025-09-21 14:23:29,43.1316337585449,-8.46890640258789,"Unknown"
"7014857",371856,2025-09-21 14:28:25,43.1306495666504,-8.47126388549805,"Unknown"
"7014857",371856,2025-09-21 14:33:26,43.1306648254395,-8.47125816345215,"Unknown"
"7014857",371856,2025-09-21 14:38:29,43.1306190490723,-8.47127723693848,"Unknown"
"7014857",371856,2025-09-21 14:43:25,43.1307144165039,-8.46967697143555,"Unknown"
"7014857",371856,2025-09-21 14:48:45,43.1318473815918,-8.46896457672119,"Unknown"
"7014857",371856,2025-09-21 14:53:59,43.1317901611328,-8.4688777923584,"Unknown"
"7014857",371856,2025-09-21 14:58:24,43.1317825317383,-8.46889877319336,"Unknown"
"7014857",371856,2025-09-21 15:03:25,43.1318702697754,-8.46890544891357,"Unknown"
"7014857",371856,2025-09-21 15:08:25,43.1320419311523,-8.46894645690918,"Unknown"
"7014857",371856,2025-09-21 15:13:24,43.1320724487305,-8.46899127960205,"Unknown"
"7014857",371856,2025-09-21 15:18:24,43.1318702697754,-8.46896553039551,"Unknown"
"7014857",371856,2025-09-21 15:23:24,43.1320610046387,-8.46893692016602,"Unknown"
"7014857",371856,2025-09-21 15:28:26,43.1322174072266,-8.46901607513428,"Unknown"
"7014857",371856,2025-09-21 15:33:25,43.1322288513184,-8.46895122528076,"Unknown"
"7014857",371856,2025-09-21 15:38:27,43.1319961547852,-8.46865844726562,"Unknown"
"7014857",371856,2025-09-21 15:43:26,43.1319541931152,-8.46867084503174,"Unknown"
"7014857",371856,2025-09-21 15:48:55,43.1322326660156,-8.46882343292236,"Unknown"
"7014857",371856,2025-09-21 15:53:35,43.1321601867676,-8.46893215179443,"Unknown"
"7014857",371856,2025-09-21 15:58:26,43.132266998291,-8.46876430511475,"Unknown"
"7014857",371856,2025-09-21 16:03:33,43.1324043273926,-8.46872138977051,"Unknown"
"7014857",371856,2025-09-21 16:08:36,43.1327438354492,-8.4687328338623,"Unknown"
"7014857",371856,2025-09-21 16:14:23,43.1323509216309,-8.46879005432129,"Unknown"
"7014857",371856,2025-09-21 16:18:25,43.1321983337402,-8.46890163421631,"Unknown"
"7014857",371856,2025-09-21 16:23:28,43.1323127746582,-8.46885299682617,"Unknown"
"7014857",371856,2025-09-21 16:28:24,43.13232421875,-8.46883773803711,"Unknown"
"7014857",371856,2025-09-21 16:33:24,43.1322937011719,-8.46884822845459,"Unknown"
"7014857",371856,2025-09-21 16:38:24,43.1323318481445,-8.46879863739014,"Unknown"
"7014857",371856,2025-09-21 16:43:24,43.1322746276855,-8.46890926361084,"Unknown"
"7014857",371856,2025-09-21 16:48:35,43.1323661804199,-8.4687967300415,"Unknown"
"7014857",371856,2025-09-21 16:53:24,43.1324348449707,-8.46874141693115,"Unknown"
"7014857",371856,2025-09-21 16:58:24,43.1323394775391,-8.46878337860107,"Unknown"
"7014857",371856,2025-09-21 17:03:25,43.1324234008789,-8.46869564056396,"Unknown"
"7014857",371856,2025-09-21 17:08:24,43.1323280334473,-8.46882057189941,"Unknown"
"7014857",371856,2025-09-21 17:13:44,43.1323394775391,-8.46884727478027,"Unknown"
"7014857",371856,2025-09-21 17:18:26,43.1324653625488,-8.46881771087646,"Unknown"
"7014857",371856,2025-09-21 17:23:25,43.132396697998,-8.4687671661377,"Unknown"
"7014857",371856,2025-09-21 17:28:27,43.1321907043457,-8.46900844573975,"Unknown"
"7014857",371856,2025-09-21 17:33:25,43.1323623657227,-8.46886348724365,"Unknown"
"7014857",371856,2025-09-21 17:38:27,43.1323547363281,-8.46886825561523,"Unknown"
"7014857",371856,2025-09-21 17:43:44,43.1322631835938,-8.46901226043701,"Unknown"
"7014857",371856,2025-09-21 17:48:27,43.1322898864746,-8.4689826965332,"Unknown"
"7014857",371856,2025-09-21 17:53:24,43.1323089599609,-8.46896648406982,"Unknown"
"7014857",371856,2025-09-21 17:58:28,43.1324806213379,-8.46910762786865,"Unknown"
"7014857",371856,2025-09-21 18:03:25,43.1331253051758,-8.468918800354,"Unknown"
"7014857",371856,2025-09-21 18:08:24,43.1332817077637,-8.46880149841309,"Unknown"
"7014857",371856,2025-09-21 18:13:24,43.1332626342773,-8.46883678436279,"Unknown"
"7014857",371856,2025-09-21 18:18:26,43.1330871582031,-8.4688892364502,"Unknown"
"7014857",371856,2025-09-21 18:23:24,43.1330718994141,-8.46895217895508,"Unknown"
"7014857",371856,2025-09-21 18:28:29,43.1438484191895,-8.46075057983398,"Unknown"
"7014857",371856,2025-09-21 18:33:44,43.1655464172363,-8.44827079772949,"Unknown"
"7014857",371856,2025-09-21 18:38:25,43.1714172363281,-8.4449348449707,"Unknown"
"7014857",371856,2025-09-21 18:43:36,43.1711845397949,-8.43764114379883,"Unknown"
"7014857",371856,2025-09-21 18:48:38,43.1713371276855,-8.43783569335938,"Unknown"
"7014857",371856,2025-09-21 18:53:28,43.1718482971191,-8.43803215026855,"Unknown"
"7014857",371856,2025-09-21 18:58:36,43.1713790893555,-8.43828201293945,"Unknown"
"7014857",371856,2025-09-21 19:03:36,43.1713256835938,-8.43823337554932,"Unknown"
"7014857",371856,2025-09-21 19:10:33,43.1711349487305,-8.43827152252197,"Unknown"
"7014857",371856,2025-09-22 00:10:53,43.1728286743164,-8.43836879730225,"Unknown"
"7014857",371856,2025-09-22 04:45:05,43.172233581543,-8.43847465515137,"Unknown"
"7014857",371856,2025-09-22 04:49:39,43.1722373962402,-8.43845367431641,"Unknown"
"7014857",371856,2025-09-22 04:54:40,43.1722412109375,-8.43847179412842,"Unknown"
"7014857",371856,2025-09-22 04:59:39,43.1722297668457,-8.43844604492188,"Unknown"
"7014857",371856,2025-09-22 05:04:40,43.1721992492676,-8.43850612640381,"Unknown"
"7014857",371856,2025-09-22 05:09:40,43.1722679138184,-8.43851661682129,"Unknown"
"7014857",371856,2025-09-22 05:14:40,43.1722450256348,-8.43845653533936,"Unknown"
"7014857",371856,2025-09-22 05:19:39,43.1722831726074,-8.43835926055908,"Unknown"
"7014857",371856,2025-09-22 05:24:39,43.1722450256348,-8.43849754333496,"Unknown"
"7014857",371856,2025-09-22 05:29:39,43.1722221374512,-8.43845653533936,"Unknown"
"7014857",371856,2025-09-22 05:34:40,43.1722526550293,-8.43845653533936,"Unknown"
"7014857",371856,2025-09-22 05:39:40,43.1722831726074,-8.43845367431641,"Unknown"
"7014857",371856,2025-09-22 05:44:39,43.172176361084,-8.43847942352295,"Unknown"
"7014857",371856,2025-09-22 05:49:39,43.1723556518555,-8.43844509124756,"Unknown"
"7014857",371856,2025-09-22 05:54:40,43.1723556518555,-8.43853378295898,"Unknown"
"7014857",371856,2025-09-22 05:59:42,43.1722373962402,-8.43848133087158,"Unknown"
"7014857",371856,2025-09-22 06:04:46,43.1722602844238,-8.43840980529785,"Unknown"
"7014857",371856,2025-09-22 06:09:43,43.1721496582031,-8.43834400177002,"Unknown"
"7014857",371856,2025-09-22 06:14:42,43.1721534729004,-8.43842887878418,"Unknown"
"7014857",371856,2025-09-22 06:19:44,43.1721572875977,-8.43847942352295,"Unknown"
"7014857",371856,2025-09-22 06:24:40,43.1722373962402,-8.44632530212402,"Unknown"
"7014857",371856,2025-09-22 06:29:42,43.1722526550293,-8.44627857208252,"Unknown"
"7014857",371856,2025-09-22 06:34:41,43.172306060791,-8.44625663757324,"Unknown"
"7014857",371856,2025-09-22 06:40:05,43.1722755432129,-8.44628143310547,"Unknown"
"7014857",371856,2025-09-22 06:44:40,43.1722831726074,-8.44620323181152,"Unknown"
"7014857",371856,2025-09-22 06:49:43,43.1723022460938,-8.44626140594482,"Unknown"
"7014857",371856,2025-09-22 06:54:42,43.1722984313965,-8.44620990753174,"Unknown"
"7014857",371856,2025-09-22 06:59:40,43.1723098754883,-8.44625854492188,"Unknown"
"7014857",371856,2025-09-22 07:04:41,43.1722946166992,-8.44622993469238,"Unknown"
"7014857",371856,2025-09-22 07:09:41,43.1723289489746,-8.44615459442139,"Unknown"
"7014857",371856,2025-09-22 07:14:41,43.1723976135254,-8.44619083404541,"Unknown"
"7014857",371856,2025-09-22 07:19:40,43.1723594665527,-8.44608783721924,"Unknown"
"7014857",371856,2025-09-22 07:24:42,43.1723136901855,-8.44620704650879,"Unknown"
"7014857",371856,2025-09-22 07:29:41,43.1724891662598,-8.44582366943359,"Unknown"
"7014857",371856,2025-09-22 07:34:49,43.1723594665527,-8.44614791870117,"Unknown"
"7014857",371856,2025-09-22 07:39:42,43.1724853515625,-8.44569683074951,"Unknown"
"7014857",371856,2025-09-22 07:44:49,43.1723823547363,-8.44614124298096,"Unknown"
"7014857",371856,2025-09-22 07:49:44,43.1723785400391,-8.44619369506836,"Unknown"
"7014857",371856,2025-09-22 07:54:43,43.1723861694336,-8.44624710083008,"Unknown"
"7014857",371856,2025-09-22 07:59:49,43.1723365783691,-8.44613552093506,"Unknown"
"7014857",371856,2025-09-22 08:04:47,43.1724433898926,-8.44616603851318,"Unknown"
"7014857",371856,2025-09-22 08:09:43,43.1723518371582,-8.44659328460693,"Unknown"
"7014857",371856,2025-09-22 08:14:44,43.1722412109375,-8.44582557678223,"Unknown"
"7014857",371856,2025-09-22 08:19:49,43.1724166870117,-8.44623470306396,"Unknown"
"7014857",371856,2025-09-22 08:24:47,43.1725006103516,-8.44612884521484,"Unknown"
"7014857",371856,2025-09-22 08:29:47,43.1560287475586,-8.45550155639648,"Unknown"
"7014857",371856,2025-09-22 08:34:44,43.1319198608398,-8.4678373336792,"Unknown"
"7014857",371856,2025-09-22 08:39:46,43.1318244934082,-8.46810817718506,"Unknown"
"7014857",371856,2025-09-22 08:45:09,43.1316947937012,-8.4683256149292,"Unknown"
"7014857",371856,2025-09-22 08:49:49,43.1317253112793,-8.46815586090088,"Unknown"
"7014857",371856,2025-09-22 08:54:49,43.1317863464355,-8.46813583374023,"Unknown"
"7014857",371856,2025-09-22 09:00:05,43.1318206787109,-8.4681224822998,"Unknown"
"7014857",371856,2025-09-22 09:04:40,43.1310920715332,-8.47144603729248,"Unknown"
"7014857",371856,2025-09-22 09:09:40,43.1310043334961,-8.47151470184326,"Unknown"
"7014857",371856,2025-09-22 09:14:42,43.1308517456055,-8.47162818908691,"Unknown"
"7014857",371856,2025-09-22 09:19:43,43.1309356689453,-8.47151565551758,"Unknown"
"7014857",371856,2025-09-22 09:24:40,43.1310386657715,-8.47159385681152,"Unknown"
"7014857",371856,2025-09-22 09:29:42,43.130500793457,-8.471116065979,"Unknown"
"7014857",371856,2025-09-22 09:34:41,43.1306991577148,-8.47129440307617,"Unknown"
"7014857",371856,2025-09-22 09:39:40,43.1304512023926,-8.47134399414062,"Unknown"
"7014857",371856,2025-09-22 09:44:41,43.1306610107422,-8.47142028808594,"Unknown"
"7014857",371856,2025-09-22 09:49:40,43.1306076049805,-8.47078037261963,"Unknown"
"7014857",371856,2025-09-22 09:54:40,43.1311454772949,-8.47151279449463,"Unknown"
"7014857",371856,2025-09-22 09:59:40,43.1311683654785,-8.47178363800049,"Unknown"
"7014857",371856,2025-09-22 10:04:40,43.1310615539551,-8.47162532806396,"Unknown"
"7014857",371856,2025-09-22 10:09:40,43.1311225891113,-8.47145843505859,"Unknown"
"7014857",371856,2025-09-22 10:14:40,43.1312065124512,-8.47134399414062,"Unknown"
"7014857",371856,2025-09-22 10:19:40,43.1311874389648,-8.47130012512207,"Unknown"
"7014857",371856,2025-09-22 10:24:40,43.1311988830566,-8.47142124176025,"Unknown"
"7014857",371856,2025-09-22 10:29:41,43.1310615539551,-8.47145938873291,"Unknown"
"7014857",371856,2025-09-22 10:34:40,43.131160736084,-8.47130680084229,"Unknown"
"7014857",371856,2025-09-22 10:39:41,43.1312370300293,-8.4713773727417,"Unknown"
"7014857",371856,2025-09-22 10:44:40,43.1315269470215,-8.47213745117188,"Unknown"
"7014857",371856,2025-09-22 10:49:40,43.1310157775879,-8.47159767150879,"Unknown"
"7014857",371856,2025-09-22 10:54:41,43.1311378479004,-8.47150039672852,"Unknown"
"7014857",371856,2025-09-22 10:59:40,43.1311378479004,-8.47157573699951,"Unknown"
"7014857",371856,2025-09-22 11:04:40,43.1311492919922,-8.47156238555908,"Unknown"
"7014857",371856,2025-09-22 11:09:40,43.1311531066895,-8.47158813476562,"Unknown"
"7014857",371856,2025-09-22 11:14:40,43.1315116882324,-8.47163772583008,"Unknown"
"7014857",371856,2025-09-22 11:19:40,43.1312828063965,-8.4716796875,"Unknown"
"7014857",371856,2025-09-22 11:24:40,43.131175994873,-8.47164249420166,"Unknown"
"7014857",371856,2025-09-22 11:29:40,43.1322326660156,-8.46949100494385,"Unknown"
"7014857",371856,2025-09-22 11:34:40,43.1343078613281,-8.46858787536621,"Unknown"
"7014857",371856,2025-09-22 11:39:40,43.1342124938965,-8.46863174438477,"Unknown"
"7014857",371856,2025-09-22 11:44:41,43.1341705322266,-8.46874141693115,"Unknown"
"7014857",371856,2025-09-22 11:49:40,43.1339149475098,-8.46865463256836,"Unknown"
"7014857",371856,2025-09-22 11:54:40,43.1340942382812,-8.46858978271484,"Unknown"
"7014857",371856,2025-09-22 11:59:40,43.1343460083008,-8.46890926361084,"Unknown"
"7014857",371856,2025-09-22 12:04:40,43.1342964172363,-8.46905708312988,"Unknown"
"7014857",371856,2025-09-22 12:09:40,43.1344032287598,-8.46895122528076,"Unknown"
"7014857",371856,2025-09-22 12:14:40,43.1343116760254,-8.46901512145996,"Unknown"
"7014857",371856,2025-09-22 12:19:40,43.1343612670898,-8.46913528442383,"Unknown"
"7014857",371856,2025-09-22 12:26:16,43.1343040466309,-8.46890449523926,"Unknown"
"7014857",371856,2025-09-22 12:31:15,43.1343727111816,-8.46883487701416,"Unknown"
"7014857",371856,2025-09-22 12:36:15,43.1343650817871,-8.46877288818359,"Unknown"
"7014857",371856,2025-09-22 12:41:15,43.1343574523926,-8.46877098083496,"Unknown"
"7014857",371856,2025-09-22 12:46:16,43.1343765258789,-8.46870899200439,"Unknown"
"7014857",371856,2025-09-22 12:51:15,43.1344299316406,-8.46867942810059,"Unknown"
"7014857",371856,2025-09-22 12:56:17,43.1343383789062,-8.46869373321533,"Unknown"
"7014857",371856,2025-09-22 13:01:15,43.1343727111816,-8.4686918258667,"Unknown"
"7014857",371856,2025-09-22 13:06:17,43.1345100402832,-8.46860408782959,"Unknown"
"7014857",371856,2025-09-22 13:11:16,43.1343383789062,-8.46874809265137,"Unknown"
"7014857",371856,2025-09-22 13:16:17,43.1345901489258,-8.46847724914551,"Unknown"
"7014857",371856,2025-09-22 13:21:16,43.134407043457,-8.46863555908203,"Unknown"
"7014857",371856,2025-09-22 13:26:16,43.1344299316406,-8.46855640411377,"Unknown"
"7014857",371856,2025-09-22 13:31:17,43.1345367431641,-8.46849632263184,"Unknown"
"7014857",371856,2025-09-22 13:36:16,43.1343078613281,-8.46868515014648,"Unknown"
"7014857",371856,2025-09-22 13:41:19,43.1344299316406,-8.46854972839355,"Unknown"
"7014857",371856,2025-09-22 13:46:24,43.1344604492188,-8.46883201599121,"Unknown"
"7014857",371856,2025-09-22 13:51:18,43.1344566345215,-8.46793079376221,"Unknown"
"7014857",371856,2025-09-22 13:56:19,43.1344223022461,-8.46802139282227,"Unknown"
"7014857",371856,2025-09-22 14:01:19,43.1311645507812,-8.47140693664551,"Unknown"
"7014857",371856,2025-09-22 14:06:29,43.1306190490723,-8.47162055969238,"Unknown"
"7014857",371856,2025-09-22 14:11:22,43.1304702758789,-8.47160720825195,"Unknown"
"7014857",371856,2025-09-22 14:16:24,43.1305198669434,-8.47092819213867,"Unknown"
"7014857",371856,2025-09-22 14:21:25,43.1301803588867,-8.46953773498535,"Unknown"
"7014857",371856,2025-09-22 14:26:17,43.1302719116211,-8.47231674194336,"Unknown"
"7014857",371856,2025-09-22 14:31:19,43.130256652832,-8.4720983505249,"Unknown"
"7014857",371856,2025-09-22 14:36:17,43.1303100585938,-8.47238445281982,"Unknown"
"7014857",371856,2025-09-22 14:41:19,43.1302833557129,-8.47219657897949,"Unknown"
"7014857",371856,2025-09-22 14:46:19,43.1303749084473,-8.47233200073242,"Unknown"
"7014857",371856,2025-09-22 14:51:18,43.1303672790527,-8.47228908538818,"Unknown"
"7014857",371856,2025-09-22 14:56:25,43.1311073303223,-8.47115898132324,"Unknown"
"7014857",371856,2025-09-22 15:01:33,43.1310157775879,-8.47136497497559,"Unknown"
"7014857",371856,2025-09-22 15:06:15,43.1311416625977,-8.4715051651001,"Unknown"
"7014857",371856,2025-09-22 15:11:20,43.1310272216797,-8.47123241424561,"Unknown"
"7014857",371856,2025-09-22 15:16:15,43.1309204101562,-8.47115802764893,"Unknown"
"7014857",371856,2025-09-22 15:21:17,43.1300735473633,-8.47249126434326,"Unknown"
"7014857",371856,2025-09-22 15:26:15,43.1301155090332,-8.47227668762207,"Unknown"
"7014857",371856,2025-09-22 15:31:16,43.1298637390137,-8.47236061096191,"Unknown"
"7014857",371856,2025-09-22 15:36:14,43.1324882507324,-8.47214698791504,"Unknown"
"7014857",371856,2025-09-22 15:41:16,43.1325950622559,-8.46996593475342,"Unknown"
"7014857",371856,2025-09-22 15:46:15,43.1325149536133,-8.47003650665283,"Unknown"
"7014857",371856,2025-09-22 15:51:15,43.1327362060547,-8.47001361846924,"Unknown"
"7014857",371856,2025-09-22 15:56:15,43.1326179504395,-8.47016048431396,"Unknown"
"7014857",371856,2025-09-22 16:01:15,43.1326370239258,-8.46992492675781,"Unknown"
"7014857",371856,2025-09-22 16:06:15,43.132640838623,-8.46998500823975,"Unknown"
"7014857",371856,2025-09-22 16:11:15,43.1326751708984,-8.46986865997314,"Unknown"
"7014857",371856,2025-09-22 16:16:16,43.1325988769531,-8.47001934051514,"Unknown"
"7014857",371856,2025-09-22 16:21:15,43.1327819824219,-8.46996688842773,"Unknown"
"7014857",371856,2025-09-22 16:26:22,43.1329078674316,-8.46969223022461,"Unknown"
"7014857",371856,2025-09-22 16:31:15,43.1327629089355,-8.46976852416992,"Unknown"
"7014857",371856,2025-09-22 16:36:15,43.1327590942383,-8.4697437286377,"Unknown"
"7014857",371856,2025-09-22 16:41:15,43.1327590942383,-8.46973991394043,"Unknown"
"7014857",371856,2025-09-22 16:46:15,43.132755279541,-8.4697322845459,"Unknown"
"7014857",371856,2025-09-22 16:51:16,43.1329231262207,-8.46970748901367,"Unknown"
"7014857",371856,2025-09-22 16:56:15,43.133113861084,-8.46963500976562,"Unknown"
"7014857",371856,2025-09-22 17:01:16,43.1330070495605,-8.46964836120605,"Unknown"
"7014857",371856,2025-09-22 17:06:16,43.1330070495605,-8.46959686279297,"Unknown"
"7014857",371856,2025-09-22 17:11:16,43.1329498291016,-8.46971797943115,"Unknown"
"7014857",371856,2025-09-22 17:16:15,43.1330947875977,-8.46958637237549,"Unknown"
"7014857",371856,2025-09-22 17:21:15,43.1330032348633,-8.46972179412842,"Unknown"
"7014857",371856,2025-09-22 17:26:15,43.1330337524414,-8.46961975097656,"Unknown"
"7014857",371856,2025-09-22 17:31:15,43.1331901550293,-8.46958923339844,"Unknown"
"7014857",371856,2025-09-22 17:36:26,43.132698059082,-8.4697208404541,"Unknown"
"7014857",371856,2025-09-22 17:41:15,43.1331100463867,-8.469801902771,"Unknown"
"7014857",371856,2025-09-22 17:46:16,43.1328659057617,-8.46990489959717,"Unknown"
"7014857",371856,2025-09-22 17:51:18,43.1327934265137,-8.46969890594482,"Unknown"
"7014857",371856,2025-09-22 17:56:16,43.1325798034668,-8.46979999542236,"Unknown"
"7014857",371856,2025-09-22 18:01:16,43.1330108642578,-8.46969699859619,"Unknown"
"7014857",371856,2025-09-22 18:06:17,43.1328811645508,-8.46985530853271,"Unknown"
"7014857",371856,2025-09-22 18:11:27,43.1333465576172,-8.47012424468994,"Unknown"
"7014857",371856,2025-09-22 18:16:16,43.133186340332,-8.469313621521,"Unknown"
"7014857",371856,2025-09-22 18:21:16,43.1331481933594,-8.4693603515625,"Unknown"
"7014857",371856,2025-09-22 18:26:17,43.1408958435059,-8.46469116210938,"Unknown"
"7014857",371856,2025-09-22 18:31:16,43.15576171875,-8.44480228424072,"Unknown"
"7014857",371856,2025-09-22 18:36:17,43.1712341308594,-8.43742561340332,"Unknown"
"7014857",371856,2025-09-22 18:41:43,43.1705284118652,-8.43739604949951,"Unknown"
"7014857",371856,2025-09-22 18:46:15,43.1707229614258,-8.43741130828857,"Unknown"
"7014857",371856,2025-09-22 18:51:15,43.1707916259766,-8.43742179870605,"Unknown"
"7014857",371856,2025-09-22 18:56:15,43.1707649230957,-8.4375,"Unknown"
"7014857",371856,2025-09-22 19:01:15,43.171142578125,-8.43838977813721,"Unknown"
"7014857",371856,2025-09-22 19:06:15,43.1708869934082,-8.43834781646729,"Unknown"
"7014857",371856,2025-09-22 19:08:46,43.171199798584,-8.43834400177002,"Unknown"
"7014857",371856,2025-09-23 00:08:41,43.1724052429199,-8.43842315673828,"Unknown"
"7014857",371856,2025-09-23 04:46:10,43.1718139648438,-8.43850994110107,"Unknown"
"7014857",371856,2025-09-23 04:51:13,43.1717491149902,-8.43858051300049,"Unknown"
"7014857",371856,2025-09-23 04:56:08,43.1718711853027,-8.43869209289551,"Unknown"
"7014857",371856,2025-09-23 05:01:14,43.1718864440918,-8.43873405456543,"Unknown"
"7014857",371856,2025-09-23 05:06:07,43.1719131469727,-8.43921279907227,"Unknown"
"7014857",371856,2025-09-23 05:11:06,43.1720008850098,-8.43848133087158,"Unknown"
"7014857",371856,2025-09-23 05:16:14,43.1719512939453,-8.43862819671631,"Unknown"
"7014857",371856,2025-09-23 05:21:07,43.1717720031738,-8.43862915039062,"Unknown"
"7014857",371856,2025-09-23 05:26:13,43.1718254089355,-8.43865013122559,"Unknown"
"7014857",371856,2025-09-23 05:31:08,43.1719169616699,-8.43856716156006,"Unknown"
"7014857",371856,2025-09-23 05:36:07,43.1720962524414,-8.4388370513916,"Unknown"
"7014857",371856,2025-09-23 05:41:08,43.1720695495605,-8.43889904022217,"Unknown"
"7014857",371856,2025-09-23 05:46:06,43.1712646484375,-8.43960285186768,"Unknown"
"7014857",371856,2025-09-23 05:51:04,43.1715621948242,-8.43959903717041,"Unknown"
"7014857",371856,2025-09-23 05:56:14,43.1728744506836,-8.43943214416504,"Unknown"
"7014857",371856,2025-09-23 06:01:08,43.172779083252,-8.4392671585083,"Unknown"
"7014857",371856,2025-09-23 06:06:10,43.1728820800781,-8.43932151794434,"Unknown"
"7014857",371856,2025-09-23 06:11:13,43.1731414794922,-8.43935585021973,"Unknown"
"7014857",371856,2025-09-23 06:16:10,43.1731414794922,-8.43912982940674,"Unknown"
"7014857",371856,2025-09-23 06:21:07,43.1690292358398,-8.43914699554443,"Unknown"
"7014857",371856,2025-09-23 06:26:06,43.1727638244629,-8.43824768066406,"Unknown"
"7014857",371856,2025-09-23 06:31:06,43.1729125976562,-8.43898677825928,"Unknown"
"7014857",371856,2025-09-23 06:36:11,43.1742057800293,-8.4373893737793,"Unknown"
"7014857",371856,2025-09-23 06:41:05,43.1721534729004,-8.43802165985107,"Unknown"
"7014857",371856,2025-09-23 06:46:12,43.1719398498535,-8.43844604492188,"Unknown"
"7014857",371856,2025-09-23 06:51:05,43.1719284057617,-8.43846225738525,"Unknown"
"7014857",371856,2025-09-23 06:56:06,43.1728401184082,-8.44609260559082,"Unknown"
"7014857",371856,2025-09-23 07:01:04,43.1723670959473,-8.44636631011963,"Unknown"
"7014857",371856,2025-09-23 07:06:07,43.1718444824219,-8.44675540924072,"Unknown"
"7014857",371856,2025-09-23 07:11:08,43.1725463867188,-8.44580173492432,"Unknown"
"7014857",371856,2025-09-23 07:16:07,43.1727561950684,-8.44586944580078,"Unknown"
"7014857",371856,2025-09-23 07:21:12,43.1726913452148,-8.44596672058105,"Unknown"
"7014857",371856,2025-09-23 07:26:07,43.172679901123,-8.44592761993408,"Unknown"
"7014857",371856,2025-09-23 07:31:08,43.1725692749023,-8.44590663909912,"Unknown"
"7014857",371856,2025-09-23 07:36:06,43.1726188659668,-8.44596481323242,"Unknown"
"7014857",371856,2025-09-23 07:41:05,43.1726150512695,-8.44594764709473,"Unknown"
"7014857",371856,2025-09-23 07:46:07,43.1726112365723,-8.44594669342041,"Unknown"
"7014857",371856,2025-09-23 07:51:05,43.1718368530273,-8.44607830047607,"Unknown"
"7014857",371856,2025-09-23 07:56:10,43.1720962524414,-8.44509315490723,"Unknown"
"7014857",371856,2025-09-23 08:01:05,43.1720962524414,-8.44506168365479,"Unknown"
"7014857",371856,2025-09-23 08:06:05,43.1721229553223,-8.44474506378174,"Unknown"
"7014857",371856,2025-09-23 08:11:04,43.1719436645508,-8.4456958770752,"Unknown"
"7014857",371856,2025-09-23 08:16:12,43.1720085144043,-8.44494152069092,"Unknown"
"7014857",371856,2025-09-23 08:21:03,43.1720237731934,-8.44504165649414,"Unknown"
"7014857",371856,2025-09-23 08:26:03,43.1720008850098,-8.44500923156738,"Unknown"
"7014857",371856,2025-09-23 08:31:05,43.1720123291016,-8.44503211975098,"Unknown"
"7014857",371856,2025-09-23 08:36:05,43.171989440918,-8.44498825073242,"Unknown"
"7014857",371856,2025-09-23 08:41:05,43.1722221374512,-8.44489479064941,"Unknown"
"7014857",371856,2025-09-23 08:46:03,43.172550201416,-8.44593811035156,"Unknown"
"7014857",371856,2025-09-23 08:51:03,43.1726150512695,-8.44590473175049,"Unknown"
"7014857",371856,2025-09-23 08:56:03,43.1726417541504,-8.44589805603027,"Unknown"
"7014857",371856,2025-09-23 09:01:03,43.1726455688477,-8.44591903686523,"Unknown"
"7014857",371856,2025-09-23 09:06:03,43.1725997924805,-8.44589996337891,"Unknown"
"7014857",371856,2025-09-23 09:11:03,43.1726264953613,-8.44588184356689,"Unknown"
"7014857",371856,2025-09-23 09:16:05,43.1725807189941,-8.44595050811768,"Unknown"
"7014857",371856,2025-09-23 09:21:13,43.1724853515625,-8.44602584838867,"Unknown"
"7014857",371856,2025-09-23 09:26:03,43.1725082397461,-8.44599723815918,"Unknown"
"7014857",371856,2025-09-23 09:31:03,43.1724052429199,-8.44601058959961,"Unknown"
"7014857",371856,2025-09-23 09:36:03,43.1724548339844,-8.44598960876465,"Unknown"
"7014857",371856,2025-09-23 09:41:03,43.1725234985352,-8.44612598419189,"Unknown"
"7014857",371856,2025-09-23 09:46:06,43.1727561950684,-8.44522857666016,"Unknown"
"7014857",371856,2025-09-23 09:51:03,43.1721343994141,-8.44488430023193,"Unknown"
"7014857",371856,2025-09-23 09:56:03,43.172119140625,-8.44488906860352,"Unknown"
"7014857",371856,2025-09-23 10:01:03,43.1721954345703,-8.44488620758057,"Unknown"
"7014857",371856,2025-09-23 10:06:03,43.1721687316895,-8.4449520111084,"Unknown"
"7014857",371856,2025-09-23 10:11:17,43.1722259521484,-8.44484806060791,"Unknown"
"7014857",371856,2025-09-23 10:16:04,43.1723480224609,-8.45057106018066,"Unknown"
"7014857",371856,2025-09-23 10:21:07,43.149974822998,-8.46453666687012,"Unknown"
"7014857",371856,2025-09-23 10:26:06,43.1313247680664,-8.47125625610352,"Unknown"
"7014857",371856,2025-09-23 10:31:08,43.1306800842285,-8.47274684906006,"Unknown"
"7014857",371856,2025-09-23 10:36:09,43.1307945251465,-8.47226810455322,"Unknown"
"7014857",371856,2025-09-23 10:41:06,43.1300735473633,-8.47181701660156,"Unknown"
"7014857",371856,2025-09-23 10:46:05,43.130012512207,-8.47182178497314,"Unknown"
"7014857",371856,2025-09-23 10:51:06,43.130126953125,-8.47168922424316,"Unknown"
"7014857",371856,2025-09-23 10:56:03,43.1298484802246,-8.47202968597412,"Unknown"
"7014857",371856,2025-09-23 11:01:05,43.1298637390137,-8.47182846069336,"Unknown"
"7014857",371856,2025-09-23 11:06:06,43.1297874450684,-8.47229480743408,"Unknown"
"7014857",371856,2025-09-23 11:11:03,43.1301078796387,-8.47184085845947,"Unknown"
"7014857",371856,2025-09-23 11:16:09,43.1299285888672,-8.4719877243042,"Unknown"
"7014857",371856,2025-09-23 11:21:05,43.1332321166992,-8.46905040740967,"Unknown"
"7014857",371856,2025-09-23 11:26:05,43.1338729858398,-8.46815299987793,"Unknown"
"7014857",371856,2025-09-23 11:31:05,43.1337966918945,-8.4685697555542,"Unknown"
"7014857",371856,2025-09-23 11:36:05,43.1325149536133,-8.46853160858154,"Unknown"
"7014857",371856,2025-09-23 11:41:03,43.1326560974121,-8.46818256378174,"Unknown"
"7014857",371856,2025-09-23 11:46:05,43.1326637268066,-8.46823978424072,"Unknown"
"7014857",371856,2025-09-23 11:51:03,43.1326026916504,-8.46815776824951,"Unknown"
"7014857",371856,2025-09-23 11:56:03,43.1326332092285,-8.46818923950195,"Unknown"
"7014857",371856,2025-09-23 12:01:05,43.1337928771973,-8.46844005584717,"Unknown"
"7014857",371856,2025-09-23 12:06:03,43.1337013244629,-8.46872138977051,"Unknown"
"7014857",371856,2025-09-23 12:11:06,43.1334495544434,-8.46948623657227,"Unknown"
"7014857",371856,2025-09-23 12:16:05,43.1333465576172,-8.4689769744873,"Unknown"
"7014857",371856,2025-09-23 12:21:05,43.1334495544434,-8.46920680999756,"Unknown"
"7014857",371856,2025-09-23 12:26:07,43.1334991455078,-8.46928977966309,"Unknown"
"7014857",371856,2025-09-23 12:31:08,43.1335258483887,-8.46931648254395,"Unknown"
"7014857",371856,2025-09-23 12:36:06,43.1333923339844,-8.46909046173096,"Unknown"
"7014857",371856,2025-09-23 12:41:05,43.1332206726074,-8.4702091217041,"Unknown"
"7014857",371856,2025-09-23 12:46:03,43.1334381103516,-8.46999740600586,"Unknown"
"7014857",371856,2025-09-23 12:51:03,43.133056640625,-8.47037982940674,"Unknown"
"7014857",371856,2025-09-23 12:56:06,43.1351699829102,-8.46988487243652,"Unknown"
"7014857",371856,2025-09-23 13:01:04,43.1332931518555,-8.46915435791016,"Unknown"
"7014857",371856,2025-09-23 13:06:04,43.1330108642578,-8.47034645080566,"Unknown"
"7014857",371856,2025-09-23 13:11:08,43.1337089538574,-8.46817111968994,"Unknown"
"7014857",371856,2025-09-23 13:16:03,43.133113861084,-8.47015762329102,"Unknown"
"7014857",371856,2025-09-23 13:21:04,43.1321983337402,-8.47073268890381,"Unknown"
"7014857",371856,2025-09-23 13:26:05,43.1327323913574,-8.47160911560059,"Unknown"
"7014857",371856,2025-09-23 13:31:04,43.1327514648438,-8.47152423858643,"Unknown"
"7014857",371856,2025-09-23 13:36:04,43.1329154968262,-8.47112846374512,"Unknown"
"7014857",371856,2025-09-23 13:41:07,43.1330986022949,-8.47081184387207,"Unknown"
"7014857",371856,2025-09-23 13:46:08,43.133113861084,-8.47054481506348,"Unknown"
"7014857",371856,2025-09-23 13:51:07,43.1333312988281,-8.47041511535645,"Unknown"
"7014857",371856,2025-09-23 13:56:07,43.1333465576172,-8.47021102905273,"Unknown"
"7014857",371856,2025-09-23 14:01:04,43.1333923339844,-8.4701976776123,"Unknown"
"7014857",371856,2025-09-23 14:06:06,43.1335296630859,-8.46995449066162,"Unknown"
"7014857",371856,2025-09-23 14:11:06,43.1334609985352,-8.46993827819824,"Unknown"
"7014857",371856,2025-09-23 14:16:06,43.1334114074707,-8.46995544433594,"Unknown"
"7014857",371856,2025-09-23 14:21:09,43.1334342956543,-8.46977615356445,"Unknown"
"7014857",371856,2025-09-23 14:26:06,43.1333389282227,-8.46990013122559,"Unknown"
"7014857",371856,2025-09-23 14:31:05,43.1333122253418,-8.46980571746826,"Unknown"
"7014857",371856,2025-09-23 14:36:12,43.1332778930664,-8.46990585327148,"Unknown"
"7014857",371856,2025-09-23 14:41:04,43.1332321166992,-8.46985912322998,"Unknown"
"7014857",371856,2025-09-23 14:46:04,43.1331787109375,-8.46992969512939,"Unknown"
"7014857",371856,2025-09-23 14:51:04,43.1331214904785,-8.46989822387695,"Unknown"
"7014857",371856,2025-09-23 14:56:04,43.1331214904785,-8.46981334686279,"Unknown"
"7014857",371856,2025-09-23 15:01:06,43.1329345703125,-8.47014236450195,"Unknown"
"7014857",371856,2025-09-23 15:06:04,43.1329956054688,-8.46994209289551,"Unknown"
"7014857",371856,2025-09-23 15:11:04,43.132884979248,-8.46985721588135,"Unknown"
"7014857",371856,2025-09-23 15:16:04,43.1182098388672,-8.48960876464844,"Unknown"
"7014857",371856,2025-09-23 15:21:06,43.0997848510742,-8.49962520599365,"Unknown"
"7014857",371856,2025-09-23 15:26:06,43.0996246337891,-8.49951457977295,"Unknown"
"7014857",371856,2025-09-23 15:31:06,43.1044464111328,-8.49198913574219,"Unknown"
"7014857",371856,2025-09-23 15:36:06,43.1115531921387,-8.48838710784912,"Unknown"
"7014857",371856,2025-09-23 15:41:04,43.1285743713379,-8.47054958343506,"Unknown"
"7014857",371856,2025-09-23 15:46:04,43.1312942504883,-8.46854591369629,"Unknown"
"7014857",371856,2025-09-23 15:51:09,43.1313095092773,-8.46856784820557,"Unknown"
"7014857",371856,2025-09-23 15:56:04,43.1313629150391,-8.468505859375,"Unknown"
"7014857",371856,2025-09-23 16:01:04,43.1313209533691,-8.46854686737061,"Unknown"
"7014857",371856,2025-09-23 16:06:06,43.1312828063965,-8.46850967407227,"Unknown"
"7014857",371856,2025-09-23 16:11:06,43.1313095092773,-8.46853923797607,"Unknown"
"7014857",371856,2025-09-23 16:16:09,43.1313667297363,-8.46843719482422,"Unknown"
"7014857",371856,2025-09-23 16:21:09,43.1313896179199,-8.46835803985596,"Unknown"
"7014857",371856,2025-09-23 16:26:09,43.1313171386719,-8.46844291687012,"Unknown"
"7014857",371856,2025-09-23 16:31:09,43.1313171386719,-8.46843528747559,"Unknown"
"7014857",371856,2025-09-23 16:36:07,43.1314086914062,-8.4684009552002,"Unknown"
"7014857",371856,2025-09-23 16:41:07,43.1313743591309,-8.46841144561768,"Unknown"
"7014857",371856,2025-09-23 16:46:06,43.1315269470215,-8.46836948394775,"Unknown"
"7014857",371856,2025-09-23 16:51:06,43.1316223144531,-8.46833896636963,"Unknown"
"7014857",371856,2025-09-23 16:56:06,43.1318283081055,-8.46829700469971,"Unknown"
"7014857",371856,2025-09-23 17:01:04,43.131664276123,-8.46834468841553,"Unknown"
"7014857",371856,2025-09-23 17:06:04,43.1322746276855,-8.46825885772705,"Unknown"
"7014857",371856,2025-09-23 17:11:06,43.1319999694824,-8.46826839447021,"Unknown"
"7014857",371856,2025-09-23 17:16:04,43.1319541931152,-8.46819972991943,"Unknown"
"7014857",371856,2025-09-23 17:21:04,43.1329040527344,-8.4690055847168,"Unknown"
"7014857",371856,2025-09-23 17:26:06,43.132755279541,-8.46911525726318,"Unknown"
"7014857",371856,2025-09-23 17:31:04,43.1325950622559,-8.46942234039307,"Unknown"
"7014857",371856,2025-09-23 17:36:04,43.1325416564941,-8.46941757202148,"Unknown"
"7014857",371856,2025-09-23 17:41:08,43.132453918457,-8.46935367584229,"Unknown"
"7014857",371856,2025-09-23 17:46:04,43.1324005126953,-8.46942806243896,"Unknown"
"7014857",371856,2025-09-23 17:51:08,43.1323509216309,-8.46933174133301,"Unknown"
"7014857",371856,2025-09-23 17:56:15,43.1326866149902,-8.46883583068848,"Unknown"
"7014857",371856,2025-09-23 18:01:06,43.1323547363281,-8.46935558319092,"Unknown"
"7014857",371856,2025-09-23 18:06:10,43.1321601867676,-8.46905708312988,"Unknown"
"7014857",371856,2025-09-23 18:11:04,43.1323280334473,-8.46930503845215,"Unknown"
"7014857",371856,2025-09-23 18:16:04,43.1324806213379,-8.46890926361084,"Unknown"
"7014857",371856,2025-09-23 18:21:04,43.1324462890625,-8.4688138961792,"Unknown"
"7014857",371856,2025-09-23 18:26:09,43.1325645446777,-8.4687032699585,"Unknown"
"7014857",371856,2025-09-23 18:31:07,43.1432456970215,-8.46811962127686,"Unknown"
"7014857",371856,2025-09-23 18:36:59,43.166015625,-8.45876789093018,"Unknown"
"7014857",371856,2025-09-23 18:41:08,43.1716766357422,-8.43818759918213,"Unknown"
"7014857",371856,2025-09-23 18:46:09,43.1716346740723,-8.43836307525635,"Unknown"
"7014857",371856,2025-09-23 18:51:07,43.1715850830078,-8.43839359283447,"Unknown"
"7014857",371856,2025-09-23 18:56:06,43.171630859375,-8.43835067749023,"Unknown"
"7014857",371856,2025-09-23 19:01:09,43.171760559082,-8.43830394744873,"Unknown"
"7014857",371856,2025-09-23 19:06:48,43.1716804504395,-8.43834114074707,"Unknown"
"7014857",371856,2025-09-24 00:07:05,43.1718521118164,-8.43823337554932,"Unknown"
"7014857",371856,2025-09-24 04:47:59,43.1716537475586,-8.43829441070557,"Unknown"
"7014857",371856,2025-09-24 04:52:23,43.1714324951172,-8.43834114074707,"Unknown"
"7014857",371856,2025-09-24 04:57:23,43.1716156005859,-8.43832492828369,"Unknown"
"7014857",371856,2025-09-24 05:02:23,43.1715850830078,-8.43837070465088,"Unknown"
"7014857",371856,2025-09-24 05:07:24,43.1717147827148,-8.43819618225098,"Unknown"
"7014857",371856,2025-09-24 05:12:24,43.1716613769531,-8.43823909759521,"Unknown"
"7014857",371856,2025-09-24 05:17:23,43.1715354919434,-8.43823051452637,"Unknown"
"7014857",371856,2025-09-24 05:22:23,43.171688079834,-8.4382495880127,"Unknown"
"7014857",371856,2025-09-24 05:27:24,43.1716842651367,-8.43797779083252,"Unknown"
"7014857",371856,2025-09-24 05:32:24,43.171630859375,-8.43838214874268,"Unknown"
"7014857",371856,2025-09-24 05:37:24,43.1716384887695,-8.43819808959961,"Unknown"
"7014857",371856,2025-09-24 05:42:24,43.1713218688965,-8.43813800811768,"Unknown"
"7014857",371856,2025-09-24 05:47:24,43.171516418457,-8.43827247619629,"Unknown"
"7014857",371856,2025-09-24 05:52:24,43.1715965270996,-8.4382848739624,"Unknown"
"7014857",371856,2025-09-24 05:57:25,43.1716423034668,-8.43802738189697,"Unknown"
"7014857",371856,2025-09-24 06:02:24,43.1715049743652,-8.43749523162842,"Unknown"
"7014857",371856,2025-09-24 06:07:24,43.171516418457,-8.4380407333374,"Unknown"
"7014857",371856,2025-09-24 06:12:24,43.1717185974121,-8.4378080368042,"Unknown"
"7014857",371856,2025-09-24 06:17:25,43.1714782714844,-8.43773174285889,"Unknown"
"7014857",371856,2025-09-24 06:22:27,43.1715965270996,-8.43831825256348,"Unknown"
"7014857",371856,2025-09-24 06:27:33,43.1719932556152,-8.44550323486328,"Unknown"
"7014857",371856,2025-09-24 06:32:24,43.1718521118164,-8.44542789459229,"Unknown"
"7014857",371856,2025-09-24 06:37:36,43.172420501709,-8.44501972198486,"Unknown"
"7014857",371856,2025-09-24 06:42:25,43.1724052429199,-8.44496917724609,"Unknown"
"7014857",371856,2025-09-24 06:47:42,43.172435760498,-8.44501495361328,"Unknown"
"7014857",371856,2025-09-24 06:52:23,43.1724166870117,-8.44502067565918,"Unknown"
"7014857",371856,2025-09-24 06:57:24,43.1723785400391,-8.44491291046143,"Unknown"
"7014857",371856,2025-09-24 07:02:24,43.1723213195801,-8.44491863250732,"Unknown"
"7014857",371856,2025-09-24 07:07:24,43.1723594665527,-8.44506740570068,"Unknown"
"7014857",371856,2025-09-24 07:12:24,43.1722869873047,-8.44521045684814,"Unknown"
"7014857",371856,2025-09-24 07:17:24,43.1723365783691,-8.44529724121094,"Unknown"
"7014857",371856,2025-09-24 07:22:25,43.1724166870117,-8.44538116455078,"Unknown"
"7014857",371856,2025-09-24 07:27:24,43.1550254821777,-8.45695972442627,"Unknown"
"7014857",371856,2025-09-24 07:32:26,43.130916595459,-8.47159576416016,"Unknown"
"7014857",371856,2025-09-24 07:37:29,43.1309509277344,-8.47146701812744,"Unknown"
"7014857",371856,2025-09-24 07:42:24,43.1309623718262,-8.47165203094482,"Unknown"
"7014857",371856,2025-09-24 07:47:24,43.1309852600098,-8.47158336639404,"Unknown"
"7014857",371856,2025-09-24 07:52:24,43.130916595459,-8.4716157913208,"Unknown"
"7014857",371856,2025-09-24 07:57:29,43.1299781799316,-8.4718542098999,"Unknown"
"7014857",371856,2025-09-24 08:02:29,43.1300315856934,-8.47184085845947,"Unknown"
"7014857",371856,2025-09-24 08:07:29,43.1300926208496,-8.47184658050537,"Unknown"
"7014857",371856,2025-09-24 08:12:41,43.1298561096191,-8.47175598144531,"Unknown"
"7014857",371856,2025-09-24 08:17:24,43.1299667358398,-8.4719123840332,"Unknown"
"7014857",371856,2025-09-24 08:22:26,43.1298789978027,-8.4718770980835,"Unknown"
"7014857",371856,2025-09-24 08:27:24,43.1298484802246,-8.47178554534912,"Unknown"
"7014857",371856,2025-09-24 08:32:24,43.1300430297852,-8.47195720672607,"Unknown"
"7014857",371856,2025-09-24 08:37:27,43.1298332214355,-8.47179794311523,"Unknown"
"7014857",371856,2025-09-24 08:42:30,43.129997253418,-8.4719877243042,"Unknown"
"7014857",371856,2025-09-24 08:47:44,43.1299209594727,-8.47183609008789,"Unknown"
"7014857",371856,2025-09-24 08:52:26,43.1300239562988,-8.47305965423584,"Unknown"
"7014857",371856,2025-09-24 08:57:24,43.1299591064453,-8.47208690643311,"Unknown"
"7014857",371856,2025-09-24 09:02:26,43.1300239562988,-8.47223091125488,"Unknown"
"7014857",371856,2025-09-24 09:07:24,43.1300239562988,-8.47205638885498,"Unknown"
"7014857",371856,2025-09-24 09:12:24,43.1303558349609,-8.47409439086914,"Unknown"
"7014857",371856,2025-09-24 09:17:31,43.1332588195801,-8.46945381164551,"Unknown"
"7014857",371856,2025-09-24 09:22:27,43.1330871582031,-8.46926212310791,"Unknown"
"7014857",371856,2025-09-24 09:27:29,43.1332206726074,-8.46983242034912,"Unknown"
"7014857",371856,2025-09-24 09:32:44,43.1331062316895,-8.46935749053955,"Unknown"
"7014857",371856,2025-09-24 09:37:27,43.1331901550293,-8.46928024291992,"Unknown"
"7014857",371856,2025-09-24 09:42:28,43.1332397460938,-8.46944427490234,"Unknown"
"7014857",371856,2025-09-24 09:47:28,43.1332550048828,-8.46988964080811,"Unknown"
"7014857",371856,2025-09-24 09:52:27,43.1338081359863,-8.46951866149902,"Unknown"
"7014857",371856,2025-09-24 09:57:34,43.133960723877,-8.46854400634766,"Unknown"
"7014857",371856,2025-09-24 10:02:30,43.1339721679688,-8.4685583114624,"Unknown"
"7014857",371856,2025-09-24 10:07:31,43.1338424682617,-8.46830558776855,"Unknown"
"7014857",371856,2025-09-24 10:12:33,43.1338806152344,-8.46839332580566,"Unknown"
"7014857",371856,2025-09-24 10:17:27,43.1337852478027,-8.46830177307129,"Unknown"
"7014857",371856,2025-09-24 10:22:28,43.133861541748,-8.46870708465576,"Unknown"
"7014857",371856,2025-09-24 10:27:30,43.1339340209961,-8.46985340118408,"Unknown"
"7014857",371856,2025-09-24 10:32:44,43.1333885192871,-8.46889400482178,"Unknown"
"7014857",371856,2025-09-24 10:37:24,43.1333122253418,-8.46893978118896,"Unknown"
"7014857",371856,2025-09-24 10:42:24,43.1333694458008,-8.46892738342285,"Unknown"
"7014857",371856,2025-09-24 10:47:24,43.1333236694336,-8.46895408630371,"Unknown"
"7014857",371856,2025-09-24 10:52:24,43.1333465576172,-8.46894550323486,"Unknown"
"7014857",371856,2025-09-24 10:57:24,43.1330718994141,-8.46910095214844,"Unknown"
"7014857",371856,2025-09-24 11:02:24,43.1332550048828,-8.46884441375732,"Unknown"
"7014857",371856,2025-09-24 11:07:24,43.1333045959473,-8.46889686584473,"Unknown"
"7014857",371856,2025-09-24 11:12:24,43.1333847045898,-8.4689245223999,"Unknown"
"7014857",371856,2025-09-24 11:17:24,43.1331634521484,-8.46883010864258,"Unknown"
"7014857",371856,2025-09-24 11:22:25,43.133129119873,-8.46881771087646,"Unknown"
"7014857",371856,2025-09-24 11:27:27,43.133373260498,-8.4689302444458,"Unknown"
"7014857",371856,2025-09-24 11:32:59,43.1333427429199,-8.46904468536377,"Unknown"
"7014857",371856,2025-09-24 11:37:25,43.1333160400391,-8.4690523147583,"Unknown"
"7014857",371856,2025-09-24 11:42:24,43.1333961486816,-8.46900939941406,"Unknown"
"7014857",371856,2025-09-24 11:47:24,43.1334457397461,-8.46900081634521,"Unknown"
"7014857",371856,2025-09-24 11:52:25,43.1334457397461,-8.46902084350586,"Unknown"
"7014857",371856,2025-09-24 11:57:24,43.1333808898926,-8.46901512145996,"Unknown"
"7014857",371856,2025-09-24 12:02:24,43.1333808898926,-8.46921348571777,"Unknown"
"7014857",371856,2025-09-24 12:07:27,43.1336288452148,-8.46881580352783,"Unknown"
"7014857",371856,2025-09-24 12:12:25,43.1336059570312,-8.46870803833008,"Unknown"
"7014857",371856,2025-09-24 12:17:25,43.1339492797852,-8.46886920928955,"Unknown"
"7014857",371856,2025-09-24 12:22:25,43.1339721679688,-8.46888542175293,"Unknown"
"7014857",371856,2025-09-24 12:27:25,43.1334800720215,-8.46856117248535,"Unknown"
"7014857",371856,2025-09-24 12:32:25,43.1334457397461,-8.46910667419434,"Unknown"
"7014857",371856,2025-09-24 12:37:27,43.1334838867188,-8.46903324127197,"Unknown"
"7014857",371856,2025-09-24 12:42:25,43.1335372924805,-8.46887397766113,"Unknown"
"7014857",371856,2025-09-24 12:47:26,43.133358001709,-8.46912384033203,"Unknown"
"7014857",371856,2025-09-24 12:52:25,43.1333999633789,-8.46896457672119,"Unknown"
"7014857",371856,2025-09-24 12:57:25,43.1333351135254,-8.4690408706665,"Unknown"
"7014857",371856,2025-09-24 13:02:25,43.13330078125,-8.46901512145996,"Unknown"
"7014857",371856,2025-09-24 13:07:25,43.1333770751953,-8.46902847290039,"Unknown"
"7014857",371856,2025-09-24 13:12:25,43.1333236694336,-8.46903705596924,"Unknown"
"7014857",371856,2025-09-24 13:17:25,43.1333923339844,-8.46899795532227,"Unknown"
"7014857",371856,2025-09-24 13:22:26,43.1333503723145,-8.46898937225342,"Unknown"
"7014857",371856,2025-09-24 13:27:25,43.1333770751953,-8.46900749206543,"Unknown"
"7014857",371856,2025-09-24 13:32:25,43.1333999633789,-8.46898746490479,"Unknown"
"7014857",371856,2025-09-24 13:37:26,43.1333198547363,-8.46903896331787,"Unknown"
"7014857",371856,2025-09-24 13:42:26,43.1333236694336,-8.46897315979004,"Unknown"
"7014857",371856,2025-09-24 13:47:25,43.1333198547363,-8.46898937225342,"Unknown"
"7014857",371856,2025-09-24 13:52:25,43.1329154968262,-8.4687442779541,"Unknown"
"7014857",371856,2025-09-24 13:57:25,43.1305389404297,-8.47139167785645,"Unknown"
"7014857",371856,2025-09-24 14:02:25,43.1300201416016,-8.47171878814697,"Unknown"
"7014857",371856,2025-09-24 14:07:26,43.130054473877,-8.47186756134033,"Unknown"
"7014857",371856,2025-09-24 14:12:25,43.1299743652344,-8.47172451019287,"Unknown"
"7014857",371856,2025-09-24 14:17:26,43.1303329467773,-8.47157764434814,"Unknown"
"7014857",371856,2025-09-24 14:22:26,43.1299781799316,-8.47165012359619,"Unknown"
"7014857",371856,2025-09-24 14:27:26,43.1300048828125,-8.47163772583008,"Unknown"
"7014857",371856,2025-09-24 14:32:26,43.1300468444824,-8.47157859802246,"Unknown"
"7014857",371856,2025-09-24 14:37:26,43.1300201416016,-8.47151660919189,"Unknown"
"7014857",371856,2025-09-24 14:42:26,43.1300926208496,-8.47172737121582,"Unknown"
"7014857",371856,2025-09-24 14:47:27,43.1301460266113,-8.47166728973389,"Unknown"
"7014857",371856,2025-09-24 14:52:27,43.1303329467773,-8.47179698944092,"Unknown"
"7014857",371856,2025-09-24 14:57:27,43.1303405761719,-8.47178554534912,"Unknown"
"7014857",371856,2025-09-24 15:02:25,43.130256652832,-8.47171115875244,"Unknown"
"7014857",371856,2025-09-24 15:07:26,43.1302680969238,-8.47186851501465,"Unknown"
"7014857",371856,2025-09-24 15:12:27,43.1309585571289,-8.47091388702393,"Unknown"
"7014857",371856,2025-09-24 15:17:27,43.1306076049805,-8.47128200531006,"Unknown"
"7014857",371856,2025-09-24 15:22:26,43.1219520568848,-8.48232841491699,"Unknown"
"7014857",371856,2025-09-24 15:27:25,43.099479675293,-8.49661350250244,"Unknown"
"7014857",371856,2025-09-24 15:32:26,43.0993270874023,-8.49641418457031,"Unknown"
"7014857",371856,2025-09-24 15:37:28,43.0970916748047,-8.49999332427979,"Unknown"
"7014857",371856,2025-09-24 15:42:28,43.1070137023926,-8.49217796325684,"Unknown"
"7014857",371856,2025-09-24 15:47:37,43.1302070617676,-8.46957778930664,"Unknown"
"7014857",371856,2025-09-24 15:52:39,43.1302871704102,-8.46965217590332,"Unknown"
"7014857",371856,2025-09-24 15:57:36,43.130313873291,-8.46959686279297,"Unknown"
"7014857",371856,2025-09-24 16:02:41,43.1299438476562,-8.46976661682129,"Unknown"
"7014857",371856,2025-09-24 16:07:26,43.1298904418945,-8.469801902771,"Unknown"
"7014857",371856,2025-09-24 16:12:27,43.1299514770508,-8.46978950500488,"Unknown"
"7014857",371856,2025-09-24 16:17:26,43.1300468444824,-8.4698371887207,"Unknown"
"7014857",371856,2025-09-24 16:22:25,43.1299018859863,-8.46976757049561,"Unknown"
"7014857",371856,2025-09-24 16:27:25,43.1298789978027,-8.47080421447754,"Unknown"
"7014857",371856,2025-09-24 16:32:26,43.130298614502,-8.47118091583252,"Unknown"
"7014857",371856,2025-09-24 16:37:27,43.1301116943359,-8.47146034240723,"Unknown"
"7014857",371856,2025-09-24 16:42:27,43.1300048828125,-8.47141933441162,"Unknown"
"7014857",371856,2025-09-24 16:47:26,43.1301383972168,-8.47152042388916,"Unknown"
"7014857",371856,2025-09-24 16:52:35,43.1301383972168,-8.47158241271973,"Unknown"
"7014857",371856,2025-09-24 16:57:26,43.1303100585938,-8.47155284881592,"Unknown"
"7014857",371856,2025-09-24 17:02:26,43.1327133178711,-8.46847915649414,"Unknown"
"7014857",371856,2025-09-24 17:07:26,43.132396697998,-8.46881580352783,"Unknown"
"7014857",371856,2025-09-24 17:12:26,43.1323547363281,-8.4687671661377,"Unknown"
"7014857",371856,2025-09-24 17:17:26,43.1324424743652,-8.46873092651367,"Unknown"
"7014857",371856,2025-09-24 17:22:27,43.1323738098145,-8.46878147125244,"Unknown"
"7014857",371856,2025-09-24 17:27:30,43.1321334838867,-8.47119331359863,"Unknown"
"7014857",371856,2025-09-24 17:32:31,43.132396697998,-8.46893119812012,"Unknown"
"7014857",371856,2025-09-24 17:37:36,43.1324195861816,-8.46927070617676,"Unknown"
"7014857",371856,2025-09-24 17:42:36,43.1323623657227,-8.46926498413086,"Unknown"
"7014857",371856,2025-09-24 17:47:33,43.132381439209,-8.46959018707275,"Unknown"
"7014857",371856,2025-09-24 17:52:33,43.1322746276855,-8.47005558013916,"Unknown"
"7014857",371856,2025-09-24 17:57:41,43.1322708129883,-8.46945476531982,"Unknown"
"7014857",371856,2025-09-24 18:02:28,43.1320343017578,-8.46925354003906,"Unknown"
"7014857",371856,2025-09-24 18:07:28,43.132022857666,-8.46895503997803,"Unknown"
"7014857",371856,2025-09-24 18:12:28,43.1320343017578,-8.46879291534424,"Unknown"
"7014857",371856,2025-09-24 18:17:35,43.1318893432617,-8.46916580200195,"Unknown"
"7014857",371856,2025-09-24 18:22:30,43.1318626403809,-8.46907043457031,"Unknown"
"7014857",371856,2025-09-24 18:27:36,43.1317405700684,-8.46916580200195,"Unknown"
"7014857",371856,2025-09-24 18:33:13,43.1352043151855,-8.47043037414551,"Unknown"
"7014857",371856,2025-09-24 18:38:00,43.1465873718262,-8.46926784515381,"Unknown"
"7014857",371856,2025-09-24 18:42:33,43.1643905639648,-8.46017169952393,"Unknown"
"7014857",371856,2025-09-24 18:47:59,43.1725234985352,-8.4451732635498,"Unknown"
"7014857",371856,2025-09-24 18:52:31,43.1724472045898,-8.44547271728516,"Unknown"
"7014857",371856,2025-09-24 18:57:30,43.1713066101074,-8.43726062774658,"Unknown"
"7014857",371856,2025-09-24 19:02:28,43.1717224121094,-8.43734931945801,"Unknown"
"7014857",371856,2025-09-24 19:05:00,43.1717987060547,-8.43760299682617,"Unknown"
"7014857",371856,2025-09-25 00:05:35,43.1726303100586,-8.43882083892822,"Unknown"
"7014857",371856,2025-09-25 04:48:50,43.1725616455078,-8.438157081604,"Unknown"
"7014857",371856,2025-09-25 04:53:51,43.1725387573242,-8.43820762634277,"Unknown"
"7014857",371856,2025-09-25 04:58:45,43.1725959777832,-8.43840789794922,"Unknown"
"7014857",371856,2025-09-25 05:03:42,43.1725387573242,-8.43820858001709,"Unknown"
"7014857",371856,2025-09-25 05:08:43,43.1727714538574,-8.43841743469238,"Unknown"
"7014857",371856,2025-09-25 05:14:05,43.1725997924805,-8.43830013275146,"Unknown"
"7014857",371856,2025-09-25 05:18:40,43.1724128723145,-8.43820476531982,"Unknown"
"7014857",371856,2025-09-25 05:23:40,43.1725006103516,-8.43821239471436,"Unknown"
"7014857",371856,2025-09-25 05:28:41,43.1725616455078,-8.43813323974609,"Unknown"
"7014857",371856,2025-09-25 05:33:40,43.1726112365723,-8.43835830688477,"Unknown"
"7014857",371856,2025-09-25 05:38:40,43.1725616455078,-8.43793964385986,"Unknown"
"7014857",371856,2025-09-25 05:43:40,43.1725730895996,-8.43813991546631,"Unknown"
"7014857",371856,2025-09-25 05:48:42,43.172477722168,-8.43774700164795,"Unknown"
"7014857",371856,2025-09-25 05:53:55,43.172737121582,-8.43828773498535,"Unknown"
"7014857",371856,2025-09-25 05:58:41,43.1726417541504,-8.43809413909912,"Unknown"
"7014857",371856,2025-09-25 06:03:40,43.1727485656738,-8.43810844421387,"Unknown"
"7014857",371856,2025-09-25 06:08:41,43.1727867126465,-8.43814468383789,"Unknown"
"7014857",371856,2025-09-25 06:13:42,43.1729888916016,-8.43828296661377,"Unknown"
"7014857",371856,2025-09-25 06:19:05,43.1725387573242,-8.44571018218994,"Unknown"
"7014857",371856,2025-09-25 06:23:41,43.172435760498,-8.44616794586182,"Unknown"
"7014857",371856,2025-09-25 06:28:40,43.1721611022949,-8.44431591033936,"Unknown"
"7014857",371856,2025-09-25 06:33:40,43.1721343994141,-8.4447135925293,"Unknown"
"7014857",371856,2025-09-25 06:38:41,43.1722869873047,-8.44500350952148,"Unknown"
"7014857",371856,2025-09-25 06:43:41,43.1724052429199,-8.44500350952148,"Unknown"
"7014857",371856,2025-09-25 06:48:40,43.1722602844238,-8.44497299194336,"Unknown"
"7014857",371856,2025-09-25 06:53:40,43.1721954345703,-8.44513511657715,"Unknown"
"7014857",371856,2025-09-25 06:58:40,43.1721801757812,-8.44506168365479,"Unknown"
"7014857",371856,2025-09-25 07:03:41,43.1711463928223,-8.44491577148438,"Unknown"
"7014857",371856,2025-09-25 07:08:43,43.1721534729004,-8.44536113739014,"Unknown"
"7014857",371856,2025-09-25 07:13:41,43.1721725463867,-8.44538307189941,"Unknown"
"7014857",371856,2025-09-25 07:18:40,43.1721305847168,-8.44532012939453,"Unknown"
"7014857",371856,2025-09-25 07:23:47,43.1721382141113,-8.44451713562012,"Unknown"
"7014857",371856,2025-09-25 07:28:40,43.1721153259277,-8.44453048706055,"Unknown"
"7014857",371856,2025-09-25 07:33:40,43.1721382141113,-8.44453144073486,"Unknown"
"7014857",371856,2025-09-25 07:38:40,43.1721534729004,-8.4445915222168,"Unknown"
"7014857",371856,2025-09-25 07:43:40,43.1721496582031,-8.44457244873047,"Unknown"
"7014857",371856,2025-09-25 07:48:40,43.1722450256348,-8.44453907012939,"Unknown"
"7014857",371856,2025-09-25 07:53:42,43.1721878051758,-8.44454669952393,"Unknown"
"7014857",371856,2025-09-25 07:58:42,43.1719818115234,-8.44439888000488,"Unknown"
"7014857",371856,2025-09-25 08:03:42,43.1721649169922,-8.44452095031738,"Unknown"
"7014857",371856,2025-09-25 08:08:42,43.1721038818359,-8.44452953338623,"Unknown"
"7014857",371856,2025-09-25 08:13:40,43.1721458435059,-8.44449996948242,"Unknown"
"7014857",371856,2025-09-25 08:18:41,43.1722412109375,-8.44455909729004,"Unknown"
"7014857",371856,2025-09-25 08:23:40,43.1722145080566,-8.44457817077637,"Unknown"
"7014857",371856,2025-09-25 08:28:41,43.1720428466797,-8.44440364837646,"Unknown"
"7014857",371856,2025-09-25 08:33:41,43.1714363098145,-8.44403266906738,"Unknown"
"7014857",371856,2025-09-25 08:38:42,43.1716690063477,-8.44415473937988,"Unknown"
"7014857",371856,2025-09-25 08:43:41,43.1720771789551,-8.44443702697754,"Unknown"
"7014857",371856,2025-09-25 08:48:42,43.1719436645508,-8.44468688964844,"Unknown"
"7014857",371856,2025-09-25 08:53:45,43.1720352172852,-8.44475650787354,"Unknown"
"7014857",371856,2025-09-25 08:58:48,43.172061920166,-8.44476699829102,"Unknown"
"7014857",371856,2025-09-25 09:03:47,43.172061920166,-8.444748878479,"Unknown"
"7014857",371856,2025-09-25 09:08:47,43.1721725463867,-8.44451236724854,"Unknown"
"7014857",371856,2025-09-25 09:13:42,43.1730155944824,-8.44518756866455,"Unknown"
"7014857",371856,2025-09-25 09:18:41,43.1727180480957,-8.44500064849854,"Unknown"
"7014857",371856,2025-09-25 09:23:41,43.1726913452148,-8.44501781463623,"Unknown"
"7014857",371856,2025-09-25 09:28:41,43.172794342041,-8.44502735137939,"Unknown"
"7014857",371856,2025-09-25 09:33:41,43.1726913452148,-8.44497108459473,"Unknown"
"7014857",371856,2025-09-25 09:38:48,43.172737121582,-8.44493103027344,"Unknown"
"7014857",371856,2025-09-25 09:43:43,43.1726913452148,-8.44506549835205,"Unknown"
"7014857",371856,2025-09-25 09:48:46,43.1725959777832,-8.44519329071045,"Unknown"
"7014857",371856,2025-09-25 09:53:45,43.1725463867188,-8.44532871246338,"Unknown"
"7014857",371856,2025-09-25 09:58:48,43.1724624633789,-8.44545936584473,"Unknown"
"7014857",371856,2025-09-25 10:03:48,43.172248840332,-8.4451904296875,"Unknown"
"7014857",371856,2025-09-25 10:08:48,43.172191619873,-8.44515705108643,"Unknown"
"7014857",371856,2025-09-25 10:13:48,43.172176361084,-8.4452657699585,"Unknown"
"7014857",371856,2025-09-25 10:18:48,43.1721076965332,-8.44523525238037,"Unknown"
"7014857",371856,2025-09-25 10:23:41,43.1720275878906,-8.44544887542725,"Unknown"
"7014857",371856,2025-09-25 10:28:41,43.1726684570312,-8.44428253173828,"Unknown"
"7014857",371856,2025-09-25 10:33:41,43.1725883483887,-8.44446182250977,"Unknown"
"7014857",371856,2025-09-25 10:38:40,43.1723785400391,-8.44470500946045,"Unknown"
"7014857",371856,2025-09-25 10:43:40,43.1723670959473,-8.44471168518066,"Unknown"
"7014857",371856,2025-09-25 10:48:40,43.17236328125,-8.4448356628418,"Unknown"
"7014857",371856,2025-09-25 10:53:41,43.1723175048828,-8.4447193145752,"Unknown"
"7014857",371856,2025-09-25 10:58:41,43.1723213195801,-8.44493675231934,"Unknown"
"7014857",371856,2025-09-25 11:03:41,43.172233581543,-8.44482421875,"Unknown"
"7014857",371856,2025-09-25 11:08:42,43.172248840332,-8.44466304779053,"Unknown"
"7014857",371856,2025-09-25 11:13:42,43.172233581543,-8.44475746154785,"Unknown"
"7014857",371856,2025-09-25 11:18:40,43.1722145080566,-8.44482421875,"Unknown"
"7014857",371856,2025-09-25 11:23:40,43.1722183227539,-8.4448127746582,"Unknown"
"7014857",371856,2025-09-25 11:28:40,43.1722602844238,-8.4448413848877,"Unknown"
"7014857",371856,2025-09-25 11:33:40,43.172191619873,-8.444748878479,"Unknown"
"7014857",371856,2025-09-25 11:38:40,43.1721572875977,-8.44476318359375,"Unknown"
"7014857",371856,2025-09-25 11:43:40,43.1721992492676,-8.44473361968994,"Unknown"
"7014857",371856,2025-09-25 11:48:47,43.1721305847168,-8.44467639923096,"Unknown"
"7014857",371856,2025-09-25 11:53:40,43.1723098754883,-8.44486904144287,"Unknown"
"7014857",371856,2025-09-25 11:58:40,43.172290802002,-8.44485759735107,"Unknown"
"7014857",371856,2025-09-25 12:03:43,43.1723556518555,-8.44487762451172,"Unknown"
"7014857",371856,2025-09-25 12:09:05,43.1720771789551,-8.44490909576416,"Unknown"
"7014857",371856,2025-09-25 12:13:40,43.1721076965332,-8.44506549835205,"Unknown"
"7014857",371856,2025-09-25 12:18:40,43.1720886230469,-8.44504070281982,"Unknown"
"7014857",371856,2025-09-25 12:23:40,43.172061920166,-8.44500160217285,"Unknown"
"7014857",371856,2025-09-25 12:28:40,43.1719932556152,-8.44496726989746,"Unknown"
"7014857",371856,2025-09-25 12:33:40,43.1718711853027,-8.44473648071289,"Unknown"
"7014857",371856,2025-09-25 12:38:40,43.1720390319824,-8.4450216293335,"Unknown"
"7014857",371856,2025-09-25 12:43:40,43.1720275878906,-8.44506072998047,"Unknown"
"7014857",371856,2025-09-25 12:48:40,43.1720504760742,-8.44501399993896,"Unknown"
"7014857",371856,2025-09-25 12:53:40,43.1718788146973,-8.44522285461426,"Unknown"
"7014857",371856,2025-09-25 12:58:40,43.1718673706055,-8.44519710540771,"Unknown"
"7014857",371856,2025-09-25 13:03:40,43.1719169616699,-8.44516372680664,"Unknown"
"7014857",371856,2025-09-25 13:08:40,43.1719055175781,-8.44516658782959,"Unknown"
"7014857",371856,2025-09-25 13:13:41,43.1719169616699,-8.44516372680664,"Unknown"
"7014857",371856,2025-09-25 13:18:40,43.1719360351562,-8.44509792327881,"Unknown"
"7014857",371856,2025-09-25 13:23:41,43.1726188659668,-8.4462366104126,"Unknown"
"7014857",371856,2025-09-25 13:28:42,43.1725997924805,-8.44644355773926,"Unknown"
"7014857",371856,2025-09-25 13:33:40,43.1717910766602,-8.44506454467773,"Unknown"
"7014857",371856,2025-09-25 13:38:40,43.1718902587891,-8.44520568847656,"Unknown"
"7014857",371856,2025-09-25 13:43:40,43.1718788146973,-8.4452543258667,"Unknown"
"7014857",371856,2025-09-25 13:48:41,43.1717910766602,-8.44497966766357,"Unknown"
"7014857",371856,2025-09-25 13:53:41,43.171745300293,-8.44490909576416,"Unknown"
"7014857",371856,2025-09-25 13:58:40,43.1716384887695,-8.44497394561768,"Unknown"
"7014857",371856,2025-09-25 14:03:41,43.1716842651367,-8.44492721557617,"Unknown"
"7014857",371856,2025-09-25 14:08:40,43.1716728210449,-8.4449291229248,"Unknown"
"7014857",371856,2025-09-25 14:13:40,43.1717147827148,-8.44485473632812,"Unknown"
"7014857",371856,2025-09-25 14:18:40,43.1716346740723,-8.44475555419922,"Unknown"
"7014857",371856,2025-09-25 14:23:40,43.1716575622559,-8.44479465484619,"Unknown"
"7014857",371856,2025-09-25 14:28:40,43.1716270446777,-8.44466018676758,"Unknown"
"7014857",371856,2025-09-25 14:33:41,43.1716232299805,-8.44474506378174,"Unknown"
"7014857",371856,2025-09-25 14:38:40,43.1713409423828,-8.44434070587158,"Unknown"
"7014857",371856,2025-09-25 14:43:40,43.1720314025879,-8.44523239135742,"Unknown"
"7014857",371856,2025-09-25 14:48:40,43.1715774536133,-8.44461917877197,"Unknown"
"7014857",371856,2025-09-25 14:53:40,43.1716194152832,-8.44453144073486,"Unknown"
"7014857",371856,2025-09-25 14:58:40,43.1716957092285,-8.44480037689209,"Unknown"
"7014857",371856,2025-09-25 15:03:41,43.1716804504395,-8.4447546005249,"Unknown"
"7014857",371856,2025-09-25 15:08:40,43.1723022460938,-8.44568824768066,"Unknown"
"7014857",371856,2025-09-25 15:13:41,43.1807746887207,-8.43276405334473,"Unknown"
"7014857",371856,2025-09-25 15:18:41,43.1933670043945,-8.42202186584473,"Unknown"
"7014857",371856,2025-09-25 15:23:42,43.1938552856445,-8.42271518707275,"Unknown"
"7014857",371856,2025-09-25 15:28:43,43.1888961791992,-8.42172145843506,"Unknown"
"7014857",371856,2025-09-25 15:34:14,43.1895942687988,-8.42358016967773,"Unknown"
"7014857",371856,2025-09-25 15:38:40,43.185733795166,-8.42186260223389,"Unknown"
"7014857",371856,2025-09-25 15:43:43,43.1873741149902,-8.42255687713623,"Unknown"
"7014857",371856,2025-09-25 15:48:40,43.1709022521973,-8.43846797943115,"Unknown"
"7014857",371856,2025-09-25 15:53:41,43.1706428527832,-8.43859100341797,"Unknown"
"7014857",371856,2025-09-25 15:58:43,43.1702613830566,-8.43862438201904,"Unknown"
"7014857",371856,2025-09-25 16:03:40,43.1702156066895,-8.43848896026611,"Unknown"
"7014857",371856,2025-09-25 16:08:40,43.1705093383789,-8.43783569335938,"Unknown"
"7014857",371856,2025-09-25 16:13:47,43.1709899902344,-8.43843460083008,"Unknown"
"7014857",371856,2025-09-25 16:18:40,43.1698951721191,-8.43899059295654,"Unknown"
"7014857",371856,2025-09-25 16:23:40,43.1704444885254,-8.43763256072998,"Unknown"
"7014857",371856,2025-09-25 16:28:40,43.170467376709,-8.43773365020752,"Unknown"
"7014857",371856,2025-09-25 16:33:40,43.1704483032227,-8.4378547668457,"Unknown"
"7014857",371856,2025-09-25 16:38:41,43.1706428527832,-8.43740940093994,"Unknown"
"7014857",371856,2025-09-25 16:43:40,43.1704559326172,-8.43767166137695,"Unknown"
"7014857",371856,2025-09-25 16:48:41,43.1706390380859,-8.43754196166992,"Unknown"
"7014857",371856,2025-09-25 16:53:40,43.1706848144531,-8.43745231628418,"Unknown"
"7014857",371856,2025-09-25 16:58:40,43.1706008911133,-8.43772602081299,"Unknown"
"7014857",371856,2025-09-25 17:03:41,43.1704940795898,-8.43800830841064,"Unknown"
"7014857",371856,2025-09-25 17:08:40,43.1705017089844,-8.43804454803467,"Unknown"
"7014857",371856,2025-09-25 17:13:42,43.1704559326172,-8.43806934356689,"Unknown"
"7014857",371856,2025-09-25 17:18:40,43.1804275512695,-8.44377613067627,"Unknown"
"7014857",371856,2025-09-25 17:23:40,43.2024688720703,-8.44737148284912,"Unknown"
"7014857",371856,2025-09-25 17:28:40,43.2239379882812,-8.45492839813232,"Unknown"
"7014857",371856,2025-09-25 17:33:40,43.2436561584473,-8.46337890625,"Unknown"
"7014857",371856,2025-09-25 17:38:40,43.2732543945312,-8.4710693359375,"Unknown"
"7014857",371856,2025-09-25 17:43:40,43.2991333007812,-8.4984769821167,"Unknown"
"7014857",371856,2025-09-25 17:48:40,43.3282623291016,-8.51646327972412,"Unknown"
"7014857",371856,2025-09-25 17:53:46,43.3534393310547,-8.52024936676025,"Unknown"
"7014857",371856,2025-09-25 17:58:40,43.3551139831543,-8.51611995697021,"Unknown"
"7014857",371856,2025-09-25 18:03:40,43.3550720214844,-8.51628971099854,"Unknown"
"7014857",371856,2025-09-25 18:08:40,43.3550415039062,-8.51618766784668,"Unknown"
"7014857",371856,2025-09-25 18:13:42,43.355110168457,-8.51609516143799,"Unknown"
"7014857",371856,2025-09-25 18:18:40,43.3550682067871,-8.51623916625977,"Unknown"
"7014857",371856,2025-09-25 18:24:05,43.3553810119629,-8.51608276367188,"Unknown"
"7014857",371856,2025-09-25 18:28:40,43.3557014465332,-8.51591777801514,"Unknown"
"7014857",371856,2025-09-25 18:33:41,43.3555793762207,-8.51607894897461,"Unknown"
"7014857",371856,2025-09-25 18:38:40,43.3555564880371,-8.51604747772217,"Unknown"
"7014857",371856,2025-09-25 18:43:40,43.3555755615234,-8.5159797668457,"Unknown"
"7014857",371856,2025-09-25 18:48:42,43.357795715332,-8.52935028076172,"Unknown"
"7014857",371856,2025-09-25 18:53:41,43.3419952392578,-8.55055904388428,"Unknown"
"7014857",371856,2025-09-25 18:58:43,43.3423347473145,-8.55160140991211,"Unknown"
"7014857",371856,2025-09-25 19:03:43,43.3420486450195,-8.55280303955078,"Unknown"
"7014857",371856,2025-09-26 00:04:05,43.3524131774902,-8.58282566070557,"Unknown"
"7014857",371856,2025-09-26 04:50:09,43.3402328491211,-8.55085849761963,"Unknown"
"7014857",371856,2025-09-26 04:55:09,43.3402519226074,-8.55093383789062,"Unknown"
"7014857",371856,2025-09-26 05:00:09,43.3402786254883,-8.5511589050293,"Unknown"
"7014857",371856,2025-09-26 05:05:09,43.3401908874512,-8.55124568939209,"Unknown"
"7014857",371856,2025-09-26 05:10:09,43.3401069641113,-8.55126571655273,"Unknown"
"7014857",371856,2025-09-26 05:15:08,43.3400001525879,-8.55136108398438,"Unknown"
"7014857",371856,2025-09-26 05:20:09,43.3399467468262,-8.551589012146,"Unknown"
"7014857",371856,2025-09-26 05:25:09,43.3397598266602,-8.5517406463623,"Unknown"
"7014857",371856,2025-09-26 05:30:09,43.3393096923828,-8.55193996429443,"Unknown"
"7014857",371856,2025-09-26 05:35:09,43.3389472961426,-8.55211353302002,"Unknown"
"7014857",371856,2025-09-26 05:40:09,43.3387069702148,-8.55237102508545,"Unknown"
"7014857",371856,2025-09-26 05:45:09,43.3385810852051,-8.55265331268311,"Unknown"
"7014857",371856,2025-09-26 05:50:12,43.341251373291,-8.56700992584229,"Unknown"
"7014857",371856,2025-09-26 05:55:10,43.3385162353516,-8.61062431335449,"Unknown"
"7014857",371856,2025-09-26 06:00:12,43.3320388793945,-8.64774608612061,"Unknown"
"7014857",371856,2025-09-26 06:05:18,43.3376083374023,-8.67332744598389,"Unknown"
"7014857",371856,2025-09-26 06:10:15,43.3294372558594,-8.67654895782471,"Unknown"
"7014857",371856,2025-09-26 06:15:12,43.3223419189453,-8.68279933929443,"Unknown"
"7014857",371856,2025-09-26 06:20:17,43.3228302001953,-8.68278503417969,"Unknown"
"7014857",371856,2025-09-26 06:25:10,43.3221054077148,-8.68326568603516,"Unknown"
"7014857",371856,2025-09-26 06:30:10,43.3218841552734,-8.68407344818115,"Unknown"
"7014857",371856,2025-09-26 06:35:11,43.2959060668945,-8.69842624664307,"Unknown"
"7014857",371856,2025-09-26 06:40:09,43.2948150634766,-8.69957637786865,"Unknown"
"7014857",371856,2025-09-26 06:45:09,43.2947273254395,-8.699951171875,"Unknown"
"7014857",371856,2025-09-26 06:50:09,43.2944107055664,-8.69979286193848,"Unknown"
"7014857",371856,2025-09-26 06:55:09,43.2945175170898,-8.69989967346191,"Unknown"
"7014857",371856,2025-09-26 07:00:09,43.2944183349609,-8.70041656494141,"Unknown"
"7014857",371856,2025-09-26 07:05:09,43.2941436767578,-8.70075130462646,"Unknown"
"7014857",371856,2025-09-26 07:10:12,43.2941703796387,-8.70165157318115,"Unknown"
"7014857",371856,2025-09-26 07:15:09,43.2941360473633,-8.70206642150879,"Unknown"
"7014857",371856,2025-09-26 07:20:10,43.2941131591797,-8.70381450653076,"Unknown"
"7014857",371856,2025-09-26 07:25:04,43.2937850952148,-8.7046537399292,"Unknown"
"7014857",371856,2025-09-26 07:30:09,43.2938041687012,-8.70497989654541,"Unknown"
"7014857",371856,2025-09-26 07:35:09,43.293701171875,-8.70651721954346,"Unknown"
"7014857",371856,2025-09-26 07:40:08,43.2933006286621,-8.70750713348389,"Unknown"
"7014857",371856,2025-09-26 07:45:12,43.2934799194336,-8.70864200592041,"Unknown"
"7014857",371856,2025-09-26 07:50:07,43.2938232421875,-8.70918655395508,"Unknown"
"7014857",371856,2025-09-26 07:55:06,43.2938346862793,-8.70953559875488,"Unknown"
"7014857",371856,2025-09-26 08:00:06,43.2938270568848,-8.7097339630127,"Unknown"
"7014857",371856,2025-09-26 08:05:08,43.2934875488281,-8.71092796325684,"Unknown"
"7014857",371856,2025-09-26 08:10:09,43.2948951721191,-8.7222728729248,"Unknown"
"7014857",371856,2025-09-26 08:15:08,43.3020477294922,-8.76175403594971,"Unknown"
"7014857",371856,2025-09-26 08:20:07,43.3177337646484,-8.79837894439697,"Unknown"
"7014857",371856,2025-09-26 08:25:04,43.322395324707,-8.8034086227417,"Unknown"
"7014857",371856,2025-09-26 08:30:14,43.3225212097168,-8.8035831451416,"Unknown"
"7014857",371856,2025-09-26 08:35:10,43.3225250244141,-8.80362033843994,"Unknown"
"7014857",371856,2025-09-26 08:40:11,43.322380065918,-8.8034553527832,"Unknown"
"7014857",371856,2025-09-26 08:45:11,43.3223915100098,-8.80334949493408,"Unknown"
"7014857",371856,2025-09-26 08:50:10,43.3223190307617,-8.80326557159424,"Unknown"
"7014857",371856,2025-09-26 08:55:07,43.3223838806152,-8.80351543426514,"Unknown"
"7014857",371856,2025-09-26 09:00:04,43.3223915100098,-8.8035717010498,"Unknown"
"7014857",371856,2025-09-26 09:05:06,43.3223533630371,-8.8034839630127,"Unknown"
"7014857",371856,2025-09-26 09:10:06,43.322322845459,-8.80331707000732,"Unknown"
"7014857",371856,2025-09-26 09:15:08,43.3223266601562,-8.80352687835693,"Unknown"
"7014857",371856,2025-09-26 09:20:09,43.3222846984863,-8.80328369140625,"Unknown"
"7014857",371856,2025-09-26 09:25:09,43.3223609924316,-8.8034029006958,"Unknown"
"7014857",371856,2025-09-26 09:30:21,43.3223762512207,-8.8035135269165,"Unknown"
"7014857",371856,2025-09-26 09:35:14,43.3223037719727,-8.80332088470459,"Unknown"
"7014857",371856,2025-09-26 09:40:09,43.3223266601562,-8.80328178405762,"Unknown"
"7014857",371856,2025-09-26 09:45:08,43.3222579956055,-8.80320835113525,"Unknown"
"7014857",371856,2025-09-26 09:50:08,43.3223190307617,-8.80323028564453,"Unknown"
"7014857",371856,2025-09-26 09:55:07,43.3222808837891,-8.80329608917236,"Unknown"
"7014857",371856,2025-09-26 10:00:09,43.3223152160645,-8.80321025848389,"Unknown"
"7014857",371856,2025-09-26 10:05:09,43.3224105834961,-8.80331325531006,"Unknown"
"7014857",371856,2025-09-26 10:10:09,43.3223533630371,-8.80328559875488,"Unknown"
"7014857",371856,2025-09-26 10:15:21,43.3223495483398,-8.8032808303833,"Unknown"
"7014857",371856,2025-09-26 10:20:12,43.3222541809082,-8.80299091339111,"Unknown"
"7014857",371856,2025-09-26 10:25:10,43.3224182128906,-8.80362606048584,"Unknown"
"7014857",371856,2025-09-26 10:30:35,43.3224143981934,-8.80337142944336,"Unknown"
"7014857",371856,2025-09-26 10:35:07,43.3224754333496,-8.80334281921387,"Unknown"
"7014857",371856,2025-09-26 10:40:03,43.322437286377,-8.80333995819092,"Unknown"
"7014857",371856,2025-09-26 10:45:04,43.3224411010742,-8.80331325531006,"Unknown"
"7014857",371856,2025-09-26 10:50:04,43.3224411010742,-8.80330848693848,"Unknown"
"7014857",371856,2025-09-26 10:55:04,43.3224411010742,-8.80330562591553,"Unknown"
"7014857",371856,2025-09-26 11:00:03,43.3224105834961,-8.80317878723145,"Unknown"
"7014857",371856,2025-09-26 11:05:04,43.3223648071289,-8.80331516265869,"Unknown"
"7014857",371856,2025-09-26 11:10:04,43.3224220275879,-8.8032865524292,"Unknown"
"7014857",371856,2025-09-26 11:15:03,43.3224563598633,-8.80333042144775,"Unknown"
"7014857",371856,2025-09-26 11:20:04,43.3224105834961,-8.80328178405762,"Unknown"
"7014857",371856,2025-09-26 11:25:04,43.322452545166,-8.80326461791992,"Unknown"
"7014857",371856,2025-09-26 11:30:04,43.322437286377,-8.80329036712646,"Unknown"
"7014857",371856,2025-09-26 11:35:03,43.322437286377,-8.80334186553955,"Unknown"
"7014857",371856,2025-09-26 11:40:04,43.3224411010742,-8.80323505401611,"Unknown"
"7014857",371856,2025-09-26 11:45:04,43.3224449157715,-8.80325412750244,"Unknown"
"7014857",371856,2025-09-26 11:50:04,43.3224601745605,-8.80323219299316,"Unknown"
"7014857",371856,2025-09-26 11:55:04,43.3224182128906,-8.80324554443359,"Unknown"
"7014857",371856,2025-09-26 12:00:03,43.3225212097168,-8.80349922180176,"Unknown"
"7014857",371856,2025-09-26 12:05:35,43.3227272033691,-8.80410957336426,"Unknown"
"7014857",371856,2025-09-26 12:10:07,43.3228187561035,-8.80407524108887,"Unknown"
"7014857",371856,2025-09-26 12:15:08,43.3226318359375,-8.80401992797852,"Unknown"
"7014857",371856,2025-09-26 12:20:06,43.3227233886719,-8.80401992797852,"Unknown"
"7014857",371856,2025-09-26 12:25:04,43.3226661682129,-8.80395889282227,"Unknown"
"7014857",371856,2025-09-26 12:30:06,43.3226165771484,-8.80390930175781,"Unknown"
"7014857",371856,2025-09-26 12:35:04,43.3227233886719,-8.80407428741455,"Unknown"
"7014857",371856,2025-09-26 12:40:06,43.3226013183594,-8.8038911819458,"Unknown"
"7014857",371856,2025-09-26 12:45:04,43.3226280212402,-8.80397129058838,"Unknown"
"7014857",371856,2025-09-26 12:50:14,43.3225784301758,-8.80399608612061,"Unknown"
"7014857",371856,2025-09-26 12:55:09,43.3225784301758,-8.80395221710205,"Unknown"
"7014857",371856,2025-09-26 13:00:06,43.3225898742676,-8.80399703979492,"Unknown"
"7014857",371856,2025-09-26 13:05:04,43.3225975036621,-8.80409717559814,"Unknown"
"7014857",371856,2025-09-26 13:10:04,43.3225288391113,-8.8039083480835,"Unknown"
"7014857",371856,2025-09-26 13:15:07,43.3225021362305,-8.80387401580811,"Unknown"
"7014857",371856,2025-09-26 13:20:04,43.3225440979004,-8.80391120910645,"Unknown"
"7014857",371856,2025-09-26 13:25:04,43.322582244873,-8.80392837524414,"Unknown"
"7014857",371856,2025-09-26 13:30:07,43.3225784301758,-8.80397891998291,"Unknown"
"7014857",371856,2025-09-26 13:35:09,43.3225593566895,-8.80368232727051,"Unknown"
"7014857",371856,2025-09-26 13:40:09,43.3226013183594,-8.80361175537109,"Unknown"
"7014857",371856,2025-09-26 13:45:35,43.3225746154785,-8.80399513244629,"Unknown"
"7014857",371856,2025-09-26 13:50:03,43.3225517272949,-8.80408000946045,"Unknown"
"7014857",371856,2025-09-26 13:55:03,43.322582244873,-8.80403709411621,"Unknown"
"7014857",371856,2025-09-26 14:00:04,43.3225784301758,-8.80401420593262,"Unknown"
"7014857",371856,2025-09-26 14:05:08,43.3224906921387,-8.80401039123535,"Unknown"
"7014857",371856,2025-09-26 14:10:06,43.3225479125977,-8.80402851104736,"Unknown"
"7014857",371856,2025-09-26 14:15:03,43.3226509094238,-8.80401992797852,"Unknown"
"7014857",371856,2025-09-26 14:20:03,43.3225784301758,-8.8039436340332,"Unknown"
"7014857",371856,2025-09-26 14:25:03,43.3225784301758,-8.80391025543213,"Unknown"
"7014857",371856,2025-09-26 14:30:03,43.3225936889648,-8.80401992797852,"Unknown"
"7014857",371856,2025-09-26 14:35:04,43.3224792480469,-8.80396747589111,"Unknown"
"7014857",371856,2025-09-26 14:40:08,43.3225746154785,-8.80402183532715,"Unknown"
"7014857",371856,2025-09-26 14:45:06,43.322624206543,-8.80388355255127,"Unknown"
"7014857",371856,2025-09-26 14:50:04,43.3227348327637,-8.8045711517334,"Unknown"
"7014857",371856,2025-09-26 14:55:06,43.3226203918457,-8.80442047119141,"Unknown"
"7014857",371856,2025-09-26 15:00:04,43.3155174255371,-8.80313205718994,"Unknown"
"7014857",371856,2025-09-26 15:05:05,43.3188591003418,-8.80155372619629,"Unknown"
"7014857",371856,2025-09-26 15:11:05,43.3181571960449,-8.80474853515625,"Unknown"
"7014857",371856,2025-09-26 15:15:04,43.3181495666504,-8.80474948883057,"Unknown"
"7014857",371856,2025-09-26 15:20:06,43.3181190490723,-8.80473804473877,"Unknown"
"7014857",371856,2025-09-26 15:25:06,43.3184928894043,-8.80458354949951,"Unknown"
"7014857",371856,2025-09-26 15:30:04,43.318172454834,-8.80478954315186,"Unknown"
"7014857",371856,2025-09-26 15:35:07,43.3180389404297,-8.80469131469727,"Unknown"
"7014857",371856,2025-09-26 15:40:06,43.3183174133301,-8.80458831787109,"Unknown"
"7014857",371856,2025-09-26 15:45:07,43.3183670043945,-8.80468559265137,"Unknown"
"7014857",371856,2025-09-26 15:50:05,43.318058013916,-8.80479907989502,"Unknown"
"7014857",371856,2025-09-26 15:55:05,43.3182029724121,-8.80475807189941,"Unknown"
"7014857",371856,2025-09-26 16:00:06,43.317985534668,-8.80473709106445,"Unknown"
"7014857",371856,2025-09-26 16:05:06,43.3226127624512,-8.80422496795654,"Unknown"
"7014857",371856,2025-09-26 16:10:04,43.3225746154785,-8.80416870117188,"Unknown"
"7014857",371856,2025-09-26 16:15:04,43.3225898742676,-8.80420112609863,"Unknown"
"7014857",371856,2025-09-26 16:20:04,43.3225631713867,-8.80418586730957,"Unknown"
"7014857",371856,2025-09-26 16:25:04,43.3226890563965,-8.80415725708008,"Unknown"
"7014857",371856,2025-09-26 16:30:04,43.322624206543,-8.8042688369751,"Unknown"
"7014857",371856,2025-09-26 16:35:06,43.3226356506348,-8.80425071716309,"Unknown"
"7014857",371856,2025-09-26 16:40:04,43.3226127624512,-8.80423831939697,"Unknown"
"7014857",371856,2025-09-26 16:45:04,43.3227729797363,-8.80423355102539,"Unknown"
"7014857",371856,2025-09-26 16:50:07,43.3226051330566,-8.80419826507568,"Unknown"
"7014857",371856,2025-09-26 16:55:04,43.3225059509277,-8.8042163848877,"Unknown"
"7014857",371856,2025-09-26 17:00:04,43.3226013183594,-8.80425071716309,"Unknown"
"7014857",371856,2025-09-26 17:05:04,43.3225288391113,-8.80413055419922,"Unknown"
"7014857",371856,2025-09-26 17:10:06,43.3225364685059,-8.80414390563965,"Unknown"
"7014857",371856,2025-09-26 17:15:10,43.3225860595703,-8.80423259735107,"Unknown"
"7014857",371856,2025-09-26 17:20:07,43.322925567627,-8.80458354949951,"Unknown"
"7014857",371856,2025-09-26 17:25:07,43.322624206543,-8.80425834655762,"Unknown"
"7014857",371856,2025-09-26 17:30:06,43.3227996826172,-8.8044319152832,"Unknown"
"7014857",371856,2025-09-26 17:35:05,43.3227233886719,-8.80442714691162,"Unknown"
"7014857",371856,2025-09-26 17:40:07,43.3227157592773,-8.80441761016846,"Unknown"
"7014857",371856,2025-09-26 17:45:14,43.3226280212402,-8.80432033538818,"Unknown"
"7014857",371856,2025-09-26 17:50:06,43.3226661682129,-8.80433464050293,"Unknown"
"7014857",371856,2025-09-26 17:55:04,43.3227767944336,-8.80446529388428,"Unknown"
"7014857",371856,2025-09-26 18:00:04,43.322624206543,-8.80436992645264,"Unknown"
"7014857",371856,2025-09-26 18:05:04,43.3225860595703,-8.80433559417725,"Unknown"
"7014857",371856,2025-09-26 18:10:04,43.3226890563965,-8.80446147918701,"Unknown"
"7014857",371856,2025-09-26 18:15:04,43.3225860595703,-8.80443096160889,"Unknown"
"7014857",371856,2025-09-26 18:20:04,43.322681427002,-8.80435180664062,"Unknown"
"7014857",371856,2025-09-26 18:25:12,43.3227920532227,-8.80442905426025,"Unknown"
"7014857",371856,2025-09-26 18:30:09,43.3227806091309,-8.8044261932373,"Unknown"
"7014857",371856,2025-09-26 18:35:32,43.322696685791,-8.80435657501221,"Unknown"
"7014857",371856,2025-09-26 18:40:03,43.3226623535156,-8.80430793762207,"Unknown"
"7014857",371856,2025-09-26 18:45:04,43.3227119445801,-8.80427360534668,"Unknown"
"7014857",371856,2025-09-26 18:50:05,43.3468284606934,-8.8192310333252,"Unknown"
"7014857",371856,2025-09-26 18:55:04,43.3619079589844,-8.82638263702393,"Unknown"
"7014857",371856,2025-09-26 19:00:07,43.363353729248,-8.82729816436768,"Unknown"
"7014857",371856,2025-09-26 19:02:57,43.3642539978027,-8.82788562774658,"Unknown"
"7014857",371856,2025-09-27 00:03:29,43.3241996765137,-8.80846309661865,"Unknown"
"7014857",371856,2025-09-27 04:52:45,43.3240699768066,-8.80842685699463,"Unknown"
"7014857",371856,2025-09-27 04:57:27,43.3243865966797,-8.80850410461426,"Unknown"
"7014857",371856,2025-09-27 05:02:26,43.324291229248,-8.80838871002197,"Unknown"
"7014857",371856,2025-09-27 05:07:34,43.3240814208984,-8.80839443206787,"Unknown"
"7014857",371856,2025-09-27 05:12:31,43.3241081237793,-8.80829524993896,"Unknown"
"7014857",371856,2025-09-27 05:17:35,43.3239326477051,-8.80827808380127,"Unknown"
"7014857",371856,2025-09-27 05:22:29,43.3240089416504,-8.80832672119141,"Unknown"
"7014857",371856,2025-09-27 05:27:26,43.3239364624023,-8.8082160949707,"Unknown"
"7014857",371856,2025-09-27 05:32:36,43.3241195678711,-8.80828285217285,"Unknown"
"7014857",371856,2025-09-27 05:37:26,43.3239059448242,-8.80874061584473,"Unknown"
"7014857",371856,2025-09-27 05:42:34,43.3241386413574,-8.80821323394775,"Unknown"
"7014857",371856,2025-09-27 05:47:45,43.3237915039062,-8.80624198913574,"Unknown"
"7014857",371856,2025-09-27 05:52:31,43.323860168457,-8.80640125274658,"Unknown"
"7014857",371856,2025-09-27 05:57:37,43.3237648010254,-8.80630207061768,"Unknown"
"7014857",371856,2025-09-27 06:07:32,43.322811126709,-8.80447006225586,"Unknown"
"7014857",371856,2025-09-27 06:12:27,43.322868347168,-8.80474090576172,"Unknown"
"7014857",371856,2025-09-27 06:17:28,43.3227996826172,-8.80465984344482,"Unknown"
"7014857",371856,2025-09-27 06:22:26,43.3227005004883,-8.80441856384277,"Unknown"
"7014857",371856,2025-09-27 06:27:27,43.3227615356445,-8.80461883544922,"Unknown"
"7014857",371856,2025-09-27 06:32:27,43.3227844238281,-8.80452251434326,"Unknown"
"7014857",371856,2025-09-27 06:37:26,43.3228950500488,-8.8045768737793,"Unknown"
"7014857",371856,2025-09-27 06:42:26,43.3121643066406,-8.79118633270264,"Unknown"
"7014857",371856,2025-09-27 06:47:58,43.2989654541016,-8.75262641906738,"Unknown"
"7014857",371856,2025-09-27 06:52:26,43.2968711853027,-8.72263240814209,"Unknown"
"7014857",371856,2025-09-27 06:57:27,43.292896270752,-8.69653606414795,"Unknown"
"7014857",371856,2025-09-27 07:02:30,43.2928085327148,-8.69672107696533,"Unknown"
"7014857",371856,2025-09-27 07:07:27,43.2921295166016,-8.69675350189209,"Unknown"
"7014857",371856,2025-09-27 07:12:32,43.2922859191895,-8.69680023193359,"Unknown"
"7014857",371856,2025-09-27 07:17:26,43.2987594604492,-8.68889808654785,"Unknown"
"7014857",371856,2025-09-27 07:22:37,43.2973403930664,-8.66711044311523,"Unknown"
"7014857",371856,2025-09-27 07:27:28,43.2974128723145,-8.66712951660156,"Unknown"
"7014857",371856,2025-09-27 07:32:37,43.297290802002,-8.66702461242676,"Unknown"
"7014857",371856,2025-09-27 07:37:38,43.2974891662598,-8.66720867156982,"Unknown"
"7014857",371856,2025-09-27 07:42:37,43.2974166870117,-8.6670503616333,"Unknown"
"7014857",371856,2025-09-27 07:47:38,43.2974433898926,-8.66710948944092,"Unknown"
"7014857",371856,2025-09-27 07:52:38,43.2973670959473,-8.66707611083984,"Unknown"
"7014857",371856,2025-09-27 07:57:40,43.29736328125,-8.66715145111084,"Unknown"
"7014857",371856,2025-09-27 08:02:37,43.2972526550293,-8.66713333129883,"Unknown"
"7014857",371856,2025-09-27 08:07:35,43.2973403930664,-8.66711044311523,"Unknown"
"7014857",371856,2025-09-27 08:12:37,43.2974128723145,-8.66719245910645,"Unknown"
"7014857",371856,2025-09-27 08:17:35,43.2973518371582,-8.66696548461914,"Unknown"
"7014857",371856,2025-09-27 08:22:28,43.297248840332,-8.6669864654541,"Unknown"
"7014857",371856,2025-09-27 08:27:28,43.2971534729004,-8.66682910919189,"Unknown"
"7014857",371856,2025-09-27 08:32:31,43.2973747253418,-8.66707515716553,"Unknown"
"7014857",371856,2025-09-27 08:37:40,43.2972869873047,-8.66695976257324,"Unknown"
"7014857",371856,2025-09-27 08:42:29,43.2971572875977,-8.66687488555908,"Unknown"
"7014857",371856,2025-09-27 08:47:26,43.2974472045898,-8.667067527771,"Unknown"
"7014857",371856,2025-09-27 08:52:28,43.2974548339844,-8.66707420349121,"Unknown"
"7014857",371856,2025-09-27 08:57:26,43.2975692749023,-8.66714000701904,"Unknown"
"7014857",371856,2025-09-27 09:02:29,43.2974014282227,-8.66699314117432,"Unknown"
"7014857",371856,2025-09-27 09:07:30,43.2974433898926,-8.66705513000488,"Unknown"
"7014857",371856,2025-09-27 09:12:30,43.2975883483887,-8.66716480255127,"Unknown"
"7014857",371856,2025-09-27 09:17:30,43.2976112365723,-8.66723823547363,"Unknown"
"7014857",371856,2025-09-27 09:22:31,43.2974472045898,-8.66707801818848,"Unknown"
"7014857",371856,2025-09-27 09:27:30,43.2979125976562,-8.66746711730957,"Unknown"
"7014857",371856,2025-09-27 09:32:44,43.2973937988281,-8.66702938079834,"Unknown"
"7014857",371856,2025-09-27 09:37:30,43.2973976135254,-8.66698265075684,"Unknown"
"7014857",371856,2025-09-27 09:42:32,43.297721862793,-8.66720485687256,"Unknown"
"7014857",371856,2025-09-27 09:47:30,43.2917900085449,-8.66159248352051,"Unknown"
"7014857",371856,2025-09-27 09:52:28,43.2801895141602,-8.63773250579834,"Unknown"
"7014857",371856,2025-09-27 09:57:59,43.2645149230957,-8.61522960662842,"Unknown"
"7014857",371856,2025-09-27 10:02:25,43.2493858337402,-8.59504699707031,"Unknown"
"7014857",371856,2025-09-27 10:07:24,43.236442565918,-8.59339618682861,"Unknown"
"7014857",371856,2025-09-27 10:13:49,43.213752746582,-8.58871936798096,"Unknown"
"7014857",371856,2025-09-27 10:18:49,43.1952018737793,-8.59502792358398,"Unknown"
"7014857",371856,2025-09-27 10:23:49,43.1787490844727,-8.5836706161499,"Unknown"
"7014857",371856,2025-09-27 10:28:49,43.1688804626465,-8.58737564086914,"Unknown"
"7014857",371856,2025-09-27 10:33:23,43.1540985107422,-8.58028125762939,"Unknown"
"7014857",371856,2025-09-27 10:37:26,43.1461067199707,-8.56266975402832,"Unknown"
"7014857",371856,2025-09-27 10:42:26,43.1389389038086,-8.53452491760254,"Unknown"
"7014857",371856,2025-09-27 10:47:29,43.1320877075195,-8.50133419036865,"Unknown"
"7014857",371856,2025-09-27 10:52:26,43.132251739502,-8.47335338592529,"Unknown"
"7014857",371856,2025-09-27 10:57:31,43.1304016113281,-8.47109031677246,"Unknown"
"7014857",371856,2025-09-27 11:02:32,43.1305351257324,-8.47100925445557,"Unknown"
"7014857",371856,2025-09-27 11:07:26,43.1308555603027,-8.47160243988037,"Unknown"
"7014857",371856,2025-09-27 11:12:37,43.1304588317871,-8.47109508514404,"Unknown"
"7014857",371856,2025-09-27 11:17:26,43.1308364868164,-8.47149181365967,"Unknown"
"7014857",371856,2025-09-27 11:22:37,43.1305160522461,-8.47104167938232,"Unknown"
"7014857",371856,2025-09-27 11:27:59,43.1328582763672,-8.46953773498535,"Unknown"
"7014857",371856,2025-09-27 11:32:28,43.1329536437988,-8.46951007843018,"Unknown"
"7014857",371856,2025-09-27 11:37:25,43.1328887939453,-8.46955585479736,"Unknown"
"7014857",371856,2025-09-27 11:42:26,43.1330680847168,-8.46951580047607,"Unknown"
"7014857",371856,2025-09-27 11:47:43,43.1328735351562,-8.46952247619629,"Unknown"
"7014857",371856,2025-09-27 11:52:25,43.1329231262207,-8.46947479248047,"Unknown"
"7014857",371856,2025-09-27 11:57:25,43.1329002380371,-8.46948146820068,"Unknown"
"7014857",371856,2025-09-27 12:02:25,43.1327857971191,-8.46962547302246,"Unknown"
"7014857",371856,2025-09-27 12:07:26,43.1327819824219,-8.46959114074707,"Unknown"
"7014857",371856,2025-09-27 12:12:25,43.1329040527344,-8.46950531005859,"Unknown"
"7014857",371856,2025-09-27 12:17:26,43.1329307556152,-8.46954250335693,"Unknown"
"7014857",371856,2025-09-27 12:22:29,43.1324882507324,-8.46940803527832,"Unknown"
"7014857",371856,2025-09-27 12:27:26,43.1326789855957,-8.4693660736084,"Unknown"
"7014857",371856,2025-09-27 12:32:30,43.1330299377441,-8.46953010559082,"Unknown"
"7014857",371856,2025-09-27 12:37:31,43.1329307556152,-8.46963787078857,"Unknown"
"7014857",371856,2025-09-27 12:42:28,43.1330413818359,-8.46973514556885,"Unknown"
"7014857",371856,2025-09-27 12:47:28,43.1332511901855,-8.46977615356445,"Unknown"
"7014857",371856,2025-09-27 12:52:28,43.1323127746582,-8.47001266479492,"Unknown"
"7014857",371856,2025-09-27 12:57:27,43.1322250366211,-8.46999835968018,"Unknown"
"7014857",371856,2025-09-27 13:02:30,43.1322822570801,-8.46983242034912,"Unknown"
"7014857",371856,2025-09-27 13:07:29,43.1321868896484,-8.46985054016113,"Unknown"
"7014857",371856,2025-09-27 13:12:31,43.1319923400879,-8.46977043151855,"Unknown"
"7014857",371856,2025-09-27 13:17:43,43.1323394775391,-8.46957969665527,"Unknown"
"7014857",371856,2025-09-27 13:22:28,43.1324424743652,-8.46970748901367,"Unknown"
"7014857",371856,2025-09-27 13:27:44,43.1325721740723,-8.46950721740723,"Unknown"
"7014857",371856,2025-09-27 13:32:26,43.1325912475586,-8.46974849700928,"Unknown"
"7014857",371856,2025-09-27 13:37:26,43.1323547363281,-8.46942520141602,"Unknown"
"7014857",371856,2025-09-27 13:42:26,43.1323318481445,-8.46973133087158,"Unknown"
"7014857",371856,2025-09-27 13:47:30,43.1323471069336,-8.4694242477417,"Unknown"
"7014857",371856,2025-09-27 13:52:28,43.132453918457,-8.46996784210205,"Unknown"
"7014857",371856,2025-09-27 13:57:34,43.1324577331543,-8.46968269348145,"Unknown"
"7014857",371856,2025-09-27 14:02:44,43.1326332092285,-8.47010040283203,"Unknown"
"7014857",371856,2025-09-27 14:07:36,43.1325798034668,-8.46974277496338,"Unknown"
"7014857",371856,2025-09-27 14:12:37,43.1326026916504,-8.46991539001465,"Unknown"
"7014857",371856,2025-09-27 14:17:32,43.1326522827148,-8.47013473510742,"Unknown"
"7014857",371856,2025-09-27 14:22:36,43.1321029663086,-8.46945667266846,"Unknown"
"7014857",371856,2025-09-27 14:27:40,43.1320419311523,-8.46929168701172,"Unknown"
"7014857",371856,2025-09-27 14:32:26,43.132640838623,-8.46977806091309,"Unknown"
"7014857",371856,2025-09-27 14:37:28,43.1326293945312,-8.46978092193604,"Unknown"
"7014857",371856,2025-09-27 14:42:26,43.1328468322754,-8.47002220153809,"Unknown"
"7014857",371856,2025-09-27 14:47:44,43.1327896118164,-8.46997165679932,"Unknown"
"7014857",371856,2025-09-27 14:52:27,43.1328582763672,-8.46999549865723,"Unknown"
"7014857",371856,2025-09-27 14:57:26,43.1329154968262,-8.47001552581787,"Unknown"
"7014857",371856,2025-09-27 15:02:26,43.1328277587891,-8.46989917755127,"Unknown"
"7014857",371856,2025-09-27 15:07:31,43.1328659057617,-8.47036266326904,"Unknown"
"7014857",371856,2025-09-27 15:12:30,43.1328544616699,-8.47050762176514,"Unknown"
"7014857",371856,2025-09-27 15:17:30,43.1327743530273,-8.47044849395752,"Unknown"
"7014857",371856,2025-09-27 15:22:32,43.1328582763672,-8.46975231170654,"Unknown"
"7014857",371856,2025-09-27 15:27:37,43.1328392028809,-8.46978282928467,"Unknown"
"7014857",371856,2025-09-27 15:32:59,43.1329116821289,-8.46973514556885,"Unknown"
"7014857",371856,2025-09-27 15:37:26,43.1328353881836,-8.46978664398193,"Unknown"
"7014857",371856,2025-09-27 15:42:26,43.1328506469727,-8.46975326538086,"Unknown"
"7014857",371856,2025-09-27 15:47:26,43.1328582763672,-8.469651222229,"Unknown"
"7014857",371856,2025-09-27 15:52:26,43.1328735351562,-8.46985244750977,"Unknown"
"7014857",371856,2025-09-27 15:57:26,43.1328086853027,-8.46994686126709,"Unknown"
"7014857",371856,2025-09-27 16:02:26,43.1328163146973,-8.46985530853271,"Unknown"
"7014857",371856,2025-09-27 16:07:26,43.1327781677246,-8.46979331970215,"Unknown"
"7014857",371856,2025-09-27 16:12:31,43.1328468322754,-8.46996593475342,"Unknown"
"7014857",371856,2025-09-27 16:17:26,43.1327896118164,-8.46987819671631,"Unknown"
"7014857",371856,2025-09-27 16:22:28,43.1328086853027,-8.46970653533936,"Unknown"
"7014857",371856,2025-09-27 16:27:27,43.133171081543,-8.46983528137207,"Unknown"
"7014857",371856,2025-09-27 16:32:30,43.1331634521484,-8.46977138519287,"Unknown"
"7014857",371856,2025-09-27 16:37:29,43.1327934265137,-8.46965789794922,"Unknown"
"7014857",371856,2025-09-27 16:42:29,43.1327438354492,-8.46975421905518,"Unknown"
"7014857",371856,2025-09-27 16:47:26,43.132942199707,-8.46975517272949,"Unknown"
"7014857",371856,2025-09-27 16:52:26,43.1327667236328,-8.46974182128906,"Unknown"
"7014857",371856,2025-09-27 16:57:29,43.1331596374512,-8.46964740753174,"Unknown"
"7014857",371856,2025-09-27 17:02:27,43.1328620910645,-8.46961975097656,"Unknown"
"7014857",371856,2025-09-27 17:07:26,43.1318664550781,-8.46961688995361,"Unknown"
"7014857",371856,2025-09-27 17:12:27,43.1332206726074,-8.46967601776123,"Unknown"
"7014857",371856,2025-09-27 17:17:29,43.1327667236328,-8.46967124938965,"Unknown"
"7014857",371856,2025-09-27 17:22:30,43.1331481933594,-8.46948623657227,"Unknown"
"7014857",371856,2025-09-27 17:27:30,43.1330757141113,-8.46957015991211,"Unknown"
"7014857",371856,2025-09-27 17:32:30,43.1331062316895,-8.4696102142334,"Unknown"
"7014857",371856,2025-09-27 17:37:38,43.1329765319824,-8.46960830688477,"Unknown"
"7014857",371856,2025-09-27 17:42:29,43.1318893432617,-8.46902084350586,"Unknown"
"7014857",371856,2025-09-27 17:47:27,43.1320381164551,-8.46891021728516,"Unknown"
"7014857",371856,2025-09-27 17:52:44,43.1320457458496,-8.46874713897705,"Unknown"
"7014857",371856,2025-09-27 17:57:28,43.1321182250977,-8.46883773803711,"Unknown"
"7014857",371856,2025-09-27 18:02:26,43.1321258544922,-8.46881198883057,"Unknown"
"7014857",371856,2025-09-27 18:07:26,43.1320877075195,-8.46863746643066,"Unknown"
"7014857",371856,2025-09-27 18:12:29,43.1320991516113,-8.46871185302734,"Unknown"
"7014857",371856,2025-09-27 18:17:28,43.1321983337402,-8.46862888336182,"Unknown"
"7014857",371856,2025-09-27 18:22:29,43.1321258544922,-8.46871089935303,"Unknown"
"7014857",371856,2025-09-27 18:27:28,43.1327476501465,-8.46926116943359,"Unknown"
"7014857",371856,2025-09-27 18:32:28,43.1322250366211,-8.46918964385986,"Unknown"
"7014857",371856,2025-09-27 18:37:31,43.1328163146973,-8.46887111663818,"Unknown"
"7014857",371856,2025-09-27 18:42:37,43.1508407592773,-8.46395015716553,"Unknown"
"7014857",371856,2025-09-27 18:47:47,43.1714477539062,-8.44346141815186,"Unknown"
"7014857",371856,2025-09-27 18:52:50,43.1712684631348,-8.4391450881958,"Unknown"
"7014857",371856,2025-09-27 18:59:22,43.1712265014648,-8.43912982940674,"Unknown"
"7014857",371856,2025-09-27 23:59:36,43.1719627380371,-8.43718528747559,"Unknown"
"7014857",371856,2025-09-28 04:52:44,43.1718521118164,-8.437180519104,"Unknown"
"7014857",371856,2025-09-28 04:57:10,43.1718215942383,-8.43712329864502,"Unknown"
"7014857",371856,2025-09-28 05:02:11,43.1718482971191,-8.43709373474121,"Unknown"
"7014857",371856,2025-09-28 05:07:10,43.1718559265137,-8.43717765808105,"Unknown"
"7014857",371856,2025-09-28 05:12:10,43.1718673706055,-8.43724727630615,"Unknown"
"7014857",371856,2025-09-28 05:17:10,43.171875,-8.43710708618164,"Unknown"
"7014857",371856,2025-09-28 05:22:14,43.1718788146973,-8.43729305267334,"Unknown"
"7014857",371856,2025-09-28 05:27:12,43.1718673706055,-8.43719291687012,"Unknown"
"7014857",371856,2025-09-28 05:32:11,43.1721992492676,-8.43725872039795,"Unknown"
"7014857",371856,2025-09-28 05:37:11,43.1718559265137,-8.43729782104492,"Unknown"
"7014857",371856,2025-09-28 05:42:13,43.1717910766602,-8.43732643127441,"Unknown"
"7014857",371856,2025-09-28 05:47:17,43.1717224121094,-8.4372091293335,"Unknown"
"7014857",371856,2025-09-28 05:52:16,43.1717910766602,-8.43698596954346,"Unknown"
"7014857",371856,2025-09-28 05:57:14,43.1717414855957,-8.43748760223389,"Unknown"
"7014857",371856,2025-09-28 06:02:35,43.1718215942383,-8.43720531463623,"Unknown"
"7014857",371856,2025-09-28 06:07:11,43.1716842651367,-8.43712425231934,"Unknown"
"7014857",371856,2025-09-28 06:12:23,43.1717910766602,-8.43729114532471,"Unknown"
"7014857",371856,2025-09-28 06:17:11,43.172061920166,-8.43728733062744,"Unknown"
"7014857",371856,2025-09-28 06:22:12,43.1717147827148,-8.43713474273682,"Unknown"
"7014857",371856,2025-09-28 06:27:17,43.1715621948242,-8.43723773956299,"Unknown"
"7014857",371856,2025-09-28 06:32:11,43.1716156005859,-8.43726253509521,"Unknown"
"7014857",371856,2025-09-28 06:37:15,43.1717834472656,-8.44631671905518,"Unknown"
"7014857",371856,2025-09-28 06:42:11,43.1720161437988,-8.44630813598633,"Unknown"
"7014857",371856,2025-09-28 06:47:14,43.172176361084,-8.44601345062256,"Unknown"
"7014857",371856,2025-09-28 06:52:11,43.1719779968262,-8.4459228515625,"Unknown"
"7014857",371856,2025-09-28 06:57:11,43.172061920166,-8.44600772857666,"Unknown"
"7014857",371856,2025-09-28 07:02:11,43.1547737121582,-8.46544170379639,"Unknown"
"7014857",371856,2025-09-28 07:07:12,43.1310157775879,-8.46911239624023,"Unknown"
"7014857",371856,2025-09-28 07:12:14,43.1303672790527,-8.47106742858887,"Unknown"
"7014857",371856,2025-09-28 07:17:13,43.1296348571777,-8.47070598602295,"Unknown"
"7014857",371856,2025-09-28 07:22:13,43.1296119689941,-8.47071075439453,"Unknown"
"7014857",371856,2025-09-28 07:27:10,43.1296997070312,-8.47087097167969,"Unknown"
"7014857",371856,2025-09-28 07:32:12,43.1299438476562,-8.47124004364014,"Unknown"
"7014857",371856,2025-09-28 07:37:11,43.1296081542969,-8.47062110900879,"Unknown"
"7014857",371856,2025-09-28 07:42:17,43.1296768188477,-8.4707498550415,"Unknown"
"7014857",371856,2025-09-28 07:47:12,43.1305236816406,-8.4710578918457,"Unknown"
"7014857",371856,2025-09-28 07:52:10,43.130500793457,-8.47090816497803,"Unknown"
"7014857",371856,2025-09-28 07:57:11,43.1295318603516,-8.46967601776123,"Unknown"
"7014857",371856,2025-09-28 08:02:12,43.131290435791,-8.47184658050537,"Unknown"
"7014857",371856,2025-09-28 08:07:19,43.1304817199707,-8.47086429595947,"Unknown"
"7014857",371856,2025-09-28 08:12:18,43.1305313110352,-8.47095489501953,"Unknown"
"7014857",371856,2025-09-28 08:17:40,43.1306190490723,-8.47104454040527,"Unknown"
"7014857",371856,2025-09-28 08:22:10,43.1304321289062,-8.47088432312012,"Unknown"
"7014857",371856,2025-09-28 08:27:10,43.1307563781738,-8.47113990783691,"Unknown"
"7014857",371856,2025-09-28 08:32:10,43.1307907104492,-8.47113418579102,"Unknown"
"7014857",371856,2025-09-28 08:37:15,43.1326713562012,-8.4684944152832,"Unknown"
"7014857",371856,2025-09-28 08:42:27,43.1327896118164,-8.46848106384277,"Unknown"
"7014857",371856,2025-09-28 08:47:22,43.1295433044434,-8.47147655487061,"Unknown"
"7014857",371856,2025-09-28 08:52:23,43.1295013427734,-8.47139549255371,"Unknown"
"7014857",371856,2025-09-28 08:57:46,43.1299934387207,-8.47131824493408,"Unknown"
"7014857",371856,2025-09-28 09:02:13,43.1300392150879,-8.47135734558105,"Unknown"
"7014857",371856,2025-09-28 09:07:18,43.1300430297852,-8.471360206604,"Unknown"
"7014857",371856,2025-09-28 09:12:24,43.1300239562988,-8.47131061553955,"Unknown"
"7014857",371856,2025-09-28 09:17:31,43.1344871520996,-8.46782207489014,"Unknown"
"7014857",371856,2025-09-28 09:22:12,43.1341133117676,-8.46857929229736,"Unknown"
"7014857",371856,2025-09-28 09:27:14,43.1340370178223,-8.46856021881104,"Unknown"
"7014857",371856,2025-09-28 09:32:15,43.1341247558594,-8.46926498413086,"Unknown"
"7014857",371856,2025-09-28 09:37:17,43.1338424682617,-8.46907806396484,"Unknown"
"7014857",371856,2025-09-28 09:42:35,43.1338386535645,-8.46907997131348,"Unknown"
"7014857",371856,2025-09-28 09:47:18,43.1338882446289,-8.46896076202393,"Unknown"
"7014857",371856,2025-09-28 09:52:11,43.1338157653809,-8.46906280517578,"Unknown"
"7014857",371856,2025-09-28 09:57:10,43.1339149475098,-8.46888637542725,"Unknown"
"7014857",371856,2025-09-28 10:02:18,43.1338691711426,-8.46899127960205,"Unknown"
"7014857",371856,2025-09-28 10:07:13,43.1338348388672,-8.4689769744873,"Unknown"
"7014857",371856,2025-09-28 10:12:35,43.1339225769043,-8.4688777923584,"Unknown"
"7014857",371856,2025-09-28 10:17:10,43.1338806152344,-8.46895122528076,"Unknown"
"7014857",371856,2025-09-28 10:22:11,43.1339378356934,-8.4688606262207,"Unknown"
"7014857",371856,2025-09-28 10:27:10,43.133903503418,-8.46887588500977,"Unknown"
"7014857",371856,2025-09-28 10:32:10,43.1338729858398,-8.46890544891357,"Unknown"
"7014857",371856,2025-09-28 10:37:11,43.1338119506836,-8.46895980834961,"Unknown"
"7014857",371856,2025-09-28 10:42:10,43.1338043212891,-8.46887969970703,"Unknown"
"7014857",371856,2025-09-28 10:47:11,43.1339416503906,-8.46890258789062,"Unknown"
"7014857",371856,2025-09-28 10:52:10,43.1339149475098,-8.46894550323486,"Unknown"
"7014857",371856,2025-09-28 10:57:11,43.1338691711426,-8.46890640258789,"Unknown"
"7014857",371856,2025-09-28 11:02:10,43.1339149475098,-8.46897029876709,"Unknown"
"7014857",371856,2025-09-28 11:07:10,43.1338272094727,-8.46907806396484,"Unknown"
"7014857",371856,2025-09-28 11:12:10,43.133918762207,-8.46895503997803,"Unknown"
"7014857",371856,2025-09-28 11:17:19,43.133846282959,-8.46896076202393,"Unknown"
"7014857",371856,2025-09-28 11:22:10,43.1337661743164,-8.46912860870361,"Unknown"
"7014857",371856,2025-09-28 11:27:10,43.1339111328125,-8.46896457672119,"Unknown"
"7014857",371856,2025-09-28 11:32:11,43.1338844299316,-8.46894931793213,"Unknown"
"7014857",371856,2025-09-28 11:37:11,43.1338653564453,-8.4684886932373,"Unknown"
"7014857",371856,2025-09-28 11:42:10,43.1338691711426,-8.46850967407227,"Unknown"
"7014857",371856,2025-09-28 11:47:12,43.134147644043,-8.46868705749512,"Unknown"
"7014857",371856,2025-09-28 11:52:13,43.1339950561523,-8.46864604949951,"Unknown"
"7014857",371856,2025-09-28 11:57:14,43.1341094970703,-8.4684476852417,"Unknown"
"7014857",371856,2025-09-28 12:02:12,43.1342544555664,-8.46867942810059,"Unknown"
"7014857",371856,2025-09-28 12:07:13,43.134162902832,-8.46855640411377,"Unknown"
"7014857",371856,2025-09-28 12:12:11,43.1342849731445,-8.46873664855957,"Unknown"
"7014857",371856,2025-09-28 12:17:16,43.1341438293457,-8.46857643127441,"Unknown"
"7014857",371856,2025-09-28 12:27:39,43.1341857910156,-8.46863651275635,"Unknown"
"7014857",371856,2025-09-28 12:32:44,43.1342124938965,-8.46854114532471,"Unknown"
"7014857",371856,2025-09-28 12:37:25,43.1341667175293,-8.46854972839355,"Unknown"
"7014857",371856,2025-09-28 12:42:38,43.1341781616211,-8.46863174438477,"Unknown"
"7014857",371856,2025-09-28 12:47:26,43.1342124938965,-8.46867275238037,"Unknown"
"7014857",371856,2025-09-28 12:52:39,43.1341896057129,-8.4686450958252,"Unknown"
"7014857",371856,2025-09-28 12:57:27,43.1341896057129,-8.46854782104492,"Unknown"
"7014857",371856,2025-09-28 13:02:40,43.1341972351074,-8.4686107635498,"Unknown"
"7014857",371856,2025-09-28 13:07:25,43.1341018676758,-8.46840953826904,"Unknown"
"7014857",371856,2025-09-28 13:12:39,43.134105682373,-8.4684476852417,"Unknown"
"7014857",371856,2025-09-28 13:17:27,43.134033203125,-8.46820259094238,"Unknown"
"7014857",371856,2025-09-28 13:22:38,43.134105682373,-8.46843528747559,"Unknown"
"7014857",371856,2025-09-28 13:27:44,43.1341819763184,-8.46867656707764,"Unknown"
"7014857",371856,2025-09-28 13:32:26,43.1341285705566,-8.46857643127441,"Unknown"
"7014857",371856,2025-09-28 13:37:24,43.130744934082,-8.4711742401123,"Unknown"
"7014857",371856,2025-09-28 13:42:24,43.1307792663574,-8.47121715545654,"Unknown"
"7014857",371856,2025-09-28 13:47:44,43.1306800842285,-8.47108745574951,"Unknown"
"7014857",371856,2025-09-28 13:52:29,43.1303100585938,-8.47186660766602,"Unknown"
"7014857",371856,2025-09-28 13:57:26,43.1301918029785,-8.47155666351318,"Unknown"
"7014857",371856,2025-09-28 14:02:44,43.1303825378418,-8.47146320343018,"Unknown"
"7014857",371856,2025-09-28 14:07:33,43.1304512023926,-8.47134494781494,"Unknown"
"7014857",371856,2025-09-28 14:12:31,43.1304626464844,-8.4712495803833,"Unknown"
"7014857",371856,2025-09-28 14:17:44,43.1304893493652,-8.47126483917236,"Unknown"
"7014857",371856,2025-09-28 14:22:27,43.130558013916,-8.47115325927734,"Unknown"
"7014857",371856,2025-09-28 14:27:59,43.1307563781738,-8.46902084350586,"Unknown"
"7014857",371856,2025-09-28 14:32:24,43.130786895752,-8.46902465820312,"Unknown"
"7014857",371856,2025-09-28 14:37:25,43.1309051513672,-8.46907901763916,"Unknown"
"7014857",371856,2025-09-28 14:42:23,43.1308517456055,-8.46905136108398,"Unknown"
"7014857",371856,2025-09-28 14:47:23,43.1324920654297,-8.46869850158691,"Unknown"
"7014857",371856,2025-09-28 14:52:31,43.1325302124023,-8.46873569488525,"Unknown"
"7014857",371856,2025-09-28 14:57:24,43.1324806213379,-8.46874809265137,"Unknown"
"7014857",371856,2025-09-28 15:02:23,43.1325531005859,-8.46868515014648,"Unknown"
"7014857",371856,2025-09-28 15:07:24,43.1324043273926,-8.46868896484375,"Unknown"
"7014857",371856,2025-09-28 15:12:26,43.132495880127,-8.46866130828857,"Unknown"
"7014857",371856,2025-09-28 15:17:25,43.1325798034668,-8.46880531311035,"Unknown"
"7014857",371856,2025-09-28 15:22:25,43.1325950622559,-8.46885585784912,"Unknown"
"7014857",371856,2025-09-28 15:27:24,43.1326293945312,-8.46881103515625,"Unknown"
"7014857",371856,2025-09-28 15:32:30,43.1341781616211,-8.46999073028564,"Unknown"
"7014857",371856,2025-09-28 15:37:44,43.1342010498047,-8.46970272064209,"Unknown"
"7014857",371856,2025-09-28 15:42:26,43.1341514587402,-8.46978378295898,"Unknown"
"7014857",371856,2025-09-28 15:47:23,43.1341552734375,-8.46977710723877,"Unknown"
"7014857",371856,2025-09-28 15:52:24,43.1342239379883,-8.46960639953613,"Unknown"
"7014857",371856,2025-09-28 15:57:26,43.1341896057129,-8.46963882446289,"Unknown"
"7014857",371856,2025-09-28 16:02:30,43.1341247558594,-8.46931648254395,"Unknown"
"7014857",371856,2025-09-28 16:07:27,43.1341094970703,-8.46940040588379,"Unknown"
"7014857",371856,2025-09-28 16:12:28,43.1342163085938,-8.46969413757324,"Unknown"
"7014857",371856,2025-09-28 16:17:39,43.1341972351074,-8.4698657989502,"Unknown"
"7014857",371856,2025-09-28 16:22:29,43.1341781616211,-8.46959114074707,"Unknown"
"7014857",371856,2025-09-28 16:27:29,43.1344871520996,-8.4703254699707,"Unknown"
"7014857",371856,2025-09-28 16:32:45,43.1342239379883,-8.46961498260498,"Unknown"
"7014857",371856,2025-09-28 16:37:28,43.1343078613281,-8.46983242034912,"Unknown"
"7014857",371856,2025-09-28 16:42:27,43.1344375610352,-8.47042179107666,"Unknown"
"7014857",371856,2025-09-28 16:47:30,43.1342544555664,-8.46984100341797,"Unknown"
"7014857",371856,2025-09-28 16:52:38,43.1342506408691,-8.46958255767822,"Unknown"
"7014857",371856,2025-09-28 16:57:31,43.1341781616211,-8.4697437286377,"Unknown"
"7014857",371856,2025-09-28 17:02:25,43.1337699890137,-8.46826553344727,"Unknown"
"7014857",371856,2025-09-28 17:07:26,43.1356391906738,-8.46721172332764,"Unknown"
"7014857",371856,2025-09-28 17:12:24,43.1454200744629,-8.45782279968262,"Unknown"
"7014857",371856,2025-09-28 17:17:26,43.1590614318848,-8.45347023010254,"Unknown"
"7014857",371856,2025-09-28 17:22:28,43.1722984313965,-8.43625354766846,"Unknown"
"7014857",371856,2025-09-28 17:27:27,43.1877861022949,-8.42716407775879,"Unknown"
"7014857",371856,2025-09-28 17:33:35,43.1924324035645,-8.42290210723877,"Unknown"
"7014857",371856,2025-09-28 17:37:23,43.1923866271973,-8.42303466796875,"Unknown"
"7014857",371856,2025-09-28 17:42:24,43.1922874450684,-8.42310428619385,"Unknown"
"7014857",371856,2025-09-28 17:47:24,43.1921157836914,-8.4229621887207,"Unknown"
"7014857",371856,2025-09-28 17:52:24,43.1954956054688,-8.42239475250244,"Unknown"
"7014857",371856,2025-09-28 17:57:23,43.190113067627,-8.4229097366333,"Unknown"
"7014857",371856,2025-09-28 18:02:25,43.1729316711426,-8.43779945373535,"Unknown"
"7014857",371856,2025-09-28 18:07:24,43.1729698181152,-8.43780517578125,"Unknown"
"7014857",371856,2025-09-28 18:12:25,43.172981262207,-8.43777656555176,"Unknown"
"7014857",371856,2025-09-28 18:17:27,43.1731376647949,-8.43765735626221,"Unknown"
"7014857",371856,2025-09-28 18:22:25,43.1731452941895,-8.43768692016602,"Unknown"
"7014857",371856,2025-09-28 18:27:24,43.1729927062988,-8.43768310546875,"Unknown"
"7014857",371856,2025-09-28 18:32:33,43.1730575561523,-8.43770122528076,"Unknown"
"7014857",371856,2025-09-28 18:37:44,43.1730422973633,-8.43768119812012,"Unknown"
"7014857",371856,2025-09-28 18:42:27,43.1730918884277,-8.43778324127197,"Unknown"
"7014857",371856,2025-09-28 18:47:36,43.1730461120605,-8.43761825561523,"Unknown"
"7014857",371856,2025-09-28 18:52:27,43.1730651855469,-8.43748092651367,"Unknown"
"7014857",371856,2025-09-28 18:57:54,43.1729049682617,-8.43767166137695,"Unknown"
"7014857",371856,2025-09-28 23:58:06,43.1716995239258,-8.43893814086914,"Unknown"
"7014857",371856,2025-09-29 04:54:05,43.171875,-8.4387845993042,"Unknown"
"7014857",371856,2025-09-29 04:58:27,43.1718673706055,-8.43885231018066,"Unknown"
"7014857",371856,2025-09-29 05:03:26,43.1719589233398,-8.43871974945068,"Unknown"
"7014857",371856,2025-09-29 05:08:28,43.1717758178711,-8.43890190124512,"Unknown"
"7014857",371856,2025-09-29 05:13:26,43.1719970703125,-8.43866920471191,"Unknown"
"7014857",371856,2025-09-29 05:18:26,43.1720657348633,-8.43867111206055,"Unknown"
"7014857",371856,2025-09-29 05:23:27,43.172046661377,-8.43864917755127,"Unknown"
"7014857",371856,2025-09-29 05:28:26,43.1720962524414,-8.43861675262451,"Unknown"
"7014857",371856,2025-09-29 05:33:27,43.1720657348633,-8.43865203857422,"Unknown"
"7014857",371856,2025-09-29 05:38:26,43.1720275878906,-8.43864440917969,"Unknown"
"7014857",371856,2025-09-29 05:43:26,43.1721115112305,-8.43852233886719,"Unknown"
"7014857",371856,2025-09-29 05:48:27,43.1721000671387,-8.43848609924316,"Unknown"
"7014857",371856,2025-09-29 05:53:28,43.1719017028809,-8.43868732452393,"Unknown"
"7014857",371856,2025-09-29 05:58:26,43.1721534729004,-8.43852996826172,"Unknown"
"7014857",371856,2025-09-29 06:03:31,43.171947479248,-8.43877696990967,"Unknown"
"7014857",371856,2025-09-29 06:08:29,43.1721076965332,-8.43857574462891,"Unknown"
"7014857",371856,2025-09-29 06:13:35,43.1707077026367,-8.43836402893066,"Unknown"
"7014857",371856,2025-09-29 06:18:27,43.170825958252,-8.43871402740479,"Unknown"
"7014857",371856,2025-09-29 06:23:35,43.1705131530762,-8.43836307525635,"Unknown"
"7014857",371856,2025-09-29 06:28:38,43.1704292297363,-8.43840599060059,"Unknown"
"7014857",371856,2025-09-29 06:33:27,43.1704635620117,-8.43820476531982,"Unknown"
"7014857",371856,2025-09-29 06:38:36,43.1707344055176,-8.43805313110352,"Unknown"
"7014857",371856,2025-09-29 06:43:29,43.1707077026367,-8.43813514709473,"Unknown"
"7014857",371856,2025-09-29 06:48:31,43.1707878112793,-8.43810081481934,"Unknown"
"7014857",371856,2025-09-29 06:53:26,43.1706466674805,-8.4381799697876,"Unknown"
"7014857",371856,2025-09-29 06:58:44,43.1704902648926,-8.43822383880615,"Unknown"
"7014857",371856,2025-09-29 07:03:59,43.1705894470215,-8.43819999694824,"Unknown"
"7014857",371856,2025-09-29 07:08:27,43.1704864501953,-8.4382495880127,"Unknown"
"7014857",371856,2025-09-29 07:13:28,43.1681671142578,-8.45051097869873,"Unknown"
"7014857",371856,2025-09-29 07:18:27,43.1307640075684,-8.47165012359619,"Unknown"
"7014857",371856,2025-09-29 07:23:27,43.130729675293,-8.47198486328125,"Unknown"
"7014857",371856,2025-09-29 07:28:26,43.130687713623,-8.47185707092285,"Unknown"
"7014857",371856,2025-09-29 07:33:28,43.1307144165039,-8.47172737121582,"Unknown"
"7014857",371856,2025-09-29 07:38:28,43.1326866149902,-8.46895694732666,"Unknown"
"7014857",371856,2025-09-29 07:43:28,43.1327514648438,-8.46876621246338,"Unknown"
"7014857",371856,2025-09-29 07:48:27,43.1339530944824,-8.46878337860107,"Unknown"
"7014857",371856,2025-09-29 07:53:27,43.1340942382812,-8.46860122680664,"Unknown"
"7014857",371856,2025-09-29 07:58:27,43.1337471008301,-8.46854305267334,"Unknown"
"7014857",371856,2025-09-29 08:03:27,43.13330078125,-8.46865653991699,"Unknown"
"7014857",371856,2025-09-29 08:08:26,43.1338119506836,-8.46854019165039,"Unknown"
"7014857",371856,2025-09-29 08:13:26,43.1338653564453,-8.46850299835205,"Unknown"
"7014857",371856,2025-09-29 08:18:26,43.1339149475098,-8.46853542327881,"Unknown"
"7014857",371856,2025-09-29 08:23:26,43.1340065002441,-8.46844863891602,"Unknown"
"7014857",371856,2025-09-29 08:28:29,43.1339454650879,-8.46975994110107,"Unknown"
"7014857",371856,2025-09-29 08:33:29,43.1338500976562,-8.46962738037109,"Unknown"
"7014857",371856,2025-09-29 08:38:28,43.133918762207,-8.46964454650879,"Unknown"
"7014857",371856,2025-09-29 08:43:29,43.1338882446289,-8.46964931488037,"Unknown"
"7014857",371856,2025-09-29 08:48:28,43.1338882446289,-8.46963500976562,"Unknown"
"7014857",371856,2025-09-29 08:53:29,43.1339378356934,-8.46966743469238,"Unknown"
"7014857",371856,2025-09-29 08:58:30,43.1340026855469,-8.46974945068359,"Unknown"
"7014857",371856,2025-09-29 09:03:28,43.1339454650879,-8.46972846984863,"Unknown"
"7014857",371856,2025-09-29 09:08:30,43.1338996887207,-8.46957492828369,"Unknown"
"7014857",371856,2025-09-29 09:13:29,43.1338577270508,-8.46963405609131,"Unknown"
"7014857",371856,2025-09-29 09:18:36,43.1339378356934,-8.46965312957764,"Unknown"
"7014857",371856,2025-09-29 09:23:38,43.1340713500977,-8.46975898742676,"Unknown"
"7014857",371856,2025-09-29 09:28:44,43.1340293884277,-8.46974086761475,"Unknown"
"7014857",371856,2025-09-29 09:33:41,43.1341781616211,-8.47003173828125,"Unknown"
"7014857",371856,2025-09-29 09:38:59,43.1339416503906,-8.46960735321045,"Unknown"
"7014857",371856,2025-09-29 09:43:27,43.1339530944824,-8.46953582763672,"Unknown"
"7014857",371856,2025-09-29 09:48:26,43.1340255737305,-8.46940422058105,"Unknown"
"7014857",371856,2025-09-29 09:53:27,43.1340179443359,-8.4694766998291,"Unknown"
"7014857",371856,2025-09-29 09:58:26,43.1339683532715,-8.46953964233398,"Unknown"
"7014857",371856,2025-09-29 10:03:26,43.1339492797852,-8.46963977813721,"Unknown"
"7014857",371856,2025-09-29 10:08:26,43.1341896057129,-8.47011947631836,"Unknown"
"7014857",371856,2025-09-29 10:13:26,43.1341285705566,-8.4702730178833,"Unknown"
"7014857",371856,2025-09-29 10:18:28,43.1345062255859,-8.47042655944824,"Unknown"
"7014857",371856,2025-09-29 10:23:33,43.1345672607422,-8.47040367126465,"Unknown"
"7014857",371856,2025-09-29 10:28:28,43.1345176696777,-8.47042083740234,"Unknown"
"7014857",371856,2025-09-29 10:33:27,43.1344795227051,-8.47039794921875,"Unknown"
"7014857",371856,2025-09-29 10:38:26,43.1346702575684,-8.47039699554443,"Unknown"
"7014857",371856,2025-09-29 10:43:27,43.1345596313477,-8.47039794921875,"Unknown"
"7014857",371856,2025-09-29 10:48:28,43.1346321105957,-8.47042942047119,"Unknown"
"7014857",371856,2025-09-29 10:53:27,43.1346969604492,-8.47046947479248,"Unknown"
"7014857",371856,2025-09-29 10:58:44,43.134693145752,-8.47051620483398,"Unknown"
"7014857",371856,2025-09-29 11:03:26,43.134651184082,-8.47046756744385,"Unknown"
"7014857",371856,2025-09-29 11:08:26,43.1346092224121,-8.47046089172363,"Unknown"
"7014857",371856,2025-09-29 11:13:26,43.1346206665039,-8.47052001953125,"Unknown"
"7014857",371856,2025-09-29 11:18:26,43.1348075866699,-8.47051239013672,"Unknown"
"7014857",371856,2025-09-29 11:23:26,43.1346664428711,-8.47062492370605,"Unknown"
"7014857",371856,2025-09-29 11:28:26,43.1346549987793,-8.47049236297607,"Unknown"
"7014857",371856,2025-09-29 11:33:27,43.1347999572754,-8.47049045562744,"Unknown"
"7014857",371856,2025-09-29 11:38:27,43.1347312927246,-8.47047901153564,"Unknown"
"7014857",371856,2025-09-29 11:43:28,43.1347427368164,-8.4703950881958,"Unknown"
"7014857",371856,2025-09-29 11:48:44,43.1346549987793,-8.47039031982422,"Unknown"
"7014857",371856,2025-09-29 11:53:26,43.134593963623,-8.47047233581543,"Unknown"
"7014857",371856,2025-09-29 11:58:26,43.1347923278809,-8.47078990936279,"Unknown"
"7014857",371856,2025-09-29 12:03:27,43.1347503662109,-8.47021484375,"Unknown"
"7014857",371856,2025-09-29 12:08:28,43.1346282958984,-8.47048950195312,"Unknown"
"7014857",371856,2025-09-29 12:13:27,43.134593963623,-8.47072601318359,"Unknown"
"7014857",371856,2025-09-29 12:18:27,43.1346473693848,-8.4705638885498,"Unknown"
"7014857",371856,2025-09-29 12:23:31,43.1346855163574,-8.47050952911377,"Unknown"
"7014857",371856,2025-09-29 12:28:31,43.1346206665039,-8.47043895721436,"Unknown"
"7014857",371856,2025-09-29 12:33:26,43.1330032348633,-8.47303676605225,"Unknown"
"7014857",371856,2025-09-29 12:38:29,43.1327819824219,-8.47269916534424,"Unknown"
"7014857",371856,2025-09-29 12:43:28,43.1327705383301,-8.47265338897705,"Unknown"
"7014857",371856,2025-09-29 12:48:45,43.132755279541,-8.47272682189941,"Unknown"
"7014857",371856,2025-09-29 12:53:27,43.1327514648438,-8.47272205352783,"Unknown"
"7014857",371856,2025-09-29 12:58:27,43.1327285766602,-8.47264766693115,"Unknown"
"7014857",371856,2025-09-29 13:03:29,43.1327171325684,-8.47264385223389,"Unknown"
"7014857",371856,2025-09-29 13:08:37,43.130184173584,-8.47332763671875,"Unknown"
"7014857",371856,2025-09-29 13:13:30,43.1304664611816,-8.4712028503418,"Unknown"
"7014857",371856,2025-09-29 13:18:33,43.1303939819336,-8.47167778015137,"Unknown"
"7014857",371856,2025-09-29 13:23:44,43.1305046081543,-8.47142696380615,"Unknown"
"7014857",371856,2025-09-29 13:28:31,43.1305656433105,-8.4713716506958,"Unknown"
"7014857",371856,2025-09-29 13:33:26,43.1304664611816,-8.47141933441162,"Unknown"
"7014857",371856,2025-09-29 13:38:27,43.1305618286133,-8.47128582000732,"Unknown"
"7014857",371856,2025-09-29 13:43:34,43.1303024291992,-8.46902942657471,"Unknown"
"7014857",371856,2025-09-29 13:48:45,43.1338005065918,-8.46843338012695,"Unknown"
"7014857",371856,2025-09-29 13:53:31,43.1337127685547,-8.46823120117188,"Unknown"
"7014857",371856,2025-09-29 13:58:27,43.1334533691406,-8.46920490264893,"Unknown"
"7014857",371856,2025-09-29 14:03:26,43.1334266662598,-8.46910667419434,"Unknown"
"7014857",371856,2025-09-29 14:08:30,43.1335258483887,-8.46887397766113,"Unknown"
"7014857",371856,2025-09-29 14:13:27,43.1335258483887,-8.46907806396484,"Unknown"
"7014857",371856,2025-09-29 14:18:26,43.1333885192871,-8.46922874450684,"Unknown"
"7014857",371856,2025-09-29 14:23:26,43.1335525512695,-8.46899223327637,"Unknown"
"7014857",371856,2025-09-29 14:28:26,43.1335601806641,-8.46903610229492,"Unknown"
"7014857",371856,2025-09-29 14:33:26,43.1336364746094,-8.46894931793213,"Unknown"
"7014857",371856,2025-09-29 14:38:26,43.1335029602051,-8.46906185150146,"Unknown"
"7014857",371856,2025-09-29 14:43:27,43.1336784362793,-8.46901512145996,"Unknown"
"7014857",371856,2025-09-29 14:49:00,43.1297340393066,-8.47161388397217,"Unknown"
"7014857",371856,2025-09-29 14:53:26,43.1301727294922,-8.47183704376221,"Unknown"
"7014857",371856,2025-09-29 14:58:26,43.1301956176758,-8.47177219390869,"Unknown"
"7014857",371856,2025-09-29 15:03:26,43.1301956176758,-8.47179889678955,"Unknown"
"7014857",371856,2025-09-29 15:08:26,43.130241394043,-8.47175979614258,"Unknown"
"7014857",371856,2025-09-29 15:13:27,43.1301689147949,-8.47180080413818,"Unknown"
"7014857",371856,2025-09-29 15:18:26,43.1301383972168,-8.47162342071533,"Unknown"
"7014857",371856,2025-09-29 15:23:26,43.1300964355469,-8.47157001495361,"Unknown"
"7014857",371856,2025-09-29 15:28:28,43.1301651000977,-8.47157955169678,"Unknown"
"7014857",371856,2025-09-29 15:33:27,43.1313285827637,-8.4710807800293,"Unknown"
"7014857",371856,2025-09-29 15:38:28,43.1328659057617,-8.47254276275635,"Unknown"
"7014857",371856,2025-09-29 15:43:28,43.1331787109375,-8.47286701202393,"Unknown"
"7014857",371856,2025-09-29 15:48:31,43.1330718994141,-8.47272300720215,"Unknown"
"7014857",371856,2025-09-29 15:53:27,43.1328735351562,-8.47284317016602,"Unknown"
"7014857",371856,2025-09-29 15:58:27,43.1329574584961,-8.47281551361084,"Unknown"
"7014857",371856,2025-09-29 16:03:27,43.1328620910645,-8.47283267974854,"Unknown"
"7014857",371856,2025-09-29 16:08:27,43.1329574584961,-8.47290802001953,"Unknown"
"7014857",371856,2025-09-29 16:13:29,43.1329612731934,-8.47275257110596,"Unknown"
"7014857",371856,2025-09-29 16:18:27,43.1329002380371,-8.47285938262939,"Unknown"
"7014857",371856,2025-09-29 16:23:29,43.1329460144043,-8.47286415100098,"Unknown"
"7014857",371856,2025-09-29 16:28:31,43.1328239440918,-8.47284412384033,"Unknown"
"7014857",371856,2025-09-29 16:33:35,43.1328010559082,-8.47280597686768,"Unknown"
"7014857",371856,2025-09-29 16:38:43,43.1327705383301,-8.4728307723999,"Unknown"
"7014857",371856,2025-09-29 16:43:26,43.1328315734863,-8.47281551361084,"Unknown"
"7014857",371856,2025-09-29 16:48:26,43.1327438354492,-8.47283267974854,"Unknown"
"7014857",371856,2025-09-29 16:53:27,43.1327476501465,-8.47290515899658,"Unknown"
"7014857",371856,2025-09-29 16:58:27,43.132755279541,-8.47284126281738,"Unknown"
"7014857",371856,2025-09-29 17:03:27,43.1327857971191,-8.47283744812012,"Unknown"
"7014857",371856,2025-09-29 17:08:26,43.1463775634766,-8.47027492523193,"Unknown"
"7014857",371856,2025-09-29 17:13:26,43.163703918457,-8.46261119842529,"Unknown"
"7014857",371856,2025-09-29 17:18:27,43.1729850769043,-8.43774223327637,"Unknown"
"7014857",371856,2025-09-29 17:23:27,43.187686920166,-8.42136096954346,"Unknown"
"7014857",371856,2025-09-29 17:28:28,43.1917915344238,-8.42213439941406,"Unknown"
"7014857",371856,2025-09-29 17:34:05,43.191577911377,-8.42219543457031,"Unknown"
"7014857",371856,2025-09-29 17:38:27,43.1912727355957,-8.4223051071167,"Unknown"
"7014857",371856,2025-09-29 17:43:31,43.1909294128418,-8.42253589630127,"Unknown"
"7014857",371856,2025-09-29 17:48:30,43.1906585693359,-8.42261600494385,"Unknown"
"7014857",371856,2025-09-29 17:53:44,43.1906318664551,-8.42272663116455,"Unknown"
"7014857",371856,2025-09-29 17:58:31,43.1904716491699,-8.42264175415039,"Unknown"
"7014857",371856,2025-09-29 18:03:31,43.1904258728027,-8.42244243621826,"Unknown"
"7014857",371856,2025-09-29 18:08:40,43.1900901794434,-8.42284774780273,"Unknown"
"7014857",371856,2025-09-29 18:13:51,43.1901702880859,-8.42172813415527,"Unknown"
"7014857",371856,2025-09-29 18:18:33,43.1902008056641,-8.42151832580566,"Unknown"
"7014857",371856,2025-09-29 18:23:41,43.1900825500488,-8.4220495223999,"Unknown"
"7014857",371856,2025-09-29 18:28:36,43.1901969909668,-8.42220497131348,"Unknown"
"7014857",371856,2025-09-29 18:33:37,43.1902809143066,-8.42163848876953,"Unknown"
"7014857",371856,2025-09-29 18:38:37,43.1904525756836,-8.42171478271484,"Unknown"
"7014857",371856,2025-09-29 18:43:41,43.1902885437012,-8.4214563369751,"Unknown"
"7014857",371856,2025-09-29 18:48:59,43.190315246582,-8.42150783538818,"Unknown"
"7014857",371856,2025-09-29 18:55:22,43.1904411315918,-8.42166233062744,"Unknown"
"7014857",371856,2025-09-29 23:55:46,43.1911125183105,-8.4188060760498,"Unknown"
"7014857",371856,2025-09-30 04:55:06,43.1717796325684,-8.438796043396,"Unknown"
"7014857",371856,2025-09-30 04:59:45,43.1718673706055,-8.43890953063965,"Unknown"
"7014857",371856,2025-09-30 05:04:47,43.171875,-8.43883228302002,"Unknown"
"7014857",371856,2025-09-30 05:09:45,43.171947479248,-8.43876647949219,"Unknown"
"7014857",371856,2025-09-30 05:14:45,43.1719169616699,-8.43881416320801,"Unknown"
"7014857",371856,2025-09-30 05:19:45,43.171688079834,-8.43887710571289,"Unknown"
"7014857",371856,2025-09-30 05:24:45,43.1718215942383,-8.43872356414795,"Unknown"
"7014857",371856,2025-09-30 05:29:47,43.1720542907715,-8.43880271911621,"Unknown"
"7014857",371856,2025-09-30 05:34:53,43.1717681884766,-8.43874359130859,"Unknown"
"7014857",371856,2025-09-30 05:39:48,43.1719169616699,-8.43874645233154,"Unknown"
"7014857",371856,2025-09-30 05:44:45,43.1720695495605,-8.43877410888672,"Unknown"
"7014857",371856,2025-09-30 05:49:49,43.1717224121094,-8.43897151947021,"Unknown"
"7014857",371856,2025-09-30 05:54:49,43.1718482971191,-8.43871879577637,"Unknown"
"7014857",371856,2025-09-30 05:59:48,43.1721076965332,-8.43867683410645,"Unknown"
"7014857",371856,2025-09-30 06:04:48,43.1717491149902,-8.43898010253906,"Unknown"
"7014857",371856,2025-09-30 06:10:05,43.171875,-8.43864822387695,"Unknown"
"7014857",371856,2025-09-30 06:14:46,43.1718215942383,-8.43860816955566,"Unknown"
"7014857",371856,2025-09-30 06:19:50,43.1722183227539,-8.43819236755371,"Unknown"
"7014857",371856,2025-09-30 06:24:45,43.1722183227539,-8.43831920623779,"Unknown"
"7014857",371856,2025-09-30 06:29:55,43.1717224121094,-8.43835544586182,"Unknown"
"7014857",371856,2025-09-30 06:34:45,43.1715621948242,-8.43839073181152,"Unknown"
"7014857",371856,2025-09-30 06:39:55,43.1716918945312,-8.43837451934814,"Unknown"
"7014857",371856,2025-09-30 06:44:49,43.1717643737793,-8.43834495544434,"Unknown"
"7014857",371856,2025-09-30 06:50:05,43.171802520752,-8.43841075897217,"Unknown"
"7014857",371856,2025-09-30 06:54:46,43.1705436706543,-8.43818473815918,"Unknown"
"7014857",371856,2025-09-30 06:59:56,43.1707649230957,-8.438157081604,"Unknown"
"7014857",371856,2025-09-30 07:04:55,43.1706352233887,-8.43820571899414,"Unknown"
"7014857",371856,2025-09-30 07:09:48,43.1706924438477,-8.43829536437988,"Unknown"
"7014857",371856,2025-09-30 07:14:55,43.1704216003418,-8.43828201293945,"Unknown"
"7014857",371856,2025-09-30 07:19:54,43.1704902648926,-8.43832206726074,"Unknown"
"7014857",371856,2025-09-30 07:24:57,43.1704711914062,-8.43828392028809,"Unknown"
"7014857",371856,2025-09-30 07:30:05,43.170524597168,-8.43828010559082,"Unknown"
"7014857",371856,2025-09-30 07:34:47,43.1703758239746,-8.4382209777832,"Unknown"
"7014857",371856,2025-09-30 07:39:53,43.1705589294434,-8.43830871582031,"Unknown"
"7014857",371856,2025-09-30 07:45:05,43.1705932617188,-8.43823051452637,"Unknown"
"7014857",371856,2025-09-30 07:49:45,43.1706771850586,-8.43819999694824,"Unknown"
"7014857",371856,2025-09-30 07:54:45,43.1671524047852,-8.45431709289551,"Unknown"
"7014857",371856,2025-09-30 07:59:46,43.1304359436035,-8.4714994430542,"Unknown"
"7014857",371856,2025-09-30 08:04:45,43.1305122375488,-8.47182273864746,"Unknown"
"7014857",371856,2025-09-30 08:09:45,43.1300888061523,-8.47174835205078,"Unknown"
"7014857",371856,2025-09-30 08:14:54,43.1299057006836,-8.47186756134033,"Unknown"
"7014857",371856,2025-09-30 08:19:45,43.1300392150879,-8.47181415557861,"Unknown"
"7014857",371856,2025-09-30 08:24:45,43.130069732666,-8.47191429138184,"Unknown"
"7014857",371856,2025-09-30 08:29:45,43.1301116943359,-8.47197341918945,"Unknown"
"7014857",371856,2025-09-30 08:34:45,43.1300277709961,-8.47179317474365,"Unknown"
"7014857",371856,2025-09-30 08:39:46,43.1301040649414,-8.47177028656006,"Unknown"
"7014857",371856,2025-09-30 08:44:47,43.1298980712891,-8.47171592712402,"Unknown"
"7014857",371856,2025-09-30 08:49:50,43.1299209594727,-8.47162914276123,"Unknown"
"7014857",371856,2025-09-30 08:54:46,43.1301345825195,-8.47174739837646,"Unknown"
"7014857",371856,2025-09-30 08:59:48,43.1301918029785,-8.47172546386719,"Unknown"
"7014857",371856,2025-09-30 09:04:47,43.1300277709961,-8.47164630889893,"Unknown"
"7014857",371856,2025-09-30 09:09:49,43.1301231384277,-8.47173881530762,"Unknown"
"7014857",371856,2025-09-30 09:14:46,43.130126953125,-8.47187232971191,"Unknown"
"7014857",371856,2025-09-30 09:19:45,43.1301078796387,-8.47183513641357,"Unknown"
"7014857",371856,2025-09-30 09:24:55,43.1300163269043,-8.47145557403564,"Unknown"
"7014857",371856,2025-09-30 09:29:45,43.1298179626465,-8.47148990631104,"Unknown"
"7014857",371856,2025-09-30 09:34:55,43.129955291748,-8.47170448303223,"Unknown"
"7014857",371856,2025-09-30 09:39:49,43.1300621032715,-8.47177505493164,"Unknown"
"7014857",371856,2025-09-30 09:44:55,43.1300201416016,-8.47178077697754,"Unknown"
"7014857",371856,2025-09-30 09:49:48,43.1300468444824,-8.47188282012939,"Unknown"
"7014857",371856,2025-09-30 09:54:55,43.1299667358398,-8.47176170349121,"Unknown"
"7014857",371856,2025-09-30 09:59:46,43.1300239562988,-8.47189617156982,"Unknown"
"7014857",371856,2025-09-30 10:04:55,43.1300773620605,-8.47155952453613,"Unknown"
"7014857",371856,2025-09-30 10:09:48,43.1301536560059,-8.47160625457764,"Unknown"
"7014857",371856,2025-09-30 10:15:06,43.1301765441895,-8.47167301177979,"Unknown"
"7014857",371856,2025-09-30 10:20:14,43.1301879882812,-8.47169399261475,"Unknown"
"7014857",371856,2025-09-30 10:24:47,43.1303405761719,-8.47172164916992,"Unknown"
"7014857",371856,2025-09-30 10:29:49,43.1305732727051,-8.47196865081787,"Unknown"
"7014857",371856,2025-09-30 10:34:55,43.1304588317871,-8.47177028656006,"Unknown"
"7014857",371856,2025-09-30 10:39:47,43.1305656433105,-8.47198486328125,"Unknown"
"7014857",371856,2025-09-30 10:44:55,43.1304931640625,-8.47171115875244,"Unknown"
"7014857",371856,2025-09-30 10:49:56,43.1305274963379,-8.47174739837646,"Unknown"
"7014857",371856,2025-09-30 10:54:56,43.1305160522461,-8.47175598144531,"Unknown"
"7014857",371856,2025-09-30 10:59:59,43.1305351257324,-8.47168731689453,"Unknown"
"7014857",371856,2025-09-30 11:04:57,43.1309585571289,-8.47134399414062,"Unknown"
"7014857",371856,2025-09-30 11:09:58,43.1332931518555,-8.46942043304443,"Unknown"
"7014857",371856,2025-09-30 11:14:58,43.1332359313965,-8.46930694580078,"Unknown"
"7014857",371856,2025-09-30 11:19:59,43.133243560791,-8.46935749053955,"Unknown"
"7014857",371856,2025-09-30 11:25:03,43.1330986022949,-8.46901702880859,"Unknown"
"7014857",371856,2025-09-30 11:29:45,43.1331062316895,-8.46918392181396,"Unknown"
"7014857",371856,2025-09-30 11:34:46,43.1330070495605,-8.46929359436035,"Unknown"
"7014857",371856,2025-09-30 11:39:46,43.1331367492676,-8.46917343139648,"Unknown"
"7014857",371856,2025-09-30 11:44:48,43.1330413818359,-8.46910953521729,"Unknown"
"7014857",371856,2025-09-30 11:49:47,43.1329956054688,-8.46893501281738,"Unknown"
"7014857",371856,2025-09-30 11:54:47,43.1330909729004,-8.46913719177246,"Unknown"
"7014857",371856,2025-09-30 11:59:47,43.1331253051758,-8.4690523147583,"Unknown"
"7014857",371856,2025-09-30 12:05:05,43.133129119873,-8.46923828125,"Unknown"
"7014857",371856,2025-09-30 12:10:02,43.1331214904785,-8.46925926208496,"Unknown"
"7014857",371856,2025-09-30 12:14:46,43.1338310241699,-8.46856784820557,"Unknown"
"7014857",371856,2025-09-30 12:19:46,43.1340255737305,-8.46870136260986,"Unknown"
"7014857",371856,2025-09-30 12:24:46,43.1339645385742,-8.46861553192139,"Unknown"
"7014857",371856,2025-09-30 12:29:47,43.1333885192871,-8.46909427642822,"Unknown"
"7014857",371856,2025-09-30 12:34:47,43.1333541870117,-8.4690990447998,"Unknown"
"7014857",371856,2025-09-30 12:39:47,43.1332702636719,-8.46929168701172,"Unknown"
"7014857",371856,2025-09-30 12:44:46,43.1333923339844,-8.469162940979,"Unknown"
"7014857",371856,2025-09-30 12:49:45,43.1334190368652,-8.46907138824463,"Unknown"
"7014857",371856,2025-09-30 12:54:46,43.133358001709,-8.46911430358887,"Unknown"
"7014857",371856,2025-09-30 12:59:46,43.133373260498,-8.46910381317139,"Unknown"
"7014857",371856,2025-09-30 13:04:46,43.1333770751953,-8.46915245056152,"Unknown"
"7014857",371856,2025-09-30 13:09:45,43.1334114074707,-8.46906661987305,"Unknown"
"7014857",371856,2025-09-30 13:14:45,43.1334114074707,-8.46913051605225,"Unknown"
"7014857",371856,2025-09-30 13:19:46,43.1333961486816,-8.46912384033203,"Unknown"
"7014857",371856,2025-09-30 13:24:46,43.1333465576172,-8.46913433074951,"Unknown"
"7014857",371856,2025-09-30 13:29:46,43.1333847045898,-8.46913051605225,"Unknown"
"7014857",371856,2025-09-30 13:34:45,43.1333808898926,-8.46910858154297,"Unknown"
"7014857",371856,2025-09-30 13:39:45,43.1333694458008,-8.46911811828613,"Unknown"
"7014857",371856,2025-09-30 13:44:45,43.1333465576172,-8.4691219329834,"Unknown"
"7014857",371856,2025-09-30 13:49:45,43.1333885192871,-8.46905899047852,"Unknown"
"7014857",371856,2025-09-30 13:54:45,43.1334075927734,-8.46912479400635,"Unknown"
"7014857",371856,2025-09-30 13:59:45,43.1333351135254,-8.4691162109375,"Unknown"
"7014857",371856,2025-09-30 14:04:45,43.1333885192871,-8.46912860870361,"Unknown"
"7014857",371856,2025-09-30 14:09:45,43.1333885192871,-8.46914672851562,"Unknown"
"7014857",371856,2025-09-30 14:14:45,43.1334342956543,-8.46919536590576,"Unknown"
"7014857",371856,2025-09-30 14:19:46,43.133373260498,-8.46910667419434,"Unknown"
"7014857",371856,2025-09-30 14:24:45,43.1333847045898,-8.4691162109375,"Unknown"
"7014857",371856,2025-09-30 14:29:45,43.1334686279297,-8.46910858154297,"Unknown"
"7014857",371856,2025-09-30 14:34:46,43.1334533691406,-8.46906757354736,"Unknown"
"7014857",371856,2025-09-30 14:39:48,43.1335144042969,-8.46925354003906,"Unknown"
"7014857",371856,2025-09-30 14:44:45,43.1335792541504,-8.46926784515381,"Unknown"
"7014857",371856,2025-09-30 14:50:14,43.1299247741699,-8.47170734405518,"Unknown"
"7014857",371856,2025-09-30 14:54:48,43.1299629211426,-8.47181224822998,"Unknown"
"7014857",371856,2025-09-30 14:59:49,43.1301422119141,-8.47191619873047,"Unknown"
"7014857",371856,2025-09-30 15:04:46,43.1299858093262,-8.4716100692749,"Unknown"
"7014857",371856,2025-09-30 15:09:51,43.1322364807129,-8.47503280639648,"Unknown"
"7014857",371856,2025-09-30 15:15:03,43.1300048828125,-8.47154235839844,"Unknown"
"7014857",371856,2025-09-30 15:19:47,43.1291046142578,-8.47202491760254,"Unknown"
"7014857",371856,2025-09-30 15:24:47,43.1293106079102,-8.47160530090332,"Unknown"
"7014857",371856,2025-09-30 15:29:46,43.1294708251953,-8.47161102294922,"Unknown"
"7014857",371856,2025-09-30 15:34:46,43.1294288635254,-8.47172355651855,"Unknown"
"7014857",371856,2025-09-30 15:39:49,43.1292877197266,-8.47159290313721,"Unknown"
"7014857",371856,2025-09-30 15:44:47,43.1296539306641,-8.47189140319824,"Unknown"
"7014857",371856,2025-09-30 15:49:46,43.1293640136719,-8.47181129455566,"Unknown"
"7014857",371856,2025-09-30 15:54:47,43.1291198730469,-8.47163486480713,"Unknown"
"7014857",371856,2025-09-30 16:00:05,43.1294555664062,-8.47173976898193,"Unknown"
"7014857",371856,2025-09-30 16:04:45,43.129467010498,-8.47177124023438,"Unknown"
"7014857",371856,2025-09-30 16:09:45,43.1293792724609,-8.47171783447266,"Unknown"
"7014857",371856,2025-09-30 16:14:46,43.1294555664062,-8.47161483764648,"Unknown"
"7014857",371856,2025-09-30 16:19:45,43.129508972168,-8.47174167633057,"Unknown"
"7014857",371856,2025-09-30 16:24:45,43.1294746398926,-8.47163772583008,"Unknown"
"7014857",371856,2025-09-30 16:29:45,43.1294822692871,-8.47167205810547,"Unknown"
"7014857",371856,2025-09-30 16:34:45,43.1294937133789,-8.47176551818848,"Unknown"
"7014857",371856,2025-09-30 16:39:46,43.1295166015625,-8.47177028656006,"Unknown"
"7014857",371856,2025-09-30 16:44:45,43.1295204162598,-8.47167873382568,"Unknown"
"7014857",371856,2025-09-30 16:49:46,43.129451751709,-8.47167015075684,"Unknown"
"7014857",371856,2025-09-30 16:54:45,43.1295356750488,-8.47171878814697,"Unknown"
"7014857",371856,2025-09-30 16:59:55,43.1295547485352,-8.47162532806396,"Unknown"
"7014857",371856,2025-09-30 17:04:56,43.129566192627,-8.47160148620605,"Unknown"
"7014857",371856,2025-09-30 17:09:46,43.1294975280762,-8.47158241271973,"Unknown"
"7014857",371856,2025-09-30 17:14:46,43.1295166015625,-8.47160148620605,"Unknown"
"7014857",371856,2025-09-30 17:19:45,43.1294860839844,-8.47158050537109,"Unknown"
"7014857",371856,2025-09-30 17:24:45,43.1294975280762,-8.47146797180176,"Unknown"
"7014857",371856,2025-09-30 17:29:46,43.1295356750488,-8.47154235839844,"Unknown"
"7014857",371856,2025-09-30 17:34:46,43.1298446655273,-8.47158718109131,"Unknown"
"7014857",371856,2025-09-30 17:39:46,43.1297340393066,-8.47152709960938,"Unknown"
"7014857",371856,2025-09-30 17:44:45,43.1297187805176,-8.47153472900391,"Unknown"
"7014857",371856,2025-09-30 17:49:45,43.1298408508301,-8.47153472900391,"Unknown"
"7014857",371856,2025-09-30 17:55:14,43.1304397583008,-8.46958065032959,"Unknown"
"7014857",371856,2025-09-30 17:59:48,43.130485534668,-8.46950149536133,"Unknown"
"7014857",371856,2025-09-30 18:04:47,43.1304473876953,-8.46954536437988,"Unknown"
"7014857",371856,2025-09-30 18:09:46,43.1325187683105,-8.46779346466064,"Unknown"
"7014857",371856,2025-09-30 18:14:45,43.1327819824219,-8.46825218200684,"Unknown"
"7014857",371856,2025-09-30 18:19:45,43.1305084228516,-8.47004890441895,"Unknown"
"7014857",371856,2025-09-30 18:24:45,43.1305122375488,-8.47012042999268,"Unknown"
"7014857",371856,2025-09-30 18:29:47,43.1496086120605,-8.4618968963623,"Unknown"
"7014857",371856,2025-09-30 18:34:47,43.1719589233398,-8.44050407409668,"Unknown"
"7014857",371856,2025-09-30 18:39:47,43.1716918945312,-8.4391450881958,"Unknown"
"7014857",371856,2025-09-30 18:44:48,43.1715888977051,-8.43902778625488,"Unknown"
"7014857",371856,2025-09-30 18:50:14,43.171516418457,-8.43907356262207,"Unknown"
"7014857",371856,2025-09-30 18:53:41,43.171314239502,-8.43933773040771,"Unknown"
"7014857",371856,2025-09-30 23:54:09,43.1713829040527,-8.43948650360107,"Unknown"
"7014857",371856,2025-10-01 04:54:23,43.1712493896484,-8.43954753875732,"Unknown"
"7014857",371856,2025-10-01 04:56:14,43.1712455749512,-8.43956661224365,"Unknown"
"7014857",371856,2025-10-01 05:01:21,43.1712112426758,-8.43956184387207,"Unknown"
"7014857",371856,2025-10-01 05:06:09,43.1714324951172,-8.43866920471191,"Unknown"
"7014857",371856,2025-10-01 05:11:19,43.1712532043457,-8.43965721130371,"Unknown"
"7014857",371856,2025-10-01 05:16:35,43.1713447570801,-8.43959712982178,"Unknown"
"7014857",371856,2025-10-01 05:21:10,43.171573638916,-8.43926620483398,"Unknown"
"7014857",371856,2025-10-01 05:26:05,43.1708374023438,-8.44072723388672,"Unknown"
"7014857",371856,2025-10-01 05:31:06,43.1709480285645,-8.44042873382568,"Unknown"
"7014857",371856,2025-10-01 05:36:07,43.1713333129883,-8.43962287902832,"Unknown"
"7014857",371856,2025-10-01 05:41:05,43.1713714599609,-8.4398365020752,"Unknown"
"7014857",371856,2025-10-01 05:46:05,43.1714820861816,-8.43962383270264,"Unknown"
"7014857",371856,2025-10-01 05:51:06,43.1712951660156,-8.43979072570801,"Unknown"
"7014857",371856,2025-10-01 05:56:07,43.1711006164551,-8.43986225128174,"Unknown"
"7014857",371856,2025-10-01 06:01:10,43.1722221374512,-8.43854808807373,"Unknown"
"7014857",371856,2025-10-01 06:06:07,43.1718368530273,-8.43937301635742,"Unknown"
"7014857",371856,2025-10-01 06:11:10,43.1713027954102,-8.43970203399658,"Unknown"
"7014857",371856,2025-10-01 06:16:06,43.1708145141602,-8.43850612640381,"Unknown"
"7014857",371856,2025-10-01 06:21:19,43.1706504821777,-8.43870830535889,"Unknown"
"7014857",371856,2025-10-01 06:26:06,43.1708450317383,-8.43841934204102,"Unknown"
"7014857",371856,2025-10-01 06:31:07,43.1707534790039,-8.43846702575684,"Unknown"
"7014857",371856,2025-10-01 06:36:16,43.1705894470215,-8.43850803375244,"Unknown"
"7014857",371856,2025-10-01 06:41:08,43.1706733703613,-8.43849658966064,"Unknown"
"7014857",371856,2025-10-01 06:46:06,43.1705360412598,-8.43847179412842,"Unknown"
"7014857",371856,2025-10-01 06:51:07,43.1705551147461,-8.43855667114258,"Unknown"
"7014857",371856,2025-10-01 06:56:06,43.1716346740723,-8.44660472869873,"Unknown"
"7014857",371856,2025-10-01 07:01:06,43.1716461181641,-8.44641780853271,"Unknown"
"7014857",371856,2025-10-01 07:06:09,43.1713752746582,-8.44648265838623,"Unknown"
"7014857",371856,2025-10-01 07:11:06,43.1714668273926,-8.44515514373779,"Unknown"
"7014857",371856,2025-10-01 07:16:07,43.1714172363281,-8.44524955749512,"Unknown"
"7014857",371856,2025-10-01 07:21:10,43.1714553833008,-8.44525909423828,"Unknown"
"7014857",371856,2025-10-01 07:26:09,43.1714248657227,-8.44527149200439,"Unknown"
"7014857",371856,2025-10-01 07:31:11,43.171459197998,-8.44526481628418,"Unknown"
"7014857",371856,2025-10-01 07:36:05,43.1714134216309,-8.44526100158691,"Unknown"
"7014857",371856,2025-10-01 07:41:05,43.1715087890625,-8.44520473480225,"Unknown"
"7014857",371856,2025-10-01 07:46:07,43.1714363098145,-8.44521522521973,"Unknown"
"7014857",371856,2025-10-01 07:51:05,43.1712646484375,-8.44566535949707,"Unknown"
"7014857",371856,2025-10-01 07:56:05,43.1713638305664,-8.44567108154297,"Unknown"
"7014857",371856,2025-10-01 08:01:06,43.1712646484375,-8.44557762145996,"Unknown"
"7014857",371856,2025-10-01 08:06:05,43.1712837219238,-8.44559574127197,"Unknown"
"7014857",371856,2025-10-01 08:11:24,43.1713218688965,-8.44565105438232,"Unknown"
"7014857",371856,2025-10-01 08:16:06,43.1713371276855,-8.44571018218994,"Unknown"
"7014857",371856,2025-10-01 08:21:35,43.1713180541992,-8.44566059112549,"Unknown"
"7014857",371856,2025-10-01 08:26:06,43.1713371276855,-8.44566631317139,"Unknown"
"7014857",371856,2025-10-01 08:31:05,43.1713409423828,-8.44567108154297,"Unknown"
"7014857",371856,2025-10-01 08:36:05,43.1713523864746,-8.44561958312988,"Unknown"
"7014857",371856,2025-10-01 08:41:05,43.1713180541992,-8.44568634033203,"Unknown"
"7014857",371856,2025-10-01 08:46:06,43.1713523864746,-8.44567966461182,"Unknown"
"7014857",371856,2025-10-01 08:51:05,43.1713485717773,-8.4456090927124,"Unknown"
"7014857",371856,2025-10-01 08:56:06,43.1713714599609,-8.44559192657471,"Unknown"
"7014857",371856,2025-10-01 09:01:05,43.1713409423828,-8.4456958770752,"Unknown"
"7014857",371856,2025-10-01 09:06:06,43.1713600158691,-8.44563007354736,"Unknown"
"7014857",371856,2025-10-01 09:11:08,43.1712684631348,-8.44567394256592,"Unknown"
"7014857",371856,2025-10-01 09:16:07,43.171272277832,-8.44574069976807,"Unknown"
"7014857",371856,2025-10-01 09:21:13,43.171257019043,-8.44575500488281,"Unknown"
"7014857",371856,2025-10-01 09:26:09,43.1712989807129,-8.44569969177246,"Unknown"
"7014857",371856,2025-10-01 09:31:08,43.1713104248047,-8.44571304321289,"Unknown"
"7014857",371856,2025-10-01 09:36:26,43.1713180541992,-8.4457483291626,"Unknown"
"7014857",371856,2025-10-01 09:41:08,43.1711959838867,-8.44586086273193,"Unknown"
"7014857",371856,2025-10-01 09:46:16,43.1719169616699,-8.44634914398193,"Unknown"
"7014857",371856,2025-10-01 09:51:12,43.1721305847168,-8.44622421264648,"Unknown"
"7014857",371856,2025-10-01 09:56:17,43.1720085144043,-8.44627380371094,"Unknown"
"7014857",371856,2025-10-01 10:01:19,43.171817779541,-8.4463415145874,"Unknown"
"7014857",371856,2025-10-01 10:06:19,43.1719245910645,-8.446608543396,"Unknown"
"7014857",371856,2025-10-01 10:11:20,43.1643714904785,-8.45910453796387,"Unknown"
"7014857",371856,2025-10-01 10:16:19,43.1367645263672,-8.46714687347412,"Unknown"
"7014857",371856,2025-10-01 10:21:35,43.1304969787598,-8.47102928161621,"Unknown"
"7014857",371856,2025-10-01 10:26:06,43.1305541992188,-8.47106170654297,"Unknown"
"7014857",371856,2025-10-01 10:31:07,43.1305999755859,-8.47104549407959,"Unknown"
"7014857",371856,2025-10-01 10:36:07,43.1304512023926,-8.47118377685547,"Unknown"
"7014857",371856,2025-10-01 10:41:06,43.130428314209,-8.47123146057129,"Unknown"
"7014857",371856,2025-10-01 10:46:08,43.1304817199707,-8.47116184234619,"Unknown"
"7014857",371856,2025-10-01 10:51:19,43.1338577270508,-8.4683666229248,"Unknown"
"7014857",371856,2025-10-01 10:56:07,43.1333847045898,-8.46836948394775,"Unknown"
"7014857",371856,2025-10-01 11:01:09,43.1337966918945,-8.46872901916504,"Unknown"
"7014857",371856,2025-10-01 11:06:08,43.1337738037109,-8.46887111663818,"Unknown"
"7014857",371856,2025-10-01 11:11:06,43.1335029602051,-8.46930694580078,"Unknown"
"7014857",371856,2025-10-01 11:16:06,43.1332511901855,-8.46919727325439,"Unknown"
"7014857",371856,2025-10-01 11:21:08,43.1335105895996,-8.46934700012207,"Unknown"
"7014857",371856,2025-10-01 11:26:09,43.1332817077637,-8.46901321411133,"Unknown"
"7014857",371856,2025-10-01 11:31:05,43.1335144042969,-8.4692964553833,"Unknown"
"7014857",371856,2025-10-01 11:36:06,43.1334266662598,-8.46919918060303,"Unknown"
"7014857",371856,2025-10-01 11:41:06,43.1334228515625,-8.46915149688721,"Unknown"
"7014857",371856,2025-10-01 11:46:12,43.133358001709,-8.46916484832764,"Unknown"
"7014857",371856,2025-10-01 11:51:05,43.1333847045898,-8.46896553039551,"Unknown"
"7014857",371856,2025-10-01 11:56:11,43.1334228515625,-8.46928596496582,"Unknown"
"7014857",371856,2025-10-01 12:01:14,43.1334075927734,-8.4691276550293,"Unknown"
"7014857",371856,2025-10-01 12:06:05,43.133544921875,-8.46944999694824,"Unknown"
"7014857",371856,2025-10-01 12:11:19,43.1334037780762,-8.46917057037354,"Unknown"
"7014857",371856,2025-10-01 12:16:35,43.1334075927734,-8.4691743850708,"Unknown"
"7014857",371856,2025-10-01 12:21:05,43.1333999633789,-8.46918964385986,"Unknown"
"7014857",371856,2025-10-01 12:26:05,43.133430480957,-8.46916198730469,"Unknown"
"7014857",371856,2025-10-01 12:31:06,43.1340560913086,-8.46868324279785,"Unknown"
"7014857",371856,2025-10-01 12:36:06,43.1332702636719,-8.46900272369385,"Unknown"
"7014857",371856,2025-10-01 12:41:05,43.1332778930664,-8.46905040740967,"Unknown"
"7014857",371856,2025-10-01 12:46:06,43.1332817077637,-8.4688549041748,"Unknown"
"7014857",371856,2025-10-01 12:51:06,43.1333236694336,-8.46915817260742,"Unknown"
"7014857",371856,2025-10-01 12:56:06,43.1332054138184,-8.46913623809814,"Unknown"
"7014857",371856,2025-10-01 13:01:05,43.1333045959473,-8.46906185150146,"Unknown"
"7014857",371856,2025-10-01 13:06:05,43.1332740783691,-8.46907424926758,"Unknown"
"7014857",371856,2025-10-01 13:11:06,43.1332244873047,-8.4691333770752,"Unknown"
"7014857",371856,2025-10-01 13:16:05,43.1332855224609,-8.4690990447998,"Unknown"
"7014857",371856,2025-10-01 13:21:05,43.1332778930664,-8.46912288665771,"Unknown"
"7014857",371856,2025-10-01 13:26:05,43.1332778930664,-8.4691162109375,"Unknown"
"7014857",371856,2025-10-01 13:31:05,43.133358001709,-8.46907329559326,"Unknown"
"7014857",371856,2025-10-01 13:36:05,43.1333122253418,-8.46911144256592,"Unknown"
"7014857",371856,2025-10-01 13:41:05,43.1331939697266,-8.46911430358887,"Unknown"
"7014857",371856,2025-10-01 13:46:05,43.13330078125,-8.469069480896,"Unknown"
"7014857",371856,2025-10-01 13:51:05,43.1333084106445,-8.46907138824463,"Unknown"
"7014857",371856,2025-10-01 13:56:06,43.1332893371582,-8.46911716461182,"Unknown"
"7014857",371856,2025-10-01 14:01:05,43.1332321166992,-8.46911811828613,"Unknown"
"7014857",371856,2025-10-01 14:06:05,43.1333312988281,-8.46907138824463,"Unknown"
"7014857",371856,2025-10-01 14:11:05,43.133228302002,-8.46908092498779,"Unknown"
"7014857",371856,2025-10-01 14:16:05,43.1332473754883,-8.46916389465332,"Unknown"
"7014857",371856,2025-10-01 14:21:05,43.1333122253418,-8.4690637588501,"Unknown"
"7014857",371856,2025-10-01 14:26:07,43.1333236694336,-8.46916961669922,"Unknown"
"7014857",371856,2025-10-01 14:31:06,43.1333808898926,-8.46914005279541,"Unknown"
"7014857",371856,2025-10-01 14:36:07,43.1337280273438,-8.46975898742676,"Unknown"
"7014857",371856,2025-10-01 14:41:06,43.1335029602051,-8.46926116943359,"Unknown"
"7014857",371856,2025-10-01 14:46:06,43.1336212158203,-8.46946144104004,"Unknown"
"7014857",371856,2025-10-01 14:51:12,43.1330070495605,-8.46829223632812,"Unknown"
"7014857",371856,2025-10-01 14:56:08,43.1343078613281,-8.4705696105957,"Unknown"
"7014857",371856,2025-10-01 15:01:26,43.1333427429199,-8.46907234191895,"Unknown"
"7014857",371856,2025-10-01 15:06:35,43.133373260498,-8.46905708312988,"Unknown"
"7014857",371856,2025-10-01 15:11:05,43.1333923339844,-8.46906852722168,"Unknown"
"7014857",371856,2025-10-01 15:16:06,43.1333694458008,-8.4690637588501,"Unknown"
"7014857",371856,2025-10-01 15:21:06,43.1333541870117,-8.46905994415283,"Unknown"
"7014857",371856,2025-10-01 15:26:05,43.1333999633789,-8.46909046173096,"Unknown"
"7014857",371856,2025-10-01 15:31:05,43.133415222168,-8.46902656555176,"Unknown"
"7014857",371856,2025-10-01 15:36:05,43.1333847045898,-8.46904754638672,"Unknown"
"7014857",371856,2025-10-01 15:41:08,43.1339302062988,-8.46848678588867,"Unknown"
"7014857",371856,2025-10-01 15:46:06,43.1339073181152,-8.4688024520874,"Unknown"
"7014857",371856,2025-10-01 15:51:06,43.1333122253418,-8.46901607513428,"Unknown"
"7014857",371856,2025-10-01 15:56:06,43.1333198547363,-8.46907043457031,"Unknown"
"7014857",371856,2025-10-01 16:01:07,43.1333045959473,-8.4690113067627,"Unknown"
"7014857",371856,2025-10-01 16:06:19,43.1332588195801,-8.46907901763916,"Unknown"
"7014857",371856,2025-10-01 16:11:06,43.1332359313965,-8.4689998626709,"Unknown"
"7014857",371856,2025-10-01 16:16:06,43.1332931518555,-8.46915340423584,"Unknown"
"7014857",371856,2025-10-01 16:21:05,43.1332893371582,-8.46905422210693,"Unknown"
"7014857",371856,2025-10-01 16:26:05,43.1332893371582,-8.46904277801514,"Unknown"
"7014857",371856,2025-10-01 16:31:05,43.1332664489746,-8.46902179718018,"Unknown"
"7014857",371856,2025-10-01 16:36:06,43.1333274841309,-8.46909046173096,"Unknown"
"7014857",371856,2025-10-01 16:41:07,43.1333961486816,-8.46908855438232,"Unknown"
"7014857",371856,2025-10-01 16:46:06,43.133472442627,-8.46912479400635,"Unknown"
"7014857",371856,2025-10-01 16:51:07,43.1335411071777,-8.46913051605225,"Unknown"
"7014857",371856,2025-10-01 16:56:08,43.133544921875,-8.46916007995605,"Unknown"
"7014857",371856,2025-10-01 17:01:09,43.1334419250488,-8.46918296813965,"Unknown"
"7014857",371856,2025-10-01 17:06:22,43.1333808898926,-8.46909999847412,"Unknown"
"7014857",371856,2025-10-01 17:11:19,43.1335182189941,-8.46916675567627,"Unknown"
"7014857",371856,2025-10-01 17:16:18,43.1333351135254,-8.46909427642822,"Unknown"
"7014857",371856,2025-10-01 17:21:17,43.133415222168,-8.46919059753418,"Unknown"
"7014857",371856,2025-10-01 17:26:24,43.1334075927734,-8.46917343139648,"Unknown"
"7014857",371856,2025-10-01 17:31:35,43.1333160400391,-8.46910858154297,"Unknown"
"7014857",371856,2025-10-01 17:36:05,43.1334228515625,-8.46908187866211,"Unknown"
"7014857",371856,2025-10-01 17:41:05,43.1345367431641,-8.46929264068604,"Unknown"
"7014857",371856,2025-10-01 17:46:06,43.1531829833984,-8.46261978149414,"Unknown"
"7014857",371856,2025-10-01 17:51:06,43.1716270446777,-8.44142436981201,"Unknown"
"7014857",371856,2025-10-01 17:56:06,43.1927223205566,-8.41908264160156,"Unknown"
"7014857",371856,2025-10-01 18:01:06,43.1915283203125,-8.42193508148193,"Unknown"
"7014857",371856,2025-10-01 18:06:06,43.1914138793945,-8.4218692779541,"Unknown"
"7014857",371856,2025-10-01 18:11:06,43.1912536621094,-8.42173957824707,"Unknown"
"7014857",371856,2025-10-01 18:16:09,43.1912536621094,-8.42135715484619,"Unknown"
"7014857",371856,2025-10-01 18:21:08,43.1910934448242,-8.42149543762207,"Unknown"
"7014857",371856,2025-10-01 18:26:07,43.1910972595215,-8.42135238647461,"Unknown"
"7014857",371856,2025-10-01 18:31:13,43.1912117004395,-8.42107677459717,"Unknown"
"7014857",371856,2025-10-01 18:36:11,43.1913757324219,-8.42062759399414,"Unknown"
"7014857",371856,2025-10-01 18:41:13,43.191333770752,-8.4202995300293,"Unknown"
"7014857",371856,2025-10-01 18:46:06,43.1918182373047,-8.42014122009277,"Unknown"
"7014857",371856,2025-10-01 18:52:18,43.1923561096191,-8.4204273223877,"Unknown"
"7014857",371856,2025-10-01 23:52:53,43.1714744567871,-8.43900108337402,"Unknown"
"7014857",371856,2025-10-02 04:52:53,43.1715240478516,-8.43906021118164,"Unknown"
"7014857",371856,2025-10-02 04:57:11,43.171501159668,-8.43900394439697,"Unknown"
"7014857",371856,2025-10-02 05:02:11,43.1715126037598,-8.43904685974121,"Unknown"
"7014857",371856,2025-10-02 05:07:11,43.1715316772461,-8.43901062011719,"Unknown"
"7014857",371856,2025-10-02 05:12:11,43.1715278625488,-8.43893718719482,"Unknown"
"7014857",371856,2025-10-02 05:17:11,43.1715660095215,-8.43900203704834,"Unknown"
"7014857",371856,2025-10-02 05:22:11,43.171558380127,-8.43901824951172,"Unknown"
"7014857",371856,2025-10-02 05:27:12,43.1714668273926,-8.43904972076416,"Unknown"
"7014857",371856,2025-10-02 05:32:16,43.1711616516113,-8.43876171112061,"Unknown"
"7014857",371856,2025-10-02 05:37:12,43.1711845397949,-8.43878746032715,"Unknown"
"7014857",371856,2025-10-02 05:42:13,43.1715431213379,-8.43902397155762,"Unknown"
"7014857",371856,2025-10-02 05:47:12,43.171443939209,-8.43898391723633,"Unknown"
"7014857",371856,2025-10-02 05:52:11,43.1715812683105,-8.43908882141113,"Unknown"
"7014857",371856,2025-10-02 05:57:13,43.1716003417969,-8.43906307220459,"Unknown"
"7014857",371856,2025-10-02 06:02:16,43.1714324951172,-8.43906879425049,"Unknown"
"7014857",371856,2025-10-02 06:07:11,43.1714248657227,-8.43908309936523,"Unknown"
"7014857",371856,2025-10-02 06:12:15,43.1713943481445,-8.43900585174561,"Unknown"
"7014857",371856,2025-10-02 06:17:35,43.1713638305664,-8.43913555145264,"Unknown"
"7014857",371856,2025-10-02 06:22:11,43.1711349487305,-8.43924903869629,"Unknown"
"7014857",371856,2025-10-02 06:27:11,43.171199798584,-8.43920993804932,"Unknown"
"7014857",371856,2025-10-02 06:32:13,43.1720924377441,-8.44391822814941,"Unknown"
"7014857",371856,2025-10-02 06:37:12,43.1725807189941,-8.44606971740723,"Unknown"
"7014857",371856,2025-10-02 06:42:12,43.1724853515625,-8.44586944580078,"Unknown"
"7014857",371856,2025-10-02 06:47:15,43.1720695495605,-8.44542694091797,"Unknown"
"7014857",371856,2025-10-02 06:52:12,43.172061920166,-8.44526481628418,"Unknown"
"7014857",371856,2025-10-02 06:57:13,43.1721534729004,-8.44524478912354,"Unknown"
"7014857",371856,2025-10-02 07:02:12,43.1721305847168,-8.44521427154541,"Unknown"
"7014857",371856,2025-10-02 07:07:13,43.1722869873047,-8.44533348083496,"Unknown"
"7014857",371856,2025-10-02 07:12:12,43.172176361084,-8.4452428817749,"Unknown"
"7014857",371856,2025-10-02 07:17:11,43.1722602844238,-8.44523239135742,"Unknown"
"7014857",371856,2025-10-02 07:22:12,43.172233581543,-8.44529247283936,"Unknown"
"7014857",371856,2025-10-02 07:27:11,43.1721992492676,-8.44518184661865,"Unknown"
"7014857",371856,2025-10-02 07:32:12,43.1722068786621,-8.44518756866455,"Unknown"
"7014857",371856,2025-10-02 07:37:11,43.1722640991211,-8.44542121887207,"Unknown"
"7014857",371856,2025-10-02 07:42:12,43.172492980957,-8.44556045532227,"Unknown"
"7014857",371856,2025-10-02 07:47:14,43.172004699707,-8.44593620300293,"Unknown"
"7014857",371856,2025-10-02 07:52:14,43.1719589233398,-8.44600868225098,"Unknown"
"7014857",371856,2025-10-02 07:57:13,43.1712265014648,-8.4454517364502,"Unknown"
"7014857",371856,2025-10-02 08:02:11,43.1712646484375,-8.44544124603271,"Unknown"
"7014857",371856,2025-10-02 08:07:13,43.1711730957031,-8.44535064697266,"Unknown"
"7014857",371856,2025-10-02 08:12:12,43.1712608337402,-8.44548416137695,"Unknown"
"7014857",371856,2025-10-02 08:17:13,43.1712074279785,-8.44533061981201,"Unknown"
"7014857",371856,2025-10-02 08:22:12,43.1712226867676,-8.445387840271,"Unknown"
"7014857",371856,2025-10-02 08:27:13,43.1710357666016,-8.44516944885254,"Unknown"
"7014857",371856,2025-10-02 08:32:14,43.1711349487305,-8.44527530670166,"Unknown"
"7014857",371856,2025-10-02 08:37:16,43.1710395812988,-8.44519805908203,"Unknown"
"7014857",371856,2025-10-02 08:42:35,43.1712493896484,-8.44536399841309,"Unknown"
"7014857",371856,2025-10-02 08:47:12,43.1712265014648,-8.44534492492676,"Unknown"
"7014857",371856,2025-10-02 08:52:12,43.1712608337402,-8.44542503356934,"Unknown"
"7014857",371856,2025-10-02 08:57:13,43.1711082458496,-8.44523143768311,"Unknown"
"7014857",371856,2025-10-02 09:02:12,43.1712455749512,-8.44534969329834,"Unknown"
"7014857",371856,2025-10-02 09:07:12,43.1712455749512,-8.44541263580322,"Unknown"
"7014857",371856,2025-10-02 09:12:11,43.1712455749512,-8.44535732269287,"Unknown"
"7014857",371856,2025-10-02 09:17:16,43.1711120605469,-8.44527053833008,"Unknown"
"7014857",371856,2025-10-02 09:22:13,43.1712875366211,-8.44544982910156,"Unknown"
"7014857",371856,2025-10-02 09:27:17,43.1711883544922,-8.44557666778564,"Unknown"
"7014857",371856,2025-10-02 09:32:12,43.1716766357422,-8.44615364074707,"Unknown"
"7014857",371856,2025-10-02 09:37:19,43.1712913513184,-8.44550609588623,"Unknown"
"7014857",371856,2025-10-02 09:42:12,43.1713752746582,-8.44564437866211,"Unknown"
"7014857",371856,2025-10-02 09:47:18,43.1712379455566,-8.44543170928955,"Unknown"
"7014857",371856,2025-10-02 09:52:13,43.1712989807129,-8.44553279876709,"Unknown"
"7014857",371856,2025-10-02 09:57:11,43.17138671875,-8.44537448883057,"Unknown"
"7014857",371856,2025-10-02 10:02:13,43.1712799072266,-8.44546413421631,"Unknown"
"7014857",371856,2025-10-02 10:07:11,43.1711349487305,-8.44547939300537,"Unknown"
"7014857",371856,2025-10-02 10:12:12,43.1712455749512,-8.44554424285889,"Unknown"
"7014857",371856,2025-10-02 10:17:11,43.1712074279785,-8.44532680511475,"Unknown"
"7014857",371856,2025-10-02 10:22:11,43.1711578369141,-8.44552516937256,"Unknown"
"7014857",371856,2025-10-02 10:27:11,43.1711769104004,-8.44586563110352,"Unknown"
"7014857",371856,2025-10-02 10:32:28,43.1711273193359,-8.44583129882812,"Unknown"
"7014857",371856,2025-10-02 10:37:15,43.1710548400879,-8.44563579559326,"Unknown"
"7014857",371856,2025-10-02 10:42:14,43.1711044311523,-8.4458179473877,"Unknown"
"7014857",371856,2025-10-02 10:47:22,43.1711463928223,-8.44583511352539,"Unknown"
"7014857",371856,2025-10-02 10:52:11,43.1711463928223,-8.44591617584229,"Unknown"
"7014857",371856,2025-10-02 10:57:12,43.1710014343262,-8.44571781158447,"Unknown"
"7014857",371856,2025-10-02 11:02:14,43.1713676452637,-8.4460916519165,"Unknown"
"7014857",371856,2025-10-02 11:07:13,43.1671371459961,-8.44952774047852,"Unknown"
"7014857",371856,2025-10-02 11:12:17,43.1414260864258,-8.46455955505371,"Unknown"
"7014857",371856,2025-10-02 11:17:27,43.1320190429688,-8.46768569946289,"Unknown"
"7014857",371856,2025-10-02 11:22:16,43.1322212219238,-8.46787166595459,"Unknown"
"7014857",371856,2025-10-02 11:27:35,43.1320610046387,-8.4676513671875,"Unknown"
"7014857",371856,2025-10-02 11:32:11,43.1297340393066,-8.47073078155518,"Unknown"
"7014857",371856,2025-10-02 11:37:11,43.1293754577637,-8.46997547149658,"Unknown"
"7014857",371856,2025-10-02 11:42:12,43.1291656494141,-8.46978569030762,"Unknown"
"7014857",371856,2025-10-02 11:47:12,43.1292762756348,-8.46987342834473,"Unknown"
"7014857",371856,2025-10-02 11:52:11,43.1292381286621,-8.47006416320801,"Unknown"
"7014857",371856,2025-10-02 11:57:12,43.1291847229004,-8.47000885009766,"Unknown"
"7014857",371856,2025-10-02 12:02:19,43.1291007995605,-8.46988582611084,"Unknown"
"7014857",371856,2025-10-02 12:07:35,43.1291580200195,-8.46984767913818,"Unknown"
"7014857",371856,2025-10-02 12:12:11,43.129207611084,-8.46986198425293,"Unknown"
"7014857",371856,2025-10-02 12:17:12,43.1291198730469,-8.4699878692627,"Unknown"
"7014857",371856,2025-10-02 12:22:44,43.1290512084961,-8.46996402740479,"Unknown"
"7014857",371856,2025-10-02 12:27:11,43.1293487548828,-8.46973323822021,"Unknown"
"7014857",371856,2025-10-02 12:32:13,43.1292762756348,-8.46987247467041,"Unknown"
"7014857",371856,2025-10-02 12:37:15,43.1291465759277,-8.47002029418945,"Unknown"
"7014857",371856,2025-10-02 12:42:13,43.1291160583496,-8.47009086608887,"Unknown"
"7014857",371856,2025-10-02 12:47:35,43.1291923522949,-8.47001361846924,"Unknown"
"7014857",371856,2025-10-02 12:52:11,43.1291732788086,-8.47004985809326,"Unknown"
"7014857",371856,2025-10-02 12:57:11,43.1292495727539,-8.46998691558838,"Unknown"
"7014857",371856,2025-10-02 13:02:11,43.1291961669922,-8.46999835968018,"Unknown"
"7014857",371856,2025-10-02 13:07:11,43.1291656494141,-8.47006607055664,"Unknown"
"7014857",371856,2025-10-02 13:12:11,43.1292114257812,-8.47000980377197,"Unknown"
"7014857",371856,2025-10-02 13:17:11,43.1291961669922,-8.47005176544189,"Unknown"
"7014857",371856,2025-10-02 13:22:16,43.130744934082,-8.47119140625,"Unknown"
"7014857",371856,2025-10-02 13:27:11,43.1300086975098,-8.47142887115479,"Unknown"
"7014857",371856,2025-10-02 13:32:12,43.1299667358398,-8.4714879989624,"Unknown"
"7014857",371856,2025-10-02 13:37:12,43.1300010681152,-8.47159004211426,"Unknown"
"7014857",371856,2025-10-02 13:42:15,43.1299667358398,-8.47156238555908,"Unknown"
"7014857",371856,2025-10-02 13:47:14,43.1299667358398,-8.47146415710449,"Unknown"
"7014857",371856,2025-10-02 13:52:15,43.1299743652344,-8.47152614593506,"Unknown"
"7014857",371856,2025-10-02 13:57:11,43.1300201416016,-8.47153854370117,"Unknown"
"7014857",371856,2025-10-02 14:02:11,43.1299858093262,-8.47167778015137,"Unknown"
"7014857",371856,2025-10-02 14:07:14,43.1299781799316,-8.47173500061035,"Unknown"
"7014857",371856,2025-10-02 14:12:11,43.1298980712891,-8.4716796875,"Unknown"
"7014857",371856,2025-10-02 14:17:19,43.132869720459,-8.46799659729004,"Unknown"
"7014857",371856,2025-10-02 14:22:12,43.1327972412109,-8.46846008300781,"Unknown"
"7014857",371856,2025-10-02 14:27:19,43.1325531005859,-8.4681453704834,"Unknown"
"7014857",371856,2025-10-02 14:32:19,43.1328582763672,-8.46852016448975,"Unknown"
"7014857",371856,2025-10-02 14:37:17,43.1327247619629,-8.46833038330078,"Unknown"
"7014857",371856,2025-10-02 14:42:58,43.1327819824219,-8.46822452545166,"Unknown"
"7014857",371856,2025-10-02 14:47:12,43.1328353881836,-8.46818447113037,"Unknown"
"7014857",371856,2025-10-02 14:52:12,43.1326751708984,-8.46843338012695,"Unknown"
"7014857",371856,2025-10-02 14:57:12,43.1326751708984,-8.4682035446167,"Unknown"
"7014857",371856,2025-10-02 15:02:12,43.132640838623,-8.46803283691406,"Unknown"
"7014857",371856,2025-10-02 15:07:13,43.1327018737793,-8.46826839447021,"Unknown"
"7014857",371856,2025-10-02 15:12:13,43.1327247619629,-8.46851539611816,"Unknown"
"7014857",371856,2025-10-02 15:17:16,43.1328620910645,-8.46780681610107,"Unknown"
"7014857",371856,2025-10-02 15:22:13,43.1326293945312,-8.46844291687012,"Unknown"
"7014857",371856,2025-10-02 15:27:24,43.1328048706055,-8.4680643081665,"Unknown"
"7014857",371856,2025-10-02 15:32:37,43.1326484680176,-8.46805477142334,"Unknown"
"7014857",371856,2025-10-02 15:37:17,43.1297988891602,-8.47162246704102,"Unknown"
"7014857",371856,2025-10-02 15:42:16,43.1302490234375,-8.47160530090332,"Unknown"
"7014857",371856,2025-10-02 15:47:12,43.1301307678223,-8.47134208679199,"Unknown"
"7014857",371856,2025-10-02 15:52:16,43.1300315856934,-8.47134876251221,"Unknown"
"7014857",371856,2025-10-02 15:57:13,43.1301307678223,-8.47131252288818,"Unknown"
"7014857",371856,2025-10-02 16:02:44,43.1299476623535,-8.47150993347168,"Unknown"
"7014857",371856,2025-10-02 16:07:12,43.129955291748,-8.47151565551758,"Unknown"
"7014857",371856,2025-10-02 16:12:15,43.1299133300781,-8.47146320343018,"Unknown"
"7014857",371856,2025-10-02 16:17:13,43.1441383361816,-8.46523380279541,"Unknown"
"7014857",371856,2025-10-02 16:22:13,43.1694793701172,-8.4520320892334,"Unknown"
"7014857",371856,2025-10-02 16:27:13,43.1891822814941,-8.42849826812744,"Unknown"
"7014857",371856,2025-10-02 16:32:13,43.1921806335449,-8.4221773147583,"Unknown"
"7014857",371856,2025-10-02 16:37:25,43.1916847229004,-8.42219638824463,"Unknown"
"7014857",371856,2025-10-02 16:42:30,43.1968803405762,-8.42495250701904,"Unknown"
"7014857",371856,2025-10-02 16:47:17,43.1982383728027,-8.42496681213379,"Unknown"
"7014857",371856,2025-10-02 16:52:15,43.1990776062012,-8.41863822937012,"Unknown"
"7014857",371856,2025-10-02 16:57:12,43.2112922668457,-8.41088962554932,"Unknown"
"7014857",371856,2025-10-02 17:02:59,43.232364654541,-8.3907585144043,"Unknown"
"7014857",371856,2025-10-02 17:07:11,43.2547454833984,-8.38461208343506,"Unknown"
"7014857",371856,2025-10-02 17:12:13,43.276538848877,-8.37796688079834,"Unknown"
"7014857",371856,2025-10-02 17:17:11,43.3029365539551,-8.37036991119385,"Unknown"
"7014857",371856,2025-10-02 17:22:12,43.325023651123,-8.38267040252686,"Unknown"
"7014857",371856,2025-10-02 17:27:11,43.3481597900391,-8.38383960723877,"Unknown"
"7014857",371856,2025-10-02 17:32:12,43.3578834533691,-8.39374732971191,"Unknown"
"7014857",371856,2025-10-02 17:37:21,43.3607482910156,-8.40289688110352,"Unknown"
"7014857",371856,2025-10-02 17:47:18,43.360725402832,-8.40281963348389,"Unknown"
"7014857",371856,2025-10-02 17:52:17,43.3607559204102,-8.40274906158447,"Unknown"
"7014857",371856,2025-10-02 17:57:12,43.3607521057129,-8.40266132354736,"Unknown"
"7014857",371856,2025-10-02 18:02:13,43.3608322143555,-8.40267467498779,"Unknown"
"7014857",371856,2025-10-02 18:07:15,43.3607368469238,-8.40278148651123,"Unknown"
"7014857",371856,2025-10-02 18:12:16,43.3606910705566,-8.40212535858154,"Unknown"
"7014857",371856,2025-10-02 18:17:18,43.3607482910156,-8.40213584899902,"Unknown"
"7014857",371856,2025-10-02 18:22:23,43.3606643676758,-8.4024600982666,"Unknown"
"7014857",371856,2025-10-02 18:27:15,43.3608055114746,-8.4020938873291,"Unknown"
"7014857",371856,2025-10-02 18:32:15,43.3608551025391,-8.402024269104,"Unknown"
"7014857",371856,2025-10-02 18:37:16,43.3608093261719,-8.40206432342529,"Unknown"
"7014857",371856,2025-10-02 18:42:14,43.3608589172363,-8.40175247192383,"Unknown"
"7014857",371856,2025-10-02 18:47:17,43.3607864379883,-8.40186595916748,"Unknown"
"7014857",371856,2025-10-02 18:50:25,43.3608016967773,-8.40181446075439,"Unknown"
"7014857",371856,2025-10-02 23:50:44,43.3607749938965,-8.40285015106201,"Unknown"
"7014857",371856,2025-10-03 04:50:45,43.3612632751465,-8.40369129180908,"Unknown"
"7014857",371856,2025-10-03 04:58:18,43.361141204834,-8.40285396575928,"Unknown"
"7014857",371856,2025-10-03 05:03:18,43.3612632751465,-8.40310764312744,"Unknown"
"7014857",371856,2025-10-03 05:08:18,43.3611183166504,-8.4033374786377,"Unknown"
"7014857",371856,2025-10-03 05:13:18,43.3609771728516,-8.40334033966064,"Unknown"
"7014857",371856,2025-10-03 05:18:35,43.3607788085938,-8.40284061431885,"Unknown"
"7014857",371856,2025-10-03 05:23:12,43.3609085083008,-8.40260410308838,"Unknown"
"7014857",371856,2025-10-03 05:28:35,43.3606758117676,-8.40297222137451,"Unknown"
"7014857",371856,2025-10-03 05:33:08,43.3606605529785,-8.40292263031006,"Unknown"
"7014857",371856,2025-10-03 05:38:08,43.3605995178223,-8.40285110473633,"Unknown"
"7014857",371856,2025-10-03 05:43:08,43.3606414794922,-8.40269660949707,"Unknown"
"7014857",371856,2025-10-03 05:48:08,43.360767364502,-8.40288734436035,"Unknown"
"7014857",371856,2025-10-03 05:53:16,43.3607597351074,-8.40284252166748,"Unknown"
"7014857",371856,2025-10-03 05:58:44,43.3606948852539,-8.40293884277344,"Unknown"
"7014857",371856,2025-10-03 06:03:21,43.360668182373,-8.40297794342041,"Unknown"
"7014857",371856,2025-10-03 06:08:07,43.3603057861328,-8.40266895294189,"Unknown"
"7014857",371856,2025-10-03 06:13:07,43.3603630065918,-8.40262794494629,"Unknown"
"7014857",371856,2025-10-03 06:18:07,43.3603668212891,-8.40264987945557,"Unknown"
"7014857",371856,2025-10-03 06:23:07,43.3603858947754,-8.40263652801514,"Unknown"
"7014857",371856,2025-10-03 06:28:07,43.3602561950684,-8.40266036987305,"Unknown"
"7014857",371856,2025-10-03 06:33:07,43.3603744506836,-8.40255355834961,"Unknown"
"7014857",371856,2025-10-03 06:38:08,43.3603897094727,-8.4026403427124,"Unknown"
"7014857",371856,2025-10-03 06:43:08,43.3604011535645,-8.40279293060303,"Unknown"
"7014857",371856,2025-10-03 06:48:08,43.3603363037109,-8.40250587463379,"Unknown"
"7014857",371856,2025-10-03 06:53:08,43.3603858947754,-8.40267848968506,"Unknown"
"7014857",371856,2025-10-03 06:58:08,43.3603782653809,-8.40266990661621,"Unknown"
"7014857",371856,2025-10-03 07:03:09,43.360294342041,-8.40265274047852,"Unknown"
"7014857",371856,2025-10-03 07:08:07,43.3534622192383,-8.40776252746582,"Unknown"
"7014857",371856,2025-10-03 07:13:07,43.3470344543457,-8.4441614151001,"Unknown"
"7014857",371856,2025-10-03 07:18:13,43.3384475708008,-8.45268630981445,"Unknown"
"7014857",371856,2025-10-03 07:23:16,43.3398475646973,-8.45456695556641,"Unknown"
"7014857",371856,2025-10-03 07:28:09,43.3419532775879,-8.45360851287842,"Unknown"
"7014857",371856,2025-10-03 07:33:18,43.3417434692383,-8.45359039306641,"Unknown"
"7014857",371856,2025-10-03 07:38:18,43.3417129516602,-8.45352268218994,"Unknown"
"7014857",371856,2025-10-03 07:43:18,43.3418426513672,-8.45354461669922,"Unknown"
"7014857",371856,2025-10-03 07:48:18,43.3416175842285,-8.45344352722168,"Unknown"
"7014857",371856,2025-10-03 07:53:23,43.3419570922852,-8.45369911193848,"Unknown"
"7014857",371856,2025-10-03 07:58:35,43.3417663574219,-8.45353412628174,"Unknown"
"7014857",371856,2025-10-03 08:03:08,43.3417625427246,-8.4535608291626,"Unknown"
"7014857",371856,2025-10-03 08:08:08,43.3421058654785,-8.4538745880127,"Unknown"
"7014857",371856,2025-10-03 08:13:09,43.3418312072754,-8.4536828994751,"Unknown"
"7014857",371856,2025-10-03 08:18:09,43.3417587280273,-8.45362091064453,"Unknown"
"7014857",371856,2025-10-03 08:23:08,43.3446235656738,-8.45325469970703,"Unknown"
"7014857",371856,2025-10-03 08:28:08,43.3550186157227,-8.45800685882568,"Unknown"
"7014857",371856,2025-10-03 08:33:08,43.3549957275391,-8.45801067352295,"Unknown"
"7014857",371856,2025-10-03 08:38:08,43.3550186157227,-8.45798492431641,"Unknown"
"7014857",371856,2025-10-03 08:43:07,43.3550033569336,-8.4580249786377,"Unknown"
"7014857",371856,2025-10-03 08:48:08,43.3549995422363,-8.45792961120605,"Unknown"
"7014857",371856,2025-10-03 08:53:09,43.3550186157227,-8.45795631408691,"Unknown"
"7014857",371856,2025-10-03 08:58:09,43.3552017211914,-8.45774555206299,"Unknown"
"7014857",371856,2025-10-03 09:03:09,43.3548927307129,-8.45800876617432,"Unknown"
"7014857",371856,2025-10-03 09:08:09,43.353515625,-8.47433376312256,"Unknown"
"7014857",371856,2025-10-03 09:13:08,43.3518600463867,-8.48013877868652,"Unknown"
"7014857",371856,2025-10-03 09:18:10,43.3540687561035,-8.48842906951904,"Unknown"
"7014857",371856,2025-10-03 09:23:09,43.3539009094238,-8.4882926940918,"Unknown"
"7014857",371856,2025-10-03 09:28:12,43.3540802001953,-8.48844146728516,"Unknown"
"7014857",371856,2025-10-03 09:33:10,43.3574600219727,-8.49904632568359,"Unknown"
"7014857",371856,2025-10-03 09:38:09,43.3531799316406,-8.51502799987793,"Unknown"
"7014857",371856,2025-10-03 09:43:10,43.3530960083008,-8.51516914367676,"Unknown"
"7014857",371856,2025-10-03 09:48:09,43.3531227111816,-8.51516819000244,"Unknown"
"7014857",371856,2025-10-03 09:53:10,43.3530807495117,-8.51521778106689,"Unknown"
"7014857",371856,2025-10-03 09:58:11,43.3530349731445,-8.51528549194336,"Unknown"
"7014857",371856,2025-10-03 10:03:10,43.3530769348145,-8.51519870758057,"Unknown"
"7014857",371856,2025-10-03 10:08:10,43.3529281616211,-8.51515007019043,"Unknown"
"7014857",371856,2025-10-03 10:13:12,43.3531684875488,-8.51534652709961,"Unknown"
"7014857",371856,2025-10-03 10:18:09,43.3528938293457,-8.51550006866455,"Unknown"
"7014857",371856,2025-10-03 10:23:10,43.3530197143555,-8.51525688171387,"Unknown"
"7014857",371856,2025-10-03 10:28:11,43.3502464294434,-8.52677440643311,"Unknown"
"7014857",371856,2025-10-03 10:33:18,43.3502655029297,-8.52677536010742,"Unknown"
"7014857",371856,2025-10-03 10:38:10,43.3502502441406,-8.52700042724609,"Unknown"
"7014857",371856,2025-10-03 10:43:10,43.3502578735352,-8.52702808380127,"Unknown"
"7014857",371856,2025-10-03 10:48:10,43.3502464294434,-8.52700901031494,"Unknown"
"7014857",371856,2025-10-03 10:53:09,43.3502655029297,-8.52706527709961,"Unknown"
"7014857",371856,2025-10-03 10:58:12,43.3504333496094,-8.52705097198486,"Unknown"
"7014857",371856,2025-10-03 11:03:11,43.3503952026367,-8.52704238891602,"Unknown"
"7014857",371856,2025-10-03 11:08:10,43.3502388000488,-8.52700996398926,"Unknown"
"7014857",371856,2025-10-03 11:13:10,43.350341796875,-8.52714347839355,"Unknown"
"7014857",371856,2025-10-03 11:18:09,43.350399017334,-8.52711009979248,"Unknown"
"7014857",371856,2025-10-03 11:23:13,43.3504905700684,-8.52702045440674,"Unknown"
"7014857",371856,2025-10-03 11:28:10,43.3503875732422,-8.52713584899902,"Unknown"
"7014857",371856,2025-10-03 11:33:11,43.3504180908203,-8.52712154388428,"Unknown"
"7014857",371856,2025-10-03 11:38:09,43.3504981994629,-8.52706146240234,"Unknown"
"7014857",371856,2025-10-03 11:43:18,43.3504905700684,-8.5269718170166,"Unknown"
"7014857",371856,2025-10-03 11:48:10,43.3505210876465,-8.52708435058594,"Unknown"
"7014857",371856,2025-10-03 11:53:10,43.3504524230957,-8.52707290649414,"Unknown"
"7014857",371856,2025-10-03 11:58:10,43.3504829406738,-8.52705478668213,"Unknown"
"7014857",371856,2025-10-03 12:03:10,43.3503608703613,-8.52715969085693,"Unknown"
"7014857",371856,2025-10-03 12:08:09,43.3504028320312,-8.52717113494873,"Unknown"
"7014857",371856,2025-10-03 12:13:08,43.3503837585449,-8.52715873718262,"Unknown"
"7014857",371856,2025-10-03 12:18:09,43.3503684997559,-8.52720165252686,"Unknown"
"7014857",371856,2025-10-03 12:23:09,43.3503532409668,-8.5272216796875,"Unknown"
"7014857",371856,2025-10-03 12:28:09,43.3503875732422,-8.52721500396729,"Unknown"
"7014857",371856,2025-10-03 12:33:09,43.3503341674805,-8.52712154388428,"Unknown"
"7014857",371856,2025-10-03 12:38:10,43.3503913879395,-8.52717018127441,"Unknown"
"7014857",371856,2025-10-03 12:43:11,43.3503761291504,-8.52718830108643,"Unknown"
"7014857",371856,2025-10-03 12:48:09,43.3504028320312,-8.52713775634766,"Unknown"
"7014857",371856,2025-10-03 12:53:10,43.3504066467285,-8.52713203430176,"Unknown"
"7014857",371856,2025-10-03 12:58:10,43.350414276123,-8.52714538574219,"Unknown"
"7014857",371856,2025-10-03 13:03:11,43.3503799438477,-8.52707099914551,"Unknown"
"7014857",371856,2025-10-03 13:08:13,43.3504219055176,-8.52702045440674,"Unknown"
"7014857",371856,2025-10-03 13:13:10,43.3503952026367,-8.52700710296631,"Unknown"
"7014857",371856,2025-10-03 13:18:12,43.3504066467285,-8.52701473236084,"Unknown"
"7014857",371856,2025-10-03 13:23:11,43.3504257202148,-8.52700710296631,"Unknown"
"7014857",371856,2025-10-03 13:28:09,43.3504104614258,-8.52687072753906,"Unknown"
"7014857",371856,2025-10-03 13:33:09,43.3503875732422,-8.52665328979492,"Unknown"
"7014857",371856,2025-10-03 13:38:09,43.3503456115723,-8.52665233612061,"Unknown"
"7014857",371856,2025-10-03 13:43:09,43.3503608703613,-8.52664756774902,"Unknown"
"7014857",371856,2025-10-03 13:48:09,43.3503341674805,-8.52667331695557,"Unknown"
"7014857",371856,2025-10-03 13:53:09,43.3503074645996,-8.52668952941895,"Unknown"
"7014857",371856,2025-10-03 13:58:09,43.350341796875,-8.52669429779053,"Unknown"
"7014857",371856,2025-10-03 14:03:10,43.3503761291504,-8.52680206298828,"Unknown"
"7014857",371856,2025-10-03 14:08:12,43.3504180908203,-8.52688407897949,"Unknown"
"7014857",371856,2025-10-03 14:13:09,43.3503532409668,-8.52679538726807,"Unknown"
"7014857",371856,2025-10-03 14:18:09,43.3504295349121,-8.52681064605713,"Unknown"
"7014857",371856,2025-10-03 14:23:09,43.3505477905273,-8.52685737609863,"Unknown"
"7014857",371856,2025-10-03 14:28:09,43.3503952026367,-8.52685165405273,"Unknown"
"7014857",371856,2025-10-03 14:33:09,43.3505363464355,-8.52688407897949,"Unknown"
"7014857",371856,2025-10-03 14:38:10,43.3503494262695,-8.52694225311279,"Unknown"
"7014857",371856,2025-10-03 14:43:09,43.3504066467285,-8.52690410614014,"Unknown"
"7014857",371856,2025-10-03 14:48:09,43.3504257202148,-8.52692604064941,"Unknown"
"7014857",371856,2025-10-03 14:53:10,43.3505706787109,-8.52713966369629,"Unknown"
"7014857",371856,2025-10-03 14:58:10,43.354118347168,-8.52173328399658,"Unknown"
"7014857",371856,2025-10-03 15:03:09,43.3581733703613,-8.51983642578125,"Unknown"
"7014857",371856,2025-10-03 15:08:09,43.354679107666,-8.51919651031494,"Unknown"
"7014857",371856,2025-10-03 15:13:10,43.3508949279785,-8.52634048461914,"Unknown"
"7014857",371856,2025-10-03 15:18:10,43.3507499694824,-8.52620697021484,"Unknown"
"7014857",371856,2025-10-03 15:23:10,43.3505935668945,-8.52636909484863,"Unknown"
"7014857",371856,2025-10-03 15:28:09,43.3508758544922,-8.52628898620605,"Unknown"
"7014857",371856,2025-10-03 15:33:09,43.3507118225098,-8.52635478973389,"Unknown"
"7014857",371856,2025-10-03 15:38:09,43.3507804870605,-8.52639293670654,"Unknown"
"7014857",371856,2025-10-03 15:43:09,43.3757705688477,-8.50927543640137,"Unknown"
"7014857",371856,2025-10-03 15:48:08,43.4098205566406,-8.49146461486816,"Unknown"
"7014857",371856,2025-10-03 15:53:09,43.4176902770996,-8.48577690124512,"Unknown"
"7014857",371856,2025-10-03 15:58:08,43.4171409606934,-8.48584651947021,"Unknown"
"7014857",371856,2025-10-03 16:03:20,43.4232940673828,-8.46197032928467,"Unknown"
"7014857",371856,2025-10-03 16:08:32,43.4155006408691,-8.40775108337402,"Unknown"
"7014857",371856,2025-10-03 16:13:19,43.4090766906738,-8.40390396118164,"Unknown"
"7014857",371856,2025-10-03 16:18:21,43.4088897705078,-8.40282440185547,"Unknown"
"7014857",371856,2025-10-03 16:23:19,43.4089546203613,-8.40195941925049,"Unknown"
"7014857",371856,2025-10-03 16:28:19,43.4087448120117,-8.40103912353516,"Unknown"
"7014857",371856,2025-10-03 16:33:20,43.4080123901367,-8.40016174316406,"Unknown"
"7014857",371856,2025-10-03 16:38:09,43.3969230651855,-8.38900566101074,"Unknown"
"7014857",371856,2025-10-03 16:43:25,43.3781852722168,-8.37213611602783,"Unknown"
"7014857",371856,2025-10-03 16:48:11,43.3774490356445,-8.37196731567383,"Unknown"
"7014857",371856,2025-10-03 16:53:25,43.3768882751465,-8.37225246429443,"Unknown"
"7014857",371856,2025-10-03 16:58:19,43.3770179748535,-8.37258625030518,"Unknown"
"7014857",371856,2025-10-03 17:03:11,43.391300201416,-8.36762809753418,"Unknown"
"7014857",371856,2025-10-03 17:08:25,43.3904609680176,-8.36788463592529,"Unknown"
"7014857",371856,2025-10-03 17:13:26,43.3899116516113,-8.36799144744873,"Unknown"
"7014857",371856,2025-10-03 17:18:13,43.3896026611328,-8.36838150024414,"Unknown"
"7014857",371856,2025-10-03 17:23:35,43.3893127441406,-8.36877536773682,"Unknown"
"7014857",371856,2025-10-03 17:28:11,43.3892822265625,-8.36935520172119,"Unknown"
"7014857",371856,2025-10-03 17:33:19,43.389347076416,-8.36994934082031,"Unknown"
"7014857",371856,2025-10-03 17:38:19,43.389575958252,-8.37073230743408,"Unknown"
"7014857",371856,2025-10-03 17:43:27,43.3896789550781,-8.37147426605225,"Unknown"
"7014857",371856,2025-10-03 17:48:19,43.3898887634277,-8.37226581573486,"Unknown"
"7014857",371856,2025-10-03 17:53:27,43.3901138305664,-8.3729190826416,"Unknown"
"7014857",371856,2025-10-03 17:58:19,43.3903579711914,-8.37357902526855,"Unknown"
"7014857",371856,2025-10-03 18:03:19,43.3951759338379,-8.39798736572266,"Unknown"
"7014857",371856,2025-10-03 18:09:04,43.394172668457,-8.39618015289307,"Unknown"
"7014857",371856,2025-10-03 18:13:23,43.3940773010254,-8.39648151397705,"Unknown"
"7014857",371856,2025-10-03 18:18:24,43.3931694030762,-8.39659690856934,"Unknown"
"7014857",371856,2025-10-03 18:24:00,43.3923225402832,-8.39646434783936,"Unknown"
"7014857",371856,2025-10-03 18:29:23,43.3915100097656,-8.39594650268555,"Unknown"
"7014857",371856,2025-10-03 18:33:59,43.3908843994141,-8.39575481414795,"Unknown"
"7014857",371856,2025-10-03 18:38:08,43.3906555175781,-8.39507293701172,"Unknown"
"7014857",371856,2025-10-03 18:43:09,43.3902473449707,-8.39402866363525,"Unknown"
"7014857",371856,2025-10-03 18:48:40,43.3899116516113,-8.39293479919434,"Unknown"
"7014857",371856,2025-10-03 23:49:05,43.3615112304688,-8.40328025817871,"Unknown"
"7014857",371856,2025-10-04 04:48:43,43.3611297607422,-8.40342903137207,"Unknown"
"7014857",371856,2025-10-04 04:59:16,43.3609275817871,-8.40399265289307,"Unknown"
"7014857",371856,2025-10-04 05:04:16,43.3609848022461,-8.40374183654785,"Unknown"
"7014857",371856,2025-10-04 05:09:15,43.3611526489258,-8.40362358093262,"Unknown"
"7014857",371856,2025-10-04 05:14:16,43.3613204956055,-8.40388488769531,"Unknown"
"7014857",371856,2025-10-04 05:19:19,43.3615570068359,-8.4033670425415,"Unknown"
"7014857",371856,2025-10-04 05:24:17,43.3614196777344,-8.40316295623779,"Unknown"
"7014857",371856,2025-10-04 05:29:16,43.3613433837891,-8.4038667678833,"Unknown"
"7014857",371856,2025-10-04 05:34:16,43.3611640930176,-8.40342998504639,"Unknown"
"7014857",371856,2025-10-04 05:39:16,43.3611526489258,-8.40411758422852,"Unknown"
"7014857",371856,2025-10-04 05:44:16,43.3605346679688,-8.40318584442139,"Unknown"
"7014857",371856,2025-10-04 05:49:16,43.3604469299316,-8.40334129333496,"Unknown"
"7014857",371856,2025-10-04 05:54:16,43.3603935241699,-8.4033670425415,"Unknown"
"7014857",371856,2025-10-04 05:59:18,43.3603172302246,-8.40329742431641,"Unknown"
"7014857",371856,2025-10-04 06:04:16,43.3603553771973,-8.4032564163208,"Unknown"
"7014857",371856,2025-10-04 06:09:17,43.3604545593262,-8.40318965911865,"Unknown"
"7014857",371856,2025-10-04 06:14:21,43.360408782959,-8.40306186676025,"Unknown"
"7014857",371856,2025-10-04 06:19:21,43.3603820800781,-8.40305137634277,"Unknown"
"7014857",371856,2025-10-04 06:24:15,43.350269317627,-8.40824794769287,"Unknown"
"7014857",371856,2025-10-04 06:29:17,43.35009765625,-8.43123912811279,"Unknown"
"7014857",371856,2025-10-04 06:34:16,43.347053527832,-8.44543933868408,"Unknown"
"7014857",371856,2025-10-04 06:39:15,43.3402976989746,-8.45400714874268,"Unknown"
"7014857",371856,2025-10-04 06:44:16,43.3401031494141,-8.45433139801025,"Unknown"
"7014857",371856,2025-10-04 06:49:16,43.3400726318359,-8.45544147491455,"Unknown"
"7014857",371856,2025-10-04 06:54:16,43.3401832580566,-8.45575618743896,"Unknown"
"7014857",371856,2025-10-04 06:59:16,43.3417015075684,-8.45357322692871,"Unknown"
"7014857",371856,2025-10-04 07:04:17,43.3403205871582,-8.45566654205322,"Unknown"
"7014857",371856,2025-10-04 07:09:18,43.3502235412598,-8.43157863616943,"Unknown"
"7014857",371856,2025-10-04 07:14:18,43.3501968383789,-8.43151664733887,"Unknown"
"7014857",371856,2025-10-04 07:19:17,43.3502159118652,-8.43158054351807,"Unknown"
"7014857",371856,2025-10-04 07:24:16,43.3501930236816,-8.43154239654541,"Unknown"
"7014857",371856,2025-10-04 07:29:16,43.3501472473145,-8.4315013885498,"Unknown"
"7014857",371856,2025-10-04 07:34:18,43.3501358032227,-8.43166446685791,"Unknown"
"7014857",371856,2025-10-04 07:39:27,43.3499488830566,-8.43137454986572,"Unknown"
"7014857",371856,2025-10-04 07:44:23,43.350212097168,-8.43169593811035,"Unknown"
"7014857",371856,2025-10-04 07:49:24,43.3500709533691,-8.43149375915527,"Unknown"
"7014857",371856,2025-10-04 07:54:25,43.3501319885254,-8.43151378631592,"Unknown"
"7014857",371856,2025-10-04 07:59:17,43.3499221801758,-8.43131065368652,"Unknown"
"7014857",371856,2025-10-04 08:04:21,43.3499450683594,-8.43131923675537,"Unknown"
"7014857",371856,2025-10-04 08:09:19,43.3498649597168,-8.43118190765381,"Unknown"
"7014857",371856,2025-10-04 08:14:16,43.3498611450195,-8.43096733093262,"Unknown"
"7014857",371856,2025-10-04 08:19:33,43.3505897521973,-8.43156719207764,"Unknown"
"7014857",371856,2025-10-04 08:24:15,43.3505439758301,-8.43174839019775,"Unknown"
"7014857",371856,2025-10-04 08:29:19,43.3505363464355,-8.43161487579346,"Unknown"
"7014857",371856,2025-10-04 08:34:15,43.3527679443359,-8.42809867858887,"Unknown"
"7014857",371856,2025-10-04 08:39:16,43.3529052734375,-8.42823696136475,"Unknown"
"7014857",371856,2025-10-04 08:44:21,43.3529167175293,-8.42826652526855,"Unknown"
"7014857",371856,2025-10-04 08:49:16,43.3528289794922,-8.42819023132324,"Unknown"
"7014857",371856,2025-10-04 08:54:16,43.3527984619141,-8.42814826965332,"Unknown"
"7014857",371856,2025-10-04 08:59:15,43.3528518676758,-8.42821979522705,"Unknown"
"7014857",371856,2025-10-04 09:04:16,43.3528709411621,-8.42814540863037,"Unknown"
"7014857",371856,2025-10-04 09:09:15,43.3481712341309,-8.42595863342285,"Unknown"
"7014857",371856,2025-10-04 09:14:16,43.348201751709,-8.42602634429932,"Unknown"
"7014857",371856,2025-10-04 09:19:16,43.3481178283691,-8.42601490020752,"Unknown"
"7014857",371856,2025-10-04 09:24:15,43.3481864929199,-8.42614936828613,"Unknown"
"7014857",371856,2025-10-04 09:29:17,43.3481750488281,-8.42594337463379,"Unknown"
"7014857",371856,2025-10-04 09:34:17,43.3481636047363,-8.42594814300537,"Unknown"
"7014857",371856,2025-10-04 09:39:23,43.3481826782227,-8.42598342895508,"Unknown"
"7014857",371856,2025-10-04 09:44:19,43.3482437133789,-8.42607021331787,"Unknown"
"7014857",371856,2025-10-04 09:49:30,43.3481292724609,-8.42595291137695,"Unknown"
"7014857",371856,2025-10-04 09:54:17,43.3481063842773,-8.42601490020752,"Unknown"
"7014857",371856,2025-10-04 09:59:33,43.348201751709,-8.42595100402832,"Unknown"
"7014857",371856,2025-10-04 10:04:17,43.3481979370117,-8.42600440979004,"Unknown"
"7014857",371856,2025-10-04 10:09:17,43.3482971191406,-8.425950050354,"Unknown"
"7014857",371856,2025-10-04 10:14:15,43.3481979370117,-8.42599296569824,"Unknown"
"7014857",371856,2025-10-04 10:19:15,43.3482360839844,-8.42598056793213,"Unknown"
"7014857",371856,2025-10-04 10:24:36,43.3482627868652,-8.42600154876709,"Unknown"
"7014857",371856,2025-10-04 10:29:16,43.3483619689941,-8.42604064941406,"Unknown"
"7014857",371856,2025-10-04 10:34:16,43.3483276367188,-8.42621231079102,"Unknown"
"7014857",371856,2025-10-04 10:39:16,43.3482971191406,-8.42617034912109,"Unknown"
"7014857",371856,2025-10-04 10:44:16,43.3481063842773,-8.42577838897705,"Unknown"
"7014857",371856,2025-10-04 10:49:15,43.3483009338379,-8.42603302001953,"Unknown"
"7014857",371856,2025-10-04 10:54:15,43.3481216430664,-8.42609214782715,"Unknown"
"7014857",371856,2025-10-04 10:59:18,43.3480110168457,-8.42579650878906,"Unknown"
"7014857",371856,2025-10-04 11:04:16,43.3484001159668,-8.42627906799316,"Unknown"
"7014857",371856,2025-10-04 11:09:15,43.3481636047363,-8.42616653442383,"Unknown"
"7014857",371856,2025-10-04 11:14:18,43.348575592041,-8.42619323730469,"Unknown"
"7014857",371856,2025-10-04 11:19:17,43.3484420776367,-8.42618751525879,"Unknown"
"7014857",371856,2025-10-04 11:24:19,43.3484268188477,-8.42604351043701,"Unknown"
"7014857",371856,2025-10-04 11:29:18,43.3483963012695,-8.42604160308838,"Unknown"
"7014857",371856,2025-10-04 11:34:15,43.3483238220215,-8.42619323730469,"Unknown"
"7014857",371856,2025-10-04 11:39:15,43.3483505249023,-8.42620086669922,"Unknown"
"7014857",371856,2025-10-04 11:44:16,43.3483467102051,-8.42624855041504,"Unknown"
"7014857",371856,2025-10-04 11:49:17,43.3483734130859,-8.42626667022705,"Unknown"
"7014857",371856,2025-10-04 11:54:18,43.3486480712891,-8.42672061920166,"Unknown"
"7014857",371856,2025-10-04 11:59:16,43.3483734130859,-8.4263973236084,"Unknown"
"7014857",371856,2025-10-04 12:04:18,43.3486022949219,-8.42668914794922,"Unknown"
"7014857",371856,2025-10-04 12:09:15,43.3484001159668,-8.426438331604,"Unknown"
"7014857",371856,2025-10-04 12:14:15,43.3486366271973,-8.42676639556885,"Unknown"
"7014857",371856,2025-10-04 12:19:17,43.3486289978027,-8.42682838439941,"Unknown"
"7014857",371856,2025-10-04 12:24:16,43.348461151123,-8.42653751373291,"Unknown"
"7014857",371856,2025-10-04 12:29:24,43.3483390808105,-8.42641448974609,"Unknown"
"7014857",371856,2025-10-04 12:34:15,43.3477096557617,-8.42523002624512,"Unknown"
"7014857",371856,2025-10-04 12:39:16,43.348201751709,-8.4260778427124,"Unknown"
"7014857",371856,2025-10-04 12:44:17,43.3482551574707,-8.42593479156494,"Unknown"
"7014857",371856,2025-10-04 12:49:17,43.348258972168,-8.4260311126709,"Unknown"
"7014857",371856,2025-10-04 12:54:19,43.3481941223145,-8.42602443695068,"Unknown"
"7014857",371856,2025-10-04 12:59:34,43.3564987182617,-8.42364883422852,"Unknown"
"7014857",371856,2025-10-04 13:04:18,43.3565216064453,-8.42371368408203,"Unknown"
"7014857",371856,2025-10-04 13:09:15,43.3563919067383,-8.42347717285156,"Unknown"
"7014857",371856,2025-10-04 13:14:15,43.3563842773438,-8.42342090606689,"Unknown"
"7014857",371856,2025-10-04 13:19:15,43.3563919067383,-8.42335510253906,"Unknown"
"7014857",371856,2025-10-04 13:24:15,43.3564300537109,-8.42342090606689,"Unknown"
"7014857",371856,2025-10-04 13:29:15,43.3564605712891,-8.4234676361084,"Unknown"
"7014857",371856,2025-10-04 13:34:15,43.3565292358398,-8.4234094619751,"Unknown"
"7014857",371856,2025-10-04 13:39:16,43.3564224243164,-8.42352962493896,"Unknown"
"7014857",371856,2025-10-04 13:44:15,43.3564758300781,-8.42350196838379,"Unknown"
"7014857",371856,2025-10-04 13:49:15,43.3564720153809,-8.42348289489746,"Unknown"
"7014857",371856,2025-10-04 13:54:15,43.3564491271973,-8.42340469360352,"Unknown"
"7014857",371856,2025-10-04 13:59:16,43.3565063476562,-8.42345142364502,"Unknown"
"7014857",371856,2025-10-04 14:04:15,43.3564071655273,-8.42365646362305,"Unknown"
"7014857",371856,2025-10-04 14:09:16,43.3564109802246,-8.4236421585083,"Unknown"
"7014857",371856,2025-10-04 14:14:15,43.3563613891602,-8.42364692687988,"Unknown"
"7014857",371856,2025-10-04 14:19:15,43.356388092041,-8.42362785339355,"Unknown"
"7014857",371856,2025-10-04 14:24:15,43.3583526611328,-8.41901874542236,"Unknown"
"7014857",371856,2025-10-04 14:29:17,43.3706665039062,-8.42802906036377,"Unknown"
"7014857",371856,2025-10-04 14:34:15,43.3717460632324,-8.42791175842285,"Unknown"
"7014857",371856,2025-10-04 14:39:18,43.371955871582,-8.4281702041626,"Unknown"
"7014857",371856,2025-10-04 14:44:16,43.3720893859863,-8.42844390869141,"Unknown"
"7014857",371856,2025-10-04 14:49:17,43.3718376159668,-8.42801094055176,"Unknown"
"7014857",371856,2025-10-04 14:54:17,43.3718414306641,-8.4280424118042,"Unknown"
"7014857",371856,2025-10-04 14:59:16,43.3719825744629,-8.42826271057129,"Unknown"
"7014857",371856,2025-10-04 15:04:15,43.3720283508301,-8.42837238311768,"Unknown"
"7014857",371856,2025-10-04 15:09:16,43.3715515136719,-8.42802715301514,"Unknown"
"7014857",371856,2025-10-04 15:14:15,43.3725357055664,-8.42938327789307,"Unknown"
"7014857",371856,2025-10-04 15:19:17,43.3723602294922,-8.42945098876953,"Unknown"
"7014857",371856,2025-10-04 15:24:24,43.3723793029785,-8.42948913574219,"Unknown"
"7014857",371856,2025-10-04 15:29:15,43.3724212646484,-8.42948150634766,"Unknown"
"7014857",371856,2025-10-04 15:34:15,43.3724632263184,-8.42945289611816,"Unknown"
"7014857",371856,2025-10-04 15:39:15,43.3723526000977,-8.42946434020996,"Unknown"
"7014857",371856,2025-10-04 15:44:15,43.3723754882812,-8.42945575714111,"Unknown"
"7014857",371856,2025-10-04 15:49:15,43.3723983764648,-8.42946815490723,"Unknown"
"7014857",371856,2025-10-04 15:54:15,43.3726959228516,-8.42979526519775,"Unknown"
"7014857",371856,2025-10-04 15:59:16,43.3724136352539,-8.42950630187988,"Unknown"
"7014857",371856,2025-10-04 16:04:15,43.3723487854004,-8.42947292327881,"Unknown"
"7014857",371856,2025-10-04 16:09:15,43.3724784851074,-8.42949199676514,"Unknown"
"7014857",371856,2025-10-04 16:14:15,43.3807945251465,-8.45089054107666,"Unknown"
"7014857",371856,2025-10-04 16:19:15,43.3760452270508,-8.44786930084229,"Unknown"
"7014857",371856,2025-10-04 16:24:16,43.3760604858398,-8.44796276092529,"Unknown"
"7014857",371856,2025-10-04 16:29:19,43.3762397766113,-8.44734191894531,"Unknown"
"7014857",371856,2025-10-04 16:34:19,43.3762245178223,-8.44731426239014,"Unknown"
"7014857",371856,2025-10-04 16:39:15,43.3762283325195,-8.44731140136719,"Unknown"
"7014857",371856,2025-10-04 16:44:16,43.3761253356934,-8.44765663146973,"Unknown"
"7014857",371856,2025-10-04 16:49:15,43.3762397766113,-8.44722270965576,"Unknown"
"7014857",371856,2025-10-04 16:54:16,43.3762245178223,-8.44724750518799,"Unknown"
"7014857",371856,2025-10-04 16:59:15,43.376277923584,-8.44716453552246,"Unknown"
"7014857",371856,2025-10-04 17:04:16,43.3762359619141,-8.4472131729126,"Unknown"
"7014857",371856,2025-10-04 17:09:17,43.3761787414551,-8.44715023040771,"Unknown"
"7014857",371856,2025-10-04 17:14:16,43.376148223877,-8.44719409942627,"Unknown"
"7014857",371856,2025-10-04 17:19:16,43.3761444091797,-8.44712352752686,"Unknown"
"7014857",371856,2025-10-04 17:24:17,43.375675201416,-8.4467658996582,"Unknown"
"7014857",371856,2025-10-04 17:29:25,43.3759574890137,-8.44667530059814,"Unknown"
"7014857",371856,2025-10-04 17:34:19,43.3757667541504,-8.44658851623535,"Unknown"
"7014857",371856,2025-10-04 17:39:18,43.3756828308105,-8.44659042358398,"Unknown"
"7014857",371856,2025-10-04 17:44:36,43.3768119812012,-8.44745540618896,"Unknown"
"7014857",371856,2025-10-04 17:49:18,43.3766059875488,-8.44724559783936,"Unknown"
"7014857",371856,2025-10-04 17:54:18,43.3780174255371,-8.446608543396,"Unknown"
"7014857",371856,2025-10-04 17:59:16,43.378246307373,-8.44618320465088,"Unknown"
"7014857",371856,2025-10-04 18:04:18,43.3786659240723,-8.44733333587646,"Unknown"
"7014857",371856,2025-10-04 18:09:18,43.3786354064941,-8.44708156585693,"Unknown"
"7014857",371856,2025-10-04 18:14:18,43.3782768249512,-8.44664573669434,"Unknown"
"7014857",371856,2025-10-04 18:19:18,43.3782005310059,-8.44680786132812,"Unknown"
"7014857",371856,2025-10-04 18:24:18,43.3781547546387,-8.44696807861328,"Unknown"
"7014857",371856,2025-10-04 18:29:18,43.3954620361328,-8.44426441192627,"Unknown"
"7014857",371856,2025-10-04 18:34:19,43.4096260070801,-8.43186855316162,"Unknown"
"7014857",371856,2025-10-04 18:39:17,43.4098510742188,-8.43227291107178,"Unknown"
"7014857",371856,2025-10-04 18:44:17,43.409984588623,-8.43249416351318,"Unknown"
"7014857",371856,2025-10-04 18:47:09,43.4102478027344,-8.43264579772949,"Unknown"
"7014857",371856,2025-10-04 23:47:06,43.3612632751465,-8.40262603759766,"Unknown"
"7014857",371856,2025-10-05 04:47:09,43.3610916137695,-8.40264701843262,"Unknown"
"7014857",371856,2025-10-05 05:00:44,43.3608703613281,-8.40278053283691,"Unknown"
"7014857",371856,2025-10-05 05:05:32,43.3608436584473,-8.4027738571167,"Unknown"
"7014857",371856,2025-10-05 05:10:32,43.3608627319336,-8.40275382995605,"Unknown"
"7014857",371856,2025-10-05 05:15:32,43.3608818054199,-8.40281772613525,"Unknown"
"7014857",371856,2025-10-05 05:20:32,43.3609390258789,-8.40274620056152,"Unknown"
"7014857",371856,2025-10-05 05:25:32,43.3610687255859,-8.40256500244141,"Unknown"
"7014857",371856,2025-10-05 05:30:32,43.3609390258789,-8.40269470214844,"Unknown"
"7014857",371856,2025-10-05 05:35:32,43.3610763549805,-8.40258407592773,"Unknown"
"7014857",371856,2025-10-05 05:40:32,43.3609733581543,-8.40256214141846,"Unknown"
"7014857",371856,2025-10-05 05:45:43,43.3608283996582,-8.40263843536377,"Unknown"
"7014857",371856,2025-10-05 05:50:38,43.3609466552734,-8.40270614624023,"Unknown"
"7014857",371856,2025-10-05 05:55:42,43.3609580993652,-8.40258312225342,"Unknown"
"7014857",371856,2025-10-05 06:00:39,43.3609466552734,-8.40265083312988,"Unknown"
"7014857",371856,2025-10-05 06:05:32,43.3610038757324,-8.40231418609619,"Unknown"
"7014857",371856,2025-10-05 06:10:32,43.3608589172363,-8.40240097045898,"Unknown"
"7014857",371856,2025-10-05 06:15:39,43.3606986999512,-8.40269660949707,"Unknown"
"7014857",371856,2025-10-05 06:20:39,43.3606567382812,-8.40268421173096,"Unknown"
"7014857",371856,2025-10-05 06:25:39,43.3607177734375,-8.40266132354736,"Unknown"
"7014857",371856,2025-10-05 06:30:32,43.3577651977539,-8.40255069732666,"Unknown"
"7014857",371856,2025-10-05 06:35:41,43.3507499694824,-8.43138694763184,"Unknown"
"7014857",371856,2025-10-05 06:40:38,43.3504104614258,-8.43187522888184,"Unknown"
"7014857",371856,2025-10-05 06:46:05,43.3503799438477,-8.43198585510254,"Unknown"
"7014857",371856,2025-10-05 06:50:31,43.3504371643066,-8.43203163146973,"Unknown"
"7014857",371856,2025-10-05 06:55:32,43.350471496582,-8.43210506439209,"Unknown"
"7014857",371856,2025-10-05 07:00:34,43.3506126403809,-8.43225765228271,"Unknown"
"7014857",371856,2025-10-05 07:05:33,43.3505897521973,-8.43216037750244,"Unknown"
"7014857",371856,2025-10-05 07:10:32,43.350658416748,-8.43208980560303,"Unknown"
"7014857",371856,2025-10-05 07:15:32,43.3505210876465,-8.43217849731445,"Unknown"
"7014857",371856,2025-10-05 07:20:32,43.350414276123,-8.43212413787842,"Unknown"
"7014857",371856,2025-10-05 07:25:33,43.3525085449219,-8.44204998016357,"Unknown"
"7014857",371856,2025-10-05 07:30:37,43.3358497619629,-8.45964908599854,"Unknown"
"7014857",371856,2025-10-05 07:35:32,43.2994918823242,-8.48238468170166,"Unknown"
"7014857",371856,2025-10-05 07:40:32,43.264820098877,-8.4655818939209,"Unknown"
"7014857",371856,2025-10-05 07:45:32,43.2221412658691,-8.45960330963135,"Unknown"
"7014857",371856,2025-10-05 07:50:39,43.1792984008789,-8.45022583007812,"Unknown"
"7014857",371856,2025-10-05 07:55:32,43.135612487793,-8.47064876556396,"Unknown"
"7014857",371856,2025-10-05 08:00:32,43.1300926208496,-8.47102546691895,"Unknown"
"7014857",371856,2025-10-05 08:05:34,43.1301689147949,-8.47107028961182,"Unknown"
"7014857",371856,2025-10-05 08:10:32,43.1303977966309,-8.47139739990234,"Unknown"
"7014857",371856,2025-10-05 08:15:33,43.1306838989258,-8.47082710266113,"Unknown"
"7014857",371856,2025-10-05 08:20:33,43.1306266784668,-8.47170066833496,"Unknown"
"7014857",371856,2025-10-05 08:25:39,43.1300926208496,-8.47098922729492,"Unknown"
"7014857",371856,2025-10-05 08:30:32,43.1303291320801,-8.47134208679199,"Unknown"
"7014857",371856,2025-10-05 08:36:05,43.1302871704102,-8.47135066986084,"Unknown"
"7014857",371856,2025-10-05 08:40:32,43.130256652832,-8.47133255004883,"Unknown"
"7014857",371856,2025-10-05 08:45:35,43.1304092407227,-8.47157669067383,"Unknown"
"7014857",371856,2025-10-05 08:50:34,43.130428314209,-8.47135257720947,"Unknown"
"7014857",371856,2025-10-05 08:55:32,43.1303901672363,-8.47141075134277,"Unknown"
"7014857",371856,2025-10-05 09:00:32,43.1303977966309,-8.47132205963135,"Unknown"
"7014857",371856,2025-10-05 09:05:31,43.1332092285156,-8.46971416473389,"Unknown"
"7014857",371856,2025-10-05 09:10:31,43.1331443786621,-8.46978282928467,"Unknown"
"7014857",371856,2025-10-05 09:15:33,43.1332244873047,-8.46964931488037,"Unknown"
"7014857",371856,2025-10-05 09:20:33,43.1331634521484,-8.46970272064209,"Unknown"
"7014857",371856,2025-10-05 09:25:32,43.1331481933594,-8.46970844268799,"Unknown"
"7014857",371856,2025-10-05 09:30:31,43.1331481933594,-8.46969890594482,"Unknown"
"7014857",371856,2025-10-05 09:35:31,43.1332244873047,-8.46963119506836,"Unknown"
"7014857",371856,2025-10-05 09:40:43,43.133243560791,-8.46959781646729,"Unknown"
"7014857",371856,2025-10-05 09:45:32,43.1330604553223,-8.46983051300049,"Unknown"
"7014857",371856,2025-10-05 09:50:32,43.1330032348633,-8.46990013122559,"Unknown"
"7014857",371856,2025-10-05 09:55:34,43.1331100463867,-8.4697322845459,"Unknown"
"7014857",371856,2025-10-05 10:00:37,43.1331253051758,-8.46969509124756,"Unknown"
"7014857",371856,2025-10-05 10:05:33,43.1330604553223,-8.4696216583252,"Unknown"
"7014857",371856,2025-10-05 10:10:32,43.1330032348633,-8.46967124938965,"Unknown"
"7014857",371856,2025-10-05 10:15:33,43.1330451965332,-8.46959018707275,"Unknown"
"7014857",371856,2025-10-05 10:20:32,43.1332092285156,-8.46956729888916,"Unknown"
"7014857",371856,2025-10-05 10:25:32,43.1330337524414,-8.46965312957764,"Unknown"
"7014857",371856,2025-10-05 10:30:32,43.1331100463867,-8.4695987701416,"Unknown"
"7014857",371856,2025-10-05 10:35:32,43.1330299377441,-8.46961784362793,"Unknown"
"7014857",371856,2025-10-05 10:40:32,43.1330375671387,-8.46952533721924,"Unknown"
"7014857",371856,2025-10-05 10:45:32,43.1330642700195,-8.46949005126953,"Unknown"
"7014857",371856,2025-10-05 10:50:32,43.132984161377,-8.46967601776123,"Unknown"
"7014857",371856,2025-10-05 10:55:32,43.1331062316895,-8.4697151184082,"Unknown"
"7014857",371856,2025-10-05 11:00:32,43.1330757141113,-8.46969127655029,"Unknown"
"7014857",371856,2025-10-05 11:05:32,43.1298980712891,-8.47159385681152,"Unknown"
"7014857",371856,2025-10-05 11:10:35,43.1300888061523,-8.47151756286621,"Unknown"
"7014857",371856,2025-10-05 11:15:32,43.1310920715332,-8.47277545928955,"Unknown"
"7014857",371856,2025-10-05 11:20:33,43.1299476623535,-8.47133827209473,"Unknown"
"7014857",371856,2025-10-05 11:25:34,43.1301765441895,-8.47154998779297,"Unknown"
"7014857",371856,2025-10-05 11:30:36,43.1301155090332,-8.47158622741699,"Unknown"
"7014857",371856,2025-10-05 11:35:32,43.1300277709961,-8.47153949737549,"Unknown"
"7014857",371856,2025-10-05 11:40:32,43.133602142334,-8.46798133850098,"Unknown"
"7014857",371856,2025-10-05 11:45:35,43.1338539123535,-8.46848964691162,"Unknown"
"7014857",371856,2025-10-05 11:50:37,43.1340827941895,-8.46880054473877,"Unknown"
"7014857",371856,2025-10-05 11:55:33,43.1338691711426,-8.46844577789307,"Unknown"
"7014857",371856,2025-10-05 12:00:33,43.1339950561523,-8.4686803817749,"Unknown"
"7014857",371856,2025-10-05 12:05:32,43.1338653564453,-8.46862888336182,"Unknown"
"7014857",371856,2025-10-05 12:10:34,43.1337814331055,-8.46877098083496,"Unknown"
"7014857",371856,2025-10-05 12:15:32,43.1337738037109,-8.46878719329834,"Unknown"
"7014857",371856,2025-10-05 12:20:32,43.133731842041,-8.46880340576172,"Unknown"
"7014857",371856,2025-10-05 12:25:32,43.1337738037109,-8.46880626678467,"Unknown"
"7014857",371856,2025-10-05 12:30:35,43.1347351074219,-8.46801853179932,"Unknown"
"7014857",371856,2025-10-05 12:35:34,43.1340484619141,-8.46867752075195,"Unknown"
"7014857",371856,2025-10-05 12:40:32,43.1340827941895,-8.46866989135742,"Unknown"
"7014857",371856,2025-10-05 12:45:32,43.133186340332,-8.46905326843262,"Unknown"
"7014857",371856,2025-10-05 12:50:32,43.1330299377441,-8.4691219329834,"Unknown"
"7014857",371856,2025-10-05 12:55:32,43.1330680847168,-8.4691162109375,"Unknown"
"7014857",371856,2025-10-05 13:00:32,43.1331024169922,-8.46910285949707,"Unknown"
"7014857",371856,2025-10-05 13:06:05,43.1330986022949,-8.46890163421631,"Unknown"
"7014857",371856,2025-10-05 13:10:31,43.1329803466797,-8.4687967300415,"Unknown"
"7014857",371856,2025-10-05 13:15:31,43.1329650878906,-8.46874523162842,"Unknown"
"7014857",371856,2025-10-05 13:20:32,43.1329879760742,-8.46875476837158,"Unknown"
"7014857",371856,2025-10-05 13:25:31,43.1329689025879,-8.46871757507324,"Unknown"
"7014857",371856,2025-10-05 13:30:32,43.1329727172852,-8.46874141693115,"Unknown"
"7014857",371856,2025-10-05 13:35:31,43.132984161377,-8.46877956390381,"Unknown"
"7014857",371856,2025-10-05 13:40:32,43.1330070495605,-8.46878623962402,"Unknown"
"7014857",371856,2025-10-05 13:45:32,43.1330718994141,-8.46876907348633,"Unknown"
"7014857",371856,2025-10-05 13:50:31,43.1329460144043,-8.46878337860107,"Unknown"
"7014857",371856,2025-10-05 13:55:32,43.1330413818359,-8.46885776519775,"Unknown"
"7014857",371856,2025-10-05 14:00:32,43.1330413818359,-8.46877384185791,"Unknown"
"7014857",371856,2025-10-05 14:05:33,43.132999420166,-8.46888065338135,"Unknown"
"7014857",371856,2025-10-05 14:10:32,43.1330947875977,-8.46875,"Unknown"
"7014857",371856,2025-10-05 14:15:32,43.1331481933594,-8.46880722045898,"Unknown"
"7014857",371856,2025-10-05 14:20:33,43.1331100463867,-8.46874237060547,"Unknown"
"7014857",371856,2025-10-05 14:25:32,43.1331024169922,-8.46882152557373,"Unknown"
"7014857",371856,2025-10-05 14:30:32,43.1332054138184,-8.46883964538574,"Unknown"
"7014857",371856,2025-10-05 14:35:32,43.1331405639648,-8.4688720703125,"Unknown"
"7014857",371856,2025-10-05 14:40:33,43.1332321166992,-8.46884727478027,"Unknown"
"7014857",371856,2025-10-05 14:45:33,43.133186340332,-8.46872043609619,"Unknown"
"7014857",371856,2025-10-05 14:50:33,43.1332244873047,-8.46870231628418,"Unknown"
"7014857",371856,2025-10-05 14:55:33,43.1332397460938,-8.46871185302734,"Unknown"
"7014857",371856,2025-10-05 15:00:32,43.1330718994141,-8.46878433227539,"Unknown"
"7014857",371856,2025-10-05 15:05:31,43.1337509155273,-8.46845817565918,"Unknown"
"7014857",371856,2025-10-05 15:10:33,43.133716583252,-8.4684534072876,"Unknown"
"7014857",371856,2025-10-05 15:15:33,43.1337471008301,-8.46836757659912,"Unknown"
"7014857",371856,2025-10-05 15:20:32,43.1337509155273,-8.46846580505371,"Unknown"
"7014857",371856,2025-10-05 15:25:33,43.1296997070312,-8.47110843658447,"Unknown"
"7014857",371856,2025-10-05 15:30:32,43.1296730041504,-8.47112083435059,"Unknown"
"7014857",371856,2025-10-05 15:35:31,43.1296844482422,-8.4710750579834,"Unknown"
"7014857",371856,2025-10-05 15:40:32,43.1297378540039,-8.47112464904785,"Unknown"
"7014857",371856,2025-10-05 15:45:32,43.1297187805176,-8.47109794616699,"Unknown"
"7014857",371856,2025-10-05 15:50:33,43.1299476623535,-8.47159767150879,"Unknown"
"7014857",371856,2025-10-05 15:55:32,43.1300582885742,-8.47138500213623,"Unknown"
"7014857",371856,2025-10-05 16:00:33,43.1300582885742,-8.47143650054932,"Unknown"
"7014857",371856,2025-10-05 16:05:37,43.130443572998,-8.47152137756348,"Unknown"
"7014857",371856,2025-10-05 16:10:32,43.1302528381348,-8.47154235839844,"Unknown"
"7014857",371856,2025-10-05 16:15:32,43.1306381225586,-8.47140979766846,"Unknown"
"7014857",371856,2025-10-05 16:20:33,43.1306304931641,-8.47113513946533,"Unknown"
"7014857",371856,2025-10-05 16:25:33,43.1306800842285,-8.47133636474609,"Unknown"
"7014857",371856,2025-10-05 16:30:33,43.1308097839355,-8.47139549255371,"Unknown"
"7014857",371856,2025-10-05 16:35:33,43.130802154541,-8.47123622894287,"Unknown"
"7014857",371856,2025-10-05 16:40:32,43.1305389404297,-8.46983337402344,"Unknown"
"7014857",371856,2025-10-05 16:45:39,43.1304702758789,-8.46988868713379,"Unknown"
"7014857",371856,2025-10-05 16:50:33,43.1304206848145,-8.46980953216553,"Unknown"
"7014857",371856,2025-10-05 16:55:33,43.1304664611816,-8.46990966796875,"Unknown"
"7014857",371856,2025-10-05 17:00:36,43.1303634643555,-8.46985530853271,"Unknown"
"7014857",371856,2025-10-05 17:05:37,43.1303558349609,-8.46981906890869,"Unknown"
"7014857",371856,2025-10-05 17:10:40,43.1324348449707,-8.46772861480713,"Unknown"
"7014857",371856,2025-10-05 17:15:36,43.132453918457,-8.46776866912842,"Unknown"
"7014857",371856,2025-10-05 17:20:36,43.1324920654297,-8.4677848815918,"Unknown"
"7014857",371856,2025-10-05 17:25:33,43.1325759887695,-8.46770000457764,"Unknown"
"7014857",371856,2025-10-05 17:30:33,43.1326713562012,-8.46780586242676,"Unknown"
"7014857",371856,2025-10-05 17:35:38,43.1407661437988,-8.4742317199707,"Unknown"
"7014857",371856,2025-10-05 17:40:33,43.1563758850098,-8.47332000732422,"Unknown"
"7014857",371856,2025-10-05 17:45:34,43.170726776123,-8.46333789825439,"Unknown"
"7014857",371856,2025-10-05 17:50:37,43.171573638916,-8.43884754180908,"Unknown"
"7014857",371856,2025-10-05 17:55:42,43.1707038879395,-8.43835639953613,"Unknown"
"7014857",371856,2025-10-05 18:00:34,43.1707420349121,-8.4383659362793,"Unknown"
"7014857",371856,2025-10-05 18:05:32,43.1706199645996,-8.43840789794922,"Unknown"
"7014857",371856,2025-10-05 18:10:32,43.1705131530762,-8.43857192993164,"Unknown"
"7014857",371856,2025-10-05 18:15:33,43.1705894470215,-8.43849277496338,"Unknown"
"7014857",371856,2025-10-05 18:20:32,43.1705856323242,-8.43844509124756,"Unknown"
"7014857",371856,2025-10-05 18:25:36,43.1706809997559,-8.43840885162354,"Unknown"
"7014857",371856,2025-10-05 18:30:38,43.170467376709,-8.43858337402344,"Unknown"
"7014857",371856,2025-10-05 18:35:32,43.170581817627,-8.43849849700928,"Unknown"
"7014857",371856,2025-10-05 18:40:32,43.1706657409668,-8.43837070465088,"Unknown"
"7014857",371856,2025-10-05 18:45:28,43.1707191467285,-8.43832588195801,"Unknown"
"7014857",371856,2025-10-05 23:45:59,43.172004699707,-8.43864345550537,"Unknown"
"7014857",371856,2025-10-06 04:45:30,43.1716766357422,-8.4381275177002,"Unknown"
"7014857",371856,2025-10-06 05:02:06,43.1715660095215,-8.43807792663574,"Unknown"
"7014857",371856,2025-10-06 05:07:03,43.1716384887695,-8.43805885314941,"Unknown"
"7014857",371856,2025-10-06 05:12:04,43.1716995239258,-8.43811893463135,"Unknown"
"7014857",371856,2025-10-06 05:17:07,43.1720352172852,-8.43822765350342,"Unknown"
"7014857",371856,2025-10-06 05:22:04,43.1721801757812,-8.43832397460938,"Unknown"
"7014857",371856,2025-10-06 05:27:03,43.1722030639648,-8.4387788772583,"Unknown"
"7014857",371856,2025-10-06 05:32:06,43.1724166870117,-8.43882274627686,"Unknown"
"7014857",371856,2025-10-06 05:37:11,43.1721420288086,-8.43875122070312,"Unknown"
"7014857",371856,2025-10-06 05:42:00,43.1723175048828,-8.43874645233154,"Unknown"
"7014857",371856,2025-10-06 05:47:02,43.1723785400391,-8.43873500823975,"Unknown"
"7014857",371856,2025-10-06 05:52:06,43.1719665527344,-8.43869209289551,"Unknown"
"7014857",371856,2025-10-06 05:57:01,43.1721611022949,-8.43868160247803,"Unknown"
"7014857",371856,2025-10-06 06:02:00,43.1722793579102,-8.43879795074463,"Unknown"
"7014857",371856,2025-10-06 06:07:03,43.172191619873,-8.43869495391846,"Unknown"
"7014857",371856,2025-10-06 06:12:13,43.1720581054688,-8.4387788772583,"Unknown"
"7014857",371856,2025-10-06 06:17:01,43.1721000671387,-8.43881797790527,"Unknown"
"7014857",371856,2025-10-06 06:22:03,43.1719436645508,-8.43873119354248,"Unknown"
"7014857",371856,2025-10-06 06:27:04,43.1715621948242,-8.43827247619629,"Unknown"
"7014857",371856,2025-10-06 06:32:01,43.1715545654297,-8.43833827972412,"Unknown"
"7014857",371856,2025-10-06 06:37:05,43.1715431213379,-8.43716716766357,"Unknown"
"7014857",371856,2025-10-06 06:42:03,43.171516418457,-8.43715286254883,"Unknown"
"7014857",371856,2025-10-06 06:47:02,43.1712341308594,-8.43706607818604,"Unknown"
"7014857",371856,2025-10-06 06:52:01,43.1709403991699,-8.44521617889404,"Unknown"
"7014857",371856,2025-10-06 06:57:35,43.1705856323242,-8.44537353515625,"Unknown"
"7014857",371856,2025-10-06 07:02:00,43.170597076416,-8.44553089141846,"Unknown"
"7014857",371856,2025-10-06 07:06:58,43.170654296875,-8.44536399841309,"Unknown"
"7014857",371856,2025-10-06 07:11:59,43.1706924438477,-8.44505310058594,"Unknown"
"7014857",371856,2025-10-06 07:16:59,43.1711921691895,-8.44678974151611,"Unknown"
"7014857",371856,2025-10-06 07:21:59,43.1500930786133,-8.46023750305176,"Unknown"
"7014857",371856,2025-10-06 07:26:59,43.1300773620605,-8.46958065032959,"Unknown"
"7014857",371856,2025-10-06 07:31:59,43.1304206848145,-8.47135925292969,"Unknown"
"7014857",371856,2025-10-06 07:37:00,43.1296691894531,-8.4714469909668,"Unknown"
"7014857",371856,2025-10-06 07:42:02,43.1297874450684,-8.47114849090576,"Unknown"
"7014857",371856,2025-10-06 07:47:07,43.1299858093262,-8.47118854522705,"Unknown"
"7014857",371856,2025-10-06 07:51:59,43.1298904418945,-8.47115898132324,"Unknown"
"7014857",371856,2025-10-06 07:57:00,43.1298789978027,-8.47198390960693,"Unknown"
"7014857",371856,2025-10-06 08:01:59,43.1299819946289,-8.47202587127686,"Unknown"
"7014857",371856,2025-10-06 08:07:00,43.1299362182617,-8.47213077545166,"Unknown"
"7014857",371856,2025-10-06 08:11:59,43.1299591064453,-8.47202682495117,"Unknown"
"7014857",371856,2025-10-06 08:16:59,43.1300163269043,-8.47206115722656,"Unknown"
"7014857",371856,2025-10-06 08:21:59,43.1299819946289,-8.47204685211182,"Unknown"
"7014857",371856,2025-10-06 08:26:59,43.1298484802246,-8.47191524505615,"Unknown"
"7014857",371856,2025-10-06 08:31:59,43.1308631896973,-8.46899604797363,"Unknown"
"7014857",371856,2025-10-06 08:36:59,43.1309051513672,-8.46908855438232,"Unknown"
"7014857",371856,2025-10-06 08:42:00,43.1308403015137,-8.46897125244141,"Unknown"
"7014857",371856,2025-10-06 08:47:00,43.1316261291504,-8.46828460693359,"Unknown"
"7014857",371856,2025-10-06 08:52:01,43.1311111450195,-8.46919250488281,"Unknown"
"7014857",371856,2025-10-06 08:56:59,43.1311836242676,-8.46916675567627,"Unknown"
"7014857",371856,2025-10-06 09:02:01,43.1311111450195,-8.46914100646973,"Unknown"
"7014857",371856,2025-10-06 09:06:59,43.131103515625,-8.46912479400635,"Unknown"
"7014857",371856,2025-10-06 09:12:00,43.1310844421387,-8.46904754638672,"Unknown"
"7014857",371856,2025-10-06 09:16:59,43.1307525634766,-8.47130489349365,"Unknown"
"7014857",371856,2025-10-06 09:22:01,43.1303825378418,-8.47120571136475,"Unknown"
"7014857",371856,2025-10-06 09:27:01,43.1304321289062,-8.47126007080078,"Unknown"
"7014857",371856,2025-10-06 09:32:01,43.1305656433105,-8.47111320495605,"Unknown"
"7014857",371856,2025-10-06 09:37:00,43.1309661865234,-8.47132015228271,"Unknown"
"7014857",371856,2025-10-06 09:41:59,43.1309242248535,-8.47138786315918,"Unknown"
"7014857",371856,2025-10-06 09:47:00,43.1309051513672,-8.47125816345215,"Unknown"
"7014857",371856,2025-10-06 09:52:06,43.1310844421387,-8.47158145904541,"Unknown"
"7014857",371856,2025-10-06 09:57:02,43.130542755127,-8.47130966186523,"Unknown"
"7014857",371856,2025-10-06 10:01:59,43.1305503845215,-8.47123336791992,"Unknown"
"7014857",371856,2025-10-06 10:07:00,43.130744934082,-8.47152042388916,"Unknown"
"7014857",371856,2025-10-06 10:11:59,43.1309585571289,-8.47128391265869,"Unknown"
"7014857",371856,2025-10-06 10:17:00,43.1308212280273,-8.47111797332764,"Unknown"
"7014857",371856,2025-10-06 10:22:00,43.1296348571777,-8.47165203094482,"Unknown"
"7014857",371856,2025-10-06 10:27:01,43.1322288513184,-8.46886157989502,"Unknown"
"7014857",371856,2025-10-06 10:32:03,43.1321334838867,-8.46888828277588,"Unknown"
"7014857",371856,2025-10-06 10:37:03,43.1323165893555,-8.46903324127197,"Unknown"
"7014857",371856,2025-10-06 10:42:01,43.1322975158691,-8.46921157836914,"Unknown"
"7014857",371856,2025-10-06 10:47:03,43.1322937011719,-8.46902179718018,"Unknown"
"7014857",371856,2025-10-06 10:52:00,43.1321792602539,-8.46897983551025,"Unknown"
"7014857",371856,2025-10-06 10:57:04,43.1322059631348,-8.46885395050049,"Unknown"
"7014857",371856,2025-10-06 11:02:00,43.1322326660156,-8.46901988983154,"Unknown"
"7014857",371856,2025-10-06 11:07:00,43.1321334838867,-8.46892070770264,"Unknown"
"7014857",371856,2025-10-06 11:11:59,43.1339416503906,-8.47025012969971,"Unknown"
"7014857",371856,2025-10-06 11:17:03,43.1333923339844,-8.4695463180542,"Unknown"
"7014857",371856,2025-10-06 11:21:59,43.1334075927734,-8.46977233886719,"Unknown"
"7014857",371856,2025-10-06 11:26:59,43.1338233947754,-8.47075080871582,"Unknown"
"7014857",371856,2025-10-06 11:31:59,43.1336555480957,-8.47097110748291,"Unknown"
"7014857",371856,2025-10-06 11:37:00,43.1327819824219,-8.46964836120605,"Unknown"
"7014857",371856,2025-10-06 11:42:02,43.1327476501465,-8.46955871582031,"Unknown"
"7014857",371856,2025-10-06 11:47:03,43.133171081543,-8.47039794921875,"Unknown"
"7014857",371856,2025-10-06 11:51:59,43.1328239440918,-8.46956634521484,"Unknown"
"7014857",371856,2025-10-06 11:57:00,43.1327857971191,-8.46951389312744,"Unknown"
"7014857",371856,2025-10-06 12:01:59,43.1327972412109,-8.46958065032959,"Unknown"
"7014857",371856,2025-10-06 12:07:02,43.1328201293945,-8.46956825256348,"Unknown"
"7014857",371856,2025-10-06 12:12:00,43.1328353881836,-8.46955490112305,"Unknown"
"7014857",371856,2025-10-06 12:16:59,43.1328926086426,-8.46965503692627,"Unknown"
"7014857",371856,2025-10-06 12:22:00,43.1328926086426,-8.46967220306396,"Unknown"
"7014857",371856,2025-10-06 12:26:59,43.133056640625,-8.46975612640381,"Unknown"
"7014857",371856,2025-10-06 12:32:35,43.1330108642578,-8.46939945220947,"Unknown"
"7014857",371856,2025-10-06 12:36:59,43.1330261230469,-8.46922397613525,"Unknown"
"7014857",371856,2025-10-06 12:41:59,43.1327285766602,-8.46947956085205,"Unknown"
"7014857",371856,2025-10-06 12:47:00,43.1324768066406,-8.46971225738525,"Unknown"
"7014857",371856,2025-10-06 12:51:59,43.1327285766602,-8.46941947937012,"Unknown"
"7014857",371856,2025-10-06 12:57:00,43.1327209472656,-8.46945571899414,"Unknown"
"7014857",371856,2025-10-06 13:01:59,43.1326751708984,-8.46950531005859,"Unknown"
"7014857",371856,2025-10-06 13:06:59,43.1326484680176,-8.46954441070557,"Unknown"
"7014857",371856,2025-10-06 13:11:59,43.1326713562012,-8.46950912475586,"Unknown"
"7014857",371856,2025-10-06 13:16:59,43.1326103210449,-8.46948337554932,"Unknown"
"7014857",371856,2025-10-06 13:21:59,43.1327590942383,-8.46943187713623,"Unknown"
"7014857",371856,2025-10-06 13:26:59,43.1326866149902,-8.4694709777832,"Unknown"
"7014857",371856,2025-10-06 13:31:59,43.1327514648438,-8.46944904327393,"Unknown"
"7014857",371856,2025-10-06 13:36:59,43.1327438354492,-8.46948623657227,"Unknown"
"7014857",371856,2025-10-06 13:41:59,43.1327590942383,-8.46946430206299,"Unknown"
"7014857",371856,2025-10-06 13:46:59,43.1326370239258,-8.46953010559082,"Unknown"
"7014857",371856,2025-10-06 13:52:02,43.132453918457,-8.4695930480957,"Unknown"
"7014857",371856,2025-10-06 13:56:59,43.1327934265137,-8.46954917907715,"Unknown"
"7014857",371856,2025-10-06 14:02:00,43.1327629089355,-8.46937942504883,"Unknown"
"7014857",371856,2025-10-06 14:07:01,43.1328620910645,-8.46957111358643,"Unknown"
"7014857",371856,2025-10-06 14:12:00,43.1328353881836,-8.46957111358643,"Unknown"
"7014857",371856,2025-10-06 14:16:59,43.132926940918,-8.46961879730225,"Unknown"
"7014857",371856,2025-10-06 14:22:00,43.1329002380371,-8.46958827972412,"Unknown"
"7014857",371856,2025-10-06 14:27:14,43.1325950622559,-8.46943855285645,"Unknown"
"7014857",371856,2025-10-06 14:32:03,43.1325721740723,-8.46944046020508,"Unknown"
"7014857",371856,2025-10-06 14:36:58,43.1326751708984,-8.46946811676025,"Unknown"
"7014857",371856,2025-10-06 14:42:00,43.1303787231445,-8.47122478485107,"Unknown"
"7014857",371856,2025-10-06 14:46:59,43.1298027038574,-8.47205448150635,"Unknown"
"7014857",371856,2025-10-06 14:51:59,43.1298561096191,-8.47206115722656,"Unknown"
"7014857",371856,2025-10-06 14:56:59,43.1300811767578,-8.47197723388672,"Unknown"
"7014857",371856,2025-10-06 15:02:03,43.1298294067383,-8.47165489196777,"Unknown"
"7014857",371856,2025-10-06 15:06:59,43.1298599243164,-8.47175121307373,"Unknown"
"7014857",371856,2025-10-06 15:12:00,43.129753112793,-8.47173690795898,"Unknown"
"7014857",371856,2025-10-06 15:17:14,43.1303100585938,-8.4712553024292,"Unknown"
"7014857",371856,2025-10-06 15:21:59,43.1302337646484,-8.471266746521,"Unknown"
"7014857",371856,2025-10-06 15:27:02,43.1302528381348,-8.47122764587402,"Unknown"
"7014857",371856,2025-10-06 15:31:59,43.1302947998047,-8.47124004364014,"Unknown"
"7014857",371856,2025-10-06 15:36:59,43.1302871704102,-8.47124195098877,"Unknown"
"7014857",371856,2025-10-06 15:42:01,43.1304740905762,-8.47098064422607,"Unknown"
"7014857",371856,2025-10-06 15:46:59,43.1305770874023,-8.47020530700684,"Unknown"
"7014857",371856,2025-10-06 15:51:59,43.1305999755859,-8.47029113769531,"Unknown"
"7014857",371856,2025-10-06 15:56:59,43.1305694580078,-8.47025871276855,"Unknown"
"7014857",371856,2025-10-06 16:02:14,43.1305885314941,-8.47029685974121,"Unknown"
"7014857",371856,2025-10-06 16:07:00,43.1305923461914,-8.47027587890625,"Unknown"
"7014857",371856,2025-10-06 16:12:00,43.130558013916,-8.47012710571289,"Unknown"
"7014857",371856,2025-10-06 16:17:00,43.1305503845215,-8.47000789642334,"Unknown"
"7014857",371856,2025-10-06 16:22:00,43.1305618286133,-8.47021102905273,"Unknown"
"7014857",371856,2025-10-06 16:27:01,43.1305770874023,-8.47019386291504,"Unknown"
"7014857",371856,2025-10-06 16:32:01,43.1305236816406,-8.47010612487793,"Unknown"
"7014857",371856,2025-10-06 16:37:13,43.1305503845215,-8.47023487091064,"Unknown"
"7014857",371856,2025-10-06 16:42:06,43.130542755127,-8.47016334533691,"Unknown"
"7014857",371856,2025-10-06 16:47:00,43.1309242248535,-8.47029399871826,"Unknown"
"7014857",371856,2025-10-06 16:51:59,43.130802154541,-8.47021484375,"Unknown"
"7014857",371856,2025-10-06 16:57:14,43.1306228637695,-8.47017765045166,"Unknown"
"7014857",371856,2025-10-06 17:02:01,43.1305618286133,-8.4704122543335,"Unknown"
"7014857",371856,2025-10-06 17:06:59,43.1306114196777,-8.47036838531494,"Unknown"
"7014857",371856,2025-10-06 17:12:00,43.1307220458984,-8.470383644104,"Unknown"
"7014857",371856,2025-10-06 17:17:08,43.1302909851074,-8.47003078460693,"Unknown"
"7014857",371856,2025-10-06 17:22:06,43.1308517456055,-8.4701509475708,"Unknown"
"7014857",371856,2025-10-06 17:27:13,43.1304473876953,-8.46986961364746,"Unknown"
"7014857",371856,2025-10-06 17:31:59,43.1554527282715,-8.46656799316406,"Unknown"
"7014857",371856,2025-10-06 17:37:01,43.176643371582,-8.43805122375488,"Unknown"
"7014857",371856,2025-10-06 17:42:00,43.1927719116211,-8.42028903961182,"Unknown"
"7014857",371856,2025-10-06 17:48:16,43.1937828063965,-8.41938400268555,"Unknown"
"7014857",371856,2025-10-06 17:52:13,43.193431854248,-8.42068290710449,"Unknown"
"7014857",371856,2025-10-06 17:57:05,43.1930084228516,-8.42040634155273,"Unknown"
"7014857",371856,2025-10-06 18:02:03,43.1931190490723,-8.42018127441406,"Unknown"
"7014857",371856,2025-10-06 18:07:07,43.1927680969238,-8.42020988464355,"Unknown"
"7014857",371856,2025-10-06 18:12:01,43.1913528442383,-8.41996574401855,"Unknown"
"7014857",371856,2025-10-06 18:17:00,43.1823272705078,-8.4320650100708,"Unknown"
"7014857",371856,2025-10-06 18:22:08,43.17236328125,-8.43881225585938,"Unknown"
"7014857",371856,2025-10-06 18:27:12,43.1722183227539,-8.43873596191406,"Unknown"
"7014857",371856,2025-10-06 18:32:01,43.1722106933594,-8.43903255462646,"Unknown"
"7014857",371856,2025-10-06 18:37:00,43.1723098754883,-8.43894290924072,"Unknown"
"7014857",371856,2025-10-06 18:43:41,43.1718902587891,-8.43903064727783,"Unknown"
"7014857",371856,2025-10-06 23:44:35,43.1711654663086,-8.43951320648193,"Unknown"
"7014857",371856,2025-10-07 04:44:05,43.1715545654297,-8.43854331970215,"Unknown"
"7014857",371856,2025-10-07 05:03:11,43.1715354919434,-8.43846225738525,"Unknown"
"7014857",371856,2025-10-07 05:08:11,43.1715240478516,-8.43853378295898,"Unknown"
"7014857",371856,2025-10-07 05:13:11,43.1715278625488,-8.43849754333496,"Unknown"
"7014857",371856,2025-10-07 05:18:13,43.1715354919434,-8.43841934204102,"Unknown"
"7014857",371856,2025-10-07 05:23:12,43.1716117858887,-8.43830013275146,"Unknown"
"7014857",371856,2025-10-07 05:28:13,43.1715927124023,-8.43847179412842,"Unknown"
"7014857",371856,2025-10-07 05:33:12,43.1716995239258,-8.43842792510986,"Unknown"
"7014857",371856,2025-10-07 05:38:12,43.1715393066406,-8.43843078613281,"Unknown"
"7014857",371856,2025-10-07 05:43:11,43.1715393066406,-8.43843841552734,"Unknown"
"7014857",371856,2025-10-07 05:48:12,43.1716270446777,-8.43845844268799,"Unknown"
"7014857",371856,2025-10-07 05:53:11,43.1715354919434,-8.43840312957764,"Unknown"
"7014857",371856,2025-10-07 05:58:12,43.1716117858887,-8.43837261199951,"Unknown"
"7014857",371856,2025-10-07 06:03:14,43.1714172363281,-8.43846035003662,"Unknown"
"7014857",371856,2025-10-07 06:08:15,43.1715278625488,-8.43853664398193,"Unknown"
"7014857",371856,2025-10-07 06:13:13,43.1714897155762,-8.43911552429199,"Unknown"
"7014857",371856,2025-10-07 06:18:12,43.17138671875,-8.43907070159912,"Unknown"
"7014857",371856,2025-10-07 06:23:12,43.1714515686035,-8.43909168243408,"Unknown"
"7014857",371856,2025-10-07 06:28:13,43.1714248657227,-8.43916130065918,"Unknown"
"7014857",371856,2025-10-07 06:33:15,43.1713905334473,-8.4390230178833,"Unknown"
"7014857",371856,2025-10-07 06:38:13,43.1714363098145,-8.43906784057617,"Unknown"
"7014857",371856,2025-10-07 06:43:13,43.1707382202148,-8.43857765197754,"Unknown"
"7014857",371856,2025-10-07 06:48:12,43.1705360412598,-8.43859004974365,"Unknown"
"7014857",371856,2025-10-07 06:53:12,43.1705360412598,-8.43848133087158,"Unknown"
"7014857",371856,2025-10-07 06:58:12,43.1705932617188,-8.43850994110107,"Unknown"
"7014857",371856,2025-10-07 07:03:12,43.1705093383789,-8.43844223022461,"Unknown"
"7014857",371856,2025-10-07 07:08:14,43.1705436706543,-8.43848896026611,"Unknown"
"7014857",371856,2025-10-07 07:13:13,43.1706657409668,-8.43863201141357,"Unknown"
"7014857",371856,2025-10-07 07:18:14,43.1705055236816,-8.43845272064209,"Unknown"
"7014857",371856,2025-10-07 07:23:12,43.1706962585449,-8.4386568069458,"Unknown"
"7014857",371856,2025-10-07 07:28:13,43.1700019836426,-8.44542694091797,"Unknown"
"7014857",371856,2025-10-07 07:33:14,43.1528129577637,-8.4631519317627,"Unknown"
"7014857",371856,2025-10-07 07:38:16,43.1298713684082,-8.47018718719482,"Unknown"
"7014857",371856,2025-10-07 07:43:17,43.1298599243164,-8.47017383575439,"Unknown"
"7014857",371856,2025-10-07 07:48:18,43.1307983398438,-8.47141647338867,"Unknown"
"7014857",371856,2025-10-07 07:53:14,43.1311264038086,-8.47145843505859,"Unknown"
"7014857",371856,2025-10-07 07:58:13,43.1310691833496,-8.47137451171875,"Unknown"
"7014857",371856,2025-10-07 08:03:17,43.1308860778809,-8.47129440307617,"Unknown"
"7014857",371856,2025-10-07 08:08:34,43.1310119628906,-8.47131633758545,"Unknown"
"7014857",371856,2025-10-07 08:13:14,43.130859375,-8.47124767303467,"Unknown"
"7014857",371856,2025-10-07 08:18:14,43.1310653686523,-8.47130489349365,"Unknown"
"7014857",371856,2025-10-07 08:23:14,43.1310539245605,-8.47129821777344,"Unknown"
"7014857",371856,2025-10-07 08:28:14,43.1311225891113,-8.47129821777344,"Unknown"
"7014857",371856,2025-10-07 08:33:14,43.1310653686523,-8.47124576568604,"Unknown"
"7014857",371856,2025-10-07 08:38:16,43.1310768127441,-8.47129821777344,"Unknown"
"7014857",371856,2025-10-07 08:43:14,43.1311340332031,-8.47135448455811,"Unknown"
"7014857",371856,2025-10-07 08:48:17,43.1311492919922,-8.47135162353516,"Unknown"
"7014857",371856,2025-10-07 08:53:15,43.1307678222656,-8.47098445892334,"Unknown"
"7014857",371856,2025-10-07 08:58:14,43.1310653686523,-8.47126483917236,"Unknown"
"7014857",371856,2025-10-07 09:03:17,43.1311264038086,-8.4713306427002,"Unknown"
"7014857",371856,2025-10-07 09:08:18,43.1311073303223,-8.47136878967285,"Unknown"
"7014857",371856,2025-10-07 09:13:18,43.1301765441895,-8.47080039978027,"Unknown"
"7014857",371856,2025-10-07 09:18:16,43.1301155090332,-8.470871925354,"Unknown"
"7014857",371856,2025-10-07 09:23:16,43.1312141418457,-8.47119331359863,"Unknown"
"7014857",371856,2025-10-07 09:28:35,43.1310958862305,-8.47119522094727,"Unknown"
"7014857",371856,2025-10-07 09:33:21,43.1310958862305,-8.47121238708496,"Unknown"
"7014857",371856,2025-10-07 09:38:11,43.1310691833496,-8.47118759155273,"Unknown"
"7014857",371856,2025-10-07 09:43:12,43.1310005187988,-8.47132587432861,"Unknown"
"7014857",371856,2025-10-07 09:48:12,43.1310539245605,-8.47123908996582,"Unknown"
"7014857",371856,2025-10-07 09:53:13,43.131233215332,-8.47149753570557,"Unknown"
"7014857",371856,2025-10-07 09:58:14,43.1307754516602,-8.47128105163574,"Unknown"
"7014857",371856,2025-10-07 10:03:15,43.1309089660645,-8.47117614746094,"Unknown"
"7014857",371856,2025-10-07 10:08:17,43.1302261352539,-8.47144317626953,"Unknown"
"7014857",371856,2025-10-07 10:13:24,43.1309471130371,-8.47114753723145,"Unknown"
"7014857",371856,2025-10-07 10:18:15,43.131778717041,-8.47113609313965,"Unknown"
"7014857",371856,2025-10-07 10:23:21,43.1301765441895,-8.47132015228271,"Unknown"
"7014857",371856,2025-10-07 10:28:13,43.1297416687012,-8.47100067138672,"Unknown"
"7014857",371856,2025-10-07 10:33:17,43.1333312988281,-8.47087574005127,"Unknown"
"7014857",371856,2025-10-07 10:38:15,43.1331901550293,-8.47010231018066,"Unknown"
"7014857",371856,2025-10-07 10:43:13,43.1325035095215,-8.46970558166504,"Unknown"
"7014857",371856,2025-10-07 10:48:24,43.1330718994141,-8.47005176544189,"Unknown"
"7014857",371856,2025-10-07 10:53:15,43.1332397460938,-8.47015285491943,"Unknown"
"7014857",371856,2025-10-07 10:58:18,43.133186340332,-8.47015285491943,"Unknown"
"7014857",371856,2025-10-07 11:03:15,43.1331024169922,-8.47011566162109,"Unknown"
"7014857",371856,2025-10-07 11:08:16,43.1328544616699,-8.46998882293701,"Unknown"
"7014857",371856,2025-10-07 11:13:16,43.133129119873,-8.47035026550293,"Unknown"
"7014857",371856,2025-10-07 11:18:15,43.1330337524414,-8.47028541564941,"Unknown"
"7014857",371856,2025-10-07 11:23:21,43.132869720459,-8.47002029418945,"Unknown"
"7014857",371856,2025-10-07 11:28:15,43.1329193115234,-8.47004508972168,"Unknown"
"7014857",371856,2025-10-07 11:33:14,43.1328468322754,-8.46991348266602,"Unknown"
"7014857",371856,2025-10-07 11:38:16,43.1324882507324,-8.46935176849365,"Unknown"
"7014857",371856,2025-10-07 11:43:14,43.1327095031738,-8.46972846984863,"Unknown"
"7014857",371856,2025-10-07 11:48:13,43.1327934265137,-8.46985244750977,"Unknown"
"7014857",371856,2025-10-07 11:53:25,43.1328239440918,-8.46997165679932,"Unknown"
"7014857",371856,2025-10-07 11:58:17,43.1330642700195,-8.47037792205811,"Unknown"
"7014857",371856,2025-10-07 12:03:27,43.1328201293945,-8.46981525421143,"Unknown"
"7014857",371856,2025-10-07 12:08:21,43.1327781677246,-8.46984958648682,"Unknown"
"7014857",371856,2025-10-07 12:13:23,43.1303901672363,-8.46983337402344,"Unknown"
"7014857",371856,2025-10-07 12:18:16,43.1303024291992,-8.46998119354248,"Unknown"
"7014857",371856,2025-10-07 12:23:35,43.1302871704102,-8.46987533569336,"Unknown"
"7014857",371856,2025-10-07 12:28:11,43.1303062438965,-8.47087669372559,"Unknown"
"7014857",371856,2025-10-07 12:33:17,43.1303634643555,-8.47153282165527,"Unknown"
"7014857",371856,2025-10-07 12:38:24,43.1302871704102,-8.47157573699951,"Unknown"
"7014857",371856,2025-10-07 12:43:19,43.1302642822266,-8.47151851654053,"Unknown"
"7014857",371856,2025-10-07 12:48:27,43.1302795410156,-8.47143936157227,"Unknown"
"7014857",371856,2025-10-07 12:53:17,43.1303596496582,-8.47147750854492,"Unknown"
"7014857",371856,2025-10-07 12:58:15,43.1305389404297,-8.47108173370361,"Unknown"
"7014857",371856,2025-10-07 13:03:27,43.1303634643555,-8.471116065979,"Unknown"
"7014857",371856,2025-10-07 13:08:25,43.1304016113281,-8.47108840942383,"Unknown"
"7014857",371856,2025-10-07 13:13:15,43.1302375793457,-8.47079277038574,"Unknown"
"7014857",371856,2025-10-07 13:18:14,43.1301689147949,-8.47072219848633,"Unknown"
"7014857",371856,2025-10-07 13:23:32,43.1308822631836,-8.47129726409912,"Unknown"
"7014857",371856,2025-10-07 13:28:12,43.1296195983887,-8.47124671936035,"Unknown"
"7014857",371856,2025-10-07 13:33:12,43.1295280456543,-8.47078037261963,"Unknown"
"7014857",371856,2025-10-07 13:38:12,43.129581451416,-8.47072792053223,"Unknown"
"7014857",371856,2025-10-07 13:43:14,43.1295585632324,-8.47073841094971,"Unknown"
"7014857",371856,2025-10-07 13:48:12,43.1295700073242,-8.47082996368408,"Unknown"
"7014857",371856,2025-10-07 13:53:15,43.1294250488281,-8.47070407867432,"Unknown"
"7014857",371856,2025-10-07 13:58:15,43.1294174194336,-8.47066116333008,"Unknown"
"7014857",371856,2025-10-07 14:03:35,43.1295928955078,-8.4707612991333,"Unknown"
"7014857",371856,2025-10-07 14:08:12,43.1296577453613,-8.47069835662842,"Unknown"
"7014857",371856,2025-10-07 14:13:13,43.1296730041504,-8.47066593170166,"Unknown"
"7014857",371856,2025-10-07 14:18:12,43.1304931640625,-8.47101879119873,"Unknown"
"7014857",371856,2025-10-07 14:23:15,43.1300354003906,-8.47069835662842,"Unknown"
"7014857",371856,2025-10-07 14:28:13,43.1302146911621,-8.47085952758789,"Unknown"
"7014857",371856,2025-10-07 14:33:24,43.1303024291992,-8.47091484069824,"Unknown"
"7014857",371856,2025-10-07 14:38:14,43.1301765441895,-8.47077178955078,"Unknown"
"7014857",371856,2025-10-07 14:43:14,43.1304817199707,-8.47118949890137,"Unknown"
"7014857",371856,2025-10-07 14:48:12,43.1295547485352,-8.47191715240479,"Unknown"
"7014857",371856,2025-10-07 14:53:16,43.1303100585938,-8.47115516662598,"Unknown"
"7014857",371856,2025-10-07 14:58:16,43.1313209533691,-8.47185039520264,"Unknown"
"7014857",371856,2025-10-07 15:03:13,43.1305961608887,-8.47090339660645,"Unknown"
"7014857",371856,2025-10-07 15:08:15,43.1331939697266,-8.46924686431885,"Unknown"
"7014857",371856,2025-10-07 15:13:12,43.1331634521484,-8.46904373168945,"Unknown"
"7014857",371856,2025-10-07 15:18:16,43.1331901550293,-8.46936988830566,"Unknown"
"7014857",371856,2025-10-07 15:23:25,43.1332511901855,-8.46924495697021,"Unknown"
"7014857",371856,2025-10-07 15:28:17,43.1333465576172,-8.46923446655273,"Unknown"
"7014857",371856,2025-10-07 15:33:35,43.1330986022949,-8.46928310394287,"Unknown"
"7014857",371856,2025-10-07 15:38:12,43.133113861084,-8.46928977966309,"Unknown"
"7014857",371856,2025-10-07 15:43:12,43.1331062316895,-8.46928310394287,"Unknown"
"7014857",371856,2025-10-07 15:48:12,43.1331481933594,-8.46928977966309,"Unknown"
"7014857",371856,2025-10-07 15:53:11,43.1331062316895,-8.46934032440186,"Unknown"
"7014857",371856,2025-10-07 15:58:14,43.1331825256348,-8.46922397613525,"Unknown"
"7014857",371856,2025-10-07 16:03:12,43.1325798034668,-8.46864700317383,"Unknown"
"7014857",371856,2025-10-07 16:08:13,43.132682800293,-8.46865940093994,"Unknown"
"7014857",371856,2025-10-07 16:13:13,43.1326599121094,-8.4685583114624,"Unknown"
"7014857",371856,2025-10-07 16:18:12,43.1327133178711,-8.46857261657715,"Unknown"
"7014857",371856,2025-10-07 16:23:11,43.1327514648438,-8.46874046325684,"Unknown"
"7014857",371856,2025-10-07 16:28:11,43.1348190307617,-8.46993446350098,"Unknown"
"7014857",371856,2025-10-07 16:33:11,43.1595001220703,-8.47441959381104,"Unknown"
"7014857",371856,2025-10-07 16:38:13,43.1823501586914,-8.45615482330322,"Unknown"
"7014857",371856,2025-10-07 16:43:12,43.1937942504883,-8.4208459854126,"Unknown"
"7014857",371856,2025-10-07 16:48:12,43.1935272216797,-8.42079734802246,"Unknown"
"7014857",371856,2025-10-07 16:53:11,43.1938667297363,-8.42032623291016,"Unknown"
"7014857",371856,2025-10-07 16:58:11,43.1998710632324,-8.43120193481445,"Unknown"
"7014857",371856,2025-10-07 17:03:12,43.1986122131348,-8.43007659912109,"Unknown"
"7014857",371856,2025-10-07 17:08:12,43.199291229248,-8.4190092086792,"Unknown"
"7014857",371856,2025-10-07 17:13:13,43.2206649780273,-8.39912891387939,"Unknown"
"7014857",371856,2025-10-07 17:18:13,43.2492218017578,-8.38456344604492,"Unknown"
"7014857",371856,2025-10-07 17:23:14,43.2829437255859,-8.37771606445312,"Unknown"
"7014857",371856,2025-10-07 17:28:12,43.3153991699219,-8.37939262390137,"Unknown"
"7014857",371856,2025-10-07 17:33:16,43.3427505493164,-8.38957023620605,"Unknown"
"7014857",371856,2025-10-07 17:38:44,43.360912322998,-8.40299510955811,"Unknown"
"7014857",371856,2025-10-07 17:43:13,43.3608932495117,-8.40287113189697,"Unknown"
"7014857",371856,2025-10-07 17:48:24,43.3608856201172,-8.40274047851562,"Unknown"
"7014857",371856,2025-10-07 17:53:23,43.3607521057129,-8.40174674987793,"Unknown"
"7014857",371856,2025-10-07 17:58:14,43.3608741760254,-8.40317249298096,"Unknown"
"7014857",371856,2025-10-07 18:03:35,43.3608016967773,-8.40282440185547,"Unknown"
"7014857",371856,2025-10-07 18:08:11,43.3608627319336,-8.40289974212646,"Unknown"
"7014857",371856,2025-10-07 18:13:11,43.3608283996582,-8.40287494659424,"Unknown"
"7014857",371856,2025-10-07 18:18:12,43.3608131408691,-8.40296268463135,"Unknown"
"7014857",371856,2025-10-07 18:23:12,43.3609657287598,-8.4029426574707,"Unknown"
"7014857",371856,2025-10-07 18:28:12,43.3607292175293,-8.40297031402588,"Unknown"
"7014857",371856,2025-10-07 18:33:16,43.3627128601074,-8.39455509185791,"Unknown"
"7014857",371856,2025-10-07 18:38:19,43.3617477416992,-8.3944091796875,"Unknown"
"7014857",371856,2025-10-07 18:41:48,43.3617782592773,-8.39443588256836,"Unknown"
"7014857",371856,2025-10-07 23:42:05,43.3586349487305,-8.39322757720947,"Unknown"
"7014857",371856,2025-10-08 04:42:06,43.3585739135742,-8.39340972900391,"Unknown"
"7014857",371856,2025-10-08 05:03:59,43.3585662841797,-8.39333152770996,"Unknown"
"7014857",371856,2025-10-08 05:08:58,43.3585395812988,-8.39333152770996,"Unknown"
"7014857",371856,2025-10-08 05:13:59,43.3585014343262,-8.39337921142578,"Unknown"
"7014857",371856,2025-10-08 05:19:04,43.3584861755371,-8.3933219909668,"Unknown"
"7014857",371856,2025-10-08 05:23:57,43.3583755493164,-8.39324378967285,"Unknown"
"7014857",371856,2025-10-08 05:29:05,43.3585929870605,-8.39322090148926,"Unknown"
"7014857",371856,2025-10-08 05:34:04,43.3586235046387,-8.39332389831543,"Unknown"
"7014857",371856,2025-10-08 05:38:59,43.3575286865234,-8.39320659637451,"Unknown"
"7014857",371856,2025-10-08 05:44:14,43.3586387634277,-8.39338207244873,"Unknown"
"7014857",371856,2025-10-08 05:48:56,43.3586578369141,-8.39334392547607,"Unknown"
"7014857",371856,2025-10-08 05:53:56,43.3586692810059,-8.39344310760498,"Unknown"
"7014857",371856,2025-10-08 05:58:56,43.3584861755371,-8.39351463317871,"Unknown"
"7014857",371856,2025-10-08 06:04:00,43.3587532043457,-8.39329051971436,"Unknown"
"7014857",371856,2025-10-08 06:09:01,43.3584747314453,-8.39350700378418,"Unknown"
"7014857",371856,2025-10-08 06:13:59,43.3583106994629,-8.39352703094482,"Unknown"
"7014857",371856,2025-10-08 06:19:03,43.3585395812988,-8.39369773864746,"Unknown"
"7014857",371856,2025-10-08 06:24:01,43.3582916259766,-8.39373779296875,"Unknown"
"7014857",371856,2025-10-08 06:29:00,43.3481597900391,-8.41423606872559,"Unknown"
"7014857",371856,2025-10-08 06:34:14,43.3455276489258,-8.43939113616943,"Unknown"
"7014857",371856,2025-10-08 06:39:06,43.3402366638184,-8.45431613922119,"Unknown"
"7014857",371856,2025-10-08 06:44:05,43.3400955200195,-8.4542875289917,"Unknown"
"7014857",371856,2025-10-08 06:48:56,43.351806640625,-8.45547008514404,"Unknown"
"7014857",371856,2025-10-08 06:53:56,43.3543739318848,-8.45726680755615,"Unknown"
"7014857",371856,2025-10-08 06:59:04,43.3549118041992,-8.45803070068359,"Unknown"
"7014857",371856,2025-10-08 07:04:00,43.354907989502,-8.45797634124756,"Unknown"
"7014857",371856,2025-10-08 07:08:59,43.3550453186035,-8.45803833007812,"Unknown"
"7014857",371856,2025-10-08 07:14:01,43.3548774719238,-8.45757675170898,"Unknown"
"7014857",371856,2025-10-08 07:19:04,43.3550071716309,-8.45802116394043,"Unknown"
"7014857",371856,2025-10-08 07:24:00,43.3542785644531,-8.45722961425781,"Unknown"
"7014857",371856,2025-10-08 07:28:59,43.3547134399414,-8.45768451690674,"Unknown"
"7014857",371856,2025-10-08 07:34:08,43.3548049926758,-8.45781517028809,"Unknown"
"7014857",371856,2025-10-08 07:39:14,43.3549270629883,-8.45792484283447,"Unknown"
"7014857",371856,2025-10-08 07:44:07,43.3549003601074,-8.45782852172852,"Unknown"
"7014857",371856,2025-10-08 07:49:10,43.3546714782715,-8.45767688751221,"Unknown"
"7014857",371856,2025-10-08 07:53:56,43.354663848877,-8.45764064788818,"Unknown"
"7014857",371856,2025-10-08 07:59:01,43.3549041748047,-8.45786666870117,"Unknown"
"7014857",371856,2025-10-08 08:03:58,43.354907989502,-8.4578800201416,"Unknown"
"7014857",371856,2025-10-08 08:08:59,43.3549423217773,-8.45793724060059,"Unknown"
"7014857",371856,2025-10-08 08:13:58,43.3549118041992,-8.45789527893066,"Unknown"
"7014857",371856,2025-10-08 08:18:58,43.3548698425293,-8.45784282684326,"Unknown"
"7014857",371856,2025-10-08 08:23:56,43.3549003601074,-8.45784950256348,"Unknown"
"7014857",371856,2025-10-08 08:29:01,43.3548698425293,-8.45799160003662,"Unknown"
"7014857",371856,2025-10-08 08:34:01,43.354866027832,-8.4579029083252,"Unknown"
"7014857",371856,2025-10-08 08:39:00,43.3549766540527,-8.45798015594482,"Unknown"
"7014857",371856,2025-10-08 08:44:01,43.3549156188965,-8.45794010162354,"Unknown"
"7014857",371856,2025-10-08 08:49:29,43.3547210693359,-8.45784664154053,"Unknown"
"7014857",371856,2025-10-08 08:53:55,43.3544998168945,-8.45776176452637,"Unknown"
"7014857",371856,2025-10-08 08:58:56,43.3547096252441,-8.45778751373291,"Unknown"
"7014857",371856,2025-10-08 09:04:01,43.3548736572266,-8.45781421661377,"Unknown"
"7014857",371856,2025-10-08 09:09:14,43.3551330566406,-8.45817565917969,"Unknown"
"7014857",371856,2025-10-08 09:13:57,43.3551445007324,-8.45828628540039,"Unknown"
"7014857",371856,2025-10-08 09:18:57,43.3551445007324,-8.45828247070312,"Unknown"
"7014857",371856,2025-10-08 09:23:56,43.3552360534668,-8.45830154418945,"Unknown"
"7014857",371856,2025-10-08 09:29:13,43.3551216125488,-8.45818996429443,"Unknown"
"7014857",371856,2025-10-08 09:33:55,43.355224609375,-8.45836925506592,"Unknown"
"7014857",371856,2025-10-08 09:38:55,43.3552207946777,-8.45830917358398,"Unknown"
"7014857",371856,2025-10-08 09:43:55,43.355224609375,-8.45832252502441,"Unknown"
"7014857",371856,2025-10-08 09:49:14,43.3551635742188,-8.45821285247803,"Unknown"
"7014857",371856,2025-10-08 09:53:55,43.3552131652832,-8.45819091796875,"Unknown"
"7014857",371856,2025-10-08 09:58:55,43.3552284240723,-8.4583101272583,"Unknown"
"7014857",371856,2025-10-08 10:03:55,43.3551750183105,-8.45823955535889,"Unknown"
"7014857",371856,2025-10-08 10:08:55,43.3552284240723,-8.45835018157959,"Unknown"
"7014857",371856,2025-10-08 10:13:55,43.3551788330078,-8.45837879180908,"Unknown"
"7014857",371856,2025-10-08 10:18:55,43.3552360534668,-8.45827674865723,"Unknown"
"7014857",371856,2025-10-08 10:23:55,43.355297088623,-8.45842552185059,"Unknown"
"7014857",371856,2025-10-08 10:28:55,43.355281829834,-8.45842552185059,"Unknown"
"7014857",371856,2025-10-08 10:33:55,43.355224609375,-8.45835876464844,"Unknown"
"7014857",371856,2025-10-08 10:38:55,43.3552703857422,-8.45841217041016,"Unknown"
"7014857",371856,2025-10-08 10:43:55,43.3552780151367,-8.45848560333252,"Unknown"
"7014857",371856,2025-10-08 10:49:15,43.3552207946777,-8.45820999145508,"Unknown"
"7014857",371856,2025-10-08 10:53:55,43.3552894592285,-8.45830345153809,"Unknown"
"7014857",371856,2025-10-08 10:58:55,43.3553276062012,-8.45825099945068,"Unknown"
"7014857",371856,2025-10-08 11:03:56,43.3553428649902,-8.45823287963867,"Unknown"
"7014857",371856,2025-10-08 11:08:56,43.3552551269531,-8.45825958251953,"Unknown"
"7014857",371856,2025-10-08 11:13:55,43.3553276062012,-8.45831394195557,"Unknown"
"7014857",371856,2025-10-08 11:18:55,43.3552169799805,-8.45795154571533,"Unknown"
"7014857",371856,2025-10-08 11:23:56,43.3558464050293,-8.45794296264648,"Unknown"
"7014857",371856,2025-10-08 11:28:56,43.3557891845703,-8.45790386199951,"Unknown"
"7014857",371856,2025-10-08 11:33:56,43.3558082580566,-8.4578914642334,"Unknown"
"7014857",371856,2025-10-08 11:38:56,43.355884552002,-8.45799827575684,"Unknown"
"7014857",371856,2025-10-08 11:43:56,43.3558959960938,-8.45806789398193,"Unknown"
"7014857",371856,2025-10-08 11:49:26,43.3558006286621,-8.45798587799072,"Unknown"
"7014857",371856,2025-10-08 11:53:56,43.3557624816895,-8.45795917510986,"Unknown"
"7014857",371856,2025-10-08 11:58:56,43.3557586669922,-8.45787715911865,"Unknown"
"7014857",371856,2025-10-08 12:03:57,43.3555641174316,-8.45749282836914,"Unknown"
"7014857",371856,2025-10-08 12:08:57,43.3556671142578,-8.45770835876465,"Unknown"
"7014857",371856,2025-10-08 12:13:56,43.3557090759277,-8.45776271820068,"Unknown"
"7014857",371856,2025-10-08 12:18:56,43.3557739257812,-8.45795059204102,"Unknown"
"7014857",371856,2025-10-08 12:23:55,43.355785369873,-8.45799255371094,"Unknown"
"7014857",371856,2025-10-08 12:28:57,43.3557319641113,-8.45794773101807,"Unknown"
"7014857",371856,2025-10-08 12:33:56,43.3557472229004,-8.45794773101807,"Unknown"
"7014857",371856,2025-10-08 12:38:55,43.3557891845703,-8.4579906463623,"Unknown"
"7014857",371856,2025-10-08 12:43:55,43.3557548522949,-8.45797443389893,"Unknown"
"7014857",371856,2025-10-08 12:48:56,43.355411529541,-8.45805358886719,"Unknown"
"7014857",371856,2025-10-08 12:53:55,43.3553352355957,-8.45807361602783,"Unknown"
"7014857",371856,2025-10-08 12:58:56,43.3554458618164,-8.4580545425415,"Unknown"
"7014857",371856,2025-10-08 13:03:55,43.355411529541,-8.45810031890869,"Unknown"
"7014857",371856,2025-10-08 13:08:55,43.3553161621094,-8.45806694030762,"Unknown"
"7014857",371856,2025-10-08 13:13:55,43.3554229736328,-8.45805835723877,"Unknown"
"7014857",371856,2025-10-08 13:18:55,43.3554382324219,-8.45810699462891,"Unknown"
"7014857",371856,2025-10-08 13:23:55,43.3553009033203,-8.45806694030762,"Unknown"
"7014857",371856,2025-10-08 13:28:56,43.3557205200195,-8.4579610824585,"Unknown"
"7014857",371856,2025-10-08 13:33:56,43.3529167175293,-8.48569488525391,"Unknown"
"7014857",371856,2025-10-08 13:38:55,43.3520698547363,-8.51563262939453,"Unknown"
"7014857",371856,2025-10-08 13:43:56,43.3325233459473,-8.52211761474609,"Unknown"
"7014857",371856,2025-10-08 13:48:55,43.3245162963867,-8.4968376159668,"Unknown"
"7014857",371856,2025-10-08 13:53:56,43.3235893249512,-8.49594306945801,"Unknown"
"7014857",371856,2025-10-08 13:58:56,43.3259162902832,-8.49558258056641,"Unknown"
"7014857",371856,2025-10-08 14:03:56,43.3256149291992,-8.49558258056641,"Unknown"
"7014857",371856,2025-10-08 14:08:55,43.3342514038086,-8.50555038452148,"Unknown"
"7014857",371856,2025-10-08 14:14:14,43.337272644043,-8.50649356842041,"Unknown"
"7014857",371856,2025-10-08 14:19:25,43.3372764587402,-8.50641441345215,"Unknown"
"7014857",371856,2025-10-08 14:23:56,43.3372840881348,-8.50637722015381,"Unknown"
"7014857",371856,2025-10-08 14:28:56,43.3372993469238,-8.50635623931885,"Unknown"
"7014857",371856,2025-10-08 14:33:57,43.3373603820801,-8.50640964508057,"Unknown"
"7014857",371856,2025-10-08 14:38:56,43.3372955322266,-8.50627708435059,"Unknown"
"7014857",371856,2025-10-08 14:43:55,43.337329864502,-8.50619029998779,"Unknown"
"7014857",371856,2025-10-08 14:48:56,43.3376312255859,-8.50660514831543,"Unknown"
"7014857",371856,2025-10-08 14:53:56,43.3376617431641,-8.50658226013184,"Unknown"
"7014857",371856,2025-10-08 14:58:58,43.3378219604492,-8.50607299804688,"Unknown"
"7014857",371856,2025-10-08 15:03:56,43.3378372192383,-8.5063304901123,"Unknown"
"7014857",371856,2025-10-08 15:08:57,43.3378067016602,-8.50617599487305,"Unknown"
"7014857",371856,2025-10-08 15:13:58,43.3377990722656,-8.50637149810791,"Unknown"
"7014857",371856,2025-10-08 15:19:04,43.3377685546875,-8.5060920715332,"Unknown"
"7014857",371856,2025-10-08 15:23:59,43.3378601074219,-8.50603485107422,"Unknown"
"7014857",371856,2025-10-08 15:29:00,43.3374443054199,-8.50649547576904,"Unknown"
"7014857",371856,2025-10-08 15:34:14,43.3374900817871,-8.50637149810791,"Unknown"
"7014857",371856,2025-10-08 15:38:56,43.3375816345215,-8.50645351409912,"Unknown"
"7014857",371856,2025-10-08 15:44:00,43.3375930786133,-8.50664138793945,"Unknown"
"7014857",371856,2025-10-08 15:49:05,43.3375816345215,-8.50631237030029,"Unknown"
"7014857",371856,2025-10-08 15:54:00,43.337574005127,-8.50635719299316,"Unknown"
"7014857",371856,2025-10-08 15:58:59,43.3375701904297,-8.50624847412109,"Unknown"
"7014857",371856,2025-10-08 16:04:06,43.3375930786133,-8.50636005401611,"Unknown"
"7014857",371856,2025-10-08 16:09:27,43.3375778198242,-8.50626373291016,"Unknown"
"7014857",371856,2025-10-08 16:13:55,43.3376045227051,-8.50618171691895,"Unknown"
"7014857",371856,2025-10-08 16:18:55,43.3375816345215,-8.50619220733643,"Unknown"
"7014857",371856,2025-10-08 16:23:55,43.3375778198242,-8.5062255859375,"Unknown"
"7014857",371856,2025-10-08 16:28:55,43.337532043457,-8.50631332397461,"Unknown"
"7014857",371856,2025-10-08 16:33:56,43.3376808166504,-8.50633716583252,"Unknown"
"7014857",371856,2025-10-08 16:38:55,43.3376693725586,-8.5064058303833,"Unknown"
"7014857",371856,2025-10-08 16:43:55,43.3377227783203,-8.50640773773193,"Unknown"
"7014857",371856,2025-10-08 16:48:55,43.337703704834,-8.50624942779541,"Unknown"
"7014857",371856,2025-10-08 16:53:55,43.3377838134766,-8.50658321380615,"Unknown"
"7014857",371856,2025-10-08 16:58:57,43.3377418518066,-8.50643825531006,"Unknown"
"7014857",371856,2025-10-08 17:03:55,43.3378105163574,-8.50644493103027,"Unknown"
"7014857",371856,2025-10-08 17:08:56,43.3377952575684,-8.50643920898438,"Unknown"
"7014857",371856,2025-10-08 17:13:56,43.3377838134766,-8.50646686553955,"Unknown"
"7014857",371856,2025-10-08 17:18:56,43.3378219604492,-8.50642871856689,"Unknown"
"7014857",371856,2025-10-08 17:23:56,43.3378219604492,-8.50645160675049,"Unknown"
"7014857",371856,2025-10-08 17:28:56,43.3377685546875,-8.50646209716797,"Unknown"
"7014857",371856,2025-10-08 17:33:57,43.3377914428711,-8.50650596618652,"Unknown"
"7014857",371856,2025-10-08 17:38:58,43.3377494812012,-8.5064697265625,"Unknown"
"7014857",371856,2025-10-08 17:44:00,43.3378562927246,-8.50644111633301,"Unknown"
"7014857",371856,2025-10-08 17:48:59,43.3377532958984,-8.50638866424561,"Unknown"
"7014857",371856,2025-10-08 17:53:57,43.3380584716797,-8.50644779205322,"Unknown"
"7014857",371856,2025-10-08 17:58:58,43.3379135131836,-8.50632762908936,"Unknown"
"7014857",371856,2025-10-08 18:03:59,43.3378753662109,-8.50644016265869,"Unknown"
"7014857",371856,2025-10-08 18:09:07,43.3379783630371,-8.5064868927002,"Unknown"
"7014857",371856,2025-10-08 18:14:12,43.3404388427734,-8.51074600219727,"Unknown"
"7014857",371856,2025-10-08 18:18:57,43.3491020202637,-8.52838611602783,"Unknown"
"7014857",371856,2025-10-08 18:23:57,43.3519134521484,-8.51321983337402,"Unknown"
"7014857",371856,2025-10-08 18:29:00,43.3519439697266,-8.51103591918945,"Unknown"
"7014857",371856,2025-10-08 18:33:59,43.3517684936523,-8.51113319396973,"Unknown"
"7014857",371856,2025-10-08 18:40:44,43.3516464233398,-8.51113510131836,"Unknown"
"7014857",371856,2025-10-08 23:41:00,43.3509864807129,-8.51919937133789,"Unknown"
"7014857",371856,2025-10-09 04:41:00,43.3512954711914,-8.51991367340088,"Unknown"
"7014857",371856,2025-10-09 05:05:29,43.3511657714844,-8.51985931396484,"Unknown"
"7014857",371856,2025-10-09 05:10:29,43.3512306213379,-8.51988506317139,"Unknown"
"7014857",371856,2025-10-09 05:15:29,43.3512382507324,-8.519850730896,"Unknown"
"7014857",371856,2025-10-09 05:20:29,43.3512763977051,-8.51986503601074,"Unknown"
"7014857",371856,2025-10-09 05:25:29,43.351261138916,-8.51992988586426,"Unknown"
"7014857",371856,2025-10-09 05:30:30,43.3513679504395,-8.51985359191895,"Unknown"
"7014857",371856,2025-10-09 05:35:30,43.3513641357422,-8.5198917388916,"Unknown"
"7014857",371856,2025-10-09 05:40:29,43.3513679504395,-8.51992607116699,"Unknown"
"7014857",371856,2025-10-09 05:45:33,43.3512802124023,-8.51996517181396,"Unknown"
"7014857",371856,2025-10-09 05:50:30,43.3512878417969,-8.52007389068604,"Unknown"
"7014857",371856,2025-10-09 05:55:29,43.3511962890625,-8.52009010314941,"Unknown"
"7014857",371856,2025-10-09 06:00:29,43.3513145446777,-8.52001571655273,"Unknown"
"7014857",371856,2025-10-09 06:05:29,43.364631652832,-8.55371475219727,"Unknown"
"7014857",371856,2025-10-09 06:10:30,43.3686828613281,-8.5621337890625,"Unknown"
"7014857",371856,2025-10-09 06:15:29,43.3676109313965,-8.57227039337158,"Unknown"
"7014857",371856,2025-10-09 06:20:30,43.3503265380859,-8.5974235534668,"Unknown"
"7014857",371856,2025-10-09 06:25:29,43.3577728271484,-8.6262035369873,"Unknown"
"7014857",371856,2025-10-09 06:30:30,43.3592987060547,-8.67648124694824,"Unknown"
"7014857",371856,2025-10-09 06:35:30,43.3403816223145,-8.7129077911377,"Unknown"
"7014857",371856,2025-10-09 06:40:30,43.3209075927734,-8.76684093475342,"Unknown"
"7014857",371856,2025-10-09 06:45:30,43.3225364685059,-8.8051290512085,"Unknown"
"7014857",371856,2025-10-09 06:50:33,43.3227043151855,-8.80466842651367,"Unknown"
"7014857",371856,2025-10-09 06:55:38,43.3228034973145,-8.80473899841309,"Unknown"
"7014857",371856,2025-10-09 07:00:30,43.3226280212402,-8.8047456741333,"Unknown"
"7014857",371856,2025-10-09 07:05:42,43.3226280212402,-8.80469989776611,"Unknown"
"7014857",371856,2025-10-09 07:10:34,43.3226089477539,-8.80476665496826,"Unknown"
"7014857",371856,2025-10-09 07:15:30,43.322639465332,-8.80466270446777,"Unknown"
"7014857",371856,2025-10-09 07:20:31,43.3224830627441,-8.80461597442627,"Unknown"
"7014857",371856,2025-10-09 07:25:44,43.3227081298828,-8.80484676361084,"Unknown"
"7014857",371856,2025-10-09 07:30:30,43.3227119445801,-8.80473804473877,"Unknown"
"7014857",371856,2025-10-09 07:35:30,43.3226737976074,-8.8046932220459,"Unknown"
"7014857",371856,2025-10-09 07:40:31,43.3271789550781,-8.79849720001221,"Unknown"
"7014857",371856,2025-10-09 07:45:44,43.3277053833008,-8.79877471923828,"Unknown"
"7014857",371856,2025-10-09 07:50:32,43.3274726867676,-8.7983512878418,"Unknown"
"7014857",371856,2025-10-09 07:55:33,43.3319892883301,-8.80248546600342,"Unknown"
"7014857",371856,2025-10-09 08:00:33,43.3317451477051,-8.80348491668701,"Unknown"
"7014857",371856,2025-10-09 08:05:37,43.3318557739258,-8.80365657806396,"Unknown"
"7014857",371856,2025-10-09 08:10:30,43.3306617736816,-8.80280780792236,"Unknown"
"7014857",371856,2025-10-09 08:15:39,43.3229064941406,-8.8049201965332,"Unknown"
"7014857",371856,2025-10-09 08:20:43,43.3228988647461,-8.80483531951904,"Unknown"
"7014857",371856,2025-10-09 08:25:30,43.3231163024902,-8.80517482757568,"Unknown"
"7014857",371856,2025-10-09 08:30:44,43.3227233886719,-8.80482959747314,"Unknown"
"7014857",371856,2025-10-09 08:35:29,43.3226318359375,-8.80478382110596,"Unknown"
"7014857",371856,2025-10-09 08:40:29,43.3227729797363,-8.8048620223999,"Unknown"
"7014857",371856,2025-10-09 08:45:32,43.3226890563965,-8.8045768737793,"Unknown"
"7014857",371856,2025-10-09 08:50:32,43.322696685791,-8.80484962463379,"Unknown"
"7014857",371856,2025-10-09 08:55:29,43.3225975036621,-8.80472850799561,"Unknown"
"7014857",371856,2025-10-09 09:00:30,43.3229522705078,-8.80472469329834,"Unknown"
"7014857",371856,2025-10-09 09:05:32,43.3226547241211,-8.80455493927002,"Unknown"
"7014857",371856,2025-10-09 09:10:39,43.3229560852051,-8.804368019104,"Unknown"
"7014857",371856,2025-10-09 09:16:35,43.3225402832031,-8.80458927154541,"Unknown"
"7014857",371856,2025-10-09 09:20:34,43.3224830627441,-8.8048095703125,"Unknown"
"7014857",371856,2025-10-09 09:25:38,43.3232002258301,-8.80432510375977,"Unknown"
"7014857",371856,2025-10-09 09:30:35,43.3227043151855,-8.80448436737061,"Unknown"
"7014857",371856,2025-10-09 09:35:29,43.3226623535156,-8.80474472045898,"Unknown"
"7014857",371856,2025-10-09 09:40:29,43.3226356506348,-8.80472278594971,"Unknown"
"7014857",371856,2025-10-09 09:45:32,43.3225326538086,-8.80478668212891,"Unknown"
"7014857",371856,2025-10-09 09:50:31,43.322566986084,-8.80458068847656,"Unknown"
"7014857",371856,2025-10-09 09:55:43,43.3216094970703,-8.80663108825684,"Unknown"
"7014857",371856,2025-10-09 10:00:30,43.3216094970703,-8.80669498443604,"Unknown"
"7014857",371856,2025-10-09 10:05:30,43.3217468261719,-8.80651569366455,"Unknown"
"7014857",371856,2025-10-09 10:10:29,43.3218574523926,-8.80595874786377,"Unknown"
"7014857",371856,2025-10-09 10:15:34,43.3223991394043,-8.80444622039795,"Unknown"
"7014857",371856,2025-10-09 10:20:36,43.322509765625,-8.80454635620117,"Unknown"
"7014857",371856,2025-10-09 10:25:28,43.325122833252,-8.8063268661499,"Unknown"
"7014857",371856,2025-10-09 10:30:30,43.3196868896484,-8.80562496185303,"Unknown"
"7014857",371856,2025-10-09 10:35:28,43.30224609375,-8.77955150604248,"Unknown"
"7014857",371856,2025-10-09 10:40:28,43.2980270385742,-8.75724697113037,"Unknown"
"7014857",371856,2025-10-09 10:45:44,43.300651550293,-8.75188064575195,"Unknown"
"7014857",371856,2025-10-09 10:50:32,43.3007278442383,-8.75214099884033,"Unknown"
"7014857",371856,2025-10-09 10:55:32,43.301025390625,-8.75219249725342,"Unknown"
"7014857",371856,2025-10-09 11:00:31,43.3014373779297,-8.75208282470703,"Unknown"
"7014857",371856,2025-10-09 11:05:32,43.301815032959,-8.75229167938232,"Unknown"
"7014857",371856,2025-10-09 11:10:31,43.3014297485352,-8.75128269195557,"Unknown"
"7014857",371856,2025-10-09 11:15:44,43.3022079467773,-8.752366065979,"Unknown"
"7014857",371856,2025-10-09 11:20:34,43.3037414550781,-8.75350570678711,"Unknown"
"7014857",371856,2025-10-09 11:25:44,43.294017791748,-8.74602127075195,"Unknown"
"7014857",371856,2025-10-09 11:30:30,43.2943115234375,-8.74580955505371,"Unknown"
"7014857",371856,2025-10-09 11:35:34,43.294059753418,-8.74595737457275,"Unknown"
"7014857",371856,2025-10-09 11:40:29,43.2942695617676,-8.74622535705566,"Unknown"
"7014857",371856,2025-10-09 11:45:44,43.293888092041,-8.74599933624268,"Unknown"
"7014857",371856,2025-10-09 11:50:42,43.2970199584961,-8.75628662109375,"Unknown"
"7014857",371856,2025-10-09 11:55:33,43.3082008361816,-8.78919887542725,"Unknown"
"7014857",371856,2025-10-09 12:01:05,43.327075958252,-8.81513977050781,"Unknown"
"7014857",371856,2025-10-09 12:05:30,43.3428497314453,-8.83230018615723,"Unknown"
"7014857",371856,2025-10-09 12:10:38,43.3444709777832,-8.83370876312256,"Unknown"
"7014857",371856,2025-10-09 12:15:31,43.3445129394531,-8.8335657119751,"Unknown"
"7014857",371856,2025-10-09 12:20:33,43.3446617126465,-8.83337783813477,"Unknown"
"7014857",371856,2025-10-09 12:26:42,43.3445091247559,-8.8338680267334,"Unknown"
"7014857",371856,2025-10-09 12:31:49,43.3445587158203,-8.83390712738037,"Unknown"
"7014857",371856,2025-10-09 12:36:45,43.3445892333984,-8.83381748199463,"Unknown"
"7014857",371856,2025-10-09 12:41:59,43.3446350097656,-8.83388137817383,"Unknown"
"7014857",371856,2025-10-09 12:47:05,43.3445625305176,-8.83376502990723,"Unknown"
"7014857",371856,2025-10-09 12:51:38,43.3446235656738,-8.83366107940674,"Unknown"
"7014857",371856,2025-10-09 12:56:38,43.3543663024902,-8.84931659698486,"Unknown"
"7014857",371856,2025-10-09 13:01:38,43.3684692382812,-8.85765075683594,"Unknown"
"7014857",371856,2025-10-09 13:06:38,43.3700370788574,-8.85836791992188,"Unknown"
"7014857",371856,2025-10-09 13:11:39,43.3700485229492,-8.85820198059082,"Unknown"
"7014857",371856,2025-10-09 13:16:38,43.3700218200684,-8.85809707641602,"Unknown"
"7014857",371856,2025-10-09 13:21:39,43.3701171875,-8.85816097259521,"Unknown"
"7014857",371856,2025-10-09 13:26:38,43.3704147338867,-8.85851001739502,"Unknown"
"7014857",371856,2025-10-09 13:31:38,43.3702850341797,-8.85848045349121,"Unknown"
"7014857",371856,2025-10-09 13:36:39,43.3702087402344,-8.85839462280273,"Unknown"
"7014857",371856,2025-10-09 13:41:38,43.3700981140137,-8.85850715637207,"Unknown"
"7014857",371856,2025-10-09 13:46:39,43.360523223877,-8.84695625305176,"Unknown"
"7014857",371856,2025-10-09 13:51:38,43.3651466369629,-8.83543014526367,"Unknown"
"7014857",371856,2025-10-09 13:56:39,43.3651657104492,-8.83579730987549,"Unknown"
"7014857",371856,2025-10-09 14:01:40,43.3653793334961,-8.83617496490479,"Unknown"
"7014857",371856,2025-10-09 14:06:39,43.3654327392578,-8.83662128448486,"Unknown"
"7014857",371856,2025-10-09 14:11:39,43.3827438354492,-8.85104179382324,"Unknown"
"7014857",371856,2025-10-09 14:16:39,43.3958778381348,-8.86716556549072,"Unknown"
"7014857",371856,2025-10-09 14:21:39,43.4116821289062,-8.8887996673584,"Unknown"
"7014857",371856,2025-10-09 14:26:39,43.3813819885254,-8.88233280181885,"Unknown"
"7014857",371856,2025-10-09 14:31:38,43.3477630615234,-8.86975765228271,"Unknown"
"7014857",371856,2025-10-09 14:36:41,43.3145370483398,-8.87577438354492,"Unknown"
"7014857",371856,2025-10-09 14:41:46,43.3153457641602,-8.86738967895508,"Unknown"
"7014857",371856,2025-10-09 14:46:39,43.3192253112793,-8.84805774688721,"Unknown"
"7014857",371856,2025-10-09 14:52:05,43.3194274902344,-8.84518527984619,"Unknown"
"7014857",371856,2025-10-09 14:56:39,43.3194465637207,-8.84514713287354,"Unknown"
"7014857",371856,2025-10-09 15:01:38,43.3194847106934,-8.8452320098877,"Unknown"
"7014857",371856,2025-10-09 15:06:38,43.3195495605469,-8.84506607055664,"Unknown"
"7014857",371856,2025-10-09 15:11:40,43.3196067810059,-8.84502410888672,"Unknown"
"7014857",371856,2025-10-09 15:16:38,43.3196830749512,-8.84455490112305,"Unknown"
"7014857",371856,2025-10-09 15:21:38,43.3184585571289,-8.84792709350586,"Unknown"
"7014857",371856,2025-10-09 15:26:42,43.3359222412109,-8.84706401824951,"Unknown"
"7014857",371856,2025-10-09 15:31:39,43.3411979675293,-8.83116817474365,"Unknown"
"7014857",371856,2025-10-09 15:36:38,43.3193550109863,-8.80530643463135,"Unknown"
"7014857",371856,2025-10-09 15:41:40,43.3028984069824,-8.78037548065186,"Unknown"
"7014857",371856,2025-10-09 15:46:39,43.2979202270508,-8.75579357147217,"Unknown"
"7014857",371856,2025-10-09 15:51:40,43.2956466674805,-8.72587490081787,"Unknown"
"7014857",371856,2025-10-09 15:56:42,43.2907066345215,-8.70037078857422,"Unknown"
"7014857",371856,2025-10-09 16:01:42,43.2977104187012,-8.68134880065918,"Unknown"
"7014857",371856,2025-10-09 16:06:42,43.3030548095703,-8.65726184844971,"Unknown"
"7014857",371856,2025-10-09 16:12:05,43.3072891235352,-8.63462162017822,"Unknown"
"7014857",371856,2025-10-09 16:16:38,43.3153762817383,-8.61459827423096,"Unknown"
"7014857",371856,2025-10-09 16:21:38,43.3183403015137,-8.59042739868164,"Unknown"
"7014857",371856,2025-10-09 16:26:38,43.312931060791,-8.56298732757568,"Unknown"
"7014857",371856,2025-10-09 16:31:38,43.314826965332,-8.54110145568848,"Unknown"
"7014857",371856,2025-10-09 16:36:38,43.3249130249023,-8.52147006988525,"Unknown"
"7014857",371856,2025-10-09 16:41:38,43.342113494873,-8.51753330230713,"Unknown"
"7014857",371856,2025-10-09 16:46:38,43.3566398620605,-8.51437377929688,"Unknown"
"7014857",371856,2025-10-09 16:51:38,43.3601531982422,-8.48884296417236,"Unknown"
"7014857",371856,2025-10-09 16:56:38,43.3602066040039,-8.4643087387085,"Unknown"
"7014857",371856,2025-10-09 17:01:38,43.3738555908203,-8.44880294799805,"Unknown"
"7014857",371856,2025-10-09 17:06:38,43.3809280395508,-8.42994976043701,"Unknown"
"7014857",371856,2025-10-09 17:11:38,43.3992042541504,-8.43326282501221,"Unknown"
"7014857",371856,2025-10-09 17:16:39,43.4041481018066,-8.43346500396729,"Unknown"
"7014857",371856,2025-10-09 17:21:48,43.4043350219727,-8.43354988098145,"Unknown"
"7014857",371856,2025-10-09 17:26:40,43.4045715332031,-8.43360900878906,"Unknown"
"7014857",371856,2025-10-09 17:31:40,43.404655456543,-8.43349933624268,"Unknown"
"7014857",371856,2025-10-09 17:36:41,43.3872756958008,-8.4057035446167,"Unknown"
"7014857",371856,2025-10-09 17:41:39,43.3711471557617,-8.38978481292725,"Unknown"
"7014857",371856,2025-10-09 17:46:38,43.3618125915527,-8.38916873931885,"Unknown"
"7014857",371856,2025-10-09 17:51:42,43.3624305725098,-8.3893404006958,"Unknown"
"7014857",371856,2025-10-09 17:56:41,43.3620529174805,-8.38925170898438,"Unknown"
"7014857",371856,2025-10-09 18:02:05,43.3618049621582,-8.38913154602051,"Unknown"
"7014857",371856,2025-10-09 18:06:38,43.3618392944336,-8.38910865783691,"Unknown"
"7014857",371856,2025-10-09 18:11:38,43.3618545532227,-8.38909912109375,"Unknown"
"7014857",371856,2025-10-09 18:16:39,43.3618392944336,-8.38913631439209,"Unknown"
"7014857",371856,2025-10-09 18:21:39,43.3618850708008,-8.38900566101074,"Unknown"
"7014857",371856,2025-10-09 18:26:39,43.36181640625,-8.38906478881836,"Unknown"
"7014857",371856,2025-10-09 18:31:38,43.3618774414062,-8.38900375366211,"Unknown"
"7014857",371856,2025-10-09 18:38:19,43.3618927001953,-8.38896751403809,"Unknown"
"7014857",371856,2025-10-09 23:38:53,43.3622512817383,-8.4038257598877,"Unknown"
"7014857",371856,2025-10-10 04:38:46,43.3627586364746,-8.4042501449585,"Unknown"
"7014857",371856,2025-10-10 05:06:36,43.3628196716309,-8.4041748046875,"Unknown"
"7014857",371856,2025-10-10 05:11:35,43.3628044128418,-8.404128074646,"Unknown"
"7014857",371856,2025-10-10 05:16:37,43.3628768920898,-8.40386962890625,"Unknown"
"7014857",371856,2025-10-10 05:21:36,43.3629188537598,-8.40355014801025,"Unknown"
"7014857",371856,2025-10-10 05:26:31,43.3628730773926,-8.40390396118164,"Unknown"
"7014857",371856,2025-10-10 05:31:45,43.3628273010254,-8.40384006500244,"Unknown"
"7014857",371856,2025-10-10 05:36:35,43.3627777099609,-8.40389823913574,"Unknown"
"7014857",371856,2025-10-10 05:41:31,43.3628387451172,-8.40382671356201,"Unknown"
"7014857",371856,2025-10-10 05:46:31,43.3627624511719,-8.40400123596191,"Unknown"
"7014857",371856,2025-10-10 05:51:37,43.3630561828613,-8.40429401397705,"Unknown"
"7014857",371856,2025-10-10 05:56:44,43.362548828125,-8.40423107147217,"Unknown"
"7014857",371856,2025-10-10 06:01:37,43.3627128601074,-8.40403270721436,"Unknown"
"7014857",371856,2025-10-10 06:06:35,43.3626937866211,-8.40420532226562,"Unknown"
"7014857",371856,2025-10-10 06:11:34,43.3626098632812,-8.40400409698486,"Unknown"
"7014857",371856,2025-10-10 06:16:59,43.3627319335938,-8.40422058105469,"Unknown"
"7014857",371856,2025-10-10 06:21:28,43.3628768920898,-8.40398502349854,"Unknown"
"7014857",371856,2025-10-10 06:26:27,43.362720489502,-8.4039945602417,"Unknown"
"7014857",371856,2025-10-10 06:31:27,43.359935760498,-8.40273952484131,"Unknown"
"7014857",371856,2025-10-10 06:36:30,43.3598747253418,-8.40284252166748,"Unknown"
"7014857",371856,2025-10-10 06:41:33,43.3598709106445,-8.4027099609375,"Unknown"
"7014857",371856,2025-10-10 06:46:28,43.3598327636719,-8.40266704559326,"Unknown"
"7014857",371856,2025-10-10 06:51:35,43.3599586486816,-8.40280914306641,"Unknown"
"7014857",371856,2025-10-10 06:56:28,43.3599510192871,-8.40282344818115,"Unknown"
"7014857",371856,2025-10-10 07:01:35,43.359920501709,-8.4027738571167,"Unknown"
"7014857",371856,2025-10-10 07:06:44,43.3599510192871,-8.40275001525879,"Unknown"
"7014857",371856,2025-10-10 07:11:33,43.35986328125,-8.40273666381836,"Unknown"
"7014857",371856,2025-10-10 07:16:31,43.3522529602051,-8.40664768218994,"Unknown"
"7014857",371856,2025-10-10 07:21:29,43.3524703979492,-8.40646648406982,"Unknown"
"7014857",371856,2025-10-10 07:26:31,43.3535957336426,-8.40518379211426,"Unknown"
"7014857",371856,2025-10-10 07:31:31,43.3537406921387,-8.4052095413208,"Unknown"
"7014857",371856,2025-10-10 07:36:29,43.3541259765625,-8.40561485290527,"Unknown"
"7014857",371856,2025-10-10 07:41:44,43.3536148071289,-8.40515422821045,"Unknown"
"7014857",371856,2025-10-10 07:46:27,43.3540954589844,-8.40598392486572,"Unknown"
"7014857",371856,2025-10-10 07:51:28,43.3538131713867,-8.40537452697754,"Unknown"
"7014857",371856,2025-10-10 07:56:28,43.353759765625,-8.405442237854,"Unknown"
"7014857",371856,2025-10-10 08:01:29,43.3387794494629,-8.40985488891602,"Unknown"
"7014857",371856,2025-10-10 08:06:27,43.3387641906738,-8.40981388092041,"Unknown"
"7014857",371856,2025-10-10 08:11:30,43.3391761779785,-8.41006469726562,"Unknown"
"7014857",371856,2025-10-10 08:16:27,43.3388442993164,-8.40989398956299,"Unknown"
"7014857",371856,2025-10-10 08:21:28,43.3385963439941,-8.40976524353027,"Unknown"
"7014857",371856,2025-10-10 08:26:29,43.3387489318848,-8.4097204208374,"Unknown"
"7014857",371856,2025-10-10 08:31:45,43.3389053344727,-8.40967655181885,"Unknown"
"7014857",371856,2025-10-10 08:36:27,43.3389129638672,-8.4098949432373,"Unknown"
"7014857",371856,2025-10-10 08:41:27,43.3388633728027,-8.40983009338379,"Unknown"
"7014857",371856,2025-10-10 08:46:31,43.338794708252,-8.40953540802002,"Unknown"
"7014857",371856,2025-10-10 08:51:29,43.3386993408203,-8.40970611572266,"Unknown"
"7014857",371856,2025-10-10 08:56:36,43.3386840820312,-8.40989971160889,"Unknown"
"7014857",371856,2025-10-10 09:01:31,43.3388328552246,-8.40977096557617,"Unknown"
"7014857",371856,2025-10-10 09:06:33,43.338680267334,-8.40966415405273,"Unknown"
"7014857",371856,2025-10-10 09:11:30,43.338939666748,-8.40973854064941,"Unknown"
"7014857",371856,2025-10-10 09:16:45,43.3160247802734,-8.39718914031982,"Unknown"
"7014857",371856,2025-10-10 09:21:30,43.2917938232422,-8.39525032043457,"Unknown"
"7014857",371856,2025-10-10 09:26:28,43.2604331970215,-8.4036750793457,"Unknown"
"7014857",371856,2025-10-10 09:31:27,43.2375106811523,-8.39861488342285,"Unknown"
"7014857",371856,2025-10-10 09:36:29,43.2087516784668,-8.40896606445312,"Unknown"
"7014857",371856,2025-10-10 09:41:31,43.175121307373,-8.43835258483887,"Unknown"
"7014857",371856,2025-10-10 09:47:27,43.1532592773438,-8.46249485015869,"Unknown"
"7014857",371856,2025-10-10 09:51:27,43.1300239562988,-8.47041893005371,"Unknown"
"7014857",371856,2025-10-10 09:56:27,43.1304016113281,-8.47151374816895,"Unknown"
"7014857",371856,2025-10-10 10:01:28,43.1303367614746,-8.47135066986084,"Unknown"
"7014857",371856,2025-10-10 10:06:28,43.1303672790527,-8.47128582000732,"Unknown"
"7014857",371856,2025-10-10 10:11:28,43.1303520202637,-8.47128009796143,"Unknown"
"7014857",371856,2025-10-10 10:16:30,43.1302032470703,-8.47140884399414,"Unknown"
"7014857",371856,2025-10-10 10:21:27,43.1303443908691,-8.47128391265869,"Unknown"
"7014857",371856,2025-10-10 10:26:28,43.1303482055664,-8.47130680084229,"Unknown"
"7014857",371856,2025-10-10 10:31:29,43.1303787231445,-8.4712963104248,"Unknown"
"7014857",371856,2025-10-10 10:36:27,43.1303520202637,-8.47131633758545,"Unknown"
"7014857",371856,2025-10-10 10:41:27,43.1303215026855,-8.47136116027832,"Unknown"
"7014857",371856,2025-10-10 10:46:28,43.1310195922852,-8.4716215133667,"Unknown"
"7014857",371856,2025-10-10 10:51:36,43.132266998291,-8.46862030029297,"Unknown"
"7014857",371856,2025-10-10 10:56:27,43.1302909851074,-8.46882915496826,"Unknown"
"7014857",371856,2025-10-10 11:01:29,43.1302871704102,-8.46883106231689,"Unknown"
"7014857",371856,2025-10-10 11:06:33,43.1301689147949,-8.46903133392334,"Unknown"
"7014857",371856,2025-10-10 11:11:31,43.1301612854004,-8.46879482269287,"Unknown"
"7014857",371856,2025-10-10 11:16:34,43.1303634643555,-8.46869659423828,"Unknown"
"7014857",371856,2025-10-10 11:21:42,43.130199432373,-8.46895217895508,"Unknown"
"7014857",371856,2025-10-10 11:26:29,43.1303024291992,-8.46908569335938,"Unknown"
"7014857",371856,2025-10-10 11:31:36,43.130298614502,-8.47001934051514,"Unknown"
"7014857",371856,2025-10-10 11:36:36,43.1302490234375,-8.46993064880371,"Unknown"
"7014857",371856,2025-10-10 11:41:38,43.1303253173828,-8.46988773345947,"Unknown"
"7014857",371856,2025-10-10 11:46:44,43.1303291320801,-8.46984577178955,"Unknown"
"7014857",371856,2025-10-10 11:51:28,43.1305732727051,-8.47001266479492,"Unknown"
"7014857",371856,2025-10-10 11:56:29,43.1306686401367,-8.47010326385498,"Unknown"
"7014857",371856,2025-10-10 12:01:31,43.1303558349609,-8.46932506561279,"Unknown"
"7014857",371856,2025-10-10 12:06:28,43.1303291320801,-8.47113418579102,"Unknown"
"7014857",371856,2025-10-10 12:11:36,43.1302375793457,-8.47112655639648,"Unknown"
"7014857",371856,2025-10-10 12:16:28,43.1304054260254,-8.4710636138916,"Unknown"
"7014857",371856,2025-10-10 12:21:40,43.1303024291992,-8.47070217132568,"Unknown"
"7014857",371856,2025-10-10 12:26:36,43.13037109375,-8.47104454040527,"Unknown"
"7014857",371856,2025-10-10 12:32:35,43.1303329467773,-8.47098255157471,"Unknown"
"7014857",371856,2025-10-10 12:36:49,43.1303749084473,-8.47102451324463,"Unknown"
"7014857",371856,2025-10-10 12:41:53,43.1303558349609,-8.47094631195068,"Unknown"
"7014857",371856,2025-10-10 12:46:50,43.1303520202637,-8.47102165222168,"Unknown"
"7014857",371856,2025-10-10 12:51:56,43.1303482055664,-8.47092628479004,"Unknown"
"7014857",371856,2025-10-10 12:56:50,43.1303367614746,-8.47099208831787,"Unknown"
"7014857",371856,2025-10-10 13:01:49,43.1303482055664,-8.47094821929932,"Unknown"
"7014857",371856,2025-10-10 13:06:50,43.1301040649414,-8.46865749359131,"Unknown"
"7014857",371856,2025-10-10 13:11:48,43.1300621032715,-8.4692850112915,"Unknown"
"7014857",371856,2025-10-10 13:16:49,43.1300392150879,-8.46932601928711,"Unknown"
"7014857",371856,2025-10-10 13:21:51,43.1300468444824,-8.46932029724121,"Unknown"
"7014857",371856,2025-10-10 13:26:54,43.1300659179688,-8.46922492980957,"Unknown"
"7014857",371856,2025-10-10 13:31:52,43.1300010681152,-8.46928215026855,"Unknown"
"7014857",371856,2025-10-10 13:36:52,43.129997253418,-8.46924781799316,"Unknown"
"7014857",371856,2025-10-10 13:41:53,43.1299896240234,-8.46921634674072,"Unknown"
"7014857",371856,2025-10-10 13:46:50,43.1299896240234,-8.46863079071045,"Unknown"
"7014857",371856,2025-10-10 13:51:51,43.1300163269043,-8.46887016296387,"Unknown"
"7014857",371856,2025-10-10 13:56:51,43.1300201416016,-8.46888065338135,"Unknown"
"7014857",371856,2025-10-10 14:02:23,43.1302909851074,-8.47040557861328,"Unknown"
"7014857",371856,2025-10-10 14:06:39,43.1302337646484,-8.47000217437744,"Unknown"
"7014857",371856,2025-10-10 14:11:48,43.1304473876953,-8.47030925750732,"Unknown"
"7014857",371856,2025-10-10 14:16:38,43.1303176879883,-8.46961975097656,"Unknown"
"7014857",371856,2025-10-10 14:21:50,43.1304512023926,-8.47035312652588,"Unknown"
"7014857",371856,2025-10-10 14:26:38,43.1304016113281,-8.47023963928223,"Unknown"
"7014857",371856,2025-10-10 14:32:05,43.1302108764648,-8.47035121917725,"Unknown"
"7014857",371856,2025-10-10 14:36:35,43.130184173584,-8.47033309936523,"Unknown"
"7014857",371856,2025-10-10 14:41:35,43.1302452087402,-8.47030544281006,"Unknown"
"7014857",371856,2025-10-10 14:46:38,43.1304664611816,-8.47111701965332,"Unknown"
"7014857",371856,2025-10-10 14:51:37,43.1304168701172,-8.47103023529053,"Unknown"
"7014857",371856,2025-10-10 14:56:37,43.1305465698242,-8.47102928161621,"Unknown"
"7014857",371856,2025-10-10 15:01:36,43.1305198669434,-8.47103214263916,"Unknown"
"7014857",371856,2025-10-10 15:06:37,43.1305999755859,-8.47104454040527,"Unknown"
"7014857",371856,2025-10-10 15:11:37,43.1305656433105,-8.47106552124023,"Unknown"
"7014857",371856,2025-10-10 15:16:35,43.130485534668,-8.47094917297363,"Unknown"
"7014857",371856,2025-10-10 15:21:37,43.1304244995117,-8.47102546691895,"Unknown"
"7014857",371856,2025-10-10 15:26:37,43.1305351257324,-8.4711799621582,"Unknown"
"7014857",371856,2025-10-10 15:31:36,43.130542755127,-8.47115993499756,"Unknown"
"7014857",371856,2025-10-10 15:36:37,43.1299705505371,-8.46881198883057,"Unknown"
"7014857",371856,2025-10-10 15:41:37,43.1300888061523,-8.46879863739014,"Unknown"
"7014857",371856,2025-10-10 15:46:37,43.130443572998,-8.46964359283447,"Unknown"
"7014857",371856,2025-10-10 15:51:35,43.1303863525391,-8.46966743469238,"Unknown"
"7014857",371856,2025-10-10 15:56:36,43.1304931640625,-8.46960353851318,"Unknown"
"7014857",371856,2025-10-10 16:01:37,43.1304130554199,-8.4696569442749,"Unknown"
"7014857",371856,2025-10-10 16:06:36,43.1304054260254,-8.46963882446289,"Unknown"
"7014857",371856,2025-10-10 16:11:35,43.1304016113281,-8.4696159362793,"Unknown"
"7014857",371856,2025-10-10 16:16:36,43.1303787231445,-8.46957588195801,"Unknown"
"7014857",371856,2025-10-10 16:21:37,43.1303977966309,-8.46963024139404,"Unknown"
"7014857",371856,2025-10-10 16:26:36,43.130428314209,-8.46964073181152,"Unknown"
"7014857",371856,2025-10-10 16:31:36,43.13037109375,-8.46956539154053,"Unknown"
"7014857",371856,2025-10-10 16:36:36,43.1303672790527,-8.46967220306396,"Unknown"
"7014857",371856,2025-10-10 16:41:36,43.1304626464844,-8.4700756072998,"Unknown"
"7014857",371856,2025-10-10 16:46:36,43.1305847167969,-8.4702262878418,"Unknown"
"7014857",371856,2025-10-10 16:51:36,43.130542755127,-8.47017669677734,"Unknown"
"7014857",371856,2025-10-10 16:56:36,43.1304130554199,-8.47011661529541,"Unknown"
"7014857",371856,2025-10-10 17:01:36,43.130256652832,-8.4700813293457,"Unknown"
"7014857",371856,2025-10-10 17:06:37,43.1302947998047,-8.47003364562988,"Unknown"
"7014857",371856,2025-10-10 17:11:37,43.1301918029785,-8.46997451782227,"Unknown"
"7014857",371856,2025-10-10 17:16:37,43.1300888061523,-8.46998119354248,"Unknown"
"7014857",371856,2025-10-10 17:21:37,43.1303863525391,-8.47002124786377,"Unknown"
"7014857",371856,2025-10-10 17:26:36,43.1303749084473,-8.47001457214355,"Unknown"
"7014857",371856,2025-10-10 17:31:37,43.1324234008789,-8.46746635437012,"Unknown"
"7014857",371856,2025-10-10 17:36:36,43.1342086791992,-8.46785640716553,"Unknown"
"7014857",371856,2025-10-10 17:41:36,43.1545448303223,-8.47049331665039,"Unknown"
"7014857",371856,2025-10-10 17:46:36,43.1686782836914,-8.45150566101074,"Unknown"
"7014857",371856,2025-10-10 17:51:39,43.1715126037598,-8.43771553039551,"Unknown"
"7014857",371856,2025-10-10 17:56:37,43.1714172363281,-8.43778610229492,"Unknown"
"7014857",371856,2025-10-10 18:01:37,43.1714324951172,-8.4376335144043,"Unknown"
"7014857",371856,2025-10-10 18:06:39,43.1715621948242,-8.43778038024902,"Unknown"
"7014857",371856,2025-10-10 18:11:37,43.1715888977051,-8.43756580352783,"Unknown"
"7014857",371856,2025-10-10 18:16:37,43.1714553833008,-8.43782424926758,"Unknown"
"7014857",371856,2025-10-10 18:21:36,43.171314239502,-8.43783569335938,"Unknown"
"7014857",371856,2025-10-10 18:26:37,43.1714630126953,-8.43762969970703,"Unknown"
"7014857",371856,2025-10-10 18:31:37,43.1716194152832,-8.43762683868408,"Unknown"
"7014857",371856,2025-10-10 18:36:51,43.1714973449707,-8.43790245056152,"Unknown"
"7014857",371856,2025-10-10 23:36:53,43.172679901123,-8.43738269805908,"Unknown"
"7014857",371856,2025-10-11 04:36:51,43.1716270446777,-8.43808841705322,"Unknown"
"7014857",371856,2025-10-11 05:08:04,43.1714553833008,-8.4381217956543,"Unknown"
"7014857",371856,2025-10-11 05:12:59,43.1717529296875,-8.43822383880615,"Unknown"
"7014857",371856,2025-10-11 05:18:00,43.1713600158691,-8.4380521774292,"Unknown"
"7014857",371856,2025-10-11 05:22:59,43.1710777282715,-8.43808364868164,"Unknown"
"7014857",371856,2025-10-11 05:28:00,43.1707763671875,-8.43818378448486,"Unknown"
"7014857",371856,2025-10-11 05:33:00,43.1713409423828,-8.43808841705322,"Unknown"
"7014857",371856,2025-10-11 05:37:58,43.1713256835938,-8.43812084197998,"Unknown"
"7014857",371856,2025-10-11 05:42:59,43.1711540222168,-8.43812561035156,"Unknown"
"7014857",371856,2025-10-11 05:48:06,43.1716384887695,-8.4380350112915,"Unknown"
"7014857",371856,2025-10-11 05:53:00,43.1714324951172,-8.43863201141357,"Unknown"
"7014857",371856,2025-10-11 05:57:59,43.1715698242188,-8.4381856918335,"Unknown"
"7014857",371856,2025-10-11 06:02:59,43.171215057373,-8.43784809112549,"Unknown"
"7014857",371856,2025-10-11 06:07:58,43.1715431213379,-8.43832778930664,"Unknown"
"7014857",371856,2025-10-11 06:13:01,43.1714630126953,-8.43815231323242,"Unknown"
"7014857",371856,2025-10-11 06:18:03,43.1714057922363,-8.43819236755371,"Unknown"
"7014857",371856,2025-10-11 06:23:00,43.1714668273926,-8.43839836120605,"Unknown"
"7014857",371856,2025-10-11 06:27:58,43.171459197998,-8.43826293945312,"Unknown"
"7014857",371856,2025-10-11 06:32:59,43.1714935302734,-8.43822479248047,"Unknown"
"7014857",371856,2025-10-11 06:37:59,43.1715621948242,-8.43812370300293,"Unknown"
"7014857",371856,2025-10-11 06:42:58,43.1715698242188,-8.43818855285645,"Unknown"
"7014857",371856,2025-10-11 06:47:58,43.1716156005859,-8.43822574615479,"Unknown"
"7014857",371856,2025-10-11 06:53:00,43.1714897155762,-8.43810749053955,"Unknown"
"7014857",371856,2025-10-11 06:57:59,43.1714172363281,-8.43810367584229,"Unknown"
"7014857",371856,2025-10-11 07:03:00,43.170783996582,-8.43835544586182,"Unknown"
"7014857",371856,2025-10-11 07:07:59,43.1708564758301,-8.43859577178955,"Unknown"
"7014857",371856,2025-10-11 07:12:58,43.1707534790039,-8.43856143951416,"Unknown"
"7014857",371856,2025-10-11 07:17:59,43.1708755493164,-8.43858051300049,"Unknown"
"7014857",371856,2025-10-11 07:23:00,43.1709365844727,-8.43842887878418,"Unknown"
"7014857",371856,2025-10-11 07:27:59,43.1707954406738,-8.43843555450439,"Unknown"
"7014857",371856,2025-10-11 07:33:00,43.1708564758301,-8.43866348266602,"Unknown"
"7014857",371856,2025-10-11 07:37:59,43.1710395812988,-8.43858528137207,"Unknown"
"7014857",371856,2025-10-11 07:42:59,43.1706199645996,-8.43847560882568,"Unknown"
"7014857",371856,2025-10-11 07:47:58,43.1707496643066,-8.43842029571533,"Unknown"
"7014857",371856,2025-10-11 07:52:59,43.170783996582,-8.43848419189453,"Unknown"
"7014857",371856,2025-10-11 07:57:59,43.1706924438477,-8.4383020401001,"Unknown"
"7014857",371856,2025-10-11 08:02:58,43.1706352233887,-8.43839454650879,"Unknown"
"7014857",371856,2025-10-11 08:07:58,43.1707878112793,-8.43856716156006,"Unknown"
"7014857",371856,2025-10-11 08:13:00,43.1708183288574,-8.43850421905518,"Unknown"
"7014857",371856,2025-10-11 08:17:58,43.1708030700684,-8.43864727020264,"Unknown"
"7014857",371856,2025-10-11 08:22:59,43.1708106994629,-8.43840217590332,"Unknown"
"7014857",371856,2025-10-11 08:27:58,43.1709022521973,-8.43861675262451,"Unknown"
"7014857",371856,2025-10-11 08:32:58,43.1710891723633,-8.43825721740723,"Unknown"
"7014857",371856,2025-10-11 08:37:58,43.1710662841797,-8.43835544586182,"Unknown"
"7014857",371856,2025-10-11 08:42:58,43.1710815429688,-8.43827533721924,"Unknown"
"7014857",371856,2025-10-11 08:47:58,43.1710929870605,-8.43830490112305,"Unknown"
"7014857",371856,2025-10-11 08:52:58,43.1710510253906,-8.43837738037109,"Unknown"
"7014857",371856,2025-10-11 08:57:58,43.171028137207,-8.43860721588135,"Unknown"
"7014857",371856,2025-10-11 09:02:58,43.1709327697754,-8.43842697143555,"Unknown"
"7014857",371856,2025-10-11 09:07:59,43.1709327697754,-8.43846035003662,"Unknown"
"7014857",371856,2025-10-11 09:12:59,43.1709594726562,-8.43862247467041,"Unknown"
"7014857",371856,2025-10-11 09:17:58,43.1709861755371,-8.43852996826172,"Unknown"
"7014857",371856,2025-10-11 09:22:59,43.170955657959,-8.43866348266602,"Unknown"
"7014857",371856,2025-10-11 09:27:59,43.1709327697754,-8.43879795074463,"Unknown"
"7014857",371856,2025-10-11 09:33:00,43.1709136962891,-8.43855762481689,"Unknown"
"7014857",371856,2025-10-11 09:37:59,43.1725883483887,-8.44611835479736,"Unknown"
"7014857",371856,2025-10-11 09:42:59,43.1728591918945,-8.447021484375,"Unknown"
"7014857",371856,2025-10-11 09:48:03,43.1725654602051,-8.44623470306396,"Unknown"
"7014857",371856,2025-10-11 09:53:01,43.1724510192871,-8.4462308883667,"Unknown"
"7014857",371856,2025-10-11 09:58:00,43.1725997924805,-8.44651889801025,"Unknown"
"7014857",371856,2025-10-11 10:03:05,43.172435760498,-8.44625949859619,"Unknown"
"7014857",371856,2025-10-11 10:07:59,43.1726303100586,-8.44640827178955,"Unknown"
"7014857",371856,2025-10-11 10:12:58,43.1721611022949,-8.4489049911499,"Unknown"
"7014857",371856,2025-10-11 10:17:59,43.172981262207,-8.4381628036499,"Unknown"
"7014857",371856,2025-10-11 10:22:59,43.1728668212891,-8.43820285797119,"Unknown"
"7014857",371856,2025-10-11 10:27:59,43.1729583740234,-8.43810939788818,"Unknown"
"7014857",371856,2025-10-11 10:33:05,43.1729431152344,-8.43802356719971,"Unknown"
"7014857",371856,2025-10-11 10:38:01,43.1728897094727,-8.43801212310791,"Unknown"
"7014857",371856,2025-10-11 10:42:59,43.1729621887207,-8.43806171417236,"Unknown"
"7014857",371856,2025-10-11 10:47:58,43.1730041503906,-8.43811225891113,"Unknown"
"7014857",371856,2025-10-11 10:52:58,43.172966003418,-8.43809413909912,"Unknown"
"7014857",371856,2025-10-11 10:57:58,43.1728973388672,-8.43806838989258,"Unknown"
"7014857",371856,2025-10-11 11:02:58,43.1729736328125,-8.4381217956543,"Unknown"
"7014857",371856,2025-10-11 11:07:58,43.1727981567383,-8.43794441223145,"Unknown"
"7014857",371856,2025-10-11 11:12:58,43.1720161437988,-8.4437427520752,"Unknown"
"7014857",371856,2025-10-11 11:18:05,43.1721572875977,-8.44342708587646,"Unknown"
"7014857",371856,2025-10-11 11:22:59,43.1721267700195,-8.44353294372559,"Unknown"
"7014857",371856,2025-10-11 11:27:58,43.1719398498535,-8.44351005554199,"Unknown"
"7014857",371856,2025-10-11 11:33:03,43.1720848083496,-8.44335174560547,"Unknown"
"7014857",371856,2025-10-11 11:37:58,43.171817779541,-8.44332981109619,"Unknown"
"7014857",371856,2025-10-11 11:42:59,43.1719360351562,-8.44324493408203,"Unknown"
"7014857",371856,2025-10-11 11:47:59,43.1717910766602,-8.44300174713135,"Unknown"
"7014857",371856,2025-10-11 11:53:00,43.1721954345703,-8.44352531433105,"Unknown"
"7014857",371856,2025-10-11 11:58:03,43.1719703674316,-8.44324970245361,"Unknown"
"7014857",371856,2025-10-11 12:02:59,43.1720581054688,-8.44394016265869,"Unknown"
"7014857",371856,2025-10-11 12:07:58,43.1721458435059,-8.44388294219971,"Unknown"
"7014857",371856,2025-10-11 12:12:58,43.1721229553223,-8.44389533996582,"Unknown"
"7014857",371856,2025-10-11 12:17:59,43.1720848083496,-8.44393920898438,"Unknown"
"7014857",371856,2025-10-11 12:22:58,43.172046661377,-8.4439811706543,"Unknown"
"7014857",371856,2025-10-11 12:27:58,43.1721000671387,-8.44393348693848,"Unknown"
"7014857",371856,2025-10-11 12:32:58,43.1720657348633,-8.4439754486084,"Unknown"
"7014857",371856,2025-10-11 12:37:58,43.1719360351562,-8.44394588470459,"Unknown"
"7014857",371856,2025-10-11 12:42:59,43.1717529296875,-8.44411277770996,"Unknown"
"7014857",371856,2025-10-11 12:47:58,43.1709480285645,-8.44374370574951,"Unknown"
"7014857",371856,2025-10-11 12:52:58,43.1486282348633,-8.4716854095459,"Unknown"
"7014857",371856,2025-10-11 12:58:01,43.1305389404297,-8.47079372406006,"Unknown"
"7014857",371856,2025-10-11 13:02:59,43.1305732727051,-8.47096633911133,"Unknown"
"7014857",371856,2025-10-11 13:07:59,43.1303062438965,-8.46991157531738,"Unknown"
"7014857",371856,2025-10-11 13:13:00,43.1303367614746,-8.46981716156006,"Unknown"
"7014857",371856,2025-10-11 13:17:59,43.1303443908691,-8.46984386444092,"Unknown"
"7014857",371856,2025-10-11 13:22:59,43.1303291320801,-8.46980762481689,"Unknown"
"7014857",371856,2025-10-11 13:27:58,43.1303291320801,-8.46994686126709,"Unknown"
"7014857",371856,2025-10-11 13:32:58,43.1302299499512,-8.46992778778076,"Unknown"
"7014857",371856,2025-10-11 13:37:59,43.1302947998047,-8.4698600769043,"Unknown"
"7014857",371856,2025-10-11 13:43:01,43.1300048828125,-8.46981716156006,"Unknown"
"7014857",371856,2025-10-11 13:48:01,43.1301574707031,-8.46980667114258,"Unknown"
"7014857",371856,2025-10-11 13:52:59,43.1303977966309,-8.47000503540039,"Unknown"
"7014857",371856,2025-10-11 13:57:59,43.1297988891602,-8.47009468078613,"Unknown"
"7014857",371856,2025-10-11 14:02:59,43.1299209594727,-8.47007465362549,"Unknown"
"7014857",371856,2025-10-11 14:07:58,43.1298637390137,-8.47005462646484,"Unknown"
"7014857",371856,2025-10-11 14:12:58,43.1295166015625,-8.47007369995117,"Unknown"
"7014857",371856,2025-10-11 14:17:59,43.1299476623535,-8.4700870513916,"Unknown"
"7014857",371856,2025-10-11 14:22:58,43.130313873291,-8.47004413604736,"Unknown"
"7014857",371856,2025-10-11 14:27:58,43.1296615600586,-8.47009944915771,"Unknown"
"7014857",371856,2025-10-11 14:32:59,43.1298789978027,-8.4699239730835,"Unknown"
"7014857",371856,2025-10-11 14:37:58,43.1296463012695,-8.47001457214355,"Unknown"
"7014857",371856,2025-10-11 14:42:59,43.1297264099121,-8.47000598907471,"Unknown"
"7014857",371856,2025-10-11 14:47:58,43.1297607421875,-8.4699878692627,"Unknown"
"7014857",371856,2025-10-11 14:52:58,43.1307144165039,-8.46942806243896,"Unknown"
"7014857",371856,2025-10-11 14:57:58,43.1322746276855,-8.46817874908447,"Unknown"
"7014857",371856,2025-10-11 15:02:58,43.1318855285645,-8.46797847747803,"Unknown"
"7014857",371856,2025-10-11 15:07:59,43.1306762695312,-8.46853542327881,"Unknown"
"7014857",371856,2025-10-11 15:13:00,43.1321678161621,-8.46773529052734,"Unknown"
"7014857",371856,2025-10-11 15:18:01,43.1318664550781,-8.46808242797852,"Unknown"
"7014857",371856,2025-10-11 15:23:00,43.1324691772461,-8.46818923950195,"Unknown"
"7014857",371856,2025-10-11 15:28:00,43.1297950744629,-8.46854496002197,"Unknown"
"7014857",371856,2025-10-11 15:33:00,43.1319465637207,-8.46855926513672,"Unknown"
"7014857",371856,2025-10-11 15:38:01,43.1316337585449,-8.46876907348633,"Unknown"
"7014857",371856,2025-10-11 15:42:59,43.1328010559082,-8.46835899353027,"Unknown"
"7014857",371856,2025-10-11 15:48:03,43.1292304992676,-8.46850681304932,"Unknown"
"7014857",371856,2025-10-11 15:53:01,43.1317367553711,-8.46878147125244,"Unknown"
"7014857",371856,2025-10-11 15:58:03,43.1315574645996,-8.46900844573975,"Unknown"
"7014857",371856,2025-10-11 16:03:03,43.1315803527832,-8.468918800354,"Unknown"
"7014857",371856,2025-10-11 16:08:04,43.1319732666016,-8.46805381774902,"Unknown"
"7014857",371856,2025-10-11 16:13:00,43.1328201293945,-8.46849346160889,"Unknown"
"7014857",371856,2025-10-11 16:18:05,43.1322021484375,-8.46826934814453,"Unknown"
"7014857",371856,2025-10-11 16:23:01,43.1313667297363,-8.46904468536377,"Unknown"
"7014857",371856,2025-10-11 16:28:00,43.1320877075195,-8.46807861328125,"Unknown"
"7014857",371856,2025-10-11 16:33:03,43.1312637329102,-8.46895122528076,"Unknown"
"7014857",371856,2025-10-11 16:37:59,43.1326713562012,-8.46829032897949,"Unknown"
"7014857",371856,2025-10-11 16:43:01,43.1312103271484,-8.46895027160645,"Unknown"
"7014857",371856,2025-10-11 16:48:01,43.1323013305664,-8.46777153015137,"Unknown"
"7014857",371856,2025-10-11 16:53:01,43.1317291259766,-8.46814632415771,"Unknown"
"7014857",371856,2025-10-11 16:58:10,43.1318626403809,-8.46816825866699,"Unknown"
"7014857",371856,2025-10-11 17:02:59,43.1317520141602,-8.46814441680908,"Unknown"
"7014857",371856,2025-10-11 17:07:59,43.1324310302734,-8.46789932250977,"Unknown"
"7014857",371856,2025-10-11 17:13:00,43.1324005126953,-8.46810722351074,"Unknown"
"7014857",371856,2025-10-11 17:18:01,43.1316947937012,-8.46827793121338,"Unknown"
"7014857",371856,2025-10-11 17:23:06,43.131591796875,-8.46878719329834,"Unknown"
"7014857",371856,2025-10-11 17:28:00,43.1454696655273,-8.45928382873535,"Unknown"
"7014857",371856,2025-10-11 17:33:00,43.1624374389648,-8.44830417633057,"Unknown"
"7014857",371856,2025-10-11 17:38:06,43.1708068847656,-8.43741893768311,"Unknown"
"7014857",371856,2025-10-11 17:42:58,43.1717910766602,-8.43792915344238,"Unknown"
"7014857",371856,2025-10-11 17:47:59,43.1713714599609,-8.43746376037598,"Unknown"
"7014857",371856,2025-10-11 17:52:59,43.171459197998,-8.4377326965332,"Unknown"
"7014857",371856,2025-10-11 17:58:10,43.1716957092285,-8.43749713897705,"Unknown"
"7014857",371856,2025-10-11 18:02:58,43.1719017028809,-8.43805122375488,"Unknown"
"7014857",371856,2025-10-11 18:07:58,43.1713905334473,-8.43797016143799,"Unknown"
"7014857",371856,2025-10-11 18:12:58,43.171501159668,-8.43808460235596,"Unknown"
"7014857",371856,2025-10-11 18:17:58,43.171501159668,-8.4381275177002,"Unknown"
"7014857",371856,2025-10-11 18:22:58,43.1716651916504,-8.43835926055908,"Unknown"
"7014857",371856,2025-10-11 18:27:59,43.1714897155762,-8.43812656402588,"Unknown"
"7014857",371856,2025-10-11 18:33:01,43.1713256835938,-8.43843936920166,"Unknown"
"7014857",371856,2025-10-11 18:35:10,43.1715927124023,-8.43816375732422,"Unknown"
"7014857",371856,2025-10-11 23:35:31,43.1721725463867,-8.43810939788818,"Unknown"
"7014857",371856,2025-10-12 04:35:35,43.1718482971191,-8.43810844421387,"Unknown"
"7014857",371856,2025-10-12 05:09:09,43.1716537475586,-8.43808650970459,"Unknown"
"7014857",371856,2025-10-12 05:14:10,43.1717567443848,-8.43810844421387,"Unknown"
"7014857",371856,2025-10-12 05:19:10,43.171802520752,-8.43807697296143,"Unknown"
"7014857",371856,2025-10-12 05:24:09,43.1718978881836,-8.4381103515625,"Unknown"
"7014857",371856,2025-10-12 05:29:09,43.1717071533203,-8.4381856918335,"Unknown"
"7014857",371856,2025-10-12 05:34:09,43.1717300415039,-8.43813228607178,"Unknown"
"7014857",371856,2025-10-12 05:39:08,43.1718292236328,-8.43816471099854,"Unknown"
"7014857",371856,2025-10-12 05:44:08,43.1717147827148,-8.43824100494385,"Unknown"
"7014857",371856,2025-10-12 05:49:09,43.1717872619629,-8.43819522857666,"Unknown"
"7014857",371856,2025-10-12 05:54:09,43.1717224121094,-8.43818283081055,"Unknown"
"7014857",371856,2025-10-12 05:59:13,43.1717758178711,-8.43809127807617,"Unknown"
"7014857",371856,2025-10-12 06:04:08,43.1714744567871,-8.43819808959961,"Unknown"
"7014857",371856,2025-10-12 06:09:11,43.1707305908203,-8.43944644927979,"Unknown"
"7014857",371856,2025-10-12 06:14:10,43.1716918945312,-8.43817806243896,"Unknown"
"7014857",371856,2025-10-12 06:19:09,43.1717872619629,-8.43807220458984,"Unknown"
"7014857",371856,2025-10-12 06:24:09,43.1718330383301,-8.43811416625977,"Unknown"
"7014857",371856,2025-10-12 06:29:11,43.1717834472656,-8.43799591064453,"Unknown"
"7014857",371856,2025-10-12 06:34:09,43.1717262268066,-8.43813037872314,"Unknown"
"7014857",371856,2025-10-12 06:39:09,43.1715240478516,-8.43819522857666,"Unknown"
"7014857",371856,2025-10-12 06:44:08,43.1706504821777,-8.4384880065918,"Unknown"
"7014857",371856,2025-10-12 06:49:09,43.1706352233887,-8.43855094909668,"Unknown"
"7014857",371856,2025-10-12 06:54:09,43.1705894470215,-8.43850517272949,"Unknown"
"7014857",371856,2025-10-12 06:59:19,43.1706352233887,-8.43850803375244,"Unknown"
"7014857",371856,2025-10-12 07:04:09,43.1709022521973,-8.43863391876221,"Unknown"
"7014857",371856,2025-10-12 07:09:09,43.1705093383789,-8.43851566314697,"Unknown"
"7014857",371856,2025-10-12 07:14:16,43.1704940795898,-8.43827724456787,"Unknown"
"7014857",371856,2025-10-12 07:19:12,43.1707420349121,-8.4385929107666,"Unknown"
"7014857",371856,2025-10-12 07:24:09,43.1705436706543,-8.43842697143555,"Unknown"
"7014857",371856,2025-10-12 07:29:18,43.1697616577148,-8.44945526123047,"Unknown"
"7014857",371856,2025-10-12 07:34:09,43.1464500427246,-8.46257591247559,"Unknown"
"7014857",371856,2025-10-12 07:39:13,43.1302452087402,-8.47092151641846,"Unknown"
"7014857",371856,2025-10-12 07:44:23,43.130298614502,-8.47091674804688,"Unknown"
"7014857",371856,2025-10-12 07:49:13,43.1306991577148,-8.47110652923584,"Unknown"
"7014857",371856,2025-10-12 07:54:13,43.1302871704102,-8.47079086303711,"Unknown"
"7014857",371856,2025-10-12 07:59:35,43.1304893493652,-8.47103404998779,"Unknown"
"7014857",371856,2025-10-12 08:04:08,43.1302108764648,-8.47068500518799,"Unknown"
"7014857",371856,2025-10-12 08:09:10,43.1306228637695,-8.47102832794189,"Unknown"
"7014857",371856,2025-10-12 08:14:10,43.1302032470703,-8.47146320343018,"Unknown"
"7014857",371856,2025-10-12 08:19:09,43.1301536560059,-8.47128963470459,"Unknown"
"7014857",371856,2025-10-12 08:24:09,43.1301956176758,-8.4714241027832,"Unknown"
"7014857",371856,2025-10-12 08:29:10,43.1305351257324,-8.47196006774902,"Unknown"
"7014857",371856,2025-10-12 08:34:09,43.1303176879883,-8.47159576416016,"Unknown"
"7014857",371856,2025-10-12 08:39:13,43.1302909851074,-8.47158336639404,"Unknown"
"7014857",371856,2025-10-12 08:44:16,43.1303329467773,-8.47164154052734,"Unknown"
"7014857",371856,2025-10-12 08:49:16,43.1303787231445,-8.47074413299561,"Unknown"
"7014857",371856,2025-10-12 08:54:12,43.1303863525391,-8.47251224517822,"Unknown"
"7014857",371856,2025-10-12 08:59:35,43.1305770874023,-8.47038841247559,"Unknown"
"7014857",371856,2025-10-12 09:04:19,43.1304931640625,-8.47038269042969,"Unknown"
"7014857",371856,2025-10-12 09:09:16,43.1305160522461,-8.47034168243408,"Unknown"
"7014857",371856,2025-10-12 09:14:14,43.1305694580078,-8.47037315368652,"Unknown"
"7014857",371856,2025-10-12 09:19:12,43.1304512023926,-8.46920394897461,"Unknown"
"7014857",371856,2025-10-12 09:24:10,43.1303672790527,-8.46901607513428,"Unknown"
"7014857",371856,2025-10-12 09:29:10,43.1305694580078,-8.46954536437988,"Unknown"
"7014857",371856,2025-10-12 09:34:11,43.130542755127,-8.46946716308594,"Unknown"
"7014857",371856,2025-10-12 09:39:10,43.1306190490723,-8.46961688995361,"Unknown"
"7014857",371856,2025-10-12 09:44:12,43.1300888061523,-8.4686861038208,"Unknown"
"7014857",371856,2025-10-12 09:49:12,43.1302223205566,-8.46948719024658,"Unknown"
"7014857",371856,2025-10-12 09:54:10,43.1302719116211,-8.4695405960083,"Unknown"
"7014857",371856,2025-10-12 09:59:14,43.1303024291992,-8.46971416473389,"Unknown"
"7014857",371856,2025-10-12 10:04:09,43.1306037902832,-8.47005844116211,"Unknown"
"7014857",371856,2025-10-12 10:09:09,43.1301765441895,-8.46955108642578,"Unknown"
"7014857",371856,2025-10-12 10:14:09,43.1304397583008,-8.46993637084961,"Unknown"
"7014857",371856,2025-10-12 10:19:10,43.1305160522461,-8.46994304656982,"Unknown"
"7014857",371856,2025-10-12 10:24:12,43.1302642822266,-8.46962642669678,"Unknown"
"7014857",371856,2025-10-12 10:29:11,43.1314392089844,-8.46909523010254,"Unknown"
"7014857",371856,2025-10-12 10:34:19,43.130687713623,-8.46914958953857,"Unknown"
"7014857",371856,2025-10-12 10:39:20,43.1307220458984,-8.46915912628174,"Unknown"
"7014857",371856,2025-10-12 10:44:19,43.130744934082,-8.46919631958008,"Unknown"
"7014857",371856,2025-10-12 10:49:19,43.1307067871094,-8.4690990447998,"Unknown"
"7014857",371856,2025-10-12 10:54:20,43.1306991577148,-8.46907806396484,"Unknown"
"7014857",371856,2025-10-12 10:59:22,43.1304092407227,-8.47125625610352,"Unknown"
"7014857",371856,2025-10-12 11:04:21,43.1303405761719,-8.47140312194824,"Unknown"
"7014857",371856,2025-10-12 11:09:53,43.130313873291,-8.47150135040283,"Unknown"
"7014857",371856,2025-10-12 11:14:10,43.1303596496582,-8.47158527374268,"Unknown"
"7014857",371856,2025-10-12 11:19:13,43.1304206848145,-8.47144603729248,"Unknown"
"7014857",371856,2025-10-12 11:24:13,43.1303596496582,-8.47135639190674,"Unknown"
"7014857",371856,2025-10-12 11:29:12,43.130313873291,-8.47437477111816,"Unknown"
"7014857",371856,2025-10-12 11:34:13,43.1131935119629,-8.49285507202148,"Unknown"
"7014857",371856,2025-10-12 11:39:12,43.0988693237305,-8.49794864654541,"Unknown"
"7014857",371856,2025-10-12 11:44:11,43.0987739562988,-8.49868679046631,"Unknown"
"7014857",371856,2025-10-12 11:49:19,43.0988807678223,-8.49873447418213,"Unknown"
"7014857",371856,2025-10-12 11:54:10,43.0999183654785,-8.49472713470459,"Unknown"
"7014857",371856,2025-10-12 11:59:12,43.1009521484375,-8.49164009094238,"Unknown"
"7014857",371856,2025-10-12 12:04:45,43.1019897460938,-8.49849319458008,"Unknown"
"7014857",371856,2025-10-12 12:09:44,43.1118774414062,-8.49134254455566,"Unknown"
"7014857",371856,2025-10-12 12:14:10,43.1161308288574,-8.48328876495361,"Unknown"
"7014857",371856,2025-10-12 12:19:35,43.1301689147949,-8.46993541717529,"Unknown"
"7014857",371856,2025-10-12 12:24:10,43.1301193237305,-8.46984195709229,"Unknown"
"7014857",371856,2025-10-12 12:29:12,43.1301612854004,-8.46961402893066,"Unknown"
"7014857",371856,2025-10-12 12:34:14,43.1302795410156,-8.46992111206055,"Unknown"
"7014857",371856,2025-10-12 12:39:19,43.1302719116211,-8.46988964080811,"Unknown"
"7014857",371856,2025-10-12 12:44:12,43.1301574707031,-8.46981525421143,"Unknown"
"7014857",371856,2025-10-12 12:49:11,43.1302909851074,-8.46981430053711,"Unknown"
"7014857",371856,2025-10-12 12:54:13,43.130256652832,-8.46979236602783,"Unknown"
"7014857",371856,2025-10-12 12:59:16,43.1301803588867,-8.46984195709229,"Unknown"
"7014857",371856,2025-10-12 13:04:18,43.1300163269043,-8.4698543548584,"Unknown"
"7014857",371856,2025-10-12 13:09:09,43.1302070617676,-8.46976661682129,"Unknown"
"7014857",371856,2025-10-12 13:14:09,43.1302795410156,-8.46981048583984,"Unknown"
"7014857",371856,2025-10-12 13:19:12,43.1302795410156,-8.46976852416992,"Unknown"
"7014857",371856,2025-10-12 13:24:12,43.130500793457,-8.47000598907471,"Unknown"
"7014857",371856,2025-10-12 13:29:12,43.1303558349609,-8.4698600769043,"Unknown"
"7014857",371856,2025-10-12 13:34:12,43.1303291320801,-8.46983909606934,"Unknown"
"7014857",371856,2025-10-12 13:39:13,43.1304244995117,-8.4697847366333,"Unknown"
"7014857",371856,2025-10-12 13:44:25,43.1303329467773,-8.4698429107666,"Unknown"
"7014857",371856,2025-10-12 13:49:29,43.1305961608887,-8.46984958648682,"Unknown"
"7014857",371856,2025-10-12 13:54:12,43.130443572998,-8.46977996826172,"Unknown"
"7014857",371856,2025-10-12 13:59:23,43.130485534668,-8.46982669830322,"Unknown"
"7014857",371856,2025-10-12 14:04:35,43.1303596496582,-8.46981048583984,"Unknown"
"7014857",371856,2025-10-12 14:09:09,43.1302947998047,-8.46976947784424,"Unknown"
"7014857",371856,2025-10-12 14:14:10,43.1305084228516,-8.46988677978516,"Unknown"
"7014857",371856,2025-10-12 14:19:09,43.1305809020996,-8.46908187866211,"Unknown"
"7014857",371856,2025-10-12 14:24:13,43.1301765441895,-8.46987247467041,"Unknown"
"7014857",371856,2025-10-12 14:29:12,43.1305961608887,-8.47002124786377,"Unknown"
"7014857",371856,2025-10-12 14:34:14,43.1299743652344,-8.46969413757324,"Unknown"
"7014857",371856,2025-10-12 14:39:10,43.1302452087402,-8.46985530853271,"Unknown"
"7014857",371856,2025-10-12 14:44:11,43.1303749084473,-8.47118377685547,"Unknown"
"7014857",371856,2025-10-12 14:49:11,43.1304397583008,-8.47121143341064,"Unknown"
"7014857",371856,2025-10-12 14:54:11,43.1303977966309,-8.47124290466309,"Unknown"
"7014857",371856,2025-10-12 14:59:11,43.1304244995117,-8.47127342224121,"Unknown"
"7014857",371856,2025-10-12 15:04:10,43.1297607421875,-8.47095394134521,"Unknown"
"7014857",371856,2025-10-12 15:09:12,43.1298141479492,-8.47090339660645,"Unknown"
"7014857",371856,2025-10-12 15:14:14,43.1298294067383,-8.47088813781738,"Unknown"
"7014857",371856,2025-10-12 15:19:26,43.1298027038574,-8.47087001800537,"Unknown"
"7014857",371856,2025-10-12 15:24:12,43.1299591064453,-8.47073173522949,"Unknown"
"7014857",371856,2025-10-12 15:29:20,43.129955291748,-8.47082424163818,"Unknown"
"7014857",371856,2025-10-12 15:34:14,43.1299514770508,-8.47080993652344,"Unknown"
"7014857",371856,2025-10-12 15:39:14,43.1299438476562,-8.47065162658691,"Unknown"
"7014857",371856,2025-10-12 15:44:23,43.1299362182617,-8.47070980072021,"Unknown"
"7014857",371856,2025-10-12 15:49:35,43.1299209594727,-8.47067737579346,"Unknown"
"7014857",371856,2025-10-12 15:54:09,43.1300201416016,-8.47077751159668,"Unknown"
"7014857",371856,2025-10-12 15:59:10,43.1300735473633,-8.47072315216064,"Unknown"
"7014857",371856,2025-10-12 16:04:19,43.1299743652344,-8.47073554992676,"Unknown"
"7014857",371856,2025-10-12 16:09:11,43.1300430297852,-8.47087287902832,"Unknown"
"7014857",371856,2025-10-12 16:14:20,43.1300086975098,-8.47069549560547,"Unknown"
"7014857",371856,2025-10-12 16:19:13,43.1299438476562,-8.47055053710938,"Unknown"
"7014857",371856,2025-10-12 16:24:19,43.1299781799316,-8.47068309783936,"Unknown"
"7014857",371856,2025-10-12 16:29:09,43.1299819946289,-8.47055244445801,"Unknown"
"7014857",371856,2025-10-12 16:34:19,43.1300201416016,-8.47065544128418,"Unknown"
"7014857",371856,2025-10-12 16:39:11,43.130012512207,-8.4705924987793,"Unknown"
"7014857",371856,2025-10-12 16:44:14,43.1300506591797,-8.47071838378906,"Unknown"
"7014857",371856,2025-10-12 16:49:19,43.1299743652344,-8.47072982788086,"Unknown"
"7014857",371856,2025-10-12 16:54:19,43.1301002502441,-8.47058868408203,"Unknown"
"7014857",371856,2025-10-12 16:59:18,43.1301116943359,-8.47063064575195,"Unknown"
"7014857",371856,2025-10-12 17:04:18,43.1301536560059,-8.47063541412354,"Unknown"
"7014857",371856,2025-10-12 17:09:17,43.1302261352539,-8.47064113616943,"Unknown"
"7014857",371856,2025-10-12 17:14:19,43.1301383972168,-8.47050857543945,"Unknown"
"7014857",371856,2025-10-12 17:19:14,43.1311531066895,-8.46909999847412,"Unknown"
"7014857",371856,2025-10-12 17:24:35,43.132080078125,-8.46798801422119,"Unknown"
"7014857",371856,2025-10-12 17:29:09,43.1320877075195,-8.4679651260376,"Unknown"
"7014857",371856,2025-10-12 17:34:09,43.1320838928223,-8.46788597106934,"Unknown"
"7014857",371856,2025-10-12 17:39:09,43.1320571899414,-8.46789741516113,"Unknown"
"7014857",371856,2025-10-12 17:44:09,43.1319427490234,-8.46821880340576,"Unknown"
"7014857",371856,2025-10-12 17:49:09,43.1320495605469,-8.46801853179932,"Unknown"
"7014857",371856,2025-10-12 17:54:09,43.1320991516113,-8.46805286407471,"Unknown"
"7014857",371856,2025-10-12 17:59:08,43.1353645324707,-8.46776962280273,"Unknown"
"7014857",371856,2025-10-12 18:04:09,43.1484756469727,-8.45908451080322,"Unknown"
"7014857",371856,2025-10-12 18:09:08,43.1705894470215,-8.44119453430176,"Unknown"
"7014857",371856,2025-10-12 18:14:10,43.1716613769531,-8.43744468688965,"Unknown"
"7014857",371856,2025-10-12 18:19:11,43.1714134216309,-8.43780899047852,"Unknown"
"7014857",371856,2025-10-12 18:24:08,43.171459197998,-8.43792152404785,"Unknown"
"7014857",371856,2025-10-12 18:29:11,43.1715469360352,-8.43829822540283,"Unknown"
"7014857",371856,2025-10-12 18:33:32,43.17138671875,-8.43786430358887,"Unknown"
"7014857",371856,2025-10-12 23:34:06,43.1714134216309,-8.43798923492432,"Unknown"
"7014857",371856,2025-10-13 04:33:44,43.1716041564941,-8.43789768218994,"Unknown"
"7014857",371856,2025-10-13 05:10:36,43.1714477539062,-8.43802833557129,"Unknown"
"7014857",371856,2025-10-13 05:15:22,43.1716003417969,-8.43810176849365,"Unknown"
"7014857",371856,2025-10-13 05:20:28,43.1716842651367,-8.43779277801514,"Unknown"
"7014857",371856,2025-10-13 05:25:32,43.1713409423828,-8.43815326690674,"Unknown"
"7014857",371856,2025-10-13 05:30:45,43.1718139648438,-8.43798828125,"Unknown"
"7014857",371856,2025-10-13 05:35:21,43.171459197998,-8.43825817108154,"Unknown"
"7014857",371856,2025-10-13 05:40:30,43.1715927124023,-8.43768501281738,"Unknown"
"7014857",371856,2025-10-13 05:45:29,43.1716613769531,-8.43767356872559,"Unknown"
"7014857",371856,2025-10-13 05:50:37,43.1714668273926,-8.43782711029053,"Unknown"
"7014857",371856,2025-10-13 05:55:22,43.171272277832,-8.43820381164551,"Unknown"
"7014857",371856,2025-10-13 06:00:24,43.1714553833008,-8.43752193450928,"Unknown"
"7014857",371856,2025-10-13 06:05:53,43.1714210510254,-8.43794536590576,"Unknown"
"7014857",371856,2025-10-13 06:10:18,43.1714324951172,-8.43798542022705,"Unknown"
"7014857",371856,2025-10-13 06:15:18,43.1714248657227,-8.43805408477783,"Unknown"
"7014857",371856,2025-10-13 06:20:18,43.1714401245117,-8.43853378295898,"Unknown"
"7014857",371856,2025-10-13 06:25:23,43.1714935302734,-8.43798923492432,"Unknown"
"7014857",371856,2025-10-13 06:30:30,43.172176361084,-8.43859577178955,"Unknown"
"7014857",371856,2025-10-13 06:35:53,43.1713409423828,-8.43803310394287,"Unknown"
"7014857",371856,2025-10-13 06:40:25,43.1706008911133,-8.43856525421143,"Unknown"
"7014857",371856,2025-10-13 06:45:28,43.1707801818848,-8.43849849700928,"Unknown"
"7014857",371856,2025-10-13 06:50:23,43.1704063415527,-8.43892288208008,"Unknown"
"7014857",371856,2025-10-13 06:55:30,43.1708755493164,-8.43873310089111,"Unknown"
"7014857",371856,2025-10-13 07:00:29,43.1705551147461,-8.43857288360596,"Unknown"
"7014857",371856,2025-10-13 07:05:23,43.1708068847656,-8.43939876556396,"Unknown"
"7014857",371856,2025-10-13 07:10:31,43.1705627441406,-8.43859672546387,"Unknown"
"7014857",371856,2025-10-13 07:15:30,43.1706085205078,-8.4386100769043,"Unknown"
"7014857",371856,2025-10-13 07:20:30,43.1705856323242,-8.43867492675781,"Unknown"
"7014857",371856,2025-10-13 07:25:31,43.1709289550781,-8.43845081329346,"Unknown"
"7014857",371856,2025-10-13 07:30:21,43.1713600158691,-8.44216156005859,"Unknown"
"7014857",371856,2025-10-13 07:35:44,43.1707534790039,-8.43850326538086,"Unknown"
"7014857",371856,2025-10-13 07:40:21,43.1706466674805,-8.43832969665527,"Unknown"
"7014857",371856,2025-10-13 07:45:53,43.171703338623,-8.44416427612305,"Unknown"
"7014857",371856,2025-10-13 07:50:17,43.1706123352051,-8.43856239318848,"Unknown"
"7014857",371856,2025-10-13 07:55:18,43.1706390380859,-8.43864631652832,"Unknown"
"7014857",371856,2025-10-13 08:00:23,43.1706466674805,-8.43811988830566,"Unknown"
"7014857",371856,2025-10-13 08:05:22,43.1709861755371,-8.43747901916504,"Unknown"
"7014857",371856,2025-10-13 08:10:19,43.1705436706543,-8.43879127502441,"Unknown"
"7014857",371856,2025-10-13 08:15:18,43.1698570251465,-8.45008850097656,"Unknown"
"7014857",371856,2025-10-13 08:20:17,43.149055480957,-8.46988773345947,"Unknown"
"7014857",371856,2025-10-13 08:25:30,43.1321449279785,-8.46836948394775,"Unknown"
"7014857",371856,2025-10-13 08:31:14,43.132007598877,-8.46836471557617,"Unknown"
"7014857",371856,2025-10-13 08:35:19,43.1321182250977,-8.4683084487915,"Unknown"
"7014857",371856,2025-10-13 08:40:24,43.1319923400879,-8.46795177459717,"Unknown"
"7014857",371856,2025-10-13 08:45:29,43.1321716308594,-8.46839904785156,"Unknown"
"7014857",371856,2025-10-13 08:50:27,43.1320495605469,-8.46836566925049,"Unknown"
"7014857",371856,2025-10-13 08:55:22,43.1305847167969,-8.47202110290527,"Unknown"
"7014857",371856,2025-10-13 09:00:30,43.1304016113281,-8.47164535522461,"Unknown"
"7014857",371856,2025-10-13 09:05:29,43.1304397583008,-8.47168636322021,"Unknown"
"7014857",371856,2025-10-13 09:10:24,43.1303520202637,-8.47156810760498,"Unknown"
"7014857",371856,2025-10-13 09:15:44,43.130241394043,-8.47121524810791,"Unknown"
"7014857",371856,2025-10-13 09:20:20,43.1302223205566,-8.47106170654297,"Unknown"
"7014857",371856,2025-10-13 09:25:18,43.1298484802246,-8.47143840789795,"Unknown"
"7014857",371856,2025-10-13 09:30:24,43.1298027038574,-8.47139263153076,"Unknown"
"7014857",371856,2025-10-13 09:35:30,43.1303215026855,-8.47102737426758,"Unknown"
"7014857",371856,2025-10-13 09:40:21,43.1311340332031,-8.46994018554688,"Unknown"
"7014857",371856,2025-10-13 09:45:44,43.1307945251465,-8.46932983398438,"Unknown"
"7014857",371856,2025-10-13 09:50:19,43.1307754516602,-8.46921253204346,"Unknown"
"7014857",371856,2025-10-13 09:55:22,43.1307411193848,-8.46923542022705,"Unknown"
"7014857",371856,2025-10-13 10:00:30,43.1308097839355,-8.46923160552979,"Unknown"
"7014857",371856,2025-10-13 10:05:19,43.1310005187988,-8.46955490112305,"Unknown"
"7014857",371856,2025-10-13 10:10:19,43.1306419372559,-8.46893692016602,"Unknown"
"7014857",371856,2025-10-13 10:15:30,43.1307754516602,-8.4691801071167,"Unknown"
"7014857",371856,2025-10-13 10:20:30,43.1307411193848,-8.46919250488281,"Unknown"
"7014857",371856,2025-10-13 10:25:30,43.1307945251465,-8.4693431854248,"Unknown"
"7014857",371856,2025-10-13 10:30:44,43.1308479309082,-8.46927452087402,"Unknown"
"7014857",371856,2025-10-13 10:35:30,43.1308364868164,-8.46925449371338,"Unknown"
"7014857",371856,2025-10-13 10:40:33,43.1308059692383,-8.46922588348389,"Unknown"
"7014857",371856,2025-10-13 10:45:22,43.1303291320801,-8.46937274932861,"Unknown"
"7014857",371856,2025-10-13 10:50:22,43.1307601928711,-8.46935272216797,"Unknown"
"7014857",371856,2025-10-13 10:55:31,43.1303901672363,-8.46933460235596,"Unknown"
"7014857",371856,2025-10-13 11:00:20,43.1303596496582,-8.47099876403809,"Unknown"
"7014857",371856,2025-10-13 11:05:31,43.130443572998,-8.47095775604248,"Unknown"
"7014857",371856,2025-10-13 11:10:23,43.1309280395508,-8.47062206268311,"Unknown"
"7014857",371856,2025-10-13 11:15:44,43.1332015991211,-8.4695987701416,"Unknown"
"7014857",371856,2025-10-13 11:20:42,43.1333999633789,-8.46940231323242,"Unknown"
"7014857",371856,2025-10-13 11:25:20,43.1332702636719,-8.46945571899414,"Unknown"
"7014857",371856,2025-10-13 11:30:18,43.1333274841309,-8.46941375732422,"Unknown"
"7014857",371856,2025-10-13 11:35:21,43.1333122253418,-8.46944618225098,"Unknown"
"7014857",371856,2025-10-13 11:40:23,43.1332130432129,-8.47003650665283,"Unknown"
"7014857",371856,2025-10-13 11:45:44,43.1332473754883,-8.46955490112305,"Unknown"
"7014857",371856,2025-10-13 11:50:18,43.1334342956543,-8.46889591217041,"Unknown"
"7014857",371856,2025-10-13 11:55:20,43.1331367492676,-8.46969795227051,"Unknown"
"7014857",371856,2025-10-13 12:00:23,43.1334228515625,-8.4698314666748,"Unknown"
"7014857",371856,2025-10-13 12:05:25,43.13330078125,-8.46949863433838,"Unknown"
"7014857",371856,2025-10-13 12:10:24,43.1335716247559,-8.4690113067627,"Unknown"
"7014857",371856,2025-10-13 12:15:23,43.1331672668457,-8.46971416473389,"Unknown"
"7014857",371856,2025-10-13 12:20:25,43.1332626342773,-8.4696159362793,"Unknown"
"7014857",371856,2025-10-13 12:25:28,43.1325645446777,-8.4691162109375,"Unknown"
"7014857",371856,2025-10-13 12:30:53,43.1325416564941,-8.46900177001953,"Unknown"
"7014857",371856,2025-10-13 12:35:17,43.1325912475586,-8.46900272369385,"Unknown"
"7014857",371856,2025-10-13 12:40:17,43.1324424743652,-8.46913433074951,"Unknown"
"7014857",371856,2025-10-13 12:45:17,43.1324806213379,-8.46904563903809,"Unknown"
"7014857",371856,2025-10-13 12:50:18,43.1325950622559,-8.4689769744873,"Unknown"
"7014857",371856,2025-10-13 12:55:18,43.1320266723633,-8.46845531463623,"Unknown"
"7014857",371856,2025-10-13 13:00:17,43.1319732666016,-8.46812725067139,"Unknown"
"7014857",371856,2025-10-13 13:05:17,43.1319389343262,-8.46813869476318,"Unknown"
"7014857",371856,2025-10-13 13:10:19,43.1319046020508,-8.46817207336426,"Unknown"
"7014857",371856,2025-10-13 13:15:18,43.1320381164551,-8.46815872192383,"Unknown"
"7014857",371856,2025-10-13 13:20:18,43.1321563720703,-8.46813011169434,"Unknown"
"7014857",371856,2025-10-13 13:25:18,43.1320114135742,-8.46815013885498,"Unknown"
"7014857",371856,2025-10-13 13:30:25,43.1319923400879,-8.46817493438721,"Unknown"
"7014857",371856,2025-10-13 13:35:20,43.1319618225098,-8.46819019317627,"Unknown"
"7014857",371856,2025-10-13 13:40:20,43.1319885253906,-8.46816158294678,"Unknown"
"7014857",371856,2025-10-13 13:45:18,43.1307220458984,-8.46907997131348,"Unknown"
"7014857",371856,2025-10-13 13:50:25,43.1340866088867,-8.46870899200439,"Unknown"
"7014857",371856,2025-10-13 13:55:20,43.1339530944824,-8.46874809265137,"Unknown"
"7014857",371856,2025-10-13 14:00:19,43.1337547302246,-8.46865749359131,"Unknown"
"7014857",371856,2025-10-13 14:05:23,43.1324501037598,-8.46861171722412,"Unknown"
"7014857",371856,2025-10-13 14:10:21,43.1324691772461,-8.46854305267334,"Unknown"
"7014857",371856,2025-10-13 14:15:19,43.1323127746582,-8.46819591522217,"Unknown"
"7014857",371856,2025-10-13 14:20:19,43.1324348449707,-8.46845054626465,"Unknown"
"7014857",371856,2025-10-13 14:25:20,43.1326179504395,-8.46891593933105,"Unknown"
"7014857",371856,2025-10-13 14:30:20,43.1327857971191,-8.46928787231445,"Unknown"
"7014857",371856,2025-10-13 14:35:44,43.1324729919434,-8.46850776672363,"Unknown"
"7014857",371856,2025-10-13 14:40:19,43.1324272155762,-8.46844673156738,"Unknown"
"7014857",371856,2025-10-13 14:45:18,43.1324653625488,-8.46835136413574,"Unknown"
"7014857",371856,2025-10-13 14:50:18,43.1325531005859,-8.46867275238037,"Unknown"
"7014857",371856,2025-10-13 14:55:21,43.1324310302734,-8.46811866760254,"Unknown"
"7014857",371856,2025-10-13 15:00:23,43.1325035095215,-8.46824359893799,"Unknown"
"7014857",371856,2025-10-13 15:05:21,43.1324920654297,-8.46865272521973,"Unknown"
"7014857",371856,2025-10-13 15:10:20,43.1323204040527,-8.46727561950684,"Unknown"
"7014857",371856,2025-10-13 15:15:25,43.1323356628418,-8.46732234954834,"Unknown"
"7014857",371856,2025-10-13 15:20:25,43.132495880127,-8.46831798553467,"Unknown"
"7014857",371856,2025-10-13 15:25:21,43.1324081420898,-8.4678316116333,"Unknown"
"7014857",371856,2025-10-13 15:30:45,43.1324272155762,-8.4685001373291,"Unknown"
"7014857",371856,2025-10-13 15:35:25,43.132453918457,-8.46851062774658,"Unknown"
"7014857",371856,2025-10-13 15:40:29,43.132453918457,-8.4684944152832,"Unknown"
"7014857",371856,2025-10-13 15:45:30,43.132495880127,-8.46847057342529,"Unknown"
"7014857",371856,2025-10-13 15:50:30,43.1324729919434,-8.46853637695312,"Unknown"
"7014857",371856,2025-10-13 15:55:30,43.1324691772461,-8.46850204467773,"Unknown"
"7014857",371856,2025-10-13 16:00:30,43.1324729919434,-8.46852874755859,"Unknown"
"7014857",371856,2025-10-13 16:05:30,43.1324653625488,-8.4685115814209,"Unknown"
"7014857",371856,2025-10-13 16:10:30,43.1324996948242,-8.46848583221436,"Unknown"
"7014857",371856,2025-10-13 16:15:53,43.1324081420898,-8.46852588653564,"Unknown"
"7014857",371856,2025-10-13 16:20:20,43.132453918457,-8.46840572357178,"Unknown"
"7014857",371856,2025-10-13 16:25:17,43.132381439209,-8.46846389770508,"Unknown"
"7014857",371856,2025-10-13 16:30:18,43.1323928833008,-8.46833515167236,"Unknown"
"7014857",371856,2025-10-13 16:35:17,43.1324119567871,-8.46845054626465,"Unknown"
"7014857",371856,2025-10-13 16:40:17,43.1324501037598,-8.46836185455322,"Unknown"
"7014857",371856,2025-10-13 16:45:18,43.1323585510254,-8.46835803985596,"Unknown"
"7014857",371856,2025-10-13 16:50:17,43.1324501037598,-8.4683723449707,"Unknown"
"7014857",371856,2025-10-13 16:55:18,43.140926361084,-8.46746921539307,"Unknown"
"7014857",371856,2025-10-13 17:00:19,43.1671600341797,-8.45183372497559,"Unknown"
"7014857",371856,2025-10-13 17:05:19,43.1703491210938,-8.43911361694336,"Unknown"
"7014857",371856,2025-10-13 17:10:23,43.179141998291,-8.4343204498291,"Unknown"
"7014857",371856,2025-10-13 17:15:19,43.1930885314941,-8.42032337188721,"Unknown"
"7014857",371856,2025-10-13 17:20:20,43.1909446716309,-8.41909790039062,"Unknown"
"7014857",371856,2025-10-13 17:25:37,43.1918487548828,-8.42195987701416,"Unknown"
"7014857",371856,2025-10-13 17:30:17,43.191162109375,-8.42268657684326,"Unknown"
"7014857",371856,2025-10-13 17:35:18,43.1910057067871,-8.42372608184814,"Unknown"
"7014857",371856,2025-10-13 17:40:44,43.1897735595703,-8.42431354522705,"Unknown"
"7014857",371856,2025-10-13 17:45:17,43.1888618469238,-8.42342281341553,"Unknown"
"7014857",371856,2025-10-13 17:50:18,43.1891212463379,-8.42899894714355,"Unknown"
"7014857",371856,2025-10-13 17:55:18,43.1943817138672,-8.43191337585449,"Unknown"
"7014857",371856,2025-10-13 18:00:34,43.1916198730469,-8.42178153991699,"Unknown"
"7014857",371856,2025-10-13 18:05:30,43.1923675537109,-8.42091464996338,"Unknown"
"7014857",371856,2025-10-13 18:10:30,43.1924705505371,-8.42132949829102,"Unknown"
"7014857",371856,2025-10-13 18:15:30,43.1925239562988,-8.42151165008545,"Unknown"
"7014857",371856,2025-10-13 18:20:30,43.1923751831055,-8.42156505584717,"Unknown"
"7014857",371856,2025-10-13 18:25:30,43.1927452087402,-8.42187881469727,"Unknown"
"7014857",371856,2025-10-13 18:33:00,43.1920204162598,-8.42187881469727,"Unknown"
"7014857",371856,2025-10-13 23:32:06,43.1932182312012,-8.42323589324951,"Unknown"
"7014857",371856,2025-10-14 04:32:05,43.1714210510254,-8.44007396697998,"Unknown"
"7014857",371856,2025-10-14 05:10:12,43.1714477539062,-8.43999290466309,"Unknown"
"7014857",371856,2025-10-14 05:15:02,43.1714363098145,-8.44002628326416,"Unknown"
"7014857",371856,2025-10-14 05:20:03,43.1714096069336,-8.4399938583374,"Unknown"
"7014857",371856,2025-10-14 05:25:02,43.1714553833008,-8.43998908996582,"Unknown"
"7014857",371856,2025-10-14 05:30:02,43.1714019775391,-8.44005584716797,"Unknown"
"7014857",371856,2025-10-14 05:35:04,43.1712913513184,-8.44022941589355,"Unknown"
"7014857",371856,2025-10-14 05:40:04,43.1713714599609,-8.44015598297119,"Unknown"
"7014857",371856,2025-10-14 05:45:35,43.1713752746582,-8.44016265869141,"Unknown"
"7014857",371856,2025-10-14 05:50:02,43.1714096069336,-8.4401388168335,"Unknown"
"7014857",371856,2025-10-14 05:55:02,43.1714019775391,-8.44015598297119,"Unknown"
"7014857",371856,2025-10-14 06:00:02,43.17138671875,-8.44019222259521,"Unknown"
"7014857",371856,2025-10-14 06:05:02,43.1713905334473,-8.44016456604004,"Unknown"
"7014857",371856,2025-10-14 06:10:02,43.1712760925293,-8.44012069702148,"Unknown"
"7014857",371856,2025-10-14 06:15:03,43.1713409423828,-8.44018936157227,"Unknown"
"7014857",371856,2025-10-14 06:20:02,43.1712684631348,-8.44020175933838,"Unknown"
"7014857",371856,2025-10-14 06:25:02,43.171329498291,-8.44019794464111,"Unknown"
"7014857",371856,2025-10-14 06:30:03,43.1712532043457,-8.44040870666504,"Unknown"
"7014857",371856,2025-10-14 06:35:03,43.1706962585449,-8.43840885162354,"Unknown"
"7014857",371856,2025-10-14 06:40:03,43.1707344055176,-8.43852424621582,"Unknown"
"7014857",371856,2025-10-14 06:45:03,43.1706504821777,-8.4385347366333,"Unknown"
"7014857",371856,2025-10-14 06:50:03,43.1706352233887,-8.43852806091309,"Unknown"
"7014857",371856,2025-10-14 06:55:08,43.1706771850586,-8.43856716156006,"Unknown"
"7014857",371856,2025-10-14 07:00:04,43.1708068847656,-8.4385929107666,"Unknown"
"7014857",371856,2025-10-14 07:05:03,43.1706848144531,-8.4384765625,"Unknown"
"7014857",371856,2025-10-14 07:10:03,43.1707878112793,-8.43845272064209,"Unknown"
"7014857",371856,2025-10-14 07:15:04,43.1706314086914,-8.43840789794922,"Unknown"
"7014857",371856,2025-10-14 07:20:07,43.1707611083984,-8.43847274780273,"Unknown"
"7014857",371856,2025-10-14 07:25:09,43.170768737793,-8.43857002258301,"Unknown"
"7014857",371856,2025-10-14 07:30:07,43.1708221435547,-8.43841457366943,"Unknown"
"7014857",371856,2025-10-14 07:35:04,43.1707191467285,-8.4384765625,"Unknown"
"7014857",371856,2025-10-14 07:40:02,43.1706085205078,-8.43839550018311,"Unknown"
"7014857",371856,2025-10-14 07:45:04,43.1706581115723,-8.43856048583984,"Unknown"
"7014857",371856,2025-10-14 07:50:35,43.170726776123,-8.43848991394043,"Unknown"
"7014857",371856,2025-10-14 07:55:06,43.1706428527832,-8.43842220306396,"Unknown"
"7014857",371856,2025-10-14 08:00:02,43.1704597473145,-8.43892192840576,"Unknown"
"7014857",371856,2025-10-14 08:05:02,43.1709060668945,-8.43959331512451,"Unknown"
"7014857",371856,2025-10-14 08:10:03,43.1708488464355,-8.43960857391357,"Unknown"
"7014857",371856,2025-10-14 08:15:02,43.1714820861816,-8.4435396194458,"Unknown"
"7014857",371856,2025-10-14 08:20:06,43.1489753723145,-8.46178436279297,"Unknown"
"7014857",371856,2025-10-14 08:25:07,43.1299285888672,-8.46949195861816,"Unknown"
"7014857",371856,2025-10-14 08:30:07,43.1299514770508,-8.46948051452637,"Unknown"
"7014857",371856,2025-10-14 08:35:04,43.1298751831055,-8.46948719024658,"Unknown"
"7014857",371856,2025-10-14 08:40:10,43.1298561096191,-8.46944808959961,"Unknown"
"7014857",371856,2025-10-14 08:45:11,43.1301612854004,-8.46949005126953,"Unknown"
"7014857",371856,2025-10-14 08:50:12,43.1304588317871,-8.46933364868164,"Unknown"
"7014857",371856,2025-10-14 08:55:09,43.1302452087402,-8.46944904327393,"Unknown"
"7014857",371856,2025-10-14 09:00:07,43.1303863525391,-8.46934032440186,"Unknown"
"7014857",371856,2025-10-14 09:05:10,43.129997253418,-8.46941471099854,"Unknown"
"7014857",371856,2025-10-14 09:10:06,43.1302108764648,-8.47126483917236,"Unknown"
"7014857",371856,2025-10-14 09:15:03,43.1302261352539,-8.4713134765625,"Unknown"
"7014857",371856,2025-10-14 09:20:04,43.1302795410156,-8.47142124176025,"Unknown"
"7014857",371856,2025-10-14 09:25:14,43.1300811767578,-8.47122192382812,"Unknown"
"7014857",371856,2025-10-14 09:30:09,43.1302528381348,-8.47143173217773,"Unknown"
"7014857",371856,2025-10-14 09:35:07,43.1303672790527,-8.47133827209473,"Unknown"
"7014857",371856,2025-10-14 09:40:04,43.130184173584,-8.47137546539307,"Unknown"
"7014857",371856,2025-10-14 09:45:11,43.1304664611816,-8.47101879119873,"Unknown"
"7014857",371856,2025-10-14 09:50:15,43.1303634643555,-8.47091484069824,"Unknown"
"7014857",371856,2025-10-14 09:55:09,43.1304740905762,-8.47114372253418,"Unknown"
"7014857",371856,2025-10-14 10:00:06,43.1301651000977,-8.47125434875488,"Unknown"
"7014857",371856,2025-10-14 10:05:13,43.1302261352539,-8.47046184539795,"Unknown"
"7014857",371856,2025-10-14 10:10:18,43.1300354003906,-8.47028160095215,"Unknown"
"7014857",371856,2025-10-14 10:15:14,43.1300773620605,-8.47047519683838,"Unknown"
"7014857",371856,2025-10-14 10:20:06,43.1301155090332,-8.47045993804932,"Unknown"
"7014857",371856,2025-10-14 10:25:06,43.1301002502441,-8.47054576873779,"Unknown"
"7014857",371856,2025-10-14 10:30:03,43.1304168701172,-8.47070598602295,"Unknown"
"7014857",371856,2025-10-14 10:35:08,43.1298484802246,-8.47051334381104,"Unknown"
"7014857",371856,2025-10-14 10:40:04,43.1303253173828,-8.47086811065674,"Unknown"
"7014857",371856,2025-10-14 10:45:20,43.1302070617676,-8.47133636474609,"Unknown"
"7014857",371856,2025-10-14 10:50:13,43.1305046081543,-8.46912384033203,"Unknown"
"7014857",371856,2025-10-14 10:55:08,43.1307258605957,-8.46907806396484,"Unknown"
"7014857",371856,2025-10-14 11:00:11,43.1308746337891,-8.46901321411133,"Unknown"
"7014857",371856,2025-10-14 11:05:08,43.1308708190918,-8.46907520294189,"Unknown"
"7014857",371856,2025-10-14 11:10:06,43.1308212280273,-8.46910858154297,"Unknown"
"7014857",371856,2025-10-14 11:15:06,43.1307487487793,-8.46906280517578,"Unknown"
"7014857",371856,2025-10-14 11:20:03,43.1315803527832,-8.46846103668213,"Unknown"
"7014857",371856,2025-10-14 11:25:07,43.1307754516602,-8.46892166137695,"Unknown"
"7014857",371856,2025-10-14 11:30:07,43.1307640075684,-8.4689998626709,"Unknown"
"7014857",371856,2025-10-14 11:35:03,43.1306114196777,-8.46888637542725,"Unknown"
"7014857",371856,2025-10-14 11:40:07,43.1308059692383,-8.46908569335938,"Unknown"
"7014857",371856,2025-10-14 11:45:14,43.1307563781738,-8.46906280517578,"Unknown"
"7014857",371856,2025-10-14 11:50:35,43.1307792663574,-8.46906471252441,"Unknown"
"7014857",371856,2025-10-14 11:55:02,43.1307411193848,-8.46910572052002,"Unknown"
"7014857",371856,2025-10-14 12:00:02,43.130786895752,-8.46908855438232,"Unknown"
"7014857",371856,2025-10-14 12:05:02,43.1308288574219,-8.46901321411133,"Unknown"
"7014857",371856,2025-10-14 12:10:02,43.1308174133301,-8.46908473968506,"Unknown"
"7014857",371856,2025-10-14 12:15:02,43.1307487487793,-8.46913909912109,"Unknown"
"7014857",371856,2025-10-14 12:20:02,43.1309013366699,-8.46910953521729,"Unknown"
"7014857",371856,2025-10-14 12:25:02,43.1308860778809,-8.46901798248291,"Unknown"
"7014857",371856,2025-10-14 12:30:02,43.1307373046875,-8.46911430358887,"Unknown"
"7014857",371856,2025-10-14 12:35:02,43.130744934082,-8.4691104888916,"Unknown"
"7014857",371856,2025-10-14 12:40:02,43.1308670043945,-8.46903419494629,"Unknown"
"7014857",371856,2025-10-14 12:45:09,43.1307945251465,-8.46910095214844,"Unknown"
"7014857",371856,2025-10-14 12:50:06,43.1306228637695,-8.4692268371582,"Unknown"
"7014857",371856,2025-10-14 12:55:11,43.1306648254395,-8.46931171417236,"Unknown"
"7014857",371856,2025-10-14 13:00:02,43.1306800842285,-8.46926879882812,"Unknown"
"7014857",371856,2025-10-14 13:05:06,43.1306610107422,-8.46926975250244,"Unknown"
"7014857",371856,2025-10-14 13:10:02,43.1284065246582,-8.47018432617188,"Unknown"
"7014857",371856,2025-10-14 13:15:02,43.1264038085938,-8.48184871673584,"Unknown"
"7014857",371856,2025-10-14 13:20:02,43.0981101989746,-8.4984655380249,"Unknown"
"7014857",371856,2025-10-14 13:25:03,43.0976486206055,-8.49888229370117,"Unknown"
"7014857",371856,2025-10-14 13:30:04,43.0966377258301,-8.49985027313232,"Unknown"
"7014857",371856,2025-10-14 13:35:03,43.0965805053711,-8.50045871734619,"Unknown"
"7014857",371856,2025-10-14 13:40:03,43.1032104492188,-8.5019998550415,"Unknown"
"7014857",371856,2025-10-14 13:45:04,43.1032829284668,-8.50204944610596,"Unknown"
"7014857",371856,2025-10-14 13:50:06,43.1005630493164,-8.49110126495361,"Unknown"
"7014857",371856,2025-10-14 13:55:03,43.1080703735352,-8.4824914932251,"Unknown"
"7014857",371856,2025-10-14 14:00:03,43.1251373291016,-8.47341346740723,"Unknown"
"7014857",371856,2025-10-14 14:05:04,43.1302337646484,-8.46955585479736,"Unknown"
"7014857",371856,2025-10-14 14:10:06,43.1302719116211,-8.46963787078857,"Unknown"
"7014857",371856,2025-10-14 14:15:13,43.1301689147949,-8.46953105926514,"Unknown"
"7014857",371856,2025-10-14 14:20:02,43.1301612854004,-8.46952056884766,"Unknown"
"7014857",371856,2025-10-14 14:25:03,43.129997253418,-8.47038459777832,"Unknown"
"7014857",371856,2025-10-14 14:30:03,43.1304588317871,-8.47118473052979,"Unknown"
"7014857",371856,2025-10-14 14:35:06,43.1304321289062,-8.47122859954834,"Unknown"
"7014857",371856,2025-10-14 14:40:07,43.1303405761719,-8.4712963104248,"Unknown"
"7014857",371856,2025-10-14 14:45:33,43.1303482055664,-8.47132682800293,"Unknown"
"7014857",371856,2025-10-14 14:50:14,43.130313873291,-8.47134208679199,"Unknown"
"7014857",371856,2025-10-14 14:55:06,43.1304893493652,-8.47125625610352,"Unknown"
"7014857",371856,2025-10-14 15:00:08,43.1304817199707,-8.46984386444092,"Unknown"
"7014857",371856,2025-10-14 15:05:06,43.1303367614746,-8.46973609924316,"Unknown"
"7014857",371856,2025-10-14 15:10:07,43.1299057006836,-8.46999931335449,"Unknown"
"7014857",371856,2025-10-14 15:15:35,43.1304206848145,-8.46980762481689,"Unknown"
"7014857",371856,2025-10-14 15:20:02,43.130443572998,-8.46952438354492,"Unknown"
"7014857",371856,2025-10-14 15:25:03,43.1304397583008,-8.46980857849121,"Unknown"
"7014857",371856,2025-10-14 15:30:03,43.1303863525391,-8.46977043151855,"Unknown"
"7014857",371856,2025-10-14 15:35:03,43.1303558349609,-8.46980476379395,"Unknown"
"7014857",371856,2025-10-14 15:40:04,43.1305084228516,-8.46982192993164,"Unknown"
"7014857",371856,2025-10-14 15:45:03,43.1303787231445,-8.46968173980713,"Unknown"
"7014857",371856,2025-10-14 15:50:03,43.130256652832,-8.46957874298096,"Unknown"
"7014857",371856,2025-10-14 15:55:09,43.130558013916,-8.46974754333496,"Unknown"
"7014857",371856,2025-10-14 16:00:14,43.1304244995117,-8.4697151184082,"Unknown"
"7014857",371856,2025-10-14 16:05:08,43.1302833557129,-8.46947383880615,"Unknown"
"7014857",371856,2025-10-14 16:10:03,43.1304016113281,-8.46959018707275,"Unknown"
"7014857",371856,2025-10-14 16:15:03,43.1301116943359,-8.46965885162354,"Unknown"
"7014857",371856,2025-10-14 16:20:06,43.1316070556641,-8.47057723999023,"Unknown"
"7014857",371856,2025-10-14 16:25:07,43.1323776245117,-8.46714782714844,"Unknown"
"7014857",371856,2025-10-14 16:30:03,43.1324043273926,-8.46741771697998,"Unknown"
"7014857",371856,2025-10-14 16:35:03,43.1323127746582,-8.46693897247314,"Unknown"
"7014857",371856,2025-10-14 16:40:04,43.132511138916,-8.46711254119873,"Unknown"
"7014857",371856,2025-10-14 16:45:12,43.1324577331543,-8.4671516418457,"Unknown"
"7014857",371856,2025-10-14 16:50:02,43.1324577331543,-8.46717834472656,"Unknown"
"7014857",371856,2025-10-14 16:55:06,43.1325073242188,-8.46718883514404,"Unknown"
"7014857",371856,2025-10-14 17:00:03,43.1325988769531,-8.46742916107178,"Unknown"
"7014857",371856,2025-10-14 17:05:02,43.132568359375,-8.46730709075928,"Unknown"
"7014857",371856,2025-10-14 17:10:06,43.1324882507324,-8.4670524597168,"Unknown"
"7014857",371856,2025-10-14 17:15:06,43.1325149536133,-8.46720504760742,"Unknown"
"7014857",371856,2025-10-14 17:20:02,43.132568359375,-8.46723079681396,"Unknown"
"7014857",371856,2025-10-14 17:25:03,43.1532287597656,-8.46325016021729,"Unknown"
"7014857",371856,2025-10-14 17:30:02,43.1715393066406,-8.43785095214844,"Unknown"
"7014857",371856,2025-10-14 17:35:09,43.1714820861816,-8.43772506713867,"Unknown"
"7014857",371856,2025-10-14 17:40:04,43.1714019775391,-8.43764495849609,"Unknown"
"7014857",371856,2025-10-14 17:45:14,43.1713676452637,-8.4377908706665,"Unknown"
"7014857",371856,2025-10-14 17:50:07,43.1713981628418,-8.43781280517578,"Unknown"
"7014857",371856,2025-10-14 17:55:09,43.1713905334473,-8.43776226043701,"Unknown"
"7014857",371856,2025-10-14 18:00:08,43.1714096069336,-8.4379243850708,"Unknown"
"7014857",371856,2025-10-14 18:05:02,43.1714820861816,-8.43789863586426,"Unknown"
"7014857",371856,2025-10-14 18:10:08,43.171085357666,-8.43797779083252,"Unknown"
"7014857",371856,2025-10-14 18:15:09,43.1714286804199,-8.43783378601074,"Unknown"
"7014857",371856,2025-10-14 18:20:04,43.1713218688965,-8.43784713745117,"Unknown"
"7014857",371856,2025-10-14 18:25:04,43.1715545654297,-8.43791770935059,"Unknown"
"7014857",371856,2025-10-14 18:30:35,43.1714134216309,-8.43789958953857,"Unknown"
"7014857",371856,2025-10-14 23:30:45,43.171630859375,-8.4383430480957,"Unknown"
"7014857",371856,2025-10-15 04:30:44,43.1713562011719,-8.43795394897461,"Unknown"
"7014857",371856,2025-10-15 05:12:23,43.1715316772461,-8.43789386749268,"Unknown"
"7014857",371856,2025-10-15 05:17:45,43.1714935302734,-8.43791198730469,"Unknown"
"7014857",371856,2025-10-15 05:22:20,43.1718406677246,-8.43800830841064,"Unknown"
"7014857",371856,2025-10-15 05:27:22,43.1718521118164,-8.43809413909912,"Unknown"
"7014857",371856,2025-10-15 05:32:53,43.171443939209,-8.43814754486084,"Unknown"
"7014857",371856,2025-10-15 05:37:17,43.1714744567871,-8.43824100494385,"Unknown"
"7014857",371856,2025-10-15 05:42:18,43.171516418457,-8.43825626373291,"Unknown"
"7014857",371856,2025-10-15 05:47:18,43.171443939209,-8.43826675415039,"Unknown"
"7014857",371856,2025-10-15 05:52:17,43.1714706420898,-8.43825149536133,"Unknown"
"7014857",371856,2025-10-15 05:57:18,43.1714210510254,-8.43806457519531,"Unknown"
"7014857",371856,2025-10-15 06:02:20,43.1713485717773,-8.43801116943359,"Unknown"
"7014857",371856,2025-10-15 06:07:20,43.1712760925293,-8.43837738037109,"Unknown"
"7014857",371856,2025-10-15 06:12:19,43.1715316772461,-8.43790721893311,"Unknown"
"7014857",371856,2025-10-15 06:17:17,43.1714782714844,-8.43812465667725,"Unknown"
"7014857",371856,2025-10-15 06:22:18,43.1714897155762,-8.43785190582275,"Unknown"
"7014857",371856,2025-10-15 06:27:18,43.1714782714844,-8.43829154968262,"Unknown"
"7014857",371856,2025-10-15 06:32:30,43.1715431213379,-8.43828582763672,"Unknown"
"7014857",371856,2025-10-15 06:37:19,43.1706428527832,-8.43861484527588,"Unknown"
"7014857",371856,2025-10-15 06:42:30,43.1706314086914,-8.43852996826172,"Unknown"
"7014857",371856,2025-10-15 06:47:18,43.1706047058105,-8.43829154968262,"Unknown"
"7014857",371856,2025-10-15 06:52:44,43.170654296875,-8.43854904174805,"Unknown"
"7014857",371856,2025-10-15 06:57:21,43.1705207824707,-8.43716526031494,"Unknown"
"7014857",371856,2025-10-15 07:02:21,43.1706123352051,-8.43814659118652,"Unknown"
"7014857",371856,2025-10-15 07:07:21,43.1706657409668,-8.43786907196045,"Unknown"
"7014857",371856,2025-10-15 07:12:20,43.1707153320312,-8.43889331817627,"Unknown"
"7014857",371856,2025-10-15 07:17:27,43.1706466674805,-8.4385814666748,"Unknown"
"7014857",371856,2025-10-15 07:22:18,43.1706848144531,-8.43852996826172,"Unknown"
"7014857",371856,2025-10-15 07:27:20,43.170654296875,-8.43838977813721,"Unknown"
"7014857",371856,2025-10-15 07:32:18,43.1695518493652,-8.43660926818848,"Unknown"
"7014857",371856,2025-10-15 07:37:21,43.1704978942871,-8.43803596496582,"Unknown"
"7014857",371856,2025-10-15 07:42:18,43.1704788208008,-8.43831253051758,"Unknown"
"7014857",371856,2025-10-15 07:47:45,43.1706504821777,-8.4383430480957,"Unknown"
"7014857",371856,2025-10-15 07:52:19,43.1706581115723,-8.43824195861816,"Unknown"
"7014857",371856,2025-10-15 07:57:30,43.1706581115723,-8.43836116790771,"Unknown"
"7014857",371856,2025-10-15 08:02:19,43.1704597473145,-8.43858051300049,"Unknown"
"7014857",371856,2025-10-15 08:07:39,43.1706504821777,-8.43825149536133,"Unknown"
"7014857",371856,2025-10-15 08:12:20,43.1704292297363,-8.43853282928467,"Unknown"
"7014857",371856,2025-10-15 08:17:19,43.1705741882324,-8.43869018554688,"Unknown"
"7014857",371856,2025-10-15 08:22:27,43.1684989929199,-8.45318412780762,"Unknown"
"7014857",371856,2025-10-15 08:27:18,43.145133972168,-8.46821784973145,"Unknown"
"7014857",371856,2025-10-15 08:32:53,43.1303672790527,-8.46945285797119,"Unknown"
"7014857",371856,2025-10-15 08:37:29,43.1303672790527,-8.46951675415039,"Unknown"
"7014857",371856,2025-10-15 08:42:44,43.1303787231445,-8.46954441070557,"Unknown"
"7014857",371856,2025-10-15 08:47:18,43.1305732727051,-8.47047996520996,"Unknown"
"7014857",371856,2025-10-15 08:52:18,43.1300659179688,-8.47070503234863,"Unknown"
"7014857",371856,2025-10-15 08:57:25,43.130012512207,-8.47083187103271,"Unknown"
"7014857",371856,2025-10-15 09:02:17,43.1299667358398,-8.47162246704102,"Unknown"
"7014857",371856,2025-10-15 09:07:17,43.1302223205566,-8.47172832489014,"Unknown"
"7014857",371856,2025-10-15 09:12:17,43.1303215026855,-8.47113132476807,"Unknown"
"7014857",371856,2025-10-15 09:17:19,43.1304054260254,-8.47123622894287,"Unknown"
"7014857",371856,2025-10-15 09:22:19,43.1303291320801,-8.47122764587402,"Unknown"
"7014857",371856,2025-10-15 09:27:18,43.130313873291,-8.47078990936279,"Unknown"
"7014857",371856,2025-10-15 09:32:53,43.1303558349609,-8.47115898132324,"Unknown"
"7014857",371856,2025-10-15 09:37:18,43.1303634643555,-8.47109603881836,"Unknown"
"7014857",371856,2025-10-15 09:42:17,43.1303367614746,-8.47117519378662,"Unknown"
"7014857",371856,2025-10-15 09:47:21,43.1303977966309,-8.47102546691895,"Unknown"
"7014857",371856,2025-10-15 09:52:18,43.1304969787598,-8.47086048126221,"Unknown"
"7014857",371856,2025-10-15 09:57:17,43.1306838989258,-8.47107982635498,"Unknown"
"7014857",371856,2025-10-15 10:02:21,43.1306076049805,-8.47103214263916,"Unknown"
"7014857",371856,2025-10-15 10:07:23,43.1305885314941,-8.47114372253418,"Unknown"
"7014857",371856,2025-10-15 10:12:18,43.1299438476562,-8.47092914581299,"Unknown"
"7014857",371856,2025-10-15 10:17:20,43.1299896240234,-8.4708423614502,"Unknown"
"7014857",371856,2025-10-15 10:22:17,43.1308441162109,-8.47209930419922,"Unknown"
"7014857",371856,2025-10-15 10:27:19,43.1305541992188,-8.47196388244629,"Unknown"
"7014857",371856,2025-10-15 10:32:20,43.1307678222656,-8.47218418121338,"Unknown"
"7014857",371856,2025-10-15 10:37:18,43.1303291320801,-8.47142601013184,"Unknown"
"7014857",371856,2025-10-15 10:42:29,43.13037109375,-8.47110748291016,"Unknown"
"7014857",371856,2025-10-15 10:47:18,43.1305809020996,-8.47096157073975,"Unknown"
"7014857",371856,2025-10-15 10:52:20,43.1304702758789,-8.47118473052979,"Unknown"
"7014857",371856,2025-10-15 10:57:18,43.1304817199707,-8.47120666503906,"Unknown"
"7014857",371856,2025-10-15 11:02:19,43.1303825378418,-8.47110843658447,"Unknown"
"7014857",371856,2025-10-15 11:07:19,43.1304626464844,-8.47130393981934,"Unknown"
"7014857",371856,2025-10-15 11:12:21,43.1311531066895,-8.47254371643066,"Unknown"
"7014857",371856,2025-10-15 11:17:31,43.1253967285156,-8.47806072235107,"Unknown"
"7014857",371856,2025-10-15 11:22:44,43.1011047363281,-8.4992208480835,"Unknown"
"7014857",371856,2025-10-15 11:27:20,43.1010437011719,-8.49932956695557,"Unknown"
"7014857",371856,2025-10-15 11:32:20,43.101016998291,-8.49935245513916,"Unknown"
"7014857",371856,2025-10-15 11:37:21,43.101131439209,-8.49936199188232,"Unknown"
"7014857",371856,2025-10-15 11:42:21,43.101432800293,-8.49987888336182,"Unknown"
"7014857",371856,2025-10-15 11:47:44,43.1014747619629,-8.49973201751709,"Unknown"
"7014857",371856,2025-10-15 11:52:20,43.1016807556152,-8.49999809265137,"Unknown"
"7014857",371856,2025-10-15 11:57:18,43.101806640625,-8.50005722045898,"Unknown"
"7014857",371856,2025-10-15 12:02:17,43.1020164489746,-8.50035381317139,"Unknown"
"7014857",371856,2025-10-15 12:07:21,43.1021919250488,-8.50044441223145,"Unknown"
"7014857",371856,2025-10-15 12:12:18,43.1023216247559,-8.50058460235596,"Unknown"
"7014857",371856,2025-10-15 12:17:21,43.102294921875,-8.50102710723877,"Unknown"
"7014857",371856,2025-10-15 12:22:19,43.1023864746094,-8.50105857849121,"Unknown"
"7014857",371856,2025-10-15 12:27:20,43.1023635864258,-8.50078296661377,"Unknown"
"7014857",371856,2025-10-15 12:32:53,43.1025543212891,-8.50098037719727,"Unknown"
"7014857",371856,2025-10-15 12:37:17,43.1025390625,-8.5009708404541,"Unknown"
"7014857",371856,2025-10-15 12:42:17,43.1023864746094,-8.50095844268799,"Unknown"
"7014857",371856,2025-10-15 12:47:19,43.1021499633789,-8.50087928771973,"Unknown"
"7014857",371856,2025-10-15 12:52:22,43.102123260498,-8.50093555450439,"Unknown"
"7014857",371856,2025-10-15 12:57:17,43.102237701416,-8.50091075897217,"Unknown"
"7014857",371856,2025-10-15 13:02:17,43.1028099060059,-8.49805545806885,"Unknown"
"7014857",371856,2025-10-15 13:07:18,43.1036262512207,-8.4965181350708,"Unknown"
"7014857",371856,2025-10-15 13:12:17,43.1026382446289,-8.5015230178833,"Unknown"
"7014857",371856,2025-10-15 13:17:17,43.1028709411621,-8.50165367126465,"Unknown"
"7014857",371856,2025-10-15 13:22:21,43.1029281616211,-8.5012731552124,"Unknown"
"7014857",371856,2025-10-15 13:27:17,43.1029853820801,-8.50096702575684,"Unknown"
"7014857",371856,2025-10-15 13:32:30,43.103157043457,-8.50091457366943,"Unknown"
"7014857",371856,2025-10-15 13:37:25,43.1032829284668,-8.50084781646729,"Unknown"
"7014857",371856,2025-10-15 13:42:32,43.103099822998,-8.5009126663208,"Unknown"
"7014857",371856,2025-10-15 13:47:24,43.1035461425781,-8.5017728805542,"Unknown"
"7014857",371856,2025-10-15 13:52:30,43.1030044555664,-8.50082969665527,"Unknown"
"7014857",371856,2025-10-15 13:57:30,43.1032180786133,-8.50100612640381,"Unknown"
"7014857",371856,2025-10-15 14:02:59,43.1033973693848,-8.50127601623535,"Unknown"
"7014857",371856,2025-10-15 14:07:18,43.1035537719727,-8.50148296356201,"Unknown"
"7014857",371856,2025-10-15 14:12:25,43.1036071777344,-8.5014820098877,"Unknown"
"7014857",371856,2025-10-15 14:17:18,43.1005249023438,-8.49759578704834,"Unknown"
"7014857",371856,2025-10-15 14:22:30,43.1005210876465,-8.49752712249756,"Unknown"
"7014857",371856,2025-10-15 14:27:22,43.1004219055176,-8.49737167358398,"Unknown"
"7014857",371856,2025-10-15 14:32:27,43.100528717041,-8.49742698669434,"Unknown"
"7014857",371856,2025-10-15 14:37:21,43.1005859375,-8.49755191802979,"Unknown"
"7014857",371856,2025-10-15 14:42:53,43.1003532409668,-8.49732971191406,"Unknown"
"7014857",371856,2025-10-15 14:47:17,43.1084747314453,-8.48854541778564,"Unknown"
"7014857",371856,2025-10-15 14:52:18,43.1125259399414,-8.48179340362549,"Unknown"
"7014857",371856,2025-10-15 14:57:17,43.1305274963379,-8.4698371887207,"Unknown"
"7014857",371856,2025-10-15 15:02:17,43.1303482055664,-8.47126865386963,"Unknown"
"7014857",371856,2025-10-15 15:07:17,43.1302833557129,-8.47138118743896,"Unknown"
"7014857",371856,2025-10-15 15:12:17,43.1302604675293,-8.47140026092529,"Unknown"
"7014857",371856,2025-10-15 15:17:17,43.1296844482422,-8.47101783752441,"Unknown"
"7014857",371856,2025-10-15 15:22:17,43.1297760009766,-8.47091102600098,"Unknown"
"7014857",371856,2025-10-15 15:27:18,43.129711151123,-8.4707612991333,"Unknown"
"7014857",371856,2025-10-15 15:32:17,43.1297569274902,-8.47077655792236,"Unknown"
"7014857",371856,2025-10-15 15:37:18,43.1297645568848,-8.47075271606445,"Unknown"
"7014857",371856,2025-10-15 15:42:17,43.1297798156738,-8.47074890136719,"Unknown"
"7014857",371856,2025-10-15 15:47:20,43.1298217773438,-8.4707088470459,"Unknown"
"7014857",371856,2025-10-15 15:52:18,43.1297836303711,-8.47075080871582,"Unknown"
"7014857",371856,2025-10-15 15:57:17,43.1298561096191,-8.47062301635742,"Unknown"
"7014857",371856,2025-10-15 16:02:18,43.129810333252,-8.47062110900879,"Unknown"
"7014857",371856,2025-10-15 16:07:17,43.1298561096191,-8.47064208984375,"Unknown"
"7014857",371856,2025-10-15 16:12:18,43.1298332214355,-8.47060012817383,"Unknown"
"7014857",371856,2025-10-15 16:17:20,43.129940032959,-8.47054290771484,"Unknown"
"7014857",371856,2025-10-15 16:22:19,43.1299285888672,-8.47059535980225,"Unknown"
"7014857",371856,2025-10-15 16:27:25,43.130126953125,-8.47061729431152,"Unknown"
"7014857",371856,2025-10-15 16:32:20,43.1299247741699,-8.47054958343506,"Unknown"
"7014857",371856,2025-10-15 16:37:25,43.1300773620605,-8.47053813934326,"Unknown"
"7014857",371856,2025-10-15 16:42:21,43.1301002502441,-8.47056293487549,"Unknown"
"7014857",371856,2025-10-15 16:47:41,43.1301498413086,-8.47035598754883,"Unknown"
"7014857",371856,2025-10-15 16:52:21,43.1301612854004,-8.47043228149414,"Unknown"
"7014857",371856,2025-10-15 16:57:45,43.1302833557129,-8.47054576873779,"Unknown"
"7014857",371856,2025-10-15 17:02:23,43.1299781799316,-8.47006225585938,"Unknown"
"7014857",371856,2025-10-15 17:07:18,43.1302032470703,-8.4705171585083,"Unknown"
"7014857",371856,2025-10-15 17:12:30,43.1301612854004,-8.47068977355957,"Unknown"
"7014857",371856,2025-10-15 17:17:20,43.1301193237305,-8.47049808502197,"Unknown"
"7014857",371856,2025-10-15 17:22:21,43.1303825378418,-8.47061061859131,"Unknown"
"7014857",371856,2025-10-15 17:27:21,43.130615234375,-8.47037315368652,"Unknown"
"7014857",371856,2025-10-15 17:32:44,43.1324806213379,-8.46829986572266,"Unknown"
"7014857",371856,2025-10-15 17:37:21,43.1323013305664,-8.46782112121582,"Unknown"
"7014857",371856,2025-10-15 17:42:25,43.1326789855957,-8.46784496307373,"Unknown"
"7014857",371856,2025-10-15 17:47:21,43.1305236816406,-8.4715747833252,"Unknown"
"7014857",371856,2025-10-15 17:52:50,43.1505813598633,-8.45543098449707,"Unknown"
"7014857",371856,2025-10-15 17:57:17,43.1711349487305,-8.43832302093506,"Unknown"
"7014857",371856,2025-10-15 18:02:18,43.1717720031738,-8.43730163574219,"Unknown"
"7014857",371856,2025-10-15 18:07:19,43.1715316772461,-8.43808174133301,"Unknown"
"7014857",371856,2025-10-15 18:12:17,43.17138671875,-8.43794250488281,"Unknown"
"7014857",371856,2025-10-15 18:17:18,43.1711540222168,-8.43750381469727,"Unknown"
"7014857",371856,2025-10-15 18:22:20,43.1714897155762,-8.43791770935059,"Unknown"
"7014857",371856,2025-10-15 18:28:42,43.1712913513184,-8.43787288665771,"Unknown"
"7014857",371856,2025-10-15 23:29:15,43.1714820861816,-8.43876075744629,"Unknown"
"7014857",371856,2025-10-16 04:29:06,43.1713752746582,-8.44049549102783,"Unknown"
"7014857",371856,2025-10-16 05:13:46,43.1712799072266,-8.44037437438965,"Unknown"
"7014857",371856,2025-10-16 05:18:46,43.1712684631348,-8.44043445587158,"Unknown"
"7014857",371856,2025-10-16 05:23:45,43.1711463928223,-8.4404354095459,"Unknown"
"7014857",371856,2025-10-16 05:28:45,43.1713485717773,-8.44036388397217,"Unknown"
"7014857",371856,2025-10-16 05:33:46,43.1715278625488,-8.4403600692749,"Unknown"
"7014857",371856,2025-10-16 05:38:47,43.1714477539062,-8.44043445587158,"Unknown"
"7014857",371856,2025-10-16 05:43:45,43.1714630126953,-8.44042587280273,"Unknown"
"7014857",371856,2025-10-16 05:48:48,43.1714515686035,-8.44041538238525,"Unknown"
"7014857",371856,2025-10-16 05:53:46,43.1715087890625,-8.44045257568359,"Unknown"
"7014857",371856,2025-10-16 05:58:45,43.1714935302734,-8.44048976898193,"Unknown"
"7014857",371856,2025-10-16 06:04:05,43.1714782714844,-8.44045829772949,"Unknown"
"7014857",371856,2025-10-16 06:08:45,43.1715431213379,-8.4404296875,"Unknown"
"7014857",371856,2025-10-16 06:13:45,43.1715126037598,-8.44039821624756,"Unknown"
"7014857",371856,2025-10-16 06:18:45,43.1715126037598,-8.44044589996338,"Unknown"
"7014857",371856,2025-10-16 06:23:45,43.1714363098145,-8.44046878814697,"Unknown"
"7014857",371856,2025-10-16 06:28:46,43.1714935302734,-8.44050693511963,"Unknown"
"7014857",371856,2025-10-16 06:33:46,43.1715316772461,-8.44046688079834,"Unknown"
"7014857",371856,2025-10-16 06:38:45,43.1715469360352,-8.44052505493164,"Unknown"
"7014857",371856,2025-10-16 06:43:45,43.171501159668,-8.44052696228027,"Unknown"
"7014857",371856,2025-10-16 06:48:50,43.1714820861816,-8.4404764175415,"Unknown"
"7014857",371856,2025-10-16 06:53:46,43.1714744567871,-8.44053936004639,"Unknown"
"7014857",371856,2025-10-16 06:58:46,43.1715202331543,-8.43862342834473,"Unknown"
"7014857",371856,2025-10-16 07:03:47,43.1705780029297,-8.43847370147705,"Unknown"
"7014857",371856,2025-10-16 07:08:45,43.1706657409668,-8.43848705291748,"Unknown"
"7014857",371856,2025-10-16 07:13:45,43.1706428527832,-8.43849182128906,"Unknown"
"7014857",371856,2025-10-16 07:18:45,43.170524597168,-8.43853855133057,"Unknown"
"7014857",371856,2025-10-16 07:23:45,43.1706848144531,-8.4385290145874,"Unknown"
"7014857",371856,2025-10-16 07:28:45,43.1706085205078,-8.43851661682129,"Unknown"
"7014857",371856,2025-10-16 07:33:46,43.1706237792969,-8.4385290145874,"Unknown"
"7014857",371856,2025-10-16 07:38:48,43.170711517334,-8.43854141235352,"Unknown"
"7014857",371856,2025-10-16 07:43:48,43.1707153320312,-8.43852996826172,"Unknown"
"7014857",371856,2025-10-16 07:48:45,43.1706809997559,-8.4385404586792,"Unknown"
"7014857",371856,2025-10-16 07:53:48,43.1707725524902,-8.43869781494141,"Unknown"
"7014857",371856,2025-10-16 07:58:49,43.1708106994629,-8.43870544433594,"Unknown"
"7014857",371856,2025-10-16 08:04:03,43.1707038879395,-8.4385461807251,"Unknown"
"7014857",371856,2025-10-16 08:08:45,43.1707077026367,-8.4384593963623,"Unknown"
"7014857",371856,2025-10-16 08:13:45,43.1707611083984,-8.43850612640381,"Unknown"
"7014857",371856,2025-10-16 08:18:47,43.171257019043,-8.44499206542969,"Unknown"
"7014857",371856,2025-10-16 08:23:47,43.1711883544922,-8.44505023956299,"Unknown"
"7014857",371856,2025-10-16 08:28:49,43.1712074279785,-8.44502544403076,"Unknown"
"7014857",371856,2025-10-16 08:33:45,43.1711807250977,-8.44509696960449,"Unknown"
"7014857",371856,2025-10-16 08:38:45,43.1712608337402,-8.44508838653564,"Unknown"
"7014857",371856,2025-10-16 08:43:46,43.1713333129883,-8.44514942169189,"Unknown"
"7014857",371856,2025-10-16 08:48:48,43.171215057373,-8.44515228271484,"Unknown"
"7014857",371856,2025-10-16 08:53:45,43.1710968017578,-8.4452600479126,"Unknown"
"7014857",371856,2025-10-16 08:58:45,43.171085357666,-8.4452428817749,"Unknown"
"7014857",371856,2025-10-16 09:03:45,43.1711349487305,-8.44525718688965,"Unknown"
"7014857",371856,2025-10-16 09:08:45,43.1711311340332,-8.4452543258667,"Unknown"
"7014857",371856,2025-10-16 09:13:45,43.1710815429688,-8.4452486038208,"Unknown"
"7014857",371856,2025-10-16 09:18:50,43.1710777282715,-8.44516468048096,"Unknown"
"7014857",371856,2025-10-16 09:23:45,43.1711463928223,-8.44526672363281,"Unknown"
"7014857",371856,2025-10-16 09:28:48,43.1712036132812,-8.44541358947754,"Unknown"
"7014857",371856,2025-10-16 09:33:47,43.1711463928223,-8.44539451599121,"Unknown"
"7014857",371856,2025-10-16 09:39:05,43.1710624694824,-8.44530487060547,"Unknown"
"7014857",371856,2025-10-16 09:43:46,43.1711235046387,-8.44528675079346,"Unknown"
"7014857",371856,2025-10-16 09:48:45,43.1710357666016,-8.44528198242188,"Unknown"
"7014857",371856,2025-10-16 09:53:46,43.1710624694824,-8.44530773162842,"Unknown"
"7014857",371856,2025-10-16 09:58:45,43.1710739135742,-8.44530963897705,"Unknown"
"7014857",371856,2025-10-16 10:03:46,43.171085357666,-8.44530296325684,"Unknown"
"7014857",371856,2025-10-16 10:08:46,43.1719970703125,-8.4440393447876,"Unknown"
"7014857",371856,2025-10-16 10:13:46,43.172046661377,-8.44400119781494,"Unknown"
"7014857",371856,2025-10-16 10:18:46,43.172046661377,-8.44395923614502,"Unknown"
"7014857",371856,2025-10-16 10:23:46,43.1722373962402,-8.44413948059082,"Unknown"
"7014857",371856,2025-10-16 10:28:47,43.1721229553223,-8.44424057006836,"Unknown"
"7014857",371856,2025-10-16 10:33:46,43.1721458435059,-8.44417095184326,"Unknown"
"7014857",371856,2025-10-16 10:38:47,43.1721382141113,-8.44420909881592,"Unknown"
"7014857",371856,2025-10-16 10:43:48,43.1721534729004,-8.44416999816895,"Unknown"
"7014857",371856,2025-10-16 10:48:49,43.172004699707,-8.44419765472412,"Unknown"
"7014857",371856,2025-10-16 10:53:48,43.1720657348633,-8.44414901733398,"Unknown"
"7014857",371856,2025-10-16 10:58:48,43.1720314025879,-8.44409847259521,"Unknown"
"7014857",371856,2025-10-16 11:03:48,43.1720428466797,-8.44409656524658,"Unknown"
"7014857",371856,2025-10-16 11:08:47,43.1720504760742,-8.44417285919189,"Unknown"
"7014857",371856,2025-10-16 11:13:46,43.1720352172852,-8.44409561157227,"Unknown"
"7014857",371856,2025-10-16 11:18:48,43.1720123291016,-8.44409942626953,"Unknown"
"7014857",371856,2025-10-16 11:23:49,43.1721153259277,-8.44428730010986,"Unknown"
"7014857",371856,2025-10-16 11:28:50,43.172176361084,-8.44437026977539,"Unknown"
"7014857",371856,2025-10-16 11:33:52,43.1721572875977,-8.4443187713623,"Unknown"
"7014857",371856,2025-10-16 11:38:55,43.1721649169922,-8.44432926177979,"Unknown"
"7014857",371856,2025-10-16 11:43:49,43.1720085144043,-8.44406509399414,"Unknown"
"7014857",371856,2025-10-16 11:48:59,43.1721839904785,-8.44415283203125,"Unknown"
"7014857",371856,2025-10-16 11:53:58,43.1719703674316,-8.44425392150879,"Unknown"
"7014857",371856,2025-10-16 11:58:55,43.1721687316895,-8.44423580169678,"Unknown"
"7014857",371856,2025-10-16 12:03:55,43.1722793579102,-8.44425487518311,"Unknown"
"7014857",371856,2025-10-16 12:09:05,43.1719970703125,-8.44398307800293,"Unknown"
"7014857",371856,2025-10-16 12:13:46,43.171875,-8.44399547576904,"Unknown"
"7014857",371856,2025-10-16 12:18:45,43.1718406677246,-8.44396591186523,"Unknown"
"7014857",371856,2025-10-16 12:24:35,43.1718788146973,-8.44397258758545,"Unknown"
"7014857",371856,2025-10-16 12:28:45,43.1719055175781,-8.44396305084229,"Unknown"
"7014857",371856,2025-10-16 12:33:45,43.1718940734863,-8.4439697265625,"Unknown"
"7014857",371856,2025-10-16 12:38:46,43.1718711853027,-8.44400691986084,"Unknown"
"7014857",371856,2025-10-16 12:43:45,43.1718788146973,-8.44389915466309,"Unknown"
"7014857",371856,2025-10-16 12:48:45,43.1719703674316,-8.44393062591553,"Unknown"
"7014857",371856,2025-10-16 12:53:50,43.1719207763672,-8.44393253326416,"Unknown"
"7014857",371856,2025-10-16 12:58:54,43.1719055175781,-8.44394016265869,"Unknown"
"7014857",371856,2025-10-16 13:03:46,43.1719017028809,-8.44392204284668,"Unknown"
"7014857",371856,2025-10-16 13:08:46,43.171817779541,-8.44397068023682,"Unknown"
"7014857",371856,2025-10-16 13:14:14,43.1718482971191,-8.44393157958984,"Unknown"
"7014857",371856,2025-10-16 13:18:56,43.1718826293945,-8.44392204284668,"Unknown"
"7014857",371856,2025-10-16 13:23:46,43.171989440918,-8.44398403167725,"Unknown"
"7014857",371856,2025-10-16 13:28:46,43.1720008850098,-8.44392490386963,"Unknown"
"7014857",371856,2025-10-16 13:33:46,43.1720275878906,-8.44391822814941,"Unknown"
"7014857",371856,2025-10-16 13:38:46,43.172004699707,-8.4439525604248,"Unknown"
"7014857",371856,2025-10-16 13:43:47,43.1719779968262,-8.44396114349365,"Unknown"
"7014857",371856,2025-10-16 13:48:50,43.1719093322754,-8.44392681121826,"Unknown"
"7014857",371856,2025-10-16 13:53:45,43.1720161437988,-8.44401741027832,"Unknown"
"7014857",371856,2025-10-16 13:58:48,43.1718711853027,-8.44388580322266,"Unknown"
"7014857",371856,2025-10-16 14:03:46,43.171817779541,-8.44379711151123,"Unknown"
"7014857",371856,2025-10-16 14:08:46,43.1719055175781,-8.44347476959229,"Unknown"
"7014857",371856,2025-10-16 14:13:46,43.1717758178711,-8.44383430480957,"Unknown"
"7014857",371856,2025-10-16 14:18:46,43.1719245910645,-8.44386100769043,"Unknown"
"7014857",371856,2025-10-16 14:23:47,43.1719436645508,-8.44349670410156,"Unknown"
"7014857",371856,2025-10-16 14:28:46,43.1718673706055,-8.4439058303833,"Unknown"
"7014857",371856,2025-10-16 14:33:47,43.1718826293945,-8.4444055557251,"Unknown"
"7014857",371856,2025-10-16 14:38:46,43.1718521118164,-8.44376277923584,"Unknown"
"7014857",371856,2025-10-16 14:43:46,43.1718711853027,-8.44390773773193,"Unknown"
"7014857",371856,2025-10-16 14:48:58,43.1719436645508,-8.44399738311768,"Unknown"
"7014857",371856,2025-10-16 14:53:46,43.171875,-8.44386577606201,"Unknown"
"7014857",371856,2025-10-16 14:58:49,43.1719093322754,-8.4438591003418,"Unknown"
"7014857",371856,2025-10-16 15:03:48,43.1720504760742,-8.44287967681885,"Unknown"
"7014857",371856,2025-10-16 15:08:57,43.1719398498535,-8.44392395019531,"Unknown"
"7014857",371856,2025-10-16 15:13:47,43.1719589233398,-8.44285106658936,"Unknown"
"7014857",371856,2025-10-16 15:18:54,43.1719512939453,-8.44381332397461,"Unknown"
"7014857",371856,2025-10-16 15:23:46,43.1720237731934,-8.44345188140869,"Unknown"
"7014857",371856,2025-10-16 15:28:46,43.1720085144043,-8.443434715271,"Unknown"
"7014857",371856,2025-10-16 15:33:56,43.1720428466797,-8.44336414337158,"Unknown"
"7014857",371856,2025-10-16 15:38:47,43.1720542907715,-8.44358158111572,"Unknown"
"7014857",371856,2025-10-16 15:44:03,43.1720275878906,-8.44338321685791,"Unknown"
"7014857",371856,2025-10-16 15:48:46,43.172004699707,-8.44341468811035,"Unknown"
"7014857",371856,2025-10-16 15:53:45,43.1719741821289,-8.44341564178467,"Unknown"
"7014857",371856,2025-10-16 15:59:14,43.1720695495605,-8.44338703155518,"Unknown"
"7014857",371856,2025-10-16 16:03:47,43.1719932556152,-8.44343852996826,"Unknown"
"7014857",371856,2025-10-16 16:08:50,43.1720008850098,-8.44338893890381,"Unknown"
"7014857",371856,2025-10-16 16:13:50,43.1724739074707,-8.44339561462402,"Unknown"
"7014857",371856,2025-10-16 16:18:53,43.1724128723145,-8.44338798522949,"Unknown"
"7014857",371856,2025-10-16 16:23:54,43.1724739074707,-8.44332027435303,"Unknown"
"7014857",371856,2025-10-16 16:29:14,43.1802368164062,-8.43510055541992,"Unknown"
"7014857",371856,2025-10-16 16:33:48,43.1918182373047,-8.4235143661499,"Unknown"
"7014857",371856,2025-10-16 16:39:05,43.1923027038574,-8.42331218719482,"Unknown"
"7014857",371856,2025-10-16 16:43:46,43.1975212097168,-8.42419338226318,"Unknown"
"7014857",371856,2025-10-16 16:48:48,43.1988906860352,-8.4245777130127,"Unknown"
"7014857",371856,2025-10-16 16:54:04,43.2168312072754,-8.45164012908936,"Unknown"
"7014857",371856,2025-10-16 16:58:53,43.2442855834961,-8.45839691162109,"Unknown"
"7014857",371856,2025-10-16 17:04:14,43.2752990722656,-8.44363689422607,"Unknown"
"7014857",371856,2025-10-16 17:08:45,43.3046913146973,-8.43876361846924,"Unknown"
"7014857",371856,2025-10-16 17:13:45,43.3384704589844,-8.42700958251953,"Unknown"
"7014857",371856,2025-10-16 17:18:47,43.3658790588379,-8.40378570556641,"Unknown"
"7014857",371856,2025-10-16 17:23:50,43.3674163818359,-8.40022754669189,"Unknown"
"7014857",371856,2025-10-16 17:28:45,43.3672714233398,-8.40019512176514,"Unknown"
"7014857",371856,2025-10-16 17:33:56,43.3675270080566,-8.40023517608643,"Unknown"
"7014857",371856,2025-10-16 17:38:47,43.3672485351562,-8.40021705627441,"Unknown"
"7014857",371856,2025-10-16 17:43:55,43.3676948547363,-8.40033626556396,"Unknown"
"7014857",371856,2025-10-16 17:49:15,43.3675994873047,-8.40023708343506,"Unknown"
"7014857",371856,2025-10-16 17:53:46,43.36767578125,-8.40031337738037,"Unknown"
"7014857",371856,2025-10-16 17:58:45,43.3677024841309,-8.40033721923828,"Unknown"
"7014857",371856,2025-10-16 18:03:50,43.3671722412109,-8.40021514892578,"Unknown"
"7014857",371856,2025-10-16 18:08:48,43.367374420166,-8.4002513885498,"Unknown"
"7014857",371856,2025-10-16 18:13:56,43.3667678833008,-8.40011596679688,"Unknown"
"7014857",371856,2025-10-16 18:18:48,43.3671722412109,-8.39845848083496,"Unknown"
"7014857",371856,2025-10-16 18:23:56,43.3671951293945,-8.39731788635254,"Unknown"
"7014857",371856,2025-10-16 18:26:49,43.3671073913574,-8.39760589599609,"Unknown"
"7014857",371856,2025-10-16 23:27:07,43.3670845031738,-8.39815616607666,"Unknown"
"7014857",371856,2025-10-17 04:27:05,43.3602905273438,-8.40259456634521,"Unknown"
"7014857",371856,2025-10-17 05:15:05,43.3603057861328,-8.40256023406982,"Unknown"
"7014857",371856,2025-10-17 05:19:33,43.3602981567383,-8.40256214141846,"Unknown"
"7014857",371856,2025-10-17 05:24:32,43.3602714538574,-8.40259170532227,"Unknown"
"7014857",371856,2025-10-17 05:29:32,43.3603134155273,-8.40264320373535,"Unknown"
"7014857",371856,2025-10-17 05:34:32,43.3602981567383,-8.40260791778564,"Unknown"
"7014857",371856,2025-10-17 05:39:32,43.3602638244629,-8.40255451202393,"Unknown"
"7014857",371856,2025-10-17 05:44:32,43.3602676391602,-8.40269374847412,"Unknown"
"7014857",371856,2025-10-17 05:49:34,43.3585891723633,-8.40500354766846,"Unknown"
"7014857",371856,2025-10-17 05:54:33,43.3602867126465,-8.40267848968506,"Unknown"
"7014857",371856,2025-10-17 05:59:33,43.3602027893066,-8.40264701843262,"Unknown"
"7014857",371856,2025-10-17 06:04:32,43.3602714538574,-8.40264987945557,"Unknown"
"7014857",371856,2025-10-17 06:09:33,43.3602409362793,-8.40257549285889,"Unknown"
"7014857",371856,2025-10-17 06:14:32,43.3602561950684,-8.40262603759766,"Unknown"
"7014857",371856,2025-10-17 06:19:33,43.3602523803711,-8.40266036987305,"Unknown"
"7014857",371856,2025-10-17 06:24:33,43.360279083252,-8.40264701843262,"Unknown"
"7014857",371856,2025-10-17 06:29:32,43.3603210449219,-8.40267562866211,"Unknown"
"7014857",371856,2025-10-17 06:34:32,43.3602333068848,-8.4026985168457,"Unknown"
"7014857",371856,2025-10-17 06:39:32,43.3602485656738,-8.402663230896,"Unknown"
"7014857",371856,2025-10-17 06:44:33,43.3610572814941,-8.40338611602783,"Unknown"
"7014857",371856,2025-10-17 06:49:35,43.3610191345215,-8.40337371826172,"Unknown"
"7014857",371856,2025-10-17 06:54:32,43.3609886169434,-8.40339660644531,"Unknown"
"7014857",371856,2025-10-17 06:59:32,43.3609962463379,-8.40342044830322,"Unknown"
"7014857",371856,2025-10-17 07:04:32,43.3610649108887,-8.40335464477539,"Unknown"
"7014857",371856,2025-10-17 07:09:33,43.360969543457,-8.40335464477539,"Unknown"
"7014857",371856,2025-10-17 07:14:32,43.3609886169434,-8.40332794189453,"Unknown"
"7014857",371856,2025-10-17 07:19:32,43.3605918884277,-8.40311717987061,"Unknown"
"7014857",371856,2025-10-17 07:24:33,43.3601226806641,-8.40269184112549,"Unknown"
"7014857",371856,2025-10-17 07:29:40,43.3600463867188,-8.40322780609131,"Unknown"
"7014857",371856,2025-10-17 07:34:32,43.3608665466309,-8.40322399139404,"Unknown"
"7014857",371856,2025-10-17 07:39:35,43.3608474731445,-8.40315246582031,"Unknown"
"7014857",371856,2025-10-17 07:45:06,43.3610076904297,-8.40334033966064,"Unknown"
"7014857",371856,2025-10-17 07:49:33,43.3610954284668,-8.40343952178955,"Unknown"
"7014857",371856,2025-10-17 07:54:37,43.3610496520996,-8.40340614318848,"Unknown"
"7014857",371856,2025-10-17 07:59:35,43.3610496520996,-8.40356922149658,"Unknown"
"7014857",371856,2025-10-17 08:04:33,43.3610916137695,-8.40320301055908,"Unknown"
"7014857",371856,2025-10-17 08:09:36,43.3610534667969,-8.40349578857422,"Unknown"
"7014857",371856,2025-10-17 08:14:34,43.3611068725586,-8.4035005569458,"Unknown"
"7014857",371856,2025-10-17 08:19:33,43.361141204834,-8.40353870391846,"Unknown"
"7014857",371856,2025-10-17 08:24:33,43.3610877990723,-8.40354442596436,"Unknown"
"7014857",371856,2025-10-17 08:29:36,43.3610610961914,-8.4034481048584,"Unknown"
"7014857",371856,2025-10-17 08:34:33,43.3477973937988,-8.40623950958252,"Unknown"
"7014857",371856,2025-10-17 08:39:35,43.3481254577637,-8.4065408706665,"Unknown"
"7014857",371856,2025-10-17 08:44:40,43.3480949401855,-8.40579319000244,"Unknown"
"7014857",371856,2025-10-17 08:49:36,43.3479995727539,-8.40616893768311,"Unknown"
"7014857",371856,2025-10-17 08:54:35,43.3479843139648,-8.40570163726807,"Unknown"
"7014857",371856,2025-10-17 08:59:35,43.3480529785156,-8.40549659729004,"Unknown"
"7014857",371856,2025-10-17 09:04:35,43.3479766845703,-8.40588665008545,"Unknown"
"7014857",371856,2025-10-17 09:09:34,43.3479537963867,-8.40587520599365,"Unknown"
"7014857",371856,2025-10-17 09:14:33,43.3479194641113,-8.40592002868652,"Unknown"
"7014857",371856,2025-10-17 09:19:34,43.3480339050293,-8.40580749511719,"Unknown"
"7014857",371856,2025-10-17 09:24:35,43.3480949401855,-8.40576076507568,"Unknown"
"7014857",371856,2025-10-17 09:29:35,43.3482780456543,-8.40553283691406,"Unknown"
"7014857",371856,2025-10-17 09:34:35,43.3480949401855,-8.40572071075439,"Unknown"
"7014857",371856,2025-10-17 09:39:47,43.3480072021484,-8.40580463409424,"Unknown"
"7014857",371856,2025-10-17 09:44:36,43.3481063842773,-8.40597915649414,"Unknown"
"7014857",371856,2025-10-17 09:49:46,43.3482131958008,-8.40570449829102,"Unknown"
"7014857",371856,2025-10-17 09:54:39,43.3480987548828,-8.40575504302979,"Unknown"
"7014857",371856,2025-10-17 09:59:37,43.3481483459473,-8.40594863891602,"Unknown"
"7014857",371856,2025-10-17 10:04:36,43.3479347229004,-8.4058256149292,"Unknown"
"7014857",371856,2025-10-17 10:09:36,43.3479499816895,-8.40587139129639,"Unknown"
"7014857",371856,2025-10-17 10:14:36,43.3478889465332,-8.40585327148438,"Unknown"
"7014857",371856,2025-10-17 10:19:38,43.3479614257812,-8.40577507019043,"Unknown"
"7014857",371856,2025-10-17 10:24:39,43.3475189208984,-8.40583801269531,"Unknown"
"7014857",371856,2025-10-17 10:29:35,43.3480186462402,-8.40610694885254,"Unknown"
"7014857",371856,2025-10-17 10:34:33,43.3479843139648,-8.40604591369629,"Unknown"
"7014857",371856,2025-10-17 10:39:35,43.3481178283691,-8.40595245361328,"Unknown"
"7014857",371856,2025-10-17 10:44:38,43.3480339050293,-8.40598392486572,"Unknown"
"7014857",371856,2025-10-17 10:49:35,43.3481101989746,-8.40598773956299,"Unknown"
"7014857",371856,2025-10-17 10:54:33,43.3481864929199,-8.4060697555542,"Unknown"
"7014857",371856,2025-10-17 10:59:42,43.348087310791,-8.40605926513672,"Unknown"
"7014857",371856,2025-10-17 11:04:35,43.3472862243652,-8.4050874710083,"Unknown"
"7014857",371856,2025-10-17 11:09:37,43.3479919433594,-8.40582942962646,"Unknown"
"7014857",371856,2025-10-17 11:14:37,43.348258972168,-8.40581321716309,"Unknown"
"7014857",371856,2025-10-17 11:19:33,43.3480377197266,-8.40595626831055,"Unknown"
"7014857",371856,2025-10-17 11:24:34,43.3478775024414,-8.40608501434326,"Unknown"
"7014857",371856,2025-10-17 11:29:34,43.347957611084,-8.40612506866455,"Unknown"
"7014857",371856,2025-10-17 11:34:34,43.3512229919434,-8.40786361694336,"Unknown"
"7014857",371856,2025-10-17 11:39:35,43.3514099121094,-8.41120624542236,"Unknown"
"7014857",371856,2025-10-17 11:44:35,43.3526840209961,-8.41009426116943,"Unknown"
"7014857",371856,2025-10-17 11:49:34,43.3517570495605,-8.41111850738525,"Unknown"
"7014857",371856,2025-10-17 11:54:36,43.3517990112305,-8.41091537475586,"Unknown"
"7014857",371856,2025-10-17 11:59:36,43.3524513244629,-8.41046142578125,"Unknown"
"7014857",371856,2025-10-17 12:04:34,43.3523368835449,-8.41040515899658,"Unknown"
"7014857",371856,2025-10-17 12:09:34,43.3522911071777,-8.41041088104248,"Unknown"
"7014857",371856,2025-10-17 12:14:34,43.3524055480957,-8.41025543212891,"Unknown"
"7014857",371856,2025-10-17 12:19:37,43.3525581359863,-8.41020011901855,"Unknown"
"7014857",371856,2025-10-17 12:24:35,43.3522262573242,-8.41037273406982,"Unknown"
"7014857",371856,2025-10-17 12:29:34,43.3549842834473,-8.40905570983887,"Unknown"
"7014857",371856,2025-10-17 12:34:34,43.3552017211914,-8.40887546539307,"Unknown"
"7014857",371856,2025-10-17 12:39:34,43.3546676635742,-8.40925216674805,"Unknown"
"7014857",371856,2025-10-17 12:44:34,43.3501930236816,-8.41986846923828,"Unknown"
"7014857",371856,2025-10-17 12:49:36,43.3394012451172,-8.4545373916626,"Unknown"
"7014857",371856,2025-10-17 12:54:34,43.3394393920898,-8.45476245880127,"Unknown"
"7014857",371856,2025-10-17 12:59:34,43.3395080566406,-8.45432662963867,"Unknown"
"7014857",371856,2025-10-17 13:04:35,43.3399200439453,-8.45442581176758,"Unknown"
"7014857",371856,2025-10-17 13:09:34,43.3399658203125,-8.45461368560791,"Unknown"
"7014857",371856,2025-10-17 13:15:05,43.340892791748,-8.45411586761475,"Unknown"
"7014857",371856,2025-10-17 13:19:33,43.3458480834961,-8.44963073730469,"Unknown"
"7014857",371856,2025-10-17 13:24:33,43.3549346923828,-8.45698642730713,"Unknown"
"7014857",371856,2025-10-17 13:29:33,43.3550796508789,-8.45699977874756,"Unknown"
"7014857",371856,2025-10-17 13:34:33,43.3562355041504,-8.45710468292236,"Unknown"
"7014857",371856,2025-10-17 13:39:34,43.3560638427734,-8.45695018768311,"Unknown"
"7014857",371856,2025-10-17 13:44:33,43.3560981750488,-8.4567985534668,"Unknown"
"7014857",371856,2025-10-17 13:49:35,43.3560752868652,-8.45701789855957,"Unknown"
"7014857",371856,2025-10-17 13:54:35,43.3560218811035,-8.45698928833008,"Unknown"
"7014857",371856,2025-10-17 13:59:33,43.3551979064941,-8.45813465118408,"Unknown"
"7014857",371856,2025-10-17 14:04:33,43.3551712036133,-8.45816802978516,"Unknown"
"7014857",371856,2025-10-17 14:09:33,43.3551292419434,-8.45808601379395,"Unknown"
"7014857",371856,2025-10-17 14:14:33,43.3564758300781,-8.45705127716064,"Unknown"
"7014857",371856,2025-10-17 14:19:35,43.3563766479492,-8.45691394805908,"Unknown"
"7014857",371856,2025-10-17 14:24:33,43.3564682006836,-8.45708084106445,"Unknown"
"7014857",371856,2025-10-17 14:29:33,43.3565406799316,-8.45698928833008,"Unknown"
"7014857",371856,2025-10-17 14:34:33,43.3565521240234,-8.45702362060547,"Unknown"
"7014857",371856,2025-10-17 14:39:36,43.3557472229004,-8.45682621002197,"Unknown"
"7014857",371856,2025-10-17 14:44:36,43.3557624816895,-8.45690536499023,"Unknown"
"7014857",371856,2025-10-17 14:49:33,43.3556976318359,-8.4567985534668,"Unknown"
"7014857",371856,2025-10-17 14:54:35,43.3557014465332,-8.45676708221436,"Unknown"
"7014857",371856,2025-10-17 14:59:34,43.355785369873,-8.45690631866455,"Unknown"
"7014857",371856,2025-10-17 15:04:33,43.3542442321777,-8.47414779663086,"Unknown"
"7014857",371856,2025-10-17 15:09:33,43.3526763916016,-8.47887802124023,"Unknown"
"7014857",371856,2025-10-17 15:14:33,43.3526916503906,-8.47894191741943,"Unknown"
"7014857",371856,2025-10-17 15:19:33,43.3524932861328,-8.47890281677246,"Unknown"
"7014857",371856,2025-10-17 15:24:34,43.3519248962402,-8.47894668579102,"Unknown"
"7014857",371856,2025-10-17 15:29:34,43.3526954650879,-8.47893047332764,"Unknown"
"7014857",371856,2025-10-17 15:34:33,43.3526725769043,-8.47897529602051,"Unknown"
"7014857",371856,2025-10-17 15:39:34,43.352596282959,-8.4792013168335,"Unknown"
"7014857",371856,2025-10-17 15:44:33,43.3527030944824,-8.47901916503906,"Unknown"
"7014857",371856,2025-10-17 15:49:35,43.3526878356934,-8.4790210723877,"Unknown"
"7014857",371856,2025-10-17 15:54:33,43.3525695800781,-8.47894096374512,"Unknown"
"7014857",371856,2025-10-17 15:59:34,43.3525810241699,-8.47902488708496,"Unknown"
"7014857",371856,2025-10-17 16:04:34,43.3523178100586,-8.47892093658447,"Unknown"
"7014857",371856,2025-10-17 16:09:33,43.3523406982422,-8.47889137268066,"Unknown"
"7014857",371856,2025-10-17 16:14:33,43.3523139953613,-8.47903060913086,"Unknown"
"7014857",371856,2025-10-17 16:19:35,43.3523216247559,-8.47916984558105,"Unknown"
"7014857",371856,2025-10-17 16:24:33,43.3523712158203,-8.47902202606201,"Unknown"
"7014857",371856,2025-10-17 16:29:33,43.3524131774902,-8.47903728485107,"Unknown"
"7014857",371856,2025-10-17 16:34:35,43.3523330688477,-8.47881412506104,"Unknown"
"7014857",371856,2025-10-17 16:39:33,43.3523483276367,-8.4791088104248,"Unknown"
"7014857",371856,2025-10-17 16:44:35,43.3522872924805,-8.47888660430908,"Unknown"
"7014857",371856,2025-10-17 16:49:34,43.3521995544434,-8.47899723052979,"Unknown"
"7014857",371856,2025-10-17 16:54:37,43.3523406982422,-8.47904491424561,"Unknown"
"7014857",371856,2025-10-17 16:59:37,43.352481842041,-8.47901630401611,"Unknown"
"7014857",371856,2025-10-17 17:04:35,43.3522758483887,-8.47887516021729,"Unknown"
"7014857",371856,2025-10-17 17:09:38,43.3525886535645,-8.47908020019531,"Unknown"
"7014857",371856,2025-10-17 17:14:38,43.3524780273438,-8.47907829284668,"Unknown"
"7014857",371856,2025-10-17 17:19:38,43.356819152832,-8.4778003692627,"Unknown"
"7014857",371856,2025-10-17 17:24:38,43.357536315918,-8.47791576385498,"Unknown"
"7014857",371856,2025-10-17 17:29:36,43.3582878112793,-8.47758293151855,"Unknown"
"7014857",371856,2025-10-17 17:34:39,43.3584480285645,-8.47812080383301,"Unknown"
"7014857",371856,2025-10-17 17:39:38,43.3590774536133,-8.47848796844482,"Unknown"
"7014857",371856,2025-10-17 17:44:37,43.3595352172852,-8.47943305969238,"Unknown"
"7014857",371856,2025-10-17 17:49:36,43.3601264953613,-8.48000621795654,"Unknown"
"7014857",371856,2025-10-17 17:54:34,43.3609466552734,-8.48017120361328,"Unknown"
"7014857",371856,2025-10-17 17:59:34,43.3607482910156,-8.47963333129883,"Unknown"
"7014857",371856,2025-10-17 18:04:34,43.3617553710938,-8.48036003112793,"Unknown"
"7014857",371856,2025-10-17 18:09:36,43.3622817993164,-8.47991752624512,"Unknown"
"7014857",371856,2025-10-17 18:14:40,43.3631896972656,-8.47997951507568,"Unknown"
"7014857",371856,2025-10-17 18:19:34,43.3636894226074,-8.4803638458252,"Unknown"
"7014857",371856,2025-10-17 18:25:39,43.3643531799316,-8.48075675964355,"Unknown"
"7014857",371856,2025-10-17 23:25:38,43.3737983703613,-8.50403118133545,"Unknown"
"7014857",371856,2025-10-18 04:25:36,43.3761138916016,-8.51644611358643,"Unknown"
"7014857",371856,2025-10-18 05:16:09,43.3782997131348,-8.52043914794922,"Unknown"
"7014857",371856,2025-10-18 05:21:09,43.3784217834473,-8.52122020721436,"Unknown"
"7014857",371856,2025-10-18 05:26:09,43.3786087036133,-8.52176094055176,"Unknown"
"7014857",371856,2025-10-18 05:31:09,43.3789138793945,-8.52220153808594,"Unknown"
"7014857",371856,2025-10-18 05:36:10,43.3792991638184,-8.52263069152832,"Unknown"
"7014857",371856,2025-10-18 05:41:09,43.3796615600586,-8.52298355102539,"Unknown"
"7014857",371856,2025-10-18 05:46:10,43.3800888061523,-8.52349376678467,"Unknown"
"7014857",371856,2025-10-18 05:51:10,43.3804664611816,-8.52403259277344,"Unknown"
"7014857",371856,2025-10-18 05:56:10,43.3808784484863,-8.52443504333496,"Unknown"
"7014857",371856,2025-10-18 06:01:10,43.3813667297363,-8.52512264251709,"Unknown"
"7014857",371856,2025-10-18 06:06:09,43.3813629150391,-8.5261287689209,"Unknown"
"7014857",371856,2025-10-18 06:11:12,43.3816528320312,-8.52702808380127,"Unknown"
"7014857",371856,2025-10-18 06:16:08,43.3818550109863,-8.52781295776367,"Unknown"
"7014857",371856,2025-10-18 06:21:08,43.3817138671875,-8.52818489074707,"Unknown"
"7014857",371856,2025-10-18 06:26:08,43.3734092712402,-8.52777004241943,"Unknown"
"7014857",371856,2025-10-18 06:31:08,43.3504447937012,-8.51728534698486,"Unknown"
"7014857",371856,2025-10-18 06:36:08,43.3345565795898,-8.51231288909912,"Unknown"
"7014857",371856,2025-10-18 06:41:09,43.3345260620117,-8.51241683959961,"Unknown"
"7014857",371856,2025-10-18 06:46:08,43.3345146179199,-8.51227569580078,"Unknown"
"7014857",371856,2025-10-18 06:51:11,43.3345642089844,-8.51241302490234,"Unknown"
"7014857",371856,2025-10-18 06:56:08,43.3346900939941,-8.51230430603027,"Unknown"
"7014857",371856,2025-10-18 07:01:10,43.3345909118652,-8.51246929168701,"Unknown"
"7014857",371856,2025-10-18 07:06:08,43.3347473144531,-8.51238441467285,"Unknown"
"7014857",371856,2025-10-18 07:11:09,43.3348121643066,-8.51255989074707,"Unknown"
"7014857",371856,2025-10-18 07:16:09,43.335132598877,-8.51276969909668,"Unknown"
"7014857",371856,2025-10-18 07:21:10,43.3350830078125,-8.51264572143555,"Unknown"
"7014857",371856,2025-10-18 07:26:21,43.3347702026367,-8.51196956634521,"Unknown"
"7014857",371856,2025-10-18 07:31:08,43.3348541259766,-8.51250839233398,"Unknown"
"7014857",371856,2025-10-18 07:36:13,43.3343772888184,-8.51192855834961,"Unknown"
"7014857",371856,2025-10-18 07:41:09,43.3345184326172,-8.51194953918457,"Unknown"
"7014857",371856,2025-10-18 07:46:15,43.3344383239746,-8.5119161605835,"Unknown"
"7014857",371856,2025-10-18 07:51:15,43.3344078063965,-8.51223182678223,"Unknown"
"7014857",371856,2025-10-18 07:56:08,43.3346900939941,-8.51251125335693,"Unknown"
"7014857",371856,2025-10-18 08:01:09,43.3346786499023,-8.51265621185303,"Unknown"
"7014857",371856,2025-10-18 08:06:12,43.3346748352051,-8.51228523254395,"Unknown"
"7014857",371856,2025-10-18 08:11:08,43.3346481323242,-8.51229858398438,"Unknown"
"7014857",371856,2025-10-18 08:16:16,43.3345489501953,-8.51215171813965,"Unknown"
"7014857",371856,2025-10-18 08:21:08,43.3346557617188,-8.51226234436035,"Unknown"
"7014857",371856,2025-10-18 08:26:11,43.3345603942871,-8.51214122772217,"Unknown"
"7014857",371856,2025-10-18 08:31:11,43.3346099853516,-8.51235008239746,"Unknown"
"7014857",371856,2025-10-18 08:36:11,43.3349380493164,-8.51266956329346,"Unknown"
"7014857",371856,2025-10-18 08:41:12,43.3349952697754,-8.51247501373291,"Unknown"
"7014857",371856,2025-10-18 08:46:13,43.3347778320312,-8.51181411743164,"Unknown"
"7014857",371856,2025-10-18 08:51:13,43.3347129821777,-8.51180553436279,"Unknown"
"7014857",371856,2025-10-18 08:56:16,43.3259391784668,-8.49477291107178,"Unknown"
"7014857",371856,2025-10-18 09:01:15,43.3161468505859,-8.50379371643066,"Unknown"
"7014857",371856,2025-10-18 09:06:15,43.3064842224121,-8.50790786743164,"Unknown"
"7014857",371856,2025-10-18 09:11:13,43.3064308166504,-8.50783252716064,"Unknown"
"7014857",371856,2025-10-18 09:16:12,43.3069648742676,-8.50890827178955,"Unknown"
"7014857",371856,2025-10-18 09:21:11,43.3068656921387,-8.50883102416992,"Unknown"
"7014857",371856,2025-10-18 09:26:25,43.3064346313477,-8.50788021087646,"Unknown"
"7014857",371856,2025-10-18 09:31:18,43.3063583374023,-8.50785732269287,"Unknown"
"7014857",371856,2025-10-18 09:36:34,43.306583404541,-8.50833892822266,"Unknown"
"7014857",371856,2025-10-18 09:41:09,43.3064002990723,-8.50824356079102,"Unknown"
"7014857",371856,2025-10-18 09:46:07,43.3062744140625,-8.50789642333984,"Unknown"
"7014857",371856,2025-10-18 09:51:07,43.3063011169434,-8.50793075561523,"Unknown"
"7014857",371856,2025-10-18 09:56:07,43.30615234375,-8.50788593292236,"Unknown"
"7014857",371856,2025-10-18 10:01:09,43.3061981201172,-8.50790500640869,"Unknown"
"7014857",371856,2025-10-18 10:06:10,43.3061561584473,-8.50831890106201,"Unknown"
"7014857",371856,2025-10-18 10:11:09,43.3069038391113,-8.50900173187256,"Unknown"
"7014857",371856,2025-10-18 10:16:07,43.3069763183594,-8.50886058807373,"Unknown"
"7014857",371856,2025-10-18 10:21:10,43.3068466186523,-8.50877571105957,"Unknown"
"7014857",371856,2025-10-18 10:26:07,43.3067970275879,-8.50861072540283,"Unknown"
"7014857",371856,2025-10-18 10:31:07,43.3069686889648,-8.50880146026611,"Unknown"
"7014857",371856,2025-10-18 10:36:10,43.3064956665039,-8.50796604156494,"Unknown"
"7014857",371856,2025-10-18 10:41:13,43.3062973022461,-8.50794982910156,"Unknown"
"7014857",371856,2025-10-18 10:46:07,43.3095321655273,-8.50748729705811,"Unknown"
"7014857",371856,2025-10-18 10:51:08,43.286376953125,-8.49122047424316,"Unknown"
"7014857",371856,2025-10-18 10:56:07,43.2726707458496,-8.47286701202393,"Unknown"
"7014857",371856,2025-10-18 11:01:08,43.2551918029785,-8.45051670074463,"Unknown"
"7014857",371856,2025-10-18 11:06:07,43.2385215759277,-8.46607303619385,"Unknown"
"7014857",371856,2025-10-18 11:11:08,43.2190971374512,-8.46189594268799,"Unknown"
"7014857",371856,2025-10-18 11:16:07,43.2013931274414,-8.43754768371582,"Unknown"
"7014857",371856,2025-10-18 11:21:08,43.194522857666,-8.42418479919434,"Unknown"
"7014857",371856,2025-10-18 11:26:08,43.1946601867676,-8.42437267303467,"Unknown"
"7014857",371856,2025-10-18 11:31:08,43.1946296691895,-8.42425441741943,"Unknown"
"7014857",371856,2025-10-18 11:36:07,43.1945686340332,-8.42429542541504,"Unknown"
"7014857",371856,2025-10-18 11:41:09,43.1939430236816,-8.42360782623291,"Unknown"
"7014857",371856,2025-10-18 11:46:08,43.191291809082,-8.42252063751221,"Unknown"
"7014857",371856,2025-10-18 11:51:08,43.1850204467773,-8.43150806427002,"Unknown"
"7014857",371856,2025-10-18 11:56:08,43.1688003540039,-8.44506549835205,"Unknown"
"7014857",371856,2025-10-18 12:01:08,43.1506271362305,-8.46523189544678,"Unknown"
"7014857",371856,2025-10-18 12:06:08,43.1303215026855,-8.47151470184326,"Unknown"
"7014857",371856,2025-10-18 12:11:11,43.1304359436035,-8.47145652770996,"Unknown"
"7014857",371856,2025-10-18 12:16:08,43.1302833557129,-8.47140884399414,"Unknown"
"7014857",371856,2025-10-18 12:21:12,43.1300506591797,-8.47127914428711,"Unknown"
"7014857",371856,2025-10-18 12:26:09,43.1300773620605,-8.47136878967285,"Unknown"
"7014857",371856,2025-10-18 12:31:09,43.1299934387207,-8.47140693664551,"Unknown"
"7014857",371856,2025-10-18 12:36:13,43.1299781799316,-8.47135925292969,"Unknown"
"7014857",371856,2025-10-18 12:41:27,43.1300392150879,-8.47139835357666,"Unknown"
"7014857",371856,2025-10-18 12:46:13,43.1302223205566,-8.47137641906738,"Unknown"
"7014857",371856,2025-10-18 12:51:34,43.1299591064453,-8.47139072418213,"Unknown"
"7014857",371856,2025-10-18 12:56:07,43.1299591064453,-8.47140216827393,"Unknown"
"7014857",371856,2025-10-18 13:01:06,43.1304244995117,-8.47098636627197,"Unknown"
"7014857",371856,2025-10-18 13:06:08,43.1302604675293,-8.4710578918457,"Unknown"
"7014857",371856,2025-10-18 13:11:07,43.1302757263184,-8.47095489501953,"Unknown"
"7014857",371856,2025-10-18 13:16:08,43.1302680969238,-8.47113990783691,"Unknown"
"7014857",371856,2025-10-18 13:21:07,43.1304969787598,-8.47124767303467,"Unknown"
"7014857",371856,2025-10-18 13:26:08,43.1304168701172,-8.47129249572754,"Unknown"
"7014857",371856,2025-10-18 13:31:08,43.1300468444824,-8.47101783752441,"Unknown"
"7014857",371856,2025-10-18 13:36:07,43.1299209594727,-8.47031593322754,"Unknown"
"7014857",371856,2025-10-18 13:41:07,43.1301193237305,-8.4703540802002,"Unknown"
"7014857",371856,2025-10-18 13:46:07,43.1304702758789,-8.47096729278564,"Unknown"
"7014857",371856,2025-10-18 13:51:07,43.1304817199707,-8.47105121612549,"Unknown"
"7014857",371856,2025-10-18 13:56:07,43.1304550170898,-8.47105121612549,"Unknown"
"7014857",371856,2025-10-18 14:01:07,43.1304550170898,-8.47103309631348,"Unknown"
"7014857",371856,2025-10-18 14:06:08,43.1307563781738,-8.47153377532959,"Unknown"
"7014857",371856,2025-10-18 14:11:08,43.1305351257324,-8.4710807800293,"Unknown"
"7014857",371856,2025-10-18 14:16:07,43.1297149658203,-8.47043800354004,"Unknown"
"7014857",371856,2025-10-18 14:21:07,43.1235733032227,-8.47482490539551,"Unknown"
"7014857",371856,2025-10-18 14:26:07,43.1085052490234,-8.48521709442139,"Unknown"
"7014857",371856,2025-10-18 14:31:07,43.0998077392578,-8.49524688720703,"Unknown"
"7014857",371856,2025-10-18 14:36:07,43.0988121032715,-8.49754238128662,"Unknown"
"7014857",371856,2025-10-18 14:41:07,43.098819732666,-8.49754333496094,"Unknown"
"7014857",371856,2025-10-18 14:46:07,43.1018524169922,-8.49591255187988,"Unknown"
"7014857",371856,2025-10-18 14:51:09,43.1293182373047,-8.4713888168335,"Unknown"
"7014857",371856,2025-10-18 14:56:11,43.129337310791,-8.47144603729248,"Unknown"
"7014857",371856,2025-10-18 15:01:07,43.1293334960938,-8.4709529876709,"Unknown"
"7014857",371856,2025-10-18 15:06:07,43.1299896240234,-8.47175884246826,"Unknown"
"7014857",371856,2025-10-18 15:11:08,43.1296691894531,-8.47019481658936,"Unknown"
"7014857",371856,2025-10-18 15:16:10,43.129566192627,-8.46992874145508,"Unknown"
"7014857",371856,2025-10-18 15:21:07,43.1292533874512,-8.46999359130859,"Unknown"
"7014857",371856,2025-10-18 15:26:07,43.1303825378418,-8.47134780883789,"Unknown"
"7014857",371856,2025-10-18 15:31:12,43.131477355957,-8.47122573852539,"Unknown"
"7014857",371856,2025-10-18 15:36:12,43.1312446594238,-8.47127246856689,"Unknown"
"7014857",371856,2025-10-18 15:41:13,43.1304359436035,-8.47098827362061,"Unknown"
"7014857",371856,2025-10-18 15:46:10,43.1314239501953,-8.47100925445557,"Unknown"
"7014857",371856,2025-10-18 15:51:13,43.1292495727539,-8.47040176391602,"Unknown"
"7014857",371856,2025-10-18 15:56:17,43.1294784545898,-8.46999168395996,"Unknown"
"7014857",371856,2025-10-18 16:01:34,43.1295890808105,-8.47060203552246,"Unknown"
"7014857",371856,2025-10-18 16:06:07,43.1295166015625,-8.4705696105957,"Unknown"
"7014857",371856,2025-10-18 16:11:06,43.1296730041504,-8.47062969207764,"Unknown"
"7014857",371856,2025-10-18 16:16:07,43.1296310424805,-8.47063446044922,"Unknown"
"7014857",371856,2025-10-18 16:21:06,43.1296577453613,-8.47062397003174,"Unknown"
"7014857",371856,2025-10-18 16:26:07,43.1296501159668,-8.4705982208252,"Unknown"
"7014857",371856,2025-10-18 16:31:07,43.1294403076172,-8.47088623046875,"Unknown"
"7014857",371856,2025-10-18 16:36:06,43.1305618286133,-8.47096824645996,"Unknown"
"7014857",371856,2025-10-18 16:41:12,43.1302070617676,-8.47086620330811,"Unknown"
"7014857",371856,2025-10-18 16:46:13,43.1300659179688,-8.4708309173584,"Unknown"
"7014857",371856,2025-10-18 16:51:08,43.1302261352539,-8.47029399871826,"Unknown"
"7014857",371856,2025-10-18 16:56:09,43.1302909851074,-8.47045421600342,"Unknown"
"7014857",371856,2025-10-18 17:01:12,43.1302642822266,-8.47065925598145,"Unknown"
"7014857",371856,2025-10-18 17:06:15,43.1303100585938,-8.4705810546875,"Unknown"
"7014857",371856,2025-10-18 17:11:08,43.1302719116211,-8.47074031829834,"Unknown"
"7014857",371856,2025-10-18 17:16:07,43.1302261352539,-8.47076416015625,"Unknown"
"7014857",371856,2025-10-18 17:21:10,43.1306457519531,-8.47113513946533,"Unknown"
"7014857",371856,2025-10-18 17:26:08,43.1317939758301,-8.47271347045898,"Unknown"
"7014857",371856,2025-10-18 17:31:16,43.1582298278809,-8.46030616760254,"Unknown"
"7014857",371856,2025-10-18 17:36:08,43.1713829040527,-8.43724632263184,"Unknown"
"7014857",371856,2025-10-18 17:41:08,43.1710319519043,-8.43847751617432,"Unknown"
"7014857",371856,2025-10-18 17:46:07,43.1711463928223,-8.43851661682129,"Unknown"
"7014857",371856,2025-10-18 17:51:08,43.1709289550781,-8.43843460083008,"Unknown"
"7014857",371856,2025-10-18 17:56:07,43.1712036132812,-8.43858337402344,"Unknown"
"7014857",371856,2025-10-18 18:01:09,43.171215057373,-8.43905353546143,"Unknown"
"7014857",371856,2025-10-18 18:06:12,43.1710166931152,-8.4379301071167,"Unknown"
"7014857",371856,2025-10-18 18:11:08,43.1708488464355,-8.43787002563477,"Unknown"
"7014857",371856,2025-10-18 18:16:08,43.1713409423828,-8.43861389160156,"Unknown"
"7014857",371856,2025-10-18 18:21:09,43.1717872619629,-8.43906402587891,"Unknown"
"7014857",371856,2025-10-18 18:24:01,43.1712341308594,-8.43863773345947,"Unknown"
"7014857",371856,2025-10-18 23:24:07,43.171745300293,-8.43838214874268,"Unknown"
"7014857",371856,2025-10-19 04:24:05,43.1713676452637,-8.4386100769043,"Unknown"
"7014857",371856,2025-10-19 05:17:35,43.171085357666,-8.43850708007812,"Unknown"
"7014857",371856,2025-10-19 05:22:13,43.1711235046387,-8.43852043151855,"Unknown"
"7014857",371856,2025-10-19 05:27:12,43.1711654663086,-8.43851757049561,"Unknown"
"7014857",371856,2025-10-19 05:32:12,43.1711502075195,-8.43849277496338,"Unknown"
"7014857",371856,2025-10-19 05:37:12,43.1711311340332,-8.43848609924316,"Unknown"
"7014857",371856,2025-10-19 05:42:12,43.171199798584,-8.43845748901367,"Unknown"
"7014857",371856,2025-10-19 05:47:13,43.1712265014648,-8.43852424621582,"Unknown"
"7014857",371856,2025-10-19 05:52:13,43.1711654663086,-8.43849849700928,"Unknown"
"7014857",371856,2025-10-19 05:57:12,43.1711616516113,-8.43851184844971,"Unknown"
"7014857",371856,2025-10-19 06:02:12,43.1711082458496,-8.4385461807251,"Unknown"
"7014857",371856,2025-10-19 06:07:13,43.1711463928223,-8.43859672546387,"Unknown"
"7014857",371856,2025-10-19 06:12:12,43.1711006164551,-8.43856525421143,"Unknown"
"7014857",371856,2025-10-19 06:17:12,43.1711387634277,-8.43854904174805,"Unknown"
"7014857",371856,2025-10-19 06:22:12,43.1711692810059,-8.4385814666748,"Unknown"
"7014857",371856,2025-10-19 06:27:17,43.1711959838867,-8.4384937286377,"Unknown"
"7014857",371856,2025-10-19 06:32:13,43.1711082458496,-8.43827342987061,"Unknown"
"7014857",371856,2025-10-19 06:37:15,43.1709785461426,-8.43845367431641,"Unknown"
"7014857",371856,2025-10-19 06:42:19,43.1712379455566,-8.43857574462891,"Unknown"
"7014857",371856,2025-10-19 06:47:13,43.1711578369141,-8.43865871429443,"Unknown"
"7014857",371856,2025-10-19 06:52:15,43.1706657409668,-8.43850326538086,"Unknown"
"7014857",371856,2025-10-19 06:57:21,43.1708755493164,-8.43857288360596,"Unknown"
"7014857",371856,2025-10-19 07:02:13,43.170783996582,-8.43851661682129,"Unknown"
"7014857",371856,2025-10-19 07:07:17,43.1707229614258,-8.43841171264648,"Unknown"
"7014857",371856,2025-10-19 07:12:14,43.1705703735352,-8.43852043151855,"Unknown"
"7014857",371856,2025-10-19 07:17:13,43.170337677002,-8.4468822479248,"Unknown"
"7014857",371856,2025-10-19 07:22:13,43.1611671447754,-8.4585428237915,"Unknown"
"7014857",371856,2025-10-19 07:27:13,43.1466598510742,-8.46688652038574,"Unknown"
"7014857",371856,2025-10-19 07:32:14,43.1298713684082,-8.47048187255859,"Unknown"
"7014857",371856,2025-10-19 07:37:15,43.1304359436035,-8.47078895568848,"Unknown"
"7014857",371856,2025-10-19 07:42:14,43.1302528381348,-8.47066020965576,"Unknown"
"7014857",371856,2025-10-19 07:47:15,43.1306953430176,-8.47108173370361,"Unknown"
"7014857",371856,2025-10-19 07:52:14,43.1302146911621,-8.47051048278809,"Unknown"
"7014857",371856,2025-10-19 07:57:13,43.1303520202637,-8.47076511383057,"Unknown"
"7014857",371856,2025-10-19 08:02:13,43.1302261352539,-8.47088432312012,"Unknown"
"7014857",371856,2025-10-19 08:07:16,43.1303062438965,-8.47092342376709,"Unknown"
"7014857",371856,2025-10-19 08:12:14,43.130054473877,-8.47052764892578,"Unknown"
"7014857",371856,2025-10-19 08:17:19,43.1303100585938,-8.47112846374512,"Unknown"
"7014857",371856,2025-10-19 08:22:14,43.1301422119141,-8.47073268890381,"Unknown"
"7014857",371856,2025-10-19 08:27:15,43.1325340270996,-8.47307205200195,"Unknown"
"7014857",371856,2025-10-19 08:32:15,43.1324882507324,-8.47299575805664,"Unknown"
"7014857",371856,2025-10-19 08:37:19,43.1324882507324,-8.47298145294189,"Unknown"
"7014857",371856,2025-10-19 08:42:24,43.1324005126953,-8.47333431243896,"Unknown"
"7014857",371856,2025-10-19 08:47:16,43.1325416564941,-8.47348403930664,"Unknown"
"7014857",371856,2025-10-19 08:52:19,43.1190185546875,-8.48442935943604,"Unknown"
"7014857",371856,2025-10-19 08:57:16,43.100658416748,-8.49624347686768,"Unknown"
"7014857",371856,2025-10-19 09:02:16,43.0991554260254,-8.49742126464844,"Unknown"
"7014857",371856,2025-10-19 09:07:19,43.0992012023926,-8.49796485900879,"Unknown"
"7014857",371856,2025-10-19 09:12:19,43.0992088317871,-8.49752902984619,"Unknown"
"7014857",371856,2025-10-19 09:17:34,43.0990943908691,-8.4967737197876,"Unknown"
"7014857",371856,2025-10-19 09:22:13,43.0994262695312,-8.49671745300293,"Unknown"
"7014857",371856,2025-10-19 09:27:13,43.0996398925781,-8.49615859985352,"Unknown"
"7014857",371856,2025-10-19 09:32:13,43.0996932983398,-8.49597644805908,"Unknown"
"7014857",371856,2025-10-19 09:37:13,43.0999984741211,-8.49580478668213,"Unknown"
"7014857",371856,2025-10-19 09:42:13,43.1000480651855,-8.49546241760254,"Unknown"
"7014857",371856,2025-10-19 09:47:13,43.1045837402344,-8.48865604400635,"Unknown"
"7014857",371856,2025-10-19 09:52:13,43.1288909912109,-8.4712963104248,"Unknown"
"7014857",371856,2025-10-19 09:57:14,43.1289482116699,-8.47146224975586,"Unknown"
"7014857",371856,2025-10-19 10:02:14,43.1289710998535,-8.47136402130127,"Unknown"
"7014857",371856,2025-10-19 10:07:14,43.12890625,-8.47134876251221,"Unknown"
"7014857",371856,2025-10-19 10:12:13,43.1286773681641,-8.47114562988281,"Unknown"
"7014857",371856,2025-10-19 10:17:14,43.1289520263672,-8.47131156921387,"Unknown"
"7014857",371856,2025-10-19 10:22:13,43.1289558410645,-8.47136783599854,"Unknown"
"7014857",371856,2025-10-19 10:27:14,43.1288642883301,-8.47136497497559,"Unknown"
"7014857",371856,2025-10-19 10:32:13,43.12890625,-8.47135829925537,"Unknown"
"7014857",371856,2025-10-19 10:37:13,43.1306343078613,-8.47094535827637,"Unknown"
"7014857",371856,2025-10-19 10:42:14,43.1302146911621,-8.47068500518799,"Unknown"
"7014857",371856,2025-10-19 10:47:14,43.1304397583008,-8.47120952606201,"Unknown"
"7014857",371856,2025-10-19 10:52:14,43.1303367614746,-8.47113513946533,"Unknown"
"7014857",371856,2025-10-19 10:57:13,43.1304321289062,-8.47124862670898,"Unknown"
"7014857",371856,2025-10-19 11:02:14,43.1294784545898,-8.46971225738525,"Unknown"
"7014857",371856,2025-10-19 11:07:14,43.1299743652344,-8.47053241729736,"Unknown"
"7014857",371856,2025-10-19 11:12:17,43.1307678222656,-8.47094058990479,"Unknown"
"7014857",371856,2025-10-19 11:17:14,43.1304359436035,-8.47115516662598,"Unknown"
"7014857",371856,2025-10-19 11:22:14,43.1303634643555,-8.47115802764893,"Unknown"
"7014857",371856,2025-10-19 11:27:13,43.1302223205566,-8.46957302093506,"Unknown"
"7014857",371856,2025-10-19 11:32:13,43.1298675537109,-8.47039604187012,"Unknown"
"7014857",371856,2025-10-19 11:37:13,43.1291198730469,-8.47128868103027,"Unknown"
"7014857",371856,2025-10-19 11:42:14,43.1289863586426,-8.47067260742188,"Unknown"
"7014857",371856,2025-10-19 11:47:13,43.1292304992676,-8.47124671936035,"Unknown"
"7014857",371856,2025-10-19 11:52:13,43.1291275024414,-8.47128200531006,"Unknown"
"7014857",371856,2025-10-19 11:57:14,43.1291427612305,-8.47128868103027,"Unknown"
"7014857",371856,2025-10-19 12:02:13,43.1291618347168,-8.47129535675049,"Unknown"
"7014857",371856,2025-10-19 12:07:13,43.1291046142578,-8.47134208679199,"Unknown"
"7014857",371856,2025-10-19 12:12:13,43.1291961669922,-8.47129249572754,"Unknown"
"7014857",371856,2025-10-19 12:17:14,43.1292190551758,-8.47127151489258,"Unknown"
"7014857",371856,2025-10-19 12:22:14,43.129222869873,-8.47127056121826,"Unknown"
"7014857",371856,2025-10-19 12:27:14,43.1291923522949,-8.47133159637451,"Unknown"
"7014857",371856,2025-10-19 12:32:13,43.1292152404785,-8.47132301330566,"Unknown"
"7014857",371856,2025-10-19 12:37:13,43.1291618347168,-8.47133731842041,"Unknown"
"7014857",371856,2025-10-19 12:42:13,43.129264831543,-8.47133445739746,"Unknown"
"7014857",371856,2025-10-19 12:47:14,43.1291961669922,-8.47134113311768,"Unknown"
"7014857",371856,2025-10-19 12:52:13,43.129207611084,-8.47148418426514,"Unknown"
"7014857",371856,2025-10-19 12:57:14,43.1291007995605,-8.47153472900391,"Unknown"
"7014857",371856,2025-10-19 13:02:13,43.1290130615234,-8.47151947021484,"Unknown"
"7014857",371856,2025-10-19 13:07:14,43.1288833618164,-8.4713773727417,"Unknown"
"7014857",371856,2025-10-19 13:12:14,43.1289138793945,-8.47132968902588,"Unknown"
"7014857",371856,2025-10-19 13:17:13,43.129020690918,-8.47135543823242,"Unknown"
"7014857",371856,2025-10-19 13:22:13,43.1288871765137,-8.47129058837891,"Unknown"
"7014857",371856,2025-10-19 13:27:25,43.1300964355469,-8.47044086456299,"Unknown"
"7014857",371856,2025-10-19 13:32:14,43.1300926208496,-8.47031784057617,"Unknown"
"7014857",371856,2025-10-19 13:37:13,43.1301574707031,-8.47026348114014,"Unknown"
"7014857",371856,2025-10-19 13:42:14,43.1298637390137,-8.46981143951416,"Unknown"
"7014857",371856,2025-10-19 13:47:16,43.130313873291,-8.47149276733398,"Unknown"
"7014857",371856,2025-10-19 13:52:13,43.1309700012207,-8.47316360473633,"Unknown"
"7014857",371856,2025-10-19 13:57:14,43.1306648254395,-8.47189426422119,"Unknown"
"7014857",371856,2025-10-19 14:02:15,43.1301727294922,-8.47108364105225,"Unknown"
"7014857",371856,2025-10-19 14:07:14,43.130500793457,-8.47213363647461,"Unknown"
"7014857",371856,2025-10-19 14:12:14,43.1303024291992,-8.47122287750244,"Unknown"
"7014857",371856,2025-10-19 14:17:14,43.130313873291,-8.47104263305664,"Unknown"
"7014857",371856,2025-10-19 14:22:15,43.1303977966309,-8.47085189819336,"Unknown"
"7014857",371856,2025-10-19 14:27:22,43.1304092407227,-8.47123146057129,"Unknown"
"7014857",371856,2025-10-19 14:32:14,43.1303634643555,-8.47104072570801,"Unknown"
"7014857",371856,2025-10-19 14:37:16,43.1302909851074,-8.46896648406982,"Unknown"
"7014857",371856,2025-10-19 14:42:14,43.1303634643555,-8.47047233581543,"Unknown"
"7014857",371856,2025-10-19 14:47:14,43.1302680969238,-8.46996974945068,"Unknown"
"7014857",371856,2025-10-19 14:52:18,43.1301918029785,-8.46989917755127,"Unknown"
"7014857",371856,2025-10-19 14:57:15,43.1302795410156,-8.47027206420898,"Unknown"
"7014857",371856,2025-10-19 15:02:13,43.1301155090332,-8.47016143798828,"Unknown"
"7014857",371856,2025-10-19 15:07:14,43.1301651000977,-8.47024917602539,"Unknown"
"7014857",371856,2025-10-19 15:12:15,43.1301689147949,-8.47026824951172,"Unknown"
"7014857",371856,2025-10-19 15:17:14,43.1301422119141,-8.47041988372803,"Unknown"
"7014857",371856,2025-10-19 15:22:15,43.1301651000977,-8.47044277191162,"Unknown"
"7014857",371856,2025-10-19 15:27:23,43.1298866271973,-8.47138786315918,"Unknown"
"7014857",371856,2025-10-19 15:32:15,43.1301002502441,-8.47066020965576,"Unknown"
"7014857",371856,2025-10-19 15:37:15,43.1301574707031,-8.4707727432251,"Unknown"
"7014857",371856,2025-10-19 15:42:38,43.1303443908691,-8.47128582000732,"Unknown"
"7014857",371856,2025-10-19 15:47:17,43.1299324035645,-8.47106838226318,"Unknown"
"7014857",371856,2025-10-19 15:52:17,43.1299896240234,-8.47095775604248,"Unknown"
"7014857",371856,2025-10-19 15:57:18,43.1299743652344,-8.47111892700195,"Unknown"
"7014857",371856,2025-10-19 16:02:17,43.1298751831055,-8.47122859954834,"Unknown"
"7014857",371856,2025-10-19 16:07:13,43.1299285888672,-8.47115612030029,"Unknown"
"7014857",371856,2025-10-19 16:12:35,43.1319808959961,-8.4731330871582,"Unknown"
"7014857",371856,2025-10-19 16:17:12,43.1322212219238,-8.47317123413086,"Unknown"
"7014857",371856,2025-10-19 16:22:16,43.1321792602539,-8.47307109832764,"Unknown"
"7014857",371856,2025-10-19 16:27:24,43.1321334838867,-8.4729642868042,"Unknown"
"7014857",371856,2025-10-19 16:32:15,43.1322822570801,-8.4730920791626,"Unknown"
"7014857",371856,2025-10-19 16:37:15,43.1322975158691,-8.47303485870361,"Unknown"
"7014857",371856,2025-10-19 16:42:14,43.1323852539062,-8.47314929962158,"Unknown"
"7014857",371856,2025-10-19 16:47:16,43.1320838928223,-8.4730224609375,"Unknown"
"7014857",371856,2025-10-19 16:52:16,43.130313873291,-8.47076320648193,"Unknown"
"7014857",371856,2025-10-19 16:57:15,43.1300621032715,-8.4703311920166,"Unknown"
"7014857",371856,2025-10-19 17:02:16,43.1304473876953,-8.47154808044434,"Unknown"
"7014857",371856,2025-10-19 17:07:17,43.129768371582,-8.47085571289062,"Unknown"
"7014857",371856,2025-10-19 17:12:26,43.1296272277832,-8.47082328796387,"Unknown"
"7014857",371856,2025-10-19 17:17:16,43.1306343078613,-8.47089099884033,"Unknown"
"7014857",371856,2025-10-19 17:22:25,43.1296920776367,-8.47077465057373,"Unknown"
"7014857",371856,2025-10-19 17:27:35,43.129695892334,-8.4708423614502,"Unknown"
"7014857",371856,2025-10-19 17:32:14,43.1301651000977,-8.47054004669189,"Unknown"
"7014857",371856,2025-10-19 17:37:17,43.1300735473633,-8.4703311920166,"Unknown"
"7014857",371856,2025-10-19 17:42:14,43.1466331481934,-8.47285556793213,"Unknown"
"7014857",371856,2025-10-19 17:47:14,43.1711616516113,-8.43716335296631,"Unknown"
"7014857",371856,2025-10-19 17:52:14,43.1710739135742,-8.43721008300781,"Unknown"
"7014857",371856,2025-10-19 17:57:14,43.1709823608398,-8.43724918365479,"Unknown"
"7014857",371856,2025-10-19 18:02:13,43.1709976196289,-8.43761157989502,"Unknown"
"7014857",371856,2025-10-19 18:07:14,43.1708374023438,-8.43730163574219,"Unknown"
"7014857",371856,2025-10-19 18:12:15,43.1709976196289,-8.43741416931152,"Unknown"
"7014857",371856,2025-10-19 18:17:13,43.1708526611328,-8.43741035461426,"Unknown"
"7014857",371856,2025-10-19 18:22:28,43.1710357666016,-8.43740558624268,"Unknown"
"7014857",371856,2025-10-19 23:23:00,43.171028137207,-8.43966102600098,"Unknown"
"7014857",371856,2025-10-20 04:22:36,43.1714363098145,-8.43940830230713,"Unknown"
"7014857",371856,2025-10-20 05:18:30,43.1714324951172,-8.43808937072754,"Unknown"
"7014857",371856,2025-10-20 05:23:25,43.1712493896484,-8.43819427490234,"Unknown"
"7014857",371856,2025-10-20 05:28:24,43.1713485717773,-8.43813514709473,"Unknown"
"7014857",371856,2025-10-20 05:33:28,43.1712112426758,-8.43830490112305,"Unknown"
"7014857",371856,2025-10-20 05:38:27,43.1712379455566,-8.43834972381592,"Unknown"
"7014857",371856,2025-10-20 05:43:25,43.1712532043457,-8.43840026855469,"Unknown"
"7014857",371856,2025-10-20 05:48:31,43.1710739135742,-8.43841171264648,"Unknown"
"7014857",371856,2025-10-20 05:53:30,43.171070098877,-8.4384298324585,"Unknown"
"7014857",371856,2025-10-20 05:58:27,43.1712837219238,-8.43830490112305,"Unknown"
"7014857",371856,2025-10-20 06:03:25,43.1710624694824,-8.43851566314697,"Unknown"
"7014857",371856,2025-10-20 06:08:30,43.1712455749512,-8.43834781646729,"Unknown"
"7014857",371856,2025-10-20 06:13:37,43.1713371276855,-8.43842315673828,"Unknown"
"7014857",371856,2025-10-20 06:18:37,43.1712074279785,-8.43836688995361,"Unknown"
"7014857",371856,2025-10-20 06:23:37,43.1713180541992,-8.43832206726074,"Unknown"
"7014857",371856,2025-10-20 06:28:37,43.1712036132812,-8.43827152252197,"Unknown"
"7014857",371856,2025-10-20 06:33:37,43.1717071533203,-8.43823337554932,"Unknown"
"7014857",371856,2025-10-20 06:38:37,43.1716613769531,-8.43821334838867,"Unknown"
"7014857",371856,2025-10-20 06:43:37,43.1716384887695,-8.43808841705322,"Unknown"
"7014857",371856,2025-10-20 06:48:37,43.1703224182129,-8.43839645385742,"Unknown"
"7014857",371856,2025-10-20 06:53:31,43.1709136962891,-8.43798542022705,"Unknown"
"7014857",371856,2025-10-20 06:58:30,43.1709403991699,-8.43793106079102,"Unknown"
"7014857",371856,2025-10-20 07:03:30,43.1709442138672,-8.43792057037354,"Unknown"
"7014857",371856,2025-10-20 07:08:30,43.1712493896484,-8.43821048736572,"Unknown"
"7014857",371856,2025-10-20 07:13:27,43.1715049743652,-8.43837451934814,"Unknown"
"7014857",371856,2025-10-20 07:18:30,43.1715812683105,-8.43825912475586,"Unknown"
"7014857",371856,2025-10-20 07:23:30,43.1715621948242,-8.43822383880615,"Unknown"
"7014857",371856,2025-10-20 07:28:28,43.1733856201172,-8.43365478515625,"Unknown"
"7014857",371856,2025-10-20 07:33:27,43.1712760925293,-8.4382905960083,"Unknown"
"7014857",371856,2025-10-20 07:38:25,43.1711311340332,-8.43828582763672,"Unknown"
"7014857",371856,2025-10-20 07:43:28,43.1712036132812,-8.43837642669678,"Unknown"
"7014857",371856,2025-10-20 07:48:24,43.170970916748,-8.43891620635986,"Unknown"
"7014857",371856,2025-10-20 07:53:28,43.1712112426758,-8.43862628936768,"Unknown"
"7014857",371856,2025-10-20 07:58:24,43.170955657959,-8.43894672393799,"Unknown"
"7014857",371856,2025-10-20 08:03:25,43.1706275939941,-8.44074726104736,"Unknown"
"7014857",371856,2025-10-20 08:08:27,43.1615982055664,-8.46170997619629,"Unknown"
"7014857",371856,2025-10-20 08:13:24,43.1445655822754,-8.47262382507324,"Unknown"
"7014857",371856,2025-10-20 08:18:36,43.1300888061523,-8.47106552124023,"Unknown"
"7014857",371856,2025-10-20 08:23:27,43.1303405761719,-8.4708833694458,"Unknown"
"7014857",371856,2025-10-20 08:28:36,43.1302490234375,-8.47085857391357,"Unknown"
"7014857",371856,2025-10-20 08:34:01,43.1304130554199,-8.47140884399414,"Unknown"
"7014857",371856,2025-10-20 08:38:30,43.1304817199707,-8.47184562683105,"Unknown"
"7014857",371856,2025-10-20 08:43:30,43.1301498413086,-8.47098922729492,"Unknown"
"7014857",371856,2025-10-20 08:48:30,43.1309623718262,-8.47107982635498,"Unknown"
"7014857",371856,2025-10-20 08:53:28,43.1303100585938,-8.46980857849121,"Unknown"
"7014857",371856,2025-10-20 08:58:25,43.1303863525391,-8.4697732925415,"Unknown"
"7014857",371856,2025-10-20 09:03:25,43.1306266784668,-8.47036933898926,"Unknown"
"7014857",371856,2025-10-20 09:08:28,43.1304664611816,-8.46994876861572,"Unknown"
"7014857",371856,2025-10-20 09:13:27,43.1306037902832,-8.47039031982422,"Unknown"
"7014857",371856,2025-10-20 09:18:27,43.1306381225586,-8.47035312652588,"Unknown"
"7014857",371856,2025-10-20 09:23:25,43.1303939819336,-8.46991062164307,"Unknown"
"7014857",371856,2025-10-20 09:28:24,43.1306571960449,-8.4702033996582,"Unknown"
"7014857",371856,2025-10-20 09:33:28,43.1303749084473,-8.4699010848999,"Unknown"
"7014857",371856,2025-10-20 09:38:25,43.1305656433105,-8.47023105621338,"Unknown"
"7014857",371856,2025-10-20 09:43:30,43.1304130554199,-8.469970703125,"Unknown"
"7014857",371856,2025-10-20 09:48:26,43.1301574707031,-8.46933364868164,"Unknown"
"7014857",371856,2025-10-20 09:53:28,43.1303863525391,-8.46983051300049,"Unknown"
"7014857",371856,2025-10-20 09:58:36,43.1303596496582,-8.46991157531738,"Unknown"
"7014857",371856,2025-10-20 10:03:31,43.1304473876953,-8.47000217437744,"Unknown"
"7014857",371856,2025-10-20 10:08:25,43.1307106018066,-8.47031784057617,"Unknown"
"7014857",371856,2025-10-20 10:13:30,43.1305999755859,-8.47032260894775,"Unknown"
"7014857",371856,2025-10-20 10:18:41,43.1301765441895,-8.46961116790771,"Unknown"
"7014857",371856,2025-10-20 10:23:23,43.1300201416016,-8.46979999542236,"Unknown"
"7014857",371856,2025-10-20 10:28:23,43.1300659179688,-8.4696741104126,"Unknown"
"7014857",371856,2025-10-20 10:33:23,43.1297607421875,-8.47003936767578,"Unknown"
"7014857",371856,2025-10-20 10:38:23,43.1300811767578,-8.46953868865967,"Unknown"
"7014857",371856,2025-10-20 10:43:23,43.1300964355469,-8.46953678131104,"Unknown"
"7014857",371856,2025-10-20 10:48:41,43.1301422119141,-8.46968269348145,"Unknown"
"7014857",371856,2025-10-20 10:53:23,43.1300773620605,-8.46975612640381,"Unknown"
"7014857",371856,2025-10-20 10:58:23,43.130241394043,-8.47122192382812,"Unknown"
"7014857",371856,2025-10-20 11:03:27,43.1304931640625,-8.47125053405762,"Unknown"
"7014857",371856,2025-10-20 11:08:28,43.1305389404297,-8.47080135345459,"Unknown"
"7014857",371856,2025-10-20 11:13:25,43.1303520202637,-8.47107887268066,"Unknown"
"7014857",371856,2025-10-20 11:18:23,43.1301536560059,-8.47109413146973,"Unknown"
"7014857",371856,2025-10-20 11:23:23,43.130199432373,-8.47103595733643,"Unknown"
"7014857",371856,2025-10-20 11:28:25,43.1300506591797,-8.47137355804443,"Unknown"
"7014857",371856,2025-10-20 11:33:30,43.1300201416016,-8.47111415863037,"Unknown"
"7014857",371856,2025-10-20 11:38:29,43.1302108764648,-8.47090435028076,"Unknown"
"7014857",371856,2025-10-20 11:43:27,43.1303100585938,-8.47087287902832,"Unknown"
"7014857",371856,2025-10-20 11:48:42,43.1302680969238,-8.47078418731689,"Unknown"
"7014857",371856,2025-10-20 11:53:23,43.1304206848145,-8.47110939025879,"Unknown"
"7014857",371856,2025-10-20 11:58:23,43.1303672790527,-8.47125339508057,"Unknown"
"7014857",371856,2025-10-20 12:03:25,43.1312942504883,-8.47172546386719,"Unknown"
"7014857",371856,2025-10-20 12:08:27,43.1301612854004,-8.46886348724365,"Unknown"
"7014857",371856,2025-10-20 12:13:28,43.130126953125,-8.46883964538574,"Unknown"
"7014857",371856,2025-10-20 12:18:23,43.1301422119141,-8.46875190734863,"Unknown"
"7014857",371856,2025-10-20 12:23:28,43.1301765441895,-8.46866893768311,"Unknown"
"7014857",371856,2025-10-20 12:28:27,43.1299171447754,-8.46963977813721,"Unknown"
"7014857",371856,2025-10-20 12:33:28,43.1298675537109,-8.46951580047607,"Unknown"
"7014857",371856,2025-10-20 12:38:28,43.1298713684082,-8.46957015991211,"Unknown"
"7014857",371856,2025-10-20 12:43:25,43.1299018859863,-8.46940231323242,"Unknown"
"7014857",371856,2025-10-20 12:48:45,43.1298217773438,-8.46927356719971,"Unknown"
"7014857",371856,2025-10-20 12:53:29,43.1298675537109,-8.46932125091553,"Unknown"
"7014857",371856,2025-10-20 12:58:32,43.1298751831055,-8.46946048736572,"Unknown"
"7014857",371856,2025-10-20 13:03:38,43.1298789978027,-8.46946048736572,"Unknown"
"7014857",371856,2025-10-20 13:08:39,43.1298370361328,-8.46924018859863,"Unknown"
"7014857",371856,2025-10-20 13:13:44,43.129955291748,-8.46964931488037,"Unknown"
"7014857",371856,2025-10-20 13:18:23,43.1299476623535,-8.4696741104126,"Unknown"
"7014857",371856,2025-10-20 13:23:36,43.1300277709961,-8.46973896026611,"Unknown"
"7014857",371856,2025-10-20 13:28:29,43.1299209594727,-8.46954536437988,"Unknown"
"7014857",371856,2025-10-20 13:33:30,43.1301078796387,-8.46984386444092,"Unknown"
"7014857",371856,2025-10-20 13:38:34,43.129753112793,-8.46944046020508,"Unknown"
"7014857",371856,2025-10-20 13:43:35,43.1302299499512,-8.4702091217041,"Unknown"
"7014857",371856,2025-10-20 13:48:44,43.1297492980957,-8.46965503692627,"Unknown"
"7014857",371856,2025-10-20 13:53:45,43.1297645568848,-8.46962642669678,"Unknown"
"7014857",371856,2025-10-20 13:58:39,43.1298828125,-8.46959209442139,"Unknown"
"7014857",371856,2025-10-20 14:03:30,43.1297225952148,-8.4694709777832,"Unknown"
"7014857",371856,2025-10-20 14:08:29,43.129997253418,-8.46951293945312,"Unknown"
"7014857",371856,2025-10-20 14:13:42,43.1294708251953,-8.46954727172852,"Unknown"
"7014857",371856,2025-10-20 14:18:44,43.1296195983887,-8.46956539154053,"Unknown"
"7014857",371856,2025-10-20 14:23:30,43.130443572998,-8.46884632110596,"Unknown"
"7014857",371856,2025-10-20 14:28:36,43.1297874450684,-8.46935844421387,"Unknown"
"7014857",371856,2025-10-20 14:33:35,43.1296882629395,-8.46953964233398,"Unknown"
"7014857",371856,2025-10-20 14:38:34,43.1296882629395,-8.46956634521484,"Unknown"
"7014857",371856,2025-10-20 14:43:35,43.1296882629395,-8.46944808959961,"Unknown"
"7014857",371856,2025-10-20 14:48:46,43.1296844482422,-8.46951007843018,"Unknown"
"7014857",371856,2025-10-20 14:53:27,43.1298179626465,-8.469482421875,"Unknown"
"7014857",371856,2025-10-20 14:58:35,43.1297836303711,-8.46949100494385,"Unknown"
"7014857",371856,2025-10-20 15:03:24,43.1296119689941,-8.46880912780762,"Unknown"
"7014857",371856,2025-10-20 15:08:35,43.1296157836914,-8.46953105926514,"Unknown"
"7014857",371856,2025-10-20 15:13:38,43.130256652832,-8.46979904174805,"Unknown"
"7014857",371856,2025-10-20 15:18:29,43.1297302246094,-8.46944332122803,"Unknown"
"7014857",371856,2025-10-20 15:23:30,43.1298408508301,-8.46952247619629,"Unknown"
"7014857",371856,2025-10-20 15:28:30,43.1299324035645,-8.46944618225098,"Unknown"
"7014857",371856,2025-10-20 15:33:30,43.1299591064453,-8.46944427490234,"Unknown"
"7014857",371856,2025-10-20 15:38:35,43.1297760009766,-8.4694709777832,"Unknown"
"7014857",371856,2025-10-20 15:43:33,43.1298866271973,-8.4695463180542,"Unknown"
"7014857",371856,2025-10-20 15:48:59,43.1299896240234,-8.46959209442139,"Unknown"
"7014857",371856,2025-10-20 15:53:22,43.1299438476562,-8.46949005126953,"Unknown"
"7014857",371856,2025-10-20 15:58:22,43.1299781799316,-8.46957397460938,"Unknown"
"7014857",371856,2025-10-20 16:03:22,43.1299629211426,-8.46950149536133,"Unknown"
"7014857",371856,2025-10-20 16:08:22,43.129940032959,-8.4695463180542,"Unknown"
"7014857",371856,2025-10-20 16:13:24,43.1300048828125,-8.4694766998291,"Unknown"
"7014857",371856,2025-10-20 16:18:23,43.130069732666,-8.46950912475586,"Unknown"
"7014857",371856,2025-10-20 16:23:23,43.1300888061523,-8.46953964233398,"Unknown"
"7014857",371856,2025-10-20 16:28:23,43.1531600952148,-8.46104431152344,"Unknown"
"7014857",371856,2025-10-20 16:33:22,43.1946029663086,-8.42416286468506,"Unknown"
"7014857",371856,2025-10-20 16:38:24,43.1945724487305,-8.42422485351562,"Unknown"
"7014857",371856,2025-10-20 16:43:23,43.1930389404297,-8.42405986785889,"Unknown"
"7014857",371856,2025-10-20 16:48:25,43.1901168823242,-8.42763137817383,"Unknown"
"7014857",371856,2025-10-20 16:53:27,43.177001953125,-8.4372091293335,"Unknown"
"7014857",371856,2025-10-20 16:58:28,43.1706733703613,-8.43838500976562,"Unknown"
"7014857",371856,2025-10-20 17:03:27,43.1706848144531,-8.43832111358643,"Unknown"
"7014857",371856,2025-10-20 17:08:36,43.1704177856445,-8.43851566314697,"Unknown"
"7014857",371856,2025-10-20 17:13:29,43.1707000732422,-8.43840599060059,"Unknown"
"7014857",371856,2025-10-20 17:18:30,43.1706314086914,-8.4382438659668,"Unknown"
"7014857",371856,2025-10-20 17:23:30,43.1706085205078,-8.43830013275146,"Unknown"
"7014857",371856,2025-10-20 17:28:30,43.1705284118652,-8.43838119506836,"Unknown"
"7014857",371856,2025-10-20 17:33:27,43.1705703735352,-8.43841457366943,"Unknown"
"7014857",371856,2025-10-20 17:38:34,43.1706428527832,-8.43826103210449,"Unknown"
"7014857",371856,2025-10-20 17:43:34,43.1706390380859,-8.43834590911865,"Unknown"
"7014857",371856,2025-10-20 17:48:35,43.1706619262695,-8.43831825256348,"Unknown"
"7014857",371856,2025-10-20 17:53:35,43.1706161499023,-8.43837261199951,"Unknown"
"7014857",371856,2025-10-20 17:58:35,43.1705894470215,-8.43834400177002,"Unknown"
"7014857",371856,2025-10-20 18:03:34,43.170581817627,-8.4382848739624,"Unknown"
"7014857",371856,2025-10-20 18:08:38,43.1706771850586,-8.4385232925415,"Unknown"
"7014857",371856,2025-10-20 18:13:33,43.1707000732422,-8.43830013275146,"Unknown"
"7014857",371856,2025-10-20 18:19:15,43.1712341308594,-8.4394006729126,"Unknown"
"7014857",371856,2025-10-20 23:18:53,43.1713027954102,-8.43861198425293,"Unknown"
"7014857",371856,2025-10-21 04:18:48,43.1712074279785,-8.4385814666748,"Unknown"
"7014857",371856,2025-10-21 05:19:05,43.1711578369141,-8.43850803375244,"Unknown"
"7014857",371856,2025-10-21 05:23:42,43.1712455749512,-8.43842124938965,"Unknown"
"7014857",371856,2025-10-21 05:28:42,43.1712379455566,-8.43847846984863,"Unknown"
"7014857",371856,2025-10-21 05:33:42,43.1712074279785,-8.43847274780273,"Unknown"
"7014857",371856,2025-10-21 05:38:42,43.1712417602539,-8.43843460083008,"Unknown"
"7014857",371856,2025-10-21 05:43:43,43.1711578369141,-8.43845653533936,"Unknown"
"7014857",371856,2025-10-21 05:48:43,43.1711692810059,-8.43822383880615,"Unknown"
"7014857",371856,2025-10-21 05:53:43,43.1711883544922,-8.43861675262451,"Unknown"
"7014857",371856,2025-10-21 05:58:43,43.1711273193359,-8.43851947784424,"Unknown"
"7014857",371856,2025-10-21 06:03:43,43.1711311340332,-8.43856811523438,"Unknown"
"7014857",371856,2025-10-21 06:08:46,43.1710739135742,-8.43863201141357,"Unknown"
"7014857",371856,2025-10-21 06:13:47,43.1711807250977,-8.43856525421143,"Unknown"
"7014857",371856,2025-10-21 06:18:42,43.1712684631348,-8.43843650817871,"Unknown"
"7014857",371856,2025-10-21 06:23:45,43.1711883544922,-8.43828868865967,"Unknown"
"7014857",371856,2025-10-21 06:28:48,43.1711807250977,-8.43839454650879,"Unknown"
"7014857",371856,2025-10-21 06:33:45,43.1708793640137,-8.43857097625732,"Unknown"
"7014857",371856,2025-10-21 06:39:04,43.1710014343262,-8.43866157531738,"Unknown"
"7014857",371856,2025-10-21 06:43:46,43.1709976196289,-8.43927001953125,"Unknown"
"7014857",371856,2025-10-21 06:48:47,43.171501159668,-8.43717288970947,"Unknown"
"7014857",371856,2025-10-21 06:53:54,43.1707801818848,-8.43854904174805,"Unknown"
"7014857",371856,2025-10-21 06:58:57,43.1706352233887,-8.43852615356445,"Unknown"
"7014857",371856,2025-10-21 07:03:45,43.1704216003418,-8.43908500671387,"Unknown"
"7014857",371856,2025-10-21 07:08:55,43.1706199645996,-8.43846893310547,"Unknown"
"7014857",371856,2025-10-21 07:13:48,43.1703414916992,-8.43895626068115,"Unknown"
"7014857",371856,2025-10-21 07:18:54,43.1707077026367,-8.43854808807373,"Unknown"
"7014857",371856,2025-10-21 07:23:54,43.1706924438477,-8.43853759765625,"Unknown"
"7014857",371856,2025-10-21 07:29:04,43.1679992675781,-8.45127773284912,"Unknown"
"7014857",371856,2025-10-21 07:34:14,43.1562881469727,-8.46727657318115,"Unknown"
"7014857",371856,2025-10-21 07:38:42,43.1426048278809,-8.4724760055542,"Unknown"
"7014857",371856,2025-10-21 07:43:44,43.1299133300781,-8.47119426727295,"Unknown"
"7014857",371856,2025-10-21 07:48:43,43.1299018859863,-8.47162055969238,"Unknown"
"7014857",371856,2025-10-21 07:53:46,43.1294937133789,-8.46983432769775,"Unknown"
"7014857",371856,2025-10-21 07:58:43,43.1301231384277,-8.47126770019531,"Unknown"
"7014857",371856,2025-10-21 08:03:43,43.1300430297852,-8.47131538391113,"Unknown"
"7014857",371856,2025-10-21 08:08:54,43.130241394043,-8.47150325775146,"Unknown"
"7014857",371856,2025-10-21 08:13:46,43.1300849914551,-8.47143936157227,"Unknown"
"7014857",371856,2025-10-21 08:18:54,43.1301727294922,-8.47157955169678,"Unknown"
"7014857",371856,2025-10-21 08:23:45,43.1300735473633,-8.47125244140625,"Unknown"
"7014857",371856,2025-10-21 08:28:45,43.1301155090332,-8.4714527130127,"Unknown"
"7014857",371856,2025-10-21 08:34:05,43.1300964355469,-8.47148704528809,"Unknown"
"7014857",371856,2025-10-21 08:38:52,43.1299858093262,-8.47158050537109,"Unknown"
"7014857",371856,2025-10-21 08:43:55,43.1304092407227,-8.47133922576904,"Unknown"
"7014857",371856,2025-10-21 08:48:55,43.13037109375,-8.47128772735596,"Unknown"
"7014857",371856,2025-10-21 08:53:55,43.13037109375,-8.47142314910889,"Unknown"
"7014857",371856,2025-10-21 08:58:55,43.1303939819336,-8.47128486633301,"Unknown"
"7014857",371856,2025-10-21 09:04:01,43.1302909851074,-8.47127056121826,"Unknown"
"7014857",371856,2025-10-21 09:08:56,43.1303253173828,-8.47125720977783,"Unknown"
"7014857",371856,2025-10-21 09:13:55,43.1319808959961,-8.47341537475586,"Unknown"
"7014857",371856,2025-10-21 09:18:56,43.1323928833008,-8.47361087799072,"Unknown"
"7014857",371856,2025-10-21 09:23:55,43.1321105957031,-8.4722785949707,"Unknown"
"7014857",371856,2025-10-21 09:28:57,43.1321220397949,-8.47237586975098,"Unknown"
"7014857",371856,2025-10-21 09:33:55,43.1321220397949,-8.47238445281982,"Unknown"
"7014857",371856,2025-10-21 09:38:58,43.1321296691895,-8.47237300872803,"Unknown"
"7014857",371856,2025-10-21 09:44:03,43.1321792602539,-8.47241401672363,"Unknown"
"7014857",371856,2025-10-21 09:48:46,43.1321830749512,-8.47248268127441,"Unknown"
"7014857",371856,2025-10-21 09:53:42,43.1322402954102,-8.4725341796875,"Unknown"
"7014857",371856,2025-10-21 09:58:43,43.1322746276855,-8.47264575958252,"Unknown"
"7014857",371856,2025-10-21 10:04:05,43.1327285766602,-8.47354125976562,"Unknown"
"7014857",371856,2025-10-21 10:08:43,43.132755279541,-8.47359561920166,"Unknown"
"7014857",371856,2025-10-21 10:13:43,43.1322937011719,-8.47342491149902,"Unknown"
"7014857",371856,2025-10-21 10:18:45,43.1323051452637,-8.47349548339844,"Unknown"
"7014857",371856,2025-10-21 10:23:44,43.1323852539062,-8.47351837158203,"Unknown"
"7014857",371856,2025-10-21 10:28:44,43.1322822570801,-8.47344589233398,"Unknown"
"7014857",371856,2025-10-21 10:33:45,43.132396697998,-8.47359085083008,"Unknown"
"7014857",371856,2025-10-21 10:38:46,43.1323356628418,-8.47358322143555,"Unknown"
"7014857",371856,2025-10-21 10:43:51,43.1323127746582,-8.47334098815918,"Unknown"
"7014857",371856,2025-10-21 10:48:49,43.1321029663086,-8.47334957122803,"Unknown"
"7014857",371856,2025-10-21 10:54:02,43.1321144104004,-8.473313331604,"Unknown"
"7014857",371856,2025-10-21 10:58:45,43.1320381164551,-8.47311687469482,"Unknown"
"7014857",371856,2025-10-21 11:03:48,43.132007598877,-8.47331428527832,"Unknown"
"7014857",371856,2025-10-21 11:08:45,43.1320724487305,-8.47349071502686,"Unknown"
"7014857",371856,2025-10-21 11:13:44,43.1320343017578,-8.47352504730225,"Unknown"
"7014857",371856,2025-10-21 11:18:43,43.1322288513184,-8.47401905059814,"Unknown"
"7014857",371856,2025-10-21 11:23:43,43.1322402954102,-8.47399711608887,"Unknown"
"7014857",371856,2025-10-21 11:28:46,43.1321105957031,-8.4735221862793,"Unknown"
"7014857",371856,2025-10-21 11:33:44,43.1321983337402,-8.47373390197754,"Unknown"
"7014857",371856,2025-10-21 11:38:47,43.1320571899414,-8.47335910797119,"Unknown"
"7014857",371856,2025-10-21 11:43:45,43.1321983337402,-8.47364711761475,"Unknown"
"7014857",371856,2025-10-21 11:48:45,43.1321220397949,-8.47355461120605,"Unknown"
"7014857",371856,2025-10-21 11:53:45,43.1321678161621,-8.47370624542236,"Unknown"
"7014857",371856,2025-10-21 11:58:43,43.1321105957031,-8.47353172302246,"Unknown"
"7014857",371856,2025-10-21 12:03:43,43.1321029663086,-8.47346019744873,"Unknown"
"7014857",371856,2025-10-21 12:08:44,43.1322326660156,-8.47376918792725,"Unknown"
"7014857",371856,2025-10-21 12:13:43,43.1321640014648,-8.4736213684082,"Unknown"
"7014857",371856,2025-10-21 12:18:43,43.1321487426758,-8.47367286682129,"Unknown"
"7014857",371856,2025-10-21 12:23:43,43.1321601867676,-8.47369289398193,"Unknown"
"7014857",371856,2025-10-21 12:28:45,43.130428314209,-8.46984958648682,"Unknown"
"7014857",371856,2025-10-21 12:33:43,43.1303176879883,-8.46972370147705,"Unknown"
"7014857",371856,2025-10-21 12:38:45,43.1302871704102,-8.46969318389893,"Unknown"
"7014857",371856,2025-10-21 12:48:45,43.1303939819336,-8.46987819671631,"Unknown"
"7014857",371856,2025-10-21 12:58:47,43.1300582885742,-8.46969795227051,"Unknown"
"7014857",371856,2025-10-21 13:03:43,43.13232421875,-8.47256183624268,"Unknown"
"7014857",371856,2025-10-21 13:13:46,43.1324005126953,-8.47264862060547,"Unknown"
"7014857",371856,2025-10-21 13:18:46,43.1323432922363,-8.4725866317749,"Unknown"
"7014857",371856,2025-10-21 13:23:45,43.132438659668,-8.47263813018799,"Unknown"
"7014857",371856,2025-10-21 13:29:00,43.1323661804199,-8.47249126434326,"Unknown"
"7014857",371856,2025-10-21 13:33:43,43.1310272216797,-8.47222328186035,"Unknown"
"7014857",371856,2025-10-21 13:38:54,43.1295509338379,-8.47039794921875,"Unknown"
"7014857",371856,2025-10-21 13:43:59,43.1296577453613,-8.47030448913574,"Unknown"
"7014857",371856,2025-10-21 13:48:46,43.129940032959,-8.47074699401855,"Unknown"
"7014857",371856,2025-10-21 13:53:54,43.1296272277832,-8.47029304504395,"Unknown"
"7014857",371856,2025-10-21 13:58:54,43.1295738220215,-8.47038555145264,"Unknown"
"7014857",371856,2025-10-21 14:04:05,43.1307601928711,-8.47087097167969,"Unknown"
"7014857",371856,2025-10-21 14:08:43,43.1305389404297,-8.47080326080322,"Unknown"
"7014857",371856,2025-10-21 14:13:42,43.1305389404297,-8.47076225280762,"Unknown"
"7014857",371856,2025-10-21 14:18:47,43.1308937072754,-8.47058773040771,"Unknown"
"7014857",371856,2025-10-21 14:23:46,43.1308364868164,-8.47064399719238,"Unknown"
"7014857",371856,2025-10-21 14:28:42,43.1266136169434,-8.47187042236328,"Unknown"
"7014857",371856,2025-10-21 14:33:42,43.1094017028809,-8.4883861541748,"Unknown"
"7014857",371856,2025-10-21 14:38:43,43.0992736816406,-8.49636650085449,"Unknown"
"7014857",371856,2025-10-21 14:43:43,43.0992240905762,-8.49604892730713,"Unknown"
"7014857",371856,2025-10-21 14:48:45,43.1016273498535,-8.49905490875244,"Unknown"
"7014857",371856,2025-10-21 14:53:44,43.1165962219238,-8.48261833190918,"Unknown"
"7014857",371856,2025-10-21 14:58:47,43.1292304992676,-8.46997833251953,"Unknown"
"7014857",371856,2025-10-21 15:03:49,43.129150390625,-8.46999645233154,"Unknown"
"7014857",371856,2025-10-21 15:08:44,43.1292419433594,-8.47004795074463,"Unknown"
"7014857",371856,2025-10-21 15:13:54,43.1290855407715,-8.47031307220459,"Unknown"
"7014857",371856,2025-10-21 15:18:44,43.1289596557617,-8.47030639648438,"Unknown"
"7014857",371856,2025-10-21 15:23:55,43.1291542053223,-8.4703369140625,"Unknown"
"7014857",371856,2025-10-21 15:28:47,43.1299095153809,-8.4704122543335,"Unknown"
"7014857",371856,2025-10-21 15:33:55,43.1291389465332,-8.47030735015869,"Unknown"
"7014857",371856,2025-10-21 15:38:48,43.127758026123,-8.46989727020264,"Unknown"
"7014857",371856,2025-10-21 15:44:01,43.1291656494141,-8.4703311920166,"Unknown"
"7014857",371856,2025-10-21 15:48:43,43.1293601989746,-8.47038173675537,"Unknown"
"7014857",371856,2025-10-21 15:53:47,43.1295700073242,-8.47039794921875,"Unknown"
"7014857",371856,2025-10-21 15:58:46,43.1297416687012,-8.47053241729736,"Unknown"
"7014857",371856,2025-10-21 16:04:15,43.1293983459473,-8.47039890289307,"Unknown"
"7014857",371856,2025-10-21 16:08:45,43.1294021606445,-8.47045993804932,"Unknown"
"7014857",371856,2025-10-21 16:13:44,43.1293487548828,-8.47037696838379,"Unknown"
"7014857",371856,2025-10-21 16:18:43,43.1294441223145,-8.47042655944824,"Unknown"
"7014857",371856,2025-10-21 16:23:45,43.1295471191406,-8.47045135498047,"Unknown"
"7014857",371856,2025-10-21 16:28:48,43.1302604675293,-8.47195053100586,"Unknown"
"7014857",371856,2025-10-21 16:33:44,43.1301879882812,-8.47197818756104,"Unknown"
"7014857",371856,2025-10-21 16:38:44,43.1301956176758,-8.47189807891846,"Unknown"
"7014857",371856,2025-10-21 16:43:47,43.1298446655273,-8.47197341918945,"Unknown"
"7014857",371856,2025-10-21 16:49:05,43.1300048828125,-8.47174167633057,"Unknown"
"7014857",371856,2025-10-21 16:53:47,43.1304969787598,-8.47169876098633,"Unknown"
"7014857",371856,2025-10-21 16:58:54,43.1299934387207,-8.47173023223877,"Unknown"
"7014857",371856,2025-10-21 17:03:54,43.1300773620605,-8.4716100692749,"Unknown"
"7014857",371856,2025-10-21 17:08:57,43.1299476623535,-8.4716911315918,"Unknown"
"7014857",371856,2025-10-21 17:18:54,43.1299743652344,-8.4716796875,"Unknown"
"7014857",371856,2025-10-21 17:23:54,43.1300849914551,-8.47157859802246,"Unknown"
"7014857",371856,2025-10-21 17:28:54,43.1510314941406,-8.45423412322998,"Unknown"
"7014857",371856,2025-10-21 17:39:05,43.1707229614258,-8.43846225738525,"Unknown"
"7014857",371856,2025-10-21 17:48:42,43.1707878112793,-8.4385461807251,"Unknown"
"7014857",371856,2025-10-21 17:58:44,43.1708641052246,-8.43865776062012,"Unknown"
"7014857",371856,2025-10-21 18:08:45,43.1711120605469,-8.43858242034912,"Unknown"
"7014857",371856,2025-10-21 18:19:24,43.1714973449707,-8.43865299224854,"Unknown"
"7014857",371856,2025-10-21 23:19:45,43.1711235046387,-8.43855667114258,"Unknown"
"7014857",371856,2025-10-22 04:19:45,43.1712226867676,-8.43845272064209,"Unknown"
"7014857",371856,2025-10-22 05:21:05,43.1712188720703,-8.43847846984863,"Unknown"
"7014857",371856,2025-10-22 05:30:55,43.1711502075195,-8.43844127655029,"Unknown"
"7014857",371856,2025-10-22 05:40:46,43.1710777282715,-8.43869113922119,"Unknown"
"7014857",371856,2025-10-22 05:50:43,43.1711883544922,-8.43841361999512,"Unknown"
"7014857",371856,2025-10-22 06:00:48,43.1712989807129,-8.43850421905518,"Unknown"
"7014857",371856,2025-10-22 06:10:44,43.1712837219238,-8.43855667114258,"Unknown"
"7014857",371856,2025-10-22 06:20:44,43.1712684631348,-8.43848037719727,"Unknown"
"7014857",371856,2025-10-22 06:30:46,43.1711044311523,-8.43832588195801,"Unknown"
"7014857",371856,2025-10-22 06:40:44,43.1712341308594,-8.43857765197754,"Unknown"
"7014857",371856,2025-10-22 06:50:46,43.1712493896484,-8.43862628936768,"Unknown"
"7014857",371856,2025-10-22 07:00:57,43.1707458496094,-8.43875598907471,"Unknown"
"7014857",371856,2025-10-22 07:10:44,43.1716346740723,-8.44374084472656,"Unknown"
"7014857",371856,2025-10-22 07:20:48,43.1720352172852,-8.44623947143555,"Unknown"
"7014857",371856,2025-10-22 07:31:14,43.1718559265137,-8.44611835479736,"Unknown"
"7014857",371856,2025-10-22 07:40:48,43.1718063354492,-8.44671154022217,"Unknown"
"7014857",371856,2025-10-22 07:50:49,43.1718330383301,-8.44636249542236,"Unknown"
"7014857",371856,2025-10-22 08:01:12,43.1718673706055,-8.44603252410889,"Unknown"
"7014857",371856,2025-10-22 08:10:45,43.171875,-8.44614410400391,"Unknown"
"7014857",371856,2025-10-22 08:20:45,43.1718559265137,-8.44613742828369,"Unknown"
"7014857",371856,2025-10-22 08:31:21,43.1481895446777,-8.47222518920898,"Unknown"
"7014857",371856,2025-10-22 08:40:52,43.1324195861816,-8.47265911102295,"Unknown"
"7014857",371856,2025-10-22 08:51:14,43.1299476623535,-8.47161293029785,"Unknown"
"7014857",371856,2025-10-22 09:00:43,43.1298866271973,-8.4715747833252,"Unknown"
"7014857",371856,2025-10-22 09:10:44,43.1311264038086,-8.47181606292725,"Unknown"
"7014857",371856,2025-10-22 09:20:49,43.1302719116211,-8.4710807800293,"Unknown"
"7014857",371856,2025-10-22 09:30:50,43.1298904418945,-8.4711217880249,"Unknown"
"7014857",371856,2025-10-22 09:40:48,43.1303253173828,-8.47132968902588,"Unknown"
"7014857",371856,2025-10-22 09:51:05,43.1305732727051,-8.47074890136719,"Unknown"
"7014857",371856,2025-10-22 10:00:49,43.130443572998,-8.47125911712646,"Unknown"
"7014857",371856,2025-10-22 10:10:55,43.1302223205566,-8.47108459472656,"Unknown"
"7014857",371856,2025-10-22 10:20:55,43.1302337646484,-8.47110939025879,"Unknown"
"7014857",371856,2025-10-22 10:30:55,43.1302604675293,-8.47114276885986,"Unknown"
"7014857",371856,2025-10-22 10:40:55,43.1301460266113,-8.47102928161621,"Unknown"
"7014857",371856,2025-10-22 10:50:55,43.1326332092285,-8.47304439544678,"Unknown"
"7014857",371856,2025-10-22 11:00:55,43.1326484680176,-8.47311973571777,"Unknown"
"7014857",371856,2025-10-22 11:10:52,43.1326293945312,-8.47306251525879,"Unknown"
"7014857",371856,2025-10-22 11:20:53,43.132625579834,-8.47309970855713,"Unknown"
"7014857",371856,2025-10-22 11:31:05,43.1326713562012,-8.47310924530029,"Unknown"
"7014857",371856,2025-10-22 11:40:43,43.1326522827148,-8.47311496734619,"Unknown"
"7014857",371856,2025-10-22 11:45:43,43.1325798034668,-8.47318553924561,"Unknown"
"7014857",371856,2025-10-22 11:50:43,43.132682800293,-8.47309112548828,"Unknown"
"7014857",371856,2025-10-22 11:55:43,43.132625579834,-8.47305297851562,"Unknown"
"7014857",371856,2025-10-22 12:05:43,43.132568359375,-8.47317028045654,"Unknown"
"7014857",371856,2025-10-22 12:15:44,43.1326217651367,-8.4730396270752,"Unknown"
"7014857",371856,2025-10-22 12:20:43,43.132625579834,-8.47305583953857,"Unknown"
"7014857",371856,2025-10-22 12:25:44,43.1327018737793,-8.47305679321289,"Unknown"
"7014857",371856,2025-10-22 12:35:46,43.1325569152832,-8.47292232513428,"Unknown"
"7014857",371856,2025-10-22 12:45:45,43.1328430175781,-8.47323513031006,"Unknown"
"7014857",371856,2025-10-22 12:55:45,43.1292953491211,-8.47021198272705,"Unknown"
"7014857",371856,2025-10-22 13:05:57,43.12939453125,-8.47027969360352,"Unknown"
"7014857",371856,2025-10-22 13:16:14,43.129451751709,-8.47036743164062,"Unknown"
"7014857",371856,2025-10-22 13:25:53,43.1303253173828,-8.47109413146973,"Unknown"
"7014857",371856,2025-10-22 13:35:49,43.1303215026855,-8.47093296051025,"Unknown"
"7014857",371856,2025-10-22 13:40:48,43.1303443908691,-8.4709005355835,"Unknown"
"7014857",371856,2025-10-22 13:51:05,43.1297912597656,-8.4698543548584,"Unknown"
"7014857",371856,2025-10-22 13:55:43,43.1304550170898,-8.47094440460205,"Unknown"
"7014857",371856,2025-10-22 14:00:43,43.1303672790527,-8.47119140625,"Unknown"
"7014857",371856,2025-10-22 14:10:44,43.1299476623535,-8.47136497497559,"Unknown"
"7014857",371856,2025-10-22 14:20:44,43.1298484802246,-8.47149467468262,"Unknown"
"7014857",371856,2025-10-22 14:25:43,43.1297874450684,-8.47139739990234,"Unknown"
"7014857",371856,2025-10-22 14:30:45,43.130443572998,-8.47196292877197,"Unknown"
"7014857",371856,2025-10-22 14:35:52,43.1303596496582,-8.47198867797852,"Unknown"
"7014857",371856,2025-10-22 14:40:45,43.1302719116211,-8.47200965881348,"Unknown"
"7014857",371856,2025-10-22 14:45:53,43.1303558349609,-8.47198486328125,"Unknown"
"7014857",371856,2025-10-22 14:50:48,43.1305313110352,-8.47195148468018,"Unknown"
"7014857",371856,2025-10-22 15:00:55,43.1303291320801,-8.47197723388672,"Unknown"
"7014857",371856,2025-10-22 15:10:55,43.1303596496582,-8.47194957733154,"Unknown"
"7014857",371856,2025-10-22 15:20:54,43.1301193237305,-8.47183990478516,"Unknown"
"7014857",371856,2025-10-22 15:25:47,43.1318511962891,-8.47161769866943,"Unknown"
"7014857",371856,2025-10-22 15:35:53,43.1302299499512,-8.47115135192871,"Unknown"
"7014857",371856,2025-10-22 15:40:46,43.1300430297852,-8.47121143341064,"Unknown"
"7014857",371856,2025-10-22 15:45:48,43.1301651000977,-8.47124099731445,"Unknown"
"7014857",371856,2025-10-22 15:50:52,43.130126953125,-8.47121047973633,"Unknown"
"7014857",371856,2025-10-22 16:00:46,43.1135482788086,-8.48484134674072,"Unknown"
"7014857",371856,2025-10-22 16:10:47,43.101016998291,-8.49841403961182,"Unknown"
"7014857",371856,2025-10-22 16:21:06,43.1289443969727,-8.47077560424805,"Unknown"
"7014857",371856,2025-10-22 16:30:57,43.1289710998535,-8.47078990936279,"Unknown"
"7014857",371856,2025-10-22 16:41:14,43.1288871765137,-8.47082996368408,"Unknown"
"7014857",371856,2025-10-22 16:45:50,43.128833770752,-8.47081756591797,"Unknown"
"7014857",371856,2025-10-22 16:56:05,43.1288185119629,-8.47081851959229,"Unknown"
"7014857",371856,2025-10-22 17:05:55,43.1287536621094,-8.47083473205566,"Unknown"
"7014857",371856,2025-10-22 17:15:46,43.1312942504883,-8.47142314910889,"Unknown"
"7014857",371856,2025-10-22 17:25:57,43.1708946228027,-8.43819999694824,"Unknown"
"7014857",371856,2025-10-22 17:36:14,43.1708374023438,-8.43827342987061,"Unknown"
"7014857",371856,2025-10-22 17:45:46,43.1708145141602,-8.43831634521484,"Unknown"
"7014857",371856,2025-10-22 17:55:47,43.1708030700684,-8.43835163116455,"Unknown"
"7014857",371856,2025-10-22 18:05:49,43.1709899902344,-8.43862438201904,"Unknown"
"7014857",371856,2025-10-22 18:15:54,43.1709442138672,-8.43844604492188,"Unknown"
"7014857",371856,2025-10-22 18:18:02,43.1711616516113,-8.43730449676514,"Unknown"
"7014857",371856,2025-10-22 23:18:23,43.1708869934082,-8.438157081604,"Unknown"
"7014857",371856,2025-10-23 04:18:23,43.171257019043,-8.43844223022461,"Unknown"
"7014857",371856,2025-10-23 05:21:37,43.1711006164551,-8.43854141235352,"Unknown"
"7014857",371856,2025-10-23 05:31:38,43.1711273193359,-8.43859481811523,"Unknown"
"7014857",371856,2025-10-23 05:41:40,43.1712493896484,-8.43865776062012,"Unknown"
"7014857",371856,2025-10-23 05:51:40,43.1710319519043,-8.43861961364746,"Unknown"
"7014857",371856,2025-10-23 06:01:39,43.1710777282715,-8.4386100769043,"Unknown"
"7014857",371856,2025-10-23 06:11:37,43.1711730957031,-8.43858909606934,"Unknown"
"7014857",371856,2025-10-23 06:21:37,43.1713180541992,-8.43857669830322,"Unknown"
"7014857",371856,2025-10-23 06:31:38,43.1711158752441,-8.43845176696777,"Unknown"
"7014857",371856,2025-10-23 06:41:37,43.1710739135742,-8.43859481811523,"Unknown"
"7014857",371856,2025-10-23 06:51:38,43.1708984375,-8.43833923339844,"Unknown"
"7014857",371856,2025-10-23 07:01:41,43.1706314086914,-8.43872737884521,"Unknown"
"7014857",371856,2025-10-23 07:11:39,43.1711921691895,-8.43875026702881,"Unknown"
"7014857",371856,2025-10-23 07:22:14,43.1707229614258,-8.43859195709229,"Unknown"
"7014857",371856,2025-10-23 07:31:38,43.1650886535645,-8.45863628387451,"Unknown"
"7014857",371856,2025-10-23 07:41:40,43.1302833557129,-8.47107982635498,"Unknown"
"7014857",371856,2025-10-23 07:52:35,43.1302833557129,-8.47104930877686,"Unknown"
"7014857",371856,2025-10-23 08:01:48,43.1303024291992,-8.47093963623047,"Unknown"
"7014857",371856,2025-10-23 08:11:52,43.1303062438965,-8.47091102600098,"Unknown"
"7014857",371856,2025-10-23 08:22:14,43.1302833557129,-8.47128295898438,"Unknown"
"7014857",371856,2025-10-23 08:31:38,43.1303176879883,-8.47114753723145,"Unknown"
"7014857",371856,2025-10-23 08:41:51,43.1303100585938,-8.47124671936035,"Unknown"
"7014857",371856,2025-10-23 08:52:05,43.1304016113281,-8.47142219543457,"Unknown"
"7014857",371856,2025-10-23 09:01:38,43.1304016113281,-8.47140502929688,"Unknown"
"7014857",371856,2025-10-23 09:11:38,43.1291580200195,-8.4711799621582,"Unknown"
"7014857",371856,2025-10-23 09:21:38,43.1289520263672,-8.47086238861084,"Unknown"
"7014857",371856,2025-10-23 09:31:37,43.1289939880371,-8.47087478637695,"Unknown"
"7014857",371856,2025-10-23 09:41:38,43.1290588378906,-8.47098636627197,"Unknown"
"7014857",371856,2025-10-23 09:51:38,43.1289939880371,-8.47094249725342,"Unknown"
"7014857",371856,2025-10-23 10:01:42,43.1289329528809,-8.47081565856934,"Unknown"
"7014857",371856,2025-10-23 10:11:38,43.1290321350098,-8.47089672088623,"Unknown"
"7014857",371856,2025-10-23 10:21:40,43.1305694580078,-8.47000122070312,"Unknown"
"7014857",371856,2025-10-23 10:31:40,43.1308822631836,-8.4705171585083,"Unknown"
"7014857",371856,2025-10-23 10:41:49,43.1303939819336,-8.46979808807373,"Unknown"
"7014857",371856,2025-10-23 10:51:50,43.1304244995117,-8.46987056732178,"Unknown"
"7014857",371856,2025-10-23 11:01:48,43.1303939819336,-8.46985340118408,"Unknown"
"7014857",371856,2025-10-23 11:11:43,43.1304397583008,-8.4698600769043,"Unknown"
"7014857",371856,2025-10-23 11:21:38,43.1304168701172,-8.47134113311768,"Unknown"
"7014857",371856,2025-10-23 11:31:38,43.1304817199707,-8.47144985198975,"Unknown"
"7014857",371856,2025-10-23 11:41:38,43.1304588317871,-8.47152423858643,"Unknown"
"7014857",371856,2025-10-23 11:51:38,43.1304397583008,-8.47140312194824,"Unknown"
"7014857",371856,2025-10-23 12:01:40,43.1305809020996,-8.47187232971191,"Unknown"
"7014857",371856,2025-10-23 12:12:05,43.1304092407227,-8.4714469909668,"Unknown"
"7014857",371856,2025-10-23 12:21:43,43.1304054260254,-8.47139930725098,"Unknown"
"7014857",371856,2025-10-23 12:31:44,43.1302185058594,-8.47120094299316,"Unknown"
"7014857",371856,2025-10-23 12:36:43,43.1302452087402,-8.47129058837891,"Unknown"
"7014857",371856,2025-10-23 12:46:43,43.1302719116211,-8.47113800048828,"Unknown"
"7014857",371856,2025-10-23 12:51:44,43.130184173584,-8.47140121459961,"Unknown"
"7014857",371856,2025-10-23 12:56:44,43.1302032470703,-8.47134685516357,"Unknown"
"7014857",371856,2025-10-23 13:01:43,43.1301193237305,-8.47144317626953,"Unknown"
"7014857",371856,2025-10-23 13:06:42,43.130184173584,-8.47140026092529,"Unknown"
"7014857",371856,2025-10-23 13:11:45,43.1321487426758,-8.47024250030518,"Unknown"
"7014857",371856,2025-10-23 13:21:45,43.131893157959,-8.46932601928711,"Unknown"
"7014857",371856,2025-10-23 13:31:45,43.132511138916,-8.4700870513916,"Unknown"
"7014857",371856,2025-10-23 13:36:46,43.1323432922363,-8.46963214874268,"Unknown"
"7014857",371856,2025-10-23 13:41:45,43.1324005126953,-8.46991062164307,"Unknown"
"7014857",371856,2025-10-23 13:46:45,43.1325263977051,-8.47017765045166,"Unknown"
"7014857",371856,2025-10-23 13:51:45,43.1324462890625,-8.46961879730225,"Unknown"
"7014857",371856,2025-10-23 13:56:46,43.1325645446777,-8.47000885009766,"Unknown"
"7014857",371856,2025-10-23 14:02:05,43.132266998291,-8.46973896026611,"Unknown"
"7014857",371856,2025-10-23 14:06:42,43.1321563720703,-8.46981620788574,"Unknown"
"7014857",371856,2025-10-23 14:11:42,43.1321983337402,-8.46988773345947,"Unknown"
"7014857",371856,2025-10-23 14:16:42,43.1323165893555,-8.4697151184082,"Unknown"
"7014857",371856,2025-10-23 14:21:42,43.132194519043,-8.46981811523438,"Unknown"
"7014857",371856,2025-10-23 14:26:43,43.1321449279785,-8.46986198425293,"Unknown"
"7014857",371856,2025-10-23 14:31:42,43.1323051452637,-8.46986770629883,"Unknown"
"7014857",371856,2025-10-23 14:36:44,43.1322326660156,-8.46967506408691,"Unknown"
"7014857",371856,2025-10-23 14:41:43,43.1322784423828,-8.46978187561035,"Unknown"
"7014857",371856,2025-10-23 14:46:44,43.1324653625488,-8.4694995880127,"Unknown"
"7014857",371856,2025-10-23 14:51:44,43.1323127746582,-8.46971607208252,"Unknown"
"7014857",371856,2025-10-23 14:56:45,43.1323699951172,-8.46969795227051,"Unknown"
"7014857",371856,2025-10-23 15:01:46,43.1324310302734,-8.46947574615479,"Unknown"
"7014857",371856,2025-10-23 15:06:47,43.1323699951172,-8.46953582763672,"Unknown"
"7014857",371856,2025-10-23 15:11:51,43.1325225830078,-8.46957015991211,"Unknown"
"7014857",371856,2025-10-23 15:16:43,43.1323051452637,-8.46975612640381,"Unknown"
"7014857",371856,2025-10-23 15:21:45,43.1325721740723,-8.46983909606934,"Unknown"
"7014857",371856,2025-10-23 15:26:42,43.13232421875,-8.46957206726074,"Unknown"
"7014857",371856,2025-10-23 15:31:42,43.1325225830078,-8.46965026855469,"Unknown"
"7014857",371856,2025-10-23 15:36:43,43.1324195861816,-8.46962547302246,"Unknown"
"7014857",371856,2025-10-23 15:41:47,43.1326789855957,-8.46962261199951,"Unknown"
"7014857",371856,2025-10-23 15:46:45,43.132396697998,-8.46977233886719,"Unknown"
"7014857",371856,2025-10-23 15:51:47,43.1320686340332,-8.46967887878418,"Unknown"
"7014857",371856,2025-10-23 15:56:45,43.1323394775391,-8.46961688995361,"Unknown"
"7014857",371856,2025-10-23 16:01:48,43.1318473815918,-8.46981430053711,"Unknown"
"7014857",371856,2025-10-23 16:06:57,43.1332054138184,-8.46948719024658,"Unknown"
"7014857",371856,2025-10-23 16:17:05,43.1436347961426,-8.47163772583008,"Unknown"
"7014857",371856,2025-10-23 16:26:43,43.1707801818848,-8.43843460083008,"Unknown"
"7014857",371856,2025-10-23 16:36:48,43.1713409423828,-8.43833446502686,"Unknown"
"7014857",371856,2025-10-23 16:46:52,43.1705589294434,-8.43862724304199,"Unknown"
"7014857",371856,2025-10-23 16:57:14,43.1706161499023,-8.4385929107666,"Unknown"
"7014857",371856,2025-10-23 17:06:44,43.1712379455566,-8.43840408325195,"Unknown"
"7014857",371856,2025-10-23 17:16:45,43.1708068847656,-8.43850421905518,"Unknown"
"7014857",371856,2025-10-23 17:26:54,43.1707458496094,-8.43844223022461,"Unknown"
"7014857",371856,2025-10-23 17:37:05,43.1712036132812,-8.43743133544922,"Unknown"
"7014857",371856,2025-10-23 17:46:46,43.1711616516113,-8.43681526184082,"Unknown"
"7014857",371856,2025-10-23 17:56:45,43.1710777282715,-8.4368782043457,"Unknown"
"7014857",371856,2025-10-23 18:07:05,43.171501159668,-8.43804454803467,"Unknown"
"7014857",371856,2025-10-23 18:16:10,43.1710548400879,-8.43830490112305,"Unknown"
"7014857",371856,2025-10-23 23:16:35,43.1712837219238,-8.43846130371094,"Unknown"
"7014857",371856,2025-10-24 04:16:36,43.1713256835938,-8.43837356567383,"Unknown"
"7014857",371856,2025-10-24 05:23:14,43.1712379455566,-8.43843841552734,"Unknown"
"7014857",371856,2025-10-24 05:32:56,43.1711730957031,-8.43848705291748,"Unknown"
"7014857",371856,2025-10-24 05:42:56,43.171085357666,-8.43860626220703,"Unknown"
"7014857",371856,2025-10-24 05:52:56,43.1711845397949,-8.4384937286377,"Unknown"
"7014857",371856,2025-10-24 06:02:59,43.1711769104004,-8.4384593963623,"Unknown"
"7014857",371856,2025-10-24 06:12:58,43.171199798584,-8.43829345703125,"Unknown"
"7014857",371856,2025-10-24 06:22:59,43.1711158752441,-8.4380578994751,"Unknown"
"7014857",371856,2025-10-24 06:32:58,43.1713523864746,-8.43849182128906,"Unknown"
"7014857",371856,2025-10-24 06:42:58,43.1712188720703,-8.43836402893066,"Unknown"
"7014857",371856,2025-10-24 06:53:05,43.1705894470215,-8.43856525421143,"Unknown"
"7014857",371856,2025-10-24 07:03:00,43.1708869934082,-8.43873023986816,"Unknown"
"7014857",371856,2025-10-24 07:13:15,43.1705474853516,-8.43845844268799,"Unknown"
"7014857",371856,2025-10-24 07:23:04,43.1704292297363,-8.43835926055908,"Unknown"
"7014857",371856,2025-10-24 07:33:05,43.1706619262695,-8.43844795227051,"Unknown"
"7014857",371856,2025-10-24 07:42:57,43.1706886291504,-8.43842315673828,"Unknown"
"7014857",371856,2025-10-24 07:53:53,43.1713523864746,-8.44634437561035,"Unknown"
"7014857",371856,2025-10-24 08:03:14,43.1713638305664,-8.4463415145874,"Unknown"
"7014857",371856,2025-10-24 08:13:01,43.1714172363281,-8.44612979888916,"Unknown"
"7014857",371856,2025-10-24 08:23:14,43.1713714599609,-8.44615268707275,"Unknown"
"7014857",371856,2025-10-24 08:33:06,43.1713600158691,-8.44601917266846,"Unknown"
"7014857",371856,2025-10-24 08:43:29,43.1713600158691,-8.44605731964111,"Unknown"
"7014857",371856,2025-10-24 08:53:13,43.1712341308594,-8.44607448577881,"Unknown"
"7014857",371856,2025-10-24 09:03:13,43.1608543395996,-8.45859336853027,"Unknown"
"7014857",371856,2025-10-24 09:13:16,43.1302680969238,-8.4712610244751,"Unknown"
"7014857",371856,2025-10-24 09:23:03,43.1305541992188,-8.47118759155273,"Unknown"
"7014857",371856,2025-10-24 09:33:07,43.1300239562988,-8.47121047973633,"Unknown"
"7014857",371856,2025-10-24 09:43:35,43.1305160522461,-8.4711389541626,"Unknown"
"7014857",371856,2025-10-24 09:53:14,43.1302947998047,-8.47107028961182,"Unknown"
"7014857",371856,2025-10-24 10:03:05,43.1324195861816,-8.47019386291504,"Unknown"
"7014857",371856,2025-10-24 10:13:00,43.1324195861816,-8.470458984375,"Unknown"
"7014857",371856,2025-10-24 10:23:11,43.1322746276855,-8.47020721435547,"Unknown"
"7014857",371856,2025-10-24 10:33:00,43.1321983337402,-8.46980762481689,"Unknown"
"7014857",371856,2025-10-24 10:42:59,43.1327514648438,-8.47020530700684,"Unknown"
"7014857",371856,2025-10-24 10:53:29,43.1322326660156,-8.469801902771,"Unknown"
"7014857",371856,2025-10-24 11:02:57,43.1323051452637,-8.46972370147705,"Unknown"
"7014857",371856,2025-10-24 11:12:57,43.1322555541992,-8.46977043151855,"Unknown"
"7014857",371856,2025-10-24 11:23:01,43.1322746276855,-8.46973705291748,"Unknown"
"7014857",371856,2025-10-24 11:32:57,43.1321868896484,-8.469801902771,"Unknown"
"7014857",371856,2025-10-24 11:42:56,43.1322631835938,-8.4696626663208,"Unknown"
"7014857",371856,2025-10-24 11:52:58,43.1323585510254,-8.46972274780273,"Unknown"
"7014857",371856,2025-10-24 12:02:58,43.1323547363281,-8.46977424621582,"Unknown"
"7014857",371856,2025-10-24 12:07:57,43.1319961547852,-8.46972942352295,"Unknown"
"7014857",371856,2025-10-24 12:17:56,43.1326599121094,-8.46987342834473,"Unknown"
"7014857",371856,2025-10-24 12:27:58,43.132438659668,-8.46975231170654,"Unknown"
"7014857",371856,2025-10-24 12:37:58,43.1323051452637,-8.46947765350342,"Unknown"
"7014857",371856,2025-10-24 12:48:03,43.1322174072266,-8.46963214874268,"Unknown"
"7014857",371856,2025-10-24 12:58:03,43.1324844360352,-8.4697961807251,"Unknown"
"7014857",371856,2025-10-24 13:07:57,43.1335487365723,-8.47112369537354,"Unknown"
"7014857",371856,2025-10-24 13:17:59,43.1326026916504,-8.46962356567383,"Unknown"
"7014857",371856,2025-10-24 13:28:11,43.1324920654297,-8.46969413757324,"Unknown"
"7014857",371856,2025-10-24 13:37:57,43.1327438354492,-8.47047328948975,"Unknown"
"7014857",371856,2025-10-24 13:48:14,43.1322021484375,-8.46907520294189,"Unknown"
"7014857",371856,2025-10-24 13:57:58,43.1325645446777,-8.46965026855469,"Unknown"
"7014857",371856,2025-10-24 14:08:29,43.1323585510254,-8.46976089477539,"Unknown"
"7014857",371856,2025-10-24 14:18:00,43.1325340270996,-8.46969795227051,"Unknown"
"7014857",371856,2025-10-24 14:28:06,43.132453918457,-8.46953773498535,"Unknown"
"7014857",371856,2025-10-24 14:38:00,43.1323432922363,-8.46962356567383,"Unknown"
"7014857",371856,2025-10-24 14:47:57,43.1304664611816,-8.47090148925781,"Unknown"
"7014857",371856,2025-10-24 14:58:06,43.13037109375,-8.47117614746094,"Unknown"
"7014857",371856,2025-10-24 15:08:05,43.1302833557129,-8.46925926208496,"Unknown"
"7014857",371856,2025-10-24 15:18:14,43.1302757263184,-8.46953582763672,"Unknown"
"7014857",371856,2025-10-24 15:28:06,43.1303215026855,-8.46951770782471,"Unknown"
"7014857",371856,2025-10-24 15:38:06,43.1301536560059,-8.46966743469238,"Unknown"
"7014857",371856,2025-10-24 15:48:15,43.1303291320801,-8.4694652557373,"Unknown"
"7014857",371856,2025-10-24 15:58:01,43.1303787231445,-8.46944332122803,"Unknown"
"7014857",371856,2025-10-24 16:08:01,43.1323013305664,-8.46834373474121,"Unknown"
"7014857",371856,2025-10-24 16:17:59,43.1322364807129,-8.46847438812256,"Unknown"
"7014857",371856,2025-10-24 16:27:58,43.1322059631348,-8.46846294403076,"Unknown"
"7014857",371856,2025-10-24 16:38:13,43.1320648193359,-8.46829891204834,"Unknown"
"7014857",371856,2025-10-24 16:48:29,43.1322021484375,-8.46831130981445,"Unknown"
"7014857",371856,2025-10-24 16:57:56,43.1323318481445,-8.46820068359375,"Unknown"
"7014857",371856,2025-10-24 17:07:59,43.1321601867676,-8.46832752227783,"Unknown"
"7014857",371856,2025-10-24 17:17:56,43.1469306945801,-8.4700870513916,"Unknown"
"7014857",371856,2025-10-24 17:28:00,43.171516418457,-8.43781089782715,"Unknown"
"7014857",371856,2025-10-24 17:38:14,43.1715431213379,-8.43800926208496,"Unknown"
"7014857",371856,2025-10-24 17:48:00,43.1714820861816,-8.43780040740967,"Unknown"
"7014857",371856,2025-10-24 17:58:01,43.1714668273926,-8.43793678283691,"Unknown"
"7014857",371856,2025-10-24 18:07:57,43.1711654663086,-8.43826580047607,"Unknown"
"7014857",371856,2025-10-24 18:15:09,43.1713485717773,-8.43818759918213,"Unknown"
"7014857",371856,2025-10-24 23:15:35,43.1713333129883,-8.44012832641602,"Unknown"
"7014857",371856,2025-10-25 04:16:05,43.1713256835938,-8.44076919555664,"Unknown"
"7014857",371856,2025-10-25 05:24:03,43.1713485717773,-8.4407434463501,"Unknown"
"7014857",371856,2025-10-25 05:34:12,43.1714477539062,-8.44079875946045,"Unknown"
"7014857",371856,2025-10-25 05:44:03,43.1712875366211,-8.44082736968994,"Unknown"
"7014857",371856,2025-10-25 05:54:07,43.1714286804199,-8.44079780578613,"Unknown"
"7014857",371856,2025-10-25 06:04:03,43.1713829040527,-8.44083118438721,"Unknown"
"7014857",371856,2025-10-25 06:14:09,43.1713905334473,-8.44085311889648,"Unknown"
"7014857",371856,2025-10-25 06:24:14,43.1714668273926,-8.44089603424072,"Unknown"
"7014857",371856,2025-10-25 06:34:04,43.1713676452637,-8.44080257415771,"Unknown"
"7014857",371856,2025-10-25 06:44:37,43.1713790893555,-8.44097805023193,"Unknown"
"7014857",371856,2025-10-25 06:54:05,43.1723594665527,-8.4459981918335,"Unknown"
"7014857",371856,2025-10-25 07:04:02,43.1712188720703,-8.4448356628418,"Unknown"
"7014857",371856,2025-10-25 07:14:16,43.1719551086426,-8.44549751281738,"Unknown"
"7014857",371856,2025-10-25 07:24:04,43.1937942504883,-8.42407703399658,"Unknown"
"7014857",371856,2025-10-25 07:34:06,43.192626953125,-8.42367076873779,"Unknown"
"7014857",371856,2025-10-25 07:44:10,43.1752777099609,-8.43944358825684,"Unknown"
"7014857",371856,2025-10-25 07:54:09,43.1728477478027,-8.43760395050049,"Unknown"
"7014857",371856,2025-10-25 08:04:12,43.1729583740234,-8.43780517578125,"Unknown"
"7014857",371856,2025-10-25 08:14:04,43.1730880737305,-8.43790054321289,"Unknown"
"7014857",371856,2025-10-25 08:24:13,43.1729888916016,-8.43780994415283,"Unknown"
"7014857",371856,2025-10-25 08:34:20,43.1729469299316,-8.43781661987305,"Unknown"
"7014857",371856,2025-10-25 08:44:11,43.172981262207,-8.43796825408936,"Unknown"
"7014857",371856,2025-10-25 08:54:09,43.1730155944824,-8.43771648406982,"Unknown"
"7014857",371856,2025-10-25 09:04:14,43.1730461120605,-8.43783664703369,"Unknown"
"7014857",371856,2025-10-25 09:14:03,43.1730690002441,-8.43797969818115,"Unknown"
"7014857",371856,2025-10-25 09:24:09,43.1730194091797,-8.43777656555176,"Unknown"
"7014857",371856,2025-10-25 09:34:14,43.1730346679688,-8.43776702880859,"Unknown"
"7014857",371856,2025-10-25 09:44:09,43.1729774475098,-8.43789482116699,"Unknown"
"7014857",371856,2025-10-25 09:54:09,43.1730155944824,-8.43787956237793,"Unknown"
"7014857",371856,2025-10-25 10:04:13,43.1728401184082,-8.437912940979,"Unknown"
"7014857",371856,2025-10-25 10:14:08,43.1730003356934,-8.43798923492432,"Unknown"
"7014857",371856,2025-10-25 10:24:10,43.1330718994141,-8.47111034393311,"Unknown"
"7014857",371856,2025-10-25 10:34:10,43.1305236816406,-8.47125816345215,"Unknown"
"7014857",371856,2025-10-25 10:44:16,43.1304664611816,-8.47122383117676,"Unknown"
"7014857",371856,2025-10-25 10:54:15,43.1297340393066,-8.4709005355835,"Unknown"
"7014857",371856,2025-10-25 11:04:36,43.1305046081543,-8.47138404846191,"Unknown"
"7014857",371856,2025-10-25 11:14:07,43.1303596496582,-8.47136783599854,"Unknown"
"7014857",371856,2025-10-25 11:24:07,43.1304969787598,-8.47142219543457,"Unknown"
"7014857",371856,2025-10-25 11:34:06,43.1303787231445,-8.4713888168335,"Unknown"
"7014857",371856,2025-10-25 11:44:13,43.1302947998047,-8.47136688232422,"Unknown"
"7014857",371856,2025-10-25 11:54:14,43.1303863525391,-8.47151851654053,"Unknown"
"7014857",371856,2025-10-25 12:04:08,43.1333961486816,-8.46910953521729,"Unknown"
"7014857",371856,2025-10-25 12:14:11,43.1335525512695,-8.4701452255249,"Unknown"
"7014857",371856,2025-10-25 12:24:17,43.1332969665527,-8.47012519836426,"Unknown"
"7014857",371856,2025-10-25 12:34:35,43.1332664489746,-8.47011756896973,"Unknown"
"7014857",371856,2025-10-25 12:44:02,43.1333389282227,-8.47021293640137,"Unknown"
"7014857",371856,2025-10-25 12:54:02,43.1335296630859,-8.47036838531494,"Unknown"
"7014857",371856,2025-10-25 13:04:06,43.133243560791,-8.47004127502441,"Unknown"
"7014857",371856,2025-10-25 13:14:14,43.1332130432129,-8.47006034851074,"Unknown"
"7014857",371856,2025-10-25 13:24:35,43.133228302002,-8.47003078460693,"Unknown"
"7014857",371856,2025-10-25 13:34:06,43.1303062438965,-8.46936416625977,"Unknown"
"7014857",371856,2025-10-25 13:44:04,43.1302757263184,-8.46928596496582,"Unknown"
"7014857",371856,2025-10-25 13:54:04,43.1324424743652,-8.46851634979248,"Unknown"
"7014857",371856,2025-10-25 14:04:03,43.1324501037598,-8.46833896636963,"Unknown"
"7014857",371856,2025-10-25 14:14:06,43.1324310302734,-8.46851825714111,"Unknown"
"7014857",371856,2025-10-25 14:24:07,43.1324234008789,-8.46864223480225,"Unknown"
"7014857",371856,2025-10-25 14:34:07,43.1323890686035,-8.46844959259033,"Unknown"
"7014857",371856,2025-10-25 14:44:04,43.1324691772461,-8.46840763092041,"Unknown"
"7014857",371856,2025-10-25 14:54:08,43.1325912475586,-8.46859931945801,"Unknown"
"7014857",371856,2025-10-25 15:04:08,43.1325988769531,-8.46882438659668,"Unknown"
"7014857",371856,2025-10-25 15:14:14,43.1303024291992,-8.47166347503662,"Unknown"
"7014857",371856,2025-10-25 15:24:08,43.1303787231445,-8.47152996063232,"Unknown"
"7014857",371856,2025-10-25 15:34:20,43.1302947998047,-8.47153759002686,"Unknown"
"7014857",371856,2025-10-25 15:44:08,43.1303901672363,-8.4715461730957,"Unknown"
"7014857",371856,2025-10-25 15:54:14,43.1305351257324,-8.47036933898926,"Unknown"
"7014857",371856,2025-10-25 16:04:02,43.1325721740723,-8.46835327148438,"Unknown"
"7014857",371856,2025-10-25 16:14:08,43.1325836181641,-8.46807193756104,"Unknown"
"7014857",371856,2025-10-25 16:24:08,43.1567230224609,-8.46318244934082,"Unknown"
"7014857",371856,2025-10-25 16:34:08,43.1931571960449,-8.42380714416504,"Unknown"
"7014857",371856,2025-10-25 16:44:35,43.1936149597168,-8.4243106842041,"Unknown"
"7014857",371856,2025-10-25 16:54:31,43.1729469299316,-8.43777751922607,"Unknown"
"7014857",371856,2025-10-25 17:04:02,43.1729583740234,-8.43776226043701,"Unknown"
"7014857",371856,2025-10-25 17:14:01,43.1729583740234,-8.43776512145996,"Unknown"
"7014857",371856,2025-10-25 17:24:03,43.172981262207,-8.43769073486328,"Unknown"
"7014857",371856,2025-10-25 17:34:03,43.1729202270508,-8.43770122528076,"Unknown"
"7014857",371856,2025-10-25 17:44:02,43.1715850830078,-8.43815326690674,"Unknown"
"7014857",371856,2025-10-25 17:54:02,43.1715965270996,-8.43822765350342,"Unknown"
"7014857",371856,2025-10-25 18:04:05,43.1715354919434,-8.43848323822021,"Unknown"
"7014857",371856,2025-10-25 18:13:38,43.171501159668,-8.43825912475586,"Unknown"
"7014857",371856,2025-10-25 23:14:05,43.1722297668457,-8.43835639953613,"Unknown"
"7014857",371856,2025-10-26 04:14:05,43.171459197998,-8.43834972381592,"Unknown"
"7014857",371856,2025-10-26 05:25:14,43.1714134216309,-8.43832397460938,"Unknown"
"7014857",371856,2025-10-26 05:35:15,43.1714897155762,-8.43827438354492,"Unknown"
"7014857",371856,2025-10-26 05:45:15,43.1714706420898,-8.43832874298096,"Unknown"
"7014857",371856,2025-10-26 05:55:15,43.1714019775391,-8.43837738037109,"Unknown"
"7014857",371856,2025-10-26 06:05:15,43.1714744567871,-8.43832683563232,"Unknown"
"7014857",371856,2025-10-26 06:15:14,43.1714515686035,-8.43837833404541,"Unknown"
"7014857",371856,2025-10-26 06:25:14,43.1714134216309,-8.43844032287598,"Unknown"
"7014857",371856,2025-10-26 06:35:16,43.1714057922363,-8.43843173980713,"Unknown"
"7014857",371856,2025-10-26 06:45:16,43.1713066101074,-8.43824672698975,"Unknown"
"7014857",371856,2025-10-26 06:55:15,43.171817779541,-8.43858623504639,"Unknown"
"7014857",371856,2025-10-26 07:05:18,43.170783996582,-8.43852615356445,"Unknown"
"7014857",371856,2025-10-26 07:15:35,43.170768737793,-8.43852996826172,"Unknown"
"7014857",371856,2025-10-26 07:25:15,43.170654296875,-8.43853187561035,"Unknown"
"7014857",371856,2025-10-26 07:35:18,43.1703834533691,-8.43829154968262,"Unknown"
"7014857",371856,2025-10-26 07:45:15,43.1707153320312,-8.43851089477539,"Unknown"
"7014857",371856,2025-10-26 07:55:17,43.1709022521973,-8.43871974945068,"Unknown"
"7014857",371856,2025-10-26 08:05:31,43.1707191467285,-8.43854999542236,"Unknown"
"7014857",371856,2025-10-26 08:15:17,43.1709289550781,-8.43844223022461,"Unknown"
"7014857",371856,2025-10-26 08:25:15,43.1710433959961,-8.44302272796631,"Unknown"
"7014857",371856,2025-10-26 08:35:18,43.1305923461914,-8.471604347229,"Unknown"
"7014857",371856,2025-10-26 08:45:16,43.1304321289062,-8.4715461730957,"Unknown"
"7014857",371856,2025-10-26 08:55:24,43.1305274963379,-8.4714412689209,"Unknown"
"7014857",371856,2025-10-26 09:05:18,43.1304931640625,-8.47129249572754,"Unknown"
"7014857",371856,2025-10-26 09:15:19,43.1302108764648,-8.47146701812744,"Unknown"
"7014857",371856,2025-10-26 09:25:24,43.1303215026855,-8.47146987915039,"Unknown"
"7014857",371856,2025-10-26 09:35:26,43.1304588317871,-8.4713716506958,"Unknown"
"7014857",371856,2025-10-26 09:45:21,43.1304931640625,-8.47139358520508,"Unknown"
"7014857",371856,2025-10-26 09:55:16,43.1325340270996,-8.47004985809326,"Unknown"
"7014857",371856,2025-10-26 10:05:35,43.1327095031738,-8.47020626068115,"Unknown"
"7014857",371856,2025-10-26 10:15:35,43.1326217651367,-8.4700927734375,"Unknown"
"7014857",371856,2025-10-26 10:25:15,43.1327590942383,-8.47004985809326,"Unknown"
"7014857",371856,2025-10-26 10:35:15,43.1329154968262,-8.46998119354248,"Unknown"
"7014857",371856,2025-10-26 10:45:26,43.1328201293945,-8.47000980377197,"Unknown"
"7014857",371856,2025-10-26 10:55:18,43.132698059082,-8.47018241882324,"Unknown"
"7014857",371856,2025-10-26 11:05:14,43.1327590942383,-8.47002410888672,"Unknown"
"7014857",371856,2025-10-26 11:15:14,43.132740020752,-8.47014045715332,"Unknown"
"7014857",371856,2025-10-26 11:25:14,43.1326370239258,-8.47013378143311,"Unknown"
"7014857",371856,2025-10-26 11:35:15,43.1327018737793,-8.47011756896973,"Unknown"
"7014857",371856,2025-10-26 11:45:35,43.132698059082,-8.47048377990723,"Unknown"
"7014857",371856,2025-10-26 11:55:15,43.1327590942383,-8.46997451782227,"Unknown"
"7014857",371856,2025-10-26 12:05:15,43.1327667236328,-8.47007083892822,"Unknown"
"7014857",371856,2025-10-26 12:15:15,43.1327743530273,-8.47009181976318,"Unknown"
"7014857",371856,2025-10-26 12:25:19,43.13232421875,-8.46956062316895,"Unknown"
"7014857",371856,2025-10-26 12:35:15,43.1325302124023,-8.46977138519287,"Unknown"
"7014857",371856,2025-10-26 12:45:18,43.1321144104004,-8.46718692779541,"Unknown"
"7014857",371856,2025-10-26 12:55:22,43.1323356628418,-8.46954250335693,"Unknown"
"7014857",371856,2025-10-26 13:05:18,43.1322059631348,-8.46941471099854,"Unknown"
"7014857",371856,2025-10-26 13:15:15,43.132194519043,-8.46940898895264,"Unknown"
"7014857",371856,2025-10-26 13:25:16,43.1320190429688,-8.47009944915771,"Unknown"
"7014857",371856,2025-10-26 13:35:15,43.1321563720703,-8.46934700012207,"Unknown"
"7014857",371856,2025-10-26 13:45:16,43.1303558349609,-8.47168254852295,"Unknown"
"7014857",371856,2025-10-26 13:55:16,43.1303482055664,-8.47182941436768,"Unknown"
"7014857",371856,2025-10-26 14:05:35,43.1301536560059,-8.47121429443359,"Unknown"
"7014857",371856,2025-10-26 14:15:15,43.1301727294922,-8.47130012512207,"Unknown"
"7014857",371856,2025-10-26 14:25:17,43.1303482055664,-8.47115230560303,"Unknown"
"7014857",371856,2025-10-26 14:35:17,43.1302795410156,-8.47120189666748,"Unknown"
"7014857",371856,2025-10-26 14:45:16,43.1303253173828,-8.47121047973633,"Unknown"
"7014857",371856,2025-10-26 14:55:14,43.1302795410156,-8.47129344940186,"Unknown"
"7014857",371856,2025-10-26 15:05:16,43.1302909851074,-8.47130298614502,"Unknown"
"7014857",371856,2025-10-26 15:15:18,43.1335563659668,-8.46853828430176,"Unknown"
"7014857",371856,2025-10-26 15:25:35,43.1333694458008,-8.46861934661865,"Unknown"
"7014857",371856,2025-10-26 15:35:23,43.1325454711914,-8.46830463409424,"Unknown"
"7014857",371856,2025-10-26 15:45:19,43.1333541870117,-8.469482421875,"Unknown"
"7014857",371856,2025-10-26 15:55:27,43.1333770751953,-8.47036170959473,"Unknown"
"7014857",371856,2025-10-26 16:05:45,43.1334609985352,-8.46996784210205,"Unknown"
"7014857",371856,2025-10-26 16:15:44,43.1329765319824,-8.46975040435791,"Unknown"
"7014857",371856,2025-10-26 16:25:39,43.1331100463867,-8.46979713439941,"Unknown"
"7014857",371856,2025-10-26 16:35:35,43.1330337524414,-8.46990394592285,"Unknown"
"7014857",371856,2025-10-26 16:45:24,43.1330986022949,-8.46951198577881,"Unknown"
"7014857",371856,2025-10-26 16:55:14,43.1447486877441,-8.45837879180908,"Unknown"
"7014857",371856,2025-10-26 17:05:14,43.1713752746582,-8.43794727325439,"Unknown"
"7014857",371856,2025-10-26 17:15:15,43.1713981628418,-8.43778133392334,"Unknown"
"7014857",371856,2025-10-26 17:25:14,43.1715087890625,-8.43768119812012,"Unknown"
"7014857",371856,2025-10-26 17:35:15,43.1714935302734,-8.43776035308838,"Unknown"
"7014857",371856,2025-10-26 17:45:15,43.1714973449707,-8.43787097930908,"Unknown"
"7014857",371856,2025-10-26 17:55:17,43.1713333129883,-8.43785095214844,"Unknown"
"7014857",371856,2025-10-26 18:05:17,43.1713562011719,-8.43780422210693,"Unknown"
"7014857",371856,2025-10-26 18:12:12,43.1714019775391,-8.43781852722168,"Unknown"
"7014857",371856,2025-10-26 23:12:35,43.171516418457,-8.43811511993408,"Unknown"
"7014857",371856,2025-10-27 04:12:52,43.1715316772461,-8.43838882446289,"Unknown"
"7014857",371856,2025-10-27 05:26:59,43.1714019775391,-8.43843746185303,"Unknown"
"7014857",371856,2025-10-27 05:36:27,43.1714515686035,-8.43843746185303,"Unknown"
"7014857",371856,2025-10-27 05:46:25,43.1714134216309,-8.43852424621582,"Unknown"
"7014857",371856,2025-10-27 05:56:24,43.171329498291,-8.43831157684326,"Unknown"
"7014857",371856,2025-10-27 06:06:26,43.1712646484375,-8.43820476531982,"Unknown"
"7014857",371856,2025-10-27 06:16:36,43.171459197998,-8.43830299377441,"Unknown"
"7014857",371856,2025-10-27 06:26:40,43.1716232299805,-8.43844223022461,"Unknown"
"7014857",371856,2025-10-27 06:36:23,43.1716423034668,-8.43842124938965,"Unknown"
"7014857",371856,2025-10-27 06:46:24,43.1715888977051,-8.43844223022461,"Unknown"
"7014857",371856,2025-10-27 06:56:45,43.1715431213379,-8.43836212158203,"Unknown"
"7014857",371856,2025-10-27 07:06:26,43.1705131530762,-8.43839645385742,"Unknown"
"7014857",371856,2025-10-27 07:16:26,43.1709938049316,-8.43889904022217,"Unknown"
"7014857",371856,2025-10-27 07:26:28,43.1705131530762,-8.43819522857666,"Unknown"
"7014857",371856,2025-10-27 07:36:29,43.1705551147461,-8.43840026855469,"Unknown"
"7014857",371856,2025-10-27 07:47:05,43.1705665588379,-8.43842506408691,"Unknown"
"7014857",371856,2025-10-27 07:56:27,43.170581817627,-8.4385929107666,"Unknown"
"7014857",371856,2025-10-27 08:06:24,43.1602363586426,-8.45615673065186,"Unknown"
"7014857",371856,2025-10-27 08:16:34,43.1303596496582,-8.47158432006836,"Unknown"
"7014857",371856,2025-10-27 08:26:40,43.1302337646484,-8.47171974182129,"Unknown"
"7014857",371856,2025-10-27 08:36:45,43.1303253173828,-8.47161197662354,"Unknown"
"7014857",371856,2025-10-27 08:46:27,43.1308860778809,-8.47104549407959,"Unknown"
"7014857",371856,2025-10-27 08:56:36,43.1303634643555,-8.47163009643555,"Unknown"
"7014857",371856,2025-10-27 09:06:35,43.1303291320801,-8.47188186645508,"Unknown"
"7014857",371856,2025-10-27 09:16:28,43.1307144165039,-8.47116374969482,"Unknown"
"7014857",371856,2025-10-27 09:26:36,43.130298614502,-8.47162437438965,"Unknown"
"7014857",371856,2025-10-27 09:36:46,43.1303367614746,-8.47158527374268,"Unknown"
"7014857",371856,2025-10-27 09:46:36,43.1302719116211,-8.47172260284424,"Unknown"
"7014857",371856,2025-10-27 09:56:36,43.1302719116211,-8.47169494628906,"Unknown"
"7014857",371856,2025-10-27 10:06:42,43.1302680969238,-8.47149848937988,"Unknown"
"7014857",371856,2025-10-27 10:16:44,43.1301727294922,-8.47148418426514,"Unknown"
"7014857",371856,2025-10-27 10:26:36,43.1324119567871,-8.46950817108154,"Unknown"
"7014857",371856,2025-10-27 10:36:37,43.1335639953613,-8.47068881988525,"Unknown"
"7014857",371856,2025-10-27 10:46:59,43.1337699890137,-8.47069454193115,"Unknown"
"7014857",371856,2025-10-27 10:56:24,43.1335372924805,-8.47043991088867,"Unknown"
"7014857",371856,2025-10-27 11:06:24,43.1336784362793,-8.47052001953125,"Unknown"
"7014857",371856,2025-10-27 11:16:25,43.1339950561523,-8.47062301635742,"Unknown"
"7014857",371856,2025-10-27 11:26:24,43.1337623596191,-8.47055053710938,"Unknown"
"7014857",371856,2025-10-27 11:36:24,43.1337661743164,-8.47080326080322,"Unknown"
"7014857",371856,2025-10-27 11:46:26,43.1338310241699,-8.4709587097168,"Unknown"
"7014857",371856,2025-10-27 11:56:23,43.1328468322754,-8.46998119354248,"Unknown"
"7014857",371856,2025-10-27 12:06:59,43.1330718994141,-8.46989059448242,"Unknown"
"7014857",371856,2025-10-27 12:16:24,43.1330947875977,-8.46993541717529,"Unknown"
"7014857",371856,2025-10-27 12:26:24,43.1330413818359,-8.46998119354248,"Unknown"
"7014857",371856,2025-10-27 12:36:31,43.1328773498535,-8.47007465362549,"Unknown"
"7014857",371856,2025-10-27 12:46:27,43.132926940918,-8.47005939483643,"Unknown"
"7014857",371856,2025-10-27 12:56:25,43.1329116821289,-8.47004699707031,"Unknown"
"7014857",371856,2025-10-27 13:06:33,43.1329536437988,-8.47003269195557,"Unknown"
"7014857",371856,2025-10-27 13:16:24,43.1330413818359,-8.46989059448242,"Unknown"
"7014857",371856,2025-10-27 13:26:24,43.1304664611816,-8.47150325775146,"Unknown"
"7014857",371856,2025-10-27 13:36:23,43.1303596496582,-8.47160243988037,"Unknown"
"7014857",371856,2025-10-27 13:46:25,43.1303215026855,-8.47153568267822,"Unknown"
"7014857",371856,2025-10-27 13:56:26,43.1322059631348,-8.46962356567383,"Unknown"
"7014857",371856,2025-10-27 14:06:25,43.1320533752441,-8.46967697143555,"Unknown"
"7014857",371856,2025-10-27 14:16:25,43.1320343017578,-8.46974754333496,"Unknown"
"7014857",371856,2025-10-27 14:26:25,43.1320495605469,-8.4697322845459,"Unknown"
"7014857",371856,2025-10-27 14:36:44,43.1320953369141,-8.46962928771973,"Unknown"
"7014857",371856,2025-10-27 14:46:23,43.1325149536133,-8.46970653533936,"Unknown"
"7014857",371856,2025-10-27 14:56:27,43.1327171325684,-8.46963977813721,"Unknown"
"7014857",371856,2025-10-27 15:06:25,43.1326637268066,-8.46954917907715,"Unknown"
"7014857",371856,2025-10-27 15:16:25,43.1327362060547,-8.46951961517334,"Unknown"
"7014857",371856,2025-10-27 15:26:29,43.132396697998,-8.46975135803223,"Unknown"
"7014857",371856,2025-10-27 15:36:45,43.1326446533203,-8.46962642669678,"Unknown"
"7014857",371856,2025-10-27 15:46:27,43.133602142334,-8.47010040283203,"Unknown"
"7014857",371856,2025-10-27 15:56:24,43.1785278320312,-8.44606018066406,"Unknown"
"7014857",371856,2025-10-27 16:07:23,43.1957359313965,-8.42497825622559,"Unknown"
"7014857",371856,2025-10-27 16:16:39,43.1969375610352,-8.42291259765625,"Unknown"
"7014857",371856,2025-10-27 16:26:44,43.2122344970703,-8.44742965698242,"Unknown"
"7014857",371856,2025-10-27 16:36:41,43.2692184448242,-8.4767599105835,"Unknown"
"7014857",371856,2025-10-27 16:46:36,43.3253173828125,-8.49811744689941,"Unknown"
"7014857",371856,2025-10-27 16:56:36,43.334285736084,-8.50833797454834,"Unknown"
"7014857",371856,2025-10-27 17:06:44,43.3341979980469,-8.50834846496582,"Unknown"
"7014857",371856,2025-10-27 17:16:29,43.3341369628906,-8.50815486907959,"Unknown"
"7014857",371856,2025-10-27 17:26:26,43.3340606689453,-8.50786781311035,"Unknown"
"7014857",371856,2025-10-27 17:36:44,43.3341751098633,-8.50798416137695,"Unknown"
"7014857",371856,2025-10-27 17:46:44,43.3341445922852,-8.50807094573975,"Unknown"
"7014857",371856,2025-10-27 17:56:36,43.3497467041016,-8.51528739929199,"Unknown"
"7014857",371856,2025-10-27 18:06:28,43.3495178222656,-8.51489734649658,"Unknown"
"7014857",371856,2025-10-27 18:10:58,43.3495674133301,-8.51451015472412,"Unknown"
"7014857",371856,2025-10-27 23:11:29,43.3503837585449,-8.51567077636719,"Unknown"
"7014857",371856,2025-10-28 04:11:29,43.3504753112793,-8.51846504211426,"Unknown"
"7014857",371856,2025-10-28 05:27:54,43.3504028320312,-8.51833724975586,"Unknown"
"7014857",371856,2025-10-28 05:38:14,43.3504028320312,-8.51833629608154,"Unknown"
"7014857",371856,2025-10-28 05:47:52,43.3502311706543,-8.5183162689209,"Unknown"
"7014857",371856,2025-10-28 05:57:53,43.3504524230957,-8.51846122741699,"Unknown"
"7014857",371856,2025-10-28 06:07:52,43.3502807617188,-8.51841831207275,"Unknown"
"7014857",371856,2025-10-28 06:17:50,43.3506393432617,-8.51867961883545,"Unknown"
"7014857",371856,2025-10-28 06:28:14,43.3504753112793,-8.51838207244873,"Unknown"
"7014857",371856,2025-10-28 06:37:49,43.350399017334,-8.51832580566406,"Unknown"
"7014857",371856,2025-10-28 06:48:14,43.350456237793,-8.5184383392334,"Unknown"
"7014857",371856,2025-10-28 06:57:50,43.3504257202148,-8.51839160919189,"Unknown"
"7014857",371856,2025-10-28 07:07:51,43.3387641906738,-8.54899883270264,"Unknown"
"7014857",371856,2025-10-28 07:18:03,43.3373107910156,-8.55042171478271,"Unknown"
"7014857",371856,2025-10-28 07:27:59,43.3372116088867,-8.55054378509521,"Unknown"
"7014857",371856,2025-10-28 07:38:14,43.3368492126465,-8.55003547668457,"Unknown"
"7014857",371856,2025-10-28 07:48:02,43.3362503051758,-8.54903411865234,"Unknown"
"7014857",371856,2025-10-28 07:58:23,43.3374214172363,-8.55028820037842,"Unknown"
"7014857",371856,2025-10-28 08:07:51,43.3374519348145,-8.54987525939941,"Unknown"
"7014857",371856,2025-10-28 08:17:51,43.3371658325195,-8.55035209655762,"Unknown"
"7014857",371856,2025-10-28 08:27:50,43.3361282348633,-8.51149845123291,"Unknown"
"7014857",371856,2025-10-28 08:38:14,43.3341445922852,-8.50783729553223,"Unknown"
"7014857",371856,2025-10-28 08:47:51,43.3341178894043,-8.50785350799561,"Unknown"
"7014857",371856,2025-10-28 08:57:51,43.334041595459,-8.50766754150391,"Unknown"
"7014857",371856,2025-10-28 09:07:50,43.3340644836426,-8.50781154632568,"Unknown"
"7014857",371856,2025-10-28 09:17:52,43.3340950012207,-8.50780391693115,"Unknown"
"7014857",371856,2025-10-28 09:27:50,43.3339309692383,-8.5075798034668,"Unknown"
"7014857",371856,2025-10-28 09:38:15,43.3340759277344,-8.50773143768311,"Unknown"
"7014857",371856,2025-10-28 09:47:52,43.3336448669434,-8.50718688964844,"Unknown"
"7014857",371856,2025-10-28 09:57:53,43.333797454834,-8.50747013092041,"Unknown"
"7014857",371856,2025-10-28 10:08:01,43.3339691162109,-8.50738906860352,"Unknown"
"7014857",371856,2025-10-28 10:18:03,43.3343887329102,-8.50792694091797,"Unknown"
"7014857",371856,2025-10-28 10:28:15,43.333869934082,-8.50750923156738,"Unknown"
"7014857",371856,2025-10-28 10:38:01,43.3339805603027,-8.50751876831055,"Unknown"
"7014857",371856,2025-10-28 10:48:23,43.3340454101562,-8.50778865814209,"Unknown"
"7014857",371856,2025-10-28 10:57:50,43.3254280090332,-8.49567604064941,"Unknown"
"7014857",371856,2025-10-28 11:07:50,43.3253326416016,-8.49538516998291,"Unknown"
"7014857",371856,2025-10-28 11:17:51,43.3343505859375,-8.50862216949463,"Unknown"
"7014857",371856,2025-10-28 11:28:01,43.3339500427246,-8.50869464874268,"Unknown"
"7014857",371856,2025-10-28 11:37:51,43.3342170715332,-8.50820827484131,"Unknown"
"7014857",371856,2025-10-28 11:47:53,43.3342742919922,-8.50840091705322,"Unknown"
"7014857",371856,2025-10-28 11:57:50,43.3343276977539,-8.50845909118652,"Unknown"
"7014857",371856,2025-10-28 12:08:01,43.3340682983398,-8.50828456878662,"Unknown"
"7014857",371856,2025-10-28 12:17:59,43.3342475891113,-8.50832653045654,"Unknown"
"7014857",371856,2025-10-28 12:27:55,43.3342132568359,-8.50826358795166,"Unknown"
"7014857",371856,2025-10-28 12:37:52,43.3342704772949,-8.50831127166748,"Unknown"
"7014857",371856,2025-10-28 12:47:49,43.3343849182129,-8.50841808319092,"Unknown"
"7014857",371856,2025-10-28 12:57:52,43.3343811035156,-8.50829982757568,"Unknown"
"7014857",371856,2025-10-28 13:08:23,43.3343238830566,-8.50843811035156,"Unknown"
"7014857",371856,2025-10-28 13:17:49,43.3342933654785,-8.50841999053955,"Unknown"
"7014857",371856,2025-10-28 13:27:49,43.3342895507812,-8.50826454162598,"Unknown"
"7014857",371856,2025-10-28 13:37:50,43.3343238830566,-8.50835609436035,"Unknown"
"7014857",371856,2025-10-28 13:47:51,43.3342819213867,-8.5083065032959,"Unknown"
"7014857",371856,2025-10-28 13:57:50,43.3343086242676,-8.50845432281494,"Unknown"
"7014857",371856,2025-10-28 14:07:50,43.3343849182129,-8.50854873657227,"Unknown"
"7014857",371856,2025-10-28 14:17:50,43.3343467712402,-8.50865936279297,"Unknown"
"7014857",371856,2025-10-28 14:27:52,43.3343200683594,-8.50857067108154,"Unknown"
"7014857",371856,2025-10-28 14:37:49,43.3343086242676,-8.50856590270996,"Unknown"
"7014857",371856,2025-10-28 14:47:48,43.3372383117676,-8.51400566101074,"Unknown"
"7014857",371856,2025-10-28 14:57:50,43.3401718139648,-8.54801177978516,"Unknown"
"7014857",371856,2025-10-28 15:07:49,43.3256492614746,-8.60156536102295,"Unknown"
"7014857",371856,2025-10-28 15:17:51,43.3150901794434,-8.61038208007812,"Unknown"
"7014857",371856,2025-10-28 15:27:48,43.314884185791,-8.61028003692627,"Unknown"
"7014857",371856,2025-10-28 15:37:48,43.3150367736816,-8.6103630065918,"Unknown"
"7014857",371856,2025-10-28 15:48:12,43.31494140625,-8.61033248901367,"Unknown"
"7014857",371856,2025-10-28 15:57:48,43.3150062561035,-8.6103572845459,"Unknown"
"7014857",371856,2025-10-28 16:07:51,43.315616607666,-8.610915184021,"Unknown"
"7014857",371856,2025-10-28 16:17:52,43.3151512145996,-8.61052894592285,"Unknown"
"7014857",371856,2025-10-28 16:27:59,43.3150329589844,-8.61028480529785,"Unknown"
"7014857",371856,2025-10-28 16:37:53,43.3191375732422,-8.62471008300781,"Unknown"
"7014857",371856,2025-10-28 16:48:28,43.3154335021973,-8.67036819458008,"Unknown"
"7014857",371856,2025-10-28 16:58:14,43.3132247924805,-8.66823387145996,"Unknown"
"7014857",371856,2025-10-28 17:07:48,43.3128662109375,-8.66841220855713,"Unknown"
"7014857",371856,2025-10-28 17:17:50,43.3121719360352,-8.66848754882812,"Unknown"
"7014857",371856,2025-10-28 17:28:02,43.3124961853027,-8.6702766418457,"Unknown"
"7014857",371856,2025-10-28 17:37:52,43.3135643005371,-8.67220497131348,"Unknown"
"7014857",371856,2025-10-28 17:48:14,43.3137245178223,-8.67375373840332,"Unknown"
"7014857",371856,2025-10-28 17:57:54,43.3139877319336,-8.67345809936523,"Unknown"
"7014857",371856,2025-10-28 18:08:15,43.3132019042969,-8.67382049560547,"Unknown"
"7014857",371856,2025-10-28 18:10:00,43.3130264282227,-8.6738862991333,"Unknown"
"7014857",371856,2025-10-28 23:10:23,43.4016227722168,-8.65090942382812,"Unknown"
"7014857",371856,2025-10-29 04:10:23,43.432804107666,-8.64329147338867,"Unknown"
"7014857",371856,2025-10-29 05:29:33,43.4392929077148,-8.6335334777832,"Unknown"
"7014857",371856,2025-10-29 05:40:28,43.4401969909668,-8.63235569000244,"Unknown"
"7014857",371856,2025-10-29 05:50:23,43.4408569335938,-8.63094902038574,"Unknown"
"7014857",371856,2025-10-29 05:59:31,43.441463470459,-8.62955188751221,"Unknown"
"7014857",371856,2025-10-29 06:09:32,43.4419097900391,-8.62825298309326,"Unknown"
"7014857",371856,2025-10-29 06:19:32,43.4424057006836,-8.62662410736084,"Unknown"
"7014857",371856,2025-10-29 06:29:34,43.4449768066406,-8.62200736999512,"Unknown"
"7014857",371856,2025-10-29 06:39:32,43.4459609985352,-8.62128448486328,"Unknown"
"7014857",371856,2025-10-29 06:49:33,43.430778503418,-8.63043403625488,"Unknown"
"7014857",371856,2025-10-29 06:59:37,43.3902168273926,-8.59197616577148,"Unknown"
"7014857",371856,2025-10-29 07:09:43,43.3520851135254,-8.53280830383301,"Unknown"
"7014857",371856,2025-10-29 07:19:38,43.3326759338379,-8.50816345214844,"Unknown"
"7014857",371856,2025-10-29 07:29:36,43.3326377868652,-8.50811290740967,"Unknown"
"7014857",371856,2025-10-29 07:39:34,43.3326148986816,-8.50796127319336,"Unknown"
"7014857",371856,2025-10-29 07:49:44,43.3326034545898,-8.507981300354,"Unknown"
"7014857",371856,2025-10-29 07:59:38,43.3326148986816,-8.50794315338135,"Unknown"
"7014857",371856,2025-10-29 08:09:39,43.3325958251953,-8.50796127319336,"Unknown"
"7014857",371856,2025-10-29 08:19:39,43.3325119018555,-8.50785636901855,"Unknown"
"7014857",371856,2025-10-29 08:29:39,43.3325843811035,-8.50802707672119,"Unknown"
"7014857",371856,2025-10-29 08:40:05,43.3324928283691,-8.50786304473877,"Unknown"
"7014857",371856,2025-10-29 08:49:32,43.3324813842773,-8.50780963897705,"Unknown"
"7014857",371856,2025-10-29 08:59:32,43.3323707580566,-8.50784301757812,"Unknown"
"7014857",371856,2025-10-29 09:09:31,43.3093757629395,-8.50035667419434,"Unknown"
"7014857",371856,2025-10-29 09:19:33,43.2721672058105,-8.47657203674316,"Unknown"
"7014857",371856,2025-10-29 09:29:31,43.2526931762695,-8.44763374328613,"Unknown"
"7014857",371856,2025-10-29 09:39:33,43.2021675109863,-8.45938491821289,"Unknown"
"7014857",371856,2025-10-29 09:49:33,43.1546859741211,-8.47017288208008,"Unknown"
"7014857",371856,2025-10-29 09:59:34,43.1304969787598,-8.47097396850586,"Unknown"
"7014857",371856,2025-10-29 10:09:44,43.132942199707,-8.46981430053711,"Unknown"
"7014857",371856,2025-10-29 10:19:31,43.1329689025879,-8.4699010848999,"Unknown"
"7014857",371856,2025-10-29 10:29:32,43.1329116821289,-8.46978092193604,"Unknown"
"7014857",371856,2025-10-29 10:39:32,43.1330184936523,-8.46982097625732,"Unknown"
"7014857",371856,2025-10-29 10:49:44,43.1329765319824,-8.46985816955566,"Unknown"
"7014857",371856,2025-10-29 10:59:49,43.1330223083496,-8.47004508972168,"Unknown"
"7014857",371856,2025-10-29 11:09:38,43.1330375671387,-8.46999835968018,"Unknown"
"7014857",371856,2025-10-29 11:19:40,43.1330718994141,-8.47011566162109,"Unknown"
"7014857",371856,2025-10-29 11:29:36,43.1328239440918,-8.46999168395996,"Unknown"
"7014857",371856,2025-10-29 11:39:37,43.1330337524414,-8.46981906890869,"Unknown"
"7014857",371856,2025-10-29 11:50:05,43.1329879760742,-8.4698543548584,"Unknown"
"7014857",371856,2025-10-29 11:59:32,43.1329650878906,-8.4699535369873,"Unknown"
"7014857",371856,2025-10-29 12:09:31,43.1330223083496,-8.46994590759277,"Unknown"
"7014857",371856,2025-10-29 12:19:32,43.1330413818359,-8.46989345550537,"Unknown"
"7014857",371856,2025-10-29 12:29:34,43.1330451965332,-8.46991729736328,"Unknown"
"7014857",371856,2025-10-29 12:39:32,43.1330642700195,-8.46997737884521,"Unknown"
"7014857",371856,2025-10-29 12:49:32,43.1332511901855,-8.47022819519043,"Unknown"
"7014857",371856,2025-10-29 12:59:32,43.1330871582031,-8.46991443634033,"Unknown"
"7014857",371856,2025-10-29 13:09:36,43.1310119628906,-8.47140216827393,"Unknown"
"7014857",371856,2025-10-29 13:19:33,43.1304206848145,-8.47155952453613,"Unknown"
"7014857",371856,2025-10-29 13:29:44,43.130428314209,-8.47161102294922,"Unknown"
"7014857",371856,2025-10-29 13:39:33,43.1306800842285,-8.47109413146973,"Unknown"
"7014857",371856,2025-10-29 13:49:32,43.130615234375,-8.47114372253418,"Unknown"
"7014857",371856,2025-10-29 13:59:36,43.1306762695312,-8.47066307067871,"Unknown"
"7014857",371856,2025-10-29 14:09:35,43.1305503845215,-8.47147560119629,"Unknown"
"7014857",371856,2025-10-29 14:20:05,43.131233215332,-8.46869945526123,"Unknown"
"7014857",371856,2025-10-29 14:29:39,43.1320991516113,-8.46863174438477,"Unknown"
"7014857",371856,2025-10-29 14:39:33,43.1319885253906,-8.46854209899902,"Unknown"
"7014857",371856,2025-10-29 14:49:33,43.1321601867676,-8.46892929077148,"Unknown"
"7014857",371856,2025-10-29 14:59:32,43.1325225830078,-8.46953773498535,"Unknown"
"7014857",371856,2025-10-29 15:09:36,43.1326751708984,-8.46945285797119,"Unknown"
"7014857",371856,2025-10-29 15:19:36,43.1327018737793,-8.46943283081055,"Unknown"
"7014857",371856,2025-10-29 15:29:33,43.1327934265137,-8.4694242477417,"Unknown"
"7014857",371856,2025-10-29 15:39:37,43.1325912475586,-8.46948337554932,"Unknown"
"7014857",371856,2025-10-29 15:49:40,43.132698059082,-8.46948146820068,"Unknown"
"7014857",371856,2025-10-29 15:59:33,43.133243560791,-8.46941089630127,"Unknown"
"7014857",371856,2025-10-29 16:09:38,43.132682800293,-8.46952438354492,"Unknown"
"7014857",371856,2025-10-29 16:19:39,43.1326179504395,-8.46951675415039,"Unknown"
"7014857",371856,2025-10-29 16:29:36,43.1325340270996,-8.46946430206299,"Unknown"
"7014857",371856,2025-10-29 16:39:39,43.1324653625488,-8.46935367584229,"Unknown"
"7014857",371856,2025-10-29 16:50:15,43.133731842041,-8.47047805786133,"Unknown"
"7014857",371856,2025-10-29 16:59:40,43.1337776184082,-8.47039413452148,"Unknown"
"7014857",371856,2025-10-29 17:09:32,43.1339683532715,-8.47047328948975,"Unknown"
"7014857",371856,2025-10-29 17:19:32,43.132999420166,-8.469162940979,"Unknown"
"7014857",371856,2025-10-29 17:29:33,43.1324806213379,-8.46837425231934,"Unknown"
"7014857",371856,2025-10-29 17:39:38,43.1331558227539,-8.46914768218994,"Unknown"
"7014857",371856,2025-10-29 17:50:14,43.1716384887695,-8.43817138671875,"Unknown"
"7014857",371856,2025-10-29 17:59:39,43.171257019043,-8.43884086608887,"Unknown"
"7014857",371856,2025-10-29 18:08:35,43.171070098877,-8.43860054016113,"Unknown"
"7014857",371856,2025-10-29 23:08:35,43.1712760925293,-8.43854331970215,"Unknown"
"7014857",371856,2025-10-30 04:08:35,43.1712074279785,-8.43856525421143,"Unknown"
"7014857",371856,2025-10-30 05:29:30,43.1712188720703,-8.43834590911865,"Unknown"
"7014857",371856,2025-10-30 05:39:21,43.1712188720703,-8.43835639953613,"Unknown"
"7014857",371856,2025-10-30 05:49:23,43.1713447570801,-8.43849086761475,"Unknown"
"7014857",371856,2025-10-30 05:59:22,43.1716003417969,-8.43863105773926,"Unknown"
"7014857",371856,2025-10-30 06:09:38,43.1716995239258,-8.43886089324951,"Unknown"
"7014857",371856,2025-10-30 06:19:24,43.1710891723633,-8.43826103210449,"Unknown"
"7014857",371856,2025-10-30 06:29:23,43.1712379455566,-8.43850708007812,"Unknown"
"7014857",371856,2025-10-30 06:39:22,43.1712112426758,-8.43836402893066,"Unknown"
"7014857",371856,2025-10-30 06:49:44,43.1714286804199,-8.43845844268799,"Unknown"
"7014857",371856,2025-10-30 06:59:31,43.170783996582,-8.43863201141357,"Unknown"
"7014857",371856,2025-10-30 07:09:37,43.1705894470215,-8.43859386444092,"Unknown"
"7014857",371856,2025-10-30 07:19:34,43.1708030700684,-8.43873023986816,"Unknown"
"7014857",371856,2025-10-30 07:29:49,43.1689872741699,-8.4485969543457,"Unknown"
"7014857",371856,2025-10-30 07:39:24,43.1489562988281,-8.47330188751221,"Unknown"
"7014857",371856,2025-10-30 07:49:45,43.1311492919922,-8.47254657745361,"Unknown"
"7014857",371856,2025-10-30 07:59:33,43.1302375793457,-8.47058486938477,"Unknown"
"7014857",371856,2025-10-30 08:09:44,43.1305465698242,-8.47179985046387,"Unknown"
"7014857",371856,2025-10-30 08:19:22,43.1304092407227,-8.47178554534912,"Unknown"
"7014857",371856,2025-10-30 08:29:20,43.1303520202637,-8.47183513641357,"Unknown"
"7014857",371856,2025-10-30 08:39:21,43.1305046081543,-8.47199630737305,"Unknown"
"7014857",371856,2025-10-30 08:50:05,43.13037109375,-8.47151565551758,"Unknown"
"7014857",371856,2025-10-30 08:59:24,43.1322898864746,-8.46989917755127,"Unknown"
"7014857",371856,2025-10-30 09:09:28,43.1322021484375,-8.4697904586792,"Unknown"
"7014857",371856,2025-10-30 09:19:30,43.1322250366211,-8.47010612487793,"Unknown"
"7014857",371856,2025-10-30 09:29:22,43.1301383972168,-8.46994304656982,"Unknown"
"7014857",371856,2025-10-30 09:39:23,43.1307678222656,-8.47123527526855,"Unknown"
"7014857",371856,2025-10-30 09:49:21,43.1304130554199,-8.47171306610107,"Unknown"
"7014857",371856,2025-10-30 09:59:44,43.1304969787598,-8.47158908843994,"Unknown"
"7014857",371856,2025-10-30 10:09:20,43.1303367614746,-8.47152137756348,"Unknown"
"7014857",371856,2025-10-30 10:19:22,43.116813659668,-8.48966693878174,"Unknown"
"7014857",371856,2025-10-30 10:29:22,43.0997200012207,-8.49693489074707,"Unknown"
"7014857",371856,2025-10-30 10:39:21,43.1021423339844,-8.49523544311523,"Unknown"
"7014857",371856,2025-10-30 10:49:45,43.1292419433594,-8.47035980224609,"Unknown"
"7014857",371856,2025-10-30 10:59:22,43.129280090332,-8.47037410736084,"Unknown"
"7014857",371856,2025-10-30 11:09:23,43.1292762756348,-8.47030448913574,"Unknown"
"7014857",371856,2025-10-30 11:19:30,43.1291275024414,-8.47039222717285,"Unknown"
"7014857",371856,2025-10-30 11:29:20,43.1291465759277,-8.47021675109863,"Unknown"
"7014857",371856,2025-10-30 11:39:21,43.1291580200195,-8.47019386291504,"Unknown"
"7014857",371856,2025-10-30 11:49:45,43.1292114257812,-8.47031688690186,"Unknown"
"7014857",371856,2025-10-30 11:59:22,43.129207611084,-8.47034549713135,"Unknown"
"7014857",371856,2025-10-30 12:09:21,43.1290893554688,-8.47017478942871,"Unknown"
"7014857",371856,2025-10-30 12:19:23,43.1303672790527,-8.47125053405762,"Unknown"
"7014857",371856,2025-10-30 12:30:35,43.1303787231445,-8.47155094146729,"Unknown"
"7014857",371856,2025-10-30 12:39:26,43.1303901672363,-8.4715690612793,"Unknown"
"7014857",371856,2025-10-30 12:49:21,43.1303977966309,-8.47159767150879,"Unknown"
"7014857",371856,2025-10-30 12:59:21,43.1304664611816,-8.47168922424316,"Unknown"
"7014857",371856,2025-10-30 13:09:22,43.1305847167969,-8.47181129455566,"Unknown"
"7014857",371856,2025-10-30 13:19:44,43.1301918029785,-8.47161865234375,"Unknown"
"7014857",371856,2025-10-30 13:29:34,43.1138763427734,-8.48189926147461,"Unknown"
"7014857",371856,2025-10-30 13:39:31,43.0984497070312,-8.49672794342041,"Unknown"
"7014857",371856,2025-10-30 13:49:22,43.0980682373047,-8.49584484100342,"Unknown"
"7014857",371856,2025-10-30 13:59:32,43.1293258666992,-8.46987152099609,"Unknown"
"7014857",371856,2025-10-30 14:09:26,43.1293296813965,-8.46998977661133,"Unknown"
"7014857",371856,2025-10-30 14:19:44,43.129337310791,-8.46987247467041,"Unknown"
"7014857",371856,2025-10-30 14:29:21,43.1293067932129,-8.46993732452393,"Unknown"
"7014857",371856,2025-10-30 14:39:20,43.1291351318359,-8.4693660736084,"Unknown"
"7014857",371856,2025-10-30 14:49:45,43.1293716430664,-8.46996402740479,"Unknown"
"7014857",371856,2025-10-30 14:59:26,43.1293334960938,-8.46998596191406,"Unknown"
"7014857",371856,2025-10-30 15:09:22,43.1295127868652,-8.47002220153809,"Unknown"
"7014857",371856,2025-10-30 15:19:24,43.1294059753418,-8.47002410888672,"Unknown"
"7014857",371856,2025-10-30 15:29:26,43.1293716430664,-8.47001647949219,"Unknown"
"7014857",371856,2025-10-30 15:39:26,43.1292114257812,-8.46992683410645,"Unknown"
"7014857",371856,2025-10-30 15:49:45,43.1288871765137,-8.47097301483154,"Unknown"
"7014857",371856,2025-10-30 15:59:28,43.129020690918,-8.47090530395508,"Unknown"
"7014857",371856,2025-10-30 16:09:32,43.1291885375977,-8.47093391418457,"Unknown"
"7014857",371856,2025-10-30 16:19:31,43.1307106018066,-8.4712553024292,"Unknown"
"7014857",371856,2025-10-30 16:29:43,43.1310348510742,-8.47128868103027,"Unknown"
"7014857",371856,2025-10-30 16:39:26,43.130558013916,-8.47134876251221,"Unknown"
"7014857",371856,2025-10-30 16:50:14,43.131103515625,-8.47124767303467,"Unknown"
"7014857",371856,2025-10-30 16:59:44,43.1323432922363,-8.4722785949707,"Unknown"
"7014857",371856,2025-10-30 17:09:26,43.132396697998,-8.47239112854004,"Unknown"
"7014857",371856,2025-10-30 17:19:21,43.1712913513184,-8.43837547302246,"Unknown"
"7014857",371856,2025-10-30 17:29:20,43.1706733703613,-8.43849849700928,"Unknown"
"7014857",371856,2025-10-30 17:39:21,43.1708488464355,-8.43846321105957,"Unknown"
"7014857",371856,2025-10-30 17:49:45,43.1708793640137,-8.43843269348145,"Unknown"
"7014857",371856,2025-10-30 17:59:21,43.1715316772461,-8.43908786773682,"Unknown"
"7014857",371856,2025-10-30 18:07:00,43.171745300293,-8.43921947479248,"Unknown"
"7014857",371856,2025-10-30 23:07:29,43.1719436645508,-8.43881893157959,"Unknown"
"7014857",371856,2025-10-31 04:07:26,43.1714324951172,-8.43922519683838,"Unknown"
"7014857",371856,2025-10-31 05:30:56,43.1715316772461,-8.43925285339355,"Unknown"
"7014857",371856,2025-10-31 05:40:56,43.1715850830078,-8.43933582305908,"Unknown"
"7014857",371856,2025-10-31 05:50:55,43.1717643737793,-8.43927097320557,"Unknown"
"7014857",371856,2025-10-31 06:00:59,43.1714897155762,-8.43923282623291,"Unknown"
"7014857",371856,2025-10-31 06:10:54,43.1715202331543,-8.43924045562744,"Unknown"
"7014857",371856,2025-10-31 06:20:52,43.1712913513184,-8.43915748596191,"Unknown"
"7014857",371856,2025-10-31 06:30:54,43.1714515686035,-8.4392728805542,"Unknown"
"7014857",371856,2025-10-31 06:41:11,43.1714973449707,-8.43931484222412,"Unknown"
"7014857",371856,2025-10-31 06:50:51,43.1714973449707,-8.4393310546875,"Unknown"
"7014857",371856,2025-10-31 07:00:51,43.1714820861816,-8.43939876556396,"Unknown"
"7014857",371856,2025-10-31 07:10:52,43.1702461242676,-8.43967437744141,"Unknown"
"7014857",371856,2025-10-31 07:20:53,43.1515579223633,-8.47029972076416,"Unknown"
"7014857",371856,2025-10-31 07:31:53,43.1302223205566,-8.47181129455566,"Unknown"
"7014857",371856,2025-10-31 07:41:02,43.1307258605957,-8.4713020324707,"Unknown"
"7014857",371856,2025-10-31 07:51:03,43.1306762695312,-8.47137546539307,"Unknown"
"7014857",371856,2025-10-31 08:01:13,43.1306610107422,-8.47145366668701,"Unknown"
"7014857",371856,2025-10-31 08:11:01,43.1303253173828,-8.47173976898193,"Unknown"
"7014857",371856,2025-10-31 08:20:55,43.1308670043945,-8.47116470336914,"Unknown"
"7014857",371856,2025-10-31 08:31:00,43.1305236816406,-8.47133922576904,"Unknown"
"7014857",371856,2025-10-31 08:40:58,43.1304779052734,-8.47160720825195,"Unknown"
"7014857",371856,2025-10-31 08:51:04,43.130428314209,-8.47160530090332,"Unknown"
"7014857",371856,2025-10-31 09:01:04,43.1313743591309,-8.47212409973145,"Unknown"
"7014857",371856,2025-10-31 09:11:00,43.1291236877441,-8.47009086608887,"Unknown"
"7014857",371856,2025-10-31 09:20:55,43.1291923522949,-8.47022247314453,"Unknown"
"7014857",371856,2025-10-31 09:31:00,43.1294937133789,-8.47048473358154,"Unknown"
"7014857",371856,2025-10-31 09:40:57,43.1295356750488,-8.47049617767334,"Unknown"
"7014857",371856,2025-10-31 09:50:55,43.1294250488281,-8.47053718566895,"Unknown"
"7014857",371856,2025-10-31 10:01:00,43.1294784545898,-8.47052574157715,"Unknown"
"7014857",371856,2025-10-31 10:11:00,43.1290702819824,-8.47054004669189,"Unknown"
"7014857",371856,2025-10-31 10:20:55,43.1295890808105,-8.47269248962402,"Unknown"
"7014857",371856,2025-10-31 10:30:57,43.1295852661133,-8.47273254394531,"Unknown"
"7014857",371856,2025-10-31 10:40:56,43.1298484802246,-8.47233390808105,"Unknown"
"7014857",371856,2025-10-31 10:50:54,43.1306686401367,-8.47302055358887,"Unknown"
"7014857",371856,2025-10-31 11:01:00,43.1318435668945,-8.47042560577393,"Unknown"
"7014857",371856,2025-10-31 11:10:53,43.1304550170898,-8.47118186950684,"Unknown"
"7014857",371856,2025-10-31 11:20:54,43.1305503845215,-8.47121620178223,"Unknown"
"7014857",371856,2025-10-31 11:31:00,43.1303100585938,-8.4720983505249,"Unknown"
"7014857",371856,2025-10-31 11:40:53,43.130500793457,-8.47149753570557,"Unknown"
"7014857",371856,2025-10-31 11:50:54,43.1291198730469,-8.46943187713623,"Unknown"
"7014857",371856,2025-10-31 12:00:53,43.1292991638184,-8.46981239318848,"Unknown"
"7014857",371856,2025-10-31 12:10:53,43.1293869018555,-8.47077941894531,"Unknown"
"7014857",371856,2025-10-31 12:20:54,43.1293067932129,-8.47070789337158,"Unknown"
"7014857",371856,2025-10-31 12:31:14,43.1292686462402,-8.4704761505127,"Unknown"
"7014857",371856,2025-10-31 12:40:52,43.1292495727539,-8.47050285339355,"Unknown"
"7014857",371856,2025-10-31 12:50:53,43.1292686462402,-8.47069454193115,"Unknown"
"7014857",371856,2025-10-31 13:00:52,43.1251258850098,-8.48317241668701,"Unknown"
"7014857",371856,2025-10-31 13:10:52,43.0996437072754,-8.49645233154297,"Unknown"
"7014857",371856,2025-10-31 13:20:53,43.0994873046875,-8.49669933319092,"Unknown"
"7014857",371856,2025-10-31 13:30:57,43.1291465759277,-8.47013187408447,"Unknown"
"7014857",371856,2025-10-31 13:40:54,43.1290512084961,-8.47030353546143,"Unknown"
"7014857",371856,2025-10-31 13:50:57,43.1290969848633,-8.46997737884521,"Unknown"
"7014857",371856,2025-10-31 14:00:53,43.1290740966797,-8.47028255462646,"Unknown"
"7014857",371856,2025-10-31 14:10:57,43.1292457580566,-8.47041606903076,"Unknown"
"7014857",371856,2025-10-31 14:20:59,43.1292457580566,-8.47036457061768,"Unknown"
"7014857",371856,2025-10-31 14:30:54,43.1291847229004,-8.47036743164062,"Unknown"
"7014857",371856,2025-10-31 14:41:00,43.1293182373047,-8.47039985656738,"Unknown"
"7014857",371856,2025-10-31 14:50:58,43.1294288635254,-8.47035598754883,"Unknown"
"7014857",371856,2025-10-31 15:00:53,43.1294097900391,-8.47049045562744,"Unknown"
"7014857",371856,2025-10-31 15:10:54,43.1294441223145,-8.47038173675537,"Unknown"
"7014857",371856,2025-10-31 15:20:52,43.1294898986816,-8.47043800354004,"Unknown"
"7014857",371856,2025-10-31 15:30:53,43.1295776367188,-8.47056674957275,"Unknown"
"7014857",371856,2025-10-31 15:40:53,43.129638671875,-8.47066879272461,"Unknown"
"7014857",371856,2025-10-31 15:50:53,43.1293487548828,-8.47043514251709,"Unknown"
"7014857",371856,2025-10-31 16:00:53,43.1721000671387,-8.43872261047363,"Unknown"
"7014857",371856,2025-10-31 16:10:53,43.1731185913086,-8.43694591522217,"Unknown"
"7014857",371856,2025-10-31 16:20:53,43.173168182373,-8.4369421005249,"Unknown"
"7014857",371856,2025-10-31 16:30:54,43.1730842590332,-8.43691158294678,"Unknown"
"7014857",371856,2025-10-31 16:40:56,43.1730880737305,-8.43703365325928,"Unknown"
"7014857",371856,2025-10-31 16:50:53,43.1730880737305,-8.43704223632812,"Unknown"
"7014857",371856,2025-10-31 17:00:55,43.1730728149414,-8.43729209899902,"Unknown"
"7014857",371856,2025-10-31 17:10:54,43.1730842590332,-8.43720245361328,"Unknown"
"7014857",371856,2025-10-31 17:20:55,43.1730842590332,-8.43718910217285,"Unknown"
"7014857",371856,2025-10-31 17:30:56,43.1731147766113,-8.43719673156738,"Unknown"
"7014857",371856,2025-10-31 17:40:55,43.1713409423828,-8.4383659362793,"Unknown"
"7014857",371856,2025-10-31 17:51:14,43.1709938049316,-8.43871021270752,"Unknown"
"7014857",371856,2025-10-31 18:00:53,43.1714019775391,-8.43841743469238,"Unknown"
"7014857",371856,2025-10-31 18:06:05,43.1713066101074,-8.43847846984863,"Unknown"
"7014857",371856,2025-10-31 23:05:36,43.1720848083496,-8.43816661834717,"Unknown"
"7014857",371856,2025-11-01 04:05:37,43.1711654663086,-8.43790817260742,"Unknown"
"7014857",371856,2025-11-01 05:31:47,43.1709175109863,-8.43795013427734,"Unknown"
"7014857",371856,2025-11-01 05:41:38,43.1709938049316,-8.43821334838867,"Unknown"
"7014857",371856,2025-11-01 05:51:39,43.171012878418,-8.4384069442749,"Unknown"
"7014857",371856,2025-11-01 06:01:37,43.1709289550781,-8.43827438354492,"Unknown"
"7014857",371856,2025-11-01 06:11:39,43.1710472106934,-8.43823432922363,"Unknown"
"7014857",371856,2025-11-01 06:21:38,43.1711196899414,-8.4384241104126,"Unknown"
"7014857",371856,2025-11-01 06:31:37,43.1718368530273,-8.43894863128662,"Unknown"
"7014857",371856,2025-11-01 06:41:37,43.1718482971191,-8.43892860412598,"Unknown"
"7014857",371856,2025-11-01 06:51:37,43.1718101501465,-8.43885326385498,"Unknown"
"7014857",371856,2025-11-01 07:01:38,43.171703338623,-8.43883800506592,"Unknown"
"7014857",371856,2025-11-01 07:11:37,43.1716957092285,-8.43883228302002,"Unknown"
"7014857",371856,2025-11-01 07:21:40,43.1709403991699,-8.43823337554932,"Unknown"
"7014857",371856,2025-11-01 07:31:48,43.1707801818848,-8.43808269500732,"Unknown"
"7014857",371856,2025-11-01 07:41:48,43.1708221435547,-8.43815803527832,"Unknown"
"7014857",371856,2025-11-01 07:52:13,43.1706085205078,-8.43820571899414,"Unknown"
"7014857",371856,2025-11-01 08:01:36,43.1564140319824,-8.4608211517334,"Unknown"
"7014857",371856,2025-11-01 08:11:36,43.1309623718262,-8.47149848937988,"Unknown"
"7014857",371856,2025-11-01 08:21:48,43.1303596496582,-8.47176742553711,"Unknown"
"7014857",371856,2025-11-01 08:31:48,43.1305160522461,-8.47086620330811,"Unknown"
"7014857",371856,2025-11-01 08:41:40,43.1307716369629,-8.47127914428711,"Unknown"
"7014857",371856,2025-11-01 08:51:48,43.1302108764648,-8.47127819061279,"Unknown"
"7014857",371856,2025-11-01 09:01:49,43.130786895752,-8.47110557556152,"Unknown"
"7014857",371856,2025-11-01 09:11:52,43.130859375,-8.47108459472656,"Unknown"
"7014857",371856,2025-11-01 09:21:55,43.1311073303223,-8.47131061553955,"Unknown"
"7014857",371856,2025-11-01 09:32:05,43.1309013366699,-8.47120380401611,"Unknown"
"7014857",371856,2025-11-01 09:41:38,43.1307601928711,-8.47112274169922,"Unknown"
"7014857",371856,2025-11-01 09:51:37,43.1335792541504,-8.47075080871582,"Unknown"
"7014857",371856,2025-11-01 10:01:38,43.133129119873,-8.46897888183594,"Unknown"
"7014857",371856,2025-11-01 10:11:40,43.1325645446777,-8.46995258331299,"Unknown"
"7014857",371856,2025-11-01 10:22:05,43.1330947875977,-8.4700174331665,"Unknown"
"7014857",371856,2025-11-01 10:31:35,43.1330947875977,-8.46997261047363,"Unknown"
"7014857",371856,2025-11-01 10:41:35,43.1330146789551,-8.46993160247803,"Unknown"
"7014857",371856,2025-11-01 10:51:35,43.133171081543,-8.46996021270752,"Unknown"
"7014857",371856,2025-11-01 11:01:35,43.1330833435059,-8.46995639801025,"Unknown"
"7014857",371856,2025-11-01 11:11:35,43.1330642700195,-8.47007369995117,"Unknown"
"7014857",371856,2025-11-01 11:21:36,43.1330223083496,-8.47012805938721,"Unknown"
"7014857",371856,2025-11-01 11:31:38,43.1330451965332,-8.46999740600586,"Unknown"
"7014857",371856,2025-11-01 11:41:35,43.1331062316895,-8.46994209289551,"Unknown"
"7014857",371856,2025-11-01 11:51:39,43.1331367492676,-8.47002792358398,"Unknown"
"7014857",371856,2025-11-01 12:01:37,43.132511138916,-8.46927261352539,"Unknown"
"7014857",371856,2025-11-01 12:11:36,43.1326522827148,-8.46933841705322,"Unknown"
"7014857",371856,2025-11-01 12:21:47,43.1325721740723,-8.469313621521,"Unknown"
"7014857",371856,2025-11-01 12:31:41,43.1326103210449,-8.46934413909912,"Unknown"
"7014857",371856,2025-11-01 12:41:41,43.1311302185059,-8.47146797180176,"Unknown"
"7014857",371856,2025-11-01 12:51:43,43.1310005187988,-8.47124576568604,"Unknown"
"7014857",371856,2025-11-01 13:01:47,43.1309394836426,-8.47105312347412,"Unknown"
"7014857",371856,2025-11-01 13:11:40,43.1309089660645,-8.47101211547852,"Unknown"
"7014857",371856,2025-11-01 13:21:42,43.1309509277344,-8.47099876403809,"Unknown"
"7014857",371856,2025-11-01 13:32:02,43.1308898925781,-8.47108936309814,"Unknown"
"7014857",371856,2025-11-01 13:41:39,43.1309013366699,-8.47112369537354,"Unknown"
"7014857",371856,2025-11-01 13:51:39,43.1309089660645,-8.47123336791992,"Unknown"
"7014857",371856,2025-11-01 14:01:39,43.1299476623535,-8.47083568572998,"Unknown"
"7014857",371856,2025-11-01 14:11:40,43.129997253418,-8.47064590454102,"Unknown"
"7014857",371856,2025-11-01 14:21:39,43.1295433044434,-8.47067070007324,"Unknown"
"7014857",371856,2025-11-01 14:31:40,43.1293716430664,-8.47057628631592,"Unknown"
"7014857",371856,2025-11-01 14:41:40,43.12939453125,-8.47057819366455,"Unknown"
"7014857",371856,2025-11-01 14:51:41,43.1294746398926,-8.47059917449951,"Unknown"
"7014857",371856,2025-11-01 15:01:40,43.1295433044434,-8.47060489654541,"Unknown"
"7014857",371856,2025-11-01 15:11:40,43.1292953491211,-8.47034549713135,"Unknown"
"7014857",371856,2025-11-01 15:21:40,43.1294860839844,-8.47063636779785,"Unknown"
"7014857",371856,2025-11-01 15:31:40,43.1295928955078,-8.47062969207764,"Unknown"
"7014857",371856,2025-11-01 15:41:40,43.1295509338379,-8.47062969207764,"Unknown"
"7014857",371856,2025-11-01 15:51:41,43.1286506652832,-8.46978092193604,"Unknown"
"7014857",371856,2025-11-01 16:01:49,43.1293029785156,-8.47031307220459,"Unknown"
"7014857",371856,2025-11-01 16:11:40,43.1295585632324,-8.47063636779785,"Unknown"
"7014857",371856,2025-11-01 16:21:49,43.1293601989746,-8.47062397003174,"Unknown"
"7014857",371856,2025-11-01 16:31:41,43.1299095153809,-8.47078418731689,"Unknown"
"7014857",371856,2025-11-01 16:41:41,43.130729675293,-8.47059345245361,"Unknown"
"7014857",371856,2025-11-01 16:51:41,43.1309089660645,-8.47120189666748,"Unknown"
"7014857",371856,2025-11-01 17:01:41,43.1322860717773,-8.46839904785156,"Unknown"
"7014857",371856,2025-11-01 17:11:45,43.1323165893555,-8.46833992004395,"Unknown"
"7014857",371856,2025-11-01 17:21:42,43.1462707519531,-8.46455860137939,"Unknown"
"7014857",371856,2025-11-01 17:31:42,43.1714706420898,-8.43887710571289,"Unknown"
"7014857",371856,2025-11-01 17:41:47,43.1702461242676,-8.43806838989258,"Unknown"
"7014857",371856,2025-11-01 17:51:45,43.1706771850586,-8.43858337402344,"Unknown"
"7014857",371856,2025-11-01 18:01:47,43.1719665527344,-8.43896293640137,"Unknown"
"7014857",371856,2025-11-01 18:04:19,43.1720008850098,-8.43895053863525,"Unknown"
"7014857",371856,2025-11-01 23:04:35,43.1717987060547,-8.43883800506592,"Unknown"
"7014857",371856,2025-11-02 04:04:19,43.1709899902344,-8.4382905960083,"Unknown"
"7014857",371856,2025-11-02 05:33:35,43.1712303161621,-8.43831539154053,"Unknown"
"7014857",371856,2025-11-02 05:43:09,43.1711616516113,-8.43825912475586,"Unknown"
"7014857",371856,2025-11-02 05:53:12,43.1711692810059,-8.4383487701416,"Unknown"
"7014857",371856,2025-11-02 06:03:09,43.1712112426758,-8.43849468231201,"Unknown"
"7014857",371856,2025-11-02 06:13:10,43.1711578369141,-8.43863677978516,"Unknown"
"7014857",371856,2025-11-02 06:23:10,43.1711921691895,-8.43836498260498,"Unknown"
"7014857",371856,2025-11-02 06:33:10,43.1715698242188,-8.439284324646,"Unknown"
"7014857",371856,2025-11-02 06:43:11,43.1714630126953,-8.43934345245361,"Unknown"
"7014857",371856,2025-11-02 06:53:10,43.1714363098145,-8.43934345245361,"Unknown"
"7014857",371856,2025-11-02 07:03:10,43.1713981628418,-8.43918800354004,"Unknown"
"7014857",371856,2025-11-02 07:13:10,43.1710891723633,-8.43904304504395,"Unknown"
"7014857",371856,2025-11-02 07:23:09,43.1707649230957,-8.43859386444092,"Unknown"
"7014857",371856,2025-11-02 07:33:10,43.1706809997559,-8.43878936767578,"Unknown"
"7014857",371856,2025-11-02 07:43:10,43.170726776123,-8.4388427734375,"Unknown"
"7014857",371856,2025-11-02 07:53:09,43.170726776123,-8.43861484527588,"Unknown"
"7014857",371856,2025-11-02 08:03:13,43.1707725524902,-8.43880939483643,"Unknown"
"7014857",371856,2025-11-02 08:13:10,43.170768737793,-8.43873596191406,"Unknown"
"7014857",371856,2025-11-02 08:23:10,43.1709060668945,-8.43878841400146,"Unknown"
"7014857",371856,2025-11-02 08:33:10,43.170783996582,-8.43869590759277,"Unknown"
"7014857",371856,2025-11-02 08:43:09,43.1725921630859,-8.458740234375,"Unknown"
"7014857",371856,2025-11-02 08:53:10,43.1322441101074,-8.46885108947754,"Unknown"
"7014857",371856,2025-11-02 09:03:10,43.1311531066895,-8.47142314910889,"Unknown"
"7014857",371856,2025-11-02 09:13:35,43.1310043334961,-8.47106552124023,"Unknown"
"7014857",371856,2025-11-02 09:23:10,43.1305351257324,-8.47191905975342,"Unknown"
"7014857",371856,2025-11-02 09:33:09,43.1304206848145,-8.47163391113281,"Unknown"
"7014857",371856,2025-11-02 09:43:14,43.1306076049805,-8.47168731689453,"Unknown"
"7014857",371856,2025-11-02 09:53:09,43.1311264038086,-8.47115898132324,"Unknown"
"7014857",371856,2025-11-02 10:03:35,43.1310348510742,-8.47121334075928,"Unknown"
"7014857",371856,2025-11-02 10:13:10,43.1304931640625,-8.471604347229,"Unknown"
"7014857",371856,2025-11-02 10:23:09,43.1303367614746,-8.47160148620605,"Unknown"
"7014857",371856,2025-11-02 10:33:10,43.1302337646484,-8.47164440155029,"Unknown"
"7014857",371856,2025-11-02 10:43:09,43.1304702758789,-8.47083187103271,"Unknown"
"7014857",371856,2025-11-02 10:53:10,43.1305351257324,-8.4710865020752,"Unknown"
"7014857",371856,2025-11-02 11:03:09,43.1305961608887,-8.47167205810547,"Unknown"
"7014857",371856,2025-11-02 11:13:10,43.1305732727051,-8.4716739654541,"Unknown"
"7014857",371856,2025-11-02 11:23:09,43.1305732727051,-8.47157573699951,"Unknown"
"7014857",371856,2025-11-02 11:33:09,43.1304893493652,-8.47135353088379,"Unknown"
"7014857",371856,2025-11-02 11:43:09,43.1301155090332,-8.47164535522461,"Unknown"
"7014857",371856,2025-11-02 11:53:09,43.1318550109863,-8.47003555297852,"Unknown"
"7014857",371856,2025-11-02 12:03:13,43.1321601867676,-8.4697265625,"Unknown"
"7014857",371856,2025-11-02 12:13:14,43.1323089599609,-8.46965789794922,"Unknown"
"7014857",371856,2025-11-02 12:23:08,43.1322898864746,-8.46939563751221,"Unknown"
"7014857",371856,2025-11-02 12:33:08,43.1322898864746,-8.4693603515625,"Unknown"
"7014857",371856,2025-11-02 12:43:11,43.1323165893555,-8.46927738189697,"Unknown"
"7014857",371856,2025-11-02 12:53:16,43.1279640197754,-8.46273708343506,"Unknown"
"7014857",371856,2025-11-02 13:03:13,43.1281318664551,-8.46116352081299,"Unknown"
"7014857",371856,2025-11-02 13:13:12,43.1299629211426,-8.46227741241455,"Unknown"
"7014857",371856,2025-11-02 13:23:18,43.1276664733887,-8.45955276489258,"Unknown"
"7014857",371856,2025-11-02 13:33:19,43.127067565918,-8.45882606506348,"Unknown"
"7014857",371856,2025-11-02 13:43:27,43.1262855529785,-8.46578216552734,"Unknown"
"7014857",371856,2025-11-02 13:53:27,43.1250953674316,-8.46410274505615,"Unknown"
"7014857",371856,2025-11-02 14:03:19,43.1244430541992,-8.46712684631348,"Unknown"
"7014857",371856,2025-11-02 14:13:24,43.1299057006836,-8.46070861816406,"Unknown"
"7014857",371856,2025-11-02 14:23:36,43.1303939819336,-8.46942901611328,"Unknown"
"7014857",371856,2025-11-02 14:33:09,43.1303520202637,-8.46942615509033,"Unknown"
"7014857",371856,2025-11-02 14:43:08,43.1303367614746,-8.4694299697876,"Unknown"
"7014857",371856,2025-11-02 14:53:09,43.1303443908691,-8.46941184997559,"Unknown"
"7014857",371856,2025-11-02 15:03:09,43.1302947998047,-8.46934509277344,"Unknown"
"7014857",371856,2025-11-02 15:13:08,43.130485534668,-8.4694938659668,"Unknown"
"7014857",371856,2025-11-02 15:23:08,43.130542755127,-8.46953964233398,"Unknown"
"7014857",371856,2025-11-02 15:33:08,43.1304321289062,-8.46944618225098,"Unknown"
"7014857",371856,2025-11-02 15:43:09,43.1304779052734,-8.46949291229248,"Unknown"
"7014857",371856,2025-11-02 15:53:10,43.1304588317871,-8.46945667266846,"Unknown"
"7014857",371856,2025-11-02 16:03:09,43.1304359436035,-8.46946334838867,"Unknown"
"7014857",371856,2025-11-02 16:13:10,43.1303749084473,-8.46934986114502,"Unknown"
"7014857",371856,2025-11-02 16:23:11,43.1306076049805,-8.46955108642578,"Unknown"
"7014857",371856,2025-11-02 16:33:09,43.1303939819336,-8.46947479248047,"Unknown"
"7014857",371856,2025-11-02 16:43:10,43.1303939819336,-8.47187995910645,"Unknown"
"7014857",371856,2025-11-02 16:53:09,43.1300659179688,-8.47167015075684,"Unknown"
"7014857",371856,2025-11-02 17:03:10,43.1305503845215,-8.47150230407715,"Unknown"
"7014857",371856,2025-11-02 17:13:10,43.1712303161621,-8.43770790100098,"Unknown"
"7014857",371856,2025-11-02 17:23:09,43.1708068847656,-8.43831825256348,"Unknown"
"7014857",371856,2025-11-02 17:33:10,43.170467376709,-8.43822765350342,"Unknown"
"7014857",371856,2025-11-02 17:43:11,43.1707763671875,-8.43826198577881,"Unknown"
"7014857",371856,2025-11-02 17:53:19,43.1707305908203,-8.43842220306396,"Unknown"
"7014857",371856,2025-11-02 18:03:07,43.171085357666,-8.43843078613281,"Unknown"
"7014857",371856,2025-11-02 23:03:16,43.1711769104004,-8.43843269348145,"Unknown"
"7014857",371856,2025-11-03 04:02:59,43.171443939209,-8.43837928771973,"Unknown"
"7014857",371856,2025-11-03 05:34:14,43.1713180541992,-8.43820762634277,"Unknown"
"7014857",371856,2025-11-03 05:44:13,43.171272277832,-8.43825244903564,"Unknown"
"7014857",371856,2025-11-03 05:54:14,43.1711730957031,-8.43839454650879,"Unknown"
"7014857",371856,2025-11-03 06:04:13,43.1713562011719,-8.43822002410889,"Unknown"
"7014857",371856,2025-11-03 06:14:13,43.1716613769531,-8.4384593963623,"Unknown"
"7014857",371856,2025-11-03 06:24:15,43.1715850830078,-8.43838882446289,"Unknown"
"7014857",371856,2025-11-03 06:34:14,43.1711578369141,-8.43785190582275,"Unknown"
"7014857",371856,2025-11-03 06:44:14,43.1713409423828,-8.4381685256958,"Unknown"
"7014857",371856,2025-11-03 06:54:15,43.1708869934082,-8.43751335144043,"Unknown"
"7014857",371856,2025-11-03 07:04:14,43.1709899902344,-8.43848037719727,"Unknown"
"7014857",371856,2025-11-03 07:14:15,43.1711044311523,-8.43799591064453,"Unknown"
"7014857",371856,2025-11-03 07:24:16,43.1703567504883,-8.43764305114746,"Unknown"
"7014857",371856,2025-11-03 07:34:14,43.170654296875,-8.43813705444336,"Unknown"
"7014857",371856,2025-11-03 07:44:15,43.1708641052246,-8.43858909606934,"Unknown"
"7014857",371856,2025-11-03 07:54:15,43.1709899902344,-8.43897151947021,"Unknown"
"7014857",371856,2025-11-03 08:04:14,43.1692810058594,-8.44990348815918,"Unknown"
"7014857",371856,2025-11-03 08:14:21,43.1327896118164,-8.46921443939209,"Unknown"
"7014857",371856,2025-11-03 08:24:14,43.1312065124512,-8.47244930267334,"Unknown"
"7014857",371856,2025-11-03 08:34:15,43.1309509277344,-8.47190284729004,"Unknown"
"7014857",371856,2025-11-03 08:44:25,43.1310043334961,-8.47247791290283,"Unknown"
"7014857",371856,2025-11-03 08:54:16,43.130916595459,-8.47211074829102,"Unknown"
"7014857",371856,2025-11-03 09:04:17,43.1307678222656,-8.47196388244629,"Unknown"
"7014857",371856,2025-11-03 09:14:14,43.1302795410156,-8.47129535675049,"Unknown"
"7014857",371856,2025-11-03 09:24:16,43.1305084228516,-8.47175407409668,"Unknown"
"7014857",371856,2025-11-03 09:34:14,43.1310119628906,-8.47137069702148,"Unknown"
"7014857",371856,2025-11-03 09:44:14,43.1310005187988,-8.47142601013184,"Unknown"
"7014857",371856,2025-11-03 09:54:14,43.1307144165039,-8.47145557403564,"Unknown"
"7014857",371856,2025-11-03 10:04:15,43.1313896179199,-8.47121620178223,"Unknown"
"7014857",371856,2025-11-03 10:14:13,43.1323127746582,-8.47093868255615,"Unknown"
"7014857",371856,2025-11-03 10:24:17,43.1322975158691,-8.4677267074585,"Unknown"
"7014857",371856,2025-11-03 10:34:14,43.1329116821289,-8.47010040283203,"Unknown"
"7014857",371856,2025-11-03 10:44:14,43.130916595459,-8.46945190429688,"Unknown"
"7014857",371856,2025-11-03 10:54:13,43.1306343078613,-8.47180938720703,"Unknown"
"7014857",371856,2025-11-03 11:04:16,43.1310081481934,-8.47107124328613,"Unknown"
"7014857",371856,2025-11-03 11:14:13,43.1306381225586,-8.47184467315674,"Unknown"
"7014857",371856,2025-11-03 11:24:14,43.1305465698242,-8.47211837768555,"Unknown"
"7014857",371856,2025-11-03 11:34:13,43.130786895752,-8.47160530090332,"Unknown"
"7014857",371856,2025-11-03 11:44:13,43.1304016113281,-8.4719123840332,"Unknown"
"7014857",371856,2025-11-03 11:54:14,43.1331405639648,-8.47045707702637,"Unknown"
"7014857",371856,2025-11-03 12:04:18,43.130313873291,-8.46929264068604,"Unknown"
"7014857",371856,2025-11-03 12:14:13,43.1303367614746,-8.46920585632324,"Unknown"
"7014857",371856,2025-11-03 12:24:14,43.1303443908691,-8.46934795379639,"Unknown"
"7014857",371856,2025-11-03 12:34:16,43.1302909851074,-8.46936988830566,"Unknown"
"7014857",371856,2025-11-03 12:44:13,43.1304664611816,-8.46949672698975,"Unknown"
"7014857",371856,2025-11-03 12:54:14,43.1304359436035,-8.46940898895264,"Unknown"
"7014857",371856,2025-11-03 13:04:13,43.1304550170898,-8.46921348571777,"Unknown"
"7014857",371856,2025-11-03 13:14:14,43.1304969787598,-8.46921157836914,"Unknown"
"7014857",371856,2025-11-03 13:24:13,43.1302680969238,-8.46950912475586,"Unknown"
"7014857",371856,2025-11-03 13:34:14,43.1304664611816,-8.46903896331787,"Unknown"
"7014857",371856,2025-11-03 13:44:14,43.1303176879883,-8.46957588195801,"Unknown"
"7014857",371856,2025-11-03 13:54:13,43.1305122375488,-8.46840667724609,"Unknown"
"7014857",371856,2025-11-03 14:04:35,43.1302719116211,-8.46926879882812,"Unknown"
"7014857",371856,2025-11-03 14:14:14,43.1302223205566,-8.46924877166748,"Unknown"
"7014857",371856,2025-11-03 14:24:13,43.1304969787598,-8.47169017791748,"Unknown"
"7014857",371856,2025-11-03 14:34:14,43.1305236816406,-8.47177505493164,"Unknown"
"7014857",371856,2025-11-03 14:44:13,43.1300010681152,-8.47181797027588,"Unknown"
"7014857",371856,2025-11-03 14:54:17,43.1300735473633,-8.47159099578857,"Unknown"
"7014857",371856,2025-11-03 15:04:14,43.126350402832,-8.47435283660889,"Unknown"
"7014857",371856,2025-11-03 15:14:14,43.0986061096191,-8.49678802490234,"Unknown"
"7014857",371856,2025-11-03 15:24:14,43.0985260009766,-8.49707317352295,"Unknown"
"7014857",371856,2025-11-03 15:34:23,43.1300468444824,-8.46989154815674,"Unknown"
"7014857",371856,2025-11-03 15:44:17,43.1300849914551,-8.46989250183105,"Unknown"
"7014857",371856,2025-11-03 15:54:16,43.1300392150879,-8.4698486328125,"Unknown"
"7014857",371856,2025-11-03 16:04:25,43.130054473877,-8.47004127502441,"Unknown"
"7014857",371856,2025-11-03 16:14:59,43.1300659179688,-8.47001075744629,"Unknown"
"7014857",371856,2025-11-03 16:24:13,43.1300621032715,-8.47000503540039,"Unknown"
"7014857",371856,2025-11-03 16:34:16,43.1300201416016,-8.47001934051514,"Unknown"
"7014857",371856,2025-11-03 16:44:12,43.1300239562988,-8.47000026702881,"Unknown"
"7014857",371856,2025-11-03 16:54:12,43.1300086975098,-8.46992015838623,"Unknown"
"7014857",371856,2025-11-03 17:04:13,43.1299591064453,-8.46991157531738,"Unknown"
"7014857",371856,2025-11-03 17:14:23,43.1305694580078,-8.47102642059326,"Unknown"
"7014857",371856,2025-11-03 17:24:19,43.1718826293945,-8.43868255615234,"Unknown"
"7014857",371856,2025-11-03 17:34:24,43.1719284057617,-8.43867492675781,"Unknown"
"7014857",371856,2025-11-03 17:44:35,43.1719551086426,-8.43873691558838,"Unknown"
"7014857",371856,2025-11-03 17:54:18,43.1710357666016,-8.43794918060303,"Unknown"
"7014857",371856,2025-11-03 18:01:54,43.1714820861816,-8.43845844268799,"Unknown"
"7014857",371856,2025-11-03 23:02:23,43.1714248657227,-8.43819904327393,"Unknown"
"7014857",371856,2025-11-04 04:02:15,43.1712989807129,-8.43861293792725,"Unknown"
"7014857",371856,2025-11-04 05:35:44,43.1712036132812,-8.43782520294189,"Unknown"
"7014857",371856,2025-11-04 05:45:43,43.1711349487305,-8.43795108795166,"Unknown"
"7014857",371856,2025-11-04 05:55:59,43.1712188720703,-8.43832302093506,"Unknown"
"7014857",371856,2025-11-04 06:05:36,43.1711769104004,-8.43842220306396,"Unknown"
"7014857",371856,2025-11-04 06:15:36,43.1712303161621,-8.43826580047607,"Unknown"
"7014857",371856,2025-11-04 06:25:59,43.1711616516113,-8.43851184844971,"Unknown"
"7014857",371856,2025-11-04 06:35:28,43.171329498291,-8.43869304656982,"Unknown"
"7014857",371856,2025-11-04 06:45:28,43.1712074279785,-8.43863582611084,"Unknown"
"7014857",371856,2025-11-04 06:55:30,43.1711387634277,-8.43845748901367,"Unknown"
"7014857",371856,2025-11-04 07:05:28,43.1707878112793,-8.43817901611328,"Unknown"
"7014857",371856,2025-11-04 07:15:36,43.1706886291504,-8.43857479095459,"Unknown"
"7014857",371856,2025-11-04 07:25:35,43.1706504821777,-8.43854808807373,"Unknown"
"7014857",371856,2025-11-04 07:35:33,43.1706085205078,-8.43850326538086,"Unknown"
"7014857",371856,2025-11-04 07:45:34,43.1706809997559,-8.43849468231201,"Unknown"
"7014857",371856,2025-11-04 07:55:36,43.1654472351074,-8.45968151092529,"Unknown"
"7014857",371856,2025-11-04 08:05:36,43.1414680480957,-8.46327590942383,"Unknown"
"7014857",371856,2025-11-04 08:15:38,43.1303062438965,-8.47181606292725,"Unknown"
"7014857",371856,2025-11-04 08:25:44,43.1302757263184,-8.47206115722656,"Unknown"
"7014857",371856,2025-11-04 08:36:00,43.1304931640625,-8.4721155166626,"Unknown"
"7014857",371856,2025-11-04 08:45:56,43.1303253173828,-8.47202014923096,"Unknown"
"7014857",371856,2025-11-04 08:55:28,43.1298179626465,-8.47126483917236,"Unknown"
"7014857",371856,2025-11-04 09:05:33,43.1302604675293,-8.47205543518066,"Unknown"
"7014857",371856,2025-11-04 09:15:31,43.1303482055664,-8.47195243835449,"Unknown"
"7014857",371856,2025-11-04 09:25:31,43.1302833557129,-8.47199726104736,"Unknown"
"7014857",371856,2025-11-04 09:35:33,43.1303520202637,-8.47198104858398,"Unknown"
"7014857",371856,2025-11-04 09:45:29,43.1303634643555,-8.47186470031738,"Unknown"
"7014857",371856,2025-11-04 09:55:31,43.1304512023926,-8.47185707092285,"Unknown"
"7014857",371856,2025-11-04 10:05:30,43.1303558349609,-8.47227668762207,"Unknown"
"7014857",371856,2025-11-04 10:15:30,43.1258544921875,-8.47602939605713,"Unknown"
"7014857",371856,2025-11-04 10:25:31,43.1001472473145,-8.49551486968994,"Unknown"
"7014857",371856,2025-11-04 10:35:33,43.1120452880859,-8.48687648773193,"Unknown"
"7014857",371856,2025-11-04 10:45:44,43.1299629211426,-8.46997356414795,"Unknown"
"7014857",371856,2025-11-04 10:55:55,43.1300315856934,-8.47014904022217,"Unknown"
"7014857",371856,2025-11-04 11:05:29,43.1299629211426,-8.47011947631836,"Unknown"
"7014857",371856,2025-11-04 11:15:28,43.1299285888672,-8.47010803222656,"Unknown"
"7014857",371856,2025-11-04 11:25:29,43.129940032959,-8.47013664245605,"Unknown"
"7014857",371856,2025-11-04 11:35:30,43.1298446655273,-8.46988201141357,"Unknown"
"7014857",371856,2025-11-04 11:45:31,43.1299781799316,-8.469970703125,"Unknown"
"7014857",371856,2025-11-04 11:55:33,43.1304550170898,-8.47211647033691,"Unknown"
"7014857",371856,2025-11-04 12:05:29,43.1302490234375,-8.47197532653809,"Unknown"
"7014857",371856,2025-11-04 12:15:31,43.130313873291,-8.47219276428223,"Unknown"
"7014857",371856,2025-11-04 12:25:56,43.1303024291992,-8.47192192077637,"Unknown"
"7014857",371856,2025-11-04 12:35:28,43.1302337646484,-8.47188282012939,"Unknown"
"7014857",371856,2025-11-04 12:45:28,43.1303405761719,-8.47193336486816,"Unknown"
"7014857",371856,2025-11-04 12:55:38,43.1319961547852,-8.46997547149658,"Unknown"
"7014857",371856,2025-11-04 13:05:34,43.1321411132812,-8.46953296661377,"Unknown"
"7014857",371856,2025-11-04 13:15:36,43.1325302124023,-8.46879196166992,"Unknown"
"7014857",371856,2025-11-04 13:25:44,43.1321067810059,-8.46953964233398,"Unknown"
"7014857",371856,2025-11-04 13:35:30,43.1319465637207,-8.46901321411133,"Unknown"
"7014857",371856,2025-11-04 13:45:43,43.1312561035156,-8.46703433990479,"Unknown"
"7014857",371856,2025-11-04 13:55:30,43.1300354003906,-8.46614456176758,"Unknown"
"7014857",371856,2025-11-04 14:05:35,43.1297035217285,-8.46872901916504,"Unknown"
"7014857",371856,2025-11-04 14:15:33,43.1296272277832,-8.4685115814209,"Unknown"
"7014857",371856,2025-11-04 14:25:44,43.1294746398926,-8.46981716156006,"Unknown"
"7014857",371856,2025-11-04 14:35:36,43.1295204162598,-8.46988296508789,"Unknown"
"7014857",371856,2025-11-04 14:45:44,43.1295967102051,-8.46977806091309,"Unknown"
"7014857",371856,2025-11-04 14:55:36,43.1296234130859,-8.46984195709229,"Unknown"
"7014857",371856,2025-11-04 15:05:36,43.1295166015625,-8.46993350982666,"Unknown"
"7014857",371856,2025-11-04 15:15:36,43.1294822692871,-8.46988677978516,"Unknown"
"7014857",371856,2025-11-04 15:25:36,43.130485534668,-8.47130584716797,"Unknown"
"7014857",371856,2025-11-04 15:35:58,43.1294975280762,-8.4649133682251,"Unknown"
"7014857",371856,2025-11-04 15:46:44,43.1307678222656,-8.47073745727539,"Unknown"
"7014857",371856,2025-11-04 15:55:35,43.1305084228516,-8.46968078613281,"Unknown"
"7014857",371856,2025-11-04 16:05:36,43.1304550170898,-8.46980094909668,"Unknown"
"7014857",371856,2025-11-04 16:15:36,43.1307525634766,-8.46932220458984,"Unknown"
"7014857",371856,2025-11-04 16:25:36,43.1296157836914,-8.47031021118164,"Unknown"
"7014857",371856,2025-11-04 16:35:45,43.1296234130859,-8.47021770477295,"Unknown"
"7014857",371856,2025-11-04 16:45:29,43.1296615600586,-8.4706506729126,"Unknown"
"7014857",371856,2025-11-04 16:55:30,43.1296501159668,-8.4703483581543,"Unknown"
"7014857",371856,2025-11-04 17:05:31,43.1295547485352,-8.4702787399292,"Unknown"
"7014857",371856,2025-11-04 17:15:31,43.1324501037598,-8.47039031982422,"Unknown"
"7014857",371856,2025-11-04 17:25:34,43.1710739135742,-8.4386043548584,"Unknown"
"7014857",371856,2025-11-04 17:35:45,43.1711769104004,-8.43848133087158,"Unknown"
"7014857",371856,2025-11-04 17:45:37,43.171085357666,-8.43856525421143,"Unknown"
"7014857",371856,2025-11-04 17:55:36,43.1709899902344,-8.43851757049561,"Unknown"
"7014857",371856,2025-11-04 18:00:43,43.171215057373,-8.43850421905518,"Unknown"
"7014857",371856,2025-11-04 23:01:05,43.1711654663086,-8.43844223022461,"Unknown"
"7014857",371856,2025-11-05 04:01:05,43.1711616516113,-8.43844509124756,"Unknown"
"7014857",371856,2025-11-05 05:36:32,43.1710472106934,-8.438401222229,"Unknown"
"7014857",371856,2025-11-05 05:46:33,43.171085357666,-8.4384593963623,"Unknown"
"7014857",371856,2025-11-05 05:56:33,43.1710166931152,-8.43847465515137,"Unknown"
"7014857",371856,2025-11-05 06:06:39,43.1707420349121,-8.4382266998291,"Unknown"
"7014857",371856,2025-11-05 06:17:05,43.1711006164551,-8.43851757049561,"Unknown"
"7014857",371856,2025-11-05 06:26:33,43.1710929870605,-8.43847560882568,"Unknown"
"7014857",371856,2025-11-05 06:36:32,43.1711387634277,-8.43852615356445,"Unknown"
"7014857",371856,2025-11-05 06:46:33,43.1711463928223,-8.43854331970215,"Unknown"
"7014857",371856,2025-11-05 06:56:34,43.1711463928223,-8.43849563598633,"Unknown"
"7014857",371856,2025-11-05 07:06:32,43.1711616516113,-8.43852806091309,"Unknown"
"7014857",371856,2025-11-05 07:16:33,43.1711463928223,-8.43845653533936,"Unknown"
"7014857",371856,2025-11-05 07:26:34,43.1706008911133,-8.43854236602783,"Unknown"
"7014857",371856,2025-11-05 07:36:33,43.1706466674805,-8.4385404586792,"Unknown"
"7014857",371856,2025-11-05 07:46:36,43.1706428527832,-8.43850803375244,"Unknown"
"7014857",371856,2025-11-05 07:56:36,43.1707420349121,-8.43840408325195,"Unknown"
"7014857",371856,2025-11-05 08:06:45,43.1709098815918,-8.43831348419189,"Unknown"
"7014857",371856,2025-11-05 08:16:36,43.1707382202148,-8.43831634521484,"Unknown"
"7014857",371856,2025-11-05 08:26:33,43.1706886291504,-8.43862915039062,"Unknown"
"7014857",371856,2025-11-05 08:36:36,43.1706085205078,-8.43847846984863,"Unknown"
"7014857",371856,2025-11-05 08:46:35,43.1704902648926,-8.438307762146,"Unknown"
"7014857",371856,2025-11-05 08:56:42,43.170539855957,-8.43838214874268,"Unknown"
"7014857",371856,2025-11-05 09:06:34,43.1713676452637,-8.44652843475342,"Unknown"
"7014857",371856,2025-11-05 09:16:41,43.1716041564941,-8.44653129577637,"Unknown"
"7014857",371856,2025-11-05 09:26:33,43.1711959838867,-8.44562339782715,"Unknown"
"7014857",371856,2025-11-05 09:36:32,43.1711616516113,-8.44573211669922,"Unknown"
"7014857",371856,2025-11-05 09:46:40,43.1710243225098,-8.44540786743164,"Unknown"
"7014857",371856,2025-11-05 09:56:40,43.1708717346191,-8.44588088989258,"Unknown"
"7014857",371856,2025-11-05 10:06:45,43.1706771850586,-8.4459810256958,"Unknown"
"7014857",371856,2025-11-05 10:16:41,43.171085357666,-8.44602966308594,"Unknown"
"7014857",371856,2025-11-05 10:26:39,43.1715202331543,-8.44610404968262,"Unknown"
"7014857",371856,2025-11-05 10:36:40,43.1693801879883,-8.4460973739624,"Unknown"
"7014857",371856,2025-11-05 10:46:42,43.1708221435547,-8.44618797302246,"Unknown"
"7014857",371856,2025-11-05 10:56:45,43.1705780029297,-8.44632148742676,"Unknown"
"7014857",371856,2025-11-05 11:06:39,43.1707344055176,-8.44623851776123,"Unknown"
"7014857",371856,2025-11-05 11:16:39,43.1535034179688,-8.46168231964111,"Unknown"
"7014857",371856,2025-11-05 11:26:45,43.1316528320312,-8.46836566925049,"Unknown"
"7014857",371856,2025-11-05 11:36:44,43.1310195922852,-8.4709415435791,"Unknown"
"7014857",371856,2025-11-05 11:47:06,43.1305847167969,-8.47187328338623,"Unknown"
"7014857",371856,2025-11-05 11:56:39,43.1303977966309,-8.47125720977783,"Unknown"
"7014857",371856,2025-11-05 12:07:05,43.1309127807617,-8.47126388549805,"Unknown"
"7014857",371856,2025-11-05 12:16:33,43.130931854248,-8.4719066619873,"Unknown"
"7014857",371856,2025-11-05 12:26:33,43.1309356689453,-8.47190093994141,"Unknown"
"7014857",371856,2025-11-05 12:36:33,43.1309547424316,-8.47168159484863,"Unknown"
"7014857",371856,2025-11-05 12:46:34,43.1045112609863,-8.49396324157715,"Unknown"
"7014857",371856,2025-11-05 12:56:34,43.0996780395508,-8.49380970001221,"Unknown"
"7014857",371856,2025-11-05 13:06:35,43.129940032959,-8.46976757049561,"Unknown"
"7014857",371856,2025-11-05 13:16:40,43.129997253418,-8.46961307525635,"Unknown"
"7014857",371856,2025-11-05 13:26:36,43.1300621032715,-8.46949005126953,"Unknown"
"7014857",371856,2025-11-05 13:36:42,43.130012512207,-8.46960163116455,"Unknown"
"7014857",371856,2025-11-05 13:46:40,43.1300354003906,-8.46965503692627,"Unknown"
"7014857",371856,2025-11-05 13:56:38,43.130126953125,-8.46963691711426,"Unknown"
"7014857",371856,2025-11-05 14:06:38,43.1300849914551,-8.46970367431641,"Unknown"
"7014857",371856,2025-11-05 14:16:39,43.1300582885742,-8.46964740753174,"Unknown"
"7014857",371856,2025-11-05 14:26:39,43.1300735473633,-8.46959686279297,"Unknown"
"7014857",371856,2025-11-05 14:36:45,43.1300277709961,-8.46963310241699,"Unknown"
"7014857",371856,2025-11-05 14:46:37,43.1304092407227,-8.47071552276611,"Unknown"
"7014857",371856,2025-11-05 14:56:36,43.1306304931641,-8.47095108032227,"Unknown"
"7014857",371856,2025-11-05 15:06:59,43.1297874450684,-8.46993732452393,"Unknown"
"7014857",371856,2025-11-05 15:16:39,43.1296730041504,-8.46994590759277,"Unknown"
"7014857",371856,2025-11-05 15:26:44,43.1299362182617,-8.46990203857422,"Unknown"
"7014857",371856,2025-11-05 15:36:38,43.1296806335449,-8.47000408172607,"Unknown"
"7014857",371856,2025-11-05 15:47:14,43.1297988891602,-8.46967315673828,"Unknown"
"7014857",371856,2025-11-05 15:56:36,43.1297340393066,-8.4696626663208,"Unknown"
"7014857",371856,2025-11-05 16:06:32,43.1300964355469,-8.47005367279053,"Unknown"
"7014857",371856,2025-11-05 16:16:33,43.1297950744629,-8.46978282928467,"Unknown"
"7014857",371856,2025-11-05 16:26:44,43.1297760009766,-8.46974468231201,"Unknown"
"7014857",371856,2025-11-05 16:36:44,43.1298599243164,-8.46980094909668,"Unknown"
"7014857",371856,2025-11-05 16:46:31,43.1298332214355,-8.46986293792725,"Unknown"
"7014857",371856,2025-11-05 16:56:32,43.1299591064453,-8.46987247467041,"Unknown"
"7014857",371856,2025-11-05 17:06:32,43.1298522949219,-8.46984577178955,"Unknown"
"7014857",371856,2025-11-05 17:16:31,43.1299514770508,-8.46990871429443,"Unknown"
"7014857",371856,2025-11-05 17:26:31,43.1299476623535,-8.46993637084961,"Unknown"
"7014857",371856,2025-11-05 17:36:44,43.1713829040527,-8.43861770629883,"Unknown"
"7014857",371856,2025-11-05 17:46:35,43.1713981628418,-8.43856048583984,"Unknown"
"7014857",371856,2025-11-05 17:56:31,43.1714973449707,-8.4385347366333,"Unknown"
"7014857",371856,2025-11-05 17:59:37,43.1713638305664,-8.43842124938965,"Unknown"
"7014857",371856,2025-11-05 23:00:06,43.1712875366211,-8.43841552734375,"Unknown"
"7014857",371856,2025-11-06 04:00:05,43.1712837219238,-8.43845462799072,"Unknown"
"7014857",371856,2025-11-06 05:37:43,43.1712455749512,-8.43845272064209,"Unknown"
"7014857",371856,2025-11-06 05:47:44,43.1712875366211,-8.4385461807251,"Unknown"
"7014857",371856,2025-11-06 05:57:43,43.1712760925293,-8.43852996826172,"Unknown"
"7014857",371856,2025-11-06 06:07:45,43.1711883544922,-8.43843460083008,"Unknown"
"7014857",371856,2025-11-06 06:18:05,43.1711883544922,-8.43838596343994,"Unknown"
"7014857",371856,2025-11-06 06:27:43,43.1714706420898,-8.43869972229004,"Unknown"
"7014857",371856,2025-11-06 06:37:43,43.1712341308594,-8.43844795227051,"Unknown"
"7014857",371856,2025-11-06 06:47:44,43.1712493896484,-8.43850326538086,"Unknown"
"7014857",371856,2025-11-06 06:57:45,43.1713333129883,-8.43842506408691,"Unknown"
"7014857",371856,2025-11-06 07:07:44,43.171199798584,-8.43844985961914,"Unknown"
"7014857",371856,2025-11-06 07:17:45,43.1706695556641,-8.43896865844727,"Unknown"
"7014857",371856,2025-11-06 07:27:49,43.1714935302734,-8.44568920135498,"Unknown"
"7014857",371856,2025-11-06 07:37:54,43.1714935302734,-8.44576835632324,"Unknown"
"7014857",371856,2025-11-06 07:47:54,43.1714897155762,-8.4458122253418,"Unknown"
"7014857",371856,2025-11-06 07:58:14,43.1715202331543,-8.44591903686523,"Unknown"
"7014857",371856,2025-11-06 08:07:54,43.1713714599609,-8.44607257843018,"Unknown"
"7014857",371856,2025-11-06 08:18:05,43.1714973449707,-8.44601058959961,"Unknown"
"7014857",371856,2025-11-06 08:27:44,43.1713714599609,-8.44603252410889,"Unknown"
"7014857",371856,2025-11-06 08:37:45,43.1714477539062,-8.44608974456787,"Unknown"
"7014857",371856,2025-11-06 08:48:14,43.1715240478516,-8.44617557525635,"Unknown"
"7014857",371856,2025-11-06 08:57:44,43.1715354919434,-8.44631099700928,"Unknown"
"7014857",371856,2025-11-06 09:07:46,43.1715316772461,-8.44643402099609,"Unknown"
"7014857",371856,2025-11-06 09:17:47,43.1712608337402,-8.44637680053711,"Unknown"
"7014857",371856,2025-11-06 09:27:44,43.1716842651367,-8.44593143463135,"Unknown"
"7014857",371856,2025-11-06 09:37:44,43.1717376708984,-8.44499778747559,"Unknown"
"7014857",371856,2025-11-06 09:47:43,43.1715278625488,-8.44541835784912,"Unknown"
"7014857",371856,2025-11-06 09:57:44,43.1714286804199,-8.4456901550293,"Unknown"
"7014857",371856,2025-11-06 10:08:05,43.1716079711914,-8.44583034515381,"Unknown"
"7014857",371856,2025-11-06 10:17:43,43.1716156005859,-8.44588279724121,"Unknown"
"7014857",371856,2025-11-06 10:27:44,43.1715927124023,-8.44585609436035,"Unknown"
"7014857",371856,2025-11-06 10:37:43,43.171558380127,-8.44590950012207,"Unknown"
"7014857",371856,2025-11-06 10:47:43,43.171573638916,-8.44591331481934,"Unknown"
"7014857",371856,2025-11-06 10:57:44,43.1715774536133,-8.4458646774292,"Unknown"
"7014857",371856,2025-11-06 11:07:43,43.1715660095215,-8.44581604003906,"Unknown"
"7014857",371856,2025-11-06 11:17:44,43.1714477539062,-8.44588661193848,"Unknown"
"7014857",371856,2025-11-06 11:27:44,43.1714477539062,-8.44589996337891,"Unknown"
"7014857",371856,2025-11-06 11:37:43,43.1714897155762,-8.44588661193848,"Unknown"
"7014857",371856,2025-11-06 11:47:43,43.1714019775391,-8.44584560394287,"Unknown"
"7014857",371856,2025-11-06 11:57:43,43.1714134216309,-8.44589138031006,"Unknown"
"7014857",371856,2025-11-06 12:07:43,43.1716156005859,-8.44598960876465,"Unknown"
"7014857",371856,2025-11-06 12:17:45,43.1715621948242,-8.44602680206299,"Unknown"
"7014857",371856,2025-11-06 12:27:46,43.1714553833008,-8.44590187072754,"Unknown"
"7014857",371856,2025-11-06 12:38:05,43.1714553833008,-8.44589042663574,"Unknown"
"7014857",371856,2025-11-06 12:47:43,43.171501159668,-8.44595050811768,"Unknown"
"7014857",371856,2025-11-06 12:57:43,43.1676979064941,-8.45225524902344,"Unknown"
"7014857",371856,2025-11-06 13:07:44,43.1552848815918,-8.45982551574707,"Unknown"
"7014857",371856,2025-11-06 13:18:03,43.1302719116211,-8.46901035308838,"Unknown"
"7014857",371856,2025-11-06 13:27:44,43.130054473877,-8.46958351135254,"Unknown"
"7014857",371856,2025-11-06 13:37:43,43.1301307678223,-8.46963310241699,"Unknown"
"7014857",371856,2025-11-06 13:47:45,43.1301422119141,-8.46949768066406,"Unknown"
"7014857",371856,2025-11-06 13:57:43,43.1312980651855,-8.47154998779297,"Unknown"
"7014857",371856,2025-11-06 14:07:45,43.1306838989258,-8.47112655639648,"Unknown"
"7014857",371856,2025-11-06 14:17:44,43.1309356689453,-8.47155570983887,"Unknown"
"7014857",371856,2025-11-06 14:27:46,43.1310386657715,-8.47196292877197,"Unknown"
"7014857",371856,2025-11-06 14:38:05,43.1311721801758,-8.47172546386719,"Unknown"
"7014857",371856,2025-11-06 14:47:44,43.1310424804688,-8.47150802612305,"Unknown"
"7014857",371856,2025-11-06 14:58:05,43.1311874389648,-8.47177314758301,"Unknown"
"7014857",371856,2025-11-06 15:07:44,43.1312370300293,-8.47162628173828,"Unknown"
"7014857",371856,2025-11-06 15:17:43,43.1311683654785,-8.47175121307373,"Unknown"
"7014857",371856,2025-11-06 15:27:44,43.1310958862305,-8.47206592559814,"Unknown"
"7014857",371856,2025-11-06 15:37:45,43.1306343078613,-8.4712028503418,"Unknown"
"7014857",371856,2025-11-06 15:48:05,43.1311836242676,-8.47177600860596,"Unknown"
"7014857",371856,2025-11-06 15:57:44,43.1312065124512,-8.47171878814697,"Unknown"
"7014857",371856,2025-11-06 16:07:43,43.1312675476074,-8.4717378616333,"Unknown"
"7014857",371856,2025-11-06 16:17:43,43.1311912536621,-8.47172355651855,"Unknown"
"7014857",371856,2025-11-06 16:27:43,43.1333465576172,-8.47001075744629,"Unknown"
"7014857",371856,2025-11-06 16:37:55,43.1331901550293,-8.4699125289917,"Unknown"
"7014857",371856,2025-11-06 16:47:43,43.1331977844238,-8.46990776062012,"Unknown"
"7014857",371856,2025-11-06 16:57:45,43.1331024169922,-8.47005558013916,"Unknown"
"7014857",371856,2025-11-06 17:07:43,43.1669883728027,-8.45233535766602,"Unknown"
"7014857",371856,2025-11-06 17:17:46,43.171703338623,-8.43885231018066,"Unknown"
"7014857",371856,2025-11-06 17:27:45,43.1717338562012,-8.43878078460693,"Unknown"
"7014857",371856,2025-11-06 17:37:43,43.1717414855957,-8.43879795074463,"Unknown"
"7014857",371856,2025-11-06 17:48:05,43.1717376708984,-8.43896293640137,"Unknown"
"7014857",371856,2025-11-06 17:58:10,43.1717262268066,-8.43893051147461,"Unknown"
"7014857",371856,2025-11-06 22:58:36,43.1712036132812,-8.43835258483887,"Unknown"
"7014857",371856,2025-11-07 03:58:44,43.1712112426758,-8.43848609924316,"Unknown"
"7014857",371856,2025-11-07 05:39:14,43.1711540222168,-8.43845748901367,"Unknown"
"7014857",371856,2025-11-07 05:48:52,43.1716079711914,-8.43897724151611,"Unknown"
"7014857",371856,2025-11-07 05:58:52,43.1713905334473,-8.43874073028564,"Unknown"
"7014857",371856,2025-11-07 06:08:52,43.1712989807129,-8.43864154815674,"Unknown"
"7014857",371856,2025-11-07 06:18:51,43.1711463928223,-8.43848896026611,"Unknown"
"7014857",371856,2025-11-07 06:28:50,43.1712226867676,-8.4385290145874,"Unknown"
"7014857",371856,2025-11-07 06:39:14,43.1712493896484,-8.43856525421143,"Unknown"
"7014857",371856,2025-11-07 06:48:53,43.1711502075195,-8.43799781799316,"Unknown"
"7014857",371856,2025-11-07 06:58:58,43.1713638305664,-8.43857002258301,"Unknown"
"7014857",371856,2025-11-07 07:09:03,43.1710052490234,-8.438232421875,"Unknown"
"7014857",371856,2025-11-07 07:19:13,43.170711517334,-8.43851470947266,"Unknown"
"7014857",371856,2025-11-07 07:28:51,43.1708564758301,-8.43852138519287,"Unknown"
"7014857",371856,2025-11-07 07:39:23,43.1705932617188,-8.43857192993164,"Unknown"
"7014857",371856,2025-11-07 07:48:55,43.1706695556641,-8.4384126663208,"Unknown"
"7014857",371856,2025-11-07 07:59:11,43.1704711914062,-8.43861293792725,"Unknown"
"7014857",371856,2025-11-07 08:09:00,43.1709022521973,-8.43843746185303,"Unknown"
"7014857",371856,2025-11-07 08:18:54,43.1706390380859,-8.4453125,"Unknown"
"7014857",371856,2025-11-07 08:28:55,43.1707344055176,-8.44518661499023,"Unknown"
"7014857",371856,2025-11-07 08:39:04,43.1705322265625,-8.44447231292725,"Unknown"
"7014857",371856,2025-11-07 08:49:15,43.1707916259766,-8.44529247283936,"Unknown"
"7014857",371856,2025-11-07 08:58:58,43.1711616516113,-8.43881893157959,"Unknown"
"7014857",371856,2025-11-07 09:08:51,43.1712951660156,-8.44574642181396,"Unknown"
"7014857",371856,2025-11-07 09:18:51,43.1712799072266,-8.44564342498779,"Unknown"
"7014857",371856,2025-11-07 09:29:03,43.1710395812988,-8.44553661346436,"Unknown"
"7014857",371856,2025-11-07 09:39:00,43.1709365844727,-8.44539546966553,"Unknown"
"7014857",371856,2025-11-07 09:49:15,43.1709327697754,-8.44549655914307,"Unknown"
"7014857",371856,2025-11-07 09:58:53,43.1709938049316,-8.44551658630371,"Unknown"
"7014857",371856,2025-11-07 10:08:51,43.1712532043457,-8.44533824920654,"Unknown"
"7014857",371856,2025-11-07 10:18:53,43.1710548400879,-8.44526672363281,"Unknown"
"7014857",371856,2025-11-07 10:28:54,43.1712417602539,-8.44517230987549,"Unknown"
"7014857",371856,2025-11-07 10:38:54,43.1710166931152,-8.4454517364502,"Unknown"
"7014857",371856,2025-11-07 10:49:15,43.1709976196289,-8.44548606872559,"Unknown"
"7014857",371856,2025-11-07 10:58:57,43.1707763671875,-8.44551563262939,"Unknown"
"7014857",371856,2025-11-07 11:08:55,43.1708717346191,-8.44555282592773,"Unknown"
"7014857",371856,2025-11-07 11:18:57,43.1716003417969,-8.44534587860107,"Unknown"
"7014857",371856,2025-11-07 11:28:58,43.1717224121094,-8.44578456878662,"Unknown"
"7014857",371856,2025-11-07 11:38:57,43.1716995239258,-8.44569492340088,"Unknown"
"7014857",371856,2025-11-07 11:49:35,43.1716079711914,-8.44586849212646,"Unknown"
"7014857",371856,2025-11-07 11:59:14,43.1632308959961,-8.45444869995117,"Unknown"
"7014857",371856,2025-11-07 12:08:54,43.1317596435547,-8.4730224609375,"Unknown"
"7014857",371856,2025-11-07 12:18:54,43.1310501098633,-8.47252464294434,"Unknown"
"7014857",371856,2025-11-07 12:29:00,43.1311683654785,-8.47153759002686,"Unknown"
"7014857",371856,2025-11-07 12:39:00,43.1313781738281,-8.47197723388672,"Unknown"
"7014857",371856,2025-11-07 12:49:24,43.1331634521484,-8.47016334533691,"Unknown"
"7014857",371856,2025-11-07 12:59:00,43.1328964233398,-8.47017002105713,"Unknown"
"7014857",371856,2025-11-07 13:09:15,43.132984161377,-8.47011661529541,"Unknown"
"7014857",371856,2025-11-07 13:18:50,43.1328926086426,-8.47017478942871,"Unknown"
"7014857",371856,2025-11-07 13:28:51,43.1329765319824,-8.47015190124512,"Unknown"
"7014857",371856,2025-11-07 13:38:58,43.1329727172852,-8.4701452255249,"Unknown"
"7014857",371856,2025-11-07 13:49:15,43.132942199707,-8.47013664245605,"Unknown"
"7014857",371856,2025-11-07 13:58:55,43.1328964233398,-8.47019100189209,"Unknown"
"7014857",371856,2025-11-07 14:08:54,43.1329040527344,-8.47002792358398,"Unknown"
"7014857",371856,2025-11-07 14:18:53,43.1328239440918,-8.47033977508545,"Unknown"
"7014857",371856,2025-11-07 14:29:58,43.1327819824219,-8.46996688842773,"Unknown"
"7014857",371856,2025-11-07 14:38:50,43.1326866149902,-8.46994686126709,"Unknown"
"7014857",371856,2025-11-07 14:48:52,43.1327781677246,-8.4699068069458,"Unknown"
"7014857",371856,2025-11-07 14:58:50,43.1329727172852,-8.47017860412598,"Unknown"
"7014857",371856,2025-11-07 15:08:51,43.1329307556152,-8.47001934051514,"Unknown"
"7014857",371856,2025-11-07 15:18:55,43.1329231262207,-8.47006130218506,"Unknown"
"7014857",371856,2025-11-07 15:29:11,43.1328620910645,-8.47012233734131,"Unknown"
"7014857",371856,2025-11-07 15:38:51,43.130558013916,-8.47102737426758,"Unknown"
"7014857",371856,2025-11-07 15:49:03,43.1314888000488,-8.47156047821045,"Unknown"
"7014857",371856,2025-11-07 15:58:52,43.1314544677734,-8.47159004211426,"Unknown"
"7014857",371856,2025-11-07 16:08:52,43.131275177002,-8.47175025939941,"Unknown"
"7014857",371856,2025-11-07 16:19:08,43.131160736084,-8.47165870666504,"Unknown"
"7014857",371856,2025-11-07 16:29:06,43.1311645507812,-8.4716682434082,"Unknown"
"7014857",371856,2025-11-07 16:39:20,43.131160736084,-8.47166538238525,"Unknown"
"7014857",371856,2025-11-07 16:48:52,43.1430778503418,-8.46246814727783,"Unknown"
"7014857",371856,2025-11-07 16:58:52,43.1718368530273,-8.43868637084961,"Unknown"
"7014857",371856,2025-11-07 17:08:56,43.171703338623,-8.43865585327148,"Unknown"
"7014857",371856,2025-11-07 17:18:54,43.1717910766602,-8.43865585327148,"Unknown"
"7014857",371856,2025-11-07 17:29:01,43.1715202331543,-8.43826770782471,"Unknown"
"7014857",371856,2025-11-07 17:39:18,43.1716613769531,-8.43828678131104,"Unknown"
"7014857",371856,2025-11-07 17:49:01,43.1712760925293,-8.4384880065918,"Unknown"
"7014857",371856,2025-11-07 17:57:25,43.1714096069336,-8.43838882446289,"Unknown"
"7014857",371856,2025-11-07 22:57:53,43.1710815429688,-8.43853282928467,"Unknown"
"7014857",371856,2025-11-08 03:57:35,43.1710205078125,-8.43857002258301,"Unknown"
"7014857",371856,2025-11-08 05:39:50,43.1709251403809,-8.43852233886719,"Unknown"
"7014857",371856,2025-11-08 05:49:50,43.1707763671875,-8.43849563598633,"Unknown"
"7014857",371856,2025-11-08 06:00:02,43.1709976196289,-8.43867301940918,"Unknown"
"7014857",371856,2025-11-08 06:10:14,43.1710548400879,-8.43869876861572,"Unknown"
"7014857",371856,2025-11-08 06:19:48,43.1710319519043,-8.43862915039062,"Unknown"
"7014857",371856,2025-11-08 06:29:48,43.1710395812988,-8.43866539001465,"Unknown"
"7014857",371856,2025-11-08 06:39:56,43.1710090637207,-8.43855857849121,"Unknown"
"7014857",371856,2025-11-08 06:50:14,43.171028137207,-8.43866634368896,"Unknown"
"7014857",371856,2025-11-08 07:00:00,43.1709480285645,-8.43874740600586,"Unknown"
"7014857",371856,2025-11-08 07:10:01,43.171142578125,-8.43869590759277,"Unknown"
"7014857",371856,2025-11-08 07:19:50,43.1704521179199,-8.43901634216309,"Unknown"
"7014857",371856,2025-11-08 07:30:05,43.1709175109863,-8.43871974945068,"Unknown"
"7014857",371856,2025-11-08 07:39:51,43.1706466674805,-8.43856620788574,"Unknown"
"7014857",371856,2025-11-08 07:50:24,43.1706962585449,-8.43856906890869,"Unknown"
"7014857",371856,2025-11-08 07:59:49,43.1328468322754,-8.470139503479,"Unknown"
"7014857",371856,2025-11-08 08:10:15,43.1309242248535,-8.47152233123779,"Unknown"
"7014857",371856,2025-11-08 08:19:49,43.1309509277344,-8.47158813476562,"Unknown"
"7014857",371856,2025-11-08 08:30:14,43.1310806274414,-8.47181415557861,"Unknown"
"7014857",371856,2025-11-08 08:39:51,43.1310539245605,-8.47176361083984,"Unknown"
"7014857",371856,2025-11-08 08:50:14,43.1333961486816,-8.47010898590088,"Unknown"
"7014857",371856,2025-11-08 08:59:51,43.1338577270508,-8.47051906585693,"Unknown"
"7014857",371856,2025-11-08 09:09:50,43.1332740783691,-8.4701566696167,"Unknown"
"7014857",371856,2025-11-08 09:20:02,43.1333236694336,-8.47027683258057,"Unknown"
"7014857",371856,2025-11-08 09:30:14,43.1332855224609,-8.47025012969971,"Unknown"
"7014857",371856,2025-11-08 09:40:00,43.1333503723145,-8.47013378143311,"Unknown"
"7014857",371856,2025-11-08 09:49:48,43.1330947875977,-8.46999549865723,"Unknown"
"7014857",371856,2025-11-08 09:59:51,43.1333961486816,-8.4701976776123,"Unknown"
"7014857",371856,2025-11-08 10:09:54,43.1331634521484,-8.47014236450195,"Unknown"
"7014857",371856,2025-11-08 10:20:15,43.1327896118164,-8.46984481811523,"Unknown"
"7014857",371856,2025-11-08 10:29:49,43.1330680847168,-8.46812534332275,"Unknown"
"7014857",371856,2025-11-08 10:39:50,43.132381439209,-8.47106075286865,"Unknown"
"7014857",371856,2025-11-08 10:50:14,43.1328201293945,-8.46978187561035,"Unknown"
"7014857",371856,2025-11-08 10:59:49,43.1328582763672,-8.4697322845459,"Unknown"
"7014857",371856,2025-11-08 11:09:47,43.1327629089355,-8.469801902771,"Unknown"
"7014857",371856,2025-11-08 11:19:51,43.1327476501465,-8.46986198425293,"Unknown"
"7014857",371856,2025-11-08 11:29:49,43.1325263977051,-8.46993350982666,"Unknown"
"7014857",371856,2025-11-08 11:39:53,43.1326217651367,-8.46964740753174,"Unknown"
"7014857",371856,2025-11-08 11:50:14,43.1306991577148,-8.47172069549561,"Unknown"
"7014857",371856,2025-11-08 11:59:55,43.1307907104492,-8.47157669067383,"Unknown"
"7014857",371856,2025-11-08 12:10:23,43.1311645507812,-8.47152996063232,"Unknown"
"7014857",371856,2025-11-08 12:19:48,43.130989074707,-8.47146511077881,"Unknown"
"7014857",371856,2025-11-08 12:29:47,43.1305694580078,-8.47120380401611,"Unknown"
"7014857",371856,2025-11-08 12:39:50,43.130615234375,-8.47119522094727,"Unknown"
"7014857",371856,2025-11-08 12:49:55,43.1310348510742,-8.47173500061035,"Unknown"
"7014857",371856,2025-11-08 12:59:48,43.1310234069824,-8.47167778015137,"Unknown"
"7014857",371856,2025-11-08 13:09:47,43.1308670043945,-8.47164154052734,"Unknown"
"7014857",371856,2025-11-08 13:19:50,43.1307792663574,-8.47195243835449,"Unknown"
"7014857",371856,2025-11-08 13:30:29,43.1328163146973,-8.47052764892578,"Unknown"
"7014857",371856,2025-11-08 13:40:14,43.1331748962402,-8.47018241882324,"Unknown"
"7014857",371856,2025-11-08 13:50:14,43.1324310302734,-8.46960544586182,"Unknown"
"7014857",371856,2025-11-08 14:00:23,43.1324348449707,-8.46944808959961,"Unknown"
"7014857",371856,2025-11-08 14:09:47,43.1324462890625,-8.46974182128906,"Unknown"
"7014857",371856,2025-11-08 14:19:48,43.1324691772461,-8.46943950653076,"Unknown"
"7014857",371856,2025-11-08 14:29:47,43.1325187683105,-8.46941661834717,"Unknown"
"7014857",371856,2025-11-08 14:39:47,43.1323661804199,-8.46959781646729,"Unknown"
"7014857",371856,2025-11-08 14:49:48,43.1325340270996,-8.46960067749023,"Unknown"
"7014857",371856,2025-11-08 14:59:47,43.1324653625488,-8.46959495544434,"Unknown"
"7014857",371856,2025-11-08 15:09:47,43.1326904296875,-8.46961784362793,"Unknown"
"7014857",371856,2025-11-08 15:20:14,43.1324920654297,-8.46949672698975,"Unknown"
"7014857",371856,2025-11-08 15:29:51,43.1325149536133,-8.46950531005859,"Unknown"
"7014857",371856,2025-11-08 15:39:50,43.1326026916504,-8.4696798324585,"Unknown"
"7014857",371856,2025-11-08 15:49:55,43.1325531005859,-8.46951198577881,"Unknown"
"7014857",371856,2025-11-08 15:59:51,43.1326141357422,-8.46953773498535,"Unknown"
"7014857",371856,2025-11-08 16:10:14,43.1332817077637,-8.47020244598389,"Unknown"
"7014857",371856,2025-11-08 16:19:48,43.1323852539062,-8.46898460388184,"Unknown"
"7014857",371856,2025-11-08 16:29:55,43.1324806213379,-8.46934795379639,"Unknown"
"7014857",371856,2025-11-08 16:39:48,43.1326599121094,-8.46922969818115,"Unknown"
"7014857",371856,2025-11-08 16:50:14,43.1325531005859,-8.46938228607178,"Unknown"
"7014857",371856,2025-11-08 16:59:47,43.1325836181641,-8.46944999694824,"Unknown"
"7014857",371856,2025-11-08 17:09:49,43.150203704834,-8.47237586975098,"Unknown"
"7014857",371856,2025-11-08 17:20:00,43.1716156005859,-8.43813133239746,"Unknown"
"7014857",371856,2025-11-08 17:30:01,43.1706924438477,-8.43845653533936,"Unknown"
"7014857",371856,2025-11-08 17:39:53,43.170825958252,-8.43846988677979,"Unknown"
"7014857",371856,2025-11-08 17:50:14,43.1707572937012,-8.43833065032959,"Unknown"
"7014857",371856,2025-11-08 17:56:00,43.1702117919922,-8.43803977966309,"Unknown"
"7014857",371856,2025-11-08 22:56:30,43.1716499328613,-8.4390811920166,"Unknown"
"7014857",371856,2025-11-09 03:56:29,43.1712074279785,-8.43942165374756,"Unknown"
"7014857",371856,2025-11-09 05:41:01,43.171085357666,-8.4400110244751,"Unknown"
"7014857",371856,2025-11-09 05:51:04,43.1710815429688,-8.43987083435059,"Unknown"
"7014857",371856,2025-11-09 06:01:03,43.1707534790039,-8.43973445892334,"Unknown"
"7014857",371856,2025-11-09 06:11:10,43.1715354919434,-8.44042205810547,"Unknown"
"7014857",371856,2025-11-09 06:20:59,43.17138671875,-8.44022750854492,"Unknown"
"7014857",371856,2025-11-09 06:30:59,43.1714706420898,-8.44029140472412,"Unknown"
"7014857",371856,2025-11-09 06:41:02,43.1715507507324,-8.4404239654541,"Unknown"
"7014857",371856,2025-11-09 06:51:14,43.1714477539062,-8.44034194946289,"Unknown"
"7014857",371856,2025-11-09 07:01:01,43.171459197998,-8.44077968597412,"Unknown"
"7014857",371856,2025-11-09 07:11:11,43.1713104248047,-8.44032096862793,"Unknown"
"7014857",371856,2025-11-09 07:21:04,43.1709938049316,-8.44567680358887,"Unknown"
"7014857",371856,2025-11-09 07:31:04,43.1711845397949,-8.44579219818115,"Unknown"
"7014857",371856,2025-11-09 07:41:04,43.1711502075195,-8.44579410552979,"Unknown"
"7014857",371856,2025-11-09 07:51:15,43.1711387634277,-8.44549942016602,"Unknown"
"7014857",371856,2025-11-09 08:01:14,43.1711807250977,-8.44595527648926,"Unknown"
"7014857",371856,2025-11-09 08:11:03,43.1713752746582,-8.44587135314941,"Unknown"
"7014857",371856,2025-11-09 08:21:00,43.1715698242188,-8.44563388824463,"Unknown"
"7014857",371856,2025-11-09 08:31:00,43.1721687316895,-8.44535255432129,"Unknown"
"7014857",371856,2025-11-09 08:41:02,43.1710586547852,-8.44511795043945,"Unknown"
"7014857",371856,2025-11-09 08:51:15,43.1707153320312,-8.44535732269287,"Unknown"
"7014857",371856,2025-11-09 09:01:07,43.1709594726562,-8.4448823928833,"Unknown"
"7014857",371856,2025-11-09 09:11:10,43.1710548400879,-8.44534301757812,"Unknown"
"7014857",371856,2025-11-09 09:21:08,43.1710433959961,-8.44535064697266,"Unknown"
"7014857",371856,2025-11-09 09:30:59,43.171215057373,-8.44571208953857,"Unknown"
"7014857",371856,2025-11-09 09:41:04,43.1711082458496,-8.44543170928955,"Unknown"
"7014857",371856,2025-11-09 09:51:15,43.1710968017578,-8.44534587860107,"Unknown"
"7014857",371856,2025-11-09 10:00:59,43.1711158752441,-8.44545459747314,"Unknown"
"7014857",371856,2025-11-09 10:11:04,43.1716613769531,-8.4479513168335,"Unknown"
"7014857",371856,2025-11-09 10:21:00,43.1437721252441,-8.47332668304443,"Unknown"
"7014857",371856,2025-11-09 10:31:03,43.1302947998047,-8.4710750579834,"Unknown"
"7014857",371856,2025-11-09 10:41:09,43.1305274963379,-8.47089672088623,"Unknown"
"7014857",371856,2025-11-09 10:51:35,43.1308364868164,-8.47182369232178,"Unknown"
"7014857",371856,2025-11-09 11:01:01,43.1310844421387,-8.47173309326172,"Unknown"
"7014857",371856,2025-11-09 11:11:01,43.131160736084,-8.47127151489258,"Unknown"
"7014857",371856,2025-11-09 11:21:01,43.1331520080566,-8.47026062011719,"Unknown"
"7014857",371856,2025-11-09 11:31:14,43.1326141357422,-8.46887302398682,"Unknown"
"7014857",371856,2025-11-09 11:41:00,43.1318359375,-8.46866607666016,"Unknown"
"7014857",371856,2025-11-09 11:51:08,43.1304779052734,-8.46925735473633,"Unknown"
"7014857",371856,2025-11-09 12:01:14,43.1303062438965,-8.46926593780518,"Unknown"
"7014857",371856,2025-11-09 12:10:59,43.1302108764648,-8.46929836273193,"Unknown"
"7014857",371856,2025-11-09 12:21:00,43.1302795410156,-8.46919345855713,"Unknown"
"7014857",371856,2025-11-09 12:31:02,43.130428314209,-8.4694766998291,"Unknown"
"7014857",371856,2025-11-09 12:41:02,43.130428314209,-8.46956825256348,"Unknown"
"7014857",371856,2025-11-09 12:51:15,43.1303367614746,-8.46927261352539,"Unknown"
"7014857",371856,2025-11-09 13:01:02,43.1303863525391,-8.46980667114258,"Unknown"
"7014857",371856,2025-11-09 13:11:02,43.1301879882812,-8.46909332275391,"Unknown"
"7014857",371856,2025-11-09 13:21:15,43.1302375793457,-8.46937656402588,"Unknown"
"7014857",371856,2025-11-09 13:31:33,43.1302223205566,-8.46938991546631,"Unknown"
"7014857",371856,2025-11-09 13:40:59,43.130184173584,-8.46932506561279,"Unknown"
"7014857",371856,2025-11-09 13:51:00,43.1302223205566,-8.46927070617676,"Unknown"
"7014857",371856,2025-11-09 14:01:00,43.1302642822266,-8.46933555603027,"Unknown"
"7014857",371856,2025-11-09 14:11:00,43.1303176879883,-8.46942043304443,"Unknown"
"7014857",371856,2025-11-09 14:21:00,43.1147003173828,-8.49075412750244,"Unknown"
"7014857",371856,2025-11-09 14:31:00,43.0975036621094,-8.4980525970459,"Unknown"
"7014857",371856,2025-11-09 14:41:00,43.0996131896973,-8.49539661407471,"Unknown"
"7014857",371856,2025-11-09 14:50:59,43.132007598877,-8.4681453704834,"Unknown"
"7014857",371856,2025-11-09 15:01:04,43.1302452087402,-8.46958065032959,"Unknown"
"7014857",371856,2025-11-09 15:11:02,43.1303176879883,-8.46963024139404,"Unknown"
"7014857",371856,2025-11-09 15:21:00,43.1307754516602,-8.46997737884521,"Unknown"
"7014857",371856,2025-11-09 15:31:00,43.1305046081543,-8.46979331970215,"Unknown"
"7014857",371856,2025-11-09 15:41:06,43.1305618286133,-8.46958351135254,"Unknown"
"7014857",371856,2025-11-09 15:51:14,43.1304016113281,-8.46965217590332,"Unknown"
"7014857",371856,2025-11-09 16:01:03,43.1319923400879,-8.46817493438721,"Unknown"
"7014857",371856,2025-11-09 16:11:32,43.1323471069336,-8.46812725067139,"Unknown"
"7014857",371856,2025-11-09 16:21:01,43.1322326660156,-8.46816253662109,"Unknown"
"7014857",371856,2025-11-09 16:31:00,43.1322708129883,-8.46805763244629,"Unknown"
"7014857",371856,2025-11-09 16:40:59,43.1321868896484,-8.46807098388672,"Unknown"
"7014857",371856,2025-11-09 16:51:14,43.1322326660156,-8.4680233001709,"Unknown"
"7014857",371856,2025-11-09 17:01:01,43.1319122314453,-8.46763229370117,"Unknown"
"7014857",371856,2025-11-09 17:11:02,43.1317481994629,-8.46781253814697,"Unknown"
"7014857",371856,2025-11-09 17:21:03,43.1377906799316,-8.47040462493896,"Unknown"
"7014857",371856,2025-11-09 17:31:02,43.1706962585449,-8.43862819671631,"Unknown"
"7014857",371856,2025-11-09 17:41:01,43.1707801818848,-8.43870830535889,"Unknown"
"7014857",371856,2025-11-09 17:51:14,43.1705055236816,-8.43858242034912,"Unknown"
"7014857",371856,2025-11-09 17:55:18,43.1714744567871,-8.43906211853027,"Unknown"
"7014857",371856,2025-11-09 22:55:35,43.1717529296875,-8.43893527984619,"Unknown"
"7014857",371856,2025-11-10 03:55:35,43.1712684631348,-8.43846607208252,"Unknown"
"7014857",371856,2025-11-10 05:41:59,43.171215057373,-8.43852996826172,"Unknown"
"7014857",371856,2025-11-10 05:51:59,43.1712074279785,-8.43850612640381,"Unknown"
"7014857",371856,2025-11-10 06:02:03,43.171272277832,-8.43862247467041,"Unknown"
"7014857",371856,2025-11-10 06:12:03,43.1711540222168,-8.43846797943115,"Unknown"
"7014857",371856,2025-11-10 06:22:04,43.1712112426758,-8.43847179412842,"Unknown"
"7014857",371856,2025-11-10 06:32:06,43.1712112426758,-8.43845367431641,"Unknown"
"7014857",371856,2025-11-10 06:41:59,43.1754417419434,-8.44525051116943,"Unknown"
"7014857",371856,2025-11-10 06:52:06,43.1814498901367,-8.45418930053711,"Unknown"
"7014857",371856,2025-11-10 07:02:00,43.1758460998535,-8.44624900817871,"Unknown"
"7014857",371856,2025-11-10 07:12:07,43.1709747314453,-8.43844318389893,"Unknown"
"7014857",371856,2025-11-10 07:22:01,43.1757888793945,-8.44859600067139,"Unknown"
"7014857",371856,2025-11-10 07:32:01,43.17626953125,-8.45004558563232,"Unknown"
"7014857",371856,2025-11-10 07:42:02,43.1780242919922,-8.45937061309814,"Unknown"
"7014857",371856,2025-11-10 07:52:51,43.1821365356445,-8.45081996917725,"Unknown"
"7014857",371856,2025-11-10 08:02:15,43.1636810302734,-8.4497127532959,"Unknown"
"7014857",371856,2025-11-10 08:12:11,43.1738967895508,-8.44698333740234,"Unknown"
"7014857",371856,2025-11-10 08:22:09,43.171272277832,-8.44482231140137,"Unknown"
"7014857",371856,2025-11-10 08:32:09,43.1706809997559,-8.44509315490723,"Unknown"
"7014857",371856,2025-11-10 08:42:09,43.1770210266113,-8.45197296142578,"Unknown"
"7014857",371856,2025-11-10 08:52:15,43.1721572875977,-8.44586753845215,"Unknown"
"7014857",371856,2025-11-10 09:02:09,43.1713714599609,-8.44528198242188,"Unknown"
"7014857",371856,2025-11-10 09:12:09,43.171501159668,-8.44519424438477,"Unknown"
"7014857",371856,2025-11-10 09:22:09,43.1714935302734,-8.44515323638916,"Unknown"
"7014857",371856,2025-11-10 09:32:09,43.171516418457,-8.44508171081543,"Unknown"
"7014857",371856,2025-11-10 09:42:03,43.1516571044922,-8.45853805541992,"Unknown"
"7014857",371856,2025-11-10 09:52:01,43.1275215148926,-8.47645854949951,"Unknown"
"7014857",371856,2025-11-10 10:02:03,43.131534576416,-8.47229099273682,"Unknown"
"7014857",371856,2025-11-10 10:12:10,43.1308898925781,-8.47170829772949,"Unknown"
"7014857",371856,2025-11-10 10:22:01,43.1308708190918,-8.4715518951416,"Unknown"
"7014857",371856,2025-11-10 10:32:00,43.1312026977539,-8.471604347229,"Unknown"
"7014857",371856,2025-11-10 10:42:00,43.1312522888184,-8.47167778015137,"Unknown"
"7014857",371856,2025-11-10 10:52:09,43.131160736084,-8.47177505493164,"Unknown"
"7014857",371856,2025-11-10 11:02:00,43.129035949707,-8.47081756591797,"Unknown"
"7014857",371856,2025-11-10 11:12:00,43.1290588378906,-8.47083568572998,"Unknown"
"7014857",371856,2025-11-10 11:22:01,43.1290054321289,-8.47068691253662,"Unknown"
"7014857",371856,2025-11-10 11:32:01,43.1290245056152,-8.47082901000977,"Unknown"
"7014857",371856,2025-11-10 11:42:00,43.1099281311035,-8.49056053161621,"Unknown"
"7014857",371856,2025-11-10 11:52:01,43.0983963012695,-8.49531269073486,"Unknown"
"7014857",371856,2025-11-10 12:02:01,43.1134262084961,-8.48266983032227,"Unknown"
"7014857",371856,2025-11-10 12:12:01,43.129264831543,-8.47012615203857,"Unknown"
"7014857",371856,2025-11-10 12:22:01,43.1293601989746,-8.47009944915771,"Unknown"
"7014857",371856,2025-11-10 12:32:01,43.1292419433594,-8.47015380859375,"Unknown"
"7014857",371856,2025-11-10 12:42:01,43.1291427612305,-8.47029209136963,"Unknown"
"7014857",371856,2025-11-10 12:52:01,43.1287803649902,-8.47054100036621,"Unknown"
"7014857",371856,2025-11-10 13:02:00,43.1287460327148,-8.47037410736084,"Unknown"
"7014857",371856,2025-11-10 13:12:00,43.1287384033203,-8.47043418884277,"Unknown"
"7014857",371856,2025-11-10 13:22:02,43.1286735534668,-8.47035694122314,"Unknown"
"7014857",371856,2025-11-10 13:32:00,43.1286659240723,-8.47033882141113,"Unknown"
"7014857",371856,2025-11-10 13:42:00,43.1287460327148,-8.47048950195312,"Unknown"
"7014857",371856,2025-11-10 13:52:01,43.1282958984375,-8.47042751312256,"Unknown"
"7014857",371856,2025-11-10 14:02:00,43.130428314209,-8.46968173980713,"Unknown"
"7014857",371856,2025-11-10 14:12:00,43.1308097839355,-8.46964645385742,"Unknown"
"7014857",371856,2025-11-10 14:22:00,43.1307067871094,-8.46977233886719,"Unknown"
"7014857",371856,2025-11-10 14:32:00,43.1307563781738,-8.4696798324585,"Unknown"
"7014857",371856,2025-11-10 14:42:00,43.130687713623,-8.46972846984863,"Unknown"
"7014857",371856,2025-11-10 14:52:00,43.1306457519531,-8.46957683563232,"Unknown"
"7014857",371856,2025-11-10 15:02:02,43.1307716369629,-8.46978092193604,"Unknown"
"7014857",371856,2025-11-10 15:12:00,43.130672454834,-8.47068786621094,"Unknown"
"7014857",371856,2025-11-10 15:22:02,43.130989074707,-8.47137069702148,"Unknown"
"7014857",371856,2025-11-10 15:32:00,43.1306304931641,-8.46939754486084,"Unknown"
"7014857",371856,2025-11-10 15:42:00,43.130241394043,-8.46980857849121,"Unknown"
"7014857",371856,2025-11-10 15:52:08,43.1301651000977,-8.46977806091309,"Unknown"
"7014857",371856,2025-11-10 16:02:00,43.1302757263184,-8.46965217590332,"Unknown"
"7014857",371856,2025-11-10 16:12:01,43.1302299499512,-8.46969413757324,"Unknown"
"7014857",371856,2025-11-10 16:22:01,43.1301460266113,-8.46995830535889,"Unknown"
"7014857",371856,2025-11-10 16:32:00,43.1301612854004,-8.46968364715576,"Unknown"
"7014857",371856,2025-11-10 16:42:01,43.1301422119141,-8.46987056732178,"Unknown"
"7014857",371856,2025-11-10 16:52:00,43.1301078796387,-8.47039413452148,"Unknown"
"7014857",371856,2025-11-10 17:02:01,43.1300506591797,-8.47045135498047,"Unknown"
"7014857",371856,2025-11-10 17:12:01,43.1301765441895,-8.47047996520996,"Unknown"
"7014857",371856,2025-11-10 17:22:01,43.1711959838867,-8.43830966949463,"Unknown"
"7014857",371856,2025-11-10 17:32:02,43.1713638305664,-8.43812370300293,"Unknown"
"7014857",371856,2025-11-10 17:42:01,43.1713714599609,-8.43810653686523,"Unknown"
"7014857",371856,2025-11-10 17:52:01,43.1711807250977,-8.43811893463135,"Unknown"
"7014857",371856,2025-11-10 17:54:20,43.1711540222168,-8.43817615509033,"Unknown"
"7014857",371856,2025-11-10 22:54:19,43.1715393066406,-8.43867778778076,"Unknown"
"7014857",371856,2025-11-11 03:54:19,43.1712837219238,-8.43842792510986,"Unknown"
"7014857",371856,2025-11-11 05:43:17,43.1698188781738,-8.43707370758057,"Unknown"
"7014857",371856,2025-11-11 05:53:17,43.171802520752,-8.43893718719482,"Unknown"
"7014857",371856,2025-11-11 06:03:18,43.172248840332,-8.43925380706787,"Unknown"
"7014857",371856,2025-11-11 06:13:21,43.1724128723145,-8.43934535980225,"Unknown"
"7014857",371856,2025-11-11 06:23:26,43.1718940734863,-8.43895816802979,"Unknown"
"7014857",371856,2025-11-11 06:33:25,43.1720275878906,-8.43897724151611,"Unknown"
"7014857",371856,2025-11-11 06:43:25,43.1719512939453,-8.44011116027832,"Unknown"
"7014857",371856,2025-11-11 06:53:35,43.1712951660156,-8.43837070465088,"Unknown"
"7014857",371856,2025-11-11 07:03:15,43.1712913513184,-8.43845272064209,"Unknown"
"7014857",371856,2025-11-11 07:13:15,43.171257019043,-8.43836975097656,"Unknown"
"7014857",371856,2025-11-11 07:23:15,43.1706619262695,-8.44574546813965,"Unknown"
"7014857",371856,2025-11-11 07:33:16,43.1707611083984,-8.44557189941406,"Unknown"
"7014857",371856,2025-11-11 07:43:17,43.1587715148926,-8.46303939819336,"Unknown"
"7014857",371856,2025-11-11 07:53:16,43.1295852661133,-8.47296142578125,"Unknown"
"7014857",371856,2025-11-11 08:03:16,43.1002197265625,-8.49383640289307,"Unknown"
"7014857",371856,2025-11-11 08:13:17,43.0985984802246,-8.49703598022461,"Unknown"
"7014857",371856,2025-11-11 08:23:18,43.1289825439453,-8.47079849243164,"Unknown"
"7014857",371856,2025-11-11 08:33:24,43.1289100646973,-8.47075653076172,"Unknown"
"7014857",371856,2025-11-11 08:43:24,43.1288833618164,-8.47079944610596,"Unknown"
"7014857",371856,2025-11-11 08:53:22,43.1287803649902,-8.47078609466553,"Unknown"
"7014857",371856,2025-11-11 09:03:35,43.1287460327148,-8.47078323364258,"Unknown"
"7014857",371856,2025-11-11 09:13:24,43.1287689208984,-8.47070693969727,"Unknown"
"7014857",371856,2025-11-11 09:23:17,43.1287498474121,-8.47067737579346,"Unknown"
"7014857",371856,2025-11-11 09:33:17,43.1289443969727,-8.47060585021973,"Unknown"
"7014857",371856,2025-11-11 09:43:16,43.1287117004395,-8.47090148925781,"Unknown"
"7014857",371856,2025-11-11 09:53:17,43.1285552978516,-8.47076225280762,"Unknown"
"7014857",371856,2025-11-11 10:03:21,43.1286430358887,-8.47078323364258,"Unknown"
"7014857",371856,2025-11-11 10:13:16,43.128532409668,-8.470627784729,"Unknown"
"7014857",371856,2025-11-11 10:23:17,43.128547668457,-8.47027969360352,"Unknown"
"7014857",371856,2025-11-11 10:33:17,43.1287002563477,-8.47087383270264,"Unknown"
"7014857",371856,2025-11-11 10:43:17,43.1296005249023,-8.47066593170166,"Unknown"
"7014857",371856,2025-11-11 10:53:22,43.1292610168457,-8.4700813293457,"Unknown"
"7014857",371856,2025-11-11 11:03:16,43.130687713623,-8.4719934463501,"Unknown"
"7014857",371856,2025-11-11 11:13:18,43.130729675293,-8.47202396392822,"Unknown"
"7014857",371856,2025-11-11 11:23:18,43.1308631896973,-8.47174644470215,"Unknown"
"7014857",371856,2025-11-11 11:33:28,43.1305809020996,-8.47107982635498,"Unknown"
"7014857",371856,2025-11-11 11:43:45,43.1308631896973,-8.47177696228027,"Unknown"
"7014857",371856,2025-11-11 11:53:19,43.1310501098633,-8.47213459014893,"Unknown"
"7014857",371856,2025-11-11 12:03:17,43.129222869873,-8.47523880004883,"Unknown"
"7014857",371856,2025-11-11 12:13:17,43.104320526123,-8.49706649780273,"Unknown"
"7014857",371856,2025-11-11 12:23:18,43.0988578796387,-8.49789905548096,"Unknown"
"7014857",371856,2025-11-11 12:33:18,43.0989685058594,-8.49557876586914,"Unknown"
"7014857",371856,2025-11-11 12:43:35,43.129035949707,-8.47081661224365,"Unknown"
"7014857",371856,2025-11-11 12:53:17,43.1290626525879,-8.47075653076172,"Unknown"
"7014857",371856,2025-11-11 13:03:19,43.1288108825684,-8.47160339355469,"Unknown"
"7014857",371856,2025-11-11 13:13:19,43.1291656494141,-8.46985149383545,"Unknown"
"7014857",371856,2025-11-11 13:23:16,43.1290435791016,-8.47054958343506,"Unknown"
"7014857",371856,2025-11-11 13:33:21,43.1290054321289,-8.47046279907227,"Unknown"
"7014857",371856,2025-11-11 13:43:28,43.1289482116699,-8.4704065322876,"Unknown"
"7014857",371856,2025-11-11 13:53:22,43.1289482116699,-8.4705057144165,"Unknown"
"7014857",371856,2025-11-11 14:03:35,43.1256637573242,-8.49187088012695,"Unknown"
"7014857",371856,2025-11-11 14:13:21,43.1306953430176,-8.47174644470215,"Unknown"
"7014857",371856,2025-11-11 14:23:24,43.1309089660645,-8.47188377380371,"Unknown"
"7014857",371856,2025-11-11 14:33:24,43.1322402954102,-8.47252750396729,"Unknown"
"7014857",371856,2025-11-11 14:43:44,43.1322479248047,-8.47251224517822,"Unknown"
"7014857",371856,2025-11-11 14:53:17,43.1310501098633,-8.47200679779053,"Unknown"
"7014857",371856,2025-11-11 15:03:21,43.1311683654785,-8.47166538238525,"Unknown"
"7014857",371856,2025-11-11 15:13:16,43.1311302185059,-8.47171306610107,"Unknown"
"7014857",371856,2025-11-11 15:23:16,43.1312484741211,-8.47139739990234,"Unknown"
"7014857",371856,2025-11-11 15:33:23,43.1259231567383,-8.47452831268311,"Unknown"
"7014857",371856,2025-11-11 15:43:17,43.1143188476562,-8.48302936553955,"Unknown"
"7014857",371856,2025-11-11 15:53:18,43.098762512207,-8.49658012390137,"Unknown"
"7014857",371856,2025-11-11 16:03:21,43.0988540649414,-8.49683856964111,"Unknown"
"7014857",371856,2025-11-11 16:13:35,43.1288185119629,-8.47071361541748,"Unknown"
"7014857",371856,2025-11-11 16:23:15,43.1288375854492,-8.47085762023926,"Unknown"
"7014857",371856,2025-11-11 16:33:16,43.1327362060547,-8.47283744812012,"Unknown"
"7014857",371856,2025-11-11 16:43:22,43.1939086914062,-8.42313385009766,"Unknown"
"7014857",371856,2025-11-11 16:53:16,43.1931991577148,-8.42243003845215,"Unknown"
"7014857",371856,2025-11-11 17:03:21,43.2001991271973,-8.426438331604,"Unknown"
"7014857",371856,2025-11-11 17:13:17,43.296875,-8.37674331665039,"Unknown"
"7014857",371856,2025-11-11 17:23:17,43.3827209472656,-8.34788131713867,"Unknown"
"7014857",371856,2025-11-11 17:33:19,43.398796081543,-8.2929220199585,"Unknown"
"7014857",371856,2025-11-11 17:43:21,43.3898162841797,-8.2829418182373,"Unknown"
"7014857",371856,2025-11-11 17:52:24,43.3897857666016,-8.28357410430908,"Unknown"
"7014857",371856,2025-11-11 22:52:44,43.3897666931152,-8.28308200836182,"Unknown"
"7014857",371856,2025-11-12 03:52:18,43.3891296386719,-8.28200244903564,"Unknown"
"7014857",371856,2025-11-12 05:43:50,43.3910484313965,-8.27999782562256,"Unknown"
"7014857",371856,2025-11-12 05:53:50,43.3912544250488,-8.2798433303833,"Unknown"
"7014857",371856,2025-11-12 06:04:23,43.3910675048828,-8.27998352050781,"Unknown"
"7014857",371856,2025-11-12 06:13:49,43.3911247253418,-8.28007888793945,"Unknown"
"7014857",371856,2025-11-12 06:23:50,43.3907737731934,-8.28011131286621,"Unknown"
"7014857",371856,2025-11-12 06:33:49,43.390251159668,-8.28033351898193,"Unknown"
"7014857",371856,2025-11-12 06:43:49,43.3901557922363,-8.28048324584961,"Unknown"
"7014857",371856,2025-11-12 06:53:53,43.3903694152832,-8.28073406219482,"Unknown"
"7014857",371856,2025-11-12 07:03:50,43.3902130126953,-8.28033447265625,"Unknown"
"7014857",371856,2025-11-12 07:13:52,43.3901481628418,-8.28031444549561,"Unknown"
"7014857",371856,2025-11-12 07:23:50,43.3902587890625,-8.28046798706055,"Unknown"
"7014857",371856,2025-11-12 07:33:51,43.3903045654297,-8.2805814743042,"Unknown"
"7014857",371856,2025-11-12 07:43:50,43.3901062011719,-8.28035831451416,"Unknown"
"7014857",371856,2025-11-12 07:53:51,43.3903312683105,-8.28051090240479,"Unknown"
"7014857",371856,2025-11-12 08:03:50,43.3903312683105,-8.28063678741455,"Unknown"
"7014857",371856,2025-11-12 08:13:58,43.390438079834,-8.28076839447021,"Unknown"
"7014857",371856,2025-11-12 08:23:51,43.3904113769531,-8.28067493438721,"Unknown"
"7014857",371856,2025-11-12 08:33:51,43.3902931213379,-8.28043365478516,"Unknown"
"7014857",371856,2025-11-12 08:43:50,43.390495300293,-8.28070163726807,"Unknown"
"7014857",371856,2025-11-12 08:54:14,43.3904457092285,-8.28076934814453,"Unknown"
"7014857",371856,2025-11-12 09:03:51,43.3901824951172,-8.2808084487915,"Unknown"
"7014857",371856,2025-11-12 09:13:51,43.3901748657227,-8.28050327301025,"Unknown"
"7014857",371856,2025-11-12 09:23:50,43.3902740478516,-8.28061962127686,"Unknown"
"7014857",371856,2025-11-12 09:33:50,43.3903388977051,-8.28075122833252,"Unknown"
"7014857",371856,2025-11-12 09:43:50,43.3903541564941,-8.28087520599365,"Unknown"
"7014857",371856,2025-11-12 09:54:14,43.3903503417969,-8.28077983856201,"Unknown"
"7014857",371856,2025-11-12 10:03:58,43.389835357666,-8.28319263458252,"Unknown"
"7014857",371856,2025-11-12 10:13:50,43.3894157409668,-8.28415298461914,"Unknown"
"7014857",371856,2025-11-12 10:23:53,43.3897743225098,-8.28339099884033,"Unknown"
"7014857",371856,2025-11-12 10:33:54,43.3897476196289,-8.28305339813232,"Unknown"
"7014857",371856,2025-11-12 10:43:52,43.389778137207,-8.28312110900879,"Unknown"
"7014857",371856,2025-11-12 10:53:54,43.3898086547852,-8.2831506729126,"Unknown"
"7014857",371856,2025-11-12 11:03:51,43.3898887634277,-8.28332233428955,"Unknown"
"7014857",371856,2025-11-12 11:13:51,43.3893966674805,-8.28305149078369,"Unknown"
"7014857",371856,2025-11-12 11:23:50,43.3893775939941,-8.28300666809082,"Unknown"
"7014857",371856,2025-11-12 11:33:51,43.3895454406738,-8.28312587738037,"Unknown"
"7014857",371856,2025-11-12 11:43:51,43.3897247314453,-8.28310775756836,"Unknown"
"7014857",371856,2025-11-12 11:53:51,43.3890571594238,-8.2826509475708,"Unknown"
"7014857",371856,2025-11-12 12:04:00,43.3896675109863,-8.28306198120117,"Unknown"
"7014857",371856,2025-11-12 12:14:23,43.3896675109863,-8.28323078155518,"Unknown"
"7014857",371856,2025-11-12 12:23:50,43.3896789550781,-8.28311061859131,"Unknown"
"7014857",371856,2025-11-12 12:33:50,43.3844337463379,-8.29488372802734,"Unknown"
"7014857",371856,2025-11-12 12:43:50,43.3975296020508,-8.34705066680908,"Unknown"
"7014857",371856,2025-11-12 12:53:50,43.3758010864258,-8.33510971069336,"Unknown"
"7014857",371856,2025-11-12 13:04:14,43.3773231506348,-8.3381519317627,"Unknown"
"7014857",371856,2025-11-12 13:13:50,43.3823356628418,-8.38874530792236,"Unknown"
"7014857",371856,2025-11-12 13:23:55,43.3680686950684,-8.41745185852051,"Unknown"
"7014857",371856,2025-11-12 13:33:50,43.3492774963379,-8.43615531921387,"Unknown"
"7014857",371856,2025-11-12 13:43:50,43.3396987915039,-8.45458030700684,"Unknown"
"7014857",371856,2025-11-12 13:53:52,43.3396759033203,-8.45512962341309,"Unknown"
"7014857",371856,2025-11-12 14:13:52,43.3509368896484,-8.42818832397461,"Unknown"
"7014857",371856,2025-11-12 14:23:54,43.350658416748,-8.42802143096924,"Unknown"
"7014857",371856,2025-11-12 14:34:14,43.3502502441406,-8.42764091491699,"Unknown"
"7014857",371856,2025-11-12 14:43:52,43.3503875732422,-8.42808055877686,"Unknown"
"7014857",371856,2025-11-12 14:53:55,43.3495864868164,-8.42800903320312,"Unknown"
"7014857",371856,2025-11-12 15:03:51,43.3504295349121,-8.42801761627197,"Unknown"
"7014857",371856,2025-11-12 15:13:50,43.3502922058105,-8.42787075042725,"Unknown"
"7014857",371856,2025-11-12 15:23:50,43.3536796569824,-8.42438411712646,"Unknown"
"7014857",371856,2025-11-12 15:34:29,43.3532104492188,-8.42485809326172,"Unknown"
"7014857",371856,2025-11-12 15:43:50,43.3538398742676,-8.42462730407715,"Unknown"
"7014857",371856,2025-11-12 15:53:50,43.3537445068359,-8.42468452453613,"Unknown"
"7014857",371856,2025-11-12 16:03:53,43.3534965515137,-8.42479133605957,"Unknown"
"7014857",371856,2025-11-12 16:13:51,43.3533134460449,-8.42500686645508,"Unknown"
"7014857",371856,2025-11-12 16:23:51,43.353343963623,-8.42487049102783,"Unknown"
"7014857",371856,2025-11-12 16:33:51,43.3532447814941,-8.42502117156982,"Unknown"
"7014857",371856,2025-11-12 16:43:50,43.3532600402832,-8.4249849319458,"Unknown"
"7014857",371856,2025-11-12 16:53:50,43.353328704834,-8.42509841918945,"Unknown"
"7014857",371856,2025-11-12 17:03:54,43.3533020019531,-8.42520236968994,"Unknown"
"7014857",371856,2025-11-12 17:14:23,43.3533325195312,-8.42521572113037,"Unknown"
"7014857",371856,2025-11-12 17:23:49,43.3535079956055,-8.41230201721191,"Unknown"
"7014857",371856,2025-11-12 17:33:50,43.3620681762695,-8.40371131896973,"Unknown"
"7014857",371856,2025-11-12 17:43:50,43.3620376586914,-8.40360260009766,"Unknown"
"7014857",371856,2025-11-12 17:51:59,43.3622589111328,-8.40469264984131,"Unknown"
"7014857",371856,2025-11-12 22:52:29,43.3604049682617,-8.40276622772217,"Unknown"
"7014857",371856,2025-11-13 03:52:07,43.3586158752441,-8.39291954040527,"Unknown"
"7014857",371856,2025-11-13 05:45:31,43.3596649169922,-8.39038276672363,"Unknown"
"7014857",371856,2025-11-13 05:55:28,43.3592872619629,-8.39125347137451,"Unknown"
"7014857",371856,2025-11-13 06:05:28,43.3587265014648,-8.39258480072021,"Unknown"
"7014857",371856,2025-11-13 06:15:30,43.3588104248047,-8.39276504516602,"Unknown"
"7014857",371856,2025-11-13 06:25:29,43.3588676452637,-8.39335536956787,"Unknown"
"7014857",371856,2025-11-13 06:55:42,43.3582344055176,-8.39362335205078,"Unknown"
"7014857",371856,2025-11-13 07:25:29,43.3584594726562,-8.39383697509766,"Unknown"
"7014857",371856,2025-11-13 07:55:37,43.3499298095703,-8.42885780334473,"Unknown"
"7014857",371856,2025-11-13 08:25:44,43.3496627807617,-8.42757225036621,"Unknown"
"7014857",371856,2025-11-13 08:55:44,43.3496513366699,-8.42745971679688,"Unknown"
"7014857",371856,2025-11-13 09:25:31,43.3524627685547,-8.48076629638672,"Unknown"
"7014857",371856,2025-11-13 09:55:44,43.3521461486816,-8.51252555847168,"Unknown"
"7014857",371856,2025-11-13 10:25:38,43.3520698547363,-8.51256561279297,"Unknown"
"7014857",371856,2025-11-13 10:55:59,43.3521308898926,-8.51259803771973,"Unknown"
"7014857",371856,2025-11-13 11:25:27,43.3520812988281,-8.51249027252197,"Unknown"
"7014857",371856,2025-11-13 11:55:28,43.3521575927734,-8.51270771026611,"Unknown"
"7014857",371856,2025-11-13 12:26:31,43.3392486572266,-8.50489711761475,"Unknown"
"7014857",371856,2025-11-13 12:55:45,43.3279037475586,-8.51223659515381,"Unknown"
"7014857",371856,2025-11-13 13:25:27,43.3281097412109,-8.51165676116943,"Unknown"
"7014857",371856,2025-11-13 13:55:29,43.3281097412109,-8.51176738739014,"Unknown"
"7014857",371856,2025-11-13 14:25:45,43.3299026489258,-8.51023960113525,"Unknown"
"7014857",371856,2025-11-13 14:55:45,43.3300514221191,-8.51028060913086,"Unknown"
"7014857",371856,2025-11-13 15:25:44,43.330078125,-8.51069355010986,"Unknown"
"7014857",371856,2025-11-13 15:56:05,43.3299789428711,-8.5105562210083,"Unknown"
"7014857",371856,2025-11-13 16:25:28,43.3300628662109,-8.51061534881592,"Unknown"
"7014857",371856,2025-11-13 16:55:31,43.32958984375,-8.51087093353271,"Unknown"
"7014857",371856,2025-11-13 17:26:05,43.3298606872559,-8.51139068603516,"Unknown"
"7014857",371856,2025-11-13 17:50:56,43.3485565185547,-8.51108551025391,"Unknown"
"7014857",371856,2025-11-13 22:51:29,43.3500480651855,-8.5072603225708,"Unknown"
"7014857",371856,2025-11-14 03:51:06,43.3499069213867,-8.51813507080078,"Unknown"
"7014857",371856,2025-11-14 05:47:30,43.3498153686523,-8.51833724975586,"Unknown"
"7014857",371856,2025-11-14 06:17:00,43.3498916625977,-8.51820659637451,"Unknown"
"7014857",371856,2025-11-14 06:46:58,43.3458213806152,-8.51458168029785,"Unknown"
"7014857",371856,2025-11-14 07:16:59,43.3459892272949,-8.51172351837158,"Unknown"
"7014857",371856,2025-11-14 07:46:59,43.3281784057617,-8.51215362548828,"Unknown"
"7014857",371856,2025-11-14 08:17:01,43.3280067443848,-8.51214027404785,"Unknown"
"7014857",371856,2025-11-14 08:47:00,43.275333404541,-8.53972053527832,"Unknown"
"7014857",371856,2025-11-14 09:17:03,43.253303527832,-8.54276752471924,"Unknown"
"7014857",371856,2025-11-14 09:47:03,43.1892318725586,-8.43893527984619,"Unknown"
"7014857",371856,2025-11-14 10:17:00,43.1609535217285,-8.45987987518311,"Unknown"
"7014857",371856,2025-11-14 10:47:01,43.1323585510254,-8.47403335571289,"Unknown"
"7014857",371856,2025-11-14 11:17:00,43.1332359313965,-8.46938323974609,"Unknown"
"7014857",371856,2025-11-14 11:47:03,43.1296730041504,-8.46852874755859,"Unknown"
"7014857",371856,2025-11-14 12:17:00,43.1297378540039,-8.46860027313232,"Unknown"
"7014857",371856,2025-11-14 12:47:00,43.1297569274902,-8.46856498718262,"Unknown"
"7014857",371856,2025-11-14 13:17:01,43.1298789978027,-8.46861362457275,"Unknown"
"7014857",371856,2025-11-14 13:47:04,43.1297912597656,-8.46843147277832,"Unknown"
"7014857",371856,2025-11-14 14:17:01,43.1297454833984,-8.4682674407959,"Unknown"
"7014857",371856,2025-11-14 14:47:06,43.1296043395996,-8.46842956542969,"Unknown"
"7014857",371856,2025-11-14 15:17:11,43.1297302246094,-8.46855640411377,"Unknown"
"7014857",371856,2025-11-14 15:47:02,43.1306838989258,-8.47109127044678,"Unknown"
"7014857",371856,2025-11-14 16:17:00,43.1306190490723,-8.47104740142822,"Unknown"
"7014857",371856,2025-11-14 16:47:03,43.1302108764648,-8.46961975097656,"Unknown"
"7014857",371856,2025-11-14 17:17:00,43.171199798584,-8.43869686126709,"Unknown"
"7014857",371856,2025-11-14 17:47:03,43.1711158752441,-8.43861961364746,"Unknown"
"7014857",371856,2025-11-14 17:50:37,43.1711082458496,-8.43858337402344,"Unknown"
"7014857",371856,2025-11-14 22:50:42,43.1717720031738,-8.43808746337891,"Unknown"
"7014857",371856,2025-11-15 03:50:39,43.1710777282715,-8.43775272369385,"Unknown"
"7014857",371856,2025-11-15 05:47:42,43.1712989807129,-8.43850994110107,"Unknown"
"7014857",371856,2025-11-15 06:17:43,43.1715431213379,-8.43835067749023,"Unknown"
"7014857",371856,2025-11-15 06:47:48,43.1713447570801,-8.43851184844971,"Unknown"
"7014857",371856,2025-11-15 07:17:41,43.170711517334,-8.43859767913818,"Unknown"
"7014857",371856,2025-11-15 07:47:41,43.1703872680664,-8.43832874298096,"Unknown"
"7014857",371856,2025-11-15 08:17:48,43.1707992553711,-8.44589233398438,"Unknown"
"7014857",371856,2025-11-15 08:47:41,43.1713333129883,-8.44630241394043,"Unknown"
"7014857",371856,2025-11-15 09:18:02,43.1322174072266,-8.46830081939697,"Unknown"
"7014857",371856,2025-11-15 09:47:41,43.1322784423828,-8.46817302703857,"Unknown"
"7014857",371856,2025-11-15 10:17:41,43.1305923461914,-8.47169494628906,"Unknown"
"7014857",371856,2025-11-15 10:47:41,43.1304054260254,-8.47175693511963,"Unknown"
"7014857",371856,2025-11-15 11:17:42,43.1328201293945,-8.47256374359131,"Unknown"
"7014857",371856,2025-11-15 11:47:42,43.1330680847168,-8.4714937210083,"Unknown"
"7014857",371856,2025-11-15 12:17:40,43.1327133178711,-8.47213554382324,"Unknown"
"7014857",371856,2025-11-15 12:48:05,43.1318626403809,-8.4679708480835,"Unknown"
"7014857",371856,2025-11-15 13:17:39,43.1300621032715,-8.4694766998291,"Unknown"
"7014857",371856,2025-11-15 13:47:52,43.1298675537109,-8.46970462799072,"Unknown"
"7014857",371856,2025-11-15 14:17:39,43.1301383972168,-8.46984481811523,"Unknown"
"7014857",371856,2025-11-15 14:48:05,43.1299819946289,-8.46964454650879,"Unknown"
"7014857",371856,2025-11-15 14:57:38,43.1299667358398,-8.4695873260498,"Unknown"
"7014857",371856,2025-11-15 15:07:39,43.1300735473633,-8.46959972381592,"Unknown"
"7014857",371856,2025-11-15 15:17:39,43.1301383972168,-8.46964073181152,"Unknown"
"7014857",371856,2025-11-15 15:27:38,43.1300735473633,-8.46966457366943,"Unknown"
"7014857",371856,2025-11-15 15:37:39,43.1299209594727,-8.46971130371094,"Unknown"
"7014857",371856,2025-11-15 15:47:41,43.130126953125,-8.46978855133057,"Unknown"
"7014857",371856,2025-11-15 15:57:40,43.1301040649414,-8.46973323822021,"Unknown"
"7014857",371856,2025-11-15 16:07:39,43.1301383972168,-8.46982955932617,"Unknown"
"7014857",371856,2025-11-15 16:17:39,43.1300392150879,-8.46970272064209,"Unknown"
"7014857",371856,2025-11-15 16:27:47,43.1299858093262,-8.46963882446289,"Unknown"
"7014857",371856,2025-11-15 16:37:48,43.1299705505371,-8.46959400177002,"Unknown"
"7014857",371856,2025-11-15 16:47:49,43.1300621032715,-8.46966648101807,"Unknown"
"7014857",371856,2025-11-15 16:57:49,43.1301460266113,-8.4697093963623,"Unknown"
"7014857",371856,2025-11-15 17:07:52,43.1300430297852,-8.46964550018311,"Unknown"
"7014857",371856,2025-11-15 17:17:50,43.158203125,-8.45288467407227,"Unknown"
"7014857",371856,2025-11-15 17:28:04,43.1712913513184,-8.4384708404541,"Unknown"
"7014857",371856,2025-11-15 17:37:40,43.171272277832,-8.43835258483887,"Unknown"
"7014857",371856,2025-11-15 17:47:39,43.1712913513184,-8.43865013122559,"Unknown"
"7014857",371856,2025-11-15 17:49:48,43.1713714599609,-8.43851184844971,"Unknown"
"7014857",371856,2025-11-15 22:50:23,43.1711959838867,-8.43846130371094,"Unknown"
"7014857",371856,2025-11-16 03:50:23,43.1711044311523,-8.43843173980713,"Unknown"
"7014857",371856,2025-11-16 05:49:23,43.1710548400879,-8.43827342987061,"Unknown"
"7014857",371856,2025-11-16 05:58:50,43.1704597473145,-8.43842697143555,"Unknown"
"7014857",371856,2025-11-16 06:08:50,43.1710968017578,-8.43835830688477,"Unknown"
"7014857",371856,2025-11-16 06:18:49,43.1711616516113,-8.43842792510986,"Unknown"
"7014857",371856,2025-11-16 06:28:47,43.170841217041,-8.43819904327393,"Unknown"
"7014857",371856,2025-11-16 06:38:47,43.170970916748,-8.43835544586182,"Unknown"
"7014857",371856,2025-11-16 06:49:05,43.1711769104004,-8.43850708007812,"Unknown"
"7014857",371856,2025-11-16 06:58:50,43.171142578125,-8.43848991394043,"Unknown"
"7014857",371856,2025-11-16 07:08:53,43.1711578369141,-8.43858528137207,"Unknown"
"7014857",371856,2025-11-16 07:19:04,43.1710472106934,-8.4384765625,"Unknown"
"7014857",371856,2025-11-16 07:28:50,43.1713676452637,-8.44655513763428,"Unknown"
"7014857",371856,2025-11-16 07:38:46,43.1713981628418,-8.44569683074951,"Unknown"
"7014857",371856,2025-11-16 07:48:46,43.1709938049316,-8.44550037384033,"Unknown"
"7014857",371856,2025-11-16 07:58:48,43.171070098877,-8.44563102722168,"Unknown"
"7014857",371856,2025-11-16 08:08:50,43.1710815429688,-8.44566345214844,"Unknown"
"7014857",371856,2025-11-16 08:19:11,43.1710929870605,-8.44566345214844,"Unknown"
"7014857",371856,2025-11-16 08:28:45,43.1710586547852,-8.44564533233643,"Unknown"
"7014857",371856,2025-11-16 08:38:46,43.171501159668,-8.44599056243896,"Unknown"
"7014857",371856,2025-11-16 08:48:47,43.1633148193359,-8.45541667938232,"Unknown"
"7014857",371856,2025-11-16 08:58:55,43.1325187683105,-8.46857643127441,"Unknown"
"7014857",371856,2025-11-16 09:08:55,43.1324005126953,-8.4684944152832,"Unknown"
"7014857",371856,2025-11-16 09:18:55,43.1300582885742,-8.46765327453613,"Unknown"
"7014857",371856,2025-11-16 09:28:55,43.1300430297852,-8.46755886077881,"Unknown"
"7014857",371856,2025-11-16 09:38:55,43.1300201416016,-8.46759510040283,"Unknown"
"7014857",371856,2025-11-16 09:48:55,43.1300239562988,-8.46753597259521,"Unknown"
"7014857",371856,2025-11-16 09:58:59,43.130054473877,-8.46744346618652,"Unknown"
"7014857",371856,2025-11-16 10:09:11,43.1299667358398,-8.46767711639404,"Unknown"
"7014857",371856,2025-11-16 10:18:46,43.1299133300781,-8.46763229370117,"Unknown"
"7014857",371856,2025-11-16 10:28:51,43.1300621032715,-8.46750640869141,"Unknown"
"7014857",371856,2025-11-16 10:38:47,43.1304244995117,-8.47150135040283,"Unknown"
"7014857",371856,2025-11-16 10:49:05,43.1298027038574,-8.47243309020996,"Unknown"
"7014857",371856,2025-11-16 10:58:50,43.1303520202637,-8.47156238555908,"Unknown"
"7014857",371856,2025-11-16 11:08:46,43.130298614502,-8.47171020507812,"Unknown"
"7014857",371856,2025-11-16 11:18:47,43.1304092407227,-8.47177791595459,"Unknown"
"7014857",371856,2025-11-16 11:28:46,43.1303863525391,-8.47189521789551,"Unknown"
"7014857",371856,2025-11-16 11:39:46,43.1330757141113,-8.46998023986816,"Unknown"
"7014857",371856,2025-11-16 11:48:45,43.1332130432129,-8.47042465209961,"Unknown"
"7014857",371856,2025-11-16 11:58:48,43.1333198547363,-8.47025108337402,"Unknown"
"7014857",371856,2025-11-16 12:08:46,43.1332092285156,-8.47001552581787,"Unknown"
"7014857",371856,2025-11-16 12:18:47,43.1330604553223,-8.46992301940918,"Unknown"
"7014857",371856,2025-11-16 12:28:46,43.1320495605469,-8.46936702728271,"Unknown"
"7014857",371856,2025-11-16 12:38:46,43.1313591003418,-8.47078418731689,"Unknown"
"7014857",371856,2025-11-16 12:48:54,43.1305732727051,-8.47009468078613,"Unknown"
"7014857",371856,2025-11-16 12:58:48,43.1306114196777,-8.47014045715332,"Unknown"
"7014857",371856,2025-11-16 13:08:47,43.130542755127,-8.47001647949219,"Unknown"
"7014857",371856,2025-11-16 13:18:47,43.1305313110352,-8.46994686126709,"Unknown"
"7014857",371856,2025-11-16 13:28:52,43.130485534668,-8.46981334686279,"Unknown"
"7014857",371856,2025-11-16 13:38:56,43.1304092407227,-8.46965217590332,"Unknown"
"7014857",371856,2025-11-16 13:49:05,43.1304206848145,-8.46962547302246,"Unknown"
"7014857",371856,2025-11-16 13:58:45,43.132453918457,-8.46864414215088,"Unknown"
"7014857",371856,2025-11-16 14:08:46,43.1319885253906,-8.46835136413574,"Unknown"
"7014857",371856,2025-11-16 14:18:46,43.1321144104004,-8.46835994720459,"Unknown"
"7014857",371856,2025-11-16 14:28:46,43.1321220397949,-8.46829032897949,"Unknown"
"7014857",371856,2025-11-16 14:38:44,43.1321029663086,-8.46847438812256,"Unknown"
"7014857",371856,2025-11-16 14:48:46,43.1320457458496,-8.46842765808105,"Unknown"
"7014857",371856,2025-11-16 14:59:12,43.1321754455566,-8.46865081787109,"Unknown"
"7014857",371856,2025-11-16 15:08:53,43.1304244995117,-8.46921157836914,"Unknown"
"7014857",371856,2025-11-16 15:18:47,43.1303672790527,-8.46986198425293,"Unknown"
"7014857",371856,2025-11-16 15:28:47,43.1302108764648,-8.46987533569336,"Unknown"
"7014857",371856,2025-11-16 15:38:45,43.1301307678223,-8.46984481811523,"Unknown"
"7014857",371856,2025-11-16 15:48:47,43.1302375793457,-8.46990203857422,"Unknown"
"7014857",371856,2025-11-16 15:58:46,43.1303634643555,-8.47014904022217,"Unknown"
"7014857",371856,2025-11-16 16:08:45,43.1301689147949,-8.46973991394043,"Unknown"
"7014857",371856,2025-11-16 16:18:48,43.1301498413086,-8.46975231170654,"Unknown"
"7014857",371856,2025-11-16 16:29:05,43.1301498413086,-8.46962642669678,"Unknown"
"7014857",371856,2025-11-16 16:39:02,43.1302185058594,-8.46973133087158,"Unknown"
"7014857",371856,2025-11-16 16:48:47,43.1303062438965,-8.46963500976562,"Unknown"
"7014857",371856,2025-11-16 16:58:45,43.1303520202637,-8.46977424621582,"Unknown"
"7014857",371856,2025-11-16 17:08:48,43.1325531005859,-8.46856880187988,"Unknown"
"7014857",371856,2025-11-16 17:18:54,43.1512298583984,-8.45443534851074,"Unknown"
"7014857",371856,2025-11-16 17:28:48,43.1711387634277,-8.43882751464844,"Unknown"
"7014857",371856,2025-11-16 17:38:46,43.1712493896484,-8.43871402740479,"Unknown"
"7014857",371856,2025-11-16 17:49:00,43.171070098877,-8.43837070465088,"Unknown"
"7014857",371856,2025-11-16 22:49:15,43.1720886230469,-8.43862056732178,"Unknown"
"7014857",371856,2025-11-17 03:49:35,43.1718978881836,-8.43873596191406,"Unknown"
"7014857",371856,2025-11-17 05:49:48,43.1718406677246,-8.43867492675781,"Unknown"
"7014857",371856,2025-11-17 05:59:48,43.1717758178711,-8.43860054016113,"Unknown"
"7014857",371856,2025-11-17 06:09:48,43.1718139648438,-8.4386625289917,"Unknown"
"7014857",371856,2025-11-17 06:19:49,43.1717948913574,-8.43872261047363,"Unknown"
"7014857",371856,2025-11-17 06:29:48,43.1718444824219,-8.43872547149658,"Unknown"
"7014857",371856,2025-11-17 06:39:48,43.172046661377,-8.4384765625,"Unknown"
"7014857",371856,2025-11-17 06:49:48,43.1720886230469,-8.43843364715576,"Unknown"
"7014857",371856,2025-11-17 06:59:48,43.1719131469727,-8.43867588043213,"Unknown"
"7014857",371856,2025-11-17 07:09:48,43.171932220459,-8.43865871429443,"Unknown"
"7014857",371856,2025-11-17 07:19:48,43.1719779968262,-8.43875026702881,"Unknown"
"7014857",371856,2025-11-17 07:29:48,43.1721038818359,-8.43869400024414,"Unknown"
"7014857",371856,2025-11-17 07:39:48,43.1719512939453,-8.43877124786377,"Unknown"
"7014857",371856,2025-11-17 07:49:48,43.1716041564941,-8.44585514068604,"Unknown"
"7014857",371856,2025-11-17 07:59:49,43.1726112365723,-8.44564056396484,"Unknown"
"7014857",371856,2025-11-17 08:09:48,43.1724967956543,-8.44545078277588,"Unknown"
"7014857",371856,2025-11-17 08:19:51,43.1723327636719,-8.44524002075195,"Unknown"
"7014857",371856,2025-11-17 08:29:50,43.1727180480957,-8.44570446014404,"Unknown"
"7014857",371856,2025-11-17 08:39:48,43.1722602844238,-8.44503879547119,"Unknown"
"7014857",371856,2025-11-17 08:49:49,43.1708030700684,-8.43833160400391,"Unknown"
"7014857",371856,2025-11-17 08:59:48,43.1705894470215,-8.43803215026855,"Unknown"
"7014857",371856,2025-11-17 09:09:49,43.1706581115723,-8.43822765350342,"Unknown"
"7014857",371856,2025-11-17 09:19:49,43.1706848144531,-8.43801689147949,"Unknown"
"7014857",371856,2025-11-17 09:29:49,43.1706047058105,-8.43796348571777,"Unknown"
"7014857",371856,2025-11-17 09:39:48,43.1722640991211,-8.44428062438965,"Unknown"
"7014857",371856,2025-11-17 09:49:49,43.1724700927734,-8.44406890869141,"Unknown"
"7014857",371856,2025-11-17 09:59:49,43.1722946166992,-8.44392395019531,"Unknown"
"7014857",371856,2025-11-17 10:09:48,43.1722068786621,-8.4437952041626,"Unknown"
"7014857",371856,2025-11-17 10:19:50,43.172435760498,-8.44381904602051,"Unknown"
"7014857",371856,2025-11-17 10:29:49,43.172119140625,-8.44391250610352,"Unknown"
"7014857",371856,2025-11-17 10:39:49,43.1721229553223,-8.44401741027832,"Unknown"
"7014857",371856,2025-11-17 10:49:48,43.1720733642578,-8.44393920898438,"Unknown"
"7014857",371856,2025-11-17 10:59:49,43.1721343994141,-8.44398021697998,"Unknown"
"7014857",371856,2025-11-17 11:09:49,43.1721954345703,-8.44419002532959,"Unknown"
"7014857",371856,2025-11-17 11:19:49,43.1722984313965,-8.44405651092529,"Unknown"
"7014857",371856,2025-11-17 11:29:48,43.1723022460938,-8.44408702850342,"Unknown"
"7014857",371856,2025-11-17 11:39:49,43.1722755432129,-8.4439697265625,"Unknown"
"7014857",371856,2025-11-17 11:49:49,43.1722679138184,-8.44398498535156,"Unknown"
"7014857",371856,2025-11-17 11:59:49,43.1721076965332,-8.44432163238525,"Unknown"
"7014857",371856,2025-11-17 12:09:49,43.1722297668457,-8.44407367706299,"Unknown"
"7014857",371856,2025-11-17 12:19:48,43.1722145080566,-8.44411182403564,"Unknown"
"7014857",371856,2025-11-17 12:29:49,43.1722297668457,-8.44413471221924,"Unknown"
"7014857",371856,2025-11-17 12:39:49,43.1721954345703,-8.44411563873291,"Unknown"
"7014857",371856,2025-11-17 12:49:49,43.1723442077637,-8.44390296936035,"Unknown"
"7014857",371856,2025-11-17 12:59:49,43.1722831726074,-8.4438304901123,"Unknown"
"7014857",371856,2025-11-17 13:09:49,43.1723251342773,-8.44395637512207,"Unknown"
"7014857",371856,2025-11-17 13:19:49,43.1723976135254,-8.44390106201172,"Unknown"
"7014857",371856,2025-11-17 13:29:49,43.1722984313965,-8.44387722015381,"Unknown"
"7014857",371856,2025-11-17 13:39:49,43.1705741882324,-8.43758583068848,"Unknown"
"7014857",371856,2025-11-17 13:49:49,43.1717491149902,-8.44667625427246,"Unknown"
"7014857",371856,2025-11-17 13:59:49,43.1307563781738,-8.47171688079834,"Unknown"
"7014857",371856,2025-11-17 14:09:53,43.130542755127,-8.47207450866699,"Unknown"
"7014857",371856,2025-11-17 14:19:49,43.1304779052734,-8.471755027771,"Unknown"
"7014857",371856,2025-11-17 14:29:49,43.1304626464844,-8.47112369537354,"Unknown"
"7014857",371856,2025-11-17 14:39:49,43.1351165771484,-8.47035217285156,"Unknown"
"7014857",371856,2025-11-17 14:49:52,43.1340408325195,-8.47065544128418,"Unknown"
"7014857",371856,2025-11-17 14:59:49,43.1340522766113,-8.47057723999023,"Unknown"
"7014857",371856,2025-11-17 15:10:00,43.1341896057129,-8.47021675109863,"Unknown"
"7014857",371856,2025-11-17 15:19:54,43.1340560913086,-8.4706335067749,"Unknown"
"7014857",371856,2025-11-17 15:29:50,43.1338996887207,-8.4702844619751,"Unknown"
"7014857",371856,2025-11-17 15:39:50,43.1327857971191,-8.46840572357178,"Unknown"
"7014857",371856,2025-11-17 15:49:50,43.1329345703125,-8.46806335449219,"Unknown"
"7014857",371856,2025-11-17 15:59:50,43.1327705383301,-8.46841239929199,"Unknown"
"7014857",371856,2025-11-17 16:09:50,43.1326179504395,-8.46837425231934,"Unknown"
"7014857",371856,2025-11-17 16:19:52,43.1326103210449,-8.46875381469727,"Unknown"
"7014857",371856,2025-11-17 16:30:00,43.1327629089355,-8.46842670440674,"Unknown"
"7014857",371856,2025-11-17 16:40:03,43.1327896118164,-8.46849155426025,"Unknown"
"7014857",371856,2025-11-17 16:50:14,43.1329765319824,-8.46865367889404,"Unknown"
"7014857",371856,2025-11-17 16:59:51,43.1322784423828,-8.46950244903564,"Unknown"
"7014857",371856,2025-11-17 17:10:00,43.133373260498,-8.46880054473877,"Unknown"
"7014857",371856,2025-11-17 17:19:48,43.1421318054199,-8.46070575714111,"Unknown"
"7014857",371856,2025-11-17 17:29:50,43.172061920166,-8.43838787078857,"Unknown"
"7014857",371856,2025-11-17 17:39:48,43.1724243164062,-8.43848133087158,"Unknown"
"7014857",371856,2025-11-17 17:48:16,43.17236328125,-8.43831729888916,"Unknown"
"7014857",371856,2025-11-17 22:48:44,43.1719360351562,-8.43899059295654,"Unknown"
"7014857",371856,2025-11-18 03:48:32,43.1721572875977,-8.43847179412842,"Unknown"
"7014857",371856,2025-11-18 05:50:57,43.1716423034668,-8.44039249420166,"Unknown"
"7014857",371856,2025-11-18 06:00:52,43.1714057922363,-8.44016170501709,"Unknown"
"7014857",371856,2025-11-18 06:10:52,43.171501159668,-8.44025421142578,"Unknown"
"7014857",371856,2025-11-18 06:20:53,43.1714782714844,-8.44009971618652,"Unknown"
"7014857",371856,2025-11-18 06:31:03,43.1719856262207,-8.439866065979,"Unknown"
"7014857",371856,2025-11-18 06:41:14,43.1715850830078,-8.44038772583008,"Unknown"
"7014857",371856,2025-11-18 06:50:59,43.1714744567871,-8.44028759002686,"Unknown"
"7014857",371856,2025-11-18 07:01:03,43.1714363098145,-8.44021987915039,"Unknown"
"7014857",371856,2025-11-18 07:10:59,43.1717224121094,-8.44008827209473,"Unknown"
"7014857",371856,2025-11-18 07:21:00,43.1728057861328,-8.43793201446533,"Unknown"
"7014857",371856,2025-11-18 07:31:06,43.1730575561523,-8.43753910064697,"Unknown"
"7014857",371856,2025-11-18 07:41:14,43.1731147766113,-8.43772888183594,"Unknown"
"7014857",371856,2025-11-18 07:50:52,43.1731224060059,-8.43786907196045,"Unknown"
"7014857",371856,2025-11-18 08:00:54,43.1907157897949,-8.42646312713623,"Unknown"
"7014857",371856,2025-11-18 08:10:52,43.1729049682617,-8.43800163269043,"Unknown"
"7014857",371856,2025-11-18 08:20:54,43.1729278564453,-8.43784046173096,"Unknown"
"7014857",371856,2025-11-18 08:31:14,43.1729927062988,-8.43792152404785,"Unknown"
"7014857",371856,2025-11-18 08:41:02,43.1728553771973,-8.43792057037354,"Unknown"
"7014857",371856,2025-11-18 08:50:59,43.172966003418,-8.43787002563477,"Unknown"
"7014857",371856,2025-11-18 09:00:54,43.1730537414551,-8.43802452087402,"Unknown"
"7014857",371856,2025-11-18 09:10:55,43.172981262207,-8.43790245056152,"Unknown"
"7014857",371856,2025-11-18 09:21:14,43.1728973388672,-8.43782424926758,"Unknown"
"7014857",371856,2025-11-18 09:31:10,43.1728401184082,-8.43776226043701,"Unknown"
"7014857",371856,2025-11-18 09:41:14,43.1728553771973,-8.43775177001953,"Unknown"
"7014857",371856,2025-11-18 09:51:11,43.1728057861328,-8.43772792816162,"Unknown"
"7014857",371856,2025-11-18 10:01:23,43.1729736328125,-8.43789672851562,"Unknown"
"7014857",371856,2025-11-18 10:10:52,43.1729278564453,-8.43799209594727,"Unknown"
"7014857",371856,2025-11-18 10:20:53,43.1729583740234,-8.4379825592041,"Unknown"
"7014857",371856,2025-11-18 10:30:58,43.1728401184082,-8.43766498565674,"Unknown"
"7014857",371856,2025-11-18 10:40:54,43.1729316711426,-8.43795013427734,"Unknown"
"7014857",371856,2025-11-18 10:51:00,43.1727447509766,-8.43741035461426,"Unknown"
"7014857",371856,2025-11-18 11:01:13,43.1728820800781,-8.4382152557373,"Unknown"
"7014857",371856,2025-11-18 11:11:00,43.1728744506836,-8.43813610076904,"Unknown"
"7014857",371856,2025-11-18 11:21:03,43.1728363037109,-8.43809223175049,"Unknown"
"7014857",371856,2025-11-18 11:30:57,43.1725883483887,-8.43826961517334,"Unknown"
"7014857",371856,2025-11-18 11:40:54,43.1728019714355,-8.43773555755615,"Unknown"
"7014857",371856,2025-11-18 11:51:22,43.172794342041,-8.43791484832764,"Unknown"
"7014857",371856,2025-11-18 12:00:52,43.1725616455078,-8.43815612792969,"Unknown"
"7014857",371856,2025-11-18 12:10:53,43.1725654602051,-8.43809795379639,"Unknown"
"7014857",371856,2025-11-18 12:20:54,43.1728248596191,-8.43776607513428,"Unknown"
"7014857",371856,2025-11-18 12:30:52,43.1726722717285,-8.43807697296143,"Unknown"
"7014857",371856,2025-11-18 12:40:52,43.1726875305176,-8.43840026855469,"Unknown"
"7014857",371856,2025-11-18 12:50:53,43.1912269592285,-8.42103481292725,"Unknown"
"7014857",371856,2025-11-18 13:00:57,43.1945037841797,-8.42237663269043,"Unknown"
"7014857",371856,2025-11-18 13:10:55,43.2012138366699,-8.41768264770508,"Unknown"
"7014857",371856,2025-11-18 13:20:55,43.232494354248,-8.3950834274292,"Unknown"
"7014857",371856,2025-11-18 13:30:53,43.2757606506348,-8.37281227111816,"Unknown"
"7014857",371856,2025-11-18 13:40:53,43.3255348205566,-8.38656425476074,"Unknown"
"7014857",371856,2025-11-18 13:50:54,43.3426475524902,-8.44289779663086,"Unknown"
"7014857",371856,2025-11-18 14:01:07,43.339973449707,-8.45479106903076,"Unknown"
"7014857",371856,2025-11-18 14:10:55,43.3501052856445,-8.42398166656494,"Unknown"
"7014857",371856,2025-11-18 14:21:23,43.3523216247559,-8.42761707305908,"Unknown"
"7014857",371856,2025-11-18 14:30:52,43.3523330688477,-8.42762660980225,"Unknown"
"7014857",371856,2025-11-18 14:40:52,43.3523483276367,-8.42761516571045,"Unknown"
"7014857",371856,2025-11-18 14:50:56,43.3522148132324,-8.42729091644287,"Unknown"
"7014857",371856,2025-11-18 15:00:53,43.352367401123,-8.42775058746338,"Unknown"
"7014857",371856,2025-11-18 15:10:53,43.3522338867188,-8.42779541015625,"Unknown"
"7014857",371856,2025-11-18 15:21:01,43.3522262573242,-8.42766284942627,"Unknown"
"7014857",371856,2025-11-18 15:31:14,43.3523216247559,-8.42778015136719,"Unknown"
"7014857",371856,2025-11-18 15:41:01,43.352409362793,-8.42759227752686,"Unknown"
"7014857",371856,2025-11-18 15:50:52,43.3686332702637,-8.42170810699463,"Unknown"
"7014857",371856,2025-11-18 16:00:52,43.3717422485352,-8.42781066894531,"Unknown"
"7014857",371856,2025-11-18 16:10:53,43.3717727661133,-8.42779064178467,"Unknown"
"7014857",371856,2025-11-18 16:21:11,43.3719596862793,-8.42765522003174,"Unknown"
"7014857",371856,2025-11-18 16:30:51,43.3720512390137,-8.42752838134766,"Unknown"
"7014857",371856,2025-11-18 16:40:54,43.3718338012695,-8.42768669128418,"Unknown"
"7014857",371856,2025-11-18 16:51:14,43.3719787597656,-8.42765522003174,"Unknown"
"7014857",371856,2025-11-18 17:00:54,43.3723220825195,-8.4276762008667,"Unknown"
"7014857",371856,2025-11-18 17:11:01,43.3790740966797,-8.43034839630127,"Unknown"
"7014857",371856,2025-11-18 17:20:53,43.371410369873,-8.41094779968262,"Unknown"
"7014857",371856,2025-11-18 17:30:53,43.3657455444336,-8.37294292449951,"Unknown"
"7014857",371856,2025-11-18 17:40:54,43.3674468994141,-8.36382293701172,"Unknown"
"7014857",371856,2025-11-18 17:46:50,43.3672065734863,-8.36332035064697,"Unknown"
"7014857",371856,2025-11-18 22:46:48,43.391056060791,-8.28180694580078,"Unknown"
"7014857",371856,2025-11-19 03:46:46,43.3943710327148,-8.28666591644287,"Unknown"
"7014857",371856,2025-11-19 05:52:15,43.3944091796875,-8.28564453125,"Unknown"
"7014857",371856,2025-11-19 06:01:47,43.3944969177246,-8.28592491149902,"Unknown"
"7014857",371856,2025-11-19 06:11:47,43.3945121765137,-8.28603935241699,"Unknown"
"7014857",371856,2025-11-19 06:21:46,43.3945808410645,-8.28585243225098,"Unknown"
"7014857",371856,2025-11-19 06:31:47,43.3944549560547,-8.28609371185303,"Unknown"
"7014857",371856,2025-11-19 06:41:46,43.3944854736328,-8.28597736358643,"Unknown"
"7014857",371856,2025-11-19 06:52:14,43.3943176269531,-8.28612995147705,"Unknown"
"7014857",371856,2025-11-19 07:01:47,43.3942260742188,-8.28623390197754,"Unknown"
"7014857",371856,2025-11-19 07:11:46,43.3938407897949,-8.28680896759033,"Unknown"
"7014857",371856,2025-11-19 07:21:49,43.3936882019043,-8.28683853149414,"Unknown"
"7014857",371856,2025-11-19 07:31:46,43.3939476013184,-8.28686141967773,"Unknown"
"7014857",371856,2025-11-19 07:41:46,43.3940048217773,-8.28691577911377,"Unknown"
"7014857",371856,2025-11-19 07:51:46,43.3939208984375,-8.2868709564209,"Unknown"
"7014857",371856,2025-11-19 08:01:52,43.3855514526367,-8.29589462280273,"Unknown"
"7014857",371856,2025-11-19 08:11:48,43.3854141235352,-8.29589080810547,"Unknown"
"7014857",371856,2025-11-19 08:21:47,43.3856201171875,-8.29608535766602,"Unknown"
"7014857",371856,2025-11-19 08:31:47,43.3853454589844,-8.29580497741699,"Unknown"
"7014857",371856,2025-11-19 08:41:47,43.3852958679199,-8.2961483001709,"Unknown"
"7014857",371856,2025-11-19 08:51:51,43.3854598999023,-8.29606819152832,"Unknown"
"7014857",371856,2025-11-19 09:01:47,43.3852767944336,-8.29569721221924,"Unknown"
"7014857",371856,2025-11-19 09:11:46,43.3852577209473,-8.2957935333252,"Unknown"
"7014857",371856,2025-11-19 09:21:47,43.3852272033691,-8.29569530487061,"Unknown"
"7014857",371856,2025-11-19 09:31:47,43.3927383422852,-8.28367233276367,"Unknown"
"7014857",371856,2025-11-19 09:41:46,43.3928337097168,-8.28352355957031,"Unknown"
"7014857",371856,2025-11-19 09:51:47,43.3928833007812,-8.28340721130371,"Unknown"
"7014857",371856,2025-11-19 10:01:46,43.3928413391113,-8.28344535827637,"Unknown"
"7014857",371856,2025-11-19 10:11:46,43.3928833007812,-8.28333282470703,"Unknown"
"7014857",371856,2025-11-19 10:21:46,43.3928756713867,-8.28339290618896,"Unknown"
"7014857",371856,2025-11-19 10:31:47,43.3928260803223,-8.28336048126221,"Unknown"
"7014857",371856,2025-11-19 10:41:46,43.3928108215332,-8.28332901000977,"Unknown"
"7014857",371856,2025-11-19 10:51:46,43.3929138183594,-8.28334140777588,"Unknown"
"7014857",371856,2025-11-19 11:01:47,43.4109573364258,-8.28721046447754,"Unknown"
"7014857",371856,2025-11-19 11:11:46,43.4218292236328,-8.2902660369873,"Unknown"
"7014857",371856,2025-11-19 11:21:47,43.4260749816895,-8.29137420654297,"Unknown"
"7014857",371856,2025-11-19 11:32:23,43.4276237487793,-8.29068756103516,"Unknown"
"7014857",371856,2025-11-19 11:41:47,43.4303894042969,-8.30199241638184,"Unknown"
"7014857",371856,2025-11-19 11:51:47,43.4301872253418,-8.30135917663574,"Unknown"
"7014857",371856,2025-11-19 12:01:46,43.4304008483887,-8.30320930480957,"Unknown"
"7014857",371856,2025-11-19 12:11:46,43.4267616271973,-8.27720260620117,"Unknown"
"7014857",371856,2025-11-19 12:21:46,43.4269485473633,-8.2772855758667,"Unknown"
"7014857",371856,2025-11-19 12:31:46,43.4276695251465,-8.27715682983398,"Unknown"
"7014857",371856,2025-11-19 12:41:46,43.4277420043945,-8.27729797363281,"Unknown"
"7014857",371856,2025-11-19 12:51:46,43.4277038574219,-8.27719783782959,"Unknown"
"7014857",371856,2025-11-19 13:01:45,43.4275512695312,-8.27726459503174,"Unknown"
"7014857",371856,2025-11-19 13:11:45,43.4277000427246,-8.27729415893555,"Unknown"
"7014857",371856,2025-11-19 13:21:46,43.4277114868164,-8.27732467651367,"Unknown"
"7014857",371856,2025-11-19 13:31:45,43.4277000427246,-8.2775936126709,"Unknown"
"7014857",371856,2025-11-19 13:41:46,43.4280776977539,-8.27686786651611,"Unknown"
"7014857",371856,2025-11-19 13:51:47,43.4282531738281,-8.27669334411621,"Unknown"
"7014857",371856,2025-11-19 14:01:45,43.4283714294434,-8.27688026428223,"Unknown"
"7014857",371856,2025-11-19 14:11:49,43.427921295166,-8.27676105499268,"Unknown"
"7014857",371856,2025-11-19 14:21:47,43.442699432373,-8.31828880310059,"Unknown"
"7014857",371856,2025-11-19 14:31:51,43.4692573547363,-8.34353637695312,"Unknown"
"7014857",371856,2025-11-19 14:42:15,43.4917602539062,-8.31074237823486,"Unknown"
"7014857",371856,2025-11-19 14:52:53,43.4923248291016,-8.31779098510742,"Unknown"
"7014857",371856,2025-11-19 15:01:51,43.4966430664062,-8.31908988952637,"Unknown"
"7014857",371856,2025-11-19 15:11:48,43.4963798522949,-8.31898498535156,"Unknown"
"7014857",371856,2025-11-19 15:21:48,43.4963607788086,-8.31912612915039,"Unknown"
"7014857",371856,2025-11-19 15:31:48,43.4963111877441,-8.31920623779297,"Unknown"
"7014857",371856,2025-11-19 15:41:47,43.4963150024414,-8.31933403015137,"Unknown"
"7014857",371856,2025-11-19 15:51:49,43.4961891174316,-8.31934261322021,"Unknown"
"7014857",371856,2025-11-19 16:02:05,43.4641990661621,-8.33835124969482,"Unknown"
"7014857",371856,2025-11-19 16:11:45,43.462833404541,-8.32651805877686,"Unknown"
"7014857",371856,2025-11-19 16:21:54,43.4626502990723,-8.32649898529053,"Unknown"
"7014857",371856,2025-11-19 16:31:54,43.4626350402832,-8.32659244537354,"Unknown"
"7014857",371856,2025-11-19 16:42:03,43.4627418518066,-8.32654476165771,"Unknown"
"7014857",371856,2025-11-19 16:51:49,43.4625816345215,-8.32663345336914,"Unknown"
"7014857",371856,2025-11-19 17:01:47,43.4629173278809,-8.32661628723145,"Unknown"
"7014857",371856,2025-11-19 17:11:46,43.4620628356934,-8.32619667053223,"Unknown"
"7014857",371856,2025-11-19 17:21:46,43.4561996459961,-8.34284114837646,"Unknown"
"7014857",371856,2025-11-19 17:31:47,43.4761772155762,-8.39655208587646,"Unknown"
"7014857",371856,2025-11-19 17:41:46,43.4900588989258,-8.39724445343018,"Unknown"
"7014857",371856,2025-11-19 17:45:58,43.5123252868652,-8.41740226745605,"Unknown"
"7014857",371856,2025-11-19 22:46:26,43.3601303100586,-8.40041160583496,"Unknown"
"7014857",371856,2025-11-20 03:46:35,43.3629379272461,-8.40284156799316,"Unknown"
"7014857",371856,2025-11-20 05:53:44,43.3626518249512,-8.40395641326904,"Unknown"
"7014857",371856,2025-11-20 06:03:18,43.3622207641602,-8.40454864501953,"Unknown"
"7014857",371856,2025-11-20 06:13:22,43.3622207641602,-8.40431118011475,"Unknown"
"7014857",371856,2025-11-20 06:23:21,43.3618812561035,-8.40416145324707,"Unknown"
"7014857",371856,2025-11-20 06:33:21,43.3622779846191,-8.40370178222656,"Unknown"
"7014857",371856,2025-11-20 06:43:24,43.3630409240723,-8.40333366394043,"Unknown"
"7014857",371856,2025-11-20 06:53:44,43.3622665405273,-8.40370941162109,"Unknown"
"7014857",371856,2025-11-20 07:03:21,43.3621673583984,-8.40371799468994,"Unknown"
"7014857",371856,2025-11-20 07:13:25,43.3623199462891,-8.40378570556641,"Unknown"
"7014857",371856,2025-11-20 07:23:45,43.3621635437012,-8.40354251861572,"Unknown"
"7014857",371856,2025-11-20 07:33:22,43.362361907959,-8.40349578857422,"Unknown"
"7014857",371856,2025-11-20 07:43:44,43.3623313903809,-8.40375518798828,"Unknown"
"7014857",371856,2025-11-20 07:53:23,43.3625564575195,-8.40399169921875,"Unknown"
"7014857",371856,2025-11-20 08:03:35,43.3689002990723,-8.41634750366211,"Unknown"
"7014857",371856,2025-11-20 08:13:37,43.3687744140625,-8.4164342880249,"Unknown"
"7014857",371856,2025-11-20 08:23:31,43.368766784668,-8.41647338867188,"Unknown"
"7014857",371856,2025-11-20 08:33:53,43.3687934875488,-8.41629123687744,"Unknown"
"7014857",371856,2025-11-20 08:43:20,43.3686637878418,-8.41624641418457,"Unknown"
"7014857",371856,2025-11-20 08:53:20,43.3686180114746,-8.41652488708496,"Unknown"
"7014857",371856,2025-11-20 09:03:31,43.3687057495117,-8.41684722900391,"Unknown"
"7014857",371856,2025-11-20 09:13:22,43.3690338134766,-8.4163703918457,"Unknown"
"7014857",371856,2025-11-20 09:23:23,43.3688125610352,-8.41649341583252,"Unknown"
"7014857",371856,2025-11-20 09:33:31,43.3690299987793,-8.41596508026123,"Unknown"
"7014857",371856,2025-11-20 09:43:22,43.3687324523926,-8.4163122177124,"Unknown"
"7014857",371856,2025-11-20 09:53:23,43.3689079284668,-8.41625022888184,"Unknown"
"7014857",371856,2025-11-20 10:03:23,43.3689727783203,-8.4163293838501,"Unknown"
"7014857",371856,2025-11-20 10:13:47,43.3687744140625,-8.41617107391357,"Unknown"
"7014857",371856,2025-11-20 10:23:25,43.3687744140625,-8.41632270812988,"Unknown"
"7014857",371856,2025-11-20 10:33:25,43.3687362670898,-8.41662216186523,"Unknown"
"7014857",371856,2025-11-20 10:43:35,43.3688011169434,-8.41603565216064,"Unknown"
"7014857",371856,2025-11-20 10:53:30,43.3688888549805,-8.41658687591553,"Unknown"
"7014857",371856,2025-11-20 11:03:30,43.3688507080078,-8.41663551330566,"Unknown"
"7014857",371856,2025-11-20 11:13:43,43.3687286376953,-8.41654014587402,"Unknown"
"7014857",371856,2025-11-20 11:23:21,43.3693161010742,-8.41656684875488,"Unknown"
"7014857",371856,2025-11-20 11:33:22,43.3689041137695,-8.41652965545654,"Unknown"
"7014857",371856,2025-11-20 11:43:22,43.3688316345215,-8.41645336151123,"Unknown"
"7014857",371856,2025-11-20 11:53:51,43.3707466125488,-8.41773700714111,"Unknown"
"7014857",371856,2025-11-20 12:03:47,43.3787002563477,-8.42162227630615,"Unknown"
"7014857",371856,2025-11-20 12:13:44,43.378532409668,-8.42496204376221,"Unknown"
"7014857",371856,2025-11-20 12:23:29,43.3770942687988,-8.45290851593018,"Unknown"
"7014857",371856,2025-11-20 12:33:23,43.3773384094238,-8.45268630981445,"Unknown"
"7014857",371856,2025-11-20 12:43:22,43.3582305908203,-8.46705627441406,"Unknown"
"7014857",371856,2025-11-20 12:53:44,43.3569450378418,-8.51896381378174,"Unknown"
"7014857",371856,2025-11-20 13:03:28,43.3517990112305,-8.51196479797363,"Unknown"
"7014857",371856,2025-11-20 13:13:44,43.3520431518555,-8.51179695129395,"Unknown"
"7014857",371856,2025-11-20 13:23:32,43.3516159057617,-8.51078701019287,"Unknown"
"7014857",371856,2025-11-20 13:33:52,43.3513679504395,-8.51047706604004,"Unknown"
"7014857",371856,2025-11-20 13:43:19,43.3512420654297,-8.51080131530762,"Unknown"
"7014857",371856,2025-11-20 13:53:43,43.3558807373047,-8.5106954574585,"Unknown"
"7014857",371856,2025-11-20 14:03:53,43.3698616027832,-8.45255756378174,"Unknown"
"7014857",371856,2025-11-20 14:13:17,43.4036026000977,-8.39145946502686,"Unknown"
"7014857",371856,2025-11-20 14:23:18,43.4081077575684,-8.38360404968262,"Unknown"
"7014857",371856,2025-11-20 14:33:18,43.4088668823242,-8.39039039611816,"Unknown"
"7014857",371856,2025-11-20 14:43:18,43.4061660766602,-8.39166164398193,"Unknown"
"7014857",371856,2025-11-20 14:53:20,43.4056625366211,-8.39084243774414,"Unknown"
"7014857",371856,2025-11-20 15:03:20,43.4054183959961,-8.38838958740234,"Unknown"
"7014857",371856,2025-11-20 15:13:19,43.382755279541,-8.410475730896,"Unknown"
"7014857",371856,2025-11-20 15:23:28,43.3730773925781,-8.42053699493408,"Unknown"
"7014857",371856,2025-11-20 15:33:31,43.3731994628906,-8.420241355896,"Unknown"
"7014857",371856,2025-11-20 15:43:20,43.3729629516602,-8.42001342773438,"Unknown"
"7014857",371856,2025-11-20 15:53:21,43.3729858398438,-8.42013645172119,"Unknown"
"7014857",371856,2025-11-20 16:03:45,43.3731155395508,-8.42050647735596,"Unknown"
"7014857",371856,2025-11-20 16:13:23,43.3732147216797,-8.42053413391113,"Unknown"
"7014857",371856,2025-11-20 16:23:18,43.377326965332,-8.45294380187988,"Unknown"
"7014857",371856,2025-11-20 16:33:23,43.3775329589844,-8.45291233062744,"Unknown"
"7014857",371856,2025-11-20 16:43:24,43.377326965332,-8.45292854309082,"Unknown"
"7014857",371856,2025-11-20 16:53:45,43.3796043395996,-8.43556022644043,"Unknown"
"7014857",371856,2025-11-20 17:03:27,43.3602447509766,-8.40279102325439,"Unknown"
"7014857",371856,2025-11-20 17:13:25,43.3600044250488,-8.40280818939209,"Unknown"
"7014857",371856,2025-11-20 17:23:23,43.3602066040039,-8.40289306640625,"Unknown"
"7014857",371856,2025-11-20 17:33:35,43.3600883483887,-8.40275478363037,"Unknown"
"7014857",371856,2025-11-20 17:45:45,43.3604316711426,-8.40272045135498,"Unknown"
"7014857",371856,2025-11-20 22:46:28,43.3611145019531,-8.40346336364746,"Unknown"
"7014857",371856,2025-11-21 03:45:45,43.3619117736816,-8.40348339080811,"Unknown"
"7014857",371856,2025-11-21 05:54:06,43.3632011413574,-8.40431594848633,"Unknown"
"7014857",371856,2025-11-21 06:03:40,43.3631858825684,-8.40435886383057,"Unknown"
"7014857",371856,2025-11-21 06:13:40,43.3630867004395,-8.4044017791748,"Unknown"
"7014857",371856,2025-11-21 06:23:42,43.3945655822754,-8.43755531311035,"Unknown"
"7014857",371856,2025-11-21 06:33:41,43.3947639465332,-8.43900108337402,"Unknown"
"7014857",371856,2025-11-21 06:43:42,43.3946876525879,-8.44047451019287,"Unknown"
"7014857",371856,2025-11-21 06:53:43,43.3946800231934,-8.44219970703125,"Unknown"
"7014857",371856,2025-11-21 07:03:41,43.3945541381836,-8.44352436065674,"Unknown"
"7014857",371856,2025-11-21 07:13:42,43.4094657897949,-8.43626022338867,"Unknown"
"7014857",371856,2025-11-21 07:23:43,43.4093284606934,-8.38995552062988,"Unknown"
"7014857",371856,2025-11-21 07:33:41,43.3913154602051,-8.39883995056152,"Unknown"
"7014857",371856,2025-11-21 07:43:45,43.3822364807129,-8.40388298034668,"Unknown"
"7014857",371856,2025-11-21 07:53:54,43.3819351196289,-8.40582180023193,"Unknown"
"7014857",371856,2025-11-21 08:03:48,43.3772888183594,-8.41763210296631,"Unknown"
"7014857",371856,2025-11-21 08:14:05,43.3662643432617,-8.45709419250488,"Unknown"
"7014857",371856,2025-11-21 08:23:42,43.3528594970703,-8.49349308013916,"Unknown"
"7014857",371856,2025-11-21 08:33:45,43.3312454223633,-8.51208114624023,"Unknown"
"7014857",371856,2025-11-21 08:43:48,43.3316116333008,-8.51214218139648,"Unknown"
"7014857",371856,2025-11-21 08:53:48,43.3315811157227,-8.51185989379883,"Unknown"
"7014857",371856,2025-11-21 09:03:52,43.3321914672852,-8.51134967803955,"Unknown"
"7014857",371856,2025-11-21 09:13:43,43.3315696716309,-8.51188278198242,"Unknown"
"7014857",371856,2025-11-21 09:23:44,43.3315238952637,-8.51190185546875,"Unknown"
"7014857",371856,2025-11-21 09:33:48,43.3315238952637,-8.51190662384033,"Unknown"
"7014857",371856,2025-11-21 09:44:05,43.3304214477539,-8.51180934906006,"Unknown"
"7014857",371856,2025-11-21 09:53:41,43.3305778503418,-8.51186084747314,"Unknown"
"7014857",371856,2025-11-21 10:03:41,43.3303184509277,-8.51181125640869,"Unknown"
"7014857",371856,2025-11-21 10:13:41,43.3304862976074,-8.51193237304688,"Unknown"
"7014857",371856,2025-11-21 10:23:42,43.3341979980469,-8.51200771331787,"Unknown"
"7014857",371856,2025-11-21 10:33:42,43.3342208862305,-8.5119686126709,"Unknown"
"7014857",371856,2025-11-21 10:43:43,43.3341484069824,-8.51183319091797,"Unknown"
"7014857",371856,2025-11-21 10:53:42,43.334228515625,-8.51198291778564,"Unknown"
"7014857",371856,2025-11-21 11:03:44,43.3342590332031,-8.51194095611572,"Unknown"
"7014857",371856,2025-11-21 11:13:43,43.3343048095703,-8.51166439056396,"Unknown"
"7014857",371856,2025-11-21 11:23:43,43.3345642089844,-8.51154708862305,"Unknown"
"7014857",371856,2025-11-21 11:33:49,43.3347663879395,-8.51113605499268,"Unknown"
"7014857",371856,2025-11-21 11:43:41,43.3374176025391,-8.5143518447876,"Unknown"
"7014857",371856,2025-11-21 11:53:43,43.3498916625977,-8.51834487915039,"Unknown"
"7014857",371856,2025-11-21 12:03:43,43.35009765625,-8.51824760437012,"Unknown"
"7014857",371856,2025-11-21 12:13:52,43.3501358032227,-8.5180492401123,"Unknown"
"7014857",371856,2025-11-21 12:24:05,43.3500175476074,-8.51812076568604,"Unknown"
"7014857",371856,2025-11-21 12:33:40,43.3500175476074,-8.51822185516357,"Unknown"
"7014857",371856,2025-11-21 12:43:40,43.3499603271484,-8.51825714111328,"Unknown"
"7014857",371856,2025-11-21 12:53:40,43.3499412536621,-8.51833057403564,"Unknown"
"7014857",371856,2025-11-21 13:03:44,43.349983215332,-8.51825714111328,"Unknown"
"7014857",371856,2025-11-21 13:13:42,43.3499031066895,-8.51828575134277,"Unknown"
"7014857",371856,2025-11-21 13:23:43,43.3500099182129,-8.51821804046631,"Unknown"
"7014857",371856,2025-11-21 13:33:43,43.3500938415527,-8.51838874816895,"Unknown"
"7014857",371856,2025-11-21 13:43:50,43.3500442504883,-8.51830577850342,"Unknown"
"7014857",371856,2025-11-21 13:54:03,43.3499984741211,-8.51824855804443,"Unknown"
"7014857",371856,2025-11-21 14:04:06,43.3500518798828,-8.51819515228271,"Unknown"
"7014857",371856,2025-11-21 14:13:41,43.3501014709473,-8.51811504364014,"Unknown"
"7014857",371856,2025-11-21 14:23:43,43.3501052856445,-8.51828098297119,"Unknown"
"7014857",371856,2025-11-21 14:33:41,43.3563575744629,-8.51342582702637,"Unknown"
"7014857",371856,2025-11-21 14:45:04,43.3716278076172,-8.47334289550781,"Unknown"
"7014857",371856,2025-11-21 14:53:46,43.3805885314941,-8.4554500579834,"Unknown"
"7014857",371856,2025-11-21 15:03:42,43.3915634155273,-8.42768096923828,"Unknown"
"7014857",371856,2025-11-21 15:13:47,43.4037322998047,-8.40234851837158,"Unknown"
"7014857",371856,2025-11-21 15:23:43,43.4100227355957,-8.38933086395264,"Unknown"
"7014857",371856,2025-11-21 15:33:40,43.4466819763184,-8.37740612030029,"Unknown"
"7014857",371856,2025-11-21 15:43:42,43.4857368469238,-8.36312007904053,"Unknown"
"7014857",371856,2025-11-21 15:53:43,43.4942016601562,-8.35402965545654,"Unknown"
"7014857",371856,2025-11-21 16:03:43,43.4951171875,-8.35356044769287,"Unknown"
"7014857",371856,2025-11-21 16:13:41,43.5085563659668,-8.38221740722656,"Unknown"
"7014857",371856,2025-11-21 16:23:41,43.513500213623,-8.43011379241943,"Unknown"
"7014857",371856,2025-11-21 16:33:49,43.5131454467773,-8.44396114349365,"Unknown"
"7014857",371856,2025-11-21 16:43:48,43.5072746276855,-8.47679805755615,"Unknown"
"7014857",371856,2025-11-21 16:53:50,43.4718399047852,-8.52510452270508,"Unknown"
"7014857",371856,2025-11-21 17:03:42,43.4666481018066,-8.53850746154785,"Unknown"
"7014857",371856,2025-11-21 17:13:46,43.4467086791992,-8.50490379333496,"Unknown"
"7014857",371856,2025-11-21 17:23:42,43.4410972595215,-8.51897811889648,"Unknown"
"7014857",371856,2025-11-21 17:33:46,43.4734268188477,-8.52758026123047,"Unknown"
"7014857",371856,2025-11-21 17:45:12,43.5159454345703,-8.52928066253662,"Unknown"
"7014857",371856,2025-11-21 22:45:08,43.4903602600098,-8.74515724182129,"Unknown"
"7014857",371856,2025-11-22 03:45:12,43.5202026367188,-8.80442905426025,"Unknown"
"7014857",371856,2025-11-22 05:55:48,43.5315780639648,-8.81361484527588,"Unknown"
"7014857",371856,2025-11-22 06:05:46,43.5323600769043,-8.81422519683838,"Unknown"
"7014857",371856,2025-11-22 06:15:46,43.533016204834,-8.81473445892334,"Unknown"
"7014857",371856,2025-11-22 06:25:46,43.5340118408203,-8.81507873535156,"Unknown"
"7014857",371856,2025-11-22 06:35:46,43.5352516174316,-8.81567764282227,"Unknown"
"7014857",371856,2025-11-22 06:45:47,43.5363998413086,-8.81608486175537,"Unknown"
"7014857",371856,2025-11-22 06:55:47,43.5221824645996,-8.84384346008301,"Unknown"
"7014857",371856,2025-11-22 07:05:46,43.5217475891113,-8.88478183746338,"Unknown"
"7014857",371856,2025-11-22 07:15:45,43.4940528869629,-8.88639545440674,"Unknown"
"7014857",371856,2025-11-22 07:25:45,43.4604606628418,-8.88395309448242,"Unknown"
"7014857",371856,2025-11-22 07:35:45,43.4232025146484,-8.87605476379395,"Unknown"
"7014857",371856,2025-11-22 07:45:45,43.385814666748,-8.86493587493896,"Unknown"
"7014857",371856,2025-11-22 07:55:46,43.3612327575684,-8.85215091705322,"Unknown"
"7014857",371856,2025-11-22 08:05:45,43.351921081543,-8.85229873657227,"Unknown"
"7014857",371856,2025-11-22 08:15:45,43.3201065063477,-8.84624195098877,"Unknown"
"7014857",371856,2025-11-22 08:25:45,43.3202629089355,-8.8460578918457,"Unknown"
"7014857",371856,2025-11-22 08:35:46,43.3201446533203,-8.84558200836182,"Unknown"
"7014857",371856,2025-11-22 08:45:45,43.3382530212402,-8.84959316253662,"Unknown"
"7014857",371856,2025-11-22 08:55:47,43.3473014831543,-8.79350852966309,"Unknown"
"7014857",371856,2025-11-22 09:05:48,43.3447151184082,-8.71623229980469,"Unknown"
"7014857",371856,2025-11-22 09:15:45,43.3238143920898,-8.69439888000488,"Unknown"
"7014857",371856,2025-11-22 09:25:46,43.3168258666992,-8.69565773010254,"Unknown"
"7014857",371856,2025-11-22 09:35:46,43.2918663024902,-8.69714546203613,"Unknown"
"7014857",371856,2025-11-22 09:45:46,43.2919273376465,-8.69682788848877,"Unknown"
"7014857",371856,2025-11-22 09:55:48,43.2931861877441,-8.69760608673096,"Unknown"
"7014857",371856,2025-11-22 10:05:48,43.2931365966797,-8.69790458679199,"Unknown"
"7014857",371856,2025-11-22 10:15:48,43.2929191589355,-8.69824981689453,"Unknown"
"7014857",371856,2025-11-22 10:25:46,43.2931251525879,-8.69810771942139,"Unknown"
"7014857",371856,2025-11-22 10:35:45,43.2934417724609,-8.69808673858643,"Unknown"
"7014857",371856,2025-11-22 10:45:45,43.2940902709961,-8.69644927978516,"Unknown"
"7014857",371856,2025-11-22 10:55:45,43.293628692627,-8.69581890106201,"Unknown"
"7014857",371856,2025-11-22 11:05:48,43.293327331543,-8.69686031341553,"Unknown"
"7014857",371856,2025-11-22 11:15:49,43.2933692932129,-8.69548034667969,"Unknown"
"7014857",371856,2025-11-22 11:25:47,43.2934379577637,-8.69632530212402,"Unknown"
"7014857",371856,2025-11-22 11:35:46,43.2936401367188,-8.69577789306641,"Unknown"
"7014857",371856,2025-11-22 11:45:47,43.2936248779297,-8.69592189788818,"Unknown"
"7014857",371856,2025-11-22 11:55:45,43.2935256958008,-8.69598960876465,"Unknown"
"7014857",371856,2025-11-22 12:05:47,43.2924156188965,-8.69976806640625,"Unknown"
"7014857",371856,2025-11-22 12:15:46,43.2935676574707,-8.69578170776367,"Unknown"
"7014857",371856,2025-11-22 12:25:46,43.2934799194336,-8.69571208953857,"Unknown"
"7014857",371856,2025-11-22 12:35:47,43.293285369873,-8.69623470306396,"Unknown"
"7014857",371856,2025-11-22 12:45:45,43.293399810791,-8.69626426696777,"Unknown"
"7014857",371856,2025-11-22 12:55:48,43.2936325073242,-8.69632625579834,"Unknown"
"7014857",371856,2025-11-22 13:05:53,43.2928619384766,-8.69620704650879,"Unknown"
"7014857",371856,2025-11-22 13:15:46,43.2933502197266,-8.69568729400635,"Unknown"
"7014857",371856,2025-11-22 13:25:46,43.293327331543,-8.69514656066895,"Unknown"
"7014857",371856,2025-11-22 13:35:49,43.2933692932129,-8.69552803039551,"Unknown"
"7014857",371856,2025-11-22 13:45:53,43.2926025390625,-8.69687366485596,"Unknown"
"7014857",371856,2025-11-22 13:55:45,43.2927627563477,-8.69697666168213,"Unknown"
"7014857",371856,2025-11-22 14:05:47,43.2920875549316,-8.69709777832031,"Unknown"
"7014857",371856,2025-11-22 14:15:45,43.2920913696289,-8.6971492767334,"Unknown"
"7014857",371856,2025-11-22 14:26:05,43.2922477722168,-8.69648456573486,"Unknown"
"7014857",371856,2025-11-22 14:35:46,43.3003196716309,-8.66062927246094,"Unknown"
"7014857",371856,2025-11-22 14:46:09,43.3210716247559,-8.59048271179199,"Unknown"
"7014857",371856,2025-11-22 14:55:47,43.3177604675293,-8.56933784484863,"Unknown"
"7014857",371856,2025-11-22 15:05:44,43.3161926269531,-8.53290271759033,"Unknown"
"7014857",371856,2025-11-22 15:15:44,43.3036079406738,-8.50915718078613,"Unknown"
"7014857",371856,2025-11-22 15:25:46,43.304027557373,-8.5082483291626,"Unknown"
"7014857",371856,2025-11-22 15:35:45,43.3040351867676,-8.50830078125,"Unknown"
"7014857",371856,2025-11-22 15:45:45,43.3039855957031,-8.50813770294189,"Unknown"
"7014857",371856,2025-11-22 15:55:45,43.2870559692383,-8.48838996887207,"Unknown"
"7014857",371856,2025-11-22 16:05:45,43.2923889160156,-8.47553253173828,"Unknown"
"7014857",371856,2025-11-22 16:15:48,43.3256607055664,-8.51072788238525,"Unknown"
"7014857",371856,2025-11-22 16:26:13,43.3399391174316,-8.51690483093262,"Unknown"
"7014857",371856,2025-11-22 16:35:45,43.3591537475586,-8.50910758972168,"Unknown"
"7014857",371856,2025-11-22 16:45:55,43.3737182617188,-8.48829460144043,"Unknown"
"7014857",371856,2025-11-22 16:55:54,43.3738784790039,-8.48803329467773,"Unknown"
"7014857",371856,2025-11-22 17:05:54,43.3813591003418,-8.46126651763916,"Unknown"
"7014857",371856,2025-11-22 17:15:54,43.3884582519531,-8.454909324646,"Unknown"
"7014857",371856,2025-11-22 17:26:11,43.3865623474121,-8.45494747161865,"Unknown"
"7014857",371856,2025-11-22 17:35:51,43.386058807373,-8.45735168457031,"Unknown"
"7014857",371856,2025-11-22 17:44:26,43.3836441040039,-8.45796966552734,"Unknown"
"7014857",371856,2025-11-22 22:44:44,43.3593864440918,-8.40073490142822,"Unknown"
"7014857",371856,2025-11-23 03:44:46,43.3595314025879,-8.3997220993042,"Unknown"
"7014857",371856,2025-11-23 05:56:43,43.3594970703125,-8.39972686767578,"Unknown"
"7014857",371856,2025-11-23 06:06:44,43.3592720031738,-8.40045261383057,"Unknown"
"7014857",371856,2025-11-23 06:16:28,43.3599967956543,-8.39998722076416,"Unknown"
"7014857",371856,2025-11-23 06:26:29,43.3595771789551,-8.40026092529297,"Unknown"
"7014857",371856,2025-11-23 06:36:30,43.3598251342773,-8.40013313293457,"Unknown"
"7014857",371856,2025-11-23 06:46:44,43.3589134216309,-8.39969539642334,"Unknown"
"7014857",371856,2025-11-23 06:56:30,43.3593673706055,-8.40019512176514,"Unknown"
"7014857",371856,2025-11-23 07:06:36,43.3595390319824,-8.40030193328857,"Unknown"
"7014857",371856,2025-11-23 07:16:30,43.3595199584961,-8.40036487579346,"Unknown"
"7014857",371856,2025-11-23 07:26:27,43.3595352172852,-8.40027713775635,"Unknown"
"7014857",371856,2025-11-23 07:36:59,43.3593978881836,-8.40024089813232,"Unknown"
"7014857",371856,2025-11-23 07:46:34,43.3593826293945,-8.40099620819092,"Unknown"
"7014857",371856,2025-11-23 07:56:29,43.3498802185059,-8.40289402008057,"Unknown"
"7014857",371856,2025-11-23 08:06:26,43.3493919372559,-8.40217876434326,"Unknown"
"7014857",371856,2025-11-23 08:16:36,43.3337440490723,-8.40658187866211,"Unknown"
"7014857",371856,2025-11-23 08:26:37,43.3330574035645,-8.42943096160889,"Unknown"
"7014857",371856,2025-11-23 08:36:44,43.3320274353027,-8.43025207519531,"Unknown"
"7014857",371856,2025-11-23 08:46:25,43.3322219848633,-8.43025588989258,"Unknown"
"7014857",371856,2025-11-23 08:56:28,43.332332611084,-8.43048763275146,"Unknown"
"7014857",371856,2025-11-23 09:06:26,43.3312835693359,-8.43131446838379,"Unknown"
"7014857",371856,2025-11-23 09:16:25,43.3319244384766,-8.43065929412842,"Unknown"
"7014857",371856,2025-11-23 09:26:25,43.331729888916,-8.43050670623779,"Unknown"
"7014857",371856,2025-11-23 09:36:44,43.3317642211914,-8.43053722381592,"Unknown"
"7014857",371856,2025-11-23 09:46:33,43.3316955566406,-8.43056488037109,"Unknown"
"7014857",371856,2025-11-23 09:56:30,43.3314514160156,-8.43038940429688,"Unknown"
"7014857",371856,2025-11-23 10:06:28,43.3320732116699,-8.43142318725586,"Unknown"
"7014857",371856,2025-11-23 10:16:26,43.3317337036133,-8.43057250976562,"Unknown"
"7014857",371856,2025-11-23 10:26:26,43.3314971923828,-8.40315818786621,"Unknown"
"7014857",371856,2025-11-23 10:36:37,43.2920341491699,-8.38838481903076,"Unknown"
"7014857",371856,2025-11-23 10:46:44,43.2548027038574,-8.39840984344482,"Unknown"
"7014857",371856,2025-11-23 10:56:26,43.2284660339355,-8.38772487640381,"Unknown"
"7014857",371856,2025-11-23 11:06:25,43.2046432495117,-8.41488075256348,"Unknown"
"7014857",371856,2025-11-23 11:16:27,43.1739311218262,-8.44059658050537,"Unknown"
"7014857",371856,2025-11-23 11:26:25,43.1707420349121,-8.43832683563232,"Unknown"
"7014857",371856,2025-11-23 11:36:29,43.1672325134277,-8.45158004760742,"Unknown"
"7014857",371856,2025-11-23 11:46:59,43.1337242126465,-8.47391891479492,"Unknown"
"7014857",371856,2025-11-23 11:56:25,43.130298614502,-8.4711332321167,"Unknown"
"7014857",371856,2025-11-23 12:06:29,43.1320610046387,-8.4692850112915,"Unknown"
"7014857",371856,2025-11-23 12:16:28,43.1320266723633,-8.46917819976807,"Unknown"
"7014857",371856,2025-11-23 12:26:26,43.132266998291,-8.46913719177246,"Unknown"
"7014857",371856,2025-11-23 12:36:26,43.1320037841797,-8.46945667266846,"Unknown"
"7014857",371856,2025-11-23 12:46:36,43.1319541931152,-8.46881294250488,"Unknown"
"7014857",371856,2025-11-23 12:56:29,43.1317825317383,-8.46906089782715,"Unknown"
"7014857",371856,2025-11-23 13:06:27,43.131908416748,-8.46918964385986,"Unknown"
"7014857",371856,2025-11-23 13:16:26,43.131965637207,-8.46898651123047,"Unknown"
"7014857",371856,2025-11-23 13:26:44,43.1319160461426,-8.46804428100586,"Unknown"
"7014857",371856,2025-11-23 13:36:33,43.1318016052246,-8.46769142150879,"Unknown"
"7014857",371856,2025-11-23 13:46:26,43.129997253418,-8.46936511993408,"Unknown"
"7014857",371856,2025-11-23 13:56:49,43.1302642822266,-8.46987533569336,"Unknown"
"7014857",371856,2025-11-23 14:06:25,43.1302528381348,-8.47011184692383,"Unknown"
"7014857",371856,2025-11-23 14:16:25,43.1306991577148,-8.47103118896484,"Unknown"
"7014857",371856,2025-11-23 14:26:27,43.1299667358398,-8.47141361236572,"Unknown"
"7014857",371856,2025-11-23 14:36:25,43.1314888000488,-8.46750164031982,"Unknown"
"7014857",371856,2025-11-23 14:46:44,43.1318092346191,-8.46798419952393,"Unknown"
"7014857",371856,2025-11-23 14:56:25,43.1319885253906,-8.46803092956543,"Unknown"
"7014857",371856,2025-11-23 15:06:26,43.1323547363281,-8.46771240234375,"Unknown"
"7014857",371856,2025-11-23 15:16:29,43.1321830749512,-8.46786022186279,"Unknown"
"7014857",371856,2025-11-23 15:26:26,43.1320343017578,-8.46793365478516,"Unknown"
"7014857",371856,2025-11-23 15:36:37,43.1319465637207,-8.46798419952393,"Unknown"
"7014857",371856,2025-11-23 15:46:38,43.1318206787109,-8.46798801422119,"Unknown"
"7014857",371856,2025-11-23 15:56:44,43.1317520141602,-8.46814155578613,"Unknown"
"7014857",371856,2025-11-23 16:06:37,43.1315727233887,-8.46790885925293,"Unknown"
"7014857",371856,2025-11-23 16:16:37,43.1313552856445,-8.46783542633057,"Unknown"
"7014857",371856,2025-11-23 16:26:41,43.1320610046387,-8.46797466278076,"Unknown"
"7014857",371856,2025-11-23 16:36:37,43.1322059631348,-8.46798801422119,"Unknown"
"7014857",371856,2025-11-23 16:46:45,43.1320915222168,-8.46800327301025,"Unknown"
"7014857",371856,2025-11-23 16:56:26,43.1412620544434,-8.46953010559082,"Unknown"
"7014857",371856,2025-11-23 17:06:28,43.1732406616211,-8.4377613067627,"Unknown"
"7014857",371856,2025-11-23 17:16:43,43.1731605529785,-8.43775749206543,"Unknown"
"7014857",371856,2025-11-23 17:26:25,43.1714477539062,-8.43835735321045,"Unknown"
"7014857",371856,2025-11-23 17:36:59,43.1712684631348,-8.43851566314697,"Unknown"
"7014857",371856,2025-11-23 17:43:43,43.1711921691895,-8.43869209289551,"Unknown"
"7014857",371856,2025-11-23 22:44:05,43.1711730957031,-8.43843364715576,"Unknown"
"7014857",371856,2025-11-24 03:44:05,43.1711730957031,-8.43860054016113,"Unknown"
"7014857",371856,2025-11-24 05:57:44,43.1711463928223,-8.43870639801025,"Unknown"
"7014857",371856,2025-11-24 06:07:13,43.1712379455566,-8.43888854980469,"Unknown"
"7014857",371856,2025-11-24 06:17:16,43.1712532043457,-8.43908882141113,"Unknown"
"7014857",371856,2025-11-24 06:27:31,43.1711616516113,-8.43875503540039,"Unknown"
"7014857",371856,2025-11-24 06:37:13,43.1711044311523,-8.4387035369873,"Unknown"
"7014857",371856,2025-11-24 06:47:15,43.1711349487305,-8.43867206573486,"Unknown"
"7014857",371856,2025-11-24 06:57:14,43.1711540222168,-8.43861865997314,"Unknown"
"7014857",371856,2025-11-24 07:07:13,43.1711616516113,-8.43863296508789,"Unknown"
"7014857",371856,2025-11-24 07:17:15,43.1711616516113,-8.43859672546387,"Unknown"
"7014857",371856,2025-11-24 07:27:13,43.1716995239258,-8.44643115997314,"Unknown"
"7014857",371856,2025-11-24 07:37:14,43.1718673706055,-8.44653034210205,"Unknown"
"7014857",371856,2025-11-24 07:47:13,43.1716842651367,-8.44655227661133,"Unknown"
"7014857",371856,2025-11-24 07:57:13,43.171630859375,-8.44656944274902,"Unknown"
"7014857",371856,2025-11-24 08:07:25,43.1716766357422,-8.44658660888672,"Unknown"
"7014857",371856,2025-11-24 08:17:35,43.171573638916,-8.4464054107666,"Unknown"
"7014857",371856,2025-11-24 08:27:17,43.1718368530273,-8.44647407531738,"Unknown"
"7014857",371856,2025-11-24 08:37:16,43.1716079711914,-8.4460973739624,"Unknown"
"7014857",371856,2025-11-24 08:47:17,43.1714210510254,-8.44574069976807,"Unknown"
"7014857",371856,2025-11-24 08:57:14,43.1715469360352,-8.44608592987061,"Unknown"
"7014857",371856,2025-11-24 09:07:14,43.1714477539062,-8.44616222381592,"Unknown"
"7014857",371856,2025-11-24 09:17:14,43.1717681884766,-8.44623184204102,"Unknown"
"7014857",371856,2025-11-24 09:27:15,43.1717491149902,-8.44607543945312,"Unknown"
"7014857",371856,2025-11-24 09:37:24,43.1773262023926,-8.47021865844727,"Unknown"
"7014857",371856,2025-11-24 09:47:16,43.1771583557129,-8.47017574310303,"Unknown"
"7014857",371856,2025-11-24 09:57:16,43.1773452758789,-8.47023582458496,"Unknown"
"7014857",371856,2025-11-24 10:07:35,43.1770935058594,-8.47024059295654,"Unknown"
"7014857",371856,2025-11-24 10:17:16,43.1772041320801,-8.47012138366699,"Unknown"
"7014857",371856,2025-11-24 10:27:14,43.1532859802246,-8.47736835479736,"Unknown"
"7014857",371856,2025-11-24 10:37:35,43.1326141357422,-8.46805763244629,"Unknown"
"7014857",371856,2025-11-24 10:47:25,43.1325454711914,-8.46814441680908,"Unknown"
"7014857",371856,2025-11-24 10:57:14,43.1303977966309,-8.47152996063232,"Unknown"
"7014857",371856,2025-11-24 11:07:35,43.1303253173828,-8.47152137756348,"Unknown"
"7014857",371856,2025-11-24 11:17:13,43.1303367614746,-8.47182846069336,"Unknown"
"7014857",371856,2025-11-24 11:27:13,43.1304397583008,-8.47140312194824,"Unknown"
"7014857",371856,2025-11-24 11:37:13,43.1304168701172,-8.47133731842041,"Unknown"
"7014857",371856,2025-11-24 11:47:12,43.1303939819336,-8.47120952606201,"Unknown"
"7014857",371856,2025-11-24 11:57:12,43.1303024291992,-8.47159767150879,"Unknown"
"7014857",371856,2025-11-24 12:07:12,43.1302185058594,-8.47174835205078,"Unknown"
"7014857",371856,2025-11-24 12:17:14,43.1303215026855,-8.4716272354126,"Unknown"
"7014857",371856,2025-11-24 12:27:14,43.1303253173828,-8.47160816192627,"Unknown"
"7014857",371856,2025-11-24 12:37:13,43.1303291320801,-8.47155666351318,"Unknown"
"7014857",371856,2025-11-24 12:47:13,43.1337776184082,-8.47239589691162,"Unknown"
"7014857",371856,2025-11-24 12:57:14,43.1307373046875,-8.46791934967041,"Unknown"
"7014857",371856,2025-11-24 13:07:13,43.1306648254395,-8.46798610687256,"Unknown"
"7014857",371856,2025-11-24 13:17:13,43.1317329406738,-8.46792507171631,"Unknown"
"7014857",371856,2025-11-24 13:27:13,43.1337928771973,-8.46896743774414,"Unknown"
"7014857",371856,2025-11-24 13:37:14,43.1336441040039,-8.46901798248291,"Unknown"
"7014857",371856,2025-11-24 13:47:13,43.1335372924805,-8.46904754638672,"Unknown"
"7014857",371856,2025-11-24 13:57:17,43.1336936950684,-8.46943759918213,"Unknown"
"7014857",371856,2025-11-24 14:07:16,43.1337242126465,-8.46938419342041,"Unknown"
"7014857",371856,2025-11-24 14:17:32,43.1339721679688,-8.46927261352539,"Unknown"
"7014857",371856,2025-11-24 14:27:13,43.1340408325195,-8.46928024291992,"Unknown"
"7014857",371856,2025-11-24 14:37:14,43.1329689025879,-8.47219848632812,"Unknown"
"7014857",371856,2025-11-24 14:47:16,43.1338500976562,-8.46982192993164,"Unknown"
"7014857",371856,2025-11-24 14:57:12,43.133861541748,-8.47037601470947,"Unknown"
"7014857",371856,2025-11-24 15:07:12,43.1310081481934,-8.46981334686279,"Unknown"
"7014857",371856,2025-11-24 15:17:13,43.129322052002,-8.47131538391113,"Unknown"
"7014857",371856,2025-11-24 15:27:14,43.1303176879883,-8.47190952301025,"Unknown"
"7014857",371856,2025-11-24 15:37:12,43.130428314209,-8.47181701660156,"Unknown"
"7014857",371856,2025-11-24 15:47:12,43.1303443908691,-8.47191047668457,"Unknown"
"7014857",371856,2025-11-24 15:57:13,43.1299247741699,-8.47103595733643,"Unknown"
"7014857",371856,2025-11-24 16:07:13,43.1304969787598,-8.47095203399658,"Unknown"
"7014857",371856,2025-11-24 16:17:33,43.1302719116211,-8.47153377532959,"Unknown"
"7014857",371856,2025-11-24 16:27:13,43.1583251953125,-8.46181583404541,"Unknown"
"7014857",371856,2025-11-24 16:37:15,43.1727600097656,-8.4376163482666,"Unknown"
"7014857",371856,2025-11-24 16:47:13,43.1728057861328,-8.43763637542725,"Unknown"
"7014857",371856,2025-11-24 16:57:14,43.1728248596191,-8.43767738342285,"Unknown"
"7014857",371856,2025-11-24 17:07:14,43.1727409362793,-8.43761825561523,"Unknown"
"7014857",371856,2025-11-24 17:17:14,43.1728324890137,-8.43777656555176,"Unknown"
"7014857",371856,2025-11-24 17:27:14,43.171257019043,-8.43882942199707,"Unknown"
"7014857",371856,2025-11-24 17:37:35,43.1711883544922,-8.43864059448242,"Unknown"
"7014857",371856,2025-11-24 17:43:42,43.1710433959961,-8.43863201141357,"Unknown"
"7014857",371856,2025-11-24 22:44:00,43.1716766357422,-8.44023990631104,"Unknown"
"7014857",371856,2025-11-25 03:43:59,43.1715202331543,-8.44044971466064,"Unknown"
"7014857",371856,2025-11-25 05:58:14,43.1715354919434,-8.44054412841797,"Unknown"
"7014857",371856,2025-11-25 06:07:54,43.1715698242188,-8.44047164916992,"Unknown"
"7014857",371856,2025-11-25 06:17:57,43.1714706420898,-8.44045448303223,"Unknown"
"7014857",371856,2025-11-25 06:28:00,43.1715927124023,-8.44052410125732,"Unknown"
"7014857",371856,2025-11-25 06:38:06,43.1715927124023,-8.44034671783447,"Unknown"
"7014857",371856,2025-11-25 06:48:14,43.1716003417969,-8.44039535522461,"Unknown"
"7014857",371856,2025-11-25 06:57:55,43.1715240478516,-8.44048690795898,"Unknown"
"7014857",371856,2025-11-25 07:08:03,43.1715698242188,-8.44048023223877,"Unknown"
"7014857",371856,2025-11-25 07:17:55,43.1716156005859,-8.44043064117432,"Unknown"
"7014857",371856,2025-11-25 07:28:07,43.1715850830078,-8.44054985046387,"Unknown"
"7014857",371856,2025-11-25 07:38:06,43.1730651855469,-8.4544620513916,"Unknown"
"7014857",371856,2025-11-25 07:48:14,43.1828269958496,-8.47349262237549,"Unknown"
"7014857",371856,2025-11-25 07:58:01,43.182544708252,-8.47437858581543,"Unknown"
"7014857",371856,2025-11-25 08:07:53,43.177677154541,-8.47053623199463,"Unknown"
"7014857",371856,2025-11-25 08:18:07,43.1795997619629,-8.47298908233643,"Unknown"
"7014857",371856,2025-11-25 08:27:54,43.1798439025879,-8.47327995300293,"Unknown"
"7014857",371856,2025-11-25 08:38:14,43.1792945861816,-8.47327995300293,"Unknown"
"7014857",371856,2025-11-25 08:48:14,43.1794395446777,-8.47367000579834,"Unknown"
"7014857",371856,2025-11-25 08:58:00,43.1567153930664,-8.475661277771,"Unknown"
"7014857",371856,2025-11-25 09:08:00,43.1301422119141,-8.47103118896484,"Unknown"
"7014857",371856,2025-11-25 09:18:05,43.1304016113281,-8.47142124176025,"Unknown"
"7014857",371856,2025-11-25 09:28:13,43.1303024291992,-8.47113132476807,"Unknown"
"7014857",371856,2025-11-25 09:37:59,43.1303062438965,-8.47115707397461,"Unknown"
"7014857",371856,2025-11-25 09:48:29,43.1333389282227,-8.46974468231201,"Unknown"
"7014857",371856,2025-11-25 09:57:54,43.1332473754883,-8.46973514556885,"Unknown"
"7014857",371856,2025-11-25 10:07:53,43.1328964233398,-8.46970748901367,"Unknown"
"7014857",371856,2025-11-25 10:17:55,43.1326026916504,-8.46951484680176,"Unknown"
"7014857",371856,2025-11-25 10:27:57,43.1330642700195,-8.46963977813721,"Unknown"
"7014857",371856,2025-11-25 10:37:54,43.1324844360352,-8.46951103210449,"Unknown"
"7014857",371856,2025-11-25 10:48:03,43.1330032348633,-8.4697437286377,"Unknown"
"7014857",371856,2025-11-25 10:57:55,43.1329650878906,-8.46963882446289,"Unknown"
"7014857",371856,2025-11-25 11:07:54,43.1335029602051,-8.46969413757324,"Unknown"
"7014857",371856,2025-11-25 11:17:55,43.1334457397461,-8.46972370147705,"Unknown"
"7014857",371856,2025-11-25 11:27:56,43.1333847045898,-8.469557762146,"Unknown"
"7014857",371856,2025-11-25 11:37:56,43.1333923339844,-8.4695520401001,"Unknown"
"7014857",371856,2025-11-25 11:47:58,43.1333999633789,-8.46950912475586,"Unknown"
"7014857",371856,2025-11-25 11:58:29,43.1332817077637,-8.46944236755371,"Unknown"
"7014857",371856,2025-11-25 12:07:54,43.1331520080566,-8.4694938659668,"Unknown"
"7014857",371856,2025-11-25 12:17:53,43.1337661743164,-8.46979331970215,"Unknown"
"7014857",371856,2025-11-25 12:27:53,43.1337432861328,-8.46968173980713,"Unknown"
"7014857",371856,2025-11-25 12:37:53,43.1337547302246,-8.46979713439941,"Unknown"
"7014857",371856,2025-11-25 12:47:53,43.133716583252,-8.46964931488037,"Unknown"
"7014857",371856,2025-11-25 12:57:56,43.1337242126465,-8.46974277496338,"Unknown"
"7014857",371856,2025-11-25 13:07:56,43.1337013244629,-8.46978282928467,"Unknown"
"7014857",371856,2025-11-25 13:17:56,43.1337623596191,-8.4698314666748,"Unknown"
"7014857",371856,2025-11-25 13:27:54,43.1339263916016,-8.46927356719971,"Unknown"
"7014857",371856,2025-11-25 13:37:54,43.1337776184082,-8.46924114227295,"Unknown"
"7014857",371856,2025-11-25 13:47:56,43.1338233947754,-8.4691686630249,"Unknown"
"7014857",371856,2025-11-25 13:57:56,43.1337928771973,-8.46920299530029,"Unknown"
"7014857",371856,2025-11-25 14:08:14,43.1340751647949,-8.46913528442383,"Unknown"
"7014857",371856,2025-11-25 14:18:09,43.1341781616211,-8.46907043457031,"Unknown"
"7014857",371856,2025-11-25 14:28:08,43.1340675354004,-8.46915531158447,"Unknown"
"7014857",371856,2025-11-25 14:37:54,43.1340408325195,-8.46914005279541,"Unknown"
"7014857",371856,2025-11-25 14:48:14,43.1339530944824,-8.46907520294189,"Unknown"
"7014857",371856,2025-11-25 14:58:00,43.1334037780762,-8.46901702880859,"Unknown"
"7014857",371856,2025-11-25 15:07:57,43.1338806152344,-8.46911811828613,"Unknown"
"7014857",371856,2025-11-25 15:18:07,43.1339912414551,-8.46905899047852,"Unknown"
"7014857",371856,2025-11-25 15:27:56,43.1337051391602,-8.4691333770752,"Unknown"
"7014857",371856,2025-11-25 15:37:57,43.1339263916016,-8.46911239624023,"Unknown"
"7014857",371856,2025-11-25 15:48:14,43.1324729919434,-8.46844673156738,"Unknown"
"7014857",371856,2025-11-25 15:58:06,43.1326103210449,-8.46840763092041,"Unknown"
"7014857",371856,2025-11-25 16:08:29,43.1324691772461,-8.46852874755859,"Unknown"
"7014857",371856,2025-11-25 16:17:53,43.1324844360352,-8.46842479705811,"Unknown"
"7014857",371856,2025-11-25 16:27:53,43.13818359375,-8.46554088592529,"Unknown"
"7014857",371856,2025-11-25 16:37:53,43.1715240478516,-8.43811416625977,"Unknown"
"7014857",371856,2025-11-25 16:47:54,43.1715698242188,-8.43814373016357,"Unknown"
"7014857",371856,2025-11-25 16:58:06,43.171688079834,-8.43793106079102,"Unknown"
"7014857",371856,2025-11-25 17:07:55,43.1725921630859,-8.43778800964355,"Unknown"
"7014857",371856,2025-11-25 17:17:57,43.1728820800781,-8.43816184997559,"Unknown"
"7014857",371856,2025-11-25 17:27:53,43.1714019775391,-8.43877696990967,"Unknown"
"7014857",371856,2025-11-25 17:37:56,43.1712913513184,-8.43863773345947,"Unknown"
"7014857",371856,2025-11-25 17:43:34,43.1712341308594,-8.43849277496338,"Unknown"
"7014857",371856,2025-11-25 22:43:35,43.1719284057617,-8.43974590301514,"Unknown"
"7014857",371856,2025-11-26 03:43:35,43.1714477539062,-8.43995666503906,"Unknown"
"7014857",371856,2025-11-26 05:59:15,43.1714744567871,-8.43993759155273,"Unknown"
"7014857",371856,2025-11-26 06:08:56,43.1716613769531,-8.44049072265625,"Unknown"
"7014857",371856,2025-11-26 06:18:58,43.1717109680176,-8.44062900543213,"Unknown"
"7014857",371856,2025-11-26 06:28:58,43.1715278625488,-8.43980407714844,"Unknown"
"7014857",371856,2025-11-26 06:39:07,43.1716918945312,-8.44026470184326,"Unknown"
"7014857",371856,2025-11-26 06:49:15,43.1715049743652,-8.43993949890137,"Unknown"
"7014857",371856,2025-11-26 06:58:54,43.1715240478516,-8.43997478485107,"Unknown"
"7014857",371856,2025-11-26 07:09:14,43.1715621948242,-8.44003486633301,"Unknown"
"7014857",371856,2025-11-26 07:18:54,43.1716003417969,-8.44098377227783,"Unknown"
"7014857",371856,2025-11-26 07:28:58,43.1715927124023,-8.44107913970947,"Unknown"
"7014857",371856,2025-11-26 07:38:55,43.1715087890625,-8.440993309021,"Unknown"
"7014857",371856,2025-11-26 07:49:36,43.1708450317383,-8.44760513305664,"Unknown"
"7014857",371856,2025-11-26 07:58:56,43.1306114196777,-8.47161769866943,"Unknown"
"7014857",371856,2025-11-26 08:08:57,43.1305770874023,-8.47150802612305,"Unknown"
"7014857",371856,2025-11-26 08:19:14,43.1304588317871,-8.47139549255371,"Unknown"
"7014857",371856,2025-11-26 08:28:54,43.1305084228516,-8.47096061706543,"Unknown"
"7014857",371856,2025-11-26 08:38:55,43.1301536560059,-8.4713830947876,"Unknown"
"7014857",371856,2025-11-26 08:49:14,43.1300926208496,-8.47200393676758,"Unknown"
"7014857",371856,2025-11-26 08:58:58,43.1296653747559,-8.47166156768799,"Unknown"
"7014857",371856,2025-11-26 09:09:03,43.129955291748,-8.47183322906494,"Unknown"
"7014857",371856,2025-11-26 09:18:58,43.1297874450684,-8.47134017944336,"Unknown"
"7014857",371856,2025-11-26 09:29:14,43.1301383972168,-8.47127914428711,"Unknown"
"7014857",371856,2025-11-26 09:38:54,43.1299018859863,-8.47197151184082,"Unknown"
"7014857",371856,2025-11-26 09:49:24,43.1303520202637,-8.47336101531982,"Unknown"
"7014857",371856,2025-11-26 09:59:06,43.1298332214355,-8.47164058685303,"Unknown"
"7014857",371856,2025-11-26 10:09:29,43.1299591064453,-8.47201919555664,"Unknown"
"7014857",371856,2025-11-26 10:18:54,43.1299858093262,-8.4721736907959,"Unknown"
"7014857",371856,2025-11-26 10:28:54,43.130054473877,-8.47170352935791,"Unknown"
"7014857",371856,2025-11-26 10:38:55,43.129955291748,-8.47161865234375,"Unknown"
"7014857",371856,2025-11-26 10:48:54,43.1336135864258,-8.4708080291748,"Unknown"
"7014857",371856,2025-11-26 10:59:03,43.1336250305176,-8.47027111053467,"Unknown"
"7014857",371856,2025-11-26 11:08:56,43.1337738037109,-8.47057437896729,"Unknown"
"7014857",371856,2025-11-26 11:18:55,43.1335754394531,-8.47031497955322,"Unknown"
"7014857",371856,2025-11-26 11:28:55,43.1335868835449,-8.47056579589844,"Unknown"
"7014857",371856,2025-11-26 11:38:56,43.1337356567383,-8.47062301635742,"Unknown"
"7014857",371856,2025-11-26 11:48:57,43.1334648132324,-8.47010898590088,"Unknown"
"7014857",371856,2025-11-26 11:58:57,43.1335868835449,-8.4704065322876,"Unknown"
"7014857",371856,2025-11-26 12:09:29,43.1335067749023,-8.47037220001221,"Unknown"
"7014857",371856,2025-11-26 12:18:54,43.1335868835449,-8.47031211853027,"Unknown"
"7014857",371856,2025-11-26 12:28:54,43.1334533691406,-8.47036361694336,"Unknown"
"7014857",371856,2025-11-26 12:38:54,43.1336517333984,-8.47048473358154,"Unknown"
"7014857",371856,2025-11-26 12:48:55,43.1335716247559,-8.47047519683838,"Unknown"
"7014857",371856,2025-11-26 12:58:54,43.1336555480957,-8.47054958343506,"Unknown"
"7014857",371856,2025-11-26 13:08:55,43.1326789855957,-8.47225570678711,"Unknown"
"7014857",371856,2025-11-26 13:18:56,43.1325340270996,-8.47246074676514,"Unknown"
"7014857",371856,2025-11-26 13:28:54,43.0964469909668,-8.49935054779053,"Unknown"
"7014857",371856,2025-11-26 13:39:01,43.0963096618652,-8.49972534179688,"Unknown"
"7014857",371856,2025-11-26 13:48:58,43.0990867614746,-8.49463748931885,"Unknown"
"7014857",371856,2025-11-26 13:59:14,43.1300659179688,-8.46991634368896,"Unknown"
"7014857",371856,2025-11-26 14:08:57,43.1299629211426,-8.46995449066162,"Unknown"
"7014857",371856,2025-11-26 14:18:54,43.130012512207,-8.46995449066162,"Unknown"
"7014857",371856,2025-11-26 14:28:55,43.129467010498,-8.47136688232422,"Unknown"
"7014857",371856,2025-11-26 14:38:56,43.1303977966309,-8.47166061401367,"Unknown"
"7014857",371856,2025-11-26 14:49:13,43.1304054260254,-8.4697265625,"Unknown"
"7014857",371856,2025-11-26 14:58:54,43.1303291320801,-8.4698429107666,"Unknown"
"7014857",371856,2025-11-26 15:08:57,43.1301879882812,-8.46971035003662,"Unknown"
"7014857",371856,2025-11-26 15:18:54,43.130298614502,-8.46985721588135,"Unknown"
"7014857",371856,2025-11-26 15:28:54,43.1304550170898,-8.46979141235352,"Unknown"
"7014857",371856,2025-11-26 15:38:55,43.1305046081543,-8.46974086761475,"Unknown"
"7014857",371856,2025-11-26 15:49:29,43.1304550170898,-8.46973514556885,"Unknown"
"7014857",371856,2025-11-26 15:59:03,43.1304168701172,-8.46972179412842,"Unknown"
"7014857",371856,2025-11-26 16:08:55,43.1304512023926,-8.469801902771,"Unknown"
"7014857",371856,2025-11-26 16:18:54,43.1710243225098,-8.43758678436279,"Unknown"
"7014857",371856,2025-11-26 16:28:55,43.1712684631348,-8.43775939941406,"Unknown"
"7014857",371856,2025-11-26 16:38:54,43.1709251403809,-8.43741703033447,"Unknown"
"7014857",371856,2025-11-26 16:48:56,43.1713943481445,-8.43786334991455,"Unknown"
"7014857",371856,2025-11-26 16:58:56,43.171085357666,-8.43756198883057,"Unknown"
"7014857",371856,2025-11-26 17:08:58,43.1703033447266,-8.43718147277832,"Unknown"
"7014857",371856,2025-11-26 17:19:03,43.1713409423828,-8.43813800811768,"Unknown"
"7014857",371856,2025-11-26 17:28:59,43.1714057922363,-8.43820476531982,"Unknown"
"7014857",371856,2025-11-26 17:39:14,43.1713333129883,-8.43814945220947,"Unknown"
"7014857",371856,2025-11-26 17:42:29,43.1713447570801,-8.43801498413086,"Unknown"
"7014857",371856,2025-11-26 22:42:46,43.1712608337402,-8.44040107727051,"Unknown"
"7014857",371856,2025-11-27 03:43:05,43.1713409423828,-8.44009304046631,"Unknown"
"7014857",371856,2025-11-27 06:00:35,43.1714096069336,-8.44013500213623,"Unknown"
"7014857",371856,2025-11-27 06:10:15,43.171501159668,-8.44011974334717,"Unknown"
"7014857",371856,2025-11-27 06:20:15,43.1714096069336,-8.4401330947876,"Unknown"
"7014857",371856,2025-11-27 06:30:15,43.1713218688965,-8.44008445739746,"Unknown"
"7014857",371856,2025-11-27 06:40:16,43.1713638305664,-8.4401683807373,"Unknown"
"7014857",371856,2025-11-27 06:50:15,43.1715507507324,-8.44011688232422,"Unknown"
"7014857",371856,2025-11-27 07:00:14,43.1714859008789,-8.4401330947876,"Unknown"
"7014857",371856,2025-11-27 07:10:23,43.1714782714844,-8.44016075134277,"Unknown"
"7014857",371856,2025-11-27 07:20:16,43.1714706420898,-8.4401388168335,"Unknown"
"7014857",371856,2025-11-27 07:30:16,43.172607421875,-8.44077491760254,"Unknown"
"7014857",371856,2025-11-27 07:40:22,43.184642791748,-8.47405815124512,"Unknown"
"7014857",371856,2025-11-27 07:50:24,43.1843490600586,-8.47233009338379,"Unknown"
"7014857",371856,2025-11-27 08:00:29,43.1773529052734,-8.47018241882324,"Unknown"
"7014857",371856,2025-11-27 08:10:26,43.1774978637695,-8.4699821472168,"Unknown"
"7014857",371856,2025-11-27 08:20:35,43.1772804260254,-8.47013854980469,"Unknown"
"7014857",371856,2025-11-27 08:30:35,43.1772727966309,-8.47016716003418,"Unknown"
"7014857",371856,2025-11-27 08:40:16,43.177116394043,-8.46987056732178,"Unknown"
"7014857",371856,2025-11-27 08:50:17,43.1772117614746,-8.47003650665283,"Unknown"
"7014857",371856,2025-11-27 09:00:15,43.1771850585938,-8.46974468231201,"Unknown"
"7014857",371856,2025-11-27 09:10:17,43.1771430969238,-8.47018718719482,"Unknown"
"7014857",371856,2025-11-27 09:20:22,43.1436767578125,-8.47088050842285,"Unknown"
"7014857",371856,2025-11-27 09:30:15,43.1306533813477,-8.47214317321777,"Unknown"
"7014857",371856,2025-11-27 09:40:44,43.130298614502,-8.46927261352539,"Unknown"
"7014857",371856,2025-11-27 09:50:35,43.130687713623,-8.47197914123535,"Unknown"
"7014857",371856,2025-11-27 10:00:14,43.1302795410156,-8.47233104705811,"Unknown"
"7014857",371856,2025-11-27 10:10:14,43.1300048828125,-8.47039794921875,"Unknown"
"7014857",371856,2025-11-27 10:20:14,43.1299438476562,-8.47119331359863,"Unknown"
"7014857",371856,2025-11-27 10:30:14,43.1300811767578,-8.47186660766602,"Unknown"
"7014857",371856,2025-11-27 10:40:14,43.1303062438965,-8.47114276885986,"Unknown"
"7014857",371856,2025-11-27 10:50:17,43.1304550170898,-8.47115421295166,"Unknown"
"7014857",371856,2025-11-27 11:00:17,43.1338768005371,-8.46896362304688,"Unknown"
"7014857",371856,2025-11-27 11:10:16,43.1335792541504,-8.4695291519165,"Unknown"
"7014857",371856,2025-11-27 11:20:18,43.1337547302246,-8.46924304962158,"Unknown"
"7014857",371856,2025-11-27 11:30:26,43.1335945129395,-8.46905326843262,"Unknown"
"7014857",371856,2025-11-27 11:40:20,43.1337013244629,-8.46927261352539,"Unknown"
"7014857",371856,2025-11-27 11:50:35,43.1336669921875,-8.46882343292236,"Unknown"
"7014857",371856,2025-11-27 12:00:15,43.1333236694336,-8.46864223480225,"Unknown"
"7014857",371856,2025-11-27 12:10:14,43.1335868835449,-8.46874046325684,"Unknown"
"7014857",371856,2025-11-27 12:20:53,43.133373260498,-8.46902084350586,"Unknown"
"7014857",371856,2025-11-27 12:30:18,43.1333770751953,-8.46909618377686,"Unknown"
"7014857",371856,2025-11-27 12:40:18,43.1333618164062,-8.4689769744873,"Unknown"
"7014857",371856,2025-11-27 12:50:18,43.1334457397461,-8.46895503997803,"Unknown"
"7014857",371856,2025-11-27 13:00:22,43.1333503723145,-8.46898174285889,"Unknown"
"7014857",371856,2025-11-27 13:10:39,43.1332740783691,-8.46893310546875,"Unknown"
"7014857",371856,2025-11-27 13:20:35,43.1333503723145,-8.46891593933105,"Unknown"
"7014857",371856,2025-11-27 13:30:35,43.133358001709,-8.46899890899658,"Unknown"
"7014857",371856,2025-11-27 13:40:17,43.1301956176758,-8.47189331054688,"Unknown"
"7014857",371856,2025-11-27 13:50:19,43.1302452087402,-8.47124576568604,"Unknown"
"7014857",371856,2025-11-27 14:00:44,43.133228302002,-8.46911811828613,"Unknown"
"7014857",371856,2025-11-27 14:10:18,43.1334342956543,-8.46923542022705,"Unknown"
"7014857",371856,2025-11-27 14:20:16,43.1333427429199,-8.46883296966553,"Unknown"
"7014857",371856,2025-11-27 14:30:15,43.133430480957,-8.46932792663574,"Unknown"
"7014857",371856,2025-11-27 14:40:44,43.1332473754883,-8.46912479400635,"Unknown"
"7014857",371856,2025-11-27 14:50:16,43.1331977844238,-8.46907424926758,"Unknown"
"7014857",371856,2025-11-27 15:00:18,43.1332664489746,-8.46897888183594,"Unknown"
"7014857",371856,2025-11-27 15:10:20,43.1327819824219,-8.4693603515625,"Unknown"
"7014857",371856,2025-11-27 15:20:22,43.1336364746094,-8.46874046325684,"Unknown"
"7014857",371856,2025-11-27 15:30:45,43.133358001709,-8.46858024597168,"Unknown"
"7014857",371856,2025-11-27 15:40:28,43.1333465576172,-8.46850776672363,"Unknown"
"7014857",371856,2025-11-27 15:50:44,43.1329002380371,-8.46866416931152,"Unknown"
"7014857",371856,2025-11-27 16:00:17,43.1339302062988,-8.47045803070068,"Unknown"
"7014857",371856,2025-11-27 16:10:22,43.1703643798828,-8.4379186630249,"Unknown"
"7014857",371856,2025-11-27 16:20:42,43.1704406738281,-8.43790531158447,"Unknown"
"7014857",371856,2025-11-27 16:31:26,43.1704139709473,-8.43782138824463,"Unknown"
"7014857",371856,2025-11-27 16:40:18,43.1705932617188,-8.43835163116455,"Unknown"
"7014857",371856,2025-11-27 16:50:35,43.1705894470215,-8.43845462799072,"Unknown"
"7014857",371856,2025-11-27 17:00:16,43.1705093383789,-8.43847274780273,"Unknown"
"7014857",371856,2025-11-27 17:10:18,43.17041015625,-8.43901824951172,"Unknown"
"7014857",371856,2025-11-27 17:20:24,43.1695556640625,-8.43848037719727,"Unknown"
"7014857",371856,2025-11-27 17:30:53,43.1706237792969,-8.43846702575684,"Unknown"
"7014857",371856,2025-11-27 17:41:45,43.1706352233887,-8.43832969665527,"Unknown"
"7014857",371856,2025-11-27 22:42:14,43.1715087890625,-8.44054222106934,"Unknown"
"7014857",371856,2025-11-28 03:42:13,43.1714859008789,-8.44029521942139,"Unknown"
"7014857",371856,2025-12-05 10:32:14,43.170768737793,-8.44510269165039,"Unknown"
"7014857",371856,2025-12-05 12:31:54,43.1707572937012,-8.44553089141846,"Unknown"
"7014857",371856,2025-12-05 14:32:06,43.1705627441406,-8.44291305541992,"Unknown"
"7014857",371856,2025-12-05 16:32:05,43.1706047058105,-8.44284057617188,"Unknown"
"7014857",371856,2025-12-05 17:39:58,43.1705436706543,-8.4426851272583,"Unknown"
"7014857",371856,2025-12-05 22:40:30,43.1705093383789,-8.44201183319092,"Unknown"
